timestamp,open,low,high,close,volume
2021-11-01 09:00:00,232,232,232,232,0
2021-11-01 09:01:00,232,232,232,232,0
2021-11-01 09:02:00,232,232,232,232,0
2021-11-01 09:03:00,232,232,232,232,0
2021-11-01 09:04:00,232,232,232,232,0
2021-11-01 09:05:00,232,232,232,232,0
2021-11-01 09:06:00,232,232,232,232,0
2021-11-01 09:07:00,232,232,232,232,0
2021-11-01 09:08:00,232,232,232,232,0
2021-11-01 09:09:00,232,232,232,232,0
2021-11-01 09:10:00,222,222,222,222,300
2021-11-01 09:11:00,222,222,222,222,0
2021-11-01 09:12:00,232,232,232,232,100
2021-11-01 09:13:00,232,232,232,232,100
2021-11-01 09:14:00,232,232,232,232,0
2021-11-01 09:15:00,232,232,232,232,0
2021-11-01 09:16:00,232,232,232,232,0
2021-11-01 09:17:00,232,232,232,232,0
2021-11-01 09:18:00,232,232,232,232,0
2021-11-01 09:19:00,232,232,232,232,600
2021-11-01 09:20:00,222,222,222,222,300
2021-11-01 09:21:00,222,222,222,222,0
2021-11-01 09:22:00,242,242,242,242,600
2021-11-01 09:23:00,242,242,242,242,400
2021-11-01 09:24:00,242,224,242,242,2100
2021-11-01 09:25:00,224,224,238,238,1100
2021-11-01 09:26:00,224,224,238,238,0
2021-11-01 09:27:00,238,238,238,238,400
2021-11-01 09:28:00,238,238,238,238,0
2021-11-01 09:29:00,238,238,238,238,0
2021-11-01 09:30:00,238,238,238,238,0
2021-11-01 09:31:00,226,226,226,226,600
2021-11-01 09:32:00,236,236,236,236,600
2021-11-01 09:33:00,236,236,236,236,600
2021-11-01 09:34:00,236,236,236,236,0
2021-11-01 09:35:00,234,234,236,236,1200
2021-11-01 09:36:00,224,224,234,234,1300
2021-11-01 09:37:00,226,226,226,226,700
2021-11-01 09:38:00,234,234,234,234,700
2021-11-01 09:39:00,226,226,226,226,700
2021-11-01 09:40:00,234,224,234,224,1700
2021-11-01 09:41:00,226,226,226,226,800
2021-11-01 09:42:00,226,226,226,226,0
2021-11-01 09:43:00,234,234,234,234,800
2021-11-01 09:44:00,226,224,226,224,4300
2021-11-01 09:45:00,226,224,226,224,0
2021-11-01 09:46:00,234,234,234,234,800
2021-11-01 09:47:00,224,224,224,224,800
2021-11-01 09:48:00,234,234,234,234,800
2021-11-01 09:49:00,224,224,224,224,800
2021-11-01 09:50:00,222,222,232,232,1300
2021-11-01 09:51:00,224,224,224,224,900
2021-11-01 09:52:00,232,232,232,232,900
2021-11-01 09:53:00,224,224,224,224,900
2021-11-01 09:54:00,232,232,232,232,900
2021-11-01 09:55:00,222,222,222,222,1000
2021-11-01 09:56:00,222,222,222,222,0
2021-11-01 09:57:00,222,222,222,222,0
2021-11-01 09:58:00,236,236,236,236,1000
2021-11-01 09:59:00,222,222,222,222,900
2021-11-01 10:00:00,226,226,230,230,300
2021-11-01 10:01:00,226,226,230,230,0
2021-11-01 10:02:00,222,222,230,230,1000
2021-11-01 10:03:00,222,222,230,230,0
2021-11-01 10:04:00,224,222,224,222,1100
2021-11-01 10:05:00,224,222,224,222,0
2021-11-01 10:06:00,232,232,232,232,900
2021-11-01 10:07:00,224,224,224,224,1000
2021-11-01 10:08:00,224,224,224,224,0
2021-11-01 10:09:00,232,232,232,232,1000
2021-11-01 10:10:00,224,224,224,224,1000
2021-11-01 10:11:00,232,232,232,232,1100
2021-11-01 10:12:00,224,224,224,224,1000
2021-11-01 10:13:00,232,224,232,224,2100
2021-11-01 10:14:00,232,224,232,224,0
2021-11-01 10:15:00,232,232,232,232,1000
2021-11-01 10:16:00,232,232,232,232,0
2021-11-01 10:17:00,232,232,232,232,0
2021-11-01 10:18:00,232,232,232,232,0
2021-11-01 10:19:00,232,232,232,232,0
2021-11-01 10:20:00,232,232,232,232,0
2021-11-01 10:21:00,232,232,232,232,0
2021-11-01 10:22:00,232,232,232,232,1200
2021-11-01 10:23:00,232,232,232,232,0
2021-11-01 10:24:00,224,224,224,224,1100
2021-11-01 10:25:00,224,224,224,224,0
2021-11-01 10:26:00,232,232,232,232,1100
2021-11-01 10:27:00,232,232,232,232,0
2021-11-01 10:28:00,224,224,224,224,1100
2021-11-01 10:29:00,224,224,232,232,2700
2021-11-01 10:30:00,224,224,232,232,0
2021-11-01 10:31:00,224,224,224,224,1200
2021-11-01 10:32:00,232,232,232,232,1200
2021-11-01 10:33:00,232,232,232,232,0
2021-11-01 10:34:00,224,224,224,224,1200
2021-11-01 10:35:00,224,224,224,224,0
2021-11-01 10:36:00,224,224,224,224,0
2021-11-01 10:37:00,224,224,224,224,0
2021-11-01 10:38:00,224,224,224,224,0
2021-11-01 10:39:00,232,232,232,232,1200
2021-11-01 10:40:00,232,232,232,232,0
2021-11-01 10:41:00,232,232,232,232,0
2021-11-01 10:42:00,232,232,232,232,0
2021-11-01 10:43:00,232,232,234,234,300
2021-11-01 10:44:00,232,232,234,234,0
2021-11-01 10:45:00,232,232,234,234,0
2021-11-01 10:46:00,232,232,234,234,0
2021-11-01 10:47:00,232,232,234,234,0
2021-11-01 10:48:00,224,224,224,224,1300
2021-11-01 10:49:00,224,224,224,224,0
2021-11-01 10:50:00,230,230,230,230,1300
2021-11-01 10:51:00,230,230,230,230,0
2021-11-01 10:52:00,224,224,224,224,1300
2021-11-01 10:53:00,224,224,224,224,0
2021-11-01 10:54:00,228,228,228,228,1300
2021-11-01 10:55:00,228,228,228,228,0
2021-11-01 10:56:00,228,228,228,228,0
2021-11-01 10:57:00,228,228,228,228,0
2021-11-01 10:58:00,228,228,228,228,0
2021-11-01 10:59:00,228,228,228,228,0
2021-11-01 11:00:00,228,228,228,228,0
2021-11-01 11:01:00,228,228,228,228,0
2021-11-01 11:02:00,228,228,228,228,0
2021-11-01 11:03:00,228,228,228,228,0
2021-11-01 11:04:00,228,228,228,228,0
2021-11-01 11:05:00,228,228,228,228,0
2021-11-01 11:06:00,228,228,228,228,0
2021-11-01 11:07:00,228,228,228,228,0
2021-11-01 11:08:00,228,228,228,228,0
2021-11-01 11:09:00,228,228,228,228,0
2021-11-01 11:10:00,228,228,228,228,0
2021-11-01 11:11:00,228,228,228,228,0
2021-11-01 11:12:00,228,228,228,228,0
2021-11-01 11:13:00,228,228,228,228,0
2021-11-01 11:14:00,228,228,228,228,0
2021-11-01 11:15:00,228,228,228,228,0
2021-11-01 11:16:00,228,228,228,228,0
2021-11-01 11:17:00,228,228,228,228,0
2021-11-01 11:18:00,228,228,228,228,0
2021-11-01 11:19:00,228,228,228,228,0
2021-11-01 11:20:00,228,228,228,228,0
2021-11-01 11:21:00,228,228,228,228,0
2021-11-01 11:22:00,228,228,228,228,0
2021-11-01 11:23:00,228,228,228,228,0
2021-11-01 11:24:00,228,228,228,228,0
2021-11-01 11:25:00,228,228,228,228,0
2021-11-01 11:26:00,228,228,228,228,0
2021-11-01 11:27:00,228,228,228,228,0
2021-11-01 11:28:00,228,228,228,228,0
2021-11-01 11:29:00,228,228,228,228,0
2021-11-01 11:30:00,228,228,228,228,0
2021-11-01 11:31:00,228,228,228,228,0
2021-11-01 11:32:00,228,228,228,228,0
2021-11-01 11:33:00,228,228,228,228,0
2021-11-01 11:34:00,228,228,228,228,0
2021-11-01 11:35:00,228,228,228,228,0
2021-11-01 11:36:00,228,228,228,228,0
2021-11-01 11:37:00,228,228,228,228,0
2021-11-01 11:38:00,228,228,228,228,0
2021-11-01 11:39:00,228,228,228,228,0
2021-11-01 11:40:00,228,228,228,228,0
2021-11-01 11:41:00,228,228,228,228,0
2021-11-01 11:42:00,228,228,228,228,0
2021-11-01 11:43:00,228,228,228,228,0
2021-11-01 11:44:00,228,228,228,228,0
2021-11-01 11:45:00,228,228,228,228,0
2021-11-01 11:46:00,228,228,228,228,0
2021-11-01 11:47:00,228,228,228,228,0
2021-11-01 11:48:00,228,228,228,228,0
2021-11-01 11:49:00,228,228,228,228,0
2021-11-01 11:50:00,228,228,228,228,0
2021-11-01 11:51:00,228,228,228,228,0
2021-11-01 11:52:00,228,228,228,228,0
2021-11-01 11:53:00,228,228,228,228,0
2021-11-01 11:54:00,228,228,228,228,0
2021-11-01 11:55:00,228,228,228,228,0
2021-11-01 11:56:00,228,228,228,228,0
2021-11-01 11:57:00,228,228,228,228,0
2021-11-01 11:58:00,228,228,228,228,0
2021-11-01 11:59:00,228,228,228,228,0
2021-11-01 12:00:00,228,228,228,228,0
2021-11-01 12:01:00,228,228,228,228,0
2021-11-01 12:02:00,228,228,228,228,0
2021-11-01 12:03:00,228,228,228,228,0
2021-11-01 12:04:00,228,228,228,228,0
2021-11-01 12:05:00,228,228,228,228,0
2021-11-01 12:06:00,228,228,228,228,0
2021-11-01 12:07:00,228,228,228,228,0
2021-11-01 12:08:00,228,228,228,228,0
2021-11-01 12:09:00,228,228,228,228,0
2021-11-01 12:10:00,228,228,228,228,0
2021-11-01 12:11:00,228,228,228,228,0
2021-11-01 12:12:00,228,228,228,228,0
2021-11-01 12:13:00,228,228,228,228,0
2021-11-01 12:14:00,228,228,228,228,0
2021-11-01 12:15:00,228,228,228,228,0
2021-11-01 12:16:00,228,228,228,228,0
2021-11-01 12:17:00,228,228,228,228,0
2021-11-01 12:18:00,228,228,228,228,0
2021-11-01 12:19:00,228,228,228,228,0
2021-11-01 12:20:00,228,228,228,228,0
2021-11-01 12:21:00,228,228,228,228,0
2021-11-01 12:22:00,228,228,228,228,0
2021-11-01 12:23:00,228,228,228,228,0
2021-11-01 12:24:00,228,228,228,228,0
2021-11-01 12:25:00,228,228,228,228,0
2021-11-01 12:26:00,228,228,228,228,0
2021-11-01 12:27:00,228,228,228,228,0
2021-11-01 12:28:00,228,228,228,228,0
2021-11-01 12:29:00,228,228,228,228,0
2021-11-01 12:30:00,228,228,228,228,0
2021-11-01 12:31:00,228,228,228,228,0
2021-11-01 12:32:00,228,228,228,228,0
2021-11-01 12:33:00,228,228,228,228,0
2021-11-01 12:34:00,228,228,228,228,0
2021-11-01 12:35:00,228,228,228,228,0
2021-11-01 12:36:00,228,228,228,228,0
2021-11-01 12:37:00,228,228,228,228,0
2021-11-01 12:38:00,228,228,228,228,0
2021-11-01 12:39:00,228,228,228,228,0
2021-11-01 12:40:00,228,228,228,228,0
2021-11-01 12:41:00,228,228,228,228,0
2021-11-01 12:42:00,228,228,228,228,0
2021-11-01 12:43:00,228,228,228,228,0
2021-11-01 12:44:00,228,228,228,228,0
2021-11-01 12:45:00,228,228,228,228,0
2021-11-01 12:46:00,228,228,228,228,0
2021-11-01 12:47:00,228,228,228,228,0
2021-11-01 12:48:00,228,228,228,228,0
2021-11-01 12:49:00,228,228,228,228,0
2021-11-01 12:50:00,228,228,228,228,0
2021-11-01 12:51:00,228,228,228,228,0
2021-11-01 12:52:00,228,228,228,228,0
2021-11-01 12:53:00,228,228,228,228,0
2021-11-01 12:54:00,228,228,228,228,0
2021-11-01 12:55:00,228,228,228,228,0
2021-11-01 12:56:00,228,228,228,228,0
2021-11-01 12:57:00,228,228,228,228,0
2021-11-01 12:58:00,228,228,228,228,0
2021-11-01 12:59:00,228,228,228,228,0
2021-11-01 13:00:00,228,228,228,228,0
2021-11-01 13:01:00,228,228,228,228,0
2021-11-01 13:02:00,228,228,228,228,0
2021-11-01 13:03:00,228,228,228,228,0
2021-11-01 13:04:00,228,228,228,228,0
2021-11-01 13:05:00,228,228,228,228,0
2021-11-01 13:06:00,228,228,228,228,0
2021-11-01 13:07:00,228,228,228,228,0
2021-11-01 13:08:00,228,228,228,228,0
2021-11-01 13:09:00,228,228,228,228,0
2021-11-01 13:10:00,228,228,228,228,0
2021-11-01 13:11:00,228,228,228,228,0
2021-11-01 13:12:00,228,228,228,228,0
2021-11-01 13:13:00,228,228,228,228,0
2021-11-01 13:14:00,228,228,228,228,0
2021-11-01 13:15:00,228,228,228,228,0
2021-11-01 13:16:00,228,228,228,228,0
2021-11-01 13:17:00,228,228,228,228,0
2021-11-01 13:18:00,228,228,228,228,0
2021-11-01 13:19:00,228,228,228,228,0
2021-11-01 13:20:00,228,228,228,228,0
2021-11-01 13:21:00,228,228,228,228,0
2021-11-01 13:22:00,228,228,228,228,0
2021-11-01 13:23:00,228,228,228,228,0
2021-11-01 13:24:00,228,228,228,228,0
2021-11-01 13:25:00,228,228,228,228,0
2021-11-01 13:26:00,228,228,228,228,0
2021-11-01 13:27:00,228,228,228,228,0
2021-11-01 13:28:00,228,228,228,228,0
2021-11-01 13:29:00,228,228,228,228,0
2021-11-01 13:30:00,228,228,228,228,0
2021-11-01 13:31:00,228,228,228,228,0
2021-11-01 13:32:00,228,228,228,228,0
2021-11-01 13:33:00,224,224,224,224,1300
2021-11-01 13:34:00,228,228,230,230,2000
2021-11-01 13:35:00,222,222,232,232,4800
2021-11-01 13:36:00,222,222,222,222,1400
2021-11-01 13:37:00,232,232,232,232,1400
2021-11-01 13:38:00,222,222,222,222,1400
2021-11-01 13:39:00,220,220,230,230,3100
2021-11-01 13:40:00,220,220,230,230,0
2021-11-01 13:41:00,220,220,230,230,0
2021-11-01 13:42:00,220,220,230,230,0
2021-11-01 13:43:00,220,220,230,230,0
2021-11-01 13:44:00,220,220,230,230,0
2021-11-01 13:45:00,220,220,230,230,0
2021-11-01 13:46:00,218,218,218,218,1200
2021-11-01 13:47:00,218,218,218,218,0
2021-11-01 13:48:00,222,222,222,222,300
2021-11-01 13:49:00,222,222,222,222,0
2021-11-01 13:50:00,222,222,222,222,100
2021-11-01 13:51:00,226,226,226,226,400
2021-11-01 13:52:00,226,226,226,226,0
2021-11-01 13:53:00,226,226,226,226,0
2021-11-01 13:54:00,226,226,226,226,0
2021-11-01 13:55:00,226,226,226,226,0
2021-11-01 13:56:00,226,226,226,226,0
2021-11-01 13:57:00,226,226,226,226,0
2021-11-01 13:58:00,226,226,226,226,0
2021-11-01 13:59:00,226,226,226,226,0
2021-11-01 14:00:00,226,226,226,226,0
2021-11-01 14:01:00,226,226,226,226,0
2021-11-01 14:02:00,226,226,226,226,0
2021-11-01 14:03:00,226,226,226,226,0
2021-11-01 14:04:00,226,226,226,226,0
2021-11-01 14:05:00,226,226,226,226,0
2021-11-01 14:06:00,226,226,226,226,0
2021-11-01 14:07:00,226,226,226,226,0
2021-11-01 14:08:00,226,226,226,226,0
2021-11-01 14:09:00,226,226,226,226,0
2021-11-01 14:10:00,226,226,226,226,0
2021-11-01 14:11:00,226,226,226,226,0
2021-11-01 14:12:00,226,226,226,226,0
2021-11-01 14:13:00,226,226,226,226,0
2021-11-01 14:14:00,226,226,226,226,0
2021-11-01 14:15:00,226,226,226,226,0
2021-11-01 14:16:00,226,226,226,226,0
2021-11-01 14:17:00,226,226,226,226,0
2021-11-01 14:18:00,226,226,226,226,0
2021-11-01 14:19:00,226,226,226,226,0
2021-11-01 14:20:00,226,226,226,226,0
2021-11-01 14:21:00,226,226,226,226,0
2021-11-01 14:22:00,226,226,226,226,0
2021-11-01 14:23:00,226,226,226,226,0
2021-11-01 14:24:00,226,226,226,226,0
2021-11-01 14:25:00,226,226,226,226,0
2021-11-01 14:26:00,226,226,226,226,0
2021-11-01 14:27:00,226,226,226,226,0
2021-11-01 14:28:00,226,226,226,226,0
2021-11-01 14:29:00,226,226,226,226,0
2021-11-01 14:30:00,226,226,226,226,0
2021-11-01 14:31:00,226,226,226,226,0
2021-11-01 14:32:00,226,226,226,226,0
2021-11-01 14:33:00,226,226,226,226,0
2021-11-01 14:34:00,226,226,226,226,0
2021-11-01 14:35:00,226,226,226,226,0
2021-11-01 14:36:00,226,226,226,226,0
2021-11-01 14:37:00,226,226,226,226,0
2021-11-01 14:38:00,226,226,226,226,0
2021-11-01 14:39:00,226,226,226,226,0
2021-11-01 14:40:00,226,226,226,226,0
2021-11-01 14:41:00,226,226,226,226,0
2021-11-01 14:42:00,226,226,226,226,0
2021-11-01 14:43:00,226,226,226,226,0
2021-11-01 14:44:00,226,226,226,226,0
2021-11-01 14:45:00,226,226,226,226,0
2021-11-01 14:46:00,226,226,226,226,0
2021-11-01 14:47:00,226,226,226,226,0
2021-11-01 14:48:00,226,226,226,226,0
2021-11-01 14:49:00,226,226,226,226,0
2021-11-01 14:50:00,226,226,226,226,0
2021-11-01 14:51:00,226,226,226,226,0
2021-11-01 14:52:00,226,226,226,226,0
2021-11-01 14:53:00,226,226,226,226,0
2021-11-01 14:54:00,226,226,226,226,0
2021-11-01 14:55:00,226,226,226,226,0
2021-11-01 14:56:00,226,226,226,226,0
2021-11-01 14:57:00,226,226,226,226,0
2021-11-01 14:58:00,226,226,226,226,0
2021-11-01 14:59:00,226,226,226,226,0
2021-11-01 15:00:00,220,220,220,220,4400
2021-11-01 15:01:00,220,220,220,220,0
2021-11-01 15:02:00,220,220,220,220,0
2021-11-01 15:03:00,220,220,220,220,0
2021-11-01 15:04:00,220,220,220,220,0
2021-11-01 15:05:00,220,220,220,220,0
2021-11-01 15:06:00,220,220,220,220,0
2021-11-01 15:07:00,220,220,220,220,0
2021-11-01 15:08:00,220,220,220,220,0
2021-11-01 15:09:00,220,220,220,220,0
2021-11-01 15:10:00,220,220,220,220,0
2021-11-01 15:11:00,220,220,220,220,0
2021-11-01 15:12:00,220,220,220,220,0
2021-11-01 15:13:00,220,220,220,220,0
2021-11-01 15:14:00,220,220,220,220,0
2021-11-01 15:15:00,220,220,220,220,0
2021-11-01 15:16:00,220,220,220,220,0
2021-11-01 15:17:00,220,220,220,220,0
2021-11-01 15:18:00,220,220,220,220,0
2021-11-01 15:19:00,220,220,220,220,0
2021-11-01 15:20:00,220,220,220,220,0
2021-11-01 15:21:00,220,220,220,220,0
2021-11-01 15:22:00,220,220,220,220,0
2021-11-01 15:23:00,220,220,220,220,0
2021-11-01 15:24:00,220,220,220,220,0
2021-11-01 15:25:00,220,220,220,220,0
2021-11-01 15:26:00,220,220,220,220,0
2021-11-01 15:27:00,220,220,220,220,0
2021-11-01 15:28:00,220,220,220,220,0
2021-11-01 15:29:00,220,220,220,220,0
2021-11-01 15:30:00,220,220,220,220,0
2021-11-01 15:31:00,220,220,220,220,0
2021-11-01 15:32:00,220,220,220,220,0
2021-11-01 15:33:00,220,220,220,220,0
2021-11-01 15:34:00,220,220,220,220,0
2021-11-01 15:35:00,220,220,220,220,0
2021-11-01 15:36:00,220,220,220,220,0
2021-11-01 15:37:00,220,220,220,220,0
2021-11-01 15:38:00,220,220,220,220,0
2021-11-01 15:39:00,220,220,220,220,0
2021-11-01 15:40:00,220,220,220,220,0
2021-11-01 15:41:00,220,220,220,220,0
2021-11-01 15:42:00,220,220,220,220,0
2021-11-01 15:43:00,220,220,220,220,0
2021-11-01 15:44:00,220,220,220,220,0
2021-11-01 15:45:00,220,220,220,220,0
2021-11-01 15:46:00,220,220,220,220,0
2021-11-01 15:47:00,220,220,220,220,0
2021-11-01 15:48:00,220,220,220,220,0
2021-11-01 15:49:00,220,220,220,220,0
2021-11-01 15:50:00,220,220,220,220,0
2021-11-01 15:51:00,220,220,220,220,0
2021-11-01 15:52:00,220,220,220,220,0
2021-11-01 15:53:00,220,220,220,220,0
2021-11-01 15:54:00,220,220,220,220,0
2021-11-01 15:55:00,220,220,220,220,0
2021-11-01 15:56:00,220,220,220,220,0
2021-11-01 15:57:00,220,220,220,220,0
2021-11-01 15:58:00,220,220,220,220,0
2021-11-01 15:59:00,220,220,220,220,0
2021-11-02 09:00:00,220,220,220,220,0
2021-11-02 09:01:00,220,220,220,220,0
2021-11-02 09:02:00,220,220,220,220,0
2021-11-02 09:03:00,228,228,230,230,700
2021-11-02 09:04:00,218,210,220,220,700
2021-11-02 09:05:00,238,238,238,238,500
2021-11-02 09:06:00,240,210,240,210,800
2021-11-02 09:07:00,240,210,240,210,0
2021-11-02 09:08:00,236,236,238,238,700
2021-11-02 09:09:00,212,212,212,212,700
2021-11-02 09:10:00,236,236,236,236,700
2021-11-02 09:11:00,216,216,216,216,800
2021-11-02 09:12:00,216,216,216,216,0
2021-11-02 09:13:00,234,234,234,234,800
2021-11-02 09:14:00,216,216,216,216,800
2021-11-02 09:15:00,228,228,228,228,800
2021-11-02 09:16:00,218,218,218,218,200
2021-11-02 09:17:00,218,218,230,230,300
2021-11-02 09:18:00,218,218,218,218,100
2021-11-02 09:19:00,228,228,228,228,500
2021-11-02 09:20:00,228,228,228,228,0
2021-11-02 09:21:00,228,228,228,228,0
2021-11-02 09:22:00,228,228,228,228,0
2021-11-02 09:23:00,218,218,218,218,500
2021-11-02 09:24:00,218,218,218,218,0
2021-11-02 09:25:00,218,218,218,218,0
2021-11-02 09:26:00,228,228,228,228,500
2021-11-02 09:27:00,228,228,228,228,0
2021-11-02 09:28:00,228,228,228,228,0
2021-11-02 09:29:00,228,228,228,228,0
2021-11-02 09:30:00,228,228,228,228,0
2021-11-02 09:31:00,228,228,228,228,0
2021-11-02 09:32:00,228,228,228,228,0
2021-11-02 09:33:00,220,218,220,218,500
2021-11-02 09:34:00,218,218,226,226,900
2021-11-02 09:35:00,228,228,228,228,600
2021-11-02 09:36:00,228,228,228,228,0
2021-11-02 09:37:00,228,228,228,228,0
2021-11-02 09:38:00,220,220,220,220,500
2021-11-02 09:39:00,220,220,220,220,0
2021-11-02 09:40:00,226,226,226,226,500
2021-11-02 09:41:00,218,218,218,218,100
2021-11-02 09:42:00,218,218,218,218,0
2021-11-02 09:43:00,218,218,218,218,0
2021-11-02 09:44:00,218,218,218,218,0
2021-11-02 09:45:00,218,218,218,218,0
2021-11-02 09:46:00,218,218,218,218,400
2021-11-02 09:47:00,226,226,226,226,400
2021-11-02 09:48:00,226,226,226,226,0
2021-11-02 09:49:00,226,226,226,226,0
2021-11-02 09:50:00,216,216,216,216,800
2021-11-02 09:51:00,216,216,216,216,0
2021-11-02 09:52:00,216,216,216,216,0
2021-11-02 09:53:00,216,216,216,216,0
2021-11-02 09:54:00,216,216,216,216,0
2021-11-02 09:55:00,216,216,216,216,0
2021-11-02 09:56:00,216,216,216,216,0
2021-11-02 09:57:00,216,216,216,216,0
2021-11-02 09:58:00,218,218,218,218,200
2021-11-02 09:59:00,218,218,218,218,0
2021-11-02 10:00:00,218,218,218,218,0
2021-11-02 10:01:00,218,218,218,218,0
2021-11-02 10:02:00,218,218,218,218,0
2021-11-02 10:03:00,218,218,218,218,0
2021-11-02 10:04:00,218,218,218,218,0
2021-11-02 10:05:00,218,218,218,218,0
2021-11-02 10:06:00,218,218,218,218,800
2021-11-02 10:07:00,216,214,216,214,400
2021-11-02 10:08:00,216,214,216,214,0
2021-11-02 10:09:00,216,214,216,214,0
2021-11-02 10:10:00,216,214,216,214,0
2021-11-02 10:11:00,216,214,216,214,0
2021-11-02 10:12:00,216,214,216,214,0
2021-11-02 10:13:00,216,214,216,214,0
2021-11-02 10:14:00,216,214,216,214,0
2021-11-02 10:15:00,214,214,214,214,500
2021-11-02 10:16:00,214,214,224,224,500
2021-11-02 10:17:00,224,224,224,224,200
2021-11-02 10:18:00,224,224,224,224,0
2021-11-02 10:19:00,224,224,224,224,0
2021-11-02 10:20:00,214,214,222,222,500
2021-11-02 10:21:00,222,222,222,222,400
2021-11-02 10:22:00,222,222,222,222,0
2021-11-02 10:23:00,222,222,222,222,0
2021-11-02 10:24:00,222,222,222,222,0
2021-11-02 10:25:00,222,222,222,222,0
2021-11-02 10:26:00,222,222,222,222,0
2021-11-02 10:27:00,222,222,222,222,0
2021-11-02 10:28:00,222,222,222,222,0
2021-11-02 10:29:00,222,222,222,222,100
2021-11-02 10:30:00,222,222,222,222,0
2021-11-02 10:31:00,214,214,214,214,100
2021-11-02 10:32:00,214,214,214,214,0
2021-11-02 10:33:00,214,214,214,214,0
2021-11-02 10:34:00,214,214,214,214,0
2021-11-02 10:35:00,214,214,214,214,0
2021-11-02 10:36:00,214,214,214,214,0
2021-11-02 10:37:00,214,214,214,214,0
2021-11-02 10:38:00,214,214,214,214,0
2021-11-02 10:39:00,214,214,214,214,0
2021-11-02 10:40:00,214,214,214,214,0
2021-11-02 10:41:00,214,214,214,214,0
2021-11-02 10:42:00,214,214,214,214,0
2021-11-02 10:43:00,214,214,214,214,0
2021-11-02 10:44:00,214,214,214,214,0
2021-11-02 10:45:00,214,214,214,214,0
2021-11-02 10:46:00,214,214,214,214,0
2021-11-02 10:47:00,214,214,214,214,0
2021-11-02 10:48:00,214,214,214,214,0
2021-11-02 10:49:00,214,214,214,214,0
2021-11-02 10:50:00,214,214,214,214,0
2021-11-02 10:51:00,214,214,214,214,0
2021-11-02 10:52:00,214,214,214,214,0
2021-11-02 10:53:00,214,214,214,214,0
2021-11-02 10:54:00,214,214,214,214,0
2021-11-02 10:55:00,214,214,214,214,0
2021-11-02 10:56:00,214,214,214,214,0
2021-11-02 10:57:00,214,214,214,214,2800
2021-11-02 10:58:00,214,214,214,214,0
2021-11-02 10:59:00,214,214,214,214,0
2021-11-02 11:00:00,214,214,214,214,0
2021-11-02 11:01:00,214,214,214,214,0
2021-11-02 11:02:00,214,214,214,214,0
2021-11-02 11:03:00,214,214,214,214,0
2021-11-02 11:04:00,214,214,214,214,0
2021-11-02 11:05:00,214,214,214,214,0
2021-11-02 11:06:00,216,216,220,220,1400
2021-11-02 11:07:00,216,216,220,220,0
2021-11-02 11:08:00,216,216,220,220,0
2021-11-02 11:09:00,216,216,220,220,0
2021-11-02 11:10:00,216,216,220,220,0
2021-11-02 11:11:00,216,216,220,220,0
2021-11-02 11:12:00,216,216,220,220,0
2021-11-02 11:13:00,216,216,220,220,0
2021-11-02 11:14:00,216,216,220,220,0
2021-11-02 11:15:00,216,216,220,220,0
2021-11-02 11:16:00,216,216,220,220,0
2021-11-02 11:17:00,216,216,220,220,0
2021-11-02 11:18:00,216,216,220,220,0
2021-11-02 11:19:00,216,216,220,220,0
2021-11-02 11:20:00,216,216,220,220,0
2021-11-02 11:21:00,216,216,220,220,0
2021-11-02 11:22:00,216,216,220,220,0
2021-11-02 11:23:00,216,216,220,220,0
2021-11-02 11:24:00,216,216,220,220,0
2021-11-02 11:25:00,216,216,220,220,0
2021-11-02 11:26:00,216,216,220,220,0
2021-11-02 11:27:00,216,216,220,220,0
2021-11-02 11:28:00,216,216,220,220,0
2021-11-02 11:29:00,216,216,220,220,0
2021-11-02 11:30:00,216,216,220,220,0
2021-11-02 11:31:00,216,216,220,220,0
2021-11-02 11:32:00,216,216,220,220,0
2021-11-02 11:33:00,216,216,220,220,0
2021-11-02 11:34:00,216,216,220,220,0
2021-11-02 11:35:00,216,216,220,220,0
2021-11-02 11:36:00,216,216,220,220,0
2021-11-02 11:37:00,216,216,220,220,0
2021-11-02 11:38:00,216,216,220,220,0
2021-11-02 11:39:00,216,216,220,220,0
2021-11-02 11:40:00,216,216,220,220,0
2021-11-02 11:41:00,216,216,220,220,0
2021-11-02 11:42:00,216,216,220,220,0
2021-11-02 11:43:00,216,216,220,220,0
2021-11-02 11:44:00,216,216,220,220,0
2021-11-02 11:45:00,216,216,220,220,0
2021-11-02 11:46:00,216,216,220,220,0
2021-11-02 11:47:00,216,216,220,220,0
2021-11-02 11:48:00,216,216,220,220,0
2021-11-02 11:49:00,216,216,220,220,0
2021-11-02 11:50:00,216,216,220,220,0
2021-11-02 11:51:00,216,216,220,220,0
2021-11-02 11:52:00,216,216,220,220,0
2021-11-02 11:53:00,216,216,220,220,0
2021-11-02 11:54:00,216,216,220,220,0
2021-11-02 11:55:00,216,216,220,220,0
2021-11-02 11:56:00,216,216,220,220,0
2021-11-02 11:57:00,216,216,220,220,0
2021-11-02 11:58:00,216,216,220,220,0
2021-11-02 11:59:00,216,216,220,220,0
2021-11-02 12:00:00,216,216,220,220,0
2021-11-02 12:01:00,216,216,220,220,0
2021-11-02 12:02:00,216,216,220,220,0
2021-11-02 12:03:00,216,216,220,220,0
2021-11-02 12:04:00,216,216,220,220,0
2021-11-02 12:05:00,216,216,220,220,0
2021-11-02 12:06:00,216,216,220,220,0
2021-11-02 12:07:00,216,216,220,220,0
2021-11-02 12:08:00,216,216,220,220,0
2021-11-02 12:09:00,216,216,220,220,0
2021-11-02 12:10:00,216,216,220,220,0
2021-11-02 12:11:00,216,216,220,220,0
2021-11-02 12:12:00,216,216,220,220,0
2021-11-02 12:13:00,216,216,220,220,0
2021-11-02 12:14:00,216,216,220,220,0
2021-11-02 12:15:00,216,216,220,220,0
2021-11-02 12:16:00,216,216,220,220,0
2021-11-02 12:17:00,216,216,220,220,0
2021-11-02 12:18:00,216,216,220,220,0
2021-11-02 12:19:00,216,216,220,220,0
2021-11-02 12:20:00,216,216,220,220,0
2021-11-02 12:21:00,216,216,220,220,0
2021-11-02 12:22:00,216,216,220,220,0
2021-11-02 12:23:00,216,216,220,220,0
2021-11-02 12:24:00,216,216,220,220,0
2021-11-02 12:25:00,216,216,220,220,0
2021-11-02 12:26:00,216,216,220,220,0
2021-11-02 12:27:00,216,216,220,220,0
2021-11-02 12:28:00,216,216,220,220,0
2021-11-02 12:29:00,216,216,220,220,0
2021-11-02 12:30:00,216,216,220,220,0
2021-11-02 12:31:00,216,216,220,220,0
2021-11-02 12:32:00,216,216,220,220,0
2021-11-02 12:33:00,216,216,220,220,0
2021-11-02 12:34:00,216,216,220,220,0
2021-11-02 12:35:00,216,216,220,220,0
2021-11-02 12:36:00,216,216,220,220,0
2021-11-02 12:37:00,216,216,220,220,0
2021-11-02 12:38:00,216,216,220,220,0
2021-11-02 12:39:00,216,216,220,220,0
2021-11-02 12:40:00,216,216,220,220,0
2021-11-02 12:41:00,216,216,220,220,0
2021-11-02 12:42:00,216,216,220,220,0
2021-11-02 12:43:00,216,216,220,220,0
2021-11-02 12:44:00,216,216,220,220,0
2021-11-02 12:45:00,216,216,220,220,0
2021-11-02 12:46:00,216,216,220,220,0
2021-11-02 12:47:00,216,216,220,220,0
2021-11-02 12:48:00,216,216,220,220,0
2021-11-02 12:49:00,216,216,220,220,0
2021-11-02 12:50:00,216,216,220,220,0
2021-11-02 12:51:00,216,216,220,220,0
2021-11-02 12:52:00,216,216,220,220,0
2021-11-02 12:53:00,216,216,220,220,0
2021-11-02 12:54:00,216,216,220,220,0
2021-11-02 12:55:00,216,216,220,220,0
2021-11-02 12:56:00,216,216,220,220,0
2021-11-02 12:57:00,216,216,220,220,0
2021-11-02 12:58:00,216,216,220,220,0
2021-11-02 12:59:00,216,216,220,220,0
2021-11-02 13:00:00,216,216,220,220,0
2021-11-02 13:01:00,216,216,220,220,0
2021-11-02 13:02:00,216,216,220,220,0
2021-11-02 13:03:00,216,216,220,220,0
2021-11-02 13:04:00,216,216,220,220,0
2021-11-02 13:05:00,216,216,220,220,0
2021-11-02 13:06:00,216,216,220,220,0
2021-11-02 13:07:00,216,216,220,220,0
2021-11-02 13:08:00,216,216,220,220,0
2021-11-02 13:09:00,216,216,220,220,0
2021-11-02 13:10:00,216,216,220,220,0
2021-11-02 13:11:00,216,216,220,220,0
2021-11-02 13:12:00,216,216,220,220,0
2021-11-02 13:13:00,216,216,220,220,0
2021-11-02 13:14:00,216,216,220,220,0
2021-11-02 13:15:00,216,216,220,220,0
2021-11-02 13:16:00,216,216,220,220,0
2021-11-02 13:17:00,216,216,220,220,0
2021-11-02 13:18:00,216,216,220,220,0
2021-11-02 13:19:00,216,216,220,220,0
2021-11-02 13:20:00,216,216,220,220,0
2021-11-02 13:21:00,216,216,220,220,0
2021-11-02 13:22:00,216,216,220,220,0
2021-11-02 13:23:00,216,216,220,220,0
2021-11-02 13:24:00,216,216,220,220,0
2021-11-02 13:25:00,216,216,220,220,0
2021-11-02 13:26:00,216,216,220,220,0
2021-11-02 13:27:00,216,216,220,220,0
2021-11-02 13:28:00,216,216,220,220,0
2021-11-02 13:29:00,216,216,220,220,0
2021-11-02 13:30:00,216,216,220,220,0
2021-11-02 13:31:00,216,216,220,220,0
2021-11-02 13:32:00,214,214,214,214,900
2021-11-02 13:33:00,222,222,222,222,900
2021-11-02 13:34:00,222,214,222,214,600
2021-11-02 13:35:00,214,214,214,214,500
2021-11-02 13:36:00,222,222,222,222,1000
2021-11-02 13:37:00,214,214,214,214,1000
2021-11-02 13:38:00,214,214,214,214,0
2021-11-02 13:39:00,222,222,222,222,1000
2021-11-02 13:40:00,214,214,214,214,1000
2021-11-02 13:41:00,222,222,222,222,1000
2021-11-02 13:42:00,222,222,222,222,0
2021-11-02 13:43:00,214,214,214,214,1100
2021-11-02 13:44:00,214,214,214,214,0
2021-11-02 13:45:00,222,222,222,222,900
2021-11-02 13:46:00,222,222,222,222,200
2021-11-02 13:47:00,214,214,214,214,600
2021-11-02 13:48:00,214,214,222,222,1000
2021-11-02 13:49:00,222,222,222,222,600
2021-11-02 13:50:00,222,222,222,222,0
2021-11-02 13:51:00,222,222,222,222,0
2021-11-02 13:52:00,222,222,222,222,0
2021-11-02 13:53:00,214,214,214,214,1100
2021-11-02 13:54:00,212,206,222,222,30300
2021-11-02 13:55:00,222,222,222,222,800
2021-11-02 13:56:00,214,214,214,214,1200
2021-11-02 13:57:00,214,214,214,214,500
2021-11-02 13:58:00,214,214,214,214,0
2021-11-02 13:59:00,214,214,214,214,0
2021-11-02 14:00:00,212,212,212,212,1200
2021-11-02 14:01:00,212,212,212,212,0
2021-11-02 14:02:00,212,212,212,212,0
2021-11-02 14:03:00,212,212,212,212,0
2021-11-02 14:04:00,212,212,212,212,0
2021-11-02 14:05:00,212,212,212,212,0
2021-11-02 14:06:00,212,212,212,212,0
2021-11-02 14:07:00,212,212,212,212,0
2021-11-02 14:08:00,212,212,212,212,0
2021-11-02 14:09:00,212,212,212,212,0
2021-11-02 14:10:00,212,212,212,212,0
2021-11-02 14:11:00,212,212,212,212,0
2021-11-02 14:12:00,212,212,212,212,0
2021-11-02 14:13:00,212,212,212,212,0
2021-11-02 14:14:00,212,212,212,212,0
2021-11-02 14:15:00,212,212,212,212,0
2021-11-02 14:16:00,212,212,212,212,0
2021-11-02 14:17:00,212,212,212,212,0
2021-11-02 14:18:00,212,212,212,212,0
2021-11-02 14:19:00,212,212,212,212,0
2021-11-02 14:20:00,212,212,212,212,0
2021-11-02 14:21:00,212,212,212,212,0
2021-11-02 14:22:00,212,212,212,212,0
2021-11-02 14:23:00,212,212,212,212,0
2021-11-02 14:24:00,212,212,212,212,0
2021-11-02 14:25:00,212,212,212,212,0
2021-11-02 14:26:00,212,212,212,212,0
2021-11-02 14:27:00,212,212,212,212,0
2021-11-02 14:28:00,212,212,212,212,0
2021-11-02 14:29:00,212,212,212,212,0
2021-11-02 14:30:00,212,212,212,212,0
2021-11-02 14:31:00,212,212,212,212,0
2021-11-02 14:32:00,212,212,212,212,0
2021-11-02 14:33:00,212,212,212,212,0
2021-11-02 14:34:00,212,212,212,212,0
2021-11-02 14:35:00,212,212,212,212,0
2021-11-02 14:36:00,212,212,212,212,0
2021-11-02 14:37:00,212,212,212,212,0
2021-11-02 14:38:00,212,212,212,212,0
2021-11-02 14:39:00,212,212,212,212,0
2021-11-02 14:40:00,212,212,212,212,0
2021-11-02 14:41:00,212,212,212,212,0
2021-11-02 14:42:00,212,212,212,212,0
2021-11-02 14:43:00,206,206,206,206,200
2021-11-02 14:44:00,206,206,206,206,0
2021-11-02 14:45:00,206,206,206,206,0
2021-11-02 14:46:00,206,206,206,206,0
2021-11-02 14:47:00,206,206,206,206,0
2021-11-02 14:48:00,206,206,206,206,0
2021-11-02 14:49:00,206,206,206,206,0
2021-11-02 14:50:00,206,206,206,206,0
2021-11-02 14:51:00,206,206,206,206,0
2021-11-02 14:52:00,206,206,206,206,0
2021-11-02 14:53:00,206,206,206,206,0
2021-11-02 14:54:00,206,206,206,206,0
2021-11-02 14:55:00,206,206,206,206,0
2021-11-02 14:56:00,206,206,206,206,0
2021-11-02 14:57:00,206,206,206,206,0
2021-11-02 14:58:00,206,206,206,206,0
2021-11-02 14:59:00,206,206,206,206,0
2021-11-02 15:00:00,206,206,206,206,21500
2021-11-02 15:01:00,206,206,206,206,0
2021-11-02 15:02:00,206,206,206,206,0
2021-11-02 15:03:00,206,206,206,206,0
2021-11-02 15:04:00,206,206,206,206,0
2021-11-02 15:05:00,206,206,206,206,20000
2021-11-02 15:06:00,206,206,206,206,0
2021-11-02 15:07:00,206,206,206,206,0
2021-11-02 15:08:00,206,206,206,206,0
2021-11-02 15:09:00,206,206,206,206,0
2021-11-02 15:10:00,206,206,206,206,0
2021-11-02 15:11:00,206,206,206,206,0
2021-11-02 15:12:00,206,206,206,206,0
2021-11-02 15:13:00,206,206,206,206,0
2021-11-02 15:14:00,206,206,206,206,0
2021-11-02 15:15:00,206,206,206,206,0
2021-11-02 15:16:00,206,206,206,206,0
2021-11-02 15:17:00,206,206,206,206,0
2021-11-02 15:18:00,206,206,206,206,0
2021-11-02 15:19:00,206,206,206,206,0
2021-11-02 15:20:00,206,206,206,206,0
2021-11-02 15:21:00,206,206,206,206,0
2021-11-02 15:22:00,206,206,206,206,0
2021-11-02 15:23:00,206,206,206,206,0
2021-11-02 15:24:00,206,206,206,206,0
2021-11-02 15:25:00,206,206,206,206,0
2021-11-02 15:26:00,206,206,206,206,0
2021-11-02 15:27:00,206,206,206,206,0
2021-11-02 15:28:00,206,206,206,206,0
2021-11-02 15:29:00,206,206,206,206,0
2021-11-02 15:30:00,206,206,206,206,0
2021-11-02 15:31:00,206,206,206,206,0
2021-11-02 15:32:00,206,206,206,206,0
2021-11-02 15:33:00,206,206,206,206,0
2021-11-02 15:34:00,206,206,206,206,0
2021-11-02 15:35:00,206,206,206,206,0
2021-11-02 15:36:00,206,206,206,206,0
2021-11-02 15:37:00,206,206,206,206,0
2021-11-02 15:38:00,206,206,206,206,0
2021-11-02 15:39:00,206,206,206,206,0
2021-11-02 15:40:00,206,206,206,206,0
2021-11-02 15:41:00,206,206,206,206,0
2021-11-02 15:42:00,206,206,206,206,0
2021-11-02 15:43:00,206,206,206,206,0
2021-11-02 15:44:00,206,206,206,206,0
2021-11-02 15:45:00,206,206,206,206,0
2021-11-02 15:46:00,206,206,206,206,0
2021-11-02 15:47:00,206,206,206,206,0
2021-11-02 15:48:00,206,206,206,206,0
2021-11-02 15:49:00,206,206,206,206,0
2021-11-02 15:50:00,206,206,206,206,0
2021-11-02 15:51:00,206,206,206,206,0
2021-11-02 15:52:00,206,206,206,206,0
2021-11-02 15:53:00,206,206,206,206,0
2021-11-02 15:54:00,206,206,206,206,0
2021-11-02 15:55:00,206,206,206,206,0
2021-11-02 15:56:00,206,206,206,206,0
2021-11-02 15:57:00,206,206,206,206,0
2021-11-02 15:58:00,206,206,206,206,0
2021-11-02 15:59:00,206,206,206,206,0
2021-11-03 09:00:00,208,208,208,208,0
2021-11-03 09:01:00,208,208,208,208,0
2021-11-03 09:02:00,208,208,208,208,0
2021-11-03 09:03:00,208,208,208,208,0
2021-11-03 09:04:00,208,208,208,208,0
2021-11-03 09:05:00,208,208,208,208,0
2021-11-03 09:06:00,208,208,208,208,0
2021-11-03 09:07:00,210,210,210,210,800
2021-11-03 09:08:00,210,210,210,210,2500
2021-11-03 09:09:00,226,210,226,210,1000
2021-11-03 09:10:00,224,224,224,224,800
2021-11-03 09:11:00,224,224,224,224,3000
2021-11-03 09:12:00,224,224,224,224,0
2021-11-03 09:13:00,224,224,224,224,0
2021-11-03 09:14:00,224,224,224,224,100
2021-11-03 09:15:00,224,224,224,224,500
2021-11-03 09:16:00,224,224,224,224,0
2021-11-03 09:17:00,224,208,224,208,17400
2021-11-03 09:18:00,224,208,224,208,0
2021-11-03 09:19:00,224,208,224,208,0
2021-11-03 09:20:00,224,208,224,208,0
2021-11-03 09:21:00,224,208,224,208,0
2021-11-03 09:22:00,210,210,210,210,1000
2021-11-03 09:23:00,210,210,210,210,0
2021-11-03 09:24:00,210,210,210,210,0
2021-11-03 09:25:00,210,210,210,210,0
2021-11-03 09:26:00,210,210,210,210,0
2021-11-03 09:27:00,224,210,224,210,43000
2021-11-03 09:28:00,224,210,224,210,0
2021-11-03 09:29:00,224,210,224,210,0
2021-11-03 09:30:00,224,210,224,210,0
2021-11-03 09:31:00,224,210,224,210,0
2021-11-03 09:32:00,224,210,224,210,0
2021-11-03 09:33:00,224,210,224,210,0
2021-11-03 09:34:00,224,210,224,210,0
2021-11-03 09:35:00,224,210,224,210,0
2021-11-03 09:36:00,224,210,224,210,0
2021-11-03 09:37:00,224,210,224,210,0
2021-11-03 09:38:00,224,210,224,210,0
2021-11-03 09:39:00,224,210,224,210,0
2021-11-03 09:40:00,224,210,224,210,0
2021-11-03 09:41:00,212,212,212,212,3800
2021-11-03 09:42:00,220,220,220,220,3800
2021-11-03 09:43:00,220,220,220,220,0
2021-11-03 09:44:00,220,220,220,220,0
2021-11-03 09:45:00,220,208,220,208,5400
2021-11-03 09:46:00,206,206,206,206,2400
2021-11-03 09:47:00,206,206,206,206,6500
2021-11-03 09:48:00,206,206,206,206,300
2021-11-03 09:49:00,206,206,206,206,0
2021-11-03 09:50:00,206,206,206,206,0
2021-11-03 09:51:00,206,206,206,206,0
2021-11-03 09:52:00,206,206,206,206,0
2021-11-03 09:53:00,206,206,206,206,0
2021-11-03 09:54:00,206,206,222,222,23100
2021-11-03 09:55:00,222,222,236,236,20400
2021-11-03 09:56:00,222,222,236,236,0
2021-11-03 09:57:00,230,228,234,234,22600
2021-11-03 09:58:00,234,234,234,234,31000
2021-11-03 09:59:00,236,234,236,234,15700
2021-11-03 10:00:00,234,234,236,236,1500
2021-11-03 10:01:00,234,234,236,236,0
2021-11-03 10:02:00,236,234,236,234,29100
2021-11-03 10:03:00,234,234,234,234,41200
2021-11-03 10:04:00,234,234,234,234,2200
2021-11-03 10:05:00,234,234,234,234,0
2021-11-03 10:06:00,234,234,234,234,1300
2021-11-03 10:07:00,234,234,234,234,200
2021-11-03 10:08:00,234,234,238,238,9500
2021-11-03 10:09:00,234,234,238,238,1300
2021-11-03 10:10:00,234,234,234,234,2100
2021-11-03 10:11:00,234,234,234,234,18500
2021-11-03 10:12:00,234,234,234,234,1000
2021-11-03 10:13:00,234,234,234,234,19800
2021-11-03 10:14:00,234,234,234,234,0
2021-11-03 10:15:00,234,234,234,234,0
2021-11-03 10:16:00,234,234,234,234,300
2021-11-03 10:17:00,234,234,234,234,100
2021-11-03 10:18:00,234,234,234,234,2400
2021-11-03 10:19:00,234,234,234,234,100
2021-11-03 10:20:00,234,234,234,234,100
2021-11-03 10:21:00,234,234,234,234,0
2021-11-03 10:22:00,238,238,238,238,200
2021-11-03 10:23:00,234,234,234,234,700
2021-11-03 10:24:00,234,234,234,234,0
2021-11-03 10:25:00,234,234,234,234,0
2021-11-03 10:26:00,234,234,234,234,0
2021-11-03 10:27:00,234,234,234,234,0
2021-11-03 10:28:00,234,234,234,234,0
2021-11-03 10:29:00,234,234,234,234,0
2021-11-03 10:30:00,234,234,234,234,0
2021-11-03 10:31:00,234,234,234,234,0
2021-11-03 10:32:00,234,234,234,234,0
2021-11-03 10:33:00,234,234,234,234,0
2021-11-03 10:34:00,234,234,234,234,3700
2021-11-03 10:35:00,234,234,236,236,400
2021-11-03 10:36:00,234,234,236,236,0
2021-11-03 10:37:00,234,234,236,236,0
2021-11-03 10:38:00,234,234,236,236,0
2021-11-03 10:39:00,234,234,236,236,0
2021-11-03 10:40:00,234,234,236,236,0
2021-11-03 10:41:00,234,234,236,236,0
2021-11-03 10:42:00,234,234,234,234,2100
2021-11-03 10:43:00,234,234,234,234,0
2021-11-03 10:44:00,234,234,234,234,0
2021-11-03 10:45:00,234,234,234,234,0
2021-11-03 10:46:00,234,234,234,234,0
2021-11-03 10:47:00,234,234,234,234,0
2021-11-03 10:48:00,234,234,234,234,0
2021-11-03 10:49:00,234,234,234,234,0
2021-11-03 10:50:00,234,234,234,234,0
2021-11-03 10:51:00,234,234,234,234,0
2021-11-03 10:52:00,234,234,234,234,0
2021-11-03 10:53:00,234,234,234,234,500
2021-11-03 10:54:00,234,234,234,234,0
2021-11-03 10:55:00,234,234,234,234,200
2021-11-03 10:56:00,232,232,232,232,24200
2021-11-03 10:57:00,230,226,230,226,500
2021-11-03 10:58:00,226,226,226,226,200
2021-11-03 10:59:00,226,226,226,226,0
2021-11-03 11:00:00,226,226,226,226,0
2021-11-03 11:01:00,226,226,226,226,0
2021-11-03 11:02:00,226,226,226,226,0
2021-11-03 11:03:00,226,226,226,226,0
2021-11-03 11:04:00,232,232,234,234,2100
2021-11-03 11:05:00,232,232,234,234,0
2021-11-03 11:06:00,232,232,234,234,0
2021-11-03 11:07:00,232,232,234,234,0
2021-11-03 11:08:00,232,232,234,234,0
2021-11-03 11:09:00,232,232,234,234,0
2021-11-03 11:10:00,232,232,234,234,0
2021-11-03 11:11:00,232,232,234,234,0
2021-11-03 11:12:00,232,232,234,234,0
2021-11-03 11:13:00,232,232,234,234,0
2021-11-03 11:14:00,232,232,234,234,0
2021-11-03 11:15:00,232,232,234,234,0
2021-11-03 11:16:00,226,226,226,226,100
2021-11-03 11:17:00,226,226,226,226,0
2021-11-03 11:18:00,226,226,226,226,0
2021-11-03 11:19:00,226,226,226,226,0
2021-11-03 11:20:00,226,226,226,226,0
2021-11-03 11:21:00,226,226,226,226,0
2021-11-03 11:22:00,226,226,226,226,0
2021-11-03 11:23:00,226,226,226,226,0
2021-11-03 11:24:00,226,226,226,226,0
2021-11-03 11:25:00,226,226,226,226,0
2021-11-03 11:26:00,226,226,226,226,0
2021-11-03 11:27:00,226,226,226,226,0
2021-11-03 11:28:00,226,226,226,226,0
2021-11-03 11:29:00,226,226,226,226,0
2021-11-03 11:30:00,226,226,226,226,0
2021-11-03 11:31:00,226,226,226,226,0
2021-11-03 11:32:00,226,226,226,226,0
2021-11-03 11:33:00,226,226,226,226,0
2021-11-03 11:34:00,226,226,226,226,0
2021-11-03 11:35:00,226,226,226,226,0
2021-11-03 11:36:00,226,226,226,226,0
2021-11-03 11:37:00,226,226,226,226,0
2021-11-03 11:38:00,226,226,226,226,0
2021-11-03 11:39:00,226,226,226,226,0
2021-11-03 11:40:00,226,226,226,226,0
2021-11-03 11:41:00,226,226,226,226,0
2021-11-03 11:42:00,226,226,226,226,0
2021-11-03 11:43:00,226,226,226,226,0
2021-11-03 11:44:00,226,226,226,226,0
2021-11-03 11:45:00,226,226,226,226,0
2021-11-03 11:46:00,226,226,226,226,0
2021-11-03 11:47:00,226,226,226,226,0
2021-11-03 11:48:00,226,226,226,226,0
2021-11-03 11:49:00,226,226,226,226,0
2021-11-03 11:50:00,226,226,226,226,0
2021-11-03 11:51:00,226,226,226,226,0
2021-11-03 11:52:00,226,226,226,226,0
2021-11-03 11:53:00,226,226,226,226,0
2021-11-03 11:54:00,226,226,226,226,0
2021-11-03 11:55:00,226,226,226,226,0
2021-11-03 11:56:00,226,226,226,226,0
2021-11-03 11:57:00,226,226,226,226,0
2021-11-03 11:58:00,226,226,226,226,0
2021-11-03 11:59:00,226,226,226,226,0
2021-11-03 12:00:00,226,226,226,226,0
2021-11-03 12:01:00,226,226,226,226,0
2021-11-03 12:02:00,226,226,226,226,0
2021-11-03 12:03:00,226,226,226,226,0
2021-11-03 12:04:00,226,226,226,226,0
2021-11-03 12:05:00,226,226,226,226,0
2021-11-03 12:06:00,226,226,226,226,0
2021-11-03 12:07:00,226,226,226,226,0
2021-11-03 12:08:00,226,226,226,226,0
2021-11-03 12:09:00,226,226,226,226,0
2021-11-03 12:10:00,226,226,226,226,0
2021-11-03 12:11:00,226,226,226,226,0
2021-11-03 12:12:00,226,226,226,226,0
2021-11-03 12:13:00,226,226,226,226,0
2021-11-03 12:14:00,226,226,226,226,0
2021-11-03 12:15:00,226,226,226,226,0
2021-11-03 12:16:00,226,226,226,226,0
2021-11-03 12:17:00,226,226,226,226,0
2021-11-03 12:18:00,226,226,226,226,0
2021-11-03 12:19:00,226,226,226,226,0
2021-11-03 12:20:00,226,226,226,226,0
2021-11-03 12:21:00,226,226,226,226,0
2021-11-03 12:22:00,226,226,226,226,0
2021-11-03 12:23:00,226,226,226,226,0
2021-11-03 12:24:00,226,226,226,226,0
2021-11-03 12:25:00,226,226,226,226,0
2021-11-03 12:26:00,226,226,226,226,0
2021-11-03 12:27:00,226,226,226,226,0
2021-11-03 12:28:00,226,226,226,226,0
2021-11-03 12:29:00,226,226,226,226,0
2021-11-03 12:30:00,226,226,226,226,0
2021-11-03 12:31:00,226,226,226,226,0
2021-11-03 12:32:00,226,226,226,226,0
2021-11-03 12:33:00,226,226,226,226,0
2021-11-03 12:34:00,226,226,226,226,0
2021-11-03 12:35:00,226,226,226,226,0
2021-11-03 12:36:00,226,226,226,226,0
2021-11-03 12:37:00,226,226,226,226,0
2021-11-03 12:38:00,226,226,226,226,0
2021-11-03 12:39:00,226,226,226,226,0
2021-11-03 12:40:00,226,226,226,226,0
2021-11-03 12:41:00,226,226,226,226,0
2021-11-03 12:42:00,226,226,226,226,0
2021-11-03 12:43:00,226,226,226,226,0
2021-11-03 12:44:00,226,226,226,226,0
2021-11-03 12:45:00,226,226,226,226,0
2021-11-03 12:46:00,226,226,226,226,0
2021-11-03 12:47:00,226,226,226,226,0
2021-11-03 12:48:00,226,226,226,226,0
2021-11-03 12:49:00,226,226,226,226,0
2021-11-03 12:50:00,226,226,226,226,0
2021-11-03 12:51:00,226,226,226,226,0
2021-11-03 12:52:00,226,226,226,226,0
2021-11-03 12:53:00,226,226,226,226,0
2021-11-03 12:54:00,226,226,226,226,0
2021-11-03 12:55:00,226,226,226,226,0
2021-11-03 12:56:00,226,226,226,226,0
2021-11-03 12:57:00,226,226,226,226,0
2021-11-03 12:58:00,226,226,226,226,0
2021-11-03 12:59:00,226,226,226,226,0
2021-11-03 13:00:00,226,226,226,226,0
2021-11-03 13:01:00,226,226,226,226,0
2021-11-03 13:02:00,226,226,226,226,0
2021-11-03 13:03:00,226,226,226,226,0
2021-11-03 13:04:00,226,226,226,226,0
2021-11-03 13:05:00,226,226,226,226,0
2021-11-03 13:06:00,226,226,226,226,0
2021-11-03 13:07:00,226,226,226,226,0
2021-11-03 13:08:00,226,226,226,226,0
2021-11-03 13:09:00,226,226,226,226,0
2021-11-03 13:10:00,226,226,226,226,0
2021-11-03 13:11:00,226,226,226,226,0
2021-11-03 13:12:00,226,226,226,226,0
2021-11-03 13:13:00,226,226,226,226,0
2021-11-03 13:14:00,226,226,226,226,0
2021-11-03 13:15:00,226,226,226,226,0
2021-11-03 13:16:00,226,226,226,226,0
2021-11-03 13:17:00,226,226,226,226,0
2021-11-03 13:18:00,226,226,226,226,0
2021-11-03 13:19:00,226,226,226,226,0
2021-11-03 13:20:00,226,226,226,226,0
2021-11-03 13:21:00,226,226,226,226,0
2021-11-03 13:22:00,226,226,226,226,0
2021-11-03 13:23:00,226,226,226,226,0
2021-11-03 13:24:00,226,226,226,226,0
2021-11-03 13:25:00,226,226,226,226,0
2021-11-03 13:26:00,226,226,226,226,0
2021-11-03 13:27:00,226,226,226,226,0
2021-11-03 13:28:00,226,226,226,226,0
2021-11-03 13:29:00,226,226,226,226,0
2021-11-03 13:30:00,226,226,226,226,300
2021-11-03 13:31:00,226,226,226,226,0
2021-11-03 13:32:00,226,226,226,226,0
2021-11-03 13:33:00,226,226,226,226,0
2021-11-03 13:34:00,226,226,226,226,0
2021-11-03 13:35:00,226,226,226,226,200
2021-11-03 13:36:00,226,226,226,226,0
2021-11-03 13:37:00,220,218,220,218,2000
2021-11-03 13:38:00,226,226,226,226,200
2021-11-03 13:39:00,226,226,226,226,0
2021-11-03 13:40:00,226,226,226,226,0
2021-11-03 13:41:00,226,226,226,226,0
2021-11-03 13:42:00,218,218,218,218,300
2021-11-03 13:43:00,218,218,218,218,0
2021-11-03 13:44:00,218,218,218,218,0
2021-11-03 13:45:00,218,218,218,218,0
2021-11-03 13:46:00,218,218,218,218,0
2021-11-03 13:47:00,218,218,218,218,0
2021-11-03 13:48:00,218,218,218,218,0
2021-11-03 13:49:00,218,218,218,218,0
2021-11-03 13:50:00,218,218,218,218,0
2021-11-03 13:51:00,218,218,218,218,0
2021-11-03 13:52:00,218,218,218,218,0
2021-11-03 13:53:00,218,218,218,218,0
2021-11-03 13:54:00,218,218,218,218,0
2021-11-03 13:55:00,218,218,218,218,0
2021-11-03 13:56:00,218,218,218,218,0
2021-11-03 13:57:00,218,218,218,218,0
2021-11-03 13:58:00,218,218,218,218,0
2021-11-03 13:59:00,218,218,218,218,0
2021-11-03 14:00:00,218,218,218,218,0
2021-11-03 14:01:00,218,218,218,218,0
2021-11-03 14:02:00,218,218,218,218,0
2021-11-03 14:03:00,218,218,218,218,0
2021-11-03 14:04:00,218,218,218,218,0
2021-11-03 14:05:00,218,218,218,218,0
2021-11-03 14:06:00,218,218,218,218,0
2021-11-03 14:07:00,218,218,218,218,0
2021-11-03 14:08:00,218,218,218,218,0
2021-11-03 14:09:00,218,218,218,218,0
2021-11-03 14:10:00,218,218,218,218,0
2021-11-03 14:11:00,218,218,218,218,0
2021-11-03 14:12:00,218,218,218,218,0
2021-11-03 14:13:00,218,218,218,218,0
2021-11-03 14:14:00,218,218,218,218,0
2021-11-03 14:15:00,218,218,218,218,0
2021-11-03 14:16:00,218,218,218,218,0
2021-11-03 14:17:00,218,218,218,218,0
2021-11-03 14:18:00,218,218,218,218,0
2021-11-03 14:19:00,218,218,218,218,0
2021-11-03 14:20:00,218,218,218,218,0
2021-11-03 14:21:00,218,218,218,218,0
2021-11-03 14:22:00,218,218,218,218,0
2021-11-03 14:23:00,218,218,218,218,0
2021-11-03 14:24:00,218,218,218,218,0
2021-11-03 14:25:00,218,218,218,218,0
2021-11-03 14:26:00,218,218,218,218,0
2021-11-03 14:27:00,218,218,218,218,0
2021-11-03 14:28:00,218,218,218,218,0
2021-11-03 14:29:00,218,218,218,218,0
2021-11-03 14:30:00,218,218,218,218,0
2021-11-03 14:31:00,218,218,218,218,0
2021-11-03 14:32:00,218,218,218,218,0
2021-11-03 14:33:00,218,218,218,218,0
2021-11-03 14:34:00,218,218,218,218,0
2021-11-03 14:35:00,218,218,218,218,0
2021-11-03 14:36:00,218,218,218,218,0
2021-11-03 14:37:00,218,218,218,218,0
2021-11-03 14:38:00,218,218,218,218,0
2021-11-03 14:39:00,218,218,218,218,0
2021-11-03 14:40:00,218,218,218,218,0
2021-11-03 14:41:00,218,218,218,218,0
2021-11-03 14:42:00,218,218,218,218,0
2021-11-03 14:43:00,218,218,218,218,0
2021-11-03 14:44:00,218,218,218,218,200
2021-11-03 14:45:00,218,218,218,218,0
2021-11-03 14:46:00,218,218,218,218,0
2021-11-03 14:47:00,218,218,218,218,0
2021-11-03 14:48:00,218,218,218,218,0
2021-11-03 14:49:00,218,218,218,218,0
2021-11-03 14:50:00,218,218,218,218,0
2021-11-03 14:51:00,218,218,218,218,0
2021-11-03 14:52:00,218,218,218,218,0
2021-11-03 14:53:00,218,218,218,218,0
2021-11-03 14:54:00,218,218,218,218,0
2021-11-03 14:55:00,218,218,218,218,0
2021-11-03 14:56:00,218,218,218,218,0
2021-11-03 14:57:00,218,218,218,218,0
2021-11-03 14:58:00,218,218,218,218,0
2021-11-03 14:59:00,218,218,218,218,0
2021-11-03 15:00:00,218,218,218,218,3000
2021-11-03 15:01:00,218,218,218,218,0
2021-11-03 15:02:00,218,218,218,218,0
2021-11-03 15:03:00,218,218,218,218,0
2021-11-03 15:04:00,218,218,218,218,0
2021-11-03 15:05:00,218,218,218,218,0
2021-11-03 15:06:00,218,218,218,218,0
2021-11-03 15:07:00,218,218,218,218,0
2021-11-03 15:08:00,218,218,218,218,0
2021-11-03 15:09:00,218,218,218,218,0
2021-11-03 15:10:00,218,218,218,218,0
2021-11-03 15:11:00,218,218,218,218,0
2021-11-03 15:12:00,218,218,218,218,0
2021-11-03 15:13:00,218,218,218,218,0
2021-11-03 15:14:00,218,218,218,218,0
2021-11-03 15:15:00,218,218,218,218,0
2021-11-03 15:16:00,218,218,218,218,0
2021-11-03 15:17:00,218,218,218,218,0
2021-11-03 15:18:00,218,218,218,218,0
2021-11-03 15:19:00,218,218,218,218,0
2021-11-03 15:20:00,218,218,218,218,0
2021-11-03 15:21:00,218,218,218,218,0
2021-11-03 15:22:00,218,218,218,218,0
2021-11-03 15:23:00,218,218,218,218,0
2021-11-03 15:24:00,218,218,218,218,0
2021-11-03 15:25:00,218,218,218,218,0
2021-11-03 15:26:00,218,218,218,218,0
2021-11-03 15:27:00,218,218,218,218,0
2021-11-03 15:28:00,218,218,218,218,0
2021-11-03 15:29:00,218,218,218,218,0
2021-11-03 15:30:00,218,218,218,218,0
2021-11-03 15:31:00,218,218,218,218,0
2021-11-03 15:32:00,218,218,218,218,0
2021-11-03 15:33:00,218,218,218,218,0
2021-11-03 15:34:00,218,218,218,218,0
2021-11-03 15:35:00,218,218,218,218,0
2021-11-03 15:36:00,218,218,218,218,0
2021-11-03 15:37:00,218,218,218,218,0
2021-11-03 15:38:00,218,218,218,218,0
2021-11-03 15:39:00,218,218,218,218,0
2021-11-03 15:40:00,218,218,218,218,0
2021-11-03 15:41:00,218,218,218,218,0
2021-11-03 15:42:00,218,218,218,218,0
2021-11-03 15:43:00,218,218,218,218,0
2021-11-03 15:44:00,218,218,218,218,0
2021-11-03 15:45:00,218,218,218,218,0
2021-11-03 15:46:00,218,218,218,218,0
2021-11-03 15:47:00,218,218,218,218,0
2021-11-03 15:48:00,218,218,218,218,0
2021-11-03 15:49:00,218,218,218,218,0
2021-11-03 15:50:00,218,218,218,218,0
2021-11-03 15:51:00,218,218,218,218,0
2021-11-03 15:52:00,218,218,218,218,0
2021-11-03 15:53:00,218,218,218,218,0
2021-11-03 15:54:00,218,218,218,218,0
2021-11-03 15:55:00,218,218,218,218,0
2021-11-03 15:56:00,218,218,218,218,0
2021-11-03 15:57:00,218,218,218,218,0
2021-11-03 15:58:00,218,218,218,218,0
2021-11-03 15:59:00,218,218,218,218,0
2021-11-04 09:00:00,218,218,218,218,0
2021-11-04 09:01:00,220,220,220,220,0
2021-11-04 09:02:00,220,220,220,220,0
2021-11-04 09:03:00,220,220,220,220,0
2021-11-04 09:04:00,220,220,220,220,0
2021-11-04 09:05:00,220,220,220,220,0
2021-11-04 09:06:00,218,218,218,218,100
2021-11-04 09:07:00,218,218,218,218,0
2021-11-04 09:08:00,218,218,218,218,0
2021-11-04 09:09:00,218,218,218,218,0
2021-11-04 09:10:00,218,218,218,218,0
2021-11-04 09:11:00,218,218,218,218,0
2021-11-04 09:12:00,218,218,218,218,0
2021-11-04 09:13:00,218,218,218,218,0
2021-11-04 09:14:00,218,218,218,218,0
2021-11-04 09:15:00,218,218,218,218,0
2021-11-04 09:16:00,218,218,218,218,0
2021-11-04 09:17:00,218,218,218,218,0
2021-11-04 09:18:00,218,218,218,218,0
2021-11-04 09:19:00,218,218,218,218,1000
2021-11-04 09:20:00,218,218,218,218,0
2021-11-04 09:21:00,218,218,218,218,0
2021-11-04 09:22:00,218,218,218,218,0
2021-11-04 09:23:00,218,218,218,218,0
2021-11-04 09:24:00,218,218,218,218,0
2021-11-04 09:25:00,218,218,218,218,0
2021-11-04 09:26:00,218,218,218,218,0
2021-11-04 09:27:00,218,218,218,218,0
2021-11-04 09:28:00,218,218,218,218,0
2021-11-04 09:29:00,218,218,218,218,0
2021-11-04 09:30:00,218,218,218,218,0
2021-11-04 09:31:00,218,218,218,218,0
2021-11-04 09:32:00,218,218,218,218,0
2021-11-04 09:33:00,218,218,218,218,0
2021-11-04 09:34:00,218,218,218,218,0
2021-11-04 09:35:00,218,218,218,218,0
2021-11-04 09:36:00,218,218,218,218,0
2021-11-04 09:37:00,218,218,218,218,0
2021-11-04 09:38:00,218,218,218,218,0
2021-11-04 09:39:00,218,218,218,218,0
2021-11-04 09:40:00,218,218,218,218,0
2021-11-04 09:41:00,218,218,218,218,0
2021-11-04 09:42:00,218,218,218,218,0
2021-11-04 09:43:00,218,218,218,218,100
2021-11-04 09:44:00,218,218,218,218,0
2021-11-04 09:45:00,218,218,218,218,0
2021-11-04 09:46:00,218,218,218,218,0
2021-11-04 09:47:00,218,218,218,218,0
2021-11-04 09:48:00,218,218,218,218,0
2021-11-04 09:49:00,218,218,218,218,0
2021-11-04 09:50:00,218,218,218,218,0
2021-11-04 09:51:00,218,218,218,218,0
2021-11-04 09:52:00,218,218,218,218,0
2021-11-04 09:53:00,218,218,218,218,0
2021-11-04 09:54:00,220,220,220,220,1000
2021-11-04 09:55:00,220,220,220,220,0
2021-11-04 09:56:00,220,220,220,220,0
2021-11-04 09:57:00,220,220,220,220,0
2021-11-04 09:58:00,220,220,220,220,0
2021-11-04 09:59:00,220,220,220,220,0
2021-11-04 10:00:00,220,220,220,220,0
2021-11-04 10:01:00,220,220,220,220,0
2021-11-04 10:02:00,220,220,220,220,0
2021-11-04 10:03:00,220,220,220,220,0
2021-11-04 10:04:00,220,220,220,220,0
2021-11-04 10:05:00,220,220,220,220,0
2021-11-04 10:06:00,220,220,220,220,0
2021-11-04 10:07:00,218,218,218,218,1000
2021-11-04 10:08:00,218,218,218,218,0
2021-11-04 10:09:00,218,218,218,218,0
2021-11-04 10:10:00,218,218,218,218,0
2021-11-04 10:11:00,218,218,218,218,0
2021-11-04 10:12:00,218,218,218,218,0
2021-11-04 10:13:00,218,218,218,218,0
2021-11-04 10:14:00,218,218,218,218,0
2021-11-04 10:15:00,218,218,218,218,0
2021-11-04 10:16:00,218,218,218,218,0
2021-11-04 10:17:00,220,220,220,220,3200
2021-11-04 10:18:00,220,220,220,220,0
2021-11-04 10:19:00,220,220,220,220,0
2021-11-04 10:20:00,220,220,220,220,0
2021-11-04 10:21:00,220,220,220,220,0
2021-11-04 10:22:00,220,220,220,220,0
2021-11-04 10:23:00,220,220,220,220,0
2021-11-04 10:24:00,220,220,220,220,0
2021-11-04 10:25:00,220,220,220,220,0
2021-11-04 10:26:00,220,220,220,220,0
2021-11-04 10:27:00,220,220,220,220,0
2021-11-04 10:28:00,220,220,220,220,0
2021-11-04 10:29:00,220,220,220,220,0
2021-11-04 10:30:00,220,220,220,220,0
2021-11-04 10:31:00,220,220,220,220,0
2021-11-04 10:32:00,220,220,220,220,0
2021-11-04 10:33:00,220,220,220,220,0
2021-11-04 10:34:00,220,220,220,220,0
2021-11-04 10:35:00,220,220,220,220,0
2021-11-04 10:36:00,220,220,220,220,0
2021-11-04 10:37:00,220,220,220,220,0
2021-11-04 10:38:00,220,220,220,220,0
2021-11-04 10:39:00,220,220,220,220,5000
2021-11-04 10:40:00,220,220,220,220,0
2021-11-04 10:41:00,220,220,220,220,0
2021-11-04 10:42:00,220,220,220,220,0
2021-11-04 10:43:00,220,220,220,220,0
2021-11-04 10:44:00,220,220,220,220,0
2021-11-04 10:45:00,220,220,220,220,0
2021-11-04 10:46:00,220,220,220,220,0
2021-11-04 10:47:00,220,220,220,220,0
2021-11-04 10:48:00,220,220,220,220,0
2021-11-04 10:49:00,220,220,220,220,0
2021-11-04 10:50:00,220,220,220,220,200
2021-11-04 10:51:00,220,220,220,220,0
2021-11-04 10:52:00,220,220,220,220,0
2021-11-04 10:53:00,220,220,220,220,0
2021-11-04 10:54:00,220,220,220,220,0
2021-11-04 10:55:00,220,220,220,220,0
2021-11-04 10:56:00,220,220,220,220,0
2021-11-04 10:57:00,220,220,220,220,0
2021-11-04 10:58:00,220,220,220,220,0
2021-11-04 10:59:00,220,220,220,220,0
2021-11-04 11:00:00,220,220,220,220,0
2021-11-04 11:01:00,220,220,220,220,0
2021-11-04 11:02:00,220,220,220,220,0
2021-11-04 11:03:00,222,222,222,222,400
2021-11-04 11:04:00,222,222,222,222,0
2021-11-04 11:05:00,222,222,222,222,0
2021-11-04 11:06:00,222,222,222,222,700
2021-11-04 11:07:00,222,222,222,222,0
2021-11-04 11:08:00,222,222,222,222,0
2021-11-04 11:09:00,222,222,222,222,0
2021-11-04 11:10:00,222,222,222,222,0
2021-11-04 11:11:00,222,222,222,222,0
2021-11-04 11:12:00,222,222,222,222,0
2021-11-04 11:13:00,222,222,222,222,0
2021-11-04 11:14:00,222,222,222,222,0
2021-11-04 11:15:00,222,222,222,222,0
2021-11-04 11:16:00,222,222,222,222,0
2021-11-04 11:17:00,222,222,222,222,900
2021-11-04 11:18:00,222,222,222,222,0
2021-11-04 11:19:00,222,222,222,222,0
2021-11-04 11:20:00,222,222,222,222,100
2021-11-04 11:21:00,222,222,222,222,0
2021-11-04 11:22:00,222,222,222,222,0
2021-11-04 11:23:00,222,222,222,222,0
2021-11-04 11:24:00,222,222,222,222,0
2021-11-04 11:25:00,222,222,222,222,0
2021-11-04 11:26:00,222,222,222,222,0
2021-11-04 11:27:00,222,222,222,222,0
2021-11-04 11:28:00,222,222,222,222,0
2021-11-04 11:29:00,222,222,222,222,0
2021-11-04 11:30:00,222,222,222,222,0
2021-11-04 11:31:00,222,222,222,222,0
2021-11-04 11:32:00,222,222,222,222,0
2021-11-04 11:33:00,222,222,222,222,0
2021-11-04 11:34:00,222,222,222,222,0
2021-11-04 11:35:00,222,222,222,222,0
2021-11-04 11:36:00,222,222,222,222,0
2021-11-04 11:37:00,222,222,222,222,0
2021-11-04 11:38:00,222,222,222,222,0
2021-11-04 11:39:00,222,222,222,222,0
2021-11-04 11:40:00,222,222,222,222,0
2021-11-04 11:41:00,222,222,222,222,0
2021-11-04 11:42:00,222,222,222,222,0
2021-11-04 11:43:00,222,222,222,222,0
2021-11-04 11:44:00,222,222,222,222,0
2021-11-04 11:45:00,222,222,222,222,0
2021-11-04 11:46:00,222,222,222,222,0
2021-11-04 11:47:00,222,222,222,222,0
2021-11-04 11:48:00,222,222,222,222,0
2021-11-04 11:49:00,222,222,222,222,0
2021-11-04 11:50:00,222,222,222,222,0
2021-11-04 11:51:00,222,222,222,222,0
2021-11-04 11:52:00,222,222,222,222,0
2021-11-04 11:53:00,222,222,222,222,0
2021-11-04 11:54:00,222,222,222,222,0
2021-11-04 11:55:00,222,222,222,222,0
2021-11-04 11:56:00,222,222,222,222,0
2021-11-04 11:57:00,222,222,222,222,0
2021-11-04 11:58:00,222,222,222,222,0
2021-11-04 11:59:00,222,222,222,222,0
2021-11-04 12:00:00,222,222,222,222,0
2021-11-04 12:01:00,222,222,222,222,0
2021-11-04 12:02:00,222,222,222,222,0
2021-11-04 12:03:00,222,222,222,222,0
2021-11-04 12:04:00,222,222,222,222,0
2021-11-04 12:05:00,222,222,222,222,0
2021-11-04 12:06:00,222,222,222,222,0
2021-11-04 12:07:00,222,222,222,222,0
2021-11-04 12:08:00,222,222,222,222,0
2021-11-04 12:09:00,222,222,222,222,0
2021-11-04 12:10:00,222,222,222,222,0
2021-11-04 12:11:00,222,222,222,222,0
2021-11-04 12:12:00,222,222,222,222,0
2021-11-04 12:13:00,222,222,222,222,0
2021-11-04 12:14:00,222,222,222,222,0
2021-11-04 12:15:00,222,222,222,222,0
2021-11-04 12:16:00,222,222,222,222,0
2021-11-04 12:17:00,222,222,222,222,0
2021-11-04 12:18:00,222,222,222,222,0
2021-11-04 12:19:00,222,222,222,222,0
2021-11-04 12:20:00,222,222,222,222,0
2021-11-04 12:21:00,222,222,222,222,0
2021-11-04 12:22:00,222,222,222,222,0
2021-11-04 12:23:00,222,222,222,222,0
2021-11-04 12:24:00,222,222,222,222,0
2021-11-04 12:25:00,222,222,222,222,0
2021-11-04 12:26:00,222,222,222,222,0
2021-11-04 12:27:00,222,222,222,222,0
2021-11-04 12:28:00,222,222,222,222,0
2021-11-04 12:29:00,222,222,222,222,0
2021-11-04 12:30:00,222,222,222,222,0
2021-11-04 12:31:00,222,222,222,222,0
2021-11-04 12:32:00,222,222,222,222,0
2021-11-04 12:33:00,222,222,222,222,0
2021-11-04 12:34:00,222,222,222,222,0
2021-11-04 12:35:00,222,222,222,222,0
2021-11-04 12:36:00,222,222,222,222,0
2021-11-04 12:37:00,222,222,222,222,0
2021-11-04 12:38:00,222,222,222,222,0
2021-11-04 12:39:00,222,222,222,222,0
2021-11-04 12:40:00,222,222,222,222,0
2021-11-04 12:41:00,222,222,222,222,0
2021-11-04 12:42:00,222,222,222,222,0
2021-11-04 12:43:00,222,222,222,222,0
2021-11-04 12:44:00,222,222,222,222,0
2021-11-04 12:45:00,222,222,222,222,0
2021-11-04 12:46:00,222,222,222,222,0
2021-11-04 12:47:00,222,222,222,222,0
2021-11-04 12:48:00,222,222,222,222,0
2021-11-04 12:49:00,222,222,222,222,0
2021-11-04 12:50:00,222,222,222,222,0
2021-11-04 12:51:00,222,222,222,222,0
2021-11-04 12:52:00,222,222,222,222,0
2021-11-04 12:53:00,222,222,222,222,0
2021-11-04 12:54:00,222,222,222,222,0
2021-11-04 12:55:00,222,222,222,222,0
2021-11-04 12:56:00,222,222,222,222,0
2021-11-04 12:57:00,222,222,222,222,0
2021-11-04 12:58:00,222,222,222,222,0
2021-11-04 12:59:00,222,222,222,222,0
2021-11-04 13:00:00,222,222,222,222,0
2021-11-04 13:01:00,222,222,222,222,0
2021-11-04 13:02:00,222,222,222,222,0
2021-11-04 13:03:00,222,222,222,222,0
2021-11-04 13:04:00,222,222,222,222,0
2021-11-04 13:05:00,222,222,222,222,0
2021-11-04 13:06:00,222,222,222,222,0
2021-11-04 13:07:00,222,222,222,222,0
2021-11-04 13:08:00,222,222,222,222,0
2021-11-04 13:09:00,222,222,222,222,0
2021-11-04 13:10:00,222,222,222,222,0
2021-11-04 13:11:00,222,222,222,222,0
2021-11-04 13:12:00,222,222,222,222,0
2021-11-04 13:13:00,222,222,222,222,0
2021-11-04 13:14:00,222,222,222,222,0
2021-11-04 13:15:00,222,222,222,222,0
2021-11-04 13:16:00,222,222,222,222,0
2021-11-04 13:17:00,222,222,222,222,0
2021-11-04 13:18:00,222,222,222,222,0
2021-11-04 13:19:00,222,222,222,222,0
2021-11-04 13:20:00,222,222,222,222,0
2021-11-04 13:21:00,222,222,222,222,0
2021-11-04 13:22:00,222,222,222,222,0
2021-11-04 13:23:00,222,222,222,222,0
2021-11-04 13:24:00,222,222,222,222,0
2021-11-04 13:25:00,222,222,222,222,0
2021-11-04 13:26:00,222,222,222,222,0
2021-11-04 13:27:00,222,222,222,222,0
2021-11-04 13:28:00,222,222,222,222,0
2021-11-04 13:29:00,222,222,222,222,0
2021-11-04 13:30:00,220,220,222,222,2400
2021-11-04 13:31:00,220,220,222,222,0
2021-11-04 13:32:00,220,220,222,222,0
2021-11-04 13:33:00,220,220,222,222,0
2021-11-04 13:34:00,220,220,222,222,0
2021-11-04 13:35:00,220,220,222,222,0
2021-11-04 13:36:00,220,220,222,222,0
2021-11-04 13:37:00,220,220,222,222,0
2021-11-04 13:38:00,220,220,222,222,0
2021-11-04 13:39:00,220,220,222,222,0
2021-11-04 13:40:00,220,220,222,222,0
2021-11-04 13:41:00,220,220,222,222,0
2021-11-04 13:42:00,220,220,222,222,0
2021-11-04 13:43:00,220,220,222,222,0
2021-11-04 13:44:00,220,220,222,222,0
2021-11-04 13:45:00,220,220,222,222,0
2021-11-04 13:46:00,220,220,222,222,0
2021-11-04 13:47:00,226,226,238,238,7500
2021-11-04 13:48:00,222,222,222,222,7500
2021-11-04 13:49:00,232,232,232,232,7300
2021-11-04 13:50:00,232,232,234,234,500
2021-11-04 13:51:00,224,222,224,222,7500
2021-11-04 13:52:00,224,224,224,224,100
2021-11-04 13:53:00,224,224,224,224,0
2021-11-04 13:54:00,226,226,232,232,900
2021-11-04 13:55:00,232,232,232,232,6800
2021-11-04 13:56:00,232,232,232,232,0
2021-11-04 13:57:00,232,232,232,232,0
2021-11-04 13:58:00,224,224,224,224,7700
2021-11-04 13:59:00,230,230,230,230,6700
2021-11-04 14:00:00,230,230,230,230,1000
2021-11-04 14:01:00,224,224,224,224,5600
2021-11-04 14:02:00,224,224,224,224,2100
2021-11-04 14:03:00,224,224,224,224,0
2021-11-04 14:04:00,230,230,230,230,1700
2021-11-04 14:05:00,230,224,230,224,11800
2021-11-04 14:06:00,230,230,230,230,5800
2021-11-04 14:07:00,230,230,230,230,0
2021-11-04 14:08:00,230,230,230,230,0
2021-11-04 14:09:00,230,230,230,230,0
2021-11-04 14:10:00,220,220,220,220,7700
2021-11-04 14:11:00,220,220,220,220,0
2021-11-04 14:12:00,220,220,220,220,0
2021-11-04 14:13:00,220,220,220,220,0
2021-11-04 14:14:00,220,220,220,220,0
2021-11-04 14:15:00,220,220,220,220,0
2021-11-04 14:16:00,220,220,220,220,0
2021-11-04 14:17:00,220,220,220,220,0
2021-11-04 14:18:00,220,220,220,220,0
2021-11-04 14:19:00,220,220,220,220,0
2021-11-04 14:20:00,220,220,220,220,0
2021-11-04 14:21:00,220,220,220,220,0
2021-11-04 14:22:00,220,220,220,220,0
2021-11-04 14:23:00,220,220,220,220,100
2021-11-04 14:24:00,220,220,220,220,0
2021-11-04 14:25:00,220,220,220,220,0
2021-11-04 14:26:00,220,220,220,220,0
2021-11-04 14:27:00,220,220,220,220,0
2021-11-04 14:28:00,220,220,220,220,0
2021-11-04 14:29:00,220,220,220,220,0
2021-11-04 14:30:00,220,220,220,220,0
2021-11-04 14:31:00,220,220,220,220,0
2021-11-04 14:32:00,218,218,218,218,400
2021-11-04 14:33:00,218,218,218,218,0
2021-11-04 14:34:00,218,218,218,218,0
2021-11-04 14:35:00,218,218,218,218,0
2021-11-04 14:36:00,218,218,218,218,0
2021-11-04 14:37:00,218,218,218,218,0
2021-11-04 14:38:00,218,218,218,218,0
2021-11-04 14:39:00,218,218,218,218,0
2021-11-04 14:40:00,218,218,218,218,0
2021-11-04 14:41:00,218,218,218,218,0
2021-11-04 14:42:00,218,218,218,218,0
2021-11-04 14:43:00,218,218,218,218,0
2021-11-04 14:44:00,218,218,218,218,0
2021-11-04 14:45:00,218,218,218,218,0
2021-11-04 14:46:00,218,218,218,218,0
2021-11-04 14:47:00,218,218,218,218,0
2021-11-04 14:48:00,218,218,218,218,0
2021-11-04 14:49:00,218,218,218,218,0
2021-11-04 14:50:00,218,218,218,218,0
2021-11-04 14:51:00,218,218,218,218,0
2021-11-04 14:52:00,218,218,218,218,0
2021-11-04 14:53:00,218,218,218,218,0
2021-11-04 14:54:00,218,218,218,218,0
2021-11-04 14:55:00,218,218,218,218,0
2021-11-04 14:56:00,218,218,218,218,0
2021-11-04 14:57:00,218,218,218,218,0
2021-11-04 14:58:00,218,218,218,218,0
2021-11-04 14:59:00,218,218,218,218,0
2021-11-04 15:00:00,218,218,218,218,0
2021-11-04 15:01:00,218,218,218,218,0
2021-11-04 15:02:00,218,218,218,218,0
2021-11-04 15:03:00,218,218,218,218,0
2021-11-04 15:04:00,218,218,218,218,0
2021-11-04 15:05:00,218,218,218,218,0
2021-11-04 15:06:00,218,218,218,218,0
2021-11-04 15:07:00,218,218,218,218,0
2021-11-04 15:08:00,218,218,218,218,0
2021-11-04 15:09:00,218,218,218,218,0
2021-11-04 15:10:00,218,218,218,218,0
2021-11-04 15:11:00,218,218,218,218,0
2021-11-04 15:12:00,218,218,218,218,0
2021-11-04 15:13:00,218,218,218,218,0
2021-11-04 15:14:00,218,218,218,218,0
2021-11-04 15:15:00,218,218,218,218,0
2021-11-04 15:16:00,218,218,218,218,0
2021-11-04 15:17:00,218,218,218,218,0
2021-11-04 15:18:00,218,218,218,218,0
2021-11-04 15:19:00,218,218,218,218,0
2021-11-04 15:20:00,218,218,218,218,0
2021-11-04 15:21:00,218,218,218,218,0
2021-11-04 15:22:00,218,218,218,218,0
2021-11-04 15:23:00,218,218,218,218,0
2021-11-04 15:24:00,218,218,218,218,0
2021-11-04 15:25:00,218,218,218,218,0
2021-11-04 15:26:00,218,218,218,218,0
2021-11-04 15:27:00,218,218,218,218,0
2021-11-04 15:28:00,218,218,218,218,0
2021-11-04 15:29:00,218,218,218,218,0
2021-11-04 15:30:00,218,218,218,218,0
2021-11-04 15:31:00,218,218,218,218,0
2021-11-04 15:32:00,218,218,218,218,0
2021-11-04 15:33:00,218,218,218,218,0
2021-11-04 15:34:00,218,218,218,218,0
2021-11-04 15:35:00,218,218,218,218,0
2021-11-04 15:36:00,218,218,218,218,0
2021-11-04 15:37:00,218,218,218,218,0
2021-11-04 15:38:00,218,218,218,218,0
2021-11-04 15:39:00,218,218,218,218,0
2021-11-04 15:40:00,218,218,218,218,0
2021-11-04 15:41:00,218,218,218,218,0
2021-11-04 15:42:00,218,218,218,218,0
2021-11-04 15:43:00,218,218,218,218,0
2021-11-04 15:44:00,218,218,218,218,0
2021-11-04 15:45:00,218,218,218,218,0
2021-11-04 15:46:00,218,218,218,218,0
2021-11-04 15:47:00,218,218,218,218,0
2021-11-04 15:48:00,218,218,218,218,0
2021-11-04 15:49:00,218,218,218,218,0
2021-11-04 15:50:00,218,218,218,218,0
2021-11-04 15:51:00,218,218,218,218,0
2021-11-04 15:52:00,218,218,218,218,0
2021-11-04 15:53:00,218,218,218,218,0
2021-11-04 15:54:00,218,218,218,218,0
2021-11-04 15:55:00,218,218,218,218,0
2021-11-04 15:56:00,218,218,218,218,0
2021-11-04 15:57:00,218,218,218,218,0
2021-11-04 15:58:00,218,218,218,218,0
2021-11-04 15:59:00,218,218,218,218,0
2021-11-05 09:00:00,218,218,218,218,0
2021-11-05 09:01:00,218,218,218,218,0
2021-11-05 09:02:00,210,210,210,210,0
2021-11-05 09:03:00,210,210,210,210,0
2021-11-05 09:04:00,210,210,210,210,0
2021-11-05 09:05:00,210,210,210,210,0
2021-11-05 09:06:00,210,210,210,210,0
2021-11-05 09:07:00,210,210,210,210,0
2021-11-05 09:08:00,210,210,210,210,0
2021-11-05 09:09:00,210,210,210,210,0
2021-11-05 09:10:00,210,210,210,210,0
2021-11-05 09:11:00,210,210,210,210,300
2021-11-05 09:12:00,230,230,230,230,300
2021-11-05 09:13:00,214,214,230,230,400
2021-11-05 09:14:00,214,214,214,214,100
2021-11-05 09:15:00,228,228,228,228,200
2021-11-05 09:16:00,228,228,228,228,0
2021-11-05 09:17:00,228,228,228,228,0
2021-11-05 09:18:00,228,228,228,228,0
2021-11-05 09:19:00,228,228,228,228,0
2021-11-05 09:20:00,224,224,224,224,100
2021-11-05 09:21:00,224,224,224,224,0
2021-11-05 09:22:00,224,224,224,224,0
2021-11-05 09:23:00,224,224,224,224,200
2021-11-05 09:24:00,224,224,224,224,0
2021-11-05 09:25:00,224,224,224,224,0
2021-11-05 09:26:00,224,224,224,224,0
2021-11-05 09:27:00,224,224,224,224,100
2021-11-05 09:28:00,224,224,224,224,0
2021-11-05 09:29:00,224,224,224,224,0
2021-11-05 09:30:00,224,224,224,224,0
2021-11-05 09:31:00,222,222,222,222,100
2021-11-05 09:32:00,222,222,222,222,0
2021-11-05 09:33:00,222,222,222,222,0
2021-11-05 09:34:00,222,222,222,222,0
2021-11-05 09:35:00,222,222,222,222,0
2021-11-05 09:36:00,222,222,222,222,0
2021-11-05 09:37:00,222,222,222,222,0
2021-11-05 09:38:00,222,222,222,222,0
2021-11-05 09:39:00,222,222,222,222,0
2021-11-05 09:40:00,222,222,222,222,0
2021-11-05 09:41:00,222,222,222,222,0
2021-11-05 09:42:00,222,222,222,222,0
2021-11-05 09:43:00,222,222,222,222,0
2021-11-05 09:44:00,222,222,222,222,0
2021-11-05 09:45:00,220,220,220,220,100
2021-11-05 09:46:00,220,220,220,220,0
2021-11-05 09:47:00,220,220,220,220,0
2021-11-05 09:48:00,220,220,220,220,0
2021-11-05 09:49:00,220,220,220,220,0
2021-11-05 09:50:00,220,220,220,220,0
2021-11-05 09:51:00,220,220,220,220,0
2021-11-05 09:52:00,220,220,220,220,0
2021-11-05 09:53:00,220,220,220,220,0
2021-11-05 09:54:00,220,220,220,220,0
2021-11-05 09:55:00,220,220,220,220,0
2021-11-05 09:56:00,220,220,220,220,0
2021-11-05 09:57:00,220,220,220,220,0
2021-11-05 09:58:00,220,220,220,220,0
2021-11-05 09:59:00,220,220,220,220,0
2021-11-05 10:00:00,220,220,220,220,0
2021-11-05 10:01:00,220,220,220,220,0
2021-11-05 10:02:00,220,220,220,220,0
2021-11-05 10:03:00,220,220,220,220,0
2021-11-05 10:04:00,220,220,220,220,0
2021-11-05 10:05:00,220,220,220,220,6000
2021-11-05 10:06:00,220,220,220,220,0
2021-11-05 10:07:00,220,220,220,220,0
2021-11-05 10:08:00,220,220,220,220,0
2021-11-05 10:09:00,220,220,220,220,0
2021-11-05 10:10:00,220,220,220,220,0
2021-11-05 10:11:00,220,220,220,220,0
2021-11-05 10:12:00,220,220,220,220,0
2021-11-05 10:13:00,220,220,220,220,0
2021-11-05 10:14:00,220,220,220,220,0
2021-11-05 10:15:00,220,220,220,220,0
2021-11-05 10:16:00,220,220,220,220,0
2021-11-05 10:17:00,220,220,220,220,0
2021-11-05 10:18:00,220,220,220,220,0
2021-11-05 10:19:00,220,220,220,220,0
2021-11-05 10:20:00,220,220,220,220,0
2021-11-05 10:21:00,220,220,220,220,0
2021-11-05 10:22:00,220,220,220,220,0
2021-11-05 10:23:00,220,220,220,220,0
2021-11-05 10:24:00,220,220,220,220,0
2021-11-05 10:25:00,220,220,220,220,0
2021-11-05 10:26:00,220,220,220,220,0
2021-11-05 10:27:00,220,220,220,220,0
2021-11-05 10:28:00,220,220,220,220,0
2021-11-05 10:29:00,220,220,220,220,0
2021-11-05 10:30:00,220,220,220,220,0
2021-11-05 10:31:00,220,220,220,220,0
2021-11-05 10:32:00,220,220,220,220,0
2021-11-05 10:33:00,224,224,224,224,300
2021-11-05 10:34:00,224,224,224,224,0
2021-11-05 10:35:00,224,224,224,224,0
2021-11-05 10:36:00,224,224,224,224,0
2021-11-05 10:37:00,224,224,224,224,0
2021-11-05 10:38:00,224,224,224,224,0
2021-11-05 10:39:00,224,224,224,224,0
2021-11-05 10:40:00,224,224,224,224,0
2021-11-05 10:41:00,224,224,224,224,0
2021-11-05 10:42:00,224,224,224,224,0
2021-11-05 10:43:00,224,224,224,224,0
2021-11-05 10:44:00,224,224,224,224,0
2021-11-05 10:45:00,224,224,224,224,0
2021-11-05 10:46:00,224,224,224,224,0
2021-11-05 10:47:00,224,224,224,224,0
2021-11-05 10:48:00,224,224,224,224,0
2021-11-05 10:49:00,224,224,224,224,0
2021-11-05 10:50:00,224,224,224,224,0
2021-11-05 10:51:00,224,224,224,224,0
2021-11-05 10:52:00,224,224,224,224,0
2021-11-05 10:53:00,224,224,224,224,0
2021-11-05 10:54:00,224,224,224,224,0
2021-11-05 10:55:00,224,224,224,224,0
2021-11-05 10:56:00,224,224,224,224,0
2021-11-05 10:57:00,224,224,224,224,0
2021-11-05 10:58:00,224,224,224,224,100
2021-11-05 10:59:00,224,224,224,224,0
2021-11-05 11:00:00,224,224,224,224,0
2021-11-05 11:01:00,224,224,224,224,0
2021-11-05 11:02:00,224,224,224,224,0
2021-11-05 11:03:00,224,224,224,224,0
2021-11-05 11:04:00,224,224,224,224,0
2021-11-05 11:05:00,224,224,224,224,0
2021-11-05 11:06:00,224,224,224,224,0
2021-11-05 11:07:00,224,224,224,224,0
2021-11-05 11:08:00,224,224,224,224,0
2021-11-05 11:09:00,224,224,224,224,0
2021-11-05 11:10:00,224,224,224,224,0
2021-11-05 11:11:00,224,224,224,224,0
2021-11-05 11:12:00,224,224,224,224,0
2021-11-05 11:13:00,224,224,224,224,0
2021-11-05 11:14:00,224,224,224,224,0
2021-11-05 11:15:00,224,224,224,224,0
2021-11-05 11:16:00,224,224,224,224,0
2021-11-05 11:17:00,224,224,224,224,0
2021-11-05 11:18:00,224,224,224,224,0
2021-11-05 11:19:00,224,224,224,224,0
2021-11-05 11:20:00,224,224,224,224,0
2021-11-05 11:21:00,224,224,224,224,0
2021-11-05 11:22:00,224,224,224,224,0
2021-11-05 11:23:00,224,224,224,224,0
2021-11-05 11:24:00,224,224,224,224,0
2021-11-05 11:25:00,224,224,224,224,0
2021-11-05 11:26:00,224,224,224,224,0
2021-11-05 11:27:00,224,224,224,224,0
2021-11-05 11:28:00,224,224,224,224,0
2021-11-05 11:29:00,224,224,224,224,0
2021-11-05 11:30:00,224,224,224,224,0
2021-11-05 11:31:00,224,224,224,224,0
2021-11-05 11:32:00,224,224,224,224,0
2021-11-05 11:33:00,224,224,224,224,0
2021-11-05 11:34:00,224,224,224,224,0
2021-11-05 11:35:00,224,224,224,224,0
2021-11-05 11:36:00,224,224,224,224,0
2021-11-05 11:37:00,224,224,224,224,0
2021-11-05 11:38:00,224,224,224,224,0
2021-11-05 11:39:00,224,224,224,224,0
2021-11-05 11:40:00,224,224,224,224,0
2021-11-05 11:41:00,224,224,224,224,0
2021-11-05 11:42:00,224,224,224,224,0
2021-11-05 11:43:00,224,224,224,224,0
2021-11-05 11:44:00,224,224,224,224,0
2021-11-05 11:45:00,224,224,224,224,0
2021-11-05 11:46:00,224,224,224,224,0
2021-11-05 11:47:00,224,224,224,224,0
2021-11-05 11:48:00,224,224,224,224,0
2021-11-05 11:49:00,224,224,224,224,0
2021-11-05 11:50:00,224,224,224,224,0
2021-11-05 11:51:00,224,224,224,224,0
2021-11-05 11:52:00,224,224,224,224,0
2021-11-05 11:53:00,224,224,224,224,0
2021-11-05 11:54:00,224,224,224,224,0
2021-11-05 11:55:00,224,224,224,224,0
2021-11-05 11:56:00,224,224,224,224,0
2021-11-05 11:57:00,224,224,224,224,0
2021-11-05 11:58:00,224,224,224,224,0
2021-11-05 11:59:00,224,224,224,224,0
2021-11-05 12:00:00,224,224,224,224,0
2021-11-05 12:01:00,224,224,224,224,0
2021-11-05 12:02:00,224,224,224,224,0
2021-11-05 12:03:00,224,224,224,224,0
2021-11-05 12:04:00,224,224,224,224,0
2021-11-05 12:05:00,224,224,224,224,0
2021-11-05 12:06:00,224,224,224,224,0
2021-11-05 12:07:00,224,224,224,224,0
2021-11-05 12:08:00,224,224,224,224,0
2021-11-05 12:09:00,224,224,224,224,0
2021-11-05 12:10:00,224,224,224,224,0
2021-11-05 12:11:00,224,224,224,224,0
2021-11-05 12:12:00,224,224,224,224,0
2021-11-05 12:13:00,224,224,224,224,0
2021-11-05 12:14:00,224,224,224,224,0
2021-11-05 12:15:00,224,224,224,224,0
2021-11-05 12:16:00,224,224,224,224,0
2021-11-05 12:17:00,224,224,224,224,0
2021-11-05 12:18:00,224,224,224,224,0
2021-11-05 12:19:00,224,224,224,224,0
2021-11-05 12:20:00,224,224,224,224,0
2021-11-05 12:21:00,224,224,224,224,0
2021-11-05 12:22:00,224,224,224,224,0
2021-11-05 12:23:00,224,224,224,224,0
2021-11-05 12:24:00,224,224,224,224,0
2021-11-05 12:25:00,224,224,224,224,0
2021-11-05 12:26:00,224,224,224,224,0
2021-11-05 12:27:00,224,224,224,224,0
2021-11-05 12:28:00,224,224,224,224,0
2021-11-05 12:29:00,224,224,224,224,0
2021-11-05 12:30:00,224,224,224,224,0
2021-11-05 12:31:00,224,224,224,224,0
2021-11-05 12:32:00,224,224,224,224,0
2021-11-05 12:33:00,224,224,224,224,0
2021-11-05 12:34:00,224,224,224,224,0
2021-11-05 12:35:00,224,224,224,224,0
2021-11-05 12:36:00,224,224,224,224,0
2021-11-05 12:37:00,224,224,224,224,0
2021-11-05 12:38:00,224,224,224,224,0
2021-11-05 12:39:00,224,224,224,224,0
2021-11-05 12:40:00,224,224,224,224,0
2021-11-05 12:41:00,224,224,224,224,0
2021-11-05 12:42:00,224,224,224,224,0
2021-11-05 12:43:00,224,224,224,224,0
2021-11-05 12:44:00,224,224,224,224,0
2021-11-05 12:45:00,224,224,224,224,0
2021-11-05 12:46:00,224,224,224,224,0
2021-11-05 12:47:00,224,224,224,224,0
2021-11-05 12:48:00,224,224,224,224,0
2021-11-05 12:49:00,224,224,224,224,0
2021-11-05 12:50:00,224,224,224,224,0
2021-11-05 12:51:00,224,224,224,224,0
2021-11-05 12:52:00,224,224,224,224,0
2021-11-05 12:53:00,224,224,224,224,0
2021-11-05 12:54:00,224,224,224,224,0
2021-11-05 12:55:00,224,224,224,224,0
2021-11-05 12:56:00,224,224,224,224,0
2021-11-05 12:57:00,224,224,224,224,0
2021-11-05 12:58:00,224,224,224,224,0
2021-11-05 12:59:00,224,224,224,224,0
2021-11-05 13:00:00,224,224,224,224,0
2021-11-05 13:01:00,224,224,224,224,0
2021-11-05 13:02:00,224,224,224,224,0
2021-11-05 13:03:00,224,224,224,224,0
2021-11-05 13:04:00,224,224,224,224,0
2021-11-05 13:05:00,224,224,224,224,0
2021-11-05 13:06:00,224,224,224,224,0
2021-11-05 13:07:00,224,224,224,224,0
2021-11-05 13:08:00,224,224,224,224,0
2021-11-05 13:09:00,224,224,224,224,0
2021-11-05 13:10:00,224,224,224,224,0
2021-11-05 13:11:00,224,224,224,224,0
2021-11-05 13:12:00,224,224,224,224,0
2021-11-05 13:13:00,224,224,224,224,0
2021-11-05 13:14:00,224,224,224,224,0
2021-11-05 13:15:00,224,224,224,224,0
2021-11-05 13:16:00,224,224,224,224,0
2021-11-05 13:17:00,224,224,224,224,0
2021-11-05 13:18:00,224,224,224,224,0
2021-11-05 13:19:00,224,224,224,224,0
2021-11-05 13:20:00,224,224,224,224,0
2021-11-05 13:21:00,224,224,224,224,0
2021-11-05 13:22:00,224,224,224,224,0
2021-11-05 13:23:00,224,224,224,224,0
2021-11-05 13:24:00,224,224,224,224,0
2021-11-05 13:25:00,224,224,224,224,0
2021-11-05 13:26:00,224,224,224,224,0
2021-11-05 13:27:00,224,224,224,224,0
2021-11-05 13:28:00,224,224,224,224,0
2021-11-05 13:29:00,224,224,224,224,0
2021-11-05 13:30:00,224,224,224,224,0
2021-11-05 13:31:00,224,224,224,224,0
2021-11-05 13:32:00,224,224,224,224,0
2021-11-05 13:33:00,224,224,224,224,0
2021-11-05 13:34:00,224,224,224,224,0
2021-11-05 13:35:00,224,224,224,224,0
2021-11-05 13:36:00,224,224,224,224,0
2021-11-05 13:37:00,224,224,224,224,0
2021-11-05 13:38:00,224,224,224,224,0
2021-11-05 13:39:00,224,224,224,224,0
2021-11-05 13:40:00,224,224,224,224,0
2021-11-05 13:41:00,224,224,224,224,0
2021-11-05 13:42:00,224,224,224,224,0
2021-11-05 13:43:00,224,224,224,224,0
2021-11-05 13:44:00,224,224,224,224,0
2021-11-05 13:45:00,224,224,224,224,0
2021-11-05 13:46:00,224,224,224,224,0
2021-11-05 13:47:00,224,224,224,224,0
2021-11-05 13:48:00,224,224,224,224,0
2021-11-05 13:49:00,224,224,224,224,0
2021-11-05 13:50:00,224,224,224,224,0
2021-11-05 13:51:00,224,224,224,224,0
2021-11-05 13:52:00,224,224,224,224,0
2021-11-05 13:53:00,224,224,224,224,0
2021-11-05 13:54:00,224,224,224,224,0
2021-11-05 13:55:00,224,224,224,224,0
2021-11-05 13:56:00,224,224,224,224,0
2021-11-05 13:57:00,224,224,224,224,0
2021-11-05 13:58:00,224,224,224,224,0
2021-11-05 13:59:00,224,224,224,224,0
2021-11-05 14:00:00,224,224,224,224,0
2021-11-05 14:01:00,224,224,224,224,0
2021-11-05 14:02:00,224,224,224,224,0
2021-11-05 14:03:00,224,224,224,224,0
2021-11-05 14:04:00,224,224,224,224,0
2021-11-05 14:05:00,224,224,224,224,0
2021-11-05 14:06:00,224,224,224,224,0
2021-11-05 14:07:00,224,224,224,224,0
2021-11-05 14:08:00,224,224,224,224,0
2021-11-05 14:09:00,224,224,224,224,0
2021-11-05 14:10:00,224,224,224,224,0
2021-11-05 14:11:00,224,224,224,224,0
2021-11-05 14:12:00,224,224,224,224,0
2021-11-05 14:13:00,224,224,224,224,0
2021-11-05 14:14:00,224,224,224,224,0
2021-11-05 14:15:00,224,224,224,224,0
2021-11-05 14:16:00,224,224,224,224,0
2021-11-05 14:17:00,224,224,224,224,0
2021-11-05 14:18:00,224,224,224,224,0
2021-11-05 14:19:00,224,224,224,224,0
2021-11-05 14:20:00,224,224,224,224,0
2021-11-05 14:21:00,220,220,220,220,100
2021-11-05 14:22:00,220,220,220,220,0
2021-11-05 14:23:00,220,220,220,220,0
2021-11-05 14:24:00,220,220,220,220,0
2021-11-05 14:25:00,220,220,220,220,0
2021-11-05 14:26:00,220,220,220,220,0
2021-11-05 14:27:00,220,220,220,220,0
2021-11-05 14:28:00,220,220,220,220,0
2021-11-05 14:29:00,220,220,220,220,0
2021-11-05 14:30:00,220,220,220,220,0
2021-11-05 14:31:00,220,220,220,220,0
2021-11-05 14:32:00,220,220,220,220,0
2021-11-05 14:33:00,220,220,220,220,0
2021-11-05 14:34:00,220,220,220,220,0
2021-11-05 14:35:00,220,220,220,220,0
2021-11-05 14:36:00,220,220,220,220,0
2021-11-05 14:37:00,220,220,220,220,0
2021-11-05 14:38:00,220,220,220,220,0
2021-11-05 14:39:00,220,220,220,220,0
2021-11-05 14:40:00,220,220,220,220,0
2021-11-05 14:41:00,220,220,220,220,0
2021-11-05 14:42:00,220,220,220,220,0
2021-11-05 14:43:00,220,220,220,220,100
2021-11-05 14:44:00,220,220,220,220,0
2021-11-05 14:45:00,220,220,220,220,0
2021-11-05 14:46:00,220,220,220,220,0
2021-11-05 14:47:00,220,220,220,220,0
2021-11-05 14:48:00,220,220,220,220,0
2021-11-05 14:49:00,220,220,220,220,0
2021-11-05 14:50:00,220,220,220,220,0
2021-11-05 14:51:00,220,220,220,220,0
2021-11-05 14:52:00,220,220,220,220,0
2021-11-05 14:53:00,220,220,220,220,0
2021-11-05 14:54:00,220,220,220,220,0
2021-11-05 14:55:00,220,220,220,220,0
2021-11-05 14:56:00,220,220,220,220,0
2021-11-05 14:57:00,220,220,220,220,0
2021-11-05 14:58:00,220,220,220,220,0
2021-11-05 14:59:00,220,220,220,220,0
2021-11-05 15:00:00,220,220,220,220,0
2021-11-05 15:01:00,220,220,220,220,0
2021-11-05 15:02:00,220,220,220,220,0
2021-11-05 15:03:00,220,220,220,220,0
2021-11-05 15:04:00,220,220,220,220,0
2021-11-05 15:05:00,220,220,220,220,0
2021-11-05 15:06:00,220,220,220,220,0
2021-11-05 15:07:00,220,220,220,220,0
2021-11-05 15:08:00,220,220,220,220,0
2021-11-05 15:09:00,220,220,220,220,0
2021-11-05 15:10:00,220,220,220,220,0
2021-11-05 15:11:00,220,220,220,220,0
2021-11-05 15:12:00,220,220,220,220,0
2021-11-05 15:13:00,220,220,220,220,0
2021-11-05 15:14:00,220,220,220,220,0
2021-11-05 15:15:00,220,220,220,220,0
2021-11-05 15:16:00,220,220,220,220,0
2021-11-05 15:17:00,220,220,220,220,0
2021-11-05 15:18:00,220,220,220,220,0
2021-11-05 15:19:00,220,220,220,220,0
2021-11-05 15:20:00,220,220,220,220,0
2021-11-05 15:21:00,220,220,220,220,0
2021-11-05 15:22:00,220,220,220,220,0
2021-11-05 15:23:00,220,220,220,220,0
2021-11-05 15:24:00,220,220,220,220,0
2021-11-05 15:25:00,220,220,220,220,0
2021-11-05 15:26:00,220,220,220,220,0
2021-11-05 15:27:00,220,220,220,220,0
2021-11-05 15:28:00,220,220,220,220,0
2021-11-05 15:29:00,220,220,220,220,0
2021-11-05 15:30:00,220,220,220,220,0
2021-11-05 15:31:00,220,220,220,220,0
2021-11-05 15:32:00,220,220,220,220,0
2021-11-05 15:33:00,220,220,220,220,0
2021-11-05 15:34:00,220,220,220,220,0
2021-11-05 15:35:00,220,220,220,220,0
2021-11-05 15:36:00,220,220,220,220,0
2021-11-05 15:37:00,220,220,220,220,0
2021-11-05 15:38:00,220,220,220,220,0
2021-11-05 15:39:00,220,220,220,220,0
2021-11-05 15:40:00,220,220,220,220,0
2021-11-05 15:41:00,220,220,220,220,0
2021-11-05 15:42:00,220,220,220,220,0
2021-11-05 15:43:00,220,220,220,220,0
2021-11-05 15:44:00,220,220,220,220,0
2021-11-05 15:45:00,220,220,220,220,0
2021-11-05 15:46:00,220,220,220,220,0
2021-11-05 15:47:00,220,220,220,220,0
2021-11-05 15:48:00,220,220,220,220,0
2021-11-05 15:49:00,220,220,220,220,0
2021-11-05 15:50:00,220,220,220,220,0
2021-11-05 15:51:00,220,220,220,220,0
2021-11-05 15:52:00,220,220,220,220,0
2021-11-05 15:53:00,220,220,220,220,0
2021-11-05 15:54:00,220,220,220,220,0
2021-11-05 15:55:00,220,220,220,220,0
2021-11-05 15:56:00,220,220,220,220,0
2021-11-05 15:57:00,220,220,220,220,0
2021-11-05 15:58:00,220,220,220,220,0
2021-11-05 15:59:00,220,220,220,220,0
2021-11-08 09:00:00,220,208,220,208,0
2021-11-08 09:01:00,220,208,220,208,0
2021-11-08 09:02:00,220,208,220,208,0
2021-11-08 09:03:00,220,208,220,208,0
2021-11-08 09:04:00,220,208,220,208,0
2021-11-08 09:05:00,220,208,220,208,0
2021-11-08 09:06:00,220,208,220,208,0
2021-11-08 09:07:00,220,208,220,208,0
2021-11-08 09:08:00,220,208,220,208,0
2021-11-08 09:09:00,220,208,220,208,0
2021-11-08 09:10:00,220,208,220,208,0
2021-11-08 09:11:00,220,208,220,208,0
2021-11-08 09:12:00,220,208,220,208,0
2021-11-08 09:13:00,220,220,220,220,500
2021-11-08 09:14:00,220,220,220,220,0
2021-11-08 09:15:00,220,220,220,220,0
2021-11-08 09:16:00,220,220,220,220,0
2021-11-08 09:17:00,220,220,220,220,0
2021-11-08 09:18:00,220,220,220,220,0
2021-11-08 09:19:00,220,220,220,220,0
2021-11-08 09:20:00,220,220,220,220,0
2021-11-08 09:21:00,220,220,220,220,0
2021-11-08 09:22:00,220,220,220,220,0
2021-11-08 09:23:00,220,220,220,220,0
2021-11-08 09:24:00,220,220,220,220,0
2021-11-08 09:25:00,220,220,220,220,0
2021-11-08 09:26:00,220,220,220,220,0
2021-11-08 09:27:00,220,220,220,220,0
2021-11-08 09:28:00,220,220,220,220,0
2021-11-08 09:29:00,220,220,220,220,0
2021-11-08 09:30:00,220,220,220,220,0
2021-11-08 09:31:00,220,220,220,220,0
2021-11-08 09:32:00,220,220,220,220,0
2021-11-08 09:33:00,220,220,220,220,0
2021-11-08 09:34:00,220,220,220,220,0
2021-11-08 09:35:00,220,220,220,220,0
2021-11-08 09:36:00,220,220,220,220,0
2021-11-08 09:37:00,220,220,220,220,0
2021-11-08 09:38:00,220,220,220,220,0
2021-11-08 09:39:00,220,220,220,220,0
2021-11-08 09:40:00,220,220,220,220,0
2021-11-08 09:41:00,220,220,220,220,0
2021-11-08 09:42:00,220,220,220,220,0
2021-11-08 09:43:00,220,220,220,220,0
2021-11-08 09:44:00,220,220,220,220,100
2021-11-08 09:45:00,220,220,220,220,0
2021-11-08 09:46:00,220,220,220,220,0
2021-11-08 09:47:00,220,220,220,220,0
2021-11-08 09:48:00,220,220,220,220,0
2021-11-08 09:49:00,220,220,220,220,0
2021-11-08 09:50:00,220,220,220,220,0
2021-11-08 09:51:00,220,220,220,220,0
2021-11-08 09:52:00,220,220,220,220,0
2021-11-08 09:53:00,220,220,220,220,0
2021-11-08 09:54:00,220,220,220,220,0
2021-11-08 09:55:00,220,220,220,220,0
2021-11-08 09:56:00,220,220,220,220,0
2021-11-08 09:57:00,220,220,220,220,0
2021-11-08 09:58:00,220,220,220,220,0
2021-11-08 09:59:00,220,220,220,220,0
2021-11-08 10:00:00,220,220,220,220,0
2021-11-08 10:01:00,220,220,220,220,0
2021-11-08 10:02:00,220,220,220,220,0
2021-11-08 10:03:00,220,220,220,220,0
2021-11-08 10:04:00,220,220,220,220,100
2021-11-08 10:05:00,220,220,220,220,0
2021-11-08 10:06:00,220,220,220,220,0
2021-11-08 10:07:00,220,220,220,220,0
2021-11-08 10:08:00,220,220,220,220,0
2021-11-08 10:09:00,220,220,220,220,100
2021-11-08 10:10:00,220,220,220,220,0
2021-11-08 10:11:00,220,220,220,220,100
2021-11-08 10:12:00,220,220,220,220,0
2021-11-08 10:13:00,220,220,220,220,0
2021-11-08 10:14:00,220,220,220,220,0
2021-11-08 10:15:00,220,220,220,220,0
2021-11-08 10:16:00,220,220,220,220,0
2021-11-08 10:17:00,220,220,220,220,0
2021-11-08 10:18:00,220,220,220,220,100
2021-11-08 10:19:00,220,220,220,220,0
2021-11-08 10:20:00,220,220,220,220,0
2021-11-08 10:21:00,220,220,220,220,0
2021-11-08 10:22:00,220,220,220,220,0
2021-11-08 10:23:00,220,220,220,220,0
2021-11-08 10:24:00,220,220,220,220,0
2021-11-08 10:25:00,220,220,220,220,0
2021-11-08 10:26:00,220,220,220,220,0
2021-11-08 10:27:00,220,220,220,220,0
2021-11-08 10:28:00,220,220,220,220,0
2021-11-08 10:29:00,220,220,220,220,0
2021-11-08 10:30:00,220,220,220,220,0
2021-11-08 10:31:00,220,220,220,220,0
2021-11-08 10:32:00,220,220,220,220,0
2021-11-08 10:33:00,220,220,220,220,0
2021-11-08 10:34:00,220,220,220,220,0
2021-11-08 10:35:00,220,220,220,220,0
2021-11-08 10:36:00,220,220,220,220,0
2021-11-08 10:37:00,220,220,220,220,0
2021-11-08 10:38:00,220,220,220,220,0
2021-11-08 10:39:00,220,220,220,220,0
2021-11-08 10:40:00,220,220,220,220,0
2021-11-08 10:41:00,222,222,222,222,100
2021-11-08 10:42:00,222,222,222,222,0
2021-11-08 10:43:00,222,222,222,222,0
2021-11-08 10:44:00,222,222,222,222,0
2021-11-08 10:45:00,222,222,222,222,0
2021-11-08 10:46:00,222,222,222,222,0
2021-11-08 10:47:00,222,222,222,222,0
2021-11-08 10:48:00,222,222,222,222,0
2021-11-08 10:49:00,222,222,222,222,0
2021-11-08 10:50:00,222,222,222,222,0
2021-11-08 10:51:00,222,222,222,222,0
2021-11-08 10:52:00,222,222,222,222,0
2021-11-08 10:53:00,222,222,222,222,0
2021-11-08 10:54:00,222,222,222,222,0
2021-11-08 10:55:00,222,222,222,222,0
2021-11-08 10:56:00,222,222,222,222,0
2021-11-08 10:57:00,222,222,222,222,0
2021-11-08 10:58:00,222,222,222,222,0
2021-11-08 10:59:00,222,222,222,222,0
2021-11-08 11:00:00,222,222,222,222,0
2021-11-08 11:01:00,222,222,222,222,0
2021-11-08 11:02:00,222,222,222,222,0
2021-11-08 11:03:00,222,222,222,222,0
2021-11-08 11:04:00,222,222,222,222,0
2021-11-08 11:05:00,222,222,222,222,0
2021-11-08 11:06:00,222,222,222,222,0
2021-11-08 11:07:00,222,222,222,222,0
2021-11-08 11:08:00,222,222,222,222,0
2021-11-08 11:09:00,222,222,222,222,0
2021-11-08 11:10:00,222,222,222,222,0
2021-11-08 11:11:00,222,222,222,222,0
2021-11-08 11:12:00,222,222,222,222,0
2021-11-08 11:13:00,222,222,222,222,0
2021-11-08 11:14:00,222,222,222,222,0
2021-11-08 11:15:00,222,222,222,222,0
2021-11-08 11:16:00,222,222,222,222,0
2021-11-08 11:17:00,222,222,222,222,0
2021-11-08 11:18:00,222,222,222,222,0
2021-11-08 11:19:00,222,222,222,222,0
2021-11-08 11:20:00,222,222,222,222,0
2021-11-08 11:21:00,222,222,222,222,0
2021-11-08 11:22:00,222,222,222,222,0
2021-11-08 11:23:00,222,222,222,222,0
2021-11-08 11:24:00,222,222,222,222,0
2021-11-08 11:25:00,222,222,222,222,0
2021-11-08 11:26:00,222,222,222,222,0
2021-11-08 11:27:00,222,222,222,222,0
2021-11-08 11:28:00,222,222,222,222,0
2021-11-08 11:29:00,222,222,222,222,0
2021-11-08 11:30:00,222,222,222,222,0
2021-11-08 11:31:00,222,222,222,222,0
2021-11-08 11:32:00,222,222,222,222,0
2021-11-08 11:33:00,222,222,222,222,0
2021-11-08 11:34:00,222,222,222,222,0
2021-11-08 11:35:00,222,222,222,222,0
2021-11-08 11:36:00,222,222,222,222,0
2021-11-08 11:37:00,222,222,222,222,0
2021-11-08 11:38:00,222,222,222,222,0
2021-11-08 11:39:00,222,222,222,222,0
2021-11-08 11:40:00,222,222,222,222,0
2021-11-08 11:41:00,222,222,222,222,0
2021-11-08 11:42:00,222,222,222,222,0
2021-11-08 11:43:00,222,222,222,222,0
2021-11-08 11:44:00,222,222,222,222,0
2021-11-08 11:45:00,222,222,222,222,0
2021-11-08 11:46:00,222,222,222,222,0
2021-11-08 11:47:00,222,222,222,222,0
2021-11-08 11:48:00,222,222,222,222,0
2021-11-08 11:49:00,222,222,222,222,0
2021-11-08 11:50:00,222,222,222,222,0
2021-11-08 11:51:00,222,222,222,222,0
2021-11-08 11:52:00,222,222,222,222,0
2021-11-08 11:53:00,222,222,222,222,0
2021-11-08 11:54:00,222,222,222,222,0
2021-11-08 11:55:00,222,222,222,222,0
2021-11-08 11:56:00,222,222,222,222,0
2021-11-08 11:57:00,222,222,222,222,0
2021-11-08 11:58:00,222,222,222,222,0
2021-11-08 11:59:00,222,222,222,222,0
2021-11-08 12:00:00,222,222,222,222,0
2021-11-08 12:01:00,222,222,222,222,0
2021-11-08 12:02:00,222,222,222,222,0
2021-11-08 12:03:00,222,222,222,222,0
2021-11-08 12:04:00,222,222,222,222,0
2021-11-08 12:05:00,222,222,222,222,0
2021-11-08 12:06:00,222,222,222,222,0
2021-11-08 12:07:00,222,222,222,222,0
2021-11-08 12:08:00,222,222,222,222,0
2021-11-08 12:09:00,222,222,222,222,0
2021-11-08 12:10:00,222,222,222,222,0
2021-11-08 12:11:00,222,222,222,222,0
2021-11-08 12:12:00,222,222,222,222,0
2021-11-08 12:13:00,222,222,222,222,0
2021-11-08 12:14:00,222,222,222,222,0
2021-11-08 12:15:00,222,222,222,222,0
2021-11-08 12:16:00,222,222,222,222,0
2021-11-08 12:17:00,222,222,222,222,0
2021-11-08 12:18:00,222,222,222,222,0
2021-11-08 12:19:00,222,222,222,222,0
2021-11-08 12:20:00,222,222,222,222,0
2021-11-08 12:21:00,222,222,222,222,0
2021-11-08 12:22:00,222,222,222,222,0
2021-11-08 12:23:00,222,222,222,222,0
2021-11-08 12:24:00,222,222,222,222,0
2021-11-08 12:25:00,222,222,222,222,0
2021-11-08 12:26:00,222,222,222,222,0
2021-11-08 12:27:00,222,222,222,222,0
2021-11-08 12:28:00,222,222,222,222,0
2021-11-08 12:29:00,222,222,222,222,0
2021-11-08 12:30:00,222,222,222,222,0
2021-11-08 12:31:00,222,222,222,222,0
2021-11-08 12:32:00,222,222,222,222,0
2021-11-08 12:33:00,222,222,222,222,0
2021-11-08 12:34:00,222,222,222,222,0
2021-11-08 12:35:00,222,222,222,222,0
2021-11-08 12:36:00,222,222,222,222,0
2021-11-08 12:37:00,222,222,222,222,0
2021-11-08 12:38:00,222,222,222,222,0
2021-11-08 12:39:00,222,222,222,222,0
2021-11-08 12:40:00,222,222,222,222,0
2021-11-08 12:41:00,222,222,222,222,0
2021-11-08 12:42:00,222,222,222,222,0
2021-11-08 12:43:00,222,222,222,222,0
2021-11-08 12:44:00,222,222,222,222,0
2021-11-08 12:45:00,222,222,222,222,0
2021-11-08 12:46:00,222,222,222,222,0
2021-11-08 12:47:00,222,222,222,222,0
2021-11-08 12:48:00,222,222,222,222,0
2021-11-08 12:49:00,222,222,222,222,0
2021-11-08 12:50:00,222,222,222,222,0
2021-11-08 12:51:00,222,222,222,222,0
2021-11-08 12:52:00,222,222,222,222,0
2021-11-08 12:53:00,222,222,222,222,0
2021-11-08 12:54:00,222,222,222,222,0
2021-11-08 12:55:00,222,222,222,222,0
2021-11-08 12:56:00,222,222,222,222,0
2021-11-08 12:57:00,222,222,222,222,0
2021-11-08 12:58:00,222,222,222,222,0
2021-11-08 12:59:00,222,222,222,222,0
2021-11-08 13:00:00,222,222,222,222,0
2021-11-08 13:01:00,222,222,222,222,0
2021-11-08 13:02:00,222,222,222,222,0
2021-11-08 13:03:00,222,222,222,222,0
2021-11-08 13:04:00,222,222,222,222,0
2021-11-08 13:05:00,222,222,222,222,0
2021-11-08 13:06:00,222,222,222,222,0
2021-11-08 13:07:00,222,222,222,222,0
2021-11-08 13:08:00,222,222,222,222,0
2021-11-08 13:09:00,222,222,222,222,0
2021-11-08 13:10:00,222,222,222,222,0
2021-11-08 13:11:00,222,222,222,222,0
2021-11-08 13:12:00,222,222,222,222,0
2021-11-08 13:13:00,222,222,222,222,0
2021-11-08 13:14:00,222,222,222,222,0
2021-11-08 13:15:00,222,222,222,222,0
2021-11-08 13:16:00,222,222,222,222,0
2021-11-08 13:17:00,222,222,222,222,0
2021-11-08 13:18:00,222,222,222,222,0
2021-11-08 13:19:00,222,222,222,222,0
2021-11-08 13:20:00,222,222,222,222,0
2021-11-08 13:21:00,222,222,222,222,0
2021-11-08 13:22:00,222,222,222,222,0
2021-11-08 13:23:00,222,222,222,222,0
2021-11-08 13:24:00,222,222,222,222,0
2021-11-08 13:25:00,222,222,222,222,0
2021-11-08 13:26:00,222,222,222,222,0
2021-11-08 13:27:00,222,222,222,222,0
2021-11-08 13:28:00,222,222,222,222,0
2021-11-08 13:29:00,222,222,222,222,0
2021-11-08 13:30:00,222,222,222,222,0
2021-11-08 13:31:00,222,222,222,222,0
2021-11-08 13:32:00,222,222,222,222,0
2021-11-08 13:33:00,222,222,222,222,0
2021-11-08 13:34:00,222,222,222,222,0
2021-11-08 13:35:00,222,222,222,222,0
2021-11-08 13:36:00,222,222,222,222,0
2021-11-08 13:37:00,222,222,222,222,0
2021-11-08 13:38:00,222,222,222,222,0
2021-11-08 13:39:00,222,222,222,222,0
2021-11-08 13:40:00,222,222,222,222,0
2021-11-08 13:41:00,222,222,222,222,0
2021-11-08 13:42:00,222,222,222,222,0
2021-11-08 13:43:00,222,222,222,222,0
2021-11-08 13:44:00,222,222,222,222,0
2021-11-08 13:45:00,222,222,222,222,0
2021-11-08 13:46:00,222,222,222,222,0
2021-11-08 13:47:00,222,222,222,222,0
2021-11-08 13:48:00,222,222,222,222,0
2021-11-08 13:49:00,222,222,222,222,0
2021-11-08 13:50:00,222,222,222,222,0
2021-11-08 13:51:00,222,222,222,222,0
2021-11-08 13:52:00,222,222,222,222,0
2021-11-08 13:53:00,222,222,222,222,0
2021-11-08 13:54:00,222,222,222,222,0
2021-11-08 13:55:00,222,222,222,222,0
2021-11-08 13:56:00,222,222,222,222,0
2021-11-08 13:57:00,222,222,222,222,0
2021-11-08 13:58:00,222,222,222,222,0
2021-11-08 13:59:00,222,222,222,222,0
2021-11-08 14:00:00,222,222,222,222,0
2021-11-08 14:01:00,222,222,222,222,0
2021-11-08 14:02:00,222,222,222,222,0
2021-11-08 14:03:00,222,222,222,222,0
2021-11-08 14:04:00,222,222,222,222,0
2021-11-08 14:05:00,222,222,222,222,0
2021-11-08 14:06:00,222,222,222,222,0
2021-11-08 14:07:00,222,222,222,222,0
2021-11-08 14:08:00,222,222,222,222,0
2021-11-08 14:09:00,222,222,222,222,0
2021-11-08 14:10:00,222,222,222,222,0
2021-11-08 14:11:00,222,222,222,222,0
2021-11-08 14:12:00,222,222,222,222,0
2021-11-08 14:13:00,222,222,222,222,0
2021-11-08 14:14:00,222,222,222,222,0
2021-11-08 14:15:00,222,222,222,222,0
2021-11-08 14:16:00,220,220,220,220,100
2021-11-08 14:17:00,220,220,220,220,0
2021-11-08 14:18:00,220,220,220,220,0
2021-11-08 14:19:00,220,220,220,220,0
2021-11-08 14:20:00,210,210,210,210,2500
2021-11-08 14:21:00,210,210,210,210,0
2021-11-08 14:22:00,210,210,210,210,0
2021-11-08 14:23:00,210,210,210,210,0
2021-11-08 14:24:00,210,210,210,210,0
2021-11-08 14:25:00,210,210,210,210,0
2021-11-08 14:26:00,210,210,210,210,0
2021-11-08 14:27:00,210,210,210,210,0
2021-11-08 14:28:00,210,210,210,210,0
2021-11-08 14:29:00,220,220,220,220,100
2021-11-08 14:30:00,220,220,220,220,0
2021-11-08 14:31:00,220,220,220,220,0
2021-11-08 14:32:00,220,220,220,220,0
2021-11-08 14:33:00,220,220,220,220,0
2021-11-08 14:34:00,220,220,220,220,0
2021-11-08 14:35:00,220,220,220,220,0
2021-11-08 14:36:00,220,220,220,220,0
2021-11-08 14:37:00,220,220,220,220,0
2021-11-08 14:38:00,220,220,220,220,0
2021-11-08 14:39:00,220,220,220,220,0
2021-11-08 14:40:00,220,220,220,220,0
2021-11-08 14:41:00,220,220,220,220,0
2021-11-08 14:42:00,220,220,220,220,0
2021-11-08 14:43:00,220,220,220,220,0
2021-11-08 14:44:00,220,220,220,220,0
2021-11-08 14:45:00,220,220,220,220,0
2021-11-08 14:46:00,220,220,220,220,0
2021-11-08 14:47:00,220,220,220,220,0
2021-11-08 14:48:00,220,220,220,220,0
2021-11-08 14:49:00,220,220,220,220,0
2021-11-08 14:50:00,220,220,220,220,0
2021-11-08 14:51:00,220,220,220,220,0
2021-11-08 14:52:00,220,220,220,220,0
2021-11-08 14:53:00,220,220,220,220,0
2021-11-08 14:54:00,220,220,220,220,0
2021-11-08 14:55:00,220,220,220,220,0
2021-11-08 14:56:00,220,220,220,220,0
2021-11-08 14:57:00,220,220,220,220,0
2021-11-08 14:58:00,220,220,220,220,0
2021-11-08 14:59:00,220,220,220,220,0
2021-11-08 15:00:00,220,220,220,220,0
2021-11-08 15:01:00,220,220,220,220,0
2021-11-08 15:02:00,220,220,220,220,0
2021-11-08 15:03:00,220,220,220,220,0
2021-11-08 15:04:00,220,220,220,220,0
2021-11-08 15:05:00,220,220,220,220,0
2021-11-08 15:06:00,220,220,220,220,0
2021-11-08 15:07:00,220,220,220,220,0
2021-11-08 15:08:00,220,220,220,220,0
2021-11-08 15:09:00,220,220,220,220,0
2021-11-08 15:10:00,220,220,220,220,0
2021-11-08 15:11:00,220,220,220,220,0
2021-11-08 15:12:00,220,220,220,220,0
2021-11-08 15:13:00,220,220,220,220,0
2021-11-08 15:14:00,220,220,220,220,0
2021-11-08 15:15:00,220,220,220,220,0
2021-11-08 15:16:00,220,220,220,220,0
2021-11-08 15:17:00,220,220,220,220,0
2021-11-08 15:18:00,220,220,220,220,0
2021-11-08 15:19:00,220,220,220,220,0
2021-11-08 15:20:00,220,220,220,220,0
2021-11-08 15:21:00,220,220,220,220,0
2021-11-08 15:22:00,220,220,220,220,0
2021-11-08 15:23:00,220,220,220,220,0
2021-11-08 15:24:00,220,220,220,220,0
2021-11-08 15:25:00,220,220,220,220,0
2021-11-08 15:26:00,220,220,220,220,0
2021-11-08 15:27:00,220,220,220,220,0
2021-11-08 15:28:00,220,220,220,220,0
2021-11-08 15:29:00,220,220,220,220,0
2021-11-08 15:30:00,220,220,220,220,0
2021-11-08 15:31:00,220,220,220,220,0
2021-11-08 15:32:00,220,220,220,220,0
2021-11-08 15:33:00,220,220,220,220,0
2021-11-08 15:34:00,220,220,220,220,0
2021-11-08 15:35:00,220,220,220,220,0
2021-11-08 15:36:00,220,220,220,220,0
2021-11-08 15:37:00,220,220,220,220,0
2021-11-08 15:38:00,220,220,220,220,0
2021-11-08 15:39:00,220,220,220,220,0
2021-11-08 15:40:00,220,220,220,220,0
2021-11-08 15:41:00,220,220,220,220,0
2021-11-08 15:42:00,220,220,220,220,0
2021-11-08 15:43:00,220,220,220,220,0
2021-11-08 15:44:00,220,220,220,220,0
2021-11-08 15:45:00,220,220,220,220,0
2021-11-08 15:46:00,220,220,220,220,0
2021-11-08 15:47:00,220,220,220,220,0
2021-11-08 15:48:00,220,220,220,220,0
2021-11-08 15:49:00,220,220,220,220,0
2021-11-08 15:50:00,220,220,220,220,0
2021-11-08 15:51:00,220,220,220,220,0
2021-11-08 15:52:00,220,220,220,220,0
2021-11-08 15:53:00,220,220,220,220,0
2021-11-08 15:54:00,220,220,220,220,0
2021-11-08 15:55:00,220,220,220,220,0
2021-11-08 15:56:00,220,220,220,220,0
2021-11-08 15:57:00,220,220,220,220,0
2021-11-08 15:58:00,220,220,220,220,0
2021-11-08 15:59:00,220,220,220,220,0
2021-11-09 09:00:00,220,220,220,220,0
2021-11-09 09:01:00,220,220,220,220,0
2021-11-09 09:02:00,220,220,220,220,0
2021-11-09 09:03:00,220,220,220,220,0
2021-11-09 09:04:00,220,220,220,220,0
2021-11-09 09:05:00,220,220,220,220,0
2021-11-09 09:06:00,220,220,220,220,0
2021-11-09 09:07:00,220,220,220,220,0
2021-11-09 09:08:00,220,220,220,220,0
2021-11-09 09:09:00,220,220,220,220,0
2021-11-09 09:10:00,220,220,220,220,0
2021-11-09 09:11:00,220,220,220,220,0
2021-11-09 09:12:00,220,220,220,220,0
2021-11-09 09:13:00,220,220,220,220,0
2021-11-09 09:14:00,220,220,220,220,0
2021-11-09 09:15:00,220,220,220,220,0
2021-11-09 09:16:00,220,220,220,220,0
2021-11-09 09:17:00,220,220,220,220,0
2021-11-09 09:18:00,220,220,220,220,0
2021-11-09 09:19:00,220,220,220,220,0
2021-11-09 09:20:00,220,220,220,220,0
2021-11-09 09:21:00,220,220,220,220,0
2021-11-09 09:22:00,220,220,220,220,0
2021-11-09 09:23:00,220,220,220,220,0
2021-11-09 09:24:00,220,220,220,220,0
2021-11-09 09:25:00,220,220,220,220,0
2021-11-09 09:26:00,220,220,220,220,0
2021-11-09 09:27:00,220,220,220,220,0
2021-11-09 09:28:00,220,220,220,220,0
2021-11-09 09:29:00,220,220,220,220,0
2021-11-09 09:30:00,220,220,220,220,0
2021-11-09 09:31:00,220,220,220,220,0
2021-11-09 09:32:00,220,220,220,220,0
2021-11-09 09:33:00,220,220,220,220,0
2021-11-09 09:34:00,220,220,220,220,0
2021-11-09 09:35:00,220,220,220,220,0
2021-11-09 09:36:00,220,220,220,220,0
2021-11-09 09:37:00,220,220,220,220,0
2021-11-09 09:38:00,220,220,220,220,0
2021-11-09 09:39:00,220,220,220,220,0
2021-11-09 09:40:00,220,220,220,220,0
2021-11-09 09:41:00,220,220,220,220,0
2021-11-09 09:42:00,220,220,220,220,0
2021-11-09 09:43:00,220,220,220,220,0
2021-11-09 09:44:00,220,220,220,220,0
2021-11-09 09:45:00,220,220,220,220,0
2021-11-09 09:46:00,220,220,220,220,0
2021-11-09 09:47:00,220,220,220,220,0
2021-11-09 09:48:00,220,220,220,220,0
2021-11-09 09:49:00,220,220,220,220,0
2021-11-09 09:50:00,220,220,220,220,0
2021-11-09 09:51:00,220,220,220,220,0
2021-11-09 09:52:00,220,220,220,220,0
2021-11-09 09:53:00,220,220,220,220,0
2021-11-09 09:54:00,220,220,220,220,0
2021-11-09 09:55:00,220,220,220,220,0
2021-11-09 09:56:00,220,220,220,220,0
2021-11-09 09:57:00,220,220,220,220,0
2021-11-09 09:58:00,220,220,220,220,0
2021-11-09 09:59:00,220,220,220,220,0
2021-11-09 10:00:00,220,220,220,220,0
2021-11-09 10:01:00,220,220,220,220,0
2021-11-09 10:02:00,220,220,220,220,0
2021-11-09 10:03:00,220,220,220,220,0
2021-11-09 10:04:00,220,220,220,220,0
2021-11-09 10:05:00,220,220,220,220,0
2021-11-09 10:06:00,220,220,220,220,0
2021-11-09 10:07:00,220,220,220,220,0
2021-11-09 10:08:00,220,220,220,220,0
2021-11-09 10:09:00,220,220,220,220,0
2021-11-09 10:10:00,220,220,220,220,0
2021-11-09 10:11:00,220,220,220,220,0
2021-11-09 10:12:00,220,220,220,220,0
2021-11-09 10:13:00,220,220,220,220,0
2021-11-09 10:14:00,220,220,220,220,0
2021-11-09 10:15:00,220,220,220,220,0
2021-11-09 10:16:00,220,220,220,220,0
2021-11-09 10:17:00,220,220,220,220,0
2021-11-09 10:18:00,220,220,220,220,0
2021-11-09 10:19:00,220,220,220,220,0
2021-11-09 10:20:00,220,220,220,220,0
2021-11-09 10:21:00,220,220,220,220,0
2021-11-09 10:22:00,220,220,220,220,0
2021-11-09 10:23:00,220,220,220,220,0
2021-11-09 10:24:00,220,220,220,220,0
2021-11-09 10:25:00,220,220,220,220,0
2021-11-09 10:26:00,220,220,220,220,0
2021-11-09 10:27:00,220,220,220,220,0
2021-11-09 10:28:00,220,220,220,220,0
2021-11-09 10:29:00,220,220,220,220,0
2021-11-09 10:30:00,220,220,220,220,0
2021-11-09 10:31:00,220,220,220,220,0
2021-11-09 10:32:00,220,220,220,220,0
2021-11-09 10:33:00,220,220,220,220,0
2021-11-09 10:34:00,220,220,220,220,0
2021-11-09 10:35:00,220,220,220,220,0
2021-11-09 10:36:00,220,220,220,220,0
2021-11-09 10:37:00,220,220,220,220,0
2021-11-09 10:38:00,220,220,220,220,0
2021-11-09 10:39:00,220,220,220,220,0
2021-11-09 10:40:00,220,220,220,220,0
2021-11-09 10:41:00,220,220,220,220,0
2021-11-09 10:42:00,220,220,220,220,0
2021-11-09 10:43:00,220,220,220,220,0
2021-11-09 10:44:00,220,220,220,220,0
2021-11-09 10:45:00,220,220,220,220,0
2021-11-09 10:46:00,220,220,220,220,0
2021-11-09 10:47:00,220,220,220,220,0
2021-11-09 10:48:00,220,220,220,220,0
2021-11-09 10:49:00,220,220,220,220,0
2021-11-09 10:50:00,220,220,220,220,0
2021-11-09 10:51:00,220,220,220,220,0
2021-11-09 10:52:00,220,220,220,220,0
2021-11-09 10:53:00,220,220,220,220,0
2021-11-09 10:54:00,220,220,220,220,0
2021-11-09 10:55:00,220,220,220,220,0
2021-11-09 10:56:00,220,220,220,220,0
2021-11-09 10:57:00,220,220,220,220,0
2021-11-09 10:58:00,220,220,220,220,0
2021-11-09 10:59:00,220,220,220,220,0
2021-11-09 11:00:00,220,220,220,220,0
2021-11-09 11:01:00,220,220,220,220,0
2021-11-09 11:02:00,220,220,220,220,0
2021-11-09 11:03:00,220,220,220,220,0
2021-11-09 11:04:00,220,220,220,220,0
2021-11-09 11:05:00,220,220,220,220,0
2021-11-09 11:06:00,220,220,220,220,0
2021-11-09 11:07:00,220,220,220,220,0
2021-11-09 11:08:00,220,220,220,220,0
2021-11-09 11:09:00,220,220,220,220,0
2021-11-09 11:10:00,220,220,220,220,0
2021-11-09 11:11:00,220,220,220,220,0
2021-11-09 11:12:00,220,220,220,220,0
2021-11-09 11:13:00,220,220,220,220,0
2021-11-09 11:14:00,220,220,220,220,0
2021-11-09 11:15:00,220,220,220,220,0
2021-11-09 11:16:00,220,220,220,220,0
2021-11-09 11:17:00,220,220,220,220,0
2021-11-09 11:18:00,220,220,220,220,0
2021-11-09 11:19:00,220,220,220,220,0
2021-11-09 11:20:00,220,220,220,220,0
2021-11-09 11:21:00,220,220,220,220,0
2021-11-09 11:22:00,220,220,220,220,0
2021-11-09 11:23:00,220,220,220,220,0
2021-11-09 11:24:00,220,220,220,220,0
2021-11-09 11:25:00,220,220,220,220,0
2021-11-09 11:26:00,220,220,220,220,0
2021-11-09 11:27:00,220,220,220,220,0
2021-11-09 11:28:00,220,220,220,220,0
2021-11-09 11:29:00,220,220,220,220,0
2021-11-09 11:30:00,220,220,220,220,0
2021-11-09 11:31:00,220,220,220,220,0
2021-11-09 11:32:00,220,220,220,220,0
2021-11-09 11:33:00,220,220,220,220,0
2021-11-09 11:34:00,220,220,220,220,0
2021-11-09 11:35:00,220,220,220,220,0
2021-11-09 11:36:00,220,220,220,220,0
2021-11-09 11:37:00,220,220,220,220,0
2021-11-09 11:38:00,220,220,220,220,0
2021-11-09 11:39:00,220,220,220,220,0
2021-11-09 11:40:00,220,220,220,220,0
2021-11-09 11:41:00,220,220,220,220,0
2021-11-09 11:42:00,220,220,220,220,0
2021-11-09 11:43:00,220,220,220,220,0
2021-11-09 11:44:00,220,220,220,220,0
2021-11-09 11:45:00,220,220,220,220,0
2021-11-09 11:46:00,220,220,220,220,0
2021-11-09 11:47:00,220,220,220,220,0
2021-11-09 11:48:00,220,220,220,220,0
2021-11-09 11:49:00,220,220,220,220,0
2021-11-09 11:50:00,220,220,220,220,0
2021-11-09 11:51:00,220,220,220,220,0
2021-11-09 11:52:00,220,220,220,220,0
2021-11-09 11:53:00,220,220,220,220,0
2021-11-09 11:54:00,220,220,220,220,0
2021-11-09 11:55:00,220,220,220,220,0
2021-11-09 11:56:00,220,220,220,220,0
2021-11-09 11:57:00,220,220,220,220,0
2021-11-09 11:58:00,220,220,220,220,0
2021-11-09 11:59:00,220,220,220,220,0
2021-11-09 12:00:00,220,220,220,220,0
2021-11-09 12:01:00,220,220,220,220,0
2021-11-09 12:02:00,220,220,220,220,0
2021-11-09 12:03:00,220,220,220,220,0
2021-11-09 12:04:00,220,220,220,220,0
2021-11-09 12:05:00,220,220,220,220,0
2021-11-09 12:06:00,220,220,220,220,0
2021-11-09 12:07:00,220,220,220,220,0
2021-11-09 12:08:00,220,220,220,220,0
2021-11-09 12:09:00,220,220,220,220,0
2021-11-09 12:10:00,220,220,220,220,0
2021-11-09 12:11:00,220,220,220,220,0
2021-11-09 12:12:00,220,220,220,220,0
2021-11-09 12:13:00,220,220,220,220,0
2021-11-09 12:14:00,220,220,220,220,0
2021-11-09 12:15:00,220,220,220,220,0
2021-11-09 12:16:00,220,220,220,220,0
2021-11-09 12:17:00,220,220,220,220,0
2021-11-09 12:18:00,220,220,220,220,0
2021-11-09 12:19:00,220,220,220,220,0
2021-11-09 12:20:00,220,220,220,220,0
2021-11-09 12:21:00,220,220,220,220,0
2021-11-09 12:22:00,220,220,220,220,0
2021-11-09 12:23:00,220,220,220,220,0
2021-11-09 12:24:00,220,220,220,220,0
2021-11-09 12:25:00,220,220,220,220,0
2021-11-09 12:26:00,220,220,220,220,0
2021-11-09 12:27:00,220,220,220,220,0
2021-11-09 12:28:00,220,220,220,220,0
2021-11-09 12:29:00,220,220,220,220,0
2021-11-09 12:30:00,220,220,220,220,0
2021-11-09 12:31:00,220,220,220,220,0
2021-11-09 12:32:00,220,220,220,220,0
2021-11-09 12:33:00,220,220,220,220,0
2021-11-09 12:34:00,220,220,220,220,0
2021-11-09 12:35:00,220,220,220,220,0
2021-11-09 12:36:00,220,220,220,220,0
2021-11-09 12:37:00,220,220,220,220,0
2021-11-09 12:38:00,220,220,220,220,0
2021-11-09 12:39:00,220,220,220,220,0
2021-11-09 12:40:00,220,220,220,220,0
2021-11-09 12:41:00,220,220,220,220,0
2021-11-09 12:42:00,220,220,220,220,0
2021-11-09 12:43:00,220,220,220,220,0
2021-11-09 12:44:00,220,220,220,220,0
2021-11-09 12:45:00,220,220,220,220,0
2021-11-09 12:46:00,220,220,220,220,0
2021-11-09 12:47:00,220,220,220,220,0
2021-11-09 12:48:00,220,220,220,220,0
2021-11-09 12:49:00,220,220,220,220,0
2021-11-09 12:50:00,220,220,220,220,0
2021-11-09 12:51:00,220,220,220,220,0
2021-11-09 12:52:00,220,220,220,220,0
2021-11-09 12:53:00,220,220,220,220,0
2021-11-09 12:54:00,220,220,220,220,0
2021-11-09 12:55:00,220,220,220,220,0
2021-11-09 12:56:00,220,220,220,220,0
2021-11-09 12:57:00,220,220,220,220,0
2021-11-09 12:58:00,220,220,220,220,0
2021-11-09 12:59:00,220,220,220,220,0
2021-11-09 13:00:00,220,220,220,220,0
2021-11-09 13:01:00,220,220,220,220,0
2021-11-09 13:02:00,220,220,220,220,0
2021-11-09 13:03:00,220,220,220,220,0
2021-11-09 13:04:00,220,220,220,220,0
2021-11-09 13:05:00,220,220,220,220,0
2021-11-09 13:06:00,220,220,220,220,0
2021-11-09 13:07:00,220,220,220,220,0
2021-11-09 13:08:00,220,220,220,220,0
2021-11-09 13:09:00,220,220,220,220,0
2021-11-09 13:10:00,220,220,220,220,0
2021-11-09 13:11:00,220,220,220,220,0
2021-11-09 13:12:00,220,220,220,220,0
2021-11-09 13:13:00,220,220,220,220,0
2021-11-09 13:14:00,220,220,220,220,0
2021-11-09 13:15:00,220,220,220,220,0
2021-11-09 13:16:00,220,220,220,220,0
2021-11-09 13:17:00,220,220,220,220,0
2021-11-09 13:18:00,220,220,220,220,0
2021-11-09 13:19:00,220,220,220,220,0
2021-11-09 13:20:00,220,220,220,220,0
2021-11-09 13:21:00,220,220,220,220,0
2021-11-09 13:22:00,220,220,220,220,0
2021-11-09 13:23:00,220,220,220,220,0
2021-11-09 13:24:00,220,220,220,220,0
2021-11-09 13:25:00,220,220,220,220,0
2021-11-09 13:26:00,220,220,220,220,0
2021-11-09 13:27:00,220,220,220,220,0
2021-11-09 13:28:00,220,220,220,220,0
2021-11-09 13:29:00,220,220,220,220,0
2021-11-09 13:30:00,220,220,220,220,0
2021-11-09 13:31:00,220,220,220,220,0
2021-11-09 13:32:00,220,220,220,220,0
2021-11-09 13:33:00,220,220,220,220,0
2021-11-09 13:34:00,220,220,220,220,1000
2021-11-09 13:35:00,220,220,220,220,0
2021-11-09 13:36:00,230,230,230,230,100
2021-11-09 13:37:00,212,212,212,212,100
2021-11-09 13:38:00,228,228,228,228,100
2021-11-09 13:39:00,212,212,212,212,100
2021-11-09 13:40:00,226,226,226,226,100
2021-11-09 13:41:00,212,212,226,226,200
2021-11-09 13:42:00,212,212,212,212,100
2021-11-09 13:43:00,226,226,226,226,100
2021-11-09 13:44:00,226,226,226,226,0
2021-11-09 13:45:00,226,226,226,226,0
2021-11-09 13:46:00,212,212,212,212,100
2021-11-09 13:47:00,224,224,224,224,100
2021-11-09 13:48:00,224,224,224,224,0
2021-11-09 13:49:00,224,224,224,224,0
2021-11-09 13:50:00,212,212,212,212,100
2021-11-09 13:51:00,222,222,222,222,100
2021-11-09 13:52:00,212,212,212,212,100
2021-11-09 13:53:00,220,220,220,220,100
2021-11-09 13:54:00,212,212,212,212,100
2021-11-09 13:55:00,220,220,220,220,100
2021-11-09 13:56:00,220,220,220,220,0
2021-11-09 13:57:00,212,212,212,212,100
2021-11-09 13:58:00,220,220,220,220,100
2021-11-09 13:59:00,220,220,220,220,0
2021-11-09 14:00:00,212,212,218,218,200
2021-11-09 14:01:00,212,212,218,218,0
2021-11-09 14:02:00,210,210,210,210,2800
2021-11-09 14:03:00,210,210,210,210,0
2021-11-09 14:04:00,210,210,210,210,0
2021-11-09 14:05:00,210,210,210,210,0
2021-11-09 14:06:00,212,212,212,212,100
2021-11-09 14:07:00,212,212,212,212,0
2021-11-09 14:08:00,218,218,218,218,100
2021-11-09 14:09:00,218,218,218,218,0
2021-11-09 14:10:00,218,218,218,218,0
2021-11-09 14:11:00,218,218,218,218,0
2021-11-09 14:12:00,218,218,218,218,0
2021-11-09 14:13:00,218,218,218,218,0
2021-11-09 14:14:00,218,218,218,218,0
2021-11-09 14:15:00,212,212,212,212,100
2021-11-09 14:16:00,212,212,212,212,700
2021-11-09 14:17:00,212,212,212,212,0
2021-11-09 14:18:00,212,212,212,212,1300
2021-11-09 14:19:00,214,214,214,214,100
2021-11-09 14:20:00,214,214,214,214,0
2021-11-09 14:21:00,214,214,214,214,0
2021-11-09 14:22:00,214,214,214,214,0
2021-11-09 14:23:00,214,214,214,214,0
2021-11-09 14:24:00,214,214,214,214,0
2021-11-09 14:25:00,214,214,214,214,0
2021-11-09 14:26:00,214,214,214,214,0
2021-11-09 14:27:00,214,214,214,214,0
2021-11-09 14:28:00,214,214,214,214,0
2021-11-09 14:29:00,214,214,214,214,0
2021-11-09 14:30:00,214,214,214,214,0
2021-11-09 14:31:00,214,214,214,214,0
2021-11-09 14:32:00,212,212,212,212,200
2021-11-09 14:33:00,212,212,212,212,0
2021-11-09 14:34:00,212,212,212,212,0
2021-11-09 14:35:00,212,212,212,212,0
2021-11-09 14:36:00,212,212,212,212,0
2021-11-09 14:37:00,212,212,212,212,0
2021-11-09 14:38:00,212,212,212,212,0
2021-11-09 14:39:00,212,212,212,212,0
2021-11-09 14:40:00,212,212,212,212,0
2021-11-09 14:41:00,212,212,212,212,0
2021-11-09 14:42:00,212,212,212,212,0
2021-11-09 14:43:00,212,212,212,212,0
2021-11-09 14:44:00,212,212,212,212,0
2021-11-09 14:45:00,212,212,212,212,0
2021-11-09 14:46:00,212,212,212,212,0
2021-11-09 14:47:00,212,212,212,212,0
2021-11-09 14:48:00,212,212,212,212,0
2021-11-09 14:49:00,212,212,212,212,0
2021-11-09 14:50:00,212,212,212,212,0
2021-11-09 14:51:00,212,212,212,212,0
2021-11-09 14:52:00,212,212,212,212,0
2021-11-09 14:53:00,212,212,212,212,0
2021-11-09 14:54:00,212,212,212,212,0
2021-11-09 14:55:00,212,212,212,212,0
2021-11-09 14:56:00,212,212,212,212,0
2021-11-09 14:57:00,212,212,212,212,0
2021-11-09 14:58:00,212,212,212,212,0
2021-11-09 14:59:00,212,212,212,212,0
2021-11-09 15:00:00,216,216,216,216,1000
2021-11-09 15:01:00,216,216,216,216,0
2021-11-09 15:02:00,216,216,216,216,0
2021-11-09 15:03:00,216,216,216,216,0
2021-11-09 15:04:00,216,216,216,216,0
2021-11-09 15:05:00,216,216,216,216,0
2021-11-09 15:06:00,216,216,216,216,0
2021-11-09 15:07:00,216,216,216,216,0
2021-11-09 15:08:00,216,216,216,216,0
2021-11-09 15:09:00,216,216,216,216,0
2021-11-09 15:10:00,216,216,216,216,0
2021-11-09 15:11:00,216,216,216,216,0
2021-11-09 15:12:00,216,216,216,216,0
2021-11-09 15:13:00,216,216,216,216,500
2021-11-09 15:14:00,216,216,216,216,0
2021-11-09 15:15:00,216,216,216,216,0
2021-11-09 15:16:00,216,216,216,216,0
2021-11-09 15:17:00,216,216,216,216,0
2021-11-09 15:18:00,216,216,216,216,0
2021-11-09 15:19:00,216,216,216,216,0
2021-11-09 15:20:00,216,216,216,216,0
2021-11-09 15:21:00,216,216,216,216,0
2021-11-09 15:22:00,216,216,216,216,0
2021-11-09 15:23:00,216,216,216,216,0
2021-11-09 15:24:00,216,216,216,216,0
2021-11-09 15:25:00,216,216,216,216,0
2021-11-09 15:26:00,216,216,216,216,0
2021-11-09 15:27:00,216,216,216,216,0
2021-11-09 15:28:00,216,216,216,216,0
2021-11-09 15:29:00,216,216,216,216,0
2021-11-09 15:30:00,216,216,216,216,0
2021-11-09 15:31:00,216,216,216,216,0
2021-11-09 15:32:00,216,216,216,216,0
2021-11-09 15:33:00,216,216,216,216,0
2021-11-09 15:34:00,216,216,216,216,0
2021-11-09 15:35:00,216,216,216,216,0
2021-11-09 15:36:00,216,216,216,216,0
2021-11-09 15:37:00,216,216,216,216,0
2021-11-09 15:38:00,216,216,216,216,0
2021-11-09 15:39:00,216,216,216,216,0
2021-11-09 15:40:00,216,216,216,216,0
2021-11-09 15:41:00,216,216,216,216,0
2021-11-09 15:42:00,216,216,216,216,0
2021-11-09 15:43:00,216,216,216,216,0
2021-11-09 15:44:00,216,216,216,216,0
2021-11-09 15:45:00,216,216,216,216,0
2021-11-09 15:46:00,216,216,216,216,0
2021-11-09 15:47:00,216,216,216,216,0
2021-11-09 15:48:00,216,216,216,216,0
2021-11-09 15:49:00,216,216,216,216,0
2021-11-09 15:50:00,216,216,216,216,0
2021-11-09 15:51:00,216,216,216,216,0
2021-11-09 15:52:00,216,216,216,216,0
2021-11-09 15:53:00,216,216,216,216,0
2021-11-09 15:54:00,216,216,216,216,0
2021-11-09 15:55:00,216,216,216,216,0
2021-11-09 15:56:00,216,216,216,216,0
2021-11-09 15:57:00,216,216,216,216,0
2021-11-09 15:58:00,216,216,216,216,0
2021-11-09 15:59:00,216,216,216,216,0
2021-11-10 09:00:00,216,216,216,216,0
2021-11-10 09:01:00,216,216,216,216,0
2021-11-10 09:02:00,216,216,216,216,0
2021-11-10 09:03:00,216,216,216,216,0
2021-11-10 09:04:00,216,216,216,216,0
2021-11-10 09:05:00,216,216,216,216,0
2021-11-10 09:06:00,216,216,216,216,0
2021-11-10 09:07:00,216,216,216,216,0
2021-11-10 09:08:00,216,216,216,216,0
2021-11-10 09:09:00,216,216,216,216,0
2021-11-10 09:10:00,216,216,216,216,0
2021-11-10 09:11:00,216,216,216,216,0
2021-11-10 09:12:00,216,216,216,216,0
2021-11-10 09:13:00,216,216,216,216,0
2021-11-10 09:14:00,216,216,216,216,0
2021-11-10 09:15:00,216,216,216,216,0
2021-11-10 09:16:00,216,216,216,216,0
2021-11-10 09:17:00,216,216,216,216,0
2021-11-10 09:18:00,216,216,216,216,0
2021-11-10 09:19:00,216,216,216,216,0
2021-11-10 09:20:00,216,216,216,216,0
2021-11-10 09:21:00,216,216,216,216,0
2021-11-10 09:22:00,216,216,216,216,0
2021-11-10 09:23:00,216,216,216,216,0
2021-11-10 09:24:00,216,216,216,216,0
2021-11-10 09:25:00,216,216,216,216,0
2021-11-10 09:26:00,216,216,216,216,0
2021-11-10 09:27:00,216,216,216,216,0
2021-11-10 09:28:00,216,216,216,216,0
2021-11-10 09:29:00,216,216,216,216,0
2021-11-10 09:30:00,216,216,216,216,0
2021-11-10 09:31:00,216,216,216,216,0
2021-11-10 09:32:00,216,216,216,216,0
2021-11-10 09:33:00,216,216,216,216,0
2021-11-10 09:34:00,216,216,216,216,0
2021-11-10 09:35:00,216,216,216,216,0
2021-11-10 09:36:00,216,216,216,216,0
2021-11-10 09:37:00,216,216,216,216,0
2021-11-10 09:38:00,216,216,216,216,0
2021-11-10 09:39:00,216,216,216,216,0
2021-11-10 09:40:00,216,216,216,216,0
2021-11-10 09:41:00,216,216,216,216,0
2021-11-10 09:42:00,216,216,216,216,0
2021-11-10 09:43:00,216,216,216,216,0
2021-11-10 09:44:00,216,216,216,216,0
2021-11-10 09:45:00,216,216,216,216,0
2021-11-10 09:46:00,216,216,216,216,0
2021-11-10 09:47:00,228,228,228,228,100
2021-11-10 09:48:00,228,228,228,228,0
2021-11-10 09:49:00,228,228,228,228,0
2021-11-10 09:50:00,228,228,228,228,0
2021-11-10 09:51:00,228,228,228,228,0
2021-11-10 09:52:00,228,228,228,228,0
2021-11-10 09:53:00,228,228,228,228,0
2021-11-10 09:54:00,228,228,228,228,0
2021-11-10 09:55:00,228,228,228,228,0
2021-11-10 09:56:00,228,228,228,228,0
2021-11-10 09:57:00,228,228,228,228,0
2021-11-10 09:58:00,226,226,226,226,300
2021-11-10 09:59:00,226,226,226,226,0
2021-11-10 10:00:00,226,226,226,226,0
2021-11-10 10:01:00,226,226,226,226,0
2021-11-10 10:02:00,226,226,226,226,0
2021-11-10 10:03:00,226,226,226,226,0
2021-11-10 10:04:00,226,226,226,226,0
2021-11-10 10:05:00,226,226,226,226,0
2021-11-10 10:06:00,226,226,226,226,0
2021-11-10 10:07:00,226,226,226,226,0
2021-11-10 10:08:00,226,226,226,226,0
2021-11-10 10:09:00,226,226,226,226,0
2021-11-10 10:10:00,226,226,226,226,0
2021-11-10 10:11:00,226,226,226,226,0
2021-11-10 10:12:00,226,226,226,226,0
2021-11-10 10:13:00,226,226,226,226,0
2021-11-10 10:14:00,226,226,226,226,0
2021-11-10 10:15:00,226,226,226,226,0
2021-11-10 10:16:00,226,226,226,226,0
2021-11-10 10:17:00,216,216,216,216,200
2021-11-10 10:18:00,222,222,222,222,200
2021-11-10 10:19:00,222,222,222,222,0
2021-11-10 10:20:00,222,222,222,222,0
2021-11-10 10:21:00,222,222,222,222,0
2021-11-10 10:22:00,222,222,222,222,0
2021-11-10 10:23:00,222,222,222,222,0
2021-11-10 10:24:00,222,222,222,222,0
2021-11-10 10:25:00,222,222,222,222,0
2021-11-10 10:26:00,222,222,222,222,300
2021-11-10 10:27:00,222,222,222,222,0
2021-11-10 10:28:00,222,222,222,222,0
2021-11-10 10:29:00,222,222,222,222,0
2021-11-10 10:30:00,222,222,222,222,0
2021-11-10 10:31:00,222,222,222,222,0
2021-11-10 10:32:00,222,222,222,222,0
2021-11-10 10:33:00,222,222,222,222,0
2021-11-10 10:34:00,222,222,222,222,0
2021-11-10 10:35:00,222,222,222,222,0
2021-11-10 10:36:00,222,222,222,222,0
2021-11-10 10:37:00,222,222,222,222,0
2021-11-10 10:38:00,222,222,222,222,0
2021-11-10 10:39:00,222,222,222,222,0
2021-11-10 10:40:00,222,222,222,222,0
2021-11-10 10:41:00,222,222,222,222,0
2021-11-10 10:42:00,222,222,222,222,0
2021-11-10 10:43:00,222,222,222,222,0
2021-11-10 10:44:00,222,222,222,222,0
2021-11-10 10:45:00,222,222,222,222,0
2021-11-10 10:46:00,222,222,222,222,0
2021-11-10 10:47:00,222,222,222,222,0
2021-11-10 10:48:00,222,222,222,222,0
2021-11-10 10:49:00,222,222,222,222,0
2021-11-10 10:50:00,222,222,222,222,0
2021-11-10 10:51:00,222,222,222,222,0
2021-11-10 10:52:00,222,222,222,222,0
2021-11-10 10:53:00,222,222,222,222,0
2021-11-10 10:54:00,216,216,216,216,25000
2021-11-10 10:55:00,216,216,216,216,0
2021-11-10 10:56:00,216,216,216,216,0
2021-11-10 10:57:00,216,216,216,216,0
2021-11-10 10:58:00,216,216,216,216,2500
2021-11-10 10:59:00,216,216,216,216,0
2021-11-10 11:00:00,216,216,216,216,0
2021-11-10 11:01:00,216,216,216,216,0
2021-11-10 11:02:00,216,216,216,216,0
2021-11-10 11:03:00,216,216,216,216,0
2021-11-10 11:04:00,216,216,216,216,0
2021-11-10 11:05:00,216,216,216,216,0
2021-11-10 11:06:00,216,216,216,216,0
2021-11-10 11:07:00,216,216,216,216,0
2021-11-10 11:08:00,216,216,216,216,0
2021-11-10 11:09:00,216,216,216,216,0
2021-11-10 11:10:00,216,216,216,216,0
2021-11-10 11:11:00,216,216,216,216,0
2021-11-10 11:12:00,216,216,216,216,0
2021-11-10 11:13:00,216,216,216,216,0
2021-11-10 11:14:00,216,216,216,216,2000
2021-11-10 11:15:00,216,216,216,216,0
2021-11-10 11:16:00,216,216,216,216,0
2021-11-10 11:17:00,216,216,216,216,500
2021-11-10 11:18:00,216,216,216,216,0
2021-11-10 11:19:00,216,216,216,216,0
2021-11-10 11:20:00,216,216,216,216,0
2021-11-10 11:21:00,216,216,216,216,0
2021-11-10 11:22:00,216,216,216,216,0
2021-11-10 11:23:00,216,216,216,216,0
2021-11-10 11:24:00,216,216,216,216,0
2021-11-10 11:25:00,216,216,216,216,0
2021-11-10 11:26:00,216,216,216,216,0
2021-11-10 11:27:00,216,216,216,216,0
2021-11-10 11:28:00,216,216,216,216,0
2021-11-10 11:29:00,216,216,216,216,0
2021-11-10 11:30:00,216,216,216,216,0
2021-11-10 11:31:00,216,216,216,216,0
2021-11-10 11:32:00,216,216,216,216,0
2021-11-10 11:33:00,216,216,216,216,0
2021-11-10 11:34:00,216,216,216,216,0
2021-11-10 11:35:00,216,216,216,216,0
2021-11-10 11:36:00,216,216,216,216,0
2021-11-10 11:37:00,216,216,216,216,0
2021-11-10 11:38:00,216,216,216,216,0
2021-11-10 11:39:00,216,216,216,216,0
2021-11-10 11:40:00,216,216,216,216,0
2021-11-10 11:41:00,216,216,216,216,0
2021-11-10 11:42:00,216,216,216,216,0
2021-11-10 11:43:00,216,216,216,216,0
2021-11-10 11:44:00,216,216,216,216,0
2021-11-10 11:45:00,216,216,216,216,0
2021-11-10 11:46:00,216,216,216,216,0
2021-11-10 11:47:00,216,216,216,216,0
2021-11-10 11:48:00,216,216,216,216,0
2021-11-10 11:49:00,216,216,216,216,0
2021-11-10 11:50:00,216,216,216,216,0
2021-11-10 11:51:00,216,216,216,216,0
2021-11-10 11:52:00,216,216,216,216,0
2021-11-10 11:53:00,216,216,216,216,0
2021-11-10 11:54:00,216,216,216,216,0
2021-11-10 11:55:00,216,216,216,216,0
2021-11-10 11:56:00,216,216,216,216,0
2021-11-10 11:57:00,216,216,216,216,0
2021-11-10 11:58:00,216,216,216,216,0
2021-11-10 11:59:00,216,216,216,216,0
2021-11-10 12:00:00,216,216,216,216,0
2021-11-10 12:01:00,216,216,216,216,0
2021-11-10 12:02:00,216,216,216,216,0
2021-11-10 12:03:00,216,216,216,216,0
2021-11-10 12:04:00,216,216,216,216,0
2021-11-10 12:05:00,216,216,216,216,0
2021-11-10 12:06:00,216,216,216,216,0
2021-11-10 12:07:00,216,216,216,216,0
2021-11-10 12:08:00,216,216,216,216,0
2021-11-10 12:09:00,216,216,216,216,0
2021-11-10 12:10:00,216,216,216,216,0
2021-11-10 12:11:00,216,216,216,216,0
2021-11-10 12:12:00,216,216,216,216,0
2021-11-10 12:13:00,216,216,216,216,0
2021-11-10 12:14:00,216,216,216,216,0
2021-11-10 12:15:00,216,216,216,216,0
2021-11-10 12:16:00,216,216,216,216,0
2021-11-10 12:17:00,216,216,216,216,0
2021-11-10 12:18:00,216,216,216,216,0
2021-11-10 12:19:00,216,216,216,216,0
2021-11-10 12:20:00,216,216,216,216,0
2021-11-10 12:21:00,216,216,216,216,0
2021-11-10 12:22:00,216,216,216,216,0
2021-11-10 12:23:00,216,216,216,216,0
2021-11-10 12:24:00,216,216,216,216,0
2021-11-10 12:25:00,216,216,216,216,0
2021-11-10 12:26:00,216,216,216,216,0
2021-11-10 12:27:00,216,216,216,216,0
2021-11-10 12:28:00,216,216,216,216,0
2021-11-10 12:29:00,216,216,216,216,0
2021-11-10 12:30:00,216,216,216,216,0
2021-11-10 12:31:00,216,216,216,216,0
2021-11-10 12:32:00,216,216,216,216,0
2021-11-10 12:33:00,216,216,216,216,0
2021-11-10 12:34:00,216,216,216,216,0
2021-11-10 12:35:00,216,216,216,216,0
2021-11-10 12:36:00,216,216,216,216,0
2021-11-10 12:37:00,216,216,216,216,0
2021-11-10 12:38:00,216,216,216,216,0
2021-11-10 12:39:00,216,216,216,216,0
2021-11-10 12:40:00,216,216,216,216,0
2021-11-10 12:41:00,216,216,216,216,0
2021-11-10 12:42:00,216,216,216,216,0
2021-11-10 12:43:00,216,216,216,216,0
2021-11-10 12:44:00,216,216,216,216,0
2021-11-10 12:45:00,216,216,216,216,0
2021-11-10 12:46:00,216,216,216,216,0
2021-11-10 12:47:00,216,216,216,216,0
2021-11-10 12:48:00,216,216,216,216,0
2021-11-10 12:49:00,216,216,216,216,0
2021-11-10 12:50:00,216,216,216,216,0
2021-11-10 12:51:00,216,216,216,216,0
2021-11-10 12:52:00,216,216,216,216,0
2021-11-10 12:53:00,216,216,216,216,0
2021-11-10 12:54:00,216,216,216,216,0
2021-11-10 12:55:00,216,216,216,216,0
2021-11-10 12:56:00,216,216,216,216,0
2021-11-10 12:57:00,216,216,216,216,0
2021-11-10 12:58:00,216,216,216,216,0
2021-11-10 12:59:00,216,216,216,216,0
2021-11-10 13:00:00,216,216,216,216,0
2021-11-10 13:01:00,216,216,216,216,0
2021-11-10 13:02:00,216,216,216,216,0
2021-11-10 13:03:00,216,216,216,216,0
2021-11-10 13:04:00,216,216,216,216,0
2021-11-10 13:05:00,216,216,216,216,0
2021-11-10 13:06:00,216,216,216,216,0
2021-11-10 13:07:00,216,216,216,216,0
2021-11-10 13:08:00,216,216,216,216,0
2021-11-10 13:09:00,216,216,216,216,0
2021-11-10 13:10:00,216,216,216,216,0
2021-11-10 13:11:00,216,216,216,216,0
2021-11-10 13:12:00,216,216,216,216,0
2021-11-10 13:13:00,216,216,216,216,0
2021-11-10 13:14:00,216,216,216,216,0
2021-11-10 13:15:00,216,216,216,216,0
2021-11-10 13:16:00,216,216,216,216,0
2021-11-10 13:17:00,216,216,216,216,0
2021-11-10 13:18:00,216,216,216,216,0
2021-11-10 13:19:00,216,216,216,216,0
2021-11-10 13:20:00,216,216,216,216,0
2021-11-10 13:21:00,216,216,216,216,0
2021-11-10 13:22:00,216,216,216,216,0
2021-11-10 13:23:00,216,216,216,216,0
2021-11-10 13:24:00,216,216,216,216,0
2021-11-10 13:25:00,216,216,216,216,0
2021-11-10 13:26:00,216,216,216,216,0
2021-11-10 13:27:00,216,216,216,216,0
2021-11-10 13:28:00,216,216,216,216,0
2021-11-10 13:29:00,216,216,216,216,0
2021-11-10 13:30:00,216,216,216,216,0
2021-11-10 13:31:00,216,216,216,216,0
2021-11-10 13:32:00,216,216,216,216,0
2021-11-10 13:33:00,216,216,216,216,0
2021-11-10 13:34:00,216,216,216,216,0
2021-11-10 13:35:00,216,216,216,216,0
2021-11-10 13:36:00,216,216,216,216,0
2021-11-10 13:37:00,216,216,216,216,0
2021-11-10 13:38:00,216,216,216,216,0
2021-11-10 13:39:00,216,216,216,216,0
2021-11-10 13:40:00,214,214,214,214,500
2021-11-10 13:41:00,214,214,214,214,0
2021-11-10 13:42:00,214,214,214,214,0
2021-11-10 13:43:00,214,214,214,214,0
2021-11-10 13:44:00,214,214,214,214,0
2021-11-10 13:45:00,214,214,214,214,0
2021-11-10 13:46:00,214,214,214,214,0
2021-11-10 13:47:00,214,214,214,214,0
2021-11-10 13:48:00,214,214,214,214,0
2021-11-10 13:49:00,214,214,214,214,0
2021-11-10 13:50:00,214,214,214,214,0
2021-11-10 13:51:00,214,214,214,214,0
2021-11-10 13:52:00,214,214,214,214,0
2021-11-10 13:53:00,214,214,214,214,0
2021-11-10 13:54:00,214,214,214,214,0
2021-11-10 13:55:00,214,214,214,214,0
2021-11-10 13:56:00,214,214,214,214,0
2021-11-10 13:57:00,214,214,214,214,0
2021-11-10 13:58:00,214,214,214,214,0
2021-11-10 13:59:00,214,214,214,214,0
2021-11-10 14:00:00,214,214,214,214,0
2021-11-10 14:01:00,214,214,214,214,0
2021-11-10 14:02:00,214,214,214,214,0
2021-11-10 14:03:00,214,214,214,214,0
2021-11-10 14:04:00,214,214,214,214,0
2021-11-10 14:05:00,214,214,214,214,0
2021-11-10 14:06:00,214,214,214,214,0
2021-11-10 14:07:00,214,214,214,214,0
2021-11-10 14:08:00,214,214,214,214,0
2021-11-10 14:09:00,214,214,214,214,0
2021-11-10 14:10:00,214,214,214,214,0
2021-11-10 14:11:00,214,214,214,214,0
2021-11-10 14:12:00,214,214,214,214,0
2021-11-10 14:13:00,214,214,214,214,0
2021-11-10 14:14:00,214,214,214,214,6300
2021-11-10 14:15:00,214,214,214,214,0
2021-11-10 14:16:00,214,214,214,214,0
2021-11-10 14:17:00,214,214,214,214,0
2021-11-10 14:18:00,214,214,214,214,2400
2021-11-10 14:19:00,214,214,214,214,0
2021-11-10 14:20:00,214,214,214,214,0
2021-11-10 14:21:00,214,214,214,214,0
2021-11-10 14:22:00,214,214,214,214,0
2021-11-10 14:23:00,214,214,214,214,0
2021-11-10 14:24:00,214,214,214,214,0
2021-11-10 14:25:00,216,216,216,216,100
2021-11-10 14:26:00,216,216,216,216,0
2021-11-10 14:27:00,216,216,216,216,0
2021-11-10 14:28:00,216,216,216,216,0
2021-11-10 14:29:00,216,216,216,216,0
2021-11-10 14:30:00,216,216,216,216,0
2021-11-10 14:31:00,216,216,216,216,0
2021-11-10 14:32:00,216,216,216,216,0
2021-11-10 14:33:00,216,216,216,216,0
2021-11-10 14:34:00,216,216,216,216,0
2021-11-10 14:35:00,216,216,216,216,0
2021-11-10 14:36:00,216,216,216,216,0
2021-11-10 14:37:00,216,216,216,216,0
2021-11-10 14:38:00,216,216,216,216,0
2021-11-10 14:39:00,216,216,216,216,0
2021-11-10 14:40:00,216,216,216,216,0
2021-11-10 14:41:00,216,216,216,216,0
2021-11-10 14:42:00,216,216,216,216,0
2021-11-10 14:43:00,216,216,216,216,0
2021-11-10 14:44:00,216,216,216,216,0
2021-11-10 14:45:00,216,216,216,216,0
2021-11-10 14:46:00,216,216,216,216,0
2021-11-10 14:47:00,216,216,216,216,0
2021-11-10 14:48:00,216,216,216,216,0
2021-11-10 14:49:00,216,216,216,216,0
2021-11-10 14:50:00,216,216,216,216,0
2021-11-10 14:51:00,216,216,216,216,0
2021-11-10 14:52:00,216,216,216,216,0
2021-11-10 14:53:00,216,216,216,216,0
2021-11-10 14:54:00,216,216,216,216,0
2021-11-10 14:55:00,216,216,216,216,0
2021-11-10 14:56:00,216,216,216,216,0
2021-11-10 14:57:00,216,216,216,216,0
2021-11-10 14:58:00,216,216,216,216,0
2021-11-10 14:59:00,216,216,216,216,0
2021-11-10 15:00:00,216,216,216,216,0
2021-11-10 15:01:00,216,216,216,216,0
2021-11-10 15:02:00,216,216,216,216,0
2021-11-10 15:03:00,216,216,216,216,0
2021-11-10 15:04:00,216,216,216,216,0
2021-11-10 15:05:00,216,216,216,216,0
2021-11-10 15:06:00,216,216,216,216,0
2021-11-10 15:07:00,216,216,216,216,0
2021-11-10 15:08:00,216,216,216,216,0
2021-11-10 15:09:00,216,216,216,216,0
2021-11-10 15:10:00,216,216,216,216,0
2021-11-10 15:11:00,216,216,216,216,0
2021-11-10 15:12:00,216,216,216,216,0
2021-11-10 15:13:00,216,216,216,216,0
2021-11-10 15:14:00,216,216,216,216,0
2021-11-10 15:15:00,216,216,216,216,0
2021-11-10 15:16:00,216,216,216,216,0
2021-11-10 15:17:00,216,216,216,216,0
2021-11-10 15:18:00,216,216,216,216,0
2021-11-10 15:19:00,216,216,216,216,0
2021-11-10 15:20:00,216,216,216,216,0
2021-11-10 15:21:00,216,216,216,216,0
2021-11-10 15:22:00,216,216,216,216,0
2021-11-10 15:23:00,216,216,216,216,0
2021-11-10 15:24:00,216,216,216,216,0
2021-11-10 15:25:00,216,216,216,216,0
2021-11-10 15:26:00,216,216,216,216,0
2021-11-10 15:27:00,216,216,216,216,0
2021-11-10 15:28:00,216,216,216,216,0
2021-11-10 15:29:00,216,216,216,216,0
2021-11-10 15:30:00,216,216,216,216,0
2021-11-10 15:31:00,216,216,216,216,0
2021-11-10 15:32:00,216,216,216,216,0
2021-11-10 15:33:00,216,216,216,216,0
2021-11-10 15:34:00,216,216,216,216,0
2021-11-10 15:35:00,216,216,216,216,0
2021-11-10 15:36:00,216,216,216,216,0
2021-11-10 15:37:00,216,216,216,216,0
2021-11-10 15:38:00,216,216,216,216,0
2021-11-10 15:39:00,216,216,216,216,0
2021-11-10 15:40:00,216,216,216,216,0
2021-11-10 15:41:00,216,216,216,216,0
2021-11-10 15:42:00,216,216,216,216,0
2021-11-10 15:43:00,216,216,216,216,0
2021-11-10 15:44:00,216,216,216,216,0
2021-11-10 15:45:00,216,216,216,216,0
2021-11-10 15:46:00,216,216,216,216,0
2021-11-10 15:47:00,216,216,216,216,0
2021-11-10 15:48:00,216,216,216,216,0
2021-11-10 15:49:00,216,216,216,216,0
2021-11-10 15:50:00,216,216,216,216,0
2021-11-10 15:51:00,216,216,216,216,0
2021-11-10 15:52:00,216,216,216,216,0
2021-11-10 15:53:00,216,216,216,216,0
2021-11-10 15:54:00,216,216,216,216,0
2021-11-10 15:55:00,216,216,216,216,0
2021-11-10 15:56:00,216,216,216,216,0
2021-11-10 15:57:00,216,216,216,216,0
2021-11-10 15:58:00,216,216,216,216,0
2021-11-10 15:59:00,216,216,216,216,0
2021-11-11 09:00:00,230,226,230,230,0
2021-11-11 09:01:00,230,230,230,230,600
2021-11-11 09:02:00,230,230,230,230,0
2021-11-11 09:03:00,228,228,228,228,5200
2021-11-11 09:04:00,228,228,230,230,4500
2021-11-11 09:05:00,230,230,230,230,2800
2021-11-11 09:06:00,228,228,228,228,3100
2021-11-11 09:07:00,228,226,228,226,600
2021-11-11 09:08:00,228,226,228,226,0
2021-11-11 09:09:00,226,226,226,226,1700
2021-11-11 09:10:00,226,226,226,226,1000
2021-11-11 09:11:00,226,226,226,226,0
2021-11-11 09:12:00,226,226,226,226,0
2021-11-11 09:13:00,226,226,226,226,100
2021-11-11 09:14:00,226,226,226,226,100
2021-11-11 09:15:00,226,226,226,226,0
2021-11-11 09:16:00,224,224,224,224,7500
2021-11-11 09:17:00,224,224,224,224,0
2021-11-11 09:18:00,232,232,232,232,4400
2021-11-11 09:19:00,232,232,232,232,34900
2021-11-11 09:20:00,236,236,238,238,7000
2021-11-11 09:21:00,240,240,254,254,98200
2021-11-11 09:22:00,254,252,254,252,4500
2021-11-11 09:23:00,254,252,254,254,17200
2021-11-11 09:24:00,252,252,252,252,2900
2021-11-11 09:25:00,252,252,252,252,16800
2021-11-11 09:26:00,246,236,246,236,3100
2021-11-11 09:27:00,238,234,238,234,9200
2021-11-11 09:28:00,238,238,238,238,5500
2021-11-11 09:29:00,240,238,240,238,18700
2021-11-11 09:30:00,234,232,234,232,6700
2021-11-11 09:31:00,232,232,232,232,5400
2021-11-11 09:32:00,232,232,232,232,300
2021-11-11 09:33:00,232,232,232,232,1500
2021-11-11 09:34:00,232,232,232,232,1200
2021-11-11 09:35:00,226,224,226,224,1000
2021-11-11 09:36:00,226,224,226,224,0
2021-11-11 09:37:00,226,224,226,224,0
2021-11-11 09:38:00,224,224,224,224,600
2021-11-11 09:39:00,224,222,224,222,3500
2021-11-11 09:40:00,226,226,226,226,10000
2021-11-11 09:41:00,226,226,226,226,0
2021-11-11 09:42:00,226,226,226,226,0
2021-11-11 09:43:00,226,226,226,226,0
2021-11-11 09:44:00,230,230,232,232,200
2021-11-11 09:45:00,232,232,232,232,100
2021-11-11 09:46:00,222,222,222,222,100
2021-11-11 09:47:00,222,222,222,222,0
2021-11-11 09:48:00,222,222,222,222,200
2021-11-11 09:49:00,222,222,222,222,0
2021-11-11 09:50:00,222,222,222,222,0
2021-11-11 09:51:00,222,222,222,222,0
2021-11-11 09:52:00,222,222,222,222,0
2021-11-11 09:53:00,222,222,222,222,0
2021-11-11 09:54:00,232,232,232,232,100
2021-11-11 09:55:00,232,232,232,232,0
2021-11-11 09:56:00,232,232,232,232,0
2021-11-11 09:57:00,232,232,232,232,0
2021-11-11 09:58:00,232,232,232,232,0
2021-11-11 09:59:00,232,232,232,232,0
2021-11-11 10:00:00,232,232,232,232,0
2021-11-11 10:01:00,224,224,224,224,1200
2021-11-11 10:02:00,224,224,224,224,0
2021-11-11 10:03:00,224,224,224,224,0
2021-11-11 10:04:00,224,224,224,224,0
2021-11-11 10:05:00,232,232,232,232,400
2021-11-11 10:06:00,232,232,232,232,0
2021-11-11 10:07:00,232,232,232,232,0
2021-11-11 10:08:00,232,232,232,232,0
2021-11-11 10:09:00,228,226,228,226,1800
2021-11-11 10:10:00,228,226,228,226,0
2021-11-11 10:11:00,228,226,228,226,0
2021-11-11 10:12:00,232,226,232,226,600
2021-11-11 10:13:00,232,226,232,226,0
2021-11-11 10:14:00,226,226,226,226,400
2021-11-11 10:15:00,226,226,226,226,0
2021-11-11 10:16:00,226,226,226,226,0
2021-11-11 10:17:00,226,226,226,226,0
2021-11-11 10:18:00,226,226,226,226,0
2021-11-11 10:19:00,226,226,226,226,0
2021-11-11 10:20:00,226,226,226,226,0
2021-11-11 10:21:00,226,226,226,226,0
2021-11-11 10:22:00,226,226,226,226,0
2021-11-11 10:23:00,226,226,226,226,0
2021-11-11 10:24:00,226,226,226,226,0
2021-11-11 10:25:00,226,226,226,226,0
2021-11-11 10:26:00,226,226,226,226,0
2021-11-11 10:27:00,226,226,226,226,0
2021-11-11 10:28:00,226,226,226,226,0
2021-11-11 10:29:00,226,226,226,226,0
2021-11-11 10:30:00,226,226,226,226,0
2021-11-11 10:31:00,226,226,226,226,0
2021-11-11 10:32:00,226,226,226,226,0
2021-11-11 10:33:00,226,226,226,226,0
2021-11-11 10:34:00,226,226,226,226,0
2021-11-11 10:35:00,228,228,228,228,2000
2021-11-11 10:36:00,228,228,228,228,0
2021-11-11 10:37:00,228,228,228,228,0
2021-11-11 10:38:00,228,228,228,228,0
2021-11-11 10:39:00,228,228,228,228,0
2021-11-11 10:40:00,228,228,228,228,0
2021-11-11 10:41:00,228,228,228,228,0
2021-11-11 10:42:00,228,228,228,228,0
2021-11-11 10:43:00,228,228,228,228,0
2021-11-11 10:44:00,228,228,228,228,0
2021-11-11 10:45:00,228,228,228,228,0
2021-11-11 10:46:00,228,228,228,228,0
2021-11-11 10:47:00,228,228,228,228,0
2021-11-11 10:48:00,228,228,228,228,0
2021-11-11 10:49:00,228,228,228,228,0
2021-11-11 10:50:00,228,228,228,228,0
2021-11-11 10:51:00,228,228,228,228,0
2021-11-11 10:52:00,228,228,228,228,0
2021-11-11 10:53:00,228,228,228,228,0
2021-11-11 10:54:00,228,228,228,228,0
2021-11-11 10:55:00,228,228,228,228,100
2021-11-11 10:56:00,230,228,230,228,200
2021-11-11 10:57:00,230,230,230,230,100
2021-11-11 10:58:00,230,230,230,230,0
2021-11-11 10:59:00,230,230,230,230,0
2021-11-11 11:00:00,230,230,230,230,0
2021-11-11 11:01:00,232,232,232,232,1000
2021-11-11 11:02:00,232,232,232,232,0
2021-11-11 11:03:00,232,232,232,232,0
2021-11-11 11:04:00,232,232,232,232,0
2021-11-11 11:05:00,232,232,232,232,0
2021-11-11 11:06:00,232,232,232,232,0
2021-11-11 11:07:00,232,232,232,232,0
2021-11-11 11:08:00,232,232,232,232,0
2021-11-11 11:09:00,232,232,232,232,0
2021-11-11 11:10:00,232,232,232,232,0
2021-11-11 11:11:00,230,230,230,230,300
2021-11-11 11:12:00,230,230,230,230,0
2021-11-11 11:13:00,230,230,230,230,0
2021-11-11 11:14:00,230,230,230,230,0
2021-11-11 11:15:00,230,230,230,230,0
2021-11-11 11:16:00,230,230,230,230,0
2021-11-11 11:17:00,230,230,230,230,0
2021-11-11 11:18:00,230,230,230,230,0
2021-11-11 11:19:00,230,230,230,230,0
2021-11-11 11:20:00,230,230,230,230,0
2021-11-11 11:21:00,230,230,230,230,0
2021-11-11 11:22:00,230,230,230,230,0
2021-11-11 11:23:00,230,230,230,230,0
2021-11-11 11:24:00,230,230,230,230,0
2021-11-11 11:25:00,230,230,230,230,0
2021-11-11 11:26:00,230,230,230,230,0
2021-11-11 11:27:00,230,230,230,230,0
2021-11-11 11:28:00,228,228,228,228,16900
2021-11-11 11:29:00,228,228,228,228,0
2021-11-11 11:30:00,228,228,228,228,0
2021-11-11 11:31:00,228,228,228,228,0
2021-11-11 11:32:00,228,228,228,228,0
2021-11-11 11:33:00,228,228,228,228,0
2021-11-11 11:34:00,228,228,228,228,0
2021-11-11 11:35:00,228,228,228,228,0
2021-11-11 11:36:00,228,228,228,228,0
2021-11-11 11:37:00,228,228,228,228,0
2021-11-11 11:38:00,228,228,228,228,0
2021-11-11 11:39:00,228,228,228,228,0
2021-11-11 11:40:00,228,228,228,228,0
2021-11-11 11:41:00,228,228,228,228,0
2021-11-11 11:42:00,228,228,228,228,0
2021-11-11 11:43:00,228,228,228,228,0
2021-11-11 11:44:00,228,228,228,228,0
2021-11-11 11:45:00,228,228,228,228,0
2021-11-11 11:46:00,228,228,228,228,0
2021-11-11 11:47:00,228,228,228,228,0
2021-11-11 11:48:00,228,228,228,228,0
2021-11-11 11:49:00,228,228,228,228,0
2021-11-11 11:50:00,228,228,228,228,0
2021-11-11 11:51:00,228,228,228,228,0
2021-11-11 11:52:00,228,228,228,228,0
2021-11-11 11:53:00,228,228,228,228,0
2021-11-11 11:54:00,228,228,228,228,0
2021-11-11 11:55:00,228,228,228,228,0
2021-11-11 11:56:00,228,228,228,228,0
2021-11-11 11:57:00,228,228,228,228,0
2021-11-11 11:58:00,228,228,228,228,0
2021-11-11 11:59:00,228,228,228,228,0
2021-11-11 12:00:00,228,228,228,228,0
2021-11-11 12:01:00,228,228,228,228,0
2021-11-11 12:02:00,228,228,228,228,0
2021-11-11 12:03:00,228,228,228,228,0
2021-11-11 12:04:00,228,228,228,228,0
2021-11-11 12:05:00,228,228,228,228,0
2021-11-11 12:06:00,228,228,228,228,0
2021-11-11 12:07:00,228,228,228,228,0
2021-11-11 12:08:00,228,228,228,228,0
2021-11-11 12:09:00,228,228,228,228,0
2021-11-11 12:10:00,228,228,228,228,0
2021-11-11 12:11:00,228,228,228,228,0
2021-11-11 12:12:00,228,228,228,228,0
2021-11-11 12:13:00,228,228,228,228,0
2021-11-11 12:14:00,228,228,228,228,0
2021-11-11 12:15:00,228,228,228,228,0
2021-11-11 12:16:00,228,228,228,228,0
2021-11-11 12:17:00,228,228,228,228,0
2021-11-11 12:18:00,228,228,228,228,0
2021-11-11 12:19:00,228,228,228,228,0
2021-11-11 12:20:00,228,228,228,228,0
2021-11-11 12:21:00,228,228,228,228,0
2021-11-11 12:22:00,228,228,228,228,0
2021-11-11 12:23:00,228,228,228,228,0
2021-11-11 12:24:00,228,228,228,228,0
2021-11-11 12:25:00,228,228,228,228,0
2021-11-11 12:26:00,228,228,228,228,0
2021-11-11 12:27:00,228,228,228,228,0
2021-11-11 12:28:00,228,228,228,228,0
2021-11-11 12:29:00,228,228,228,228,0
2021-11-11 12:30:00,228,228,228,228,0
2021-11-11 12:31:00,228,228,228,228,0
2021-11-11 12:32:00,228,228,228,228,0
2021-11-11 12:33:00,228,228,228,228,0
2021-11-11 12:34:00,228,228,228,228,0
2021-11-11 12:35:00,228,228,228,228,0
2021-11-11 12:36:00,228,228,228,228,0
2021-11-11 12:37:00,228,228,228,228,0
2021-11-11 12:38:00,228,228,228,228,0
2021-11-11 12:39:00,228,228,228,228,0
2021-11-11 12:40:00,228,228,228,228,0
2021-11-11 12:41:00,228,228,228,228,0
2021-11-11 12:42:00,228,228,228,228,0
2021-11-11 12:43:00,228,228,228,228,0
2021-11-11 12:44:00,228,228,228,228,0
2021-11-11 12:45:00,228,228,228,228,0
2021-11-11 12:46:00,228,228,228,228,0
2021-11-11 12:47:00,228,228,228,228,0
2021-11-11 12:48:00,228,228,228,228,0
2021-11-11 12:49:00,228,228,228,228,0
2021-11-11 12:50:00,228,228,228,228,0
2021-11-11 12:51:00,228,228,228,228,0
2021-11-11 12:52:00,228,228,228,228,0
2021-11-11 12:53:00,228,228,228,228,0
2021-11-11 12:54:00,228,228,228,228,0
2021-11-11 12:55:00,228,228,228,228,0
2021-11-11 12:56:00,228,228,228,228,0
2021-11-11 12:57:00,228,228,228,228,0
2021-11-11 12:58:00,228,228,228,228,0
2021-11-11 12:59:00,228,228,228,228,0
2021-11-11 13:00:00,228,228,228,228,0
2021-11-11 13:01:00,228,228,228,228,0
2021-11-11 13:02:00,228,228,228,228,0
2021-11-11 13:03:00,228,228,228,228,0
2021-11-11 13:04:00,228,228,228,228,0
2021-11-11 13:05:00,228,228,228,228,0
2021-11-11 13:06:00,228,228,228,228,0
2021-11-11 13:07:00,228,228,228,228,0
2021-11-11 13:08:00,228,228,228,228,0
2021-11-11 13:09:00,228,228,228,228,0
2021-11-11 13:10:00,228,228,228,228,0
2021-11-11 13:11:00,228,228,228,228,0
2021-11-11 13:12:00,228,228,228,228,0
2021-11-11 13:13:00,228,228,228,228,0
2021-11-11 13:14:00,228,228,228,228,0
2021-11-11 13:15:00,228,228,228,228,0
2021-11-11 13:16:00,228,228,228,228,0
2021-11-11 13:17:00,228,228,228,228,0
2021-11-11 13:18:00,228,228,228,228,0
2021-11-11 13:19:00,228,228,228,228,0
2021-11-11 13:20:00,228,228,228,228,0
2021-11-11 13:21:00,228,228,228,228,0
2021-11-11 13:22:00,228,228,228,228,0
2021-11-11 13:23:00,228,228,228,228,0
2021-11-11 13:24:00,228,228,228,228,0
2021-11-11 13:25:00,228,228,228,228,0
2021-11-11 13:26:00,228,228,228,228,0
2021-11-11 13:27:00,228,228,228,228,0
2021-11-11 13:28:00,228,228,228,228,0
2021-11-11 13:29:00,228,228,228,228,0
2021-11-11 13:30:00,228,226,228,228,8200
2021-11-11 13:31:00,228,226,228,228,0
2021-11-11 13:32:00,228,226,228,228,0
2021-11-11 13:33:00,230,230,230,230,1300
2021-11-11 13:34:00,230,230,230,230,0
2021-11-11 13:35:00,232,232,238,238,24200
2021-11-11 13:36:00,232,232,238,238,0
2021-11-11 13:37:00,238,238,238,238,800
2021-11-11 13:38:00,238,238,238,238,200
2021-11-11 13:39:00,238,238,238,238,2200
2021-11-11 13:40:00,238,238,238,238,600
2021-11-11 13:41:00,238,238,238,238,0
2021-11-11 13:42:00,238,238,238,238,0
2021-11-11 13:43:00,230,230,230,230,3100
2021-11-11 13:44:00,230,230,230,230,2000
2021-11-11 13:45:00,230,230,230,230,0
2021-11-11 13:46:00,230,230,230,230,0
2021-11-11 13:47:00,228,228,228,228,400
2021-11-11 13:48:00,228,228,228,228,0
2021-11-11 13:49:00,228,228,228,228,0
2021-11-11 13:50:00,230,230,230,230,100
2021-11-11 13:51:00,230,230,236,236,10000
2021-11-11 13:52:00,236,236,236,236,1000
2021-11-11 13:53:00,236,236,236,236,0
2021-11-11 13:54:00,230,228,230,228,1400
2021-11-11 13:55:00,230,228,230,228,0
2021-11-11 13:56:00,230,228,230,228,0
2021-11-11 13:57:00,226,226,226,226,10000
2021-11-11 13:58:00,226,226,226,226,0
2021-11-11 13:59:00,232,232,232,232,500
2021-11-11 14:00:00,226,226,226,226,2800
2021-11-11 14:01:00,226,226,226,226,0
2021-11-11 14:02:00,226,226,226,226,1000
2021-11-11 14:03:00,224,224,224,224,1000
2021-11-11 14:04:00,224,224,224,224,0
2021-11-11 14:05:00,224,224,224,224,0
2021-11-11 14:06:00,226,226,238,238,1000
2021-11-11 14:07:00,226,226,238,238,0
2021-11-11 14:08:00,226,226,238,238,0
2021-11-11 14:09:00,226,226,238,238,0
2021-11-11 14:10:00,226,226,238,238,0
2021-11-11 14:11:00,226,226,238,238,0
2021-11-11 14:12:00,226,226,238,238,0
2021-11-11 14:13:00,236,226,236,226,1300
2021-11-11 14:14:00,226,224,226,224,13100
2021-11-11 14:15:00,226,224,226,224,0
2021-11-11 14:16:00,226,224,226,224,0
2021-11-11 14:17:00,224,224,224,224,5000
2021-11-11 14:18:00,224,224,228,228,200
2021-11-11 14:19:00,224,224,224,224,100
2021-11-11 14:20:00,222,222,228,228,5300
2021-11-11 14:21:00,222,222,228,228,0
2021-11-11 14:22:00,222,222,228,228,0
2021-11-11 14:23:00,222,222,228,228,0
2021-11-11 14:24:00,222,222,228,228,0
2021-11-11 14:25:00,222,222,228,228,0
2021-11-11 14:26:00,222,222,228,228,0
2021-11-11 14:27:00,222,222,228,228,0
2021-11-11 14:28:00,222,222,228,228,0
2021-11-11 14:29:00,224,222,224,222,6000
2021-11-11 14:30:00,224,222,224,222,0
2021-11-11 14:31:00,224,222,224,222,0
2021-11-11 14:32:00,224,222,224,222,0
2021-11-11 14:33:00,228,228,228,228,100
2021-11-11 14:34:00,228,228,228,228,0
2021-11-11 14:35:00,228,228,228,228,0
2021-11-11 14:36:00,228,228,228,228,0
2021-11-11 14:37:00,228,228,228,228,0
2021-11-11 14:38:00,228,228,228,228,0
2021-11-11 14:39:00,228,228,228,228,0
2021-11-11 14:40:00,228,228,228,228,2900
2021-11-11 14:41:00,228,228,228,228,0
2021-11-11 14:42:00,228,228,228,228,0
2021-11-11 14:43:00,228,228,230,230,1100
2021-11-11 14:44:00,228,228,230,230,0
2021-11-11 14:45:00,228,228,230,230,0
2021-11-11 14:46:00,228,228,230,230,0
2021-11-11 14:47:00,228,228,230,230,0
2021-11-11 14:48:00,230,230,230,230,2400
2021-11-11 14:49:00,230,230,230,230,0
2021-11-11 14:50:00,230,230,230,230,0
2021-11-11 14:51:00,230,230,230,230,0
2021-11-11 14:52:00,230,230,230,230,0
2021-11-11 14:53:00,230,230,230,230,0
2021-11-11 14:54:00,230,230,230,230,0
2021-11-11 14:55:00,230,230,230,230,0
2021-11-11 14:56:00,230,230,230,230,0
2021-11-11 14:57:00,230,230,230,230,0
2021-11-11 14:58:00,230,230,230,230,0
2021-11-11 14:59:00,230,230,230,230,0
2021-11-11 15:00:00,230,230,230,230,1900
2021-11-11 15:01:00,230,230,230,230,0
2021-11-11 15:02:00,230,230,230,230,0
2021-11-11 15:03:00,230,230,230,230,0
2021-11-11 15:04:00,230,230,230,230,0
2021-11-11 15:05:00,230,230,230,230,0
2021-11-11 15:06:00,230,230,230,230,0
2021-11-11 15:07:00,230,230,230,230,0
2021-11-11 15:08:00,230,230,230,230,0
2021-11-11 15:09:00,230,230,230,230,100
2021-11-11 15:10:00,230,230,230,230,0
2021-11-11 15:11:00,230,230,230,230,0
2021-11-11 15:12:00,230,230,230,230,0
2021-11-11 15:13:00,230,230,230,230,0
2021-11-11 15:14:00,230,230,230,230,0
2021-11-11 15:15:00,230,230,230,230,0
2021-11-11 15:16:00,230,230,230,230,0
2021-11-11 15:17:00,230,230,230,230,0
2021-11-11 15:18:00,230,230,230,230,0
2021-11-11 15:19:00,230,230,230,230,0
2021-11-11 15:20:00,230,230,230,230,0
2021-11-11 15:21:00,230,230,230,230,0
2021-11-11 15:22:00,230,230,230,230,0
2021-11-11 15:23:00,230,230,230,230,0
2021-11-11 15:24:00,230,230,230,230,0
2021-11-11 15:25:00,230,230,230,230,0
2021-11-11 15:26:00,230,230,230,230,0
2021-11-11 15:27:00,230,230,230,230,0
2021-11-11 15:28:00,230,230,230,230,0
2021-11-11 15:29:00,230,230,230,230,0
2021-11-11 15:30:00,230,230,230,230,0
2021-11-11 15:31:00,230,230,230,230,0
2021-11-11 15:32:00,230,230,230,230,0
2021-11-11 15:33:00,230,230,230,230,0
2021-11-11 15:34:00,230,230,230,230,0
2021-11-11 15:35:00,230,230,230,230,0
2021-11-11 15:36:00,230,230,230,230,0
2021-11-11 15:37:00,230,230,230,230,0
2021-11-11 15:38:00,230,230,230,230,0
2021-11-11 15:39:00,230,230,230,230,0
2021-11-11 15:40:00,230,230,230,230,0
2021-11-11 15:41:00,230,230,230,230,0
2021-11-11 15:42:00,230,230,230,230,0
2021-11-11 15:43:00,230,230,230,230,0
2021-11-11 15:44:00,230,230,230,230,0
2021-11-11 15:45:00,230,230,230,230,0
2021-11-11 15:46:00,230,230,230,230,0
2021-11-11 15:47:00,230,230,230,230,0
2021-11-11 15:48:00,230,230,230,230,0
2021-11-11 15:49:00,230,230,230,230,0
2021-11-11 15:50:00,230,230,230,230,0
2021-11-11 15:51:00,230,230,230,230,0
2021-11-11 15:52:00,230,230,230,230,0
2021-11-11 15:53:00,230,230,230,230,0
2021-11-11 15:54:00,230,230,230,230,0
2021-11-11 15:55:00,230,230,230,230,0
2021-11-11 15:56:00,230,230,230,230,0
2021-11-11 15:57:00,230,230,230,230,0
2021-11-11 15:58:00,230,230,230,230,0
2021-11-11 15:59:00,230,230,230,230,0
2021-11-12 09:00:00,230,230,230,230,0
2021-11-12 09:01:00,230,230,230,230,0
2021-11-12 09:02:00,230,230,230,230,0
2021-11-12 09:03:00,230,230,230,230,0
2021-11-12 09:04:00,230,230,230,230,0
2021-11-12 09:05:00,230,230,230,230,0
2021-11-12 09:06:00,230,230,230,230,0
2021-11-12 09:07:00,230,230,230,230,0
2021-11-12 09:08:00,230,230,230,230,0
2021-11-12 09:09:00,230,230,230,230,0
2021-11-12 09:10:00,230,230,230,230,0
2021-11-12 09:11:00,230,230,230,230,0
2021-11-12 09:12:00,240,240,240,240,100
2021-11-12 09:13:00,240,240,240,240,2000
2021-11-12 09:14:00,240,240,240,240,3400
2021-11-12 09:15:00,240,240,240,240,7400
2021-11-12 09:16:00,250,250,250,250,5000
2021-11-12 09:17:00,240,220,240,220,5000
2021-11-12 09:18:00,222,220,222,220,1000
2021-11-12 09:19:00,222,220,222,220,0
2021-11-12 09:20:00,222,220,222,220,0
2021-11-12 09:21:00,220,220,220,220,100
2021-11-12 09:22:00,220,220,220,220,0
2021-11-12 09:23:00,220,220,220,220,0
2021-11-12 09:24:00,220,220,220,220,0
2021-11-12 09:25:00,220,220,220,220,0
2021-11-12 09:26:00,220,220,220,220,0
2021-11-12 09:27:00,220,220,220,220,0
2021-11-12 09:28:00,220,220,220,220,0
2021-11-12 09:29:00,220,220,238,238,1300
2021-11-12 09:30:00,220,220,238,238,0
2021-11-12 09:31:00,220,220,238,238,0
2021-11-12 09:32:00,220,220,238,238,0
2021-11-12 09:33:00,220,220,238,238,0
2021-11-12 09:34:00,220,220,238,238,0
2021-11-12 09:35:00,220,220,238,238,0
2021-11-12 09:36:00,220,220,238,238,0
2021-11-12 09:37:00,220,220,238,238,0
2021-11-12 09:38:00,220,220,238,238,0
2021-11-12 09:39:00,220,220,238,238,0
2021-11-12 09:40:00,220,220,238,238,0
2021-11-12 09:41:00,220,220,238,238,0
2021-11-12 09:42:00,220,220,238,238,0
2021-11-12 09:43:00,220,220,238,238,0
2021-11-12 09:44:00,220,220,238,238,0
2021-11-12 09:45:00,220,220,238,238,0
2021-11-12 09:46:00,220,220,238,238,0
2021-11-12 09:47:00,220,220,238,238,0
2021-11-12 09:48:00,220,220,238,238,0
2021-11-12 09:49:00,220,220,238,238,0
2021-11-12 09:50:00,220,220,238,238,0
2021-11-12 09:51:00,220,220,238,238,0
2021-11-12 09:52:00,220,220,238,238,0
2021-11-12 09:53:00,220,220,238,238,0
2021-11-12 09:54:00,220,220,238,238,0
2021-11-12 09:55:00,220,220,238,238,0
2021-11-12 09:56:00,220,220,238,238,0
2021-11-12 09:57:00,220,220,238,238,0
2021-11-12 09:58:00,220,220,238,238,0
2021-11-12 09:59:00,220,220,238,238,0
2021-11-12 10:00:00,220,220,238,238,0
2021-11-12 10:01:00,220,220,238,238,0
2021-11-12 10:02:00,220,220,238,238,0
2021-11-12 10:03:00,220,220,238,238,0
2021-11-12 10:04:00,220,220,238,238,0
2021-11-12 10:05:00,220,220,238,238,0
2021-11-12 10:06:00,220,220,238,238,0
2021-11-12 10:07:00,220,220,238,238,0
2021-11-12 10:08:00,220,220,238,238,0
2021-11-12 10:09:00,220,220,238,238,0
2021-11-12 10:10:00,220,220,238,238,0
2021-11-12 10:11:00,220,220,238,238,0
2021-11-12 10:12:00,220,220,238,238,0
2021-11-12 10:13:00,220,220,238,238,0
2021-11-12 10:14:00,220,220,238,238,0
2021-11-12 10:15:00,220,220,238,238,0
2021-11-12 10:16:00,220,220,238,238,0
2021-11-12 10:17:00,220,220,238,238,0
2021-11-12 10:18:00,220,220,238,238,0
2021-11-12 10:19:00,220,220,238,238,0
2021-11-12 10:20:00,232,232,234,232,5200
2021-11-12 10:21:00,232,232,234,232,0
2021-11-12 10:22:00,232,232,234,232,0
2021-11-12 10:23:00,232,232,234,232,0
2021-11-12 10:24:00,232,232,234,232,0
2021-11-12 10:25:00,232,232,234,232,0
2021-11-12 10:26:00,232,232,234,232,0
2021-11-12 10:27:00,232,232,234,232,0
2021-11-12 10:28:00,232,232,234,232,0
2021-11-12 10:29:00,232,232,234,232,0
2021-11-12 10:30:00,232,232,234,232,0
2021-11-12 10:31:00,232,232,234,232,0
2021-11-12 10:32:00,232,232,234,232,0
2021-11-12 10:33:00,232,232,234,232,0
2021-11-12 10:34:00,232,232,234,232,0
2021-11-12 10:35:00,232,232,234,232,0
2021-11-12 10:36:00,232,232,234,232,0
2021-11-12 10:37:00,232,232,234,232,0
2021-11-12 10:38:00,232,232,234,232,0
2021-11-12 10:39:00,232,232,234,232,0
2021-11-12 10:40:00,232,232,234,232,0
2021-11-12 10:41:00,232,232,234,232,0
2021-11-12 10:42:00,232,232,234,232,0
2021-11-12 10:43:00,232,232,234,232,0
2021-11-12 10:44:00,232,232,234,232,0
2021-11-12 10:45:00,232,232,234,232,0
2021-11-12 10:46:00,232,232,234,232,0
2021-11-12 10:47:00,232,232,234,232,0
2021-11-12 10:48:00,232,232,234,232,0
2021-11-12 10:49:00,232,232,234,232,0
2021-11-12 10:50:00,232,232,234,232,0
2021-11-12 10:51:00,232,232,234,232,0
2021-11-12 10:52:00,232,232,234,232,0
2021-11-12 10:53:00,232,232,234,232,0
2021-11-12 10:54:00,232,232,234,232,0
2021-11-12 10:55:00,232,232,234,232,0
2021-11-12 10:56:00,232,232,234,232,0
2021-11-12 10:57:00,232,232,234,232,0
2021-11-12 10:58:00,232,232,234,232,0
2021-11-12 10:59:00,232,232,234,232,0
2021-11-12 11:00:00,232,232,234,232,0
2021-11-12 11:01:00,232,232,234,232,0
2021-11-12 11:02:00,232,232,234,232,0
2021-11-12 11:03:00,232,232,234,232,0
2021-11-12 11:04:00,232,232,234,232,0
2021-11-12 11:05:00,232,232,234,232,0
2021-11-12 11:06:00,232,232,234,232,0
2021-11-12 11:07:00,232,232,234,232,0
2021-11-12 11:08:00,232,232,234,232,0
2021-11-12 11:09:00,224,224,224,224,10600
2021-11-12 11:10:00,224,224,224,224,0
2021-11-12 11:11:00,224,224,224,224,0
2021-11-12 11:12:00,224,224,224,224,0
2021-11-12 11:13:00,224,224,224,224,0
2021-11-12 11:14:00,222,222,222,222,100
2021-11-12 11:15:00,222,222,222,222,0
2021-11-12 11:16:00,222,220,222,220,6000
2021-11-12 11:17:00,222,220,222,220,0
2021-11-12 11:18:00,222,220,222,220,0
2021-11-12 11:19:00,220,220,220,220,13500
2021-11-12 11:20:00,220,220,220,220,0
2021-11-12 11:21:00,220,220,220,220,0
2021-11-12 11:22:00,220,220,220,220,0
2021-11-12 11:23:00,220,220,220,220,0
2021-11-12 11:24:00,220,220,220,220,0
2021-11-12 11:25:00,220,220,220,220,0
2021-11-12 11:26:00,220,220,220,220,0
2021-11-12 11:27:00,220,220,220,220,0
2021-11-12 11:28:00,220,220,220,220,0
2021-11-12 11:29:00,220,220,220,220,0
2021-11-12 11:30:00,220,220,220,220,0
2021-11-12 11:31:00,220,220,220,220,0
2021-11-12 11:32:00,220,220,220,220,0
2021-11-12 11:33:00,220,220,220,220,0
2021-11-12 11:34:00,220,220,220,220,0
2021-11-12 11:35:00,220,220,220,220,0
2021-11-12 11:36:00,220,220,220,220,0
2021-11-12 11:37:00,220,220,220,220,0
2021-11-12 11:38:00,220,220,220,220,0
2021-11-12 11:39:00,220,220,220,220,0
2021-11-12 11:40:00,220,220,220,220,0
2021-11-12 11:41:00,220,220,220,220,0
2021-11-12 11:42:00,220,220,220,220,0
2021-11-12 11:43:00,220,220,220,220,0
2021-11-12 11:44:00,220,220,220,220,0
2021-11-12 11:45:00,220,220,220,220,0
2021-11-12 11:46:00,220,220,220,220,0
2021-11-12 11:47:00,220,220,220,220,0
2021-11-12 11:48:00,220,220,220,220,0
2021-11-12 11:49:00,220,220,220,220,0
2021-11-12 11:50:00,220,220,220,220,0
2021-11-12 11:51:00,220,220,220,220,0
2021-11-12 11:52:00,220,220,220,220,0
2021-11-12 11:53:00,220,220,220,220,0
2021-11-12 11:54:00,220,220,220,220,0
2021-11-12 11:55:00,220,220,220,220,0
2021-11-12 11:56:00,220,220,220,220,0
2021-11-12 11:57:00,220,220,220,220,0
2021-11-12 11:58:00,220,220,220,220,0
2021-11-12 11:59:00,220,220,220,220,0
2021-11-12 12:00:00,220,220,220,220,0
2021-11-12 12:01:00,220,220,220,220,0
2021-11-12 12:02:00,220,220,220,220,0
2021-11-12 12:03:00,220,220,220,220,0
2021-11-12 12:04:00,220,220,220,220,0
2021-11-12 12:05:00,220,220,220,220,0
2021-11-12 12:06:00,220,220,220,220,0
2021-11-12 12:07:00,220,220,220,220,0
2021-11-12 12:08:00,220,220,220,220,0
2021-11-12 12:09:00,220,220,220,220,0
2021-11-12 12:10:00,220,220,220,220,0
2021-11-12 12:11:00,220,220,220,220,0
2021-11-12 12:12:00,220,220,220,220,0
2021-11-12 12:13:00,220,220,220,220,0
2021-11-12 12:14:00,220,220,220,220,0
2021-11-12 12:15:00,220,220,220,220,0
2021-11-12 12:16:00,220,220,220,220,0
2021-11-12 12:17:00,220,220,220,220,0
2021-11-12 12:18:00,220,220,220,220,0
2021-11-12 12:19:00,220,220,220,220,0
2021-11-12 12:20:00,220,220,220,220,0
2021-11-12 12:21:00,220,220,220,220,0
2021-11-12 12:22:00,220,220,220,220,0
2021-11-12 12:23:00,220,220,220,220,0
2021-11-12 12:24:00,220,220,220,220,0
2021-11-12 12:25:00,220,220,220,220,0
2021-11-12 12:26:00,220,220,220,220,0
2021-11-12 12:27:00,220,220,220,220,0
2021-11-12 12:28:00,220,220,220,220,0
2021-11-12 12:29:00,220,220,220,220,0
2021-11-12 12:30:00,220,220,220,220,0
2021-11-12 12:31:00,220,220,220,220,0
2021-11-12 12:32:00,220,220,220,220,0
2021-11-12 12:33:00,220,220,220,220,0
2021-11-12 12:34:00,220,220,220,220,0
2021-11-12 12:35:00,220,220,220,220,0
2021-11-12 12:36:00,220,220,220,220,0
2021-11-12 12:37:00,220,220,220,220,0
2021-11-12 12:38:00,220,220,220,220,0
2021-11-12 12:39:00,220,220,220,220,0
2021-11-12 12:40:00,220,220,220,220,0
2021-11-12 12:41:00,220,220,220,220,0
2021-11-12 12:42:00,220,220,220,220,0
2021-11-12 12:43:00,220,220,220,220,0
2021-11-12 12:44:00,220,220,220,220,0
2021-11-12 12:45:00,220,220,220,220,0
2021-11-12 12:46:00,220,220,220,220,0
2021-11-12 12:47:00,220,220,220,220,0
2021-11-12 12:48:00,220,220,220,220,0
2021-11-12 12:49:00,220,220,220,220,0
2021-11-12 12:50:00,220,220,220,220,0
2021-11-12 12:51:00,220,220,220,220,0
2021-11-12 12:52:00,220,220,220,220,0
2021-11-12 12:53:00,220,220,220,220,0
2021-11-12 12:54:00,220,220,220,220,0
2021-11-12 12:55:00,220,220,220,220,0
2021-11-12 12:56:00,220,220,220,220,0
2021-11-12 12:57:00,220,220,220,220,0
2021-11-12 12:58:00,220,220,220,220,0
2021-11-12 12:59:00,220,220,220,220,0
2021-11-12 13:00:00,220,220,220,220,0
2021-11-12 13:01:00,220,220,220,220,0
2021-11-12 13:02:00,220,220,220,220,0
2021-11-12 13:03:00,220,220,220,220,0
2021-11-12 13:04:00,220,220,220,220,0
2021-11-12 13:05:00,220,220,220,220,0
2021-11-12 13:06:00,220,220,220,220,0
2021-11-12 13:07:00,220,220,220,220,0
2021-11-12 13:08:00,220,220,220,220,0
2021-11-12 13:09:00,220,220,220,220,0
2021-11-12 13:10:00,220,220,220,220,0
2021-11-12 13:11:00,220,220,220,220,0
2021-11-12 13:12:00,220,220,220,220,0
2021-11-12 13:13:00,220,220,220,220,0
2021-11-12 13:14:00,220,220,220,220,0
2021-11-12 13:15:00,220,220,220,220,0
2021-11-12 13:16:00,220,220,220,220,0
2021-11-12 13:17:00,220,220,220,220,0
2021-11-12 13:18:00,220,220,220,220,0
2021-11-12 13:19:00,220,220,220,220,0
2021-11-12 13:20:00,220,220,220,220,0
2021-11-12 13:21:00,220,220,220,220,0
2021-11-12 13:22:00,220,220,220,220,0
2021-11-12 13:23:00,220,220,220,220,0
2021-11-12 13:24:00,220,220,220,220,0
2021-11-12 13:25:00,220,220,220,220,0
2021-11-12 13:26:00,220,220,220,220,0
2021-11-12 13:27:00,220,220,220,220,0
2021-11-12 13:28:00,220,220,220,220,0
2021-11-12 13:29:00,220,220,220,220,0
2021-11-12 13:30:00,220,220,220,220,0
2021-11-12 13:31:00,220,220,220,220,0
2021-11-12 13:32:00,230,230,230,230,100
2021-11-12 13:33:00,230,230,230,230,0
2021-11-12 13:34:00,230,230,230,230,0
2021-11-12 13:35:00,230,230,230,230,0
2021-11-12 13:36:00,230,230,230,230,0
2021-11-12 13:37:00,230,230,230,230,0
2021-11-12 13:38:00,230,230,230,230,0
2021-11-12 13:39:00,230,230,230,230,0
2021-11-12 13:40:00,230,230,230,230,0
2021-11-12 13:41:00,230,230,230,230,0
2021-11-12 13:42:00,230,230,230,230,0
2021-11-12 13:43:00,230,230,230,230,0
2021-11-12 13:44:00,230,230,230,230,0
2021-11-12 13:45:00,230,230,230,230,0
2021-11-12 13:46:00,230,230,230,230,0
2021-11-12 13:47:00,230,230,230,230,0
2021-11-12 13:48:00,230,230,230,230,800
2021-11-12 13:49:00,230,230,230,230,0
2021-11-12 13:50:00,230,230,230,230,0
2021-11-12 13:51:00,230,230,230,230,0
2021-11-12 13:52:00,230,230,230,230,0
2021-11-12 13:53:00,230,230,230,230,0
2021-11-12 13:54:00,230,230,230,230,0
2021-11-12 13:55:00,230,230,230,230,0
2021-11-12 13:56:00,230,230,230,230,0
2021-11-12 13:57:00,230,230,230,230,0
2021-11-12 13:58:00,230,230,230,230,0
2021-11-12 13:59:00,230,230,230,230,0
2021-11-12 14:00:00,230,230,230,230,0
2021-11-12 14:01:00,230,230,230,230,0
2021-11-12 14:02:00,230,230,230,230,0
2021-11-12 14:03:00,230,230,230,230,0
2021-11-12 14:04:00,230,230,230,230,0
2021-11-12 14:05:00,230,230,230,230,0
2021-11-12 14:06:00,230,230,230,230,0
2021-11-12 14:07:00,230,230,230,230,0
2021-11-12 14:08:00,230,230,230,230,0
2021-11-12 14:09:00,230,230,230,230,0
2021-11-12 14:10:00,230,230,230,230,0
2021-11-12 14:11:00,230,230,230,230,0
2021-11-12 14:12:00,230,230,230,230,0
2021-11-12 14:13:00,230,230,230,230,0
2021-11-12 14:14:00,230,230,230,230,0
2021-11-12 14:15:00,230,230,230,230,0
2021-11-12 14:16:00,230,230,230,230,0
2021-11-12 14:17:00,230,230,230,230,0
2021-11-12 14:18:00,230,230,230,230,0
2021-11-12 14:19:00,230,230,230,230,0
2021-11-12 14:20:00,230,230,230,230,0
2021-11-12 14:21:00,230,230,230,230,0
2021-11-12 14:22:00,230,230,230,230,0
2021-11-12 14:23:00,230,230,230,230,0
2021-11-12 14:24:00,230,230,230,230,0
2021-11-12 14:25:00,230,230,230,230,0
2021-11-12 14:26:00,226,226,226,226,100
2021-11-12 14:27:00,226,226,226,226,0
2021-11-12 14:28:00,226,226,226,226,0
2021-11-12 14:29:00,226,226,226,226,0
2021-11-12 14:30:00,226,226,226,226,0
2021-11-12 14:31:00,226,226,226,226,0
2021-11-12 14:32:00,226,226,226,226,0
2021-11-12 14:33:00,226,226,226,226,0
2021-11-12 14:34:00,226,226,226,226,0
2021-11-12 14:35:00,226,226,226,226,0
2021-11-12 14:36:00,226,226,226,226,0
2021-11-12 14:37:00,226,226,226,226,0
2021-11-12 14:38:00,226,226,226,226,0
2021-11-12 14:39:00,226,226,226,226,0
2021-11-12 14:40:00,228,228,228,228,100
2021-11-12 14:41:00,226,214,226,214,26300
2021-11-12 14:42:00,226,214,226,214,0
2021-11-12 14:43:00,226,214,226,214,0
2021-11-12 14:44:00,226,214,226,214,0
2021-11-12 14:45:00,216,214,216,214,10000
2021-11-12 14:46:00,216,214,216,214,0
2021-11-12 14:47:00,226,226,226,226,100
2021-11-12 14:48:00,226,226,226,226,0
2021-11-12 14:49:00,228,228,228,228,100
2021-11-12 14:50:00,228,228,228,228,0
2021-11-12 14:51:00,228,228,228,228,0
2021-11-12 14:52:00,228,228,228,228,0
2021-11-12 14:53:00,228,228,228,228,0
2021-11-12 14:54:00,228,228,228,228,0
2021-11-12 14:55:00,228,228,228,228,0
2021-11-12 14:56:00,228,228,228,228,0
2021-11-12 14:57:00,228,228,228,228,0
2021-11-12 14:58:00,228,228,228,228,0
2021-11-12 14:59:00,228,228,228,228,0
2021-11-12 15:00:00,222,222,222,222,100
2021-11-12 15:01:00,222,222,222,222,0
2021-11-12 15:02:00,222,222,222,222,0
2021-11-12 15:03:00,222,222,222,222,0
2021-11-12 15:04:00,222,222,222,222,0
2021-11-12 15:05:00,222,222,222,222,0
2021-11-12 15:06:00,222,222,222,222,0
2021-11-12 15:07:00,222,222,222,222,0
2021-11-12 15:08:00,222,222,222,222,0
2021-11-12 15:09:00,222,222,222,222,0
2021-11-12 15:10:00,222,222,222,222,0
2021-11-12 15:11:00,222,222,222,222,0
2021-11-12 15:12:00,222,222,222,222,0
2021-11-12 15:13:00,222,222,222,222,0
2021-11-12 15:14:00,222,222,222,222,0
2021-11-12 15:15:00,222,222,222,222,0
2021-11-12 15:16:00,222,222,222,222,0
2021-11-12 15:17:00,222,222,222,222,0
2021-11-12 15:18:00,222,222,222,222,0
2021-11-12 15:19:00,222,222,222,222,0
2021-11-12 15:20:00,222,222,222,222,0
2021-11-12 15:21:00,222,222,222,222,0
2021-11-12 15:22:00,222,222,222,222,0
2021-11-12 15:23:00,222,222,222,222,0
2021-11-12 15:24:00,222,222,222,222,0
2021-11-12 15:25:00,222,222,222,222,0
2021-11-12 15:26:00,222,222,222,222,0
2021-11-12 15:27:00,222,222,222,222,0
2021-11-12 15:28:00,222,222,222,222,0
2021-11-12 15:29:00,222,222,222,222,0
2021-11-12 15:30:00,222,222,222,222,0
2021-11-12 15:31:00,222,222,222,222,0
2021-11-12 15:32:00,222,222,222,222,0
2021-11-12 15:33:00,222,222,222,222,0
2021-11-12 15:34:00,222,222,222,222,0
2021-11-12 15:35:00,222,222,222,222,0
2021-11-12 15:36:00,222,222,222,222,0
2021-11-12 15:37:00,222,222,222,222,0
2021-11-12 15:38:00,222,222,222,222,0
2021-11-12 15:39:00,222,222,222,222,0
2021-11-12 15:40:00,222,222,222,222,0
2021-11-12 15:41:00,222,222,222,222,0
2021-11-12 15:42:00,222,222,222,222,0
2021-11-12 15:43:00,222,222,222,222,0
2021-11-12 15:44:00,222,222,222,222,0
2021-11-12 15:45:00,222,222,222,222,0
2021-11-12 15:46:00,222,222,222,222,0
2021-11-12 15:47:00,222,222,222,222,0
2021-11-12 15:48:00,222,222,222,222,0
2021-11-12 15:49:00,222,222,222,222,0
2021-11-12 15:50:00,222,222,222,222,0
2021-11-12 15:51:00,222,222,222,222,0
2021-11-12 15:52:00,222,222,222,222,0
2021-11-12 15:53:00,222,222,222,222,0
2021-11-12 15:54:00,222,222,222,222,0
2021-11-12 15:55:00,222,222,222,222,0
2021-11-12 15:56:00,222,222,222,222,0
2021-11-12 15:57:00,222,222,222,222,0
2021-11-12 15:58:00,222,222,222,222,0
2021-11-12 15:59:00,222,222,222,222,0
2021-11-15 09:00:00,222,222,222,222,0
2021-11-15 09:01:00,222,222,222,222,0
2021-11-15 09:02:00,222,222,222,222,0
2021-11-15 09:03:00,222,222,222,222,0
2021-11-15 09:04:00,222,222,222,222,0
2021-11-15 09:05:00,222,222,222,222,0
2021-11-15 09:06:00,222,222,222,222,0
2021-11-15 09:07:00,222,222,222,222,0
2021-11-15 09:08:00,222,222,222,222,0
2021-11-15 09:09:00,222,222,222,222,0
2021-11-15 09:10:00,222,222,222,222,0
2021-11-15 09:11:00,222,222,222,222,0
2021-11-15 09:12:00,222,222,222,222,0
2021-11-15 09:13:00,222,222,222,222,0
2021-11-15 09:14:00,222,222,222,222,0
2021-11-15 09:15:00,222,222,222,222,0
2021-11-15 09:16:00,222,222,222,222,0
2021-11-15 09:17:00,222,222,222,222,0
2021-11-15 09:18:00,222,222,222,222,0
2021-11-15 09:19:00,222,222,222,222,0
2021-11-15 09:20:00,222,222,222,222,0
2021-11-15 09:21:00,222,222,222,222,0
2021-11-15 09:22:00,222,222,222,222,0
2021-11-15 09:23:00,222,222,222,222,0
2021-11-15 09:24:00,222,222,222,222,0
2021-11-15 09:25:00,222,222,222,222,0
2021-11-15 09:26:00,222,222,222,222,0
2021-11-15 09:27:00,222,222,222,222,0
2021-11-15 09:28:00,222,222,222,222,0
2021-11-15 09:29:00,222,222,222,222,0
2021-11-15 09:30:00,222,222,222,222,0
2021-11-15 09:31:00,222,222,222,222,0
2021-11-15 09:32:00,222,222,222,222,0
2021-11-15 09:33:00,222,222,222,222,0
2021-11-15 09:34:00,222,222,222,222,0
2021-11-15 09:35:00,222,222,222,222,0
2021-11-15 09:36:00,222,222,222,222,0
2021-11-15 09:37:00,222,222,222,222,0
2021-11-15 09:38:00,222,222,222,222,300
2021-11-15 09:39:00,222,222,222,222,0
2021-11-15 09:40:00,222,222,222,222,0
2021-11-15 09:41:00,222,222,222,222,0
2021-11-15 09:42:00,222,222,222,222,0
2021-11-15 09:43:00,222,222,222,222,0
2021-11-15 09:44:00,222,222,222,222,0
2021-11-15 09:45:00,222,222,222,222,0
2021-11-15 09:46:00,222,222,222,222,0
2021-11-15 09:47:00,222,222,222,222,0
2021-11-15 09:48:00,222,222,222,222,100
2021-11-15 09:49:00,222,222,222,222,0
2021-11-15 09:50:00,222,222,222,222,0
2021-11-15 09:51:00,222,222,222,222,0
2021-11-15 09:52:00,222,222,222,222,0
2021-11-15 09:53:00,222,222,222,222,0
2021-11-15 09:54:00,222,222,222,222,0
2021-11-15 09:55:00,222,222,222,222,0
2021-11-15 09:56:00,222,222,222,222,0
2021-11-15 09:57:00,222,222,222,222,0
2021-11-15 09:58:00,222,222,222,222,0
2021-11-15 09:59:00,222,222,222,222,0
2021-11-15 10:00:00,222,222,222,222,0
2021-11-15 10:01:00,222,222,222,222,0
2021-11-15 10:02:00,222,222,222,222,0
2021-11-15 10:03:00,214,214,214,214,1300
2021-11-15 10:04:00,214,214,214,214,0
2021-11-15 10:05:00,214,214,214,214,0
2021-11-15 10:06:00,214,214,214,214,0
2021-11-15 10:07:00,214,214,214,214,0
2021-11-15 10:08:00,214,214,214,214,2500
2021-11-15 10:09:00,214,214,214,214,0
2021-11-15 10:10:00,214,214,214,214,0
2021-11-15 10:11:00,214,214,214,214,0
2021-11-15 10:12:00,214,214,214,214,0
2021-11-15 10:13:00,214,214,214,214,0
2021-11-15 10:14:00,214,214,214,214,0
2021-11-15 10:15:00,212,212,212,212,500
2021-11-15 10:16:00,212,210,212,210,14000
2021-11-15 10:17:00,210,210,210,210,8700
2021-11-15 10:18:00,210,210,210,210,0
2021-11-15 10:19:00,210,210,210,210,0
2021-11-15 10:20:00,210,210,210,210,0
2021-11-15 10:21:00,210,210,210,210,0
2021-11-15 10:22:00,210,210,210,210,0
2021-11-15 10:23:00,210,210,210,210,0
2021-11-15 10:24:00,210,210,210,210,0
2021-11-15 10:25:00,210,210,210,210,0
2021-11-15 10:26:00,210,210,210,210,0
2021-11-15 10:27:00,210,210,210,210,0
2021-11-15 10:28:00,210,210,210,210,0
2021-11-15 10:29:00,210,210,210,210,0
2021-11-15 10:30:00,210,210,210,210,0
2021-11-15 10:31:00,210,210,210,210,0
2021-11-15 10:32:00,210,210,210,210,0
2021-11-15 10:33:00,210,210,210,210,0
2021-11-15 10:34:00,210,210,210,210,0
2021-11-15 10:35:00,210,210,210,210,0
2021-11-15 10:36:00,210,210,210,210,0
2021-11-15 10:37:00,210,210,210,210,0
2021-11-15 10:38:00,210,210,210,210,0
2021-11-15 10:39:00,210,210,210,210,0
2021-11-15 10:40:00,210,210,210,210,0
2021-11-15 10:41:00,210,210,210,210,0
2021-11-15 10:42:00,210,210,210,210,0
2021-11-15 10:43:00,210,210,210,210,0
2021-11-15 10:44:00,210,210,210,210,0
2021-11-15 10:45:00,210,210,210,210,0
2021-11-15 10:46:00,210,210,210,210,0
2021-11-15 10:47:00,210,210,210,210,0
2021-11-15 10:48:00,210,210,210,210,0
2021-11-15 10:49:00,210,210,210,210,0
2021-11-15 10:50:00,210,210,210,210,0
2021-11-15 10:51:00,210,210,210,210,0
2021-11-15 10:52:00,210,210,210,210,0
2021-11-15 10:53:00,210,210,210,210,0
2021-11-15 10:54:00,210,210,210,210,0
2021-11-15 10:55:00,210,210,210,210,0
2021-11-15 10:56:00,210,210,210,210,0
2021-11-15 10:57:00,212,212,212,212,1000
2021-11-15 10:58:00,214,214,214,214,3800
2021-11-15 10:59:00,214,214,214,214,0
2021-11-15 11:00:00,214,214,214,214,0
2021-11-15 11:01:00,214,214,214,214,0
2021-11-15 11:02:00,214,214,214,214,0
2021-11-15 11:03:00,214,214,214,214,0
2021-11-15 11:04:00,214,214,214,214,0
2021-11-15 11:05:00,214,214,214,214,400
2021-11-15 11:06:00,214,214,214,214,0
2021-11-15 11:07:00,214,214,214,214,0
2021-11-15 11:08:00,214,214,214,214,0
2021-11-15 11:09:00,214,214,214,214,0
2021-11-15 11:10:00,214,214,214,214,0
2021-11-15 11:11:00,214,214,214,214,0
2021-11-15 11:12:00,214,214,214,214,0
2021-11-15 11:13:00,214,214,214,214,0
2021-11-15 11:14:00,214,214,214,214,0
2021-11-15 11:15:00,214,214,214,214,0
2021-11-15 11:16:00,214,214,214,214,500
2021-11-15 11:17:00,214,214,214,214,0
2021-11-15 11:18:00,214,214,214,214,0
2021-11-15 11:19:00,214,214,214,214,0
2021-11-15 11:20:00,214,214,214,214,0
2021-11-15 11:21:00,214,214,214,214,0
2021-11-15 11:22:00,214,214,214,214,0
2021-11-15 11:23:00,214,214,214,214,0
2021-11-15 11:24:00,214,214,214,214,0
2021-11-15 11:25:00,214,214,214,214,0
2021-11-15 11:26:00,214,214,214,214,0
2021-11-15 11:27:00,214,214,214,214,0
2021-11-15 11:28:00,214,214,214,214,0
2021-11-15 11:29:00,214,214,214,214,0
2021-11-15 11:30:00,214,214,214,214,0
2021-11-15 11:31:00,214,214,214,214,0
2021-11-15 11:32:00,214,214,214,214,0
2021-11-15 11:33:00,214,214,214,214,0
2021-11-15 11:34:00,214,214,214,214,0
2021-11-15 11:35:00,214,214,214,214,0
2021-11-15 11:36:00,214,214,214,214,0
2021-11-15 11:37:00,214,214,214,214,0
2021-11-15 11:38:00,214,214,214,214,0
2021-11-15 11:39:00,214,214,214,214,0
2021-11-15 11:40:00,214,214,214,214,0
2021-11-15 11:41:00,214,214,214,214,0
2021-11-15 11:42:00,214,214,214,214,0
2021-11-15 11:43:00,214,214,214,214,0
2021-11-15 11:44:00,214,214,214,214,0
2021-11-15 11:45:00,214,214,214,214,0
2021-11-15 11:46:00,214,214,214,214,0
2021-11-15 11:47:00,214,214,214,214,0
2021-11-15 11:48:00,214,214,214,214,0
2021-11-15 11:49:00,214,214,214,214,0
2021-11-15 11:50:00,214,214,214,214,0
2021-11-15 11:51:00,214,214,214,214,0
2021-11-15 11:52:00,214,214,214,214,0
2021-11-15 11:53:00,214,214,214,214,0
2021-11-15 11:54:00,214,214,214,214,0
2021-11-15 11:55:00,214,214,214,214,0
2021-11-15 11:56:00,214,214,214,214,0
2021-11-15 11:57:00,214,214,214,214,0
2021-11-15 11:58:00,214,214,214,214,0
2021-11-15 11:59:00,214,214,214,214,0
2021-11-15 12:00:00,214,214,214,214,0
2021-11-15 12:01:00,214,214,214,214,0
2021-11-15 12:02:00,214,214,214,214,0
2021-11-15 12:03:00,214,214,214,214,0
2021-11-15 12:04:00,214,214,214,214,0
2021-11-15 12:05:00,214,214,214,214,0
2021-11-15 12:06:00,214,214,214,214,0
2021-11-15 12:07:00,214,214,214,214,0
2021-11-15 12:08:00,214,214,214,214,0
2021-11-15 12:09:00,214,214,214,214,0
2021-11-15 12:10:00,214,214,214,214,0
2021-11-15 12:11:00,214,214,214,214,0
2021-11-15 12:12:00,214,214,214,214,0
2021-11-15 12:13:00,214,214,214,214,0
2021-11-15 12:14:00,214,214,214,214,0
2021-11-15 12:15:00,214,214,214,214,0
2021-11-15 12:16:00,214,214,214,214,0
2021-11-15 12:17:00,214,214,214,214,0
2021-11-15 12:18:00,214,214,214,214,0
2021-11-15 12:19:00,214,214,214,214,0
2021-11-15 12:20:00,214,214,214,214,0
2021-11-15 12:21:00,214,214,214,214,0
2021-11-15 12:22:00,214,214,214,214,0
2021-11-15 12:23:00,214,214,214,214,0
2021-11-15 12:24:00,214,214,214,214,0
2021-11-15 12:25:00,214,214,214,214,0
2021-11-15 12:26:00,214,214,214,214,0
2021-11-15 12:27:00,214,214,214,214,0
2021-11-15 12:28:00,214,214,214,214,0
2021-11-15 12:29:00,214,214,214,214,0
2021-11-15 12:30:00,214,214,214,214,0
2021-11-15 12:31:00,214,214,214,214,0
2021-11-15 12:32:00,214,214,214,214,0
2021-11-15 12:33:00,214,214,214,214,0
2021-11-15 12:34:00,214,214,214,214,0
2021-11-15 12:35:00,214,214,214,214,0
2021-11-15 12:36:00,214,214,214,214,0
2021-11-15 12:37:00,214,214,214,214,0
2021-11-15 12:38:00,214,214,214,214,0
2021-11-15 12:39:00,214,214,214,214,0
2021-11-15 12:40:00,214,214,214,214,0
2021-11-15 12:41:00,214,214,214,214,0
2021-11-15 12:42:00,214,214,214,214,0
2021-11-15 12:43:00,214,214,214,214,0
2021-11-15 12:44:00,214,214,214,214,0
2021-11-15 12:45:00,214,214,214,214,0
2021-11-15 12:46:00,214,214,214,214,0
2021-11-15 12:47:00,214,214,214,214,0
2021-11-15 12:48:00,214,214,214,214,0
2021-11-15 12:49:00,214,214,214,214,0
2021-11-15 12:50:00,214,214,214,214,0
2021-11-15 12:51:00,214,214,214,214,0
2021-11-15 12:52:00,214,214,214,214,0
2021-11-15 12:53:00,214,214,214,214,0
2021-11-15 12:54:00,214,214,214,214,0
2021-11-15 12:55:00,214,214,214,214,0
2021-11-15 12:56:00,214,214,214,214,0
2021-11-15 12:57:00,214,214,214,214,0
2021-11-15 12:58:00,214,214,214,214,0
2021-11-15 12:59:00,214,214,214,214,0
2021-11-15 13:00:00,214,214,214,214,0
2021-11-15 13:01:00,214,214,214,214,0
2021-11-15 13:02:00,214,214,214,214,0
2021-11-15 13:03:00,214,214,214,214,0
2021-11-15 13:04:00,214,214,214,214,0
2021-11-15 13:05:00,214,214,214,214,0
2021-11-15 13:06:00,214,214,214,214,0
2021-11-15 13:07:00,214,214,214,214,0
2021-11-15 13:08:00,214,214,214,214,0
2021-11-15 13:09:00,214,214,214,214,0
2021-11-15 13:10:00,214,214,214,214,0
2021-11-15 13:11:00,214,214,214,214,0
2021-11-15 13:12:00,214,214,214,214,0
2021-11-15 13:13:00,214,214,214,214,0
2021-11-15 13:14:00,214,214,214,214,0
2021-11-15 13:15:00,214,214,214,214,0
2021-11-15 13:16:00,214,214,214,214,0
2021-11-15 13:17:00,214,214,214,214,0
2021-11-15 13:18:00,214,214,214,214,0
2021-11-15 13:19:00,214,214,214,214,0
2021-11-15 13:20:00,214,214,214,214,0
2021-11-15 13:21:00,214,214,214,214,0
2021-11-15 13:22:00,214,214,214,214,0
2021-11-15 13:23:00,214,214,214,214,0
2021-11-15 13:24:00,214,214,214,214,0
2021-11-15 13:25:00,214,214,214,214,0
2021-11-15 13:26:00,214,214,214,214,0
2021-11-15 13:27:00,214,214,214,214,0
2021-11-15 13:28:00,214,214,214,214,0
2021-11-15 13:29:00,214,214,214,214,0
2021-11-15 13:30:00,214,214,214,214,300
2021-11-15 13:31:00,214,214,214,214,0
2021-11-15 13:32:00,214,214,214,214,0
2021-11-15 13:33:00,214,214,214,214,0
2021-11-15 13:34:00,214,214,214,214,0
2021-11-15 13:35:00,214,214,214,214,0
2021-11-15 13:36:00,214,214,214,214,0
2021-11-15 13:37:00,214,214,214,214,0
2021-11-15 13:38:00,214,214,214,214,0
2021-11-15 13:39:00,214,214,214,214,0
2021-11-15 13:40:00,214,214,214,214,0
2021-11-15 13:41:00,214,214,214,214,0
2021-11-15 13:42:00,214,214,214,214,0
2021-11-15 13:43:00,214,214,214,214,0
2021-11-15 13:44:00,214,214,214,214,0
2021-11-15 13:45:00,214,214,214,214,0
2021-11-15 13:46:00,214,214,214,214,0
2021-11-15 13:47:00,214,214,214,214,0
2021-11-15 13:48:00,214,214,214,214,0
2021-11-15 13:49:00,214,214,214,214,0
2021-11-15 13:50:00,214,214,214,214,0
2021-11-15 13:51:00,214,214,214,214,0
2021-11-15 13:52:00,214,214,214,214,0
2021-11-15 13:53:00,214,214,214,214,0
2021-11-15 13:54:00,214,214,214,214,0
2021-11-15 13:55:00,214,214,214,214,0
2021-11-15 13:56:00,214,214,214,214,0
2021-11-15 13:57:00,214,214,214,214,0
2021-11-15 13:58:00,214,214,214,214,0
2021-11-15 13:59:00,214,214,214,214,0
2021-11-15 14:00:00,214,214,214,214,0
2021-11-15 14:01:00,214,214,214,214,0
2021-11-15 14:02:00,214,214,214,214,0
2021-11-15 14:03:00,214,214,214,214,0
2021-11-15 14:04:00,214,214,214,214,0
2021-11-15 14:05:00,214,214,214,214,0
2021-11-15 14:06:00,214,214,214,214,0
2021-11-15 14:07:00,214,214,214,214,0
2021-11-15 14:08:00,214,214,214,214,0
2021-11-15 14:09:00,214,214,214,214,0
2021-11-15 14:10:00,214,214,214,214,0
2021-11-15 14:11:00,214,214,214,214,0
2021-11-15 14:12:00,214,214,214,214,0
2021-11-15 14:13:00,214,214,214,214,0
2021-11-15 14:14:00,214,214,214,214,0
2021-11-15 14:15:00,214,214,214,214,0
2021-11-15 14:16:00,214,214,214,214,0
2021-11-15 14:17:00,214,214,214,214,0
2021-11-15 14:18:00,214,214,214,214,0
2021-11-15 14:19:00,214,214,214,214,0
2021-11-15 14:20:00,214,214,214,214,0
2021-11-15 14:21:00,214,214,214,214,0
2021-11-15 14:22:00,214,214,214,214,0
2021-11-15 14:23:00,214,214,214,214,0
2021-11-15 14:24:00,214,214,214,214,0
2021-11-15 14:25:00,214,214,214,214,0
2021-11-15 14:26:00,214,214,214,214,0
2021-11-15 14:27:00,214,214,214,214,0
2021-11-15 14:28:00,214,214,214,214,0
2021-11-15 14:29:00,214,214,214,214,0
2021-11-15 14:30:00,214,214,214,214,0
2021-11-15 14:31:00,214,214,214,214,0
2021-11-15 14:32:00,214,214,214,214,0
2021-11-15 14:33:00,214,214,214,214,0
2021-11-15 14:34:00,214,214,214,214,0
2021-11-15 14:35:00,214,214,214,214,0
2021-11-15 14:36:00,214,214,214,214,0
2021-11-15 14:37:00,214,214,214,214,0
2021-11-15 14:38:00,214,214,214,214,0
2021-11-15 14:39:00,214,214,214,214,0
2021-11-15 14:40:00,214,214,214,214,0
2021-11-15 14:41:00,214,214,214,214,0
2021-11-15 14:42:00,214,214,214,214,0
2021-11-15 14:43:00,214,214,214,214,0
2021-11-15 14:44:00,214,214,214,214,0
2021-11-15 14:45:00,214,214,214,214,0
2021-11-15 14:46:00,214,214,214,214,0
2021-11-15 14:47:00,214,214,214,214,0
2021-11-15 14:48:00,214,214,214,214,0
2021-11-15 14:49:00,214,214,222,222,3100
2021-11-15 14:50:00,214,214,222,222,0
2021-11-15 14:51:00,214,214,222,222,0
2021-11-15 14:52:00,214,214,222,222,0
2021-11-15 14:53:00,214,214,222,222,0
2021-11-15 14:54:00,214,214,222,222,0
2021-11-15 14:55:00,214,214,222,222,0
2021-11-15 14:56:00,214,214,222,222,0
2021-11-15 14:57:00,214,214,222,222,0
2021-11-15 14:58:00,214,214,222,222,0
2021-11-15 14:59:00,214,214,222,222,0
2021-11-15 15:00:00,210,210,210,210,5100
2021-11-15 15:01:00,210,210,210,210,0
2021-11-15 15:02:00,210,210,210,210,0
2021-11-15 15:03:00,210,210,210,210,0
2021-11-15 15:04:00,210,210,210,210,0
2021-11-15 15:05:00,210,210,210,210,0
2021-11-15 15:06:00,210,210,210,210,0
2021-11-15 15:07:00,210,210,210,210,0
2021-11-15 15:08:00,210,210,210,210,0
2021-11-15 15:09:00,210,210,210,210,0
2021-11-15 15:10:00,210,210,210,210,0
2021-11-15 15:11:00,210,210,210,210,0
2021-11-15 15:12:00,210,210,210,210,0
2021-11-15 15:13:00,210,210,210,210,0
2021-11-15 15:14:00,210,210,210,210,0
2021-11-15 15:15:00,210,210,210,210,0
2021-11-15 15:16:00,210,210,210,210,0
2021-11-15 15:17:00,210,210,210,210,0
2021-11-15 15:18:00,210,210,210,210,0
2021-11-15 15:19:00,210,210,210,210,0
2021-11-15 15:20:00,210,210,210,210,0
2021-11-15 15:21:00,210,210,210,210,0
2021-11-15 15:22:00,210,210,210,210,0
2021-11-15 15:23:00,210,210,210,210,0
2021-11-15 15:24:00,210,210,210,210,0
2021-11-15 15:25:00,210,210,210,210,0
2021-11-15 15:26:00,210,210,210,210,0
2021-11-15 15:27:00,210,210,210,210,0
2021-11-15 15:28:00,210,210,210,210,0
2021-11-15 15:29:00,210,210,210,210,0
2021-11-15 15:30:00,210,210,210,210,0
2021-11-15 15:31:00,210,210,210,210,0
2021-11-15 15:32:00,210,210,210,210,0
2021-11-15 15:33:00,210,210,210,210,0
2021-11-15 15:34:00,210,210,210,210,0
2021-11-15 15:35:00,210,210,210,210,0
2021-11-15 15:36:00,210,210,210,210,0
2021-11-15 15:37:00,210,210,210,210,0
2021-11-15 15:38:00,210,210,210,210,0
2021-11-15 15:39:00,210,210,210,210,0
2021-11-15 15:40:00,210,210,210,210,0
2021-11-15 15:41:00,210,210,210,210,0
2021-11-15 15:42:00,210,210,210,210,0
2021-11-15 15:43:00,210,210,210,210,0
2021-11-15 15:44:00,210,210,210,210,0
2021-11-15 15:45:00,210,210,210,210,0
2021-11-15 15:46:00,210,210,210,210,0
2021-11-15 15:47:00,210,210,210,210,0
2021-11-15 15:48:00,210,210,210,210,0
2021-11-15 15:49:00,210,210,210,210,0
2021-11-15 15:50:00,210,210,210,210,0
2021-11-15 15:51:00,210,210,210,210,0
2021-11-15 15:52:00,210,210,210,210,0
2021-11-15 15:53:00,210,210,210,210,0
2021-11-15 15:54:00,210,210,210,210,0
2021-11-15 15:55:00,210,210,210,210,0
2021-11-15 15:56:00,210,210,210,210,0
2021-11-15 15:57:00,210,210,210,210,0
2021-11-15 15:58:00,210,210,210,210,0
2021-11-15 15:59:00,210,210,210,210,0
2021-11-16 09:00:00,212,212,212,212,0
2021-11-16 09:01:00,212,212,212,212,0
2021-11-16 09:02:00,212,212,212,212,0
2021-11-16 09:03:00,212,212,212,212,0
2021-11-16 09:04:00,212,212,212,212,0
2021-11-16 09:05:00,212,212,212,212,0
2021-11-16 09:06:00,212,212,212,212,0
2021-11-16 09:07:00,212,212,212,212,0
2021-11-16 09:08:00,210,210,210,210,2000
2021-11-16 09:09:00,210,210,210,210,0
2021-11-16 09:10:00,210,210,210,210,0
2021-11-16 09:11:00,210,210,210,210,0
2021-11-16 09:12:00,210,210,210,210,0
2021-11-16 09:13:00,210,210,210,210,0
2021-11-16 09:14:00,210,210,210,210,0
2021-11-16 09:15:00,210,210,210,210,0
2021-11-16 09:16:00,224,224,230,230,200
2021-11-16 09:17:00,228,228,228,228,4500
2021-11-16 09:18:00,228,228,228,228,1500
2021-11-16 09:19:00,228,228,228,228,0
2021-11-16 09:20:00,228,228,228,228,0
2021-11-16 09:21:00,228,228,228,228,0
2021-11-16 09:22:00,228,228,228,228,0
2021-11-16 09:23:00,228,228,228,228,0
2021-11-16 09:24:00,228,228,228,228,0
2021-11-16 09:25:00,214,212,214,212,400
2021-11-16 09:26:00,212,212,212,212,100
2021-11-16 09:27:00,212,212,212,212,100
2021-11-16 09:28:00,212,212,212,212,0
2021-11-16 09:29:00,212,212,212,212,0
2021-11-16 09:30:00,212,212,212,212,0
2021-11-16 09:31:00,210,210,210,210,5400
2021-11-16 09:32:00,210,210,210,210,1000
2021-11-16 09:33:00,210,210,210,210,0
2021-11-16 09:34:00,210,210,210,210,0
2021-11-16 09:35:00,210,210,210,210,0
2021-11-16 09:36:00,210,210,210,210,0
2021-11-16 09:37:00,210,210,210,210,0
2021-11-16 09:38:00,210,210,210,210,0
2021-11-16 09:39:00,210,210,210,210,0
2021-11-16 09:40:00,210,210,210,210,0
2021-11-16 09:41:00,210,210,210,210,0
2021-11-16 09:42:00,210,210,210,210,400
2021-11-16 09:43:00,210,210,210,210,0
2021-11-16 09:44:00,210,210,210,210,0
2021-11-16 09:45:00,218,218,218,218,200
2021-11-16 09:46:00,218,218,218,218,0
2021-11-16 09:47:00,218,218,218,218,0
2021-11-16 09:48:00,218,218,218,218,0
2021-11-16 09:49:00,218,218,218,218,0
2021-11-16 09:50:00,218,218,218,218,0
2021-11-16 09:51:00,218,218,218,218,0
2021-11-16 09:52:00,218,218,218,218,0
2021-11-16 09:53:00,218,218,218,218,0
2021-11-16 09:54:00,218,218,218,218,0
2021-11-16 09:55:00,218,218,218,218,0
2021-11-16 09:56:00,218,218,218,218,0
2021-11-16 09:57:00,218,218,218,218,0
2021-11-16 09:58:00,218,218,218,218,0
2021-11-16 09:59:00,218,218,218,218,0
2021-11-16 10:00:00,218,218,218,218,0
2021-11-16 10:01:00,212,212,212,212,100
2021-11-16 10:02:00,212,212,212,212,0
2021-11-16 10:03:00,212,212,212,212,0
2021-11-16 10:04:00,212,212,212,212,0
2021-11-16 10:05:00,212,212,212,212,0
2021-11-16 10:06:00,212,212,212,212,0
2021-11-16 10:07:00,212,212,212,212,0
2021-11-16 10:08:00,212,212,212,212,0
2021-11-16 10:09:00,212,212,212,212,0
2021-11-16 10:10:00,212,212,212,212,0
2021-11-16 10:11:00,212,212,212,212,0
2021-11-16 10:12:00,212,212,212,212,0
2021-11-16 10:13:00,212,212,212,212,0
2021-11-16 10:14:00,212,212,212,212,0
2021-11-16 10:15:00,210,210,210,210,10000
2021-11-16 10:16:00,210,210,210,210,0
2021-11-16 10:17:00,210,210,210,210,0
2021-11-16 10:18:00,210,210,210,210,0
2021-11-16 10:19:00,210,210,210,210,0
2021-11-16 10:20:00,210,210,210,210,0
2021-11-16 10:21:00,210,210,210,210,0
2021-11-16 10:22:00,210,210,210,210,0
2021-11-16 10:23:00,210,210,210,210,0
2021-11-16 10:24:00,210,210,210,210,0
2021-11-16 10:25:00,210,210,210,210,0
2021-11-16 10:26:00,210,210,210,210,0
2021-11-16 10:27:00,210,210,210,210,0
2021-11-16 10:28:00,210,210,210,210,0
2021-11-16 10:29:00,210,210,210,210,0
2021-11-16 10:30:00,210,210,210,210,0
2021-11-16 10:31:00,210,210,210,210,0
2021-11-16 10:32:00,210,210,210,210,0
2021-11-16 10:33:00,210,210,210,210,0
2021-11-16 10:34:00,216,216,216,216,500
2021-11-16 10:35:00,216,216,216,216,0
2021-11-16 10:36:00,216,216,216,216,0
2021-11-16 10:37:00,216,216,218,218,800
2021-11-16 10:38:00,216,216,218,218,0
2021-11-16 10:39:00,216,216,218,218,0
2021-11-16 10:40:00,216,216,218,218,0
2021-11-16 10:41:00,216,216,218,218,0
2021-11-16 10:42:00,216,216,218,218,0
2021-11-16 10:43:00,216,216,218,218,0
2021-11-16 10:44:00,216,216,218,218,0
2021-11-16 10:45:00,216,216,218,218,0
2021-11-16 10:46:00,216,216,218,218,0
2021-11-16 10:47:00,216,216,218,218,0
2021-11-16 10:48:00,216,216,218,218,0
2021-11-16 10:49:00,216,216,218,218,0
2021-11-16 10:50:00,216,216,218,218,0
2021-11-16 10:51:00,216,216,218,218,0
2021-11-16 10:52:00,216,216,218,218,0
2021-11-16 10:53:00,216,216,218,218,0
2021-11-16 10:54:00,216,216,218,218,0
2021-11-16 10:55:00,216,216,218,218,0
2021-11-16 10:56:00,216,216,218,218,0
2021-11-16 10:57:00,216,216,218,218,0
2021-11-16 10:58:00,216,216,218,218,0
2021-11-16 10:59:00,216,216,218,218,0
2021-11-16 11:00:00,216,216,218,218,0
2021-11-16 11:01:00,216,216,218,218,0
2021-11-16 11:02:00,216,216,218,218,0
2021-11-16 11:03:00,216,216,218,218,0
2021-11-16 11:04:00,216,216,218,218,0
2021-11-16 11:05:00,216,216,218,218,0
2021-11-16 11:06:00,216,216,218,218,0
2021-11-16 11:07:00,216,216,218,218,0
2021-11-16 11:08:00,216,216,218,218,0
2021-11-16 11:09:00,216,216,218,218,0
2021-11-16 11:10:00,216,216,218,218,0
2021-11-16 11:11:00,216,216,218,218,0
2021-11-16 11:12:00,216,216,218,218,0
2021-11-16 11:13:00,216,216,218,218,0
2021-11-16 11:14:00,216,216,218,218,0
2021-11-16 11:15:00,216,216,218,218,0
2021-11-16 11:16:00,216,216,218,218,0
2021-11-16 11:17:00,216,216,218,218,0
2021-11-16 11:18:00,216,216,218,218,0
2021-11-16 11:19:00,216,216,218,218,0
2021-11-16 11:20:00,216,216,218,218,0
2021-11-16 11:21:00,216,216,218,218,0
2021-11-16 11:22:00,216,216,218,218,0
2021-11-16 11:23:00,216,216,218,218,0
2021-11-16 11:24:00,216,216,218,218,0
2021-11-16 11:25:00,216,216,218,218,0
2021-11-16 11:26:00,216,216,218,218,0
2021-11-16 11:27:00,216,216,218,218,0
2021-11-16 11:28:00,216,216,218,218,0
2021-11-16 11:29:00,216,216,218,218,0
2021-11-16 11:30:00,216,216,218,218,0
2021-11-16 11:31:00,216,216,218,218,0
2021-11-16 11:32:00,216,216,218,218,0
2021-11-16 11:33:00,216,216,218,218,0
2021-11-16 11:34:00,216,216,218,218,0
2021-11-16 11:35:00,216,216,218,218,0
2021-11-16 11:36:00,216,216,218,218,0
2021-11-16 11:37:00,216,216,218,218,0
2021-11-16 11:38:00,216,216,218,218,0
2021-11-16 11:39:00,216,216,218,218,0
2021-11-16 11:40:00,216,216,218,218,0
2021-11-16 11:41:00,216,216,218,218,0
2021-11-16 11:42:00,216,216,218,218,0
2021-11-16 11:43:00,216,216,218,218,0
2021-11-16 11:44:00,216,216,218,218,0
2021-11-16 11:45:00,216,216,218,218,0
2021-11-16 11:46:00,216,216,218,218,0
2021-11-16 11:47:00,216,216,218,218,0
2021-11-16 11:48:00,216,216,218,218,0
2021-11-16 11:49:00,216,216,218,218,0
2021-11-16 11:50:00,216,216,218,218,0
2021-11-16 11:51:00,216,216,218,218,0
2021-11-16 11:52:00,216,216,218,218,0
2021-11-16 11:53:00,216,216,218,218,0
2021-11-16 11:54:00,216,216,218,218,0
2021-11-16 11:55:00,216,216,218,218,0
2021-11-16 11:56:00,216,216,218,218,0
2021-11-16 11:57:00,216,216,218,218,0
2021-11-16 11:58:00,216,216,218,218,0
2021-11-16 11:59:00,216,216,218,218,0
2021-11-16 12:00:00,216,216,218,218,0
2021-11-16 12:01:00,216,216,218,218,0
2021-11-16 12:02:00,216,216,218,218,0
2021-11-16 12:03:00,216,216,218,218,0
2021-11-16 12:04:00,216,216,218,218,0
2021-11-16 12:05:00,216,216,218,218,0
2021-11-16 12:06:00,216,216,218,218,0
2021-11-16 12:07:00,216,216,218,218,0
2021-11-16 12:08:00,216,216,218,218,0
2021-11-16 12:09:00,216,216,218,218,0
2021-11-16 12:10:00,216,216,218,218,0
2021-11-16 12:11:00,216,216,218,218,0
2021-11-16 12:12:00,216,216,218,218,0
2021-11-16 12:13:00,216,216,218,218,0
2021-11-16 12:14:00,216,216,218,218,0
2021-11-16 12:15:00,216,216,218,218,0
2021-11-16 12:16:00,216,216,218,218,0
2021-11-16 12:17:00,216,216,218,218,0
2021-11-16 12:18:00,216,216,218,218,0
2021-11-16 12:19:00,216,216,218,218,0
2021-11-16 12:20:00,216,216,218,218,0
2021-11-16 12:21:00,216,216,218,218,0
2021-11-16 12:22:00,216,216,218,218,0
2021-11-16 12:23:00,216,216,218,218,0
2021-11-16 12:24:00,216,216,218,218,0
2021-11-16 12:25:00,216,216,218,218,0
2021-11-16 12:26:00,216,216,218,218,0
2021-11-16 12:27:00,216,216,218,218,0
2021-11-16 12:28:00,216,216,218,218,0
2021-11-16 12:29:00,216,216,218,218,0
2021-11-16 12:30:00,216,216,218,218,0
2021-11-16 12:31:00,216,216,218,218,0
2021-11-16 12:32:00,216,216,218,218,0
2021-11-16 12:33:00,216,216,218,218,0
2021-11-16 12:34:00,216,216,218,218,0
2021-11-16 12:35:00,216,216,218,218,0
2021-11-16 12:36:00,216,216,218,218,0
2021-11-16 12:37:00,216,216,218,218,0
2021-11-16 12:38:00,216,216,218,218,0
2021-11-16 12:39:00,216,216,218,218,0
2021-11-16 12:40:00,216,216,218,218,0
2021-11-16 12:41:00,216,216,218,218,0
2021-11-16 12:42:00,216,216,218,218,0
2021-11-16 12:43:00,216,216,218,218,0
2021-11-16 12:44:00,216,216,218,218,0
2021-11-16 12:45:00,216,216,218,218,0
2021-11-16 12:46:00,216,216,218,218,0
2021-11-16 12:47:00,216,216,218,218,0
2021-11-16 12:48:00,216,216,218,218,0
2021-11-16 12:49:00,216,216,218,218,0
2021-11-16 12:50:00,216,216,218,218,0
2021-11-16 12:51:00,216,216,218,218,0
2021-11-16 12:52:00,216,216,218,218,0
2021-11-16 12:53:00,216,216,218,218,0
2021-11-16 12:54:00,216,216,218,218,0
2021-11-16 12:55:00,216,216,218,218,0
2021-11-16 12:56:00,216,216,218,218,0
2021-11-16 12:57:00,216,216,218,218,0
2021-11-16 12:58:00,216,216,218,218,0
2021-11-16 12:59:00,216,216,218,218,0
2021-11-16 13:00:00,216,216,218,218,0
2021-11-16 13:01:00,216,216,218,218,0
2021-11-16 13:02:00,216,216,218,218,0
2021-11-16 13:03:00,216,216,218,218,0
2021-11-16 13:04:00,216,216,218,218,0
2021-11-16 13:05:00,216,216,218,218,0
2021-11-16 13:06:00,216,216,218,218,0
2021-11-16 13:07:00,216,216,218,218,0
2021-11-16 13:08:00,216,216,218,218,0
2021-11-16 13:09:00,216,216,218,218,0
2021-11-16 13:10:00,216,216,218,218,0
2021-11-16 13:11:00,216,216,218,218,0
2021-11-16 13:12:00,216,216,218,218,0
2021-11-16 13:13:00,216,216,218,218,0
2021-11-16 13:14:00,216,216,218,218,0
2021-11-16 13:15:00,216,216,218,218,0
2021-11-16 13:16:00,216,216,218,218,0
2021-11-16 13:17:00,216,216,218,218,0
2021-11-16 13:18:00,216,216,218,218,0
2021-11-16 13:19:00,216,216,218,218,0
2021-11-16 13:20:00,216,216,218,218,0
2021-11-16 13:21:00,216,216,218,218,0
2021-11-16 13:22:00,216,216,218,218,0
2021-11-16 13:23:00,216,216,218,218,0
2021-11-16 13:24:00,216,216,218,218,0
2021-11-16 13:25:00,216,216,218,218,0
2021-11-16 13:26:00,216,216,218,218,0
2021-11-16 13:27:00,216,216,218,218,0
2021-11-16 13:28:00,216,216,218,218,0
2021-11-16 13:29:00,216,216,218,218,0
2021-11-16 13:30:00,214,214,214,214,100
2021-11-16 13:31:00,214,214,214,214,0
2021-11-16 13:32:00,214,214,214,214,0
2021-11-16 13:33:00,214,214,214,214,0
2021-11-16 13:34:00,214,214,214,214,0
2021-11-16 13:35:00,214,214,214,214,0
2021-11-16 13:36:00,214,214,214,214,0
2021-11-16 13:37:00,214,214,214,214,0
2021-11-16 13:38:00,214,214,214,214,0
2021-11-16 13:39:00,214,214,214,214,0
2021-11-16 13:40:00,214,214,214,214,0
2021-11-16 13:41:00,214,214,214,214,100
2021-11-16 13:42:00,214,214,214,214,0
2021-11-16 13:43:00,214,214,214,214,0
2021-11-16 13:44:00,214,214,214,214,0
2021-11-16 13:45:00,214,214,214,214,0
2021-11-16 13:46:00,214,214,214,214,0
2021-11-16 13:47:00,214,214,214,214,0
2021-11-16 13:48:00,214,214,214,214,0
2021-11-16 13:49:00,214,214,214,214,0
2021-11-16 13:50:00,214,214,214,214,0
2021-11-16 13:51:00,214,214,214,214,0
2021-11-16 13:52:00,214,214,214,214,0
2021-11-16 13:53:00,214,214,214,214,0
2021-11-16 13:54:00,214,214,214,214,0
2021-11-16 13:55:00,214,214,214,214,0
2021-11-16 13:56:00,214,214,214,214,0
2021-11-16 13:57:00,214,214,214,214,0
2021-11-16 13:58:00,214,214,214,214,0
2021-11-16 13:59:00,214,214,214,214,0
2021-11-16 14:00:00,214,214,214,214,0
2021-11-16 14:01:00,214,214,214,214,0
2021-11-16 14:02:00,214,214,214,214,0
2021-11-16 14:03:00,214,214,214,214,0
2021-11-16 14:04:00,214,214,214,214,0
2021-11-16 14:05:00,214,214,214,214,0
2021-11-16 14:06:00,214,214,214,214,0
2021-11-16 14:07:00,214,214,214,214,0
2021-11-16 14:08:00,214,214,214,214,0
2021-11-16 14:09:00,214,214,214,214,0
2021-11-16 14:10:00,214,214,214,214,0
2021-11-16 14:11:00,214,214,214,214,0
2021-11-16 14:12:00,214,214,214,214,0
2021-11-16 14:13:00,214,214,214,214,0
2021-11-16 14:14:00,214,214,214,214,0
2021-11-16 14:15:00,214,214,214,214,0
2021-11-16 14:16:00,214,214,214,214,0
2021-11-16 14:17:00,214,214,214,214,0
2021-11-16 14:18:00,214,214,214,214,0
2021-11-16 14:19:00,214,214,214,214,0
2021-11-16 14:20:00,214,214,214,214,0
2021-11-16 14:21:00,214,214,214,214,0
2021-11-16 14:22:00,214,214,214,214,0
2021-11-16 14:23:00,214,214,214,214,0
2021-11-16 14:24:00,214,214,214,214,0
2021-11-16 14:25:00,214,214,214,214,0
2021-11-16 14:26:00,214,214,214,214,0
2021-11-16 14:27:00,214,214,214,214,0
2021-11-16 14:28:00,214,214,214,214,0
2021-11-16 14:29:00,214,214,214,214,0
2021-11-16 14:30:00,214,214,214,214,0
2021-11-16 14:31:00,214,214,214,214,0
2021-11-16 14:32:00,214,214,214,214,0
2021-11-16 14:33:00,214,214,214,214,0
2021-11-16 14:34:00,214,214,214,214,0
2021-11-16 14:35:00,216,216,216,216,100
2021-11-16 14:36:00,216,216,216,216,0
2021-11-16 14:37:00,216,216,216,216,0
2021-11-16 14:38:00,216,216,216,216,0
2021-11-16 14:39:00,216,216,216,216,0
2021-11-16 14:40:00,216,216,216,216,0
2021-11-16 14:41:00,216,216,216,216,0
2021-11-16 14:42:00,216,216,216,216,0
2021-11-16 14:43:00,216,216,216,216,0
2021-11-16 14:44:00,216,216,216,216,0
2021-11-16 14:45:00,216,216,216,216,0
2021-11-16 14:46:00,216,216,216,216,0
2021-11-16 14:47:00,216,216,216,216,0
2021-11-16 14:48:00,216,216,216,216,0
2021-11-16 14:49:00,216,216,216,216,0
2021-11-16 14:50:00,216,216,216,216,0
2021-11-16 14:51:00,216,216,216,216,0
2021-11-16 14:52:00,216,216,216,216,0
2021-11-16 14:53:00,216,216,216,216,0
2021-11-16 14:54:00,216,216,216,216,0
2021-11-16 14:55:00,216,216,216,216,0
2021-11-16 14:56:00,216,216,216,216,0
2021-11-16 14:57:00,216,216,216,216,0
2021-11-16 14:58:00,216,216,216,216,0
2021-11-16 14:59:00,216,216,216,216,0
2021-11-16 15:00:00,216,216,216,216,0
2021-11-16 15:01:00,216,216,216,216,0
2021-11-16 15:02:00,216,216,216,216,0
2021-11-16 15:03:00,216,216,216,216,0
2021-11-16 15:04:00,216,216,216,216,0
2021-11-16 15:05:00,216,216,216,216,0
2021-11-16 15:06:00,216,216,216,216,0
2021-11-16 15:07:00,216,216,216,216,0
2021-11-16 15:08:00,216,216,216,216,0
2021-11-16 15:09:00,216,216,216,216,0
2021-11-16 15:10:00,216,216,216,216,0
2021-11-16 15:11:00,216,216,216,216,0
2021-11-16 15:12:00,216,216,216,216,0
2021-11-16 15:13:00,216,216,216,216,0
2021-11-16 15:14:00,216,216,216,216,0
2021-11-16 15:15:00,216,216,216,216,0
2021-11-16 15:16:00,216,216,216,216,0
2021-11-16 15:17:00,216,216,216,216,0
2021-11-16 15:18:00,216,216,216,216,0
2021-11-16 15:19:00,216,216,216,216,0
2021-11-16 15:20:00,216,216,216,216,0
2021-11-16 15:21:00,216,216,216,216,0
2021-11-16 15:22:00,216,216,216,216,0
2021-11-16 15:23:00,216,216,216,216,0
2021-11-16 15:24:00,216,216,216,216,0
2021-11-16 15:25:00,216,216,216,216,0
2021-11-16 15:26:00,216,216,216,216,0
2021-11-16 15:27:00,216,216,216,216,0
2021-11-16 15:28:00,216,216,216,216,0
2021-11-16 15:29:00,216,216,216,216,0
2021-11-16 15:30:00,216,216,216,216,0
2021-11-16 15:31:00,216,216,216,216,0
2021-11-16 15:32:00,216,216,216,216,0
2021-11-16 15:33:00,216,216,216,216,0
2021-11-16 15:34:00,216,216,216,216,0
2021-11-16 15:35:00,216,216,216,216,0
2021-11-16 15:36:00,216,216,216,216,0
2021-11-16 15:37:00,216,216,216,216,0
2021-11-16 15:38:00,216,216,216,216,0
2021-11-16 15:39:00,216,216,216,216,0
2021-11-16 15:40:00,216,216,216,216,0
2021-11-16 15:41:00,216,216,216,216,0
2021-11-16 15:42:00,216,216,216,216,0
2021-11-16 15:43:00,216,216,216,216,0
2021-11-16 15:44:00,216,216,216,216,0
2021-11-16 15:45:00,216,216,216,216,0
2021-11-16 15:46:00,216,216,216,216,0
2021-11-16 15:47:00,216,216,216,216,0
2021-11-16 15:48:00,216,216,216,216,0
2021-11-16 15:49:00,216,216,216,216,0
2021-11-16 15:50:00,216,216,216,216,0
2021-11-16 15:51:00,216,216,216,216,0
2021-11-16 15:52:00,216,216,216,216,0
2021-11-16 15:53:00,216,216,216,216,0
2021-11-16 15:54:00,216,216,216,216,0
2021-11-16 15:55:00,216,216,216,216,0
2021-11-16 15:56:00,216,216,216,216,0
2021-11-16 15:57:00,216,216,216,216,0
2021-11-16 15:58:00,216,216,216,216,0
2021-11-16 15:59:00,216,216,216,216,0
2021-11-17 09:00:00,216,216,216,216,0
2021-11-17 09:01:00,216,216,216,216,0
2021-11-17 09:02:00,216,216,216,216,0
2021-11-17 09:03:00,228,228,228,228,0
2021-11-17 09:04:00,228,228,228,228,0
2021-11-17 09:05:00,228,228,228,228,0
2021-11-17 09:06:00,228,228,228,228,0
2021-11-17 09:07:00,228,228,228,228,0
2021-11-17 09:08:00,228,228,228,228,0
2021-11-17 09:09:00,228,228,228,228,0
2021-11-17 09:10:00,228,228,228,228,0
2021-11-17 09:11:00,228,228,228,228,0
2021-11-17 09:12:00,228,228,228,228,0
2021-11-17 09:13:00,228,228,228,228,0
2021-11-17 09:14:00,228,228,228,228,0
2021-11-17 09:15:00,228,228,228,228,0
2021-11-17 09:16:00,228,228,228,228,0
2021-11-17 09:17:00,228,228,228,228,0
2021-11-17 09:18:00,228,228,228,228,0
2021-11-17 09:19:00,228,228,228,228,0
2021-11-17 09:20:00,228,228,228,228,0
2021-11-17 09:21:00,224,224,224,224,100
2021-11-17 09:22:00,224,224,224,224,0
2021-11-17 09:23:00,224,224,224,224,0
2021-11-17 09:24:00,224,224,224,224,0
2021-11-17 09:25:00,224,224,224,224,0
2021-11-17 09:26:00,224,224,224,224,0
2021-11-17 09:27:00,224,224,224,224,0
2021-11-17 09:28:00,224,224,224,224,0
2021-11-17 09:29:00,224,224,224,224,0
2021-11-17 09:30:00,224,224,224,224,0
2021-11-17 09:31:00,224,224,224,224,0
2021-11-17 09:32:00,222,222,222,222,300
2021-11-17 09:33:00,222,222,222,222,0
2021-11-17 09:34:00,220,218,220,218,400
2021-11-17 09:35:00,216,216,216,216,2100
2021-11-17 09:36:00,216,216,216,216,0
2021-11-17 09:37:00,216,216,216,216,0
2021-11-17 09:38:00,216,216,216,216,0
2021-11-17 09:39:00,216,216,216,216,0
2021-11-17 09:40:00,216,216,216,216,0
2021-11-17 09:41:00,216,216,216,216,0
2021-11-17 09:42:00,216,216,216,216,0
2021-11-17 09:43:00,216,216,216,216,0
2021-11-17 09:44:00,216,216,216,216,0
2021-11-17 09:45:00,216,216,216,216,0
2021-11-17 09:46:00,216,216,216,216,0
2021-11-17 09:47:00,216,216,216,216,0
2021-11-17 09:48:00,216,216,216,216,0
2021-11-17 09:49:00,216,216,216,216,0
2021-11-17 09:50:00,216,216,216,216,0
2021-11-17 09:51:00,216,216,216,216,0
2021-11-17 09:52:00,216,216,216,216,0
2021-11-17 09:53:00,216,216,216,216,0
2021-11-17 09:54:00,216,216,216,216,0
2021-11-17 09:55:00,216,216,216,216,0
2021-11-17 09:56:00,216,216,216,216,0
2021-11-17 09:57:00,216,216,216,216,0
2021-11-17 09:58:00,216,216,216,216,0
2021-11-17 09:59:00,216,216,216,216,0
2021-11-17 10:00:00,222,222,222,222,100
2021-11-17 10:01:00,222,222,222,222,0
2021-11-17 10:02:00,222,222,222,222,0
2021-11-17 10:03:00,222,222,222,222,0
2021-11-17 10:04:00,222,222,222,222,0
2021-11-17 10:05:00,222,222,222,222,0
2021-11-17 10:06:00,222,222,222,222,0
2021-11-17 10:07:00,222,222,222,222,0
2021-11-17 10:08:00,222,222,222,222,0
2021-11-17 10:09:00,222,222,222,222,0
2021-11-17 10:10:00,222,222,222,222,0
2021-11-17 10:11:00,222,222,222,222,0
2021-11-17 10:12:00,222,222,222,222,0
2021-11-17 10:13:00,222,222,222,222,0
2021-11-17 10:14:00,222,222,222,222,0
2021-11-17 10:15:00,222,222,222,222,0
2021-11-17 10:16:00,222,222,222,222,0
2021-11-17 10:17:00,222,222,222,222,0
2021-11-17 10:18:00,222,222,222,222,0
2021-11-17 10:19:00,222,222,222,222,0
2021-11-17 10:20:00,222,222,222,222,0
2021-11-17 10:21:00,222,222,222,222,0
2021-11-17 10:22:00,222,222,222,222,0
2021-11-17 10:23:00,222,222,222,222,0
2021-11-17 10:24:00,222,222,222,222,0
2021-11-17 10:25:00,222,222,222,222,0
2021-11-17 10:26:00,222,222,222,222,0
2021-11-17 10:27:00,222,222,222,222,0
2021-11-17 10:28:00,222,222,222,222,0
2021-11-17 10:29:00,220,220,220,220,400
2021-11-17 10:30:00,220,220,220,220,0
2021-11-17 10:31:00,220,220,220,220,0
2021-11-17 10:32:00,220,220,220,220,0
2021-11-17 10:33:00,220,220,220,220,0
2021-11-17 10:34:00,220,220,220,220,0
2021-11-17 10:35:00,220,220,220,220,0
2021-11-17 10:36:00,220,220,220,220,0
2021-11-17 10:37:00,220,220,220,220,0
2021-11-17 10:38:00,220,220,220,220,0
2021-11-17 10:39:00,220,220,220,220,0
2021-11-17 10:40:00,220,220,220,220,0
2021-11-17 10:41:00,220,220,220,220,0
2021-11-17 10:42:00,220,220,220,220,0
2021-11-17 10:43:00,220,220,220,220,0
2021-11-17 10:44:00,220,220,220,220,0
2021-11-17 10:45:00,220,220,220,220,0
2021-11-17 10:46:00,220,220,220,220,0
2021-11-17 10:47:00,220,220,220,220,0
2021-11-17 10:48:00,220,220,220,220,0
2021-11-17 10:49:00,218,218,218,218,2000
2021-11-17 10:50:00,216,216,216,216,3000
2021-11-17 10:51:00,216,216,216,216,0
2021-11-17 10:52:00,216,216,216,216,0
2021-11-17 10:53:00,216,216,216,216,0
2021-11-17 10:54:00,216,216,216,216,0
2021-11-17 10:55:00,218,218,218,218,2500
2021-11-17 10:56:00,218,218,218,218,0
2021-11-17 10:57:00,218,218,218,218,0
2021-11-17 10:58:00,218,218,218,218,0
2021-11-17 10:59:00,218,218,218,218,0
2021-11-17 11:00:00,218,218,218,218,0
2021-11-17 11:01:00,218,218,218,218,0
2021-11-17 11:02:00,222,222,222,222,23700
2021-11-17 11:03:00,222,222,222,222,500
2021-11-17 11:04:00,222,222,222,222,0
2021-11-17 11:05:00,224,224,228,228,3200
2021-11-17 11:06:00,224,224,228,228,0
2021-11-17 11:07:00,224,224,228,228,0
2021-11-17 11:08:00,224,224,228,228,0
2021-11-17 11:09:00,224,224,228,228,0
2021-11-17 11:10:00,224,224,228,228,0
2021-11-17 11:11:00,224,224,228,228,0
2021-11-17 11:12:00,224,224,228,228,0
2021-11-17 11:13:00,224,224,228,228,0
2021-11-17 11:14:00,224,224,228,228,0
2021-11-17 11:15:00,224,224,228,228,0
2021-11-17 11:16:00,224,224,228,228,0
2021-11-17 11:17:00,224,224,228,228,0
2021-11-17 11:18:00,224,224,228,228,0
2021-11-17 11:19:00,224,224,228,228,0
2021-11-17 11:20:00,224,224,228,228,0
2021-11-17 11:21:00,224,224,228,228,0
2021-11-17 11:22:00,224,224,228,228,0
2021-11-17 11:23:00,224,224,228,228,0
2021-11-17 11:24:00,228,228,228,228,4600
2021-11-17 11:25:00,228,228,228,228,0
2021-11-17 11:26:00,228,228,228,228,0
2021-11-17 11:27:00,228,228,228,228,0
2021-11-17 11:28:00,228,228,228,228,0
2021-11-17 11:29:00,228,228,228,228,0
2021-11-17 11:30:00,228,228,228,228,0
2021-11-17 11:31:00,228,228,228,228,0
2021-11-17 11:32:00,228,228,228,228,0
2021-11-17 11:33:00,228,228,228,228,0
2021-11-17 11:34:00,228,228,228,228,0
2021-11-17 11:35:00,228,228,228,228,0
2021-11-17 11:36:00,228,228,228,228,0
2021-11-17 11:37:00,228,228,228,228,0
2021-11-17 11:38:00,228,228,228,228,0
2021-11-17 11:39:00,228,228,228,228,0
2021-11-17 11:40:00,228,228,228,228,0
2021-11-17 11:41:00,228,228,228,228,0
2021-11-17 11:42:00,228,228,228,228,0
2021-11-17 11:43:00,228,228,228,228,0
2021-11-17 11:44:00,228,228,228,228,0
2021-11-17 11:45:00,228,228,228,228,0
2021-11-17 11:46:00,228,228,228,228,0
2021-11-17 11:47:00,228,228,228,228,0
2021-11-17 11:48:00,228,228,228,228,0
2021-11-17 11:49:00,228,228,228,228,0
2021-11-17 11:50:00,228,228,228,228,0
2021-11-17 11:51:00,228,228,228,228,0
2021-11-17 11:52:00,228,228,228,228,0
2021-11-17 11:53:00,228,228,228,228,0
2021-11-17 11:54:00,228,228,228,228,0
2021-11-17 11:55:00,228,228,228,228,0
2021-11-17 11:56:00,228,228,228,228,0
2021-11-17 11:57:00,228,228,228,228,0
2021-11-17 11:58:00,228,228,228,228,0
2021-11-17 11:59:00,228,228,228,228,0
2021-11-17 12:00:00,228,228,228,228,0
2021-11-17 12:01:00,228,228,228,228,0
2021-11-17 12:02:00,228,228,228,228,0
2021-11-17 12:03:00,228,228,228,228,0
2021-11-17 12:04:00,228,228,228,228,0
2021-11-17 12:05:00,228,228,228,228,0
2021-11-17 12:06:00,228,228,228,228,0
2021-11-17 12:07:00,228,228,228,228,0
2021-11-17 12:08:00,228,228,228,228,0
2021-11-17 12:09:00,228,228,228,228,0
2021-11-17 12:10:00,228,228,228,228,0
2021-11-17 12:11:00,228,228,228,228,0
2021-11-17 12:12:00,228,228,228,228,0
2021-11-17 12:13:00,228,228,228,228,0
2021-11-17 12:14:00,228,228,228,228,0
2021-11-17 12:15:00,228,228,228,228,0
2021-11-17 12:16:00,228,228,228,228,0
2021-11-17 12:17:00,228,228,228,228,0
2021-11-17 12:18:00,228,228,228,228,0
2021-11-17 12:19:00,228,228,228,228,0
2021-11-17 12:20:00,228,228,228,228,0
2021-11-17 12:21:00,228,228,228,228,0
2021-11-17 12:22:00,228,228,228,228,0
2021-11-17 12:23:00,228,228,228,228,0
2021-11-17 12:24:00,228,228,228,228,0
2021-11-17 12:25:00,228,228,228,228,0
2021-11-17 12:26:00,228,228,228,228,0
2021-11-17 12:27:00,228,228,228,228,0
2021-11-17 12:28:00,228,228,228,228,0
2021-11-17 12:29:00,228,228,228,228,0
2021-11-17 12:30:00,228,228,228,228,0
2021-11-17 12:31:00,228,228,228,228,0
2021-11-17 12:32:00,228,228,228,228,0
2021-11-17 12:33:00,228,228,228,228,0
2021-11-17 12:34:00,228,228,228,228,0
2021-11-17 12:35:00,228,228,228,228,0
2021-11-17 12:36:00,228,228,228,228,0
2021-11-17 12:37:00,228,228,228,228,0
2021-11-17 12:38:00,228,228,228,228,0
2021-11-17 12:39:00,228,228,228,228,0
2021-11-17 12:40:00,228,228,228,228,0
2021-11-17 12:41:00,228,228,228,228,0
2021-11-17 12:42:00,228,228,228,228,0
2021-11-17 12:43:00,228,228,228,228,0
2021-11-17 12:44:00,228,228,228,228,0
2021-11-17 12:45:00,228,228,228,228,0
2021-11-17 12:46:00,228,228,228,228,0
2021-11-17 12:47:00,228,228,228,228,0
2021-11-17 12:48:00,228,228,228,228,0
2021-11-17 12:49:00,228,228,228,228,0
2021-11-17 12:50:00,228,228,228,228,0
2021-11-17 12:51:00,228,228,228,228,0
2021-11-17 12:52:00,228,228,228,228,0
2021-11-17 12:53:00,228,228,228,228,0
2021-11-17 12:54:00,228,228,228,228,0
2021-11-17 12:55:00,228,228,228,228,0
2021-11-17 12:56:00,228,228,228,228,0
2021-11-17 12:57:00,228,228,228,228,0
2021-11-17 12:58:00,228,228,228,228,0
2021-11-17 12:59:00,228,228,228,228,0
2021-11-17 13:00:00,228,228,228,228,0
2021-11-17 13:01:00,228,228,228,228,0
2021-11-17 13:02:00,228,228,228,228,0
2021-11-17 13:03:00,228,228,228,228,0
2021-11-17 13:04:00,228,228,228,228,0
2021-11-17 13:05:00,228,228,228,228,0
2021-11-17 13:06:00,228,228,228,228,0
2021-11-17 13:07:00,228,228,228,228,0
2021-11-17 13:08:00,228,228,228,228,0
2021-11-17 13:09:00,228,228,228,228,0
2021-11-17 13:10:00,228,228,228,228,0
2021-11-17 13:11:00,228,228,228,228,0
2021-11-17 13:12:00,228,228,228,228,0
2021-11-17 13:13:00,228,228,228,228,0
2021-11-17 13:14:00,228,228,228,228,0
2021-11-17 13:15:00,228,228,228,228,0
2021-11-17 13:16:00,228,228,228,228,0
2021-11-17 13:17:00,228,228,228,228,0
2021-11-17 13:18:00,228,228,228,228,0
2021-11-17 13:19:00,228,228,228,228,0
2021-11-17 13:20:00,228,228,228,228,0
2021-11-17 13:21:00,228,228,228,228,0
2021-11-17 13:22:00,228,228,228,228,0
2021-11-17 13:23:00,228,228,228,228,0
2021-11-17 13:24:00,228,228,228,228,0
2021-11-17 13:25:00,228,228,228,228,0
2021-11-17 13:26:00,228,228,228,228,0
2021-11-17 13:27:00,228,228,228,228,0
2021-11-17 13:28:00,228,228,228,228,0
2021-11-17 13:29:00,228,228,228,228,0
2021-11-17 13:30:00,228,226,228,226,3100
2021-11-17 13:31:00,228,226,228,226,0
2021-11-17 13:32:00,228,226,228,226,0
2021-11-17 13:33:00,228,226,228,226,0
2021-11-17 13:34:00,228,226,228,226,0
2021-11-17 13:35:00,228,226,228,226,0
2021-11-17 13:36:00,228,226,228,226,0
2021-11-17 13:37:00,228,226,228,226,0
2021-11-17 13:38:00,228,226,228,226,0
2021-11-17 13:39:00,228,226,228,226,0
2021-11-17 13:40:00,228,226,228,226,0
2021-11-17 13:41:00,228,226,228,226,0
2021-11-17 13:42:00,226,226,226,226,3000
2021-11-17 13:43:00,226,226,226,226,0
2021-11-17 13:44:00,226,226,226,226,0
2021-11-17 13:45:00,226,226,226,226,0
2021-11-17 13:46:00,226,226,226,226,0
2021-11-17 13:47:00,226,226,226,226,0
2021-11-17 13:48:00,226,226,226,226,0
2021-11-17 13:49:00,226,226,226,226,0
2021-11-17 13:50:00,224,224,224,224,700
2021-11-17 13:51:00,224,224,224,224,0
2021-11-17 13:52:00,224,224,224,224,200
2021-11-17 13:53:00,224,224,224,224,0
2021-11-17 13:54:00,224,224,224,224,0
2021-11-17 13:55:00,224,224,224,224,0
2021-11-17 13:56:00,224,224,224,224,0
2021-11-17 13:57:00,224,224,224,224,100
2021-11-17 13:58:00,224,224,224,224,0
2021-11-17 13:59:00,224,224,224,224,0
2021-11-17 14:00:00,224,224,224,224,200
2021-11-17 14:01:00,222,220,222,220,1200
2021-11-17 14:02:00,218,218,218,218,3200
2021-11-17 14:03:00,218,218,218,218,0
2021-11-17 14:04:00,218,218,218,218,0
2021-11-17 14:05:00,218,218,218,218,0
2021-11-17 14:06:00,218,218,218,218,0
2021-11-17 14:07:00,218,218,218,218,0
2021-11-17 14:08:00,218,218,218,218,0
2021-11-17 14:09:00,218,218,218,218,0
2021-11-17 14:10:00,218,218,218,218,0
2021-11-17 14:11:00,218,218,218,218,0
2021-11-17 14:12:00,218,218,218,218,0
2021-11-17 14:13:00,218,218,218,218,0
2021-11-17 14:14:00,218,218,218,218,0
2021-11-17 14:15:00,218,218,218,218,0
2021-11-17 14:16:00,218,218,218,218,0
2021-11-17 14:17:00,218,218,218,218,0
2021-11-17 14:18:00,218,218,218,218,0
2021-11-17 14:19:00,218,218,218,218,0
2021-11-17 14:20:00,220,218,220,218,500
2021-11-17 14:21:00,220,218,220,218,0
2021-11-17 14:22:00,220,218,220,218,0
2021-11-17 14:23:00,220,218,220,218,0
2021-11-17 14:24:00,220,218,220,218,0
2021-11-17 14:25:00,224,224,224,224,100
2021-11-17 14:26:00,226,226,226,226,100
2021-11-17 14:27:00,226,226,226,226,0
2021-11-17 14:28:00,226,226,226,226,0
2021-11-17 14:29:00,226,226,226,226,0
2021-11-17 14:30:00,226,226,226,226,0
2021-11-17 14:31:00,226,226,226,226,0
2021-11-17 14:32:00,226,226,226,226,0
2021-11-17 14:33:00,226,226,226,226,0
2021-11-17 14:34:00,226,226,226,226,0
2021-11-17 14:35:00,226,226,226,226,0
2021-11-17 14:36:00,226,226,226,226,0
2021-11-17 14:37:00,226,226,226,226,0
2021-11-17 14:38:00,226,226,226,226,0
2021-11-17 14:39:00,226,226,226,226,0
2021-11-17 14:40:00,226,226,226,226,0
2021-11-17 14:41:00,226,226,226,226,0
2021-11-17 14:42:00,226,226,226,226,0
2021-11-17 14:43:00,226,226,226,226,0
2021-11-17 14:44:00,226,226,226,226,0
2021-11-17 14:45:00,226,226,226,226,0
2021-11-17 14:46:00,226,226,226,226,0
2021-11-17 14:47:00,226,226,226,226,0
2021-11-17 14:48:00,226,226,226,226,0
2021-11-17 14:49:00,226,226,226,226,0
2021-11-17 14:50:00,226,226,226,226,0
2021-11-17 14:51:00,226,226,226,226,0
2021-11-17 14:52:00,226,226,226,226,0
2021-11-17 14:53:00,226,226,226,226,0
2021-11-17 14:54:00,226,226,226,226,0
2021-11-17 14:55:00,226,226,226,226,0
2021-11-17 14:56:00,226,226,226,226,0
2021-11-17 14:57:00,226,226,226,226,0
2021-11-17 14:58:00,226,226,226,226,0
2021-11-17 14:59:00,226,226,226,226,0
2021-11-17 15:00:00,218,218,218,218,100
2021-11-17 15:01:00,218,218,218,218,0
2021-11-17 15:02:00,218,218,218,218,0
2021-11-17 15:03:00,218,218,218,218,0
2021-11-17 15:04:00,218,218,218,218,0
2021-11-17 15:05:00,218,218,218,218,0
2021-11-17 15:06:00,218,218,218,218,0
2021-11-17 15:07:00,218,218,218,218,0
2021-11-17 15:08:00,218,218,218,218,0
2021-11-17 15:09:00,218,218,218,218,0
2021-11-17 15:10:00,218,218,218,218,0
2021-11-17 15:11:00,218,218,218,218,0
2021-11-17 15:12:00,218,218,218,218,0
2021-11-17 15:13:00,218,218,218,218,0
2021-11-17 15:14:00,218,218,218,218,0
2021-11-17 15:15:00,218,218,218,218,0
2021-11-17 15:16:00,218,218,218,218,0
2021-11-17 15:17:00,218,218,218,218,0
2021-11-17 15:18:00,218,218,218,218,0
2021-11-17 15:19:00,218,218,218,218,0
2021-11-17 15:20:00,218,218,218,218,0
2021-11-17 15:21:00,218,218,218,218,0
2021-11-17 15:22:00,218,218,218,218,0
2021-11-17 15:23:00,218,218,218,218,0
2021-11-17 15:24:00,218,218,218,218,0
2021-11-17 15:25:00,218,218,218,218,0
2021-11-17 15:26:00,218,218,218,218,0
2021-11-17 15:27:00,218,218,218,218,0
2021-11-17 15:28:00,218,218,218,218,0
2021-11-17 15:29:00,218,218,218,218,0
2021-11-17 15:30:00,218,218,218,218,0
2021-11-17 15:31:00,218,218,218,218,0
2021-11-17 15:32:00,218,218,218,218,0
2021-11-17 15:33:00,218,218,218,218,0
2021-11-17 15:34:00,218,218,218,218,0
2021-11-17 15:35:00,218,218,218,218,0
2021-11-17 15:36:00,218,218,218,218,0
2021-11-17 15:37:00,218,218,218,218,0
2021-11-17 15:38:00,218,218,218,218,0
2021-11-17 15:39:00,218,218,218,218,0
2021-11-17 15:40:00,218,218,218,218,0
2021-11-17 15:41:00,218,218,218,218,0
2021-11-17 15:42:00,218,218,218,218,0
2021-11-17 15:43:00,218,218,218,218,0
2021-11-17 15:44:00,218,218,218,218,0
2021-11-17 15:45:00,218,218,218,218,0
2021-11-17 15:46:00,218,218,218,218,0
2021-11-17 15:47:00,218,218,218,218,0
2021-11-17 15:48:00,218,218,218,218,0
2021-11-17 15:49:00,218,218,218,218,0
2021-11-17 15:50:00,218,218,218,218,0
2021-11-17 15:51:00,218,218,218,218,0
2021-11-17 15:52:00,218,218,218,218,0
2021-11-17 15:53:00,218,218,218,218,0
2021-11-17 15:54:00,218,218,218,218,0
2021-11-17 15:55:00,218,218,218,218,0
2021-11-17 15:56:00,218,218,218,218,0
2021-11-17 15:57:00,218,218,218,218,0
2021-11-17 15:58:00,218,218,218,218,0
2021-11-17 15:59:00,218,218,218,218,0
2021-11-18 09:00:00,218,218,218,218,0
2021-11-18 09:01:00,218,218,218,218,0
2021-11-18 09:02:00,218,218,218,218,0
2021-11-18 09:03:00,218,218,218,218,0
2021-11-18 09:04:00,218,218,218,218,0
2021-11-18 09:05:00,218,218,218,218,0
2021-11-18 09:06:00,218,218,218,218,0
2021-11-18 09:07:00,218,218,218,218,0
2021-11-18 09:08:00,218,218,218,218,0
2021-11-18 09:09:00,218,218,218,218,0
2021-11-18 09:10:00,218,218,218,218,0
2021-11-18 09:11:00,218,218,218,218,0
2021-11-18 09:12:00,218,218,218,218,0
2021-11-18 09:13:00,218,218,218,218,0
2021-11-18 09:14:00,218,218,218,218,0
2021-11-18 09:15:00,218,218,218,218,0
2021-11-18 09:16:00,218,218,218,218,0
2021-11-18 09:17:00,218,218,218,218,0
2021-11-18 09:18:00,218,218,218,218,0
2021-11-18 09:19:00,218,218,218,218,0
2021-11-18 09:20:00,218,218,218,218,0
2021-11-18 09:21:00,218,218,218,218,0
2021-11-18 09:22:00,218,218,218,218,0
2021-11-18 09:23:00,218,218,218,218,0
2021-11-18 09:24:00,218,218,218,218,0
2021-11-18 09:25:00,218,218,218,218,0
2021-11-18 09:26:00,218,218,218,218,0
2021-11-18 09:27:00,218,218,218,218,0
2021-11-18 09:28:00,218,218,218,218,0
2021-11-18 09:29:00,218,218,218,218,0
2021-11-18 09:30:00,218,218,218,218,0
2021-11-18 09:31:00,218,218,218,218,0
2021-11-18 09:32:00,218,218,218,218,0
2021-11-18 09:33:00,218,218,218,218,0
2021-11-18 09:34:00,218,218,218,218,0
2021-11-18 09:35:00,218,218,218,218,0
2021-11-18 09:36:00,218,218,218,218,0
2021-11-18 09:37:00,218,218,218,218,0
2021-11-18 09:38:00,218,218,218,218,0
2021-11-18 09:39:00,218,218,218,218,0
2021-11-18 09:40:00,218,218,218,218,0
2021-11-18 09:41:00,218,218,218,218,0
2021-11-18 09:42:00,218,218,218,218,0
2021-11-18 09:43:00,218,218,218,218,0
2021-11-18 09:44:00,218,218,218,218,0
2021-11-18 09:45:00,218,218,218,218,0
2021-11-18 09:46:00,218,218,218,218,0
2021-11-18 09:47:00,218,218,218,218,0
2021-11-18 09:48:00,218,218,218,218,0
2021-11-18 09:49:00,218,218,218,218,0
2021-11-18 09:50:00,218,218,218,218,0
2021-11-18 09:51:00,218,218,218,218,0
2021-11-18 09:52:00,218,218,218,218,0
2021-11-18 09:53:00,218,218,218,218,0
2021-11-18 09:54:00,210,210,210,210,0
2021-11-18 09:55:00,210,210,210,210,100
2021-11-18 09:56:00,212,212,212,212,500
2021-11-18 09:57:00,210,210,210,210,200
2021-11-18 09:58:00,210,210,210,210,0
2021-11-18 09:59:00,210,210,210,210,0
2021-11-18 10:00:00,210,210,210,210,400
2021-11-18 10:01:00,210,210,210,210,0
2021-11-18 10:02:00,210,210,210,210,0
2021-11-18 10:03:00,210,210,210,210,0
2021-11-18 10:04:00,210,210,210,210,0
2021-11-18 10:05:00,210,210,210,210,0
2021-11-18 10:06:00,214,214,214,214,1200
2021-11-18 10:07:00,212,212,212,212,800
2021-11-18 10:08:00,212,212,212,212,0
2021-11-18 10:09:00,212,212,212,212,0
2021-11-18 10:10:00,212,212,212,212,0
2021-11-18 10:11:00,212,212,212,212,0
2021-11-18 10:12:00,212,212,212,212,1500
2021-11-18 10:13:00,212,212,212,212,0
2021-11-18 10:14:00,212,212,212,212,0
2021-11-18 10:15:00,212,212,212,212,0
2021-11-18 10:16:00,212,212,212,212,0
2021-11-18 10:17:00,212,212,212,212,0
2021-11-18 10:18:00,212,212,212,212,0
2021-11-18 10:19:00,212,212,212,212,0
2021-11-18 10:20:00,212,212,212,212,0
2021-11-18 10:21:00,212,212,212,212,0
2021-11-18 10:22:00,212,212,212,212,0
2021-11-18 10:23:00,212,212,212,212,0
2021-11-18 10:24:00,212,212,212,212,0
2021-11-18 10:25:00,212,212,212,212,0
2021-11-18 10:26:00,212,212,212,212,0
2021-11-18 10:27:00,216,216,216,216,7700
2021-11-18 10:28:00,216,216,216,216,0
2021-11-18 10:29:00,216,216,216,216,0
2021-11-18 10:30:00,216,216,216,216,0
2021-11-18 10:31:00,216,216,216,216,0
2021-11-18 10:32:00,216,216,216,216,0
2021-11-18 10:33:00,216,216,216,216,0
2021-11-18 10:34:00,216,216,216,216,0
2021-11-18 10:35:00,216,216,216,216,0
2021-11-18 10:36:00,216,216,216,216,0
2021-11-18 10:37:00,216,216,216,216,0
2021-11-18 10:38:00,216,216,216,216,0
2021-11-18 10:39:00,216,216,216,216,0
2021-11-18 10:40:00,216,216,216,216,0
2021-11-18 10:41:00,216,216,216,216,0
2021-11-18 10:42:00,216,216,216,216,0
2021-11-18 10:43:00,216,216,216,216,0
2021-11-18 10:44:00,216,216,216,216,0
2021-11-18 10:45:00,216,216,216,216,0
2021-11-18 10:46:00,216,216,216,216,0
2021-11-18 10:47:00,216,216,216,216,0
2021-11-18 10:48:00,216,216,216,216,0
2021-11-18 10:49:00,216,216,216,216,0
2021-11-18 10:50:00,216,216,216,216,0
2021-11-18 10:51:00,216,216,216,216,0
2021-11-18 10:52:00,216,216,216,216,0
2021-11-18 10:53:00,216,216,216,216,0
2021-11-18 10:54:00,216,216,216,216,0
2021-11-18 10:55:00,216,216,216,216,0
2021-11-18 10:56:00,216,216,216,216,0
2021-11-18 10:57:00,216,216,216,216,0
2021-11-18 10:58:00,216,216,216,216,0
2021-11-18 10:59:00,216,216,216,216,0
2021-11-18 11:00:00,216,216,216,216,0
2021-11-18 11:01:00,216,216,216,216,0
2021-11-18 11:02:00,216,216,216,216,0
2021-11-18 11:03:00,216,216,216,216,0
2021-11-18 11:04:00,216,216,216,216,0
2021-11-18 11:05:00,216,216,216,216,0
2021-11-18 11:06:00,216,216,216,216,0
2021-11-18 11:07:00,216,216,216,216,0
2021-11-18 11:08:00,216,216,216,216,100
2021-11-18 11:09:00,216,216,216,216,0
2021-11-18 11:10:00,216,216,216,216,0
2021-11-18 11:11:00,216,216,216,216,0
2021-11-18 11:12:00,216,216,216,216,0
2021-11-18 11:13:00,216,216,216,216,0
2021-11-18 11:14:00,216,216,216,216,0
2021-11-18 11:15:00,216,216,216,216,0
2021-11-18 11:16:00,216,216,216,216,0
2021-11-18 11:17:00,216,216,216,216,0
2021-11-18 11:18:00,216,216,216,216,0
2021-11-18 11:19:00,216,216,216,216,0
2021-11-18 11:20:00,216,216,216,216,0
2021-11-18 11:21:00,216,216,216,216,0
2021-11-18 11:22:00,216,216,216,216,0
2021-11-18 11:23:00,216,216,216,216,0
2021-11-18 11:24:00,218,218,218,218,100
2021-11-18 11:25:00,218,218,218,218,0
2021-11-18 11:26:00,218,218,218,218,0
2021-11-18 11:27:00,216,216,216,216,200
2021-11-18 11:28:00,218,218,218,218,1600
2021-11-18 11:29:00,218,218,218,218,0
2021-11-18 11:30:00,218,218,218,218,0
2021-11-18 11:31:00,218,218,218,218,0
2021-11-18 11:32:00,218,218,218,218,0
2021-11-18 11:33:00,218,218,218,218,0
2021-11-18 11:34:00,218,218,218,218,0
2021-11-18 11:35:00,218,218,218,218,0
2021-11-18 11:36:00,218,218,218,218,0
2021-11-18 11:37:00,218,218,218,218,0
2021-11-18 11:38:00,218,218,218,218,0
2021-11-18 11:39:00,218,218,218,218,0
2021-11-18 11:40:00,218,218,218,218,0
2021-11-18 11:41:00,218,218,218,218,0
2021-11-18 11:42:00,218,218,218,218,0
2021-11-18 11:43:00,218,218,218,218,0
2021-11-18 11:44:00,218,218,218,218,0
2021-11-18 11:45:00,218,218,218,218,0
2021-11-18 11:46:00,218,218,218,218,0
2021-11-18 11:47:00,218,218,218,218,0
2021-11-18 11:48:00,218,218,218,218,0
2021-11-18 11:49:00,218,218,218,218,0
2021-11-18 11:50:00,218,218,218,218,0
2021-11-18 11:51:00,218,218,218,218,0
2021-11-18 11:52:00,218,218,218,218,0
2021-11-18 11:53:00,218,218,218,218,0
2021-11-18 11:54:00,218,218,218,218,0
2021-11-18 11:55:00,218,218,218,218,0
2021-11-18 11:56:00,218,218,218,218,0
2021-11-18 11:57:00,218,218,218,218,0
2021-11-18 11:58:00,218,218,218,218,0
2021-11-18 11:59:00,218,218,218,218,0
2021-11-18 12:00:00,218,218,218,218,0
2021-11-18 12:01:00,218,218,218,218,0
2021-11-18 12:02:00,218,218,218,218,0
2021-11-18 12:03:00,218,218,218,218,0
2021-11-18 12:04:00,218,218,218,218,0
2021-11-18 12:05:00,218,218,218,218,0
2021-11-18 12:06:00,218,218,218,218,0
2021-11-18 12:07:00,218,218,218,218,0
2021-11-18 12:08:00,218,218,218,218,0
2021-11-18 12:09:00,218,218,218,218,0
2021-11-18 12:10:00,218,218,218,218,0
2021-11-18 12:11:00,218,218,218,218,0
2021-11-18 12:12:00,218,218,218,218,0
2021-11-18 12:13:00,218,218,218,218,0
2021-11-18 12:14:00,218,218,218,218,0
2021-11-18 12:15:00,218,218,218,218,0
2021-11-18 12:16:00,218,218,218,218,0
2021-11-18 12:17:00,218,218,218,218,0
2021-11-18 12:18:00,218,218,218,218,0
2021-11-18 12:19:00,218,218,218,218,0
2021-11-18 12:20:00,218,218,218,218,0
2021-11-18 12:21:00,218,218,218,218,0
2021-11-18 12:22:00,218,218,218,218,0
2021-11-18 12:23:00,218,218,218,218,0
2021-11-18 12:24:00,218,218,218,218,0
2021-11-18 12:25:00,218,218,218,218,0
2021-11-18 12:26:00,218,218,218,218,0
2021-11-18 12:27:00,218,218,218,218,0
2021-11-18 12:28:00,218,218,218,218,0
2021-11-18 12:29:00,218,218,218,218,0
2021-11-18 12:30:00,218,218,218,218,0
2021-11-18 12:31:00,218,218,218,218,0
2021-11-18 12:32:00,218,218,218,218,0
2021-11-18 12:33:00,218,218,218,218,0
2021-11-18 12:34:00,218,218,218,218,0
2021-11-18 12:35:00,218,218,218,218,0
2021-11-18 12:36:00,218,218,218,218,0
2021-11-18 12:37:00,218,218,218,218,0
2021-11-18 12:38:00,218,218,218,218,0
2021-11-18 12:39:00,218,218,218,218,0
2021-11-18 12:40:00,218,218,218,218,0
2021-11-18 12:41:00,218,218,218,218,0
2021-11-18 12:42:00,218,218,218,218,0
2021-11-18 12:43:00,218,218,218,218,0
2021-11-18 12:44:00,218,218,218,218,0
2021-11-18 12:45:00,218,218,218,218,0
2021-11-18 12:46:00,218,218,218,218,0
2021-11-18 12:47:00,218,218,218,218,0
2021-11-18 12:48:00,218,218,218,218,0
2021-11-18 12:49:00,218,218,218,218,0
2021-11-18 12:50:00,218,218,218,218,0
2021-11-18 12:51:00,218,218,218,218,0
2021-11-18 12:52:00,218,218,218,218,0
2021-11-18 12:53:00,218,218,218,218,0
2021-11-18 12:54:00,218,218,218,218,0
2021-11-18 12:55:00,218,218,218,218,0
2021-11-18 12:56:00,218,218,218,218,0
2021-11-18 12:57:00,218,218,218,218,0
2021-11-18 12:58:00,218,218,218,218,0
2021-11-18 12:59:00,218,218,218,218,0
2021-11-18 13:00:00,218,218,218,218,0
2021-11-18 13:01:00,218,218,218,218,0
2021-11-18 13:02:00,218,218,218,218,0
2021-11-18 13:03:00,218,218,218,218,0
2021-11-18 13:04:00,218,218,218,218,0
2021-11-18 13:05:00,218,218,218,218,0
2021-11-18 13:06:00,218,218,218,218,0
2021-11-18 13:07:00,218,218,218,218,0
2021-11-18 13:08:00,218,218,218,218,0
2021-11-18 13:09:00,218,218,218,218,0
2021-11-18 13:10:00,218,218,218,218,0
2021-11-18 13:11:00,218,218,218,218,0
2021-11-18 13:12:00,218,218,218,218,0
2021-11-18 13:13:00,218,218,218,218,0
2021-11-18 13:14:00,218,218,218,218,0
2021-11-18 13:15:00,218,218,218,218,0
2021-11-18 13:16:00,218,218,218,218,0
2021-11-18 13:17:00,218,218,218,218,0
2021-11-18 13:18:00,218,218,218,218,0
2021-11-18 13:19:00,218,218,218,218,0
2021-11-18 13:20:00,218,218,218,218,0
2021-11-18 13:21:00,218,218,218,218,0
2021-11-18 13:22:00,218,218,218,218,0
2021-11-18 13:23:00,218,218,218,218,0
2021-11-18 13:24:00,218,218,218,218,0
2021-11-18 13:25:00,218,218,218,218,0
2021-11-18 13:26:00,218,218,218,218,0
2021-11-18 13:27:00,218,218,218,218,0
2021-11-18 13:28:00,218,218,218,218,0
2021-11-18 13:29:00,218,218,218,218,0
2021-11-18 13:30:00,218,218,218,218,0
2021-11-18 13:31:00,218,218,218,218,0
2021-11-18 13:32:00,218,218,218,218,0
2021-11-18 13:33:00,218,218,218,218,0
2021-11-18 13:34:00,218,218,218,218,0
2021-11-18 13:35:00,218,218,218,218,0
2021-11-18 13:36:00,218,218,218,218,0
2021-11-18 13:37:00,218,218,218,218,0
2021-11-18 13:38:00,218,218,218,218,0
2021-11-18 13:39:00,218,218,218,218,0
2021-11-18 13:40:00,218,218,218,218,400
2021-11-18 13:41:00,218,218,218,218,0
2021-11-18 13:42:00,218,218,218,218,0
2021-11-18 13:43:00,218,218,218,218,0
2021-11-18 13:44:00,218,218,218,218,0
2021-11-18 13:45:00,218,218,218,218,0
2021-11-18 13:46:00,218,218,218,218,0
2021-11-18 13:47:00,218,218,218,218,0
2021-11-18 13:48:00,218,218,218,218,0
2021-11-18 13:49:00,218,218,218,218,0
2021-11-18 13:50:00,218,218,218,218,0
2021-11-18 13:51:00,218,218,218,218,0
2021-11-18 13:52:00,218,218,218,218,0
2021-11-18 13:53:00,218,218,218,218,0
2021-11-18 13:54:00,218,218,218,218,0
2021-11-18 13:55:00,218,218,218,218,0
2021-11-18 13:56:00,218,218,218,218,0
2021-11-18 13:57:00,218,218,218,218,0
2021-11-18 13:58:00,218,218,218,218,0
2021-11-18 13:59:00,218,218,218,218,0
2021-11-18 14:00:00,218,218,218,218,0
2021-11-18 14:01:00,218,218,218,218,0
2021-11-18 14:02:00,218,218,218,218,0
2021-11-18 14:03:00,218,218,218,218,0
2021-11-18 14:04:00,218,218,218,218,0
2021-11-18 14:05:00,218,218,218,218,0
2021-11-18 14:06:00,218,218,218,218,0
2021-11-18 14:07:00,218,218,218,218,0
2021-11-18 14:08:00,218,218,218,218,0
2021-11-18 14:09:00,218,218,218,218,0
2021-11-18 14:10:00,218,218,218,218,0
2021-11-18 14:11:00,218,218,218,218,0
2021-11-18 14:12:00,218,218,218,218,0
2021-11-18 14:13:00,218,218,218,218,0
2021-11-18 14:14:00,218,218,218,218,0
2021-11-18 14:15:00,218,218,218,218,0
2021-11-18 14:16:00,218,218,218,218,0
2021-11-18 14:17:00,218,218,218,218,0
2021-11-18 14:18:00,218,218,218,218,0
2021-11-18 14:19:00,218,218,218,218,0
2021-11-18 14:20:00,218,218,218,218,0
2021-11-18 14:21:00,218,218,218,218,0
2021-11-18 14:22:00,218,218,218,218,0
2021-11-18 14:23:00,218,218,218,218,0
2021-11-18 14:24:00,218,218,218,218,0
2021-11-18 14:25:00,218,218,218,218,0
2021-11-18 14:26:00,218,218,218,218,0
2021-11-18 14:27:00,218,218,218,218,0
2021-11-18 14:28:00,218,218,218,218,0
2021-11-18 14:29:00,218,218,218,218,0
2021-11-18 14:30:00,218,218,218,218,0
2021-11-18 14:31:00,218,218,218,218,0
2021-11-18 14:32:00,218,218,218,218,0
2021-11-18 14:33:00,218,218,218,218,0
2021-11-18 14:34:00,218,218,218,218,0
2021-11-18 14:35:00,218,218,218,218,0
2021-11-18 14:36:00,218,218,218,218,0
2021-11-18 14:37:00,218,218,218,218,0
2021-11-18 14:38:00,218,218,218,218,0
2021-11-18 14:39:00,218,218,218,218,0
2021-11-18 14:40:00,218,218,218,218,0
2021-11-18 14:41:00,218,218,218,218,0
2021-11-18 14:42:00,218,218,218,218,0
2021-11-18 14:43:00,218,218,218,218,0
2021-11-18 14:44:00,218,218,218,218,0
2021-11-18 14:45:00,218,218,218,218,0
2021-11-18 14:46:00,218,218,218,218,0
2021-11-18 14:47:00,218,218,218,218,0
2021-11-18 14:48:00,220,220,220,220,300
2021-11-18 14:49:00,220,220,220,220,0
2021-11-18 14:50:00,220,220,220,220,0
2021-11-18 14:51:00,220,220,220,220,0
2021-11-18 14:52:00,220,220,220,220,0
2021-11-18 14:53:00,220,220,220,220,0
2021-11-18 14:54:00,220,220,220,220,0
2021-11-18 14:55:00,220,220,220,220,0
2021-11-18 14:56:00,220,220,220,220,0
2021-11-18 14:57:00,220,220,220,220,0
2021-11-18 14:58:00,220,220,220,220,0
2021-11-18 14:59:00,220,220,220,220,0
2021-11-18 15:00:00,226,226,226,226,700
2021-11-18 15:01:00,226,226,226,226,0
2021-11-18 15:02:00,226,226,226,226,0
2021-11-18 15:03:00,226,226,226,226,0
2021-11-18 15:04:00,226,226,226,226,0
2021-11-18 15:05:00,226,226,226,226,0
2021-11-18 15:06:00,226,226,226,226,0
2021-11-18 15:07:00,226,226,226,226,0
2021-11-18 15:08:00,226,226,226,226,0
2021-11-18 15:09:00,226,226,226,226,0
2021-11-18 15:10:00,226,226,226,226,0
2021-11-18 15:11:00,226,226,226,226,0
2021-11-18 15:12:00,226,226,226,226,0
2021-11-18 15:13:00,226,226,226,226,0
2021-11-18 15:14:00,226,226,226,226,0
2021-11-18 15:15:00,226,226,226,226,0
2021-11-18 15:16:00,226,226,226,226,0
2021-11-18 15:17:00,226,226,226,226,0
2021-11-18 15:18:00,226,226,226,226,0
2021-11-18 15:19:00,226,226,226,226,0
2021-11-18 15:20:00,226,226,226,226,0
2021-11-18 15:21:00,226,226,226,226,0
2021-11-18 15:22:00,226,226,226,226,0
2021-11-18 15:23:00,226,226,226,226,0
2021-11-18 15:24:00,226,226,226,226,0
2021-11-18 15:25:00,226,226,226,226,0
2021-11-18 15:26:00,226,226,226,226,0
2021-11-18 15:27:00,226,226,226,226,0
2021-11-18 15:28:00,226,226,226,226,0
2021-11-18 15:29:00,226,226,226,226,0
2021-11-18 15:30:00,226,226,226,226,0
2021-11-18 15:31:00,226,226,226,226,0
2021-11-18 15:32:00,226,226,226,226,0
2021-11-18 15:33:00,226,226,226,226,0
2021-11-18 15:34:00,226,226,226,226,0
2021-11-18 15:35:00,226,226,226,226,0
2021-11-18 15:36:00,226,226,226,226,0
2021-11-18 15:37:00,226,226,226,226,0
2021-11-18 15:38:00,226,226,226,226,0
2021-11-18 15:39:00,226,226,226,226,0
2021-11-18 15:40:00,226,226,226,226,0
2021-11-18 15:41:00,226,226,226,226,0
2021-11-18 15:42:00,226,226,226,226,0
2021-11-18 15:43:00,226,226,226,226,0
2021-11-18 15:44:00,226,226,226,226,0
2021-11-18 15:45:00,226,226,226,226,0
2021-11-18 15:46:00,226,226,226,226,0
2021-11-18 15:47:00,226,226,226,226,0
2021-11-18 15:48:00,226,226,226,226,0
2021-11-18 15:49:00,226,226,226,226,0
2021-11-18 15:50:00,226,226,226,226,0
2021-11-18 15:51:00,226,226,226,226,0
2021-11-18 15:52:00,226,226,226,226,0
2021-11-18 15:53:00,226,226,226,226,0
2021-11-18 15:54:00,226,226,226,226,0
2021-11-18 15:55:00,226,226,226,226,0
2021-11-18 15:56:00,226,226,226,226,0
2021-11-18 15:57:00,226,226,226,226,0
2021-11-18 15:58:00,226,226,226,226,0
2021-11-18 15:59:00,226,226,226,226,0
2021-11-19 09:00:00,226,226,226,226,0
2021-11-19 09:01:00,226,226,226,226,0
2021-11-19 09:02:00,226,226,226,226,0
2021-11-19 09:03:00,226,226,226,226,0
2021-11-19 09:04:00,226,226,226,226,0
2021-11-19 09:05:00,226,226,226,226,0
2021-11-19 09:06:00,226,226,226,226,0
2021-11-19 09:07:00,226,226,226,226,0
2021-11-19 09:08:00,226,226,226,226,0
2021-11-19 09:09:00,226,226,226,226,0
2021-11-19 09:10:00,226,226,226,226,0
2021-11-19 09:11:00,226,226,226,226,0
2021-11-19 09:12:00,226,226,226,226,0
2021-11-19 09:13:00,226,226,226,226,0
2021-11-19 09:14:00,226,226,226,226,0
2021-11-19 09:15:00,226,226,226,226,0
2021-11-19 09:16:00,226,226,226,226,0
2021-11-19 09:17:00,226,226,226,226,0
2021-11-19 09:18:00,226,226,226,226,0
2021-11-19 09:19:00,226,226,226,226,0
2021-11-19 09:20:00,226,226,226,226,0
2021-11-19 09:21:00,226,226,226,226,0
2021-11-19 09:22:00,226,226,226,226,0
2021-11-19 09:23:00,226,226,226,226,0
2021-11-19 09:24:00,226,226,226,226,2200
2021-11-19 09:25:00,226,226,226,226,0
2021-11-19 09:26:00,226,226,226,226,0
2021-11-19 09:27:00,226,226,226,226,0
2021-11-19 09:28:00,226,226,226,226,0
2021-11-19 09:29:00,226,226,226,226,0
2021-11-19 09:30:00,226,226,226,226,0
2021-11-19 09:31:00,226,226,226,226,2300
2021-11-19 09:32:00,226,226,226,226,0
2021-11-19 09:33:00,226,226,226,226,0
2021-11-19 09:34:00,226,226,226,226,0
2021-11-19 09:35:00,226,226,226,226,0
2021-11-19 09:36:00,226,226,226,226,0
2021-11-19 09:37:00,224,224,224,224,1000
2021-11-19 09:38:00,224,224,224,224,0
2021-11-19 09:39:00,224,224,224,224,0
2021-11-19 09:40:00,224,224,224,224,0
2021-11-19 09:41:00,224,224,224,224,0
2021-11-19 09:42:00,224,224,224,224,0
2021-11-19 09:43:00,224,224,224,224,0
2021-11-19 09:44:00,224,224,224,224,0
2021-11-19 09:45:00,224,224,224,224,0
2021-11-19 09:46:00,218,218,218,218,1000
2021-11-19 09:47:00,218,218,218,218,0
2021-11-19 09:48:00,218,218,218,218,0
2021-11-19 09:49:00,218,218,218,218,0
2021-11-19 09:50:00,218,218,218,218,0
2021-11-19 09:51:00,218,218,218,218,0
2021-11-19 09:52:00,218,218,218,218,0
2021-11-19 09:53:00,218,218,218,218,0
2021-11-19 09:54:00,218,218,218,218,0
2021-11-19 09:55:00,218,218,218,218,0
2021-11-19 09:56:00,218,218,218,218,0
2021-11-19 09:57:00,218,218,218,218,0
2021-11-19 09:58:00,218,218,218,218,0
2021-11-19 09:59:00,218,218,218,218,0
2021-11-19 10:00:00,218,218,218,218,0
2021-11-19 10:01:00,218,218,218,218,0
2021-11-19 10:02:00,218,218,218,218,0
2021-11-19 10:03:00,218,218,218,218,0
2021-11-19 10:04:00,218,218,218,218,0
2021-11-19 10:05:00,218,218,218,218,0
2021-11-19 10:06:00,218,218,218,218,0
2021-11-19 10:07:00,218,218,218,218,0
2021-11-19 10:08:00,218,218,218,218,0
2021-11-19 10:09:00,218,218,218,218,0
2021-11-19 10:10:00,218,218,218,218,0
2021-11-19 10:11:00,218,218,218,218,0
2021-11-19 10:12:00,218,218,218,218,0
2021-11-19 10:13:00,218,218,218,218,0
2021-11-19 10:14:00,218,218,218,218,0
2021-11-19 10:15:00,218,218,218,218,0
2021-11-19 10:16:00,218,218,218,218,0
2021-11-19 10:17:00,218,218,218,218,0
2021-11-19 10:18:00,218,218,218,218,0
2021-11-19 10:19:00,218,218,218,218,0
2021-11-19 10:20:00,218,218,218,218,0
2021-11-19 10:21:00,218,218,218,218,0
2021-11-19 10:22:00,218,218,218,218,0
2021-11-19 10:23:00,218,218,218,218,0
2021-11-19 10:24:00,218,218,218,218,0
2021-11-19 10:25:00,218,218,218,218,0
2021-11-19 10:26:00,218,218,218,218,0
2021-11-19 10:27:00,218,218,218,218,0
2021-11-19 10:28:00,218,218,218,218,0
2021-11-19 10:29:00,218,218,218,218,0
2021-11-19 10:30:00,218,218,218,218,0
2021-11-19 10:31:00,218,218,218,218,0
2021-11-19 10:32:00,218,218,218,218,0
2021-11-19 10:33:00,218,218,218,218,0
2021-11-19 10:34:00,218,218,218,218,0
2021-11-19 10:35:00,218,218,218,218,0
2021-11-19 10:36:00,218,218,218,218,0
2021-11-19 10:37:00,218,218,218,218,0
2021-11-19 10:38:00,218,218,218,218,0
2021-11-19 10:39:00,218,218,218,218,0
2021-11-19 10:40:00,218,218,218,218,0
2021-11-19 10:41:00,218,218,218,218,0
2021-11-19 10:42:00,218,218,218,218,0
2021-11-19 10:43:00,218,218,218,218,0
2021-11-19 10:44:00,218,218,218,218,0
2021-11-19 10:45:00,218,218,218,218,0
2021-11-19 10:46:00,218,218,218,218,0
2021-11-19 10:47:00,218,218,218,218,0
2021-11-19 10:48:00,218,218,218,218,0
2021-11-19 10:49:00,220,220,220,220,300
2021-11-19 10:50:00,220,220,220,220,0
2021-11-19 10:51:00,220,220,220,220,0
2021-11-19 10:52:00,220,220,220,220,0
2021-11-19 10:53:00,220,220,220,220,0
2021-11-19 10:54:00,220,220,220,220,0
2021-11-19 10:55:00,220,220,220,220,0
2021-11-19 10:56:00,220,220,220,220,0
2021-11-19 10:57:00,220,220,220,220,0
2021-11-19 10:58:00,220,220,220,220,0
2021-11-19 10:59:00,220,220,220,220,0
2021-11-19 11:00:00,220,220,220,220,0
2021-11-19 11:01:00,220,220,220,220,0
2021-11-19 11:02:00,220,220,220,220,0
2021-11-19 11:03:00,220,220,220,220,0
2021-11-19 11:04:00,220,220,220,220,0
2021-11-19 11:05:00,220,220,220,220,0
2021-11-19 11:06:00,220,220,220,220,0
2021-11-19 11:07:00,220,220,220,220,0
2021-11-19 11:08:00,220,220,220,220,0
2021-11-19 11:09:00,220,220,220,220,0
2021-11-19 11:10:00,220,220,220,220,0
2021-11-19 11:11:00,220,220,220,220,0
2021-11-19 11:12:00,220,220,220,220,0
2021-11-19 11:13:00,220,220,220,220,0
2021-11-19 11:14:00,220,220,220,220,0
2021-11-19 11:15:00,220,220,220,220,0
2021-11-19 11:16:00,220,220,220,220,0
2021-11-19 11:17:00,220,220,220,220,0
2021-11-19 11:18:00,220,220,220,220,0
2021-11-19 11:19:00,220,220,220,220,0
2021-11-19 11:20:00,220,220,220,220,0
2021-11-19 11:21:00,220,220,220,220,0
2021-11-19 11:22:00,220,220,220,220,0
2021-11-19 11:23:00,220,220,220,220,0
2021-11-19 11:24:00,220,220,220,220,0
2021-11-19 11:25:00,220,220,220,220,0
2021-11-19 11:26:00,220,220,220,220,0
2021-11-19 11:27:00,220,220,220,220,0
2021-11-19 11:28:00,220,220,220,220,0
2021-11-19 11:29:00,220,220,220,220,100
2021-11-19 11:30:00,220,220,220,220,0
2021-11-19 11:31:00,220,220,220,220,0
2021-11-19 11:32:00,220,220,220,220,0
2021-11-19 11:33:00,220,220,220,220,0
2021-11-19 11:34:00,220,220,220,220,0
2021-11-19 11:35:00,220,220,220,220,0
2021-11-19 11:36:00,220,220,220,220,0
2021-11-19 11:37:00,220,220,220,220,0
2021-11-19 11:38:00,220,220,220,220,0
2021-11-19 11:39:00,220,220,220,220,0
2021-11-19 11:40:00,220,220,220,220,0
2021-11-19 11:41:00,220,220,220,220,0
2021-11-19 11:42:00,220,220,220,220,0
2021-11-19 11:43:00,220,220,220,220,0
2021-11-19 11:44:00,220,220,220,220,0
2021-11-19 11:45:00,220,220,220,220,0
2021-11-19 11:46:00,220,220,220,220,0
2021-11-19 11:47:00,220,220,220,220,0
2021-11-19 11:48:00,220,220,220,220,0
2021-11-19 11:49:00,220,220,220,220,0
2021-11-19 11:50:00,220,220,220,220,0
2021-11-19 11:51:00,220,220,220,220,0
2021-11-19 11:52:00,220,220,220,220,0
2021-11-19 11:53:00,220,220,220,220,0
2021-11-19 11:54:00,220,220,220,220,0
2021-11-19 11:55:00,220,220,220,220,0
2021-11-19 11:56:00,220,220,220,220,0
2021-11-19 11:57:00,220,220,220,220,0
2021-11-19 11:58:00,220,220,220,220,0
2021-11-19 11:59:00,220,220,220,220,0
2021-11-19 12:00:00,220,220,220,220,0
2021-11-19 12:01:00,220,220,220,220,0
2021-11-19 12:02:00,220,220,220,220,0
2021-11-19 12:03:00,220,220,220,220,0
2021-11-19 12:04:00,220,220,220,220,0
2021-11-19 12:05:00,220,220,220,220,0
2021-11-19 12:06:00,220,220,220,220,0
2021-11-19 12:07:00,220,220,220,220,0
2021-11-19 12:08:00,220,220,220,220,0
2021-11-19 12:09:00,220,220,220,220,0
2021-11-19 12:10:00,220,220,220,220,0
2021-11-19 12:11:00,220,220,220,220,0
2021-11-19 12:12:00,220,220,220,220,0
2021-11-19 12:13:00,220,220,220,220,0
2021-11-19 12:14:00,220,220,220,220,0
2021-11-19 12:15:00,220,220,220,220,0
2021-11-19 12:16:00,220,220,220,220,0
2021-11-19 12:17:00,220,220,220,220,0
2021-11-19 12:18:00,220,220,220,220,0
2021-11-19 12:19:00,220,220,220,220,0
2021-11-19 12:20:00,220,220,220,220,0
2021-11-19 12:21:00,220,220,220,220,0
2021-11-19 12:22:00,220,220,220,220,0
2021-11-19 12:23:00,220,220,220,220,0
2021-11-19 12:24:00,220,220,220,220,0
2021-11-19 12:25:00,220,220,220,220,0
2021-11-19 12:26:00,220,220,220,220,0
2021-11-19 12:27:00,220,220,220,220,0
2021-11-19 12:28:00,220,220,220,220,0
2021-11-19 12:29:00,220,220,220,220,0
2021-11-19 12:30:00,220,220,220,220,0
2021-11-19 12:31:00,220,220,220,220,0
2021-11-19 12:32:00,220,220,220,220,0
2021-11-19 12:33:00,220,220,220,220,0
2021-11-19 12:34:00,220,220,220,220,0
2021-11-19 12:35:00,220,220,220,220,0
2021-11-19 12:36:00,220,220,220,220,0
2021-11-19 12:37:00,220,220,220,220,0
2021-11-19 12:38:00,220,220,220,220,0
2021-11-19 12:39:00,220,220,220,220,0
2021-11-19 12:40:00,220,220,220,220,0
2021-11-19 12:41:00,220,220,220,220,0
2021-11-19 12:42:00,220,220,220,220,0
2021-11-19 12:43:00,220,220,220,220,0
2021-11-19 12:44:00,220,220,220,220,0
2021-11-19 12:45:00,220,220,220,220,0
2021-11-19 12:46:00,220,220,220,220,0
2021-11-19 12:47:00,220,220,220,220,0
2021-11-19 12:48:00,220,220,220,220,0
2021-11-19 12:49:00,220,220,220,220,0
2021-11-19 12:50:00,220,220,220,220,0
2021-11-19 12:51:00,220,220,220,220,0
2021-11-19 12:52:00,220,220,220,220,0
2021-11-19 12:53:00,220,220,220,220,0
2021-11-19 12:54:00,220,220,220,220,0
2021-11-19 12:55:00,220,220,220,220,0
2021-11-19 12:56:00,220,220,220,220,0
2021-11-19 12:57:00,220,220,220,220,0
2021-11-19 12:58:00,220,220,220,220,0
2021-11-19 12:59:00,220,220,220,220,0
2021-11-19 13:00:00,220,220,220,220,0
2021-11-19 13:01:00,220,220,220,220,0
2021-11-19 13:02:00,220,220,220,220,0
2021-11-19 13:03:00,220,220,220,220,0
2021-11-19 13:04:00,220,220,220,220,0
2021-11-19 13:05:00,220,220,220,220,0
2021-11-19 13:06:00,220,220,220,220,0
2021-11-19 13:07:00,220,220,220,220,0
2021-11-19 13:08:00,220,220,220,220,0
2021-11-19 13:09:00,220,220,220,220,0
2021-11-19 13:10:00,220,220,220,220,0
2021-11-19 13:11:00,220,220,220,220,0
2021-11-19 13:12:00,220,220,220,220,0
2021-11-19 13:13:00,220,220,220,220,0
2021-11-19 13:14:00,220,220,220,220,0
2021-11-19 13:15:00,220,220,220,220,0
2021-11-19 13:16:00,220,220,220,220,0
2021-11-19 13:17:00,220,220,220,220,0
2021-11-19 13:18:00,220,220,220,220,0
2021-11-19 13:19:00,220,220,220,220,0
2021-11-19 13:20:00,220,220,220,220,0
2021-11-19 13:21:00,220,220,220,220,0
2021-11-19 13:22:00,220,220,220,220,0
2021-11-19 13:23:00,220,220,220,220,0
2021-11-19 13:24:00,220,220,220,220,0
2021-11-19 13:25:00,220,220,220,220,0
2021-11-19 13:26:00,220,220,220,220,0
2021-11-19 13:27:00,220,220,220,220,0
2021-11-19 13:28:00,220,220,220,220,0
2021-11-19 13:29:00,220,220,220,220,0
2021-11-19 13:30:00,220,220,220,220,500
2021-11-19 13:31:00,220,220,220,220,0
2021-11-19 13:32:00,220,220,220,220,0
2021-11-19 13:33:00,220,220,220,220,0
2021-11-19 13:34:00,220,220,220,220,0
2021-11-19 13:35:00,220,220,220,220,0
2021-11-19 13:36:00,220,220,220,220,500
2021-11-19 13:37:00,220,220,220,220,0
2021-11-19 13:38:00,220,220,220,220,0
2021-11-19 13:39:00,220,220,220,220,0
2021-11-19 13:40:00,220,220,220,220,0
2021-11-19 13:41:00,220,220,220,220,0
2021-11-19 13:42:00,220,220,220,220,0
2021-11-19 13:43:00,220,220,220,220,0
2021-11-19 13:44:00,220,220,220,220,0
2021-11-19 13:45:00,220,220,220,220,0
2021-11-19 13:46:00,220,220,220,220,0
2021-11-19 13:47:00,220,220,220,220,0
2021-11-19 13:48:00,220,220,220,220,0
2021-11-19 13:49:00,220,220,220,220,0
2021-11-19 13:50:00,220,220,220,220,0
2021-11-19 13:51:00,220,220,220,220,0
2021-11-19 13:52:00,220,220,220,220,0
2021-11-19 13:53:00,220,220,220,220,0
2021-11-19 13:54:00,220,220,220,220,0
2021-11-19 13:55:00,220,220,220,220,0
2021-11-19 13:56:00,220,220,220,220,0
2021-11-19 13:57:00,220,220,220,220,0
2021-11-19 13:58:00,220,220,220,220,0
2021-11-19 13:59:00,220,220,220,220,0
2021-11-19 14:00:00,220,220,220,220,0
2021-11-19 14:01:00,220,220,220,220,0
2021-11-19 14:02:00,220,220,220,220,0
2021-11-19 14:03:00,220,220,220,220,0
2021-11-19 14:04:00,220,220,220,220,0
2021-11-19 14:05:00,220,220,220,220,0
2021-11-19 14:06:00,220,220,220,220,0
2021-11-19 14:07:00,220,220,220,220,0
2021-11-19 14:08:00,220,220,220,220,0
2021-11-19 14:09:00,220,220,220,220,0
2021-11-19 14:10:00,220,220,220,220,0
2021-11-19 14:11:00,220,220,220,220,0
2021-11-19 14:12:00,220,220,220,220,0
2021-11-19 14:13:00,220,220,220,220,0
2021-11-19 14:14:00,218,218,218,218,600
2021-11-19 14:15:00,218,218,218,218,0
2021-11-19 14:16:00,218,218,218,218,0
2021-11-19 14:17:00,218,218,218,218,0
2021-11-19 14:18:00,218,218,218,218,0
2021-11-19 14:19:00,218,218,218,218,0
2021-11-19 14:20:00,218,218,218,218,0
2021-11-19 14:21:00,218,218,218,218,0
2021-11-19 14:22:00,218,218,218,218,0
2021-11-19 14:23:00,218,218,218,218,0
2021-11-19 14:24:00,218,218,218,218,0
2021-11-19 14:25:00,218,218,218,218,0
2021-11-19 14:26:00,218,218,218,218,0
2021-11-19 14:27:00,218,218,218,218,0
2021-11-19 14:28:00,218,218,218,218,0
2021-11-19 14:29:00,218,218,218,218,0
2021-11-19 14:30:00,218,218,218,218,0
2021-11-19 14:31:00,218,218,218,218,0
2021-11-19 14:32:00,218,218,218,218,0
2021-11-19 14:33:00,218,218,218,218,0
2021-11-19 14:34:00,220,220,220,220,100
2021-11-19 14:35:00,220,220,220,220,0
2021-11-19 14:36:00,220,220,220,220,0
2021-11-19 14:37:00,220,220,220,220,0
2021-11-19 14:38:00,220,220,220,220,0
2021-11-19 14:39:00,220,220,220,220,0
2021-11-19 14:40:00,220,220,220,220,0
2021-11-19 14:41:00,220,220,220,220,0
2021-11-19 14:42:00,220,220,220,220,0
2021-11-19 14:43:00,220,220,220,220,0
2021-11-19 14:44:00,220,220,220,220,0
2021-11-19 14:45:00,220,220,220,220,0
2021-11-19 14:46:00,220,220,220,220,0
2021-11-19 14:47:00,218,218,218,218,1000
2021-11-19 14:48:00,218,218,218,218,0
2021-11-19 14:49:00,218,218,218,218,0
2021-11-19 14:50:00,218,218,218,218,0
2021-11-19 14:51:00,218,218,218,218,0
2021-11-19 14:52:00,218,218,218,218,0
2021-11-19 14:53:00,218,218,218,218,0
2021-11-19 14:54:00,218,218,218,218,0
2021-11-19 14:55:00,218,218,218,218,0
2021-11-19 14:56:00,218,218,218,218,0
2021-11-19 14:57:00,218,218,218,218,0
2021-11-19 14:58:00,218,218,218,218,0
2021-11-19 14:59:00,218,218,218,218,0
2021-11-19 15:00:00,218,218,218,218,300
2021-11-19 15:01:00,218,218,218,218,0
2021-11-19 15:02:00,218,218,218,218,0
2021-11-19 15:03:00,218,218,218,218,0
2021-11-19 15:04:00,218,218,218,218,0
2021-11-19 15:05:00,218,218,218,218,0
2021-11-19 15:06:00,218,218,218,218,0
2021-11-19 15:07:00,218,218,218,218,0
2021-11-19 15:08:00,218,218,218,218,0
2021-11-19 15:09:00,218,218,218,218,0
2021-11-19 15:10:00,218,218,218,218,0
2021-11-19 15:11:00,218,218,218,218,0
2021-11-19 15:12:00,218,218,218,218,0
2021-11-19 15:13:00,218,218,218,218,0
2021-11-19 15:14:00,218,218,218,218,0
2021-11-19 15:15:00,218,218,218,218,0
2021-11-19 15:16:00,218,218,218,218,0
2021-11-19 15:17:00,218,218,218,218,0
2021-11-19 15:18:00,218,218,218,218,0
2021-11-19 15:19:00,218,218,218,218,0
2021-11-19 15:20:00,218,218,218,218,0
2021-11-19 15:21:00,218,218,218,218,0
2021-11-19 15:22:00,218,218,218,218,0
2021-11-19 15:23:00,218,218,218,218,0
2021-11-19 15:24:00,218,218,218,218,0
2021-11-19 15:25:00,218,218,218,218,0
2021-11-19 15:26:00,218,218,218,218,0
2021-11-19 15:27:00,218,218,218,218,0
2021-11-19 15:28:00,218,218,218,218,0
2021-11-19 15:29:00,218,218,218,218,0
2021-11-19 15:30:00,218,218,218,218,0
2021-11-19 15:31:00,218,218,218,218,0
2021-11-19 15:32:00,218,218,218,218,0
2021-11-19 15:33:00,218,218,218,218,0
2021-11-19 15:34:00,218,218,218,218,0
2021-11-19 15:35:00,218,218,218,218,0
2021-11-19 15:36:00,218,218,218,218,0
2021-11-19 15:37:00,218,218,218,218,0
2021-11-19 15:38:00,218,218,218,218,0
2021-11-19 15:39:00,218,218,218,218,0
2021-11-19 15:40:00,218,218,218,218,0
2021-11-19 15:41:00,218,218,218,218,0
2021-11-19 15:42:00,218,218,218,218,0
2021-11-19 15:43:00,218,218,218,218,0
2021-11-19 15:44:00,218,218,218,218,0
2021-11-19 15:45:00,218,218,218,218,0
2021-11-19 15:46:00,218,218,218,218,0
2021-11-19 15:47:00,218,218,218,218,0
2021-11-19 15:48:00,218,218,218,218,0
2021-11-19 15:49:00,218,218,218,218,0
2021-11-19 15:50:00,218,218,218,218,0
2021-11-19 15:51:00,218,218,218,218,0
2021-11-19 15:52:00,218,218,218,218,0
2021-11-19 15:53:00,218,218,218,218,0
2021-11-19 15:54:00,218,218,218,218,0
2021-11-19 15:55:00,218,218,218,218,0
2021-11-19 15:56:00,218,218,218,218,0
2021-11-19 15:57:00,218,218,218,218,0
2021-11-19 15:58:00,218,218,218,218,0
2021-11-19 15:59:00,218,218,218,218,0
2021-11-22 09:00:00,218,218,218,218,0
2021-11-22 09:01:00,218,218,218,218,0
2021-11-22 09:02:00,218,218,218,218,0
2021-11-22 09:03:00,218,218,218,218,0
2021-11-22 09:04:00,218,218,218,218,0
2021-11-22 09:05:00,218,218,218,218,0
2021-11-22 09:06:00,218,218,218,218,0
2021-11-22 09:07:00,218,218,218,218,0
2021-11-22 09:08:00,218,218,218,218,0
2021-11-22 09:09:00,218,218,218,218,0
2021-11-22 09:10:00,218,218,218,218,0
2021-11-22 09:11:00,218,218,218,218,0
2021-11-22 09:12:00,218,218,218,218,0
2021-11-22 09:13:00,218,218,218,218,0
2021-11-22 09:14:00,218,218,218,218,0
2021-11-22 09:15:00,218,218,218,218,0
2021-11-22 09:16:00,218,218,218,218,0
2021-11-22 09:17:00,218,218,218,218,0
2021-11-22 09:18:00,218,218,218,218,0
2021-11-22 09:19:00,218,218,218,218,0
2021-11-22 09:20:00,218,218,218,218,0
2021-11-22 09:21:00,218,218,218,218,0
2021-11-22 09:22:00,218,218,218,218,0
2021-11-22 09:23:00,218,218,218,218,0
2021-11-22 09:24:00,218,218,218,218,0
2021-11-22 09:25:00,218,218,218,218,0
2021-11-22 09:26:00,218,218,218,218,0
2021-11-22 09:27:00,218,218,218,218,0
2021-11-22 09:28:00,218,218,218,218,0
2021-11-22 09:29:00,218,218,218,218,0
2021-11-22 09:30:00,218,218,218,218,0
2021-11-22 09:31:00,218,218,218,218,0
2021-11-22 09:32:00,218,218,218,218,0
2021-11-22 09:33:00,218,218,218,218,0
2021-11-22 09:34:00,218,218,218,218,0
2021-11-22 09:35:00,218,218,218,218,0
2021-11-22 09:36:00,218,218,218,218,0
2021-11-22 09:37:00,218,218,218,218,0
2021-11-22 09:38:00,218,218,218,218,0
2021-11-22 09:39:00,218,218,218,218,0
2021-11-22 09:40:00,218,218,218,218,0
2021-11-22 09:41:00,218,218,218,218,0
2021-11-22 09:42:00,218,218,218,218,0
2021-11-22 09:43:00,218,218,218,218,0
2021-11-22 09:44:00,218,218,218,218,0
2021-11-22 09:45:00,218,218,218,218,0
2021-11-22 09:46:00,218,218,218,218,0
2021-11-22 09:47:00,218,218,218,218,0
2021-11-22 09:48:00,218,218,218,218,0
2021-11-22 09:49:00,218,218,218,218,0
2021-11-22 09:50:00,218,218,218,218,0
2021-11-22 09:51:00,218,218,218,218,0
2021-11-22 09:52:00,218,218,218,218,0
2021-11-22 09:53:00,218,218,218,218,0
2021-11-22 09:54:00,218,218,218,218,0
2021-11-22 09:55:00,218,218,218,218,0
2021-11-22 09:56:00,218,218,218,218,0
2021-11-22 09:57:00,218,218,218,218,0
2021-11-22 09:58:00,218,218,218,218,0
2021-11-22 09:59:00,218,218,218,218,0
2021-11-22 10:00:00,218,218,218,218,0
2021-11-22 10:01:00,218,218,218,218,0
2021-11-22 10:02:00,218,218,218,218,0
2021-11-22 10:03:00,218,218,218,218,0
2021-11-22 10:04:00,218,218,218,218,0
2021-11-22 10:05:00,218,218,218,218,0
2021-11-22 10:06:00,218,218,218,218,0
2021-11-22 10:07:00,218,218,218,218,0
2021-11-22 10:08:00,218,218,218,218,0
2021-11-22 10:09:00,218,218,218,218,0
2021-11-22 10:10:00,218,218,218,218,0
2021-11-22 10:11:00,218,218,218,218,0
2021-11-22 10:12:00,218,218,218,218,0
2021-11-22 10:13:00,218,218,218,218,0
2021-11-22 10:14:00,218,218,218,218,0
2021-11-22 10:15:00,218,218,218,218,0
2021-11-22 10:16:00,218,218,218,218,0
2021-11-22 10:17:00,218,218,218,218,0
2021-11-22 10:18:00,218,218,218,218,0
2021-11-22 10:19:00,218,218,218,218,0
2021-11-22 10:20:00,218,218,218,218,0
2021-11-22 10:21:00,218,218,218,218,0
2021-11-22 10:22:00,218,218,218,218,0
2021-11-22 10:23:00,218,218,218,218,0
2021-11-22 10:24:00,218,218,218,218,0
2021-11-22 10:25:00,218,218,218,218,0
2021-11-22 10:26:00,218,218,218,218,0
2021-11-22 10:27:00,218,218,218,218,0
2021-11-22 10:28:00,218,218,218,218,0
2021-11-22 10:29:00,218,218,218,218,0
2021-11-22 10:30:00,218,218,218,218,0
2021-11-22 10:31:00,218,218,218,218,0
2021-11-22 10:32:00,218,218,218,218,0
2021-11-22 10:33:00,218,218,218,218,0
2021-11-22 10:34:00,218,218,218,218,0
2021-11-22 10:35:00,218,218,218,218,0
2021-11-22 10:36:00,218,218,218,218,0
2021-11-22 10:37:00,218,218,218,218,0
2021-11-22 10:38:00,218,218,218,218,0
2021-11-22 10:39:00,218,218,218,218,0
2021-11-22 10:40:00,218,218,218,218,0
2021-11-22 10:41:00,218,218,218,218,0
2021-11-22 10:42:00,218,218,218,218,0
2021-11-22 10:43:00,218,218,218,218,0
2021-11-22 10:44:00,218,218,218,218,0
2021-11-22 10:45:00,218,218,218,218,0
2021-11-22 10:46:00,218,218,218,218,0
2021-11-22 10:47:00,218,218,218,218,0
2021-11-22 10:48:00,218,218,218,218,0
2021-11-22 10:49:00,218,218,218,218,0
2021-11-22 10:50:00,218,218,218,218,0
2021-11-22 10:51:00,218,218,218,218,0
2021-11-22 10:52:00,218,218,218,218,0
2021-11-22 10:53:00,218,218,218,218,0
2021-11-22 10:54:00,218,218,218,218,0
2021-11-22 10:55:00,218,218,218,218,0
2021-11-22 10:56:00,218,218,218,218,0
2021-11-22 10:57:00,218,218,218,218,0
2021-11-22 10:58:00,218,218,218,218,0
2021-11-22 10:59:00,218,218,218,218,0
2021-11-22 11:00:00,218,218,218,218,0
2021-11-22 11:01:00,218,218,218,218,0
2021-11-22 11:02:00,218,218,218,218,0
2021-11-22 11:03:00,218,218,218,218,300
2021-11-22 11:04:00,218,218,218,218,0
2021-11-22 11:05:00,218,218,218,218,0
2021-11-22 11:06:00,218,218,218,218,0
2021-11-22 11:07:00,218,218,218,218,0
2021-11-22 11:08:00,218,218,218,218,0
2021-11-22 11:09:00,218,218,218,218,0
2021-11-22 11:10:00,218,218,218,218,0
2021-11-22 11:11:00,218,218,218,218,0
2021-11-22 11:12:00,218,218,218,218,0
2021-11-22 11:13:00,218,218,218,218,0
2021-11-22 11:14:00,218,218,218,218,0
2021-11-22 11:15:00,218,218,218,218,0
2021-11-22 11:16:00,218,218,218,218,0
2021-11-22 11:17:00,218,218,218,218,22400
2021-11-22 11:18:00,218,218,218,218,0
2021-11-22 11:19:00,218,218,218,218,0
2021-11-22 11:20:00,218,218,218,218,0
2021-11-22 11:21:00,218,218,218,218,0
2021-11-22 11:22:00,218,218,218,218,0
2021-11-22 11:23:00,218,218,218,218,0
2021-11-22 11:24:00,218,218,218,218,0
2021-11-22 11:25:00,218,218,218,218,0
2021-11-22 11:26:00,218,218,218,218,0
2021-11-22 11:27:00,218,218,218,218,0
2021-11-22 11:28:00,218,218,218,218,0
2021-11-22 11:29:00,218,218,218,218,0
2021-11-22 11:30:00,218,218,218,218,0
2021-11-22 11:31:00,218,218,218,218,0
2021-11-22 11:32:00,218,218,218,218,0
2021-11-22 11:33:00,218,218,218,218,0
2021-11-22 11:34:00,218,218,218,218,0
2021-11-22 11:35:00,218,218,218,218,0
2021-11-22 11:36:00,218,218,218,218,0
2021-11-22 11:37:00,218,218,218,218,0
2021-11-22 11:38:00,218,218,218,218,0
2021-11-22 11:39:00,218,218,218,218,0
2021-11-22 11:40:00,218,218,218,218,0
2021-11-22 11:41:00,218,218,218,218,0
2021-11-22 11:42:00,218,218,218,218,0
2021-11-22 11:43:00,218,218,218,218,0
2021-11-22 11:44:00,218,218,218,218,0
2021-11-22 11:45:00,218,218,218,218,0
2021-11-22 11:46:00,218,218,218,218,0
2021-11-22 11:47:00,218,218,218,218,0
2021-11-22 11:48:00,218,218,218,218,0
2021-11-22 11:49:00,218,218,218,218,0
2021-11-22 11:50:00,218,218,218,218,0
2021-11-22 11:51:00,218,218,218,218,0
2021-11-22 11:52:00,218,218,218,218,0
2021-11-22 11:53:00,218,218,218,218,0
2021-11-22 11:54:00,218,218,218,218,0
2021-11-22 11:55:00,218,218,218,218,0
2021-11-22 11:56:00,218,218,218,218,0
2021-11-22 11:57:00,218,218,218,218,0
2021-11-22 11:58:00,218,218,218,218,0
2021-11-22 11:59:00,218,218,218,218,0
2021-11-22 12:00:00,218,218,218,218,0
2021-11-22 12:01:00,218,218,218,218,0
2021-11-22 12:02:00,218,218,218,218,0
2021-11-22 12:03:00,218,218,218,218,0
2021-11-22 12:04:00,218,218,218,218,0
2021-11-22 12:05:00,218,218,218,218,0
2021-11-22 12:06:00,218,218,218,218,0
2021-11-22 12:07:00,218,218,218,218,0
2021-11-22 12:08:00,218,218,218,218,0
2021-11-22 12:09:00,218,218,218,218,0
2021-11-22 12:10:00,218,218,218,218,0
2021-11-22 12:11:00,218,218,218,218,0
2021-11-22 12:12:00,218,218,218,218,0
2021-11-22 12:13:00,218,218,218,218,0
2021-11-22 12:14:00,218,218,218,218,0
2021-11-22 12:15:00,218,218,218,218,0
2021-11-22 12:16:00,218,218,218,218,0
2021-11-22 12:17:00,218,218,218,218,0
2021-11-22 12:18:00,218,218,218,218,0
2021-11-22 12:19:00,218,218,218,218,0
2021-11-22 12:20:00,218,218,218,218,0
2021-11-22 12:21:00,218,218,218,218,0
2021-11-22 12:22:00,218,218,218,218,0
2021-11-22 12:23:00,218,218,218,218,0
2021-11-22 12:24:00,218,218,218,218,0
2021-11-22 12:25:00,218,218,218,218,0
2021-11-22 12:26:00,218,218,218,218,0
2021-11-22 12:27:00,218,218,218,218,0
2021-11-22 12:28:00,218,218,218,218,0
2021-11-22 12:29:00,218,218,218,218,0
2021-11-22 12:30:00,218,218,218,218,0
2021-11-22 12:31:00,218,218,218,218,0
2021-11-22 12:32:00,218,218,218,218,0
2021-11-22 12:33:00,218,218,218,218,0
2021-11-22 12:34:00,218,218,218,218,0
2021-11-22 12:35:00,218,218,218,218,0
2021-11-22 12:36:00,218,218,218,218,0
2021-11-22 12:37:00,218,218,218,218,0
2021-11-22 12:38:00,218,218,218,218,0
2021-11-22 12:39:00,218,218,218,218,0
2021-11-22 12:40:00,218,218,218,218,0
2021-11-22 12:41:00,218,218,218,218,0
2021-11-22 12:42:00,218,218,218,218,0
2021-11-22 12:43:00,218,218,218,218,0
2021-11-22 12:44:00,218,218,218,218,0
2021-11-22 12:45:00,218,218,218,218,0
2021-11-22 12:46:00,218,218,218,218,0
2021-11-22 12:47:00,218,218,218,218,0
2021-11-22 12:48:00,218,218,218,218,0
2021-11-22 12:49:00,218,218,218,218,0
2021-11-22 12:50:00,218,218,218,218,0
2021-11-22 12:51:00,218,218,218,218,0
2021-11-22 12:52:00,218,218,218,218,0
2021-11-22 12:53:00,218,218,218,218,0
2021-11-22 12:54:00,218,218,218,218,0
2021-11-22 12:55:00,218,218,218,218,0
2021-11-22 12:56:00,218,218,218,218,0
2021-11-22 12:57:00,218,218,218,218,0
2021-11-22 12:58:00,218,218,218,218,0
2021-11-22 12:59:00,218,218,218,218,0
2021-11-22 13:00:00,218,218,218,218,0
2021-11-22 13:01:00,218,218,218,218,0
2021-11-22 13:02:00,218,218,218,218,0
2021-11-22 13:03:00,218,218,218,218,0
2021-11-22 13:04:00,218,218,218,218,0
2021-11-22 13:05:00,218,218,218,218,0
2021-11-22 13:06:00,218,218,218,218,0
2021-11-22 13:07:00,218,218,218,218,0
2021-11-22 13:08:00,218,218,218,218,0
2021-11-22 13:09:00,218,218,218,218,0
2021-11-22 13:10:00,218,218,218,218,0
2021-11-22 13:11:00,218,218,218,218,0
2021-11-22 13:12:00,218,218,218,218,0
2021-11-22 13:13:00,218,218,218,218,0
2021-11-22 13:14:00,218,218,218,218,0
2021-11-22 13:15:00,218,218,218,218,0
2021-11-22 13:16:00,218,218,218,218,0
2021-11-22 13:17:00,218,218,218,218,0
2021-11-22 13:18:00,218,218,218,218,0
2021-11-22 13:19:00,218,218,218,218,0
2021-11-22 13:20:00,218,218,218,218,0
2021-11-22 13:21:00,218,218,218,218,0
2021-11-22 13:22:00,218,218,218,218,0
2021-11-22 13:23:00,218,218,218,218,0
2021-11-22 13:24:00,218,218,218,218,0
2021-11-22 13:25:00,218,218,218,218,0
2021-11-22 13:26:00,218,218,218,218,0
2021-11-22 13:27:00,218,218,218,218,0
2021-11-22 13:28:00,218,218,218,218,0
2021-11-22 13:29:00,218,218,218,218,0
2021-11-22 13:30:00,218,218,218,218,0
2021-11-22 13:31:00,218,218,218,218,0
2021-11-22 13:32:00,218,218,218,218,0
2021-11-22 13:33:00,218,218,218,218,0
2021-11-22 13:34:00,218,218,218,218,0
2021-11-22 13:35:00,218,218,218,218,0
2021-11-22 13:36:00,218,218,218,218,0
2021-11-22 13:37:00,218,218,218,218,0
2021-11-22 13:38:00,218,218,218,218,0
2021-11-22 13:39:00,218,218,218,218,0
2021-11-22 13:40:00,218,218,218,218,0
2021-11-22 13:41:00,218,218,218,218,0
2021-11-22 13:42:00,218,218,218,218,0
2021-11-22 13:43:00,218,218,218,218,0
2021-11-22 13:44:00,218,218,218,218,0
2021-11-22 13:45:00,218,218,218,218,0
2021-11-22 13:46:00,218,218,218,218,0
2021-11-22 13:47:00,218,218,218,218,0
2021-11-22 13:48:00,218,218,218,218,0
2021-11-22 13:49:00,218,218,218,218,0
2021-11-22 13:50:00,218,218,218,218,0
2021-11-22 13:51:00,218,218,218,218,0
2021-11-22 13:52:00,218,218,218,218,0
2021-11-22 13:53:00,218,218,218,218,0
2021-11-22 13:54:00,218,218,218,218,0
2021-11-22 13:55:00,218,218,218,218,0
2021-11-22 13:56:00,218,218,218,218,0
2021-11-22 13:57:00,218,218,218,218,0
2021-11-22 13:58:00,218,218,218,218,0
2021-11-22 13:59:00,218,218,218,218,0
2021-11-22 14:00:00,218,218,218,218,0
2021-11-22 14:01:00,218,218,218,218,0
2021-11-22 14:02:00,218,218,218,218,0
2021-11-22 14:03:00,218,218,218,218,0
2021-11-22 14:04:00,218,218,218,218,0
2021-11-22 14:05:00,218,218,218,218,0
2021-11-22 14:06:00,218,218,218,218,0
2021-11-22 14:07:00,218,218,218,218,0
2021-11-22 14:08:00,218,218,218,218,0
2021-11-22 14:09:00,218,218,218,218,0
2021-11-22 14:10:00,218,218,218,218,0
2021-11-22 14:11:00,218,218,218,218,0
2021-11-22 14:12:00,218,218,218,218,0
2021-11-22 14:13:00,218,218,218,218,0
2021-11-22 14:14:00,218,218,218,218,0
2021-11-22 14:15:00,218,218,218,218,0
2021-11-22 14:16:00,218,218,218,218,0
2021-11-22 14:17:00,218,218,218,218,0
2021-11-22 14:18:00,218,218,218,218,0
2021-11-22 14:19:00,218,218,218,218,0
2021-11-22 14:20:00,218,218,218,218,0
2021-11-22 14:21:00,218,218,218,218,0
2021-11-22 14:22:00,218,218,218,218,0
2021-11-22 14:23:00,216,216,216,216,100
2021-11-22 14:24:00,216,216,216,216,0
2021-11-22 14:25:00,216,216,216,216,0
2021-11-22 14:26:00,216,216,216,216,0
2021-11-22 14:27:00,216,216,216,216,0
2021-11-22 14:28:00,216,216,216,216,0
2021-11-22 14:29:00,216,216,216,216,0
2021-11-22 14:30:00,216,216,216,216,0
2021-11-22 14:31:00,216,216,216,216,0
2021-11-22 14:32:00,216,216,216,216,0
2021-11-22 14:33:00,216,216,216,216,0
2021-11-22 14:34:00,216,216,216,216,0
2021-11-22 14:35:00,216,216,216,216,0
2021-11-22 14:36:00,216,216,216,216,0
2021-11-22 14:37:00,216,216,216,216,0
2021-11-22 14:38:00,216,216,216,216,0
2021-11-22 14:39:00,216,216,216,216,0
2021-11-22 14:40:00,216,216,216,216,0
2021-11-22 14:41:00,216,216,216,216,0
2021-11-22 14:42:00,216,216,216,216,0
2021-11-22 14:43:00,216,216,216,216,0
2021-11-22 14:44:00,218,218,218,218,1000
2021-11-22 14:45:00,218,218,218,218,0
2021-11-22 14:46:00,218,218,218,218,0
2021-11-22 14:47:00,218,218,218,218,0
2021-11-22 14:48:00,220,220,220,220,1000
2021-11-22 14:49:00,226,226,262,262,36600
2021-11-22 14:50:00,226,226,262,262,0
2021-11-22 14:51:00,226,226,262,262,0
2021-11-22 14:52:00,226,226,262,262,0
2021-11-22 14:53:00,226,226,262,262,0
2021-11-22 14:54:00,226,226,262,262,0
2021-11-22 14:55:00,226,226,262,262,0
2021-11-22 14:56:00,226,226,262,262,0
2021-11-22 14:57:00,226,226,262,262,0
2021-11-22 14:58:00,226,226,262,262,0
2021-11-22 14:59:00,226,226,262,262,0
2021-11-22 15:00:00,254,254,254,254,13700
2021-11-22 15:01:00,254,254,254,254,0
2021-11-22 15:02:00,254,254,254,254,0
2021-11-22 15:03:00,254,254,254,254,0
2021-11-22 15:04:00,254,254,254,254,0
2021-11-22 15:05:00,254,254,254,254,98300
2021-11-22 15:06:00,254,254,254,254,1700
2021-11-22 15:07:00,254,254,254,254,0
2021-11-22 15:08:00,254,254,254,254,0
2021-11-22 15:09:00,254,254,254,254,6000
2021-11-22 15:10:00,254,254,254,254,0
2021-11-22 15:11:00,254,254,254,254,0
2021-11-22 15:12:00,254,254,254,254,400
2021-11-22 15:13:00,254,254,254,254,0
2021-11-22 15:14:00,254,254,254,254,0
2021-11-22 15:15:00,254,254,254,254,0
2021-11-22 15:16:00,254,254,254,254,0
2021-11-22 15:17:00,254,254,254,254,0
2021-11-22 15:18:00,254,254,254,254,0
2021-11-22 15:19:00,254,254,254,254,0
2021-11-22 15:20:00,254,254,254,254,0
2021-11-22 15:21:00,254,254,254,254,0
2021-11-22 15:22:00,254,254,254,254,0
2021-11-22 15:23:00,254,254,254,254,0
2021-11-22 15:24:00,254,254,254,254,0
2021-11-22 15:25:00,254,254,254,254,0
2021-11-22 15:26:00,254,254,254,254,0
2021-11-22 15:27:00,254,254,254,254,0
2021-11-22 15:28:00,254,254,254,254,0
2021-11-22 15:29:00,254,254,254,254,0
2021-11-22 15:30:00,254,254,254,254,0
2021-11-22 15:31:00,254,254,254,254,0
2021-11-22 15:32:00,254,254,254,254,0
2021-11-22 15:33:00,254,254,254,254,0
2021-11-22 15:34:00,254,254,254,254,0
2021-11-22 15:35:00,254,254,254,254,0
2021-11-22 15:36:00,254,254,254,254,0
2021-11-22 15:37:00,254,254,254,254,0
2021-11-22 15:38:00,254,254,254,254,0
2021-11-22 15:39:00,254,254,254,254,0
2021-11-22 15:40:00,254,254,254,254,0
2021-11-22 15:41:00,254,254,254,254,0
2021-11-22 15:42:00,254,254,254,254,0
2021-11-22 15:43:00,254,254,254,254,0
2021-11-22 15:44:00,254,254,254,254,0
2021-11-22 15:45:00,254,254,254,254,0
2021-11-22 15:46:00,254,254,254,254,0
2021-11-22 15:47:00,254,254,254,254,0
2021-11-22 15:48:00,254,254,254,254,0
2021-11-22 15:49:00,254,254,254,254,0
2021-11-22 15:50:00,254,254,254,254,0
2021-11-22 15:51:00,254,254,254,254,0
2021-11-22 15:52:00,254,254,254,254,0
2021-11-22 15:53:00,254,254,254,254,0
2021-11-22 15:54:00,254,254,254,254,0
2021-11-22 15:55:00,254,254,254,254,0
2021-11-22 15:56:00,254,254,254,254,0
2021-11-22 15:57:00,254,254,254,254,0
2021-11-22 15:58:00,254,254,254,254,0
2021-11-22 15:59:00,254,254,254,254,0
2021-11-23 09:00:00,256,254,258,258,0
2021-11-23 09:01:00,258,258,260,260,109500
2021-11-23 09:02:00,260,260,260,260,3900
2021-11-23 09:03:00,260,254,260,254,61100
2021-11-23 09:04:00,260,254,260,254,0
2021-11-23 09:05:00,260,254,260,254,0
2021-11-23 09:06:00,260,254,260,254,0
2021-11-23 09:07:00,260,254,260,254,0
2021-11-23 09:08:00,260,254,260,254,0
2021-11-23 09:09:00,260,254,260,254,0
2021-11-23 09:10:00,238,238,238,238,500
2021-11-23 09:11:00,238,238,238,238,0
2021-11-23 09:12:00,238,238,238,238,0
2021-11-23 09:13:00,238,238,238,238,0
2021-11-23 09:14:00,238,238,238,238,0
2021-11-23 09:15:00,238,238,238,238,15300
2021-11-23 09:16:00,238,238,238,238,100
2021-11-23 09:17:00,238,238,238,238,0
2021-11-23 09:18:00,238,238,238,238,0
2021-11-23 09:19:00,238,238,238,238,0
2021-11-23 09:20:00,240,238,240,238,300
2021-11-23 09:21:00,240,238,240,238,0
2021-11-23 09:22:00,238,238,238,238,200
2021-11-23 09:23:00,238,238,238,238,2100
2021-11-23 09:24:00,238,238,238,238,11100
2021-11-23 09:25:00,238,238,238,238,0
2021-11-23 09:26:00,238,238,238,238,0
2021-11-23 09:27:00,238,238,238,238,0
2021-11-23 09:28:00,238,238,238,238,0
2021-11-23 09:29:00,238,238,238,238,0
2021-11-23 09:30:00,238,238,238,238,0
2021-11-23 09:31:00,238,238,238,238,0
2021-11-23 09:32:00,238,238,238,238,0
2021-11-23 09:33:00,238,238,238,238,0
2021-11-23 09:34:00,238,238,238,238,0
2021-11-23 09:35:00,238,238,238,238,0
2021-11-23 09:36:00,238,238,238,238,0
2021-11-23 09:37:00,238,238,238,238,100
2021-11-23 09:38:00,238,238,238,238,0
2021-11-23 09:39:00,238,238,238,238,0
2021-11-23 09:40:00,238,238,238,238,0
2021-11-23 09:41:00,238,238,238,238,0
2021-11-23 09:42:00,238,238,238,238,0
2021-11-23 09:43:00,238,238,238,238,0
2021-11-23 09:44:00,238,238,238,238,100
2021-11-23 09:45:00,238,238,238,238,0
2021-11-23 09:46:00,238,238,238,238,0
2021-11-23 09:47:00,238,238,238,238,0
2021-11-23 09:48:00,238,238,238,238,0
2021-11-23 09:49:00,238,238,238,238,0
2021-11-23 09:50:00,238,238,238,238,0
2021-11-23 09:51:00,238,238,238,238,0
2021-11-23 09:52:00,238,238,238,238,0
2021-11-23 09:53:00,238,238,238,238,0
2021-11-23 09:54:00,238,238,238,238,0
2021-11-23 09:55:00,238,238,238,238,0
2021-11-23 09:56:00,238,238,238,238,0
2021-11-23 09:57:00,238,238,238,238,0
2021-11-23 09:58:00,238,238,238,238,1000
2021-11-23 09:59:00,238,238,238,238,0
2021-11-23 10:00:00,238,238,238,238,0
2021-11-23 10:01:00,238,238,238,238,0
2021-11-23 10:02:00,238,238,238,238,0
2021-11-23 10:03:00,238,238,238,238,100
2021-11-23 10:04:00,238,238,238,238,0
2021-11-23 10:05:00,238,238,238,238,0
2021-11-23 10:06:00,238,238,238,238,0
2021-11-23 10:07:00,238,238,238,238,0
2021-11-23 10:08:00,238,238,238,238,0
2021-11-23 10:09:00,238,238,238,238,100
2021-11-23 10:10:00,238,238,238,238,0
2021-11-23 10:11:00,238,238,238,238,0
2021-11-23 10:12:00,238,238,238,238,0
2021-11-23 10:13:00,238,238,238,238,0
2021-11-23 10:14:00,238,238,238,238,0
2021-11-23 10:15:00,238,238,238,238,0
2021-11-23 10:16:00,238,238,238,238,0
2021-11-23 10:17:00,238,238,238,238,0
2021-11-23 10:18:00,238,238,238,238,0
2021-11-23 10:19:00,238,238,238,238,0
2021-11-23 10:20:00,238,238,238,238,0
2021-11-23 10:21:00,238,238,238,238,0
2021-11-23 10:22:00,238,238,238,238,0
2021-11-23 10:23:00,238,238,238,238,0
2021-11-23 10:24:00,238,238,238,238,0
2021-11-23 10:25:00,238,238,238,238,2900
2021-11-23 10:26:00,238,238,238,238,0
2021-11-23 10:27:00,238,238,238,238,0
2021-11-23 10:28:00,238,238,238,238,0
2021-11-23 10:29:00,238,238,238,238,0
2021-11-23 10:30:00,238,238,238,238,0
2021-11-23 10:31:00,238,238,238,238,0
2021-11-23 10:32:00,238,238,238,238,0
2021-11-23 10:33:00,238,238,238,238,0
2021-11-23 10:34:00,238,238,238,238,0
2021-11-23 10:35:00,238,238,238,238,0
2021-11-23 10:36:00,238,238,238,238,0
2021-11-23 10:37:00,238,238,238,238,0
2021-11-23 10:38:00,238,238,238,238,0
2021-11-23 10:39:00,238,238,238,238,0
2021-11-23 10:40:00,238,238,238,238,0
2021-11-23 10:41:00,238,238,238,238,0
2021-11-23 10:42:00,238,238,238,238,0
2021-11-23 10:43:00,238,238,238,238,0
2021-11-23 10:44:00,238,238,238,238,0
2021-11-23 10:45:00,238,238,238,238,0
2021-11-23 10:46:00,238,238,238,238,0
2021-11-23 10:47:00,238,238,238,238,0
2021-11-23 10:48:00,238,238,238,238,200
2021-11-23 10:49:00,238,238,238,238,0
2021-11-23 10:50:00,238,238,238,238,2200
2021-11-23 10:51:00,238,238,238,238,0
2021-11-23 10:52:00,238,238,238,238,0
2021-11-23 10:53:00,238,238,238,238,0
2021-11-23 10:54:00,238,238,238,238,0
2021-11-23 10:55:00,238,238,238,238,0
2021-11-23 10:56:00,238,238,238,238,0
2021-11-23 10:57:00,238,238,238,238,0
2021-11-23 10:58:00,238,238,238,238,0
2021-11-23 10:59:00,238,238,238,238,0
2021-11-23 11:00:00,238,238,238,238,0
2021-11-23 11:01:00,238,238,238,238,0
2021-11-23 11:02:00,238,238,238,238,0
2021-11-23 11:03:00,238,238,238,238,0
2021-11-23 11:04:00,238,238,238,238,0
2021-11-23 11:05:00,238,238,238,238,0
2021-11-23 11:06:00,238,238,238,238,0
2021-11-23 11:07:00,238,238,238,238,0
2021-11-23 11:08:00,238,238,238,238,0
2021-11-23 11:09:00,238,238,238,238,0
2021-11-23 11:10:00,238,238,238,238,0
2021-11-23 11:11:00,238,238,238,238,0
2021-11-23 11:12:00,238,238,238,238,100
2021-11-23 11:13:00,238,238,238,238,0
2021-11-23 11:14:00,238,238,238,238,0
2021-11-23 11:15:00,238,238,238,238,0
2021-11-23 11:16:00,238,238,238,238,0
2021-11-23 11:17:00,238,238,238,238,0
2021-11-23 11:18:00,238,238,238,238,0
2021-11-23 11:19:00,238,238,238,238,0
2021-11-23 11:20:00,238,238,238,238,0
2021-11-23 11:21:00,238,238,238,238,0
2021-11-23 11:22:00,238,238,238,238,0
2021-11-23 11:23:00,238,238,238,238,0
2021-11-23 11:24:00,238,238,238,238,0
2021-11-23 11:25:00,238,238,238,238,0
2021-11-23 11:26:00,238,238,238,238,0
2021-11-23 11:27:00,238,238,238,238,0
2021-11-23 11:28:00,238,238,238,238,0
2021-11-23 11:29:00,238,238,238,238,0
2021-11-23 11:30:00,238,238,238,238,0
2021-11-23 11:31:00,238,238,238,238,0
2021-11-23 11:32:00,238,238,238,238,0
2021-11-23 11:33:00,238,238,238,238,0
2021-11-23 11:34:00,238,238,238,238,0
2021-11-23 11:35:00,238,238,238,238,0
2021-11-23 11:36:00,238,238,238,238,0
2021-11-23 11:37:00,238,238,238,238,0
2021-11-23 11:38:00,238,238,238,238,0
2021-11-23 11:39:00,238,238,238,238,0
2021-11-23 11:40:00,238,238,238,238,0
2021-11-23 11:41:00,238,238,238,238,0
2021-11-23 11:42:00,238,238,238,238,0
2021-11-23 11:43:00,238,238,238,238,0
2021-11-23 11:44:00,238,238,238,238,0
2021-11-23 11:45:00,238,238,238,238,0
2021-11-23 11:46:00,238,238,238,238,0
2021-11-23 11:47:00,238,238,238,238,0
2021-11-23 11:48:00,238,238,238,238,0
2021-11-23 11:49:00,238,238,238,238,0
2021-11-23 11:50:00,238,238,238,238,0
2021-11-23 11:51:00,238,238,238,238,0
2021-11-23 11:52:00,238,238,238,238,0
2021-11-23 11:53:00,238,238,238,238,0
2021-11-23 11:54:00,238,238,238,238,0
2021-11-23 11:55:00,238,238,238,238,0
2021-11-23 11:56:00,238,238,238,238,0
2021-11-23 11:57:00,238,238,238,238,0
2021-11-23 11:58:00,238,238,238,238,0
2021-11-23 11:59:00,238,238,238,238,0
2021-11-23 12:00:00,238,238,238,238,0
2021-11-23 12:01:00,238,238,238,238,0
2021-11-23 12:02:00,238,238,238,238,0
2021-11-23 12:03:00,238,238,238,238,0
2021-11-23 12:04:00,238,238,238,238,0
2021-11-23 12:05:00,238,238,238,238,0
2021-11-23 12:06:00,238,238,238,238,0
2021-11-23 12:07:00,238,238,238,238,0
2021-11-23 12:08:00,238,238,238,238,0
2021-11-23 12:09:00,238,238,238,238,0
2021-11-23 12:10:00,238,238,238,238,0
2021-11-23 12:11:00,238,238,238,238,0
2021-11-23 12:12:00,238,238,238,238,0
2021-11-23 12:13:00,238,238,238,238,0
2021-11-23 12:14:00,238,238,238,238,0
2021-11-23 12:15:00,238,238,238,238,0
2021-11-23 12:16:00,238,238,238,238,0
2021-11-23 12:17:00,238,238,238,238,0
2021-11-23 12:18:00,238,238,238,238,0
2021-11-23 12:19:00,238,238,238,238,0
2021-11-23 12:20:00,238,238,238,238,0
2021-11-23 12:21:00,238,238,238,238,0
2021-11-23 12:22:00,238,238,238,238,0
2021-11-23 12:23:00,238,238,238,238,0
2021-11-23 12:24:00,238,238,238,238,0
2021-11-23 12:25:00,238,238,238,238,0
2021-11-23 12:26:00,238,238,238,238,0
2021-11-23 12:27:00,238,238,238,238,0
2021-11-23 12:28:00,238,238,238,238,0
2021-11-23 12:29:00,238,238,238,238,0
2021-11-23 12:30:00,238,238,238,238,0
2021-11-23 12:31:00,238,238,238,238,0
2021-11-23 12:32:00,238,238,238,238,0
2021-11-23 12:33:00,238,238,238,238,0
2021-11-23 12:34:00,238,238,238,238,0
2021-11-23 12:35:00,238,238,238,238,0
2021-11-23 12:36:00,238,238,238,238,0
2021-11-23 12:37:00,238,238,238,238,0
2021-11-23 12:38:00,238,238,238,238,0
2021-11-23 12:39:00,238,238,238,238,0
2021-11-23 12:40:00,238,238,238,238,0
2021-11-23 12:41:00,238,238,238,238,0
2021-11-23 12:42:00,238,238,238,238,0
2021-11-23 12:43:00,238,238,238,238,0
2021-11-23 12:44:00,238,238,238,238,0
2021-11-23 12:45:00,238,238,238,238,0
2021-11-23 12:46:00,238,238,238,238,0
2021-11-23 12:47:00,238,238,238,238,0
2021-11-23 12:48:00,238,238,238,238,0
2021-11-23 12:49:00,238,238,238,238,0
2021-11-23 12:50:00,238,238,238,238,0
2021-11-23 12:51:00,238,238,238,238,0
2021-11-23 12:52:00,238,238,238,238,0
2021-11-23 12:53:00,238,238,238,238,0
2021-11-23 12:54:00,238,238,238,238,0
2021-11-23 12:55:00,238,238,238,238,0
2021-11-23 12:56:00,238,238,238,238,0
2021-11-23 12:57:00,238,238,238,238,0
2021-11-23 12:58:00,238,238,238,238,0
2021-11-23 12:59:00,238,238,238,238,0
2021-11-23 13:00:00,238,238,238,238,0
2021-11-23 13:01:00,238,238,238,238,0
2021-11-23 13:02:00,238,238,238,238,0
2021-11-23 13:03:00,238,238,238,238,0
2021-11-23 13:04:00,238,238,238,238,0
2021-11-23 13:05:00,238,238,238,238,0
2021-11-23 13:06:00,238,238,238,238,0
2021-11-23 13:07:00,238,238,238,238,0
2021-11-23 13:08:00,238,238,238,238,0
2021-11-23 13:09:00,238,238,238,238,0
2021-11-23 13:10:00,238,238,238,238,0
2021-11-23 13:11:00,238,238,238,238,0
2021-11-23 13:12:00,238,238,238,238,0
2021-11-23 13:13:00,238,238,238,238,0
2021-11-23 13:14:00,238,238,238,238,0
2021-11-23 13:15:00,238,238,238,238,0
2021-11-23 13:16:00,238,238,238,238,0
2021-11-23 13:17:00,238,238,238,238,0
2021-11-23 13:18:00,238,238,238,238,0
2021-11-23 13:19:00,238,238,238,238,0
2021-11-23 13:20:00,238,238,238,238,0
2021-11-23 13:21:00,238,238,238,238,0
2021-11-23 13:22:00,238,238,238,238,0
2021-11-23 13:23:00,238,238,238,238,0
2021-11-23 13:24:00,238,238,238,238,0
2021-11-23 13:25:00,238,238,238,238,0
2021-11-23 13:26:00,238,238,238,238,0
2021-11-23 13:27:00,238,238,238,238,0
2021-11-23 13:28:00,238,238,238,238,0
2021-11-23 13:29:00,238,238,238,238,0
2021-11-23 13:30:00,238,238,238,238,0
2021-11-23 13:31:00,238,238,238,238,0
2021-11-23 13:32:00,238,238,238,238,0
2021-11-23 13:33:00,238,238,238,238,0
2021-11-23 13:34:00,238,238,238,238,0
2021-11-23 13:35:00,238,238,238,238,0
2021-11-23 13:36:00,238,238,238,238,0
2021-11-23 13:37:00,238,238,238,238,0
2021-11-23 13:38:00,238,238,238,238,0
2021-11-23 13:39:00,238,238,238,238,0
2021-11-23 13:40:00,238,238,238,238,0
2021-11-23 13:41:00,238,238,238,238,0
2021-11-23 13:42:00,238,238,238,238,0
2021-11-23 13:43:00,238,238,238,238,0
2021-11-23 13:44:00,238,238,238,238,0
2021-11-23 13:45:00,238,238,238,238,0
2021-11-23 13:46:00,238,238,238,238,0
2021-11-23 13:47:00,238,238,238,238,0
2021-11-23 13:48:00,238,238,238,238,0
2021-11-23 13:49:00,238,238,238,238,0
2021-11-23 13:50:00,238,238,238,238,0
2021-11-23 13:51:00,238,238,238,238,0
2021-11-23 13:52:00,238,238,238,238,0
2021-11-23 13:53:00,238,238,238,238,0
2021-11-23 13:54:00,238,238,238,238,0
2021-11-23 13:55:00,238,238,238,238,0
2021-11-23 13:56:00,238,238,238,238,0
2021-11-23 13:57:00,238,238,238,238,0
2021-11-23 13:58:00,238,238,238,238,0
2021-11-23 13:59:00,238,238,238,238,0
2021-11-23 14:00:00,238,238,238,238,0
2021-11-23 14:01:00,238,238,238,238,0
2021-11-23 14:02:00,238,238,238,238,0
2021-11-23 14:03:00,238,238,238,238,0
2021-11-23 14:04:00,238,238,238,238,0
2021-11-23 14:05:00,238,238,238,238,0
2021-11-23 14:06:00,238,238,238,238,0
2021-11-23 14:07:00,238,238,238,238,0
2021-11-23 14:08:00,238,238,238,238,0
2021-11-23 14:09:00,238,238,238,238,0
2021-11-23 14:10:00,238,238,238,238,0
2021-11-23 14:11:00,238,238,238,238,0
2021-11-23 14:12:00,238,238,238,238,0
2021-11-23 14:13:00,238,238,238,238,0
2021-11-23 14:14:00,238,238,238,238,0
2021-11-23 14:15:00,238,238,238,238,0
2021-11-23 14:16:00,238,238,238,238,0
2021-11-23 14:17:00,238,238,238,238,0
2021-11-23 14:18:00,238,238,238,238,0
2021-11-23 14:19:00,238,238,238,238,0
2021-11-23 14:20:00,238,238,238,238,0
2021-11-23 14:21:00,238,238,238,238,0
2021-11-23 14:22:00,238,238,238,238,0
2021-11-23 14:23:00,238,238,238,238,0
2021-11-23 14:24:00,238,238,238,238,0
2021-11-23 14:25:00,238,238,238,238,0
2021-11-23 14:26:00,238,238,238,238,0
2021-11-23 14:27:00,238,238,238,238,0
2021-11-23 14:28:00,238,238,238,238,0
2021-11-23 14:29:00,238,238,238,238,0
2021-11-23 14:30:00,238,238,238,238,0
2021-11-23 14:31:00,238,238,238,238,0
2021-11-23 14:32:00,238,238,238,238,0
2021-11-23 14:33:00,238,238,238,238,0
2021-11-23 14:34:00,238,238,238,238,0
2021-11-23 14:35:00,238,238,238,238,0
2021-11-23 14:36:00,238,238,238,238,2300
2021-11-23 14:37:00,238,238,238,238,0
2021-11-23 14:38:00,238,238,238,238,0
2021-11-23 14:39:00,238,238,238,238,0
2021-11-23 14:40:00,238,238,238,238,0
2021-11-23 14:41:00,238,238,238,238,0
2021-11-23 14:42:00,238,238,238,238,0
2021-11-23 14:43:00,238,238,238,238,0
2021-11-23 14:44:00,238,238,238,238,0
2021-11-23 14:45:00,238,238,238,238,0
2021-11-23 14:46:00,238,238,238,238,0
2021-11-23 14:47:00,238,238,238,238,0
2021-11-23 14:48:00,238,238,238,238,0
2021-11-23 14:49:00,238,238,238,238,0
2021-11-23 14:50:00,238,238,238,238,0
2021-11-23 14:51:00,238,238,238,238,0
2021-11-23 14:52:00,238,238,238,238,0
2021-11-23 14:53:00,238,238,238,238,0
2021-11-23 14:54:00,238,238,238,238,0
2021-11-23 14:55:00,238,238,238,238,0
2021-11-23 14:56:00,238,238,238,238,0
2021-11-23 14:57:00,238,238,238,238,0
2021-11-23 14:58:00,238,238,238,238,0
2021-11-23 14:59:00,238,238,238,238,0
2021-11-23 15:00:00,238,238,238,238,0
2021-11-23 15:01:00,238,238,238,238,0
2021-11-23 15:02:00,238,238,238,238,0
2021-11-23 15:03:00,238,238,238,238,0
2021-11-23 15:04:00,238,238,238,238,0
2021-11-23 15:05:00,238,238,238,238,0
2021-11-23 15:06:00,238,238,238,238,0
2021-11-23 15:07:00,238,238,238,238,0
2021-11-23 15:08:00,238,238,238,238,0
2021-11-23 15:09:00,238,238,238,238,0
2021-11-23 15:10:00,238,238,238,238,0
2021-11-23 15:11:00,238,238,238,238,0
2021-11-23 15:12:00,238,238,238,238,0
2021-11-23 15:13:00,238,238,238,238,0
2021-11-23 15:14:00,238,238,238,238,0
2021-11-23 15:15:00,238,238,238,238,0
2021-11-23 15:16:00,238,238,238,238,0
2021-11-23 15:17:00,238,238,238,238,0
2021-11-23 15:18:00,238,238,238,238,0
2021-11-23 15:19:00,238,238,238,238,0
2021-11-23 15:20:00,238,238,238,238,0
2021-11-23 15:21:00,238,238,238,238,0
2021-11-23 15:22:00,238,238,238,238,0
2021-11-23 15:23:00,238,238,238,238,0
2021-11-23 15:24:00,238,238,238,238,0
2021-11-23 15:25:00,238,238,238,238,0
2021-11-23 15:26:00,238,238,238,238,0
2021-11-23 15:27:00,238,238,238,238,0
2021-11-23 15:28:00,238,238,238,238,0
2021-11-23 15:29:00,238,238,238,238,0
2021-11-23 15:30:00,238,238,238,238,0
2021-11-23 15:31:00,238,238,238,238,0
2021-11-23 15:32:00,238,238,238,238,0
2021-11-23 15:33:00,238,238,238,238,0
2021-11-23 15:34:00,238,238,238,238,0
2021-11-23 15:35:00,238,238,238,238,0
2021-11-23 15:36:00,238,238,238,238,0
2021-11-23 15:37:00,238,238,238,238,0
2021-11-23 15:38:00,238,238,238,238,0
2021-11-23 15:39:00,238,238,238,238,0
2021-11-23 15:40:00,238,238,238,238,0
2021-11-23 15:41:00,238,238,238,238,0
2021-11-23 15:42:00,238,238,238,238,0
2021-11-23 15:43:00,238,238,238,238,0
2021-11-23 15:44:00,238,238,238,238,0
2021-11-23 15:45:00,238,238,238,238,0
2021-11-23 15:46:00,238,238,238,238,0
2021-11-23 15:47:00,238,238,238,238,0
2021-11-23 15:48:00,238,238,238,238,0
2021-11-23 15:49:00,238,238,238,238,0
2021-11-23 15:50:00,238,238,238,238,0
2021-11-23 15:51:00,238,238,238,238,0
2021-11-23 15:52:00,238,238,238,238,0
2021-11-23 15:53:00,238,238,238,238,0
2021-11-23 15:54:00,238,238,238,238,0
2021-11-23 15:55:00,238,238,238,238,0
2021-11-23 15:56:00,238,238,238,238,0
2021-11-23 15:57:00,238,238,238,238,0
2021-11-23 15:58:00,238,238,238,238,0
2021-11-23 15:59:00,238,238,238,238,0
2021-11-24 09:00:00,238,238,238,238,0
2021-11-24 09:01:00,238,238,238,238,0
2021-11-24 09:02:00,238,238,238,238,0
2021-11-24 09:03:00,238,238,238,238,0
2021-11-24 09:04:00,224,222,224,222,20400
2021-11-24 09:05:00,222,222,222,222,2000
2021-11-24 09:06:00,222,222,222,222,0
2021-11-24 09:07:00,226,226,226,226,100
2021-11-24 09:08:00,226,226,226,226,0
2021-11-24 09:09:00,226,226,226,226,0
2021-11-24 09:10:00,226,226,226,226,0
2021-11-24 09:11:00,226,226,226,226,0
2021-11-24 09:12:00,226,226,226,226,0
2021-11-24 09:13:00,226,226,226,226,0
2021-11-24 09:14:00,226,226,226,226,0
2021-11-24 09:15:00,226,226,226,226,0
2021-11-24 09:16:00,226,226,226,226,0
2021-11-24 09:17:00,226,226,226,226,0
2021-11-24 09:18:00,226,226,226,226,0
2021-11-24 09:19:00,236,236,236,236,1400
2021-11-24 09:20:00,236,236,236,236,0
2021-11-24 09:21:00,236,236,236,236,0
2021-11-24 09:22:00,228,228,228,228,200
2021-11-24 09:23:00,228,228,228,228,0
2021-11-24 09:24:00,228,228,228,228,0
2021-11-24 09:25:00,226,226,226,226,200
2021-11-24 09:26:00,226,222,226,222,1800
2021-11-24 09:27:00,226,222,226,222,0
2021-11-24 09:28:00,226,222,226,222,0
2021-11-24 09:29:00,226,222,226,222,0
2021-11-24 09:30:00,226,222,226,222,0
2021-11-24 09:31:00,226,222,226,222,0
2021-11-24 09:32:00,226,222,226,222,0
2021-11-24 09:33:00,226,226,226,226,100
2021-11-24 09:34:00,226,226,226,226,0
2021-11-24 09:35:00,226,226,226,226,0
2021-11-24 09:36:00,226,226,226,226,0
2021-11-24 09:37:00,226,226,226,226,0
2021-11-24 09:38:00,226,226,226,226,0
2021-11-24 09:39:00,226,226,226,226,0
2021-11-24 09:40:00,226,226,226,226,0
2021-11-24 09:41:00,228,228,228,228,100
2021-11-24 09:42:00,228,228,228,228,0
2021-11-24 09:43:00,236,236,236,236,100
2021-11-24 09:44:00,236,236,236,236,0
2021-11-24 09:45:00,236,236,236,236,0
2021-11-24 09:46:00,236,236,236,236,0
2021-11-24 09:47:00,236,236,236,236,0
2021-11-24 09:48:00,236,236,236,236,0
2021-11-24 09:49:00,236,236,236,236,0
2021-11-24 09:50:00,236,236,236,236,0
2021-11-24 09:51:00,236,236,236,236,0
2021-11-24 09:52:00,236,236,236,236,0
2021-11-24 09:53:00,236,236,236,236,0
2021-11-24 09:54:00,236,236,236,236,0
2021-11-24 09:55:00,236,236,236,236,0
2021-11-24 09:56:00,236,236,236,236,0
2021-11-24 09:57:00,236,236,236,236,0
2021-11-24 09:58:00,236,236,236,236,0
2021-11-24 09:59:00,236,236,236,236,0
2021-11-24 10:00:00,236,236,236,236,0
2021-11-24 10:01:00,236,236,236,236,0
2021-11-24 10:02:00,236,236,236,236,0
2021-11-24 10:03:00,236,236,236,236,0
2021-11-24 10:04:00,236,236,236,236,0
2021-11-24 10:05:00,236,236,236,236,0
2021-11-24 10:06:00,236,236,236,236,0
2021-11-24 10:07:00,236,236,236,236,0
2021-11-24 10:08:00,236,236,236,236,0
2021-11-24 10:09:00,236,236,236,236,0
2021-11-24 10:10:00,236,236,236,236,0
2021-11-24 10:11:00,236,236,236,236,0
2021-11-24 10:12:00,236,236,236,236,0
2021-11-24 10:13:00,236,236,236,236,0
2021-11-24 10:14:00,236,236,236,236,0
2021-11-24 10:15:00,236,236,236,236,0
2021-11-24 10:16:00,236,236,236,236,0
2021-11-24 10:17:00,236,236,236,236,0
2021-11-24 10:18:00,236,236,236,236,0
2021-11-24 10:19:00,236,236,236,236,0
2021-11-24 10:20:00,236,236,236,236,0
2021-11-24 10:21:00,236,236,236,236,0
2021-11-24 10:22:00,236,236,236,236,0
2021-11-24 10:23:00,236,236,236,236,0
2021-11-24 10:24:00,236,236,236,236,0
2021-11-24 10:25:00,236,236,236,236,0
2021-11-24 10:26:00,236,236,236,236,0
2021-11-24 10:27:00,236,236,236,236,0
2021-11-24 10:28:00,236,236,236,236,0
2021-11-24 10:29:00,236,236,236,236,0
2021-11-24 10:30:00,236,236,236,236,0
2021-11-24 10:31:00,236,236,236,236,0
2021-11-24 10:32:00,236,236,236,236,0
2021-11-24 10:33:00,228,228,228,228,100
2021-11-24 10:34:00,226,226,226,226,8000
2021-11-24 10:35:00,226,226,226,226,0
2021-11-24 10:36:00,226,226,226,226,0
2021-11-24 10:37:00,226,226,226,226,0
2021-11-24 10:38:00,226,226,226,226,0
2021-11-24 10:39:00,226,226,226,226,0
2021-11-24 10:40:00,226,226,226,226,0
2021-11-24 10:41:00,226,226,226,226,0
2021-11-24 10:42:00,226,226,226,226,0
2021-11-24 10:43:00,226,226,226,226,0
2021-11-24 10:44:00,226,226,226,226,0
2021-11-24 10:45:00,226,226,226,226,0
2021-11-24 10:46:00,226,226,226,226,0
2021-11-24 10:47:00,226,226,226,226,0
2021-11-24 10:48:00,226,226,226,226,0
2021-11-24 10:49:00,226,226,226,226,0
2021-11-24 10:50:00,226,226,226,226,0
2021-11-24 10:51:00,226,226,226,226,0
2021-11-24 10:52:00,226,226,226,226,0
2021-11-24 10:53:00,226,226,226,226,0
2021-11-24 10:54:00,226,226,226,226,0
2021-11-24 10:55:00,226,226,226,226,0
2021-11-24 10:56:00,226,226,226,226,0
2021-11-24 10:57:00,226,226,226,226,0
2021-11-24 10:58:00,226,226,226,226,0
2021-11-24 10:59:00,226,226,226,226,0
2021-11-24 11:00:00,226,226,226,226,0
2021-11-24 11:01:00,226,226,226,226,100
2021-11-24 11:02:00,226,226,226,226,0
2021-11-24 11:03:00,226,226,226,226,0
2021-11-24 11:04:00,226,226,226,226,0
2021-11-24 11:05:00,226,226,226,226,0
2021-11-24 11:06:00,226,226,226,226,0
2021-11-24 11:07:00,226,226,226,226,0
2021-11-24 11:08:00,226,226,226,226,0
2021-11-24 11:09:00,226,226,226,226,0
2021-11-24 11:10:00,226,226,226,226,0
2021-11-24 11:11:00,226,226,226,226,0
2021-11-24 11:12:00,226,226,226,226,0
2021-11-24 11:13:00,226,226,226,226,0
2021-11-24 11:14:00,226,226,226,226,0
2021-11-24 11:15:00,226,226,226,226,0
2021-11-24 11:16:00,226,226,226,226,0
2021-11-24 11:17:00,226,226,226,226,0
2021-11-24 11:18:00,226,226,226,226,0
2021-11-24 11:19:00,226,226,226,226,0
2021-11-24 11:20:00,226,226,226,226,0
2021-11-24 11:21:00,226,226,226,226,0
2021-11-24 11:22:00,226,226,226,226,0
2021-11-24 11:23:00,226,226,226,226,0
2021-11-24 11:24:00,226,226,226,226,0
2021-11-24 11:25:00,226,226,226,226,0
2021-11-24 11:26:00,226,226,226,226,0
2021-11-24 11:27:00,226,226,226,226,0
2021-11-24 11:28:00,226,226,226,226,0
2021-11-24 11:29:00,226,226,226,226,0
2021-11-24 11:30:00,226,226,226,226,0
2021-11-24 11:31:00,226,226,226,226,0
2021-11-24 11:32:00,226,226,226,226,0
2021-11-24 11:33:00,226,226,226,226,0
2021-11-24 11:34:00,226,226,226,226,0
2021-11-24 11:35:00,226,226,226,226,0
2021-11-24 11:36:00,226,226,226,226,0
2021-11-24 11:37:00,226,226,226,226,0
2021-11-24 11:38:00,226,226,226,226,0
2021-11-24 11:39:00,226,226,226,226,0
2021-11-24 11:40:00,226,226,226,226,0
2021-11-24 11:41:00,226,226,226,226,0
2021-11-24 11:42:00,226,226,226,226,0
2021-11-24 11:43:00,226,226,226,226,0
2021-11-24 11:44:00,226,226,226,226,0
2021-11-24 11:45:00,226,226,226,226,0
2021-11-24 11:46:00,226,226,226,226,0
2021-11-24 11:47:00,226,226,226,226,0
2021-11-24 11:48:00,226,226,226,226,0
2021-11-24 11:49:00,226,226,226,226,0
2021-11-24 11:50:00,226,226,226,226,0
2021-11-24 11:51:00,226,226,226,226,0
2021-11-24 11:52:00,226,226,226,226,0
2021-11-24 11:53:00,226,226,226,226,0
2021-11-24 11:54:00,226,226,226,226,0
2021-11-24 11:55:00,226,226,226,226,0
2021-11-24 11:56:00,226,226,226,226,0
2021-11-24 11:57:00,226,226,226,226,0
2021-11-24 11:58:00,226,226,226,226,0
2021-11-24 11:59:00,226,226,226,226,0
2021-11-24 12:00:00,226,226,226,226,0
2021-11-24 12:01:00,226,226,226,226,0
2021-11-24 12:02:00,226,226,226,226,0
2021-11-24 12:03:00,226,226,226,226,0
2021-11-24 12:04:00,226,226,226,226,0
2021-11-24 12:05:00,226,226,226,226,0
2021-11-24 12:06:00,226,226,226,226,0
2021-11-24 12:07:00,226,226,226,226,0
2021-11-24 12:08:00,226,226,226,226,0
2021-11-24 12:09:00,226,226,226,226,0
2021-11-24 12:10:00,226,226,226,226,0
2021-11-24 12:11:00,226,226,226,226,0
2021-11-24 12:12:00,226,226,226,226,0
2021-11-24 12:13:00,226,226,226,226,0
2021-11-24 12:14:00,226,226,226,226,0
2021-11-24 12:15:00,226,226,226,226,0
2021-11-24 12:16:00,226,226,226,226,0
2021-11-24 12:17:00,226,226,226,226,0
2021-11-24 12:18:00,226,226,226,226,0
2021-11-24 12:19:00,226,226,226,226,0
2021-11-24 12:20:00,226,226,226,226,0
2021-11-24 12:21:00,226,226,226,226,0
2021-11-24 12:22:00,226,226,226,226,0
2021-11-24 12:23:00,226,226,226,226,0
2021-11-24 12:24:00,226,226,226,226,0
2021-11-24 12:25:00,226,226,226,226,0
2021-11-24 12:26:00,226,226,226,226,0
2021-11-24 12:27:00,226,226,226,226,0
2021-11-24 12:28:00,226,226,226,226,0
2021-11-24 12:29:00,226,226,226,226,0
2021-11-24 12:30:00,226,226,226,226,0
2021-11-24 12:31:00,226,226,226,226,0
2021-11-24 12:32:00,226,226,226,226,0
2021-11-24 12:33:00,226,226,226,226,0
2021-11-24 12:34:00,226,226,226,226,0
2021-11-24 12:35:00,226,226,226,226,0
2021-11-24 12:36:00,226,226,226,226,0
2021-11-24 12:37:00,226,226,226,226,0
2021-11-24 12:38:00,226,226,226,226,0
2021-11-24 12:39:00,226,226,226,226,0
2021-11-24 12:40:00,226,226,226,226,0
2021-11-24 12:41:00,226,226,226,226,0
2021-11-24 12:42:00,226,226,226,226,0
2021-11-24 12:43:00,226,226,226,226,0
2021-11-24 12:44:00,226,226,226,226,0
2021-11-24 12:45:00,226,226,226,226,0
2021-11-24 12:46:00,226,226,226,226,0
2021-11-24 12:47:00,226,226,226,226,0
2021-11-24 12:48:00,226,226,226,226,0
2021-11-24 12:49:00,226,226,226,226,0
2021-11-24 12:50:00,226,226,226,226,0
2021-11-24 12:51:00,226,226,226,226,0
2021-11-24 12:52:00,226,226,226,226,0
2021-11-24 12:53:00,226,226,226,226,0
2021-11-24 12:54:00,226,226,226,226,0
2021-11-24 12:55:00,226,226,226,226,0
2021-11-24 12:56:00,226,226,226,226,0
2021-11-24 12:57:00,226,226,226,226,0
2021-11-24 12:58:00,226,226,226,226,0
2021-11-24 12:59:00,226,226,226,226,0
2021-11-24 13:00:00,226,226,226,226,0
2021-11-24 13:01:00,226,226,226,226,0
2021-11-24 13:02:00,226,226,226,226,0
2021-11-24 13:03:00,226,226,226,226,0
2021-11-24 13:04:00,226,226,226,226,0
2021-11-24 13:05:00,226,226,226,226,0
2021-11-24 13:06:00,226,226,226,226,0
2021-11-24 13:07:00,226,226,226,226,0
2021-11-24 13:08:00,226,226,226,226,0
2021-11-24 13:09:00,226,226,226,226,0
2021-11-24 13:10:00,226,226,226,226,0
2021-11-24 13:11:00,226,226,226,226,0
2021-11-24 13:12:00,226,226,226,226,0
2021-11-24 13:13:00,226,226,226,226,0
2021-11-24 13:14:00,226,226,226,226,0
2021-11-24 13:15:00,226,226,226,226,0
2021-11-24 13:16:00,226,226,226,226,0
2021-11-24 13:17:00,226,226,226,226,0
2021-11-24 13:18:00,226,226,226,226,0
2021-11-24 13:19:00,226,226,226,226,0
2021-11-24 13:20:00,226,226,226,226,0
2021-11-24 13:21:00,226,226,226,226,0
2021-11-24 13:22:00,226,226,226,226,0
2021-11-24 13:23:00,226,226,226,226,0
2021-11-24 13:24:00,226,226,226,226,0
2021-11-24 13:25:00,226,226,226,226,0
2021-11-24 13:26:00,226,226,226,226,0
2021-11-24 13:27:00,226,226,226,226,0
2021-11-24 13:28:00,226,226,226,226,0
2021-11-24 13:29:00,226,226,226,226,0
2021-11-24 13:30:00,226,226,226,226,0
2021-11-24 13:31:00,226,226,226,226,0
2021-11-24 13:32:00,226,226,226,226,400
2021-11-24 13:33:00,226,226,226,226,0
2021-11-24 13:34:00,226,226,226,226,0
2021-11-24 13:35:00,226,226,226,226,0
2021-11-24 13:36:00,226,226,226,226,1000
2021-11-24 13:37:00,226,226,226,226,0
2021-11-24 13:38:00,226,226,226,226,0
2021-11-24 13:39:00,226,226,226,226,0
2021-11-24 13:40:00,226,226,226,226,0
2021-11-24 13:41:00,226,226,226,226,0
2021-11-24 13:42:00,226,226,226,226,0
2021-11-24 13:43:00,232,232,232,232,100
2021-11-24 13:44:00,232,232,232,232,100
2021-11-24 13:45:00,232,232,232,232,0
2021-11-24 13:46:00,232,232,232,232,0
2021-11-24 13:47:00,232,232,232,232,0
2021-11-24 13:48:00,232,232,232,232,0
2021-11-24 13:49:00,232,232,232,232,0
2021-11-24 13:50:00,232,232,232,232,0
2021-11-24 13:51:00,222,222,222,222,14500
2021-11-24 13:52:00,222,222,222,222,0
2021-11-24 13:53:00,222,222,222,222,0
2021-11-24 13:54:00,222,222,222,222,0
2021-11-24 13:55:00,222,222,222,222,0
2021-11-24 13:56:00,222,222,222,222,0
2021-11-24 13:57:00,222,222,222,222,0
2021-11-24 13:58:00,222,222,222,222,0
2021-11-24 13:59:00,222,222,222,222,0
2021-11-24 14:00:00,222,222,222,222,0
2021-11-24 14:01:00,222,222,222,222,0
2021-11-24 14:02:00,222,222,222,222,0
2021-11-24 14:03:00,222,222,222,222,0
2021-11-24 14:04:00,222,222,222,222,0
2021-11-24 14:05:00,222,222,222,222,0
2021-11-24 14:06:00,222,222,222,222,0
2021-11-24 14:07:00,222,222,222,222,0
2021-11-24 14:08:00,224,224,224,224,100
2021-11-24 14:09:00,224,224,224,224,0
2021-11-24 14:10:00,224,224,224,224,0
2021-11-24 14:11:00,224,224,224,224,0
2021-11-24 14:12:00,224,224,224,224,0
2021-11-24 14:13:00,224,224,224,224,0
2021-11-24 14:14:00,224,224,224,224,0
2021-11-24 14:15:00,226,226,226,226,1000
2021-11-24 14:16:00,226,226,226,226,0
2021-11-24 14:17:00,226,226,226,226,0
2021-11-24 14:18:00,226,226,226,226,0
2021-11-24 14:19:00,226,226,226,226,0
2021-11-24 14:20:00,226,226,226,226,0
2021-11-24 14:21:00,226,226,226,226,0
2021-11-24 14:22:00,226,226,226,226,0
2021-11-24 14:23:00,226,226,226,226,0
2021-11-24 14:24:00,226,226,226,226,0
2021-11-24 14:25:00,226,226,226,226,0
2021-11-24 14:26:00,232,226,232,226,600
2021-11-24 14:27:00,232,226,232,226,0
2021-11-24 14:28:00,232,226,232,226,0
2021-11-24 14:29:00,228,228,228,228,100
2021-11-24 14:30:00,228,228,228,228,0
2021-11-24 14:31:00,228,228,228,228,0
2021-11-24 14:32:00,228,228,228,228,0
2021-11-24 14:33:00,228,228,228,228,0
2021-11-24 14:34:00,228,228,228,228,0
2021-11-24 14:35:00,228,228,228,228,0
2021-11-24 14:36:00,228,228,228,228,0
2021-11-24 14:37:00,228,228,228,228,0
2021-11-24 14:38:00,228,228,228,228,0
2021-11-24 14:39:00,228,228,228,228,0
2021-11-24 14:40:00,228,228,228,228,0
2021-11-24 14:41:00,228,228,228,228,0
2021-11-24 14:42:00,228,228,228,228,0
2021-11-24 14:43:00,228,228,228,228,0
2021-11-24 14:44:00,228,228,228,228,0
2021-11-24 14:45:00,228,228,228,228,0
2021-11-24 14:46:00,228,228,228,228,0
2021-11-24 14:47:00,228,228,228,228,0
2021-11-24 14:48:00,228,228,228,228,0
2021-11-24 14:49:00,228,228,228,228,0
2021-11-24 14:50:00,228,228,228,228,0
2021-11-24 14:51:00,228,228,228,228,0
2021-11-24 14:52:00,228,228,228,228,0
2021-11-24 14:53:00,228,228,228,228,0
2021-11-24 14:54:00,228,228,228,228,0
2021-11-24 14:55:00,228,228,228,228,0
2021-11-24 14:56:00,228,228,228,228,0
2021-11-24 14:57:00,228,228,228,228,0
2021-11-24 14:58:00,228,228,228,228,0
2021-11-24 14:59:00,228,228,228,228,0
2021-11-24 15:00:00,222,222,222,222,15400
2021-11-24 15:01:00,222,222,222,222,0
2021-11-24 15:02:00,222,222,222,222,0
2021-11-24 15:03:00,222,222,222,222,0
2021-11-24 15:04:00,222,222,222,222,0
2021-11-24 15:05:00,222,222,222,222,0
2021-11-24 15:06:00,222,222,222,222,100
2021-11-24 15:07:00,222,222,222,222,0
2021-11-24 15:08:00,222,222,222,222,0
2021-11-24 15:09:00,222,222,222,222,0
2021-11-24 15:10:00,222,222,222,222,0
2021-11-24 15:11:00,222,222,222,222,0
2021-11-24 15:12:00,222,222,222,222,1000
2021-11-24 15:13:00,222,222,222,222,0
2021-11-24 15:14:00,222,222,222,222,0
2021-11-24 15:15:00,222,222,222,222,0
2021-11-24 15:16:00,222,222,222,222,0
2021-11-24 15:17:00,222,222,222,222,0
2021-11-24 15:18:00,222,222,222,222,0
2021-11-24 15:19:00,222,222,222,222,0
2021-11-24 15:20:00,222,222,222,222,0
2021-11-24 15:21:00,222,222,222,222,0
2021-11-24 15:22:00,222,222,222,222,0
2021-11-24 15:23:00,222,222,222,222,0
2021-11-24 15:24:00,222,222,222,222,0
2021-11-24 15:25:00,222,222,222,222,0
2021-11-24 15:26:00,222,222,222,222,0
2021-11-24 15:27:00,222,222,222,222,0
2021-11-24 15:28:00,222,222,222,222,0
2021-11-24 15:29:00,222,222,222,222,0
2021-11-24 15:30:00,222,222,222,222,0
2021-11-24 15:31:00,222,222,222,222,0
2021-11-24 15:32:00,222,222,222,222,0
2021-11-24 15:33:00,222,222,222,222,0
2021-11-24 15:34:00,222,222,222,222,0
2021-11-24 15:35:00,222,222,222,222,0
2021-11-24 15:36:00,222,222,222,222,0
2021-11-24 15:37:00,222,222,222,222,0
2021-11-24 15:38:00,222,222,222,222,0
2021-11-24 15:39:00,222,222,222,222,0
2021-11-24 15:40:00,222,222,222,222,0
2021-11-24 15:41:00,222,222,222,222,0
2021-11-24 15:42:00,222,222,222,222,0
2021-11-24 15:43:00,222,222,222,222,0
2021-11-24 15:44:00,222,222,222,222,0
2021-11-24 15:45:00,222,222,222,222,0
2021-11-24 15:46:00,222,222,222,222,0
2021-11-24 15:47:00,222,222,222,222,0
2021-11-24 15:48:00,222,222,222,222,0
2021-11-24 15:49:00,222,222,222,222,0
2021-11-24 15:50:00,222,222,222,222,0
2021-11-24 15:51:00,222,222,222,222,0
2021-11-24 15:52:00,222,222,222,222,0
2021-11-24 15:53:00,222,222,222,222,0
2021-11-24 15:54:00,222,222,222,222,0
2021-11-24 15:55:00,222,222,222,222,0
2021-11-24 15:56:00,222,222,222,222,0
2021-11-24 15:57:00,222,222,222,222,0
2021-11-24 15:58:00,222,222,222,222,0
2021-11-24 15:59:00,222,222,222,222,0
2021-11-25 09:00:00,222,222,222,222,0
2021-11-25 09:01:00,222,222,222,222,0
2021-11-25 09:02:00,222,222,222,222,0
2021-11-25 09:03:00,222,222,222,222,0
2021-11-25 09:04:00,222,222,222,222,0
2021-11-25 09:05:00,222,222,222,222,0
2021-11-25 09:06:00,222,222,222,222,0
2021-11-25 09:07:00,222,222,222,222,0
2021-11-25 09:08:00,222,222,222,222,0
2021-11-25 09:09:00,222,222,222,222,3200
2021-11-25 09:10:00,222,222,222,222,0
2021-11-25 09:11:00,222,222,222,222,0
2021-11-25 09:12:00,222,222,222,222,0
2021-11-25 09:13:00,222,222,222,222,0
2021-11-25 09:14:00,222,222,222,222,0
2021-11-25 09:15:00,222,222,222,222,0
2021-11-25 09:16:00,222,222,222,222,0
2021-11-25 09:17:00,222,222,222,222,0
2021-11-25 09:18:00,222,222,222,222,0
2021-11-25 09:19:00,222,222,222,222,0
2021-11-25 09:20:00,222,222,222,222,0
2021-11-25 09:21:00,222,222,222,222,0
2021-11-25 09:22:00,222,222,222,222,100
2021-11-25 09:23:00,222,222,222,222,0
2021-11-25 09:24:00,222,222,222,222,0
2021-11-25 09:25:00,222,222,222,222,0
2021-11-25 09:26:00,222,222,222,222,0
2021-11-25 09:27:00,222,222,222,222,0
2021-11-25 09:28:00,222,222,222,222,0
2021-11-25 09:29:00,222,222,222,222,0
2021-11-25 09:30:00,222,222,222,222,0
2021-11-25 09:31:00,222,222,222,222,0
2021-11-25 09:32:00,222,222,222,222,0
2021-11-25 09:33:00,222,222,222,222,0
2021-11-25 09:34:00,222,222,222,222,0
2021-11-25 09:35:00,222,222,222,222,0
2021-11-25 09:36:00,222,222,222,222,0
2021-11-25 09:37:00,222,222,222,222,0
2021-11-25 09:38:00,222,222,222,222,0
2021-11-25 09:39:00,222,222,222,222,0
2021-11-25 09:40:00,222,222,222,222,0
2021-11-25 09:41:00,222,222,222,222,0
2021-11-25 09:42:00,222,222,222,222,0
2021-11-25 09:43:00,222,222,222,222,0
2021-11-25 09:44:00,228,228,228,228,200
2021-11-25 09:45:00,228,228,228,228,0
2021-11-25 09:46:00,230,224,238,224,900
2021-11-25 09:47:00,230,224,238,224,0
2021-11-25 09:48:00,230,224,238,224,0
2021-11-25 09:49:00,230,224,238,224,0
2021-11-25 09:50:00,230,224,238,224,0
2021-11-25 09:51:00,228,224,228,224,8200
2021-11-25 09:52:00,228,224,228,224,0
2021-11-25 09:53:00,228,224,228,224,0
2021-11-25 09:54:00,240,240,240,240,100
2021-11-25 09:55:00,240,240,240,240,100
2021-11-25 09:56:00,242,242,242,242,1000
2021-11-25 09:57:00,242,242,246,244,14900
2021-11-25 09:58:00,244,244,260,260,2800
2021-11-25 09:59:00,264,264,264,264,8300
2021-11-25 10:00:00,262,260,262,262,8600
2021-11-25 10:01:00,264,262,264,262,20700
2021-11-25 10:02:00,262,260,262,260,9500
2021-11-25 10:03:00,262,262,270,270,40600
2021-11-25 10:04:00,272,272,274,274,7700
2021-11-25 10:05:00,276,270,276,270,15000
2021-11-25 10:06:00,272,272,272,272,8800
2021-11-25 10:07:00,272,272,272,272,2400
2021-11-25 10:08:00,272,272,272,272,6500
2021-11-25 10:09:00,274,274,274,274,5600
2021-11-25 10:10:00,274,274,276,276,6900
2021-11-25 10:11:00,276,276,276,276,1000
2021-11-25 10:12:00,276,274,276,274,37300
2021-11-25 10:13:00,274,274,274,274,500
2021-11-25 10:14:00,274,274,274,274,4000
2021-11-25 10:15:00,274,274,274,274,9200
2021-11-25 10:16:00,274,274,274,274,0
2021-11-25 10:17:00,274,274,274,274,200
2021-11-25 10:18:00,274,274,274,274,1100
2021-11-25 10:19:00,270,270,270,270,21200
2021-11-25 10:20:00,270,270,270,270,2100
2021-11-25 10:21:00,270,270,270,270,4900
2021-11-25 10:22:00,270,270,270,270,2200
2021-11-25 10:23:00,272,270,272,270,3200
2021-11-25 10:24:00,272,272,272,272,700
2021-11-25 10:25:00,272,272,272,272,300
2021-11-25 10:26:00,272,272,272,272,0
2021-11-25 10:27:00,272,272,272,272,4400
2021-11-25 10:28:00,272,272,272,272,0
2021-11-25 10:29:00,272,272,272,272,0
2021-11-25 10:30:00,272,272,272,272,100
2021-11-25 10:31:00,272,272,272,272,100
2021-11-25 10:32:00,272,272,272,272,0
2021-11-25 10:33:00,260,260,272,272,8600
2021-11-25 10:34:00,272,272,272,272,1600
2021-11-25 10:35:00,272,272,272,272,7400
2021-11-25 10:36:00,260,260,260,260,100
2021-11-25 10:37:00,260,260,260,260,6300
2021-11-25 10:38:00,260,260,260,260,0
2021-11-25 10:39:00,260,260,260,260,0
2021-11-25 10:40:00,260,260,260,260,0
2021-11-25 10:41:00,272,272,272,272,100
2021-11-25 10:42:00,272,272,272,272,0
2021-11-25 10:43:00,272,272,272,272,0
2021-11-25 10:44:00,272,272,272,272,0
2021-11-25 10:45:00,272,272,272,272,100
2021-11-25 10:46:00,272,272,272,272,800
2021-11-25 10:47:00,272,272,272,272,0
2021-11-25 10:48:00,272,272,272,272,0
2021-11-25 10:49:00,272,272,272,272,0
2021-11-25 10:50:00,272,272,272,272,0
2021-11-25 10:51:00,272,272,272,272,0
2021-11-25 10:52:00,272,272,272,272,0
2021-11-25 10:53:00,272,272,272,272,0
2021-11-25 10:54:00,270,270,270,270,1000
2021-11-25 10:55:00,270,270,270,270,0
2021-11-25 10:56:00,270,270,270,270,100
2021-11-25 10:57:00,270,270,270,270,500
2021-11-25 10:58:00,270,270,270,270,0
2021-11-25 10:59:00,270,270,270,270,100
2021-11-25 11:00:00,270,270,270,270,100
2021-11-25 11:01:00,270,270,270,270,1300
2021-11-25 11:02:00,270,270,270,270,0
2021-11-25 11:03:00,270,270,270,270,100
2021-11-25 11:04:00,270,270,270,270,10700
2021-11-25 11:05:00,272,272,272,272,16000
2021-11-25 11:06:00,274,274,274,274,300
2021-11-25 11:07:00,274,274,274,274,0
2021-11-25 11:08:00,274,274,274,274,0
2021-11-25 11:09:00,274,274,274,274,30500
2021-11-25 11:10:00,274,274,274,274,10300
2021-11-25 11:11:00,274,274,274,274,0
2021-11-25 11:12:00,274,274,274,274,0
2021-11-25 11:13:00,274,274,274,274,0
2021-11-25 11:14:00,274,274,274,274,0
2021-11-25 11:15:00,274,274,274,274,0
2021-11-25 11:16:00,274,274,274,274,400
2021-11-25 11:17:00,274,274,274,274,0
2021-11-25 11:18:00,272,272,272,272,100
2021-11-25 11:19:00,272,272,272,272,7400
2021-11-25 11:20:00,272,272,272,272,0
2021-11-25 11:21:00,272,272,272,272,0
2021-11-25 11:22:00,272,272,272,272,0
2021-11-25 11:23:00,272,272,272,272,0
2021-11-25 11:24:00,272,272,272,272,0
2021-11-25 11:25:00,272,272,272,272,0
2021-11-25 11:26:00,272,272,272,272,0
2021-11-25 11:27:00,272,272,272,272,0
2021-11-25 11:28:00,272,272,272,272,300
2021-11-25 11:29:00,270,270,270,270,100
2021-11-25 11:30:00,270,270,270,270,0
2021-11-25 11:31:00,270,270,270,270,0
2021-11-25 11:32:00,270,270,270,270,0
2021-11-25 11:33:00,270,270,270,270,0
2021-11-25 11:34:00,270,270,270,270,0
2021-11-25 11:35:00,270,270,270,270,0
2021-11-25 11:36:00,270,270,270,270,0
2021-11-25 11:37:00,270,270,270,270,0
2021-11-25 11:38:00,270,270,270,270,0
2021-11-25 11:39:00,270,270,270,270,0
2021-11-25 11:40:00,270,270,270,270,0
2021-11-25 11:41:00,270,270,270,270,0
2021-11-25 11:42:00,270,270,270,270,0
2021-11-25 11:43:00,270,270,270,270,0
2021-11-25 11:44:00,270,270,270,270,0
2021-11-25 11:45:00,270,270,270,270,0
2021-11-25 11:46:00,270,270,270,270,0
2021-11-25 11:47:00,270,270,270,270,0
2021-11-25 11:48:00,270,270,270,270,0
2021-11-25 11:49:00,270,270,270,270,0
2021-11-25 11:50:00,270,270,270,270,0
2021-11-25 11:51:00,270,270,270,270,0
2021-11-25 11:52:00,270,270,270,270,0
2021-11-25 11:53:00,270,270,270,270,0
2021-11-25 11:54:00,270,270,270,270,0
2021-11-25 11:55:00,270,270,270,270,0
2021-11-25 11:56:00,270,270,270,270,0
2021-11-25 11:57:00,270,270,270,270,0
2021-11-25 11:58:00,270,270,270,270,0
2021-11-25 11:59:00,270,270,270,270,0
2021-11-25 12:00:00,270,270,270,270,0
2021-11-25 12:01:00,270,270,270,270,0
2021-11-25 12:02:00,270,270,270,270,0
2021-11-25 12:03:00,270,270,270,270,0
2021-11-25 12:04:00,270,270,270,270,0
2021-11-25 12:05:00,270,270,270,270,0
2021-11-25 12:06:00,270,270,270,270,0
2021-11-25 12:07:00,270,270,270,270,0
2021-11-25 12:08:00,270,270,270,270,0
2021-11-25 12:09:00,270,270,270,270,0
2021-11-25 12:10:00,270,270,270,270,0
2021-11-25 12:11:00,270,270,270,270,0
2021-11-25 12:12:00,270,270,270,270,0
2021-11-25 12:13:00,270,270,270,270,0
2021-11-25 12:14:00,270,270,270,270,0
2021-11-25 12:15:00,270,270,270,270,0
2021-11-25 12:16:00,270,270,270,270,0
2021-11-25 12:17:00,270,270,270,270,0
2021-11-25 12:18:00,270,270,270,270,0
2021-11-25 12:19:00,270,270,270,270,0
2021-11-25 12:20:00,270,270,270,270,0
2021-11-25 12:21:00,270,270,270,270,0
2021-11-25 12:22:00,270,270,270,270,0
2021-11-25 12:23:00,270,270,270,270,0
2021-11-25 12:24:00,270,270,270,270,0
2021-11-25 12:25:00,270,270,270,270,0
2021-11-25 12:26:00,270,270,270,270,0
2021-11-25 12:27:00,270,270,270,270,0
2021-11-25 12:28:00,270,270,270,270,0
2021-11-25 12:29:00,270,270,270,270,0
2021-11-25 12:30:00,270,270,270,270,0
2021-11-25 12:31:00,270,270,270,270,0
2021-11-25 12:32:00,270,270,270,270,0
2021-11-25 12:33:00,270,270,270,270,0
2021-11-25 12:34:00,270,270,270,270,0
2021-11-25 12:35:00,270,270,270,270,0
2021-11-25 12:36:00,270,270,270,270,0
2021-11-25 12:37:00,270,270,270,270,0
2021-11-25 12:38:00,270,270,270,270,0
2021-11-25 12:39:00,270,270,270,270,0
2021-11-25 12:40:00,270,270,270,270,0
2021-11-25 12:41:00,270,270,270,270,0
2021-11-25 12:42:00,270,270,270,270,0
2021-11-25 12:43:00,270,270,270,270,0
2021-11-25 12:44:00,270,270,270,270,0
2021-11-25 12:45:00,270,270,270,270,0
2021-11-25 12:46:00,270,270,270,270,0
2021-11-25 12:47:00,270,270,270,270,0
2021-11-25 12:48:00,270,270,270,270,0
2021-11-25 12:49:00,270,270,270,270,0
2021-11-25 12:50:00,270,270,270,270,0
2021-11-25 12:51:00,270,270,270,270,0
2021-11-25 12:52:00,270,270,270,270,0
2021-11-25 12:53:00,270,270,270,270,0
2021-11-25 12:54:00,270,270,270,270,0
2021-11-25 12:55:00,270,270,270,270,0
2021-11-25 12:56:00,270,270,270,270,0
2021-11-25 12:57:00,270,270,270,270,0
2021-11-25 12:58:00,270,270,270,270,0
2021-11-25 12:59:00,270,270,270,270,0
2021-11-25 13:00:00,270,270,270,270,0
2021-11-25 13:01:00,270,270,270,270,0
2021-11-25 13:02:00,270,270,270,270,0
2021-11-25 13:03:00,270,270,270,270,0
2021-11-25 13:04:00,270,270,270,270,0
2021-11-25 13:05:00,270,270,270,270,0
2021-11-25 13:06:00,270,270,270,270,0
2021-11-25 13:07:00,270,270,270,270,0
2021-11-25 13:08:00,270,270,270,270,0
2021-11-25 13:09:00,270,270,270,270,0
2021-11-25 13:10:00,270,270,270,270,0
2021-11-25 13:11:00,270,270,270,270,0
2021-11-25 13:12:00,270,270,270,270,0
2021-11-25 13:13:00,270,270,270,270,0
2021-11-25 13:14:00,270,270,270,270,0
2021-11-25 13:15:00,270,270,270,270,0
2021-11-25 13:16:00,270,270,270,270,0
2021-11-25 13:17:00,270,270,270,270,0
2021-11-25 13:18:00,270,270,270,270,0
2021-11-25 13:19:00,270,270,270,270,0
2021-11-25 13:20:00,270,270,270,270,0
2021-11-25 13:21:00,270,270,270,270,0
2021-11-25 13:22:00,270,270,270,270,0
2021-11-25 13:23:00,270,270,270,270,0
2021-11-25 13:24:00,270,270,270,270,0
2021-11-25 13:25:00,270,270,270,270,0
2021-11-25 13:26:00,270,270,270,270,0
2021-11-25 13:27:00,270,270,270,270,0
2021-11-25 13:28:00,270,270,270,270,0
2021-11-25 13:29:00,270,270,270,270,0
2021-11-25 13:30:00,270,260,272,260,19000
2021-11-25 13:31:00,270,260,272,260,0
2021-11-25 13:32:00,270,260,272,260,0
2021-11-25 13:33:00,270,260,272,260,0
2021-11-25 13:34:00,270,260,272,260,0
2021-11-25 13:35:00,258,258,258,258,900
2021-11-25 13:36:00,258,258,258,258,800
2021-11-25 13:37:00,258,258,258,258,100
2021-11-25 13:38:00,252,250,252,250,1200
2021-11-25 13:39:00,250,250,252,252,2100
2021-11-25 13:40:00,250,250,252,252,0
2021-11-25 13:41:00,252,252,252,252,1300
2021-11-25 13:42:00,260,252,260,252,1700
2021-11-25 13:43:00,250,230,250,230,11000
2021-11-25 13:44:00,234,234,234,234,300
2021-11-25 13:45:00,234,234,234,234,0
2021-11-25 13:46:00,258,242,258,242,1000
2021-11-25 13:47:00,244,244,258,258,700
2021-11-25 13:48:00,258,258,258,258,3500
2021-11-25 13:49:00,258,258,258,258,0
2021-11-25 13:50:00,258,258,258,258,0
2021-11-25 13:51:00,258,258,258,258,0
2021-11-25 13:52:00,246,244,246,244,2200
2021-11-25 13:53:00,242,242,242,242,9900
2021-11-25 13:54:00,242,242,242,242,600
2021-11-25 13:55:00,242,242,242,242,400
2021-11-25 13:56:00,242,242,242,242,0
2021-11-25 13:57:00,254,254,254,254,100
2021-11-25 13:58:00,254,254,254,254,0
2021-11-25 13:59:00,254,254,254,254,1000
2021-11-25 14:00:00,254,254,254,254,300
2021-11-25 14:01:00,254,254,254,254,0
2021-11-25 14:02:00,254,254,254,254,0
2021-11-25 14:03:00,254,254,254,254,1700
2021-11-25 14:04:00,252,242,252,242,2600
2021-11-25 14:05:00,242,242,258,258,1300
2021-11-25 14:06:00,258,258,258,258,1200
2021-11-25 14:07:00,258,258,260,258,2800
2021-11-25 14:08:00,258,258,258,258,1000
2021-11-25 14:09:00,258,258,258,258,100
2021-11-25 14:10:00,258,258,258,258,0
2021-11-25 14:11:00,258,258,258,258,0
2021-11-25 14:12:00,258,258,258,258,0
2021-11-25 14:13:00,258,258,258,258,0
2021-11-25 14:14:00,256,256,256,256,900
2021-11-25 14:15:00,256,256,256,256,0
2021-11-25 14:16:00,256,256,256,256,0
2021-11-25 14:17:00,256,256,256,256,0
2021-11-25 14:18:00,256,256,256,256,0
2021-11-25 14:19:00,256,256,256,256,0
2021-11-25 14:20:00,256,256,256,256,0
2021-11-25 14:21:00,256,256,256,256,0
2021-11-25 14:22:00,256,256,256,256,0
2021-11-25 14:23:00,246,246,246,246,800
2021-11-25 14:24:00,242,242,242,242,12600
2021-11-25 14:25:00,246,246,246,246,1700
2021-11-25 14:26:00,246,246,246,246,0
2021-11-25 14:27:00,246,246,246,246,0
2021-11-25 14:28:00,248,244,248,244,3200
2021-11-25 14:29:00,248,244,248,244,0
2021-11-25 14:30:00,244,242,244,244,65300
2021-11-25 14:31:00,250,250,252,252,800
2021-11-25 14:32:00,256,256,258,256,14900
2021-11-25 14:33:00,256,256,258,256,0
2021-11-25 14:34:00,246,246,246,246,3000
2021-11-25 14:35:00,246,246,246,246,3500
2021-11-25 14:36:00,246,246,246,246,400
2021-11-25 14:37:00,246,246,246,246,100
2021-11-25 14:38:00,244,234,244,234,21100
2021-11-25 14:39:00,234,234,234,234,4300
2021-11-25 14:40:00,234,234,234,234,0
2021-11-25 14:41:00,234,234,234,234,0
2021-11-25 14:42:00,234,234,234,234,0
2021-11-25 14:43:00,240,240,240,240,700
2021-11-25 14:44:00,240,240,240,240,0
2021-11-25 14:45:00,240,240,240,240,0
2021-11-25 14:46:00,246,246,246,246,200
2021-11-25 14:47:00,250,240,250,240,47100
2021-11-25 14:48:00,250,240,250,240,0
2021-11-25 14:49:00,250,240,250,240,0
2021-11-25 14:50:00,250,240,250,240,0
2021-11-25 14:51:00,250,240,250,240,0
2021-11-25 14:52:00,250,240,250,240,0
2021-11-25 14:53:00,250,240,250,240,0
2021-11-25 14:54:00,250,240,250,240,0
2021-11-25 14:55:00,250,240,250,240,0
2021-11-25 14:56:00,250,240,250,240,0
2021-11-25 14:57:00,250,240,250,240,0
2021-11-25 14:58:00,250,240,250,240,0
2021-11-25 14:59:00,250,240,250,240,0
2021-11-25 15:00:00,246,246,246,246,600
2021-11-25 15:01:00,246,246,246,246,0
2021-11-25 15:02:00,246,246,246,246,0
2021-11-25 15:03:00,246,246,246,246,0
2021-11-25 15:04:00,246,246,246,246,0
2021-11-25 15:05:00,246,246,246,246,0
2021-11-25 15:06:00,246,246,246,246,0
2021-11-25 15:07:00,246,246,246,246,0
2021-11-25 15:08:00,246,246,246,246,1000
2021-11-25 15:09:00,246,246,246,246,2500
2021-11-25 15:10:00,246,246,246,246,300
2021-11-25 15:11:00,246,246,246,246,200
2021-11-25 15:12:00,246,246,246,246,0
2021-11-25 15:13:00,246,246,246,246,0
2021-11-25 15:14:00,246,246,246,246,0
2021-11-25 15:15:00,246,246,246,246,0
2021-11-25 15:16:00,246,246,246,246,0
2021-11-25 15:17:00,246,246,246,246,0
2021-11-25 15:18:00,246,246,246,246,0
2021-11-25 15:19:00,246,246,246,246,0
2021-11-25 15:20:00,246,246,246,246,0
2021-11-25 15:21:00,246,246,246,246,0
2021-11-25 15:22:00,246,246,246,246,0
2021-11-25 15:23:00,246,246,246,246,0
2021-11-25 15:24:00,246,246,246,246,0
2021-11-25 15:25:00,246,246,246,246,0
2021-11-25 15:26:00,246,246,246,246,0
2021-11-25 15:27:00,246,246,246,246,0
2021-11-25 15:28:00,246,246,246,246,0
2021-11-25 15:29:00,246,246,246,246,0
2021-11-25 15:30:00,246,246,246,246,0
2021-11-25 15:31:00,246,246,246,246,0
2021-11-25 15:32:00,246,246,246,246,0
2021-11-25 15:33:00,246,246,246,246,0
2021-11-25 15:34:00,246,246,246,246,0
2021-11-25 15:35:00,246,246,246,246,0
2021-11-25 15:36:00,246,246,246,246,0
2021-11-25 15:37:00,246,246,246,246,0
2021-11-25 15:38:00,246,246,246,246,0
2021-11-25 15:39:00,246,246,246,246,0
2021-11-25 15:40:00,246,246,246,246,0
2021-11-25 15:41:00,246,246,246,246,0
2021-11-25 15:42:00,246,246,246,246,0
2021-11-25 15:43:00,246,246,246,246,0
2021-11-25 15:44:00,246,246,246,246,0
2021-11-25 15:45:00,246,246,246,246,0
2021-11-25 15:46:00,246,246,246,246,0
2021-11-25 15:47:00,246,246,246,246,0
2021-11-25 15:48:00,246,246,246,246,0
2021-11-25 15:49:00,246,246,246,246,0
2021-11-25 15:50:00,246,246,246,246,0
2021-11-25 15:51:00,246,246,246,246,0
2021-11-25 15:52:00,246,246,246,246,0
2021-11-25 15:53:00,246,246,246,246,0
2021-11-25 15:54:00,246,246,246,246,0
2021-11-25 15:55:00,246,246,246,246,0
2021-11-25 15:56:00,246,246,246,246,0
2021-11-25 15:57:00,246,246,246,246,0
2021-11-25 15:58:00,246,246,246,246,0
2021-11-25 15:59:00,246,246,246,246,0
2021-11-26 09:00:00,254,254,254,254,0
2021-11-26 09:01:00,254,246,254,246,1000
2021-11-26 09:02:00,244,230,244,230,45400
2021-11-26 09:03:00,240,240,240,240,300
2021-11-26 09:04:00,240,240,240,240,0
2021-11-26 09:05:00,240,240,240,240,0
2021-11-26 09:06:00,240,240,240,240,0
2021-11-26 09:07:00,230,230,230,230,100
2021-11-26 09:08:00,230,230,230,230,700
2021-11-26 09:09:00,240,240,240,240,100
2021-11-26 09:10:00,240,240,240,240,0
2021-11-26 09:11:00,240,240,240,240,0
2021-11-26 09:12:00,240,240,240,240,0
2021-11-26 09:13:00,240,240,240,240,0
2021-11-26 09:14:00,240,240,240,240,0
2021-11-26 09:15:00,230,230,230,230,1000
2021-11-26 09:16:00,230,230,230,230,0
2021-11-26 09:17:00,230,230,230,230,100
2021-11-26 09:18:00,230,230,230,230,8300
2021-11-26 09:19:00,240,240,240,240,1800
2021-11-26 09:20:00,240,240,240,240,0
2021-11-26 09:21:00,240,240,240,240,0
2021-11-26 09:22:00,240,240,240,240,0
2021-11-26 09:23:00,240,230,240,230,4600
2021-11-26 09:24:00,240,230,240,230,0
2021-11-26 09:25:00,240,230,240,230,0
2021-11-26 09:26:00,240,230,240,230,0
2021-11-26 09:27:00,232,230,232,230,11800
2021-11-26 09:28:00,232,230,232,230,0
2021-11-26 09:29:00,232,230,232,230,0
2021-11-26 09:30:00,232,230,232,230,0
2021-11-26 09:31:00,232,230,232,230,0
2021-11-26 09:32:00,232,230,232,230,0
2021-11-26 09:33:00,232,230,232,230,0
2021-11-26 09:34:00,240,240,240,240,100
2021-11-26 09:35:00,240,240,240,240,0
2021-11-26 09:36:00,240,240,240,240,0
2021-11-26 09:37:00,240,240,240,240,0
2021-11-26 09:38:00,240,240,240,240,0
2021-11-26 09:39:00,230,230,230,230,4200
2021-11-26 09:40:00,230,230,230,230,0
2021-11-26 09:41:00,230,230,230,230,0
2021-11-26 09:42:00,230,230,230,230,200
2021-11-26 09:43:00,230,230,230,230,0
2021-11-26 09:44:00,230,230,230,230,0
2021-11-26 09:45:00,230,230,230,230,0
2021-11-26 09:46:00,230,230,230,230,2100
2021-11-26 09:47:00,230,230,230,230,0
2021-11-26 09:48:00,230,230,230,230,0
2021-11-26 09:49:00,230,230,230,230,800
2021-11-26 09:50:00,230,230,230,230,7500
2021-11-26 09:51:00,230,230,230,230,0
2021-11-26 09:52:00,230,230,230,230,0
2021-11-26 09:53:00,230,230,230,230,0
2021-11-26 09:54:00,230,230,230,230,0
2021-11-26 09:55:00,230,230,230,230,0
2021-11-26 09:56:00,230,230,230,230,0
2021-11-26 09:57:00,230,230,230,230,100
2021-11-26 09:58:00,230,230,230,230,0
2021-11-26 09:59:00,230,230,230,230,0
2021-11-26 10:00:00,230,230,230,230,0
2021-11-26 10:01:00,230,230,230,230,0
2021-11-26 10:02:00,230,230,230,230,0
2021-11-26 10:03:00,230,230,230,230,100
2021-11-26 10:04:00,230,230,230,230,0
2021-11-26 10:05:00,230,230,230,230,0
2021-11-26 10:06:00,230,230,230,230,0
2021-11-26 10:07:00,230,230,230,230,0
2021-11-26 10:08:00,230,230,230,230,0
2021-11-26 10:09:00,230,230,230,230,0
2021-11-26 10:10:00,230,230,230,230,0
2021-11-26 10:11:00,230,230,230,230,0
2021-11-26 10:12:00,230,230,230,230,2100
2021-11-26 10:13:00,230,230,230,230,200
2021-11-26 10:14:00,230,230,230,230,0
2021-11-26 10:15:00,230,230,230,230,0
2021-11-26 10:16:00,230,230,230,230,0
2021-11-26 10:17:00,230,230,230,230,0
2021-11-26 10:18:00,230,230,230,230,0
2021-11-26 10:19:00,230,230,230,230,0
2021-11-26 10:20:00,230,230,230,230,0
2021-11-26 10:21:00,230,230,230,230,0
2021-11-26 10:22:00,230,230,230,230,0
2021-11-26 10:23:00,230,230,230,230,0
2021-11-26 10:24:00,230,230,230,230,0
2021-11-26 10:25:00,230,230,230,230,0
2021-11-26 10:26:00,230,230,230,230,0
2021-11-26 10:27:00,230,230,230,230,0
2021-11-26 10:28:00,230,230,230,230,0
2021-11-26 10:29:00,230,230,230,230,0
2021-11-26 10:30:00,230,230,230,230,0
2021-11-26 10:31:00,230,230,230,230,0
2021-11-26 10:32:00,230,230,230,230,0
2021-11-26 10:33:00,230,230,230,230,0
2021-11-26 10:34:00,230,230,230,230,0
2021-11-26 10:35:00,230,230,230,230,0
2021-11-26 10:36:00,230,230,230,230,0
2021-11-26 10:37:00,230,230,230,230,0
2021-11-26 10:38:00,230,230,230,230,0
2021-11-26 10:39:00,230,230,230,230,0
2021-11-26 10:40:00,230,230,230,230,0
2021-11-26 10:41:00,230,230,230,230,0
2021-11-26 10:42:00,230,230,230,230,0
2021-11-26 10:43:00,230,230,230,230,0
2021-11-26 10:44:00,230,230,230,230,0
2021-11-26 10:45:00,230,230,230,230,300
2021-11-26 10:46:00,230,230,230,230,200
2021-11-26 10:47:00,230,230,230,230,0
2021-11-26 10:48:00,230,230,230,230,0
2021-11-26 10:49:00,230,230,230,230,0
2021-11-26 10:50:00,230,230,230,230,0
2021-11-26 10:51:00,230,230,230,230,0
2021-11-26 10:52:00,230,230,230,230,0
2021-11-26 10:53:00,230,230,230,230,0
2021-11-26 10:54:00,230,230,230,230,0
2021-11-26 10:55:00,230,230,230,230,0
2021-11-26 10:56:00,230,230,230,230,0
2021-11-26 10:57:00,230,230,230,230,0
2021-11-26 10:58:00,230,230,230,230,0
2021-11-26 10:59:00,230,230,230,230,0
2021-11-26 11:00:00,230,230,230,230,0
2021-11-26 11:01:00,230,230,230,230,0
2021-11-26 11:02:00,230,230,230,230,0
2021-11-26 11:03:00,230,230,230,230,0
2021-11-26 11:04:00,230,230,230,230,0
2021-11-26 11:05:00,230,230,230,230,0
2021-11-26 11:06:00,230,230,230,230,800
2021-11-26 11:07:00,230,230,230,230,0
2021-11-26 11:08:00,230,230,230,230,0
2021-11-26 11:09:00,230,230,230,230,0
2021-11-26 11:10:00,230,230,230,230,0
2021-11-26 11:11:00,230,230,230,230,0
2021-11-26 11:12:00,230,230,230,230,0
2021-11-26 11:13:00,230,230,230,230,0
2021-11-26 11:14:00,230,230,230,230,0
2021-11-26 11:15:00,230,230,230,230,0
2021-11-26 11:16:00,230,230,230,230,0
2021-11-26 11:17:00,230,230,230,230,0
2021-11-26 11:18:00,230,230,230,230,0
2021-11-26 11:19:00,230,230,230,230,0
2021-11-26 11:20:00,230,230,230,230,0
2021-11-26 11:21:00,230,230,230,230,0
2021-11-26 11:22:00,230,230,230,230,0
2021-11-26 11:23:00,230,230,230,230,0
2021-11-26 11:24:00,230,230,230,230,0
2021-11-26 11:25:00,230,230,230,230,0
2021-11-26 11:26:00,230,230,230,230,0
2021-11-26 11:27:00,230,230,230,230,500
2021-11-26 11:28:00,230,230,230,230,0
2021-11-26 11:29:00,230,230,230,230,0
2021-11-26 11:30:00,230,230,230,230,0
2021-11-26 11:31:00,230,230,230,230,0
2021-11-26 11:32:00,230,230,230,230,0
2021-11-26 11:33:00,230,230,230,230,0
2021-11-26 11:34:00,230,230,230,230,0
2021-11-26 11:35:00,230,230,230,230,0
2021-11-26 11:36:00,230,230,230,230,0
2021-11-26 11:37:00,230,230,230,230,0
2021-11-26 11:38:00,230,230,230,230,0
2021-11-26 11:39:00,230,230,230,230,0
2021-11-26 11:40:00,230,230,230,230,0
2021-11-26 11:41:00,230,230,230,230,0
2021-11-26 11:42:00,230,230,230,230,0
2021-11-26 11:43:00,230,230,230,230,0
2021-11-26 11:44:00,230,230,230,230,0
2021-11-26 11:45:00,230,230,230,230,0
2021-11-26 11:46:00,230,230,230,230,0
2021-11-26 11:47:00,230,230,230,230,0
2021-11-26 11:48:00,230,230,230,230,0
2021-11-26 11:49:00,230,230,230,230,0
2021-11-26 11:50:00,230,230,230,230,0
2021-11-26 11:51:00,230,230,230,230,0
2021-11-26 11:52:00,230,230,230,230,0
2021-11-26 11:53:00,230,230,230,230,0
2021-11-26 11:54:00,230,230,230,230,0
2021-11-26 11:55:00,230,230,230,230,0
2021-11-26 11:56:00,230,230,230,230,0
2021-11-26 11:57:00,230,230,230,230,0
2021-11-26 11:58:00,230,230,230,230,0
2021-11-26 11:59:00,230,230,230,230,0
2021-11-26 12:00:00,230,230,230,230,0
2021-11-26 12:01:00,230,230,230,230,0
2021-11-26 12:02:00,230,230,230,230,0
2021-11-26 12:03:00,230,230,230,230,0
2021-11-26 12:04:00,230,230,230,230,0
2021-11-26 12:05:00,230,230,230,230,0
2021-11-26 12:06:00,230,230,230,230,0
2021-11-26 12:07:00,230,230,230,230,0
2021-11-26 12:08:00,230,230,230,230,0
2021-11-26 12:09:00,230,230,230,230,0
2021-11-26 12:10:00,230,230,230,230,0
2021-11-26 12:11:00,230,230,230,230,0
2021-11-26 12:12:00,230,230,230,230,0
2021-11-26 12:13:00,230,230,230,230,0
2021-11-26 12:14:00,230,230,230,230,0
2021-11-26 12:15:00,230,230,230,230,0
2021-11-26 12:16:00,230,230,230,230,0
2021-11-26 12:17:00,230,230,230,230,0
2021-11-26 12:18:00,230,230,230,230,0
2021-11-26 12:19:00,230,230,230,230,0
2021-11-26 12:20:00,230,230,230,230,0
2021-11-26 12:21:00,230,230,230,230,0
2021-11-26 12:22:00,230,230,230,230,0
2021-11-26 12:23:00,230,230,230,230,0
2021-11-26 12:24:00,230,230,230,230,0
2021-11-26 12:25:00,230,230,230,230,0
2021-11-26 12:26:00,230,230,230,230,0
2021-11-26 12:27:00,230,230,230,230,0
2021-11-26 12:28:00,230,230,230,230,0
2021-11-26 12:29:00,230,230,230,230,0
2021-11-26 12:30:00,230,230,230,230,0
2021-11-26 12:31:00,230,230,230,230,0
2021-11-26 12:32:00,230,230,230,230,0
2021-11-26 12:33:00,230,230,230,230,0
2021-11-26 12:34:00,230,230,230,230,0
2021-11-26 12:35:00,230,230,230,230,0
2021-11-26 12:36:00,230,230,230,230,0
2021-11-26 12:37:00,230,230,230,230,0
2021-11-26 12:38:00,230,230,230,230,0
2021-11-26 12:39:00,230,230,230,230,0
2021-11-26 12:40:00,230,230,230,230,0
2021-11-26 12:41:00,230,230,230,230,0
2021-11-26 12:42:00,230,230,230,230,0
2021-11-26 12:43:00,230,230,230,230,0
2021-11-26 12:44:00,230,230,230,230,0
2021-11-26 12:45:00,230,230,230,230,0
2021-11-26 12:46:00,230,230,230,230,0
2021-11-26 12:47:00,230,230,230,230,0
2021-11-26 12:48:00,230,230,230,230,0
2021-11-26 12:49:00,230,230,230,230,0
2021-11-26 12:50:00,230,230,230,230,0
2021-11-26 12:51:00,230,230,230,230,0
2021-11-26 12:52:00,230,230,230,230,0
2021-11-26 12:53:00,230,230,230,230,0
2021-11-26 12:54:00,230,230,230,230,0
2021-11-26 12:55:00,230,230,230,230,0
2021-11-26 12:56:00,230,230,230,230,0
2021-11-26 12:57:00,230,230,230,230,0
2021-11-26 12:58:00,230,230,230,230,0
2021-11-26 12:59:00,230,230,230,230,0
2021-11-26 13:00:00,230,230,230,230,0
2021-11-26 13:01:00,230,230,230,230,0
2021-11-26 13:02:00,230,230,230,230,0
2021-11-26 13:03:00,230,230,230,230,0
2021-11-26 13:04:00,230,230,230,230,0
2021-11-26 13:05:00,230,230,230,230,0
2021-11-26 13:06:00,230,230,230,230,0
2021-11-26 13:07:00,230,230,230,230,0
2021-11-26 13:08:00,230,230,230,230,0
2021-11-26 13:09:00,230,230,230,230,0
2021-11-26 13:10:00,230,230,230,230,0
2021-11-26 13:11:00,230,230,230,230,0
2021-11-26 13:12:00,230,230,230,230,0
2021-11-26 13:13:00,230,230,230,230,0
2021-11-26 13:14:00,230,230,230,230,0
2021-11-26 13:15:00,230,230,230,230,0
2021-11-26 13:16:00,230,230,230,230,0
2021-11-26 13:17:00,230,230,230,230,0
2021-11-26 13:18:00,230,230,230,230,0
2021-11-26 13:19:00,230,230,230,230,0
2021-11-26 13:20:00,230,230,230,230,0
2021-11-26 13:21:00,230,230,230,230,0
2021-11-26 13:22:00,230,230,230,230,0
2021-11-26 13:23:00,230,230,230,230,0
2021-11-26 13:24:00,230,230,230,230,0
2021-11-26 13:25:00,230,230,230,230,0
2021-11-26 13:26:00,230,230,230,230,0
2021-11-26 13:27:00,230,230,230,230,0
2021-11-26 13:28:00,230,230,230,230,0
2021-11-26 13:29:00,230,230,230,230,0
2021-11-26 13:30:00,230,230,230,230,0
2021-11-26 13:31:00,230,230,230,230,0
2021-11-26 13:32:00,230,230,230,230,0
2021-11-26 13:33:00,230,230,230,230,0
2021-11-26 13:34:00,230,230,230,230,0
2021-11-26 13:35:00,230,230,230,230,0
2021-11-26 13:36:00,230,230,230,230,0
2021-11-26 13:37:00,230,230,230,230,0
2021-11-26 13:38:00,230,230,230,230,0
2021-11-26 13:39:00,230,230,230,230,0
2021-11-26 13:40:00,230,230,230,230,0
2021-11-26 13:41:00,230,230,230,230,0
2021-11-26 13:42:00,230,230,230,230,0
2021-11-26 13:43:00,230,230,230,230,0
2021-11-26 13:44:00,230,230,230,230,0
2021-11-26 13:45:00,230,230,230,230,0
2021-11-26 13:46:00,230,230,230,230,0
2021-11-26 13:47:00,230,230,230,230,0
2021-11-26 13:48:00,230,230,230,230,0
2021-11-26 13:49:00,230,230,230,230,0
2021-11-26 13:50:00,230,230,230,230,0
2021-11-26 13:51:00,230,230,230,230,0
2021-11-26 13:52:00,230,230,230,230,0
2021-11-26 13:53:00,230,230,230,230,0
2021-11-26 13:54:00,230,230,230,230,0
2021-11-26 13:55:00,232,232,232,232,500
2021-11-26 13:56:00,232,232,232,232,0
2021-11-26 13:57:00,232,232,232,232,0
2021-11-26 13:58:00,232,232,232,232,0
2021-11-26 13:59:00,232,232,232,232,0
2021-11-26 14:00:00,232,232,232,232,0
2021-11-26 14:01:00,232,232,232,232,0
2021-11-26 14:02:00,230,230,230,230,2400
2021-11-26 14:03:00,230,230,230,230,0
2021-11-26 14:04:00,230,230,230,230,0
2021-11-26 14:05:00,230,230,230,230,0
2021-11-26 14:06:00,230,230,230,230,0
2021-11-26 14:07:00,230,230,230,230,0
2021-11-26 14:08:00,230,230,230,230,0
2021-11-26 14:09:00,230,230,230,230,0
2021-11-26 14:10:00,230,230,230,230,0
2021-11-26 14:11:00,230,230,230,230,0
2021-11-26 14:12:00,230,230,230,230,0
2021-11-26 14:13:00,230,230,230,230,0
2021-11-26 14:14:00,230,230,230,230,0
2021-11-26 14:15:00,230,230,230,230,0
2021-11-26 14:16:00,230,230,230,230,0
2021-11-26 14:17:00,230,230,230,230,0
2021-11-26 14:18:00,230,230,230,230,0
2021-11-26 14:19:00,230,230,230,230,0
2021-11-26 14:20:00,230,230,230,230,0
2021-11-26 14:21:00,230,230,230,230,0
2021-11-26 14:22:00,230,230,230,230,0
2021-11-26 14:23:00,230,230,230,230,0
2021-11-26 14:24:00,230,230,230,230,0
2021-11-26 14:25:00,230,230,230,230,0
2021-11-26 14:26:00,230,230,230,230,18700
2021-11-26 14:27:00,230,230,230,230,0
2021-11-26 14:28:00,230,230,230,230,0
2021-11-26 14:29:00,230,230,230,230,0
2021-11-26 14:30:00,230,230,230,230,0
2021-11-26 14:31:00,230,230,230,230,0
2021-11-26 14:32:00,230,230,230,230,0
2021-11-26 14:33:00,230,230,230,230,0
2021-11-26 14:34:00,230,230,230,230,0
2021-11-26 14:35:00,230,230,230,230,0
2021-11-26 14:36:00,230,230,230,230,0
2021-11-26 14:37:00,230,230,230,230,0
2021-11-26 14:38:00,230,230,230,230,0
2021-11-26 14:39:00,230,230,230,230,0
2021-11-26 14:40:00,230,230,230,230,0
2021-11-26 14:41:00,230,230,230,230,0
2021-11-26 14:42:00,230,230,230,230,0
2021-11-26 14:43:00,230,230,230,230,0
2021-11-26 14:44:00,230,230,230,230,0
2021-11-26 14:45:00,230,230,230,230,1000
2021-11-26 14:46:00,230,230,230,230,0
2021-11-26 14:47:00,230,230,230,230,0
2021-11-26 14:48:00,230,230,230,230,0
2021-11-26 14:49:00,230,230,230,230,0
2021-11-26 14:50:00,230,230,230,230,0
2021-11-26 14:51:00,230,230,230,230,0
2021-11-26 14:52:00,230,230,230,230,0
2021-11-26 14:53:00,230,230,230,230,0
2021-11-26 14:54:00,230,230,230,230,0
2021-11-26 14:55:00,230,230,230,230,0
2021-11-26 14:56:00,230,230,230,230,0
2021-11-26 14:57:00,230,230,230,230,0
2021-11-26 14:58:00,230,230,230,230,0
2021-11-26 14:59:00,230,230,230,230,0
2021-11-26 15:00:00,230,230,230,230,0
2021-11-26 15:01:00,230,230,230,230,0
2021-11-26 15:02:00,230,230,230,230,0
2021-11-26 15:03:00,230,230,230,230,0
2021-11-26 15:04:00,230,230,230,230,0
2021-11-26 15:05:00,230,230,230,230,0
2021-11-26 15:06:00,230,230,230,230,0
2021-11-26 15:07:00,230,230,230,230,0
2021-11-26 15:08:00,230,230,230,230,0
2021-11-26 15:09:00,230,230,230,230,0
2021-11-26 15:10:00,230,230,230,230,0
2021-11-26 15:11:00,230,230,230,230,0
2021-11-26 15:12:00,230,230,230,230,0
2021-11-26 15:13:00,230,230,230,230,0
2021-11-26 15:14:00,230,230,230,230,0
2021-11-26 15:15:00,230,230,230,230,0
2021-11-26 15:16:00,230,230,230,230,0
2021-11-26 15:17:00,230,230,230,230,0
2021-11-26 15:18:00,230,230,230,230,0
2021-11-26 15:19:00,230,230,230,230,0
2021-11-26 15:20:00,230,230,230,230,0
2021-11-26 15:21:00,230,230,230,230,0
2021-11-26 15:22:00,230,230,230,230,0
2021-11-26 15:23:00,230,230,230,230,0
2021-11-26 15:24:00,230,230,230,230,0
2021-11-26 15:25:00,230,230,230,230,0
2021-11-26 15:26:00,230,230,230,230,0
2021-11-26 15:27:00,230,230,230,230,0
2021-11-26 15:28:00,230,230,230,230,0
2021-11-26 15:29:00,230,230,230,230,0
2021-11-26 15:30:00,230,230,230,230,0
2021-11-26 15:31:00,230,230,230,230,0
2021-11-26 15:32:00,230,230,230,230,0
2021-11-26 15:33:00,230,230,230,230,0
2021-11-26 15:34:00,230,230,230,230,0
2021-11-26 15:35:00,230,230,230,230,0
2021-11-26 15:36:00,230,230,230,230,0
2021-11-26 15:37:00,230,230,230,230,0
2021-11-26 15:38:00,230,230,230,230,0
2021-11-26 15:39:00,230,230,230,230,0
2021-11-26 15:40:00,230,230,230,230,0
2021-11-26 15:41:00,230,230,230,230,0
2021-11-26 15:42:00,230,230,230,230,0
2021-11-26 15:43:00,230,230,230,230,0
2021-11-26 15:44:00,230,230,230,230,0
2021-11-26 15:45:00,230,230,230,230,0
2021-11-26 15:46:00,230,230,230,230,0
2021-11-26 15:47:00,230,230,230,230,0
2021-11-26 15:48:00,230,230,230,230,0
2021-11-26 15:49:00,230,230,230,230,0
2021-11-26 15:50:00,230,230,230,230,0
2021-11-26 15:51:00,230,230,230,230,0
2021-11-26 15:52:00,230,230,230,230,0
2021-11-26 15:53:00,230,230,230,230,0
2021-11-26 15:54:00,230,230,230,230,0
2021-11-26 15:55:00,230,230,230,230,0
2021-11-26 15:56:00,230,230,230,230,0
2021-11-26 15:57:00,230,230,230,230,0
2021-11-26 15:58:00,230,230,230,230,0
2021-11-26 15:59:00,230,230,230,230,0
2021-11-29 09:00:00,218,218,218,218,0
2021-11-29 09:01:00,218,218,218,218,0
2021-11-29 09:02:00,218,218,218,218,0
2021-11-29 09:03:00,218,218,218,218,0
2021-11-29 09:04:00,218,218,218,218,0
2021-11-29 09:05:00,218,218,218,218,0
2021-11-29 09:06:00,218,218,218,218,0
2021-11-29 09:07:00,218,218,218,218,0
2021-11-29 09:08:00,218,218,218,218,0
2021-11-29 09:09:00,218,218,218,218,0
2021-11-29 09:10:00,218,218,218,218,0
2021-11-29 09:11:00,218,218,218,218,0
2021-11-29 09:12:00,218,218,218,218,0
2021-11-29 09:13:00,218,218,218,218,0
2021-11-29 09:14:00,218,218,218,218,0
2021-11-29 09:15:00,218,218,218,218,0
2021-11-29 09:16:00,218,218,218,218,0
2021-11-29 09:17:00,218,218,218,218,0
2021-11-29 09:18:00,218,218,218,218,0
2021-11-29 09:19:00,218,218,218,218,0
2021-11-29 09:20:00,218,218,218,218,0
2021-11-29 09:21:00,218,218,218,218,0
2021-11-29 09:22:00,218,218,218,218,0
2021-11-29 09:23:00,218,218,218,218,0
2021-11-29 09:24:00,218,218,218,218,0
2021-11-29 09:25:00,218,218,218,218,0
2021-11-29 09:26:00,218,218,218,218,0
2021-11-29 09:27:00,218,218,218,218,0
2021-11-29 09:28:00,218,218,218,218,0
2021-11-29 09:29:00,218,218,218,218,0
2021-11-29 09:30:00,218,218,218,218,0
2021-11-29 09:31:00,218,218,218,218,0
2021-11-29 09:32:00,218,218,218,218,0
2021-11-29 09:33:00,218,218,218,218,0
2021-11-29 09:34:00,218,218,218,218,0
2021-11-29 09:35:00,218,218,218,218,0
2021-11-29 09:36:00,218,218,218,218,0
2021-11-29 09:37:00,218,218,218,218,0
2021-11-29 09:38:00,218,218,218,218,0
2021-11-29 09:39:00,218,218,218,218,0
2021-11-29 09:40:00,218,218,218,218,0
2021-11-29 09:41:00,218,218,218,218,0
2021-11-29 09:42:00,218,218,218,218,0
2021-11-29 09:43:00,218,218,218,218,0
2021-11-29 09:44:00,218,218,218,218,0
2021-11-29 09:45:00,218,218,218,218,0
2021-11-29 09:46:00,218,218,218,218,0
2021-11-29 09:47:00,218,218,218,218,0
2021-11-29 09:48:00,218,218,218,218,0
2021-11-29 09:49:00,218,218,218,218,0
2021-11-29 09:50:00,218,218,218,218,0
2021-11-29 09:51:00,218,218,218,218,0
2021-11-29 09:52:00,218,218,218,218,0
2021-11-29 09:53:00,218,218,218,218,0
2021-11-29 09:54:00,218,218,218,218,0
2021-11-29 09:55:00,218,218,218,218,0
2021-11-29 09:56:00,218,218,218,218,0
2021-11-29 09:57:00,218,218,218,218,0
2021-11-29 09:58:00,218,218,218,218,0
2021-11-29 09:59:00,218,218,218,218,0
2021-11-29 10:00:00,218,218,218,218,0
2021-11-29 10:01:00,218,218,218,218,0
2021-11-29 10:02:00,218,218,218,218,0
2021-11-29 10:03:00,218,218,218,218,0
2021-11-29 10:04:00,218,218,218,218,0
2021-11-29 10:05:00,218,218,218,218,0
2021-11-29 10:06:00,218,218,218,218,0
2021-11-29 10:07:00,218,218,218,218,0
2021-11-29 10:08:00,218,218,218,218,0
2021-11-29 10:09:00,218,218,218,218,0
2021-11-29 10:10:00,218,218,218,218,0
2021-11-29 10:11:00,218,218,218,218,0
2021-11-29 10:12:00,218,218,218,218,0
2021-11-29 10:13:00,218,218,218,218,0
2021-11-29 10:14:00,218,218,218,218,0
2021-11-29 10:15:00,218,218,218,218,0
2021-11-29 10:16:00,218,218,218,218,0
2021-11-29 10:17:00,218,218,218,218,0
2021-11-29 10:18:00,218,218,218,218,0
2021-11-29 10:19:00,218,218,218,218,0
2021-11-29 10:20:00,218,218,218,218,0
2021-11-29 10:21:00,218,218,218,218,0
2021-11-29 10:22:00,218,218,218,218,0
2021-11-29 10:23:00,218,218,218,218,0
2021-11-29 10:24:00,218,218,218,218,0
2021-11-29 10:25:00,218,218,218,218,0
2021-11-29 10:26:00,218,218,218,218,0
2021-11-29 10:27:00,218,218,218,218,0
2021-11-29 10:28:00,218,218,218,218,0
2021-11-29 10:29:00,218,218,218,218,0
2021-11-29 10:30:00,218,218,218,218,0
2021-11-29 10:31:00,218,218,218,218,0
2021-11-29 10:32:00,218,218,218,218,0
2021-11-29 10:33:00,218,218,218,218,0
2021-11-29 10:34:00,218,218,218,218,0
2021-11-29 10:35:00,218,218,218,218,0
2021-11-29 10:36:00,218,218,218,218,0
2021-11-29 10:37:00,218,218,218,218,0
2021-11-29 10:38:00,218,218,218,218,0
2021-11-29 10:39:00,218,218,218,218,0
2021-11-29 10:40:00,218,218,218,218,0
2021-11-29 10:41:00,218,218,218,218,0
2021-11-29 10:42:00,218,218,218,218,0
2021-11-29 10:43:00,218,218,218,218,0
2021-11-29 10:44:00,218,218,218,218,0
2021-11-29 10:45:00,218,218,218,218,0
2021-11-29 10:46:00,218,218,218,218,0
2021-11-29 10:47:00,218,218,218,218,0
2021-11-29 10:48:00,218,218,218,218,0
2021-11-29 10:49:00,218,218,218,218,0
2021-11-29 10:50:00,218,218,218,218,0
2021-11-29 10:51:00,218,218,218,218,0
2021-11-29 10:52:00,218,218,218,218,0
2021-11-29 10:53:00,218,218,218,218,0
2021-11-29 10:54:00,218,218,218,218,0
2021-11-29 10:55:00,218,218,218,218,0
2021-11-29 10:56:00,218,218,218,218,0
2021-11-29 10:57:00,218,218,218,218,0
2021-11-29 10:58:00,218,218,218,218,0
2021-11-29 10:59:00,218,218,218,218,0
2021-11-29 11:00:00,218,218,218,218,0
2021-11-29 11:01:00,218,218,218,218,0
2021-11-29 11:02:00,218,218,218,218,0
2021-11-29 11:03:00,218,218,218,218,0
2021-11-29 11:04:00,218,218,218,218,0
2021-11-29 11:05:00,218,218,218,218,0
2021-11-29 11:06:00,218,218,218,218,0
2021-11-29 11:07:00,218,218,218,218,0
2021-11-29 11:08:00,218,218,218,218,0
2021-11-29 11:09:00,218,218,218,218,0
2021-11-29 11:10:00,218,218,218,218,0
2021-11-29 11:11:00,218,218,218,218,0
2021-11-29 11:12:00,218,218,218,218,0
2021-11-29 11:13:00,218,218,218,218,0
2021-11-29 11:14:00,218,218,218,218,0
2021-11-29 11:15:00,218,218,218,218,0
2021-11-29 11:16:00,218,218,218,218,0
2021-11-29 11:17:00,218,218,218,218,0
2021-11-29 11:18:00,218,218,218,218,0
2021-11-29 11:19:00,218,218,218,218,0
2021-11-29 11:20:00,218,218,218,218,0
2021-11-29 11:21:00,218,218,218,218,0
2021-11-29 11:22:00,218,218,218,218,0
2021-11-29 11:23:00,218,218,218,218,0
2021-11-29 11:24:00,218,218,218,218,0
2021-11-29 11:25:00,218,218,218,218,0
2021-11-29 11:26:00,218,218,218,218,0
2021-11-29 11:27:00,218,218,218,218,0
2021-11-29 11:28:00,218,218,218,218,0
2021-11-29 11:29:00,218,218,218,218,0
2021-11-29 11:30:00,218,218,218,218,0
2021-11-29 11:31:00,218,218,218,218,0
2021-11-29 11:32:00,218,218,218,218,0
2021-11-29 11:33:00,218,218,218,218,0
2021-11-29 11:34:00,218,218,218,218,0
2021-11-29 11:35:00,218,218,218,218,0
2021-11-29 11:36:00,218,218,218,218,0
2021-11-29 11:37:00,218,218,218,218,0
2021-11-29 11:38:00,218,218,218,218,0
2021-11-29 11:39:00,218,218,218,218,0
2021-11-29 11:40:00,218,218,218,218,0
2021-11-29 11:41:00,218,218,218,218,0
2021-11-29 11:42:00,218,218,218,218,0
2021-11-29 11:43:00,218,218,218,218,0
2021-11-29 11:44:00,218,218,218,218,0
2021-11-29 11:45:00,218,218,218,218,0
2021-11-29 11:46:00,218,218,218,218,0
2021-11-29 11:47:00,218,218,218,218,0
2021-11-29 11:48:00,218,218,218,218,0
2021-11-29 11:49:00,218,218,218,218,0
2021-11-29 11:50:00,218,218,218,218,0
2021-11-29 11:51:00,218,218,218,218,0
2021-11-29 11:52:00,218,218,218,218,0
2021-11-29 11:53:00,218,218,218,218,0
2021-11-29 11:54:00,218,218,218,218,0
2021-11-29 11:55:00,218,218,218,218,0
2021-11-29 11:56:00,218,218,218,218,0
2021-11-29 11:57:00,218,218,218,218,0
2021-11-29 11:58:00,218,218,218,218,0
2021-11-29 11:59:00,218,218,218,218,0
2021-11-29 12:00:00,218,218,218,218,0
2021-11-29 12:01:00,218,218,218,218,0
2021-11-29 12:02:00,218,218,218,218,0
2021-11-29 12:03:00,218,218,218,218,0
2021-11-29 12:04:00,218,218,218,218,0
2021-11-29 12:05:00,218,218,218,218,0
2021-11-29 12:06:00,218,218,218,218,0
2021-11-29 12:07:00,218,218,218,218,0
2021-11-29 12:08:00,218,218,218,218,0
2021-11-29 12:09:00,218,218,218,218,0
2021-11-29 12:10:00,218,218,218,218,0
2021-11-29 12:11:00,218,218,218,218,0
2021-11-29 12:12:00,218,218,218,218,0
2021-11-29 12:13:00,218,218,218,218,0
2021-11-29 12:14:00,218,218,218,218,0
2021-11-29 12:15:00,218,218,218,218,0
2021-11-29 12:16:00,218,218,218,218,0
2021-11-29 12:17:00,218,218,218,218,0
2021-11-29 12:18:00,218,218,218,218,0
2021-11-29 12:19:00,218,218,218,218,0
2021-11-29 12:20:00,218,218,218,218,0
2021-11-29 12:21:00,218,218,218,218,0
2021-11-29 12:22:00,218,218,218,218,0
2021-11-29 12:23:00,218,218,218,218,0
2021-11-29 12:24:00,218,218,218,218,0
2021-11-29 12:25:00,218,218,218,218,0
2021-11-29 12:26:00,218,218,218,218,0
2021-11-29 12:27:00,218,218,218,218,0
2021-11-29 12:28:00,218,218,218,218,0
2021-11-29 12:29:00,218,218,218,218,0
2021-11-29 12:30:00,218,218,218,218,0
2021-11-29 12:31:00,218,218,218,218,0
2021-11-29 12:32:00,218,218,218,218,0
2021-11-29 12:33:00,218,218,218,218,0
2021-11-29 12:34:00,218,218,218,218,0
2021-11-29 12:35:00,218,218,218,218,0
2021-11-29 12:36:00,218,218,218,218,0
2021-11-29 12:37:00,218,218,218,218,0
2021-11-29 12:38:00,218,218,218,218,0
2021-11-29 12:39:00,218,218,218,218,0
2021-11-29 12:40:00,218,218,218,218,0
2021-11-29 12:41:00,218,218,218,218,0
2021-11-29 12:42:00,218,218,218,218,0
2021-11-29 12:43:00,218,218,218,218,0
2021-11-29 12:44:00,218,218,218,218,0
2021-11-29 12:45:00,218,218,218,218,0
2021-11-29 12:46:00,218,218,218,218,0
2021-11-29 12:47:00,218,218,218,218,0
2021-11-29 12:48:00,218,218,218,218,0
2021-11-29 12:49:00,218,218,218,218,0
2021-11-29 12:50:00,218,218,218,218,0
2021-11-29 12:51:00,218,218,218,218,0
2021-11-29 12:52:00,218,218,218,218,0
2021-11-29 12:53:00,218,218,218,218,0
2021-11-29 12:54:00,218,218,218,218,0
2021-11-29 12:55:00,218,218,218,218,0
2021-11-29 12:56:00,218,218,218,218,0
2021-11-29 12:57:00,218,218,218,218,0
2021-11-29 12:58:00,218,218,218,218,0
2021-11-29 12:59:00,218,218,218,218,0
2021-11-29 13:00:00,218,218,218,218,0
2021-11-29 13:01:00,218,218,218,218,0
2021-11-29 13:02:00,218,218,218,218,0
2021-11-29 13:03:00,218,218,218,218,0
2021-11-29 13:04:00,218,218,218,218,0
2021-11-29 13:05:00,218,218,218,218,0
2021-11-29 13:06:00,218,218,218,218,0
2021-11-29 13:07:00,218,218,218,218,0
2021-11-29 13:08:00,218,218,218,218,0
2021-11-29 13:09:00,218,218,218,218,0
2021-11-29 13:10:00,218,218,218,218,0
2021-11-29 13:11:00,218,218,218,218,0
2021-11-29 13:12:00,218,218,218,218,0
2021-11-29 13:13:00,218,218,218,218,0
2021-11-29 13:14:00,218,218,218,218,0
2021-11-29 13:15:00,218,218,218,218,0
2021-11-29 13:16:00,218,218,218,218,0
2021-11-29 13:17:00,218,218,218,218,0
2021-11-29 13:18:00,218,218,218,218,0
2021-11-29 13:19:00,218,218,218,218,0
2021-11-29 13:20:00,218,218,218,218,0
2021-11-29 13:21:00,218,218,218,218,0
2021-11-29 13:22:00,218,218,218,218,0
2021-11-29 13:23:00,218,218,218,218,0
2021-11-29 13:24:00,218,218,218,218,0
2021-11-29 13:25:00,218,218,218,218,0
2021-11-29 13:26:00,218,218,218,218,0
2021-11-29 13:27:00,218,218,218,218,0
2021-11-29 13:28:00,218,218,218,218,0
2021-11-29 13:29:00,218,218,218,218,0
2021-11-29 13:30:00,218,218,218,218,0
2021-11-29 13:31:00,218,218,218,218,0
2021-11-29 13:32:00,218,218,218,218,0
2021-11-29 13:33:00,218,218,218,218,0
2021-11-29 13:34:00,218,218,218,218,0
2021-11-29 13:35:00,218,218,218,218,0
2021-11-29 13:36:00,218,218,218,218,0
2021-11-29 13:37:00,218,218,218,218,0
2021-11-29 13:38:00,218,218,218,218,0
2021-11-29 13:39:00,218,218,218,218,0
2021-11-29 13:40:00,218,218,218,218,0
2021-11-29 13:41:00,218,218,218,218,0
2021-11-29 13:42:00,218,218,218,218,0
2021-11-29 13:43:00,218,218,218,218,0
2021-11-29 13:44:00,218,218,218,218,0
2021-11-29 13:45:00,218,218,218,218,0
2021-11-29 13:46:00,218,218,218,218,0
2021-11-29 13:47:00,218,218,218,218,0
2021-11-29 13:48:00,218,218,218,218,0
2021-11-29 13:49:00,218,218,218,218,0
2021-11-29 13:50:00,218,218,218,218,0
2021-11-29 13:51:00,218,218,218,218,0
2021-11-29 13:52:00,218,218,218,218,0
2021-11-29 13:53:00,218,218,218,218,0
2021-11-29 13:54:00,218,218,218,218,0
2021-11-29 13:55:00,218,218,218,218,0
2021-11-29 13:56:00,218,218,218,218,0
2021-11-29 13:57:00,218,218,218,218,0
2021-11-29 13:58:00,218,218,218,218,0
2021-11-29 13:59:00,218,218,218,218,0
2021-11-29 14:00:00,218,218,218,218,0
2021-11-29 14:01:00,218,218,218,218,0
2021-11-29 14:02:00,218,218,218,218,0
2021-11-29 14:03:00,218,218,218,218,0
2021-11-29 14:04:00,218,218,218,218,0
2021-11-29 14:05:00,218,218,218,218,0
2021-11-29 14:06:00,218,218,218,218,0
2021-11-29 14:07:00,218,218,218,218,0
2021-11-29 14:08:00,218,218,218,218,0
2021-11-29 14:09:00,218,218,218,218,0
2021-11-29 14:10:00,218,218,218,218,0
2021-11-29 14:11:00,218,218,218,218,0
2021-11-29 14:12:00,218,218,218,218,0
2021-11-29 14:13:00,218,218,218,218,0
2021-11-29 14:14:00,218,218,218,218,0
2021-11-29 14:15:00,218,218,218,218,0
2021-11-29 14:16:00,218,218,218,218,0
2021-11-29 14:17:00,218,218,218,218,0
2021-11-29 14:18:00,218,218,218,218,0
2021-11-29 14:19:00,218,218,218,218,0
2021-11-29 14:20:00,218,218,218,218,0
2021-11-29 14:21:00,218,218,218,218,0
2021-11-29 14:22:00,218,218,218,218,0
2021-11-29 14:23:00,218,218,218,218,0
2021-11-29 14:24:00,218,218,218,218,0
2021-11-29 14:25:00,218,218,218,218,0
2021-11-29 14:26:00,218,218,218,218,0
2021-11-29 14:27:00,218,218,218,218,0
2021-11-29 14:28:00,218,218,218,218,0
2021-11-29 14:29:00,218,218,218,218,0
2021-11-29 14:30:00,218,218,218,218,0
2021-11-29 14:31:00,218,218,218,218,0
2021-11-29 14:32:00,218,218,218,218,0
2021-11-29 14:33:00,218,218,218,218,0
2021-11-29 14:34:00,218,218,218,218,0
2021-11-29 14:35:00,218,218,218,218,0
2021-11-29 14:36:00,218,218,218,218,0
2021-11-29 14:37:00,218,218,218,218,0
2021-11-29 14:38:00,218,218,218,218,0
2021-11-29 14:39:00,218,218,218,218,0
2021-11-29 14:40:00,218,218,218,218,0
2021-11-29 14:41:00,218,218,218,218,0
2021-11-29 14:42:00,218,218,218,218,0
2021-11-29 14:43:00,218,218,218,218,0
2021-11-29 14:44:00,218,218,218,218,0
2021-11-29 14:45:00,218,218,218,218,0
2021-11-29 14:46:00,218,218,218,218,0
2021-11-29 14:47:00,218,218,218,218,0
2021-11-29 14:48:00,218,218,218,218,0
2021-11-29 14:49:00,218,218,218,218,0
2021-11-29 14:50:00,218,218,218,218,0
2021-11-29 14:51:00,218,218,218,218,0
2021-11-29 14:52:00,218,218,218,218,0
2021-11-29 14:53:00,218,218,218,218,0
2021-11-29 14:54:00,218,218,218,218,0
2021-11-29 14:55:00,218,218,218,218,0
2021-11-29 14:56:00,218,218,218,218,0
2021-11-29 14:57:00,218,218,218,218,0
2021-11-29 14:58:00,218,218,218,218,0
2021-11-29 14:59:00,218,218,218,218,0
2021-11-29 15:00:00,218,218,218,218,0
2021-11-29 15:01:00,218,218,218,218,0
2021-11-29 15:02:00,218,218,218,218,0
2021-11-29 15:03:00,218,218,218,218,0
2021-11-29 15:04:00,218,218,218,218,0
2021-11-29 15:05:00,218,218,218,218,0
2021-11-29 15:06:00,218,218,218,218,0
2021-11-29 15:07:00,218,218,218,218,0
2021-11-29 15:08:00,218,218,218,218,0
2021-11-29 15:09:00,218,218,218,218,0
2021-11-29 15:10:00,218,218,218,218,0
2021-11-29 15:11:00,218,218,218,218,0
2021-11-29 15:12:00,218,218,218,218,0
2021-11-29 15:13:00,218,218,218,218,0
2021-11-29 15:14:00,218,218,218,218,0
2021-11-29 15:15:00,218,218,218,218,0
2021-11-29 15:16:00,218,218,218,218,0
2021-11-29 15:17:00,218,218,218,218,0
2021-11-29 15:18:00,218,218,218,218,0
2021-11-29 15:19:00,218,218,218,218,0
2021-11-29 15:20:00,218,218,218,218,0
2021-11-29 15:21:00,218,218,218,218,0
2021-11-29 15:22:00,218,218,218,218,0
2021-11-29 15:23:00,218,218,218,218,0
2021-11-29 15:24:00,218,218,218,218,0
2021-11-29 15:25:00,218,218,218,218,0
2021-11-29 15:26:00,218,218,218,218,0
2021-11-29 15:27:00,218,218,218,218,0
2021-11-29 15:28:00,218,218,218,218,0
2021-11-29 15:29:00,218,218,218,218,0
2021-11-29 15:30:00,218,218,218,218,0
2021-11-29 15:31:00,218,218,218,218,0
2021-11-29 15:32:00,218,218,218,218,0
2021-11-29 15:33:00,218,218,218,218,0
2021-11-29 15:34:00,218,218,218,218,0
2021-11-29 15:35:00,218,218,218,218,0
2021-11-29 15:36:00,218,218,218,218,0
2021-11-29 15:37:00,218,218,218,218,0
2021-11-29 15:38:00,218,218,218,218,0
2021-11-29 15:39:00,218,218,218,218,0
2021-11-29 15:40:00,218,218,218,218,0
2021-11-29 15:41:00,218,218,218,218,0
2021-11-29 15:42:00,218,218,218,218,0
2021-11-29 15:43:00,218,218,218,218,0
2021-11-29 15:44:00,218,218,218,218,0
2021-11-29 15:45:00,218,218,218,218,0
2021-11-29 15:46:00,218,218,218,218,0
2021-11-29 15:47:00,218,218,218,218,0
2021-11-29 15:48:00,218,218,218,218,0
2021-11-29 15:49:00,218,218,218,218,0
2021-11-29 15:50:00,218,218,218,218,0
2021-11-29 15:51:00,218,218,218,218,0
2021-11-29 15:52:00,218,218,218,218,0
2021-11-29 15:53:00,218,218,218,218,0
2021-11-29 15:54:00,218,218,218,218,0
2021-11-29 15:55:00,218,218,218,218,0
2021-11-29 15:56:00,218,218,218,218,0
2021-11-29 15:57:00,218,218,218,218,0
2021-11-29 15:58:00,218,218,218,218,0
2021-11-29 15:59:00,218,218,218,218,0
2021-11-30 09:00:00,218,218,218,218,0
2021-11-30 09:01:00,218,218,218,218,0
2021-11-30 09:02:00,218,218,218,218,0
2021-11-30 09:03:00,218,218,218,218,0
2021-11-30 09:04:00,218,218,218,218,0
2021-11-30 09:05:00,218,218,218,218,0
2021-11-30 09:06:00,218,218,218,218,0
2021-11-30 09:07:00,218,218,218,218,0
2021-11-30 09:08:00,218,218,218,218,0
2021-11-30 09:09:00,218,218,218,218,0
2021-11-30 09:10:00,218,218,218,218,0
2021-11-30 09:11:00,218,218,218,218,0
2021-11-30 09:12:00,218,218,218,218,0
2021-11-30 09:13:00,218,218,218,218,0
2021-11-30 09:14:00,218,218,218,218,0
2021-11-30 09:15:00,218,218,218,218,0
2021-11-30 09:16:00,218,218,218,218,0
2021-11-30 09:17:00,218,218,218,218,0
2021-11-30 09:18:00,218,218,218,218,0
2021-11-30 09:19:00,218,218,218,218,0
2021-11-30 09:20:00,218,218,218,218,0
2021-11-30 09:21:00,218,218,218,218,0
2021-11-30 09:22:00,218,218,218,218,0
2021-11-30 09:23:00,218,218,218,218,0
2021-11-30 09:24:00,218,218,218,218,0
2021-11-30 09:25:00,218,218,218,218,0
2021-11-30 09:26:00,218,218,218,218,0
2021-11-30 09:27:00,218,218,218,218,0
2021-11-30 09:28:00,218,218,218,218,0
2021-11-30 09:29:00,218,218,218,218,0
2021-11-30 09:30:00,218,218,218,218,0
2021-11-30 09:31:00,218,218,218,218,0
2021-11-30 09:32:00,218,218,218,218,0
2021-11-30 09:33:00,218,218,218,218,0
2021-11-30 09:34:00,218,218,218,218,0
2021-11-30 09:35:00,218,218,218,218,0
2021-11-30 09:36:00,218,218,218,218,0
2021-11-30 09:37:00,218,218,218,218,0
2021-11-30 09:38:00,218,218,218,218,0
2021-11-30 09:39:00,218,218,218,218,0
2021-11-30 09:40:00,218,218,218,218,0
2021-11-30 09:41:00,218,218,218,218,0
2021-11-30 09:42:00,218,218,218,218,0
2021-11-30 09:43:00,218,218,218,218,0
2021-11-30 09:44:00,218,218,218,218,0
2021-11-30 09:45:00,218,218,218,218,0
2021-11-30 09:46:00,218,218,218,218,0
2021-11-30 09:47:00,218,218,218,218,0
2021-11-30 09:48:00,218,218,218,218,0
2021-11-30 09:49:00,218,218,218,218,0
2021-11-30 09:50:00,218,218,218,218,0
2021-11-30 09:51:00,218,218,218,218,0
2021-11-30 09:52:00,218,218,218,218,0
2021-11-30 09:53:00,218,218,218,218,0
2021-11-30 09:54:00,218,218,218,218,0
2021-11-30 09:55:00,218,218,218,218,0
2021-11-30 09:56:00,218,218,218,218,0
2021-11-30 09:57:00,218,218,218,218,0
2021-11-30 09:58:00,218,218,218,218,0
2021-11-30 09:59:00,218,218,218,218,0
2021-11-30 10:00:00,218,218,218,218,0
2021-11-30 10:01:00,218,218,218,218,0
2021-11-30 10:02:00,218,218,218,218,0
2021-11-30 10:03:00,218,218,218,218,0
2021-11-30 10:04:00,218,218,218,218,0
2021-11-30 10:05:00,218,218,218,218,0
2021-11-30 10:06:00,218,218,218,218,0
2021-11-30 10:07:00,218,218,218,218,0
2021-11-30 10:08:00,218,218,218,218,0
2021-11-30 10:09:00,218,218,218,218,0
2021-11-30 10:10:00,218,218,218,218,0
2021-11-30 10:11:00,218,218,218,218,0
2021-11-30 10:12:00,218,218,218,218,0
2021-11-30 10:13:00,218,218,218,218,0
2021-11-30 10:14:00,218,218,218,218,0
2021-11-30 10:15:00,218,218,218,218,0
2021-11-30 10:16:00,218,218,218,218,0
2021-11-30 10:17:00,218,218,218,218,0
2021-11-30 10:18:00,218,218,218,218,0
2021-11-30 10:19:00,218,218,218,218,0
2021-11-30 10:20:00,218,218,218,218,0
2021-11-30 10:21:00,218,218,218,218,0
2021-11-30 10:22:00,218,218,218,218,0
2021-11-30 10:23:00,218,218,218,218,0
2021-11-30 10:24:00,218,218,218,218,0
2021-11-30 10:25:00,218,218,218,218,0
2021-11-30 10:26:00,218,218,218,218,0
2021-11-30 10:27:00,218,218,218,218,0
2021-11-30 10:28:00,218,218,218,218,0
2021-11-30 10:29:00,218,218,218,218,0
2021-11-30 10:30:00,218,218,218,218,0
2021-11-30 10:31:00,218,218,218,218,0
2021-11-30 10:32:00,218,218,218,218,0
2021-11-30 10:33:00,218,218,218,218,0
2021-11-30 10:34:00,218,218,218,218,0
2021-11-30 10:35:00,218,218,218,218,0
2021-11-30 10:36:00,218,218,218,218,0
2021-11-30 10:37:00,218,218,218,218,0
2021-11-30 10:38:00,218,218,218,218,0
2021-11-30 10:39:00,218,218,218,218,0
2021-11-30 10:40:00,218,218,218,218,0
2021-11-30 10:41:00,218,218,218,218,0
2021-11-30 10:42:00,218,218,218,218,0
2021-11-30 10:43:00,218,218,218,218,0
2021-11-30 10:44:00,218,218,218,218,0
2021-11-30 10:45:00,218,218,218,218,0
2021-11-30 10:46:00,218,218,218,218,0
2021-11-30 10:47:00,218,218,218,218,0
2021-11-30 10:48:00,218,218,218,218,0
2021-11-30 10:49:00,218,218,218,218,0
2021-11-30 10:50:00,218,218,218,218,0
2021-11-30 10:51:00,218,218,218,218,0
2021-11-30 10:52:00,218,218,218,218,0
2021-11-30 10:53:00,218,218,218,218,0
2021-11-30 10:54:00,218,218,218,218,0
2021-11-30 10:55:00,218,218,218,218,0
2021-11-30 10:56:00,218,218,218,218,0
2021-11-30 10:57:00,218,218,218,218,0
2021-11-30 10:58:00,218,218,218,218,0
2021-11-30 10:59:00,218,218,218,218,0
2021-11-30 11:00:00,218,218,218,218,0
2021-11-30 11:01:00,218,218,218,218,0
2021-11-30 11:02:00,218,218,218,218,0
2021-11-30 11:03:00,218,218,218,218,0
2021-11-30 11:04:00,218,218,218,218,0
2021-11-30 11:05:00,218,218,218,218,0
2021-11-30 11:06:00,218,218,218,218,0
2021-11-30 11:07:00,218,218,218,218,0
2021-11-30 11:08:00,218,218,218,218,0
2021-11-30 11:09:00,218,218,218,218,0
2021-11-30 11:10:00,218,218,218,218,0
2021-11-30 11:11:00,218,218,218,218,0
2021-11-30 11:12:00,218,218,218,218,0
2021-11-30 11:13:00,218,218,218,218,0
2021-11-30 11:14:00,218,218,218,218,0
2021-11-30 11:15:00,218,218,218,218,0
2021-11-30 11:16:00,218,218,218,218,0
2021-11-30 11:17:00,218,218,218,218,0
2021-11-30 11:18:00,218,218,218,218,0
2021-11-30 11:19:00,218,218,218,218,0
2021-11-30 11:20:00,218,218,218,218,0
2021-11-30 11:21:00,218,218,218,218,0
2021-11-30 11:22:00,218,218,218,218,0
2021-11-30 11:23:00,218,218,218,218,0
2021-11-30 11:24:00,218,218,218,218,0
2021-11-30 11:25:00,218,218,218,218,0
2021-11-30 11:26:00,218,218,218,218,0
2021-11-30 11:27:00,218,218,218,218,0
2021-11-30 11:28:00,218,218,218,218,0
2021-11-30 11:29:00,218,218,218,218,0
2021-11-30 11:30:00,218,218,218,218,0
2021-11-30 11:31:00,218,218,218,218,0
2021-11-30 11:32:00,218,218,218,218,0
2021-11-30 11:33:00,218,218,218,218,0
2021-11-30 11:34:00,218,218,218,218,0
2021-11-30 11:35:00,218,218,218,218,0
2021-11-30 11:36:00,218,218,218,218,0
2021-11-30 11:37:00,218,218,218,218,0
2021-11-30 11:38:00,218,218,218,218,0
2021-11-30 11:39:00,218,218,218,218,0
2021-11-30 11:40:00,218,218,218,218,0
2021-11-30 11:41:00,218,218,218,218,0
2021-11-30 11:42:00,218,218,218,218,0
2021-11-30 11:43:00,218,218,218,218,0
2021-11-30 11:44:00,218,218,218,218,0
2021-11-30 11:45:00,218,218,218,218,0
2021-11-30 11:46:00,218,218,218,218,0
2021-11-30 11:47:00,218,218,218,218,0
2021-11-30 11:48:00,218,218,218,218,0
2021-11-30 11:49:00,218,218,218,218,0
2021-11-30 11:50:00,218,218,218,218,0
2021-11-30 11:51:00,218,218,218,218,0
2021-11-30 11:52:00,218,218,218,218,0
2021-11-30 11:53:00,218,218,218,218,0
2021-11-30 11:54:00,218,218,218,218,0
2021-11-30 11:55:00,218,218,218,218,0
2021-11-30 11:56:00,218,218,218,218,0
2021-11-30 11:57:00,218,218,218,218,0
2021-11-30 11:58:00,218,218,218,218,0
2021-11-30 11:59:00,218,218,218,218,0
2021-11-30 12:00:00,218,218,218,218,0
2021-11-30 12:01:00,218,218,218,218,0
2021-11-30 12:02:00,218,218,218,218,0
2021-11-30 12:03:00,218,218,218,218,0
2021-11-30 12:04:00,218,218,218,218,0
2021-11-30 12:05:00,218,218,218,218,0
2021-11-30 12:06:00,218,218,218,218,0
2021-11-30 12:07:00,218,218,218,218,0
2021-11-30 12:08:00,218,218,218,218,0
2021-11-30 12:09:00,218,218,218,218,0
2021-11-30 12:10:00,218,218,218,218,0
2021-11-30 12:11:00,218,218,218,218,0
2021-11-30 12:12:00,218,218,218,218,0
2021-11-30 12:13:00,218,218,218,218,0
2021-11-30 12:14:00,218,218,218,218,0
2021-11-30 12:15:00,218,218,218,218,0
2021-11-30 12:16:00,218,218,218,218,0
2021-11-30 12:17:00,218,218,218,218,0
2021-11-30 12:18:00,218,218,218,218,0
2021-11-30 12:19:00,218,218,218,218,0
2021-11-30 12:20:00,218,218,218,218,0
2021-11-30 12:21:00,218,218,218,218,0
2021-11-30 12:22:00,218,218,218,218,0
2021-11-30 12:23:00,218,218,218,218,0
2021-11-30 12:24:00,218,218,218,218,0
2021-11-30 12:25:00,218,218,218,218,0
2021-11-30 12:26:00,218,218,218,218,0
2021-11-30 12:27:00,218,218,218,218,0
2021-11-30 12:28:00,218,218,218,218,0
2021-11-30 12:29:00,218,218,218,218,0
2021-11-30 12:30:00,218,218,218,218,0
2021-11-30 12:31:00,218,218,218,218,0
2021-11-30 12:32:00,218,218,218,218,0
2021-11-30 12:33:00,218,218,218,218,0
2021-11-30 12:34:00,218,218,218,218,0
2021-11-30 12:35:00,218,218,218,218,0
2021-11-30 12:36:00,218,218,218,218,0
2021-11-30 12:37:00,218,218,218,218,0
2021-11-30 12:38:00,218,218,218,218,0
2021-11-30 12:39:00,218,218,218,218,0
2021-11-30 12:40:00,218,218,218,218,0
2021-11-30 12:41:00,218,218,218,218,0
2021-11-30 12:42:00,218,218,218,218,0
2021-11-30 12:43:00,218,218,218,218,0
2021-11-30 12:44:00,218,218,218,218,0
2021-11-30 12:45:00,218,218,218,218,0
2021-11-30 12:46:00,218,218,218,218,0
2021-11-30 12:47:00,218,218,218,218,0
2021-11-30 12:48:00,218,218,218,218,0
2021-11-30 12:49:00,218,218,218,218,0
2021-11-30 12:50:00,218,218,218,218,0
2021-11-30 12:51:00,218,218,218,218,0
2021-11-30 12:52:00,218,218,218,218,0
2021-11-30 12:53:00,218,218,218,218,0
2021-11-30 12:54:00,218,218,218,218,0
2021-11-30 12:55:00,218,218,218,218,0
2021-11-30 12:56:00,218,218,218,218,0
2021-11-30 12:57:00,218,218,218,218,0
2021-11-30 12:58:00,218,218,218,218,0
2021-11-30 12:59:00,218,218,218,218,0
2021-11-30 13:00:00,218,218,218,218,0
2021-11-30 13:01:00,218,218,218,218,0
2021-11-30 13:02:00,218,218,218,218,0
2021-11-30 13:03:00,218,218,218,218,0
2021-11-30 13:04:00,218,218,218,218,0
2021-11-30 13:05:00,218,218,218,218,0
2021-11-30 13:06:00,218,218,218,218,0
2021-11-30 13:07:00,218,218,218,218,0
2021-11-30 13:08:00,218,218,218,218,0
2021-11-30 13:09:00,218,218,218,218,0
2021-11-30 13:10:00,218,218,218,218,0
2021-11-30 13:11:00,218,218,218,218,0
2021-11-30 13:12:00,218,218,218,218,0
2021-11-30 13:13:00,218,218,218,218,0
2021-11-30 13:14:00,218,218,218,218,0
2021-11-30 13:15:00,218,218,218,218,0
2021-11-30 13:16:00,218,218,218,218,0
2021-11-30 13:17:00,218,218,218,218,0
2021-11-30 13:18:00,218,218,218,218,0
2021-11-30 13:19:00,218,218,218,218,0
2021-11-30 13:20:00,218,218,218,218,0
2021-11-30 13:21:00,218,218,218,218,0
2021-11-30 13:22:00,218,218,218,218,0
2021-11-30 13:23:00,218,218,218,218,0
2021-11-30 13:24:00,218,218,218,218,0
2021-11-30 13:25:00,218,218,218,218,0
2021-11-30 13:26:00,218,218,218,218,0
2021-11-30 13:27:00,218,218,218,218,0
2021-11-30 13:28:00,218,218,218,218,0
2021-11-30 13:29:00,218,218,218,218,0
2021-11-30 13:30:00,218,218,218,218,0
2021-11-30 13:31:00,218,218,218,218,0
2021-11-30 13:32:00,218,218,218,218,0
2021-11-30 13:33:00,218,218,218,218,0
2021-11-30 13:34:00,218,218,218,218,0
2021-11-30 13:35:00,218,218,218,218,0
2021-11-30 13:36:00,218,218,218,218,0
2021-11-30 13:37:00,218,218,218,218,0
2021-11-30 13:38:00,218,218,218,218,0
2021-11-30 13:39:00,218,218,218,218,0
2021-11-30 13:40:00,218,218,218,218,0
2021-11-30 13:41:00,218,218,218,218,0
2021-11-30 13:42:00,218,218,218,218,0
2021-11-30 13:43:00,218,218,218,218,0
2021-11-30 13:44:00,218,218,218,218,0
2021-11-30 13:45:00,218,218,218,218,0
2021-11-30 13:46:00,218,218,218,218,0
2021-11-30 13:47:00,218,218,218,218,0
2021-11-30 13:48:00,218,218,218,218,0
2021-11-30 13:49:00,218,218,218,218,0
2021-11-30 13:50:00,218,218,218,218,0
2021-11-30 13:51:00,218,218,218,218,0
2021-11-30 13:52:00,218,218,218,218,0
2021-11-30 13:53:00,218,218,218,218,0
2021-11-30 13:54:00,218,218,218,218,0
2021-11-30 13:55:00,218,218,218,218,0
2021-11-30 13:56:00,218,218,218,218,0
2021-11-30 13:57:00,218,218,218,218,0
2021-11-30 13:58:00,218,218,218,218,0
2021-11-30 13:59:00,218,218,218,218,0
2021-11-30 14:00:00,218,218,218,218,0
2021-11-30 14:01:00,218,218,218,218,0
2021-11-30 14:02:00,218,218,218,218,0
2021-11-30 14:03:00,218,218,218,218,0
2021-11-30 14:04:00,218,218,218,218,0
2021-11-30 14:05:00,218,218,218,218,0
2021-11-30 14:06:00,218,218,218,218,0
2021-11-30 14:07:00,218,218,218,218,0
2021-11-30 14:08:00,218,218,218,218,0
2021-11-30 14:09:00,218,218,218,218,0
2021-11-30 14:10:00,218,218,218,218,0
2021-11-30 14:11:00,218,218,218,218,0
2021-11-30 14:12:00,218,218,218,218,0
2021-11-30 14:13:00,218,218,218,218,0
2021-11-30 14:14:00,218,218,218,218,0
2021-11-30 14:15:00,218,218,218,218,0
2021-11-30 14:16:00,218,218,218,218,0
2021-11-30 14:17:00,218,218,218,218,0
2021-11-30 14:18:00,218,218,218,218,0
2021-11-30 14:19:00,218,218,218,218,0
2021-11-30 14:20:00,218,218,218,218,0
2021-11-30 14:21:00,218,218,218,218,0
2021-11-30 14:22:00,218,218,218,218,0
2021-11-30 14:23:00,218,218,218,218,0
2021-11-30 14:24:00,218,218,218,218,0
2021-11-30 14:25:00,218,218,218,218,0
2021-11-30 14:26:00,218,218,218,218,0
2021-11-30 14:27:00,218,218,218,218,0
2021-11-30 14:28:00,218,218,218,218,0
2021-11-30 14:29:00,218,218,218,218,0
2021-11-30 14:30:00,218,218,218,218,0
2021-11-30 14:31:00,218,218,218,218,0
2021-11-30 14:32:00,218,218,218,218,0
2021-11-30 14:33:00,218,218,218,218,0
2021-11-30 14:34:00,218,218,218,218,0
2021-11-30 14:35:00,218,218,218,218,0
2021-11-30 14:36:00,218,218,218,218,0
2021-11-30 14:37:00,218,218,218,218,0
2021-11-30 14:38:00,218,218,218,218,0
2021-11-30 14:39:00,218,218,218,218,0
2021-11-30 14:40:00,218,218,218,218,0
2021-11-30 14:41:00,218,218,218,218,0
2021-11-30 14:42:00,218,218,218,218,0
2021-11-30 14:43:00,218,218,218,218,0
2021-11-30 14:44:00,218,218,218,218,0
2021-11-30 14:45:00,218,218,218,218,0
2021-11-30 14:46:00,218,218,218,218,0
2021-11-30 14:47:00,218,218,218,218,0
2021-11-30 14:48:00,218,218,218,218,0
2021-11-30 14:49:00,218,218,218,218,0
2021-11-30 14:50:00,218,218,218,218,0
2021-11-30 14:51:00,218,218,218,218,0
2021-11-30 14:52:00,218,218,218,218,0
2021-11-30 14:53:00,218,218,218,218,0
2021-11-30 14:54:00,218,218,218,218,0
2021-11-30 14:55:00,218,218,218,218,0
2021-11-30 14:56:00,218,218,218,218,0
2021-11-30 14:57:00,218,218,218,218,0
2021-11-30 14:58:00,218,218,218,218,0
2021-11-30 14:59:00,218,218,218,218,0
2021-11-30 15:00:00,218,218,218,218,0
2021-11-30 15:01:00,218,218,218,218,0
2021-11-30 15:02:00,218,218,218,218,0
2021-11-30 15:03:00,218,218,218,218,0
2021-11-30 15:04:00,218,218,218,218,0
2021-11-30 15:05:00,218,218,218,218,0
2021-11-30 15:06:00,218,218,218,218,0
2021-11-30 15:07:00,218,218,218,218,0
2021-11-30 15:08:00,218,218,218,218,0
2021-11-30 15:09:00,218,218,218,218,0
2021-11-30 15:10:00,218,218,218,218,0
2021-11-30 15:11:00,218,218,218,218,0
2021-11-30 15:12:00,218,218,218,218,0
2021-11-30 15:13:00,218,218,218,218,0
2021-11-30 15:14:00,218,218,218,218,0
2021-11-30 15:15:00,218,218,218,218,0
2021-11-30 15:16:00,218,218,218,218,0
2021-11-30 15:17:00,218,218,218,218,0
2021-11-30 15:18:00,218,218,218,218,0
2021-11-30 15:19:00,218,218,218,218,0
2021-11-30 15:20:00,218,218,218,218,0
2021-11-30 15:21:00,218,218,218,218,0
2021-11-30 15:22:00,218,218,218,218,0
2021-11-30 15:23:00,218,218,218,218,0
2021-11-30 15:24:00,218,218,218,218,0
2021-11-30 15:25:00,218,218,218,218,0
2021-11-30 15:26:00,218,218,218,218,0
2021-11-30 15:27:00,218,218,218,218,0
2021-11-30 15:28:00,218,218,218,218,0
2021-11-30 15:29:00,218,218,218,218,0
2021-11-30 15:30:00,218,218,218,218,0
2021-11-30 15:31:00,218,218,218,218,0
2021-11-30 15:32:00,218,218,218,218,0
2021-11-30 15:33:00,218,218,218,218,0
2021-11-30 15:34:00,218,218,218,218,0
2021-11-30 15:35:00,218,218,218,218,0
2021-11-30 15:36:00,218,218,218,218,0
2021-11-30 15:37:00,218,218,218,218,0
2021-11-30 15:38:00,218,218,218,218,0
2021-11-30 15:39:00,218,218,218,218,0
2021-11-30 15:40:00,218,218,218,218,0
2021-11-30 15:41:00,218,218,218,218,0
2021-11-30 15:42:00,218,218,218,218,0
2021-11-30 15:43:00,218,218,218,218,0
2021-11-30 15:44:00,218,218,218,218,0
2021-11-30 15:45:00,218,218,218,218,0
2021-11-30 15:46:00,218,218,218,218,0
2021-11-30 15:47:00,218,218,218,218,0
2021-11-30 15:48:00,218,218,218,218,0
2021-11-30 15:49:00,218,218,218,218,0
2021-11-30 15:50:00,218,218,218,218,0
2021-11-30 15:51:00,218,218,218,218,0
2021-11-30 15:52:00,218,218,218,218,0
2021-11-30 15:53:00,218,218,218,218,0
2021-11-30 15:54:00,218,218,218,218,0
2021-11-30 15:55:00,218,218,218,218,0
2021-11-30 15:56:00,218,218,218,218,0
2021-11-30 15:57:00,218,218,218,218,0
2021-11-30 15:58:00,218,218,218,218,0
2021-11-30 15:59:00,218,218,218,218,0
2021-12-01 09:00:00,218,218,218,218,0
2021-12-01 09:01:00,218,218,218,218,0
2021-12-01 09:02:00,218,218,218,218,0
2021-12-01 09:03:00,218,218,218,218,0
2021-12-01 09:04:00,218,218,218,218,0
2021-12-01 09:05:00,218,218,218,218,0
2021-12-01 09:06:00,218,218,218,218,0
2021-12-01 09:07:00,218,218,218,218,0
2021-12-01 09:08:00,218,218,218,218,0
2021-12-01 09:09:00,218,218,218,218,200
2021-12-01 09:10:00,218,218,218,218,0
2021-12-01 09:11:00,218,218,218,218,0
2021-12-01 09:12:00,218,218,218,218,0
2021-12-01 09:13:00,218,218,218,218,0
2021-12-01 09:14:00,218,218,218,218,0
2021-12-01 09:15:00,218,218,218,218,0
2021-12-01 09:16:00,218,218,218,218,0
2021-12-01 09:17:00,218,218,218,218,0
2021-12-01 09:18:00,218,218,218,218,0
2021-12-01 09:19:00,218,218,218,218,0
2021-12-01 09:20:00,218,218,218,218,0
2021-12-01 09:21:00,218,218,218,218,0
2021-12-01 09:22:00,218,218,218,218,0
2021-12-01 09:23:00,218,218,218,218,0
2021-12-01 09:24:00,218,218,218,218,0
2021-12-01 09:25:00,218,218,218,218,0
2021-12-01 09:26:00,218,218,218,218,0
2021-12-01 09:27:00,218,218,218,218,0
2021-12-01 09:28:00,218,218,218,218,0
2021-12-01 09:29:00,218,218,218,218,0
2021-12-01 09:30:00,218,218,218,218,0
2021-12-01 09:31:00,218,218,218,218,0
2021-12-01 09:32:00,218,218,218,218,0
2021-12-01 09:33:00,218,218,218,218,0
2021-12-01 09:34:00,218,218,218,218,0
2021-12-01 09:35:00,218,218,218,218,0
2021-12-01 09:36:00,218,218,218,218,0
2021-12-01 09:37:00,218,218,218,218,0
2021-12-01 09:38:00,218,218,218,218,0
2021-12-01 09:39:00,218,218,218,218,0
2021-12-01 09:40:00,218,218,218,218,0
2021-12-01 09:41:00,218,218,218,218,0
2021-12-01 09:42:00,218,218,218,218,0
2021-12-01 09:43:00,218,218,218,218,0
2021-12-01 09:44:00,218,218,218,218,0
2021-12-01 09:45:00,218,218,218,218,0
2021-12-01 09:46:00,218,218,218,218,0
2021-12-01 09:47:00,218,218,218,218,0
2021-12-01 09:48:00,218,218,218,218,0
2021-12-01 09:49:00,218,218,218,218,0
2021-12-01 09:50:00,218,218,218,218,0
2021-12-01 09:51:00,218,218,218,218,0
2021-12-01 09:52:00,218,218,218,218,0
2021-12-01 09:53:00,218,218,218,218,0
2021-12-01 09:54:00,218,218,218,218,0
2021-12-01 09:55:00,218,218,218,218,0
2021-12-01 09:56:00,218,218,218,218,0
2021-12-01 09:57:00,218,218,218,218,0
2021-12-01 09:58:00,218,218,218,218,0
2021-12-01 09:59:00,218,218,218,218,0
2021-12-01 10:00:00,218,218,218,218,0
2021-12-01 10:01:00,218,218,218,218,0
2021-12-01 10:02:00,218,218,218,218,0
2021-12-01 10:03:00,218,218,218,218,2000
2021-12-01 10:04:00,218,218,218,218,0
2021-12-01 10:05:00,218,218,218,218,0
2021-12-01 10:06:00,218,218,218,218,0
2021-12-01 10:07:00,218,218,218,218,0
2021-12-01 10:08:00,218,218,218,218,0
2021-12-01 10:09:00,218,218,218,218,0
2021-12-01 10:10:00,218,218,218,218,0
2021-12-01 10:11:00,218,218,218,218,0
2021-12-01 10:12:00,218,218,218,218,0
2021-12-01 10:13:00,218,218,218,218,0
2021-12-01 10:14:00,218,218,218,218,0
2021-12-01 10:15:00,218,218,218,218,0
2021-12-01 10:16:00,218,218,218,218,0
2021-12-01 10:17:00,218,218,218,218,0
2021-12-01 10:18:00,218,218,218,218,0
2021-12-01 10:19:00,218,218,218,218,0
2021-12-01 10:20:00,230,230,230,230,200
2021-12-01 10:21:00,230,230,230,230,0
2021-12-01 10:22:00,230,230,230,230,0
2021-12-01 10:23:00,230,230,230,230,0
2021-12-01 10:24:00,230,230,230,230,0
2021-12-01 10:25:00,230,230,230,230,0
2021-12-01 10:26:00,230,230,230,230,0
2021-12-01 10:27:00,230,230,230,230,0
2021-12-01 10:28:00,230,230,230,230,0
2021-12-01 10:29:00,230,230,230,230,0
2021-12-01 10:30:00,230,230,230,230,0
2021-12-01 10:31:00,230,230,230,230,0
2021-12-01 10:32:00,230,230,230,230,0
2021-12-01 10:33:00,230,230,230,230,0
2021-12-01 10:34:00,230,230,230,230,0
2021-12-01 10:35:00,230,230,230,230,0
2021-12-01 10:36:00,230,230,230,230,0
2021-12-01 10:37:00,230,230,230,230,0
2021-12-01 10:38:00,230,230,230,230,0
2021-12-01 10:39:00,230,230,230,230,0
2021-12-01 10:40:00,230,230,230,230,0
2021-12-01 10:41:00,230,230,230,230,0
2021-12-01 10:42:00,230,230,230,230,0
2021-12-01 10:43:00,230,230,230,230,0
2021-12-01 10:44:00,230,230,230,230,0
2021-12-01 10:45:00,230,230,230,230,0
2021-12-01 10:46:00,230,230,230,230,0
2021-12-01 10:47:00,230,230,230,230,0
2021-12-01 10:48:00,230,230,230,230,0
2021-12-01 10:49:00,230,230,230,230,0
2021-12-01 10:50:00,230,230,230,230,0
2021-12-01 10:51:00,230,230,230,230,0
2021-12-01 10:52:00,230,230,230,230,0
2021-12-01 10:53:00,230,230,230,230,0
2021-12-01 10:54:00,230,230,230,230,0
2021-12-01 10:55:00,230,230,230,230,0
2021-12-01 10:56:00,230,230,230,230,0
2021-12-01 10:57:00,230,230,230,230,0
2021-12-01 10:58:00,230,230,230,230,0
2021-12-01 10:59:00,230,230,230,230,0
2021-12-01 11:00:00,230,230,230,230,0
2021-12-01 11:01:00,230,230,230,230,0
2021-12-01 11:02:00,230,230,230,230,0
2021-12-01 11:03:00,230,230,230,230,0
2021-12-01 11:04:00,230,230,230,230,0
2021-12-01 11:05:00,230,230,230,230,0
2021-12-01 11:06:00,230,230,230,230,0
2021-12-01 11:07:00,230,230,230,230,0
2021-12-01 11:08:00,230,230,230,230,0
2021-12-01 11:09:00,230,230,230,230,0
2021-12-01 11:10:00,230,230,230,230,0
2021-12-01 11:11:00,230,230,230,230,0
2021-12-01 11:12:00,230,230,230,230,0
2021-12-01 11:13:00,230,230,230,230,0
2021-12-01 11:14:00,230,230,230,230,0
2021-12-01 11:15:00,230,230,230,230,0
2021-12-01 11:16:00,230,230,230,230,0
2021-12-01 11:17:00,230,230,230,230,0
2021-12-01 11:18:00,230,230,230,230,0
2021-12-01 11:19:00,230,230,230,230,0
2021-12-01 11:20:00,230,230,230,230,0
2021-12-01 11:21:00,230,230,230,230,0
2021-12-01 11:22:00,230,230,230,230,0
2021-12-01 11:23:00,230,230,230,230,0
2021-12-01 11:24:00,230,230,230,230,0
2021-12-01 11:25:00,230,230,230,230,0
2021-12-01 11:26:00,230,230,230,230,0
2021-12-01 11:27:00,230,230,230,230,0
2021-12-01 11:28:00,230,230,230,230,0
2021-12-01 11:29:00,230,230,230,230,0
2021-12-01 11:30:00,230,230,230,230,0
2021-12-01 11:31:00,230,230,230,230,0
2021-12-01 11:32:00,230,230,230,230,0
2021-12-01 11:33:00,230,230,230,230,0
2021-12-01 11:34:00,230,230,230,230,0
2021-12-01 11:35:00,230,230,230,230,0
2021-12-01 11:36:00,230,230,230,230,0
2021-12-01 11:37:00,230,230,230,230,0
2021-12-01 11:38:00,230,230,230,230,0
2021-12-01 11:39:00,230,230,230,230,0
2021-12-01 11:40:00,230,230,230,230,0
2021-12-01 11:41:00,230,230,230,230,0
2021-12-01 11:42:00,230,230,230,230,0
2021-12-01 11:43:00,230,230,230,230,0
2021-12-01 11:44:00,230,230,230,230,0
2021-12-01 11:45:00,230,230,230,230,0
2021-12-01 11:46:00,230,230,230,230,0
2021-12-01 11:47:00,230,230,230,230,0
2021-12-01 11:48:00,230,230,230,230,0
2021-12-01 11:49:00,230,230,230,230,0
2021-12-01 11:50:00,230,230,230,230,0
2021-12-01 11:51:00,230,230,230,230,0
2021-12-01 11:52:00,230,230,230,230,0
2021-12-01 11:53:00,230,230,230,230,0
2021-12-01 11:54:00,230,230,230,230,0
2021-12-01 11:55:00,230,230,230,230,0
2021-12-01 11:56:00,230,230,230,230,0
2021-12-01 11:57:00,230,230,230,230,0
2021-12-01 11:58:00,230,230,230,230,0
2021-12-01 11:59:00,230,230,230,230,0
2021-12-01 12:00:00,230,230,230,230,0
2021-12-01 12:01:00,230,230,230,230,0
2021-12-01 12:02:00,230,230,230,230,0
2021-12-01 12:03:00,230,230,230,230,0
2021-12-01 12:04:00,230,230,230,230,0
2021-12-01 12:05:00,230,230,230,230,0
2021-12-01 12:06:00,230,230,230,230,0
2021-12-01 12:07:00,230,230,230,230,0
2021-12-01 12:08:00,230,230,230,230,0
2021-12-01 12:09:00,230,230,230,230,0
2021-12-01 12:10:00,230,230,230,230,0
2021-12-01 12:11:00,230,230,230,230,0
2021-12-01 12:12:00,230,230,230,230,0
2021-12-01 12:13:00,230,230,230,230,0
2021-12-01 12:14:00,230,230,230,230,0
2021-12-01 12:15:00,230,230,230,230,0
2021-12-01 12:16:00,230,230,230,230,0
2021-12-01 12:17:00,230,230,230,230,0
2021-12-01 12:18:00,230,230,230,230,0
2021-12-01 12:19:00,230,230,230,230,0
2021-12-01 12:20:00,230,230,230,230,0
2021-12-01 12:21:00,230,230,230,230,0
2021-12-01 12:22:00,230,230,230,230,0
2021-12-01 12:23:00,230,230,230,230,0
2021-12-01 12:24:00,230,230,230,230,0
2021-12-01 12:25:00,230,230,230,230,0
2021-12-01 12:26:00,230,230,230,230,0
2021-12-01 12:27:00,230,230,230,230,0
2021-12-01 12:28:00,230,230,230,230,0
2021-12-01 12:29:00,230,230,230,230,0
2021-12-01 12:30:00,230,230,230,230,0
2021-12-01 12:31:00,230,230,230,230,0
2021-12-01 12:32:00,230,230,230,230,0
2021-12-01 12:33:00,230,230,230,230,0
2021-12-01 12:34:00,230,230,230,230,0
2021-12-01 12:35:00,230,230,230,230,0
2021-12-01 12:36:00,230,230,230,230,0
2021-12-01 12:37:00,230,230,230,230,0
2021-12-01 12:38:00,230,230,230,230,0
2021-12-01 12:39:00,230,230,230,230,0
2021-12-01 12:40:00,230,230,230,230,0
2021-12-01 12:41:00,230,230,230,230,0
2021-12-01 12:42:00,230,230,230,230,0
2021-12-01 12:43:00,230,230,230,230,0
2021-12-01 12:44:00,230,230,230,230,0
2021-12-01 12:45:00,230,230,230,230,0
2021-12-01 12:46:00,230,230,230,230,0
2021-12-01 12:47:00,230,230,230,230,0
2021-12-01 12:48:00,230,230,230,230,0
2021-12-01 12:49:00,230,230,230,230,0
2021-12-01 12:50:00,230,230,230,230,0
2021-12-01 12:51:00,230,230,230,230,0
2021-12-01 12:52:00,230,230,230,230,0
2021-12-01 12:53:00,230,230,230,230,0
2021-12-01 12:54:00,230,230,230,230,0
2021-12-01 12:55:00,230,230,230,230,0
2021-12-01 12:56:00,230,230,230,230,0
2021-12-01 12:57:00,230,230,230,230,0
2021-12-01 12:58:00,230,230,230,230,0
2021-12-01 12:59:00,230,230,230,230,0
2021-12-01 13:00:00,230,230,230,230,0
2021-12-01 13:01:00,230,230,230,230,0
2021-12-01 13:02:00,230,230,230,230,0
2021-12-01 13:03:00,230,230,230,230,0
2021-12-01 13:04:00,230,230,230,230,0
2021-12-01 13:05:00,230,230,230,230,0
2021-12-01 13:06:00,230,230,230,230,0
2021-12-01 13:07:00,230,230,230,230,0
2021-12-01 13:08:00,230,230,230,230,0
2021-12-01 13:09:00,230,230,230,230,0
2021-12-01 13:10:00,230,230,230,230,0
2021-12-01 13:11:00,230,230,230,230,0
2021-12-01 13:12:00,230,230,230,230,0
2021-12-01 13:13:00,230,230,230,230,0
2021-12-01 13:14:00,230,230,230,230,0
2021-12-01 13:15:00,230,230,230,230,0
2021-12-01 13:16:00,230,230,230,230,0
2021-12-01 13:17:00,230,230,230,230,0
2021-12-01 13:18:00,230,230,230,230,0
2021-12-01 13:19:00,230,230,230,230,0
2021-12-01 13:20:00,230,230,230,230,0
2021-12-01 13:21:00,230,230,230,230,0
2021-12-01 13:22:00,230,230,230,230,0
2021-12-01 13:23:00,230,230,230,230,0
2021-12-01 13:24:00,230,230,230,230,0
2021-12-01 13:25:00,230,230,230,230,0
2021-12-01 13:26:00,230,230,230,230,0
2021-12-01 13:27:00,230,230,230,230,0
2021-12-01 13:28:00,230,230,230,230,0
2021-12-01 13:29:00,230,230,230,230,0
2021-12-01 13:30:00,230,230,230,230,0
2021-12-01 13:31:00,230,230,230,230,0
2021-12-01 13:32:00,230,230,230,230,0
2021-12-01 13:33:00,230,230,230,230,0
2021-12-01 13:34:00,230,230,230,230,0
2021-12-01 13:35:00,230,230,230,230,0
2021-12-01 13:36:00,230,230,230,230,0
2021-12-01 13:37:00,230,230,230,230,0
2021-12-01 13:38:00,230,230,230,230,0
2021-12-01 13:39:00,230,230,230,230,100
2021-12-01 13:40:00,230,230,230,230,0
2021-12-01 13:41:00,230,230,230,230,0
2021-12-01 13:42:00,230,230,230,230,0
2021-12-01 13:43:00,230,230,230,230,0
2021-12-01 13:44:00,230,230,230,230,0
2021-12-01 13:45:00,230,230,230,230,2000
2021-12-01 13:46:00,230,230,230,230,100
2021-12-01 13:47:00,230,230,230,230,0
2021-12-01 13:48:00,230,230,230,230,0
2021-12-01 13:49:00,230,230,230,230,0
2021-12-01 13:50:00,230,230,230,230,0
2021-12-01 13:51:00,230,230,230,230,0
2021-12-01 13:52:00,230,230,230,230,0
2021-12-01 13:53:00,230,230,230,230,0
2021-12-01 13:54:00,230,230,230,230,100
2021-12-01 13:55:00,230,230,230,230,0
2021-12-01 13:56:00,230,230,230,230,0
2021-12-01 13:57:00,230,230,230,230,0
2021-12-01 13:58:00,230,230,230,230,0
2021-12-01 13:59:00,230,230,230,230,0
2021-12-01 14:00:00,230,230,230,230,0
2021-12-01 14:01:00,230,230,230,230,0
2021-12-01 14:02:00,230,230,230,230,0
2021-12-01 14:03:00,230,230,230,230,0
2021-12-01 14:04:00,230,230,230,230,0
2021-12-01 14:05:00,230,230,230,230,0
2021-12-01 14:06:00,230,230,230,230,0
2021-12-01 14:07:00,230,230,230,230,0
2021-12-01 14:08:00,230,230,230,230,0
2021-12-01 14:09:00,230,230,230,230,0
2021-12-01 14:10:00,230,230,230,230,0
2021-12-01 14:11:00,230,230,230,230,0
2021-12-01 14:12:00,230,230,230,230,0
2021-12-01 14:13:00,230,230,230,230,0
2021-12-01 14:14:00,230,230,230,230,0
2021-12-01 14:15:00,230,230,230,230,0
2021-12-01 14:16:00,230,230,230,230,0
2021-12-01 14:17:00,230,230,230,230,0
2021-12-01 14:18:00,230,230,230,230,0
2021-12-01 14:19:00,230,230,230,230,0
2021-12-01 14:20:00,230,230,230,230,0
2021-12-01 14:21:00,230,230,230,230,0
2021-12-01 14:22:00,230,230,230,230,0
2021-12-01 14:23:00,230,230,230,230,0
2021-12-01 14:24:00,230,230,230,230,0
2021-12-01 14:25:00,230,230,230,230,200
2021-12-01 14:26:00,230,230,230,230,0
2021-12-01 14:27:00,230,230,230,230,0
2021-12-01 14:28:00,230,230,230,230,0
2021-12-01 14:29:00,230,230,230,230,0
2021-12-01 14:30:00,230,230,230,230,0
2021-12-01 14:31:00,230,230,230,230,0
2021-12-01 14:32:00,230,230,230,230,0
2021-12-01 14:33:00,230,230,230,230,0
2021-12-01 14:34:00,230,230,230,230,0
2021-12-01 14:35:00,230,230,230,230,0
2021-12-01 14:36:00,230,230,230,230,0
2021-12-01 14:37:00,230,230,230,230,0
2021-12-01 14:38:00,230,230,230,230,0
2021-12-01 14:39:00,230,230,230,230,0
2021-12-01 14:40:00,230,230,230,230,0
2021-12-01 14:41:00,230,230,230,230,0
2021-12-01 14:42:00,230,230,230,230,0
2021-12-01 14:43:00,230,230,230,230,0
2021-12-01 14:44:00,230,230,230,230,0
2021-12-01 14:45:00,230,230,230,230,0
2021-12-01 14:46:00,230,230,230,230,0
2021-12-01 14:47:00,230,230,230,230,100
2021-12-01 14:48:00,230,230,230,230,0
2021-12-01 14:49:00,230,230,230,230,0
2021-12-01 14:50:00,230,230,230,230,0
2021-12-01 14:51:00,230,230,230,230,0
2021-12-01 14:52:00,230,230,230,230,0
2021-12-01 14:53:00,230,230,230,230,0
2021-12-01 14:54:00,230,230,230,230,0
2021-12-01 14:55:00,230,230,230,230,0
2021-12-01 14:56:00,230,230,230,230,0
2021-12-01 14:57:00,230,230,230,230,0
2021-12-01 14:58:00,230,230,230,230,0
2021-12-01 14:59:00,230,230,230,230,0
2021-12-01 15:00:00,230,230,230,230,0
2021-12-01 15:01:00,230,230,230,230,0
2021-12-01 15:02:00,230,230,230,230,0
2021-12-01 15:03:00,230,230,230,230,0
2021-12-01 15:04:00,230,230,230,230,0
2021-12-01 15:05:00,230,230,230,230,0
2021-12-01 15:06:00,230,230,230,230,0
2021-12-01 15:07:00,230,230,230,230,0
2021-12-01 15:08:00,230,230,230,230,0
2021-12-01 15:09:00,230,230,230,230,0
2021-12-01 15:10:00,230,230,230,230,0
2021-12-01 15:11:00,230,230,230,230,0
2021-12-01 15:12:00,230,230,230,230,0
2021-12-01 15:13:00,230,230,230,230,0
2021-12-01 15:14:00,230,230,230,230,0
2021-12-01 15:15:00,230,230,230,230,0
2021-12-01 15:16:00,230,230,230,230,0
2021-12-01 15:17:00,230,230,230,230,0
2021-12-01 15:18:00,230,230,230,230,0
2021-12-01 15:19:00,230,230,230,230,0
2021-12-01 15:20:00,230,230,230,230,0
2021-12-01 15:21:00,230,230,230,230,0
2021-12-01 15:22:00,230,230,230,230,0
2021-12-01 15:23:00,230,230,230,230,0
2021-12-01 15:24:00,230,230,230,230,0
2021-12-01 15:25:00,230,230,230,230,0
2021-12-01 15:26:00,230,230,230,230,0
2021-12-01 15:27:00,230,230,230,230,0
2021-12-01 15:28:00,230,230,230,230,0
2021-12-01 15:29:00,230,230,230,230,0
2021-12-01 15:30:00,230,230,230,230,0
2021-12-01 15:31:00,230,230,230,230,0
2021-12-01 15:32:00,230,230,230,230,0
2021-12-01 15:33:00,230,230,230,230,0
2021-12-01 15:34:00,230,230,230,230,0
2021-12-01 15:35:00,230,230,230,230,0
2021-12-01 15:36:00,230,230,230,230,0
2021-12-01 15:37:00,230,230,230,230,0
2021-12-01 15:38:00,230,230,230,230,0
2021-12-01 15:39:00,230,230,230,230,0
2021-12-01 15:40:00,230,230,230,230,0
2021-12-01 15:41:00,230,230,230,230,0
2021-12-01 15:42:00,230,230,230,230,0
2021-12-01 15:43:00,230,230,230,230,0
2021-12-01 15:44:00,230,230,230,230,0
2021-12-01 15:45:00,230,230,230,230,0
2021-12-01 15:46:00,230,230,230,230,0
2021-12-01 15:47:00,230,230,230,230,0
2021-12-01 15:48:00,230,230,230,230,0
2021-12-01 15:49:00,230,230,230,230,0
2021-12-01 15:50:00,230,230,230,230,0
2021-12-01 15:51:00,230,230,230,230,0
2021-12-01 15:52:00,230,230,230,230,0
2021-12-01 15:53:00,230,230,230,230,0
2021-12-01 15:54:00,230,230,230,230,0
2021-12-01 15:55:00,230,230,230,230,0
2021-12-01 15:56:00,230,230,230,230,0
2021-12-01 15:57:00,230,230,230,230,0
2021-12-01 15:58:00,230,230,230,230,0
2021-12-01 15:59:00,230,230,230,230,0
2021-12-02 09:00:00,230,230,230,230,0
2021-12-02 09:01:00,230,230,230,230,0
2021-12-02 09:02:00,230,230,230,230,0
2021-12-02 09:03:00,230,230,230,230,0
2021-12-02 09:04:00,230,230,230,230,0
2021-12-02 09:05:00,230,230,230,230,0
2021-12-02 09:06:00,230,230,230,230,0
2021-12-02 09:07:00,230,230,230,230,0
2021-12-02 09:08:00,230,230,230,230,0
2021-12-02 09:09:00,230,230,230,230,0
2021-12-02 09:10:00,230,230,230,230,0
2021-12-02 09:11:00,230,230,230,230,0
2021-12-02 09:12:00,230,230,230,230,0
2021-12-02 09:13:00,230,230,230,230,0
2021-12-02 09:14:00,230,230,230,230,0
2021-12-02 09:15:00,230,230,230,230,0
2021-12-02 09:16:00,230,230,230,230,0
2021-12-02 09:17:00,230,230,230,230,0
2021-12-02 09:18:00,230,230,230,230,0
2021-12-02 09:19:00,230,230,230,230,0
2021-12-02 09:20:00,230,230,230,230,0
2021-12-02 09:21:00,230,230,230,230,0
2021-12-02 09:22:00,230,230,230,230,0
2021-12-02 09:23:00,230,230,230,230,0
2021-12-02 09:24:00,230,230,230,230,0
2021-12-02 09:25:00,230,230,230,230,0
2021-12-02 09:26:00,230,230,230,230,0
2021-12-02 09:27:00,230,230,230,230,0
2021-12-02 09:28:00,230,230,230,230,0
2021-12-02 09:29:00,230,230,230,230,0
2021-12-02 09:30:00,230,230,230,230,0
2021-12-02 09:31:00,230,230,230,230,0
2021-12-02 09:32:00,230,230,230,230,0
2021-12-02 09:33:00,230,230,230,230,0
2021-12-02 09:34:00,230,230,230,230,0
2021-12-02 09:35:00,230,230,230,230,0
2021-12-02 09:36:00,230,230,230,230,0
2021-12-02 09:37:00,230,230,230,230,0
2021-12-02 09:38:00,230,230,230,230,0
2021-12-02 09:39:00,230,230,230,230,0
2021-12-02 09:40:00,230,230,230,230,0
2021-12-02 09:41:00,230,230,230,230,0
2021-12-02 09:42:00,230,230,230,230,0
2021-12-02 09:43:00,230,230,230,230,0
2021-12-02 09:44:00,230,230,230,230,0
2021-12-02 09:45:00,230,230,230,230,0
2021-12-02 09:46:00,230,230,230,230,0
2021-12-02 09:47:00,230,230,230,230,0
2021-12-02 09:48:00,230,230,230,230,0
2021-12-02 09:49:00,230,230,230,230,0
2021-12-02 09:50:00,230,230,230,230,0
2021-12-02 09:51:00,230,230,230,230,0
2021-12-02 09:52:00,230,230,230,230,0
2021-12-02 09:53:00,230,230,230,230,0
2021-12-02 09:54:00,230,230,230,230,0
2021-12-02 09:55:00,230,230,230,230,0
2021-12-02 09:56:00,230,230,230,230,0
2021-12-02 09:57:00,230,230,230,230,0
2021-12-02 09:58:00,230,230,230,230,0
2021-12-02 09:59:00,230,230,230,230,0
2021-12-02 10:00:00,230,230,230,230,0
2021-12-02 10:01:00,230,230,230,230,0
2021-12-02 10:02:00,230,230,230,230,0
2021-12-02 10:03:00,230,230,230,230,0
2021-12-02 10:04:00,230,230,230,230,0
2021-12-02 10:05:00,230,230,230,230,0
2021-12-02 10:06:00,230,230,230,230,0
2021-12-02 10:07:00,230,230,230,230,0
2021-12-02 10:08:00,230,230,230,230,0
2021-12-02 10:09:00,230,230,230,230,0
2021-12-02 10:10:00,230,230,230,230,0
2021-12-02 10:11:00,230,230,230,230,0
2021-12-02 10:12:00,230,230,230,230,0
2021-12-02 10:13:00,230,230,230,230,0
2021-12-02 10:14:00,230,230,230,230,0
2021-12-02 10:15:00,230,230,230,230,0
2021-12-02 10:16:00,230,230,230,230,0
2021-12-02 10:17:00,230,230,230,230,0
2021-12-02 10:18:00,230,230,230,230,0
2021-12-02 10:19:00,230,230,230,230,0
2021-12-02 10:20:00,230,230,230,230,0
2021-12-02 10:21:00,230,230,230,230,0
2021-12-02 10:22:00,230,230,230,230,0
2021-12-02 10:23:00,230,230,230,230,1000
2021-12-02 10:24:00,230,230,230,230,0
2021-12-02 10:25:00,230,230,230,230,0
2021-12-02 10:26:00,230,230,230,230,0
2021-12-02 10:27:00,230,230,230,230,0
2021-12-02 10:28:00,230,230,230,230,0
2021-12-02 10:29:00,230,230,230,230,0
2021-12-02 10:30:00,230,230,230,230,0
2021-12-02 10:31:00,230,230,230,230,0
2021-12-02 10:32:00,230,230,230,230,0
2021-12-02 10:33:00,230,230,230,230,0
2021-12-02 10:34:00,230,230,230,230,0
2021-12-02 10:35:00,230,230,230,230,0
2021-12-02 10:36:00,230,230,230,230,0
2021-12-02 10:37:00,230,230,230,230,0
2021-12-02 10:38:00,230,230,230,230,0
2021-12-02 10:39:00,230,230,230,230,0
2021-12-02 10:40:00,230,230,230,230,0
2021-12-02 10:41:00,230,230,230,230,0
2021-12-02 10:42:00,230,230,230,230,0
2021-12-02 10:43:00,230,230,230,230,0
2021-12-02 10:44:00,230,230,230,230,0
2021-12-02 10:45:00,230,230,230,230,0
2021-12-02 10:46:00,230,230,230,230,100
2021-12-02 10:47:00,230,230,230,230,0
2021-12-02 10:48:00,230,230,230,230,0
2021-12-02 10:49:00,230,230,230,230,0
2021-12-02 10:50:00,230,230,230,230,0
2021-12-02 10:51:00,230,230,230,230,0
2021-12-02 10:52:00,230,230,230,230,0
2021-12-02 10:53:00,230,230,230,230,0
2021-12-02 10:54:00,230,230,230,230,0
2021-12-02 10:55:00,230,230,230,230,0
2021-12-02 10:56:00,230,230,230,230,0
2021-12-02 10:57:00,230,230,230,230,0
2021-12-02 10:58:00,230,230,230,230,0
2021-12-02 10:59:00,230,230,230,230,0
2021-12-02 11:00:00,230,230,230,230,0
2021-12-02 11:01:00,230,230,230,230,0
2021-12-02 11:02:00,230,230,230,230,0
2021-12-02 11:03:00,230,230,230,230,0
2021-12-02 11:04:00,230,230,230,230,0
2021-12-02 11:05:00,230,230,230,230,0
2021-12-02 11:06:00,230,230,230,230,0
2021-12-02 11:07:00,230,230,230,230,0
2021-12-02 11:08:00,230,230,230,230,0
2021-12-02 11:09:00,230,230,230,230,0
2021-12-02 11:10:00,230,230,230,230,0
2021-12-02 11:11:00,230,230,230,230,0
2021-12-02 11:12:00,230,230,230,230,0
2021-12-02 11:13:00,230,230,230,230,0
2021-12-02 11:14:00,230,230,230,230,0
2021-12-02 11:15:00,230,230,230,230,0
2021-12-02 11:16:00,230,230,230,230,0
2021-12-02 11:17:00,230,230,230,230,0
2021-12-02 11:18:00,230,230,230,230,0
2021-12-02 11:19:00,230,230,230,230,0
2021-12-02 11:20:00,230,230,230,230,0
2021-12-02 11:21:00,230,230,230,230,0
2021-12-02 11:22:00,230,230,230,230,0
2021-12-02 11:23:00,230,230,230,230,0
2021-12-02 11:24:00,230,230,230,230,0
2021-12-02 11:25:00,230,230,230,230,0
2021-12-02 11:26:00,230,230,230,230,0
2021-12-02 11:27:00,230,230,230,230,0
2021-12-02 11:28:00,230,230,230,230,0
2021-12-02 11:29:00,230,230,230,230,0
2021-12-02 11:30:00,230,230,230,230,0
2021-12-02 11:31:00,230,230,230,230,0
2021-12-02 11:32:00,230,230,230,230,0
2021-12-02 11:33:00,230,230,230,230,0
2021-12-02 11:34:00,230,230,230,230,0
2021-12-02 11:35:00,230,230,230,230,0
2021-12-02 11:36:00,230,230,230,230,0
2021-12-02 11:37:00,230,230,230,230,0
2021-12-02 11:38:00,230,230,230,230,0
2021-12-02 11:39:00,230,230,230,230,0
2021-12-02 11:40:00,230,230,230,230,0
2021-12-02 11:41:00,230,230,230,230,0
2021-12-02 11:42:00,230,230,230,230,0
2021-12-02 11:43:00,230,230,230,230,0
2021-12-02 11:44:00,230,230,230,230,0
2021-12-02 11:45:00,230,230,230,230,0
2021-12-02 11:46:00,230,230,230,230,0
2021-12-02 11:47:00,230,230,230,230,0
2021-12-02 11:48:00,230,230,230,230,0
2021-12-02 11:49:00,230,230,230,230,0
2021-12-02 11:50:00,230,230,230,230,0
2021-12-02 11:51:00,230,230,230,230,0
2021-12-02 11:52:00,230,230,230,230,0
2021-12-02 11:53:00,230,230,230,230,0
2021-12-02 11:54:00,230,230,230,230,0
2021-12-02 11:55:00,230,230,230,230,0
2021-12-02 11:56:00,230,230,230,230,0
2021-12-02 11:57:00,230,230,230,230,0
2021-12-02 11:58:00,230,230,230,230,0
2021-12-02 11:59:00,230,230,230,230,0
2021-12-02 12:00:00,230,230,230,230,0
2021-12-02 12:01:00,230,230,230,230,0
2021-12-02 12:02:00,230,230,230,230,0
2021-12-02 12:03:00,230,230,230,230,0
2021-12-02 12:04:00,230,230,230,230,0
2021-12-02 12:05:00,230,230,230,230,0
2021-12-02 12:06:00,230,230,230,230,0
2021-12-02 12:07:00,230,230,230,230,0
2021-12-02 12:08:00,230,230,230,230,0
2021-12-02 12:09:00,230,230,230,230,0
2021-12-02 12:10:00,230,230,230,230,0
2021-12-02 12:11:00,230,230,230,230,0
2021-12-02 12:12:00,230,230,230,230,0
2021-12-02 12:13:00,230,230,230,230,0
2021-12-02 12:14:00,230,230,230,230,0
2021-12-02 12:15:00,230,230,230,230,0
2021-12-02 12:16:00,230,230,230,230,0
2021-12-02 12:17:00,230,230,230,230,0
2021-12-02 12:18:00,230,230,230,230,0
2021-12-02 12:19:00,230,230,230,230,0
2021-12-02 12:20:00,230,230,230,230,0
2021-12-02 12:21:00,230,230,230,230,0
2021-12-02 12:22:00,230,230,230,230,0
2021-12-02 12:23:00,230,230,230,230,0
2021-12-02 12:24:00,230,230,230,230,0
2021-12-02 12:25:00,230,230,230,230,0
2021-12-02 12:26:00,230,230,230,230,0
2021-12-02 12:27:00,230,230,230,230,0
2021-12-02 12:28:00,230,230,230,230,0
2021-12-02 12:29:00,230,230,230,230,0
2021-12-02 12:30:00,230,230,230,230,0
2021-12-02 12:31:00,230,230,230,230,0
2021-12-02 12:32:00,230,230,230,230,0
2021-12-02 12:33:00,230,230,230,230,0
2021-12-02 12:34:00,230,230,230,230,0
2021-12-02 12:35:00,230,230,230,230,0
2021-12-02 12:36:00,230,230,230,230,0
2021-12-02 12:37:00,230,230,230,230,0
2021-12-02 12:38:00,230,230,230,230,0
2021-12-02 12:39:00,230,230,230,230,0
2021-12-02 12:40:00,230,230,230,230,0
2021-12-02 12:41:00,230,230,230,230,0
2021-12-02 12:42:00,230,230,230,230,0
2021-12-02 12:43:00,230,230,230,230,0
2021-12-02 12:44:00,230,230,230,230,0
2021-12-02 12:45:00,230,230,230,230,0
2021-12-02 12:46:00,230,230,230,230,0
2021-12-02 12:47:00,230,230,230,230,0
2021-12-02 12:48:00,230,230,230,230,0
2021-12-02 12:49:00,230,230,230,230,0
2021-12-02 12:50:00,230,230,230,230,0
2021-12-02 12:51:00,230,230,230,230,0
2021-12-02 12:52:00,230,230,230,230,0
2021-12-02 12:53:00,230,230,230,230,0
2021-12-02 12:54:00,230,230,230,230,0
2021-12-02 12:55:00,230,230,230,230,0
2021-12-02 12:56:00,230,230,230,230,0
2021-12-02 12:57:00,230,230,230,230,0
2021-12-02 12:58:00,230,230,230,230,0
2021-12-02 12:59:00,230,230,230,230,0
2021-12-02 13:00:00,230,230,230,230,0
2021-12-02 13:01:00,230,230,230,230,0
2021-12-02 13:02:00,230,230,230,230,0
2021-12-02 13:03:00,230,230,230,230,0
2021-12-02 13:04:00,230,230,230,230,0
2021-12-02 13:05:00,230,230,230,230,0
2021-12-02 13:06:00,230,230,230,230,0
2021-12-02 13:07:00,230,230,230,230,0
2021-12-02 13:08:00,230,230,230,230,0
2021-12-02 13:09:00,230,230,230,230,0
2021-12-02 13:10:00,230,230,230,230,0
2021-12-02 13:11:00,230,230,230,230,0
2021-12-02 13:12:00,230,230,230,230,0
2021-12-02 13:13:00,230,230,230,230,0
2021-12-02 13:14:00,230,230,230,230,0
2021-12-02 13:15:00,230,230,230,230,0
2021-12-02 13:16:00,230,230,230,230,0
2021-12-02 13:17:00,230,230,230,230,0
2021-12-02 13:18:00,230,230,230,230,0
2021-12-02 13:19:00,230,230,230,230,0
2021-12-02 13:20:00,230,230,230,230,0
2021-12-02 13:21:00,230,230,230,230,0
2021-12-02 13:22:00,230,230,230,230,0
2021-12-02 13:23:00,230,230,230,230,0
2021-12-02 13:24:00,230,230,230,230,0
2021-12-02 13:25:00,230,230,230,230,0
2021-12-02 13:26:00,230,230,230,230,0
2021-12-02 13:27:00,230,230,230,230,0
2021-12-02 13:28:00,230,230,230,230,0
2021-12-02 13:29:00,230,230,230,230,0
2021-12-02 13:30:00,230,230,230,230,0
2021-12-02 13:31:00,230,230,230,230,0
2021-12-02 13:32:00,230,230,230,230,0
2021-12-02 13:33:00,230,230,230,230,0
2021-12-02 13:34:00,230,230,230,230,0
2021-12-02 13:35:00,230,230,230,230,0
2021-12-02 13:36:00,230,230,230,230,0
2021-12-02 13:37:00,230,230,230,230,0
2021-12-02 13:38:00,230,230,230,230,0
2021-12-02 13:39:00,230,230,230,230,0
2021-12-02 13:40:00,230,230,230,230,0
2021-12-02 13:41:00,230,230,230,230,0
2021-12-02 13:42:00,230,230,230,230,0
2021-12-02 13:43:00,230,230,230,230,0
2021-12-02 13:44:00,230,230,230,230,0
2021-12-02 13:45:00,230,230,230,230,0
2021-12-02 13:46:00,230,230,230,230,0
2021-12-02 13:47:00,230,230,230,230,0
2021-12-02 13:48:00,230,230,230,230,0
2021-12-02 13:49:00,230,230,230,230,0
2021-12-02 13:50:00,230,230,230,230,0
2021-12-02 13:51:00,230,230,230,230,0
2021-12-02 13:52:00,230,230,230,230,0
2021-12-02 13:53:00,230,230,230,230,0
2021-12-02 13:54:00,230,230,230,230,0
2021-12-02 13:55:00,230,230,230,230,0
2021-12-02 13:56:00,230,230,230,230,0
2021-12-02 13:57:00,230,230,230,230,0
2021-12-02 13:58:00,230,230,230,230,0
2021-12-02 13:59:00,230,230,230,230,0
2021-12-02 14:00:00,230,230,230,230,0
2021-12-02 14:01:00,230,230,230,230,0
2021-12-02 14:02:00,230,230,230,230,0
2021-12-02 14:03:00,230,230,230,230,0
2021-12-02 14:04:00,230,230,230,230,0
2021-12-02 14:05:00,230,230,230,230,0
2021-12-02 14:06:00,230,230,230,230,0
2021-12-02 14:07:00,230,230,230,230,0
2021-12-02 14:08:00,230,230,230,230,0
2021-12-02 14:09:00,230,230,230,230,0
2021-12-02 14:10:00,230,230,230,230,0
2021-12-02 14:11:00,230,230,230,230,0
2021-12-02 14:12:00,230,230,230,230,0
2021-12-02 14:13:00,230,230,230,230,0
2021-12-02 14:14:00,230,230,230,230,0
2021-12-02 14:15:00,230,230,230,230,0
2021-12-02 14:16:00,230,230,230,230,0
2021-12-02 14:17:00,230,230,230,230,0
2021-12-02 14:18:00,230,230,230,230,0
2021-12-02 14:19:00,230,230,230,230,0
2021-12-02 14:20:00,230,230,230,230,0
2021-12-02 14:21:00,230,230,230,230,0
2021-12-02 14:22:00,230,230,230,230,0
2021-12-02 14:23:00,230,230,230,230,0
2021-12-02 14:24:00,230,230,230,230,0
2021-12-02 14:25:00,230,230,230,230,0
2021-12-02 14:26:00,230,230,230,230,0
2021-12-02 14:27:00,230,230,230,230,0
2021-12-02 14:28:00,230,230,230,230,0
2021-12-02 14:29:00,230,230,230,230,0
2021-12-02 14:30:00,230,230,230,230,0
2021-12-02 14:31:00,230,230,230,230,0
2021-12-02 14:32:00,230,230,230,230,0
2021-12-02 14:33:00,230,230,230,230,0
2021-12-02 14:34:00,230,230,230,230,0
2021-12-02 14:35:00,230,230,230,230,0
2021-12-02 14:36:00,230,230,230,230,0
2021-12-02 14:37:00,230,230,230,230,0
2021-12-02 14:38:00,230,230,230,230,0
2021-12-02 14:39:00,230,230,230,230,0
2021-12-02 14:40:00,230,230,230,230,0
2021-12-02 14:41:00,230,230,230,230,0
2021-12-02 14:42:00,230,230,230,230,0
2021-12-02 14:43:00,230,230,230,230,0
2021-12-02 14:44:00,230,230,230,230,0
2021-12-02 14:45:00,230,230,230,230,0
2021-12-02 14:46:00,230,230,230,230,0
2021-12-02 14:47:00,230,230,230,230,0
2021-12-02 14:48:00,230,230,230,230,0
2021-12-02 14:49:00,230,230,230,230,0
2021-12-02 14:50:00,230,230,230,230,0
2021-12-02 14:51:00,230,230,230,230,0
2021-12-02 14:52:00,230,230,230,230,0
2021-12-02 14:53:00,230,230,230,230,0
2021-12-02 14:54:00,230,230,230,230,0
2021-12-02 14:55:00,230,230,230,230,0
2021-12-02 14:56:00,230,230,230,230,0
2021-12-02 14:57:00,230,230,230,230,0
2021-12-02 14:58:00,230,230,230,230,0
2021-12-02 14:59:00,230,230,230,230,0
2021-12-02 15:00:00,230,230,230,230,0
2021-12-02 15:01:00,230,230,230,230,0
2021-12-02 15:02:00,230,230,230,230,0
2021-12-02 15:03:00,230,230,230,230,0
2021-12-02 15:04:00,230,230,230,230,0
2021-12-02 15:05:00,230,230,230,230,0
2021-12-02 15:06:00,230,230,230,230,0
2021-12-02 15:07:00,230,230,230,230,0
2021-12-02 15:08:00,230,230,230,230,0
2021-12-02 15:09:00,230,230,230,230,0
2021-12-02 15:10:00,230,230,230,230,0
2021-12-02 15:11:00,230,230,230,230,0
2021-12-02 15:12:00,230,230,230,230,0
2021-12-02 15:13:00,230,230,230,230,0
2021-12-02 15:14:00,230,230,230,230,0
2021-12-02 15:15:00,230,230,230,230,0
2021-12-02 15:16:00,230,230,230,230,0
2021-12-02 15:17:00,230,230,230,230,0
2021-12-02 15:18:00,230,230,230,230,0
2021-12-02 15:19:00,230,230,230,230,0
2021-12-02 15:20:00,230,230,230,230,0
2021-12-02 15:21:00,230,230,230,230,0
2021-12-02 15:22:00,230,230,230,230,0
2021-12-02 15:23:00,230,230,230,230,0
2021-12-02 15:24:00,230,230,230,230,0
2021-12-02 15:25:00,230,230,230,230,0
2021-12-02 15:26:00,230,230,230,230,0
2021-12-02 15:27:00,230,230,230,230,0
2021-12-02 15:28:00,230,230,230,230,0
2021-12-02 15:29:00,230,230,230,230,0
2021-12-02 15:30:00,230,230,230,230,0
2021-12-02 15:31:00,230,230,230,230,0
2021-12-02 15:32:00,230,230,230,230,0
2021-12-02 15:33:00,230,230,230,230,0
2021-12-02 15:34:00,230,230,230,230,0
2021-12-02 15:35:00,230,230,230,230,0
2021-12-02 15:36:00,230,230,230,230,0
2021-12-02 15:37:00,230,230,230,230,0
2021-12-02 15:38:00,230,230,230,230,0
2021-12-02 15:39:00,230,230,230,230,0
2021-12-02 15:40:00,230,230,230,230,0
2021-12-02 15:41:00,230,230,230,230,0
2021-12-02 15:42:00,230,230,230,230,0
2021-12-02 15:43:00,230,230,230,230,0
2021-12-02 15:44:00,230,230,230,230,0
2021-12-02 15:45:00,230,230,230,230,0
2021-12-02 15:46:00,230,230,230,230,0
2021-12-02 15:47:00,230,230,230,230,0
2021-12-02 15:48:00,230,230,230,230,0
2021-12-02 15:49:00,230,230,230,230,0
2021-12-02 15:50:00,230,230,230,230,0
2021-12-02 15:51:00,230,230,230,230,0
2021-12-02 15:52:00,230,230,230,230,0
2021-12-02 15:53:00,230,230,230,230,0
2021-12-02 15:54:00,230,230,230,230,0
2021-12-02 15:55:00,230,230,230,230,0
2021-12-02 15:56:00,230,230,230,230,0
2021-12-02 15:57:00,230,230,230,230,0
2021-12-02 15:58:00,230,230,230,230,0
2021-12-02 15:59:00,230,230,230,230,0
2021-12-03 09:00:00,230,230,230,230,0
2021-12-03 09:01:00,230,230,230,230,0
2021-12-03 09:02:00,230,230,230,230,0
2021-12-03 09:03:00,230,230,230,230,0
2021-12-03 09:04:00,230,230,230,230,0
2021-12-03 09:05:00,230,230,230,230,0
2021-12-03 09:06:00,230,230,230,230,0
2021-12-03 09:07:00,230,230,230,230,0
2021-12-03 09:08:00,230,230,230,230,0
2021-12-03 09:09:00,230,230,230,230,0
2021-12-03 09:10:00,230,230,230,230,0
2021-12-03 09:11:00,230,230,230,230,0
2021-12-03 09:12:00,230,230,230,230,0
2021-12-03 09:13:00,230,230,230,230,0
2021-12-03 09:14:00,230,230,230,230,0
2021-12-03 09:15:00,230,230,230,230,0
2021-12-03 09:16:00,230,230,230,230,0
2021-12-03 09:17:00,230,230,230,230,0
2021-12-03 09:18:00,230,230,230,230,0
2021-12-03 09:19:00,230,230,230,230,0
2021-12-03 09:20:00,230,230,230,230,0
2021-12-03 09:21:00,230,230,230,230,0
2021-12-03 09:22:00,230,230,230,230,0
2021-12-03 09:23:00,230,230,230,230,0
2021-12-03 09:24:00,230,230,230,230,0
2021-12-03 09:25:00,230,230,230,230,0
2021-12-03 09:26:00,230,230,230,230,0
2021-12-03 09:27:00,230,230,230,230,0
2021-12-03 09:28:00,230,230,230,230,0
2021-12-03 09:29:00,230,230,230,230,0
2021-12-03 09:30:00,230,230,230,230,0
2021-12-03 09:31:00,230,230,230,230,0
2021-12-03 09:32:00,230,230,230,230,0
2021-12-03 09:33:00,230,230,230,230,0
2021-12-03 09:34:00,230,230,230,230,0
2021-12-03 09:35:00,230,230,230,230,0
2021-12-03 09:36:00,230,230,230,230,0
2021-12-03 09:37:00,230,230,230,230,0
2021-12-03 09:38:00,230,230,230,230,0
2021-12-03 09:39:00,230,230,230,230,0
2021-12-03 09:40:00,230,230,230,230,0
2021-12-03 09:41:00,230,230,230,230,0
2021-12-03 09:42:00,230,230,230,230,0
2021-12-03 09:43:00,230,230,230,230,0
2021-12-03 09:44:00,230,230,230,230,0
2021-12-03 09:45:00,230,230,230,230,0
2021-12-03 09:46:00,230,230,230,230,0
2021-12-03 09:47:00,230,230,230,230,0
2021-12-03 09:48:00,230,230,230,230,0
2021-12-03 09:49:00,230,230,230,230,0
2021-12-03 09:50:00,230,230,230,230,0
2021-12-03 09:51:00,230,230,230,230,0
2021-12-03 09:52:00,230,230,230,230,0
2021-12-03 09:53:00,230,230,230,230,0
2021-12-03 09:54:00,230,230,230,230,0
2021-12-03 09:55:00,230,230,230,230,0
2021-12-03 09:56:00,230,230,230,230,0
2021-12-03 09:57:00,230,230,230,230,0
2021-12-03 09:58:00,222,222,222,222,0
2021-12-03 09:59:00,222,222,222,222,0
2021-12-03 10:00:00,222,222,222,222,0
2021-12-03 10:01:00,230,230,230,230,100
2021-12-03 10:02:00,230,230,230,230,0
2021-12-03 10:03:00,230,230,230,230,0
2021-12-03 10:04:00,230,230,230,230,0
2021-12-03 10:05:00,230,230,230,230,0
2021-12-03 10:06:00,230,230,230,230,0
2021-12-03 10:07:00,230,230,230,230,0
2021-12-03 10:08:00,230,230,230,230,0
2021-12-03 10:09:00,230,230,230,230,0
2021-12-03 10:10:00,230,230,230,230,0
2021-12-03 10:11:00,230,230,230,230,0
2021-12-03 10:12:00,230,230,230,230,0
2021-12-03 10:13:00,230,230,230,230,0
2021-12-03 10:14:00,230,230,230,230,0
2021-12-03 10:15:00,230,230,230,230,0
2021-12-03 10:16:00,230,230,230,230,0
2021-12-03 10:17:00,230,230,230,230,0
2021-12-03 10:18:00,230,230,230,230,0
2021-12-03 10:19:00,230,230,230,230,0
2021-12-03 10:20:00,230,230,230,230,0
2021-12-03 10:21:00,230,230,230,230,0
2021-12-03 10:22:00,230,230,230,230,0
2021-12-03 10:23:00,230,230,230,230,0
2021-12-03 10:24:00,230,230,230,230,0
2021-12-03 10:25:00,230,230,230,230,0
2021-12-03 10:26:00,230,230,230,230,0
2021-12-03 10:27:00,230,230,230,230,0
2021-12-03 10:28:00,230,230,230,230,0
2021-12-03 10:29:00,230,230,230,230,0
2021-12-03 10:30:00,230,230,230,230,0
2021-12-03 10:31:00,230,230,230,230,0
2021-12-03 10:32:00,230,230,230,230,0
2021-12-03 10:33:00,230,230,230,230,0
2021-12-03 10:34:00,230,230,230,230,0
2021-12-03 10:35:00,230,230,230,230,0
2021-12-03 10:36:00,230,230,230,230,0
2021-12-03 10:37:00,230,230,230,230,0
2021-12-03 10:38:00,230,230,230,230,0
2021-12-03 10:39:00,230,230,230,230,0
2021-12-03 10:40:00,230,230,230,230,0
2021-12-03 10:41:00,230,230,230,230,0
2021-12-03 10:42:00,230,230,230,230,0
2021-12-03 10:43:00,230,230,230,230,0
2021-12-03 10:44:00,230,230,230,230,0
2021-12-03 10:45:00,230,230,230,230,0
2021-12-03 10:46:00,230,230,230,230,0
2021-12-03 10:47:00,230,230,230,230,0
2021-12-03 10:48:00,230,230,230,230,0
2021-12-03 10:49:00,230,230,230,230,0
2021-12-03 10:50:00,230,230,230,230,0
2021-12-03 10:51:00,230,230,230,230,0
2021-12-03 10:52:00,230,230,230,230,0
2021-12-03 10:53:00,230,230,230,230,0
2021-12-03 10:54:00,230,230,230,230,0
2021-12-03 10:55:00,230,230,230,230,0
2021-12-03 10:56:00,230,230,230,230,0
2021-12-03 10:57:00,230,230,230,230,0
2021-12-03 10:58:00,230,230,230,230,0
2021-12-03 10:59:00,230,230,230,230,0
2021-12-03 11:00:00,230,230,230,230,0
2021-12-03 11:01:00,230,230,230,230,0
2021-12-03 11:02:00,230,230,230,230,0
2021-12-03 11:03:00,230,230,230,230,0
2021-12-03 11:04:00,230,230,230,230,0
2021-12-03 11:05:00,230,230,230,230,0
2021-12-03 11:06:00,230,230,230,230,0
2021-12-03 11:07:00,230,230,230,230,0
2021-12-03 11:08:00,230,230,230,230,0
2021-12-03 11:09:00,230,230,230,230,0
2021-12-03 11:10:00,230,230,230,230,0
2021-12-03 11:11:00,230,230,230,230,0
2021-12-03 11:12:00,230,230,230,230,0
2021-12-03 11:13:00,230,230,230,230,0
2021-12-03 11:14:00,230,230,230,230,0
2021-12-03 11:15:00,230,230,230,230,0
2021-12-03 11:16:00,230,230,230,230,0
2021-12-03 11:17:00,230,230,230,230,0
2021-12-03 11:18:00,230,230,230,230,0
2021-12-03 11:19:00,230,230,230,230,0
2021-12-03 11:20:00,230,230,230,230,0
2021-12-03 11:21:00,230,230,230,230,0
2021-12-03 11:22:00,230,230,230,230,0
2021-12-03 11:23:00,230,230,230,230,0
2021-12-03 11:24:00,230,230,230,230,0
2021-12-03 11:25:00,230,230,230,230,100
2021-12-03 11:26:00,230,230,230,230,0
2021-12-03 11:27:00,230,230,230,230,0
2021-12-03 11:28:00,230,230,230,230,0
2021-12-03 11:29:00,230,230,230,230,0
2021-12-03 11:30:00,230,230,230,230,0
2021-12-03 11:31:00,230,230,230,230,0
2021-12-03 11:32:00,230,230,230,230,0
2021-12-03 11:33:00,230,230,230,230,0
2021-12-03 11:34:00,230,230,230,230,0
2021-12-03 11:35:00,230,230,230,230,0
2021-12-03 11:36:00,230,230,230,230,0
2021-12-03 11:37:00,230,230,230,230,0
2021-12-03 11:38:00,230,230,230,230,0
2021-12-03 11:39:00,230,230,230,230,0
2021-12-03 11:40:00,230,230,230,230,0
2021-12-03 11:41:00,230,230,230,230,0
2021-12-03 11:42:00,230,230,230,230,0
2021-12-03 11:43:00,230,230,230,230,0
2021-12-03 11:44:00,230,230,230,230,0
2021-12-03 11:45:00,230,230,230,230,0
2021-12-03 11:46:00,230,230,230,230,0
2021-12-03 11:47:00,230,230,230,230,0
2021-12-03 11:48:00,230,230,230,230,0
2021-12-03 11:49:00,230,230,230,230,0
2021-12-03 11:50:00,230,230,230,230,0
2021-12-03 11:51:00,230,230,230,230,0
2021-12-03 11:52:00,230,230,230,230,0
2021-12-03 11:53:00,230,230,230,230,0
2021-12-03 11:54:00,230,230,230,230,0
2021-12-03 11:55:00,230,230,230,230,0
2021-12-03 11:56:00,230,230,230,230,0
2021-12-03 11:57:00,230,230,230,230,0
2021-12-03 11:58:00,230,230,230,230,0
2021-12-03 11:59:00,230,230,230,230,0
2021-12-03 12:00:00,230,230,230,230,0
2021-12-03 12:01:00,230,230,230,230,0
2021-12-03 12:02:00,230,230,230,230,0
2021-12-03 12:03:00,230,230,230,230,0
2021-12-03 12:04:00,230,230,230,230,0
2021-12-03 12:05:00,230,230,230,230,0
2021-12-03 12:06:00,230,230,230,230,0
2021-12-03 12:07:00,230,230,230,230,0
2021-12-03 12:08:00,230,230,230,230,0
2021-12-03 12:09:00,230,230,230,230,0
2021-12-03 12:10:00,230,230,230,230,0
2021-12-03 12:11:00,230,230,230,230,0
2021-12-03 12:12:00,230,230,230,230,0
2021-12-03 12:13:00,230,230,230,230,0
2021-12-03 12:14:00,230,230,230,230,0
2021-12-03 12:15:00,230,230,230,230,0
2021-12-03 12:16:00,230,230,230,230,0
2021-12-03 12:17:00,230,230,230,230,0
2021-12-03 12:18:00,230,230,230,230,0
2021-12-03 12:19:00,230,230,230,230,0
2021-12-03 12:20:00,230,230,230,230,0
2021-12-03 12:21:00,230,230,230,230,0
2021-12-03 12:22:00,230,230,230,230,0
2021-12-03 12:23:00,230,230,230,230,0
2021-12-03 12:24:00,230,230,230,230,0
2021-12-03 12:25:00,230,230,230,230,0
2021-12-03 12:26:00,230,230,230,230,0
2021-12-03 12:27:00,230,230,230,230,0
2021-12-03 12:28:00,230,230,230,230,0
2021-12-03 12:29:00,230,230,230,230,0
2021-12-03 12:30:00,230,230,230,230,0
2021-12-03 12:31:00,230,230,230,230,0
2021-12-03 12:32:00,230,230,230,230,0
2021-12-03 12:33:00,230,230,230,230,0
2021-12-03 12:34:00,230,230,230,230,0
2021-12-03 12:35:00,230,230,230,230,0
2021-12-03 12:36:00,230,230,230,230,0
2021-12-03 12:37:00,230,230,230,230,0
2021-12-03 12:38:00,230,230,230,230,0
2021-12-03 12:39:00,230,230,230,230,0
2021-12-03 12:40:00,230,230,230,230,0
2021-12-03 12:41:00,230,230,230,230,0
2021-12-03 12:42:00,230,230,230,230,0
2021-12-03 12:43:00,230,230,230,230,0
2021-12-03 12:44:00,230,230,230,230,0
2021-12-03 12:45:00,230,230,230,230,0
2021-12-03 12:46:00,230,230,230,230,0
2021-12-03 12:47:00,230,230,230,230,0
2021-12-03 12:48:00,230,230,230,230,0
2021-12-03 12:49:00,230,230,230,230,0
2021-12-03 12:50:00,230,230,230,230,0
2021-12-03 12:51:00,230,230,230,230,0
2021-12-03 12:52:00,230,230,230,230,0
2021-12-03 12:53:00,230,230,230,230,0
2021-12-03 12:54:00,230,230,230,230,0
2021-12-03 12:55:00,230,230,230,230,0
2021-12-03 12:56:00,230,230,230,230,0
2021-12-03 12:57:00,230,230,230,230,0
2021-12-03 12:58:00,230,230,230,230,0
2021-12-03 12:59:00,230,230,230,230,0
2021-12-03 13:00:00,230,230,230,230,0
2021-12-03 13:01:00,230,230,230,230,0
2021-12-03 13:02:00,230,230,230,230,0
2021-12-03 13:03:00,230,230,230,230,0
2021-12-03 13:04:00,230,230,230,230,0
2021-12-03 13:05:00,230,230,230,230,0
2021-12-03 13:06:00,230,230,230,230,0
2021-12-03 13:07:00,230,230,230,230,0
2021-12-03 13:08:00,230,230,230,230,0
2021-12-03 13:09:00,230,230,230,230,0
2021-12-03 13:10:00,230,230,230,230,0
2021-12-03 13:11:00,230,230,230,230,0
2021-12-03 13:12:00,230,230,230,230,0
2021-12-03 13:13:00,230,230,230,230,0
2021-12-03 13:14:00,230,230,230,230,0
2021-12-03 13:15:00,230,230,230,230,0
2021-12-03 13:16:00,230,230,230,230,0
2021-12-03 13:17:00,230,230,230,230,0
2021-12-03 13:18:00,230,230,230,230,0
2021-12-03 13:19:00,230,230,230,230,0
2021-12-03 13:20:00,230,230,230,230,0
2021-12-03 13:21:00,230,230,230,230,0
2021-12-03 13:22:00,230,230,230,230,0
2021-12-03 13:23:00,230,230,230,230,0
2021-12-03 13:24:00,230,230,230,230,0
2021-12-03 13:25:00,230,230,230,230,0
2021-12-03 13:26:00,230,230,230,230,0
2021-12-03 13:27:00,230,230,230,230,0
2021-12-03 13:28:00,230,230,230,230,0
2021-12-03 13:29:00,230,230,230,230,0
2021-12-03 13:30:00,230,230,230,230,0
2021-12-03 13:31:00,230,230,230,230,0
2021-12-03 13:32:00,230,230,230,230,0
2021-12-03 13:33:00,230,230,230,230,0
2021-12-03 13:34:00,230,230,230,230,0
2021-12-03 13:35:00,230,230,230,230,0
2021-12-03 13:36:00,230,230,230,230,0
2021-12-03 13:37:00,230,230,230,230,0
2021-12-03 13:38:00,230,230,230,230,0
2021-12-03 13:39:00,230,230,230,230,0
2021-12-03 13:40:00,230,230,230,230,0
2021-12-03 13:41:00,230,230,230,230,0
2021-12-03 13:42:00,230,230,230,230,0
2021-12-03 13:43:00,230,230,230,230,0
2021-12-03 13:44:00,230,230,230,230,0
2021-12-03 13:45:00,230,230,230,230,0
2021-12-03 13:46:00,230,230,230,230,0
2021-12-03 13:47:00,230,230,230,230,0
2021-12-03 13:48:00,230,230,230,230,0
2021-12-03 13:49:00,230,230,230,230,0
2021-12-03 13:50:00,230,230,230,230,0
2021-12-03 13:51:00,230,230,230,230,0
2021-12-03 13:52:00,230,230,230,230,0
2021-12-03 13:53:00,230,230,230,230,0
2021-12-03 13:54:00,230,230,230,230,0
2021-12-03 13:55:00,230,230,230,230,0
2021-12-03 13:56:00,230,230,230,230,0
2021-12-03 13:57:00,230,230,230,230,0
2021-12-03 13:58:00,230,230,230,230,0
2021-12-03 13:59:00,230,230,230,230,0
2021-12-03 14:00:00,230,230,230,230,0
2021-12-03 14:01:00,230,230,230,230,0
2021-12-03 14:02:00,230,230,230,230,0
2021-12-03 14:03:00,230,230,230,230,0
2021-12-03 14:04:00,230,230,230,230,0
2021-12-03 14:05:00,230,230,230,230,0
2021-12-03 14:06:00,230,230,230,230,0
2021-12-03 14:07:00,230,230,230,230,0
2021-12-03 14:08:00,230,230,230,230,0
2021-12-03 14:09:00,230,230,230,230,0
2021-12-03 14:10:00,230,230,230,230,0
2021-12-03 14:11:00,230,230,230,230,0
2021-12-03 14:12:00,230,230,230,230,0
2021-12-03 14:13:00,230,230,230,230,0
2021-12-03 14:14:00,230,230,230,230,0
2021-12-03 14:15:00,230,230,230,230,0
2021-12-03 14:16:00,230,230,230,230,0
2021-12-03 14:17:00,230,230,230,230,0
2021-12-03 14:18:00,230,230,230,230,0
2021-12-03 14:19:00,230,230,230,230,0
2021-12-03 14:20:00,230,230,230,230,0
2021-12-03 14:21:00,230,230,230,230,0
2021-12-03 14:22:00,230,230,230,230,2000
2021-12-03 14:23:00,230,230,230,230,0
2021-12-03 14:24:00,230,230,230,230,0
2021-12-03 14:25:00,230,230,230,230,0
2021-12-03 14:26:00,230,230,230,230,0
2021-12-03 14:27:00,230,230,230,230,0
2021-12-03 14:28:00,230,230,230,230,0
2021-12-03 14:29:00,230,230,230,230,0
2021-12-03 14:30:00,230,230,230,230,0
2021-12-03 14:31:00,230,230,230,230,0
2021-12-03 14:32:00,230,230,230,230,0
2021-12-03 14:33:00,230,230,230,230,0
2021-12-03 14:34:00,230,230,230,230,0
2021-12-03 14:35:00,230,230,230,230,0
2021-12-03 14:36:00,230,230,230,230,0
2021-12-03 14:37:00,230,230,230,230,0
2021-12-03 14:38:00,230,230,230,230,0
2021-12-03 14:39:00,230,230,230,230,0
2021-12-03 14:40:00,230,230,230,230,0
2021-12-03 14:41:00,230,230,230,230,0
2021-12-03 14:42:00,230,230,230,230,0
2021-12-03 14:43:00,230,230,230,230,0
2021-12-03 14:44:00,230,230,230,230,0
2021-12-03 14:45:00,230,230,230,230,0
2021-12-03 14:46:00,230,230,230,230,0
2021-12-03 14:47:00,230,230,230,230,0
2021-12-03 14:48:00,230,230,230,230,0
2021-12-03 14:49:00,230,230,230,230,0
2021-12-03 14:50:00,230,230,230,230,0
2021-12-03 14:51:00,230,230,230,230,0
2021-12-03 14:52:00,230,230,230,230,0
2021-12-03 14:53:00,230,230,230,230,0
2021-12-03 14:54:00,230,230,230,230,0
2021-12-03 14:55:00,230,230,230,230,0
2021-12-03 14:56:00,230,230,230,230,0
2021-12-03 14:57:00,230,230,230,230,0
2021-12-03 14:58:00,230,230,230,230,0
2021-12-03 14:59:00,230,230,230,230,0
2021-12-03 15:00:00,222,222,222,222,100
2021-12-03 15:01:00,222,222,222,222,0
2021-12-03 15:02:00,222,222,222,222,0
2021-12-03 15:03:00,222,222,222,222,0
2021-12-03 15:04:00,222,222,222,222,0
2021-12-03 15:05:00,222,222,222,222,0
2021-12-03 15:06:00,222,222,222,222,0
2021-12-03 15:07:00,222,222,222,222,0
2021-12-03 15:08:00,222,222,222,222,0
2021-12-03 15:09:00,222,222,222,222,0
2021-12-03 15:10:00,222,222,222,222,0
2021-12-03 15:11:00,222,222,222,222,0
2021-12-03 15:12:00,222,222,222,222,0
2021-12-03 15:13:00,222,222,222,222,0
2021-12-03 15:14:00,222,222,222,222,0
2021-12-03 15:15:00,222,222,222,222,0
2021-12-03 15:16:00,222,222,222,222,0
2021-12-03 15:17:00,222,222,222,222,0
2021-12-03 15:18:00,222,222,222,222,0
2021-12-03 15:19:00,222,222,222,222,0
2021-12-03 15:20:00,222,222,222,222,0
2021-12-03 15:21:00,222,222,222,222,0
2021-12-03 15:22:00,222,222,222,222,0
2021-12-03 15:23:00,222,222,222,222,0
2021-12-03 15:24:00,222,222,222,222,0
2021-12-03 15:25:00,222,222,222,222,0
2021-12-03 15:26:00,222,222,222,222,0
2021-12-03 15:27:00,222,222,222,222,0
2021-12-03 15:28:00,222,222,222,222,0
2021-12-03 15:29:00,222,222,222,222,0
2021-12-03 15:30:00,222,222,222,222,0
2021-12-03 15:31:00,222,222,222,222,0
2021-12-03 15:32:00,222,222,222,222,0
2021-12-03 15:33:00,222,222,222,222,0
2021-12-03 15:34:00,222,222,222,222,0
2021-12-03 15:35:00,222,222,222,222,0
2021-12-03 15:36:00,222,222,222,222,0
2021-12-03 15:37:00,222,222,222,222,0
2021-12-03 15:38:00,222,222,222,222,0
2021-12-03 15:39:00,222,222,222,222,0
2021-12-03 15:40:00,222,222,222,222,0
2021-12-03 15:41:00,222,222,222,222,0
2021-12-03 15:42:00,222,222,222,222,0
2021-12-03 15:43:00,222,222,222,222,0
2021-12-03 15:44:00,222,222,222,222,0
2021-12-03 15:45:00,222,222,222,222,0
2021-12-03 15:46:00,222,222,222,222,0
2021-12-03 15:47:00,222,222,222,222,0
2021-12-03 15:48:00,222,222,222,222,0
2021-12-03 15:49:00,222,222,222,222,0
2021-12-03 15:50:00,222,222,222,222,0
2021-12-03 15:51:00,222,222,222,222,0
2021-12-03 15:52:00,222,222,222,222,0
2021-12-03 15:53:00,222,222,222,222,0
2021-12-03 15:54:00,222,222,222,222,0
2021-12-03 15:55:00,222,222,222,222,0
2021-12-03 15:56:00,222,222,222,222,0
2021-12-03 15:57:00,222,222,222,222,0
2021-12-03 15:58:00,222,222,222,222,0
2021-12-03 15:59:00,222,222,222,222,0
2021-12-06 09:00:00,230,230,230,230,0
2021-12-06 09:01:00,230,230,230,230,0
2021-12-06 09:02:00,230,230,230,230,0
2021-12-06 09:03:00,230,230,230,230,0
2021-12-06 09:04:00,230,230,230,230,0
2021-12-06 09:05:00,230,230,230,230,0
2021-12-06 09:06:00,230,230,230,230,0
2021-12-06 09:07:00,230,230,230,230,0
2021-12-06 09:08:00,230,230,230,230,0
2021-12-06 09:09:00,230,230,230,230,0
2021-12-06 09:10:00,230,230,230,230,0
2021-12-06 09:11:00,230,230,230,230,0
2021-12-06 09:12:00,230,230,230,230,0
2021-12-06 09:13:00,230,230,230,230,0
2021-12-06 09:14:00,230,230,230,230,0
2021-12-06 09:15:00,230,230,230,230,0
2021-12-06 09:16:00,230,230,230,230,0
2021-12-06 09:17:00,230,230,230,230,0
2021-12-06 09:18:00,230,230,230,230,0
2021-12-06 09:19:00,230,230,230,230,0
2021-12-06 09:20:00,230,230,230,230,0
2021-12-06 09:21:00,230,230,230,230,0
2021-12-06 09:22:00,230,230,230,230,0
2021-12-06 09:23:00,230,230,230,230,0
2021-12-06 09:24:00,230,230,230,230,0
2021-12-06 09:25:00,230,230,230,230,0
2021-12-06 09:26:00,230,230,230,230,0
2021-12-06 09:27:00,230,230,230,230,0
2021-12-06 09:28:00,230,230,230,230,0
2021-12-06 09:29:00,230,230,230,230,0
2021-12-06 09:30:00,230,230,230,230,0
2021-12-06 09:31:00,230,230,230,230,0
2021-12-06 09:32:00,230,230,230,230,0
2021-12-06 09:33:00,230,230,230,230,0
2021-12-06 09:34:00,230,230,230,230,0
2021-12-06 09:35:00,230,230,230,230,0
2021-12-06 09:36:00,230,230,230,230,0
2021-12-06 09:37:00,230,230,230,230,0
2021-12-06 09:38:00,230,230,230,230,0
2021-12-06 09:39:00,230,230,230,230,0
2021-12-06 09:40:00,230,230,230,230,0
2021-12-06 09:41:00,230,230,230,230,0
2021-12-06 09:42:00,230,230,230,230,0
2021-12-06 09:43:00,230,230,230,230,0
2021-12-06 09:44:00,230,230,230,230,0
2021-12-06 09:45:00,230,230,230,230,0
2021-12-06 09:46:00,230,230,230,230,0
2021-12-06 09:47:00,230,230,230,230,0
2021-12-06 09:48:00,230,230,230,230,0
2021-12-06 09:49:00,230,230,230,230,0
2021-12-06 09:50:00,230,230,230,230,0
2021-12-06 09:51:00,230,230,230,230,0
2021-12-06 09:52:00,230,230,230,230,0
2021-12-06 09:53:00,230,230,230,230,0
2021-12-06 09:54:00,230,230,230,230,0
2021-12-06 09:55:00,230,230,230,230,0
2021-12-06 09:56:00,230,230,230,230,0
2021-12-06 09:57:00,230,230,230,230,0
2021-12-06 09:58:00,230,230,230,230,0
2021-12-06 09:59:00,230,230,230,230,0
2021-12-06 10:00:00,230,230,230,230,0
2021-12-06 10:01:00,230,230,230,230,0
2021-12-06 10:02:00,230,230,230,230,0
2021-12-06 10:03:00,230,230,230,230,0
2021-12-06 10:04:00,230,230,230,230,0
2021-12-06 10:05:00,230,230,230,230,0
2021-12-06 10:06:00,230,230,230,230,0
2021-12-06 10:07:00,230,230,230,230,0
2021-12-06 10:08:00,230,230,230,230,0
2021-12-06 10:09:00,230,230,230,230,0
2021-12-06 10:10:00,230,230,230,230,0
2021-12-06 10:11:00,230,230,230,230,0
2021-12-06 10:12:00,230,230,230,230,0
2021-12-06 10:13:00,230,230,230,230,0
2021-12-06 10:14:00,230,230,230,230,0
2021-12-06 10:15:00,230,230,230,230,0
2021-12-06 10:16:00,230,230,230,230,0
2021-12-06 10:17:00,230,230,230,230,0
2021-12-06 10:18:00,230,230,230,230,0
2021-12-06 10:19:00,230,230,230,230,0
2021-12-06 10:20:00,230,230,230,230,0
2021-12-06 10:21:00,230,230,230,230,0
2021-12-06 10:22:00,230,230,230,230,0
2021-12-06 10:23:00,230,230,230,230,0
2021-12-06 10:24:00,230,230,230,230,0
2021-12-06 10:25:00,230,230,230,230,0
2021-12-06 10:26:00,230,230,230,230,0
2021-12-06 10:27:00,230,230,230,230,0
2021-12-06 10:28:00,230,230,230,230,0
2021-12-06 10:29:00,230,230,230,230,0
2021-12-06 10:30:00,230,230,230,230,0
2021-12-06 10:31:00,230,230,230,230,0
2021-12-06 10:32:00,230,230,230,230,0
2021-12-06 10:33:00,230,230,230,230,0
2021-12-06 10:34:00,230,230,230,230,0
2021-12-06 10:35:00,230,230,230,230,0
2021-12-06 10:36:00,230,230,230,230,0
2021-12-06 10:37:00,230,230,230,230,0
2021-12-06 10:38:00,230,230,230,230,0
2021-12-06 10:39:00,230,230,230,230,0
2021-12-06 10:40:00,230,230,230,230,0
2021-12-06 10:41:00,230,230,230,230,0
2021-12-06 10:42:00,230,230,230,230,0
2021-12-06 10:43:00,230,230,230,230,0
2021-12-06 10:44:00,230,230,230,230,0
2021-12-06 10:45:00,230,230,230,230,0
2021-12-06 10:46:00,230,230,230,230,0
2021-12-06 10:47:00,230,230,230,230,0
2021-12-06 10:48:00,230,230,230,230,0
2021-12-06 10:49:00,230,230,230,230,0
2021-12-06 10:50:00,230,230,230,230,0
2021-12-06 10:51:00,230,230,230,230,0
2021-12-06 10:52:00,230,230,230,230,0
2021-12-06 10:53:00,230,230,230,230,0
2021-12-06 10:54:00,230,230,230,230,0
2021-12-06 10:55:00,230,230,230,230,0
2021-12-06 10:56:00,230,230,230,230,0
2021-12-06 10:57:00,230,230,230,230,0
2021-12-06 10:58:00,230,230,230,230,0
2021-12-06 10:59:00,230,230,230,230,0
2021-12-06 11:00:00,230,230,230,230,0
2021-12-06 11:01:00,230,230,230,230,0
2021-12-06 11:02:00,230,230,230,230,0
2021-12-06 11:03:00,230,230,230,230,0
2021-12-06 11:04:00,230,230,230,230,0
2021-12-06 11:05:00,230,230,230,230,0
2021-12-06 11:06:00,230,230,230,230,0
2021-12-06 11:07:00,230,230,230,230,0
2021-12-06 11:08:00,230,230,230,230,0
2021-12-06 11:09:00,230,230,230,230,0
2021-12-06 11:10:00,230,230,230,230,0
2021-12-06 11:11:00,230,230,230,230,0
2021-12-06 11:12:00,230,230,230,230,0
2021-12-06 11:13:00,230,230,230,230,0
2021-12-06 11:14:00,230,230,230,230,0
2021-12-06 11:15:00,230,230,230,230,0
2021-12-06 11:16:00,230,230,230,230,0
2021-12-06 11:17:00,230,230,230,230,0
2021-12-06 11:18:00,230,230,230,230,0
2021-12-06 11:19:00,230,230,230,230,0
2021-12-06 11:20:00,230,230,230,230,0
2021-12-06 11:21:00,230,230,230,230,0
2021-12-06 11:22:00,230,230,230,230,0
2021-12-06 11:23:00,230,230,230,230,0
2021-12-06 11:24:00,230,230,230,230,0
2021-12-06 11:25:00,230,230,230,230,0
2021-12-06 11:26:00,230,230,230,230,0
2021-12-06 11:27:00,230,230,230,230,0
2021-12-06 11:28:00,230,230,230,230,0
2021-12-06 11:29:00,230,230,230,230,0
2021-12-06 11:30:00,230,230,230,230,0
2021-12-06 11:31:00,230,230,230,230,0
2021-12-06 11:32:00,230,230,230,230,0
2021-12-06 11:33:00,230,230,230,230,0
2021-12-06 11:34:00,230,230,230,230,0
2021-12-06 11:35:00,230,230,230,230,0
2021-12-06 11:36:00,230,230,230,230,0
2021-12-06 11:37:00,230,230,230,230,0
2021-12-06 11:38:00,230,230,230,230,0
2021-12-06 11:39:00,230,230,230,230,0
2021-12-06 11:40:00,230,230,230,230,0
2021-12-06 11:41:00,230,230,230,230,0
2021-12-06 11:42:00,230,230,230,230,0
2021-12-06 11:43:00,230,230,230,230,0
2021-12-06 11:44:00,230,230,230,230,0
2021-12-06 11:45:00,230,230,230,230,0
2021-12-06 11:46:00,230,230,230,230,0
2021-12-06 11:47:00,230,230,230,230,0
2021-12-06 11:48:00,230,230,230,230,0
2021-12-06 11:49:00,230,230,230,230,0
2021-12-06 11:50:00,230,230,230,230,0
2021-12-06 11:51:00,230,230,230,230,0
2021-12-06 11:52:00,230,230,230,230,0
2021-12-06 11:53:00,230,230,230,230,0
2021-12-06 11:54:00,230,230,230,230,0
2021-12-06 11:55:00,230,230,230,230,0
2021-12-06 11:56:00,230,230,230,230,0
2021-12-06 11:57:00,230,230,230,230,0
2021-12-06 11:58:00,230,230,230,230,0
2021-12-06 11:59:00,230,230,230,230,0
2021-12-06 12:00:00,230,230,230,230,0
2021-12-06 12:01:00,230,230,230,230,0
2021-12-06 12:02:00,230,230,230,230,0
2021-12-06 12:03:00,230,230,230,230,0
2021-12-06 12:04:00,230,230,230,230,0
2021-12-06 12:05:00,230,230,230,230,0
2021-12-06 12:06:00,230,230,230,230,0
2021-12-06 12:07:00,230,230,230,230,0
2021-12-06 12:08:00,230,230,230,230,0
2021-12-06 12:09:00,230,230,230,230,0
2021-12-06 12:10:00,230,230,230,230,0
2021-12-06 12:11:00,230,230,230,230,0
2021-12-06 12:12:00,230,230,230,230,0
2021-12-06 12:13:00,230,230,230,230,0
2021-12-06 12:14:00,230,230,230,230,0
2021-12-06 12:15:00,230,230,230,230,0
2021-12-06 12:16:00,230,230,230,230,0
2021-12-06 12:17:00,230,230,230,230,0
2021-12-06 12:18:00,230,230,230,230,0
2021-12-06 12:19:00,230,230,230,230,0
2021-12-06 12:20:00,230,230,230,230,0
2021-12-06 12:21:00,230,230,230,230,0
2021-12-06 12:22:00,230,230,230,230,0
2021-12-06 12:23:00,230,230,230,230,0
2021-12-06 12:24:00,230,230,230,230,0
2021-12-06 12:25:00,230,230,230,230,0
2021-12-06 12:26:00,230,230,230,230,0
2021-12-06 12:27:00,230,230,230,230,0
2021-12-06 12:28:00,230,230,230,230,0
2021-12-06 12:29:00,230,230,230,230,0
2021-12-06 12:30:00,230,230,230,230,0
2021-12-06 12:31:00,230,230,230,230,0
2021-12-06 12:32:00,230,230,230,230,0
2021-12-06 12:33:00,230,230,230,230,0
2021-12-06 12:34:00,230,230,230,230,0
2021-12-06 12:35:00,230,230,230,230,0
2021-12-06 12:36:00,230,230,230,230,0
2021-12-06 12:37:00,230,230,230,230,0
2021-12-06 12:38:00,230,230,230,230,0
2021-12-06 12:39:00,230,230,230,230,0
2021-12-06 12:40:00,230,230,230,230,0
2021-12-06 12:41:00,230,230,230,230,0
2021-12-06 12:42:00,230,230,230,230,0
2021-12-06 12:43:00,230,230,230,230,0
2021-12-06 12:44:00,230,230,230,230,0
2021-12-06 12:45:00,230,230,230,230,0
2021-12-06 12:46:00,230,230,230,230,0
2021-12-06 12:47:00,230,230,230,230,0
2021-12-06 12:48:00,230,230,230,230,0
2021-12-06 12:49:00,230,230,230,230,0
2021-12-06 12:50:00,230,230,230,230,0
2021-12-06 12:51:00,230,230,230,230,0
2021-12-06 12:52:00,230,230,230,230,0
2021-12-06 12:53:00,230,230,230,230,0
2021-12-06 12:54:00,230,230,230,230,0
2021-12-06 12:55:00,230,230,230,230,0
2021-12-06 12:56:00,230,230,230,230,0
2021-12-06 12:57:00,230,230,230,230,0
2021-12-06 12:58:00,230,230,230,230,0
2021-12-06 12:59:00,230,230,230,230,0
2021-12-06 13:00:00,230,230,230,230,0
2021-12-06 13:01:00,230,230,230,230,0
2021-12-06 13:02:00,230,230,230,230,0
2021-12-06 13:03:00,230,230,230,230,0
2021-12-06 13:04:00,230,230,230,230,0
2021-12-06 13:05:00,230,230,230,230,0
2021-12-06 13:06:00,230,230,230,230,0
2021-12-06 13:07:00,230,230,230,230,0
2021-12-06 13:08:00,230,230,230,230,0
2021-12-06 13:09:00,230,230,230,230,0
2021-12-06 13:10:00,230,230,230,230,0
2021-12-06 13:11:00,230,230,230,230,0
2021-12-06 13:12:00,230,230,230,230,0
2021-12-06 13:13:00,230,230,230,230,0
2021-12-06 13:14:00,230,230,230,230,0
2021-12-06 13:15:00,230,230,230,230,0
2021-12-06 13:16:00,230,230,230,230,0
2021-12-06 13:17:00,230,230,230,230,0
2021-12-06 13:18:00,230,230,230,230,0
2021-12-06 13:19:00,230,230,230,230,0
2021-12-06 13:20:00,230,230,230,230,0
2021-12-06 13:21:00,230,230,230,230,0
2021-12-06 13:22:00,230,230,230,230,0
2021-12-06 13:23:00,230,230,230,230,0
2021-12-06 13:24:00,230,230,230,230,0
2021-12-06 13:25:00,230,230,230,230,0
2021-12-06 13:26:00,230,230,230,230,0
2021-12-06 13:27:00,230,230,230,230,0
2021-12-06 13:28:00,230,230,230,230,0
2021-12-06 13:29:00,230,230,230,230,0
2021-12-06 13:30:00,230,230,230,230,0
2021-12-06 13:31:00,230,230,230,230,0
2021-12-06 13:32:00,230,230,230,230,0
2021-12-06 13:33:00,230,230,230,230,0
2021-12-06 13:34:00,230,230,230,230,0
2021-12-06 13:35:00,230,230,230,230,0
2021-12-06 13:36:00,230,230,230,230,0
2021-12-06 13:37:00,230,230,230,230,0
2021-12-06 13:38:00,230,230,230,230,0
2021-12-06 13:39:00,230,230,230,230,0
2021-12-06 13:40:00,230,230,230,230,0
2021-12-06 13:41:00,230,230,230,230,0
2021-12-06 13:42:00,230,230,230,230,0
2021-12-06 13:43:00,230,230,230,230,0
2021-12-06 13:44:00,230,230,230,230,0
2021-12-06 13:45:00,230,230,230,230,0
2021-12-06 13:46:00,230,230,230,230,0
2021-12-06 13:47:00,230,230,230,230,0
2021-12-06 13:48:00,230,230,230,230,0
2021-12-06 13:49:00,230,230,230,230,0
2021-12-06 13:50:00,230,230,230,230,0
2021-12-06 13:51:00,230,230,230,230,0
2021-12-06 13:52:00,230,230,230,230,0
2021-12-06 13:53:00,230,230,230,230,0
2021-12-06 13:54:00,230,230,230,230,0
2021-12-06 13:55:00,230,230,230,230,0
2021-12-06 13:56:00,230,230,230,230,0
2021-12-06 13:57:00,230,230,230,230,0
2021-12-06 13:58:00,230,230,230,230,0
2021-12-06 13:59:00,230,230,230,230,0
2021-12-06 14:00:00,230,230,230,230,0
2021-12-06 14:01:00,230,230,230,230,0
2021-12-06 14:02:00,230,230,230,230,0
2021-12-06 14:03:00,230,230,230,230,0
2021-12-06 14:04:00,230,230,230,230,0
2021-12-06 14:05:00,230,230,230,230,0
2021-12-06 14:06:00,230,230,230,230,0
2021-12-06 14:07:00,230,230,230,230,0
2021-12-06 14:08:00,230,230,230,230,0
2021-12-06 14:09:00,230,230,230,230,0
2021-12-06 14:10:00,230,230,230,230,0
2021-12-06 14:11:00,230,230,230,230,0
2021-12-06 14:12:00,230,230,230,230,0
2021-12-06 14:13:00,230,230,230,230,0
2021-12-06 14:14:00,230,230,230,230,0
2021-12-06 14:15:00,230,230,230,230,0
2021-12-06 14:16:00,230,230,230,230,0
2021-12-06 14:17:00,230,230,230,230,0
2021-12-06 14:18:00,230,230,230,230,0
2021-12-06 14:19:00,230,230,230,230,0
2021-12-06 14:20:00,230,230,230,230,0
2021-12-06 14:21:00,230,230,230,230,0
2021-12-06 14:22:00,230,230,230,230,0
2021-12-06 14:23:00,230,230,230,230,0
2021-12-06 14:24:00,230,230,230,230,0
2021-12-06 14:25:00,230,230,230,230,0
2021-12-06 14:26:00,230,230,230,230,0
2021-12-06 14:27:00,230,230,230,230,0
2021-12-06 14:28:00,230,230,230,230,0
2021-12-06 14:29:00,230,230,230,230,0
2021-12-06 14:30:00,230,230,230,230,0
2021-12-06 14:31:00,230,230,230,230,0
2021-12-06 14:32:00,230,230,230,230,0
2021-12-06 14:33:00,230,230,230,230,0
2021-12-06 14:34:00,230,230,230,230,0
2021-12-06 14:35:00,230,230,230,230,0
2021-12-06 14:36:00,230,230,230,230,0
2021-12-06 14:37:00,230,230,230,230,0
2021-12-06 14:38:00,230,230,230,230,0
2021-12-06 14:39:00,230,230,230,230,0
2021-12-06 14:40:00,230,230,230,230,0
2021-12-06 14:41:00,230,230,230,230,0
2021-12-06 14:42:00,230,230,230,230,0
2021-12-06 14:43:00,230,230,230,230,0
2021-12-06 14:44:00,230,230,230,230,0
2021-12-06 14:45:00,230,230,230,230,0
2021-12-06 14:46:00,230,230,230,230,0
2021-12-06 14:47:00,230,230,230,230,0
2021-12-06 14:48:00,230,230,230,230,0
2021-12-06 14:49:00,230,230,230,230,0
2021-12-06 14:50:00,230,230,230,230,0
2021-12-06 14:51:00,230,230,230,230,0
2021-12-06 14:52:00,230,230,230,230,0
2021-12-06 14:53:00,230,230,230,230,0
2021-12-06 14:54:00,230,230,230,230,0
2021-12-06 14:55:00,230,230,230,230,0
2021-12-06 14:56:00,230,230,230,230,0
2021-12-06 14:57:00,230,230,230,230,0
2021-12-06 14:58:00,230,230,230,230,0
2021-12-06 14:59:00,230,230,230,230,0
2021-12-06 15:00:00,230,230,230,230,0
2021-12-06 15:01:00,230,230,230,230,0
2021-12-06 15:02:00,230,230,230,230,0
2021-12-06 15:03:00,230,230,230,230,0
2021-12-06 15:04:00,230,230,230,230,0
2021-12-06 15:05:00,230,230,230,230,0
2021-12-06 15:06:00,230,230,230,230,0
2021-12-06 15:07:00,230,230,230,230,0
2021-12-06 15:08:00,230,230,230,230,0
2021-12-06 15:09:00,230,230,230,230,0
2021-12-06 15:10:00,230,230,230,230,0
2021-12-06 15:11:00,230,230,230,230,0
2021-12-06 15:12:00,230,230,230,230,0
2021-12-06 15:13:00,230,230,230,230,0
2021-12-06 15:14:00,230,230,230,230,0
2021-12-06 15:15:00,230,230,230,230,0
2021-12-06 15:16:00,230,230,230,230,0
2021-12-06 15:17:00,230,230,230,230,0
2021-12-06 15:18:00,230,230,230,230,0
2021-12-06 15:19:00,230,230,230,230,0
2021-12-06 15:20:00,230,230,230,230,0
2021-12-06 15:21:00,230,230,230,230,0
2021-12-06 15:22:00,230,230,230,230,0
2021-12-06 15:23:00,230,230,230,230,0
2021-12-06 15:24:00,230,230,230,230,0
2021-12-06 15:25:00,230,230,230,230,0
2021-12-06 15:26:00,230,230,230,230,0
2021-12-06 15:27:00,230,230,230,230,0
2021-12-06 15:28:00,230,230,230,230,0
2021-12-06 15:29:00,230,230,230,230,0
2021-12-06 15:30:00,230,230,230,230,0
2021-12-06 15:31:00,230,230,230,230,0
2021-12-06 15:32:00,230,230,230,230,0
2021-12-06 15:33:00,230,230,230,230,0
2021-12-06 15:34:00,230,230,230,230,0
2021-12-06 15:35:00,230,230,230,230,0
2021-12-06 15:36:00,230,230,230,230,0
2021-12-06 15:37:00,230,230,230,230,0
2021-12-06 15:38:00,230,230,230,230,0
2021-12-06 15:39:00,230,230,230,230,0
2021-12-06 15:40:00,230,230,230,230,0
2021-12-06 15:41:00,230,230,230,230,0
2021-12-06 15:42:00,230,230,230,230,0
2021-12-06 15:43:00,230,230,230,230,0
2021-12-06 15:44:00,230,230,230,230,0
2021-12-06 15:45:00,230,230,230,230,0
2021-12-06 15:46:00,230,230,230,230,0
2021-12-06 15:47:00,230,230,230,230,0
2021-12-06 15:48:00,230,230,230,230,0
2021-12-06 15:49:00,230,230,230,230,0
2021-12-06 15:50:00,230,230,230,230,0
2021-12-06 15:51:00,230,230,230,230,0
2021-12-06 15:52:00,230,230,230,230,0
2021-12-06 15:53:00,230,230,230,230,0
2021-12-06 15:54:00,230,230,230,230,0
2021-12-06 15:55:00,230,230,230,230,0
2021-12-06 15:56:00,230,230,230,230,0
2021-12-06 15:57:00,230,230,230,230,0
2021-12-06 15:58:00,230,230,230,230,0
2021-12-06 15:59:00,230,230,230,230,0
2021-12-07 09:00:00,230,230,230,230,0
2021-12-07 09:01:00,230,230,230,230,0
2021-12-07 09:02:00,230,230,230,230,0
2021-12-07 09:03:00,230,230,230,230,0
2021-12-07 09:04:00,230,230,230,230,0
2021-12-07 09:05:00,230,230,230,230,0
2021-12-07 09:06:00,230,230,230,230,0
2021-12-07 09:07:00,230,230,230,230,0
2021-12-07 09:08:00,230,230,230,230,0
2021-12-07 09:09:00,230,230,230,230,0
2021-12-07 09:10:00,230,230,230,230,0
2021-12-07 09:11:00,230,230,230,230,0
2021-12-07 09:12:00,230,230,230,230,0
2021-12-07 09:13:00,230,230,230,230,0
2021-12-07 09:14:00,230,230,230,230,0
2021-12-07 09:15:00,230,230,230,230,0
2021-12-07 09:16:00,230,230,230,230,0
2021-12-07 09:17:00,230,230,230,230,0
2021-12-07 09:18:00,230,230,230,230,0
2021-12-07 09:19:00,230,230,230,230,0
2021-12-07 09:20:00,230,230,230,230,0
2021-12-07 09:21:00,230,230,230,230,0
2021-12-07 09:22:00,230,230,230,230,0
2021-12-07 09:23:00,230,230,230,230,0
2021-12-07 09:24:00,230,230,230,230,0
2021-12-07 09:25:00,230,230,230,230,0
2021-12-07 09:26:00,230,230,230,230,0
2021-12-07 09:27:00,230,230,230,230,0
2021-12-07 09:28:00,230,230,230,230,0
2021-12-07 09:29:00,230,230,230,230,0
2021-12-07 09:30:00,230,230,230,230,0
2021-12-07 09:31:00,230,230,230,230,0
2021-12-07 09:32:00,230,230,230,230,0
2021-12-07 09:33:00,230,230,230,230,0
2021-12-07 09:34:00,230,230,230,230,0
2021-12-07 09:35:00,230,230,230,230,0
2021-12-07 09:36:00,230,230,230,230,0
2021-12-07 09:37:00,230,230,230,230,0
2021-12-07 09:38:00,230,230,230,230,0
2021-12-07 09:39:00,230,230,230,230,0
2021-12-07 09:40:00,230,230,230,230,0
2021-12-07 09:41:00,230,230,230,230,0
2021-12-07 09:42:00,230,230,230,230,0
2021-12-07 09:43:00,230,230,230,230,0
2021-12-07 09:44:00,230,230,230,230,0
2021-12-07 09:45:00,230,230,230,230,0
2021-12-07 09:46:00,230,230,230,230,0
2021-12-07 09:47:00,230,230,230,230,0
2021-12-07 09:48:00,230,230,230,230,0
2021-12-07 09:49:00,230,230,230,230,0
2021-12-07 09:50:00,230,230,230,230,0
2021-12-07 09:51:00,230,230,230,230,0
2021-12-07 09:52:00,230,230,230,230,0
2021-12-07 09:53:00,230,230,230,230,0
2021-12-07 09:54:00,230,230,230,230,0
2021-12-07 09:55:00,230,230,230,230,0
2021-12-07 09:56:00,230,230,230,230,0
2021-12-07 09:57:00,230,230,230,230,0
2021-12-07 09:58:00,230,230,230,230,0
2021-12-07 09:59:00,230,230,230,230,0
2021-12-07 10:00:00,230,230,230,230,0
2021-12-07 10:01:00,230,230,230,230,0
2021-12-07 10:02:00,230,230,230,230,0
2021-12-07 10:03:00,230,230,230,230,0
2021-12-07 10:04:00,230,230,230,230,0
2021-12-07 10:05:00,230,230,230,230,0
2021-12-07 10:06:00,230,230,230,230,0
2021-12-07 10:07:00,230,230,230,230,0
2021-12-07 10:08:00,230,230,230,230,0
2021-12-07 10:09:00,230,230,230,230,0
2021-12-07 10:10:00,230,230,230,230,0
2021-12-07 10:11:00,230,230,230,230,0
2021-12-07 10:12:00,230,230,230,230,0
2021-12-07 10:13:00,230,230,230,230,0
2021-12-07 10:14:00,230,230,230,230,0
2021-12-07 10:15:00,230,230,230,230,0
2021-12-07 10:16:00,230,230,230,230,0
2021-12-07 10:17:00,230,230,230,230,0
2021-12-07 10:18:00,230,230,230,230,0
2021-12-07 10:19:00,230,230,230,230,0
2021-12-07 10:20:00,230,230,230,230,0
2021-12-07 10:21:00,230,230,230,230,0
2021-12-07 10:22:00,230,230,230,230,0
2021-12-07 10:23:00,230,230,230,230,0
2021-12-07 10:24:00,230,230,230,230,0
2021-12-07 10:25:00,230,230,230,230,0
2021-12-07 10:26:00,230,230,230,230,0
2021-12-07 10:27:00,230,230,230,230,0
2021-12-07 10:28:00,230,230,230,230,0
2021-12-07 10:29:00,230,230,230,230,0
2021-12-07 10:30:00,230,230,230,230,0
2021-12-07 10:31:00,230,230,230,230,0
2021-12-07 10:32:00,230,230,230,230,0
2021-12-07 10:33:00,230,230,230,230,0
2021-12-07 10:34:00,230,230,230,230,0
2021-12-07 10:35:00,230,230,230,230,0
2021-12-07 10:36:00,230,230,230,230,0
2021-12-07 10:37:00,230,230,230,230,0
2021-12-07 10:38:00,230,230,230,230,0
2021-12-07 10:39:00,230,230,230,230,0
2021-12-07 10:40:00,230,230,230,230,0
2021-12-07 10:41:00,230,230,230,230,0
2021-12-07 10:42:00,230,230,230,230,0
2021-12-07 10:43:00,230,230,230,230,0
2021-12-07 10:44:00,230,230,230,230,0
2021-12-07 10:45:00,230,230,230,230,0
2021-12-07 10:46:00,230,230,230,230,0
2021-12-07 10:47:00,230,230,230,230,0
2021-12-07 10:48:00,230,230,230,230,0
2021-12-07 10:49:00,230,230,230,230,0
2021-12-07 10:50:00,230,230,230,230,0
2021-12-07 10:51:00,230,230,230,230,0
2021-12-07 10:52:00,230,230,230,230,0
2021-12-07 10:53:00,230,230,230,230,0
2021-12-07 10:54:00,230,230,230,230,0
2021-12-07 10:55:00,230,230,230,230,0
2021-12-07 10:56:00,230,230,230,230,0
2021-12-07 10:57:00,230,230,230,230,0
2021-12-07 10:58:00,230,230,230,230,0
2021-12-07 10:59:00,230,230,230,230,0
2021-12-07 11:00:00,230,230,230,230,0
2021-12-07 11:01:00,230,230,230,230,0
2021-12-07 11:02:00,230,230,230,230,0
2021-12-07 11:03:00,230,230,230,230,0
2021-12-07 11:04:00,230,230,230,230,0
2021-12-07 11:05:00,230,230,230,230,0
2021-12-07 11:06:00,230,230,230,230,0
2021-12-07 11:07:00,230,230,230,230,0
2021-12-07 11:08:00,230,230,230,230,0
2021-12-07 11:09:00,230,230,230,230,0
2021-12-07 11:10:00,230,230,230,230,0
2021-12-07 11:11:00,230,230,230,230,0
2021-12-07 11:12:00,230,230,230,230,0
2021-12-07 11:13:00,230,230,230,230,0
2021-12-07 11:14:00,230,230,230,230,0
2021-12-07 11:15:00,230,230,230,230,0
2021-12-07 11:16:00,230,230,230,230,0
2021-12-07 11:17:00,230,230,230,230,0
2021-12-07 11:18:00,230,230,230,230,0
2021-12-07 11:19:00,230,230,230,230,0
2021-12-07 11:20:00,230,230,230,230,0
2021-12-07 11:21:00,230,230,230,230,0
2021-12-07 11:22:00,230,230,230,230,0
2021-12-07 11:23:00,230,230,230,230,0
2021-12-07 11:24:00,230,230,230,230,0
2021-12-07 11:25:00,230,230,230,230,0
2021-12-07 11:26:00,230,230,230,230,0
2021-12-07 11:27:00,230,230,230,230,0
2021-12-07 11:28:00,230,230,230,230,0
2021-12-07 11:29:00,230,230,230,230,0
2021-12-07 11:30:00,230,230,230,230,0
2021-12-07 11:31:00,230,230,230,230,0
2021-12-07 11:32:00,230,230,230,230,0
2021-12-07 11:33:00,230,230,230,230,0
2021-12-07 11:34:00,230,230,230,230,0
2021-12-07 11:35:00,230,230,230,230,0
2021-12-07 11:36:00,230,230,230,230,0
2021-12-07 11:37:00,230,230,230,230,0
2021-12-07 11:38:00,230,230,230,230,0
2021-12-07 11:39:00,230,230,230,230,0
2021-12-07 11:40:00,230,230,230,230,0
2021-12-07 11:41:00,230,230,230,230,0
2021-12-07 11:42:00,230,230,230,230,0
2021-12-07 11:43:00,230,230,230,230,0
2021-12-07 11:44:00,230,230,230,230,0
2021-12-07 11:45:00,230,230,230,230,0
2021-12-07 11:46:00,230,230,230,230,0
2021-12-07 11:47:00,230,230,230,230,0
2021-12-07 11:48:00,230,230,230,230,0
2021-12-07 11:49:00,230,230,230,230,0
2021-12-07 11:50:00,230,230,230,230,0
2021-12-07 11:51:00,230,230,230,230,0
2021-12-07 11:52:00,230,230,230,230,0
2021-12-07 11:53:00,230,230,230,230,0
2021-12-07 11:54:00,230,230,230,230,0
2021-12-07 11:55:00,230,230,230,230,0
2021-12-07 11:56:00,230,230,230,230,0
2021-12-07 11:57:00,230,230,230,230,0
2021-12-07 11:58:00,230,230,230,230,0
2021-12-07 11:59:00,230,230,230,230,0
2021-12-07 12:00:00,230,230,230,230,0
2021-12-07 12:01:00,230,230,230,230,0
2021-12-07 12:02:00,230,230,230,230,0
2021-12-07 12:03:00,230,230,230,230,0
2021-12-07 12:04:00,230,230,230,230,0
2021-12-07 12:05:00,230,230,230,230,0
2021-12-07 12:06:00,230,230,230,230,0
2021-12-07 12:07:00,230,230,230,230,0
2021-12-07 12:08:00,230,230,230,230,0
2021-12-07 12:09:00,230,230,230,230,0
2021-12-07 12:10:00,230,230,230,230,0
2021-12-07 12:11:00,230,230,230,230,0
2021-12-07 12:12:00,230,230,230,230,0
2021-12-07 12:13:00,230,230,230,230,0
2021-12-07 12:14:00,230,230,230,230,0
2021-12-07 12:15:00,230,230,230,230,0
2021-12-07 12:16:00,230,230,230,230,0
2021-12-07 12:17:00,230,230,230,230,0
2021-12-07 12:18:00,230,230,230,230,0
2021-12-07 12:19:00,230,230,230,230,0
2021-12-07 12:20:00,230,230,230,230,0
2021-12-07 12:21:00,230,230,230,230,0
2021-12-07 12:22:00,230,230,230,230,0
2021-12-07 12:23:00,230,230,230,230,0
2021-12-07 12:24:00,230,230,230,230,0
2021-12-07 12:25:00,230,230,230,230,0
2021-12-07 12:26:00,230,230,230,230,0
2021-12-07 12:27:00,230,230,230,230,0
2021-12-07 12:28:00,230,230,230,230,0
2021-12-07 12:29:00,230,230,230,230,0
2021-12-07 12:30:00,230,230,230,230,0
2021-12-07 12:31:00,230,230,230,230,0
2021-12-07 12:32:00,230,230,230,230,0
2021-12-07 12:33:00,230,230,230,230,0
2021-12-07 12:34:00,230,230,230,230,0
2021-12-07 12:35:00,230,230,230,230,0
2021-12-07 12:36:00,230,230,230,230,0
2021-12-07 12:37:00,230,230,230,230,0
2021-12-07 12:38:00,230,230,230,230,0
2021-12-07 12:39:00,230,230,230,230,0
2021-12-07 12:40:00,230,230,230,230,0
2021-12-07 12:41:00,230,230,230,230,0
2021-12-07 12:42:00,230,230,230,230,0
2021-12-07 12:43:00,230,230,230,230,0
2021-12-07 12:44:00,230,230,230,230,0
2021-12-07 12:45:00,230,230,230,230,0
2021-12-07 12:46:00,230,230,230,230,0
2021-12-07 12:47:00,230,230,230,230,0
2021-12-07 12:48:00,230,230,230,230,0
2021-12-07 12:49:00,230,230,230,230,0
2021-12-07 12:50:00,230,230,230,230,0
2021-12-07 12:51:00,230,230,230,230,0
2021-12-07 12:52:00,230,230,230,230,0
2021-12-07 12:53:00,230,230,230,230,0
2021-12-07 12:54:00,230,230,230,230,0
2021-12-07 12:55:00,230,230,230,230,0
2021-12-07 12:56:00,230,230,230,230,0
2021-12-07 12:57:00,230,230,230,230,0
2021-12-07 12:58:00,230,230,230,230,0
2021-12-07 12:59:00,230,230,230,230,0
2021-12-07 13:00:00,230,230,230,230,0
2021-12-07 13:01:00,230,230,230,230,0
2021-12-07 13:02:00,230,230,230,230,0
2021-12-07 13:03:00,230,230,230,230,0
2021-12-07 13:04:00,230,230,230,230,0
2021-12-07 13:05:00,230,230,230,230,0
2021-12-07 13:06:00,230,230,230,230,0
2021-12-07 13:07:00,230,230,230,230,0
2021-12-07 13:08:00,230,230,230,230,0
2021-12-07 13:09:00,230,230,230,230,0
2021-12-07 13:10:00,230,230,230,230,0
2021-12-07 13:11:00,230,230,230,230,0
2021-12-07 13:12:00,230,230,230,230,0
2021-12-07 13:13:00,230,230,230,230,0
2021-12-07 13:14:00,230,230,230,230,0
2021-12-07 13:15:00,230,230,230,230,0
2021-12-07 13:16:00,230,230,230,230,0
2021-12-07 13:17:00,230,230,230,230,0
2021-12-07 13:18:00,230,230,230,230,0
2021-12-07 13:19:00,230,230,230,230,0
2021-12-07 13:20:00,230,230,230,230,0
2021-12-07 13:21:00,230,230,230,230,0
2021-12-07 13:22:00,230,230,230,230,0
2021-12-07 13:23:00,230,230,230,230,0
2021-12-07 13:24:00,230,230,230,230,0
2021-12-07 13:25:00,230,230,230,230,0
2021-12-07 13:26:00,230,230,230,230,0
2021-12-07 13:27:00,230,230,230,230,0
2021-12-07 13:28:00,230,230,230,230,0
2021-12-07 13:29:00,230,230,230,230,0
2021-12-07 13:30:00,230,230,230,230,0
2021-12-07 13:31:00,230,230,230,230,0
2021-12-07 13:32:00,230,230,230,230,0
2021-12-07 13:33:00,230,230,230,230,0
2021-12-07 13:34:00,230,230,230,230,0
2021-12-07 13:35:00,230,230,230,230,0
2021-12-07 13:36:00,230,230,230,230,0
2021-12-07 13:37:00,230,230,230,230,0
2021-12-07 13:38:00,230,230,230,230,0
2021-12-07 13:39:00,230,230,230,230,0
2021-12-07 13:40:00,230,230,230,230,0
2021-12-07 13:41:00,230,230,230,230,0
2021-12-07 13:42:00,230,230,230,230,0
2021-12-07 13:43:00,230,230,230,230,0
2021-12-07 13:44:00,230,230,230,230,0
2021-12-07 13:45:00,230,230,230,230,0
2021-12-07 13:46:00,230,230,230,230,0
2021-12-07 13:47:00,230,230,230,230,0
2021-12-07 13:48:00,230,230,230,230,0
2021-12-07 13:49:00,230,230,230,230,0
2021-12-07 13:50:00,230,230,230,230,0
2021-12-07 13:51:00,230,230,230,230,0
2021-12-07 13:52:00,230,230,230,230,0
2021-12-07 13:53:00,230,230,230,230,0
2021-12-07 13:54:00,230,230,230,230,0
2021-12-07 13:55:00,230,230,230,230,0
2021-12-07 13:56:00,230,230,230,230,0
2021-12-07 13:57:00,230,230,230,230,0
2021-12-07 13:58:00,230,230,230,230,0
2021-12-07 13:59:00,230,230,230,230,0
2021-12-07 14:00:00,230,230,230,230,0
2021-12-07 14:01:00,230,230,230,230,0
2021-12-07 14:02:00,230,230,230,230,0
2021-12-07 14:03:00,230,230,230,230,0
2021-12-07 14:04:00,230,230,230,230,0
2021-12-07 14:05:00,230,230,230,230,0
2021-12-07 14:06:00,230,230,230,230,0
2021-12-07 14:07:00,230,230,230,230,0
2021-12-07 14:08:00,230,230,230,230,0
2021-12-07 14:09:00,230,230,230,230,0
2021-12-07 14:10:00,230,230,230,230,0
2021-12-07 14:11:00,230,230,230,230,0
2021-12-07 14:12:00,230,230,230,230,0
2021-12-07 14:13:00,230,230,230,230,0
2021-12-07 14:14:00,230,230,230,230,0
2021-12-07 14:15:00,230,230,230,230,0
2021-12-07 14:16:00,230,230,230,230,0
2021-12-07 14:17:00,230,230,230,230,0
2021-12-07 14:18:00,230,230,230,230,0
2021-12-07 14:19:00,230,230,230,230,0
2021-12-07 14:20:00,230,230,230,230,0
2021-12-07 14:21:00,230,230,230,230,0
2021-12-07 14:22:00,230,230,230,230,0
2021-12-07 14:23:00,230,230,230,230,0
2021-12-07 14:24:00,230,230,230,230,0
2021-12-07 14:25:00,230,230,230,230,0
2021-12-07 14:26:00,230,230,230,230,0
2021-12-07 14:27:00,230,230,230,230,0
2021-12-07 14:28:00,230,230,230,230,0
2021-12-07 14:29:00,230,230,230,230,0
2021-12-07 14:30:00,230,230,230,230,0
2021-12-07 14:31:00,230,230,230,230,0
2021-12-07 14:32:00,230,230,230,230,0
2021-12-07 14:33:00,230,230,230,230,0
2021-12-07 14:34:00,230,230,230,230,0
2021-12-07 14:35:00,230,230,230,230,0
2021-12-07 14:36:00,230,230,230,230,0
2021-12-07 14:37:00,230,230,230,230,0
2021-12-07 14:38:00,230,230,230,230,0
2021-12-07 14:39:00,230,230,230,230,0
2021-12-07 14:40:00,230,230,230,230,0
2021-12-07 14:41:00,230,230,230,230,0
2021-12-07 14:42:00,230,230,230,230,0
2021-12-07 14:43:00,230,230,230,230,0
2021-12-07 14:44:00,230,230,230,230,0
2021-12-07 14:45:00,230,230,230,230,0
2021-12-07 14:46:00,230,230,230,230,0
2021-12-07 14:47:00,230,230,230,230,0
2021-12-07 14:48:00,230,230,230,230,0
2021-12-07 14:49:00,230,230,230,230,0
2021-12-07 14:50:00,230,230,230,230,0
2021-12-07 14:51:00,230,230,230,230,0
2021-12-07 14:52:00,230,230,230,230,0
2021-12-07 14:53:00,230,230,230,230,0
2021-12-07 14:54:00,230,230,230,230,0
2021-12-07 14:55:00,230,230,230,230,0
2021-12-07 14:56:00,230,230,230,230,0
2021-12-07 14:57:00,230,230,230,230,0
2021-12-07 14:58:00,230,230,230,230,0
2021-12-07 14:59:00,230,230,230,230,0
2021-12-07 15:00:00,230,230,230,230,0
2021-12-07 15:01:00,230,230,230,230,0
2021-12-07 15:02:00,230,230,230,230,0
2021-12-07 15:03:00,230,230,230,230,0
2021-12-07 15:04:00,230,230,230,230,0
2021-12-07 15:05:00,230,230,230,230,0
2021-12-07 15:06:00,230,230,230,230,0
2021-12-07 15:07:00,230,230,230,230,0
2021-12-07 15:08:00,230,230,230,230,0
2021-12-07 15:09:00,230,230,230,230,0
2021-12-07 15:10:00,230,230,230,230,0
2021-12-07 15:11:00,230,230,230,230,0
2021-12-07 15:12:00,230,230,230,230,0
2021-12-07 15:13:00,230,230,230,230,0
2021-12-07 15:14:00,230,230,230,230,0
2021-12-07 15:15:00,230,230,230,230,0
2021-12-07 15:16:00,230,230,230,230,0
2021-12-07 15:17:00,230,230,230,230,0
2021-12-07 15:18:00,230,230,230,230,0
2021-12-07 15:19:00,230,230,230,230,0
2021-12-07 15:20:00,230,230,230,230,0
2021-12-07 15:21:00,230,230,230,230,0
2021-12-07 15:22:00,230,230,230,230,0
2021-12-07 15:23:00,230,230,230,230,0
2021-12-07 15:24:00,230,230,230,230,0
2021-12-07 15:25:00,230,230,230,230,0
2021-12-07 15:26:00,230,230,230,230,0
2021-12-07 15:27:00,230,230,230,230,0
2021-12-07 15:28:00,230,230,230,230,0
2021-12-07 15:29:00,230,230,230,230,0
2021-12-07 15:30:00,230,230,230,230,0
2021-12-07 15:31:00,230,230,230,230,0
2021-12-07 15:32:00,230,230,230,230,0
2021-12-07 15:33:00,230,230,230,230,0
2021-12-07 15:34:00,230,230,230,230,0
2021-12-07 15:35:00,230,230,230,230,0
2021-12-07 15:36:00,230,230,230,230,0
2021-12-07 15:37:00,230,230,230,230,0
2021-12-07 15:38:00,230,230,230,230,0
2021-12-07 15:39:00,230,230,230,230,0
2021-12-07 15:40:00,230,230,230,230,0
2021-12-07 15:41:00,230,230,230,230,0
2021-12-07 15:42:00,230,230,230,230,0
2021-12-07 15:43:00,230,230,230,230,0
2021-12-07 15:44:00,230,230,230,230,0
2021-12-07 15:45:00,230,230,230,230,0
2021-12-07 15:46:00,230,230,230,230,0
2021-12-07 15:47:00,230,230,230,230,0
2021-12-07 15:48:00,230,230,230,230,0
2021-12-07 15:49:00,230,230,230,230,0
2021-12-07 15:50:00,230,230,230,230,0
2021-12-07 15:51:00,230,230,230,230,0
2021-12-07 15:52:00,230,230,230,230,0
2021-12-07 15:53:00,230,230,230,230,0
2021-12-07 15:54:00,230,230,230,230,0
2021-12-07 15:55:00,230,230,230,230,0
2021-12-07 15:56:00,230,230,230,230,0
2021-12-07 15:57:00,230,230,230,230,0
2021-12-07 15:58:00,230,230,230,230,0
2021-12-07 15:59:00,230,230,230,230,0
2021-12-08 09:00:00,230,230,230,230,0
2021-12-08 09:01:00,230,230,230,230,0
2021-12-08 09:02:00,230,230,230,230,0
2021-12-08 09:03:00,230,230,230,230,0
2021-12-08 09:04:00,230,230,230,230,0
2021-12-08 09:05:00,230,230,230,230,0
2021-12-08 09:06:00,230,230,230,230,0
2021-12-08 09:07:00,230,230,230,230,0
2021-12-08 09:08:00,216,216,216,216,100
2021-12-08 09:09:00,216,216,216,216,0
2021-12-08 09:10:00,216,216,216,216,0
2021-12-08 09:11:00,216,216,216,216,0
2021-12-08 09:12:00,216,216,216,216,0
2021-12-08 09:13:00,216,216,216,216,0
2021-12-08 09:14:00,216,216,216,216,0
2021-12-08 09:15:00,216,216,216,216,0
2021-12-08 09:16:00,216,216,216,216,0
2021-12-08 09:17:00,216,216,216,216,0
2021-12-08 09:18:00,216,216,216,216,0
2021-12-08 09:19:00,216,216,216,216,0
2021-12-08 09:20:00,216,216,216,216,0
2021-12-08 09:21:00,216,216,216,216,0
2021-12-08 09:22:00,216,216,216,216,0
2021-12-08 09:23:00,216,216,216,216,0
2021-12-08 09:24:00,216,216,216,216,0
2021-12-08 09:25:00,216,216,216,216,0
2021-12-08 09:26:00,216,216,216,216,0
2021-12-08 09:27:00,216,216,216,216,0
2021-12-08 09:28:00,216,216,216,216,0
2021-12-08 09:29:00,226,218,226,218,200
2021-12-08 09:30:00,226,218,226,218,0
2021-12-08 09:31:00,226,218,226,218,0
2021-12-08 09:32:00,226,218,226,218,0
2021-12-08 09:33:00,226,218,226,218,0
2021-12-08 09:34:00,224,224,228,228,1100
2021-12-08 09:35:00,224,224,228,228,0
2021-12-08 09:36:00,224,224,228,228,0
2021-12-08 09:37:00,224,224,228,228,0
2021-12-08 09:38:00,224,224,228,228,0
2021-12-08 09:39:00,224,224,228,228,0
2021-12-08 09:40:00,224,224,228,228,0
2021-12-08 09:41:00,224,224,228,228,0
2021-12-08 09:42:00,224,224,228,228,0
2021-12-08 09:43:00,224,224,228,228,0
2021-12-08 09:44:00,224,224,228,228,0
2021-12-08 09:45:00,224,224,228,228,0
2021-12-08 09:46:00,224,224,228,228,0
2021-12-08 09:47:00,224,224,228,228,0
2021-12-08 09:48:00,224,224,228,228,0
2021-12-08 09:49:00,224,224,228,228,0
2021-12-08 09:50:00,224,224,228,228,0
2021-12-08 09:51:00,224,224,228,228,0
2021-12-08 09:52:00,224,224,228,228,0
2021-12-08 09:53:00,224,224,228,228,0
2021-12-08 09:54:00,224,224,228,228,0
2021-12-08 09:55:00,224,224,228,228,0
2021-12-08 09:56:00,224,224,228,228,0
2021-12-08 09:57:00,224,224,228,228,0
2021-12-08 09:58:00,224,224,228,228,0
2021-12-08 09:59:00,224,224,228,228,0
2021-12-08 10:00:00,224,224,228,228,0
2021-12-08 10:01:00,224,224,228,228,0
2021-12-08 10:02:00,224,224,228,228,0
2021-12-08 10:03:00,224,224,228,228,0
2021-12-08 10:04:00,224,224,228,228,0
2021-12-08 10:05:00,224,224,228,228,0
2021-12-08 10:06:00,224,224,228,228,0
2021-12-08 10:07:00,224,224,228,228,0
2021-12-08 10:08:00,224,224,228,228,0
2021-12-08 10:09:00,224,224,228,228,0
2021-12-08 10:10:00,224,224,228,228,0
2021-12-08 10:11:00,224,224,228,228,0
2021-12-08 10:12:00,224,224,228,228,0
2021-12-08 10:13:00,224,224,228,228,0
2021-12-08 10:14:00,224,224,228,228,0
2021-12-08 10:15:00,224,224,228,228,0
2021-12-08 10:16:00,224,224,228,228,0
2021-12-08 10:17:00,224,224,228,228,0
2021-12-08 10:18:00,224,224,228,228,0
2021-12-08 10:19:00,224,224,228,228,0
2021-12-08 10:20:00,224,224,228,228,0
2021-12-08 10:21:00,224,224,228,228,0
2021-12-08 10:22:00,224,224,228,228,0
2021-12-08 10:23:00,224,224,228,228,0
2021-12-08 10:24:00,224,224,228,228,0
2021-12-08 10:25:00,224,224,228,228,0
2021-12-08 10:26:00,224,224,228,228,0
2021-12-08 10:27:00,224,224,228,228,0
2021-12-08 10:28:00,224,224,228,228,0
2021-12-08 10:29:00,224,224,228,228,0
2021-12-08 10:30:00,224,224,228,228,0
2021-12-08 10:31:00,224,224,228,228,0
2021-12-08 10:32:00,224,224,228,228,0
2021-12-08 10:33:00,224,224,228,228,0
2021-12-08 10:34:00,224,224,228,228,0
2021-12-08 10:35:00,224,224,228,228,0
2021-12-08 10:36:00,224,224,228,228,0
2021-12-08 10:37:00,224,224,228,228,0
2021-12-08 10:38:00,224,224,228,228,0
2021-12-08 10:39:00,224,224,228,228,0
2021-12-08 10:40:00,224,224,228,228,0
2021-12-08 10:41:00,224,224,228,228,0
2021-12-08 10:42:00,224,224,228,228,0
2021-12-08 10:43:00,224,224,228,228,0
2021-12-08 10:44:00,224,224,228,228,0
2021-12-08 10:45:00,224,224,228,228,0
2021-12-08 10:46:00,224,224,228,228,0
2021-12-08 10:47:00,224,224,228,228,0
2021-12-08 10:48:00,224,224,228,228,0
2021-12-08 10:49:00,224,224,228,228,0
2021-12-08 10:50:00,224,224,228,228,0
2021-12-08 10:51:00,224,224,228,228,0
2021-12-08 10:52:00,224,224,228,228,0
2021-12-08 10:53:00,224,224,228,228,0
2021-12-08 10:54:00,224,224,228,228,0
2021-12-08 10:55:00,224,224,228,228,0
2021-12-08 10:56:00,224,224,228,228,0
2021-12-08 10:57:00,224,224,228,228,0
2021-12-08 10:58:00,224,224,228,228,0
2021-12-08 10:59:00,224,224,228,228,0
2021-12-08 11:00:00,224,224,228,228,0
2021-12-08 11:01:00,224,224,228,228,0
2021-12-08 11:02:00,224,224,228,228,0
2021-12-08 11:03:00,224,224,228,228,0
2021-12-08 11:04:00,224,224,228,228,0
2021-12-08 11:05:00,224,224,228,228,0
2021-12-08 11:06:00,224,224,228,228,0
2021-12-08 11:07:00,224,224,228,228,0
2021-12-08 11:08:00,224,224,228,228,0
2021-12-08 11:09:00,224,224,228,228,0
2021-12-08 11:10:00,224,224,228,228,0
2021-12-08 11:11:00,224,224,228,228,0
2021-12-08 11:12:00,224,224,228,228,0
2021-12-08 11:13:00,224,224,228,228,0
2021-12-08 11:14:00,224,224,228,228,0
2021-12-08 11:15:00,224,224,228,228,0
2021-12-08 11:16:00,224,224,228,228,0
2021-12-08 11:17:00,224,224,228,228,0
2021-12-08 11:18:00,224,224,228,228,0
2021-12-08 11:19:00,224,224,228,228,0
2021-12-08 11:20:00,224,224,228,228,0
2021-12-08 11:21:00,224,224,228,228,0
2021-12-08 11:22:00,224,224,228,228,0
2021-12-08 11:23:00,224,224,228,228,0
2021-12-08 11:24:00,224,224,228,228,0
2021-12-08 11:25:00,224,224,228,228,0
2021-12-08 11:26:00,224,224,228,228,0
2021-12-08 11:27:00,224,224,228,228,0
2021-12-08 11:28:00,224,224,228,228,0
2021-12-08 11:29:00,224,224,228,228,0
2021-12-08 11:30:00,224,224,228,228,0
2021-12-08 11:31:00,224,224,228,228,0
2021-12-08 11:32:00,224,224,228,228,0
2021-12-08 11:33:00,224,224,228,228,0
2021-12-08 11:34:00,224,224,228,228,0
2021-12-08 11:35:00,224,224,228,228,0
2021-12-08 11:36:00,224,224,228,228,0
2021-12-08 11:37:00,224,224,228,228,0
2021-12-08 11:38:00,224,224,228,228,0
2021-12-08 11:39:00,224,224,228,228,0
2021-12-08 11:40:00,224,224,228,228,0
2021-12-08 11:41:00,224,224,228,228,0
2021-12-08 11:42:00,224,224,228,228,0
2021-12-08 11:43:00,224,224,228,228,0
2021-12-08 11:44:00,224,224,228,228,0
2021-12-08 11:45:00,224,224,228,228,0
2021-12-08 11:46:00,224,224,228,228,0
2021-12-08 11:47:00,224,224,228,228,0
2021-12-08 11:48:00,224,224,228,228,0
2021-12-08 11:49:00,224,224,228,228,0
2021-12-08 11:50:00,224,224,228,228,0
2021-12-08 11:51:00,224,224,228,228,0
2021-12-08 11:52:00,224,224,228,228,0
2021-12-08 11:53:00,224,224,228,228,0
2021-12-08 11:54:00,224,224,228,228,0
2021-12-08 11:55:00,224,224,228,228,0
2021-12-08 11:56:00,224,224,228,228,0
2021-12-08 11:57:00,224,224,228,228,0
2021-12-08 11:58:00,224,224,228,228,0
2021-12-08 11:59:00,224,224,228,228,0
2021-12-08 12:00:00,224,224,228,228,0
2021-12-08 12:01:00,224,224,228,228,0
2021-12-08 12:02:00,224,224,228,228,0
2021-12-08 12:03:00,224,224,228,228,0
2021-12-08 12:04:00,224,224,228,228,0
2021-12-08 12:05:00,224,224,228,228,0
2021-12-08 12:06:00,224,224,228,228,0
2021-12-08 12:07:00,224,224,228,228,0
2021-12-08 12:08:00,224,224,228,228,0
2021-12-08 12:09:00,224,224,228,228,0
2021-12-08 12:10:00,224,224,228,228,0
2021-12-08 12:11:00,224,224,228,228,0
2021-12-08 12:12:00,224,224,228,228,0
2021-12-08 12:13:00,224,224,228,228,0
2021-12-08 12:14:00,224,224,228,228,0
2021-12-08 12:15:00,224,224,228,228,0
2021-12-08 12:16:00,224,224,228,228,0
2021-12-08 12:17:00,224,224,228,228,0
2021-12-08 12:18:00,224,224,228,228,0
2021-12-08 12:19:00,224,224,228,228,0
2021-12-08 12:20:00,224,224,228,228,0
2021-12-08 12:21:00,224,224,228,228,0
2021-12-08 12:22:00,224,224,228,228,0
2021-12-08 12:23:00,224,224,228,228,0
2021-12-08 12:24:00,224,224,228,228,0
2021-12-08 12:25:00,224,224,228,228,0
2021-12-08 12:26:00,224,224,228,228,0
2021-12-08 12:27:00,224,224,228,228,0
2021-12-08 12:28:00,224,224,228,228,0
2021-12-08 12:29:00,224,224,228,228,0
2021-12-08 12:30:00,224,224,228,228,0
2021-12-08 12:31:00,224,224,228,228,0
2021-12-08 12:32:00,224,224,228,228,0
2021-12-08 12:33:00,224,224,228,228,0
2021-12-08 12:34:00,224,224,228,228,0
2021-12-08 12:35:00,224,224,228,228,0
2021-12-08 12:36:00,224,224,228,228,0
2021-12-08 12:37:00,224,224,228,228,0
2021-12-08 12:38:00,224,224,228,228,0
2021-12-08 12:39:00,224,224,228,228,0
2021-12-08 12:40:00,224,224,228,228,0
2021-12-08 12:41:00,224,224,228,228,0
2021-12-08 12:42:00,224,224,228,228,0
2021-12-08 12:43:00,224,224,228,228,0
2021-12-08 12:44:00,224,224,228,228,0
2021-12-08 12:45:00,224,224,228,228,0
2021-12-08 12:46:00,224,224,228,228,0
2021-12-08 12:47:00,224,224,228,228,0
2021-12-08 12:48:00,224,224,228,228,0
2021-12-08 12:49:00,224,224,228,228,0
2021-12-08 12:50:00,224,224,228,228,0
2021-12-08 12:51:00,224,224,228,228,0
2021-12-08 12:52:00,224,224,228,228,0
2021-12-08 12:53:00,224,224,228,228,0
2021-12-08 12:54:00,224,224,228,228,0
2021-12-08 12:55:00,224,224,228,228,0
2021-12-08 12:56:00,224,224,228,228,0
2021-12-08 12:57:00,224,224,228,228,0
2021-12-08 12:58:00,224,224,228,228,0
2021-12-08 12:59:00,224,224,228,228,0
2021-12-08 13:00:00,224,224,228,228,0
2021-12-08 13:01:00,224,224,228,228,0
2021-12-08 13:02:00,224,224,228,228,0
2021-12-08 13:03:00,224,224,228,228,0
2021-12-08 13:04:00,224,224,228,228,0
2021-12-08 13:05:00,224,224,228,228,0
2021-12-08 13:06:00,224,224,228,228,0
2021-12-08 13:07:00,224,224,228,228,0
2021-12-08 13:08:00,224,224,228,228,0
2021-12-08 13:09:00,224,224,228,228,0
2021-12-08 13:10:00,224,224,228,228,0
2021-12-08 13:11:00,224,224,228,228,0
2021-12-08 13:12:00,224,224,228,228,0
2021-12-08 13:13:00,224,224,228,228,0
2021-12-08 13:14:00,224,224,228,228,0
2021-12-08 13:15:00,224,224,228,228,0
2021-12-08 13:16:00,224,224,228,228,0
2021-12-08 13:17:00,224,224,228,228,0
2021-12-08 13:18:00,224,224,228,228,0
2021-12-08 13:19:00,224,224,228,228,0
2021-12-08 13:20:00,224,224,228,228,0
2021-12-08 13:21:00,224,224,228,228,0
2021-12-08 13:22:00,224,224,228,228,0
2021-12-08 13:23:00,224,224,228,228,0
2021-12-08 13:24:00,224,224,228,228,0
2021-12-08 13:25:00,224,224,228,228,0
2021-12-08 13:26:00,224,224,228,228,0
2021-12-08 13:27:00,224,224,228,228,0
2021-12-08 13:28:00,224,224,228,228,0
2021-12-08 13:29:00,224,224,228,228,0
2021-12-08 13:30:00,224,224,228,228,0
2021-12-08 13:31:00,224,224,228,228,0
2021-12-08 13:32:00,224,224,228,228,0
2021-12-08 13:33:00,224,224,228,228,0
2021-12-08 13:34:00,224,224,228,228,0
2021-12-08 13:35:00,224,224,228,228,0
2021-12-08 13:36:00,224,224,228,228,0
2021-12-08 13:37:00,224,224,228,228,0
2021-12-08 13:38:00,224,224,228,228,0
2021-12-08 13:39:00,224,224,228,228,0
2021-12-08 13:40:00,224,224,228,228,0
2021-12-08 13:41:00,224,224,228,228,0
2021-12-08 13:42:00,224,224,228,228,0
2021-12-08 13:43:00,224,224,228,228,0
2021-12-08 13:44:00,224,224,228,228,0
2021-12-08 13:45:00,224,224,228,228,0
2021-12-08 13:46:00,224,224,228,228,0
2021-12-08 13:47:00,224,224,228,228,0
2021-12-08 13:48:00,224,224,228,228,0
2021-12-08 13:49:00,224,224,228,228,0
2021-12-08 13:50:00,224,224,228,228,0
2021-12-08 13:51:00,224,224,228,228,0
2021-12-08 13:52:00,224,224,228,228,0
2021-12-08 13:53:00,218,216,218,216,15000
2021-12-08 13:54:00,218,216,218,216,1500
2021-12-08 13:55:00,218,216,218,216,0
2021-12-08 13:56:00,218,216,218,216,0
2021-12-08 13:57:00,218,216,218,216,0
2021-12-08 13:58:00,218,216,218,216,0
2021-12-08 13:59:00,218,216,218,216,0
2021-12-08 14:00:00,226,226,226,226,200
2021-12-08 14:01:00,226,226,226,226,0
2021-12-08 14:02:00,226,226,226,226,100
2021-12-08 14:03:00,226,226,226,226,0
2021-12-08 14:04:00,226,226,226,226,0
2021-12-08 14:05:00,226,226,226,226,0
2021-12-08 14:06:00,226,226,226,226,0
2021-12-08 14:07:00,226,226,226,226,0
2021-12-08 14:08:00,226,226,226,226,0
2021-12-08 14:09:00,226,226,226,226,0
2021-12-08 14:10:00,226,226,226,226,0
2021-12-08 14:11:00,226,226,226,226,0
2021-12-08 14:12:00,226,226,226,226,0
2021-12-08 14:13:00,226,226,226,226,0
2021-12-08 14:14:00,226,226,226,226,0
2021-12-08 14:15:00,226,226,226,226,0
2021-12-08 14:16:00,226,226,226,226,0
2021-12-08 14:17:00,226,226,226,226,0
2021-12-08 14:18:00,226,226,226,226,0
2021-12-08 14:19:00,226,226,226,226,0
2021-12-08 14:20:00,226,226,226,226,0
2021-12-08 14:21:00,226,226,226,226,0
2021-12-08 14:22:00,226,226,226,226,0
2021-12-08 14:23:00,226,226,226,226,0
2021-12-08 14:24:00,226,226,226,226,0
2021-12-08 14:25:00,226,226,226,226,0
2021-12-08 14:26:00,226,226,226,226,0
2021-12-08 14:27:00,226,226,226,226,0
2021-12-08 14:28:00,226,226,226,226,0
2021-12-08 14:29:00,226,226,226,226,0
2021-12-08 14:30:00,226,226,226,226,0
2021-12-08 14:31:00,226,226,226,226,0
2021-12-08 14:32:00,226,226,226,226,0
2021-12-08 14:33:00,226,226,226,226,100
2021-12-08 14:34:00,226,226,226,226,0
2021-12-08 14:35:00,226,226,226,226,0
2021-12-08 14:36:00,226,226,226,226,0
2021-12-08 14:37:00,226,226,226,226,0
2021-12-08 14:38:00,226,226,226,226,300
2021-12-08 14:39:00,226,226,226,226,0
2021-12-08 14:40:00,226,226,226,226,0
2021-12-08 14:41:00,226,226,226,226,0
2021-12-08 14:42:00,226,226,226,226,0
2021-12-08 14:43:00,226,226,226,226,0
2021-12-08 14:44:00,226,226,226,226,0
2021-12-08 14:45:00,226,226,226,226,0
2021-12-08 14:46:00,226,226,226,226,0
2021-12-08 14:47:00,226,226,226,226,0
2021-12-08 14:48:00,226,226,226,226,0
2021-12-08 14:49:00,226,226,226,226,0
2021-12-08 14:50:00,226,226,226,226,0
2021-12-08 14:51:00,226,226,226,226,0
2021-12-08 14:52:00,226,226,226,226,0
2021-12-08 14:53:00,226,226,226,226,0
2021-12-08 14:54:00,226,226,226,226,0
2021-12-08 14:55:00,226,226,226,226,0
2021-12-08 14:56:00,226,226,226,226,0
2021-12-08 14:57:00,226,226,226,226,0
2021-12-08 14:58:00,226,226,226,226,0
2021-12-08 14:59:00,226,226,226,226,0
2021-12-08 15:00:00,226,226,226,226,0
2021-12-08 15:01:00,226,226,226,226,0
2021-12-08 15:02:00,226,226,226,226,0
2021-12-08 15:03:00,226,226,226,226,0
2021-12-08 15:04:00,226,226,226,226,0
2021-12-08 15:05:00,226,226,226,226,0
2021-12-08 15:06:00,226,226,226,226,0
2021-12-08 15:07:00,226,226,226,226,0
2021-12-08 15:08:00,226,226,226,226,0
2021-12-08 15:09:00,226,226,226,226,0
2021-12-08 15:10:00,226,226,226,226,0
2021-12-08 15:11:00,226,226,226,226,0
2021-12-08 15:12:00,226,226,226,226,0
2021-12-08 15:13:00,226,226,226,226,0
2021-12-08 15:14:00,226,226,226,226,0
2021-12-08 15:15:00,226,226,226,226,0
2021-12-08 15:16:00,226,226,226,226,0
2021-12-08 15:17:00,226,226,226,226,0
2021-12-08 15:18:00,226,226,226,226,0
2021-12-08 15:19:00,226,226,226,226,0
2021-12-08 15:20:00,226,226,226,226,0
2021-12-08 15:21:00,226,226,226,226,0
2021-12-08 15:22:00,226,226,226,226,0
2021-12-08 15:23:00,226,226,226,226,0
2021-12-08 15:24:00,226,226,226,226,0
2021-12-08 15:25:00,226,226,226,226,0
2021-12-08 15:26:00,226,226,226,226,0
2021-12-08 15:27:00,226,226,226,226,0
2021-12-08 15:28:00,226,226,226,226,0
2021-12-08 15:29:00,226,226,226,226,0
2021-12-08 15:30:00,226,226,226,226,0
2021-12-08 15:31:00,226,226,226,226,0
2021-12-08 15:32:00,226,226,226,226,0
2021-12-08 15:33:00,226,226,226,226,0
2021-12-08 15:34:00,226,226,226,226,0
2021-12-08 15:35:00,226,226,226,226,0
2021-12-08 15:36:00,226,226,226,226,0
2021-12-08 15:37:00,226,226,226,226,0
2021-12-08 15:38:00,226,226,226,226,0
2021-12-08 15:39:00,226,226,226,226,0
2021-12-08 15:40:00,226,226,226,226,0
2021-12-08 15:41:00,226,226,226,226,0
2021-12-08 15:42:00,226,226,226,226,0
2021-12-08 15:43:00,226,226,226,226,0
2021-12-08 15:44:00,226,226,226,226,0
2021-12-08 15:45:00,226,226,226,226,0
2021-12-08 15:46:00,226,226,226,226,0
2021-12-08 15:47:00,226,226,226,226,0
2021-12-08 15:48:00,226,226,226,226,0
2021-12-08 15:49:00,226,226,226,226,0
2021-12-08 15:50:00,226,226,226,226,0
2021-12-08 15:51:00,226,226,226,226,0
2021-12-08 15:52:00,226,226,226,226,0
2021-12-08 15:53:00,226,226,226,226,0
2021-12-08 15:54:00,226,226,226,226,0
2021-12-08 15:55:00,226,226,226,226,0
2021-12-08 15:56:00,226,226,226,226,0
2021-12-08 15:57:00,226,226,226,226,0
2021-12-08 15:58:00,226,226,226,226,0
2021-12-08 15:59:00,226,226,226,226,0
2021-12-09 09:00:00,226,226,226,226,0
2021-12-09 09:01:00,226,226,226,226,0
2021-12-09 09:02:00,226,226,226,226,0
2021-12-09 09:03:00,226,226,226,226,0
2021-12-09 09:04:00,226,226,226,226,0
2021-12-09 09:05:00,226,226,226,226,0
2021-12-09 09:06:00,226,226,226,226,0
2021-12-09 09:07:00,226,226,226,226,0
2021-12-09 09:08:00,226,226,226,226,0
2021-12-09 09:09:00,226,226,226,226,0
2021-12-09 09:10:00,226,226,226,226,0
2021-12-09 09:11:00,226,226,226,226,0
2021-12-09 09:12:00,226,226,226,226,1300
2021-12-09 09:13:00,226,226,226,226,0
2021-12-09 09:14:00,226,226,226,226,0
2021-12-09 09:15:00,226,226,226,226,0
2021-12-09 09:16:00,226,226,226,226,0
2021-12-09 09:17:00,226,226,226,226,0
2021-12-09 09:18:00,226,226,226,226,0
2021-12-09 09:19:00,226,226,226,226,0
2021-12-09 09:20:00,226,226,226,226,0
2021-12-09 09:21:00,226,226,226,226,0
2021-12-09 09:22:00,226,226,226,226,0
2021-12-09 09:23:00,226,226,226,226,0
2021-12-09 09:24:00,226,226,226,226,0
2021-12-09 09:25:00,226,226,226,226,0
2021-12-09 09:26:00,226,226,226,226,0
2021-12-09 09:27:00,226,226,226,226,2900
2021-12-09 09:28:00,226,226,226,226,0
2021-12-09 09:29:00,226,226,226,226,0
2021-12-09 09:30:00,226,226,226,226,0
2021-12-09 09:31:00,226,226,226,226,0
2021-12-09 09:32:00,226,226,226,226,0
2021-12-09 09:33:00,226,226,226,226,0
2021-12-09 09:34:00,226,226,226,226,0
2021-12-09 09:35:00,226,226,226,226,0
2021-12-09 09:36:00,226,226,226,226,0
2021-12-09 09:37:00,234,234,234,234,100
2021-12-09 09:38:00,234,234,234,234,0
2021-12-09 09:39:00,234,234,234,234,0
2021-12-09 09:40:00,234,234,234,234,0
2021-12-09 09:41:00,234,234,234,234,0
2021-12-09 09:42:00,234,234,234,234,0
2021-12-09 09:43:00,234,234,234,234,0
2021-12-09 09:44:00,234,234,234,234,0
2021-12-09 09:45:00,234,234,234,234,0
2021-12-09 09:46:00,234,234,234,234,0
2021-12-09 09:47:00,234,234,234,234,0
2021-12-09 09:48:00,234,234,234,234,0
2021-12-09 09:49:00,234,234,234,234,0
2021-12-09 09:50:00,234,234,234,234,0
2021-12-09 09:51:00,234,234,234,234,0
2021-12-09 09:52:00,234,234,234,234,0
2021-12-09 09:53:00,234,234,234,234,0
2021-12-09 09:54:00,234,234,234,234,0
2021-12-09 09:55:00,234,234,234,234,0
2021-12-09 09:56:00,234,234,234,234,0
2021-12-09 09:57:00,234,234,234,234,0
2021-12-09 09:58:00,234,234,234,234,0
2021-12-09 09:59:00,234,234,234,234,0
2021-12-09 10:00:00,234,234,234,234,0
2021-12-09 10:01:00,234,234,234,234,0
2021-12-09 10:02:00,234,234,234,234,0
2021-12-09 10:03:00,234,234,234,234,0
2021-12-09 10:04:00,234,234,234,234,0
2021-12-09 10:05:00,234,234,234,234,0
2021-12-09 10:06:00,234,234,234,234,0
2021-12-09 10:07:00,234,234,234,234,0
2021-12-09 10:08:00,234,234,234,234,0
2021-12-09 10:09:00,234,234,234,234,0
2021-12-09 10:10:00,234,234,234,234,0
2021-12-09 10:11:00,234,234,234,234,0
2021-12-09 10:12:00,234,234,234,234,0
2021-12-09 10:13:00,234,234,234,234,0
2021-12-09 10:14:00,234,234,234,234,0
2021-12-09 10:15:00,234,234,234,234,0
2021-12-09 10:16:00,234,234,234,234,0
2021-12-09 10:17:00,234,234,234,234,0
2021-12-09 10:18:00,234,234,234,234,0
2021-12-09 10:19:00,234,234,234,234,0
2021-12-09 10:20:00,234,234,234,234,0
2021-12-09 10:21:00,234,234,234,234,0
2021-12-09 10:22:00,234,234,234,234,0
2021-12-09 10:23:00,234,234,234,234,0
2021-12-09 10:24:00,234,234,234,234,0
2021-12-09 10:25:00,234,234,234,234,0
2021-12-09 10:26:00,234,234,234,234,0
2021-12-09 10:27:00,234,234,234,234,0
2021-12-09 10:28:00,234,234,234,234,0
2021-12-09 10:29:00,234,234,234,234,0
2021-12-09 10:30:00,234,234,234,234,0
2021-12-09 10:31:00,234,234,234,234,0
2021-12-09 10:32:00,234,234,234,234,0
2021-12-09 10:33:00,234,234,234,234,0
2021-12-09 10:34:00,234,234,234,234,0
2021-12-09 10:35:00,230,230,230,230,100
2021-12-09 10:36:00,230,230,230,230,0
2021-12-09 10:37:00,230,230,230,230,0
2021-12-09 10:38:00,230,230,230,230,0
2021-12-09 10:39:00,230,230,230,230,0
2021-12-09 10:40:00,230,230,230,230,0
2021-12-09 10:41:00,230,230,230,230,0
2021-12-09 10:42:00,230,230,230,230,0
2021-12-09 10:43:00,230,230,230,230,0
2021-12-09 10:44:00,230,230,230,230,0
2021-12-09 10:45:00,230,230,230,230,0
2021-12-09 10:46:00,230,230,230,230,0
2021-12-09 10:47:00,230,230,230,230,0
2021-12-09 10:48:00,230,230,230,230,0
2021-12-09 10:49:00,230,230,230,230,0
2021-12-09 10:50:00,230,230,230,230,0
2021-12-09 10:51:00,230,230,230,230,0
2021-12-09 10:52:00,230,230,230,230,0
2021-12-09 10:53:00,230,230,230,230,1400
2021-12-09 10:54:00,230,230,230,230,0
2021-12-09 10:55:00,230,230,230,230,1100
2021-12-09 10:56:00,230,230,230,230,0
2021-12-09 10:57:00,230,230,230,230,0
2021-12-09 10:58:00,230,230,230,230,0
2021-12-09 10:59:00,230,230,230,230,0
2021-12-09 11:00:00,230,230,230,230,0
2021-12-09 11:01:00,230,230,230,230,0
2021-12-09 11:02:00,230,230,230,230,0
2021-12-09 11:03:00,230,230,230,230,0
2021-12-09 11:04:00,230,230,230,230,0
2021-12-09 11:05:00,230,230,230,230,0
2021-12-09 11:06:00,230,230,230,230,0
2021-12-09 11:07:00,230,230,230,230,0
2021-12-09 11:08:00,230,230,230,230,0
2021-12-09 11:09:00,230,230,230,230,0
2021-12-09 11:10:00,230,230,230,230,0
2021-12-09 11:11:00,230,230,230,230,0
2021-12-09 11:12:00,230,230,230,230,0
2021-12-09 11:13:00,230,230,230,230,0
2021-12-09 11:14:00,230,230,230,230,0
2021-12-09 11:15:00,230,230,230,230,0
2021-12-09 11:16:00,230,230,230,230,0
2021-12-09 11:17:00,230,230,230,230,0
2021-12-09 11:18:00,230,230,230,230,0
2021-12-09 11:19:00,230,230,230,230,0
2021-12-09 11:20:00,230,230,230,230,0
2021-12-09 11:21:00,230,230,230,230,0
2021-12-09 11:22:00,230,230,230,230,0
2021-12-09 11:23:00,230,230,230,230,0
2021-12-09 11:24:00,230,230,230,230,0
2021-12-09 11:25:00,230,230,230,230,0
2021-12-09 11:26:00,230,230,230,230,0
2021-12-09 11:27:00,230,230,230,230,0
2021-12-09 11:28:00,230,230,230,230,0
2021-12-09 11:29:00,230,230,230,230,0
2021-12-09 11:30:00,230,230,230,230,0
2021-12-09 11:31:00,230,230,230,230,0
2021-12-09 11:32:00,230,230,230,230,0
2021-12-09 11:33:00,230,230,230,230,0
2021-12-09 11:34:00,230,230,230,230,0
2021-12-09 11:35:00,230,230,230,230,0
2021-12-09 11:36:00,230,230,230,230,0
2021-12-09 11:37:00,230,230,230,230,0
2021-12-09 11:38:00,230,230,230,230,0
2021-12-09 11:39:00,230,230,230,230,0
2021-12-09 11:40:00,230,230,230,230,0
2021-12-09 11:41:00,230,230,230,230,0
2021-12-09 11:42:00,230,230,230,230,0
2021-12-09 11:43:00,230,230,230,230,0
2021-12-09 11:44:00,230,230,230,230,0
2021-12-09 11:45:00,230,230,230,230,0
2021-12-09 11:46:00,230,230,230,230,0
2021-12-09 11:47:00,230,230,230,230,0
2021-12-09 11:48:00,230,230,230,230,0
2021-12-09 11:49:00,230,230,230,230,0
2021-12-09 11:50:00,230,230,230,230,0
2021-12-09 11:51:00,230,230,230,230,0
2021-12-09 11:52:00,230,230,230,230,0
2021-12-09 11:53:00,230,230,230,230,0
2021-12-09 11:54:00,230,230,230,230,0
2021-12-09 11:55:00,230,230,230,230,0
2021-12-09 11:56:00,230,230,230,230,0
2021-12-09 11:57:00,230,230,230,230,0
2021-12-09 11:58:00,230,230,230,230,0
2021-12-09 11:59:00,230,230,230,230,0
2021-12-09 12:00:00,230,230,230,230,0
2021-12-09 12:01:00,230,230,230,230,0
2021-12-09 12:02:00,230,230,230,230,0
2021-12-09 12:03:00,230,230,230,230,0
2021-12-09 12:04:00,230,230,230,230,0
2021-12-09 12:05:00,230,230,230,230,0
2021-12-09 12:06:00,230,230,230,230,0
2021-12-09 12:07:00,230,230,230,230,0
2021-12-09 12:08:00,230,230,230,230,0
2021-12-09 12:09:00,230,230,230,230,0
2021-12-09 12:10:00,230,230,230,230,0
2021-12-09 12:11:00,230,230,230,230,0
2021-12-09 12:12:00,230,230,230,230,0
2021-12-09 12:13:00,230,230,230,230,0
2021-12-09 12:14:00,230,230,230,230,0
2021-12-09 12:15:00,230,230,230,230,0
2021-12-09 12:16:00,230,230,230,230,0
2021-12-09 12:17:00,230,230,230,230,0
2021-12-09 12:18:00,230,230,230,230,0
2021-12-09 12:19:00,230,230,230,230,0
2021-12-09 12:20:00,230,230,230,230,0
2021-12-09 12:21:00,230,230,230,230,0
2021-12-09 12:22:00,230,230,230,230,0
2021-12-09 12:23:00,230,230,230,230,0
2021-12-09 12:24:00,230,230,230,230,0
2021-12-09 12:25:00,230,230,230,230,0
2021-12-09 12:26:00,230,230,230,230,0
2021-12-09 12:27:00,230,230,230,230,0
2021-12-09 12:28:00,230,230,230,230,0
2021-12-09 12:29:00,230,230,230,230,0
2021-12-09 12:30:00,230,230,230,230,0
2021-12-09 12:31:00,230,230,230,230,0
2021-12-09 12:32:00,230,230,230,230,0
2021-12-09 12:33:00,230,230,230,230,0
2021-12-09 12:34:00,230,230,230,230,0
2021-12-09 12:35:00,230,230,230,230,0
2021-12-09 12:36:00,230,230,230,230,0
2021-12-09 12:37:00,230,230,230,230,0
2021-12-09 12:38:00,230,230,230,230,0
2021-12-09 12:39:00,230,230,230,230,0
2021-12-09 12:40:00,230,230,230,230,0
2021-12-09 12:41:00,230,230,230,230,0
2021-12-09 12:42:00,230,230,230,230,0
2021-12-09 12:43:00,230,230,230,230,0
2021-12-09 12:44:00,230,230,230,230,0
2021-12-09 12:45:00,230,230,230,230,0
2021-12-09 12:46:00,230,230,230,230,0
2021-12-09 12:47:00,230,230,230,230,0
2021-12-09 12:48:00,230,230,230,230,0
2021-12-09 12:49:00,230,230,230,230,0
2021-12-09 12:50:00,230,230,230,230,0
2021-12-09 12:51:00,230,230,230,230,0
2021-12-09 12:52:00,230,230,230,230,0
2021-12-09 12:53:00,230,230,230,230,0
2021-12-09 12:54:00,230,230,230,230,0
2021-12-09 12:55:00,230,230,230,230,0
2021-12-09 12:56:00,230,230,230,230,0
2021-12-09 12:57:00,230,230,230,230,0
2021-12-09 12:58:00,230,230,230,230,0
2021-12-09 12:59:00,230,230,230,230,0
2021-12-09 13:00:00,230,230,230,230,0
2021-12-09 13:01:00,230,230,230,230,0
2021-12-09 13:02:00,230,230,230,230,0
2021-12-09 13:03:00,230,230,230,230,0
2021-12-09 13:04:00,230,230,230,230,0
2021-12-09 13:05:00,230,230,230,230,0
2021-12-09 13:06:00,230,230,230,230,0
2021-12-09 13:07:00,230,230,230,230,0
2021-12-09 13:08:00,230,230,230,230,0
2021-12-09 13:09:00,230,230,230,230,0
2021-12-09 13:10:00,230,230,230,230,0
2021-12-09 13:11:00,230,230,230,230,0
2021-12-09 13:12:00,230,230,230,230,0
2021-12-09 13:13:00,230,230,230,230,0
2021-12-09 13:14:00,230,230,230,230,0
2021-12-09 13:15:00,230,230,230,230,0
2021-12-09 13:16:00,230,230,230,230,0
2021-12-09 13:17:00,230,230,230,230,0
2021-12-09 13:18:00,230,230,230,230,0
2021-12-09 13:19:00,230,230,230,230,0
2021-12-09 13:20:00,230,230,230,230,0
2021-12-09 13:21:00,230,230,230,230,0
2021-12-09 13:22:00,230,230,230,230,0
2021-12-09 13:23:00,230,230,230,230,0
2021-12-09 13:24:00,230,230,230,230,0
2021-12-09 13:25:00,230,230,230,230,0
2021-12-09 13:26:00,230,230,230,230,0
2021-12-09 13:27:00,230,230,230,230,0
2021-12-09 13:28:00,230,230,230,230,0
2021-12-09 13:29:00,230,230,230,230,0
2021-12-09 13:30:00,230,230,230,230,0
2021-12-09 13:31:00,230,230,230,230,0
2021-12-09 13:32:00,230,230,230,230,0
2021-12-09 13:33:00,230,230,230,230,0
2021-12-09 13:34:00,230,230,230,230,0
2021-12-09 13:35:00,230,230,230,230,0
2021-12-09 13:36:00,230,230,230,230,0
2021-12-09 13:37:00,230,230,230,230,0
2021-12-09 13:38:00,230,230,230,230,0
2021-12-09 13:39:00,230,230,230,230,0
2021-12-09 13:40:00,230,230,230,230,0
2021-12-09 13:41:00,230,230,230,230,0
2021-12-09 13:42:00,230,230,230,230,0
2021-12-09 13:43:00,230,230,230,230,0
2021-12-09 13:44:00,230,230,230,230,0
2021-12-09 13:45:00,230,230,230,230,0
2021-12-09 13:46:00,230,230,230,230,0
2021-12-09 13:47:00,230,230,230,230,0
2021-12-09 13:48:00,230,230,230,230,0
2021-12-09 13:49:00,230,230,230,230,0
2021-12-09 13:50:00,230,230,230,230,0
2021-12-09 13:51:00,230,230,230,230,0
2021-12-09 13:52:00,230,230,230,230,0
2021-12-09 13:53:00,230,230,230,230,0
2021-12-09 13:54:00,230,230,230,230,0
2021-12-09 13:55:00,230,230,230,230,0
2021-12-09 13:56:00,230,230,230,230,0
2021-12-09 13:57:00,230,230,230,230,0
2021-12-09 13:58:00,230,230,230,230,0
2021-12-09 13:59:00,230,230,230,230,0
2021-12-09 14:00:00,230,230,230,230,0
2021-12-09 14:01:00,230,230,230,230,0
2021-12-09 14:02:00,230,230,230,230,0
2021-12-09 14:03:00,230,230,230,230,0
2021-12-09 14:04:00,230,230,230,230,0
2021-12-09 14:05:00,230,230,230,230,0
2021-12-09 14:06:00,230,230,230,230,0
2021-12-09 14:07:00,230,230,230,230,0
2021-12-09 14:08:00,230,230,230,230,0
2021-12-09 14:09:00,230,230,230,230,0
2021-12-09 14:10:00,230,230,230,230,0
2021-12-09 14:11:00,230,230,230,230,0
2021-12-09 14:12:00,230,230,230,230,0
2021-12-09 14:13:00,230,230,230,230,0
2021-12-09 14:14:00,230,230,230,230,0
2021-12-09 14:15:00,230,230,230,230,0
2021-12-09 14:16:00,230,230,230,230,0
2021-12-09 14:17:00,230,230,230,230,0
2021-12-09 14:18:00,230,230,230,230,0
2021-12-09 14:19:00,230,230,230,230,0
2021-12-09 14:20:00,230,230,230,230,0
2021-12-09 14:21:00,230,230,230,230,0
2021-12-09 14:22:00,230,230,230,230,0
2021-12-09 14:23:00,230,230,230,230,0
2021-12-09 14:24:00,230,230,230,230,0
2021-12-09 14:25:00,230,230,230,230,0
2021-12-09 14:26:00,230,230,230,230,0
2021-12-09 14:27:00,230,230,230,230,0
2021-12-09 14:28:00,230,230,230,230,0
2021-12-09 14:29:00,230,230,230,230,0
2021-12-09 14:30:00,230,230,230,230,0
2021-12-09 14:31:00,230,230,230,230,0
2021-12-09 14:32:00,230,230,230,230,0
2021-12-09 14:33:00,230,230,230,230,0
2021-12-09 14:34:00,230,230,230,230,0
2021-12-09 14:35:00,230,230,230,230,0
2021-12-09 14:36:00,230,230,230,230,0
2021-12-09 14:37:00,230,230,230,230,0
2021-12-09 14:38:00,230,230,230,230,0
2021-12-09 14:39:00,230,230,230,230,0
2021-12-09 14:40:00,230,230,230,230,0
2021-12-09 14:41:00,230,230,230,230,0
2021-12-09 14:42:00,230,230,230,230,0
2021-12-09 14:43:00,230,230,230,230,0
2021-12-09 14:44:00,230,230,230,230,0
2021-12-09 14:45:00,230,230,230,230,200
2021-12-09 14:46:00,230,230,230,230,0
2021-12-09 14:47:00,230,230,230,230,0
2021-12-09 14:48:00,230,230,230,230,0
2021-12-09 14:49:00,230,230,230,230,0
2021-12-09 14:50:00,230,230,230,230,0
2021-12-09 14:51:00,230,230,230,230,0
2021-12-09 14:52:00,230,230,230,230,0
2021-12-09 14:53:00,230,230,230,230,0
2021-12-09 14:54:00,230,230,230,230,0
2021-12-09 14:55:00,230,230,230,230,0
2021-12-09 14:56:00,230,230,230,230,0
2021-12-09 14:57:00,230,230,230,230,0
2021-12-09 14:58:00,230,230,230,230,0
2021-12-09 14:59:00,230,230,230,230,0
2021-12-09 15:00:00,230,230,230,230,200
2021-12-09 15:01:00,230,230,230,230,0
2021-12-09 15:02:00,230,230,230,230,0
2021-12-09 15:03:00,230,230,230,230,0
2021-12-09 15:04:00,230,230,230,230,0
2021-12-09 15:05:00,230,230,230,230,0
2021-12-09 15:06:00,230,230,230,230,0
2021-12-09 15:07:00,230,230,230,230,0
2021-12-09 15:08:00,230,230,230,230,0
2021-12-09 15:09:00,230,230,230,230,0
2021-12-09 15:10:00,230,230,230,230,0
2021-12-09 15:11:00,230,230,230,230,0
2021-12-09 15:12:00,230,230,230,230,0
2021-12-09 15:13:00,230,230,230,230,0
2021-12-09 15:14:00,230,230,230,230,0
2021-12-09 15:15:00,230,230,230,230,0
2021-12-09 15:16:00,230,230,230,230,0
2021-12-09 15:17:00,230,230,230,230,0
2021-12-09 15:18:00,230,230,230,230,0
2021-12-09 15:19:00,230,230,230,230,0
2021-12-09 15:20:00,230,230,230,230,0
2021-12-09 15:21:00,230,230,230,230,0
2021-12-09 15:22:00,230,230,230,230,0
2021-12-09 15:23:00,230,230,230,230,0
2021-12-09 15:24:00,230,230,230,230,0
2021-12-09 15:25:00,230,230,230,230,0
2021-12-09 15:26:00,230,230,230,230,0
2021-12-09 15:27:00,230,230,230,230,0
2021-12-09 15:28:00,230,230,230,230,0
2021-12-09 15:29:00,230,230,230,230,0
2021-12-09 15:30:00,230,230,230,230,0
2021-12-09 15:31:00,230,230,230,230,0
2021-12-09 15:32:00,230,230,230,230,0
2021-12-09 15:33:00,230,230,230,230,0
2021-12-09 15:34:00,230,230,230,230,0
2021-12-09 15:35:00,230,230,230,230,0
2021-12-09 15:36:00,230,230,230,230,0
2021-12-09 15:37:00,230,230,230,230,0
2021-12-09 15:38:00,230,230,230,230,0
2021-12-09 15:39:00,230,230,230,230,0
2021-12-09 15:40:00,230,230,230,230,0
2021-12-09 15:41:00,230,230,230,230,0
2021-12-09 15:42:00,230,230,230,230,0
2021-12-09 15:43:00,230,230,230,230,0
2021-12-09 15:44:00,230,230,230,230,0
2021-12-09 15:45:00,230,230,230,230,0
2021-12-09 15:46:00,230,230,230,230,0
2021-12-09 15:47:00,230,230,230,230,0
2021-12-09 15:48:00,230,230,230,230,0
2021-12-09 15:49:00,230,230,230,230,0
2021-12-09 15:50:00,230,230,230,230,0
2021-12-09 15:51:00,230,230,230,230,0
2021-12-09 15:52:00,230,230,230,230,0
2021-12-09 15:53:00,230,230,230,230,0
2021-12-09 15:54:00,230,230,230,230,0
2021-12-09 15:55:00,230,230,230,230,0
2021-12-09 15:56:00,230,230,230,230,0
2021-12-09 15:57:00,230,230,230,230,0
2021-12-09 15:58:00,230,230,230,230,0
2021-12-09 15:59:00,230,230,230,230,0
2021-12-10 09:00:00,230,230,230,230,0
2021-12-10 09:01:00,230,230,230,230,0
2021-12-10 09:02:00,230,230,230,230,0
2021-12-10 09:03:00,230,230,230,230,0
2021-12-10 09:04:00,230,230,230,230,0
2021-12-10 09:05:00,230,230,230,230,0
2021-12-10 09:06:00,230,230,230,230,0
2021-12-10 09:07:00,230,230,230,230,0
2021-12-10 09:08:00,230,230,230,230,0
2021-12-10 09:09:00,230,230,230,230,0
2021-12-10 09:10:00,230,230,230,230,0
2021-12-10 09:11:00,230,230,230,230,0
2021-12-10 09:12:00,230,230,230,230,0
2021-12-10 09:13:00,230,230,230,230,0
2021-12-10 09:14:00,230,230,230,230,0
2021-12-10 09:15:00,230,230,230,230,0
2021-12-10 09:16:00,230,230,230,230,0
2021-12-10 09:17:00,230,230,230,230,0
2021-12-10 09:18:00,230,230,230,230,0
2021-12-10 09:19:00,230,230,230,230,0
2021-12-10 09:20:00,230,230,230,230,0
2021-12-10 09:21:00,230,230,230,230,0
2021-12-10 09:22:00,230,230,230,230,0
2021-12-10 09:23:00,230,230,230,230,0
2021-12-10 09:24:00,230,230,230,230,0
2021-12-10 09:25:00,230,230,230,230,0
2021-12-10 09:26:00,230,230,230,230,0
2021-12-10 09:27:00,230,230,230,230,0
2021-12-10 09:28:00,230,230,230,230,0
2021-12-10 09:29:00,230,230,230,230,0
2021-12-10 09:30:00,230,230,230,230,0
2021-12-10 09:31:00,230,230,230,230,0
2021-12-10 09:32:00,230,230,230,230,0
2021-12-10 09:33:00,230,230,230,230,0
2021-12-10 09:34:00,230,230,230,230,0
2021-12-10 09:35:00,230,230,230,230,0
2021-12-10 09:36:00,230,230,230,230,0
2021-12-10 09:37:00,230,230,230,230,0
2021-12-10 09:38:00,230,230,230,230,0
2021-12-10 09:39:00,230,230,230,230,0
2021-12-10 09:40:00,230,230,230,230,0
2021-12-10 09:41:00,230,230,230,230,0
2021-12-10 09:42:00,230,230,230,230,0
2021-12-10 09:43:00,230,230,230,230,0
2021-12-10 09:44:00,230,230,230,230,0
2021-12-10 09:45:00,230,230,230,230,0
2021-12-10 09:46:00,230,230,230,230,0
2021-12-10 09:47:00,230,230,230,230,0
2021-12-10 09:48:00,230,230,230,230,0
2021-12-10 09:49:00,230,230,230,230,0
2021-12-10 09:50:00,230,230,230,230,0
2021-12-10 09:51:00,230,230,230,230,0
2021-12-10 09:52:00,230,230,230,230,0
2021-12-10 09:53:00,230,230,230,230,0
2021-12-10 09:54:00,230,230,230,230,0
2021-12-10 09:55:00,230,230,230,230,0
2021-12-10 09:56:00,230,230,230,230,0
2021-12-10 09:57:00,230,230,230,230,0
2021-12-10 09:58:00,230,230,230,230,0
2021-12-10 09:59:00,230,230,230,230,0
2021-12-10 10:00:00,230,230,230,230,0
2021-12-10 10:01:00,230,230,230,230,0
2021-12-10 10:02:00,230,230,230,230,0
2021-12-10 10:03:00,230,230,230,230,0
2021-12-10 10:04:00,230,230,230,230,0
2021-12-10 10:05:00,230,230,230,230,0
2021-12-10 10:06:00,230,230,230,230,0
2021-12-10 10:07:00,230,230,230,230,0
2021-12-10 10:08:00,230,230,230,230,0
2021-12-10 10:09:00,230,230,230,230,0
2021-12-10 10:10:00,230,230,230,230,0
2021-12-10 10:11:00,230,230,230,230,0
2021-12-10 10:12:00,230,230,230,230,0
2021-12-10 10:13:00,230,230,230,230,0
2021-12-10 10:14:00,230,230,230,230,0
2021-12-10 10:15:00,230,230,230,230,0
2021-12-10 10:16:00,230,230,230,230,0
2021-12-10 10:17:00,230,230,230,230,0
2021-12-10 10:18:00,230,230,230,230,0
2021-12-10 10:19:00,230,230,230,230,0
2021-12-10 10:20:00,230,230,230,230,0
2021-12-10 10:21:00,230,230,230,230,0
2021-12-10 10:22:00,230,230,230,230,0
2021-12-10 10:23:00,230,230,230,230,0
2021-12-10 10:24:00,230,230,230,230,0
2021-12-10 10:25:00,230,230,230,230,0
2021-12-10 10:26:00,230,230,230,230,0
2021-12-10 10:27:00,230,230,230,230,0
2021-12-10 10:28:00,230,230,230,230,0
2021-12-10 10:29:00,230,230,230,230,0
2021-12-10 10:30:00,230,230,230,230,0
2021-12-10 10:31:00,230,230,230,230,0
2021-12-10 10:32:00,230,230,230,230,0
2021-12-10 10:33:00,230,230,230,230,0
2021-12-10 10:34:00,230,230,230,230,0
2021-12-10 10:35:00,230,230,230,230,0
2021-12-10 10:36:00,230,230,230,230,0
2021-12-10 10:37:00,230,230,230,230,0
2021-12-10 10:38:00,230,230,230,230,0
2021-12-10 10:39:00,230,230,230,230,0
2021-12-10 10:40:00,230,230,230,230,0
2021-12-10 10:41:00,230,230,230,230,0
2021-12-10 10:42:00,230,230,230,230,0
2021-12-10 10:43:00,230,230,230,230,0
2021-12-10 10:44:00,230,230,230,230,0
2021-12-10 10:45:00,230,230,230,230,0
2021-12-10 10:46:00,230,230,230,230,0
2021-12-10 10:47:00,230,230,230,230,0
2021-12-10 10:48:00,230,230,230,230,0
2021-12-10 10:49:00,230,230,230,230,0
2021-12-10 10:50:00,230,230,230,230,0
2021-12-10 10:51:00,230,230,230,230,0
2021-12-10 10:52:00,230,230,230,230,0
2021-12-10 10:53:00,230,230,230,230,0
2021-12-10 10:54:00,230,230,230,230,0
2021-12-10 10:55:00,230,230,230,230,0
2021-12-10 10:56:00,230,230,230,230,0
2021-12-10 10:57:00,230,230,230,230,0
2021-12-10 10:58:00,230,230,230,230,0
2021-12-10 10:59:00,230,230,230,230,0
2021-12-10 11:00:00,230,230,230,230,0
2021-12-10 11:01:00,230,230,230,230,0
2021-12-10 11:02:00,230,230,230,230,0
2021-12-10 11:03:00,230,230,230,230,0
2021-12-10 11:04:00,230,230,230,230,0
2021-12-10 11:05:00,230,230,230,230,0
2021-12-10 11:06:00,230,230,230,230,0
2021-12-10 11:07:00,230,230,230,230,0
2021-12-10 11:08:00,230,230,230,230,0
2021-12-10 11:09:00,230,230,230,230,0
2021-12-10 11:10:00,230,230,230,230,0
2021-12-10 11:11:00,230,230,230,230,0
2021-12-10 11:12:00,230,230,230,230,0
2021-12-10 11:13:00,230,230,230,230,0
2021-12-10 11:14:00,230,230,230,230,0
2021-12-10 11:15:00,230,230,230,230,0
2021-12-10 11:16:00,230,230,230,230,0
2021-12-10 11:17:00,230,230,230,230,0
2021-12-10 11:18:00,230,230,230,230,0
2021-12-10 11:19:00,230,230,230,230,0
2021-12-10 11:20:00,230,230,230,230,0
2021-12-10 11:21:00,230,230,230,230,0
2021-12-10 11:22:00,230,230,230,230,0
2021-12-10 11:23:00,230,230,230,230,0
2021-12-10 11:24:00,230,230,230,230,0
2021-12-10 11:25:00,230,230,230,230,0
2021-12-10 11:26:00,230,230,230,230,0
2021-12-10 11:27:00,230,230,230,230,0
2021-12-10 11:28:00,230,230,230,230,0
2021-12-10 11:29:00,230,230,230,230,0
2021-12-10 11:30:00,230,230,230,230,0
2021-12-10 11:31:00,230,230,230,230,0
2021-12-10 11:32:00,230,230,230,230,0
2021-12-10 11:33:00,230,230,230,230,0
2021-12-10 11:34:00,230,230,230,230,0
2021-12-10 11:35:00,230,230,230,230,0
2021-12-10 11:36:00,230,230,230,230,0
2021-12-10 11:37:00,230,230,230,230,0
2021-12-10 11:38:00,230,230,230,230,0
2021-12-10 11:39:00,230,230,230,230,0
2021-12-10 11:40:00,230,230,230,230,0
2021-12-10 11:41:00,230,230,230,230,0
2021-12-10 11:42:00,230,230,230,230,0
2021-12-10 11:43:00,230,230,230,230,0
2021-12-10 11:44:00,230,230,230,230,0
2021-12-10 11:45:00,230,230,230,230,0
2021-12-10 11:46:00,230,230,230,230,0
2021-12-10 11:47:00,230,230,230,230,0
2021-12-10 11:48:00,230,230,230,230,0
2021-12-10 11:49:00,230,230,230,230,0
2021-12-10 11:50:00,230,230,230,230,0
2021-12-10 11:51:00,230,230,230,230,0
2021-12-10 11:52:00,230,230,230,230,0
2021-12-10 11:53:00,230,230,230,230,0
2021-12-10 11:54:00,230,230,230,230,0
2021-12-10 11:55:00,230,230,230,230,0
2021-12-10 11:56:00,230,230,230,230,0
2021-12-10 11:57:00,230,230,230,230,0
2021-12-10 11:58:00,230,230,230,230,0
2021-12-10 11:59:00,230,230,230,230,0
2021-12-10 12:00:00,230,230,230,230,0
2021-12-10 12:01:00,230,230,230,230,0
2021-12-10 12:02:00,230,230,230,230,0
2021-12-10 12:03:00,230,230,230,230,0
2021-12-10 12:04:00,230,230,230,230,0
2021-12-10 12:05:00,230,230,230,230,0
2021-12-10 12:06:00,230,230,230,230,0
2021-12-10 12:07:00,230,230,230,230,0
2021-12-10 12:08:00,230,230,230,230,0
2021-12-10 12:09:00,230,230,230,230,0
2021-12-10 12:10:00,230,230,230,230,0
2021-12-10 12:11:00,230,230,230,230,0
2021-12-10 12:12:00,230,230,230,230,0
2021-12-10 12:13:00,230,230,230,230,0
2021-12-10 12:14:00,230,230,230,230,0
2021-12-10 12:15:00,230,230,230,230,0
2021-12-10 12:16:00,230,230,230,230,0
2021-12-10 12:17:00,230,230,230,230,0
2021-12-10 12:18:00,230,230,230,230,0
2021-12-10 12:19:00,230,230,230,230,0
2021-12-10 12:20:00,230,230,230,230,0
2021-12-10 12:21:00,230,230,230,230,0
2021-12-10 12:22:00,230,230,230,230,0
2021-12-10 12:23:00,230,230,230,230,0
2021-12-10 12:24:00,230,230,230,230,0
2021-12-10 12:25:00,230,230,230,230,0
2021-12-10 12:26:00,230,230,230,230,0
2021-12-10 12:27:00,230,230,230,230,0
2021-12-10 12:28:00,230,230,230,230,0
2021-12-10 12:29:00,230,230,230,230,0
2021-12-10 12:30:00,230,230,230,230,0
2021-12-10 12:31:00,230,230,230,230,0
2021-12-10 12:32:00,230,230,230,230,0
2021-12-10 12:33:00,230,230,230,230,0
2021-12-10 12:34:00,230,230,230,230,0
2021-12-10 12:35:00,230,230,230,230,0
2021-12-10 12:36:00,230,230,230,230,0
2021-12-10 12:37:00,230,230,230,230,0
2021-12-10 12:38:00,230,230,230,230,0
2021-12-10 12:39:00,230,230,230,230,0
2021-12-10 12:40:00,230,230,230,230,0
2021-12-10 12:41:00,230,230,230,230,0
2021-12-10 12:42:00,230,230,230,230,0
2021-12-10 12:43:00,230,230,230,230,0
2021-12-10 12:44:00,230,230,230,230,0
2021-12-10 12:45:00,230,230,230,230,0
2021-12-10 12:46:00,230,230,230,230,0
2021-12-10 12:47:00,230,230,230,230,0
2021-12-10 12:48:00,230,230,230,230,0
2021-12-10 12:49:00,230,230,230,230,0
2021-12-10 12:50:00,230,230,230,230,0
2021-12-10 12:51:00,230,230,230,230,0
2021-12-10 12:52:00,230,230,230,230,0
2021-12-10 12:53:00,230,230,230,230,0
2021-12-10 12:54:00,230,230,230,230,0
2021-12-10 12:55:00,230,230,230,230,0
2021-12-10 12:56:00,230,230,230,230,0
2021-12-10 12:57:00,230,230,230,230,0
2021-12-10 12:58:00,230,230,230,230,0
2021-12-10 12:59:00,230,230,230,230,0
2021-12-10 13:00:00,230,230,230,230,0
2021-12-10 13:01:00,230,230,230,230,0
2021-12-10 13:02:00,230,230,230,230,0
2021-12-10 13:03:00,230,230,230,230,0
2021-12-10 13:04:00,230,230,230,230,0
2021-12-10 13:05:00,230,230,230,230,0
2021-12-10 13:06:00,230,230,230,230,0
2021-12-10 13:07:00,230,230,230,230,0
2021-12-10 13:08:00,230,230,230,230,0
2021-12-10 13:09:00,230,230,230,230,0
2021-12-10 13:10:00,230,230,230,230,0
2021-12-10 13:11:00,230,230,230,230,0
2021-12-10 13:12:00,230,230,230,230,0
2021-12-10 13:13:00,230,230,230,230,0
2021-12-10 13:14:00,230,230,230,230,0
2021-12-10 13:15:00,230,230,230,230,0
2021-12-10 13:16:00,230,230,230,230,0
2021-12-10 13:17:00,230,230,230,230,0
2021-12-10 13:18:00,230,230,230,230,0
2021-12-10 13:19:00,230,230,230,230,0
2021-12-10 13:20:00,230,230,230,230,0
2021-12-10 13:21:00,230,230,230,230,0
2021-12-10 13:22:00,230,230,230,230,0
2021-12-10 13:23:00,230,230,230,230,0
2021-12-10 13:24:00,230,230,230,230,0
2021-12-10 13:25:00,230,230,230,230,0
2021-12-10 13:26:00,230,230,230,230,0
2021-12-10 13:27:00,230,230,230,230,0
2021-12-10 13:28:00,230,230,230,230,0
2021-12-10 13:29:00,230,230,230,230,0
2021-12-10 13:30:00,230,230,230,230,0
2021-12-10 13:31:00,230,230,230,230,0
2021-12-10 13:32:00,230,230,230,230,0
2021-12-10 13:33:00,230,230,230,230,0
2021-12-10 13:34:00,230,230,230,230,0
2021-12-10 13:35:00,230,230,230,230,0
2021-12-10 13:36:00,214,214,214,214,0
2021-12-10 13:37:00,214,214,214,214,0
2021-12-10 13:38:00,214,214,214,214,0
2021-12-10 13:39:00,214,214,214,214,0
2021-12-10 13:40:00,214,214,214,214,0
2021-12-10 13:41:00,214,214,214,214,0
2021-12-10 13:42:00,214,214,214,214,0
2021-12-10 13:43:00,214,214,214,214,0
2021-12-10 13:44:00,214,214,214,214,0
2021-12-10 13:45:00,214,214,214,214,0
2021-12-10 13:46:00,214,214,214,214,0
2021-12-10 13:47:00,214,214,214,214,0
2021-12-10 13:48:00,214,214,214,214,0
2021-12-10 13:49:00,214,214,214,214,0
2021-12-10 13:50:00,214,214,214,214,0
2021-12-10 13:51:00,214,214,214,214,0
2021-12-10 13:52:00,214,214,214,214,0
2021-12-10 13:53:00,214,214,214,214,0
2021-12-10 13:54:00,214,214,214,214,0
2021-12-10 13:55:00,214,214,214,214,0
2021-12-10 13:56:00,214,214,214,214,0
2021-12-10 13:57:00,214,214,214,214,0
2021-12-10 13:58:00,214,214,214,214,0
2021-12-10 13:59:00,214,214,214,214,0
2021-12-10 14:00:00,214,214,214,214,0
2021-12-10 14:01:00,214,214,214,214,0
2021-12-10 14:02:00,214,214,214,214,0
2021-12-10 14:03:00,214,214,214,214,0
2021-12-10 14:04:00,214,214,214,214,0
2021-12-10 14:05:00,214,214,214,214,0
2021-12-10 14:06:00,214,214,214,214,0
2021-12-10 14:07:00,214,214,214,214,0
2021-12-10 14:08:00,214,214,214,214,0
2021-12-10 14:09:00,214,214,214,214,0
2021-12-10 14:10:00,214,214,214,214,0
2021-12-10 14:11:00,214,214,214,214,0
2021-12-10 14:12:00,214,214,214,214,0
2021-12-10 14:13:00,214,214,214,214,0
2021-12-10 14:14:00,214,214,214,214,0
2021-12-10 14:15:00,214,214,214,214,0
2021-12-10 14:16:00,214,214,214,214,0
2021-12-10 14:17:00,214,214,214,214,0
2021-12-10 14:18:00,214,214,214,214,0
2021-12-10 14:19:00,214,214,214,214,0
2021-12-10 14:20:00,214,214,214,214,0
2021-12-10 14:21:00,214,214,214,214,0
2021-12-10 14:22:00,214,214,214,214,0
2021-12-10 14:23:00,214,214,214,214,0
2021-12-10 14:24:00,214,214,214,214,0
2021-12-10 14:25:00,214,214,214,214,0
2021-12-10 14:26:00,214,214,214,214,0
2021-12-10 14:27:00,214,214,214,214,0
2021-12-10 14:28:00,214,214,214,214,0
2021-12-10 14:29:00,216,214,216,214,4200
2021-12-10 14:30:00,216,214,216,214,0
2021-12-10 14:31:00,216,214,216,214,0
2021-12-10 14:32:00,216,214,216,214,0
2021-12-10 14:33:00,216,214,216,214,0
2021-12-10 14:34:00,216,214,216,214,0
2021-12-10 14:35:00,216,214,216,214,0
2021-12-10 14:36:00,216,214,216,214,0
2021-12-10 14:37:00,216,214,216,214,0
2021-12-10 14:38:00,216,214,216,214,0
2021-12-10 14:39:00,216,214,216,214,0
2021-12-10 14:40:00,216,214,216,214,0
2021-12-10 14:41:00,216,214,216,214,0
2021-12-10 14:42:00,216,214,216,214,0
2021-12-10 14:43:00,216,214,216,214,0
2021-12-10 14:44:00,216,214,216,214,0
2021-12-10 14:45:00,216,214,216,214,0
2021-12-10 14:46:00,216,214,216,214,0
2021-12-10 14:47:00,216,214,216,214,0
2021-12-10 14:48:00,216,214,216,214,0
2021-12-10 14:49:00,216,214,216,214,0
2021-12-10 14:50:00,216,214,216,214,0
2021-12-10 14:51:00,216,214,216,214,0
2021-12-10 14:52:00,216,214,216,214,0
2021-12-10 14:53:00,216,214,216,214,0
2021-12-10 14:54:00,216,214,216,214,0
2021-12-10 14:55:00,216,214,216,214,0
2021-12-10 14:56:00,216,214,216,214,0
2021-12-10 14:57:00,216,214,216,214,0
2021-12-10 14:58:00,216,214,216,214,0
2021-12-10 14:59:00,216,214,216,214,0
2021-12-10 15:00:00,226,226,226,226,300
2021-12-10 15:01:00,226,226,226,226,0
2021-12-10 15:02:00,226,226,226,226,0
2021-12-10 15:03:00,226,226,226,226,0
2021-12-10 15:04:00,226,226,226,226,0
2021-12-10 15:05:00,226,226,226,226,0
2021-12-10 15:06:00,226,226,226,226,0
2021-12-10 15:07:00,226,226,226,226,0
2021-12-10 15:08:00,226,226,226,226,0
2021-12-10 15:09:00,226,226,226,226,0
2021-12-10 15:10:00,226,226,226,226,0
2021-12-10 15:11:00,226,226,226,226,0
2021-12-10 15:12:00,226,226,226,226,0
2021-12-10 15:13:00,226,226,226,226,0
2021-12-10 15:14:00,226,226,226,226,0
2021-12-10 15:15:00,226,226,226,226,0
2021-12-10 15:16:00,226,226,226,226,0
2021-12-10 15:17:00,226,226,226,226,0
2021-12-10 15:18:00,226,226,226,226,0
2021-12-10 15:19:00,226,226,226,226,0
2021-12-10 15:20:00,226,226,226,226,0
2021-12-10 15:21:00,226,226,226,226,0
2021-12-10 15:22:00,226,226,226,226,0
2021-12-10 15:23:00,226,226,226,226,0
2021-12-10 15:24:00,226,226,226,226,0
2021-12-10 15:25:00,226,226,226,226,0
2021-12-10 15:26:00,226,226,226,226,0
2021-12-10 15:27:00,226,226,226,226,0
2021-12-10 15:28:00,226,226,226,226,0
2021-12-10 15:29:00,226,226,226,226,0
2021-12-10 15:30:00,226,226,226,226,0
2021-12-10 15:31:00,226,226,226,226,0
2021-12-10 15:32:00,226,226,226,226,0
2021-12-10 15:33:00,226,226,226,226,0
2021-12-10 15:34:00,226,226,226,226,0
2021-12-10 15:35:00,226,226,226,226,0
2021-12-10 15:36:00,226,226,226,226,0
2021-12-10 15:37:00,226,226,226,226,0
2021-12-10 15:38:00,226,226,226,226,0
2021-12-10 15:39:00,226,226,226,226,0
2021-12-10 15:40:00,226,226,226,226,0
2021-12-10 15:41:00,226,226,226,226,0
2021-12-10 15:42:00,226,226,226,226,0
2021-12-10 15:43:00,226,226,226,226,0
2021-12-10 15:44:00,226,226,226,226,0
2021-12-10 15:45:00,226,226,226,226,0
2021-12-10 15:46:00,226,226,226,226,0
2021-12-10 15:47:00,226,226,226,226,0
2021-12-10 15:48:00,226,226,226,226,0
2021-12-10 15:49:00,226,226,226,226,0
2021-12-10 15:50:00,226,226,226,226,0
2021-12-10 15:51:00,226,226,226,226,0
2021-12-10 15:52:00,226,226,226,226,0
2021-12-10 15:53:00,226,226,226,226,0
2021-12-10 15:54:00,226,226,226,226,0
2021-12-10 15:55:00,226,226,226,226,0
2021-12-10 15:56:00,226,226,226,226,0
2021-12-10 15:57:00,226,226,226,226,0
2021-12-10 15:58:00,226,226,226,226,0
2021-12-10 15:59:00,226,226,226,226,0
2021-12-13 09:00:00,236,236,236,236,0
2021-12-13 09:01:00,236,236,236,236,0
2021-12-13 09:02:00,236,236,236,236,0
2021-12-13 09:03:00,236,236,236,236,0
2021-12-13 09:04:00,236,236,236,236,0
2021-12-13 09:05:00,236,236,236,236,0
2021-12-13 09:06:00,236,236,236,236,0
2021-12-13 09:07:00,236,236,236,236,0
2021-12-13 09:08:00,236,236,236,236,0
2021-12-13 09:09:00,236,236,236,236,0
2021-12-13 09:10:00,236,236,236,236,0
2021-12-13 09:11:00,220,220,220,220,600
2021-12-13 09:12:00,220,220,220,220,0
2021-12-13 09:13:00,220,220,220,220,0
2021-12-13 09:14:00,220,220,220,220,0
2021-12-13 09:15:00,220,220,220,220,0
2021-12-13 09:16:00,220,220,220,220,0
2021-12-13 09:17:00,220,220,220,220,0
2021-12-13 09:18:00,220,220,220,220,0
2021-12-13 09:19:00,220,220,220,220,0
2021-12-13 09:20:00,220,220,220,220,0
2021-12-13 09:21:00,220,220,220,220,0
2021-12-13 09:22:00,220,220,220,220,0
2021-12-13 09:23:00,220,220,220,220,0
2021-12-13 09:24:00,220,220,220,220,0
2021-12-13 09:25:00,216,216,216,216,2000
2021-12-13 09:26:00,214,212,214,212,4400
2021-12-13 09:27:00,214,212,214,212,0
2021-12-13 09:28:00,214,212,214,212,0
2021-12-13 09:29:00,214,212,214,212,0
2021-12-13 09:30:00,214,212,214,212,0
2021-12-13 09:31:00,214,212,214,212,0
2021-12-13 09:32:00,214,212,214,212,0
2021-12-13 09:33:00,214,212,214,212,0
2021-12-13 09:34:00,214,212,214,212,0
2021-12-13 09:35:00,214,212,214,212,0
2021-12-13 09:36:00,214,212,214,212,0
2021-12-13 09:37:00,214,212,214,212,0
2021-12-13 09:38:00,214,212,214,212,0
2021-12-13 09:39:00,214,212,214,212,0
2021-12-13 09:40:00,214,212,214,212,0
2021-12-13 09:41:00,214,212,214,212,0
2021-12-13 09:42:00,214,212,214,212,0
2021-12-13 09:43:00,214,212,214,212,0
2021-12-13 09:44:00,214,212,214,212,0
2021-12-13 09:45:00,214,212,214,212,0
2021-12-13 09:46:00,214,212,214,212,0
2021-12-13 09:47:00,214,212,214,212,0
2021-12-13 09:48:00,214,212,214,212,0
2021-12-13 09:49:00,214,212,214,212,0
2021-12-13 09:50:00,214,212,214,212,0
2021-12-13 09:51:00,214,212,214,212,0
2021-12-13 09:52:00,214,212,214,212,0
2021-12-13 09:53:00,214,212,214,212,0
2021-12-13 09:54:00,214,212,214,212,0
2021-12-13 09:55:00,214,212,214,212,0
2021-12-13 09:56:00,214,212,214,212,0
2021-12-13 09:57:00,214,212,214,212,0
2021-12-13 09:58:00,214,212,214,212,0
2021-12-13 09:59:00,214,212,214,212,0
2021-12-13 10:00:00,214,212,214,212,0
2021-12-13 10:01:00,214,212,214,212,0
2021-12-13 10:02:00,214,212,214,212,0
2021-12-13 10:03:00,214,212,214,212,0
2021-12-13 10:04:00,214,212,214,212,0
2021-12-13 10:05:00,214,212,214,212,0
2021-12-13 10:06:00,214,212,214,212,0
2021-12-13 10:07:00,214,212,214,212,0
2021-12-13 10:08:00,214,212,214,212,0
2021-12-13 10:09:00,214,212,214,212,0
2021-12-13 10:10:00,214,212,214,212,0
2021-12-13 10:11:00,214,212,214,212,0
2021-12-13 10:12:00,214,212,214,212,0
2021-12-13 10:13:00,214,212,214,212,0
2021-12-13 10:14:00,214,212,214,212,0
2021-12-13 10:15:00,214,212,214,212,0
2021-12-13 10:16:00,214,212,214,212,0
2021-12-13 10:17:00,214,212,214,212,0
2021-12-13 10:18:00,214,212,214,212,0
2021-12-13 10:19:00,214,212,214,212,0
2021-12-13 10:20:00,214,212,214,212,0
2021-12-13 10:21:00,214,212,214,212,0
2021-12-13 10:22:00,214,212,214,212,0
2021-12-13 10:23:00,214,212,214,212,0
2021-12-13 10:24:00,214,212,214,212,0
2021-12-13 10:25:00,214,212,214,212,0
2021-12-13 10:26:00,214,212,214,212,0
2021-12-13 10:27:00,214,212,214,212,0
2021-12-13 10:28:00,214,212,214,212,0
2021-12-13 10:29:00,214,212,214,212,0
2021-12-13 10:30:00,214,212,214,212,0
2021-12-13 10:31:00,214,212,214,212,0
2021-12-13 10:32:00,214,212,214,212,0
2021-12-13 10:33:00,214,212,214,212,0
2021-12-13 10:34:00,214,212,214,212,0
2021-12-13 10:35:00,232,232,232,232,200
2021-12-13 10:36:00,232,232,232,232,200
2021-12-13 10:37:00,232,232,232,232,0
2021-12-13 10:38:00,232,232,232,232,0
2021-12-13 10:39:00,232,232,232,232,0
2021-12-13 10:40:00,232,232,232,232,0
2021-12-13 10:41:00,232,232,232,232,200
2021-12-13 10:42:00,220,220,220,220,400
2021-12-13 10:43:00,220,220,220,220,0
2021-12-13 10:44:00,220,220,220,220,0
2021-12-13 10:45:00,220,220,220,220,0
2021-12-13 10:46:00,220,220,220,220,0
2021-12-13 10:47:00,220,220,220,220,0
2021-12-13 10:48:00,220,220,220,220,0
2021-12-13 10:49:00,220,220,220,220,0
2021-12-13 10:50:00,220,220,220,220,0
2021-12-13 10:51:00,220,220,220,220,0
2021-12-13 10:52:00,220,220,220,220,0
2021-12-13 10:53:00,220,220,220,220,0
2021-12-13 10:54:00,220,220,220,220,0
2021-12-13 10:55:00,220,220,220,220,0
2021-12-13 10:56:00,220,220,220,220,0
2021-12-13 10:57:00,220,220,220,220,0
2021-12-13 10:58:00,220,220,220,220,0
2021-12-13 10:59:00,220,220,220,220,0
2021-12-13 11:00:00,220,220,220,220,0
2021-12-13 11:01:00,220,220,220,220,0
2021-12-13 11:02:00,220,220,220,220,0
2021-12-13 11:03:00,220,220,220,220,0
2021-12-13 11:04:00,220,220,220,220,0
2021-12-13 11:05:00,220,220,220,220,0
2021-12-13 11:06:00,220,220,220,220,0
2021-12-13 11:07:00,220,220,220,220,0
2021-12-13 11:08:00,224,224,224,224,5000
2021-12-13 11:09:00,224,224,224,224,0
2021-12-13 11:10:00,224,224,224,224,0
2021-12-13 11:11:00,224,224,224,224,0
2021-12-13 11:12:00,224,224,224,224,0
2021-12-13 11:13:00,224,224,224,224,0
2021-12-13 11:14:00,224,224,224,224,0
2021-12-13 11:15:00,224,224,224,224,0
2021-12-13 11:16:00,224,224,224,224,0
2021-12-13 11:17:00,224,224,224,224,0
2021-12-13 11:18:00,224,224,224,224,0
2021-12-13 11:19:00,224,224,224,224,0
2021-12-13 11:20:00,224,224,224,224,0
2021-12-13 11:21:00,224,224,224,224,0
2021-12-13 11:22:00,224,224,224,224,0
2021-12-13 11:23:00,226,226,232,232,23200
2021-12-13 11:24:00,226,226,232,232,0
2021-12-13 11:25:00,232,232,232,232,10200
2021-12-13 11:26:00,232,232,232,232,0
2021-12-13 11:27:00,232,232,232,232,0
2021-12-13 11:28:00,230,230,232,232,12300
2021-12-13 11:29:00,230,230,232,232,0
2021-12-13 11:30:00,230,230,232,232,0
2021-12-13 11:31:00,230,230,232,232,0
2021-12-13 11:32:00,230,230,232,232,0
2021-12-13 11:33:00,230,230,232,232,0
2021-12-13 11:34:00,230,230,232,232,0
2021-12-13 11:35:00,230,230,232,232,0
2021-12-13 11:36:00,230,230,232,232,0
2021-12-13 11:37:00,230,230,232,232,0
2021-12-13 11:38:00,230,230,232,232,0
2021-12-13 11:39:00,230,230,232,232,0
2021-12-13 11:40:00,230,230,232,232,0
2021-12-13 11:41:00,230,230,232,232,0
2021-12-13 11:42:00,230,230,232,232,0
2021-12-13 11:43:00,230,230,232,232,0
2021-12-13 11:44:00,230,230,232,232,0
2021-12-13 11:45:00,230,230,232,232,0
2021-12-13 11:46:00,230,230,232,232,0
2021-12-13 11:47:00,230,230,232,232,0
2021-12-13 11:48:00,230,230,232,232,0
2021-12-13 11:49:00,230,230,232,232,0
2021-12-13 11:50:00,230,230,232,232,0
2021-12-13 11:51:00,230,230,232,232,0
2021-12-13 11:52:00,230,230,232,232,0
2021-12-13 11:53:00,230,230,232,232,0
2021-12-13 11:54:00,230,230,232,232,0
2021-12-13 11:55:00,230,230,232,232,0
2021-12-13 11:56:00,230,230,232,232,0
2021-12-13 11:57:00,230,230,232,232,0
2021-12-13 11:58:00,230,230,232,232,0
2021-12-13 11:59:00,230,230,232,232,0
2021-12-13 12:00:00,230,230,232,232,0
2021-12-13 12:01:00,230,230,232,232,0
2021-12-13 12:02:00,230,230,232,232,0
2021-12-13 12:03:00,230,230,232,232,0
2021-12-13 12:04:00,230,230,232,232,0
2021-12-13 12:05:00,230,230,232,232,0
2021-12-13 12:06:00,230,230,232,232,0
2021-12-13 12:07:00,230,230,232,232,0
2021-12-13 12:08:00,230,230,232,232,0
2021-12-13 12:09:00,230,230,232,232,0
2021-12-13 12:10:00,230,230,232,232,0
2021-12-13 12:11:00,230,230,232,232,0
2021-12-13 12:12:00,230,230,232,232,0
2021-12-13 12:13:00,230,230,232,232,0
2021-12-13 12:14:00,230,230,232,232,0
2021-12-13 12:15:00,230,230,232,232,0
2021-12-13 12:16:00,230,230,232,232,0
2021-12-13 12:17:00,230,230,232,232,0
2021-12-13 12:18:00,230,230,232,232,0
2021-12-13 12:19:00,230,230,232,232,0
2021-12-13 12:20:00,230,230,232,232,0
2021-12-13 12:21:00,230,230,232,232,0
2021-12-13 12:22:00,230,230,232,232,0
2021-12-13 12:23:00,230,230,232,232,0
2021-12-13 12:24:00,230,230,232,232,0
2021-12-13 12:25:00,230,230,232,232,0
2021-12-13 12:26:00,230,230,232,232,0
2021-12-13 12:27:00,230,230,232,232,0
2021-12-13 12:28:00,230,230,232,232,0
2021-12-13 12:29:00,230,230,232,232,0
2021-12-13 12:30:00,230,230,232,232,0
2021-12-13 12:31:00,230,230,232,232,0
2021-12-13 12:32:00,230,230,232,232,0
2021-12-13 12:33:00,230,230,232,232,0
2021-12-13 12:34:00,230,230,232,232,0
2021-12-13 12:35:00,230,230,232,232,0
2021-12-13 12:36:00,230,230,232,232,0
2021-12-13 12:37:00,230,230,232,232,0
2021-12-13 12:38:00,230,230,232,232,0
2021-12-13 12:39:00,230,230,232,232,0
2021-12-13 12:40:00,230,230,232,232,0
2021-12-13 12:41:00,230,230,232,232,0
2021-12-13 12:42:00,230,230,232,232,0
2021-12-13 12:43:00,230,230,232,232,0
2021-12-13 12:44:00,230,230,232,232,0
2021-12-13 12:45:00,230,230,232,232,0
2021-12-13 12:46:00,230,230,232,232,0
2021-12-13 12:47:00,230,230,232,232,0
2021-12-13 12:48:00,230,230,232,232,0
2021-12-13 12:49:00,230,230,232,232,0
2021-12-13 12:50:00,230,230,232,232,0
2021-12-13 12:51:00,230,230,232,232,0
2021-12-13 12:52:00,230,230,232,232,0
2021-12-13 12:53:00,230,230,232,232,0
2021-12-13 12:54:00,230,230,232,232,0
2021-12-13 12:55:00,230,230,232,232,0
2021-12-13 12:56:00,230,230,232,232,0
2021-12-13 12:57:00,230,230,232,232,0
2021-12-13 12:58:00,230,230,232,232,0
2021-12-13 12:59:00,230,230,232,232,0
2021-12-13 13:00:00,230,230,232,232,0
2021-12-13 13:01:00,230,230,232,232,0
2021-12-13 13:02:00,230,230,232,232,0
2021-12-13 13:03:00,230,230,232,232,0
2021-12-13 13:04:00,230,230,232,232,0
2021-12-13 13:05:00,230,230,232,232,0
2021-12-13 13:06:00,230,230,232,232,0
2021-12-13 13:07:00,230,230,232,232,0
2021-12-13 13:08:00,230,230,232,232,0
2021-12-13 13:09:00,230,230,232,232,0
2021-12-13 13:10:00,230,230,232,232,0
2021-12-13 13:11:00,230,230,232,232,0
2021-12-13 13:12:00,230,230,232,232,0
2021-12-13 13:13:00,230,230,232,232,0
2021-12-13 13:14:00,230,230,232,232,0
2021-12-13 13:15:00,230,230,232,232,0
2021-12-13 13:16:00,230,230,232,232,0
2021-12-13 13:17:00,230,230,232,232,0
2021-12-13 13:18:00,230,230,232,232,0
2021-12-13 13:19:00,230,230,232,232,0
2021-12-13 13:20:00,230,230,232,232,0
2021-12-13 13:21:00,230,230,232,232,0
2021-12-13 13:22:00,230,230,232,232,0
2021-12-13 13:23:00,230,230,232,232,0
2021-12-13 13:24:00,230,230,232,232,0
2021-12-13 13:25:00,230,230,232,232,0
2021-12-13 13:26:00,230,230,232,232,0
2021-12-13 13:27:00,230,230,232,232,0
2021-12-13 13:28:00,230,230,232,232,0
2021-12-13 13:29:00,230,230,232,232,0
2021-12-13 13:30:00,232,230,232,230,1100
2021-12-13 13:31:00,232,230,232,230,0
2021-12-13 13:32:00,232,230,232,230,0
2021-12-13 13:33:00,232,230,232,230,0
2021-12-13 13:34:00,232,230,232,230,0
2021-12-13 13:35:00,232,230,232,230,0
2021-12-13 13:36:00,232,230,232,230,0
2021-12-13 13:37:00,232,230,232,230,0
2021-12-13 13:38:00,232,230,232,230,0
2021-12-13 13:39:00,232,230,232,230,0
2021-12-13 13:40:00,232,232,232,232,20000
2021-12-13 13:41:00,232,232,232,232,0
2021-12-13 13:42:00,232,232,232,232,0
2021-12-13 13:43:00,232,232,232,232,0
2021-12-13 13:44:00,232,232,232,232,0
2021-12-13 13:45:00,232,232,232,232,0
2021-12-13 13:46:00,232,232,232,232,49700
2021-12-13 13:47:00,232,232,232,232,0
2021-12-13 13:48:00,232,232,232,232,0
2021-12-13 13:49:00,232,232,232,232,0
2021-12-13 13:50:00,232,232,232,232,0
2021-12-13 13:51:00,232,232,232,232,0
2021-12-13 13:52:00,232,232,232,232,0
2021-12-13 13:53:00,232,232,232,232,0
2021-12-13 13:54:00,232,232,232,232,0
2021-12-13 13:55:00,232,232,232,232,0
2021-12-13 13:56:00,236,236,236,236,100
2021-12-13 13:57:00,236,236,236,236,1500
2021-12-13 13:58:00,236,236,236,236,0
2021-12-13 13:59:00,236,236,236,236,0
2021-12-13 14:00:00,236,236,236,236,0
2021-12-13 14:01:00,236,236,236,236,0
2021-12-13 14:02:00,236,236,236,236,0
2021-12-13 14:03:00,236,236,236,236,0
2021-12-13 14:04:00,236,236,236,236,0
2021-12-13 14:05:00,236,236,240,240,400
2021-12-13 14:06:00,236,236,240,240,0
2021-12-13 14:07:00,240,240,240,240,8600
2021-12-13 14:08:00,242,242,244,244,400
2021-12-13 14:09:00,242,242,244,244,0
2021-12-13 14:10:00,246,246,246,246,100
2021-12-13 14:11:00,246,246,246,246,0
2021-12-13 14:12:00,244,244,244,244,100
2021-12-13 14:13:00,244,244,246,246,300
2021-12-13 14:14:00,244,244,246,246,0
2021-12-13 14:15:00,244,244,246,246,0
2021-12-13 14:16:00,246,246,246,246,1000
2021-12-13 14:17:00,246,246,250,250,24800
2021-12-13 14:18:00,246,246,250,250,0
2021-12-13 14:19:00,252,252,252,252,8300
2021-12-13 14:20:00,252,252,252,252,400
2021-12-13 14:21:00,252,252,252,252,900
2021-12-13 14:22:00,252,252,252,252,5400
2021-12-13 14:23:00,252,252,252,252,0
2021-12-13 14:24:00,250,250,250,250,5200
2021-12-13 14:25:00,250,244,250,244,10100
2021-12-13 14:26:00,250,244,250,244,0
2021-12-13 14:27:00,244,244,244,244,4000
2021-12-13 14:28:00,244,244,244,244,0
2021-12-13 14:29:00,244,244,244,244,8000
2021-12-13 14:30:00,244,244,244,244,0
2021-12-13 14:31:00,244,244,244,244,0
2021-12-13 14:32:00,246,246,246,246,1200
2021-12-13 14:33:00,246,246,246,246,0
2021-12-13 14:34:00,246,246,246,246,2400
2021-12-13 14:35:00,246,246,246,246,0
2021-12-13 14:36:00,246,246,246,246,0
2021-12-13 14:37:00,246,246,246,246,0
2021-12-13 14:38:00,246,246,246,246,0
2021-12-13 14:39:00,248,248,250,250,6700
2021-12-13 14:40:00,250,250,252,252,17600
2021-12-13 14:41:00,256,256,256,256,1900
2021-12-13 14:42:00,256,256,256,256,700
2021-12-13 14:43:00,258,258,260,260,6800
2021-12-13 14:44:00,260,260,270,270,200
2021-12-13 14:45:00,262,260,262,260,11600
2021-12-13 14:46:00,268,268,278,270,27400
2021-12-13 14:47:00,268,248,268,252,4700
2021-12-13 14:48:00,260,260,268,260,1100
2021-12-13 14:49:00,260,260,266,266,1300
2021-12-13 14:50:00,260,260,266,266,0
2021-12-13 14:51:00,260,260,266,266,0
2021-12-13 14:52:00,260,260,266,266,0
2021-12-13 14:53:00,260,260,266,266,0
2021-12-13 14:54:00,260,260,266,266,0
2021-12-13 14:55:00,260,260,266,266,0
2021-12-13 14:56:00,260,260,266,266,0
2021-12-13 14:57:00,260,260,266,266,0
2021-12-13 14:58:00,260,260,266,266,0
2021-12-13 14:59:00,260,260,266,266,0
2021-12-13 15:00:00,260,260,266,266,0
2021-12-13 15:01:00,260,260,266,266,0
2021-12-13 15:02:00,260,260,266,266,0
2021-12-13 15:03:00,266,266,266,266,350400
2021-12-13 15:04:00,266,266,266,266,0
2021-12-13 15:05:00,266,266,266,266,0
2021-12-13 15:06:00,266,266,266,266,0
2021-12-13 15:07:00,266,266,266,266,0
2021-12-13 15:08:00,266,266,266,266,0
2021-12-13 15:09:00,266,266,266,266,0
2021-12-13 15:10:00,266,266,266,266,0
2021-12-13 15:11:00,266,266,266,266,0
2021-12-13 15:12:00,266,266,266,266,0
2021-12-13 15:13:00,266,266,266,266,0
2021-12-13 15:14:00,266,266,266,266,0
2021-12-13 15:15:00,266,266,266,266,0
2021-12-13 15:16:00,266,266,266,266,0
2021-12-13 15:17:00,266,266,266,266,0
2021-12-13 15:18:00,266,266,266,266,0
2021-12-13 15:19:00,266,266,266,266,0
2021-12-13 15:20:00,266,266,266,266,0
2021-12-13 15:21:00,266,266,266,266,0
2021-12-13 15:22:00,266,266,266,266,0
2021-12-13 15:23:00,266,266,266,266,0
2021-12-13 15:24:00,266,266,266,266,0
2021-12-13 15:25:00,266,266,266,266,0
2021-12-13 15:26:00,266,266,266,266,0
2021-12-13 15:27:00,266,266,266,266,0
2021-12-13 15:28:00,266,266,266,266,0
2021-12-13 15:29:00,266,266,266,266,0
2021-12-13 15:30:00,266,266,266,266,0
2021-12-13 15:31:00,266,266,266,266,0
2021-12-13 15:32:00,266,266,266,266,0
2021-12-13 15:33:00,266,266,266,266,0
2021-12-13 15:34:00,266,266,266,266,0
2021-12-13 15:35:00,266,266,266,266,0
2021-12-13 15:36:00,266,266,266,266,0
2021-12-13 15:37:00,266,266,266,266,0
2021-12-13 15:38:00,266,266,266,266,0
2021-12-13 15:39:00,266,266,266,266,0
2021-12-13 15:40:00,266,266,266,266,0
2021-12-13 15:41:00,266,266,266,266,0
2021-12-13 15:42:00,266,266,266,266,0
2021-12-13 15:43:00,266,266,266,266,0
2021-12-13 15:44:00,266,266,266,266,0
2021-12-13 15:45:00,266,266,266,266,0
2021-12-13 15:46:00,266,266,266,266,0
2021-12-13 15:47:00,266,266,266,266,0
2021-12-13 15:48:00,266,266,266,266,0
2021-12-13 15:49:00,266,266,266,266,0
2021-12-13 15:50:00,266,266,266,266,0
2021-12-13 15:51:00,266,266,266,266,0
2021-12-13 15:52:00,266,266,266,266,0
2021-12-13 15:53:00,266,266,266,266,0
2021-12-13 15:54:00,266,266,266,266,0
2021-12-13 15:55:00,266,266,266,266,0
2021-12-13 15:56:00,266,266,266,266,0
2021-12-13 15:57:00,266,266,266,266,0
2021-12-13 15:58:00,266,266,266,266,0
2021-12-13 15:59:00,266,266,266,266,0
2021-12-14 09:00:00,266,260,266,266,0
2021-12-14 09:01:00,260,260,270,270,27200
2021-12-14 09:02:00,260,260,270,270,0
2021-12-14 09:03:00,260,260,260,260,2000
2021-12-14 09:04:00,260,260,260,260,0
2021-12-14 09:05:00,260,260,260,260,0
2021-12-14 09:06:00,260,260,260,260,0
2021-12-14 09:07:00,260,260,260,260,1000
2021-12-14 09:08:00,260,260,260,260,0
2021-12-14 09:09:00,260,260,260,260,0
2021-12-14 09:10:00,260,260,260,260,0
2021-12-14 09:11:00,260,260,260,260,0
2021-12-14 09:12:00,260,260,260,260,0
2021-12-14 09:13:00,260,260,260,260,0
2021-12-14 09:14:00,260,260,260,260,0
2021-12-14 09:15:00,260,260,260,260,0
2021-12-14 09:16:00,260,260,260,260,0
2021-12-14 09:17:00,260,260,260,260,0
2021-12-14 09:18:00,260,260,260,260,0
2021-12-14 09:19:00,260,260,260,260,0
2021-12-14 09:20:00,260,260,260,260,0
2021-12-14 09:21:00,260,260,260,260,0
2021-12-14 09:22:00,260,260,260,260,0
2021-12-14 09:23:00,260,260,260,260,0
2021-12-14 09:24:00,260,260,260,260,0
2021-12-14 09:25:00,260,260,260,260,0
2021-12-14 09:26:00,260,260,260,260,0
2021-12-14 09:27:00,260,260,260,260,0
2021-12-14 09:28:00,260,260,260,260,0
2021-12-14 09:29:00,260,260,260,260,0
2021-12-14 09:30:00,260,260,260,260,0
2021-12-14 09:31:00,260,260,260,260,0
2021-12-14 09:32:00,260,260,260,260,0
2021-12-14 09:33:00,260,260,260,260,0
2021-12-14 09:34:00,260,260,260,260,0
2021-12-14 09:35:00,260,260,260,260,0
2021-12-14 09:36:00,260,260,260,260,0
2021-12-14 09:37:00,260,260,260,260,0
2021-12-14 09:38:00,260,260,260,260,0
2021-12-14 09:39:00,260,260,260,260,0
2021-12-14 09:40:00,260,260,260,260,0
2021-12-14 09:41:00,260,260,260,260,0
2021-12-14 09:42:00,260,260,260,260,0
2021-12-14 09:43:00,260,260,260,260,0
2021-12-14 09:44:00,260,260,260,260,0
2021-12-14 09:45:00,260,260,260,260,0
2021-12-14 09:46:00,260,260,260,260,0
2021-12-14 09:47:00,260,260,260,260,0
2021-12-14 09:48:00,260,260,260,260,0
2021-12-14 09:49:00,260,260,260,260,0
2021-12-14 09:50:00,260,260,260,260,0
2021-12-14 09:51:00,260,260,260,260,0
2021-12-14 09:52:00,260,260,260,260,0
2021-12-14 09:53:00,260,260,260,260,0
2021-12-14 09:54:00,260,260,260,260,0
2021-12-14 09:55:00,260,260,260,260,0
2021-12-14 09:56:00,260,260,260,260,0
2021-12-14 09:57:00,260,260,260,260,0
2021-12-14 09:58:00,260,260,260,260,0
2021-12-14 09:59:00,260,260,260,260,0
2021-12-14 10:00:00,260,260,260,260,0
2021-12-14 10:01:00,260,260,260,260,0
2021-12-14 10:02:00,260,260,260,260,0
2021-12-14 10:03:00,260,260,260,260,0
2021-12-14 10:04:00,260,260,260,260,0
2021-12-14 10:05:00,260,260,260,260,0
2021-12-14 10:06:00,260,260,260,260,0
2021-12-14 10:07:00,260,260,260,260,9200
2021-12-14 10:08:00,260,260,260,260,0
2021-12-14 10:09:00,260,260,260,260,0
2021-12-14 10:10:00,260,260,260,260,0
2021-12-14 10:11:00,260,260,260,260,0
2021-12-14 10:12:00,260,260,260,260,0
2021-12-14 10:13:00,260,260,260,260,0
2021-12-14 10:14:00,260,260,260,260,0
2021-12-14 10:15:00,260,260,260,260,0
2021-12-14 10:16:00,260,260,260,260,0
2021-12-14 10:17:00,260,260,260,260,0
2021-12-14 10:18:00,260,260,260,260,0
2021-12-14 10:19:00,260,260,260,260,0
2021-12-14 10:20:00,260,260,260,260,0
2021-12-14 10:21:00,260,260,260,260,0
2021-12-14 10:22:00,260,260,260,260,0
2021-12-14 10:23:00,260,260,260,260,0
2021-12-14 10:24:00,260,260,260,260,0
2021-12-14 10:25:00,260,260,260,260,0
2021-12-14 10:26:00,260,260,260,260,0
2021-12-14 10:27:00,260,260,260,260,0
2021-12-14 10:28:00,260,260,260,260,0
2021-12-14 10:29:00,260,260,260,260,0
2021-12-14 10:30:00,260,260,260,260,0
2021-12-14 10:31:00,260,260,260,260,0
2021-12-14 10:32:00,260,260,260,260,0
2021-12-14 10:33:00,260,260,260,260,0
2021-12-14 10:34:00,260,260,260,260,0
2021-12-14 10:35:00,260,260,260,260,0
2021-12-14 10:36:00,260,260,260,260,0
2021-12-14 10:37:00,260,260,260,260,0
2021-12-14 10:38:00,260,260,260,260,0
2021-12-14 10:39:00,260,260,260,260,0
2021-12-14 10:40:00,260,260,260,260,0
2021-12-14 10:41:00,260,260,260,260,0
2021-12-14 10:42:00,260,260,260,260,0
2021-12-14 10:43:00,260,260,260,260,0
2021-12-14 10:44:00,260,260,260,260,0
2021-12-14 10:45:00,260,260,260,260,0
2021-12-14 10:46:00,260,260,260,260,0
2021-12-14 10:47:00,260,260,260,260,0
2021-12-14 10:48:00,260,260,260,260,0
2021-12-14 10:49:00,260,260,260,260,0
2021-12-14 10:50:00,260,260,260,260,0
2021-12-14 10:51:00,260,260,260,260,0
2021-12-14 10:52:00,260,260,260,260,0
2021-12-14 10:53:00,260,260,260,260,0
2021-12-14 10:54:00,260,260,260,260,0
2021-12-14 10:55:00,260,260,260,260,0
2021-12-14 10:56:00,260,260,260,260,0
2021-12-14 10:57:00,260,260,260,260,0
2021-12-14 10:58:00,260,260,260,260,0
2021-12-14 10:59:00,260,260,260,260,0
2021-12-14 11:00:00,260,260,260,260,0
2021-12-14 11:01:00,260,260,260,260,0
2021-12-14 11:02:00,260,260,260,260,0
2021-12-14 11:03:00,260,260,260,260,0
2021-12-14 11:04:00,260,260,260,260,0
2021-12-14 11:05:00,260,260,260,260,0
2021-12-14 11:06:00,260,260,260,260,0
2021-12-14 11:07:00,260,260,260,260,0
2021-12-14 11:08:00,260,260,260,260,0
2021-12-14 11:09:00,260,260,260,260,0
2021-12-14 11:10:00,260,260,260,260,0
2021-12-14 11:11:00,260,260,260,260,0
2021-12-14 11:12:00,260,260,260,260,0
2021-12-14 11:13:00,260,260,260,260,0
2021-12-14 11:14:00,260,260,260,260,0
2021-12-14 11:15:00,260,260,260,260,0
2021-12-14 11:16:00,260,260,260,260,0
2021-12-14 11:17:00,260,260,260,260,0
2021-12-14 11:18:00,260,260,260,260,0
2021-12-14 11:19:00,260,260,260,260,0
2021-12-14 11:20:00,260,260,260,260,0
2021-12-14 11:21:00,260,260,260,260,0
2021-12-14 11:22:00,260,260,260,260,0
2021-12-14 11:23:00,260,260,260,260,0
2021-12-14 11:24:00,260,260,260,260,0
2021-12-14 11:25:00,260,260,260,260,0
2021-12-14 11:26:00,260,260,260,260,0
2021-12-14 11:27:00,260,260,260,260,0
2021-12-14 11:28:00,260,260,260,260,0
2021-12-14 11:29:00,260,260,260,260,0
2021-12-14 11:30:00,260,260,260,260,0
2021-12-14 11:31:00,260,260,260,260,0
2021-12-14 11:32:00,260,260,260,260,0
2021-12-14 11:33:00,260,260,260,260,0
2021-12-14 11:34:00,260,260,260,260,0
2021-12-14 11:35:00,260,260,260,260,0
2021-12-14 11:36:00,260,260,260,260,0
2021-12-14 11:37:00,260,260,260,260,0
2021-12-14 11:38:00,260,260,260,260,0
2021-12-14 11:39:00,260,260,260,260,0
2021-12-14 11:40:00,260,260,260,260,0
2021-12-14 11:41:00,260,260,260,260,0
2021-12-14 11:42:00,260,260,260,260,0
2021-12-14 11:43:00,260,260,260,260,0
2021-12-14 11:44:00,260,260,260,260,0
2021-12-14 11:45:00,260,260,260,260,0
2021-12-14 11:46:00,260,260,260,260,0
2021-12-14 11:47:00,260,260,260,260,0
2021-12-14 11:48:00,260,260,260,260,0
2021-12-14 11:49:00,260,260,260,260,0
2021-12-14 11:50:00,260,260,260,260,0
2021-12-14 11:51:00,260,260,260,260,0
2021-12-14 11:52:00,260,260,260,260,0
2021-12-14 11:53:00,260,260,260,260,0
2021-12-14 11:54:00,260,260,260,260,0
2021-12-14 11:55:00,260,260,260,260,0
2021-12-14 11:56:00,260,260,260,260,0
2021-12-14 11:57:00,260,260,260,260,0
2021-12-14 11:58:00,260,260,260,260,0
2021-12-14 11:59:00,260,260,260,260,0
2021-12-14 12:00:00,260,260,260,260,0
2021-12-14 12:01:00,260,260,260,260,0
2021-12-14 12:02:00,260,260,260,260,0
2021-12-14 12:03:00,260,260,260,260,0
2021-12-14 12:04:00,260,260,260,260,0
2021-12-14 12:05:00,260,260,260,260,0
2021-12-14 12:06:00,260,260,260,260,0
2021-12-14 12:07:00,260,260,260,260,0
2021-12-14 12:08:00,260,260,260,260,0
2021-12-14 12:09:00,260,260,260,260,0
2021-12-14 12:10:00,260,260,260,260,0
2021-12-14 12:11:00,260,260,260,260,0
2021-12-14 12:12:00,260,260,260,260,0
2021-12-14 12:13:00,260,260,260,260,0
2021-12-14 12:14:00,260,260,260,260,0
2021-12-14 12:15:00,260,260,260,260,0
2021-12-14 12:16:00,260,260,260,260,0
2021-12-14 12:17:00,260,260,260,260,0
2021-12-14 12:18:00,260,260,260,260,0
2021-12-14 12:19:00,260,260,260,260,0
2021-12-14 12:20:00,260,260,260,260,0
2021-12-14 12:21:00,260,260,260,260,0
2021-12-14 12:22:00,260,260,260,260,0
2021-12-14 12:23:00,260,260,260,260,0
2021-12-14 12:24:00,260,260,260,260,0
2021-12-14 12:25:00,260,260,260,260,0
2021-12-14 12:26:00,260,260,260,260,0
2021-12-14 12:27:00,260,260,260,260,0
2021-12-14 12:28:00,260,260,260,260,0
2021-12-14 12:29:00,260,260,260,260,0
2021-12-14 12:30:00,260,260,260,260,0
2021-12-14 12:31:00,260,260,260,260,0
2021-12-14 12:32:00,260,260,260,260,0
2021-12-14 12:33:00,260,260,260,260,0
2021-12-14 12:34:00,260,260,260,260,0
2021-12-14 12:35:00,260,260,260,260,0
2021-12-14 12:36:00,260,260,260,260,0
2021-12-14 12:37:00,260,260,260,260,0
2021-12-14 12:38:00,260,260,260,260,0
2021-12-14 12:39:00,260,260,260,260,0
2021-12-14 12:40:00,260,260,260,260,0
2021-12-14 12:41:00,260,260,260,260,0
2021-12-14 12:42:00,260,260,260,260,0
2021-12-14 12:43:00,260,260,260,260,0
2021-12-14 12:44:00,260,260,260,260,0
2021-12-14 12:45:00,260,260,260,260,0
2021-12-14 12:46:00,260,260,260,260,0
2021-12-14 12:47:00,260,260,260,260,0
2021-12-14 12:48:00,260,260,260,260,0
2021-12-14 12:49:00,260,260,260,260,0
2021-12-14 12:50:00,260,260,260,260,0
2021-12-14 12:51:00,260,260,260,260,0
2021-12-14 12:52:00,260,260,260,260,0
2021-12-14 12:53:00,260,260,260,260,0
2021-12-14 12:54:00,260,260,260,260,0
2021-12-14 12:55:00,260,260,260,260,0
2021-12-14 12:56:00,260,260,260,260,0
2021-12-14 12:57:00,260,260,260,260,0
2021-12-14 12:58:00,260,260,260,260,0
2021-12-14 12:59:00,260,260,260,260,0
2021-12-14 13:00:00,260,260,260,260,0
2021-12-14 13:01:00,260,260,260,260,0
2021-12-14 13:02:00,260,260,260,260,0
2021-12-14 13:03:00,260,260,260,260,0
2021-12-14 13:04:00,260,260,260,260,0
2021-12-14 13:05:00,260,260,260,260,0
2021-12-14 13:06:00,260,260,260,260,0
2021-12-14 13:07:00,260,260,260,260,0
2021-12-14 13:08:00,260,260,260,260,0
2021-12-14 13:09:00,260,260,260,260,0
2021-12-14 13:10:00,260,260,260,260,0
2021-12-14 13:11:00,260,260,260,260,0
2021-12-14 13:12:00,260,260,260,260,0
2021-12-14 13:13:00,260,260,260,260,0
2021-12-14 13:14:00,260,260,260,260,0
2021-12-14 13:15:00,260,260,260,260,0
2021-12-14 13:16:00,260,260,260,260,0
2021-12-14 13:17:00,260,260,260,260,0
2021-12-14 13:18:00,260,260,260,260,0
2021-12-14 13:19:00,260,260,260,260,0
2021-12-14 13:20:00,260,260,260,260,0
2021-12-14 13:21:00,260,260,260,260,0
2021-12-14 13:22:00,260,260,260,260,0
2021-12-14 13:23:00,260,260,260,260,0
2021-12-14 13:24:00,260,260,260,260,0
2021-12-14 13:25:00,260,260,260,260,0
2021-12-14 13:26:00,260,260,260,260,0
2021-12-14 13:27:00,260,260,260,260,0
2021-12-14 13:28:00,260,260,260,260,0
2021-12-14 13:29:00,260,260,260,260,0
2021-12-14 13:30:00,260,260,260,260,0
2021-12-14 13:31:00,260,260,260,260,0
2021-12-14 13:32:00,260,260,260,260,0
2021-12-14 13:33:00,260,260,260,260,0
2021-12-14 13:34:00,260,260,260,260,0
2021-12-14 13:35:00,260,260,260,260,0
2021-12-14 13:36:00,260,260,260,260,0
2021-12-14 13:37:00,260,260,260,260,0
2021-12-14 13:38:00,260,260,260,260,0
2021-12-14 13:39:00,260,260,260,260,0
2021-12-14 13:40:00,260,260,260,260,0
2021-12-14 13:41:00,260,260,260,260,0
2021-12-14 13:42:00,260,260,260,260,0
2021-12-14 13:43:00,260,260,260,260,0
2021-12-14 13:44:00,260,260,260,260,0
2021-12-14 13:45:00,260,260,260,260,0
2021-12-14 13:46:00,260,260,260,260,0
2021-12-14 13:47:00,260,260,260,260,0
2021-12-14 13:48:00,260,260,260,260,0
2021-12-14 13:49:00,260,260,260,260,0
2021-12-14 13:50:00,260,260,260,260,0
2021-12-14 13:51:00,260,260,260,260,0
2021-12-14 13:52:00,260,260,260,260,0
2021-12-14 13:53:00,260,260,260,260,0
2021-12-14 13:54:00,260,260,260,260,0
2021-12-14 13:55:00,260,260,260,260,0
2021-12-14 13:56:00,260,260,260,260,0
2021-12-14 13:57:00,256,256,258,258,1100
2021-12-14 13:58:00,260,260,264,264,57300
2021-12-14 13:59:00,260,260,264,264,0
2021-12-14 14:00:00,260,260,264,264,0
2021-12-14 14:01:00,260,260,264,264,0
2021-12-14 14:02:00,260,260,264,264,0
2021-12-14 14:03:00,260,260,264,264,0
2021-12-14 14:04:00,260,260,264,264,0
2021-12-14 14:05:00,260,260,264,264,0
2021-12-14 14:06:00,260,260,264,264,0
2021-12-14 14:07:00,260,260,264,264,0
2021-12-14 14:08:00,260,260,264,264,0
2021-12-14 14:09:00,260,260,264,264,0
2021-12-14 14:10:00,260,260,264,264,0
2021-12-14 14:11:00,260,260,264,264,0
2021-12-14 14:12:00,260,260,264,264,0
2021-12-14 14:13:00,260,260,264,264,0
2021-12-14 14:14:00,260,260,264,264,0
2021-12-14 14:15:00,260,260,264,264,0
2021-12-14 14:16:00,260,260,264,264,0
2021-12-14 14:17:00,260,260,264,264,0
2021-12-14 14:18:00,260,260,264,264,0
2021-12-14 14:19:00,260,260,264,264,0
2021-12-14 14:20:00,260,260,264,264,0
2021-12-14 14:21:00,260,260,264,264,0
2021-12-14 14:22:00,260,260,264,264,0
2021-12-14 14:23:00,260,260,264,264,0
2021-12-14 14:24:00,260,260,264,264,0
2021-12-14 14:25:00,260,260,264,264,0
2021-12-14 14:26:00,260,260,264,264,0
2021-12-14 14:27:00,260,260,264,264,0
2021-12-14 14:28:00,260,260,264,264,0
2021-12-14 14:29:00,260,260,264,264,0
2021-12-14 14:30:00,260,260,264,264,0
2021-12-14 14:31:00,260,260,264,264,0
2021-12-14 14:32:00,260,260,264,264,0
2021-12-14 14:33:00,260,260,264,264,0
2021-12-14 14:34:00,260,260,264,264,0
2021-12-14 14:35:00,260,260,264,264,0
2021-12-14 14:36:00,260,260,264,264,0
2021-12-14 14:37:00,260,260,264,264,0
2021-12-14 14:38:00,260,260,264,264,0
2021-12-14 14:39:00,260,260,264,264,0
2021-12-14 14:40:00,260,260,264,264,0
2021-12-14 14:41:00,260,260,264,264,0
2021-12-14 14:42:00,260,260,264,264,0
2021-12-14 14:43:00,260,260,264,264,0
2021-12-14 14:44:00,260,260,264,264,0
2021-12-14 14:45:00,260,260,264,264,0
2021-12-14 14:46:00,260,260,264,264,0
2021-12-14 14:47:00,260,260,264,264,0
2021-12-14 14:48:00,260,260,264,264,0
2021-12-14 14:49:00,260,260,264,264,0
2021-12-14 14:50:00,260,260,264,264,0
2021-12-14 14:51:00,260,260,264,264,0
2021-12-14 14:52:00,260,260,264,264,0
2021-12-14 14:53:00,260,260,264,264,0
2021-12-14 14:54:00,260,260,264,264,0
2021-12-14 14:55:00,260,260,264,264,0
2021-12-14 14:56:00,260,260,264,264,0
2021-12-14 14:57:00,260,260,264,264,0
2021-12-14 14:58:00,260,260,264,264,0
2021-12-14 14:59:00,260,260,264,264,0
2021-12-14 15:00:00,260,260,264,264,0
2021-12-14 15:01:00,260,260,264,264,0
2021-12-14 15:02:00,260,260,264,264,0
2021-12-14 15:03:00,260,260,264,264,0
2021-12-14 15:04:00,260,260,264,264,0
2021-12-14 15:05:00,260,260,264,264,0
2021-12-14 15:06:00,260,260,264,264,0
2021-12-14 15:07:00,260,260,264,264,0
2021-12-14 15:08:00,260,260,264,264,0
2021-12-14 15:09:00,260,260,264,264,0
2021-12-14 15:10:00,260,260,264,264,0
2021-12-14 15:11:00,260,260,264,264,0
2021-12-14 15:12:00,260,260,264,264,0
2021-12-14 15:13:00,260,260,264,264,0
2021-12-14 15:14:00,260,260,264,264,0
2021-12-14 15:15:00,260,260,264,264,0
2021-12-14 15:16:00,260,260,264,264,0
2021-12-14 15:17:00,260,260,264,264,0
2021-12-14 15:18:00,260,260,264,264,0
2021-12-14 15:19:00,260,260,264,264,0
2021-12-14 15:20:00,260,260,264,264,0
2021-12-14 15:21:00,260,260,264,264,0
2021-12-14 15:22:00,260,260,264,264,0
2021-12-14 15:23:00,260,260,264,264,0
2021-12-14 15:24:00,260,260,264,264,0
2021-12-14 15:25:00,260,260,264,264,0
2021-12-14 15:26:00,260,260,264,264,0
2021-12-14 15:27:00,260,260,264,264,0
2021-12-14 15:28:00,260,260,264,264,0
2021-12-14 15:29:00,260,260,264,264,0
2021-12-14 15:30:00,260,260,264,264,0
2021-12-14 15:31:00,260,260,264,264,0
2021-12-14 15:32:00,260,260,264,264,0
2021-12-14 15:33:00,260,260,264,264,0
2021-12-14 15:34:00,260,260,264,264,0
2021-12-14 15:35:00,260,260,264,264,0
2021-12-14 15:36:00,260,260,264,264,0
2021-12-14 15:37:00,260,260,264,264,0
2021-12-14 15:38:00,260,260,264,264,0
2021-12-14 15:39:00,260,260,264,264,0
2021-12-14 15:40:00,260,260,264,264,0
2021-12-14 15:41:00,260,260,264,264,0
2021-12-14 15:42:00,260,260,264,264,0
2021-12-14 15:43:00,260,260,264,264,0
2021-12-14 15:44:00,260,260,264,264,0
2021-12-14 15:45:00,260,260,264,264,0
2021-12-14 15:46:00,260,260,264,264,0
2021-12-14 15:47:00,260,260,264,264,0
2021-12-14 15:48:00,260,260,264,264,0
2021-12-14 15:49:00,260,260,264,264,0
2021-12-14 15:50:00,260,260,264,264,0
2021-12-14 15:51:00,260,260,264,264,0
2021-12-14 15:52:00,260,260,264,264,0
2021-12-14 15:53:00,260,260,264,264,0
2021-12-14 15:54:00,260,260,264,264,0
2021-12-14 15:55:00,260,260,264,264,0
2021-12-14 15:56:00,260,260,264,264,0
2021-12-14 15:57:00,260,260,264,264,0
2021-12-14 15:58:00,260,260,264,264,0
2021-12-14 15:59:00,260,260,264,264,0
2021-12-15 09:00:00,264,264,264,264,0
2021-12-15 09:01:00,264,264,264,264,0
2021-12-15 09:02:00,264,264,264,264,0
2021-12-15 09:03:00,264,264,264,264,0
2021-12-15 09:04:00,264,264,264,264,0
2021-12-15 09:05:00,264,264,264,264,0
2021-12-15 09:06:00,264,264,264,264,0
2021-12-15 09:07:00,264,264,264,264,0
2021-12-15 09:08:00,264,264,264,264,0
2021-12-15 09:09:00,264,264,264,264,0
2021-12-15 09:10:00,264,264,264,264,0
2021-12-15 09:11:00,264,264,264,264,0
2021-12-15 09:12:00,264,264,264,264,0
2021-12-15 09:13:00,264,264,264,264,0
2021-12-15 09:14:00,264,264,264,264,0
2021-12-15 09:15:00,264,264,264,264,0
2021-12-15 09:16:00,264,264,264,264,0
2021-12-15 09:17:00,264,264,264,264,0
2021-12-15 09:18:00,264,264,264,264,0
2021-12-15 09:19:00,264,264,264,264,0
2021-12-15 09:20:00,264,264,264,264,0
2021-12-15 09:21:00,264,264,264,264,0
2021-12-15 09:22:00,264,264,264,264,0
2021-12-15 09:23:00,264,264,264,264,0
2021-12-15 09:24:00,264,264,264,264,0
2021-12-15 09:25:00,264,264,264,264,0
2021-12-15 09:26:00,264,264,264,264,0
2021-12-15 09:27:00,264,264,264,264,0
2021-12-15 09:28:00,264,264,264,264,0
2021-12-15 09:29:00,264,264,264,264,0
2021-12-15 09:30:00,264,264,264,264,0
2021-12-15 09:31:00,264,264,264,264,0
2021-12-15 09:32:00,264,264,264,264,0
2021-12-15 09:33:00,264,264,264,264,0
2021-12-15 09:34:00,264,264,264,264,0
2021-12-15 09:35:00,264,264,264,264,0
2021-12-15 09:36:00,264,264,264,264,0
2021-12-15 09:37:00,264,264,264,264,0
2021-12-15 09:38:00,264,264,264,264,0
2021-12-15 09:39:00,264,264,264,264,0
2021-12-15 09:40:00,264,264,264,264,0
2021-12-15 09:41:00,264,264,264,264,0
2021-12-15 09:42:00,264,264,264,264,0
2021-12-15 09:43:00,264,264,264,264,0
2021-12-15 09:44:00,264,264,264,264,0
2021-12-15 09:45:00,264,264,264,264,0
2021-12-15 09:46:00,264,264,264,264,0
2021-12-15 09:47:00,264,264,264,264,0
2021-12-15 09:48:00,264,264,264,264,0
2021-12-15 09:49:00,264,264,264,264,0
2021-12-15 09:50:00,264,264,264,264,0
2021-12-15 09:51:00,264,264,264,264,0
2021-12-15 09:52:00,264,264,264,264,0
2021-12-15 09:53:00,264,264,264,264,0
2021-12-15 09:54:00,264,264,264,264,0
2021-12-15 09:55:00,246,246,246,246,200
2021-12-15 09:56:00,246,246,246,246,0
2021-12-15 09:57:00,246,246,246,246,100
2021-12-15 09:58:00,246,246,246,246,0
2021-12-15 09:59:00,246,246,246,246,1000
2021-12-15 10:00:00,246,246,246,246,0
2021-12-15 10:01:00,246,246,246,246,0
2021-12-15 10:02:00,246,246,246,246,0
2021-12-15 10:03:00,246,246,246,246,0
2021-12-15 10:04:00,246,246,246,246,0
2021-12-15 10:05:00,246,246,246,246,0
2021-12-15 10:06:00,246,246,246,246,0
2021-12-15 10:07:00,246,246,246,246,0
2021-12-15 10:08:00,246,246,246,246,0
2021-12-15 10:09:00,246,246,246,246,0
2021-12-15 10:10:00,246,246,246,246,100
2021-12-15 10:11:00,246,246,246,246,0
2021-12-15 10:12:00,246,246,246,246,0
2021-12-15 10:13:00,246,246,246,246,0
2021-12-15 10:14:00,246,246,246,246,0
2021-12-15 10:15:00,246,246,246,246,0
2021-12-15 10:16:00,246,246,246,246,0
2021-12-15 10:17:00,246,246,246,246,0
2021-12-15 10:18:00,246,246,246,246,0
2021-12-15 10:19:00,246,246,246,246,0
2021-12-15 10:20:00,246,246,246,246,1400
2021-12-15 10:21:00,246,246,246,246,0
2021-12-15 10:22:00,246,246,246,246,0
2021-12-15 10:23:00,246,246,246,246,0
2021-12-15 10:24:00,246,246,246,246,0
2021-12-15 10:25:00,246,246,246,246,0
2021-12-15 10:26:00,246,246,246,246,0
2021-12-15 10:27:00,246,246,246,246,0
2021-12-15 10:28:00,246,246,246,246,0
2021-12-15 10:29:00,246,246,246,246,0
2021-12-15 10:30:00,246,246,246,246,0
2021-12-15 10:31:00,246,246,246,246,0
2021-12-15 10:32:00,246,246,246,246,0
2021-12-15 10:33:00,246,246,246,246,0
2021-12-15 10:34:00,246,246,246,246,0
2021-12-15 10:35:00,246,246,246,246,0
2021-12-15 10:36:00,246,246,246,246,0
2021-12-15 10:37:00,246,246,246,246,0
2021-12-15 10:38:00,246,246,246,246,0
2021-12-15 10:39:00,246,246,246,246,0
2021-12-15 10:40:00,246,246,246,246,0
2021-12-15 10:41:00,246,246,246,246,0
2021-12-15 10:42:00,246,246,246,246,0
2021-12-15 10:43:00,246,246,246,246,0
2021-12-15 10:44:00,246,246,246,246,0
2021-12-15 10:45:00,246,246,246,246,0
2021-12-15 10:46:00,246,246,246,246,0
2021-12-15 10:47:00,246,246,246,246,0
2021-12-15 10:48:00,246,246,246,246,100
2021-12-15 10:49:00,246,246,246,246,400
2021-12-15 10:50:00,246,246,246,246,0
2021-12-15 10:51:00,246,246,246,246,0
2021-12-15 10:52:00,246,246,246,246,0
2021-12-15 10:53:00,246,246,246,246,0
2021-12-15 10:54:00,246,246,246,246,0
2021-12-15 10:55:00,246,246,246,246,0
2021-12-15 10:56:00,246,246,246,246,0
2021-12-15 10:57:00,246,246,246,246,0
2021-12-15 10:58:00,246,246,246,246,0
2021-12-15 10:59:00,246,246,246,246,0
2021-12-15 11:00:00,246,246,246,246,0
2021-12-15 11:01:00,246,246,246,246,0
2021-12-15 11:02:00,246,246,246,246,0
2021-12-15 11:03:00,246,246,246,246,0
2021-12-15 11:04:00,246,246,246,246,0
2021-12-15 11:05:00,246,246,246,246,0
2021-12-15 11:06:00,246,246,246,246,0
2021-12-15 11:07:00,246,246,246,246,0
2021-12-15 11:08:00,246,246,246,246,0
2021-12-15 11:09:00,246,246,246,246,0
2021-12-15 11:10:00,246,246,246,246,0
2021-12-15 11:11:00,246,246,246,246,0
2021-12-15 11:12:00,246,246,246,246,0
2021-12-15 11:13:00,246,246,246,246,0
2021-12-15 11:14:00,246,246,246,246,0
2021-12-15 11:15:00,246,246,246,246,0
2021-12-15 11:16:00,246,246,246,246,0
2021-12-15 11:17:00,246,246,246,246,0
2021-12-15 11:18:00,246,246,246,246,0
2021-12-15 11:19:00,246,246,246,246,0
2021-12-15 11:20:00,246,246,246,246,0
2021-12-15 11:21:00,246,246,246,246,0
2021-12-15 11:22:00,246,246,246,246,0
2021-12-15 11:23:00,246,246,246,246,0
2021-12-15 11:24:00,246,246,246,246,0
2021-12-15 11:25:00,246,246,246,246,0
2021-12-15 11:26:00,246,246,246,246,0
2021-12-15 11:27:00,246,246,246,246,0
2021-12-15 11:28:00,246,246,246,246,0
2021-12-15 11:29:00,246,246,246,246,0
2021-12-15 11:30:00,246,246,246,246,0
2021-12-15 11:31:00,246,246,246,246,0
2021-12-15 11:32:00,246,246,246,246,0
2021-12-15 11:33:00,246,246,246,246,0
2021-12-15 11:34:00,246,246,246,246,0
2021-12-15 11:35:00,246,246,246,246,0
2021-12-15 11:36:00,246,246,246,246,0
2021-12-15 11:37:00,246,246,246,246,0
2021-12-15 11:38:00,246,246,246,246,0
2021-12-15 11:39:00,246,246,246,246,0
2021-12-15 11:40:00,246,246,246,246,0
2021-12-15 11:41:00,246,246,246,246,0
2021-12-15 11:42:00,246,246,246,246,0
2021-12-15 11:43:00,246,246,246,246,0
2021-12-15 11:44:00,246,246,246,246,0
2021-12-15 11:45:00,246,246,246,246,0
2021-12-15 11:46:00,246,246,246,246,0
2021-12-15 11:47:00,246,246,246,246,0
2021-12-15 11:48:00,246,246,246,246,0
2021-12-15 11:49:00,246,246,246,246,0
2021-12-15 11:50:00,246,246,246,246,0
2021-12-15 11:51:00,246,246,246,246,0
2021-12-15 11:52:00,246,246,246,246,0
2021-12-15 11:53:00,246,246,246,246,0
2021-12-15 11:54:00,246,246,246,246,0
2021-12-15 11:55:00,246,246,246,246,0
2021-12-15 11:56:00,246,246,246,246,0
2021-12-15 11:57:00,246,246,246,246,0
2021-12-15 11:58:00,246,246,246,246,0
2021-12-15 11:59:00,246,246,246,246,0
2021-12-15 12:00:00,246,246,246,246,0
2021-12-15 12:01:00,246,246,246,246,0
2021-12-15 12:02:00,246,246,246,246,0
2021-12-15 12:03:00,246,246,246,246,0
2021-12-15 12:04:00,246,246,246,246,0
2021-12-15 12:05:00,246,246,246,246,0
2021-12-15 12:06:00,246,246,246,246,0
2021-12-15 12:07:00,246,246,246,246,0
2021-12-15 12:08:00,246,246,246,246,0
2021-12-15 12:09:00,246,246,246,246,0
2021-12-15 12:10:00,246,246,246,246,0
2021-12-15 12:11:00,246,246,246,246,0
2021-12-15 12:12:00,246,246,246,246,0
2021-12-15 12:13:00,246,246,246,246,0
2021-12-15 12:14:00,246,246,246,246,0
2021-12-15 12:15:00,246,246,246,246,0
2021-12-15 12:16:00,246,246,246,246,0
2021-12-15 12:17:00,246,246,246,246,0
2021-12-15 12:18:00,246,246,246,246,0
2021-12-15 12:19:00,246,246,246,246,0
2021-12-15 12:20:00,246,246,246,246,0
2021-12-15 12:21:00,246,246,246,246,0
2021-12-15 12:22:00,246,246,246,246,0
2021-12-15 12:23:00,246,246,246,246,0
2021-12-15 12:24:00,246,246,246,246,0
2021-12-15 12:25:00,246,246,246,246,0
2021-12-15 12:26:00,246,246,246,246,0
2021-12-15 12:27:00,246,246,246,246,0
2021-12-15 12:28:00,246,246,246,246,0
2021-12-15 12:29:00,246,246,246,246,0
2021-12-15 12:30:00,246,246,246,246,0
2021-12-15 12:31:00,246,246,246,246,0
2021-12-15 12:32:00,246,246,246,246,0
2021-12-15 12:33:00,246,246,246,246,0
2021-12-15 12:34:00,246,246,246,246,0
2021-12-15 12:35:00,246,246,246,246,0
2021-12-15 12:36:00,246,246,246,246,0
2021-12-15 12:37:00,246,246,246,246,0
2021-12-15 12:38:00,246,246,246,246,0
2021-12-15 12:39:00,246,246,246,246,0
2021-12-15 12:40:00,246,246,246,246,0
2021-12-15 12:41:00,246,246,246,246,0
2021-12-15 12:42:00,246,246,246,246,0
2021-12-15 12:43:00,246,246,246,246,0
2021-12-15 12:44:00,246,246,246,246,0
2021-12-15 12:45:00,246,246,246,246,0
2021-12-15 12:46:00,246,246,246,246,0
2021-12-15 12:47:00,246,246,246,246,0
2021-12-15 12:48:00,246,246,246,246,0
2021-12-15 12:49:00,246,246,246,246,0
2021-12-15 12:50:00,246,246,246,246,0
2021-12-15 12:51:00,246,246,246,246,0
2021-12-15 12:52:00,246,246,246,246,0
2021-12-15 12:53:00,246,246,246,246,0
2021-12-15 12:54:00,246,246,246,246,0
2021-12-15 12:55:00,246,246,246,246,0
2021-12-15 12:56:00,246,246,246,246,0
2021-12-15 12:57:00,246,246,246,246,0
2021-12-15 12:58:00,246,246,246,246,0
2021-12-15 12:59:00,246,246,246,246,0
2021-12-15 13:00:00,246,246,246,246,0
2021-12-15 13:01:00,246,246,246,246,0
2021-12-15 13:02:00,246,246,246,246,0
2021-12-15 13:03:00,246,246,246,246,0
2021-12-15 13:04:00,246,246,246,246,0
2021-12-15 13:05:00,246,246,246,246,0
2021-12-15 13:06:00,246,246,246,246,0
2021-12-15 13:07:00,246,246,246,246,0
2021-12-15 13:08:00,246,246,246,246,0
2021-12-15 13:09:00,246,246,246,246,0
2021-12-15 13:10:00,246,246,246,246,0
2021-12-15 13:11:00,246,246,246,246,0
2021-12-15 13:12:00,246,246,246,246,0
2021-12-15 13:13:00,246,246,246,246,0
2021-12-15 13:14:00,246,246,246,246,0
2021-12-15 13:15:00,246,246,246,246,0
2021-12-15 13:16:00,246,246,246,246,0
2021-12-15 13:17:00,246,246,246,246,0
2021-12-15 13:18:00,246,246,246,246,0
2021-12-15 13:19:00,246,246,246,246,0
2021-12-15 13:20:00,246,246,246,246,0
2021-12-15 13:21:00,246,246,246,246,0
2021-12-15 13:22:00,246,246,246,246,0
2021-12-15 13:23:00,246,246,246,246,0
2021-12-15 13:24:00,246,246,246,246,0
2021-12-15 13:25:00,246,246,246,246,0
2021-12-15 13:26:00,246,246,246,246,0
2021-12-15 13:27:00,246,246,246,246,0
2021-12-15 13:28:00,246,246,246,246,0
2021-12-15 13:29:00,246,246,246,246,0
2021-12-15 13:30:00,256,256,256,256,3400
2021-12-15 13:31:00,256,256,256,256,0
2021-12-15 13:32:00,256,256,256,256,0
2021-12-15 13:33:00,256,256,256,256,0
2021-12-15 13:34:00,256,256,256,256,0
2021-12-15 13:35:00,256,256,256,256,0
2021-12-15 13:36:00,256,256,256,256,0
2021-12-15 13:37:00,256,256,256,256,0
2021-12-15 13:38:00,256,256,256,256,0
2021-12-15 13:39:00,256,256,256,256,0
2021-12-15 13:40:00,256,256,256,256,0
2021-12-15 13:41:00,256,256,256,256,0
2021-12-15 13:42:00,256,256,256,256,0
2021-12-15 13:43:00,256,256,256,256,0
2021-12-15 13:44:00,256,256,256,256,0
2021-12-15 13:45:00,256,256,256,256,0
2021-12-15 13:46:00,256,256,256,256,0
2021-12-15 13:47:00,256,256,256,256,0
2021-12-15 13:48:00,256,256,256,256,0
2021-12-15 13:49:00,256,256,256,256,0
2021-12-15 13:50:00,256,256,256,256,0
2021-12-15 13:51:00,256,256,256,256,0
2021-12-15 13:52:00,256,256,256,256,0
2021-12-15 13:53:00,256,256,256,256,0
2021-12-15 13:54:00,256,256,256,256,0
2021-12-15 13:55:00,256,256,256,256,0
2021-12-15 13:56:00,256,256,256,256,0
2021-12-15 13:57:00,256,256,256,256,0
2021-12-15 13:58:00,256,256,256,256,0
2021-12-15 13:59:00,256,256,256,256,0
2021-12-15 14:00:00,256,256,256,256,0
2021-12-15 14:01:00,256,256,256,256,0
2021-12-15 14:02:00,256,256,256,256,0
2021-12-15 14:03:00,256,256,256,256,0
2021-12-15 14:04:00,256,256,256,256,0
2021-12-15 14:05:00,256,256,256,256,0
2021-12-15 14:06:00,256,256,256,256,0
2021-12-15 14:07:00,256,256,256,256,0
2021-12-15 14:08:00,256,256,256,256,0
2021-12-15 14:09:00,256,256,256,256,0
2021-12-15 14:10:00,256,256,256,256,0
2021-12-15 14:11:00,256,256,256,256,0
2021-12-15 14:12:00,256,256,256,256,0
2021-12-15 14:13:00,256,256,256,256,0
2021-12-15 14:14:00,256,256,256,256,0
2021-12-15 14:15:00,256,256,256,256,0
2021-12-15 14:16:00,256,256,256,256,0
2021-12-15 14:17:00,256,256,256,256,0
2021-12-15 14:18:00,256,256,256,256,0
2021-12-15 14:19:00,256,256,256,256,0
2021-12-15 14:20:00,256,256,256,256,0
2021-12-15 14:21:00,256,256,256,256,0
2021-12-15 14:22:00,256,256,256,256,0
2021-12-15 14:23:00,256,256,256,256,0
2021-12-15 14:24:00,256,256,256,256,0
2021-12-15 14:25:00,256,256,256,256,0
2021-12-15 14:26:00,256,256,256,256,0
2021-12-15 14:27:00,256,256,256,256,0
2021-12-15 14:28:00,256,256,256,256,0
2021-12-15 14:29:00,256,256,256,256,0
2021-12-15 14:30:00,256,256,256,256,0
2021-12-15 14:31:00,256,256,256,256,0
2021-12-15 14:32:00,256,256,256,256,0
2021-12-15 14:33:00,256,256,256,256,0
2021-12-15 14:34:00,256,256,256,256,0
2021-12-15 14:35:00,256,256,256,256,0
2021-12-15 14:36:00,256,256,256,256,0
2021-12-15 14:37:00,256,256,256,256,0
2021-12-15 14:38:00,256,256,256,256,0
2021-12-15 14:39:00,256,256,256,256,0
2021-12-15 14:40:00,256,256,256,256,0
2021-12-15 14:41:00,256,256,256,256,0
2021-12-15 14:42:00,256,256,256,256,0
2021-12-15 14:43:00,256,256,256,256,0
2021-12-15 14:44:00,256,256,256,256,0
2021-12-15 14:45:00,256,256,256,256,0
2021-12-15 14:46:00,256,256,256,256,0
2021-12-15 14:47:00,256,256,256,256,0
2021-12-15 14:48:00,256,256,256,256,0
2021-12-15 14:49:00,256,256,256,256,0
2021-12-15 14:50:00,256,256,256,256,0
2021-12-15 14:51:00,256,256,256,256,0
2021-12-15 14:52:00,256,256,256,256,0
2021-12-15 14:53:00,256,256,256,256,0
2021-12-15 14:54:00,256,256,256,256,0
2021-12-15 14:55:00,256,256,256,256,0
2021-12-15 14:56:00,256,256,256,256,0
2021-12-15 14:57:00,256,256,256,256,0
2021-12-15 14:58:00,256,256,256,256,0
2021-12-15 14:59:00,256,256,256,256,0
2021-12-15 15:00:00,256,256,256,256,0
2021-12-15 15:01:00,256,256,256,256,0
2021-12-15 15:02:00,256,256,256,256,0
2021-12-15 15:03:00,256,256,256,256,0
2021-12-15 15:04:00,256,256,256,256,0
2021-12-15 15:05:00,256,256,256,256,0
2021-12-15 15:06:00,256,256,256,256,0
2021-12-15 15:07:00,256,256,256,256,0
2021-12-15 15:08:00,256,256,256,256,0
2021-12-15 15:09:00,256,256,256,256,0
2021-12-15 15:10:00,256,256,256,256,0
2021-12-15 15:11:00,256,256,256,256,0
2021-12-15 15:12:00,256,256,256,256,0
2021-12-15 15:13:00,256,256,256,256,0
2021-12-15 15:14:00,256,256,256,256,0
2021-12-15 15:15:00,256,256,256,256,0
2021-12-15 15:16:00,256,256,256,256,0
2021-12-15 15:17:00,256,256,256,256,0
2021-12-15 15:18:00,256,256,256,256,0
2021-12-15 15:19:00,256,256,256,256,0
2021-12-15 15:20:00,256,256,256,256,0
2021-12-15 15:21:00,256,256,256,256,0
2021-12-15 15:22:00,256,256,256,256,0
2021-12-15 15:23:00,256,256,256,256,0
2021-12-15 15:24:00,256,256,256,256,0
2021-12-15 15:25:00,256,256,256,256,0
2021-12-15 15:26:00,256,256,256,256,0
2021-12-15 15:27:00,256,256,256,256,0
2021-12-15 15:28:00,256,256,256,256,0
2021-12-15 15:29:00,256,256,256,256,0
2021-12-15 15:30:00,256,256,256,256,0
2021-12-15 15:31:00,256,256,256,256,0
2021-12-15 15:32:00,256,256,256,256,0
2021-12-15 15:33:00,256,256,256,256,0
2021-12-15 15:34:00,256,256,256,256,0
2021-12-15 15:35:00,256,256,256,256,0
2021-12-15 15:36:00,256,256,256,256,0
2021-12-15 15:37:00,256,256,256,256,0
2021-12-15 15:38:00,256,256,256,256,0
2021-12-15 15:39:00,256,256,256,256,0
2021-12-15 15:40:00,256,256,256,256,0
2021-12-15 15:41:00,256,256,256,256,0
2021-12-15 15:42:00,256,256,256,256,0
2021-12-15 15:43:00,256,256,256,256,0
2021-12-15 15:44:00,256,256,256,256,0
2021-12-15 15:45:00,256,256,256,256,0
2021-12-15 15:46:00,256,256,256,256,0
2021-12-15 15:47:00,256,256,256,256,0
2021-12-15 15:48:00,256,256,256,256,0
2021-12-15 15:49:00,256,256,256,256,0
2021-12-15 15:50:00,256,256,256,256,0
2021-12-15 15:51:00,256,256,256,256,0
2021-12-15 15:52:00,256,256,256,256,0
2021-12-15 15:53:00,256,256,256,256,0
2021-12-15 15:54:00,256,256,256,256,0
2021-12-15 15:55:00,256,256,256,256,0
2021-12-15 15:56:00,256,256,256,256,0
2021-12-15 15:57:00,256,256,256,256,0
2021-12-15 15:58:00,256,256,256,256,0
2021-12-15 15:59:00,256,256,256,256,0
2021-12-16 09:00:00,252,248,252,248,0
2021-12-16 09:01:00,246,246,246,246,2000
2021-12-16 09:02:00,246,246,246,246,0
2021-12-16 09:03:00,246,246,246,246,0
2021-12-16 09:04:00,246,246,246,246,0
2021-12-16 09:05:00,246,246,246,246,0
2021-12-16 09:06:00,246,246,246,246,0
2021-12-16 09:07:00,246,246,246,246,0
2021-12-16 09:08:00,246,246,246,246,0
2021-12-16 09:09:00,246,246,246,246,0
2021-12-16 09:10:00,246,246,246,246,0
2021-12-16 09:11:00,246,246,246,246,0
2021-12-16 09:12:00,246,246,246,246,0
2021-12-16 09:13:00,246,246,246,246,0
2021-12-16 09:14:00,246,246,246,246,0
2021-12-16 09:15:00,246,246,246,246,0
2021-12-16 09:16:00,246,246,246,246,0
2021-12-16 09:17:00,246,246,246,246,0
2021-12-16 09:18:00,246,246,246,246,0
2021-12-16 09:19:00,246,246,246,246,0
2021-12-16 09:20:00,246,246,246,246,0
2021-12-16 09:21:00,246,246,246,246,0
2021-12-16 09:22:00,240,240,240,240,100
2021-12-16 09:23:00,240,240,240,240,0
2021-12-16 09:24:00,240,240,240,240,0
2021-12-16 09:25:00,240,240,240,240,0
2021-12-16 09:26:00,240,240,240,240,0
2021-12-16 09:27:00,240,240,240,240,0
2021-12-16 09:28:00,240,240,240,240,0
2021-12-16 09:29:00,240,240,240,240,0
2021-12-16 09:30:00,240,240,240,240,0
2021-12-16 09:31:00,240,240,240,240,0
2021-12-16 09:32:00,240,240,240,240,0
2021-12-16 09:33:00,240,240,240,240,0
2021-12-16 09:34:00,240,240,240,240,0
2021-12-16 09:35:00,240,240,240,240,0
2021-12-16 09:36:00,240,240,240,240,0
2021-12-16 09:37:00,240,240,240,240,0
2021-12-16 09:38:00,240,240,240,240,0
2021-12-16 09:39:00,240,240,240,240,0
2021-12-16 09:40:00,240,240,240,240,0
2021-12-16 09:41:00,246,246,246,246,200
2021-12-16 09:42:00,246,246,246,246,0
2021-12-16 09:43:00,246,246,246,246,0
2021-12-16 09:44:00,246,246,246,246,0
2021-12-16 09:45:00,246,246,246,246,0
2021-12-16 09:46:00,246,246,246,246,0
2021-12-16 09:47:00,246,246,246,246,0
2021-12-16 09:48:00,246,246,246,246,0
2021-12-16 09:49:00,246,246,246,246,0
2021-12-16 09:50:00,246,246,246,246,0
2021-12-16 09:51:00,246,246,246,246,0
2021-12-16 09:52:00,240,240,240,240,100
2021-12-16 09:53:00,258,258,258,258,100
2021-12-16 09:54:00,258,258,258,258,0
2021-12-16 09:55:00,258,258,258,258,0
2021-12-16 09:56:00,258,258,258,258,0
2021-12-16 09:57:00,258,258,258,258,0
2021-12-16 09:58:00,258,258,258,258,0
2021-12-16 09:59:00,258,258,258,258,0
2021-12-16 10:00:00,256,256,256,256,100
2021-12-16 10:01:00,256,256,256,256,0
2021-12-16 10:02:00,256,256,256,256,0
2021-12-16 10:03:00,256,256,256,256,0
2021-12-16 10:04:00,256,256,256,256,0
2021-12-16 10:05:00,256,256,256,256,0
2021-12-16 10:06:00,256,256,256,256,0
2021-12-16 10:07:00,256,256,256,256,0
2021-12-16 10:08:00,256,256,256,256,0
2021-12-16 10:09:00,256,256,256,256,0
2021-12-16 10:10:00,256,256,256,256,0
2021-12-16 10:11:00,256,256,256,256,0
2021-12-16 10:12:00,256,256,256,256,0
2021-12-16 10:13:00,256,256,256,256,0
2021-12-16 10:14:00,256,256,256,256,0
2021-12-16 10:15:00,256,256,256,256,0
2021-12-16 10:16:00,256,256,256,256,0
2021-12-16 10:17:00,256,256,256,256,0
2021-12-16 10:18:00,256,256,256,256,0
2021-12-16 10:19:00,256,256,256,256,0
2021-12-16 10:20:00,256,256,256,256,0
2021-12-16 10:21:00,256,256,256,256,0
2021-12-16 10:22:00,256,256,256,256,0
2021-12-16 10:23:00,256,256,256,256,0
2021-12-16 10:24:00,256,256,256,256,0
2021-12-16 10:25:00,256,256,256,256,0
2021-12-16 10:26:00,256,256,256,256,0
2021-12-16 10:27:00,256,256,256,256,0
2021-12-16 10:28:00,256,256,256,256,0
2021-12-16 10:29:00,256,256,256,256,0
2021-12-16 10:30:00,256,256,256,256,0
2021-12-16 10:31:00,256,256,256,256,0
2021-12-16 10:32:00,256,256,256,256,0
2021-12-16 10:33:00,256,256,256,256,0
2021-12-16 10:34:00,256,256,256,256,0
2021-12-16 10:35:00,256,256,256,256,0
2021-12-16 10:36:00,256,256,256,256,0
2021-12-16 10:37:00,256,256,256,256,0
2021-12-16 10:38:00,256,256,256,256,0
2021-12-16 10:39:00,256,256,256,256,0
2021-12-16 10:40:00,256,256,256,256,0
2021-12-16 10:41:00,256,256,256,256,0
2021-12-16 10:42:00,256,256,256,256,0
2021-12-16 10:43:00,256,256,256,256,0
2021-12-16 10:44:00,256,256,256,256,0
2021-12-16 10:45:00,256,256,256,256,0
2021-12-16 10:46:00,256,256,256,256,0
2021-12-16 10:47:00,256,256,256,256,0
2021-12-16 10:48:00,256,256,256,256,0
2021-12-16 10:49:00,256,256,256,256,0
2021-12-16 10:50:00,256,256,256,256,0
2021-12-16 10:51:00,256,256,256,256,0
2021-12-16 10:52:00,256,256,256,256,0
2021-12-16 10:53:00,256,256,256,256,0
2021-12-16 10:54:00,256,256,256,256,0
2021-12-16 10:55:00,256,256,256,256,0
2021-12-16 10:56:00,256,256,256,256,0
2021-12-16 10:57:00,256,256,256,256,0
2021-12-16 10:58:00,256,256,256,256,0
2021-12-16 10:59:00,256,256,256,256,0
2021-12-16 11:00:00,256,256,256,256,0
2021-12-16 11:01:00,256,256,256,256,0
2021-12-16 11:02:00,256,256,256,256,0
2021-12-16 11:03:00,256,256,256,256,0
2021-12-16 11:04:00,256,256,256,256,0
2021-12-16 11:05:00,256,256,256,256,0
2021-12-16 11:06:00,256,256,256,256,0
2021-12-16 11:07:00,256,256,256,256,0
2021-12-16 11:08:00,256,256,256,256,0
2021-12-16 11:09:00,256,256,256,256,0
2021-12-16 11:10:00,256,256,256,256,0
2021-12-16 11:11:00,256,256,256,256,0
2021-12-16 11:12:00,256,256,256,256,0
2021-12-16 11:13:00,256,256,256,256,0
2021-12-16 11:14:00,256,256,256,256,0
2021-12-16 11:15:00,256,256,256,256,0
2021-12-16 11:16:00,256,256,256,256,0
2021-12-16 11:17:00,256,256,256,256,0
2021-12-16 11:18:00,256,256,256,256,0
2021-12-16 11:19:00,256,256,256,256,0
2021-12-16 11:20:00,256,256,256,256,0
2021-12-16 11:21:00,256,256,256,256,0
2021-12-16 11:22:00,256,256,256,256,0
2021-12-16 11:23:00,256,256,256,256,0
2021-12-16 11:24:00,256,256,256,256,0
2021-12-16 11:25:00,256,256,256,256,0
2021-12-16 11:26:00,240,240,240,240,100
2021-12-16 11:27:00,240,240,240,240,0
2021-12-16 11:28:00,240,240,240,240,0
2021-12-16 11:29:00,240,240,240,240,0
2021-12-16 11:30:00,240,240,240,240,0
2021-12-16 11:31:00,240,240,240,240,0
2021-12-16 11:32:00,240,240,240,240,0
2021-12-16 11:33:00,240,240,240,240,0
2021-12-16 11:34:00,240,240,240,240,0
2021-12-16 11:35:00,240,240,240,240,0
2021-12-16 11:36:00,240,240,240,240,0
2021-12-16 11:37:00,240,240,240,240,0
2021-12-16 11:38:00,240,240,240,240,0
2021-12-16 11:39:00,240,240,240,240,0
2021-12-16 11:40:00,240,240,240,240,0
2021-12-16 11:41:00,240,240,240,240,0
2021-12-16 11:42:00,240,240,240,240,0
2021-12-16 11:43:00,240,240,240,240,0
2021-12-16 11:44:00,240,240,240,240,0
2021-12-16 11:45:00,240,240,240,240,0
2021-12-16 11:46:00,240,240,240,240,0
2021-12-16 11:47:00,240,240,240,240,0
2021-12-16 11:48:00,240,240,240,240,0
2021-12-16 11:49:00,240,240,240,240,0
2021-12-16 11:50:00,240,240,240,240,0
2021-12-16 11:51:00,240,240,240,240,0
2021-12-16 11:52:00,240,240,240,240,0
2021-12-16 11:53:00,240,240,240,240,0
2021-12-16 11:54:00,240,240,240,240,0
2021-12-16 11:55:00,240,240,240,240,0
2021-12-16 11:56:00,240,240,240,240,0
2021-12-16 11:57:00,240,240,240,240,0
2021-12-16 11:58:00,240,240,240,240,0
2021-12-16 11:59:00,240,240,240,240,0
2021-12-16 12:00:00,240,240,240,240,0
2021-12-16 12:01:00,240,240,240,240,0
2021-12-16 12:02:00,240,240,240,240,0
2021-12-16 12:03:00,240,240,240,240,0
2021-12-16 12:04:00,240,240,240,240,0
2021-12-16 12:05:00,240,240,240,240,0
2021-12-16 12:06:00,240,240,240,240,0
2021-12-16 12:07:00,240,240,240,240,0
2021-12-16 12:08:00,240,240,240,240,0
2021-12-16 12:09:00,240,240,240,240,0
2021-12-16 12:10:00,240,240,240,240,0
2021-12-16 12:11:00,240,240,240,240,0
2021-12-16 12:12:00,240,240,240,240,0
2021-12-16 12:13:00,240,240,240,240,0
2021-12-16 12:14:00,240,240,240,240,0
2021-12-16 12:15:00,240,240,240,240,0
2021-12-16 12:16:00,240,240,240,240,0
2021-12-16 12:17:00,240,240,240,240,0
2021-12-16 12:18:00,240,240,240,240,0
2021-12-16 12:19:00,240,240,240,240,0
2021-12-16 12:20:00,240,240,240,240,0
2021-12-16 12:21:00,240,240,240,240,0
2021-12-16 12:22:00,240,240,240,240,0
2021-12-16 12:23:00,240,240,240,240,0
2021-12-16 12:24:00,240,240,240,240,0
2021-12-16 12:25:00,240,240,240,240,0
2021-12-16 12:26:00,240,240,240,240,0
2021-12-16 12:27:00,240,240,240,240,0
2021-12-16 12:28:00,240,240,240,240,0
2021-12-16 12:29:00,240,240,240,240,0
2021-12-16 12:30:00,240,240,240,240,0
2021-12-16 12:31:00,240,240,240,240,0
2021-12-16 12:32:00,240,240,240,240,0
2021-12-16 12:33:00,240,240,240,240,0
2021-12-16 12:34:00,240,240,240,240,0
2021-12-16 12:35:00,240,240,240,240,0
2021-12-16 12:36:00,240,240,240,240,0
2021-12-16 12:37:00,240,240,240,240,0
2021-12-16 12:38:00,240,240,240,240,0
2021-12-16 12:39:00,240,240,240,240,0
2021-12-16 12:40:00,240,240,240,240,0
2021-12-16 12:41:00,240,240,240,240,0
2021-12-16 12:42:00,240,240,240,240,0
2021-12-16 12:43:00,240,240,240,240,0
2021-12-16 12:44:00,240,240,240,240,0
2021-12-16 12:45:00,240,240,240,240,0
2021-12-16 12:46:00,240,240,240,240,0
2021-12-16 12:47:00,240,240,240,240,0
2021-12-16 12:48:00,240,240,240,240,0
2021-12-16 12:49:00,240,240,240,240,0
2021-12-16 12:50:00,240,240,240,240,0
2021-12-16 12:51:00,240,240,240,240,0
2021-12-16 12:52:00,240,240,240,240,0
2021-12-16 12:53:00,240,240,240,240,0
2021-12-16 12:54:00,240,240,240,240,0
2021-12-16 12:55:00,240,240,240,240,0
2021-12-16 12:56:00,240,240,240,240,0
2021-12-16 12:57:00,240,240,240,240,0
2021-12-16 12:58:00,240,240,240,240,0
2021-12-16 12:59:00,240,240,240,240,0
2021-12-16 13:00:00,240,240,240,240,0
2021-12-16 13:01:00,240,240,240,240,0
2021-12-16 13:02:00,240,240,240,240,0
2021-12-16 13:03:00,240,240,240,240,0
2021-12-16 13:04:00,240,240,240,240,0
2021-12-16 13:05:00,240,240,240,240,0
2021-12-16 13:06:00,240,240,240,240,0
2021-12-16 13:07:00,240,240,240,240,0
2021-12-16 13:08:00,240,240,240,240,0
2021-12-16 13:09:00,240,240,240,240,0
2021-12-16 13:10:00,240,240,240,240,0
2021-12-16 13:11:00,240,240,240,240,0
2021-12-16 13:12:00,240,240,240,240,0
2021-12-16 13:13:00,240,240,240,240,0
2021-12-16 13:14:00,240,240,240,240,0
2021-12-16 13:15:00,240,240,240,240,0
2021-12-16 13:16:00,240,240,240,240,0
2021-12-16 13:17:00,240,240,240,240,0
2021-12-16 13:18:00,240,240,240,240,0
2021-12-16 13:19:00,240,240,240,240,0
2021-12-16 13:20:00,240,240,240,240,0
2021-12-16 13:21:00,240,240,240,240,0
2021-12-16 13:22:00,240,240,240,240,0
2021-12-16 13:23:00,240,240,240,240,0
2021-12-16 13:24:00,240,240,240,240,0
2021-12-16 13:25:00,240,240,240,240,0
2021-12-16 13:26:00,240,240,240,240,0
2021-12-16 13:27:00,240,240,240,240,0
2021-12-16 13:28:00,240,240,240,240,0
2021-12-16 13:29:00,240,240,240,240,0
2021-12-16 13:30:00,240,240,240,240,100
2021-12-16 13:31:00,240,240,240,240,0
2021-12-16 13:32:00,240,240,240,240,0
2021-12-16 13:33:00,240,240,240,240,0
2021-12-16 13:34:00,240,240,240,240,0
2021-12-16 13:35:00,240,240,240,240,0
2021-12-16 13:36:00,240,240,240,240,0
2021-12-16 13:37:00,240,240,240,240,0
2021-12-16 13:38:00,240,240,240,240,0
2021-12-16 13:39:00,240,240,240,240,0
2021-12-16 13:40:00,240,240,240,240,0
2021-12-16 13:41:00,240,240,240,240,0
2021-12-16 13:42:00,240,240,240,240,0
2021-12-16 13:43:00,240,240,240,240,0
2021-12-16 13:44:00,240,240,240,240,0
2021-12-16 13:45:00,240,240,240,240,0
2021-12-16 13:46:00,240,240,240,240,0
2021-12-16 13:47:00,240,240,240,240,0
2021-12-16 13:48:00,240,240,240,240,0
2021-12-16 13:49:00,240,240,240,240,0
2021-12-16 13:50:00,240,240,240,240,0
2021-12-16 13:51:00,240,240,240,240,0
2021-12-16 13:52:00,240,240,240,240,0
2021-12-16 13:53:00,240,240,240,240,0
2021-12-16 13:54:00,240,240,240,240,0
2021-12-16 13:55:00,240,240,240,240,0
2021-12-16 13:56:00,240,240,240,240,0
2021-12-16 13:57:00,240,240,240,240,0
2021-12-16 13:58:00,240,240,240,240,0
2021-12-16 13:59:00,240,240,240,240,0
2021-12-16 14:00:00,240,240,240,240,0
2021-12-16 14:01:00,240,240,240,240,0
2021-12-16 14:02:00,240,240,240,240,0
2021-12-16 14:03:00,240,240,240,240,0
2021-12-16 14:04:00,240,240,240,240,0
2021-12-16 14:05:00,240,240,240,240,0
2021-12-16 14:06:00,240,240,240,240,0
2021-12-16 14:07:00,240,240,240,240,10000
2021-12-16 14:08:00,240,240,240,240,0
2021-12-16 14:09:00,240,240,240,240,0
2021-12-16 14:10:00,240,240,240,240,0
2021-12-16 14:11:00,240,240,240,240,0
2021-12-16 14:12:00,240,240,240,240,0
2021-12-16 14:13:00,240,240,240,240,0
2021-12-16 14:14:00,240,240,240,240,0
2021-12-16 14:15:00,240,240,240,240,0
2021-12-16 14:16:00,240,240,240,240,0
2021-12-16 14:17:00,240,240,240,240,0
2021-12-16 14:18:00,240,240,240,240,0
2021-12-16 14:19:00,240,240,240,240,0
2021-12-16 14:20:00,240,240,240,240,0
2021-12-16 14:21:00,240,240,240,240,0
2021-12-16 14:22:00,240,240,240,240,0
2021-12-16 14:23:00,240,240,240,240,0
2021-12-16 14:24:00,240,240,240,240,0
2021-12-16 14:25:00,240,240,240,240,0
2021-12-16 14:26:00,240,240,240,240,0
2021-12-16 14:27:00,240,240,240,240,0
2021-12-16 14:28:00,240,240,240,240,0
2021-12-16 14:29:00,240,240,240,240,0
2021-12-16 14:30:00,240,240,240,240,0
2021-12-16 14:31:00,240,240,240,240,0
2021-12-16 14:32:00,240,240,240,240,0
2021-12-16 14:33:00,240,240,240,240,0
2021-12-16 14:34:00,240,240,240,240,0
2021-12-16 14:35:00,240,240,240,240,0
2021-12-16 14:36:00,240,240,240,240,0
2021-12-16 14:37:00,240,240,240,240,0
2021-12-16 14:38:00,240,240,240,240,0
2021-12-16 14:39:00,240,240,240,240,0
2021-12-16 14:40:00,240,240,240,240,15900
2021-12-16 14:41:00,240,240,240,240,0
2021-12-16 14:42:00,240,240,240,240,0
2021-12-16 14:43:00,240,240,240,240,0
2021-12-16 14:44:00,240,240,240,240,0
2021-12-16 14:45:00,240,240,240,240,0
2021-12-16 14:46:00,240,240,240,240,0
2021-12-16 14:47:00,240,240,240,240,0
2021-12-16 14:48:00,240,240,240,240,0
2021-12-16 14:49:00,240,240,240,240,0
2021-12-16 14:50:00,240,240,240,240,0
2021-12-16 14:51:00,240,240,240,240,0
2021-12-16 14:52:00,240,240,240,240,0
2021-12-16 14:53:00,240,240,240,240,0
2021-12-16 14:54:00,240,240,240,240,0
2021-12-16 14:55:00,240,240,240,240,0
2021-12-16 14:56:00,240,240,240,240,0
2021-12-16 14:57:00,240,240,240,240,0
2021-12-16 14:58:00,240,240,240,240,0
2021-12-16 14:59:00,240,240,240,240,0
2021-12-16 15:00:00,240,240,240,240,0
2021-12-16 15:01:00,240,240,240,240,0
2021-12-16 15:02:00,240,240,240,240,0
2021-12-16 15:03:00,240,240,240,240,0
2021-12-16 15:04:00,240,240,240,240,0
2021-12-16 15:05:00,240,240,240,240,0
2021-12-16 15:06:00,240,240,240,240,0
2021-12-16 15:07:00,240,240,240,240,0
2021-12-16 15:08:00,240,240,240,240,0
2021-12-16 15:09:00,240,240,240,240,0
2021-12-16 15:10:00,240,240,240,240,0
2021-12-16 15:11:00,240,240,240,240,0
2021-12-16 15:12:00,240,240,240,240,0
2021-12-16 15:13:00,240,240,240,240,0
2021-12-16 15:14:00,240,240,240,240,0
2021-12-16 15:15:00,240,240,240,240,0
2021-12-16 15:16:00,240,240,240,240,0
2021-12-16 15:17:00,240,240,240,240,0
2021-12-16 15:18:00,240,240,240,240,0
2021-12-16 15:19:00,240,240,240,240,0
2021-12-16 15:20:00,240,240,240,240,0
2021-12-16 15:21:00,240,240,240,240,0
2021-12-16 15:22:00,240,240,240,240,0
2021-12-16 15:23:00,240,240,240,240,0
2021-12-16 15:24:00,240,240,240,240,0
2021-12-16 15:25:00,240,240,240,240,0
2021-12-16 15:26:00,240,240,240,240,0
2021-12-16 15:27:00,240,240,240,240,0
2021-12-16 15:28:00,240,240,240,240,0
2021-12-16 15:29:00,240,240,240,240,0
2021-12-16 15:30:00,240,240,240,240,0
2021-12-16 15:31:00,240,240,240,240,0
2021-12-16 15:32:00,240,240,240,240,0
2021-12-16 15:33:00,240,240,240,240,0
2021-12-16 15:34:00,240,240,240,240,0
2021-12-16 15:35:00,240,240,240,240,0
2021-12-16 15:36:00,240,240,240,240,0
2021-12-16 15:37:00,240,240,240,240,0
2021-12-16 15:38:00,240,240,240,240,0
2021-12-16 15:39:00,240,240,240,240,0
2021-12-16 15:40:00,240,240,240,240,0
2021-12-16 15:41:00,240,240,240,240,0
2021-12-16 15:42:00,240,240,240,240,0
2021-12-16 15:43:00,240,240,240,240,0
2021-12-16 15:44:00,240,240,240,240,0
2021-12-16 15:45:00,240,240,240,240,0
2021-12-16 15:46:00,240,240,240,240,0
2021-12-16 15:47:00,240,240,240,240,0
2021-12-16 15:48:00,240,240,240,240,0
2021-12-16 15:49:00,240,240,240,240,0
2021-12-16 15:50:00,240,240,240,240,0
2021-12-16 15:51:00,240,240,240,240,0
2021-12-16 15:52:00,240,240,240,240,0
2021-12-16 15:53:00,240,240,240,240,0
2021-12-16 15:54:00,240,240,240,240,0
2021-12-16 15:55:00,240,240,240,240,0
2021-12-16 15:56:00,240,240,240,240,0
2021-12-16 15:57:00,240,240,240,240,0
2021-12-16 15:58:00,240,240,240,240,0
2021-12-16 15:59:00,240,240,240,240,0
2021-12-17 09:00:00,240,240,240,240,0
2021-12-17 09:01:00,240,240,240,240,0
2021-12-17 09:02:00,240,240,240,240,0
2021-12-17 09:03:00,240,240,240,240,0
2021-12-17 09:04:00,240,240,240,240,0
2021-12-17 09:05:00,240,240,240,240,0
2021-12-17 09:06:00,240,240,240,240,0
2021-12-17 09:07:00,240,240,240,240,0
2021-12-17 09:08:00,240,240,240,240,0
2021-12-17 09:09:00,240,240,240,240,0
2021-12-17 09:10:00,240,240,240,240,0
2021-12-17 09:11:00,226,226,226,226,0
2021-12-17 09:12:00,226,226,226,226,0
2021-12-17 09:13:00,226,226,226,226,0
2021-12-17 09:14:00,226,226,226,226,0
2021-12-17 09:15:00,226,226,226,226,0
2021-12-17 09:16:00,226,226,226,226,500
2021-12-17 09:17:00,226,226,226,226,0
2021-12-17 09:18:00,226,226,226,226,0
2021-12-17 09:19:00,224,224,224,224,1500
2021-12-17 09:20:00,224,224,224,224,500
2021-12-17 09:21:00,224,224,224,224,0
2021-12-17 09:22:00,224,224,224,224,9200
2021-12-17 09:23:00,224,224,224,224,0
2021-12-17 09:24:00,224,224,224,224,0
2021-12-17 09:25:00,224,224,224,224,0
2021-12-17 09:26:00,224,224,224,224,0
2021-12-17 09:27:00,224,224,224,224,0
2021-12-17 09:28:00,224,224,224,224,0
2021-12-17 09:29:00,224,224,224,224,0
2021-12-17 09:30:00,224,224,224,224,0
2021-12-17 09:31:00,224,224,224,224,0
2021-12-17 09:32:00,224,224,224,224,0
2021-12-17 09:33:00,224,224,224,224,0
2021-12-17 09:34:00,224,224,224,224,0
2021-12-17 09:35:00,224,224,224,224,0
2021-12-17 09:36:00,224,224,224,224,0
2021-12-17 09:37:00,224,224,224,224,0
2021-12-17 09:38:00,224,224,224,224,0
2021-12-17 09:39:00,224,224,224,224,0
2021-12-17 09:40:00,224,224,224,224,0
2021-12-17 09:41:00,224,224,224,224,0
2021-12-17 09:42:00,224,224,224,224,0
2021-12-17 09:43:00,224,224,224,224,0
2021-12-17 09:44:00,224,224,224,224,0
2021-12-17 09:45:00,224,224,224,224,0
2021-12-17 09:46:00,224,224,224,224,0
2021-12-17 09:47:00,224,224,224,224,0
2021-12-17 09:48:00,224,224,224,224,0
2021-12-17 09:49:00,224,224,224,224,0
2021-12-17 09:50:00,224,224,224,224,0
2021-12-17 09:51:00,224,224,224,224,0
2021-12-17 09:52:00,224,224,224,224,0
2021-12-17 09:53:00,224,224,224,224,0
2021-12-17 09:54:00,224,224,224,224,0
2021-12-17 09:55:00,224,224,224,224,0
2021-12-17 09:56:00,224,224,224,224,0
2021-12-17 09:57:00,224,224,224,224,0
2021-12-17 09:58:00,224,224,224,224,0
2021-12-17 09:59:00,224,224,224,224,0
2021-12-17 10:00:00,224,224,224,224,0
2021-12-17 10:01:00,224,224,224,224,0
2021-12-17 10:02:00,224,224,224,224,0
2021-12-17 10:03:00,224,224,224,224,0
2021-12-17 10:04:00,224,224,224,224,0
2021-12-17 10:05:00,224,224,224,224,0
2021-12-17 10:06:00,224,224,224,224,0
2021-12-17 10:07:00,224,224,224,224,0
2021-12-17 10:08:00,224,224,224,224,0
2021-12-17 10:09:00,224,224,224,224,0
2021-12-17 10:10:00,224,224,224,224,0
2021-12-17 10:11:00,224,224,224,224,0
2021-12-17 10:12:00,224,224,224,224,0
2021-12-17 10:13:00,224,224,224,224,0
2021-12-17 10:14:00,224,224,224,224,0
2021-12-17 10:15:00,224,224,224,224,0
2021-12-17 10:16:00,224,224,224,224,0
2021-12-17 10:17:00,224,224,224,224,0
2021-12-17 10:18:00,224,224,224,224,0
2021-12-17 10:19:00,224,224,224,224,0
2021-12-17 10:20:00,224,224,224,224,0
2021-12-17 10:21:00,224,224,224,224,0
2021-12-17 10:22:00,224,224,224,224,0
2021-12-17 10:23:00,224,224,224,224,0
2021-12-17 10:24:00,224,224,224,224,0
2021-12-17 10:25:00,224,224,224,224,0
2021-12-17 10:26:00,224,224,224,224,0
2021-12-17 10:27:00,224,224,224,224,0
2021-12-17 10:28:00,224,224,224,224,0
2021-12-17 10:29:00,224,224,224,224,0
2021-12-17 10:30:00,224,224,224,224,0
2021-12-17 10:31:00,224,224,224,224,0
2021-12-17 10:32:00,224,224,224,224,0
2021-12-17 10:33:00,224,224,224,224,0
2021-12-17 10:34:00,224,224,224,224,0
2021-12-17 10:35:00,224,224,224,224,0
2021-12-17 10:36:00,224,224,224,224,0
2021-12-17 10:37:00,224,224,224,224,0
2021-12-17 10:38:00,224,224,224,224,0
2021-12-17 10:39:00,224,224,224,224,0
2021-12-17 10:40:00,224,224,224,224,0
2021-12-17 10:41:00,224,224,224,224,0
2021-12-17 10:42:00,224,224,224,224,0
2021-12-17 10:43:00,224,224,224,224,0
2021-12-17 10:44:00,224,224,224,224,0
2021-12-17 10:45:00,224,224,224,224,0
2021-12-17 10:46:00,224,224,224,224,0
2021-12-17 10:47:00,230,230,230,230,100
2021-12-17 10:48:00,230,230,230,230,0
2021-12-17 10:49:00,230,230,230,230,0
2021-12-17 10:50:00,230,230,230,230,0
2021-12-17 10:51:00,230,230,230,230,0
2021-12-17 10:52:00,230,230,230,230,0
2021-12-17 10:53:00,230,230,230,230,0
2021-12-17 10:54:00,230,230,230,230,0
2021-12-17 10:55:00,230,230,230,230,0
2021-12-17 10:56:00,230,230,230,230,0
2021-12-17 10:57:00,230,230,230,230,0
2021-12-17 10:58:00,230,230,230,230,0
2021-12-17 10:59:00,230,230,230,230,0
2021-12-17 11:00:00,230,230,230,230,0
2021-12-17 11:01:00,230,230,230,230,0
2021-12-17 11:02:00,230,230,230,230,0
2021-12-17 11:03:00,230,230,230,230,0
2021-12-17 11:04:00,230,230,230,230,0
2021-12-17 11:05:00,230,230,230,230,0
2021-12-17 11:06:00,230,230,230,230,0
2021-12-17 11:07:00,230,230,230,230,0
2021-12-17 11:08:00,230,230,230,230,0
2021-12-17 11:09:00,230,230,230,230,0
2021-12-17 11:10:00,230,230,230,230,0
2021-12-17 11:11:00,230,230,230,230,0
2021-12-17 11:12:00,230,230,230,230,0
2021-12-17 11:13:00,230,230,230,230,0
2021-12-17 11:14:00,230,230,230,230,0
2021-12-17 11:15:00,230,230,230,230,0
2021-12-17 11:16:00,230,230,230,230,0
2021-12-17 11:17:00,230,230,230,230,0
2021-12-17 11:18:00,230,230,230,230,0
2021-12-17 11:19:00,230,230,230,230,0
2021-12-17 11:20:00,230,230,230,230,0
2021-12-17 11:21:00,230,230,230,230,0
2021-12-17 11:22:00,230,230,230,230,0
2021-12-17 11:23:00,230,230,230,230,0
2021-12-17 11:24:00,230,230,230,230,0
2021-12-17 11:25:00,230,230,230,230,0
2021-12-17 11:26:00,230,230,230,230,0
2021-12-17 11:27:00,230,230,230,230,0
2021-12-17 11:28:00,230,230,230,230,0
2021-12-17 11:29:00,230,230,230,230,0
2021-12-17 11:30:00,230,230,230,230,0
2021-12-17 11:31:00,230,230,230,230,0
2021-12-17 11:32:00,230,230,230,230,0
2021-12-17 11:33:00,230,230,230,230,0
2021-12-17 11:34:00,230,230,230,230,0
2021-12-17 11:35:00,230,230,230,230,0
2021-12-17 11:36:00,230,230,230,230,0
2021-12-17 11:37:00,230,230,230,230,0
2021-12-17 11:38:00,230,230,230,230,0
2021-12-17 11:39:00,230,230,230,230,0
2021-12-17 11:40:00,230,230,230,230,0
2021-12-17 11:41:00,230,230,230,230,0
2021-12-17 11:42:00,230,230,230,230,0
2021-12-17 11:43:00,230,230,230,230,0
2021-12-17 11:44:00,230,230,230,230,0
2021-12-17 11:45:00,230,230,230,230,0
2021-12-17 11:46:00,230,230,230,230,0
2021-12-17 11:47:00,230,230,230,230,0
2021-12-17 11:48:00,230,230,230,230,0
2021-12-17 11:49:00,230,230,230,230,0
2021-12-17 11:50:00,230,230,230,230,0
2021-12-17 11:51:00,230,230,230,230,0
2021-12-17 11:52:00,230,230,230,230,0
2021-12-17 11:53:00,230,230,230,230,0
2021-12-17 11:54:00,230,230,230,230,0
2021-12-17 11:55:00,230,230,230,230,0
2021-12-17 11:56:00,230,230,230,230,0
2021-12-17 11:57:00,230,230,230,230,0
2021-12-17 11:58:00,230,230,230,230,0
2021-12-17 11:59:00,230,230,230,230,0
2021-12-17 12:00:00,230,230,230,230,0
2021-12-17 12:01:00,230,230,230,230,0
2021-12-17 12:02:00,230,230,230,230,0
2021-12-17 12:03:00,230,230,230,230,0
2021-12-17 12:04:00,230,230,230,230,0
2021-12-17 12:05:00,230,230,230,230,0
2021-12-17 12:06:00,230,230,230,230,0
2021-12-17 12:07:00,230,230,230,230,0
2021-12-17 12:08:00,230,230,230,230,0
2021-12-17 12:09:00,230,230,230,230,0
2021-12-17 12:10:00,230,230,230,230,0
2021-12-17 12:11:00,230,230,230,230,0
2021-12-17 12:12:00,230,230,230,230,0
2021-12-17 12:13:00,230,230,230,230,0
2021-12-17 12:14:00,230,230,230,230,0
2021-12-17 12:15:00,230,230,230,230,0
2021-12-17 12:16:00,230,230,230,230,0
2021-12-17 12:17:00,230,230,230,230,0
2021-12-17 12:18:00,230,230,230,230,0
2021-12-17 12:19:00,230,230,230,230,0
2021-12-17 12:20:00,230,230,230,230,0
2021-12-17 12:21:00,230,230,230,230,0
2021-12-17 12:22:00,230,230,230,230,0
2021-12-17 12:23:00,230,230,230,230,0
2021-12-17 12:24:00,230,230,230,230,0
2021-12-17 12:25:00,230,230,230,230,0
2021-12-17 12:26:00,230,230,230,230,0
2021-12-17 12:27:00,230,230,230,230,0
2021-12-17 12:28:00,230,230,230,230,0
2021-12-17 12:29:00,230,230,230,230,0
2021-12-17 12:30:00,230,230,230,230,0
2021-12-17 12:31:00,230,230,230,230,0
2021-12-17 12:32:00,230,230,230,230,0
2021-12-17 12:33:00,230,230,230,230,0
2021-12-17 12:34:00,230,230,230,230,0
2021-12-17 12:35:00,230,230,230,230,0
2021-12-17 12:36:00,230,230,230,230,0
2021-12-17 12:37:00,230,230,230,230,0
2021-12-17 12:38:00,230,230,230,230,0
2021-12-17 12:39:00,230,230,230,230,0
2021-12-17 12:40:00,230,230,230,230,0
2021-12-17 12:41:00,230,230,230,230,0
2021-12-17 12:42:00,230,230,230,230,0
2021-12-17 12:43:00,230,230,230,230,0
2021-12-17 12:44:00,230,230,230,230,0
2021-12-17 12:45:00,230,230,230,230,0
2021-12-17 12:46:00,230,230,230,230,0
2021-12-17 12:47:00,230,230,230,230,0
2021-12-17 12:48:00,230,230,230,230,0
2021-12-17 12:49:00,230,230,230,230,0
2021-12-17 12:50:00,230,230,230,230,0
2021-12-17 12:51:00,230,230,230,230,0
2021-12-17 12:52:00,230,230,230,230,0
2021-12-17 12:53:00,230,230,230,230,0
2021-12-17 12:54:00,230,230,230,230,0
2021-12-17 12:55:00,230,230,230,230,0
2021-12-17 12:56:00,230,230,230,230,0
2021-12-17 12:57:00,230,230,230,230,0
2021-12-17 12:58:00,230,230,230,230,0
2021-12-17 12:59:00,230,230,230,230,0
2021-12-17 13:00:00,230,230,230,230,0
2021-12-17 13:01:00,230,230,230,230,0
2021-12-17 13:02:00,230,230,230,230,0
2021-12-17 13:03:00,230,230,230,230,0
2021-12-17 13:04:00,230,230,230,230,0
2021-12-17 13:05:00,230,230,230,230,0
2021-12-17 13:06:00,230,230,230,230,0
2021-12-17 13:07:00,230,230,230,230,0
2021-12-17 13:08:00,230,230,230,230,0
2021-12-17 13:09:00,230,230,230,230,0
2021-12-17 13:10:00,230,230,230,230,0
2021-12-17 13:11:00,230,230,230,230,0
2021-12-17 13:12:00,230,230,230,230,0
2021-12-17 13:13:00,230,230,230,230,0
2021-12-17 13:14:00,230,230,230,230,0
2021-12-17 13:15:00,230,230,230,230,0
2021-12-17 13:16:00,230,230,230,230,0
2021-12-17 13:17:00,230,230,230,230,0
2021-12-17 13:18:00,230,230,230,230,0
2021-12-17 13:19:00,230,230,230,230,0
2021-12-17 13:20:00,230,230,230,230,0
2021-12-17 13:21:00,230,230,230,230,0
2021-12-17 13:22:00,230,230,230,230,0
2021-12-17 13:23:00,230,230,230,230,0
2021-12-17 13:24:00,230,230,230,230,0
2021-12-17 13:25:00,230,230,230,230,0
2021-12-17 13:26:00,230,230,230,230,0
2021-12-17 13:27:00,230,230,230,230,0
2021-12-17 13:28:00,230,230,230,230,0
2021-12-17 13:29:00,230,230,230,230,0
2021-12-17 13:30:00,250,230,250,230,300
2021-12-17 13:31:00,250,230,250,230,0
2021-12-17 13:32:00,250,230,250,230,0
2021-12-17 13:33:00,250,230,250,230,0
2021-12-17 13:34:00,250,230,250,230,0
2021-12-17 13:35:00,250,230,250,230,0
2021-12-17 13:36:00,250,230,250,230,0
2021-12-17 13:37:00,250,230,250,230,0
2021-12-17 13:38:00,250,230,250,230,0
2021-12-17 13:39:00,250,230,250,230,0
2021-12-17 13:40:00,250,230,250,230,0
2021-12-17 13:41:00,250,230,250,230,0
2021-12-17 13:42:00,250,230,250,230,0
2021-12-17 13:43:00,230,230,230,230,100
2021-12-17 13:44:00,230,230,230,230,0
2021-12-17 13:45:00,230,230,230,230,0
2021-12-17 13:46:00,230,230,230,230,0
2021-12-17 13:47:00,230,230,230,230,0
2021-12-17 13:48:00,230,230,230,230,0
2021-12-17 13:49:00,230,230,230,230,0
2021-12-17 13:50:00,230,230,230,230,0
2021-12-17 13:51:00,230,230,230,230,0
2021-12-17 13:52:00,230,230,230,230,0
2021-12-17 13:53:00,230,230,230,230,0
2021-12-17 13:54:00,230,230,230,230,0
2021-12-17 13:55:00,230,230,230,230,0
2021-12-17 13:56:00,230,230,230,230,0
2021-12-17 13:57:00,230,230,230,230,0
2021-12-17 13:58:00,230,230,230,230,0
2021-12-17 13:59:00,230,230,230,230,0
2021-12-17 14:00:00,230,230,230,230,0
2021-12-17 14:01:00,230,230,230,230,0
2021-12-17 14:02:00,230,230,230,230,0
2021-12-17 14:03:00,230,230,230,230,0
2021-12-17 14:04:00,230,230,230,230,0
2021-12-17 14:05:00,230,230,230,230,0
2021-12-17 14:06:00,230,230,230,230,0
2021-12-17 14:07:00,230,230,230,230,0
2021-12-17 14:08:00,230,230,230,230,0
2021-12-17 14:09:00,230,230,230,230,0
2021-12-17 14:10:00,230,230,230,230,0
2021-12-17 14:11:00,230,230,230,230,0
2021-12-17 14:12:00,230,230,230,230,0
2021-12-17 14:13:00,230,230,230,230,0
2021-12-17 14:14:00,230,230,230,230,0
2021-12-17 14:15:00,230,230,230,230,0
2021-12-17 14:16:00,230,230,230,230,0
2021-12-17 14:17:00,230,230,230,230,0
2021-12-17 14:18:00,230,230,230,230,0
2021-12-17 14:19:00,230,230,230,230,0
2021-12-17 14:20:00,230,230,230,230,0
2021-12-17 14:21:00,230,230,230,230,0
2021-12-17 14:22:00,230,230,230,230,0
2021-12-17 14:23:00,230,230,230,230,0
2021-12-17 14:24:00,230,230,230,230,0
2021-12-17 14:25:00,230,230,230,230,0
2021-12-17 14:26:00,230,230,230,230,0
2021-12-17 14:27:00,230,230,230,230,0
2021-12-17 14:28:00,230,230,230,230,0
2021-12-17 14:29:00,230,230,230,230,0
2021-12-17 14:30:00,230,230,230,230,0
2021-12-17 14:31:00,230,230,230,230,0
2021-12-17 14:32:00,230,230,230,230,0
2021-12-17 14:33:00,230,230,230,230,0
2021-12-17 14:34:00,230,230,230,230,0
2021-12-17 14:35:00,230,230,230,230,0
2021-12-17 14:36:00,230,230,230,230,0
2021-12-17 14:37:00,230,230,230,230,0
2021-12-17 14:38:00,230,230,230,230,0
2021-12-17 14:39:00,230,230,230,230,0
2021-12-17 14:40:00,230,230,230,230,0
2021-12-17 14:41:00,230,230,230,230,0
2021-12-17 14:42:00,230,230,230,230,0
2021-12-17 14:43:00,246,246,246,246,4100
2021-12-17 14:44:00,246,246,246,246,0
2021-12-17 14:45:00,246,246,246,246,0
2021-12-17 14:46:00,246,246,246,246,0
2021-12-17 14:47:00,246,246,246,246,0
2021-12-17 14:48:00,246,246,246,246,0
2021-12-17 14:49:00,226,226,226,226,200
2021-12-17 14:50:00,226,226,226,226,0
2021-12-17 14:51:00,226,226,226,226,0
2021-12-17 14:52:00,226,226,226,226,0
2021-12-17 14:53:00,226,226,226,226,0
2021-12-17 14:54:00,226,226,226,226,0
2021-12-17 14:55:00,226,226,226,226,0
2021-12-17 14:56:00,226,226,226,226,0
2021-12-17 14:57:00,226,226,226,226,0
2021-12-17 14:58:00,226,226,226,226,0
2021-12-17 14:59:00,226,226,226,226,0
2021-12-17 15:00:00,224,224,224,224,13400
2021-12-17 15:01:00,224,224,224,224,0
2021-12-17 15:02:00,224,224,224,224,0
2021-12-17 15:03:00,224,224,224,224,0
2021-12-17 15:04:00,224,224,224,224,0
2021-12-17 15:05:00,224,224,224,224,0
2021-12-17 15:06:00,224,224,224,224,0
2021-12-17 15:07:00,224,224,224,224,0
2021-12-17 15:08:00,224,224,224,224,0
2021-12-17 15:09:00,224,224,224,224,0
2021-12-17 15:10:00,224,224,224,224,0
2021-12-17 15:11:00,224,224,224,224,0
2021-12-17 15:12:00,224,224,224,224,0
2021-12-17 15:13:00,224,224,224,224,0
2021-12-17 15:14:00,224,224,224,224,0
2021-12-17 15:15:00,224,224,224,224,0
2021-12-17 15:16:00,224,224,224,224,0
2021-12-17 15:17:00,224,224,224,224,0
2021-12-17 15:18:00,224,224,224,224,0
2021-12-17 15:19:00,224,224,224,224,0
2021-12-17 15:20:00,224,224,224,224,0
2021-12-17 15:21:00,224,224,224,224,0
2021-12-17 15:22:00,224,224,224,224,0
2021-12-17 15:23:00,224,224,224,224,0
2021-12-17 15:24:00,224,224,224,224,0
2021-12-17 15:25:00,224,224,224,224,0
2021-12-17 15:26:00,224,224,224,224,0
2021-12-17 15:27:00,224,224,224,224,0
2021-12-17 15:28:00,224,224,224,224,0
2021-12-17 15:29:00,224,224,224,224,0
2021-12-17 15:30:00,224,224,224,224,0
2021-12-17 15:31:00,224,224,224,224,0
2021-12-17 15:32:00,224,224,224,224,0
2021-12-17 15:33:00,224,224,224,224,0
2021-12-17 15:34:00,224,224,224,224,0
2021-12-17 15:35:00,224,224,224,224,0
2021-12-17 15:36:00,224,224,224,224,0
2021-12-17 15:37:00,224,224,224,224,0
2021-12-17 15:38:00,224,224,224,224,0
2021-12-17 15:39:00,224,224,224,224,0
2021-12-17 15:40:00,224,224,224,224,0
2021-12-17 15:41:00,224,224,224,224,0
2021-12-17 15:42:00,224,224,224,224,0
2021-12-17 15:43:00,224,224,224,224,0
2021-12-17 15:44:00,224,224,224,224,0
2021-12-17 15:45:00,224,224,224,224,0
2021-12-17 15:46:00,224,224,224,224,0
2021-12-17 15:47:00,224,224,224,224,0
2021-12-17 15:48:00,224,224,224,224,0
2021-12-17 15:49:00,224,224,224,224,0
2021-12-17 15:50:00,224,224,224,224,0
2021-12-17 15:51:00,224,224,224,224,0
2021-12-17 15:52:00,224,224,224,224,0
2021-12-17 15:53:00,224,224,224,224,0
2021-12-17 15:54:00,224,224,224,224,0
2021-12-17 15:55:00,224,224,224,224,0
2021-12-17 15:56:00,224,224,224,224,0
2021-12-17 15:57:00,224,224,224,224,0
2021-12-17 15:58:00,224,224,224,224,0
2021-12-17 15:59:00,224,224,224,224,0
2021-12-20 09:00:00,226,226,226,226,0
2021-12-20 09:01:00,226,226,226,226,0
2021-12-20 09:02:00,226,226,226,226,0
2021-12-20 09:03:00,226,226,226,226,0
2021-12-20 09:04:00,226,226,226,226,0
2021-12-20 09:05:00,226,226,226,226,0
2021-12-20 09:06:00,226,226,226,226,0
2021-12-20 09:07:00,226,226,226,226,0
2021-12-20 09:08:00,226,226,226,226,0
2021-12-20 09:09:00,226,226,226,226,0
2021-12-20 09:10:00,226,226,226,226,0
2021-12-20 09:11:00,226,226,226,226,0
2021-12-20 09:12:00,226,226,226,226,0
2021-12-20 09:13:00,226,226,226,226,0
2021-12-20 09:14:00,226,226,226,226,0
2021-12-20 09:15:00,226,226,226,226,0
2021-12-20 09:16:00,226,226,226,226,0
2021-12-20 09:17:00,226,226,226,226,0
2021-12-20 09:18:00,226,226,226,226,0
2021-12-20 09:19:00,226,226,226,226,0
2021-12-20 09:20:00,226,226,226,226,0
2021-12-20 09:21:00,226,226,226,226,0
2021-12-20 09:22:00,226,226,226,226,0
2021-12-20 09:23:00,226,226,226,226,0
2021-12-20 09:24:00,226,226,226,226,0
2021-12-20 09:25:00,226,226,226,226,0
2021-12-20 09:26:00,226,226,226,226,0
2021-12-20 09:27:00,226,226,226,226,0
2021-12-20 09:28:00,226,226,226,226,0
2021-12-20 09:29:00,226,226,226,226,0
2021-12-20 09:30:00,226,226,226,226,0
2021-12-20 09:31:00,226,226,226,226,0
2021-12-20 09:32:00,226,226,226,226,0
2021-12-20 09:33:00,226,226,226,226,0
2021-12-20 09:34:00,226,226,226,226,0
2021-12-20 09:35:00,226,226,226,226,0
2021-12-20 09:36:00,226,226,226,226,0
2021-12-20 09:37:00,226,226,226,226,0
2021-12-20 09:38:00,226,226,226,226,0
2021-12-20 09:39:00,226,226,226,226,0
2021-12-20 09:40:00,226,226,226,226,0
2021-12-20 09:41:00,226,226,226,226,0
2021-12-20 09:42:00,226,226,226,226,0
2021-12-20 09:43:00,226,226,226,226,0
2021-12-20 09:44:00,226,226,226,226,0
2021-12-20 09:45:00,226,226,226,226,0
2021-12-20 09:46:00,226,226,226,226,0
2021-12-20 09:47:00,226,226,226,226,0
2021-12-20 09:48:00,226,226,226,226,0
2021-12-20 09:49:00,226,226,226,226,0
2021-12-20 09:50:00,226,226,226,226,0
2021-12-20 09:51:00,226,226,226,226,0
2021-12-20 09:52:00,226,226,226,226,0
2021-12-20 09:53:00,226,226,226,226,0
2021-12-20 09:54:00,226,226,226,226,0
2021-12-20 09:55:00,226,226,226,226,0
2021-12-20 09:56:00,226,226,226,226,0
2021-12-20 09:57:00,226,226,226,226,0
2021-12-20 09:58:00,226,226,226,226,0
2021-12-20 09:59:00,226,226,226,226,0
2021-12-20 10:00:00,226,226,226,226,0
2021-12-20 10:01:00,226,226,226,226,0
2021-12-20 10:02:00,226,226,226,226,0
2021-12-20 10:03:00,226,226,226,226,0
2021-12-20 10:04:00,226,226,226,226,0
2021-12-20 10:05:00,226,226,226,226,0
2021-12-20 10:06:00,226,226,226,226,0
2021-12-20 10:07:00,226,226,226,226,0
2021-12-20 10:08:00,226,226,226,226,0
2021-12-20 10:09:00,226,226,226,226,0
2021-12-20 10:10:00,226,226,226,226,0
2021-12-20 10:11:00,226,226,226,226,0
2021-12-20 10:12:00,226,226,226,226,0
2021-12-20 10:13:00,226,226,226,226,0
2021-12-20 10:14:00,226,226,226,226,0
2021-12-20 10:15:00,226,226,226,226,0
2021-12-20 10:16:00,226,226,226,226,0
2021-12-20 10:17:00,226,226,226,226,0
2021-12-20 10:18:00,226,226,226,226,0
2021-12-20 10:19:00,226,226,226,226,0
2021-12-20 10:20:00,226,226,226,226,0
2021-12-20 10:21:00,226,226,226,226,0
2021-12-20 10:22:00,226,226,226,226,0
2021-12-20 10:23:00,226,226,226,226,0
2021-12-20 10:24:00,226,226,226,226,0
2021-12-20 10:25:00,226,226,226,226,0
2021-12-20 10:26:00,226,226,226,226,0
2021-12-20 10:27:00,226,226,226,226,0
2021-12-20 10:28:00,226,226,226,226,0
2021-12-20 10:29:00,226,226,226,226,0
2021-12-20 10:30:00,226,226,226,226,0
2021-12-20 10:31:00,226,226,226,226,0
2021-12-20 10:32:00,226,226,226,226,0
2021-12-20 10:33:00,226,226,226,226,0
2021-12-20 10:34:00,226,226,226,226,0
2021-12-20 10:35:00,226,226,226,226,0
2021-12-20 10:36:00,226,226,226,226,0
2021-12-20 10:37:00,226,226,226,226,0
2021-12-20 10:38:00,226,226,226,226,0
2021-12-20 10:39:00,226,226,226,226,0
2021-12-20 10:40:00,226,226,226,226,0
2021-12-20 10:41:00,226,226,226,226,0
2021-12-20 10:42:00,226,226,226,226,0
2021-12-20 10:43:00,226,226,226,226,0
2021-12-20 10:44:00,226,226,226,226,0
2021-12-20 10:45:00,226,226,226,226,0
2021-12-20 10:46:00,226,226,226,226,0
2021-12-20 10:47:00,226,226,226,226,0
2021-12-20 10:48:00,226,226,226,226,0
2021-12-20 10:49:00,226,226,226,226,0
2021-12-20 10:50:00,226,226,226,226,0
2021-12-20 10:51:00,226,226,226,226,0
2021-12-20 10:52:00,226,226,226,226,0
2021-12-20 10:53:00,226,226,226,226,0
2021-12-20 10:54:00,226,226,226,226,0
2021-12-20 10:55:00,226,226,226,226,0
2021-12-20 10:56:00,226,226,226,226,0
2021-12-20 10:57:00,226,226,226,226,0
2021-12-20 10:58:00,226,226,226,226,0
2021-12-20 10:59:00,226,226,226,226,0
2021-12-20 11:00:00,226,226,226,226,0
2021-12-20 11:01:00,226,226,226,226,0
2021-12-20 11:02:00,226,226,226,226,0
2021-12-20 11:03:00,226,226,226,226,0
2021-12-20 11:04:00,226,226,226,226,0
2021-12-20 11:05:00,226,226,226,226,0
2021-12-20 11:06:00,226,226,226,226,0
2021-12-20 11:07:00,226,226,226,226,0
2021-12-20 11:08:00,226,226,226,226,0
2021-12-20 11:09:00,226,226,226,226,0
2021-12-20 11:10:00,226,226,226,226,0
2021-12-20 11:11:00,226,226,226,226,0
2021-12-20 11:12:00,226,226,226,226,0
2021-12-20 11:13:00,226,226,226,226,0
2021-12-20 11:14:00,226,226,226,226,0
2021-12-20 11:15:00,226,226,226,226,0
2021-12-20 11:16:00,226,226,226,226,0
2021-12-20 11:17:00,226,226,226,226,0
2021-12-20 11:18:00,226,226,226,226,0
2021-12-20 11:19:00,226,226,226,226,100
2021-12-20 11:20:00,226,226,226,226,0
2021-12-20 11:21:00,226,226,226,226,0
2021-12-20 11:22:00,226,226,226,226,0
2021-12-20 11:23:00,226,226,226,226,0
2021-12-20 11:24:00,226,226,226,226,0
2021-12-20 11:25:00,226,226,226,226,0
2021-12-20 11:26:00,226,226,226,226,0
2021-12-20 11:27:00,226,226,226,226,0
2021-12-20 11:28:00,226,226,226,226,0
2021-12-20 11:29:00,226,226,226,226,0
2021-12-20 11:30:00,226,226,226,226,0
2021-12-20 11:31:00,226,226,226,226,0
2021-12-20 11:32:00,226,226,226,226,0
2021-12-20 11:33:00,226,226,226,226,0
2021-12-20 11:34:00,226,226,226,226,0
2021-12-20 11:35:00,226,226,226,226,0
2021-12-20 11:36:00,226,226,226,226,0
2021-12-20 11:37:00,226,226,226,226,0
2021-12-20 11:38:00,226,226,226,226,0
2021-12-20 11:39:00,226,226,226,226,0
2021-12-20 11:40:00,226,226,226,226,0
2021-12-20 11:41:00,226,226,226,226,0
2021-12-20 11:42:00,226,226,226,226,0
2021-12-20 11:43:00,226,226,226,226,0
2021-12-20 11:44:00,226,226,226,226,0
2021-12-20 11:45:00,226,226,226,226,0
2021-12-20 11:46:00,226,226,226,226,0
2021-12-20 11:47:00,226,226,226,226,0
2021-12-20 11:48:00,226,226,226,226,0
2021-12-20 11:49:00,226,226,226,226,0
2021-12-20 11:50:00,226,226,226,226,0
2021-12-20 11:51:00,226,226,226,226,0
2021-12-20 11:52:00,226,226,226,226,0
2021-12-20 11:53:00,226,226,226,226,0
2021-12-20 11:54:00,226,226,226,226,0
2021-12-20 11:55:00,226,226,226,226,0
2021-12-20 11:56:00,226,226,226,226,0
2021-12-20 11:57:00,226,226,226,226,0
2021-12-20 11:58:00,226,226,226,226,0
2021-12-20 11:59:00,226,226,226,226,0
2021-12-20 12:00:00,226,226,226,226,0
2021-12-20 12:01:00,226,226,226,226,0
2021-12-20 12:02:00,226,226,226,226,0
2021-12-20 12:03:00,226,226,226,226,0
2021-12-20 12:04:00,226,226,226,226,0
2021-12-20 12:05:00,226,226,226,226,0
2021-12-20 12:06:00,226,226,226,226,0
2021-12-20 12:07:00,226,226,226,226,0
2021-12-20 12:08:00,226,226,226,226,0
2021-12-20 12:09:00,226,226,226,226,0
2021-12-20 12:10:00,226,226,226,226,0
2021-12-20 12:11:00,226,226,226,226,0
2021-12-20 12:12:00,226,226,226,226,0
2021-12-20 12:13:00,226,226,226,226,0
2021-12-20 12:14:00,226,226,226,226,0
2021-12-20 12:15:00,226,226,226,226,0
2021-12-20 12:16:00,226,226,226,226,0
2021-12-20 12:17:00,226,226,226,226,0
2021-12-20 12:18:00,226,226,226,226,0
2021-12-20 12:19:00,226,226,226,226,0
2021-12-20 12:20:00,226,226,226,226,0
2021-12-20 12:21:00,226,226,226,226,0
2021-12-20 12:22:00,226,226,226,226,0
2021-12-20 12:23:00,226,226,226,226,0
2021-12-20 12:24:00,226,226,226,226,0
2021-12-20 12:25:00,226,226,226,226,0
2021-12-20 12:26:00,226,226,226,226,0
2021-12-20 12:27:00,226,226,226,226,0
2021-12-20 12:28:00,226,226,226,226,0
2021-12-20 12:29:00,226,226,226,226,0
2021-12-20 12:30:00,226,226,226,226,0
2021-12-20 12:31:00,226,226,226,226,0
2021-12-20 12:32:00,226,226,226,226,0
2021-12-20 12:33:00,226,226,226,226,0
2021-12-20 12:34:00,226,226,226,226,0
2021-12-20 12:35:00,226,226,226,226,0
2021-12-20 12:36:00,226,226,226,226,0
2021-12-20 12:37:00,226,226,226,226,0
2021-12-20 12:38:00,226,226,226,226,0
2021-12-20 12:39:00,226,226,226,226,0
2021-12-20 12:40:00,226,226,226,226,0
2021-12-20 12:41:00,226,226,226,226,0
2021-12-20 12:42:00,226,226,226,226,0
2021-12-20 12:43:00,226,226,226,226,0
2021-12-20 12:44:00,226,226,226,226,0
2021-12-20 12:45:00,226,226,226,226,0
2021-12-20 12:46:00,226,226,226,226,0
2021-12-20 12:47:00,226,226,226,226,0
2021-12-20 12:48:00,226,226,226,226,0
2021-12-20 12:49:00,226,226,226,226,0
2021-12-20 12:50:00,226,226,226,226,0
2021-12-20 12:51:00,226,226,226,226,0
2021-12-20 12:52:00,226,226,226,226,0
2021-12-20 12:53:00,226,226,226,226,0
2021-12-20 12:54:00,226,226,226,226,0
2021-12-20 12:55:00,226,226,226,226,0
2021-12-20 12:56:00,226,226,226,226,0
2021-12-20 12:57:00,226,226,226,226,0
2021-12-20 12:58:00,226,226,226,226,0
2021-12-20 12:59:00,226,226,226,226,0
2021-12-20 13:00:00,226,226,226,226,0
2021-12-20 13:01:00,226,226,226,226,0
2021-12-20 13:02:00,226,226,226,226,0
2021-12-20 13:03:00,226,226,226,226,0
2021-12-20 13:04:00,226,226,226,226,0
2021-12-20 13:05:00,226,226,226,226,0
2021-12-20 13:06:00,226,226,226,226,0
2021-12-20 13:07:00,226,226,226,226,0
2021-12-20 13:08:00,226,226,226,226,0
2021-12-20 13:09:00,226,226,226,226,0
2021-12-20 13:10:00,226,226,226,226,0
2021-12-20 13:11:00,226,226,226,226,0
2021-12-20 13:12:00,226,226,226,226,0
2021-12-20 13:13:00,226,226,226,226,0
2021-12-20 13:14:00,226,226,226,226,0
2021-12-20 13:15:00,226,226,226,226,0
2021-12-20 13:16:00,226,226,226,226,0
2021-12-20 13:17:00,226,226,226,226,0
2021-12-20 13:18:00,226,226,226,226,0
2021-12-20 13:19:00,226,226,226,226,0
2021-12-20 13:20:00,226,226,226,226,0
2021-12-20 13:21:00,226,226,226,226,0
2021-12-20 13:22:00,226,226,226,226,0
2021-12-20 13:23:00,226,226,226,226,0
2021-12-20 13:24:00,226,226,226,226,0
2021-12-20 13:25:00,226,226,226,226,0
2021-12-20 13:26:00,226,226,226,226,0
2021-12-20 13:27:00,226,226,226,226,0
2021-12-20 13:28:00,226,226,226,226,0
2021-12-20 13:29:00,226,226,226,226,0
2021-12-20 13:30:00,226,226,226,226,0
2021-12-20 13:31:00,224,224,224,224,7200
2021-12-20 13:32:00,224,224,224,224,0
2021-12-20 13:33:00,224,224,224,224,0
2021-12-20 13:34:00,224,224,224,224,0
2021-12-20 13:35:00,224,224,224,224,0
2021-12-20 13:36:00,224,224,224,224,0
2021-12-20 13:37:00,224,224,224,224,0
2021-12-20 13:38:00,224,224,224,224,0
2021-12-20 13:39:00,224,224,224,224,0
2021-12-20 13:40:00,224,224,224,224,0
2021-12-20 13:41:00,224,224,224,224,0
2021-12-20 13:42:00,224,224,224,224,0
2021-12-20 13:43:00,224,224,224,224,0
2021-12-20 13:44:00,224,224,224,224,0
2021-12-20 13:45:00,224,224,224,224,0
2021-12-20 13:46:00,224,224,224,224,0
2021-12-20 13:47:00,224,224,224,224,0
2021-12-20 13:48:00,224,224,224,224,0
2021-12-20 13:49:00,224,224,224,224,0
2021-12-20 13:50:00,224,224,224,224,0
2021-12-20 13:51:00,224,224,224,224,0
2021-12-20 13:52:00,224,224,224,224,0
2021-12-20 13:53:00,224,224,224,224,0
2021-12-20 13:54:00,224,224,224,224,0
2021-12-20 13:55:00,224,224,224,224,0
2021-12-20 13:56:00,224,224,224,224,0
2021-12-20 13:57:00,224,224,224,224,0
2021-12-20 13:58:00,224,224,224,224,0
2021-12-20 13:59:00,224,224,224,224,0
2021-12-20 14:00:00,224,224,224,224,0
2021-12-20 14:01:00,224,224,224,224,0
2021-12-20 14:02:00,224,224,224,224,0
2021-12-20 14:03:00,224,224,224,224,0
2021-12-20 14:04:00,224,224,224,224,0
2021-12-20 14:05:00,224,224,224,224,0
2021-12-20 14:06:00,224,224,224,224,0
2021-12-20 14:07:00,224,224,224,224,0
2021-12-20 14:08:00,224,224,224,224,0
2021-12-20 14:09:00,224,224,224,224,0
2021-12-20 14:10:00,224,224,224,224,0
2021-12-20 14:11:00,224,224,224,224,0
2021-12-20 14:12:00,224,224,224,224,0
2021-12-20 14:13:00,224,224,224,224,0
2021-12-20 14:14:00,224,224,224,224,0
2021-12-20 14:15:00,224,224,224,224,0
2021-12-20 14:16:00,224,224,224,224,0
2021-12-20 14:17:00,224,224,224,224,0
2021-12-20 14:18:00,224,224,224,224,0
2021-12-20 14:19:00,224,224,224,224,0
2021-12-20 14:20:00,224,224,224,224,0
2021-12-20 14:21:00,224,224,224,224,0
2021-12-20 14:22:00,224,224,224,224,0
2021-12-20 14:23:00,224,224,224,224,0
2021-12-20 14:24:00,224,224,224,224,0
2021-12-20 14:25:00,224,224,224,224,0
2021-12-20 14:26:00,224,224,224,224,0
2021-12-20 14:27:00,224,224,224,224,0
2021-12-20 14:28:00,224,224,224,224,0
2021-12-20 14:29:00,224,224,224,224,0
2021-12-20 14:30:00,224,224,224,224,100
2021-12-20 14:31:00,224,224,224,224,0
2021-12-20 14:32:00,224,224,224,224,2900
2021-12-20 14:33:00,224,224,224,224,0
2021-12-20 14:34:00,224,224,224,224,0
2021-12-20 14:35:00,224,224,224,224,0
2021-12-20 14:36:00,224,224,224,224,0
2021-12-20 14:37:00,224,224,224,224,0
2021-12-20 14:38:00,224,224,224,224,0
2021-12-20 14:39:00,224,224,224,224,0
2021-12-20 14:40:00,224,224,224,224,0
2021-12-20 14:41:00,224,224,224,224,0
2021-12-20 14:42:00,224,224,224,224,0
2021-12-20 14:43:00,224,224,224,224,0
2021-12-20 14:44:00,224,224,224,224,0
2021-12-20 14:45:00,224,224,224,224,0
2021-12-20 14:46:00,224,224,224,224,0
2021-12-20 14:47:00,224,224,224,224,0
2021-12-20 14:48:00,224,224,224,224,0
2021-12-20 14:49:00,224,224,224,224,0
2021-12-20 14:50:00,224,224,224,224,0
2021-12-20 14:51:00,224,224,224,224,0
2021-12-20 14:52:00,224,224,224,224,0
2021-12-20 14:53:00,224,224,224,224,0
2021-12-20 14:54:00,224,224,224,224,0
2021-12-20 14:55:00,224,224,224,224,0
2021-12-20 14:56:00,224,224,224,224,0
2021-12-20 14:57:00,224,224,224,224,0
2021-12-20 14:58:00,224,224,224,224,0
2021-12-20 14:59:00,224,224,224,224,0
2021-12-20 15:00:00,224,224,224,224,0
2021-12-20 15:01:00,224,224,224,224,0
2021-12-20 15:02:00,224,224,224,224,0
2021-12-20 15:03:00,224,224,224,224,0
2021-12-20 15:04:00,224,224,224,224,0
2021-12-20 15:05:00,224,224,224,224,0
2021-12-20 15:06:00,224,224,224,224,0
2021-12-20 15:07:00,224,224,224,224,0
2021-12-20 15:08:00,224,224,224,224,0
2021-12-20 15:09:00,224,224,224,224,0
2021-12-20 15:10:00,224,224,224,224,0
2021-12-20 15:11:00,224,224,224,224,14700
2021-12-20 15:12:00,224,224,224,224,0
2021-12-20 15:13:00,224,224,224,224,0
2021-12-20 15:14:00,224,224,224,224,0
2021-12-20 15:15:00,224,224,224,224,0
2021-12-20 15:16:00,224,224,224,224,0
2021-12-20 15:17:00,224,224,224,224,0
2021-12-20 15:18:00,224,224,224,224,0
2021-12-20 15:19:00,224,224,224,224,0
2021-12-20 15:20:00,224,224,224,224,0
2021-12-20 15:21:00,224,224,224,224,0
2021-12-20 15:22:00,224,224,224,224,0
2021-12-20 15:23:00,224,224,224,224,0
2021-12-20 15:24:00,224,224,224,224,0
2021-12-20 15:25:00,224,224,224,224,0
2021-12-20 15:26:00,224,224,224,224,0
2021-12-20 15:27:00,224,224,224,224,0
2021-12-20 15:28:00,224,224,224,224,0
2021-12-20 15:29:00,224,224,224,224,0
2021-12-20 15:30:00,224,224,224,224,0
2021-12-20 15:31:00,224,224,224,224,0
2021-12-20 15:32:00,224,224,224,224,0
2021-12-20 15:33:00,224,224,224,224,0
2021-12-20 15:34:00,224,224,224,224,0
2021-12-20 15:35:00,224,224,224,224,0
2021-12-20 15:36:00,224,224,224,224,0
2021-12-20 15:37:00,224,224,224,224,0
2021-12-20 15:38:00,224,224,224,224,0
2021-12-20 15:39:00,224,224,224,224,0
2021-12-20 15:40:00,224,224,224,224,0
2021-12-20 15:41:00,224,224,224,224,0
2021-12-20 15:42:00,224,224,224,224,0
2021-12-20 15:43:00,224,224,224,224,0
2021-12-20 15:44:00,224,224,224,224,0
2021-12-20 15:45:00,224,224,224,224,0
2021-12-20 15:46:00,224,224,224,224,0
2021-12-20 15:47:00,224,224,224,224,0
2021-12-20 15:48:00,224,224,224,224,0
2021-12-20 15:49:00,224,224,224,224,0
2021-12-20 15:50:00,224,224,224,224,0
2021-12-20 15:51:00,224,224,224,224,0
2021-12-20 15:52:00,224,224,224,224,0
2021-12-20 15:53:00,224,224,224,224,0
2021-12-20 15:54:00,224,224,224,224,0
2021-12-20 15:55:00,224,224,224,224,0
2021-12-20 15:56:00,224,224,224,224,0
2021-12-20 15:57:00,224,224,224,224,0
2021-12-20 15:58:00,224,224,224,224,0
2021-12-20 15:59:00,224,224,224,224,0
2021-12-21 09:00:00,224,224,224,224,0
2021-12-21 09:01:00,224,224,224,224,0
2021-12-21 09:02:00,224,224,224,224,0
2021-12-21 09:03:00,224,224,224,224,0
2021-12-21 09:04:00,224,224,224,224,0
2021-12-21 09:05:00,224,224,224,224,0
2021-12-21 09:06:00,224,224,224,224,0
2021-12-21 09:07:00,224,224,224,224,0
2021-12-21 09:08:00,224,224,224,224,0
2021-12-21 09:09:00,224,224,224,224,0
2021-12-21 09:10:00,224,224,224,224,0
2021-12-21 09:11:00,224,224,224,224,0
2021-12-21 09:12:00,224,224,224,224,0
2021-12-21 09:13:00,224,224,224,224,0
2021-12-21 09:14:00,224,224,224,224,0
2021-12-21 09:15:00,224,224,224,224,0
2021-12-21 09:16:00,224,224,224,224,0
2021-12-21 09:17:00,224,224,224,224,0
2021-12-21 09:18:00,224,224,224,224,0
2021-12-21 09:19:00,224,224,224,224,0
2021-12-21 09:20:00,224,224,224,224,0
2021-12-21 09:21:00,224,224,224,224,0
2021-12-21 09:22:00,224,224,224,224,0
2021-12-21 09:23:00,224,224,224,224,0
2021-12-21 09:24:00,224,224,224,224,0
2021-12-21 09:25:00,224,224,224,224,0
2021-12-21 09:26:00,224,224,224,224,0
2021-12-21 09:27:00,224,224,224,224,0
2021-12-21 09:28:00,224,224,224,224,0
2021-12-21 09:29:00,224,224,224,224,0
2021-12-21 09:30:00,224,224,224,224,0
2021-12-21 09:31:00,224,224,224,224,0
2021-12-21 09:32:00,224,224,224,224,0
2021-12-21 09:33:00,224,224,224,224,0
2021-12-21 09:34:00,224,224,224,224,0
2021-12-21 09:35:00,224,224,224,224,0
2021-12-21 09:36:00,224,224,224,224,0
2021-12-21 09:37:00,224,224,224,224,0
2021-12-21 09:38:00,224,224,224,224,0
2021-12-21 09:39:00,224,224,224,224,0
2021-12-21 09:40:00,224,224,224,224,0
2021-12-21 09:41:00,224,224,224,224,0
2021-12-21 09:42:00,224,224,224,224,0
2021-12-21 09:43:00,224,224,224,224,0
2021-12-21 09:44:00,224,224,224,224,0
2021-12-21 09:45:00,224,224,224,224,0
2021-12-21 09:46:00,224,224,224,224,0
2021-12-21 09:47:00,224,224,224,224,0
2021-12-21 09:48:00,224,224,224,224,0
2021-12-21 09:49:00,224,224,224,224,0
2021-12-21 09:50:00,224,224,224,224,0
2021-12-21 09:51:00,224,224,224,224,0
2021-12-21 09:52:00,224,224,224,224,0
2021-12-21 09:53:00,224,224,224,224,0
2021-12-21 09:54:00,224,224,224,224,0
2021-12-21 09:55:00,224,224,224,224,0
2021-12-21 09:56:00,224,224,224,224,0
2021-12-21 09:57:00,224,224,224,224,0
2021-12-21 09:58:00,224,224,224,224,0
2021-12-21 09:59:00,224,224,224,224,0
2021-12-21 10:00:00,224,224,224,224,0
2021-12-21 10:01:00,224,224,224,224,0
2021-12-21 10:02:00,224,224,224,224,0
2021-12-21 10:03:00,224,224,224,224,0
2021-12-21 10:04:00,224,224,224,224,0
2021-12-21 10:05:00,224,224,224,224,0
2021-12-21 10:06:00,224,224,224,224,0
2021-12-21 10:07:00,224,224,224,224,0
2021-12-21 10:08:00,224,224,224,224,0
2021-12-21 10:09:00,224,224,224,224,0
2021-12-21 10:10:00,224,224,224,224,0
2021-12-21 10:11:00,224,224,224,224,0
2021-12-21 10:12:00,224,224,224,224,0
2021-12-21 10:13:00,224,224,224,224,0
2021-12-21 10:14:00,224,224,224,224,0
2021-12-21 10:15:00,224,224,224,224,0
2021-12-21 10:16:00,224,224,224,224,0
2021-12-21 10:17:00,224,224,224,224,0
2021-12-21 10:18:00,224,224,224,224,0
2021-12-21 10:19:00,224,224,224,224,0
2021-12-21 10:20:00,224,224,224,224,0
2021-12-21 10:21:00,224,224,224,224,0
2021-12-21 10:22:00,224,224,224,224,0
2021-12-21 10:23:00,224,224,224,224,0
2021-12-21 10:24:00,224,224,224,224,0
2021-12-21 10:25:00,224,224,224,224,0
2021-12-21 10:26:00,224,224,224,224,0
2021-12-21 10:27:00,224,224,224,224,0
2021-12-21 10:28:00,224,224,224,224,0
2021-12-21 10:29:00,224,224,224,224,0
2021-12-21 10:30:00,224,224,224,224,0
2021-12-21 10:31:00,224,224,224,224,0
2021-12-21 10:32:00,224,224,224,224,0
2021-12-21 10:33:00,224,224,224,224,0
2021-12-21 10:34:00,224,224,224,224,0
2021-12-21 10:35:00,224,224,224,224,0
2021-12-21 10:36:00,224,224,224,224,0
2021-12-21 10:37:00,224,224,224,224,0
2021-12-21 10:38:00,224,224,224,224,0
2021-12-21 10:39:00,224,224,224,224,0
2021-12-21 10:40:00,224,224,224,224,0
2021-12-21 10:41:00,224,224,224,224,0
2021-12-21 10:42:00,224,224,224,224,0
2021-12-21 10:43:00,224,224,224,224,0
2021-12-21 10:44:00,224,224,224,224,0
2021-12-21 10:45:00,224,224,224,224,0
2021-12-21 10:46:00,224,224,224,224,0
2021-12-21 10:47:00,224,224,224,224,0
2021-12-21 10:48:00,224,224,224,224,0
2021-12-21 10:49:00,224,224,224,224,0
2021-12-21 10:50:00,224,224,224,224,0
2021-12-21 10:51:00,224,224,224,224,0
2021-12-21 10:52:00,224,224,224,224,0
2021-12-21 10:53:00,224,224,224,224,0
2021-12-21 10:54:00,224,224,224,224,0
2021-12-21 10:55:00,224,224,224,224,0
2021-12-21 10:56:00,224,224,224,224,0
2021-12-21 10:57:00,228,228,228,228,0
2021-12-21 10:58:00,228,228,228,228,0
2021-12-21 10:59:00,228,228,228,228,0
2021-12-21 11:00:00,228,228,228,228,0
2021-12-21 11:01:00,228,228,228,228,0
2021-12-21 11:02:00,228,228,228,228,0
2021-12-21 11:03:00,228,228,228,228,0
2021-12-21 11:04:00,228,228,228,228,0
2021-12-21 11:05:00,228,228,228,228,0
2021-12-21 11:06:00,228,228,228,228,0
2021-12-21 11:07:00,228,228,228,228,0
2021-12-21 11:08:00,228,228,228,228,0
2021-12-21 11:09:00,228,228,228,228,0
2021-12-21 11:10:00,228,228,228,228,0
2021-12-21 11:11:00,228,228,228,228,0
2021-12-21 11:12:00,228,228,228,228,0
2021-12-21 11:13:00,228,228,228,228,0
2021-12-21 11:14:00,228,228,228,228,0
2021-12-21 11:15:00,228,228,228,228,0
2021-12-21 11:16:00,228,228,228,228,0
2021-12-21 11:17:00,228,228,228,228,0
2021-12-21 11:18:00,228,228,228,228,0
2021-12-21 11:19:00,228,228,228,228,0
2021-12-21 11:20:00,228,228,228,228,0
2021-12-21 11:21:00,228,228,228,228,0
2021-12-21 11:22:00,228,228,228,228,0
2021-12-21 11:23:00,228,228,228,228,0
2021-12-21 11:24:00,228,228,228,228,0
2021-12-21 11:25:00,228,228,228,228,0
2021-12-21 11:26:00,228,228,228,228,0
2021-12-21 11:27:00,224,224,224,224,1200
2021-12-21 11:28:00,224,224,224,224,0
2021-12-21 11:29:00,224,224,224,224,0
2021-12-21 11:30:00,224,224,224,224,0
2021-12-21 11:31:00,224,224,224,224,0
2021-12-21 11:32:00,224,224,224,224,0
2021-12-21 11:33:00,224,224,224,224,0
2021-12-21 11:34:00,224,224,224,224,0
2021-12-21 11:35:00,224,224,224,224,0
2021-12-21 11:36:00,224,224,224,224,0
2021-12-21 11:37:00,224,224,224,224,0
2021-12-21 11:38:00,224,224,224,224,0
2021-12-21 11:39:00,224,224,224,224,0
2021-12-21 11:40:00,224,224,224,224,0
2021-12-21 11:41:00,224,224,224,224,0
2021-12-21 11:42:00,224,224,224,224,0
2021-12-21 11:43:00,224,224,224,224,0
2021-12-21 11:44:00,224,224,224,224,0
2021-12-21 11:45:00,224,224,224,224,0
2021-12-21 11:46:00,224,224,224,224,0
2021-12-21 11:47:00,224,224,224,224,0
2021-12-21 11:48:00,224,224,224,224,0
2021-12-21 11:49:00,224,224,224,224,0
2021-12-21 11:50:00,224,224,224,224,0
2021-12-21 11:51:00,224,224,224,224,0
2021-12-21 11:52:00,224,224,224,224,0
2021-12-21 11:53:00,224,224,224,224,0
2021-12-21 11:54:00,224,224,224,224,0
2021-12-21 11:55:00,224,224,224,224,0
2021-12-21 11:56:00,224,224,224,224,0
2021-12-21 11:57:00,224,224,224,224,0
2021-12-21 11:58:00,224,224,224,224,0
2021-12-21 11:59:00,224,224,224,224,0
2021-12-21 12:00:00,224,224,224,224,0
2021-12-21 12:01:00,224,224,224,224,0
2021-12-21 12:02:00,224,224,224,224,0
2021-12-21 12:03:00,224,224,224,224,0
2021-12-21 12:04:00,224,224,224,224,0
2021-12-21 12:05:00,224,224,224,224,0
2021-12-21 12:06:00,224,224,224,224,0
2021-12-21 12:07:00,224,224,224,224,0
2021-12-21 12:08:00,224,224,224,224,0
2021-12-21 12:09:00,224,224,224,224,0
2021-12-21 12:10:00,224,224,224,224,0
2021-12-21 12:11:00,224,224,224,224,0
2021-12-21 12:12:00,224,224,224,224,0
2021-12-21 12:13:00,224,224,224,224,0
2021-12-21 12:14:00,224,224,224,224,0
2021-12-21 12:15:00,224,224,224,224,0
2021-12-21 12:16:00,224,224,224,224,0
2021-12-21 12:17:00,224,224,224,224,0
2021-12-21 12:18:00,224,224,224,224,0
2021-12-21 12:19:00,224,224,224,224,0
2021-12-21 12:20:00,224,224,224,224,0
2021-12-21 12:21:00,224,224,224,224,0
2021-12-21 12:22:00,224,224,224,224,0
2021-12-21 12:23:00,224,224,224,224,0
2021-12-21 12:24:00,224,224,224,224,0
2021-12-21 12:25:00,224,224,224,224,0
2021-12-21 12:26:00,224,224,224,224,0
2021-12-21 12:27:00,224,224,224,224,0
2021-12-21 12:28:00,224,224,224,224,0
2021-12-21 12:29:00,224,224,224,224,0
2021-12-21 12:30:00,224,224,224,224,0
2021-12-21 12:31:00,224,224,224,224,0
2021-12-21 12:32:00,224,224,224,224,0
2021-12-21 12:33:00,224,224,224,224,0
2021-12-21 12:34:00,224,224,224,224,0
2021-12-21 12:35:00,224,224,224,224,0
2021-12-21 12:36:00,224,224,224,224,0
2021-12-21 12:37:00,224,224,224,224,0
2021-12-21 12:38:00,224,224,224,224,0
2021-12-21 12:39:00,224,224,224,224,0
2021-12-21 12:40:00,224,224,224,224,0
2021-12-21 12:41:00,224,224,224,224,0
2021-12-21 12:42:00,224,224,224,224,0
2021-12-21 12:43:00,224,224,224,224,0
2021-12-21 12:44:00,224,224,224,224,0
2021-12-21 12:45:00,224,224,224,224,0
2021-12-21 12:46:00,224,224,224,224,0
2021-12-21 12:47:00,224,224,224,224,0
2021-12-21 12:48:00,224,224,224,224,0
2021-12-21 12:49:00,224,224,224,224,0
2021-12-21 12:50:00,224,224,224,224,0
2021-12-21 12:51:00,224,224,224,224,0
2021-12-21 12:52:00,224,224,224,224,0
2021-12-21 12:53:00,224,224,224,224,0
2021-12-21 12:54:00,224,224,224,224,0
2021-12-21 12:55:00,224,224,224,224,0
2021-12-21 12:56:00,224,224,224,224,0
2021-12-21 12:57:00,224,224,224,224,0
2021-12-21 12:58:00,224,224,224,224,0
2021-12-21 12:59:00,224,224,224,224,0
2021-12-21 13:00:00,224,224,224,224,0
2021-12-21 13:01:00,224,224,224,224,0
2021-12-21 13:02:00,224,224,224,224,0
2021-12-21 13:03:00,224,224,224,224,0
2021-12-21 13:04:00,224,224,224,224,0
2021-12-21 13:05:00,224,224,224,224,0
2021-12-21 13:06:00,224,224,224,224,0
2021-12-21 13:07:00,224,224,224,224,0
2021-12-21 13:08:00,224,224,224,224,0
2021-12-21 13:09:00,224,224,224,224,0
2021-12-21 13:10:00,224,224,224,224,0
2021-12-21 13:11:00,224,224,224,224,0
2021-12-21 13:12:00,224,224,224,224,0
2021-12-21 13:13:00,224,224,224,224,0
2021-12-21 13:14:00,224,224,224,224,0
2021-12-21 13:15:00,224,224,224,224,0
2021-12-21 13:16:00,224,224,224,224,0
2021-12-21 13:17:00,224,224,224,224,0
2021-12-21 13:18:00,224,224,224,224,0
2021-12-21 13:19:00,224,224,224,224,0
2021-12-21 13:20:00,224,224,224,224,0
2021-12-21 13:21:00,224,224,224,224,0
2021-12-21 13:22:00,224,224,224,224,0
2021-12-21 13:23:00,224,224,224,224,0
2021-12-21 13:24:00,224,224,224,224,0
2021-12-21 13:25:00,224,224,224,224,0
2021-12-21 13:26:00,224,224,224,224,0
2021-12-21 13:27:00,224,224,224,224,0
2021-12-21 13:28:00,224,224,224,224,0
2021-12-21 13:29:00,224,224,224,224,0
2021-12-21 13:30:00,224,224,224,224,200
2021-12-21 13:31:00,224,224,224,224,0
2021-12-21 13:32:00,224,224,224,224,0
2021-12-21 13:33:00,224,224,224,224,0
2021-12-21 13:34:00,224,224,224,224,0
2021-12-21 13:35:00,224,224,224,224,0
2021-12-21 13:36:00,224,224,224,224,0
2021-12-21 13:37:00,224,224,224,224,0
2021-12-21 13:38:00,224,224,224,224,0
2021-12-21 13:39:00,224,224,224,224,0
2021-12-21 13:40:00,224,224,224,224,0
2021-12-21 13:41:00,224,224,224,224,0
2021-12-21 13:42:00,224,224,224,224,0
2021-12-21 13:43:00,224,224,224,224,0
2021-12-21 13:44:00,224,224,224,224,100
2021-12-21 13:45:00,224,224,224,224,0
2021-12-21 13:46:00,224,224,224,224,0
2021-12-21 13:47:00,224,224,224,224,0
2021-12-21 13:48:00,224,224,224,224,0
2021-12-21 13:49:00,224,224,224,224,0
2021-12-21 13:50:00,224,224,224,224,0
2021-12-21 13:51:00,224,224,224,224,0
2021-12-21 13:52:00,224,224,224,224,0
2021-12-21 13:53:00,224,224,224,224,0
2021-12-21 13:54:00,224,224,224,224,0
2021-12-21 13:55:00,224,224,224,224,0
2021-12-21 13:56:00,224,224,224,224,0
2021-12-21 13:57:00,224,224,224,224,0
2021-12-21 13:58:00,224,224,224,224,0
2021-12-21 13:59:00,224,224,224,224,0
2021-12-21 14:00:00,224,224,224,224,0
2021-12-21 14:01:00,224,224,224,224,0
2021-12-21 14:02:00,224,224,224,224,0
2021-12-21 14:03:00,224,224,224,224,0
2021-12-21 14:04:00,224,224,224,224,0
2021-12-21 14:05:00,224,224,224,224,0
2021-12-21 14:06:00,224,224,224,224,0
2021-12-21 14:07:00,224,224,224,224,0
2021-12-21 14:08:00,224,224,224,224,0
2021-12-21 14:09:00,224,224,224,224,0
2021-12-21 14:10:00,224,224,224,224,0
2021-12-21 14:11:00,224,224,224,224,0
2021-12-21 14:12:00,224,224,224,224,0
2021-12-21 14:13:00,224,224,224,224,0
2021-12-21 14:14:00,224,224,224,224,0
2021-12-21 14:15:00,224,224,224,224,0
2021-12-21 14:16:00,224,224,224,224,0
2021-12-21 14:17:00,224,224,224,224,0
2021-12-21 14:18:00,224,224,224,224,0
2021-12-21 14:19:00,224,224,224,224,0
2021-12-21 14:20:00,224,224,224,224,0
2021-12-21 14:21:00,224,224,224,224,0
2021-12-21 14:22:00,224,224,224,224,0
2021-12-21 14:23:00,224,224,224,224,0
2021-12-21 14:24:00,224,224,224,224,0
2021-12-21 14:25:00,224,224,224,224,0
2021-12-21 14:26:00,224,224,224,224,0
2021-12-21 14:27:00,224,224,224,224,0
2021-12-21 14:28:00,224,224,224,224,0
2021-12-21 14:29:00,224,224,224,224,0
2021-12-21 14:30:00,224,224,224,224,0
2021-12-21 14:31:00,224,224,224,224,0
2021-12-21 14:32:00,224,224,224,224,0
2021-12-21 14:33:00,224,224,224,224,100
2021-12-21 14:34:00,224,224,224,224,0
2021-12-21 14:35:00,224,224,224,224,0
2021-12-21 14:36:00,224,224,224,224,0
2021-12-21 14:37:00,220,220,220,220,200
2021-12-21 14:38:00,220,220,220,220,0
2021-12-21 14:39:00,220,220,220,220,0
2021-12-21 14:40:00,220,220,220,220,0
2021-12-21 14:41:00,220,220,220,220,0
2021-12-21 14:42:00,220,220,220,220,0
2021-12-21 14:43:00,220,220,220,220,0
2021-12-21 14:44:00,224,224,224,224,100
2021-12-21 14:45:00,224,224,224,224,0
2021-12-21 14:46:00,224,224,224,224,0
2021-12-21 14:47:00,224,224,224,224,0
2021-12-21 14:48:00,224,224,224,224,0
2021-12-21 14:49:00,224,224,224,224,0
2021-12-21 14:50:00,224,224,224,224,0
2021-12-21 14:51:00,224,224,224,224,0
2021-12-21 14:52:00,224,224,224,224,0
2021-12-21 14:53:00,224,224,224,224,0
2021-12-21 14:54:00,224,224,224,224,0
2021-12-21 14:55:00,224,224,224,224,0
2021-12-21 14:56:00,224,224,224,224,0
2021-12-21 14:57:00,224,224,224,224,0
2021-12-21 14:58:00,224,224,224,224,0
2021-12-21 14:59:00,224,224,224,224,0
2021-12-21 15:00:00,224,224,224,224,0
2021-12-21 15:01:00,224,224,224,224,0
2021-12-21 15:02:00,224,224,224,224,0
2021-12-21 15:03:00,224,224,224,224,0
2021-12-21 15:04:00,224,224,224,224,0
2021-12-21 15:05:00,224,224,224,224,0
2021-12-21 15:06:00,224,224,224,224,0
2021-12-21 15:07:00,224,224,224,224,0
2021-12-21 15:08:00,224,224,224,224,0
2021-12-21 15:09:00,224,224,224,224,0
2021-12-21 15:10:00,224,224,224,224,8600
2021-12-21 15:11:00,224,224,224,224,0
2021-12-21 15:12:00,224,224,224,224,0
2021-12-21 15:13:00,224,224,224,224,0
2021-12-21 15:14:00,224,224,224,224,0
2021-12-21 15:15:00,224,224,224,224,0
2021-12-21 15:16:00,224,224,224,224,0
2021-12-21 15:17:00,224,224,224,224,0
2021-12-21 15:18:00,224,224,224,224,0
2021-12-21 15:19:00,224,224,224,224,0
2021-12-21 15:20:00,224,224,224,224,0
2021-12-21 15:21:00,224,224,224,224,0
2021-12-21 15:22:00,224,224,224,224,0
2021-12-21 15:23:00,224,224,224,224,0
2021-12-21 15:24:00,224,224,224,224,0
2021-12-21 15:25:00,224,224,224,224,0
2021-12-21 15:26:00,224,224,224,224,0
2021-12-21 15:27:00,224,224,224,224,0
2021-12-21 15:28:00,224,224,224,224,0
2021-12-21 15:29:00,224,224,224,224,0
2021-12-21 15:30:00,224,224,224,224,0
2021-12-21 15:31:00,224,224,224,224,0
2021-12-21 15:32:00,224,224,224,224,0
2021-12-21 15:33:00,224,224,224,224,0
2021-12-21 15:34:00,224,224,224,224,0
2021-12-21 15:35:00,224,224,224,224,0
2021-12-21 15:36:00,224,224,224,224,0
2021-12-21 15:37:00,224,224,224,224,0
2021-12-21 15:38:00,224,224,224,224,0
2021-12-21 15:39:00,224,224,224,224,0
2021-12-21 15:40:00,224,224,224,224,0
2021-12-21 15:41:00,224,224,224,224,0
2021-12-21 15:42:00,224,224,224,224,0
2021-12-21 15:43:00,224,224,224,224,0
2021-12-21 15:44:00,224,224,224,224,0
2021-12-21 15:45:00,224,224,224,224,0
2021-12-21 15:46:00,224,224,224,224,0
2021-12-21 15:47:00,224,224,224,224,0
2021-12-21 15:48:00,224,224,224,224,0
2021-12-21 15:49:00,224,224,224,224,0
2021-12-21 15:50:00,224,224,224,224,0
2021-12-21 15:51:00,224,224,224,224,0
2021-12-21 15:52:00,224,224,224,224,0
2021-12-21 15:53:00,224,224,224,224,0
2021-12-21 15:54:00,224,224,224,224,0
2021-12-21 15:55:00,224,224,224,224,0
2021-12-21 15:56:00,224,224,224,224,0
2021-12-21 15:57:00,224,224,224,224,0
2021-12-21 15:58:00,224,224,224,224,0
2021-12-21 15:59:00,224,224,224,224,0
2021-12-22 09:00:00,224,224,224,224,0
2021-12-22 09:01:00,224,224,224,224,0
2021-12-22 09:02:00,224,224,224,224,0
2021-12-22 09:03:00,224,224,224,224,0
2021-12-22 09:04:00,224,224,224,224,0
2021-12-22 09:05:00,224,224,224,224,0
2021-12-22 09:06:00,224,224,224,224,0
2021-12-22 09:07:00,224,224,224,224,0
2021-12-22 09:08:00,224,224,224,224,0
2021-12-22 09:09:00,224,224,224,224,0
2021-12-22 09:10:00,224,224,224,224,0
2021-12-22 09:11:00,224,224,224,224,0
2021-12-22 09:12:00,224,224,224,224,0
2021-12-22 09:13:00,224,224,224,224,0
2021-12-22 09:14:00,224,224,224,224,0
2021-12-22 09:15:00,224,224,224,224,0
2021-12-22 09:16:00,224,224,224,224,0
2021-12-22 09:17:00,224,224,224,224,0
2021-12-22 09:18:00,224,224,224,224,0
2021-12-22 09:19:00,230,230,230,230,0
2021-12-22 09:20:00,230,230,230,230,0
2021-12-22 09:21:00,230,230,230,230,0
2021-12-22 09:22:00,230,230,230,230,0
2021-12-22 09:23:00,230,230,230,230,0
2021-12-22 09:24:00,230,230,230,230,0
2021-12-22 09:25:00,230,230,230,230,0
2021-12-22 09:26:00,230,230,230,230,0
2021-12-22 09:27:00,230,230,230,230,0
2021-12-22 09:28:00,230,230,230,230,0
2021-12-22 09:29:00,230,230,230,230,0
2021-12-22 09:30:00,230,230,230,230,0
2021-12-22 09:31:00,230,230,230,230,0
2021-12-22 09:32:00,230,230,230,230,0
2021-12-22 09:33:00,230,230,230,230,0
2021-12-22 09:34:00,230,230,230,230,0
2021-12-22 09:35:00,230,230,230,230,0
2021-12-22 09:36:00,230,230,230,230,0
2021-12-22 09:37:00,230,230,230,230,0
2021-12-22 09:38:00,230,230,230,230,0
2021-12-22 09:39:00,230,230,230,230,0
2021-12-22 09:40:00,230,230,230,230,0
2021-12-22 09:41:00,230,230,230,230,0
2021-12-22 09:42:00,230,230,230,230,0
2021-12-22 09:43:00,230,230,230,230,0
2021-12-22 09:44:00,230,230,230,230,0
2021-12-22 09:45:00,230,230,230,230,0
2021-12-22 09:46:00,230,230,230,230,0
2021-12-22 09:47:00,228,228,228,228,100
2021-12-22 09:48:00,228,228,228,228,0
2021-12-22 09:49:00,228,228,228,228,0
2021-12-22 09:50:00,228,228,228,228,0
2021-12-22 09:51:00,228,228,228,228,0
2021-12-22 09:52:00,228,228,228,228,0
2021-12-22 09:53:00,228,228,228,228,0
2021-12-22 09:54:00,228,228,228,228,0
2021-12-22 09:55:00,228,228,228,228,0
2021-12-22 09:56:00,228,228,228,228,0
2021-12-22 09:57:00,228,228,228,228,0
2021-12-22 09:58:00,228,228,228,228,0
2021-12-22 09:59:00,228,228,228,228,0
2021-12-22 10:00:00,228,228,228,228,0
2021-12-22 10:01:00,228,228,228,228,0
2021-12-22 10:02:00,228,228,228,228,0
2021-12-22 10:03:00,228,228,228,228,0
2021-12-22 10:04:00,228,228,228,228,0
2021-12-22 10:05:00,228,228,228,228,0
2021-12-22 10:06:00,228,228,228,228,0
2021-12-22 10:07:00,228,228,228,228,0
2021-12-22 10:08:00,228,228,228,228,0
2021-12-22 10:09:00,228,228,228,228,0
2021-12-22 10:10:00,228,228,228,228,0
2021-12-22 10:11:00,228,228,228,228,0
2021-12-22 10:12:00,228,228,228,228,0
2021-12-22 10:13:00,228,228,228,228,0
2021-12-22 10:14:00,228,228,228,228,0
2021-12-22 10:15:00,228,228,228,228,0
2021-12-22 10:16:00,228,228,228,228,0
2021-12-22 10:17:00,228,228,228,228,0
2021-12-22 10:18:00,228,228,228,228,0
2021-12-22 10:19:00,228,228,228,228,0
2021-12-22 10:20:00,228,228,228,228,0
2021-12-22 10:21:00,228,228,228,228,0
2021-12-22 10:22:00,228,228,228,228,0
2021-12-22 10:23:00,228,228,228,228,0
2021-12-22 10:24:00,228,228,228,228,0
2021-12-22 10:25:00,228,228,228,228,0
2021-12-22 10:26:00,228,228,228,228,0
2021-12-22 10:27:00,228,228,228,228,0
2021-12-22 10:28:00,228,228,228,228,0
2021-12-22 10:29:00,228,228,228,228,0
2021-12-22 10:30:00,228,228,228,228,0
2021-12-22 10:31:00,228,228,228,228,0
2021-12-22 10:32:00,228,228,228,228,0
2021-12-22 10:33:00,228,228,228,228,0
2021-12-22 10:34:00,228,228,228,228,0
2021-12-22 10:35:00,228,228,228,228,0
2021-12-22 10:36:00,228,228,228,228,0
2021-12-22 10:37:00,228,228,228,228,0
2021-12-22 10:38:00,228,228,228,228,0
2021-12-22 10:39:00,228,228,228,228,0
2021-12-22 10:40:00,228,228,228,228,0
2021-12-22 10:41:00,228,228,228,228,0
2021-12-22 10:42:00,228,228,228,228,0
2021-12-22 10:43:00,228,228,228,228,0
2021-12-22 10:44:00,228,228,228,228,0
2021-12-22 10:45:00,228,228,228,228,0
2021-12-22 10:46:00,228,228,228,228,0
2021-12-22 10:47:00,228,228,228,228,0
2021-12-22 10:48:00,228,228,228,228,0
2021-12-22 10:49:00,228,228,228,228,0
2021-12-22 10:50:00,228,228,228,228,0
2021-12-22 10:51:00,228,228,228,228,0
2021-12-22 10:52:00,228,228,228,228,0
2021-12-22 10:53:00,228,228,228,228,0
2021-12-22 10:54:00,228,228,228,228,0
2021-12-22 10:55:00,228,228,228,228,0
2021-12-22 10:56:00,228,228,228,228,0
2021-12-22 10:57:00,228,228,228,228,0
2021-12-22 10:58:00,228,228,228,228,0
2021-12-22 10:59:00,228,228,228,228,0
2021-12-22 11:00:00,228,228,228,228,0
2021-12-22 11:01:00,228,228,228,228,0
2021-12-22 11:02:00,228,228,228,228,0
2021-12-22 11:03:00,228,228,228,228,0
2021-12-22 11:04:00,228,228,228,228,0
2021-12-22 11:05:00,228,228,228,228,0
2021-12-22 11:06:00,228,228,228,228,0
2021-12-22 11:07:00,228,228,228,228,0
2021-12-22 11:08:00,228,228,228,228,0
2021-12-22 11:09:00,228,228,228,228,0
2021-12-22 11:10:00,228,228,228,228,0
2021-12-22 11:11:00,228,228,228,228,0
2021-12-22 11:12:00,228,228,228,228,0
2021-12-22 11:13:00,228,228,228,228,0
2021-12-22 11:14:00,228,228,228,228,0
2021-12-22 11:15:00,228,228,228,228,0
2021-12-22 11:16:00,228,228,228,228,0
2021-12-22 11:17:00,228,228,228,228,0
2021-12-22 11:18:00,228,228,228,228,0
2021-12-22 11:19:00,228,228,228,228,0
2021-12-22 11:20:00,228,228,228,228,0
2021-12-22 11:21:00,228,228,228,228,0
2021-12-22 11:22:00,224,224,224,224,400
2021-12-22 11:23:00,224,224,224,224,0
2021-12-22 11:24:00,224,224,224,224,0
2021-12-22 11:25:00,224,224,224,224,0
2021-12-22 11:26:00,224,224,224,224,0
2021-12-22 11:27:00,224,224,224,224,0
2021-12-22 11:28:00,224,224,224,224,0
2021-12-22 11:29:00,224,224,224,224,0
2021-12-22 11:30:00,224,224,224,224,0
2021-12-22 11:31:00,224,224,224,224,0
2021-12-22 11:32:00,224,224,224,224,0
2021-12-22 11:33:00,224,224,224,224,0
2021-12-22 11:34:00,224,224,224,224,0
2021-12-22 11:35:00,224,224,224,224,0
2021-12-22 11:36:00,224,224,224,224,0
2021-12-22 11:37:00,224,224,224,224,0
2021-12-22 11:38:00,224,224,224,224,0
2021-12-22 11:39:00,224,224,224,224,0
2021-12-22 11:40:00,224,224,224,224,0
2021-12-22 11:41:00,224,224,224,224,0
2021-12-22 11:42:00,224,224,224,224,0
2021-12-22 11:43:00,224,224,224,224,0
2021-12-22 11:44:00,224,224,224,224,0
2021-12-22 11:45:00,224,224,224,224,0
2021-12-22 11:46:00,224,224,224,224,0
2021-12-22 11:47:00,224,224,224,224,0
2021-12-22 11:48:00,224,224,224,224,0
2021-12-22 11:49:00,224,224,224,224,0
2021-12-22 11:50:00,224,224,224,224,0
2021-12-22 11:51:00,224,224,224,224,0
2021-12-22 11:52:00,224,224,224,224,0
2021-12-22 11:53:00,224,224,224,224,0
2021-12-22 11:54:00,224,224,224,224,0
2021-12-22 11:55:00,224,224,224,224,0
2021-12-22 11:56:00,224,224,224,224,0
2021-12-22 11:57:00,224,224,224,224,0
2021-12-22 11:58:00,224,224,224,224,0
2021-12-22 11:59:00,224,224,224,224,0
2021-12-22 12:00:00,224,224,224,224,0
2021-12-22 12:01:00,224,224,224,224,0
2021-12-22 12:02:00,224,224,224,224,0
2021-12-22 12:03:00,224,224,224,224,0
2021-12-22 12:04:00,224,224,224,224,0
2021-12-22 12:05:00,224,224,224,224,0
2021-12-22 12:06:00,224,224,224,224,0
2021-12-22 12:07:00,224,224,224,224,0
2021-12-22 12:08:00,224,224,224,224,0
2021-12-22 12:09:00,224,224,224,224,0
2021-12-22 12:10:00,224,224,224,224,0
2021-12-22 12:11:00,224,224,224,224,0
2021-12-22 12:12:00,224,224,224,224,0
2021-12-22 12:13:00,224,224,224,224,0
2021-12-22 12:14:00,224,224,224,224,0
2021-12-22 12:15:00,224,224,224,224,0
2021-12-22 12:16:00,224,224,224,224,0
2021-12-22 12:17:00,224,224,224,224,0
2021-12-22 12:18:00,224,224,224,224,0
2021-12-22 12:19:00,224,224,224,224,0
2021-12-22 12:20:00,224,224,224,224,0
2021-12-22 12:21:00,224,224,224,224,0
2021-12-22 12:22:00,224,224,224,224,0
2021-12-22 12:23:00,224,224,224,224,0
2021-12-22 12:24:00,224,224,224,224,0
2021-12-22 12:25:00,224,224,224,224,0
2021-12-22 12:26:00,224,224,224,224,0
2021-12-22 12:27:00,224,224,224,224,0
2021-12-22 12:28:00,224,224,224,224,0
2021-12-22 12:29:00,224,224,224,224,0
2021-12-22 12:30:00,224,224,224,224,0
2021-12-22 12:31:00,224,224,224,224,0
2021-12-22 12:32:00,224,224,224,224,0
2021-12-22 12:33:00,224,224,224,224,0
2021-12-22 12:34:00,224,224,224,224,0
2021-12-22 12:35:00,224,224,224,224,0
2021-12-22 12:36:00,224,224,224,224,0
2021-12-22 12:37:00,224,224,224,224,0
2021-12-22 12:38:00,224,224,224,224,0
2021-12-22 12:39:00,224,224,224,224,0
2021-12-22 12:40:00,224,224,224,224,0
2021-12-22 12:41:00,224,224,224,224,0
2021-12-22 12:42:00,224,224,224,224,0
2021-12-22 12:43:00,224,224,224,224,0
2021-12-22 12:44:00,224,224,224,224,0
2021-12-22 12:45:00,224,224,224,224,0
2021-12-22 12:46:00,224,224,224,224,0
2021-12-22 12:47:00,224,224,224,224,0
2021-12-22 12:48:00,224,224,224,224,0
2021-12-22 12:49:00,224,224,224,224,0
2021-12-22 12:50:00,224,224,224,224,0
2021-12-22 12:51:00,224,224,224,224,0
2021-12-22 12:52:00,224,224,224,224,0
2021-12-22 12:53:00,224,224,224,224,0
2021-12-22 12:54:00,224,224,224,224,0
2021-12-22 12:55:00,224,224,224,224,0
2021-12-22 12:56:00,224,224,224,224,0
2021-12-22 12:57:00,224,224,224,224,0
2021-12-22 12:58:00,224,224,224,224,0
2021-12-22 12:59:00,224,224,224,224,0
2021-12-22 13:00:00,224,224,224,224,0
2021-12-22 13:01:00,224,224,224,224,0
2021-12-22 13:02:00,224,224,224,224,0
2021-12-22 13:03:00,224,224,224,224,0
2021-12-22 13:04:00,224,224,224,224,0
2021-12-22 13:05:00,224,224,224,224,0
2021-12-22 13:06:00,224,224,224,224,0
2021-12-22 13:07:00,224,224,224,224,0
2021-12-22 13:08:00,224,224,224,224,0
2021-12-22 13:09:00,224,224,224,224,0
2021-12-22 13:10:00,224,224,224,224,0
2021-12-22 13:11:00,224,224,224,224,0
2021-12-22 13:12:00,224,224,224,224,0
2021-12-22 13:13:00,224,224,224,224,0
2021-12-22 13:14:00,224,224,224,224,0
2021-12-22 13:15:00,224,224,224,224,0
2021-12-22 13:16:00,224,224,224,224,0
2021-12-22 13:17:00,224,224,224,224,0
2021-12-22 13:18:00,224,224,224,224,0
2021-12-22 13:19:00,224,224,224,224,0
2021-12-22 13:20:00,224,224,224,224,0
2021-12-22 13:21:00,224,224,224,224,0
2021-12-22 13:22:00,224,224,224,224,0
2021-12-22 13:23:00,224,224,224,224,0
2021-12-22 13:24:00,224,224,224,224,0
2021-12-22 13:25:00,224,224,224,224,0
2021-12-22 13:26:00,224,224,224,224,0
2021-12-22 13:27:00,224,224,224,224,0
2021-12-22 13:28:00,224,224,224,224,0
2021-12-22 13:29:00,224,224,224,224,0
2021-12-22 13:30:00,224,224,224,224,0
2021-12-22 13:31:00,224,224,224,224,0
2021-12-22 13:32:00,224,224,224,224,0
2021-12-22 13:33:00,224,224,224,224,0
2021-12-22 13:34:00,224,224,224,224,0
2021-12-22 13:35:00,224,224,224,224,0
2021-12-22 13:36:00,224,224,224,224,0
2021-12-22 13:37:00,224,224,224,224,0
2021-12-22 13:38:00,224,224,224,224,0
2021-12-22 13:39:00,224,224,224,224,0
2021-12-22 13:40:00,224,224,224,224,0
2021-12-22 13:41:00,224,224,224,224,0
2021-12-22 13:42:00,224,224,224,224,0
2021-12-22 13:43:00,224,224,224,224,0
2021-12-22 13:44:00,224,224,224,224,0
2021-12-22 13:45:00,224,224,224,224,0
2021-12-22 13:46:00,224,224,224,224,0
2021-12-22 13:47:00,224,224,224,224,0
2021-12-22 13:48:00,220,214,220,214,4100
2021-12-22 13:49:00,212,212,212,212,36100
2021-12-22 13:50:00,212,212,212,212,0
2021-12-22 13:51:00,216,216,216,216,500
2021-12-22 13:52:00,216,216,216,216,0
2021-12-22 13:53:00,216,216,216,216,0
2021-12-22 13:54:00,216,216,216,216,0
2021-12-22 13:55:00,216,216,216,216,0
2021-12-22 13:56:00,216,216,216,216,0
2021-12-22 13:57:00,216,216,216,216,0
2021-12-22 13:58:00,216,216,216,216,0
2021-12-22 13:59:00,216,216,216,216,0
2021-12-22 14:00:00,216,216,216,216,0
2021-12-22 14:01:00,216,216,216,216,0
2021-12-22 14:02:00,216,216,216,216,0
2021-12-22 14:03:00,216,216,216,216,0
2021-12-22 14:04:00,216,216,216,216,0
2021-12-22 14:05:00,216,216,216,216,0
2021-12-22 14:06:00,216,216,216,216,0
2021-12-22 14:07:00,216,216,216,216,0
2021-12-22 14:08:00,216,216,216,216,0
2021-12-22 14:09:00,216,216,216,216,0
2021-12-22 14:10:00,216,216,216,216,0
2021-12-22 14:11:00,216,216,216,216,0
2021-12-22 14:12:00,216,216,216,216,0
2021-12-22 14:13:00,216,216,216,216,0
2021-12-22 14:14:00,216,216,216,216,0
2021-12-22 14:15:00,216,216,216,216,0
2021-12-22 14:16:00,216,216,216,216,0
2021-12-22 14:17:00,216,216,216,216,0
2021-12-22 14:18:00,216,216,216,216,0
2021-12-22 14:19:00,216,216,216,216,0
2021-12-22 14:20:00,216,216,216,216,0
2021-12-22 14:21:00,216,216,216,216,0
2021-12-22 14:22:00,216,216,216,216,0
2021-12-22 14:23:00,216,216,216,216,0
2021-12-22 14:24:00,216,216,216,216,0
2021-12-22 14:25:00,216,216,216,216,0
2021-12-22 14:26:00,216,216,216,216,0
2021-12-22 14:27:00,216,216,216,216,0
2021-12-22 14:28:00,216,216,216,216,0
2021-12-22 14:29:00,216,216,216,216,0
2021-12-22 14:30:00,216,216,216,216,0
2021-12-22 14:31:00,216,216,216,216,0
2021-12-22 14:32:00,216,216,216,216,0
2021-12-22 14:33:00,216,216,216,216,0
2021-12-22 14:34:00,216,216,216,216,0
2021-12-22 14:35:00,216,216,216,216,0
2021-12-22 14:36:00,216,216,216,216,0
2021-12-22 14:37:00,216,216,216,216,0
2021-12-22 14:38:00,216,216,216,216,0
2021-12-22 14:39:00,216,216,216,216,0
2021-12-22 14:40:00,216,216,216,216,0
2021-12-22 14:41:00,216,216,216,216,0
2021-12-22 14:42:00,216,216,216,216,0
2021-12-22 14:43:00,216,216,216,216,0
2021-12-22 14:44:00,216,216,216,216,0
2021-12-22 14:45:00,216,216,216,216,0
2021-12-22 14:46:00,216,216,216,216,0
2021-12-22 14:47:00,216,216,216,216,0
2021-12-22 14:48:00,216,216,216,216,0
2021-12-22 14:49:00,216,216,216,216,0
2021-12-22 14:50:00,216,216,216,216,0
2021-12-22 14:51:00,216,216,216,216,0
2021-12-22 14:52:00,216,216,216,216,0
2021-12-22 14:53:00,216,216,216,216,0
2021-12-22 14:54:00,216,216,216,216,0
2021-12-22 14:55:00,216,216,216,216,0
2021-12-22 14:56:00,216,216,216,216,0
2021-12-22 14:57:00,216,216,216,216,0
2021-12-22 14:58:00,216,216,216,216,0
2021-12-22 14:59:00,216,216,216,216,0
2021-12-22 15:00:00,216,216,216,216,0
2021-12-22 15:01:00,216,216,216,216,0
2021-12-22 15:02:00,216,216,216,216,0
2021-12-22 15:03:00,216,216,216,216,0
2021-12-22 15:04:00,216,216,216,216,0
2021-12-22 15:05:00,216,216,216,216,0
2021-12-22 15:06:00,216,216,216,216,0
2021-12-22 15:07:00,216,216,216,216,0
2021-12-22 15:08:00,216,216,216,216,0
2021-12-22 15:09:00,216,216,216,216,0
2021-12-22 15:10:00,216,216,216,216,0
2021-12-22 15:11:00,216,216,216,216,0
2021-12-22 15:12:00,216,216,216,216,0
2021-12-22 15:13:00,216,216,216,216,0
2021-12-22 15:14:00,216,216,216,216,0
2021-12-22 15:15:00,216,216,216,216,0
2021-12-22 15:16:00,216,216,216,216,0
2021-12-22 15:17:00,216,216,216,216,0
2021-12-22 15:18:00,216,216,216,216,0
2021-12-22 15:19:00,216,216,216,216,0
2021-12-22 15:20:00,216,216,216,216,0
2021-12-22 15:21:00,216,216,216,216,0
2021-12-22 15:22:00,216,216,216,216,0
2021-12-22 15:23:00,216,216,216,216,0
2021-12-22 15:24:00,216,216,216,216,0
2021-12-22 15:25:00,216,216,216,216,0
2021-12-22 15:26:00,216,216,216,216,0
2021-12-22 15:27:00,216,216,216,216,0
2021-12-22 15:28:00,216,216,216,216,0
2021-12-22 15:29:00,216,216,216,216,0
2021-12-22 15:30:00,216,216,216,216,0
2021-12-22 15:31:00,216,216,216,216,0
2021-12-22 15:32:00,216,216,216,216,0
2021-12-22 15:33:00,216,216,216,216,0
2021-12-22 15:34:00,216,216,216,216,0
2021-12-22 15:35:00,216,216,216,216,0
2021-12-22 15:36:00,216,216,216,216,0
2021-12-22 15:37:00,216,216,216,216,0
2021-12-22 15:38:00,216,216,216,216,0
2021-12-22 15:39:00,216,216,216,216,0
2021-12-22 15:40:00,216,216,216,216,0
2021-12-22 15:41:00,216,216,216,216,0
2021-12-22 15:42:00,216,216,216,216,0
2021-12-22 15:43:00,216,216,216,216,0
2021-12-22 15:44:00,216,216,216,216,0
2021-12-22 15:45:00,216,216,216,216,0
2021-12-22 15:46:00,216,216,216,216,0
2021-12-22 15:47:00,216,216,216,216,0
2021-12-22 15:48:00,216,216,216,216,0
2021-12-22 15:49:00,216,216,216,216,0
2021-12-22 15:50:00,216,216,216,216,0
2021-12-22 15:51:00,216,216,216,216,0
2021-12-22 15:52:00,216,216,216,216,0
2021-12-22 15:53:00,216,216,216,216,0
2021-12-22 15:54:00,216,216,216,216,0
2021-12-22 15:55:00,216,216,216,216,0
2021-12-22 15:56:00,216,216,216,216,0
2021-12-22 15:57:00,216,216,216,216,0
2021-12-22 15:58:00,216,216,216,216,0
2021-12-22 15:59:00,216,216,216,216,0
2021-12-23 09:00:00,216,216,216,216,0
2021-12-23 09:01:00,216,216,216,216,0
2021-12-23 09:02:00,216,216,216,216,0
2021-12-23 09:03:00,216,216,216,216,0
2021-12-23 09:04:00,216,216,216,216,0
2021-12-23 09:05:00,216,216,216,216,0
2021-12-23 09:06:00,216,216,216,216,0
2021-12-23 09:07:00,216,216,216,216,0
2021-12-23 09:08:00,216,216,216,216,0
2021-12-23 09:09:00,216,216,216,216,0
2021-12-23 09:10:00,216,216,216,216,0
2021-12-23 09:11:00,216,216,216,216,0
2021-12-23 09:12:00,216,216,216,216,0
2021-12-23 09:13:00,216,216,216,216,0
2021-12-23 09:14:00,216,216,216,216,0
2021-12-23 09:15:00,216,216,216,216,0
2021-12-23 09:16:00,216,216,216,216,0
2021-12-23 09:17:00,216,216,216,216,0
2021-12-23 09:18:00,216,216,216,216,0
2021-12-23 09:19:00,216,216,216,216,0
2021-12-23 09:20:00,216,216,216,216,0
2021-12-23 09:21:00,216,216,216,216,0
2021-12-23 09:22:00,216,216,216,216,0
2021-12-23 09:23:00,216,216,216,216,0
2021-12-23 09:24:00,216,216,216,216,0
2021-12-23 09:25:00,216,216,216,216,0
2021-12-23 09:26:00,216,216,216,216,0
2021-12-23 09:27:00,216,216,216,216,0
2021-12-23 09:28:00,226,226,226,226,0
2021-12-23 09:29:00,226,226,226,226,0
2021-12-23 09:30:00,226,226,226,226,0
2021-12-23 09:31:00,226,226,226,226,0
2021-12-23 09:32:00,226,226,226,226,0
2021-12-23 09:33:00,226,226,226,226,0
2021-12-23 09:34:00,226,226,226,226,0
2021-12-23 09:35:00,226,226,226,226,0
2021-12-23 09:36:00,226,226,226,226,0
2021-12-23 09:37:00,226,226,226,226,0
2021-12-23 09:38:00,226,226,226,226,0
2021-12-23 09:39:00,226,226,226,226,0
2021-12-23 09:40:00,226,226,226,226,0
2021-12-23 09:41:00,226,226,226,226,0
2021-12-23 09:42:00,226,226,226,226,0
2021-12-23 09:43:00,226,226,226,226,0
2021-12-23 09:44:00,226,226,226,226,0
2021-12-23 09:45:00,226,226,226,226,0
2021-12-23 09:46:00,226,226,226,226,0
2021-12-23 09:47:00,226,226,226,226,0
2021-12-23 09:48:00,226,226,226,226,0
2021-12-23 09:49:00,226,226,226,226,0
2021-12-23 09:50:00,226,226,226,226,0
2021-12-23 09:51:00,226,226,226,226,0
2021-12-23 09:52:00,226,226,226,226,0
2021-12-23 09:53:00,226,226,226,226,0
2021-12-23 09:54:00,226,226,226,226,0
2021-12-23 09:55:00,226,226,226,226,0
2021-12-23 09:56:00,226,226,226,226,0
2021-12-23 09:57:00,226,226,226,226,0
2021-12-23 09:58:00,226,226,226,226,0
2021-12-23 09:59:00,226,226,226,226,0
2021-12-23 10:00:00,226,226,226,226,0
2021-12-23 10:01:00,226,226,226,226,0
2021-12-23 10:02:00,226,226,226,226,0
2021-12-23 10:03:00,226,226,226,226,0
2021-12-23 10:04:00,226,226,226,226,0
2021-12-23 10:05:00,226,226,226,226,0
2021-12-23 10:06:00,226,226,226,226,0
2021-12-23 10:07:00,226,226,226,226,0
2021-12-23 10:08:00,226,226,226,226,0
2021-12-23 10:09:00,226,226,226,226,0
2021-12-23 10:10:00,226,226,226,226,0
2021-12-23 10:11:00,226,226,226,226,0
2021-12-23 10:12:00,226,226,226,226,0
2021-12-23 10:13:00,226,226,226,226,0
2021-12-23 10:14:00,226,226,226,226,0
2021-12-23 10:15:00,226,226,226,226,0
2021-12-23 10:16:00,226,226,226,226,0
2021-12-23 10:17:00,226,226,226,226,0
2021-12-23 10:18:00,226,226,226,226,0
2021-12-23 10:19:00,226,226,226,226,0
2021-12-23 10:20:00,226,226,226,226,0
2021-12-23 10:21:00,226,226,226,226,0
2021-12-23 10:22:00,226,226,226,226,0
2021-12-23 10:23:00,226,226,226,226,0
2021-12-23 10:24:00,226,226,226,226,0
2021-12-23 10:25:00,226,226,226,226,0
2021-12-23 10:26:00,226,226,226,226,0
2021-12-23 10:27:00,226,226,226,226,0
2021-12-23 10:28:00,226,226,226,226,0
2021-12-23 10:29:00,226,226,226,226,0
2021-12-23 10:30:00,226,226,226,226,0
2021-12-23 10:31:00,226,226,226,226,0
2021-12-23 10:32:00,226,226,226,226,0
2021-12-23 10:33:00,226,226,226,226,0
2021-12-23 10:34:00,226,226,226,226,0
2021-12-23 10:35:00,226,226,226,226,0
2021-12-23 10:36:00,226,226,226,226,0
2021-12-23 10:37:00,226,226,226,226,0
2021-12-23 10:38:00,226,226,226,226,0
2021-12-23 10:39:00,226,226,226,226,0
2021-12-23 10:40:00,226,226,226,226,0
2021-12-23 10:41:00,226,226,226,226,0
2021-12-23 10:42:00,226,226,226,226,0
2021-12-23 10:43:00,226,226,226,226,0
2021-12-23 10:44:00,226,226,226,226,0
2021-12-23 10:45:00,226,226,226,226,0
2021-12-23 10:46:00,226,226,226,226,0
2021-12-23 10:47:00,226,226,226,226,0
2021-12-23 10:48:00,226,226,226,226,0
2021-12-23 10:49:00,226,226,226,226,0
2021-12-23 10:50:00,226,226,226,226,0
2021-12-23 10:51:00,226,226,226,226,0
2021-12-23 10:52:00,226,226,226,226,0
2021-12-23 10:53:00,226,226,226,226,0
2021-12-23 10:54:00,226,226,226,226,0
2021-12-23 10:55:00,226,226,226,226,0
2021-12-23 10:56:00,226,226,226,226,0
2021-12-23 10:57:00,226,226,226,226,0
2021-12-23 10:58:00,226,226,226,226,0
2021-12-23 10:59:00,226,226,226,226,0
2021-12-23 11:00:00,226,226,226,226,0
2021-12-23 11:01:00,226,226,226,226,0
2021-12-23 11:02:00,226,226,226,226,0
2021-12-23 11:03:00,226,226,226,226,0
2021-12-23 11:04:00,226,226,226,226,0
2021-12-23 11:05:00,226,226,226,226,0
2021-12-23 11:06:00,226,226,226,226,0
2021-12-23 11:07:00,226,226,226,226,0
2021-12-23 11:08:00,226,226,226,226,0
2021-12-23 11:09:00,226,226,226,226,0
2021-12-23 11:10:00,226,226,226,226,0
2021-12-23 11:11:00,226,226,226,226,0
2021-12-23 11:12:00,226,226,226,226,0
2021-12-23 11:13:00,226,226,226,226,0
2021-12-23 11:14:00,226,226,226,226,0
2021-12-23 11:15:00,226,226,226,226,0
2021-12-23 11:16:00,226,226,226,226,0
2021-12-23 11:17:00,226,226,226,226,0
2021-12-23 11:18:00,226,226,226,226,0
2021-12-23 11:19:00,226,226,226,226,0
2021-12-23 11:20:00,226,226,226,226,0
2021-12-23 11:21:00,226,226,226,226,0
2021-12-23 11:22:00,226,226,226,226,0
2021-12-23 11:23:00,226,226,226,226,0
2021-12-23 11:24:00,226,226,226,226,0
2021-12-23 11:25:00,226,226,226,226,0
2021-12-23 11:26:00,226,226,226,226,0
2021-12-23 11:27:00,226,226,226,226,0
2021-12-23 11:28:00,226,226,226,226,0
2021-12-23 11:29:00,226,226,226,226,0
2021-12-23 11:30:00,226,226,226,226,0
2021-12-23 11:31:00,226,226,226,226,0
2021-12-23 11:32:00,226,226,226,226,0
2021-12-23 11:33:00,226,226,226,226,0
2021-12-23 11:34:00,226,226,226,226,0
2021-12-23 11:35:00,226,226,226,226,0
2021-12-23 11:36:00,226,226,226,226,0
2021-12-23 11:37:00,226,226,226,226,0
2021-12-23 11:38:00,226,226,226,226,0
2021-12-23 11:39:00,226,226,226,226,0
2021-12-23 11:40:00,226,226,226,226,0
2021-12-23 11:41:00,226,226,226,226,0
2021-12-23 11:42:00,226,226,226,226,0
2021-12-23 11:43:00,226,226,226,226,0
2021-12-23 11:44:00,226,226,226,226,0
2021-12-23 11:45:00,226,226,226,226,0
2021-12-23 11:46:00,226,226,226,226,0
2021-12-23 11:47:00,226,226,226,226,0
2021-12-23 11:48:00,226,226,226,226,0
2021-12-23 11:49:00,226,226,226,226,0
2021-12-23 11:50:00,226,226,226,226,0
2021-12-23 11:51:00,226,226,226,226,0
2021-12-23 11:52:00,226,226,226,226,0
2021-12-23 11:53:00,226,226,226,226,0
2021-12-23 11:54:00,226,226,226,226,0
2021-12-23 11:55:00,226,226,226,226,0
2021-12-23 11:56:00,226,226,226,226,0
2021-12-23 11:57:00,226,226,226,226,0
2021-12-23 11:58:00,226,226,226,226,0
2021-12-23 11:59:00,226,226,226,226,0
2021-12-23 12:00:00,226,226,226,226,0
2021-12-23 12:01:00,226,226,226,226,0
2021-12-23 12:02:00,226,226,226,226,0
2021-12-23 12:03:00,226,226,226,226,0
2021-12-23 12:04:00,226,226,226,226,0
2021-12-23 12:05:00,226,226,226,226,0
2021-12-23 12:06:00,226,226,226,226,0
2021-12-23 12:07:00,226,226,226,226,0
2021-12-23 12:08:00,226,226,226,226,0
2021-12-23 12:09:00,226,226,226,226,0
2021-12-23 12:10:00,226,226,226,226,0
2021-12-23 12:11:00,226,226,226,226,0
2021-12-23 12:12:00,226,226,226,226,0
2021-12-23 12:13:00,226,226,226,226,0
2021-12-23 12:14:00,226,226,226,226,0
2021-12-23 12:15:00,226,226,226,226,0
2021-12-23 12:16:00,226,226,226,226,0
2021-12-23 12:17:00,226,226,226,226,0
2021-12-23 12:18:00,226,226,226,226,0
2021-12-23 12:19:00,226,226,226,226,0
2021-12-23 12:20:00,226,226,226,226,0
2021-12-23 12:21:00,226,226,226,226,0
2021-12-23 12:22:00,226,226,226,226,0
2021-12-23 12:23:00,226,226,226,226,0
2021-12-23 12:24:00,226,226,226,226,0
2021-12-23 12:25:00,226,226,226,226,0
2021-12-23 12:26:00,226,226,226,226,0
2021-12-23 12:27:00,226,226,226,226,0
2021-12-23 12:28:00,226,226,226,226,0
2021-12-23 12:29:00,226,226,226,226,0
2021-12-23 12:30:00,226,226,226,226,0
2021-12-23 12:31:00,226,226,226,226,0
2021-12-23 12:32:00,226,226,226,226,0
2021-12-23 12:33:00,226,226,226,226,0
2021-12-23 12:34:00,226,226,226,226,0
2021-12-23 12:35:00,226,226,226,226,0
2021-12-23 12:36:00,226,226,226,226,0
2021-12-23 12:37:00,226,226,226,226,0
2021-12-23 12:38:00,226,226,226,226,0
2021-12-23 12:39:00,226,226,226,226,0
2021-12-23 12:40:00,226,226,226,226,0
2021-12-23 12:41:00,226,226,226,226,0
2021-12-23 12:42:00,226,226,226,226,0
2021-12-23 12:43:00,226,226,226,226,0
2021-12-23 12:44:00,226,226,226,226,0
2021-12-23 12:45:00,226,226,226,226,0
2021-12-23 12:46:00,226,226,226,226,0
2021-12-23 12:47:00,226,226,226,226,0
2021-12-23 12:48:00,226,226,226,226,0
2021-12-23 12:49:00,226,226,226,226,0
2021-12-23 12:50:00,226,226,226,226,0
2021-12-23 12:51:00,226,226,226,226,0
2021-12-23 12:52:00,226,226,226,226,0
2021-12-23 12:53:00,226,226,226,226,0
2021-12-23 12:54:00,226,226,226,226,0
2021-12-23 12:55:00,226,226,226,226,0
2021-12-23 12:56:00,226,226,226,226,0
2021-12-23 12:57:00,226,226,226,226,0
2021-12-23 12:58:00,226,226,226,226,0
2021-12-23 12:59:00,226,226,226,226,0
2021-12-23 13:00:00,226,226,226,226,0
2021-12-23 13:01:00,226,226,226,226,0
2021-12-23 13:02:00,226,226,226,226,0
2021-12-23 13:03:00,226,226,226,226,0
2021-12-23 13:04:00,226,226,226,226,0
2021-12-23 13:05:00,226,226,226,226,0
2021-12-23 13:06:00,226,226,226,226,0
2021-12-23 13:07:00,226,226,226,226,0
2021-12-23 13:08:00,226,226,226,226,0
2021-12-23 13:09:00,226,226,226,226,0
2021-12-23 13:10:00,226,226,226,226,0
2021-12-23 13:11:00,226,226,226,226,0
2021-12-23 13:12:00,226,226,226,226,0
2021-12-23 13:13:00,226,226,226,226,0
2021-12-23 13:14:00,226,226,226,226,0
2021-12-23 13:15:00,226,226,226,226,0
2021-12-23 13:16:00,226,226,226,226,0
2021-12-23 13:17:00,226,226,226,226,0
2021-12-23 13:18:00,226,226,226,226,0
2021-12-23 13:19:00,226,226,226,226,0
2021-12-23 13:20:00,226,226,226,226,0
2021-12-23 13:21:00,226,226,226,226,0
2021-12-23 13:22:00,226,226,226,226,0
2021-12-23 13:23:00,226,226,226,226,0
2021-12-23 13:24:00,226,226,226,226,0
2021-12-23 13:25:00,226,226,226,226,0
2021-12-23 13:26:00,226,226,226,226,0
2021-12-23 13:27:00,226,226,226,226,0
2021-12-23 13:28:00,226,226,226,226,0
2021-12-23 13:29:00,226,226,226,226,0
2021-12-23 13:30:00,226,226,226,226,0
2021-12-23 13:31:00,226,226,226,226,0
2021-12-23 13:32:00,226,226,226,226,0
2021-12-23 13:33:00,226,226,226,226,0
2021-12-23 13:34:00,226,226,226,226,0
2021-12-23 13:35:00,226,226,226,226,0
2021-12-23 13:36:00,226,226,226,226,0
2021-12-23 13:37:00,226,226,226,226,0
2021-12-23 13:38:00,226,226,226,226,0
2021-12-23 13:39:00,226,226,226,226,0
2021-12-23 13:40:00,226,226,226,226,0
2021-12-23 13:41:00,226,226,226,226,0
2021-12-23 13:42:00,226,226,226,226,0
2021-12-23 13:43:00,226,226,226,226,0
2021-12-23 13:44:00,226,226,226,226,0
2021-12-23 13:45:00,226,226,226,226,0
2021-12-23 13:46:00,226,226,226,226,0
2021-12-23 13:47:00,226,226,226,226,0
2021-12-23 13:48:00,226,226,226,226,0
2021-12-23 13:49:00,226,226,226,226,0
2021-12-23 13:50:00,226,226,226,226,0
2021-12-23 13:51:00,226,226,226,226,0
2021-12-23 13:52:00,226,226,226,226,0
2021-12-23 13:53:00,226,226,226,226,0
2021-12-23 13:54:00,226,226,226,226,0
2021-12-23 13:55:00,226,226,226,226,0
2021-12-23 13:56:00,226,226,226,226,0
2021-12-23 13:57:00,226,226,226,226,0
2021-12-23 13:58:00,226,226,226,226,0
2021-12-23 13:59:00,226,226,226,226,0
2021-12-23 14:00:00,226,226,226,226,0
2021-12-23 14:01:00,226,226,226,226,0
2021-12-23 14:02:00,226,226,226,226,0
2021-12-23 14:03:00,226,226,226,226,0
2021-12-23 14:04:00,226,226,226,226,0
2021-12-23 14:05:00,226,226,226,226,0
2021-12-23 14:06:00,226,226,226,226,0
2021-12-23 14:07:00,226,226,226,226,0
2021-12-23 14:08:00,226,226,226,226,0
2021-12-23 14:09:00,226,226,226,226,0
2021-12-23 14:10:00,226,226,226,226,0
2021-12-23 14:11:00,226,226,226,226,0
2021-12-23 14:12:00,226,226,226,226,0
2021-12-23 14:13:00,226,226,226,226,0
2021-12-23 14:14:00,226,226,226,226,0
2021-12-23 14:15:00,226,226,226,226,0
2021-12-23 14:16:00,226,226,226,226,0
2021-12-23 14:17:00,226,226,226,226,0
2021-12-23 14:18:00,226,226,226,226,0
2021-12-23 14:19:00,226,226,226,226,0
2021-12-23 14:20:00,226,226,226,226,0
2021-12-23 14:21:00,226,226,226,226,0
2021-12-23 14:22:00,226,226,226,226,0
2021-12-23 14:23:00,226,226,226,226,0
2021-12-23 14:24:00,226,226,226,226,0
2021-12-23 14:25:00,226,226,226,226,0
2021-12-23 14:26:00,226,226,226,226,0
2021-12-23 14:27:00,226,226,226,226,0
2021-12-23 14:28:00,226,226,226,226,0
2021-12-23 14:29:00,226,226,226,226,0
2021-12-23 14:30:00,226,226,226,226,0
2021-12-23 14:31:00,226,226,226,226,0
2021-12-23 14:32:00,226,226,226,226,0
2021-12-23 14:33:00,226,226,226,226,0
2021-12-23 14:34:00,226,226,226,226,0
2021-12-23 14:35:00,224,224,226,226,4000
2021-12-23 14:36:00,224,224,226,226,0
2021-12-23 14:37:00,224,224,226,226,0
2021-12-23 14:38:00,224,224,226,226,0
2021-12-23 14:39:00,224,224,226,226,0
2021-12-23 14:40:00,224,224,226,226,0
2021-12-23 14:41:00,224,224,226,226,0
2021-12-23 14:42:00,224,224,226,226,0
2021-12-23 14:43:00,224,224,226,226,0
2021-12-23 14:44:00,224,224,226,226,0
2021-12-23 14:45:00,224,224,226,226,0
2021-12-23 14:46:00,224,224,226,226,0
2021-12-23 14:47:00,224,224,226,226,0
2021-12-23 14:48:00,224,224,226,226,0
2021-12-23 14:49:00,224,224,226,226,0
2021-12-23 14:50:00,224,224,226,226,0
2021-12-23 14:51:00,224,224,226,226,0
2021-12-23 14:52:00,224,224,226,226,0
2021-12-23 14:53:00,224,224,226,226,0
2021-12-23 14:54:00,224,224,226,226,0
2021-12-23 14:55:00,224,224,226,226,0
2021-12-23 14:56:00,224,224,226,226,0
2021-12-23 14:57:00,224,224,226,226,0
2021-12-23 14:58:00,224,224,226,226,0
2021-12-23 14:59:00,224,224,226,226,0
2021-12-23 15:00:00,226,226,226,226,800
2021-12-23 15:01:00,226,226,226,226,0
2021-12-23 15:02:00,226,226,226,226,0
2021-12-23 15:03:00,226,226,226,226,0
2021-12-23 15:04:00,226,226,226,226,0
2021-12-23 15:05:00,226,226,226,226,0
2021-12-23 15:06:00,226,226,226,226,0
2021-12-23 15:07:00,226,226,226,226,0
2021-12-23 15:08:00,226,226,226,226,1600
2021-12-23 15:09:00,226,226,226,226,0
2021-12-23 15:10:00,226,226,226,226,0
2021-12-23 15:11:00,226,226,226,226,0
2021-12-23 15:12:00,226,226,226,226,0
2021-12-23 15:13:00,226,226,226,226,0
2021-12-23 15:14:00,226,226,226,226,0
2021-12-23 15:15:00,226,226,226,226,0
2021-12-23 15:16:00,226,226,226,226,0
2021-12-23 15:17:00,226,226,226,226,0
2021-12-23 15:18:00,226,226,226,226,0
2021-12-23 15:19:00,226,226,226,226,0
2021-12-23 15:20:00,226,226,226,226,0
2021-12-23 15:21:00,226,226,226,226,0
2021-12-23 15:22:00,226,226,226,226,0
2021-12-23 15:23:00,226,226,226,226,0
2021-12-23 15:24:00,226,226,226,226,0
2021-12-23 15:25:00,226,226,226,226,0
2021-12-23 15:26:00,226,226,226,226,0
2021-12-23 15:27:00,226,226,226,226,0
2021-12-23 15:28:00,226,226,226,226,0
2021-12-23 15:29:00,226,226,226,226,0
2021-12-23 15:30:00,226,226,226,226,0
2021-12-23 15:31:00,226,226,226,226,0
2021-12-23 15:32:00,226,226,226,226,0
2021-12-23 15:33:00,226,226,226,226,0
2021-12-23 15:34:00,226,226,226,226,0
2021-12-23 15:35:00,226,226,226,226,0
2021-12-23 15:36:00,226,226,226,226,0
2021-12-23 15:37:00,226,226,226,226,0
2021-12-23 15:38:00,226,226,226,226,0
2021-12-23 15:39:00,226,226,226,226,0
2021-12-23 15:40:00,226,226,226,226,0
2021-12-23 15:41:00,226,226,226,226,0
2021-12-23 15:42:00,226,226,226,226,0
2021-12-23 15:43:00,226,226,226,226,0
2021-12-23 15:44:00,226,226,226,226,0
2021-12-23 15:45:00,226,226,226,226,0
2021-12-23 15:46:00,226,226,226,226,0
2021-12-23 15:47:00,226,226,226,226,0
2021-12-23 15:48:00,226,226,226,226,0
2021-12-23 15:49:00,226,226,226,226,0
2021-12-23 15:50:00,226,226,226,226,0
2021-12-23 15:51:00,226,226,226,226,0
2021-12-23 15:52:00,226,226,226,226,0
2021-12-23 15:53:00,226,226,226,226,0
2021-12-23 15:54:00,226,226,226,226,0
2021-12-23 15:55:00,226,226,226,226,0
2021-12-23 15:56:00,226,226,226,226,0
2021-12-23 15:57:00,226,226,226,226,0
2021-12-23 15:58:00,226,226,226,226,0
2021-12-23 15:59:00,226,226,226,226,0
2021-12-24 09:00:00,226,226,226,226,0
2021-12-24 09:01:00,226,226,226,226,0
2021-12-24 09:02:00,226,226,226,226,0
2021-12-24 09:03:00,226,226,226,226,0
2021-12-24 09:04:00,226,226,226,226,0
2021-12-24 09:05:00,226,226,226,226,0
2021-12-24 09:06:00,226,226,226,226,0
2021-12-24 09:07:00,226,226,226,226,0
2021-12-24 09:08:00,226,226,226,226,0
2021-12-24 09:09:00,226,226,226,226,0
2021-12-24 09:10:00,226,226,226,226,0
2021-12-24 09:11:00,226,226,226,226,0
2021-12-24 09:12:00,226,226,226,226,0
2021-12-24 09:13:00,226,226,226,226,0
2021-12-24 09:14:00,226,226,226,226,0
2021-12-24 09:15:00,226,226,226,226,0
2021-12-24 09:16:00,226,226,226,226,0
2021-12-24 09:17:00,226,226,226,226,0
2021-12-24 09:18:00,226,226,226,226,0
2021-12-24 09:19:00,226,226,226,226,0
2021-12-24 09:20:00,226,226,226,226,0
2021-12-24 09:21:00,226,226,226,226,0
2021-12-24 09:22:00,226,226,226,226,0
2021-12-24 09:23:00,226,226,226,226,0
2021-12-24 09:24:00,226,226,226,226,0
2021-12-24 09:25:00,226,226,226,226,0
2021-12-24 09:26:00,226,226,226,226,0
2021-12-24 09:27:00,226,226,226,226,0
2021-12-24 09:28:00,226,226,226,226,0
2021-12-24 09:29:00,226,226,226,226,0
2021-12-24 09:30:00,226,226,226,226,0
2021-12-24 09:31:00,226,226,226,226,0
2021-12-24 09:32:00,226,226,226,226,0
2021-12-24 09:33:00,226,226,226,226,0
2021-12-24 09:34:00,226,226,226,226,0
2021-12-24 09:35:00,226,226,226,226,0
2021-12-24 09:36:00,226,226,226,226,0
2021-12-24 09:37:00,226,226,226,226,0
2021-12-24 09:38:00,226,226,226,226,0
2021-12-24 09:39:00,226,226,226,226,0
2021-12-24 09:40:00,226,226,226,226,0
2021-12-24 09:41:00,226,226,226,226,0
2021-12-24 09:42:00,226,226,226,226,0
2021-12-24 09:43:00,226,226,226,226,0
2021-12-24 09:44:00,226,226,226,226,0
2021-12-24 09:45:00,226,226,226,226,0
2021-12-24 09:46:00,226,226,226,226,0
2021-12-24 09:47:00,226,226,226,226,0
2021-12-24 09:48:00,226,226,226,226,0
2021-12-24 09:49:00,226,226,226,226,0
2021-12-24 09:50:00,214,212,214,212,16500
2021-12-24 09:51:00,214,212,214,212,0
2021-12-24 09:52:00,214,212,214,212,0
2021-12-24 09:53:00,214,212,214,212,0
2021-12-24 09:54:00,214,212,214,212,0
2021-12-24 09:55:00,214,212,214,212,0
2021-12-24 09:56:00,214,212,214,212,0
2021-12-24 09:57:00,214,212,214,212,0
2021-12-24 09:58:00,214,212,214,212,0
2021-12-24 09:59:00,214,212,214,212,0
2021-12-24 10:00:00,214,212,214,212,0
2021-12-24 10:01:00,214,212,214,212,0
2021-12-24 10:02:00,214,212,214,212,0
2021-12-24 10:03:00,214,212,214,212,0
2021-12-24 10:04:00,214,212,214,212,0
2021-12-24 10:05:00,214,212,214,212,0
2021-12-24 10:06:00,214,212,214,212,0
2021-12-24 10:07:00,214,212,214,212,0
2021-12-24 10:08:00,214,212,214,212,0
2021-12-24 10:09:00,214,212,214,212,0
2021-12-24 10:10:00,214,212,214,212,0
2021-12-24 10:11:00,214,212,214,212,0
2021-12-24 10:12:00,214,212,214,212,0
2021-12-24 10:13:00,214,212,214,212,0
2021-12-24 10:14:00,214,212,214,212,0
2021-12-24 10:15:00,214,212,214,212,0
2021-12-24 10:16:00,214,212,214,212,0
2021-12-24 10:17:00,214,212,214,212,0
2021-12-24 10:18:00,214,212,214,212,0
2021-12-24 10:19:00,214,212,214,212,0
2021-12-24 10:20:00,214,212,214,212,0
2021-12-24 10:21:00,214,212,214,212,0
2021-12-24 10:22:00,214,212,214,212,0
2021-12-24 10:23:00,214,212,214,212,0
2021-12-24 10:24:00,214,212,214,212,0
2021-12-24 10:25:00,214,212,214,212,0
2021-12-24 10:26:00,214,212,214,212,0
2021-12-24 10:27:00,214,212,214,212,0
2021-12-24 10:28:00,214,212,214,212,0
2021-12-24 10:29:00,216,212,216,212,4000
2021-12-24 10:30:00,216,212,216,212,0
2021-12-24 10:31:00,216,212,216,212,0
2021-12-24 10:32:00,216,212,216,212,0
2021-12-24 10:33:00,216,212,216,212,0
2021-12-24 10:34:00,216,212,216,212,0
2021-12-24 10:35:00,216,212,216,212,0
2021-12-24 10:36:00,216,212,216,212,0
2021-12-24 10:37:00,216,212,216,212,0
2021-12-24 10:38:00,216,212,216,212,0
2021-12-24 10:39:00,216,212,216,212,0
2021-12-24 10:40:00,216,212,216,212,0
2021-12-24 10:41:00,216,212,216,212,0
2021-12-24 10:42:00,216,212,216,212,0
2021-12-24 10:43:00,216,212,216,212,0
2021-12-24 10:44:00,216,212,216,212,0
2021-12-24 10:45:00,216,212,216,212,0
2021-12-24 10:46:00,216,212,216,212,0
2021-12-24 10:47:00,216,212,216,212,0
2021-12-24 10:48:00,216,212,216,212,0
2021-12-24 10:49:00,216,212,216,212,0
2021-12-24 10:50:00,216,212,216,212,0
2021-12-24 10:51:00,216,212,216,212,0
2021-12-24 10:52:00,216,212,216,212,0
2021-12-24 10:53:00,216,212,216,212,0
2021-12-24 10:54:00,216,212,216,212,0
2021-12-24 10:55:00,216,212,216,212,0
2021-12-24 10:56:00,216,212,216,212,0
2021-12-24 10:57:00,216,212,216,212,0
2021-12-24 10:58:00,216,212,216,212,0
2021-12-24 10:59:00,216,212,216,212,0
2021-12-24 11:00:00,216,212,216,212,0
2021-12-24 11:01:00,216,212,216,212,0
2021-12-24 11:02:00,216,212,216,212,0
2021-12-24 11:03:00,216,212,216,212,0
2021-12-24 11:04:00,216,212,216,212,0
2021-12-24 11:05:00,216,212,216,212,0
2021-12-24 11:06:00,216,212,216,212,0
2021-12-24 11:07:00,216,212,216,212,0
2021-12-24 11:08:00,216,212,216,212,0
2021-12-24 11:09:00,216,212,216,212,0
2021-12-24 11:10:00,216,212,216,212,0
2021-12-24 11:11:00,216,212,216,212,0
2021-12-24 11:12:00,216,212,216,212,0
2021-12-24 11:13:00,216,212,216,212,0
2021-12-24 11:14:00,216,212,216,212,0
2021-12-24 11:15:00,216,212,216,212,0
2021-12-24 11:16:00,216,212,216,212,0
2021-12-24 11:17:00,216,212,216,212,0
2021-12-24 11:18:00,216,212,216,212,0
2021-12-24 11:19:00,216,212,216,212,0
2021-12-24 11:20:00,216,212,216,212,0
2021-12-24 11:21:00,216,212,216,212,0
2021-12-24 11:22:00,216,212,216,212,0
2021-12-24 11:23:00,216,212,216,212,0
2021-12-24 11:24:00,216,212,216,212,0
2021-12-24 11:25:00,216,212,216,212,0
2021-12-24 11:26:00,216,212,216,212,0
2021-12-24 11:27:00,216,212,216,212,0
2021-12-24 11:28:00,216,212,216,212,0
2021-12-24 11:29:00,216,212,216,212,0
2021-12-24 11:30:00,216,212,216,212,0
2021-12-24 11:31:00,216,212,216,212,0
2021-12-24 11:32:00,216,212,216,212,0
2021-12-24 11:33:00,216,212,216,212,0
2021-12-24 11:34:00,216,212,216,212,0
2021-12-24 11:35:00,216,212,216,212,0
2021-12-24 11:36:00,216,212,216,212,0
2021-12-24 11:37:00,216,212,216,212,0
2021-12-24 11:38:00,216,212,216,212,0
2021-12-24 11:39:00,216,212,216,212,0
2021-12-24 11:40:00,216,212,216,212,0
2021-12-24 11:41:00,216,212,216,212,0
2021-12-24 11:42:00,216,212,216,212,0
2021-12-24 11:43:00,216,212,216,212,0
2021-12-24 11:44:00,216,212,216,212,0
2021-12-24 11:45:00,216,212,216,212,0
2021-12-24 11:46:00,216,212,216,212,0
2021-12-24 11:47:00,216,212,216,212,0
2021-12-24 11:48:00,216,212,216,212,0
2021-12-24 11:49:00,216,212,216,212,0
2021-12-24 11:50:00,216,212,216,212,0
2021-12-24 11:51:00,216,212,216,212,0
2021-12-24 11:52:00,216,212,216,212,0
2021-12-24 11:53:00,216,212,216,212,0
2021-12-24 11:54:00,216,212,216,212,0
2021-12-24 11:55:00,216,212,216,212,0
2021-12-24 11:56:00,216,212,216,212,0
2021-12-24 11:57:00,216,212,216,212,0
2021-12-24 11:58:00,216,212,216,212,0
2021-12-24 11:59:00,216,212,216,212,0
2021-12-24 12:00:00,216,212,216,212,0
2021-12-24 12:01:00,216,212,216,212,0
2021-12-24 12:02:00,216,212,216,212,0
2021-12-24 12:03:00,216,212,216,212,0
2021-12-24 12:04:00,216,212,216,212,0
2021-12-24 12:05:00,216,212,216,212,0
2021-12-24 12:06:00,216,212,216,212,0
2021-12-24 12:07:00,216,212,216,212,0
2021-12-24 12:08:00,216,212,216,212,0
2021-12-24 12:09:00,216,212,216,212,0
2021-12-24 12:10:00,216,212,216,212,0
2021-12-24 12:11:00,216,212,216,212,0
2021-12-24 12:12:00,216,212,216,212,0
2021-12-24 12:13:00,216,212,216,212,0
2021-12-24 12:14:00,216,212,216,212,0
2021-12-24 12:15:00,216,212,216,212,0
2021-12-24 12:16:00,216,212,216,212,0
2021-12-24 12:17:00,216,212,216,212,0
2021-12-24 12:18:00,216,212,216,212,0
2021-12-24 12:19:00,216,212,216,212,0
2021-12-24 12:20:00,216,212,216,212,0
2021-12-24 12:21:00,216,212,216,212,0
2021-12-24 12:22:00,216,212,216,212,0
2021-12-24 12:23:00,216,212,216,212,0
2021-12-24 12:24:00,216,212,216,212,0
2021-12-24 12:25:00,216,212,216,212,0
2021-12-24 12:26:00,216,212,216,212,0
2021-12-24 12:27:00,216,212,216,212,0
2021-12-24 12:28:00,216,212,216,212,0
2021-12-24 12:29:00,216,212,216,212,0
2021-12-24 12:30:00,216,212,216,212,0
2021-12-24 12:31:00,216,212,216,212,0
2021-12-24 12:32:00,216,212,216,212,0
2021-12-24 12:33:00,216,212,216,212,0
2021-12-24 12:34:00,216,212,216,212,0
2021-12-24 12:35:00,216,212,216,212,0
2021-12-24 12:36:00,216,212,216,212,0
2021-12-24 12:37:00,216,212,216,212,0
2021-12-24 12:38:00,216,212,216,212,0
2021-12-24 12:39:00,216,212,216,212,0
2021-12-24 12:40:00,216,212,216,212,0
2021-12-24 12:41:00,216,212,216,212,0
2021-12-24 12:42:00,216,212,216,212,0
2021-12-24 12:43:00,216,212,216,212,0
2021-12-24 12:44:00,216,212,216,212,0
2021-12-24 12:45:00,216,212,216,212,0
2021-12-24 12:46:00,216,212,216,212,0
2021-12-24 12:47:00,216,212,216,212,0
2021-12-24 12:48:00,216,212,216,212,0
2021-12-24 12:49:00,216,212,216,212,0
2021-12-24 12:50:00,216,212,216,212,0
2021-12-24 12:51:00,216,212,216,212,0
2021-12-24 12:52:00,216,212,216,212,0
2021-12-24 12:53:00,216,212,216,212,0
2021-12-24 12:54:00,216,212,216,212,0
2021-12-24 12:55:00,216,212,216,212,0
2021-12-24 12:56:00,216,212,216,212,0
2021-12-24 12:57:00,216,212,216,212,0
2021-12-24 12:58:00,216,212,216,212,0
2021-12-24 12:59:00,216,212,216,212,0
2021-12-24 13:00:00,216,212,216,212,0
2021-12-24 13:01:00,216,212,216,212,0
2021-12-24 13:02:00,216,212,216,212,0
2021-12-24 13:03:00,216,212,216,212,0
2021-12-24 13:04:00,216,212,216,212,0
2021-12-24 13:05:00,216,212,216,212,0
2021-12-24 13:06:00,216,212,216,212,0
2021-12-24 13:07:00,216,212,216,212,0
2021-12-24 13:08:00,216,212,216,212,0
2021-12-24 13:09:00,216,212,216,212,0
2021-12-24 13:10:00,216,212,216,212,0
2021-12-24 13:11:00,216,212,216,212,0
2021-12-24 13:12:00,216,212,216,212,0
2021-12-24 13:13:00,216,212,216,212,0
2021-12-24 13:14:00,216,212,216,212,0
2021-12-24 13:15:00,216,212,216,212,0
2021-12-24 13:16:00,216,212,216,212,0
2021-12-24 13:17:00,216,212,216,212,0
2021-12-24 13:18:00,216,212,216,212,0
2021-12-24 13:19:00,216,212,216,212,0
2021-12-24 13:20:00,216,212,216,212,0
2021-12-24 13:21:00,216,212,216,212,0
2021-12-24 13:22:00,216,212,216,212,0
2021-12-24 13:23:00,216,212,216,212,0
2021-12-24 13:24:00,216,212,216,212,0
2021-12-24 13:25:00,216,212,216,212,0
2021-12-24 13:26:00,216,212,216,212,0
2021-12-24 13:27:00,216,212,216,212,0
2021-12-24 13:28:00,216,212,216,212,0
2021-12-24 13:29:00,216,212,216,212,0
2021-12-24 13:30:00,216,212,216,212,0
2021-12-24 13:31:00,216,212,216,212,0
2021-12-24 13:32:00,216,212,216,212,0
2021-12-24 13:33:00,216,212,216,212,0
2021-12-24 13:34:00,216,212,216,212,0
2021-12-24 13:35:00,216,212,216,212,0
2021-12-24 13:36:00,216,212,216,212,0
2021-12-24 13:37:00,216,212,216,212,0
2021-12-24 13:38:00,216,212,216,212,0
2021-12-24 13:39:00,216,212,216,212,0
2021-12-24 13:40:00,216,212,216,212,0
2021-12-24 13:41:00,216,212,216,212,0
2021-12-24 13:42:00,216,212,216,212,0
2021-12-24 13:43:00,216,212,216,212,0
2021-12-24 13:44:00,216,212,216,212,0
2021-12-24 13:45:00,216,212,216,212,0
2021-12-24 13:46:00,216,212,216,212,0
2021-12-24 13:47:00,216,212,216,212,0
2021-12-24 13:48:00,216,212,216,212,0
2021-12-24 13:49:00,216,212,216,212,0
2021-12-24 13:50:00,216,212,216,212,0
2021-12-24 13:51:00,216,212,216,212,0
2021-12-24 13:52:00,216,212,216,212,0
2021-12-24 13:53:00,216,212,216,212,0
2021-12-24 13:54:00,216,212,216,212,0
2021-12-24 13:55:00,216,212,216,212,0
2021-12-24 13:56:00,216,212,216,212,0
2021-12-24 13:57:00,216,212,216,212,0
2021-12-24 13:58:00,216,212,216,212,0
2021-12-24 13:59:00,216,212,216,212,0
2021-12-24 14:00:00,216,212,216,212,0
2021-12-24 14:01:00,216,212,216,212,0
2021-12-24 14:02:00,216,212,216,212,0
2021-12-24 14:03:00,216,212,216,212,1700
2021-12-24 14:04:00,216,212,216,212,0
2021-12-24 14:05:00,216,212,216,212,0
2021-12-24 14:06:00,216,212,216,212,0
2021-12-24 14:07:00,216,212,216,212,0
2021-12-24 14:08:00,216,212,216,212,0
2021-12-24 14:09:00,216,212,216,212,0
2021-12-24 14:10:00,216,212,216,212,0
2021-12-24 14:11:00,216,212,216,212,0
2021-12-24 14:12:00,216,212,216,212,0
2021-12-24 14:13:00,216,212,216,212,0
2021-12-24 14:14:00,216,212,216,212,0
2021-12-24 14:15:00,216,212,216,212,0
2021-12-24 14:16:00,216,212,216,212,0
2021-12-24 14:17:00,216,212,216,212,0
2021-12-24 14:18:00,216,212,216,212,0
2021-12-24 14:19:00,216,212,216,212,0
2021-12-24 14:20:00,216,212,216,212,0
2021-12-24 14:21:00,216,212,216,212,0
2021-12-24 14:22:00,216,212,216,212,0
2021-12-24 14:23:00,216,212,216,212,0
2021-12-24 14:24:00,216,212,216,212,0
2021-12-24 14:25:00,216,212,216,212,0
2021-12-24 14:26:00,216,212,216,212,0
2021-12-24 14:27:00,216,212,216,212,0
2021-12-24 14:28:00,216,212,216,212,0
2021-12-24 14:29:00,216,212,216,212,0
2021-12-24 14:30:00,216,212,216,212,0
2021-12-24 14:31:00,216,212,216,212,0
2021-12-24 14:32:00,216,212,216,212,0
2021-12-24 14:33:00,216,212,216,212,0
2021-12-24 14:34:00,216,212,216,212,0
2021-12-24 14:35:00,216,212,216,212,0
2021-12-24 14:36:00,216,212,216,212,0
2021-12-24 14:37:00,216,212,216,212,0
2021-12-24 14:38:00,216,212,216,212,0
2021-12-24 14:39:00,216,212,216,212,0
2021-12-24 14:40:00,216,212,216,212,0
2021-12-24 14:41:00,216,212,216,212,0
2021-12-24 14:42:00,216,212,216,212,0
2021-12-24 14:43:00,216,212,216,212,0
2021-12-24 14:44:00,216,212,216,212,0
2021-12-24 14:45:00,216,212,216,212,0
2021-12-24 14:46:00,216,212,216,212,0
2021-12-24 14:47:00,216,212,216,212,0
2021-12-24 14:48:00,216,212,216,212,0
2021-12-24 14:49:00,216,212,216,212,0
2021-12-24 14:50:00,216,212,216,212,0
2021-12-24 14:51:00,216,212,216,212,0
2021-12-24 14:52:00,216,212,216,212,0
2021-12-24 14:53:00,216,212,216,212,0
2021-12-24 14:54:00,216,212,216,212,0
2021-12-24 14:55:00,216,212,216,212,0
2021-12-24 14:56:00,216,212,216,212,0
2021-12-24 14:57:00,216,212,216,212,0
2021-12-24 14:58:00,216,212,216,212,0
2021-12-24 14:59:00,216,212,216,212,0
2021-12-24 15:00:00,216,212,216,212,0
2021-12-24 15:01:00,216,212,216,212,0
2021-12-24 15:02:00,216,212,216,212,0
2021-12-24 15:03:00,216,212,216,212,0
2021-12-24 15:04:00,216,212,216,212,0
2021-12-24 15:05:00,216,212,216,212,0
2021-12-24 15:06:00,216,212,216,212,0
2021-12-24 15:07:00,216,212,216,212,0
2021-12-24 15:08:00,216,212,216,212,0
2021-12-24 15:09:00,216,212,216,212,0
2021-12-24 15:10:00,216,212,216,212,0
2021-12-24 15:11:00,216,212,216,212,0
2021-12-24 15:12:00,216,212,216,212,0
2021-12-24 15:13:00,216,212,216,212,0
2021-12-24 15:14:00,216,212,216,212,0
2021-12-24 15:15:00,216,212,216,212,0
2021-12-24 15:16:00,216,212,216,212,0
2021-12-24 15:17:00,216,212,216,212,0
2021-12-24 15:18:00,216,212,216,212,0
2021-12-24 15:19:00,216,212,216,212,0
2021-12-24 15:20:00,216,212,216,212,0
2021-12-24 15:21:00,216,212,216,212,0
2021-12-24 15:22:00,216,212,216,212,0
2021-12-24 15:23:00,216,212,216,212,0
2021-12-24 15:24:00,216,212,216,212,0
2021-12-24 15:25:00,216,212,216,212,0
2021-12-24 15:26:00,216,212,216,212,0
2021-12-24 15:27:00,216,212,216,212,0
2021-12-24 15:28:00,216,212,216,212,0
2021-12-24 15:29:00,216,212,216,212,0
2021-12-24 15:30:00,216,212,216,212,0
2021-12-24 15:31:00,216,212,216,212,0
2021-12-24 15:32:00,216,212,216,212,0
2021-12-24 15:33:00,216,212,216,212,0
2021-12-24 15:34:00,216,212,216,212,0
2021-12-24 15:35:00,216,212,216,212,0
2021-12-24 15:36:00,216,212,216,212,0
2021-12-24 15:37:00,216,212,216,212,0
2021-12-24 15:38:00,216,212,216,212,0
2021-12-24 15:39:00,216,212,216,212,0
2021-12-24 15:40:00,216,212,216,212,0
2021-12-24 15:41:00,216,212,216,212,0
2021-12-24 15:42:00,216,212,216,212,0
2021-12-24 15:43:00,216,212,216,212,0
2021-12-24 15:44:00,216,212,216,212,0
2021-12-24 15:45:00,216,212,216,212,0
2021-12-24 15:46:00,216,212,216,212,0
2021-12-24 15:47:00,216,212,216,212,0
2021-12-24 15:48:00,216,212,216,212,0
2021-12-24 15:49:00,216,212,216,212,0
2021-12-24 15:50:00,216,212,216,212,0
2021-12-24 15:51:00,216,212,216,212,0
2021-12-24 15:52:00,216,212,216,212,0
2021-12-24 15:53:00,216,212,216,212,0
2021-12-24 15:54:00,216,212,216,212,0
2021-12-24 15:55:00,216,212,216,212,0
2021-12-24 15:56:00,216,212,216,212,0
2021-12-24 15:57:00,216,212,216,212,0
2021-12-24 15:58:00,216,212,216,212,0
2021-12-24 15:59:00,216,212,216,212,0
2021-12-27 09:00:00,262,262,264,264,0
2021-12-27 09:01:00,264,264,264,264,8200
2021-12-27 09:02:00,264,264,264,264,1300
2021-12-27 09:03:00,264,264,264,264,12000
2021-12-27 09:04:00,264,264,264,264,151500
2021-12-27 09:05:00,264,264,264,264,1800
2021-12-27 09:06:00,264,264,264,264,0
2021-12-27 09:07:00,264,264,264,264,10800
2021-12-27 09:08:00,264,264,264,264,0
2021-12-27 09:09:00,264,264,264,264,200
2021-12-27 09:10:00,264,264,264,264,181300
2021-12-27 09:11:00,264,264,264,264,1100
2021-12-27 09:12:00,264,264,264,264,2500
2021-12-27 09:13:00,264,264,264,264,0
2021-12-27 09:14:00,264,264,264,264,4100
2021-12-27 09:15:00,264,264,264,264,0
2021-12-27 09:16:00,264,264,264,264,0
2021-12-27 09:17:00,264,264,264,264,0
2021-12-27 09:18:00,264,264,264,264,0
2021-12-27 09:19:00,264,264,264,264,0
2021-12-27 09:20:00,264,264,264,264,200
2021-12-27 09:21:00,264,264,264,264,0
2021-12-27 09:22:00,264,264,264,264,0
2021-12-27 09:23:00,264,264,264,264,2200
2021-12-27 09:24:00,264,264,264,264,100
2021-12-27 09:25:00,264,264,264,264,0
2021-12-27 09:26:00,264,264,264,264,0
2021-12-27 09:27:00,264,264,264,264,5000
2021-12-27 09:28:00,264,264,264,264,100
2021-12-27 09:29:00,264,264,264,264,0
2021-12-27 09:30:00,264,264,264,264,0
2021-12-27 09:31:00,264,264,264,264,0
2021-12-27 09:32:00,264,264,264,264,0
2021-12-27 09:33:00,264,264,264,264,0
2021-12-27 09:34:00,264,264,264,264,0
2021-12-27 09:35:00,264,264,264,264,0
2021-12-27 09:36:00,264,264,264,264,0
2021-12-27 09:37:00,264,264,264,264,0
2021-12-27 09:38:00,264,264,264,264,0
2021-12-27 09:39:00,264,264,264,264,0
2021-12-27 09:40:00,264,264,264,264,0
2021-12-27 09:41:00,264,264,264,264,0
2021-12-27 09:42:00,264,264,264,264,0
2021-12-27 09:43:00,264,264,264,264,0
2021-12-27 09:44:00,264,264,264,264,1000
2021-12-27 09:45:00,264,264,264,264,300
2021-12-27 09:46:00,264,264,264,264,0
2021-12-27 09:47:00,264,264,264,264,0
2021-12-27 09:48:00,264,264,264,264,500
2021-12-27 09:49:00,264,264,264,264,0
2021-12-27 09:50:00,264,264,264,264,0
2021-12-27 09:51:00,264,264,264,264,0
2021-12-27 09:52:00,264,264,264,264,200
2021-12-27 09:53:00,264,264,264,264,0
2021-12-27 09:54:00,264,264,264,264,0
2021-12-27 09:55:00,264,264,264,264,0
2021-12-27 09:56:00,264,264,264,264,0
2021-12-27 09:57:00,264,264,264,264,0
2021-12-27 09:58:00,264,264,264,264,6800
2021-12-27 09:59:00,264,264,264,264,0
2021-12-27 10:00:00,264,264,264,264,0
2021-12-27 10:01:00,264,264,264,264,0
2021-12-27 10:02:00,264,264,264,264,0
2021-12-27 10:03:00,264,264,264,264,19400
2021-12-27 10:04:00,264,264,264,264,0
2021-12-27 10:05:00,264,264,264,264,0
2021-12-27 10:06:00,264,264,264,264,0
2021-12-27 10:07:00,264,264,264,264,0
2021-12-27 10:08:00,264,264,264,264,0
2021-12-27 10:09:00,264,264,264,264,0
2021-12-27 10:10:00,264,264,264,264,0
2021-12-27 10:11:00,264,264,264,264,0
2021-12-27 10:12:00,264,264,264,264,0
2021-12-27 10:13:00,264,264,264,264,0
2021-12-27 10:14:00,264,264,264,264,0
2021-12-27 10:15:00,264,264,264,264,1000
2021-12-27 10:16:00,264,264,264,264,0
2021-12-27 10:17:00,264,264,264,264,0
2021-12-27 10:18:00,264,264,264,264,0
2021-12-27 10:19:00,264,264,264,264,0
2021-12-27 10:20:00,264,264,264,264,0
2021-12-27 10:21:00,264,264,264,264,0
2021-12-27 10:22:00,264,264,264,264,0
2021-12-27 10:23:00,264,264,264,264,0
2021-12-27 10:24:00,264,264,264,264,0
2021-12-27 10:25:00,264,264,264,264,0
2021-12-27 10:26:00,264,264,264,264,0
2021-12-27 10:27:00,264,264,264,264,10000
2021-12-27 10:28:00,264,264,264,264,0
2021-12-27 10:29:00,264,264,264,264,0
2021-12-27 10:30:00,264,264,264,264,0
2021-12-27 10:31:00,264,264,264,264,0
2021-12-27 10:32:00,264,264,264,264,0
2021-12-27 10:33:00,264,264,264,264,0
2021-12-27 10:34:00,264,264,264,264,0
2021-12-27 10:35:00,264,264,264,264,0
2021-12-27 10:36:00,264,264,264,264,0
2021-12-27 10:37:00,264,264,264,264,0
2021-12-27 10:38:00,264,264,264,264,0
2021-12-27 10:39:00,264,264,264,264,0
2021-12-27 10:40:00,264,264,264,264,0
2021-12-27 10:41:00,264,264,264,264,0
2021-12-27 10:42:00,264,264,264,264,0
2021-12-27 10:43:00,264,264,264,264,0
2021-12-27 10:44:00,264,264,264,264,0
2021-12-27 10:45:00,264,264,264,264,0
2021-12-27 10:46:00,264,264,264,264,0
2021-12-27 10:47:00,264,264,264,264,0
2021-12-27 10:48:00,264,264,264,264,0
2021-12-27 10:49:00,264,264,264,264,0
2021-12-27 10:50:00,264,264,264,264,0
2021-12-27 10:51:00,264,264,264,264,0
2021-12-27 10:52:00,264,264,264,264,0
2021-12-27 10:53:00,264,264,264,264,0
2021-12-27 10:54:00,264,264,264,264,0
2021-12-27 10:55:00,264,264,264,264,0
2021-12-27 10:56:00,264,264,264,264,0
2021-12-27 10:57:00,264,264,264,264,0
2021-12-27 10:58:00,264,264,264,264,0
2021-12-27 10:59:00,264,264,264,264,0
2021-12-27 11:00:00,264,264,264,264,0
2021-12-27 11:01:00,264,264,264,264,0
2021-12-27 11:02:00,264,264,264,264,0
2021-12-27 11:03:00,264,264,264,264,0
2021-12-27 11:04:00,264,264,264,264,0
2021-12-27 11:05:00,264,264,264,264,0
2021-12-27 11:06:00,264,264,264,264,300
2021-12-27 11:07:00,264,264,264,264,0
2021-12-27 11:08:00,264,264,264,264,0
2021-12-27 11:09:00,264,264,264,264,0
2021-12-27 11:10:00,264,264,264,264,0
2021-12-27 11:11:00,264,264,264,264,0
2021-12-27 11:12:00,264,264,264,264,0
2021-12-27 11:13:00,264,264,264,264,0
2021-12-27 11:14:00,264,264,264,264,49700
2021-12-27 11:15:00,264,264,264,264,0
2021-12-27 11:16:00,264,264,264,264,0
2021-12-27 11:17:00,264,264,264,264,5000
2021-12-27 11:18:00,264,264,264,264,0
2021-12-27 11:19:00,264,264,264,264,0
2021-12-27 11:20:00,264,264,264,264,0
2021-12-27 11:21:00,264,264,264,264,0
2021-12-27 11:22:00,264,264,264,264,0
2021-12-27 11:23:00,264,264,264,264,0
2021-12-27 11:24:00,264,264,264,264,0
2021-12-27 11:25:00,264,264,264,264,0
2021-12-27 11:26:00,264,264,264,264,0
2021-12-27 11:27:00,264,264,264,264,0
2021-12-27 11:28:00,264,264,264,264,0
2021-12-27 11:29:00,264,264,264,264,100
2021-12-27 11:30:00,264,264,264,264,0
2021-12-27 11:31:00,264,264,264,264,0
2021-12-27 11:32:00,264,264,264,264,0
2021-12-27 11:33:00,264,264,264,264,0
2021-12-27 11:34:00,264,264,264,264,0
2021-12-27 11:35:00,264,264,264,264,0
2021-12-27 11:36:00,264,264,264,264,0
2021-12-27 11:37:00,264,264,264,264,0
2021-12-27 11:38:00,264,264,264,264,0
2021-12-27 11:39:00,264,264,264,264,0
2021-12-27 11:40:00,264,264,264,264,0
2021-12-27 11:41:00,264,264,264,264,0
2021-12-27 11:42:00,264,264,264,264,0
2021-12-27 11:43:00,264,264,264,264,0
2021-12-27 11:44:00,264,264,264,264,0
2021-12-27 11:45:00,264,264,264,264,0
2021-12-27 11:46:00,264,264,264,264,0
2021-12-27 11:47:00,264,264,264,264,0
2021-12-27 11:48:00,264,264,264,264,0
2021-12-27 11:49:00,264,264,264,264,0
2021-12-27 11:50:00,264,264,264,264,0
2021-12-27 11:51:00,264,264,264,264,0
2021-12-27 11:52:00,264,264,264,264,0
2021-12-27 11:53:00,264,264,264,264,0
2021-12-27 11:54:00,264,264,264,264,0
2021-12-27 11:55:00,264,264,264,264,0
2021-12-27 11:56:00,264,264,264,264,0
2021-12-27 11:57:00,264,264,264,264,0
2021-12-27 11:58:00,264,264,264,264,0
2021-12-27 11:59:00,264,264,264,264,0
2021-12-27 12:00:00,264,264,264,264,0
2021-12-27 12:01:00,264,264,264,264,0
2021-12-27 12:02:00,264,264,264,264,0
2021-12-27 12:03:00,264,264,264,264,0
2021-12-27 12:04:00,264,264,264,264,0
2021-12-27 12:05:00,264,264,264,264,0
2021-12-27 12:06:00,264,264,264,264,0
2021-12-27 12:07:00,264,264,264,264,0
2021-12-27 12:08:00,264,264,264,264,0
2021-12-27 12:09:00,264,264,264,264,0
2021-12-27 12:10:00,264,264,264,264,0
2021-12-27 12:11:00,264,264,264,264,0
2021-12-27 12:12:00,264,264,264,264,0
2021-12-27 12:13:00,264,264,264,264,0
2021-12-27 12:14:00,264,264,264,264,0
2021-12-27 12:15:00,264,264,264,264,0
2021-12-27 12:16:00,264,264,264,264,0
2021-12-27 12:17:00,264,264,264,264,0
2021-12-27 12:18:00,264,264,264,264,0
2021-12-27 12:19:00,264,264,264,264,0
2021-12-27 12:20:00,264,264,264,264,0
2021-12-27 12:21:00,264,264,264,264,0
2021-12-27 12:22:00,264,264,264,264,0
2021-12-27 12:23:00,264,264,264,264,0
2021-12-27 12:24:00,264,264,264,264,0
2021-12-27 12:25:00,264,264,264,264,0
2021-12-27 12:26:00,264,264,264,264,0
2021-12-27 12:27:00,264,264,264,264,0
2021-12-27 12:28:00,264,264,264,264,0
2021-12-27 12:29:00,264,264,264,264,0
2021-12-27 12:30:00,264,264,264,264,0
2021-12-27 12:31:00,264,264,264,264,0
2021-12-27 12:32:00,264,264,264,264,0
2021-12-27 12:33:00,264,264,264,264,0
2021-12-27 12:34:00,264,264,264,264,0
2021-12-27 12:35:00,264,264,264,264,0
2021-12-27 12:36:00,264,264,264,264,0
2021-12-27 12:37:00,264,264,264,264,0
2021-12-27 12:38:00,264,264,264,264,0
2021-12-27 12:39:00,264,264,264,264,0
2021-12-27 12:40:00,264,264,264,264,0
2021-12-27 12:41:00,264,264,264,264,0
2021-12-27 12:42:00,264,264,264,264,0
2021-12-27 12:43:00,264,264,264,264,0
2021-12-27 12:44:00,264,264,264,264,0
2021-12-27 12:45:00,264,264,264,264,0
2021-12-27 12:46:00,264,264,264,264,0
2021-12-27 12:47:00,264,264,264,264,0
2021-12-27 12:48:00,264,264,264,264,0
2021-12-27 12:49:00,264,264,264,264,0
2021-12-27 12:50:00,264,264,264,264,0
2021-12-27 12:51:00,264,264,264,264,0
2021-12-27 12:52:00,264,264,264,264,0
2021-12-27 12:53:00,264,264,264,264,0
2021-12-27 12:54:00,264,264,264,264,0
2021-12-27 12:55:00,264,264,264,264,0
2021-12-27 12:56:00,264,264,264,264,0
2021-12-27 12:57:00,264,264,264,264,0
2021-12-27 12:58:00,264,264,264,264,0
2021-12-27 12:59:00,264,264,264,264,0
2021-12-27 13:00:00,264,264,264,264,0
2021-12-27 13:01:00,264,264,264,264,0
2021-12-27 13:02:00,264,264,264,264,0
2021-12-27 13:03:00,264,264,264,264,0
2021-12-27 13:04:00,264,264,264,264,0
2021-12-27 13:05:00,264,264,264,264,0
2021-12-27 13:06:00,264,264,264,264,0
2021-12-27 13:07:00,264,264,264,264,0
2021-12-27 13:08:00,264,264,264,264,0
2021-12-27 13:09:00,264,264,264,264,0
2021-12-27 13:10:00,264,264,264,264,0
2021-12-27 13:11:00,264,264,264,264,0
2021-12-27 13:12:00,264,264,264,264,0
2021-12-27 13:13:00,264,264,264,264,0
2021-12-27 13:14:00,264,264,264,264,0
2021-12-27 13:15:00,264,264,264,264,0
2021-12-27 13:16:00,264,264,264,264,0
2021-12-27 13:17:00,264,264,264,264,0
2021-12-27 13:18:00,264,264,264,264,0
2021-12-27 13:19:00,264,264,264,264,0
2021-12-27 13:20:00,264,264,264,264,0
2021-12-27 13:21:00,264,264,264,264,0
2021-12-27 13:22:00,264,264,264,264,0
2021-12-27 13:23:00,264,264,264,264,0
2021-12-27 13:24:00,264,264,264,264,0
2021-12-27 13:25:00,264,264,264,264,0
2021-12-27 13:26:00,264,264,264,264,0
2021-12-27 13:27:00,264,264,264,264,0
2021-12-27 13:28:00,264,264,264,264,0
2021-12-27 13:29:00,264,264,264,264,0
2021-12-27 13:30:00,264,264,264,264,1200
2021-12-27 13:31:00,264,264,264,264,100
2021-12-27 13:32:00,264,264,264,264,0
2021-12-27 13:33:00,264,264,264,264,0
2021-12-27 13:34:00,264,264,264,264,0
2021-12-27 13:35:00,264,264,264,264,0
2021-12-27 13:36:00,264,264,264,264,0
2021-12-27 13:37:00,264,264,264,264,2400
2021-12-27 13:38:00,264,264,264,264,0
2021-12-27 13:39:00,264,264,264,264,0
2021-12-27 13:40:00,264,264,264,264,0
2021-12-27 13:41:00,264,264,264,264,0
2021-12-27 13:42:00,264,264,264,264,0
2021-12-27 13:43:00,264,264,264,264,0
2021-12-27 13:44:00,264,264,264,264,0
2021-12-27 13:45:00,264,264,264,264,0
2021-12-27 13:46:00,264,264,264,264,0
2021-12-27 13:47:00,264,264,264,264,0
2021-12-27 13:48:00,264,264,264,264,0
2021-12-27 13:49:00,264,264,264,264,0
2021-12-27 13:50:00,264,264,264,264,0
2021-12-27 13:51:00,264,264,264,264,0
2021-12-27 13:52:00,264,264,264,264,0
2021-12-27 13:53:00,264,264,264,264,0
2021-12-27 13:54:00,264,264,264,264,0
2021-12-27 13:55:00,264,264,264,264,0
2021-12-27 13:56:00,264,264,264,264,0
2021-12-27 13:57:00,264,264,264,264,0
2021-12-27 13:58:00,264,264,264,264,0
2021-12-27 13:59:00,264,264,264,264,0
2021-12-27 14:00:00,264,264,264,264,0
2021-12-27 14:01:00,264,264,264,264,0
2021-12-27 14:02:00,264,264,264,264,0
2021-12-27 14:03:00,264,264,264,264,0
2021-12-27 14:04:00,264,264,264,264,0
2021-12-27 14:05:00,264,264,264,264,0
2021-12-27 14:06:00,264,264,264,264,0
2021-12-27 14:07:00,264,264,264,264,0
2021-12-27 14:08:00,264,264,264,264,0
2021-12-27 14:09:00,264,264,264,264,0
2021-12-27 14:10:00,264,264,264,264,0
2021-12-27 14:11:00,264,264,264,264,0
2021-12-27 14:12:00,264,264,264,264,0
2021-12-27 14:13:00,264,264,264,264,2000
2021-12-27 14:14:00,264,264,264,264,0
2021-12-27 14:15:00,264,264,264,264,0
2021-12-27 14:16:00,264,264,264,264,0
2021-12-27 14:17:00,264,264,264,264,0
2021-12-27 14:18:00,264,264,264,264,0
2021-12-27 14:19:00,264,264,264,264,0
2021-12-27 14:20:00,264,264,264,264,0
2021-12-27 14:21:00,264,264,264,264,0
2021-12-27 14:22:00,264,264,264,264,0
2021-12-27 14:23:00,264,264,264,264,0
2021-12-27 14:24:00,264,264,264,264,0
2021-12-27 14:25:00,264,264,264,264,0
2021-12-27 14:26:00,264,264,264,264,0
2021-12-27 14:27:00,264,264,264,264,0
2021-12-27 14:28:00,264,264,264,264,0
2021-12-27 14:29:00,264,264,264,264,0
2021-12-27 14:30:00,264,264,264,264,0
2021-12-27 14:31:00,264,264,264,264,0
2021-12-27 14:32:00,264,264,264,264,0
2021-12-27 14:33:00,264,264,264,264,0
2021-12-27 14:34:00,264,264,264,264,0
2021-12-27 14:35:00,264,264,264,264,0
2021-12-27 14:36:00,264,264,264,264,0
2021-12-27 14:37:00,264,264,264,264,0
2021-12-27 14:38:00,264,264,264,264,0
2021-12-27 14:39:00,264,264,264,264,0
2021-12-27 14:40:00,264,264,264,264,0
2021-12-27 14:41:00,264,264,264,264,0
2021-12-27 14:42:00,264,264,264,264,0
2021-12-27 14:43:00,264,264,264,264,0
2021-12-27 14:44:00,264,264,264,264,0
2021-12-27 14:45:00,264,264,264,264,0
2021-12-27 14:46:00,264,264,264,264,800
2021-12-27 14:47:00,264,264,264,264,0
2021-12-27 14:48:00,264,264,264,264,0
2021-12-27 14:49:00,264,264,264,264,0
2021-12-27 14:50:00,264,264,264,264,0
2021-12-27 14:51:00,264,264,264,264,0
2021-12-27 14:52:00,264,264,264,264,0
2021-12-27 14:53:00,264,264,264,264,0
2021-12-27 14:54:00,264,264,264,264,0
2021-12-27 14:55:00,264,264,264,264,0
2021-12-27 14:56:00,264,264,264,264,0
2021-12-27 14:57:00,264,264,264,264,0
2021-12-27 14:58:00,264,264,264,264,0
2021-12-27 14:59:00,264,264,264,264,0
2021-12-27 15:00:00,264,264,264,264,500
2021-12-27 15:01:00,264,264,264,264,0
2021-12-27 15:02:00,264,264,264,264,0
2021-12-27 15:03:00,264,264,264,264,0
2021-12-27 15:04:00,264,264,264,264,0
2021-12-27 15:05:00,264,264,264,264,0
2021-12-27 15:06:00,264,264,264,264,200
2021-12-27 15:07:00,264,264,264,264,0
2021-12-27 15:08:00,264,264,264,264,0
2021-12-27 15:09:00,264,264,264,264,0
2021-12-27 15:10:00,264,264,264,264,0
2021-12-27 15:11:00,264,264,264,264,0
2021-12-27 15:12:00,264,264,264,264,0
2021-12-27 15:13:00,264,264,264,264,0
2021-12-27 15:14:00,264,264,264,264,0
2021-12-27 15:15:00,264,264,264,264,0
2021-12-27 15:16:00,264,264,264,264,0
2021-12-27 15:17:00,264,264,264,264,0
2021-12-27 15:18:00,264,264,264,264,0
2021-12-27 15:19:00,264,264,264,264,0
2021-12-27 15:20:00,264,264,264,264,0
2021-12-27 15:21:00,264,264,264,264,0
2021-12-27 15:22:00,264,264,264,264,0
2021-12-27 15:23:00,264,264,264,264,0
2021-12-27 15:24:00,264,264,264,264,0
2021-12-27 15:25:00,264,264,264,264,0
2021-12-27 15:26:00,264,264,264,264,0
2021-12-27 15:27:00,264,264,264,264,0
2021-12-27 15:28:00,264,264,264,264,0
2021-12-27 15:29:00,264,264,264,264,0
2021-12-27 15:30:00,264,264,264,264,0
2021-12-27 15:31:00,264,264,264,264,0
2021-12-27 15:32:00,264,264,264,264,0
2021-12-27 15:33:00,264,264,264,264,0
2021-12-27 15:34:00,264,264,264,264,0
2021-12-27 15:35:00,264,264,264,264,0
2021-12-27 15:36:00,264,264,264,264,0
2021-12-27 15:37:00,264,264,264,264,0
2021-12-27 15:38:00,264,264,264,264,0
2021-12-27 15:39:00,264,264,264,264,0
2021-12-27 15:40:00,264,264,264,264,0
2021-12-27 15:41:00,264,264,264,264,0
2021-12-27 15:42:00,264,264,264,264,0
2021-12-27 15:43:00,264,264,264,264,0
2021-12-27 15:44:00,264,264,264,264,0
2021-12-27 15:45:00,264,264,264,264,0
2021-12-27 15:46:00,264,264,264,264,0
2021-12-27 15:47:00,264,264,264,264,0
2021-12-27 15:48:00,264,264,264,264,0
2021-12-27 15:49:00,264,264,264,264,0
2021-12-27 15:50:00,264,264,264,264,0
2021-12-27 15:51:00,264,264,264,264,0
2021-12-27 15:52:00,264,264,264,264,0
2021-12-27 15:53:00,264,264,264,264,0
2021-12-27 15:54:00,264,264,264,264,0
2021-12-27 15:55:00,264,264,264,264,0
2021-12-27 15:56:00,264,264,264,264,0
2021-12-27 15:57:00,264,264,264,264,0
2021-12-27 15:58:00,264,264,264,264,0
2021-12-27 15:59:00,264,264,264,264,0
2021-12-28 09:00:00,300,298,330,330,0
2021-12-28 09:01:00,300,298,330,330,0
2021-12-28 09:02:00,330,330,330,330,6000
2021-12-28 09:03:00,330,330,330,330,0
2021-12-28 09:04:00,330,330,330,330,10000
2021-12-28 09:05:00,330,330,330,330,100
2021-12-28 09:06:00,330,330,330,330,200
2021-12-28 09:07:00,330,330,330,330,500
2021-12-28 09:08:00,330,330,330,330,300
2021-12-28 09:09:00,330,330,330,330,0
2021-12-28 09:10:00,330,330,330,330,0
2021-12-28 09:11:00,330,330,330,330,100
2021-12-28 09:12:00,330,330,330,330,300
2021-12-28 09:13:00,330,330,330,330,0
2021-12-28 09:14:00,330,330,330,330,0
2021-12-28 09:15:00,330,330,330,330,0
2021-12-28 09:16:00,330,330,330,330,400
2021-12-28 09:17:00,330,330,330,330,0
2021-12-28 09:18:00,330,330,330,330,0
2021-12-28 09:19:00,330,330,330,330,6500
2021-12-28 09:20:00,330,330,330,330,0
2021-12-28 09:21:00,330,330,330,330,0
2021-12-28 09:22:00,330,330,330,330,0
2021-12-28 09:23:00,330,330,330,330,0
2021-12-28 09:24:00,330,330,330,330,0
2021-12-28 09:25:00,330,330,330,330,0
2021-12-28 09:26:00,330,330,330,330,0
2021-12-28 09:27:00,330,330,330,330,300
2021-12-28 09:28:00,330,330,330,330,0
2021-12-28 09:29:00,330,330,330,330,0
2021-12-28 09:30:00,330,330,330,330,0
2021-12-28 09:31:00,330,330,330,330,0
2021-12-28 09:32:00,330,330,330,330,0
2021-12-28 09:33:00,330,330,330,330,0
2021-12-28 09:34:00,330,330,330,330,400
2021-12-28 09:35:00,330,330,330,330,0
2021-12-28 09:36:00,330,330,330,330,0
2021-12-28 09:37:00,330,330,330,330,0
2021-12-28 09:38:00,330,330,330,330,0
2021-12-28 09:39:00,330,330,330,330,0
2021-12-28 09:40:00,330,330,330,330,0
2021-12-28 09:41:00,330,330,330,330,0
2021-12-28 09:42:00,330,330,330,330,0
2021-12-28 09:43:00,330,330,330,330,0
2021-12-28 09:44:00,330,330,330,330,2500
2021-12-28 09:45:00,330,330,330,330,0
2021-12-28 09:46:00,330,330,330,330,0
2021-12-28 09:47:00,330,330,330,330,0
2021-12-28 09:48:00,330,330,330,330,0
2021-12-28 09:49:00,330,330,330,330,0
2021-12-28 09:50:00,330,330,330,330,0
2021-12-28 09:51:00,330,330,330,330,0
2021-12-28 09:52:00,330,330,330,330,0
2021-12-28 09:53:00,330,330,330,330,0
2021-12-28 09:54:00,330,330,330,330,0
2021-12-28 09:55:00,330,330,330,330,0
2021-12-28 09:56:00,330,330,330,330,0
2021-12-28 09:57:00,330,330,330,330,0
2021-12-28 09:58:00,330,330,330,330,0
2021-12-28 09:59:00,330,330,330,330,0
2021-12-28 10:00:00,330,330,330,330,0
2021-12-28 10:01:00,330,330,330,330,0
2021-12-28 10:02:00,330,330,330,330,0
2021-12-28 10:03:00,330,330,330,330,0
2021-12-28 10:04:00,330,330,330,330,0
2021-12-28 10:05:00,330,330,330,330,0
2021-12-28 10:06:00,330,330,330,330,0
2021-12-28 10:07:00,330,330,330,330,0
2021-12-28 10:08:00,330,330,330,330,0
2021-12-28 10:09:00,330,330,330,330,0
2021-12-28 10:10:00,330,330,330,330,0
2021-12-28 10:11:00,330,330,330,330,0
2021-12-28 10:12:00,330,330,330,330,300
2021-12-28 10:13:00,330,330,330,330,0
2021-12-28 10:14:00,330,330,330,330,0
2021-12-28 10:15:00,330,330,330,330,0
2021-12-28 10:16:00,330,330,330,330,0
2021-12-28 10:17:00,330,330,330,330,0
2021-12-28 10:18:00,330,330,330,330,0
2021-12-28 10:19:00,330,330,330,330,0
2021-12-28 10:20:00,330,330,330,330,0
2021-12-28 10:21:00,330,330,330,330,0
2021-12-28 10:22:00,330,330,330,330,0
2021-12-28 10:23:00,330,330,330,330,0
2021-12-28 10:24:00,330,330,330,330,0
2021-12-28 10:25:00,330,330,330,330,0
2021-12-28 10:26:00,330,330,330,330,0
2021-12-28 10:27:00,330,330,330,330,0
2021-12-28 10:28:00,330,330,330,330,0
2021-12-28 10:29:00,330,330,330,330,0
2021-12-28 10:30:00,330,330,330,330,0
2021-12-28 10:31:00,330,330,330,330,0
2021-12-28 10:32:00,330,330,330,330,0
2021-12-28 10:33:00,330,330,330,330,0
2021-12-28 10:34:00,330,330,330,330,0
2021-12-28 10:35:00,330,330,330,330,0
2021-12-28 10:36:00,330,330,330,330,0
2021-12-28 10:37:00,330,330,330,330,0
2021-12-28 10:38:00,330,330,330,330,0
2021-12-28 10:39:00,330,330,330,330,0
2021-12-28 10:40:00,330,330,330,330,0
2021-12-28 10:41:00,330,330,330,330,700
2021-12-28 10:42:00,330,330,330,330,0
2021-12-28 10:43:00,330,330,330,330,0
2021-12-28 10:44:00,330,330,330,330,0
2021-12-28 10:45:00,330,330,330,330,0
2021-12-28 10:46:00,330,330,330,330,0
2021-12-28 10:47:00,330,330,330,330,0
2021-12-28 10:48:00,330,330,330,330,0
2021-12-28 10:49:00,330,330,330,330,0
2021-12-28 10:50:00,330,330,330,330,0
2021-12-28 10:51:00,330,330,330,330,0
2021-12-28 10:52:00,330,330,330,330,0
2021-12-28 10:53:00,330,330,330,330,0
2021-12-28 10:54:00,330,330,330,330,0
2021-12-28 10:55:00,330,330,330,330,0
2021-12-28 10:56:00,330,330,330,330,0
2021-12-28 10:57:00,330,330,330,330,0
2021-12-28 10:58:00,330,330,330,330,0
2021-12-28 10:59:00,330,330,330,330,0
2021-12-28 11:00:00,330,330,330,330,0
2021-12-28 11:01:00,330,330,330,330,100
2021-12-28 11:02:00,330,330,330,330,0
2021-12-28 11:03:00,330,330,330,330,0
2021-12-28 11:04:00,330,330,330,330,0
2021-12-28 11:05:00,330,330,330,330,0
2021-12-28 11:06:00,330,330,330,330,0
2021-12-28 11:07:00,330,330,330,330,0
2021-12-28 11:08:00,330,330,330,330,0
2021-12-28 11:09:00,330,330,330,330,0
2021-12-28 11:10:00,330,330,330,330,0
2021-12-28 11:11:00,330,330,330,330,0
2021-12-28 11:12:00,330,330,330,330,0
2021-12-28 11:13:00,330,330,330,330,0
2021-12-28 11:14:00,330,330,330,330,0
2021-12-28 11:15:00,330,330,330,330,100
2021-12-28 11:16:00,330,330,330,330,0
2021-12-28 11:17:00,330,330,330,330,0
2021-12-28 11:18:00,330,330,330,330,0
2021-12-28 11:19:00,330,330,330,330,0
2021-12-28 11:20:00,330,330,330,330,0
2021-12-28 11:21:00,330,330,330,330,0
2021-12-28 11:22:00,330,330,330,330,0
2021-12-28 11:23:00,330,330,330,330,0
2021-12-28 11:24:00,330,330,330,330,0
2021-12-28 11:25:00,330,330,330,330,0
2021-12-28 11:26:00,330,330,330,330,0
2021-12-28 11:27:00,330,330,330,330,0
2021-12-28 11:28:00,330,330,330,330,0
2021-12-28 11:29:00,330,330,330,330,0
2021-12-28 11:30:00,330,330,330,330,0
2021-12-28 11:31:00,330,330,330,330,0
2021-12-28 11:32:00,330,330,330,330,0
2021-12-28 11:33:00,330,330,330,330,0
2021-12-28 11:34:00,330,330,330,330,0
2021-12-28 11:35:00,330,330,330,330,0
2021-12-28 11:36:00,330,330,330,330,0
2021-12-28 11:37:00,330,330,330,330,0
2021-12-28 11:38:00,330,330,330,330,0
2021-12-28 11:39:00,330,330,330,330,0
2021-12-28 11:40:00,330,330,330,330,0
2021-12-28 11:41:00,330,330,330,330,0
2021-12-28 11:42:00,330,330,330,330,0
2021-12-28 11:43:00,330,330,330,330,0
2021-12-28 11:44:00,330,330,330,330,0
2021-12-28 11:45:00,330,330,330,330,0
2021-12-28 11:46:00,330,330,330,330,0
2021-12-28 11:47:00,330,330,330,330,0
2021-12-28 11:48:00,330,330,330,330,0
2021-12-28 11:49:00,330,330,330,330,0
2021-12-28 11:50:00,330,330,330,330,0
2021-12-28 11:51:00,330,330,330,330,0
2021-12-28 11:52:00,330,330,330,330,0
2021-12-28 11:53:00,330,330,330,330,0
2021-12-28 11:54:00,330,330,330,330,0
2021-12-28 11:55:00,330,330,330,330,0
2021-12-28 11:56:00,330,330,330,330,0
2021-12-28 11:57:00,330,330,330,330,0
2021-12-28 11:58:00,330,330,330,330,0
2021-12-28 11:59:00,330,330,330,330,0
2021-12-28 12:00:00,330,330,330,330,0
2021-12-28 12:01:00,330,330,330,330,0
2021-12-28 12:02:00,330,330,330,330,0
2021-12-28 12:03:00,330,330,330,330,0
2021-12-28 12:04:00,330,330,330,330,0
2021-12-28 12:05:00,330,330,330,330,0
2021-12-28 12:06:00,330,330,330,330,0
2021-12-28 12:07:00,330,330,330,330,0
2021-12-28 12:08:00,330,330,330,330,0
2021-12-28 12:09:00,330,330,330,330,0
2021-12-28 12:10:00,330,330,330,330,0
2021-12-28 12:11:00,330,330,330,330,0
2021-12-28 12:12:00,330,330,330,330,0
2021-12-28 12:13:00,330,330,330,330,0
2021-12-28 12:14:00,330,330,330,330,0
2021-12-28 12:15:00,330,330,330,330,0
2021-12-28 12:16:00,330,330,330,330,0
2021-12-28 12:17:00,330,330,330,330,0
2021-12-28 12:18:00,330,330,330,330,0
2021-12-28 12:19:00,330,330,330,330,0
2021-12-28 12:20:00,330,330,330,330,0
2021-12-28 12:21:00,330,330,330,330,0
2021-12-28 12:22:00,330,330,330,330,0
2021-12-28 12:23:00,330,330,330,330,0
2021-12-28 12:24:00,330,330,330,330,0
2021-12-28 12:25:00,330,330,330,330,0
2021-12-28 12:26:00,330,330,330,330,0
2021-12-28 12:27:00,330,330,330,330,0
2021-12-28 12:28:00,330,330,330,330,0
2021-12-28 12:29:00,330,330,330,330,0
2021-12-28 12:30:00,330,330,330,330,0
2021-12-28 12:31:00,330,330,330,330,0
2021-12-28 12:32:00,330,330,330,330,0
2021-12-28 12:33:00,330,330,330,330,0
2021-12-28 12:34:00,330,330,330,330,0
2021-12-28 12:35:00,330,330,330,330,0
2021-12-28 12:36:00,330,330,330,330,0
2021-12-28 12:37:00,330,330,330,330,0
2021-12-28 12:38:00,330,330,330,330,0
2021-12-28 12:39:00,330,330,330,330,0
2021-12-28 12:40:00,330,330,330,330,0
2021-12-28 12:41:00,330,330,330,330,0
2021-12-28 12:42:00,330,330,330,330,0
2021-12-28 12:43:00,330,330,330,330,0
2021-12-28 12:44:00,330,330,330,330,0
2021-12-28 12:45:00,330,330,330,330,0
2021-12-28 12:46:00,330,330,330,330,0
2021-12-28 12:47:00,330,330,330,330,0
2021-12-28 12:48:00,330,330,330,330,0
2021-12-28 12:49:00,330,330,330,330,0
2021-12-28 12:50:00,330,330,330,330,0
2021-12-28 12:51:00,330,330,330,330,0
2021-12-28 12:52:00,330,330,330,330,0
2021-12-28 12:53:00,330,330,330,330,0
2021-12-28 12:54:00,330,330,330,330,0
2021-12-28 12:55:00,330,330,330,330,0
2021-12-28 12:56:00,330,330,330,330,0
2021-12-28 12:57:00,330,330,330,330,0
2021-12-28 12:58:00,330,330,330,330,0
2021-12-28 12:59:00,330,330,330,330,0
2021-12-28 13:00:00,330,330,330,330,0
2021-12-28 13:01:00,330,330,330,330,0
2021-12-28 13:02:00,330,330,330,330,0
2021-12-28 13:03:00,330,330,330,330,0
2021-12-28 13:04:00,330,330,330,330,0
2021-12-28 13:05:00,330,330,330,330,0
2021-12-28 13:06:00,330,330,330,330,0
2021-12-28 13:07:00,330,330,330,330,0
2021-12-28 13:08:00,330,330,330,330,0
2021-12-28 13:09:00,330,330,330,330,0
2021-12-28 13:10:00,330,330,330,330,0
2021-12-28 13:11:00,330,330,330,330,0
2021-12-28 13:12:00,330,330,330,330,0
2021-12-28 13:13:00,330,330,330,330,0
2021-12-28 13:14:00,330,330,330,330,0
2021-12-28 13:15:00,330,330,330,330,0
2021-12-28 13:16:00,330,330,330,330,0
2021-12-28 13:17:00,330,330,330,330,0
2021-12-28 13:18:00,330,330,330,330,0
2021-12-28 13:19:00,330,330,330,330,0
2021-12-28 13:20:00,330,330,330,330,0
2021-12-28 13:21:00,330,330,330,330,0
2021-12-28 13:22:00,330,330,330,330,0
2021-12-28 13:23:00,330,330,330,330,0
2021-12-28 13:24:00,330,330,330,330,0
2021-12-28 13:25:00,330,330,330,330,0
2021-12-28 13:26:00,330,330,330,330,0
2021-12-28 13:27:00,330,330,330,330,0
2021-12-28 13:28:00,330,330,330,330,0
2021-12-28 13:29:00,330,330,330,330,0
2021-12-28 13:30:00,330,330,330,330,3100
2021-12-28 13:31:00,330,330,330,330,0
2021-12-28 13:32:00,330,330,330,330,0
2021-12-28 13:33:00,330,330,330,330,0
2021-12-28 13:34:00,330,330,330,330,0
2021-12-28 13:35:00,330,330,330,330,0
2021-12-28 13:36:00,330,330,330,330,0
2021-12-28 13:37:00,330,330,330,330,0
2021-12-28 13:38:00,330,330,330,330,0
2021-12-28 13:39:00,330,330,330,330,0
2021-12-28 13:40:00,330,330,330,330,0
2021-12-28 13:41:00,330,330,330,330,0
2021-12-28 13:42:00,330,330,330,330,0
2021-12-28 13:43:00,330,330,330,330,0
2021-12-28 13:44:00,330,330,330,330,0
2021-12-28 13:45:00,330,330,330,330,0
2021-12-28 13:46:00,330,330,330,330,0
2021-12-28 13:47:00,330,330,330,330,0
2021-12-28 13:48:00,330,330,330,330,0
2021-12-28 13:49:00,330,330,330,330,0
2021-12-28 13:50:00,330,330,330,330,0
2021-12-28 13:51:00,330,330,330,330,0
2021-12-28 13:52:00,330,330,330,330,0
2021-12-28 13:53:00,330,330,330,330,0
2021-12-28 13:54:00,330,330,330,330,0
2021-12-28 13:55:00,330,330,330,330,0
2021-12-28 13:56:00,330,330,330,330,0
2021-12-28 13:57:00,330,330,330,330,0
2021-12-28 13:58:00,330,330,330,330,0
2021-12-28 13:59:00,330,330,330,330,0
2021-12-28 14:00:00,330,330,330,330,0
2021-12-28 14:01:00,330,330,330,330,0
2021-12-28 14:02:00,330,330,330,330,0
2021-12-28 14:03:00,330,330,330,330,0
2021-12-28 14:04:00,330,330,330,330,0
2021-12-28 14:05:00,330,330,330,330,0
2021-12-28 14:06:00,330,330,330,330,0
2021-12-28 14:07:00,330,330,330,330,0
2021-12-28 14:08:00,330,330,330,330,0
2021-12-28 14:09:00,330,330,330,330,0
2021-12-28 14:10:00,330,330,330,330,0
2021-12-28 14:11:00,330,330,330,330,0
2021-12-28 14:12:00,330,330,330,330,0
2021-12-28 14:13:00,330,330,330,330,0
2021-12-28 14:14:00,330,330,330,330,0
2021-12-28 14:15:00,330,330,330,330,0
2021-12-28 14:16:00,330,330,330,330,0
2021-12-28 14:17:00,330,330,330,330,0
2021-12-28 14:18:00,330,330,330,330,0
2021-12-28 14:19:00,330,330,330,330,0
2021-12-28 14:20:00,330,330,330,330,0
2021-12-28 14:21:00,330,330,330,330,0
2021-12-28 14:22:00,330,330,330,330,0
2021-12-28 14:23:00,330,330,330,330,0
2021-12-28 14:24:00,330,330,330,330,0
2021-12-28 14:25:00,330,330,330,330,0
2021-12-28 14:26:00,330,330,330,330,0
2021-12-28 14:27:00,330,330,330,330,0
2021-12-28 14:28:00,330,330,330,330,0
2021-12-28 14:29:00,330,330,330,330,0
2021-12-28 14:30:00,330,330,330,330,0
2021-12-28 14:31:00,330,330,330,330,0
2021-12-28 14:32:00,330,330,330,330,0
2021-12-28 14:33:00,330,330,330,330,0
2021-12-28 14:34:00,330,330,330,330,0
2021-12-28 14:35:00,330,330,330,330,0
2021-12-28 14:36:00,330,330,330,330,0
2021-12-28 14:37:00,330,330,330,330,0
2021-12-28 14:38:00,330,330,330,330,0
2021-12-28 14:39:00,330,330,330,330,0
2021-12-28 14:40:00,330,330,330,330,0
2021-12-28 14:41:00,330,330,330,330,0
2021-12-28 14:42:00,330,330,330,330,0
2021-12-28 14:43:00,330,330,330,330,0
2021-12-28 14:44:00,330,330,330,330,0
2021-12-28 14:45:00,330,330,330,330,0
2021-12-28 14:46:00,330,330,330,330,0
2021-12-28 14:47:00,330,330,330,330,0
2021-12-28 14:48:00,330,330,330,330,0
2021-12-28 14:49:00,330,330,330,330,0
2021-12-28 14:50:00,330,330,330,330,0
2021-12-28 14:51:00,330,330,330,330,0
2021-12-28 14:52:00,330,330,330,330,0
2021-12-28 14:53:00,330,330,330,330,0
2021-12-28 14:54:00,330,330,330,330,0
2021-12-28 14:55:00,330,330,330,330,0
2021-12-28 14:56:00,330,330,330,330,0
2021-12-28 14:57:00,330,330,330,330,0
2021-12-28 14:58:00,330,330,330,330,0
2021-12-28 14:59:00,330,330,330,330,0
2021-12-28 15:00:00,330,330,330,330,0
2021-12-28 15:01:00,330,330,330,330,0
2021-12-28 15:02:00,330,330,330,330,0
2021-12-28 15:03:00,330,330,330,330,0
2021-12-28 15:04:00,330,330,330,330,0
2021-12-28 15:05:00,330,330,330,330,0
2021-12-28 15:06:00,330,330,330,330,0
2021-12-28 15:07:00,330,330,330,330,0
2021-12-28 15:08:00,330,330,330,330,0
2021-12-28 15:09:00,330,330,330,330,0
2021-12-28 15:10:00,330,330,330,330,0
2021-12-28 15:11:00,330,330,330,330,0
2021-12-28 15:12:00,330,330,330,330,0
2021-12-28 15:13:00,330,330,330,330,0
2021-12-28 15:14:00,330,330,330,330,0
2021-12-28 15:15:00,330,330,330,330,0
2021-12-28 15:16:00,330,330,330,330,0
2021-12-28 15:17:00,330,330,330,330,0
2021-12-28 15:18:00,330,330,330,330,0
2021-12-28 15:19:00,330,330,330,330,0
2021-12-28 15:20:00,330,330,330,330,0
2021-12-28 15:21:00,330,330,330,330,0
2021-12-28 15:22:00,330,330,330,330,0
2021-12-28 15:23:00,330,330,330,330,0
2021-12-28 15:24:00,330,330,330,330,0
2021-12-28 15:25:00,330,330,330,330,0
2021-12-28 15:26:00,330,330,330,330,0
2021-12-28 15:27:00,330,330,330,330,0
2021-12-28 15:28:00,330,330,330,330,0
2021-12-28 15:29:00,330,330,330,330,0
2021-12-28 15:30:00,330,330,330,330,0
2021-12-28 15:31:00,330,330,330,330,0
2021-12-28 15:32:00,330,330,330,330,0
2021-12-28 15:33:00,330,330,330,330,0
2021-12-28 15:34:00,330,330,330,330,0
2021-12-28 15:35:00,330,330,330,330,0
2021-12-28 15:36:00,330,330,330,330,0
2021-12-28 15:37:00,330,330,330,330,0
2021-12-28 15:38:00,330,330,330,330,0
2021-12-28 15:39:00,330,330,330,330,0
2021-12-28 15:40:00,330,330,330,330,0
2021-12-28 15:41:00,330,330,330,330,0
2021-12-28 15:42:00,330,330,330,330,0
2021-12-28 15:43:00,330,330,330,330,0
2021-12-28 15:44:00,330,330,330,330,0
2021-12-28 15:45:00,330,330,330,330,0
2021-12-28 15:46:00,330,330,330,330,0
2021-12-28 15:47:00,330,330,330,330,0
2021-12-28 15:48:00,330,330,330,330,0
2021-12-28 15:49:00,330,330,330,330,0
2021-12-28 15:50:00,330,330,330,330,0
2021-12-28 15:51:00,330,330,330,330,0
2021-12-28 15:52:00,330,330,330,330,0
2021-12-28 15:53:00,330,330,330,330,0
2021-12-28 15:54:00,330,330,330,330,0
2021-12-28 15:55:00,330,330,330,330,0
2021-12-28 15:56:00,330,330,330,330,0
2021-12-28 15:57:00,330,330,330,330,0
2021-12-28 15:58:00,330,330,330,330,0
2021-12-28 15:59:00,330,330,330,330,0
2021-12-29 09:00:00,384,378,412,412,0
2021-12-29 09:01:00,412,412,412,412,13900
2021-12-29 09:02:00,412,412,412,412,10000
2021-12-29 09:03:00,412,412,412,412,0
2021-12-29 09:04:00,412,412,412,412,0
2021-12-29 09:05:00,412,412,412,412,62500
2021-12-29 09:06:00,412,412,412,412,0
2021-12-29 09:07:00,412,412,412,412,0
2021-12-29 09:08:00,412,412,412,412,0
2021-12-29 09:09:00,412,412,412,412,0
2021-12-29 09:10:00,412,412,412,412,0
2021-12-29 09:11:00,412,412,412,412,0
2021-12-29 09:12:00,412,412,412,412,0
2021-12-29 09:13:00,412,412,412,412,0
2021-12-29 09:14:00,412,412,412,412,400
2021-12-29 09:15:00,412,412,412,412,0
2021-12-29 09:16:00,412,412,412,412,0
2021-12-29 09:17:00,412,412,412,412,0
2021-12-29 09:18:00,412,412,412,412,0
2021-12-29 09:19:00,412,412,412,412,0
2021-12-29 09:20:00,412,412,412,412,0
2021-12-29 09:21:00,412,412,412,412,0
2021-12-29 09:22:00,412,412,412,412,0
2021-12-29 09:23:00,412,412,412,412,2900
2021-12-29 09:24:00,412,412,412,412,0
2021-12-29 09:25:00,412,412,412,412,0
2021-12-29 09:26:00,412,412,412,412,0
2021-12-29 09:27:00,412,412,412,412,0
2021-12-29 09:28:00,412,412,412,412,0
2021-12-29 09:29:00,412,412,412,412,0
2021-12-29 09:30:00,412,412,412,412,0
2021-12-29 09:31:00,412,412,412,412,0
2021-12-29 09:32:00,412,412,412,412,0
2021-12-29 09:33:00,412,412,412,412,0
2021-12-29 09:34:00,412,412,412,412,239500
2021-12-29 09:35:00,412,412,412,412,0
2021-12-29 09:36:00,412,412,412,412,0
2021-12-29 09:37:00,412,412,412,412,100
2021-12-29 09:38:00,412,412,412,412,0
2021-12-29 09:39:00,412,412,412,412,0
2021-12-29 09:40:00,412,412,412,412,0
2021-12-29 09:41:00,412,412,412,412,0
2021-12-29 09:42:00,412,412,412,412,3100
2021-12-29 09:43:00,412,412,412,412,0
2021-12-29 09:44:00,412,412,412,412,61500
2021-12-29 09:45:00,412,412,412,412,0
2021-12-29 09:46:00,412,412,412,412,0
2021-12-29 09:47:00,412,412,412,412,0
2021-12-29 09:48:00,412,412,412,412,0
2021-12-29 09:49:00,412,412,412,412,0
2021-12-29 09:50:00,412,412,412,412,0
2021-12-29 09:51:00,412,412,412,412,0
2021-12-29 09:52:00,412,412,412,412,0
2021-12-29 09:53:00,412,412,412,412,0
2021-12-29 09:54:00,412,412,412,412,0
2021-12-29 09:55:00,412,412,412,412,0
2021-12-29 09:56:00,412,412,412,412,0
2021-12-29 09:57:00,412,412,412,412,0
2021-12-29 09:58:00,412,412,412,412,0
2021-12-29 09:59:00,412,412,412,412,0
2021-12-29 10:00:00,412,412,412,412,0
2021-12-29 10:01:00,412,412,412,412,0
2021-12-29 10:02:00,412,412,412,412,0
2021-12-29 10:03:00,412,412,412,412,0
2021-12-29 10:04:00,412,412,412,412,0
2021-12-29 10:05:00,412,412,412,412,0
2021-12-29 10:06:00,412,412,412,412,0
2021-12-29 10:07:00,412,412,412,412,0
2021-12-29 10:08:00,412,412,412,412,0
2021-12-29 10:09:00,412,412,412,412,0
2021-12-29 10:10:00,412,412,412,412,0
2021-12-29 10:11:00,412,412,412,412,0
2021-12-29 10:12:00,412,412,412,412,0
2021-12-29 10:13:00,412,412,412,412,0
2021-12-29 10:14:00,412,412,412,412,0
2021-12-29 10:15:00,412,412,412,412,0
2021-12-29 10:16:00,412,412,412,412,0
2021-12-29 10:17:00,412,412,412,412,0
2021-12-29 10:18:00,412,412,412,412,0
2021-12-29 10:19:00,412,412,412,412,0
2021-12-29 10:20:00,412,412,412,412,100
2021-12-29 10:21:00,412,412,412,412,0
2021-12-29 10:22:00,412,412,412,412,0
2021-12-29 10:23:00,412,412,412,412,0
2021-12-29 10:24:00,412,412,412,412,100
2021-12-29 10:25:00,412,412,412,412,0
2021-12-29 10:26:00,412,412,412,412,0
2021-12-29 10:27:00,412,412,412,412,0
2021-12-29 10:28:00,412,412,412,412,0
2021-12-29 10:29:00,412,412,412,412,0
2021-12-29 10:30:00,412,412,412,412,0
2021-12-29 10:31:00,412,412,412,412,0
2021-12-29 10:32:00,412,412,412,412,0
2021-12-29 10:33:00,412,412,412,412,0
2021-12-29 10:34:00,412,412,412,412,0
2021-12-29 10:35:00,412,412,412,412,0
2021-12-29 10:36:00,412,412,412,412,0
2021-12-29 10:37:00,412,412,412,412,0
2021-12-29 10:38:00,412,412,412,412,0
2021-12-29 10:39:00,412,412,412,412,0
2021-12-29 10:40:00,412,412,412,412,0
2021-12-29 10:41:00,412,412,412,412,0
2021-12-29 10:42:00,412,412,412,412,0
2021-12-29 10:43:00,412,412,412,412,0
2021-12-29 10:44:00,412,412,412,412,1000
2021-12-29 10:45:00,412,412,412,412,200
2021-12-29 10:46:00,412,412,412,412,0
2021-12-29 10:47:00,412,412,412,412,0
2021-12-29 10:48:00,412,412,412,412,0
2021-12-29 10:49:00,412,412,412,412,0
2021-12-29 10:50:00,412,412,412,412,0
2021-12-29 10:51:00,412,412,412,412,0
2021-12-29 10:52:00,412,412,412,412,0
2021-12-29 10:53:00,412,412,412,412,0
2021-12-29 10:54:00,412,412,412,412,0
2021-12-29 10:55:00,412,412,412,412,0
2021-12-29 10:56:00,412,412,412,412,10000
2021-12-29 10:57:00,412,412,412,412,2700
2021-12-29 10:58:00,412,412,412,412,0
2021-12-29 10:59:00,412,412,412,412,0
2021-12-29 11:00:00,412,412,412,412,0
2021-12-29 11:01:00,412,412,412,412,100
2021-12-29 11:02:00,412,412,412,412,0
2021-12-29 11:03:00,412,412,412,412,0
2021-12-29 11:04:00,412,412,412,412,0
2021-12-29 11:05:00,412,412,412,412,0
2021-12-29 11:06:00,412,412,412,412,0
2021-12-29 11:07:00,412,412,412,412,0
2021-12-29 11:08:00,412,412,412,412,0
2021-12-29 11:09:00,412,412,412,412,0
2021-12-29 11:10:00,412,412,412,412,0
2021-12-29 11:11:00,412,412,412,412,0
2021-12-29 11:12:00,412,412,412,412,0
2021-12-29 11:13:00,412,412,412,412,0
2021-12-29 11:14:00,412,412,412,412,0
2021-12-29 11:15:00,412,412,412,412,0
2021-12-29 11:16:00,412,412,412,412,0
2021-12-29 11:17:00,412,412,412,412,0
2021-12-29 11:18:00,412,412,412,412,0
2021-12-29 11:19:00,412,412,412,412,0
2021-12-29 11:20:00,412,412,412,412,0
2021-12-29 11:21:00,412,412,412,412,0
2021-12-29 11:22:00,412,412,412,412,0
2021-12-29 11:23:00,412,412,412,412,0
2021-12-29 11:24:00,412,412,412,412,0
2021-12-29 11:25:00,412,412,412,412,0
2021-12-29 11:26:00,412,412,412,412,0
2021-12-29 11:27:00,412,412,412,412,0
2021-12-29 11:28:00,412,412,412,412,0
2021-12-29 11:29:00,412,412,412,412,0
2021-12-29 11:30:00,412,412,412,412,0
2021-12-29 11:31:00,412,412,412,412,0
2021-12-29 11:32:00,412,412,412,412,0
2021-12-29 11:33:00,412,412,412,412,0
2021-12-29 11:34:00,412,412,412,412,0
2021-12-29 11:35:00,412,412,412,412,0
2021-12-29 11:36:00,412,412,412,412,0
2021-12-29 11:37:00,412,412,412,412,0
2021-12-29 11:38:00,412,412,412,412,0
2021-12-29 11:39:00,412,412,412,412,0
2021-12-29 11:40:00,412,412,412,412,0
2021-12-29 11:41:00,412,412,412,412,0
2021-12-29 11:42:00,412,412,412,412,0
2021-12-29 11:43:00,412,412,412,412,0
2021-12-29 11:44:00,412,412,412,412,0
2021-12-29 11:45:00,412,412,412,412,0
2021-12-29 11:46:00,412,412,412,412,0
2021-12-29 11:47:00,412,412,412,412,0
2021-12-29 11:48:00,412,412,412,412,0
2021-12-29 11:49:00,412,412,412,412,0
2021-12-29 11:50:00,412,412,412,412,0
2021-12-29 11:51:00,412,412,412,412,0
2021-12-29 11:52:00,412,412,412,412,0
2021-12-29 11:53:00,412,412,412,412,0
2021-12-29 11:54:00,412,412,412,412,0
2021-12-29 11:55:00,412,412,412,412,0
2021-12-29 11:56:00,412,412,412,412,0
2021-12-29 11:57:00,412,412,412,412,0
2021-12-29 11:58:00,412,412,412,412,0
2021-12-29 11:59:00,412,412,412,412,0
2021-12-29 12:00:00,412,412,412,412,0
2021-12-29 12:01:00,412,412,412,412,0
2021-12-29 12:02:00,412,412,412,412,0
2021-12-29 12:03:00,412,412,412,412,0
2021-12-29 12:04:00,412,412,412,412,0
2021-12-29 12:05:00,412,412,412,412,0
2021-12-29 12:06:00,412,412,412,412,0
2021-12-29 12:07:00,412,412,412,412,0
2021-12-29 12:08:00,412,412,412,412,0
2021-12-29 12:09:00,412,412,412,412,0
2021-12-29 12:10:00,412,412,412,412,0
2021-12-29 12:11:00,412,412,412,412,0
2021-12-29 12:12:00,412,412,412,412,0
2021-12-29 12:13:00,412,412,412,412,0
2021-12-29 12:14:00,412,412,412,412,0
2021-12-29 12:15:00,412,412,412,412,0
2021-12-29 12:16:00,412,412,412,412,0
2021-12-29 12:17:00,412,412,412,412,0
2021-12-29 12:18:00,412,412,412,412,0
2021-12-29 12:19:00,412,412,412,412,0
2021-12-29 12:20:00,412,412,412,412,0
2021-12-29 12:21:00,412,412,412,412,0
2021-12-29 12:22:00,412,412,412,412,0
2021-12-29 12:23:00,412,412,412,412,0
2021-12-29 12:24:00,412,412,412,412,0
2021-12-29 12:25:00,412,412,412,412,0
2021-12-29 12:26:00,412,412,412,412,0
2021-12-29 12:27:00,412,412,412,412,0
2021-12-29 12:28:00,412,412,412,412,0
2021-12-29 12:29:00,412,412,412,412,0
2021-12-29 12:30:00,412,412,412,412,0
2021-12-29 12:31:00,412,412,412,412,0
2021-12-29 12:32:00,412,412,412,412,0
2021-12-29 12:33:00,412,412,412,412,0
2021-12-29 12:34:00,412,412,412,412,0
2021-12-29 12:35:00,412,412,412,412,0
2021-12-29 12:36:00,412,412,412,412,0
2021-12-29 12:37:00,412,412,412,412,0
2021-12-29 12:38:00,412,412,412,412,0
2021-12-29 12:39:00,412,412,412,412,0
2021-12-29 12:40:00,412,412,412,412,0
2021-12-29 12:41:00,412,412,412,412,0
2021-12-29 12:42:00,412,412,412,412,0
2021-12-29 12:43:00,412,412,412,412,0
2021-12-29 12:44:00,412,412,412,412,0
2021-12-29 12:45:00,412,412,412,412,0
2021-12-29 12:46:00,412,412,412,412,0
2021-12-29 12:47:00,412,412,412,412,0
2021-12-29 12:48:00,412,412,412,412,0
2021-12-29 12:49:00,412,412,412,412,0
2021-12-29 12:50:00,412,412,412,412,0
2021-12-29 12:51:00,412,412,412,412,0
2021-12-29 12:52:00,412,412,412,412,0
2021-12-29 12:53:00,412,412,412,412,0
2021-12-29 12:54:00,412,412,412,412,0
2021-12-29 12:55:00,412,412,412,412,0
2021-12-29 12:56:00,412,412,412,412,0
2021-12-29 12:57:00,412,412,412,412,0
2021-12-29 12:58:00,412,412,412,412,0
2021-12-29 12:59:00,412,412,412,412,0
2021-12-29 13:00:00,412,412,412,412,0
2021-12-29 13:01:00,412,412,412,412,0
2021-12-29 13:02:00,412,412,412,412,0
2021-12-29 13:03:00,412,412,412,412,0
2021-12-29 13:04:00,412,412,412,412,0
2021-12-29 13:05:00,412,412,412,412,0
2021-12-29 13:06:00,412,412,412,412,0
2021-12-29 13:07:00,412,412,412,412,0
2021-12-29 13:08:00,412,412,412,412,0
2021-12-29 13:09:00,412,412,412,412,0
2021-12-29 13:10:00,412,412,412,412,0
2021-12-29 13:11:00,412,412,412,412,0
2021-12-29 13:12:00,412,412,412,412,0
2021-12-29 13:13:00,412,412,412,412,0
2021-12-29 13:14:00,412,412,412,412,0
2021-12-29 13:15:00,412,412,412,412,0
2021-12-29 13:16:00,412,412,412,412,0
2021-12-29 13:17:00,412,412,412,412,0
2021-12-29 13:18:00,412,412,412,412,0
2021-12-29 13:19:00,412,412,412,412,0
2021-12-29 13:20:00,412,412,412,412,0
2021-12-29 13:21:00,412,412,412,412,0
2021-12-29 13:22:00,412,412,412,412,0
2021-12-29 13:23:00,412,412,412,412,0
2021-12-29 13:24:00,412,412,412,412,0
2021-12-29 13:25:00,412,412,412,412,0
2021-12-29 13:26:00,412,412,412,412,0
2021-12-29 13:27:00,412,412,412,412,0
2021-12-29 13:28:00,412,412,412,412,0
2021-12-29 13:29:00,412,412,412,412,0
2021-12-29 13:30:00,412,412,412,412,300
2021-12-29 13:31:00,412,412,412,412,0
2021-12-29 13:32:00,412,412,412,412,0
2021-12-29 13:33:00,412,412,412,412,0
2021-12-29 13:34:00,412,412,412,412,0
2021-12-29 13:35:00,412,412,412,412,0
2021-12-29 13:36:00,412,410,412,410,313300
2021-12-29 13:37:00,408,370,408,370,22100
2021-12-29 13:38:00,352,352,378,378,12700
2021-12-29 13:39:00,400,400,412,412,26400
2021-12-29 13:40:00,410,410,410,410,16300
2021-12-29 13:41:00,410,410,412,412,150400
2021-12-29 13:42:00,412,410,412,412,104700
2021-12-29 13:43:00,412,412,412,412,27400
2021-12-29 13:44:00,412,412,412,412,111200
2021-12-29 13:45:00,412,412,412,412,136200
2021-12-29 13:46:00,412,410,412,410,251300
2021-12-29 13:47:00,410,410,412,412,24500
2021-12-29 13:48:00,412,412,412,412,70600
2021-12-29 13:49:00,410,410,412,412,135000
2021-12-29 13:50:00,412,412,412,412,74300
2021-12-29 13:51:00,412,412,412,412,68100
2021-12-29 13:52:00,412,412,412,412,58500
2021-12-29 13:53:00,410,410,412,412,19900
2021-12-29 13:54:00,412,412,412,412,1000
2021-12-29 13:55:00,412,412,412,412,50400
2021-12-29 13:56:00,412,410,412,410,196600
2021-12-29 13:57:00,410,410,412,412,16600
2021-12-29 13:58:00,410,410,410,410,52800
2021-12-29 13:59:00,408,408,408,408,32100
2021-12-29 14:00:00,408,408,412,412,51600
2021-12-29 14:01:00,412,412,412,412,24300
2021-12-29 14:02:00,412,412,412,412,4100
2021-12-29 14:03:00,412,412,412,412,179200
2021-12-29 14:04:00,412,408,412,412,191800
2021-12-29 14:05:00,412,412,412,412,4200
2021-12-29 14:06:00,412,412,412,412,81300
2021-12-29 14:07:00,412,412,412,412,20000
2021-12-29 14:08:00,412,412,412,412,34000
2021-12-29 14:09:00,412,412,412,412,0
2021-12-29 14:10:00,412,412,412,412,55000
2021-12-29 14:11:00,412,412,412,412,51300
2021-12-29 14:12:00,412,410,412,412,75400
2021-12-29 14:13:00,412,412,412,412,300900
2021-12-29 14:14:00,412,412,412,412,88800
2021-12-29 14:15:00,412,412,412,412,115400
2021-12-29 14:16:00,412,412,412,412,27100
2021-12-29 14:17:00,412,412,412,412,63900
2021-12-29 14:18:00,412,412,412,412,21700
2021-12-29 14:19:00,412,412,412,412,54900
2021-12-29 14:20:00,412,410,412,412,26100
2021-12-29 14:21:00,412,412,412,412,6600
2021-12-29 14:22:00,412,410,412,410,35300
2021-12-29 14:23:00,412,410,412,410,0
2021-12-29 14:24:00,412,412,412,412,5000
2021-12-29 14:25:00,412,412,412,412,10900
2021-12-29 14:26:00,412,412,412,412,5000
2021-12-29 14:27:00,412,412,412,412,0
2021-12-29 14:28:00,412,412,412,412,800
2021-12-29 14:29:00,410,410,410,410,1800
2021-12-29 14:30:00,412,412,412,412,83000
2021-12-29 14:31:00,412,410,412,412,61100
2021-12-29 14:32:00,412,410,412,412,50300
2021-12-29 14:33:00,412,412,412,412,8000
2021-12-29 14:34:00,412,412,412,412,8000
2021-12-29 14:35:00,412,412,412,412,0
2021-12-29 14:36:00,412,412,412,412,600
2021-12-29 14:37:00,412,412,412,412,33900
2021-12-29 14:38:00,412,412,412,412,23900
2021-12-29 14:39:00,412,410,412,410,66000
2021-12-29 14:40:00,410,410,410,410,500
2021-12-29 14:41:00,412,412,412,412,26000
2021-12-29 14:42:00,412,410,412,410,1100
2021-12-29 14:43:00,412,410,412,410,0
2021-12-29 14:44:00,410,410,410,410,3200
2021-12-29 14:45:00,410,410,412,412,20300
2021-12-29 14:46:00,410,410,412,412,0
2021-12-29 14:47:00,412,410,412,412,22900
2021-12-29 14:48:00,410,410,412,412,31800
2021-12-29 14:49:00,412,410,412,412,46200
2021-12-29 14:50:00,412,410,412,412,0
2021-12-29 14:51:00,412,410,412,412,0
2021-12-29 14:52:00,412,410,412,412,0
2021-12-29 14:53:00,412,410,412,412,0
2021-12-29 14:54:00,412,410,412,412,0
2021-12-29 14:55:00,412,410,412,412,0
2021-12-29 14:56:00,412,410,412,412,0
2021-12-29 14:57:00,412,410,412,412,0
2021-12-29 14:58:00,412,410,412,412,0
2021-12-29 14:59:00,412,410,412,412,0
2021-12-29 15:00:00,410,410,410,410,225000
2021-12-29 15:01:00,410,410,410,410,3900
2021-12-29 15:02:00,410,410,410,410,100
2021-12-29 15:03:00,410,410,410,410,3000
2021-12-29 15:04:00,410,410,410,410,0
2021-12-29 15:05:00,410,410,410,410,0
2021-12-29 15:06:00,410,410,410,410,0
2021-12-29 15:07:00,410,410,410,410,0
2021-12-29 15:08:00,410,410,410,410,0
2021-12-29 15:09:00,410,410,410,410,4000
2021-12-29 15:10:00,410,410,410,410,0
2021-12-29 15:11:00,410,410,410,410,8600
2021-12-29 15:12:00,410,410,410,410,0
2021-12-29 15:13:00,410,410,410,410,0
2021-12-29 15:14:00,410,410,410,410,6900
2021-12-29 15:15:00,410,410,410,410,0
2021-12-29 15:16:00,410,410,410,410,0
2021-12-29 15:17:00,410,410,410,410,0
2021-12-29 15:18:00,410,410,410,410,0
2021-12-29 15:19:00,410,410,410,410,0
2021-12-29 15:20:00,410,410,410,410,0
2021-12-29 15:21:00,410,410,410,410,0
2021-12-29 15:22:00,410,410,410,410,0
2021-12-29 15:23:00,410,410,410,410,0
2021-12-29 15:24:00,410,410,410,410,0
2021-12-29 15:25:00,410,410,410,410,0
2021-12-29 15:26:00,410,410,410,410,0
2021-12-29 15:27:00,410,410,410,410,0
2021-12-29 15:28:00,410,410,410,410,0
2021-12-29 15:29:00,410,410,410,410,0
2021-12-29 15:30:00,410,410,410,410,0
2021-12-29 15:31:00,410,410,410,410,0
2021-12-29 15:32:00,410,410,410,410,0
2021-12-29 15:33:00,410,410,410,410,0
2021-12-29 15:34:00,410,410,410,410,0
2021-12-29 15:35:00,410,410,410,410,0
2021-12-29 15:36:00,410,410,410,410,0
2021-12-29 15:37:00,410,410,410,410,0
2021-12-29 15:38:00,410,410,410,410,0
2021-12-29 15:39:00,410,410,410,410,0
2021-12-29 15:40:00,410,410,410,410,0
2021-12-29 15:41:00,410,410,410,410,0
2021-12-29 15:42:00,410,410,410,410,0
2021-12-29 15:43:00,410,410,410,410,0
2021-12-29 15:44:00,410,410,410,410,0
2021-12-29 15:45:00,410,410,410,410,0
2021-12-29 15:46:00,410,410,410,410,0
2021-12-29 15:47:00,410,410,410,410,0
2021-12-29 15:48:00,410,410,410,410,0
2021-12-29 15:49:00,410,410,410,410,0
2021-12-29 15:50:00,410,410,410,410,0
2021-12-29 15:51:00,410,410,410,410,0
2021-12-29 15:52:00,410,410,410,410,0
2021-12-29 15:53:00,410,410,410,410,0
2021-12-29 15:54:00,410,410,410,410,0
2021-12-29 15:55:00,410,410,410,410,0
2021-12-29 15:56:00,410,410,410,410,0
2021-12-29 15:57:00,410,410,410,410,0
2021-12-29 15:58:00,410,410,410,410,0
2021-12-29 15:59:00,410,410,410,410,0
2021-12-30 09:00:00,410,408,422,420,0
2021-12-30 09:01:00,420,410,420,420,55300
2021-12-30 09:02:00,420,420,424,424,53700
2021-12-30 09:03:00,422,420,424,420,65000
2021-12-30 09:04:00,420,420,434,430,53200
2021-12-30 09:05:00,434,432,450,432,152900
2021-12-30 09:06:00,432,430,436,432,62300
2021-12-30 09:07:00,432,432,432,432,28900
2021-12-30 09:08:00,432,432,446,446,13500
2021-12-30 09:09:00,444,444,448,448,64900
2021-12-30 09:10:00,448,444,448,444,51400
2021-12-30 09:11:00,436,432,442,436,46300
2021-12-30 09:12:00,438,438,440,440,84500
2021-12-30 09:13:00,440,440,442,440,10300
2021-12-30 09:14:00,440,440,442,442,5800
2021-12-30 09:15:00,440,438,440,440,111000
2021-12-30 09:16:00,438,438,440,440,27000
2021-12-30 09:17:00,440,440,440,440,30800
2021-12-30 09:18:00,440,440,442,442,34000
2021-12-30 09:19:00,442,440,446,446,11800
2021-12-30 09:20:00,446,446,448,448,38500
2021-12-30 09:21:00,446,444,448,444,34700
2021-12-30 09:22:00,442,442,442,442,7800
2021-12-30 09:23:00,444,444,444,444,200
2021-12-30 09:24:00,444,444,444,444,200
2021-12-30 09:25:00,442,442,444,444,7500
2021-12-30 09:26:00,442,442,444,444,0
2021-12-30 09:27:00,444,444,446,446,2200
2021-12-30 09:28:00,446,446,446,446,900
2021-12-30 09:29:00,444,444,446,446,1200
2021-12-30 09:30:00,444,442,444,442,5300
2021-12-30 09:31:00,442,442,446,446,2100
2021-12-30 09:32:00,446,446,446,446,4200
2021-12-30 09:33:00,446,446,446,446,24300
2021-12-30 09:34:00,446,446,446,446,3800
2021-12-30 09:35:00,448,448,448,448,400
2021-12-30 09:36:00,446,446,448,446,8200
2021-12-30 09:37:00,446,446,448,448,1200
2021-12-30 09:38:00,446,446,448,448,900
2021-12-30 09:39:00,448,448,448,448,66500
2021-12-30 09:40:00,448,448,448,448,6100
2021-12-30 09:41:00,448,448,448,448,600
2021-12-30 09:42:00,448,448,450,450,700
2021-12-30 09:43:00,450,450,450,450,26300
2021-12-30 09:44:00,450,450,450,450,24800
2021-12-30 09:45:00,448,448,448,448,15600
2021-12-30 09:46:00,448,448,448,448,0
2021-12-30 09:47:00,448,448,448,448,11400
2021-12-30 09:48:00,448,448,448,448,11000
2021-12-30 09:49:00,448,448,450,450,400
2021-12-30 09:50:00,448,448,448,448,3600
2021-12-30 09:51:00,450,450,450,450,3300
2021-12-30 09:52:00,450,450,450,450,15000
2021-12-30 09:53:00,448,448,450,450,28000
2021-12-30 09:54:00,448,448,450,448,27600
2021-12-30 09:55:00,448,448,448,448,12400
2021-12-30 09:56:00,450,450,450,450,1100
2021-12-30 09:57:00,450,450,450,450,10000
2021-12-30 09:58:00,448,448,450,448,43500
2021-12-30 09:59:00,448,448,448,448,27800
2021-12-30 10:00:00,448,448,448,448,800
2021-12-30 10:01:00,448,448,448,448,100
2021-12-30 10:02:00,448,448,448,448,900
2021-12-30 10:03:00,448,448,448,448,18400
2021-12-30 10:04:00,448,448,448,448,3000
2021-12-30 10:05:00,448,448,448,448,800
2021-12-30 10:06:00,448,446,448,446,60200
2021-12-30 10:07:00,448,446,448,446,0
2021-12-30 10:08:00,446,446,446,446,10600
2021-12-30 10:09:00,444,444,444,444,900
2021-12-30 10:10:00,444,444,444,444,0
2021-12-30 10:11:00,448,448,448,448,1000
2021-12-30 10:12:00,448,446,448,446,1100
2021-12-30 10:13:00,448,446,448,446,0
2021-12-30 10:14:00,448,448,476,460,917300
2021-12-30 10:15:00,460,448,460,450,483600
2021-12-30 10:16:00,450,446,450,450,667500
2021-12-30 10:17:00,448,448,448,448,48000
2021-12-30 10:18:00,448,448,448,448,43300
2021-12-30 10:19:00,448,446,448,448,29200
2021-12-30 10:20:00,448,448,448,448,3100
2021-12-30 10:21:00,450,450,450,450,1000
2021-12-30 10:22:00,450,450,450,450,53600
2021-12-30 10:23:00,448,448,450,450,14100
2021-12-30 10:24:00,450,448,450,448,7100
2021-12-30 10:25:00,450,450,450,450,62300
2021-12-30 10:26:00,450,448,450,450,4200
2021-12-30 10:27:00,450,450,450,450,52200
2021-12-30 10:28:00,450,450,450,450,44400
2021-12-30 10:29:00,450,448,450,448,118500
2021-12-30 10:30:00,448,448,450,448,73400
2021-12-30 10:31:00,448,448,450,450,8600
2021-12-30 10:32:00,450,448,450,448,53600
2021-12-30 10:33:00,450,448,450,448,9200
2021-12-30 10:34:00,450,450,450,450,85700
2021-12-30 10:35:00,450,450,450,450,77000
2021-12-30 10:36:00,450,450,450,450,50100
2021-12-30 10:37:00,450,448,450,450,109600
2021-12-30 10:38:00,450,450,450,450,1000
2021-12-30 10:39:00,450,450,450,450,0
2021-12-30 10:40:00,448,448,448,448,75600
2021-12-30 10:41:00,448,448,448,448,400
2021-12-30 10:42:00,450,448,450,448,22200
2021-12-30 10:43:00,448,448,448,448,8600
2021-12-30 10:44:00,448,448,448,448,21500
2021-12-30 10:45:00,450,448,450,450,1000
2021-12-30 10:46:00,450,450,450,450,1300
2021-12-30 10:47:00,450,450,450,450,0
2021-12-30 10:48:00,448,448,448,448,6600
2021-12-30 10:49:00,448,448,448,448,0
2021-12-30 10:50:00,448,448,448,448,0
2021-12-30 10:51:00,448,448,448,448,0
2021-12-30 10:52:00,448,448,448,448,400
2021-12-30 10:53:00,448,448,450,450,11500
2021-12-30 10:54:00,450,450,450,450,28700
2021-12-30 10:55:00,450,450,450,450,11300
2021-12-30 10:56:00,450,450,450,450,0
2021-12-30 10:57:00,450,450,450,450,0
2021-12-30 10:58:00,450,450,450,450,100
2021-12-30 10:59:00,450,450,450,450,22200
2021-12-30 11:00:00,450,450,450,450,0
2021-12-30 11:01:00,450,450,450,450,15000
2021-12-30 11:02:00,450,450,450,450,0
2021-12-30 11:03:00,450,450,450,450,20000
2021-12-30 11:04:00,450,450,450,450,0
2021-12-30 11:05:00,450,450,450,450,12500
2021-12-30 11:06:00,450,448,450,448,24200
2021-12-30 11:07:00,450,448,450,448,0
2021-12-30 11:08:00,450,450,450,450,2000
2021-12-30 11:09:00,450,450,450,450,10000
2021-12-30 11:10:00,448,448,448,448,15900
2021-12-30 11:11:00,448,448,448,448,0
2021-12-30 11:12:00,448,448,448,448,22300
2021-12-30 11:13:00,450,450,450,450,100
2021-12-30 11:14:00,450,450,450,450,51500
2021-12-30 11:15:00,450,450,450,450,0
2021-12-30 11:16:00,448,448,448,448,4000
2021-12-30 11:17:00,448,446,448,446,2600
2021-12-30 11:18:00,450,450,450,450,100
2021-12-30 11:19:00,448,446,450,446,30100
2021-12-30 11:20:00,448,446,450,446,0
2021-12-30 11:21:00,448,446,450,446,0
2021-12-30 11:22:00,448,448,448,448,1100
2021-12-30 11:23:00,448,448,448,448,100
2021-12-30 11:24:00,450,448,450,448,2500
2021-12-30 11:25:00,450,450,450,450,1700
2021-12-30 11:26:00,450,450,450,450,13000
2021-12-30 11:27:00,450,450,450,450,500
2021-12-30 11:28:00,450,450,450,450,900
2021-12-30 11:29:00,450,450,450,450,22500
2021-12-30 11:30:00,450,450,450,450,0
2021-12-30 11:31:00,450,450,450,450,0
2021-12-30 11:32:00,450,450,450,450,0
2021-12-30 11:33:00,450,450,450,450,0
2021-12-30 11:34:00,450,450,450,450,0
2021-12-30 11:35:00,450,450,450,450,0
2021-12-30 11:36:00,450,450,450,450,0
2021-12-30 11:37:00,450,450,450,450,0
2021-12-30 11:38:00,450,450,450,450,0
2021-12-30 11:39:00,450,450,450,450,0
2021-12-30 11:40:00,450,450,450,450,0
2021-12-30 11:41:00,450,450,450,450,0
2021-12-30 11:42:00,450,450,450,450,0
2021-12-30 11:43:00,450,450,450,450,0
2021-12-30 11:44:00,450,450,450,450,0
2021-12-30 11:45:00,450,450,450,450,0
2021-12-30 11:46:00,450,450,450,450,0
2021-12-30 11:47:00,450,450,450,450,0
2021-12-30 11:48:00,450,450,450,450,0
2021-12-30 11:49:00,450,450,450,450,0
2021-12-30 11:50:00,450,450,450,450,0
2021-12-30 11:51:00,450,450,450,450,0
2021-12-30 11:52:00,450,450,450,450,0
2021-12-30 11:53:00,450,450,450,450,0
2021-12-30 11:54:00,450,450,450,450,0
2021-12-30 11:55:00,450,450,450,450,0
2021-12-30 11:56:00,450,450,450,450,0
2021-12-30 11:57:00,450,450,450,450,0
2021-12-30 11:58:00,450,450,450,450,0
2021-12-30 11:59:00,450,450,450,450,0
2021-12-30 12:00:00,450,450,450,450,0
2021-12-30 12:01:00,450,450,450,450,0
2021-12-30 12:02:00,450,450,450,450,0
2021-12-30 12:03:00,450,450,450,450,0
2021-12-30 12:04:00,450,450,450,450,0
2021-12-30 12:05:00,450,450,450,450,0
2021-12-30 12:06:00,450,450,450,450,0
2021-12-30 12:07:00,450,450,450,450,0
2021-12-30 12:08:00,450,450,450,450,0
2021-12-30 12:09:00,450,450,450,450,0
2021-12-30 12:10:00,450,450,450,450,0
2021-12-30 12:11:00,450,450,450,450,0
2021-12-30 12:12:00,450,450,450,450,0
2021-12-30 12:13:00,450,450,450,450,0
2021-12-30 12:14:00,450,450,450,450,0
2021-12-30 12:15:00,450,450,450,450,0
2021-12-30 12:16:00,450,450,450,450,0
2021-12-30 12:17:00,450,450,450,450,0
2021-12-30 12:18:00,450,450,450,450,0
2021-12-30 12:19:00,450,450,450,450,0
2021-12-30 12:20:00,450,450,450,450,0
2021-12-30 12:21:00,450,450,450,450,0
2021-12-30 12:22:00,450,450,450,450,0
2021-12-30 12:23:00,450,450,450,450,0
2021-12-30 12:24:00,450,450,450,450,0
2021-12-30 12:25:00,450,450,450,450,0
2021-12-30 12:26:00,450,450,450,450,0
2021-12-30 12:27:00,450,450,450,450,0
2021-12-30 12:28:00,450,450,450,450,0
2021-12-30 12:29:00,450,450,450,450,0
2021-12-30 12:30:00,450,450,450,450,0
2021-12-30 12:31:00,450,450,450,450,0
2021-12-30 12:32:00,450,450,450,450,0
2021-12-30 12:33:00,450,450,450,450,0
2021-12-30 12:34:00,450,450,450,450,0
2021-12-30 12:35:00,450,450,450,450,0
2021-12-30 12:36:00,450,450,450,450,0
2021-12-30 12:37:00,450,450,450,450,0
2021-12-30 12:38:00,450,450,450,450,0
2021-12-30 12:39:00,450,450,450,450,0
2021-12-30 12:40:00,450,450,450,450,0
2021-12-30 12:41:00,450,450,450,450,0
2021-12-30 12:42:00,450,450,450,450,0
2021-12-30 12:43:00,450,450,450,450,0
2021-12-30 12:44:00,450,450,450,450,0
2021-12-30 12:45:00,450,450,450,450,0
2021-12-30 12:46:00,450,450,450,450,0
2021-12-30 12:47:00,450,450,450,450,0
2021-12-30 12:48:00,450,450,450,450,0
2021-12-30 12:49:00,450,450,450,450,0
2021-12-30 12:50:00,450,450,450,450,0
2021-12-30 12:51:00,450,450,450,450,0
2021-12-30 12:52:00,450,450,450,450,0
2021-12-30 12:53:00,450,450,450,450,0
2021-12-30 12:54:00,450,450,450,450,0
2021-12-30 12:55:00,450,450,450,450,0
2021-12-30 12:56:00,450,450,450,450,0
2021-12-30 12:57:00,450,450,450,450,0
2021-12-30 12:58:00,450,450,450,450,0
2021-12-30 12:59:00,450,450,450,450,0
2021-12-30 13:00:00,450,450,450,450,0
2021-12-30 13:01:00,450,450,450,450,0
2021-12-30 13:02:00,450,450,450,450,0
2021-12-30 13:03:00,450,450,450,450,0
2021-12-30 13:04:00,450,450,450,450,0
2021-12-30 13:05:00,450,450,450,450,0
2021-12-30 13:06:00,450,450,450,450,0
2021-12-30 13:07:00,450,450,450,450,0
2021-12-30 13:08:00,450,450,450,450,0
2021-12-30 13:09:00,450,450,450,450,0
2021-12-30 13:10:00,450,450,450,450,0
2021-12-30 13:11:00,450,450,450,450,0
2021-12-30 13:12:00,450,450,450,450,0
2021-12-30 13:13:00,450,450,450,450,0
2021-12-30 13:14:00,450,450,450,450,0
2021-12-30 13:15:00,450,450,450,450,0
2021-12-30 13:16:00,450,450,450,450,0
2021-12-30 13:17:00,450,450,450,450,0
2021-12-30 13:18:00,450,450,450,450,0
2021-12-30 13:19:00,450,450,450,450,0
2021-12-30 13:20:00,450,450,450,450,0
2021-12-30 13:21:00,450,450,450,450,0
2021-12-30 13:22:00,450,450,450,450,0
2021-12-30 13:23:00,450,450,450,450,0
2021-12-30 13:24:00,450,450,450,450,0
2021-12-30 13:25:00,450,450,450,450,0
2021-12-30 13:26:00,450,450,450,450,0
2021-12-30 13:27:00,450,450,450,450,0
2021-12-30 13:28:00,450,450,450,450,0
2021-12-30 13:29:00,450,450,450,450,0
2021-12-30 13:30:00,450,448,450,450,239000
2021-12-30 13:31:00,448,446,448,448,16200
2021-12-30 13:32:00,448,448,448,448,15700
2021-12-30 13:33:00,448,448,448,448,0
2021-12-30 13:34:00,450,450,450,450,2500
2021-12-30 13:35:00,448,448,448,448,100
2021-12-30 13:36:00,448,448,448,448,1700
2021-12-30 13:37:00,448,448,448,448,1100
2021-12-30 13:38:00,448,448,448,448,3700
2021-12-30 13:39:00,448,448,448,448,2100
2021-12-30 13:40:00,448,448,448,448,0
2021-12-30 13:41:00,448,448,448,448,1000
2021-12-30 13:42:00,448,448,448,448,0
2021-12-30 13:43:00,448,448,448,448,5900
2021-12-30 13:44:00,448,448,448,448,0
2021-12-30 13:45:00,448,448,448,448,4900
2021-12-30 13:46:00,448,448,448,448,4300
2021-12-30 13:47:00,448,448,448,448,1900
2021-12-30 13:48:00,448,448,448,448,0
2021-12-30 13:49:00,448,448,448,448,0
2021-12-30 13:50:00,448,448,448,448,0
2021-12-30 13:51:00,448,448,448,448,0
2021-12-30 13:52:00,448,448,448,448,3700
2021-12-30 13:53:00,446,446,446,446,14600
2021-12-30 13:54:00,446,446,446,446,18300
2021-12-30 13:55:00,446,446,446,446,0
2021-12-30 13:56:00,446,446,446,446,400
2021-12-30 13:57:00,446,446,450,450,66100
2021-12-30 13:58:00,446,446,450,450,0
2021-12-30 13:59:00,446,446,450,450,0
2021-12-30 14:00:00,448,448,448,448,900
2021-12-30 14:01:00,448,448,448,448,2000
2021-12-30 14:02:00,448,448,448,448,20400
2021-12-30 14:03:00,448,448,448,448,100
2021-12-30 14:04:00,448,448,448,448,0
2021-12-30 14:05:00,448,448,448,448,10000
2021-12-30 14:06:00,448,448,448,448,0
2021-12-30 14:07:00,448,448,448,448,0
2021-12-30 14:08:00,448,448,448,448,0
2021-12-30 14:09:00,448,448,448,448,0
2021-12-30 14:10:00,450,450,450,450,7000
2021-12-30 14:11:00,450,450,450,450,10000
2021-12-30 14:12:00,450,450,450,450,0
2021-12-30 14:13:00,450,450,450,450,0
2021-12-30 14:14:00,450,450,450,450,0
2021-12-30 14:15:00,448,448,448,448,12000
2021-12-30 14:16:00,448,448,448,448,0
2021-12-30 14:17:00,448,448,448,448,0
2021-12-30 14:18:00,448,448,448,448,0
2021-12-30 14:19:00,448,448,448,448,1300
2021-12-30 14:20:00,448,448,448,448,2000
2021-12-30 14:21:00,448,448,448,448,1400
2021-12-30 14:22:00,448,448,448,448,0
2021-12-30 14:23:00,448,448,448,448,0
2021-12-30 14:24:00,448,448,448,448,0
2021-12-30 14:25:00,448,448,448,448,0
2021-12-30 14:26:00,448,448,448,448,500
2021-12-30 14:27:00,450,450,450,450,300
2021-12-30 14:28:00,450,450,450,450,500
2021-12-30 14:29:00,450,450,450,450,10400
2021-12-30 14:30:00,450,450,450,450,0
2021-12-30 14:31:00,450,450,450,450,0
2021-12-30 14:32:00,450,450,450,450,0
2021-12-30 14:33:00,450,450,450,450,0
2021-12-30 14:34:00,450,450,450,450,6200
2021-12-30 14:35:00,450,448,450,448,1500
2021-12-30 14:36:00,450,448,450,448,0
2021-12-30 14:37:00,448,448,450,448,35400
2021-12-30 14:38:00,448,448,448,448,7700
2021-12-30 14:39:00,448,448,448,448,8700
2021-12-30 14:40:00,448,448,448,448,2000
2021-12-30 14:41:00,446,446,446,446,25600
2021-12-30 14:42:00,446,446,446,446,0
2021-12-30 14:43:00,446,446,446,446,0
2021-12-30 14:44:00,446,444,446,444,25100
2021-12-30 14:45:00,444,444,446,446,16300
2021-12-30 14:46:00,444,444,446,444,6900
2021-12-30 14:47:00,442,440,446,440,106000
2021-12-30 14:48:00,446,446,446,446,3600
2021-12-30 14:49:00,440,440,440,440,13000
2021-12-30 14:50:00,440,440,440,440,0
2021-12-30 14:51:00,440,440,440,440,0
2021-12-30 14:52:00,440,440,440,440,0
2021-12-30 14:53:00,440,440,440,440,0
2021-12-30 14:54:00,440,440,440,440,0
2021-12-30 14:55:00,440,440,440,440,0
2021-12-30 14:56:00,440,440,440,440,0
2021-12-30 14:57:00,440,440,440,440,0
2021-12-30 14:58:00,440,440,440,440,0
2021-12-30 14:59:00,440,440,440,440,0
2021-12-30 15:00:00,446,446,446,446,46300
2021-12-30 15:01:00,446,446,446,446,2000
2021-12-30 15:02:00,446,446,446,446,5936300
2021-12-30 15:03:00,446,446,446,446,0
2021-12-30 15:04:00,446,446,446,446,0
2021-12-30 15:05:00,446,446,446,446,0
2021-12-30 15:06:00,446,446,446,446,300
2021-12-30 15:07:00,446,446,446,446,0
2021-12-30 15:08:00,446,446,446,446,0
2021-12-30 15:09:00,446,446,446,446,4900
2021-12-30 15:10:00,446,446,446,446,0
2021-12-30 15:11:00,446,446,446,446,0
2021-12-30 15:12:00,446,446,446,446,0
2021-12-30 15:13:00,446,446,446,446,300
2021-12-30 15:14:00,446,446,446,446,16300
2021-12-30 15:15:00,446,446,446,446,0
2021-12-30 15:16:00,446,446,446,446,0
2021-12-30 15:17:00,446,446,446,446,0
2021-12-30 15:18:00,446,446,446,446,0
2021-12-30 15:19:00,446,446,446,446,0
2021-12-30 15:20:00,446,446,446,446,0
2021-12-30 15:21:00,446,446,446,446,0
2021-12-30 15:22:00,446,446,446,446,0
2021-12-30 15:23:00,446,446,446,446,0
2021-12-30 15:24:00,446,446,446,446,0
2021-12-30 15:25:00,446,446,446,446,0
2021-12-30 15:26:00,446,446,446,446,0
2021-12-30 15:27:00,446,446,446,446,0
2021-12-30 15:28:00,446,446,446,446,0
2021-12-30 15:29:00,446,446,446,446,0
2021-12-30 15:30:00,446,446,446,446,0
2021-12-30 15:31:00,446,446,446,446,0
2021-12-30 15:32:00,446,446,446,446,0
2021-12-30 15:33:00,446,446,446,446,0
2021-12-30 15:34:00,446,446,446,446,0
2021-12-30 15:35:00,446,446,446,446,0
2021-12-30 15:36:00,446,446,446,446,0
2021-12-30 15:37:00,446,446,446,446,0
2021-12-30 15:38:00,446,446,446,446,0
2021-12-30 15:39:00,446,446,446,446,0
2021-12-30 15:40:00,446,446,446,446,0
2021-12-30 15:41:00,446,446,446,446,0
2021-12-30 15:42:00,446,446,446,446,0
2021-12-30 15:43:00,446,446,446,446,0
2021-12-30 15:44:00,446,446,446,446,0
2021-12-30 15:45:00,446,446,446,446,0
2021-12-30 15:46:00,446,446,446,446,0
2021-12-30 15:47:00,446,446,446,446,0
2021-12-30 15:48:00,446,446,446,446,0
2021-12-30 15:49:00,446,446,446,446,0
2021-12-30 15:50:00,446,446,446,446,0
2021-12-30 15:51:00,446,446,446,446,0
2021-12-30 15:52:00,446,446,446,446,0
2021-12-30 15:53:00,446,446,446,446,0
2021-12-30 15:54:00,446,446,446,446,0
2021-12-30 15:55:00,446,446,446,446,0
2021-12-30 15:56:00,446,446,446,446,0
2021-12-30 15:57:00,446,446,446,446,0
2021-12-30 15:58:00,446,446,446,446,0
2021-12-30 15:59:00,446,446,446,446,0
2021-12-31 09:00:00,446,446,446,446,0
2021-12-31 09:01:00,446,446,446,446,0
2021-12-31 09:02:00,446,446,446,446,0
2021-12-31 09:03:00,446,446,446,446,0
2021-12-31 09:04:00,446,446,446,446,0
2021-12-31 09:05:00,446,446,446,446,0
2021-12-31 09:06:00,446,446,446,446,0
2021-12-31 09:07:00,446,446,446,446,0
2021-12-31 09:08:00,446,446,446,446,0
2021-12-31 09:09:00,446,446,446,446,0
2021-12-31 09:10:00,446,446,446,446,0
2021-12-31 09:11:00,446,446,446,446,0
2021-12-31 09:12:00,446,446,446,446,0
2021-12-31 09:13:00,446,446,446,446,0
2021-12-31 09:14:00,446,446,446,446,0
2021-12-31 09:15:00,446,446,446,446,0
2021-12-31 09:16:00,446,446,446,446,0
2021-12-31 09:17:00,446,446,446,446,0
2021-12-31 09:18:00,446,446,446,446,0
2021-12-31 09:19:00,446,446,446,446,0
2021-12-31 09:20:00,446,446,446,446,0
2021-12-31 09:21:00,446,446,446,446,0
2021-12-31 09:22:00,446,446,446,446,0
2021-12-31 09:23:00,446,446,446,446,0
2021-12-31 09:24:00,446,446,446,446,0
2021-12-31 09:25:00,446,446,446,446,0
2021-12-31 09:26:00,446,446,446,446,0
2021-12-31 09:27:00,446,446,446,446,0
2021-12-31 09:28:00,446,446,446,446,0
2021-12-31 09:29:00,446,446,446,446,0
2021-12-31 09:30:00,446,446,446,446,0
2021-12-31 09:31:00,446,446,446,446,0
2021-12-31 09:32:00,446,446,446,446,0
2021-12-31 09:33:00,446,446,446,446,0
2021-12-31 09:34:00,446,446,446,446,0
2021-12-31 09:35:00,446,446,446,446,0
2021-12-31 09:36:00,446,446,446,446,0
2021-12-31 09:37:00,446,446,446,446,0
2021-12-31 09:38:00,446,446,446,446,0
2021-12-31 09:39:00,446,446,446,446,0
2021-12-31 09:40:00,446,446,446,446,0
2021-12-31 09:41:00,446,446,446,446,0
2021-12-31 09:42:00,446,446,446,446,0
2021-12-31 09:43:00,446,446,446,446,0
2021-12-31 09:44:00,446,446,446,446,0
2021-12-31 09:45:00,446,446,446,446,0
2021-12-31 09:46:00,446,446,446,446,0
2021-12-31 09:47:00,446,446,446,446,0
2021-12-31 09:48:00,446,446,446,446,0
2021-12-31 09:49:00,446,446,446,446,0
2021-12-31 09:50:00,446,446,446,446,0
2021-12-31 09:51:00,446,446,446,446,0
2021-12-31 09:52:00,446,446,446,446,0
2021-12-31 09:53:00,446,446,446,446,0
2021-12-31 09:54:00,446,446,446,446,0
2021-12-31 09:55:00,446,446,446,446,0
2021-12-31 09:56:00,446,446,446,446,0
2021-12-31 09:57:00,446,446,446,446,0
2021-12-31 09:58:00,446,446,446,446,0
2021-12-31 09:59:00,446,446,446,446,0
2021-12-31 10:00:00,446,446,446,446,0
2021-12-31 10:01:00,446,446,446,446,0
2021-12-31 10:02:00,446,446,446,446,0
2021-12-31 10:03:00,446,446,446,446,0
2021-12-31 10:04:00,446,446,446,446,0
2021-12-31 10:05:00,446,446,446,446,0
2021-12-31 10:06:00,446,446,446,446,0
2021-12-31 10:07:00,446,446,446,446,0
2021-12-31 10:08:00,446,446,446,446,0
2021-12-31 10:09:00,446,446,446,446,0
2021-12-31 10:10:00,446,446,446,446,0
2021-12-31 10:11:00,446,446,446,446,0
2021-12-31 10:12:00,446,446,446,446,0
2021-12-31 10:13:00,446,446,446,446,0
2021-12-31 10:14:00,446,446,446,446,0
2021-12-31 10:15:00,446,446,446,446,0
2021-12-31 10:16:00,446,446,446,446,0
2021-12-31 10:17:00,446,446,446,446,0
2021-12-31 10:18:00,446,446,446,446,0
2021-12-31 10:19:00,446,446,446,446,0
2021-12-31 10:20:00,446,446,446,446,0
2021-12-31 10:21:00,446,446,446,446,0
2021-12-31 10:22:00,446,446,446,446,0
2021-12-31 10:23:00,446,446,446,446,0
2021-12-31 10:24:00,446,446,446,446,0
2021-12-31 10:25:00,446,446,446,446,0
2021-12-31 10:26:00,446,446,446,446,0
2021-12-31 10:27:00,446,446,446,446,0
2021-12-31 10:28:00,446,446,446,446,0
2021-12-31 10:29:00,446,446,446,446,0
2021-12-31 10:30:00,446,446,446,446,0
2021-12-31 10:31:00,446,446,446,446,0
2021-12-31 10:32:00,446,446,446,446,0
2021-12-31 10:33:00,446,446,446,446,0
2021-12-31 10:34:00,446,446,446,446,0
2021-12-31 10:35:00,446,446,446,446,0
2021-12-31 10:36:00,446,446,446,446,0
2021-12-31 10:37:00,446,446,446,446,0
2021-12-31 10:38:00,446,446,446,446,0
2021-12-31 10:39:00,446,446,446,446,0
2021-12-31 10:40:00,446,446,446,446,0
2021-12-31 10:41:00,446,446,446,446,0
2021-12-31 10:42:00,446,446,446,446,0
2021-12-31 10:43:00,446,446,446,446,0
2021-12-31 10:44:00,446,446,446,446,0
2021-12-31 10:45:00,446,446,446,446,0
2021-12-31 10:46:00,446,446,446,446,0
2021-12-31 10:47:00,446,446,446,446,0
2021-12-31 10:48:00,446,446,446,446,0
2021-12-31 10:49:00,446,446,446,446,0
2021-12-31 10:50:00,446,446,446,446,0
2021-12-31 10:51:00,446,446,446,446,0
2021-12-31 10:52:00,446,446,446,446,0
2021-12-31 10:53:00,446,446,446,446,0
2021-12-31 10:54:00,446,446,446,446,0
2021-12-31 10:55:00,446,446,446,446,0
2021-12-31 10:56:00,446,446,446,446,0
2021-12-31 10:57:00,446,446,446,446,0
2021-12-31 10:58:00,446,446,446,446,0
2021-12-31 10:59:00,446,446,446,446,0
2021-12-31 11:00:00,446,446,446,446,0
2021-12-31 11:01:00,446,446,446,446,0
2021-12-31 11:02:00,446,446,446,446,0
2021-12-31 11:03:00,446,446,446,446,0
2021-12-31 11:04:00,446,446,446,446,0
2021-12-31 11:05:00,446,446,446,446,0
2021-12-31 11:06:00,446,446,446,446,0
2021-12-31 11:07:00,446,446,446,446,0
2021-12-31 11:08:00,446,446,446,446,0
2021-12-31 11:09:00,446,446,446,446,0
2021-12-31 11:10:00,446,446,446,446,0
2021-12-31 11:11:00,446,446,446,446,0
2021-12-31 11:12:00,446,446,446,446,0
2021-12-31 11:13:00,446,446,446,446,0
2021-12-31 11:14:00,446,446,446,446,0
2021-12-31 11:15:00,446,446,446,446,0
2021-12-31 11:16:00,446,446,446,446,0
2021-12-31 11:17:00,446,446,446,446,0
2021-12-31 11:18:00,446,446,446,446,0
2021-12-31 11:19:00,446,446,446,446,0
2021-12-31 11:20:00,446,446,446,446,0
2021-12-31 11:21:00,446,446,446,446,0
2021-12-31 11:22:00,446,446,446,446,0
2021-12-31 11:23:00,446,446,446,446,0
2021-12-31 11:24:00,446,446,446,446,0
2021-12-31 11:25:00,446,446,446,446,0
2021-12-31 11:26:00,446,446,446,446,0
2021-12-31 11:27:00,446,446,446,446,0
2021-12-31 11:28:00,446,446,446,446,0
2021-12-31 11:29:00,446,446,446,446,0
2021-12-31 11:30:00,446,446,446,446,0
2021-12-31 11:31:00,446,446,446,446,0
2021-12-31 11:32:00,446,446,446,446,0
2021-12-31 11:33:00,446,446,446,446,0
2021-12-31 11:34:00,446,446,446,446,0
2021-12-31 11:35:00,446,446,446,446,0
2021-12-31 11:36:00,446,446,446,446,0
2021-12-31 11:37:00,446,446,446,446,0
2021-12-31 11:38:00,446,446,446,446,0
2021-12-31 11:39:00,446,446,446,446,0
2021-12-31 11:40:00,446,446,446,446,0
2021-12-31 11:41:00,446,446,446,446,0
2021-12-31 11:42:00,446,446,446,446,0
2021-12-31 11:43:00,446,446,446,446,0
2021-12-31 11:44:00,446,446,446,446,0
2021-12-31 11:45:00,446,446,446,446,0
2021-12-31 11:46:00,446,446,446,446,0
2021-12-31 11:47:00,446,446,446,446,0
2021-12-31 11:48:00,446,446,446,446,0
2021-12-31 11:49:00,446,446,446,446,0
2021-12-31 11:50:00,446,446,446,446,0
2021-12-31 11:51:00,446,446,446,446,0
2021-12-31 11:52:00,446,446,446,446,0
2021-12-31 11:53:00,446,446,446,446,0
2021-12-31 11:54:00,446,446,446,446,0
2021-12-31 11:55:00,446,446,446,446,0
2021-12-31 11:56:00,446,446,446,446,0
2021-12-31 11:57:00,446,446,446,446,0
2021-12-31 11:58:00,446,446,446,446,0
2021-12-31 11:59:00,446,446,446,446,0
2021-12-31 12:00:00,446,446,446,446,0
2021-12-31 12:01:00,446,446,446,446,0
2021-12-31 12:02:00,446,446,446,446,0
2021-12-31 12:03:00,446,446,446,446,0
2021-12-31 12:04:00,446,446,446,446,0
2021-12-31 12:05:00,446,446,446,446,0
2021-12-31 12:06:00,446,446,446,446,0
2021-12-31 12:07:00,446,446,446,446,0
2021-12-31 12:08:00,446,446,446,446,0
2021-12-31 12:09:00,446,446,446,446,0
2021-12-31 12:10:00,446,446,446,446,0
2021-12-31 12:11:00,446,446,446,446,0
2021-12-31 12:12:00,446,446,446,446,0
2021-12-31 12:13:00,446,446,446,446,0
2021-12-31 12:14:00,446,446,446,446,0
2021-12-31 12:15:00,446,446,446,446,0
2021-12-31 12:16:00,446,446,446,446,0
2021-12-31 12:17:00,446,446,446,446,0
2021-12-31 12:18:00,446,446,446,446,0
2021-12-31 12:19:00,446,446,446,446,0
2021-12-31 12:20:00,446,446,446,446,0
2021-12-31 12:21:00,446,446,446,446,0
2021-12-31 12:22:00,446,446,446,446,0
2021-12-31 12:23:00,446,446,446,446,0
2021-12-31 12:24:00,446,446,446,446,0
2021-12-31 12:25:00,446,446,446,446,0
2021-12-31 12:26:00,446,446,446,446,0
2021-12-31 12:27:00,446,446,446,446,0
2021-12-31 12:28:00,446,446,446,446,0
2021-12-31 12:29:00,446,446,446,446,0
2021-12-31 12:30:00,446,446,446,446,0
2021-12-31 12:31:00,446,446,446,446,0
2021-12-31 12:32:00,446,446,446,446,0
2021-12-31 12:33:00,446,446,446,446,0
2021-12-31 12:34:00,446,446,446,446,0
2021-12-31 12:35:00,446,446,446,446,0
2021-12-31 12:36:00,446,446,446,446,0
2021-12-31 12:37:00,446,446,446,446,0
2021-12-31 12:38:00,446,446,446,446,0
2021-12-31 12:39:00,446,446,446,446,0
2021-12-31 12:40:00,446,446,446,446,0
2021-12-31 12:41:00,446,446,446,446,0
2021-12-31 12:42:00,446,446,446,446,0
2021-12-31 12:43:00,446,446,446,446,0
2021-12-31 12:44:00,446,446,446,446,0
2021-12-31 12:45:00,446,446,446,446,0
2021-12-31 12:46:00,446,446,446,446,0
2021-12-31 12:47:00,446,446,446,446,0
2021-12-31 12:48:00,446,446,446,446,0
2021-12-31 12:49:00,446,446,446,446,0
2021-12-31 12:50:00,446,446,446,446,0
2021-12-31 12:51:00,446,446,446,446,0
2021-12-31 12:52:00,446,446,446,446,0
2021-12-31 12:53:00,446,446,446,446,0
2021-12-31 12:54:00,446,446,446,446,0
2021-12-31 12:55:00,446,446,446,446,0
2021-12-31 12:56:00,446,446,446,446,0
2021-12-31 12:57:00,446,446,446,446,0
2021-12-31 12:58:00,446,446,446,446,0
2021-12-31 12:59:00,446,446,446,446,0
2021-12-31 13:00:00,446,446,446,446,0
2021-12-31 13:01:00,446,446,446,446,0
2021-12-31 13:02:00,446,446,446,446,0
2021-12-31 13:03:00,446,446,446,446,0
2021-12-31 13:04:00,446,446,446,446,0
2021-12-31 13:05:00,446,446,446,446,0
2021-12-31 13:06:00,446,446,446,446,0
2021-12-31 13:07:00,446,446,446,446,0
2021-12-31 13:08:00,446,446,446,446,0
2021-12-31 13:09:00,446,446,446,446,0
2021-12-31 13:10:00,446,446,446,446,0
2021-12-31 13:11:00,446,446,446,446,0
2021-12-31 13:12:00,446,446,446,446,0
2021-12-31 13:13:00,446,446,446,446,0
2021-12-31 13:14:00,446,446,446,446,0
2021-12-31 13:15:00,446,446,446,446,0
2021-12-31 13:16:00,446,446,446,446,0
2021-12-31 13:17:00,446,446,446,446,0
2021-12-31 13:18:00,446,446,446,446,0
2021-12-31 13:19:00,446,446,446,446,0
2021-12-31 13:20:00,446,446,446,446,0
2021-12-31 13:21:00,446,446,446,446,0
2021-12-31 13:22:00,446,446,446,446,0
2021-12-31 13:23:00,446,446,446,446,0
2021-12-31 13:24:00,446,446,446,446,0
2021-12-31 13:25:00,446,446,446,446,0
2021-12-31 13:26:00,446,446,446,446,0
2021-12-31 13:27:00,446,446,446,446,0
2021-12-31 13:28:00,446,446,446,446,0
2021-12-31 13:29:00,446,446,446,446,0
2021-12-31 13:30:00,446,446,446,446,0
2021-12-31 13:31:00,446,446,446,446,0
2021-12-31 13:32:00,446,446,446,446,0
2021-12-31 13:33:00,446,446,446,446,0
2021-12-31 13:34:00,446,446,446,446,0
2021-12-31 13:35:00,446,446,446,446,0
2021-12-31 13:36:00,446,446,446,446,0
2021-12-31 13:37:00,446,446,446,446,0
2021-12-31 13:38:00,446,446,446,446,0
2021-12-31 13:39:00,446,446,446,446,0
2021-12-31 13:40:00,446,446,446,446,0
2021-12-31 13:41:00,446,446,446,446,0
2021-12-31 13:42:00,446,446,446,446,0
2021-12-31 13:43:00,446,446,446,446,0
2021-12-31 13:44:00,446,446,446,446,0
2021-12-31 13:45:00,446,446,446,446,0
2021-12-31 13:46:00,446,446,446,446,0
2021-12-31 13:47:00,446,446,446,446,0
2021-12-31 13:48:00,446,446,446,446,0
2021-12-31 13:49:00,446,446,446,446,0
2021-12-31 13:50:00,446,446,446,446,0
2021-12-31 13:51:00,446,446,446,446,0
2021-12-31 13:52:00,446,446,446,446,0
2021-12-31 13:53:00,446,446,446,446,0
2021-12-31 13:54:00,446,446,446,446,0
2021-12-31 13:55:00,446,446,446,446,0
2021-12-31 13:56:00,446,446,446,446,0
2021-12-31 13:57:00,446,446,446,446,0
2021-12-31 13:58:00,446,446,446,446,0
2021-12-31 13:59:00,446,446,446,446,0
2021-12-31 14:00:00,446,446,446,446,0
2021-12-31 14:01:00,446,446,446,446,0
2021-12-31 14:02:00,446,446,446,446,0
2021-12-31 14:03:00,446,446,446,446,0
2021-12-31 14:04:00,446,446,446,446,0
2021-12-31 14:05:00,446,446,446,446,0
2021-12-31 14:06:00,446,446,446,446,0
2021-12-31 14:07:00,446,446,446,446,0
2021-12-31 14:08:00,446,446,446,446,0
2021-12-31 14:09:00,446,446,446,446,0
2021-12-31 14:10:00,446,446,446,446,0
2021-12-31 14:11:00,446,446,446,446,0
2021-12-31 14:12:00,446,446,446,446,0
2021-12-31 14:13:00,446,446,446,446,0
2021-12-31 14:14:00,446,446,446,446,0
2021-12-31 14:15:00,446,446,446,446,0
2021-12-31 14:16:00,446,446,446,446,0
2021-12-31 14:17:00,446,446,446,446,0
2021-12-31 14:18:00,446,446,446,446,0
2021-12-31 14:19:00,446,446,446,446,0
2021-12-31 14:20:00,446,446,446,446,0
2021-12-31 14:21:00,446,446,446,446,0
2021-12-31 14:22:00,446,446,446,446,0
2021-12-31 14:23:00,446,446,446,446,0
2021-12-31 14:24:00,446,446,446,446,0
2021-12-31 14:25:00,446,446,446,446,0
2021-12-31 14:26:00,446,446,446,446,0
2021-12-31 14:27:00,446,446,446,446,0
2021-12-31 14:28:00,446,446,446,446,0
2021-12-31 14:29:00,446,446,446,446,0
2021-12-31 14:30:00,446,446,446,446,0
2021-12-31 14:31:00,446,446,446,446,0
2021-12-31 14:32:00,446,446,446,446,0
2021-12-31 14:33:00,446,446,446,446,0
2021-12-31 14:34:00,446,446,446,446,0
2021-12-31 14:35:00,446,446,446,446,0
2021-12-31 14:36:00,446,446,446,446,0
2021-12-31 14:37:00,446,446,446,446,0
2021-12-31 14:38:00,446,446,446,446,0
2021-12-31 14:39:00,446,446,446,446,0
2021-12-31 14:40:00,446,446,446,446,0
2021-12-31 14:41:00,446,446,446,446,0
2021-12-31 14:42:00,446,446,446,446,0
2021-12-31 14:43:00,446,446,446,446,0
2021-12-31 14:44:00,446,446,446,446,0
2021-12-31 14:45:00,446,446,446,446,0
2021-12-31 14:46:00,446,446,446,446,0
2021-12-31 14:47:00,446,446,446,446,0
2021-12-31 14:48:00,446,446,446,446,0
2021-12-31 14:49:00,446,446,446,446,0
2021-12-31 14:50:00,446,446,446,446,0
2021-12-31 14:51:00,446,446,446,446,0
2021-12-31 14:52:00,446,446,446,446,0
2021-12-31 14:53:00,446,446,446,446,0
2021-12-31 14:54:00,446,446,446,446,0
2021-12-31 14:55:00,446,446,446,446,0
2021-12-31 14:56:00,446,446,446,446,0
2021-12-31 14:57:00,446,446,446,446,0
2021-12-31 14:58:00,446,446,446,446,0
2021-12-31 14:59:00,446,446,446,446,0
2021-12-31 15:00:00,446,446,446,446,0
2021-12-31 15:01:00,446,446,446,446,0
2021-12-31 15:02:00,446,446,446,446,0
2021-12-31 15:03:00,446,446,446,446,0
2021-12-31 15:04:00,446,446,446,446,0
2021-12-31 15:05:00,446,446,446,446,0
2021-12-31 15:06:00,446,446,446,446,0
2021-12-31 15:07:00,446,446,446,446,0
2021-12-31 15:08:00,446,446,446,446,0
2021-12-31 15:09:00,446,446,446,446,0
2021-12-31 15:10:00,446,446,446,446,0
2021-12-31 15:11:00,446,446,446,446,0
2021-12-31 15:12:00,446,446,446,446,0
2021-12-31 15:13:00,446,446,446,446,0
2021-12-31 15:14:00,446,446,446,446,0
2021-12-31 15:15:00,446,446,446,446,0
2021-12-31 15:16:00,446,446,446,446,0
2021-12-31 15:17:00,446,446,446,446,0
2021-12-31 15:18:00,446,446,446,446,0
2021-12-31 15:19:00,446,446,446,446,0
2021-12-31 15:20:00,446,446,446,446,0
2021-12-31 15:21:00,446,446,446,446,0
2021-12-31 15:22:00,446,446,446,446,0
2021-12-31 15:23:00,446,446,446,446,0
2021-12-31 15:24:00,446,446,446,446,0
2021-12-31 15:25:00,446,446,446,446,0
2021-12-31 15:26:00,446,446,446,446,0
2021-12-31 15:27:00,446,446,446,446,0
2021-12-31 15:28:00,446,446,446,446,0
2021-12-31 15:29:00,446,446,446,446,0
2021-12-31 15:30:00,446,446,446,446,0
2021-12-31 15:31:00,446,446,446,446,0
2021-12-31 15:32:00,446,446,446,446,0
2021-12-31 15:33:00,446,446,446,446,0
2021-12-31 15:34:00,446,446,446,446,0
2021-12-31 15:35:00,446,446,446,446,0
2021-12-31 15:36:00,446,446,446,446,0
2021-12-31 15:37:00,446,446,446,446,0
2021-12-31 15:38:00,446,446,446,446,0
2021-12-31 15:39:00,446,446,446,446,0
2021-12-31 15:40:00,446,446,446,446,0
2021-12-31 15:41:00,446,446,446,446,0
2021-12-31 15:42:00,446,446,446,446,0
2021-12-31 15:43:00,446,446,446,446,0
2021-12-31 15:44:00,446,446,446,446,0
2021-12-31 15:45:00,446,446,446,446,0
2021-12-31 15:46:00,446,446,446,446,0
2021-12-31 15:47:00,446,446,446,446,0
2021-12-31 15:48:00,446,446,446,446,0
2021-12-31 15:49:00,446,446,446,446,0
2021-12-31 15:50:00,446,446,446,446,0
2021-12-31 15:51:00,446,446,446,446,0
2021-12-31 15:52:00,446,446,446,446,0
2021-12-31 15:53:00,446,446,446,446,0
2021-12-31 15:54:00,446,446,446,446,0
2021-12-31 15:55:00,446,446,446,446,0
2021-12-31 15:56:00,446,446,446,446,0
2021-12-31 15:57:00,446,446,446,446,0
2021-12-31 15:58:00,446,446,446,446,0
2021-12-31 15:59:00,446,446,446,446,0
2022-01-03 09:00:00,450,442,450,450,0
2022-01-03 09:01:00,448,448,450,450,132000
2022-01-03 09:02:00,448,448,450,450,87100
2022-01-03 09:03:00,450,450,450,450,21000
2022-01-03 09:04:00,450,450,450,450,23200
2022-01-03 09:05:00,450,450,450,450,5000
2022-01-03 09:06:00,448,448,448,448,101400
2022-01-03 09:07:00,448,448,450,448,14200
2022-01-03 09:08:00,448,448,448,448,10000
2022-01-03 09:09:00,450,448,450,448,18300
2022-01-03 09:10:00,448,448,448,448,10000
2022-01-03 09:11:00,448,448,448,448,9000
2022-01-03 09:12:00,448,448,448,448,400
2022-01-03 09:13:00,448,448,448,448,0
2022-01-03 09:14:00,448,448,450,450,24900
2022-01-03 09:15:00,450,450,450,450,80000
2022-01-03 09:16:00,450,448,450,448,10600
2022-01-03 09:17:00,450,450,450,450,100
2022-01-03 09:18:00,450,450,450,450,0
2022-01-03 09:19:00,450,450,450,450,0
2022-01-03 09:20:00,450,446,450,446,71400
2022-01-03 09:21:00,450,450,450,450,1900
2022-01-03 09:22:00,450,450,450,450,23100
2022-01-03 09:23:00,450,448,450,450,8900
2022-01-03 09:24:00,448,448,450,450,2600
2022-01-03 09:25:00,448,448,448,448,27100
2022-01-03 09:26:00,448,448,450,450,3500
2022-01-03 09:27:00,448,448,450,450,0
2022-01-03 09:28:00,448,448,450,450,0
2022-01-03 09:29:00,448,448,450,450,0
2022-01-03 09:30:00,450,450,450,450,38200
2022-01-03 09:31:00,450,450,450,450,0
2022-01-03 09:32:00,448,448,450,450,17000
2022-01-03 09:33:00,448,448,448,448,5000
2022-01-03 09:34:00,448,448,450,448,22000
2022-01-03 09:35:00,448,448,448,448,100
2022-01-03 09:36:00,448,448,448,448,0
2022-01-03 09:37:00,448,448,448,448,700
2022-01-03 09:38:00,448,448,448,448,2100
2022-01-03 09:39:00,448,448,448,448,6500
2022-01-03 09:40:00,446,446,446,446,500
2022-01-03 09:41:00,446,446,446,446,0
2022-01-03 09:42:00,448,446,448,446,48700
2022-01-03 09:43:00,446,446,446,446,600
2022-01-03 09:44:00,446,446,446,446,9700
2022-01-03 09:45:00,446,446,448,448,45600
2022-01-03 09:46:00,448,448,448,448,12500
2022-01-03 09:47:00,448,448,448,448,0
2022-01-03 09:48:00,446,446,446,446,3800
2022-01-03 09:49:00,448,448,448,448,25400
2022-01-03 09:50:00,448,448,448,448,20700
2022-01-03 09:51:00,448,448,448,448,7300
2022-01-03 09:52:00,448,448,448,448,0
2022-01-03 09:53:00,448,448,448,448,0
2022-01-03 09:54:00,448,448,448,448,3700
2022-01-03 09:55:00,448,448,448,448,57900
2022-01-03 09:56:00,448,448,448,448,0
2022-01-03 09:57:00,446,446,446,446,2000
2022-01-03 09:58:00,446,446,446,446,500
2022-01-03 09:59:00,446,446,446,446,1700
2022-01-03 10:00:00,446,446,446,446,37100
2022-01-03 10:01:00,446,446,446,446,100
2022-01-03 10:02:00,446,446,446,446,0
2022-01-03 10:03:00,446,446,446,446,0
2022-01-03 10:04:00,446,446,446,446,0
2022-01-03 10:05:00,446,446,446,446,13900
2022-01-03 10:06:00,448,448,448,448,1000
2022-01-03 10:07:00,448,448,448,448,1000
2022-01-03 10:08:00,448,448,448,448,7000
2022-01-03 10:09:00,448,448,448,448,0
2022-01-03 10:10:00,448,448,448,448,700
2022-01-03 10:11:00,448,448,448,448,0
2022-01-03 10:12:00,448,448,448,448,3000
2022-01-03 10:13:00,448,448,448,448,5100
2022-01-03 10:14:00,448,448,448,448,0
2022-01-03 10:15:00,448,448,448,448,0
2022-01-03 10:16:00,448,448,448,448,0
2022-01-03 10:17:00,448,448,448,448,0
2022-01-03 10:18:00,448,448,448,448,0
2022-01-03 10:19:00,448,448,448,448,10000
2022-01-03 10:20:00,448,448,448,448,2000
2022-01-03 10:21:00,448,448,448,448,0
2022-01-03 10:22:00,448,448,448,448,0
2022-01-03 10:23:00,448,448,448,448,3300
2022-01-03 10:24:00,448,448,448,448,0
2022-01-03 10:25:00,448,448,448,448,2200
2022-01-03 10:26:00,448,448,448,448,0
2022-01-03 10:27:00,448,448,448,448,400
2022-01-03 10:28:00,448,448,448,448,0
2022-01-03 10:29:00,448,448,448,448,0
2022-01-03 10:30:00,448,448,448,448,0
2022-01-03 10:31:00,448,448,448,448,0
2022-01-03 10:32:00,448,448,448,448,0
2022-01-03 10:33:00,448,448,448,448,0
2022-01-03 10:34:00,448,448,448,448,0
2022-01-03 10:35:00,448,448,448,448,0
2022-01-03 10:36:00,448,448,448,448,0
2022-01-03 10:37:00,448,448,448,448,0
2022-01-03 10:38:00,448,448,448,448,0
2022-01-03 10:39:00,448,448,448,448,0
2022-01-03 10:40:00,448,448,448,448,100
2022-01-03 10:41:00,448,448,448,448,0
2022-01-03 10:42:00,448,448,448,448,1100
2022-01-03 10:43:00,448,448,448,448,0
2022-01-03 10:44:00,448,448,448,448,0
2022-01-03 10:45:00,446,446,448,448,5100
2022-01-03 10:46:00,448,448,448,448,10900
2022-01-03 10:47:00,448,448,448,448,0
2022-01-03 10:48:00,448,448,448,448,0
2022-01-03 10:49:00,446,446,446,446,500
2022-01-03 10:50:00,446,446,446,446,0
2022-01-03 10:51:00,446,446,446,446,0
2022-01-03 10:52:00,448,446,448,446,5300
2022-01-03 10:53:00,448,446,448,446,0
2022-01-03 10:54:00,446,446,446,446,17100
2022-01-03 10:55:00,448,448,448,448,600
2022-01-03 10:56:00,448,448,448,448,0
2022-01-03 10:57:00,446,446,446,446,200
2022-01-03 10:58:00,446,446,446,446,0
2022-01-03 10:59:00,446,446,446,446,0
2022-01-03 11:00:00,446,446,446,446,0
2022-01-03 11:01:00,446,444,446,444,700
2022-01-03 11:02:00,444,444,444,444,200
2022-01-03 11:03:00,444,444,444,444,2000
2022-01-03 11:04:00,444,444,444,444,1300
2022-01-03 11:05:00,444,444,444,444,0
2022-01-03 11:06:00,444,444,444,444,500
2022-01-03 11:07:00,444,444,444,444,0
2022-01-03 11:08:00,444,444,444,444,0
2022-01-03 11:09:00,444,444,444,444,0
2022-01-03 11:10:00,444,444,444,444,0
2022-01-03 11:11:00,444,444,444,444,0
2022-01-03 11:12:00,444,444,444,444,0
2022-01-03 11:13:00,444,444,444,444,0
2022-01-03 11:14:00,444,444,444,444,0
2022-01-03 11:15:00,444,444,444,444,0
2022-01-03 11:16:00,444,444,444,444,0
2022-01-03 11:17:00,444,444,444,444,0
2022-01-03 11:18:00,444,444,444,444,0
2022-01-03 11:19:00,444,444,444,444,1400
2022-01-03 11:20:00,444,444,444,444,0
2022-01-03 11:21:00,444,444,444,444,0
2022-01-03 11:22:00,444,444,444,444,52600
2022-01-03 11:23:00,444,444,444,444,0
2022-01-03 11:24:00,444,444,444,444,400
2022-01-03 11:25:00,444,444,444,444,0
2022-01-03 11:26:00,444,444,444,444,0
2022-01-03 11:27:00,444,444,444,444,0
2022-01-03 11:28:00,444,444,444,444,0
2022-01-03 11:29:00,444,444,444,444,0
2022-01-03 11:30:00,444,444,444,444,0
2022-01-03 11:31:00,444,444,444,444,0
2022-01-03 11:32:00,444,444,444,444,0
2022-01-03 11:33:00,444,444,444,444,0
2022-01-03 11:34:00,444,444,444,444,0
2022-01-03 11:35:00,444,444,444,444,0
2022-01-03 11:36:00,444,444,444,444,0
2022-01-03 11:37:00,444,444,444,444,0
2022-01-03 11:38:00,444,444,444,444,0
2022-01-03 11:39:00,444,444,444,444,0
2022-01-03 11:40:00,444,444,444,444,0
2022-01-03 11:41:00,444,444,444,444,0
2022-01-03 11:42:00,444,444,444,444,0
2022-01-03 11:43:00,444,444,444,444,0
2022-01-03 11:44:00,444,444,444,444,0
2022-01-03 11:45:00,444,444,444,444,0
2022-01-03 11:46:00,444,444,444,444,0
2022-01-03 11:47:00,444,444,444,444,0
2022-01-03 11:48:00,444,444,444,444,0
2022-01-03 11:49:00,444,444,444,444,0
2022-01-03 11:50:00,444,444,444,444,0
2022-01-03 11:51:00,444,444,444,444,0
2022-01-03 11:52:00,444,444,444,444,0
2022-01-03 11:53:00,444,444,444,444,0
2022-01-03 11:54:00,444,444,444,444,0
2022-01-03 11:55:00,444,444,444,444,0
2022-01-03 11:56:00,444,444,444,444,0
2022-01-03 11:57:00,444,444,444,444,0
2022-01-03 11:58:00,444,444,444,444,0
2022-01-03 11:59:00,444,444,444,444,0
2022-01-03 12:00:00,444,444,444,444,0
2022-01-03 12:01:00,444,444,444,444,0
2022-01-03 12:02:00,444,444,444,444,0
2022-01-03 12:03:00,444,444,444,444,0
2022-01-03 12:04:00,444,444,444,444,0
2022-01-03 12:05:00,444,444,444,444,0
2022-01-03 12:06:00,444,444,444,444,0
2022-01-03 12:07:00,444,444,444,444,0
2022-01-03 12:08:00,444,444,444,444,0
2022-01-03 12:09:00,444,444,444,444,0
2022-01-03 12:10:00,444,444,444,444,0
2022-01-03 12:11:00,444,444,444,444,0
2022-01-03 12:12:00,444,444,444,444,0
2022-01-03 12:13:00,444,444,444,444,0
2022-01-03 12:14:00,444,444,444,444,0
2022-01-03 12:15:00,444,444,444,444,0
2022-01-03 12:16:00,444,444,444,444,0
2022-01-03 12:17:00,444,444,444,444,0
2022-01-03 12:18:00,444,444,444,444,0
2022-01-03 12:19:00,444,444,444,444,0
2022-01-03 12:20:00,444,444,444,444,0
2022-01-03 12:21:00,444,444,444,444,0
2022-01-03 12:22:00,444,444,444,444,0
2022-01-03 12:23:00,444,444,444,444,0
2022-01-03 12:24:00,444,444,444,444,0
2022-01-03 12:25:00,444,444,444,444,0
2022-01-03 12:26:00,444,444,444,444,0
2022-01-03 12:27:00,444,444,444,444,0
2022-01-03 12:28:00,444,444,444,444,0
2022-01-03 12:29:00,444,444,444,444,0
2022-01-03 12:30:00,444,444,444,444,0
2022-01-03 12:31:00,444,444,444,444,0
2022-01-03 12:32:00,444,444,444,444,0
2022-01-03 12:33:00,444,444,444,444,0
2022-01-03 12:34:00,444,444,444,444,0
2022-01-03 12:35:00,444,444,444,444,0
2022-01-03 12:36:00,444,444,444,444,0
2022-01-03 12:37:00,444,444,444,444,0
2022-01-03 12:38:00,444,444,444,444,0
2022-01-03 12:39:00,444,444,444,444,0
2022-01-03 12:40:00,444,444,444,444,0
2022-01-03 12:41:00,444,444,444,444,0
2022-01-03 12:42:00,444,444,444,444,0
2022-01-03 12:43:00,444,444,444,444,0
2022-01-03 12:44:00,444,444,444,444,0
2022-01-03 12:45:00,444,444,444,444,0
2022-01-03 12:46:00,444,444,444,444,0
2022-01-03 12:47:00,444,444,444,444,0
2022-01-03 12:48:00,444,444,444,444,0
2022-01-03 12:49:00,444,444,444,444,0
2022-01-03 12:50:00,444,444,444,444,0
2022-01-03 12:51:00,444,444,444,444,0
2022-01-03 12:52:00,444,444,444,444,0
2022-01-03 12:53:00,444,444,444,444,0
2022-01-03 12:54:00,444,444,444,444,0
2022-01-03 12:55:00,444,444,444,444,0
2022-01-03 12:56:00,444,444,444,444,0
2022-01-03 12:57:00,444,444,444,444,0
2022-01-03 12:58:00,444,444,444,444,0
2022-01-03 12:59:00,444,444,444,444,0
2022-01-03 13:00:00,444,444,444,444,0
2022-01-03 13:01:00,444,444,444,444,0
2022-01-03 13:02:00,444,444,444,444,0
2022-01-03 13:03:00,444,444,444,444,0
2022-01-03 13:04:00,444,444,444,444,0
2022-01-03 13:05:00,444,444,444,444,0
2022-01-03 13:06:00,444,444,444,444,0
2022-01-03 13:07:00,444,444,444,444,0
2022-01-03 13:08:00,444,444,444,444,0
2022-01-03 13:09:00,444,444,444,444,0
2022-01-03 13:10:00,444,444,444,444,0
2022-01-03 13:11:00,444,444,444,444,0
2022-01-03 13:12:00,444,444,444,444,0
2022-01-03 13:13:00,444,444,444,444,0
2022-01-03 13:14:00,444,444,444,444,0
2022-01-03 13:15:00,444,444,444,444,0
2022-01-03 13:16:00,444,444,444,444,0
2022-01-03 13:17:00,444,444,444,444,0
2022-01-03 13:18:00,444,444,444,444,0
2022-01-03 13:19:00,444,444,444,444,0
2022-01-03 13:20:00,444,444,444,444,0
2022-01-03 13:21:00,444,444,444,444,0
2022-01-03 13:22:00,444,444,444,444,0
2022-01-03 13:23:00,444,444,444,444,0
2022-01-03 13:24:00,444,444,444,444,0
2022-01-03 13:25:00,444,444,444,444,0
2022-01-03 13:26:00,444,444,444,444,0
2022-01-03 13:27:00,444,444,444,444,0
2022-01-03 13:28:00,444,444,444,444,0
2022-01-03 13:29:00,444,444,444,444,0
2022-01-03 13:30:00,444,444,446,446,2500
2022-01-03 13:31:00,446,446,446,446,2300
2022-01-03 13:32:00,446,446,446,446,0
2022-01-03 13:33:00,446,446,446,446,1000
2022-01-03 13:34:00,446,446,446,446,0
2022-01-03 13:35:00,444,444,444,444,800
2022-01-03 13:36:00,444,444,444,444,0
2022-01-03 13:37:00,444,444,444,444,0
2022-01-03 13:38:00,446,446,446,446,3000
2022-01-03 13:39:00,446,446,446,446,1000
2022-01-03 13:40:00,446,446,446,446,0
2022-01-03 13:41:00,446,446,446,446,0
2022-01-03 13:42:00,446,446,446,446,0
2022-01-03 13:43:00,446,446,446,446,0
2022-01-03 13:44:00,446,446,446,446,0
2022-01-03 13:45:00,446,446,446,446,0
2022-01-03 13:46:00,446,446,446,446,0
2022-01-03 13:47:00,446,446,446,446,0
2022-01-03 13:48:00,446,446,446,446,0
2022-01-03 13:49:00,446,446,446,446,0
2022-01-03 13:50:00,446,444,446,444,4100
2022-01-03 13:51:00,444,444,444,444,15500
2022-01-03 13:52:00,444,444,444,444,0
2022-01-03 13:53:00,442,442,442,442,15000
2022-01-03 13:54:00,442,442,442,442,7300
2022-01-03 13:55:00,442,442,442,442,0
2022-01-03 13:56:00,442,442,442,442,15000
2022-01-03 13:57:00,442,442,442,442,0
2022-01-03 13:58:00,442,442,442,442,3000
2022-01-03 13:59:00,442,442,442,442,11200
2022-01-03 14:00:00,442,442,442,442,0
2022-01-03 14:01:00,442,442,442,442,0
2022-01-03 14:02:00,442,442,442,442,0
2022-01-03 14:03:00,442,442,442,442,0
2022-01-03 14:04:00,442,442,442,442,1600
2022-01-03 14:05:00,442,442,442,442,0
2022-01-03 14:06:00,442,442,442,442,33100
2022-01-03 14:07:00,440,440,440,440,1200
2022-01-03 14:08:00,440,440,440,440,28900
2022-01-03 14:09:00,440,440,440,440,7500
2022-01-03 14:10:00,440,438,440,438,39400
2022-01-03 14:11:00,440,438,440,438,0
2022-01-03 14:12:00,446,446,446,446,100
2022-01-03 14:13:00,446,446,446,446,0
2022-01-03 14:14:00,446,446,446,446,0
2022-01-03 14:15:00,446,446,446,446,0
2022-01-03 14:16:00,446,446,446,446,0
2022-01-03 14:17:00,446,446,446,446,0
2022-01-03 14:18:00,446,446,446,446,0
2022-01-03 14:19:00,446,446,446,446,0
2022-01-03 14:20:00,446,446,446,446,0
2022-01-03 14:21:00,446,446,446,446,0
2022-01-03 14:22:00,446,446,446,446,0
2022-01-03 14:23:00,446,446,446,446,0
2022-01-03 14:24:00,446,446,446,446,0
2022-01-03 14:25:00,446,446,446,446,0
2022-01-03 14:26:00,446,446,446,446,0
2022-01-03 14:27:00,446,446,446,446,0
2022-01-03 14:28:00,440,438,440,438,30000
2022-01-03 14:29:00,440,438,440,438,0
2022-01-03 14:30:00,440,438,440,438,0
2022-01-03 14:31:00,440,438,440,438,0
2022-01-03 14:32:00,440,438,440,438,0
2022-01-03 14:33:00,440,438,440,438,0
2022-01-03 14:34:00,440,438,440,438,0
2022-01-03 14:35:00,440,440,446,446,7100
2022-01-03 14:36:00,440,440,446,446,0
2022-01-03 14:37:00,446,446,446,446,1300
2022-01-03 14:38:00,446,446,446,446,200
2022-01-03 14:39:00,446,446,446,446,12300
2022-01-03 14:40:00,446,446,446,446,100
2022-01-03 14:41:00,446,446,446,446,0
2022-01-03 14:42:00,446,446,446,446,1200
2022-01-03 14:43:00,446,446,446,446,0
2022-01-03 14:44:00,446,446,446,446,2800
2022-01-03 14:45:00,446,446,446,446,0
2022-01-03 14:46:00,446,446,446,446,0
2022-01-03 14:47:00,446,446,446,446,0
2022-01-03 14:48:00,448,448,448,448,100
2022-01-03 14:49:00,448,448,448,448,200
2022-01-03 14:50:00,448,448,448,448,0
2022-01-03 14:51:00,448,448,448,448,0
2022-01-03 14:52:00,448,448,448,448,0
2022-01-03 14:53:00,448,448,448,448,0
2022-01-03 14:54:00,448,448,448,448,0
2022-01-03 14:55:00,448,448,448,448,0
2022-01-03 14:56:00,448,448,448,448,0
2022-01-03 14:57:00,448,448,448,448,0
2022-01-03 14:58:00,448,448,448,448,0
2022-01-03 14:59:00,448,448,448,448,0
2022-01-03 15:00:00,446,446,446,446,5900
2022-01-03 15:01:00,446,446,446,446,0
2022-01-03 15:02:00,446,446,446,446,0
2022-01-03 15:03:00,446,446,446,446,0
2022-01-03 15:04:00,446,446,446,446,0
2022-01-03 15:05:00,446,446,446,446,0
2022-01-03 15:06:00,446,446,446,446,0
2022-01-03 15:07:00,446,446,446,446,0
2022-01-03 15:08:00,446,446,446,446,0
2022-01-03 15:09:00,446,446,446,446,0
2022-01-03 15:10:00,446,446,446,446,0
2022-01-03 15:11:00,446,446,446,446,0
2022-01-03 15:12:00,446,446,446,446,0
2022-01-03 15:13:00,446,446,446,446,0
2022-01-03 15:14:00,446,446,446,446,0
2022-01-03 15:15:00,446,446,446,446,0
2022-01-03 15:16:00,446,446,446,446,0
2022-01-03 15:17:00,446,446,446,446,0
2022-01-03 15:18:00,446,446,446,446,0
2022-01-03 15:19:00,446,446,446,446,0
2022-01-03 15:20:00,446,446,446,446,0
2022-01-03 15:21:00,446,446,446,446,0
2022-01-03 15:22:00,446,446,446,446,0
2022-01-03 15:23:00,446,446,446,446,0
2022-01-03 15:24:00,446,446,446,446,0
2022-01-03 15:25:00,446,446,446,446,0
2022-01-03 15:26:00,446,446,446,446,0
2022-01-03 15:27:00,446,446,446,446,0
2022-01-03 15:28:00,446,446,446,446,0
2022-01-03 15:29:00,446,446,446,446,0
2022-01-03 15:30:00,446,446,446,446,0
2022-01-03 15:31:00,446,446,446,446,0
2022-01-03 15:32:00,446,446,446,446,0
2022-01-03 15:33:00,446,446,446,446,0
2022-01-03 15:34:00,446,446,446,446,0
2022-01-03 15:35:00,446,446,446,446,0
2022-01-03 15:36:00,446,446,446,446,0
2022-01-03 15:37:00,446,446,446,446,0
2022-01-03 15:38:00,446,446,446,446,0
2022-01-03 15:39:00,446,446,446,446,0
2022-01-03 15:40:00,446,446,446,446,0
2022-01-03 15:41:00,446,446,446,446,0
2022-01-03 15:42:00,446,446,446,446,0
2022-01-03 15:43:00,446,446,446,446,0
2022-01-03 15:44:00,446,446,446,446,0
2022-01-03 15:45:00,446,446,446,446,0
2022-01-03 15:46:00,446,446,446,446,0
2022-01-03 15:47:00,446,446,446,446,0
2022-01-03 15:48:00,446,446,446,446,0
2022-01-03 15:49:00,446,446,446,446,0
2022-01-03 15:50:00,446,446,446,446,0
2022-01-03 15:51:00,446,446,446,446,0
2022-01-03 15:52:00,446,446,446,446,0
2022-01-03 15:53:00,446,446,446,446,0
2022-01-03 15:54:00,446,446,446,446,0
2022-01-03 15:55:00,446,446,446,446,0
2022-01-03 15:56:00,446,446,446,446,0
2022-01-03 15:57:00,446,446,446,446,0
2022-01-03 15:58:00,446,446,446,446,0
2022-01-03 15:59:00,446,446,446,446,0
2022-01-04 09:00:00,446,446,446,446,0
2022-01-04 09:01:00,446,446,446,446,0
2022-01-04 09:02:00,446,442,446,442,1000
2022-01-04 09:03:00,446,442,446,442,0
2022-01-04 09:04:00,442,442,442,442,5200
2022-01-04 09:05:00,442,440,442,440,15500
2022-01-04 09:06:00,442,440,442,440,0
2022-01-04 09:07:00,442,440,442,440,0
2022-01-04 09:08:00,442,440,442,440,0
2022-01-04 09:09:00,442,440,442,440,0
2022-01-04 09:10:00,424,424,424,424,2300
2022-01-04 09:11:00,440,440,440,440,100
2022-01-04 09:12:00,440,440,440,440,400
2022-01-04 09:13:00,440,440,440,440,0
2022-01-04 09:14:00,430,430,430,430,1000
2022-01-04 09:15:00,430,430,430,430,100
2022-01-04 09:16:00,430,430,430,430,3100
2022-01-04 09:17:00,430,430,430,430,10700
2022-01-04 09:18:00,430,430,444,444,14400
2022-01-04 09:19:00,428,428,428,428,1700
2022-01-04 09:20:00,428,428,428,428,300
2022-01-04 09:21:00,446,446,446,446,100
2022-01-04 09:22:00,446,446,446,446,0
2022-01-04 09:23:00,446,444,446,444,300
2022-01-04 09:24:00,444,430,444,430,2900
2022-01-04 09:25:00,444,430,444,430,0
2022-01-04 09:26:00,430,430,430,430,200
2022-01-04 09:27:00,430,430,430,430,3500
2022-01-04 09:28:00,430,430,430,430,0
2022-01-04 09:29:00,430,430,430,430,0
2022-01-04 09:30:00,430,430,430,430,0
2022-01-04 09:31:00,430,430,430,430,0
2022-01-04 09:32:00,430,430,430,430,0
2022-01-04 09:33:00,430,430,430,430,0
2022-01-04 09:34:00,430,430,430,430,0
2022-01-04 09:35:00,430,430,430,430,0
2022-01-04 09:36:00,430,430,430,430,900
2022-01-04 09:37:00,430,430,430,430,0
2022-01-04 09:38:00,430,430,430,430,2000
2022-01-04 09:39:00,430,430,430,430,1500
2022-01-04 09:40:00,432,432,432,432,5900
2022-01-04 09:41:00,446,446,456,456,45000
2022-01-04 09:42:00,452,452,458,458,66800
2022-01-04 09:43:00,452,452,452,452,4200
2022-01-04 09:44:00,452,452,452,452,0
2022-01-04 09:45:00,452,452,452,452,0
2022-01-04 09:46:00,452,452,452,452,0
2022-01-04 09:47:00,452,452,452,452,3200
2022-01-04 09:48:00,452,452,452,452,300
2022-01-04 09:49:00,438,432,438,432,35500
2022-01-04 09:50:00,438,432,438,432,0
2022-01-04 09:51:00,438,432,438,432,0
2022-01-04 09:52:00,436,436,436,436,200
2022-01-04 09:53:00,452,452,452,452,100
2022-01-04 09:54:00,452,452,452,452,400
2022-01-04 09:55:00,452,452,452,452,0
2022-01-04 09:56:00,452,452,452,452,0
2022-01-04 09:57:00,450,450,450,450,500
2022-01-04 09:58:00,450,450,452,452,4700
2022-01-04 09:59:00,450,450,452,452,0
2022-01-04 10:00:00,450,450,452,452,0
2022-01-04 10:01:00,450,450,452,452,6400
2022-01-04 10:02:00,452,452,452,452,2100
2022-01-04 10:03:00,452,452,454,454,6300
2022-01-04 10:04:00,456,456,456,456,3300
2022-01-04 10:05:00,452,450,452,450,4200
2022-01-04 10:06:00,450,450,450,450,3200
2022-01-04 10:07:00,450,450,450,450,2000
2022-01-04 10:08:00,450,450,450,450,400
2022-01-04 10:09:00,450,450,458,458,33000
2022-01-04 10:10:00,460,458,460,458,7300
2022-01-04 10:11:00,458,458,460,458,2600
2022-01-04 10:12:00,460,458,460,460,8200
2022-01-04 10:13:00,462,460,462,460,17100
2022-01-04 10:14:00,462,462,462,462,7400
2022-01-04 10:15:00,462,462,462,462,20800
2022-01-04 10:16:00,464,464,464,464,3400
2022-01-04 10:17:00,466,462,466,464,6100
2022-01-04 10:18:00,466,466,474,474,93400
2022-01-04 10:19:00,474,470,486,480,74400
2022-01-04 10:20:00,480,462,480,480,22800
2022-01-04 10:21:00,476,476,486,480,18200
2022-01-04 10:22:00,480,480,488,488,28700
2022-01-04 10:23:00,480,480,480,480,10000
2022-01-04 10:24:00,480,480,480,480,100
2022-01-04 10:25:00,480,480,480,480,15700
2022-01-04 10:26:00,484,484,486,486,13900
2022-01-04 10:27:00,488,488,488,488,60300
2022-01-04 10:28:00,488,488,488,488,200
2022-01-04 10:29:00,480,480,480,480,14600
2022-01-04 10:30:00,480,480,480,480,200
2022-01-04 10:31:00,480,480,480,480,0
2022-01-04 10:32:00,478,478,478,478,1100
2022-01-04 10:33:00,478,478,478,478,0
2022-01-04 10:34:00,478,478,478,478,0
2022-01-04 10:35:00,478,478,478,478,2300
2022-01-04 10:36:00,478,476,478,476,2600
2022-01-04 10:37:00,476,474,476,474,7900
2022-01-04 10:38:00,476,474,476,474,0
2022-01-04 10:39:00,474,472,474,474,6500
2022-01-04 10:40:00,470,470,470,470,13200
2022-01-04 10:41:00,472,472,472,472,100
2022-01-04 10:42:00,472,472,472,472,900
2022-01-04 10:43:00,472,472,472,472,0
2022-01-04 10:44:00,472,472,472,472,1300
2022-01-04 10:45:00,472,472,472,472,0
2022-01-04 10:46:00,472,472,472,472,0
2022-01-04 10:47:00,472,472,472,472,0
2022-01-04 10:48:00,472,472,472,472,0
2022-01-04 10:49:00,472,472,472,472,9200
2022-01-04 10:50:00,472,464,472,464,4100
2022-01-04 10:51:00,472,464,472,464,0
2022-01-04 10:52:00,472,464,472,464,0
2022-01-04 10:53:00,472,464,472,464,0
2022-01-04 10:54:00,470,468,470,468,300
2022-01-04 10:55:00,470,468,470,468,0
2022-01-04 10:56:00,470,468,470,468,0
2022-01-04 10:57:00,470,470,470,470,500
2022-01-04 10:58:00,468,468,468,468,500
2022-01-04 10:59:00,468,466,468,466,2700
2022-01-04 11:00:00,466,466,468,468,2000
2022-01-04 11:01:00,468,468,468,468,800
2022-01-04 11:02:00,468,468,468,468,0
2022-01-04 11:03:00,468,468,468,468,1500
2022-01-04 11:04:00,470,470,470,470,100
2022-01-04 11:05:00,470,470,470,470,1100
2022-01-04 11:06:00,470,470,470,470,0
2022-01-04 11:07:00,470,470,470,470,0
2022-01-04 11:08:00,470,470,470,470,0
2022-01-04 11:09:00,468,466,468,466,200
2022-01-04 11:10:00,464,464,464,464,8000
2022-01-04 11:11:00,464,464,464,464,0
2022-01-04 11:12:00,464,464,464,464,2000
2022-01-04 11:13:00,464,464,464,464,500
2022-01-04 11:14:00,466,464,466,464,6000
2022-01-04 11:15:00,466,466,468,468,400
2022-01-04 11:16:00,468,468,468,468,600
2022-01-04 11:17:00,468,464,468,464,800
2022-01-04 11:18:00,464,464,464,464,500
2022-01-04 11:19:00,464,464,464,464,4300
2022-01-04 11:20:00,464,464,464,464,0
2022-01-04 11:21:00,464,464,464,464,0
2022-01-04 11:22:00,464,464,464,464,0
2022-01-04 11:23:00,464,464,464,464,0
2022-01-04 11:24:00,464,464,464,464,0
2022-01-04 11:25:00,464,464,464,464,0
2022-01-04 11:26:00,462,462,462,462,3100
2022-01-04 11:27:00,462,462,462,462,0
2022-01-04 11:28:00,462,462,462,462,0
2022-01-04 11:29:00,466,466,468,468,200
2022-01-04 11:30:00,466,466,468,468,0
2022-01-04 11:31:00,466,466,468,468,0
2022-01-04 11:32:00,466,466,468,468,0
2022-01-04 11:33:00,466,466,468,468,0
2022-01-04 11:34:00,466,466,468,468,0
2022-01-04 11:35:00,466,466,468,468,0
2022-01-04 11:36:00,466,466,468,468,0
2022-01-04 11:37:00,466,466,468,468,0
2022-01-04 11:38:00,466,466,468,468,0
2022-01-04 11:39:00,466,466,468,468,0
2022-01-04 11:40:00,466,466,468,468,0
2022-01-04 11:41:00,466,466,468,468,0
2022-01-04 11:42:00,466,466,468,468,0
2022-01-04 11:43:00,466,466,468,468,0
2022-01-04 11:44:00,466,466,468,468,0
2022-01-04 11:45:00,466,466,468,468,0
2022-01-04 11:46:00,466,466,468,468,0
2022-01-04 11:47:00,466,466,468,468,0
2022-01-04 11:48:00,466,466,468,468,0
2022-01-04 11:49:00,466,466,468,468,0
2022-01-04 11:50:00,466,466,468,468,0
2022-01-04 11:51:00,466,466,468,468,0
2022-01-04 11:52:00,466,466,468,468,0
2022-01-04 11:53:00,466,466,468,468,0
2022-01-04 11:54:00,466,466,468,468,0
2022-01-04 11:55:00,466,466,468,468,0
2022-01-04 11:56:00,466,466,468,468,0
2022-01-04 11:57:00,466,466,468,468,0
2022-01-04 11:58:00,466,466,468,468,0
2022-01-04 11:59:00,466,466,468,468,0
2022-01-04 12:00:00,466,466,468,468,0
2022-01-04 12:01:00,466,466,468,468,0
2022-01-04 12:02:00,466,466,468,468,0
2022-01-04 12:03:00,466,466,468,468,0
2022-01-04 12:04:00,466,466,468,468,0
2022-01-04 12:05:00,466,466,468,468,0
2022-01-04 12:06:00,466,466,468,468,0
2022-01-04 12:07:00,466,466,468,468,0
2022-01-04 12:08:00,466,466,468,468,0
2022-01-04 12:09:00,466,466,468,468,0
2022-01-04 12:10:00,466,466,468,468,0
2022-01-04 12:11:00,466,466,468,468,0
2022-01-04 12:12:00,466,466,468,468,0
2022-01-04 12:13:00,466,466,468,468,0
2022-01-04 12:14:00,466,466,468,468,0
2022-01-04 12:15:00,466,466,468,468,0
2022-01-04 12:16:00,466,466,468,468,0
2022-01-04 12:17:00,466,466,468,468,0
2022-01-04 12:18:00,466,466,468,468,0
2022-01-04 12:19:00,466,466,468,468,0
2022-01-04 12:20:00,466,466,468,468,0
2022-01-04 12:21:00,466,466,468,468,0
2022-01-04 12:22:00,466,466,468,468,0
2022-01-04 12:23:00,466,466,468,468,0
2022-01-04 12:24:00,466,466,468,468,0
2022-01-04 12:25:00,466,466,468,468,0
2022-01-04 12:26:00,466,466,468,468,0
2022-01-04 12:27:00,466,466,468,468,0
2022-01-04 12:28:00,466,466,468,468,0
2022-01-04 12:29:00,466,466,468,468,0
2022-01-04 12:30:00,466,466,468,468,0
2022-01-04 12:31:00,466,466,468,468,0
2022-01-04 12:32:00,466,466,468,468,0
2022-01-04 12:33:00,466,466,468,468,0
2022-01-04 12:34:00,466,466,468,468,0
2022-01-04 12:35:00,466,466,468,468,0
2022-01-04 12:36:00,466,466,468,468,0
2022-01-04 12:37:00,466,466,468,468,0
2022-01-04 12:38:00,466,466,468,468,0
2022-01-04 12:39:00,466,466,468,468,0
2022-01-04 12:40:00,466,466,468,468,0
2022-01-04 12:41:00,466,466,468,468,0
2022-01-04 12:42:00,466,466,468,468,0
2022-01-04 12:43:00,466,466,468,468,0
2022-01-04 12:44:00,466,466,468,468,0
2022-01-04 12:45:00,466,466,468,468,0
2022-01-04 12:46:00,466,466,468,468,0
2022-01-04 12:47:00,466,466,468,468,0
2022-01-04 12:48:00,466,466,468,468,0
2022-01-04 12:49:00,466,466,468,468,0
2022-01-04 12:50:00,466,466,468,468,0
2022-01-04 12:51:00,466,466,468,468,0
2022-01-04 12:52:00,466,466,468,468,0
2022-01-04 12:53:00,466,466,468,468,0
2022-01-04 12:54:00,466,466,468,468,0
2022-01-04 12:55:00,466,466,468,468,0
2022-01-04 12:56:00,466,466,468,468,0
2022-01-04 12:57:00,466,466,468,468,0
2022-01-04 12:58:00,466,466,468,468,0
2022-01-04 12:59:00,466,466,468,468,0
2022-01-04 13:00:00,466,466,468,468,0
2022-01-04 13:01:00,466,466,468,468,0
2022-01-04 13:02:00,466,466,468,468,0
2022-01-04 13:03:00,466,466,468,468,0
2022-01-04 13:04:00,466,466,468,468,0
2022-01-04 13:05:00,466,466,468,468,0
2022-01-04 13:06:00,466,466,468,468,0
2022-01-04 13:07:00,466,466,468,468,0
2022-01-04 13:08:00,466,466,468,468,0
2022-01-04 13:09:00,466,466,468,468,0
2022-01-04 13:10:00,466,466,468,468,0
2022-01-04 13:11:00,466,466,468,468,0
2022-01-04 13:12:00,466,466,468,468,0
2022-01-04 13:13:00,466,466,468,468,0
2022-01-04 13:14:00,466,466,468,468,0
2022-01-04 13:15:00,466,466,468,468,0
2022-01-04 13:16:00,466,466,468,468,0
2022-01-04 13:17:00,466,466,468,468,0
2022-01-04 13:18:00,466,466,468,468,0
2022-01-04 13:19:00,466,466,468,468,0
2022-01-04 13:20:00,466,466,468,468,0
2022-01-04 13:21:00,466,466,468,468,0
2022-01-04 13:22:00,466,466,468,468,0
2022-01-04 13:23:00,466,466,468,468,0
2022-01-04 13:24:00,466,466,468,468,0
2022-01-04 13:25:00,466,466,468,468,0
2022-01-04 13:26:00,466,466,468,468,0
2022-01-04 13:27:00,466,466,468,468,0
2022-01-04 13:28:00,466,466,468,468,0
2022-01-04 13:29:00,466,466,468,468,0
2022-01-04 13:30:00,468,466,468,466,700
2022-01-04 13:31:00,468,466,468,466,0
2022-01-04 13:32:00,464,464,464,464,5000
2022-01-04 13:33:00,464,464,464,464,4300
2022-01-04 13:34:00,464,464,464,464,0
2022-01-04 13:35:00,464,464,464,464,12900
2022-01-04 13:36:00,462,462,462,462,2100
2022-01-04 13:37:00,462,462,462,462,0
2022-01-04 13:38:00,460,460,462,460,13200
2022-01-04 13:39:00,460,460,460,460,12300
2022-01-04 13:40:00,460,460,460,460,0
2022-01-04 13:41:00,460,460,460,460,0
2022-01-04 13:42:00,460,460,460,460,0
2022-01-04 13:43:00,460,460,460,460,0
2022-01-04 13:44:00,458,458,458,458,14700
2022-01-04 13:45:00,458,458,458,458,13500
2022-01-04 13:46:00,458,458,460,460,1300
2022-01-04 13:47:00,458,458,460,460,0
2022-01-04 13:48:00,458,458,460,460,0
2022-01-04 13:49:00,458,458,460,460,0
2022-01-04 13:50:00,460,460,460,460,2100
2022-01-04 13:51:00,460,460,460,460,0
2022-01-04 13:52:00,460,460,460,460,0
2022-01-04 13:53:00,460,460,460,460,0
2022-01-04 13:54:00,460,460,462,462,4200
2022-01-04 13:55:00,460,456,460,456,4700
2022-01-04 13:56:00,460,456,460,456,0
2022-01-04 13:57:00,456,456,456,456,900
2022-01-04 13:58:00,456,456,456,456,0
2022-01-04 13:59:00,456,456,456,456,0
2022-01-04 14:00:00,456,456,456,456,0
2022-01-04 14:01:00,462,462,462,462,100
2022-01-04 14:02:00,462,462,462,462,0
2022-01-04 14:03:00,462,462,462,462,0
2022-01-04 14:04:00,460,460,460,460,100
2022-01-04 14:05:00,460,460,462,462,2500
2022-01-04 14:06:00,460,460,462,462,0
2022-01-04 14:07:00,462,462,462,462,200
2022-01-04 14:08:00,462,462,462,462,3000
2022-01-04 14:09:00,462,462,462,462,0
2022-01-04 14:10:00,462,462,462,462,0
2022-01-04 14:11:00,462,462,462,462,1000
2022-01-04 14:12:00,462,462,462,462,0
2022-01-04 14:13:00,462,462,462,462,0
2022-01-04 14:14:00,462,462,462,462,0
2022-01-04 14:15:00,456,456,456,456,200
2022-01-04 14:16:00,456,456,462,462,9600
2022-01-04 14:17:00,462,462,462,462,1000
2022-01-04 14:18:00,462,462,462,462,0
2022-01-04 14:19:00,462,462,462,462,0
2022-01-04 14:20:00,462,462,462,462,0
2022-01-04 14:21:00,462,462,462,462,0
2022-01-04 14:22:00,462,462,462,462,0
2022-01-04 14:23:00,462,462,462,462,0
2022-01-04 14:24:00,462,462,462,462,0
2022-01-04 14:25:00,462,462,462,462,0
2022-01-04 14:26:00,456,456,456,456,3000
2022-01-04 14:27:00,456,456,456,456,0
2022-01-04 14:28:00,456,456,456,456,6500
2022-01-04 14:29:00,454,454,462,462,4200
2022-01-04 14:30:00,454,454,462,462,0
2022-01-04 14:31:00,454,454,462,462,0
2022-01-04 14:32:00,454,454,462,462,0
2022-01-04 14:33:00,454,454,462,462,0
2022-01-04 14:34:00,454,454,462,462,0
2022-01-04 14:35:00,454,454,462,462,0
2022-01-04 14:36:00,454,454,462,462,0
2022-01-04 14:37:00,454,454,462,462,0
2022-01-04 14:38:00,454,454,462,462,0
2022-01-04 14:39:00,454,454,462,462,0
2022-01-04 14:40:00,460,460,460,460,800
2022-01-04 14:41:00,460,460,460,460,100
2022-01-04 14:42:00,460,460,460,460,0
2022-01-04 14:43:00,460,460,460,460,0
2022-01-04 14:44:00,460,460,460,460,0
2022-01-04 14:45:00,460,460,460,460,0
2022-01-04 14:46:00,460,460,464,464,5700
2022-01-04 14:47:00,464,464,466,466,3000
2022-01-04 14:48:00,466,466,466,466,100
2022-01-04 14:49:00,466,466,466,466,0
2022-01-04 14:50:00,466,466,466,466,0
2022-01-04 14:51:00,466,466,466,466,0
2022-01-04 14:52:00,466,466,466,466,0
2022-01-04 14:53:00,466,466,466,466,0
2022-01-04 14:54:00,466,466,466,466,0
2022-01-04 14:55:00,466,466,466,466,0
2022-01-04 14:56:00,466,466,466,466,0
2022-01-04 14:57:00,466,466,466,466,0
2022-01-04 14:58:00,466,466,466,466,0
2022-01-04 14:59:00,466,466,466,466,0
2022-01-04 15:00:00,466,466,466,466,7900
2022-01-04 15:01:00,466,466,466,466,0
2022-01-04 15:02:00,466,466,466,466,0
2022-01-04 15:03:00,466,466,466,466,0
2022-01-04 15:04:00,466,466,466,466,0
2022-01-04 15:05:00,466,466,466,466,0
2022-01-04 15:06:00,466,466,466,466,0
2022-01-04 15:07:00,466,466,466,466,0
2022-01-04 15:08:00,466,466,466,466,0
2022-01-04 15:09:00,466,466,466,466,0
2022-01-04 15:10:00,466,466,466,466,0
2022-01-04 15:11:00,466,466,466,466,0
2022-01-04 15:12:00,466,466,466,466,0
2022-01-04 15:13:00,466,466,466,466,0
2022-01-04 15:14:00,466,466,466,466,0
2022-01-04 15:15:00,466,466,466,466,0
2022-01-04 15:16:00,466,466,466,466,0
2022-01-04 15:17:00,466,466,466,466,0
2022-01-04 15:18:00,466,466,466,466,0
2022-01-04 15:19:00,466,466,466,466,0
2022-01-04 15:20:00,466,466,466,466,0
2022-01-04 15:21:00,466,466,466,466,0
2022-01-04 15:22:00,466,466,466,466,0
2022-01-04 15:23:00,466,466,466,466,0
2022-01-04 15:24:00,466,466,466,466,0
2022-01-04 15:25:00,466,466,466,466,0
2022-01-04 15:26:00,466,466,466,466,0
2022-01-04 15:27:00,466,466,466,466,0
2022-01-04 15:28:00,466,466,466,466,0
2022-01-04 15:29:00,466,466,466,466,0
2022-01-04 15:30:00,466,466,466,466,0
2022-01-04 15:31:00,466,466,466,466,0
2022-01-04 15:32:00,466,466,466,466,0
2022-01-04 15:33:00,466,466,466,466,0
2022-01-04 15:34:00,466,466,466,466,0
2022-01-04 15:35:00,466,466,466,466,0
2022-01-04 15:36:00,466,466,466,466,0
2022-01-04 15:37:00,466,466,466,466,0
2022-01-04 15:38:00,466,466,466,466,0
2022-01-04 15:39:00,466,466,466,466,0
2022-01-04 15:40:00,466,466,466,466,0
2022-01-04 15:41:00,466,466,466,466,0
2022-01-04 15:42:00,466,466,466,466,0
2022-01-04 15:43:00,466,466,466,466,0
2022-01-04 15:44:00,466,466,466,466,0
2022-01-04 15:45:00,466,466,466,466,0
2022-01-04 15:46:00,466,466,466,466,0
2022-01-04 15:47:00,466,466,466,466,0
2022-01-04 15:48:00,466,466,466,466,0
2022-01-04 15:49:00,466,466,466,466,0
2022-01-04 15:50:00,466,466,466,466,0
2022-01-04 15:51:00,466,466,466,466,0
2022-01-04 15:52:00,466,466,466,466,0
2022-01-04 15:53:00,466,466,466,466,0
2022-01-04 15:54:00,466,466,466,466,0
2022-01-04 15:55:00,466,466,466,466,0
2022-01-04 15:56:00,466,466,466,466,0
2022-01-04 15:57:00,466,466,466,466,0
2022-01-04 15:58:00,466,466,466,466,0
2022-01-04 15:59:00,466,466,466,466,0
2022-01-05 09:00:00,466,466,466,466,0
2022-01-05 09:01:00,470,470,470,470,0
2022-01-05 09:02:00,470,470,470,470,5000
2022-01-05 09:03:00,470,470,470,470,0
2022-01-05 09:04:00,470,470,470,470,13600
2022-01-05 09:05:00,468,468,470,470,5000
2022-01-05 09:06:00,468,468,470,470,0
2022-01-05 09:07:00,468,468,468,468,200
2022-01-05 09:08:00,468,468,468,468,500
2022-01-05 09:09:00,468,466,468,468,5200
2022-01-05 09:10:00,468,466,468,468,0
2022-01-05 09:11:00,468,466,468,468,0
2022-01-05 09:12:00,468,466,468,468,0
2022-01-05 09:13:00,468,466,468,468,0
2022-01-05 09:14:00,468,466,468,468,0
2022-01-05 09:15:00,466,466,466,466,200
2022-01-05 09:16:00,466,466,466,466,1300
2022-01-05 09:17:00,466,466,466,466,0
2022-01-05 09:18:00,466,466,466,466,0
2022-01-05 09:19:00,466,466,466,466,0
2022-01-05 09:20:00,466,466,466,466,0
2022-01-05 09:21:00,462,462,462,462,1900
2022-01-05 09:22:00,462,462,462,462,0
2022-01-05 09:23:00,462,462,462,462,0
2022-01-05 09:24:00,462,462,462,462,100
2022-01-05 09:25:00,462,462,462,462,0
2022-01-05 09:26:00,462,462,462,462,0
2022-01-05 09:27:00,462,462,462,462,0
2022-01-05 09:28:00,460,460,462,462,3400
2022-01-05 09:29:00,460,460,462,462,0
2022-01-05 09:30:00,460,460,462,462,0
2022-01-05 09:31:00,460,460,462,462,0
2022-01-05 09:32:00,460,460,462,462,0
2022-01-05 09:33:00,460,460,462,462,0
2022-01-05 09:34:00,460,460,462,462,0
2022-01-05 09:35:00,460,460,462,462,0
2022-01-05 09:36:00,460,460,462,462,0
2022-01-05 09:37:00,460,460,462,462,0
2022-01-05 09:38:00,460,460,460,460,500
2022-01-05 09:39:00,460,460,462,462,1000
2022-01-05 09:40:00,460,460,462,462,0
2022-01-05 09:41:00,460,460,462,462,0
2022-01-05 09:42:00,460,460,462,462,0
2022-01-05 09:43:00,460,460,462,462,0
2022-01-05 09:44:00,460,460,462,462,0
2022-01-05 09:45:00,460,460,460,460,2200
2022-01-05 09:46:00,460,460,460,460,5000
2022-01-05 09:47:00,460,460,460,460,4400
2022-01-05 09:48:00,460,460,460,460,0
2022-01-05 09:49:00,460,460,460,460,0
2022-01-05 09:50:00,460,460,460,460,6600
2022-01-05 09:51:00,460,460,460,460,0
2022-01-05 09:52:00,460,460,460,460,0
2022-01-05 09:53:00,452,452,452,452,5000
2022-01-05 09:54:00,452,452,452,452,0
2022-01-05 09:55:00,452,452,452,452,0
2022-01-05 09:56:00,452,452,452,452,0
2022-01-05 09:57:00,452,452,452,452,0
2022-01-05 09:58:00,452,452,452,452,0
2022-01-05 09:59:00,452,452,452,452,1000
2022-01-05 10:00:00,452,452,452,452,0
2022-01-05 10:01:00,452,452,452,452,0
2022-01-05 10:02:00,452,452,452,452,0
2022-01-05 10:03:00,452,452,452,452,0
2022-01-05 10:04:00,452,452,452,452,36700
2022-01-05 10:05:00,450,450,450,450,32000
2022-01-05 10:06:00,450,450,450,450,0
2022-01-05 10:07:00,446,446,446,446,1900
2022-01-05 10:08:00,450,450,450,450,100
2022-01-05 10:09:00,450,450,450,450,0
2022-01-05 10:10:00,450,450,450,450,0
2022-01-05 10:11:00,450,450,450,450,0
2022-01-05 10:12:00,450,450,450,450,0
2022-01-05 10:13:00,450,450,450,450,0
2022-01-05 10:14:00,450,450,450,450,0
2022-01-05 10:15:00,450,450,450,450,0
2022-01-05 10:16:00,448,448,448,448,100
2022-01-05 10:17:00,446,446,446,446,8200
2022-01-05 10:18:00,448,448,450,450,3900
2022-01-05 10:19:00,448,448,450,450,0
2022-01-05 10:20:00,448,448,450,450,0
2022-01-05 10:21:00,448,448,450,450,0
2022-01-05 10:22:00,448,448,450,450,0
2022-01-05 10:23:00,448,448,450,450,0
2022-01-05 10:24:00,448,448,450,450,0
2022-01-05 10:25:00,450,450,450,450,2500
2022-01-05 10:26:00,450,450,450,450,0
2022-01-05 10:27:00,450,450,450,450,0
2022-01-05 10:28:00,450,450,450,450,0
2022-01-05 10:29:00,450,450,450,450,0
2022-01-05 10:30:00,450,450,450,450,0
2022-01-05 10:31:00,450,450,450,450,0
2022-01-05 10:32:00,450,450,450,450,0
2022-01-05 10:33:00,448,448,448,448,4400
2022-01-05 10:34:00,448,448,448,448,100
2022-01-05 10:35:00,448,448,448,448,0
2022-01-05 10:36:00,448,448,448,448,0
2022-01-05 10:37:00,448,448,448,448,0
2022-01-05 10:38:00,446,446,446,446,1700
2022-01-05 10:39:00,446,446,446,446,0
2022-01-05 10:40:00,446,446,446,446,0
2022-01-05 10:41:00,446,446,446,446,8800
2022-01-05 10:42:00,446,446,446,446,0
2022-01-05 10:43:00,442,442,442,442,6500
2022-01-05 10:44:00,442,442,442,442,0
2022-01-05 10:45:00,440,440,440,440,6700
2022-01-05 10:46:00,440,440,440,440,0
2022-01-05 10:47:00,442,440,442,442,10400
2022-01-05 10:48:00,442,440,442,442,0
2022-01-05 10:49:00,440,440,440,440,1000
2022-01-05 10:50:00,440,440,440,440,500
2022-01-05 10:51:00,442,442,442,442,600
2022-01-05 10:52:00,442,442,442,442,0
2022-01-05 10:53:00,442,442,442,442,0
2022-01-05 10:54:00,444,444,444,444,200
2022-01-05 10:55:00,444,444,444,444,0
2022-01-05 10:56:00,444,444,444,444,100
2022-01-05 10:57:00,444,442,444,442,24900
2022-01-05 10:58:00,440,438,440,438,7600
2022-01-05 10:59:00,440,438,440,438,0
2022-01-05 11:00:00,440,438,440,438,0
2022-01-05 11:01:00,440,438,440,438,0
2022-01-05 11:02:00,438,438,438,438,100
2022-01-05 11:03:00,438,438,438,438,0
2022-01-05 11:04:00,438,438,438,438,0
2022-01-05 11:05:00,438,438,438,438,0
2022-01-05 11:06:00,438,438,438,438,0
2022-01-05 11:07:00,438,438,438,438,0
2022-01-05 11:08:00,438,438,438,438,0
2022-01-05 11:09:00,438,438,438,438,0
2022-01-05 11:10:00,438,438,438,438,0
2022-01-05 11:11:00,438,438,438,438,0
2022-01-05 11:12:00,438,438,438,438,0
2022-01-05 11:13:00,444,444,444,444,2200
2022-01-05 11:14:00,440,440,440,440,10000
2022-01-05 11:15:00,440,440,440,440,1700
2022-01-05 11:16:00,440,440,440,440,0
2022-01-05 11:17:00,440,440,440,440,8000
2022-01-05 11:18:00,444,444,444,444,1000
2022-01-05 11:19:00,444,444,444,444,1000
2022-01-05 11:20:00,444,444,444,444,0
2022-01-05 11:21:00,444,444,444,444,0
2022-01-05 11:22:00,444,444,444,444,0
2022-01-05 11:23:00,444,444,444,444,0
2022-01-05 11:24:00,444,444,444,444,0
2022-01-05 11:25:00,444,444,444,444,0
2022-01-05 11:26:00,444,444,444,444,0
2022-01-05 11:27:00,444,444,444,444,4000
2022-01-05 11:28:00,444,444,444,444,0
2022-01-05 11:29:00,444,444,444,444,0
2022-01-05 11:30:00,444,444,444,444,0
2022-01-05 11:31:00,444,444,444,444,0
2022-01-05 11:32:00,444,444,444,444,0
2022-01-05 11:33:00,444,444,444,444,0
2022-01-05 11:34:00,444,444,444,444,0
2022-01-05 11:35:00,444,444,444,444,0
2022-01-05 11:36:00,444,444,444,444,0
2022-01-05 11:37:00,444,444,444,444,0
2022-01-05 11:38:00,444,444,444,444,0
2022-01-05 11:39:00,444,444,444,444,0
2022-01-05 11:40:00,444,444,444,444,0
2022-01-05 11:41:00,444,444,444,444,0
2022-01-05 11:42:00,444,444,444,444,0
2022-01-05 11:43:00,444,444,444,444,0
2022-01-05 11:44:00,444,444,444,444,0
2022-01-05 11:45:00,444,444,444,444,0
2022-01-05 11:46:00,444,444,444,444,0
2022-01-05 11:47:00,444,444,444,444,0
2022-01-05 11:48:00,444,444,444,444,0
2022-01-05 11:49:00,444,444,444,444,0
2022-01-05 11:50:00,444,444,444,444,0
2022-01-05 11:51:00,444,444,444,444,0
2022-01-05 11:52:00,444,444,444,444,0
2022-01-05 11:53:00,444,444,444,444,0
2022-01-05 11:54:00,444,444,444,444,0
2022-01-05 11:55:00,444,444,444,444,0
2022-01-05 11:56:00,444,444,444,444,0
2022-01-05 11:57:00,444,444,444,444,0
2022-01-05 11:58:00,444,444,444,444,0
2022-01-05 11:59:00,444,444,444,444,0
2022-01-05 12:00:00,444,444,444,444,0
2022-01-05 12:01:00,444,444,444,444,0
2022-01-05 12:02:00,444,444,444,444,0
2022-01-05 12:03:00,444,444,444,444,0
2022-01-05 12:04:00,444,444,444,444,0
2022-01-05 12:05:00,444,444,444,444,0
2022-01-05 12:06:00,444,444,444,444,0
2022-01-05 12:07:00,444,444,444,444,0
2022-01-05 12:08:00,444,444,444,444,0
2022-01-05 12:09:00,444,444,444,444,0
2022-01-05 12:10:00,444,444,444,444,0
2022-01-05 12:11:00,444,444,444,444,0
2022-01-05 12:12:00,444,444,444,444,0
2022-01-05 12:13:00,444,444,444,444,0
2022-01-05 12:14:00,444,444,444,444,0
2022-01-05 12:15:00,444,444,444,444,0
2022-01-05 12:16:00,444,444,444,444,0
2022-01-05 12:17:00,444,444,444,444,0
2022-01-05 12:18:00,444,444,444,444,0
2022-01-05 12:19:00,444,444,444,444,0
2022-01-05 12:20:00,444,444,444,444,0
2022-01-05 12:21:00,444,444,444,444,0
2022-01-05 12:22:00,444,444,444,444,0
2022-01-05 12:23:00,444,444,444,444,0
2022-01-05 12:24:00,444,444,444,444,0
2022-01-05 12:25:00,444,444,444,444,0
2022-01-05 12:26:00,444,444,444,444,0
2022-01-05 12:27:00,444,444,444,444,0
2022-01-05 12:28:00,444,444,444,444,0
2022-01-05 12:29:00,444,444,444,444,0
2022-01-05 12:30:00,444,444,444,444,0
2022-01-05 12:31:00,444,444,444,444,0
2022-01-05 12:32:00,444,444,444,444,0
2022-01-05 12:33:00,444,444,444,444,0
2022-01-05 12:34:00,444,444,444,444,0
2022-01-05 12:35:00,444,444,444,444,0
2022-01-05 12:36:00,444,444,444,444,0
2022-01-05 12:37:00,444,444,444,444,0
2022-01-05 12:38:00,444,444,444,444,0
2022-01-05 12:39:00,444,444,444,444,0
2022-01-05 12:40:00,444,444,444,444,0
2022-01-05 12:41:00,444,444,444,444,0
2022-01-05 12:42:00,444,444,444,444,0
2022-01-05 12:43:00,444,444,444,444,0
2022-01-05 12:44:00,444,444,444,444,0
2022-01-05 12:45:00,444,444,444,444,0
2022-01-05 12:46:00,444,444,444,444,0
2022-01-05 12:47:00,444,444,444,444,0
2022-01-05 12:48:00,444,444,444,444,0
2022-01-05 12:49:00,444,444,444,444,0
2022-01-05 12:50:00,444,444,444,444,0
2022-01-05 12:51:00,444,444,444,444,0
2022-01-05 12:52:00,444,444,444,444,0
2022-01-05 12:53:00,444,444,444,444,0
2022-01-05 12:54:00,444,444,444,444,0
2022-01-05 12:55:00,444,444,444,444,0
2022-01-05 12:56:00,444,444,444,444,0
2022-01-05 12:57:00,444,444,444,444,0
2022-01-05 12:58:00,444,444,444,444,0
2022-01-05 12:59:00,444,444,444,444,0
2022-01-05 13:00:00,444,444,444,444,0
2022-01-05 13:01:00,444,444,444,444,0
2022-01-05 13:02:00,444,444,444,444,0
2022-01-05 13:03:00,444,444,444,444,0
2022-01-05 13:04:00,444,444,444,444,0
2022-01-05 13:05:00,444,444,444,444,0
2022-01-05 13:06:00,444,444,444,444,0
2022-01-05 13:07:00,444,444,444,444,0
2022-01-05 13:08:00,444,444,444,444,0
2022-01-05 13:09:00,444,444,444,444,0
2022-01-05 13:10:00,444,444,444,444,0
2022-01-05 13:11:00,444,444,444,444,0
2022-01-05 13:12:00,444,444,444,444,0
2022-01-05 13:13:00,444,444,444,444,0
2022-01-05 13:14:00,444,444,444,444,0
2022-01-05 13:15:00,444,444,444,444,0
2022-01-05 13:16:00,444,444,444,444,0
2022-01-05 13:17:00,444,444,444,444,0
2022-01-05 13:18:00,444,444,444,444,0
2022-01-05 13:19:00,444,444,444,444,0
2022-01-05 13:20:00,444,444,444,444,0
2022-01-05 13:21:00,444,444,444,444,0
2022-01-05 13:22:00,444,444,444,444,0
2022-01-05 13:23:00,444,444,444,444,0
2022-01-05 13:24:00,444,444,444,444,0
2022-01-05 13:25:00,444,444,444,444,0
2022-01-05 13:26:00,444,444,444,444,0
2022-01-05 13:27:00,444,444,444,444,0
2022-01-05 13:28:00,444,444,444,444,0
2022-01-05 13:29:00,444,444,444,444,0
2022-01-05 13:30:00,442,442,444,444,21600
2022-01-05 13:31:00,442,442,444,444,0
2022-01-05 13:32:00,446,446,446,446,3100
2022-01-05 13:33:00,446,446,446,446,1000
2022-01-05 13:34:00,446,446,446,446,0
2022-01-05 13:35:00,446,446,446,446,1500
2022-01-05 13:36:00,446,446,446,446,0
2022-01-05 13:37:00,448,448,448,448,100
2022-01-05 13:38:00,444,444,448,448,25800
2022-01-05 13:39:00,448,448,448,448,600
2022-01-05 13:40:00,450,450,450,450,100
2022-01-05 13:41:00,450,450,450,450,0
2022-01-05 13:42:00,444,444,444,444,500
2022-01-05 13:43:00,444,444,444,444,500
2022-01-05 13:44:00,444,444,444,444,4000
2022-01-05 13:45:00,444,444,444,444,0
2022-01-05 13:46:00,444,444,444,444,0
2022-01-05 13:47:00,444,444,444,444,0
2022-01-05 13:48:00,444,444,444,444,0
2022-01-05 13:49:00,444,444,444,444,1000
2022-01-05 13:50:00,450,450,450,450,100
2022-01-05 13:51:00,450,450,450,450,0
2022-01-05 13:52:00,450,450,450,450,0
2022-01-05 13:53:00,450,450,450,450,0
2022-01-05 13:54:00,450,450,450,450,0
2022-01-05 13:55:00,450,450,450,450,0
2022-01-05 13:56:00,444,444,444,444,300
2022-01-05 13:57:00,444,444,444,444,500
2022-01-05 13:58:00,444,444,444,444,0
2022-01-05 13:59:00,446,446,446,446,500
2022-01-05 14:00:00,446,446,446,446,0
2022-01-05 14:01:00,446,446,446,446,0
2022-01-05 14:02:00,446,446,446,446,0
2022-01-05 14:03:00,446,446,446,446,0
2022-01-05 14:04:00,446,446,446,446,0
2022-01-05 14:05:00,446,446,446,446,0
2022-01-05 14:06:00,446,446,446,446,0
2022-01-05 14:07:00,446,446,446,446,0
2022-01-05 14:08:00,446,446,446,446,0
2022-01-05 14:09:00,446,446,446,446,0
2022-01-05 14:10:00,446,446,446,446,0
2022-01-05 14:11:00,446,446,446,446,0
2022-01-05 14:12:00,446,446,446,446,0
2022-01-05 14:13:00,446,446,446,446,0
2022-01-05 14:14:00,446,446,446,446,0
2022-01-05 14:15:00,446,446,446,446,4200
2022-01-05 14:16:00,446,446,446,446,0
2022-01-05 14:17:00,446,446,446,446,0
2022-01-05 14:18:00,446,446,446,446,0
2022-01-05 14:19:00,446,446,446,446,0
2022-01-05 14:20:00,446,446,446,446,0
2022-01-05 14:21:00,446,446,446,446,500
2022-01-05 14:22:00,446,446,446,446,0
2022-01-05 14:23:00,446,446,446,446,0
2022-01-05 14:24:00,446,446,446,446,0
2022-01-05 14:25:00,446,446,446,446,0
2022-01-05 14:26:00,446,446,446,446,0
2022-01-05 14:27:00,446,446,446,446,0
2022-01-05 14:28:00,446,446,446,446,0
2022-01-05 14:29:00,444,444,444,444,0
2022-01-05 14:30:00,444,444,444,444,0
2022-01-05 14:31:00,444,444,444,444,0
2022-01-05 14:32:00,444,444,444,444,0
2022-01-05 14:33:00,444,444,444,444,0
2022-01-05 14:34:00,444,444,444,444,0
2022-01-05 14:35:00,444,444,444,444,0
2022-01-05 14:36:00,444,444,444,444,0
2022-01-05 14:37:00,444,444,444,444,327300
2022-01-05 14:38:00,444,444,444,444,0
2022-01-05 14:39:00,444,444,444,444,0
2022-01-05 14:40:00,444,444,444,444,0
2022-01-05 14:41:00,444,444,444,444,0
2022-01-05 14:42:00,442,442,442,442,100
2022-01-05 14:43:00,444,444,444,444,2000
2022-01-05 14:44:00,444,444,444,444,0
2022-01-05 14:45:00,444,444,444,444,0
2022-01-05 14:46:00,444,444,444,444,0
2022-01-05 14:47:00,444,444,444,444,0
2022-01-05 14:48:00,444,444,444,444,0
2022-01-05 14:49:00,444,444,444,444,0
2022-01-05 14:50:00,444,444,444,444,0
2022-01-05 14:51:00,444,444,444,444,0
2022-01-05 14:52:00,444,444,444,444,0
2022-01-05 14:53:00,444,444,444,444,0
2022-01-05 14:54:00,444,444,444,444,0
2022-01-05 14:55:00,444,444,444,444,0
2022-01-05 14:56:00,444,444,444,444,0
2022-01-05 14:57:00,444,444,444,444,0
2022-01-05 14:58:00,444,444,444,444,0
2022-01-05 14:59:00,444,444,444,444,0
2022-01-05 15:00:00,448,448,448,448,6000
2022-01-05 15:01:00,448,448,448,448,0
2022-01-05 15:02:00,448,448,448,448,0
2022-01-05 15:03:00,448,448,448,448,0
2022-01-05 15:04:00,448,448,448,448,0
2022-01-05 15:05:00,448,448,448,448,0
2022-01-05 15:06:00,448,448,448,448,0
2022-01-05 15:07:00,448,448,448,448,100
2022-01-05 15:08:00,448,448,448,448,0
2022-01-05 15:09:00,448,448,448,448,0
2022-01-05 15:10:00,448,448,448,448,0
2022-01-05 15:11:00,448,448,448,448,3000
2022-01-05 15:12:00,448,448,448,448,340300
2022-01-05 15:13:00,448,448,448,448,0
2022-01-05 15:14:00,448,448,448,448,0
2022-01-05 15:15:00,448,448,448,448,0
2022-01-05 15:16:00,448,448,448,448,0
2022-01-05 15:17:00,448,448,448,448,0
2022-01-05 15:18:00,448,448,448,448,0
2022-01-05 15:19:00,448,448,448,448,0
2022-01-05 15:20:00,448,448,448,448,0
2022-01-05 15:21:00,448,448,448,448,0
2022-01-05 15:22:00,448,448,448,448,0
2022-01-05 15:23:00,448,448,448,448,0
2022-01-05 15:24:00,448,448,448,448,0
2022-01-05 15:25:00,448,448,448,448,0
2022-01-05 15:26:00,448,448,448,448,0
2022-01-05 15:27:00,448,448,448,448,0
2022-01-05 15:28:00,448,448,448,448,0
2022-01-05 15:29:00,448,448,448,448,0
2022-01-05 15:30:00,448,448,448,448,0
2022-01-05 15:31:00,448,448,448,448,0
2022-01-05 15:32:00,448,448,448,448,0
2022-01-05 15:33:00,448,448,448,448,0
2022-01-05 15:34:00,448,448,448,448,0
2022-01-05 15:35:00,448,448,448,448,0
2022-01-05 15:36:00,448,448,448,448,0
2022-01-05 15:37:00,448,448,448,448,0
2022-01-05 15:38:00,448,448,448,448,0
2022-01-05 15:39:00,448,448,448,448,0
2022-01-05 15:40:00,448,448,448,448,0
2022-01-05 15:41:00,448,448,448,448,0
2022-01-05 15:42:00,448,448,448,448,0
2022-01-05 15:43:00,448,448,448,448,0
2022-01-05 15:44:00,448,448,448,448,0
2022-01-05 15:45:00,448,448,448,448,0
2022-01-05 15:46:00,448,448,448,448,0
2022-01-05 15:47:00,448,448,448,448,0
2022-01-05 15:48:00,448,448,448,448,0
2022-01-05 15:49:00,448,448,448,448,0
2022-01-05 15:50:00,448,448,448,448,0
2022-01-05 15:51:00,448,448,448,448,0
2022-01-05 15:52:00,448,448,448,448,0
2022-01-05 15:53:00,448,448,448,448,0
2022-01-05 15:54:00,448,448,448,448,0
2022-01-05 15:55:00,448,448,448,448,0
2022-01-05 15:56:00,448,448,448,448,0
2022-01-05 15:57:00,448,448,448,448,0
2022-01-05 15:58:00,448,448,448,448,0
2022-01-05 15:59:00,448,448,448,448,0
2022-01-06 09:00:00,448,446,448,446,0
2022-01-06 09:01:00,448,446,448,446,0
2022-01-06 09:02:00,442,440,442,440,5500
2022-01-06 09:03:00,440,440,440,440,500
2022-01-06 09:04:00,440,440,440,440,0
2022-01-06 09:05:00,440,440,440,440,0
2022-01-06 09:06:00,440,440,440,440,500
2022-01-06 09:07:00,440,440,440,440,0
2022-01-06 09:08:00,440,440,440,440,0
2022-01-06 09:09:00,440,440,440,440,2000
2022-01-06 09:10:00,440,440,440,440,0
2022-01-06 09:11:00,440,440,440,440,0
2022-01-06 09:12:00,442,442,442,442,200
2022-01-06 09:13:00,440,440,440,440,500
2022-01-06 09:14:00,440,440,440,440,0
2022-01-06 09:15:00,440,440,440,440,0
2022-01-06 09:16:00,440,440,440,440,0
2022-01-06 09:17:00,440,440,440,440,0
2022-01-06 09:18:00,440,440,440,440,0
2022-01-06 09:19:00,440,440,440,440,400
2022-01-06 09:20:00,440,440,440,440,0
2022-01-06 09:21:00,440,440,440,440,0
2022-01-06 09:22:00,440,440,440,440,0
2022-01-06 09:23:00,440,440,440,440,0
2022-01-06 09:24:00,440,440,440,440,0
2022-01-06 09:25:00,440,440,440,440,0
2022-01-06 09:26:00,442,440,442,440,1600
2022-01-06 09:27:00,440,440,440,440,9600
2022-01-06 09:28:00,440,440,440,440,0
2022-01-06 09:29:00,440,440,440,440,0
2022-01-06 09:30:00,440,438,440,438,2300
2022-01-06 09:31:00,444,444,444,444,100
2022-01-06 09:32:00,444,444,444,444,0
2022-01-06 09:33:00,444,444,444,444,0
2022-01-06 09:34:00,444,444,444,444,0
2022-01-06 09:35:00,444,444,444,444,0
2022-01-06 09:36:00,444,444,444,444,0
2022-01-06 09:37:00,444,444,444,444,500
2022-01-06 09:38:00,440,440,444,444,900
2022-01-06 09:39:00,440,440,444,444,0
2022-01-06 09:40:00,440,440,444,444,0
2022-01-06 09:41:00,440,440,444,444,0
2022-01-06 09:42:00,440,440,444,444,0
2022-01-06 09:43:00,440,440,444,444,0
2022-01-06 09:44:00,440,440,444,444,0
2022-01-06 09:45:00,440,440,444,444,0
2022-01-06 09:46:00,440,440,444,444,0
2022-01-06 09:47:00,438,438,438,438,2000
2022-01-06 09:48:00,438,438,438,438,500
2022-01-06 09:49:00,438,438,438,438,0
2022-01-06 09:50:00,438,438,438,438,0
2022-01-06 09:51:00,438,438,438,438,0
2022-01-06 09:52:00,438,438,438,438,0
2022-01-06 09:53:00,438,438,438,438,0
2022-01-06 09:54:00,438,438,438,438,0
2022-01-06 09:55:00,438,438,438,438,0
2022-01-06 09:56:00,438,438,438,438,0
2022-01-06 09:57:00,438,438,438,438,0
2022-01-06 09:58:00,438,438,438,438,0
2022-01-06 09:59:00,438,438,438,438,0
2022-01-06 10:00:00,438,438,438,438,0
2022-01-06 10:01:00,438,438,438,438,5000
2022-01-06 10:02:00,438,438,438,438,0
2022-01-06 10:03:00,438,438,438,438,0
2022-01-06 10:04:00,438,438,438,438,0
2022-01-06 10:05:00,438,438,438,438,0
2022-01-06 10:06:00,438,438,438,438,1000
2022-01-06 10:07:00,438,438,438,438,0
2022-01-06 10:08:00,438,438,438,438,0
2022-01-06 10:09:00,438,438,438,438,0
2022-01-06 10:10:00,438,438,438,438,0
2022-01-06 10:11:00,438,438,438,438,0
2022-01-06 10:12:00,438,438,438,438,0
2022-01-06 10:13:00,438,438,438,438,0
2022-01-06 10:14:00,438,438,438,438,0
2022-01-06 10:15:00,438,438,438,438,0
2022-01-06 10:16:00,438,438,438,438,0
2022-01-06 10:17:00,438,438,438,438,0
2022-01-06 10:18:00,438,438,438,438,0
2022-01-06 10:19:00,438,438,438,438,0
2022-01-06 10:20:00,438,438,438,438,0
2022-01-06 10:21:00,438,438,438,438,0
2022-01-06 10:22:00,438,438,438,438,0
2022-01-06 10:23:00,438,438,438,438,5100
2022-01-06 10:24:00,438,438,438,438,100
2022-01-06 10:25:00,438,438,438,438,0
2022-01-06 10:26:00,438,438,438,438,0
2022-01-06 10:27:00,438,438,438,438,0
2022-01-06 10:28:00,438,438,438,438,0
2022-01-06 10:29:00,438,438,438,438,0
2022-01-06 10:30:00,438,438,438,438,0
2022-01-06 10:31:00,438,438,438,438,0
2022-01-06 10:32:00,436,436,436,436,17500
2022-01-06 10:33:00,436,436,436,436,0
2022-01-06 10:34:00,436,436,436,436,100
2022-01-06 10:35:00,436,436,436,436,0
2022-01-06 10:36:00,436,436,436,436,0
2022-01-06 10:37:00,436,436,436,436,0
2022-01-06 10:38:00,436,436,436,436,0
2022-01-06 10:39:00,436,436,436,436,0
2022-01-06 10:40:00,440,440,442,442,11500
2022-01-06 10:41:00,442,442,442,442,13000
2022-01-06 10:42:00,442,442,442,442,0
2022-01-06 10:43:00,442,442,442,442,4000
2022-01-06 10:44:00,442,442,442,442,0
2022-01-06 10:45:00,442,442,442,442,0
2022-01-06 10:46:00,442,442,442,442,0
2022-01-06 10:47:00,442,442,442,442,0
2022-01-06 10:48:00,442,442,442,442,0
2022-01-06 10:49:00,442,442,442,442,0
2022-01-06 10:50:00,442,442,442,442,0
2022-01-06 10:51:00,442,442,442,442,0
2022-01-06 10:52:00,442,442,442,442,0
2022-01-06 10:53:00,442,442,442,442,0
2022-01-06 10:54:00,442,442,442,442,0
2022-01-06 10:55:00,442,442,442,442,0
2022-01-06 10:56:00,442,442,442,442,0
2022-01-06 10:57:00,436,436,436,436,2500
2022-01-06 10:58:00,436,436,436,436,0
2022-01-06 10:59:00,436,436,436,436,0
2022-01-06 11:00:00,436,436,436,436,0
2022-01-06 11:01:00,436,436,436,436,0
2022-01-06 11:02:00,436,436,436,436,0
2022-01-06 11:03:00,436,436,436,436,0
2022-01-06 11:04:00,436,436,436,436,0
2022-01-06 11:05:00,436,436,436,436,0
2022-01-06 11:06:00,436,436,436,436,0
2022-01-06 11:07:00,436,436,436,436,0
2022-01-06 11:08:00,436,436,436,436,0
2022-01-06 11:09:00,436,436,436,436,4000
2022-01-06 11:10:00,436,436,436,436,0
2022-01-06 11:11:00,434,434,434,434,5300
2022-01-06 11:12:00,434,434,434,434,0
2022-01-06 11:13:00,434,434,434,434,0
2022-01-06 11:14:00,434,434,434,434,0
2022-01-06 11:15:00,434,434,434,434,0
2022-01-06 11:16:00,434,434,434,434,0
2022-01-06 11:17:00,434,434,434,434,0
2022-01-06 11:18:00,434,434,434,434,0
2022-01-06 11:19:00,434,434,434,434,0
2022-01-06 11:20:00,434,434,434,434,0
2022-01-06 11:21:00,434,434,434,434,0
2022-01-06 11:22:00,434,434,434,434,0
2022-01-06 11:23:00,434,434,434,434,0
2022-01-06 11:24:00,434,434,434,434,0
2022-01-06 11:25:00,434,434,434,434,0
2022-01-06 11:26:00,434,434,434,434,0
2022-01-06 11:27:00,434,434,434,434,0
2022-01-06 11:28:00,434,434,434,434,0
2022-01-06 11:29:00,432,432,432,432,100
2022-01-06 11:30:00,432,432,432,432,0
2022-01-06 11:31:00,432,432,432,432,0
2022-01-06 11:32:00,432,432,432,432,0
2022-01-06 11:33:00,432,432,432,432,0
2022-01-06 11:34:00,432,432,432,432,0
2022-01-06 11:35:00,432,432,432,432,0
2022-01-06 11:36:00,432,432,432,432,0
2022-01-06 11:37:00,432,432,432,432,0
2022-01-06 11:38:00,432,432,432,432,0
2022-01-06 11:39:00,432,432,432,432,0
2022-01-06 11:40:00,432,432,432,432,0
2022-01-06 11:41:00,432,432,432,432,0
2022-01-06 11:42:00,432,432,432,432,0
2022-01-06 11:43:00,432,432,432,432,0
2022-01-06 11:44:00,432,432,432,432,0
2022-01-06 11:45:00,432,432,432,432,0
2022-01-06 11:46:00,432,432,432,432,0
2022-01-06 11:47:00,432,432,432,432,0
2022-01-06 11:48:00,432,432,432,432,0
2022-01-06 11:49:00,432,432,432,432,0
2022-01-06 11:50:00,432,432,432,432,0
2022-01-06 11:51:00,432,432,432,432,0
2022-01-06 11:52:00,432,432,432,432,0
2022-01-06 11:53:00,432,432,432,432,0
2022-01-06 11:54:00,432,432,432,432,0
2022-01-06 11:55:00,432,432,432,432,0
2022-01-06 11:56:00,432,432,432,432,0
2022-01-06 11:57:00,432,432,432,432,0
2022-01-06 11:58:00,432,432,432,432,0
2022-01-06 11:59:00,432,432,432,432,0
2022-01-06 12:00:00,432,432,432,432,0
2022-01-06 12:01:00,432,432,432,432,0
2022-01-06 12:02:00,432,432,432,432,0
2022-01-06 12:03:00,432,432,432,432,0
2022-01-06 12:04:00,432,432,432,432,0
2022-01-06 12:05:00,432,432,432,432,0
2022-01-06 12:06:00,432,432,432,432,0
2022-01-06 12:07:00,432,432,432,432,0
2022-01-06 12:08:00,432,432,432,432,0
2022-01-06 12:09:00,432,432,432,432,0
2022-01-06 12:10:00,432,432,432,432,0
2022-01-06 12:11:00,432,432,432,432,0
2022-01-06 12:12:00,432,432,432,432,0
2022-01-06 12:13:00,432,432,432,432,0
2022-01-06 12:14:00,432,432,432,432,0
2022-01-06 12:15:00,432,432,432,432,0
2022-01-06 12:16:00,432,432,432,432,0
2022-01-06 12:17:00,432,432,432,432,0
2022-01-06 12:18:00,432,432,432,432,0
2022-01-06 12:19:00,432,432,432,432,0
2022-01-06 12:20:00,432,432,432,432,0
2022-01-06 12:21:00,432,432,432,432,0
2022-01-06 12:22:00,432,432,432,432,0
2022-01-06 12:23:00,432,432,432,432,0
2022-01-06 12:24:00,432,432,432,432,0
2022-01-06 12:25:00,432,432,432,432,0
2022-01-06 12:26:00,432,432,432,432,0
2022-01-06 12:27:00,432,432,432,432,0
2022-01-06 12:28:00,432,432,432,432,0
2022-01-06 12:29:00,432,432,432,432,0
2022-01-06 12:30:00,432,432,432,432,0
2022-01-06 12:31:00,432,432,432,432,0
2022-01-06 12:32:00,432,432,432,432,0
2022-01-06 12:33:00,432,432,432,432,0
2022-01-06 12:34:00,432,432,432,432,0
2022-01-06 12:35:00,432,432,432,432,0
2022-01-06 12:36:00,432,432,432,432,0
2022-01-06 12:37:00,432,432,432,432,0
2022-01-06 12:38:00,432,432,432,432,0
2022-01-06 12:39:00,432,432,432,432,0
2022-01-06 12:40:00,432,432,432,432,0
2022-01-06 12:41:00,432,432,432,432,0
2022-01-06 12:42:00,432,432,432,432,0
2022-01-06 12:43:00,432,432,432,432,0
2022-01-06 12:44:00,432,432,432,432,0
2022-01-06 12:45:00,432,432,432,432,0
2022-01-06 12:46:00,432,432,432,432,0
2022-01-06 12:47:00,432,432,432,432,0
2022-01-06 12:48:00,432,432,432,432,0
2022-01-06 12:49:00,432,432,432,432,0
2022-01-06 12:50:00,432,432,432,432,0
2022-01-06 12:51:00,432,432,432,432,0
2022-01-06 12:52:00,432,432,432,432,0
2022-01-06 12:53:00,432,432,432,432,0
2022-01-06 12:54:00,432,432,432,432,0
2022-01-06 12:55:00,432,432,432,432,0
2022-01-06 12:56:00,432,432,432,432,0
2022-01-06 12:57:00,432,432,432,432,0
2022-01-06 12:58:00,432,432,432,432,0
2022-01-06 12:59:00,432,432,432,432,0
2022-01-06 13:00:00,432,432,432,432,0
2022-01-06 13:01:00,432,432,432,432,0
2022-01-06 13:02:00,432,432,432,432,0
2022-01-06 13:03:00,432,432,432,432,0
2022-01-06 13:04:00,432,432,432,432,0
2022-01-06 13:05:00,432,432,432,432,0
2022-01-06 13:06:00,432,432,432,432,0
2022-01-06 13:07:00,432,432,432,432,0
2022-01-06 13:08:00,432,432,432,432,0
2022-01-06 13:09:00,432,432,432,432,0
2022-01-06 13:10:00,432,432,432,432,0
2022-01-06 13:11:00,432,432,432,432,0
2022-01-06 13:12:00,432,432,432,432,0
2022-01-06 13:13:00,432,432,432,432,0
2022-01-06 13:14:00,432,432,432,432,0
2022-01-06 13:15:00,432,432,432,432,0
2022-01-06 13:16:00,432,432,432,432,0
2022-01-06 13:17:00,432,432,432,432,0
2022-01-06 13:18:00,432,432,432,432,0
2022-01-06 13:19:00,432,432,432,432,0
2022-01-06 13:20:00,432,432,432,432,0
2022-01-06 13:21:00,432,432,432,432,0
2022-01-06 13:22:00,432,432,432,432,0
2022-01-06 13:23:00,432,432,432,432,0
2022-01-06 13:24:00,432,432,432,432,0
2022-01-06 13:25:00,432,432,432,432,0
2022-01-06 13:26:00,432,432,432,432,0
2022-01-06 13:27:00,432,432,432,432,0
2022-01-06 13:28:00,432,432,432,432,0
2022-01-06 13:29:00,432,432,432,432,0
2022-01-06 13:30:00,432,432,436,436,800
2022-01-06 13:31:00,432,432,436,436,0
2022-01-06 13:32:00,432,432,436,436,0
2022-01-06 13:33:00,432,432,432,432,400
2022-01-06 13:34:00,432,430,432,430,137300
2022-01-06 13:35:00,432,430,432,430,0
2022-01-06 13:36:00,432,430,432,430,0
2022-01-06 13:37:00,432,430,432,430,0
2022-01-06 13:38:00,432,430,432,430,0
2022-01-06 13:39:00,432,430,432,430,0
2022-01-06 13:40:00,432,430,432,430,0
2022-01-06 13:41:00,426,426,426,426,3200
2022-01-06 13:42:00,426,426,426,426,0
2022-01-06 13:43:00,426,426,426,426,500
2022-01-06 13:44:00,426,426,426,426,200
2022-01-06 13:45:00,430,422,430,422,30100
2022-01-06 13:46:00,420,420,420,420,200
2022-01-06 13:47:00,420,420,420,420,0
2022-01-06 13:48:00,420,420,422,422,14000
2022-01-06 13:49:00,420,420,422,422,0
2022-01-06 13:50:00,420,420,422,422,0
2022-01-06 13:51:00,420,420,422,422,0
2022-01-06 13:52:00,420,420,422,422,0
2022-01-06 13:53:00,420,420,420,420,600
2022-01-06 13:54:00,420,420,420,420,0
2022-01-06 13:55:00,420,420,420,420,0
2022-01-06 13:56:00,420,420,420,420,1700
2022-01-06 13:57:00,420,420,420,420,300
2022-01-06 13:58:00,420,420,420,420,0
2022-01-06 13:59:00,420,420,420,420,5500
2022-01-06 14:00:00,420,420,420,420,0
2022-01-06 14:01:00,420,420,420,420,0
2022-01-06 14:02:00,420,420,420,420,0
2022-01-06 14:03:00,420,420,420,420,0
2022-01-06 14:04:00,420,420,420,420,0
2022-01-06 14:05:00,420,420,420,420,0
2022-01-06 14:06:00,420,420,420,420,0
2022-01-06 14:07:00,420,420,420,420,0
2022-01-06 14:08:00,420,420,420,420,100
2022-01-06 14:09:00,420,420,420,420,5100
2022-01-06 14:10:00,420,420,420,420,0
2022-01-06 14:11:00,424,424,424,424,400
2022-01-06 14:12:00,428,428,428,428,100
2022-01-06 14:13:00,428,428,428,428,0
2022-01-06 14:14:00,430,430,430,430,200
2022-01-06 14:15:00,430,430,430,430,0
2022-01-06 14:16:00,430,430,430,430,0
2022-01-06 14:17:00,430,430,430,430,0
2022-01-06 14:18:00,430,430,430,430,0
2022-01-06 14:19:00,430,430,430,430,0
2022-01-06 14:20:00,430,430,430,430,600
2022-01-06 14:21:00,430,430,430,430,200
2022-01-06 14:22:00,430,430,430,430,0
2022-01-06 14:23:00,430,430,430,430,0
2022-01-06 14:24:00,430,430,430,430,500
2022-01-06 14:25:00,430,430,430,430,0
2022-01-06 14:26:00,430,430,430,430,0
2022-01-06 14:27:00,422,422,422,422,1300
2022-01-06 14:28:00,422,422,422,422,200
2022-01-06 14:29:00,422,422,422,422,0
2022-01-06 14:30:00,422,422,422,422,1300
2022-01-06 14:31:00,422,422,422,422,0
2022-01-06 14:32:00,422,422,422,422,0
2022-01-06 14:33:00,422,422,422,422,0
2022-01-06 14:34:00,422,422,422,422,0
2022-01-06 14:35:00,422,422,422,422,0
2022-01-06 14:36:00,422,422,422,422,0
2022-01-06 14:37:00,422,422,422,422,0
2022-01-06 14:38:00,422,422,422,422,0
2022-01-06 14:39:00,422,422,422,422,0
2022-01-06 14:40:00,422,422,422,422,0
2022-01-06 14:41:00,422,422,422,422,0
2022-01-06 14:42:00,422,422,422,422,0
2022-01-06 14:43:00,420,418,420,420,62100
2022-01-06 14:44:00,418,418,418,418,31700
2022-01-06 14:45:00,418,418,418,418,4400
2022-01-06 14:46:00,418,418,420,420,500
2022-01-06 14:47:00,420,420,420,420,500
2022-01-06 14:48:00,420,420,420,420,300
2022-01-06 14:49:00,420,420,420,420,300
2022-01-06 14:50:00,420,420,420,420,0
2022-01-06 14:51:00,420,420,420,420,0
2022-01-06 14:52:00,420,420,420,420,0
2022-01-06 14:53:00,420,420,420,420,0
2022-01-06 14:54:00,420,420,420,420,0
2022-01-06 14:55:00,420,420,420,420,0
2022-01-06 14:56:00,420,420,420,420,0
2022-01-06 14:57:00,420,420,420,420,0
2022-01-06 14:58:00,420,420,420,420,0
2022-01-06 14:59:00,420,420,420,420,0
2022-01-06 15:00:00,420,420,420,420,63400
2022-01-06 15:01:00,420,420,420,420,2100
2022-01-06 15:02:00,420,420,420,420,0
2022-01-06 15:03:00,420,420,420,420,0
2022-01-06 15:04:00,420,420,420,420,1500
2022-01-06 15:05:00,420,420,420,420,0
2022-01-06 15:06:00,420,420,420,420,0
2022-01-06 15:07:00,420,420,420,420,0
2022-01-06 15:08:00,420,420,420,420,0
2022-01-06 15:09:00,420,420,420,420,0
2022-01-06 15:10:00,420,420,420,420,0
2022-01-06 15:11:00,420,420,420,420,0
2022-01-06 15:12:00,420,420,420,420,100
2022-01-06 15:13:00,420,420,420,420,0
2022-01-06 15:14:00,420,420,420,420,0
2022-01-06 15:15:00,420,420,420,420,0
2022-01-06 15:16:00,420,420,420,420,0
2022-01-06 15:17:00,420,420,420,420,0
2022-01-06 15:18:00,420,420,420,420,0
2022-01-06 15:19:00,420,420,420,420,0
2022-01-06 15:20:00,420,420,420,420,0
2022-01-06 15:21:00,420,420,420,420,0
2022-01-06 15:22:00,420,420,420,420,0
2022-01-06 15:23:00,420,420,420,420,0
2022-01-06 15:24:00,420,420,420,420,0
2022-01-06 15:25:00,420,420,420,420,0
2022-01-06 15:26:00,420,420,420,420,0
2022-01-06 15:27:00,420,420,420,420,0
2022-01-06 15:28:00,420,420,420,420,0
2022-01-06 15:29:00,420,420,420,420,0
2022-01-06 15:30:00,420,420,420,420,0
2022-01-06 15:31:00,420,420,420,420,0
2022-01-06 15:32:00,420,420,420,420,0
2022-01-06 15:33:00,420,420,420,420,0
2022-01-06 15:34:00,420,420,420,420,0
2022-01-06 15:35:00,420,420,420,420,0
2022-01-06 15:36:00,420,420,420,420,0
2022-01-06 15:37:00,420,420,420,420,0
2022-01-06 15:38:00,420,420,420,420,0
2022-01-06 15:39:00,420,420,420,420,0
2022-01-06 15:40:00,420,420,420,420,0
2022-01-06 15:41:00,420,420,420,420,0
2022-01-06 15:42:00,420,420,420,420,0
2022-01-06 15:43:00,420,420,420,420,0
2022-01-06 15:44:00,420,420,420,420,0
2022-01-06 15:45:00,420,420,420,420,0
2022-01-06 15:46:00,420,420,420,420,0
2022-01-06 15:47:00,420,420,420,420,0
2022-01-06 15:48:00,420,420,420,420,0
2022-01-06 15:49:00,420,420,420,420,0
2022-01-06 15:50:00,420,420,420,420,0
2022-01-06 15:51:00,420,420,420,420,0
2022-01-06 15:52:00,420,420,420,420,0
2022-01-06 15:53:00,420,420,420,420,0
2022-01-06 15:54:00,420,420,420,420,0
2022-01-06 15:55:00,420,420,420,420,0
2022-01-06 15:56:00,420,420,420,420,0
2022-01-06 15:57:00,420,420,420,420,0
2022-01-06 15:58:00,420,420,420,420,0
2022-01-06 15:59:00,420,420,420,420,0
2022-01-07 09:00:00,420,420,420,420,0
2022-01-07 09:01:00,426,420,426,420,0
2022-01-07 09:02:00,420,420,420,420,200
2022-01-07 09:03:00,420,420,420,420,0
2022-01-07 09:04:00,420,420,420,420,0
2022-01-07 09:05:00,420,420,420,420,0
2022-01-07 09:06:00,420,420,420,420,0
2022-01-07 09:07:00,420,420,420,420,0
2022-01-07 09:08:00,420,420,420,420,0
2022-01-07 09:09:00,420,420,420,420,0
2022-01-07 09:10:00,418,418,420,420,2500
2022-01-07 09:11:00,420,420,420,420,300
2022-01-07 09:12:00,420,420,420,420,4100
2022-01-07 09:13:00,430,430,430,430,500
2022-01-07 09:14:00,430,430,430,430,0
2022-01-07 09:15:00,430,430,430,430,0
2022-01-07 09:16:00,428,428,430,430,2300
2022-01-07 09:17:00,440,440,446,446,1500
2022-01-07 09:18:00,430,422,430,422,28300
2022-01-07 09:19:00,430,422,430,422,0
2022-01-07 09:20:00,430,422,430,422,0
2022-01-07 09:21:00,428,428,428,428,500
2022-01-07 09:22:00,428,428,428,428,2000
2022-01-07 09:23:00,422,400,422,400,41500
2022-01-07 09:24:00,422,400,422,400,0
2022-01-07 09:25:00,404,404,404,404,100
2022-01-07 09:26:00,404,404,404,404,5000
2022-01-07 09:27:00,402,402,402,402,1000
2022-01-07 09:28:00,402,402,402,402,0
2022-01-07 09:29:00,420,402,420,402,1100
2022-01-07 09:30:00,402,402,420,420,200
2022-01-07 09:31:00,402,402,420,420,0
2022-01-07 09:32:00,420,420,420,420,1300
2022-01-07 09:33:00,420,420,420,420,0
2022-01-07 09:34:00,420,420,420,420,0
2022-01-07 09:35:00,420,420,420,420,0
2022-01-07 09:36:00,402,402,402,402,95000
2022-01-07 09:37:00,402,402,402,402,0
2022-01-07 09:38:00,402,402,402,402,5000
2022-01-07 09:39:00,402,402,402,402,0
2022-01-07 09:40:00,402,402,402,402,0
2022-01-07 09:41:00,402,402,402,402,0
2022-01-07 09:42:00,402,402,402,402,0
2022-01-07 09:43:00,402,402,402,402,0
2022-01-07 09:44:00,402,400,402,400,50000
2022-01-07 09:45:00,400,400,400,400,3600
2022-01-07 09:46:00,400,400,400,400,0
2022-01-07 09:47:00,400,400,400,400,3500
2022-01-07 09:48:00,400,400,400,400,8000
2022-01-07 09:49:00,400,400,400,400,0
2022-01-07 09:50:00,416,400,416,400,36700
2022-01-07 09:51:00,400,400,400,400,14300
2022-01-07 09:52:00,400,400,400,400,0
2022-01-07 09:53:00,400,400,400,400,0
2022-01-07 09:54:00,416,414,416,414,1900
2022-01-07 09:55:00,416,414,416,414,0
2022-01-07 09:56:00,416,414,416,414,0
2022-01-07 09:57:00,412,412,412,412,800
2022-01-07 09:58:00,412,412,412,412,0
2022-01-07 09:59:00,410,410,410,410,1000
2022-01-07 10:00:00,412,412,416,416,11000
2022-01-07 10:01:00,412,412,416,416,0
2022-01-07 10:02:00,412,400,412,400,50000
2022-01-07 10:03:00,412,400,412,400,0
2022-01-07 10:04:00,416,416,416,416,100
2022-01-07 10:05:00,416,416,416,416,0
2022-01-07 10:06:00,416,416,416,416,0
2022-01-07 10:07:00,416,416,416,416,0
2022-01-07 10:08:00,416,416,416,416,0
2022-01-07 10:09:00,416,416,416,416,0
2022-01-07 10:10:00,416,416,416,416,0
2022-01-07 10:11:00,416,416,416,416,0
2022-01-07 10:12:00,416,416,416,416,0
2022-01-07 10:13:00,416,416,416,416,0
2022-01-07 10:14:00,408,400,408,400,41500
2022-01-07 10:15:00,400,400,400,400,2000
2022-01-07 10:16:00,400,400,400,400,6500
2022-01-07 10:17:00,400,400,400,400,0
2022-01-07 10:18:00,400,400,400,400,0
2022-01-07 10:19:00,400,400,400,400,0
2022-01-07 10:20:00,400,400,400,400,0
2022-01-07 10:21:00,414,414,414,414,22000
2022-01-07 10:22:00,414,414,414,414,0
2022-01-07 10:23:00,416,416,416,416,3000
2022-01-07 10:24:00,416,416,416,416,0
2022-01-07 10:25:00,416,416,416,416,0
2022-01-07 10:26:00,416,416,416,416,0
2022-01-07 10:27:00,416,416,416,416,0
2022-01-07 10:28:00,414,414,414,414,100
2022-01-07 10:29:00,414,414,414,414,0
2022-01-07 10:30:00,414,414,414,414,0
2022-01-07 10:31:00,414,414,414,414,0
2022-01-07 10:32:00,414,414,414,414,0
2022-01-07 10:33:00,414,414,414,414,0
2022-01-07 10:34:00,402,398,402,398,40200
2022-01-07 10:35:00,396,392,398,398,122900
2022-01-07 10:36:00,398,398,398,398,2300
2022-01-07 10:37:00,398,398,398,398,0
2022-01-07 10:38:00,398,398,398,398,100
2022-01-07 10:39:00,398,398,398,398,0
2022-01-07 10:40:00,398,398,398,398,4100
2022-01-07 10:41:00,396,392,396,394,15100
2022-01-07 10:42:00,396,392,396,394,0
2022-01-07 10:43:00,394,392,394,392,38800
2022-01-07 10:44:00,392,392,392,392,5000
2022-01-07 10:45:00,392,392,392,392,0
2022-01-07 10:46:00,398,398,398,398,100
2022-01-07 10:47:00,394,394,398,398,3700
2022-01-07 10:48:00,394,394,398,398,0
2022-01-07 10:49:00,396,394,398,396,3000
2022-01-07 10:50:00,398,398,398,398,1500
2022-01-07 10:51:00,398,398,398,398,0
2022-01-07 10:52:00,398,398,398,398,0
2022-01-07 10:53:00,398,398,398,398,0
2022-01-07 10:54:00,398,398,398,398,1000
2022-01-07 10:55:00,396,396,396,396,10000
2022-01-07 10:56:00,396,396,398,398,1500
2022-01-07 10:57:00,394,394,394,394,10900
2022-01-07 10:58:00,398,398,398,398,2500
2022-01-07 10:59:00,398,398,398,398,0
2022-01-07 11:00:00,398,398,398,398,0
2022-01-07 11:01:00,398,398,398,398,0
2022-01-07 11:02:00,398,398,398,398,0
2022-01-07 11:03:00,398,398,398,398,0
2022-01-07 11:04:00,394,394,394,394,100
2022-01-07 11:05:00,394,394,394,394,0
2022-01-07 11:06:00,394,394,394,394,0
2022-01-07 11:07:00,394,394,394,394,0
2022-01-07 11:08:00,394,394,394,394,0
2022-01-07 11:09:00,394,394,394,394,0
2022-01-07 11:10:00,394,394,394,394,100
2022-01-07 11:11:00,394,394,394,394,30600
2022-01-07 11:12:00,394,394,394,394,0
2022-01-07 11:13:00,394,394,394,394,0
2022-01-07 11:14:00,394,394,394,394,0
2022-01-07 11:15:00,394,394,394,394,0
2022-01-07 11:16:00,394,394,394,394,0
2022-01-07 11:17:00,394,394,394,394,0
2022-01-07 11:18:00,394,394,394,394,0
2022-01-07 11:19:00,394,394,394,394,0
2022-01-07 11:20:00,394,394,394,394,0
2022-01-07 11:21:00,394,394,394,394,0
2022-01-07 11:22:00,394,394,394,394,0
2022-01-07 11:23:00,394,394,394,394,0
2022-01-07 11:24:00,394,394,394,394,0
2022-01-07 11:25:00,400,400,400,400,100
2022-01-07 11:26:00,400,400,400,400,0
2022-01-07 11:27:00,400,400,400,400,0
2022-01-07 11:28:00,400,400,400,400,0
2022-01-07 11:29:00,400,400,400,400,0
2022-01-07 11:30:00,400,400,400,400,0
2022-01-07 11:31:00,400,400,400,400,0
2022-01-07 11:32:00,400,400,400,400,0
2022-01-07 11:33:00,400,400,400,400,0
2022-01-07 11:34:00,400,400,400,400,0
2022-01-07 11:35:00,400,400,400,400,0
2022-01-07 11:36:00,400,400,400,400,0
2022-01-07 11:37:00,400,400,400,400,0
2022-01-07 11:38:00,400,400,400,400,0
2022-01-07 11:39:00,400,400,400,400,0
2022-01-07 11:40:00,400,400,400,400,0
2022-01-07 11:41:00,400,400,400,400,0
2022-01-07 11:42:00,400,400,400,400,0
2022-01-07 11:43:00,400,400,400,400,0
2022-01-07 11:44:00,400,400,400,400,0
2022-01-07 11:45:00,400,400,400,400,0
2022-01-07 11:46:00,400,400,400,400,0
2022-01-07 11:47:00,400,400,400,400,0
2022-01-07 11:48:00,400,400,400,400,0
2022-01-07 11:49:00,400,400,400,400,0
2022-01-07 11:50:00,400,400,400,400,0
2022-01-07 11:51:00,400,400,400,400,0
2022-01-07 11:52:00,400,400,400,400,0
2022-01-07 11:53:00,400,400,400,400,0
2022-01-07 11:54:00,400,400,400,400,0
2022-01-07 11:55:00,400,400,400,400,0
2022-01-07 11:56:00,400,400,400,400,0
2022-01-07 11:57:00,400,400,400,400,0
2022-01-07 11:58:00,400,400,400,400,0
2022-01-07 11:59:00,400,400,400,400,0
2022-01-07 12:00:00,400,400,400,400,0
2022-01-07 12:01:00,400,400,400,400,0
2022-01-07 12:02:00,400,400,400,400,0
2022-01-07 12:03:00,400,400,400,400,0
2022-01-07 12:04:00,400,400,400,400,0
2022-01-07 12:05:00,400,400,400,400,0
2022-01-07 12:06:00,400,400,400,400,0
2022-01-07 12:07:00,400,400,400,400,0
2022-01-07 12:08:00,400,400,400,400,0
2022-01-07 12:09:00,400,400,400,400,0
2022-01-07 12:10:00,400,400,400,400,0
2022-01-07 12:11:00,400,400,400,400,0
2022-01-07 12:12:00,400,400,400,400,0
2022-01-07 12:13:00,400,400,400,400,0
2022-01-07 12:14:00,400,400,400,400,0
2022-01-07 12:15:00,400,400,400,400,0
2022-01-07 12:16:00,400,400,400,400,0
2022-01-07 12:17:00,400,400,400,400,0
2022-01-07 12:18:00,400,400,400,400,0
2022-01-07 12:19:00,400,400,400,400,0
2022-01-07 12:20:00,400,400,400,400,0
2022-01-07 12:21:00,400,400,400,400,0
2022-01-07 12:22:00,400,400,400,400,0
2022-01-07 12:23:00,400,400,400,400,0
2022-01-07 12:24:00,400,400,400,400,0
2022-01-07 12:25:00,400,400,400,400,0
2022-01-07 12:26:00,400,400,400,400,0
2022-01-07 12:27:00,400,400,400,400,0
2022-01-07 12:28:00,400,400,400,400,0
2022-01-07 12:29:00,400,400,400,400,0
2022-01-07 12:30:00,400,400,400,400,0
2022-01-07 12:31:00,400,400,400,400,0
2022-01-07 12:32:00,400,400,400,400,0
2022-01-07 12:33:00,400,400,400,400,0
2022-01-07 12:34:00,400,400,400,400,0
2022-01-07 12:35:00,400,400,400,400,0
2022-01-07 12:36:00,400,400,400,400,0
2022-01-07 12:37:00,400,400,400,400,0
2022-01-07 12:38:00,400,400,400,400,0
2022-01-07 12:39:00,400,400,400,400,0
2022-01-07 12:40:00,400,400,400,400,0
2022-01-07 12:41:00,400,400,400,400,0
2022-01-07 12:42:00,400,400,400,400,0
2022-01-07 12:43:00,400,400,400,400,0
2022-01-07 12:44:00,400,400,400,400,0
2022-01-07 12:45:00,400,400,400,400,0
2022-01-07 12:46:00,400,400,400,400,0
2022-01-07 12:47:00,400,400,400,400,0
2022-01-07 12:48:00,400,400,400,400,0
2022-01-07 12:49:00,400,400,400,400,0
2022-01-07 12:50:00,400,400,400,400,0
2022-01-07 12:51:00,400,400,400,400,0
2022-01-07 12:52:00,400,400,400,400,0
2022-01-07 12:53:00,400,400,400,400,0
2022-01-07 12:54:00,400,400,400,400,0
2022-01-07 12:55:00,400,400,400,400,0
2022-01-07 12:56:00,400,400,400,400,0
2022-01-07 12:57:00,400,400,400,400,0
2022-01-07 12:58:00,400,400,400,400,0
2022-01-07 12:59:00,400,400,400,400,0
2022-01-07 13:00:00,400,400,400,400,0
2022-01-07 13:01:00,400,400,400,400,0
2022-01-07 13:02:00,400,400,400,400,0
2022-01-07 13:03:00,400,400,400,400,0
2022-01-07 13:04:00,400,400,400,400,0
2022-01-07 13:05:00,400,400,400,400,0
2022-01-07 13:06:00,400,400,400,400,0
2022-01-07 13:07:00,400,400,400,400,0
2022-01-07 13:08:00,400,400,400,400,0
2022-01-07 13:09:00,400,400,400,400,0
2022-01-07 13:10:00,400,400,400,400,0
2022-01-07 13:11:00,400,400,400,400,0
2022-01-07 13:12:00,400,400,400,400,0
2022-01-07 13:13:00,400,400,400,400,0
2022-01-07 13:14:00,400,400,400,400,0
2022-01-07 13:15:00,400,400,400,400,0
2022-01-07 13:16:00,400,400,400,400,0
2022-01-07 13:17:00,400,400,400,400,0
2022-01-07 13:18:00,400,400,400,400,0
2022-01-07 13:19:00,400,400,400,400,0
2022-01-07 13:20:00,400,400,400,400,0
2022-01-07 13:21:00,400,400,400,400,0
2022-01-07 13:22:00,400,400,400,400,0
2022-01-07 13:23:00,400,400,400,400,0
2022-01-07 13:24:00,400,400,400,400,0
2022-01-07 13:25:00,400,400,400,400,0
2022-01-07 13:26:00,400,400,400,400,0
2022-01-07 13:27:00,400,400,400,400,0
2022-01-07 13:28:00,400,400,400,400,0
2022-01-07 13:29:00,400,400,400,400,0
2022-01-07 13:30:00,400,400,400,400,5900
2022-01-07 13:31:00,400,400,400,400,0
2022-01-07 13:32:00,400,400,400,400,0
2022-01-07 13:33:00,400,400,406,406,2500
2022-01-07 13:34:00,400,400,406,406,0
2022-01-07 13:35:00,400,400,406,406,0
2022-01-07 13:36:00,404,404,404,404,100
2022-01-07 13:37:00,404,404,408,408,1500
2022-01-07 13:38:00,408,408,408,408,300
2022-01-07 13:39:00,408,408,408,408,0
2022-01-07 13:40:00,408,408,416,408,11000
2022-01-07 13:41:00,408,408,416,416,11900
2022-01-07 13:42:00,416,416,416,416,1500
2022-01-07 13:43:00,416,416,418,418,1300
2022-01-07 13:44:00,416,416,416,416,100
2022-01-07 13:45:00,416,416,416,416,0
2022-01-07 13:46:00,410,410,410,410,5800
2022-01-07 13:47:00,410,410,410,410,0
2022-01-07 13:48:00,410,410,410,410,0
2022-01-07 13:49:00,410,410,410,410,0
2022-01-07 13:50:00,410,410,410,410,600
2022-01-07 13:51:00,410,410,410,410,0
2022-01-07 13:52:00,410,410,416,416,9400
2022-01-07 13:53:00,418,418,418,418,12600
2022-01-07 13:54:00,418,418,422,422,12100
2022-01-07 13:55:00,418,418,422,422,0
2022-01-07 13:56:00,420,420,426,426,4200
2022-01-07 13:57:00,420,420,426,426,0
2022-01-07 13:58:00,420,420,426,426,0
2022-01-07 13:59:00,424,424,424,424,200
2022-01-07 14:00:00,424,424,424,424,0
2022-01-07 14:01:00,424,424,424,424,0
2022-01-07 14:02:00,424,424,424,424,0
2022-01-07 14:03:00,424,424,424,424,0
2022-01-07 14:04:00,424,424,424,424,0
2022-01-07 14:05:00,424,424,424,424,0
2022-01-07 14:06:00,424,424,424,424,0
2022-01-07 14:07:00,424,424,424,424,0
2022-01-07 14:08:00,424,424,424,424,0
2022-01-07 14:09:00,424,424,424,424,0
2022-01-07 14:10:00,424,424,424,424,0
2022-01-07 14:11:00,424,424,424,424,0
2022-01-07 14:12:00,410,410,410,410,200
2022-01-07 14:13:00,410,410,410,410,0
2022-01-07 14:14:00,410,410,410,410,0
2022-01-07 14:15:00,410,410,410,410,0
2022-01-07 14:16:00,420,420,422,422,3500
2022-01-07 14:17:00,420,420,422,422,0
2022-01-07 14:18:00,420,420,422,422,0
2022-01-07 14:19:00,420,420,422,422,0
2022-01-07 14:20:00,420,420,422,422,0
2022-01-07 14:21:00,420,420,422,422,0
2022-01-07 14:22:00,420,420,422,422,0
2022-01-07 14:23:00,420,420,422,422,0
2022-01-07 14:24:00,420,420,422,422,0
2022-01-07 14:25:00,420,420,422,422,0
2022-01-07 14:26:00,420,420,422,422,0
2022-01-07 14:27:00,420,420,422,422,0
2022-01-07 14:28:00,420,420,422,422,0
2022-01-07 14:29:00,410,410,410,410,900
2022-01-07 14:30:00,408,408,422,420,4100
2022-01-07 14:31:00,422,422,422,422,100
2022-01-07 14:32:00,422,422,422,422,0
2022-01-07 14:33:00,422,422,422,422,0
2022-01-07 14:34:00,424,424,424,424,100
2022-01-07 14:35:00,424,424,424,424,200
2022-01-07 14:36:00,424,424,424,424,0
2022-01-07 14:37:00,424,424,424,424,0
2022-01-07 14:38:00,424,424,424,424,0
2022-01-07 14:39:00,424,424,424,424,0
2022-01-07 14:40:00,424,424,424,424,0
2022-01-07 14:41:00,424,424,424,424,0
2022-01-07 14:42:00,424,424,424,424,0
2022-01-07 14:43:00,424,424,424,424,0
2022-01-07 14:44:00,424,424,424,424,0
2022-01-07 14:45:00,424,424,424,424,0
2022-01-07 14:46:00,424,424,424,424,0
2022-01-07 14:47:00,414,414,414,414,1000
2022-01-07 14:48:00,420,414,420,414,13000
2022-01-07 14:49:00,422,422,426,426,1000
2022-01-07 14:50:00,422,422,426,426,0
2022-01-07 14:51:00,422,422,426,426,0
2022-01-07 14:52:00,422,422,426,426,0
2022-01-07 14:53:00,422,422,426,426,0
2022-01-07 14:54:00,422,422,426,426,0
2022-01-07 14:55:00,422,422,426,426,0
2022-01-07 14:56:00,422,422,426,426,0
2022-01-07 14:57:00,422,422,426,426,0
2022-01-07 14:58:00,422,422,426,426,0
2022-01-07 14:59:00,422,422,426,426,0
2022-01-07 15:00:00,422,422,422,422,1300
2022-01-07 15:01:00,422,422,422,422,4100
2022-01-07 15:02:00,422,422,422,422,0
2022-01-07 15:03:00,422,422,422,422,0
2022-01-07 15:04:00,422,422,422,422,4500
2022-01-07 15:05:00,422,422,422,422,0
2022-01-07 15:06:00,422,422,422,422,0
2022-01-07 15:07:00,422,422,422,422,0
2022-01-07 15:08:00,422,422,422,422,0
2022-01-07 15:09:00,422,422,422,422,0
2022-01-07 15:10:00,422,422,422,422,0
2022-01-07 15:11:00,422,422,422,422,0
2022-01-07 15:12:00,422,422,422,422,0
2022-01-07 15:13:00,422,422,422,422,0
2022-01-07 15:14:00,422,422,422,422,0
2022-01-07 15:15:00,422,422,422,422,0
2022-01-07 15:16:00,422,422,422,422,0
2022-01-07 15:17:00,422,422,422,422,0
2022-01-07 15:18:00,422,422,422,422,0
2022-01-07 15:19:00,422,422,422,422,0
2022-01-07 15:20:00,422,422,422,422,0
2022-01-07 15:21:00,422,422,422,422,0
2022-01-07 15:22:00,422,422,422,422,0
2022-01-07 15:23:00,422,422,422,422,0
2022-01-07 15:24:00,422,422,422,422,0
2022-01-07 15:25:00,422,422,422,422,0
2022-01-07 15:26:00,422,422,422,422,0
2022-01-07 15:27:00,422,422,422,422,0
2022-01-07 15:28:00,422,422,422,422,0
2022-01-07 15:29:00,422,422,422,422,0
2022-01-07 15:30:00,422,422,422,422,0
2022-01-07 15:31:00,422,422,422,422,0
2022-01-07 15:32:00,422,422,422,422,0
2022-01-07 15:33:00,422,422,422,422,0
2022-01-07 15:34:00,422,422,422,422,0
2022-01-07 15:35:00,422,422,422,422,0
2022-01-07 15:36:00,422,422,422,422,0
2022-01-07 15:37:00,422,422,422,422,0
2022-01-07 15:38:00,422,422,422,422,0
2022-01-07 15:39:00,422,422,422,422,0
2022-01-07 15:40:00,422,422,422,422,0
2022-01-07 15:41:00,422,422,422,422,0
2022-01-07 15:42:00,422,422,422,422,0
2022-01-07 15:43:00,422,422,422,422,0
2022-01-07 15:44:00,422,422,422,422,0
2022-01-07 15:45:00,422,422,422,422,0
2022-01-07 15:46:00,422,422,422,422,0
2022-01-07 15:47:00,422,422,422,422,0
2022-01-07 15:48:00,422,422,422,422,0
2022-01-07 15:49:00,422,422,422,422,0
2022-01-07 15:50:00,422,422,422,422,0
2022-01-07 15:51:00,422,422,422,422,0
2022-01-07 15:52:00,422,422,422,422,0
2022-01-07 15:53:00,422,422,422,422,0
2022-01-07 15:54:00,422,422,422,422,0
2022-01-07 15:55:00,422,422,422,422,0
2022-01-07 15:56:00,422,422,422,422,0
2022-01-07 15:57:00,422,422,422,422,0
2022-01-07 15:58:00,422,422,422,422,0
2022-01-07 15:59:00,422,422,422,422,0
2022-01-10 09:00:00,422,422,422,422,0
2022-01-10 09:01:00,420,418,420,418,2000
2022-01-10 09:02:00,416,416,416,416,400
2022-01-10 09:03:00,416,416,416,416,0
2022-01-10 09:04:00,416,416,416,416,15600
2022-01-10 09:05:00,416,416,416,416,0
2022-01-10 09:06:00,416,416,416,416,0
2022-01-10 09:07:00,416,416,416,416,0
2022-01-10 09:08:00,416,416,416,416,0
2022-01-10 09:09:00,416,416,416,416,0
2022-01-10 09:10:00,416,416,416,416,0
2022-01-10 09:11:00,416,416,416,416,15400
2022-01-10 09:12:00,416,416,416,416,6000
2022-01-10 09:13:00,416,416,416,416,0
2022-01-10 09:14:00,416,416,416,416,13200
2022-01-10 09:15:00,416,416,416,416,0
2022-01-10 09:16:00,420,420,420,420,100
2022-01-10 09:17:00,420,420,420,420,0
2022-01-10 09:18:00,420,420,420,420,0
2022-01-10 09:19:00,420,420,420,420,0
2022-01-10 09:20:00,420,420,420,420,0
2022-01-10 09:21:00,420,420,420,420,0
2022-01-10 09:22:00,420,420,420,420,0
2022-01-10 09:23:00,420,420,420,420,0
2022-01-10 09:24:00,420,420,420,420,0
2022-01-10 09:25:00,420,420,420,420,0
2022-01-10 09:26:00,420,420,420,420,0
2022-01-10 09:27:00,420,420,420,420,0
2022-01-10 09:28:00,420,420,420,420,0
2022-01-10 09:29:00,420,420,420,420,0
2022-01-10 09:30:00,420,420,420,420,0
2022-01-10 09:31:00,420,420,420,420,0
2022-01-10 09:32:00,420,420,420,420,0
2022-01-10 09:33:00,420,420,420,420,700
2022-01-10 09:34:00,420,420,420,420,0
2022-01-10 09:35:00,420,420,420,420,0
2022-01-10 09:36:00,420,420,420,420,0
2022-01-10 09:37:00,420,420,420,420,0
2022-01-10 09:38:00,420,420,420,420,0
2022-01-10 09:39:00,420,420,420,420,0
2022-01-10 09:40:00,420,420,420,420,0
2022-01-10 09:41:00,420,420,420,420,0
2022-01-10 09:42:00,420,420,420,420,0
2022-01-10 09:43:00,420,420,420,420,0
2022-01-10 09:44:00,420,420,420,420,0
2022-01-10 09:45:00,420,420,420,420,0
2022-01-10 09:46:00,420,420,420,420,0
2022-01-10 09:47:00,420,420,420,420,0
2022-01-10 09:48:00,420,420,420,420,0
2022-01-10 09:49:00,420,420,420,420,0
2022-01-10 09:50:00,420,420,420,420,1700
2022-01-10 09:51:00,420,420,420,420,0
2022-01-10 09:52:00,420,420,420,420,0
2022-01-10 09:53:00,420,420,420,420,0
2022-01-10 09:54:00,420,420,420,420,0
2022-01-10 09:55:00,420,420,420,420,0
2022-01-10 09:56:00,420,420,420,420,0
2022-01-10 09:57:00,420,420,420,420,0
2022-01-10 09:58:00,420,420,420,420,0
2022-01-10 09:59:00,422,420,422,420,2000
2022-01-10 10:00:00,422,420,422,420,0
2022-01-10 10:01:00,420,420,420,420,11800
2022-01-10 10:02:00,420,420,420,420,0
2022-01-10 10:03:00,420,420,420,420,0
2022-01-10 10:04:00,420,420,420,420,0
2022-01-10 10:05:00,420,420,420,420,0
2022-01-10 10:06:00,420,420,420,420,0
2022-01-10 10:07:00,420,420,420,420,0
2022-01-10 10:08:00,420,420,420,420,0
2022-01-10 10:09:00,420,420,420,420,0
2022-01-10 10:10:00,418,418,418,418,300
2022-01-10 10:11:00,418,418,418,418,0
2022-01-10 10:12:00,418,418,418,418,0
2022-01-10 10:13:00,418,418,418,418,0
2022-01-10 10:14:00,418,418,418,418,0
2022-01-10 10:15:00,418,418,418,418,0
2022-01-10 10:16:00,418,418,418,418,0
2022-01-10 10:17:00,418,418,418,418,0
2022-01-10 10:18:00,418,418,418,418,0
2022-01-10 10:19:00,420,420,420,420,1600
2022-01-10 10:20:00,420,420,420,420,0
2022-01-10 10:21:00,420,420,420,420,0
2022-01-10 10:22:00,420,420,420,420,0
2022-01-10 10:23:00,418,418,418,418,400
2022-01-10 10:24:00,416,416,416,416,9600
2022-01-10 10:25:00,416,416,416,416,0
2022-01-10 10:26:00,416,416,416,416,0
2022-01-10 10:27:00,416,416,416,416,0
2022-01-10 10:28:00,416,416,416,416,0
2022-01-10 10:29:00,416,416,416,416,0
2022-01-10 10:30:00,416,416,416,416,0
2022-01-10 10:31:00,416,416,416,416,0
2022-01-10 10:32:00,416,416,416,416,0
2022-01-10 10:33:00,416,416,416,416,0
2022-01-10 10:34:00,416,416,416,416,0
2022-01-10 10:35:00,416,416,416,416,0
2022-01-10 10:36:00,416,416,416,416,0
2022-01-10 10:37:00,416,416,416,416,0
2022-01-10 10:38:00,416,416,416,416,0
2022-01-10 10:39:00,416,416,416,416,0
2022-01-10 10:40:00,416,416,416,416,0
2022-01-10 10:41:00,416,416,416,416,0
2022-01-10 10:42:00,416,416,416,416,0
2022-01-10 10:43:00,416,416,416,416,0
2022-01-10 10:44:00,416,416,416,416,0
2022-01-10 10:45:00,416,416,416,416,0
2022-01-10 10:46:00,416,416,416,416,28700
2022-01-10 10:47:00,416,416,416,416,0
2022-01-10 10:48:00,416,416,416,416,0
2022-01-10 10:49:00,416,416,416,416,0
2022-01-10 10:50:00,416,416,416,416,0
2022-01-10 10:51:00,416,416,416,416,0
2022-01-10 10:52:00,416,416,416,416,0
2022-01-10 10:53:00,416,416,416,416,0
2022-01-10 10:54:00,416,416,416,416,0
2022-01-10 10:55:00,416,416,416,416,0
2022-01-10 10:56:00,416,416,416,416,0
2022-01-10 10:57:00,416,416,416,416,0
2022-01-10 10:58:00,416,416,416,416,0
2022-01-10 10:59:00,416,416,416,416,0
2022-01-10 11:00:00,416,416,416,416,0
2022-01-10 11:01:00,416,416,416,416,0
2022-01-10 11:02:00,416,416,416,416,0
2022-01-10 11:03:00,416,416,416,416,0
2022-01-10 11:04:00,416,416,416,416,0
2022-01-10 11:05:00,416,416,416,416,0
2022-01-10 11:06:00,416,416,416,416,0
2022-01-10 11:07:00,416,416,416,416,0
2022-01-10 11:08:00,416,416,416,416,0
2022-01-10 11:09:00,424,424,426,426,30000
2022-01-10 11:10:00,424,424,426,426,0
2022-01-10 11:11:00,424,424,426,426,0
2022-01-10 11:12:00,424,424,426,426,0
2022-01-10 11:13:00,424,424,426,426,0
2022-01-10 11:14:00,424,424,426,426,0
2022-01-10 11:15:00,424,424,426,426,0
2022-01-10 11:16:00,424,424,426,426,0
2022-01-10 11:17:00,424,424,426,426,0
2022-01-10 11:18:00,416,416,416,416,200
2022-01-10 11:19:00,416,416,416,416,0
2022-01-10 11:20:00,426,426,426,426,1000
2022-01-10 11:21:00,426,426,426,426,0
2022-01-10 11:22:00,426,426,426,426,0
2022-01-10 11:23:00,426,426,426,426,0
2022-01-10 11:24:00,426,426,426,426,0
2022-01-10 11:25:00,426,426,426,426,0
2022-01-10 11:26:00,426,426,426,426,0
2022-01-10 11:27:00,426,426,426,426,0
2022-01-10 11:28:00,426,426,426,426,0
2022-01-10 11:29:00,426,426,426,426,0
2022-01-10 11:30:00,426,426,426,426,0
2022-01-10 11:31:00,426,426,426,426,0
2022-01-10 11:32:00,426,426,426,426,0
2022-01-10 11:33:00,426,426,426,426,0
2022-01-10 11:34:00,426,426,426,426,0
2022-01-10 11:35:00,426,426,426,426,0
2022-01-10 11:36:00,426,426,426,426,0
2022-01-10 11:37:00,426,426,426,426,0
2022-01-10 11:38:00,426,426,426,426,0
2022-01-10 11:39:00,426,426,426,426,0
2022-01-10 11:40:00,426,426,426,426,0
2022-01-10 11:41:00,426,426,426,426,0
2022-01-10 11:42:00,426,426,426,426,0
2022-01-10 11:43:00,426,426,426,426,0
2022-01-10 11:44:00,426,426,426,426,0
2022-01-10 11:45:00,426,426,426,426,0
2022-01-10 11:46:00,426,426,426,426,0
2022-01-10 11:47:00,426,426,426,426,0
2022-01-10 11:48:00,426,426,426,426,0
2022-01-10 11:49:00,426,426,426,426,0
2022-01-10 11:50:00,426,426,426,426,0
2022-01-10 11:51:00,426,426,426,426,0
2022-01-10 11:52:00,426,426,426,426,0
2022-01-10 11:53:00,426,426,426,426,0
2022-01-10 11:54:00,426,426,426,426,0
2022-01-10 11:55:00,426,426,426,426,0
2022-01-10 11:56:00,426,426,426,426,0
2022-01-10 11:57:00,426,426,426,426,0
2022-01-10 11:58:00,426,426,426,426,0
2022-01-10 11:59:00,426,426,426,426,0
2022-01-10 12:00:00,426,426,426,426,0
2022-01-10 12:01:00,426,426,426,426,0
2022-01-10 12:02:00,426,426,426,426,0
2022-01-10 12:03:00,426,426,426,426,0
2022-01-10 12:04:00,426,426,426,426,0
2022-01-10 12:05:00,426,426,426,426,0
2022-01-10 12:06:00,426,426,426,426,0
2022-01-10 12:07:00,426,426,426,426,0
2022-01-10 12:08:00,426,426,426,426,0
2022-01-10 12:09:00,426,426,426,426,0
2022-01-10 12:10:00,426,426,426,426,0
2022-01-10 12:11:00,426,426,426,426,0
2022-01-10 12:12:00,426,426,426,426,0
2022-01-10 12:13:00,426,426,426,426,0
2022-01-10 12:14:00,426,426,426,426,0
2022-01-10 12:15:00,426,426,426,426,0
2022-01-10 12:16:00,426,426,426,426,0
2022-01-10 12:17:00,426,426,426,426,0
2022-01-10 12:18:00,426,426,426,426,0
2022-01-10 12:19:00,426,426,426,426,0
2022-01-10 12:20:00,426,426,426,426,0
2022-01-10 12:21:00,426,426,426,426,0
2022-01-10 12:22:00,426,426,426,426,0
2022-01-10 12:23:00,426,426,426,426,0
2022-01-10 12:24:00,426,426,426,426,0
2022-01-10 12:25:00,426,426,426,426,0
2022-01-10 12:26:00,426,426,426,426,0
2022-01-10 12:27:00,426,426,426,426,0
2022-01-10 12:28:00,426,426,426,426,0
2022-01-10 12:29:00,426,426,426,426,0
2022-01-10 12:30:00,426,426,426,426,0
2022-01-10 12:31:00,426,426,426,426,0
2022-01-10 12:32:00,426,426,426,426,0
2022-01-10 12:33:00,426,426,426,426,0
2022-01-10 12:34:00,426,426,426,426,0
2022-01-10 12:35:00,426,426,426,426,0
2022-01-10 12:36:00,426,426,426,426,0
2022-01-10 12:37:00,426,426,426,426,0
2022-01-10 12:38:00,426,426,426,426,0
2022-01-10 12:39:00,426,426,426,426,0
2022-01-10 12:40:00,426,426,426,426,0
2022-01-10 12:41:00,426,426,426,426,0
2022-01-10 12:42:00,426,426,426,426,0
2022-01-10 12:43:00,426,426,426,426,0
2022-01-10 12:44:00,426,426,426,426,0
2022-01-10 12:45:00,426,426,426,426,0
2022-01-10 12:46:00,426,426,426,426,0
2022-01-10 12:47:00,426,426,426,426,0
2022-01-10 12:48:00,426,426,426,426,0
2022-01-10 12:49:00,426,426,426,426,0
2022-01-10 12:50:00,426,426,426,426,0
2022-01-10 12:51:00,426,426,426,426,0
2022-01-10 12:52:00,426,426,426,426,0
2022-01-10 12:53:00,426,426,426,426,0
2022-01-10 12:54:00,426,426,426,426,0
2022-01-10 12:55:00,426,426,426,426,0
2022-01-10 12:56:00,426,426,426,426,0
2022-01-10 12:57:00,426,426,426,426,0
2022-01-10 12:58:00,426,426,426,426,0
2022-01-10 12:59:00,426,426,426,426,0
2022-01-10 13:00:00,426,426,426,426,0
2022-01-10 13:01:00,426,426,426,426,0
2022-01-10 13:02:00,426,426,426,426,0
2022-01-10 13:03:00,426,426,426,426,0
2022-01-10 13:04:00,426,426,426,426,0
2022-01-10 13:05:00,426,426,426,426,0
2022-01-10 13:06:00,426,426,426,426,0
2022-01-10 13:07:00,426,426,426,426,0
2022-01-10 13:08:00,426,426,426,426,0
2022-01-10 13:09:00,426,426,426,426,0
2022-01-10 13:10:00,426,426,426,426,0
2022-01-10 13:11:00,426,426,426,426,0
2022-01-10 13:12:00,426,426,426,426,0
2022-01-10 13:13:00,426,426,426,426,0
2022-01-10 13:14:00,426,426,426,426,0
2022-01-10 13:15:00,426,426,426,426,0
2022-01-10 13:16:00,426,426,426,426,0
2022-01-10 13:17:00,426,426,426,426,0
2022-01-10 13:18:00,426,426,426,426,0
2022-01-10 13:19:00,426,426,426,426,0
2022-01-10 13:20:00,426,426,426,426,0
2022-01-10 13:21:00,426,426,426,426,0
2022-01-10 13:22:00,426,426,426,426,0
2022-01-10 13:23:00,426,426,426,426,0
2022-01-10 13:24:00,426,426,426,426,0
2022-01-10 13:25:00,426,426,426,426,0
2022-01-10 13:26:00,426,426,426,426,0
2022-01-10 13:27:00,426,426,426,426,0
2022-01-10 13:28:00,426,426,426,426,0
2022-01-10 13:29:00,426,426,426,426,0
2022-01-10 13:30:00,426,426,426,426,0
2022-01-10 13:31:00,426,426,426,426,0
2022-01-10 13:32:00,420,420,420,420,100
2022-01-10 13:33:00,420,420,420,420,0
2022-01-10 13:34:00,420,420,420,420,0
2022-01-10 13:35:00,420,420,420,420,0
2022-01-10 13:36:00,420,420,420,420,0
2022-01-10 13:37:00,420,420,420,420,0
2022-01-10 13:38:00,420,420,420,420,0
2022-01-10 13:39:00,420,420,420,420,0
2022-01-10 13:40:00,420,420,420,420,0
2022-01-10 13:41:00,420,420,420,420,0
2022-01-10 13:42:00,420,420,420,420,0
2022-01-10 13:43:00,420,420,420,420,0
2022-01-10 13:44:00,420,420,420,420,0
2022-01-10 13:45:00,420,420,420,420,0
2022-01-10 13:46:00,420,420,420,420,0
2022-01-10 13:47:00,420,420,420,420,0
2022-01-10 13:48:00,420,420,420,420,0
2022-01-10 13:49:00,420,420,420,420,0
2022-01-10 13:50:00,420,420,420,420,0
2022-01-10 13:51:00,420,420,420,420,0
2022-01-10 13:52:00,420,420,420,420,0
2022-01-10 13:53:00,422,422,422,422,1500
2022-01-10 13:54:00,422,422,422,422,3500
2022-01-10 13:55:00,422,422,422,422,0
2022-01-10 13:56:00,422,422,422,422,0
2022-01-10 13:57:00,422,422,422,422,0
2022-01-10 13:58:00,422,422,422,422,0
2022-01-10 13:59:00,422,422,422,422,0
2022-01-10 14:00:00,422,422,422,422,0
2022-01-10 14:01:00,422,422,422,422,0
2022-01-10 14:02:00,422,422,422,422,0
2022-01-10 14:03:00,422,422,422,422,0
2022-01-10 14:04:00,422,422,422,422,0
2022-01-10 14:05:00,422,422,422,422,0
2022-01-10 14:06:00,422,422,422,422,0
2022-01-10 14:07:00,422,422,422,422,0
2022-01-10 14:08:00,422,422,422,422,0
2022-01-10 14:09:00,422,422,422,422,0
2022-01-10 14:10:00,422,422,422,422,0
2022-01-10 14:11:00,422,422,422,422,0
2022-01-10 14:12:00,422,422,422,422,5000
2022-01-10 14:13:00,422,422,422,422,0
2022-01-10 14:14:00,422,422,422,422,0
2022-01-10 14:15:00,422,422,422,422,0
2022-01-10 14:16:00,422,422,422,422,0
2022-01-10 14:17:00,422,422,422,422,0
2022-01-10 14:18:00,422,422,422,422,0
2022-01-10 14:19:00,422,422,422,422,0
2022-01-10 14:20:00,422,422,422,422,0
2022-01-10 14:21:00,422,422,422,422,0
2022-01-10 14:22:00,422,422,422,422,0
2022-01-10 14:23:00,422,422,422,422,1100
2022-01-10 14:24:00,422,422,422,422,0
2022-01-10 14:25:00,422,422,422,422,0
2022-01-10 14:26:00,422,422,422,422,0
2022-01-10 14:27:00,422,422,422,422,0
2022-01-10 14:28:00,422,422,422,422,0
2022-01-10 14:29:00,422,422,422,422,0
2022-01-10 14:30:00,424,424,426,426,7600
2022-01-10 14:31:00,428,428,428,428,800
2022-01-10 14:32:00,428,428,428,428,0
2022-01-10 14:33:00,428,428,428,428,0
2022-01-10 14:34:00,428,428,428,428,9900
2022-01-10 14:35:00,428,428,428,428,0
2022-01-10 14:36:00,428,428,428,428,0
2022-01-10 14:37:00,420,420,420,420,400
2022-01-10 14:38:00,420,420,420,420,0
2022-01-10 14:39:00,420,420,420,420,0
2022-01-10 14:40:00,420,420,420,420,0
2022-01-10 14:41:00,420,420,420,420,0
2022-01-10 14:42:00,420,420,420,420,0
2022-01-10 14:43:00,420,420,420,420,0
2022-01-10 14:44:00,420,420,420,420,0
2022-01-10 14:45:00,420,420,420,420,0
2022-01-10 14:46:00,420,420,420,420,0
2022-01-10 14:47:00,420,420,420,420,0
2022-01-10 14:48:00,420,420,420,420,0
2022-01-10 14:49:00,424,424,424,424,100
2022-01-10 14:50:00,424,424,424,424,0
2022-01-10 14:51:00,424,424,424,424,0
2022-01-10 14:52:00,424,424,424,424,0
2022-01-10 14:53:00,424,424,424,424,0
2022-01-10 14:54:00,424,424,424,424,0
2022-01-10 14:55:00,424,424,424,424,0
2022-01-10 14:56:00,424,424,424,424,0
2022-01-10 14:57:00,424,424,424,424,0
2022-01-10 14:58:00,424,424,424,424,0
2022-01-10 14:59:00,424,424,424,424,0
2022-01-10 15:00:00,428,428,428,428,500
2022-01-10 15:01:00,428,428,428,428,3100
2022-01-10 15:02:00,428,428,428,428,0
2022-01-10 15:03:00,428,428,428,428,1000
2022-01-10 15:04:00,428,428,428,428,0
2022-01-10 15:05:00,428,428,428,428,0
2022-01-10 15:06:00,428,428,428,428,0
2022-01-10 15:07:00,428,428,428,428,0
2022-01-10 15:08:00,428,428,428,428,0
2022-01-10 15:09:00,428,428,428,428,0
2022-01-10 15:10:00,428,428,428,428,0
2022-01-10 15:11:00,428,428,428,428,0
2022-01-10 15:12:00,428,428,428,428,0
2022-01-10 15:13:00,428,428,428,428,0
2022-01-10 15:14:00,428,428,428,428,0
2022-01-10 15:15:00,428,428,428,428,0
2022-01-10 15:16:00,428,428,428,428,0
2022-01-10 15:17:00,428,428,428,428,0
2022-01-10 15:18:00,428,428,428,428,0
2022-01-10 15:19:00,428,428,428,428,0
2022-01-10 15:20:00,428,428,428,428,0
2022-01-10 15:21:00,428,428,428,428,0
2022-01-10 15:22:00,428,428,428,428,0
2022-01-10 15:23:00,428,428,428,428,0
2022-01-10 15:24:00,428,428,428,428,0
2022-01-10 15:25:00,428,428,428,428,0
2022-01-10 15:26:00,428,428,428,428,0
2022-01-10 15:27:00,428,428,428,428,0
2022-01-10 15:28:00,428,428,428,428,0
2022-01-10 15:29:00,428,428,428,428,0
2022-01-10 15:30:00,428,428,428,428,0
2022-01-10 15:31:00,428,428,428,428,0
2022-01-10 15:32:00,428,428,428,428,0
2022-01-10 15:33:00,428,428,428,428,0
2022-01-10 15:34:00,428,428,428,428,0
2022-01-10 15:35:00,428,428,428,428,0
2022-01-10 15:36:00,428,428,428,428,0
2022-01-10 15:37:00,428,428,428,428,0
2022-01-10 15:38:00,428,428,428,428,0
2022-01-10 15:39:00,428,428,428,428,0
2022-01-10 15:40:00,428,428,428,428,0
2022-01-10 15:41:00,428,428,428,428,0
2022-01-10 15:42:00,428,428,428,428,0
2022-01-10 15:43:00,428,428,428,428,0
2022-01-10 15:44:00,428,428,428,428,0
2022-01-10 15:45:00,428,428,428,428,0
2022-01-10 15:46:00,428,428,428,428,0
2022-01-10 15:47:00,428,428,428,428,0
2022-01-10 15:48:00,428,428,428,428,0
2022-01-10 15:49:00,428,428,428,428,0
2022-01-10 15:50:00,428,428,428,428,0
2022-01-10 15:51:00,428,428,428,428,0
2022-01-10 15:52:00,428,428,428,428,0
2022-01-10 15:53:00,428,428,428,428,0
2022-01-10 15:54:00,428,428,428,428,0
2022-01-10 15:55:00,428,428,428,428,0
2022-01-10 15:56:00,428,428,428,428,0
2022-01-10 15:57:00,428,428,428,428,0
2022-01-10 15:58:00,428,428,428,428,0
2022-01-10 15:59:00,428,428,428,428,0
2022-01-11 09:00:00,430,430,430,430,0
2022-01-11 09:01:00,420,420,420,420,1000
2022-01-11 09:02:00,420,420,420,420,0
2022-01-11 09:03:00,414,414,414,414,1100
2022-01-11 09:04:00,414,414,414,414,0
2022-01-11 09:05:00,414,414,414,414,0
2022-01-11 09:06:00,414,414,414,414,0
2022-01-11 09:07:00,414,414,414,414,0
2022-01-11 09:08:00,414,414,414,414,0
2022-01-11 09:09:00,414,414,414,414,0
2022-01-11 09:10:00,414,414,414,414,0
2022-01-11 09:11:00,414,414,414,414,0
2022-01-11 09:12:00,412,410,412,410,1100
2022-01-11 09:13:00,412,410,412,410,0
2022-01-11 09:14:00,410,410,410,410,2000
2022-01-11 09:15:00,410,410,410,410,0
2022-01-11 09:16:00,410,410,410,410,0
2022-01-11 09:17:00,410,410,410,410,300
2022-01-11 09:18:00,410,410,410,410,700
2022-01-11 09:19:00,410,410,410,410,0
2022-01-11 09:20:00,410,410,410,410,0
2022-01-11 09:21:00,404,404,404,404,500
2022-01-11 09:22:00,404,402,404,402,26700
2022-01-11 09:23:00,404,402,404,402,0
2022-01-11 09:24:00,402,402,402,402,100
2022-01-11 09:25:00,402,402,402,402,0
2022-01-11 09:26:00,402,402,402,402,1000
2022-01-11 09:27:00,400,400,402,402,8000
2022-01-11 09:28:00,402,402,402,402,1000
2022-01-11 09:29:00,402,402,402,402,0
2022-01-11 09:30:00,402,402,402,402,1100
2022-01-11 09:31:00,402,402,402,402,1000
2022-01-11 09:32:00,402,402,402,402,1000
2022-01-11 09:33:00,402,402,402,402,11700
2022-01-11 09:34:00,402,402,402,402,400
2022-01-11 09:35:00,402,402,402,402,0
2022-01-11 09:36:00,402,402,402,402,0
2022-01-11 09:37:00,402,402,402,402,500
2022-01-11 09:38:00,402,402,402,402,500
2022-01-11 09:39:00,402,402,402,402,2200
2022-01-11 09:40:00,400,400,400,400,33300
2022-01-11 09:41:00,400,400,400,400,0
2022-01-11 09:42:00,400,400,400,400,0
2022-01-11 09:43:00,402,402,402,402,2100
2022-01-11 09:44:00,402,402,402,402,100
2022-01-11 09:45:00,402,402,402,402,0
2022-01-11 09:46:00,400,400,402,402,56700
2022-01-11 09:47:00,400,400,402,402,0
2022-01-11 09:48:00,400,400,402,402,0
2022-01-11 09:49:00,400,400,402,402,0
2022-01-11 09:50:00,400,400,402,402,0
2022-01-11 09:51:00,400,400,402,402,0
2022-01-11 09:52:00,400,400,402,402,0
2022-01-11 09:53:00,400,400,402,402,0
2022-01-11 09:54:00,400,400,402,402,0
2022-01-11 09:55:00,400,400,402,402,0
2022-01-11 09:56:00,400,400,402,402,0
2022-01-11 09:57:00,400,400,402,402,0
2022-01-11 09:58:00,400,400,402,402,0
2022-01-11 09:59:00,402,402,402,402,200
2022-01-11 10:00:00,402,402,402,402,0
2022-01-11 10:01:00,402,402,402,402,0
2022-01-11 10:02:00,402,402,402,402,0
2022-01-11 10:03:00,402,402,402,402,0
2022-01-11 10:04:00,402,402,402,402,0
2022-01-11 10:05:00,402,402,402,402,0
2022-01-11 10:06:00,400,400,402,402,2400
2022-01-11 10:07:00,400,400,402,402,0
2022-01-11 10:08:00,400,400,402,402,0
2022-01-11 10:09:00,400,400,402,402,0
2022-01-11 10:10:00,400,400,402,402,0
2022-01-11 10:11:00,400,400,402,402,0
2022-01-11 10:12:00,400,400,402,402,0
2022-01-11 10:13:00,400,400,402,402,0
2022-01-11 10:14:00,400,400,402,402,0
2022-01-11 10:15:00,400,400,402,402,0
2022-01-11 10:16:00,400,400,402,402,0
2022-01-11 10:17:00,400,400,402,402,0
2022-01-11 10:18:00,400,400,402,402,0
2022-01-11 10:19:00,400,400,402,402,0
2022-01-11 10:20:00,408,408,408,408,500
2022-01-11 10:21:00,408,408,408,408,0
2022-01-11 10:22:00,400,400,400,400,10000
2022-01-11 10:23:00,400,400,400,400,19000
2022-01-11 10:24:00,400,400,400,400,0
2022-01-11 10:25:00,400,400,400,400,0
2022-01-11 10:26:00,400,400,400,400,0
2022-01-11 10:27:00,400,400,400,400,0
2022-01-11 10:28:00,400,400,400,400,0
2022-01-11 10:29:00,400,400,400,400,0
2022-01-11 10:30:00,400,400,400,400,0
2022-01-11 10:31:00,400,400,400,400,0
2022-01-11 10:32:00,400,400,400,400,0
2022-01-11 10:33:00,400,400,400,400,0
2022-01-11 10:34:00,400,400,400,400,0
2022-01-11 10:35:00,400,400,400,400,0
2022-01-11 10:36:00,400,400,400,400,0
2022-01-11 10:37:00,400,400,400,400,0
2022-01-11 10:38:00,402,402,402,402,200
2022-01-11 10:39:00,402,402,402,402,0
2022-01-11 10:40:00,402,402,402,402,0
2022-01-11 10:41:00,402,402,402,402,0
2022-01-11 10:42:00,402,402,402,402,0
2022-01-11 10:43:00,402,402,402,402,13900
2022-01-11 10:44:00,402,402,402,402,0
2022-01-11 10:45:00,402,402,402,402,0
2022-01-11 10:46:00,402,402,402,402,0
2022-01-11 10:47:00,402,402,402,402,0
2022-01-11 10:48:00,402,402,402,402,0
2022-01-11 10:49:00,402,402,402,402,0
2022-01-11 10:50:00,400,400,406,406,115300
2022-01-11 10:51:00,408,408,408,408,12300
2022-01-11 10:52:00,408,408,408,408,0
2022-01-11 10:53:00,408,408,408,408,0
2022-01-11 10:54:00,408,408,408,408,0
2022-01-11 10:55:00,408,408,408,408,0
2022-01-11 10:56:00,408,408,408,408,0
2022-01-11 10:57:00,408,408,408,408,0
2022-01-11 10:58:00,408,408,408,408,0
2022-01-11 10:59:00,408,408,408,408,0
2022-01-11 11:00:00,408,408,408,408,0
2022-01-11 11:01:00,408,408,408,408,0
2022-01-11 11:02:00,408,408,408,408,0
2022-01-11 11:03:00,408,408,408,408,0
2022-01-11 11:04:00,408,408,408,408,0
2022-01-11 11:05:00,408,408,408,408,0
2022-01-11 11:06:00,408,408,408,408,0
2022-01-11 11:07:00,408,408,408,408,0
2022-01-11 11:08:00,408,408,408,408,0
2022-01-11 11:09:00,408,408,408,408,0
2022-01-11 11:10:00,408,408,408,408,0
2022-01-11 11:11:00,402,402,402,402,1800
2022-01-11 11:12:00,402,402,402,402,0
2022-01-11 11:13:00,402,402,402,402,0
2022-01-11 11:14:00,402,402,402,402,0
2022-01-11 11:15:00,402,402,402,402,0
2022-01-11 11:16:00,402,402,402,402,0
2022-01-11 11:17:00,402,402,402,402,0
2022-01-11 11:18:00,402,402,402,402,0
2022-01-11 11:19:00,402,402,402,402,0
2022-01-11 11:20:00,402,402,402,402,0
2022-01-11 11:21:00,402,402,402,402,0
2022-01-11 11:22:00,402,402,402,402,0
2022-01-11 11:23:00,402,402,402,402,0
2022-01-11 11:24:00,402,402,402,402,0
2022-01-11 11:25:00,402,402,402,402,0
2022-01-11 11:26:00,402,402,402,402,0
2022-01-11 11:27:00,402,402,402,402,0
2022-01-11 11:28:00,402,402,402,402,0
2022-01-11 11:29:00,402,402,402,402,0
2022-01-11 11:30:00,402,402,402,402,0
2022-01-11 11:31:00,402,402,402,402,0
2022-01-11 11:32:00,402,402,402,402,0
2022-01-11 11:33:00,402,402,402,402,0
2022-01-11 11:34:00,402,402,402,402,0
2022-01-11 11:35:00,402,402,402,402,0
2022-01-11 11:36:00,402,402,402,402,0
2022-01-11 11:37:00,402,402,402,402,0
2022-01-11 11:38:00,402,402,402,402,0
2022-01-11 11:39:00,402,402,402,402,0
2022-01-11 11:40:00,402,402,402,402,0
2022-01-11 11:41:00,402,402,402,402,0
2022-01-11 11:42:00,402,402,402,402,0
2022-01-11 11:43:00,402,402,402,402,0
2022-01-11 11:44:00,402,402,402,402,0
2022-01-11 11:45:00,402,402,402,402,0
2022-01-11 11:46:00,402,402,402,402,0
2022-01-11 11:47:00,402,402,402,402,0
2022-01-11 11:48:00,402,402,402,402,0
2022-01-11 11:49:00,402,402,402,402,0
2022-01-11 11:50:00,402,402,402,402,0
2022-01-11 11:51:00,402,402,402,402,0
2022-01-11 11:52:00,402,402,402,402,0
2022-01-11 11:53:00,402,402,402,402,0
2022-01-11 11:54:00,402,402,402,402,0
2022-01-11 11:55:00,402,402,402,402,0
2022-01-11 11:56:00,402,402,402,402,0
2022-01-11 11:57:00,402,402,402,402,0
2022-01-11 11:58:00,402,402,402,402,0
2022-01-11 11:59:00,402,402,402,402,0
2022-01-11 12:00:00,402,402,402,402,0
2022-01-11 12:01:00,402,402,402,402,0
2022-01-11 12:02:00,402,402,402,402,0
2022-01-11 12:03:00,402,402,402,402,0
2022-01-11 12:04:00,402,402,402,402,0
2022-01-11 12:05:00,402,402,402,402,0
2022-01-11 12:06:00,402,402,402,402,0
2022-01-11 12:07:00,402,402,402,402,0
2022-01-11 12:08:00,402,402,402,402,0
2022-01-11 12:09:00,402,402,402,402,0
2022-01-11 12:10:00,402,402,402,402,0
2022-01-11 12:11:00,402,402,402,402,0
2022-01-11 12:12:00,402,402,402,402,0
2022-01-11 12:13:00,402,402,402,402,0
2022-01-11 12:14:00,402,402,402,402,0
2022-01-11 12:15:00,402,402,402,402,0
2022-01-11 12:16:00,402,402,402,402,0
2022-01-11 12:17:00,402,402,402,402,0
2022-01-11 12:18:00,402,402,402,402,0
2022-01-11 12:19:00,402,402,402,402,0
2022-01-11 12:20:00,402,402,402,402,0
2022-01-11 12:21:00,402,402,402,402,0
2022-01-11 12:22:00,402,402,402,402,0
2022-01-11 12:23:00,402,402,402,402,0
2022-01-11 12:24:00,402,402,402,402,0
2022-01-11 12:25:00,402,402,402,402,0
2022-01-11 12:26:00,402,402,402,402,0
2022-01-11 12:27:00,402,402,402,402,0
2022-01-11 12:28:00,402,402,402,402,0
2022-01-11 12:29:00,402,402,402,402,0
2022-01-11 12:30:00,402,402,402,402,0
2022-01-11 12:31:00,402,402,402,402,0
2022-01-11 12:32:00,402,402,402,402,0
2022-01-11 12:33:00,402,402,402,402,0
2022-01-11 12:34:00,402,402,402,402,0
2022-01-11 12:35:00,402,402,402,402,0
2022-01-11 12:36:00,402,402,402,402,0
2022-01-11 12:37:00,402,402,402,402,0
2022-01-11 12:38:00,402,402,402,402,0
2022-01-11 12:39:00,402,402,402,402,0
2022-01-11 12:40:00,402,402,402,402,0
2022-01-11 12:41:00,402,402,402,402,0
2022-01-11 12:42:00,402,402,402,402,0
2022-01-11 12:43:00,402,402,402,402,0
2022-01-11 12:44:00,402,402,402,402,0
2022-01-11 12:45:00,402,402,402,402,0
2022-01-11 12:46:00,402,402,402,402,0
2022-01-11 12:47:00,402,402,402,402,0
2022-01-11 12:48:00,402,402,402,402,0
2022-01-11 12:49:00,402,402,402,402,0
2022-01-11 12:50:00,402,402,402,402,0
2022-01-11 12:51:00,402,402,402,402,0
2022-01-11 12:52:00,402,402,402,402,0
2022-01-11 12:53:00,402,402,402,402,0
2022-01-11 12:54:00,402,402,402,402,0
2022-01-11 12:55:00,402,402,402,402,0
2022-01-11 12:56:00,402,402,402,402,0
2022-01-11 12:57:00,402,402,402,402,0
2022-01-11 12:58:00,402,402,402,402,0
2022-01-11 12:59:00,402,402,402,402,0
2022-01-11 13:00:00,402,402,402,402,0
2022-01-11 13:01:00,402,402,402,402,0
2022-01-11 13:02:00,402,402,402,402,0
2022-01-11 13:03:00,402,402,402,402,0
2022-01-11 13:04:00,402,402,402,402,0
2022-01-11 13:05:00,402,402,402,402,0
2022-01-11 13:06:00,402,402,402,402,0
2022-01-11 13:07:00,402,402,402,402,0
2022-01-11 13:08:00,402,402,402,402,0
2022-01-11 13:09:00,402,402,402,402,0
2022-01-11 13:10:00,402,402,402,402,0
2022-01-11 13:11:00,402,402,402,402,0
2022-01-11 13:12:00,402,402,402,402,0
2022-01-11 13:13:00,402,402,402,402,0
2022-01-11 13:14:00,402,402,402,402,0
2022-01-11 13:15:00,402,402,402,402,0
2022-01-11 13:16:00,402,402,402,402,0
2022-01-11 13:17:00,402,402,402,402,0
2022-01-11 13:18:00,402,402,402,402,0
2022-01-11 13:19:00,402,402,402,402,0
2022-01-11 13:20:00,402,402,402,402,0
2022-01-11 13:21:00,402,402,402,402,0
2022-01-11 13:22:00,402,402,402,402,0
2022-01-11 13:23:00,402,402,402,402,0
2022-01-11 13:24:00,402,402,402,402,0
2022-01-11 13:25:00,402,402,402,402,0
2022-01-11 13:26:00,402,402,402,402,0
2022-01-11 13:27:00,402,402,402,402,0
2022-01-11 13:28:00,402,402,402,402,0
2022-01-11 13:29:00,402,402,402,402,0
2022-01-11 13:30:00,402,402,402,402,0
2022-01-11 13:31:00,402,402,402,402,0
2022-01-11 13:32:00,402,402,402,402,0
2022-01-11 13:33:00,402,402,402,402,0
2022-01-11 13:34:00,402,402,402,402,5000
2022-01-11 13:35:00,404,402,404,402,10100
2022-01-11 13:36:00,404,402,404,402,0
2022-01-11 13:37:00,404,402,404,402,0
2022-01-11 13:38:00,404,402,404,402,0
2022-01-11 13:39:00,400,400,400,400,217600
2022-01-11 13:40:00,400,400,400,400,0
2022-01-11 13:41:00,400,400,400,400,0
2022-01-11 13:42:00,400,400,400,400,0
2022-01-11 13:43:00,400,400,400,400,0
2022-01-11 13:44:00,400,400,400,400,0
2022-01-11 13:45:00,400,400,400,400,0
2022-01-11 13:46:00,400,400,400,400,0
2022-01-11 13:47:00,400,400,400,400,0
2022-01-11 13:48:00,400,400,400,400,0
2022-01-11 13:49:00,400,400,400,400,0
2022-01-11 13:50:00,400,400,400,400,37800
2022-01-11 13:51:00,400,400,400,400,0
2022-01-11 13:52:00,400,400,400,400,0
2022-01-11 13:53:00,400,400,400,400,0
2022-01-11 13:54:00,400,400,400,400,0
2022-01-11 13:55:00,400,400,400,400,9100
2022-01-11 13:56:00,400,400,400,400,89400
2022-01-11 13:57:00,400,400,400,400,0
2022-01-11 13:58:00,400,400,400,400,100
2022-01-11 13:59:00,400,400,400,400,0
2022-01-11 14:00:00,400,400,400,400,0
2022-01-11 14:01:00,400,400,400,400,0
2022-01-11 14:02:00,400,400,400,400,0
2022-01-11 14:03:00,400,400,400,400,0
2022-01-11 14:04:00,400,400,400,400,0
2022-01-11 14:05:00,400,400,400,400,0
2022-01-11 14:06:00,400,400,400,400,0
2022-01-11 14:07:00,400,400,400,400,0
2022-01-11 14:08:00,400,400,400,400,0
2022-01-11 14:09:00,400,400,400,400,2700
2022-01-11 14:10:00,400,400,400,400,0
2022-01-11 14:11:00,400,400,400,400,0
2022-01-11 14:12:00,400,400,400,400,0
2022-01-11 14:13:00,400,400,400,400,16200
2022-01-11 14:14:00,400,400,400,400,0
2022-01-11 14:15:00,400,400,400,400,0
2022-01-11 14:16:00,400,400,400,400,3300
2022-01-11 14:17:00,400,400,400,400,0
2022-01-11 14:18:00,400,400,400,400,0
2022-01-11 14:19:00,400,400,400,400,0
2022-01-11 14:20:00,400,400,400,400,0
2022-01-11 14:21:00,400,400,400,400,0
2022-01-11 14:22:00,400,400,400,400,0
2022-01-11 14:23:00,400,400,400,400,0
2022-01-11 14:24:00,400,400,400,400,0
2022-01-11 14:25:00,400,400,400,400,0
2022-01-11 14:26:00,400,400,400,400,200
2022-01-11 14:27:00,400,400,400,400,0
2022-01-11 14:28:00,400,400,400,400,0
2022-01-11 14:29:00,400,400,400,400,0
2022-01-11 14:30:00,400,400,400,400,10000
2022-01-11 14:31:00,400,400,400,400,0
2022-01-11 14:32:00,400,400,400,400,0
2022-01-11 14:33:00,400,400,400,400,0
2022-01-11 14:34:00,400,400,400,400,0
2022-01-11 14:35:00,400,400,400,400,0
2022-01-11 14:36:00,400,400,400,400,0
2022-01-11 14:37:00,400,400,400,400,0
2022-01-11 14:38:00,406,406,406,406,100
2022-01-11 14:39:00,406,406,406,406,0
2022-01-11 14:40:00,406,406,406,406,0
2022-01-11 14:41:00,406,406,406,406,0
2022-01-11 14:42:00,406,406,406,406,0
2022-01-11 14:43:00,406,406,406,406,0
2022-01-11 14:44:00,406,406,406,406,100
2022-01-11 14:45:00,406,406,406,406,0
2022-01-11 14:46:00,406,406,406,406,0
2022-01-11 14:47:00,406,406,406,406,0
2022-01-11 14:48:00,406,406,406,406,0
2022-01-11 14:49:00,406,406,428,428,21400
2022-01-11 14:50:00,428,428,428,428,2000
2022-01-11 14:51:00,428,428,428,428,0
2022-01-11 14:52:00,428,428,428,428,0
2022-01-11 14:53:00,428,428,428,428,0
2022-01-11 14:54:00,428,428,428,428,0
2022-01-11 14:55:00,428,428,428,428,0
2022-01-11 14:56:00,428,428,428,428,0
2022-01-11 14:57:00,428,428,428,428,0
2022-01-11 14:58:00,428,428,428,428,0
2022-01-11 14:59:00,428,428,428,428,0
2022-01-11 15:00:00,426,426,426,426,7700
2022-01-11 15:01:00,426,426,426,426,0
2022-01-11 15:02:00,426,426,426,426,0
2022-01-11 15:03:00,426,426,426,426,0
2022-01-11 15:04:00,426,426,426,426,0
2022-01-11 15:05:00,426,426,426,426,0
2022-01-11 15:06:00,426,426,426,426,0
2022-01-11 15:07:00,426,426,426,426,0
2022-01-11 15:08:00,426,426,426,426,0
2022-01-11 15:09:00,426,426,426,426,0
2022-01-11 15:10:00,426,426,426,426,0
2022-01-11 15:11:00,426,426,426,426,0
2022-01-11 15:12:00,426,426,426,426,0
2022-01-11 15:13:00,426,426,426,426,0
2022-01-11 15:14:00,426,426,426,426,0
2022-01-11 15:15:00,426,426,426,426,0
2022-01-11 15:16:00,426,426,426,426,0
2022-01-11 15:17:00,426,426,426,426,0
2022-01-11 15:18:00,426,426,426,426,0
2022-01-11 15:19:00,426,426,426,426,0
2022-01-11 15:20:00,426,426,426,426,0
2022-01-11 15:21:00,426,426,426,426,0
2022-01-11 15:22:00,426,426,426,426,0
2022-01-11 15:23:00,426,426,426,426,0
2022-01-11 15:24:00,426,426,426,426,0
2022-01-11 15:25:00,426,426,426,426,0
2022-01-11 15:26:00,426,426,426,426,0
2022-01-11 15:27:00,426,426,426,426,0
2022-01-11 15:28:00,426,426,426,426,0
2022-01-11 15:29:00,426,426,426,426,0
2022-01-11 15:30:00,426,426,426,426,0
2022-01-11 15:31:00,426,426,426,426,0
2022-01-11 15:32:00,426,426,426,426,0
2022-01-11 15:33:00,426,426,426,426,0
2022-01-11 15:34:00,426,426,426,426,0
2022-01-11 15:35:00,426,426,426,426,0
2022-01-11 15:36:00,426,426,426,426,0
2022-01-11 15:37:00,426,426,426,426,0
2022-01-11 15:38:00,426,426,426,426,0
2022-01-11 15:39:00,426,426,426,426,0
2022-01-11 15:40:00,426,426,426,426,0
2022-01-11 15:41:00,426,426,426,426,0
2022-01-11 15:42:00,426,426,426,426,0
2022-01-11 15:43:00,426,426,426,426,0
2022-01-11 15:44:00,426,426,426,426,0
2022-01-11 15:45:00,426,426,426,426,0
2022-01-11 15:46:00,426,426,426,426,0
2022-01-11 15:47:00,426,426,426,426,0
2022-01-11 15:48:00,426,426,426,426,0
2022-01-11 15:49:00,426,426,426,426,0
2022-01-11 15:50:00,426,426,426,426,0
2022-01-11 15:51:00,426,426,426,426,0
2022-01-11 15:52:00,426,426,426,426,0
2022-01-11 15:53:00,426,426,426,426,0
2022-01-11 15:54:00,426,426,426,426,0
2022-01-11 15:55:00,426,426,426,426,0
2022-01-11 15:56:00,426,426,426,426,0
2022-01-11 15:57:00,426,426,426,426,0
2022-01-11 15:58:00,426,426,426,426,0
2022-01-11 15:59:00,426,426,426,426,0
2022-01-12 09:00:00,426,426,426,426,0
2022-01-12 09:01:00,426,426,426,426,0
2022-01-12 09:02:00,426,426,426,426,0
2022-01-12 09:03:00,426,426,426,426,0
2022-01-12 09:04:00,426,426,426,426,0
2022-01-12 09:05:00,426,426,426,426,0
2022-01-12 09:06:00,426,426,426,426,0
2022-01-12 09:07:00,426,426,426,426,0
2022-01-12 09:08:00,426,426,426,426,0
2022-01-12 09:09:00,426,426,426,426,0
2022-01-12 09:10:00,420,420,420,420,100
2022-01-12 09:11:00,420,420,420,420,0
2022-01-12 09:12:00,424,424,424,424,100
2022-01-12 09:13:00,424,424,424,424,0
2022-01-12 09:14:00,424,424,424,424,0
2022-01-12 09:15:00,404,404,404,404,1500
2022-01-12 09:16:00,404,404,404,404,0
2022-01-12 09:17:00,424,424,424,424,100
2022-01-12 09:18:00,424,424,424,424,0
2022-01-12 09:19:00,424,424,424,424,0
2022-01-12 09:20:00,424,424,424,424,0
2022-01-12 09:21:00,424,424,424,424,0
2022-01-12 09:22:00,404,404,404,404,100
2022-01-12 09:23:00,404,404,404,404,4900
2022-01-12 09:24:00,404,404,404,404,0
2022-01-12 09:25:00,404,400,404,400,9100
2022-01-12 09:26:00,398,398,398,398,1900
2022-01-12 09:27:00,398,398,398,398,0
2022-01-12 09:28:00,400,398,400,398,4500
2022-01-12 09:29:00,400,398,400,398,0
2022-01-12 09:30:00,400,398,400,398,0
2022-01-12 09:31:00,398,398,398,398,5100
2022-01-12 09:32:00,398,398,398,398,2200
2022-01-12 09:33:00,398,398,398,398,2000
2022-01-12 09:34:00,398,398,398,398,0
2022-01-12 09:35:00,398,398,398,398,2700
2022-01-12 09:36:00,398,398,398,398,0
2022-01-12 09:37:00,398,398,398,398,0
2022-01-12 09:38:00,398,398,398,398,0
2022-01-12 09:39:00,398,398,398,398,10200
2022-01-12 09:40:00,398,398,398,398,0
2022-01-12 09:41:00,398,398,398,398,0
2022-01-12 09:42:00,398,398,398,398,0
2022-01-12 09:43:00,398,398,398,398,0
2022-01-12 09:44:00,398,398,398,398,0
2022-01-12 09:45:00,398,398,398,398,31800
2022-01-12 09:46:00,398,398,398,398,500
2022-01-12 09:47:00,398,398,398,398,0
2022-01-12 09:48:00,398,398,398,398,10000
2022-01-12 09:49:00,398,398,398,398,0
2022-01-12 09:50:00,398,398,398,398,0
2022-01-12 09:51:00,402,402,402,402,1000
2022-01-12 09:52:00,402,402,402,402,0
2022-01-12 09:53:00,402,402,402,402,0
2022-01-12 09:54:00,402,402,402,402,0
2022-01-12 09:55:00,402,402,402,402,0
2022-01-12 09:56:00,402,402,402,402,0
2022-01-12 09:57:00,402,402,402,402,0
2022-01-12 09:58:00,398,398,398,398,15000
2022-01-12 09:59:00,398,398,398,398,0
2022-01-12 10:00:00,398,398,398,398,0
2022-01-12 10:01:00,398,398,398,398,0
2022-01-12 10:02:00,398,398,398,398,58900
2022-01-12 10:03:00,398,398,402,402,22000
2022-01-12 10:04:00,398,398,402,402,0
2022-01-12 10:05:00,402,402,402,402,900
2022-01-12 10:06:00,402,402,402,402,0
2022-01-12 10:07:00,412,412,412,412,100
2022-01-12 10:08:00,412,412,412,412,0
2022-01-12 10:09:00,398,398,398,398,1000
2022-01-12 10:10:00,398,398,398,398,0
2022-01-12 10:11:00,398,398,398,398,2000
2022-01-12 10:12:00,398,398,398,398,0
2022-01-12 10:13:00,398,398,398,398,0
2022-01-12 10:14:00,398,398,398,398,200
2022-01-12 10:15:00,408,408,408,408,100
2022-01-12 10:16:00,408,408,408,408,0
2022-01-12 10:17:00,408,408,408,408,0
2022-01-12 10:18:00,408,408,408,408,0
2022-01-12 10:19:00,408,408,408,408,0
2022-01-12 10:20:00,408,408,408,408,0
2022-01-12 10:21:00,408,408,408,408,0
2022-01-12 10:22:00,408,408,408,408,0
2022-01-12 10:23:00,408,408,408,408,0
2022-01-12 10:24:00,408,408,408,408,0
2022-01-12 10:25:00,408,408,408,408,0
2022-01-12 10:26:00,408,408,408,408,0
2022-01-12 10:27:00,408,408,408,408,0
2022-01-12 10:28:00,408,408,408,408,0
2022-01-12 10:29:00,408,408,408,408,0
2022-01-12 10:30:00,408,408,408,408,0
2022-01-12 10:31:00,408,408,408,408,0
2022-01-12 10:32:00,408,408,408,408,0
2022-01-12 10:33:00,408,408,408,408,0
2022-01-12 10:34:00,408,408,408,408,0
2022-01-12 10:35:00,408,408,408,408,0
2022-01-12 10:36:00,408,408,408,408,0
2022-01-12 10:37:00,408,408,408,408,0
2022-01-12 10:38:00,408,408,408,408,0
2022-01-12 10:39:00,408,408,408,408,0
2022-01-12 10:40:00,398,398,398,398,1000
2022-01-12 10:41:00,398,398,398,398,3000
2022-01-12 10:42:00,398,398,398,398,0
2022-01-12 10:43:00,398,398,398,398,0
2022-01-12 10:44:00,398,398,398,398,0
2022-01-12 10:45:00,398,398,398,398,0
2022-01-12 10:46:00,398,398,398,398,4000
2022-01-12 10:47:00,398,398,398,398,1000
2022-01-12 10:48:00,398,398,398,398,0
2022-01-12 10:49:00,398,398,398,398,10000
2022-01-12 10:50:00,398,398,398,398,0
2022-01-12 10:51:00,398,398,398,398,0
2022-01-12 10:52:00,398,398,398,398,8800
2022-01-12 10:53:00,398,398,398,398,0
2022-01-12 10:54:00,398,398,398,398,0
2022-01-12 10:55:00,398,398,398,398,0
2022-01-12 10:56:00,398,398,398,398,0
2022-01-12 10:57:00,398,398,398,398,0
2022-01-12 10:58:00,398,398,398,398,0
2022-01-12 10:59:00,398,398,398,398,6000
2022-01-12 11:00:00,398,398,398,398,2000
2022-01-12 11:01:00,398,398,398,398,0
2022-01-12 11:02:00,398,398,398,398,0
2022-01-12 11:03:00,398,398,398,398,0
2022-01-12 11:04:00,398,398,398,398,0
2022-01-12 11:05:00,398,398,398,398,0
2022-01-12 11:06:00,398,398,398,398,0
2022-01-12 11:07:00,398,398,398,398,0
2022-01-12 11:08:00,398,398,398,398,0
2022-01-12 11:09:00,398,398,398,398,0
2022-01-12 11:10:00,398,398,398,398,0
2022-01-12 11:11:00,398,398,398,398,0
2022-01-12 11:12:00,398,398,398,398,0
2022-01-12 11:13:00,398,398,398,398,0
2022-01-12 11:14:00,398,398,398,398,0
2022-01-12 11:15:00,398,398,398,398,9000
2022-01-12 11:16:00,398,398,398,398,0
2022-01-12 11:17:00,398,398,398,398,6000
2022-01-12 11:18:00,398,398,398,398,0
2022-01-12 11:19:00,398,398,398,398,0
2022-01-12 11:20:00,398,398,398,398,0
2022-01-12 11:21:00,398,398,398,398,0
2022-01-12 11:22:00,398,398,398,398,0
2022-01-12 11:23:00,398,398,398,398,0
2022-01-12 11:24:00,398,398,398,398,2500
2022-01-12 11:25:00,398,398,398,398,0
2022-01-12 11:26:00,398,398,398,398,900
2022-01-12 11:27:00,398,398,398,398,0
2022-01-12 11:28:00,398,398,398,398,2000
2022-01-12 11:29:00,398,398,398,398,0
2022-01-12 11:30:00,398,398,398,398,0
2022-01-12 11:31:00,398,398,398,398,0
2022-01-12 11:32:00,398,398,398,398,0
2022-01-12 11:33:00,398,398,398,398,0
2022-01-12 11:34:00,398,398,398,398,0
2022-01-12 11:35:00,398,398,398,398,0
2022-01-12 11:36:00,398,398,398,398,0
2022-01-12 11:37:00,398,398,398,398,0
2022-01-12 11:38:00,398,398,398,398,0
2022-01-12 11:39:00,398,398,398,398,0
2022-01-12 11:40:00,398,398,398,398,0
2022-01-12 11:41:00,398,398,398,398,0
2022-01-12 11:42:00,398,398,398,398,0
2022-01-12 11:43:00,398,398,398,398,0
2022-01-12 11:44:00,398,398,398,398,0
2022-01-12 11:45:00,398,398,398,398,0
2022-01-12 11:46:00,398,398,398,398,0
2022-01-12 11:47:00,398,398,398,398,0
2022-01-12 11:48:00,398,398,398,398,0
2022-01-12 11:49:00,398,398,398,398,0
2022-01-12 11:50:00,398,398,398,398,0
2022-01-12 11:51:00,398,398,398,398,0
2022-01-12 11:52:00,398,398,398,398,0
2022-01-12 11:53:00,398,398,398,398,0
2022-01-12 11:54:00,398,398,398,398,0
2022-01-12 11:55:00,398,398,398,398,0
2022-01-12 11:56:00,398,398,398,398,0
2022-01-12 11:57:00,398,398,398,398,0
2022-01-12 11:58:00,398,398,398,398,0
2022-01-12 11:59:00,398,398,398,398,0
2022-01-12 12:00:00,398,398,398,398,0
2022-01-12 12:01:00,398,398,398,398,0
2022-01-12 12:02:00,398,398,398,398,0
2022-01-12 12:03:00,398,398,398,398,0
2022-01-12 12:04:00,398,398,398,398,0
2022-01-12 12:05:00,398,398,398,398,0
2022-01-12 12:06:00,398,398,398,398,0
2022-01-12 12:07:00,398,398,398,398,0
2022-01-12 12:08:00,398,398,398,398,0
2022-01-12 12:09:00,398,398,398,398,0
2022-01-12 12:10:00,398,398,398,398,0
2022-01-12 12:11:00,398,398,398,398,0
2022-01-12 12:12:00,398,398,398,398,0
2022-01-12 12:13:00,398,398,398,398,0
2022-01-12 12:14:00,398,398,398,398,0
2022-01-12 12:15:00,398,398,398,398,0
2022-01-12 12:16:00,398,398,398,398,0
2022-01-12 12:17:00,398,398,398,398,0
2022-01-12 12:18:00,398,398,398,398,0
2022-01-12 12:19:00,398,398,398,398,0
2022-01-12 12:20:00,398,398,398,398,0
2022-01-12 12:21:00,398,398,398,398,0
2022-01-12 12:22:00,398,398,398,398,0
2022-01-12 12:23:00,398,398,398,398,0
2022-01-12 12:24:00,398,398,398,398,0
2022-01-12 12:25:00,398,398,398,398,0
2022-01-12 12:26:00,398,398,398,398,0
2022-01-12 12:27:00,398,398,398,398,0
2022-01-12 12:28:00,398,398,398,398,0
2022-01-12 12:29:00,398,398,398,398,0
2022-01-12 12:30:00,398,398,398,398,0
2022-01-12 12:31:00,398,398,398,398,0
2022-01-12 12:32:00,398,398,398,398,0
2022-01-12 12:33:00,398,398,398,398,0
2022-01-12 12:34:00,398,398,398,398,0
2022-01-12 12:35:00,398,398,398,398,0
2022-01-12 12:36:00,398,398,398,398,0
2022-01-12 12:37:00,398,398,398,398,0
2022-01-12 12:38:00,398,398,398,398,0
2022-01-12 12:39:00,398,398,398,398,0
2022-01-12 12:40:00,398,398,398,398,0
2022-01-12 12:41:00,398,398,398,398,0
2022-01-12 12:42:00,398,398,398,398,0
2022-01-12 12:43:00,398,398,398,398,0
2022-01-12 12:44:00,398,398,398,398,0
2022-01-12 12:45:00,398,398,398,398,0
2022-01-12 12:46:00,398,398,398,398,0
2022-01-12 12:47:00,398,398,398,398,0
2022-01-12 12:48:00,398,398,398,398,0
2022-01-12 12:49:00,398,398,398,398,0
2022-01-12 12:50:00,398,398,398,398,0
2022-01-12 12:51:00,398,398,398,398,0
2022-01-12 12:52:00,398,398,398,398,0
2022-01-12 12:53:00,398,398,398,398,0
2022-01-12 12:54:00,398,398,398,398,0
2022-01-12 12:55:00,398,398,398,398,0
2022-01-12 12:56:00,398,398,398,398,0
2022-01-12 12:57:00,398,398,398,398,0
2022-01-12 12:58:00,398,398,398,398,0
2022-01-12 12:59:00,398,398,398,398,0
2022-01-12 13:00:00,398,398,398,398,0
2022-01-12 13:01:00,398,398,398,398,0
2022-01-12 13:02:00,398,398,398,398,0
2022-01-12 13:03:00,398,398,398,398,0
2022-01-12 13:04:00,398,398,398,398,0
2022-01-12 13:05:00,398,398,398,398,0
2022-01-12 13:06:00,398,398,398,398,0
2022-01-12 13:07:00,398,398,398,398,0
2022-01-12 13:08:00,398,398,398,398,0
2022-01-12 13:09:00,398,398,398,398,0
2022-01-12 13:10:00,398,398,398,398,0
2022-01-12 13:11:00,398,398,398,398,0
2022-01-12 13:12:00,398,398,398,398,0
2022-01-12 13:13:00,398,398,398,398,0
2022-01-12 13:14:00,398,398,398,398,0
2022-01-12 13:15:00,398,398,398,398,0
2022-01-12 13:16:00,398,398,398,398,0
2022-01-12 13:17:00,398,398,398,398,0
2022-01-12 13:18:00,398,398,398,398,0
2022-01-12 13:19:00,398,398,398,398,0
2022-01-12 13:20:00,398,398,398,398,0
2022-01-12 13:21:00,398,398,398,398,0
2022-01-12 13:22:00,398,398,398,398,0
2022-01-12 13:23:00,398,398,398,398,0
2022-01-12 13:24:00,398,398,398,398,0
2022-01-12 13:25:00,398,398,398,398,0
2022-01-12 13:26:00,398,398,398,398,0
2022-01-12 13:27:00,398,398,398,398,0
2022-01-12 13:28:00,398,398,398,398,0
2022-01-12 13:29:00,398,398,398,398,0
2022-01-12 13:30:00,398,398,398,398,8900
2022-01-12 13:31:00,398,398,398,398,0
2022-01-12 13:32:00,398,398,398,398,0
2022-01-12 13:33:00,398,398,398,398,0
2022-01-12 13:34:00,398,398,398,398,0
2022-01-12 13:35:00,398,398,398,398,0
2022-01-12 13:36:00,398,398,398,398,0
2022-01-12 13:37:00,398,398,398,398,0
2022-01-12 13:38:00,398,398,398,398,0
2022-01-12 13:39:00,398,398,398,398,0
2022-01-12 13:40:00,398,398,398,398,0
2022-01-12 13:41:00,398,398,398,398,0
2022-01-12 13:42:00,398,398,398,398,0
2022-01-12 13:43:00,398,398,398,398,0
2022-01-12 13:44:00,398,398,398,398,0
2022-01-12 13:45:00,398,398,398,398,0
2022-01-12 13:46:00,398,398,398,398,0
2022-01-12 13:47:00,398,398,398,398,0
2022-01-12 13:48:00,398,398,398,398,0
2022-01-12 13:49:00,398,398,398,398,0
2022-01-12 13:50:00,398,398,398,398,0
2022-01-12 13:51:00,398,398,398,398,0
2022-01-12 13:52:00,398,398,398,398,0
2022-01-12 13:53:00,398,398,398,398,0
2022-01-12 13:54:00,398,398,398,398,2500
2022-01-12 13:55:00,398,398,398,398,0
2022-01-12 13:56:00,398,398,398,398,0
2022-01-12 13:57:00,398,398,398,398,0
2022-01-12 13:58:00,398,398,398,398,1000
2022-01-12 13:59:00,398,398,398,398,0
2022-01-12 14:00:00,398,398,398,398,0
2022-01-12 14:01:00,398,398,398,398,0
2022-01-12 14:02:00,398,398,398,398,0
2022-01-12 14:03:00,398,398,398,398,0
2022-01-12 14:04:00,398,398,398,398,0
2022-01-12 14:05:00,398,398,398,398,0
2022-01-12 14:06:00,398,398,398,398,0
2022-01-12 14:07:00,398,398,398,398,0
2022-01-12 14:08:00,398,398,398,398,0
2022-01-12 14:09:00,398,398,398,398,0
2022-01-12 14:10:00,398,398,398,398,0
2022-01-12 14:11:00,398,398,398,398,0
2022-01-12 14:12:00,398,398,398,398,0
2022-01-12 14:13:00,398,398,398,398,0
2022-01-12 14:14:00,398,398,398,398,0
2022-01-12 14:15:00,398,398,398,398,0
2022-01-12 14:16:00,398,398,398,398,0
2022-01-12 14:17:00,398,398,398,398,0
2022-01-12 14:18:00,398,398,398,398,0
2022-01-12 14:19:00,398,398,398,398,0
2022-01-12 14:20:00,398,398,398,398,0
2022-01-12 14:21:00,398,398,398,398,0
2022-01-12 14:22:00,398,398,398,398,0
2022-01-12 14:23:00,398,398,398,398,0
2022-01-12 14:24:00,398,398,398,398,0
2022-01-12 14:25:00,398,398,398,398,0
2022-01-12 14:26:00,398,398,398,398,0
2022-01-12 14:27:00,398,398,398,398,0
2022-01-12 14:28:00,398,398,398,398,0
2022-01-12 14:29:00,398,398,398,398,0
2022-01-12 14:30:00,398,398,398,398,0
2022-01-12 14:31:00,398,398,398,398,0
2022-01-12 14:32:00,398,398,398,398,100
2022-01-12 14:33:00,398,398,398,398,0
2022-01-12 14:34:00,398,398,398,398,0
2022-01-12 14:35:00,398,398,398,398,200
2022-01-12 14:36:00,398,398,398,398,0
2022-01-12 14:37:00,400,400,400,400,100
2022-01-12 14:38:00,400,400,400,400,0
2022-01-12 14:39:00,400,400,400,400,0
2022-01-12 14:40:00,400,400,400,400,0
2022-01-12 14:41:00,400,400,400,400,0
2022-01-12 14:42:00,400,400,400,400,0
2022-01-12 14:43:00,400,400,400,400,0
2022-01-12 14:44:00,400,400,400,400,0
2022-01-12 14:45:00,400,400,400,400,0
2022-01-12 14:46:00,400,400,400,400,0
2022-01-12 14:47:00,398,398,398,398,700
2022-01-12 14:48:00,398,398,398,398,0
2022-01-12 14:49:00,398,398,398,398,0
2022-01-12 14:50:00,398,398,398,398,0
2022-01-12 14:51:00,398,398,398,398,0
2022-01-12 14:52:00,398,398,398,398,0
2022-01-12 14:53:00,398,398,398,398,0
2022-01-12 14:54:00,398,398,398,398,0
2022-01-12 14:55:00,398,398,398,398,0
2022-01-12 14:56:00,398,398,398,398,0
2022-01-12 14:57:00,398,398,398,398,0
2022-01-12 14:58:00,398,398,398,398,0
2022-01-12 14:59:00,398,398,398,398,0
2022-01-12 15:00:00,398,398,398,398,400
2022-01-12 15:01:00,398,398,398,398,0
2022-01-12 15:02:00,398,398,398,398,0
2022-01-12 15:03:00,398,398,398,398,0
2022-01-12 15:04:00,398,398,398,398,0
2022-01-12 15:05:00,398,398,398,398,0
2022-01-12 15:06:00,398,398,398,398,0
2022-01-12 15:07:00,398,398,398,398,0
2022-01-12 15:08:00,398,398,398,398,200
2022-01-12 15:09:00,398,398,398,398,0
2022-01-12 15:10:00,398,398,398,398,0
2022-01-12 15:11:00,398,398,398,398,0
2022-01-12 15:12:00,398,398,398,398,0
2022-01-12 15:13:00,398,398,398,398,0
2022-01-12 15:14:00,398,398,398,398,0
2022-01-12 15:15:00,398,398,398,398,0
2022-01-12 15:16:00,398,398,398,398,0
2022-01-12 15:17:00,398,398,398,398,0
2022-01-12 15:18:00,398,398,398,398,0
2022-01-12 15:19:00,398,398,398,398,0
2022-01-12 15:20:00,398,398,398,398,0
2022-01-12 15:21:00,398,398,398,398,0
2022-01-12 15:22:00,398,398,398,398,0
2022-01-12 15:23:00,398,398,398,398,0
2022-01-12 15:24:00,398,398,398,398,0
2022-01-12 15:25:00,398,398,398,398,0
2022-01-12 15:26:00,398,398,398,398,0
2022-01-12 15:27:00,398,398,398,398,0
2022-01-12 15:28:00,398,398,398,398,0
2022-01-12 15:29:00,398,398,398,398,0
2022-01-12 15:30:00,398,398,398,398,0
2022-01-12 15:31:00,398,398,398,398,0
2022-01-12 15:32:00,398,398,398,398,0
2022-01-12 15:33:00,398,398,398,398,0
2022-01-12 15:34:00,398,398,398,398,0
2022-01-12 15:35:00,398,398,398,398,0
2022-01-12 15:36:00,398,398,398,398,0
2022-01-12 15:37:00,398,398,398,398,0
2022-01-12 15:38:00,398,398,398,398,0
2022-01-12 15:39:00,398,398,398,398,0
2022-01-12 15:40:00,398,398,398,398,0
2022-01-12 15:41:00,398,398,398,398,0
2022-01-12 15:42:00,398,398,398,398,0
2022-01-12 15:43:00,398,398,398,398,0
2022-01-12 15:44:00,398,398,398,398,0
2022-01-12 15:45:00,398,398,398,398,0
2022-01-12 15:46:00,398,398,398,398,0
2022-01-12 15:47:00,398,398,398,398,0
2022-01-12 15:48:00,398,398,398,398,0
2022-01-12 15:49:00,398,398,398,398,0
2022-01-12 15:50:00,398,398,398,398,0
2022-01-12 15:51:00,398,398,398,398,0
2022-01-12 15:52:00,398,398,398,398,0
2022-01-12 15:53:00,398,398,398,398,0
2022-01-12 15:54:00,398,398,398,398,0
2022-01-12 15:55:00,398,398,398,398,0
2022-01-12 15:56:00,398,398,398,398,0
2022-01-12 15:57:00,398,398,398,398,0
2022-01-12 15:58:00,398,398,398,398,0
2022-01-12 15:59:00,398,398,398,398,0
2022-01-13 09:00:00,398,398,398,398,0
2022-01-13 09:01:00,398,398,398,398,0
2022-01-13 09:02:00,398,398,398,398,0
2022-01-13 09:03:00,398,398,398,398,0
2022-01-13 09:04:00,398,398,398,398,0
2022-01-13 09:05:00,398,398,398,398,0
2022-01-13 09:06:00,398,398,398,398,0
2022-01-13 09:07:00,398,398,398,398,0
2022-01-13 09:08:00,398,398,398,398,0
2022-01-13 09:09:00,398,398,398,398,0
2022-01-13 09:10:00,398,398,398,398,0
2022-01-13 09:11:00,398,398,398,398,0
2022-01-13 09:12:00,398,398,398,398,0
2022-01-13 09:13:00,398,398,398,398,0
2022-01-13 09:14:00,398,398,398,398,0
2022-01-13 09:15:00,398,398,398,398,0
2022-01-13 09:16:00,398,398,398,398,0
2022-01-13 09:17:00,398,398,398,398,0
2022-01-13 09:18:00,398,398,398,398,0
2022-01-13 09:19:00,398,398,398,398,0
2022-01-13 09:20:00,398,398,398,398,0
2022-01-13 09:21:00,398,398,398,398,0
2022-01-13 09:22:00,398,398,398,398,0
2022-01-13 09:23:00,398,398,398,398,0
2022-01-13 09:24:00,398,398,398,398,0
2022-01-13 09:25:00,398,398,398,398,0
2022-01-13 09:26:00,398,398,398,398,0
2022-01-13 09:27:00,398,398,398,398,0
2022-01-13 09:28:00,398,398,398,398,0
2022-01-13 09:29:00,398,398,398,398,0
2022-01-13 09:30:00,374,374,374,374,1400
2022-01-13 09:31:00,372,372,372,372,29000
2022-01-13 09:32:00,372,372,372,372,10000
2022-01-13 09:33:00,372,372,372,372,0
2022-01-13 09:34:00,372,372,372,372,1000
2022-01-13 09:35:00,372,372,372,372,3000
2022-01-13 09:36:00,372,372,372,372,500
2022-01-13 09:37:00,372,372,372,372,500
2022-01-13 09:38:00,372,372,372,372,0
2022-01-13 09:39:00,372,372,372,372,100
2022-01-13 09:40:00,372,372,372,372,5000
2022-01-13 09:41:00,372,372,372,372,0
2022-01-13 09:42:00,372,372,372,372,0
2022-01-13 09:43:00,372,372,372,372,0
2022-01-13 09:44:00,372,372,372,372,0
2022-01-13 09:45:00,372,372,372,372,600
2022-01-13 09:46:00,372,372,372,372,100
2022-01-13 09:47:00,372,372,372,372,0
2022-01-13 09:48:00,372,372,372,372,0
2022-01-13 09:49:00,372,372,372,372,0
2022-01-13 09:50:00,372,372,372,372,0
2022-01-13 09:51:00,372,372,372,372,0
2022-01-13 09:52:00,372,372,372,372,0
2022-01-13 09:53:00,372,372,372,372,5300
2022-01-13 09:54:00,372,372,372,372,64700
2022-01-13 09:55:00,372,372,372,372,5000
2022-01-13 09:56:00,372,372,372,372,30800
2022-01-13 09:57:00,372,372,372,372,0
2022-01-13 09:58:00,372,372,372,372,111100
2022-01-13 09:59:00,372,372,372,372,19800
2022-01-13 10:00:00,372,372,372,372,0
2022-01-13 10:01:00,372,372,372,372,0
2022-01-13 10:02:00,374,374,374,374,89800
2022-01-13 10:03:00,372,372,372,372,5000
2022-01-13 10:04:00,372,372,372,372,0
2022-01-13 10:05:00,372,372,372,372,0
2022-01-13 10:06:00,372,372,372,372,0
2022-01-13 10:07:00,372,372,372,372,0
2022-01-13 10:08:00,372,372,372,372,0
2022-01-13 10:09:00,372,372,372,372,0
2022-01-13 10:10:00,372,372,372,372,0
2022-01-13 10:11:00,372,372,372,372,0
2022-01-13 10:12:00,372,372,372,372,0
2022-01-13 10:13:00,372,372,372,372,0
2022-01-13 10:14:00,372,372,372,372,0
2022-01-13 10:15:00,372,372,372,372,0
2022-01-13 10:16:00,372,372,372,372,0
2022-01-13 10:17:00,372,372,372,372,0
2022-01-13 10:18:00,372,372,372,372,0
2022-01-13 10:19:00,372,372,372,372,0
2022-01-13 10:20:00,372,372,372,372,200
2022-01-13 10:21:00,372,372,372,372,0
2022-01-13 10:22:00,372,372,372,372,0
2022-01-13 10:23:00,372,372,372,372,0
2022-01-13 10:24:00,372,372,372,372,0
2022-01-13 10:25:00,372,372,372,372,0
2022-01-13 10:26:00,372,372,372,372,0
2022-01-13 10:27:00,372,372,372,372,0
2022-01-13 10:28:00,372,372,372,372,0
2022-01-13 10:29:00,372,372,372,372,0
2022-01-13 10:30:00,372,372,372,372,7000
2022-01-13 10:31:00,372,372,372,372,0
2022-01-13 10:32:00,372,372,372,372,0
2022-01-13 10:33:00,372,372,372,372,0
2022-01-13 10:34:00,372,372,372,372,0
2022-01-13 10:35:00,372,372,372,372,0
2022-01-13 10:36:00,372,372,372,372,0
2022-01-13 10:37:00,372,372,372,372,0
2022-01-13 10:38:00,372,372,372,372,39600
2022-01-13 10:39:00,372,372,372,372,0
2022-01-13 10:40:00,372,372,372,372,0
2022-01-13 10:41:00,372,372,372,372,116400
2022-01-13 10:42:00,372,372,372,372,0
2022-01-13 10:43:00,372,372,372,372,69700
2022-01-13 10:44:00,372,372,372,372,93700
2022-01-13 10:45:00,372,372,372,372,0
2022-01-13 10:46:00,372,372,372,372,0
2022-01-13 10:47:00,372,372,372,372,0
2022-01-13 10:48:00,372,372,372,372,15000
2022-01-13 10:49:00,372,372,372,372,27000
2022-01-13 10:50:00,372,372,372,372,0
2022-01-13 10:51:00,372,372,372,372,0
2022-01-13 10:52:00,372,372,372,372,100
2022-01-13 10:53:00,372,372,372,372,0
2022-01-13 10:54:00,372,372,372,372,165800
2022-01-13 10:55:00,372,372,372,372,104800
2022-01-13 10:56:00,372,372,372,372,0
2022-01-13 10:57:00,372,372,372,372,0
2022-01-13 10:58:00,372,372,372,372,0
2022-01-13 10:59:00,372,372,372,372,0
2022-01-13 11:00:00,372,372,372,372,0
2022-01-13 11:01:00,372,372,372,372,0
2022-01-13 11:02:00,372,372,372,372,100
2022-01-13 11:03:00,372,372,372,372,0
2022-01-13 11:04:00,372,372,372,372,0
2022-01-13 11:05:00,372,372,372,372,6000
2022-01-13 11:06:00,372,372,372,372,3400
2022-01-13 11:07:00,372,372,372,372,0
2022-01-13 11:08:00,372,372,372,372,0
2022-01-13 11:09:00,372,372,372,372,100
2022-01-13 11:10:00,372,372,372,372,17900
2022-01-13 11:11:00,372,372,372,372,0
2022-01-13 11:12:00,372,372,372,372,0
2022-01-13 11:13:00,372,372,372,372,0
2022-01-13 11:14:00,372,372,372,372,2000
2022-01-13 11:15:00,372,372,372,372,0
2022-01-13 11:16:00,372,372,372,372,0
2022-01-13 11:17:00,372,372,372,372,60200
2022-01-13 11:18:00,372,372,372,372,0
2022-01-13 11:19:00,372,372,372,372,0
2022-01-13 11:20:00,372,372,372,372,64000
2022-01-13 11:21:00,372,372,372,372,0
2022-01-13 11:22:00,372,372,372,372,0
2022-01-13 11:23:00,372,372,372,372,0
2022-01-13 11:24:00,372,372,372,372,0
2022-01-13 11:25:00,372,372,372,372,0
2022-01-13 11:26:00,372,372,372,372,0
2022-01-13 11:27:00,372,372,372,372,0
2022-01-13 11:28:00,372,372,372,372,0
2022-01-13 11:29:00,372,372,372,372,0
2022-01-13 11:30:00,372,372,372,372,0
2022-01-13 11:31:00,372,372,372,372,0
2022-01-13 11:32:00,372,372,372,372,0
2022-01-13 11:33:00,372,372,372,372,0
2022-01-13 11:34:00,372,372,372,372,0
2022-01-13 11:35:00,372,372,372,372,0
2022-01-13 11:36:00,372,372,372,372,0
2022-01-13 11:37:00,372,372,372,372,0
2022-01-13 11:38:00,372,372,372,372,0
2022-01-13 11:39:00,372,372,372,372,0
2022-01-13 11:40:00,372,372,372,372,0
2022-01-13 11:41:00,372,372,372,372,0
2022-01-13 11:42:00,372,372,372,372,0
2022-01-13 11:43:00,372,372,372,372,0
2022-01-13 11:44:00,372,372,372,372,0
2022-01-13 11:45:00,372,372,372,372,0
2022-01-13 11:46:00,372,372,372,372,0
2022-01-13 11:47:00,372,372,372,372,0
2022-01-13 11:48:00,372,372,372,372,0
2022-01-13 11:49:00,372,372,372,372,0
2022-01-13 11:50:00,372,372,372,372,0
2022-01-13 11:51:00,372,372,372,372,0
2022-01-13 11:52:00,372,372,372,372,0
2022-01-13 11:53:00,372,372,372,372,0
2022-01-13 11:54:00,372,372,372,372,0
2022-01-13 11:55:00,372,372,372,372,0
2022-01-13 11:56:00,372,372,372,372,0
2022-01-13 11:57:00,372,372,372,372,0
2022-01-13 11:58:00,372,372,372,372,0
2022-01-13 11:59:00,372,372,372,372,0
2022-01-13 12:00:00,372,372,372,372,0
2022-01-13 12:01:00,372,372,372,372,0
2022-01-13 12:02:00,372,372,372,372,0
2022-01-13 12:03:00,372,372,372,372,0
2022-01-13 12:04:00,372,372,372,372,0
2022-01-13 12:05:00,372,372,372,372,0
2022-01-13 12:06:00,372,372,372,372,0
2022-01-13 12:07:00,372,372,372,372,0
2022-01-13 12:08:00,372,372,372,372,0
2022-01-13 12:09:00,372,372,372,372,0
2022-01-13 12:10:00,372,372,372,372,0
2022-01-13 12:11:00,372,372,372,372,0
2022-01-13 12:12:00,372,372,372,372,0
2022-01-13 12:13:00,372,372,372,372,0
2022-01-13 12:14:00,372,372,372,372,0
2022-01-13 12:15:00,372,372,372,372,0
2022-01-13 12:16:00,372,372,372,372,0
2022-01-13 12:17:00,372,372,372,372,0
2022-01-13 12:18:00,372,372,372,372,0
2022-01-13 12:19:00,372,372,372,372,0
2022-01-13 12:20:00,372,372,372,372,0
2022-01-13 12:21:00,372,372,372,372,0
2022-01-13 12:22:00,372,372,372,372,0
2022-01-13 12:23:00,372,372,372,372,0
2022-01-13 12:24:00,372,372,372,372,0
2022-01-13 12:25:00,372,372,372,372,0
2022-01-13 12:26:00,372,372,372,372,0
2022-01-13 12:27:00,372,372,372,372,0
2022-01-13 12:28:00,372,372,372,372,0
2022-01-13 12:29:00,372,372,372,372,0
2022-01-13 12:30:00,372,372,372,372,0
2022-01-13 12:31:00,372,372,372,372,0
2022-01-13 12:32:00,372,372,372,372,0
2022-01-13 12:33:00,372,372,372,372,0
2022-01-13 12:34:00,372,372,372,372,0
2022-01-13 12:35:00,372,372,372,372,0
2022-01-13 12:36:00,372,372,372,372,0
2022-01-13 12:37:00,372,372,372,372,0
2022-01-13 12:38:00,372,372,372,372,0
2022-01-13 12:39:00,372,372,372,372,0
2022-01-13 12:40:00,372,372,372,372,0
2022-01-13 12:41:00,372,372,372,372,0
2022-01-13 12:42:00,372,372,372,372,0
2022-01-13 12:43:00,372,372,372,372,0
2022-01-13 12:44:00,372,372,372,372,0
2022-01-13 12:45:00,372,372,372,372,0
2022-01-13 12:46:00,372,372,372,372,0
2022-01-13 12:47:00,372,372,372,372,0
2022-01-13 12:48:00,372,372,372,372,0
2022-01-13 12:49:00,372,372,372,372,0
2022-01-13 12:50:00,372,372,372,372,0
2022-01-13 12:51:00,372,372,372,372,0
2022-01-13 12:52:00,372,372,372,372,0
2022-01-13 12:53:00,372,372,372,372,0
2022-01-13 12:54:00,372,372,372,372,0
2022-01-13 12:55:00,372,372,372,372,0
2022-01-13 12:56:00,372,372,372,372,0
2022-01-13 12:57:00,372,372,372,372,0
2022-01-13 12:58:00,372,372,372,372,0
2022-01-13 12:59:00,372,372,372,372,0
2022-01-13 13:00:00,372,372,372,372,0
2022-01-13 13:01:00,372,372,372,372,0
2022-01-13 13:02:00,372,372,372,372,0
2022-01-13 13:03:00,372,372,372,372,0
2022-01-13 13:04:00,372,372,372,372,0
2022-01-13 13:05:00,372,372,372,372,0
2022-01-13 13:06:00,372,372,372,372,0
2022-01-13 13:07:00,372,372,372,372,0
2022-01-13 13:08:00,372,372,372,372,0
2022-01-13 13:09:00,372,372,372,372,0
2022-01-13 13:10:00,372,372,372,372,0
2022-01-13 13:11:00,372,372,372,372,0
2022-01-13 13:12:00,372,372,372,372,0
2022-01-13 13:13:00,372,372,372,372,0
2022-01-13 13:14:00,372,372,372,372,0
2022-01-13 13:15:00,372,372,372,372,0
2022-01-13 13:16:00,372,372,372,372,0
2022-01-13 13:17:00,372,372,372,372,0
2022-01-13 13:18:00,372,372,372,372,0
2022-01-13 13:19:00,372,372,372,372,0
2022-01-13 13:20:00,372,372,372,372,0
2022-01-13 13:21:00,372,372,372,372,0
2022-01-13 13:22:00,372,372,372,372,0
2022-01-13 13:23:00,372,372,372,372,0
2022-01-13 13:24:00,372,372,372,372,0
2022-01-13 13:25:00,372,372,372,372,0
2022-01-13 13:26:00,372,372,372,372,0
2022-01-13 13:27:00,372,372,372,372,0
2022-01-13 13:28:00,372,372,372,372,0
2022-01-13 13:29:00,372,372,372,372,0
2022-01-13 13:30:00,372,372,372,372,50400
2022-01-13 13:31:00,372,372,372,372,0
2022-01-13 13:32:00,372,372,372,372,0
2022-01-13 13:33:00,372,372,372,372,0
2022-01-13 13:34:00,372,372,372,372,0
2022-01-13 13:35:00,372,372,372,372,0
2022-01-13 13:36:00,372,372,372,372,0
2022-01-13 13:37:00,372,372,372,372,0
2022-01-13 13:38:00,372,372,372,372,0
2022-01-13 13:39:00,372,372,372,372,100
2022-01-13 13:40:00,372,372,372,372,0
2022-01-13 13:41:00,372,372,372,372,35600
2022-01-13 13:42:00,372,372,372,372,192000
2022-01-13 13:43:00,372,372,372,372,0
2022-01-13 13:44:00,372,372,372,372,0
2022-01-13 13:45:00,372,372,372,372,0
2022-01-13 13:46:00,372,372,372,372,0
2022-01-13 13:47:00,372,372,372,372,0
2022-01-13 13:48:00,372,372,372,372,0
2022-01-13 13:49:00,372,372,372,372,0
2022-01-13 13:50:00,372,372,372,372,0
2022-01-13 13:51:00,372,372,372,372,0
2022-01-13 13:52:00,372,372,372,372,0
2022-01-13 13:53:00,372,372,372,372,0
2022-01-13 13:54:00,372,372,372,372,0
2022-01-13 13:55:00,372,372,372,372,0
2022-01-13 13:56:00,372,372,372,372,0
2022-01-13 13:57:00,372,372,372,372,0
2022-01-13 13:58:00,372,372,372,372,0
2022-01-13 13:59:00,372,372,372,372,0
2022-01-13 14:00:00,372,372,372,372,0
2022-01-13 14:01:00,372,372,372,372,0
2022-01-13 14:02:00,372,372,372,372,0
2022-01-13 14:03:00,372,372,372,372,0
2022-01-13 14:04:00,372,372,372,372,0
2022-01-13 14:05:00,372,372,372,372,0
2022-01-13 14:06:00,372,372,372,372,0
2022-01-13 14:07:00,372,372,372,372,0
2022-01-13 14:08:00,372,372,372,372,0
2022-01-13 14:09:00,372,372,372,372,0
2022-01-13 14:10:00,372,372,372,372,0
2022-01-13 14:11:00,372,372,372,372,0
2022-01-13 14:12:00,372,372,372,372,0
2022-01-13 14:13:00,372,372,372,372,0
2022-01-13 14:14:00,372,372,372,372,0
2022-01-13 14:15:00,372,372,372,372,0
2022-01-13 14:16:00,372,372,372,372,0
2022-01-13 14:17:00,372,372,372,372,100
2022-01-13 14:18:00,372,372,372,372,0
2022-01-13 14:19:00,372,372,372,372,0
2022-01-13 14:20:00,372,372,372,372,0
2022-01-13 14:21:00,372,372,372,372,0
2022-01-13 14:22:00,372,372,372,372,0
2022-01-13 14:23:00,372,372,372,372,0
2022-01-13 14:24:00,372,372,372,372,0
2022-01-13 14:25:00,372,372,372,372,0
2022-01-13 14:26:00,372,372,372,372,0
2022-01-13 14:27:00,372,372,372,372,0
2022-01-13 14:28:00,372,372,372,372,0
2022-01-13 14:29:00,376,376,376,376,100
2022-01-13 14:30:00,376,376,376,376,0
2022-01-13 14:31:00,376,376,376,376,0
2022-01-13 14:32:00,376,376,376,376,0
2022-01-13 14:33:00,376,376,376,376,0
2022-01-13 14:34:00,376,376,376,376,0
2022-01-13 14:35:00,376,376,376,376,0
2022-01-13 14:36:00,376,376,376,376,0
2022-01-13 14:37:00,376,376,376,376,0
2022-01-13 14:38:00,376,376,376,376,0
2022-01-13 14:39:00,376,376,376,376,5000
2022-01-13 14:40:00,390,390,394,394,11000
2022-01-13 14:41:00,376,376,376,376,1000
2022-01-13 14:42:00,376,376,376,376,0
2022-01-13 14:43:00,376,376,376,376,0
2022-01-13 14:44:00,376,376,376,376,0
2022-01-13 14:45:00,376,376,376,376,0
2022-01-13 14:46:00,376,376,376,376,0
2022-01-13 14:47:00,376,376,376,376,0
2022-01-13 14:48:00,376,376,376,376,0
2022-01-13 14:49:00,414,414,414,414,0
2022-01-13 14:50:00,414,414,414,414,0
2022-01-13 14:51:00,414,414,414,414,0
2022-01-13 14:52:00,414,414,414,414,0
2022-01-13 14:53:00,414,414,414,414,0
2022-01-13 14:54:00,414,414,414,414,0
2022-01-13 14:55:00,414,414,414,414,0
2022-01-13 14:56:00,414,414,414,414,0
2022-01-13 14:57:00,414,414,414,414,0
2022-01-13 14:58:00,414,414,414,414,0
2022-01-13 14:59:00,414,414,414,414,0
2022-01-13 15:00:00,414,414,414,414,1689200
2022-01-13 15:01:00,414,414,414,414,5000
2022-01-13 15:02:00,414,414,414,414,0
2022-01-13 15:03:00,414,414,414,414,0
2022-01-13 15:04:00,414,414,414,414,0
2022-01-13 15:05:00,414,414,414,414,0
2022-01-13 15:06:00,414,414,414,414,0
2022-01-13 15:07:00,414,414,414,414,0
2022-01-13 15:08:00,414,414,414,414,0
2022-01-13 15:09:00,414,414,414,414,2500
2022-01-13 15:10:00,414,414,414,414,0
2022-01-13 15:11:00,414,414,414,414,0
2022-01-13 15:12:00,414,414,414,414,300
2022-01-13 15:13:00,414,414,414,414,0
2022-01-13 15:14:00,414,414,414,414,0
2022-01-13 15:15:00,414,414,414,414,0
2022-01-13 15:16:00,414,414,414,414,0
2022-01-13 15:17:00,414,414,414,414,0
2022-01-13 15:18:00,414,414,414,414,0
2022-01-13 15:19:00,414,414,414,414,0
2022-01-13 15:20:00,414,414,414,414,0
2022-01-13 15:21:00,414,414,414,414,0
2022-01-13 15:22:00,414,414,414,414,0
2022-01-13 15:23:00,414,414,414,414,0
2022-01-13 15:24:00,414,414,414,414,0
2022-01-13 15:25:00,414,414,414,414,0
2022-01-13 15:26:00,414,414,414,414,0
2022-01-13 15:27:00,414,414,414,414,0
2022-01-13 15:28:00,414,414,414,414,0
2022-01-13 15:29:00,414,414,414,414,0
2022-01-13 15:30:00,414,414,414,414,0
2022-01-13 15:31:00,414,414,414,414,0
2022-01-13 15:32:00,414,414,414,414,0
2022-01-13 15:33:00,414,414,414,414,0
2022-01-13 15:34:00,414,414,414,414,0
2022-01-13 15:35:00,414,414,414,414,0
2022-01-13 15:36:00,414,414,414,414,0
2022-01-13 15:37:00,414,414,414,414,0
2022-01-13 15:38:00,414,414,414,414,0
2022-01-13 15:39:00,414,414,414,414,0
2022-01-13 15:40:00,414,414,414,414,0
2022-01-13 15:41:00,414,414,414,414,0
2022-01-13 15:42:00,414,414,414,414,0
2022-01-13 15:43:00,414,414,414,414,0
2022-01-13 15:44:00,414,414,414,414,0
2022-01-13 15:45:00,414,414,414,414,0
2022-01-13 15:46:00,414,414,414,414,0
2022-01-13 15:47:00,414,414,414,414,0
2022-01-13 15:48:00,414,414,414,414,0
2022-01-13 15:49:00,414,414,414,414,0
2022-01-13 15:50:00,414,414,414,414,0
2022-01-13 15:51:00,414,414,414,414,0
2022-01-13 15:52:00,414,414,414,414,0
2022-01-13 15:53:00,414,414,414,414,0
2022-01-13 15:54:00,414,414,414,414,0
2022-01-13 15:55:00,414,414,414,414,0
2022-01-13 15:56:00,414,414,414,414,0
2022-01-13 15:57:00,414,414,414,414,0
2022-01-13 15:58:00,414,414,414,414,0
2022-01-13 15:59:00,414,414,414,414,0
2022-01-14 09:00:00,414,414,414,414,0
2022-01-14 09:01:00,410,400,410,400,0
2022-01-14 09:02:00,410,400,410,400,0
2022-01-14 09:03:00,410,400,410,400,0
2022-01-14 09:04:00,410,400,410,400,0
2022-01-14 09:05:00,410,400,410,400,0
2022-01-14 09:06:00,410,400,410,400,0
2022-01-14 09:07:00,410,400,410,400,0
2022-01-14 09:08:00,410,400,410,400,0
2022-01-14 09:09:00,410,400,410,400,0
2022-01-14 09:10:00,410,400,410,400,0
2022-01-14 09:11:00,410,400,410,400,0
2022-01-14 09:12:00,410,400,410,400,0
2022-01-14 09:13:00,414,414,414,414,100
2022-01-14 09:14:00,414,414,414,414,0
2022-01-14 09:15:00,414,414,414,414,0
2022-01-14 09:16:00,402,400,414,414,4500
2022-01-14 09:17:00,402,400,414,414,0
2022-01-14 09:18:00,402,400,414,414,0
2022-01-14 09:19:00,402,400,414,414,0
2022-01-14 09:20:00,402,400,414,414,0
2022-01-14 09:21:00,412,412,412,412,100
2022-01-14 09:22:00,412,412,412,412,100
2022-01-14 09:23:00,400,396,400,396,400
2022-01-14 09:24:00,394,386,394,386,59500
2022-01-14 09:25:00,394,386,394,386,0
2022-01-14 09:26:00,394,386,394,386,0
2022-01-14 09:27:00,394,386,394,386,0
2022-01-14 09:28:00,394,386,394,386,0
2022-01-14 09:29:00,388,388,388,388,400
2022-01-14 09:30:00,386,386,386,386,8200
2022-01-14 09:31:00,386,386,386,386,0
2022-01-14 09:32:00,386,386,386,386,0
2022-01-14 09:33:00,386,386,386,386,0
2022-01-14 09:34:00,386,386,386,386,3900
2022-01-14 09:35:00,386,386,386,386,0
2022-01-14 09:36:00,386,386,386,386,0
2022-01-14 09:37:00,386,386,386,386,0
2022-01-14 09:38:00,386,386,386,386,0
2022-01-14 09:39:00,390,390,390,390,300
2022-01-14 09:40:00,386,386,386,386,31000
2022-01-14 09:41:00,386,386,386,386,0
2022-01-14 09:42:00,386,386,386,386,0
2022-01-14 09:43:00,386,386,386,386,0
2022-01-14 09:44:00,386,386,386,386,12400
2022-01-14 09:45:00,386,386,386,386,0
2022-01-14 09:46:00,386,386,386,386,0
2022-01-14 09:47:00,386,386,386,386,0
2022-01-14 09:48:00,386,386,386,386,0
2022-01-14 09:49:00,386,386,386,386,0
2022-01-14 09:50:00,386,386,386,386,1100
2022-01-14 09:51:00,386,386,386,386,0
2022-01-14 09:52:00,386,386,386,386,0
2022-01-14 09:53:00,386,386,386,386,0
2022-01-14 09:54:00,386,386,392,392,6300
2022-01-14 09:55:00,386,386,392,392,0
2022-01-14 09:56:00,386,386,392,392,0
2022-01-14 09:57:00,386,386,392,392,0
2022-01-14 09:58:00,386,386,392,392,0
2022-01-14 09:59:00,386,386,392,392,0
2022-01-14 10:00:00,386,386,392,392,0
2022-01-14 10:01:00,386,386,392,392,0
2022-01-14 10:02:00,386,386,386,386,900
2022-01-14 10:03:00,386,386,386,386,0
2022-01-14 10:04:00,386,386,386,386,0
2022-01-14 10:05:00,386,386,386,386,0
2022-01-14 10:06:00,386,386,386,386,0
2022-01-14 10:07:00,386,386,386,386,0
2022-01-14 10:08:00,386,386,386,386,0
2022-01-14 10:09:00,386,386,386,386,0
2022-01-14 10:10:00,386,386,386,386,0
2022-01-14 10:11:00,386,386,386,386,0
2022-01-14 10:12:00,386,386,386,386,0
2022-01-14 10:13:00,386,386,386,386,0
2022-01-14 10:14:00,386,386,386,386,0
2022-01-14 10:15:00,386,386,386,386,0
2022-01-14 10:16:00,386,386,386,386,0
2022-01-14 10:17:00,386,386,386,386,0
2022-01-14 10:18:00,386,386,386,386,0
2022-01-14 10:19:00,386,386,386,386,0
2022-01-14 10:20:00,386,386,386,386,0
2022-01-14 10:21:00,386,386,386,386,0
2022-01-14 10:22:00,386,386,386,386,0
2022-01-14 10:23:00,386,386,386,386,0
2022-01-14 10:24:00,386,386,386,386,0
2022-01-14 10:25:00,386,386,386,386,0
2022-01-14 10:26:00,386,386,386,386,6400
2022-01-14 10:27:00,386,386,386,386,0
2022-01-14 10:28:00,386,386,386,386,0
2022-01-14 10:29:00,386,386,386,386,0
2022-01-14 10:30:00,386,386,386,386,0
2022-01-14 10:31:00,386,386,386,386,0
2022-01-14 10:32:00,386,386,386,386,0
2022-01-14 10:33:00,386,386,386,386,0
2022-01-14 10:34:00,386,386,386,386,0
2022-01-14 10:35:00,386,386,386,386,0
2022-01-14 10:36:00,386,386,386,386,100
2022-01-14 10:37:00,386,386,386,386,0
2022-01-14 10:38:00,386,386,386,386,0
2022-01-14 10:39:00,386,386,386,386,0
2022-01-14 10:40:00,386,386,386,386,0
2022-01-14 10:41:00,386,386,386,386,1500
2022-01-14 10:42:00,386,386,386,386,2900
2022-01-14 10:43:00,386,386,386,386,1100
2022-01-14 10:44:00,386,386,386,386,0
2022-01-14 10:45:00,386,386,386,386,0
2022-01-14 10:46:00,386,386,386,386,0
2022-01-14 10:47:00,386,386,386,386,1000
2022-01-14 10:48:00,386,386,386,386,2100
2022-01-14 10:49:00,386,386,386,386,0
2022-01-14 10:50:00,386,386,386,386,0
2022-01-14 10:51:00,386,386,386,386,2000
2022-01-14 10:52:00,386,386,386,386,0
2022-01-14 10:53:00,386,386,386,386,0
2022-01-14 10:54:00,386,386,386,386,0
2022-01-14 10:55:00,386,386,386,386,0
2022-01-14 10:56:00,386,386,386,386,0
2022-01-14 10:57:00,386,386,386,386,0
2022-01-14 10:58:00,386,386,386,386,0
2022-01-14 10:59:00,386,386,386,386,0
2022-01-14 11:00:00,386,386,386,386,0
2022-01-14 11:01:00,386,386,386,386,0
2022-01-14 11:02:00,386,386,386,386,0
2022-01-14 11:03:00,386,386,386,386,0
2022-01-14 11:04:00,386,386,386,386,0
2022-01-14 11:05:00,386,386,386,386,1600
2022-01-14 11:06:00,386,386,386,386,0
2022-01-14 11:07:00,386,386,386,386,0
2022-01-14 11:08:00,386,386,386,386,0
2022-01-14 11:09:00,386,386,386,386,0
2022-01-14 11:10:00,386,386,386,386,0
2022-01-14 11:11:00,386,386,386,386,0
2022-01-14 11:12:00,386,386,386,386,0
2022-01-14 11:13:00,386,386,386,386,0
2022-01-14 11:14:00,386,386,386,386,0
2022-01-14 11:15:00,386,386,386,386,0
2022-01-14 11:16:00,386,386,386,386,0
2022-01-14 11:17:00,386,386,386,386,0
2022-01-14 11:18:00,386,386,386,386,0
2022-01-14 11:19:00,386,386,386,386,0
2022-01-14 11:20:00,386,386,386,386,3000
2022-01-14 11:21:00,386,386,386,386,0
2022-01-14 11:22:00,386,386,386,386,0
2022-01-14 11:23:00,386,386,386,386,0
2022-01-14 11:24:00,386,386,386,386,0
2022-01-14 11:25:00,386,386,386,386,0
2022-01-14 11:26:00,386,386,386,386,0
2022-01-14 11:27:00,388,388,388,388,500
2022-01-14 11:28:00,388,388,388,388,0
2022-01-14 11:29:00,388,388,388,388,0
2022-01-14 11:30:00,388,388,388,388,0
2022-01-14 11:31:00,388,388,388,388,0
2022-01-14 11:32:00,388,388,388,388,0
2022-01-14 11:33:00,388,388,388,388,0
2022-01-14 11:34:00,388,388,388,388,0
2022-01-14 11:35:00,388,388,388,388,0
2022-01-14 11:36:00,388,388,388,388,0
2022-01-14 11:37:00,388,388,388,388,0
2022-01-14 11:38:00,388,388,388,388,0
2022-01-14 11:39:00,388,388,388,388,0
2022-01-14 11:40:00,388,388,388,388,0
2022-01-14 11:41:00,388,388,388,388,0
2022-01-14 11:42:00,388,388,388,388,0
2022-01-14 11:43:00,388,388,388,388,0
2022-01-14 11:44:00,388,388,388,388,0
2022-01-14 11:45:00,388,388,388,388,0
2022-01-14 11:46:00,388,388,388,388,0
2022-01-14 11:47:00,388,388,388,388,0
2022-01-14 11:48:00,388,388,388,388,0
2022-01-14 11:49:00,388,388,388,388,0
2022-01-14 11:50:00,388,388,388,388,0
2022-01-14 11:51:00,388,388,388,388,0
2022-01-14 11:52:00,388,388,388,388,0
2022-01-14 11:53:00,388,388,388,388,0
2022-01-14 11:54:00,388,388,388,388,0
2022-01-14 11:55:00,388,388,388,388,0
2022-01-14 11:56:00,388,388,388,388,0
2022-01-14 11:57:00,388,388,388,388,0
2022-01-14 11:58:00,388,388,388,388,0
2022-01-14 11:59:00,388,388,388,388,0
2022-01-14 12:00:00,388,388,388,388,0
2022-01-14 12:01:00,388,388,388,388,0
2022-01-14 12:02:00,388,388,388,388,0
2022-01-14 12:03:00,388,388,388,388,0
2022-01-14 12:04:00,388,388,388,388,0
2022-01-14 12:05:00,388,388,388,388,0
2022-01-14 12:06:00,388,388,388,388,0
2022-01-14 12:07:00,388,388,388,388,0
2022-01-14 12:08:00,388,388,388,388,0
2022-01-14 12:09:00,388,388,388,388,0
2022-01-14 12:10:00,388,388,388,388,0
2022-01-14 12:11:00,388,388,388,388,0
2022-01-14 12:12:00,388,388,388,388,0
2022-01-14 12:13:00,388,388,388,388,0
2022-01-14 12:14:00,388,388,388,388,0
2022-01-14 12:15:00,388,388,388,388,0
2022-01-14 12:16:00,388,388,388,388,0
2022-01-14 12:17:00,388,388,388,388,0
2022-01-14 12:18:00,388,388,388,388,0
2022-01-14 12:19:00,388,388,388,388,0
2022-01-14 12:20:00,388,388,388,388,0
2022-01-14 12:21:00,388,388,388,388,0
2022-01-14 12:22:00,388,388,388,388,0
2022-01-14 12:23:00,388,388,388,388,0
2022-01-14 12:24:00,388,388,388,388,0
2022-01-14 12:25:00,388,388,388,388,0
2022-01-14 12:26:00,388,388,388,388,0
2022-01-14 12:27:00,388,388,388,388,0
2022-01-14 12:28:00,388,388,388,388,0
2022-01-14 12:29:00,388,388,388,388,0
2022-01-14 12:30:00,388,388,388,388,0
2022-01-14 12:31:00,388,388,388,388,0
2022-01-14 12:32:00,388,388,388,388,0
2022-01-14 12:33:00,388,388,388,388,0
2022-01-14 12:34:00,388,388,388,388,0
2022-01-14 12:35:00,388,388,388,388,0
2022-01-14 12:36:00,388,388,388,388,0
2022-01-14 12:37:00,388,388,388,388,0
2022-01-14 12:38:00,388,388,388,388,0
2022-01-14 12:39:00,388,388,388,388,0
2022-01-14 12:40:00,388,388,388,388,0
2022-01-14 12:41:00,388,388,388,388,0
2022-01-14 12:42:00,388,388,388,388,0
2022-01-14 12:43:00,388,388,388,388,0
2022-01-14 12:44:00,388,388,388,388,0
2022-01-14 12:45:00,388,388,388,388,0
2022-01-14 12:46:00,388,388,388,388,0
2022-01-14 12:47:00,388,388,388,388,0
2022-01-14 12:48:00,388,388,388,388,0
2022-01-14 12:49:00,388,388,388,388,0
2022-01-14 12:50:00,388,388,388,388,0
2022-01-14 12:51:00,388,388,388,388,0
2022-01-14 12:52:00,388,388,388,388,0
2022-01-14 12:53:00,388,388,388,388,0
2022-01-14 12:54:00,388,388,388,388,0
2022-01-14 12:55:00,388,388,388,388,0
2022-01-14 12:56:00,388,388,388,388,0
2022-01-14 12:57:00,388,388,388,388,0
2022-01-14 12:58:00,388,388,388,388,0
2022-01-14 12:59:00,388,388,388,388,0
2022-01-14 13:00:00,388,388,388,388,0
2022-01-14 13:01:00,388,388,388,388,0
2022-01-14 13:02:00,388,388,388,388,0
2022-01-14 13:03:00,388,388,388,388,0
2022-01-14 13:04:00,388,388,388,388,0
2022-01-14 13:05:00,388,388,388,388,0
2022-01-14 13:06:00,388,388,388,388,0
2022-01-14 13:07:00,388,388,388,388,0
2022-01-14 13:08:00,388,388,388,388,0
2022-01-14 13:09:00,388,388,388,388,0
2022-01-14 13:10:00,388,388,388,388,0
2022-01-14 13:11:00,388,388,388,388,0
2022-01-14 13:12:00,388,388,388,388,0
2022-01-14 13:13:00,388,388,388,388,0
2022-01-14 13:14:00,388,388,388,388,0
2022-01-14 13:15:00,388,388,388,388,0
2022-01-14 13:16:00,388,388,388,388,0
2022-01-14 13:17:00,388,388,388,388,0
2022-01-14 13:18:00,388,388,388,388,0
2022-01-14 13:19:00,388,388,388,388,0
2022-01-14 13:20:00,388,388,388,388,0
2022-01-14 13:21:00,388,388,388,388,0
2022-01-14 13:22:00,388,388,388,388,0
2022-01-14 13:23:00,388,388,388,388,0
2022-01-14 13:24:00,388,388,388,388,0
2022-01-14 13:25:00,388,388,388,388,0
2022-01-14 13:26:00,388,388,388,388,0
2022-01-14 13:27:00,388,388,388,388,0
2022-01-14 13:28:00,388,388,388,388,0
2022-01-14 13:29:00,388,388,388,388,0
2022-01-14 13:30:00,388,388,388,388,1000
2022-01-14 13:31:00,388,388,388,388,0
2022-01-14 13:32:00,388,388,388,388,0
2022-01-14 13:33:00,388,388,388,388,0
2022-01-14 13:34:00,388,388,388,388,0
2022-01-14 13:35:00,388,388,388,388,0
2022-01-14 13:36:00,388,388,388,388,0
2022-01-14 13:37:00,388,388,388,388,0
2022-01-14 13:38:00,388,388,388,388,0
2022-01-14 13:39:00,388,388,388,388,0
2022-01-14 13:40:00,388,388,388,388,0
2022-01-14 13:41:00,388,388,388,388,0
2022-01-14 13:42:00,388,388,388,388,0
2022-01-14 13:43:00,386,386,390,390,600
2022-01-14 13:44:00,386,386,390,390,0
2022-01-14 13:45:00,386,386,390,390,0
2022-01-14 13:46:00,388,388,388,388,10000
2022-01-14 13:47:00,388,388,388,388,0
2022-01-14 13:48:00,388,388,388,388,0
2022-01-14 13:49:00,388,388,388,388,0
2022-01-14 13:50:00,388,388,388,388,0
2022-01-14 13:51:00,388,388,388,388,0
2022-01-14 13:52:00,388,388,388,388,0
2022-01-14 13:53:00,388,388,388,388,0
2022-01-14 13:54:00,388,388,388,388,0
2022-01-14 13:55:00,388,388,388,388,0
2022-01-14 13:56:00,388,388,388,388,0
2022-01-14 13:57:00,388,388,388,388,0
2022-01-14 13:58:00,388,388,388,388,0
2022-01-14 13:59:00,388,388,388,388,0
2022-01-14 14:00:00,388,388,388,388,0
2022-01-14 14:01:00,388,388,388,388,0
2022-01-14 14:02:00,388,388,388,388,0
2022-01-14 14:03:00,388,388,388,388,0
2022-01-14 14:04:00,388,388,388,388,3000
2022-01-14 14:05:00,388,388,388,388,0
2022-01-14 14:06:00,388,388,388,388,0
2022-01-14 14:07:00,386,386,386,386,2600
2022-01-14 14:08:00,386,386,386,386,0
2022-01-14 14:09:00,386,386,386,386,0
2022-01-14 14:10:00,388,388,388,388,600
2022-01-14 14:11:00,388,388,388,388,0
2022-01-14 14:12:00,388,388,388,388,0
2022-01-14 14:13:00,388,388,388,388,0
2022-01-14 14:14:00,388,388,388,388,0
2022-01-14 14:15:00,388,388,388,388,0
2022-01-14 14:16:00,388,388,388,388,0
2022-01-14 14:17:00,388,388,388,388,0
2022-01-14 14:18:00,388,388,388,388,0
2022-01-14 14:19:00,388,388,390,390,2000
2022-01-14 14:20:00,388,388,390,390,0
2022-01-14 14:21:00,388,388,390,390,0
2022-01-14 14:22:00,388,388,390,390,0
2022-01-14 14:23:00,388,388,390,390,0
2022-01-14 14:24:00,388,388,390,390,0
2022-01-14 14:25:00,388,388,390,390,0
2022-01-14 14:26:00,388,388,390,390,0
2022-01-14 14:27:00,388,388,390,390,0
2022-01-14 14:28:00,386,386,386,386,400
2022-01-14 14:29:00,386,386,386,386,0
2022-01-14 14:30:00,386,386,386,386,0
2022-01-14 14:31:00,386,386,386,386,0
2022-01-14 14:32:00,386,386,386,386,0
2022-01-14 14:33:00,386,386,386,386,0
2022-01-14 14:34:00,386,386,386,386,0
2022-01-14 14:35:00,386,386,386,386,0
2022-01-14 14:36:00,386,386,386,386,0
2022-01-14 14:37:00,386,386,386,386,0
2022-01-14 14:38:00,386,386,386,386,0
2022-01-14 14:39:00,386,386,386,386,0
2022-01-14 14:40:00,386,386,386,386,0
2022-01-14 14:41:00,386,386,386,386,0
2022-01-14 14:42:00,386,386,386,386,0
2022-01-14 14:43:00,386,386,386,386,0
2022-01-14 14:44:00,386,386,386,386,0
2022-01-14 14:45:00,386,386,386,386,0
2022-01-14 14:46:00,386,386,386,386,1100
2022-01-14 14:47:00,386,386,386,386,500
2022-01-14 14:48:00,386,386,386,386,0
2022-01-14 14:49:00,386,386,386,386,0
2022-01-14 14:50:00,386,386,386,386,0
2022-01-14 14:51:00,386,386,386,386,0
2022-01-14 14:52:00,386,386,386,386,0
2022-01-14 14:53:00,386,386,386,386,0
2022-01-14 14:54:00,386,386,386,386,0
2022-01-14 14:55:00,386,386,386,386,0
2022-01-14 14:56:00,386,386,386,386,0
2022-01-14 14:57:00,386,386,386,386,0
2022-01-14 14:58:00,386,386,386,386,0
2022-01-14 14:59:00,386,386,386,386,0
2022-01-14 15:00:00,386,386,386,386,1000
2022-01-14 15:01:00,386,386,386,386,0
2022-01-14 15:02:00,386,386,386,386,0
2022-01-14 15:03:00,386,386,386,386,2000
2022-01-14 15:04:00,386,386,386,386,0
2022-01-14 15:05:00,386,386,386,386,0
2022-01-14 15:06:00,386,386,386,386,0
2022-01-14 15:07:00,386,386,386,386,0
2022-01-14 15:08:00,386,386,386,386,0
2022-01-14 15:09:00,386,386,386,386,0
2022-01-14 15:10:00,386,386,386,386,0
2022-01-14 15:11:00,386,386,386,386,0
2022-01-14 15:12:00,386,386,386,386,0
2022-01-14 15:13:00,386,386,386,386,0
2022-01-14 15:14:00,386,386,386,386,0
2022-01-14 15:15:00,386,386,386,386,0
2022-01-14 15:16:00,386,386,386,386,0
2022-01-14 15:17:00,386,386,386,386,0
2022-01-14 15:18:00,386,386,386,386,0
2022-01-14 15:19:00,386,386,386,386,0
2022-01-14 15:20:00,386,386,386,386,0
2022-01-14 15:21:00,386,386,386,386,0
2022-01-14 15:22:00,386,386,386,386,0
2022-01-14 15:23:00,386,386,386,386,0
2022-01-14 15:24:00,386,386,386,386,0
2022-01-14 15:25:00,386,386,386,386,0
2022-01-14 15:26:00,386,386,386,386,0
2022-01-14 15:27:00,386,386,386,386,0
2022-01-14 15:28:00,386,386,386,386,0
2022-01-14 15:29:00,386,386,386,386,0
2022-01-14 15:30:00,386,386,386,386,0
2022-01-14 15:31:00,386,386,386,386,0
2022-01-14 15:32:00,386,386,386,386,0
2022-01-14 15:33:00,386,386,386,386,0
2022-01-14 15:34:00,386,386,386,386,0
2022-01-14 15:35:00,386,386,386,386,0
2022-01-14 15:36:00,386,386,386,386,0
2022-01-14 15:37:00,386,386,386,386,0
2022-01-14 15:38:00,386,386,386,386,0
2022-01-14 15:39:00,386,386,386,386,0
2022-01-14 15:40:00,386,386,386,386,0
2022-01-14 15:41:00,386,386,386,386,0
2022-01-14 15:42:00,386,386,386,386,0
2022-01-14 15:43:00,386,386,386,386,0
2022-01-14 15:44:00,386,386,386,386,0
2022-01-14 15:45:00,386,386,386,386,0
2022-01-14 15:46:00,386,386,386,386,0
2022-01-14 15:47:00,386,386,386,386,0
2022-01-14 15:48:00,386,386,386,386,0
2022-01-14 15:49:00,386,386,386,386,0
2022-01-14 15:50:00,386,386,386,386,0
2022-01-14 15:51:00,386,386,386,386,0
2022-01-14 15:52:00,386,386,386,386,0
2022-01-14 15:53:00,386,386,386,386,0
2022-01-14 15:54:00,386,386,386,386,0
2022-01-14 15:55:00,386,386,386,386,0
2022-01-14 15:56:00,386,386,386,386,0
2022-01-14 15:57:00,386,386,386,386,0
2022-01-14 15:58:00,386,386,386,386,0
2022-01-14 15:59:00,386,386,386,386,0
2022-01-17 09:00:00,398,398,398,398,0
2022-01-17 09:01:00,398,398,398,398,0
2022-01-17 09:02:00,398,398,398,398,0
2022-01-17 09:03:00,398,398,398,398,0
2022-01-17 09:04:00,398,398,398,398,0
2022-01-17 09:05:00,398,398,398,398,0
2022-01-17 09:06:00,398,398,398,398,0
2022-01-17 09:07:00,386,386,386,386,100
2022-01-17 09:08:00,386,386,386,386,0
2022-01-17 09:09:00,386,386,386,386,0
2022-01-17 09:10:00,386,386,386,386,0
2022-01-17 09:11:00,386,386,386,386,0
2022-01-17 09:12:00,386,386,386,386,0
2022-01-17 09:13:00,386,386,386,386,0
2022-01-17 09:14:00,390,390,390,390,100
2022-01-17 09:15:00,390,390,390,390,0
2022-01-17 09:16:00,390,390,390,390,0
2022-01-17 09:17:00,390,390,390,390,0
2022-01-17 09:18:00,390,390,390,390,0
2022-01-17 09:19:00,390,390,390,390,0
2022-01-17 09:20:00,370,370,390,390,600
2022-01-17 09:21:00,370,370,390,390,0
2022-01-17 09:22:00,370,370,390,390,0
2022-01-17 09:23:00,370,370,390,390,0
2022-01-17 09:24:00,370,370,390,390,0
2022-01-17 09:25:00,370,370,390,390,0
2022-01-17 09:26:00,370,370,370,370,100
2022-01-17 09:27:00,370,370,370,370,0
2022-01-17 09:28:00,370,370,370,370,0
2022-01-17 09:29:00,370,370,370,370,0
2022-01-17 09:30:00,370,370,370,370,0
2022-01-17 09:31:00,370,370,370,370,0
2022-01-17 09:32:00,370,370,370,370,0
2022-01-17 09:33:00,370,370,370,370,0
2022-01-17 09:34:00,370,370,370,370,0
2022-01-17 09:35:00,370,370,370,370,0
2022-01-17 09:36:00,370,370,370,370,0
2022-01-17 09:37:00,388,388,388,388,100
2022-01-17 09:38:00,388,388,388,388,0
2022-01-17 09:39:00,388,388,388,388,0
2022-01-17 09:40:00,388,388,388,388,0
2022-01-17 09:41:00,388,388,388,388,0
2022-01-17 09:42:00,370,370,370,370,2300
2022-01-17 09:43:00,370,370,370,370,0
2022-01-17 09:44:00,370,370,370,370,0
2022-01-17 09:45:00,370,370,370,370,100
2022-01-17 09:46:00,370,370,370,370,0
2022-01-17 09:47:00,370,370,370,370,0
2022-01-17 09:48:00,370,370,370,370,0
2022-01-17 09:49:00,370,370,370,370,1000
2022-01-17 09:50:00,370,370,370,370,0
2022-01-17 09:51:00,370,370,370,370,0
2022-01-17 09:52:00,370,370,370,370,0
2022-01-17 09:53:00,370,370,370,370,0
2022-01-17 09:54:00,370,370,370,370,1000
2022-01-17 09:55:00,370,370,370,370,0
2022-01-17 09:56:00,370,370,370,370,0
2022-01-17 09:57:00,370,370,370,370,0
2022-01-17 09:58:00,370,370,370,370,0
2022-01-17 09:59:00,370,370,370,370,0
2022-01-17 10:00:00,370,370,370,370,0
2022-01-17 10:01:00,370,370,370,370,0
2022-01-17 10:02:00,370,370,370,370,0
2022-01-17 10:03:00,370,370,370,370,0
2022-01-17 10:04:00,370,370,370,370,0
2022-01-17 10:05:00,370,370,370,370,0
2022-01-17 10:06:00,370,370,370,370,0
2022-01-17 10:07:00,370,370,370,370,0
2022-01-17 10:08:00,370,370,370,370,0
2022-01-17 10:09:00,370,370,370,370,0
2022-01-17 10:10:00,370,370,370,370,0
2022-01-17 10:11:00,370,370,370,370,0
2022-01-17 10:12:00,372,372,372,372,100
2022-01-17 10:13:00,372,372,372,372,0
2022-01-17 10:14:00,372,372,372,372,0
2022-01-17 10:15:00,372,372,372,372,0
2022-01-17 10:16:00,372,372,372,372,0
2022-01-17 10:17:00,372,372,372,372,0
2022-01-17 10:18:00,372,372,372,372,0
2022-01-17 10:19:00,372,372,372,372,0
2022-01-17 10:20:00,372,372,372,372,0
2022-01-17 10:21:00,372,372,372,372,0
2022-01-17 10:22:00,372,372,372,372,0
2022-01-17 10:23:00,372,372,372,372,0
2022-01-17 10:24:00,372,372,372,372,0
2022-01-17 10:25:00,372,372,372,372,0
2022-01-17 10:26:00,372,372,372,372,0
2022-01-17 10:27:00,372,372,372,372,0
2022-01-17 10:28:00,372,372,372,372,0
2022-01-17 10:29:00,372,372,372,372,0
2022-01-17 10:30:00,372,372,372,372,0
2022-01-17 10:31:00,372,372,372,372,0
2022-01-17 10:32:00,372,372,372,372,0
2022-01-17 10:33:00,372,372,372,372,0
2022-01-17 10:34:00,372,372,372,372,0
2022-01-17 10:35:00,372,372,372,372,0
2022-01-17 10:36:00,372,372,372,372,0
2022-01-17 10:37:00,372,372,372,372,0
2022-01-17 10:38:00,372,372,372,372,0
2022-01-17 10:39:00,372,372,372,372,0
2022-01-17 10:40:00,372,372,372,372,0
2022-01-17 10:41:00,372,372,372,372,0
2022-01-17 10:42:00,372,372,372,372,0
2022-01-17 10:43:00,372,372,372,372,0
2022-01-17 10:44:00,372,372,372,372,0
2022-01-17 10:45:00,372,372,372,372,0
2022-01-17 10:46:00,372,372,372,372,0
2022-01-17 10:47:00,372,372,372,372,0
2022-01-17 10:48:00,372,372,372,372,0
2022-01-17 10:49:00,372,372,372,372,0
2022-01-17 10:50:00,372,372,372,372,0
2022-01-17 10:51:00,372,372,372,372,0
2022-01-17 10:52:00,372,372,372,372,0
2022-01-17 10:53:00,372,372,372,372,0
2022-01-17 10:54:00,372,372,372,372,0
2022-01-17 10:55:00,372,372,372,372,0
2022-01-17 10:56:00,372,372,372,372,0
2022-01-17 10:57:00,372,372,372,372,0
2022-01-17 10:58:00,372,372,372,372,0
2022-01-17 10:59:00,372,372,372,372,500
2022-01-17 11:00:00,370,370,370,370,1500
2022-01-17 11:01:00,370,370,370,370,0
2022-01-17 11:02:00,372,372,372,372,300
2022-01-17 11:03:00,372,372,372,372,0
2022-01-17 11:04:00,372,372,372,372,200
2022-01-17 11:05:00,372,372,372,372,0
2022-01-17 11:06:00,372,372,372,372,0
2022-01-17 11:07:00,372,372,372,372,0
2022-01-17 11:08:00,372,372,372,372,0
2022-01-17 11:09:00,372,372,372,372,0
2022-01-17 11:10:00,372,372,372,372,0
2022-01-17 11:11:00,372,372,372,372,0
2022-01-17 11:12:00,372,372,372,372,0
2022-01-17 11:13:00,372,372,372,372,0
2022-01-17 11:14:00,372,372,372,372,0
2022-01-17 11:15:00,372,372,372,372,0
2022-01-17 11:16:00,372,372,372,372,0
2022-01-17 11:17:00,372,372,372,372,0
2022-01-17 11:18:00,372,372,372,372,0
2022-01-17 11:19:00,372,372,372,372,0
2022-01-17 11:20:00,372,372,372,372,0
2022-01-17 11:21:00,372,372,372,372,0
2022-01-17 11:22:00,372,372,372,372,0
2022-01-17 11:23:00,372,372,372,372,0
2022-01-17 11:24:00,372,372,372,372,0
2022-01-17 11:25:00,372,372,372,372,0
2022-01-17 11:26:00,372,372,372,372,0
2022-01-17 11:27:00,372,372,372,372,0
2022-01-17 11:28:00,370,370,370,370,1500
2022-01-17 11:29:00,370,370,370,370,0
2022-01-17 11:30:00,370,370,370,370,0
2022-01-17 11:31:00,370,370,370,370,0
2022-01-17 11:32:00,370,370,370,370,0
2022-01-17 11:33:00,370,370,370,370,0
2022-01-17 11:34:00,370,370,370,370,0
2022-01-17 11:35:00,370,370,370,370,0
2022-01-17 11:36:00,370,370,370,370,0
2022-01-17 11:37:00,370,370,370,370,0
2022-01-17 11:38:00,370,370,370,370,0
2022-01-17 11:39:00,370,370,370,370,0
2022-01-17 11:40:00,370,370,370,370,0
2022-01-17 11:41:00,370,370,370,370,0
2022-01-17 11:42:00,370,370,370,370,0
2022-01-17 11:43:00,370,370,370,370,0
2022-01-17 11:44:00,370,370,370,370,0
2022-01-17 11:45:00,370,370,370,370,0
2022-01-17 11:46:00,370,370,370,370,0
2022-01-17 11:47:00,370,370,370,370,0
2022-01-17 11:48:00,370,370,370,370,0
2022-01-17 11:49:00,370,370,370,370,0
2022-01-17 11:50:00,370,370,370,370,0
2022-01-17 11:51:00,370,370,370,370,0
2022-01-17 11:52:00,370,370,370,370,0
2022-01-17 11:53:00,370,370,370,370,0
2022-01-17 11:54:00,370,370,370,370,0
2022-01-17 11:55:00,370,370,370,370,0
2022-01-17 11:56:00,370,370,370,370,0
2022-01-17 11:57:00,370,370,370,370,0
2022-01-17 11:58:00,370,370,370,370,0
2022-01-17 11:59:00,370,370,370,370,0
2022-01-17 12:00:00,370,370,370,370,0
2022-01-17 12:01:00,370,370,370,370,0
2022-01-17 12:02:00,370,370,370,370,0
2022-01-17 12:03:00,370,370,370,370,0
2022-01-17 12:04:00,370,370,370,370,0
2022-01-17 12:05:00,370,370,370,370,0
2022-01-17 12:06:00,370,370,370,370,0
2022-01-17 12:07:00,370,370,370,370,0
2022-01-17 12:08:00,370,370,370,370,0
2022-01-17 12:09:00,370,370,370,370,0
2022-01-17 12:10:00,370,370,370,370,0
2022-01-17 12:11:00,370,370,370,370,0
2022-01-17 12:12:00,370,370,370,370,0
2022-01-17 12:13:00,370,370,370,370,0
2022-01-17 12:14:00,370,370,370,370,0
2022-01-17 12:15:00,370,370,370,370,0
2022-01-17 12:16:00,370,370,370,370,0
2022-01-17 12:17:00,370,370,370,370,0
2022-01-17 12:18:00,370,370,370,370,0
2022-01-17 12:19:00,370,370,370,370,0
2022-01-17 12:20:00,370,370,370,370,0
2022-01-17 12:21:00,370,370,370,370,0
2022-01-17 12:22:00,370,370,370,370,0
2022-01-17 12:23:00,370,370,370,370,0
2022-01-17 12:24:00,370,370,370,370,0
2022-01-17 12:25:00,370,370,370,370,0
2022-01-17 12:26:00,370,370,370,370,0
2022-01-17 12:27:00,370,370,370,370,0
2022-01-17 12:28:00,370,370,370,370,0
2022-01-17 12:29:00,370,370,370,370,0
2022-01-17 12:30:00,370,370,370,370,0
2022-01-17 12:31:00,370,370,370,370,0
2022-01-17 12:32:00,370,370,370,370,0
2022-01-17 12:33:00,370,370,370,370,0
2022-01-17 12:34:00,370,370,370,370,0
2022-01-17 12:35:00,370,370,370,370,0
2022-01-17 12:36:00,370,370,370,370,0
2022-01-17 12:37:00,370,370,370,370,0
2022-01-17 12:38:00,370,370,370,370,0
2022-01-17 12:39:00,370,370,370,370,0
2022-01-17 12:40:00,370,370,370,370,0
2022-01-17 12:41:00,370,370,370,370,0
2022-01-17 12:42:00,370,370,370,370,0
2022-01-17 12:43:00,370,370,370,370,0
2022-01-17 12:44:00,370,370,370,370,0
2022-01-17 12:45:00,370,370,370,370,0
2022-01-17 12:46:00,370,370,370,370,0
2022-01-17 12:47:00,370,370,370,370,0
2022-01-17 12:48:00,370,370,370,370,0
2022-01-17 12:49:00,370,370,370,370,0
2022-01-17 12:50:00,370,370,370,370,0
2022-01-17 12:51:00,370,370,370,370,0
2022-01-17 12:52:00,370,370,370,370,0
2022-01-17 12:53:00,370,370,370,370,0
2022-01-17 12:54:00,370,370,370,370,0
2022-01-17 12:55:00,370,370,370,370,0
2022-01-17 12:56:00,370,370,370,370,0
2022-01-17 12:57:00,370,370,370,370,0
2022-01-17 12:58:00,370,370,370,370,0
2022-01-17 12:59:00,370,370,370,370,0
2022-01-17 13:00:00,370,370,370,370,0
2022-01-17 13:01:00,370,370,370,370,0
2022-01-17 13:02:00,370,370,370,370,0
2022-01-17 13:03:00,370,370,370,370,0
2022-01-17 13:04:00,370,370,370,370,0
2022-01-17 13:05:00,370,370,370,370,0
2022-01-17 13:06:00,370,370,370,370,0
2022-01-17 13:07:00,370,370,370,370,0
2022-01-17 13:08:00,370,370,370,370,0
2022-01-17 13:09:00,370,370,370,370,0
2022-01-17 13:10:00,370,370,370,370,0
2022-01-17 13:11:00,370,370,370,370,0
2022-01-17 13:12:00,370,370,370,370,0
2022-01-17 13:13:00,370,370,370,370,0
2022-01-17 13:14:00,370,370,370,370,0
2022-01-17 13:15:00,370,370,370,370,0
2022-01-17 13:16:00,370,370,370,370,0
2022-01-17 13:17:00,370,370,370,370,0
2022-01-17 13:18:00,370,370,370,370,0
2022-01-17 13:19:00,370,370,370,370,0
2022-01-17 13:20:00,370,370,370,370,0
2022-01-17 13:21:00,370,370,370,370,0
2022-01-17 13:22:00,370,370,370,370,0
2022-01-17 13:23:00,370,370,370,370,0
2022-01-17 13:24:00,370,370,370,370,0
2022-01-17 13:25:00,370,370,370,370,0
2022-01-17 13:26:00,370,370,370,370,0
2022-01-17 13:27:00,370,370,370,370,0
2022-01-17 13:28:00,370,370,370,370,0
2022-01-17 13:29:00,370,370,370,370,0
2022-01-17 13:30:00,366,366,366,366,1000
2022-01-17 13:31:00,366,366,366,366,0
2022-01-17 13:32:00,366,366,366,366,0
2022-01-17 13:33:00,366,366,366,366,0
2022-01-17 13:34:00,366,366,366,366,0
2022-01-17 13:35:00,370,370,370,370,1600
2022-01-17 13:36:00,370,370,370,370,0
2022-01-17 13:37:00,370,370,370,370,0
2022-01-17 13:38:00,370,370,370,370,0
2022-01-17 13:39:00,370,370,370,370,0
2022-01-17 13:40:00,370,370,370,370,0
2022-01-17 13:41:00,370,370,370,370,0
2022-01-17 13:42:00,370,370,370,370,0
2022-01-17 13:43:00,372,372,372,372,300
2022-01-17 13:44:00,372,372,372,372,0
2022-01-17 13:45:00,372,372,372,372,0
2022-01-17 13:46:00,372,372,372,372,0
2022-01-17 13:47:00,372,372,372,372,0
2022-01-17 13:48:00,372,372,372,372,0
2022-01-17 13:49:00,372,372,372,372,0
2022-01-17 13:50:00,372,372,372,372,0
2022-01-17 13:51:00,372,372,372,372,0
2022-01-17 13:52:00,372,372,372,372,0
2022-01-17 13:53:00,372,372,372,372,0
2022-01-17 13:54:00,372,372,372,372,300
2022-01-17 13:55:00,372,372,372,372,0
2022-01-17 13:56:00,372,372,372,372,0
2022-01-17 13:57:00,372,372,372,372,0
2022-01-17 13:58:00,372,372,372,372,0
2022-01-17 13:59:00,372,372,372,372,0
2022-01-17 14:00:00,372,372,372,372,0
2022-01-17 14:01:00,372,372,372,372,0
2022-01-17 14:02:00,372,372,372,372,0
2022-01-17 14:03:00,372,372,372,372,0
2022-01-17 14:04:00,372,372,372,372,0
2022-01-17 14:05:00,372,372,372,372,0
2022-01-17 14:06:00,372,372,372,372,0
2022-01-17 14:07:00,372,372,372,372,0
2022-01-17 14:08:00,372,372,372,372,0
2022-01-17 14:09:00,372,372,372,372,0
2022-01-17 14:10:00,372,372,372,372,0
2022-01-17 14:11:00,372,372,372,372,0
2022-01-17 14:12:00,372,372,372,372,0
2022-01-17 14:13:00,372,372,372,372,0
2022-01-17 14:14:00,372,372,372,372,0
2022-01-17 14:15:00,372,372,372,372,0
2022-01-17 14:16:00,372,372,372,372,0
2022-01-17 14:17:00,372,372,372,372,0
2022-01-17 14:18:00,372,372,372,372,0
2022-01-17 14:19:00,372,372,372,372,0
2022-01-17 14:20:00,372,372,372,372,0
2022-01-17 14:21:00,372,372,372,372,0
2022-01-17 14:22:00,372,372,372,372,0
2022-01-17 14:23:00,372,372,372,372,0
2022-01-17 14:24:00,372,372,372,372,0
2022-01-17 14:25:00,372,372,372,372,0
2022-01-17 14:26:00,372,372,372,372,0
2022-01-17 14:27:00,372,372,372,372,0
2022-01-17 14:28:00,372,372,388,388,6100
2022-01-17 14:29:00,388,388,390,390,15100
2022-01-17 14:30:00,392,392,396,394,35900
2022-01-17 14:31:00,394,394,394,394,300
2022-01-17 14:32:00,396,394,400,400,23900
2022-01-17 14:33:00,400,400,404,404,9700
2022-01-17 14:34:00,406,406,428,420,12600
2022-01-17 14:35:00,426,426,428,426,8800
2022-01-17 14:36:00,424,424,424,424,1500
2022-01-17 14:37:00,424,416,424,424,33200
2022-01-17 14:38:00,424,418,424,424,4000
2022-01-17 14:39:00,424,424,424,424,7300
2022-01-17 14:40:00,424,420,426,422,22200
2022-01-17 14:41:00,422,422,422,422,2000
2022-01-17 14:42:00,422,422,422,422,400
2022-01-17 14:43:00,420,420,420,420,10000
2022-01-17 14:44:00,418,418,422,422,800
2022-01-17 14:45:00,420,420,422,422,1700
2022-01-17 14:46:00,422,422,422,422,500
2022-01-17 14:47:00,420,420,422,422,4000
2022-01-17 14:48:00,414,414,414,414,3000
2022-01-17 14:49:00,420,420,422,422,20300
2022-01-17 14:50:00,420,420,422,422,0
2022-01-17 14:51:00,420,420,422,422,0
2022-01-17 14:52:00,420,420,422,422,0
2022-01-17 14:53:00,420,420,422,422,0
2022-01-17 14:54:00,420,420,422,422,0
2022-01-17 14:55:00,420,420,422,422,0
2022-01-17 14:56:00,420,420,422,422,0
2022-01-17 14:57:00,420,420,422,422,0
2022-01-17 14:58:00,420,420,422,422,0
2022-01-17 14:59:00,420,420,422,422,0
2022-01-17 15:00:00,424,424,424,424,32200
2022-01-17 15:01:00,424,424,424,424,0
2022-01-17 15:02:00,424,424,424,424,100
2022-01-17 15:03:00,424,424,424,424,0
2022-01-17 15:04:00,424,424,424,424,0
2022-01-17 15:05:00,424,424,424,424,0
2022-01-17 15:06:00,424,424,424,424,12500
2022-01-17 15:07:00,424,424,424,424,0
2022-01-17 15:08:00,424,424,424,424,0
2022-01-17 15:09:00,424,424,424,424,0
2022-01-17 15:10:00,424,424,424,424,0
2022-01-17 15:11:00,424,424,424,424,0
2022-01-17 15:12:00,424,424,424,424,0
2022-01-17 15:13:00,424,424,424,424,0
2022-01-17 15:14:00,424,424,424,424,0
2022-01-17 15:15:00,424,424,424,424,0
2022-01-17 15:16:00,424,424,424,424,0
2022-01-17 15:17:00,424,424,424,424,0
2022-01-17 15:18:00,424,424,424,424,0
2022-01-17 15:19:00,424,424,424,424,0
2022-01-17 15:20:00,424,424,424,424,0
2022-01-17 15:21:00,424,424,424,424,0
2022-01-17 15:22:00,424,424,424,424,0
2022-01-17 15:23:00,424,424,424,424,0
2022-01-17 15:24:00,424,424,424,424,0
2022-01-17 15:25:00,424,424,424,424,0
2022-01-17 15:26:00,424,424,424,424,0
2022-01-17 15:27:00,424,424,424,424,0
2022-01-17 15:28:00,424,424,424,424,0
2022-01-17 15:29:00,424,424,424,424,0
2022-01-17 15:30:00,424,424,424,424,0
2022-01-17 15:31:00,424,424,424,424,0
2022-01-17 15:32:00,424,424,424,424,0
2022-01-17 15:33:00,424,424,424,424,0
2022-01-17 15:34:00,424,424,424,424,0
2022-01-17 15:35:00,424,424,424,424,0
2022-01-17 15:36:00,424,424,424,424,0
2022-01-17 15:37:00,424,424,424,424,0
2022-01-17 15:38:00,424,424,424,424,0
2022-01-17 15:39:00,424,424,424,424,0
2022-01-17 15:40:00,424,424,424,424,0
2022-01-17 15:41:00,424,424,424,424,0
2022-01-17 15:42:00,424,424,424,424,0
2022-01-17 15:43:00,424,424,424,424,0
2022-01-17 15:44:00,424,424,424,424,0
2022-01-17 15:45:00,424,424,424,424,0
2022-01-17 15:46:00,424,424,424,424,0
2022-01-17 15:47:00,424,424,424,424,0
2022-01-17 15:48:00,424,424,424,424,0
2022-01-17 15:49:00,424,424,424,424,0
2022-01-17 15:50:00,424,424,424,424,0
2022-01-17 15:51:00,424,424,424,424,0
2022-01-17 15:52:00,424,424,424,424,0
2022-01-17 15:53:00,424,424,424,424,0
2022-01-17 15:54:00,424,424,424,424,0
2022-01-17 15:55:00,424,424,424,424,0
2022-01-17 15:56:00,424,424,424,424,0
2022-01-17 15:57:00,424,424,424,424,0
2022-01-17 15:58:00,424,424,424,424,0
2022-01-17 15:59:00,424,424,424,424,0
2022-01-18 09:00:00,428,428,428,428,0
2022-01-18 09:01:00,428,424,428,424,2500
2022-01-18 09:02:00,424,424,424,424,7700
2022-01-18 09:03:00,424,424,424,424,0
2022-01-18 09:04:00,424,424,424,424,0
2022-01-18 09:05:00,424,424,424,424,0
2022-01-18 09:06:00,424,424,424,424,100
2022-01-18 09:07:00,416,416,416,416,500
2022-01-18 09:08:00,416,416,416,416,0
2022-01-18 09:09:00,416,416,416,416,0
2022-01-18 09:10:00,416,416,416,416,0
2022-01-18 09:11:00,416,416,416,416,0
2022-01-18 09:12:00,414,412,424,424,3100
2022-01-18 09:13:00,414,412,424,424,0
2022-01-18 09:14:00,414,412,424,424,0
2022-01-18 09:15:00,414,412,424,424,0
2022-01-18 09:16:00,414,412,424,424,0
2022-01-18 09:17:00,414,412,424,424,0
2022-01-18 09:18:00,414,412,424,424,0
2022-01-18 09:19:00,416,414,416,414,300
2022-01-18 09:20:00,416,414,416,414,0
2022-01-18 09:21:00,414,414,414,414,300
2022-01-18 09:22:00,414,414,414,414,300
2022-01-18 09:23:00,414,414,414,414,0
2022-01-18 09:24:00,414,414,414,414,0
2022-01-18 09:25:00,414,414,414,414,500
2022-01-18 09:26:00,414,414,414,414,0
2022-01-18 09:27:00,414,414,414,414,0
2022-01-18 09:28:00,418,418,418,418,500
2022-01-18 09:29:00,418,418,418,418,0
2022-01-18 09:30:00,418,418,418,418,0
2022-01-18 09:31:00,418,418,418,418,0
2022-01-18 09:32:00,418,418,418,418,0
2022-01-18 09:33:00,418,418,418,418,0
2022-01-18 09:34:00,418,418,418,418,0
2022-01-18 09:35:00,418,418,418,418,0
2022-01-18 09:36:00,418,418,418,418,0
2022-01-18 09:37:00,418,418,418,418,0
2022-01-18 09:38:00,418,418,418,418,0
2022-01-18 09:39:00,418,418,418,418,0
2022-01-18 09:40:00,418,418,418,418,0
2022-01-18 09:41:00,418,418,418,418,0
2022-01-18 09:42:00,418,418,418,418,0
2022-01-18 09:43:00,418,418,418,418,0
2022-01-18 09:44:00,418,418,418,418,0
2022-01-18 09:45:00,418,418,418,418,0
2022-01-18 09:46:00,418,418,418,418,0
2022-01-18 09:47:00,418,418,418,418,0
2022-01-18 09:48:00,418,418,418,418,0
2022-01-18 09:49:00,418,418,418,418,0
2022-01-18 09:50:00,418,418,418,418,0
2022-01-18 09:51:00,418,418,418,418,0
2022-01-18 09:52:00,418,418,418,418,0
2022-01-18 09:53:00,418,418,418,418,0
2022-01-18 09:54:00,418,418,418,418,0
2022-01-18 09:55:00,418,418,418,418,0
2022-01-18 09:56:00,418,418,418,418,0
2022-01-18 09:57:00,418,418,418,418,0
2022-01-18 09:58:00,418,418,418,418,0
2022-01-18 09:59:00,418,418,418,418,0
2022-01-18 10:00:00,418,418,418,418,0
2022-01-18 10:01:00,418,418,418,418,0
2022-01-18 10:02:00,418,418,418,418,0
2022-01-18 10:03:00,412,412,412,412,500
2022-01-18 10:04:00,412,412,412,412,0
2022-01-18 10:05:00,412,412,412,412,1000
2022-01-18 10:06:00,412,412,412,412,0
2022-01-18 10:07:00,412,412,412,412,0
2022-01-18 10:08:00,412,412,412,412,0
2022-01-18 10:09:00,412,412,412,412,0
2022-01-18 10:10:00,412,412,412,412,0
2022-01-18 10:11:00,412,412,412,412,0
2022-01-18 10:12:00,412,412,412,412,0
2022-01-18 10:13:00,412,412,412,412,0
2022-01-18 10:14:00,412,412,412,412,0
2022-01-18 10:15:00,412,412,412,412,0
2022-01-18 10:16:00,412,412,412,412,0
2022-01-18 10:17:00,412,412,412,412,0
2022-01-18 10:18:00,412,412,412,412,0
2022-01-18 10:19:00,412,412,412,412,0
2022-01-18 10:20:00,412,412,412,412,0
2022-01-18 10:21:00,412,412,412,412,0
2022-01-18 10:22:00,412,412,412,412,0
2022-01-18 10:23:00,412,412,412,412,0
2022-01-18 10:24:00,412,412,412,412,0
2022-01-18 10:25:00,412,412,412,412,2000
2022-01-18 10:26:00,412,412,412,412,0
2022-01-18 10:27:00,412,412,412,412,0
2022-01-18 10:28:00,416,416,416,416,800
2022-01-18 10:29:00,416,416,416,416,0
2022-01-18 10:30:00,416,416,416,416,0
2022-01-18 10:31:00,416,416,416,416,1700
2022-01-18 10:32:00,416,416,416,416,0
2022-01-18 10:33:00,416,416,416,416,1300
2022-01-18 10:34:00,416,416,416,416,200
2022-01-18 10:35:00,416,416,416,416,0
2022-01-18 10:36:00,416,416,416,416,300
2022-01-18 10:37:00,416,416,416,416,0
2022-01-18 10:38:00,414,414,414,414,500
2022-01-18 10:39:00,414,414,414,414,0
2022-01-18 10:40:00,414,414,414,414,0
2022-01-18 10:41:00,414,414,414,414,0
2022-01-18 10:42:00,414,414,414,414,0
2022-01-18 10:43:00,414,414,414,414,0
2022-01-18 10:44:00,414,414,414,414,0
2022-01-18 10:45:00,414,414,414,414,0
2022-01-18 10:46:00,414,414,414,414,0
2022-01-18 10:47:00,414,414,414,414,0
2022-01-18 10:48:00,414,414,414,414,0
2022-01-18 10:49:00,414,414,414,414,0
2022-01-18 10:50:00,414,414,414,414,0
2022-01-18 10:51:00,414,414,414,414,0
2022-01-18 10:52:00,414,414,414,414,0
2022-01-18 10:53:00,414,414,414,414,0
2022-01-18 10:54:00,414,414,414,414,0
2022-01-18 10:55:00,414,414,414,414,0
2022-01-18 10:56:00,414,414,414,414,100
2022-01-18 10:57:00,414,414,418,418,5000
2022-01-18 10:58:00,414,414,418,418,0
2022-01-18 10:59:00,414,414,418,418,0
2022-01-18 11:00:00,414,414,418,418,0
2022-01-18 11:01:00,414,414,418,418,0
2022-01-18 11:02:00,414,414,418,418,0
2022-01-18 11:03:00,414,414,418,418,0
2022-01-18 11:04:00,414,414,418,418,0
2022-01-18 11:05:00,414,414,418,418,0
2022-01-18 11:06:00,414,414,418,418,0
2022-01-18 11:07:00,414,414,418,418,0
2022-01-18 11:08:00,414,414,418,418,0
2022-01-18 11:09:00,414,414,418,418,0
2022-01-18 11:10:00,414,414,418,418,0
2022-01-18 11:11:00,414,414,418,418,0
2022-01-18 11:12:00,414,414,418,418,0
2022-01-18 11:13:00,414,414,418,418,0
2022-01-18 11:14:00,414,414,418,418,0
2022-01-18 11:15:00,414,414,418,418,0
2022-01-18 11:16:00,414,414,418,418,0
2022-01-18 11:17:00,414,414,418,418,0
2022-01-18 11:18:00,414,414,418,418,0
2022-01-18 11:19:00,414,414,418,418,0
2022-01-18 11:20:00,414,414,418,418,0
2022-01-18 11:21:00,414,414,418,418,0
2022-01-18 11:22:00,412,412,412,412,100
2022-01-18 11:23:00,412,412,412,412,0
2022-01-18 11:24:00,412,412,412,412,0
2022-01-18 11:25:00,412,412,412,412,0
2022-01-18 11:26:00,412,412,412,412,0
2022-01-18 11:27:00,412,412,412,412,0
2022-01-18 11:28:00,412,412,412,412,0
2022-01-18 11:29:00,412,412,412,412,0
2022-01-18 11:30:00,412,412,412,412,0
2022-01-18 11:31:00,412,412,412,412,0
2022-01-18 11:32:00,412,412,412,412,0
2022-01-18 11:33:00,412,412,412,412,0
2022-01-18 11:34:00,412,412,412,412,0
2022-01-18 11:35:00,412,412,412,412,0
2022-01-18 11:36:00,412,412,412,412,0
2022-01-18 11:37:00,412,412,412,412,0
2022-01-18 11:38:00,412,412,412,412,0
2022-01-18 11:39:00,412,412,412,412,0
2022-01-18 11:40:00,412,412,412,412,0
2022-01-18 11:41:00,412,412,412,412,0
2022-01-18 11:42:00,412,412,412,412,0
2022-01-18 11:43:00,412,412,412,412,0
2022-01-18 11:44:00,412,412,412,412,0
2022-01-18 11:45:00,412,412,412,412,0
2022-01-18 11:46:00,412,412,412,412,0
2022-01-18 11:47:00,412,412,412,412,0
2022-01-18 11:48:00,412,412,412,412,0
2022-01-18 11:49:00,412,412,412,412,0
2022-01-18 11:50:00,412,412,412,412,0
2022-01-18 11:51:00,412,412,412,412,0
2022-01-18 11:52:00,412,412,412,412,0
2022-01-18 11:53:00,412,412,412,412,0
2022-01-18 11:54:00,412,412,412,412,0
2022-01-18 11:55:00,412,412,412,412,0
2022-01-18 11:56:00,412,412,412,412,0
2022-01-18 11:57:00,412,412,412,412,0
2022-01-18 11:58:00,412,412,412,412,0
2022-01-18 11:59:00,412,412,412,412,0
2022-01-18 12:00:00,412,412,412,412,0
2022-01-18 12:01:00,412,412,412,412,0
2022-01-18 12:02:00,412,412,412,412,0
2022-01-18 12:03:00,412,412,412,412,0
2022-01-18 12:04:00,412,412,412,412,0
2022-01-18 12:05:00,412,412,412,412,0
2022-01-18 12:06:00,412,412,412,412,0
2022-01-18 12:07:00,412,412,412,412,0
2022-01-18 12:08:00,412,412,412,412,0
2022-01-18 12:09:00,412,412,412,412,0
2022-01-18 12:10:00,412,412,412,412,0
2022-01-18 12:11:00,412,412,412,412,0
2022-01-18 12:12:00,412,412,412,412,0
2022-01-18 12:13:00,412,412,412,412,0
2022-01-18 12:14:00,412,412,412,412,0
2022-01-18 12:15:00,412,412,412,412,0
2022-01-18 12:16:00,412,412,412,412,0
2022-01-18 12:17:00,412,412,412,412,0
2022-01-18 12:18:00,412,412,412,412,0
2022-01-18 12:19:00,412,412,412,412,0
2022-01-18 12:20:00,412,412,412,412,0
2022-01-18 12:21:00,412,412,412,412,0
2022-01-18 12:22:00,412,412,412,412,0
2022-01-18 12:23:00,412,412,412,412,0
2022-01-18 12:24:00,412,412,412,412,0
2022-01-18 12:25:00,412,412,412,412,0
2022-01-18 12:26:00,412,412,412,412,0
2022-01-18 12:27:00,412,412,412,412,0
2022-01-18 12:28:00,412,412,412,412,0
2022-01-18 12:29:00,412,412,412,412,0
2022-01-18 12:30:00,412,412,412,412,0
2022-01-18 12:31:00,412,412,412,412,0
2022-01-18 12:32:00,412,412,412,412,0
2022-01-18 12:33:00,412,412,412,412,0
2022-01-18 12:34:00,412,412,412,412,0
2022-01-18 12:35:00,412,412,412,412,0
2022-01-18 12:36:00,412,412,412,412,0
2022-01-18 12:37:00,412,412,412,412,0
2022-01-18 12:38:00,412,412,412,412,0
2022-01-18 12:39:00,412,412,412,412,0
2022-01-18 12:40:00,412,412,412,412,0
2022-01-18 12:41:00,412,412,412,412,0
2022-01-18 12:42:00,412,412,412,412,0
2022-01-18 12:43:00,412,412,412,412,0
2022-01-18 12:44:00,412,412,412,412,0
2022-01-18 12:45:00,412,412,412,412,0
2022-01-18 12:46:00,412,412,412,412,0
2022-01-18 12:47:00,412,412,412,412,0
2022-01-18 12:48:00,412,412,412,412,0
2022-01-18 12:49:00,412,412,412,412,0
2022-01-18 12:50:00,412,412,412,412,0
2022-01-18 12:51:00,412,412,412,412,0
2022-01-18 12:52:00,412,412,412,412,0
2022-01-18 12:53:00,412,412,412,412,0
2022-01-18 12:54:00,412,412,412,412,0
2022-01-18 12:55:00,412,412,412,412,0
2022-01-18 12:56:00,412,412,412,412,0
2022-01-18 12:57:00,412,412,412,412,0
2022-01-18 12:58:00,412,412,412,412,0
2022-01-18 12:59:00,412,412,412,412,0
2022-01-18 13:00:00,412,412,412,412,0
2022-01-18 13:01:00,412,412,412,412,0
2022-01-18 13:02:00,412,412,412,412,0
2022-01-18 13:03:00,412,412,412,412,0
2022-01-18 13:04:00,412,412,412,412,0
2022-01-18 13:05:00,412,412,412,412,0
2022-01-18 13:06:00,412,412,412,412,0
2022-01-18 13:07:00,412,412,412,412,0
2022-01-18 13:08:00,412,412,412,412,0
2022-01-18 13:09:00,412,412,412,412,0
2022-01-18 13:10:00,412,412,412,412,0
2022-01-18 13:11:00,412,412,412,412,0
2022-01-18 13:12:00,412,412,412,412,0
2022-01-18 13:13:00,412,412,412,412,0
2022-01-18 13:14:00,412,412,412,412,0
2022-01-18 13:15:00,412,412,412,412,0
2022-01-18 13:16:00,412,412,412,412,0
2022-01-18 13:17:00,412,412,412,412,0
2022-01-18 13:18:00,412,412,412,412,0
2022-01-18 13:19:00,412,412,412,412,0
2022-01-18 13:20:00,412,412,412,412,0
2022-01-18 13:21:00,412,412,412,412,0
2022-01-18 13:22:00,412,412,412,412,0
2022-01-18 13:23:00,412,412,412,412,0
2022-01-18 13:24:00,412,412,412,412,0
2022-01-18 13:25:00,412,412,412,412,0
2022-01-18 13:26:00,412,412,412,412,0
2022-01-18 13:27:00,412,412,412,412,0
2022-01-18 13:28:00,412,412,412,412,0
2022-01-18 13:29:00,412,412,412,412,0
2022-01-18 13:30:00,412,412,412,412,8500
2022-01-18 13:31:00,412,412,412,412,0
2022-01-18 13:32:00,412,412,412,412,0
2022-01-18 13:33:00,412,412,412,412,0
2022-01-18 13:34:00,412,412,412,412,0
2022-01-18 13:35:00,412,412,412,412,5600
2022-01-18 13:36:00,412,412,412,412,0
2022-01-18 13:37:00,412,412,412,412,0
2022-01-18 13:38:00,412,412,412,412,0
2022-01-18 13:39:00,412,412,412,412,0
2022-01-18 13:40:00,412,412,412,412,0
2022-01-18 13:41:00,412,412,412,412,0
2022-01-18 13:42:00,412,412,412,412,0
2022-01-18 13:43:00,412,412,412,412,100
2022-01-18 13:44:00,412,412,412,412,0
2022-01-18 13:45:00,412,412,412,412,0
2022-01-18 13:46:00,412,412,412,412,0
2022-01-18 13:47:00,412,412,412,412,0
2022-01-18 13:48:00,412,412,412,412,500
2022-01-18 13:49:00,412,412,412,412,0
2022-01-18 13:50:00,412,412,412,412,0
2022-01-18 13:51:00,412,412,412,412,0
2022-01-18 13:52:00,412,412,412,412,0
2022-01-18 13:53:00,412,412,412,412,0
2022-01-18 13:54:00,412,412,412,412,0
2022-01-18 13:55:00,412,412,412,412,0
2022-01-18 13:56:00,412,412,412,412,0
2022-01-18 13:57:00,412,412,412,412,0
2022-01-18 13:58:00,412,412,412,412,0
2022-01-18 13:59:00,412,412,412,412,0
2022-01-18 14:00:00,412,412,412,412,0
2022-01-18 14:01:00,412,412,412,412,0
2022-01-18 14:02:00,412,412,412,412,0
2022-01-18 14:03:00,412,412,412,412,0
2022-01-18 14:04:00,412,412,412,412,0
2022-01-18 14:05:00,412,412,412,412,0
2022-01-18 14:06:00,412,412,412,412,0
2022-01-18 14:07:00,412,412,412,412,0
2022-01-18 14:08:00,412,412,412,412,0
2022-01-18 14:09:00,412,412,412,412,0
2022-01-18 14:10:00,412,412,412,412,0
2022-01-18 14:11:00,412,412,412,412,0
2022-01-18 14:12:00,412,412,412,412,0
2022-01-18 14:13:00,414,412,414,412,1000
2022-01-18 14:14:00,416,416,416,416,500
2022-01-18 14:15:00,416,416,416,416,0
2022-01-18 14:16:00,416,416,416,416,0
2022-01-18 14:17:00,416,416,416,416,0
2022-01-18 14:18:00,416,416,416,416,500
2022-01-18 14:19:00,416,416,416,416,0
2022-01-18 14:20:00,416,416,416,416,0
2022-01-18 14:21:00,416,416,416,416,0
2022-01-18 14:22:00,416,416,416,416,0
2022-01-18 14:23:00,416,416,416,416,0
2022-01-18 14:24:00,416,416,416,416,0
2022-01-18 14:25:00,412,412,412,412,500
2022-01-18 14:26:00,412,412,412,412,0
2022-01-18 14:27:00,412,412,412,412,0
2022-01-18 14:28:00,412,412,412,412,0
2022-01-18 14:29:00,412,412,412,412,0
2022-01-18 14:30:00,412,412,412,412,0
2022-01-18 14:31:00,412,412,412,412,0
2022-01-18 14:32:00,412,412,412,412,0
2022-01-18 14:33:00,412,412,412,412,0
2022-01-18 14:34:00,412,412,412,412,0
2022-01-18 14:35:00,412,412,412,412,0
2022-01-18 14:36:00,412,412,412,412,0
2022-01-18 14:37:00,412,412,412,412,0
2022-01-18 14:38:00,412,412,412,412,0
2022-01-18 14:39:00,412,412,412,412,0
2022-01-18 14:40:00,412,412,412,412,0
2022-01-18 14:41:00,412,412,412,412,0
2022-01-18 14:42:00,412,412,412,412,0
2022-01-18 14:43:00,412,412,412,412,0
2022-01-18 14:44:00,412,412,412,412,0
2022-01-18 14:45:00,412,412,412,412,0
2022-01-18 14:46:00,412,412,412,412,0
2022-01-18 14:47:00,412,412,412,412,0
2022-01-18 14:48:00,412,412,428,428,25600
2022-01-18 14:49:00,412,412,428,428,0
2022-01-18 14:50:00,412,412,428,428,0
2022-01-18 14:51:00,412,412,428,428,0
2022-01-18 14:52:00,412,412,428,428,0
2022-01-18 14:53:00,412,412,428,428,0
2022-01-18 14:54:00,412,412,428,428,0
2022-01-18 14:55:00,412,412,428,428,0
2022-01-18 14:56:00,412,412,428,428,0
2022-01-18 14:57:00,412,412,428,428,0
2022-01-18 14:58:00,412,412,428,428,0
2022-01-18 14:59:00,412,412,428,428,0
2022-01-18 15:00:00,404,404,404,404,10000
2022-01-18 15:01:00,404,404,404,404,0
2022-01-18 15:02:00,404,404,404,404,0
2022-01-18 15:03:00,404,404,404,404,0
2022-01-18 15:04:00,404,404,404,404,0
2022-01-18 15:05:00,404,404,404,404,0
2022-01-18 15:06:00,404,404,404,404,0
2022-01-18 15:07:00,404,404,404,404,0
2022-01-18 15:08:00,404,404,404,404,0
2022-01-18 15:09:00,404,404,404,404,9300
2022-01-18 15:10:00,404,404,404,404,0
2022-01-18 15:11:00,404,404,404,404,0
2022-01-18 15:12:00,404,404,404,404,0
2022-01-18 15:13:00,404,404,404,404,92800
2022-01-18 15:14:00,404,404,404,404,0
2022-01-18 15:15:00,404,404,404,404,0
2022-01-18 15:16:00,404,404,404,404,0
2022-01-18 15:17:00,404,404,404,404,0
2022-01-18 15:18:00,404,404,404,404,0
2022-01-18 15:19:00,404,404,404,404,0
2022-01-18 15:20:00,404,404,404,404,0
2022-01-18 15:21:00,404,404,404,404,0
2022-01-18 15:22:00,404,404,404,404,0
2022-01-18 15:23:00,404,404,404,404,0
2022-01-18 15:24:00,404,404,404,404,0
2022-01-18 15:25:00,404,404,404,404,0
2022-01-18 15:26:00,404,404,404,404,0
2022-01-18 15:27:00,404,404,404,404,0
2022-01-18 15:28:00,404,404,404,404,0
2022-01-18 15:29:00,404,404,404,404,0
2022-01-18 15:30:00,404,404,404,404,0
2022-01-18 15:31:00,404,404,404,404,0
2022-01-18 15:32:00,404,404,404,404,0
2022-01-18 15:33:00,404,404,404,404,0
2022-01-18 15:34:00,404,404,404,404,0
2022-01-18 15:35:00,404,404,404,404,0
2022-01-18 15:36:00,404,404,404,404,0
2022-01-18 15:37:00,404,404,404,404,0
2022-01-18 15:38:00,404,404,404,404,0
2022-01-18 15:39:00,404,404,404,404,0
2022-01-18 15:40:00,404,404,404,404,0
2022-01-18 15:41:00,404,404,404,404,0
2022-01-18 15:42:00,404,404,404,404,0
2022-01-18 15:43:00,404,404,404,404,0
2022-01-18 15:44:00,404,404,404,404,0
2022-01-18 15:45:00,404,404,404,404,0
2022-01-18 15:46:00,404,404,404,404,0
2022-01-18 15:47:00,404,404,404,404,0
2022-01-18 15:48:00,404,404,404,404,0
2022-01-18 15:49:00,404,404,404,404,0
2022-01-18 15:50:00,404,404,404,404,0
2022-01-18 15:51:00,404,404,404,404,0
2022-01-18 15:52:00,404,404,404,404,0
2022-01-18 15:53:00,404,404,404,404,0
2022-01-18 15:54:00,404,404,404,404,0
2022-01-18 15:55:00,404,404,404,404,0
2022-01-18 15:56:00,404,404,404,404,0
2022-01-18 15:57:00,404,404,404,404,0
2022-01-18 15:58:00,404,404,404,404,0
2022-01-18 15:59:00,404,404,404,404,0
2022-01-19 09:00:00,404,404,404,404,0
2022-01-19 09:01:00,390,390,390,390,0
2022-01-19 09:02:00,390,390,390,390,0
2022-01-19 09:03:00,390,390,390,390,0
2022-01-19 09:04:00,390,390,390,390,0
2022-01-19 09:05:00,390,390,390,390,0
2022-01-19 09:06:00,390,390,390,390,2500
2022-01-19 09:07:00,390,390,390,390,0
2022-01-19 09:08:00,390,390,390,390,0
2022-01-19 09:09:00,392,392,392,392,200
2022-01-19 09:10:00,392,392,392,392,0
2022-01-19 09:11:00,392,392,392,392,0
2022-01-19 09:12:00,392,392,392,392,0
2022-01-19 09:13:00,392,392,392,392,0
2022-01-19 09:14:00,392,392,392,392,0
2022-01-19 09:15:00,392,392,392,392,0
2022-01-19 09:16:00,392,392,392,392,0
2022-01-19 09:17:00,392,392,392,392,0
2022-01-19 09:18:00,392,392,392,392,0
2022-01-19 09:19:00,392,392,392,392,0
2022-01-19 09:20:00,392,392,392,392,1100
2022-01-19 09:21:00,392,392,392,392,0
2022-01-19 09:22:00,392,392,392,392,0
2022-01-19 09:23:00,392,392,392,392,0
2022-01-19 09:24:00,392,392,392,392,0
2022-01-19 09:25:00,392,392,392,392,0
2022-01-19 09:26:00,396,396,396,396,100
2022-01-19 09:27:00,396,396,396,396,0
2022-01-19 09:28:00,396,396,396,396,0
2022-01-19 09:29:00,396,396,396,396,0
2022-01-19 09:30:00,396,396,396,396,0
2022-01-19 09:31:00,396,396,396,396,0
2022-01-19 09:32:00,396,396,396,396,0
2022-01-19 09:33:00,396,396,396,396,0
2022-01-19 09:34:00,396,396,396,396,0
2022-01-19 09:35:00,396,396,396,396,0
2022-01-19 09:36:00,396,396,396,396,0
2022-01-19 09:37:00,396,396,396,396,0
2022-01-19 09:38:00,396,396,396,396,0
2022-01-19 09:39:00,396,396,396,396,0
2022-01-19 09:40:00,396,396,396,396,0
2022-01-19 09:41:00,396,396,396,396,0
2022-01-19 09:42:00,396,396,396,396,0
2022-01-19 09:43:00,396,396,396,396,0
2022-01-19 09:44:00,396,396,396,396,0
2022-01-19 09:45:00,396,396,396,396,0
2022-01-19 09:46:00,396,396,396,396,0
2022-01-19 09:47:00,396,396,396,396,0
2022-01-19 09:48:00,396,396,396,396,0
2022-01-19 09:49:00,396,396,396,396,0
2022-01-19 09:50:00,396,396,396,396,0
2022-01-19 09:51:00,396,396,396,396,0
2022-01-19 09:52:00,396,396,396,396,0
2022-01-19 09:53:00,396,396,396,396,0
2022-01-19 09:54:00,396,396,396,396,0
2022-01-19 09:55:00,396,396,396,396,0
2022-01-19 09:56:00,396,396,396,396,0
2022-01-19 09:57:00,396,396,396,396,0
2022-01-19 09:58:00,396,396,396,396,0
2022-01-19 09:59:00,396,396,396,396,0
2022-01-19 10:00:00,396,396,396,396,0
2022-01-19 10:01:00,396,396,396,396,0
2022-01-19 10:02:00,396,396,396,396,0
2022-01-19 10:03:00,396,396,396,396,0
2022-01-19 10:04:00,396,396,396,396,0
2022-01-19 10:05:00,396,396,396,396,0
2022-01-19 10:06:00,396,396,396,396,0
2022-01-19 10:07:00,420,420,422,422,400
2022-01-19 10:08:00,420,420,420,420,600
2022-01-19 10:09:00,416,416,416,416,100
2022-01-19 10:10:00,416,416,420,420,400
2022-01-19 10:11:00,416,416,416,416,500
2022-01-19 10:12:00,416,416,416,416,0
2022-01-19 10:13:00,416,416,416,416,0
2022-01-19 10:14:00,416,416,416,416,0
2022-01-19 10:15:00,416,416,416,416,0
2022-01-19 10:16:00,416,416,416,416,0
2022-01-19 10:17:00,418,418,420,420,500
2022-01-19 10:18:00,418,418,418,418,100
2022-01-19 10:19:00,418,418,418,418,0
2022-01-19 10:20:00,420,420,422,422,5300
2022-01-19 10:21:00,420,420,422,422,0
2022-01-19 10:22:00,422,422,422,422,200
2022-01-19 10:23:00,422,422,422,422,0
2022-01-19 10:24:00,418,418,418,418,400
2022-01-19 10:25:00,418,418,418,418,0
2022-01-19 10:26:00,418,418,418,418,0
2022-01-19 10:27:00,418,418,418,418,0
2022-01-19 10:28:00,418,418,418,418,0
2022-01-19 10:29:00,418,418,418,418,0
2022-01-19 10:30:00,418,418,418,418,0
2022-01-19 10:31:00,418,418,418,418,100
2022-01-19 10:32:00,418,418,418,418,0
2022-01-19 10:33:00,418,418,418,418,0
2022-01-19 10:34:00,418,418,418,418,0
2022-01-19 10:35:00,418,418,418,418,0
2022-01-19 10:36:00,420,420,420,420,100
2022-01-19 10:37:00,420,420,420,420,400
2022-01-19 10:38:00,420,420,420,420,0
2022-01-19 10:39:00,420,420,420,420,100
2022-01-19 10:40:00,420,420,420,420,0
2022-01-19 10:41:00,422,422,422,422,3900
2022-01-19 10:42:00,422,422,422,422,0
2022-01-19 10:43:00,422,422,422,422,0
2022-01-19 10:44:00,422,422,422,422,500
2022-01-19 10:45:00,422,422,422,422,0
2022-01-19 10:46:00,422,422,422,422,0
2022-01-19 10:47:00,422,422,422,422,0
2022-01-19 10:48:00,422,422,422,422,0
2022-01-19 10:49:00,422,422,422,422,0
2022-01-19 10:50:00,422,422,422,422,0
2022-01-19 10:51:00,422,422,422,422,0
2022-01-19 10:52:00,422,422,422,422,0
2022-01-19 10:53:00,422,422,422,422,0
2022-01-19 10:54:00,420,420,420,420,100
2022-01-19 10:55:00,420,420,420,420,0
2022-01-19 10:56:00,420,420,420,420,0
2022-01-19 10:57:00,420,420,420,420,0
2022-01-19 10:58:00,420,420,420,420,0
2022-01-19 10:59:00,420,420,420,420,0
2022-01-19 11:00:00,420,420,420,420,0
2022-01-19 11:01:00,420,420,420,420,0
2022-01-19 11:02:00,420,420,420,420,0
2022-01-19 11:03:00,420,420,420,420,0
2022-01-19 11:04:00,420,420,420,420,0
2022-01-19 11:05:00,420,420,420,420,0
2022-01-19 11:06:00,420,420,420,420,0
2022-01-19 11:07:00,420,420,420,420,0
2022-01-19 11:08:00,420,420,420,420,0
2022-01-19 11:09:00,420,420,420,420,0
2022-01-19 11:10:00,402,402,402,402,10200
2022-01-19 11:11:00,402,402,402,402,0
2022-01-19 11:12:00,402,402,402,402,0
2022-01-19 11:13:00,402,402,402,402,0
2022-01-19 11:14:00,402,402,402,402,0
2022-01-19 11:15:00,402,402,402,402,0
2022-01-19 11:16:00,402,402,402,402,0
2022-01-19 11:17:00,402,402,402,402,0
2022-01-19 11:18:00,402,402,402,402,0
2022-01-19 11:19:00,402,402,402,402,0
2022-01-19 11:20:00,402,402,402,402,0
2022-01-19 11:21:00,402,402,402,402,0
2022-01-19 11:22:00,402,402,402,402,0
2022-01-19 11:23:00,402,402,402,402,0
2022-01-19 11:24:00,402,402,402,402,0
2022-01-19 11:25:00,402,402,402,402,0
2022-01-19 11:26:00,402,402,402,402,0
2022-01-19 11:27:00,402,402,402,402,0
2022-01-19 11:28:00,402,402,402,402,0
2022-01-19 11:29:00,402,402,402,402,0
2022-01-19 11:30:00,402,402,402,402,0
2022-01-19 11:31:00,402,402,402,402,0
2022-01-19 11:32:00,402,402,402,402,0
2022-01-19 11:33:00,402,402,402,402,0
2022-01-19 11:34:00,402,402,402,402,0
2022-01-19 11:35:00,402,402,402,402,0
2022-01-19 11:36:00,402,402,402,402,0
2022-01-19 11:37:00,402,402,402,402,0
2022-01-19 11:38:00,402,402,402,402,0
2022-01-19 11:39:00,402,402,402,402,0
2022-01-19 11:40:00,402,402,402,402,0
2022-01-19 11:41:00,402,402,402,402,0
2022-01-19 11:42:00,402,402,402,402,0
2022-01-19 11:43:00,402,402,402,402,0
2022-01-19 11:44:00,402,402,402,402,0
2022-01-19 11:45:00,402,402,402,402,0
2022-01-19 11:46:00,402,402,402,402,0
2022-01-19 11:47:00,402,402,402,402,0
2022-01-19 11:48:00,402,402,402,402,0
2022-01-19 11:49:00,402,402,402,402,0
2022-01-19 11:50:00,402,402,402,402,0
2022-01-19 11:51:00,402,402,402,402,0
2022-01-19 11:52:00,402,402,402,402,0
2022-01-19 11:53:00,402,402,402,402,0
2022-01-19 11:54:00,402,402,402,402,0
2022-01-19 11:55:00,402,402,402,402,0
2022-01-19 11:56:00,402,402,402,402,0
2022-01-19 11:57:00,402,402,402,402,0
2022-01-19 11:58:00,402,402,402,402,0
2022-01-19 11:59:00,402,402,402,402,0
2022-01-19 12:00:00,402,402,402,402,0
2022-01-19 12:01:00,402,402,402,402,0
2022-01-19 12:02:00,402,402,402,402,0
2022-01-19 12:03:00,402,402,402,402,0
2022-01-19 12:04:00,402,402,402,402,0
2022-01-19 12:05:00,402,402,402,402,0
2022-01-19 12:06:00,402,402,402,402,0
2022-01-19 12:07:00,402,402,402,402,0
2022-01-19 12:08:00,402,402,402,402,0
2022-01-19 12:09:00,402,402,402,402,0
2022-01-19 12:10:00,402,402,402,402,0
2022-01-19 12:11:00,402,402,402,402,0
2022-01-19 12:12:00,402,402,402,402,0
2022-01-19 12:13:00,402,402,402,402,0
2022-01-19 12:14:00,402,402,402,402,0
2022-01-19 12:15:00,402,402,402,402,0
2022-01-19 12:16:00,402,402,402,402,0
2022-01-19 12:17:00,402,402,402,402,0
2022-01-19 12:18:00,402,402,402,402,0
2022-01-19 12:19:00,402,402,402,402,0
2022-01-19 12:20:00,402,402,402,402,0
2022-01-19 12:21:00,402,402,402,402,0
2022-01-19 12:22:00,402,402,402,402,0
2022-01-19 12:23:00,402,402,402,402,0
2022-01-19 12:24:00,402,402,402,402,0
2022-01-19 12:25:00,402,402,402,402,0
2022-01-19 12:26:00,402,402,402,402,0
2022-01-19 12:27:00,402,402,402,402,0
2022-01-19 12:28:00,402,402,402,402,0
2022-01-19 12:29:00,402,402,402,402,0
2022-01-19 12:30:00,402,402,402,402,0
2022-01-19 12:31:00,402,402,402,402,0
2022-01-19 12:32:00,402,402,402,402,0
2022-01-19 12:33:00,402,402,402,402,0
2022-01-19 12:34:00,402,402,402,402,0
2022-01-19 12:35:00,402,402,402,402,0
2022-01-19 12:36:00,402,402,402,402,0
2022-01-19 12:37:00,402,402,402,402,0
2022-01-19 12:38:00,402,402,402,402,0
2022-01-19 12:39:00,402,402,402,402,0
2022-01-19 12:40:00,402,402,402,402,0
2022-01-19 12:41:00,402,402,402,402,0
2022-01-19 12:42:00,402,402,402,402,0
2022-01-19 12:43:00,402,402,402,402,0
2022-01-19 12:44:00,402,402,402,402,0
2022-01-19 12:45:00,402,402,402,402,0
2022-01-19 12:46:00,402,402,402,402,0
2022-01-19 12:47:00,402,402,402,402,0
2022-01-19 12:48:00,402,402,402,402,0
2022-01-19 12:49:00,402,402,402,402,0
2022-01-19 12:50:00,402,402,402,402,0
2022-01-19 12:51:00,402,402,402,402,0
2022-01-19 12:52:00,402,402,402,402,0
2022-01-19 12:53:00,402,402,402,402,0
2022-01-19 12:54:00,402,402,402,402,0
2022-01-19 12:55:00,402,402,402,402,0
2022-01-19 12:56:00,402,402,402,402,0
2022-01-19 12:57:00,402,402,402,402,0
2022-01-19 12:58:00,402,402,402,402,0
2022-01-19 12:59:00,402,402,402,402,0
2022-01-19 13:00:00,402,402,402,402,0
2022-01-19 13:01:00,402,402,402,402,0
2022-01-19 13:02:00,402,402,402,402,0
2022-01-19 13:03:00,402,402,402,402,0
2022-01-19 13:04:00,402,402,402,402,0
2022-01-19 13:05:00,402,402,402,402,0
2022-01-19 13:06:00,402,402,402,402,0
2022-01-19 13:07:00,402,402,402,402,0
2022-01-19 13:08:00,402,402,402,402,0
2022-01-19 13:09:00,402,402,402,402,0
2022-01-19 13:10:00,402,402,402,402,0
2022-01-19 13:11:00,402,402,402,402,0
2022-01-19 13:12:00,402,402,402,402,0
2022-01-19 13:13:00,402,402,402,402,0
2022-01-19 13:14:00,402,402,402,402,0
2022-01-19 13:15:00,402,402,402,402,0
2022-01-19 13:16:00,402,402,402,402,0
2022-01-19 13:17:00,402,402,402,402,0
2022-01-19 13:18:00,402,402,402,402,0
2022-01-19 13:19:00,402,402,402,402,0
2022-01-19 13:20:00,402,402,402,402,0
2022-01-19 13:21:00,402,402,402,402,0
2022-01-19 13:22:00,402,402,402,402,0
2022-01-19 13:23:00,402,402,402,402,0
2022-01-19 13:24:00,402,402,402,402,0
2022-01-19 13:25:00,402,402,402,402,0
2022-01-19 13:26:00,402,402,402,402,0
2022-01-19 13:27:00,402,402,402,402,0
2022-01-19 13:28:00,402,402,402,402,0
2022-01-19 13:29:00,402,402,402,402,0
2022-01-19 13:30:00,402,402,402,402,0
2022-01-19 13:31:00,402,402,402,402,0
2022-01-19 13:32:00,402,402,402,402,0
2022-01-19 13:33:00,402,402,402,402,0
2022-01-19 13:34:00,402,402,402,402,0
2022-01-19 13:35:00,402,402,402,402,0
2022-01-19 13:36:00,402,402,402,402,0
2022-01-19 13:37:00,402,402,402,402,600
2022-01-19 13:38:00,402,402,402,402,0
2022-01-19 13:39:00,402,402,402,402,0
2022-01-19 13:40:00,402,402,402,402,0
2022-01-19 13:41:00,402,402,402,402,0
2022-01-19 13:42:00,402,402,402,402,0
2022-01-19 13:43:00,402,402,402,402,0
2022-01-19 13:44:00,402,402,402,402,300
2022-01-19 13:45:00,402,402,402,402,0
2022-01-19 13:46:00,402,402,402,402,0
2022-01-19 13:47:00,402,402,402,402,0
2022-01-19 13:48:00,402,402,402,402,0
2022-01-19 13:49:00,402,402,402,402,0
2022-01-19 13:50:00,402,402,402,402,0
2022-01-19 13:51:00,402,402,402,402,0
2022-01-19 13:52:00,402,402,402,402,0
2022-01-19 13:53:00,400,400,400,400,100
2022-01-19 13:54:00,400,400,400,400,0
2022-01-19 13:55:00,400,400,400,400,0
2022-01-19 13:56:00,400,400,400,400,0
2022-01-19 13:57:00,400,400,400,400,0
2022-01-19 13:58:00,400,400,400,400,0
2022-01-19 13:59:00,400,400,400,400,0
2022-01-19 14:00:00,400,400,400,400,0
2022-01-19 14:01:00,400,400,400,400,0
2022-01-19 14:02:00,400,400,400,400,0
2022-01-19 14:03:00,400,400,400,400,0
2022-01-19 14:04:00,400,400,400,400,0
2022-01-19 14:05:00,400,400,400,400,0
2022-01-19 14:06:00,400,400,400,400,0
2022-01-19 14:07:00,402,402,408,408,800
2022-01-19 14:08:00,402,402,408,408,0
2022-01-19 14:09:00,402,402,408,408,0
2022-01-19 14:10:00,402,402,408,408,0
2022-01-19 14:11:00,416,416,416,416,100
2022-01-19 14:12:00,416,416,416,416,0
2022-01-19 14:13:00,416,416,416,416,0
2022-01-19 14:14:00,416,416,416,416,0
2022-01-19 14:15:00,416,416,416,416,0
2022-01-19 14:16:00,416,416,416,416,0
2022-01-19 14:17:00,416,416,416,416,0
2022-01-19 14:18:00,416,416,416,416,0
2022-01-19 14:19:00,416,416,416,416,0
2022-01-19 14:20:00,416,416,416,416,0
2022-01-19 14:21:00,416,416,416,416,0
2022-01-19 14:22:00,416,416,416,416,0
2022-01-19 14:23:00,416,416,416,416,0
2022-01-19 14:24:00,416,416,416,416,0
2022-01-19 14:25:00,416,416,416,416,0
2022-01-19 14:26:00,416,416,416,416,0
2022-01-19 14:27:00,416,416,416,416,0
2022-01-19 14:28:00,416,416,416,416,0
2022-01-19 14:29:00,416,416,416,416,0
2022-01-19 14:30:00,416,416,416,416,0
2022-01-19 14:31:00,416,416,416,416,0
2022-01-19 14:32:00,416,416,416,416,0
2022-01-19 14:33:00,416,416,416,416,0
2022-01-19 14:34:00,416,416,416,416,0
2022-01-19 14:35:00,416,416,416,416,0
2022-01-19 14:36:00,416,416,416,416,0
2022-01-19 14:37:00,416,416,416,416,0
2022-01-19 14:38:00,416,416,416,416,0
2022-01-19 14:39:00,416,416,416,416,0
2022-01-19 14:40:00,416,416,416,416,0
2022-01-19 14:41:00,416,416,416,416,0
2022-01-19 14:42:00,416,416,416,416,0
2022-01-19 14:43:00,416,416,416,416,0
2022-01-19 14:44:00,416,416,416,416,0
2022-01-19 14:45:00,416,416,416,416,0
2022-01-19 14:46:00,416,416,416,416,0
2022-01-19 14:47:00,416,416,416,416,0
2022-01-19 14:48:00,416,416,416,416,4500
2022-01-19 14:49:00,418,418,432,432,77200
2022-01-19 14:50:00,418,418,432,432,0
2022-01-19 14:51:00,418,418,432,432,0
2022-01-19 14:52:00,418,418,432,432,0
2022-01-19 14:53:00,418,418,432,432,0
2022-01-19 14:54:00,418,418,432,432,0
2022-01-19 14:55:00,418,418,432,432,0
2022-01-19 14:56:00,418,418,432,432,0
2022-01-19 14:57:00,418,418,432,432,0
2022-01-19 14:58:00,418,418,432,432,0
2022-01-19 14:59:00,418,418,432,432,0
2022-01-19 15:00:00,426,426,426,426,5900
2022-01-19 15:01:00,426,426,426,426,0
2022-01-19 15:02:00,426,426,426,426,0
2022-01-19 15:03:00,426,426,426,426,0
2022-01-19 15:04:00,426,426,426,426,0
2022-01-19 15:05:00,426,426,426,426,0
2022-01-19 15:06:00,426,426,426,426,0
2022-01-19 15:07:00,426,426,426,426,0
2022-01-19 15:08:00,426,426,426,426,0
2022-01-19 15:09:00,426,426,426,426,0
2022-01-19 15:10:00,426,426,426,426,0
2022-01-19 15:11:00,426,426,426,426,0
2022-01-19 15:12:00,426,426,426,426,0
2022-01-19 15:13:00,426,426,426,426,0
2022-01-19 15:14:00,426,426,426,426,0
2022-01-19 15:15:00,426,426,426,426,0
2022-01-19 15:16:00,426,426,426,426,0
2022-01-19 15:17:00,426,426,426,426,0
2022-01-19 15:18:00,426,426,426,426,0
2022-01-19 15:19:00,426,426,426,426,0
2022-01-19 15:20:00,426,426,426,426,0
2022-01-19 15:21:00,426,426,426,426,0
2022-01-19 15:22:00,426,426,426,426,0
2022-01-19 15:23:00,426,426,426,426,0
2022-01-19 15:24:00,426,426,426,426,0
2022-01-19 15:25:00,426,426,426,426,0
2022-01-19 15:26:00,426,426,426,426,0
2022-01-19 15:27:00,426,426,426,426,0
2022-01-19 15:28:00,426,426,426,426,0
2022-01-19 15:29:00,426,426,426,426,0
2022-01-19 15:30:00,426,426,426,426,0
2022-01-19 15:31:00,426,426,426,426,0
2022-01-19 15:32:00,426,426,426,426,0
2022-01-19 15:33:00,426,426,426,426,0
2022-01-19 15:34:00,426,426,426,426,0
2022-01-19 15:35:00,426,426,426,426,0
2022-01-19 15:36:00,426,426,426,426,0
2022-01-19 15:37:00,426,426,426,426,0
2022-01-19 15:38:00,426,426,426,426,0
2022-01-19 15:39:00,426,426,426,426,0
2022-01-19 15:40:00,426,426,426,426,0
2022-01-19 15:41:00,426,426,426,426,0
2022-01-19 15:42:00,426,426,426,426,0
2022-01-19 15:43:00,426,426,426,426,0
2022-01-19 15:44:00,426,426,426,426,0
2022-01-19 15:45:00,426,426,426,426,0
2022-01-19 15:46:00,426,426,426,426,0
2022-01-19 15:47:00,426,426,426,426,0
2022-01-19 15:48:00,426,426,426,426,0
2022-01-19 15:49:00,426,426,426,426,0
2022-01-19 15:50:00,426,426,426,426,0
2022-01-19 15:51:00,426,426,426,426,0
2022-01-19 15:52:00,426,426,426,426,0
2022-01-19 15:53:00,426,426,426,426,0
2022-01-19 15:54:00,426,426,426,426,0
2022-01-19 15:55:00,426,426,426,426,0
2022-01-19 15:56:00,426,426,426,426,0
2022-01-19 15:57:00,426,426,426,426,0
2022-01-19 15:58:00,426,426,426,426,0
2022-01-19 15:59:00,426,426,426,426,0
2022-01-20 09:00:00,426,426,426,426,0
2022-01-20 09:01:00,426,426,426,426,0
2022-01-20 09:02:00,426,426,426,426,0
2022-01-20 09:03:00,430,430,430,430,0
2022-01-20 09:04:00,430,430,430,430,0
2022-01-20 09:05:00,430,430,430,430,0
2022-01-20 09:06:00,430,430,430,430,0
2022-01-20 09:07:00,430,430,430,430,0
2022-01-20 09:08:00,430,430,430,430,800
2022-01-20 09:09:00,430,430,430,430,0
2022-01-20 09:10:00,430,430,430,430,0
2022-01-20 09:11:00,430,430,430,430,0
2022-01-20 09:12:00,430,430,430,430,0
2022-01-20 09:13:00,430,430,430,430,0
2022-01-20 09:14:00,420,404,420,404,10000
2022-01-20 09:15:00,420,404,420,404,0
2022-01-20 09:16:00,404,404,404,404,5000
2022-01-20 09:17:00,404,404,404,404,0
2022-01-20 09:18:00,404,404,404,404,0
2022-01-20 09:19:00,404,404,404,404,0
2022-01-20 09:20:00,404,404,404,404,0
2022-01-20 09:21:00,428,428,428,428,2000
2022-01-20 09:22:00,410,410,410,410,300
2022-01-20 09:23:00,410,410,410,410,200
2022-01-20 09:24:00,410,410,410,410,0
2022-01-20 09:25:00,410,410,410,410,0
2022-01-20 09:26:00,410,410,410,410,0
2022-01-20 09:27:00,410,410,410,410,0
2022-01-20 09:28:00,410,410,410,410,0
2022-01-20 09:29:00,410,410,410,410,0
2022-01-20 09:30:00,410,410,410,410,0
2022-01-20 09:31:00,410,410,410,410,0
2022-01-20 09:32:00,410,410,410,410,0
2022-01-20 09:33:00,418,418,418,418,200
2022-01-20 09:34:00,418,418,418,418,1500
2022-01-20 09:35:00,418,418,418,418,0
2022-01-20 09:36:00,418,418,418,418,0
2022-01-20 09:37:00,418,418,418,418,0
2022-01-20 09:38:00,418,418,418,418,0
2022-01-20 09:39:00,418,418,418,418,0
2022-01-20 09:40:00,420,420,420,420,100
2022-01-20 09:41:00,420,420,420,420,0
2022-01-20 09:42:00,420,420,420,420,1000
2022-01-20 09:43:00,420,420,420,420,0
2022-01-20 09:44:00,420,420,420,420,0
2022-01-20 09:45:00,420,420,420,420,0
2022-01-20 09:46:00,420,420,420,420,0
2022-01-20 09:47:00,420,420,420,420,0
2022-01-20 09:48:00,420,420,420,420,0
2022-01-20 09:49:00,420,420,420,420,0
2022-01-20 09:50:00,420,420,420,420,0
2022-01-20 09:51:00,420,420,420,420,0
2022-01-20 09:52:00,420,420,420,420,0
2022-01-20 09:53:00,420,420,420,420,0
2022-01-20 09:54:00,420,420,420,420,0
2022-01-20 09:55:00,420,420,420,420,0
2022-01-20 09:56:00,426,426,426,426,300
2022-01-20 09:57:00,426,426,426,426,0
2022-01-20 09:58:00,426,426,426,426,0
2022-01-20 09:59:00,426,426,426,426,0
2022-01-20 10:00:00,426,426,426,426,0
2022-01-20 10:01:00,426,426,426,426,0
2022-01-20 10:02:00,426,426,426,426,0
2022-01-20 10:03:00,426,426,426,426,0
2022-01-20 10:04:00,426,426,426,426,0
2022-01-20 10:05:00,426,426,426,426,0
2022-01-20 10:06:00,426,426,426,426,0
2022-01-20 10:07:00,426,426,426,426,0
2022-01-20 10:08:00,428,426,428,426,8200
2022-01-20 10:09:00,428,426,428,426,0
2022-01-20 10:10:00,426,426,426,426,2500
2022-01-20 10:11:00,426,426,426,426,1000
2022-01-20 10:12:00,426,426,426,426,0
2022-01-20 10:13:00,426,426,426,426,0
2022-01-20 10:14:00,426,426,426,426,7800
2022-01-20 10:15:00,426,426,426,426,0
2022-01-20 10:16:00,426,426,426,426,0
2022-01-20 10:17:00,426,426,426,426,0
2022-01-20 10:18:00,426,426,426,426,0
2022-01-20 10:19:00,420,420,434,434,32300
2022-01-20 10:20:00,420,420,434,434,0
2022-01-20 10:21:00,420,420,434,434,0
2022-01-20 10:22:00,420,420,420,420,4100
2022-01-20 10:23:00,418,404,418,404,38700
2022-01-20 10:24:00,402,398,402,398,93700
2022-01-20 10:25:00,402,398,402,398,0
2022-01-20 10:26:00,424,424,424,424,2000
2022-01-20 10:27:00,424,424,424,424,14000
2022-01-20 10:28:00,406,404,406,404,2000
2022-01-20 10:29:00,404,400,404,400,33300
2022-01-20 10:30:00,398,398,400,398,40000
2022-01-20 10:31:00,400,398,400,398,35700
2022-01-20 10:32:00,400,398,400,398,0
2022-01-20 10:33:00,416,416,416,416,7000
2022-01-20 10:34:00,416,416,416,416,3600
2022-01-20 10:35:00,416,416,418,418,5900
2022-01-20 10:36:00,416,416,418,418,0
2022-01-20 10:37:00,404,400,404,400,30400
2022-01-20 10:38:00,400,398,404,404,100000
2022-01-20 10:39:00,400,398,404,404,0
2022-01-20 10:40:00,400,398,404,404,0
2022-01-20 10:41:00,400,398,404,404,0
2022-01-20 10:42:00,404,404,404,404,4000
2022-01-20 10:43:00,404,404,404,404,0
2022-01-20 10:44:00,404,404,404,404,0
2022-01-20 10:45:00,404,404,404,404,0
2022-01-20 10:46:00,404,404,404,404,0
2022-01-20 10:47:00,404,404,404,404,0
2022-01-20 10:48:00,404,404,404,404,0
2022-01-20 10:49:00,410,410,410,410,100
2022-01-20 10:50:00,410,410,410,410,0
2022-01-20 10:51:00,410,410,410,410,0
2022-01-20 10:52:00,410,410,410,410,0
2022-01-20 10:53:00,410,410,410,410,0
2022-01-20 10:54:00,410,410,410,410,0
2022-01-20 10:55:00,410,410,410,410,0
2022-01-20 10:56:00,410,410,410,410,0
2022-01-20 10:57:00,410,410,410,410,0
2022-01-20 10:58:00,410,410,410,410,0
2022-01-20 10:59:00,410,410,410,410,500
2022-01-20 11:00:00,410,410,410,410,0
2022-01-20 11:01:00,410,410,410,410,0
2022-01-20 11:02:00,410,410,410,410,0
2022-01-20 11:03:00,404,404,404,404,200
2022-01-20 11:04:00,404,404,404,404,0
2022-01-20 11:05:00,408,408,410,410,700
2022-01-20 11:06:00,408,408,410,410,0
2022-01-20 11:07:00,408,408,410,410,0
2022-01-20 11:08:00,410,410,410,410,900
2022-01-20 11:09:00,410,410,410,410,900
2022-01-20 11:10:00,410,410,410,410,0
2022-01-20 11:11:00,410,410,410,410,0
2022-01-20 11:12:00,410,410,410,410,0
2022-01-20 11:13:00,410,410,410,410,0
2022-01-20 11:14:00,410,410,410,410,0
2022-01-20 11:15:00,410,410,410,410,0
2022-01-20 11:16:00,410,410,410,410,0
2022-01-20 11:17:00,410,410,410,410,0
2022-01-20 11:18:00,404,404,404,404,200
2022-01-20 11:19:00,404,404,404,404,900
2022-01-20 11:20:00,404,404,404,404,0
2022-01-20 11:21:00,404,404,404,404,10000
2022-01-20 11:22:00,404,404,404,404,0
2022-01-20 11:23:00,404,404,404,404,0
2022-01-20 11:24:00,404,404,404,404,0
2022-01-20 11:25:00,404,404,404,404,0
2022-01-20 11:26:00,404,404,404,404,0
2022-01-20 11:27:00,404,404,404,404,0
2022-01-20 11:28:00,404,404,404,404,0
2022-01-20 11:29:00,404,404,404,404,0
2022-01-20 11:30:00,404,404,404,404,0
2022-01-20 11:31:00,404,404,404,404,0
2022-01-20 11:32:00,404,404,404,404,0
2022-01-20 11:33:00,404,404,404,404,0
2022-01-20 11:34:00,404,404,404,404,0
2022-01-20 11:35:00,404,404,404,404,0
2022-01-20 11:36:00,404,404,404,404,0
2022-01-20 11:37:00,404,404,404,404,0
2022-01-20 11:38:00,404,404,404,404,0
2022-01-20 11:39:00,404,404,404,404,0
2022-01-20 11:40:00,404,404,404,404,0
2022-01-20 11:41:00,404,404,404,404,0
2022-01-20 11:42:00,404,404,404,404,0
2022-01-20 11:43:00,404,404,404,404,0
2022-01-20 11:44:00,404,404,404,404,0
2022-01-20 11:45:00,404,404,404,404,0
2022-01-20 11:46:00,404,404,404,404,0
2022-01-20 11:47:00,404,404,404,404,0
2022-01-20 11:48:00,404,404,404,404,0
2022-01-20 11:49:00,404,404,404,404,0
2022-01-20 11:50:00,404,404,404,404,0
2022-01-20 11:51:00,404,404,404,404,0
2022-01-20 11:52:00,404,404,404,404,0
2022-01-20 11:53:00,404,404,404,404,0
2022-01-20 11:54:00,404,404,404,404,0
2022-01-20 11:55:00,404,404,404,404,0
2022-01-20 11:56:00,404,404,404,404,0
2022-01-20 11:57:00,404,404,404,404,0
2022-01-20 11:58:00,404,404,404,404,0
2022-01-20 11:59:00,404,404,404,404,0
2022-01-20 12:00:00,404,404,404,404,0
2022-01-20 12:01:00,404,404,404,404,0
2022-01-20 12:02:00,404,404,404,404,0
2022-01-20 12:03:00,404,404,404,404,0
2022-01-20 12:04:00,404,404,404,404,0
2022-01-20 12:05:00,404,404,404,404,0
2022-01-20 12:06:00,404,404,404,404,0
2022-01-20 12:07:00,404,404,404,404,0
2022-01-20 12:08:00,404,404,404,404,0
2022-01-20 12:09:00,404,404,404,404,0
2022-01-20 12:10:00,404,404,404,404,0
2022-01-20 12:11:00,404,404,404,404,0
2022-01-20 12:12:00,404,404,404,404,0
2022-01-20 12:13:00,404,404,404,404,0
2022-01-20 12:14:00,404,404,404,404,0
2022-01-20 12:15:00,404,404,404,404,0
2022-01-20 12:16:00,404,404,404,404,0
2022-01-20 12:17:00,404,404,404,404,0
2022-01-20 12:18:00,404,404,404,404,0
2022-01-20 12:19:00,404,404,404,404,0
2022-01-20 12:20:00,404,404,404,404,0
2022-01-20 12:21:00,404,404,404,404,0
2022-01-20 12:22:00,404,404,404,404,0
2022-01-20 12:23:00,404,404,404,404,0
2022-01-20 12:24:00,404,404,404,404,0
2022-01-20 12:25:00,404,404,404,404,0
2022-01-20 12:26:00,404,404,404,404,0
2022-01-20 12:27:00,404,404,404,404,0
2022-01-20 12:28:00,404,404,404,404,0
2022-01-20 12:29:00,404,404,404,404,0
2022-01-20 12:30:00,404,404,404,404,0
2022-01-20 12:31:00,404,404,404,404,0
2022-01-20 12:32:00,404,404,404,404,0
2022-01-20 12:33:00,404,404,404,404,0
2022-01-20 12:34:00,404,404,404,404,0
2022-01-20 12:35:00,404,404,404,404,0
2022-01-20 12:36:00,404,404,404,404,0
2022-01-20 12:37:00,404,404,404,404,0
2022-01-20 12:38:00,404,404,404,404,0
2022-01-20 12:39:00,404,404,404,404,0
2022-01-20 12:40:00,404,404,404,404,0
2022-01-20 12:41:00,404,404,404,404,0
2022-01-20 12:42:00,404,404,404,404,0
2022-01-20 12:43:00,404,404,404,404,0
2022-01-20 12:44:00,404,404,404,404,0
2022-01-20 12:45:00,404,404,404,404,0
2022-01-20 12:46:00,404,404,404,404,0
2022-01-20 12:47:00,404,404,404,404,0
2022-01-20 12:48:00,404,404,404,404,0
2022-01-20 12:49:00,404,404,404,404,0
2022-01-20 12:50:00,404,404,404,404,0
2022-01-20 12:51:00,404,404,404,404,0
2022-01-20 12:52:00,404,404,404,404,0
2022-01-20 12:53:00,404,404,404,404,0
2022-01-20 12:54:00,404,404,404,404,0
2022-01-20 12:55:00,404,404,404,404,0
2022-01-20 12:56:00,404,404,404,404,0
2022-01-20 12:57:00,404,404,404,404,0
2022-01-20 12:58:00,404,404,404,404,0
2022-01-20 12:59:00,404,404,404,404,0
2022-01-20 13:00:00,404,404,404,404,0
2022-01-20 13:01:00,404,404,404,404,0
2022-01-20 13:02:00,404,404,404,404,0
2022-01-20 13:03:00,404,404,404,404,0
2022-01-20 13:04:00,404,404,404,404,0
2022-01-20 13:05:00,404,404,404,404,0
2022-01-20 13:06:00,404,404,404,404,0
2022-01-20 13:07:00,404,404,404,404,0
2022-01-20 13:08:00,404,404,404,404,0
2022-01-20 13:09:00,404,404,404,404,0
2022-01-20 13:10:00,404,404,404,404,0
2022-01-20 13:11:00,404,404,404,404,0
2022-01-20 13:12:00,404,404,404,404,0
2022-01-20 13:13:00,404,404,404,404,0
2022-01-20 13:14:00,404,404,404,404,0
2022-01-20 13:15:00,404,404,404,404,0
2022-01-20 13:16:00,404,404,404,404,0
2022-01-20 13:17:00,404,404,404,404,0
2022-01-20 13:18:00,404,404,404,404,0
2022-01-20 13:19:00,404,404,404,404,0
2022-01-20 13:20:00,404,404,404,404,0
2022-01-20 13:21:00,404,404,404,404,0
2022-01-20 13:22:00,404,404,404,404,0
2022-01-20 13:23:00,404,404,404,404,0
2022-01-20 13:24:00,404,404,404,404,0
2022-01-20 13:25:00,404,404,404,404,0
2022-01-20 13:26:00,404,404,404,404,0
2022-01-20 13:27:00,404,404,404,404,0
2022-01-20 13:28:00,404,404,404,404,0
2022-01-20 13:29:00,404,404,404,404,0
2022-01-20 13:30:00,404,404,416,412,15400
2022-01-20 13:31:00,404,404,416,412,0
2022-01-20 13:32:00,404,404,416,412,0
2022-01-20 13:33:00,404,404,416,412,0
2022-01-20 13:34:00,404,404,416,412,0
2022-01-20 13:35:00,404,404,416,412,0
2022-01-20 13:36:00,410,410,410,410,300
2022-01-20 13:37:00,410,410,410,410,0
2022-01-20 13:38:00,404,404,404,404,3100
2022-01-20 13:39:00,404,402,404,404,3800
2022-01-20 13:40:00,404,404,404,404,700
2022-01-20 13:41:00,402,402,402,402,78300
2022-01-20 13:42:00,400,398,400,398,133900
2022-01-20 13:43:00,400,398,400,398,0
2022-01-20 13:44:00,400,398,400,398,0
2022-01-20 13:45:00,400,398,400,398,0
2022-01-20 13:46:00,400,398,400,398,0
2022-01-20 13:47:00,400,398,400,398,0
2022-01-20 13:48:00,400,398,400,398,0
2022-01-20 13:49:00,400,398,400,398,0
2022-01-20 13:50:00,400,398,400,398,0
2022-01-20 13:51:00,400,398,400,398,0
2022-01-20 13:52:00,400,398,400,398,0
2022-01-20 13:53:00,400,398,400,398,0
2022-01-20 13:54:00,400,398,400,398,0
2022-01-20 13:55:00,404,404,404,404,100
2022-01-20 13:56:00,404,404,404,404,0
2022-01-20 13:57:00,404,404,404,404,0
2022-01-20 13:58:00,404,404,404,404,0
2022-01-20 13:59:00,404,404,404,404,0
2022-01-20 14:00:00,404,404,404,404,0
2022-01-20 14:01:00,404,404,404,404,0
2022-01-20 14:02:00,404,404,404,404,0
2022-01-20 14:03:00,404,404,404,404,0
2022-01-20 14:04:00,404,404,404,404,100
2022-01-20 14:05:00,404,404,404,404,0
2022-01-20 14:06:00,404,404,404,404,0
2022-01-20 14:07:00,398,398,398,398,19600
2022-01-20 14:08:00,398,398,398,398,0
2022-01-20 14:09:00,398,398,398,398,0
2022-01-20 14:10:00,398,398,398,398,0
2022-01-20 14:11:00,400,398,400,398,22300
2022-01-20 14:12:00,400,398,400,398,0
2022-01-20 14:13:00,402,402,404,404,10200
2022-01-20 14:14:00,402,402,404,404,0
2022-01-20 14:15:00,402,402,404,404,0
2022-01-20 14:16:00,402,402,402,402,100
2022-01-20 14:17:00,402,402,402,402,0
2022-01-20 14:18:00,402,402,402,402,0
2022-01-20 14:19:00,402,402,402,402,0
2022-01-20 14:20:00,402,398,402,398,31700
2022-01-20 14:21:00,402,398,402,398,0
2022-01-20 14:22:00,402,398,402,398,0
2022-01-20 14:23:00,402,402,402,402,100
2022-01-20 14:24:00,402,402,402,402,0
2022-01-20 14:25:00,402,402,402,402,0
2022-01-20 14:26:00,400,400,400,400,100
2022-01-20 14:27:00,400,400,406,406,1000
2022-01-20 14:28:00,406,406,406,406,1400
2022-01-20 14:29:00,408,406,408,406,3600
2022-01-20 14:30:00,408,406,408,406,0
2022-01-20 14:31:00,406,406,406,406,600
2022-01-20 14:32:00,406,406,406,406,100
2022-01-20 14:33:00,406,406,406,406,1000
2022-01-20 14:34:00,406,406,406,406,0
2022-01-20 14:35:00,408,408,408,408,6300
2022-01-20 14:36:00,410,410,410,410,2000
2022-01-20 14:37:00,412,412,412,412,1000
2022-01-20 14:38:00,414,414,416,416,10800
2022-01-20 14:39:00,416,416,418,418,3100
2022-01-20 14:40:00,416,412,416,412,15900
2022-01-20 14:41:00,418,418,418,418,800
2022-01-20 14:42:00,418,416,418,418,900
2022-01-20 14:43:00,416,416,418,418,1900
2022-01-20 14:44:00,416,416,418,418,0
2022-01-20 14:45:00,416,416,418,418,0
2022-01-20 14:46:00,416,414,416,414,5500
2022-01-20 14:47:00,412,404,418,404,38800
2022-01-20 14:48:00,416,416,416,416,100
2022-01-20 14:49:00,416,416,416,416,100
2022-01-20 14:50:00,416,416,416,416,0
2022-01-20 14:51:00,416,416,416,416,0
2022-01-20 14:52:00,416,416,416,416,0
2022-01-20 14:53:00,416,416,416,416,0
2022-01-20 14:54:00,416,416,416,416,0
2022-01-20 14:55:00,416,416,416,416,0
2022-01-20 14:56:00,416,416,416,416,0
2022-01-20 14:57:00,416,416,416,416,0
2022-01-20 14:58:00,416,416,416,416,0
2022-01-20 14:59:00,416,416,416,416,0
2022-01-20 15:00:00,404,404,404,404,48400
2022-01-20 15:01:00,404,404,404,404,1000
2022-01-20 15:02:00,404,404,404,404,4000
2022-01-20 15:03:00,404,404,404,404,5300
2022-01-20 15:04:00,404,404,404,404,0
2022-01-20 15:05:00,404,404,404,404,0
2022-01-20 15:06:00,404,404,404,404,0
2022-01-20 15:07:00,404,404,404,404,0
2022-01-20 15:08:00,404,404,404,404,400
2022-01-20 15:09:00,404,404,404,404,0
2022-01-20 15:10:00,404,404,404,404,0
2022-01-20 15:11:00,404,404,404,404,977000
2022-01-20 15:12:00,404,404,404,404,0
2022-01-20 15:13:00,404,404,404,404,0
2022-01-20 15:14:00,404,404,404,404,0
2022-01-20 15:15:00,404,404,404,404,0
2022-01-20 15:16:00,404,404,404,404,0
2022-01-20 15:17:00,404,404,404,404,0
2022-01-20 15:18:00,404,404,404,404,0
2022-01-20 15:19:00,404,404,404,404,0
2022-01-20 15:20:00,404,404,404,404,0
2022-01-20 15:21:00,404,404,404,404,0
2022-01-20 15:22:00,404,404,404,404,0
2022-01-20 15:23:00,404,404,404,404,0
2022-01-20 15:24:00,404,404,404,404,0
2022-01-20 15:25:00,404,404,404,404,0
2022-01-20 15:26:00,404,404,404,404,0
2022-01-20 15:27:00,404,404,404,404,0
2022-01-20 15:28:00,404,404,404,404,0
2022-01-20 15:29:00,404,404,404,404,0
2022-01-20 15:30:00,404,404,404,404,0
2022-01-20 15:31:00,404,404,404,404,0
2022-01-20 15:32:00,404,404,404,404,0
2022-01-20 15:33:00,404,404,404,404,0
2022-01-20 15:34:00,404,404,404,404,0
2022-01-20 15:35:00,404,404,404,404,0
2022-01-20 15:36:00,404,404,404,404,0
2022-01-20 15:37:00,404,404,404,404,0
2022-01-20 15:38:00,404,404,404,404,0
2022-01-20 15:39:00,404,404,404,404,0
2022-01-20 15:40:00,404,404,404,404,0
2022-01-20 15:41:00,404,404,404,404,0
2022-01-20 15:42:00,404,404,404,404,0
2022-01-20 15:43:00,404,404,404,404,0
2022-01-20 15:44:00,404,404,404,404,0
2022-01-20 15:45:00,404,404,404,404,0
2022-01-20 15:46:00,404,404,404,404,0
2022-01-20 15:47:00,404,404,404,404,0
2022-01-20 15:48:00,404,404,404,404,0
2022-01-20 15:49:00,404,404,404,404,0
2022-01-20 15:50:00,404,404,404,404,0
2022-01-20 15:51:00,404,404,404,404,0
2022-01-20 15:52:00,404,404,404,404,0
2022-01-20 15:53:00,404,404,404,404,0
2022-01-20 15:54:00,404,404,404,404,0
2022-01-20 15:55:00,404,404,404,404,0
2022-01-20 15:56:00,404,404,404,404,0
2022-01-20 15:57:00,404,404,404,404,0
2022-01-20 15:58:00,404,404,404,404,0
2022-01-20 15:59:00,404,404,404,404,0
2022-01-21 09:00:00,404,404,404,404,0
2022-01-21 09:01:00,402,402,402,402,0
2022-01-21 09:02:00,402,402,402,402,0
2022-01-21 09:03:00,402,402,402,402,0
2022-01-21 09:04:00,402,402,402,402,200
2022-01-21 09:05:00,408,408,408,408,100
2022-01-21 09:06:00,406,406,406,406,1000
2022-01-21 09:07:00,406,406,406,406,2100
2022-01-21 09:08:00,406,406,406,406,0
2022-01-21 09:09:00,406,406,406,406,2500
2022-01-21 09:10:00,406,406,406,406,200
2022-01-21 09:11:00,406,406,406,406,0
2022-01-21 09:12:00,406,406,406,406,0
2022-01-21 09:13:00,404,398,404,398,33400
2022-01-21 09:14:00,400,400,406,406,2600
2022-01-21 09:15:00,400,400,406,406,0
2022-01-21 09:16:00,404,398,404,398,8500
2022-01-21 09:17:00,404,398,404,398,0
2022-01-21 09:18:00,404,398,404,398,0
2022-01-21 09:19:00,404,398,404,398,0
2022-01-21 09:20:00,404,398,404,398,0
2022-01-21 09:21:00,404,398,404,398,0
2022-01-21 09:22:00,404,398,404,398,0
2022-01-21 09:23:00,404,398,404,398,0
2022-01-21 09:24:00,404,398,404,398,0
2022-01-21 09:25:00,404,398,404,398,0
2022-01-21 09:26:00,404,398,404,398,0
2022-01-21 09:27:00,404,398,404,398,0
2022-01-21 09:28:00,404,398,404,398,0
2022-01-21 09:29:00,404,398,404,398,0
2022-01-21 09:30:00,402,402,402,402,100
2022-01-21 09:31:00,402,402,402,402,0
2022-01-21 09:32:00,402,402,402,402,0
2022-01-21 09:33:00,400,398,400,398,9800
2022-01-21 09:34:00,400,398,400,398,0
2022-01-21 09:35:00,400,398,400,398,0
2022-01-21 09:36:00,400,398,400,398,0
2022-01-21 09:37:00,400,398,400,398,0
2022-01-21 09:38:00,400,398,400,398,0
2022-01-21 09:39:00,400,398,400,398,0
2022-01-21 09:40:00,400,398,400,398,0
2022-01-21 09:41:00,400,398,400,398,0
2022-01-21 09:42:00,400,398,400,398,0
2022-01-21 09:43:00,400,398,400,398,0
2022-01-21 09:44:00,400,398,400,398,6400
2022-01-21 09:45:00,402,402,402,402,100
2022-01-21 09:46:00,402,402,402,402,0
2022-01-21 09:47:00,402,402,402,402,0
2022-01-21 09:48:00,402,402,402,402,0
2022-01-21 09:49:00,402,402,402,402,0
2022-01-21 09:50:00,402,402,402,402,0
2022-01-21 09:51:00,402,402,402,402,0
2022-01-21 09:52:00,402,402,402,402,0
2022-01-21 09:53:00,396,396,396,396,1000
2022-01-21 09:54:00,396,390,396,390,6300
2022-01-21 09:55:00,396,390,396,390,0
2022-01-21 09:56:00,396,390,396,390,0
2022-01-21 09:57:00,402,402,402,402,100
2022-01-21 09:58:00,400,400,400,400,2100
2022-01-21 09:59:00,400,400,400,400,7800
2022-01-21 10:00:00,400,400,400,400,0
2022-01-21 10:01:00,400,400,400,400,0
2022-01-21 10:02:00,400,400,400,400,0
2022-01-21 10:03:00,400,400,400,400,0
2022-01-21 10:04:00,402,402,402,402,10000
2022-01-21 10:05:00,402,402,404,404,300
2022-01-21 10:06:00,402,402,404,404,0
2022-01-21 10:07:00,402,402,404,404,0
2022-01-21 10:08:00,402,402,404,404,0
2022-01-21 10:09:00,402,402,404,404,0
2022-01-21 10:10:00,402,402,404,404,0
2022-01-21 10:11:00,402,402,404,404,0
2022-01-21 10:12:00,402,402,404,404,0
2022-01-21 10:13:00,404,404,406,406,17400
2022-01-21 10:14:00,404,404,406,406,0
2022-01-21 10:15:00,404,404,406,406,0
2022-01-21 10:16:00,404,404,406,406,0
2022-01-21 10:17:00,404,404,406,406,0
2022-01-21 10:18:00,406,406,406,406,10000
2022-01-21 10:19:00,406,406,406,406,0
2022-01-21 10:20:00,406,406,406,406,0
2022-01-21 10:21:00,406,406,406,406,0
2022-01-21 10:22:00,406,406,406,406,0
2022-01-21 10:23:00,406,406,406,406,0
2022-01-21 10:24:00,404,404,404,404,5000
2022-01-21 10:25:00,404,404,404,404,0
2022-01-21 10:26:00,404,404,404,404,0
2022-01-21 10:27:00,404,404,404,404,0
2022-01-21 10:28:00,404,404,404,404,0
2022-01-21 10:29:00,404,404,404,404,0
2022-01-21 10:30:00,404,404,404,404,0
2022-01-21 10:31:00,404,404,404,404,0
2022-01-21 10:32:00,404,404,404,404,8600
2022-01-21 10:33:00,402,400,402,400,30500
2022-01-21 10:34:00,402,400,402,400,0
2022-01-21 10:35:00,402,400,402,400,0
2022-01-21 10:36:00,402,400,402,400,0
2022-01-21 10:37:00,402,400,402,400,0
2022-01-21 10:38:00,402,400,402,400,0
2022-01-21 10:39:00,402,400,402,400,0
2022-01-21 10:40:00,402,400,402,400,0
2022-01-21 10:41:00,402,400,402,400,0
2022-01-21 10:42:00,402,400,402,400,0
2022-01-21 10:43:00,402,400,402,400,0
2022-01-21 10:44:00,402,400,402,400,0
2022-01-21 10:45:00,402,400,402,400,0
2022-01-21 10:46:00,402,400,402,400,0
2022-01-21 10:47:00,402,402,402,402,500
2022-01-21 10:48:00,402,402,402,402,0
2022-01-21 10:49:00,402,402,402,402,0
2022-01-21 10:50:00,402,402,402,402,0
2022-01-21 10:51:00,402,402,402,402,4700
2022-01-21 10:52:00,402,402,402,402,0
2022-01-21 10:53:00,402,402,402,402,1000
2022-01-21 10:54:00,402,402,402,402,0
2022-01-21 10:55:00,402,402,402,402,0
2022-01-21 10:56:00,402,402,402,402,0
2022-01-21 10:57:00,402,402,402,402,0
2022-01-21 10:58:00,402,402,402,402,0
2022-01-21 10:59:00,402,402,402,402,2000
2022-01-21 11:00:00,400,396,400,396,70000
2022-01-21 11:01:00,400,396,400,396,0
2022-01-21 11:02:00,400,396,400,396,0
2022-01-21 11:03:00,398,398,398,398,800
2022-01-21 11:04:00,398,398,398,398,0
2022-01-21 11:05:00,398,398,398,398,0
2022-01-21 11:06:00,398,398,398,398,0
2022-01-21 11:07:00,396,396,396,396,500
2022-01-21 11:08:00,396,396,396,396,0
2022-01-21 11:09:00,396,396,396,396,0
2022-01-21 11:10:00,396,396,396,396,0
2022-01-21 11:11:00,396,396,396,396,0
2022-01-21 11:12:00,396,396,396,396,0
2022-01-21 11:13:00,396,396,396,396,0
2022-01-21 11:14:00,396,396,396,396,0
2022-01-21 11:15:00,396,396,396,396,15300
2022-01-21 11:16:00,396,396,396,396,0
2022-01-21 11:17:00,396,394,396,394,3800
2022-01-21 11:18:00,396,394,396,394,0
2022-01-21 11:19:00,396,394,396,394,0
2022-01-21 11:20:00,396,394,396,394,0
2022-01-21 11:21:00,396,394,396,394,0
2022-01-21 11:22:00,396,396,396,396,600
2022-01-21 11:23:00,396,396,396,396,2000
2022-01-21 11:24:00,396,396,396,396,0
2022-01-21 11:25:00,396,396,396,396,0
2022-01-21 11:26:00,396,396,396,396,0
2022-01-21 11:27:00,396,396,396,396,0
2022-01-21 11:28:00,396,396,396,396,0
2022-01-21 11:29:00,396,396,396,396,0
2022-01-21 11:30:00,396,396,396,396,0
2022-01-21 11:31:00,396,396,396,396,0
2022-01-21 11:32:00,396,396,396,396,0
2022-01-21 11:33:00,396,396,396,396,0
2022-01-21 11:34:00,396,396,396,396,0
2022-01-21 11:35:00,396,396,396,396,0
2022-01-21 11:36:00,396,396,396,396,0
2022-01-21 11:37:00,396,396,396,396,0
2022-01-21 11:38:00,396,396,396,396,0
2022-01-21 11:39:00,396,396,396,396,0
2022-01-21 11:40:00,396,396,396,396,0
2022-01-21 11:41:00,396,396,396,396,0
2022-01-21 11:42:00,396,396,396,396,0
2022-01-21 11:43:00,396,396,396,396,0
2022-01-21 11:44:00,396,396,396,396,0
2022-01-21 11:45:00,396,396,396,396,0
2022-01-21 11:46:00,396,396,396,396,0
2022-01-21 11:47:00,396,396,396,396,0
2022-01-21 11:48:00,396,396,396,396,0
2022-01-21 11:49:00,396,396,396,396,0
2022-01-21 11:50:00,396,396,396,396,0
2022-01-21 11:51:00,396,396,396,396,0
2022-01-21 11:52:00,396,396,396,396,0
2022-01-21 11:53:00,396,396,396,396,0
2022-01-21 11:54:00,396,396,396,396,0
2022-01-21 11:55:00,396,396,396,396,0
2022-01-21 11:56:00,396,396,396,396,0
2022-01-21 11:57:00,396,396,396,396,0
2022-01-21 11:58:00,396,396,396,396,0
2022-01-21 11:59:00,396,396,396,396,0
2022-01-21 12:00:00,396,396,396,396,0
2022-01-21 12:01:00,396,396,396,396,0
2022-01-21 12:02:00,396,396,396,396,0
2022-01-21 12:03:00,396,396,396,396,0
2022-01-21 12:04:00,396,396,396,396,0
2022-01-21 12:05:00,396,396,396,396,0
2022-01-21 12:06:00,396,396,396,396,0
2022-01-21 12:07:00,396,396,396,396,0
2022-01-21 12:08:00,396,396,396,396,0
2022-01-21 12:09:00,396,396,396,396,0
2022-01-21 12:10:00,396,396,396,396,0
2022-01-21 12:11:00,396,396,396,396,0
2022-01-21 12:12:00,396,396,396,396,0
2022-01-21 12:13:00,396,396,396,396,0
2022-01-21 12:14:00,396,396,396,396,0
2022-01-21 12:15:00,396,396,396,396,0
2022-01-21 12:16:00,396,396,396,396,0
2022-01-21 12:17:00,396,396,396,396,0
2022-01-21 12:18:00,396,396,396,396,0
2022-01-21 12:19:00,396,396,396,396,0
2022-01-21 12:20:00,396,396,396,396,0
2022-01-21 12:21:00,396,396,396,396,0
2022-01-21 12:22:00,396,396,396,396,0
2022-01-21 12:23:00,396,396,396,396,0
2022-01-21 12:24:00,396,396,396,396,0
2022-01-21 12:25:00,396,396,396,396,0
2022-01-21 12:26:00,396,396,396,396,0
2022-01-21 12:27:00,396,396,396,396,0
2022-01-21 12:28:00,396,396,396,396,0
2022-01-21 12:29:00,396,396,396,396,0
2022-01-21 12:30:00,396,396,396,396,0
2022-01-21 12:31:00,396,396,396,396,0
2022-01-21 12:32:00,396,396,396,396,0
2022-01-21 12:33:00,396,396,396,396,0
2022-01-21 12:34:00,396,396,396,396,0
2022-01-21 12:35:00,396,396,396,396,0
2022-01-21 12:36:00,396,396,396,396,0
2022-01-21 12:37:00,396,396,396,396,0
2022-01-21 12:38:00,396,396,396,396,0
2022-01-21 12:39:00,396,396,396,396,0
2022-01-21 12:40:00,396,396,396,396,0
2022-01-21 12:41:00,396,396,396,396,0
2022-01-21 12:42:00,396,396,396,396,0
2022-01-21 12:43:00,396,396,396,396,0
2022-01-21 12:44:00,396,396,396,396,0
2022-01-21 12:45:00,396,396,396,396,0
2022-01-21 12:46:00,396,396,396,396,0
2022-01-21 12:47:00,396,396,396,396,0
2022-01-21 12:48:00,396,396,396,396,0
2022-01-21 12:49:00,396,396,396,396,0
2022-01-21 12:50:00,396,396,396,396,0
2022-01-21 12:51:00,396,396,396,396,0
2022-01-21 12:52:00,396,396,396,396,0
2022-01-21 12:53:00,396,396,396,396,0
2022-01-21 12:54:00,396,396,396,396,0
2022-01-21 12:55:00,396,396,396,396,0
2022-01-21 12:56:00,396,396,396,396,0
2022-01-21 12:57:00,396,396,396,396,0
2022-01-21 12:58:00,396,396,396,396,0
2022-01-21 12:59:00,396,396,396,396,0
2022-01-21 13:00:00,396,396,396,396,0
2022-01-21 13:01:00,396,396,396,396,0
2022-01-21 13:02:00,396,396,396,396,0
2022-01-21 13:03:00,396,396,396,396,0
2022-01-21 13:04:00,396,396,396,396,0
2022-01-21 13:05:00,396,396,396,396,0
2022-01-21 13:06:00,396,396,396,396,0
2022-01-21 13:07:00,396,396,396,396,0
2022-01-21 13:08:00,396,396,396,396,0
2022-01-21 13:09:00,396,396,396,396,0
2022-01-21 13:10:00,396,396,396,396,0
2022-01-21 13:11:00,396,396,396,396,0
2022-01-21 13:12:00,396,396,396,396,0
2022-01-21 13:13:00,396,396,396,396,0
2022-01-21 13:14:00,396,396,396,396,0
2022-01-21 13:15:00,396,396,396,396,0
2022-01-21 13:16:00,396,396,396,396,0
2022-01-21 13:17:00,396,396,396,396,0
2022-01-21 13:18:00,396,396,396,396,0
2022-01-21 13:19:00,396,396,396,396,0
2022-01-21 13:20:00,396,396,396,396,0
2022-01-21 13:21:00,396,396,396,396,0
2022-01-21 13:22:00,396,396,396,396,0
2022-01-21 13:23:00,396,396,396,396,0
2022-01-21 13:24:00,396,396,396,396,0
2022-01-21 13:25:00,396,396,396,396,0
2022-01-21 13:26:00,396,396,396,396,0
2022-01-21 13:27:00,396,396,396,396,0
2022-01-21 13:28:00,396,396,396,396,0
2022-01-21 13:29:00,396,396,396,396,0
2022-01-21 13:30:00,396,396,398,398,20000
2022-01-21 13:31:00,396,392,396,392,22300
2022-01-21 13:32:00,396,392,396,392,0
2022-01-21 13:33:00,390,390,390,390,15500
2022-01-21 13:34:00,390,390,390,390,0
2022-01-21 13:35:00,390,390,390,390,0
2022-01-21 13:36:00,390,390,390,390,0
2022-01-21 13:37:00,390,390,390,390,0
2022-01-21 13:38:00,390,390,390,390,0
2022-01-21 13:39:00,390,390,390,390,0
2022-01-21 13:40:00,390,390,390,390,0
2022-01-21 13:41:00,390,390,390,390,0
2022-01-21 13:42:00,390,390,390,390,0
2022-01-21 13:43:00,390,390,390,390,0
2022-01-21 13:44:00,390,390,390,390,10000
2022-01-21 13:45:00,390,390,390,390,0
2022-01-21 13:46:00,390,390,390,390,0
2022-01-21 13:47:00,390,390,390,390,0
2022-01-21 13:48:00,390,390,390,390,0
2022-01-21 13:49:00,390,390,390,390,0
2022-01-21 13:50:00,390,390,390,390,0
2022-01-21 13:51:00,390,390,390,390,0
2022-01-21 13:52:00,390,390,390,390,0
2022-01-21 13:53:00,390,390,390,390,0
2022-01-21 13:54:00,390,390,390,390,0
2022-01-21 13:55:00,390,390,390,390,0
2022-01-21 13:56:00,390,390,390,390,0
2022-01-21 13:57:00,390,390,390,390,0
2022-01-21 13:58:00,390,390,390,390,0
2022-01-21 13:59:00,390,390,390,390,0
2022-01-21 14:00:00,390,390,390,390,0
2022-01-21 14:01:00,390,390,390,390,2000
2022-01-21 14:02:00,390,390,390,390,0
2022-01-21 14:03:00,390,390,390,390,0
2022-01-21 14:04:00,390,390,390,390,0
2022-01-21 14:05:00,390,390,390,390,0
2022-01-21 14:06:00,390,390,390,390,0
2022-01-21 14:07:00,390,390,390,390,0
2022-01-21 14:08:00,390,390,390,390,0
2022-01-21 14:09:00,390,390,390,390,100
2022-01-21 14:10:00,390,390,390,390,0
2022-01-21 14:11:00,390,390,390,390,0
2022-01-21 14:12:00,390,390,390,390,0
2022-01-21 14:13:00,390,390,390,390,0
2022-01-21 14:14:00,390,390,390,390,0
2022-01-21 14:15:00,390,390,390,390,0
2022-01-21 14:16:00,390,390,390,390,0
2022-01-21 14:17:00,390,390,390,390,0
2022-01-21 14:18:00,390,390,390,390,0
2022-01-21 14:19:00,390,390,390,390,0
2022-01-21 14:20:00,398,398,398,398,100
2022-01-21 14:21:00,390,390,390,390,1500
2022-01-21 14:22:00,390,390,390,390,0
2022-01-21 14:23:00,390,390,390,390,0
2022-01-21 14:24:00,390,390,390,390,0
2022-01-21 14:25:00,390,390,390,390,0
2022-01-21 14:26:00,390,390,390,390,0
2022-01-21 14:27:00,390,390,390,390,0
2022-01-21 14:28:00,398,398,398,398,100
2022-01-21 14:29:00,398,398,398,398,0
2022-01-21 14:30:00,398,398,398,398,0
2022-01-21 14:31:00,398,398,398,398,0
2022-01-21 14:32:00,398,398,398,398,0
2022-01-21 14:33:00,398,398,398,398,0
2022-01-21 14:34:00,398,398,398,398,0
2022-01-21 14:35:00,398,398,398,398,0
2022-01-21 14:36:00,398,398,398,398,0
2022-01-21 14:37:00,398,398,398,398,0
2022-01-21 14:38:00,390,390,390,390,10000
2022-01-21 14:39:00,390,390,390,390,0
2022-01-21 14:40:00,390,390,390,390,0
2022-01-21 14:41:00,390,390,390,390,0
2022-01-21 14:42:00,390,390,390,390,0
2022-01-21 14:43:00,394,394,394,394,1000
2022-01-21 14:44:00,394,394,394,394,0
2022-01-21 14:45:00,394,394,394,394,0
2022-01-21 14:46:00,398,398,398,398,12600
2022-01-21 14:47:00,398,398,398,398,0
2022-01-21 14:48:00,398,398,398,398,0
2022-01-21 14:49:00,398,398,398,398,0
2022-01-21 14:50:00,398,398,398,398,0
2022-01-21 14:51:00,398,398,398,398,0
2022-01-21 14:52:00,398,398,398,398,0
2022-01-21 14:53:00,398,398,398,398,0
2022-01-21 14:54:00,398,398,398,398,0
2022-01-21 14:55:00,398,398,398,398,0
2022-01-21 14:56:00,398,398,398,398,0
2022-01-21 14:57:00,398,398,398,398,0
2022-01-21 14:58:00,398,398,398,398,0
2022-01-21 14:59:00,398,398,398,398,0
2022-01-21 15:00:00,398,398,398,398,0
2022-01-21 15:01:00,398,398,398,398,0
2022-01-21 15:02:00,398,398,398,398,3600
2022-01-21 15:03:00,398,398,398,398,0
2022-01-21 15:04:00,398,398,398,398,2100
2022-01-21 15:05:00,398,398,398,398,0
2022-01-21 15:06:00,398,398,398,398,0
2022-01-21 15:07:00,398,398,398,398,17000
2022-01-21 15:08:00,398,398,398,398,0
2022-01-21 15:09:00,398,398,398,398,0
2022-01-21 15:10:00,398,398,398,398,0
2022-01-21 15:11:00,398,398,398,398,0
2022-01-21 15:12:00,398,398,398,398,0
2022-01-21 15:13:00,398,398,398,398,0
2022-01-21 15:14:00,398,398,398,398,0
2022-01-21 15:15:00,398,398,398,398,0
2022-01-21 15:16:00,398,398,398,398,0
2022-01-21 15:17:00,398,398,398,398,0
2022-01-21 15:18:00,398,398,398,398,0
2022-01-21 15:19:00,398,398,398,398,0
2022-01-21 15:20:00,398,398,398,398,0
2022-01-21 15:21:00,398,398,398,398,0
2022-01-21 15:22:00,398,398,398,398,0
2022-01-21 15:23:00,398,398,398,398,0
2022-01-21 15:24:00,398,398,398,398,0
2022-01-21 15:25:00,398,398,398,398,0
2022-01-21 15:26:00,398,398,398,398,0
2022-01-21 15:27:00,398,398,398,398,0
2022-01-21 15:28:00,398,398,398,398,0
2022-01-21 15:29:00,398,398,398,398,0
2022-01-21 15:30:00,398,398,398,398,0
2022-01-21 15:31:00,398,398,398,398,0
2022-01-21 15:32:00,398,398,398,398,0
2022-01-21 15:33:00,398,398,398,398,0
2022-01-21 15:34:00,398,398,398,398,0
2022-01-21 15:35:00,398,398,398,398,0
2022-01-21 15:36:00,398,398,398,398,0
2022-01-21 15:37:00,398,398,398,398,0
2022-01-21 15:38:00,398,398,398,398,0
2022-01-21 15:39:00,398,398,398,398,0
2022-01-21 15:40:00,398,398,398,398,0
2022-01-21 15:41:00,398,398,398,398,0
2022-01-21 15:42:00,398,398,398,398,0
2022-01-21 15:43:00,398,398,398,398,0
2022-01-21 15:44:00,398,398,398,398,0
2022-01-21 15:45:00,398,398,398,398,0
2022-01-21 15:46:00,398,398,398,398,0
2022-01-21 15:47:00,398,398,398,398,0
2022-01-21 15:48:00,398,398,398,398,0
2022-01-21 15:49:00,398,398,398,398,0
2022-01-21 15:50:00,398,398,398,398,0
2022-01-21 15:51:00,398,398,398,398,0
2022-01-21 15:52:00,398,398,398,398,0
2022-01-21 15:53:00,398,398,398,398,0
2022-01-21 15:54:00,398,398,398,398,0
2022-01-21 15:55:00,398,398,398,398,0
2022-01-21 15:56:00,398,398,398,398,0
2022-01-21 15:57:00,398,398,398,398,0
2022-01-21 15:58:00,398,398,398,398,0
2022-01-21 15:59:00,398,398,398,398,0
2022-01-24 09:00:00,384,384,384,384,0
2022-01-24 09:01:00,384,384,384,384,0
2022-01-24 09:02:00,384,384,384,384,0
2022-01-24 09:03:00,384,384,384,384,0
2022-01-24 09:04:00,384,384,384,384,0
2022-01-24 09:05:00,384,384,384,384,0
2022-01-24 09:06:00,384,384,384,384,0
2022-01-24 09:07:00,384,384,384,384,0
2022-01-24 09:08:00,384,384,384,384,0
2022-01-24 09:09:00,384,384,384,384,0
2022-01-24 09:10:00,384,384,384,384,0
2022-01-24 09:11:00,384,384,384,384,0
2022-01-24 09:12:00,384,384,384,384,0
2022-01-24 09:13:00,384,384,384,384,0
2022-01-24 09:14:00,384,384,384,384,0
2022-01-24 09:15:00,384,384,384,384,0
2022-01-24 09:16:00,384,384,384,384,0
2022-01-24 09:17:00,384,384,384,384,0
2022-01-24 09:18:00,384,384,384,384,0
2022-01-24 09:19:00,384,384,384,384,0
2022-01-24 09:20:00,384,384,384,384,0
2022-01-24 09:21:00,384,384,384,384,0
2022-01-24 09:22:00,384,384,384,384,0
2022-01-24 09:23:00,384,384,384,384,0
2022-01-24 09:24:00,384,384,384,384,0
2022-01-24 09:25:00,384,384,384,384,0
2022-01-24 09:26:00,384,384,384,384,0
2022-01-24 09:27:00,384,384,384,384,0
2022-01-24 09:28:00,384,384,384,384,0
2022-01-24 09:29:00,384,384,384,384,0
2022-01-24 09:30:00,384,384,384,384,0
2022-01-24 09:31:00,384,384,384,384,0
2022-01-24 09:32:00,384,384,384,384,0
2022-01-24 09:33:00,384,384,384,384,0
2022-01-24 09:34:00,384,384,384,384,0
2022-01-24 09:35:00,384,384,384,384,0
2022-01-24 09:36:00,384,384,384,384,0
2022-01-24 09:37:00,384,384,384,384,0
2022-01-24 09:38:00,384,384,384,384,0
2022-01-24 09:39:00,384,384,384,384,0
2022-01-24 09:40:00,384,384,384,384,0
2022-01-24 09:41:00,384,384,384,384,0
2022-01-24 09:42:00,384,384,384,384,0
2022-01-24 09:43:00,384,384,384,384,0
2022-01-24 09:44:00,384,384,384,384,0
2022-01-24 09:45:00,384,384,384,384,0
2022-01-24 09:46:00,384,384,384,384,0
2022-01-24 09:47:00,384,384,384,384,0
2022-01-24 09:48:00,384,384,384,384,0
2022-01-24 09:49:00,384,384,384,384,0
2022-01-24 09:50:00,384,384,384,384,0
2022-01-24 09:51:00,384,384,384,384,0
2022-01-24 09:52:00,384,384,384,384,0
2022-01-24 09:53:00,384,384,384,384,0
2022-01-24 09:54:00,384,384,384,384,0
2022-01-24 09:55:00,384,384,384,384,0
2022-01-24 09:56:00,384,384,384,384,0
2022-01-24 09:57:00,384,384,384,384,0
2022-01-24 09:58:00,384,384,384,384,0
2022-01-24 09:59:00,384,384,384,384,0
2022-01-24 10:00:00,384,384,384,384,0
2022-01-24 10:01:00,384,384,384,384,0
2022-01-24 10:02:00,384,384,384,384,0
2022-01-24 10:03:00,384,384,384,384,0
2022-01-24 10:04:00,384,384,384,384,0
2022-01-24 10:05:00,384,384,384,384,0
2022-01-24 10:06:00,384,384,384,384,0
2022-01-24 10:07:00,384,384,384,384,0
2022-01-24 10:08:00,384,384,384,384,0
2022-01-24 10:09:00,384,384,384,384,0
2022-01-24 10:10:00,384,384,384,384,0
2022-01-24 10:11:00,384,384,384,384,0
2022-01-24 10:12:00,384,384,384,384,0
2022-01-24 10:13:00,384,384,384,384,0
2022-01-24 10:14:00,384,384,384,384,0
2022-01-24 10:15:00,384,384,384,384,0
2022-01-24 10:16:00,384,384,384,384,0
2022-01-24 10:17:00,384,384,384,384,0
2022-01-24 10:18:00,384,384,384,384,0
2022-01-24 10:19:00,384,384,384,384,0
2022-01-24 10:20:00,384,384,384,384,0
2022-01-24 10:21:00,384,384,384,384,0
2022-01-24 10:22:00,384,384,384,384,0
2022-01-24 10:23:00,384,384,384,384,0
2022-01-24 10:24:00,384,384,384,384,0
2022-01-24 10:25:00,384,384,384,384,0
2022-01-24 10:26:00,384,384,384,384,0
2022-01-24 10:27:00,384,384,384,384,0
2022-01-24 10:28:00,384,384,384,384,0
2022-01-24 10:29:00,384,384,384,384,0
2022-01-24 10:30:00,384,384,384,384,0
2022-01-24 10:31:00,384,384,384,384,0
2022-01-24 10:32:00,384,384,384,384,0
2022-01-24 10:33:00,384,384,384,384,0
2022-01-24 10:34:00,384,384,384,384,0
2022-01-24 10:35:00,384,384,384,384,0
2022-01-24 10:36:00,384,384,384,384,0
2022-01-24 10:37:00,384,384,384,384,0
2022-01-24 10:38:00,384,384,384,384,0
2022-01-24 10:39:00,384,384,384,384,0
2022-01-24 10:40:00,384,384,384,384,0
2022-01-24 10:41:00,384,384,384,384,0
2022-01-24 10:42:00,384,384,384,384,0
2022-01-24 10:43:00,384,384,384,384,0
2022-01-24 10:44:00,384,384,384,384,0
2022-01-24 10:45:00,384,384,384,384,0
2022-01-24 10:46:00,384,384,384,384,0
2022-01-24 10:47:00,384,384,384,384,0
2022-01-24 10:48:00,384,384,384,384,0
2022-01-24 10:49:00,384,384,384,384,0
2022-01-24 10:50:00,384,384,384,384,0
2022-01-24 10:51:00,384,384,384,384,0
2022-01-24 10:52:00,384,384,384,384,0
2022-01-24 10:53:00,384,384,384,384,0
2022-01-24 10:54:00,384,384,384,384,0
2022-01-24 10:55:00,384,384,384,384,0
2022-01-24 10:56:00,384,384,384,384,0
2022-01-24 10:57:00,384,384,384,384,0
2022-01-24 10:58:00,384,384,384,384,0
2022-01-24 10:59:00,384,384,384,384,0
2022-01-24 11:00:00,384,384,384,384,0
2022-01-24 11:01:00,384,384,384,384,0
2022-01-24 11:02:00,384,384,384,384,0
2022-01-24 11:03:00,384,384,384,384,0
2022-01-24 11:04:00,384,384,384,384,0
2022-01-24 11:05:00,384,384,384,384,0
2022-01-24 11:06:00,384,384,384,384,0
2022-01-24 11:07:00,384,384,384,384,0
2022-01-24 11:08:00,384,384,384,384,0
2022-01-24 11:09:00,384,384,384,384,0
2022-01-24 11:10:00,384,384,384,384,0
2022-01-24 11:11:00,384,384,384,384,0
2022-01-24 11:12:00,384,384,384,384,0
2022-01-24 11:13:00,384,384,384,384,0
2022-01-24 11:14:00,384,384,384,384,0
2022-01-24 11:15:00,384,384,384,384,0
2022-01-24 11:16:00,384,384,384,384,0
2022-01-24 11:17:00,384,384,384,384,0
2022-01-24 11:18:00,384,384,384,384,0
2022-01-24 11:19:00,384,384,384,384,0
2022-01-24 11:20:00,384,384,384,384,0
2022-01-24 11:21:00,384,384,384,384,0
2022-01-24 11:22:00,384,384,384,384,0
2022-01-24 11:23:00,384,384,384,384,0
2022-01-24 11:24:00,384,384,384,384,0
2022-01-24 11:25:00,384,384,384,384,0
2022-01-24 11:26:00,384,384,384,384,0
2022-01-24 11:27:00,384,384,384,384,0
2022-01-24 11:28:00,384,384,384,384,0
2022-01-24 11:29:00,384,384,384,384,0
2022-01-24 11:30:00,384,384,384,384,0
2022-01-24 11:31:00,384,384,384,384,0
2022-01-24 11:32:00,384,384,384,384,0
2022-01-24 11:33:00,384,384,384,384,0
2022-01-24 11:34:00,384,384,384,384,0
2022-01-24 11:35:00,384,384,384,384,0
2022-01-24 11:36:00,384,384,384,384,0
2022-01-24 11:37:00,384,384,384,384,0
2022-01-24 11:38:00,384,384,384,384,0
2022-01-24 11:39:00,384,384,384,384,0
2022-01-24 11:40:00,384,384,384,384,0
2022-01-24 11:41:00,384,384,384,384,0
2022-01-24 11:42:00,384,384,384,384,0
2022-01-24 11:43:00,384,384,384,384,0
2022-01-24 11:44:00,384,384,384,384,0
2022-01-24 11:45:00,384,384,384,384,0
2022-01-24 11:46:00,384,384,384,384,0
2022-01-24 11:47:00,384,384,384,384,0
2022-01-24 11:48:00,384,384,384,384,0
2022-01-24 11:49:00,384,384,384,384,0
2022-01-24 11:50:00,384,384,384,384,0
2022-01-24 11:51:00,384,384,384,384,0
2022-01-24 11:52:00,384,384,384,384,0
2022-01-24 11:53:00,384,384,384,384,0
2022-01-24 11:54:00,384,384,384,384,0
2022-01-24 11:55:00,384,384,384,384,0
2022-01-24 11:56:00,384,384,384,384,0
2022-01-24 11:57:00,384,384,384,384,0
2022-01-24 11:58:00,384,384,384,384,0
2022-01-24 11:59:00,384,384,384,384,0
2022-01-24 12:00:00,384,384,384,384,0
2022-01-24 12:01:00,384,384,384,384,0
2022-01-24 12:02:00,384,384,384,384,0
2022-01-24 12:03:00,384,384,384,384,0
2022-01-24 12:04:00,384,384,384,384,0
2022-01-24 12:05:00,384,384,384,384,0
2022-01-24 12:06:00,384,384,384,384,0
2022-01-24 12:07:00,384,384,384,384,0
2022-01-24 12:08:00,384,384,384,384,0
2022-01-24 12:09:00,384,384,384,384,0
2022-01-24 12:10:00,384,384,384,384,0
2022-01-24 12:11:00,384,384,384,384,0
2022-01-24 12:12:00,384,384,384,384,0
2022-01-24 12:13:00,384,384,384,384,0
2022-01-24 12:14:00,384,384,384,384,0
2022-01-24 12:15:00,384,384,384,384,0
2022-01-24 12:16:00,384,384,384,384,0
2022-01-24 12:17:00,384,384,384,384,0
2022-01-24 12:18:00,384,384,384,384,0
2022-01-24 12:19:00,384,384,384,384,0
2022-01-24 12:20:00,384,384,384,384,0
2022-01-24 12:21:00,384,384,384,384,0
2022-01-24 12:22:00,384,384,384,384,0
2022-01-24 12:23:00,384,384,384,384,0
2022-01-24 12:24:00,384,384,384,384,0
2022-01-24 12:25:00,384,384,384,384,0
2022-01-24 12:26:00,384,384,384,384,0
2022-01-24 12:27:00,384,384,384,384,0
2022-01-24 12:28:00,384,384,384,384,0
2022-01-24 12:29:00,384,384,384,384,0
2022-01-24 12:30:00,384,384,384,384,0
2022-01-24 12:31:00,384,384,384,384,0
2022-01-24 12:32:00,384,384,384,384,0
2022-01-24 12:33:00,384,384,384,384,0
2022-01-24 12:34:00,384,384,384,384,0
2022-01-24 12:35:00,384,384,384,384,0
2022-01-24 12:36:00,384,384,384,384,0
2022-01-24 12:37:00,384,384,384,384,0
2022-01-24 12:38:00,384,384,384,384,0
2022-01-24 12:39:00,384,384,384,384,0
2022-01-24 12:40:00,384,384,384,384,0
2022-01-24 12:41:00,384,384,384,384,0
2022-01-24 12:42:00,384,384,384,384,0
2022-01-24 12:43:00,384,384,384,384,0
2022-01-24 12:44:00,384,384,384,384,0
2022-01-24 12:45:00,384,384,384,384,0
2022-01-24 12:46:00,384,384,384,384,0
2022-01-24 12:47:00,384,384,384,384,0
2022-01-24 12:48:00,384,384,384,384,0
2022-01-24 12:49:00,384,384,384,384,0
2022-01-24 12:50:00,384,384,384,384,0
2022-01-24 12:51:00,384,384,384,384,0
2022-01-24 12:52:00,384,384,384,384,0
2022-01-24 12:53:00,384,384,384,384,0
2022-01-24 12:54:00,384,384,384,384,0
2022-01-24 12:55:00,384,384,384,384,0
2022-01-24 12:56:00,384,384,384,384,0
2022-01-24 12:57:00,384,384,384,384,0
2022-01-24 12:58:00,384,384,384,384,0
2022-01-24 12:59:00,384,384,384,384,0
2022-01-24 13:00:00,384,384,384,384,0
2022-01-24 13:01:00,384,384,384,384,0
2022-01-24 13:02:00,384,384,384,384,0
2022-01-24 13:03:00,384,384,384,384,0
2022-01-24 13:04:00,384,384,384,384,0
2022-01-24 13:05:00,384,384,384,384,0
2022-01-24 13:06:00,384,384,384,384,0
2022-01-24 13:07:00,384,384,384,384,0
2022-01-24 13:08:00,384,384,384,384,0
2022-01-24 13:09:00,384,384,384,384,0
2022-01-24 13:10:00,384,384,384,384,0
2022-01-24 13:11:00,384,384,384,384,0
2022-01-24 13:12:00,384,384,384,384,0
2022-01-24 13:13:00,384,384,384,384,0
2022-01-24 13:14:00,384,384,384,384,0
2022-01-24 13:15:00,384,384,384,384,0
2022-01-24 13:16:00,384,384,384,384,0
2022-01-24 13:17:00,384,384,384,384,0
2022-01-24 13:18:00,384,384,384,384,0
2022-01-24 13:19:00,384,384,384,384,0
2022-01-24 13:20:00,384,384,384,384,0
2022-01-24 13:21:00,384,384,384,384,0
2022-01-24 13:22:00,384,384,384,384,0
2022-01-24 13:23:00,384,384,384,384,0
2022-01-24 13:24:00,384,384,384,384,0
2022-01-24 13:25:00,384,384,384,384,0
2022-01-24 13:26:00,384,384,384,384,0
2022-01-24 13:27:00,384,384,384,384,0
2022-01-24 13:28:00,384,384,384,384,0
2022-01-24 13:29:00,384,384,384,384,0
2022-01-24 13:30:00,384,384,384,384,0
2022-01-24 13:31:00,384,384,384,384,0
2022-01-24 13:32:00,384,384,384,384,0
2022-01-24 13:33:00,384,384,384,384,0
2022-01-24 13:34:00,384,384,384,384,0
2022-01-24 13:35:00,384,384,384,384,0
2022-01-24 13:36:00,384,384,384,384,0
2022-01-24 13:37:00,384,384,384,384,0
2022-01-24 13:38:00,384,384,384,384,0
2022-01-24 13:39:00,384,384,384,384,0
2022-01-24 13:40:00,384,384,384,384,0
2022-01-24 13:41:00,384,384,384,384,0
2022-01-24 13:42:00,384,384,384,384,0
2022-01-24 13:43:00,384,384,384,384,0
2022-01-24 13:44:00,384,384,384,384,0
2022-01-24 13:45:00,384,384,384,384,0
2022-01-24 13:46:00,384,384,384,384,0
2022-01-24 13:47:00,384,384,384,384,0
2022-01-24 13:48:00,384,384,384,384,0
2022-01-24 13:49:00,384,384,384,384,0
2022-01-24 13:50:00,384,384,384,384,0
2022-01-24 13:51:00,384,384,384,384,0
2022-01-24 13:52:00,384,384,384,384,0
2022-01-24 13:53:00,384,384,384,384,0
2022-01-24 13:54:00,384,384,384,384,0
2022-01-24 13:55:00,384,384,384,384,0
2022-01-24 13:56:00,384,384,384,384,0
2022-01-24 13:57:00,384,384,384,384,0
2022-01-24 13:58:00,384,384,384,384,0
2022-01-24 13:59:00,384,384,384,384,0
2022-01-24 14:00:00,384,384,384,384,0
2022-01-24 14:01:00,384,384,384,384,0
2022-01-24 14:02:00,384,384,384,384,0
2022-01-24 14:03:00,384,384,384,384,0
2022-01-24 14:04:00,384,384,384,384,0
2022-01-24 14:05:00,384,384,384,384,0
2022-01-24 14:06:00,384,384,384,384,0
2022-01-24 14:07:00,384,384,384,384,0
2022-01-24 14:08:00,384,384,384,384,0
2022-01-24 14:09:00,384,384,384,384,0
2022-01-24 14:10:00,384,384,384,384,0
2022-01-24 14:11:00,384,384,384,384,0
2022-01-24 14:12:00,384,384,384,384,0
2022-01-24 14:13:00,384,384,384,384,0
2022-01-24 14:14:00,384,384,384,384,0
2022-01-24 14:15:00,384,384,384,384,0
2022-01-24 14:16:00,384,384,384,384,0
2022-01-24 14:17:00,384,384,384,384,0
2022-01-24 14:18:00,384,384,384,384,0
2022-01-24 14:19:00,384,384,384,384,0
2022-01-24 14:20:00,384,384,384,384,0
2022-01-24 14:21:00,384,384,384,384,0
2022-01-24 14:22:00,384,384,384,384,0
2022-01-24 14:23:00,384,384,384,384,0
2022-01-24 14:24:00,384,384,384,384,0
2022-01-24 14:25:00,384,384,384,384,0
2022-01-24 14:26:00,384,384,384,384,0
2022-01-24 14:27:00,384,384,384,384,0
2022-01-24 14:28:00,384,384,384,384,0
2022-01-24 14:29:00,384,384,384,384,0
2022-01-24 14:30:00,384,384,384,384,0
2022-01-24 14:31:00,384,384,384,384,0
2022-01-24 14:32:00,384,384,384,384,0
2022-01-24 14:33:00,384,384,384,384,0
2022-01-24 14:34:00,384,384,384,384,0
2022-01-24 14:35:00,384,384,384,384,0
2022-01-24 14:36:00,384,384,384,384,0
2022-01-24 14:37:00,384,384,384,384,0
2022-01-24 14:38:00,384,384,384,384,0
2022-01-24 14:39:00,384,384,384,384,0
2022-01-24 14:40:00,384,384,384,384,0
2022-01-24 14:41:00,384,384,384,384,0
2022-01-24 14:42:00,384,384,384,384,0
2022-01-24 14:43:00,384,384,384,384,0
2022-01-24 14:44:00,384,384,384,384,0
2022-01-24 14:45:00,384,384,384,384,0
2022-01-24 14:46:00,384,384,384,384,0
2022-01-24 14:47:00,384,384,384,384,0
2022-01-24 14:48:00,384,384,384,384,0
2022-01-24 14:49:00,384,384,384,384,0
2022-01-24 14:50:00,384,384,384,384,0
2022-01-24 14:51:00,384,384,384,384,0
2022-01-24 14:52:00,384,384,384,384,0
2022-01-24 14:53:00,384,384,384,384,0
2022-01-24 14:54:00,384,384,384,384,0
2022-01-24 14:55:00,384,384,384,384,0
2022-01-24 14:56:00,384,384,384,384,0
2022-01-24 14:57:00,384,384,384,384,0
2022-01-24 14:58:00,384,384,384,384,0
2022-01-24 14:59:00,384,384,384,384,0
2022-01-24 15:00:00,384,384,384,384,0
2022-01-24 15:01:00,384,384,384,384,0
2022-01-24 15:02:00,384,384,384,384,0
2022-01-24 15:03:00,384,384,384,384,0
2022-01-24 15:04:00,384,384,384,384,0
2022-01-24 15:05:00,384,384,384,384,0
2022-01-24 15:06:00,384,384,384,384,0
2022-01-24 15:07:00,384,384,384,384,0
2022-01-24 15:08:00,384,384,384,384,0
2022-01-24 15:09:00,384,384,384,384,0
2022-01-24 15:10:00,384,384,384,384,0
2022-01-24 15:11:00,384,384,384,384,0
2022-01-24 15:12:00,384,384,384,384,0
2022-01-24 15:13:00,384,384,384,384,0
2022-01-24 15:14:00,384,384,384,384,0
2022-01-24 15:15:00,384,384,384,384,0
2022-01-24 15:16:00,384,384,384,384,0
2022-01-24 15:17:00,384,384,384,384,0
2022-01-24 15:18:00,384,384,384,384,0
2022-01-24 15:19:00,384,384,384,384,0
2022-01-24 15:20:00,384,384,384,384,0
2022-01-24 15:21:00,384,384,384,384,0
2022-01-24 15:22:00,384,384,384,384,0
2022-01-24 15:23:00,384,384,384,384,0
2022-01-24 15:24:00,384,384,384,384,0
2022-01-24 15:25:00,384,384,384,384,0
2022-01-24 15:26:00,384,384,384,384,0
2022-01-24 15:27:00,384,384,384,384,0
2022-01-24 15:28:00,384,384,384,384,0
2022-01-24 15:29:00,384,384,384,384,0
2022-01-24 15:30:00,384,384,384,384,0
2022-01-24 15:31:00,384,384,384,384,0
2022-01-24 15:32:00,384,384,384,384,0
2022-01-24 15:33:00,384,384,384,384,0
2022-01-24 15:34:00,384,384,384,384,0
2022-01-24 15:35:00,384,384,384,384,0
2022-01-24 15:36:00,384,384,384,384,0
2022-01-24 15:37:00,384,384,384,384,0
2022-01-24 15:38:00,384,384,384,384,0
2022-01-24 15:39:00,384,384,384,384,0
2022-01-24 15:40:00,384,384,384,384,0
2022-01-24 15:41:00,384,384,384,384,0
2022-01-24 15:42:00,384,384,384,384,0
2022-01-24 15:43:00,384,384,384,384,0
2022-01-24 15:44:00,384,384,384,384,0
2022-01-24 15:45:00,384,384,384,384,0
2022-01-24 15:46:00,384,384,384,384,0
2022-01-24 15:47:00,384,384,384,384,0
2022-01-24 15:48:00,384,384,384,384,0
2022-01-24 15:49:00,384,384,384,384,0
2022-01-24 15:50:00,384,384,384,384,0
2022-01-24 15:51:00,384,384,384,384,0
2022-01-24 15:52:00,384,384,384,384,0
2022-01-24 15:53:00,384,384,384,384,0
2022-01-24 15:54:00,384,384,384,384,0
2022-01-24 15:55:00,384,384,384,384,0
2022-01-24 15:56:00,384,384,384,384,0
2022-01-24 15:57:00,384,384,384,384,0
2022-01-24 15:58:00,384,384,384,384,0
2022-01-24 15:59:00,384,384,384,384,0
2022-01-25 09:00:00,384,384,384,384,0
2022-01-25 09:01:00,384,384,384,384,0
2022-01-25 09:02:00,384,384,384,384,0
2022-01-25 09:03:00,384,384,384,384,0
2022-01-25 09:04:00,384,384,384,384,0
2022-01-25 09:05:00,384,384,384,384,0
2022-01-25 09:06:00,384,384,384,384,0
2022-01-25 09:07:00,384,384,384,384,0
2022-01-25 09:08:00,384,384,384,384,0
2022-01-25 09:09:00,384,384,384,384,0
2022-01-25 09:10:00,384,384,384,384,0
2022-01-25 09:11:00,384,384,384,384,0
2022-01-25 09:12:00,384,384,384,384,0
2022-01-25 09:13:00,384,384,384,384,0
2022-01-25 09:14:00,384,384,384,384,0
2022-01-25 09:15:00,384,384,384,384,0
2022-01-25 09:16:00,384,384,384,384,0
2022-01-25 09:17:00,384,384,384,384,0
2022-01-25 09:18:00,384,384,384,384,0
2022-01-25 09:19:00,384,384,384,384,0
2022-01-25 09:20:00,384,384,384,384,0
2022-01-25 09:21:00,384,384,384,384,0
2022-01-25 09:22:00,384,384,384,384,0
2022-01-25 09:23:00,384,384,384,384,0
2022-01-25 09:24:00,384,384,384,384,0
2022-01-25 09:25:00,384,384,384,384,0
2022-01-25 09:26:00,384,384,384,384,0
2022-01-25 09:27:00,384,384,384,384,0
2022-01-25 09:28:00,384,384,384,384,0
2022-01-25 09:29:00,384,384,384,384,0
2022-01-25 09:30:00,384,384,384,384,0
2022-01-25 09:31:00,384,384,384,384,0
2022-01-25 09:32:00,384,384,384,384,0
2022-01-25 09:33:00,384,384,384,384,0
2022-01-25 09:34:00,384,384,384,384,0
2022-01-25 09:35:00,384,384,384,384,0
2022-01-25 09:36:00,384,384,384,384,0
2022-01-25 09:37:00,384,384,384,384,0
2022-01-25 09:38:00,384,384,384,384,0
2022-01-25 09:39:00,384,384,384,384,0
2022-01-25 09:40:00,384,384,384,384,0
2022-01-25 09:41:00,384,384,384,384,0
2022-01-25 09:42:00,384,384,384,384,0
2022-01-25 09:43:00,384,384,384,384,0
2022-01-25 09:44:00,384,384,384,384,0
2022-01-25 09:45:00,384,384,384,384,0
2022-01-25 09:46:00,384,384,384,384,0
2022-01-25 09:47:00,384,384,384,384,0
2022-01-25 09:48:00,384,384,384,384,0
2022-01-25 09:49:00,384,384,384,384,0
2022-01-25 09:50:00,384,384,384,384,0
2022-01-25 09:51:00,384,384,384,384,0
2022-01-25 09:52:00,384,384,384,384,0
2022-01-25 09:53:00,384,384,384,384,0
2022-01-25 09:54:00,384,384,384,384,0
2022-01-25 09:55:00,384,384,384,384,0
2022-01-25 09:56:00,384,384,384,384,0
2022-01-25 09:57:00,384,384,384,384,0
2022-01-25 09:58:00,384,384,384,384,0
2022-01-25 09:59:00,384,384,384,384,0
2022-01-25 10:00:00,384,384,384,384,0
2022-01-25 10:01:00,384,384,384,384,0
2022-01-25 10:02:00,384,384,384,384,0
2022-01-25 10:03:00,384,384,384,384,0
2022-01-25 10:04:00,384,384,384,384,0
2022-01-25 10:05:00,384,384,384,384,0
2022-01-25 10:06:00,384,384,384,384,0
2022-01-25 10:07:00,384,384,384,384,0
2022-01-25 10:08:00,384,384,384,384,0
2022-01-25 10:09:00,384,384,384,384,0
2022-01-25 10:10:00,384,384,384,384,0
2022-01-25 10:11:00,384,384,384,384,0
2022-01-25 10:12:00,384,384,384,384,0
2022-01-25 10:13:00,384,384,384,384,0
2022-01-25 10:14:00,384,384,384,384,0
2022-01-25 10:15:00,384,384,384,384,0
2022-01-25 10:16:00,384,384,384,384,0
2022-01-25 10:17:00,384,384,384,384,0
2022-01-25 10:18:00,384,384,384,384,0
2022-01-25 10:19:00,384,384,384,384,0
2022-01-25 10:20:00,384,384,384,384,0
2022-01-25 10:21:00,384,384,384,384,0
2022-01-25 10:22:00,384,384,384,384,0
2022-01-25 10:23:00,384,384,384,384,0
2022-01-25 10:24:00,384,384,384,384,0
2022-01-25 10:25:00,384,384,384,384,0
2022-01-25 10:26:00,384,384,384,384,0
2022-01-25 10:27:00,384,384,384,384,0
2022-01-25 10:28:00,384,384,384,384,0
2022-01-25 10:29:00,384,384,384,384,0
2022-01-25 10:30:00,384,384,384,384,0
2022-01-25 10:31:00,384,384,384,384,0
2022-01-25 10:32:00,384,384,384,384,0
2022-01-25 10:33:00,384,384,384,384,0
2022-01-25 10:34:00,384,384,384,384,0
2022-01-25 10:35:00,384,384,384,384,0
2022-01-25 10:36:00,384,384,384,384,0
2022-01-25 10:37:00,384,384,384,384,0
2022-01-25 10:38:00,384,384,384,384,0
2022-01-25 10:39:00,384,384,384,384,0
2022-01-25 10:40:00,384,384,384,384,0
2022-01-25 10:41:00,384,384,384,384,0
2022-01-25 10:42:00,384,384,384,384,0
2022-01-25 10:43:00,384,384,384,384,0
2022-01-25 10:44:00,384,384,384,384,0
2022-01-25 10:45:00,384,384,384,384,0
2022-01-25 10:46:00,384,384,384,384,0
2022-01-25 10:47:00,384,384,384,384,0
2022-01-25 10:48:00,384,384,384,384,0
2022-01-25 10:49:00,384,384,384,384,0
2022-01-25 10:50:00,384,384,384,384,0
2022-01-25 10:51:00,384,384,384,384,0
2022-01-25 10:52:00,384,384,384,384,0
2022-01-25 10:53:00,384,384,384,384,0
2022-01-25 10:54:00,384,384,384,384,0
2022-01-25 10:55:00,384,384,384,384,0
2022-01-25 10:56:00,384,384,384,384,0
2022-01-25 10:57:00,384,384,384,384,0
2022-01-25 10:58:00,384,384,384,384,0
2022-01-25 10:59:00,384,384,384,384,0
2022-01-25 11:00:00,384,384,384,384,0
2022-01-25 11:01:00,384,384,384,384,0
2022-01-25 11:02:00,384,384,384,384,0
2022-01-25 11:03:00,384,384,384,384,0
2022-01-25 11:04:00,384,384,384,384,0
2022-01-25 11:05:00,384,384,384,384,0
2022-01-25 11:06:00,384,384,384,384,0
2022-01-25 11:07:00,384,384,384,384,0
2022-01-25 11:08:00,384,384,384,384,0
2022-01-25 11:09:00,384,384,384,384,0
2022-01-25 11:10:00,384,384,384,384,0
2022-01-25 11:11:00,384,384,384,384,0
2022-01-25 11:12:00,384,384,384,384,0
2022-01-25 11:13:00,384,384,384,384,0
2022-01-25 11:14:00,384,384,384,384,0
2022-01-25 11:15:00,384,384,384,384,0
2022-01-25 11:16:00,384,384,384,384,0
2022-01-25 11:17:00,384,384,384,384,0
2022-01-25 11:18:00,384,384,384,384,0
2022-01-25 11:19:00,384,384,384,384,0
2022-01-25 11:20:00,384,384,384,384,0
2022-01-25 11:21:00,384,384,384,384,0
2022-01-25 11:22:00,384,384,384,384,0
2022-01-25 11:23:00,384,384,384,384,0
2022-01-25 11:24:00,384,384,384,384,0
2022-01-25 11:25:00,384,384,384,384,0
2022-01-25 11:26:00,384,384,384,384,0
2022-01-25 11:27:00,384,384,384,384,0
2022-01-25 11:28:00,384,384,384,384,0
2022-01-25 11:29:00,384,384,384,384,0
2022-01-25 11:30:00,384,384,384,384,0
2022-01-25 11:31:00,384,384,384,384,0
2022-01-25 11:32:00,384,384,384,384,0
2022-01-25 11:33:00,384,384,384,384,0
2022-01-25 11:34:00,384,384,384,384,0
2022-01-25 11:35:00,384,384,384,384,0
2022-01-25 11:36:00,384,384,384,384,0
2022-01-25 11:37:00,384,384,384,384,0
2022-01-25 11:38:00,384,384,384,384,0
2022-01-25 11:39:00,384,384,384,384,0
2022-01-25 11:40:00,384,384,384,384,0
2022-01-25 11:41:00,384,384,384,384,0
2022-01-25 11:42:00,384,384,384,384,0
2022-01-25 11:43:00,384,384,384,384,0
2022-01-25 11:44:00,384,384,384,384,0
2022-01-25 11:45:00,384,384,384,384,0
2022-01-25 11:46:00,384,384,384,384,0
2022-01-25 11:47:00,384,384,384,384,0
2022-01-25 11:48:00,384,384,384,384,0
2022-01-25 11:49:00,384,384,384,384,0
2022-01-25 11:50:00,384,384,384,384,0
2022-01-25 11:51:00,384,384,384,384,0
2022-01-25 11:52:00,384,384,384,384,0
2022-01-25 11:53:00,384,384,384,384,0
2022-01-25 11:54:00,384,384,384,384,0
2022-01-25 11:55:00,384,384,384,384,0
2022-01-25 11:56:00,384,384,384,384,0
2022-01-25 11:57:00,384,384,384,384,0
2022-01-25 11:58:00,384,384,384,384,0
2022-01-25 11:59:00,384,384,384,384,0
2022-01-25 12:00:00,384,384,384,384,0
2022-01-25 12:01:00,384,384,384,384,0
2022-01-25 12:02:00,384,384,384,384,0
2022-01-25 12:03:00,384,384,384,384,0
2022-01-25 12:04:00,384,384,384,384,0
2022-01-25 12:05:00,384,384,384,384,0
2022-01-25 12:06:00,384,384,384,384,0
2022-01-25 12:07:00,384,384,384,384,0
2022-01-25 12:08:00,384,384,384,384,0
2022-01-25 12:09:00,384,384,384,384,0
2022-01-25 12:10:00,384,384,384,384,0
2022-01-25 12:11:00,384,384,384,384,0
2022-01-25 12:12:00,384,384,384,384,0
2022-01-25 12:13:00,384,384,384,384,0
2022-01-25 12:14:00,384,384,384,384,0
2022-01-25 12:15:00,384,384,384,384,0
2022-01-25 12:16:00,384,384,384,384,0
2022-01-25 12:17:00,384,384,384,384,0
2022-01-25 12:18:00,384,384,384,384,0
2022-01-25 12:19:00,384,384,384,384,0
2022-01-25 12:20:00,384,384,384,384,0
2022-01-25 12:21:00,384,384,384,384,0
2022-01-25 12:22:00,384,384,384,384,0
2022-01-25 12:23:00,384,384,384,384,0
2022-01-25 12:24:00,384,384,384,384,0
2022-01-25 12:25:00,384,384,384,384,0
2022-01-25 12:26:00,384,384,384,384,0
2022-01-25 12:27:00,384,384,384,384,0
2022-01-25 12:28:00,384,384,384,384,0
2022-01-25 12:29:00,384,384,384,384,0
2022-01-25 12:30:00,384,384,384,384,0
2022-01-25 12:31:00,384,384,384,384,0
2022-01-25 12:32:00,384,384,384,384,0
2022-01-25 12:33:00,384,384,384,384,0
2022-01-25 12:34:00,384,384,384,384,0
2022-01-25 12:35:00,384,384,384,384,0
2022-01-25 12:36:00,384,384,384,384,0
2022-01-25 12:37:00,384,384,384,384,0
2022-01-25 12:38:00,384,384,384,384,0
2022-01-25 12:39:00,384,384,384,384,0
2022-01-25 12:40:00,384,384,384,384,0
2022-01-25 12:41:00,384,384,384,384,0
2022-01-25 12:42:00,384,384,384,384,0
2022-01-25 12:43:00,384,384,384,384,0
2022-01-25 12:44:00,384,384,384,384,0
2022-01-25 12:45:00,384,384,384,384,0
2022-01-25 12:46:00,384,384,384,384,0
2022-01-25 12:47:00,384,384,384,384,0
2022-01-25 12:48:00,384,384,384,384,0
2022-01-25 12:49:00,384,384,384,384,0
2022-01-25 12:50:00,384,384,384,384,0
2022-01-25 12:51:00,384,384,384,384,0
2022-01-25 12:52:00,384,384,384,384,0
2022-01-25 12:53:00,384,384,384,384,0
2022-01-25 12:54:00,384,384,384,384,0
2022-01-25 12:55:00,384,384,384,384,0
2022-01-25 12:56:00,384,384,384,384,0
2022-01-25 12:57:00,384,384,384,384,0
2022-01-25 12:58:00,384,384,384,384,0
2022-01-25 12:59:00,384,384,384,384,0
2022-01-25 13:00:00,384,384,384,384,0
2022-01-25 13:01:00,384,384,384,384,0
2022-01-25 13:02:00,384,384,384,384,0
2022-01-25 13:03:00,384,384,384,384,0
2022-01-25 13:04:00,384,384,384,384,0
2022-01-25 13:05:00,384,384,384,384,0
2022-01-25 13:06:00,384,384,384,384,0
2022-01-25 13:07:00,384,384,384,384,0
2022-01-25 13:08:00,384,384,384,384,0
2022-01-25 13:09:00,384,384,384,384,0
2022-01-25 13:10:00,384,384,384,384,0
2022-01-25 13:11:00,384,384,384,384,0
2022-01-25 13:12:00,384,384,384,384,0
2022-01-25 13:13:00,384,384,384,384,0
2022-01-25 13:14:00,384,384,384,384,0
2022-01-25 13:15:00,384,384,384,384,0
2022-01-25 13:16:00,384,384,384,384,0
2022-01-25 13:17:00,384,384,384,384,0
2022-01-25 13:18:00,384,384,384,384,0
2022-01-25 13:19:00,384,384,384,384,0
2022-01-25 13:20:00,384,384,384,384,0
2022-01-25 13:21:00,384,384,384,384,0
2022-01-25 13:22:00,384,384,384,384,0
2022-01-25 13:23:00,384,384,384,384,0
2022-01-25 13:24:00,384,384,384,384,0
2022-01-25 13:25:00,384,384,384,384,0
2022-01-25 13:26:00,384,384,384,384,0
2022-01-25 13:27:00,384,384,384,384,0
2022-01-25 13:28:00,384,384,384,384,0
2022-01-25 13:29:00,384,384,384,384,0
2022-01-25 13:30:00,384,384,384,384,0
2022-01-25 13:31:00,384,384,384,384,0
2022-01-25 13:32:00,384,384,384,384,0
2022-01-25 13:33:00,384,384,384,384,0
2022-01-25 13:34:00,384,384,384,384,0
2022-01-25 13:35:00,384,384,384,384,0
2022-01-25 13:36:00,384,384,384,384,0
2022-01-25 13:37:00,384,384,384,384,0
2022-01-25 13:38:00,384,384,384,384,0
2022-01-25 13:39:00,384,384,384,384,0
2022-01-25 13:40:00,384,384,384,384,0
2022-01-25 13:41:00,384,384,384,384,0
2022-01-25 13:42:00,384,384,384,384,0
2022-01-25 13:43:00,384,384,384,384,0
2022-01-25 13:44:00,384,384,384,384,0
2022-01-25 13:45:00,384,384,384,384,0
2022-01-25 13:46:00,384,384,384,384,0
2022-01-25 13:47:00,384,384,384,384,0
2022-01-25 13:48:00,384,384,384,384,0
2022-01-25 13:49:00,384,384,384,384,0
2022-01-25 13:50:00,384,384,384,384,0
2022-01-25 13:51:00,384,384,384,384,0
2022-01-25 13:52:00,384,384,384,384,0
2022-01-25 13:53:00,384,384,384,384,0
2022-01-25 13:54:00,384,384,384,384,0
2022-01-25 13:55:00,384,384,384,384,0
2022-01-25 13:56:00,384,384,384,384,0
2022-01-25 13:57:00,384,384,384,384,0
2022-01-25 13:58:00,384,384,384,384,0
2022-01-25 13:59:00,384,384,384,384,0
2022-01-25 14:00:00,384,384,384,384,0
2022-01-25 14:01:00,384,384,384,384,0
2022-01-25 14:02:00,384,384,384,384,0
2022-01-25 14:03:00,384,384,384,384,0
2022-01-25 14:04:00,384,384,384,384,0
2022-01-25 14:05:00,384,384,384,384,0
2022-01-25 14:06:00,384,384,384,384,0
2022-01-25 14:07:00,384,384,384,384,0
2022-01-25 14:08:00,384,384,384,384,0
2022-01-25 14:09:00,384,384,384,384,0
2022-01-25 14:10:00,384,384,384,384,0
2022-01-25 14:11:00,384,384,384,384,0
2022-01-25 14:12:00,384,384,384,384,0
2022-01-25 14:13:00,384,384,384,384,0
2022-01-25 14:14:00,384,384,384,384,0
2022-01-25 14:15:00,384,384,384,384,0
2022-01-25 14:16:00,384,384,384,384,0
2022-01-25 14:17:00,384,384,384,384,0
2022-01-25 14:18:00,384,384,384,384,0
2022-01-25 14:19:00,384,384,384,384,0
2022-01-25 14:20:00,384,384,384,384,0
2022-01-25 14:21:00,384,384,384,384,0
2022-01-25 14:22:00,384,384,384,384,0
2022-01-25 14:23:00,384,384,384,384,0
2022-01-25 14:24:00,384,384,384,384,0
2022-01-25 14:25:00,384,384,384,384,0
2022-01-25 14:26:00,384,384,384,384,0
2022-01-25 14:27:00,384,384,384,384,0
2022-01-25 14:28:00,384,384,384,384,0
2022-01-25 14:29:00,384,384,384,384,0
2022-01-25 14:30:00,384,384,384,384,0
2022-01-25 14:31:00,384,384,384,384,0
2022-01-25 14:32:00,384,384,384,384,0
2022-01-25 14:33:00,384,384,384,384,0
2022-01-25 14:34:00,384,384,384,384,0
2022-01-25 14:35:00,384,384,384,384,0
2022-01-25 14:36:00,384,384,384,384,0
2022-01-25 14:37:00,384,384,384,384,0
2022-01-25 14:38:00,384,384,384,384,0
2022-01-25 14:39:00,384,384,384,384,0
2022-01-25 14:40:00,384,384,384,384,0
2022-01-25 14:41:00,384,384,384,384,0
2022-01-25 14:42:00,384,384,384,384,0
2022-01-25 14:43:00,384,384,384,384,0
2022-01-25 14:44:00,384,384,384,384,0
2022-01-25 14:45:00,384,384,384,384,0
2022-01-25 14:46:00,384,384,384,384,0
2022-01-25 14:47:00,384,384,384,384,0
2022-01-25 14:48:00,384,384,384,384,0
2022-01-25 14:49:00,384,384,384,384,0
2022-01-25 14:50:00,384,384,384,384,0
2022-01-25 14:51:00,384,384,384,384,0
2022-01-25 14:52:00,384,384,384,384,0
2022-01-25 14:53:00,384,384,384,384,0
2022-01-25 14:54:00,384,384,384,384,0
2022-01-25 14:55:00,384,384,384,384,0
2022-01-25 14:56:00,384,384,384,384,0
2022-01-25 14:57:00,384,384,384,384,0
2022-01-25 14:58:00,384,384,384,384,0
2022-01-25 14:59:00,384,384,384,384,0
2022-01-25 15:00:00,384,384,384,384,0
2022-01-25 15:01:00,384,384,384,384,0
2022-01-25 15:02:00,384,384,384,384,0
2022-01-25 15:03:00,384,384,384,384,0
2022-01-25 15:04:00,384,384,384,384,0
2022-01-25 15:05:00,384,384,384,384,0
2022-01-25 15:06:00,384,384,384,384,0
2022-01-25 15:07:00,384,384,384,384,0
2022-01-25 15:08:00,384,384,384,384,0
2022-01-25 15:09:00,384,384,384,384,0
2022-01-25 15:10:00,384,384,384,384,0
2022-01-25 15:11:00,384,384,384,384,0
2022-01-25 15:12:00,384,384,384,384,0
2022-01-25 15:13:00,384,384,384,384,0
2022-01-25 15:14:00,384,384,384,384,0
2022-01-25 15:15:00,384,384,384,384,0
2022-01-25 15:16:00,384,384,384,384,0
2022-01-25 15:17:00,384,384,384,384,0
2022-01-25 15:18:00,384,384,384,384,0
2022-01-25 15:19:00,384,384,384,384,0
2022-01-25 15:20:00,384,384,384,384,0
2022-01-25 15:21:00,384,384,384,384,0
2022-01-25 15:22:00,384,384,384,384,0
2022-01-25 15:23:00,384,384,384,384,0
2022-01-25 15:24:00,384,384,384,384,0
2022-01-25 15:25:00,384,384,384,384,0
2022-01-25 15:26:00,384,384,384,384,0
2022-01-25 15:27:00,384,384,384,384,0
2022-01-25 15:28:00,384,384,384,384,0
2022-01-25 15:29:00,384,384,384,384,0
2022-01-25 15:30:00,384,384,384,384,0
2022-01-25 15:31:00,384,384,384,384,0
2022-01-25 15:32:00,384,384,384,384,0
2022-01-25 15:33:00,384,384,384,384,0
2022-01-25 15:34:00,384,384,384,384,0
2022-01-25 15:35:00,384,384,384,384,0
2022-01-25 15:36:00,384,384,384,384,0
2022-01-25 15:37:00,384,384,384,384,0
2022-01-25 15:38:00,384,384,384,384,0
2022-01-25 15:39:00,384,384,384,384,0
2022-01-25 15:40:00,384,384,384,384,0
2022-01-25 15:41:00,384,384,384,384,0
2022-01-25 15:42:00,384,384,384,384,0
2022-01-25 15:43:00,384,384,384,384,0
2022-01-25 15:44:00,384,384,384,384,0
2022-01-25 15:45:00,384,384,384,384,0
2022-01-25 15:46:00,384,384,384,384,0
2022-01-25 15:47:00,384,384,384,384,0
2022-01-25 15:48:00,384,384,384,384,0
2022-01-25 15:49:00,384,384,384,384,0
2022-01-25 15:50:00,384,384,384,384,0
2022-01-25 15:51:00,384,384,384,384,0
2022-01-25 15:52:00,384,384,384,384,0
2022-01-25 15:53:00,384,384,384,384,0
2022-01-25 15:54:00,384,384,384,384,0
2022-01-25 15:55:00,384,384,384,384,0
2022-01-25 15:56:00,384,384,384,384,0
2022-01-25 15:57:00,384,384,384,384,0
2022-01-25 15:58:00,384,384,384,384,0
2022-01-25 15:59:00,384,384,384,384,0
2022-01-26 09:00:00,384,384,384,384,0
2022-01-26 09:01:00,384,384,384,384,1700
2022-01-26 09:02:00,384,384,384,384,0
2022-01-26 09:03:00,384,384,384,384,0
2022-01-26 09:04:00,384,384,384,384,0
2022-01-26 09:05:00,384,384,384,384,0
2022-01-26 09:06:00,384,384,384,384,0
2022-01-26 09:07:00,384,384,384,384,0
2022-01-26 09:08:00,384,384,384,384,0
2022-01-26 09:09:00,384,384,384,384,0
2022-01-26 09:10:00,384,384,384,384,0
2022-01-26 09:11:00,384,384,384,384,0
2022-01-26 09:12:00,384,384,384,384,0
2022-01-26 09:13:00,364,364,364,364,0
2022-01-26 09:14:00,364,364,364,364,0
2022-01-26 09:15:00,364,364,364,364,0
2022-01-26 09:16:00,364,364,364,364,0
2022-01-26 09:17:00,364,364,364,364,0
2022-01-26 09:18:00,364,364,364,364,0
2022-01-26 09:19:00,364,364,364,364,0
2022-01-26 09:20:00,364,364,364,364,0
2022-01-26 09:21:00,364,364,364,364,0
2022-01-26 09:22:00,364,364,364,364,0
2022-01-26 09:23:00,364,364,364,364,0
2022-01-26 09:24:00,364,364,364,364,0
2022-01-26 09:25:00,364,364,364,364,0
2022-01-26 09:26:00,364,364,364,364,0
2022-01-26 09:27:00,364,364,364,364,0
2022-01-26 09:28:00,364,364,364,364,0
2022-01-26 09:29:00,364,364,364,364,0
2022-01-26 09:30:00,364,364,364,364,0
2022-01-26 09:31:00,364,364,364,364,0
2022-01-26 09:32:00,364,364,364,364,0
2022-01-26 09:33:00,364,364,364,364,0
2022-01-26 09:34:00,364,364,364,364,0
2022-01-26 09:35:00,364,364,364,364,0
2022-01-26 09:36:00,376,376,376,376,0
2022-01-26 09:37:00,376,376,376,376,0
2022-01-26 09:38:00,376,376,376,376,0
2022-01-26 09:39:00,376,376,376,376,0
2022-01-26 09:40:00,376,376,376,376,0
2022-01-26 09:41:00,376,376,376,376,0
2022-01-26 09:42:00,376,376,376,376,0
2022-01-26 09:43:00,376,376,376,376,0
2022-01-26 09:44:00,376,376,376,376,0
2022-01-26 09:45:00,376,376,376,376,0
2022-01-26 09:46:00,376,376,376,376,0
2022-01-26 09:47:00,376,376,376,376,0
2022-01-26 09:48:00,376,376,376,376,0
2022-01-26 09:49:00,376,376,376,376,0
2022-01-26 09:50:00,376,376,376,376,0
2022-01-26 09:51:00,376,376,376,376,0
2022-01-26 09:52:00,376,376,376,376,0
2022-01-26 09:53:00,376,376,376,376,0
2022-01-26 09:54:00,376,376,376,376,0
2022-01-26 09:55:00,376,376,376,376,0
2022-01-26 09:56:00,376,376,376,376,0
2022-01-26 09:57:00,376,376,376,376,0
2022-01-26 09:58:00,376,376,376,376,0
2022-01-26 09:59:00,376,376,376,376,0
2022-01-26 10:00:00,376,376,376,376,0
2022-01-26 10:01:00,376,376,376,376,0
2022-01-26 10:02:00,376,376,376,376,0
2022-01-26 10:03:00,376,376,376,376,0
2022-01-26 10:04:00,376,376,376,376,0
2022-01-26 10:05:00,376,376,376,376,0
2022-01-26 10:06:00,376,376,376,376,0
2022-01-26 10:07:00,376,376,376,376,0
2022-01-26 10:08:00,376,376,376,376,0
2022-01-26 10:09:00,376,376,376,376,0
2022-01-26 10:10:00,376,376,376,376,0
2022-01-26 10:11:00,376,376,376,376,0
2022-01-26 10:12:00,376,376,376,376,0
2022-01-26 10:13:00,376,376,376,376,0
2022-01-26 10:14:00,376,376,376,376,0
2022-01-26 10:15:00,376,376,376,376,0
2022-01-26 10:16:00,376,376,376,376,0
2022-01-26 10:17:00,376,376,376,376,0
2022-01-26 10:18:00,376,376,376,376,0
2022-01-26 10:19:00,376,376,376,376,0
2022-01-26 10:20:00,376,376,376,376,0
2022-01-26 10:21:00,376,376,376,376,0
2022-01-26 10:22:00,376,376,376,376,0
2022-01-26 10:23:00,376,376,376,376,0
2022-01-26 10:24:00,376,376,376,376,0
2022-01-26 10:25:00,376,376,376,376,0
2022-01-26 10:26:00,376,376,376,376,0
2022-01-26 10:27:00,370,370,370,370,0
2022-01-26 10:28:00,370,370,370,370,0
2022-01-26 10:29:00,370,370,370,370,0
2022-01-26 10:30:00,370,370,370,370,0
2022-01-26 10:31:00,370,370,370,370,0
2022-01-26 10:32:00,370,370,370,370,0
2022-01-26 10:33:00,370,370,370,370,0
2022-01-26 10:34:00,370,370,370,370,0
2022-01-26 10:35:00,380,380,380,380,0
2022-01-26 10:36:00,380,380,380,380,0
2022-01-26 10:37:00,380,380,380,380,0
2022-01-26 10:38:00,380,380,380,380,0
2022-01-26 10:39:00,380,380,380,380,0
2022-01-26 10:40:00,380,380,380,380,0
2022-01-26 10:41:00,380,380,380,380,0
2022-01-26 10:42:00,380,380,380,380,0
2022-01-26 10:43:00,380,380,380,380,0
2022-01-26 10:44:00,380,380,380,380,0
2022-01-26 10:45:00,380,380,380,380,0
2022-01-26 10:46:00,380,380,380,380,0
2022-01-26 10:47:00,380,380,380,380,0
2022-01-26 10:48:00,380,380,380,380,0
2022-01-26 10:49:00,380,380,380,380,0
2022-01-26 10:50:00,380,380,380,380,0
2022-01-26 10:51:00,380,380,380,380,0
2022-01-26 10:52:00,380,380,380,380,0
2022-01-26 10:53:00,380,380,380,380,0
2022-01-26 10:54:00,380,380,380,380,0
2022-01-26 10:55:00,380,380,380,380,0
2022-01-26 10:56:00,380,380,380,380,0
2022-01-26 10:57:00,380,380,380,380,0
2022-01-26 10:58:00,380,380,380,380,0
2022-01-26 10:59:00,380,380,380,380,0
2022-01-26 11:00:00,380,380,380,380,0
2022-01-26 11:01:00,380,380,380,380,0
2022-01-26 11:02:00,380,380,380,380,0
2022-01-26 11:03:00,380,380,380,380,0
2022-01-26 11:04:00,380,380,380,380,0
2022-01-26 11:05:00,380,380,380,380,0
2022-01-26 11:06:00,380,380,380,380,0
2022-01-26 11:07:00,370,370,370,370,0
2022-01-26 11:08:00,366,366,366,366,0
2022-01-26 11:09:00,366,366,366,366,0
2022-01-26 11:10:00,366,366,366,366,0
2022-01-26 11:11:00,366,366,366,366,26700
2022-01-26 11:12:00,366,366,366,366,0
2022-01-26 11:13:00,366,366,366,366,0
2022-01-26 11:14:00,366,366,366,366,0
2022-01-26 11:15:00,366,366,366,366,0
2022-01-26 11:16:00,366,366,366,366,0
2022-01-26 11:17:00,366,366,366,366,0
2022-01-26 11:18:00,366,366,366,366,0
2022-01-26 11:19:00,366,366,366,366,0
2022-01-26 11:20:00,366,366,366,366,0
2022-01-26 11:21:00,366,366,366,366,0
2022-01-26 11:22:00,366,366,366,366,0
2022-01-26 11:23:00,366,366,366,366,0
2022-01-26 11:24:00,366,366,366,366,0
2022-01-26 11:25:00,366,366,366,366,0
2022-01-26 11:26:00,366,366,366,366,0
2022-01-26 11:27:00,366,366,366,366,0
2022-01-26 11:28:00,366,366,366,366,0
2022-01-26 11:29:00,366,366,366,366,0
2022-01-26 11:30:00,366,366,366,366,0
2022-01-26 11:31:00,366,366,366,366,0
2022-01-26 11:32:00,366,366,366,366,0
2022-01-26 11:33:00,366,366,366,366,0
2022-01-26 11:34:00,366,366,366,366,0
2022-01-26 11:35:00,366,366,366,366,0
2022-01-26 11:36:00,366,366,366,366,0
2022-01-26 11:37:00,366,366,366,366,0
2022-01-26 11:38:00,366,366,366,366,0
2022-01-26 11:39:00,366,366,366,366,0
2022-01-26 11:40:00,366,366,366,366,0
2022-01-26 11:41:00,366,366,366,366,0
2022-01-26 11:42:00,366,366,366,366,0
2022-01-26 11:43:00,366,366,366,366,0
2022-01-26 11:44:00,366,366,366,366,0
2022-01-26 11:45:00,366,366,366,366,0
2022-01-26 11:46:00,366,366,366,366,0
2022-01-26 11:47:00,366,366,366,366,0
2022-01-26 11:48:00,366,366,366,366,0
2022-01-26 11:49:00,366,366,366,366,0
2022-01-26 11:50:00,366,366,366,366,0
2022-01-26 11:51:00,366,366,366,366,0
2022-01-26 11:52:00,366,366,366,366,0
2022-01-26 11:53:00,366,366,366,366,0
2022-01-26 11:54:00,366,366,366,366,0
2022-01-26 11:55:00,366,366,366,366,0
2022-01-26 11:56:00,366,366,366,366,0
2022-01-26 11:57:00,366,366,366,366,0
2022-01-26 11:58:00,366,366,366,366,0
2022-01-26 11:59:00,366,366,366,366,0
2022-01-26 12:00:00,366,366,366,366,0
2022-01-26 12:01:00,366,366,366,366,0
2022-01-26 12:02:00,366,366,366,366,0
2022-01-26 12:03:00,366,366,366,366,0
2022-01-26 12:04:00,366,366,366,366,0
2022-01-26 12:05:00,366,366,366,366,0
2022-01-26 12:06:00,366,366,366,366,0
2022-01-26 12:07:00,366,366,366,366,0
2022-01-26 12:08:00,366,366,366,366,0
2022-01-26 12:09:00,366,366,366,366,0
2022-01-26 12:10:00,366,366,366,366,0
2022-01-26 12:11:00,366,366,366,366,0
2022-01-26 12:12:00,366,366,366,366,0
2022-01-26 12:13:00,366,366,366,366,0
2022-01-26 12:14:00,366,366,366,366,0
2022-01-26 12:15:00,366,366,366,366,0
2022-01-26 12:16:00,366,366,366,366,0
2022-01-26 12:17:00,366,366,366,366,0
2022-01-26 12:18:00,366,366,366,366,0
2022-01-26 12:19:00,366,366,366,366,0
2022-01-26 12:20:00,366,366,366,366,0
2022-01-26 12:21:00,366,366,366,366,0
2022-01-26 12:22:00,366,366,366,366,0
2022-01-26 12:23:00,366,366,366,366,0
2022-01-26 12:24:00,366,366,366,366,0
2022-01-26 12:25:00,366,366,366,366,0
2022-01-26 12:26:00,366,366,366,366,0
2022-01-26 12:27:00,366,366,366,366,0
2022-01-26 12:28:00,366,366,366,366,0
2022-01-26 12:29:00,366,366,366,366,0
2022-01-26 12:30:00,366,366,366,366,0
2022-01-26 12:31:00,366,366,366,366,0
2022-01-26 12:32:00,366,366,366,366,0
2022-01-26 12:33:00,366,366,366,366,0
2022-01-26 12:34:00,366,366,366,366,0
2022-01-26 12:35:00,366,366,366,366,0
2022-01-26 12:36:00,366,366,366,366,0
2022-01-26 12:37:00,366,366,366,366,0
2022-01-26 12:38:00,366,366,366,366,0
2022-01-26 12:39:00,366,366,366,366,0
2022-01-26 12:40:00,366,366,366,366,0
2022-01-26 12:41:00,366,366,366,366,0
2022-01-26 12:42:00,366,366,366,366,0
2022-01-26 12:43:00,366,366,366,366,0
2022-01-26 12:44:00,366,366,366,366,0
2022-01-26 12:45:00,366,366,366,366,0
2022-01-26 12:46:00,366,366,366,366,0
2022-01-26 12:47:00,366,366,366,366,0
2022-01-26 12:48:00,366,366,366,366,0
2022-01-26 12:49:00,366,366,366,366,0
2022-01-26 12:50:00,366,366,366,366,0
2022-01-26 12:51:00,366,366,366,366,0
2022-01-26 12:52:00,366,366,366,366,0
2022-01-26 12:53:00,366,366,366,366,0
2022-01-26 12:54:00,366,366,366,366,0
2022-01-26 12:55:00,366,366,366,366,0
2022-01-26 12:56:00,366,366,366,366,0
2022-01-26 12:57:00,366,366,366,366,0
2022-01-26 12:58:00,366,366,366,366,0
2022-01-26 12:59:00,366,366,366,366,0
2022-01-26 13:00:00,366,366,366,366,0
2022-01-26 13:01:00,366,366,366,366,0
2022-01-26 13:02:00,366,366,366,366,0
2022-01-26 13:03:00,366,366,366,366,0
2022-01-26 13:04:00,366,366,366,366,0
2022-01-26 13:05:00,366,366,366,366,0
2022-01-26 13:06:00,366,366,366,366,0
2022-01-26 13:07:00,366,366,366,366,0
2022-01-26 13:08:00,366,366,366,366,0
2022-01-26 13:09:00,366,366,366,366,0
2022-01-26 13:10:00,366,366,366,366,0
2022-01-26 13:11:00,366,366,366,366,0
2022-01-26 13:12:00,366,366,366,366,0
2022-01-26 13:13:00,366,366,366,366,0
2022-01-26 13:14:00,366,366,366,366,0
2022-01-26 13:15:00,366,366,366,366,0
2022-01-26 13:16:00,366,366,366,366,0
2022-01-26 13:17:00,366,366,366,366,0
2022-01-26 13:18:00,366,366,366,366,0
2022-01-26 13:19:00,366,366,366,366,0
2022-01-26 13:20:00,366,366,366,366,0
2022-01-26 13:21:00,366,366,366,366,0
2022-01-26 13:22:00,366,366,366,366,0
2022-01-26 13:23:00,366,366,366,366,0
2022-01-26 13:24:00,366,366,366,366,0
2022-01-26 13:25:00,366,366,366,366,0
2022-01-26 13:26:00,366,366,366,366,0
2022-01-26 13:27:00,366,366,366,366,0
2022-01-26 13:28:00,366,366,366,366,0
2022-01-26 13:29:00,366,366,366,366,0
2022-01-26 13:30:00,366,366,366,366,0
2022-01-26 13:31:00,366,366,366,366,0
2022-01-26 13:32:00,366,366,366,366,0
2022-01-26 13:33:00,366,366,366,366,0
2022-01-26 13:34:00,366,366,366,366,0
2022-01-26 13:35:00,366,366,366,366,0
2022-01-26 13:36:00,366,366,366,366,0
2022-01-26 13:37:00,366,366,366,366,0
2022-01-26 13:38:00,366,366,366,366,0
2022-01-26 13:39:00,366,366,366,366,0
2022-01-26 13:40:00,366,366,366,366,0
2022-01-26 13:41:00,366,366,366,366,0
2022-01-26 13:42:00,366,366,366,366,0
2022-01-26 13:43:00,366,366,366,366,0
2022-01-26 13:44:00,378,378,378,378,0
2022-01-26 13:45:00,378,378,378,378,0
2022-01-26 13:46:00,372,372,372,372,0
2022-01-26 13:47:00,372,372,372,372,0
2022-01-26 13:48:00,372,372,372,372,0
2022-01-26 13:49:00,372,372,372,372,0
2022-01-26 13:50:00,372,372,372,372,0
2022-01-26 13:51:00,372,372,372,372,0
2022-01-26 13:52:00,372,372,372,372,0
2022-01-26 13:53:00,372,372,372,372,0
2022-01-26 13:54:00,372,372,372,372,0
2022-01-26 13:55:00,372,372,372,372,0
2022-01-26 13:56:00,372,372,372,372,0
2022-01-26 13:57:00,372,372,372,372,0
2022-01-26 13:58:00,372,372,372,372,0
2022-01-26 13:59:00,370,370,370,370,0
2022-01-26 14:00:00,370,370,370,370,0
2022-01-26 14:01:00,370,370,370,370,0
2022-01-26 14:02:00,370,370,370,370,0
2022-01-26 14:03:00,370,370,370,370,0
2022-01-26 14:04:00,370,370,370,370,0
2022-01-26 14:05:00,370,370,370,370,0
2022-01-26 14:06:00,370,370,370,370,0
2022-01-26 14:07:00,370,370,370,370,0
2022-01-26 14:08:00,370,370,370,370,0
2022-01-26 14:09:00,370,370,370,370,0
2022-01-26 14:10:00,370,370,370,370,0
2022-01-26 14:11:00,370,370,370,370,0
2022-01-26 14:12:00,370,370,370,370,0
2022-01-26 14:13:00,370,370,370,370,0
2022-01-26 14:14:00,370,370,370,370,0
2022-01-26 14:15:00,370,370,370,370,0
2022-01-26 14:16:00,370,370,370,370,0
2022-01-26 14:17:00,370,370,370,370,0
2022-01-26 14:18:00,370,370,370,370,0
2022-01-26 14:19:00,370,370,370,370,0
2022-01-26 14:20:00,370,370,370,370,0
2022-01-26 14:21:00,370,370,370,370,0
2022-01-26 14:22:00,370,370,370,370,0
2022-01-26 14:23:00,370,370,370,370,0
2022-01-26 14:24:00,370,370,370,370,0
2022-01-26 14:25:00,370,370,370,370,0
2022-01-26 14:26:00,370,370,370,370,0
2022-01-26 14:27:00,370,370,370,370,0
2022-01-26 14:28:00,370,370,370,370,0
2022-01-26 14:29:00,370,370,370,370,0
2022-01-26 14:30:00,370,370,370,370,0
2022-01-26 14:31:00,370,370,370,370,0
2022-01-26 14:32:00,370,370,370,370,0
2022-01-26 14:33:00,370,370,370,370,0
2022-01-26 14:34:00,370,370,370,370,0
2022-01-26 14:35:00,372,372,372,372,52200
2022-01-26 14:36:00,376,376,376,376,0
2022-01-26 14:37:00,376,376,376,376,0
2022-01-26 14:38:00,376,376,376,376,0
2022-01-26 14:39:00,376,376,376,376,0
2022-01-26 14:40:00,376,376,376,376,0
2022-01-26 14:41:00,376,376,376,376,0
2022-01-26 14:42:00,376,376,376,376,0
2022-01-26 14:43:00,376,376,376,376,0
2022-01-26 14:44:00,376,376,376,376,0
2022-01-26 14:45:00,376,376,376,376,0
2022-01-26 14:46:00,376,376,376,376,0
2022-01-26 14:47:00,376,376,376,376,0
2022-01-26 14:48:00,376,376,376,376,0
2022-01-26 14:49:00,376,376,376,376,0
2022-01-26 14:50:00,376,376,376,376,0
2022-01-26 14:51:00,376,376,376,376,0
2022-01-26 14:52:00,376,376,376,376,0
2022-01-26 14:53:00,376,376,376,376,0
2022-01-26 14:54:00,376,376,376,376,0
2022-01-26 14:55:00,376,376,376,376,0
2022-01-26 14:56:00,376,376,376,376,0
2022-01-26 14:57:00,376,376,376,376,0
2022-01-26 14:58:00,376,376,376,376,0
2022-01-26 14:59:00,376,376,376,376,0
2022-01-26 15:00:00,376,376,376,376,0
2022-01-26 15:01:00,376,376,376,376,0
2022-01-26 15:02:00,376,376,376,376,0
2022-01-26 15:03:00,376,376,376,376,0
2022-01-26 15:04:00,370,370,370,370,0
2022-01-26 15:05:00,370,370,370,370,0
2022-01-26 15:06:00,370,370,370,370,0
2022-01-26 15:07:00,370,370,370,370,0
2022-01-26 15:08:00,370,370,370,370,0
2022-01-26 15:09:00,370,370,370,370,0
2022-01-26 15:10:00,370,370,370,370,0
2022-01-26 15:11:00,370,370,370,370,0
2022-01-26 15:12:00,370,370,370,370,0
2022-01-26 15:13:00,370,370,370,370,0
2022-01-26 15:14:00,370,370,370,370,0
2022-01-26 15:15:00,370,370,370,370,0
2022-01-26 15:16:00,370,370,370,370,0
2022-01-26 15:17:00,370,370,370,370,0
2022-01-26 15:18:00,370,370,370,370,0
2022-01-26 15:19:00,370,370,370,370,0
2022-01-26 15:20:00,370,370,370,370,0
2022-01-26 15:21:00,370,370,370,370,0
2022-01-26 15:22:00,370,370,370,370,0
2022-01-26 15:23:00,370,370,370,370,0
2022-01-26 15:24:00,370,370,370,370,0
2022-01-26 15:25:00,370,370,370,370,0
2022-01-26 15:26:00,370,370,370,370,0
2022-01-26 15:27:00,370,370,370,370,0
2022-01-26 15:28:00,370,370,370,370,0
2022-01-26 15:29:00,370,370,370,370,0
2022-01-26 15:30:00,370,370,370,370,0
2022-01-26 15:31:00,370,370,370,370,0
2022-01-26 15:32:00,370,370,370,370,0
2022-01-26 15:33:00,370,370,370,370,0
2022-01-26 15:34:00,370,370,370,370,0
2022-01-26 15:35:00,370,370,370,370,0
2022-01-26 15:36:00,370,370,370,370,0
2022-01-26 15:37:00,370,370,370,370,0
2022-01-26 15:38:00,370,370,370,370,0
2022-01-26 15:39:00,370,370,370,370,0
2022-01-26 15:40:00,370,370,370,370,0
2022-01-26 15:41:00,370,370,370,370,0
2022-01-26 15:42:00,370,370,370,370,0
2022-01-26 15:43:00,370,370,370,370,0
2022-01-26 15:44:00,370,370,370,370,0
2022-01-26 15:45:00,370,370,370,370,0
2022-01-26 15:46:00,370,370,370,370,0
2022-01-26 15:47:00,370,370,370,370,0
2022-01-26 15:48:00,370,370,370,370,0
2022-01-26 15:49:00,370,370,370,370,0
2022-01-26 15:50:00,370,370,370,370,0
2022-01-26 15:51:00,370,370,370,370,0
2022-01-26 15:52:00,370,370,370,370,0
2022-01-26 15:53:00,370,370,370,370,0
2022-01-26 15:54:00,370,370,370,370,0
2022-01-26 15:55:00,370,370,370,370,0
2022-01-26 15:56:00,370,370,370,370,0
2022-01-26 15:57:00,370,370,370,370,0
2022-01-26 15:58:00,370,370,370,370,0
2022-01-26 15:59:00,370,370,370,370,0
2022-01-27 09:00:00,370,370,370,370,0
2022-01-27 09:01:00,370,370,370,370,0
2022-01-27 09:02:00,370,370,370,370,0
2022-01-27 09:03:00,370,370,370,370,0
2022-01-27 09:04:00,370,370,370,370,0
2022-01-27 09:05:00,370,370,370,370,0
2022-01-27 09:06:00,370,370,370,370,0
2022-01-27 09:07:00,370,370,370,370,0
2022-01-27 09:08:00,370,370,370,370,0
2022-01-27 09:09:00,370,370,370,370,0
2022-01-27 09:10:00,370,370,370,370,0
2022-01-27 09:11:00,370,370,370,370,0
2022-01-27 09:12:00,370,370,370,370,0
2022-01-27 09:13:00,370,370,370,370,0
2022-01-27 09:14:00,370,370,370,370,0
2022-01-27 09:15:00,370,370,370,370,0
2022-01-27 09:16:00,370,370,370,370,0
2022-01-27 09:17:00,350,350,350,350,2700
2022-01-27 09:18:00,350,350,350,350,0
2022-01-27 09:19:00,350,350,350,350,0
2022-01-27 09:20:00,350,350,350,350,0
2022-01-27 09:21:00,350,350,350,350,0
2022-01-27 09:22:00,350,350,350,350,0
2022-01-27 09:23:00,350,350,350,350,0
2022-01-27 09:24:00,350,350,350,350,0
2022-01-27 09:25:00,350,350,350,350,0
2022-01-27 09:26:00,350,350,350,350,0
2022-01-27 09:27:00,370,370,370,370,100
2022-01-27 09:28:00,370,370,370,370,0
2022-01-27 09:29:00,370,370,370,370,0
2022-01-27 09:30:00,370,370,370,370,0
2022-01-27 09:31:00,370,370,370,370,0
2022-01-27 09:32:00,370,370,370,370,0
2022-01-27 09:33:00,370,370,370,370,0
2022-01-27 09:34:00,370,370,370,370,0
2022-01-27 09:35:00,370,370,370,370,0
2022-01-27 09:36:00,370,370,370,370,0
2022-01-27 09:37:00,370,370,370,370,0
2022-01-27 09:38:00,370,370,370,370,0
2022-01-27 09:39:00,370,370,370,370,0
2022-01-27 09:40:00,370,370,370,370,0
2022-01-27 09:41:00,370,370,370,370,0
2022-01-27 09:42:00,370,370,370,370,0
2022-01-27 09:43:00,370,370,370,370,0
2022-01-27 09:44:00,370,370,370,370,0
2022-01-27 09:45:00,370,370,370,370,0
2022-01-27 09:46:00,370,370,370,370,0
2022-01-27 09:47:00,370,370,370,370,0
2022-01-27 09:48:00,370,370,370,370,0
2022-01-27 09:49:00,370,370,370,370,0
2022-01-27 09:50:00,370,370,370,370,0
2022-01-27 09:51:00,370,370,370,370,0
2022-01-27 09:52:00,370,370,370,370,0
2022-01-27 09:53:00,370,370,370,370,0
2022-01-27 09:54:00,370,370,370,370,0
2022-01-27 09:55:00,370,370,370,370,0
2022-01-27 09:56:00,370,370,370,370,0
2022-01-27 09:57:00,370,370,370,370,0
2022-01-27 09:58:00,370,370,370,370,0
2022-01-27 09:59:00,370,370,370,370,0
2022-01-27 10:00:00,370,370,370,370,0
2022-01-27 10:01:00,370,370,370,370,0
2022-01-27 10:02:00,370,370,370,370,0
2022-01-27 10:03:00,370,370,370,370,0
2022-01-27 10:04:00,370,370,370,370,0
2022-01-27 10:05:00,370,370,370,370,0
2022-01-27 10:06:00,370,370,370,370,0
2022-01-27 10:07:00,370,370,370,370,0
2022-01-27 10:08:00,370,370,370,370,0
2022-01-27 10:09:00,362,362,362,362,4200
2022-01-27 10:10:00,362,362,362,362,200
2022-01-27 10:11:00,362,362,362,362,0
2022-01-27 10:12:00,362,362,362,362,0
2022-01-27 10:13:00,362,362,362,362,0
2022-01-27 10:14:00,362,362,362,362,0
2022-01-27 10:15:00,362,362,362,362,600
2022-01-27 10:16:00,362,362,362,362,0
2022-01-27 10:17:00,362,362,362,362,0
2022-01-27 10:18:00,362,362,362,362,0
2022-01-27 10:19:00,362,362,362,362,0
2022-01-27 10:20:00,364,364,364,364,1200
2022-01-27 10:21:00,364,364,364,364,0
2022-01-27 10:22:00,364,364,364,364,0
2022-01-27 10:23:00,364,364,364,364,0
2022-01-27 10:24:00,364,364,364,364,3800
2022-01-27 10:25:00,364,364,364,364,0
2022-01-27 10:26:00,364,364,364,364,0
2022-01-27 10:27:00,364,364,364,364,0
2022-01-27 10:28:00,364,364,364,364,0
2022-01-27 10:29:00,364,364,364,364,0
2022-01-27 10:30:00,364,364,364,364,0
2022-01-27 10:31:00,364,364,364,364,0
2022-01-27 10:32:00,364,364,364,364,0
2022-01-27 10:33:00,364,364,364,364,0
2022-01-27 10:34:00,364,364,364,364,0
2022-01-27 10:35:00,364,364,364,364,0
2022-01-27 10:36:00,364,364,364,364,0
2022-01-27 10:37:00,364,364,364,364,0
2022-01-27 10:38:00,364,364,364,364,0
2022-01-27 10:39:00,364,364,364,364,0
2022-01-27 10:40:00,364,364,364,364,0
2022-01-27 10:41:00,364,364,364,364,0
2022-01-27 10:42:00,364,364,364,364,0
2022-01-27 10:43:00,364,364,364,364,0
2022-01-27 10:44:00,364,364,364,364,0
2022-01-27 10:45:00,364,364,364,364,0
2022-01-27 10:46:00,364,364,364,364,0
2022-01-27 10:47:00,364,364,364,364,0
2022-01-27 10:48:00,364,364,364,364,0
2022-01-27 10:49:00,364,364,364,364,0
2022-01-27 10:50:00,364,364,364,364,0
2022-01-27 10:51:00,364,364,364,364,0
2022-01-27 10:52:00,364,364,364,364,0
2022-01-27 10:53:00,364,364,364,364,0
2022-01-27 10:54:00,366,366,366,366,5000
2022-01-27 10:55:00,366,366,366,366,0
2022-01-27 10:56:00,366,366,366,366,0
2022-01-27 10:57:00,366,366,366,366,0
2022-01-27 10:58:00,366,366,366,366,0
2022-01-27 10:59:00,366,366,366,366,0
2022-01-27 11:00:00,366,366,366,366,0
2022-01-27 11:01:00,368,368,368,368,5000
2022-01-27 11:02:00,368,368,368,368,0
2022-01-27 11:03:00,370,370,370,370,1200
2022-01-27 11:04:00,370,370,370,370,0
2022-01-27 11:05:00,370,370,370,370,0
2022-01-27 11:06:00,370,370,370,370,0
2022-01-27 11:07:00,370,370,370,370,0
2022-01-27 11:08:00,370,370,370,370,0
2022-01-27 11:09:00,370,370,370,370,0
2022-01-27 11:10:00,370,370,370,370,0
2022-01-27 11:11:00,370,370,370,370,0
2022-01-27 11:12:00,370,370,370,370,0
2022-01-27 11:13:00,370,370,370,370,0
2022-01-27 11:14:00,370,370,370,370,0
2022-01-27 11:15:00,370,370,370,370,0
2022-01-27 11:16:00,370,370,370,370,0
2022-01-27 11:17:00,370,370,370,370,0
2022-01-27 11:18:00,370,370,370,370,0
2022-01-27 11:19:00,370,370,370,370,0
2022-01-27 11:20:00,370,370,370,370,0
2022-01-27 11:21:00,370,370,370,370,0
2022-01-27 11:22:00,370,370,370,370,0
2022-01-27 11:23:00,370,370,370,370,0
2022-01-27 11:24:00,370,370,370,370,0
2022-01-27 11:25:00,370,370,370,370,0
2022-01-27 11:26:00,370,370,370,370,0
2022-01-27 11:27:00,370,370,370,370,0
2022-01-27 11:28:00,370,370,370,370,0
2022-01-27 11:29:00,370,370,370,370,0
2022-01-27 11:30:00,370,370,370,370,0
2022-01-27 11:31:00,370,370,370,370,0
2022-01-27 11:32:00,370,370,370,370,0
2022-01-27 11:33:00,370,370,370,370,0
2022-01-27 11:34:00,370,370,370,370,0
2022-01-27 11:35:00,370,370,370,370,0
2022-01-27 11:36:00,370,370,370,370,0
2022-01-27 11:37:00,370,370,370,370,0
2022-01-27 11:38:00,370,370,370,370,0
2022-01-27 11:39:00,370,370,370,370,0
2022-01-27 11:40:00,370,370,370,370,0
2022-01-27 11:41:00,370,370,370,370,0
2022-01-27 11:42:00,370,370,370,370,0
2022-01-27 11:43:00,370,370,370,370,0
2022-01-27 11:44:00,370,370,370,370,0
2022-01-27 11:45:00,370,370,370,370,0
2022-01-27 11:46:00,370,370,370,370,0
2022-01-27 11:47:00,370,370,370,370,0
2022-01-27 11:48:00,370,370,370,370,0
2022-01-27 11:49:00,370,370,370,370,0
2022-01-27 11:50:00,370,370,370,370,0
2022-01-27 11:51:00,370,370,370,370,0
2022-01-27 11:52:00,370,370,370,370,0
2022-01-27 11:53:00,370,370,370,370,0
2022-01-27 11:54:00,370,370,370,370,0
2022-01-27 11:55:00,370,370,370,370,0
2022-01-27 11:56:00,370,370,370,370,0
2022-01-27 11:57:00,370,370,370,370,0
2022-01-27 11:58:00,370,370,370,370,0
2022-01-27 11:59:00,370,370,370,370,0
2022-01-27 12:00:00,370,370,370,370,0
2022-01-27 12:01:00,370,370,370,370,0
2022-01-27 12:02:00,370,370,370,370,0
2022-01-27 12:03:00,370,370,370,370,0
2022-01-27 12:04:00,370,370,370,370,0
2022-01-27 12:05:00,370,370,370,370,0
2022-01-27 12:06:00,370,370,370,370,0
2022-01-27 12:07:00,370,370,370,370,0
2022-01-27 12:08:00,370,370,370,370,0
2022-01-27 12:09:00,370,370,370,370,0
2022-01-27 12:10:00,370,370,370,370,0
2022-01-27 12:11:00,370,370,370,370,0
2022-01-27 12:12:00,370,370,370,370,0
2022-01-27 12:13:00,370,370,370,370,0
2022-01-27 12:14:00,370,370,370,370,0
2022-01-27 12:15:00,370,370,370,370,0
2022-01-27 12:16:00,370,370,370,370,0
2022-01-27 12:17:00,370,370,370,370,0
2022-01-27 12:18:00,370,370,370,370,0
2022-01-27 12:19:00,370,370,370,370,0
2022-01-27 12:20:00,370,370,370,370,0
2022-01-27 12:21:00,370,370,370,370,0
2022-01-27 12:22:00,370,370,370,370,0
2022-01-27 12:23:00,370,370,370,370,0
2022-01-27 12:24:00,370,370,370,370,0
2022-01-27 12:25:00,370,370,370,370,0
2022-01-27 12:26:00,370,370,370,370,0
2022-01-27 12:27:00,370,370,370,370,0
2022-01-27 12:28:00,370,370,370,370,0
2022-01-27 12:29:00,370,370,370,370,0
2022-01-27 12:30:00,370,370,370,370,0
2022-01-27 12:31:00,370,370,370,370,0
2022-01-27 12:32:00,370,370,370,370,0
2022-01-27 12:33:00,370,370,370,370,0
2022-01-27 12:34:00,370,370,370,370,0
2022-01-27 12:35:00,370,370,370,370,0
2022-01-27 12:36:00,370,370,370,370,0
2022-01-27 12:37:00,370,370,370,370,0
2022-01-27 12:38:00,370,370,370,370,0
2022-01-27 12:39:00,370,370,370,370,0
2022-01-27 12:40:00,370,370,370,370,0
2022-01-27 12:41:00,370,370,370,370,0
2022-01-27 12:42:00,370,370,370,370,0
2022-01-27 12:43:00,370,370,370,370,0
2022-01-27 12:44:00,370,370,370,370,0
2022-01-27 12:45:00,370,370,370,370,0
2022-01-27 12:46:00,370,370,370,370,0
2022-01-27 12:47:00,370,370,370,370,0
2022-01-27 12:48:00,370,370,370,370,0
2022-01-27 12:49:00,370,370,370,370,0
2022-01-27 12:50:00,370,370,370,370,0
2022-01-27 12:51:00,370,370,370,370,0
2022-01-27 12:52:00,370,370,370,370,0
2022-01-27 12:53:00,370,370,370,370,0
2022-01-27 12:54:00,370,370,370,370,0
2022-01-27 12:55:00,370,370,370,370,0
2022-01-27 12:56:00,370,370,370,370,0
2022-01-27 12:57:00,370,370,370,370,0
2022-01-27 12:58:00,370,370,370,370,0
2022-01-27 12:59:00,370,370,370,370,0
2022-01-27 13:00:00,370,370,370,370,0
2022-01-27 13:01:00,370,370,370,370,0
2022-01-27 13:02:00,370,370,370,370,0
2022-01-27 13:03:00,370,370,370,370,0
2022-01-27 13:04:00,370,370,370,370,0
2022-01-27 13:05:00,370,370,370,370,0
2022-01-27 13:06:00,370,370,370,370,0
2022-01-27 13:07:00,370,370,370,370,0
2022-01-27 13:08:00,370,370,370,370,0
2022-01-27 13:09:00,370,370,370,370,0
2022-01-27 13:10:00,370,370,370,370,0
2022-01-27 13:11:00,370,370,370,370,0
2022-01-27 13:12:00,370,370,370,370,0
2022-01-27 13:13:00,370,370,370,370,0
2022-01-27 13:14:00,370,370,370,370,0
2022-01-27 13:15:00,370,370,370,370,0
2022-01-27 13:16:00,370,370,370,370,0
2022-01-27 13:17:00,370,370,370,370,0
2022-01-27 13:18:00,370,370,370,370,0
2022-01-27 13:19:00,370,370,370,370,0
2022-01-27 13:20:00,370,370,370,370,0
2022-01-27 13:21:00,370,370,370,370,0
2022-01-27 13:22:00,370,370,370,370,0
2022-01-27 13:23:00,370,370,370,370,0
2022-01-27 13:24:00,370,370,370,370,0
2022-01-27 13:25:00,370,370,370,370,0
2022-01-27 13:26:00,370,370,370,370,0
2022-01-27 13:27:00,370,370,370,370,0
2022-01-27 13:28:00,370,370,370,370,0
2022-01-27 13:29:00,370,370,370,370,0
2022-01-27 13:30:00,370,370,370,370,0
2022-01-27 13:31:00,370,370,370,370,0
2022-01-27 13:32:00,370,370,370,370,500
2022-01-27 13:33:00,370,370,370,370,500
2022-01-27 13:34:00,370,370,370,370,0
2022-01-27 13:35:00,370,370,370,370,0
2022-01-27 13:36:00,370,370,370,370,2800
2022-01-27 13:37:00,372,372,372,372,500
2022-01-27 13:38:00,372,372,372,372,0
2022-01-27 13:39:00,372,372,372,372,0
2022-01-27 13:40:00,372,372,372,372,0
2022-01-27 13:41:00,372,372,372,372,0
2022-01-27 13:42:00,372,372,372,372,4500
2022-01-27 13:43:00,374,374,374,374,1000
2022-01-27 13:44:00,374,374,374,374,0
2022-01-27 13:45:00,374,374,374,374,0
2022-01-27 13:46:00,376,376,376,376,500
2022-01-27 13:47:00,376,376,376,376,500
2022-01-27 13:48:00,376,376,376,376,0
2022-01-27 13:49:00,376,376,376,376,0
2022-01-27 13:50:00,376,376,376,376,0
2022-01-27 13:51:00,376,376,376,376,0
2022-01-27 13:52:00,376,376,376,376,0
2022-01-27 13:53:00,376,376,376,376,0
2022-01-27 13:54:00,376,376,376,376,0
2022-01-27 13:55:00,376,376,376,376,0
2022-01-27 13:56:00,376,376,376,376,0
2022-01-27 13:57:00,376,376,376,376,0
2022-01-27 13:58:00,376,376,376,376,0
2022-01-27 13:59:00,376,376,376,376,0
2022-01-27 14:00:00,376,376,376,376,0
2022-01-27 14:01:00,376,376,376,376,0
2022-01-27 14:02:00,376,376,376,376,0
2022-01-27 14:03:00,376,376,376,376,0
2022-01-27 14:04:00,376,376,376,376,0
2022-01-27 14:05:00,376,376,376,376,0
2022-01-27 14:06:00,376,376,376,376,0
2022-01-27 14:07:00,376,376,376,376,0
2022-01-27 14:08:00,376,376,376,376,0
2022-01-27 14:09:00,376,376,376,376,0
2022-01-27 14:10:00,376,376,376,376,0
2022-01-27 14:11:00,376,376,376,376,0
2022-01-27 14:12:00,376,376,376,376,0
2022-01-27 14:13:00,376,376,376,376,0
2022-01-27 14:14:00,376,376,376,376,0
2022-01-27 14:15:00,376,376,376,376,0
2022-01-27 14:16:00,376,376,376,376,0
2022-01-27 14:17:00,376,376,376,376,0
2022-01-27 14:18:00,376,376,376,376,0
2022-01-27 14:19:00,376,376,376,376,0
2022-01-27 14:20:00,376,376,376,376,0
2022-01-27 14:21:00,376,376,376,376,0
2022-01-27 14:22:00,376,376,376,376,0
2022-01-27 14:23:00,376,376,376,376,0
2022-01-27 14:24:00,376,376,376,376,0
2022-01-27 14:25:00,376,376,376,376,0
2022-01-27 14:26:00,376,376,376,376,0
2022-01-27 14:27:00,376,376,376,376,0
2022-01-27 14:28:00,376,376,376,376,0
2022-01-27 14:29:00,376,376,376,376,0
2022-01-27 14:30:00,376,376,376,376,0
2022-01-27 14:31:00,376,376,376,376,0
2022-01-27 14:32:00,376,376,376,376,0
2022-01-27 14:33:00,376,376,376,376,0
2022-01-27 14:34:00,376,376,376,376,0
2022-01-27 14:35:00,376,376,376,376,0
2022-01-27 14:36:00,376,376,376,376,0
2022-01-27 14:37:00,376,376,376,376,0
2022-01-27 14:38:00,364,364,364,364,100
2022-01-27 14:39:00,364,364,364,364,0
2022-01-27 14:40:00,364,364,364,364,0
2022-01-27 14:41:00,368,368,368,368,100
2022-01-27 14:42:00,368,368,368,368,0
2022-01-27 14:43:00,368,368,368,368,0
2022-01-27 14:44:00,368,368,368,368,0
2022-01-27 14:45:00,368,368,368,368,0
2022-01-27 14:46:00,372,372,378,378,16500
2022-01-27 14:47:00,380,380,384,384,14100
2022-01-27 14:48:00,384,382,384,384,3900
2022-01-27 14:49:00,384,384,384,384,1000
2022-01-27 14:50:00,384,384,384,384,0
2022-01-27 14:51:00,384,384,384,384,0
2022-01-27 14:52:00,384,384,384,384,0
2022-01-27 14:53:00,384,384,384,384,0
2022-01-27 14:54:00,384,384,384,384,0
2022-01-27 14:55:00,384,384,384,384,0
2022-01-27 14:56:00,384,384,384,384,0
2022-01-27 14:57:00,384,384,384,384,0
2022-01-27 14:58:00,384,384,384,384,0
2022-01-27 14:59:00,384,384,384,384,0
2022-01-27 15:00:00,370,370,370,370,5000
2022-01-27 15:01:00,370,370,370,370,5000
2022-01-27 15:02:00,370,370,370,370,0
2022-01-27 15:03:00,370,370,370,370,0
2022-01-27 15:04:00,370,370,370,370,0
2022-01-27 15:05:00,370,370,370,370,0
2022-01-27 15:06:00,370,370,370,370,0
2022-01-27 15:07:00,370,370,370,370,0
2022-01-27 15:08:00,370,370,370,370,0
2022-01-27 15:09:00,370,370,370,370,0
2022-01-27 15:10:00,370,370,370,370,0
2022-01-27 15:11:00,370,370,370,370,0
2022-01-27 15:12:00,370,370,370,370,0
2022-01-27 15:13:00,370,370,370,370,0
2022-01-27 15:14:00,370,370,370,370,0
2022-01-27 15:15:00,370,370,370,370,0
2022-01-27 15:16:00,370,370,370,370,0
2022-01-27 15:17:00,370,370,370,370,0
2022-01-27 15:18:00,370,370,370,370,0
2022-01-27 15:19:00,370,370,370,370,0
2022-01-27 15:20:00,370,370,370,370,0
2022-01-27 15:21:00,370,370,370,370,0
2022-01-27 15:22:00,370,370,370,370,0
2022-01-27 15:23:00,370,370,370,370,0
2022-01-27 15:24:00,370,370,370,370,0
2022-01-27 15:25:00,370,370,370,370,0
2022-01-27 15:26:00,370,370,370,370,0
2022-01-27 15:27:00,370,370,370,370,0
2022-01-27 15:28:00,370,370,370,370,0
2022-01-27 15:29:00,370,370,370,370,0
2022-01-27 15:30:00,370,370,370,370,0
2022-01-27 15:31:00,370,370,370,370,0
2022-01-27 15:32:00,370,370,370,370,0
2022-01-27 15:33:00,370,370,370,370,0
2022-01-27 15:34:00,370,370,370,370,0
2022-01-27 15:35:00,370,370,370,370,0
2022-01-27 15:36:00,370,370,370,370,0
2022-01-27 15:37:00,370,370,370,370,0
2022-01-27 15:38:00,370,370,370,370,0
2022-01-27 15:39:00,370,370,370,370,0
2022-01-27 15:40:00,370,370,370,370,0
2022-01-27 15:41:00,370,370,370,370,0
2022-01-27 15:42:00,370,370,370,370,0
2022-01-27 15:43:00,370,370,370,370,0
2022-01-27 15:44:00,370,370,370,370,0
2022-01-27 15:45:00,370,370,370,370,0
2022-01-27 15:46:00,370,370,370,370,0
2022-01-27 15:47:00,370,370,370,370,0
2022-01-27 15:48:00,370,370,370,370,0
2022-01-27 15:49:00,370,370,370,370,0
2022-01-27 15:50:00,370,370,370,370,0
2022-01-27 15:51:00,370,370,370,370,0
2022-01-27 15:52:00,370,370,370,370,0
2022-01-27 15:53:00,370,370,370,370,0
2022-01-27 15:54:00,370,370,370,370,0
2022-01-27 15:55:00,370,370,370,370,0
2022-01-27 15:56:00,370,370,370,370,0
2022-01-27 15:57:00,370,370,370,370,0
2022-01-27 15:58:00,370,370,370,370,0
2022-01-27 15:59:00,370,370,370,370,0
2022-01-28 09:00:00,370,370,370,370,0
2022-01-28 09:01:00,370,370,370,370,0
2022-01-28 09:02:00,370,370,370,370,0
2022-01-28 09:03:00,370,370,370,370,0
2022-01-28 09:04:00,370,370,370,370,0
2022-01-28 09:05:00,370,370,370,370,0
2022-01-28 09:06:00,370,370,370,370,0
2022-01-28 09:07:00,370,370,370,370,0
2022-01-28 09:08:00,370,370,370,370,0
2022-01-28 09:09:00,370,370,370,370,0
2022-01-28 09:10:00,370,370,370,370,0
2022-01-28 09:11:00,370,370,370,370,0
2022-01-28 09:12:00,370,370,370,370,0
2022-01-28 09:13:00,370,370,370,370,0
2022-01-28 09:14:00,370,370,370,370,0
2022-01-28 09:15:00,370,370,370,370,0
2022-01-28 09:16:00,378,378,378,378,100
2022-01-28 09:17:00,378,378,378,378,0
2022-01-28 09:18:00,378,378,378,378,0
2022-01-28 09:19:00,378,378,378,378,0
2022-01-28 09:20:00,370,370,370,370,5000
2022-01-28 09:21:00,370,370,370,370,0
2022-01-28 09:22:00,370,370,370,370,0
2022-01-28 09:23:00,370,370,370,370,0
2022-01-28 09:24:00,370,370,370,370,0
2022-01-28 09:25:00,370,370,370,370,0
2022-01-28 09:26:00,370,370,370,370,0
2022-01-28 09:27:00,370,370,370,370,0
2022-01-28 09:28:00,370,370,370,370,0
2022-01-28 09:29:00,370,370,370,370,0
2022-01-28 09:30:00,370,370,370,370,0
2022-01-28 09:31:00,378,378,378,378,400
2022-01-28 09:32:00,378,378,378,378,0
2022-01-28 09:33:00,378,378,378,378,0
2022-01-28 09:34:00,378,378,378,378,0
2022-01-28 09:35:00,378,378,378,378,0
2022-01-28 09:36:00,378,378,378,378,0
2022-01-28 09:37:00,378,378,378,378,0
2022-01-28 09:38:00,378,378,378,378,0
2022-01-28 09:39:00,378,378,378,378,0
2022-01-28 09:40:00,378,378,378,378,0
2022-01-28 09:41:00,378,378,378,378,0
2022-01-28 09:42:00,378,378,378,378,0
2022-01-28 09:43:00,378,378,378,378,0
2022-01-28 09:44:00,378,378,378,378,0
2022-01-28 09:45:00,378,378,378,378,0
2022-01-28 09:46:00,378,378,378,378,0
2022-01-28 09:47:00,378,378,378,378,0
2022-01-28 09:48:00,378,378,378,378,0
2022-01-28 09:49:00,378,378,378,378,0
2022-01-28 09:50:00,378,378,378,378,0
2022-01-28 09:51:00,378,378,378,378,0
2022-01-28 09:52:00,378,378,378,378,0
2022-01-28 09:53:00,378,378,378,378,0
2022-01-28 09:54:00,378,378,378,378,0
2022-01-28 09:55:00,378,378,378,378,0
2022-01-28 09:56:00,378,378,378,378,0
2022-01-28 09:57:00,378,378,378,378,0
2022-01-28 09:58:00,378,378,378,378,0
2022-01-28 09:59:00,378,378,378,378,0
2022-01-28 10:00:00,378,378,378,378,0
2022-01-28 10:01:00,378,378,378,378,0
2022-01-28 10:02:00,370,370,370,370,3600
2022-01-28 10:03:00,370,370,370,370,0
2022-01-28 10:04:00,370,370,370,370,0
2022-01-28 10:05:00,370,370,370,370,0
2022-01-28 10:06:00,370,370,370,370,0
2022-01-28 10:07:00,370,370,370,370,0
2022-01-28 10:08:00,370,370,370,370,0
2022-01-28 10:09:00,370,370,370,370,0
2022-01-28 10:10:00,370,370,370,370,0
2022-01-28 10:11:00,370,370,370,370,0
2022-01-28 10:12:00,370,370,370,370,0
2022-01-28 10:13:00,370,370,370,370,0
2022-01-28 10:14:00,370,370,370,370,0
2022-01-28 10:15:00,370,370,370,370,0
2022-01-28 10:16:00,370,370,370,370,0
2022-01-28 10:17:00,370,370,370,370,0
2022-01-28 10:18:00,370,370,370,370,0
2022-01-28 10:19:00,370,370,370,370,0
2022-01-28 10:20:00,370,370,370,370,0
2022-01-28 10:21:00,370,370,370,370,0
2022-01-28 10:22:00,370,370,370,370,0
2022-01-28 10:23:00,370,370,370,370,0
2022-01-28 10:24:00,370,370,370,370,0
2022-01-28 10:25:00,370,370,370,370,0
2022-01-28 10:26:00,370,370,370,370,0
2022-01-28 10:27:00,370,370,370,370,0
2022-01-28 10:28:00,370,370,370,370,0
2022-01-28 10:29:00,370,370,370,370,0
2022-01-28 10:30:00,370,370,370,370,0
2022-01-28 10:31:00,370,370,370,370,0
2022-01-28 10:32:00,370,370,370,370,0
2022-01-28 10:33:00,370,370,370,370,0
2022-01-28 10:34:00,370,370,370,370,0
2022-01-28 10:35:00,370,370,370,370,0
2022-01-28 10:36:00,370,370,370,370,0
2022-01-28 10:37:00,370,370,370,370,0
2022-01-28 10:38:00,370,370,370,370,0
2022-01-28 10:39:00,370,370,370,370,0
2022-01-28 10:40:00,370,370,370,370,0
2022-01-28 10:41:00,370,370,370,370,0
2022-01-28 10:42:00,370,370,370,370,0
2022-01-28 10:43:00,370,370,370,370,0
2022-01-28 10:44:00,370,370,370,370,0
2022-01-28 10:45:00,370,370,370,370,0
2022-01-28 10:46:00,370,370,370,370,0
2022-01-28 10:47:00,370,370,370,370,500
2022-01-28 10:48:00,370,370,370,370,0
2022-01-28 10:49:00,370,370,370,370,0
2022-01-28 10:50:00,370,370,370,370,0
2022-01-28 10:51:00,370,370,370,370,0
2022-01-28 10:52:00,370,370,370,370,0
2022-01-28 10:53:00,370,370,370,370,0
2022-01-28 10:54:00,370,370,370,370,0
2022-01-28 10:55:00,370,370,370,370,0
2022-01-28 10:56:00,370,370,370,370,0
2022-01-28 10:57:00,370,370,370,370,0
2022-01-28 10:58:00,370,370,370,370,0
2022-01-28 10:59:00,370,370,370,370,0
2022-01-28 11:00:00,370,370,370,370,0
2022-01-28 11:01:00,370,370,370,370,0
2022-01-28 11:02:00,370,370,370,370,0
2022-01-28 11:03:00,370,370,370,370,0
2022-01-28 11:04:00,370,370,370,370,0
2022-01-28 11:05:00,370,370,370,370,0
2022-01-28 11:06:00,370,370,370,370,0
2022-01-28 11:07:00,370,370,370,370,0
2022-01-28 11:08:00,370,370,370,370,0
2022-01-28 11:09:00,370,370,370,370,400
2022-01-28 11:10:00,370,370,370,370,0
2022-01-28 11:11:00,370,370,370,370,0
2022-01-28 11:12:00,370,370,370,370,0
2022-01-28 11:13:00,370,370,370,370,0
2022-01-28 11:14:00,370,370,370,370,0
2022-01-28 11:15:00,370,370,370,370,0
2022-01-28 11:16:00,370,370,370,370,0
2022-01-28 11:17:00,370,370,370,370,0
2022-01-28 11:18:00,370,370,370,370,0
2022-01-28 11:19:00,370,370,370,370,0
2022-01-28 11:20:00,370,370,370,370,0
2022-01-28 11:21:00,370,370,370,370,0
2022-01-28 11:22:00,370,370,370,370,0
2022-01-28 11:23:00,370,370,370,370,0
2022-01-28 11:24:00,370,370,370,370,0
2022-01-28 11:25:00,376,376,376,376,100
2022-01-28 11:26:00,376,376,376,376,0
2022-01-28 11:27:00,376,376,376,376,0
2022-01-28 11:28:00,376,376,376,376,0
2022-01-28 11:29:00,376,376,376,376,0
2022-01-28 11:30:00,376,376,376,376,0
2022-01-28 11:31:00,376,376,376,376,0
2022-01-28 11:32:00,376,376,376,376,0
2022-01-28 11:33:00,376,376,376,376,0
2022-01-28 11:34:00,376,376,376,376,0
2022-01-28 11:35:00,376,376,376,376,0
2022-01-28 11:36:00,376,376,376,376,0
2022-01-28 11:37:00,376,376,376,376,0
2022-01-28 11:38:00,376,376,376,376,0
2022-01-28 11:39:00,376,376,376,376,0
2022-01-28 11:40:00,376,376,376,376,0
2022-01-28 11:41:00,376,376,376,376,0
2022-01-28 11:42:00,376,376,376,376,0
2022-01-28 11:43:00,376,376,376,376,0
2022-01-28 11:44:00,376,376,376,376,0
2022-01-28 11:45:00,376,376,376,376,0
2022-01-28 11:46:00,376,376,376,376,0
2022-01-28 11:47:00,376,376,376,376,0
2022-01-28 11:48:00,376,376,376,376,0
2022-01-28 11:49:00,376,376,376,376,0
2022-01-28 11:50:00,376,376,376,376,0
2022-01-28 11:51:00,376,376,376,376,0
2022-01-28 11:52:00,376,376,376,376,0
2022-01-28 11:53:00,376,376,376,376,0
2022-01-28 11:54:00,376,376,376,376,0
2022-01-28 11:55:00,376,376,376,376,0
2022-01-28 11:56:00,376,376,376,376,0
2022-01-28 11:57:00,376,376,376,376,0
2022-01-28 11:58:00,376,376,376,376,0
2022-01-28 11:59:00,376,376,376,376,0
2022-01-28 12:00:00,376,376,376,376,0
2022-01-28 12:01:00,376,376,376,376,0
2022-01-28 12:02:00,376,376,376,376,0
2022-01-28 12:03:00,376,376,376,376,0
2022-01-28 12:04:00,376,376,376,376,0
2022-01-28 12:05:00,376,376,376,376,0
2022-01-28 12:06:00,376,376,376,376,0
2022-01-28 12:07:00,376,376,376,376,0
2022-01-28 12:08:00,376,376,376,376,0
2022-01-28 12:09:00,376,376,376,376,0
2022-01-28 12:10:00,376,376,376,376,0
2022-01-28 12:11:00,376,376,376,376,0
2022-01-28 12:12:00,376,376,376,376,0
2022-01-28 12:13:00,376,376,376,376,0
2022-01-28 12:14:00,376,376,376,376,0
2022-01-28 12:15:00,376,376,376,376,0
2022-01-28 12:16:00,376,376,376,376,0
2022-01-28 12:17:00,376,376,376,376,0
2022-01-28 12:18:00,376,376,376,376,0
2022-01-28 12:19:00,376,376,376,376,0
2022-01-28 12:20:00,376,376,376,376,0
2022-01-28 12:21:00,376,376,376,376,0
2022-01-28 12:22:00,376,376,376,376,0
2022-01-28 12:23:00,376,376,376,376,0
2022-01-28 12:24:00,376,376,376,376,0
2022-01-28 12:25:00,376,376,376,376,0
2022-01-28 12:26:00,376,376,376,376,0
2022-01-28 12:27:00,376,376,376,376,0
2022-01-28 12:28:00,376,376,376,376,0
2022-01-28 12:29:00,376,376,376,376,0
2022-01-28 12:30:00,376,376,376,376,0
2022-01-28 12:31:00,376,376,376,376,0
2022-01-28 12:32:00,376,376,376,376,0
2022-01-28 12:33:00,376,376,376,376,0
2022-01-28 12:34:00,376,376,376,376,0
2022-01-28 12:35:00,376,376,376,376,0
2022-01-28 12:36:00,376,376,376,376,0
2022-01-28 12:37:00,376,376,376,376,0
2022-01-28 12:38:00,376,376,376,376,0
2022-01-28 12:39:00,376,376,376,376,0
2022-01-28 12:40:00,376,376,376,376,0
2022-01-28 12:41:00,376,376,376,376,0
2022-01-28 12:42:00,376,376,376,376,0
2022-01-28 12:43:00,376,376,376,376,0
2022-01-28 12:44:00,376,376,376,376,0
2022-01-28 12:45:00,376,376,376,376,0
2022-01-28 12:46:00,376,376,376,376,0
2022-01-28 12:47:00,376,376,376,376,0
2022-01-28 12:48:00,376,376,376,376,0
2022-01-28 12:49:00,376,376,376,376,0
2022-01-28 12:50:00,376,376,376,376,0
2022-01-28 12:51:00,376,376,376,376,0
2022-01-28 12:52:00,376,376,376,376,0
2022-01-28 12:53:00,376,376,376,376,0
2022-01-28 12:54:00,376,376,376,376,0
2022-01-28 12:55:00,376,376,376,376,0
2022-01-28 12:56:00,376,376,376,376,0
2022-01-28 12:57:00,376,376,376,376,0
2022-01-28 12:58:00,376,376,376,376,0
2022-01-28 12:59:00,376,376,376,376,0
2022-01-28 13:00:00,376,376,376,376,0
2022-01-28 13:01:00,376,376,376,376,0
2022-01-28 13:02:00,376,376,376,376,0
2022-01-28 13:03:00,376,376,376,376,0
2022-01-28 13:04:00,376,376,376,376,0
2022-01-28 13:05:00,376,376,376,376,0
2022-01-28 13:06:00,376,376,376,376,0
2022-01-28 13:07:00,376,376,376,376,0
2022-01-28 13:08:00,376,376,376,376,0
2022-01-28 13:09:00,376,376,376,376,0
2022-01-28 13:10:00,376,376,376,376,0
2022-01-28 13:11:00,376,376,376,376,0
2022-01-28 13:12:00,376,376,376,376,0
2022-01-28 13:13:00,376,376,376,376,0
2022-01-28 13:14:00,376,376,376,376,0
2022-01-28 13:15:00,376,376,376,376,0
2022-01-28 13:16:00,376,376,376,376,0
2022-01-28 13:17:00,376,376,376,376,0
2022-01-28 13:18:00,376,376,376,376,0
2022-01-28 13:19:00,376,376,376,376,0
2022-01-28 13:20:00,376,376,376,376,0
2022-01-28 13:21:00,376,376,376,376,0
2022-01-28 13:22:00,376,376,376,376,0
2022-01-28 13:23:00,376,376,376,376,0
2022-01-28 13:24:00,376,376,376,376,0
2022-01-28 13:25:00,376,376,376,376,0
2022-01-28 13:26:00,376,376,376,376,0
2022-01-28 13:27:00,376,376,376,376,0
2022-01-28 13:28:00,376,376,376,376,0
2022-01-28 13:29:00,376,376,376,376,0
2022-01-28 13:30:00,376,376,376,376,0
2022-01-28 13:31:00,376,376,376,376,0
2022-01-28 13:32:00,376,376,376,376,0
2022-01-28 13:33:00,376,376,376,376,0
2022-01-28 13:34:00,376,376,376,376,0
2022-01-28 13:35:00,376,376,376,376,0
2022-01-28 13:36:00,376,376,376,376,0
2022-01-28 13:37:00,376,376,376,376,0
2022-01-28 13:38:00,376,376,376,376,0
2022-01-28 13:39:00,376,376,376,376,0
2022-01-28 13:40:00,376,376,376,376,0
2022-01-28 13:41:00,376,376,376,376,0
2022-01-28 13:42:00,376,376,376,376,0
2022-01-28 13:43:00,376,376,376,376,0
2022-01-28 13:44:00,376,376,376,376,0
2022-01-28 13:45:00,376,376,376,376,0
2022-01-28 13:46:00,376,376,376,376,0
2022-01-28 13:47:00,376,376,376,376,0
2022-01-28 13:48:00,376,376,376,376,0
2022-01-28 13:49:00,376,376,376,376,900
2022-01-28 13:50:00,376,376,376,376,0
2022-01-28 13:51:00,376,376,376,376,0
2022-01-28 13:52:00,376,376,376,376,0
2022-01-28 13:53:00,376,376,376,376,0
2022-01-28 13:54:00,376,376,376,376,0
2022-01-28 13:55:00,376,376,376,376,0
2022-01-28 13:56:00,376,376,376,376,0
2022-01-28 13:57:00,376,376,376,376,0
2022-01-28 13:58:00,376,376,376,376,0
2022-01-28 13:59:00,376,376,376,376,0
2022-01-28 14:00:00,376,376,376,376,0
2022-01-28 14:01:00,376,376,376,376,0
2022-01-28 14:02:00,376,376,376,376,0
2022-01-28 14:03:00,376,376,376,376,0
2022-01-28 14:04:00,376,376,376,376,0
2022-01-28 14:05:00,376,376,376,376,0
2022-01-28 14:06:00,376,376,376,376,0
2022-01-28 14:07:00,376,376,376,376,0
2022-01-28 14:08:00,376,376,376,376,0
2022-01-28 14:09:00,376,376,376,376,0
2022-01-28 14:10:00,376,376,376,376,0
2022-01-28 14:11:00,376,376,376,376,0
2022-01-28 14:12:00,376,376,376,376,0
2022-01-28 14:13:00,376,376,376,376,0
2022-01-28 14:14:00,376,376,376,376,0
2022-01-28 14:15:00,376,376,376,376,0
2022-01-28 14:16:00,376,376,376,376,0
2022-01-28 14:17:00,376,376,376,376,0
2022-01-28 14:18:00,376,376,376,376,0
2022-01-28 14:19:00,376,376,376,376,0
2022-01-28 14:20:00,376,376,376,376,0
2022-01-28 14:21:00,376,376,376,376,0
2022-01-28 14:22:00,376,376,376,376,0
2022-01-28 14:23:00,376,376,376,376,0
2022-01-28 14:24:00,368,366,368,366,5600
2022-01-28 14:25:00,362,350,362,350,53700
2022-01-28 14:26:00,350,346,350,346,62500
2022-01-28 14:27:00,346,346,346,346,10200
2022-01-28 14:28:00,346,346,346,346,0
2022-01-28 14:29:00,346,346,346,346,6300
2022-01-28 14:30:00,346,346,346,346,1700
2022-01-28 14:31:00,346,346,346,346,8800
2022-01-28 14:32:00,346,346,346,346,100
2022-01-28 14:33:00,346,346,346,346,100
2022-01-28 14:34:00,346,346,346,346,5700
2022-01-28 14:35:00,346,346,346,346,2300
2022-01-28 14:36:00,346,346,346,346,1000
2022-01-28 14:37:00,346,346,346,346,500
2022-01-28 14:38:00,346,346,346,346,0
2022-01-28 14:39:00,346,346,346,346,0
2022-01-28 14:40:00,346,346,346,346,0
2022-01-28 14:41:00,346,346,346,346,700
2022-01-28 14:42:00,346,346,346,346,300
2022-01-28 14:43:00,346,346,346,346,0
2022-01-28 14:44:00,346,346,346,346,0
2022-01-28 14:45:00,346,346,346,346,100
2022-01-28 14:46:00,346,346,346,346,0
2022-01-28 14:47:00,346,346,346,346,0
2022-01-28 14:48:00,346,346,346,346,0
2022-01-28 14:49:00,346,346,346,346,0
2022-01-28 14:50:00,346,346,346,346,0
2022-01-28 14:51:00,346,346,346,346,0
2022-01-28 14:52:00,346,346,346,346,0
2022-01-28 14:53:00,346,346,346,346,0
2022-01-28 14:54:00,346,346,346,346,0
2022-01-28 14:55:00,346,346,346,346,0
2022-01-28 14:56:00,346,346,346,346,0
2022-01-28 14:57:00,346,346,346,346,0
2022-01-28 14:58:00,346,346,346,346,0
2022-01-28 14:59:00,346,346,346,346,0
2022-01-28 15:00:00,346,346,346,346,0
2022-01-28 15:01:00,346,346,346,346,0
2022-01-28 15:02:00,346,346,346,346,0
2022-01-28 15:03:00,346,346,346,346,1800
2022-01-28 15:04:00,346,346,346,346,0
2022-01-28 15:05:00,346,346,346,346,0
2022-01-28 15:06:00,346,346,346,346,0
2022-01-28 15:07:00,346,346,346,346,100
2022-01-28 15:08:00,346,346,346,346,0
2022-01-28 15:09:00,346,346,346,346,0
2022-01-28 15:10:00,346,346,346,346,0
2022-01-28 15:11:00,346,346,346,346,0
2022-01-28 15:12:00,346,346,346,346,0
2022-01-28 15:13:00,346,346,346,346,0
2022-01-28 15:14:00,346,346,346,346,0
2022-01-28 15:15:00,346,346,346,346,0
2022-01-28 15:16:00,346,346,346,346,0
2022-01-28 15:17:00,346,346,346,346,0
2022-01-28 15:18:00,346,346,346,346,0
2022-01-28 15:19:00,346,346,346,346,0
2022-01-28 15:20:00,346,346,346,346,0
2022-01-28 15:21:00,346,346,346,346,0
2022-01-28 15:22:00,346,346,346,346,0
2022-01-28 15:23:00,346,346,346,346,0
2022-01-28 15:24:00,346,346,346,346,0
2022-01-28 15:25:00,346,346,346,346,0
2022-01-28 15:26:00,346,346,346,346,0
2022-01-28 15:27:00,346,346,346,346,0
2022-01-28 15:28:00,346,346,346,346,0
2022-01-28 15:29:00,346,346,346,346,0
2022-01-28 15:30:00,346,346,346,346,0
2022-01-28 15:31:00,346,346,346,346,0
2022-01-28 15:32:00,346,346,346,346,0
2022-01-28 15:33:00,346,346,346,346,0
2022-01-28 15:34:00,346,346,346,346,0
2022-01-28 15:35:00,346,346,346,346,0
2022-01-28 15:36:00,346,346,346,346,0
2022-01-28 15:37:00,346,346,346,346,0
2022-01-28 15:38:00,346,346,346,346,0
2022-01-28 15:39:00,346,346,346,346,0
2022-01-28 15:40:00,346,346,346,346,0
2022-01-28 15:41:00,346,346,346,346,0
2022-01-28 15:42:00,346,346,346,346,0
2022-01-28 15:43:00,346,346,346,346,0
2022-01-28 15:44:00,346,346,346,346,0
2022-01-28 15:45:00,346,346,346,346,0
2022-01-28 15:46:00,346,346,346,346,0
2022-01-28 15:47:00,346,346,346,346,0
2022-01-28 15:48:00,346,346,346,346,0
2022-01-28 15:49:00,346,346,346,346,0
2022-01-28 15:50:00,346,346,346,346,0
2022-01-28 15:51:00,346,346,346,346,0
2022-01-28 15:52:00,346,346,346,346,0
2022-01-28 15:53:00,346,346,346,346,0
2022-01-28 15:54:00,346,346,346,346,0
2022-01-28 15:55:00,346,346,346,346,0
2022-01-28 15:56:00,346,346,346,346,0
2022-01-28 15:57:00,346,346,346,346,0
2022-01-28 15:58:00,346,346,346,346,0
2022-01-28 15:59:00,346,346,346,346,0
2022-01-31 09:00:00,344,344,346,346,0
2022-01-31 09:01:00,344,344,346,346,0
2022-01-31 09:02:00,346,346,346,346,100
2022-01-31 09:03:00,346,346,346,346,0
2022-01-31 09:04:00,346,346,346,346,0
2022-01-31 09:05:00,346,346,346,346,0
2022-01-31 09:06:00,348,348,348,348,100
2022-01-31 09:07:00,348,348,348,348,0
2022-01-31 09:08:00,348,348,348,348,0
2022-01-31 09:09:00,348,348,348,348,0
2022-01-31 09:10:00,348,348,348,348,0
2022-01-31 09:11:00,348,348,348,348,0
2022-01-31 09:12:00,348,348,348,348,0
2022-01-31 09:13:00,348,348,348,348,0
2022-01-31 09:14:00,348,348,348,348,100
2022-01-31 09:15:00,348,348,348,348,0
2022-01-31 09:16:00,348,346,348,346,2300
2022-01-31 09:17:00,348,346,348,346,0
2022-01-31 09:18:00,348,346,348,346,0
2022-01-31 09:19:00,348,346,348,346,0
2022-01-31 09:20:00,348,346,348,346,0
2022-01-31 09:21:00,348,346,348,346,0
2022-01-31 09:22:00,348,346,348,346,0
2022-01-31 09:23:00,348,346,348,346,0
2022-01-31 09:24:00,348,346,348,346,0
2022-01-31 09:25:00,348,346,348,346,0
2022-01-31 09:26:00,348,346,348,346,0
2022-01-31 09:27:00,348,346,348,346,0
2022-01-31 09:28:00,348,346,348,346,0
2022-01-31 09:29:00,348,346,348,346,0
2022-01-31 09:30:00,348,346,348,346,0
2022-01-31 09:31:00,348,346,348,346,0
2022-01-31 09:32:00,348,346,348,346,0
2022-01-31 09:33:00,348,346,348,346,0
2022-01-31 09:34:00,348,346,348,346,0
2022-01-31 09:35:00,348,346,348,346,0
2022-01-31 09:36:00,348,346,348,346,0
2022-01-31 09:37:00,348,346,348,346,0
2022-01-31 09:38:00,348,346,348,346,0
2022-01-31 09:39:00,348,346,348,346,0
2022-01-31 09:40:00,348,346,348,346,0
2022-01-31 09:41:00,348,346,348,346,0
2022-01-31 09:42:00,348,346,348,346,0
2022-01-31 09:43:00,348,346,348,346,0
2022-01-31 09:44:00,348,346,348,346,0
2022-01-31 09:45:00,348,346,348,346,0
2022-01-31 09:46:00,346,346,346,346,200
2022-01-31 09:47:00,346,346,346,346,0
2022-01-31 09:48:00,346,346,346,346,0
2022-01-31 09:49:00,350,350,350,350,100
2022-01-31 09:50:00,350,350,350,350,0
2022-01-31 09:51:00,350,350,350,350,0
2022-01-31 09:52:00,350,350,350,350,0
2022-01-31 09:53:00,350,350,350,350,0
2022-01-31 09:54:00,350,350,350,350,0
2022-01-31 09:55:00,350,350,350,350,0
2022-01-31 09:56:00,350,350,350,350,0
2022-01-31 09:57:00,350,350,350,350,0
2022-01-31 09:58:00,350,350,350,350,0
2022-01-31 09:59:00,350,350,350,350,0
2022-01-31 10:00:00,350,350,350,350,0
2022-01-31 10:01:00,350,350,350,350,0
2022-01-31 10:02:00,350,350,350,350,0
2022-01-31 10:03:00,350,350,350,350,0
2022-01-31 10:04:00,350,350,350,350,0
2022-01-31 10:05:00,350,350,350,350,0
2022-01-31 10:06:00,350,350,350,350,0
2022-01-31 10:07:00,350,350,350,350,0
2022-01-31 10:08:00,350,350,350,350,0
2022-01-31 10:09:00,350,350,350,350,0
2022-01-31 10:10:00,350,350,350,350,0
2022-01-31 10:11:00,350,350,350,350,0
2022-01-31 10:12:00,350,350,350,350,0
2022-01-31 10:13:00,350,350,350,350,0
2022-01-31 10:14:00,350,350,350,350,0
2022-01-31 10:15:00,350,350,350,350,0
2022-01-31 10:16:00,350,350,350,350,0
2022-01-31 10:17:00,350,350,350,350,0
2022-01-31 10:18:00,350,350,350,350,0
2022-01-31 10:19:00,350,350,350,350,0
2022-01-31 10:20:00,350,350,350,350,0
2022-01-31 10:21:00,350,350,350,350,0
2022-01-31 10:22:00,350,350,350,350,0
2022-01-31 10:23:00,350,350,350,350,0
2022-01-31 10:24:00,350,350,350,350,0
2022-01-31 10:25:00,350,350,350,350,0
2022-01-31 10:26:00,350,350,350,350,0
2022-01-31 10:27:00,350,350,350,350,0
2022-01-31 10:28:00,350,350,350,350,0
2022-01-31 10:29:00,350,350,350,350,0
2022-01-31 10:30:00,350,350,350,350,0
2022-01-31 10:31:00,350,350,350,350,0
2022-01-31 10:32:00,350,350,350,350,0
2022-01-31 10:33:00,350,350,350,350,0
2022-01-31 10:34:00,350,350,350,350,0
2022-01-31 10:35:00,350,350,350,350,0
2022-01-31 10:36:00,350,350,350,350,0
2022-01-31 10:37:00,334,332,334,332,6000
2022-01-31 10:38:00,330,322,330,322,146500
2022-01-31 10:39:00,322,322,322,322,8000
2022-01-31 10:40:00,324,324,324,324,900
2022-01-31 10:41:00,324,324,324,324,1100
2022-01-31 10:42:00,324,324,324,324,700
2022-01-31 10:43:00,324,322,324,322,2100
2022-01-31 10:44:00,324,324,324,324,300
2022-01-31 10:45:00,324,324,324,324,0
2022-01-31 10:46:00,324,324,324,324,0
2022-01-31 10:47:00,324,324,324,324,0
2022-01-31 10:48:00,324,324,324,324,0
2022-01-31 10:49:00,324,324,324,324,0
2022-01-31 10:50:00,324,324,324,324,0
2022-01-31 10:51:00,324,324,324,324,0
2022-01-31 10:52:00,324,324,324,324,0
2022-01-31 10:53:00,324,324,324,324,0
2022-01-31 10:54:00,328,328,328,328,100
2022-01-31 10:55:00,324,322,324,322,32700
2022-01-31 10:56:00,324,322,324,322,0
2022-01-31 10:57:00,324,322,324,322,0
2022-01-31 10:58:00,324,322,324,322,0
2022-01-31 10:59:00,324,322,324,322,0
2022-01-31 11:00:00,322,322,322,322,34300
2022-01-31 11:01:00,322,322,322,322,100
2022-01-31 11:02:00,322,322,322,322,0
2022-01-31 11:03:00,322,322,322,322,0
2022-01-31 11:04:00,322,322,322,322,0
2022-01-31 11:05:00,322,322,322,322,0
2022-01-31 11:06:00,322,322,322,322,0
2022-01-31 11:07:00,322,322,322,322,0
2022-01-31 11:08:00,322,322,322,322,27100
2022-01-31 11:09:00,322,322,322,322,2200
2022-01-31 11:10:00,322,322,322,322,0
2022-01-31 11:11:00,322,322,324,324,29200
2022-01-31 11:12:00,322,322,324,324,28000
2022-01-31 11:13:00,322,322,324,324,0
2022-01-31 11:14:00,322,322,324,324,0
2022-01-31 11:15:00,322,322,324,324,0
2022-01-31 11:16:00,322,322,324,324,0
2022-01-31 11:17:00,324,324,324,324,2000
2022-01-31 11:18:00,324,324,324,324,0
2022-01-31 11:19:00,324,324,324,324,0
2022-01-31 11:20:00,324,324,324,324,0
2022-01-31 11:21:00,324,324,324,324,0
2022-01-31 11:22:00,324,324,324,324,0
2022-01-31 11:23:00,324,324,324,324,100
2022-01-31 11:24:00,324,324,324,324,0
2022-01-31 11:25:00,324,324,324,324,0
2022-01-31 11:26:00,324,324,324,324,0
2022-01-31 11:27:00,324,324,324,324,1500
2022-01-31 11:28:00,324,324,324,324,0
2022-01-31 11:29:00,324,324,324,324,0
2022-01-31 11:30:00,324,324,324,324,0
2022-01-31 11:31:00,324,324,324,324,0
2022-01-31 11:32:00,324,324,324,324,0
2022-01-31 11:33:00,324,324,324,324,0
2022-01-31 11:34:00,324,324,324,324,0
2022-01-31 11:35:00,324,324,324,324,0
2022-01-31 11:36:00,324,324,324,324,0
2022-01-31 11:37:00,324,324,324,324,0
2022-01-31 11:38:00,324,324,324,324,0
2022-01-31 11:39:00,324,324,324,324,0
2022-01-31 11:40:00,324,324,324,324,0
2022-01-31 11:41:00,324,324,324,324,0
2022-01-31 11:42:00,324,324,324,324,0
2022-01-31 11:43:00,324,324,324,324,0
2022-01-31 11:44:00,324,324,324,324,0
2022-01-31 11:45:00,324,324,324,324,0
2022-01-31 11:46:00,324,324,324,324,0
2022-01-31 11:47:00,324,324,324,324,0
2022-01-31 11:48:00,324,324,324,324,0
2022-01-31 11:49:00,324,324,324,324,0
2022-01-31 11:50:00,324,324,324,324,0
2022-01-31 11:51:00,324,324,324,324,0
2022-01-31 11:52:00,324,324,324,324,0
2022-01-31 11:53:00,324,324,324,324,0
2022-01-31 11:54:00,324,324,324,324,0
2022-01-31 11:55:00,324,324,324,324,0
2022-01-31 11:56:00,324,324,324,324,0
2022-01-31 11:57:00,324,324,324,324,0
2022-01-31 11:58:00,324,324,324,324,0
2022-01-31 11:59:00,324,324,324,324,0
2022-01-31 12:00:00,324,324,324,324,0
2022-01-31 12:01:00,324,324,324,324,0
2022-01-31 12:02:00,324,324,324,324,0
2022-01-31 12:03:00,324,324,324,324,0
2022-01-31 12:04:00,324,324,324,324,0
2022-01-31 12:05:00,324,324,324,324,0
2022-01-31 12:06:00,324,324,324,324,0
2022-01-31 12:07:00,324,324,324,324,0
2022-01-31 12:08:00,324,324,324,324,0
2022-01-31 12:09:00,324,324,324,324,0
2022-01-31 12:10:00,324,324,324,324,0
2022-01-31 12:11:00,324,324,324,324,0
2022-01-31 12:12:00,324,324,324,324,0
2022-01-31 12:13:00,324,324,324,324,0
2022-01-31 12:14:00,324,324,324,324,0
2022-01-31 12:15:00,324,324,324,324,0
2022-01-31 12:16:00,324,324,324,324,0
2022-01-31 12:17:00,324,324,324,324,0
2022-01-31 12:18:00,324,324,324,324,0
2022-01-31 12:19:00,324,324,324,324,0
2022-01-31 12:20:00,324,324,324,324,0
2022-01-31 12:21:00,324,324,324,324,0
2022-01-31 12:22:00,324,324,324,324,0
2022-01-31 12:23:00,324,324,324,324,0
2022-01-31 12:24:00,324,324,324,324,0
2022-01-31 12:25:00,324,324,324,324,0
2022-01-31 12:26:00,324,324,324,324,0
2022-01-31 12:27:00,324,324,324,324,0
2022-01-31 12:28:00,324,324,324,324,0
2022-01-31 12:29:00,324,324,324,324,0
2022-01-31 12:30:00,324,324,324,324,0
2022-01-31 12:31:00,324,324,324,324,0
2022-01-31 12:32:00,324,324,324,324,0
2022-01-31 12:33:00,324,324,324,324,0
2022-01-31 12:34:00,324,324,324,324,0
2022-01-31 12:35:00,324,324,324,324,0
2022-01-31 12:36:00,324,324,324,324,0
2022-01-31 12:37:00,324,324,324,324,0
2022-01-31 12:38:00,324,324,324,324,0
2022-01-31 12:39:00,324,324,324,324,0
2022-01-31 12:40:00,324,324,324,324,0
2022-01-31 12:41:00,324,324,324,324,0
2022-01-31 12:42:00,324,324,324,324,0
2022-01-31 12:43:00,324,324,324,324,0
2022-01-31 12:44:00,324,324,324,324,0
2022-01-31 12:45:00,324,324,324,324,0
2022-01-31 12:46:00,324,324,324,324,0
2022-01-31 12:47:00,324,324,324,324,0
2022-01-31 12:48:00,324,324,324,324,0
2022-01-31 12:49:00,324,324,324,324,0
2022-01-31 12:50:00,324,324,324,324,0
2022-01-31 12:51:00,324,324,324,324,0
2022-01-31 12:52:00,324,324,324,324,0
2022-01-31 12:53:00,324,324,324,324,0
2022-01-31 12:54:00,324,324,324,324,0
2022-01-31 12:55:00,324,324,324,324,0
2022-01-31 12:56:00,324,324,324,324,0
2022-01-31 12:57:00,324,324,324,324,0
2022-01-31 12:58:00,324,324,324,324,0
2022-01-31 12:59:00,324,324,324,324,0
2022-01-31 13:00:00,324,324,324,324,0
2022-01-31 13:01:00,324,324,324,324,0
2022-01-31 13:02:00,324,324,324,324,0
2022-01-31 13:03:00,324,324,324,324,0
2022-01-31 13:04:00,324,324,324,324,0
2022-01-31 13:05:00,324,324,324,324,0
2022-01-31 13:06:00,324,324,324,324,0
2022-01-31 13:07:00,324,324,324,324,0
2022-01-31 13:08:00,324,324,324,324,0
2022-01-31 13:09:00,324,324,324,324,0
2022-01-31 13:10:00,324,324,324,324,0
2022-01-31 13:11:00,324,324,324,324,0
2022-01-31 13:12:00,324,324,324,324,0
2022-01-31 13:13:00,324,324,324,324,0
2022-01-31 13:14:00,324,324,324,324,0
2022-01-31 13:15:00,324,324,324,324,0
2022-01-31 13:16:00,324,324,324,324,0
2022-01-31 13:17:00,324,324,324,324,0
2022-01-31 13:18:00,324,324,324,324,0
2022-01-31 13:19:00,324,324,324,324,0
2022-01-31 13:20:00,324,324,324,324,0
2022-01-31 13:21:00,324,324,324,324,0
2022-01-31 13:22:00,324,324,324,324,0
2022-01-31 13:23:00,324,324,324,324,0
2022-01-31 13:24:00,324,324,324,324,0
2022-01-31 13:25:00,324,324,324,324,0
2022-01-31 13:26:00,324,324,324,324,0
2022-01-31 13:27:00,324,324,324,324,0
2022-01-31 13:28:00,324,324,324,324,0
2022-01-31 13:29:00,324,324,324,324,0
2022-01-31 13:30:00,324,324,326,326,13700
2022-01-31 13:31:00,324,324,326,326,0
2022-01-31 13:32:00,324,324,326,326,0
2022-01-31 13:33:00,324,324,326,326,0
2022-01-31 13:34:00,324,324,326,326,0
2022-01-31 13:35:00,324,324,326,326,0
2022-01-31 13:36:00,326,326,326,326,10000
2022-01-31 13:37:00,326,326,328,328,3500
2022-01-31 13:38:00,326,326,328,328,0
2022-01-31 13:39:00,326,326,326,326,100
2022-01-31 13:40:00,326,326,326,326,0
2022-01-31 13:41:00,326,326,326,326,0
2022-01-31 13:42:00,326,326,326,326,0
2022-01-31 13:43:00,326,326,326,326,0
2022-01-31 13:44:00,326,326,326,326,0
2022-01-31 13:45:00,326,326,326,326,1000
2022-01-31 13:46:00,326,326,326,326,0
2022-01-31 13:47:00,326,326,326,326,1500
2022-01-31 13:48:00,328,328,328,328,17400
2022-01-31 13:49:00,328,328,328,328,900
2022-01-31 13:50:00,328,328,328,328,0
2022-01-31 13:51:00,328,328,328,328,0
2022-01-31 13:52:00,328,328,328,328,6100
2022-01-31 13:53:00,328,328,328,328,0
2022-01-31 13:54:00,328,328,328,328,0
2022-01-31 13:55:00,328,328,328,328,0
2022-01-31 13:56:00,328,328,328,328,0
2022-01-31 13:57:00,328,328,328,328,4000
2022-01-31 13:58:00,328,328,328,328,0
2022-01-31 13:59:00,328,328,328,328,0
2022-01-31 14:00:00,328,328,328,328,2100
2022-01-31 14:01:00,326,324,326,324,4500
2022-01-31 14:02:00,324,324,324,324,2300
2022-01-31 14:03:00,324,324,324,324,0
2022-01-31 14:04:00,324,324,324,324,0
2022-01-31 14:05:00,324,324,324,324,0
2022-01-31 14:06:00,324,324,324,324,0
2022-01-31 14:07:00,324,324,324,324,0
2022-01-31 14:08:00,324,324,324,324,0
2022-01-31 14:09:00,324,324,324,324,0
2022-01-31 14:10:00,324,324,324,324,0
2022-01-31 14:11:00,324,324,324,324,0
2022-01-31 14:12:00,324,324,324,324,0
2022-01-31 14:13:00,324,324,324,324,0
2022-01-31 14:14:00,324,324,324,324,0
2022-01-31 14:15:00,324,324,324,324,0
2022-01-31 14:16:00,324,324,324,324,0
2022-01-31 14:17:00,324,324,324,324,0
2022-01-31 14:18:00,324,324,324,324,0
2022-01-31 14:19:00,324,324,324,324,1000
2022-01-31 14:20:00,324,324,324,324,0
2022-01-31 14:21:00,324,324,324,324,0
2022-01-31 14:22:00,324,324,324,324,0
2022-01-31 14:23:00,324,324,324,324,0
2022-01-31 14:24:00,324,324,324,324,0
2022-01-31 14:25:00,324,324,324,324,0
2022-01-31 14:26:00,324,324,324,324,0
2022-01-31 14:27:00,324,324,324,324,0
2022-01-31 14:28:00,324,324,324,324,0
2022-01-31 14:29:00,324,324,324,324,0
2022-01-31 14:30:00,324,324,324,324,0
2022-01-31 14:31:00,322,322,322,322,7200
2022-01-31 14:32:00,322,322,322,322,100
2022-01-31 14:33:00,322,322,322,322,0
2022-01-31 14:34:00,322,322,322,322,0
2022-01-31 14:35:00,322,322,322,322,0
2022-01-31 14:36:00,322,322,322,322,0
2022-01-31 14:37:00,322,322,322,322,0
2022-01-31 14:38:00,322,322,322,322,10000
2022-01-31 14:39:00,328,328,328,328,100
2022-01-31 14:40:00,328,322,338,336,8000
2022-01-31 14:41:00,336,336,340,340,4900
2022-01-31 14:42:00,342,342,346,346,1800
2022-01-31 14:43:00,346,344,346,344,2100
2022-01-31 14:44:00,344,344,344,344,400
2022-01-31 14:45:00,344,344,344,344,500
2022-01-31 14:46:00,344,344,346,344,7700
2022-01-31 14:47:00,346,344,346,346,8500
2022-01-31 14:48:00,344,344,344,344,1700
2022-01-31 14:49:00,344,344,346,344,600
2022-01-31 14:50:00,344,344,346,344,0
2022-01-31 14:51:00,344,344,346,344,0
2022-01-31 14:52:00,344,344,346,344,0
2022-01-31 14:53:00,344,344,346,344,0
2022-01-31 14:54:00,344,344,346,344,0
2022-01-31 14:55:00,344,344,346,344,0
2022-01-31 14:56:00,344,344,346,344,0
2022-01-31 14:57:00,344,344,346,344,0
2022-01-31 14:58:00,344,344,346,344,0
2022-01-31 14:59:00,344,344,346,344,0
2022-01-31 15:00:00,346,346,346,346,451400
2022-01-31 15:01:00,346,346,346,346,0
2022-01-31 15:02:00,346,346,346,346,0
2022-01-31 15:03:00,346,346,346,346,0
2022-01-31 15:04:00,346,346,346,346,0
2022-01-31 15:05:00,346,346,346,346,0
2022-01-31 15:06:00,346,346,346,346,0
2022-01-31 15:07:00,346,346,346,346,0
2022-01-31 15:08:00,346,346,346,346,0
2022-01-31 15:09:00,346,346,346,346,0
2022-01-31 15:10:00,346,346,346,346,0
2022-01-31 15:11:00,346,346,346,346,0
2022-01-31 15:12:00,346,346,346,346,0
2022-01-31 15:13:00,346,346,346,346,0
2022-01-31 15:14:00,346,346,346,346,0
2022-01-31 15:15:00,346,346,346,346,0
2022-01-31 15:16:00,346,346,346,346,0
2022-01-31 15:17:00,346,346,346,346,0
2022-01-31 15:18:00,346,346,346,346,0
2022-01-31 15:19:00,346,346,346,346,0
2022-01-31 15:20:00,346,346,346,346,0
2022-01-31 15:21:00,346,346,346,346,0
2022-01-31 15:22:00,346,346,346,346,0
2022-01-31 15:23:00,346,346,346,346,0
2022-01-31 15:24:00,346,346,346,346,0
2022-01-31 15:25:00,346,346,346,346,0
2022-01-31 15:26:00,346,346,346,346,0
2022-01-31 15:27:00,346,346,346,346,0
2022-01-31 15:28:00,346,346,346,346,0
2022-01-31 15:29:00,346,346,346,346,0
2022-01-31 15:30:00,346,346,346,346,0
2022-01-31 15:31:00,346,346,346,346,0
2022-01-31 15:32:00,346,346,346,346,0
2022-01-31 15:33:00,346,346,346,346,0
2022-01-31 15:34:00,346,346,346,346,0
2022-01-31 15:35:00,346,346,346,346,0
2022-01-31 15:36:00,346,346,346,346,0
2022-01-31 15:37:00,346,346,346,346,0
2022-01-31 15:38:00,346,346,346,346,0
2022-01-31 15:39:00,346,346,346,346,0
2022-01-31 15:40:00,346,346,346,346,0
2022-01-31 15:41:00,346,346,346,346,0
2022-01-31 15:42:00,346,346,346,346,0
2022-01-31 15:43:00,346,346,346,346,0
2022-01-31 15:44:00,346,346,346,346,0
2022-01-31 15:45:00,346,346,346,346,0
2022-01-31 15:46:00,346,346,346,346,0
2022-01-31 15:47:00,346,346,346,346,0
2022-01-31 15:48:00,346,346,346,346,0
2022-01-31 15:49:00,346,346,346,346,0
2022-01-31 15:50:00,346,346,346,346,0
2022-01-31 15:51:00,346,346,346,346,0
2022-01-31 15:52:00,346,346,346,346,0
2022-01-31 15:53:00,346,346,346,346,0
2022-01-31 15:54:00,346,346,346,346,0
2022-01-31 15:55:00,346,346,346,346,0
2022-01-31 15:56:00,346,346,346,346,0
2022-01-31 15:57:00,346,346,346,346,0
2022-01-31 15:58:00,346,346,346,346,0
2022-01-31 15:59:00,346,346,346,346,0
2022-02-01 09:00:00,346,346,346,346,0
2022-02-01 09:01:00,346,346,346,346,0
2022-02-01 09:02:00,346,346,346,346,0
2022-02-01 09:03:00,346,346,346,346,0
2022-02-01 09:04:00,346,346,346,346,0
2022-02-01 09:05:00,346,346,346,346,0
2022-02-01 09:06:00,346,346,346,346,0
2022-02-01 09:07:00,346,346,346,346,0
2022-02-01 09:08:00,346,346,346,346,0
2022-02-01 09:09:00,346,346,346,346,0
2022-02-01 09:10:00,346,346,346,346,0
2022-02-01 09:11:00,346,346,346,346,0
2022-02-01 09:12:00,346,346,346,346,0
2022-02-01 09:13:00,346,346,346,346,0
2022-02-01 09:14:00,346,346,346,346,0
2022-02-01 09:15:00,346,346,346,346,0
2022-02-01 09:16:00,346,346,346,346,0
2022-02-01 09:17:00,346,346,346,346,0
2022-02-01 09:18:00,346,346,346,346,0
2022-02-01 09:19:00,346,346,346,346,0
2022-02-01 09:20:00,346,346,346,346,0
2022-02-01 09:21:00,346,346,346,346,0
2022-02-01 09:22:00,346,346,346,346,0
2022-02-01 09:23:00,346,346,346,346,0
2022-02-01 09:24:00,346,346,346,346,0
2022-02-01 09:25:00,346,346,346,346,0
2022-02-01 09:26:00,346,346,346,346,0
2022-02-01 09:27:00,346,346,346,346,0
2022-02-01 09:28:00,346,346,346,346,0
2022-02-01 09:29:00,346,346,346,346,0
2022-02-01 09:30:00,346,346,346,346,0
2022-02-01 09:31:00,346,346,346,346,0
2022-02-01 09:32:00,346,346,346,346,0
2022-02-01 09:33:00,346,346,346,346,0
2022-02-01 09:34:00,346,346,346,346,0
2022-02-01 09:35:00,346,346,346,346,0
2022-02-01 09:36:00,346,346,346,346,0
2022-02-01 09:37:00,346,346,346,346,0
2022-02-01 09:38:00,346,346,346,346,0
2022-02-01 09:39:00,346,346,346,346,0
2022-02-01 09:40:00,346,346,346,346,0
2022-02-01 09:41:00,346,346,346,346,0
2022-02-01 09:42:00,346,346,346,346,0
2022-02-01 09:43:00,346,346,346,346,0
2022-02-01 09:44:00,346,346,346,346,0
2022-02-01 09:45:00,346,346,346,346,0
2022-02-01 09:46:00,346,346,346,346,0
2022-02-01 09:47:00,346,346,346,346,0
2022-02-01 09:48:00,346,346,346,346,0
2022-02-01 09:49:00,346,346,346,346,0
2022-02-01 09:50:00,346,346,346,346,0
2022-02-01 09:51:00,346,346,346,346,0
2022-02-01 09:52:00,346,346,346,346,0
2022-02-01 09:53:00,346,346,346,346,0
2022-02-01 09:54:00,346,346,346,346,0
2022-02-01 09:55:00,346,346,346,346,0
2022-02-01 09:56:00,346,346,346,346,0
2022-02-01 09:57:00,346,346,346,346,0
2022-02-01 09:58:00,346,346,346,346,0
2022-02-01 09:59:00,346,346,346,346,0
2022-02-01 10:00:00,346,346,346,346,0
2022-02-01 10:01:00,346,346,346,346,0
2022-02-01 10:02:00,346,346,346,346,0
2022-02-01 10:03:00,346,346,346,346,0
2022-02-01 10:04:00,346,346,346,346,0
2022-02-01 10:05:00,346,346,346,346,0
2022-02-01 10:06:00,346,346,346,346,0
2022-02-01 10:07:00,346,346,346,346,0
2022-02-01 10:08:00,346,346,346,346,0
2022-02-01 10:09:00,346,346,346,346,0
2022-02-01 10:10:00,346,346,346,346,0
2022-02-01 10:11:00,346,346,346,346,0
2022-02-01 10:12:00,346,346,346,346,0
2022-02-01 10:13:00,346,346,346,346,0
2022-02-01 10:14:00,346,346,346,346,0
2022-02-01 10:15:00,346,346,346,346,0
2022-02-01 10:16:00,346,346,346,346,0
2022-02-01 10:17:00,346,346,346,346,0
2022-02-01 10:18:00,346,346,346,346,0
2022-02-01 10:19:00,346,346,346,346,0
2022-02-01 10:20:00,346,346,346,346,0
2022-02-01 10:21:00,346,346,346,346,0
2022-02-01 10:22:00,346,346,346,346,0
2022-02-01 10:23:00,346,346,346,346,0
2022-02-01 10:24:00,346,346,346,346,0
2022-02-01 10:25:00,346,346,346,346,0
2022-02-01 10:26:00,346,346,346,346,0
2022-02-01 10:27:00,346,346,346,346,0
2022-02-01 10:28:00,346,346,346,346,0
2022-02-01 10:29:00,346,346,346,346,0
2022-02-01 10:30:00,346,346,346,346,0
2022-02-01 10:31:00,346,346,346,346,0
2022-02-01 10:32:00,346,346,346,346,0
2022-02-01 10:33:00,346,346,346,346,0
2022-02-01 10:34:00,346,346,346,346,0
2022-02-01 10:35:00,346,346,346,346,0
2022-02-01 10:36:00,346,346,346,346,0
2022-02-01 10:37:00,346,346,346,346,0
2022-02-01 10:38:00,346,346,346,346,0
2022-02-01 10:39:00,346,346,346,346,0
2022-02-01 10:40:00,346,346,346,346,0
2022-02-01 10:41:00,346,346,346,346,0
2022-02-01 10:42:00,346,346,346,346,0
2022-02-01 10:43:00,346,346,346,346,0
2022-02-01 10:44:00,346,346,346,346,0
2022-02-01 10:45:00,346,346,346,346,0
2022-02-01 10:46:00,346,346,346,346,0
2022-02-01 10:47:00,346,346,346,346,0
2022-02-01 10:48:00,346,346,346,346,0
2022-02-01 10:49:00,346,346,346,346,0
2022-02-01 10:50:00,346,346,346,346,0
2022-02-01 10:51:00,346,346,346,346,0
2022-02-01 10:52:00,346,346,346,346,0
2022-02-01 10:53:00,346,346,346,346,0
2022-02-01 10:54:00,346,346,346,346,0
2022-02-01 10:55:00,346,346,346,346,0
2022-02-01 10:56:00,346,346,346,346,0
2022-02-01 10:57:00,346,346,346,346,0
2022-02-01 10:58:00,346,346,346,346,0
2022-02-01 10:59:00,346,346,346,346,0
2022-02-01 11:00:00,346,346,346,346,0
2022-02-01 11:01:00,346,346,346,346,0
2022-02-01 11:02:00,346,346,346,346,0
2022-02-01 11:03:00,346,346,346,346,0
2022-02-01 11:04:00,346,346,346,346,0
2022-02-01 11:05:00,346,346,346,346,0
2022-02-01 11:06:00,346,346,346,346,0
2022-02-01 11:07:00,346,346,346,346,0
2022-02-01 11:08:00,346,346,346,346,0
2022-02-01 11:09:00,346,346,346,346,0
2022-02-01 11:10:00,346,346,346,346,0
2022-02-01 11:11:00,346,346,346,346,0
2022-02-01 11:12:00,346,346,346,346,0
2022-02-01 11:13:00,346,346,346,346,0
2022-02-01 11:14:00,346,346,346,346,0
2022-02-01 11:15:00,346,346,346,346,0
2022-02-01 11:16:00,346,346,346,346,0
2022-02-01 11:17:00,346,346,346,346,0
2022-02-01 11:18:00,346,346,346,346,0
2022-02-01 11:19:00,346,346,346,346,0
2022-02-01 11:20:00,346,346,346,346,0
2022-02-01 11:21:00,346,346,346,346,0
2022-02-01 11:22:00,346,346,346,346,0
2022-02-01 11:23:00,346,346,346,346,0
2022-02-01 11:24:00,346,346,346,346,0
2022-02-01 11:25:00,346,346,346,346,0
2022-02-01 11:26:00,346,346,346,346,0
2022-02-01 11:27:00,346,346,346,346,0
2022-02-01 11:28:00,346,346,346,346,0
2022-02-01 11:29:00,346,346,346,346,0
2022-02-01 11:30:00,346,346,346,346,0
2022-02-01 11:31:00,346,346,346,346,0
2022-02-01 11:32:00,346,346,346,346,0
2022-02-01 11:33:00,346,346,346,346,0
2022-02-01 11:34:00,346,346,346,346,0
2022-02-01 11:35:00,346,346,346,346,0
2022-02-01 11:36:00,346,346,346,346,0
2022-02-01 11:37:00,346,346,346,346,0
2022-02-01 11:38:00,346,346,346,346,0
2022-02-01 11:39:00,346,346,346,346,0
2022-02-01 11:40:00,346,346,346,346,0
2022-02-01 11:41:00,346,346,346,346,0
2022-02-01 11:42:00,346,346,346,346,0
2022-02-01 11:43:00,346,346,346,346,0
2022-02-01 11:44:00,346,346,346,346,0
2022-02-01 11:45:00,346,346,346,346,0
2022-02-01 11:46:00,346,346,346,346,0
2022-02-01 11:47:00,346,346,346,346,0
2022-02-01 11:48:00,346,346,346,346,0
2022-02-01 11:49:00,346,346,346,346,0
2022-02-01 11:50:00,346,346,346,346,0
2022-02-01 11:51:00,346,346,346,346,0
2022-02-01 11:52:00,346,346,346,346,0
2022-02-01 11:53:00,346,346,346,346,0
2022-02-01 11:54:00,346,346,346,346,0
2022-02-01 11:55:00,346,346,346,346,0
2022-02-01 11:56:00,346,346,346,346,0
2022-02-01 11:57:00,346,346,346,346,0
2022-02-01 11:58:00,346,346,346,346,0
2022-02-01 11:59:00,346,346,346,346,0
2022-02-01 12:00:00,346,346,346,346,0
2022-02-01 12:01:00,346,346,346,346,0
2022-02-01 12:02:00,346,346,346,346,0
2022-02-01 12:03:00,346,346,346,346,0
2022-02-01 12:04:00,346,346,346,346,0
2022-02-01 12:05:00,346,346,346,346,0
2022-02-01 12:06:00,346,346,346,346,0
2022-02-01 12:07:00,346,346,346,346,0
2022-02-01 12:08:00,346,346,346,346,0
2022-02-01 12:09:00,346,346,346,346,0
2022-02-01 12:10:00,346,346,346,346,0
2022-02-01 12:11:00,346,346,346,346,0
2022-02-01 12:12:00,346,346,346,346,0
2022-02-01 12:13:00,346,346,346,346,0
2022-02-01 12:14:00,346,346,346,346,0
2022-02-01 12:15:00,346,346,346,346,0
2022-02-01 12:16:00,346,346,346,346,0
2022-02-01 12:17:00,346,346,346,346,0
2022-02-01 12:18:00,346,346,346,346,0
2022-02-01 12:19:00,346,346,346,346,0
2022-02-01 12:20:00,346,346,346,346,0
2022-02-01 12:21:00,346,346,346,346,0
2022-02-01 12:22:00,346,346,346,346,0
2022-02-01 12:23:00,346,346,346,346,0
2022-02-01 12:24:00,346,346,346,346,0
2022-02-01 12:25:00,346,346,346,346,0
2022-02-01 12:26:00,346,346,346,346,0
2022-02-01 12:27:00,346,346,346,346,0
2022-02-01 12:28:00,346,346,346,346,0
2022-02-01 12:29:00,346,346,346,346,0
2022-02-01 12:30:00,346,346,346,346,0
2022-02-01 12:31:00,346,346,346,346,0
2022-02-01 12:32:00,346,346,346,346,0
2022-02-01 12:33:00,346,346,346,346,0
2022-02-01 12:34:00,346,346,346,346,0
2022-02-01 12:35:00,346,346,346,346,0
2022-02-01 12:36:00,346,346,346,346,0
2022-02-01 12:37:00,346,346,346,346,0
2022-02-01 12:38:00,346,346,346,346,0
2022-02-01 12:39:00,346,346,346,346,0
2022-02-01 12:40:00,346,346,346,346,0
2022-02-01 12:41:00,346,346,346,346,0
2022-02-01 12:42:00,346,346,346,346,0
2022-02-01 12:43:00,346,346,346,346,0
2022-02-01 12:44:00,346,346,346,346,0
2022-02-01 12:45:00,346,346,346,346,0
2022-02-01 12:46:00,346,346,346,346,0
2022-02-01 12:47:00,346,346,346,346,0
2022-02-01 12:48:00,346,346,346,346,0
2022-02-01 12:49:00,346,346,346,346,0
2022-02-01 12:50:00,346,346,346,346,0
2022-02-01 12:51:00,346,346,346,346,0
2022-02-01 12:52:00,346,346,346,346,0
2022-02-01 12:53:00,346,346,346,346,0
2022-02-01 12:54:00,346,346,346,346,0
2022-02-01 12:55:00,346,346,346,346,0
2022-02-01 12:56:00,346,346,346,346,0
2022-02-01 12:57:00,346,346,346,346,0
2022-02-01 12:58:00,346,346,346,346,0
2022-02-01 12:59:00,346,346,346,346,0
2022-02-01 13:00:00,346,346,346,346,0
2022-02-01 13:01:00,346,346,346,346,0
2022-02-01 13:02:00,346,346,346,346,0
2022-02-01 13:03:00,346,346,346,346,0
2022-02-01 13:04:00,346,346,346,346,0
2022-02-01 13:05:00,346,346,346,346,0
2022-02-01 13:06:00,346,346,346,346,0
2022-02-01 13:07:00,346,346,346,346,0
2022-02-01 13:08:00,346,346,346,346,0
2022-02-01 13:09:00,346,346,346,346,0
2022-02-01 13:10:00,346,346,346,346,0
2022-02-01 13:11:00,346,346,346,346,0
2022-02-01 13:12:00,346,346,346,346,0
2022-02-01 13:13:00,346,346,346,346,0
2022-02-01 13:14:00,346,346,346,346,0
2022-02-01 13:15:00,346,346,346,346,0
2022-02-01 13:16:00,346,346,346,346,0
2022-02-01 13:17:00,346,346,346,346,0
2022-02-01 13:18:00,346,346,346,346,0
2022-02-01 13:19:00,346,346,346,346,0
2022-02-01 13:20:00,346,346,346,346,0
2022-02-01 13:21:00,346,346,346,346,0
2022-02-01 13:22:00,346,346,346,346,0
2022-02-01 13:23:00,346,346,346,346,0
2022-02-01 13:24:00,346,346,346,346,0
2022-02-01 13:25:00,346,346,346,346,0
2022-02-01 13:26:00,346,346,346,346,0
2022-02-01 13:27:00,346,346,346,346,0
2022-02-01 13:28:00,346,346,346,346,0
2022-02-01 13:29:00,346,346,346,346,0
2022-02-01 13:30:00,346,346,346,346,0
2022-02-01 13:31:00,346,346,346,346,0
2022-02-01 13:32:00,346,346,346,346,0
2022-02-01 13:33:00,346,346,346,346,0
2022-02-01 13:34:00,346,346,346,346,0
2022-02-01 13:35:00,346,346,346,346,0
2022-02-01 13:36:00,346,346,346,346,0
2022-02-01 13:37:00,346,346,346,346,0
2022-02-01 13:38:00,346,346,346,346,0
2022-02-01 13:39:00,346,346,346,346,0
2022-02-01 13:40:00,346,346,346,346,0
2022-02-01 13:41:00,346,346,346,346,0
2022-02-01 13:42:00,346,346,346,346,0
2022-02-01 13:43:00,346,346,346,346,0
2022-02-01 13:44:00,346,346,346,346,0
2022-02-01 13:45:00,346,346,346,346,0
2022-02-01 13:46:00,346,346,346,346,0
2022-02-01 13:47:00,346,346,346,346,0
2022-02-01 13:48:00,346,346,346,346,0
2022-02-01 13:49:00,346,346,346,346,0
2022-02-01 13:50:00,346,346,346,346,0
2022-02-01 13:51:00,346,346,346,346,0
2022-02-01 13:52:00,346,346,346,346,0
2022-02-01 13:53:00,346,346,346,346,0
2022-02-01 13:54:00,346,346,346,346,0
2022-02-01 13:55:00,346,346,346,346,0
2022-02-01 13:56:00,346,346,346,346,0
2022-02-01 13:57:00,346,346,346,346,0
2022-02-01 13:58:00,346,346,346,346,0
2022-02-01 13:59:00,346,346,346,346,0
2022-02-01 14:00:00,346,346,346,346,0
2022-02-01 14:01:00,346,346,346,346,0
2022-02-01 14:02:00,346,346,346,346,0
2022-02-01 14:03:00,346,346,346,346,0
2022-02-01 14:04:00,346,346,346,346,0
2022-02-01 14:05:00,346,346,346,346,0
2022-02-01 14:06:00,346,346,346,346,0
2022-02-01 14:07:00,346,346,346,346,0
2022-02-01 14:08:00,346,346,346,346,0
2022-02-01 14:09:00,346,346,346,346,0
2022-02-01 14:10:00,346,346,346,346,0
2022-02-01 14:11:00,346,346,346,346,0
2022-02-01 14:12:00,346,346,346,346,0
2022-02-01 14:13:00,346,346,346,346,0
2022-02-01 14:14:00,346,346,346,346,0
2022-02-01 14:15:00,346,346,346,346,0
2022-02-01 14:16:00,346,346,346,346,0
2022-02-01 14:17:00,346,346,346,346,0
2022-02-01 14:18:00,346,346,346,346,0
2022-02-01 14:19:00,346,346,346,346,0
2022-02-01 14:20:00,346,346,346,346,0
2022-02-01 14:21:00,346,346,346,346,0
2022-02-01 14:22:00,346,346,346,346,0
2022-02-01 14:23:00,346,346,346,346,0
2022-02-01 14:24:00,346,346,346,346,0
2022-02-01 14:25:00,346,346,346,346,0
2022-02-01 14:26:00,346,346,346,346,0
2022-02-01 14:27:00,346,346,346,346,0
2022-02-01 14:28:00,346,346,346,346,0
2022-02-01 14:29:00,346,346,346,346,0
2022-02-01 14:30:00,346,346,346,346,0
2022-02-01 14:31:00,346,346,346,346,0
2022-02-01 14:32:00,346,346,346,346,0
2022-02-01 14:33:00,346,346,346,346,0
2022-02-01 14:34:00,346,346,346,346,0
2022-02-01 14:35:00,346,346,346,346,0
2022-02-01 14:36:00,346,346,346,346,0
2022-02-01 14:37:00,346,346,346,346,0
2022-02-01 14:38:00,346,346,346,346,0
2022-02-01 14:39:00,346,346,346,346,0
2022-02-01 14:40:00,346,346,346,346,0
2022-02-01 14:41:00,346,346,346,346,0
2022-02-01 14:42:00,346,346,346,346,0
2022-02-01 14:43:00,346,346,346,346,0
2022-02-01 14:44:00,346,346,346,346,0
2022-02-01 14:45:00,346,346,346,346,0
2022-02-01 14:46:00,346,346,346,346,0
2022-02-01 14:47:00,346,346,346,346,0
2022-02-01 14:48:00,346,346,346,346,0
2022-02-01 14:49:00,346,346,346,346,0
2022-02-01 14:50:00,346,346,346,346,0
2022-02-01 14:51:00,346,346,346,346,0
2022-02-01 14:52:00,346,346,346,346,0
2022-02-01 14:53:00,346,346,346,346,0
2022-02-01 14:54:00,346,346,346,346,0
2022-02-01 14:55:00,346,346,346,346,0
2022-02-01 14:56:00,346,346,346,346,0
2022-02-01 14:57:00,346,346,346,346,0
2022-02-01 14:58:00,346,346,346,346,0
2022-02-01 14:59:00,346,346,346,346,0
2022-02-01 15:00:00,346,346,346,346,0
2022-02-01 15:01:00,346,346,346,346,0
2022-02-01 15:02:00,346,346,346,346,0
2022-02-01 15:03:00,346,346,346,346,0
2022-02-01 15:04:00,346,346,346,346,0
2022-02-01 15:05:00,346,346,346,346,0
2022-02-01 15:06:00,346,346,346,346,0
2022-02-01 15:07:00,346,346,346,346,0
2022-02-01 15:08:00,346,346,346,346,0
2022-02-01 15:09:00,346,346,346,346,0
2022-02-01 15:10:00,346,346,346,346,0
2022-02-01 15:11:00,346,346,346,346,0
2022-02-01 15:12:00,346,346,346,346,0
2022-02-01 15:13:00,346,346,346,346,0
2022-02-01 15:14:00,346,346,346,346,0
2022-02-01 15:15:00,346,346,346,346,0
2022-02-01 15:16:00,346,346,346,346,0
2022-02-01 15:17:00,346,346,346,346,0
2022-02-01 15:18:00,346,346,346,346,0
2022-02-01 15:19:00,346,346,346,346,0
2022-02-01 15:20:00,346,346,346,346,0
2022-02-01 15:21:00,346,346,346,346,0
2022-02-01 15:22:00,346,346,346,346,0
2022-02-01 15:23:00,346,346,346,346,0
2022-02-01 15:24:00,346,346,346,346,0
2022-02-01 15:25:00,346,346,346,346,0
2022-02-01 15:26:00,346,346,346,346,0
2022-02-01 15:27:00,346,346,346,346,0
2022-02-01 15:28:00,346,346,346,346,0
2022-02-01 15:29:00,346,346,346,346,0
2022-02-01 15:30:00,346,346,346,346,0
2022-02-01 15:31:00,346,346,346,346,0
2022-02-01 15:32:00,346,346,346,346,0
2022-02-01 15:33:00,346,346,346,346,0
2022-02-01 15:34:00,346,346,346,346,0
2022-02-01 15:35:00,346,346,346,346,0
2022-02-01 15:36:00,346,346,346,346,0
2022-02-01 15:37:00,346,346,346,346,0
2022-02-01 15:38:00,346,346,346,346,0
2022-02-01 15:39:00,346,346,346,346,0
2022-02-01 15:40:00,346,346,346,346,0
2022-02-01 15:41:00,346,346,346,346,0
2022-02-01 15:42:00,346,346,346,346,0
2022-02-01 15:43:00,346,346,346,346,0
2022-02-01 15:44:00,346,346,346,346,0
2022-02-01 15:45:00,346,346,346,346,0
2022-02-01 15:46:00,346,346,346,346,0
2022-02-01 15:47:00,346,346,346,346,0
2022-02-01 15:48:00,346,346,346,346,0
2022-02-01 15:49:00,346,346,346,346,0
2022-02-01 15:50:00,346,346,346,346,0
2022-02-01 15:51:00,346,346,346,346,0
2022-02-01 15:52:00,346,346,346,346,0
2022-02-01 15:53:00,346,346,346,346,0
2022-02-01 15:54:00,346,346,346,346,0
2022-02-01 15:55:00,346,346,346,346,0
2022-02-01 15:56:00,346,346,346,346,0
2022-02-01 15:57:00,346,346,346,346,0
2022-02-01 15:58:00,346,346,346,346,0
2022-02-01 15:59:00,346,346,346,346,0
2022-02-02 09:00:00,346,346,346,346,0
2022-02-02 09:01:00,346,346,356,356,0
2022-02-02 09:02:00,346,346,356,356,0
2022-02-02 09:03:00,346,346,346,346,17900
2022-02-02 09:04:00,346,346,346,346,2500
2022-02-02 09:05:00,346,346,346,346,6500
2022-02-02 09:06:00,346,346,346,346,0
2022-02-02 09:07:00,346,346,346,346,0
2022-02-02 09:08:00,346,346,346,346,3000
2022-02-02 09:09:00,346,346,346,346,0
2022-02-02 09:10:00,346,346,346,346,0
2022-02-02 09:11:00,346,346,346,346,1300
2022-02-02 09:12:00,346,346,346,346,11900
2022-02-02 09:13:00,346,346,346,346,0
2022-02-02 09:14:00,340,340,340,340,1100
2022-02-02 09:15:00,340,340,340,340,0
2022-02-02 09:16:00,340,340,340,340,0
2022-02-02 09:17:00,340,340,340,340,0
2022-02-02 09:18:00,340,340,340,340,0
2022-02-02 09:19:00,340,340,340,340,0
2022-02-02 09:20:00,340,340,340,340,0
2022-02-02 09:21:00,340,340,340,340,0
2022-02-02 09:22:00,340,340,340,340,0
2022-02-02 09:23:00,340,340,340,340,0
2022-02-02 09:24:00,340,340,340,340,0
2022-02-02 09:25:00,340,340,340,340,0
2022-02-02 09:26:00,340,340,340,340,0
2022-02-02 09:27:00,340,340,340,340,0
2022-02-02 09:28:00,340,340,340,340,0
2022-02-02 09:29:00,340,340,340,340,0
2022-02-02 09:30:00,340,340,340,340,0
2022-02-02 09:31:00,340,340,340,340,0
2022-02-02 09:32:00,340,340,340,340,0
2022-02-02 09:33:00,340,340,340,340,0
2022-02-02 09:34:00,340,340,340,340,0
2022-02-02 09:35:00,344,344,344,344,1400
2022-02-02 09:36:00,344,344,344,344,1000
2022-02-02 09:37:00,344,344,344,344,500
2022-02-02 09:38:00,344,344,344,344,0
2022-02-02 09:39:00,344,344,344,344,0
2022-02-02 09:40:00,344,344,344,344,0
2022-02-02 09:41:00,344,344,344,344,0
2022-02-02 09:42:00,344,344,344,344,0
2022-02-02 09:43:00,344,344,344,344,0
2022-02-02 09:44:00,344,344,344,344,0
2022-02-02 09:45:00,344,344,344,344,0
2022-02-02 09:46:00,340,338,340,338,1000
2022-02-02 09:47:00,340,338,340,338,0
2022-02-02 09:48:00,340,338,340,338,0
2022-02-02 09:49:00,340,338,340,338,0
2022-02-02 09:50:00,340,338,340,338,0
2022-02-02 09:51:00,340,338,340,338,0
2022-02-02 09:52:00,340,338,340,338,0
2022-02-02 09:53:00,340,338,340,338,4200
2022-02-02 09:54:00,336,336,338,338,2800
2022-02-02 09:55:00,336,336,338,338,0
2022-02-02 09:56:00,336,336,338,338,0
2022-02-02 09:57:00,336,336,338,338,0
2022-02-02 09:58:00,336,336,338,338,0
2022-02-02 09:59:00,336,336,338,338,0
2022-02-02 10:00:00,336,336,338,338,0
2022-02-02 10:01:00,336,336,338,338,0
2022-02-02 10:02:00,336,336,338,338,0
2022-02-02 10:03:00,336,336,338,338,0
2022-02-02 10:04:00,336,336,338,338,0
2022-02-02 10:05:00,336,336,338,338,0
2022-02-02 10:06:00,336,336,338,338,0
2022-02-02 10:07:00,336,336,338,338,0
2022-02-02 10:08:00,336,336,338,338,0
2022-02-02 10:09:00,336,336,338,338,0
2022-02-02 10:10:00,336,336,338,338,0
2022-02-02 10:11:00,336,336,338,338,0
2022-02-02 10:12:00,336,336,338,338,0
2022-02-02 10:13:00,336,336,338,338,0
2022-02-02 10:14:00,336,336,338,338,0
2022-02-02 10:15:00,336,336,338,338,0
2022-02-02 10:16:00,336,336,338,338,0
2022-02-02 10:17:00,336,336,338,338,0
2022-02-02 10:18:00,336,336,338,338,0
2022-02-02 10:19:00,340,340,340,340,500
2022-02-02 10:20:00,340,340,340,340,0
2022-02-02 10:21:00,340,340,340,340,0
2022-02-02 10:22:00,340,340,340,340,0
2022-02-02 10:23:00,340,340,340,340,0
2022-02-02 10:24:00,340,340,340,340,0
2022-02-02 10:25:00,340,340,340,340,0
2022-02-02 10:26:00,340,340,340,340,0
2022-02-02 10:27:00,340,340,340,340,0
2022-02-02 10:28:00,340,340,340,340,0
2022-02-02 10:29:00,340,340,340,340,0
2022-02-02 10:30:00,340,340,340,340,0
2022-02-02 10:31:00,340,340,340,340,0
2022-02-02 10:32:00,340,340,340,340,0
2022-02-02 10:33:00,340,340,340,340,0
2022-02-02 10:34:00,340,340,344,344,8400
2022-02-02 10:35:00,344,344,344,344,400
2022-02-02 10:36:00,344,344,344,344,0
2022-02-02 10:37:00,344,344,344,344,0
2022-02-02 10:38:00,344,344,344,344,0
2022-02-02 10:39:00,344,344,344,344,0
2022-02-02 10:40:00,344,344,344,344,0
2022-02-02 10:41:00,344,344,344,344,0
2022-02-02 10:42:00,344,344,344,344,0
2022-02-02 10:43:00,344,344,344,344,0
2022-02-02 10:44:00,344,344,344,344,0
2022-02-02 10:45:00,344,344,344,344,0
2022-02-02 10:46:00,344,344,344,344,0
2022-02-02 10:47:00,344,344,344,344,0
2022-02-02 10:48:00,344,344,344,344,0
2022-02-02 10:49:00,344,344,344,344,0
2022-02-02 10:50:00,344,344,344,344,0
2022-02-02 10:51:00,344,344,344,344,0
2022-02-02 10:52:00,344,344,344,344,0
2022-02-02 10:53:00,344,344,344,344,0
2022-02-02 10:54:00,344,344,344,344,0
2022-02-02 10:55:00,344,344,344,344,0
2022-02-02 10:56:00,344,344,344,344,0
2022-02-02 10:57:00,344,344,344,344,0
2022-02-02 10:58:00,344,344,344,344,0
2022-02-02 10:59:00,344,344,344,344,0
2022-02-02 11:00:00,344,344,344,344,0
2022-02-02 11:01:00,344,344,344,344,0
2022-02-02 11:02:00,344,344,344,344,0
2022-02-02 11:03:00,344,344,344,344,0
2022-02-02 11:04:00,344,344,344,344,0
2022-02-02 11:05:00,344,344,344,344,0
2022-02-02 11:06:00,344,344,344,344,0
2022-02-02 11:07:00,344,344,344,344,0
2022-02-02 11:08:00,344,344,344,344,0
2022-02-02 11:09:00,344,344,344,344,0
2022-02-02 11:10:00,344,344,344,344,0
2022-02-02 11:11:00,344,344,344,344,0
2022-02-02 11:12:00,344,344,344,344,0
2022-02-02 11:13:00,344,344,344,344,0
2022-02-02 11:14:00,344,344,344,344,0
2022-02-02 11:15:00,344,344,344,344,0
2022-02-02 11:16:00,344,344,344,344,0
2022-02-02 11:17:00,344,344,344,344,0
2022-02-02 11:18:00,344,344,344,344,0
2022-02-02 11:19:00,344,344,344,344,0
2022-02-02 11:20:00,344,344,344,344,0
2022-02-02 11:21:00,344,344,344,344,0
2022-02-02 11:22:00,344,344,344,344,0
2022-02-02 11:23:00,344,344,344,344,0
2022-02-02 11:24:00,344,344,344,344,0
2022-02-02 11:25:00,344,344,344,344,0
2022-02-02 11:26:00,344,344,344,344,0
2022-02-02 11:27:00,344,344,344,344,0
2022-02-02 11:28:00,344,344,344,344,0
2022-02-02 11:29:00,344,344,344,344,0
2022-02-02 11:30:00,344,344,344,344,0
2022-02-02 11:31:00,344,344,344,344,0
2022-02-02 11:32:00,344,344,344,344,0
2022-02-02 11:33:00,344,344,344,344,0
2022-02-02 11:34:00,344,344,344,344,0
2022-02-02 11:35:00,344,344,344,344,0
2022-02-02 11:36:00,344,344,344,344,0
2022-02-02 11:37:00,344,344,344,344,0
2022-02-02 11:38:00,344,344,344,344,0
2022-02-02 11:39:00,344,344,344,344,0
2022-02-02 11:40:00,344,344,344,344,0
2022-02-02 11:41:00,344,344,344,344,0
2022-02-02 11:42:00,344,344,344,344,0
2022-02-02 11:43:00,344,344,344,344,0
2022-02-02 11:44:00,344,344,344,344,0
2022-02-02 11:45:00,344,344,344,344,0
2022-02-02 11:46:00,344,344,344,344,0
2022-02-02 11:47:00,344,344,344,344,0
2022-02-02 11:48:00,344,344,344,344,0
2022-02-02 11:49:00,344,344,344,344,0
2022-02-02 11:50:00,344,344,344,344,0
2022-02-02 11:51:00,344,344,344,344,0
2022-02-02 11:52:00,344,344,344,344,0
2022-02-02 11:53:00,344,344,344,344,0
2022-02-02 11:54:00,344,344,344,344,0
2022-02-02 11:55:00,344,344,344,344,0
2022-02-02 11:56:00,344,344,344,344,0
2022-02-02 11:57:00,344,344,344,344,0
2022-02-02 11:58:00,344,344,344,344,0
2022-02-02 11:59:00,344,344,344,344,0
2022-02-02 12:00:00,344,344,344,344,0
2022-02-02 12:01:00,344,344,344,344,0
2022-02-02 12:02:00,344,344,344,344,0
2022-02-02 12:03:00,344,344,344,344,0
2022-02-02 12:04:00,344,344,344,344,0
2022-02-02 12:05:00,344,344,344,344,0
2022-02-02 12:06:00,344,344,344,344,0
2022-02-02 12:07:00,344,344,344,344,0
2022-02-02 12:08:00,344,344,344,344,0
2022-02-02 12:09:00,344,344,344,344,0
2022-02-02 12:10:00,344,344,344,344,0
2022-02-02 12:11:00,344,344,344,344,0
2022-02-02 12:12:00,344,344,344,344,0
2022-02-02 12:13:00,344,344,344,344,0
2022-02-02 12:14:00,344,344,344,344,0
2022-02-02 12:15:00,344,344,344,344,0
2022-02-02 12:16:00,344,344,344,344,0
2022-02-02 12:17:00,344,344,344,344,0
2022-02-02 12:18:00,344,344,344,344,0
2022-02-02 12:19:00,344,344,344,344,0
2022-02-02 12:20:00,344,344,344,344,0
2022-02-02 12:21:00,344,344,344,344,0
2022-02-02 12:22:00,344,344,344,344,0
2022-02-02 12:23:00,344,344,344,344,0
2022-02-02 12:24:00,344,344,344,344,0
2022-02-02 12:25:00,344,344,344,344,0
2022-02-02 12:26:00,344,344,344,344,0
2022-02-02 12:27:00,344,344,344,344,0
2022-02-02 12:28:00,344,344,344,344,0
2022-02-02 12:29:00,344,344,344,344,0
2022-02-02 12:30:00,344,344,344,344,0
2022-02-02 12:31:00,344,344,344,344,0
2022-02-02 12:32:00,344,344,344,344,0
2022-02-02 12:33:00,344,344,344,344,0
2022-02-02 12:34:00,344,344,344,344,0
2022-02-02 12:35:00,344,344,344,344,0
2022-02-02 12:36:00,344,344,344,344,0
2022-02-02 12:37:00,344,344,344,344,0
2022-02-02 12:38:00,344,344,344,344,0
2022-02-02 12:39:00,344,344,344,344,0
2022-02-02 12:40:00,344,344,344,344,0
2022-02-02 12:41:00,344,344,344,344,0
2022-02-02 12:42:00,344,344,344,344,0
2022-02-02 12:43:00,344,344,344,344,0
2022-02-02 12:44:00,344,344,344,344,0
2022-02-02 12:45:00,344,344,344,344,0
2022-02-02 12:46:00,344,344,344,344,0
2022-02-02 12:47:00,344,344,344,344,0
2022-02-02 12:48:00,344,344,344,344,0
2022-02-02 12:49:00,344,344,344,344,0
2022-02-02 12:50:00,344,344,344,344,0
2022-02-02 12:51:00,344,344,344,344,0
2022-02-02 12:52:00,344,344,344,344,0
2022-02-02 12:53:00,344,344,344,344,0
2022-02-02 12:54:00,344,344,344,344,0
2022-02-02 12:55:00,344,344,344,344,0
2022-02-02 12:56:00,344,344,344,344,0
2022-02-02 12:57:00,344,344,344,344,0
2022-02-02 12:58:00,344,344,344,344,0
2022-02-02 12:59:00,344,344,344,344,0
2022-02-02 13:00:00,344,344,344,344,0
2022-02-02 13:01:00,344,344,344,344,0
2022-02-02 13:02:00,344,344,344,344,0
2022-02-02 13:03:00,344,344,344,344,0
2022-02-02 13:04:00,344,344,344,344,0
2022-02-02 13:05:00,344,344,344,344,0
2022-02-02 13:06:00,344,344,344,344,0
2022-02-02 13:07:00,344,344,344,344,0
2022-02-02 13:08:00,344,344,344,344,0
2022-02-02 13:09:00,344,344,344,344,0
2022-02-02 13:10:00,344,344,344,344,0
2022-02-02 13:11:00,344,344,344,344,0
2022-02-02 13:12:00,344,344,344,344,0
2022-02-02 13:13:00,344,344,344,344,0
2022-02-02 13:14:00,344,344,344,344,0
2022-02-02 13:15:00,344,344,344,344,0
2022-02-02 13:16:00,344,344,344,344,0
2022-02-02 13:17:00,344,344,344,344,0
2022-02-02 13:18:00,344,344,344,344,0
2022-02-02 13:19:00,344,344,344,344,0
2022-02-02 13:20:00,344,344,344,344,0
2022-02-02 13:21:00,344,344,344,344,0
2022-02-02 13:22:00,344,344,344,344,0
2022-02-02 13:23:00,344,344,344,344,0
2022-02-02 13:24:00,344,344,344,344,0
2022-02-02 13:25:00,344,344,344,344,0
2022-02-02 13:26:00,344,344,344,344,0
2022-02-02 13:27:00,344,344,344,344,0
2022-02-02 13:28:00,344,344,344,344,0
2022-02-02 13:29:00,344,344,344,344,0
2022-02-02 13:30:00,344,344,344,344,0
2022-02-02 13:31:00,344,344,344,344,0
2022-02-02 13:32:00,344,344,344,344,0
2022-02-02 13:33:00,344,344,344,344,0
2022-02-02 13:34:00,344,344,344,344,0
2022-02-02 13:35:00,344,344,344,344,0
2022-02-02 13:36:00,344,344,344,344,0
2022-02-02 13:37:00,344,344,344,344,0
2022-02-02 13:38:00,344,344,344,344,300
2022-02-02 13:39:00,344,344,344,344,0
2022-02-02 13:40:00,344,344,344,344,0
2022-02-02 13:41:00,344,344,344,344,0
2022-02-02 13:42:00,344,344,344,344,3500
2022-02-02 13:43:00,344,344,344,344,0
2022-02-02 13:44:00,344,344,344,344,0
2022-02-02 13:45:00,344,344,344,344,0
2022-02-02 13:46:00,344,344,344,344,0
2022-02-02 13:47:00,344,344,344,344,0
2022-02-02 13:48:00,344,344,344,344,0
2022-02-02 13:49:00,344,344,344,344,0
2022-02-02 13:50:00,338,322,338,322,32900
2022-02-02 13:51:00,338,322,338,322,0
2022-02-02 13:52:00,338,322,338,322,0
2022-02-02 13:53:00,322,322,322,322,4500
2022-02-02 13:54:00,322,322,322,322,0
2022-02-02 13:55:00,322,322,322,322,0
2022-02-02 13:56:00,322,322,322,322,0
2022-02-02 13:57:00,322,322,322,322,0
2022-02-02 13:58:00,322,322,322,322,0
2022-02-02 13:59:00,322,322,322,322,0
2022-02-02 14:00:00,322,322,322,322,0
2022-02-02 14:01:00,322,322,322,322,0
2022-02-02 14:02:00,328,328,328,328,100
2022-02-02 14:03:00,328,328,328,328,0
2022-02-02 14:04:00,328,328,328,328,0
2022-02-02 14:05:00,328,328,328,328,0
2022-02-02 14:06:00,328,328,328,328,0
2022-02-02 14:07:00,328,328,328,328,0
2022-02-02 14:08:00,328,328,328,328,0
2022-02-02 14:09:00,328,328,328,328,0
2022-02-02 14:10:00,328,328,328,328,0
2022-02-02 14:11:00,328,328,328,328,0
2022-02-02 14:12:00,328,328,328,328,0
2022-02-02 14:13:00,340,340,340,340,100
2022-02-02 14:14:00,342,342,342,342,100
2022-02-02 14:15:00,342,342,342,342,0
2022-02-02 14:16:00,342,342,342,342,0
2022-02-02 14:17:00,344,344,344,344,1100
2022-02-02 14:18:00,344,344,344,344,0
2022-02-02 14:19:00,344,344,344,344,0
2022-02-02 14:20:00,344,344,344,344,0
2022-02-02 14:21:00,344,344,344,344,0
2022-02-02 14:22:00,344,344,344,344,0
2022-02-02 14:23:00,344,344,344,344,0
2022-02-02 14:24:00,344,344,344,344,0
2022-02-02 14:25:00,344,344,344,344,0
2022-02-02 14:26:00,344,344,344,344,0
2022-02-02 14:27:00,344,344,344,344,0
2022-02-02 14:28:00,344,344,344,344,0
2022-02-02 14:29:00,344,344,344,344,0
2022-02-02 14:30:00,344,344,344,344,0
2022-02-02 14:31:00,344,344,344,344,0
2022-02-02 14:32:00,344,344,344,344,0
2022-02-02 14:33:00,344,344,344,344,0
2022-02-02 14:34:00,344,344,344,344,1100
2022-02-02 14:35:00,346,346,346,346,15800
2022-02-02 14:36:00,346,346,346,346,0
2022-02-02 14:37:00,346,346,346,346,2000
2022-02-02 14:38:00,346,346,346,346,0
2022-02-02 14:39:00,346,346,346,346,100
2022-02-02 14:40:00,346,346,346,346,0
2022-02-02 14:41:00,346,346,346,346,0
2022-02-02 14:42:00,346,346,346,346,0
2022-02-02 14:43:00,346,346,346,346,0
2022-02-02 14:44:00,346,346,346,346,0
2022-02-02 14:45:00,346,346,346,346,0
2022-02-02 14:46:00,346,346,346,346,0
2022-02-02 14:47:00,346,346,346,346,0
2022-02-02 14:48:00,346,346,346,346,0
2022-02-02 14:49:00,346,346,346,346,0
2022-02-02 14:50:00,346,346,346,346,0
2022-02-02 14:51:00,346,346,346,346,0
2022-02-02 14:52:00,346,346,346,346,0
2022-02-02 14:53:00,346,346,346,346,0
2022-02-02 14:54:00,346,346,346,346,0
2022-02-02 14:55:00,346,346,346,346,0
2022-02-02 14:56:00,346,346,346,346,0
2022-02-02 14:57:00,346,346,346,346,0
2022-02-02 14:58:00,346,346,346,346,0
2022-02-02 14:59:00,346,346,346,346,0
2022-02-02 15:00:00,344,344,344,344,1000
2022-02-02 15:01:00,344,344,344,344,300
2022-02-02 15:02:00,344,344,344,344,0
2022-02-02 15:03:00,344,344,344,344,0
2022-02-02 15:04:00,344,344,344,344,0
2022-02-02 15:05:00,344,344,344,344,0
2022-02-02 15:06:00,344,344,344,344,0
2022-02-02 15:07:00,344,344,344,344,0
2022-02-02 15:08:00,344,344,344,344,0
2022-02-02 15:09:00,344,344,344,344,0
2022-02-02 15:10:00,344,344,344,344,0
2022-02-02 15:11:00,344,344,344,344,0
2022-02-02 15:12:00,344,344,344,344,0
2022-02-02 15:13:00,344,344,344,344,0
2022-02-02 15:14:00,344,344,344,344,0
2022-02-02 15:15:00,344,344,344,344,0
2022-02-02 15:16:00,344,344,344,344,0
2022-02-02 15:17:00,344,344,344,344,0
2022-02-02 15:18:00,344,344,344,344,0
2022-02-02 15:19:00,344,344,344,344,0
2022-02-02 15:20:00,344,344,344,344,0
2022-02-02 15:21:00,344,344,344,344,0
2022-02-02 15:22:00,344,344,344,344,0
2022-02-02 15:23:00,344,344,344,344,0
2022-02-02 15:24:00,344,344,344,344,0
2022-02-02 15:25:00,344,344,344,344,0
2022-02-02 15:26:00,344,344,344,344,0
2022-02-02 15:27:00,344,344,344,344,0
2022-02-02 15:28:00,344,344,344,344,0
2022-02-02 15:29:00,344,344,344,344,0
2022-02-02 15:30:00,344,344,344,344,0
2022-02-02 15:31:00,344,344,344,344,0
2022-02-02 15:32:00,344,344,344,344,0
2022-02-02 15:33:00,344,344,344,344,0
2022-02-02 15:34:00,344,344,344,344,0
2022-02-02 15:35:00,344,344,344,344,0
2022-02-02 15:36:00,344,344,344,344,0
2022-02-02 15:37:00,344,344,344,344,0
2022-02-02 15:38:00,344,344,344,344,0
2022-02-02 15:39:00,344,344,344,344,0
2022-02-02 15:40:00,344,344,344,344,0
2022-02-02 15:41:00,344,344,344,344,0
2022-02-02 15:42:00,344,344,344,344,0
2022-02-02 15:43:00,344,344,344,344,0
2022-02-02 15:44:00,344,344,344,344,0
2022-02-02 15:45:00,344,344,344,344,0
2022-02-02 15:46:00,344,344,344,344,0
2022-02-02 15:47:00,344,344,344,344,0
2022-02-02 15:48:00,344,344,344,344,0
2022-02-02 15:49:00,344,344,344,344,0
2022-02-02 15:50:00,344,344,344,344,0
2022-02-02 15:51:00,344,344,344,344,0
2022-02-02 15:52:00,344,344,344,344,0
2022-02-02 15:53:00,344,344,344,344,0
2022-02-02 15:54:00,344,344,344,344,0
2022-02-02 15:55:00,344,344,344,344,0
2022-02-02 15:56:00,344,344,344,344,0
2022-02-02 15:57:00,344,344,344,344,0
2022-02-02 15:58:00,344,344,344,344,0
2022-02-02 15:59:00,344,344,344,344,0
2022-02-03 09:00:00,344,344,344,344,0
2022-02-03 09:01:00,344,344,344,344,0
2022-02-03 09:02:00,344,344,344,344,0
2022-02-03 09:03:00,344,344,344,344,0
2022-02-03 09:04:00,344,344,344,344,0
2022-02-03 09:05:00,344,344,344,344,0
2022-02-03 09:06:00,344,344,344,344,0
2022-02-03 09:07:00,344,344,344,344,0
2022-02-03 09:08:00,344,344,344,344,0
2022-02-03 09:09:00,344,344,344,344,300
2022-02-03 09:10:00,344,344,344,344,0
2022-02-03 09:11:00,344,344,344,344,0
2022-02-03 09:12:00,344,344,344,344,12900
2022-02-03 09:13:00,344,344,344,344,3800
2022-02-03 09:14:00,344,344,344,344,0
2022-02-03 09:15:00,344,344,344,344,0
2022-02-03 09:16:00,344,344,344,344,0
2022-02-03 09:17:00,344,344,344,344,0
2022-02-03 09:18:00,344,344,344,344,0
2022-02-03 09:19:00,344,344,344,344,0
2022-02-03 09:20:00,344,344,344,344,0
2022-02-03 09:21:00,344,344,344,344,0
2022-02-03 09:22:00,344,344,344,344,0
2022-02-03 09:23:00,344,344,344,344,0
2022-02-03 09:24:00,344,344,344,344,0
2022-02-03 09:25:00,340,340,340,340,800
2022-02-03 09:26:00,338,338,338,338,1000
2022-02-03 09:27:00,340,340,340,340,100
2022-02-03 09:28:00,340,340,340,340,0
2022-02-03 09:29:00,340,340,340,340,0
2022-02-03 09:30:00,340,340,340,340,0
2022-02-03 09:31:00,340,340,340,340,0
2022-02-03 09:32:00,340,340,340,340,0
2022-02-03 09:33:00,340,340,340,340,0
2022-02-03 09:34:00,340,340,340,340,0
2022-02-03 09:35:00,338,338,338,338,100
2022-02-03 09:36:00,338,338,338,338,0
2022-02-03 09:37:00,338,338,338,338,0
2022-02-03 09:38:00,338,338,338,338,0
2022-02-03 09:39:00,338,338,338,338,0
2022-02-03 09:40:00,338,338,338,338,0
2022-02-03 09:41:00,338,338,338,338,0
2022-02-03 09:42:00,338,338,338,338,0
2022-02-03 09:43:00,338,338,338,338,0
2022-02-03 09:44:00,338,338,338,338,0
2022-02-03 09:45:00,338,338,338,338,0
2022-02-03 09:46:00,338,338,338,338,0
2022-02-03 09:47:00,338,338,338,338,0
2022-02-03 09:48:00,338,338,338,338,0
2022-02-03 09:49:00,338,338,338,338,0
2022-02-03 09:50:00,338,338,338,338,0
2022-02-03 09:51:00,338,338,338,338,0
2022-02-03 09:52:00,338,338,338,338,0
2022-02-03 09:53:00,338,338,338,338,0
2022-02-03 09:54:00,338,338,338,338,0
2022-02-03 09:55:00,338,338,338,338,0
2022-02-03 09:56:00,338,338,338,338,0
2022-02-03 09:57:00,338,338,338,338,0
2022-02-03 09:58:00,338,338,338,338,400
2022-02-03 09:59:00,338,338,338,338,0
2022-02-03 10:00:00,338,338,338,338,0
2022-02-03 10:01:00,338,338,338,338,0
2022-02-03 10:02:00,338,338,338,338,0
2022-02-03 10:03:00,338,338,338,338,0
2022-02-03 10:04:00,338,338,338,338,0
2022-02-03 10:05:00,338,338,338,338,0
2022-02-03 10:06:00,338,338,338,338,0
2022-02-03 10:07:00,338,338,338,338,0
2022-02-03 10:08:00,340,340,340,340,500
2022-02-03 10:09:00,340,340,340,340,0
2022-02-03 10:10:00,340,340,340,340,0
2022-02-03 10:11:00,340,340,340,340,0
2022-02-03 10:12:00,340,340,340,340,0
2022-02-03 10:13:00,340,340,340,340,0
2022-02-03 10:14:00,340,340,340,340,0
2022-02-03 10:15:00,340,340,340,340,0
2022-02-03 10:16:00,340,340,340,340,0
2022-02-03 10:17:00,340,340,340,340,0
2022-02-03 10:18:00,340,340,340,340,1700
2022-02-03 10:19:00,342,342,342,342,500
2022-02-03 10:20:00,342,342,342,342,0
2022-02-03 10:21:00,342,342,342,342,0
2022-02-03 10:22:00,342,342,342,342,0
2022-02-03 10:23:00,342,342,342,342,0
2022-02-03 10:24:00,342,342,342,342,0
2022-02-03 10:25:00,342,342,342,342,0
2022-02-03 10:26:00,342,342,342,342,0
2022-02-03 10:27:00,342,342,342,342,0
2022-02-03 10:28:00,342,342,342,342,0
2022-02-03 10:29:00,342,342,342,342,0
2022-02-03 10:30:00,344,344,344,344,1400
2022-02-03 10:31:00,344,344,344,344,0
2022-02-03 10:32:00,344,344,344,344,0
2022-02-03 10:33:00,344,344,344,344,0
2022-02-03 10:34:00,344,344,344,344,0
2022-02-03 10:35:00,344,344,344,344,0
2022-02-03 10:36:00,344,344,344,344,0
2022-02-03 10:37:00,344,344,344,344,0
2022-02-03 10:38:00,344,344,344,344,0
2022-02-03 10:39:00,344,344,344,344,0
2022-02-03 10:40:00,344,344,344,344,0
2022-02-03 10:41:00,344,344,344,344,0
2022-02-03 10:42:00,344,344,344,344,0
2022-02-03 10:43:00,344,344,344,344,0
2022-02-03 10:44:00,344,344,344,344,3200
2022-02-03 10:45:00,344,344,344,344,0
2022-02-03 10:46:00,344,344,344,344,0
2022-02-03 10:47:00,344,344,344,344,0
2022-02-03 10:48:00,344,344,344,344,0
2022-02-03 10:49:00,344,344,344,344,0
2022-02-03 10:50:00,344,344,344,344,0
2022-02-03 10:51:00,344,344,344,344,0
2022-02-03 10:52:00,344,344,344,344,0
2022-02-03 10:53:00,344,344,344,344,0
2022-02-03 10:54:00,344,344,344,344,0
2022-02-03 10:55:00,344,344,344,344,0
2022-02-03 10:56:00,344,344,344,344,0
2022-02-03 10:57:00,344,344,344,344,0
2022-02-03 10:58:00,344,344,344,344,0
2022-02-03 10:59:00,344,344,344,344,0
2022-02-03 11:00:00,344,344,344,344,0
2022-02-03 11:01:00,344,344,344,344,0
2022-02-03 11:02:00,344,344,344,344,0
2022-02-03 11:03:00,344,344,344,344,0
2022-02-03 11:04:00,344,344,344,344,1600
2022-02-03 11:05:00,344,344,344,344,0
2022-02-03 11:06:00,344,344,344,344,0
2022-02-03 11:07:00,344,344,344,344,0
2022-02-03 11:08:00,344,344,344,344,0
2022-02-03 11:09:00,344,344,344,344,0
2022-02-03 11:10:00,344,344,344,344,0
2022-02-03 11:11:00,344,344,344,344,0
2022-02-03 11:12:00,344,344,344,344,0
2022-02-03 11:13:00,344,344,344,344,0
2022-02-03 11:14:00,344,344,344,344,0
2022-02-03 11:15:00,344,344,344,344,0
2022-02-03 11:16:00,344,344,344,344,0
2022-02-03 11:17:00,344,344,344,344,0
2022-02-03 11:18:00,344,344,344,344,0
2022-02-03 11:19:00,344,344,344,344,0
2022-02-03 11:20:00,344,344,344,344,0
2022-02-03 11:21:00,344,344,344,344,0
2022-02-03 11:22:00,344,344,344,344,0
2022-02-03 11:23:00,344,344,344,344,0
2022-02-03 11:24:00,344,344,344,344,0
2022-02-03 11:25:00,344,344,344,344,0
2022-02-03 11:26:00,344,344,344,344,0
2022-02-03 11:27:00,344,344,344,344,0
2022-02-03 11:28:00,344,344,344,344,0
2022-02-03 11:29:00,344,344,344,344,0
2022-02-03 11:30:00,344,344,344,344,0
2022-02-03 11:31:00,344,344,344,344,0
2022-02-03 11:32:00,344,344,344,344,0
2022-02-03 11:33:00,344,344,344,344,0
2022-02-03 11:34:00,344,344,344,344,0
2022-02-03 11:35:00,344,344,344,344,0
2022-02-03 11:36:00,344,344,344,344,0
2022-02-03 11:37:00,344,344,344,344,0
2022-02-03 11:38:00,344,344,344,344,0
2022-02-03 11:39:00,344,344,344,344,0
2022-02-03 11:40:00,344,344,344,344,0
2022-02-03 11:41:00,344,344,344,344,0
2022-02-03 11:42:00,344,344,344,344,0
2022-02-03 11:43:00,344,344,344,344,0
2022-02-03 11:44:00,344,344,344,344,0
2022-02-03 11:45:00,344,344,344,344,0
2022-02-03 11:46:00,344,344,344,344,0
2022-02-03 11:47:00,344,344,344,344,0
2022-02-03 11:48:00,344,344,344,344,0
2022-02-03 11:49:00,344,344,344,344,0
2022-02-03 11:50:00,344,344,344,344,0
2022-02-03 11:51:00,344,344,344,344,0
2022-02-03 11:52:00,344,344,344,344,0
2022-02-03 11:53:00,344,344,344,344,0
2022-02-03 11:54:00,344,344,344,344,0
2022-02-03 11:55:00,344,344,344,344,0
2022-02-03 11:56:00,344,344,344,344,0
2022-02-03 11:57:00,344,344,344,344,0
2022-02-03 11:58:00,344,344,344,344,0
2022-02-03 11:59:00,344,344,344,344,0
2022-02-03 12:00:00,344,344,344,344,0
2022-02-03 12:01:00,344,344,344,344,0
2022-02-03 12:02:00,344,344,344,344,0
2022-02-03 12:03:00,344,344,344,344,0
2022-02-03 12:04:00,344,344,344,344,0
2022-02-03 12:05:00,344,344,344,344,0
2022-02-03 12:06:00,344,344,344,344,0
2022-02-03 12:07:00,344,344,344,344,0
2022-02-03 12:08:00,344,344,344,344,0
2022-02-03 12:09:00,344,344,344,344,0
2022-02-03 12:10:00,344,344,344,344,0
2022-02-03 12:11:00,344,344,344,344,0
2022-02-03 12:12:00,344,344,344,344,0
2022-02-03 12:13:00,344,344,344,344,0
2022-02-03 12:14:00,344,344,344,344,0
2022-02-03 12:15:00,344,344,344,344,0
2022-02-03 12:16:00,344,344,344,344,0
2022-02-03 12:17:00,344,344,344,344,0
2022-02-03 12:18:00,344,344,344,344,0
2022-02-03 12:19:00,344,344,344,344,0
2022-02-03 12:20:00,344,344,344,344,0
2022-02-03 12:21:00,344,344,344,344,0
2022-02-03 12:22:00,344,344,344,344,0
2022-02-03 12:23:00,344,344,344,344,0
2022-02-03 12:24:00,344,344,344,344,0
2022-02-03 12:25:00,344,344,344,344,0
2022-02-03 12:26:00,344,344,344,344,0
2022-02-03 12:27:00,344,344,344,344,0
2022-02-03 12:28:00,344,344,344,344,0
2022-02-03 12:29:00,344,344,344,344,0
2022-02-03 12:30:00,344,344,344,344,0
2022-02-03 12:31:00,344,344,344,344,0
2022-02-03 12:32:00,344,344,344,344,0
2022-02-03 12:33:00,344,344,344,344,0
2022-02-03 12:34:00,344,344,344,344,0
2022-02-03 12:35:00,344,344,344,344,0
2022-02-03 12:36:00,344,344,344,344,0
2022-02-03 12:37:00,344,344,344,344,0
2022-02-03 12:38:00,344,344,344,344,0
2022-02-03 12:39:00,344,344,344,344,0
2022-02-03 12:40:00,344,344,344,344,0
2022-02-03 12:41:00,344,344,344,344,0
2022-02-03 12:42:00,344,344,344,344,0
2022-02-03 12:43:00,344,344,344,344,0
2022-02-03 12:44:00,344,344,344,344,0
2022-02-03 12:45:00,344,344,344,344,0
2022-02-03 12:46:00,344,344,344,344,0
2022-02-03 12:47:00,344,344,344,344,0
2022-02-03 12:48:00,344,344,344,344,0
2022-02-03 12:49:00,344,344,344,344,0
2022-02-03 12:50:00,344,344,344,344,0
2022-02-03 12:51:00,344,344,344,344,0
2022-02-03 12:52:00,344,344,344,344,0
2022-02-03 12:53:00,344,344,344,344,0
2022-02-03 12:54:00,344,344,344,344,0
2022-02-03 12:55:00,344,344,344,344,0
2022-02-03 12:56:00,344,344,344,344,0
2022-02-03 12:57:00,344,344,344,344,0
2022-02-03 12:58:00,344,344,344,344,0
2022-02-03 12:59:00,344,344,344,344,0
2022-02-03 13:00:00,344,344,344,344,0
2022-02-03 13:01:00,344,344,344,344,0
2022-02-03 13:02:00,344,344,344,344,0
2022-02-03 13:03:00,344,344,344,344,0
2022-02-03 13:04:00,344,344,344,344,0
2022-02-03 13:05:00,344,344,344,344,0
2022-02-03 13:06:00,344,344,344,344,0
2022-02-03 13:07:00,344,344,344,344,0
2022-02-03 13:08:00,344,344,344,344,0
2022-02-03 13:09:00,344,344,344,344,0
2022-02-03 13:10:00,344,344,344,344,0
2022-02-03 13:11:00,344,344,344,344,0
2022-02-03 13:12:00,344,344,344,344,0
2022-02-03 13:13:00,344,344,344,344,0
2022-02-03 13:14:00,344,344,344,344,0
2022-02-03 13:15:00,344,344,344,344,0
2022-02-03 13:16:00,344,344,344,344,0
2022-02-03 13:17:00,344,344,344,344,0
2022-02-03 13:18:00,344,344,344,344,0
2022-02-03 13:19:00,344,344,344,344,0
2022-02-03 13:20:00,344,344,344,344,0
2022-02-03 13:21:00,344,344,344,344,0
2022-02-03 13:22:00,344,344,344,344,0
2022-02-03 13:23:00,344,344,344,344,0
2022-02-03 13:24:00,344,344,344,344,0
2022-02-03 13:25:00,344,344,344,344,0
2022-02-03 13:26:00,344,344,344,344,0
2022-02-03 13:27:00,344,344,344,344,0
2022-02-03 13:28:00,344,344,344,344,0
2022-02-03 13:29:00,344,344,344,344,0
2022-02-03 13:30:00,350,350,354,354,6600
2022-02-03 13:31:00,354,354,358,354,4300
2022-02-03 13:32:00,354,354,358,354,0
2022-02-03 13:33:00,360,360,360,360,2000
2022-02-03 13:34:00,360,360,360,360,0
2022-02-03 13:35:00,360,360,360,360,0
2022-02-03 13:36:00,360,360,362,362,2000
2022-02-03 13:37:00,360,360,360,360,100
2022-02-03 13:38:00,360,360,360,360,1100
2022-02-03 13:39:00,360,360,360,360,5600
2022-02-03 13:40:00,360,360,360,360,1100
2022-02-03 13:41:00,360,360,360,360,0
2022-02-03 13:42:00,358,358,358,358,100
2022-02-03 13:43:00,356,354,360,354,300
2022-02-03 13:44:00,354,354,354,354,100
2022-02-03 13:45:00,360,360,360,360,300
2022-02-03 13:46:00,360,360,360,360,0
2022-02-03 13:47:00,360,360,360,360,0
2022-02-03 13:48:00,360,360,360,360,200
2022-02-03 13:49:00,360,360,360,360,0
2022-02-03 13:50:00,360,360,360,360,0
2022-02-03 13:51:00,360,360,360,360,0
2022-02-03 13:52:00,360,360,360,360,0
2022-02-03 13:53:00,358,358,358,358,100
2022-02-03 13:54:00,358,358,358,358,0
2022-02-03 13:55:00,358,358,358,358,0
2022-02-03 13:56:00,358,358,358,358,0
2022-02-03 13:57:00,358,358,358,358,0
2022-02-03 13:58:00,358,358,358,358,0
2022-02-03 13:59:00,358,358,358,358,0
2022-02-03 14:00:00,358,358,358,358,0
2022-02-03 14:01:00,358,358,358,358,0
2022-02-03 14:02:00,358,358,358,358,0
2022-02-03 14:03:00,358,358,358,358,0
2022-02-03 14:04:00,358,358,358,358,0
2022-02-03 14:05:00,358,358,358,358,0
2022-02-03 14:06:00,342,342,342,342,200
2022-02-03 14:07:00,342,342,342,342,0
2022-02-03 14:08:00,342,342,342,342,0
2022-02-03 14:09:00,342,342,342,342,0
2022-02-03 14:10:00,342,342,342,342,0
2022-02-03 14:11:00,342,342,342,342,2100
2022-02-03 14:12:00,342,342,342,342,0
2022-02-03 14:13:00,342,342,342,342,0
2022-02-03 14:14:00,342,342,342,342,0
2022-02-03 14:15:00,342,342,342,342,0
2022-02-03 14:16:00,342,342,342,342,0
2022-02-03 14:17:00,342,342,342,342,0
2022-02-03 14:18:00,342,342,342,342,0
2022-02-03 14:19:00,342,342,342,342,0
2022-02-03 14:20:00,346,346,346,346,100
2022-02-03 14:21:00,346,346,346,346,1000
2022-02-03 14:22:00,346,346,346,346,0
2022-02-03 14:23:00,346,346,346,346,0
2022-02-03 14:24:00,348,348,360,360,15300
2022-02-03 14:25:00,348,348,360,360,0
2022-02-03 14:26:00,348,348,360,360,0
2022-02-03 14:27:00,348,348,360,360,0
2022-02-03 14:28:00,348,348,360,360,0
2022-02-03 14:29:00,348,348,360,360,0
2022-02-03 14:30:00,348,348,360,360,0
2022-02-03 14:31:00,348,348,360,360,0
2022-02-03 14:32:00,348,348,360,360,0
2022-02-03 14:33:00,348,348,360,360,0
2022-02-03 14:34:00,348,348,360,360,0
2022-02-03 14:35:00,348,348,360,360,0
2022-02-03 14:36:00,348,348,360,360,0
2022-02-03 14:37:00,358,358,358,358,200
2022-02-03 14:38:00,358,358,358,358,0
2022-02-03 14:39:00,358,358,358,358,0
2022-02-03 14:40:00,358,358,358,358,0
2022-02-03 14:41:00,358,358,358,358,0
2022-02-03 14:42:00,358,358,358,358,0
2022-02-03 14:43:00,358,358,358,358,0
2022-02-03 14:44:00,358,358,358,358,0
2022-02-03 14:45:00,358,358,358,358,0
2022-02-03 14:46:00,358,358,358,358,0
2022-02-03 14:47:00,358,358,358,358,0
2022-02-03 14:48:00,358,358,358,358,0
2022-02-03 14:49:00,358,358,358,358,0
2022-02-03 14:50:00,358,358,358,358,0
2022-02-03 14:51:00,358,358,358,358,0
2022-02-03 14:52:00,358,358,358,358,0
2022-02-03 14:53:00,358,358,358,358,0
2022-02-03 14:54:00,358,358,358,358,0
2022-02-03 14:55:00,358,358,358,358,0
2022-02-03 14:56:00,358,358,358,358,0
2022-02-03 14:57:00,358,358,358,358,0
2022-02-03 14:58:00,358,358,358,358,0
2022-02-03 14:59:00,358,358,358,358,0
2022-02-03 15:00:00,358,358,358,358,3100
2022-02-03 15:01:00,358,358,358,358,0
2022-02-03 15:02:00,358,358,358,358,0
2022-02-03 15:03:00,358,358,358,358,82400
2022-02-03 15:04:00,358,358,358,358,0
2022-02-03 15:05:00,358,358,358,358,0
2022-02-03 15:06:00,358,358,358,358,0
2022-02-03 15:07:00,358,358,358,358,0
2022-02-03 15:08:00,358,358,358,358,0
2022-02-03 15:09:00,358,358,358,358,0
2022-02-03 15:10:00,358,358,358,358,0
2022-02-03 15:11:00,358,358,358,358,0
2022-02-03 15:12:00,358,358,358,358,0
2022-02-03 15:13:00,358,358,358,358,0
2022-02-03 15:14:00,358,358,358,358,0
2022-02-03 15:15:00,358,358,358,358,0
2022-02-03 15:16:00,358,358,358,358,0
2022-02-03 15:17:00,358,358,358,358,0
2022-02-03 15:18:00,358,358,358,358,0
2022-02-03 15:19:00,358,358,358,358,0
2022-02-03 15:20:00,358,358,358,358,0
2022-02-03 15:21:00,358,358,358,358,0
2022-02-03 15:22:00,358,358,358,358,0
2022-02-03 15:23:00,358,358,358,358,0
2022-02-03 15:24:00,358,358,358,358,0
2022-02-03 15:25:00,358,358,358,358,0
2022-02-03 15:26:00,358,358,358,358,0
2022-02-03 15:27:00,358,358,358,358,0
2022-02-03 15:28:00,358,358,358,358,0
2022-02-03 15:29:00,358,358,358,358,0
2022-02-03 15:30:00,358,358,358,358,0
2022-02-03 15:31:00,358,358,358,358,0
2022-02-03 15:32:00,358,358,358,358,0
2022-02-03 15:33:00,358,358,358,358,0
2022-02-03 15:34:00,358,358,358,358,0
2022-02-03 15:35:00,358,358,358,358,0
2022-02-03 15:36:00,358,358,358,358,0
2022-02-03 15:37:00,358,358,358,358,0
2022-02-03 15:38:00,358,358,358,358,0
2022-02-03 15:39:00,358,358,358,358,0
2022-02-03 15:40:00,358,358,358,358,0
2022-02-03 15:41:00,358,358,358,358,0
2022-02-03 15:42:00,358,358,358,358,0
2022-02-03 15:43:00,358,358,358,358,0
2022-02-03 15:44:00,358,358,358,358,0
2022-02-03 15:45:00,358,358,358,358,0
2022-02-03 15:46:00,358,358,358,358,0
2022-02-03 15:47:00,358,358,358,358,0
2022-02-03 15:48:00,358,358,358,358,0
2022-02-03 15:49:00,358,358,358,358,0
2022-02-03 15:50:00,358,358,358,358,0
2022-02-03 15:51:00,358,358,358,358,0
2022-02-03 15:52:00,358,358,358,358,0
2022-02-03 15:53:00,358,358,358,358,0
2022-02-03 15:54:00,358,358,358,358,0
2022-02-03 15:55:00,358,358,358,358,0
2022-02-03 15:56:00,358,358,358,358,0
2022-02-03 15:57:00,358,358,358,358,0
2022-02-03 15:58:00,358,358,358,358,0
2022-02-03 15:59:00,358,358,358,358,0
2022-02-04 09:00:00,358,358,358,358,0
2022-02-04 09:01:00,358,358,358,358,0
2022-02-04 09:02:00,358,358,358,358,0
2022-02-04 09:03:00,360,360,360,360,0
2022-02-04 09:04:00,360,360,360,360,0
2022-02-04 09:05:00,360,360,360,360,0
2022-02-04 09:06:00,360,360,360,360,0
2022-02-04 09:07:00,360,360,360,360,0
2022-02-04 09:08:00,360,360,360,360,0
2022-02-04 09:09:00,360,360,360,360,0
2022-02-04 09:10:00,360,360,360,360,0
2022-02-04 09:11:00,360,360,360,360,0
2022-02-04 09:12:00,360,360,360,360,0
2022-02-04 09:13:00,360,360,360,360,0
2022-02-04 09:14:00,360,360,360,360,0
2022-02-04 09:15:00,340,336,340,336,7700
2022-02-04 09:16:00,336,336,336,336,7000
2022-02-04 09:17:00,336,336,336,336,1600
2022-02-04 09:18:00,336,336,336,336,0
2022-02-04 09:19:00,336,336,336,336,2900
2022-02-04 09:20:00,338,338,338,338,1700
2022-02-04 09:21:00,338,338,338,338,0
2022-02-04 09:22:00,348,348,348,348,100
2022-02-04 09:23:00,348,348,348,348,0
2022-02-04 09:24:00,348,348,348,348,0
2022-02-04 09:25:00,348,348,348,348,0
2022-02-04 09:26:00,348,348,348,348,0
2022-02-04 09:27:00,348,348,348,348,0
2022-02-04 09:28:00,348,348,348,348,0
2022-02-04 09:29:00,346,346,346,346,100
2022-02-04 09:30:00,346,346,346,346,0
2022-02-04 09:31:00,346,346,346,346,200
2022-02-04 09:32:00,346,346,346,346,0
2022-02-04 09:33:00,346,346,346,346,0
2022-02-04 09:34:00,346,346,346,346,0
2022-02-04 09:35:00,346,346,346,346,0
2022-02-04 09:36:00,340,340,340,340,4900
2022-02-04 09:37:00,340,340,340,340,100
2022-02-04 09:38:00,340,340,340,340,0
2022-02-04 09:39:00,340,340,340,340,0
2022-02-04 09:40:00,348,338,354,354,7200
2022-02-04 09:41:00,348,338,354,354,0
2022-02-04 09:42:00,348,338,354,354,0
2022-02-04 09:43:00,348,338,354,354,0
2022-02-04 09:44:00,348,338,354,354,0
2022-02-04 09:45:00,348,338,354,354,0
2022-02-04 09:46:00,348,338,354,354,0
2022-02-04 09:47:00,348,338,354,354,0
2022-02-04 09:48:00,348,338,354,354,0
2022-02-04 09:49:00,348,338,354,354,0
2022-02-04 09:50:00,348,338,354,354,0
2022-02-04 09:51:00,348,338,354,354,0
2022-02-04 09:52:00,348,338,354,354,0
2022-02-04 09:53:00,348,338,354,354,0
2022-02-04 09:54:00,348,338,354,354,0
2022-02-04 09:55:00,352,352,352,352,1000
2022-02-04 09:56:00,352,352,352,352,0
2022-02-04 09:57:00,352,352,352,352,0
2022-02-04 09:58:00,352,352,352,352,0
2022-02-04 09:59:00,352,352,352,352,0
2022-02-04 10:00:00,352,352,352,352,0
2022-02-04 10:01:00,352,352,352,352,0
2022-02-04 10:02:00,352,352,352,352,0
2022-02-04 10:03:00,352,352,352,352,0
2022-02-04 10:04:00,352,352,352,352,0
2022-02-04 10:05:00,352,352,352,352,0
2022-02-04 10:06:00,352,352,352,352,0
2022-02-04 10:07:00,352,352,352,352,0
2022-02-04 10:08:00,352,352,352,352,0
2022-02-04 10:09:00,352,352,352,352,0
2022-02-04 10:10:00,352,352,352,352,0
2022-02-04 10:11:00,352,352,352,352,0
2022-02-04 10:12:00,352,352,352,352,0
2022-02-04 10:13:00,352,352,352,352,0
2022-02-04 10:14:00,352,352,352,352,0
2022-02-04 10:15:00,352,352,352,352,0
2022-02-04 10:16:00,352,352,352,352,0
2022-02-04 10:17:00,352,352,352,352,0
2022-02-04 10:18:00,352,352,352,352,0
2022-02-04 10:19:00,352,352,352,352,0
2022-02-04 10:20:00,352,352,352,352,0
2022-02-04 10:21:00,352,352,352,352,0
2022-02-04 10:22:00,352,352,352,352,0
2022-02-04 10:23:00,352,352,352,352,0
2022-02-04 10:24:00,352,352,352,352,0
2022-02-04 10:25:00,340,340,340,340,400
2022-02-04 10:26:00,340,340,340,340,0
2022-02-04 10:27:00,340,340,340,340,0
2022-02-04 10:28:00,340,340,340,340,0
2022-02-04 10:29:00,340,340,340,340,0
2022-02-04 10:30:00,340,340,340,340,0
2022-02-04 10:31:00,340,340,340,340,500
2022-02-04 10:32:00,340,340,340,340,0
2022-02-04 10:33:00,340,340,340,340,1300
2022-02-04 10:34:00,340,340,340,340,0
2022-02-04 10:35:00,338,338,338,338,8200
2022-02-04 10:36:00,338,338,338,338,0
2022-02-04 10:37:00,338,338,338,338,0
2022-02-04 10:38:00,338,338,338,338,0
2022-02-04 10:39:00,338,338,338,338,0
2022-02-04 10:40:00,338,338,338,338,0
2022-02-04 10:41:00,338,338,338,338,0
2022-02-04 10:42:00,338,338,338,338,0
2022-02-04 10:43:00,338,338,338,338,0
2022-02-04 10:44:00,344,344,344,344,200
2022-02-04 10:45:00,344,344,344,344,0
2022-02-04 10:46:00,344,344,344,344,0
2022-02-04 10:47:00,344,344,344,344,0
2022-02-04 10:48:00,344,344,344,344,0
2022-02-04 10:49:00,344,344,344,344,0
2022-02-04 10:50:00,344,344,344,344,0
2022-02-04 10:51:00,344,344,344,344,0
2022-02-04 10:52:00,344,344,344,344,0
2022-02-04 10:53:00,344,344,344,344,0
2022-02-04 10:54:00,344,344,344,344,0
2022-02-04 10:55:00,344,344,344,344,0
2022-02-04 10:56:00,344,344,344,344,0
2022-02-04 10:57:00,344,344,344,344,0
2022-02-04 10:58:00,344,344,344,344,0
2022-02-04 10:59:00,344,344,344,344,0
2022-02-04 11:00:00,344,344,344,344,0
2022-02-04 11:01:00,344,344,344,344,0
2022-02-04 11:02:00,344,344,344,344,0
2022-02-04 11:03:00,344,344,344,344,0
2022-02-04 11:04:00,344,344,344,344,0
2022-02-04 11:05:00,344,344,344,344,0
2022-02-04 11:06:00,344,344,344,344,0
2022-02-04 11:07:00,344,344,344,344,0
2022-02-04 11:08:00,344,344,344,344,0
2022-02-04 11:09:00,344,344,344,344,0
2022-02-04 11:10:00,344,344,344,344,0
2022-02-04 11:11:00,344,344,344,344,0
2022-02-04 11:12:00,344,344,344,344,0
2022-02-04 11:13:00,344,344,344,344,0
2022-02-04 11:14:00,344,344,344,344,0
2022-02-04 11:15:00,344,344,344,344,0
2022-02-04 11:16:00,344,344,344,344,0
2022-02-04 11:17:00,344,344,344,344,0
2022-02-04 11:18:00,344,344,344,344,0
2022-02-04 11:19:00,344,344,344,344,0
2022-02-04 11:20:00,344,344,344,344,0
2022-02-04 11:21:00,340,340,340,340,800
2022-02-04 11:22:00,340,340,340,340,0
2022-02-04 11:23:00,340,340,340,340,0
2022-02-04 11:24:00,340,340,340,340,0
2022-02-04 11:25:00,340,340,340,340,0
2022-02-04 11:26:00,340,340,340,340,0
2022-02-04 11:27:00,340,340,340,340,0
2022-02-04 11:28:00,340,340,340,340,0
2022-02-04 11:29:00,344,344,344,344,5000
2022-02-04 11:30:00,344,344,344,344,0
2022-02-04 11:31:00,344,344,344,344,0
2022-02-04 11:32:00,344,344,344,344,0
2022-02-04 11:33:00,344,344,344,344,0
2022-02-04 11:34:00,344,344,344,344,0
2022-02-04 11:35:00,344,344,344,344,0
2022-02-04 11:36:00,344,344,344,344,0
2022-02-04 11:37:00,344,344,344,344,0
2022-02-04 11:38:00,344,344,344,344,0
2022-02-04 11:39:00,344,344,344,344,0
2022-02-04 11:40:00,344,344,344,344,0
2022-02-04 11:41:00,344,344,344,344,0
2022-02-04 11:42:00,344,344,344,344,0
2022-02-04 11:43:00,344,344,344,344,0
2022-02-04 11:44:00,344,344,344,344,0
2022-02-04 11:45:00,344,344,344,344,0
2022-02-04 11:46:00,344,344,344,344,0
2022-02-04 11:47:00,344,344,344,344,0
2022-02-04 11:48:00,344,344,344,344,0
2022-02-04 11:49:00,344,344,344,344,0
2022-02-04 11:50:00,344,344,344,344,0
2022-02-04 11:51:00,344,344,344,344,0
2022-02-04 11:52:00,344,344,344,344,0
2022-02-04 11:53:00,344,344,344,344,0
2022-02-04 11:54:00,344,344,344,344,0
2022-02-04 11:55:00,344,344,344,344,0
2022-02-04 11:56:00,344,344,344,344,0
2022-02-04 11:57:00,344,344,344,344,0
2022-02-04 11:58:00,344,344,344,344,0
2022-02-04 11:59:00,344,344,344,344,0
2022-02-04 12:00:00,344,344,344,344,0
2022-02-04 12:01:00,344,344,344,344,0
2022-02-04 12:02:00,344,344,344,344,0
2022-02-04 12:03:00,344,344,344,344,0
2022-02-04 12:04:00,344,344,344,344,0
2022-02-04 12:05:00,344,344,344,344,0
2022-02-04 12:06:00,344,344,344,344,0
2022-02-04 12:07:00,344,344,344,344,0
2022-02-04 12:08:00,344,344,344,344,0
2022-02-04 12:09:00,344,344,344,344,0
2022-02-04 12:10:00,344,344,344,344,0
2022-02-04 12:11:00,344,344,344,344,0
2022-02-04 12:12:00,344,344,344,344,0
2022-02-04 12:13:00,344,344,344,344,0
2022-02-04 12:14:00,344,344,344,344,0
2022-02-04 12:15:00,344,344,344,344,0
2022-02-04 12:16:00,344,344,344,344,0
2022-02-04 12:17:00,344,344,344,344,0
2022-02-04 12:18:00,344,344,344,344,0
2022-02-04 12:19:00,344,344,344,344,0
2022-02-04 12:20:00,344,344,344,344,0
2022-02-04 12:21:00,344,344,344,344,0
2022-02-04 12:22:00,344,344,344,344,0
2022-02-04 12:23:00,344,344,344,344,0
2022-02-04 12:24:00,344,344,344,344,0
2022-02-04 12:25:00,344,344,344,344,0
2022-02-04 12:26:00,344,344,344,344,0
2022-02-04 12:27:00,344,344,344,344,0
2022-02-04 12:28:00,344,344,344,344,0
2022-02-04 12:29:00,344,344,344,344,0
2022-02-04 12:30:00,344,344,344,344,0
2022-02-04 12:31:00,344,344,344,344,0
2022-02-04 12:32:00,344,344,344,344,0
2022-02-04 12:33:00,344,344,344,344,0
2022-02-04 12:34:00,344,344,344,344,0
2022-02-04 12:35:00,344,344,344,344,0
2022-02-04 12:36:00,344,344,344,344,0
2022-02-04 12:37:00,344,344,344,344,0
2022-02-04 12:38:00,344,344,344,344,0
2022-02-04 12:39:00,344,344,344,344,0
2022-02-04 12:40:00,344,344,344,344,0
2022-02-04 12:41:00,344,344,344,344,0
2022-02-04 12:42:00,344,344,344,344,0
2022-02-04 12:43:00,344,344,344,344,0
2022-02-04 12:44:00,344,344,344,344,0
2022-02-04 12:45:00,344,344,344,344,0
2022-02-04 12:46:00,344,344,344,344,0
2022-02-04 12:47:00,344,344,344,344,0
2022-02-04 12:48:00,344,344,344,344,0
2022-02-04 12:49:00,344,344,344,344,0
2022-02-04 12:50:00,344,344,344,344,0
2022-02-04 12:51:00,344,344,344,344,0
2022-02-04 12:52:00,344,344,344,344,0
2022-02-04 12:53:00,344,344,344,344,0
2022-02-04 12:54:00,344,344,344,344,0
2022-02-04 12:55:00,344,344,344,344,0
2022-02-04 12:56:00,344,344,344,344,0
2022-02-04 12:57:00,344,344,344,344,0
2022-02-04 12:58:00,344,344,344,344,0
2022-02-04 12:59:00,344,344,344,344,0
2022-02-04 13:00:00,344,344,344,344,0
2022-02-04 13:01:00,344,344,344,344,0
2022-02-04 13:02:00,344,344,344,344,0
2022-02-04 13:03:00,344,344,344,344,0
2022-02-04 13:04:00,344,344,344,344,0
2022-02-04 13:05:00,344,344,344,344,0
2022-02-04 13:06:00,344,344,344,344,0
2022-02-04 13:07:00,344,344,344,344,0
2022-02-04 13:08:00,344,344,344,344,0
2022-02-04 13:09:00,344,344,344,344,0
2022-02-04 13:10:00,344,344,344,344,0
2022-02-04 13:11:00,344,344,344,344,0
2022-02-04 13:12:00,344,344,344,344,0
2022-02-04 13:13:00,344,344,344,344,0
2022-02-04 13:14:00,344,344,344,344,0
2022-02-04 13:15:00,344,344,344,344,0
2022-02-04 13:16:00,344,344,344,344,0
2022-02-04 13:17:00,344,344,344,344,0
2022-02-04 13:18:00,344,344,344,344,0
2022-02-04 13:19:00,344,344,344,344,0
2022-02-04 13:20:00,344,344,344,344,0
2022-02-04 13:21:00,344,344,344,344,0
2022-02-04 13:22:00,344,344,344,344,0
2022-02-04 13:23:00,344,344,344,344,0
2022-02-04 13:24:00,344,344,344,344,0
2022-02-04 13:25:00,344,344,344,344,0
2022-02-04 13:26:00,344,344,344,344,0
2022-02-04 13:27:00,344,344,344,344,0
2022-02-04 13:28:00,344,344,344,344,0
2022-02-04 13:29:00,344,344,344,344,0
2022-02-04 13:30:00,340,338,340,338,3000
2022-02-04 13:31:00,340,338,340,338,0
2022-02-04 13:32:00,340,338,340,338,0
2022-02-04 13:33:00,340,338,340,338,0
2022-02-04 13:34:00,340,338,340,338,0
2022-02-04 13:35:00,340,340,340,340,500
2022-02-04 13:36:00,340,340,340,340,0
2022-02-04 13:37:00,340,340,340,340,0
2022-02-04 13:38:00,340,340,340,340,0
2022-02-04 13:39:00,340,340,340,340,0
2022-02-04 13:40:00,338,338,338,338,3300
2022-02-04 13:41:00,338,338,338,338,0
2022-02-04 13:42:00,338,338,338,338,0
2022-02-04 13:43:00,338,338,338,338,0
2022-02-04 13:44:00,338,338,338,338,0
2022-02-04 13:45:00,338,338,338,338,0
2022-02-04 13:46:00,338,338,338,338,0
2022-02-04 13:47:00,338,338,338,338,0
2022-02-04 13:48:00,338,338,338,338,0
2022-02-04 13:49:00,338,338,338,338,0
2022-02-04 13:50:00,338,338,338,338,0
2022-02-04 13:51:00,338,338,338,338,0
2022-02-04 13:52:00,338,338,338,338,0
2022-02-04 13:53:00,338,338,338,338,0
2022-02-04 13:54:00,338,338,338,338,0
2022-02-04 13:55:00,338,338,338,338,0
2022-02-04 13:56:00,338,338,338,338,0
2022-02-04 13:57:00,338,338,338,338,0
2022-02-04 13:58:00,338,338,338,338,0
2022-02-04 13:59:00,344,344,344,344,100
2022-02-04 14:00:00,344,344,344,344,0
2022-02-04 14:01:00,344,344,344,344,0
2022-02-04 14:02:00,344,344,344,344,100
2022-02-04 14:03:00,344,344,344,344,0
2022-02-04 14:04:00,344,344,344,344,0
2022-02-04 14:05:00,344,344,344,344,0
2022-02-04 14:06:00,344,344,344,344,0
2022-02-04 14:07:00,344,344,344,344,0
2022-02-04 14:08:00,344,344,344,344,0
2022-02-04 14:09:00,344,344,344,344,0
2022-02-04 14:10:00,344,344,344,344,0
2022-02-04 14:11:00,344,344,344,344,0
2022-02-04 14:12:00,344,344,344,344,0
2022-02-04 14:13:00,344,344,344,344,0
2022-02-04 14:14:00,344,344,344,344,0
2022-02-04 14:15:00,344,344,344,344,0
2022-02-04 14:16:00,344,344,344,344,0
2022-02-04 14:17:00,342,340,342,340,4000
2022-02-04 14:18:00,340,340,340,340,3300
2022-02-04 14:19:00,340,340,340,340,0
2022-02-04 14:20:00,340,340,340,340,0
2022-02-04 14:21:00,340,340,340,340,0
2022-02-04 14:22:00,340,340,340,340,0
2022-02-04 14:23:00,340,340,340,340,0
2022-02-04 14:24:00,340,340,340,340,0
2022-02-04 14:25:00,340,340,340,340,0
2022-02-04 14:26:00,340,340,340,340,0
2022-02-04 14:27:00,340,340,340,340,0
2022-02-04 14:28:00,340,340,340,340,0
2022-02-04 14:29:00,340,340,340,340,0
2022-02-04 14:30:00,340,340,340,340,0
2022-02-04 14:31:00,340,340,340,340,0
2022-02-04 14:32:00,340,340,340,340,0
2022-02-04 14:33:00,340,340,340,340,0
2022-02-04 14:34:00,340,340,340,340,0
2022-02-04 14:35:00,340,340,340,340,0
2022-02-04 14:36:00,340,340,340,340,0
2022-02-04 14:37:00,342,342,342,342,300
2022-02-04 14:38:00,342,342,342,342,1300
2022-02-04 14:39:00,342,342,342,342,0
2022-02-04 14:40:00,342,342,342,342,0
2022-02-04 14:41:00,342,342,342,342,2000
2022-02-04 14:42:00,340,340,340,340,3000
2022-02-04 14:43:00,340,340,340,340,0
2022-02-04 14:44:00,340,340,340,340,0
2022-02-04 14:45:00,340,340,340,340,0
2022-02-04 14:46:00,340,340,340,340,1500
2022-02-04 14:47:00,340,340,340,340,0
2022-02-04 14:48:00,340,340,340,340,0
2022-02-04 14:49:00,340,338,340,338,45700
2022-02-04 14:50:00,340,338,340,338,0
2022-02-04 14:51:00,340,338,340,338,0
2022-02-04 14:52:00,340,338,340,338,0
2022-02-04 14:53:00,340,338,340,338,0
2022-02-04 14:54:00,340,338,340,338,0
2022-02-04 14:55:00,340,338,340,338,0
2022-02-04 14:56:00,340,338,340,338,0
2022-02-04 14:57:00,340,338,340,338,0
2022-02-04 14:58:00,340,338,340,338,0
2022-02-04 14:59:00,340,338,340,338,0
2022-02-04 15:00:00,338,338,338,338,1600
2022-02-04 15:01:00,338,338,338,338,8400
2022-02-04 15:02:00,338,338,338,338,100
2022-02-04 15:03:00,338,338,338,338,0
2022-02-04 15:04:00,338,338,338,338,0
2022-02-04 15:05:00,338,338,338,338,0
2022-02-04 15:06:00,338,338,338,338,0
2022-02-04 15:07:00,338,338,338,338,0
2022-02-04 15:08:00,338,338,338,338,0
2022-02-04 15:09:00,338,338,338,338,0
2022-02-04 15:10:00,338,338,338,338,0
2022-02-04 15:11:00,338,338,338,338,0
2022-02-04 15:12:00,338,338,338,338,100
2022-02-04 15:13:00,338,338,338,338,0
2022-02-04 15:14:00,338,338,338,338,100
2022-02-04 15:15:00,338,338,338,338,0
2022-02-04 15:16:00,338,338,338,338,0
2022-02-04 15:17:00,338,338,338,338,0
2022-02-04 15:18:00,338,338,338,338,0
2022-02-04 15:19:00,338,338,338,338,0
2022-02-04 15:20:00,338,338,338,338,0
2022-02-04 15:21:00,338,338,338,338,0
2022-02-04 15:22:00,338,338,338,338,0
2022-02-04 15:23:00,338,338,338,338,0
2022-02-04 15:24:00,338,338,338,338,0
2022-02-04 15:25:00,338,338,338,338,0
2022-02-04 15:26:00,338,338,338,338,0
2022-02-04 15:27:00,338,338,338,338,0
2022-02-04 15:28:00,338,338,338,338,0
2022-02-04 15:29:00,338,338,338,338,0
2022-02-04 15:30:00,338,338,338,338,0
2022-02-04 15:31:00,338,338,338,338,0
2022-02-04 15:32:00,338,338,338,338,0
2022-02-04 15:33:00,338,338,338,338,0
2022-02-04 15:34:00,338,338,338,338,0
2022-02-04 15:35:00,338,338,338,338,0
2022-02-04 15:36:00,338,338,338,338,0
2022-02-04 15:37:00,338,338,338,338,0
2022-02-04 15:38:00,338,338,338,338,0
2022-02-04 15:39:00,338,338,338,338,0
2022-02-04 15:40:00,338,338,338,338,0
2022-02-04 15:41:00,338,338,338,338,0
2022-02-04 15:42:00,338,338,338,338,0
2022-02-04 15:43:00,338,338,338,338,0
2022-02-04 15:44:00,338,338,338,338,0
2022-02-04 15:45:00,338,338,338,338,0
2022-02-04 15:46:00,338,338,338,338,0
2022-02-04 15:47:00,338,338,338,338,0
2022-02-04 15:48:00,338,338,338,338,0
2022-02-04 15:49:00,338,338,338,338,0
2022-02-04 15:50:00,338,338,338,338,0
2022-02-04 15:51:00,338,338,338,338,0
2022-02-04 15:52:00,338,338,338,338,0
2022-02-04 15:53:00,338,338,338,338,0
2022-02-04 15:54:00,338,338,338,338,0
2022-02-04 15:55:00,338,338,338,338,0
2022-02-04 15:56:00,338,338,338,338,0
2022-02-04 15:57:00,338,338,338,338,0
2022-02-04 15:58:00,338,338,338,338,0
2022-02-04 15:59:00,338,338,338,338,0
2022-02-07 09:00:00,338,338,338,338,0
2022-02-07 09:01:00,338,338,338,338,0
2022-02-07 09:02:00,338,338,338,338,0
2022-02-07 09:03:00,336,336,336,336,200
2022-02-07 09:04:00,336,336,336,336,0
2022-02-07 09:05:00,336,336,336,336,0
2022-02-07 09:06:00,336,336,336,336,0
2022-02-07 09:07:00,336,336,336,336,0
2022-02-07 09:08:00,336,336,336,336,0
2022-02-07 09:09:00,336,336,336,336,0
2022-02-07 09:10:00,336,336,336,336,0
2022-02-07 09:11:00,336,336,336,336,0
2022-02-07 09:12:00,336,336,336,336,0
2022-02-07 09:13:00,336,336,336,336,0
2022-02-07 09:14:00,336,336,336,336,0
2022-02-07 09:15:00,336,336,336,336,0
2022-02-07 09:16:00,336,336,336,336,0
2022-02-07 09:17:00,336,336,336,336,0
2022-02-07 09:18:00,336,336,336,336,0
2022-02-07 09:19:00,336,336,336,336,0
2022-02-07 09:20:00,336,336,336,336,0
2022-02-07 09:21:00,336,336,336,336,0
2022-02-07 09:22:00,336,336,336,336,0
2022-02-07 09:23:00,336,336,336,336,0
2022-02-07 09:24:00,336,336,336,336,0
2022-02-07 09:25:00,336,336,336,336,0
2022-02-07 09:26:00,336,336,336,336,0
2022-02-07 09:27:00,336,336,336,336,0
2022-02-07 09:28:00,336,336,336,336,0
2022-02-07 09:29:00,336,336,336,336,0
2022-02-07 09:30:00,336,336,336,336,0
2022-02-07 09:31:00,336,336,336,336,0
2022-02-07 09:32:00,336,336,336,336,0
2022-02-07 09:33:00,330,330,330,330,5000
2022-02-07 09:34:00,328,328,328,328,10000
2022-02-07 09:35:00,324,320,324,320,21800
2022-02-07 09:36:00,324,320,324,320,0
2022-02-07 09:37:00,334,334,334,334,500
2022-02-07 09:38:00,334,334,334,334,0
2022-02-07 09:39:00,334,334,334,334,100
2022-02-07 09:40:00,334,334,334,334,0
2022-02-07 09:41:00,334,334,334,334,0
2022-02-07 09:42:00,334,334,334,334,0
2022-02-07 09:43:00,334,334,334,334,0
2022-02-07 09:44:00,334,334,334,334,0
2022-02-07 09:45:00,334,334,334,334,0
2022-02-07 09:46:00,334,334,334,334,0
2022-02-07 09:47:00,334,334,334,334,0
2022-02-07 09:48:00,334,334,334,334,0
2022-02-07 09:49:00,334,334,334,334,0
2022-02-07 09:50:00,334,334,334,334,0
2022-02-07 09:51:00,334,334,334,334,0
2022-02-07 09:52:00,334,334,334,334,0
2022-02-07 09:53:00,334,334,334,334,0
2022-02-07 09:54:00,334,334,336,336,5300
2022-02-07 09:55:00,336,336,336,336,400
2022-02-07 09:56:00,338,338,344,344,2900
2022-02-07 09:57:00,338,338,344,344,0
2022-02-07 09:58:00,338,338,344,344,0
2022-02-07 09:59:00,346,346,346,346,1000
2022-02-07 10:00:00,346,346,346,346,0
2022-02-07 10:01:00,346,346,346,346,0
2022-02-07 10:02:00,346,346,346,346,0
2022-02-07 10:03:00,346,346,346,346,0
2022-02-07 10:04:00,346,346,346,346,0
2022-02-07 10:05:00,346,346,346,346,0
2022-02-07 10:06:00,346,346,346,346,0
2022-02-07 10:07:00,346,346,346,346,0
2022-02-07 10:08:00,346,346,346,346,0
2022-02-07 10:09:00,346,346,346,346,0
2022-02-07 10:10:00,346,346,346,346,0
2022-02-07 10:11:00,346,346,346,346,0
2022-02-07 10:12:00,346,346,346,346,0
2022-02-07 10:13:00,346,346,346,346,0
2022-02-07 10:14:00,346,346,346,346,0
2022-02-07 10:15:00,346,346,346,346,0
2022-02-07 10:16:00,346,346,346,346,0
2022-02-07 10:17:00,340,340,340,340,1100
2022-02-07 10:18:00,340,340,340,340,0
2022-02-07 10:19:00,340,340,340,340,0
2022-02-07 10:20:00,340,340,340,340,0
2022-02-07 10:21:00,340,340,340,340,0
2022-02-07 10:22:00,340,340,340,340,0
2022-02-07 10:23:00,340,340,340,340,0
2022-02-07 10:24:00,340,340,340,340,0
2022-02-07 10:25:00,340,340,340,340,0
2022-02-07 10:26:00,340,340,340,340,700
2022-02-07 10:27:00,344,344,344,344,200
2022-02-07 10:28:00,344,344,344,344,0
2022-02-07 10:29:00,344,344,344,344,0
2022-02-07 10:30:00,344,344,344,344,0
2022-02-07 10:31:00,344,344,344,344,0
2022-02-07 10:32:00,344,344,344,344,0
2022-02-07 10:33:00,344,344,344,344,0
2022-02-07 10:34:00,344,344,344,344,0
2022-02-07 10:35:00,344,344,344,344,0
2022-02-07 10:36:00,344,344,344,344,0
2022-02-07 10:37:00,344,344,344,344,0
2022-02-07 10:38:00,344,344,344,344,0
2022-02-07 10:39:00,344,344,344,344,0
2022-02-07 10:40:00,344,344,344,344,0
2022-02-07 10:41:00,344,344,344,344,0
2022-02-07 10:42:00,344,344,344,344,0
2022-02-07 10:43:00,344,344,344,344,0
2022-02-07 10:44:00,344,344,344,344,0
2022-02-07 10:45:00,344,344,344,344,0
2022-02-07 10:46:00,344,344,344,344,0
2022-02-07 10:47:00,344,344,344,344,0
2022-02-07 10:48:00,344,344,344,344,0
2022-02-07 10:49:00,344,344,344,344,0
2022-02-07 10:50:00,344,344,344,344,0
2022-02-07 10:51:00,344,344,344,344,0
2022-02-07 10:52:00,344,344,344,344,0
2022-02-07 10:53:00,344,344,344,344,0
2022-02-07 10:54:00,344,344,344,344,0
2022-02-07 10:55:00,344,344,344,344,0
2022-02-07 10:56:00,344,344,344,344,0
2022-02-07 10:57:00,344,344,344,344,0
2022-02-07 10:58:00,344,344,344,344,0
2022-02-07 10:59:00,344,344,344,344,0
2022-02-07 11:00:00,344,344,344,344,0
2022-02-07 11:01:00,344,344,344,344,0
2022-02-07 11:02:00,344,344,344,344,0
2022-02-07 11:03:00,344,344,344,344,0
2022-02-07 11:04:00,344,344,344,344,0
2022-02-07 11:05:00,344,344,344,344,0
2022-02-07 11:06:00,344,344,344,344,0
2022-02-07 11:07:00,344,344,344,344,0
2022-02-07 11:08:00,342,342,342,342,1000
2022-02-07 11:09:00,342,342,342,342,0
2022-02-07 11:10:00,342,342,342,342,0
2022-02-07 11:11:00,342,342,342,342,0
2022-02-07 11:12:00,342,342,342,342,0
2022-02-07 11:13:00,342,342,342,342,0
2022-02-07 11:14:00,342,342,342,342,0
2022-02-07 11:15:00,342,342,342,342,0
2022-02-07 11:16:00,342,342,342,342,0
2022-02-07 11:17:00,342,342,342,342,0
2022-02-07 11:18:00,342,342,342,342,0
2022-02-07 11:19:00,342,342,342,342,0
2022-02-07 11:20:00,342,342,342,342,0
2022-02-07 11:21:00,342,342,342,342,0
2022-02-07 11:22:00,342,342,342,342,0
2022-02-07 11:23:00,342,342,342,342,0
2022-02-07 11:24:00,342,342,342,342,0
2022-02-07 11:25:00,342,342,342,342,0
2022-02-07 11:26:00,342,342,342,342,0
2022-02-07 11:27:00,342,342,342,342,0
2022-02-07 11:28:00,342,342,342,342,0
2022-02-07 11:29:00,342,342,342,342,0
2022-02-07 11:30:00,342,342,342,342,0
2022-02-07 11:31:00,342,342,342,342,0
2022-02-07 11:32:00,342,342,342,342,0
2022-02-07 11:33:00,342,342,342,342,0
2022-02-07 11:34:00,342,342,342,342,0
2022-02-07 11:35:00,342,342,342,342,0
2022-02-07 11:36:00,342,342,342,342,0
2022-02-07 11:37:00,342,342,342,342,0
2022-02-07 11:38:00,342,342,342,342,0
2022-02-07 11:39:00,342,342,342,342,0
2022-02-07 11:40:00,342,342,342,342,0
2022-02-07 11:41:00,342,342,342,342,0
2022-02-07 11:42:00,342,342,342,342,0
2022-02-07 11:43:00,342,342,342,342,0
2022-02-07 11:44:00,342,342,342,342,0
2022-02-07 11:45:00,342,342,342,342,0
2022-02-07 11:46:00,342,342,342,342,0
2022-02-07 11:47:00,342,342,342,342,0
2022-02-07 11:48:00,342,342,342,342,0
2022-02-07 11:49:00,342,342,342,342,0
2022-02-07 11:50:00,342,342,342,342,0
2022-02-07 11:51:00,342,342,342,342,0
2022-02-07 11:52:00,342,342,342,342,0
2022-02-07 11:53:00,342,342,342,342,0
2022-02-07 11:54:00,342,342,342,342,0
2022-02-07 11:55:00,342,342,342,342,0
2022-02-07 11:56:00,342,342,342,342,0
2022-02-07 11:57:00,342,342,342,342,0
2022-02-07 11:58:00,342,342,342,342,0
2022-02-07 11:59:00,342,342,342,342,0
2022-02-07 12:00:00,342,342,342,342,0
2022-02-07 12:01:00,342,342,342,342,0
2022-02-07 12:02:00,342,342,342,342,0
2022-02-07 12:03:00,342,342,342,342,0
2022-02-07 12:04:00,342,342,342,342,0
2022-02-07 12:05:00,342,342,342,342,0
2022-02-07 12:06:00,342,342,342,342,0
2022-02-07 12:07:00,342,342,342,342,0
2022-02-07 12:08:00,342,342,342,342,0
2022-02-07 12:09:00,342,342,342,342,0
2022-02-07 12:10:00,342,342,342,342,0
2022-02-07 12:11:00,342,342,342,342,0
2022-02-07 12:12:00,342,342,342,342,0
2022-02-07 12:13:00,342,342,342,342,0
2022-02-07 12:14:00,342,342,342,342,0
2022-02-07 12:15:00,342,342,342,342,0
2022-02-07 12:16:00,342,342,342,342,0
2022-02-07 12:17:00,342,342,342,342,0
2022-02-07 12:18:00,342,342,342,342,0
2022-02-07 12:19:00,342,342,342,342,0
2022-02-07 12:20:00,342,342,342,342,0
2022-02-07 12:21:00,342,342,342,342,0
2022-02-07 12:22:00,342,342,342,342,0
2022-02-07 12:23:00,342,342,342,342,0
2022-02-07 12:24:00,342,342,342,342,0
2022-02-07 12:25:00,342,342,342,342,0
2022-02-07 12:26:00,342,342,342,342,0
2022-02-07 12:27:00,342,342,342,342,0
2022-02-07 12:28:00,342,342,342,342,0
2022-02-07 12:29:00,342,342,342,342,0
2022-02-07 12:30:00,342,342,342,342,0
2022-02-07 12:31:00,342,342,342,342,0
2022-02-07 12:32:00,342,342,342,342,0
2022-02-07 12:33:00,342,342,342,342,0
2022-02-07 12:34:00,342,342,342,342,0
2022-02-07 12:35:00,342,342,342,342,0
2022-02-07 12:36:00,342,342,342,342,0
2022-02-07 12:37:00,342,342,342,342,0
2022-02-07 12:38:00,342,342,342,342,0
2022-02-07 12:39:00,342,342,342,342,0
2022-02-07 12:40:00,342,342,342,342,0
2022-02-07 12:41:00,342,342,342,342,0
2022-02-07 12:42:00,342,342,342,342,0
2022-02-07 12:43:00,342,342,342,342,0
2022-02-07 12:44:00,342,342,342,342,0
2022-02-07 12:45:00,342,342,342,342,0
2022-02-07 12:46:00,342,342,342,342,0
2022-02-07 12:47:00,342,342,342,342,0
2022-02-07 12:48:00,342,342,342,342,0
2022-02-07 12:49:00,342,342,342,342,0
2022-02-07 12:50:00,342,342,342,342,0
2022-02-07 12:51:00,342,342,342,342,0
2022-02-07 12:52:00,342,342,342,342,0
2022-02-07 12:53:00,342,342,342,342,0
2022-02-07 12:54:00,342,342,342,342,0
2022-02-07 12:55:00,342,342,342,342,0
2022-02-07 12:56:00,342,342,342,342,0
2022-02-07 12:57:00,342,342,342,342,0
2022-02-07 12:58:00,342,342,342,342,0
2022-02-07 12:59:00,342,342,342,342,0
2022-02-07 13:00:00,342,342,342,342,0
2022-02-07 13:01:00,342,342,342,342,0
2022-02-07 13:02:00,342,342,342,342,0
2022-02-07 13:03:00,342,342,342,342,0
2022-02-07 13:04:00,342,342,342,342,0
2022-02-07 13:05:00,342,342,342,342,0
2022-02-07 13:06:00,342,342,342,342,0
2022-02-07 13:07:00,342,342,342,342,0
2022-02-07 13:08:00,342,342,342,342,0
2022-02-07 13:09:00,342,342,342,342,0
2022-02-07 13:10:00,342,342,342,342,0
2022-02-07 13:11:00,342,342,342,342,0
2022-02-07 13:12:00,342,342,342,342,0
2022-02-07 13:13:00,342,342,342,342,0
2022-02-07 13:14:00,342,342,342,342,0
2022-02-07 13:15:00,342,342,342,342,0
2022-02-07 13:16:00,342,342,342,342,0
2022-02-07 13:17:00,342,342,342,342,0
2022-02-07 13:18:00,342,342,342,342,0
2022-02-07 13:19:00,342,342,342,342,0
2022-02-07 13:20:00,342,342,342,342,0
2022-02-07 13:21:00,342,342,342,342,0
2022-02-07 13:22:00,342,342,342,342,0
2022-02-07 13:23:00,342,342,342,342,0
2022-02-07 13:24:00,342,342,342,342,0
2022-02-07 13:25:00,342,342,342,342,0
2022-02-07 13:26:00,342,342,342,342,0
2022-02-07 13:27:00,342,342,342,342,0
2022-02-07 13:28:00,342,342,342,342,0
2022-02-07 13:29:00,342,342,342,342,0
2022-02-07 13:30:00,336,336,336,336,100
2022-02-07 13:31:00,336,336,336,336,0
2022-02-07 13:32:00,336,336,336,336,0
2022-02-07 13:33:00,336,336,336,336,0
2022-02-07 13:34:00,336,336,336,336,0
2022-02-07 13:35:00,336,336,336,336,0
2022-02-07 13:36:00,336,336,336,336,0
2022-02-07 13:37:00,336,336,336,336,0
2022-02-07 13:38:00,336,336,336,336,0
2022-02-07 13:39:00,336,336,336,336,0
2022-02-07 13:40:00,338,338,338,338,100
2022-02-07 13:41:00,338,338,338,338,0
2022-02-07 13:42:00,338,338,338,338,0
2022-02-07 13:43:00,338,338,338,338,0
2022-02-07 13:44:00,338,338,338,338,0
2022-02-07 13:45:00,338,338,338,338,0
2022-02-07 13:46:00,338,338,338,338,0
2022-02-07 13:47:00,338,338,338,338,0
2022-02-07 13:48:00,338,338,338,338,0
2022-02-07 13:49:00,338,338,338,338,0
2022-02-07 13:50:00,338,338,338,338,0
2022-02-07 13:51:00,338,338,338,338,0
2022-02-07 13:52:00,338,338,338,338,0
2022-02-07 13:53:00,338,338,338,338,0
2022-02-07 13:54:00,338,338,338,338,0
2022-02-07 13:55:00,338,338,338,338,0
2022-02-07 13:56:00,338,338,338,338,0
2022-02-07 13:57:00,336,336,336,336,200
2022-02-07 13:58:00,338,338,338,338,900
2022-02-07 13:59:00,338,338,338,338,0
2022-02-07 14:00:00,338,338,338,338,0
2022-02-07 14:01:00,338,338,338,338,5000
2022-02-07 14:02:00,338,338,338,338,0
2022-02-07 14:03:00,338,338,338,338,0
2022-02-07 14:04:00,338,338,338,338,0
2022-02-07 14:05:00,338,338,338,338,0
2022-02-07 14:06:00,338,338,338,338,0
2022-02-07 14:07:00,338,338,338,338,3100
2022-02-07 14:08:00,338,338,338,338,0
2022-02-07 14:09:00,338,338,338,338,0
2022-02-07 14:10:00,338,338,338,338,0
2022-02-07 14:11:00,338,338,338,338,0
2022-02-07 14:12:00,338,338,338,338,0
2022-02-07 14:13:00,338,338,338,338,0
2022-02-07 14:14:00,338,338,338,338,0
2022-02-07 14:15:00,338,338,338,338,0
2022-02-07 14:16:00,338,338,338,338,0
2022-02-07 14:17:00,338,338,338,338,0
2022-02-07 14:18:00,338,338,338,338,0
2022-02-07 14:19:00,338,338,338,338,0
2022-02-07 14:20:00,338,338,338,338,0
2022-02-07 14:21:00,336,332,336,332,16200
2022-02-07 14:22:00,332,332,332,332,800
2022-02-07 14:23:00,332,332,332,332,0
2022-02-07 14:24:00,332,332,332,332,0
2022-02-07 14:25:00,332,332,332,332,0
2022-02-07 14:26:00,332,332,332,332,0
2022-02-07 14:27:00,332,332,332,332,0
2022-02-07 14:28:00,332,332,332,332,0
2022-02-07 14:29:00,332,332,332,332,0
2022-02-07 14:30:00,332,332,332,332,0
2022-02-07 14:31:00,332,332,332,332,0
2022-02-07 14:32:00,332,332,332,332,0
2022-02-07 14:33:00,332,332,332,332,0
2022-02-07 14:34:00,332,332,332,332,0
2022-02-07 14:35:00,332,332,332,332,0
2022-02-07 14:36:00,332,332,332,332,0
2022-02-07 14:37:00,332,332,332,332,0
2022-02-07 14:38:00,332,332,332,332,0
2022-02-07 14:39:00,332,332,332,332,0
2022-02-07 14:40:00,332,332,332,332,0
2022-02-07 14:41:00,336,336,336,336,100
2022-02-07 14:42:00,336,336,336,336,0
2022-02-07 14:43:00,336,336,336,336,0
2022-02-07 14:44:00,336,336,336,336,0
2022-02-07 14:45:00,336,336,336,336,0
2022-02-07 14:46:00,336,336,336,336,0
2022-02-07 14:47:00,336,336,336,336,0
2022-02-07 14:48:00,336,336,336,336,0
2022-02-07 14:49:00,336,336,336,336,1800
2022-02-07 14:50:00,336,336,336,336,0
2022-02-07 14:51:00,336,336,336,336,0
2022-02-07 14:52:00,336,336,336,336,0
2022-02-07 14:53:00,336,336,336,336,0
2022-02-07 14:54:00,336,336,336,336,0
2022-02-07 14:55:00,336,336,336,336,0
2022-02-07 14:56:00,336,336,336,336,0
2022-02-07 14:57:00,336,336,336,336,0
2022-02-07 14:58:00,336,336,336,336,0
2022-02-07 14:59:00,336,336,336,336,0
2022-02-07 15:00:00,336,336,336,336,3000
2022-02-07 15:01:00,336,336,336,336,0
2022-02-07 15:02:00,336,336,336,336,0
2022-02-07 15:03:00,336,336,336,336,0
2022-02-07 15:04:00,336,336,336,336,0
2022-02-07 15:05:00,336,336,336,336,0
2022-02-07 15:06:00,336,336,336,336,0
2022-02-07 15:07:00,336,336,336,336,0
2022-02-07 15:08:00,336,336,336,336,0
2022-02-07 15:09:00,336,336,336,336,0
2022-02-07 15:10:00,336,336,336,336,0
2022-02-07 15:11:00,336,336,336,336,0
2022-02-07 15:12:00,336,336,336,336,0
2022-02-07 15:13:00,336,336,336,336,0
2022-02-07 15:14:00,336,336,336,336,0
2022-02-07 15:15:00,336,336,336,336,0
2022-02-07 15:16:00,336,336,336,336,0
2022-02-07 15:17:00,336,336,336,336,0
2022-02-07 15:18:00,336,336,336,336,0
2022-02-07 15:19:00,336,336,336,336,0
2022-02-07 15:20:00,336,336,336,336,0
2022-02-07 15:21:00,336,336,336,336,0
2022-02-07 15:22:00,336,336,336,336,0
2022-02-07 15:23:00,336,336,336,336,0
2022-02-07 15:24:00,336,336,336,336,0
2022-02-07 15:25:00,336,336,336,336,0
2022-02-07 15:26:00,336,336,336,336,0
2022-02-07 15:27:00,336,336,336,336,0
2022-02-07 15:28:00,336,336,336,336,0
2022-02-07 15:29:00,336,336,336,336,0
2022-02-07 15:30:00,336,336,336,336,0
2022-02-07 15:31:00,336,336,336,336,0
2022-02-07 15:32:00,336,336,336,336,0
2022-02-07 15:33:00,336,336,336,336,0
2022-02-07 15:34:00,336,336,336,336,0
2022-02-07 15:35:00,336,336,336,336,0
2022-02-07 15:36:00,336,336,336,336,0
2022-02-07 15:37:00,336,336,336,336,0
2022-02-07 15:38:00,336,336,336,336,0
2022-02-07 15:39:00,336,336,336,336,0
2022-02-07 15:40:00,336,336,336,336,0
2022-02-07 15:41:00,336,336,336,336,0
2022-02-07 15:42:00,336,336,336,336,0
2022-02-07 15:43:00,336,336,336,336,0
2022-02-07 15:44:00,336,336,336,336,0
2022-02-07 15:45:00,336,336,336,336,0
2022-02-07 15:46:00,336,336,336,336,0
2022-02-07 15:47:00,336,336,336,336,0
2022-02-07 15:48:00,336,336,336,336,0
2022-02-07 15:49:00,336,336,336,336,0
2022-02-07 15:50:00,336,336,336,336,0
2022-02-07 15:51:00,336,336,336,336,0
2022-02-07 15:52:00,336,336,336,336,0
2022-02-07 15:53:00,336,336,336,336,0
2022-02-07 15:54:00,336,336,336,336,0
2022-02-07 15:55:00,336,336,336,336,0
2022-02-07 15:56:00,336,336,336,336,0
2022-02-07 15:57:00,336,336,336,336,0
2022-02-07 15:58:00,336,336,336,336,0
2022-02-07 15:59:00,336,336,336,336,0
2022-02-08 09:00:00,336,336,336,336,0
2022-02-08 09:01:00,336,336,336,336,0
2022-02-08 09:02:00,336,336,336,336,0
2022-02-08 09:03:00,336,336,336,336,0
2022-02-08 09:04:00,336,336,336,336,0
2022-02-08 09:05:00,336,336,336,336,0
2022-02-08 09:06:00,336,336,336,336,0
2022-02-08 09:07:00,336,336,336,336,0
2022-02-08 09:08:00,336,336,336,336,0
2022-02-08 09:09:00,336,336,336,336,0
2022-02-08 09:10:00,336,336,336,336,0
2022-02-08 09:11:00,336,336,336,336,0
2022-02-08 09:12:00,336,336,336,336,0
2022-02-08 09:13:00,336,336,336,336,0
2022-02-08 09:14:00,336,336,336,336,0
2022-02-08 09:15:00,336,336,336,336,0
2022-02-08 09:16:00,336,336,336,336,0
2022-02-08 09:17:00,336,336,336,336,0
2022-02-08 09:18:00,336,336,336,336,0
2022-02-08 09:19:00,336,336,336,336,0
2022-02-08 09:20:00,336,336,336,336,0
2022-02-08 09:21:00,336,336,336,336,0
2022-02-08 09:22:00,336,336,336,336,0
2022-02-08 09:23:00,336,336,336,336,0
2022-02-08 09:24:00,336,336,336,336,0
2022-02-08 09:25:00,336,336,336,336,0
2022-02-08 09:26:00,336,336,336,336,0
2022-02-08 09:27:00,336,336,336,336,0
2022-02-08 09:28:00,336,336,336,336,0
2022-02-08 09:29:00,336,336,336,336,0
2022-02-08 09:30:00,334,332,334,332,8000
2022-02-08 09:31:00,334,332,334,332,0
2022-02-08 09:32:00,334,332,334,332,0
2022-02-08 09:33:00,334,332,334,332,0
2022-02-08 09:34:00,334,332,334,332,0
2022-02-08 09:35:00,334,332,334,332,0
2022-02-08 09:36:00,334,332,334,332,0
2022-02-08 09:37:00,334,332,334,332,0
2022-02-08 09:38:00,334,332,334,332,0
2022-02-08 09:39:00,334,332,334,332,0
2022-02-08 09:40:00,334,332,334,332,0
2022-02-08 09:41:00,334,332,334,332,0
2022-02-08 09:42:00,334,332,334,332,0
2022-02-08 09:43:00,334,332,334,332,0
2022-02-08 09:44:00,334,332,334,332,0
2022-02-08 09:45:00,334,332,334,332,0
2022-02-08 09:46:00,334,332,334,332,0
2022-02-08 09:47:00,334,332,334,332,0
2022-02-08 09:48:00,334,332,334,332,0
2022-02-08 09:49:00,334,332,334,332,0
2022-02-08 09:50:00,334,332,334,332,0
2022-02-08 09:51:00,334,332,334,332,0
2022-02-08 09:52:00,334,332,334,332,0
2022-02-08 09:53:00,334,332,334,332,0
2022-02-08 09:54:00,334,332,334,332,0
2022-02-08 09:55:00,334,332,334,332,0
2022-02-08 09:56:00,334,332,334,332,0
2022-02-08 09:57:00,334,332,334,332,0
2022-02-08 09:58:00,334,332,334,332,0
2022-02-08 09:59:00,334,332,334,332,0
2022-02-08 10:00:00,334,332,334,332,0
2022-02-08 10:01:00,334,332,334,332,0
2022-02-08 10:02:00,334,332,334,332,0
2022-02-08 10:03:00,334,332,334,332,0
2022-02-08 10:04:00,334,332,334,332,0
2022-02-08 10:05:00,334,332,334,332,0
2022-02-08 10:06:00,336,336,348,348,7800
2022-02-08 10:07:00,344,344,344,344,900
2022-02-08 10:08:00,344,344,344,344,0
2022-02-08 10:09:00,344,344,344,344,0
2022-02-08 10:10:00,342,342,342,342,100
2022-02-08 10:11:00,342,342,342,342,0
2022-02-08 10:12:00,342,342,342,342,0
2022-02-08 10:13:00,342,342,342,342,200
2022-02-08 10:14:00,342,342,342,342,0
2022-02-08 10:15:00,342,342,342,342,0
2022-02-08 10:16:00,342,342,342,342,0
2022-02-08 10:17:00,342,342,342,342,0
2022-02-08 10:18:00,342,342,342,342,0
2022-02-08 10:19:00,342,342,342,342,0
2022-02-08 10:20:00,342,342,342,342,0
2022-02-08 10:21:00,342,342,342,342,0
2022-02-08 10:22:00,342,342,342,342,0
2022-02-08 10:23:00,342,342,342,342,0
2022-02-08 10:24:00,342,342,342,342,0
2022-02-08 10:25:00,342,342,342,342,0
2022-02-08 10:26:00,342,342,342,342,0
2022-02-08 10:27:00,342,342,342,342,0
2022-02-08 10:28:00,342,342,342,342,0
2022-02-08 10:29:00,342,342,342,342,0
2022-02-08 10:30:00,342,342,342,342,0
2022-02-08 10:31:00,342,342,342,342,0
2022-02-08 10:32:00,342,342,342,342,0
2022-02-08 10:33:00,342,342,342,342,0
2022-02-08 10:34:00,342,342,342,342,0
2022-02-08 10:35:00,342,342,342,342,0
2022-02-08 10:36:00,342,342,342,342,0
2022-02-08 10:37:00,342,342,342,342,0
2022-02-08 10:38:00,344,344,344,344,2000
2022-02-08 10:39:00,344,344,344,344,0
2022-02-08 10:40:00,344,344,344,344,0
2022-02-08 10:41:00,344,344,344,344,0
2022-02-08 10:42:00,344,344,344,344,0
2022-02-08 10:43:00,344,344,344,344,0
2022-02-08 10:44:00,344,344,344,344,0
2022-02-08 10:45:00,344,344,344,344,0
2022-02-08 10:46:00,344,344,344,344,0
2022-02-08 10:47:00,344,344,344,344,0
2022-02-08 10:48:00,344,344,344,344,0
2022-02-08 10:49:00,344,344,344,344,0
2022-02-08 10:50:00,344,344,344,344,0
2022-02-08 10:51:00,344,344,344,344,0
2022-02-08 10:52:00,344,344,344,344,0
2022-02-08 10:53:00,344,344,344,344,0
2022-02-08 10:54:00,344,344,344,344,0
2022-02-08 10:55:00,344,344,344,344,0
2022-02-08 10:56:00,344,344,344,344,0
2022-02-08 10:57:00,344,344,344,344,0
2022-02-08 10:58:00,344,344,344,344,0
2022-02-08 10:59:00,344,344,344,344,0
2022-02-08 11:00:00,344,344,344,344,0
2022-02-08 11:01:00,344,344,344,344,0
2022-02-08 11:02:00,344,344,344,344,0
2022-02-08 11:03:00,344,344,344,344,0
2022-02-08 11:04:00,344,344,344,344,0
2022-02-08 11:05:00,344,344,344,344,0
2022-02-08 11:06:00,344,344,344,344,0
2022-02-08 11:07:00,344,344,344,344,0
2022-02-08 11:08:00,344,344,344,344,0
2022-02-08 11:09:00,344,344,344,344,0
2022-02-08 11:10:00,344,344,344,344,0
2022-02-08 11:11:00,344,344,344,344,0
2022-02-08 11:12:00,344,344,344,344,0
2022-02-08 11:13:00,344,344,344,344,0
2022-02-08 11:14:00,344,344,344,344,0
2022-02-08 11:15:00,344,344,344,344,0
2022-02-08 11:16:00,344,344,344,344,0
2022-02-08 11:17:00,344,344,344,344,0
2022-02-08 11:18:00,344,344,344,344,0
2022-02-08 11:19:00,344,344,350,350,3700
2022-02-08 11:20:00,344,344,350,350,0
2022-02-08 11:21:00,352,352,352,352,1700
2022-02-08 11:22:00,352,352,358,358,26600
2022-02-08 11:23:00,360,360,360,360,29800
2022-02-08 11:24:00,360,360,360,360,32600
2022-02-08 11:25:00,362,362,376,376,40100
2022-02-08 11:26:00,362,360,362,360,200
2022-02-08 11:27:00,360,360,360,360,4900
2022-02-08 11:28:00,360,360,360,360,2600
2022-02-08 11:29:00,360,360,360,360,0
2022-02-08 11:30:00,360,360,360,360,0
2022-02-08 11:31:00,360,360,360,360,0
2022-02-08 11:32:00,360,360,360,360,0
2022-02-08 11:33:00,360,360,360,360,0
2022-02-08 11:34:00,360,360,360,360,0
2022-02-08 11:35:00,360,360,360,360,0
2022-02-08 11:36:00,360,360,360,360,0
2022-02-08 11:37:00,360,360,360,360,0
2022-02-08 11:38:00,360,360,360,360,0
2022-02-08 11:39:00,360,360,360,360,0
2022-02-08 11:40:00,360,360,360,360,0
2022-02-08 11:41:00,360,360,360,360,0
2022-02-08 11:42:00,360,360,360,360,0
2022-02-08 11:43:00,360,360,360,360,0
2022-02-08 11:44:00,360,360,360,360,0
2022-02-08 11:45:00,360,360,360,360,0
2022-02-08 11:46:00,360,360,360,360,0
2022-02-08 11:47:00,360,360,360,360,0
2022-02-08 11:48:00,360,360,360,360,0
2022-02-08 11:49:00,360,360,360,360,0
2022-02-08 11:50:00,360,360,360,360,0
2022-02-08 11:51:00,360,360,360,360,0
2022-02-08 11:52:00,360,360,360,360,0
2022-02-08 11:53:00,360,360,360,360,0
2022-02-08 11:54:00,360,360,360,360,0
2022-02-08 11:55:00,360,360,360,360,0
2022-02-08 11:56:00,360,360,360,360,0
2022-02-08 11:57:00,360,360,360,360,0
2022-02-08 11:58:00,360,360,360,360,0
2022-02-08 11:59:00,360,360,360,360,0
2022-02-08 12:00:00,360,360,360,360,0
2022-02-08 12:01:00,360,360,360,360,0
2022-02-08 12:02:00,360,360,360,360,0
2022-02-08 12:03:00,360,360,360,360,0
2022-02-08 12:04:00,360,360,360,360,0
2022-02-08 12:05:00,360,360,360,360,0
2022-02-08 12:06:00,360,360,360,360,0
2022-02-08 12:07:00,360,360,360,360,0
2022-02-08 12:08:00,360,360,360,360,0
2022-02-08 12:09:00,360,360,360,360,0
2022-02-08 12:10:00,360,360,360,360,0
2022-02-08 12:11:00,360,360,360,360,0
2022-02-08 12:12:00,360,360,360,360,0
2022-02-08 12:13:00,360,360,360,360,0
2022-02-08 12:14:00,360,360,360,360,0
2022-02-08 12:15:00,360,360,360,360,0
2022-02-08 12:16:00,360,360,360,360,0
2022-02-08 12:17:00,360,360,360,360,0
2022-02-08 12:18:00,360,360,360,360,0
2022-02-08 12:19:00,360,360,360,360,0
2022-02-08 12:20:00,360,360,360,360,0
2022-02-08 12:21:00,360,360,360,360,0
2022-02-08 12:22:00,360,360,360,360,0
2022-02-08 12:23:00,360,360,360,360,0
2022-02-08 12:24:00,360,360,360,360,0
2022-02-08 12:25:00,360,360,360,360,0
2022-02-08 12:26:00,360,360,360,360,0
2022-02-08 12:27:00,360,360,360,360,0
2022-02-08 12:28:00,360,360,360,360,0
2022-02-08 12:29:00,360,360,360,360,0
2022-02-08 12:30:00,360,360,360,360,0
2022-02-08 12:31:00,360,360,360,360,0
2022-02-08 12:32:00,360,360,360,360,0
2022-02-08 12:33:00,360,360,360,360,0
2022-02-08 12:34:00,360,360,360,360,0
2022-02-08 12:35:00,360,360,360,360,0
2022-02-08 12:36:00,360,360,360,360,0
2022-02-08 12:37:00,360,360,360,360,0
2022-02-08 12:38:00,360,360,360,360,0
2022-02-08 12:39:00,360,360,360,360,0
2022-02-08 12:40:00,360,360,360,360,0
2022-02-08 12:41:00,360,360,360,360,0
2022-02-08 12:42:00,360,360,360,360,0
2022-02-08 12:43:00,360,360,360,360,0
2022-02-08 12:44:00,360,360,360,360,0
2022-02-08 12:45:00,360,360,360,360,0
2022-02-08 12:46:00,360,360,360,360,0
2022-02-08 12:47:00,360,360,360,360,0
2022-02-08 12:48:00,360,360,360,360,0
2022-02-08 12:49:00,360,360,360,360,0
2022-02-08 12:50:00,360,360,360,360,0
2022-02-08 12:51:00,360,360,360,360,0
2022-02-08 12:52:00,360,360,360,360,0
2022-02-08 12:53:00,360,360,360,360,0
2022-02-08 12:54:00,360,360,360,360,0
2022-02-08 12:55:00,360,360,360,360,0
2022-02-08 12:56:00,360,360,360,360,0
2022-02-08 12:57:00,360,360,360,360,0
2022-02-08 12:58:00,360,360,360,360,0
2022-02-08 12:59:00,360,360,360,360,0
2022-02-08 13:00:00,360,360,360,360,0
2022-02-08 13:01:00,360,360,360,360,0
2022-02-08 13:02:00,360,360,360,360,0
2022-02-08 13:03:00,360,360,360,360,0
2022-02-08 13:04:00,360,360,360,360,0
2022-02-08 13:05:00,360,360,360,360,0
2022-02-08 13:06:00,360,360,360,360,0
2022-02-08 13:07:00,360,360,360,360,0
2022-02-08 13:08:00,360,360,360,360,0
2022-02-08 13:09:00,360,360,360,360,0
2022-02-08 13:10:00,360,360,360,360,0
2022-02-08 13:11:00,360,360,360,360,0
2022-02-08 13:12:00,360,360,360,360,0
2022-02-08 13:13:00,360,360,360,360,0
2022-02-08 13:14:00,360,360,360,360,0
2022-02-08 13:15:00,360,360,360,360,0
2022-02-08 13:16:00,360,360,360,360,0
2022-02-08 13:17:00,360,360,360,360,0
2022-02-08 13:18:00,360,360,360,360,0
2022-02-08 13:19:00,360,360,360,360,0
2022-02-08 13:20:00,360,360,360,360,0
2022-02-08 13:21:00,360,360,360,360,0
2022-02-08 13:22:00,360,360,360,360,0
2022-02-08 13:23:00,360,360,360,360,0
2022-02-08 13:24:00,360,360,360,360,0
2022-02-08 13:25:00,360,360,360,360,0
2022-02-08 13:26:00,360,360,360,360,0
2022-02-08 13:27:00,360,360,360,360,0
2022-02-08 13:28:00,360,360,360,360,0
2022-02-08 13:29:00,360,360,360,360,0
2022-02-08 13:30:00,360,360,360,360,0
2022-02-08 13:31:00,360,360,360,360,0
2022-02-08 13:32:00,360,360,360,360,15200
2022-02-08 13:33:00,360,360,360,360,0
2022-02-08 13:34:00,360,360,360,360,0
2022-02-08 13:35:00,360,360,360,360,0
2022-02-08 13:36:00,360,360,360,360,0
2022-02-08 13:37:00,360,360,360,360,0
2022-02-08 13:38:00,360,360,360,360,0
2022-02-08 13:39:00,360,360,360,360,0
2022-02-08 13:40:00,360,360,360,360,0
2022-02-08 13:41:00,360,360,360,360,0
2022-02-08 13:42:00,360,360,360,360,0
2022-02-08 13:43:00,360,360,360,360,0
2022-02-08 13:44:00,360,360,360,360,27400
2022-02-08 13:45:00,360,360,360,360,0
2022-02-08 13:46:00,360,360,360,360,0
2022-02-08 13:47:00,360,360,360,360,0
2022-02-08 13:48:00,360,360,360,360,1000
2022-02-08 13:49:00,360,360,360,360,1000
2022-02-08 13:50:00,360,360,360,360,0
2022-02-08 13:51:00,360,360,360,360,200
2022-02-08 13:52:00,360,360,360,360,0
2022-02-08 13:53:00,360,360,360,360,0
2022-02-08 13:54:00,360,360,360,360,100
2022-02-08 13:55:00,360,360,360,360,0
2022-02-08 13:56:00,360,360,360,360,10000
2022-02-08 13:57:00,360,360,360,360,0
2022-02-08 13:58:00,360,360,360,360,0
2022-02-08 13:59:00,360,360,360,360,0
2022-02-08 14:00:00,360,360,360,360,0
2022-02-08 14:01:00,360,360,360,360,0
2022-02-08 14:02:00,360,360,360,360,0
2022-02-08 14:03:00,360,360,360,360,0
2022-02-08 14:04:00,360,360,360,360,0
2022-02-08 14:05:00,360,360,360,360,0
2022-02-08 14:06:00,360,352,360,352,200
2022-02-08 14:07:00,360,352,360,352,0
2022-02-08 14:08:00,360,352,360,352,0
2022-02-08 14:09:00,360,352,360,352,0
2022-02-08 14:10:00,360,360,368,368,5800
2022-02-08 14:11:00,366,366,366,366,1400
2022-02-08 14:12:00,366,366,366,366,0
2022-02-08 14:13:00,366,366,366,366,0
2022-02-08 14:14:00,366,366,366,366,0
2022-02-08 14:15:00,366,366,366,366,0
2022-02-08 14:16:00,364,364,366,366,900
2022-02-08 14:17:00,364,364,366,366,0
2022-02-08 14:18:00,364,364,366,366,700
2022-02-08 14:19:00,366,366,366,366,100
2022-02-08 14:20:00,366,366,366,366,0
2022-02-08 14:21:00,366,366,366,366,0
2022-02-08 14:22:00,366,366,366,366,9100
2022-02-08 14:23:00,366,366,366,366,0
2022-02-08 14:24:00,366,366,366,366,1400
2022-02-08 14:25:00,366,366,366,366,0
2022-02-08 14:26:00,366,366,366,366,0
2022-02-08 14:27:00,366,366,366,366,0
2022-02-08 14:28:00,366,366,366,366,0
2022-02-08 14:29:00,366,366,366,366,0
2022-02-08 14:30:00,366,366,366,366,0
2022-02-08 14:31:00,366,366,366,366,0
2022-02-08 14:32:00,366,366,366,366,0
2022-02-08 14:33:00,366,366,366,366,0
2022-02-08 14:34:00,366,366,366,366,0
2022-02-08 14:35:00,366,366,366,366,0
2022-02-08 14:36:00,366,366,366,366,0
2022-02-08 14:37:00,366,366,366,366,0
2022-02-08 14:38:00,366,366,366,366,0
2022-02-08 14:39:00,366,366,366,366,4000
2022-02-08 14:40:00,366,366,366,366,0
2022-02-08 14:41:00,366,366,366,366,0
2022-02-08 14:42:00,366,366,366,366,0
2022-02-08 14:43:00,366,366,368,368,14700
2022-02-08 14:44:00,368,368,370,370,5100
2022-02-08 14:45:00,372,372,378,378,13000
2022-02-08 14:46:00,380,364,380,364,15700
2022-02-08 14:47:00,380,364,380,364,0
2022-02-08 14:48:00,376,376,378,378,1100
2022-02-08 14:49:00,378,378,382,382,4500
2022-02-08 14:50:00,378,378,382,382,0
2022-02-08 14:51:00,378,378,382,382,0
2022-02-08 14:52:00,378,378,382,382,0
2022-02-08 14:53:00,378,378,382,382,0
2022-02-08 14:54:00,378,378,382,382,0
2022-02-08 14:55:00,378,378,382,382,0
2022-02-08 14:56:00,378,378,382,382,0
2022-02-08 14:57:00,378,378,382,382,0
2022-02-08 14:58:00,378,378,382,382,0
2022-02-08 14:59:00,378,378,382,382,0
2022-02-08 15:00:00,380,380,380,380,10600
2022-02-08 15:01:00,380,380,380,380,100
2022-02-08 15:02:00,380,380,380,380,0
2022-02-08 15:03:00,380,380,380,380,0
2022-02-08 15:04:00,380,380,380,380,0
2022-02-08 15:05:00,380,380,380,380,0
2022-02-08 15:06:00,380,380,380,380,0
2022-02-08 15:07:00,380,380,380,380,0
2022-02-08 15:08:00,380,380,380,380,0
2022-02-08 15:09:00,380,380,380,380,0
2022-02-08 15:10:00,380,380,380,380,0
2022-02-08 15:11:00,380,380,380,380,0
2022-02-08 15:12:00,380,380,380,380,0
2022-02-08 15:13:00,380,380,380,380,0
2022-02-08 15:14:00,380,380,380,380,0
2022-02-08 15:15:00,380,380,380,380,0
2022-02-08 15:16:00,380,380,380,380,0
2022-02-08 15:17:00,380,380,380,380,0
2022-02-08 15:18:00,380,380,380,380,0
2022-02-08 15:19:00,380,380,380,380,0
2022-02-08 15:20:00,380,380,380,380,0
2022-02-08 15:21:00,380,380,380,380,0
2022-02-08 15:22:00,380,380,380,380,0
2022-02-08 15:23:00,380,380,380,380,0
2022-02-08 15:24:00,380,380,380,380,0
2022-02-08 15:25:00,380,380,380,380,0
2022-02-08 15:26:00,380,380,380,380,0
2022-02-08 15:27:00,380,380,380,380,0
2022-02-08 15:28:00,380,380,380,380,0
2022-02-08 15:29:00,380,380,380,380,0
2022-02-08 15:30:00,380,380,380,380,0
2022-02-08 15:31:00,380,380,380,380,0
2022-02-08 15:32:00,380,380,380,380,0
2022-02-08 15:33:00,380,380,380,380,0
2022-02-08 15:34:00,380,380,380,380,0
2022-02-08 15:35:00,380,380,380,380,0
2022-02-08 15:36:00,380,380,380,380,0
2022-02-08 15:37:00,380,380,380,380,0
2022-02-08 15:38:00,380,380,380,380,0
2022-02-08 15:39:00,380,380,380,380,0
2022-02-08 15:40:00,380,380,380,380,0
2022-02-08 15:41:00,380,380,380,380,0
2022-02-08 15:42:00,380,380,380,380,0
2022-02-08 15:43:00,380,380,380,380,0
2022-02-08 15:44:00,380,380,380,380,0
2022-02-08 15:45:00,380,380,380,380,0
2022-02-08 15:46:00,380,380,380,380,0
2022-02-08 15:47:00,380,380,380,380,0
2022-02-08 15:48:00,380,380,380,380,0
2022-02-08 15:49:00,380,380,380,380,0
2022-02-08 15:50:00,380,380,380,380,0
2022-02-08 15:51:00,380,380,380,380,0
2022-02-08 15:52:00,380,380,380,380,0
2022-02-08 15:53:00,380,380,380,380,0
2022-02-08 15:54:00,380,380,380,380,0
2022-02-08 15:55:00,380,380,380,380,0
2022-02-08 15:56:00,380,380,380,380,0
2022-02-08 15:57:00,380,380,380,380,0
2022-02-08 15:58:00,380,380,380,380,0
2022-02-08 15:59:00,380,380,380,380,0
2022-02-09 09:00:00,400,390,400,400,0
2022-02-09 09:01:00,400,400,416,416,87400
2022-02-09 09:02:00,416,410,426,420,42000
2022-02-09 09:03:00,420,420,420,420,46300
2022-02-09 09:04:00,420,420,422,422,6900
2022-02-09 09:05:00,424,422,426,426,1400
2022-02-09 09:06:00,426,420,426,426,6500
2022-02-09 09:07:00,426,424,426,424,500
2022-02-09 09:08:00,424,424,426,426,5800
2022-02-09 09:09:00,420,420,420,420,1100
2022-02-09 09:10:00,420,418,424,424,12300
2022-02-09 09:11:00,418,406,418,406,12900
2022-02-09 09:12:00,410,404,422,422,16800
2022-02-09 09:13:00,424,422,424,422,4500
2022-02-09 09:14:00,422,422,422,422,100
2022-02-09 09:15:00,422,422,424,424,5400
2022-02-09 09:16:00,422,422,424,424,2000
2022-02-09 09:17:00,422,422,424,424,0
2022-02-09 09:18:00,424,424,426,426,3900
2022-02-09 09:19:00,426,426,426,426,100
2022-02-09 09:20:00,426,420,426,420,2800
2022-02-09 09:21:00,424,424,428,428,8300
2022-02-09 09:22:00,430,430,436,436,7500
2022-02-09 09:23:00,436,436,436,436,5700
2022-02-09 09:24:00,422,418,422,418,5200
2022-02-09 09:25:00,422,420,422,420,2500
2022-02-09 09:26:00,432,420,432,420,4000
2022-02-09 09:27:00,422,422,424,424,300
2022-02-09 09:28:00,428,428,428,428,500
2022-02-09 09:29:00,428,422,428,422,5900
2022-02-09 09:30:00,422,420,422,420,11300
2022-02-09 09:31:00,420,420,432,430,22900
2022-02-09 09:32:00,430,426,430,426,1000
2022-02-09 09:33:00,426,420,426,426,3200
2022-02-09 09:34:00,426,426,426,426,600
2022-02-09 09:35:00,426,422,426,422,400
2022-02-09 09:36:00,426,422,426,422,0
2022-02-09 09:37:00,422,418,422,418,4000
2022-02-09 09:38:00,410,406,410,406,5400
2022-02-09 09:39:00,408,402,420,420,17500
2022-02-09 09:40:00,420,420,420,420,200
2022-02-09 09:41:00,422,420,422,420,6300
2022-02-09 09:42:00,420,420,420,420,100
2022-02-09 09:43:00,420,418,420,418,700
2022-02-09 09:44:00,420,418,420,418,0
2022-02-09 09:45:00,416,416,420,420,3500
2022-02-09 09:46:00,416,416,420,420,0
2022-02-09 09:47:00,420,420,420,420,2200
2022-02-09 09:48:00,420,420,420,420,200
2022-02-09 09:49:00,420,420,420,420,0
2022-02-09 09:50:00,420,420,420,420,0
2022-02-09 09:51:00,420,420,420,420,2000
2022-02-09 09:52:00,420,420,420,420,400
2022-02-09 09:53:00,420,414,420,414,1000
2022-02-09 09:54:00,412,412,412,412,1000
2022-02-09 09:55:00,412,412,412,412,500
2022-02-09 09:56:00,410,410,410,410,100
2022-02-09 09:57:00,410,410,410,410,0
2022-02-09 09:58:00,410,410,410,410,0
2022-02-09 09:59:00,410,410,410,410,0
2022-02-09 10:00:00,412,412,412,412,300
2022-02-09 10:01:00,412,412,412,412,0
2022-02-09 10:02:00,412,412,412,412,0
2022-02-09 10:03:00,412,412,412,412,0
2022-02-09 10:04:00,412,412,412,412,0
2022-02-09 10:05:00,410,410,410,410,100
2022-02-09 10:06:00,410,410,410,410,0
2022-02-09 10:07:00,410,410,410,410,300
2022-02-09 10:08:00,410,410,410,410,0
2022-02-09 10:09:00,410,410,410,410,0
2022-02-09 10:10:00,410,410,410,410,0
2022-02-09 10:11:00,410,410,410,410,0
2022-02-09 10:12:00,410,410,410,410,0
2022-02-09 10:13:00,410,410,410,410,0
2022-02-09 10:14:00,420,420,420,420,1600
2022-02-09 10:15:00,420,420,420,420,0
2022-02-09 10:16:00,420,420,420,420,700
2022-02-09 10:17:00,420,420,420,420,0
2022-02-09 10:18:00,420,420,420,420,3000
2022-02-09 10:19:00,420,420,420,420,2000
2022-02-09 10:20:00,420,420,422,422,20900
2022-02-09 10:21:00,422,422,422,422,5000
2022-02-09 10:22:00,424,424,426,426,31500
2022-02-09 10:23:00,426,426,426,426,800
2022-02-09 10:24:00,426,426,426,426,0
2022-02-09 10:25:00,426,426,426,426,1600
2022-02-09 10:26:00,426,426,426,426,800
2022-02-09 10:27:00,426,426,426,426,0
2022-02-09 10:28:00,426,426,428,428,600
2022-02-09 10:29:00,428,426,428,426,4700
2022-02-09 10:30:00,428,426,428,426,0
2022-02-09 10:31:00,426,426,426,426,6000
2022-02-09 10:32:00,426,426,426,426,5000
2022-02-09 10:33:00,426,426,426,426,0
2022-02-09 10:34:00,426,426,426,426,0
2022-02-09 10:35:00,426,426,426,426,500
2022-02-09 10:36:00,426,426,426,426,0
2022-02-09 10:37:00,426,426,426,426,0
2022-02-09 10:38:00,424,424,426,426,9900
2022-02-09 10:39:00,424,424,426,426,0
2022-02-09 10:40:00,428,428,430,430,8000
2022-02-09 10:41:00,428,428,430,430,0
2022-02-09 10:42:00,428,428,430,430,0
2022-02-09 10:43:00,428,428,430,430,0
2022-02-09 10:44:00,430,430,430,430,9100
2022-02-09 10:45:00,430,430,430,430,0
2022-02-09 10:46:00,430,430,430,430,0
2022-02-09 10:47:00,430,430,430,430,0
2022-02-09 10:48:00,430,430,430,430,0
2022-02-09 10:49:00,430,430,430,430,0
2022-02-09 10:50:00,430,430,430,430,0
2022-02-09 10:51:00,430,430,430,430,0
2022-02-09 10:52:00,428,428,430,430,5000
2022-02-09 10:53:00,428,428,430,430,0
2022-02-09 10:54:00,428,428,430,428,2200
2022-02-09 10:55:00,428,428,428,428,500
2022-02-09 10:56:00,428,428,428,428,0
2022-02-09 10:57:00,428,428,428,428,0
2022-02-09 10:58:00,428,428,428,428,0
2022-02-09 10:59:00,428,426,428,426,2300
2022-02-09 11:00:00,428,426,428,426,0
2022-02-09 11:01:00,428,428,430,430,6100
2022-02-09 11:02:00,428,428,430,430,0
2022-02-09 11:03:00,430,430,430,430,100
2022-02-09 11:04:00,430,430,430,430,0
2022-02-09 11:05:00,430,430,430,430,0
2022-02-09 11:06:00,430,430,430,430,0
2022-02-09 11:07:00,430,430,430,430,0
2022-02-09 11:08:00,430,430,430,430,0
2022-02-09 11:09:00,428,428,428,428,1200
2022-02-09 11:10:00,430,428,430,428,8000
2022-02-09 11:11:00,430,428,430,428,0
2022-02-09 11:12:00,426,426,428,428,5700
2022-02-09 11:13:00,430,430,430,430,100
2022-02-09 11:14:00,430,430,430,430,0
2022-02-09 11:15:00,430,430,430,430,5000
2022-02-09 11:16:00,430,430,430,430,0
2022-02-09 11:17:00,426,426,426,426,2000
2022-02-09 11:18:00,430,430,432,432,84200
2022-02-09 11:19:00,432,432,434,434,5700
2022-02-09 11:20:00,432,432,432,432,300
2022-02-09 11:21:00,434,434,436,436,13900
2022-02-09 11:22:00,438,438,438,438,3600
2022-02-09 11:23:00,438,438,442,442,3300
2022-02-09 11:24:00,442,442,442,442,1100
2022-02-09 11:25:00,442,442,442,442,40100
2022-02-09 11:26:00,442,442,442,442,100
2022-02-09 11:27:00,440,434,440,434,8500
2022-02-09 11:28:00,442,440,442,440,17800
2022-02-09 11:29:00,440,440,442,442,28700
2022-02-09 11:30:00,440,440,442,442,0
2022-02-09 11:31:00,440,440,442,442,0
2022-02-09 11:32:00,440,440,442,442,0
2022-02-09 11:33:00,440,440,442,442,0
2022-02-09 11:34:00,440,440,442,442,0
2022-02-09 11:35:00,440,440,442,442,0
2022-02-09 11:36:00,440,440,442,442,0
2022-02-09 11:37:00,440,440,442,442,0
2022-02-09 11:38:00,440,440,442,442,0
2022-02-09 11:39:00,440,440,442,442,0
2022-02-09 11:40:00,440,440,442,442,0
2022-02-09 11:41:00,440,440,442,442,0
2022-02-09 11:42:00,440,440,442,442,0
2022-02-09 11:43:00,440,440,442,442,0
2022-02-09 11:44:00,440,440,442,442,0
2022-02-09 11:45:00,440,440,442,442,0
2022-02-09 11:46:00,440,440,442,442,0
2022-02-09 11:47:00,440,440,442,442,0
2022-02-09 11:48:00,440,440,442,442,0
2022-02-09 11:49:00,440,440,442,442,0
2022-02-09 11:50:00,440,440,442,442,0
2022-02-09 11:51:00,440,440,442,442,0
2022-02-09 11:52:00,440,440,442,442,0
2022-02-09 11:53:00,440,440,442,442,0
2022-02-09 11:54:00,440,440,442,442,0
2022-02-09 11:55:00,440,440,442,442,0
2022-02-09 11:56:00,440,440,442,442,0
2022-02-09 11:57:00,440,440,442,442,0
2022-02-09 11:58:00,440,440,442,442,0
2022-02-09 11:59:00,440,440,442,442,0
2022-02-09 12:00:00,440,440,442,442,0
2022-02-09 12:01:00,440,440,442,442,0
2022-02-09 12:02:00,440,440,442,442,0
2022-02-09 12:03:00,440,440,442,442,0
2022-02-09 12:04:00,440,440,442,442,0
2022-02-09 12:05:00,440,440,442,442,0
2022-02-09 12:06:00,440,440,442,442,0
2022-02-09 12:07:00,440,440,442,442,0
2022-02-09 12:08:00,440,440,442,442,0
2022-02-09 12:09:00,440,440,442,442,0
2022-02-09 12:10:00,440,440,442,442,0
2022-02-09 12:11:00,440,440,442,442,0
2022-02-09 12:12:00,440,440,442,442,0
2022-02-09 12:13:00,440,440,442,442,0
2022-02-09 12:14:00,440,440,442,442,0
2022-02-09 12:15:00,440,440,442,442,0
2022-02-09 12:16:00,440,440,442,442,0
2022-02-09 12:17:00,440,440,442,442,0
2022-02-09 12:18:00,440,440,442,442,0
2022-02-09 12:19:00,440,440,442,442,0
2022-02-09 12:20:00,440,440,442,442,0
2022-02-09 12:21:00,440,440,442,442,0
2022-02-09 12:22:00,440,440,442,442,0
2022-02-09 12:23:00,440,440,442,442,0
2022-02-09 12:24:00,440,440,442,442,0
2022-02-09 12:25:00,440,440,442,442,0
2022-02-09 12:26:00,440,440,442,442,0
2022-02-09 12:27:00,440,440,442,442,0
2022-02-09 12:28:00,440,440,442,442,0
2022-02-09 12:29:00,440,440,442,442,0
2022-02-09 12:30:00,440,440,442,442,0
2022-02-09 12:31:00,440,440,442,442,0
2022-02-09 12:32:00,440,440,442,442,0
2022-02-09 12:33:00,440,440,442,442,0
2022-02-09 12:34:00,440,440,442,442,0
2022-02-09 12:35:00,440,440,442,442,0
2022-02-09 12:36:00,440,440,442,442,0
2022-02-09 12:37:00,440,440,442,442,0
2022-02-09 12:38:00,440,440,442,442,0
2022-02-09 12:39:00,440,440,442,442,0
2022-02-09 12:40:00,440,440,442,442,0
2022-02-09 12:41:00,440,440,442,442,0
2022-02-09 12:42:00,440,440,442,442,0
2022-02-09 12:43:00,440,440,442,442,0
2022-02-09 12:44:00,440,440,442,442,0
2022-02-09 12:45:00,440,440,442,442,0
2022-02-09 12:46:00,440,440,442,442,0
2022-02-09 12:47:00,440,440,442,442,0
2022-02-09 12:48:00,440,440,442,442,0
2022-02-09 12:49:00,440,440,442,442,0
2022-02-09 12:50:00,440,440,442,442,0
2022-02-09 12:51:00,440,440,442,442,0
2022-02-09 12:52:00,440,440,442,442,0
2022-02-09 12:53:00,440,440,442,442,0
2022-02-09 12:54:00,440,440,442,442,0
2022-02-09 12:55:00,440,440,442,442,0
2022-02-09 12:56:00,440,440,442,442,0
2022-02-09 12:57:00,440,440,442,442,0
2022-02-09 12:58:00,440,440,442,442,0
2022-02-09 12:59:00,440,440,442,442,0
2022-02-09 13:00:00,440,440,442,442,0
2022-02-09 13:01:00,440,440,442,442,0
2022-02-09 13:02:00,440,440,442,442,0
2022-02-09 13:03:00,440,440,442,442,0
2022-02-09 13:04:00,440,440,442,442,0
2022-02-09 13:05:00,440,440,442,442,0
2022-02-09 13:06:00,440,440,442,442,0
2022-02-09 13:07:00,440,440,442,442,0
2022-02-09 13:08:00,440,440,442,442,0
2022-02-09 13:09:00,440,440,442,442,0
2022-02-09 13:10:00,440,440,442,442,0
2022-02-09 13:11:00,440,440,442,442,0
2022-02-09 13:12:00,440,440,442,442,0
2022-02-09 13:13:00,440,440,442,442,0
2022-02-09 13:14:00,440,440,442,442,0
2022-02-09 13:15:00,440,440,442,442,0
2022-02-09 13:16:00,440,440,442,442,0
2022-02-09 13:17:00,440,440,442,442,0
2022-02-09 13:18:00,440,440,442,442,0
2022-02-09 13:19:00,440,440,442,442,0
2022-02-09 13:20:00,440,440,442,442,0
2022-02-09 13:21:00,440,440,442,442,0
2022-02-09 13:22:00,440,440,442,442,0
2022-02-09 13:23:00,440,440,442,442,0
2022-02-09 13:24:00,440,440,442,442,0
2022-02-09 13:25:00,440,440,442,442,0
2022-02-09 13:26:00,440,440,442,442,0
2022-02-09 13:27:00,440,440,442,442,0
2022-02-09 13:28:00,440,440,442,442,0
2022-02-09 13:29:00,440,440,442,442,0
2022-02-09 13:30:00,442,442,450,450,56000
2022-02-09 13:31:00,460,460,460,460,7800
2022-02-09 13:32:00,458,452,460,460,44700
2022-02-09 13:33:00,460,460,470,470,26400
2022-02-09 13:34:00,468,450,470,450,46400
2022-02-09 13:35:00,450,448,450,448,4800
2022-02-09 13:36:00,448,440,448,440,56900
2022-02-09 13:37:00,438,436,438,436,8000
2022-02-09 13:38:00,436,436,436,436,2500
2022-02-09 13:39:00,434,434,434,434,17500
2022-02-09 13:40:00,432,432,432,432,9000
2022-02-09 13:41:00,434,434,444,444,10200
2022-02-09 13:42:00,434,434,444,444,0
2022-02-09 13:43:00,434,434,444,444,0
2022-02-09 13:44:00,442,442,442,442,2500
2022-02-09 13:45:00,442,442,442,442,200
2022-02-09 13:46:00,442,442,442,442,0
2022-02-09 13:47:00,442,442,442,442,0
2022-02-09 13:48:00,442,442,442,442,0
2022-02-09 13:49:00,442,442,444,444,2900
2022-02-09 13:50:00,444,442,444,442,15000
2022-02-09 13:51:00,446,446,450,448,10600
2022-02-09 13:52:00,448,448,450,450,13500
2022-02-09 13:53:00,450,450,450,450,40000
2022-02-09 13:54:00,448,448,448,448,10500
2022-02-09 13:55:00,448,448,448,448,0
2022-02-09 13:56:00,448,448,450,450,66200
2022-02-09 13:57:00,448,448,450,450,0
2022-02-09 13:58:00,450,450,450,450,700
2022-02-09 13:59:00,450,448,450,450,16400
2022-02-09 14:00:00,448,448,448,448,3200
2022-02-09 14:01:00,448,448,448,448,100
2022-02-09 14:02:00,448,448,448,448,0
2022-02-09 14:03:00,448,448,448,448,0
2022-02-09 14:04:00,446,446,446,446,4200
2022-02-09 14:05:00,446,446,446,446,0
2022-02-09 14:06:00,446,446,446,446,2900
2022-02-09 14:07:00,448,446,450,446,8900
2022-02-09 14:08:00,448,448,450,450,1000
2022-02-09 14:09:00,448,448,450,450,0
2022-02-09 14:10:00,448,448,450,450,0
2022-02-09 14:11:00,448,448,450,450,0
2022-02-09 14:12:00,448,448,450,450,0
2022-02-09 14:13:00,448,448,448,448,1400
2022-02-09 14:14:00,448,448,448,448,3600
2022-02-09 14:15:00,448,448,448,448,0
2022-02-09 14:16:00,448,448,448,448,0
2022-02-09 14:17:00,448,448,448,448,1300
2022-02-09 14:18:00,448,448,450,448,5800
2022-02-09 14:19:00,448,448,450,448,0
2022-02-09 14:20:00,450,450,450,450,1300
2022-02-09 14:21:00,450,450,450,450,0
2022-02-09 14:22:00,450,450,450,450,2300
2022-02-09 14:23:00,450,450,450,450,0
2022-02-09 14:24:00,448,448,448,448,2100
2022-02-09 14:25:00,448,448,448,448,0
2022-02-09 14:26:00,448,448,448,448,14800
2022-02-09 14:27:00,448,448,448,448,6200
2022-02-09 14:28:00,450,450,450,450,2200
2022-02-09 14:29:00,448,448,448,448,2700
2022-02-09 14:30:00,448,448,448,448,0
2022-02-09 14:31:00,448,448,448,448,0
2022-02-09 14:32:00,448,448,448,448,0
2022-02-09 14:33:00,446,446,446,446,2200
2022-02-09 14:34:00,446,446,446,446,0
2022-02-09 14:35:00,444,442,444,442,15800
2022-02-09 14:36:00,444,444,446,446,1200
2022-02-09 14:37:00,446,446,448,448,5000
2022-02-09 14:38:00,448,446,450,446,11200
2022-02-09 14:39:00,448,446,450,446,0
2022-02-09 14:40:00,450,448,450,448,2900
2022-02-09 14:41:00,450,448,450,448,0
2022-02-09 14:42:00,448,448,450,450,20800
2022-02-09 14:43:00,450,450,450,450,2700
2022-02-09 14:44:00,450,450,450,450,0
2022-02-09 14:45:00,450,450,450,450,100
2022-02-09 14:46:00,450,450,450,450,1600
2022-02-09 14:47:00,450,450,450,450,0
2022-02-09 14:48:00,448,448,448,448,5600
2022-02-09 14:49:00,450,448,450,448,7300
2022-02-09 14:50:00,450,448,450,448,0
2022-02-09 14:51:00,450,448,450,448,0
2022-02-09 14:52:00,450,448,450,448,0
2022-02-09 14:53:00,450,448,450,448,0
2022-02-09 14:54:00,450,448,450,448,0
2022-02-09 14:55:00,450,448,450,448,0
2022-02-09 14:56:00,450,448,450,448,0
2022-02-09 14:57:00,450,448,450,448,0
2022-02-09 14:58:00,450,448,450,448,0
2022-02-09 14:59:00,450,448,450,448,0
2022-02-09 15:00:00,450,450,450,450,64700
2022-02-09 15:01:00,450,450,450,450,11100
2022-02-09 15:02:00,450,450,450,450,0
2022-02-09 15:03:00,450,450,450,450,300
2022-02-09 15:04:00,450,450,450,450,0
2022-02-09 15:05:00,450,450,450,450,4200
2022-02-09 15:06:00,450,450,450,450,100
2022-02-09 15:07:00,450,450,450,450,0
2022-02-09 15:08:00,450,450,450,450,2000
2022-02-09 15:09:00,450,450,450,450,1100
2022-02-09 15:10:00,450,450,450,450,0
2022-02-09 15:11:00,450,450,450,450,0
2022-02-09 15:12:00,450,450,450,450,2000
2022-02-09 15:13:00,450,450,450,450,0
2022-02-09 15:14:00,450,450,450,450,0
2022-02-09 15:15:00,450,450,450,450,0
2022-02-09 15:16:00,450,450,450,450,0
2022-02-09 15:17:00,450,450,450,450,0
2022-02-09 15:18:00,450,450,450,450,0
2022-02-09 15:19:00,450,450,450,450,0
2022-02-09 15:20:00,450,450,450,450,0
2022-02-09 15:21:00,450,450,450,450,0
2022-02-09 15:22:00,450,450,450,450,0
2022-02-09 15:23:00,450,450,450,450,0
2022-02-09 15:24:00,450,450,450,450,0
2022-02-09 15:25:00,450,450,450,450,0
2022-02-09 15:26:00,450,450,450,450,0
2022-02-09 15:27:00,450,450,450,450,0
2022-02-09 15:28:00,450,450,450,450,0
2022-02-09 15:29:00,450,450,450,450,0
2022-02-09 15:30:00,450,450,450,450,0
2022-02-09 15:31:00,450,450,450,450,0
2022-02-09 15:32:00,450,450,450,450,0
2022-02-09 15:33:00,450,450,450,450,0
2022-02-09 15:34:00,450,450,450,450,0
2022-02-09 15:35:00,450,450,450,450,0
2022-02-09 15:36:00,450,450,450,450,0
2022-02-09 15:37:00,450,450,450,450,0
2022-02-09 15:38:00,450,450,450,450,0
2022-02-09 15:39:00,450,450,450,450,0
2022-02-09 15:40:00,450,450,450,450,0
2022-02-09 15:41:00,450,450,450,450,0
2022-02-09 15:42:00,450,450,450,450,0
2022-02-09 15:43:00,450,450,450,450,0
2022-02-09 15:44:00,450,450,450,450,0
2022-02-09 15:45:00,450,450,450,450,0
2022-02-09 15:46:00,450,450,450,450,0
2022-02-09 15:47:00,450,450,450,450,0
2022-02-09 15:48:00,450,450,450,450,0
2022-02-09 15:49:00,450,450,450,450,0
2022-02-09 15:50:00,450,450,450,450,0
2022-02-09 15:51:00,450,450,450,450,0
2022-02-09 15:52:00,450,450,450,450,0
2022-02-09 15:53:00,450,450,450,450,0
2022-02-09 15:54:00,450,450,450,450,0
2022-02-09 15:55:00,450,450,450,450,0
2022-02-09 15:56:00,450,450,450,450,0
2022-02-09 15:57:00,450,450,450,450,0
2022-02-09 15:58:00,450,450,450,450,0
2022-02-09 15:59:00,450,450,450,450,0
2022-02-10 09:00:00,450,450,450,450,0
2022-02-10 09:01:00,450,450,450,450,200
2022-02-10 09:02:00,450,450,450,450,800
2022-02-10 09:03:00,450,450,460,460,6000
2022-02-10 09:04:00,460,460,476,476,5900
2022-02-10 09:05:00,476,476,476,476,7500
2022-02-10 09:06:00,476,474,476,474,4500
2022-02-10 09:07:00,476,468,476,468,10600
2022-02-10 09:08:00,470,460,470,470,9000
2022-02-10 09:09:00,460,450,460,450,8000
2022-02-10 09:10:00,460,426,460,426,4100
2022-02-10 09:11:00,426,420,426,426,20700
2022-02-10 09:12:00,426,426,426,426,3300
2022-02-10 09:13:00,426,420,426,420,86000
2022-02-10 09:14:00,420,420,422,420,13200
2022-02-10 09:15:00,422,422,442,442,900
2022-02-10 09:16:00,442,442,442,442,2400
2022-02-10 09:17:00,424,420,424,420,20500
2022-02-10 09:18:00,420,420,420,420,4000
2022-02-10 09:19:00,432,430,436,436,5500
2022-02-10 09:20:00,436,436,436,436,100
2022-02-10 09:21:00,432,432,432,432,300
2022-02-10 09:22:00,424,424,424,424,5000
2022-02-10 09:23:00,424,424,424,424,800
2022-02-10 09:24:00,424,424,424,424,4300
2022-02-10 09:25:00,422,422,422,422,500
2022-02-10 09:26:00,422,420,422,420,50000
2022-02-10 09:27:00,420,420,420,420,1000
2022-02-10 09:28:00,420,420,420,420,25100
2022-02-10 09:29:00,420,420,420,420,1000
2022-02-10 09:30:00,420,420,420,420,0
2022-02-10 09:31:00,420,420,420,420,0
2022-02-10 09:32:00,420,420,420,420,0
2022-02-10 09:33:00,420,420,420,420,0
2022-02-10 09:34:00,420,420,420,420,10800
2022-02-10 09:35:00,420,420,420,420,0
2022-02-10 09:36:00,420,420,420,420,1000
2022-02-10 09:37:00,420,420,420,420,100
2022-02-10 09:38:00,420,420,420,420,8500
2022-02-10 09:39:00,420,420,420,420,0
2022-02-10 09:40:00,420,420,420,420,200
2022-02-10 09:41:00,420,420,420,420,0
2022-02-10 09:42:00,420,420,420,420,100
2022-02-10 09:43:00,420,420,420,420,400
2022-02-10 09:44:00,420,420,420,420,200
2022-02-10 09:45:00,420,420,420,420,11400
2022-02-10 09:46:00,420,420,420,420,8000
2022-02-10 09:47:00,420,420,420,420,0
2022-02-10 09:48:00,420,420,420,420,0
2022-02-10 09:49:00,420,420,420,420,3300
2022-02-10 09:50:00,420,420,420,420,0
2022-02-10 09:51:00,420,420,420,420,0
2022-02-10 09:52:00,420,420,420,420,500
2022-02-10 09:53:00,420,420,420,420,0
2022-02-10 09:54:00,420,420,420,420,0
2022-02-10 09:55:00,420,420,420,420,0
2022-02-10 09:56:00,420,420,420,420,0
2022-02-10 09:57:00,420,420,420,420,0
2022-02-10 09:58:00,420,420,420,420,0
2022-02-10 09:59:00,420,420,420,420,0
2022-02-10 10:00:00,420,420,420,420,0
2022-02-10 10:01:00,420,420,420,420,700
2022-02-10 10:02:00,420,420,420,420,600
2022-02-10 10:03:00,420,420,420,420,0
2022-02-10 10:04:00,420,420,420,420,0
2022-02-10 10:05:00,422,422,422,422,1000
2022-02-10 10:06:00,422,422,422,422,0
2022-02-10 10:07:00,422,422,422,422,0
2022-02-10 10:08:00,422,422,422,422,100
2022-02-10 10:09:00,422,422,422,422,0
2022-02-10 10:10:00,422,422,422,422,0
2022-02-10 10:11:00,420,420,420,420,4400
2022-02-10 10:12:00,420,420,420,420,5700
2022-02-10 10:13:00,420,420,420,420,0
2022-02-10 10:14:00,420,420,420,420,0
2022-02-10 10:15:00,420,420,420,420,0
2022-02-10 10:16:00,420,420,420,420,12900
2022-02-10 10:17:00,420,420,420,420,0
2022-02-10 10:18:00,420,420,420,420,0
2022-02-10 10:19:00,420,420,420,420,0
2022-02-10 10:20:00,420,420,420,420,0
2022-02-10 10:21:00,420,420,420,420,0
2022-02-10 10:22:00,420,420,420,420,0
2022-02-10 10:23:00,420,420,420,420,0
2022-02-10 10:24:00,420,420,420,420,0
2022-02-10 10:25:00,420,420,420,420,0
2022-02-10 10:26:00,420,420,420,420,0
2022-02-10 10:27:00,420,420,420,420,2200
2022-02-10 10:28:00,420,420,420,420,100
2022-02-10 10:29:00,420,420,420,420,0
2022-02-10 10:30:00,422,422,422,422,300
2022-02-10 10:31:00,422,422,422,422,0
2022-02-10 10:32:00,422,422,422,422,0
2022-02-10 10:33:00,422,422,422,422,0
2022-02-10 10:34:00,422,422,422,422,0
2022-02-10 10:35:00,422,422,422,422,0
2022-02-10 10:36:00,420,420,420,420,2200
2022-02-10 10:37:00,420,420,420,420,0
2022-02-10 10:38:00,420,420,420,420,0
2022-02-10 10:39:00,420,420,420,420,0
2022-02-10 10:40:00,420,420,420,420,0
2022-02-10 10:41:00,420,420,420,420,0
2022-02-10 10:42:00,420,420,420,420,0
2022-02-10 10:43:00,420,420,420,420,0
2022-02-10 10:44:00,420,420,420,420,0
2022-02-10 10:45:00,420,420,420,420,0
2022-02-10 10:46:00,420,420,420,420,0
2022-02-10 10:47:00,420,420,420,420,0
2022-02-10 10:48:00,420,420,420,420,0
2022-02-10 10:49:00,420,420,420,420,0
2022-02-10 10:50:00,420,420,420,420,0
2022-02-10 10:51:00,420,420,420,420,0
2022-02-10 10:52:00,420,420,420,420,0
2022-02-10 10:53:00,420,420,420,420,0
2022-02-10 10:54:00,420,420,420,420,0
2022-02-10 10:55:00,420,420,420,420,0
2022-02-10 10:56:00,420,420,420,420,0
2022-02-10 10:57:00,420,420,420,420,0
2022-02-10 10:58:00,420,420,420,420,0
2022-02-10 10:59:00,420,420,420,420,0
2022-02-10 11:00:00,420,420,420,420,0
2022-02-10 11:01:00,420,420,420,420,0
2022-02-10 11:02:00,420,420,420,420,0
2022-02-10 11:03:00,420,420,420,420,0
2022-02-10 11:04:00,420,420,420,420,0
2022-02-10 11:05:00,420,420,420,420,200
2022-02-10 11:06:00,420,420,420,420,0
2022-02-10 11:07:00,420,420,420,420,0
2022-02-10 11:08:00,420,420,420,420,0
2022-02-10 11:09:00,420,420,420,420,0
2022-02-10 11:10:00,420,420,420,420,0
2022-02-10 11:11:00,420,420,420,420,0
2022-02-10 11:12:00,420,420,420,420,0
2022-02-10 11:13:00,420,420,420,420,0
2022-02-10 11:14:00,420,420,420,420,0
2022-02-10 11:15:00,420,420,420,420,0
2022-02-10 11:16:00,420,420,420,420,0
2022-02-10 11:17:00,420,420,420,420,0
2022-02-10 11:18:00,420,420,420,420,0
2022-02-10 11:19:00,420,420,420,420,0
2022-02-10 11:20:00,420,420,420,420,0
2022-02-10 11:21:00,420,420,420,420,0
2022-02-10 11:22:00,420,420,420,420,0
2022-02-10 11:23:00,420,420,420,420,100
2022-02-10 11:24:00,420,420,420,420,0
2022-02-10 11:25:00,420,420,420,420,0
2022-02-10 11:26:00,420,420,420,420,400
2022-02-10 11:27:00,420,420,420,420,0
2022-02-10 11:28:00,420,420,420,420,0
2022-02-10 11:29:00,420,420,420,420,0
2022-02-10 11:30:00,420,420,420,420,0
2022-02-10 11:31:00,420,420,420,420,0
2022-02-10 11:32:00,420,420,420,420,0
2022-02-10 11:33:00,420,420,420,420,0
2022-02-10 11:34:00,420,420,420,420,0
2022-02-10 11:35:00,420,420,420,420,0
2022-02-10 11:36:00,420,420,420,420,0
2022-02-10 11:37:00,420,420,420,420,0
2022-02-10 11:38:00,420,420,420,420,0
2022-02-10 11:39:00,420,420,420,420,0
2022-02-10 11:40:00,420,420,420,420,0
2022-02-10 11:41:00,420,420,420,420,0
2022-02-10 11:42:00,420,420,420,420,0
2022-02-10 11:43:00,420,420,420,420,0
2022-02-10 11:44:00,420,420,420,420,0
2022-02-10 11:45:00,420,420,420,420,0
2022-02-10 11:46:00,420,420,420,420,0
2022-02-10 11:47:00,420,420,420,420,0
2022-02-10 11:48:00,420,420,420,420,0
2022-02-10 11:49:00,420,420,420,420,0
2022-02-10 11:50:00,420,420,420,420,0
2022-02-10 11:51:00,420,420,420,420,0
2022-02-10 11:52:00,420,420,420,420,0
2022-02-10 11:53:00,420,420,420,420,0
2022-02-10 11:54:00,420,420,420,420,0
2022-02-10 11:55:00,420,420,420,420,0
2022-02-10 11:56:00,420,420,420,420,0
2022-02-10 11:57:00,420,420,420,420,0
2022-02-10 11:58:00,420,420,420,420,0
2022-02-10 11:59:00,420,420,420,420,0
2022-02-10 12:00:00,420,420,420,420,0
2022-02-10 12:01:00,420,420,420,420,0
2022-02-10 12:02:00,420,420,420,420,0
2022-02-10 12:03:00,420,420,420,420,0
2022-02-10 12:04:00,420,420,420,420,0
2022-02-10 12:05:00,420,420,420,420,0
2022-02-10 12:06:00,420,420,420,420,0
2022-02-10 12:07:00,420,420,420,420,0
2022-02-10 12:08:00,420,420,420,420,0
2022-02-10 12:09:00,420,420,420,420,0
2022-02-10 12:10:00,420,420,420,420,0
2022-02-10 12:11:00,420,420,420,420,0
2022-02-10 12:12:00,420,420,420,420,0
2022-02-10 12:13:00,420,420,420,420,0
2022-02-10 12:14:00,420,420,420,420,0
2022-02-10 12:15:00,420,420,420,420,0
2022-02-10 12:16:00,420,420,420,420,0
2022-02-10 12:17:00,420,420,420,420,0
2022-02-10 12:18:00,420,420,420,420,0
2022-02-10 12:19:00,420,420,420,420,0
2022-02-10 12:20:00,420,420,420,420,0
2022-02-10 12:21:00,420,420,420,420,0
2022-02-10 12:22:00,420,420,420,420,0
2022-02-10 12:23:00,420,420,420,420,0
2022-02-10 12:24:00,420,420,420,420,0
2022-02-10 12:25:00,420,420,420,420,0
2022-02-10 12:26:00,420,420,420,420,0
2022-02-10 12:27:00,420,420,420,420,0
2022-02-10 12:28:00,420,420,420,420,0
2022-02-10 12:29:00,420,420,420,420,0
2022-02-10 12:30:00,420,420,420,420,0
2022-02-10 12:31:00,420,420,420,420,0
2022-02-10 12:32:00,420,420,420,420,0
2022-02-10 12:33:00,420,420,420,420,0
2022-02-10 12:34:00,420,420,420,420,0
2022-02-10 12:35:00,420,420,420,420,0
2022-02-10 12:36:00,420,420,420,420,0
2022-02-10 12:37:00,420,420,420,420,0
2022-02-10 12:38:00,420,420,420,420,0
2022-02-10 12:39:00,420,420,420,420,0
2022-02-10 12:40:00,420,420,420,420,0
2022-02-10 12:41:00,420,420,420,420,0
2022-02-10 12:42:00,420,420,420,420,0
2022-02-10 12:43:00,420,420,420,420,0
2022-02-10 12:44:00,420,420,420,420,0
2022-02-10 12:45:00,420,420,420,420,0
2022-02-10 12:46:00,420,420,420,420,0
2022-02-10 12:47:00,420,420,420,420,0
2022-02-10 12:48:00,420,420,420,420,0
2022-02-10 12:49:00,420,420,420,420,0
2022-02-10 12:50:00,420,420,420,420,0
2022-02-10 12:51:00,420,420,420,420,0
2022-02-10 12:52:00,420,420,420,420,0
2022-02-10 12:53:00,420,420,420,420,0
2022-02-10 12:54:00,420,420,420,420,0
2022-02-10 12:55:00,420,420,420,420,0
2022-02-10 12:56:00,420,420,420,420,0
2022-02-10 12:57:00,420,420,420,420,0
2022-02-10 12:58:00,420,420,420,420,0
2022-02-10 12:59:00,420,420,420,420,0
2022-02-10 13:00:00,420,420,420,420,0
2022-02-10 13:01:00,420,420,420,420,0
2022-02-10 13:02:00,420,420,420,420,0
2022-02-10 13:03:00,420,420,420,420,0
2022-02-10 13:04:00,420,420,420,420,0
2022-02-10 13:05:00,420,420,420,420,0
2022-02-10 13:06:00,420,420,420,420,0
2022-02-10 13:07:00,420,420,420,420,0
2022-02-10 13:08:00,420,420,420,420,0
2022-02-10 13:09:00,420,420,420,420,0
2022-02-10 13:10:00,420,420,420,420,0
2022-02-10 13:11:00,420,420,420,420,0
2022-02-10 13:12:00,420,420,420,420,0
2022-02-10 13:13:00,420,420,420,420,0
2022-02-10 13:14:00,420,420,420,420,0
2022-02-10 13:15:00,420,420,420,420,0
2022-02-10 13:16:00,420,420,420,420,0
2022-02-10 13:17:00,420,420,420,420,0
2022-02-10 13:18:00,420,420,420,420,0
2022-02-10 13:19:00,420,420,420,420,0
2022-02-10 13:20:00,420,420,420,420,0
2022-02-10 13:21:00,420,420,420,420,0
2022-02-10 13:22:00,420,420,420,420,0
2022-02-10 13:23:00,420,420,420,420,0
2022-02-10 13:24:00,420,420,420,420,0
2022-02-10 13:25:00,420,420,420,420,0
2022-02-10 13:26:00,420,420,420,420,0
2022-02-10 13:27:00,420,420,420,420,0
2022-02-10 13:28:00,420,420,420,420,0
2022-02-10 13:29:00,420,420,420,420,0
2022-02-10 13:30:00,420,420,420,420,0
2022-02-10 13:31:00,420,420,420,420,0
2022-02-10 13:32:00,420,420,420,420,200
2022-02-10 13:33:00,420,420,420,420,0
2022-02-10 13:34:00,420,420,420,420,0
2022-02-10 13:35:00,420,420,420,420,200
2022-02-10 13:36:00,420,420,420,420,0
2022-02-10 13:37:00,420,420,420,420,0
2022-02-10 13:38:00,420,420,420,420,0
2022-02-10 13:39:00,420,420,420,420,0
2022-02-10 13:40:00,420,420,420,420,0
2022-02-10 13:41:00,420,420,420,420,0
2022-02-10 13:42:00,420,420,420,420,0
2022-02-10 13:43:00,420,420,420,420,0
2022-02-10 13:44:00,420,420,420,420,0
2022-02-10 13:45:00,420,420,420,420,0
2022-02-10 13:46:00,420,420,420,420,0
2022-02-10 13:47:00,420,420,420,420,0
2022-02-10 13:48:00,420,420,420,420,0
2022-02-10 13:49:00,420,420,420,420,0
2022-02-10 13:50:00,420,420,420,420,0
2022-02-10 13:51:00,420,420,420,420,0
2022-02-10 13:52:00,420,420,420,420,0
2022-02-10 13:53:00,420,420,420,420,0
2022-02-10 13:54:00,420,420,420,420,5000
2022-02-10 13:55:00,420,420,420,420,0
2022-02-10 13:56:00,420,420,420,420,0
2022-02-10 13:57:00,420,420,420,420,0
2022-02-10 13:58:00,420,420,420,420,0
2022-02-10 13:59:00,420,420,420,420,0
2022-02-10 14:00:00,420,420,420,420,0
2022-02-10 14:01:00,420,420,420,420,0
2022-02-10 14:02:00,420,420,420,420,0
2022-02-10 14:03:00,420,420,422,422,6700
2022-02-10 14:04:00,424,424,432,432,19300
2022-02-10 14:05:00,436,436,436,436,1300
2022-02-10 14:06:00,434,434,434,434,2200
2022-02-10 14:07:00,436,436,442,440,15800
2022-02-10 14:08:00,442,440,444,440,13500
2022-02-10 14:09:00,440,440,440,440,8500
2022-02-10 14:10:00,440,430,446,446,15200
2022-02-10 14:11:00,444,444,444,444,500
2022-02-10 14:12:00,444,444,444,444,2500
2022-02-10 14:13:00,444,444,444,444,600
2022-02-10 14:14:00,444,444,444,444,1500
2022-02-10 14:15:00,444,444,444,444,0
2022-02-10 14:16:00,432,430,432,430,3200
2022-02-10 14:17:00,432,430,432,430,0
2022-02-10 14:18:00,432,430,432,430,0
2022-02-10 14:19:00,430,430,430,430,400
2022-02-10 14:20:00,430,420,430,420,35500
2022-02-10 14:21:00,420,420,420,420,400
2022-02-10 14:22:00,420,420,420,420,10400
2022-02-10 14:23:00,420,420,420,420,0
2022-02-10 14:24:00,420,420,420,420,0
2022-02-10 14:25:00,420,420,420,420,0
2022-02-10 14:26:00,420,420,420,420,0
2022-02-10 14:27:00,420,420,420,420,0
2022-02-10 14:28:00,420,420,420,420,0
2022-02-10 14:29:00,420,420,420,420,100
2022-02-10 14:30:00,420,420,420,420,4400
2022-02-10 14:31:00,420,420,420,420,700
2022-02-10 14:32:00,420,420,420,420,4600
2022-02-10 14:33:00,420,420,420,420,0
2022-02-10 14:34:00,420,420,420,420,0
2022-02-10 14:35:00,420,420,420,420,0
2022-02-10 14:36:00,420,420,420,420,0
2022-02-10 14:37:00,420,420,420,420,0
2022-02-10 14:38:00,420,420,420,420,0
2022-02-10 14:39:00,420,420,420,420,0
2022-02-10 14:40:00,420,420,420,420,0
2022-02-10 14:41:00,420,420,420,420,0
2022-02-10 14:42:00,420,420,420,420,0
2022-02-10 14:43:00,420,420,420,420,0
2022-02-10 14:44:00,420,420,420,420,0
2022-02-10 14:45:00,420,420,420,420,0
2022-02-10 14:46:00,420,420,420,420,1600
2022-02-10 14:47:00,420,420,420,420,0
2022-02-10 14:48:00,420,420,420,420,0
2022-02-10 14:49:00,420,420,420,420,0
2022-02-10 14:50:00,420,420,420,420,0
2022-02-10 14:51:00,420,420,420,420,0
2022-02-10 14:52:00,420,420,420,420,0
2022-02-10 14:53:00,420,420,420,420,0
2022-02-10 14:54:00,420,420,420,420,0
2022-02-10 14:55:00,420,420,420,420,0
2022-02-10 14:56:00,420,420,420,420,0
2022-02-10 14:57:00,420,420,420,420,0
2022-02-10 14:58:00,420,420,420,420,0
2022-02-10 14:59:00,420,420,420,420,0
2022-02-10 15:00:00,420,420,420,420,0
2022-02-10 15:01:00,420,420,420,420,0
2022-02-10 15:02:00,420,420,420,420,0
2022-02-10 15:03:00,420,420,420,420,0
2022-02-10 15:04:00,420,420,420,420,0
2022-02-10 15:05:00,420,420,420,420,0
2022-02-10 15:06:00,420,420,420,420,0
2022-02-10 15:07:00,420,420,420,420,0
2022-02-10 15:08:00,420,420,420,420,0
2022-02-10 15:09:00,420,420,420,420,0
2022-02-10 15:10:00,420,420,420,420,0
2022-02-10 15:11:00,420,420,420,420,0
2022-02-10 15:12:00,420,420,420,420,0
2022-02-10 15:13:00,420,420,420,420,0
2022-02-10 15:14:00,420,420,420,420,0
2022-02-10 15:15:00,420,420,420,420,0
2022-02-10 15:16:00,420,420,420,420,0
2022-02-10 15:17:00,420,420,420,420,0
2022-02-10 15:18:00,420,420,420,420,0
2022-02-10 15:19:00,420,420,420,420,0
2022-02-10 15:20:00,420,420,420,420,0
2022-02-10 15:21:00,420,420,420,420,0
2022-02-10 15:22:00,420,420,420,420,0
2022-02-10 15:23:00,420,420,420,420,0
2022-02-10 15:24:00,420,420,420,420,0
2022-02-10 15:25:00,420,420,420,420,0
2022-02-10 15:26:00,420,420,420,420,0
2022-02-10 15:27:00,420,420,420,420,0
2022-02-10 15:28:00,420,420,420,420,0
2022-02-10 15:29:00,420,420,420,420,0
2022-02-10 15:30:00,420,420,420,420,0
2022-02-10 15:31:00,420,420,420,420,0
2022-02-10 15:32:00,420,420,420,420,0
2022-02-10 15:33:00,420,420,420,420,0
2022-02-10 15:34:00,420,420,420,420,0
2022-02-10 15:35:00,420,420,420,420,0
2022-02-10 15:36:00,420,420,420,420,0
2022-02-10 15:37:00,420,420,420,420,0
2022-02-10 15:38:00,420,420,420,420,0
2022-02-10 15:39:00,420,420,420,420,0
2022-02-10 15:40:00,420,420,420,420,0
2022-02-10 15:41:00,420,420,420,420,0
2022-02-10 15:42:00,420,420,420,420,0
2022-02-10 15:43:00,420,420,420,420,0
2022-02-10 15:44:00,420,420,420,420,0
2022-02-10 15:45:00,420,420,420,420,0
2022-02-10 15:46:00,420,420,420,420,0
2022-02-10 15:47:00,420,420,420,420,0
2022-02-10 15:48:00,420,420,420,420,0
2022-02-10 15:49:00,420,420,420,420,0
2022-02-10 15:50:00,420,420,420,420,0
2022-02-10 15:51:00,420,420,420,420,0
2022-02-10 15:52:00,420,420,420,420,0
2022-02-10 15:53:00,420,420,420,420,0
2022-02-10 15:54:00,420,420,420,420,0
2022-02-10 15:55:00,420,420,420,420,0
2022-02-10 15:56:00,420,420,420,420,0
2022-02-10 15:57:00,420,420,420,420,0
2022-02-10 15:58:00,420,420,420,420,0
2022-02-10 15:59:00,420,420,420,420,0
2022-02-11 09:00:00,420,420,420,420,0
2022-02-11 09:01:00,420,420,420,420,0
2022-02-11 09:02:00,420,420,420,420,0
2022-02-11 09:03:00,420,420,420,420,0
2022-02-11 09:04:00,420,420,420,420,0
2022-02-11 09:05:00,394,394,394,394,0
2022-02-11 09:06:00,394,394,394,394,300
2022-02-11 09:07:00,394,394,394,394,0
2022-02-11 09:08:00,394,394,394,394,100
2022-02-11 09:09:00,394,394,394,394,0
2022-02-11 09:10:00,396,392,412,392,50100
2022-02-11 09:11:00,394,394,394,394,4000
2022-02-11 09:12:00,394,394,394,394,0
2022-02-11 09:13:00,394,394,394,394,0
2022-02-11 09:14:00,394,394,394,394,0
2022-02-11 09:15:00,394,394,394,394,0
2022-02-11 09:16:00,398,396,398,396,400
2022-02-11 09:17:00,398,396,398,396,400
2022-02-11 09:18:00,398,396,398,396,0
2022-02-11 09:19:00,398,398,398,398,800
2022-02-11 09:20:00,398,398,398,398,10000
2022-02-11 09:21:00,398,398,398,398,0
2022-02-11 09:22:00,398,392,398,392,58800
2022-02-11 09:23:00,392,392,392,392,1200
2022-02-11 09:24:00,392,392,392,392,1500
2022-02-11 09:25:00,392,392,392,392,0
2022-02-11 09:26:00,392,392,392,392,100
2022-02-11 09:27:00,396,396,396,396,1300
2022-02-11 09:28:00,392,392,392,392,1000
2022-02-11 09:29:00,392,392,392,392,0
2022-02-11 09:30:00,392,392,392,392,0
2022-02-11 09:31:00,392,392,392,392,0
2022-02-11 09:32:00,392,392,392,392,0
2022-02-11 09:33:00,392,392,392,392,100
2022-02-11 09:34:00,392,392,392,392,1000
2022-02-11 09:35:00,392,392,392,392,0
2022-02-11 09:36:00,392,392,392,392,0
2022-02-11 09:37:00,392,392,392,392,3000
2022-02-11 09:38:00,392,392,392,392,5600
2022-02-11 09:39:00,392,392,392,392,0
2022-02-11 09:40:00,392,392,392,392,2700
2022-02-11 09:41:00,392,392,392,392,100
2022-02-11 09:42:00,392,392,392,392,0
2022-02-11 09:43:00,392,392,392,392,0
2022-02-11 09:44:00,392,392,392,392,0
2022-02-11 09:45:00,392,392,392,392,0
2022-02-11 09:46:00,392,392,392,392,10000
2022-02-11 09:47:00,392,392,392,392,300
2022-02-11 09:48:00,392,392,392,392,0
2022-02-11 09:49:00,392,392,392,392,0
2022-02-11 09:50:00,392,392,392,392,0
2022-02-11 09:51:00,392,392,392,392,0
2022-02-11 09:52:00,392,392,392,392,0
2022-02-11 09:53:00,392,392,392,392,0
2022-02-11 09:54:00,392,392,392,392,1000
2022-02-11 09:55:00,392,392,392,392,0
2022-02-11 09:56:00,392,392,392,392,0
2022-02-11 09:57:00,392,392,392,392,0
2022-02-11 09:58:00,392,392,392,392,0
2022-02-11 09:59:00,392,392,392,392,1800
2022-02-11 10:00:00,392,392,392,392,10000
2022-02-11 10:01:00,392,392,392,392,0
2022-02-11 10:02:00,392,392,392,392,300
2022-02-11 10:03:00,392,392,392,392,0
2022-02-11 10:04:00,392,392,392,392,200
2022-02-11 10:05:00,392,392,392,392,500
2022-02-11 10:06:00,392,392,392,392,0
2022-02-11 10:07:00,392,392,392,392,0
2022-02-11 10:08:00,392,392,392,392,0
2022-02-11 10:09:00,392,392,392,392,0
2022-02-11 10:10:00,392,392,392,392,0
2022-02-11 10:11:00,392,392,392,392,0
2022-02-11 10:12:00,392,392,392,392,0
2022-02-11 10:13:00,392,392,392,392,0
2022-02-11 10:14:00,392,392,392,392,0
2022-02-11 10:15:00,392,392,392,392,0
2022-02-11 10:16:00,392,392,392,392,1900
2022-02-11 10:17:00,392,392,392,392,0
2022-02-11 10:18:00,392,392,392,392,0
2022-02-11 10:19:00,392,392,392,392,0
2022-02-11 10:20:00,392,392,392,392,100
2022-02-11 10:21:00,392,392,392,392,0
2022-02-11 10:22:00,392,392,392,392,0
2022-02-11 10:23:00,392,392,392,392,0
2022-02-11 10:24:00,392,392,392,392,0
2022-02-11 10:25:00,392,392,392,392,0
2022-02-11 10:26:00,392,392,392,392,0
2022-02-11 10:27:00,392,392,392,392,0
2022-02-11 10:28:00,392,392,392,392,0
2022-02-11 10:29:00,392,392,392,392,0
2022-02-11 10:30:00,392,392,392,392,0
2022-02-11 10:31:00,392,392,392,392,0
2022-02-11 10:32:00,392,392,392,392,0
2022-02-11 10:33:00,392,392,392,392,0
2022-02-11 10:34:00,392,392,392,392,0
2022-02-11 10:35:00,392,392,392,392,0
2022-02-11 10:36:00,392,392,392,392,0
2022-02-11 10:37:00,392,392,392,392,0
2022-02-11 10:38:00,392,392,392,392,0
2022-02-11 10:39:00,392,392,392,392,0
2022-02-11 10:40:00,392,392,392,392,0
2022-02-11 10:41:00,392,392,392,392,0
2022-02-11 10:42:00,392,392,392,392,0
2022-02-11 10:43:00,392,392,392,392,1000
2022-02-11 10:44:00,392,392,392,392,10000
2022-02-11 10:45:00,392,392,392,392,0
2022-02-11 10:46:00,392,392,392,392,0
2022-02-11 10:47:00,392,392,392,392,0
2022-02-11 10:48:00,392,392,392,392,0
2022-02-11 10:49:00,392,392,392,392,0
2022-02-11 10:50:00,392,392,392,392,0
2022-02-11 10:51:00,392,392,392,392,0
2022-02-11 10:52:00,392,392,392,392,100
2022-02-11 10:53:00,392,392,392,392,0
2022-02-11 10:54:00,392,392,392,392,0
2022-02-11 10:55:00,392,392,392,392,0
2022-02-11 10:56:00,392,392,392,392,0
2022-02-11 10:57:00,392,392,392,392,0
2022-02-11 10:58:00,392,392,392,392,1200
2022-02-11 10:59:00,392,392,392,392,0
2022-02-11 11:00:00,392,392,392,392,0
2022-02-11 11:01:00,392,392,392,392,0
2022-02-11 11:02:00,392,392,392,392,0
2022-02-11 11:03:00,392,392,392,392,0
2022-02-11 11:04:00,392,392,392,392,0
2022-02-11 11:05:00,392,392,392,392,0
2022-02-11 11:06:00,392,392,392,392,0
2022-02-11 11:07:00,392,392,392,392,0
2022-02-11 11:08:00,392,392,392,392,0
2022-02-11 11:09:00,392,392,392,392,0
2022-02-11 11:10:00,392,392,392,392,0
2022-02-11 11:11:00,392,392,392,392,800
2022-02-11 11:12:00,392,392,392,392,0
2022-02-11 11:13:00,392,392,392,392,0
2022-02-11 11:14:00,392,392,392,392,0
2022-02-11 11:15:00,392,392,392,392,0
2022-02-11 11:16:00,392,392,392,392,0
2022-02-11 11:17:00,392,392,392,392,0
2022-02-11 11:18:00,392,392,392,392,10000
2022-02-11 11:19:00,392,392,392,392,0
2022-02-11 11:20:00,392,392,392,392,0
2022-02-11 11:21:00,392,392,392,392,0
2022-02-11 11:22:00,392,392,392,392,0
2022-02-11 11:23:00,392,392,392,392,0
2022-02-11 11:24:00,392,392,392,392,0
2022-02-11 11:25:00,392,392,392,392,0
2022-02-11 11:26:00,392,392,392,392,5000
2022-02-11 11:27:00,392,392,392,392,0
2022-02-11 11:28:00,392,392,392,392,0
2022-02-11 11:29:00,392,392,392,392,0
2022-02-11 11:30:00,392,392,392,392,0
2022-02-11 11:31:00,392,392,392,392,0
2022-02-11 11:32:00,392,392,392,392,0
2022-02-11 11:33:00,392,392,392,392,0
2022-02-11 11:34:00,392,392,392,392,0
2022-02-11 11:35:00,392,392,392,392,0
2022-02-11 11:36:00,392,392,392,392,0
2022-02-11 11:37:00,392,392,392,392,0
2022-02-11 11:38:00,392,392,392,392,0
2022-02-11 11:39:00,392,392,392,392,0
2022-02-11 11:40:00,392,392,392,392,0
2022-02-11 11:41:00,392,392,392,392,0
2022-02-11 11:42:00,392,392,392,392,0
2022-02-11 11:43:00,392,392,392,392,0
2022-02-11 11:44:00,392,392,392,392,0
2022-02-11 11:45:00,392,392,392,392,0
2022-02-11 11:46:00,392,392,392,392,0
2022-02-11 11:47:00,392,392,392,392,0
2022-02-11 11:48:00,392,392,392,392,0
2022-02-11 11:49:00,392,392,392,392,0
2022-02-11 11:50:00,392,392,392,392,0
2022-02-11 11:51:00,392,392,392,392,0
2022-02-11 11:52:00,392,392,392,392,0
2022-02-11 11:53:00,392,392,392,392,0
2022-02-11 11:54:00,392,392,392,392,0
2022-02-11 11:55:00,392,392,392,392,0
2022-02-11 11:56:00,392,392,392,392,0
2022-02-11 11:57:00,392,392,392,392,0
2022-02-11 11:58:00,392,392,392,392,0
2022-02-11 11:59:00,392,392,392,392,0
2022-02-11 12:00:00,392,392,392,392,0
2022-02-11 12:01:00,392,392,392,392,0
2022-02-11 12:02:00,392,392,392,392,0
2022-02-11 12:03:00,392,392,392,392,0
2022-02-11 12:04:00,392,392,392,392,0
2022-02-11 12:05:00,392,392,392,392,0
2022-02-11 12:06:00,392,392,392,392,0
2022-02-11 12:07:00,392,392,392,392,0
2022-02-11 12:08:00,392,392,392,392,0
2022-02-11 12:09:00,392,392,392,392,0
2022-02-11 12:10:00,392,392,392,392,0
2022-02-11 12:11:00,392,392,392,392,0
2022-02-11 12:12:00,392,392,392,392,0
2022-02-11 12:13:00,392,392,392,392,0
2022-02-11 12:14:00,392,392,392,392,0
2022-02-11 12:15:00,392,392,392,392,0
2022-02-11 12:16:00,392,392,392,392,0
2022-02-11 12:17:00,392,392,392,392,0
2022-02-11 12:18:00,392,392,392,392,0
2022-02-11 12:19:00,392,392,392,392,0
2022-02-11 12:20:00,392,392,392,392,0
2022-02-11 12:21:00,392,392,392,392,0
2022-02-11 12:22:00,392,392,392,392,0
2022-02-11 12:23:00,392,392,392,392,0
2022-02-11 12:24:00,392,392,392,392,0
2022-02-11 12:25:00,392,392,392,392,0
2022-02-11 12:26:00,392,392,392,392,0
2022-02-11 12:27:00,392,392,392,392,0
2022-02-11 12:28:00,392,392,392,392,0
2022-02-11 12:29:00,392,392,392,392,0
2022-02-11 12:30:00,392,392,392,392,0
2022-02-11 12:31:00,392,392,392,392,0
2022-02-11 12:32:00,392,392,392,392,0
2022-02-11 12:33:00,392,392,392,392,0
2022-02-11 12:34:00,392,392,392,392,0
2022-02-11 12:35:00,392,392,392,392,0
2022-02-11 12:36:00,392,392,392,392,0
2022-02-11 12:37:00,392,392,392,392,0
2022-02-11 12:38:00,392,392,392,392,0
2022-02-11 12:39:00,392,392,392,392,0
2022-02-11 12:40:00,392,392,392,392,0
2022-02-11 12:41:00,392,392,392,392,0
2022-02-11 12:42:00,392,392,392,392,0
2022-02-11 12:43:00,392,392,392,392,0
2022-02-11 12:44:00,392,392,392,392,0
2022-02-11 12:45:00,392,392,392,392,0
2022-02-11 12:46:00,392,392,392,392,0
2022-02-11 12:47:00,392,392,392,392,0
2022-02-11 12:48:00,392,392,392,392,0
2022-02-11 12:49:00,392,392,392,392,0
2022-02-11 12:50:00,392,392,392,392,0
2022-02-11 12:51:00,392,392,392,392,0
2022-02-11 12:52:00,392,392,392,392,0
2022-02-11 12:53:00,392,392,392,392,0
2022-02-11 12:54:00,392,392,392,392,0
2022-02-11 12:55:00,392,392,392,392,0
2022-02-11 12:56:00,392,392,392,392,0
2022-02-11 12:57:00,392,392,392,392,0
2022-02-11 12:58:00,392,392,392,392,0
2022-02-11 12:59:00,392,392,392,392,0
2022-02-11 13:00:00,392,392,392,392,0
2022-02-11 13:01:00,392,392,392,392,0
2022-02-11 13:02:00,392,392,392,392,0
2022-02-11 13:03:00,392,392,392,392,0
2022-02-11 13:04:00,392,392,392,392,0
2022-02-11 13:05:00,392,392,392,392,0
2022-02-11 13:06:00,392,392,392,392,0
2022-02-11 13:07:00,392,392,392,392,0
2022-02-11 13:08:00,392,392,392,392,0
2022-02-11 13:09:00,392,392,392,392,0
2022-02-11 13:10:00,392,392,392,392,0
2022-02-11 13:11:00,392,392,392,392,0
2022-02-11 13:12:00,392,392,392,392,0
2022-02-11 13:13:00,392,392,392,392,0
2022-02-11 13:14:00,392,392,392,392,0
2022-02-11 13:15:00,392,392,392,392,0
2022-02-11 13:16:00,392,392,392,392,0
2022-02-11 13:17:00,392,392,392,392,0
2022-02-11 13:18:00,392,392,392,392,0
2022-02-11 13:19:00,392,392,392,392,0
2022-02-11 13:20:00,392,392,392,392,0
2022-02-11 13:21:00,392,392,392,392,0
2022-02-11 13:22:00,392,392,392,392,0
2022-02-11 13:23:00,392,392,392,392,0
2022-02-11 13:24:00,392,392,392,392,0
2022-02-11 13:25:00,392,392,392,392,0
2022-02-11 13:26:00,392,392,392,392,0
2022-02-11 13:27:00,392,392,392,392,0
2022-02-11 13:28:00,392,392,392,392,0
2022-02-11 13:29:00,392,392,392,392,0
2022-02-11 13:30:00,392,392,392,392,2800
2022-02-11 13:31:00,392,392,392,392,0
2022-02-11 13:32:00,392,392,392,392,0
2022-02-11 13:33:00,392,392,392,392,0
2022-02-11 13:34:00,392,392,392,392,0
2022-02-11 13:35:00,392,392,392,392,0
2022-02-11 13:36:00,392,392,392,392,0
2022-02-11 13:37:00,392,392,392,392,0
2022-02-11 13:38:00,392,392,392,392,0
2022-02-11 13:39:00,392,392,392,392,2200
2022-02-11 13:40:00,392,392,392,392,2500
2022-02-11 13:41:00,396,396,396,396,800
2022-02-11 13:42:00,398,392,400,392,2200
2022-02-11 13:43:00,398,392,400,392,0
2022-02-11 13:44:00,398,392,400,392,0
2022-02-11 13:45:00,398,392,400,392,0
2022-02-11 13:46:00,398,392,400,392,0
2022-02-11 13:47:00,398,392,400,392,0
2022-02-11 13:48:00,398,392,400,392,0
2022-02-11 13:49:00,392,392,392,392,100
2022-02-11 13:50:00,392,392,392,392,0
2022-02-11 13:51:00,392,392,392,392,0
2022-02-11 13:52:00,392,392,392,392,0
2022-02-11 13:53:00,392,392,392,392,0
2022-02-11 13:54:00,392,392,392,392,0
2022-02-11 13:55:00,392,392,392,392,0
2022-02-11 13:56:00,392,392,392,392,0
2022-02-11 13:57:00,392,392,392,392,0
2022-02-11 13:58:00,392,392,392,392,0
2022-02-11 13:59:00,392,392,392,392,0
2022-02-11 14:00:00,392,392,392,392,0
2022-02-11 14:01:00,392,392,392,392,0
2022-02-11 14:02:00,392,392,392,392,0
2022-02-11 14:03:00,392,392,392,392,0
2022-02-11 14:04:00,392,392,392,392,0
2022-02-11 14:05:00,392,392,392,392,0
2022-02-11 14:06:00,392,392,392,392,0
2022-02-11 14:07:00,392,392,392,392,0
2022-02-11 14:08:00,392,392,392,392,0
2022-02-11 14:09:00,392,392,392,392,0
2022-02-11 14:10:00,392,392,392,392,0
2022-02-11 14:11:00,392,392,392,392,0
2022-02-11 14:12:00,392,392,392,392,0
2022-02-11 14:13:00,394,394,396,396,1200
2022-02-11 14:14:00,396,396,398,398,1200
2022-02-11 14:15:00,396,396,398,398,0
2022-02-11 14:16:00,398,398,398,398,900
2022-02-11 14:17:00,398,398,398,398,0
2022-02-11 14:18:00,398,398,398,398,0
2022-02-11 14:19:00,398,398,398,398,200
2022-02-11 14:20:00,398,398,398,398,0
2022-02-11 14:21:00,398,398,398,398,0
2022-02-11 14:22:00,398,398,398,398,0
2022-02-11 14:23:00,398,398,398,398,0
2022-02-11 14:24:00,398,398,398,398,0
2022-02-11 14:25:00,398,398,398,398,0
2022-02-11 14:26:00,398,398,398,398,0
2022-02-11 14:27:00,398,398,398,398,0
2022-02-11 14:28:00,398,398,398,398,0
2022-02-11 14:29:00,398,398,398,398,0
2022-02-11 14:30:00,398,398,398,398,0
2022-02-11 14:31:00,398,398,398,398,0
2022-02-11 14:32:00,398,398,398,398,0
2022-02-11 14:33:00,398,398,398,398,0
2022-02-11 14:34:00,398,398,398,398,0
2022-02-11 14:35:00,398,398,398,398,0
2022-02-11 14:36:00,394,394,394,394,1000
2022-02-11 14:37:00,394,394,394,394,0
2022-02-11 14:38:00,394,394,394,394,0
2022-02-11 14:39:00,394,394,394,394,0
2022-02-11 14:40:00,394,394,394,394,0
2022-02-11 14:41:00,394,394,394,394,0
2022-02-11 14:42:00,394,394,394,394,0
2022-02-11 14:43:00,394,394,394,394,0
2022-02-11 14:44:00,394,394,394,394,0
2022-02-11 14:45:00,392,392,392,392,4700
2022-02-11 14:46:00,392,392,392,392,0
2022-02-11 14:47:00,392,392,392,392,0
2022-02-11 14:48:00,392,392,392,392,0
2022-02-11 14:49:00,392,392,392,392,0
2022-02-11 14:50:00,392,392,392,392,0
2022-02-11 14:51:00,392,392,392,392,0
2022-02-11 14:52:00,392,392,392,392,0
2022-02-11 14:53:00,392,392,392,392,0
2022-02-11 14:54:00,392,392,392,392,0
2022-02-11 14:55:00,392,392,392,392,0
2022-02-11 14:56:00,392,392,392,392,0
2022-02-11 14:57:00,392,392,392,392,0
2022-02-11 14:58:00,392,392,392,392,0
2022-02-11 14:59:00,392,392,392,392,0
2022-02-11 15:00:00,392,392,392,392,600
2022-02-11 15:01:00,392,392,392,392,0
2022-02-11 15:02:00,392,392,392,392,0
2022-02-11 15:03:00,392,392,392,392,0
2022-02-11 15:04:00,392,392,392,392,0
2022-02-11 15:05:00,392,392,392,392,0
2022-02-11 15:06:00,392,392,392,392,0
2022-02-11 15:07:00,392,392,392,392,0
2022-02-11 15:08:00,392,392,392,392,0
2022-02-11 15:09:00,392,392,392,392,0
2022-02-11 15:10:00,392,392,392,392,0
2022-02-11 15:11:00,392,392,392,392,0
2022-02-11 15:12:00,392,392,392,392,1500
2022-02-11 15:13:00,392,392,392,392,0
2022-02-11 15:14:00,392,392,392,392,0
2022-02-11 15:15:00,392,392,392,392,0
2022-02-11 15:16:00,392,392,392,392,0
2022-02-11 15:17:00,392,392,392,392,0
2022-02-11 15:18:00,392,392,392,392,0
2022-02-11 15:19:00,392,392,392,392,0
2022-02-11 15:20:00,392,392,392,392,0
2022-02-11 15:21:00,392,392,392,392,0
2022-02-11 15:22:00,392,392,392,392,0
2022-02-11 15:23:00,392,392,392,392,0
2022-02-11 15:24:00,392,392,392,392,0
2022-02-11 15:25:00,392,392,392,392,0
2022-02-11 15:26:00,392,392,392,392,0
2022-02-11 15:27:00,392,392,392,392,0
2022-02-11 15:28:00,392,392,392,392,0
2022-02-11 15:29:00,392,392,392,392,0
2022-02-11 15:30:00,392,392,392,392,0
2022-02-11 15:31:00,392,392,392,392,0
2022-02-11 15:32:00,392,392,392,392,0
2022-02-11 15:33:00,392,392,392,392,0
2022-02-11 15:34:00,392,392,392,392,0
2022-02-11 15:35:00,392,392,392,392,0
2022-02-11 15:36:00,392,392,392,392,0
2022-02-11 15:37:00,392,392,392,392,0
2022-02-11 15:38:00,392,392,392,392,0
2022-02-11 15:39:00,392,392,392,392,0
2022-02-11 15:40:00,392,392,392,392,0
2022-02-11 15:41:00,392,392,392,392,0
2022-02-11 15:42:00,392,392,392,392,0
2022-02-11 15:43:00,392,392,392,392,0
2022-02-11 15:44:00,392,392,392,392,0
2022-02-11 15:45:00,392,392,392,392,0
2022-02-11 15:46:00,392,392,392,392,0
2022-02-11 15:47:00,392,392,392,392,0
2022-02-11 15:48:00,392,392,392,392,0
2022-02-11 15:49:00,392,392,392,392,0
2022-02-11 15:50:00,392,392,392,392,0
2022-02-11 15:51:00,392,392,392,392,0
2022-02-11 15:52:00,392,392,392,392,0
2022-02-11 15:53:00,392,392,392,392,0
2022-02-11 15:54:00,392,392,392,392,0
2022-02-11 15:55:00,392,392,392,392,0
2022-02-11 15:56:00,392,392,392,392,0
2022-02-11 15:57:00,392,392,392,392,0
2022-02-11 15:58:00,392,392,392,392,0
2022-02-11 15:59:00,392,392,392,392,0
2022-02-14 09:00:00,392,392,392,392,0
2022-02-14 09:01:00,392,392,392,392,0
2022-02-14 09:02:00,392,392,392,392,0
2022-02-14 09:03:00,392,392,392,392,0
2022-02-14 09:04:00,392,392,392,392,0
2022-02-14 09:05:00,392,392,392,392,0
2022-02-14 09:06:00,392,392,392,392,0
2022-02-14 09:07:00,382,382,382,382,1000
2022-02-14 09:08:00,368,368,368,368,5000
2022-02-14 09:09:00,368,368,368,368,17000
2022-02-14 09:10:00,368,368,368,368,1000
2022-02-14 09:11:00,368,368,368,368,0
2022-02-14 09:12:00,368,368,368,368,14800
2022-02-14 09:13:00,368,368,368,368,6000
2022-02-14 09:14:00,368,368,368,368,0
2022-02-14 09:15:00,368,368,368,368,0
2022-02-14 09:16:00,368,368,368,368,0
2022-02-14 09:17:00,368,368,368,368,0
2022-02-14 09:18:00,368,368,368,368,0
2022-02-14 09:19:00,368,368,368,368,0
2022-02-14 09:20:00,368,368,368,368,0
2022-02-14 09:21:00,368,368,368,368,0
2022-02-14 09:22:00,370,370,370,370,100
2022-02-14 09:23:00,370,370,370,370,0
2022-02-14 09:24:00,370,370,370,370,0
2022-02-14 09:25:00,370,370,370,370,0
2022-02-14 09:26:00,372,372,372,372,100
2022-02-14 09:27:00,372,372,372,372,0
2022-02-14 09:28:00,372,372,372,372,0
2022-02-14 09:29:00,372,372,372,372,0
2022-02-14 09:30:00,372,372,372,372,0
2022-02-14 09:31:00,372,372,372,372,0
2022-02-14 09:32:00,372,372,372,372,300
2022-02-14 09:33:00,372,372,372,372,0
2022-02-14 09:34:00,372,372,372,372,0
2022-02-14 09:35:00,372,372,372,372,0
2022-02-14 09:36:00,372,372,372,372,600
2022-02-14 09:37:00,372,372,372,372,0
2022-02-14 09:38:00,372,372,372,372,0
2022-02-14 09:39:00,372,372,372,372,2500
2022-02-14 09:40:00,374,374,374,374,300
2022-02-14 09:41:00,374,374,374,374,0
2022-02-14 09:42:00,374,374,374,374,0
2022-02-14 09:43:00,374,374,374,374,0
2022-02-14 09:44:00,374,374,374,374,0
2022-02-14 09:45:00,374,374,374,374,0
2022-02-14 09:46:00,374,374,374,374,0
2022-02-14 09:47:00,374,374,374,374,0
2022-02-14 09:48:00,374,374,374,374,0
2022-02-14 09:49:00,374,374,374,374,0
2022-02-14 09:50:00,374,374,374,374,0
2022-02-14 09:51:00,374,374,374,374,0
2022-02-14 09:52:00,374,374,374,374,0
2022-02-14 09:53:00,374,374,374,374,0
2022-02-14 09:54:00,374,374,374,374,0
2022-02-14 09:55:00,374,374,374,374,0
2022-02-14 09:56:00,374,374,374,374,0
2022-02-14 09:57:00,374,374,374,374,0
2022-02-14 09:58:00,374,374,374,374,0
2022-02-14 09:59:00,374,374,374,374,0
2022-02-14 10:00:00,374,374,374,374,0
2022-02-14 10:01:00,374,374,374,374,0
2022-02-14 10:02:00,374,374,374,374,0
2022-02-14 10:03:00,374,374,374,374,0
2022-02-14 10:04:00,374,374,374,374,0
2022-02-14 10:05:00,374,374,374,374,0
2022-02-14 10:06:00,374,374,374,374,0
2022-02-14 10:07:00,374,374,374,374,0
2022-02-14 10:08:00,374,374,374,374,1000
2022-02-14 10:09:00,374,374,374,374,0
2022-02-14 10:10:00,374,374,374,374,0
2022-02-14 10:11:00,374,374,374,374,0
2022-02-14 10:12:00,374,374,374,374,0
2022-02-14 10:13:00,374,374,374,374,0
2022-02-14 10:14:00,374,374,374,374,0
2022-02-14 10:15:00,374,374,374,374,0
2022-02-14 10:16:00,374,374,374,374,0
2022-02-14 10:17:00,374,374,374,374,0
2022-02-14 10:18:00,372,372,372,372,5000
2022-02-14 10:19:00,372,372,372,372,0
2022-02-14 10:20:00,372,372,372,372,1100
2022-02-14 10:21:00,372,372,372,372,0
2022-02-14 10:22:00,372,372,372,372,0
2022-02-14 10:23:00,372,372,372,372,0
2022-02-14 10:24:00,372,372,372,372,0
2022-02-14 10:25:00,372,372,372,372,0
2022-02-14 10:26:00,372,372,372,372,0
2022-02-14 10:27:00,372,372,372,372,0
2022-02-14 10:28:00,372,372,372,372,0
2022-02-14 10:29:00,372,372,372,372,0
2022-02-14 10:30:00,372,372,372,372,0
2022-02-14 10:31:00,372,372,372,372,0
2022-02-14 10:32:00,372,372,372,372,0
2022-02-14 10:33:00,372,372,372,372,0
2022-02-14 10:34:00,372,372,372,372,0
2022-02-14 10:35:00,372,372,372,372,0
2022-02-14 10:36:00,372,372,372,372,0
2022-02-14 10:37:00,372,372,372,372,0
2022-02-14 10:38:00,374,374,374,374,200
2022-02-14 10:39:00,374,374,374,374,0
2022-02-14 10:40:00,374,374,374,374,0
2022-02-14 10:41:00,374,374,374,374,0
2022-02-14 10:42:00,374,374,374,374,0
2022-02-14 10:43:00,374,374,374,374,0
2022-02-14 10:44:00,372,368,372,368,2600
2022-02-14 10:45:00,372,368,372,368,0
2022-02-14 10:46:00,368,368,368,368,2200
2022-02-14 10:47:00,368,368,368,368,0
2022-02-14 10:48:00,368,368,368,368,0
2022-02-14 10:49:00,368,368,368,368,0
2022-02-14 10:50:00,368,368,368,368,0
2022-02-14 10:51:00,368,368,368,368,0
2022-02-14 10:52:00,368,368,368,368,0
2022-02-14 10:53:00,368,368,368,368,0
2022-02-14 10:54:00,368,368,368,368,0
2022-02-14 10:55:00,368,368,368,368,0
2022-02-14 10:56:00,368,368,368,368,0
2022-02-14 10:57:00,368,368,368,368,0
2022-02-14 10:58:00,368,368,368,368,0
2022-02-14 10:59:00,368,368,368,368,0
2022-02-14 11:00:00,370,370,370,370,200
2022-02-14 11:01:00,370,370,370,370,0
2022-02-14 11:02:00,370,370,370,370,0
2022-02-14 11:03:00,370,370,370,370,0
2022-02-14 11:04:00,370,370,370,370,0
2022-02-14 11:05:00,370,370,370,370,0
2022-02-14 11:06:00,370,370,370,370,0
2022-02-14 11:07:00,370,370,370,370,0
2022-02-14 11:08:00,370,370,370,370,0
2022-02-14 11:09:00,370,370,370,370,0
2022-02-14 11:10:00,370,370,370,370,0
2022-02-14 11:11:00,370,370,370,370,0
2022-02-14 11:12:00,370,370,370,370,0
2022-02-14 11:13:00,370,370,370,370,0
2022-02-14 11:14:00,370,370,370,370,0
2022-02-14 11:15:00,370,370,370,370,0
2022-02-14 11:16:00,370,370,370,370,0
2022-02-14 11:17:00,370,370,370,370,0
2022-02-14 11:18:00,370,370,370,370,0
2022-02-14 11:19:00,370,370,370,370,0
2022-02-14 11:20:00,370,370,370,370,0
2022-02-14 11:21:00,370,370,370,370,0
2022-02-14 11:22:00,370,370,370,370,0
2022-02-14 11:23:00,370,370,370,370,0
2022-02-14 11:24:00,370,370,370,370,0
2022-02-14 11:25:00,370,370,370,370,0
2022-02-14 11:26:00,370,370,370,370,0
2022-02-14 11:27:00,370,370,370,370,0
2022-02-14 11:28:00,370,370,370,370,0
2022-02-14 11:29:00,370,370,370,370,0
2022-02-14 11:30:00,370,370,370,370,0
2022-02-14 11:31:00,370,370,370,370,0
2022-02-14 11:32:00,370,370,370,370,0
2022-02-14 11:33:00,370,370,370,370,0
2022-02-14 11:34:00,370,370,370,370,0
2022-02-14 11:35:00,370,370,370,370,0
2022-02-14 11:36:00,370,370,370,370,0
2022-02-14 11:37:00,370,370,370,370,0
2022-02-14 11:38:00,370,370,370,370,0
2022-02-14 11:39:00,370,370,370,370,0
2022-02-14 11:40:00,370,370,370,370,0
2022-02-14 11:41:00,370,370,370,370,0
2022-02-14 11:42:00,370,370,370,370,0
2022-02-14 11:43:00,370,370,370,370,0
2022-02-14 11:44:00,370,370,370,370,0
2022-02-14 11:45:00,370,370,370,370,0
2022-02-14 11:46:00,370,370,370,370,0
2022-02-14 11:47:00,370,370,370,370,0
2022-02-14 11:48:00,370,370,370,370,0
2022-02-14 11:49:00,370,370,370,370,0
2022-02-14 11:50:00,370,370,370,370,0
2022-02-14 11:51:00,370,370,370,370,0
2022-02-14 11:52:00,370,370,370,370,0
2022-02-14 11:53:00,370,370,370,370,0
2022-02-14 11:54:00,370,370,370,370,0
2022-02-14 11:55:00,370,370,370,370,0
2022-02-14 11:56:00,370,370,370,370,0
2022-02-14 11:57:00,370,370,370,370,0
2022-02-14 11:58:00,370,370,370,370,0
2022-02-14 11:59:00,370,370,370,370,0
2022-02-14 12:00:00,370,370,370,370,0
2022-02-14 12:01:00,370,370,370,370,0
2022-02-14 12:02:00,370,370,370,370,0
2022-02-14 12:03:00,370,370,370,370,0
2022-02-14 12:04:00,370,370,370,370,0
2022-02-14 12:05:00,370,370,370,370,0
2022-02-14 12:06:00,370,370,370,370,0
2022-02-14 12:07:00,370,370,370,370,0
2022-02-14 12:08:00,370,370,370,370,0
2022-02-14 12:09:00,370,370,370,370,0
2022-02-14 12:10:00,370,370,370,370,0
2022-02-14 12:11:00,370,370,370,370,0
2022-02-14 12:12:00,370,370,370,370,0
2022-02-14 12:13:00,370,370,370,370,0
2022-02-14 12:14:00,370,370,370,370,0
2022-02-14 12:15:00,370,370,370,370,0
2022-02-14 12:16:00,370,370,370,370,0
2022-02-14 12:17:00,370,370,370,370,0
2022-02-14 12:18:00,370,370,370,370,0
2022-02-14 12:19:00,370,370,370,370,0
2022-02-14 12:20:00,370,370,370,370,0
2022-02-14 12:21:00,370,370,370,370,0
2022-02-14 12:22:00,370,370,370,370,0
2022-02-14 12:23:00,370,370,370,370,0
2022-02-14 12:24:00,370,370,370,370,0
2022-02-14 12:25:00,370,370,370,370,0
2022-02-14 12:26:00,370,370,370,370,0
2022-02-14 12:27:00,370,370,370,370,0
2022-02-14 12:28:00,370,370,370,370,0
2022-02-14 12:29:00,370,370,370,370,0
2022-02-14 12:30:00,370,370,370,370,0
2022-02-14 12:31:00,370,370,370,370,0
2022-02-14 12:32:00,370,370,370,370,0
2022-02-14 12:33:00,370,370,370,370,0
2022-02-14 12:34:00,370,370,370,370,0
2022-02-14 12:35:00,370,370,370,370,0
2022-02-14 12:36:00,370,370,370,370,0
2022-02-14 12:37:00,370,370,370,370,0
2022-02-14 12:38:00,370,370,370,370,0
2022-02-14 12:39:00,370,370,370,370,0
2022-02-14 12:40:00,370,370,370,370,0
2022-02-14 12:41:00,370,370,370,370,0
2022-02-14 12:42:00,370,370,370,370,0
2022-02-14 12:43:00,370,370,370,370,0
2022-02-14 12:44:00,370,370,370,370,0
2022-02-14 12:45:00,370,370,370,370,0
2022-02-14 12:46:00,370,370,370,370,0
2022-02-14 12:47:00,370,370,370,370,0
2022-02-14 12:48:00,370,370,370,370,0
2022-02-14 12:49:00,370,370,370,370,0
2022-02-14 12:50:00,370,370,370,370,0
2022-02-14 12:51:00,370,370,370,370,0
2022-02-14 12:52:00,370,370,370,370,0
2022-02-14 12:53:00,370,370,370,370,0
2022-02-14 12:54:00,370,370,370,370,0
2022-02-14 12:55:00,370,370,370,370,0
2022-02-14 12:56:00,370,370,370,370,0
2022-02-14 12:57:00,370,370,370,370,0
2022-02-14 12:58:00,370,370,370,370,0
2022-02-14 12:59:00,370,370,370,370,0
2022-02-14 13:00:00,370,370,370,370,0
2022-02-14 13:01:00,370,370,370,370,0
2022-02-14 13:02:00,370,370,370,370,0
2022-02-14 13:03:00,370,370,370,370,0
2022-02-14 13:04:00,370,370,370,370,0
2022-02-14 13:05:00,370,370,370,370,0
2022-02-14 13:06:00,370,370,370,370,0
2022-02-14 13:07:00,370,370,370,370,0
2022-02-14 13:08:00,370,370,370,370,0
2022-02-14 13:09:00,370,370,370,370,0
2022-02-14 13:10:00,370,370,370,370,0
2022-02-14 13:11:00,370,370,370,370,0
2022-02-14 13:12:00,370,370,370,370,0
2022-02-14 13:13:00,370,370,370,370,0
2022-02-14 13:14:00,370,370,370,370,0
2022-02-14 13:15:00,370,370,370,370,0
2022-02-14 13:16:00,370,370,370,370,0
2022-02-14 13:17:00,370,370,370,370,0
2022-02-14 13:18:00,370,370,370,370,0
2022-02-14 13:19:00,370,370,370,370,0
2022-02-14 13:20:00,370,370,370,370,0
2022-02-14 13:21:00,370,370,370,370,0
2022-02-14 13:22:00,370,370,370,370,0
2022-02-14 13:23:00,370,370,370,370,0
2022-02-14 13:24:00,370,370,370,370,0
2022-02-14 13:25:00,370,370,370,370,0
2022-02-14 13:26:00,370,370,370,370,0
2022-02-14 13:27:00,370,370,370,370,0
2022-02-14 13:28:00,370,370,370,370,0
2022-02-14 13:29:00,370,370,370,370,0
2022-02-14 13:30:00,370,370,370,370,300
2022-02-14 13:31:00,370,370,370,370,0
2022-02-14 13:32:00,370,370,370,370,0
2022-02-14 13:33:00,370,370,370,370,0
2022-02-14 13:34:00,370,370,370,370,0
2022-02-14 13:35:00,370,370,370,370,400
2022-02-14 13:36:00,370,370,370,370,0
2022-02-14 13:37:00,370,370,370,370,0
2022-02-14 13:38:00,370,370,370,370,0
2022-02-14 13:39:00,370,370,370,370,0
2022-02-14 13:40:00,370,370,370,370,200
2022-02-14 13:41:00,370,370,370,370,0
2022-02-14 13:42:00,370,370,370,370,0
2022-02-14 13:43:00,368,368,368,368,300
2022-02-14 13:44:00,368,368,368,368,0
2022-02-14 13:45:00,368,368,368,368,0
2022-02-14 13:46:00,368,368,368,368,0
2022-02-14 13:47:00,368,368,368,368,0
2022-02-14 13:48:00,368,368,368,368,0
2022-02-14 13:49:00,368,368,368,368,0
2022-02-14 13:50:00,368,368,368,368,0
2022-02-14 13:51:00,368,368,368,368,4000
2022-02-14 13:52:00,368,368,368,368,0
2022-02-14 13:53:00,368,368,368,368,18100
2022-02-14 13:54:00,368,368,368,368,0
2022-02-14 13:55:00,368,368,368,368,0
2022-02-14 13:56:00,368,368,368,368,0
2022-02-14 13:57:00,368,368,368,368,0
2022-02-14 13:58:00,368,368,368,368,0
2022-02-14 13:59:00,368,368,368,368,0
2022-02-14 14:00:00,368,368,368,368,0
2022-02-14 14:01:00,368,368,368,368,0
2022-02-14 14:02:00,368,368,368,368,0
2022-02-14 14:03:00,366,366,366,366,2200
2022-02-14 14:04:00,366,366,366,366,100
2022-02-14 14:05:00,366,366,366,366,100
2022-02-14 14:06:00,366,366,366,366,0
2022-02-14 14:07:00,366,366,366,366,0
2022-02-14 14:08:00,366,366,366,366,0
2022-02-14 14:09:00,366,366,366,366,10400
2022-02-14 14:10:00,366,366,366,366,0
2022-02-14 14:11:00,366,366,366,366,0
2022-02-14 14:12:00,366,366,366,366,0
2022-02-14 14:13:00,366,366,366,366,0
2022-02-14 14:14:00,368,368,368,368,200
2022-02-14 14:15:00,368,368,368,368,0
2022-02-14 14:16:00,368,368,368,368,0
2022-02-14 14:17:00,368,368,368,368,0
2022-02-14 14:18:00,368,368,368,368,0
2022-02-14 14:19:00,368,368,368,368,0
2022-02-14 14:20:00,368,368,368,368,0
2022-02-14 14:21:00,368,368,368,368,0
2022-02-14 14:22:00,368,368,368,368,0
2022-02-14 14:23:00,368,368,368,368,0
2022-02-14 14:24:00,368,368,368,368,0
2022-02-14 14:25:00,368,368,368,368,0
2022-02-14 14:26:00,368,368,368,368,0
2022-02-14 14:27:00,368,368,368,368,0
2022-02-14 14:28:00,368,368,368,368,0
2022-02-14 14:29:00,368,368,368,368,0
2022-02-14 14:30:00,368,368,368,368,0
2022-02-14 14:31:00,368,368,368,368,0
2022-02-14 14:32:00,368,368,368,368,0
2022-02-14 14:33:00,368,368,368,368,400
2022-02-14 14:34:00,368,368,368,368,0
2022-02-14 14:35:00,368,368,368,368,0
2022-02-14 14:36:00,368,368,368,368,0
2022-02-14 14:37:00,368,368,368,368,0
2022-02-14 14:38:00,368,368,368,368,0
2022-02-14 14:39:00,368,368,368,368,0
2022-02-14 14:40:00,368,368,368,368,0
2022-02-14 14:41:00,368,368,368,368,0
2022-02-14 14:42:00,368,368,368,368,0
2022-02-14 14:43:00,368,368,368,368,1200
2022-02-14 14:44:00,368,368,368,368,0
2022-02-14 14:45:00,368,368,368,368,0
2022-02-14 14:46:00,368,368,368,368,0
2022-02-14 14:47:00,368,368,368,368,0
2022-02-14 14:48:00,368,368,368,368,9100
2022-02-14 14:49:00,368,368,368,368,0
2022-02-14 14:50:00,368,368,368,368,0
2022-02-14 14:51:00,368,368,368,368,0
2022-02-14 14:52:00,368,368,368,368,0
2022-02-14 14:53:00,368,368,368,368,0
2022-02-14 14:54:00,368,368,368,368,0
2022-02-14 14:55:00,368,368,368,368,0
2022-02-14 14:56:00,368,368,368,368,0
2022-02-14 14:57:00,368,368,368,368,0
2022-02-14 14:58:00,368,368,368,368,0
2022-02-14 14:59:00,368,368,368,368,0
2022-02-14 15:00:00,368,368,368,368,900
2022-02-14 15:01:00,368,368,368,368,0
2022-02-14 15:02:00,368,368,368,368,6500
2022-02-14 15:03:00,368,368,368,368,0
2022-02-14 15:04:00,368,368,368,368,0
2022-02-14 15:05:00,368,368,368,368,0
2022-02-14 15:06:00,368,368,368,368,0
2022-02-14 15:07:00,368,368,368,368,0
2022-02-14 15:08:00,368,368,368,368,0
2022-02-14 15:09:00,368,368,368,368,0
2022-02-14 15:10:00,368,368,368,368,0
2022-02-14 15:11:00,368,368,368,368,0
2022-02-14 15:12:00,368,368,368,368,0
2022-02-14 15:13:00,368,368,368,368,0
2022-02-14 15:14:00,368,368,368,368,0
2022-02-14 15:15:00,368,368,368,368,0
2022-02-14 15:16:00,368,368,368,368,0
2022-02-14 15:17:00,368,368,368,368,0
2022-02-14 15:18:00,368,368,368,368,0
2022-02-14 15:19:00,368,368,368,368,0
2022-02-14 15:20:00,368,368,368,368,0
2022-02-14 15:21:00,368,368,368,368,0
2022-02-14 15:22:00,368,368,368,368,0
2022-02-14 15:23:00,368,368,368,368,0
2022-02-14 15:24:00,368,368,368,368,0
2022-02-14 15:25:00,368,368,368,368,0
2022-02-14 15:26:00,368,368,368,368,0
2022-02-14 15:27:00,368,368,368,368,0
2022-02-14 15:28:00,368,368,368,368,0
2022-02-14 15:29:00,368,368,368,368,0
2022-02-14 15:30:00,368,368,368,368,0
2022-02-14 15:31:00,368,368,368,368,0
2022-02-14 15:32:00,368,368,368,368,0
2022-02-14 15:33:00,368,368,368,368,0
2022-02-14 15:34:00,368,368,368,368,0
2022-02-14 15:35:00,368,368,368,368,0
2022-02-14 15:36:00,368,368,368,368,0
2022-02-14 15:37:00,368,368,368,368,0
2022-02-14 15:38:00,368,368,368,368,0
2022-02-14 15:39:00,368,368,368,368,0
2022-02-14 15:40:00,368,368,368,368,0
2022-02-14 15:41:00,368,368,368,368,0
2022-02-14 15:42:00,368,368,368,368,0
2022-02-14 15:43:00,368,368,368,368,0
2022-02-14 15:44:00,368,368,368,368,0
2022-02-14 15:45:00,368,368,368,368,0
2022-02-14 15:46:00,368,368,368,368,0
2022-02-14 15:47:00,368,368,368,368,0
2022-02-14 15:48:00,368,368,368,368,0
2022-02-14 15:49:00,368,368,368,368,0
2022-02-14 15:50:00,368,368,368,368,0
2022-02-14 15:51:00,368,368,368,368,0
2022-02-14 15:52:00,368,368,368,368,0
2022-02-14 15:53:00,368,368,368,368,0
2022-02-14 15:54:00,368,368,368,368,0
2022-02-14 15:55:00,368,368,368,368,0
2022-02-14 15:56:00,368,368,368,368,0
2022-02-14 15:57:00,368,368,368,368,0
2022-02-14 15:58:00,368,368,368,368,0
2022-02-14 15:59:00,368,368,368,368,0
2022-02-15 09:00:00,368,368,368,368,0
2022-02-15 09:01:00,368,368,368,368,0
2022-02-15 09:02:00,368,368,368,368,0
2022-02-15 09:03:00,368,368,368,368,0
2022-02-15 09:04:00,368,368,368,368,0
2022-02-15 09:05:00,368,368,368,368,0
2022-02-15 09:06:00,368,368,368,368,0
2022-02-15 09:07:00,362,362,362,362,0
2022-02-15 09:08:00,362,362,362,362,0
2022-02-15 09:09:00,362,362,362,362,100
2022-02-15 09:10:00,362,362,362,362,0
2022-02-15 09:11:00,362,362,362,362,0
2022-02-15 09:12:00,362,362,362,362,0
2022-02-15 09:13:00,362,362,362,362,0
2022-02-15 09:14:00,362,362,362,362,0
2022-02-15 09:15:00,362,362,362,362,0
2022-02-15 09:16:00,362,362,362,362,0
2022-02-15 09:17:00,362,362,362,362,200
2022-02-15 09:18:00,356,356,356,356,100
2022-02-15 09:19:00,362,362,378,378,2100
2022-02-15 09:20:00,362,362,378,378,0
2022-02-15 09:21:00,362,362,378,378,0
2022-02-15 09:22:00,362,362,378,378,0
2022-02-15 09:23:00,378,378,378,378,2500
2022-02-15 09:24:00,378,378,378,378,0
2022-02-15 09:25:00,378,378,378,378,0
2022-02-15 09:26:00,378,378,378,378,0
2022-02-15 09:27:00,378,378,378,378,0
2022-02-15 09:28:00,378,378,378,378,0
2022-02-15 09:29:00,378,378,378,378,0
2022-02-15 09:30:00,378,378,378,378,0
2022-02-15 09:31:00,378,378,378,378,0
2022-02-15 09:32:00,378,378,386,382,19600
2022-02-15 09:33:00,380,380,380,380,200
2022-02-15 09:34:00,380,380,380,380,0
2022-02-15 09:35:00,380,380,380,380,0
2022-02-15 09:36:00,380,380,380,380,0
2022-02-15 09:37:00,380,380,380,380,0
2022-02-15 09:38:00,380,380,380,380,0
2022-02-15 09:39:00,380,380,380,380,0
2022-02-15 09:40:00,380,380,380,380,0
2022-02-15 09:41:00,380,380,380,380,0
2022-02-15 09:42:00,380,380,380,380,0
2022-02-15 09:43:00,380,380,380,380,0
2022-02-15 09:44:00,380,380,380,380,0
2022-02-15 09:45:00,380,380,380,380,0
2022-02-15 09:46:00,380,380,380,380,0
2022-02-15 09:47:00,380,380,380,380,0
2022-02-15 09:48:00,380,380,380,380,0
2022-02-15 09:49:00,380,380,380,380,0
2022-02-15 09:50:00,380,380,380,380,0
2022-02-15 09:51:00,380,380,380,380,0
2022-02-15 09:52:00,380,380,380,380,0
2022-02-15 09:53:00,380,380,380,380,0
2022-02-15 09:54:00,380,380,380,380,0
2022-02-15 09:55:00,380,380,380,380,0
2022-02-15 09:56:00,380,380,380,380,0
2022-02-15 09:57:00,380,380,380,380,0
2022-02-15 09:58:00,380,380,380,380,0
2022-02-15 09:59:00,380,380,380,380,0
2022-02-15 10:00:00,380,380,380,380,0
2022-02-15 10:01:00,380,380,380,380,0
2022-02-15 10:02:00,380,380,380,380,0
2022-02-15 10:03:00,380,380,380,380,0
2022-02-15 10:04:00,380,380,380,380,0
2022-02-15 10:05:00,380,380,380,380,0
2022-02-15 10:06:00,380,380,380,380,0
2022-02-15 10:07:00,380,380,380,380,0
2022-02-15 10:08:00,380,380,380,380,0
2022-02-15 10:09:00,380,380,380,380,0
2022-02-15 10:10:00,380,380,380,380,0
2022-02-15 10:11:00,380,380,380,380,0
2022-02-15 10:12:00,380,380,380,380,0
2022-02-15 10:13:00,380,380,380,380,0
2022-02-15 10:14:00,380,380,380,380,0
2022-02-15 10:15:00,380,380,380,380,0
2022-02-15 10:16:00,380,380,380,380,0
2022-02-15 10:17:00,380,380,380,380,0
2022-02-15 10:18:00,380,380,380,380,2200
2022-02-15 10:19:00,380,380,380,380,0
2022-02-15 10:20:00,380,380,380,380,0
2022-02-15 10:21:00,380,380,380,380,0
2022-02-15 10:22:00,380,380,380,380,0
2022-02-15 10:23:00,380,380,380,380,0
2022-02-15 10:24:00,380,380,380,380,0
2022-02-15 10:25:00,380,380,380,380,0
2022-02-15 10:26:00,380,380,380,380,0
2022-02-15 10:27:00,380,380,380,380,0
2022-02-15 10:28:00,380,380,380,380,0
2022-02-15 10:29:00,380,380,380,380,0
2022-02-15 10:30:00,380,380,380,380,0
2022-02-15 10:31:00,380,380,380,380,0
2022-02-15 10:32:00,380,380,380,380,0
2022-02-15 10:33:00,374,374,380,380,8300
2022-02-15 10:34:00,374,374,380,380,0
2022-02-15 10:35:00,374,374,380,380,0
2022-02-15 10:36:00,374,374,380,380,0
2022-02-15 10:37:00,374,374,380,380,0
2022-02-15 10:38:00,374,374,380,380,0
2022-02-15 10:39:00,374,374,380,380,0
2022-02-15 10:40:00,374,374,380,380,0
2022-02-15 10:41:00,374,374,380,380,0
2022-02-15 10:42:00,374,374,380,380,0
2022-02-15 10:43:00,374,374,380,380,0
2022-02-15 10:44:00,374,374,380,380,0
2022-02-15 10:45:00,374,374,380,380,0
2022-02-15 10:46:00,374,374,380,380,0
2022-02-15 10:47:00,374,374,380,380,0
2022-02-15 10:48:00,374,374,380,380,0
2022-02-15 10:49:00,374,374,380,380,0
2022-02-15 10:50:00,374,374,380,380,0
2022-02-15 10:51:00,374,374,380,380,0
2022-02-15 10:52:00,374,374,380,380,0
2022-02-15 10:53:00,374,374,380,380,0
2022-02-15 10:54:00,378,378,378,378,1100
2022-02-15 10:55:00,378,378,378,378,0
2022-02-15 10:56:00,378,378,378,378,0
2022-02-15 10:57:00,378,378,378,378,0
2022-02-15 10:58:00,378,378,378,378,0
2022-02-15 10:59:00,378,378,378,378,0
2022-02-15 11:00:00,378,378,378,378,0
2022-02-15 11:01:00,378,378,378,378,0
2022-02-15 11:02:00,378,378,378,378,0
2022-02-15 11:03:00,378,378,378,378,0
2022-02-15 11:04:00,378,378,378,378,0
2022-02-15 11:05:00,378,378,378,378,0
2022-02-15 11:06:00,378,378,378,378,0
2022-02-15 11:07:00,378,378,378,378,0
2022-02-15 11:08:00,378,378,378,378,0
2022-02-15 11:09:00,378,378,378,378,0
2022-02-15 11:10:00,378,378,378,378,0
2022-02-15 11:11:00,378,378,378,378,0
2022-02-15 11:12:00,378,378,378,378,0
2022-02-15 11:13:00,378,378,378,378,0
2022-02-15 11:14:00,378,378,378,378,0
2022-02-15 11:15:00,378,378,378,378,0
2022-02-15 11:16:00,378,378,378,378,0
2022-02-15 11:17:00,368,368,368,368,15000
2022-02-15 11:18:00,368,368,368,368,0
2022-02-15 11:19:00,362,362,362,362,600
2022-02-15 11:20:00,362,362,362,362,0
2022-02-15 11:21:00,362,362,362,362,0
2022-02-15 11:22:00,362,362,362,362,0
2022-02-15 11:23:00,362,362,362,362,0
2022-02-15 11:24:00,362,362,362,362,0
2022-02-15 11:25:00,362,362,362,362,0
2022-02-15 11:26:00,362,362,362,362,0
2022-02-15 11:27:00,362,362,362,362,0
2022-02-15 11:28:00,362,362,362,362,0
2022-02-15 11:29:00,362,362,362,362,0
2022-02-15 11:30:00,362,362,362,362,0
2022-02-15 11:31:00,362,362,362,362,0
2022-02-15 11:32:00,362,362,362,362,0
2022-02-15 11:33:00,362,362,362,362,0
2022-02-15 11:34:00,362,362,362,362,0
2022-02-15 11:35:00,362,362,362,362,0
2022-02-15 11:36:00,362,362,362,362,0
2022-02-15 11:37:00,362,362,362,362,0
2022-02-15 11:38:00,362,362,362,362,0
2022-02-15 11:39:00,362,362,362,362,0
2022-02-15 11:40:00,362,362,362,362,0
2022-02-15 11:41:00,362,362,362,362,0
2022-02-15 11:42:00,362,362,362,362,0
2022-02-15 11:43:00,362,362,362,362,0
2022-02-15 11:44:00,362,362,362,362,0
2022-02-15 11:45:00,362,362,362,362,0
2022-02-15 11:46:00,362,362,362,362,0
2022-02-15 11:47:00,362,362,362,362,0
2022-02-15 11:48:00,362,362,362,362,0
2022-02-15 11:49:00,362,362,362,362,0
2022-02-15 11:50:00,362,362,362,362,0
2022-02-15 11:51:00,362,362,362,362,0
2022-02-15 11:52:00,362,362,362,362,0
2022-02-15 11:53:00,362,362,362,362,0
2022-02-15 11:54:00,362,362,362,362,0
2022-02-15 11:55:00,362,362,362,362,0
2022-02-15 11:56:00,362,362,362,362,0
2022-02-15 11:57:00,362,362,362,362,0
2022-02-15 11:58:00,362,362,362,362,0
2022-02-15 11:59:00,362,362,362,362,0
2022-02-15 12:00:00,362,362,362,362,0
2022-02-15 12:01:00,362,362,362,362,0
2022-02-15 12:02:00,362,362,362,362,0
2022-02-15 12:03:00,362,362,362,362,0
2022-02-15 12:04:00,362,362,362,362,0
2022-02-15 12:05:00,362,362,362,362,0
2022-02-15 12:06:00,362,362,362,362,0
2022-02-15 12:07:00,362,362,362,362,0
2022-02-15 12:08:00,362,362,362,362,0
2022-02-15 12:09:00,362,362,362,362,0
2022-02-15 12:10:00,362,362,362,362,0
2022-02-15 12:11:00,362,362,362,362,0
2022-02-15 12:12:00,362,362,362,362,0
2022-02-15 12:13:00,362,362,362,362,0
2022-02-15 12:14:00,362,362,362,362,0
2022-02-15 12:15:00,362,362,362,362,0
2022-02-15 12:16:00,362,362,362,362,0
2022-02-15 12:17:00,362,362,362,362,0
2022-02-15 12:18:00,362,362,362,362,0
2022-02-15 12:19:00,362,362,362,362,0
2022-02-15 12:20:00,362,362,362,362,0
2022-02-15 12:21:00,362,362,362,362,0
2022-02-15 12:22:00,362,362,362,362,0
2022-02-15 12:23:00,362,362,362,362,0
2022-02-15 12:24:00,362,362,362,362,0
2022-02-15 12:25:00,362,362,362,362,0
2022-02-15 12:26:00,362,362,362,362,0
2022-02-15 12:27:00,362,362,362,362,0
2022-02-15 12:28:00,362,362,362,362,0
2022-02-15 12:29:00,362,362,362,362,0
2022-02-15 12:30:00,362,362,362,362,0
2022-02-15 12:31:00,362,362,362,362,0
2022-02-15 12:32:00,362,362,362,362,0
2022-02-15 12:33:00,362,362,362,362,0
2022-02-15 12:34:00,362,362,362,362,0
2022-02-15 12:35:00,362,362,362,362,0
2022-02-15 12:36:00,362,362,362,362,0
2022-02-15 12:37:00,362,362,362,362,0
2022-02-15 12:38:00,362,362,362,362,0
2022-02-15 12:39:00,362,362,362,362,0
2022-02-15 12:40:00,362,362,362,362,0
2022-02-15 12:41:00,362,362,362,362,0
2022-02-15 12:42:00,362,362,362,362,0
2022-02-15 12:43:00,362,362,362,362,0
2022-02-15 12:44:00,362,362,362,362,0
2022-02-15 12:45:00,362,362,362,362,0
2022-02-15 12:46:00,362,362,362,362,0
2022-02-15 12:47:00,362,362,362,362,0
2022-02-15 12:48:00,362,362,362,362,0
2022-02-15 12:49:00,362,362,362,362,0
2022-02-15 12:50:00,362,362,362,362,0
2022-02-15 12:51:00,362,362,362,362,0
2022-02-15 12:52:00,362,362,362,362,0
2022-02-15 12:53:00,362,362,362,362,0
2022-02-15 12:54:00,362,362,362,362,0
2022-02-15 12:55:00,362,362,362,362,0
2022-02-15 12:56:00,362,362,362,362,0
2022-02-15 12:57:00,362,362,362,362,0
2022-02-15 12:58:00,362,362,362,362,0
2022-02-15 12:59:00,362,362,362,362,0
2022-02-15 13:00:00,362,362,362,362,0
2022-02-15 13:01:00,362,362,362,362,0
2022-02-15 13:02:00,362,362,362,362,0
2022-02-15 13:03:00,362,362,362,362,0
2022-02-15 13:04:00,362,362,362,362,0
2022-02-15 13:05:00,362,362,362,362,0
2022-02-15 13:06:00,362,362,362,362,0
2022-02-15 13:07:00,362,362,362,362,0
2022-02-15 13:08:00,362,362,362,362,0
2022-02-15 13:09:00,362,362,362,362,0
2022-02-15 13:10:00,362,362,362,362,0
2022-02-15 13:11:00,362,362,362,362,0
2022-02-15 13:12:00,362,362,362,362,0
2022-02-15 13:13:00,362,362,362,362,0
2022-02-15 13:14:00,362,362,362,362,0
2022-02-15 13:15:00,362,362,362,362,0
2022-02-15 13:16:00,362,362,362,362,0
2022-02-15 13:17:00,362,362,362,362,0
2022-02-15 13:18:00,362,362,362,362,0
2022-02-15 13:19:00,362,362,362,362,0
2022-02-15 13:20:00,362,362,362,362,0
2022-02-15 13:21:00,362,362,362,362,0
2022-02-15 13:22:00,362,362,362,362,0
2022-02-15 13:23:00,362,362,362,362,0
2022-02-15 13:24:00,362,362,362,362,0
2022-02-15 13:25:00,362,362,362,362,0
2022-02-15 13:26:00,362,362,362,362,0
2022-02-15 13:27:00,362,362,362,362,0
2022-02-15 13:28:00,362,362,362,362,0
2022-02-15 13:29:00,362,362,362,362,0
2022-02-15 13:30:00,362,362,362,362,0
2022-02-15 13:31:00,362,362,362,362,0
2022-02-15 13:32:00,362,362,362,362,0
2022-02-15 13:33:00,366,366,366,366,900
2022-02-15 13:34:00,378,378,378,378,2000
2022-02-15 13:35:00,378,378,378,378,0
2022-02-15 13:36:00,378,378,378,378,0
2022-02-15 13:37:00,378,378,378,378,0
2022-02-15 13:38:00,368,368,368,368,14700
2022-02-15 13:39:00,380,380,380,380,100
2022-02-15 13:40:00,380,380,380,380,1000
2022-02-15 13:41:00,380,380,380,380,0
2022-02-15 13:42:00,380,380,380,380,0
2022-02-15 13:43:00,380,380,380,380,0
2022-02-15 13:44:00,380,380,380,380,0
2022-02-15 13:45:00,380,380,380,380,0
2022-02-15 13:46:00,380,380,380,380,0
2022-02-15 13:47:00,380,380,380,380,0
2022-02-15 13:48:00,380,380,380,380,0
2022-02-15 13:49:00,380,380,380,380,0
2022-02-15 13:50:00,380,380,380,380,0
2022-02-15 13:51:00,380,380,380,380,0
2022-02-15 13:52:00,380,380,380,380,0
2022-02-15 13:53:00,380,380,380,380,0
2022-02-15 13:54:00,380,380,380,380,0
2022-02-15 13:55:00,380,380,380,380,0
2022-02-15 13:56:00,380,380,380,380,0
2022-02-15 13:57:00,376,376,376,376,3200
2022-02-15 13:58:00,376,376,376,376,0
2022-02-15 13:59:00,376,368,376,368,5600
2022-02-15 14:00:00,376,368,376,368,0
2022-02-15 14:01:00,376,368,376,368,0
2022-02-15 14:02:00,376,368,376,368,0
2022-02-15 14:03:00,376,368,376,368,0
2022-02-15 14:04:00,378,378,378,378,2500
2022-02-15 14:05:00,378,378,378,378,0
2022-02-15 14:06:00,378,378,378,378,0
2022-02-15 14:07:00,378,378,378,378,0
2022-02-15 14:08:00,378,378,378,378,0
2022-02-15 14:09:00,378,378,378,378,0
2022-02-15 14:10:00,378,378,378,378,0
2022-02-15 14:11:00,378,378,378,378,0
2022-02-15 14:12:00,378,378,378,378,0
2022-02-15 14:13:00,378,378,378,378,0
2022-02-15 14:14:00,378,378,378,378,0
2022-02-15 14:15:00,378,378,378,378,0
2022-02-15 14:16:00,378,378,378,378,0
2022-02-15 14:17:00,378,378,378,378,0
2022-02-15 14:18:00,378,378,378,378,0
2022-02-15 14:19:00,378,378,378,378,0
2022-02-15 14:20:00,378,378,378,378,0
2022-02-15 14:21:00,378,378,378,378,0
2022-02-15 14:22:00,378,378,378,378,0
2022-02-15 14:23:00,378,378,378,378,0
2022-02-15 14:24:00,378,378,378,378,0
2022-02-15 14:25:00,378,378,378,378,0
2022-02-15 14:26:00,378,378,378,378,0
2022-02-15 14:27:00,378,378,378,378,0
2022-02-15 14:28:00,378,378,378,378,0
2022-02-15 14:29:00,378,378,378,378,0
2022-02-15 14:30:00,378,378,378,378,0
2022-02-15 14:31:00,378,378,378,378,0
2022-02-15 14:32:00,378,378,378,378,0
2022-02-15 14:33:00,378,378,378,378,0
2022-02-15 14:34:00,378,378,378,378,0
2022-02-15 14:35:00,378,378,378,378,0
2022-02-15 14:36:00,378,378,378,378,0
2022-02-15 14:37:00,378,378,378,378,0
2022-02-15 14:38:00,378,378,378,378,0
2022-02-15 14:39:00,378,378,378,378,0
2022-02-15 14:40:00,378,378,378,378,0
2022-02-15 14:41:00,378,378,378,378,0
2022-02-15 14:42:00,378,378,378,378,0
2022-02-15 14:43:00,378,378,378,378,0
2022-02-15 14:44:00,378,378,378,378,0
2022-02-15 14:45:00,378,378,378,378,0
2022-02-15 14:46:00,378,378,378,378,0
2022-02-15 14:47:00,378,378,378,378,0
2022-02-15 14:48:00,378,378,378,378,0
2022-02-15 14:49:00,378,378,378,378,0
2022-02-15 14:50:00,378,378,378,378,0
2022-02-15 14:51:00,378,378,378,378,0
2022-02-15 14:52:00,378,378,378,378,0
2022-02-15 14:53:00,378,378,378,378,0
2022-02-15 14:54:00,378,378,378,378,0
2022-02-15 14:55:00,378,378,378,378,0
2022-02-15 14:56:00,378,378,378,378,0
2022-02-15 14:57:00,378,378,378,378,0
2022-02-15 14:58:00,378,378,378,378,0
2022-02-15 14:59:00,378,378,378,378,0
2022-02-15 15:00:00,378,378,378,378,0
2022-02-15 15:01:00,378,378,378,378,0
2022-02-15 15:02:00,378,378,378,378,0
2022-02-15 15:03:00,378,378,378,378,0
2022-02-15 15:04:00,378,378,378,378,0
2022-02-15 15:05:00,378,378,378,378,0
2022-02-15 15:06:00,378,378,378,378,0
2022-02-15 15:07:00,378,378,378,378,0
2022-02-15 15:08:00,378,378,378,378,0
2022-02-15 15:09:00,378,378,378,378,0
2022-02-15 15:10:00,378,378,378,378,0
2022-02-15 15:11:00,378,378,378,378,0
2022-02-15 15:12:00,378,378,378,378,0
2022-02-15 15:13:00,378,378,378,378,0
2022-02-15 15:14:00,378,378,378,378,0
2022-02-15 15:15:00,378,378,378,378,0
2022-02-15 15:16:00,378,378,378,378,0
2022-02-15 15:17:00,378,378,378,378,0
2022-02-15 15:18:00,378,378,378,378,0
2022-02-15 15:19:00,378,378,378,378,0
2022-02-15 15:20:00,378,378,378,378,0
2022-02-15 15:21:00,378,378,378,378,0
2022-02-15 15:22:00,378,378,378,378,0
2022-02-15 15:23:00,378,378,378,378,0
2022-02-15 15:24:00,378,378,378,378,0
2022-02-15 15:25:00,378,378,378,378,0
2022-02-15 15:26:00,378,378,378,378,0
2022-02-15 15:27:00,378,378,378,378,0
2022-02-15 15:28:00,378,378,378,378,0
2022-02-15 15:29:00,378,378,378,378,0
2022-02-15 15:30:00,378,378,378,378,0
2022-02-15 15:31:00,378,378,378,378,0
2022-02-15 15:32:00,378,378,378,378,0
2022-02-15 15:33:00,378,378,378,378,0
2022-02-15 15:34:00,378,378,378,378,0
2022-02-15 15:35:00,378,378,378,378,0
2022-02-15 15:36:00,378,378,378,378,0
2022-02-15 15:37:00,378,378,378,378,0
2022-02-15 15:38:00,378,378,378,378,0
2022-02-15 15:39:00,378,378,378,378,0
2022-02-15 15:40:00,378,378,378,378,0
2022-02-15 15:41:00,378,378,378,378,0
2022-02-15 15:42:00,378,378,378,378,0
2022-02-15 15:43:00,378,378,378,378,0
2022-02-15 15:44:00,378,378,378,378,0
2022-02-15 15:45:00,378,378,378,378,0
2022-02-15 15:46:00,378,378,378,378,0
2022-02-15 15:47:00,378,378,378,378,0
2022-02-15 15:48:00,378,378,378,378,0
2022-02-15 15:49:00,378,378,378,378,0
2022-02-15 15:50:00,378,378,378,378,0
2022-02-15 15:51:00,378,378,378,378,0
2022-02-15 15:52:00,378,378,378,378,0
2022-02-15 15:53:00,378,378,378,378,0
2022-02-15 15:54:00,378,378,378,378,0
2022-02-15 15:55:00,378,378,378,378,0
2022-02-15 15:56:00,378,378,378,378,0
2022-02-15 15:57:00,378,378,378,378,0
2022-02-15 15:58:00,378,378,378,378,0
2022-02-15 15:59:00,378,378,378,378,0
2022-02-16 09:00:00,378,378,378,378,0
2022-02-16 09:01:00,378,378,378,378,0
2022-02-16 09:02:00,378,378,378,378,0
2022-02-16 09:03:00,378,378,378,378,0
2022-02-16 09:04:00,378,378,378,378,0
2022-02-16 09:05:00,378,378,378,378,0
2022-02-16 09:06:00,378,378,378,378,0
2022-02-16 09:07:00,378,378,378,378,0
2022-02-16 09:08:00,378,378,378,378,0
2022-02-16 09:09:00,378,378,378,378,0
2022-02-16 09:10:00,378,378,378,378,0
2022-02-16 09:11:00,378,378,378,378,0
2022-02-16 09:12:00,378,378,378,378,0
2022-02-16 09:13:00,378,378,378,378,0
2022-02-16 09:14:00,378,378,378,378,0
2022-02-16 09:15:00,378,378,378,378,0
2022-02-16 09:16:00,378,378,378,378,0
2022-02-16 09:17:00,370,370,370,370,0
2022-02-16 09:18:00,370,370,370,370,0
2022-02-16 09:19:00,370,370,370,370,0
2022-02-16 09:20:00,370,370,370,370,0
2022-02-16 09:21:00,370,370,370,370,0
2022-02-16 09:22:00,370,370,370,370,0
2022-02-16 09:23:00,370,370,370,370,0
2022-02-16 09:24:00,368,368,368,368,10000
2022-02-16 09:25:00,368,368,368,368,0
2022-02-16 09:26:00,368,368,368,368,500
2022-02-16 09:27:00,368,368,368,368,0
2022-02-16 09:28:00,368,368,368,368,0
2022-02-16 09:29:00,368,368,368,368,0
2022-02-16 09:30:00,368,368,368,368,0
2022-02-16 09:31:00,368,368,368,368,0
2022-02-16 09:32:00,368,368,368,368,0
2022-02-16 09:33:00,368,368,368,368,0
2022-02-16 09:34:00,368,368,368,368,1100
2022-02-16 09:35:00,368,368,368,368,0
2022-02-16 09:36:00,366,362,366,362,5000
2022-02-16 09:37:00,360,360,360,360,7400
2022-02-16 09:38:00,360,360,360,360,200
2022-02-16 09:39:00,360,360,360,360,400
2022-02-16 09:40:00,360,360,360,360,0
2022-02-16 09:41:00,360,360,360,360,0
2022-02-16 09:42:00,360,360,360,360,0
2022-02-16 09:43:00,360,360,360,360,0
2022-02-16 09:44:00,360,360,360,360,0
2022-02-16 09:45:00,362,362,362,362,100
2022-02-16 09:46:00,362,362,362,362,0
2022-02-16 09:47:00,362,362,362,362,0
2022-02-16 09:48:00,362,362,362,362,0
2022-02-16 09:49:00,362,362,362,362,0
2022-02-16 09:50:00,362,362,362,362,0
2022-02-16 09:51:00,362,362,362,362,0
2022-02-16 09:52:00,362,362,362,362,0
2022-02-16 09:53:00,362,362,362,362,0
2022-02-16 09:54:00,362,362,362,362,0
2022-02-16 09:55:00,362,362,362,362,0
2022-02-16 09:56:00,362,362,362,362,500
2022-02-16 09:57:00,362,362,362,362,0
2022-02-16 09:58:00,362,362,362,362,0
2022-02-16 09:59:00,362,362,362,362,0
2022-02-16 10:00:00,362,362,362,362,0
2022-02-16 10:01:00,362,362,362,362,0
2022-02-16 10:02:00,362,362,362,362,100
2022-02-16 10:03:00,362,362,362,362,0
2022-02-16 10:04:00,362,362,362,362,0
2022-02-16 10:05:00,362,362,362,362,0
2022-02-16 10:06:00,362,362,362,362,0
2022-02-16 10:07:00,362,362,362,362,0
2022-02-16 10:08:00,362,362,362,362,0
2022-02-16 10:09:00,362,362,362,362,0
2022-02-16 10:10:00,362,362,362,362,0
2022-02-16 10:11:00,362,362,362,362,0
2022-02-16 10:12:00,362,362,362,362,0
2022-02-16 10:13:00,362,362,362,362,0
2022-02-16 10:14:00,362,362,362,362,0
2022-02-16 10:15:00,360,360,360,360,3000
2022-02-16 10:16:00,360,360,360,360,0
2022-02-16 10:17:00,360,360,360,360,0
2022-02-16 10:18:00,360,360,360,360,0
2022-02-16 10:19:00,360,360,360,360,0
2022-02-16 10:20:00,360,360,360,360,200
2022-02-16 10:21:00,360,360,360,360,0
2022-02-16 10:22:00,360,360,360,360,0
2022-02-16 10:23:00,360,360,360,360,0
2022-02-16 10:24:00,360,360,360,360,0
2022-02-16 10:25:00,362,362,362,362,400
2022-02-16 10:26:00,362,362,362,362,0
2022-02-16 10:27:00,370,370,370,370,4000
2022-02-16 10:28:00,370,370,370,370,0
2022-02-16 10:29:00,370,370,370,370,0
2022-02-16 10:30:00,370,370,370,370,0
2022-02-16 10:31:00,370,370,370,370,0
2022-02-16 10:32:00,370,370,370,370,0
2022-02-16 10:33:00,370,370,370,370,500
2022-02-16 10:34:00,370,370,370,370,0
2022-02-16 10:35:00,370,370,370,370,0
2022-02-16 10:36:00,370,370,370,370,0
2022-02-16 10:37:00,370,370,370,370,0
2022-02-16 10:38:00,370,370,370,370,0
2022-02-16 10:39:00,370,370,370,370,0
2022-02-16 10:40:00,370,370,370,370,0
2022-02-16 10:41:00,370,370,370,370,0
2022-02-16 10:42:00,370,370,370,370,0
2022-02-16 10:43:00,370,370,370,370,0
2022-02-16 10:44:00,370,370,370,370,0
2022-02-16 10:45:00,366,366,366,366,200
2022-02-16 10:46:00,366,366,366,366,0
2022-02-16 10:47:00,366,366,366,366,0
2022-02-16 10:48:00,366,366,366,366,0
2022-02-16 10:49:00,366,366,366,366,0
2022-02-16 10:50:00,368,368,368,368,200
2022-02-16 10:51:00,368,368,368,368,0
2022-02-16 10:52:00,368,368,368,368,0
2022-02-16 10:53:00,368,368,368,368,0
2022-02-16 10:54:00,368,368,368,368,0
2022-02-16 10:55:00,368,368,368,368,0
2022-02-16 10:56:00,368,368,368,368,0
2022-02-16 10:57:00,368,368,368,368,0
2022-02-16 10:58:00,368,368,368,368,0
2022-02-16 10:59:00,368,368,368,368,0
2022-02-16 11:00:00,366,366,366,366,5000
2022-02-16 11:01:00,366,366,366,366,0
2022-02-16 11:02:00,366,366,366,366,400
2022-02-16 11:03:00,366,366,366,366,0
2022-02-16 11:04:00,366,366,366,366,0
2022-02-16 11:05:00,366,366,366,366,0
2022-02-16 11:06:00,366,366,366,366,0
2022-02-16 11:07:00,366,366,366,366,0
2022-02-16 11:08:00,366,366,366,366,0
2022-02-16 11:09:00,366,366,366,366,0
2022-02-16 11:10:00,366,366,366,366,0
2022-02-16 11:11:00,366,366,366,366,0
2022-02-16 11:12:00,366,366,366,366,0
2022-02-16 11:13:00,366,366,366,366,0
2022-02-16 11:14:00,366,366,366,366,0
2022-02-16 11:15:00,366,366,366,366,0
2022-02-16 11:16:00,366,366,366,366,0
2022-02-16 11:17:00,366,366,366,366,0
2022-02-16 11:18:00,366,366,366,366,0
2022-02-16 11:19:00,366,366,366,366,0
2022-02-16 11:20:00,366,366,366,366,0
2022-02-16 11:21:00,366,366,366,366,0
2022-02-16 11:22:00,366,366,366,366,0
2022-02-16 11:23:00,366,366,366,366,0
2022-02-16 11:24:00,366,366,366,366,0
2022-02-16 11:25:00,366,366,366,366,0
2022-02-16 11:26:00,366,366,366,366,0
2022-02-16 11:27:00,366,366,366,366,0
2022-02-16 11:28:00,370,370,370,370,3400
2022-02-16 11:29:00,370,370,370,370,0
2022-02-16 11:30:00,370,370,370,370,0
2022-02-16 11:31:00,370,370,370,370,0
2022-02-16 11:32:00,370,370,370,370,0
2022-02-16 11:33:00,370,370,370,370,0
2022-02-16 11:34:00,370,370,370,370,0
2022-02-16 11:35:00,370,370,370,370,0
2022-02-16 11:36:00,370,370,370,370,0
2022-02-16 11:37:00,370,370,370,370,0
2022-02-16 11:38:00,370,370,370,370,0
2022-02-16 11:39:00,370,370,370,370,0
2022-02-16 11:40:00,370,370,370,370,0
2022-02-16 11:41:00,370,370,370,370,0
2022-02-16 11:42:00,370,370,370,370,0
2022-02-16 11:43:00,370,370,370,370,0
2022-02-16 11:44:00,370,370,370,370,0
2022-02-16 11:45:00,370,370,370,370,0
2022-02-16 11:46:00,370,370,370,370,0
2022-02-16 11:47:00,370,370,370,370,0
2022-02-16 11:48:00,370,370,370,370,0
2022-02-16 11:49:00,370,370,370,370,0
2022-02-16 11:50:00,370,370,370,370,0
2022-02-16 11:51:00,370,370,370,370,0
2022-02-16 11:52:00,370,370,370,370,0
2022-02-16 11:53:00,370,370,370,370,0
2022-02-16 11:54:00,370,370,370,370,0
2022-02-16 11:55:00,370,370,370,370,0
2022-02-16 11:56:00,370,370,370,370,0
2022-02-16 11:57:00,370,370,370,370,0
2022-02-16 11:58:00,370,370,370,370,0
2022-02-16 11:59:00,370,370,370,370,0
2022-02-16 12:00:00,370,370,370,370,0
2022-02-16 12:01:00,370,370,370,370,0
2022-02-16 12:02:00,370,370,370,370,0
2022-02-16 12:03:00,370,370,370,370,0
2022-02-16 12:04:00,370,370,370,370,0
2022-02-16 12:05:00,370,370,370,370,0
2022-02-16 12:06:00,370,370,370,370,0
2022-02-16 12:07:00,370,370,370,370,0
2022-02-16 12:08:00,370,370,370,370,0
2022-02-16 12:09:00,370,370,370,370,0
2022-02-16 12:10:00,370,370,370,370,0
2022-02-16 12:11:00,370,370,370,370,0
2022-02-16 12:12:00,370,370,370,370,0
2022-02-16 12:13:00,370,370,370,370,0
2022-02-16 12:14:00,370,370,370,370,0
2022-02-16 12:15:00,370,370,370,370,0
2022-02-16 12:16:00,370,370,370,370,0
2022-02-16 12:17:00,370,370,370,370,0
2022-02-16 12:18:00,370,370,370,370,0
2022-02-16 12:19:00,370,370,370,370,0
2022-02-16 12:20:00,370,370,370,370,0
2022-02-16 12:21:00,370,370,370,370,0
2022-02-16 12:22:00,370,370,370,370,0
2022-02-16 12:23:00,370,370,370,370,0
2022-02-16 12:24:00,370,370,370,370,0
2022-02-16 12:25:00,370,370,370,370,0
2022-02-16 12:26:00,370,370,370,370,0
2022-02-16 12:27:00,370,370,370,370,0
2022-02-16 12:28:00,370,370,370,370,0
2022-02-16 12:29:00,370,370,370,370,0
2022-02-16 12:30:00,370,370,370,370,0
2022-02-16 12:31:00,370,370,370,370,0
2022-02-16 12:32:00,370,370,370,370,0
2022-02-16 12:33:00,370,370,370,370,0
2022-02-16 12:34:00,370,370,370,370,0
2022-02-16 12:35:00,370,370,370,370,0
2022-02-16 12:36:00,370,370,370,370,0
2022-02-16 12:37:00,370,370,370,370,0
2022-02-16 12:38:00,370,370,370,370,0
2022-02-16 12:39:00,370,370,370,370,0
2022-02-16 12:40:00,370,370,370,370,0
2022-02-16 12:41:00,370,370,370,370,0
2022-02-16 12:42:00,370,370,370,370,0
2022-02-16 12:43:00,370,370,370,370,0
2022-02-16 12:44:00,370,370,370,370,0
2022-02-16 12:45:00,370,370,370,370,0
2022-02-16 12:46:00,370,370,370,370,0
2022-02-16 12:47:00,370,370,370,370,0
2022-02-16 12:48:00,370,370,370,370,0
2022-02-16 12:49:00,370,370,370,370,0
2022-02-16 12:50:00,370,370,370,370,0
2022-02-16 12:51:00,370,370,370,370,0
2022-02-16 12:52:00,370,370,370,370,0
2022-02-16 12:53:00,370,370,370,370,0
2022-02-16 12:54:00,370,370,370,370,0
2022-02-16 12:55:00,370,370,370,370,0
2022-02-16 12:56:00,370,370,370,370,0
2022-02-16 12:57:00,370,370,370,370,0
2022-02-16 12:58:00,370,370,370,370,0
2022-02-16 12:59:00,370,370,370,370,0
2022-02-16 13:00:00,370,370,370,370,0
2022-02-16 13:01:00,370,370,370,370,0
2022-02-16 13:02:00,370,370,370,370,0
2022-02-16 13:03:00,370,370,370,370,0
2022-02-16 13:04:00,370,370,370,370,0
2022-02-16 13:05:00,370,370,370,370,0
2022-02-16 13:06:00,370,370,370,370,0
2022-02-16 13:07:00,370,370,370,370,0
2022-02-16 13:08:00,370,370,370,370,0
2022-02-16 13:09:00,370,370,370,370,0
2022-02-16 13:10:00,370,370,370,370,0
2022-02-16 13:11:00,370,370,370,370,0
2022-02-16 13:12:00,370,370,370,370,0
2022-02-16 13:13:00,370,370,370,370,0
2022-02-16 13:14:00,370,370,370,370,0
2022-02-16 13:15:00,370,370,370,370,0
2022-02-16 13:16:00,370,370,370,370,0
2022-02-16 13:17:00,370,370,370,370,0
2022-02-16 13:18:00,370,370,370,370,0
2022-02-16 13:19:00,370,370,370,370,0
2022-02-16 13:20:00,370,370,370,370,0
2022-02-16 13:21:00,370,370,370,370,0
2022-02-16 13:22:00,370,370,370,370,0
2022-02-16 13:23:00,370,370,370,370,0
2022-02-16 13:24:00,370,370,370,370,0
2022-02-16 13:25:00,370,370,370,370,0
2022-02-16 13:26:00,370,370,370,370,0
2022-02-16 13:27:00,370,370,370,370,0
2022-02-16 13:28:00,370,370,370,370,0
2022-02-16 13:29:00,370,370,370,370,0
2022-02-16 13:30:00,370,370,370,370,0
2022-02-16 13:31:00,370,370,370,370,0
2022-02-16 13:32:00,370,370,370,370,0
2022-02-16 13:33:00,370,370,370,370,0
2022-02-16 13:34:00,370,370,370,370,0
2022-02-16 13:35:00,370,370,370,370,0
2022-02-16 13:36:00,370,370,370,370,0
2022-02-16 13:37:00,366,366,366,366,1000
2022-02-16 13:38:00,366,366,366,366,0
2022-02-16 13:39:00,366,366,366,366,0
2022-02-16 13:40:00,366,366,366,366,0
2022-02-16 13:41:00,366,366,366,366,0
2022-02-16 13:42:00,366,366,366,366,0
2022-02-16 13:43:00,366,366,366,366,0
2022-02-16 13:44:00,366,366,366,366,0
2022-02-16 13:45:00,366,366,366,366,0
2022-02-16 13:46:00,366,366,366,366,0
2022-02-16 13:47:00,366,366,366,366,0
2022-02-16 13:48:00,366,366,366,366,500
2022-02-16 13:49:00,364,362,364,362,2000
2022-02-16 13:50:00,364,362,364,362,0
2022-02-16 13:51:00,364,362,364,362,0
2022-02-16 13:52:00,364,362,364,362,0
2022-02-16 13:53:00,362,362,362,362,1000
2022-02-16 13:54:00,362,362,362,362,0
2022-02-16 13:55:00,362,362,362,362,0
2022-02-16 13:56:00,362,362,362,362,0
2022-02-16 13:57:00,362,362,362,362,0
2022-02-16 13:58:00,362,362,362,362,0
2022-02-16 13:59:00,362,362,362,362,0
2022-02-16 14:00:00,362,362,362,362,0
2022-02-16 14:01:00,370,370,370,370,100
2022-02-16 14:02:00,370,370,370,370,0
2022-02-16 14:03:00,370,370,370,370,0
2022-02-16 14:04:00,370,370,370,370,0
2022-02-16 14:05:00,370,370,370,370,0
2022-02-16 14:06:00,370,370,370,370,0
2022-02-16 14:07:00,370,370,370,370,0
2022-02-16 14:08:00,370,370,370,370,0
2022-02-16 14:09:00,370,370,370,370,0
2022-02-16 14:10:00,370,370,370,370,0
2022-02-16 14:11:00,370,370,370,370,0
2022-02-16 14:12:00,370,370,370,370,0
2022-02-16 14:13:00,370,370,370,370,0
2022-02-16 14:14:00,370,370,370,370,0
2022-02-16 14:15:00,370,370,370,370,0
2022-02-16 14:16:00,370,370,370,370,0
2022-02-16 14:17:00,370,370,370,370,0
2022-02-16 14:18:00,370,370,370,370,0
2022-02-16 14:19:00,370,370,370,370,0
2022-02-16 14:20:00,370,370,370,370,0
2022-02-16 14:21:00,370,370,370,370,0
2022-02-16 14:22:00,370,370,370,370,0
2022-02-16 14:23:00,370,370,370,370,0
2022-02-16 14:24:00,370,370,370,370,0
2022-02-16 14:25:00,370,370,370,370,0
2022-02-16 14:26:00,370,370,370,370,0
2022-02-16 14:27:00,370,370,370,370,0
2022-02-16 14:28:00,370,370,370,370,0
2022-02-16 14:29:00,370,370,370,370,0
2022-02-16 14:30:00,370,370,370,370,0
2022-02-16 14:31:00,370,370,370,370,0
2022-02-16 14:32:00,370,370,370,370,0
2022-02-16 14:33:00,370,370,370,370,0
2022-02-16 14:34:00,370,370,370,370,0
2022-02-16 14:35:00,370,370,370,370,0
2022-02-16 14:36:00,370,370,370,370,0
2022-02-16 14:37:00,370,370,370,370,0
2022-02-16 14:38:00,370,370,370,370,0
2022-02-16 14:39:00,370,370,370,370,0
2022-02-16 14:40:00,370,370,370,370,0
2022-02-16 14:41:00,370,370,370,370,0
2022-02-16 14:42:00,370,370,370,370,0
2022-02-16 14:43:00,370,370,370,370,0
2022-02-16 14:44:00,370,370,370,370,0
2022-02-16 14:45:00,370,370,370,370,0
2022-02-16 14:46:00,370,370,370,370,0
2022-02-16 14:47:00,370,370,370,370,0
2022-02-16 14:48:00,370,370,370,370,0
2022-02-16 14:49:00,370,370,370,370,0
2022-02-16 14:50:00,370,370,370,370,0
2022-02-16 14:51:00,370,370,370,370,0
2022-02-16 14:52:00,370,370,370,370,0
2022-02-16 14:53:00,370,370,370,370,0
2022-02-16 14:54:00,370,370,370,370,0
2022-02-16 14:55:00,370,370,370,370,0
2022-02-16 14:56:00,370,370,370,370,0
2022-02-16 14:57:00,370,370,370,370,0
2022-02-16 14:58:00,370,370,370,370,0
2022-02-16 14:59:00,370,370,370,370,0
2022-02-16 15:00:00,362,362,362,362,15000
2022-02-16 15:01:00,362,362,362,362,0
2022-02-16 15:02:00,362,362,362,362,1100
2022-02-16 15:03:00,362,362,362,362,0
2022-02-16 15:04:00,362,362,362,362,0
2022-02-16 15:05:00,362,362,362,362,0
2022-02-16 15:06:00,362,362,362,362,0
2022-02-16 15:07:00,362,362,362,362,0
2022-02-16 15:08:00,362,362,362,362,0
2022-02-16 15:09:00,362,362,362,362,0
2022-02-16 15:10:00,362,362,362,362,0
2022-02-16 15:11:00,362,362,362,362,0
2022-02-16 15:12:00,362,362,362,362,0
2022-02-16 15:13:00,362,362,362,362,0
2022-02-16 15:14:00,362,362,362,362,0
2022-02-16 15:15:00,362,362,362,362,0
2022-02-16 15:16:00,362,362,362,362,0
2022-02-16 15:17:00,362,362,362,362,0
2022-02-16 15:18:00,362,362,362,362,0
2022-02-16 15:19:00,362,362,362,362,0
2022-02-16 15:20:00,362,362,362,362,0
2022-02-16 15:21:00,362,362,362,362,0
2022-02-16 15:22:00,362,362,362,362,0
2022-02-16 15:23:00,362,362,362,362,0
2022-02-16 15:24:00,362,362,362,362,0
2022-02-16 15:25:00,362,362,362,362,0
2022-02-16 15:26:00,362,362,362,362,0
2022-02-16 15:27:00,362,362,362,362,0
2022-02-16 15:28:00,362,362,362,362,0
2022-02-16 15:29:00,362,362,362,362,0
2022-02-16 15:30:00,362,362,362,362,0
2022-02-16 15:31:00,362,362,362,362,0
2022-02-16 15:32:00,362,362,362,362,0
2022-02-16 15:33:00,362,362,362,362,0
2022-02-16 15:34:00,362,362,362,362,0
2022-02-16 15:35:00,362,362,362,362,0
2022-02-16 15:36:00,362,362,362,362,0
2022-02-16 15:37:00,362,362,362,362,0
2022-02-16 15:38:00,362,362,362,362,0
2022-02-16 15:39:00,362,362,362,362,0
2022-02-16 15:40:00,362,362,362,362,0
2022-02-16 15:41:00,362,362,362,362,0
2022-02-16 15:42:00,362,362,362,362,0
2022-02-16 15:43:00,362,362,362,362,0
2022-02-16 15:44:00,362,362,362,362,0
2022-02-16 15:45:00,362,362,362,362,0
2022-02-16 15:46:00,362,362,362,362,0
2022-02-16 15:47:00,362,362,362,362,0
2022-02-16 15:48:00,362,362,362,362,0
2022-02-16 15:49:00,362,362,362,362,0
2022-02-16 15:50:00,362,362,362,362,0
2022-02-16 15:51:00,362,362,362,362,0
2022-02-16 15:52:00,362,362,362,362,0
2022-02-16 15:53:00,362,362,362,362,0
2022-02-16 15:54:00,362,362,362,362,0
2022-02-16 15:55:00,362,362,362,362,0
2022-02-16 15:56:00,362,362,362,362,0
2022-02-16 15:57:00,362,362,362,362,0
2022-02-16 15:58:00,362,362,362,362,0
2022-02-16 15:59:00,362,362,362,362,0
2022-02-17 09:00:00,362,362,362,362,0
2022-02-17 09:01:00,362,362,362,362,0
2022-02-17 09:02:00,362,362,362,362,0
2022-02-17 09:03:00,362,362,362,362,0
2022-02-17 09:04:00,362,362,362,362,0
2022-02-17 09:05:00,362,362,362,362,0
2022-02-17 09:06:00,362,362,362,362,0
2022-02-17 09:07:00,362,362,362,362,0
2022-02-17 09:08:00,362,362,362,362,0
2022-02-17 09:09:00,362,362,362,362,0
2022-02-17 09:10:00,362,362,362,362,0
2022-02-17 09:11:00,362,362,362,362,0
2022-02-17 09:12:00,380,380,380,380,0
2022-02-17 09:13:00,380,380,380,380,0
2022-02-17 09:14:00,380,380,380,380,0
2022-02-17 09:15:00,380,380,380,380,500
2022-02-17 09:16:00,380,380,380,380,10000
2022-02-17 09:17:00,380,380,380,380,0
2022-02-17 09:18:00,364,364,364,364,10000
2022-02-17 09:19:00,364,364,364,364,0
2022-02-17 09:20:00,364,364,364,364,0
2022-02-17 09:21:00,364,364,364,364,0
2022-02-17 09:22:00,364,364,364,364,0
2022-02-17 09:23:00,364,364,364,364,0
2022-02-17 09:24:00,364,364,364,364,100
2022-02-17 09:25:00,364,364,364,364,0
2022-02-17 09:26:00,364,364,364,364,0
2022-02-17 09:27:00,364,364,364,364,0
2022-02-17 09:28:00,364,358,364,358,31600
2022-02-17 09:29:00,358,352,358,352,10900
2022-02-17 09:30:00,358,352,358,352,0
2022-02-17 09:31:00,358,352,358,352,0
2022-02-17 09:32:00,354,354,354,354,1100
2022-02-17 09:33:00,354,354,354,354,0
2022-02-17 09:34:00,354,354,354,354,0
2022-02-17 09:35:00,354,354,354,354,0
2022-02-17 09:36:00,354,354,354,354,0
2022-02-17 09:37:00,354,354,354,354,0
2022-02-17 09:38:00,354,354,354,354,0
2022-02-17 09:39:00,354,354,354,354,0
2022-02-17 09:40:00,354,354,354,354,0
2022-02-17 09:41:00,354,354,354,354,0
2022-02-17 09:42:00,354,354,354,354,0
2022-02-17 09:43:00,354,354,354,354,0
2022-02-17 09:44:00,354,354,354,354,0
2022-02-17 09:45:00,354,354,354,354,0
2022-02-17 09:46:00,354,354,354,354,0
2022-02-17 09:47:00,354,354,354,354,0
2022-02-17 09:48:00,354,354,354,354,0
2022-02-17 09:49:00,354,354,354,354,0
2022-02-17 09:50:00,356,356,356,356,800
2022-02-17 09:51:00,356,356,356,356,0
2022-02-17 09:52:00,356,356,356,356,0
2022-02-17 09:53:00,356,356,356,356,0
2022-02-17 09:54:00,356,356,356,356,0
2022-02-17 09:55:00,356,356,356,356,0
2022-02-17 09:56:00,356,356,356,356,0
2022-02-17 09:57:00,356,356,356,356,0
2022-02-17 09:58:00,356,356,356,356,0
2022-02-17 09:59:00,356,356,356,356,0
2022-02-17 10:00:00,356,356,356,356,0
2022-02-17 10:01:00,356,356,356,356,0
2022-02-17 10:02:00,356,356,356,356,0
2022-02-17 10:03:00,356,356,356,356,0
2022-02-17 10:04:00,356,356,356,356,0
2022-02-17 10:05:00,356,356,356,356,0
2022-02-17 10:06:00,356,356,356,356,0
2022-02-17 10:07:00,356,356,356,356,0
2022-02-17 10:08:00,356,356,356,356,0
2022-02-17 10:09:00,356,356,356,356,0
2022-02-17 10:10:00,356,356,356,356,0
2022-02-17 10:11:00,356,356,356,356,0
2022-02-17 10:12:00,356,356,356,356,0
2022-02-17 10:13:00,356,356,356,356,0
2022-02-17 10:14:00,356,356,356,356,0
2022-02-17 10:15:00,356,356,356,356,0
2022-02-17 10:16:00,356,356,356,356,0
2022-02-17 10:17:00,356,356,356,356,0
2022-02-17 10:18:00,356,356,356,356,0
2022-02-17 10:19:00,356,356,356,356,0
2022-02-17 10:20:00,356,356,356,356,0
2022-02-17 10:21:00,356,356,356,356,0
2022-02-17 10:22:00,356,356,356,356,0
2022-02-17 10:23:00,356,356,356,356,1900
2022-02-17 10:24:00,354,354,354,354,5800
2022-02-17 10:25:00,354,354,354,354,0
2022-02-17 10:26:00,354,354,354,354,300
2022-02-17 10:27:00,354,354,354,354,0
2022-02-17 10:28:00,354,354,354,354,0
2022-02-17 10:29:00,354,354,354,354,0
2022-02-17 10:30:00,354,354,354,354,0
2022-02-17 10:31:00,354,354,354,354,0
2022-02-17 10:32:00,354,354,354,354,0
2022-02-17 10:33:00,354,354,354,354,0
2022-02-17 10:34:00,354,354,354,354,0
2022-02-17 10:35:00,354,354,354,354,0
2022-02-17 10:36:00,358,358,358,358,100
2022-02-17 10:37:00,358,358,358,358,0
2022-02-17 10:38:00,358,358,358,358,0
2022-02-17 10:39:00,358,358,358,358,0
2022-02-17 10:40:00,358,358,358,358,0
2022-02-17 10:41:00,358,358,358,358,0
2022-02-17 10:42:00,358,358,358,358,0
2022-02-17 10:43:00,358,358,358,358,0
2022-02-17 10:44:00,358,358,358,358,0
2022-02-17 10:45:00,358,358,358,358,0
2022-02-17 10:46:00,358,358,358,358,0
2022-02-17 10:47:00,358,358,358,358,0
2022-02-17 10:48:00,358,358,358,358,0
2022-02-17 10:49:00,358,358,358,358,800
2022-02-17 10:50:00,358,358,358,358,0
2022-02-17 10:51:00,358,358,358,358,0
2022-02-17 10:52:00,358,358,358,358,0
2022-02-17 10:53:00,358,358,358,358,0
2022-02-17 10:54:00,358,358,358,358,0
2022-02-17 10:55:00,358,358,358,358,0
2022-02-17 10:56:00,358,358,358,358,0
2022-02-17 10:57:00,358,358,358,358,0
2022-02-17 10:58:00,358,358,358,358,0
2022-02-17 10:59:00,370,370,370,370,100
2022-02-17 11:00:00,370,370,370,370,0
2022-02-17 11:01:00,370,370,370,370,0
2022-02-17 11:02:00,370,370,370,370,0
2022-02-17 11:03:00,370,370,370,370,0
2022-02-17 11:04:00,370,370,370,370,0
2022-02-17 11:05:00,370,370,370,370,0
2022-02-17 11:06:00,370,370,370,370,0
2022-02-17 11:07:00,370,370,370,370,0
2022-02-17 11:08:00,370,370,370,370,0
2022-02-17 11:09:00,370,370,370,370,0
2022-02-17 11:10:00,370,370,370,370,0
2022-02-17 11:11:00,370,370,370,370,0
2022-02-17 11:12:00,370,370,370,370,0
2022-02-17 11:13:00,370,370,370,370,0
2022-02-17 11:14:00,370,370,370,370,0
2022-02-17 11:15:00,370,370,370,370,0
2022-02-17 11:16:00,360,358,360,358,200
2022-02-17 11:17:00,360,358,360,358,0
2022-02-17 11:18:00,360,358,360,358,0
2022-02-17 11:19:00,360,358,360,358,0
2022-02-17 11:20:00,360,358,360,358,0
2022-02-17 11:21:00,360,358,360,358,0
2022-02-17 11:22:00,360,358,360,358,0
2022-02-17 11:23:00,360,358,360,358,0
2022-02-17 11:24:00,360,358,360,358,0
2022-02-17 11:25:00,360,358,360,358,0
2022-02-17 11:26:00,360,358,360,358,0
2022-02-17 11:27:00,360,358,360,358,0
2022-02-17 11:28:00,360,358,360,358,0
2022-02-17 11:29:00,360,358,360,358,0
2022-02-17 11:30:00,360,358,360,358,0
2022-02-17 11:31:00,360,358,360,358,0
2022-02-17 11:32:00,360,358,360,358,0
2022-02-17 11:33:00,360,358,360,358,0
2022-02-17 11:34:00,360,358,360,358,0
2022-02-17 11:35:00,360,358,360,358,0
2022-02-17 11:36:00,360,358,360,358,0
2022-02-17 11:37:00,360,358,360,358,0
2022-02-17 11:38:00,360,358,360,358,0
2022-02-17 11:39:00,360,358,360,358,0
2022-02-17 11:40:00,360,358,360,358,0
2022-02-17 11:41:00,360,358,360,358,0
2022-02-17 11:42:00,360,358,360,358,0
2022-02-17 11:43:00,360,358,360,358,0
2022-02-17 11:44:00,360,358,360,358,0
2022-02-17 11:45:00,360,358,360,358,0
2022-02-17 11:46:00,360,358,360,358,0
2022-02-17 11:47:00,360,358,360,358,0
2022-02-17 11:48:00,360,358,360,358,0
2022-02-17 11:49:00,360,358,360,358,0
2022-02-17 11:50:00,360,358,360,358,0
2022-02-17 11:51:00,360,358,360,358,0
2022-02-17 11:52:00,360,358,360,358,0
2022-02-17 11:53:00,360,358,360,358,0
2022-02-17 11:54:00,360,358,360,358,0
2022-02-17 11:55:00,360,358,360,358,0
2022-02-17 11:56:00,360,358,360,358,0
2022-02-17 11:57:00,360,358,360,358,0
2022-02-17 11:58:00,360,358,360,358,0
2022-02-17 11:59:00,360,358,360,358,0
2022-02-17 12:00:00,360,358,360,358,0
2022-02-17 12:01:00,360,358,360,358,0
2022-02-17 12:02:00,360,358,360,358,0
2022-02-17 12:03:00,360,358,360,358,0
2022-02-17 12:04:00,360,358,360,358,0
2022-02-17 12:05:00,360,358,360,358,0
2022-02-17 12:06:00,360,358,360,358,0
2022-02-17 12:07:00,360,358,360,358,0
2022-02-17 12:08:00,360,358,360,358,0
2022-02-17 12:09:00,360,358,360,358,0
2022-02-17 12:10:00,360,358,360,358,0
2022-02-17 12:11:00,360,358,360,358,0
2022-02-17 12:12:00,360,358,360,358,0
2022-02-17 12:13:00,360,358,360,358,0
2022-02-17 12:14:00,360,358,360,358,0
2022-02-17 12:15:00,360,358,360,358,0
2022-02-17 12:16:00,360,358,360,358,0
2022-02-17 12:17:00,360,358,360,358,0
2022-02-17 12:18:00,360,358,360,358,0
2022-02-17 12:19:00,360,358,360,358,0
2022-02-17 12:20:00,360,358,360,358,0
2022-02-17 12:21:00,360,358,360,358,0
2022-02-17 12:22:00,360,358,360,358,0
2022-02-17 12:23:00,360,358,360,358,0
2022-02-17 12:24:00,360,358,360,358,0
2022-02-17 12:25:00,360,358,360,358,0
2022-02-17 12:26:00,360,358,360,358,0
2022-02-17 12:27:00,360,358,360,358,0
2022-02-17 12:28:00,360,358,360,358,0
2022-02-17 12:29:00,360,358,360,358,0
2022-02-17 12:30:00,360,358,360,358,0
2022-02-17 12:31:00,360,358,360,358,0
2022-02-17 12:32:00,360,358,360,358,0
2022-02-17 12:33:00,360,358,360,358,0
2022-02-17 12:34:00,360,358,360,358,0
2022-02-17 12:35:00,360,358,360,358,0
2022-02-17 12:36:00,360,358,360,358,0
2022-02-17 12:37:00,360,358,360,358,0
2022-02-17 12:38:00,360,358,360,358,0
2022-02-17 12:39:00,360,358,360,358,0
2022-02-17 12:40:00,360,358,360,358,0
2022-02-17 12:41:00,360,358,360,358,0
2022-02-17 12:42:00,360,358,360,358,0
2022-02-17 12:43:00,360,358,360,358,0
2022-02-17 12:44:00,360,358,360,358,0
2022-02-17 12:45:00,360,358,360,358,0
2022-02-17 12:46:00,360,358,360,358,0
2022-02-17 12:47:00,360,358,360,358,0
2022-02-17 12:48:00,360,358,360,358,0
2022-02-17 12:49:00,360,358,360,358,0
2022-02-17 12:50:00,360,358,360,358,0
2022-02-17 12:51:00,360,358,360,358,0
2022-02-17 12:52:00,360,358,360,358,0
2022-02-17 12:53:00,360,358,360,358,0
2022-02-17 12:54:00,360,358,360,358,0
2022-02-17 12:55:00,360,358,360,358,0
2022-02-17 12:56:00,360,358,360,358,0
2022-02-17 12:57:00,360,358,360,358,0
2022-02-17 12:58:00,360,358,360,358,0
2022-02-17 12:59:00,360,358,360,358,0
2022-02-17 13:00:00,360,358,360,358,0
2022-02-17 13:01:00,360,358,360,358,0
2022-02-17 13:02:00,360,358,360,358,0
2022-02-17 13:03:00,360,358,360,358,0
2022-02-17 13:04:00,360,358,360,358,0
2022-02-17 13:05:00,360,358,360,358,0
2022-02-17 13:06:00,360,358,360,358,0
2022-02-17 13:07:00,360,358,360,358,0
2022-02-17 13:08:00,360,358,360,358,0
2022-02-17 13:09:00,360,358,360,358,0
2022-02-17 13:10:00,360,358,360,358,0
2022-02-17 13:11:00,360,358,360,358,0
2022-02-17 13:12:00,360,358,360,358,0
2022-02-17 13:13:00,360,358,360,358,0
2022-02-17 13:14:00,360,358,360,358,0
2022-02-17 13:15:00,360,358,360,358,0
2022-02-17 13:16:00,360,358,360,358,0
2022-02-17 13:17:00,360,358,360,358,0
2022-02-17 13:18:00,360,358,360,358,0
2022-02-17 13:19:00,360,358,360,358,0
2022-02-17 13:20:00,360,358,360,358,0
2022-02-17 13:21:00,360,358,360,358,0
2022-02-17 13:22:00,360,358,360,358,0
2022-02-17 13:23:00,360,358,360,358,0
2022-02-17 13:24:00,360,358,360,358,0
2022-02-17 13:25:00,360,358,360,358,0
2022-02-17 13:26:00,360,358,360,358,0
2022-02-17 13:27:00,360,358,360,358,0
2022-02-17 13:28:00,360,358,360,358,0
2022-02-17 13:29:00,360,358,360,358,0
2022-02-17 13:30:00,360,358,360,358,0
2022-02-17 13:31:00,360,358,360,358,0
2022-02-17 13:32:00,360,358,360,358,0
2022-02-17 13:33:00,360,358,360,358,0
2022-02-17 13:34:00,360,358,360,358,0
2022-02-17 13:35:00,360,358,360,358,0
2022-02-17 13:36:00,360,358,360,358,0
2022-02-17 13:37:00,360,358,360,358,0
2022-02-17 13:38:00,360,358,360,358,0
2022-02-17 13:39:00,360,358,360,358,0
2022-02-17 13:40:00,358,358,358,358,100
2022-02-17 13:41:00,358,358,358,358,0
2022-02-17 13:42:00,358,358,358,358,0
2022-02-17 13:43:00,358,358,358,358,0
2022-02-17 13:44:00,358,358,358,358,0
2022-02-17 13:45:00,356,356,356,356,1300
2022-02-17 13:46:00,356,356,356,356,0
2022-02-17 13:47:00,356,356,356,356,0
2022-02-17 13:48:00,368,368,368,368,100
2022-02-17 13:49:00,368,368,368,368,0
2022-02-17 13:50:00,368,368,368,368,0
2022-02-17 13:51:00,368,368,368,368,0
2022-02-17 13:52:00,368,368,368,368,0
2022-02-17 13:53:00,368,368,368,368,0
2022-02-17 13:54:00,368,368,368,368,0
2022-02-17 13:55:00,368,368,368,368,0
2022-02-17 13:56:00,368,368,368,368,0
2022-02-17 13:57:00,368,368,368,368,0
2022-02-17 13:58:00,368,368,368,368,0
2022-02-17 13:59:00,368,368,368,368,0
2022-02-17 14:00:00,368,368,368,368,0
2022-02-17 14:01:00,368,368,368,368,0
2022-02-17 14:02:00,368,368,368,368,0
2022-02-17 14:03:00,368,368,368,368,0
2022-02-17 14:04:00,368,368,368,368,0
2022-02-17 14:05:00,368,368,368,368,0
2022-02-17 14:06:00,368,368,368,368,0
2022-02-17 14:07:00,368,368,368,368,0
2022-02-17 14:08:00,368,368,368,368,0
2022-02-17 14:09:00,368,368,368,368,0
2022-02-17 14:10:00,368,368,368,368,0
2022-02-17 14:11:00,368,368,368,368,0
2022-02-17 14:12:00,368,368,368,368,0
2022-02-17 14:13:00,368,368,368,368,0
2022-02-17 14:14:00,368,368,368,368,0
2022-02-17 14:15:00,360,360,360,360,200
2022-02-17 14:16:00,360,360,360,360,100
2022-02-17 14:17:00,360,360,360,360,0
2022-02-17 14:18:00,360,360,360,360,0
2022-02-17 14:19:00,360,360,360,360,0
2022-02-17 14:20:00,360,360,360,360,0
2022-02-17 14:21:00,360,360,360,360,0
2022-02-17 14:22:00,360,360,360,360,0
2022-02-17 14:23:00,360,360,360,360,100
2022-02-17 14:24:00,360,360,360,360,0
2022-02-17 14:25:00,360,360,360,360,0
2022-02-17 14:26:00,360,360,360,360,0
2022-02-17 14:27:00,360,360,360,360,0
2022-02-17 14:28:00,360,360,360,360,0
2022-02-17 14:29:00,360,360,360,360,0
2022-02-17 14:30:00,360,360,360,360,0
2022-02-17 14:31:00,366,366,366,366,1000
2022-02-17 14:32:00,366,366,366,366,0
2022-02-17 14:33:00,366,366,366,366,1000
2022-02-17 14:34:00,366,366,366,366,0
2022-02-17 14:35:00,366,366,366,366,0
2022-02-17 14:36:00,366,366,366,366,0
2022-02-17 14:37:00,366,366,366,366,0
2022-02-17 14:38:00,366,366,366,366,0
2022-02-17 14:39:00,366,366,366,366,0
2022-02-17 14:40:00,366,366,366,366,0
2022-02-17 14:41:00,366,366,366,366,0
2022-02-17 14:42:00,366,366,366,366,0
2022-02-17 14:43:00,366,366,366,366,0
2022-02-17 14:44:00,366,366,366,366,0
2022-02-17 14:45:00,366,366,366,366,0
2022-02-17 14:46:00,366,366,366,366,100
2022-02-17 14:47:00,360,360,360,360,100
2022-02-17 14:48:00,360,360,360,360,400
2022-02-17 14:49:00,360,360,360,360,200
2022-02-17 14:50:00,360,360,360,360,0
2022-02-17 14:51:00,360,360,360,360,0
2022-02-17 14:52:00,360,360,360,360,0
2022-02-17 14:53:00,360,360,360,360,0
2022-02-17 14:54:00,360,360,360,360,0
2022-02-17 14:55:00,360,360,360,360,0
2022-02-17 14:56:00,360,360,360,360,0
2022-02-17 14:57:00,360,360,360,360,0
2022-02-17 14:58:00,360,360,360,360,0
2022-02-17 14:59:00,360,360,360,360,0
2022-02-17 15:00:00,360,360,360,360,800
2022-02-17 15:01:00,360,360,360,360,0
2022-02-17 15:02:00,360,360,360,360,0
2022-02-17 15:03:00,360,360,360,360,0
2022-02-17 15:04:00,360,360,360,360,0
2022-02-17 15:05:00,360,360,360,360,0
2022-02-17 15:06:00,360,360,360,360,100
2022-02-17 15:07:00,360,360,360,360,0
2022-02-17 15:08:00,360,360,360,360,0
2022-02-17 15:09:00,360,360,360,360,0
2022-02-17 15:10:00,360,360,360,360,0
2022-02-17 15:11:00,360,360,360,360,0
2022-02-17 15:12:00,360,360,360,360,0
2022-02-17 15:13:00,360,360,360,360,0
2022-02-17 15:14:00,360,360,360,360,0
2022-02-17 15:15:00,360,360,360,360,0
2022-02-17 15:16:00,360,360,360,360,0
2022-02-17 15:17:00,360,360,360,360,0
2022-02-17 15:18:00,360,360,360,360,0
2022-02-17 15:19:00,360,360,360,360,0
2022-02-17 15:20:00,360,360,360,360,0
2022-02-17 15:21:00,360,360,360,360,0
2022-02-17 15:22:00,360,360,360,360,0
2022-02-17 15:23:00,360,360,360,360,0
2022-02-17 15:24:00,360,360,360,360,0
2022-02-17 15:25:00,360,360,360,360,0
2022-02-17 15:26:00,360,360,360,360,0
2022-02-17 15:27:00,360,360,360,360,0
2022-02-17 15:28:00,360,360,360,360,0
2022-02-17 15:29:00,360,360,360,360,0
2022-02-17 15:30:00,360,360,360,360,0
2022-02-17 15:31:00,360,360,360,360,0
2022-02-17 15:32:00,360,360,360,360,0
2022-02-17 15:33:00,360,360,360,360,0
2022-02-17 15:34:00,360,360,360,360,0
2022-02-17 15:35:00,360,360,360,360,0
2022-02-17 15:36:00,360,360,360,360,0
2022-02-17 15:37:00,360,360,360,360,0
2022-02-17 15:38:00,360,360,360,360,0
2022-02-17 15:39:00,360,360,360,360,0
2022-02-17 15:40:00,360,360,360,360,0
2022-02-17 15:41:00,360,360,360,360,0
2022-02-17 15:42:00,360,360,360,360,0
2022-02-17 15:43:00,360,360,360,360,0
2022-02-17 15:44:00,360,360,360,360,0
2022-02-17 15:45:00,360,360,360,360,0
2022-02-17 15:46:00,360,360,360,360,0
2022-02-17 15:47:00,360,360,360,360,0
2022-02-17 15:48:00,360,360,360,360,0
2022-02-17 15:49:00,360,360,360,360,0
2022-02-17 15:50:00,360,360,360,360,0
2022-02-17 15:51:00,360,360,360,360,0
2022-02-17 15:52:00,360,360,360,360,0
2022-02-17 15:53:00,360,360,360,360,0
2022-02-17 15:54:00,360,360,360,360,0
2022-02-17 15:55:00,360,360,360,360,0
2022-02-17 15:56:00,360,360,360,360,0
2022-02-17 15:57:00,360,360,360,360,0
2022-02-17 15:58:00,360,360,360,360,0
2022-02-17 15:59:00,360,360,360,360,0
2022-02-18 09:00:00,360,360,360,360,0
2022-02-18 09:01:00,360,360,360,360,0
2022-02-18 09:02:00,360,360,360,360,0
2022-02-18 09:03:00,360,360,360,360,0
2022-02-18 09:04:00,360,360,360,360,0
2022-02-18 09:05:00,360,360,360,360,0
2022-02-18 09:06:00,360,360,360,360,100
2022-02-18 09:07:00,360,360,360,360,0
2022-02-18 09:08:00,360,360,360,360,0
2022-02-18 09:09:00,360,360,360,360,0
2022-02-18 09:10:00,360,360,360,360,0
2022-02-18 09:11:00,360,360,360,360,0
2022-02-18 09:12:00,360,360,360,360,0
2022-02-18 09:13:00,360,360,360,360,0
2022-02-18 09:14:00,360,360,360,360,0
2022-02-18 09:15:00,360,360,360,360,0
2022-02-18 09:16:00,360,360,360,360,0
2022-02-18 09:17:00,362,360,362,360,6300
2022-02-18 09:18:00,362,360,362,360,0
2022-02-18 09:19:00,362,360,362,360,0
2022-02-18 09:20:00,362,360,362,360,0
2022-02-18 09:21:00,362,360,362,360,0
2022-02-18 09:22:00,362,360,362,360,0
2022-02-18 09:23:00,362,360,362,360,0
2022-02-18 09:24:00,362,360,362,360,0
2022-02-18 09:25:00,362,360,362,360,0
2022-02-18 09:26:00,362,360,362,360,0
2022-02-18 09:27:00,362,360,362,360,0
2022-02-18 09:28:00,362,360,362,360,0
2022-02-18 09:29:00,362,360,362,360,0
2022-02-18 09:30:00,362,360,362,360,0
2022-02-18 09:31:00,362,360,362,360,0
2022-02-18 09:32:00,362,360,362,360,0
2022-02-18 09:33:00,362,360,362,360,0
2022-02-18 09:34:00,362,360,362,360,0
2022-02-18 09:35:00,362,360,362,360,0
2022-02-18 09:36:00,362,360,362,360,0
2022-02-18 09:37:00,362,360,362,360,0
2022-02-18 09:38:00,362,360,362,360,0
2022-02-18 09:39:00,362,360,362,360,0
2022-02-18 09:40:00,362,360,362,360,0
2022-02-18 09:41:00,362,360,362,360,0
2022-02-18 09:42:00,362,360,362,360,0
2022-02-18 09:43:00,362,360,362,360,0
2022-02-18 09:44:00,362,360,362,360,0
2022-02-18 09:45:00,362,360,362,360,0
2022-02-18 09:46:00,358,358,358,358,600
2022-02-18 09:47:00,358,358,358,358,0
2022-02-18 09:48:00,358,358,358,358,0
2022-02-18 09:49:00,358,358,358,358,100
2022-02-18 09:50:00,358,358,358,358,0
2022-02-18 09:51:00,358,358,358,358,0
2022-02-18 09:52:00,358,358,358,358,0
2022-02-18 09:53:00,358,358,358,358,0
2022-02-18 09:54:00,358,358,358,358,0
2022-02-18 09:55:00,358,358,358,358,0
2022-02-18 09:56:00,358,358,358,358,0
2022-02-18 09:57:00,358,358,358,358,0
2022-02-18 09:58:00,356,356,356,356,3300
2022-02-18 09:59:00,356,356,356,356,0
2022-02-18 10:00:00,356,356,356,356,0
2022-02-18 10:01:00,356,356,356,356,0
2022-02-18 10:02:00,356,356,356,356,0
2022-02-18 10:03:00,356,356,356,356,0
2022-02-18 10:04:00,356,356,356,356,0
2022-02-18 10:05:00,356,356,356,356,0
2022-02-18 10:06:00,356,356,356,356,0
2022-02-18 10:07:00,356,356,356,356,0
2022-02-18 10:08:00,376,376,378,378,200
2022-02-18 10:09:00,376,376,378,378,0
2022-02-18 10:10:00,376,376,378,378,0
2022-02-18 10:11:00,376,376,378,378,0
2022-02-18 10:12:00,376,376,378,378,0
2022-02-18 10:13:00,376,376,378,378,0
2022-02-18 10:14:00,376,376,378,378,0
2022-02-18 10:15:00,376,376,378,378,0
2022-02-18 10:16:00,376,376,378,378,0
2022-02-18 10:17:00,376,376,378,378,0
2022-02-18 10:18:00,376,376,378,378,0
2022-02-18 10:19:00,376,376,378,378,0
2022-02-18 10:20:00,372,372,372,372,100
2022-02-18 10:21:00,372,372,372,372,0
2022-02-18 10:22:00,372,372,372,372,0
2022-02-18 10:23:00,372,372,372,372,0
2022-02-18 10:24:00,372,372,372,372,0
2022-02-18 10:25:00,372,372,372,372,0
2022-02-18 10:26:00,372,372,372,372,0
2022-02-18 10:27:00,372,372,372,372,0
2022-02-18 10:28:00,372,372,372,372,0
2022-02-18 10:29:00,372,372,372,372,0
2022-02-18 10:30:00,372,372,372,372,0
2022-02-18 10:31:00,372,372,372,372,0
2022-02-18 10:32:00,356,356,356,356,2500
2022-02-18 10:33:00,356,356,356,356,0
2022-02-18 10:34:00,356,356,356,356,100
2022-02-18 10:35:00,356,356,356,356,0
2022-02-18 10:36:00,356,356,356,356,2300
2022-02-18 10:37:00,356,356,356,356,0
2022-02-18 10:38:00,356,356,356,356,0
2022-02-18 10:39:00,356,356,356,356,0
2022-02-18 10:40:00,356,356,356,356,0
2022-02-18 10:41:00,356,356,356,356,0
2022-02-18 10:42:00,356,356,356,356,0
2022-02-18 10:43:00,356,356,356,356,0
2022-02-18 10:44:00,356,356,356,356,0
2022-02-18 10:45:00,368,368,368,368,100
2022-02-18 10:46:00,368,368,368,368,0
2022-02-18 10:47:00,368,368,368,368,0
2022-02-18 10:48:00,368,368,368,368,0
2022-02-18 10:49:00,368,368,368,368,0
2022-02-18 10:50:00,368,368,368,368,0
2022-02-18 10:51:00,368,368,368,368,0
2022-02-18 10:52:00,368,368,368,368,0
2022-02-18 10:53:00,368,368,368,368,0
2022-02-18 10:54:00,368,368,368,368,0
2022-02-18 10:55:00,368,368,368,368,0
2022-02-18 10:56:00,368,368,368,368,0
2022-02-18 10:57:00,368,368,368,368,0
2022-02-18 10:58:00,368,368,368,368,0
2022-02-18 10:59:00,368,368,368,368,0
2022-02-18 11:00:00,368,368,368,368,0
2022-02-18 11:01:00,368,368,368,368,0
2022-02-18 11:02:00,368,368,368,368,0
2022-02-18 11:03:00,368,368,368,368,0
2022-02-18 11:04:00,368,368,368,368,0
2022-02-18 11:05:00,368,368,368,368,0
2022-02-18 11:06:00,368,368,368,368,0
2022-02-18 11:07:00,368,368,368,368,0
2022-02-18 11:08:00,368,368,368,368,0
2022-02-18 11:09:00,368,368,368,368,0
2022-02-18 11:10:00,368,368,368,368,0
2022-02-18 11:11:00,368,368,368,368,0
2022-02-18 11:12:00,368,368,368,368,0
2022-02-18 11:13:00,368,368,368,368,0
2022-02-18 11:14:00,368,368,368,368,0
2022-02-18 11:15:00,368,368,368,368,0
2022-02-18 11:16:00,368,368,368,368,0
2022-02-18 11:17:00,368,368,368,368,0
2022-02-18 11:18:00,368,368,368,368,0
2022-02-18 11:19:00,368,368,368,368,0
2022-02-18 11:20:00,368,368,368,368,0
2022-02-18 11:21:00,368,368,368,368,0
2022-02-18 11:22:00,368,368,368,368,0
2022-02-18 11:23:00,368,368,368,368,0
2022-02-18 11:24:00,368,368,368,368,0
2022-02-18 11:25:00,368,368,368,368,0
2022-02-18 11:26:00,368,368,368,368,0
2022-02-18 11:27:00,368,368,368,368,0
2022-02-18 11:28:00,368,368,368,368,0
2022-02-18 11:29:00,360,358,360,358,5000
2022-02-18 11:30:00,360,358,360,358,0
2022-02-18 11:31:00,360,358,360,358,0
2022-02-18 11:32:00,360,358,360,358,0
2022-02-18 11:33:00,360,358,360,358,0
2022-02-18 11:34:00,360,358,360,358,0
2022-02-18 11:35:00,360,358,360,358,0
2022-02-18 11:36:00,360,358,360,358,0
2022-02-18 11:37:00,360,358,360,358,0
2022-02-18 11:38:00,360,358,360,358,0
2022-02-18 11:39:00,360,358,360,358,0
2022-02-18 11:40:00,360,358,360,358,0
2022-02-18 11:41:00,360,358,360,358,0
2022-02-18 11:42:00,360,358,360,358,0
2022-02-18 11:43:00,360,358,360,358,0
2022-02-18 11:44:00,360,358,360,358,0
2022-02-18 11:45:00,360,358,360,358,0
2022-02-18 11:46:00,360,358,360,358,0
2022-02-18 11:47:00,360,358,360,358,0
2022-02-18 11:48:00,360,358,360,358,0
2022-02-18 11:49:00,360,358,360,358,0
2022-02-18 11:50:00,360,358,360,358,0
2022-02-18 11:51:00,360,358,360,358,0
2022-02-18 11:52:00,360,358,360,358,0
2022-02-18 11:53:00,360,358,360,358,0
2022-02-18 11:54:00,360,358,360,358,0
2022-02-18 11:55:00,360,358,360,358,0
2022-02-18 11:56:00,360,358,360,358,0
2022-02-18 11:57:00,360,358,360,358,0
2022-02-18 11:58:00,360,358,360,358,0
2022-02-18 11:59:00,360,358,360,358,0
2022-02-18 12:00:00,360,358,360,358,0
2022-02-18 12:01:00,360,358,360,358,0
2022-02-18 12:02:00,360,358,360,358,0
2022-02-18 12:03:00,360,358,360,358,0
2022-02-18 12:04:00,360,358,360,358,0
2022-02-18 12:05:00,360,358,360,358,0
2022-02-18 12:06:00,360,358,360,358,0
2022-02-18 12:07:00,360,358,360,358,0
2022-02-18 12:08:00,360,358,360,358,0
2022-02-18 12:09:00,360,358,360,358,0
2022-02-18 12:10:00,360,358,360,358,0
2022-02-18 12:11:00,360,358,360,358,0
2022-02-18 12:12:00,360,358,360,358,0
2022-02-18 12:13:00,360,358,360,358,0
2022-02-18 12:14:00,360,358,360,358,0
2022-02-18 12:15:00,360,358,360,358,0
2022-02-18 12:16:00,360,358,360,358,0
2022-02-18 12:17:00,360,358,360,358,0
2022-02-18 12:18:00,360,358,360,358,0
2022-02-18 12:19:00,360,358,360,358,0
2022-02-18 12:20:00,360,358,360,358,0
2022-02-18 12:21:00,360,358,360,358,0
2022-02-18 12:22:00,360,358,360,358,0
2022-02-18 12:23:00,360,358,360,358,0
2022-02-18 12:24:00,360,358,360,358,0
2022-02-18 12:25:00,360,358,360,358,0
2022-02-18 12:26:00,360,358,360,358,0
2022-02-18 12:27:00,360,358,360,358,0
2022-02-18 12:28:00,360,358,360,358,0
2022-02-18 12:29:00,360,358,360,358,0
2022-02-18 12:30:00,360,358,360,358,0
2022-02-18 12:31:00,360,358,360,358,0
2022-02-18 12:32:00,360,358,360,358,0
2022-02-18 12:33:00,360,358,360,358,0
2022-02-18 12:34:00,360,358,360,358,0
2022-02-18 12:35:00,360,358,360,358,0
2022-02-18 12:36:00,360,358,360,358,0
2022-02-18 12:37:00,360,358,360,358,0
2022-02-18 12:38:00,360,358,360,358,0
2022-02-18 12:39:00,360,358,360,358,0
2022-02-18 12:40:00,360,358,360,358,0
2022-02-18 12:41:00,360,358,360,358,0
2022-02-18 12:42:00,360,358,360,358,0
2022-02-18 12:43:00,360,358,360,358,0
2022-02-18 12:44:00,360,358,360,358,0
2022-02-18 12:45:00,360,358,360,358,0
2022-02-18 12:46:00,360,358,360,358,0
2022-02-18 12:47:00,360,358,360,358,0
2022-02-18 12:48:00,360,358,360,358,0
2022-02-18 12:49:00,360,358,360,358,0
2022-02-18 12:50:00,360,358,360,358,0
2022-02-18 12:51:00,360,358,360,358,0
2022-02-18 12:52:00,360,358,360,358,0
2022-02-18 12:53:00,360,358,360,358,0
2022-02-18 12:54:00,360,358,360,358,0
2022-02-18 12:55:00,360,358,360,358,0
2022-02-18 12:56:00,360,358,360,358,0
2022-02-18 12:57:00,360,358,360,358,0
2022-02-18 12:58:00,360,358,360,358,0
2022-02-18 12:59:00,360,358,360,358,0
2022-02-18 13:00:00,360,358,360,358,0
2022-02-18 13:01:00,360,358,360,358,0
2022-02-18 13:02:00,360,358,360,358,0
2022-02-18 13:03:00,360,358,360,358,0
2022-02-18 13:04:00,360,358,360,358,0
2022-02-18 13:05:00,360,358,360,358,0
2022-02-18 13:06:00,360,358,360,358,0
2022-02-18 13:07:00,360,358,360,358,0
2022-02-18 13:08:00,360,358,360,358,0
2022-02-18 13:09:00,360,358,360,358,0
2022-02-18 13:10:00,360,358,360,358,0
2022-02-18 13:11:00,360,358,360,358,0
2022-02-18 13:12:00,360,358,360,358,0
2022-02-18 13:13:00,360,358,360,358,0
2022-02-18 13:14:00,360,358,360,358,0
2022-02-18 13:15:00,360,358,360,358,0
2022-02-18 13:16:00,360,358,360,358,0
2022-02-18 13:17:00,360,358,360,358,0
2022-02-18 13:18:00,360,358,360,358,0
2022-02-18 13:19:00,360,358,360,358,0
2022-02-18 13:20:00,360,358,360,358,0
2022-02-18 13:21:00,360,358,360,358,0
2022-02-18 13:22:00,360,358,360,358,0
2022-02-18 13:23:00,360,358,360,358,0
2022-02-18 13:24:00,360,358,360,358,0
2022-02-18 13:25:00,360,358,360,358,0
2022-02-18 13:26:00,360,358,360,358,0
2022-02-18 13:27:00,360,358,360,358,0
2022-02-18 13:28:00,360,358,360,358,0
2022-02-18 13:29:00,360,358,360,358,0
2022-02-18 13:30:00,366,366,368,368,800
2022-02-18 13:31:00,366,366,368,368,0
2022-02-18 13:32:00,366,366,368,368,0
2022-02-18 13:33:00,366,366,368,368,0
2022-02-18 13:34:00,366,366,368,368,0
2022-02-18 13:35:00,366,366,368,368,0
2022-02-18 13:36:00,366,366,368,368,0
2022-02-18 13:37:00,366,366,368,368,0
2022-02-18 13:38:00,366,366,368,368,0
2022-02-18 13:39:00,366,366,368,368,0
2022-02-18 13:40:00,366,366,368,368,0
2022-02-18 13:41:00,366,366,368,368,0
2022-02-18 13:42:00,366,366,368,368,0
2022-02-18 13:43:00,366,366,368,368,0
2022-02-18 13:44:00,366,366,368,368,0
2022-02-18 13:45:00,366,366,368,368,0
2022-02-18 13:46:00,366,366,368,368,0
2022-02-18 13:47:00,366,366,368,368,0
2022-02-18 13:48:00,366,366,368,368,0
2022-02-18 13:49:00,366,366,368,368,0
2022-02-18 13:50:00,366,366,368,368,0
2022-02-18 13:51:00,366,366,368,368,0
2022-02-18 13:52:00,366,366,368,368,0
2022-02-18 13:53:00,366,366,368,368,0
2022-02-18 13:54:00,366,366,368,368,0
2022-02-18 13:55:00,366,366,368,368,0
2022-02-18 13:56:00,366,366,368,368,0
2022-02-18 13:57:00,366,366,368,368,0
2022-02-18 13:58:00,366,366,368,368,0
2022-02-18 13:59:00,366,366,368,368,0
2022-02-18 14:00:00,366,366,368,368,0
2022-02-18 14:01:00,366,366,368,368,0
2022-02-18 14:02:00,366,366,368,368,0
2022-02-18 14:03:00,360,360,360,360,100
2022-02-18 14:04:00,360,360,360,360,0
2022-02-18 14:05:00,360,360,360,360,0
2022-02-18 14:06:00,360,360,360,360,0
2022-02-18 14:07:00,360,360,360,360,0
2022-02-18 14:08:00,362,362,366,366,300
2022-02-18 14:09:00,362,362,366,366,0
2022-02-18 14:10:00,362,362,366,366,0
2022-02-18 14:11:00,362,362,366,366,0
2022-02-18 14:12:00,362,362,366,366,0
2022-02-18 14:13:00,362,362,366,366,0
2022-02-18 14:14:00,362,362,366,366,0
2022-02-18 14:15:00,362,362,366,366,0
2022-02-18 14:16:00,362,362,366,366,0
2022-02-18 14:17:00,362,362,366,366,0
2022-02-18 14:18:00,362,362,366,366,0
2022-02-18 14:19:00,362,362,366,366,0
2022-02-18 14:20:00,362,362,366,366,0
2022-02-18 14:21:00,360,360,360,360,4000
2022-02-18 14:22:00,360,360,360,360,0
2022-02-18 14:23:00,360,360,360,360,0
2022-02-18 14:24:00,360,360,360,360,0
2022-02-18 14:25:00,360,360,360,360,0
2022-02-18 14:26:00,360,360,360,360,0
2022-02-18 14:27:00,360,360,360,360,0
2022-02-18 14:28:00,360,360,360,360,0
2022-02-18 14:29:00,360,360,360,360,0
2022-02-18 14:30:00,360,360,360,360,0
2022-02-18 14:31:00,360,360,360,360,0
2022-02-18 14:32:00,360,360,360,360,0
2022-02-18 14:33:00,360,360,360,360,0
2022-02-18 14:34:00,360,360,360,360,0
2022-02-18 14:35:00,360,360,360,360,0
2022-02-18 14:36:00,360,360,360,360,0
2022-02-18 14:37:00,360,360,360,360,0
2022-02-18 14:38:00,360,360,360,360,0
2022-02-18 14:39:00,360,360,360,360,0
2022-02-18 14:40:00,360,360,360,360,0
2022-02-18 14:41:00,360,360,360,360,0
2022-02-18 14:42:00,360,360,360,360,0
2022-02-18 14:43:00,360,360,360,360,0
2022-02-18 14:44:00,360,360,360,360,0
2022-02-18 14:45:00,360,360,360,360,0
2022-02-18 14:46:00,360,360,360,360,3800
2022-02-18 14:47:00,360,360,360,360,0
2022-02-18 14:48:00,360,360,360,360,0
2022-02-18 14:49:00,360,360,360,360,0
2022-02-18 14:50:00,360,360,360,360,0
2022-02-18 14:51:00,360,360,360,360,0
2022-02-18 14:52:00,360,360,360,360,0
2022-02-18 14:53:00,360,360,360,360,0
2022-02-18 14:54:00,360,360,360,360,0
2022-02-18 14:55:00,360,360,360,360,0
2022-02-18 14:56:00,360,360,360,360,0
2022-02-18 14:57:00,360,360,360,360,0
2022-02-18 14:58:00,360,360,360,360,0
2022-02-18 14:59:00,360,360,360,360,0
2022-02-18 15:00:00,360,360,360,360,0
2022-02-18 15:01:00,360,360,360,360,0
2022-02-18 15:02:00,360,360,360,360,0
2022-02-18 15:03:00,360,360,360,360,0
2022-02-18 15:04:00,360,360,360,360,0
2022-02-18 15:05:00,360,360,360,360,0
2022-02-18 15:06:00,360,360,360,360,0
2022-02-18 15:07:00,360,360,360,360,0
2022-02-18 15:08:00,360,360,360,360,0
2022-02-18 15:09:00,360,360,360,360,0
2022-02-18 15:10:00,360,360,360,360,0
2022-02-18 15:11:00,360,360,360,360,0
2022-02-18 15:12:00,360,360,360,360,0
2022-02-18 15:13:00,360,360,360,360,0
2022-02-18 15:14:00,360,360,360,360,0
2022-02-18 15:15:00,360,360,360,360,0
2022-02-18 15:16:00,360,360,360,360,0
2022-02-18 15:17:00,360,360,360,360,0
2022-02-18 15:18:00,360,360,360,360,0
2022-02-18 15:19:00,360,360,360,360,0
2022-02-18 15:20:00,360,360,360,360,0
2022-02-18 15:21:00,360,360,360,360,0
2022-02-18 15:22:00,360,360,360,360,0
2022-02-18 15:23:00,360,360,360,360,0
2022-02-18 15:24:00,360,360,360,360,0
2022-02-18 15:25:00,360,360,360,360,0
2022-02-18 15:26:00,360,360,360,360,0
2022-02-18 15:27:00,360,360,360,360,0
2022-02-18 15:28:00,360,360,360,360,0
2022-02-18 15:29:00,360,360,360,360,0
2022-02-18 15:30:00,360,360,360,360,0
2022-02-18 15:31:00,360,360,360,360,0
2022-02-18 15:32:00,360,360,360,360,0
2022-02-18 15:33:00,360,360,360,360,0
2022-02-18 15:34:00,360,360,360,360,0
2022-02-18 15:35:00,360,360,360,360,0
2022-02-18 15:36:00,360,360,360,360,0
2022-02-18 15:37:00,360,360,360,360,0
2022-02-18 15:38:00,360,360,360,360,0
2022-02-18 15:39:00,360,360,360,360,0
2022-02-18 15:40:00,360,360,360,360,0
2022-02-18 15:41:00,360,360,360,360,0
2022-02-18 15:42:00,360,360,360,360,0
2022-02-18 15:43:00,360,360,360,360,0
2022-02-18 15:44:00,360,360,360,360,0
2022-02-18 15:45:00,360,360,360,360,0
2022-02-18 15:46:00,360,360,360,360,0
2022-02-18 15:47:00,360,360,360,360,0
2022-02-18 15:48:00,360,360,360,360,0
2022-02-18 15:49:00,360,360,360,360,0
2022-02-18 15:50:00,360,360,360,360,0
2022-02-18 15:51:00,360,360,360,360,0
2022-02-18 15:52:00,360,360,360,360,0
2022-02-18 15:53:00,360,360,360,360,0
2022-02-18 15:54:00,360,360,360,360,0
2022-02-18 15:55:00,360,360,360,360,0
2022-02-18 15:56:00,360,360,360,360,0
2022-02-18 15:57:00,360,360,360,360,0
2022-02-18 15:58:00,360,360,360,360,0
2022-02-18 15:59:00,360,360,360,360,0
2022-02-21 09:00:00,360,360,360,360,0
2022-02-21 09:01:00,360,360,360,360,0
2022-02-21 09:02:00,360,360,360,360,0
2022-02-21 09:03:00,380,380,380,380,100
2022-02-21 09:04:00,380,380,380,380,0
2022-02-21 09:05:00,376,376,376,376,500
2022-02-21 09:06:00,376,376,376,376,400
2022-02-21 09:07:00,376,376,376,376,0
2022-02-21 09:08:00,376,376,376,376,0
2022-02-21 09:09:00,376,376,376,376,0
2022-02-21 09:10:00,376,376,376,376,200
2022-02-21 09:11:00,376,376,376,376,0
2022-02-21 09:12:00,376,376,376,376,0
2022-02-21 09:13:00,376,376,376,376,0
2022-02-21 09:14:00,376,376,376,376,0
2022-02-21 09:15:00,376,376,376,376,0
2022-02-21 09:16:00,376,376,376,376,0
2022-02-21 09:17:00,376,376,376,376,0
2022-02-21 09:18:00,364,364,364,364,200
2022-02-21 09:19:00,364,364,364,364,0
2022-02-21 09:20:00,364,364,364,364,0
2022-02-21 09:21:00,364,364,364,364,200
2022-02-21 09:22:00,364,364,364,364,100
2022-02-21 09:23:00,364,364,364,364,0
2022-02-21 09:24:00,364,364,364,364,0
2022-02-21 09:25:00,364,364,364,364,0
2022-02-21 09:26:00,364,364,364,364,0
2022-02-21 09:27:00,364,364,364,364,0
2022-02-21 09:28:00,364,364,364,364,0
2022-02-21 09:29:00,364,364,364,364,0
2022-02-21 09:30:00,364,364,364,364,0
2022-02-21 09:31:00,364,364,364,364,0
2022-02-21 09:32:00,364,364,364,364,0
2022-02-21 09:33:00,364,364,364,364,0
2022-02-21 09:34:00,364,364,364,364,0
2022-02-21 09:35:00,364,364,364,364,0
2022-02-21 09:36:00,364,364,364,364,0
2022-02-21 09:37:00,364,364,364,364,0
2022-02-21 09:38:00,364,364,364,364,100
2022-02-21 09:39:00,364,364,364,364,0
2022-02-21 09:40:00,362,362,362,362,10000
2022-02-21 09:41:00,362,362,362,362,4000
2022-02-21 09:42:00,362,362,362,362,0
2022-02-21 09:43:00,362,362,362,362,700
2022-02-21 09:44:00,362,362,362,362,0
2022-02-21 09:45:00,362,362,362,362,0
2022-02-21 09:46:00,362,362,362,362,0
2022-02-21 09:47:00,362,362,362,362,100
2022-02-21 09:48:00,362,362,362,362,200
2022-02-21 09:49:00,362,362,362,362,0
2022-02-21 09:50:00,362,362,362,362,0
2022-02-21 09:51:00,362,362,362,362,0
2022-02-21 09:52:00,362,362,362,362,0
2022-02-21 09:53:00,362,362,362,362,0
2022-02-21 09:54:00,362,362,362,362,0
2022-02-21 09:55:00,370,370,370,370,100
2022-02-21 09:56:00,370,370,370,370,0
2022-02-21 09:57:00,370,370,370,370,600
2022-02-21 09:58:00,370,370,370,370,0
2022-02-21 09:59:00,370,370,370,370,0
2022-02-21 10:00:00,362,362,362,362,100
2022-02-21 10:01:00,362,362,362,362,2100
2022-02-21 10:02:00,362,362,362,362,0
2022-02-21 10:03:00,362,362,362,362,0
2022-02-21 10:04:00,362,362,362,362,1000
2022-02-21 10:05:00,362,362,362,362,1000
2022-02-21 10:06:00,362,362,362,362,0
2022-02-21 10:07:00,362,362,362,362,0
2022-02-21 10:08:00,362,362,362,362,0
2022-02-21 10:09:00,362,362,362,362,0
2022-02-21 10:10:00,362,362,362,362,0
2022-02-21 10:11:00,362,362,362,362,0
2022-02-21 10:12:00,362,362,362,362,0
2022-02-21 10:13:00,362,362,362,362,0
2022-02-21 10:14:00,362,362,362,362,0
2022-02-21 10:15:00,362,362,362,362,0
2022-02-21 10:16:00,362,362,362,362,0
2022-02-21 10:17:00,362,362,362,362,1000
2022-02-21 10:18:00,362,362,362,362,0
2022-02-21 10:19:00,362,362,362,362,0
2022-02-21 10:20:00,362,362,362,362,0
2022-02-21 10:21:00,362,362,362,362,400
2022-02-21 10:22:00,362,362,362,362,0
2022-02-21 10:23:00,362,362,362,362,0
2022-02-21 10:24:00,362,362,362,362,0
2022-02-21 10:25:00,362,362,362,362,0
2022-02-21 10:26:00,362,362,362,362,0
2022-02-21 10:27:00,362,362,362,362,0
2022-02-21 10:28:00,362,362,362,362,0
2022-02-21 10:29:00,362,362,362,362,0
2022-02-21 10:30:00,362,362,362,362,0
2022-02-21 10:31:00,362,362,362,362,0
2022-02-21 10:32:00,362,362,362,362,0
2022-02-21 10:33:00,362,362,362,362,0
2022-02-21 10:34:00,362,362,362,362,0
2022-02-21 10:35:00,362,362,362,362,0
2022-02-21 10:36:00,362,362,362,362,0
2022-02-21 10:37:00,364,364,364,364,400
2022-02-21 10:38:00,364,364,364,364,0
2022-02-21 10:39:00,364,364,364,364,0
2022-02-21 10:40:00,364,364,364,364,0
2022-02-21 10:41:00,364,364,364,364,0
2022-02-21 10:42:00,364,364,364,364,0
2022-02-21 10:43:00,364,364,364,364,0
2022-02-21 10:44:00,364,364,364,364,0
2022-02-21 10:45:00,364,364,364,364,0
2022-02-21 10:46:00,364,364,364,364,0
2022-02-21 10:47:00,364,364,364,364,0
2022-02-21 10:48:00,364,364,364,364,0
2022-02-21 10:49:00,364,364,364,364,0
2022-02-21 10:50:00,364,364,364,364,0
2022-02-21 10:51:00,364,364,364,364,0
2022-02-21 10:52:00,364,364,364,364,0
2022-02-21 10:53:00,364,364,364,364,0
2022-02-21 10:54:00,364,364,364,364,0
2022-02-21 10:55:00,364,364,364,364,0
2022-02-21 10:56:00,364,364,364,364,0
2022-02-21 10:57:00,364,364,364,364,0
2022-02-21 10:58:00,362,362,362,362,2000
2022-02-21 10:59:00,362,362,362,362,0
2022-02-21 11:00:00,362,362,362,362,0
2022-02-21 11:01:00,362,362,362,362,0
2022-02-21 11:02:00,362,362,362,362,0
2022-02-21 11:03:00,362,362,362,362,0
2022-02-21 11:04:00,362,362,362,362,0
2022-02-21 11:05:00,362,362,362,362,0
2022-02-21 11:06:00,362,362,362,362,0
2022-02-21 11:07:00,362,362,362,362,0
2022-02-21 11:08:00,362,362,362,362,0
2022-02-21 11:09:00,362,362,362,362,0
2022-02-21 11:10:00,362,362,362,362,0
2022-02-21 11:11:00,362,362,362,362,0
2022-02-21 11:12:00,362,362,362,362,0
2022-02-21 11:13:00,362,362,362,362,0
2022-02-21 11:14:00,362,362,362,362,0
2022-02-21 11:15:00,362,362,362,362,0
2022-02-21 11:16:00,362,362,362,362,0
2022-02-21 11:17:00,362,362,362,362,0
2022-02-21 11:18:00,362,362,362,362,0
2022-02-21 11:19:00,362,362,362,362,0
2022-02-21 11:20:00,362,362,362,362,0
2022-02-21 11:21:00,362,362,362,362,0
2022-02-21 11:22:00,362,362,362,362,0
2022-02-21 11:23:00,362,362,362,362,0
2022-02-21 11:24:00,362,362,362,362,0
2022-02-21 11:25:00,362,362,362,362,0
2022-02-21 11:26:00,360,360,360,360,9000
2022-02-21 11:27:00,360,360,360,360,0
2022-02-21 11:28:00,360,360,360,360,0
2022-02-21 11:29:00,360,360,360,360,0
2022-02-21 11:30:00,360,360,360,360,0
2022-02-21 11:31:00,360,360,360,360,0
2022-02-21 11:32:00,360,360,360,360,0
2022-02-21 11:33:00,360,360,360,360,0
2022-02-21 11:34:00,360,360,360,360,0
2022-02-21 11:35:00,360,360,360,360,0
2022-02-21 11:36:00,360,360,360,360,0
2022-02-21 11:37:00,360,360,360,360,0
2022-02-21 11:38:00,360,360,360,360,0
2022-02-21 11:39:00,360,360,360,360,0
2022-02-21 11:40:00,360,360,360,360,0
2022-02-21 11:41:00,360,360,360,360,0
2022-02-21 11:42:00,360,360,360,360,0
2022-02-21 11:43:00,360,360,360,360,0
2022-02-21 11:44:00,360,360,360,360,0
2022-02-21 11:45:00,360,360,360,360,0
2022-02-21 11:46:00,360,360,360,360,0
2022-02-21 11:47:00,360,360,360,360,0
2022-02-21 11:48:00,360,360,360,360,0
2022-02-21 11:49:00,360,360,360,360,0
2022-02-21 11:50:00,360,360,360,360,0
2022-02-21 11:51:00,360,360,360,360,0
2022-02-21 11:52:00,360,360,360,360,0
2022-02-21 11:53:00,360,360,360,360,0
2022-02-21 11:54:00,360,360,360,360,0
2022-02-21 11:55:00,360,360,360,360,0
2022-02-21 11:56:00,360,360,360,360,0
2022-02-21 11:57:00,360,360,360,360,0
2022-02-21 11:58:00,360,360,360,360,0
2022-02-21 11:59:00,360,360,360,360,0
2022-02-21 12:00:00,360,360,360,360,0
2022-02-21 12:01:00,360,360,360,360,0
2022-02-21 12:02:00,360,360,360,360,0
2022-02-21 12:03:00,360,360,360,360,0
2022-02-21 12:04:00,360,360,360,360,0
2022-02-21 12:05:00,360,360,360,360,0
2022-02-21 12:06:00,360,360,360,360,0
2022-02-21 12:07:00,360,360,360,360,0
2022-02-21 12:08:00,360,360,360,360,0
2022-02-21 12:09:00,360,360,360,360,0
2022-02-21 12:10:00,360,360,360,360,0
2022-02-21 12:11:00,360,360,360,360,0
2022-02-21 12:12:00,360,360,360,360,0
2022-02-21 12:13:00,360,360,360,360,0
2022-02-21 12:14:00,360,360,360,360,0
2022-02-21 12:15:00,360,360,360,360,0
2022-02-21 12:16:00,360,360,360,360,0
2022-02-21 12:17:00,360,360,360,360,0
2022-02-21 12:18:00,360,360,360,360,0
2022-02-21 12:19:00,360,360,360,360,0
2022-02-21 12:20:00,360,360,360,360,0
2022-02-21 12:21:00,360,360,360,360,0
2022-02-21 12:22:00,360,360,360,360,0
2022-02-21 12:23:00,360,360,360,360,0
2022-02-21 12:24:00,360,360,360,360,0
2022-02-21 12:25:00,360,360,360,360,0
2022-02-21 12:26:00,360,360,360,360,0
2022-02-21 12:27:00,360,360,360,360,0
2022-02-21 12:28:00,360,360,360,360,0
2022-02-21 12:29:00,360,360,360,360,0
2022-02-21 12:30:00,360,360,360,360,0
2022-02-21 12:31:00,360,360,360,360,0
2022-02-21 12:32:00,360,360,360,360,0
2022-02-21 12:33:00,360,360,360,360,0
2022-02-21 12:34:00,360,360,360,360,0
2022-02-21 12:35:00,360,360,360,360,0
2022-02-21 12:36:00,360,360,360,360,0
2022-02-21 12:37:00,360,360,360,360,0
2022-02-21 12:38:00,360,360,360,360,0
2022-02-21 12:39:00,360,360,360,360,0
2022-02-21 12:40:00,360,360,360,360,0
2022-02-21 12:41:00,360,360,360,360,0
2022-02-21 12:42:00,360,360,360,360,0
2022-02-21 12:43:00,360,360,360,360,0
2022-02-21 12:44:00,360,360,360,360,0
2022-02-21 12:45:00,360,360,360,360,0
2022-02-21 12:46:00,360,360,360,360,0
2022-02-21 12:47:00,360,360,360,360,0
2022-02-21 12:48:00,360,360,360,360,0
2022-02-21 12:49:00,360,360,360,360,0
2022-02-21 12:50:00,360,360,360,360,0
2022-02-21 12:51:00,360,360,360,360,0
2022-02-21 12:52:00,360,360,360,360,0
2022-02-21 12:53:00,360,360,360,360,0
2022-02-21 12:54:00,360,360,360,360,0
2022-02-21 12:55:00,360,360,360,360,0
2022-02-21 12:56:00,360,360,360,360,0
2022-02-21 12:57:00,360,360,360,360,0
2022-02-21 12:58:00,360,360,360,360,0
2022-02-21 12:59:00,360,360,360,360,0
2022-02-21 13:00:00,360,360,360,360,0
2022-02-21 13:01:00,360,360,360,360,0
2022-02-21 13:02:00,360,360,360,360,0
2022-02-21 13:03:00,360,360,360,360,0
2022-02-21 13:04:00,360,360,360,360,0
2022-02-21 13:05:00,360,360,360,360,0
2022-02-21 13:06:00,360,360,360,360,0
2022-02-21 13:07:00,360,360,360,360,0
2022-02-21 13:08:00,360,360,360,360,0
2022-02-21 13:09:00,360,360,360,360,0
2022-02-21 13:10:00,360,360,360,360,0
2022-02-21 13:11:00,360,360,360,360,0
2022-02-21 13:12:00,360,360,360,360,0
2022-02-21 13:13:00,360,360,360,360,0
2022-02-21 13:14:00,360,360,360,360,0
2022-02-21 13:15:00,360,360,360,360,0
2022-02-21 13:16:00,360,360,360,360,0
2022-02-21 13:17:00,360,360,360,360,0
2022-02-21 13:18:00,360,360,360,360,0
2022-02-21 13:19:00,360,360,360,360,0
2022-02-21 13:20:00,360,360,360,360,0
2022-02-21 13:21:00,360,360,360,360,0
2022-02-21 13:22:00,360,360,360,360,0
2022-02-21 13:23:00,360,360,360,360,0
2022-02-21 13:24:00,360,360,360,360,0
2022-02-21 13:25:00,360,360,360,360,0
2022-02-21 13:26:00,360,360,360,360,0
2022-02-21 13:27:00,360,360,360,360,0
2022-02-21 13:28:00,360,360,360,360,0
2022-02-21 13:29:00,360,360,360,360,0
2022-02-21 13:30:00,360,360,360,360,100
2022-02-21 13:31:00,360,360,360,360,0
2022-02-21 13:32:00,360,360,360,360,0
2022-02-21 13:33:00,360,360,360,360,0
2022-02-21 13:34:00,360,360,360,360,0
2022-02-21 13:35:00,360,360,360,360,0
2022-02-21 13:36:00,360,360,360,360,0
2022-02-21 13:37:00,360,360,360,360,0
2022-02-21 13:38:00,360,360,360,360,0
2022-02-21 13:39:00,360,360,360,360,0
2022-02-21 13:40:00,360,360,360,360,0
2022-02-21 13:41:00,362,358,362,358,6000
2022-02-21 13:42:00,362,358,362,358,0
2022-02-21 13:43:00,362,358,362,358,0
2022-02-21 13:44:00,362,358,362,358,0
2022-02-21 13:45:00,362,358,362,358,0
2022-02-21 13:46:00,362,358,362,358,0
2022-02-21 13:47:00,362,358,362,358,0
2022-02-21 13:48:00,362,358,362,358,0
2022-02-21 13:49:00,362,358,362,358,0
2022-02-21 13:50:00,362,358,362,358,0
2022-02-21 13:51:00,362,358,362,358,0
2022-02-21 13:52:00,362,358,362,358,0
2022-02-21 13:53:00,362,358,362,358,0
2022-02-21 13:54:00,362,358,362,358,0
2022-02-21 13:55:00,366,366,366,366,10400
2022-02-21 13:56:00,366,366,366,366,0
2022-02-21 13:57:00,366,366,366,366,0
2022-02-21 13:58:00,366,366,366,366,0
2022-02-21 13:59:00,366,366,366,366,0
2022-02-21 14:00:00,366,366,366,366,0
2022-02-21 14:01:00,366,366,366,366,0
2022-02-21 14:02:00,366,366,366,366,0
2022-02-21 14:03:00,366,366,366,366,0
2022-02-21 14:04:00,366,366,366,366,0
2022-02-21 14:05:00,366,366,366,366,0
2022-02-21 14:06:00,366,366,366,366,0
2022-02-21 14:07:00,366,366,366,366,0
2022-02-21 14:08:00,366,366,366,366,0
2022-02-21 14:09:00,366,366,366,366,0
2022-02-21 14:10:00,366,366,366,366,0
2022-02-21 14:11:00,366,366,366,366,0
2022-02-21 14:12:00,366,366,366,366,0
2022-02-21 14:13:00,366,366,366,366,0
2022-02-21 14:14:00,366,366,366,366,0
2022-02-21 14:15:00,360,360,360,360,6000
2022-02-21 14:16:00,360,360,360,360,0
2022-02-21 14:17:00,360,360,360,360,0
2022-02-21 14:18:00,360,360,360,360,0
2022-02-21 14:19:00,360,360,360,360,0
2022-02-21 14:20:00,360,360,360,360,0
2022-02-21 14:21:00,360,360,360,360,0
2022-02-21 14:22:00,360,360,360,360,0
2022-02-21 14:23:00,360,360,360,360,0
2022-02-21 14:24:00,360,360,366,366,600
2022-02-21 14:25:00,360,360,360,360,1000
2022-02-21 14:26:00,360,360,360,360,0
2022-02-21 14:27:00,360,360,360,360,0
2022-02-21 14:28:00,360,360,360,360,0
2022-02-21 14:29:00,360,360,360,360,0
2022-02-21 14:30:00,360,360,360,360,0
2022-02-21 14:31:00,360,360,360,360,0
2022-02-21 14:32:00,360,360,360,360,0
2022-02-21 14:33:00,360,360,360,360,0
2022-02-21 14:34:00,360,360,360,360,0
2022-02-21 14:35:00,360,360,360,360,0
2022-02-21 14:36:00,360,360,360,360,0
2022-02-21 14:37:00,360,360,360,360,0
2022-02-21 14:38:00,360,360,360,360,0
2022-02-21 14:39:00,360,360,360,360,0
2022-02-21 14:40:00,360,360,360,360,0
2022-02-21 14:41:00,360,360,360,360,0
2022-02-21 14:42:00,360,360,360,360,0
2022-02-21 14:43:00,360,360,360,360,0
2022-02-21 14:44:00,360,360,360,360,0
2022-02-21 14:45:00,360,360,360,360,0
2022-02-21 14:46:00,366,366,366,366,100
2022-02-21 14:47:00,366,366,366,366,0
2022-02-21 14:48:00,366,366,366,366,0
2022-02-21 14:49:00,366,366,366,366,0
2022-02-21 14:50:00,366,366,366,366,0
2022-02-21 14:51:00,366,366,366,366,0
2022-02-21 14:52:00,366,366,366,366,0
2022-02-21 14:53:00,366,366,366,366,0
2022-02-21 14:54:00,366,366,366,366,0
2022-02-21 14:55:00,366,366,366,366,0
2022-02-21 14:56:00,366,366,366,366,0
2022-02-21 14:57:00,366,366,366,366,0
2022-02-21 14:58:00,366,366,366,366,0
2022-02-21 14:59:00,366,366,366,366,0
2022-02-21 15:00:00,366,366,366,366,2000
2022-02-21 15:01:00,366,366,366,366,6700
2022-02-21 15:02:00,366,366,366,366,0
2022-02-21 15:03:00,366,366,366,366,3300
2022-02-21 15:04:00,366,366,366,366,0
2022-02-21 15:05:00,366,366,366,366,0
2022-02-21 15:06:00,366,366,366,366,0
2022-02-21 15:07:00,366,366,366,366,2000
2022-02-21 15:08:00,366,366,366,366,0
2022-02-21 15:09:00,366,366,366,366,0
2022-02-21 15:10:00,366,366,366,366,0
2022-02-21 15:11:00,366,366,366,366,0
2022-02-21 15:12:00,366,366,366,366,0
2022-02-21 15:13:00,366,366,366,366,0
2022-02-21 15:14:00,366,366,366,366,0
2022-02-21 15:15:00,366,366,366,366,0
2022-02-21 15:16:00,366,366,366,366,0
2022-02-21 15:17:00,366,366,366,366,0
2022-02-21 15:18:00,366,366,366,366,0
2022-02-21 15:19:00,366,366,366,366,0
2022-02-21 15:20:00,366,366,366,366,0
2022-02-21 15:21:00,366,366,366,366,0
2022-02-21 15:22:00,366,366,366,366,0
2022-02-21 15:23:00,366,366,366,366,0
2022-02-21 15:24:00,366,366,366,366,0
2022-02-21 15:25:00,366,366,366,366,0
2022-02-21 15:26:00,366,366,366,366,0
2022-02-21 15:27:00,366,366,366,366,0
2022-02-21 15:28:00,366,366,366,366,0
2022-02-21 15:29:00,366,366,366,366,0
2022-02-21 15:30:00,366,366,366,366,0
2022-02-21 15:31:00,366,366,366,366,0
2022-02-21 15:32:00,366,366,366,366,0
2022-02-21 15:33:00,366,366,366,366,0
2022-02-21 15:34:00,366,366,366,366,0
2022-02-21 15:35:00,366,366,366,366,0
2022-02-21 15:36:00,366,366,366,366,0
2022-02-21 15:37:00,366,366,366,366,0
2022-02-21 15:38:00,366,366,366,366,0
2022-02-21 15:39:00,366,366,366,366,0
2022-02-21 15:40:00,366,366,366,366,0
2022-02-21 15:41:00,366,366,366,366,0
2022-02-21 15:42:00,366,366,366,366,0
2022-02-21 15:43:00,366,366,366,366,0
2022-02-21 15:44:00,366,366,366,366,0
2022-02-21 15:45:00,366,366,366,366,0
2022-02-21 15:46:00,366,366,366,366,0
2022-02-21 15:47:00,366,366,366,366,0
2022-02-21 15:48:00,366,366,366,366,0
2022-02-21 15:49:00,366,366,366,366,0
2022-02-21 15:50:00,366,366,366,366,0
2022-02-21 15:51:00,366,366,366,366,0
2022-02-21 15:52:00,366,366,366,366,0
2022-02-21 15:53:00,366,366,366,366,0
2022-02-21 15:54:00,366,366,366,366,0
2022-02-21 15:55:00,366,366,366,366,0
2022-02-21 15:56:00,366,366,366,366,0
2022-02-21 15:57:00,366,366,366,366,0
2022-02-21 15:58:00,366,366,366,366,0
2022-02-21 15:59:00,366,366,366,366,0
2022-02-22 09:00:00,366,366,366,366,0
2022-02-22 09:01:00,366,366,366,366,0
2022-02-22 09:02:00,366,366,366,366,0
2022-02-22 09:03:00,364,360,364,360,0
2022-02-22 09:04:00,364,360,364,360,0
2022-02-22 09:05:00,364,360,364,360,0
2022-02-22 09:06:00,364,360,364,360,0
2022-02-22 09:07:00,364,360,364,360,0
2022-02-22 09:08:00,362,360,362,360,8800
2022-02-22 09:09:00,362,360,362,360,0
2022-02-22 09:10:00,362,360,362,360,0
2022-02-22 09:11:00,362,360,362,360,0
2022-02-22 09:12:00,362,360,362,360,0
2022-02-22 09:13:00,360,360,360,360,6200
2022-02-22 09:14:00,360,360,360,360,0
2022-02-22 09:15:00,360,360,360,360,0
2022-02-22 09:16:00,360,360,360,360,0
2022-02-22 09:17:00,360,360,360,360,0
2022-02-22 09:18:00,360,360,360,360,0
2022-02-22 09:19:00,360,360,360,360,0
2022-02-22 09:20:00,360,360,360,360,0
2022-02-22 09:21:00,360,360,360,360,0
2022-02-22 09:22:00,368,368,376,376,4400
2022-02-22 09:23:00,368,368,376,376,0
2022-02-22 09:24:00,368,368,376,376,0
2022-02-22 09:25:00,376,376,376,376,300
2022-02-22 09:26:00,376,376,376,376,0
2022-02-22 09:27:00,376,376,376,376,0
2022-02-22 09:28:00,362,360,362,360,1500
2022-02-22 09:29:00,360,360,360,360,200
2022-02-22 09:30:00,360,360,360,360,36800
2022-02-22 09:31:00,360,360,360,360,100
2022-02-22 09:32:00,360,360,360,360,0
2022-02-22 09:33:00,360,360,360,360,0
2022-02-22 09:34:00,360,360,360,360,100
2022-02-22 09:35:00,360,360,360,360,0
2022-02-22 09:36:00,360,360,360,360,0
2022-02-22 09:37:00,360,360,360,360,3000
2022-02-22 09:38:00,360,360,360,360,0
2022-02-22 09:39:00,360,360,360,360,0
2022-02-22 09:40:00,360,360,360,360,0
2022-02-22 09:41:00,360,360,360,360,0
2022-02-22 09:42:00,360,360,360,360,2200
2022-02-22 09:43:00,364,364,364,364,100
2022-02-22 09:44:00,364,364,364,364,0
2022-02-22 09:45:00,364,364,364,364,0
2022-02-22 09:46:00,364,364,364,364,0
2022-02-22 09:47:00,364,364,364,364,0
2022-02-22 09:48:00,364,364,364,364,0
2022-02-22 09:49:00,364,364,364,364,0
2022-02-22 09:50:00,364,364,364,364,0
2022-02-22 09:51:00,364,364,364,364,0
2022-02-22 09:52:00,364,364,364,364,0
2022-02-22 09:53:00,364,364,364,364,200
2022-02-22 09:54:00,364,364,364,364,0
2022-02-22 09:55:00,366,366,366,366,100
2022-02-22 09:56:00,366,366,366,366,0
2022-02-22 09:57:00,366,366,366,366,0
2022-02-22 09:58:00,366,366,366,366,100
2022-02-22 09:59:00,366,366,366,366,0
2022-02-22 10:00:00,366,366,366,366,0
2022-02-22 10:01:00,366,366,366,366,0
2022-02-22 10:02:00,366,366,366,366,0
2022-02-22 10:03:00,366,366,366,366,0
2022-02-22 10:04:00,366,366,366,366,0
2022-02-22 10:05:00,366,366,366,366,0
2022-02-22 10:06:00,366,366,366,366,0
2022-02-22 10:07:00,366,366,366,366,0
2022-02-22 10:08:00,366,366,366,366,1000
2022-02-22 10:09:00,366,366,366,366,0
2022-02-22 10:10:00,366,366,366,366,0
2022-02-22 10:11:00,366,366,366,366,0
2022-02-22 10:12:00,366,366,366,366,0
2022-02-22 10:13:00,366,366,366,366,0
2022-02-22 10:14:00,366,366,366,366,0
2022-02-22 10:15:00,366,366,366,366,0
2022-02-22 10:16:00,366,366,366,366,0
2022-02-22 10:17:00,366,366,366,366,0
2022-02-22 10:18:00,366,366,366,366,0
2022-02-22 10:19:00,366,366,366,366,0
2022-02-22 10:20:00,366,366,366,366,0
2022-02-22 10:21:00,366,366,366,366,0
2022-02-22 10:22:00,366,366,366,366,0
2022-02-22 10:23:00,366,366,366,366,0
2022-02-22 10:24:00,366,366,366,366,0
2022-02-22 10:25:00,366,366,366,366,0
2022-02-22 10:26:00,366,366,366,366,0
2022-02-22 10:27:00,366,366,366,366,0
2022-02-22 10:28:00,362,360,362,360,5600
2022-02-22 10:29:00,362,360,362,360,0
2022-02-22 10:30:00,362,360,362,360,0
2022-02-22 10:31:00,362,360,362,360,0
2022-02-22 10:32:00,362,360,362,360,0
2022-02-22 10:33:00,362,360,362,360,0
2022-02-22 10:34:00,362,360,362,360,0
2022-02-22 10:35:00,362,360,362,360,0
2022-02-22 10:36:00,362,360,362,360,0
2022-02-22 10:37:00,362,360,362,360,0
2022-02-22 10:38:00,362,360,362,360,0
2022-02-22 10:39:00,362,360,362,360,0
2022-02-22 10:40:00,362,360,362,360,0
2022-02-22 10:41:00,362,360,362,360,0
2022-02-22 10:42:00,362,360,362,360,0
2022-02-22 10:43:00,362,360,362,360,0
2022-02-22 10:44:00,362,360,362,360,0
2022-02-22 10:45:00,362,360,362,360,0
2022-02-22 10:46:00,362,360,362,360,0
2022-02-22 10:47:00,362,360,362,360,0
2022-02-22 10:48:00,362,360,362,360,0
2022-02-22 10:49:00,362,360,362,360,0
2022-02-22 10:50:00,362,360,362,360,0
2022-02-22 10:51:00,362,360,362,360,0
2022-02-22 10:52:00,362,360,362,360,0
2022-02-22 10:53:00,362,360,362,360,0
2022-02-22 10:54:00,362,360,362,360,0
2022-02-22 10:55:00,362,360,362,360,0
2022-02-22 10:56:00,362,362,362,362,600
2022-02-22 10:57:00,362,362,362,362,0
2022-02-22 10:58:00,362,362,362,362,0
2022-02-22 10:59:00,362,362,362,362,0
2022-02-22 11:00:00,362,362,362,362,0
2022-02-22 11:01:00,362,362,362,362,0
2022-02-22 11:02:00,362,362,362,362,0
2022-02-22 11:03:00,362,362,362,362,0
2022-02-22 11:04:00,362,362,362,362,0
2022-02-22 11:05:00,362,362,362,362,0
2022-02-22 11:06:00,362,362,362,362,0
2022-02-22 11:07:00,362,362,362,362,0
2022-02-22 11:08:00,362,362,362,362,0
2022-02-22 11:09:00,362,362,362,362,0
2022-02-22 11:10:00,362,362,362,362,0
2022-02-22 11:11:00,362,362,362,362,0
2022-02-22 11:12:00,362,362,362,362,0
2022-02-22 11:13:00,362,362,362,362,0
2022-02-22 11:14:00,362,362,362,362,0
2022-02-22 11:15:00,362,362,362,362,0
2022-02-22 11:16:00,362,362,362,362,0
2022-02-22 11:17:00,362,362,362,362,0
2022-02-22 11:18:00,362,362,362,362,8500
2022-02-22 11:19:00,362,362,362,362,0
2022-02-22 11:20:00,362,362,362,362,1000
2022-02-22 11:21:00,362,362,362,362,0
2022-02-22 11:22:00,362,362,362,362,0
2022-02-22 11:23:00,362,362,362,362,0
2022-02-22 11:24:00,362,362,362,362,0
2022-02-22 11:25:00,362,362,362,362,0
2022-02-22 11:26:00,362,362,362,362,0
2022-02-22 11:27:00,362,362,362,362,0
2022-02-22 11:28:00,362,362,362,362,0
2022-02-22 11:29:00,362,362,362,362,0
2022-02-22 11:30:00,362,362,362,362,0
2022-02-22 11:31:00,362,362,362,362,0
2022-02-22 11:32:00,362,362,362,362,0
2022-02-22 11:33:00,362,362,362,362,0
2022-02-22 11:34:00,362,362,362,362,0
2022-02-22 11:35:00,362,362,362,362,0
2022-02-22 11:36:00,362,362,362,362,0
2022-02-22 11:37:00,362,362,362,362,0
2022-02-22 11:38:00,362,362,362,362,0
2022-02-22 11:39:00,362,362,362,362,0
2022-02-22 11:40:00,362,362,362,362,0
2022-02-22 11:41:00,362,362,362,362,0
2022-02-22 11:42:00,362,362,362,362,0
2022-02-22 11:43:00,362,362,362,362,0
2022-02-22 11:44:00,362,362,362,362,0
2022-02-22 11:45:00,362,362,362,362,0
2022-02-22 11:46:00,362,362,362,362,0
2022-02-22 11:47:00,362,362,362,362,0
2022-02-22 11:48:00,362,362,362,362,0
2022-02-22 11:49:00,362,362,362,362,0
2022-02-22 11:50:00,362,362,362,362,0
2022-02-22 11:51:00,362,362,362,362,0
2022-02-22 11:52:00,362,362,362,362,0
2022-02-22 11:53:00,362,362,362,362,0
2022-02-22 11:54:00,362,362,362,362,0
2022-02-22 11:55:00,362,362,362,362,0
2022-02-22 11:56:00,362,362,362,362,0
2022-02-22 11:57:00,362,362,362,362,0
2022-02-22 11:58:00,362,362,362,362,0
2022-02-22 11:59:00,362,362,362,362,0
2022-02-22 12:00:00,362,362,362,362,0
2022-02-22 12:01:00,362,362,362,362,0
2022-02-22 12:02:00,362,362,362,362,0
2022-02-22 12:03:00,362,362,362,362,0
2022-02-22 12:04:00,362,362,362,362,0
2022-02-22 12:05:00,362,362,362,362,0
2022-02-22 12:06:00,362,362,362,362,0
2022-02-22 12:07:00,362,362,362,362,0
2022-02-22 12:08:00,362,362,362,362,0
2022-02-22 12:09:00,362,362,362,362,0
2022-02-22 12:10:00,362,362,362,362,0
2022-02-22 12:11:00,362,362,362,362,0
2022-02-22 12:12:00,362,362,362,362,0
2022-02-22 12:13:00,362,362,362,362,0
2022-02-22 12:14:00,362,362,362,362,0
2022-02-22 12:15:00,362,362,362,362,0
2022-02-22 12:16:00,362,362,362,362,0
2022-02-22 12:17:00,362,362,362,362,0
2022-02-22 12:18:00,362,362,362,362,0
2022-02-22 12:19:00,362,362,362,362,0
2022-02-22 12:20:00,362,362,362,362,0
2022-02-22 12:21:00,362,362,362,362,0
2022-02-22 12:22:00,362,362,362,362,0
2022-02-22 12:23:00,362,362,362,362,0
2022-02-22 12:24:00,362,362,362,362,0
2022-02-22 12:25:00,362,362,362,362,0
2022-02-22 12:26:00,362,362,362,362,0
2022-02-22 12:27:00,362,362,362,362,0
2022-02-22 12:28:00,362,362,362,362,0
2022-02-22 12:29:00,362,362,362,362,0
2022-02-22 12:30:00,362,362,362,362,0
2022-02-22 12:31:00,362,362,362,362,0
2022-02-22 12:32:00,362,362,362,362,0
2022-02-22 12:33:00,362,362,362,362,0
2022-02-22 12:34:00,362,362,362,362,0
2022-02-22 12:35:00,362,362,362,362,0
2022-02-22 12:36:00,362,362,362,362,0
2022-02-22 12:37:00,362,362,362,362,0
2022-02-22 12:38:00,362,362,362,362,0
2022-02-22 12:39:00,362,362,362,362,0
2022-02-22 12:40:00,362,362,362,362,0
2022-02-22 12:41:00,362,362,362,362,0
2022-02-22 12:42:00,362,362,362,362,0
2022-02-22 12:43:00,362,362,362,362,0
2022-02-22 12:44:00,362,362,362,362,0
2022-02-22 12:45:00,362,362,362,362,0
2022-02-22 12:46:00,362,362,362,362,0
2022-02-22 12:47:00,362,362,362,362,0
2022-02-22 12:48:00,362,362,362,362,0
2022-02-22 12:49:00,362,362,362,362,0
2022-02-22 12:50:00,362,362,362,362,0
2022-02-22 12:51:00,362,362,362,362,0
2022-02-22 12:52:00,362,362,362,362,0
2022-02-22 12:53:00,362,362,362,362,0
2022-02-22 12:54:00,362,362,362,362,0
2022-02-22 12:55:00,362,362,362,362,0
2022-02-22 12:56:00,362,362,362,362,0
2022-02-22 12:57:00,362,362,362,362,0
2022-02-22 12:58:00,362,362,362,362,0
2022-02-22 12:59:00,362,362,362,362,0
2022-02-22 13:00:00,362,362,362,362,0
2022-02-22 13:01:00,362,362,362,362,0
2022-02-22 13:02:00,362,362,362,362,0
2022-02-22 13:03:00,362,362,362,362,0
2022-02-22 13:04:00,362,362,362,362,0
2022-02-22 13:05:00,362,362,362,362,0
2022-02-22 13:06:00,362,362,362,362,0
2022-02-22 13:07:00,362,362,362,362,0
2022-02-22 13:08:00,362,362,362,362,0
2022-02-22 13:09:00,362,362,362,362,0
2022-02-22 13:10:00,362,362,362,362,0
2022-02-22 13:11:00,362,362,362,362,0
2022-02-22 13:12:00,362,362,362,362,0
2022-02-22 13:13:00,362,362,362,362,0
2022-02-22 13:14:00,362,362,362,362,0
2022-02-22 13:15:00,362,362,362,362,0
2022-02-22 13:16:00,362,362,362,362,0
2022-02-22 13:17:00,362,362,362,362,0
2022-02-22 13:18:00,362,362,362,362,0
2022-02-22 13:19:00,362,362,362,362,0
2022-02-22 13:20:00,362,362,362,362,0
2022-02-22 13:21:00,362,362,362,362,0
2022-02-22 13:22:00,362,362,362,362,0
2022-02-22 13:23:00,362,362,362,362,0
2022-02-22 13:24:00,362,362,362,362,0
2022-02-22 13:25:00,362,362,362,362,0
2022-02-22 13:26:00,362,362,362,362,0
2022-02-22 13:27:00,362,362,362,362,0
2022-02-22 13:28:00,362,362,362,362,0
2022-02-22 13:29:00,362,362,362,362,0
2022-02-22 13:30:00,362,362,362,362,0
2022-02-22 13:31:00,362,362,362,362,0
2022-02-22 13:32:00,362,362,362,362,0
2022-02-22 13:33:00,362,362,362,362,0
2022-02-22 13:34:00,362,362,362,362,0
2022-02-22 13:35:00,366,366,366,366,100
2022-02-22 13:36:00,366,366,366,366,0
2022-02-22 13:37:00,362,360,362,360,9000
2022-02-22 13:38:00,362,360,362,360,0
2022-02-22 13:39:00,362,360,362,360,0
2022-02-22 13:40:00,362,360,362,360,0
2022-02-22 13:41:00,360,360,360,360,10000
2022-02-22 13:42:00,360,360,360,360,0
2022-02-22 13:43:00,360,360,360,360,5000
2022-02-22 13:44:00,360,360,360,360,0
2022-02-22 13:45:00,360,360,360,360,0
2022-02-22 13:46:00,360,360,360,360,0
2022-02-22 13:47:00,360,360,360,360,0
2022-02-22 13:48:00,360,360,360,360,0
2022-02-22 13:49:00,360,360,360,360,0
2022-02-22 13:50:00,360,360,360,360,0
2022-02-22 13:51:00,360,360,360,360,0
2022-02-22 13:52:00,360,360,360,360,5000
2022-02-22 13:53:00,360,360,360,360,0
2022-02-22 13:54:00,360,360,360,360,6500
2022-02-22 13:55:00,360,360,360,360,0
2022-02-22 13:56:00,360,360,360,360,0
2022-02-22 13:57:00,360,360,360,360,0
2022-02-22 13:58:00,360,360,360,360,0
2022-02-22 13:59:00,360,360,360,360,0
2022-02-22 14:00:00,360,360,360,360,0
2022-02-22 14:01:00,360,360,360,360,0
2022-02-22 14:02:00,360,360,360,360,5000
2022-02-22 14:03:00,360,360,360,360,0
2022-02-22 14:04:00,360,360,360,360,0
2022-02-22 14:05:00,360,360,360,360,0
2022-02-22 14:06:00,360,360,360,360,0
2022-02-22 14:07:00,360,360,360,360,0
2022-02-22 14:08:00,360,360,360,360,0
2022-02-22 14:09:00,360,360,360,360,0
2022-02-22 14:10:00,360,360,360,360,5000
2022-02-22 14:11:00,360,360,360,360,0
2022-02-22 14:12:00,360,360,360,360,0
2022-02-22 14:13:00,360,360,360,360,0
2022-02-22 14:14:00,360,360,360,360,0
2022-02-22 14:15:00,360,360,360,360,0
2022-02-22 14:16:00,360,360,360,360,0
2022-02-22 14:17:00,360,360,360,360,0
2022-02-22 14:18:00,360,360,360,360,0
2022-02-22 14:19:00,360,360,360,360,0
2022-02-22 14:20:00,360,360,360,360,0
2022-02-22 14:21:00,360,360,360,360,0
2022-02-22 14:22:00,360,360,360,360,0
2022-02-22 14:23:00,360,360,360,360,5000
2022-02-22 14:24:00,360,360,360,360,0
2022-02-22 14:25:00,360,360,360,360,0
2022-02-22 14:26:00,360,360,360,360,0
2022-02-22 14:27:00,360,360,360,360,5000
2022-02-22 14:28:00,360,360,360,360,0
2022-02-22 14:29:00,364,364,366,366,200
2022-02-22 14:30:00,360,360,360,360,6000
2022-02-22 14:31:00,360,360,360,360,0
2022-02-22 14:32:00,360,360,360,360,5000
2022-02-22 14:33:00,360,360,360,360,5300
2022-02-22 14:34:00,360,360,360,360,0
2022-02-22 14:35:00,358,358,358,358,9700
2022-02-22 14:36:00,358,358,358,358,0
2022-02-22 14:37:00,358,358,358,358,0
2022-02-22 14:38:00,358,358,358,358,0
2022-02-22 14:39:00,358,358,358,358,0
2022-02-22 14:40:00,358,358,358,358,0
2022-02-22 14:41:00,360,358,360,358,21500
2022-02-22 14:42:00,360,358,360,358,0
2022-02-22 14:43:00,360,358,360,358,0
2022-02-22 14:44:00,366,366,366,366,100
2022-02-22 14:45:00,366,366,366,366,0
2022-02-22 14:46:00,366,366,366,366,0
2022-02-22 14:47:00,366,366,366,366,200
2022-02-22 14:48:00,366,366,366,366,0
2022-02-22 14:49:00,366,366,366,366,0
2022-02-22 14:50:00,366,366,366,366,0
2022-02-22 14:51:00,366,366,366,366,0
2022-02-22 14:52:00,366,366,366,366,0
2022-02-22 14:53:00,366,366,366,366,0
2022-02-22 14:54:00,366,366,366,366,0
2022-02-22 14:55:00,366,366,366,366,0
2022-02-22 14:56:00,366,366,366,366,0
2022-02-22 14:57:00,366,366,366,366,0
2022-02-22 14:58:00,366,366,366,366,0
2022-02-22 14:59:00,366,366,366,366,0
2022-02-22 15:00:00,366,366,366,366,0
2022-02-22 15:01:00,366,366,366,366,0
2022-02-22 15:02:00,366,366,366,366,0
2022-02-22 15:03:00,366,366,366,366,0
2022-02-22 15:04:00,366,366,366,366,0
2022-02-22 15:05:00,366,366,366,366,0
2022-02-22 15:06:00,366,366,366,366,0
2022-02-22 15:07:00,366,366,366,366,0
2022-02-22 15:08:00,366,366,366,366,0
2022-02-22 15:09:00,366,366,366,366,0
2022-02-22 15:10:00,366,366,366,366,0
2022-02-22 15:11:00,366,366,366,366,0
2022-02-22 15:12:00,366,366,366,366,0
2022-02-22 15:13:00,366,366,366,366,0
2022-02-22 15:14:00,366,366,366,366,0
2022-02-22 15:15:00,366,366,366,366,0
2022-02-22 15:16:00,366,366,366,366,0
2022-02-22 15:17:00,366,366,366,366,0
2022-02-22 15:18:00,366,366,366,366,0
2022-02-22 15:19:00,366,366,366,366,0
2022-02-22 15:20:00,366,366,366,366,0
2022-02-22 15:21:00,366,366,366,366,0
2022-02-22 15:22:00,366,366,366,366,0
2022-02-22 15:23:00,366,366,366,366,0
2022-02-22 15:24:00,366,366,366,366,0
2022-02-22 15:25:00,366,366,366,366,0
2022-02-22 15:26:00,366,366,366,366,0
2022-02-22 15:27:00,366,366,366,366,0
2022-02-22 15:28:00,366,366,366,366,0
2022-02-22 15:29:00,366,366,366,366,0
2022-02-22 15:30:00,366,366,366,366,0
2022-02-22 15:31:00,366,366,366,366,0
2022-02-22 15:32:00,366,366,366,366,0
2022-02-22 15:33:00,366,366,366,366,0
2022-02-22 15:34:00,366,366,366,366,0
2022-02-22 15:35:00,366,366,366,366,0
2022-02-22 15:36:00,366,366,366,366,0
2022-02-22 15:37:00,366,366,366,366,0
2022-02-22 15:38:00,366,366,366,366,0
2022-02-22 15:39:00,366,366,366,366,0
2022-02-22 15:40:00,366,366,366,366,0
2022-02-22 15:41:00,366,366,366,366,0
2022-02-22 15:42:00,366,366,366,366,0
2022-02-22 15:43:00,366,366,366,366,0
2022-02-22 15:44:00,366,366,366,366,0
2022-02-22 15:45:00,366,366,366,366,0
2022-02-22 15:46:00,366,366,366,366,0
2022-02-22 15:47:00,366,366,366,366,0
2022-02-22 15:48:00,366,366,366,366,0
2022-02-22 15:49:00,366,366,366,366,0
2022-02-22 15:50:00,366,366,366,366,0
2022-02-22 15:51:00,366,366,366,366,0
2022-02-22 15:52:00,366,366,366,366,0
2022-02-22 15:53:00,366,366,366,366,0
2022-02-22 15:54:00,366,366,366,366,0
2022-02-22 15:55:00,366,366,366,366,0
2022-02-22 15:56:00,366,366,366,366,0
2022-02-22 15:57:00,366,366,366,366,0
2022-02-22 15:58:00,366,366,366,366,0
2022-02-22 15:59:00,366,366,366,366,0
2022-02-23 09:00:00,366,366,366,366,0
2022-02-23 09:01:00,366,366,366,366,0
2022-02-23 09:02:00,366,366,366,366,0
2022-02-23 09:03:00,366,366,366,366,0
2022-02-23 09:04:00,366,366,366,366,0
2022-02-23 09:05:00,366,366,366,366,0
2022-02-23 09:06:00,364,362,364,362,1000
2022-02-23 09:07:00,364,362,364,362,0
2022-02-23 09:08:00,364,362,364,362,0
2022-02-23 09:09:00,364,362,364,362,0
2022-02-23 09:10:00,362,362,362,362,100
2022-02-23 09:11:00,362,362,362,362,0
2022-02-23 09:12:00,362,362,362,362,0
2022-02-23 09:13:00,362,362,362,362,0
2022-02-23 09:14:00,362,362,362,362,400
2022-02-23 09:15:00,362,362,362,362,0
2022-02-23 09:16:00,362,362,362,362,0
2022-02-23 09:17:00,362,362,362,362,0
2022-02-23 09:18:00,362,362,362,362,0
2022-02-23 09:19:00,362,362,362,362,0
2022-02-23 09:20:00,362,362,362,362,0
2022-02-23 09:21:00,362,362,362,362,0
2022-02-23 09:22:00,362,362,362,362,0
2022-02-23 09:23:00,362,362,362,362,0
2022-02-23 09:24:00,362,362,362,362,0
2022-02-23 09:25:00,362,362,362,362,0
2022-02-23 09:26:00,362,362,362,362,0
2022-02-23 09:27:00,362,362,362,362,0
2022-02-23 09:28:00,362,362,362,362,0
2022-02-23 09:29:00,362,362,362,362,0
2022-02-23 09:30:00,360,360,360,360,1000
2022-02-23 09:31:00,360,360,360,360,400
2022-02-23 09:32:00,360,360,360,360,0
2022-02-23 09:33:00,360,360,360,360,2500
2022-02-23 09:34:00,362,362,362,362,1200
2022-02-23 09:35:00,362,362,362,362,0
2022-02-23 09:36:00,362,362,362,362,0
2022-02-23 09:37:00,362,362,362,362,0
2022-02-23 09:38:00,362,362,362,362,0
2022-02-23 09:39:00,362,362,362,362,0
2022-02-23 09:40:00,362,362,362,362,0
2022-02-23 09:41:00,362,362,362,362,0
2022-02-23 09:42:00,362,362,362,362,0
2022-02-23 09:43:00,362,362,362,362,0
2022-02-23 09:44:00,362,362,362,362,0
2022-02-23 09:45:00,362,362,362,362,0
2022-02-23 09:46:00,362,362,362,362,0
2022-02-23 09:47:00,362,362,362,362,0
2022-02-23 09:48:00,360,360,360,360,1500
2022-02-23 09:49:00,360,356,360,360,14800
2022-02-23 09:50:00,360,356,360,360,0
2022-02-23 09:51:00,360,360,360,360,500
2022-02-23 09:52:00,360,360,360,360,0
2022-02-23 09:53:00,360,360,360,360,0
2022-02-23 09:54:00,360,360,360,360,0
2022-02-23 09:55:00,360,360,360,360,0
2022-02-23 09:56:00,360,360,360,360,0
2022-02-23 09:57:00,360,360,360,360,0
2022-02-23 09:58:00,360,360,360,360,0
2022-02-23 09:59:00,360,360,360,360,0
2022-02-23 10:00:00,360,360,360,360,0
2022-02-23 10:01:00,360,360,360,360,0
2022-02-23 10:02:00,360,360,360,360,0
2022-02-23 10:03:00,360,360,360,360,0
2022-02-23 10:04:00,360,360,360,360,0
2022-02-23 10:05:00,360,360,360,360,0
2022-02-23 10:06:00,360,360,360,360,0
2022-02-23 10:07:00,360,360,360,360,0
2022-02-23 10:08:00,360,360,360,360,0
2022-02-23 10:09:00,360,360,360,360,0
2022-02-23 10:10:00,360,360,360,360,0
2022-02-23 10:11:00,360,360,360,360,0
2022-02-23 10:12:00,360,360,360,360,0
2022-02-23 10:13:00,360,360,360,360,0
2022-02-23 10:14:00,360,360,360,360,0
2022-02-23 10:15:00,360,360,360,360,0
2022-02-23 10:16:00,360,360,360,360,0
2022-02-23 10:17:00,360,360,360,360,0
2022-02-23 10:18:00,356,356,356,356,1000
2022-02-23 10:19:00,356,356,356,356,0
2022-02-23 10:20:00,356,356,356,356,0
2022-02-23 10:21:00,356,356,356,356,0
2022-02-23 10:22:00,356,356,356,356,0
2022-02-23 10:23:00,356,356,356,356,0
2022-02-23 10:24:00,362,362,362,362,100
2022-02-23 10:25:00,362,362,362,362,0
2022-02-23 10:26:00,362,362,362,362,0
2022-02-23 10:27:00,362,362,362,362,0
2022-02-23 10:28:00,362,362,362,362,0
2022-02-23 10:29:00,362,362,362,362,0
2022-02-23 10:30:00,362,362,362,362,0
2022-02-23 10:31:00,362,362,362,362,0
2022-02-23 10:32:00,362,362,362,362,0
2022-02-23 10:33:00,362,362,362,362,0
2022-02-23 10:34:00,362,362,362,362,0
2022-02-23 10:35:00,362,362,362,362,0
2022-02-23 10:36:00,362,362,362,362,0
2022-02-23 10:37:00,362,362,362,362,0
2022-02-23 10:38:00,362,362,362,362,0
2022-02-23 10:39:00,362,362,362,362,0
2022-02-23 10:40:00,362,362,362,362,0
2022-02-23 10:41:00,362,362,362,362,0
2022-02-23 10:42:00,362,362,362,362,0
2022-02-23 10:43:00,362,362,362,362,0
2022-02-23 10:44:00,362,362,362,362,0
2022-02-23 10:45:00,362,362,362,362,0
2022-02-23 10:46:00,362,362,362,362,0
2022-02-23 10:47:00,362,362,362,362,0
2022-02-23 10:48:00,362,362,362,362,0
2022-02-23 10:49:00,362,362,362,362,0
2022-02-23 10:50:00,362,362,362,362,0
2022-02-23 10:51:00,362,362,362,362,0
2022-02-23 10:52:00,362,362,362,362,0
2022-02-23 10:53:00,362,362,362,362,0
2022-02-23 10:54:00,362,362,362,362,0
2022-02-23 10:55:00,362,362,362,362,0
2022-02-23 10:56:00,362,362,362,362,0
2022-02-23 10:57:00,362,362,362,362,0
2022-02-23 10:58:00,362,362,362,362,0
2022-02-23 10:59:00,362,362,362,362,0
2022-02-23 11:00:00,362,362,362,362,0
2022-02-23 11:01:00,362,362,362,362,0
2022-02-23 11:02:00,362,362,362,362,0
2022-02-23 11:03:00,362,362,362,362,0
2022-02-23 11:04:00,362,362,362,362,0
2022-02-23 11:05:00,362,362,362,362,0
2022-02-23 11:06:00,362,362,362,362,0
2022-02-23 11:07:00,362,362,362,362,0
2022-02-23 11:08:00,362,362,362,362,0
2022-02-23 11:09:00,362,362,362,362,0
2022-02-23 11:10:00,362,362,362,362,0
2022-02-23 11:11:00,362,362,362,362,0
2022-02-23 11:12:00,362,362,362,362,0
2022-02-23 11:13:00,362,362,362,362,0
2022-02-23 11:14:00,362,362,362,362,0
2022-02-23 11:15:00,362,362,362,362,0
2022-02-23 11:16:00,362,362,362,362,0
2022-02-23 11:17:00,362,362,362,362,0
2022-02-23 11:18:00,362,362,362,362,0
2022-02-23 11:19:00,362,362,362,362,0
2022-02-23 11:20:00,362,362,362,362,0
2022-02-23 11:21:00,362,362,362,362,0
2022-02-23 11:22:00,362,362,362,362,0
2022-02-23 11:23:00,362,362,362,362,0
2022-02-23 11:24:00,362,362,362,362,0
2022-02-23 11:25:00,362,362,362,362,0
2022-02-23 11:26:00,362,362,362,362,0
2022-02-23 11:27:00,362,362,362,362,0
2022-02-23 11:28:00,362,362,362,362,0
2022-02-23 11:29:00,362,362,362,362,0
2022-02-23 11:30:00,362,362,362,362,0
2022-02-23 11:31:00,362,362,362,362,0
2022-02-23 11:32:00,362,362,362,362,0
2022-02-23 11:33:00,362,362,362,362,0
2022-02-23 11:34:00,362,362,362,362,0
2022-02-23 11:35:00,362,362,362,362,0
2022-02-23 11:36:00,362,362,362,362,0
2022-02-23 11:37:00,362,362,362,362,0
2022-02-23 11:38:00,362,362,362,362,0
2022-02-23 11:39:00,362,362,362,362,0
2022-02-23 11:40:00,362,362,362,362,0
2022-02-23 11:41:00,362,362,362,362,0
2022-02-23 11:42:00,362,362,362,362,0
2022-02-23 11:43:00,362,362,362,362,0
2022-02-23 11:44:00,362,362,362,362,0
2022-02-23 11:45:00,362,362,362,362,0
2022-02-23 11:46:00,362,362,362,362,0
2022-02-23 11:47:00,362,362,362,362,0
2022-02-23 11:48:00,362,362,362,362,0
2022-02-23 11:49:00,362,362,362,362,0
2022-02-23 11:50:00,362,362,362,362,0
2022-02-23 11:51:00,362,362,362,362,0
2022-02-23 11:52:00,362,362,362,362,0
2022-02-23 11:53:00,362,362,362,362,0
2022-02-23 11:54:00,362,362,362,362,0
2022-02-23 11:55:00,362,362,362,362,0
2022-02-23 11:56:00,362,362,362,362,0
2022-02-23 11:57:00,362,362,362,362,0
2022-02-23 11:58:00,362,362,362,362,0
2022-02-23 11:59:00,362,362,362,362,0
2022-02-23 12:00:00,362,362,362,362,0
2022-02-23 12:01:00,362,362,362,362,0
2022-02-23 12:02:00,362,362,362,362,0
2022-02-23 12:03:00,362,362,362,362,0
2022-02-23 12:04:00,362,362,362,362,0
2022-02-23 12:05:00,362,362,362,362,0
2022-02-23 12:06:00,362,362,362,362,0
2022-02-23 12:07:00,362,362,362,362,0
2022-02-23 12:08:00,362,362,362,362,0
2022-02-23 12:09:00,362,362,362,362,0
2022-02-23 12:10:00,362,362,362,362,0
2022-02-23 12:11:00,362,362,362,362,0
2022-02-23 12:12:00,362,362,362,362,0
2022-02-23 12:13:00,362,362,362,362,0
2022-02-23 12:14:00,362,362,362,362,0
2022-02-23 12:15:00,362,362,362,362,0
2022-02-23 12:16:00,362,362,362,362,0
2022-02-23 12:17:00,362,362,362,362,0
2022-02-23 12:18:00,362,362,362,362,0
2022-02-23 12:19:00,362,362,362,362,0
2022-02-23 12:20:00,362,362,362,362,0
2022-02-23 12:21:00,362,362,362,362,0
2022-02-23 12:22:00,362,362,362,362,0
2022-02-23 12:23:00,362,362,362,362,0
2022-02-23 12:24:00,362,362,362,362,0
2022-02-23 12:25:00,362,362,362,362,0
2022-02-23 12:26:00,362,362,362,362,0
2022-02-23 12:27:00,362,362,362,362,0
2022-02-23 12:28:00,362,362,362,362,0
2022-02-23 12:29:00,362,362,362,362,0
2022-02-23 12:30:00,362,362,362,362,0
2022-02-23 12:31:00,362,362,362,362,0
2022-02-23 12:32:00,362,362,362,362,0
2022-02-23 12:33:00,362,362,362,362,0
2022-02-23 12:34:00,362,362,362,362,0
2022-02-23 12:35:00,362,362,362,362,0
2022-02-23 12:36:00,362,362,362,362,0
2022-02-23 12:37:00,362,362,362,362,0
2022-02-23 12:38:00,362,362,362,362,0
2022-02-23 12:39:00,362,362,362,362,0
2022-02-23 12:40:00,362,362,362,362,0
2022-02-23 12:41:00,362,362,362,362,0
2022-02-23 12:42:00,362,362,362,362,0
2022-02-23 12:43:00,362,362,362,362,0
2022-02-23 12:44:00,362,362,362,362,0
2022-02-23 12:45:00,362,362,362,362,0
2022-02-23 12:46:00,362,362,362,362,0
2022-02-23 12:47:00,362,362,362,362,0
2022-02-23 12:48:00,362,362,362,362,0
2022-02-23 12:49:00,362,362,362,362,0
2022-02-23 12:50:00,362,362,362,362,0
2022-02-23 12:51:00,362,362,362,362,0
2022-02-23 12:52:00,362,362,362,362,0
2022-02-23 12:53:00,362,362,362,362,0
2022-02-23 12:54:00,362,362,362,362,0
2022-02-23 12:55:00,362,362,362,362,0
2022-02-23 12:56:00,362,362,362,362,0
2022-02-23 12:57:00,362,362,362,362,0
2022-02-23 12:58:00,362,362,362,362,0
2022-02-23 12:59:00,362,362,362,362,0
2022-02-23 13:00:00,362,362,362,362,0
2022-02-23 13:01:00,362,362,362,362,0
2022-02-23 13:02:00,362,362,362,362,0
2022-02-23 13:03:00,362,362,362,362,0
2022-02-23 13:04:00,362,362,362,362,0
2022-02-23 13:05:00,362,362,362,362,0
2022-02-23 13:06:00,362,362,362,362,0
2022-02-23 13:07:00,362,362,362,362,0
2022-02-23 13:08:00,362,362,362,362,0
2022-02-23 13:09:00,362,362,362,362,0
2022-02-23 13:10:00,362,362,362,362,0
2022-02-23 13:11:00,362,362,362,362,0
2022-02-23 13:12:00,362,362,362,362,0
2022-02-23 13:13:00,362,362,362,362,0
2022-02-23 13:14:00,362,362,362,362,0
2022-02-23 13:15:00,362,362,362,362,0
2022-02-23 13:16:00,362,362,362,362,0
2022-02-23 13:17:00,362,362,362,362,0
2022-02-23 13:18:00,362,362,362,362,0
2022-02-23 13:19:00,362,362,362,362,0
2022-02-23 13:20:00,362,362,362,362,0
2022-02-23 13:21:00,362,362,362,362,0
2022-02-23 13:22:00,362,362,362,362,0
2022-02-23 13:23:00,362,362,362,362,0
2022-02-23 13:24:00,362,362,362,362,0
2022-02-23 13:25:00,362,362,362,362,0
2022-02-23 13:26:00,362,362,362,362,0
2022-02-23 13:27:00,362,362,362,362,0
2022-02-23 13:28:00,362,362,362,362,0
2022-02-23 13:29:00,362,362,362,362,0
2022-02-23 13:30:00,362,362,362,362,0
2022-02-23 13:31:00,362,362,362,362,0
2022-02-23 13:32:00,362,362,362,362,5400
2022-02-23 13:33:00,362,362,362,362,0
2022-02-23 13:34:00,362,362,362,362,0
2022-02-23 13:35:00,362,362,362,362,0
2022-02-23 13:36:00,364,364,364,364,500
2022-02-23 13:37:00,366,366,366,366,100
2022-02-23 13:38:00,366,366,366,366,0
2022-02-23 13:39:00,366,366,366,366,0
2022-02-23 13:40:00,366,366,366,366,0
2022-02-23 13:41:00,366,366,366,366,0
2022-02-23 13:42:00,366,366,366,366,0
2022-02-23 13:43:00,366,366,366,366,0
2022-02-23 13:44:00,366,366,366,366,0
2022-02-23 13:45:00,366,366,366,366,0
2022-02-23 13:46:00,366,366,366,366,0
2022-02-23 13:47:00,366,366,366,366,0
2022-02-23 13:48:00,366,366,366,366,0
2022-02-23 13:49:00,366,366,368,368,1000
2022-02-23 13:50:00,366,366,368,368,0
2022-02-23 13:51:00,366,366,368,368,0
2022-02-23 13:52:00,366,366,368,368,0
2022-02-23 13:53:00,366,366,368,368,0
2022-02-23 13:54:00,366,366,368,368,0
2022-02-23 13:55:00,368,368,368,368,200
2022-02-23 13:56:00,368,368,368,368,0
2022-02-23 13:57:00,368,368,368,368,0
2022-02-23 13:58:00,368,368,368,368,0
2022-02-23 13:59:00,360,360,360,360,7000
2022-02-23 14:00:00,360,360,360,360,0
2022-02-23 14:01:00,360,360,360,360,200
2022-02-23 14:02:00,360,360,360,360,0
2022-02-23 14:03:00,360,360,360,360,0
2022-02-23 14:04:00,360,360,360,360,0
2022-02-23 14:05:00,360,360,360,360,0
2022-02-23 14:06:00,360,360,360,360,0
2022-02-23 14:07:00,360,360,360,360,0
2022-02-23 14:08:00,360,360,360,360,0
2022-02-23 14:09:00,360,360,360,360,0
2022-02-23 14:10:00,360,360,360,360,0
2022-02-23 14:11:00,360,360,360,360,0
2022-02-23 14:12:00,360,360,360,360,0
2022-02-23 14:13:00,360,360,360,360,0
2022-02-23 14:14:00,360,360,360,360,0
2022-02-23 14:15:00,360,360,360,360,0
2022-02-23 14:16:00,360,360,360,360,0
2022-02-23 14:17:00,360,360,360,360,0
2022-02-23 14:18:00,360,360,360,360,0
2022-02-23 14:19:00,366,366,366,366,100
2022-02-23 14:20:00,366,366,366,366,0
2022-02-23 14:21:00,366,366,366,366,0
2022-02-23 14:22:00,366,366,366,366,0
2022-02-23 14:23:00,366,366,366,366,0
2022-02-23 14:24:00,366,366,366,366,0
2022-02-23 14:25:00,366,366,366,366,0
2022-02-23 14:26:00,366,366,366,366,0
2022-02-23 14:27:00,366,366,366,366,0
2022-02-23 14:28:00,366,366,366,366,0
2022-02-23 14:29:00,366,366,366,366,0
2022-02-23 14:30:00,366,366,366,366,0
2022-02-23 14:31:00,366,366,366,366,0
2022-02-23 14:32:00,366,366,366,366,0
2022-02-23 14:33:00,366,366,366,366,0
2022-02-23 14:34:00,366,366,366,366,0
2022-02-23 14:35:00,366,366,366,366,0
2022-02-23 14:36:00,366,366,366,366,0
2022-02-23 14:37:00,366,366,366,366,0
2022-02-23 14:38:00,366,366,366,366,0
2022-02-23 14:39:00,366,366,366,366,0
2022-02-23 14:40:00,366,366,366,366,0
2022-02-23 14:41:00,366,366,366,366,0
2022-02-23 14:42:00,366,366,366,366,0
2022-02-23 14:43:00,360,358,360,358,15200
2022-02-23 14:44:00,360,358,360,358,0
2022-02-23 14:45:00,360,358,360,358,0
2022-02-23 14:46:00,360,358,360,358,0
2022-02-23 14:47:00,360,358,360,358,0
2022-02-23 14:48:00,360,358,360,358,0
2022-02-23 14:49:00,360,358,360,358,0
2022-02-23 14:50:00,360,358,360,358,0
2022-02-23 14:51:00,360,358,360,358,0
2022-02-23 14:52:00,360,358,360,358,0
2022-02-23 14:53:00,360,358,360,358,0
2022-02-23 14:54:00,360,358,360,358,0
2022-02-23 14:55:00,360,358,360,358,0
2022-02-23 14:56:00,360,358,360,358,0
2022-02-23 14:57:00,360,358,360,358,0
2022-02-23 14:58:00,360,358,360,358,0
2022-02-23 14:59:00,360,358,360,358,0
2022-02-23 15:00:00,360,358,360,358,0
2022-02-23 15:01:00,360,358,360,358,0
2022-02-23 15:02:00,360,358,360,358,0
2022-02-23 15:03:00,360,358,360,358,0
2022-02-23 15:04:00,358,358,358,358,200
2022-02-23 15:05:00,358,358,358,358,1600
2022-02-23 15:06:00,358,358,358,358,5000
2022-02-23 15:07:00,358,358,358,358,0
2022-02-23 15:08:00,358,358,358,358,0
2022-02-23 15:09:00,358,358,358,358,0
2022-02-23 15:10:00,358,358,358,358,0
2022-02-23 15:11:00,358,358,358,358,0
2022-02-23 15:12:00,358,358,358,358,0
2022-02-23 15:13:00,358,358,358,358,0
2022-02-23 15:14:00,358,358,358,358,0
2022-02-23 15:15:00,358,358,358,358,0
2022-02-23 15:16:00,358,358,358,358,0
2022-02-23 15:17:00,358,358,358,358,0
2022-02-23 15:18:00,358,358,358,358,0
2022-02-23 15:19:00,358,358,358,358,0
2022-02-23 15:20:00,358,358,358,358,0
2022-02-23 15:21:00,358,358,358,358,0
2022-02-23 15:22:00,358,358,358,358,0
2022-02-23 15:23:00,358,358,358,358,0
2022-02-23 15:24:00,358,358,358,358,0
2022-02-23 15:25:00,358,358,358,358,0
2022-02-23 15:26:00,358,358,358,358,0
2022-02-23 15:27:00,358,358,358,358,0
2022-02-23 15:28:00,358,358,358,358,0
2022-02-23 15:29:00,358,358,358,358,0
2022-02-23 15:30:00,358,358,358,358,0
2022-02-23 15:31:00,358,358,358,358,0
2022-02-23 15:32:00,358,358,358,358,0
2022-02-23 15:33:00,358,358,358,358,0
2022-02-23 15:34:00,358,358,358,358,0
2022-02-23 15:35:00,358,358,358,358,0
2022-02-23 15:36:00,358,358,358,358,0
2022-02-23 15:37:00,358,358,358,358,0
2022-02-23 15:38:00,358,358,358,358,0
2022-02-23 15:39:00,358,358,358,358,0
2022-02-23 15:40:00,358,358,358,358,0
2022-02-23 15:41:00,358,358,358,358,0
2022-02-23 15:42:00,358,358,358,358,0
2022-02-23 15:43:00,358,358,358,358,0
2022-02-23 15:44:00,358,358,358,358,0
2022-02-23 15:45:00,358,358,358,358,0
2022-02-23 15:46:00,358,358,358,358,0
2022-02-23 15:47:00,358,358,358,358,0
2022-02-23 15:48:00,358,358,358,358,0
2022-02-23 15:49:00,358,358,358,358,0
2022-02-23 15:50:00,358,358,358,358,0
2022-02-23 15:51:00,358,358,358,358,0
2022-02-23 15:52:00,358,358,358,358,0
2022-02-23 15:53:00,358,358,358,358,0
2022-02-23 15:54:00,358,358,358,358,0
2022-02-23 15:55:00,358,358,358,358,0
2022-02-23 15:56:00,358,358,358,358,0
2022-02-23 15:57:00,358,358,358,358,0
2022-02-23 15:58:00,358,358,358,358,0
2022-02-23 15:59:00,358,358,358,358,0
2022-02-24 09:00:00,358,358,358,358,0
2022-02-24 09:01:00,358,358,358,358,0
2022-02-24 09:02:00,358,358,358,358,0
2022-02-24 09:03:00,358,358,358,358,0
2022-02-24 09:04:00,358,358,358,358,0
2022-02-24 09:05:00,358,358,358,358,0
2022-02-24 09:06:00,358,358,358,358,0
2022-02-24 09:07:00,358,358,358,358,0
2022-02-24 09:08:00,358,358,358,358,0
2022-02-24 09:09:00,358,358,358,358,0
2022-02-24 09:10:00,358,358,358,358,0
2022-02-24 09:11:00,358,358,358,358,0
2022-02-24 09:12:00,358,358,358,358,0
2022-02-24 09:13:00,358,358,358,358,0
2022-02-24 09:14:00,358,358,358,358,0
2022-02-24 09:15:00,364,364,388,388,0
2022-02-24 09:16:00,390,386,390,386,300
2022-02-24 09:17:00,386,386,386,386,2500
2022-02-24 09:18:00,386,376,386,376,6600
2022-02-24 09:19:00,386,376,386,376,0
2022-02-24 09:20:00,386,376,386,376,0
2022-02-24 09:21:00,386,376,386,376,0
2022-02-24 09:22:00,386,376,386,376,0
2022-02-24 09:23:00,386,376,386,376,0
2022-02-24 09:24:00,376,376,376,376,1300
2022-02-24 09:25:00,376,376,376,376,0
2022-02-24 09:26:00,376,376,376,376,0
2022-02-24 09:27:00,376,376,376,376,0
2022-02-24 09:28:00,376,376,376,376,0
2022-02-24 09:29:00,376,376,376,376,0
2022-02-24 09:30:00,376,376,376,376,0
2022-02-24 09:31:00,376,376,376,376,100
2022-02-24 09:32:00,376,376,376,376,0
2022-02-24 09:33:00,376,376,376,376,0
2022-02-24 09:34:00,376,376,376,376,300
2022-02-24 09:35:00,376,376,376,376,0
2022-02-24 09:36:00,376,372,376,376,9200
2022-02-24 09:37:00,376,372,376,376,0
2022-02-24 09:38:00,376,372,376,376,0
2022-02-24 09:39:00,376,372,376,376,0
2022-02-24 09:40:00,376,372,376,376,0
2022-02-24 09:41:00,376,372,376,376,0
2022-02-24 09:42:00,376,372,376,376,0
2022-02-24 09:43:00,376,372,376,376,0
2022-02-24 09:44:00,376,372,376,376,0
2022-02-24 09:45:00,376,372,376,376,0
2022-02-24 09:46:00,366,360,366,360,10000
2022-02-24 09:47:00,366,360,366,360,0
2022-02-24 09:48:00,358,358,358,358,1600
2022-02-24 09:49:00,358,358,358,358,0
2022-02-24 09:50:00,358,358,358,358,0
2022-02-24 09:51:00,356,356,356,356,17400
2022-02-24 09:52:00,356,356,356,356,0
2022-02-24 09:53:00,356,356,356,356,0
2022-02-24 09:54:00,362,362,362,362,200
2022-02-24 09:55:00,362,362,362,362,0
2022-02-24 09:56:00,362,362,362,362,0
2022-02-24 09:57:00,362,362,362,362,0
2022-02-24 09:58:00,362,362,362,362,0
2022-02-24 09:59:00,362,362,362,362,0
2022-02-24 10:00:00,368,368,368,368,200
2022-02-24 10:01:00,368,368,368,368,0
2022-02-24 10:02:00,368,368,368,368,0
2022-02-24 10:03:00,368,368,368,368,0
2022-02-24 10:04:00,368,368,368,368,0
2022-02-24 10:05:00,368,368,368,368,0
2022-02-24 10:06:00,368,368,368,368,0
2022-02-24 10:07:00,368,368,368,368,0
2022-02-24 10:08:00,368,368,368,368,0
2022-02-24 10:09:00,368,368,368,368,0
2022-02-24 10:10:00,368,368,368,368,0
2022-02-24 10:11:00,368,368,368,368,0
2022-02-24 10:12:00,368,368,368,368,0
2022-02-24 10:13:00,368,368,368,368,0
2022-02-24 10:14:00,368,368,368,368,0
2022-02-24 10:15:00,368,368,368,368,0
2022-02-24 10:16:00,360,360,360,360,1300
2022-02-24 10:17:00,360,360,360,360,0
2022-02-24 10:18:00,360,360,360,360,0
2022-02-24 10:19:00,360,360,360,360,0
2022-02-24 10:20:00,360,360,360,360,0
2022-02-24 10:21:00,360,360,360,360,0
2022-02-24 10:22:00,360,360,360,360,2600
2022-02-24 10:23:00,360,360,360,360,0
2022-02-24 10:24:00,360,360,360,360,0
2022-02-24 10:25:00,360,360,360,360,0
2022-02-24 10:26:00,360,360,360,360,0
2022-02-24 10:27:00,360,360,360,360,0
2022-02-24 10:28:00,360,360,360,360,0
2022-02-24 10:29:00,360,360,360,360,0
2022-02-24 10:30:00,360,360,360,360,0
2022-02-24 10:31:00,360,360,360,360,0
2022-02-24 10:32:00,360,360,360,360,0
2022-02-24 10:33:00,360,360,360,360,0
2022-02-24 10:34:00,360,360,360,360,0
2022-02-24 10:35:00,360,360,360,360,12200
2022-02-24 10:36:00,360,360,360,360,0
2022-02-24 10:37:00,360,360,360,360,0
2022-02-24 10:38:00,360,360,360,360,0
2022-02-24 10:39:00,360,360,360,360,0
2022-02-24 10:40:00,360,360,360,360,0
2022-02-24 10:41:00,360,360,360,360,0
2022-02-24 10:42:00,360,360,360,360,0
2022-02-24 10:43:00,360,360,360,360,0
2022-02-24 10:44:00,360,360,360,360,0
2022-02-24 10:45:00,360,360,360,360,0
2022-02-24 10:46:00,360,360,360,360,0
2022-02-24 10:47:00,360,360,360,360,0
2022-02-24 10:48:00,360,360,360,360,0
2022-02-24 10:49:00,360,360,360,360,0
2022-02-24 10:50:00,360,360,360,360,0
2022-02-24 10:51:00,360,360,360,360,0
2022-02-24 10:52:00,360,360,360,360,0
2022-02-24 10:53:00,360,360,360,360,0
2022-02-24 10:54:00,360,360,360,360,0
2022-02-24 10:55:00,360,360,360,360,0
2022-02-24 10:56:00,358,350,358,350,23900
2022-02-24 10:57:00,358,350,358,350,0
2022-02-24 10:58:00,358,350,358,350,0
2022-02-24 10:59:00,344,342,344,342,13200
2022-02-24 11:00:00,342,340,342,340,23000
2022-02-24 11:01:00,342,340,342,340,0
2022-02-24 11:02:00,342,340,342,340,0
2022-02-24 11:03:00,342,340,342,340,0
2022-02-24 11:04:00,342,340,342,340,0
2022-02-24 11:05:00,350,350,350,350,300
2022-02-24 11:06:00,350,350,350,350,100
2022-02-24 11:07:00,350,350,350,350,0
2022-02-24 11:08:00,350,350,350,350,900
2022-02-24 11:09:00,350,350,350,350,0
2022-02-24 11:10:00,350,350,350,350,0
2022-02-24 11:11:00,350,350,350,350,0
2022-02-24 11:12:00,350,350,350,350,0
2022-02-24 11:13:00,350,350,350,350,0
2022-02-24 11:14:00,350,350,350,350,0
2022-02-24 11:15:00,350,350,350,350,0
2022-02-24 11:16:00,350,350,350,350,0
2022-02-24 11:17:00,350,350,350,350,0
2022-02-24 11:18:00,340,340,340,340,300
2022-02-24 11:19:00,360,360,360,360,100
2022-02-24 11:20:00,360,360,360,360,0
2022-02-24 11:21:00,360,360,360,360,0
2022-02-24 11:22:00,360,360,360,360,0
2022-02-24 11:23:00,360,360,360,360,0
2022-02-24 11:24:00,360,360,360,360,0
2022-02-24 11:25:00,360,360,360,360,0
2022-02-24 11:26:00,360,360,360,360,0
2022-02-24 11:27:00,360,360,360,360,0
2022-02-24 11:28:00,360,360,360,360,0
2022-02-24 11:29:00,360,360,360,360,0
2022-02-24 11:30:00,360,360,360,360,0
2022-02-24 11:31:00,360,360,360,360,0
2022-02-24 11:32:00,360,360,360,360,0
2022-02-24 11:33:00,360,360,360,360,0
2022-02-24 11:34:00,360,360,360,360,0
2022-02-24 11:35:00,360,360,360,360,0
2022-02-24 11:36:00,360,360,360,360,0
2022-02-24 11:37:00,360,360,360,360,0
2022-02-24 11:38:00,360,360,360,360,0
2022-02-24 11:39:00,360,360,360,360,0
2022-02-24 11:40:00,360,360,360,360,0
2022-02-24 11:41:00,360,360,360,360,0
2022-02-24 11:42:00,360,360,360,360,0
2022-02-24 11:43:00,360,360,360,360,0
2022-02-24 11:44:00,360,360,360,360,0
2022-02-24 11:45:00,360,360,360,360,0
2022-02-24 11:46:00,360,360,360,360,0
2022-02-24 11:47:00,360,360,360,360,0
2022-02-24 11:48:00,360,360,360,360,0
2022-02-24 11:49:00,360,360,360,360,0
2022-02-24 11:50:00,360,360,360,360,0
2022-02-24 11:51:00,360,360,360,360,0
2022-02-24 11:52:00,360,360,360,360,0
2022-02-24 11:53:00,360,360,360,360,0
2022-02-24 11:54:00,360,360,360,360,0
2022-02-24 11:55:00,360,360,360,360,0
2022-02-24 11:56:00,360,360,360,360,0
2022-02-24 11:57:00,360,360,360,360,0
2022-02-24 11:58:00,360,360,360,360,0
2022-02-24 11:59:00,360,360,360,360,0
2022-02-24 12:00:00,360,360,360,360,0
2022-02-24 12:01:00,360,360,360,360,0
2022-02-24 12:02:00,360,360,360,360,0
2022-02-24 12:03:00,360,360,360,360,0
2022-02-24 12:04:00,360,360,360,360,0
2022-02-24 12:05:00,360,360,360,360,0
2022-02-24 12:06:00,360,360,360,360,0
2022-02-24 12:07:00,360,360,360,360,0
2022-02-24 12:08:00,360,360,360,360,0
2022-02-24 12:09:00,360,360,360,360,0
2022-02-24 12:10:00,360,360,360,360,0
2022-02-24 12:11:00,360,360,360,360,0
2022-02-24 12:12:00,360,360,360,360,0
2022-02-24 12:13:00,360,360,360,360,0
2022-02-24 12:14:00,360,360,360,360,0
2022-02-24 12:15:00,360,360,360,360,0
2022-02-24 12:16:00,360,360,360,360,0
2022-02-24 12:17:00,360,360,360,360,0
2022-02-24 12:18:00,360,360,360,360,0
2022-02-24 12:19:00,360,360,360,360,0
2022-02-24 12:20:00,360,360,360,360,0
2022-02-24 12:21:00,360,360,360,360,0
2022-02-24 12:22:00,360,360,360,360,0
2022-02-24 12:23:00,360,360,360,360,0
2022-02-24 12:24:00,360,360,360,360,0
2022-02-24 12:25:00,360,360,360,360,0
2022-02-24 12:26:00,360,360,360,360,0
2022-02-24 12:27:00,360,360,360,360,0
2022-02-24 12:28:00,360,360,360,360,0
2022-02-24 12:29:00,360,360,360,360,0
2022-02-24 12:30:00,360,360,360,360,0
2022-02-24 12:31:00,360,360,360,360,0
2022-02-24 12:32:00,360,360,360,360,0
2022-02-24 12:33:00,360,360,360,360,0
2022-02-24 12:34:00,360,360,360,360,0
2022-02-24 12:35:00,360,360,360,360,0
2022-02-24 12:36:00,360,360,360,360,0
2022-02-24 12:37:00,360,360,360,360,0
2022-02-24 12:38:00,360,360,360,360,0
2022-02-24 12:39:00,360,360,360,360,0
2022-02-24 12:40:00,360,360,360,360,0
2022-02-24 12:41:00,360,360,360,360,0
2022-02-24 12:42:00,360,360,360,360,0
2022-02-24 12:43:00,360,360,360,360,0
2022-02-24 12:44:00,360,360,360,360,0
2022-02-24 12:45:00,360,360,360,360,0
2022-02-24 12:46:00,360,360,360,360,0
2022-02-24 12:47:00,360,360,360,360,0
2022-02-24 12:48:00,360,360,360,360,0
2022-02-24 12:49:00,360,360,360,360,0
2022-02-24 12:50:00,360,360,360,360,0
2022-02-24 12:51:00,360,360,360,360,0
2022-02-24 12:52:00,360,360,360,360,0
2022-02-24 12:53:00,360,360,360,360,0
2022-02-24 12:54:00,360,360,360,360,0
2022-02-24 12:55:00,360,360,360,360,0
2022-02-24 12:56:00,360,360,360,360,0
2022-02-24 12:57:00,360,360,360,360,0
2022-02-24 12:58:00,360,360,360,360,0
2022-02-24 12:59:00,360,360,360,360,0
2022-02-24 13:00:00,360,360,360,360,0
2022-02-24 13:01:00,360,360,360,360,0
2022-02-24 13:02:00,360,360,360,360,0
2022-02-24 13:03:00,360,360,360,360,0
2022-02-24 13:04:00,360,360,360,360,0
2022-02-24 13:05:00,360,360,360,360,0
2022-02-24 13:06:00,360,360,360,360,0
2022-02-24 13:07:00,360,360,360,360,0
2022-02-24 13:08:00,360,360,360,360,0
2022-02-24 13:09:00,360,360,360,360,0
2022-02-24 13:10:00,360,360,360,360,0
2022-02-24 13:11:00,360,360,360,360,0
2022-02-24 13:12:00,360,360,360,360,0
2022-02-24 13:13:00,360,360,360,360,0
2022-02-24 13:14:00,360,360,360,360,0
2022-02-24 13:15:00,360,360,360,360,0
2022-02-24 13:16:00,360,360,360,360,0
2022-02-24 13:17:00,360,360,360,360,0
2022-02-24 13:18:00,360,360,360,360,0
2022-02-24 13:19:00,360,360,360,360,0
2022-02-24 13:20:00,360,360,360,360,0
2022-02-24 13:21:00,360,360,360,360,0
2022-02-24 13:22:00,360,360,360,360,0
2022-02-24 13:23:00,360,360,360,360,0
2022-02-24 13:24:00,360,360,360,360,0
2022-02-24 13:25:00,360,360,360,360,0
2022-02-24 13:26:00,360,360,360,360,0
2022-02-24 13:27:00,360,360,360,360,0
2022-02-24 13:28:00,360,360,360,360,0
2022-02-24 13:29:00,360,360,360,360,0
2022-02-24 13:30:00,360,360,360,360,0
2022-02-24 13:31:00,360,360,360,360,0
2022-02-24 13:32:00,360,360,360,360,0
2022-02-24 13:33:00,360,360,360,360,0
2022-02-24 13:34:00,360,360,360,360,0
2022-02-24 13:35:00,360,360,360,360,0
2022-02-24 13:36:00,342,342,342,342,100
2022-02-24 13:37:00,342,342,342,342,0
2022-02-24 13:38:00,342,342,342,342,0
2022-02-24 13:39:00,342,342,342,342,0
2022-02-24 13:40:00,342,342,342,342,300
2022-02-24 13:41:00,342,342,342,342,0
2022-02-24 13:42:00,342,342,342,342,9700
2022-02-24 13:43:00,342,342,342,342,0
2022-02-24 13:44:00,342,342,342,342,0
2022-02-24 13:45:00,340,340,340,340,3000
2022-02-24 13:46:00,340,340,340,340,0
2022-02-24 13:47:00,340,340,340,340,0
2022-02-24 13:48:00,340,340,340,340,0
2022-02-24 13:49:00,340,340,340,340,0
2022-02-24 13:50:00,340,340,340,340,0
2022-02-24 13:51:00,340,340,340,340,0
2022-02-24 13:52:00,340,340,340,340,0
2022-02-24 13:53:00,340,340,340,340,0
2022-02-24 13:54:00,340,340,340,340,0
2022-02-24 13:55:00,340,340,340,340,0
2022-02-24 13:56:00,340,340,340,340,100
2022-02-24 13:57:00,340,340,340,340,0
2022-02-24 13:58:00,340,340,340,340,0
2022-02-24 13:59:00,340,340,340,340,0
2022-02-24 14:00:00,340,340,340,340,0
2022-02-24 14:01:00,340,340,340,340,0
2022-02-24 14:02:00,340,340,340,340,0
2022-02-24 14:03:00,340,340,340,340,0
2022-02-24 14:04:00,340,340,340,340,0
2022-02-24 14:05:00,340,340,340,340,2400
2022-02-24 14:06:00,340,340,340,340,0
2022-02-24 14:07:00,340,340,340,340,0
2022-02-24 14:08:00,340,340,340,340,0
2022-02-24 14:09:00,340,340,340,340,0
2022-02-24 14:10:00,340,340,340,340,0
2022-02-24 14:11:00,340,340,340,340,0
2022-02-24 14:12:00,340,340,340,340,0
2022-02-24 14:13:00,340,340,340,340,0
2022-02-24 14:14:00,340,340,340,340,0
2022-02-24 14:15:00,340,340,340,340,0
2022-02-24 14:16:00,342,342,360,360,3100
2022-02-24 14:17:00,342,342,360,360,0
2022-02-24 14:18:00,342,342,360,360,0
2022-02-24 14:19:00,342,342,360,360,0
2022-02-24 14:20:00,342,342,360,360,0
2022-02-24 14:21:00,342,342,360,360,0
2022-02-24 14:22:00,342,342,360,360,0
2022-02-24 14:23:00,342,342,360,360,0
2022-02-24 14:24:00,356,356,356,356,100
2022-02-24 14:25:00,356,356,356,356,0
2022-02-24 14:26:00,356,356,356,356,0
2022-02-24 14:27:00,356,356,356,356,0
2022-02-24 14:28:00,356,356,356,356,0
2022-02-24 14:29:00,356,356,356,356,0
2022-02-24 14:30:00,356,356,356,356,0
2022-02-24 14:31:00,356,356,356,356,0
2022-02-24 14:32:00,356,356,356,356,0
2022-02-24 14:33:00,356,356,356,356,0
2022-02-24 14:34:00,356,356,356,356,0
2022-02-24 14:35:00,356,356,356,356,0
2022-02-24 14:36:00,356,356,356,356,0
2022-02-24 14:37:00,356,356,356,356,0
2022-02-24 14:38:00,356,356,356,356,0
2022-02-24 14:39:00,356,356,356,356,0
2022-02-24 14:40:00,356,356,356,356,0
2022-02-24 14:41:00,356,356,356,356,0
2022-02-24 14:42:00,356,356,356,356,0
2022-02-24 14:43:00,356,356,356,356,0
2022-02-24 14:44:00,356,356,356,356,0
2022-02-24 14:45:00,356,356,356,356,0
2022-02-24 14:46:00,356,356,356,356,0
2022-02-24 14:47:00,340,340,340,340,100
2022-02-24 14:48:00,340,340,340,340,0
2022-02-24 14:49:00,340,340,340,340,0
2022-02-24 14:50:00,340,340,340,340,0
2022-02-24 14:51:00,340,340,340,340,0
2022-02-24 14:52:00,340,340,340,340,0
2022-02-24 14:53:00,340,340,340,340,0
2022-02-24 14:54:00,340,340,340,340,0
2022-02-24 14:55:00,340,340,340,340,0
2022-02-24 14:56:00,340,340,340,340,0
2022-02-24 14:57:00,340,340,340,340,0
2022-02-24 14:58:00,340,340,340,340,0
2022-02-24 14:59:00,340,340,340,340,0
2022-02-24 15:00:00,358,358,358,358,100
2022-02-24 15:01:00,358,358,358,358,0
2022-02-24 15:02:00,358,358,358,358,0
2022-02-24 15:03:00,358,358,358,358,0
2022-02-24 15:04:00,358,358,358,358,0
2022-02-24 15:05:00,358,358,358,358,0
2022-02-24 15:06:00,358,358,358,358,0
2022-02-24 15:07:00,358,358,358,358,0
2022-02-24 15:08:00,358,358,358,358,0
2022-02-24 15:09:00,358,358,358,358,0
2022-02-24 15:10:00,358,358,358,358,0
2022-02-24 15:11:00,358,358,358,358,0
2022-02-24 15:12:00,358,358,358,358,0
2022-02-24 15:13:00,358,358,358,358,0
2022-02-24 15:14:00,358,358,358,358,0
2022-02-24 15:15:00,358,358,358,358,0
2022-02-24 15:16:00,358,358,358,358,0
2022-02-24 15:17:00,358,358,358,358,0
2022-02-24 15:18:00,358,358,358,358,0
2022-02-24 15:19:00,358,358,358,358,0
2022-02-24 15:20:00,358,358,358,358,0
2022-02-24 15:21:00,358,358,358,358,0
2022-02-24 15:22:00,358,358,358,358,0
2022-02-24 15:23:00,358,358,358,358,0
2022-02-24 15:24:00,358,358,358,358,0
2022-02-24 15:25:00,358,358,358,358,0
2022-02-24 15:26:00,358,358,358,358,0
2022-02-24 15:27:00,358,358,358,358,0
2022-02-24 15:28:00,358,358,358,358,0
2022-02-24 15:29:00,358,358,358,358,0
2022-02-24 15:30:00,358,358,358,358,0
2022-02-24 15:31:00,358,358,358,358,0
2022-02-24 15:32:00,358,358,358,358,0
2022-02-24 15:33:00,358,358,358,358,0
2022-02-24 15:34:00,358,358,358,358,0
2022-02-24 15:35:00,358,358,358,358,0
2022-02-24 15:36:00,358,358,358,358,0
2022-02-24 15:37:00,358,358,358,358,0
2022-02-24 15:38:00,358,358,358,358,0
2022-02-24 15:39:00,358,358,358,358,0
2022-02-24 15:40:00,358,358,358,358,0
2022-02-24 15:41:00,358,358,358,358,0
2022-02-24 15:42:00,358,358,358,358,0
2022-02-24 15:43:00,358,358,358,358,0
2022-02-24 15:44:00,358,358,358,358,0
2022-02-24 15:45:00,358,358,358,358,0
2022-02-24 15:46:00,358,358,358,358,0
2022-02-24 15:47:00,358,358,358,358,0
2022-02-24 15:48:00,358,358,358,358,0
2022-02-24 15:49:00,358,358,358,358,0
2022-02-24 15:50:00,358,358,358,358,0
2022-02-24 15:51:00,358,358,358,358,0
2022-02-24 15:52:00,358,358,358,358,0
2022-02-24 15:53:00,358,358,358,358,0
2022-02-24 15:54:00,358,358,358,358,0
2022-02-24 15:55:00,358,358,358,358,0
2022-02-24 15:56:00,358,358,358,358,0
2022-02-24 15:57:00,358,358,358,358,0
2022-02-24 15:58:00,358,358,358,358,0
2022-02-24 15:59:00,358,358,358,358,0
2022-02-25 09:00:00,358,358,358,358,0
2022-02-25 09:01:00,358,358,358,358,0
2022-02-25 09:02:00,370,370,372,372,0
2022-02-25 09:03:00,370,370,372,372,0
2022-02-25 09:04:00,370,370,372,372,0
2022-02-25 09:05:00,370,370,372,372,0
2022-02-25 09:06:00,370,370,372,372,0
2022-02-25 09:07:00,370,370,372,372,0
2022-02-25 09:08:00,370,370,372,372,0
2022-02-25 09:09:00,370,370,372,372,0
2022-02-25 09:10:00,370,370,372,372,0
2022-02-25 09:11:00,370,370,372,372,0
2022-02-25 09:12:00,370,370,372,372,0
2022-02-25 09:13:00,370,370,372,372,0
2022-02-25 09:14:00,370,370,372,372,0
2022-02-25 09:15:00,370,370,372,372,0
2022-02-25 09:16:00,370,370,372,372,0
2022-02-25 09:17:00,370,370,372,372,0
2022-02-25 09:18:00,370,370,372,372,0
2022-02-25 09:19:00,370,370,372,372,0
2022-02-25 09:20:00,370,370,372,372,0
2022-02-25 09:21:00,370,370,372,372,0
2022-02-25 09:22:00,370,370,372,372,0
2022-02-25 09:23:00,340,340,348,348,2400
2022-02-25 09:24:00,340,340,348,348,0
2022-02-25 09:25:00,340,340,348,348,0
2022-02-25 09:26:00,340,340,348,348,0
2022-02-25 09:27:00,340,340,348,348,0
2022-02-25 09:28:00,340,340,348,348,0
2022-02-25 09:29:00,348,348,348,348,1700
2022-02-25 09:30:00,348,348,348,348,0
2022-02-25 09:31:00,348,348,348,348,600
2022-02-25 09:32:00,348,348,348,348,0
2022-02-25 09:33:00,348,348,348,348,0
2022-02-25 09:34:00,348,348,348,348,0
2022-02-25 09:35:00,348,348,348,348,0
2022-02-25 09:36:00,348,348,348,348,0
2022-02-25 09:37:00,348,348,348,348,0
2022-02-25 09:38:00,348,348,348,348,300
2022-02-25 09:39:00,348,348,348,348,0
2022-02-25 09:40:00,348,348,348,348,0
2022-02-25 09:41:00,348,348,348,348,0
2022-02-25 09:42:00,348,348,348,348,0
2022-02-25 09:43:00,348,348,348,348,0
2022-02-25 09:44:00,348,348,348,348,0
2022-02-25 09:45:00,348,348,348,348,0
2022-02-25 09:46:00,348,348,348,348,0
2022-02-25 09:47:00,348,348,348,348,0
2022-02-25 09:48:00,348,348,348,348,0
2022-02-25 09:49:00,348,348,348,348,0
2022-02-25 09:50:00,348,348,348,348,0
2022-02-25 09:51:00,348,348,348,348,0
2022-02-25 09:52:00,348,348,348,348,0
2022-02-25 09:53:00,348,348,348,348,1800
2022-02-25 09:54:00,348,348,348,348,2500
2022-02-25 09:55:00,348,348,348,348,0
2022-02-25 09:56:00,348,348,348,348,0
2022-02-25 09:57:00,348,348,348,348,0
2022-02-25 09:58:00,348,348,348,348,0
2022-02-25 09:59:00,350,350,350,350,2500
2022-02-25 10:00:00,350,350,350,350,0
2022-02-25 10:01:00,350,350,350,350,0
2022-02-25 10:02:00,350,350,350,350,0
2022-02-25 10:03:00,350,350,350,350,0
2022-02-25 10:04:00,350,350,350,350,0
2022-02-25 10:05:00,350,350,350,350,0
2022-02-25 10:06:00,350,350,350,350,0
2022-02-25 10:07:00,350,350,350,350,0
2022-02-25 10:08:00,350,350,350,350,0
2022-02-25 10:09:00,350,350,350,350,0
2022-02-25 10:10:00,350,350,350,350,0
2022-02-25 10:11:00,350,350,350,350,0
2022-02-25 10:12:00,350,350,350,350,0
2022-02-25 10:13:00,350,350,350,350,0
2022-02-25 10:14:00,350,350,350,350,0
2022-02-25 10:15:00,350,350,350,350,0
2022-02-25 10:16:00,350,350,350,350,0
2022-02-25 10:17:00,350,350,350,350,0
2022-02-25 10:18:00,358,358,358,358,1000
2022-02-25 10:19:00,358,358,358,358,0
2022-02-25 10:20:00,358,358,358,358,0
2022-02-25 10:21:00,358,358,358,358,0
2022-02-25 10:22:00,358,358,358,358,300
2022-02-25 10:23:00,358,358,358,358,0
2022-02-25 10:24:00,358,358,358,358,0
2022-02-25 10:25:00,358,358,358,358,0
2022-02-25 10:26:00,358,358,358,358,0
2022-02-25 10:27:00,358,358,358,358,0
2022-02-25 10:28:00,358,358,358,358,1700
2022-02-25 10:29:00,358,358,358,358,0
2022-02-25 10:30:00,358,358,358,358,0
2022-02-25 10:31:00,358,358,358,358,0
2022-02-25 10:32:00,358,358,358,358,0
2022-02-25 10:33:00,358,358,358,358,0
2022-02-25 10:34:00,358,358,358,358,0
2022-02-25 10:35:00,358,358,358,358,0
2022-02-25 10:36:00,358,358,358,358,0
2022-02-25 10:37:00,358,358,358,358,0
2022-02-25 10:38:00,358,358,358,358,0
2022-02-25 10:39:00,358,358,358,358,0
2022-02-25 10:40:00,358,358,358,358,0
2022-02-25 10:41:00,358,358,358,358,0
2022-02-25 10:42:00,358,358,358,358,0
2022-02-25 10:43:00,358,358,358,358,0
2022-02-25 10:44:00,358,358,358,358,0
2022-02-25 10:45:00,358,358,358,358,0
2022-02-25 10:46:00,358,358,358,358,0
2022-02-25 10:47:00,358,358,358,358,0
2022-02-25 10:48:00,358,358,358,358,0
2022-02-25 10:49:00,358,358,358,358,0
2022-02-25 10:50:00,358,358,358,358,0
2022-02-25 10:51:00,358,358,358,358,0
2022-02-25 10:52:00,358,358,358,358,0
2022-02-25 10:53:00,358,358,358,358,0
2022-02-25 10:54:00,358,358,358,358,0
2022-02-25 10:55:00,358,358,358,358,0
2022-02-25 10:56:00,356,356,356,356,100
2022-02-25 10:57:00,356,356,356,356,0
2022-02-25 10:58:00,356,356,356,356,0
2022-02-25 10:59:00,356,356,356,356,0
2022-02-25 11:00:00,356,356,356,356,0
2022-02-25 11:01:00,356,356,356,356,0
2022-02-25 11:02:00,356,356,356,356,0
2022-02-25 11:03:00,356,356,356,356,0
2022-02-25 11:04:00,356,356,356,356,0
2022-02-25 11:05:00,356,356,356,356,0
2022-02-25 11:06:00,356,356,356,356,0
2022-02-25 11:07:00,356,356,356,356,0
2022-02-25 11:08:00,358,358,358,358,900
2022-02-25 11:09:00,358,358,358,358,500
2022-02-25 11:10:00,358,358,358,358,0
2022-02-25 11:11:00,358,358,358,358,0
2022-02-25 11:12:00,358,358,358,358,0
2022-02-25 11:13:00,358,358,358,358,0
2022-02-25 11:14:00,358,358,358,358,0
2022-02-25 11:15:00,358,358,358,358,0
2022-02-25 11:16:00,358,358,358,358,0
2022-02-25 11:17:00,358,358,358,358,0
2022-02-25 11:18:00,358,358,358,358,0
2022-02-25 11:19:00,358,358,358,358,0
2022-02-25 11:20:00,358,358,358,358,0
2022-02-25 11:21:00,358,358,358,358,0
2022-02-25 11:22:00,358,358,358,358,0
2022-02-25 11:23:00,358,358,368,368,200
2022-02-25 11:24:00,358,358,368,368,0
2022-02-25 11:25:00,358,358,368,368,0
2022-02-25 11:26:00,358,358,368,368,0
2022-02-25 11:27:00,360,360,360,360,1000
2022-02-25 11:28:00,360,360,368,368,200
2022-02-25 11:29:00,366,366,366,366,100
2022-02-25 11:30:00,366,366,366,366,0
2022-02-25 11:31:00,366,366,366,366,0
2022-02-25 11:32:00,366,366,366,366,0
2022-02-25 11:33:00,366,366,366,366,0
2022-02-25 11:34:00,366,366,366,366,0
2022-02-25 11:35:00,366,366,366,366,0
2022-02-25 11:36:00,366,366,366,366,0
2022-02-25 11:37:00,366,366,366,366,0
2022-02-25 11:38:00,366,366,366,366,0
2022-02-25 11:39:00,366,366,366,366,0
2022-02-25 11:40:00,366,366,366,366,0
2022-02-25 11:41:00,366,366,366,366,0
2022-02-25 11:42:00,366,366,366,366,0
2022-02-25 11:43:00,366,366,366,366,0
2022-02-25 11:44:00,366,366,366,366,0
2022-02-25 11:45:00,366,366,366,366,0
2022-02-25 11:46:00,366,366,366,366,0
2022-02-25 11:47:00,366,366,366,366,0
2022-02-25 11:48:00,366,366,366,366,0
2022-02-25 11:49:00,366,366,366,366,0
2022-02-25 11:50:00,366,366,366,366,0
2022-02-25 11:51:00,366,366,366,366,0
2022-02-25 11:52:00,366,366,366,366,0
2022-02-25 11:53:00,366,366,366,366,0
2022-02-25 11:54:00,366,366,366,366,0
2022-02-25 11:55:00,366,366,366,366,0
2022-02-25 11:56:00,366,366,366,366,0
2022-02-25 11:57:00,366,366,366,366,0
2022-02-25 11:58:00,366,366,366,366,0
2022-02-25 11:59:00,366,366,366,366,0
2022-02-25 12:00:00,366,366,366,366,0
2022-02-25 12:01:00,366,366,366,366,0
2022-02-25 12:02:00,366,366,366,366,0
2022-02-25 12:03:00,366,366,366,366,0
2022-02-25 12:04:00,366,366,366,366,0
2022-02-25 12:05:00,366,366,366,366,0
2022-02-25 12:06:00,366,366,366,366,0
2022-02-25 12:07:00,366,366,366,366,0
2022-02-25 12:08:00,366,366,366,366,0
2022-02-25 12:09:00,366,366,366,366,0
2022-02-25 12:10:00,366,366,366,366,0
2022-02-25 12:11:00,366,366,366,366,0
2022-02-25 12:12:00,366,366,366,366,0
2022-02-25 12:13:00,366,366,366,366,0
2022-02-25 12:14:00,366,366,366,366,0
2022-02-25 12:15:00,366,366,366,366,0
2022-02-25 12:16:00,366,366,366,366,0
2022-02-25 12:17:00,366,366,366,366,0
2022-02-25 12:18:00,366,366,366,366,0
2022-02-25 12:19:00,366,366,366,366,0
2022-02-25 12:20:00,366,366,366,366,0
2022-02-25 12:21:00,366,366,366,366,0
2022-02-25 12:22:00,366,366,366,366,0
2022-02-25 12:23:00,366,366,366,366,0
2022-02-25 12:24:00,366,366,366,366,0
2022-02-25 12:25:00,366,366,366,366,0
2022-02-25 12:26:00,366,366,366,366,0
2022-02-25 12:27:00,366,366,366,366,0
2022-02-25 12:28:00,366,366,366,366,0
2022-02-25 12:29:00,366,366,366,366,0
2022-02-25 12:30:00,366,366,366,366,0
2022-02-25 12:31:00,366,366,366,366,0
2022-02-25 12:32:00,366,366,366,366,0
2022-02-25 12:33:00,366,366,366,366,0
2022-02-25 12:34:00,366,366,366,366,0
2022-02-25 12:35:00,366,366,366,366,0
2022-02-25 12:36:00,366,366,366,366,0
2022-02-25 12:37:00,366,366,366,366,0
2022-02-25 12:38:00,366,366,366,366,0
2022-02-25 12:39:00,366,366,366,366,0
2022-02-25 12:40:00,366,366,366,366,0
2022-02-25 12:41:00,366,366,366,366,0
2022-02-25 12:42:00,366,366,366,366,0
2022-02-25 12:43:00,366,366,366,366,0
2022-02-25 12:44:00,366,366,366,366,0
2022-02-25 12:45:00,366,366,366,366,0
2022-02-25 12:46:00,366,366,366,366,0
2022-02-25 12:47:00,366,366,366,366,0
2022-02-25 12:48:00,366,366,366,366,0
2022-02-25 12:49:00,366,366,366,366,0
2022-02-25 12:50:00,366,366,366,366,0
2022-02-25 12:51:00,366,366,366,366,0
2022-02-25 12:52:00,366,366,366,366,0
2022-02-25 12:53:00,366,366,366,366,0
2022-02-25 12:54:00,366,366,366,366,0
2022-02-25 12:55:00,366,366,366,366,0
2022-02-25 12:56:00,366,366,366,366,0
2022-02-25 12:57:00,366,366,366,366,0
2022-02-25 12:58:00,366,366,366,366,0
2022-02-25 12:59:00,366,366,366,366,0
2022-02-25 13:00:00,366,366,366,366,0
2022-02-25 13:01:00,366,366,366,366,0
2022-02-25 13:02:00,366,366,366,366,0
2022-02-25 13:03:00,366,366,366,366,0
2022-02-25 13:04:00,366,366,366,366,0
2022-02-25 13:05:00,366,366,366,366,0
2022-02-25 13:06:00,366,366,366,366,0
2022-02-25 13:07:00,366,366,366,366,0
2022-02-25 13:08:00,366,366,366,366,0
2022-02-25 13:09:00,366,366,366,366,0
2022-02-25 13:10:00,366,366,366,366,0
2022-02-25 13:11:00,366,366,366,366,0
2022-02-25 13:12:00,366,366,366,366,0
2022-02-25 13:13:00,366,366,366,366,0
2022-02-25 13:14:00,366,366,366,366,0
2022-02-25 13:15:00,366,366,366,366,0
2022-02-25 13:16:00,366,366,366,366,0
2022-02-25 13:17:00,366,366,366,366,0
2022-02-25 13:18:00,366,366,366,366,0
2022-02-25 13:19:00,366,366,366,366,0
2022-02-25 13:20:00,366,366,366,366,0
2022-02-25 13:21:00,366,366,366,366,0
2022-02-25 13:22:00,366,366,366,366,0
2022-02-25 13:23:00,366,366,366,366,0
2022-02-25 13:24:00,366,366,366,366,0
2022-02-25 13:25:00,366,366,366,366,0
2022-02-25 13:26:00,366,366,366,366,0
2022-02-25 13:27:00,366,366,366,366,0
2022-02-25 13:28:00,366,366,366,366,0
2022-02-25 13:29:00,366,366,366,366,0
2022-02-25 13:30:00,366,366,366,366,0
2022-02-25 13:31:00,366,366,366,366,0
2022-02-25 13:32:00,366,366,366,366,0
2022-02-25 13:33:00,366,366,366,366,0
2022-02-25 13:34:00,366,366,366,366,0
2022-02-25 13:35:00,366,366,366,366,0
2022-02-25 13:36:00,366,366,366,366,0
2022-02-25 13:37:00,366,366,366,366,0
2022-02-25 13:38:00,366,366,366,366,0
2022-02-25 13:39:00,366,366,366,366,0
2022-02-25 13:40:00,366,366,366,366,0
2022-02-25 13:41:00,366,366,366,366,0
2022-02-25 13:42:00,366,366,366,366,0
2022-02-25 13:43:00,366,366,366,366,0
2022-02-25 13:44:00,366,366,366,366,0
2022-02-25 13:45:00,366,366,366,366,0
2022-02-25 13:46:00,366,366,366,366,0
2022-02-25 13:47:00,366,366,366,366,0
2022-02-25 13:48:00,366,366,366,366,0
2022-02-25 13:49:00,366,366,366,366,0
2022-02-25 13:50:00,366,366,366,366,0
2022-02-25 13:51:00,366,366,366,366,0
2022-02-25 13:52:00,366,366,366,366,0
2022-02-25 13:53:00,366,366,366,366,0
2022-02-25 13:54:00,366,366,366,366,0
2022-02-25 13:55:00,366,366,366,366,0
2022-02-25 13:56:00,366,366,366,366,0
2022-02-25 13:57:00,366,366,366,366,0
2022-02-25 13:58:00,366,366,366,366,0
2022-02-25 13:59:00,366,366,366,366,0
2022-02-25 14:00:00,366,366,366,366,0
2022-02-25 14:01:00,366,366,366,366,0
2022-02-25 14:02:00,366,366,366,366,19900
2022-02-25 14:03:00,368,368,368,368,100
2022-02-25 14:04:00,368,368,368,368,0
2022-02-25 14:05:00,368,368,368,368,0
2022-02-25 14:06:00,366,366,366,366,100
2022-02-25 14:07:00,366,366,366,366,0
2022-02-25 14:08:00,366,366,366,366,300
2022-02-25 14:09:00,366,366,366,366,100
2022-02-25 14:10:00,366,366,366,366,1200
2022-02-25 14:11:00,366,366,366,366,0
2022-02-25 14:12:00,366,366,366,366,0
2022-02-25 14:13:00,366,366,366,366,0
2022-02-25 14:14:00,366,366,366,366,0
2022-02-25 14:15:00,366,366,366,366,0
2022-02-25 14:16:00,366,366,366,366,0
2022-02-25 14:17:00,366,366,366,366,0
2022-02-25 14:18:00,366,366,366,366,0
2022-02-25 14:19:00,366,366,366,366,0
2022-02-25 14:20:00,366,366,366,366,0
2022-02-25 14:21:00,366,366,366,366,0
2022-02-25 14:22:00,366,366,366,366,0
2022-02-25 14:23:00,366,366,366,366,0
2022-02-25 14:24:00,366,366,366,366,0
2022-02-25 14:25:00,366,366,366,366,0
2022-02-25 14:26:00,366,366,366,366,0
2022-02-25 14:27:00,366,366,366,366,0
2022-02-25 14:28:00,366,366,366,366,0
2022-02-25 14:29:00,366,366,366,366,0
2022-02-25 14:30:00,366,366,366,366,0
2022-02-25 14:31:00,368,368,368,368,100
2022-02-25 14:32:00,368,368,368,368,0
2022-02-25 14:33:00,366,366,366,366,500
2022-02-25 14:34:00,366,366,366,366,0
2022-02-25 14:35:00,366,366,366,366,0
2022-02-25 14:36:00,366,366,366,366,0
2022-02-25 14:37:00,366,366,366,366,0
2022-02-25 14:38:00,366,366,366,366,2000
2022-02-25 14:39:00,366,366,368,366,1200
2022-02-25 14:40:00,366,366,368,366,0
2022-02-25 14:41:00,366,366,366,366,2000
2022-02-25 14:42:00,366,366,366,366,2100
2022-02-25 14:43:00,366,366,366,366,1000
2022-02-25 14:44:00,366,366,366,366,1000
2022-02-25 14:45:00,366,366,366,366,0
2022-02-25 14:46:00,366,366,366,366,0
2022-02-25 14:47:00,366,366,366,366,0
2022-02-25 14:48:00,366,366,366,366,1000
2022-02-25 14:49:00,366,366,368,368,1600
2022-02-25 14:50:00,366,366,368,368,0
2022-02-25 14:51:00,366,366,368,368,0
2022-02-25 14:52:00,366,366,368,368,0
2022-02-25 14:53:00,366,366,368,368,0
2022-02-25 14:54:00,366,366,368,368,0
2022-02-25 14:55:00,366,366,368,368,0
2022-02-25 14:56:00,366,366,368,368,0
2022-02-25 14:57:00,366,366,368,368,0
2022-02-25 14:58:00,366,366,368,368,0
2022-02-25 14:59:00,366,366,368,368,0
2022-02-25 15:00:00,370,370,370,370,3800
2022-02-25 15:01:00,370,370,370,370,0
2022-02-25 15:02:00,370,370,370,370,0
2022-02-25 15:03:00,370,370,370,370,0
2022-02-25 15:04:00,370,370,370,370,5700
2022-02-25 15:05:00,370,370,370,370,0
2022-02-25 15:06:00,370,370,370,370,0
2022-02-25 15:07:00,370,370,370,370,0
2022-02-25 15:08:00,370,370,370,370,400
2022-02-25 15:09:00,370,370,370,370,0
2022-02-25 15:10:00,370,370,370,370,0
2022-02-25 15:11:00,370,370,370,370,0
2022-02-25 15:12:00,370,370,370,370,0
2022-02-25 15:13:00,370,370,370,370,0
2022-02-25 15:14:00,370,370,370,370,0
2022-02-25 15:15:00,370,370,370,370,0
2022-02-25 15:16:00,370,370,370,370,0
2022-02-25 15:17:00,370,370,370,370,0
2022-02-25 15:18:00,370,370,370,370,0
2022-02-25 15:19:00,370,370,370,370,0
2022-02-25 15:20:00,370,370,370,370,0
2022-02-25 15:21:00,370,370,370,370,0
2022-02-25 15:22:00,370,370,370,370,0
2022-02-25 15:23:00,370,370,370,370,0
2022-02-25 15:24:00,370,370,370,370,0
2022-02-25 15:25:00,370,370,370,370,0
2022-02-25 15:26:00,370,370,370,370,0
2022-02-25 15:27:00,370,370,370,370,0
2022-02-25 15:28:00,370,370,370,370,0
2022-02-25 15:29:00,370,370,370,370,0
2022-02-25 15:30:00,370,370,370,370,0
2022-02-25 15:31:00,370,370,370,370,0
2022-02-25 15:32:00,370,370,370,370,0
2022-02-25 15:33:00,370,370,370,370,0
2022-02-25 15:34:00,370,370,370,370,0
2022-02-25 15:35:00,370,370,370,370,0
2022-02-25 15:36:00,370,370,370,370,0
2022-02-25 15:37:00,370,370,370,370,0
2022-02-25 15:38:00,370,370,370,370,0
2022-02-25 15:39:00,370,370,370,370,0
2022-02-25 15:40:00,370,370,370,370,0
2022-02-25 15:41:00,370,370,370,370,0
2022-02-25 15:42:00,370,370,370,370,0
2022-02-25 15:43:00,370,370,370,370,0
2022-02-25 15:44:00,370,370,370,370,0
2022-02-25 15:45:00,370,370,370,370,0
2022-02-25 15:46:00,370,370,370,370,0
2022-02-25 15:47:00,370,370,370,370,0
2022-02-25 15:48:00,370,370,370,370,0
2022-02-25 15:49:00,370,370,370,370,0
2022-02-25 15:50:00,370,370,370,370,0
2022-02-25 15:51:00,370,370,370,370,0
2022-02-25 15:52:00,370,370,370,370,0
2022-02-25 15:53:00,370,370,370,370,0
2022-02-25 15:54:00,370,370,370,370,0
2022-02-25 15:55:00,370,370,370,370,0
2022-02-25 15:56:00,370,370,370,370,0
2022-02-25 15:57:00,370,370,370,370,0
2022-02-25 15:58:00,370,370,370,370,0
2022-02-25 15:59:00,370,370,370,370,0
2022-02-28 09:00:00,370,370,370,370,0
2022-02-28 09:01:00,370,370,370,370,0
2022-02-28 09:02:00,370,370,370,370,0
2022-02-28 09:03:00,370,370,370,370,0
2022-02-28 09:04:00,370,370,370,370,0
2022-02-28 09:05:00,370,370,370,370,0
2022-02-28 09:06:00,370,370,370,370,0
2022-02-28 09:07:00,370,370,370,370,0
2022-02-28 09:08:00,370,370,370,370,0
2022-02-28 09:09:00,370,370,370,370,0
2022-02-28 09:10:00,370,370,370,370,0
2022-02-28 09:11:00,370,370,370,370,0
2022-02-28 09:12:00,370,370,370,370,0
2022-02-28 09:13:00,370,370,370,370,0
2022-02-28 09:14:00,370,370,370,370,0
2022-02-28 09:15:00,370,370,370,370,0
2022-02-28 09:16:00,370,370,370,370,0
2022-02-28 09:17:00,370,370,370,370,0
2022-02-28 09:18:00,370,370,370,370,0
2022-02-28 09:19:00,370,370,370,370,0
2022-02-28 09:20:00,370,370,370,370,0
2022-02-28 09:21:00,370,370,370,370,0
2022-02-28 09:22:00,370,370,370,370,0
2022-02-28 09:23:00,370,370,370,370,0
2022-02-28 09:24:00,370,370,370,370,0
2022-02-28 09:25:00,370,370,370,370,0
2022-02-28 09:26:00,370,370,370,370,0
2022-02-28 09:27:00,370,370,370,370,0
2022-02-28 09:28:00,370,370,370,370,0
2022-02-28 09:29:00,370,370,370,370,0
2022-02-28 09:30:00,370,370,370,370,0
2022-02-28 09:31:00,370,370,370,370,0
2022-02-28 09:32:00,370,370,370,370,0
2022-02-28 09:33:00,370,370,370,370,0
2022-02-28 09:34:00,370,370,370,370,0
2022-02-28 09:35:00,370,370,370,370,0
2022-02-28 09:36:00,370,370,370,370,0
2022-02-28 09:37:00,370,370,370,370,0
2022-02-28 09:38:00,370,370,370,370,0
2022-02-28 09:39:00,370,370,370,370,0
2022-02-28 09:40:00,370,370,370,370,0
2022-02-28 09:41:00,370,370,370,370,0
2022-02-28 09:42:00,370,370,370,370,0
2022-02-28 09:43:00,370,370,370,370,0
2022-02-28 09:44:00,370,370,370,370,0
2022-02-28 09:45:00,370,370,370,370,0
2022-02-28 09:46:00,370,370,370,370,0
2022-02-28 09:47:00,370,370,370,370,0
2022-02-28 09:48:00,370,370,370,370,0
2022-02-28 09:49:00,370,370,370,370,0
2022-02-28 09:50:00,370,370,370,370,0
2022-02-28 09:51:00,370,370,370,370,0
2022-02-28 09:52:00,370,370,370,370,0
2022-02-28 09:53:00,370,370,370,370,0
2022-02-28 09:54:00,370,370,370,370,0
2022-02-28 09:55:00,370,370,370,370,0
2022-02-28 09:56:00,370,370,370,370,0
2022-02-28 09:57:00,370,370,370,370,0
2022-02-28 09:58:00,370,370,370,370,0
2022-02-28 09:59:00,370,370,370,370,0
2022-02-28 10:00:00,370,370,370,370,0
2022-02-28 10:01:00,370,370,370,370,0
2022-02-28 10:02:00,370,370,370,370,0
2022-02-28 10:03:00,370,370,370,370,0
2022-02-28 10:04:00,370,370,370,370,0
2022-02-28 10:05:00,370,370,370,370,0
2022-02-28 10:06:00,370,370,370,370,0
2022-02-28 10:07:00,370,370,370,370,0
2022-02-28 10:08:00,370,370,370,370,0
2022-02-28 10:09:00,370,370,370,370,0
2022-02-28 10:10:00,370,370,370,370,0
2022-02-28 10:11:00,370,370,370,370,0
2022-02-28 10:12:00,370,370,370,370,0
2022-02-28 10:13:00,370,370,370,370,0
2022-02-28 10:14:00,370,370,370,370,0
2022-02-28 10:15:00,370,370,370,370,0
2022-02-28 10:16:00,370,370,370,370,0
2022-02-28 10:17:00,370,370,370,370,0
2022-02-28 10:18:00,370,370,370,370,0
2022-02-28 10:19:00,370,370,370,370,0
2022-02-28 10:20:00,370,370,370,370,0
2022-02-28 10:21:00,370,370,370,370,0
2022-02-28 10:22:00,370,370,370,370,0
2022-02-28 10:23:00,370,370,370,370,0
2022-02-28 10:24:00,370,370,370,370,0
2022-02-28 10:25:00,370,370,370,370,0
2022-02-28 10:26:00,370,370,370,370,0
2022-02-28 10:27:00,370,370,370,370,0
2022-02-28 10:28:00,370,370,370,370,0
2022-02-28 10:29:00,370,370,370,370,0
2022-02-28 10:30:00,370,370,370,370,0
2022-02-28 10:31:00,370,370,370,370,0
2022-02-28 10:32:00,370,370,370,370,0
2022-02-28 10:33:00,370,370,370,370,0
2022-02-28 10:34:00,370,370,370,370,0
2022-02-28 10:35:00,370,370,370,370,0
2022-02-28 10:36:00,370,370,370,370,0
2022-02-28 10:37:00,370,370,370,370,0
2022-02-28 10:38:00,370,370,370,370,0
2022-02-28 10:39:00,370,370,370,370,0
2022-02-28 10:40:00,370,370,370,370,0
2022-02-28 10:41:00,370,370,370,370,0
2022-02-28 10:42:00,370,370,370,370,0
2022-02-28 10:43:00,370,370,370,370,0
2022-02-28 10:44:00,370,370,370,370,0
2022-02-28 10:45:00,370,370,370,370,0
2022-02-28 10:46:00,370,370,370,370,0
2022-02-28 10:47:00,370,370,370,370,0
2022-02-28 10:48:00,370,370,370,370,0
2022-02-28 10:49:00,370,370,370,370,0
2022-02-28 10:50:00,370,370,370,370,0
2022-02-28 10:51:00,370,370,370,370,0
2022-02-28 10:52:00,370,370,370,370,0
2022-02-28 10:53:00,370,370,370,370,0
2022-02-28 10:54:00,370,370,370,370,0
2022-02-28 10:55:00,370,370,370,370,0
2022-02-28 10:56:00,370,370,370,370,0
2022-02-28 10:57:00,370,370,370,370,0
2022-02-28 10:58:00,370,370,370,370,0
2022-02-28 10:59:00,370,370,370,370,0
2022-02-28 11:00:00,370,370,370,370,0
2022-02-28 11:01:00,370,370,370,370,0
2022-02-28 11:02:00,370,370,370,370,0
2022-02-28 11:03:00,370,370,370,370,0
2022-02-28 11:04:00,370,370,370,370,0
2022-02-28 11:05:00,370,370,370,370,0
2022-02-28 11:06:00,370,370,370,370,0
2022-02-28 11:07:00,370,370,370,370,0
2022-02-28 11:08:00,370,370,370,370,0
2022-02-28 11:09:00,370,370,370,370,0
2022-02-28 11:10:00,370,370,370,370,0
2022-02-28 11:11:00,370,370,370,370,0
2022-02-28 11:12:00,370,370,370,370,0
2022-02-28 11:13:00,370,370,370,370,0
2022-02-28 11:14:00,370,370,370,370,0
2022-02-28 11:15:00,370,370,370,370,0
2022-02-28 11:16:00,370,370,370,370,0
2022-02-28 11:17:00,370,370,370,370,0
2022-02-28 11:18:00,370,370,370,370,0
2022-02-28 11:19:00,370,370,370,370,0
2022-02-28 11:20:00,370,370,370,370,0
2022-02-28 11:21:00,370,370,370,370,0
2022-02-28 11:22:00,370,370,370,370,0
2022-02-28 11:23:00,370,370,370,370,0
2022-02-28 11:24:00,370,370,370,370,0
2022-02-28 11:25:00,370,370,370,370,0
2022-02-28 11:26:00,370,370,370,370,0
2022-02-28 11:27:00,370,370,370,370,0
2022-02-28 11:28:00,370,370,370,370,0
2022-02-28 11:29:00,370,370,370,370,0
2022-02-28 11:30:00,370,370,370,370,0
2022-02-28 11:31:00,370,370,370,370,0
2022-02-28 11:32:00,370,370,370,370,0
2022-02-28 11:33:00,370,370,370,370,0
2022-02-28 11:34:00,370,370,370,370,0
2022-02-28 11:35:00,370,370,370,370,0
2022-02-28 11:36:00,370,370,370,370,0
2022-02-28 11:37:00,370,370,370,370,0
2022-02-28 11:38:00,370,370,370,370,0
2022-02-28 11:39:00,370,370,370,370,0
2022-02-28 11:40:00,370,370,370,370,0
2022-02-28 11:41:00,370,370,370,370,0
2022-02-28 11:42:00,370,370,370,370,0
2022-02-28 11:43:00,370,370,370,370,0
2022-02-28 11:44:00,370,370,370,370,0
2022-02-28 11:45:00,370,370,370,370,0
2022-02-28 11:46:00,370,370,370,370,0
2022-02-28 11:47:00,370,370,370,370,0
2022-02-28 11:48:00,370,370,370,370,0
2022-02-28 11:49:00,370,370,370,370,0
2022-02-28 11:50:00,370,370,370,370,0
2022-02-28 11:51:00,370,370,370,370,0
2022-02-28 11:52:00,370,370,370,370,0
2022-02-28 11:53:00,370,370,370,370,0
2022-02-28 11:54:00,370,370,370,370,0
2022-02-28 11:55:00,370,370,370,370,0
2022-02-28 11:56:00,370,370,370,370,0
2022-02-28 11:57:00,370,370,370,370,0
2022-02-28 11:58:00,370,370,370,370,0
2022-02-28 11:59:00,370,370,370,370,0
2022-02-28 12:00:00,370,370,370,370,0
2022-02-28 12:01:00,370,370,370,370,0
2022-02-28 12:02:00,370,370,370,370,0
2022-02-28 12:03:00,370,370,370,370,0
2022-02-28 12:04:00,370,370,370,370,0
2022-02-28 12:05:00,370,370,370,370,0
2022-02-28 12:06:00,370,370,370,370,0
2022-02-28 12:07:00,370,370,370,370,0
2022-02-28 12:08:00,370,370,370,370,0
2022-02-28 12:09:00,370,370,370,370,0
2022-02-28 12:10:00,370,370,370,370,0
2022-02-28 12:11:00,370,370,370,370,0
2022-02-28 12:12:00,370,370,370,370,0
2022-02-28 12:13:00,370,370,370,370,0
2022-02-28 12:14:00,370,370,370,370,0
2022-02-28 12:15:00,370,370,370,370,0
2022-02-28 12:16:00,370,370,370,370,0
2022-02-28 12:17:00,370,370,370,370,0
2022-02-28 12:18:00,370,370,370,370,0
2022-02-28 12:19:00,370,370,370,370,0
2022-02-28 12:20:00,370,370,370,370,0
2022-02-28 12:21:00,370,370,370,370,0
2022-02-28 12:22:00,370,370,370,370,0
2022-02-28 12:23:00,370,370,370,370,0
2022-02-28 12:24:00,370,370,370,370,0
2022-02-28 12:25:00,370,370,370,370,0
2022-02-28 12:26:00,370,370,370,370,0
2022-02-28 12:27:00,370,370,370,370,0
2022-02-28 12:28:00,370,370,370,370,0
2022-02-28 12:29:00,370,370,370,370,0
2022-02-28 12:30:00,370,370,370,370,0
2022-02-28 12:31:00,370,370,370,370,0
2022-02-28 12:32:00,370,370,370,370,0
2022-02-28 12:33:00,370,370,370,370,0
2022-02-28 12:34:00,370,370,370,370,0
2022-02-28 12:35:00,370,370,370,370,0
2022-02-28 12:36:00,370,370,370,370,0
2022-02-28 12:37:00,370,370,370,370,0
2022-02-28 12:38:00,370,370,370,370,0
2022-02-28 12:39:00,370,370,370,370,0
2022-02-28 12:40:00,370,370,370,370,0
2022-02-28 12:41:00,370,370,370,370,0
2022-02-28 12:42:00,370,370,370,370,0
2022-02-28 12:43:00,370,370,370,370,0
2022-02-28 12:44:00,370,370,370,370,0
2022-02-28 12:45:00,370,370,370,370,0
2022-02-28 12:46:00,370,370,370,370,0
2022-02-28 12:47:00,370,370,370,370,0
2022-02-28 12:48:00,370,370,370,370,0
2022-02-28 12:49:00,370,370,370,370,0
2022-02-28 12:50:00,370,370,370,370,0
2022-02-28 12:51:00,370,370,370,370,0
2022-02-28 12:52:00,370,370,370,370,0
2022-02-28 12:53:00,370,370,370,370,0
2022-02-28 12:54:00,370,370,370,370,0
2022-02-28 12:55:00,370,370,370,370,0
2022-02-28 12:56:00,370,370,370,370,0
2022-02-28 12:57:00,370,370,370,370,0
2022-02-28 12:58:00,370,370,370,370,0
2022-02-28 12:59:00,370,370,370,370,0
2022-02-28 13:00:00,370,370,370,370,0
2022-02-28 13:01:00,370,370,370,370,0
2022-02-28 13:02:00,370,370,370,370,0
2022-02-28 13:03:00,370,370,370,370,0
2022-02-28 13:04:00,370,370,370,370,0
2022-02-28 13:05:00,370,370,370,370,0
2022-02-28 13:06:00,370,370,370,370,0
2022-02-28 13:07:00,370,370,370,370,0
2022-02-28 13:08:00,370,370,370,370,0
2022-02-28 13:09:00,370,370,370,370,0
2022-02-28 13:10:00,370,370,370,370,0
2022-02-28 13:11:00,370,370,370,370,0
2022-02-28 13:12:00,370,370,370,370,0
2022-02-28 13:13:00,370,370,370,370,0
2022-02-28 13:14:00,370,370,370,370,0
2022-02-28 13:15:00,370,370,370,370,0
2022-02-28 13:16:00,370,370,370,370,0
2022-02-28 13:17:00,370,370,370,370,0
2022-02-28 13:18:00,370,370,370,370,0
2022-02-28 13:19:00,370,370,370,370,0
2022-02-28 13:20:00,370,370,370,370,0
2022-02-28 13:21:00,370,370,370,370,0
2022-02-28 13:22:00,370,370,370,370,0
2022-02-28 13:23:00,370,370,370,370,0
2022-02-28 13:24:00,370,370,370,370,0
2022-02-28 13:25:00,370,370,370,370,0
2022-02-28 13:26:00,370,370,370,370,0
2022-02-28 13:27:00,370,370,370,370,0
2022-02-28 13:28:00,370,370,370,370,0
2022-02-28 13:29:00,370,370,370,370,0
2022-02-28 13:30:00,370,370,370,370,0
2022-02-28 13:31:00,370,370,370,370,0
2022-02-28 13:32:00,370,370,370,370,0
2022-02-28 13:33:00,370,370,370,370,0
2022-02-28 13:34:00,370,370,370,370,0
2022-02-28 13:35:00,370,370,370,370,0
2022-02-28 13:36:00,370,370,370,370,0
2022-02-28 13:37:00,370,370,370,370,0
2022-02-28 13:38:00,370,370,370,370,0
2022-02-28 13:39:00,370,370,370,370,0
2022-02-28 13:40:00,370,370,370,370,0
2022-02-28 13:41:00,370,370,370,370,0
2022-02-28 13:42:00,370,370,370,370,0
2022-02-28 13:43:00,370,370,370,370,0
2022-02-28 13:44:00,370,370,370,370,0
2022-02-28 13:45:00,370,370,370,370,0
2022-02-28 13:46:00,370,370,370,370,0
2022-02-28 13:47:00,370,370,370,370,0
2022-02-28 13:48:00,370,370,370,370,0
2022-02-28 13:49:00,370,370,370,370,0
2022-02-28 13:50:00,370,370,370,370,0
2022-02-28 13:51:00,370,370,370,370,0
2022-02-28 13:52:00,370,370,370,370,0
2022-02-28 13:53:00,370,370,370,370,0
2022-02-28 13:54:00,370,370,370,370,0
2022-02-28 13:55:00,370,370,370,370,0
2022-02-28 13:56:00,370,370,370,370,0
2022-02-28 13:57:00,370,370,370,370,0
2022-02-28 13:58:00,370,370,370,370,0
2022-02-28 13:59:00,370,370,370,370,0
2022-02-28 14:00:00,370,370,370,370,0
2022-02-28 14:01:00,370,370,370,370,0
2022-02-28 14:02:00,370,370,370,370,0
2022-02-28 14:03:00,370,370,370,370,0
2022-02-28 14:04:00,370,370,370,370,0
2022-02-28 14:05:00,370,370,370,370,0
2022-02-28 14:06:00,370,370,370,370,0
2022-02-28 14:07:00,370,370,370,370,0
2022-02-28 14:08:00,370,370,370,370,0
2022-02-28 14:09:00,370,370,370,370,0
2022-02-28 14:10:00,370,370,370,370,0
2022-02-28 14:11:00,370,370,370,370,0
2022-02-28 14:12:00,370,370,370,370,0
2022-02-28 14:13:00,370,370,370,370,0
2022-02-28 14:14:00,370,370,370,370,0
2022-02-28 14:15:00,370,370,370,370,0
2022-02-28 14:16:00,370,370,370,370,0
2022-02-28 14:17:00,370,370,370,370,0
2022-02-28 14:18:00,370,370,370,370,0
2022-02-28 14:19:00,370,370,370,370,0
2022-02-28 14:20:00,370,370,370,370,0
2022-02-28 14:21:00,370,370,370,370,0
2022-02-28 14:22:00,370,370,370,370,0
2022-02-28 14:23:00,370,370,370,370,0
2022-02-28 14:24:00,370,370,370,370,0
2022-02-28 14:25:00,370,370,370,370,0
2022-02-28 14:26:00,370,370,370,370,0
2022-02-28 14:27:00,370,370,370,370,0
2022-02-28 14:28:00,370,370,370,370,0
2022-02-28 14:29:00,370,370,370,370,0
2022-02-28 14:30:00,370,370,370,370,0
2022-02-28 14:31:00,370,370,370,370,0
2022-02-28 14:32:00,370,370,370,370,0
2022-02-28 14:33:00,370,370,370,370,0
2022-02-28 14:34:00,370,370,370,370,0
2022-02-28 14:35:00,370,370,370,370,0
2022-02-28 14:36:00,370,370,370,370,0
2022-02-28 14:37:00,370,370,370,370,0
2022-02-28 14:38:00,370,370,370,370,0
2022-02-28 14:39:00,370,370,370,370,0
2022-02-28 14:40:00,370,370,370,370,0
2022-02-28 14:41:00,370,370,370,370,0
2022-02-28 14:42:00,370,370,370,370,0
2022-02-28 14:43:00,370,370,370,370,0
2022-02-28 14:44:00,370,370,370,370,0
2022-02-28 14:45:00,370,370,370,370,0
2022-02-28 14:46:00,370,370,370,370,0
2022-02-28 14:47:00,370,370,370,370,0
2022-02-28 14:48:00,370,370,370,370,0
2022-02-28 14:49:00,370,370,370,370,0
2022-02-28 14:50:00,370,370,370,370,0
2022-02-28 14:51:00,370,370,370,370,0
2022-02-28 14:52:00,370,370,370,370,0
2022-02-28 14:53:00,370,370,370,370,0
2022-02-28 14:54:00,370,370,370,370,0
2022-02-28 14:55:00,370,370,370,370,0
2022-02-28 14:56:00,370,370,370,370,0
2022-02-28 14:57:00,370,370,370,370,0
2022-02-28 14:58:00,370,370,370,370,0
2022-02-28 14:59:00,370,370,370,370,0
2022-02-28 15:00:00,370,370,370,370,0
2022-02-28 15:01:00,370,370,370,370,0
2022-02-28 15:02:00,370,370,370,370,0
2022-02-28 15:03:00,370,370,370,370,0
2022-02-28 15:04:00,370,370,370,370,0
2022-02-28 15:05:00,370,370,370,370,0
2022-02-28 15:06:00,370,370,370,370,0
2022-02-28 15:07:00,370,370,370,370,0
2022-02-28 15:08:00,370,370,370,370,0
2022-02-28 15:09:00,370,370,370,370,0
2022-02-28 15:10:00,370,370,370,370,0
2022-02-28 15:11:00,370,370,370,370,0
2022-02-28 15:12:00,370,370,370,370,0
2022-02-28 15:13:00,370,370,370,370,0
2022-02-28 15:14:00,370,370,370,370,0
2022-02-28 15:15:00,370,370,370,370,0
2022-02-28 15:16:00,370,370,370,370,0
2022-02-28 15:17:00,370,370,370,370,0
2022-02-28 15:18:00,370,370,370,370,0
2022-02-28 15:19:00,370,370,370,370,0
2022-02-28 15:20:00,370,370,370,370,0
2022-02-28 15:21:00,370,370,370,370,0
2022-02-28 15:22:00,370,370,370,370,0
2022-02-28 15:23:00,370,370,370,370,0
2022-02-28 15:24:00,370,370,370,370,0
2022-02-28 15:25:00,370,370,370,370,0
2022-02-28 15:26:00,370,370,370,370,0
2022-02-28 15:27:00,370,370,370,370,0
2022-02-28 15:28:00,370,370,370,370,0
2022-02-28 15:29:00,370,370,370,370,0
2022-02-28 15:30:00,370,370,370,370,0
2022-02-28 15:31:00,370,370,370,370,0
2022-02-28 15:32:00,370,370,370,370,0
2022-02-28 15:33:00,370,370,370,370,0
2022-02-28 15:34:00,370,370,370,370,0
2022-02-28 15:35:00,370,370,370,370,0
2022-02-28 15:36:00,370,370,370,370,0
2022-02-28 15:37:00,370,370,370,370,0
2022-02-28 15:38:00,370,370,370,370,0
2022-02-28 15:39:00,370,370,370,370,0
2022-02-28 15:40:00,370,370,370,370,0
2022-02-28 15:41:00,370,370,370,370,0
2022-02-28 15:42:00,370,370,370,370,0
2022-02-28 15:43:00,370,370,370,370,0
2022-02-28 15:44:00,370,370,370,370,0
2022-02-28 15:45:00,370,370,370,370,0
2022-02-28 15:46:00,370,370,370,370,0
2022-02-28 15:47:00,370,370,370,370,0
2022-02-28 15:48:00,370,370,370,370,0
2022-02-28 15:49:00,370,370,370,370,0
2022-02-28 15:50:00,370,370,370,370,0
2022-02-28 15:51:00,370,370,370,370,0
2022-02-28 15:52:00,370,370,370,370,0
2022-02-28 15:53:00,370,370,370,370,0
2022-02-28 15:54:00,370,370,370,370,0
2022-02-28 15:55:00,370,370,370,370,0
2022-02-28 15:56:00,370,370,370,370,0
2022-02-28 15:57:00,370,370,370,370,0
2022-02-28 15:58:00,370,370,370,370,0
2022-02-28 15:59:00,370,370,370,370,0
2022-03-01 09:00:00,370,370,370,370,0
2022-03-01 09:01:00,370,370,370,370,0
2022-03-01 09:02:00,370,370,370,370,0
2022-03-01 09:03:00,370,370,370,370,0
2022-03-01 09:04:00,370,370,370,370,0
2022-03-01 09:05:00,370,370,370,370,0
2022-03-01 09:06:00,370,370,370,370,0
2022-03-01 09:07:00,370,370,370,370,0
2022-03-01 09:08:00,370,370,370,370,0
2022-03-01 09:09:00,370,370,370,370,0
2022-03-01 09:10:00,370,370,370,370,0
2022-03-01 09:11:00,370,370,370,370,0
2022-03-01 09:12:00,370,370,370,370,0
2022-03-01 09:13:00,370,370,370,370,0
2022-03-01 09:14:00,370,370,370,370,0
2022-03-01 09:15:00,370,370,370,370,0
2022-03-01 09:16:00,370,370,370,370,0
2022-03-01 09:17:00,370,370,370,370,0
2022-03-01 09:18:00,370,370,370,370,0
2022-03-01 09:19:00,370,370,370,370,0
2022-03-01 09:20:00,370,370,370,370,0
2022-03-01 09:21:00,370,370,370,370,0
2022-03-01 09:22:00,370,370,370,370,0
2022-03-01 09:23:00,370,370,370,370,0
2022-03-01 09:24:00,370,370,370,370,0
2022-03-01 09:25:00,370,370,370,370,0
2022-03-01 09:26:00,370,370,370,370,0
2022-03-01 09:27:00,370,370,370,370,0
2022-03-01 09:28:00,370,370,370,370,0
2022-03-01 09:29:00,370,370,370,370,0
2022-03-01 09:30:00,370,370,370,370,0
2022-03-01 09:31:00,370,370,370,370,0
2022-03-01 09:32:00,370,370,370,370,0
2022-03-01 09:33:00,370,370,370,370,0
2022-03-01 09:34:00,346,346,350,350,0
2022-03-01 09:35:00,346,346,350,350,0
2022-03-01 09:36:00,346,346,350,350,0
2022-03-01 09:37:00,346,346,350,350,0
2022-03-01 09:38:00,346,346,350,350,0
2022-03-01 09:39:00,346,346,350,350,0
2022-03-01 09:40:00,346,346,350,350,0
2022-03-01 09:41:00,346,346,350,350,0
2022-03-01 09:42:00,346,346,350,350,0
2022-03-01 09:43:00,360,360,362,362,200
2022-03-01 09:44:00,364,364,364,364,200
2022-03-01 09:45:00,364,364,364,364,0
2022-03-01 09:46:00,364,364,364,364,0
2022-03-01 09:47:00,364,364,364,364,0
2022-03-01 09:48:00,364,364,364,364,0
2022-03-01 09:49:00,364,364,364,364,0
2022-03-01 09:50:00,364,364,364,364,0
2022-03-01 09:51:00,362,362,362,362,100
2022-03-01 09:52:00,362,362,362,362,0
2022-03-01 09:53:00,362,362,362,362,0
2022-03-01 09:54:00,362,362,362,362,0
2022-03-01 09:55:00,368,368,368,368,100
2022-03-01 09:56:00,368,368,368,368,0
2022-03-01 09:57:00,368,368,368,368,0
2022-03-01 09:58:00,368,368,368,368,0
2022-03-01 09:59:00,368,368,368,368,0
2022-03-01 10:00:00,368,368,368,368,0
2022-03-01 10:01:00,368,368,368,368,0
2022-03-01 10:02:00,368,368,368,368,0
2022-03-01 10:03:00,368,368,368,368,0
2022-03-01 10:04:00,368,368,368,368,0
2022-03-01 10:05:00,368,368,368,368,0
2022-03-01 10:06:00,368,368,368,368,0
2022-03-01 10:07:00,368,368,368,368,0
2022-03-01 10:08:00,368,368,368,368,0
2022-03-01 10:09:00,368,368,368,368,0
2022-03-01 10:10:00,368,368,368,368,0
2022-03-01 10:11:00,368,368,368,368,0
2022-03-01 10:12:00,368,368,368,368,0
2022-03-01 10:13:00,368,368,368,368,0
2022-03-01 10:14:00,368,368,368,368,0
2022-03-01 10:15:00,368,368,368,368,0
2022-03-01 10:16:00,368,368,368,368,0
2022-03-01 10:17:00,368,368,368,368,0
2022-03-01 10:18:00,368,368,368,368,0
2022-03-01 10:19:00,368,368,368,368,0
2022-03-01 10:20:00,368,368,368,368,0
2022-03-01 10:21:00,368,368,368,368,0
2022-03-01 10:22:00,368,368,368,368,0
2022-03-01 10:23:00,368,368,368,368,0
2022-03-01 10:24:00,368,368,368,368,0
2022-03-01 10:25:00,368,368,368,368,0
2022-03-01 10:26:00,368,368,368,368,0
2022-03-01 10:27:00,368,368,368,368,0
2022-03-01 10:28:00,360,354,360,354,1300
2022-03-01 10:29:00,360,354,360,354,0
2022-03-01 10:30:00,360,354,360,354,0
2022-03-01 10:31:00,360,354,360,354,0
2022-03-01 10:32:00,352,352,352,352,1100
2022-03-01 10:33:00,348,348,348,348,15200
2022-03-01 10:34:00,346,346,346,346,23600
2022-03-01 10:35:00,346,346,346,346,13300
2022-03-01 10:36:00,354,354,366,366,800
2022-03-01 10:37:00,354,354,366,366,0
2022-03-01 10:38:00,354,354,366,366,0
2022-03-01 10:39:00,354,354,366,366,0
2022-03-01 10:40:00,354,354,366,366,0
2022-03-01 10:41:00,346,346,346,346,6000
2022-03-01 10:42:00,346,346,346,346,0
2022-03-01 10:43:00,346,346,346,346,0
2022-03-01 10:44:00,346,346,346,346,2500
2022-03-01 10:45:00,346,346,346,346,0
2022-03-01 10:46:00,346,346,358,358,20100
2022-03-01 10:47:00,346,346,358,358,0
2022-03-01 10:48:00,346,346,358,358,0
2022-03-01 10:49:00,346,346,358,358,0
2022-03-01 10:50:00,346,346,346,346,15000
2022-03-01 10:51:00,346,346,346,346,0
2022-03-01 10:52:00,346,346,346,346,0
2022-03-01 10:53:00,346,346,346,346,0
2022-03-01 10:54:00,346,346,346,346,0
2022-03-01 10:55:00,346,346,346,346,0
2022-03-01 10:56:00,346,346,346,346,0
2022-03-01 10:57:00,346,346,346,346,0
2022-03-01 10:58:00,346,346,346,346,0
2022-03-01 10:59:00,346,346,346,346,33600
2022-03-01 11:00:00,346,346,346,346,0
2022-03-01 11:01:00,346,346,346,346,0
2022-03-01 11:02:00,346,346,346,346,0
2022-03-01 11:03:00,346,346,346,346,0
2022-03-01 11:04:00,346,346,346,346,0
2022-03-01 11:05:00,346,346,346,346,0
2022-03-01 11:06:00,346,346,346,346,0
2022-03-01 11:07:00,346,346,346,346,0
2022-03-01 11:08:00,346,346,346,346,0
2022-03-01 11:09:00,346,346,346,346,0
2022-03-01 11:10:00,346,346,346,346,0
2022-03-01 11:11:00,346,346,346,346,0
2022-03-01 11:12:00,346,346,346,346,0
2022-03-01 11:13:00,346,346,346,346,0
2022-03-01 11:14:00,346,346,346,346,0
2022-03-01 11:15:00,346,346,346,346,0
2022-03-01 11:16:00,346,346,346,346,0
2022-03-01 11:17:00,346,346,346,346,0
2022-03-01 11:18:00,346,346,346,346,0
2022-03-01 11:19:00,346,346,346,346,0
2022-03-01 11:20:00,346,346,346,346,0
2022-03-01 11:21:00,346,346,346,346,0
2022-03-01 11:22:00,346,346,346,346,0
2022-03-01 11:23:00,346,346,346,346,0
2022-03-01 11:24:00,346,346,346,346,0
2022-03-01 11:25:00,346,346,346,346,0
2022-03-01 11:26:00,346,346,346,346,0
2022-03-01 11:27:00,346,346,346,346,0
2022-03-01 11:28:00,346,346,346,346,0
2022-03-01 11:29:00,346,346,346,346,0
2022-03-01 11:30:00,346,346,346,346,0
2022-03-01 11:31:00,346,346,346,346,0
2022-03-01 11:32:00,346,346,346,346,0
2022-03-01 11:33:00,346,346,346,346,0
2022-03-01 11:34:00,346,346,346,346,0
2022-03-01 11:35:00,346,346,346,346,0
2022-03-01 11:36:00,346,346,346,346,0
2022-03-01 11:37:00,346,346,346,346,0
2022-03-01 11:38:00,346,346,346,346,0
2022-03-01 11:39:00,346,346,346,346,0
2022-03-01 11:40:00,346,346,346,346,0
2022-03-01 11:41:00,346,346,346,346,0
2022-03-01 11:42:00,346,346,346,346,0
2022-03-01 11:43:00,346,346,346,346,0
2022-03-01 11:44:00,346,346,346,346,0
2022-03-01 11:45:00,346,346,346,346,0
2022-03-01 11:46:00,346,346,346,346,0
2022-03-01 11:47:00,346,346,346,346,0
2022-03-01 11:48:00,346,346,346,346,0
2022-03-01 11:49:00,346,346,346,346,0
2022-03-01 11:50:00,346,346,346,346,0
2022-03-01 11:51:00,346,346,346,346,0
2022-03-01 11:52:00,346,346,346,346,0
2022-03-01 11:53:00,346,346,346,346,0
2022-03-01 11:54:00,346,346,346,346,0
2022-03-01 11:55:00,346,346,346,346,0
2022-03-01 11:56:00,346,346,346,346,0
2022-03-01 11:57:00,346,346,346,346,0
2022-03-01 11:58:00,346,346,346,346,0
2022-03-01 11:59:00,346,346,346,346,0
2022-03-01 12:00:00,346,346,346,346,0
2022-03-01 12:01:00,346,346,346,346,0
2022-03-01 12:02:00,346,346,346,346,0
2022-03-01 12:03:00,346,346,346,346,0
2022-03-01 12:04:00,346,346,346,346,0
2022-03-01 12:05:00,346,346,346,346,0
2022-03-01 12:06:00,346,346,346,346,0
2022-03-01 12:07:00,346,346,346,346,0
2022-03-01 12:08:00,346,346,346,346,0
2022-03-01 12:09:00,346,346,346,346,0
2022-03-01 12:10:00,346,346,346,346,0
2022-03-01 12:11:00,346,346,346,346,0
2022-03-01 12:12:00,346,346,346,346,0
2022-03-01 12:13:00,346,346,346,346,0
2022-03-01 12:14:00,346,346,346,346,0
2022-03-01 12:15:00,346,346,346,346,0
2022-03-01 12:16:00,346,346,346,346,0
2022-03-01 12:17:00,346,346,346,346,0
2022-03-01 12:18:00,346,346,346,346,0
2022-03-01 12:19:00,346,346,346,346,0
2022-03-01 12:20:00,346,346,346,346,0
2022-03-01 12:21:00,346,346,346,346,0
2022-03-01 12:22:00,346,346,346,346,0
2022-03-01 12:23:00,346,346,346,346,0
2022-03-01 12:24:00,346,346,346,346,0
2022-03-01 12:25:00,346,346,346,346,0
2022-03-01 12:26:00,346,346,346,346,0
2022-03-01 12:27:00,346,346,346,346,0
2022-03-01 12:28:00,346,346,346,346,0
2022-03-01 12:29:00,346,346,346,346,0
2022-03-01 12:30:00,346,346,346,346,0
2022-03-01 12:31:00,346,346,346,346,0
2022-03-01 12:32:00,346,346,346,346,0
2022-03-01 12:33:00,346,346,346,346,0
2022-03-01 12:34:00,346,346,346,346,0
2022-03-01 12:35:00,346,346,346,346,0
2022-03-01 12:36:00,346,346,346,346,0
2022-03-01 12:37:00,346,346,346,346,0
2022-03-01 12:38:00,346,346,346,346,0
2022-03-01 12:39:00,346,346,346,346,0
2022-03-01 12:40:00,346,346,346,346,0
2022-03-01 12:41:00,346,346,346,346,0
2022-03-01 12:42:00,346,346,346,346,0
2022-03-01 12:43:00,346,346,346,346,0
2022-03-01 12:44:00,346,346,346,346,0
2022-03-01 12:45:00,346,346,346,346,0
2022-03-01 12:46:00,346,346,346,346,0
2022-03-01 12:47:00,346,346,346,346,0
2022-03-01 12:48:00,346,346,346,346,0
2022-03-01 12:49:00,346,346,346,346,0
2022-03-01 12:50:00,346,346,346,346,0
2022-03-01 12:51:00,346,346,346,346,0
2022-03-01 12:52:00,346,346,346,346,0
2022-03-01 12:53:00,346,346,346,346,0
2022-03-01 12:54:00,346,346,346,346,0
2022-03-01 12:55:00,346,346,346,346,0
2022-03-01 12:56:00,346,346,346,346,0
2022-03-01 12:57:00,346,346,346,346,0
2022-03-01 12:58:00,346,346,346,346,0
2022-03-01 12:59:00,346,346,346,346,0
2022-03-01 13:00:00,346,346,346,346,0
2022-03-01 13:01:00,346,346,346,346,0
2022-03-01 13:02:00,346,346,346,346,0
2022-03-01 13:03:00,346,346,346,346,0
2022-03-01 13:04:00,346,346,346,346,0
2022-03-01 13:05:00,346,346,346,346,0
2022-03-01 13:06:00,346,346,346,346,0
2022-03-01 13:07:00,346,346,346,346,0
2022-03-01 13:08:00,346,346,346,346,0
2022-03-01 13:09:00,346,346,346,346,0
2022-03-01 13:10:00,346,346,346,346,0
2022-03-01 13:11:00,346,346,346,346,0
2022-03-01 13:12:00,346,346,346,346,0
2022-03-01 13:13:00,346,346,346,346,0
2022-03-01 13:14:00,346,346,346,346,0
2022-03-01 13:15:00,346,346,346,346,0
2022-03-01 13:16:00,346,346,346,346,0
2022-03-01 13:17:00,346,346,346,346,0
2022-03-01 13:18:00,346,346,346,346,0
2022-03-01 13:19:00,346,346,346,346,0
2022-03-01 13:20:00,346,346,346,346,0
2022-03-01 13:21:00,346,346,346,346,0
2022-03-01 13:22:00,346,346,346,346,0
2022-03-01 13:23:00,346,346,346,346,0
2022-03-01 13:24:00,346,346,346,346,0
2022-03-01 13:25:00,346,346,346,346,0
2022-03-01 13:26:00,346,346,346,346,0
2022-03-01 13:27:00,346,346,346,346,0
2022-03-01 13:28:00,346,346,346,346,0
2022-03-01 13:29:00,346,346,346,346,0
2022-03-01 13:30:00,346,346,346,346,3300
2022-03-01 13:31:00,346,346,346,346,100
2022-03-01 13:32:00,346,346,346,346,0
2022-03-01 13:33:00,346,346,346,346,0
2022-03-01 13:34:00,346,346,346,346,0
2022-03-01 13:35:00,346,346,346,346,0
2022-03-01 13:36:00,346,346,346,346,200
2022-03-01 13:37:00,346,346,346,346,0
2022-03-01 13:38:00,346,346,346,346,0
2022-03-01 13:39:00,346,346,346,346,0
2022-03-01 13:40:00,346,346,346,346,0
2022-03-01 13:41:00,346,346,346,346,0
2022-03-01 13:42:00,346,346,346,346,0
2022-03-01 13:43:00,346,346,346,346,0
2022-03-01 13:44:00,346,346,346,346,100
2022-03-01 13:45:00,346,346,346,346,0
2022-03-01 13:46:00,346,346,346,346,0
2022-03-01 13:47:00,346,346,346,346,0
2022-03-01 13:48:00,346,346,346,346,0
2022-03-01 13:49:00,346,346,346,346,0
2022-03-01 13:50:00,346,346,346,346,0
2022-03-01 13:51:00,346,346,346,346,0
2022-03-01 13:52:00,346,346,346,346,0
2022-03-01 13:53:00,346,346,346,346,0
2022-03-01 13:54:00,346,346,346,346,0
2022-03-01 13:55:00,346,346,346,346,0
2022-03-01 13:56:00,346,346,346,346,0
2022-03-01 13:57:00,346,346,346,346,0
2022-03-01 13:58:00,346,346,346,346,0
2022-03-01 13:59:00,346,346,346,346,0
2022-03-01 14:00:00,346,346,346,346,0
2022-03-01 14:01:00,346,346,346,346,0
2022-03-01 14:02:00,346,346,346,346,0
2022-03-01 14:03:00,346,346,346,346,0
2022-03-01 14:04:00,346,346,346,346,0
2022-03-01 14:05:00,346,346,346,346,0
2022-03-01 14:06:00,346,346,346,346,0
2022-03-01 14:07:00,346,346,346,346,0
2022-03-01 14:08:00,346,346,346,346,1400
2022-03-01 14:09:00,346,346,346,346,0
2022-03-01 14:10:00,346,346,346,346,0
2022-03-01 14:11:00,346,346,346,346,0
2022-03-01 14:12:00,346,346,346,346,0
2022-03-01 14:13:00,346,346,346,346,10000
2022-03-01 14:14:00,346,346,346,346,0
2022-03-01 14:15:00,346,346,346,346,200
2022-03-01 14:16:00,346,346,346,346,1100
2022-03-01 14:17:00,346,346,346,346,0
2022-03-01 14:18:00,346,346,346,346,600
2022-03-01 14:19:00,346,346,346,346,0
2022-03-01 14:20:00,346,346,346,346,0
2022-03-01 14:21:00,346,346,346,346,5900
2022-03-01 14:22:00,348,348,348,348,1100
2022-03-01 14:23:00,348,348,348,348,0
2022-03-01 14:24:00,348,348,348,348,0
2022-03-01 14:25:00,346,346,346,346,100
2022-03-01 14:26:00,346,346,346,346,0
2022-03-01 14:27:00,346,346,346,346,0
2022-03-01 14:28:00,346,346,346,346,0
2022-03-01 14:29:00,346,346,346,346,0
2022-03-01 14:30:00,346,346,346,346,0
2022-03-01 14:31:00,346,346,346,346,0
2022-03-01 14:32:00,346,346,346,346,0
2022-03-01 14:33:00,346,346,346,346,0
2022-03-01 14:34:00,346,346,346,346,0
2022-03-01 14:35:00,346,346,346,346,0
2022-03-01 14:36:00,346,346,346,346,0
2022-03-01 14:37:00,346,346,346,346,0
2022-03-01 14:38:00,346,346,346,346,0
2022-03-01 14:39:00,350,350,360,360,1800
2022-03-01 14:40:00,362,362,366,366,5800
2022-03-01 14:41:00,368,368,368,368,100
2022-03-01 14:42:00,368,368,368,368,0
2022-03-01 14:43:00,368,368,368,368,0
2022-03-01 14:44:00,368,368,368,368,0
2022-03-01 14:45:00,352,352,352,352,100
2022-03-01 14:46:00,368,368,368,368,200
2022-03-01 14:47:00,368,368,368,368,0
2022-03-01 14:48:00,368,368,368,368,0
2022-03-01 14:49:00,368,368,368,368,0
2022-03-01 14:50:00,368,368,368,368,0
2022-03-01 14:51:00,368,368,368,368,0
2022-03-01 14:52:00,368,368,368,368,0
2022-03-01 14:53:00,368,368,368,368,0
2022-03-01 14:54:00,368,368,368,368,0
2022-03-01 14:55:00,368,368,368,368,0
2022-03-01 14:56:00,368,368,368,368,0
2022-03-01 14:57:00,368,368,368,368,0
2022-03-01 14:58:00,368,368,368,368,0
2022-03-01 14:59:00,368,368,368,368,0
2022-03-01 15:00:00,368,368,368,368,0
2022-03-01 15:01:00,368,368,368,368,0
2022-03-01 15:02:00,368,368,368,368,0
2022-03-01 15:03:00,368,368,368,368,0
2022-03-01 15:04:00,368,368,368,368,0
2022-03-01 15:05:00,368,368,368,368,0
2022-03-01 15:06:00,368,368,368,368,0
2022-03-01 15:07:00,368,368,368,368,0
2022-03-01 15:08:00,368,368,368,368,0
2022-03-01 15:09:00,368,368,368,368,0
2022-03-01 15:10:00,368,368,368,368,0
2022-03-01 15:11:00,368,368,368,368,0
2022-03-01 15:12:00,368,368,368,368,0
2022-03-01 15:13:00,368,368,368,368,0
2022-03-01 15:14:00,368,368,368,368,0
2022-03-01 15:15:00,368,368,368,368,0
2022-03-01 15:16:00,368,368,368,368,0
2022-03-01 15:17:00,368,368,368,368,0
2022-03-01 15:18:00,368,368,368,368,0
2022-03-01 15:19:00,368,368,368,368,0
2022-03-01 15:20:00,368,368,368,368,0
2022-03-01 15:21:00,368,368,368,368,0
2022-03-01 15:22:00,368,368,368,368,0
2022-03-01 15:23:00,368,368,368,368,0
2022-03-01 15:24:00,368,368,368,368,0
2022-03-01 15:25:00,368,368,368,368,0
2022-03-01 15:26:00,368,368,368,368,0
2022-03-01 15:27:00,368,368,368,368,0
2022-03-01 15:28:00,368,368,368,368,0
2022-03-01 15:29:00,368,368,368,368,0
2022-03-01 15:30:00,368,368,368,368,0
2022-03-01 15:31:00,368,368,368,368,0
2022-03-01 15:32:00,368,368,368,368,0
2022-03-01 15:33:00,368,368,368,368,0
2022-03-01 15:34:00,368,368,368,368,0
2022-03-01 15:35:00,368,368,368,368,0
2022-03-01 15:36:00,368,368,368,368,0
2022-03-01 15:37:00,368,368,368,368,0
2022-03-01 15:38:00,368,368,368,368,0
2022-03-01 15:39:00,368,368,368,368,0
2022-03-01 15:40:00,368,368,368,368,0
2022-03-01 15:41:00,368,368,368,368,0
2022-03-01 15:42:00,368,368,368,368,0
2022-03-01 15:43:00,368,368,368,368,0
2022-03-01 15:44:00,368,368,368,368,0
2022-03-01 15:45:00,368,368,368,368,0
2022-03-01 15:46:00,368,368,368,368,0
2022-03-01 15:47:00,368,368,368,368,0
2022-03-01 15:48:00,368,368,368,368,0
2022-03-01 15:49:00,368,368,368,368,0
2022-03-01 15:50:00,368,368,368,368,0
2022-03-01 15:51:00,368,368,368,368,0
2022-03-01 15:52:00,368,368,368,368,0
2022-03-01 15:53:00,368,368,368,368,0
2022-03-01 15:54:00,368,368,368,368,0
2022-03-01 15:55:00,368,368,368,368,0
2022-03-01 15:56:00,368,368,368,368,0
2022-03-01 15:57:00,368,368,368,368,0
2022-03-01 15:58:00,368,368,368,368,0
2022-03-01 15:59:00,368,368,368,368,0
2022-03-02 09:00:00,368,368,368,368,0
2022-03-02 09:01:00,368,368,368,368,0
2022-03-02 09:02:00,368,368,368,368,0
2022-03-02 09:03:00,368,368,368,368,0
2022-03-02 09:04:00,348,348,348,348,0
2022-03-02 09:05:00,348,348,348,348,800
2022-03-02 09:06:00,348,348,348,348,0
2022-03-02 09:07:00,348,348,348,348,0
2022-03-02 09:08:00,348,348,348,348,0
2022-03-02 09:09:00,348,348,348,348,2900
2022-03-02 09:10:00,348,348,348,348,500
2022-03-02 09:11:00,348,348,348,348,0
2022-03-02 09:12:00,348,348,348,348,1600
2022-03-02 09:13:00,348,348,348,348,700
2022-03-02 09:14:00,348,348,348,348,0
2022-03-02 09:15:00,348,348,348,348,0
2022-03-02 09:16:00,348,348,348,348,0
2022-03-02 09:17:00,348,348,348,348,300
2022-03-02 09:18:00,348,348,348,348,0
2022-03-02 09:19:00,348,348,348,348,0
2022-03-02 09:20:00,348,348,348,348,0
2022-03-02 09:21:00,348,348,348,348,0
2022-03-02 09:22:00,348,348,348,348,0
2022-03-02 09:23:00,348,348,348,348,0
2022-03-02 09:24:00,362,362,370,370,600
2022-03-02 09:25:00,362,362,370,370,0
2022-03-02 09:26:00,362,362,370,370,0
2022-03-02 09:27:00,362,362,370,370,0
2022-03-02 09:28:00,368,368,368,368,100
2022-03-02 09:29:00,368,368,368,368,0
2022-03-02 09:30:00,368,368,368,368,0
2022-03-02 09:31:00,368,368,368,368,0
2022-03-02 09:32:00,368,368,368,368,0
2022-03-02 09:33:00,368,368,368,368,0
2022-03-02 09:34:00,368,368,368,368,0
2022-03-02 09:35:00,368,368,368,368,0
2022-03-02 09:36:00,368,368,368,368,0
2022-03-02 09:37:00,368,368,368,368,0
2022-03-02 09:38:00,368,368,368,368,0
2022-03-02 09:39:00,368,368,368,368,0
2022-03-02 09:40:00,368,368,368,368,0
2022-03-02 09:41:00,368,368,368,368,0
2022-03-02 09:42:00,368,368,368,368,200
2022-03-02 09:43:00,368,368,368,368,0
2022-03-02 09:44:00,368,368,368,368,0
2022-03-02 09:45:00,368,368,368,368,0
2022-03-02 09:46:00,368,368,368,368,0
2022-03-02 09:47:00,368,368,368,368,0
2022-03-02 09:48:00,368,368,368,368,0
2022-03-02 09:49:00,368,368,368,368,0
2022-03-02 09:50:00,368,368,368,368,0
2022-03-02 09:51:00,368,368,368,368,0
2022-03-02 09:52:00,368,368,368,368,0
2022-03-02 09:53:00,368,368,368,368,0
2022-03-02 09:54:00,368,368,368,368,0
2022-03-02 09:55:00,368,368,368,368,0
2022-03-02 09:56:00,368,368,368,368,0
2022-03-02 09:57:00,368,368,368,368,0
2022-03-02 09:58:00,368,368,368,368,0
2022-03-02 09:59:00,368,368,368,368,0
2022-03-02 10:00:00,368,368,368,368,0
2022-03-02 10:01:00,368,368,368,368,0
2022-03-02 10:02:00,368,368,368,368,0
2022-03-02 10:03:00,368,368,368,368,0
2022-03-02 10:04:00,368,368,368,368,0
2022-03-02 10:05:00,368,368,368,368,0
2022-03-02 10:06:00,368,368,368,368,0
2022-03-02 10:07:00,368,368,368,368,0
2022-03-02 10:08:00,368,368,368,368,0
2022-03-02 10:09:00,368,368,368,368,0
2022-03-02 10:10:00,368,368,368,368,0
2022-03-02 10:11:00,350,350,350,350,400
2022-03-02 10:12:00,350,350,350,350,0
2022-03-02 10:13:00,350,350,350,350,0
2022-03-02 10:14:00,350,350,350,350,100
2022-03-02 10:15:00,350,350,350,350,0
2022-03-02 10:16:00,350,350,350,350,0
2022-03-02 10:17:00,350,350,350,350,0
2022-03-02 10:18:00,350,350,350,350,0
2022-03-02 10:19:00,362,362,362,362,500
2022-03-02 10:20:00,366,366,366,366,100
2022-03-02 10:21:00,366,366,366,366,0
2022-03-02 10:22:00,366,366,366,366,0
2022-03-02 10:23:00,366,366,366,366,0
2022-03-02 10:24:00,366,366,366,366,0
2022-03-02 10:25:00,366,366,366,366,0
2022-03-02 10:26:00,366,366,366,366,0
2022-03-02 10:27:00,366,366,366,366,0
2022-03-02 10:28:00,366,366,366,366,0
2022-03-02 10:29:00,366,366,366,366,0
2022-03-02 10:30:00,366,366,366,366,0
2022-03-02 10:31:00,366,366,366,366,0
2022-03-02 10:32:00,366,366,366,366,0
2022-03-02 10:33:00,366,366,366,366,0
2022-03-02 10:34:00,366,366,366,366,0
2022-03-02 10:35:00,366,366,366,366,0
2022-03-02 10:36:00,366,366,366,366,0
2022-03-02 10:37:00,366,366,366,366,0
2022-03-02 10:38:00,366,366,366,366,0
2022-03-02 10:39:00,366,366,366,366,0
2022-03-02 10:40:00,366,366,366,366,0
2022-03-02 10:41:00,366,366,366,366,0
2022-03-02 10:42:00,366,366,366,366,0
2022-03-02 10:43:00,366,366,366,366,0
2022-03-02 10:44:00,366,366,366,366,0
2022-03-02 10:45:00,366,366,366,366,0
2022-03-02 10:46:00,366,366,366,366,0
2022-03-02 10:47:00,366,366,366,366,0
2022-03-02 10:48:00,366,366,366,366,0
2022-03-02 10:49:00,366,366,366,366,0
2022-03-02 10:50:00,366,366,366,366,0
2022-03-02 10:51:00,366,366,366,366,0
2022-03-02 10:52:00,352,350,352,350,14600
2022-03-02 10:53:00,348,348,348,348,1200
2022-03-02 10:54:00,348,348,348,348,0
2022-03-02 10:55:00,348,348,348,348,0
2022-03-02 10:56:00,348,348,348,348,0
2022-03-02 10:57:00,348,348,348,348,0
2022-03-02 10:58:00,348,348,348,348,6900
2022-03-02 10:59:00,348,348,348,348,0
2022-03-02 11:00:00,348,348,348,348,0
2022-03-02 11:01:00,348,348,348,348,0
2022-03-02 11:02:00,348,348,348,348,100
2022-03-02 11:03:00,346,346,346,346,8500
2022-03-02 11:04:00,346,346,346,346,0
2022-03-02 11:05:00,346,346,346,346,0
2022-03-02 11:06:00,346,346,346,346,0
2022-03-02 11:07:00,344,344,344,344,1700
2022-03-02 11:08:00,344,344,344,344,0
2022-03-02 11:09:00,344,344,344,344,0
2022-03-02 11:10:00,344,344,344,344,0
2022-03-02 11:11:00,344,344,344,344,0
2022-03-02 11:12:00,344,344,344,344,0
2022-03-02 11:13:00,344,344,344,344,0
2022-03-02 11:14:00,344,344,344,344,0
2022-03-02 11:15:00,344,344,344,344,0
2022-03-02 11:16:00,346,346,346,346,4000
2022-03-02 11:17:00,346,346,346,346,0
2022-03-02 11:18:00,346,346,346,346,0
2022-03-02 11:19:00,346,346,346,346,0
2022-03-02 11:20:00,346,346,346,346,0
2022-03-02 11:21:00,346,346,346,346,0
2022-03-02 11:22:00,346,346,346,346,0
2022-03-02 11:23:00,346,346,346,346,0
2022-03-02 11:24:00,346,346,346,346,0
2022-03-02 11:25:00,346,346,346,346,0
2022-03-02 11:26:00,346,346,346,346,0
2022-03-02 11:27:00,346,346,346,346,0
2022-03-02 11:28:00,346,346,346,346,0
2022-03-02 11:29:00,346,346,346,346,0
2022-03-02 11:30:00,346,346,346,346,0
2022-03-02 11:31:00,346,346,346,346,0
2022-03-02 11:32:00,346,346,346,346,0
2022-03-02 11:33:00,346,346,346,346,0
2022-03-02 11:34:00,346,346,346,346,0
2022-03-02 11:35:00,346,346,346,346,0
2022-03-02 11:36:00,346,346,346,346,0
2022-03-02 11:37:00,346,346,346,346,0
2022-03-02 11:38:00,346,346,346,346,0
2022-03-02 11:39:00,346,346,346,346,0
2022-03-02 11:40:00,346,346,346,346,0
2022-03-02 11:41:00,346,346,346,346,0
2022-03-02 11:42:00,346,346,346,346,0
2022-03-02 11:43:00,346,346,346,346,0
2022-03-02 11:44:00,346,346,346,346,0
2022-03-02 11:45:00,346,346,346,346,0
2022-03-02 11:46:00,346,346,346,346,0
2022-03-02 11:47:00,346,346,346,346,0
2022-03-02 11:48:00,346,346,346,346,0
2022-03-02 11:49:00,346,346,346,346,0
2022-03-02 11:50:00,346,346,346,346,0
2022-03-02 11:51:00,346,346,346,346,0
2022-03-02 11:52:00,346,346,346,346,0
2022-03-02 11:53:00,346,346,346,346,0
2022-03-02 11:54:00,346,346,346,346,0
2022-03-02 11:55:00,346,346,346,346,0
2022-03-02 11:56:00,346,346,346,346,0
2022-03-02 11:57:00,346,346,346,346,0
2022-03-02 11:58:00,346,346,346,346,0
2022-03-02 11:59:00,346,346,346,346,0
2022-03-02 12:00:00,346,346,346,346,0
2022-03-02 12:01:00,346,346,346,346,0
2022-03-02 12:02:00,346,346,346,346,0
2022-03-02 12:03:00,346,346,346,346,0
2022-03-02 12:04:00,346,346,346,346,0
2022-03-02 12:05:00,346,346,346,346,0
2022-03-02 12:06:00,346,346,346,346,0
2022-03-02 12:07:00,346,346,346,346,0
2022-03-02 12:08:00,346,346,346,346,0
2022-03-02 12:09:00,346,346,346,346,0
2022-03-02 12:10:00,346,346,346,346,0
2022-03-02 12:11:00,346,346,346,346,0
2022-03-02 12:12:00,346,346,346,346,0
2022-03-02 12:13:00,346,346,346,346,0
2022-03-02 12:14:00,346,346,346,346,0
2022-03-02 12:15:00,346,346,346,346,0
2022-03-02 12:16:00,346,346,346,346,0
2022-03-02 12:17:00,346,346,346,346,0
2022-03-02 12:18:00,346,346,346,346,0
2022-03-02 12:19:00,346,346,346,346,0
2022-03-02 12:20:00,346,346,346,346,0
2022-03-02 12:21:00,346,346,346,346,0
2022-03-02 12:22:00,346,346,346,346,0
2022-03-02 12:23:00,346,346,346,346,0
2022-03-02 12:24:00,346,346,346,346,0
2022-03-02 12:25:00,346,346,346,346,0
2022-03-02 12:26:00,346,346,346,346,0
2022-03-02 12:27:00,346,346,346,346,0
2022-03-02 12:28:00,346,346,346,346,0
2022-03-02 12:29:00,346,346,346,346,0
2022-03-02 12:30:00,346,346,346,346,0
2022-03-02 12:31:00,346,346,346,346,0
2022-03-02 12:32:00,346,346,346,346,0
2022-03-02 12:33:00,346,346,346,346,0
2022-03-02 12:34:00,346,346,346,346,0
2022-03-02 12:35:00,346,346,346,346,0
2022-03-02 12:36:00,346,346,346,346,0
2022-03-02 12:37:00,346,346,346,346,0
2022-03-02 12:38:00,346,346,346,346,0
2022-03-02 12:39:00,346,346,346,346,0
2022-03-02 12:40:00,346,346,346,346,0
2022-03-02 12:41:00,346,346,346,346,0
2022-03-02 12:42:00,346,346,346,346,0
2022-03-02 12:43:00,346,346,346,346,0
2022-03-02 12:44:00,346,346,346,346,0
2022-03-02 12:45:00,346,346,346,346,0
2022-03-02 12:46:00,346,346,346,346,0
2022-03-02 12:47:00,346,346,346,346,0
2022-03-02 12:48:00,346,346,346,346,0
2022-03-02 12:49:00,346,346,346,346,0
2022-03-02 12:50:00,346,346,346,346,0
2022-03-02 12:51:00,346,346,346,346,0
2022-03-02 12:52:00,346,346,346,346,0
2022-03-02 12:53:00,346,346,346,346,0
2022-03-02 12:54:00,346,346,346,346,0
2022-03-02 12:55:00,346,346,346,346,0
2022-03-02 12:56:00,346,346,346,346,0
2022-03-02 12:57:00,346,346,346,346,0
2022-03-02 12:58:00,346,346,346,346,0
2022-03-02 12:59:00,346,346,346,346,0
2022-03-02 13:00:00,346,346,346,346,0
2022-03-02 13:01:00,346,346,346,346,0
2022-03-02 13:02:00,346,346,346,346,0
2022-03-02 13:03:00,346,346,346,346,0
2022-03-02 13:04:00,346,346,346,346,0
2022-03-02 13:05:00,346,346,346,346,0
2022-03-02 13:06:00,346,346,346,346,0
2022-03-02 13:07:00,346,346,346,346,0
2022-03-02 13:08:00,346,346,346,346,0
2022-03-02 13:09:00,346,346,346,346,0
2022-03-02 13:10:00,346,346,346,346,0
2022-03-02 13:11:00,346,346,346,346,0
2022-03-02 13:12:00,346,346,346,346,0
2022-03-02 13:13:00,346,346,346,346,0
2022-03-02 13:14:00,346,346,346,346,0
2022-03-02 13:15:00,346,346,346,346,0
2022-03-02 13:16:00,346,346,346,346,0
2022-03-02 13:17:00,346,346,346,346,0
2022-03-02 13:18:00,346,346,346,346,0
2022-03-02 13:19:00,346,346,346,346,0
2022-03-02 13:20:00,346,346,346,346,0
2022-03-02 13:21:00,346,346,346,346,0
2022-03-02 13:22:00,346,346,346,346,0
2022-03-02 13:23:00,346,346,346,346,0
2022-03-02 13:24:00,346,346,346,346,0
2022-03-02 13:25:00,346,346,346,346,0
2022-03-02 13:26:00,346,346,346,346,0
2022-03-02 13:27:00,346,346,346,346,0
2022-03-02 13:28:00,346,346,346,346,0
2022-03-02 13:29:00,346,346,346,346,0
2022-03-02 13:30:00,346,346,346,346,0
2022-03-02 13:31:00,346,346,346,346,0
2022-03-02 13:32:00,346,346,346,346,0
2022-03-02 13:33:00,346,344,346,344,29000
2022-03-02 13:34:00,346,344,346,344,0
2022-03-02 13:35:00,346,344,346,344,0
2022-03-02 13:36:00,346,344,346,344,0
2022-03-02 13:37:00,346,344,346,344,0
2022-03-02 13:38:00,346,344,346,344,0
2022-03-02 13:39:00,346,344,346,344,0
2022-03-02 13:40:00,346,344,346,344,0
2022-03-02 13:41:00,346,344,346,344,0
2022-03-02 13:42:00,346,344,346,344,0
2022-03-02 13:43:00,346,344,346,344,0
2022-03-02 13:44:00,346,344,346,344,0
2022-03-02 13:45:00,346,344,346,344,0
2022-03-02 13:46:00,346,344,346,344,0
2022-03-02 13:47:00,346,346,346,346,300
2022-03-02 13:48:00,344,344,344,344,2700
2022-03-02 13:49:00,344,344,344,344,0
2022-03-02 13:50:00,344,344,344,344,0
2022-03-02 13:51:00,344,344,344,344,0
2022-03-02 13:52:00,344,344,344,344,0
2022-03-02 13:53:00,344,344,344,344,0
2022-03-02 13:54:00,344,344,344,344,0
2022-03-02 13:55:00,344,344,344,344,0
2022-03-02 13:56:00,344,344,344,344,0
2022-03-02 13:57:00,344,344,344,344,0
2022-03-02 13:58:00,344,344,344,344,0
2022-03-02 13:59:00,354,354,354,354,100
2022-03-02 14:00:00,354,354,354,354,0
2022-03-02 14:01:00,354,354,354,354,0
2022-03-02 14:02:00,354,354,354,354,0
2022-03-02 14:03:00,354,354,354,354,0
2022-03-02 14:04:00,354,354,354,354,0
2022-03-02 14:05:00,354,354,354,354,0
2022-03-02 14:06:00,354,354,354,354,0
2022-03-02 14:07:00,354,354,354,354,0
2022-03-02 14:08:00,354,354,354,354,0
2022-03-02 14:09:00,354,354,354,354,0
2022-03-02 14:10:00,354,354,354,354,0
2022-03-02 14:11:00,354,354,354,354,0
2022-03-02 14:12:00,354,354,354,354,0
2022-03-02 14:13:00,354,354,354,354,0
2022-03-02 14:14:00,354,354,354,354,0
2022-03-02 14:15:00,354,354,354,354,0
2022-03-02 14:16:00,354,354,354,354,0
2022-03-02 14:17:00,354,354,354,354,0
2022-03-02 14:18:00,354,354,354,354,0
2022-03-02 14:19:00,354,354,354,354,0
2022-03-02 14:20:00,354,354,354,354,0
2022-03-02 14:21:00,354,354,354,354,0
2022-03-02 14:22:00,354,354,354,354,0
2022-03-02 14:23:00,354,354,354,354,0
2022-03-02 14:24:00,354,354,354,354,0
2022-03-02 14:25:00,354,354,354,354,0
2022-03-02 14:26:00,354,354,354,354,0
2022-03-02 14:27:00,354,354,354,354,0
2022-03-02 14:28:00,354,354,354,354,0
2022-03-02 14:29:00,354,354,354,354,0
2022-03-02 14:30:00,354,354,354,354,0
2022-03-02 14:31:00,354,354,354,354,0
2022-03-02 14:32:00,354,354,354,354,0
2022-03-02 14:33:00,354,354,354,354,0
2022-03-02 14:34:00,354,354,354,354,0
2022-03-02 14:35:00,354,354,354,354,0
2022-03-02 14:36:00,354,354,354,354,0
2022-03-02 14:37:00,354,354,354,354,0
2022-03-02 14:38:00,354,354,354,354,0
2022-03-02 14:39:00,354,354,354,354,0
2022-03-02 14:40:00,354,354,354,354,0
2022-03-02 14:41:00,354,354,354,354,0
2022-03-02 14:42:00,354,354,354,354,0
2022-03-02 14:43:00,354,354,354,354,0
2022-03-02 14:44:00,354,354,354,354,0
2022-03-02 14:45:00,354,354,354,354,0
2022-03-02 14:46:00,354,354,354,354,0
2022-03-02 14:47:00,354,354,354,354,0
2022-03-02 14:48:00,354,354,354,354,0
2022-03-02 14:49:00,354,354,354,354,0
2022-03-02 14:50:00,354,354,354,354,0
2022-03-02 14:51:00,354,354,354,354,0
2022-03-02 14:52:00,354,354,354,354,0
2022-03-02 14:53:00,354,354,354,354,0
2022-03-02 14:54:00,354,354,354,354,0
2022-03-02 14:55:00,354,354,354,354,0
2022-03-02 14:56:00,354,354,354,354,0
2022-03-02 14:57:00,354,354,354,354,0
2022-03-02 14:58:00,354,354,354,354,0
2022-03-02 14:59:00,354,354,354,354,0
2022-03-02 15:00:00,354,354,354,354,0
2022-03-02 15:01:00,354,354,354,354,0
2022-03-02 15:02:00,354,354,354,354,0
2022-03-02 15:03:00,354,354,354,354,0
2022-03-02 15:04:00,354,354,354,354,0
2022-03-02 15:05:00,354,354,354,354,0
2022-03-02 15:06:00,354,354,354,354,0
2022-03-02 15:07:00,354,354,354,354,0
2022-03-02 15:08:00,354,354,354,354,0
2022-03-02 15:09:00,354,354,354,354,0
2022-03-02 15:10:00,354,354,354,354,0
2022-03-02 15:11:00,354,354,354,354,0
2022-03-02 15:12:00,354,354,354,354,0
2022-03-02 15:13:00,354,354,354,354,0
2022-03-02 15:14:00,354,354,354,354,0
2022-03-02 15:15:00,354,354,354,354,0
2022-03-02 15:16:00,354,354,354,354,0
2022-03-02 15:17:00,354,354,354,354,0
2022-03-02 15:18:00,354,354,354,354,0
2022-03-02 15:19:00,354,354,354,354,0
2022-03-02 15:20:00,354,354,354,354,0
2022-03-02 15:21:00,354,354,354,354,0
2022-03-02 15:22:00,354,354,354,354,0
2022-03-02 15:23:00,354,354,354,354,0
2022-03-02 15:24:00,354,354,354,354,0
2022-03-02 15:25:00,354,354,354,354,0
2022-03-02 15:26:00,354,354,354,354,0
2022-03-02 15:27:00,354,354,354,354,0
2022-03-02 15:28:00,354,354,354,354,0
2022-03-02 15:29:00,354,354,354,354,0
2022-03-02 15:30:00,354,354,354,354,0
2022-03-02 15:31:00,354,354,354,354,0
2022-03-02 15:32:00,354,354,354,354,0
2022-03-02 15:33:00,354,354,354,354,0
2022-03-02 15:34:00,354,354,354,354,0
2022-03-02 15:35:00,354,354,354,354,0
2022-03-02 15:36:00,354,354,354,354,0
2022-03-02 15:37:00,354,354,354,354,0
2022-03-02 15:38:00,354,354,354,354,0
2022-03-02 15:39:00,354,354,354,354,0
2022-03-02 15:40:00,354,354,354,354,0
2022-03-02 15:41:00,354,354,354,354,0
2022-03-02 15:42:00,354,354,354,354,0
2022-03-02 15:43:00,354,354,354,354,0
2022-03-02 15:44:00,354,354,354,354,0
2022-03-02 15:45:00,354,354,354,354,0
2022-03-02 15:46:00,354,354,354,354,0
2022-03-02 15:47:00,354,354,354,354,0
2022-03-02 15:48:00,354,354,354,354,0
2022-03-02 15:49:00,354,354,354,354,0
2022-03-02 15:50:00,354,354,354,354,0
2022-03-02 15:51:00,354,354,354,354,0
2022-03-02 15:52:00,354,354,354,354,0
2022-03-02 15:53:00,354,354,354,354,0
2022-03-02 15:54:00,354,354,354,354,0
2022-03-02 15:55:00,354,354,354,354,0
2022-03-02 15:56:00,354,354,354,354,0
2022-03-02 15:57:00,354,354,354,354,0
2022-03-02 15:58:00,354,354,354,354,0
2022-03-02 15:59:00,354,354,354,354,0
2022-03-03 09:00:00,354,354,354,354,0
2022-03-03 09:01:00,354,354,354,354,0
2022-03-03 09:02:00,354,354,354,354,0
2022-03-03 09:03:00,354,354,354,354,0
2022-03-03 09:04:00,354,354,354,354,0
2022-03-03 09:05:00,354,354,354,354,0
2022-03-03 09:06:00,354,354,354,354,0
2022-03-03 09:07:00,354,354,354,354,0
2022-03-03 09:08:00,354,354,354,354,0
2022-03-03 09:09:00,354,354,354,354,0
2022-03-03 09:10:00,354,354,354,354,0
2022-03-03 09:11:00,354,354,354,354,0
2022-03-03 09:12:00,354,354,354,354,0
2022-03-03 09:13:00,354,354,354,354,0
2022-03-03 09:14:00,354,354,354,354,0
2022-03-03 09:15:00,354,354,354,354,0
2022-03-03 09:16:00,354,354,354,354,0
2022-03-03 09:17:00,354,354,354,354,0
2022-03-03 09:18:00,354,354,354,354,0
2022-03-03 09:19:00,354,354,354,354,0
2022-03-03 09:20:00,354,354,354,354,0
2022-03-03 09:21:00,354,354,354,354,0
2022-03-03 09:22:00,354,354,354,354,0
2022-03-03 09:23:00,354,354,354,354,0
2022-03-03 09:24:00,354,354,354,354,0
2022-03-03 09:25:00,354,354,354,354,0
2022-03-03 09:26:00,354,354,354,354,0
2022-03-03 09:27:00,354,354,354,354,0
2022-03-03 09:28:00,354,354,354,354,0
2022-03-03 09:29:00,354,354,354,354,0
2022-03-03 09:30:00,354,354,354,354,0
2022-03-03 09:31:00,354,354,354,354,0
2022-03-03 09:32:00,354,354,354,354,0
2022-03-03 09:33:00,354,354,354,354,0
2022-03-03 09:34:00,354,354,354,354,0
2022-03-03 09:35:00,354,354,354,354,0
2022-03-03 09:36:00,354,354,354,354,0
2022-03-03 09:37:00,354,354,354,354,0
2022-03-03 09:38:00,354,354,354,354,0
2022-03-03 09:39:00,354,354,354,354,0
2022-03-03 09:40:00,354,354,354,354,0
2022-03-03 09:41:00,354,354,354,354,0
2022-03-03 09:42:00,354,354,354,354,0
2022-03-03 09:43:00,354,354,354,354,0
2022-03-03 09:44:00,354,354,354,354,0
2022-03-03 09:45:00,354,354,354,354,0
2022-03-03 09:46:00,354,354,354,354,0
2022-03-03 09:47:00,354,354,354,354,0
2022-03-03 09:48:00,354,354,354,354,0
2022-03-03 09:49:00,354,354,354,354,0
2022-03-03 09:50:00,354,354,354,354,0
2022-03-03 09:51:00,354,354,354,354,0
2022-03-03 09:52:00,354,354,354,354,0
2022-03-03 09:53:00,354,354,354,354,0
2022-03-03 09:54:00,354,354,354,354,0
2022-03-03 09:55:00,354,354,354,354,0
2022-03-03 09:56:00,354,354,354,354,0
2022-03-03 09:57:00,354,354,354,354,0
2022-03-03 09:58:00,354,354,354,354,0
2022-03-03 09:59:00,354,354,354,354,0
2022-03-03 10:00:00,354,354,354,354,0
2022-03-03 10:01:00,354,354,354,354,0
2022-03-03 10:02:00,354,354,354,354,0
2022-03-03 10:03:00,354,354,354,354,0
2022-03-03 10:04:00,354,354,354,354,0
2022-03-03 10:05:00,354,354,354,354,0
2022-03-03 10:06:00,354,354,354,354,0
2022-03-03 10:07:00,354,354,354,354,0
2022-03-03 10:08:00,354,354,354,354,0
2022-03-03 10:09:00,354,354,354,354,0
2022-03-03 10:10:00,354,354,354,354,0
2022-03-03 10:11:00,354,354,354,354,0
2022-03-03 10:12:00,354,354,354,354,0
2022-03-03 10:13:00,354,354,354,354,0
2022-03-03 10:14:00,354,354,354,354,0
2022-03-03 10:15:00,354,354,354,354,0
2022-03-03 10:16:00,354,354,354,354,0
2022-03-03 10:17:00,354,354,354,354,0
2022-03-03 10:18:00,354,354,354,354,0
2022-03-03 10:19:00,354,354,354,354,0
2022-03-03 10:20:00,354,354,354,354,0
2022-03-03 10:21:00,354,354,354,354,0
2022-03-03 10:22:00,354,354,354,354,0
2022-03-03 10:23:00,354,354,354,354,0
2022-03-03 10:24:00,354,354,354,354,0
2022-03-03 10:25:00,354,354,354,354,0
2022-03-03 10:26:00,354,354,354,354,0
2022-03-03 10:27:00,354,354,354,354,0
2022-03-03 10:28:00,354,354,354,354,0
2022-03-03 10:29:00,354,354,354,354,0
2022-03-03 10:30:00,354,354,354,354,0
2022-03-03 10:31:00,354,354,354,354,0
2022-03-03 10:32:00,354,354,354,354,0
2022-03-03 10:33:00,354,354,354,354,0
2022-03-03 10:34:00,354,354,354,354,0
2022-03-03 10:35:00,354,354,354,354,0
2022-03-03 10:36:00,354,354,354,354,0
2022-03-03 10:37:00,354,354,354,354,0
2022-03-03 10:38:00,354,354,354,354,0
2022-03-03 10:39:00,354,354,354,354,0
2022-03-03 10:40:00,354,354,354,354,0
2022-03-03 10:41:00,354,354,354,354,0
2022-03-03 10:42:00,354,354,354,354,0
2022-03-03 10:43:00,354,354,354,354,0
2022-03-03 10:44:00,354,354,354,354,0
2022-03-03 10:45:00,354,354,354,354,0
2022-03-03 10:46:00,354,354,354,354,0
2022-03-03 10:47:00,354,354,354,354,0
2022-03-03 10:48:00,354,354,354,354,0
2022-03-03 10:49:00,354,354,354,354,0
2022-03-03 10:50:00,354,354,354,354,0
2022-03-03 10:51:00,354,354,354,354,0
2022-03-03 10:52:00,354,354,354,354,0
2022-03-03 10:53:00,354,354,354,354,0
2022-03-03 10:54:00,354,354,354,354,0
2022-03-03 10:55:00,354,354,354,354,0
2022-03-03 10:56:00,354,354,354,354,0
2022-03-03 10:57:00,354,354,354,354,0
2022-03-03 10:58:00,354,354,354,354,0
2022-03-03 10:59:00,354,354,354,354,0
2022-03-03 11:00:00,354,354,354,354,0
2022-03-03 11:01:00,354,354,354,354,0
2022-03-03 11:02:00,354,354,354,354,0
2022-03-03 11:03:00,354,354,354,354,0
2022-03-03 11:04:00,354,354,354,354,0
2022-03-03 11:05:00,354,354,354,354,0
2022-03-03 11:06:00,354,354,354,354,0
2022-03-03 11:07:00,354,354,354,354,0
2022-03-03 11:08:00,354,354,354,354,0
2022-03-03 11:09:00,354,354,354,354,0
2022-03-03 11:10:00,354,354,354,354,0
2022-03-03 11:11:00,354,354,354,354,0
2022-03-03 11:12:00,354,354,354,354,0
2022-03-03 11:13:00,354,354,354,354,0
2022-03-03 11:14:00,354,354,354,354,0
2022-03-03 11:15:00,354,354,354,354,0
2022-03-03 11:16:00,354,354,354,354,0
2022-03-03 11:17:00,354,354,354,354,0
2022-03-03 11:18:00,354,354,354,354,0
2022-03-03 11:19:00,354,354,354,354,0
2022-03-03 11:20:00,354,354,354,354,0
2022-03-03 11:21:00,354,354,354,354,0
2022-03-03 11:22:00,354,354,354,354,0
2022-03-03 11:23:00,354,354,354,354,0
2022-03-03 11:24:00,354,354,354,354,0
2022-03-03 11:25:00,354,354,354,354,0
2022-03-03 11:26:00,354,354,354,354,0
2022-03-03 11:27:00,354,354,354,354,0
2022-03-03 11:28:00,354,354,354,354,0
2022-03-03 11:29:00,354,354,354,354,0
2022-03-03 11:30:00,354,354,354,354,0
2022-03-03 11:31:00,354,354,354,354,0
2022-03-03 11:32:00,354,354,354,354,0
2022-03-03 11:33:00,354,354,354,354,0
2022-03-03 11:34:00,354,354,354,354,0
2022-03-03 11:35:00,354,354,354,354,0
2022-03-03 11:36:00,354,354,354,354,0
2022-03-03 11:37:00,354,354,354,354,0
2022-03-03 11:38:00,354,354,354,354,0
2022-03-03 11:39:00,354,354,354,354,0
2022-03-03 11:40:00,354,354,354,354,0
2022-03-03 11:41:00,354,354,354,354,0
2022-03-03 11:42:00,354,354,354,354,0
2022-03-03 11:43:00,354,354,354,354,0
2022-03-03 11:44:00,354,354,354,354,0
2022-03-03 11:45:00,354,354,354,354,0
2022-03-03 11:46:00,354,354,354,354,0
2022-03-03 11:47:00,354,354,354,354,0
2022-03-03 11:48:00,354,354,354,354,0
2022-03-03 11:49:00,354,354,354,354,0
2022-03-03 11:50:00,354,354,354,354,0
2022-03-03 11:51:00,354,354,354,354,0
2022-03-03 11:52:00,354,354,354,354,0
2022-03-03 11:53:00,354,354,354,354,0
2022-03-03 11:54:00,354,354,354,354,0
2022-03-03 11:55:00,354,354,354,354,0
2022-03-03 11:56:00,354,354,354,354,0
2022-03-03 11:57:00,354,354,354,354,0
2022-03-03 11:58:00,354,354,354,354,0
2022-03-03 11:59:00,354,354,354,354,0
2022-03-03 12:00:00,354,354,354,354,0
2022-03-03 12:01:00,354,354,354,354,0
2022-03-03 12:02:00,354,354,354,354,0
2022-03-03 12:03:00,354,354,354,354,0
2022-03-03 12:04:00,354,354,354,354,0
2022-03-03 12:05:00,354,354,354,354,0
2022-03-03 12:06:00,354,354,354,354,0
2022-03-03 12:07:00,354,354,354,354,0
2022-03-03 12:08:00,354,354,354,354,0
2022-03-03 12:09:00,354,354,354,354,0
2022-03-03 12:10:00,354,354,354,354,0
2022-03-03 12:11:00,354,354,354,354,0
2022-03-03 12:12:00,354,354,354,354,0
2022-03-03 12:13:00,354,354,354,354,0
2022-03-03 12:14:00,354,354,354,354,0
2022-03-03 12:15:00,354,354,354,354,0
2022-03-03 12:16:00,354,354,354,354,0
2022-03-03 12:17:00,354,354,354,354,0
2022-03-03 12:18:00,354,354,354,354,0
2022-03-03 12:19:00,354,354,354,354,0
2022-03-03 12:20:00,354,354,354,354,0
2022-03-03 12:21:00,354,354,354,354,0
2022-03-03 12:22:00,354,354,354,354,0
2022-03-03 12:23:00,354,354,354,354,0
2022-03-03 12:24:00,354,354,354,354,0
2022-03-03 12:25:00,354,354,354,354,0
2022-03-03 12:26:00,354,354,354,354,0
2022-03-03 12:27:00,354,354,354,354,0
2022-03-03 12:28:00,354,354,354,354,0
2022-03-03 12:29:00,354,354,354,354,0
2022-03-03 12:30:00,354,354,354,354,0
2022-03-03 12:31:00,354,354,354,354,0
2022-03-03 12:32:00,354,354,354,354,0
2022-03-03 12:33:00,354,354,354,354,0
2022-03-03 12:34:00,354,354,354,354,0
2022-03-03 12:35:00,354,354,354,354,0
2022-03-03 12:36:00,354,354,354,354,0
2022-03-03 12:37:00,354,354,354,354,0
2022-03-03 12:38:00,354,354,354,354,0
2022-03-03 12:39:00,354,354,354,354,0
2022-03-03 12:40:00,354,354,354,354,0
2022-03-03 12:41:00,354,354,354,354,0
2022-03-03 12:42:00,354,354,354,354,0
2022-03-03 12:43:00,354,354,354,354,0
2022-03-03 12:44:00,354,354,354,354,0
2022-03-03 12:45:00,354,354,354,354,0
2022-03-03 12:46:00,354,354,354,354,0
2022-03-03 12:47:00,354,354,354,354,0
2022-03-03 12:48:00,354,354,354,354,0
2022-03-03 12:49:00,354,354,354,354,0
2022-03-03 12:50:00,354,354,354,354,0
2022-03-03 12:51:00,354,354,354,354,0
2022-03-03 12:52:00,354,354,354,354,0
2022-03-03 12:53:00,354,354,354,354,0
2022-03-03 12:54:00,354,354,354,354,0
2022-03-03 12:55:00,354,354,354,354,0
2022-03-03 12:56:00,354,354,354,354,0
2022-03-03 12:57:00,354,354,354,354,0
2022-03-03 12:58:00,354,354,354,354,0
2022-03-03 12:59:00,354,354,354,354,0
2022-03-03 13:00:00,354,354,354,354,0
2022-03-03 13:01:00,354,354,354,354,0
2022-03-03 13:02:00,354,354,354,354,0
2022-03-03 13:03:00,354,354,354,354,0
2022-03-03 13:04:00,354,354,354,354,0
2022-03-03 13:05:00,354,354,354,354,0
2022-03-03 13:06:00,354,354,354,354,0
2022-03-03 13:07:00,354,354,354,354,0
2022-03-03 13:08:00,354,354,354,354,0
2022-03-03 13:09:00,354,354,354,354,0
2022-03-03 13:10:00,354,354,354,354,0
2022-03-03 13:11:00,354,354,354,354,0
2022-03-03 13:12:00,354,354,354,354,0
2022-03-03 13:13:00,354,354,354,354,0
2022-03-03 13:14:00,354,354,354,354,0
2022-03-03 13:15:00,354,354,354,354,0
2022-03-03 13:16:00,354,354,354,354,0
2022-03-03 13:17:00,354,354,354,354,0
2022-03-03 13:18:00,354,354,354,354,0
2022-03-03 13:19:00,354,354,354,354,0
2022-03-03 13:20:00,354,354,354,354,0
2022-03-03 13:21:00,354,354,354,354,0
2022-03-03 13:22:00,354,354,354,354,0
2022-03-03 13:23:00,354,354,354,354,0
2022-03-03 13:24:00,354,354,354,354,0
2022-03-03 13:25:00,354,354,354,354,0
2022-03-03 13:26:00,354,354,354,354,0
2022-03-03 13:27:00,354,354,354,354,0
2022-03-03 13:28:00,354,354,354,354,0
2022-03-03 13:29:00,354,354,354,354,0
2022-03-03 13:30:00,354,354,354,354,0
2022-03-03 13:31:00,354,354,354,354,0
2022-03-03 13:32:00,354,354,354,354,0
2022-03-03 13:33:00,354,354,354,354,0
2022-03-03 13:34:00,354,354,354,354,0
2022-03-03 13:35:00,354,354,354,354,0
2022-03-03 13:36:00,354,354,354,354,0
2022-03-03 13:37:00,354,354,354,354,0
2022-03-03 13:38:00,354,354,354,354,0
2022-03-03 13:39:00,354,354,354,354,0
2022-03-03 13:40:00,354,354,354,354,0
2022-03-03 13:41:00,354,354,354,354,0
2022-03-03 13:42:00,354,354,354,354,0
2022-03-03 13:43:00,354,354,354,354,0
2022-03-03 13:44:00,354,354,354,354,0
2022-03-03 13:45:00,354,354,354,354,0
2022-03-03 13:46:00,354,354,354,354,0
2022-03-03 13:47:00,354,354,354,354,0
2022-03-03 13:48:00,354,354,354,354,0
2022-03-03 13:49:00,354,354,354,354,0
2022-03-03 13:50:00,354,354,354,354,0
2022-03-03 13:51:00,354,354,354,354,0
2022-03-03 13:52:00,354,354,354,354,0
2022-03-03 13:53:00,354,354,354,354,0
2022-03-03 13:54:00,354,354,354,354,0
2022-03-03 13:55:00,354,354,354,354,0
2022-03-03 13:56:00,354,354,354,354,0
2022-03-03 13:57:00,354,354,354,354,0
2022-03-03 13:58:00,354,354,354,354,0
2022-03-03 13:59:00,354,354,354,354,0
2022-03-03 14:00:00,354,354,354,354,0
2022-03-03 14:01:00,354,354,354,354,0
2022-03-03 14:02:00,354,354,354,354,0
2022-03-03 14:03:00,354,354,354,354,0
2022-03-03 14:04:00,354,354,354,354,0
2022-03-03 14:05:00,354,354,354,354,0
2022-03-03 14:06:00,354,354,354,354,0
2022-03-03 14:07:00,354,354,354,354,0
2022-03-03 14:08:00,354,354,354,354,0
2022-03-03 14:09:00,354,354,354,354,0
2022-03-03 14:10:00,354,354,354,354,0
2022-03-03 14:11:00,354,354,354,354,0
2022-03-03 14:12:00,354,354,354,354,0
2022-03-03 14:13:00,354,354,354,354,0
2022-03-03 14:14:00,354,354,354,354,0
2022-03-03 14:15:00,354,354,354,354,0
2022-03-03 14:16:00,354,354,354,354,0
2022-03-03 14:17:00,354,354,354,354,0
2022-03-03 14:18:00,354,354,354,354,0
2022-03-03 14:19:00,354,354,354,354,0
2022-03-03 14:20:00,354,354,354,354,0
2022-03-03 14:21:00,354,354,354,354,0
2022-03-03 14:22:00,354,354,354,354,0
2022-03-03 14:23:00,354,354,354,354,0
2022-03-03 14:24:00,354,354,354,354,0
2022-03-03 14:25:00,354,354,354,354,0
2022-03-03 14:26:00,354,354,354,354,0
2022-03-03 14:27:00,354,354,354,354,0
2022-03-03 14:28:00,354,354,354,354,0
2022-03-03 14:29:00,354,354,354,354,0
2022-03-03 14:30:00,354,354,354,354,0
2022-03-03 14:31:00,354,354,354,354,0
2022-03-03 14:32:00,354,354,354,354,0
2022-03-03 14:33:00,354,354,354,354,0
2022-03-03 14:34:00,354,354,354,354,0
2022-03-03 14:35:00,354,354,354,354,0
2022-03-03 14:36:00,354,354,354,354,0
2022-03-03 14:37:00,354,354,354,354,0
2022-03-03 14:38:00,354,354,354,354,0
2022-03-03 14:39:00,354,354,354,354,0
2022-03-03 14:40:00,354,354,354,354,0
2022-03-03 14:41:00,354,354,354,354,0
2022-03-03 14:42:00,354,354,354,354,0
2022-03-03 14:43:00,354,354,354,354,0
2022-03-03 14:44:00,354,354,354,354,0
2022-03-03 14:45:00,354,354,354,354,0
2022-03-03 14:46:00,354,354,354,354,0
2022-03-03 14:47:00,354,354,354,354,0
2022-03-03 14:48:00,354,354,354,354,0
2022-03-03 14:49:00,354,354,354,354,0
2022-03-03 14:50:00,354,354,354,354,0
2022-03-03 14:51:00,354,354,354,354,0
2022-03-03 14:52:00,354,354,354,354,0
2022-03-03 14:53:00,354,354,354,354,0
2022-03-03 14:54:00,354,354,354,354,0
2022-03-03 14:55:00,354,354,354,354,0
2022-03-03 14:56:00,354,354,354,354,0
2022-03-03 14:57:00,354,354,354,354,0
2022-03-03 14:58:00,354,354,354,354,0
2022-03-03 14:59:00,354,354,354,354,0
2022-03-03 15:00:00,354,354,354,354,0
2022-03-03 15:01:00,354,354,354,354,0
2022-03-03 15:02:00,354,354,354,354,0
2022-03-03 15:03:00,354,354,354,354,0
2022-03-03 15:04:00,354,354,354,354,0
2022-03-03 15:05:00,354,354,354,354,0
2022-03-03 15:06:00,354,354,354,354,0
2022-03-03 15:07:00,354,354,354,354,0
2022-03-03 15:08:00,354,354,354,354,0
2022-03-03 15:09:00,354,354,354,354,0
2022-03-03 15:10:00,354,354,354,354,0
2022-03-03 15:11:00,354,354,354,354,0
2022-03-03 15:12:00,354,354,354,354,0
2022-03-03 15:13:00,354,354,354,354,0
2022-03-03 15:14:00,354,354,354,354,0
2022-03-03 15:15:00,354,354,354,354,0
2022-03-03 15:16:00,354,354,354,354,0
2022-03-03 15:17:00,354,354,354,354,0
2022-03-03 15:18:00,354,354,354,354,0
2022-03-03 15:19:00,354,354,354,354,0
2022-03-03 15:20:00,354,354,354,354,0
2022-03-03 15:21:00,354,354,354,354,0
2022-03-03 15:22:00,354,354,354,354,0
2022-03-03 15:23:00,354,354,354,354,0
2022-03-03 15:24:00,354,354,354,354,0
2022-03-03 15:25:00,354,354,354,354,0
2022-03-03 15:26:00,354,354,354,354,0
2022-03-03 15:27:00,354,354,354,354,0
2022-03-03 15:28:00,354,354,354,354,0
2022-03-03 15:29:00,354,354,354,354,0
2022-03-03 15:30:00,354,354,354,354,0
2022-03-03 15:31:00,354,354,354,354,0
2022-03-03 15:32:00,354,354,354,354,0
2022-03-03 15:33:00,354,354,354,354,0
2022-03-03 15:34:00,354,354,354,354,0
2022-03-03 15:35:00,354,354,354,354,0
2022-03-03 15:36:00,354,354,354,354,0
2022-03-03 15:37:00,354,354,354,354,0
2022-03-03 15:38:00,354,354,354,354,0
2022-03-03 15:39:00,354,354,354,354,0
2022-03-03 15:40:00,354,354,354,354,0
2022-03-03 15:41:00,354,354,354,354,0
2022-03-03 15:42:00,354,354,354,354,0
2022-03-03 15:43:00,354,354,354,354,0
2022-03-03 15:44:00,354,354,354,354,0
2022-03-03 15:45:00,354,354,354,354,0
2022-03-03 15:46:00,354,354,354,354,0
2022-03-03 15:47:00,354,354,354,354,0
2022-03-03 15:48:00,354,354,354,354,0
2022-03-03 15:49:00,354,354,354,354,0
2022-03-03 15:50:00,354,354,354,354,0
2022-03-03 15:51:00,354,354,354,354,0
2022-03-03 15:52:00,354,354,354,354,0
2022-03-03 15:53:00,354,354,354,354,0
2022-03-03 15:54:00,354,354,354,354,0
2022-03-03 15:55:00,354,354,354,354,0
2022-03-03 15:56:00,354,354,354,354,0
2022-03-03 15:57:00,354,354,354,354,0
2022-03-03 15:58:00,354,354,354,354,0
2022-03-03 15:59:00,354,354,354,354,0
2022-03-04 09:00:00,360,354,360,354,0
2022-03-04 09:01:00,352,352,352,352,1000
2022-03-04 09:02:00,352,352,352,352,0
2022-03-04 09:03:00,352,352,352,352,700
2022-03-04 09:04:00,352,352,352,352,0
2022-03-04 09:05:00,352,352,352,352,0
2022-03-04 09:06:00,352,352,352,352,0
2022-03-04 09:07:00,352,352,352,352,0
2022-03-04 09:08:00,352,352,352,352,2600
2022-03-04 09:09:00,352,352,352,352,500
2022-03-04 09:10:00,352,352,352,352,0
2022-03-04 09:11:00,354,354,354,354,7500
2022-03-04 09:12:00,354,354,354,354,0
2022-03-04 09:13:00,354,354,354,354,0
2022-03-04 09:14:00,354,354,354,354,0
2022-03-04 09:15:00,354,354,354,354,0
2022-03-04 09:16:00,354,354,354,354,100
2022-03-04 09:17:00,354,354,354,354,0
2022-03-04 09:18:00,354,354,354,354,0
2022-03-04 09:19:00,354,354,354,354,0
2022-03-04 09:20:00,354,354,354,354,0
2022-03-04 09:21:00,354,354,354,354,0
2022-03-04 09:22:00,354,354,354,354,0
2022-03-04 09:23:00,354,354,354,354,0
2022-03-04 09:24:00,354,354,354,354,0
2022-03-04 09:25:00,354,354,354,354,0
2022-03-04 09:26:00,354,354,354,354,0
2022-03-04 09:27:00,354,354,354,354,0
2022-03-04 09:28:00,354,354,354,354,0
2022-03-04 09:29:00,354,354,354,354,0
2022-03-04 09:30:00,354,354,354,354,0
2022-03-04 09:31:00,354,354,354,354,0
2022-03-04 09:32:00,354,354,354,354,0
2022-03-04 09:33:00,354,354,354,354,0
2022-03-04 09:34:00,354,354,354,354,0
2022-03-04 09:35:00,354,354,354,354,0
2022-03-04 09:36:00,354,354,354,354,0
2022-03-04 09:37:00,354,354,354,354,0
2022-03-04 09:38:00,356,356,358,358,10600
2022-03-04 09:39:00,358,358,358,358,3000
2022-03-04 09:40:00,358,358,360,360,18000
2022-03-04 09:41:00,366,366,368,368,2100
2022-03-04 09:42:00,368,368,370,368,4700
2022-03-04 09:43:00,368,368,370,368,0
2022-03-04 09:44:00,366,366,366,366,800
2022-03-04 09:45:00,366,366,366,366,0
2022-03-04 09:46:00,366,366,366,366,4200
2022-03-04 09:47:00,366,366,366,366,100
2022-03-04 09:48:00,366,366,366,366,0
2022-03-04 09:49:00,366,366,366,366,3300
2022-03-04 09:50:00,366,366,366,366,0
2022-03-04 09:51:00,366,366,366,366,0
2022-03-04 09:52:00,366,366,366,366,0
2022-03-04 09:53:00,366,366,366,366,0
2022-03-04 09:54:00,366,366,366,366,0
2022-03-04 09:55:00,366,366,366,366,0
2022-03-04 09:56:00,366,366,366,366,0
2022-03-04 09:57:00,366,366,366,366,0
2022-03-04 09:58:00,362,362,362,362,1000
2022-03-04 09:59:00,360,360,360,360,700
2022-03-04 10:00:00,360,360,360,360,8700
2022-03-04 10:01:00,360,360,360,360,0
2022-03-04 10:02:00,360,360,360,360,0
2022-03-04 10:03:00,360,360,360,360,0
2022-03-04 10:04:00,360,360,360,360,0
2022-03-04 10:05:00,360,360,360,360,0
2022-03-04 10:06:00,360,360,360,360,0
2022-03-04 10:07:00,364,364,364,364,300
2022-03-04 10:08:00,364,364,364,364,500
2022-03-04 10:09:00,364,364,364,364,0
2022-03-04 10:10:00,364,364,364,364,9100
2022-03-04 10:11:00,366,366,366,366,100
2022-03-04 10:12:00,366,366,366,366,0
2022-03-04 10:13:00,366,366,366,366,4900
2022-03-04 10:14:00,366,366,366,366,0
2022-03-04 10:15:00,366,366,366,366,0
2022-03-04 10:16:00,366,366,366,366,0
2022-03-04 10:17:00,366,366,366,366,0
2022-03-04 10:18:00,366,366,366,366,0
2022-03-04 10:19:00,366,366,366,366,0
2022-03-04 10:20:00,366,366,366,366,0
2022-03-04 10:21:00,366,366,366,366,0
2022-03-04 10:22:00,368,368,368,368,100
2022-03-04 10:23:00,368,368,368,368,0
2022-03-04 10:24:00,368,368,368,368,100
2022-03-04 10:25:00,368,368,368,368,0
2022-03-04 10:26:00,368,368,368,368,0
2022-03-04 10:27:00,368,368,368,368,0
2022-03-04 10:28:00,368,368,368,368,0
2022-03-04 10:29:00,368,368,368,368,0
2022-03-04 10:30:00,368,368,368,368,0
2022-03-04 10:31:00,368,368,368,368,0
2022-03-04 10:32:00,368,368,368,368,0
2022-03-04 10:33:00,368,368,368,368,0
2022-03-04 10:34:00,368,368,368,368,0
2022-03-04 10:35:00,368,368,368,368,0
2022-03-04 10:36:00,368,368,368,368,0
2022-03-04 10:37:00,368,368,368,368,0
2022-03-04 10:38:00,366,366,368,368,13900
2022-03-04 10:39:00,366,366,368,368,0
2022-03-04 10:40:00,366,366,368,368,0
2022-03-04 10:41:00,366,366,368,368,0
2022-03-04 10:42:00,366,366,368,368,0
2022-03-04 10:43:00,366,366,368,368,0
2022-03-04 10:44:00,366,366,368,368,0
2022-03-04 10:45:00,366,366,368,368,0
2022-03-04 10:46:00,366,366,368,368,0
2022-03-04 10:47:00,366,366,368,368,0
2022-03-04 10:48:00,366,366,368,368,0
2022-03-04 10:49:00,366,366,368,368,0
2022-03-04 10:50:00,366,366,368,368,0
2022-03-04 10:51:00,366,366,368,368,0
2022-03-04 10:52:00,366,366,368,368,0
2022-03-04 10:53:00,366,366,368,368,0
2022-03-04 10:54:00,366,366,368,368,0
2022-03-04 10:55:00,366,366,368,368,0
2022-03-04 10:56:00,366,366,368,368,0
2022-03-04 10:57:00,368,368,368,368,500
2022-03-04 10:58:00,368,368,368,368,0
2022-03-04 10:59:00,368,368,368,368,0
2022-03-04 11:00:00,368,368,368,368,0
2022-03-04 11:01:00,368,368,368,368,0
2022-03-04 11:02:00,368,368,368,368,0
2022-03-04 11:03:00,368,368,368,368,0
2022-03-04 11:04:00,368,368,368,368,0
2022-03-04 11:05:00,368,368,368,368,0
2022-03-04 11:06:00,368,368,368,368,0
2022-03-04 11:07:00,368,368,368,368,0
2022-03-04 11:08:00,368,368,368,368,0
2022-03-04 11:09:00,368,368,368,368,0
2022-03-04 11:10:00,368,368,368,368,0
2022-03-04 11:11:00,368,368,368,368,0
2022-03-04 11:12:00,368,368,368,368,0
2022-03-04 11:13:00,368,368,368,368,0
2022-03-04 11:14:00,368,368,368,368,0
2022-03-04 11:15:00,368,368,368,368,0
2022-03-04 11:16:00,368,368,368,368,0
2022-03-04 11:17:00,368,368,368,368,0
2022-03-04 11:18:00,368,368,368,368,0
2022-03-04 11:19:00,368,368,368,368,0
2022-03-04 11:20:00,368,368,368,368,0
2022-03-04 11:21:00,368,368,368,368,0
2022-03-04 11:22:00,368,368,368,368,0
2022-03-04 11:23:00,368,368,368,368,0
2022-03-04 11:24:00,368,368,368,368,0
2022-03-04 11:25:00,368,368,368,368,0
2022-03-04 11:26:00,368,368,368,368,0
2022-03-04 11:27:00,368,368,368,368,0
2022-03-04 11:28:00,368,368,368,368,0
2022-03-04 11:29:00,368,368,368,368,0
2022-03-04 11:30:00,368,368,368,368,0
2022-03-04 11:31:00,368,368,368,368,0
2022-03-04 11:32:00,368,368,368,368,0
2022-03-04 11:33:00,368,368,368,368,0
2022-03-04 11:34:00,368,368,368,368,0
2022-03-04 11:35:00,368,368,368,368,0
2022-03-04 11:36:00,368,368,368,368,0
2022-03-04 11:37:00,368,368,368,368,0
2022-03-04 11:38:00,368,368,368,368,0
2022-03-04 11:39:00,368,368,368,368,0
2022-03-04 11:40:00,368,368,368,368,0
2022-03-04 11:41:00,368,368,368,368,0
2022-03-04 11:42:00,368,368,368,368,0
2022-03-04 11:43:00,368,368,368,368,0
2022-03-04 11:44:00,368,368,368,368,0
2022-03-04 11:45:00,368,368,368,368,0
2022-03-04 11:46:00,368,368,368,368,0
2022-03-04 11:47:00,368,368,368,368,0
2022-03-04 11:48:00,368,368,368,368,0
2022-03-04 11:49:00,368,368,368,368,0
2022-03-04 11:50:00,368,368,368,368,0
2022-03-04 11:51:00,368,368,368,368,0
2022-03-04 11:52:00,368,368,368,368,0
2022-03-04 11:53:00,368,368,368,368,0
2022-03-04 11:54:00,368,368,368,368,0
2022-03-04 11:55:00,368,368,368,368,0
2022-03-04 11:56:00,368,368,368,368,0
2022-03-04 11:57:00,368,368,368,368,0
2022-03-04 11:58:00,368,368,368,368,0
2022-03-04 11:59:00,368,368,368,368,0
2022-03-04 12:00:00,368,368,368,368,0
2022-03-04 12:01:00,368,368,368,368,0
2022-03-04 12:02:00,368,368,368,368,0
2022-03-04 12:03:00,368,368,368,368,0
2022-03-04 12:04:00,368,368,368,368,0
2022-03-04 12:05:00,368,368,368,368,0
2022-03-04 12:06:00,368,368,368,368,0
2022-03-04 12:07:00,368,368,368,368,0
2022-03-04 12:08:00,368,368,368,368,0
2022-03-04 12:09:00,368,368,368,368,0
2022-03-04 12:10:00,368,368,368,368,0
2022-03-04 12:11:00,368,368,368,368,0
2022-03-04 12:12:00,368,368,368,368,0
2022-03-04 12:13:00,368,368,368,368,0
2022-03-04 12:14:00,368,368,368,368,0
2022-03-04 12:15:00,368,368,368,368,0
2022-03-04 12:16:00,368,368,368,368,0
2022-03-04 12:17:00,368,368,368,368,0
2022-03-04 12:18:00,368,368,368,368,0
2022-03-04 12:19:00,368,368,368,368,0
2022-03-04 12:20:00,368,368,368,368,0
2022-03-04 12:21:00,368,368,368,368,0
2022-03-04 12:22:00,368,368,368,368,0
2022-03-04 12:23:00,368,368,368,368,0
2022-03-04 12:24:00,368,368,368,368,0
2022-03-04 12:25:00,368,368,368,368,0
2022-03-04 12:26:00,368,368,368,368,0
2022-03-04 12:27:00,368,368,368,368,0
2022-03-04 12:28:00,368,368,368,368,0
2022-03-04 12:29:00,368,368,368,368,0
2022-03-04 12:30:00,368,368,368,368,0
2022-03-04 12:31:00,368,368,368,368,0
2022-03-04 12:32:00,368,368,368,368,0
2022-03-04 12:33:00,368,368,368,368,0
2022-03-04 12:34:00,368,368,368,368,0
2022-03-04 12:35:00,368,368,368,368,0
2022-03-04 12:36:00,368,368,368,368,0
2022-03-04 12:37:00,368,368,368,368,0
2022-03-04 12:38:00,368,368,368,368,0
2022-03-04 12:39:00,368,368,368,368,0
2022-03-04 12:40:00,368,368,368,368,0
2022-03-04 12:41:00,368,368,368,368,0
2022-03-04 12:42:00,368,368,368,368,0
2022-03-04 12:43:00,368,368,368,368,0
2022-03-04 12:44:00,368,368,368,368,0
2022-03-04 12:45:00,368,368,368,368,0
2022-03-04 12:46:00,368,368,368,368,0
2022-03-04 12:47:00,368,368,368,368,0
2022-03-04 12:48:00,368,368,368,368,0
2022-03-04 12:49:00,368,368,368,368,0
2022-03-04 12:50:00,368,368,368,368,0
2022-03-04 12:51:00,368,368,368,368,0
2022-03-04 12:52:00,368,368,368,368,0
2022-03-04 12:53:00,368,368,368,368,0
2022-03-04 12:54:00,368,368,368,368,0
2022-03-04 12:55:00,368,368,368,368,0
2022-03-04 12:56:00,368,368,368,368,0
2022-03-04 12:57:00,368,368,368,368,0
2022-03-04 12:58:00,368,368,368,368,0
2022-03-04 12:59:00,368,368,368,368,0
2022-03-04 13:00:00,368,368,368,368,0
2022-03-04 13:01:00,368,368,368,368,0
2022-03-04 13:02:00,368,368,368,368,0
2022-03-04 13:03:00,368,368,368,368,0
2022-03-04 13:04:00,368,368,368,368,0
2022-03-04 13:05:00,368,368,368,368,0
2022-03-04 13:06:00,368,368,368,368,0
2022-03-04 13:07:00,368,368,368,368,0
2022-03-04 13:08:00,368,368,368,368,0
2022-03-04 13:09:00,368,368,368,368,0
2022-03-04 13:10:00,368,368,368,368,0
2022-03-04 13:11:00,368,368,368,368,0
2022-03-04 13:12:00,368,368,368,368,0
2022-03-04 13:13:00,368,368,368,368,0
2022-03-04 13:14:00,368,368,368,368,0
2022-03-04 13:15:00,368,368,368,368,0
2022-03-04 13:16:00,368,368,368,368,0
2022-03-04 13:17:00,368,368,368,368,0
2022-03-04 13:18:00,368,368,368,368,0
2022-03-04 13:19:00,368,368,368,368,0
2022-03-04 13:20:00,368,368,368,368,0
2022-03-04 13:21:00,368,368,368,368,0
2022-03-04 13:22:00,368,368,368,368,0
2022-03-04 13:23:00,368,368,368,368,0
2022-03-04 13:24:00,368,368,368,368,0
2022-03-04 13:25:00,368,368,368,368,0
2022-03-04 13:26:00,368,368,368,368,0
2022-03-04 13:27:00,368,368,368,368,0
2022-03-04 13:28:00,368,368,368,368,0
2022-03-04 13:29:00,368,368,368,368,0
2022-03-04 13:30:00,366,366,368,368,10000
2022-03-04 13:31:00,366,366,366,366,10000
2022-03-04 13:32:00,366,366,366,366,0
2022-03-04 13:33:00,366,366,366,366,0
2022-03-04 13:34:00,366,366,366,366,0
2022-03-04 13:35:00,366,366,366,366,0
2022-03-04 13:36:00,366,366,366,366,0
2022-03-04 13:37:00,366,366,366,366,0
2022-03-04 13:38:00,366,366,366,366,0
2022-03-04 13:39:00,366,366,366,366,0
2022-03-04 13:40:00,366,366,366,366,0
2022-03-04 13:41:00,366,366,366,366,0
2022-03-04 13:42:00,366,366,366,366,0
2022-03-04 13:43:00,366,366,366,366,0
2022-03-04 13:44:00,366,366,366,366,0
2022-03-04 13:45:00,366,366,366,366,0
2022-03-04 13:46:00,366,366,366,366,0
2022-03-04 13:47:00,366,366,366,366,0
2022-03-04 13:48:00,366,366,366,366,0
2022-03-04 13:49:00,366,366,366,366,0
2022-03-04 13:50:00,366,366,366,366,0
2022-03-04 13:51:00,366,366,366,366,0
2022-03-04 13:52:00,366,366,366,366,0
2022-03-04 13:53:00,366,366,366,366,0
2022-03-04 13:54:00,366,366,366,366,0
2022-03-04 13:55:00,366,366,366,366,0
2022-03-04 13:56:00,366,366,366,366,0
2022-03-04 13:57:00,366,366,366,366,0
2022-03-04 13:58:00,366,366,366,366,0
2022-03-04 13:59:00,366,366,366,366,0
2022-03-04 14:00:00,368,368,368,368,100
2022-03-04 14:01:00,368,368,368,368,0
2022-03-04 14:02:00,368,368,368,368,0
2022-03-04 14:03:00,368,368,368,368,0
2022-03-04 14:04:00,368,368,368,368,0
2022-03-04 14:05:00,368,368,368,368,0
2022-03-04 14:06:00,368,368,368,368,0
2022-03-04 14:07:00,368,368,368,368,500
2022-03-04 14:08:00,368,368,368,368,0
2022-03-04 14:09:00,368,368,368,368,0
2022-03-04 14:10:00,368,368,368,368,0
2022-03-04 14:11:00,368,368,368,368,100
2022-03-04 14:12:00,368,368,368,368,0
2022-03-04 14:13:00,368,368,368,368,0
2022-03-04 14:14:00,368,368,368,368,0
2022-03-04 14:15:00,368,368,368,368,0
2022-03-04 14:16:00,368,368,368,368,0
2022-03-04 14:17:00,368,368,368,368,0
2022-03-04 14:18:00,368,368,368,368,0
2022-03-04 14:19:00,368,368,368,368,0
2022-03-04 14:20:00,368,368,368,368,0
2022-03-04 14:21:00,368,368,368,368,0
2022-03-04 14:22:00,368,368,368,368,0
2022-03-04 14:23:00,368,368,368,368,0
2022-03-04 14:24:00,368,368,368,368,0
2022-03-04 14:25:00,368,368,368,368,0
2022-03-04 14:26:00,368,368,368,368,0
2022-03-04 14:27:00,368,368,368,368,0
2022-03-04 14:28:00,368,368,368,368,0
2022-03-04 14:29:00,368,368,368,368,0
2022-03-04 14:30:00,368,368,368,368,0
2022-03-04 14:31:00,368,368,368,368,0
2022-03-04 14:32:00,368,368,368,368,0
2022-03-04 14:33:00,368,368,368,368,0
2022-03-04 14:34:00,368,368,368,368,0
2022-03-04 14:35:00,368,368,368,368,0
2022-03-04 14:36:00,368,368,368,368,0
2022-03-04 14:37:00,368,368,368,368,0
2022-03-04 14:38:00,368,368,368,368,0
2022-03-04 14:39:00,368,368,368,368,0
2022-03-04 14:40:00,368,368,368,368,0
2022-03-04 14:41:00,368,368,368,368,0
2022-03-04 14:42:00,368,368,368,368,0
2022-03-04 14:43:00,368,368,368,368,0
2022-03-04 14:44:00,368,368,368,368,0
2022-03-04 14:45:00,368,368,368,368,0
2022-03-04 14:46:00,368,368,368,368,0
2022-03-04 14:47:00,368,368,368,368,0
2022-03-04 14:48:00,362,362,362,362,17900
2022-03-04 14:49:00,362,362,362,362,500
2022-03-04 14:50:00,362,362,362,362,0
2022-03-04 14:51:00,362,362,362,362,0
2022-03-04 14:52:00,362,362,362,362,0
2022-03-04 14:53:00,362,362,362,362,0
2022-03-04 14:54:00,362,362,362,362,0
2022-03-04 14:55:00,362,362,362,362,0
2022-03-04 14:56:00,362,362,362,362,0
2022-03-04 14:57:00,362,362,362,362,0
2022-03-04 14:58:00,362,362,362,362,0
2022-03-04 14:59:00,362,362,362,362,0
2022-03-04 15:00:00,360,360,360,360,13900
2022-03-04 15:01:00,360,360,360,360,0
2022-03-04 15:02:00,360,360,360,360,3800
2022-03-04 15:03:00,360,360,360,360,0
2022-03-04 15:04:00,360,360,360,360,0
2022-03-04 15:05:00,360,360,360,360,1200
2022-03-04 15:06:00,360,360,360,360,0
2022-03-04 15:07:00,360,360,360,360,0
2022-03-04 15:08:00,360,360,360,360,0
2022-03-04 15:09:00,360,360,360,360,0
2022-03-04 15:10:00,360,360,360,360,0
2022-03-04 15:11:00,360,360,360,360,0
2022-03-04 15:12:00,360,360,360,360,700
2022-03-04 15:13:00,360,360,360,360,0
2022-03-04 15:14:00,360,360,360,360,0
2022-03-04 15:15:00,360,360,360,360,0
2022-03-04 15:16:00,360,360,360,360,0
2022-03-04 15:17:00,360,360,360,360,0
2022-03-04 15:18:00,360,360,360,360,0
2022-03-04 15:19:00,360,360,360,360,0
2022-03-04 15:20:00,360,360,360,360,0
2022-03-04 15:21:00,360,360,360,360,0
2022-03-04 15:22:00,360,360,360,360,0
2022-03-04 15:23:00,360,360,360,360,0
2022-03-04 15:24:00,360,360,360,360,0
2022-03-04 15:25:00,360,360,360,360,0
2022-03-04 15:26:00,360,360,360,360,0
2022-03-04 15:27:00,360,360,360,360,0
2022-03-04 15:28:00,360,360,360,360,0
2022-03-04 15:29:00,360,360,360,360,0
2022-03-04 15:30:00,360,360,360,360,0
2022-03-04 15:31:00,360,360,360,360,0
2022-03-04 15:32:00,360,360,360,360,0
2022-03-04 15:33:00,360,360,360,360,0
2022-03-04 15:34:00,360,360,360,360,0
2022-03-04 15:35:00,360,360,360,360,0
2022-03-04 15:36:00,360,360,360,360,0
2022-03-04 15:37:00,360,360,360,360,0
2022-03-04 15:38:00,360,360,360,360,0
2022-03-04 15:39:00,360,360,360,360,0
2022-03-04 15:40:00,360,360,360,360,0
2022-03-04 15:41:00,360,360,360,360,0
2022-03-04 15:42:00,360,360,360,360,0
2022-03-04 15:43:00,360,360,360,360,0
2022-03-04 15:44:00,360,360,360,360,0
2022-03-04 15:45:00,360,360,360,360,0
2022-03-04 15:46:00,360,360,360,360,0
2022-03-04 15:47:00,360,360,360,360,0
2022-03-04 15:48:00,360,360,360,360,0
2022-03-04 15:49:00,360,360,360,360,0
2022-03-04 15:50:00,360,360,360,360,0
2022-03-04 15:51:00,360,360,360,360,0
2022-03-04 15:52:00,360,360,360,360,0
2022-03-04 15:53:00,360,360,360,360,0
2022-03-04 15:54:00,360,360,360,360,0
2022-03-04 15:55:00,360,360,360,360,0
2022-03-04 15:56:00,360,360,360,360,0
2022-03-04 15:57:00,360,360,360,360,0
2022-03-04 15:58:00,360,360,360,360,0
2022-03-04 15:59:00,360,360,360,360,0
2022-03-07 09:00:00,360,360,360,360,0
2022-03-07 09:01:00,360,356,360,356,18100
2022-03-07 09:02:00,360,356,360,356,0
2022-03-07 09:03:00,362,362,362,362,5000
2022-03-07 09:04:00,364,364,364,364,1000
2022-03-07 09:05:00,364,364,364,364,0
2022-03-07 09:06:00,362,362,362,362,16800
2022-03-07 09:07:00,362,362,362,362,12800
2022-03-07 09:08:00,362,362,362,362,0
2022-03-07 09:09:00,362,362,362,362,0
2022-03-07 09:10:00,362,362,362,362,0
2022-03-07 09:11:00,362,362,362,362,0
2022-03-07 09:12:00,362,362,362,362,100
2022-03-07 09:13:00,364,364,364,364,500
2022-03-07 09:14:00,364,364,364,364,0
2022-03-07 09:15:00,364,364,364,364,3500
2022-03-07 09:16:00,364,364,364,364,0
2022-03-07 09:17:00,364,364,364,364,0
2022-03-07 09:18:00,362,362,362,362,10000
2022-03-07 09:19:00,362,362,362,362,0
2022-03-07 09:20:00,362,362,362,362,10000
2022-03-07 09:21:00,362,362,362,362,0
2022-03-07 09:22:00,362,362,362,362,0
2022-03-07 09:23:00,362,362,362,362,0
2022-03-07 09:24:00,362,362,362,362,0
2022-03-07 09:25:00,362,362,362,362,0
2022-03-07 09:26:00,366,366,372,372,27900
2022-03-07 09:27:00,372,372,386,386,36900
2022-03-07 09:28:00,372,372,386,386,0
2022-03-07 09:29:00,392,386,394,394,6300
2022-03-07 09:30:00,374,374,374,374,5000
2022-03-07 09:31:00,374,374,374,374,0
2022-03-07 09:32:00,388,388,388,388,5800
2022-03-07 09:33:00,388,388,388,388,0
2022-03-07 09:34:00,388,388,388,388,2300
2022-03-07 09:35:00,388,388,400,400,5800
2022-03-07 09:36:00,388,388,388,388,1800
2022-03-07 09:37:00,388,388,388,388,4000
2022-03-07 09:38:00,388,388,388,388,0
2022-03-07 09:39:00,388,388,388,388,19400
2022-03-07 09:40:00,376,376,376,376,4900
2022-03-07 09:41:00,376,376,376,376,900
2022-03-07 09:42:00,380,380,380,380,100
2022-03-07 09:43:00,380,380,380,380,100
2022-03-07 09:44:00,382,382,384,384,3600
2022-03-07 09:45:00,376,376,376,376,8400
2022-03-07 09:46:00,376,376,376,376,0
2022-03-07 09:47:00,376,376,376,376,0
2022-03-07 09:48:00,376,376,376,376,0
2022-03-07 09:49:00,376,376,376,376,0
2022-03-07 09:50:00,376,376,376,376,0
2022-03-07 09:51:00,378,378,378,378,5000
2022-03-07 09:52:00,378,378,378,378,0
2022-03-07 09:53:00,378,378,378,378,0
2022-03-07 09:54:00,378,378,378,378,2500
2022-03-07 09:55:00,378,378,378,378,0
2022-03-07 09:56:00,378,378,378,378,0
2022-03-07 09:57:00,378,378,378,378,0
2022-03-07 09:58:00,378,378,378,378,0
2022-03-07 09:59:00,378,378,378,378,0
2022-03-07 10:00:00,378,378,378,378,0
2022-03-07 10:01:00,378,378,378,378,0
2022-03-07 10:02:00,378,378,378,378,0
2022-03-07 10:03:00,378,378,378,378,0
2022-03-07 10:04:00,378,378,378,378,0
2022-03-07 10:05:00,378,378,378,378,0
2022-03-07 10:06:00,378,378,378,378,0
2022-03-07 10:07:00,378,378,378,378,0
2022-03-07 10:08:00,378,378,378,378,0
2022-03-07 10:09:00,378,378,378,378,0
2022-03-07 10:10:00,378,378,378,378,0
2022-03-07 10:11:00,378,378,378,378,0
2022-03-07 10:12:00,378,378,378,378,0
2022-03-07 10:13:00,378,378,378,378,0
2022-03-07 10:14:00,376,376,376,376,1100
2022-03-07 10:15:00,376,376,376,376,0
2022-03-07 10:16:00,376,376,376,376,0
2022-03-07 10:17:00,376,376,376,376,0
2022-03-07 10:18:00,378,376,380,376,4300
2022-03-07 10:19:00,378,376,380,376,0
2022-03-07 10:20:00,376,376,376,376,500
2022-03-07 10:21:00,376,376,376,376,500
2022-03-07 10:22:00,376,374,376,374,5000
2022-03-07 10:23:00,376,374,376,374,0
2022-03-07 10:24:00,376,374,376,374,0
2022-03-07 10:25:00,374,372,374,372,3300
2022-03-07 10:26:00,374,372,374,372,0
2022-03-07 10:27:00,370,370,370,370,800
2022-03-07 10:28:00,370,370,370,370,1700
2022-03-07 10:29:00,370,370,370,370,0
2022-03-07 10:30:00,370,370,370,370,0
2022-03-07 10:31:00,370,370,370,370,0
2022-03-07 10:32:00,370,370,370,370,0
2022-03-07 10:33:00,370,370,370,370,0
2022-03-07 10:34:00,370,370,370,370,0
2022-03-07 10:35:00,370,370,370,370,0
2022-03-07 10:36:00,370,370,370,370,0
2022-03-07 10:37:00,370,370,370,370,0
2022-03-07 10:38:00,370,370,370,370,0
2022-03-07 10:39:00,370,370,370,370,0
2022-03-07 10:40:00,370,370,370,370,0
2022-03-07 10:41:00,370,370,370,370,0
2022-03-07 10:42:00,370,370,370,370,0
2022-03-07 10:43:00,376,376,376,376,1000
2022-03-07 10:44:00,376,376,376,376,0
2022-03-07 10:45:00,376,376,376,376,0
2022-03-07 10:46:00,376,376,376,376,0
2022-03-07 10:47:00,376,376,376,376,0
2022-03-07 10:48:00,376,376,376,376,0
2022-03-07 10:49:00,376,376,376,376,0
2022-03-07 10:50:00,376,376,376,376,0
2022-03-07 10:51:00,376,376,376,376,0
2022-03-07 10:52:00,376,376,376,376,0
2022-03-07 10:53:00,376,376,376,376,0
2022-03-07 10:54:00,376,376,376,376,0
2022-03-07 10:55:00,376,376,376,376,0
2022-03-07 10:56:00,376,376,376,376,0
2022-03-07 10:57:00,376,376,376,376,0
2022-03-07 10:58:00,376,376,376,376,0
2022-03-07 10:59:00,376,376,376,376,0
2022-03-07 11:00:00,376,376,376,376,0
2022-03-07 11:01:00,376,376,376,376,0
2022-03-07 11:02:00,376,376,376,376,0
2022-03-07 11:03:00,376,376,376,376,0
2022-03-07 11:04:00,376,376,376,376,0
2022-03-07 11:05:00,376,376,376,376,0
2022-03-07 11:06:00,374,374,374,374,100
2022-03-07 11:07:00,374,374,374,374,0
2022-03-07 11:08:00,374,374,374,374,0
2022-03-07 11:09:00,374,374,374,374,0
2022-03-07 11:10:00,374,374,374,374,0
2022-03-07 11:11:00,372,370,372,370,9900
2022-03-07 11:12:00,372,370,372,370,0
2022-03-07 11:13:00,372,370,372,370,0
2022-03-07 11:14:00,372,370,372,370,0
2022-03-07 11:15:00,372,370,372,370,0
2022-03-07 11:16:00,372,370,372,370,0
2022-03-07 11:17:00,372,370,372,370,0
2022-03-07 11:18:00,370,370,370,370,900
2022-03-07 11:19:00,370,370,370,370,0
2022-03-07 11:20:00,370,370,370,370,0
2022-03-07 11:21:00,372,372,372,372,100
2022-03-07 11:22:00,372,372,372,372,0
2022-03-07 11:23:00,372,372,372,372,0
2022-03-07 11:24:00,372,372,372,372,0
2022-03-07 11:25:00,372,372,372,372,0
2022-03-07 11:26:00,372,372,372,372,0
2022-03-07 11:27:00,372,372,372,372,0
2022-03-07 11:28:00,370,370,370,370,500
2022-03-07 11:29:00,370,370,370,370,15800
2022-03-07 11:30:00,370,370,370,370,0
2022-03-07 11:31:00,370,370,370,370,0
2022-03-07 11:32:00,370,370,370,370,0
2022-03-07 11:33:00,370,370,370,370,0
2022-03-07 11:34:00,370,370,370,370,0
2022-03-07 11:35:00,370,370,370,370,0
2022-03-07 11:36:00,370,370,370,370,0
2022-03-07 11:37:00,370,370,370,370,0
2022-03-07 11:38:00,370,370,370,370,0
2022-03-07 11:39:00,370,370,370,370,0
2022-03-07 11:40:00,370,370,370,370,0
2022-03-07 11:41:00,370,370,370,370,0
2022-03-07 11:42:00,370,370,370,370,0
2022-03-07 11:43:00,370,370,370,370,0
2022-03-07 11:44:00,370,370,370,370,0
2022-03-07 11:45:00,370,370,370,370,0
2022-03-07 11:46:00,370,370,370,370,0
2022-03-07 11:47:00,370,370,370,370,0
2022-03-07 11:48:00,370,370,370,370,0
2022-03-07 11:49:00,370,370,370,370,0
2022-03-07 11:50:00,370,370,370,370,0
2022-03-07 11:51:00,370,370,370,370,0
2022-03-07 11:52:00,370,370,370,370,0
2022-03-07 11:53:00,370,370,370,370,0
2022-03-07 11:54:00,370,370,370,370,0
2022-03-07 11:55:00,370,370,370,370,0
2022-03-07 11:56:00,370,370,370,370,0
2022-03-07 11:57:00,370,370,370,370,0
2022-03-07 11:58:00,370,370,370,370,0
2022-03-07 11:59:00,370,370,370,370,0
2022-03-07 12:00:00,370,370,370,370,0
2022-03-07 12:01:00,370,370,370,370,0
2022-03-07 12:02:00,370,370,370,370,0
2022-03-07 12:03:00,370,370,370,370,0
2022-03-07 12:04:00,370,370,370,370,0
2022-03-07 12:05:00,370,370,370,370,0
2022-03-07 12:06:00,370,370,370,370,0
2022-03-07 12:07:00,370,370,370,370,0
2022-03-07 12:08:00,370,370,370,370,0
2022-03-07 12:09:00,370,370,370,370,0
2022-03-07 12:10:00,370,370,370,370,0
2022-03-07 12:11:00,370,370,370,370,0
2022-03-07 12:12:00,370,370,370,370,0
2022-03-07 12:13:00,370,370,370,370,0
2022-03-07 12:14:00,370,370,370,370,0
2022-03-07 12:15:00,370,370,370,370,0
2022-03-07 12:16:00,370,370,370,370,0
2022-03-07 12:17:00,370,370,370,370,0
2022-03-07 12:18:00,370,370,370,370,0
2022-03-07 12:19:00,370,370,370,370,0
2022-03-07 12:20:00,370,370,370,370,0
2022-03-07 12:21:00,370,370,370,370,0
2022-03-07 12:22:00,370,370,370,370,0
2022-03-07 12:23:00,370,370,370,370,0
2022-03-07 12:24:00,370,370,370,370,0
2022-03-07 12:25:00,370,370,370,370,0
2022-03-07 12:26:00,370,370,370,370,0
2022-03-07 12:27:00,370,370,370,370,0
2022-03-07 12:28:00,370,370,370,370,0
2022-03-07 12:29:00,370,370,370,370,0
2022-03-07 12:30:00,370,370,370,370,0
2022-03-07 12:31:00,370,370,370,370,0
2022-03-07 12:32:00,370,370,370,370,0
2022-03-07 12:33:00,370,370,370,370,0
2022-03-07 12:34:00,370,370,370,370,0
2022-03-07 12:35:00,370,370,370,370,0
2022-03-07 12:36:00,370,370,370,370,0
2022-03-07 12:37:00,370,370,370,370,0
2022-03-07 12:38:00,370,370,370,370,0
2022-03-07 12:39:00,370,370,370,370,0
2022-03-07 12:40:00,370,370,370,370,0
2022-03-07 12:41:00,370,370,370,370,0
2022-03-07 12:42:00,370,370,370,370,0
2022-03-07 12:43:00,370,370,370,370,0
2022-03-07 12:44:00,370,370,370,370,0
2022-03-07 12:45:00,370,370,370,370,0
2022-03-07 12:46:00,370,370,370,370,0
2022-03-07 12:47:00,370,370,370,370,0
2022-03-07 12:48:00,370,370,370,370,0
2022-03-07 12:49:00,370,370,370,370,0
2022-03-07 12:50:00,370,370,370,370,0
2022-03-07 12:51:00,370,370,370,370,0
2022-03-07 12:52:00,370,370,370,370,0
2022-03-07 12:53:00,370,370,370,370,0
2022-03-07 12:54:00,370,370,370,370,0
2022-03-07 12:55:00,370,370,370,370,0
2022-03-07 12:56:00,370,370,370,370,0
2022-03-07 12:57:00,370,370,370,370,0
2022-03-07 12:58:00,370,370,370,370,0
2022-03-07 12:59:00,370,370,370,370,0
2022-03-07 13:00:00,370,370,370,370,0
2022-03-07 13:01:00,370,370,370,370,0
2022-03-07 13:02:00,370,370,370,370,0
2022-03-07 13:03:00,370,370,370,370,0
2022-03-07 13:04:00,370,370,370,370,0
2022-03-07 13:05:00,370,370,370,370,0
2022-03-07 13:06:00,370,370,370,370,0
2022-03-07 13:07:00,370,370,370,370,0
2022-03-07 13:08:00,370,370,370,370,0
2022-03-07 13:09:00,370,370,370,370,0
2022-03-07 13:10:00,370,370,370,370,0
2022-03-07 13:11:00,370,370,370,370,0
2022-03-07 13:12:00,370,370,370,370,0
2022-03-07 13:13:00,370,370,370,370,0
2022-03-07 13:14:00,370,370,370,370,0
2022-03-07 13:15:00,370,370,370,370,0
2022-03-07 13:16:00,370,370,370,370,0
2022-03-07 13:17:00,370,370,370,370,0
2022-03-07 13:18:00,370,370,370,370,0
2022-03-07 13:19:00,370,370,370,370,0
2022-03-07 13:20:00,370,370,370,370,0
2022-03-07 13:21:00,370,370,370,370,0
2022-03-07 13:22:00,370,370,370,370,0
2022-03-07 13:23:00,370,370,370,370,0
2022-03-07 13:24:00,370,370,370,370,0
2022-03-07 13:25:00,370,370,370,370,0
2022-03-07 13:26:00,370,370,370,370,0
2022-03-07 13:27:00,370,370,370,370,0
2022-03-07 13:28:00,370,370,370,370,0
2022-03-07 13:29:00,370,370,370,370,0
2022-03-07 13:30:00,378,378,378,378,100
2022-03-07 13:31:00,378,378,378,378,900
2022-03-07 13:32:00,378,378,378,378,0
2022-03-07 13:33:00,378,378,378,378,0
2022-03-07 13:34:00,378,378,378,378,0
2022-03-07 13:35:00,378,378,378,378,0
2022-03-07 13:36:00,378,378,378,378,0
2022-03-07 13:37:00,378,378,378,378,0
2022-03-07 13:38:00,380,380,380,380,4500
2022-03-07 13:39:00,380,380,380,380,0
2022-03-07 13:40:00,380,380,380,380,2200
2022-03-07 13:41:00,380,380,380,380,0
2022-03-07 13:42:00,382,382,382,382,2200
2022-03-07 13:43:00,382,382,382,382,0
2022-03-07 13:44:00,382,382,382,382,1000
2022-03-07 13:45:00,384,384,384,384,2700
2022-03-07 13:46:00,384,384,384,384,0
2022-03-07 13:47:00,384,384,384,384,0
2022-03-07 13:48:00,384,384,384,384,0
2022-03-07 13:49:00,384,384,384,384,0
2022-03-07 13:50:00,384,384,384,384,2200
2022-03-07 13:51:00,384,384,384,384,0
2022-03-07 13:52:00,386,386,386,386,1000
2022-03-07 13:53:00,386,386,386,386,0
2022-03-07 13:54:00,386,386,386,386,0
2022-03-07 13:55:00,386,386,386,386,0
2022-03-07 13:56:00,386,386,386,386,0
2022-03-07 13:57:00,386,386,386,386,2200
2022-03-07 13:58:00,386,386,386,386,0
2022-03-07 13:59:00,386,386,386,386,0
2022-03-07 14:00:00,386,386,386,386,0
2022-03-07 14:01:00,386,386,386,386,0
2022-03-07 14:02:00,386,386,388,388,2100
2022-03-07 14:03:00,388,388,388,388,3000
2022-03-07 14:04:00,388,388,388,388,0
2022-03-07 14:05:00,388,388,388,388,0
2022-03-07 14:06:00,388,388,388,388,5000
2022-03-07 14:07:00,388,388,388,388,5000
2022-03-07 14:08:00,386,386,386,386,100
2022-03-07 14:09:00,388,388,388,388,3300
2022-03-07 14:10:00,388,388,388,388,0
2022-03-07 14:11:00,390,390,396,396,9600
2022-03-07 14:12:00,396,396,398,396,12000
2022-03-07 14:13:00,396,396,396,396,400
2022-03-07 14:14:00,396,396,396,396,1000
2022-03-07 14:15:00,396,396,396,396,1600
2022-03-07 14:16:00,396,396,396,396,2000
2022-03-07 14:17:00,398,398,400,400,8600
2022-03-07 14:18:00,400,400,400,400,400
2022-03-07 14:19:00,400,400,400,400,100
2022-03-07 14:20:00,400,400,400,400,500
2022-03-07 14:21:00,400,400,400,400,100
2022-03-07 14:22:00,400,400,400,400,1700
2022-03-07 14:23:00,398,398,398,398,500
2022-03-07 14:24:00,400,400,400,400,100
2022-03-07 14:25:00,400,400,400,400,0
2022-03-07 14:26:00,400,400,400,400,0
2022-03-07 14:27:00,400,398,400,398,2600
2022-03-07 14:28:00,400,400,400,400,100
2022-03-07 14:29:00,400,400,400,400,0
2022-03-07 14:30:00,400,400,400,400,0
2022-03-07 14:31:00,400,400,400,400,0
2022-03-07 14:32:00,400,400,400,400,8700
2022-03-07 14:33:00,400,400,400,400,100
2022-03-07 14:34:00,400,400,400,400,10000
2022-03-07 14:35:00,400,400,404,404,6000
2022-03-07 14:36:00,404,402,404,402,3300
2022-03-07 14:37:00,404,402,404,402,0
2022-03-07 14:38:00,402,402,402,402,600
2022-03-07 14:39:00,404,404,404,404,2700
2022-03-07 14:40:00,404,404,404,404,0
2022-03-07 14:41:00,402,402,406,406,10300
2022-03-07 14:42:00,404,404,404,404,200
2022-03-07 14:43:00,402,402,402,402,1500
2022-03-07 14:44:00,402,402,402,402,1600
2022-03-07 14:45:00,402,402,402,402,0
2022-03-07 14:46:00,402,402,402,402,0
2022-03-07 14:47:00,402,402,402,402,0
2022-03-07 14:48:00,402,402,402,402,0
2022-03-07 14:49:00,402,402,402,402,0
2022-03-07 14:50:00,402,402,402,402,0
2022-03-07 14:51:00,402,402,402,402,0
2022-03-07 14:52:00,402,402,402,402,0
2022-03-07 14:53:00,402,402,402,402,0
2022-03-07 14:54:00,402,402,402,402,0
2022-03-07 14:55:00,402,402,402,402,0
2022-03-07 14:56:00,402,402,402,402,0
2022-03-07 14:57:00,402,402,402,402,0
2022-03-07 14:58:00,402,402,402,402,0
2022-03-07 14:59:00,402,402,402,402,0
2022-03-07 15:00:00,400,400,400,400,3000
2022-03-07 15:01:00,400,400,400,400,0
2022-03-07 15:02:00,400,400,400,400,0
2022-03-07 15:03:00,400,400,400,400,700
2022-03-07 15:04:00,400,400,400,400,0
2022-03-07 15:05:00,400,400,400,400,0
2022-03-07 15:06:00,400,400,400,400,0
2022-03-07 15:07:00,400,400,400,400,0
2022-03-07 15:08:00,400,400,400,400,0
2022-03-07 15:09:00,400,400,400,400,0
2022-03-07 15:10:00,400,400,400,400,0
2022-03-07 15:11:00,400,400,400,400,0
2022-03-07 15:12:00,400,400,400,400,0
2022-03-07 15:13:00,400,400,400,400,1000
2022-03-07 15:14:00,400,400,400,400,0
2022-03-07 15:15:00,400,400,400,400,0
2022-03-07 15:16:00,400,400,400,400,0
2022-03-07 15:17:00,400,400,400,400,0
2022-03-07 15:18:00,400,400,400,400,0
2022-03-07 15:19:00,400,400,400,400,0
2022-03-07 15:20:00,400,400,400,400,0
2022-03-07 15:21:00,400,400,400,400,0
2022-03-07 15:22:00,400,400,400,400,0
2022-03-07 15:23:00,400,400,400,400,0
2022-03-07 15:24:00,400,400,400,400,0
2022-03-07 15:25:00,400,400,400,400,0
2022-03-07 15:26:00,400,400,400,400,0
2022-03-07 15:27:00,400,400,400,400,0
2022-03-07 15:28:00,400,400,400,400,0
2022-03-07 15:29:00,400,400,400,400,0
2022-03-07 15:30:00,400,400,400,400,0
2022-03-07 15:31:00,400,400,400,400,0
2022-03-07 15:32:00,400,400,400,400,0
2022-03-07 15:33:00,400,400,400,400,0
2022-03-07 15:34:00,400,400,400,400,0
2022-03-07 15:35:00,400,400,400,400,0
2022-03-07 15:36:00,400,400,400,400,0
2022-03-07 15:37:00,400,400,400,400,0
2022-03-07 15:38:00,400,400,400,400,0
2022-03-07 15:39:00,400,400,400,400,0
2022-03-07 15:40:00,400,400,400,400,0
2022-03-07 15:41:00,400,400,400,400,0
2022-03-07 15:42:00,400,400,400,400,0
2022-03-07 15:43:00,400,400,400,400,0
2022-03-07 15:44:00,400,400,400,400,0
2022-03-07 15:45:00,400,400,400,400,0
2022-03-07 15:46:00,400,400,400,400,0
2022-03-07 15:47:00,400,400,400,400,0
2022-03-07 15:48:00,400,400,400,400,0
2022-03-07 15:49:00,400,400,400,400,0
2022-03-07 15:50:00,400,400,400,400,0
2022-03-07 15:51:00,400,400,400,400,0
2022-03-07 15:52:00,400,400,400,400,0
2022-03-07 15:53:00,400,400,400,400,0
2022-03-07 15:54:00,400,400,400,400,0
2022-03-07 15:55:00,400,400,400,400,0
2022-03-07 15:56:00,400,400,400,400,0
2022-03-07 15:57:00,400,400,400,400,0
2022-03-07 15:58:00,400,400,400,400,0
2022-03-07 15:59:00,400,400,400,400,0
2022-03-08 09:00:00,404,402,404,402,0
2022-03-08 09:01:00,402,402,402,402,28100
2022-03-08 09:02:00,404,404,404,404,100
2022-03-08 09:03:00,402,402,402,402,300
2022-03-08 09:04:00,402,402,402,402,0
2022-03-08 09:05:00,400,400,400,400,20000
2022-03-08 09:06:00,400,400,400,400,49500
2022-03-08 09:07:00,400,400,400,400,13700
2022-03-08 09:08:00,400,400,400,400,6500
2022-03-08 09:09:00,400,400,400,400,1500
2022-03-08 09:10:00,400,400,400,400,100
2022-03-08 09:11:00,400,400,400,400,4700
2022-03-08 09:12:00,400,400,400,400,13700
2022-03-08 09:13:00,396,396,396,396,100
2022-03-08 09:14:00,390,390,390,390,10000
2022-03-08 09:15:00,390,390,390,390,3300
2022-03-08 09:16:00,386,386,386,386,1300
2022-03-08 09:17:00,386,386,386,386,6700
2022-03-08 09:18:00,386,386,386,386,0
2022-03-08 09:19:00,388,388,388,388,4300
2022-03-08 09:20:00,388,388,388,388,200
2022-03-08 09:21:00,388,388,388,388,0
2022-03-08 09:22:00,388,388,388,388,0
2022-03-08 09:23:00,388,388,388,388,0
2022-03-08 09:24:00,388,388,388,388,0
2022-03-08 09:25:00,388,388,388,388,0
2022-03-08 09:26:00,388,388,388,388,100
2022-03-08 09:27:00,388,388,388,388,0
2022-03-08 09:28:00,388,388,388,388,0
2022-03-08 09:29:00,388,388,388,388,0
2022-03-08 09:30:00,390,390,390,390,1000
2022-03-08 09:31:00,390,390,390,390,0
2022-03-08 09:32:00,388,388,388,388,1600
2022-03-08 09:33:00,388,388,388,388,0
2022-03-08 09:34:00,388,388,388,388,0
2022-03-08 09:35:00,386,386,386,386,1100
2022-03-08 09:36:00,386,386,386,386,0
2022-03-08 09:37:00,386,386,386,386,0
2022-03-08 09:38:00,386,386,386,386,0
2022-03-08 09:39:00,386,386,386,386,0
2022-03-08 09:40:00,386,386,386,386,1000
2022-03-08 09:41:00,386,386,386,386,0
2022-03-08 09:42:00,386,386,386,386,1200
2022-03-08 09:43:00,386,386,386,386,0
2022-03-08 09:44:00,386,386,386,386,0
2022-03-08 09:45:00,388,388,388,388,1000
2022-03-08 09:46:00,388,388,388,388,0
2022-03-08 09:47:00,388,388,388,388,0
2022-03-08 09:48:00,388,388,388,388,0
2022-03-08 09:49:00,388,388,388,388,0
2022-03-08 09:50:00,388,388,388,388,0
2022-03-08 09:51:00,388,388,388,388,0
2022-03-08 09:52:00,390,390,390,390,100
2022-03-08 09:53:00,390,390,390,390,0
2022-03-08 09:54:00,390,390,390,390,0
2022-03-08 09:55:00,390,390,390,390,0
2022-03-08 09:56:00,398,398,398,398,2400
2022-03-08 09:57:00,398,398,398,398,0
2022-03-08 09:58:00,398,398,398,398,0
2022-03-08 09:59:00,398,398,398,398,0
2022-03-08 10:00:00,398,398,398,398,0
2022-03-08 10:01:00,398,398,398,398,4900
2022-03-08 10:02:00,398,398,398,398,0
2022-03-08 10:03:00,398,398,398,398,0
2022-03-08 10:04:00,398,398,398,398,0
2022-03-08 10:05:00,398,398,398,398,0
2022-03-08 10:06:00,398,398,398,398,0
2022-03-08 10:07:00,398,398,398,398,0
2022-03-08 10:08:00,398,398,398,398,0
2022-03-08 10:09:00,398,398,398,398,0
2022-03-08 10:10:00,398,398,398,398,0
2022-03-08 10:11:00,398,398,398,398,0
2022-03-08 10:12:00,398,398,398,398,0
2022-03-08 10:13:00,398,398,398,398,0
2022-03-08 10:14:00,386,386,386,386,100
2022-03-08 10:15:00,386,386,386,386,0
2022-03-08 10:16:00,386,386,386,386,0
2022-03-08 10:17:00,386,386,386,386,0
2022-03-08 10:18:00,386,386,386,386,0
2022-03-08 10:19:00,390,390,390,390,500
2022-03-08 10:20:00,390,390,390,390,0
2022-03-08 10:21:00,390,390,390,390,0
2022-03-08 10:22:00,390,390,390,390,0
2022-03-08 10:23:00,390,390,390,390,0
2022-03-08 10:24:00,390,390,390,390,0
2022-03-08 10:25:00,390,390,390,390,0
2022-03-08 10:26:00,390,390,390,390,0
2022-03-08 10:27:00,390,390,390,390,0
2022-03-08 10:28:00,390,390,390,390,0
2022-03-08 10:29:00,396,386,396,386,1800
2022-03-08 10:30:00,396,386,396,386,0
2022-03-08 10:31:00,396,386,396,386,0
2022-03-08 10:32:00,396,386,396,386,0
2022-03-08 10:33:00,396,386,396,386,0
2022-03-08 10:34:00,386,386,386,386,1000
2022-03-08 10:35:00,386,386,386,386,0
2022-03-08 10:36:00,386,386,386,386,0
2022-03-08 10:37:00,396,396,396,396,0
2022-03-08 10:38:00,396,396,396,396,0
2022-03-08 10:39:00,396,396,396,396,0
2022-03-08 10:40:00,396,396,396,396,0
2022-03-08 10:41:00,396,396,396,396,0
2022-03-08 10:42:00,396,396,396,396,0
2022-03-08 10:43:00,396,396,396,396,0
2022-03-08 10:44:00,396,396,396,396,0
2022-03-08 10:45:00,396,396,396,396,0
2022-03-08 10:46:00,396,396,396,396,0
2022-03-08 10:47:00,396,396,396,396,0
2022-03-08 10:48:00,396,396,396,396,0
2022-03-08 10:49:00,396,396,396,396,0
2022-03-08 10:50:00,396,396,396,396,0
2022-03-08 10:51:00,396,396,396,396,0
2022-03-08 10:52:00,396,396,396,396,0
2022-03-08 10:53:00,396,396,396,396,0
2022-03-08 10:54:00,396,396,396,396,0
2022-03-08 10:55:00,396,396,396,396,0
2022-03-08 10:56:00,396,396,396,396,0
2022-03-08 10:57:00,396,396,396,396,0
2022-03-08 10:58:00,396,396,396,396,0
2022-03-08 10:59:00,396,396,396,396,0
2022-03-08 11:00:00,396,396,396,396,0
2022-03-08 11:01:00,396,396,396,396,0
2022-03-08 11:02:00,396,396,396,396,0
2022-03-08 11:03:00,396,396,396,396,0
2022-03-08 11:04:00,396,396,396,396,0
2022-03-08 11:05:00,396,396,396,396,0
2022-03-08 11:06:00,396,396,396,396,0
2022-03-08 11:07:00,396,396,396,396,0
2022-03-08 11:08:00,396,396,396,396,0
2022-03-08 11:09:00,396,396,396,396,0
2022-03-08 11:10:00,396,396,396,396,0
2022-03-08 11:11:00,396,396,396,396,0
2022-03-08 11:12:00,396,396,396,396,0
2022-03-08 11:13:00,396,396,396,396,0
2022-03-08 11:14:00,396,396,396,396,0
2022-03-08 11:15:00,396,396,396,396,0
2022-03-08 11:16:00,396,396,396,396,0
2022-03-08 11:17:00,396,396,396,396,0
2022-03-08 11:18:00,396,396,396,396,0
2022-03-08 11:19:00,396,396,396,396,0
2022-03-08 11:20:00,396,396,396,396,0
2022-03-08 11:21:00,396,396,396,396,0
2022-03-08 11:22:00,396,396,396,396,0
2022-03-08 11:23:00,396,396,396,396,0
2022-03-08 11:24:00,396,396,396,396,0
2022-03-08 11:25:00,396,396,396,396,0
2022-03-08 11:26:00,394,394,394,394,185500
2022-03-08 11:27:00,394,394,394,394,0
2022-03-08 11:28:00,394,394,394,394,0
2022-03-08 11:29:00,394,394,394,394,0
2022-03-08 11:30:00,394,394,394,394,0
2022-03-08 11:31:00,394,394,394,394,0
2022-03-08 11:32:00,394,394,394,394,0
2022-03-08 11:33:00,394,394,394,394,0
2022-03-08 11:34:00,394,394,394,394,0
2022-03-08 11:35:00,394,394,394,394,0
2022-03-08 11:36:00,394,394,394,394,0
2022-03-08 11:37:00,394,394,394,394,0
2022-03-08 11:38:00,394,394,394,394,0
2022-03-08 11:39:00,394,394,394,394,0
2022-03-08 11:40:00,394,394,394,394,0
2022-03-08 11:41:00,394,394,394,394,0
2022-03-08 11:42:00,394,394,394,394,0
2022-03-08 11:43:00,394,394,394,394,0
2022-03-08 11:44:00,394,394,394,394,0
2022-03-08 11:45:00,394,394,394,394,0
2022-03-08 11:46:00,394,394,394,394,0
2022-03-08 11:47:00,394,394,394,394,0
2022-03-08 11:48:00,394,394,394,394,0
2022-03-08 11:49:00,394,394,394,394,0
2022-03-08 11:50:00,394,394,394,394,0
2022-03-08 11:51:00,394,394,394,394,0
2022-03-08 11:52:00,394,394,394,394,0
2022-03-08 11:53:00,394,394,394,394,0
2022-03-08 11:54:00,394,394,394,394,0
2022-03-08 11:55:00,394,394,394,394,0
2022-03-08 11:56:00,394,394,394,394,0
2022-03-08 11:57:00,394,394,394,394,0
2022-03-08 11:58:00,394,394,394,394,0
2022-03-08 11:59:00,394,394,394,394,0
2022-03-08 12:00:00,394,394,394,394,0
2022-03-08 12:01:00,394,394,394,394,0
2022-03-08 12:02:00,394,394,394,394,0
2022-03-08 12:03:00,394,394,394,394,0
2022-03-08 12:04:00,394,394,394,394,0
2022-03-08 12:05:00,394,394,394,394,0
2022-03-08 12:06:00,394,394,394,394,0
2022-03-08 12:07:00,394,394,394,394,0
2022-03-08 12:08:00,394,394,394,394,0
2022-03-08 12:09:00,394,394,394,394,0
2022-03-08 12:10:00,394,394,394,394,0
2022-03-08 12:11:00,394,394,394,394,0
2022-03-08 12:12:00,394,394,394,394,0
2022-03-08 12:13:00,394,394,394,394,0
2022-03-08 12:14:00,394,394,394,394,0
2022-03-08 12:15:00,394,394,394,394,0
2022-03-08 12:16:00,394,394,394,394,0
2022-03-08 12:17:00,394,394,394,394,0
2022-03-08 12:18:00,394,394,394,394,0
2022-03-08 12:19:00,394,394,394,394,0
2022-03-08 12:20:00,394,394,394,394,0
2022-03-08 12:21:00,394,394,394,394,0
2022-03-08 12:22:00,394,394,394,394,0
2022-03-08 12:23:00,394,394,394,394,0
2022-03-08 12:24:00,394,394,394,394,0
2022-03-08 12:25:00,394,394,394,394,0
2022-03-08 12:26:00,394,394,394,394,0
2022-03-08 12:27:00,394,394,394,394,0
2022-03-08 12:28:00,394,394,394,394,0
2022-03-08 12:29:00,394,394,394,394,0
2022-03-08 12:30:00,394,394,394,394,0
2022-03-08 12:31:00,394,394,394,394,0
2022-03-08 12:32:00,394,394,394,394,0
2022-03-08 12:33:00,394,394,394,394,0
2022-03-08 12:34:00,394,394,394,394,0
2022-03-08 12:35:00,394,394,394,394,0
2022-03-08 12:36:00,394,394,394,394,0
2022-03-08 12:37:00,394,394,394,394,0
2022-03-08 12:38:00,394,394,394,394,0
2022-03-08 12:39:00,394,394,394,394,0
2022-03-08 12:40:00,394,394,394,394,0
2022-03-08 12:41:00,394,394,394,394,0
2022-03-08 12:42:00,394,394,394,394,0
2022-03-08 12:43:00,394,394,394,394,0
2022-03-08 12:44:00,394,394,394,394,0
2022-03-08 12:45:00,394,394,394,394,0
2022-03-08 12:46:00,394,394,394,394,0
2022-03-08 12:47:00,394,394,394,394,0
2022-03-08 12:48:00,394,394,394,394,0
2022-03-08 12:49:00,394,394,394,394,0
2022-03-08 12:50:00,394,394,394,394,0
2022-03-08 12:51:00,394,394,394,394,0
2022-03-08 12:52:00,394,394,394,394,0
2022-03-08 12:53:00,394,394,394,394,0
2022-03-08 12:54:00,394,394,394,394,0
2022-03-08 12:55:00,394,394,394,394,0
2022-03-08 12:56:00,394,394,394,394,0
2022-03-08 12:57:00,394,394,394,394,0
2022-03-08 12:58:00,394,394,394,394,0
2022-03-08 12:59:00,394,394,394,394,0
2022-03-08 13:00:00,394,394,394,394,0
2022-03-08 13:01:00,394,394,394,394,0
2022-03-08 13:02:00,394,394,394,394,0
2022-03-08 13:03:00,394,394,394,394,0
2022-03-08 13:04:00,394,394,394,394,0
2022-03-08 13:05:00,394,394,394,394,0
2022-03-08 13:06:00,394,394,394,394,0
2022-03-08 13:07:00,394,394,394,394,0
2022-03-08 13:08:00,394,394,394,394,0
2022-03-08 13:09:00,394,394,394,394,0
2022-03-08 13:10:00,394,394,394,394,0
2022-03-08 13:11:00,394,394,394,394,0
2022-03-08 13:12:00,394,394,394,394,0
2022-03-08 13:13:00,394,394,394,394,0
2022-03-08 13:14:00,394,394,394,394,0
2022-03-08 13:15:00,394,394,394,394,0
2022-03-08 13:16:00,394,394,394,394,0
2022-03-08 13:17:00,394,394,394,394,0
2022-03-08 13:18:00,394,394,394,394,0
2022-03-08 13:19:00,394,394,394,394,0
2022-03-08 13:20:00,394,394,394,394,0
2022-03-08 13:21:00,394,394,394,394,0
2022-03-08 13:22:00,394,394,394,394,0
2022-03-08 13:23:00,394,394,394,394,0
2022-03-08 13:24:00,394,394,394,394,0
2022-03-08 13:25:00,394,394,394,394,0
2022-03-08 13:26:00,394,394,394,394,0
2022-03-08 13:27:00,394,394,394,394,0
2022-03-08 13:28:00,394,394,394,394,0
2022-03-08 13:29:00,394,394,394,394,0
2022-03-08 13:30:00,394,394,394,394,0
2022-03-08 13:31:00,394,394,394,394,0
2022-03-08 13:32:00,394,394,394,394,0
2022-03-08 13:33:00,394,394,394,394,0
2022-03-08 13:34:00,394,394,394,394,0
2022-03-08 13:35:00,394,394,394,394,0
2022-03-08 13:36:00,394,394,394,394,0
2022-03-08 13:37:00,394,394,394,394,0
2022-03-08 13:38:00,394,394,394,394,0
2022-03-08 13:39:00,394,394,394,394,0
2022-03-08 13:40:00,394,394,394,394,0
2022-03-08 13:41:00,394,394,394,394,0
2022-03-08 13:42:00,394,394,394,394,0
2022-03-08 13:43:00,394,394,394,394,0
2022-03-08 13:44:00,394,394,394,394,0
2022-03-08 13:45:00,394,394,394,394,0
2022-03-08 13:46:00,394,394,394,394,0
2022-03-08 13:47:00,394,394,394,394,0
2022-03-08 13:48:00,386,386,386,386,4800
2022-03-08 13:49:00,386,386,386,386,0
2022-03-08 13:50:00,386,386,386,386,0
2022-03-08 13:51:00,386,386,386,386,0
2022-03-08 13:52:00,384,384,384,384,1500
2022-03-08 13:53:00,384,384,384,384,0
2022-03-08 13:54:00,386,386,386,386,2500
2022-03-08 13:55:00,386,386,386,386,0
2022-03-08 13:56:00,386,386,386,386,0
2022-03-08 13:57:00,386,386,386,386,0
2022-03-08 13:58:00,382,378,382,378,5500
2022-03-08 13:59:00,378,378,378,378,4700
2022-03-08 14:00:00,378,378,378,378,0
2022-03-08 14:01:00,382,382,382,382,2400
2022-03-08 14:02:00,382,382,382,382,1000
2022-03-08 14:03:00,382,382,382,382,0
2022-03-08 14:04:00,382,382,382,382,0
2022-03-08 14:05:00,382,382,382,382,0
2022-03-08 14:06:00,382,382,382,382,0
2022-03-08 14:07:00,382,382,382,382,0
2022-03-08 14:08:00,382,382,382,382,0
2022-03-08 14:09:00,382,382,382,382,0
2022-03-08 14:10:00,382,382,382,382,0
2022-03-08 14:11:00,382,382,382,382,0
2022-03-08 14:12:00,382,382,382,382,0
2022-03-08 14:13:00,382,382,382,382,0
2022-03-08 14:14:00,382,382,382,382,0
2022-03-08 14:15:00,382,382,382,382,0
2022-03-08 14:16:00,382,382,382,382,0
2022-03-08 14:17:00,382,382,382,382,0
2022-03-08 14:18:00,382,382,382,382,0
2022-03-08 14:19:00,382,382,382,382,0
2022-03-08 14:20:00,382,382,382,382,0
2022-03-08 14:21:00,382,382,382,382,0
2022-03-08 14:22:00,382,382,382,382,0
2022-03-08 14:23:00,382,382,382,382,0
2022-03-08 14:24:00,382,382,382,382,0
2022-03-08 14:25:00,382,382,382,382,0
2022-03-08 14:26:00,382,382,382,382,0
2022-03-08 14:27:00,382,382,382,382,0
2022-03-08 14:28:00,382,382,382,382,0
2022-03-08 14:29:00,382,382,382,382,0
2022-03-08 14:30:00,382,382,382,382,0
2022-03-08 14:31:00,382,382,382,382,0
2022-03-08 14:32:00,382,382,382,382,0
2022-03-08 14:33:00,382,382,382,382,0
2022-03-08 14:34:00,378,376,378,376,12500
2022-03-08 14:35:00,376,376,376,376,8800
2022-03-08 14:36:00,376,376,376,376,0
2022-03-08 14:37:00,376,376,376,376,0
2022-03-08 14:38:00,376,376,376,376,2500
2022-03-08 14:39:00,376,376,376,376,0
2022-03-08 14:40:00,376,376,376,376,0
2022-03-08 14:41:00,374,374,374,374,1000
2022-03-08 14:42:00,374,374,374,374,0
2022-03-08 14:43:00,374,374,374,374,0
2022-03-08 14:44:00,374,374,374,374,0
2022-03-08 14:45:00,374,374,374,374,0
2022-03-08 14:46:00,374,374,374,374,0
2022-03-08 14:47:00,374,374,374,374,0
2022-03-08 14:48:00,374,374,374,374,0
2022-03-08 14:49:00,374,374,374,374,0
2022-03-08 14:50:00,374,374,374,374,0
2022-03-08 14:51:00,374,374,374,374,0
2022-03-08 14:52:00,374,374,374,374,0
2022-03-08 14:53:00,374,374,374,374,0
2022-03-08 14:54:00,374,374,374,374,0
2022-03-08 14:55:00,374,374,374,374,0
2022-03-08 14:56:00,374,374,374,374,0
2022-03-08 14:57:00,374,374,374,374,0
2022-03-08 14:58:00,374,374,374,374,0
2022-03-08 14:59:00,374,374,374,374,0
2022-03-08 15:00:00,374,374,374,374,1300
2022-03-08 15:01:00,374,374,374,374,0
2022-03-08 15:02:00,374,374,374,374,0
2022-03-08 15:03:00,374,374,374,374,0
2022-03-08 15:04:00,374,374,374,374,0
2022-03-08 15:05:00,374,374,374,374,0
2022-03-08 15:06:00,374,374,374,374,0
2022-03-08 15:07:00,374,374,374,374,0
2022-03-08 15:08:00,374,374,374,374,0
2022-03-08 15:09:00,374,374,374,374,0
2022-03-08 15:10:00,374,374,374,374,0
2022-03-08 15:11:00,374,374,374,374,0
2022-03-08 15:12:00,374,374,374,374,0
2022-03-08 15:13:00,374,374,374,374,0
2022-03-08 15:14:00,374,374,374,374,7400
2022-03-08 15:15:00,374,374,374,374,0
2022-03-08 15:16:00,374,374,374,374,0
2022-03-08 15:17:00,374,374,374,374,0
2022-03-08 15:18:00,374,374,374,374,0
2022-03-08 15:19:00,374,374,374,374,0
2022-03-08 15:20:00,374,374,374,374,0
2022-03-08 15:21:00,374,374,374,374,0
2022-03-08 15:22:00,374,374,374,374,0
2022-03-08 15:23:00,374,374,374,374,0
2022-03-08 15:24:00,374,374,374,374,0
2022-03-08 15:25:00,374,374,374,374,0
2022-03-08 15:26:00,374,374,374,374,0
2022-03-08 15:27:00,374,374,374,374,0
2022-03-08 15:28:00,374,374,374,374,0
2022-03-08 15:29:00,374,374,374,374,0
2022-03-08 15:30:00,374,374,374,374,0
2022-03-08 15:31:00,374,374,374,374,0
2022-03-08 15:32:00,374,374,374,374,0
2022-03-08 15:33:00,374,374,374,374,0
2022-03-08 15:34:00,374,374,374,374,0
2022-03-08 15:35:00,374,374,374,374,0
2022-03-08 15:36:00,374,374,374,374,0
2022-03-08 15:37:00,374,374,374,374,0
2022-03-08 15:38:00,374,374,374,374,0
2022-03-08 15:39:00,374,374,374,374,0
2022-03-08 15:40:00,374,374,374,374,0
2022-03-08 15:41:00,374,374,374,374,0
2022-03-08 15:42:00,374,374,374,374,0
2022-03-08 15:43:00,374,374,374,374,0
2022-03-08 15:44:00,374,374,374,374,0
2022-03-08 15:45:00,374,374,374,374,0
2022-03-08 15:46:00,374,374,374,374,0
2022-03-08 15:47:00,374,374,374,374,0
2022-03-08 15:48:00,374,374,374,374,0
2022-03-08 15:49:00,374,374,374,374,0
2022-03-08 15:50:00,374,374,374,374,0
2022-03-08 15:51:00,374,374,374,374,0
2022-03-08 15:52:00,374,374,374,374,0
2022-03-08 15:53:00,374,374,374,374,0
2022-03-08 15:54:00,374,374,374,374,0
2022-03-08 15:55:00,374,374,374,374,0
2022-03-08 15:56:00,374,374,374,374,0
2022-03-08 15:57:00,374,374,374,374,0
2022-03-08 15:58:00,374,374,374,374,0
2022-03-08 15:59:00,374,374,374,374,0
2022-03-09 09:00:00,374,374,374,374,0
2022-03-09 09:01:00,374,374,374,374,0
2022-03-09 09:02:00,374,374,374,374,0
2022-03-09 09:03:00,374,374,374,374,0
2022-03-09 09:04:00,374,374,374,374,3100
2022-03-09 09:05:00,374,374,374,374,0
2022-03-09 09:06:00,374,374,374,374,0
2022-03-09 09:07:00,374,374,374,374,0
2022-03-09 09:08:00,374,374,374,374,0
2022-03-09 09:09:00,374,374,374,374,0
2022-03-09 09:10:00,374,366,374,366,3400
2022-03-09 09:11:00,374,366,374,366,0
2022-03-09 09:12:00,374,366,374,366,0
2022-03-09 09:13:00,374,366,374,366,0
2022-03-09 09:14:00,374,366,374,366,0
2022-03-09 09:15:00,374,366,374,366,0
2022-03-09 09:16:00,374,366,374,366,0
2022-03-09 09:17:00,374,366,374,366,0
2022-03-09 09:18:00,374,366,374,366,0
2022-03-09 09:19:00,374,366,374,366,0
2022-03-09 09:20:00,374,366,374,366,0
2022-03-09 09:21:00,374,366,374,366,0
2022-03-09 09:22:00,374,366,374,366,0
2022-03-09 09:23:00,374,366,374,366,0
2022-03-09 09:24:00,374,366,374,366,0
2022-03-09 09:25:00,370,370,370,370,100
2022-03-09 09:26:00,370,370,370,370,100
2022-03-09 09:27:00,370,370,370,370,0
2022-03-09 09:28:00,370,370,370,370,1700
2022-03-09 09:29:00,370,370,370,370,800
2022-03-09 09:30:00,370,370,370,370,0
2022-03-09 09:31:00,370,370,370,370,0
2022-03-09 09:32:00,370,370,370,370,0
2022-03-09 09:33:00,370,370,370,370,0
2022-03-09 09:34:00,370,370,370,370,0
2022-03-09 09:35:00,370,370,370,370,0
2022-03-09 09:36:00,370,370,370,370,0
2022-03-09 09:37:00,370,370,370,370,0
2022-03-09 09:38:00,370,370,370,370,0
2022-03-09 09:39:00,370,370,370,370,0
2022-03-09 09:40:00,370,370,370,370,0
2022-03-09 09:41:00,370,370,370,370,0
2022-03-09 09:42:00,370,370,370,370,0
2022-03-09 09:43:00,370,370,370,370,0
2022-03-09 09:44:00,384,384,384,384,1000
2022-03-09 09:45:00,384,384,384,384,0
2022-03-09 09:46:00,384,384,384,384,0
2022-03-09 09:47:00,384,384,384,384,0
2022-03-09 09:48:00,388,388,388,388,1000
2022-03-09 09:49:00,388,388,388,388,0
2022-03-09 09:50:00,388,388,388,388,0
2022-03-09 09:51:00,388,388,388,388,0
2022-03-09 09:52:00,388,388,388,388,0
2022-03-09 09:53:00,388,388,388,388,0
2022-03-09 09:54:00,388,388,388,388,0
2022-03-09 09:55:00,388,388,388,388,0
2022-03-09 09:56:00,388,388,388,388,0
2022-03-09 09:57:00,388,388,388,388,0
2022-03-09 09:58:00,388,388,388,388,0
2022-03-09 09:59:00,388,388,388,388,0
2022-03-09 10:00:00,388,388,388,388,0
2022-03-09 10:01:00,388,388,388,388,0
2022-03-09 10:02:00,388,388,388,388,0
2022-03-09 10:03:00,388,388,388,388,0
2022-03-09 10:04:00,388,388,388,388,0
2022-03-09 10:05:00,388,388,388,388,0
2022-03-09 10:06:00,388,388,388,388,0
2022-03-09 10:07:00,388,388,388,388,0
2022-03-09 10:08:00,388,388,388,388,0
2022-03-09 10:09:00,388,388,388,388,0
2022-03-09 10:10:00,388,388,388,388,0
2022-03-09 10:11:00,380,380,380,380,800
2022-03-09 10:12:00,380,380,380,380,0
2022-03-09 10:13:00,380,380,380,380,0
2022-03-09 10:14:00,380,380,380,380,0
2022-03-09 10:15:00,380,380,380,380,0
2022-03-09 10:16:00,380,380,380,380,0
2022-03-09 10:17:00,380,380,380,380,0
2022-03-09 10:18:00,380,380,386,386,800
2022-03-09 10:19:00,386,386,388,388,1400
2022-03-09 10:20:00,386,386,388,388,0
2022-03-09 10:21:00,386,386,388,388,0
2022-03-09 10:22:00,386,386,388,388,0
2022-03-09 10:23:00,386,386,388,388,0
2022-03-09 10:24:00,386,386,388,388,0
2022-03-09 10:25:00,386,386,388,388,0
2022-03-09 10:26:00,386,386,388,388,0
2022-03-09 10:27:00,386,386,388,388,0
2022-03-09 10:28:00,386,386,388,388,0
2022-03-09 10:29:00,386,386,388,388,0
2022-03-09 10:30:00,372,372,372,372,500
2022-03-09 10:31:00,372,372,372,372,600
2022-03-09 10:32:00,372,372,372,372,0
2022-03-09 10:33:00,372,372,372,372,0
2022-03-09 10:34:00,372,372,372,372,0
2022-03-09 10:35:00,372,372,372,372,0
2022-03-09 10:36:00,372,372,372,372,0
2022-03-09 10:37:00,372,372,372,372,0
2022-03-09 10:38:00,372,372,372,372,0
2022-03-09 10:39:00,372,372,372,372,0
2022-03-09 10:40:00,372,372,372,372,0
2022-03-09 10:41:00,372,372,372,372,0
2022-03-09 10:42:00,372,372,372,372,0
2022-03-09 10:43:00,372,372,372,372,0
2022-03-09 10:44:00,372,372,372,372,0
2022-03-09 10:45:00,370,370,370,370,600
2022-03-09 10:46:00,370,370,370,370,0
2022-03-09 10:47:00,370,370,370,370,0
2022-03-09 10:48:00,370,370,370,370,0
2022-03-09 10:49:00,370,370,370,370,0
2022-03-09 10:50:00,370,370,370,370,0
2022-03-09 10:51:00,370,370,370,370,0
2022-03-09 10:52:00,370,370,370,370,0
2022-03-09 10:53:00,370,370,370,370,0
2022-03-09 10:54:00,370,370,370,370,0
2022-03-09 10:55:00,370,370,370,370,0
2022-03-09 10:56:00,370,370,370,370,0
2022-03-09 10:57:00,370,370,370,370,0
2022-03-09 10:58:00,370,370,370,370,0
2022-03-09 10:59:00,370,370,370,370,0
2022-03-09 11:00:00,370,370,370,370,0
2022-03-09 11:01:00,370,370,370,370,0
2022-03-09 11:02:00,370,370,370,370,0
2022-03-09 11:03:00,370,370,370,370,0
2022-03-09 11:04:00,370,370,370,370,0
2022-03-09 11:05:00,370,370,370,370,0
2022-03-09 11:06:00,370,370,370,370,0
2022-03-09 11:07:00,370,370,370,370,0
2022-03-09 11:08:00,370,370,370,370,0
2022-03-09 11:09:00,370,370,370,370,0
2022-03-09 11:10:00,370,370,370,370,0
2022-03-09 11:11:00,370,370,370,370,0
2022-03-09 11:12:00,370,370,370,370,0
2022-03-09 11:13:00,370,370,370,370,0
2022-03-09 11:14:00,370,370,370,370,0
2022-03-09 11:15:00,370,370,370,370,0
2022-03-09 11:16:00,370,370,370,370,0
2022-03-09 11:17:00,370,370,370,370,0
2022-03-09 11:18:00,370,370,370,370,0
2022-03-09 11:19:00,370,370,370,370,0
2022-03-09 11:20:00,370,370,370,370,0
2022-03-09 11:21:00,370,370,370,370,0
2022-03-09 11:22:00,370,370,370,370,0
2022-03-09 11:23:00,370,370,370,370,0
2022-03-09 11:24:00,370,370,370,370,0
2022-03-09 11:25:00,370,370,370,370,0
2022-03-09 11:26:00,370,370,370,370,0
2022-03-09 11:27:00,370,370,370,370,0
2022-03-09 11:28:00,370,370,370,370,0
2022-03-09 11:29:00,370,370,370,370,0
2022-03-09 11:30:00,370,370,370,370,0
2022-03-09 11:31:00,370,370,370,370,0
2022-03-09 11:32:00,370,370,370,370,0
2022-03-09 11:33:00,370,370,370,370,0
2022-03-09 11:34:00,370,370,370,370,0
2022-03-09 11:35:00,370,370,370,370,0
2022-03-09 11:36:00,370,370,370,370,0
2022-03-09 11:37:00,370,370,370,370,0
2022-03-09 11:38:00,370,370,370,370,0
2022-03-09 11:39:00,370,370,370,370,0
2022-03-09 11:40:00,370,370,370,370,0
2022-03-09 11:41:00,370,370,370,370,0
2022-03-09 11:42:00,370,370,370,370,0
2022-03-09 11:43:00,370,370,370,370,0
2022-03-09 11:44:00,370,370,370,370,0
2022-03-09 11:45:00,370,370,370,370,0
2022-03-09 11:46:00,370,370,370,370,0
2022-03-09 11:47:00,370,370,370,370,0
2022-03-09 11:48:00,370,370,370,370,0
2022-03-09 11:49:00,370,370,370,370,0
2022-03-09 11:50:00,370,370,370,370,0
2022-03-09 11:51:00,370,370,370,370,0
2022-03-09 11:52:00,370,370,370,370,0
2022-03-09 11:53:00,370,370,370,370,0
2022-03-09 11:54:00,370,370,370,370,0
2022-03-09 11:55:00,370,370,370,370,0
2022-03-09 11:56:00,370,370,370,370,0
2022-03-09 11:57:00,370,370,370,370,0
2022-03-09 11:58:00,370,370,370,370,0
2022-03-09 11:59:00,370,370,370,370,0
2022-03-09 12:00:00,370,370,370,370,0
2022-03-09 12:01:00,370,370,370,370,0
2022-03-09 12:02:00,370,370,370,370,0
2022-03-09 12:03:00,370,370,370,370,0
2022-03-09 12:04:00,370,370,370,370,0
2022-03-09 12:05:00,370,370,370,370,0
2022-03-09 12:06:00,370,370,370,370,0
2022-03-09 12:07:00,370,370,370,370,0
2022-03-09 12:08:00,370,370,370,370,0
2022-03-09 12:09:00,370,370,370,370,0
2022-03-09 12:10:00,370,370,370,370,0
2022-03-09 12:11:00,370,370,370,370,0
2022-03-09 12:12:00,370,370,370,370,0
2022-03-09 12:13:00,370,370,370,370,0
2022-03-09 12:14:00,370,370,370,370,0
2022-03-09 12:15:00,370,370,370,370,0
2022-03-09 12:16:00,370,370,370,370,0
2022-03-09 12:17:00,370,370,370,370,0
2022-03-09 12:18:00,370,370,370,370,0
2022-03-09 12:19:00,370,370,370,370,0
2022-03-09 12:20:00,370,370,370,370,0
2022-03-09 12:21:00,370,370,370,370,0
2022-03-09 12:22:00,370,370,370,370,0
2022-03-09 12:23:00,370,370,370,370,0
2022-03-09 12:24:00,370,370,370,370,0
2022-03-09 12:25:00,370,370,370,370,0
2022-03-09 12:26:00,370,370,370,370,0
2022-03-09 12:27:00,370,370,370,370,0
2022-03-09 12:28:00,370,370,370,370,0
2022-03-09 12:29:00,370,370,370,370,0
2022-03-09 12:30:00,370,370,370,370,0
2022-03-09 12:31:00,370,370,370,370,0
2022-03-09 12:32:00,370,370,370,370,0
2022-03-09 12:33:00,370,370,370,370,0
2022-03-09 12:34:00,370,370,370,370,0
2022-03-09 12:35:00,370,370,370,370,0
2022-03-09 12:36:00,370,370,370,370,0
2022-03-09 12:37:00,370,370,370,370,0
2022-03-09 12:38:00,370,370,370,370,0
2022-03-09 12:39:00,370,370,370,370,0
2022-03-09 12:40:00,370,370,370,370,0
2022-03-09 12:41:00,370,370,370,370,0
2022-03-09 12:42:00,370,370,370,370,0
2022-03-09 12:43:00,370,370,370,370,0
2022-03-09 12:44:00,370,370,370,370,0
2022-03-09 12:45:00,370,370,370,370,0
2022-03-09 12:46:00,370,370,370,370,0
2022-03-09 12:47:00,370,370,370,370,0
2022-03-09 12:48:00,370,370,370,370,0
2022-03-09 12:49:00,370,370,370,370,0
2022-03-09 12:50:00,370,370,370,370,0
2022-03-09 12:51:00,370,370,370,370,0
2022-03-09 12:52:00,370,370,370,370,0
2022-03-09 12:53:00,370,370,370,370,0
2022-03-09 12:54:00,370,370,370,370,0
2022-03-09 12:55:00,370,370,370,370,0
2022-03-09 12:56:00,370,370,370,370,0
2022-03-09 12:57:00,370,370,370,370,0
2022-03-09 12:58:00,370,370,370,370,0
2022-03-09 12:59:00,370,370,370,370,0
2022-03-09 13:00:00,370,370,370,370,0
2022-03-09 13:01:00,370,370,370,370,0
2022-03-09 13:02:00,370,370,370,370,0
2022-03-09 13:03:00,370,370,370,370,0
2022-03-09 13:04:00,370,370,370,370,0
2022-03-09 13:05:00,370,370,370,370,0
2022-03-09 13:06:00,370,370,370,370,0
2022-03-09 13:07:00,370,370,370,370,0
2022-03-09 13:08:00,370,370,370,370,0
2022-03-09 13:09:00,370,370,370,370,0
2022-03-09 13:10:00,370,370,370,370,0
2022-03-09 13:11:00,370,370,370,370,0
2022-03-09 13:12:00,370,370,370,370,0
2022-03-09 13:13:00,370,370,370,370,0
2022-03-09 13:14:00,370,370,370,370,0
2022-03-09 13:15:00,370,370,370,370,0
2022-03-09 13:16:00,370,370,370,370,0
2022-03-09 13:17:00,370,370,370,370,0
2022-03-09 13:18:00,370,370,370,370,0
2022-03-09 13:19:00,370,370,370,370,0
2022-03-09 13:20:00,370,370,370,370,0
2022-03-09 13:21:00,370,370,370,370,0
2022-03-09 13:22:00,370,370,370,370,0
2022-03-09 13:23:00,370,370,370,370,0
2022-03-09 13:24:00,370,370,370,370,0
2022-03-09 13:25:00,370,370,370,370,0
2022-03-09 13:26:00,370,370,370,370,0
2022-03-09 13:27:00,370,370,370,370,0
2022-03-09 13:28:00,370,370,370,370,0
2022-03-09 13:29:00,370,370,370,370,0
2022-03-09 13:30:00,370,370,370,370,100
2022-03-09 13:31:00,370,370,370,370,0
2022-03-09 13:32:00,370,370,370,370,0
2022-03-09 13:33:00,370,370,370,370,0
2022-03-09 13:34:00,370,370,370,370,0
2022-03-09 13:35:00,370,370,370,370,0
2022-03-09 13:36:00,370,370,370,370,0
2022-03-09 13:37:00,370,370,370,370,0
2022-03-09 13:38:00,370,370,370,370,0
2022-03-09 13:39:00,370,370,370,370,0
2022-03-09 13:40:00,370,370,370,370,0
2022-03-09 13:41:00,370,370,370,370,0
2022-03-09 13:42:00,370,370,370,370,0
2022-03-09 13:43:00,370,370,370,370,0
2022-03-09 13:44:00,370,370,370,370,0
2022-03-09 13:45:00,370,370,370,370,0
2022-03-09 13:46:00,370,370,370,370,0
2022-03-09 13:47:00,370,370,370,370,0
2022-03-09 13:48:00,370,370,370,370,0
2022-03-09 13:49:00,370,370,370,370,0
2022-03-09 13:50:00,370,370,370,370,0
2022-03-09 13:51:00,370,370,370,370,0
2022-03-09 13:52:00,370,370,370,370,0
2022-03-09 13:53:00,370,370,370,370,7900
2022-03-09 13:54:00,370,370,370,370,0
2022-03-09 13:55:00,370,370,370,370,0
2022-03-09 13:56:00,388,388,388,388,100
2022-03-09 13:57:00,388,388,388,388,0
2022-03-09 13:58:00,388,388,388,388,0
2022-03-09 13:59:00,388,388,388,388,0
2022-03-09 14:00:00,388,388,388,388,0
2022-03-09 14:01:00,388,388,388,388,0
2022-03-09 14:02:00,388,388,388,388,0
2022-03-09 14:03:00,388,388,388,388,0
2022-03-09 14:04:00,388,388,388,388,0
2022-03-09 14:05:00,388,388,388,388,0
2022-03-09 14:06:00,388,388,388,388,0
2022-03-09 14:07:00,388,388,388,388,0
2022-03-09 14:08:00,388,388,388,388,0
2022-03-09 14:09:00,388,388,388,388,0
2022-03-09 14:10:00,388,388,388,388,0
2022-03-09 14:11:00,388,388,388,388,0
2022-03-09 14:12:00,388,388,388,388,0
2022-03-09 14:13:00,388,388,388,388,0
2022-03-09 14:14:00,388,388,388,388,0
2022-03-09 14:15:00,380,380,380,380,100
2022-03-09 14:16:00,380,380,380,380,0
2022-03-09 14:17:00,380,380,380,380,0
2022-03-09 14:18:00,380,380,380,380,0
2022-03-09 14:19:00,380,380,380,380,0
2022-03-09 14:20:00,380,380,380,380,0
2022-03-09 14:21:00,380,380,380,380,0
2022-03-09 14:22:00,380,380,380,380,0
2022-03-09 14:23:00,380,380,380,380,0
2022-03-09 14:24:00,380,380,380,380,0
2022-03-09 14:25:00,380,380,380,380,0
2022-03-09 14:26:00,380,380,380,380,0
2022-03-09 14:27:00,380,380,380,380,0
2022-03-09 14:28:00,368,368,376,376,900
2022-03-09 14:29:00,368,368,376,376,0
2022-03-09 14:30:00,368,368,376,376,0
2022-03-09 14:31:00,368,368,376,376,0
2022-03-09 14:32:00,368,368,376,376,0
2022-03-09 14:33:00,368,368,376,376,0
2022-03-09 14:34:00,368,368,376,376,0
2022-03-09 14:35:00,368,368,376,376,0
2022-03-09 14:36:00,368,368,376,376,0
2022-03-09 14:37:00,368,368,376,376,0
2022-03-09 14:38:00,368,368,376,376,0
2022-03-09 14:39:00,368,368,376,376,0
2022-03-09 14:40:00,368,368,376,376,0
2022-03-09 14:41:00,368,368,376,376,0
2022-03-09 14:42:00,368,368,376,376,0
2022-03-09 14:43:00,368,368,376,376,0
2022-03-09 14:44:00,368,368,372,372,600
2022-03-09 14:45:00,372,366,372,366,900
2022-03-09 14:46:00,372,366,372,366,0
2022-03-09 14:47:00,366,366,366,366,1000
2022-03-09 14:48:00,366,366,366,366,0
2022-03-09 14:49:00,366,366,366,366,0
2022-03-09 14:50:00,366,366,366,366,0
2022-03-09 14:51:00,366,366,366,366,0
2022-03-09 14:52:00,366,366,366,366,0
2022-03-09 14:53:00,366,366,366,366,0
2022-03-09 14:54:00,366,366,366,366,0
2022-03-09 14:55:00,366,366,366,366,0
2022-03-09 14:56:00,366,366,366,366,0
2022-03-09 14:57:00,366,366,366,366,0
2022-03-09 14:58:00,366,366,366,366,0
2022-03-09 14:59:00,366,366,366,366,0
2022-03-09 15:00:00,366,366,366,366,4600
2022-03-09 15:01:00,366,366,366,366,0
2022-03-09 15:02:00,366,366,366,366,0
2022-03-09 15:03:00,366,366,366,366,0
2022-03-09 15:04:00,366,366,366,366,0
2022-03-09 15:05:00,366,366,366,366,0
2022-03-09 15:06:00,366,366,366,366,0
2022-03-09 15:07:00,366,366,366,366,0
2022-03-09 15:08:00,366,366,366,366,0
2022-03-09 15:09:00,366,366,366,366,0
2022-03-09 15:10:00,366,366,366,366,0
2022-03-09 15:11:00,366,366,366,366,0
2022-03-09 15:12:00,366,366,366,366,0
2022-03-09 15:13:00,366,366,366,366,0
2022-03-09 15:14:00,366,366,366,366,0
2022-03-09 15:15:00,366,366,366,366,0
2022-03-09 15:16:00,366,366,366,366,0
2022-03-09 15:17:00,366,366,366,366,0
2022-03-09 15:18:00,366,366,366,366,0
2022-03-09 15:19:00,366,366,366,366,0
2022-03-09 15:20:00,366,366,366,366,0
2022-03-09 15:21:00,366,366,366,366,0
2022-03-09 15:22:00,366,366,366,366,0
2022-03-09 15:23:00,366,366,366,366,0
2022-03-09 15:24:00,366,366,366,366,0
2022-03-09 15:25:00,366,366,366,366,0
2022-03-09 15:26:00,366,366,366,366,0
2022-03-09 15:27:00,366,366,366,366,0
2022-03-09 15:28:00,366,366,366,366,0
2022-03-09 15:29:00,366,366,366,366,0
2022-03-09 15:30:00,366,366,366,366,0
2022-03-09 15:31:00,366,366,366,366,0
2022-03-09 15:32:00,366,366,366,366,0
2022-03-09 15:33:00,366,366,366,366,0
2022-03-09 15:34:00,366,366,366,366,0
2022-03-09 15:35:00,366,366,366,366,0
2022-03-09 15:36:00,366,366,366,366,0
2022-03-09 15:37:00,366,366,366,366,0
2022-03-09 15:38:00,366,366,366,366,0
2022-03-09 15:39:00,366,366,366,366,0
2022-03-09 15:40:00,366,366,366,366,0
2022-03-09 15:41:00,366,366,366,366,0
2022-03-09 15:42:00,366,366,366,366,0
2022-03-09 15:43:00,366,366,366,366,0
2022-03-09 15:44:00,366,366,366,366,0
2022-03-09 15:45:00,366,366,366,366,0
2022-03-09 15:46:00,366,366,366,366,0
2022-03-09 15:47:00,366,366,366,366,0
2022-03-09 15:48:00,366,366,366,366,0
2022-03-09 15:49:00,366,366,366,366,0
2022-03-09 15:50:00,366,366,366,366,0
2022-03-09 15:51:00,366,366,366,366,0
2022-03-09 15:52:00,366,366,366,366,0
2022-03-09 15:53:00,366,366,366,366,0
2022-03-09 15:54:00,366,366,366,366,0
2022-03-09 15:55:00,366,366,366,366,0
2022-03-09 15:56:00,366,366,366,366,0
2022-03-09 15:57:00,366,366,366,366,0
2022-03-09 15:58:00,366,366,366,366,0
2022-03-09 15:59:00,366,366,366,366,0
2022-03-10 09:00:00,366,366,366,366,0
2022-03-10 09:01:00,366,366,366,366,0
2022-03-10 09:02:00,366,366,366,366,0
2022-03-10 09:03:00,366,366,366,366,0
2022-03-10 09:04:00,366,366,366,366,0
2022-03-10 09:05:00,366,366,366,366,0
2022-03-10 09:06:00,366,366,366,366,0
2022-03-10 09:07:00,366,366,366,366,0
2022-03-10 09:08:00,366,366,366,366,0
2022-03-10 09:09:00,366,366,366,366,0
2022-03-10 09:10:00,366,366,366,366,0
2022-03-10 09:11:00,366,366,366,366,0
2022-03-10 09:12:00,366,366,366,366,0
2022-03-10 09:13:00,366,366,366,366,0
2022-03-10 09:14:00,366,366,366,366,0
2022-03-10 09:15:00,366,366,366,366,0
2022-03-10 09:16:00,366,366,366,366,0
2022-03-10 09:17:00,382,382,382,382,100
2022-03-10 09:18:00,382,382,382,382,0
2022-03-10 09:19:00,382,382,382,382,100
2022-03-10 09:20:00,382,382,382,382,0
2022-03-10 09:21:00,382,382,382,382,0
2022-03-10 09:22:00,382,382,382,382,0
2022-03-10 09:23:00,382,382,382,382,0
2022-03-10 09:24:00,382,382,382,382,0
2022-03-10 09:25:00,382,382,382,382,0
2022-03-10 09:26:00,382,382,382,382,0
2022-03-10 09:27:00,382,382,382,382,0
2022-03-10 09:28:00,382,382,382,382,0
2022-03-10 09:29:00,382,382,382,382,0
2022-03-10 09:30:00,382,382,382,382,0
2022-03-10 09:31:00,382,382,382,382,0
2022-03-10 09:32:00,382,382,382,382,0
2022-03-10 09:33:00,382,382,382,382,0
2022-03-10 09:34:00,368,366,368,366,3200
2022-03-10 09:35:00,368,366,368,366,0
2022-03-10 09:36:00,368,366,368,366,0
2022-03-10 09:37:00,368,368,368,368,200
2022-03-10 09:38:00,370,370,370,370,200
2022-03-10 09:39:00,370,370,370,370,0
2022-03-10 09:40:00,370,370,370,370,0
2022-03-10 09:41:00,370,370,370,370,0
2022-03-10 09:42:00,370,370,370,370,0
2022-03-10 09:43:00,370,368,382,382,1900
2022-03-10 09:44:00,370,368,382,382,0
2022-03-10 09:45:00,370,368,382,382,0
2022-03-10 09:46:00,370,368,382,382,0
2022-03-10 09:47:00,370,368,382,382,0
2022-03-10 09:48:00,370,368,382,382,0
2022-03-10 09:49:00,370,368,382,382,0
2022-03-10 09:50:00,370,368,382,382,0
2022-03-10 09:51:00,370,368,382,382,0
2022-03-10 09:52:00,370,368,382,382,0
2022-03-10 09:53:00,370,368,382,382,0
2022-03-10 09:54:00,370,368,382,382,0
2022-03-10 09:55:00,370,368,382,382,0
2022-03-10 09:56:00,370,368,382,382,0
2022-03-10 09:57:00,370,368,382,382,0
2022-03-10 09:58:00,370,368,382,382,0
2022-03-10 09:59:00,370,368,382,382,0
2022-03-10 10:00:00,370,368,382,382,0
2022-03-10 10:01:00,370,368,382,382,0
2022-03-10 10:02:00,370,368,382,382,0
2022-03-10 10:03:00,370,368,382,382,0
2022-03-10 10:04:00,370,368,382,382,0
2022-03-10 10:05:00,370,368,382,382,0
2022-03-10 10:06:00,370,370,370,370,500
2022-03-10 10:07:00,370,368,370,368,2400
2022-03-10 10:08:00,366,366,366,366,13800
2022-03-10 10:09:00,366,366,366,366,0
2022-03-10 10:10:00,366,366,366,366,0
2022-03-10 10:11:00,366,366,366,366,0
2022-03-10 10:12:00,366,366,366,366,0
2022-03-10 10:13:00,366,366,366,366,0
2022-03-10 10:14:00,366,366,366,366,0
2022-03-10 10:15:00,366,366,366,366,100
2022-03-10 10:16:00,366,366,366,366,0
2022-03-10 10:17:00,366,366,366,366,0
2022-03-10 10:18:00,366,366,366,366,0
2022-03-10 10:19:00,366,366,366,366,0
2022-03-10 10:20:00,366,366,366,366,0
2022-03-10 10:21:00,366,366,366,366,0
2022-03-10 10:22:00,366,366,366,366,0
2022-03-10 10:23:00,366,366,366,366,0
2022-03-10 10:24:00,366,366,366,366,0
2022-03-10 10:25:00,366,366,366,366,0
2022-03-10 10:26:00,366,366,366,366,0
2022-03-10 10:27:00,366,366,366,366,0
2022-03-10 10:28:00,366,366,366,366,0
2022-03-10 10:29:00,366,366,366,366,0
2022-03-10 10:30:00,366,366,366,366,0
2022-03-10 10:31:00,366,366,366,366,0
2022-03-10 10:32:00,366,366,366,366,0
2022-03-10 10:33:00,366,366,366,366,0
2022-03-10 10:34:00,366,366,366,366,0
2022-03-10 10:35:00,366,366,366,366,0
2022-03-10 10:36:00,366,366,366,366,0
2022-03-10 10:37:00,366,366,366,366,0
2022-03-10 10:38:00,366,366,366,366,0
2022-03-10 10:39:00,366,366,366,366,0
2022-03-10 10:40:00,366,366,366,366,0
2022-03-10 10:41:00,366,366,366,366,0
2022-03-10 10:42:00,368,368,368,368,2700
2022-03-10 10:43:00,368,368,368,368,200
2022-03-10 10:44:00,368,368,368,368,0
2022-03-10 10:45:00,368,368,368,368,0
2022-03-10 10:46:00,368,368,368,368,0
2022-03-10 10:47:00,366,366,366,366,3900
2022-03-10 10:48:00,366,366,366,366,0
2022-03-10 10:49:00,366,366,366,366,4700
2022-03-10 10:50:00,366,366,366,366,0
2022-03-10 10:51:00,366,366,366,366,0
2022-03-10 10:52:00,366,366,366,366,0
2022-03-10 10:53:00,366,366,366,366,0
2022-03-10 10:54:00,366,366,366,366,0
2022-03-10 10:55:00,366,366,366,366,0
2022-03-10 10:56:00,366,366,366,366,0
2022-03-10 10:57:00,366,366,366,366,0
2022-03-10 10:58:00,366,366,366,366,0
2022-03-10 10:59:00,366,366,366,366,0
2022-03-10 11:00:00,366,366,366,366,0
2022-03-10 11:01:00,366,366,366,366,0
2022-03-10 11:02:00,366,366,366,366,0
2022-03-10 11:03:00,366,366,366,366,0
2022-03-10 11:04:00,366,366,366,366,0
2022-03-10 11:05:00,366,366,366,366,0
2022-03-10 11:06:00,366,366,366,366,0
2022-03-10 11:07:00,364,364,364,364,14800
2022-03-10 11:08:00,366,366,366,366,100
2022-03-10 11:09:00,366,366,366,366,0
2022-03-10 11:10:00,366,366,366,366,0
2022-03-10 11:11:00,366,366,366,366,0
2022-03-10 11:12:00,366,366,366,366,0
2022-03-10 11:13:00,366,366,366,366,0
2022-03-10 11:14:00,366,366,366,366,0
2022-03-10 11:15:00,366,366,366,366,0
2022-03-10 11:16:00,366,366,366,366,0
2022-03-10 11:17:00,366,366,366,366,0
2022-03-10 11:18:00,366,366,366,366,0
2022-03-10 11:19:00,366,366,366,366,0
2022-03-10 11:20:00,366,366,366,366,0
2022-03-10 11:21:00,366,366,366,366,0
2022-03-10 11:22:00,362,362,362,362,700
2022-03-10 11:23:00,362,362,362,362,0
2022-03-10 11:24:00,362,362,362,362,0
2022-03-10 11:25:00,362,362,362,362,0
2022-03-10 11:26:00,362,362,362,362,0
2022-03-10 11:27:00,362,362,362,362,0
2022-03-10 11:28:00,362,362,362,362,0
2022-03-10 11:29:00,362,362,362,362,0
2022-03-10 11:30:00,362,362,362,362,0
2022-03-10 11:31:00,362,362,362,362,0
2022-03-10 11:32:00,362,362,362,362,0
2022-03-10 11:33:00,362,362,362,362,0
2022-03-10 11:34:00,362,362,362,362,0
2022-03-10 11:35:00,362,362,362,362,0
2022-03-10 11:36:00,362,362,362,362,0
2022-03-10 11:37:00,362,362,362,362,0
2022-03-10 11:38:00,362,362,362,362,0
2022-03-10 11:39:00,362,362,362,362,0
2022-03-10 11:40:00,362,362,362,362,0
2022-03-10 11:41:00,362,362,362,362,0
2022-03-10 11:42:00,362,362,362,362,0
2022-03-10 11:43:00,362,362,362,362,0
2022-03-10 11:44:00,362,362,362,362,0
2022-03-10 11:45:00,362,362,362,362,0
2022-03-10 11:46:00,362,362,362,362,0
2022-03-10 11:47:00,362,362,362,362,0
2022-03-10 11:48:00,362,362,362,362,0
2022-03-10 11:49:00,362,362,362,362,0
2022-03-10 11:50:00,362,362,362,362,0
2022-03-10 11:51:00,362,362,362,362,0
2022-03-10 11:52:00,362,362,362,362,0
2022-03-10 11:53:00,362,362,362,362,0
2022-03-10 11:54:00,362,362,362,362,0
2022-03-10 11:55:00,362,362,362,362,0
2022-03-10 11:56:00,362,362,362,362,0
2022-03-10 11:57:00,362,362,362,362,0
2022-03-10 11:58:00,362,362,362,362,0
2022-03-10 11:59:00,362,362,362,362,0
2022-03-10 12:00:00,362,362,362,362,0
2022-03-10 12:01:00,362,362,362,362,0
2022-03-10 12:02:00,362,362,362,362,0
2022-03-10 12:03:00,362,362,362,362,0
2022-03-10 12:04:00,362,362,362,362,0
2022-03-10 12:05:00,362,362,362,362,0
2022-03-10 12:06:00,362,362,362,362,0
2022-03-10 12:07:00,362,362,362,362,0
2022-03-10 12:08:00,362,362,362,362,0
2022-03-10 12:09:00,362,362,362,362,0
2022-03-10 12:10:00,362,362,362,362,0
2022-03-10 12:11:00,362,362,362,362,0
2022-03-10 12:12:00,362,362,362,362,0
2022-03-10 12:13:00,362,362,362,362,0
2022-03-10 12:14:00,362,362,362,362,0
2022-03-10 12:15:00,362,362,362,362,0
2022-03-10 12:16:00,362,362,362,362,0
2022-03-10 12:17:00,362,362,362,362,0
2022-03-10 12:18:00,362,362,362,362,0
2022-03-10 12:19:00,362,362,362,362,0
2022-03-10 12:20:00,362,362,362,362,0
2022-03-10 12:21:00,362,362,362,362,0
2022-03-10 12:22:00,362,362,362,362,0
2022-03-10 12:23:00,362,362,362,362,0
2022-03-10 12:24:00,362,362,362,362,0
2022-03-10 12:25:00,362,362,362,362,0
2022-03-10 12:26:00,362,362,362,362,0
2022-03-10 12:27:00,362,362,362,362,0
2022-03-10 12:28:00,362,362,362,362,0
2022-03-10 12:29:00,362,362,362,362,0
2022-03-10 12:30:00,362,362,362,362,0
2022-03-10 12:31:00,362,362,362,362,0
2022-03-10 12:32:00,362,362,362,362,0
2022-03-10 12:33:00,362,362,362,362,0
2022-03-10 12:34:00,362,362,362,362,0
2022-03-10 12:35:00,362,362,362,362,0
2022-03-10 12:36:00,362,362,362,362,0
2022-03-10 12:37:00,362,362,362,362,0
2022-03-10 12:38:00,362,362,362,362,0
2022-03-10 12:39:00,362,362,362,362,0
2022-03-10 12:40:00,362,362,362,362,0
2022-03-10 12:41:00,362,362,362,362,0
2022-03-10 12:42:00,362,362,362,362,0
2022-03-10 12:43:00,362,362,362,362,0
2022-03-10 12:44:00,362,362,362,362,0
2022-03-10 12:45:00,362,362,362,362,0
2022-03-10 12:46:00,362,362,362,362,0
2022-03-10 12:47:00,362,362,362,362,0
2022-03-10 12:48:00,362,362,362,362,0
2022-03-10 12:49:00,362,362,362,362,0
2022-03-10 12:50:00,362,362,362,362,0
2022-03-10 12:51:00,362,362,362,362,0
2022-03-10 12:52:00,362,362,362,362,0
2022-03-10 12:53:00,362,362,362,362,0
2022-03-10 12:54:00,362,362,362,362,0
2022-03-10 12:55:00,362,362,362,362,0
2022-03-10 12:56:00,362,362,362,362,0
2022-03-10 12:57:00,362,362,362,362,0
2022-03-10 12:58:00,362,362,362,362,0
2022-03-10 12:59:00,362,362,362,362,0
2022-03-10 13:00:00,362,362,362,362,0
2022-03-10 13:01:00,362,362,362,362,0
2022-03-10 13:02:00,362,362,362,362,0
2022-03-10 13:03:00,362,362,362,362,0
2022-03-10 13:04:00,362,362,362,362,0
2022-03-10 13:05:00,362,362,362,362,0
2022-03-10 13:06:00,362,362,362,362,0
2022-03-10 13:07:00,362,362,362,362,0
2022-03-10 13:08:00,362,362,362,362,0
2022-03-10 13:09:00,362,362,362,362,0
2022-03-10 13:10:00,362,362,362,362,0
2022-03-10 13:11:00,362,362,362,362,0
2022-03-10 13:12:00,362,362,362,362,0
2022-03-10 13:13:00,362,362,362,362,0
2022-03-10 13:14:00,362,362,362,362,0
2022-03-10 13:15:00,362,362,362,362,0
2022-03-10 13:16:00,362,362,362,362,0
2022-03-10 13:17:00,362,362,362,362,0
2022-03-10 13:18:00,362,362,362,362,0
2022-03-10 13:19:00,362,362,362,362,0
2022-03-10 13:20:00,362,362,362,362,0
2022-03-10 13:21:00,362,362,362,362,0
2022-03-10 13:22:00,362,362,362,362,0
2022-03-10 13:23:00,362,362,362,362,0
2022-03-10 13:24:00,362,362,362,362,0
2022-03-10 13:25:00,362,362,362,362,0
2022-03-10 13:26:00,362,362,362,362,0
2022-03-10 13:27:00,362,362,362,362,0
2022-03-10 13:28:00,362,362,362,362,0
2022-03-10 13:29:00,362,362,362,362,0
2022-03-10 13:30:00,362,362,362,362,0
2022-03-10 13:31:00,362,362,362,362,0
2022-03-10 13:32:00,362,362,362,362,0
2022-03-10 13:33:00,362,362,362,362,0
2022-03-10 13:34:00,362,362,362,362,0
2022-03-10 13:35:00,366,366,366,366,200
2022-03-10 13:36:00,366,366,366,366,0
2022-03-10 13:37:00,366,366,366,366,0
2022-03-10 13:38:00,366,366,366,366,0
2022-03-10 13:39:00,366,366,366,366,0
2022-03-10 13:40:00,366,366,366,366,0
2022-03-10 13:41:00,366,366,366,366,0
2022-03-10 13:42:00,366,366,366,366,0
2022-03-10 13:43:00,366,366,366,366,0
2022-03-10 13:44:00,366,366,366,366,0
2022-03-10 13:45:00,366,366,366,366,0
2022-03-10 13:46:00,366,366,366,366,0
2022-03-10 13:47:00,366,366,366,366,0
2022-03-10 13:48:00,366,366,366,366,300
2022-03-10 13:49:00,366,366,366,366,500
2022-03-10 13:50:00,366,366,366,366,0
2022-03-10 13:51:00,366,366,366,366,0
2022-03-10 13:52:00,366,366,366,366,0
2022-03-10 13:53:00,366,366,366,366,0
2022-03-10 13:54:00,366,366,366,366,0
2022-03-10 13:55:00,366,366,366,366,0
2022-03-10 13:56:00,366,366,366,366,0
2022-03-10 13:57:00,366,366,366,366,0
2022-03-10 13:58:00,366,366,366,366,0
2022-03-10 13:59:00,366,366,366,366,0
2022-03-10 14:00:00,366,366,366,366,0
2022-03-10 14:01:00,366,366,366,366,0
2022-03-10 14:02:00,366,366,366,366,0
2022-03-10 14:03:00,366,366,366,366,0
2022-03-10 14:04:00,366,366,366,366,0
2022-03-10 14:05:00,366,366,366,366,500
2022-03-10 14:06:00,366,366,366,366,0
2022-03-10 14:07:00,366,366,366,366,0
2022-03-10 14:08:00,366,366,366,366,2900
2022-03-10 14:09:00,366,366,366,366,0
2022-03-10 14:10:00,380,380,380,380,100
2022-03-10 14:11:00,380,380,380,380,0
2022-03-10 14:12:00,380,380,380,380,0
2022-03-10 14:13:00,380,380,380,380,0
2022-03-10 14:14:00,380,380,380,380,0
2022-03-10 14:15:00,380,380,380,380,0
2022-03-10 14:16:00,380,380,380,380,0
2022-03-10 14:17:00,380,380,380,380,0
2022-03-10 14:18:00,380,380,380,380,0
2022-03-10 14:19:00,380,380,380,380,0
2022-03-10 14:20:00,380,380,380,380,0
2022-03-10 14:21:00,380,380,380,380,0
2022-03-10 14:22:00,380,380,380,380,0
2022-03-10 14:23:00,380,380,380,380,400
2022-03-10 14:24:00,380,380,380,380,0
2022-03-10 14:25:00,382,382,382,382,5000
2022-03-10 14:26:00,382,382,382,382,0
2022-03-10 14:27:00,380,380,380,380,1100
2022-03-10 14:28:00,380,380,380,380,0
2022-03-10 14:29:00,380,380,380,380,0
2022-03-10 14:30:00,380,380,380,380,0
2022-03-10 14:31:00,380,380,380,380,0
2022-03-10 14:32:00,380,380,380,380,0
2022-03-10 14:33:00,380,380,380,380,0
2022-03-10 14:34:00,380,380,380,380,0
2022-03-10 14:35:00,380,380,380,380,0
2022-03-10 14:36:00,380,380,380,380,0
2022-03-10 14:37:00,380,380,380,380,0
2022-03-10 14:38:00,380,380,380,380,0
2022-03-10 14:39:00,380,380,380,380,0
2022-03-10 14:40:00,380,380,380,380,0
2022-03-10 14:41:00,380,380,380,380,0
2022-03-10 14:42:00,380,380,380,380,0
2022-03-10 14:43:00,380,380,380,380,0
2022-03-10 14:44:00,380,380,380,380,0
2022-03-10 14:45:00,380,380,380,380,0
2022-03-10 14:46:00,380,380,380,380,0
2022-03-10 14:47:00,380,380,380,380,0
2022-03-10 14:48:00,380,380,380,380,0
2022-03-10 14:49:00,380,380,380,380,0
2022-03-10 14:50:00,380,380,380,380,0
2022-03-10 14:51:00,380,380,380,380,0
2022-03-10 14:52:00,380,380,380,380,0
2022-03-10 14:53:00,380,380,380,380,0
2022-03-10 14:54:00,380,380,380,380,0
2022-03-10 14:55:00,380,380,380,380,0
2022-03-10 14:56:00,380,380,380,380,0
2022-03-10 14:57:00,380,380,380,380,0
2022-03-10 14:58:00,380,380,380,380,0
2022-03-10 14:59:00,380,380,380,380,0
2022-03-10 15:00:00,382,382,382,382,1000
2022-03-10 15:01:00,382,382,382,382,0
2022-03-10 15:02:00,382,382,382,382,0
2022-03-10 15:03:00,382,382,382,382,0
2022-03-10 15:04:00,382,382,382,382,0
2022-03-10 15:05:00,382,382,382,382,0
2022-03-10 15:06:00,382,382,382,382,0
2022-03-10 15:07:00,382,382,382,382,0
2022-03-10 15:08:00,382,382,382,382,0
2022-03-10 15:09:00,382,382,382,382,0
2022-03-10 15:10:00,382,382,382,382,0
2022-03-10 15:11:00,382,382,382,382,0
2022-03-10 15:12:00,382,382,382,382,0
2022-03-10 15:13:00,382,382,382,382,0
2022-03-10 15:14:00,382,382,382,382,0
2022-03-10 15:15:00,382,382,382,382,0
2022-03-10 15:16:00,382,382,382,382,0
2022-03-10 15:17:00,382,382,382,382,0
2022-03-10 15:18:00,382,382,382,382,0
2022-03-10 15:19:00,382,382,382,382,0
2022-03-10 15:20:00,382,382,382,382,0
2022-03-10 15:21:00,382,382,382,382,0
2022-03-10 15:22:00,382,382,382,382,0
2022-03-10 15:23:00,382,382,382,382,0
2022-03-10 15:24:00,382,382,382,382,0
2022-03-10 15:25:00,382,382,382,382,0
2022-03-10 15:26:00,382,382,382,382,0
2022-03-10 15:27:00,382,382,382,382,0
2022-03-10 15:28:00,382,382,382,382,0
2022-03-10 15:29:00,382,382,382,382,0
2022-03-10 15:30:00,382,382,382,382,0
2022-03-10 15:31:00,382,382,382,382,0
2022-03-10 15:32:00,382,382,382,382,0
2022-03-10 15:33:00,382,382,382,382,0
2022-03-10 15:34:00,382,382,382,382,0
2022-03-10 15:35:00,382,382,382,382,0
2022-03-10 15:36:00,382,382,382,382,0
2022-03-10 15:37:00,382,382,382,382,0
2022-03-10 15:38:00,382,382,382,382,0
2022-03-10 15:39:00,382,382,382,382,0
2022-03-10 15:40:00,382,382,382,382,0
2022-03-10 15:41:00,382,382,382,382,0
2022-03-10 15:42:00,382,382,382,382,0
2022-03-10 15:43:00,382,382,382,382,0
2022-03-10 15:44:00,382,382,382,382,0
2022-03-10 15:45:00,382,382,382,382,0
2022-03-10 15:46:00,382,382,382,382,0
2022-03-10 15:47:00,382,382,382,382,0
2022-03-10 15:48:00,382,382,382,382,0
2022-03-10 15:49:00,382,382,382,382,0
2022-03-10 15:50:00,382,382,382,382,0
2022-03-10 15:51:00,382,382,382,382,0
2022-03-10 15:52:00,382,382,382,382,0
2022-03-10 15:53:00,382,382,382,382,0
2022-03-10 15:54:00,382,382,382,382,0
2022-03-10 15:55:00,382,382,382,382,0
2022-03-10 15:56:00,382,382,382,382,0
2022-03-10 15:57:00,382,382,382,382,0
2022-03-10 15:58:00,382,382,382,382,0
2022-03-10 15:59:00,382,382,382,382,0
2022-03-11 09:00:00,382,382,382,382,0
2022-03-11 09:01:00,382,382,382,382,0
2022-03-11 09:02:00,382,382,382,382,0
2022-03-11 09:03:00,382,382,382,382,0
2022-03-11 09:04:00,382,382,382,382,0
2022-03-11 09:05:00,382,382,382,382,0
2022-03-11 09:06:00,382,382,382,382,0
2022-03-11 09:07:00,382,382,382,382,0
2022-03-11 09:08:00,382,382,382,382,0
2022-03-11 09:09:00,382,382,382,382,0
2022-03-11 09:10:00,382,382,382,382,0
2022-03-11 09:11:00,382,382,382,382,0
2022-03-11 09:12:00,382,382,382,382,0
2022-03-11 09:13:00,382,382,382,382,0
2022-03-11 09:14:00,382,382,382,382,0
2022-03-11 09:15:00,382,382,382,382,0
2022-03-11 09:16:00,382,382,382,382,0
2022-03-11 09:17:00,382,382,382,382,0
2022-03-11 09:18:00,382,382,382,382,0
2022-03-11 09:19:00,382,382,382,382,0
2022-03-11 09:20:00,382,382,382,382,0
2022-03-11 09:21:00,382,382,382,382,0
2022-03-11 09:22:00,382,382,382,382,0
2022-03-11 09:23:00,382,382,382,382,0
2022-03-11 09:24:00,382,382,382,382,0
2022-03-11 09:25:00,382,382,382,382,0
2022-03-11 09:26:00,382,382,382,382,0
2022-03-11 09:27:00,382,382,382,382,0
2022-03-11 09:28:00,382,382,382,382,0
2022-03-11 09:29:00,382,382,382,382,0
2022-03-11 09:30:00,382,382,382,382,0
2022-03-11 09:31:00,382,382,382,382,0
2022-03-11 09:32:00,382,382,382,382,0
2022-03-11 09:33:00,382,382,382,382,0
2022-03-11 09:34:00,382,382,382,382,0
2022-03-11 09:35:00,382,382,382,382,0
2022-03-11 09:36:00,382,382,382,382,0
2022-03-11 09:37:00,382,382,382,382,0
2022-03-11 09:38:00,382,382,382,382,0
2022-03-11 09:39:00,382,382,382,382,0
2022-03-11 09:40:00,382,382,382,382,0
2022-03-11 09:41:00,382,382,382,382,0
2022-03-11 09:42:00,382,382,382,382,0
2022-03-11 09:43:00,382,382,382,382,0
2022-03-11 09:44:00,382,382,382,382,0
2022-03-11 09:45:00,382,382,382,382,0
2022-03-11 09:46:00,382,382,382,382,0
2022-03-11 09:47:00,382,382,382,382,0
2022-03-11 09:48:00,382,382,382,382,0
2022-03-11 09:49:00,382,382,382,382,0
2022-03-11 09:50:00,382,382,382,382,0
2022-03-11 09:51:00,382,382,382,382,0
2022-03-11 09:52:00,382,382,382,382,0
2022-03-11 09:53:00,382,382,382,382,0
2022-03-11 09:54:00,382,382,382,382,0
2022-03-11 09:55:00,382,382,382,382,0
2022-03-11 09:56:00,382,382,382,382,0
2022-03-11 09:57:00,382,382,382,382,0
2022-03-11 09:58:00,382,382,382,382,0
2022-03-11 09:59:00,382,382,382,382,0
2022-03-11 10:00:00,382,382,382,382,0
2022-03-11 10:01:00,382,382,382,382,0
2022-03-11 10:02:00,382,382,382,382,0
2022-03-11 10:03:00,382,382,382,382,0
2022-03-11 10:04:00,382,382,382,382,0
2022-03-11 10:05:00,382,382,382,382,0
2022-03-11 10:06:00,382,382,382,382,0
2022-03-11 10:07:00,382,382,382,382,0
2022-03-11 10:08:00,382,382,382,382,0
2022-03-11 10:09:00,382,382,382,382,0
2022-03-11 10:10:00,382,382,382,382,0
2022-03-11 10:11:00,382,382,382,382,0
2022-03-11 10:12:00,382,382,382,382,0
2022-03-11 10:13:00,382,382,382,382,0
2022-03-11 10:14:00,382,382,382,382,0
2022-03-11 10:15:00,382,382,382,382,0
2022-03-11 10:16:00,382,382,382,382,0
2022-03-11 10:17:00,382,382,382,382,0
2022-03-11 10:18:00,382,382,382,382,0
2022-03-11 10:19:00,382,382,382,382,0
2022-03-11 10:20:00,382,382,382,382,0
2022-03-11 10:21:00,382,382,382,382,0
2022-03-11 10:22:00,382,382,382,382,0
2022-03-11 10:23:00,382,382,382,382,0
2022-03-11 10:24:00,382,382,382,382,0
2022-03-11 10:25:00,382,382,382,382,0
2022-03-11 10:26:00,382,382,382,382,0
2022-03-11 10:27:00,382,382,382,382,0
2022-03-11 10:28:00,382,382,382,382,0
2022-03-11 10:29:00,382,382,382,382,0
2022-03-11 10:30:00,382,382,382,382,0
2022-03-11 10:31:00,382,382,382,382,0
2022-03-11 10:32:00,382,382,382,382,0
2022-03-11 10:33:00,382,382,382,382,0
2022-03-11 10:34:00,382,382,382,382,0
2022-03-11 10:35:00,382,382,382,382,0
2022-03-11 10:36:00,382,382,382,382,0
2022-03-11 10:37:00,382,382,382,382,0
2022-03-11 10:38:00,382,382,382,382,0
2022-03-11 10:39:00,382,382,382,382,0
2022-03-11 10:40:00,382,382,382,382,0
2022-03-11 10:41:00,382,382,382,382,0
2022-03-11 10:42:00,382,382,382,382,0
2022-03-11 10:43:00,382,382,382,382,0
2022-03-11 10:44:00,382,382,382,382,0
2022-03-11 10:45:00,380,380,382,382,20000
2022-03-11 10:46:00,380,380,382,382,0
2022-03-11 10:47:00,380,380,382,382,0
2022-03-11 10:48:00,380,380,382,382,0
2022-03-11 10:49:00,380,380,382,382,0
2022-03-11 10:50:00,380,380,382,382,0
2022-03-11 10:51:00,380,380,382,382,0
2022-03-11 10:52:00,380,380,382,382,0
2022-03-11 10:53:00,380,380,382,382,0
2022-03-11 10:54:00,380,380,382,382,0
2022-03-11 10:55:00,380,380,382,382,0
2022-03-11 10:56:00,380,380,382,382,0
2022-03-11 10:57:00,380,380,382,382,0
2022-03-11 10:58:00,380,380,382,382,0
2022-03-11 10:59:00,380,380,382,382,0
2022-03-11 11:00:00,380,380,382,382,0
2022-03-11 11:01:00,380,380,382,382,0
2022-03-11 11:02:00,380,380,382,382,0
2022-03-11 11:03:00,380,380,382,382,0
2022-03-11 11:04:00,380,380,382,382,0
2022-03-11 11:05:00,380,380,382,382,0
2022-03-11 11:06:00,380,380,382,382,0
2022-03-11 11:07:00,380,380,382,382,0
2022-03-11 11:08:00,380,380,382,382,0
2022-03-11 11:09:00,380,380,382,382,0
2022-03-11 11:10:00,380,380,382,382,0
2022-03-11 11:11:00,380,380,382,382,0
2022-03-11 11:12:00,380,380,382,382,0
2022-03-11 11:13:00,380,380,382,382,0
2022-03-11 11:14:00,380,380,382,382,0
2022-03-11 11:15:00,380,380,382,382,0
2022-03-11 11:16:00,380,380,382,382,0
2022-03-11 11:17:00,380,380,382,382,0
2022-03-11 11:18:00,380,380,382,382,0
2022-03-11 11:19:00,380,380,382,382,0
2022-03-11 11:20:00,380,380,382,382,0
2022-03-11 11:21:00,380,380,382,382,0
2022-03-11 11:22:00,380,380,382,382,0
2022-03-11 11:23:00,380,380,382,382,0
2022-03-11 11:24:00,380,380,382,382,0
2022-03-11 11:25:00,380,380,382,382,0
2022-03-11 11:26:00,380,380,382,382,0
2022-03-11 11:27:00,380,380,382,382,0
2022-03-11 11:28:00,380,380,382,382,0
2022-03-11 11:29:00,380,380,382,382,0
2022-03-11 11:30:00,380,380,382,382,0
2022-03-11 11:31:00,380,380,382,382,0
2022-03-11 11:32:00,380,380,382,382,0
2022-03-11 11:33:00,380,380,382,382,0
2022-03-11 11:34:00,380,380,382,382,0
2022-03-11 11:35:00,380,380,382,382,0
2022-03-11 11:36:00,380,380,382,382,0
2022-03-11 11:37:00,380,380,382,382,0
2022-03-11 11:38:00,380,380,382,382,0
2022-03-11 11:39:00,380,380,382,382,0
2022-03-11 11:40:00,380,380,382,382,0
2022-03-11 11:41:00,380,380,382,382,0
2022-03-11 11:42:00,380,380,382,382,0
2022-03-11 11:43:00,380,380,382,382,0
2022-03-11 11:44:00,380,380,382,382,0
2022-03-11 11:45:00,380,380,382,382,0
2022-03-11 11:46:00,380,380,382,382,0
2022-03-11 11:47:00,380,380,382,382,0
2022-03-11 11:48:00,380,380,382,382,0
2022-03-11 11:49:00,380,380,382,382,0
2022-03-11 11:50:00,380,380,382,382,0
2022-03-11 11:51:00,380,380,382,382,0
2022-03-11 11:52:00,380,380,382,382,0
2022-03-11 11:53:00,380,380,382,382,0
2022-03-11 11:54:00,380,380,382,382,0
2022-03-11 11:55:00,380,380,382,382,0
2022-03-11 11:56:00,380,380,382,382,0
2022-03-11 11:57:00,380,380,382,382,0
2022-03-11 11:58:00,380,380,382,382,0
2022-03-11 11:59:00,380,380,382,382,0
2022-03-11 12:00:00,380,380,382,382,0
2022-03-11 12:01:00,380,380,382,382,0
2022-03-11 12:02:00,380,380,382,382,0
2022-03-11 12:03:00,380,380,382,382,0
2022-03-11 12:04:00,380,380,382,382,0
2022-03-11 12:05:00,380,380,382,382,0
2022-03-11 12:06:00,380,380,382,382,0
2022-03-11 12:07:00,380,380,382,382,0
2022-03-11 12:08:00,380,380,382,382,0
2022-03-11 12:09:00,380,380,382,382,0
2022-03-11 12:10:00,380,380,382,382,0
2022-03-11 12:11:00,380,380,382,382,0
2022-03-11 12:12:00,380,380,382,382,0
2022-03-11 12:13:00,380,380,382,382,0
2022-03-11 12:14:00,380,380,382,382,0
2022-03-11 12:15:00,380,380,382,382,0
2022-03-11 12:16:00,380,380,382,382,0
2022-03-11 12:17:00,380,380,382,382,0
2022-03-11 12:18:00,380,380,382,382,0
2022-03-11 12:19:00,380,380,382,382,0
2022-03-11 12:20:00,380,380,382,382,0
2022-03-11 12:21:00,380,380,382,382,0
2022-03-11 12:22:00,380,380,382,382,0
2022-03-11 12:23:00,380,380,382,382,0
2022-03-11 12:24:00,380,380,382,382,0
2022-03-11 12:25:00,380,380,382,382,0
2022-03-11 12:26:00,380,380,382,382,0
2022-03-11 12:27:00,380,380,382,382,0
2022-03-11 12:28:00,380,380,382,382,0
2022-03-11 12:29:00,380,380,382,382,0
2022-03-11 12:30:00,380,380,382,382,0
2022-03-11 12:31:00,380,380,382,382,0
2022-03-11 12:32:00,380,380,382,382,0
2022-03-11 12:33:00,380,380,382,382,0
2022-03-11 12:34:00,380,380,382,382,0
2022-03-11 12:35:00,380,380,382,382,0
2022-03-11 12:36:00,380,380,382,382,0
2022-03-11 12:37:00,380,380,382,382,0
2022-03-11 12:38:00,380,380,382,382,0
2022-03-11 12:39:00,380,380,382,382,0
2022-03-11 12:40:00,380,380,382,382,0
2022-03-11 12:41:00,380,380,382,382,0
2022-03-11 12:42:00,380,380,382,382,0
2022-03-11 12:43:00,380,380,382,382,0
2022-03-11 12:44:00,380,380,382,382,0
2022-03-11 12:45:00,380,380,382,382,0
2022-03-11 12:46:00,380,380,382,382,0
2022-03-11 12:47:00,380,380,382,382,0
2022-03-11 12:48:00,380,380,382,382,0
2022-03-11 12:49:00,380,380,382,382,0
2022-03-11 12:50:00,380,380,382,382,0
2022-03-11 12:51:00,380,380,382,382,0
2022-03-11 12:52:00,380,380,382,382,0
2022-03-11 12:53:00,380,380,382,382,0
2022-03-11 12:54:00,380,380,382,382,0
2022-03-11 12:55:00,380,380,382,382,0
2022-03-11 12:56:00,380,380,382,382,0
2022-03-11 12:57:00,380,380,382,382,0
2022-03-11 12:58:00,380,380,382,382,0
2022-03-11 12:59:00,380,380,382,382,0
2022-03-11 13:00:00,380,380,382,382,0
2022-03-11 13:01:00,380,380,382,382,0
2022-03-11 13:02:00,380,380,382,382,0
2022-03-11 13:03:00,380,380,382,382,0
2022-03-11 13:04:00,380,380,382,382,0
2022-03-11 13:05:00,380,380,382,382,0
2022-03-11 13:06:00,380,380,382,382,0
2022-03-11 13:07:00,380,380,382,382,0
2022-03-11 13:08:00,380,380,382,382,0
2022-03-11 13:09:00,380,380,382,382,0
2022-03-11 13:10:00,380,380,382,382,0
2022-03-11 13:11:00,380,380,382,382,0
2022-03-11 13:12:00,380,380,382,382,0
2022-03-11 13:13:00,380,380,382,382,0
2022-03-11 13:14:00,380,380,382,382,0
2022-03-11 13:15:00,380,380,382,382,0
2022-03-11 13:16:00,380,380,382,382,0
2022-03-11 13:17:00,380,380,382,382,0
2022-03-11 13:18:00,380,380,382,382,0
2022-03-11 13:19:00,380,380,382,382,0
2022-03-11 13:20:00,380,380,382,382,0
2022-03-11 13:21:00,380,380,382,382,0
2022-03-11 13:22:00,380,380,382,382,0
2022-03-11 13:23:00,380,380,382,382,0
2022-03-11 13:24:00,380,380,382,382,0
2022-03-11 13:25:00,380,380,382,382,0
2022-03-11 13:26:00,380,380,382,382,0
2022-03-11 13:27:00,380,380,382,382,0
2022-03-11 13:28:00,380,380,382,382,0
2022-03-11 13:29:00,380,380,382,382,0
2022-03-11 13:30:00,380,380,382,382,0
2022-03-11 13:31:00,380,380,382,382,0
2022-03-11 13:32:00,380,380,382,382,0
2022-03-11 13:33:00,380,380,382,382,0
2022-03-11 13:34:00,380,380,382,382,0
2022-03-11 13:35:00,380,380,382,382,0
2022-03-11 13:36:00,380,380,382,382,0
2022-03-11 13:37:00,380,380,382,382,0
2022-03-11 13:38:00,380,380,382,382,0
2022-03-11 13:39:00,380,380,382,382,0
2022-03-11 13:40:00,362,362,362,362,2000
2022-03-11 13:41:00,362,362,362,362,0
2022-03-11 13:42:00,362,362,362,362,0
2022-03-11 13:43:00,364,362,364,362,3100
2022-03-11 13:44:00,364,362,364,362,0
2022-03-11 13:45:00,364,362,364,362,0
2022-03-11 13:46:00,364,362,364,362,0
2022-03-11 13:47:00,364,362,364,362,0
2022-03-11 13:48:00,364,362,364,362,0
2022-03-11 13:49:00,380,380,380,380,500
2022-03-11 13:50:00,380,380,380,380,0
2022-03-11 13:51:00,380,380,380,380,0
2022-03-11 13:52:00,380,380,380,380,100
2022-03-11 13:53:00,380,380,380,380,0
2022-03-11 13:54:00,380,380,380,380,0
2022-03-11 13:55:00,380,380,380,380,0
2022-03-11 13:56:00,380,380,380,380,0
2022-03-11 13:57:00,380,380,380,380,0
2022-03-11 13:58:00,380,380,380,380,0
2022-03-11 13:59:00,380,380,380,380,0
2022-03-11 14:00:00,380,380,380,380,0
2022-03-11 14:01:00,380,380,380,380,0
2022-03-11 14:02:00,380,380,380,380,0
2022-03-11 14:03:00,380,380,380,380,0
2022-03-11 14:04:00,380,380,380,380,0
2022-03-11 14:05:00,380,380,380,380,0
2022-03-11 14:06:00,380,380,380,380,0
2022-03-11 14:07:00,380,380,380,380,0
2022-03-11 14:08:00,380,380,380,380,0
2022-03-11 14:09:00,380,380,380,380,0
2022-03-11 14:10:00,380,380,380,380,0
2022-03-11 14:11:00,380,380,380,380,0
2022-03-11 14:12:00,380,380,380,380,0
2022-03-11 14:13:00,380,380,380,380,0
2022-03-11 14:14:00,380,380,380,380,0
2022-03-11 14:15:00,380,380,380,380,0
2022-03-11 14:16:00,380,380,380,380,0
2022-03-11 14:17:00,380,380,380,380,0
2022-03-11 14:18:00,380,380,380,380,0
2022-03-11 14:19:00,380,380,380,380,0
2022-03-11 14:20:00,380,380,380,380,0
2022-03-11 14:21:00,380,380,380,380,0
2022-03-11 14:22:00,380,380,380,380,0
2022-03-11 14:23:00,380,380,380,380,0
2022-03-11 14:24:00,380,380,380,380,0
2022-03-11 14:25:00,380,380,380,380,0
2022-03-11 14:26:00,380,380,380,380,0
2022-03-11 14:27:00,380,380,380,380,0
2022-03-11 14:28:00,380,380,380,380,0
2022-03-11 14:29:00,380,380,380,380,0
2022-03-11 14:30:00,380,380,380,380,0
2022-03-11 14:31:00,380,380,380,380,0
2022-03-11 14:32:00,380,380,380,380,0
2022-03-11 14:33:00,380,380,380,380,0
2022-03-11 14:34:00,380,380,380,380,0
2022-03-11 14:35:00,380,380,380,380,0
2022-03-11 14:36:00,380,380,380,380,0
2022-03-11 14:37:00,380,380,380,380,0
2022-03-11 14:38:00,378,378,378,378,100
2022-03-11 14:39:00,378,378,378,378,900
2022-03-11 14:40:00,378,378,378,378,0
2022-03-11 14:41:00,378,378,378,378,0
2022-03-11 14:42:00,378,378,378,378,0
2022-03-11 14:43:00,378,378,378,378,0
2022-03-11 14:44:00,378,378,378,378,0
2022-03-11 14:45:00,378,378,378,378,0
2022-03-11 14:46:00,372,372,372,372,500
2022-03-11 14:47:00,374,374,374,374,500
2022-03-11 14:48:00,374,374,374,374,0
2022-03-11 14:49:00,374,374,374,374,0
2022-03-11 14:50:00,374,374,374,374,0
2022-03-11 14:51:00,374,374,374,374,0
2022-03-11 14:52:00,374,374,374,374,0
2022-03-11 14:53:00,374,374,374,374,0
2022-03-11 14:54:00,374,374,374,374,0
2022-03-11 14:55:00,374,374,374,374,0
2022-03-11 14:56:00,374,374,374,374,0
2022-03-11 14:57:00,374,374,374,374,0
2022-03-11 14:58:00,374,374,374,374,0
2022-03-11 14:59:00,374,374,374,374,0
2022-03-11 15:00:00,374,374,374,374,0
2022-03-11 15:01:00,374,374,374,374,0
2022-03-11 15:02:00,374,374,374,374,0
2022-03-11 15:03:00,374,374,374,374,0
2022-03-11 15:04:00,374,374,374,374,0
2022-03-11 15:05:00,374,374,374,374,0
2022-03-11 15:06:00,374,374,374,374,0
2022-03-11 15:07:00,374,374,374,374,0
2022-03-11 15:08:00,374,374,374,374,0
2022-03-11 15:09:00,374,374,374,374,0
2022-03-11 15:10:00,374,374,374,374,0
2022-03-11 15:11:00,374,374,374,374,0
2022-03-11 15:12:00,374,374,374,374,0
2022-03-11 15:13:00,374,374,374,374,0
2022-03-11 15:14:00,374,374,374,374,0
2022-03-11 15:15:00,374,374,374,374,0
2022-03-11 15:16:00,374,374,374,374,0
2022-03-11 15:17:00,374,374,374,374,0
2022-03-11 15:18:00,374,374,374,374,0
2022-03-11 15:19:00,374,374,374,374,0
2022-03-11 15:20:00,374,374,374,374,0
2022-03-11 15:21:00,374,374,374,374,0
2022-03-11 15:22:00,374,374,374,374,0
2022-03-11 15:23:00,374,374,374,374,0
2022-03-11 15:24:00,374,374,374,374,0
2022-03-11 15:25:00,374,374,374,374,0
2022-03-11 15:26:00,374,374,374,374,0
2022-03-11 15:27:00,374,374,374,374,0
2022-03-11 15:28:00,374,374,374,374,0
2022-03-11 15:29:00,374,374,374,374,0
2022-03-11 15:30:00,374,374,374,374,0
2022-03-11 15:31:00,374,374,374,374,0
2022-03-11 15:32:00,374,374,374,374,0
2022-03-11 15:33:00,374,374,374,374,0
2022-03-11 15:34:00,374,374,374,374,0
2022-03-11 15:35:00,374,374,374,374,0
2022-03-11 15:36:00,374,374,374,374,0
2022-03-11 15:37:00,374,374,374,374,0
2022-03-11 15:38:00,374,374,374,374,0
2022-03-11 15:39:00,374,374,374,374,0
2022-03-11 15:40:00,374,374,374,374,0
2022-03-11 15:41:00,374,374,374,374,0
2022-03-11 15:42:00,374,374,374,374,0
2022-03-11 15:43:00,374,374,374,374,0
2022-03-11 15:44:00,374,374,374,374,0
2022-03-11 15:45:00,374,374,374,374,0
2022-03-11 15:46:00,374,374,374,374,0
2022-03-11 15:47:00,374,374,374,374,0
2022-03-11 15:48:00,374,374,374,374,0
2022-03-11 15:49:00,374,374,374,374,0
2022-03-11 15:50:00,374,374,374,374,0
2022-03-11 15:51:00,374,374,374,374,0
2022-03-11 15:52:00,374,374,374,374,0
2022-03-11 15:53:00,374,374,374,374,0
2022-03-11 15:54:00,374,374,374,374,0
2022-03-11 15:55:00,374,374,374,374,0
2022-03-11 15:56:00,374,374,374,374,0
2022-03-11 15:57:00,374,374,374,374,0
2022-03-11 15:58:00,374,374,374,374,0
2022-03-11 15:59:00,374,374,374,374,0
2022-03-14 09:00:00,374,374,374,374,0
2022-03-14 09:01:00,374,374,374,374,0
2022-03-14 09:02:00,374,374,374,374,0
2022-03-14 09:03:00,374,374,374,374,0
2022-03-14 09:04:00,374,374,374,374,0
2022-03-14 09:05:00,374,374,374,374,0
2022-03-14 09:06:00,374,374,374,374,0
2022-03-14 09:07:00,374,374,374,374,0
2022-03-14 09:08:00,374,374,374,374,0
2022-03-14 09:09:00,374,374,374,374,0
2022-03-14 09:10:00,374,374,374,374,0
2022-03-14 09:11:00,372,360,372,360,23600
2022-03-14 09:12:00,372,360,372,360,0
2022-03-14 09:13:00,372,360,372,360,0
2022-03-14 09:14:00,372,360,372,360,0
2022-03-14 09:15:00,372,360,372,360,0
2022-03-14 09:16:00,372,360,372,360,0
2022-03-14 09:17:00,372,360,372,360,0
2022-03-14 09:18:00,372,360,372,360,0
2022-03-14 09:19:00,362,362,362,362,1600
2022-03-14 09:20:00,362,362,362,362,0
2022-03-14 09:21:00,362,362,362,362,0
2022-03-14 09:22:00,362,362,362,362,0
2022-03-14 09:23:00,362,362,362,362,0
2022-03-14 09:24:00,362,362,362,362,0
2022-03-14 09:25:00,362,362,362,362,100
2022-03-14 09:26:00,362,362,362,362,0
2022-03-14 09:27:00,362,362,362,362,0
2022-03-14 09:28:00,362,362,362,362,0
2022-03-14 09:29:00,362,362,362,362,0
2022-03-14 09:30:00,362,362,362,362,0
2022-03-14 09:31:00,362,362,362,362,0
2022-03-14 09:32:00,362,362,362,362,0
2022-03-14 09:33:00,362,362,362,362,0
2022-03-14 09:34:00,362,362,362,362,0
2022-03-14 09:35:00,362,362,362,362,0
2022-03-14 09:36:00,362,362,362,362,0
2022-03-14 09:37:00,362,362,362,362,0
2022-03-14 09:38:00,362,362,362,362,0
2022-03-14 09:39:00,362,362,362,362,0
2022-03-14 09:40:00,362,362,362,362,0
2022-03-14 09:41:00,362,362,362,362,0
2022-03-14 09:42:00,362,362,362,362,0
2022-03-14 09:43:00,362,362,362,362,0
2022-03-14 09:44:00,362,362,362,362,0
2022-03-14 09:45:00,362,362,362,362,0
2022-03-14 09:46:00,362,362,362,362,0
2022-03-14 09:47:00,362,362,362,362,0
2022-03-14 09:48:00,362,362,362,362,0
2022-03-14 09:49:00,362,362,362,362,0
2022-03-14 09:50:00,362,362,362,362,0
2022-03-14 09:51:00,362,362,362,362,0
2022-03-14 09:52:00,362,362,362,362,0
2022-03-14 09:53:00,362,362,362,362,0
2022-03-14 09:54:00,362,362,362,362,0
2022-03-14 09:55:00,362,362,362,362,0
2022-03-14 09:56:00,362,362,362,362,0
2022-03-14 09:57:00,362,362,362,362,0
2022-03-14 09:58:00,372,372,374,374,200
2022-03-14 09:59:00,372,372,374,374,0
2022-03-14 10:00:00,372,372,374,374,0
2022-03-14 10:01:00,372,372,374,374,0
2022-03-14 10:02:00,372,372,374,374,0
2022-03-14 10:03:00,372,372,374,374,0
2022-03-14 10:04:00,372,372,374,374,0
2022-03-14 10:05:00,372,372,374,374,0
2022-03-14 10:06:00,372,372,374,374,0
2022-03-14 10:07:00,372,372,374,374,0
2022-03-14 10:08:00,372,372,374,374,0
2022-03-14 10:09:00,372,372,374,374,0
2022-03-14 10:10:00,372,372,374,374,0
2022-03-14 10:11:00,372,372,374,374,0
2022-03-14 10:12:00,372,372,374,374,0
2022-03-14 10:13:00,372,372,374,374,0
2022-03-14 10:14:00,372,372,374,374,0
2022-03-14 10:15:00,372,372,374,374,0
2022-03-14 10:16:00,372,372,374,374,0
2022-03-14 10:17:00,372,372,374,374,0
2022-03-14 10:18:00,372,372,374,374,0
2022-03-14 10:19:00,372,372,374,374,0
2022-03-14 10:20:00,372,372,374,374,0
2022-03-14 10:21:00,372,372,374,374,0
2022-03-14 10:22:00,372,372,374,374,0
2022-03-14 10:23:00,372,372,374,374,0
2022-03-14 10:24:00,372,372,374,374,0
2022-03-14 10:25:00,372,372,374,374,0
2022-03-14 10:26:00,372,372,374,374,0
2022-03-14 10:27:00,372,372,374,374,0
2022-03-14 10:28:00,372,372,374,374,0
2022-03-14 10:29:00,372,372,374,374,0
2022-03-14 10:30:00,372,372,374,374,0
2022-03-14 10:31:00,372,372,374,374,0
2022-03-14 10:32:00,372,372,374,374,0
2022-03-14 10:33:00,372,372,374,374,0
2022-03-14 10:34:00,372,372,374,374,0
2022-03-14 10:35:00,372,372,374,374,0
2022-03-14 10:36:00,372,372,374,374,0
2022-03-14 10:37:00,372,372,374,374,0
2022-03-14 10:38:00,372,372,374,374,0
2022-03-14 10:39:00,372,372,374,374,0
2022-03-14 10:40:00,372,372,374,374,0
2022-03-14 10:41:00,372,372,374,374,0
2022-03-14 10:42:00,372,372,374,374,0
2022-03-14 10:43:00,372,372,374,374,0
2022-03-14 10:44:00,372,372,374,374,0
2022-03-14 10:45:00,372,372,374,374,0
2022-03-14 10:46:00,372,372,374,374,0
2022-03-14 10:47:00,372,372,374,374,0
2022-03-14 10:48:00,372,372,374,374,0
2022-03-14 10:49:00,372,372,374,374,0
2022-03-14 10:50:00,372,372,374,374,0
2022-03-14 10:51:00,372,372,374,374,0
2022-03-14 10:52:00,372,372,374,374,0
2022-03-14 10:53:00,372,372,374,374,0
2022-03-14 10:54:00,372,372,374,374,0
2022-03-14 10:55:00,372,372,374,374,0
2022-03-14 10:56:00,372,372,374,374,0
2022-03-14 10:57:00,374,374,374,374,1000
2022-03-14 10:58:00,374,374,374,374,0
2022-03-14 10:59:00,374,374,374,374,0
2022-03-14 11:00:00,366,360,366,360,27300
2022-03-14 11:01:00,366,360,366,360,0
2022-03-14 11:02:00,366,360,366,360,0
2022-03-14 11:03:00,366,360,366,360,0
2022-03-14 11:04:00,366,360,366,360,0
2022-03-14 11:05:00,366,360,366,360,0
2022-03-14 11:06:00,366,360,366,360,0
2022-03-14 11:07:00,366,360,366,360,0
2022-03-14 11:08:00,366,360,366,360,0
2022-03-14 11:09:00,366,360,366,360,0
2022-03-14 11:10:00,366,360,366,360,0
2022-03-14 11:11:00,366,360,366,360,0
2022-03-14 11:12:00,366,360,366,360,0
2022-03-14 11:13:00,366,360,366,360,0
2022-03-14 11:14:00,366,360,366,360,0
2022-03-14 11:15:00,366,360,366,360,0
2022-03-14 11:16:00,366,360,366,360,0
2022-03-14 11:17:00,366,360,366,360,0
2022-03-14 11:18:00,366,360,366,360,0
2022-03-14 11:19:00,366,360,366,360,0
2022-03-14 11:20:00,366,360,366,360,0
2022-03-14 11:21:00,366,360,366,360,0
2022-03-14 11:22:00,366,360,366,360,0
2022-03-14 11:23:00,366,360,366,360,0
2022-03-14 11:24:00,366,360,366,360,0
2022-03-14 11:25:00,366,360,366,360,0
2022-03-14 11:26:00,366,360,366,360,0
2022-03-14 11:27:00,366,360,366,360,0
2022-03-14 11:28:00,366,360,366,360,0
2022-03-14 11:29:00,366,360,366,360,0
2022-03-14 11:30:00,366,360,366,360,0
2022-03-14 11:31:00,366,360,366,360,0
2022-03-14 11:32:00,366,360,366,360,0
2022-03-14 11:33:00,366,360,366,360,0
2022-03-14 11:34:00,366,360,366,360,0
2022-03-14 11:35:00,366,360,366,360,0
2022-03-14 11:36:00,366,360,366,360,0
2022-03-14 11:37:00,366,360,366,360,0
2022-03-14 11:38:00,366,360,366,360,0
2022-03-14 11:39:00,366,360,366,360,0
2022-03-14 11:40:00,366,360,366,360,0
2022-03-14 11:41:00,366,360,366,360,0
2022-03-14 11:42:00,366,360,366,360,0
2022-03-14 11:43:00,366,360,366,360,0
2022-03-14 11:44:00,366,360,366,360,0
2022-03-14 11:45:00,366,360,366,360,0
2022-03-14 11:46:00,366,360,366,360,0
2022-03-14 11:47:00,366,360,366,360,0
2022-03-14 11:48:00,366,360,366,360,0
2022-03-14 11:49:00,366,360,366,360,0
2022-03-14 11:50:00,366,360,366,360,0
2022-03-14 11:51:00,366,360,366,360,0
2022-03-14 11:52:00,366,360,366,360,0
2022-03-14 11:53:00,366,360,366,360,0
2022-03-14 11:54:00,366,360,366,360,0
2022-03-14 11:55:00,366,360,366,360,0
2022-03-14 11:56:00,366,360,366,360,0
2022-03-14 11:57:00,366,360,366,360,0
2022-03-14 11:58:00,366,360,366,360,0
2022-03-14 11:59:00,366,360,366,360,0
2022-03-14 12:00:00,366,360,366,360,0
2022-03-14 12:01:00,366,360,366,360,0
2022-03-14 12:02:00,366,360,366,360,0
2022-03-14 12:03:00,366,360,366,360,0
2022-03-14 12:04:00,366,360,366,360,0
2022-03-14 12:05:00,366,360,366,360,0
2022-03-14 12:06:00,366,360,366,360,0
2022-03-14 12:07:00,366,360,366,360,0
2022-03-14 12:08:00,366,360,366,360,0
2022-03-14 12:09:00,366,360,366,360,0
2022-03-14 12:10:00,366,360,366,360,0
2022-03-14 12:11:00,366,360,366,360,0
2022-03-14 12:12:00,366,360,366,360,0
2022-03-14 12:13:00,366,360,366,360,0
2022-03-14 12:14:00,366,360,366,360,0
2022-03-14 12:15:00,366,360,366,360,0
2022-03-14 12:16:00,366,360,366,360,0
2022-03-14 12:17:00,366,360,366,360,0
2022-03-14 12:18:00,366,360,366,360,0
2022-03-14 12:19:00,366,360,366,360,0
2022-03-14 12:20:00,366,360,366,360,0
2022-03-14 12:21:00,366,360,366,360,0
2022-03-14 12:22:00,366,360,366,360,0
2022-03-14 12:23:00,366,360,366,360,0
2022-03-14 12:24:00,366,360,366,360,0
2022-03-14 12:25:00,366,360,366,360,0
2022-03-14 12:26:00,366,360,366,360,0
2022-03-14 12:27:00,366,360,366,360,0
2022-03-14 12:28:00,366,360,366,360,0
2022-03-14 12:29:00,366,360,366,360,0
2022-03-14 12:30:00,366,360,366,360,0
2022-03-14 12:31:00,366,360,366,360,0
2022-03-14 12:32:00,366,360,366,360,0
2022-03-14 12:33:00,366,360,366,360,0
2022-03-14 12:34:00,366,360,366,360,0
2022-03-14 12:35:00,366,360,366,360,0
2022-03-14 12:36:00,366,360,366,360,0
2022-03-14 12:37:00,366,360,366,360,0
2022-03-14 12:38:00,366,360,366,360,0
2022-03-14 12:39:00,366,360,366,360,0
2022-03-14 12:40:00,366,360,366,360,0
2022-03-14 12:41:00,366,360,366,360,0
2022-03-14 12:42:00,366,360,366,360,0
2022-03-14 12:43:00,366,360,366,360,0
2022-03-14 12:44:00,366,360,366,360,0
2022-03-14 12:45:00,366,360,366,360,0
2022-03-14 12:46:00,366,360,366,360,0
2022-03-14 12:47:00,366,360,366,360,0
2022-03-14 12:48:00,366,360,366,360,0
2022-03-14 12:49:00,366,360,366,360,0
2022-03-14 12:50:00,366,360,366,360,0
2022-03-14 12:51:00,366,360,366,360,0
2022-03-14 12:52:00,366,360,366,360,0
2022-03-14 12:53:00,366,360,366,360,0
2022-03-14 12:54:00,366,360,366,360,0
2022-03-14 12:55:00,366,360,366,360,0
2022-03-14 12:56:00,366,360,366,360,0
2022-03-14 12:57:00,366,360,366,360,0
2022-03-14 12:58:00,366,360,366,360,0
2022-03-14 12:59:00,366,360,366,360,0
2022-03-14 13:00:00,366,360,366,360,0
2022-03-14 13:01:00,366,360,366,360,0
2022-03-14 13:02:00,366,360,366,360,0
2022-03-14 13:03:00,366,360,366,360,0
2022-03-14 13:04:00,366,360,366,360,0
2022-03-14 13:05:00,366,360,366,360,0
2022-03-14 13:06:00,366,360,366,360,0
2022-03-14 13:07:00,366,360,366,360,0
2022-03-14 13:08:00,366,360,366,360,0
2022-03-14 13:09:00,366,360,366,360,0
2022-03-14 13:10:00,366,360,366,360,0
2022-03-14 13:11:00,366,360,366,360,0
2022-03-14 13:12:00,366,360,366,360,0
2022-03-14 13:13:00,366,360,366,360,0
2022-03-14 13:14:00,366,360,366,360,0
2022-03-14 13:15:00,366,360,366,360,0
2022-03-14 13:16:00,366,360,366,360,0
2022-03-14 13:17:00,366,360,366,360,0
2022-03-14 13:18:00,366,360,366,360,0
2022-03-14 13:19:00,366,360,366,360,0
2022-03-14 13:20:00,366,360,366,360,0
2022-03-14 13:21:00,366,360,366,360,0
2022-03-14 13:22:00,366,360,366,360,0
2022-03-14 13:23:00,366,360,366,360,0
2022-03-14 13:24:00,366,360,366,360,0
2022-03-14 13:25:00,366,360,366,360,0
2022-03-14 13:26:00,366,360,366,360,0
2022-03-14 13:27:00,366,360,366,360,0
2022-03-14 13:28:00,366,360,366,360,0
2022-03-14 13:29:00,366,360,366,360,0
2022-03-14 13:30:00,372,372,376,376,1000
2022-03-14 13:31:00,372,372,376,376,0
2022-03-14 13:32:00,372,372,376,376,0
2022-03-14 13:33:00,372,372,376,376,0
2022-03-14 13:34:00,372,372,376,376,0
2022-03-14 13:35:00,372,372,376,376,0
2022-03-14 13:36:00,372,372,376,376,0
2022-03-14 13:37:00,372,372,376,376,0
2022-03-14 13:38:00,372,372,376,376,0
2022-03-14 13:39:00,372,372,376,376,0
2022-03-14 13:40:00,372,372,376,376,0
2022-03-14 13:41:00,372,372,376,376,0
2022-03-14 13:42:00,372,372,376,376,0
2022-03-14 13:43:00,372,372,376,376,0
2022-03-14 13:44:00,372,372,376,376,0
2022-03-14 13:45:00,372,372,376,376,0
2022-03-14 13:46:00,372,372,376,376,0
2022-03-14 13:47:00,372,372,376,376,0
2022-03-14 13:48:00,372,372,376,376,0
2022-03-14 13:49:00,372,372,376,376,0
2022-03-14 13:50:00,372,372,376,376,0
2022-03-14 13:51:00,372,372,376,376,0
2022-03-14 13:52:00,372,372,376,376,0
2022-03-14 13:53:00,372,372,376,376,0
2022-03-14 13:54:00,372,372,376,376,0
2022-03-14 13:55:00,372,372,376,376,0
2022-03-14 13:56:00,372,372,376,376,0
2022-03-14 13:57:00,372,372,376,376,0
2022-03-14 13:58:00,372,372,376,376,0
2022-03-14 13:59:00,372,372,376,376,0
2022-03-14 14:00:00,372,372,376,376,0
2022-03-14 14:01:00,372,372,376,376,0
2022-03-14 14:02:00,372,372,376,376,0
2022-03-14 14:03:00,372,372,376,376,0
2022-03-14 14:04:00,372,372,376,376,0
2022-03-14 14:05:00,372,372,376,376,0
2022-03-14 14:06:00,372,372,376,376,0
2022-03-14 14:07:00,372,372,376,376,0
2022-03-14 14:08:00,372,372,376,376,0
2022-03-14 14:09:00,372,372,376,376,0
2022-03-14 14:10:00,372,372,376,376,0
2022-03-14 14:11:00,372,372,376,376,0
2022-03-14 14:12:00,372,372,376,376,0
2022-03-14 14:13:00,372,372,376,376,0
2022-03-14 14:14:00,372,372,376,376,0
2022-03-14 14:15:00,372,372,376,376,0
2022-03-14 14:16:00,372,372,376,376,0
2022-03-14 14:17:00,372,372,376,376,0
2022-03-14 14:18:00,372,372,376,376,0
2022-03-14 14:19:00,372,372,376,376,0
2022-03-14 14:20:00,372,372,376,376,0
2022-03-14 14:21:00,372,372,376,376,0
2022-03-14 14:22:00,372,372,376,376,0
2022-03-14 14:23:00,372,372,376,376,0
2022-03-14 14:24:00,372,372,376,376,0
2022-03-14 14:25:00,372,372,376,376,0
2022-03-14 14:26:00,372,372,376,376,0
2022-03-14 14:27:00,372,372,376,376,0
2022-03-14 14:28:00,372,372,376,376,0
2022-03-14 14:29:00,372,372,376,376,0
2022-03-14 14:30:00,372,372,376,376,0
2022-03-14 14:31:00,372,372,376,376,0
2022-03-14 14:32:00,372,372,376,376,0
2022-03-14 14:33:00,372,372,376,376,0
2022-03-14 14:34:00,372,372,376,376,0
2022-03-14 14:35:00,372,372,376,376,0
2022-03-14 14:36:00,372,372,376,376,0
2022-03-14 14:37:00,372,372,376,376,0
2022-03-14 14:38:00,372,372,376,376,0
2022-03-14 14:39:00,372,372,376,376,0
2022-03-14 14:40:00,362,362,362,362,100
2022-03-14 14:41:00,362,362,362,362,0
2022-03-14 14:42:00,362,362,362,362,0
2022-03-14 14:43:00,362,362,362,362,0
2022-03-14 14:44:00,362,362,362,362,0
2022-03-14 14:45:00,362,362,362,362,1900
2022-03-14 14:46:00,362,362,362,362,0
2022-03-14 14:47:00,362,362,362,362,1000
2022-03-14 14:48:00,362,362,362,362,0
2022-03-14 14:49:00,362,360,362,360,7000
2022-03-14 14:50:00,362,360,362,360,0
2022-03-14 14:51:00,362,360,362,360,0
2022-03-14 14:52:00,362,360,362,360,0
2022-03-14 14:53:00,362,360,362,360,0
2022-03-14 14:54:00,362,360,362,360,0
2022-03-14 14:55:00,362,360,362,360,0
2022-03-14 14:56:00,362,360,362,360,0
2022-03-14 14:57:00,362,360,362,360,0
2022-03-14 14:58:00,362,360,362,360,0
2022-03-14 14:59:00,362,360,362,360,0
2022-03-14 15:00:00,360,360,360,360,1000
2022-03-14 15:01:00,360,360,360,360,0
2022-03-14 15:02:00,360,360,360,360,0
2022-03-14 15:03:00,360,360,360,360,0
2022-03-14 15:04:00,360,360,360,360,0
2022-03-14 15:05:00,360,360,360,360,0
2022-03-14 15:06:00,360,360,360,360,0
2022-03-14 15:07:00,360,360,360,360,1600
2022-03-14 15:08:00,360,360,360,360,0
2022-03-14 15:09:00,360,360,360,360,0
2022-03-14 15:10:00,360,360,360,360,0
2022-03-14 15:11:00,360,360,360,360,0
2022-03-14 15:12:00,360,360,360,360,0
2022-03-14 15:13:00,360,360,360,360,0
2022-03-14 15:14:00,360,360,360,360,0
2022-03-14 15:15:00,360,360,360,360,0
2022-03-14 15:16:00,360,360,360,360,0
2022-03-14 15:17:00,360,360,360,360,0
2022-03-14 15:18:00,360,360,360,360,0
2022-03-14 15:19:00,360,360,360,360,0
2022-03-14 15:20:00,360,360,360,360,0
2022-03-14 15:21:00,360,360,360,360,0
2022-03-14 15:22:00,360,360,360,360,0
2022-03-14 15:23:00,360,360,360,360,0
2022-03-14 15:24:00,360,360,360,360,0
2022-03-14 15:25:00,360,360,360,360,0
2022-03-14 15:26:00,360,360,360,360,0
2022-03-14 15:27:00,360,360,360,360,0
2022-03-14 15:28:00,360,360,360,360,0
2022-03-14 15:29:00,360,360,360,360,0
2022-03-14 15:30:00,360,360,360,360,0
2022-03-14 15:31:00,360,360,360,360,0
2022-03-14 15:32:00,360,360,360,360,0
2022-03-14 15:33:00,360,360,360,360,0
2022-03-14 15:34:00,360,360,360,360,0
2022-03-14 15:35:00,360,360,360,360,0
2022-03-14 15:36:00,360,360,360,360,0
2022-03-14 15:37:00,360,360,360,360,0
2022-03-14 15:38:00,360,360,360,360,0
2022-03-14 15:39:00,360,360,360,360,0
2022-03-14 15:40:00,360,360,360,360,0
2022-03-14 15:41:00,360,360,360,360,0
2022-03-14 15:42:00,360,360,360,360,0
2022-03-14 15:43:00,360,360,360,360,0
2022-03-14 15:44:00,360,360,360,360,0
2022-03-14 15:45:00,360,360,360,360,0
2022-03-14 15:46:00,360,360,360,360,0
2022-03-14 15:47:00,360,360,360,360,0
2022-03-14 15:48:00,360,360,360,360,0
2022-03-14 15:49:00,360,360,360,360,0
2022-03-14 15:50:00,360,360,360,360,0
2022-03-14 15:51:00,360,360,360,360,0
2022-03-14 15:52:00,360,360,360,360,0
2022-03-14 15:53:00,360,360,360,360,0
2022-03-14 15:54:00,360,360,360,360,0
2022-03-14 15:55:00,360,360,360,360,0
2022-03-14 15:56:00,360,360,360,360,0
2022-03-14 15:57:00,360,360,360,360,0
2022-03-14 15:58:00,360,360,360,360,0
2022-03-14 15:59:00,360,360,360,360,0
2022-03-15 09:00:00,360,360,360,360,0
2022-03-15 09:01:00,360,360,360,360,0
2022-03-15 09:02:00,360,360,360,360,0
2022-03-15 09:03:00,360,360,360,360,0
2022-03-15 09:04:00,360,360,360,360,0
2022-03-15 09:05:00,360,360,360,360,0
2022-03-15 09:06:00,360,360,360,360,0
2022-03-15 09:07:00,360,360,360,360,0
2022-03-15 09:08:00,360,360,360,360,0
2022-03-15 09:09:00,360,360,360,360,0
2022-03-15 09:10:00,360,360,360,360,0
2022-03-15 09:11:00,360,360,360,360,0
2022-03-15 09:12:00,360,360,360,360,0
2022-03-15 09:13:00,360,360,360,360,0
2022-03-15 09:14:00,360,360,360,360,0
2022-03-15 09:15:00,360,360,360,360,0
2022-03-15 09:16:00,360,360,360,360,0
2022-03-15 09:17:00,360,360,360,360,0
2022-03-15 09:18:00,360,360,360,360,0
2022-03-15 09:19:00,360,360,360,360,0
2022-03-15 09:20:00,360,360,360,360,0
2022-03-15 09:21:00,360,360,360,360,0
2022-03-15 09:22:00,360,360,360,360,0
2022-03-15 09:23:00,368,368,368,368,0
2022-03-15 09:24:00,368,368,368,368,0
2022-03-15 09:25:00,368,368,368,368,0
2022-03-15 09:26:00,368,368,368,368,0
2022-03-15 09:27:00,368,368,368,368,0
2022-03-15 09:28:00,368,368,368,368,0
2022-03-15 09:29:00,368,368,368,368,0
2022-03-15 09:30:00,368,368,368,368,0
2022-03-15 09:31:00,368,368,368,368,0
2022-03-15 09:32:00,368,368,368,368,0
2022-03-15 09:33:00,368,368,368,368,0
2022-03-15 09:34:00,368,368,368,368,0
2022-03-15 09:35:00,368,368,368,368,0
2022-03-15 09:36:00,368,368,368,368,0
2022-03-15 09:37:00,368,368,368,368,0
2022-03-15 09:38:00,368,368,368,368,0
2022-03-15 09:39:00,368,368,368,368,0
2022-03-15 09:40:00,368,368,368,368,0
2022-03-15 09:41:00,368,368,368,368,0
2022-03-15 09:42:00,368,368,368,368,0
2022-03-15 09:43:00,368,368,368,368,0
2022-03-15 09:44:00,368,368,368,368,0
2022-03-15 09:45:00,368,368,368,368,0
2022-03-15 09:46:00,362,362,362,362,100
2022-03-15 09:47:00,362,362,362,362,0
2022-03-15 09:48:00,362,362,362,362,0
2022-03-15 09:49:00,362,362,362,362,0
2022-03-15 09:50:00,362,362,362,362,0
2022-03-15 09:51:00,362,362,362,362,0
2022-03-15 09:52:00,362,362,362,362,0
2022-03-15 09:53:00,356,356,356,356,2700
2022-03-15 09:54:00,356,356,356,356,0
2022-03-15 09:55:00,356,356,356,356,0
2022-03-15 09:56:00,356,356,356,356,0
2022-03-15 09:57:00,356,356,356,356,0
2022-03-15 09:58:00,356,356,356,356,0
2022-03-15 09:59:00,356,356,356,356,0
2022-03-15 10:00:00,356,356,356,356,0
2022-03-15 10:01:00,356,356,356,356,0
2022-03-15 10:02:00,356,356,356,356,0
2022-03-15 10:03:00,356,356,356,356,0
2022-03-15 10:04:00,356,356,356,356,0
2022-03-15 10:05:00,356,356,356,356,0
2022-03-15 10:06:00,356,356,356,356,0
2022-03-15 10:07:00,356,356,356,356,0
2022-03-15 10:08:00,356,356,356,356,0
2022-03-15 10:09:00,356,356,356,356,0
2022-03-15 10:10:00,356,356,356,356,400
2022-03-15 10:11:00,356,356,356,356,0
2022-03-15 10:12:00,356,356,356,356,0
2022-03-15 10:13:00,356,356,356,356,0
2022-03-15 10:14:00,356,356,356,356,0
2022-03-15 10:15:00,356,356,356,356,0
2022-03-15 10:16:00,356,356,356,356,0
2022-03-15 10:17:00,356,356,356,356,0
2022-03-15 10:18:00,356,356,356,356,0
2022-03-15 10:19:00,356,356,356,356,0
2022-03-15 10:20:00,356,356,356,356,0
2022-03-15 10:21:00,356,356,356,356,0
2022-03-15 10:22:00,356,356,356,356,0
2022-03-15 10:23:00,356,356,356,356,0
2022-03-15 10:24:00,356,356,356,356,0
2022-03-15 10:25:00,356,356,356,356,0
2022-03-15 10:26:00,356,356,356,356,0
2022-03-15 10:27:00,356,356,356,356,0
2022-03-15 10:28:00,358,358,358,358,500
2022-03-15 10:29:00,358,358,358,358,0
2022-03-15 10:30:00,358,358,358,358,0
2022-03-15 10:31:00,358,358,358,358,0
2022-03-15 10:32:00,358,358,358,358,0
2022-03-15 10:33:00,358,358,358,358,0
2022-03-15 10:34:00,358,358,358,358,0
2022-03-15 10:35:00,358,358,358,358,0
2022-03-15 10:36:00,358,358,358,358,0
2022-03-15 10:37:00,360,360,360,360,100
2022-03-15 10:38:00,358,358,358,358,100
2022-03-15 10:39:00,358,358,358,358,0
2022-03-15 10:40:00,358,358,358,358,0
2022-03-15 10:41:00,358,358,358,358,0
2022-03-15 10:42:00,358,358,358,358,0
2022-03-15 10:43:00,358,358,358,358,0
2022-03-15 10:44:00,358,358,358,358,0
2022-03-15 10:45:00,358,358,358,358,0
2022-03-15 10:46:00,358,358,358,358,0
2022-03-15 10:47:00,358,358,358,358,0
2022-03-15 10:48:00,358,358,358,358,0
2022-03-15 10:49:00,358,358,358,358,0
2022-03-15 10:50:00,358,358,358,358,0
2022-03-15 10:51:00,358,358,358,358,0
2022-03-15 10:52:00,358,358,358,358,0
2022-03-15 10:53:00,358,358,358,358,0
2022-03-15 10:54:00,356,356,356,356,2400
2022-03-15 10:55:00,356,356,356,356,0
2022-03-15 10:56:00,356,356,356,356,0
2022-03-15 10:57:00,356,356,356,356,0
2022-03-15 10:58:00,356,356,356,356,0
2022-03-15 10:59:00,356,356,356,356,0
2022-03-15 11:00:00,356,356,356,356,0
2022-03-15 11:01:00,356,356,356,356,0
2022-03-15 11:02:00,356,356,356,356,0
2022-03-15 11:03:00,356,356,356,356,0
2022-03-15 11:04:00,356,356,356,356,0
2022-03-15 11:05:00,356,356,356,356,0
2022-03-15 11:06:00,356,356,356,356,0
2022-03-15 11:07:00,356,356,356,356,0
2022-03-15 11:08:00,356,356,356,356,0
2022-03-15 11:09:00,356,356,356,356,0
2022-03-15 11:10:00,356,356,356,356,0
2022-03-15 11:11:00,356,356,356,356,0
2022-03-15 11:12:00,356,356,356,356,0
2022-03-15 11:13:00,356,356,356,356,0
2022-03-15 11:14:00,356,356,356,356,0
2022-03-15 11:15:00,356,356,356,356,0
2022-03-15 11:16:00,356,356,356,356,0
2022-03-15 11:17:00,356,356,356,356,0
2022-03-15 11:18:00,356,356,356,356,0
2022-03-15 11:19:00,356,356,356,356,0
2022-03-15 11:20:00,356,356,356,356,0
2022-03-15 11:21:00,356,356,356,356,0
2022-03-15 11:22:00,356,356,356,356,0
2022-03-15 11:23:00,356,356,356,356,0
2022-03-15 11:24:00,356,356,356,356,0
2022-03-15 11:25:00,356,356,356,356,0
2022-03-15 11:26:00,356,356,356,356,0
2022-03-15 11:27:00,356,356,356,356,0
2022-03-15 11:28:00,356,356,356,356,0
2022-03-15 11:29:00,356,356,356,356,0
2022-03-15 11:30:00,356,356,356,356,0
2022-03-15 11:31:00,356,356,356,356,0
2022-03-15 11:32:00,356,356,356,356,0
2022-03-15 11:33:00,356,356,356,356,0
2022-03-15 11:34:00,356,356,356,356,0
2022-03-15 11:35:00,356,356,356,356,0
2022-03-15 11:36:00,356,356,356,356,0
2022-03-15 11:37:00,356,356,356,356,0
2022-03-15 11:38:00,356,356,356,356,0
2022-03-15 11:39:00,356,356,356,356,0
2022-03-15 11:40:00,356,356,356,356,0
2022-03-15 11:41:00,356,356,356,356,0
2022-03-15 11:42:00,356,356,356,356,0
2022-03-15 11:43:00,356,356,356,356,0
2022-03-15 11:44:00,356,356,356,356,0
2022-03-15 11:45:00,356,356,356,356,0
2022-03-15 11:46:00,356,356,356,356,0
2022-03-15 11:47:00,356,356,356,356,0
2022-03-15 11:48:00,356,356,356,356,0
2022-03-15 11:49:00,356,356,356,356,0
2022-03-15 11:50:00,356,356,356,356,0
2022-03-15 11:51:00,356,356,356,356,0
2022-03-15 11:52:00,356,356,356,356,0
2022-03-15 11:53:00,356,356,356,356,0
2022-03-15 11:54:00,356,356,356,356,0
2022-03-15 11:55:00,356,356,356,356,0
2022-03-15 11:56:00,356,356,356,356,0
2022-03-15 11:57:00,356,356,356,356,0
2022-03-15 11:58:00,356,356,356,356,0
2022-03-15 11:59:00,356,356,356,356,0
2022-03-15 12:00:00,356,356,356,356,0
2022-03-15 12:01:00,356,356,356,356,0
2022-03-15 12:02:00,356,356,356,356,0
2022-03-15 12:03:00,356,356,356,356,0
2022-03-15 12:04:00,356,356,356,356,0
2022-03-15 12:05:00,356,356,356,356,0
2022-03-15 12:06:00,356,356,356,356,0
2022-03-15 12:07:00,356,356,356,356,0
2022-03-15 12:08:00,356,356,356,356,0
2022-03-15 12:09:00,356,356,356,356,0
2022-03-15 12:10:00,356,356,356,356,0
2022-03-15 12:11:00,356,356,356,356,0
2022-03-15 12:12:00,356,356,356,356,0
2022-03-15 12:13:00,356,356,356,356,0
2022-03-15 12:14:00,356,356,356,356,0
2022-03-15 12:15:00,356,356,356,356,0
2022-03-15 12:16:00,356,356,356,356,0
2022-03-15 12:17:00,356,356,356,356,0
2022-03-15 12:18:00,356,356,356,356,0
2022-03-15 12:19:00,356,356,356,356,0
2022-03-15 12:20:00,356,356,356,356,0
2022-03-15 12:21:00,356,356,356,356,0
2022-03-15 12:22:00,356,356,356,356,0
2022-03-15 12:23:00,356,356,356,356,0
2022-03-15 12:24:00,356,356,356,356,0
2022-03-15 12:25:00,356,356,356,356,0
2022-03-15 12:26:00,356,356,356,356,0
2022-03-15 12:27:00,356,356,356,356,0
2022-03-15 12:28:00,356,356,356,356,0
2022-03-15 12:29:00,356,356,356,356,0
2022-03-15 12:30:00,356,356,356,356,0
2022-03-15 12:31:00,356,356,356,356,0
2022-03-15 12:32:00,356,356,356,356,0
2022-03-15 12:33:00,356,356,356,356,0
2022-03-15 12:34:00,356,356,356,356,0
2022-03-15 12:35:00,356,356,356,356,0
2022-03-15 12:36:00,356,356,356,356,0
2022-03-15 12:37:00,356,356,356,356,0
2022-03-15 12:38:00,356,356,356,356,0
2022-03-15 12:39:00,356,356,356,356,0
2022-03-15 12:40:00,356,356,356,356,0
2022-03-15 12:41:00,356,356,356,356,0
2022-03-15 12:42:00,356,356,356,356,0
2022-03-15 12:43:00,356,356,356,356,0
2022-03-15 12:44:00,356,356,356,356,0
2022-03-15 12:45:00,356,356,356,356,0
2022-03-15 12:46:00,356,356,356,356,0
2022-03-15 12:47:00,356,356,356,356,0
2022-03-15 12:48:00,356,356,356,356,0
2022-03-15 12:49:00,356,356,356,356,0
2022-03-15 12:50:00,356,356,356,356,0
2022-03-15 12:51:00,356,356,356,356,0
2022-03-15 12:52:00,356,356,356,356,0
2022-03-15 12:53:00,356,356,356,356,0
2022-03-15 12:54:00,356,356,356,356,0
2022-03-15 12:55:00,356,356,356,356,0
2022-03-15 12:56:00,356,356,356,356,0
2022-03-15 12:57:00,356,356,356,356,0
2022-03-15 12:58:00,356,356,356,356,0
2022-03-15 12:59:00,356,356,356,356,0
2022-03-15 13:00:00,356,356,356,356,0
2022-03-15 13:01:00,356,356,356,356,0
2022-03-15 13:02:00,356,356,356,356,0
2022-03-15 13:03:00,356,356,356,356,0
2022-03-15 13:04:00,356,356,356,356,0
2022-03-15 13:05:00,356,356,356,356,0
2022-03-15 13:06:00,356,356,356,356,0
2022-03-15 13:07:00,356,356,356,356,0
2022-03-15 13:08:00,356,356,356,356,0
2022-03-15 13:09:00,356,356,356,356,0
2022-03-15 13:10:00,356,356,356,356,0
2022-03-15 13:11:00,356,356,356,356,0
2022-03-15 13:12:00,356,356,356,356,0
2022-03-15 13:13:00,356,356,356,356,0
2022-03-15 13:14:00,356,356,356,356,0
2022-03-15 13:15:00,356,356,356,356,0
2022-03-15 13:16:00,356,356,356,356,0
2022-03-15 13:17:00,356,356,356,356,0
2022-03-15 13:18:00,356,356,356,356,0
2022-03-15 13:19:00,356,356,356,356,0
2022-03-15 13:20:00,356,356,356,356,0
2022-03-15 13:21:00,356,356,356,356,0
2022-03-15 13:22:00,356,356,356,356,0
2022-03-15 13:23:00,356,356,356,356,0
2022-03-15 13:24:00,356,356,356,356,0
2022-03-15 13:25:00,356,356,356,356,0
2022-03-15 13:26:00,356,356,356,356,0
2022-03-15 13:27:00,356,356,356,356,0
2022-03-15 13:28:00,356,356,356,356,0
2022-03-15 13:29:00,356,356,356,356,0
2022-03-15 13:30:00,360,360,360,360,100
2022-03-15 13:31:00,360,360,360,360,0
2022-03-15 13:32:00,360,360,360,360,0
2022-03-15 13:33:00,360,360,360,360,0
2022-03-15 13:34:00,360,360,360,360,0
2022-03-15 13:35:00,360,360,360,360,0
2022-03-15 13:36:00,360,360,360,360,0
2022-03-15 13:37:00,360,360,360,360,0
2022-03-15 13:38:00,360,360,360,360,0
2022-03-15 13:39:00,360,360,360,360,0
2022-03-15 13:40:00,360,360,360,360,0
2022-03-15 13:41:00,360,360,360,360,0
2022-03-15 13:42:00,360,360,360,360,0
2022-03-15 13:43:00,360,360,360,360,0
2022-03-15 13:44:00,360,360,360,360,0
2022-03-15 13:45:00,360,360,360,360,0
2022-03-15 13:46:00,360,360,360,360,0
2022-03-15 13:47:00,360,360,360,360,0
2022-03-15 13:48:00,360,360,360,360,0
2022-03-15 13:49:00,360,360,360,360,0
2022-03-15 13:50:00,360,360,360,360,0
2022-03-15 13:51:00,360,360,360,360,0
2022-03-15 13:52:00,360,360,360,360,0
2022-03-15 13:53:00,360,360,360,360,0
2022-03-15 13:54:00,360,360,360,360,0
2022-03-15 13:55:00,360,360,360,360,0
2022-03-15 13:56:00,360,360,360,360,0
2022-03-15 13:57:00,360,360,360,360,0
2022-03-15 13:58:00,360,360,360,360,0
2022-03-15 13:59:00,360,360,360,360,0
2022-03-15 14:00:00,360,360,360,360,1000
2022-03-15 14:01:00,360,360,360,360,2000
2022-03-15 14:02:00,360,360,360,360,0
2022-03-15 14:03:00,360,360,360,360,0
2022-03-15 14:04:00,360,360,360,360,0
2022-03-15 14:05:00,360,360,360,360,0
2022-03-15 14:06:00,360,360,360,360,0
2022-03-15 14:07:00,360,360,360,360,0
2022-03-15 14:08:00,360,360,360,360,0
2022-03-15 14:09:00,360,360,360,360,0
2022-03-15 14:10:00,360,360,360,360,0
2022-03-15 14:11:00,360,360,360,360,0
2022-03-15 14:12:00,360,360,360,360,0
2022-03-15 14:13:00,360,360,360,360,0
2022-03-15 14:14:00,360,360,360,360,0
2022-03-15 14:15:00,360,360,360,360,0
2022-03-15 14:16:00,360,360,360,360,0
2022-03-15 14:17:00,360,360,360,360,0
2022-03-15 14:18:00,360,360,360,360,0
2022-03-15 14:19:00,360,360,360,360,0
2022-03-15 14:20:00,360,360,360,360,0
2022-03-15 14:21:00,360,360,360,360,0
2022-03-15 14:22:00,360,360,360,360,0
2022-03-15 14:23:00,360,360,360,360,0
2022-03-15 14:24:00,360,360,360,360,0
2022-03-15 14:25:00,360,360,360,360,0
2022-03-15 14:26:00,360,360,360,360,0
2022-03-15 14:27:00,360,360,360,360,0
2022-03-15 14:28:00,360,360,360,360,0
2022-03-15 14:29:00,360,360,360,360,0
2022-03-15 14:30:00,360,360,360,360,0
2022-03-15 14:31:00,360,360,360,360,0
2022-03-15 14:32:00,360,360,360,360,0
2022-03-15 14:33:00,360,360,360,360,0
2022-03-15 14:34:00,360,360,360,360,0
2022-03-15 14:35:00,360,360,360,360,0
2022-03-15 14:36:00,360,360,360,360,0
2022-03-15 14:37:00,360,360,360,360,0
2022-03-15 14:38:00,360,360,360,360,0
2022-03-15 14:39:00,360,360,360,360,0
2022-03-15 14:40:00,360,360,360,360,0
2022-03-15 14:41:00,360,360,360,360,0
2022-03-15 14:42:00,360,360,360,360,0
2022-03-15 14:43:00,360,360,360,360,0
2022-03-15 14:44:00,360,360,360,360,0
2022-03-15 14:45:00,360,360,360,360,0
2022-03-15 14:46:00,360,360,360,360,0
2022-03-15 14:47:00,360,360,360,360,0
2022-03-15 14:48:00,360,360,360,360,0
2022-03-15 14:49:00,360,360,360,360,0
2022-03-15 14:50:00,360,360,360,360,0
2022-03-15 14:51:00,360,360,360,360,0
2022-03-15 14:52:00,360,360,360,360,0
2022-03-15 14:53:00,360,360,360,360,0
2022-03-15 14:54:00,360,360,360,360,0
2022-03-15 14:55:00,360,360,360,360,0
2022-03-15 14:56:00,360,360,360,360,0
2022-03-15 14:57:00,360,360,360,360,0
2022-03-15 14:58:00,360,360,360,360,0
2022-03-15 14:59:00,360,360,360,360,0
2022-03-15 15:00:00,360,360,360,360,20400
2022-03-15 15:01:00,360,360,360,360,0
2022-03-15 15:02:00,360,360,360,360,0
2022-03-15 15:03:00,360,360,360,360,0
2022-03-15 15:04:00,360,360,360,360,0
2022-03-15 15:05:00,360,360,360,360,0
2022-03-15 15:06:00,360,360,360,360,0
2022-03-15 15:07:00,360,360,360,360,0
2022-03-15 15:08:00,360,360,360,360,0
2022-03-15 15:09:00,360,360,360,360,0
2022-03-15 15:10:00,360,360,360,360,0
2022-03-15 15:11:00,360,360,360,360,0
2022-03-15 15:12:00,360,360,360,360,0
2022-03-15 15:13:00,360,360,360,360,0
2022-03-15 15:14:00,360,360,360,360,0
2022-03-15 15:15:00,360,360,360,360,0
2022-03-15 15:16:00,360,360,360,360,0
2022-03-15 15:17:00,360,360,360,360,0
2022-03-15 15:18:00,360,360,360,360,0
2022-03-15 15:19:00,360,360,360,360,0
2022-03-15 15:20:00,360,360,360,360,0
2022-03-15 15:21:00,360,360,360,360,0
2022-03-15 15:22:00,360,360,360,360,0
2022-03-15 15:23:00,360,360,360,360,0
2022-03-15 15:24:00,360,360,360,360,0
2022-03-15 15:25:00,360,360,360,360,0
2022-03-15 15:26:00,360,360,360,360,0
2022-03-15 15:27:00,360,360,360,360,0
2022-03-15 15:28:00,360,360,360,360,0
2022-03-15 15:29:00,360,360,360,360,0
2022-03-15 15:30:00,360,360,360,360,0
2022-03-15 15:31:00,360,360,360,360,0
2022-03-15 15:32:00,360,360,360,360,0
2022-03-15 15:33:00,360,360,360,360,0
2022-03-15 15:34:00,360,360,360,360,0
2022-03-15 15:35:00,360,360,360,360,0
2022-03-15 15:36:00,360,360,360,360,0
2022-03-15 15:37:00,360,360,360,360,0
2022-03-15 15:38:00,360,360,360,360,0
2022-03-15 15:39:00,360,360,360,360,0
2022-03-15 15:40:00,360,360,360,360,0
2022-03-15 15:41:00,360,360,360,360,0
2022-03-15 15:42:00,360,360,360,360,0
2022-03-15 15:43:00,360,360,360,360,0
2022-03-15 15:44:00,360,360,360,360,0
2022-03-15 15:45:00,360,360,360,360,0
2022-03-15 15:46:00,360,360,360,360,0
2022-03-15 15:47:00,360,360,360,360,0
2022-03-15 15:48:00,360,360,360,360,0
2022-03-15 15:49:00,360,360,360,360,0
2022-03-15 15:50:00,360,360,360,360,0
2022-03-15 15:51:00,360,360,360,360,0
2022-03-15 15:52:00,360,360,360,360,0
2022-03-15 15:53:00,360,360,360,360,0
2022-03-15 15:54:00,360,360,360,360,0
2022-03-15 15:55:00,360,360,360,360,0
2022-03-15 15:56:00,360,360,360,360,0
2022-03-15 15:57:00,360,360,360,360,0
2022-03-15 15:58:00,360,360,360,360,0
2022-03-15 15:59:00,360,360,360,360,0
2022-03-16 09:00:00,360,360,360,360,0
2022-03-16 09:01:00,360,360,360,360,0
2022-03-16 09:02:00,360,360,360,360,0
2022-03-16 09:03:00,360,360,360,360,0
2022-03-16 09:04:00,360,360,360,360,0
2022-03-16 09:05:00,360,360,360,360,0
2022-03-16 09:06:00,360,360,360,360,0
2022-03-16 09:07:00,360,360,360,360,0
2022-03-16 09:08:00,360,360,360,360,0
2022-03-16 09:09:00,360,360,360,360,0
2022-03-16 09:10:00,360,360,360,360,0
2022-03-16 09:11:00,360,360,360,360,0
2022-03-16 09:12:00,360,360,360,360,0
2022-03-16 09:13:00,360,360,360,360,0
2022-03-16 09:14:00,360,360,360,360,0
2022-03-16 09:15:00,360,360,360,360,0
2022-03-16 09:16:00,360,360,360,360,0
2022-03-16 09:17:00,360,360,360,360,0
2022-03-16 09:18:00,360,360,360,360,0
2022-03-16 09:19:00,360,360,360,360,0
2022-03-16 09:20:00,360,360,360,360,0
2022-03-16 09:21:00,360,360,360,360,0
2022-03-16 09:22:00,360,360,360,360,0
2022-03-16 09:23:00,360,360,360,360,0
2022-03-16 09:24:00,360,360,360,360,0
2022-03-16 09:25:00,360,360,360,360,0
2022-03-16 09:26:00,360,360,360,360,0
2022-03-16 09:27:00,360,360,360,360,0
2022-03-16 09:28:00,360,360,360,360,0
2022-03-16 09:29:00,360,360,360,360,0
2022-03-16 09:30:00,360,360,360,360,0
2022-03-16 09:31:00,360,360,360,360,0
2022-03-16 09:32:00,360,360,360,360,0
2022-03-16 09:33:00,360,360,360,360,0
2022-03-16 09:34:00,360,360,360,360,0
2022-03-16 09:35:00,360,360,360,360,0
2022-03-16 09:36:00,360,360,360,360,0
2022-03-16 09:37:00,360,360,360,360,0
2022-03-16 09:38:00,360,360,360,360,0
2022-03-16 09:39:00,360,360,360,360,0
2022-03-16 09:40:00,360,360,360,360,0
2022-03-16 09:41:00,360,360,360,360,0
2022-03-16 09:42:00,360,360,360,360,0
2022-03-16 09:43:00,360,360,360,360,0
2022-03-16 09:44:00,360,360,360,360,0
2022-03-16 09:45:00,360,360,360,360,0
2022-03-16 09:46:00,360,360,360,360,0
2022-03-16 09:47:00,360,360,360,360,0
2022-03-16 09:48:00,360,360,360,360,0
2022-03-16 09:49:00,360,360,360,360,0
2022-03-16 09:50:00,360,360,360,360,0
2022-03-16 09:51:00,360,360,360,360,0
2022-03-16 09:52:00,360,360,360,360,0
2022-03-16 09:53:00,360,360,360,360,0
2022-03-16 09:54:00,360,360,360,360,0
2022-03-16 09:55:00,360,360,360,360,0
2022-03-16 09:56:00,360,360,360,360,0
2022-03-16 09:57:00,360,360,360,360,0
2022-03-16 09:58:00,360,360,360,360,0
2022-03-16 09:59:00,360,360,360,360,0
2022-03-16 10:00:00,360,360,360,360,0
2022-03-16 10:01:00,360,360,360,360,0
2022-03-16 10:02:00,360,360,360,360,0
2022-03-16 10:03:00,360,360,360,360,0
2022-03-16 10:04:00,360,360,360,360,0
2022-03-16 10:05:00,360,360,360,360,0
2022-03-16 10:06:00,360,360,360,360,0
2022-03-16 10:07:00,360,360,360,360,0
2022-03-16 10:08:00,360,360,360,360,0
2022-03-16 10:09:00,360,360,360,360,0
2022-03-16 10:10:00,360,360,360,360,0
2022-03-16 10:11:00,360,360,360,360,0
2022-03-16 10:12:00,360,360,360,360,0
2022-03-16 10:13:00,360,360,360,360,0
2022-03-16 10:14:00,360,360,360,360,0
2022-03-16 10:15:00,360,360,360,360,0
2022-03-16 10:16:00,360,360,360,360,0
2022-03-16 10:17:00,360,360,360,360,0
2022-03-16 10:18:00,360,360,360,360,0
2022-03-16 10:19:00,360,360,360,360,0
2022-03-16 10:20:00,360,360,360,360,0
2022-03-16 10:21:00,360,360,360,360,0
2022-03-16 10:22:00,360,360,360,360,0
2022-03-16 10:23:00,360,360,360,360,0
2022-03-16 10:24:00,360,360,360,360,0
2022-03-16 10:25:00,360,360,360,360,200
2022-03-16 10:26:00,360,360,360,360,0
2022-03-16 10:27:00,360,360,360,360,0
2022-03-16 10:28:00,360,360,360,360,0
2022-03-16 10:29:00,360,360,360,360,0
2022-03-16 10:30:00,360,360,360,360,0
2022-03-16 10:31:00,360,360,360,360,0
2022-03-16 10:32:00,360,360,360,360,0
2022-03-16 10:33:00,360,360,360,360,0
2022-03-16 10:34:00,360,360,360,360,0
2022-03-16 10:35:00,360,360,360,360,0
2022-03-16 10:36:00,360,360,360,360,0
2022-03-16 10:37:00,360,360,360,360,0
2022-03-16 10:38:00,360,360,360,360,0
2022-03-16 10:39:00,360,360,360,360,0
2022-03-16 10:40:00,360,360,360,360,0
2022-03-16 10:41:00,360,360,360,360,9700
2022-03-16 10:42:00,360,360,360,360,0
2022-03-16 10:43:00,360,360,360,360,0
2022-03-16 10:44:00,360,360,360,360,0
2022-03-16 10:45:00,360,360,360,360,0
2022-03-16 10:46:00,360,360,360,360,0
2022-03-16 10:47:00,360,360,360,360,0
2022-03-16 10:48:00,360,360,360,360,0
2022-03-16 10:49:00,360,360,360,360,0
2022-03-16 10:50:00,360,360,360,360,0
2022-03-16 10:51:00,360,360,360,360,0
2022-03-16 10:52:00,360,360,360,360,0
2022-03-16 10:53:00,360,360,360,360,0
2022-03-16 10:54:00,360,360,360,360,0
2022-03-16 10:55:00,360,360,360,360,0
2022-03-16 10:56:00,360,360,360,360,0
2022-03-16 10:57:00,360,360,360,360,0
2022-03-16 10:58:00,360,360,360,360,0
2022-03-16 10:59:00,360,360,360,360,0
2022-03-16 11:00:00,360,360,360,360,0
2022-03-16 11:01:00,360,360,360,360,0
2022-03-16 11:02:00,360,360,360,360,0
2022-03-16 11:03:00,360,360,360,360,0
2022-03-16 11:04:00,360,360,360,360,0
2022-03-16 11:05:00,360,360,360,360,0
2022-03-16 11:06:00,360,360,360,360,0
2022-03-16 11:07:00,360,360,360,360,0
2022-03-16 11:08:00,360,360,360,360,0
2022-03-16 11:09:00,360,360,360,360,0
2022-03-16 11:10:00,360,360,360,360,0
2022-03-16 11:11:00,360,360,360,360,0
2022-03-16 11:12:00,360,360,360,360,0
2022-03-16 11:13:00,360,360,360,360,0
2022-03-16 11:14:00,360,360,360,360,0
2022-03-16 11:15:00,360,360,360,360,0
2022-03-16 11:16:00,360,360,360,360,0
2022-03-16 11:17:00,360,360,360,360,0
2022-03-16 11:18:00,360,360,360,360,0
2022-03-16 11:19:00,360,360,360,360,0
2022-03-16 11:20:00,360,360,360,360,0
2022-03-16 11:21:00,360,360,360,360,0
2022-03-16 11:22:00,360,360,360,360,0
2022-03-16 11:23:00,360,360,360,360,0
2022-03-16 11:24:00,360,360,360,360,0
2022-03-16 11:25:00,360,360,360,360,0
2022-03-16 11:26:00,360,360,360,360,0
2022-03-16 11:27:00,360,360,360,360,0
2022-03-16 11:28:00,360,360,360,360,0
2022-03-16 11:29:00,360,360,360,360,0
2022-03-16 11:30:00,360,360,360,360,0
2022-03-16 11:31:00,360,360,360,360,0
2022-03-16 11:32:00,360,360,360,360,0
2022-03-16 11:33:00,360,360,360,360,0
2022-03-16 11:34:00,360,360,360,360,0
2022-03-16 11:35:00,360,360,360,360,0
2022-03-16 11:36:00,360,360,360,360,0
2022-03-16 11:37:00,360,360,360,360,0
2022-03-16 11:38:00,360,360,360,360,0
2022-03-16 11:39:00,360,360,360,360,0
2022-03-16 11:40:00,360,360,360,360,0
2022-03-16 11:41:00,360,360,360,360,0
2022-03-16 11:42:00,360,360,360,360,0
2022-03-16 11:43:00,360,360,360,360,0
2022-03-16 11:44:00,360,360,360,360,0
2022-03-16 11:45:00,360,360,360,360,0
2022-03-16 11:46:00,360,360,360,360,0
2022-03-16 11:47:00,360,360,360,360,0
2022-03-16 11:48:00,360,360,360,360,0
2022-03-16 11:49:00,360,360,360,360,0
2022-03-16 11:50:00,360,360,360,360,0
2022-03-16 11:51:00,360,360,360,360,0
2022-03-16 11:52:00,360,360,360,360,0
2022-03-16 11:53:00,360,360,360,360,0
2022-03-16 11:54:00,360,360,360,360,0
2022-03-16 11:55:00,360,360,360,360,0
2022-03-16 11:56:00,360,360,360,360,0
2022-03-16 11:57:00,360,360,360,360,0
2022-03-16 11:58:00,360,360,360,360,0
2022-03-16 11:59:00,360,360,360,360,0
2022-03-16 12:00:00,360,360,360,360,0
2022-03-16 12:01:00,360,360,360,360,0
2022-03-16 12:02:00,360,360,360,360,0
2022-03-16 12:03:00,360,360,360,360,0
2022-03-16 12:04:00,360,360,360,360,0
2022-03-16 12:05:00,360,360,360,360,0
2022-03-16 12:06:00,360,360,360,360,0
2022-03-16 12:07:00,360,360,360,360,0
2022-03-16 12:08:00,360,360,360,360,0
2022-03-16 12:09:00,360,360,360,360,0
2022-03-16 12:10:00,360,360,360,360,0
2022-03-16 12:11:00,360,360,360,360,0
2022-03-16 12:12:00,360,360,360,360,0
2022-03-16 12:13:00,360,360,360,360,0
2022-03-16 12:14:00,360,360,360,360,0
2022-03-16 12:15:00,360,360,360,360,0
2022-03-16 12:16:00,360,360,360,360,0
2022-03-16 12:17:00,360,360,360,360,0
2022-03-16 12:18:00,360,360,360,360,0
2022-03-16 12:19:00,360,360,360,360,0
2022-03-16 12:20:00,360,360,360,360,0
2022-03-16 12:21:00,360,360,360,360,0
2022-03-16 12:22:00,360,360,360,360,0
2022-03-16 12:23:00,360,360,360,360,0
2022-03-16 12:24:00,360,360,360,360,0
2022-03-16 12:25:00,360,360,360,360,0
2022-03-16 12:26:00,360,360,360,360,0
2022-03-16 12:27:00,360,360,360,360,0
2022-03-16 12:28:00,360,360,360,360,0
2022-03-16 12:29:00,360,360,360,360,0
2022-03-16 12:30:00,360,360,360,360,0
2022-03-16 12:31:00,360,360,360,360,0
2022-03-16 12:32:00,360,360,360,360,0
2022-03-16 12:33:00,360,360,360,360,0
2022-03-16 12:34:00,360,360,360,360,0
2022-03-16 12:35:00,360,360,360,360,0
2022-03-16 12:36:00,360,360,360,360,0
2022-03-16 12:37:00,360,360,360,360,0
2022-03-16 12:38:00,360,360,360,360,0
2022-03-16 12:39:00,360,360,360,360,0
2022-03-16 12:40:00,360,360,360,360,0
2022-03-16 12:41:00,360,360,360,360,0
2022-03-16 12:42:00,360,360,360,360,0
2022-03-16 12:43:00,360,360,360,360,0
2022-03-16 12:44:00,360,360,360,360,0
2022-03-16 12:45:00,360,360,360,360,0
2022-03-16 12:46:00,360,360,360,360,0
2022-03-16 12:47:00,360,360,360,360,0
2022-03-16 12:48:00,360,360,360,360,0
2022-03-16 12:49:00,360,360,360,360,0
2022-03-16 12:50:00,360,360,360,360,0
2022-03-16 12:51:00,360,360,360,360,0
2022-03-16 12:52:00,360,360,360,360,0
2022-03-16 12:53:00,360,360,360,360,0
2022-03-16 12:54:00,360,360,360,360,0
2022-03-16 12:55:00,360,360,360,360,0
2022-03-16 12:56:00,360,360,360,360,0
2022-03-16 12:57:00,360,360,360,360,0
2022-03-16 12:58:00,360,360,360,360,0
2022-03-16 12:59:00,360,360,360,360,0
2022-03-16 13:00:00,360,360,360,360,0
2022-03-16 13:01:00,360,360,360,360,0
2022-03-16 13:02:00,360,360,360,360,0
2022-03-16 13:03:00,360,360,360,360,0
2022-03-16 13:04:00,360,360,360,360,0
2022-03-16 13:05:00,360,360,360,360,0
2022-03-16 13:06:00,360,360,360,360,0
2022-03-16 13:07:00,360,360,360,360,0
2022-03-16 13:08:00,360,360,360,360,0
2022-03-16 13:09:00,360,360,360,360,0
2022-03-16 13:10:00,360,360,360,360,0
2022-03-16 13:11:00,360,360,360,360,0
2022-03-16 13:12:00,360,360,360,360,0
2022-03-16 13:13:00,360,360,360,360,0
2022-03-16 13:14:00,360,360,360,360,0
2022-03-16 13:15:00,360,360,360,360,0
2022-03-16 13:16:00,360,360,360,360,0
2022-03-16 13:17:00,360,360,360,360,0
2022-03-16 13:18:00,360,360,360,360,0
2022-03-16 13:19:00,360,360,360,360,0
2022-03-16 13:20:00,360,360,360,360,0
2022-03-16 13:21:00,360,360,360,360,0
2022-03-16 13:22:00,360,360,360,360,0
2022-03-16 13:23:00,360,360,360,360,0
2022-03-16 13:24:00,360,360,360,360,0
2022-03-16 13:25:00,360,360,360,360,0
2022-03-16 13:26:00,360,360,360,360,0
2022-03-16 13:27:00,360,360,360,360,0
2022-03-16 13:28:00,360,360,360,360,0
2022-03-16 13:29:00,360,360,360,360,0
2022-03-16 13:30:00,360,360,360,360,0
2022-03-16 13:31:00,360,360,360,360,0
2022-03-16 13:32:00,360,360,360,360,0
2022-03-16 13:33:00,360,360,360,360,0
2022-03-16 13:34:00,360,360,360,360,0
2022-03-16 13:35:00,360,360,360,360,0
2022-03-16 13:36:00,360,360,360,360,0
2022-03-16 13:37:00,360,360,360,360,0
2022-03-16 13:38:00,360,360,360,360,0
2022-03-16 13:39:00,360,360,360,360,0
2022-03-16 13:40:00,360,360,360,360,0
2022-03-16 13:41:00,360,360,360,360,0
2022-03-16 13:42:00,360,360,360,360,0
2022-03-16 13:43:00,360,360,360,360,0
2022-03-16 13:44:00,360,360,360,360,0
2022-03-16 13:45:00,360,360,360,360,0
2022-03-16 13:46:00,360,360,360,360,0
2022-03-16 13:47:00,360,360,360,360,0
2022-03-16 13:48:00,360,360,360,360,0
2022-03-16 13:49:00,360,360,360,360,0
2022-03-16 13:50:00,360,360,360,360,0
2022-03-16 13:51:00,360,360,360,360,0
2022-03-16 13:52:00,360,360,360,360,0
2022-03-16 13:53:00,360,360,360,360,0
2022-03-16 13:54:00,360,360,360,360,0
2022-03-16 13:55:00,360,360,360,360,0
2022-03-16 13:56:00,360,360,360,360,0
2022-03-16 13:57:00,360,360,360,360,0
2022-03-16 13:58:00,360,360,360,360,0
2022-03-16 13:59:00,360,360,360,360,0
2022-03-16 14:00:00,360,360,360,360,0
2022-03-16 14:01:00,360,360,360,360,0
2022-03-16 14:02:00,360,360,360,360,0
2022-03-16 14:03:00,360,360,360,360,0
2022-03-16 14:04:00,360,360,360,360,0
2022-03-16 14:05:00,360,360,360,360,0
2022-03-16 14:06:00,360,360,360,360,0
2022-03-16 14:07:00,360,360,360,360,0
2022-03-16 14:08:00,360,360,360,360,0
2022-03-16 14:09:00,360,360,360,360,0
2022-03-16 14:10:00,360,360,360,360,0
2022-03-16 14:11:00,360,360,360,360,0
2022-03-16 14:12:00,360,360,360,360,0
2022-03-16 14:13:00,360,360,360,360,0
2022-03-16 14:14:00,360,360,360,360,0
2022-03-16 14:15:00,360,360,360,360,0
2022-03-16 14:16:00,360,360,360,360,0
2022-03-16 14:17:00,362,362,362,362,1100
2022-03-16 14:18:00,362,362,362,362,0
2022-03-16 14:19:00,362,362,362,362,0
2022-03-16 14:20:00,362,362,362,362,0
2022-03-16 14:21:00,362,362,362,362,0
2022-03-16 14:22:00,362,362,362,362,0
2022-03-16 14:23:00,362,362,362,362,0
2022-03-16 14:24:00,362,362,362,362,0
2022-03-16 14:25:00,362,362,362,362,0
2022-03-16 14:26:00,362,362,362,362,0
2022-03-16 14:27:00,362,362,362,362,0
2022-03-16 14:28:00,362,362,362,362,0
2022-03-16 14:29:00,362,362,362,362,0
2022-03-16 14:30:00,362,362,362,362,0
2022-03-16 14:31:00,362,362,362,362,0
2022-03-16 14:32:00,362,362,362,362,0
2022-03-16 14:33:00,362,362,362,362,0
2022-03-16 14:34:00,362,362,362,362,0
2022-03-16 14:35:00,362,362,362,362,0
2022-03-16 14:36:00,362,362,362,362,0
2022-03-16 14:37:00,362,362,362,362,0
2022-03-16 14:38:00,362,362,362,362,0
2022-03-16 14:39:00,362,362,362,362,0
2022-03-16 14:40:00,362,362,362,362,0
2022-03-16 14:41:00,362,362,362,362,0
2022-03-16 14:42:00,362,362,362,362,0
2022-03-16 14:43:00,362,362,362,362,0
2022-03-16 14:44:00,362,362,362,362,0
2022-03-16 14:45:00,362,362,362,362,0
2022-03-16 14:46:00,362,362,362,362,0
2022-03-16 14:47:00,362,362,362,362,0
2022-03-16 14:48:00,362,362,362,362,0
2022-03-16 14:49:00,362,362,362,362,0
2022-03-16 14:50:00,362,362,362,362,0
2022-03-16 14:51:00,362,362,362,362,0
2022-03-16 14:52:00,362,362,362,362,0
2022-03-16 14:53:00,362,362,362,362,0
2022-03-16 14:54:00,362,362,362,362,0
2022-03-16 14:55:00,362,362,362,362,0
2022-03-16 14:56:00,362,362,362,362,0
2022-03-16 14:57:00,362,362,362,362,0
2022-03-16 14:58:00,362,362,362,362,0
2022-03-16 14:59:00,362,362,362,362,0
2022-03-16 15:00:00,362,362,362,362,0
2022-03-16 15:01:00,362,362,362,362,3700
2022-03-16 15:02:00,362,362,362,362,0
2022-03-16 15:03:00,362,362,362,362,0
2022-03-16 15:04:00,362,362,362,362,0
2022-03-16 15:05:00,362,362,362,362,0
2022-03-16 15:06:00,362,362,362,362,0
2022-03-16 15:07:00,362,362,362,362,0
2022-03-16 15:08:00,362,362,362,362,0
2022-03-16 15:09:00,362,362,362,362,0
2022-03-16 15:10:00,362,362,362,362,0
2022-03-16 15:11:00,362,362,362,362,0
2022-03-16 15:12:00,362,362,362,362,0
2022-03-16 15:13:00,362,362,362,362,0
2022-03-16 15:14:00,362,362,362,362,0
2022-03-16 15:15:00,362,362,362,362,0
2022-03-16 15:16:00,362,362,362,362,0
2022-03-16 15:17:00,362,362,362,362,0
2022-03-16 15:18:00,362,362,362,362,0
2022-03-16 15:19:00,362,362,362,362,0
2022-03-16 15:20:00,362,362,362,362,0
2022-03-16 15:21:00,362,362,362,362,0
2022-03-16 15:22:00,362,362,362,362,0
2022-03-16 15:23:00,362,362,362,362,0
2022-03-16 15:24:00,362,362,362,362,0
2022-03-16 15:25:00,362,362,362,362,0
2022-03-16 15:26:00,362,362,362,362,0
2022-03-16 15:27:00,362,362,362,362,0
2022-03-16 15:28:00,362,362,362,362,0
2022-03-16 15:29:00,362,362,362,362,0
2022-03-16 15:30:00,362,362,362,362,0
2022-03-16 15:31:00,362,362,362,362,0
2022-03-16 15:32:00,362,362,362,362,0
2022-03-16 15:33:00,362,362,362,362,0
2022-03-16 15:34:00,362,362,362,362,0
2022-03-16 15:35:00,362,362,362,362,0
2022-03-16 15:36:00,362,362,362,362,0
2022-03-16 15:37:00,362,362,362,362,0
2022-03-16 15:38:00,362,362,362,362,0
2022-03-16 15:39:00,362,362,362,362,0
2022-03-16 15:40:00,362,362,362,362,0
2022-03-16 15:41:00,362,362,362,362,0
2022-03-16 15:42:00,362,362,362,362,0
2022-03-16 15:43:00,362,362,362,362,0
2022-03-16 15:44:00,362,362,362,362,0
2022-03-16 15:45:00,362,362,362,362,0
2022-03-16 15:46:00,362,362,362,362,0
2022-03-16 15:47:00,362,362,362,362,0
2022-03-16 15:48:00,362,362,362,362,0
2022-03-16 15:49:00,362,362,362,362,0
2022-03-16 15:50:00,362,362,362,362,0
2022-03-16 15:51:00,362,362,362,362,0
2022-03-16 15:52:00,362,362,362,362,0
2022-03-16 15:53:00,362,362,362,362,0
2022-03-16 15:54:00,362,362,362,362,0
2022-03-16 15:55:00,362,362,362,362,0
2022-03-16 15:56:00,362,362,362,362,0
2022-03-16 15:57:00,362,362,362,362,0
2022-03-16 15:58:00,362,362,362,362,0
2022-03-16 15:59:00,362,362,362,362,0
2022-03-17 09:00:00,360,354,360,354,0
2022-03-17 09:01:00,360,354,360,354,0
2022-03-17 09:02:00,354,352,354,352,1300
2022-03-17 09:03:00,354,352,354,352,0
2022-03-17 09:04:00,354,352,354,352,0
2022-03-17 09:05:00,354,352,354,352,0
2022-03-17 09:06:00,354,352,354,352,0
2022-03-17 09:07:00,354,352,354,352,0
2022-03-17 09:08:00,354,352,354,352,0
2022-03-17 09:09:00,354,352,354,352,0
2022-03-17 09:10:00,356,356,356,356,5000
2022-03-17 09:11:00,356,356,356,356,0
2022-03-17 09:12:00,356,356,356,356,0
2022-03-17 09:13:00,372,372,372,372,100
2022-03-17 09:14:00,372,372,380,380,1600
2022-03-17 09:15:00,372,372,380,380,0
2022-03-17 09:16:00,372,372,380,380,0
2022-03-17 09:17:00,372,372,380,380,0
2022-03-17 09:18:00,372,372,380,380,0
2022-03-17 09:19:00,372,372,380,380,0
2022-03-17 09:20:00,372,372,380,380,0
2022-03-17 09:21:00,372,372,380,380,0
2022-03-17 09:22:00,372,372,380,380,0
2022-03-17 09:23:00,372,372,380,380,0
2022-03-17 09:24:00,372,372,380,380,0
2022-03-17 09:25:00,372,372,380,380,0
2022-03-17 09:26:00,378,378,378,378,1400
2022-03-17 09:27:00,378,378,378,378,0
2022-03-17 09:28:00,378,378,378,378,0
2022-03-17 09:29:00,378,378,378,378,0
2022-03-17 09:30:00,378,378,378,378,0
2022-03-17 09:31:00,378,378,378,378,0
2022-03-17 09:32:00,378,378,378,378,0
2022-03-17 09:33:00,378,378,378,378,0
2022-03-17 09:34:00,378,378,378,378,0
2022-03-17 09:35:00,378,378,378,378,0
2022-03-17 09:36:00,378,378,378,378,0
2022-03-17 09:37:00,378,378,378,378,0
2022-03-17 09:38:00,378,378,378,378,0
2022-03-17 09:39:00,378,378,378,378,0
2022-03-17 09:40:00,378,378,378,378,0
2022-03-17 09:41:00,378,378,378,378,0
2022-03-17 09:42:00,378,378,378,378,0
2022-03-17 09:43:00,370,370,370,370,100
2022-03-17 09:44:00,370,370,370,370,0
2022-03-17 09:45:00,370,370,370,370,0
2022-03-17 09:46:00,370,370,370,370,0
2022-03-17 09:47:00,370,370,370,370,0
2022-03-17 09:48:00,370,370,370,370,0
2022-03-17 09:49:00,370,370,370,370,0
2022-03-17 09:50:00,370,370,370,370,0
2022-03-17 09:51:00,370,370,370,370,0
2022-03-17 09:52:00,370,370,370,370,0
2022-03-17 09:53:00,370,370,370,370,0
2022-03-17 09:54:00,370,370,370,370,0
2022-03-17 09:55:00,370,370,370,370,0
2022-03-17 09:56:00,370,370,370,370,0
2022-03-17 09:57:00,370,370,370,370,0
2022-03-17 09:58:00,370,370,370,370,0
2022-03-17 09:59:00,370,370,370,370,0
2022-03-17 10:00:00,370,370,370,370,0
2022-03-17 10:01:00,370,370,370,370,0
2022-03-17 10:02:00,370,370,370,370,0
2022-03-17 10:03:00,370,370,370,370,0
2022-03-17 10:04:00,370,370,370,370,0
2022-03-17 10:05:00,370,370,370,370,0
2022-03-17 10:06:00,370,370,370,370,0
2022-03-17 10:07:00,370,370,370,370,0
2022-03-17 10:08:00,370,370,370,370,0
2022-03-17 10:09:00,370,370,370,370,0
2022-03-17 10:10:00,370,370,370,370,0
2022-03-17 10:11:00,370,370,370,370,0
2022-03-17 10:12:00,370,370,370,370,0
2022-03-17 10:13:00,370,370,370,370,0
2022-03-17 10:14:00,370,370,370,370,0
2022-03-17 10:15:00,370,370,370,370,0
2022-03-17 10:16:00,370,370,370,370,0
2022-03-17 10:17:00,370,370,370,370,0
2022-03-17 10:18:00,370,370,370,370,0
2022-03-17 10:19:00,370,370,370,370,0
2022-03-17 10:20:00,370,370,370,370,0
2022-03-17 10:21:00,370,370,370,370,0
2022-03-17 10:22:00,370,370,370,370,0
2022-03-17 10:23:00,370,370,370,370,0
2022-03-17 10:24:00,370,370,370,370,0
2022-03-17 10:25:00,370,370,370,370,0
2022-03-17 10:26:00,370,370,370,370,0
2022-03-17 10:27:00,370,370,370,370,0
2022-03-17 10:28:00,370,370,370,370,0
2022-03-17 10:29:00,370,370,370,370,0
2022-03-17 10:30:00,370,370,370,370,0
2022-03-17 10:31:00,370,370,370,370,0
2022-03-17 10:32:00,370,370,370,370,0
2022-03-17 10:33:00,370,370,370,370,0
2022-03-17 10:34:00,370,370,370,370,0
2022-03-17 10:35:00,370,370,370,370,0
2022-03-17 10:36:00,370,370,370,370,0
2022-03-17 10:37:00,370,370,370,370,0
2022-03-17 10:38:00,370,370,370,370,0
2022-03-17 10:39:00,370,370,370,370,0
2022-03-17 10:40:00,370,370,370,370,0
2022-03-17 10:41:00,370,370,370,370,0
2022-03-17 10:42:00,370,370,370,370,0
2022-03-17 10:43:00,370,370,370,370,0
2022-03-17 10:44:00,370,370,370,370,0
2022-03-17 10:45:00,370,370,370,370,0
2022-03-17 10:46:00,370,370,370,370,0
2022-03-17 10:47:00,370,370,370,370,0
2022-03-17 10:48:00,370,370,370,370,0
2022-03-17 10:49:00,370,370,370,370,0
2022-03-17 10:50:00,370,370,370,370,0
2022-03-17 10:51:00,370,370,370,370,0
2022-03-17 10:52:00,370,370,370,370,0
2022-03-17 10:53:00,370,370,370,370,0
2022-03-17 10:54:00,370,370,370,370,0
2022-03-17 10:55:00,370,370,370,370,0
2022-03-17 10:56:00,370,370,370,370,0
2022-03-17 10:57:00,370,370,370,370,0
2022-03-17 10:58:00,370,370,370,370,0
2022-03-17 10:59:00,370,370,370,370,0
2022-03-17 11:00:00,370,370,370,370,0
2022-03-17 11:01:00,370,370,370,370,0
2022-03-17 11:02:00,370,370,370,370,0
2022-03-17 11:03:00,370,370,370,370,0
2022-03-17 11:04:00,370,370,370,370,0
2022-03-17 11:05:00,370,370,370,370,0
2022-03-17 11:06:00,370,370,370,370,0
2022-03-17 11:07:00,370,370,370,370,0
2022-03-17 11:08:00,370,370,370,370,0
2022-03-17 11:09:00,370,370,370,370,0
2022-03-17 11:10:00,370,370,370,370,0
2022-03-17 11:11:00,370,370,370,370,0
2022-03-17 11:12:00,370,370,370,370,0
2022-03-17 11:13:00,370,370,370,370,0
2022-03-17 11:14:00,370,370,370,370,0
2022-03-17 11:15:00,370,370,370,370,0
2022-03-17 11:16:00,370,370,370,370,0
2022-03-17 11:17:00,370,370,370,370,0
2022-03-17 11:18:00,370,370,370,370,0
2022-03-17 11:19:00,370,370,370,370,0
2022-03-17 11:20:00,370,370,370,370,0
2022-03-17 11:21:00,370,370,370,370,0
2022-03-17 11:22:00,370,370,370,370,0
2022-03-17 11:23:00,370,370,370,370,0
2022-03-17 11:24:00,370,370,370,370,0
2022-03-17 11:25:00,370,370,370,370,0
2022-03-17 11:26:00,370,370,370,370,0
2022-03-17 11:27:00,370,370,370,370,0
2022-03-17 11:28:00,370,370,370,370,0
2022-03-17 11:29:00,370,370,370,370,0
2022-03-17 11:30:00,370,370,370,370,0
2022-03-17 11:31:00,370,370,370,370,0
2022-03-17 11:32:00,370,370,370,370,0
2022-03-17 11:33:00,370,370,370,370,0
2022-03-17 11:34:00,370,370,370,370,0
2022-03-17 11:35:00,370,370,370,370,0
2022-03-17 11:36:00,370,370,370,370,0
2022-03-17 11:37:00,370,370,370,370,0
2022-03-17 11:38:00,370,370,370,370,0
2022-03-17 11:39:00,370,370,370,370,0
2022-03-17 11:40:00,370,370,370,370,0
2022-03-17 11:41:00,370,370,370,370,0
2022-03-17 11:42:00,370,370,370,370,0
2022-03-17 11:43:00,370,370,370,370,0
2022-03-17 11:44:00,370,370,370,370,0
2022-03-17 11:45:00,370,370,370,370,0
2022-03-17 11:46:00,370,370,370,370,0
2022-03-17 11:47:00,370,370,370,370,0
2022-03-17 11:48:00,370,370,370,370,0
2022-03-17 11:49:00,370,370,370,370,0
2022-03-17 11:50:00,370,370,370,370,0
2022-03-17 11:51:00,370,370,370,370,0
2022-03-17 11:52:00,370,370,370,370,0
2022-03-17 11:53:00,370,370,370,370,0
2022-03-17 11:54:00,370,370,370,370,0
2022-03-17 11:55:00,370,370,370,370,0
2022-03-17 11:56:00,370,370,370,370,0
2022-03-17 11:57:00,370,370,370,370,0
2022-03-17 11:58:00,370,370,370,370,0
2022-03-17 11:59:00,370,370,370,370,0
2022-03-17 12:00:00,370,370,370,370,0
2022-03-17 12:01:00,370,370,370,370,0
2022-03-17 12:02:00,370,370,370,370,0
2022-03-17 12:03:00,370,370,370,370,0
2022-03-17 12:04:00,370,370,370,370,0
2022-03-17 12:05:00,370,370,370,370,0
2022-03-17 12:06:00,370,370,370,370,0
2022-03-17 12:07:00,370,370,370,370,0
2022-03-17 12:08:00,370,370,370,370,0
2022-03-17 12:09:00,370,370,370,370,0
2022-03-17 12:10:00,370,370,370,370,0
2022-03-17 12:11:00,370,370,370,370,0
2022-03-17 12:12:00,370,370,370,370,0
2022-03-17 12:13:00,370,370,370,370,0
2022-03-17 12:14:00,370,370,370,370,0
2022-03-17 12:15:00,370,370,370,370,0
2022-03-17 12:16:00,370,370,370,370,0
2022-03-17 12:17:00,370,370,370,370,0
2022-03-17 12:18:00,370,370,370,370,0
2022-03-17 12:19:00,370,370,370,370,0
2022-03-17 12:20:00,370,370,370,370,0
2022-03-17 12:21:00,370,370,370,370,0
2022-03-17 12:22:00,370,370,370,370,0
2022-03-17 12:23:00,370,370,370,370,0
2022-03-17 12:24:00,370,370,370,370,0
2022-03-17 12:25:00,370,370,370,370,0
2022-03-17 12:26:00,370,370,370,370,0
2022-03-17 12:27:00,370,370,370,370,0
2022-03-17 12:28:00,370,370,370,370,0
2022-03-17 12:29:00,370,370,370,370,0
2022-03-17 12:30:00,370,370,370,370,0
2022-03-17 12:31:00,370,370,370,370,0
2022-03-17 12:32:00,370,370,370,370,0
2022-03-17 12:33:00,370,370,370,370,0
2022-03-17 12:34:00,370,370,370,370,0
2022-03-17 12:35:00,370,370,370,370,0
2022-03-17 12:36:00,370,370,370,370,0
2022-03-17 12:37:00,370,370,370,370,0
2022-03-17 12:38:00,370,370,370,370,0
2022-03-17 12:39:00,370,370,370,370,0
2022-03-17 12:40:00,370,370,370,370,0
2022-03-17 12:41:00,370,370,370,370,0
2022-03-17 12:42:00,370,370,370,370,0
2022-03-17 12:43:00,370,370,370,370,0
2022-03-17 12:44:00,370,370,370,370,0
2022-03-17 12:45:00,370,370,370,370,0
2022-03-17 12:46:00,370,370,370,370,0
2022-03-17 12:47:00,370,370,370,370,0
2022-03-17 12:48:00,370,370,370,370,0
2022-03-17 12:49:00,370,370,370,370,0
2022-03-17 12:50:00,370,370,370,370,0
2022-03-17 12:51:00,370,370,370,370,0
2022-03-17 12:52:00,370,370,370,370,0
2022-03-17 12:53:00,370,370,370,370,0
2022-03-17 12:54:00,370,370,370,370,0
2022-03-17 12:55:00,370,370,370,370,0
2022-03-17 12:56:00,370,370,370,370,0
2022-03-17 12:57:00,370,370,370,370,0
2022-03-17 12:58:00,370,370,370,370,0
2022-03-17 12:59:00,370,370,370,370,0
2022-03-17 13:00:00,370,370,370,370,0
2022-03-17 13:01:00,370,370,370,370,0
2022-03-17 13:02:00,370,370,370,370,0
2022-03-17 13:03:00,370,370,370,370,0
2022-03-17 13:04:00,370,370,370,370,0
2022-03-17 13:05:00,370,370,370,370,0
2022-03-17 13:06:00,370,370,370,370,0
2022-03-17 13:07:00,370,370,370,370,0
2022-03-17 13:08:00,370,370,370,370,0
2022-03-17 13:09:00,370,370,370,370,0
2022-03-17 13:10:00,370,370,370,370,0
2022-03-17 13:11:00,370,370,370,370,0
2022-03-17 13:12:00,370,370,370,370,0
2022-03-17 13:13:00,370,370,370,370,0
2022-03-17 13:14:00,370,370,370,370,0
2022-03-17 13:15:00,370,370,370,370,0
2022-03-17 13:16:00,370,370,370,370,0
2022-03-17 13:17:00,370,370,370,370,0
2022-03-17 13:18:00,370,370,370,370,0
2022-03-17 13:19:00,370,370,370,370,0
2022-03-17 13:20:00,370,370,370,370,0
2022-03-17 13:21:00,370,370,370,370,0
2022-03-17 13:22:00,370,370,370,370,0
2022-03-17 13:23:00,370,370,370,370,0
2022-03-17 13:24:00,370,370,370,370,0
2022-03-17 13:25:00,370,370,370,370,0
2022-03-17 13:26:00,370,370,370,370,0
2022-03-17 13:27:00,370,370,370,370,0
2022-03-17 13:28:00,370,370,370,370,0
2022-03-17 13:29:00,370,370,370,370,0
2022-03-17 13:30:00,370,370,370,370,0
2022-03-17 13:31:00,370,370,370,370,0
2022-03-17 13:32:00,370,370,370,370,0
2022-03-17 13:33:00,370,370,370,370,0
2022-03-17 13:34:00,370,370,370,370,0
2022-03-17 13:35:00,370,370,370,370,0
2022-03-17 13:36:00,370,370,370,370,0
2022-03-17 13:37:00,370,370,370,370,0
2022-03-17 13:38:00,370,370,370,370,0
2022-03-17 13:39:00,370,370,370,370,0
2022-03-17 13:40:00,370,370,370,370,0
2022-03-17 13:41:00,370,370,370,370,0
2022-03-17 13:42:00,370,370,370,370,0
2022-03-17 13:43:00,370,370,370,370,0
2022-03-17 13:44:00,370,370,370,370,0
2022-03-17 13:45:00,370,370,370,370,0
2022-03-17 13:46:00,370,370,370,370,0
2022-03-17 13:47:00,370,370,370,370,0
2022-03-17 13:48:00,370,370,370,370,0
2022-03-17 13:49:00,370,370,370,370,0
2022-03-17 13:50:00,370,370,370,370,0
2022-03-17 13:51:00,370,370,370,370,0
2022-03-17 13:52:00,370,370,370,370,0
2022-03-17 13:53:00,370,370,370,370,0
2022-03-17 13:54:00,370,370,370,370,900
2022-03-17 13:55:00,370,370,370,370,0
2022-03-17 13:56:00,370,370,370,370,0
2022-03-17 13:57:00,370,370,370,370,0
2022-03-17 13:58:00,370,370,370,370,0
2022-03-17 13:59:00,370,370,370,370,0
2022-03-17 14:00:00,370,370,370,370,500
2022-03-17 14:01:00,370,370,370,370,0
2022-03-17 14:02:00,370,370,370,370,0
2022-03-17 14:03:00,370,370,370,370,0
2022-03-17 14:04:00,370,370,370,370,0
2022-03-17 14:05:00,370,370,370,370,0
2022-03-17 14:06:00,370,370,370,370,0
2022-03-17 14:07:00,370,370,370,370,0
2022-03-17 14:08:00,370,370,370,370,0
2022-03-17 14:09:00,370,370,370,370,0
2022-03-17 14:10:00,370,370,370,370,0
2022-03-17 14:11:00,370,370,370,370,0
2022-03-17 14:12:00,370,370,370,370,0
2022-03-17 14:13:00,370,370,370,370,0
2022-03-17 14:14:00,370,370,370,370,0
2022-03-17 14:15:00,370,370,370,370,0
2022-03-17 14:16:00,370,370,370,370,0
2022-03-17 14:17:00,370,370,370,370,0
2022-03-17 14:18:00,370,370,370,370,0
2022-03-17 14:19:00,370,370,370,370,0
2022-03-17 14:20:00,370,370,370,370,0
2022-03-17 14:21:00,370,370,370,370,0
2022-03-17 14:22:00,370,370,370,370,0
2022-03-17 14:23:00,370,370,370,370,0
2022-03-17 14:24:00,370,370,370,370,0
2022-03-17 14:25:00,370,370,370,370,0
2022-03-17 14:26:00,370,370,370,370,0
2022-03-17 14:27:00,362,354,362,354,50000
2022-03-17 14:28:00,362,354,362,354,0
2022-03-17 14:29:00,362,354,362,354,0
2022-03-17 14:30:00,370,370,370,370,100
2022-03-17 14:31:00,370,370,370,370,0
2022-03-17 14:32:00,370,370,370,370,0
2022-03-17 14:33:00,370,370,370,370,0
2022-03-17 14:34:00,370,370,370,370,0
2022-03-17 14:35:00,370,370,370,370,0
2022-03-17 14:36:00,370,370,370,370,0
2022-03-17 14:37:00,370,370,370,370,0
2022-03-17 14:38:00,370,370,370,370,0
2022-03-17 14:39:00,370,370,370,370,0
2022-03-17 14:40:00,370,370,370,370,0
2022-03-17 14:41:00,370,370,370,370,0
2022-03-17 14:42:00,370,370,370,370,0
2022-03-17 14:43:00,370,370,370,370,0
2022-03-17 14:44:00,370,370,370,370,0
2022-03-17 14:45:00,370,370,370,370,0
2022-03-17 14:46:00,370,370,370,370,0
2022-03-17 14:47:00,370,370,370,370,0
2022-03-17 14:48:00,370,370,370,370,0
2022-03-17 14:49:00,370,370,370,370,0
2022-03-17 14:50:00,370,370,370,370,0
2022-03-17 14:51:00,370,370,370,370,0
2022-03-17 14:52:00,370,370,370,370,0
2022-03-17 14:53:00,370,370,370,370,0
2022-03-17 14:54:00,370,370,370,370,0
2022-03-17 14:55:00,370,370,370,370,0
2022-03-17 14:56:00,370,370,370,370,0
2022-03-17 14:57:00,370,370,370,370,0
2022-03-17 14:58:00,370,370,370,370,0
2022-03-17 14:59:00,370,370,370,370,0
2022-03-17 15:00:00,370,370,370,370,0
2022-03-17 15:01:00,370,370,370,370,0
2022-03-17 15:02:00,370,370,370,370,0
2022-03-17 15:03:00,370,370,370,370,0
2022-03-17 15:04:00,370,370,370,370,0
2022-03-17 15:05:00,370,370,370,370,0
2022-03-17 15:06:00,370,370,370,370,0
2022-03-17 15:07:00,370,370,370,370,0
2022-03-17 15:08:00,370,370,370,370,0
2022-03-17 15:09:00,370,370,370,370,0
2022-03-17 15:10:00,370,370,370,370,0
2022-03-17 15:11:00,370,370,370,370,0
2022-03-17 15:12:00,370,370,370,370,0
2022-03-17 15:13:00,370,370,370,370,0
2022-03-17 15:14:00,370,370,370,370,0
2022-03-17 15:15:00,370,370,370,370,0
2022-03-17 15:16:00,370,370,370,370,0
2022-03-17 15:17:00,370,370,370,370,0
2022-03-17 15:18:00,370,370,370,370,0
2022-03-17 15:19:00,370,370,370,370,0
2022-03-17 15:20:00,370,370,370,370,0
2022-03-17 15:21:00,370,370,370,370,0
2022-03-17 15:22:00,370,370,370,370,0
2022-03-17 15:23:00,370,370,370,370,0
2022-03-17 15:24:00,370,370,370,370,0
2022-03-17 15:25:00,370,370,370,370,0
2022-03-17 15:26:00,370,370,370,370,0
2022-03-17 15:27:00,370,370,370,370,0
2022-03-17 15:28:00,370,370,370,370,0
2022-03-17 15:29:00,370,370,370,370,0
2022-03-17 15:30:00,370,370,370,370,0
2022-03-17 15:31:00,370,370,370,370,0
2022-03-17 15:32:00,370,370,370,370,0
2022-03-17 15:33:00,370,370,370,370,0
2022-03-17 15:34:00,370,370,370,370,0
2022-03-17 15:35:00,370,370,370,370,0
2022-03-17 15:36:00,370,370,370,370,0
2022-03-17 15:37:00,370,370,370,370,0
2022-03-17 15:38:00,370,370,370,370,0
2022-03-17 15:39:00,370,370,370,370,0
2022-03-17 15:40:00,370,370,370,370,0
2022-03-17 15:41:00,370,370,370,370,0
2022-03-17 15:42:00,370,370,370,370,0
2022-03-17 15:43:00,370,370,370,370,0
2022-03-17 15:44:00,370,370,370,370,0
2022-03-17 15:45:00,370,370,370,370,0
2022-03-17 15:46:00,370,370,370,370,0
2022-03-17 15:47:00,370,370,370,370,0
2022-03-17 15:48:00,370,370,370,370,0
2022-03-17 15:49:00,370,370,370,370,0
2022-03-17 15:50:00,370,370,370,370,0
2022-03-17 15:51:00,370,370,370,370,0
2022-03-17 15:52:00,370,370,370,370,0
2022-03-17 15:53:00,370,370,370,370,0
2022-03-17 15:54:00,370,370,370,370,0
2022-03-17 15:55:00,370,370,370,370,0
2022-03-17 15:56:00,370,370,370,370,0
2022-03-17 15:57:00,370,370,370,370,0
2022-03-17 15:58:00,370,370,370,370,0
2022-03-17 15:59:00,370,370,370,370,0
2022-03-18 09:00:00,370,370,370,370,0
2022-03-18 09:01:00,370,370,370,370,0
2022-03-18 09:02:00,370,370,370,370,0
2022-03-18 09:03:00,370,370,370,370,0
2022-03-18 09:04:00,370,370,370,370,0
2022-03-18 09:05:00,370,370,370,370,0
2022-03-18 09:06:00,370,370,370,370,0
2022-03-18 09:07:00,370,370,370,370,0
2022-03-18 09:08:00,370,370,370,370,0
2022-03-18 09:09:00,370,370,370,370,0
2022-03-18 09:10:00,370,370,370,370,0
2022-03-18 09:11:00,370,370,370,370,0
2022-03-18 09:12:00,370,370,370,370,0
2022-03-18 09:13:00,370,370,370,370,200
2022-03-18 09:14:00,370,370,370,370,0
2022-03-18 09:15:00,370,370,370,370,0
2022-03-18 09:16:00,370,370,370,370,0
2022-03-18 09:17:00,370,370,370,370,0
2022-03-18 09:18:00,370,370,370,370,0
2022-03-18 09:19:00,370,370,370,370,0
2022-03-18 09:20:00,370,370,370,370,0
2022-03-18 09:21:00,370,370,370,370,0
2022-03-18 09:22:00,370,370,370,370,0
2022-03-18 09:23:00,370,370,370,370,0
2022-03-18 09:24:00,370,370,370,370,0
2022-03-18 09:25:00,370,370,370,370,0
2022-03-18 09:26:00,368,368,368,368,200
2022-03-18 09:27:00,368,368,368,368,0
2022-03-18 09:28:00,368,368,368,368,0
2022-03-18 09:29:00,368,368,368,368,0
2022-03-18 09:30:00,368,368,368,368,0
2022-03-18 09:31:00,368,368,368,368,0
2022-03-18 09:32:00,368,368,368,368,0
2022-03-18 09:33:00,368,368,368,368,0
2022-03-18 09:34:00,368,368,368,368,0
2022-03-18 09:35:00,368,368,368,368,0
2022-03-18 09:36:00,368,368,368,368,0
2022-03-18 09:37:00,368,368,368,368,0
2022-03-18 09:38:00,368,368,368,368,0
2022-03-18 09:39:00,368,368,368,368,0
2022-03-18 09:40:00,368,368,368,368,0
2022-03-18 09:41:00,368,368,368,368,0
2022-03-18 09:42:00,368,368,370,370,10300
2022-03-18 09:43:00,370,370,370,370,9700
2022-03-18 09:44:00,370,370,370,370,0
2022-03-18 09:45:00,370,370,370,370,0
2022-03-18 09:46:00,370,370,370,370,0
2022-03-18 09:47:00,370,370,370,370,0
2022-03-18 09:48:00,370,370,370,370,0
2022-03-18 09:49:00,370,370,370,370,0
2022-03-18 09:50:00,370,370,370,370,0
2022-03-18 09:51:00,370,370,370,370,0
2022-03-18 09:52:00,370,370,370,370,0
2022-03-18 09:53:00,370,370,370,370,0
2022-03-18 09:54:00,370,370,370,370,0
2022-03-18 09:55:00,370,370,370,370,0
2022-03-18 09:56:00,370,370,370,370,0
2022-03-18 09:57:00,370,370,370,370,0
2022-03-18 09:58:00,370,370,370,370,0
2022-03-18 09:59:00,370,370,370,370,0
2022-03-18 10:00:00,370,370,370,370,0
2022-03-18 10:01:00,370,370,370,370,0
2022-03-18 10:02:00,370,370,370,370,0
2022-03-18 10:03:00,370,370,370,370,0
2022-03-18 10:04:00,370,370,370,370,0
2022-03-18 10:05:00,364,364,364,364,100
2022-03-18 10:06:00,364,364,364,364,0
2022-03-18 10:07:00,364,364,364,364,0
2022-03-18 10:08:00,364,364,364,364,0
2022-03-18 10:09:00,364,364,364,364,0
2022-03-18 10:10:00,364,364,364,364,0
2022-03-18 10:11:00,364,364,364,364,0
2022-03-18 10:12:00,364,364,364,364,0
2022-03-18 10:13:00,364,364,364,364,0
2022-03-18 10:14:00,364,364,364,364,0
2022-03-18 10:15:00,364,364,364,364,0
2022-03-18 10:16:00,364,364,364,364,0
2022-03-18 10:17:00,364,364,364,364,0
2022-03-18 10:18:00,364,364,364,364,0
2022-03-18 10:19:00,364,364,364,364,0
2022-03-18 10:20:00,364,364,364,364,0
2022-03-18 10:21:00,364,364,364,364,0
2022-03-18 10:22:00,364,364,364,364,0
2022-03-18 10:23:00,364,364,364,364,0
2022-03-18 10:24:00,364,364,364,364,0
2022-03-18 10:25:00,364,364,364,364,0
2022-03-18 10:26:00,364,364,364,364,0
2022-03-18 10:27:00,364,364,364,364,0
2022-03-18 10:28:00,364,364,364,364,0
2022-03-18 10:29:00,364,364,364,364,0
2022-03-18 10:30:00,364,364,364,364,0
2022-03-18 10:31:00,364,364,364,364,0
2022-03-18 10:32:00,364,364,364,364,1500
2022-03-18 10:33:00,364,364,364,364,0
2022-03-18 10:34:00,364,364,364,364,0
2022-03-18 10:35:00,364,364,364,364,0
2022-03-18 10:36:00,364,364,364,364,300
2022-03-18 10:37:00,364,364,364,364,0
2022-03-18 10:38:00,364,364,364,364,0
2022-03-18 10:39:00,364,364,364,364,0
2022-03-18 10:40:00,364,364,364,364,0
2022-03-18 10:41:00,364,364,364,364,0
2022-03-18 10:42:00,364,364,364,364,0
2022-03-18 10:43:00,364,364,364,364,0
2022-03-18 10:44:00,364,364,364,364,0
2022-03-18 10:45:00,364,364,364,364,0
2022-03-18 10:46:00,364,364,364,364,0
2022-03-18 10:47:00,364,364,364,364,0
2022-03-18 10:48:00,364,364,364,364,0
2022-03-18 10:49:00,364,364,364,364,0
2022-03-18 10:50:00,364,364,364,364,0
2022-03-18 10:51:00,364,364,364,364,0
2022-03-18 10:52:00,364,364,364,364,0
2022-03-18 10:53:00,364,364,364,364,0
2022-03-18 10:54:00,364,364,364,364,0
2022-03-18 10:55:00,364,364,364,364,0
2022-03-18 10:56:00,364,364,364,364,0
2022-03-18 10:57:00,364,364,364,364,0
2022-03-18 10:58:00,364,364,364,364,1000
2022-03-18 10:59:00,364,364,364,364,0
2022-03-18 11:00:00,364,364,364,364,2000
2022-03-18 11:01:00,364,364,364,364,0
2022-03-18 11:02:00,364,364,364,364,0
2022-03-18 11:03:00,364,364,364,364,0
2022-03-18 11:04:00,364,364,364,364,0
2022-03-18 11:05:00,364,364,364,364,0
2022-03-18 11:06:00,364,364,364,364,0
2022-03-18 11:07:00,364,364,364,364,1700
2022-03-18 11:08:00,364,364,364,364,0
2022-03-18 11:09:00,364,364,364,364,0
2022-03-18 11:10:00,364,364,364,364,0
2022-03-18 11:11:00,364,364,364,364,0
2022-03-18 11:12:00,364,364,364,364,0
2022-03-18 11:13:00,364,364,364,364,0
2022-03-18 11:14:00,364,364,364,364,0
2022-03-18 11:15:00,364,364,364,364,0
2022-03-18 11:16:00,364,364,364,364,0
2022-03-18 11:17:00,364,364,364,364,0
2022-03-18 11:18:00,364,364,364,364,0
2022-03-18 11:19:00,364,364,364,364,0
2022-03-18 11:20:00,364,364,364,364,0
2022-03-18 11:21:00,364,364,364,364,0
2022-03-18 11:22:00,364,364,364,364,0
2022-03-18 11:23:00,364,364,364,364,0
2022-03-18 11:24:00,364,364,364,364,0
2022-03-18 11:25:00,364,364,364,364,0
2022-03-18 11:26:00,364,364,364,364,0
2022-03-18 11:27:00,364,364,364,364,0
2022-03-18 11:28:00,364,364,364,364,0
2022-03-18 11:29:00,364,364,364,364,0
2022-03-18 11:30:00,364,364,364,364,0
2022-03-18 11:31:00,364,364,364,364,0
2022-03-18 11:32:00,364,364,364,364,0
2022-03-18 11:33:00,364,364,364,364,0
2022-03-18 11:34:00,364,364,364,364,0
2022-03-18 11:35:00,364,364,364,364,0
2022-03-18 11:36:00,364,364,364,364,0
2022-03-18 11:37:00,364,364,364,364,0
2022-03-18 11:38:00,364,364,364,364,0
2022-03-18 11:39:00,364,364,364,364,0
2022-03-18 11:40:00,364,364,364,364,0
2022-03-18 11:41:00,364,364,364,364,0
2022-03-18 11:42:00,364,364,364,364,0
2022-03-18 11:43:00,364,364,364,364,0
2022-03-18 11:44:00,364,364,364,364,0
2022-03-18 11:45:00,364,364,364,364,0
2022-03-18 11:46:00,364,364,364,364,0
2022-03-18 11:47:00,364,364,364,364,0
2022-03-18 11:48:00,364,364,364,364,0
2022-03-18 11:49:00,364,364,364,364,0
2022-03-18 11:50:00,364,364,364,364,0
2022-03-18 11:51:00,364,364,364,364,0
2022-03-18 11:52:00,364,364,364,364,0
2022-03-18 11:53:00,364,364,364,364,0
2022-03-18 11:54:00,364,364,364,364,0
2022-03-18 11:55:00,364,364,364,364,0
2022-03-18 11:56:00,364,364,364,364,0
2022-03-18 11:57:00,364,364,364,364,0
2022-03-18 11:58:00,364,364,364,364,0
2022-03-18 11:59:00,364,364,364,364,0
2022-03-18 12:00:00,364,364,364,364,0
2022-03-18 12:01:00,364,364,364,364,0
2022-03-18 12:02:00,364,364,364,364,0
2022-03-18 12:03:00,364,364,364,364,0
2022-03-18 12:04:00,364,364,364,364,0
2022-03-18 12:05:00,364,364,364,364,0
2022-03-18 12:06:00,364,364,364,364,0
2022-03-18 12:07:00,364,364,364,364,0
2022-03-18 12:08:00,364,364,364,364,0
2022-03-18 12:09:00,364,364,364,364,0
2022-03-18 12:10:00,364,364,364,364,0
2022-03-18 12:11:00,364,364,364,364,0
2022-03-18 12:12:00,364,364,364,364,0
2022-03-18 12:13:00,364,364,364,364,0
2022-03-18 12:14:00,364,364,364,364,0
2022-03-18 12:15:00,364,364,364,364,0
2022-03-18 12:16:00,364,364,364,364,0
2022-03-18 12:17:00,364,364,364,364,0
2022-03-18 12:18:00,364,364,364,364,0
2022-03-18 12:19:00,364,364,364,364,0
2022-03-18 12:20:00,364,364,364,364,0
2022-03-18 12:21:00,364,364,364,364,0
2022-03-18 12:22:00,364,364,364,364,0
2022-03-18 12:23:00,364,364,364,364,0
2022-03-18 12:24:00,364,364,364,364,0
2022-03-18 12:25:00,364,364,364,364,0
2022-03-18 12:26:00,364,364,364,364,0
2022-03-18 12:27:00,364,364,364,364,0
2022-03-18 12:28:00,364,364,364,364,0
2022-03-18 12:29:00,364,364,364,364,0
2022-03-18 12:30:00,364,364,364,364,0
2022-03-18 12:31:00,364,364,364,364,0
2022-03-18 12:32:00,364,364,364,364,0
2022-03-18 12:33:00,364,364,364,364,0
2022-03-18 12:34:00,364,364,364,364,0
2022-03-18 12:35:00,364,364,364,364,0
2022-03-18 12:36:00,364,364,364,364,0
2022-03-18 12:37:00,364,364,364,364,0
2022-03-18 12:38:00,364,364,364,364,0
2022-03-18 12:39:00,364,364,364,364,0
2022-03-18 12:40:00,364,364,364,364,0
2022-03-18 12:41:00,364,364,364,364,0
2022-03-18 12:42:00,364,364,364,364,0
2022-03-18 12:43:00,364,364,364,364,0
2022-03-18 12:44:00,364,364,364,364,0
2022-03-18 12:45:00,364,364,364,364,0
2022-03-18 12:46:00,364,364,364,364,0
2022-03-18 12:47:00,364,364,364,364,0
2022-03-18 12:48:00,364,364,364,364,0
2022-03-18 12:49:00,364,364,364,364,0
2022-03-18 12:50:00,364,364,364,364,0
2022-03-18 12:51:00,364,364,364,364,0
2022-03-18 12:52:00,364,364,364,364,0
2022-03-18 12:53:00,364,364,364,364,0
2022-03-18 12:54:00,364,364,364,364,0
2022-03-18 12:55:00,364,364,364,364,0
2022-03-18 12:56:00,364,364,364,364,0
2022-03-18 12:57:00,364,364,364,364,0
2022-03-18 12:58:00,364,364,364,364,0
2022-03-18 12:59:00,364,364,364,364,0
2022-03-18 13:00:00,364,364,364,364,0
2022-03-18 13:01:00,364,364,364,364,0
2022-03-18 13:02:00,364,364,364,364,0
2022-03-18 13:03:00,364,364,364,364,0
2022-03-18 13:04:00,364,364,364,364,0
2022-03-18 13:05:00,364,364,364,364,0
2022-03-18 13:06:00,364,364,364,364,0
2022-03-18 13:07:00,364,364,364,364,0
2022-03-18 13:08:00,364,364,364,364,0
2022-03-18 13:09:00,364,364,364,364,0
2022-03-18 13:10:00,364,364,364,364,0
2022-03-18 13:11:00,364,364,364,364,0
2022-03-18 13:12:00,364,364,364,364,0
2022-03-18 13:13:00,364,364,364,364,0
2022-03-18 13:14:00,364,364,364,364,0
2022-03-18 13:15:00,364,364,364,364,0
2022-03-18 13:16:00,364,364,364,364,0
2022-03-18 13:17:00,364,364,364,364,0
2022-03-18 13:18:00,364,364,364,364,0
2022-03-18 13:19:00,364,364,364,364,0
2022-03-18 13:20:00,364,364,364,364,0
2022-03-18 13:21:00,364,364,364,364,0
2022-03-18 13:22:00,364,364,364,364,0
2022-03-18 13:23:00,364,364,364,364,0
2022-03-18 13:24:00,364,364,364,364,0
2022-03-18 13:25:00,364,364,364,364,0
2022-03-18 13:26:00,364,364,364,364,0
2022-03-18 13:27:00,364,364,364,364,0
2022-03-18 13:28:00,364,364,364,364,0
2022-03-18 13:29:00,364,364,364,364,0
2022-03-18 13:30:00,364,364,364,364,0
2022-03-18 13:31:00,364,364,364,364,0
2022-03-18 13:32:00,364,364,364,364,0
2022-03-18 13:33:00,364,364,364,364,0
2022-03-18 13:34:00,364,364,364,364,0
2022-03-18 13:35:00,364,364,364,364,0
2022-03-18 13:36:00,364,364,364,364,0
2022-03-18 13:37:00,364,364,364,364,0
2022-03-18 13:38:00,364,364,364,364,0
2022-03-18 13:39:00,364,364,364,364,0
2022-03-18 13:40:00,364,364,364,364,0
2022-03-18 13:41:00,364,364,364,364,0
2022-03-18 13:42:00,364,364,364,364,0
2022-03-18 13:43:00,364,364,364,364,0
2022-03-18 13:44:00,364,364,364,364,0
2022-03-18 13:45:00,364,364,364,364,0
2022-03-18 13:46:00,364,364,364,364,0
2022-03-18 13:47:00,364,364,364,364,0
2022-03-18 13:48:00,364,364,364,364,0
2022-03-18 13:49:00,364,364,364,364,0
2022-03-18 13:50:00,364,364,364,364,1800
2022-03-18 13:51:00,364,364,364,364,0
2022-03-18 13:52:00,364,364,364,364,0
2022-03-18 13:53:00,364,364,364,364,0
2022-03-18 13:54:00,364,364,364,364,0
2022-03-18 13:55:00,364,364,364,364,0
2022-03-18 13:56:00,364,364,364,364,0
2022-03-18 13:57:00,364,364,364,364,0
2022-03-18 13:58:00,364,364,364,364,0
2022-03-18 13:59:00,364,364,364,364,0
2022-03-18 14:00:00,364,364,364,364,0
2022-03-18 14:01:00,364,364,364,364,0
2022-03-18 14:02:00,364,364,364,364,0
2022-03-18 14:03:00,364,364,364,364,0
2022-03-18 14:04:00,364,364,364,364,0
2022-03-18 14:05:00,364,364,364,364,0
2022-03-18 14:06:00,364,364,364,364,0
2022-03-18 14:07:00,364,364,364,364,0
2022-03-18 14:08:00,364,364,364,364,0
2022-03-18 14:09:00,364,364,364,364,0
2022-03-18 14:10:00,364,364,364,364,0
2022-03-18 14:11:00,364,364,364,364,0
2022-03-18 14:12:00,364,364,364,364,0
2022-03-18 14:13:00,364,364,364,364,0
2022-03-18 14:14:00,364,364,364,364,0
2022-03-18 14:15:00,364,364,364,364,0
2022-03-18 14:16:00,364,364,364,364,0
2022-03-18 14:17:00,364,364,364,364,0
2022-03-18 14:18:00,364,364,364,364,0
2022-03-18 14:19:00,364,364,364,364,0
2022-03-18 14:20:00,364,364,364,364,0
2022-03-18 14:21:00,364,364,364,364,0
2022-03-18 14:22:00,364,364,364,364,0
2022-03-18 14:23:00,364,364,364,364,0
2022-03-18 14:24:00,364,364,364,364,0
2022-03-18 14:25:00,364,364,364,364,0
2022-03-18 14:26:00,364,364,364,364,0
2022-03-18 14:27:00,364,364,364,364,0
2022-03-18 14:28:00,364,364,364,364,0
2022-03-18 14:29:00,364,364,364,364,0
2022-03-18 14:30:00,364,364,364,364,0
2022-03-18 14:31:00,364,364,364,364,0
2022-03-18 14:32:00,364,364,364,364,0
2022-03-18 14:33:00,364,364,364,364,0
2022-03-18 14:34:00,364,364,364,364,0
2022-03-18 14:35:00,364,364,364,364,0
2022-03-18 14:36:00,364,364,364,364,0
2022-03-18 14:37:00,364,364,364,364,0
2022-03-18 14:38:00,364,364,364,364,0
2022-03-18 14:39:00,364,364,364,364,0
2022-03-18 14:40:00,364,364,364,364,0
2022-03-18 14:41:00,364,364,364,364,0
2022-03-18 14:42:00,364,364,364,364,0
2022-03-18 14:43:00,364,364,364,364,0
2022-03-18 14:44:00,364,364,364,364,0
2022-03-18 14:45:00,364,364,364,364,0
2022-03-18 14:46:00,364,364,364,364,0
2022-03-18 14:47:00,364,364,364,364,0
2022-03-18 14:48:00,364,364,364,364,0
2022-03-18 14:49:00,364,364,364,364,0
2022-03-18 14:50:00,364,364,364,364,0
2022-03-18 14:51:00,364,364,364,364,0
2022-03-18 14:52:00,364,364,364,364,0
2022-03-18 14:53:00,364,364,364,364,0
2022-03-18 14:54:00,364,364,364,364,0
2022-03-18 14:55:00,364,364,364,364,0
2022-03-18 14:56:00,364,364,364,364,0
2022-03-18 14:57:00,364,364,364,364,0
2022-03-18 14:58:00,364,364,364,364,0
2022-03-18 14:59:00,364,364,364,364,0
2022-03-18 15:00:00,364,364,364,364,3000
2022-03-18 15:01:00,364,364,364,364,0
2022-03-18 15:02:00,364,364,364,364,0
2022-03-18 15:03:00,364,364,364,364,0
2022-03-18 15:04:00,364,364,364,364,4000
2022-03-18 15:05:00,364,364,364,364,0
2022-03-18 15:06:00,364,364,364,364,0
2022-03-18 15:07:00,364,364,364,364,0
2022-03-18 15:08:00,364,364,364,364,0
2022-03-18 15:09:00,364,364,364,364,0
2022-03-18 15:10:00,364,364,364,364,0
2022-03-18 15:11:00,364,364,364,364,0
2022-03-18 15:12:00,364,364,364,364,0
2022-03-18 15:13:00,364,364,364,364,0
2022-03-18 15:14:00,364,364,364,364,3700
2022-03-18 15:15:00,364,364,364,364,0
2022-03-18 15:16:00,364,364,364,364,0
2022-03-18 15:17:00,364,364,364,364,0
2022-03-18 15:18:00,364,364,364,364,0
2022-03-18 15:19:00,364,364,364,364,0
2022-03-18 15:20:00,364,364,364,364,0
2022-03-18 15:21:00,364,364,364,364,0
2022-03-18 15:22:00,364,364,364,364,0
2022-03-18 15:23:00,364,364,364,364,0
2022-03-18 15:24:00,364,364,364,364,0
2022-03-18 15:25:00,364,364,364,364,0
2022-03-18 15:26:00,364,364,364,364,0
2022-03-18 15:27:00,364,364,364,364,0
2022-03-18 15:28:00,364,364,364,364,0
2022-03-18 15:29:00,364,364,364,364,0
2022-03-18 15:30:00,364,364,364,364,0
2022-03-18 15:31:00,364,364,364,364,0
2022-03-18 15:32:00,364,364,364,364,0
2022-03-18 15:33:00,364,364,364,364,0
2022-03-18 15:34:00,364,364,364,364,0
2022-03-18 15:35:00,364,364,364,364,0
2022-03-18 15:36:00,364,364,364,364,0
2022-03-18 15:37:00,364,364,364,364,0
2022-03-18 15:38:00,364,364,364,364,0
2022-03-18 15:39:00,364,364,364,364,0
2022-03-18 15:40:00,364,364,364,364,0
2022-03-18 15:41:00,364,364,364,364,0
2022-03-18 15:42:00,364,364,364,364,0
2022-03-18 15:43:00,364,364,364,364,0
2022-03-18 15:44:00,364,364,364,364,0
2022-03-18 15:45:00,364,364,364,364,0
2022-03-18 15:46:00,364,364,364,364,0
2022-03-18 15:47:00,364,364,364,364,0
2022-03-18 15:48:00,364,364,364,364,0
2022-03-18 15:49:00,364,364,364,364,0
2022-03-18 15:50:00,364,364,364,364,0
2022-03-18 15:51:00,364,364,364,364,0
2022-03-18 15:52:00,364,364,364,364,0
2022-03-18 15:53:00,364,364,364,364,0
2022-03-18 15:54:00,364,364,364,364,0
2022-03-18 15:55:00,364,364,364,364,0
2022-03-18 15:56:00,364,364,364,364,0
2022-03-18 15:57:00,364,364,364,364,0
2022-03-18 15:58:00,364,364,364,364,0
2022-03-18 15:59:00,364,364,364,364,0
2022-03-21 09:00:00,360,360,360,360,0
2022-03-21 09:01:00,360,360,360,360,0
2022-03-21 09:02:00,360,360,360,360,0
2022-03-21 09:03:00,360,360,360,360,0
2022-03-21 09:04:00,360,360,360,360,0
2022-03-21 09:05:00,360,360,360,360,0
2022-03-21 09:06:00,360,360,360,360,0
2022-03-21 09:07:00,360,360,360,360,0
2022-03-21 09:08:00,360,360,360,360,0
2022-03-21 09:09:00,360,360,360,360,0
2022-03-21 09:10:00,360,360,360,360,0
2022-03-21 09:11:00,360,360,360,360,0
2022-03-21 09:12:00,360,360,360,360,0
2022-03-21 09:13:00,360,360,360,360,0
2022-03-21 09:14:00,360,360,360,360,0
2022-03-21 09:15:00,360,360,360,360,0
2022-03-21 09:16:00,360,360,360,360,0
2022-03-21 09:17:00,360,360,360,360,0
2022-03-21 09:18:00,360,360,360,360,0
2022-03-21 09:19:00,360,360,360,360,0
2022-03-21 09:20:00,360,360,360,360,0
2022-03-21 09:21:00,360,360,360,360,0
2022-03-21 09:22:00,376,376,376,376,100
2022-03-21 09:23:00,376,376,376,376,300
2022-03-21 09:24:00,376,376,376,376,0
2022-03-21 09:25:00,376,376,376,376,0
2022-03-21 09:26:00,376,376,376,376,0
2022-03-21 09:27:00,376,376,376,376,0
2022-03-21 09:28:00,364,360,364,360,2100
2022-03-21 09:29:00,364,360,364,360,0
2022-03-21 09:30:00,364,360,364,360,0
2022-03-21 09:31:00,364,360,364,360,0
2022-03-21 09:32:00,364,360,364,360,0
2022-03-21 09:33:00,364,360,364,360,0
2022-03-21 09:34:00,364,360,364,360,0
2022-03-21 09:35:00,364,360,364,360,0
2022-03-21 09:36:00,364,360,364,360,0
2022-03-21 09:37:00,372,372,372,372,200
2022-03-21 09:38:00,372,372,372,372,0
2022-03-21 09:39:00,372,372,372,372,100
2022-03-21 09:40:00,372,372,372,372,0
2022-03-21 09:41:00,372,372,372,372,0
2022-03-21 09:42:00,372,372,372,372,0
2022-03-21 09:43:00,372,372,372,372,0
2022-03-21 09:44:00,372,372,372,372,0
2022-03-21 09:45:00,372,372,372,372,0
2022-03-21 09:46:00,372,372,372,372,0
2022-03-21 09:47:00,372,372,372,372,0
2022-03-21 09:48:00,372,372,372,372,0
2022-03-21 09:49:00,372,372,372,372,0
2022-03-21 09:50:00,372,372,372,372,0
2022-03-21 09:51:00,372,372,372,372,0
2022-03-21 09:52:00,372,372,372,372,0
2022-03-21 09:53:00,372,372,372,372,0
2022-03-21 09:54:00,372,372,372,372,0
2022-03-21 09:55:00,372,372,372,372,0
2022-03-21 09:56:00,372,372,372,372,0
2022-03-21 09:57:00,372,372,372,372,0
2022-03-21 09:58:00,372,372,372,372,0
2022-03-21 09:59:00,372,372,372,372,0
2022-03-21 10:00:00,372,372,372,372,0
2022-03-21 10:01:00,372,372,372,372,0
2022-03-21 10:02:00,372,372,372,372,0
2022-03-21 10:03:00,372,372,372,372,0
2022-03-21 10:04:00,372,372,372,372,0
2022-03-21 10:05:00,372,372,372,372,0
2022-03-21 10:06:00,372,372,372,372,0
2022-03-21 10:07:00,372,372,372,372,0
2022-03-21 10:08:00,372,372,372,372,0
2022-03-21 10:09:00,372,372,372,372,0
2022-03-21 10:10:00,372,372,372,372,0
2022-03-21 10:11:00,372,372,372,372,0
2022-03-21 10:12:00,372,372,372,372,0
2022-03-21 10:13:00,372,372,372,372,0
2022-03-21 10:14:00,372,372,372,372,0
2022-03-21 10:15:00,372,372,372,372,0
2022-03-21 10:16:00,372,372,372,372,0
2022-03-21 10:17:00,372,372,372,372,0
2022-03-21 10:18:00,372,372,372,372,0
2022-03-21 10:19:00,372,372,372,372,0
2022-03-21 10:20:00,372,372,372,372,0
2022-03-21 10:21:00,372,372,372,372,0
2022-03-21 10:22:00,372,372,372,372,0
2022-03-21 10:23:00,372,372,372,372,0
2022-03-21 10:24:00,372,372,372,372,0
2022-03-21 10:25:00,372,372,372,372,0
2022-03-21 10:26:00,372,372,372,372,0
2022-03-21 10:27:00,372,372,372,372,0
2022-03-21 10:28:00,372,372,372,372,0
2022-03-21 10:29:00,372,372,372,372,0
2022-03-21 10:30:00,360,360,360,360,2700
2022-03-21 10:31:00,360,360,360,360,0
2022-03-21 10:32:00,360,360,360,360,0
2022-03-21 10:33:00,360,360,360,360,0
2022-03-21 10:34:00,360,360,360,360,0
2022-03-21 10:35:00,360,360,360,360,0
2022-03-21 10:36:00,360,360,360,360,0
2022-03-21 10:37:00,360,360,360,360,0
2022-03-21 10:38:00,360,360,360,360,0
2022-03-21 10:39:00,360,360,360,360,0
2022-03-21 10:40:00,360,360,360,360,0
2022-03-21 10:41:00,360,360,360,360,0
2022-03-21 10:42:00,360,360,360,360,0
2022-03-21 10:43:00,360,360,360,360,0
2022-03-21 10:44:00,360,360,360,360,0
2022-03-21 10:45:00,360,360,360,360,0
2022-03-21 10:46:00,360,360,360,360,0
2022-03-21 10:47:00,360,360,360,360,0
2022-03-21 10:48:00,360,360,360,360,0
2022-03-21 10:49:00,360,360,360,360,0
2022-03-21 10:50:00,360,360,360,360,1700
2022-03-21 10:51:00,360,360,360,360,0
2022-03-21 10:52:00,360,360,360,360,0
2022-03-21 10:53:00,360,360,360,360,0
2022-03-21 10:54:00,360,360,360,360,0
2022-03-21 10:55:00,358,354,358,354,28200
2022-03-21 10:56:00,358,354,358,354,0
2022-03-21 10:57:00,358,354,358,354,0
2022-03-21 10:58:00,358,354,358,354,0
2022-03-21 10:59:00,358,354,358,354,0
2022-03-21 11:00:00,354,354,354,354,15000
2022-03-21 11:01:00,354,352,354,352,22000
2022-03-21 11:02:00,354,352,354,352,0
2022-03-21 11:03:00,354,352,354,352,0
2022-03-21 11:04:00,354,352,354,352,0
2022-03-21 11:05:00,354,352,354,352,0
2022-03-21 11:06:00,354,352,354,352,0
2022-03-21 11:07:00,354,352,354,352,0
2022-03-21 11:08:00,354,352,354,352,0
2022-03-21 11:09:00,354,352,354,352,0
2022-03-21 11:10:00,356,356,356,356,1000
2022-03-21 11:11:00,356,356,356,356,0
2022-03-21 11:12:00,356,356,356,356,0
2022-03-21 11:13:00,356,356,356,356,0
2022-03-21 11:14:00,356,356,356,356,0
2022-03-21 11:15:00,356,356,356,356,0
2022-03-21 11:16:00,356,356,356,356,0
2022-03-21 11:17:00,356,356,356,356,0
2022-03-21 11:18:00,356,356,356,356,100
2022-03-21 11:19:00,356,356,356,356,0
2022-03-21 11:20:00,356,356,356,356,0
2022-03-21 11:21:00,356,356,356,356,0
2022-03-21 11:22:00,356,356,356,356,100
2022-03-21 11:23:00,356,356,356,356,3800
2022-03-21 11:24:00,356,356,356,356,0
2022-03-21 11:25:00,356,356,356,356,0
2022-03-21 11:26:00,356,356,356,356,0
2022-03-21 11:27:00,356,356,356,356,0
2022-03-21 11:28:00,356,356,356,356,0
2022-03-21 11:29:00,356,356,356,356,0
2022-03-21 11:30:00,356,356,356,356,0
2022-03-21 11:31:00,356,356,356,356,0
2022-03-21 11:32:00,356,356,356,356,0
2022-03-21 11:33:00,356,356,356,356,0
2022-03-21 11:34:00,356,356,356,356,0
2022-03-21 11:35:00,356,356,356,356,0
2022-03-21 11:36:00,356,356,356,356,0
2022-03-21 11:37:00,356,356,356,356,0
2022-03-21 11:38:00,356,356,356,356,0
2022-03-21 11:39:00,356,356,356,356,0
2022-03-21 11:40:00,356,356,356,356,0
2022-03-21 11:41:00,356,356,356,356,0
2022-03-21 11:42:00,356,356,356,356,0
2022-03-21 11:43:00,356,356,356,356,0
2022-03-21 11:44:00,356,356,356,356,0
2022-03-21 11:45:00,356,356,356,356,0
2022-03-21 11:46:00,356,356,356,356,0
2022-03-21 11:47:00,356,356,356,356,0
2022-03-21 11:48:00,356,356,356,356,0
2022-03-21 11:49:00,356,356,356,356,0
2022-03-21 11:50:00,356,356,356,356,0
2022-03-21 11:51:00,356,356,356,356,0
2022-03-21 11:52:00,356,356,356,356,0
2022-03-21 11:53:00,356,356,356,356,0
2022-03-21 11:54:00,356,356,356,356,0
2022-03-21 11:55:00,356,356,356,356,0
2022-03-21 11:56:00,356,356,356,356,0
2022-03-21 11:57:00,356,356,356,356,0
2022-03-21 11:58:00,356,356,356,356,0
2022-03-21 11:59:00,356,356,356,356,0
2022-03-21 12:00:00,356,356,356,356,0
2022-03-21 12:01:00,356,356,356,356,0
2022-03-21 12:02:00,356,356,356,356,0
2022-03-21 12:03:00,356,356,356,356,0
2022-03-21 12:04:00,356,356,356,356,0
2022-03-21 12:05:00,356,356,356,356,0
2022-03-21 12:06:00,356,356,356,356,0
2022-03-21 12:07:00,356,356,356,356,0
2022-03-21 12:08:00,356,356,356,356,0
2022-03-21 12:09:00,356,356,356,356,0
2022-03-21 12:10:00,356,356,356,356,0
2022-03-21 12:11:00,356,356,356,356,0
2022-03-21 12:12:00,356,356,356,356,0
2022-03-21 12:13:00,356,356,356,356,0
2022-03-21 12:14:00,356,356,356,356,0
2022-03-21 12:15:00,356,356,356,356,0
2022-03-21 12:16:00,356,356,356,356,0
2022-03-21 12:17:00,356,356,356,356,0
2022-03-21 12:18:00,356,356,356,356,0
2022-03-21 12:19:00,356,356,356,356,0
2022-03-21 12:20:00,356,356,356,356,0
2022-03-21 12:21:00,356,356,356,356,0
2022-03-21 12:22:00,356,356,356,356,0
2022-03-21 12:23:00,356,356,356,356,0
2022-03-21 12:24:00,356,356,356,356,0
2022-03-21 12:25:00,356,356,356,356,0
2022-03-21 12:26:00,356,356,356,356,0
2022-03-21 12:27:00,356,356,356,356,0
2022-03-21 12:28:00,356,356,356,356,0
2022-03-21 12:29:00,356,356,356,356,0
2022-03-21 12:30:00,356,356,356,356,0
2022-03-21 12:31:00,356,356,356,356,0
2022-03-21 12:32:00,356,356,356,356,0
2022-03-21 12:33:00,356,356,356,356,0
2022-03-21 12:34:00,356,356,356,356,0
2022-03-21 12:35:00,356,356,356,356,0
2022-03-21 12:36:00,356,356,356,356,0
2022-03-21 12:37:00,356,356,356,356,0
2022-03-21 12:38:00,356,356,356,356,0
2022-03-21 12:39:00,356,356,356,356,0
2022-03-21 12:40:00,356,356,356,356,0
2022-03-21 12:41:00,356,356,356,356,0
2022-03-21 12:42:00,356,356,356,356,0
2022-03-21 12:43:00,356,356,356,356,0
2022-03-21 12:44:00,356,356,356,356,0
2022-03-21 12:45:00,356,356,356,356,0
2022-03-21 12:46:00,356,356,356,356,0
2022-03-21 12:47:00,356,356,356,356,0
2022-03-21 12:48:00,356,356,356,356,0
2022-03-21 12:49:00,356,356,356,356,0
2022-03-21 12:50:00,356,356,356,356,0
2022-03-21 12:51:00,356,356,356,356,0
2022-03-21 12:52:00,356,356,356,356,0
2022-03-21 12:53:00,356,356,356,356,0
2022-03-21 12:54:00,356,356,356,356,0
2022-03-21 12:55:00,356,356,356,356,0
2022-03-21 12:56:00,356,356,356,356,0
2022-03-21 12:57:00,356,356,356,356,0
2022-03-21 12:58:00,356,356,356,356,0
2022-03-21 12:59:00,356,356,356,356,0
2022-03-21 13:00:00,356,356,356,356,0
2022-03-21 13:01:00,356,356,356,356,0
2022-03-21 13:02:00,356,356,356,356,0
2022-03-21 13:03:00,356,356,356,356,0
2022-03-21 13:04:00,356,356,356,356,0
2022-03-21 13:05:00,356,356,356,356,0
2022-03-21 13:06:00,356,356,356,356,0
2022-03-21 13:07:00,356,356,356,356,0
2022-03-21 13:08:00,356,356,356,356,0
2022-03-21 13:09:00,356,356,356,356,0
2022-03-21 13:10:00,356,356,356,356,0
2022-03-21 13:11:00,356,356,356,356,0
2022-03-21 13:12:00,356,356,356,356,0
2022-03-21 13:13:00,356,356,356,356,0
2022-03-21 13:14:00,356,356,356,356,0
2022-03-21 13:15:00,356,356,356,356,0
2022-03-21 13:16:00,356,356,356,356,0
2022-03-21 13:17:00,356,356,356,356,0
2022-03-21 13:18:00,356,356,356,356,0
2022-03-21 13:19:00,356,356,356,356,0
2022-03-21 13:20:00,356,356,356,356,0
2022-03-21 13:21:00,356,356,356,356,0
2022-03-21 13:22:00,356,356,356,356,0
2022-03-21 13:23:00,356,356,356,356,0
2022-03-21 13:24:00,356,356,356,356,0
2022-03-21 13:25:00,356,356,356,356,0
2022-03-21 13:26:00,356,356,356,356,0
2022-03-21 13:27:00,356,356,356,356,0
2022-03-21 13:28:00,356,356,356,356,0
2022-03-21 13:29:00,356,356,356,356,0
2022-03-21 13:30:00,356,356,356,356,0
2022-03-21 13:31:00,356,356,356,356,0
2022-03-21 13:32:00,356,356,356,356,3000
2022-03-21 13:33:00,356,356,356,356,0
2022-03-21 13:34:00,356,356,356,356,100
2022-03-21 13:35:00,356,356,356,356,0
2022-03-21 13:36:00,356,356,356,356,0
2022-03-21 13:37:00,356,356,356,356,0
2022-03-21 13:38:00,356,356,356,356,0
2022-03-21 13:39:00,356,356,356,356,0
2022-03-21 13:40:00,356,356,356,356,0
2022-03-21 13:41:00,356,356,356,356,0
2022-03-21 13:42:00,356,356,356,356,0
2022-03-21 13:43:00,356,356,356,356,0
2022-03-21 13:44:00,356,356,356,356,0
2022-03-21 13:45:00,356,356,356,356,700
2022-03-21 13:46:00,356,356,356,356,0
2022-03-21 13:47:00,356,356,356,356,0
2022-03-21 13:48:00,358,358,358,358,4300
2022-03-21 13:49:00,358,358,358,358,0
2022-03-21 13:50:00,358,358,358,358,0
2022-03-21 13:51:00,358,358,358,358,0
2022-03-21 13:52:00,358,358,358,358,0
2022-03-21 13:53:00,358,358,358,358,0
2022-03-21 13:54:00,358,358,358,358,0
2022-03-21 13:55:00,358,358,358,358,0
2022-03-21 13:56:00,358,358,358,358,0
2022-03-21 13:57:00,358,358,358,358,0
2022-03-21 13:58:00,358,358,358,358,0
2022-03-21 13:59:00,358,358,358,358,0
2022-03-21 14:00:00,358,358,358,358,0
2022-03-21 14:01:00,358,358,358,358,0
2022-03-21 14:02:00,358,358,358,358,0
2022-03-21 14:03:00,358,358,358,358,0
2022-03-21 14:04:00,358,358,358,358,0
2022-03-21 14:05:00,358,358,358,358,0
2022-03-21 14:06:00,358,358,358,358,0
2022-03-21 14:07:00,358,358,358,358,0
2022-03-21 14:08:00,358,358,358,358,0
2022-03-21 14:09:00,358,358,358,358,0
2022-03-21 14:10:00,358,358,358,358,0
2022-03-21 14:11:00,358,358,358,358,0
2022-03-21 14:12:00,358,358,358,358,0
2022-03-21 14:13:00,358,358,358,358,0
2022-03-21 14:14:00,358,358,358,358,0
2022-03-21 14:15:00,358,358,358,358,0
2022-03-21 14:16:00,358,358,358,358,0
2022-03-21 14:17:00,358,358,358,358,0
2022-03-21 14:18:00,358,356,358,356,4800
2022-03-21 14:19:00,358,356,358,356,0
2022-03-21 14:20:00,358,356,358,356,0
2022-03-21 14:21:00,358,356,358,356,0
2022-03-21 14:22:00,358,356,358,356,0
2022-03-21 14:23:00,356,354,356,354,12300
2022-03-21 14:24:00,356,354,356,354,0
2022-03-21 14:25:00,356,354,356,354,0
2022-03-21 14:26:00,356,354,356,354,0
2022-03-21 14:27:00,356,354,356,354,0
2022-03-21 14:28:00,356,354,356,354,0
2022-03-21 14:29:00,356,354,356,354,0
2022-03-21 14:30:00,356,354,356,354,0
2022-03-21 14:31:00,356,354,356,354,0
2022-03-21 14:32:00,356,354,356,354,0
2022-03-21 14:33:00,356,354,356,354,0
2022-03-21 14:34:00,356,354,356,354,0
2022-03-21 14:35:00,356,354,356,354,0
2022-03-21 14:36:00,356,354,356,354,0
2022-03-21 14:37:00,356,354,356,354,0
2022-03-21 14:38:00,356,354,356,354,0
2022-03-21 14:39:00,356,354,356,354,0
2022-03-21 14:40:00,356,354,356,354,0
2022-03-21 14:41:00,356,354,356,354,0
2022-03-21 14:42:00,354,354,354,354,5000
2022-03-21 14:43:00,354,354,354,354,0
2022-03-21 14:44:00,354,354,354,354,0
2022-03-21 14:45:00,354,354,354,354,0
2022-03-21 14:46:00,354,354,354,354,0
2022-03-21 14:47:00,354,354,354,354,0
2022-03-21 14:48:00,354,354,354,354,0
2022-03-21 14:49:00,354,354,354,354,0
2022-03-21 14:50:00,354,354,354,354,0
2022-03-21 14:51:00,354,354,354,354,0
2022-03-21 14:52:00,354,354,354,354,0
2022-03-21 14:53:00,354,354,354,354,0
2022-03-21 14:54:00,354,354,354,354,0
2022-03-21 14:55:00,354,354,354,354,0
2022-03-21 14:56:00,354,354,354,354,0
2022-03-21 14:57:00,354,354,354,354,0
2022-03-21 14:58:00,354,354,354,354,0
2022-03-21 14:59:00,354,354,354,354,0
2022-03-21 15:00:00,358,358,358,358,800
2022-03-21 15:01:00,358,358,358,358,0
2022-03-21 15:02:00,358,358,358,358,4200
2022-03-21 15:03:00,358,358,358,358,0
2022-03-21 15:04:00,358,358,358,358,0
2022-03-21 15:05:00,358,358,358,358,0
2022-03-21 15:06:00,358,358,358,358,0
2022-03-21 15:07:00,358,358,358,358,0
2022-03-21 15:08:00,358,358,358,358,0
2022-03-21 15:09:00,358,358,358,358,0
2022-03-21 15:10:00,358,358,358,358,0
2022-03-21 15:11:00,358,358,358,358,0
2022-03-21 15:12:00,358,358,358,358,0
2022-03-21 15:13:00,358,358,358,358,0
2022-03-21 15:14:00,358,358,358,358,0
2022-03-21 15:15:00,358,358,358,358,0
2022-03-21 15:16:00,358,358,358,358,0
2022-03-21 15:17:00,358,358,358,358,0
2022-03-21 15:18:00,358,358,358,358,0
2022-03-21 15:19:00,358,358,358,358,0
2022-03-21 15:20:00,358,358,358,358,0
2022-03-21 15:21:00,358,358,358,358,0
2022-03-21 15:22:00,358,358,358,358,0
2022-03-21 15:23:00,358,358,358,358,0
2022-03-21 15:24:00,358,358,358,358,0
2022-03-21 15:25:00,358,358,358,358,0
2022-03-21 15:26:00,358,358,358,358,0
2022-03-21 15:27:00,358,358,358,358,0
2022-03-21 15:28:00,358,358,358,358,0
2022-03-21 15:29:00,358,358,358,358,0
2022-03-21 15:30:00,358,358,358,358,0
2022-03-21 15:31:00,358,358,358,358,0
2022-03-21 15:32:00,358,358,358,358,0
2022-03-21 15:33:00,358,358,358,358,0
2022-03-21 15:34:00,358,358,358,358,0
2022-03-21 15:35:00,358,358,358,358,0
2022-03-21 15:36:00,358,358,358,358,0
2022-03-21 15:37:00,358,358,358,358,0
2022-03-21 15:38:00,358,358,358,358,0
2022-03-21 15:39:00,358,358,358,358,0
2022-03-21 15:40:00,358,358,358,358,0
2022-03-21 15:41:00,358,358,358,358,0
2022-03-21 15:42:00,358,358,358,358,0
2022-03-21 15:43:00,358,358,358,358,0
2022-03-21 15:44:00,358,358,358,358,0
2022-03-21 15:45:00,358,358,358,358,0
2022-03-21 15:46:00,358,358,358,358,0
2022-03-21 15:47:00,358,358,358,358,0
2022-03-21 15:48:00,358,358,358,358,0
2022-03-21 15:49:00,358,358,358,358,0
2022-03-21 15:50:00,358,358,358,358,0
2022-03-21 15:51:00,358,358,358,358,0
2022-03-21 15:52:00,358,358,358,358,0
2022-03-21 15:53:00,358,358,358,358,0
2022-03-21 15:54:00,358,358,358,358,0
2022-03-21 15:55:00,358,358,358,358,0
2022-03-21 15:56:00,358,358,358,358,0
2022-03-21 15:57:00,358,358,358,358,0
2022-03-21 15:58:00,358,358,358,358,0
2022-03-21 15:59:00,358,358,358,358,0
2022-03-22 09:00:00,358,358,358,358,0
2022-03-22 09:01:00,358,358,358,358,0
2022-03-22 09:02:00,358,358,358,358,0
2022-03-22 09:03:00,358,358,358,358,0
2022-03-22 09:04:00,358,358,358,358,0
2022-03-22 09:05:00,358,358,358,358,0
2022-03-22 09:06:00,358,358,358,358,0
2022-03-22 09:07:00,358,358,358,358,0
2022-03-22 09:08:00,358,358,358,358,0
2022-03-22 09:09:00,358,358,358,358,0
2022-03-22 09:10:00,358,358,358,358,0
2022-03-22 09:11:00,358,358,358,358,0
2022-03-22 09:12:00,358,358,358,358,0
2022-03-22 09:13:00,358,358,358,358,0
2022-03-22 09:14:00,358,358,358,358,0
2022-03-22 09:15:00,358,358,358,358,0
2022-03-22 09:16:00,358,358,358,358,0
2022-03-22 09:17:00,358,358,358,358,0
2022-03-22 09:18:00,358,358,358,358,0
2022-03-22 09:19:00,358,358,358,358,0
2022-03-22 09:20:00,358,358,358,358,0
2022-03-22 09:21:00,358,358,358,358,0
2022-03-22 09:22:00,358,358,358,358,0
2022-03-22 09:23:00,358,358,358,358,0
2022-03-22 09:24:00,358,358,358,358,0
2022-03-22 09:25:00,358,358,358,358,0
2022-03-22 09:26:00,358,358,358,358,0
2022-03-22 09:27:00,358,358,358,358,0
2022-03-22 09:28:00,358,358,358,358,0
2022-03-22 09:29:00,358,358,358,358,0
2022-03-22 09:30:00,358,358,358,358,0
2022-03-22 09:31:00,358,358,358,358,0
2022-03-22 09:32:00,358,358,358,358,0
2022-03-22 09:33:00,358,358,358,358,0
2022-03-22 09:34:00,358,358,358,358,0
2022-03-22 09:35:00,358,358,358,358,0
2022-03-22 09:36:00,358,358,358,358,0
2022-03-22 09:37:00,358,358,358,358,0
2022-03-22 09:38:00,358,358,358,358,0
2022-03-22 09:39:00,358,358,358,358,0
2022-03-22 09:40:00,358,358,358,358,0
2022-03-22 09:41:00,354,354,354,354,0
2022-03-22 09:42:00,354,354,354,354,0
2022-03-22 09:43:00,354,354,354,354,3000
2022-03-22 09:44:00,354,354,354,354,0
2022-03-22 09:45:00,354,354,354,354,0
2022-03-22 09:46:00,354,354,354,354,0
2022-03-22 09:47:00,354,354,354,354,0
2022-03-22 09:48:00,354,354,354,354,0
2022-03-22 09:49:00,354,354,354,354,0
2022-03-22 09:50:00,354,354,354,354,0
2022-03-22 09:51:00,354,354,354,354,0
2022-03-22 09:52:00,354,354,354,354,0
2022-03-22 09:53:00,354,354,354,354,0
2022-03-22 09:54:00,354,354,354,354,0
2022-03-22 09:55:00,354,354,354,354,0
2022-03-22 09:56:00,354,354,354,354,0
2022-03-22 09:57:00,354,354,354,354,0
2022-03-22 09:58:00,354,354,354,354,0
2022-03-22 09:59:00,354,354,354,354,0
2022-03-22 10:00:00,354,354,354,354,0
2022-03-22 10:01:00,354,354,354,354,0
2022-03-22 10:02:00,354,354,354,354,0
2022-03-22 10:03:00,354,354,354,354,0
2022-03-22 10:04:00,354,354,354,354,0
2022-03-22 10:05:00,354,354,354,354,0
2022-03-22 10:06:00,354,354,354,354,0
2022-03-22 10:07:00,354,354,354,354,0
2022-03-22 10:08:00,354,354,354,354,0
2022-03-22 10:09:00,354,354,354,354,0
2022-03-22 10:10:00,354,354,354,354,0
2022-03-22 10:11:00,354,354,354,354,0
2022-03-22 10:12:00,354,354,354,354,0
2022-03-22 10:13:00,354,354,354,354,0
2022-03-22 10:14:00,354,354,354,354,0
2022-03-22 10:15:00,354,354,354,354,0
2022-03-22 10:16:00,370,370,372,372,200
2022-03-22 10:17:00,370,370,372,372,0
2022-03-22 10:18:00,370,370,372,372,0
2022-03-22 10:19:00,370,370,372,372,0
2022-03-22 10:20:00,370,370,372,372,0
2022-03-22 10:21:00,370,370,372,372,0
2022-03-22 10:22:00,370,370,372,372,0
2022-03-22 10:23:00,370,370,372,372,0
2022-03-22 10:24:00,370,370,372,372,0
2022-03-22 10:25:00,370,370,372,372,0
2022-03-22 10:26:00,370,370,372,372,0
2022-03-22 10:27:00,370,370,372,372,0
2022-03-22 10:28:00,370,370,372,372,0
2022-03-22 10:29:00,370,370,372,372,0
2022-03-22 10:30:00,370,370,372,372,0
2022-03-22 10:31:00,370,370,372,372,0
2022-03-22 10:32:00,370,370,372,372,0
2022-03-22 10:33:00,370,370,372,372,0
2022-03-22 10:34:00,370,370,372,372,0
2022-03-22 10:35:00,370,370,372,372,0
2022-03-22 10:36:00,370,370,372,372,0
2022-03-22 10:37:00,370,370,372,372,0
2022-03-22 10:38:00,370,370,372,372,0
2022-03-22 10:39:00,370,370,372,372,0
2022-03-22 10:40:00,370,370,372,372,0
2022-03-22 10:41:00,370,370,372,372,0
2022-03-22 10:42:00,370,370,372,372,0
2022-03-22 10:43:00,370,370,372,372,0
2022-03-22 10:44:00,370,370,372,372,0
2022-03-22 10:45:00,370,370,372,372,0
2022-03-22 10:46:00,370,370,372,372,0
2022-03-22 10:47:00,370,370,372,372,0
2022-03-22 10:48:00,370,370,372,372,0
2022-03-22 10:49:00,370,370,372,372,0
2022-03-22 10:50:00,370,370,372,372,0
2022-03-22 10:51:00,370,370,372,372,0
2022-03-22 10:52:00,370,370,372,372,0
2022-03-22 10:53:00,370,370,372,372,0
2022-03-22 10:54:00,370,370,372,372,0
2022-03-22 10:55:00,370,370,372,372,0
2022-03-22 10:56:00,370,370,372,372,0
2022-03-22 10:57:00,370,370,372,372,0
2022-03-22 10:58:00,370,370,372,372,0
2022-03-22 10:59:00,370,370,372,372,0
2022-03-22 11:00:00,370,370,372,372,0
2022-03-22 11:01:00,370,370,372,372,0
2022-03-22 11:02:00,370,370,372,372,0
2022-03-22 11:03:00,370,370,372,372,0
2022-03-22 11:04:00,370,370,372,372,0
2022-03-22 11:05:00,370,370,372,372,0
2022-03-22 11:06:00,370,370,372,372,0
2022-03-22 11:07:00,370,370,372,372,0
2022-03-22 11:08:00,370,370,372,372,0
2022-03-22 11:09:00,370,370,372,372,0
2022-03-22 11:10:00,370,370,372,372,0
2022-03-22 11:11:00,370,370,372,372,0
2022-03-22 11:12:00,370,370,372,372,0
2022-03-22 11:13:00,370,370,372,372,0
2022-03-22 11:14:00,370,370,372,372,0
2022-03-22 11:15:00,370,370,372,372,0
2022-03-22 11:16:00,370,370,372,372,0
2022-03-22 11:17:00,370,370,372,372,0
2022-03-22 11:18:00,370,370,372,372,0
2022-03-22 11:19:00,370,370,372,372,0
2022-03-22 11:20:00,370,370,372,372,0
2022-03-22 11:21:00,370,370,372,372,0
2022-03-22 11:22:00,370,370,372,372,0
2022-03-22 11:23:00,370,370,372,372,0
2022-03-22 11:24:00,370,370,372,372,0
2022-03-22 11:25:00,370,370,372,372,0
2022-03-22 11:26:00,370,370,372,372,0
2022-03-22 11:27:00,370,370,372,372,0
2022-03-22 11:28:00,370,370,372,372,0
2022-03-22 11:29:00,370,370,372,372,0
2022-03-22 11:30:00,370,370,372,372,0
2022-03-22 11:31:00,370,370,372,372,0
2022-03-22 11:32:00,370,370,372,372,0
2022-03-22 11:33:00,370,370,372,372,0
2022-03-22 11:34:00,370,370,372,372,0
2022-03-22 11:35:00,370,370,372,372,0
2022-03-22 11:36:00,370,370,372,372,0
2022-03-22 11:37:00,370,370,372,372,0
2022-03-22 11:38:00,370,370,372,372,0
2022-03-22 11:39:00,370,370,372,372,0
2022-03-22 11:40:00,370,370,372,372,0
2022-03-22 11:41:00,370,370,372,372,0
2022-03-22 11:42:00,370,370,372,372,0
2022-03-22 11:43:00,370,370,372,372,0
2022-03-22 11:44:00,370,370,372,372,0
2022-03-22 11:45:00,370,370,372,372,0
2022-03-22 11:46:00,370,370,372,372,0
2022-03-22 11:47:00,370,370,372,372,0
2022-03-22 11:48:00,370,370,372,372,0
2022-03-22 11:49:00,370,370,372,372,0
2022-03-22 11:50:00,370,370,372,372,0
2022-03-22 11:51:00,370,370,372,372,0
2022-03-22 11:52:00,370,370,372,372,0
2022-03-22 11:53:00,370,370,372,372,0
2022-03-22 11:54:00,370,370,372,372,0
2022-03-22 11:55:00,370,370,372,372,0
2022-03-22 11:56:00,370,370,372,372,0
2022-03-22 11:57:00,370,370,372,372,0
2022-03-22 11:58:00,370,370,372,372,0
2022-03-22 11:59:00,370,370,372,372,0
2022-03-22 12:00:00,370,370,372,372,0
2022-03-22 12:01:00,370,370,372,372,0
2022-03-22 12:02:00,370,370,372,372,0
2022-03-22 12:03:00,370,370,372,372,0
2022-03-22 12:04:00,370,370,372,372,0
2022-03-22 12:05:00,370,370,372,372,0
2022-03-22 12:06:00,370,370,372,372,0
2022-03-22 12:07:00,370,370,372,372,0
2022-03-22 12:08:00,370,370,372,372,0
2022-03-22 12:09:00,370,370,372,372,0
2022-03-22 12:10:00,370,370,372,372,0
2022-03-22 12:11:00,370,370,372,372,0
2022-03-22 12:12:00,370,370,372,372,0
2022-03-22 12:13:00,370,370,372,372,0
2022-03-22 12:14:00,370,370,372,372,0
2022-03-22 12:15:00,370,370,372,372,0
2022-03-22 12:16:00,370,370,372,372,0
2022-03-22 12:17:00,370,370,372,372,0
2022-03-22 12:18:00,370,370,372,372,0
2022-03-22 12:19:00,370,370,372,372,0
2022-03-22 12:20:00,370,370,372,372,0
2022-03-22 12:21:00,370,370,372,372,0
2022-03-22 12:22:00,370,370,372,372,0
2022-03-22 12:23:00,370,370,372,372,0
2022-03-22 12:24:00,370,370,372,372,0
2022-03-22 12:25:00,370,370,372,372,0
2022-03-22 12:26:00,370,370,372,372,0
2022-03-22 12:27:00,370,370,372,372,0
2022-03-22 12:28:00,370,370,372,372,0
2022-03-22 12:29:00,370,370,372,372,0
2022-03-22 12:30:00,370,370,372,372,0
2022-03-22 12:31:00,370,370,372,372,0
2022-03-22 12:32:00,370,370,372,372,0
2022-03-22 12:33:00,370,370,372,372,0
2022-03-22 12:34:00,370,370,372,372,0
2022-03-22 12:35:00,370,370,372,372,0
2022-03-22 12:36:00,370,370,372,372,0
2022-03-22 12:37:00,370,370,372,372,0
2022-03-22 12:38:00,370,370,372,372,0
2022-03-22 12:39:00,370,370,372,372,0
2022-03-22 12:40:00,370,370,372,372,0
2022-03-22 12:41:00,370,370,372,372,0
2022-03-22 12:42:00,370,370,372,372,0
2022-03-22 12:43:00,370,370,372,372,0
2022-03-22 12:44:00,370,370,372,372,0
2022-03-22 12:45:00,370,370,372,372,0
2022-03-22 12:46:00,370,370,372,372,0
2022-03-22 12:47:00,370,370,372,372,0
2022-03-22 12:48:00,370,370,372,372,0
2022-03-22 12:49:00,370,370,372,372,0
2022-03-22 12:50:00,370,370,372,372,0
2022-03-22 12:51:00,370,370,372,372,0
2022-03-22 12:52:00,370,370,372,372,0
2022-03-22 12:53:00,370,370,372,372,0
2022-03-22 12:54:00,370,370,372,372,0
2022-03-22 12:55:00,370,370,372,372,0
2022-03-22 12:56:00,370,370,372,372,0
2022-03-22 12:57:00,370,370,372,372,0
2022-03-22 12:58:00,370,370,372,372,0
2022-03-22 12:59:00,370,370,372,372,0
2022-03-22 13:00:00,370,370,372,372,0
2022-03-22 13:01:00,370,370,372,372,0
2022-03-22 13:02:00,370,370,372,372,0
2022-03-22 13:03:00,370,370,372,372,0
2022-03-22 13:04:00,370,370,372,372,0
2022-03-22 13:05:00,370,370,372,372,0
2022-03-22 13:06:00,370,370,372,372,0
2022-03-22 13:07:00,370,370,372,372,0
2022-03-22 13:08:00,370,370,372,372,0
2022-03-22 13:09:00,370,370,372,372,0
2022-03-22 13:10:00,370,370,372,372,0
2022-03-22 13:11:00,370,370,372,372,0
2022-03-22 13:12:00,370,370,372,372,0
2022-03-22 13:13:00,370,370,372,372,0
2022-03-22 13:14:00,370,370,372,372,0
2022-03-22 13:15:00,370,370,372,372,0
2022-03-22 13:16:00,370,370,372,372,0
2022-03-22 13:17:00,370,370,372,372,0
2022-03-22 13:18:00,370,370,372,372,0
2022-03-22 13:19:00,370,370,372,372,0
2022-03-22 13:20:00,370,370,372,372,0
2022-03-22 13:21:00,370,370,372,372,0
2022-03-22 13:22:00,370,370,372,372,0
2022-03-22 13:23:00,370,370,372,372,0
2022-03-22 13:24:00,370,370,372,372,0
2022-03-22 13:25:00,370,370,372,372,0
2022-03-22 13:26:00,370,370,372,372,0
2022-03-22 13:27:00,370,370,372,372,0
2022-03-22 13:28:00,370,370,372,372,0
2022-03-22 13:29:00,370,370,372,372,0
2022-03-22 13:30:00,370,370,372,372,0
2022-03-22 13:31:00,370,370,372,372,0
2022-03-22 13:32:00,370,370,372,372,0
2022-03-22 13:33:00,370,370,372,372,0
2022-03-22 13:34:00,370,370,372,372,0
2022-03-22 13:35:00,370,370,372,372,0
2022-03-22 13:36:00,370,370,372,372,0
2022-03-22 13:37:00,370,370,372,372,0
2022-03-22 13:38:00,370,370,372,372,0
2022-03-22 13:39:00,370,370,372,372,0
2022-03-22 13:40:00,370,370,372,372,0
2022-03-22 13:41:00,370,370,372,372,0
2022-03-22 13:42:00,370,370,372,372,0
2022-03-22 13:43:00,370,370,372,372,0
2022-03-22 13:44:00,370,370,372,372,0
2022-03-22 13:45:00,370,370,372,372,0
2022-03-22 13:46:00,370,370,372,372,0
2022-03-22 13:47:00,370,370,372,372,0
2022-03-22 13:48:00,370,370,372,372,0
2022-03-22 13:49:00,356,356,356,356,100
2022-03-22 13:50:00,356,356,356,356,0
2022-03-22 13:51:00,356,356,356,356,0
2022-03-22 13:52:00,356,356,356,356,0
2022-03-22 13:53:00,364,364,364,364,100
2022-03-22 13:54:00,364,364,364,364,0
2022-03-22 13:55:00,364,364,364,364,0
2022-03-22 13:56:00,364,364,364,364,0
2022-03-22 13:57:00,364,364,364,364,0
2022-03-22 13:58:00,364,364,364,364,0
2022-03-22 13:59:00,364,364,364,364,0
2022-03-22 14:00:00,364,364,364,364,0
2022-03-22 14:01:00,364,364,364,364,0
2022-03-22 14:02:00,364,364,364,364,0
2022-03-22 14:03:00,364,364,364,364,0
2022-03-22 14:04:00,364,364,364,364,0
2022-03-22 14:05:00,364,364,364,364,0
2022-03-22 14:06:00,364,364,364,364,0
2022-03-22 14:07:00,364,364,364,364,0
2022-03-22 14:08:00,364,364,364,364,0
2022-03-22 14:09:00,364,364,364,364,0
2022-03-22 14:10:00,364,364,364,364,0
2022-03-22 14:11:00,364,364,364,364,0
2022-03-22 14:12:00,364,364,364,364,0
2022-03-22 14:13:00,364,364,364,364,0
2022-03-22 14:14:00,364,364,364,364,0
2022-03-22 14:15:00,364,364,364,364,0
2022-03-22 14:16:00,364,364,364,364,0
2022-03-22 14:17:00,364,364,364,364,0
2022-03-22 14:18:00,356,356,356,356,3000
2022-03-22 14:19:00,356,356,356,356,0
2022-03-22 14:20:00,354,354,364,364,31100
2022-03-22 14:21:00,354,354,364,364,0
2022-03-22 14:22:00,354,354,364,364,0
2022-03-22 14:23:00,354,354,364,364,0
2022-03-22 14:24:00,354,354,364,364,0
2022-03-22 14:25:00,354,354,364,364,0
2022-03-22 14:26:00,354,354,364,364,0
2022-03-22 14:27:00,354,354,364,364,0
2022-03-22 14:28:00,354,354,364,364,0
2022-03-22 14:29:00,354,354,364,364,0
2022-03-22 14:30:00,354,354,364,364,0
2022-03-22 14:31:00,354,354,364,364,0
2022-03-22 14:32:00,368,368,368,368,100
2022-03-22 14:33:00,368,368,368,368,0
2022-03-22 14:34:00,368,368,368,368,0
2022-03-22 14:35:00,368,368,368,368,0
2022-03-22 14:36:00,368,368,368,368,0
2022-03-22 14:37:00,368,368,368,368,0
2022-03-22 14:38:00,368,368,368,368,0
2022-03-22 14:39:00,368,368,368,368,0
2022-03-22 14:40:00,368,368,368,368,0
2022-03-22 14:41:00,368,368,368,368,0
2022-03-22 14:42:00,368,368,368,368,0
2022-03-22 14:43:00,368,368,368,368,0
2022-03-22 14:44:00,368,368,368,368,0
2022-03-22 14:45:00,368,368,368,368,0
2022-03-22 14:46:00,368,368,368,368,0
2022-03-22 14:47:00,368,368,368,368,0
2022-03-22 14:48:00,368,368,368,368,0
2022-03-22 14:49:00,368,368,368,368,0
2022-03-22 14:50:00,368,368,368,368,0
2022-03-22 14:51:00,368,368,368,368,0
2022-03-22 14:52:00,368,368,368,368,0
2022-03-22 14:53:00,368,368,368,368,0
2022-03-22 14:54:00,368,368,368,368,0
2022-03-22 14:55:00,368,368,368,368,0
2022-03-22 14:56:00,368,368,368,368,0
2022-03-22 14:57:00,368,368,368,368,0
2022-03-22 14:58:00,368,368,368,368,0
2022-03-22 14:59:00,368,368,368,368,0
2022-03-22 15:00:00,368,368,368,368,100
2022-03-22 15:01:00,368,368,368,368,0
2022-03-22 15:02:00,368,368,368,368,0
2022-03-22 15:03:00,368,368,368,368,0
2022-03-22 15:04:00,368,368,368,368,0
2022-03-22 15:05:00,368,368,368,368,0
2022-03-22 15:06:00,368,368,368,368,0
2022-03-22 15:07:00,368,368,368,368,0
2022-03-22 15:08:00,368,368,368,368,0
2022-03-22 15:09:00,368,368,368,368,0
2022-03-22 15:10:00,368,368,368,368,0
2022-03-22 15:11:00,368,368,368,368,0
2022-03-22 15:12:00,368,368,368,368,0
2022-03-22 15:13:00,368,368,368,368,0
2022-03-22 15:14:00,368,368,368,368,0
2022-03-22 15:15:00,368,368,368,368,0
2022-03-22 15:16:00,368,368,368,368,0
2022-03-22 15:17:00,368,368,368,368,0
2022-03-22 15:18:00,368,368,368,368,0
2022-03-22 15:19:00,368,368,368,368,0
2022-03-22 15:20:00,368,368,368,368,0
2022-03-22 15:21:00,368,368,368,368,0
2022-03-22 15:22:00,368,368,368,368,0
2022-03-22 15:23:00,368,368,368,368,0
2022-03-22 15:24:00,368,368,368,368,0
2022-03-22 15:25:00,368,368,368,368,0
2022-03-22 15:26:00,368,368,368,368,0
2022-03-22 15:27:00,368,368,368,368,0
2022-03-22 15:28:00,368,368,368,368,0
2022-03-22 15:29:00,368,368,368,368,0
2022-03-22 15:30:00,368,368,368,368,0
2022-03-22 15:31:00,368,368,368,368,0
2022-03-22 15:32:00,368,368,368,368,0
2022-03-22 15:33:00,368,368,368,368,0
2022-03-22 15:34:00,368,368,368,368,0
2022-03-22 15:35:00,368,368,368,368,0
2022-03-22 15:36:00,368,368,368,368,0
2022-03-22 15:37:00,368,368,368,368,0
2022-03-22 15:38:00,368,368,368,368,0
2022-03-22 15:39:00,368,368,368,368,0
2022-03-22 15:40:00,368,368,368,368,0
2022-03-22 15:41:00,368,368,368,368,0
2022-03-22 15:42:00,368,368,368,368,0
2022-03-22 15:43:00,368,368,368,368,0
2022-03-22 15:44:00,368,368,368,368,0
2022-03-22 15:45:00,368,368,368,368,0
2022-03-22 15:46:00,368,368,368,368,0
2022-03-22 15:47:00,368,368,368,368,0
2022-03-22 15:48:00,368,368,368,368,0
2022-03-22 15:49:00,368,368,368,368,0
2022-03-22 15:50:00,368,368,368,368,0
2022-03-22 15:51:00,368,368,368,368,0
2022-03-22 15:52:00,368,368,368,368,0
2022-03-22 15:53:00,368,368,368,368,0
2022-03-22 15:54:00,368,368,368,368,0
2022-03-22 15:55:00,368,368,368,368,0
2022-03-22 15:56:00,368,368,368,368,0
2022-03-22 15:57:00,368,368,368,368,0
2022-03-22 15:58:00,368,368,368,368,0
2022-03-22 15:59:00,368,368,368,368,0
2022-03-23 09:00:00,368,368,368,368,0
2022-03-23 09:01:00,368,368,368,368,0
2022-03-23 09:02:00,368,368,368,368,0
2022-03-23 09:03:00,368,368,368,368,0
2022-03-23 09:04:00,368,368,368,368,0
2022-03-23 09:05:00,368,368,368,368,0
2022-03-23 09:06:00,368,368,368,368,0
2022-03-23 09:07:00,368,368,368,368,0
2022-03-23 09:08:00,368,368,368,368,0
2022-03-23 09:09:00,368,368,368,368,0
2022-03-23 09:10:00,368,368,368,368,0
2022-03-23 09:11:00,368,368,368,368,0
2022-03-23 09:12:00,368,368,368,368,0
2022-03-23 09:13:00,368,368,368,368,0
2022-03-23 09:14:00,368,368,368,368,0
2022-03-23 09:15:00,368,368,368,368,0
2022-03-23 09:16:00,368,368,368,368,0
2022-03-23 09:17:00,368,368,368,368,0
2022-03-23 09:18:00,368,368,368,368,0
2022-03-23 09:19:00,368,368,368,368,0
2022-03-23 09:20:00,368,368,368,368,0
2022-03-23 09:21:00,368,368,368,368,0
2022-03-23 09:22:00,368,368,368,368,0
2022-03-23 09:23:00,368,368,368,368,0
2022-03-23 09:24:00,368,368,368,368,0
2022-03-23 09:25:00,368,368,368,368,0
2022-03-23 09:26:00,368,368,368,368,0
2022-03-23 09:27:00,368,368,368,368,0
2022-03-23 09:28:00,368,368,368,368,0
2022-03-23 09:29:00,368,368,368,368,0
2022-03-23 09:30:00,368,368,368,368,0
2022-03-23 09:31:00,368,368,368,368,0
2022-03-23 09:32:00,368,368,368,368,0
2022-03-23 09:33:00,368,368,368,368,0
2022-03-23 09:34:00,368,368,368,368,0
2022-03-23 09:35:00,368,368,368,368,0
2022-03-23 09:36:00,368,368,368,368,0
2022-03-23 09:37:00,370,370,370,370,0
2022-03-23 09:38:00,370,370,370,370,0
2022-03-23 09:39:00,370,370,370,370,0
2022-03-23 09:40:00,370,370,370,370,0
2022-03-23 09:41:00,370,370,370,370,0
2022-03-23 09:42:00,370,370,370,370,0
2022-03-23 09:43:00,370,370,370,370,0
2022-03-23 09:44:00,370,370,370,370,0
2022-03-23 09:45:00,370,370,370,370,0
2022-03-23 09:46:00,370,370,370,370,0
2022-03-23 09:47:00,370,370,370,370,0
2022-03-23 09:48:00,370,370,370,370,0
2022-03-23 09:49:00,370,370,370,370,0
2022-03-23 09:50:00,370,370,370,370,0
2022-03-23 09:51:00,370,370,370,370,0
2022-03-23 09:52:00,370,370,370,370,0
2022-03-23 09:53:00,370,370,370,370,0
2022-03-23 09:54:00,370,370,370,370,0
2022-03-23 09:55:00,370,370,370,370,0
2022-03-23 09:56:00,370,370,370,370,0
2022-03-23 09:57:00,370,370,370,370,0
2022-03-23 09:58:00,370,370,370,370,0
2022-03-23 09:59:00,370,370,370,370,0
2022-03-23 10:00:00,370,370,370,370,0
2022-03-23 10:01:00,370,370,370,370,0
2022-03-23 10:02:00,370,370,370,370,0
2022-03-23 10:03:00,370,370,370,370,0
2022-03-23 10:04:00,370,370,370,370,0
2022-03-23 10:05:00,370,370,370,370,0
2022-03-23 10:06:00,370,370,370,370,0
2022-03-23 10:07:00,370,370,370,370,0
2022-03-23 10:08:00,370,370,370,370,0
2022-03-23 10:09:00,370,370,370,370,0
2022-03-23 10:10:00,370,370,370,370,0
2022-03-23 10:11:00,370,370,370,370,0
2022-03-23 10:12:00,370,370,370,370,0
2022-03-23 10:13:00,370,370,370,370,0
2022-03-23 10:14:00,370,370,370,370,0
2022-03-23 10:15:00,370,370,370,370,0
2022-03-23 10:16:00,370,370,370,370,0
2022-03-23 10:17:00,370,370,370,370,0
2022-03-23 10:18:00,370,370,370,370,0
2022-03-23 10:19:00,370,370,370,370,0
2022-03-23 10:20:00,370,370,370,370,0
2022-03-23 10:21:00,370,370,370,370,0
2022-03-23 10:22:00,370,370,370,370,0
2022-03-23 10:23:00,370,370,370,370,0
2022-03-23 10:24:00,370,370,370,370,0
2022-03-23 10:25:00,370,370,370,370,0
2022-03-23 10:26:00,370,370,370,370,0
2022-03-23 10:27:00,370,370,370,370,0
2022-03-23 10:28:00,370,370,370,370,0
2022-03-23 10:29:00,370,370,370,370,0
2022-03-23 10:30:00,370,370,370,370,0
2022-03-23 10:31:00,370,370,370,370,0
2022-03-23 10:32:00,370,370,370,370,0
2022-03-23 10:33:00,370,370,370,370,0
2022-03-23 10:34:00,370,370,370,370,0
2022-03-23 10:35:00,370,370,370,370,0
2022-03-23 10:36:00,370,370,370,370,0
2022-03-23 10:37:00,370,370,370,370,0
2022-03-23 10:38:00,370,370,370,370,0
2022-03-23 10:39:00,370,370,370,370,0
2022-03-23 10:40:00,370,370,370,370,0
2022-03-23 10:41:00,370,370,370,370,0
2022-03-23 10:42:00,370,370,370,370,0
2022-03-23 10:43:00,370,370,370,370,0
2022-03-23 10:44:00,370,370,370,370,0
2022-03-23 10:45:00,370,370,370,370,0
2022-03-23 10:46:00,370,370,370,370,0
2022-03-23 10:47:00,370,370,370,370,0
2022-03-23 10:48:00,370,370,370,370,0
2022-03-23 10:49:00,370,370,370,370,0
2022-03-23 10:50:00,370,370,370,370,0
2022-03-23 10:51:00,370,370,370,370,0
2022-03-23 10:52:00,370,370,370,370,0
2022-03-23 10:53:00,370,370,370,370,0
2022-03-23 10:54:00,370,370,370,370,0
2022-03-23 10:55:00,370,370,370,370,0
2022-03-23 10:56:00,370,370,370,370,0
2022-03-23 10:57:00,370,370,370,370,0
2022-03-23 10:58:00,370,370,370,370,0
2022-03-23 10:59:00,370,370,370,370,0
2022-03-23 11:00:00,370,370,370,370,0
2022-03-23 11:01:00,370,370,370,370,0
2022-03-23 11:02:00,370,370,370,370,0
2022-03-23 11:03:00,370,370,370,370,0
2022-03-23 11:04:00,370,370,370,370,0
2022-03-23 11:05:00,370,370,370,370,0
2022-03-23 11:06:00,370,370,370,370,0
2022-03-23 11:07:00,370,370,370,370,0
2022-03-23 11:08:00,370,370,370,370,0
2022-03-23 11:09:00,370,370,370,370,0
2022-03-23 11:10:00,370,370,370,370,0
2022-03-23 11:11:00,370,370,370,370,0
2022-03-23 11:12:00,370,370,370,370,0
2022-03-23 11:13:00,370,370,370,370,0
2022-03-23 11:14:00,370,370,370,370,0
2022-03-23 11:15:00,370,370,370,370,0
2022-03-23 11:16:00,370,370,370,370,0
2022-03-23 11:17:00,370,370,370,370,0
2022-03-23 11:18:00,370,370,370,370,0
2022-03-23 11:19:00,370,370,370,370,0
2022-03-23 11:20:00,370,370,370,370,0
2022-03-23 11:21:00,370,370,370,370,0
2022-03-23 11:22:00,370,370,370,370,0
2022-03-23 11:23:00,370,370,370,370,0
2022-03-23 11:24:00,370,370,370,370,0
2022-03-23 11:25:00,370,370,370,370,0
2022-03-23 11:26:00,370,370,370,370,0
2022-03-23 11:27:00,370,370,370,370,0
2022-03-23 11:28:00,370,370,370,370,0
2022-03-23 11:29:00,370,370,370,370,0
2022-03-23 11:30:00,370,370,370,370,0
2022-03-23 11:31:00,370,370,370,370,0
2022-03-23 11:32:00,370,370,370,370,0
2022-03-23 11:33:00,370,370,370,370,0
2022-03-23 11:34:00,370,370,370,370,0
2022-03-23 11:35:00,370,370,370,370,0
2022-03-23 11:36:00,370,370,370,370,0
2022-03-23 11:37:00,370,370,370,370,0
2022-03-23 11:38:00,370,370,370,370,0
2022-03-23 11:39:00,370,370,370,370,0
2022-03-23 11:40:00,370,370,370,370,0
2022-03-23 11:41:00,370,370,370,370,0
2022-03-23 11:42:00,370,370,370,370,0
2022-03-23 11:43:00,370,370,370,370,0
2022-03-23 11:44:00,370,370,370,370,0
2022-03-23 11:45:00,370,370,370,370,0
2022-03-23 11:46:00,370,370,370,370,0
2022-03-23 11:47:00,370,370,370,370,0
2022-03-23 11:48:00,370,370,370,370,0
2022-03-23 11:49:00,370,370,370,370,0
2022-03-23 11:50:00,370,370,370,370,0
2022-03-23 11:51:00,370,370,370,370,0
2022-03-23 11:52:00,370,370,370,370,0
2022-03-23 11:53:00,370,370,370,370,0
2022-03-23 11:54:00,370,370,370,370,0
2022-03-23 11:55:00,370,370,370,370,0
2022-03-23 11:56:00,370,370,370,370,0
2022-03-23 11:57:00,370,370,370,370,0
2022-03-23 11:58:00,370,370,370,370,0
2022-03-23 11:59:00,370,370,370,370,0
2022-03-23 12:00:00,370,370,370,370,0
2022-03-23 12:01:00,370,370,370,370,0
2022-03-23 12:02:00,370,370,370,370,0
2022-03-23 12:03:00,370,370,370,370,0
2022-03-23 12:04:00,370,370,370,370,0
2022-03-23 12:05:00,370,370,370,370,0
2022-03-23 12:06:00,370,370,370,370,0
2022-03-23 12:07:00,370,370,370,370,0
2022-03-23 12:08:00,370,370,370,370,0
2022-03-23 12:09:00,370,370,370,370,0
2022-03-23 12:10:00,370,370,370,370,0
2022-03-23 12:11:00,370,370,370,370,0
2022-03-23 12:12:00,370,370,370,370,0
2022-03-23 12:13:00,370,370,370,370,0
2022-03-23 12:14:00,370,370,370,370,0
2022-03-23 12:15:00,370,370,370,370,0
2022-03-23 12:16:00,370,370,370,370,0
2022-03-23 12:17:00,370,370,370,370,0
2022-03-23 12:18:00,370,370,370,370,0
2022-03-23 12:19:00,370,370,370,370,0
2022-03-23 12:20:00,370,370,370,370,0
2022-03-23 12:21:00,370,370,370,370,0
2022-03-23 12:22:00,370,370,370,370,0
2022-03-23 12:23:00,370,370,370,370,0
2022-03-23 12:24:00,370,370,370,370,0
2022-03-23 12:25:00,370,370,370,370,0
2022-03-23 12:26:00,370,370,370,370,0
2022-03-23 12:27:00,370,370,370,370,0
2022-03-23 12:28:00,370,370,370,370,0
2022-03-23 12:29:00,370,370,370,370,0
2022-03-23 12:30:00,370,370,370,370,0
2022-03-23 12:31:00,370,370,370,370,0
2022-03-23 12:32:00,370,370,370,370,0
2022-03-23 12:33:00,370,370,370,370,0
2022-03-23 12:34:00,370,370,370,370,0
2022-03-23 12:35:00,370,370,370,370,0
2022-03-23 12:36:00,370,370,370,370,0
2022-03-23 12:37:00,370,370,370,370,0
2022-03-23 12:38:00,370,370,370,370,0
2022-03-23 12:39:00,370,370,370,370,0
2022-03-23 12:40:00,370,370,370,370,0
2022-03-23 12:41:00,370,370,370,370,0
2022-03-23 12:42:00,370,370,370,370,0
2022-03-23 12:43:00,370,370,370,370,0
2022-03-23 12:44:00,370,370,370,370,0
2022-03-23 12:45:00,370,370,370,370,0
2022-03-23 12:46:00,370,370,370,370,0
2022-03-23 12:47:00,370,370,370,370,0
2022-03-23 12:48:00,370,370,370,370,0
2022-03-23 12:49:00,370,370,370,370,0
2022-03-23 12:50:00,370,370,370,370,0
2022-03-23 12:51:00,370,370,370,370,0
2022-03-23 12:52:00,370,370,370,370,0
2022-03-23 12:53:00,370,370,370,370,0
2022-03-23 12:54:00,370,370,370,370,0
2022-03-23 12:55:00,370,370,370,370,0
2022-03-23 12:56:00,370,370,370,370,0
2022-03-23 12:57:00,370,370,370,370,0
2022-03-23 12:58:00,370,370,370,370,0
2022-03-23 12:59:00,370,370,370,370,0
2022-03-23 13:00:00,370,370,370,370,0
2022-03-23 13:01:00,370,370,370,370,0
2022-03-23 13:02:00,370,370,370,370,0
2022-03-23 13:03:00,370,370,370,370,0
2022-03-23 13:04:00,370,370,370,370,0
2022-03-23 13:05:00,370,370,370,370,0
2022-03-23 13:06:00,370,370,370,370,0
2022-03-23 13:07:00,370,370,370,370,0
2022-03-23 13:08:00,370,370,370,370,0
2022-03-23 13:09:00,370,370,370,370,0
2022-03-23 13:10:00,370,370,370,370,0
2022-03-23 13:11:00,370,370,370,370,0
2022-03-23 13:12:00,370,370,370,370,0
2022-03-23 13:13:00,370,370,370,370,0
2022-03-23 13:14:00,370,370,370,370,0
2022-03-23 13:15:00,370,370,370,370,0
2022-03-23 13:16:00,370,370,370,370,0
2022-03-23 13:17:00,370,370,370,370,0
2022-03-23 13:18:00,370,370,370,370,0
2022-03-23 13:19:00,370,370,370,370,0
2022-03-23 13:20:00,370,370,370,370,0
2022-03-23 13:21:00,370,370,370,370,0
2022-03-23 13:22:00,370,370,370,370,0
2022-03-23 13:23:00,370,370,370,370,0
2022-03-23 13:24:00,370,370,370,370,0
2022-03-23 13:25:00,370,370,370,370,0
2022-03-23 13:26:00,370,370,370,370,0
2022-03-23 13:27:00,370,370,370,370,0
2022-03-23 13:28:00,370,370,370,370,0
2022-03-23 13:29:00,370,370,370,370,0
2022-03-23 13:30:00,370,370,370,370,0
2022-03-23 13:31:00,370,370,370,370,0
2022-03-23 13:32:00,370,370,370,370,0
2022-03-23 13:33:00,370,370,370,370,0
2022-03-23 13:34:00,370,370,370,370,0
2022-03-23 13:35:00,370,370,370,370,0
2022-03-23 13:36:00,370,370,370,370,0
2022-03-23 13:37:00,370,370,370,370,0
2022-03-23 13:38:00,370,370,370,370,0
2022-03-23 13:39:00,370,370,370,370,0
2022-03-23 13:40:00,370,370,370,370,0
2022-03-23 13:41:00,370,370,370,370,0
2022-03-23 13:42:00,370,370,370,370,0
2022-03-23 13:43:00,370,370,370,370,0
2022-03-23 13:44:00,370,370,370,370,0
2022-03-23 13:45:00,370,370,370,370,0
2022-03-23 13:46:00,370,370,370,370,0
2022-03-23 13:47:00,370,370,370,370,0
2022-03-23 13:48:00,370,370,370,370,0
2022-03-23 13:49:00,370,370,370,370,0
2022-03-23 13:50:00,370,370,370,370,0
2022-03-23 13:51:00,370,370,370,370,0
2022-03-23 13:52:00,370,370,370,370,0
2022-03-23 13:53:00,370,370,370,370,0
2022-03-23 13:54:00,370,370,370,370,0
2022-03-23 13:55:00,370,370,370,370,0
2022-03-23 13:56:00,370,370,370,370,0
2022-03-23 13:57:00,370,370,370,370,0
2022-03-23 13:58:00,370,370,370,370,0
2022-03-23 13:59:00,370,370,370,370,0
2022-03-23 14:00:00,370,370,370,370,0
2022-03-23 14:01:00,370,370,370,370,0
2022-03-23 14:02:00,370,370,370,370,0
2022-03-23 14:03:00,370,370,370,370,0
2022-03-23 14:04:00,370,370,370,370,0
2022-03-23 14:05:00,370,370,370,370,0
2022-03-23 14:06:00,370,370,370,370,0
2022-03-23 14:07:00,370,370,370,370,0
2022-03-23 14:08:00,370,370,370,370,0
2022-03-23 14:09:00,370,370,370,370,0
2022-03-23 14:10:00,370,370,370,370,0
2022-03-23 14:11:00,370,370,370,370,0
2022-03-23 14:12:00,370,370,370,370,0
2022-03-23 14:13:00,366,366,366,366,11000
2022-03-23 14:14:00,368,368,370,370,10500
2022-03-23 14:15:00,368,368,370,370,0
2022-03-23 14:16:00,368,368,370,370,0
2022-03-23 14:17:00,368,368,370,370,0
2022-03-23 14:18:00,368,368,370,370,0
2022-03-23 14:19:00,368,368,370,370,0
2022-03-23 14:20:00,368,368,370,370,0
2022-03-23 14:21:00,368,368,368,368,100
2022-03-23 14:22:00,368,368,368,368,0
2022-03-23 14:23:00,368,368,368,368,0
2022-03-23 14:24:00,368,368,368,368,0
2022-03-23 14:25:00,368,368,368,368,0
2022-03-23 14:26:00,368,368,368,368,0
2022-03-23 14:27:00,368,368,368,368,5000
2022-03-23 14:28:00,368,368,370,370,1100
2022-03-23 14:29:00,368,368,370,370,0
2022-03-23 14:30:00,368,368,370,370,0
2022-03-23 14:31:00,368,368,370,370,0
2022-03-23 14:32:00,368,368,370,370,0
2022-03-23 14:33:00,368,368,368,368,2500
2022-03-23 14:34:00,368,368,368,368,0
2022-03-23 14:35:00,368,368,368,368,0
2022-03-23 14:36:00,368,368,368,368,0
2022-03-23 14:37:00,368,368,368,368,0
2022-03-23 14:38:00,368,368,368,368,0
2022-03-23 14:39:00,368,368,368,368,0
2022-03-23 14:40:00,370,370,370,370,100
2022-03-23 14:41:00,370,370,370,370,0
2022-03-23 14:42:00,370,370,370,370,0
2022-03-23 14:43:00,370,370,370,370,0
2022-03-23 14:44:00,370,370,370,370,0
2022-03-23 14:45:00,370,370,370,370,0
2022-03-23 14:46:00,368,368,368,368,100
2022-03-23 14:47:00,368,368,368,368,0
2022-03-23 14:48:00,368,368,368,368,0
2022-03-23 14:49:00,368,368,368,368,0
2022-03-23 14:50:00,368,368,368,368,0
2022-03-23 14:51:00,368,368,368,368,0
2022-03-23 14:52:00,368,368,368,368,0
2022-03-23 14:53:00,368,368,368,368,0
2022-03-23 14:54:00,368,368,368,368,0
2022-03-23 14:55:00,368,368,368,368,0
2022-03-23 14:56:00,368,368,368,368,0
2022-03-23 14:57:00,368,368,368,368,0
2022-03-23 14:58:00,368,368,368,368,0
2022-03-23 14:59:00,368,368,368,368,0
2022-03-23 15:00:00,368,368,368,368,33500
2022-03-23 15:01:00,368,368,368,368,0
2022-03-23 15:02:00,368,368,368,368,23600
2022-03-23 15:03:00,368,368,368,368,0
2022-03-23 15:04:00,368,368,368,368,0
2022-03-23 15:05:00,368,368,368,368,0
2022-03-23 15:06:00,368,368,368,368,0
2022-03-23 15:07:00,368,368,368,368,0
2022-03-23 15:08:00,368,368,368,368,0
2022-03-23 15:09:00,368,368,368,368,0
2022-03-23 15:10:00,368,368,368,368,0
2022-03-23 15:11:00,368,368,368,368,0
2022-03-23 15:12:00,368,368,368,368,0
2022-03-23 15:13:00,368,368,368,368,0
2022-03-23 15:14:00,368,368,368,368,0
2022-03-23 15:15:00,368,368,368,368,0
2022-03-23 15:16:00,368,368,368,368,0
2022-03-23 15:17:00,368,368,368,368,0
2022-03-23 15:18:00,368,368,368,368,0
2022-03-23 15:19:00,368,368,368,368,0
2022-03-23 15:20:00,368,368,368,368,0
2022-03-23 15:21:00,368,368,368,368,0
2022-03-23 15:22:00,368,368,368,368,0
2022-03-23 15:23:00,368,368,368,368,0
2022-03-23 15:24:00,368,368,368,368,0
2022-03-23 15:25:00,368,368,368,368,0
2022-03-23 15:26:00,368,368,368,368,0
2022-03-23 15:27:00,368,368,368,368,0
2022-03-23 15:28:00,368,368,368,368,0
2022-03-23 15:29:00,368,368,368,368,0
2022-03-23 15:30:00,368,368,368,368,0
2022-03-23 15:31:00,368,368,368,368,0
2022-03-23 15:32:00,368,368,368,368,0
2022-03-23 15:33:00,368,368,368,368,0
2022-03-23 15:34:00,368,368,368,368,0
2022-03-23 15:35:00,368,368,368,368,0
2022-03-23 15:36:00,368,368,368,368,0
2022-03-23 15:37:00,368,368,368,368,0
2022-03-23 15:38:00,368,368,368,368,0
2022-03-23 15:39:00,368,368,368,368,0
2022-03-23 15:40:00,368,368,368,368,0
2022-03-23 15:41:00,368,368,368,368,0
2022-03-23 15:42:00,368,368,368,368,0
2022-03-23 15:43:00,368,368,368,368,0
2022-03-23 15:44:00,368,368,368,368,0
2022-03-23 15:45:00,368,368,368,368,0
2022-03-23 15:46:00,368,368,368,368,0
2022-03-23 15:47:00,368,368,368,368,0
2022-03-23 15:48:00,368,368,368,368,0
2022-03-23 15:49:00,368,368,368,368,0
2022-03-23 15:50:00,368,368,368,368,0
2022-03-23 15:51:00,368,368,368,368,0
2022-03-23 15:52:00,368,368,368,368,0
2022-03-23 15:53:00,368,368,368,368,0
2022-03-23 15:54:00,368,368,368,368,0
2022-03-23 15:55:00,368,368,368,368,0
2022-03-23 15:56:00,368,368,368,368,0
2022-03-23 15:57:00,368,368,368,368,0
2022-03-23 15:58:00,368,368,368,368,0
2022-03-23 15:59:00,368,368,368,368,0
2022-03-24 09:00:00,368,368,368,368,0
2022-03-24 09:01:00,368,368,368,368,0
2022-03-24 09:02:00,368,368,368,368,0
2022-03-24 09:03:00,368,368,368,368,0
2022-03-24 09:04:00,368,368,368,368,0
2022-03-24 09:05:00,368,368,368,368,0
2022-03-24 09:06:00,368,368,368,368,0
2022-03-24 09:07:00,368,368,368,368,0
2022-03-24 09:08:00,368,368,368,368,0
2022-03-24 09:09:00,368,368,368,368,0
2022-03-24 09:10:00,368,368,368,368,0
2022-03-24 09:11:00,368,368,368,368,0
2022-03-24 09:12:00,368,368,368,368,0
2022-03-24 09:13:00,368,368,368,368,0
2022-03-24 09:14:00,368,368,368,368,0
2022-03-24 09:15:00,368,368,368,368,0
2022-03-24 09:16:00,368,368,368,368,0
2022-03-24 09:17:00,368,368,368,368,0
2022-03-24 09:18:00,368,368,368,368,0
2022-03-24 09:19:00,368,368,368,368,0
2022-03-24 09:20:00,368,368,368,368,0
2022-03-24 09:21:00,368,368,368,368,0
2022-03-24 09:22:00,368,368,368,368,0
2022-03-24 09:23:00,368,368,368,368,0
2022-03-24 09:24:00,368,368,368,368,0
2022-03-24 09:25:00,368,368,368,368,0
2022-03-24 09:26:00,368,368,368,368,0
2022-03-24 09:27:00,368,368,368,368,0
2022-03-24 09:28:00,368,368,368,368,0
2022-03-24 09:29:00,368,368,368,368,0
2022-03-24 09:30:00,368,368,368,368,0
2022-03-24 09:31:00,368,368,368,368,0
2022-03-24 09:32:00,370,370,370,370,0
2022-03-24 09:33:00,370,370,370,370,0
2022-03-24 09:34:00,370,370,370,370,0
2022-03-24 09:35:00,370,370,370,370,0
2022-03-24 09:36:00,370,370,370,370,0
2022-03-24 09:37:00,370,370,370,370,0
2022-03-24 09:38:00,370,370,370,370,1000
2022-03-24 09:39:00,370,370,370,370,0
2022-03-24 09:40:00,370,370,370,370,0
2022-03-24 09:41:00,370,370,370,370,0
2022-03-24 09:42:00,370,370,370,370,0
2022-03-24 09:43:00,368,368,368,368,12200
2022-03-24 09:44:00,368,368,368,368,0
2022-03-24 09:45:00,368,368,368,368,0
2022-03-24 09:46:00,368,368,368,368,0
2022-03-24 09:47:00,368,368,368,368,0
2022-03-24 09:48:00,368,368,368,368,0
2022-03-24 09:49:00,368,368,368,368,0
2022-03-24 09:50:00,368,368,368,368,0
2022-03-24 09:51:00,368,368,368,368,0
2022-03-24 09:52:00,368,368,368,368,0
2022-03-24 09:53:00,368,368,368,368,0
2022-03-24 09:54:00,368,368,368,368,0
2022-03-24 09:55:00,368,368,368,368,0
2022-03-24 09:56:00,368,368,368,368,0
2022-03-24 09:57:00,368,368,368,368,0
2022-03-24 09:58:00,368,368,368,368,0
2022-03-24 09:59:00,368,368,368,368,0
2022-03-24 10:00:00,368,368,368,368,0
2022-03-24 10:01:00,368,368,368,368,0
2022-03-24 10:02:00,368,368,368,368,0
2022-03-24 10:03:00,368,368,368,368,0
2022-03-24 10:04:00,368,368,368,368,0
2022-03-24 10:05:00,368,368,368,368,0
2022-03-24 10:06:00,368,368,368,368,0
2022-03-24 10:07:00,368,368,368,368,0
2022-03-24 10:08:00,368,368,368,368,0
2022-03-24 10:09:00,368,368,368,368,0
2022-03-24 10:10:00,368,368,368,368,0
2022-03-24 10:11:00,368,368,368,368,0
2022-03-24 10:12:00,368,368,368,368,0
2022-03-24 10:13:00,368,368,368,368,0
2022-03-24 10:14:00,368,368,368,368,0
2022-03-24 10:15:00,368,368,368,368,0
2022-03-24 10:16:00,368,368,368,368,0
2022-03-24 10:17:00,368,368,368,368,0
2022-03-24 10:18:00,368,368,368,368,0
2022-03-24 10:19:00,368,368,368,368,0
2022-03-24 10:20:00,368,368,368,368,0
2022-03-24 10:21:00,368,368,368,368,0
2022-03-24 10:22:00,368,368,368,368,0
2022-03-24 10:23:00,368,368,368,368,0
2022-03-24 10:24:00,368,368,368,368,0
2022-03-24 10:25:00,368,368,368,368,0
2022-03-24 10:26:00,368,368,368,368,0
2022-03-24 10:27:00,368,368,368,368,0
2022-03-24 10:28:00,368,368,368,368,0
2022-03-24 10:29:00,368,368,368,368,0
2022-03-24 10:30:00,368,368,368,368,0
2022-03-24 10:31:00,368,368,368,368,0
2022-03-24 10:32:00,368,368,368,368,0
2022-03-24 10:33:00,368,368,368,368,0
2022-03-24 10:34:00,368,368,368,368,0
2022-03-24 10:35:00,368,368,368,368,0
2022-03-24 10:36:00,368,368,368,368,0
2022-03-24 10:37:00,368,368,368,368,0
2022-03-24 10:38:00,368,368,368,368,0
2022-03-24 10:39:00,368,368,368,368,0
2022-03-24 10:40:00,368,368,368,368,0
2022-03-24 10:41:00,368,368,368,368,0
2022-03-24 10:42:00,368,368,368,368,0
2022-03-24 10:43:00,368,368,368,368,0
2022-03-24 10:44:00,368,368,368,368,0
2022-03-24 10:45:00,368,368,368,368,0
2022-03-24 10:46:00,368,368,368,368,0
2022-03-24 10:47:00,368,368,368,368,0
2022-03-24 10:48:00,368,368,368,368,200
2022-03-24 10:49:00,368,368,368,368,0
2022-03-24 10:50:00,368,368,368,368,0
2022-03-24 10:51:00,368,368,368,368,0
2022-03-24 10:52:00,368,368,368,368,0
2022-03-24 10:53:00,368,368,368,368,0
2022-03-24 10:54:00,368,368,368,368,0
2022-03-24 10:55:00,368,368,368,368,0
2022-03-24 10:56:00,368,368,368,368,0
2022-03-24 10:57:00,368,368,368,368,0
2022-03-24 10:58:00,368,368,368,368,0
2022-03-24 10:59:00,368,368,368,368,0
2022-03-24 11:00:00,368,368,368,368,0
2022-03-24 11:01:00,368,368,368,368,0
2022-03-24 11:02:00,368,368,368,368,0
2022-03-24 11:03:00,368,368,368,368,400
2022-03-24 11:04:00,370,370,370,370,100
2022-03-24 11:05:00,370,370,370,370,0
2022-03-24 11:06:00,370,370,370,370,0
2022-03-24 11:07:00,370,370,370,370,0
2022-03-24 11:08:00,370,370,370,370,0
2022-03-24 11:09:00,370,370,370,370,0
2022-03-24 11:10:00,370,370,370,370,0
2022-03-24 11:11:00,370,370,370,370,0
2022-03-24 11:12:00,370,370,370,370,0
2022-03-24 11:13:00,370,370,370,370,0
2022-03-24 11:14:00,370,370,370,370,0
2022-03-24 11:15:00,370,370,370,370,0
2022-03-24 11:16:00,370,370,370,370,0
2022-03-24 11:17:00,370,370,370,370,0
2022-03-24 11:18:00,370,370,370,370,0
2022-03-24 11:19:00,370,370,370,370,0
2022-03-24 11:20:00,370,370,370,370,0
2022-03-24 11:21:00,370,370,370,370,0
2022-03-24 11:22:00,370,370,370,370,0
2022-03-24 11:23:00,370,370,370,370,0
2022-03-24 11:24:00,370,370,370,370,0
2022-03-24 11:25:00,370,370,370,370,0
2022-03-24 11:26:00,370,370,370,370,0
2022-03-24 11:27:00,370,370,370,370,0
2022-03-24 11:28:00,370,370,370,370,0
2022-03-24 11:29:00,370,370,370,370,0
2022-03-24 11:30:00,370,370,370,370,0
2022-03-24 11:31:00,370,370,370,370,0
2022-03-24 11:32:00,370,370,370,370,0
2022-03-24 11:33:00,370,370,370,370,0
2022-03-24 11:34:00,370,370,370,370,0
2022-03-24 11:35:00,370,370,370,370,0
2022-03-24 11:36:00,370,370,370,370,0
2022-03-24 11:37:00,370,370,370,370,0
2022-03-24 11:38:00,370,370,370,370,0
2022-03-24 11:39:00,370,370,370,370,0
2022-03-24 11:40:00,370,370,370,370,0
2022-03-24 11:41:00,370,370,370,370,0
2022-03-24 11:42:00,370,370,370,370,0
2022-03-24 11:43:00,370,370,370,370,0
2022-03-24 11:44:00,370,370,370,370,0
2022-03-24 11:45:00,370,370,370,370,0
2022-03-24 11:46:00,370,370,370,370,0
2022-03-24 11:47:00,370,370,370,370,0
2022-03-24 11:48:00,370,370,370,370,0
2022-03-24 11:49:00,370,370,370,370,0
2022-03-24 11:50:00,370,370,370,370,0
2022-03-24 11:51:00,370,370,370,370,0
2022-03-24 11:52:00,370,370,370,370,0
2022-03-24 11:53:00,370,370,370,370,0
2022-03-24 11:54:00,370,370,370,370,0
2022-03-24 11:55:00,370,370,370,370,0
2022-03-24 11:56:00,370,370,370,370,0
2022-03-24 11:57:00,370,370,370,370,0
2022-03-24 11:58:00,370,370,370,370,0
2022-03-24 11:59:00,370,370,370,370,0
2022-03-24 12:00:00,370,370,370,370,0
2022-03-24 12:01:00,370,370,370,370,0
2022-03-24 12:02:00,370,370,370,370,0
2022-03-24 12:03:00,370,370,370,370,0
2022-03-24 12:04:00,370,370,370,370,0
2022-03-24 12:05:00,370,370,370,370,0
2022-03-24 12:06:00,370,370,370,370,0
2022-03-24 12:07:00,370,370,370,370,0
2022-03-24 12:08:00,370,370,370,370,0
2022-03-24 12:09:00,370,370,370,370,0
2022-03-24 12:10:00,370,370,370,370,0
2022-03-24 12:11:00,370,370,370,370,0
2022-03-24 12:12:00,370,370,370,370,0
2022-03-24 12:13:00,370,370,370,370,0
2022-03-24 12:14:00,370,370,370,370,0
2022-03-24 12:15:00,370,370,370,370,0
2022-03-24 12:16:00,370,370,370,370,0
2022-03-24 12:17:00,370,370,370,370,0
2022-03-24 12:18:00,370,370,370,370,0
2022-03-24 12:19:00,370,370,370,370,0
2022-03-24 12:20:00,370,370,370,370,0
2022-03-24 12:21:00,370,370,370,370,0
2022-03-24 12:22:00,370,370,370,370,0
2022-03-24 12:23:00,370,370,370,370,0
2022-03-24 12:24:00,370,370,370,370,0
2022-03-24 12:25:00,370,370,370,370,0
2022-03-24 12:26:00,370,370,370,370,0
2022-03-24 12:27:00,370,370,370,370,0
2022-03-24 12:28:00,370,370,370,370,0
2022-03-24 12:29:00,370,370,370,370,0
2022-03-24 12:30:00,370,370,370,370,0
2022-03-24 12:31:00,370,370,370,370,0
2022-03-24 12:32:00,370,370,370,370,0
2022-03-24 12:33:00,370,370,370,370,0
2022-03-24 12:34:00,370,370,370,370,0
2022-03-24 12:35:00,370,370,370,370,0
2022-03-24 12:36:00,370,370,370,370,0
2022-03-24 12:37:00,370,370,370,370,0
2022-03-24 12:38:00,370,370,370,370,0
2022-03-24 12:39:00,370,370,370,370,0
2022-03-24 12:40:00,370,370,370,370,0
2022-03-24 12:41:00,370,370,370,370,0
2022-03-24 12:42:00,370,370,370,370,0
2022-03-24 12:43:00,370,370,370,370,0
2022-03-24 12:44:00,370,370,370,370,0
2022-03-24 12:45:00,370,370,370,370,0
2022-03-24 12:46:00,370,370,370,370,0
2022-03-24 12:47:00,370,370,370,370,0
2022-03-24 12:48:00,370,370,370,370,0
2022-03-24 12:49:00,370,370,370,370,0
2022-03-24 12:50:00,370,370,370,370,0
2022-03-24 12:51:00,370,370,370,370,0
2022-03-24 12:52:00,370,370,370,370,0
2022-03-24 12:53:00,370,370,370,370,0
2022-03-24 12:54:00,370,370,370,370,0
2022-03-24 12:55:00,370,370,370,370,0
2022-03-24 12:56:00,370,370,370,370,0
2022-03-24 12:57:00,370,370,370,370,0
2022-03-24 12:58:00,370,370,370,370,0
2022-03-24 12:59:00,370,370,370,370,0
2022-03-24 13:00:00,370,370,370,370,0
2022-03-24 13:01:00,370,370,370,370,0
2022-03-24 13:02:00,370,370,370,370,0
2022-03-24 13:03:00,370,370,370,370,0
2022-03-24 13:04:00,370,370,370,370,0
2022-03-24 13:05:00,370,370,370,370,0
2022-03-24 13:06:00,370,370,370,370,0
2022-03-24 13:07:00,370,370,370,370,0
2022-03-24 13:08:00,370,370,370,370,0
2022-03-24 13:09:00,370,370,370,370,0
2022-03-24 13:10:00,370,370,370,370,0
2022-03-24 13:11:00,370,370,370,370,0
2022-03-24 13:12:00,370,370,370,370,0
2022-03-24 13:13:00,370,370,370,370,0
2022-03-24 13:14:00,370,370,370,370,0
2022-03-24 13:15:00,370,370,370,370,0
2022-03-24 13:16:00,370,370,370,370,0
2022-03-24 13:17:00,370,370,370,370,0
2022-03-24 13:18:00,370,370,370,370,0
2022-03-24 13:19:00,370,370,370,370,0
2022-03-24 13:20:00,370,370,370,370,0
2022-03-24 13:21:00,370,370,370,370,0
2022-03-24 13:22:00,370,370,370,370,0
2022-03-24 13:23:00,370,370,370,370,0
2022-03-24 13:24:00,370,370,370,370,0
2022-03-24 13:25:00,370,370,370,370,0
2022-03-24 13:26:00,370,370,370,370,0
2022-03-24 13:27:00,370,370,370,370,0
2022-03-24 13:28:00,370,370,370,370,0
2022-03-24 13:29:00,370,370,370,370,0
2022-03-24 13:30:00,370,370,370,370,0
2022-03-24 13:31:00,370,370,370,370,0
2022-03-24 13:32:00,370,370,370,370,0
2022-03-24 13:33:00,370,370,370,370,0
2022-03-24 13:34:00,370,370,370,370,0
2022-03-24 13:35:00,370,370,370,370,0
2022-03-24 13:36:00,370,370,370,370,0
2022-03-24 13:37:00,370,370,370,370,0
2022-03-24 13:38:00,370,370,370,370,0
2022-03-24 13:39:00,370,370,370,370,0
2022-03-24 13:40:00,370,370,370,370,0
2022-03-24 13:41:00,370,370,370,370,0
2022-03-24 13:42:00,370,370,370,370,0
2022-03-24 13:43:00,370,370,370,370,0
2022-03-24 13:44:00,370,370,370,370,0
2022-03-24 13:45:00,370,370,370,370,0
2022-03-24 13:46:00,370,370,370,370,0
2022-03-24 13:47:00,370,370,370,370,0
2022-03-24 13:48:00,370,370,370,370,0
2022-03-24 13:49:00,370,370,370,370,0
2022-03-24 13:50:00,370,370,370,370,0
2022-03-24 13:51:00,370,370,370,370,0
2022-03-24 13:52:00,370,370,370,370,0
2022-03-24 13:53:00,370,370,370,370,0
2022-03-24 13:54:00,370,370,370,370,0
2022-03-24 13:55:00,370,370,370,370,0
2022-03-24 13:56:00,370,370,370,370,0
2022-03-24 13:57:00,370,370,370,370,0
2022-03-24 13:58:00,370,370,370,370,0
2022-03-24 13:59:00,370,370,370,370,0
2022-03-24 14:00:00,370,370,370,370,0
2022-03-24 14:01:00,370,370,370,370,0
2022-03-24 14:02:00,370,370,370,370,0
2022-03-24 14:03:00,370,370,370,370,0
2022-03-24 14:04:00,370,370,370,370,0
2022-03-24 14:05:00,370,370,370,370,0
2022-03-24 14:06:00,370,370,370,370,0
2022-03-24 14:07:00,370,370,370,370,0
2022-03-24 14:08:00,370,370,370,370,0
2022-03-24 14:09:00,370,370,370,370,0
2022-03-24 14:10:00,370,370,370,370,0
2022-03-24 14:11:00,370,370,370,370,0
2022-03-24 14:12:00,370,370,370,370,0
2022-03-24 14:13:00,370,370,370,370,0
2022-03-24 14:14:00,370,370,370,370,0
2022-03-24 14:15:00,370,370,370,370,0
2022-03-24 14:16:00,370,370,370,370,0
2022-03-24 14:17:00,370,370,370,370,0
2022-03-24 14:18:00,370,370,370,370,0
2022-03-24 14:19:00,362,362,362,362,500
2022-03-24 14:20:00,362,362,362,362,0
2022-03-24 14:21:00,362,362,362,362,0
2022-03-24 14:22:00,362,362,362,362,0
2022-03-24 14:23:00,362,362,362,362,0
2022-03-24 14:24:00,362,362,362,362,0
2022-03-24 14:25:00,362,362,362,362,0
2022-03-24 14:26:00,362,362,362,362,0
2022-03-24 14:27:00,362,362,362,362,0
2022-03-24 14:28:00,362,362,362,362,0
2022-03-24 14:29:00,362,362,362,362,0
2022-03-24 14:30:00,362,362,362,362,0
2022-03-24 14:31:00,362,362,362,362,0
2022-03-24 14:32:00,362,362,362,362,0
2022-03-24 14:33:00,362,362,362,362,0
2022-03-24 14:34:00,362,362,362,362,0
2022-03-24 14:35:00,362,362,362,362,0
2022-03-24 14:36:00,362,362,362,362,0
2022-03-24 14:37:00,362,362,362,362,100
2022-03-24 14:38:00,368,368,370,370,200
2022-03-24 14:39:00,368,368,370,370,0
2022-03-24 14:40:00,368,368,370,370,0
2022-03-24 14:41:00,368,368,370,370,0
2022-03-24 14:42:00,368,368,370,370,0
2022-03-24 14:43:00,368,368,370,370,0
2022-03-24 14:44:00,368,368,370,370,0
2022-03-24 14:45:00,368,368,370,370,0
2022-03-24 14:46:00,368,368,370,370,0
2022-03-24 14:47:00,368,368,370,370,0
2022-03-24 14:48:00,368,368,370,370,0
2022-03-24 14:49:00,368,368,370,370,0
2022-03-24 14:50:00,368,368,370,370,0
2022-03-24 14:51:00,368,368,370,370,0
2022-03-24 14:52:00,368,368,370,370,0
2022-03-24 14:53:00,368,368,370,370,0
2022-03-24 14:54:00,368,368,370,370,0
2022-03-24 14:55:00,368,368,370,370,0
2022-03-24 14:56:00,368,368,370,370,0
2022-03-24 14:57:00,368,368,370,370,0
2022-03-24 14:58:00,368,368,370,370,0
2022-03-24 14:59:00,368,368,370,370,0
2022-03-24 15:00:00,368,368,370,370,0
2022-03-24 15:01:00,368,368,370,370,0
2022-03-24 15:02:00,368,368,370,370,0
2022-03-24 15:03:00,368,368,370,370,0
2022-03-24 15:04:00,368,368,370,370,0
2022-03-24 15:05:00,368,368,370,370,0
2022-03-24 15:06:00,368,368,370,370,0
2022-03-24 15:07:00,368,368,370,370,0
2022-03-24 15:08:00,368,368,370,370,0
2022-03-24 15:09:00,368,368,370,370,0
2022-03-24 15:10:00,368,368,370,370,0
2022-03-24 15:11:00,368,368,370,370,0
2022-03-24 15:12:00,368,368,370,370,0
2022-03-24 15:13:00,368,368,370,370,0
2022-03-24 15:14:00,368,368,370,370,0
2022-03-24 15:15:00,368,368,370,370,0
2022-03-24 15:16:00,368,368,370,370,0
2022-03-24 15:17:00,368,368,370,370,0
2022-03-24 15:18:00,368,368,370,370,0
2022-03-24 15:19:00,368,368,370,370,0
2022-03-24 15:20:00,368,368,370,370,0
2022-03-24 15:21:00,368,368,370,370,0
2022-03-24 15:22:00,368,368,370,370,0
2022-03-24 15:23:00,368,368,370,370,0
2022-03-24 15:24:00,368,368,370,370,0
2022-03-24 15:25:00,368,368,370,370,0
2022-03-24 15:26:00,368,368,370,370,0
2022-03-24 15:27:00,368,368,370,370,0
2022-03-24 15:28:00,368,368,370,370,0
2022-03-24 15:29:00,368,368,370,370,0
2022-03-24 15:30:00,368,368,370,370,0
2022-03-24 15:31:00,368,368,370,370,0
2022-03-24 15:32:00,368,368,370,370,0
2022-03-24 15:33:00,368,368,370,370,0
2022-03-24 15:34:00,368,368,370,370,0
2022-03-24 15:35:00,368,368,370,370,0
2022-03-24 15:36:00,368,368,370,370,0
2022-03-24 15:37:00,368,368,370,370,0
2022-03-24 15:38:00,368,368,370,370,0
2022-03-24 15:39:00,368,368,370,370,0
2022-03-24 15:40:00,368,368,370,370,0
2022-03-24 15:41:00,368,368,370,370,0
2022-03-24 15:42:00,368,368,370,370,0
2022-03-24 15:43:00,368,368,370,370,0
2022-03-24 15:44:00,368,368,370,370,0
2022-03-24 15:45:00,368,368,370,370,0
2022-03-24 15:46:00,368,368,370,370,0
2022-03-24 15:47:00,368,368,370,370,0
2022-03-24 15:48:00,368,368,370,370,0
2022-03-24 15:49:00,368,368,370,370,0
2022-03-24 15:50:00,368,368,370,370,0
2022-03-24 15:51:00,368,368,370,370,0
2022-03-24 15:52:00,368,368,370,370,0
2022-03-24 15:53:00,368,368,370,370,0
2022-03-24 15:54:00,368,368,370,370,0
2022-03-24 15:55:00,368,368,370,370,0
2022-03-24 15:56:00,368,368,370,370,0
2022-03-24 15:57:00,368,368,370,370,0
2022-03-24 15:58:00,368,368,370,370,0
2022-03-24 15:59:00,368,368,370,370,0
2022-03-25 09:00:00,368,368,370,370,0
2022-03-25 09:01:00,368,368,370,370,0
2022-03-25 09:02:00,368,368,370,370,0
2022-03-25 09:03:00,368,368,370,370,0
2022-03-25 09:04:00,368,368,370,370,0
2022-03-25 09:05:00,368,368,370,370,0
2022-03-25 09:06:00,368,368,370,370,0
2022-03-25 09:07:00,368,368,370,370,0
2022-03-25 09:08:00,368,368,370,370,0
2022-03-25 09:09:00,368,368,370,370,0
2022-03-25 09:10:00,368,368,370,370,0
2022-03-25 09:11:00,368,368,370,370,0
2022-03-25 09:12:00,368,368,370,370,0
2022-03-25 09:13:00,368,368,370,370,0
2022-03-25 09:14:00,368,368,370,370,0
2022-03-25 09:15:00,368,368,370,370,0
2022-03-25 09:16:00,368,368,370,370,0
2022-03-25 09:17:00,368,368,370,370,0
2022-03-25 09:18:00,368,368,370,370,0
2022-03-25 09:19:00,368,368,370,370,0
2022-03-25 09:20:00,368,368,370,370,0
2022-03-25 09:21:00,368,368,370,370,0
2022-03-25 09:22:00,368,368,370,370,0
2022-03-25 09:23:00,368,368,370,370,0
2022-03-25 09:24:00,368,368,370,370,0
2022-03-25 09:25:00,368,368,370,370,0
2022-03-25 09:26:00,368,368,370,370,0
2022-03-25 09:27:00,368,368,370,370,0
2022-03-25 09:28:00,368,368,370,370,0
2022-03-25 09:29:00,368,368,370,370,0
2022-03-25 09:30:00,368,368,370,370,0
2022-03-25 09:31:00,368,368,370,370,0
2022-03-25 09:32:00,368,368,370,370,0
2022-03-25 09:33:00,368,368,370,370,0
2022-03-25 09:34:00,368,368,370,370,0
2022-03-25 09:35:00,368,368,370,370,0
2022-03-25 09:36:00,368,368,370,370,0
2022-03-25 09:37:00,368,368,370,370,0
2022-03-25 09:38:00,368,368,370,370,0
2022-03-25 09:39:00,368,368,370,370,0
2022-03-25 09:40:00,368,368,370,370,0
2022-03-25 09:41:00,368,368,370,370,0
2022-03-25 09:42:00,368,368,370,370,0
2022-03-25 09:43:00,368,368,370,370,0
2022-03-25 09:44:00,368,368,370,370,0
2022-03-25 09:45:00,368,368,370,370,0
2022-03-25 09:46:00,368,368,370,370,0
2022-03-25 09:47:00,368,368,370,370,0
2022-03-25 09:48:00,368,368,370,370,0
2022-03-25 09:49:00,368,368,370,370,0
2022-03-25 09:50:00,368,368,370,370,0
2022-03-25 09:51:00,368,368,370,370,0
2022-03-25 09:52:00,368,368,370,370,0
2022-03-25 09:53:00,368,368,370,370,0
2022-03-25 09:54:00,368,368,370,370,0
2022-03-25 09:55:00,368,368,370,370,0
2022-03-25 09:56:00,368,368,370,370,0
2022-03-25 09:57:00,368,368,370,370,0
2022-03-25 09:58:00,368,368,370,370,0
2022-03-25 09:59:00,368,368,370,370,0
2022-03-25 10:00:00,368,368,370,370,0
2022-03-25 10:01:00,368,368,370,370,0
2022-03-25 10:02:00,368,368,370,370,0
2022-03-25 10:03:00,368,368,370,370,0
2022-03-25 10:04:00,368,368,370,370,0
2022-03-25 10:05:00,368,368,370,370,0
2022-03-25 10:06:00,368,368,370,370,0
2022-03-25 10:07:00,368,368,370,370,0
2022-03-25 10:08:00,368,368,370,370,0
2022-03-25 10:09:00,368,368,370,370,0
2022-03-25 10:10:00,368,368,370,370,0
2022-03-25 10:11:00,368,368,370,370,0
2022-03-25 10:12:00,368,368,370,370,0
2022-03-25 10:13:00,368,368,370,370,0
2022-03-25 10:14:00,368,368,370,370,0
2022-03-25 10:15:00,368,368,370,370,0
2022-03-25 10:16:00,368,368,370,370,0
2022-03-25 10:17:00,368,368,370,370,0
2022-03-25 10:18:00,368,368,370,370,0
2022-03-25 10:19:00,370,370,370,370,0
2022-03-25 10:20:00,370,370,370,370,0
2022-03-25 10:21:00,370,370,370,370,4700
2022-03-25 10:22:00,370,370,370,370,0
2022-03-25 10:23:00,370,370,370,370,0
2022-03-25 10:24:00,370,370,370,370,0
2022-03-25 10:25:00,370,370,370,370,0
2022-03-25 10:26:00,370,370,370,370,0
2022-03-25 10:27:00,370,370,370,370,0
2022-03-25 10:28:00,370,370,370,370,0
2022-03-25 10:29:00,370,370,370,370,0
2022-03-25 10:30:00,370,370,370,370,0
2022-03-25 10:31:00,370,370,370,370,0
2022-03-25 10:32:00,370,370,370,370,0
2022-03-25 10:33:00,370,370,370,370,0
2022-03-25 10:34:00,370,370,370,370,0
2022-03-25 10:35:00,370,370,370,370,0
2022-03-25 10:36:00,370,370,370,370,0
2022-03-25 10:37:00,370,370,370,370,0
2022-03-25 10:38:00,370,370,370,370,0
2022-03-25 10:39:00,370,370,370,370,0
2022-03-25 10:40:00,370,370,370,370,0
2022-03-25 10:41:00,370,370,370,370,0
2022-03-25 10:42:00,370,370,370,370,0
2022-03-25 10:43:00,370,370,370,370,0
2022-03-25 10:44:00,370,370,370,370,0
2022-03-25 10:45:00,370,370,370,370,0
2022-03-25 10:46:00,370,370,370,370,0
2022-03-25 10:47:00,370,370,370,370,0
2022-03-25 10:48:00,370,370,370,370,0
2022-03-25 10:49:00,372,372,378,378,400
2022-03-25 10:50:00,372,372,378,378,0
2022-03-25 10:51:00,372,372,378,378,0
2022-03-25 10:52:00,372,372,378,378,0
2022-03-25 10:53:00,378,378,378,378,1800
2022-03-25 10:54:00,378,378,378,378,0
2022-03-25 10:55:00,378,378,378,378,0
2022-03-25 10:56:00,378,378,378,378,0
2022-03-25 10:57:00,378,378,378,378,0
2022-03-25 10:58:00,378,378,378,378,0
2022-03-25 10:59:00,378,378,378,378,0
2022-03-25 11:00:00,378,378,378,378,0
2022-03-25 11:01:00,378,378,378,378,0
2022-03-25 11:02:00,378,378,378,378,0
2022-03-25 11:03:00,378,378,378,378,0
2022-03-25 11:04:00,378,378,378,378,0
2022-03-25 11:05:00,378,378,378,378,0
2022-03-25 11:06:00,378,378,378,378,0
2022-03-25 11:07:00,378,378,378,378,0
2022-03-25 11:08:00,378,378,378,378,0
2022-03-25 11:09:00,378,378,378,378,0
2022-03-25 11:10:00,378,378,378,378,0
2022-03-25 11:11:00,378,378,378,378,0
2022-03-25 11:12:00,378,378,378,378,0
2022-03-25 11:13:00,378,378,378,378,0
2022-03-25 11:14:00,378,378,378,378,0
2022-03-25 11:15:00,378,378,378,378,0
2022-03-25 11:16:00,378,378,378,378,0
2022-03-25 11:17:00,378,378,378,378,0
2022-03-25 11:18:00,378,378,378,378,0
2022-03-25 11:19:00,378,378,378,378,0
2022-03-25 11:20:00,378,378,378,378,0
2022-03-25 11:21:00,372,372,372,372,100
2022-03-25 11:22:00,372,372,372,372,0
2022-03-25 11:23:00,372,372,372,372,0
2022-03-25 11:24:00,372,372,372,372,0
2022-03-25 11:25:00,372,372,372,372,0
2022-03-25 11:26:00,372,372,372,372,0
2022-03-25 11:27:00,372,372,372,372,0
2022-03-25 11:28:00,372,372,372,372,0
2022-03-25 11:29:00,372,372,372,372,400
2022-03-25 11:30:00,372,372,372,372,0
2022-03-25 11:31:00,372,372,372,372,0
2022-03-25 11:32:00,372,372,372,372,0
2022-03-25 11:33:00,372,372,372,372,0
2022-03-25 11:34:00,372,372,372,372,0
2022-03-25 11:35:00,372,372,372,372,0
2022-03-25 11:36:00,372,372,372,372,0
2022-03-25 11:37:00,372,372,372,372,0
2022-03-25 11:38:00,372,372,372,372,0
2022-03-25 11:39:00,372,372,372,372,0
2022-03-25 11:40:00,372,372,372,372,0
2022-03-25 11:41:00,372,372,372,372,0
2022-03-25 11:42:00,372,372,372,372,0
2022-03-25 11:43:00,372,372,372,372,0
2022-03-25 11:44:00,372,372,372,372,0
2022-03-25 11:45:00,372,372,372,372,0
2022-03-25 11:46:00,372,372,372,372,0
2022-03-25 11:47:00,372,372,372,372,0
2022-03-25 11:48:00,372,372,372,372,0
2022-03-25 11:49:00,372,372,372,372,0
2022-03-25 11:50:00,372,372,372,372,0
2022-03-25 11:51:00,372,372,372,372,0
2022-03-25 11:52:00,372,372,372,372,0
2022-03-25 11:53:00,372,372,372,372,0
2022-03-25 11:54:00,372,372,372,372,0
2022-03-25 11:55:00,372,372,372,372,0
2022-03-25 11:56:00,372,372,372,372,0
2022-03-25 11:57:00,372,372,372,372,0
2022-03-25 11:58:00,372,372,372,372,0
2022-03-25 11:59:00,372,372,372,372,0
2022-03-25 12:00:00,372,372,372,372,0
2022-03-25 12:01:00,372,372,372,372,0
2022-03-25 12:02:00,372,372,372,372,0
2022-03-25 12:03:00,372,372,372,372,0
2022-03-25 12:04:00,372,372,372,372,0
2022-03-25 12:05:00,372,372,372,372,0
2022-03-25 12:06:00,372,372,372,372,0
2022-03-25 12:07:00,372,372,372,372,0
2022-03-25 12:08:00,372,372,372,372,0
2022-03-25 12:09:00,372,372,372,372,0
2022-03-25 12:10:00,372,372,372,372,0
2022-03-25 12:11:00,372,372,372,372,0
2022-03-25 12:12:00,372,372,372,372,0
2022-03-25 12:13:00,372,372,372,372,0
2022-03-25 12:14:00,372,372,372,372,0
2022-03-25 12:15:00,372,372,372,372,0
2022-03-25 12:16:00,372,372,372,372,0
2022-03-25 12:17:00,372,372,372,372,0
2022-03-25 12:18:00,372,372,372,372,0
2022-03-25 12:19:00,372,372,372,372,0
2022-03-25 12:20:00,372,372,372,372,0
2022-03-25 12:21:00,372,372,372,372,0
2022-03-25 12:22:00,372,372,372,372,0
2022-03-25 12:23:00,372,372,372,372,0
2022-03-25 12:24:00,372,372,372,372,0
2022-03-25 12:25:00,372,372,372,372,0
2022-03-25 12:26:00,372,372,372,372,0
2022-03-25 12:27:00,372,372,372,372,0
2022-03-25 12:28:00,372,372,372,372,0
2022-03-25 12:29:00,372,372,372,372,0
2022-03-25 12:30:00,372,372,372,372,0
2022-03-25 12:31:00,372,372,372,372,0
2022-03-25 12:32:00,372,372,372,372,0
2022-03-25 12:33:00,372,372,372,372,0
2022-03-25 12:34:00,372,372,372,372,0
2022-03-25 12:35:00,372,372,372,372,0
2022-03-25 12:36:00,372,372,372,372,0
2022-03-25 12:37:00,372,372,372,372,0
2022-03-25 12:38:00,372,372,372,372,0
2022-03-25 12:39:00,372,372,372,372,0
2022-03-25 12:40:00,372,372,372,372,0
2022-03-25 12:41:00,372,372,372,372,0
2022-03-25 12:42:00,372,372,372,372,0
2022-03-25 12:43:00,372,372,372,372,0
2022-03-25 12:44:00,372,372,372,372,0
2022-03-25 12:45:00,372,372,372,372,0
2022-03-25 12:46:00,372,372,372,372,0
2022-03-25 12:47:00,372,372,372,372,0
2022-03-25 12:48:00,372,372,372,372,0
2022-03-25 12:49:00,372,372,372,372,0
2022-03-25 12:50:00,372,372,372,372,0
2022-03-25 12:51:00,372,372,372,372,0
2022-03-25 12:52:00,372,372,372,372,0
2022-03-25 12:53:00,372,372,372,372,0
2022-03-25 12:54:00,372,372,372,372,0
2022-03-25 12:55:00,372,372,372,372,0
2022-03-25 12:56:00,372,372,372,372,0
2022-03-25 12:57:00,372,372,372,372,0
2022-03-25 12:58:00,372,372,372,372,0
2022-03-25 12:59:00,372,372,372,372,0
2022-03-25 13:00:00,372,372,372,372,0
2022-03-25 13:01:00,372,372,372,372,0
2022-03-25 13:02:00,372,372,372,372,0
2022-03-25 13:03:00,372,372,372,372,0
2022-03-25 13:04:00,372,372,372,372,0
2022-03-25 13:05:00,372,372,372,372,0
2022-03-25 13:06:00,372,372,372,372,0
2022-03-25 13:07:00,372,372,372,372,0
2022-03-25 13:08:00,372,372,372,372,0
2022-03-25 13:09:00,372,372,372,372,0
2022-03-25 13:10:00,372,372,372,372,0
2022-03-25 13:11:00,372,372,372,372,0
2022-03-25 13:12:00,372,372,372,372,0
2022-03-25 13:13:00,372,372,372,372,0
2022-03-25 13:14:00,372,372,372,372,0
2022-03-25 13:15:00,372,372,372,372,0
2022-03-25 13:16:00,372,372,372,372,0
2022-03-25 13:17:00,372,372,372,372,0
2022-03-25 13:18:00,372,372,372,372,0
2022-03-25 13:19:00,372,372,372,372,0
2022-03-25 13:20:00,372,372,372,372,0
2022-03-25 13:21:00,372,372,372,372,0
2022-03-25 13:22:00,372,372,372,372,0
2022-03-25 13:23:00,372,372,372,372,0
2022-03-25 13:24:00,372,372,372,372,0
2022-03-25 13:25:00,372,372,372,372,0
2022-03-25 13:26:00,372,372,372,372,0
2022-03-25 13:27:00,372,372,372,372,0
2022-03-25 13:28:00,372,372,372,372,0
2022-03-25 13:29:00,372,372,372,372,0
2022-03-25 13:30:00,372,372,372,372,0
2022-03-25 13:31:00,372,372,372,372,0
2022-03-25 13:32:00,372,372,372,372,0
2022-03-25 13:33:00,372,372,372,372,0
2022-03-25 13:34:00,372,372,372,372,0
2022-03-25 13:35:00,372,372,372,372,0
2022-03-25 13:36:00,372,372,372,372,0
2022-03-25 13:37:00,372,372,372,372,0
2022-03-25 13:38:00,372,372,372,372,0
2022-03-25 13:39:00,372,372,372,372,0
2022-03-25 13:40:00,372,372,372,372,0
2022-03-25 13:41:00,372,372,372,372,0
2022-03-25 13:42:00,372,372,372,372,0
2022-03-25 13:43:00,372,372,372,372,0
2022-03-25 13:44:00,372,372,372,372,0
2022-03-25 13:45:00,372,372,372,372,0
2022-03-25 13:46:00,372,372,372,372,0
2022-03-25 13:47:00,372,372,372,372,0
2022-03-25 13:48:00,372,372,372,372,0
2022-03-25 13:49:00,372,372,372,372,0
2022-03-25 13:50:00,372,372,372,372,0
2022-03-25 13:51:00,372,372,372,372,0
2022-03-25 13:52:00,372,372,372,372,0
2022-03-25 13:53:00,372,372,372,372,0
2022-03-25 13:54:00,372,372,372,372,0
2022-03-25 13:55:00,372,372,372,372,0
2022-03-25 13:56:00,372,372,372,372,0
2022-03-25 13:57:00,372,372,372,372,0
2022-03-25 13:58:00,372,372,372,372,0
2022-03-25 13:59:00,372,372,372,372,0
2022-03-25 14:00:00,372,372,372,372,0
2022-03-25 14:01:00,372,372,372,372,0
2022-03-25 14:02:00,372,372,372,372,0
2022-03-25 14:03:00,372,372,372,372,0
2022-03-25 14:04:00,372,372,372,372,0
2022-03-25 14:05:00,372,372,372,372,0
2022-03-25 14:06:00,372,372,372,372,0
2022-03-25 14:07:00,372,372,372,372,0
2022-03-25 14:08:00,372,372,372,372,0
2022-03-25 14:09:00,372,372,372,372,0
2022-03-25 14:10:00,372,372,372,372,0
2022-03-25 14:11:00,372,372,372,372,0
2022-03-25 14:12:00,372,372,372,372,0
2022-03-25 14:13:00,372,372,372,372,0
2022-03-25 14:14:00,372,372,372,372,0
2022-03-25 14:15:00,372,372,372,372,0
2022-03-25 14:16:00,372,372,372,372,0
2022-03-25 14:17:00,372,372,372,372,0
2022-03-25 14:18:00,372,372,372,372,0
2022-03-25 14:19:00,372,372,372,372,0
2022-03-25 14:20:00,372,372,372,372,0
2022-03-25 14:21:00,372,372,372,372,0
2022-03-25 14:22:00,372,372,372,372,0
2022-03-25 14:23:00,372,372,372,372,0
2022-03-25 14:24:00,372,372,372,372,0
2022-03-25 14:25:00,372,372,372,372,0
2022-03-25 14:26:00,372,372,372,372,0
2022-03-25 14:27:00,372,372,372,372,0
2022-03-25 14:28:00,372,372,372,372,0
2022-03-25 14:29:00,372,372,372,372,0
2022-03-25 14:30:00,372,372,372,372,0
2022-03-25 14:31:00,372,372,372,372,0
2022-03-25 14:32:00,372,372,372,372,0
2022-03-25 14:33:00,372,372,372,372,0
2022-03-25 14:34:00,372,372,372,372,0
2022-03-25 14:35:00,372,372,372,372,0
2022-03-25 14:36:00,372,372,372,372,0
2022-03-25 14:37:00,372,372,372,372,0
2022-03-25 14:38:00,370,370,370,370,500
2022-03-25 14:39:00,370,370,370,370,0
2022-03-25 14:40:00,370,370,370,370,0
2022-03-25 14:41:00,370,370,370,370,0
2022-03-25 14:42:00,370,370,370,370,0
2022-03-25 14:43:00,370,370,370,370,0
2022-03-25 14:44:00,370,370,370,370,0
2022-03-25 14:45:00,370,370,370,370,0
2022-03-25 14:46:00,370,370,370,370,0
2022-03-25 14:47:00,370,370,370,370,0
2022-03-25 14:48:00,370,370,370,370,0
2022-03-25 14:49:00,370,370,370,370,0
2022-03-25 14:50:00,370,370,370,370,0
2022-03-25 14:51:00,370,370,370,370,0
2022-03-25 14:52:00,370,370,370,370,0
2022-03-25 14:53:00,370,370,370,370,0
2022-03-25 14:54:00,370,370,370,370,0
2022-03-25 14:55:00,370,370,370,370,0
2022-03-25 14:56:00,370,370,370,370,0
2022-03-25 14:57:00,370,370,370,370,0
2022-03-25 14:58:00,370,370,370,370,0
2022-03-25 14:59:00,370,370,370,370,0
2022-03-25 15:00:00,370,370,370,370,0
2022-03-25 15:01:00,370,370,370,370,0
2022-03-25 15:02:00,370,370,370,370,0
2022-03-25 15:03:00,370,370,370,370,0
2022-03-25 15:04:00,370,370,370,370,0
2022-03-25 15:05:00,370,370,370,370,0
2022-03-25 15:06:00,370,370,370,370,0
2022-03-25 15:07:00,370,370,370,370,0
2022-03-25 15:08:00,370,370,370,370,0
2022-03-25 15:09:00,370,370,370,370,0
2022-03-25 15:10:00,370,370,370,370,0
2022-03-25 15:11:00,370,370,370,370,0
2022-03-25 15:12:00,370,370,370,370,0
2022-03-25 15:13:00,370,370,370,370,0
2022-03-25 15:14:00,370,370,370,370,0
2022-03-25 15:15:00,370,370,370,370,0
2022-03-25 15:16:00,370,370,370,370,0
2022-03-25 15:17:00,370,370,370,370,0
2022-03-25 15:18:00,370,370,370,370,0
2022-03-25 15:19:00,370,370,370,370,0
2022-03-25 15:20:00,370,370,370,370,0
2022-03-25 15:21:00,370,370,370,370,0
2022-03-25 15:22:00,370,370,370,370,0
2022-03-25 15:23:00,370,370,370,370,0
2022-03-25 15:24:00,370,370,370,370,0
2022-03-25 15:25:00,370,370,370,370,0
2022-03-25 15:26:00,370,370,370,370,0
2022-03-25 15:27:00,370,370,370,370,0
2022-03-25 15:28:00,370,370,370,370,0
2022-03-25 15:29:00,370,370,370,370,0
2022-03-25 15:30:00,370,370,370,370,0
2022-03-25 15:31:00,370,370,370,370,0
2022-03-25 15:32:00,370,370,370,370,0
2022-03-25 15:33:00,370,370,370,370,0
2022-03-25 15:34:00,370,370,370,370,0
2022-03-25 15:35:00,370,370,370,370,0
2022-03-25 15:36:00,370,370,370,370,0
2022-03-25 15:37:00,370,370,370,370,0
2022-03-25 15:38:00,370,370,370,370,0
2022-03-25 15:39:00,370,370,370,370,0
2022-03-25 15:40:00,370,370,370,370,0
2022-03-25 15:41:00,370,370,370,370,0
2022-03-25 15:42:00,370,370,370,370,0
2022-03-25 15:43:00,370,370,370,370,0
2022-03-25 15:44:00,370,370,370,370,0
2022-03-25 15:45:00,370,370,370,370,0
2022-03-25 15:46:00,370,370,370,370,0
2022-03-25 15:47:00,370,370,370,370,0
2022-03-25 15:48:00,370,370,370,370,0
2022-03-25 15:49:00,370,370,370,370,0
2022-03-25 15:50:00,370,370,370,370,0
2022-03-25 15:51:00,370,370,370,370,0
2022-03-25 15:52:00,370,370,370,370,0
2022-03-25 15:53:00,370,370,370,370,0
2022-03-25 15:54:00,370,370,370,370,0
2022-03-25 15:55:00,370,370,370,370,0
2022-03-25 15:56:00,370,370,370,370,0
2022-03-25 15:57:00,370,370,370,370,0
2022-03-25 15:58:00,370,370,370,370,0
2022-03-25 15:59:00,370,370,370,370,0
2022-03-28 09:00:00,364,364,364,364,0
2022-03-28 09:01:00,364,364,364,364,0
2022-03-28 09:02:00,364,364,364,364,0
2022-03-28 09:03:00,364,364,364,364,0
2022-03-28 09:04:00,364,364,364,364,0
2022-03-28 09:05:00,364,364,364,364,0
2022-03-28 09:06:00,364,364,364,364,0
2022-03-28 09:07:00,364,364,364,364,0
2022-03-28 09:08:00,364,364,364,364,0
2022-03-28 09:09:00,364,364,364,364,0
2022-03-28 09:10:00,364,364,364,364,0
2022-03-28 09:11:00,364,364,364,364,0
2022-03-28 09:12:00,364,364,364,364,0
2022-03-28 09:13:00,364,364,364,364,0
2022-03-28 09:14:00,364,364,364,364,0
2022-03-28 09:15:00,364,364,364,364,0
2022-03-28 09:16:00,364,364,364,364,0
2022-03-28 09:17:00,364,364,364,364,0
2022-03-28 09:18:00,364,364,364,364,0
2022-03-28 09:19:00,364,364,364,364,0
2022-03-28 09:20:00,364,364,364,364,0
2022-03-28 09:21:00,364,364,364,364,0
2022-03-28 09:22:00,364,364,364,364,0
2022-03-28 09:23:00,364,364,364,364,0
2022-03-28 09:24:00,364,364,364,364,0
2022-03-28 09:25:00,364,364,364,364,0
2022-03-28 09:26:00,364,364,364,364,0
2022-03-28 09:27:00,364,364,364,364,0
2022-03-28 09:28:00,364,364,364,364,0
2022-03-28 09:29:00,364,364,364,364,0
2022-03-28 09:30:00,364,364,364,364,0
2022-03-28 09:31:00,364,364,364,364,0
2022-03-28 09:32:00,364,364,364,364,0
2022-03-28 09:33:00,364,364,364,364,0
2022-03-28 09:34:00,364,364,364,364,0
2022-03-28 09:35:00,364,364,364,364,0
2022-03-28 09:36:00,364,364,364,364,0
2022-03-28 09:37:00,364,364,364,364,0
2022-03-28 09:38:00,364,364,364,364,0
2022-03-28 09:39:00,364,364,364,364,0
2022-03-28 09:40:00,364,364,364,364,0
2022-03-28 09:41:00,364,364,364,364,0
2022-03-28 09:42:00,364,364,364,364,0
2022-03-28 09:43:00,364,364,364,364,0
2022-03-28 09:44:00,364,364,364,364,0
2022-03-28 09:45:00,364,364,364,364,0
2022-03-28 09:46:00,364,364,364,364,0
2022-03-28 09:47:00,364,364,364,364,0
2022-03-28 09:48:00,364,364,364,364,0
2022-03-28 09:49:00,364,364,364,364,0
2022-03-28 09:50:00,364,364,364,364,0
2022-03-28 09:51:00,364,364,364,364,0
2022-03-28 09:52:00,364,364,364,364,0
2022-03-28 09:53:00,364,364,364,364,0
2022-03-28 09:54:00,364,364,364,364,0
2022-03-28 09:55:00,364,364,364,364,0
2022-03-28 09:56:00,364,364,364,364,0
2022-03-28 09:57:00,364,364,364,364,0
2022-03-28 09:58:00,364,364,364,364,0
2022-03-28 09:59:00,364,364,364,364,0
2022-03-28 10:00:00,364,364,364,364,0
2022-03-28 10:01:00,364,364,364,364,0
2022-03-28 10:02:00,364,364,364,364,0
2022-03-28 10:03:00,364,364,364,364,0
2022-03-28 10:04:00,364,364,364,364,0
2022-03-28 10:05:00,364,364,364,364,0
2022-03-28 10:06:00,364,364,364,364,0
2022-03-28 10:07:00,364,364,364,364,0
2022-03-28 10:08:00,364,364,364,364,0
2022-03-28 10:09:00,364,364,364,364,0
2022-03-28 10:10:00,364,364,364,364,0
2022-03-28 10:11:00,364,364,364,364,0
2022-03-28 10:12:00,364,364,364,364,0
2022-03-28 10:13:00,364,364,364,364,0
2022-03-28 10:14:00,364,364,364,364,0
2022-03-28 10:15:00,364,364,364,364,0
2022-03-28 10:16:00,364,364,364,364,0
2022-03-28 10:17:00,364,364,364,364,0
2022-03-28 10:18:00,364,364,364,364,0
2022-03-28 10:19:00,364,364,364,364,0
2022-03-28 10:20:00,364,364,364,364,0
2022-03-28 10:21:00,364,364,364,364,0
2022-03-28 10:22:00,364,364,364,364,0
2022-03-28 10:23:00,364,364,364,364,0
2022-03-28 10:24:00,364,364,364,364,0
2022-03-28 10:25:00,364,364,364,364,0
2022-03-28 10:26:00,364,364,364,364,0
2022-03-28 10:27:00,364,364,364,364,0
2022-03-28 10:28:00,364,364,364,364,0
2022-03-28 10:29:00,364,364,364,364,0
2022-03-28 10:30:00,364,364,364,364,0
2022-03-28 10:31:00,364,364,364,364,0
2022-03-28 10:32:00,364,364,364,364,0
2022-03-28 10:33:00,364,364,364,364,0
2022-03-28 10:34:00,364,364,364,364,0
2022-03-28 10:35:00,364,364,364,364,0
2022-03-28 10:36:00,364,364,364,364,0
2022-03-28 10:37:00,364,364,364,364,0
2022-03-28 10:38:00,364,364,364,364,0
2022-03-28 10:39:00,364,364,364,364,0
2022-03-28 10:40:00,364,364,364,364,0
2022-03-28 10:41:00,364,364,364,364,0
2022-03-28 10:42:00,364,364,364,364,0
2022-03-28 10:43:00,364,364,364,364,0
2022-03-28 10:44:00,364,364,364,364,0
2022-03-28 10:45:00,364,364,364,364,0
2022-03-28 10:46:00,364,364,364,364,0
2022-03-28 10:47:00,364,364,364,364,0
2022-03-28 10:48:00,364,364,364,364,0
2022-03-28 10:49:00,364,364,364,364,0
2022-03-28 10:50:00,364,364,364,364,0
2022-03-28 10:51:00,364,364,364,364,0
2022-03-28 10:52:00,364,364,364,364,0
2022-03-28 10:53:00,364,364,364,364,0
2022-03-28 10:54:00,364,364,364,364,0
2022-03-28 10:55:00,364,364,364,364,0
2022-03-28 10:56:00,364,364,364,364,0
2022-03-28 10:57:00,364,364,364,364,0
2022-03-28 10:58:00,364,364,364,364,0
2022-03-28 10:59:00,364,364,364,364,0
2022-03-28 11:00:00,364,364,364,364,0
2022-03-28 11:01:00,364,364,364,364,0
2022-03-28 11:02:00,364,364,364,364,0
2022-03-28 11:03:00,364,364,364,364,0
2022-03-28 11:04:00,364,364,364,364,0
2022-03-28 11:05:00,364,364,364,364,0
2022-03-28 11:06:00,364,364,364,364,0
2022-03-28 11:07:00,364,364,364,364,0
2022-03-28 11:08:00,364,364,364,364,0
2022-03-28 11:09:00,364,364,364,364,0
2022-03-28 11:10:00,364,364,364,364,0
2022-03-28 11:11:00,364,364,364,364,0
2022-03-28 11:12:00,364,364,364,364,0
2022-03-28 11:13:00,364,364,364,364,0
2022-03-28 11:14:00,364,364,364,364,0
2022-03-28 11:15:00,364,364,364,364,0
2022-03-28 11:16:00,364,364,364,364,0
2022-03-28 11:17:00,364,364,364,364,0
2022-03-28 11:18:00,364,364,364,364,0
2022-03-28 11:19:00,364,364,364,364,0
2022-03-28 11:20:00,364,364,364,364,0
2022-03-28 11:21:00,364,364,364,364,0
2022-03-28 11:22:00,364,364,364,364,0
2022-03-28 11:23:00,364,364,364,364,0
2022-03-28 11:24:00,364,364,364,364,0
2022-03-28 11:25:00,364,364,364,364,0
2022-03-28 11:26:00,364,364,364,364,0
2022-03-28 11:27:00,364,364,364,364,0
2022-03-28 11:28:00,364,364,364,364,0
2022-03-28 11:29:00,364,364,364,364,0
2022-03-28 11:30:00,364,364,364,364,0
2022-03-28 11:31:00,364,364,364,364,0
2022-03-28 11:32:00,364,364,364,364,0
2022-03-28 11:33:00,364,364,364,364,0
2022-03-28 11:34:00,364,364,364,364,0
2022-03-28 11:35:00,364,364,364,364,0
2022-03-28 11:36:00,364,364,364,364,0
2022-03-28 11:37:00,364,364,364,364,0
2022-03-28 11:38:00,364,364,364,364,0
2022-03-28 11:39:00,364,364,364,364,0
2022-03-28 11:40:00,364,364,364,364,0
2022-03-28 11:41:00,364,364,364,364,0
2022-03-28 11:42:00,364,364,364,364,0
2022-03-28 11:43:00,364,364,364,364,0
2022-03-28 11:44:00,364,364,364,364,0
2022-03-28 11:45:00,364,364,364,364,0
2022-03-28 11:46:00,364,364,364,364,0
2022-03-28 11:47:00,364,364,364,364,0
2022-03-28 11:48:00,364,364,364,364,0
2022-03-28 11:49:00,364,364,364,364,0
2022-03-28 11:50:00,364,364,364,364,0
2022-03-28 11:51:00,364,364,364,364,0
2022-03-28 11:52:00,364,364,364,364,0
2022-03-28 11:53:00,364,364,364,364,0
2022-03-28 11:54:00,364,364,364,364,0
2022-03-28 11:55:00,364,364,364,364,0
2022-03-28 11:56:00,364,364,364,364,0
2022-03-28 11:57:00,364,364,364,364,0
2022-03-28 11:58:00,364,364,364,364,0
2022-03-28 11:59:00,364,364,364,364,0
2022-03-28 12:00:00,364,364,364,364,0
2022-03-28 12:01:00,364,364,364,364,0
2022-03-28 12:02:00,364,364,364,364,0
2022-03-28 12:03:00,364,364,364,364,0
2022-03-28 12:04:00,364,364,364,364,0
2022-03-28 12:05:00,364,364,364,364,0
2022-03-28 12:06:00,364,364,364,364,0
2022-03-28 12:07:00,364,364,364,364,0
2022-03-28 12:08:00,364,364,364,364,0
2022-03-28 12:09:00,364,364,364,364,0
2022-03-28 12:10:00,364,364,364,364,0
2022-03-28 12:11:00,364,364,364,364,0
2022-03-28 12:12:00,364,364,364,364,0
2022-03-28 12:13:00,364,364,364,364,0
2022-03-28 12:14:00,364,364,364,364,0
2022-03-28 12:15:00,364,364,364,364,0
2022-03-28 12:16:00,364,364,364,364,0
2022-03-28 12:17:00,364,364,364,364,0
2022-03-28 12:18:00,364,364,364,364,0
2022-03-28 12:19:00,364,364,364,364,0
2022-03-28 12:20:00,364,364,364,364,0
2022-03-28 12:21:00,364,364,364,364,0
2022-03-28 12:22:00,364,364,364,364,0
2022-03-28 12:23:00,364,364,364,364,0
2022-03-28 12:24:00,364,364,364,364,0
2022-03-28 12:25:00,364,364,364,364,0
2022-03-28 12:26:00,364,364,364,364,0
2022-03-28 12:27:00,364,364,364,364,0
2022-03-28 12:28:00,364,364,364,364,0
2022-03-28 12:29:00,364,364,364,364,0
2022-03-28 12:30:00,364,364,364,364,0
2022-03-28 12:31:00,364,364,364,364,0
2022-03-28 12:32:00,364,364,364,364,0
2022-03-28 12:33:00,364,364,364,364,0
2022-03-28 12:34:00,364,364,364,364,0
2022-03-28 12:35:00,364,364,364,364,0
2022-03-28 12:36:00,364,364,364,364,0
2022-03-28 12:37:00,364,364,364,364,0
2022-03-28 12:38:00,364,364,364,364,0
2022-03-28 12:39:00,364,364,364,364,0
2022-03-28 12:40:00,364,364,364,364,0
2022-03-28 12:41:00,364,364,364,364,0
2022-03-28 12:42:00,364,364,364,364,0
2022-03-28 12:43:00,364,364,364,364,0
2022-03-28 12:44:00,364,364,364,364,0
2022-03-28 12:45:00,364,364,364,364,0
2022-03-28 12:46:00,364,364,364,364,0
2022-03-28 12:47:00,364,364,364,364,0
2022-03-28 12:48:00,364,364,364,364,0
2022-03-28 12:49:00,364,364,364,364,0
2022-03-28 12:50:00,364,364,364,364,0
2022-03-28 12:51:00,364,364,364,364,0
2022-03-28 12:52:00,364,364,364,364,0
2022-03-28 12:53:00,364,364,364,364,0
2022-03-28 12:54:00,364,364,364,364,0
2022-03-28 12:55:00,364,364,364,364,0
2022-03-28 12:56:00,364,364,364,364,0
2022-03-28 12:57:00,364,364,364,364,0
2022-03-28 12:58:00,364,364,364,364,0
2022-03-28 12:59:00,364,364,364,364,0
2022-03-28 13:00:00,364,364,364,364,0
2022-03-28 13:01:00,364,364,364,364,0
2022-03-28 13:02:00,364,364,364,364,0
2022-03-28 13:03:00,364,364,364,364,0
2022-03-28 13:04:00,364,364,364,364,0
2022-03-28 13:05:00,364,364,364,364,0
2022-03-28 13:06:00,364,364,364,364,0
2022-03-28 13:07:00,364,364,364,364,0
2022-03-28 13:08:00,364,364,364,364,0
2022-03-28 13:09:00,364,364,364,364,0
2022-03-28 13:10:00,364,364,364,364,0
2022-03-28 13:11:00,364,364,364,364,0
2022-03-28 13:12:00,364,364,364,364,0
2022-03-28 13:13:00,364,364,364,364,0
2022-03-28 13:14:00,364,364,364,364,0
2022-03-28 13:15:00,364,364,364,364,0
2022-03-28 13:16:00,364,364,364,364,0
2022-03-28 13:17:00,364,364,364,364,0
2022-03-28 13:18:00,364,364,364,364,0
2022-03-28 13:19:00,364,364,364,364,0
2022-03-28 13:20:00,364,364,364,364,0
2022-03-28 13:21:00,364,364,364,364,0
2022-03-28 13:22:00,364,364,364,364,0
2022-03-28 13:23:00,364,364,364,364,0
2022-03-28 13:24:00,364,364,364,364,0
2022-03-28 13:25:00,364,364,364,364,0
2022-03-28 13:26:00,364,364,364,364,0
2022-03-28 13:27:00,364,364,364,364,0
2022-03-28 13:28:00,364,364,364,364,0
2022-03-28 13:29:00,364,364,364,364,0
2022-03-28 13:30:00,364,364,364,364,0
2022-03-28 13:31:00,364,364,364,364,0
2022-03-28 13:32:00,364,364,364,364,0
2022-03-28 13:33:00,364,364,364,364,0
2022-03-28 13:34:00,364,364,364,364,0
2022-03-28 13:35:00,364,364,364,364,0
2022-03-28 13:36:00,364,364,364,364,0
2022-03-28 13:37:00,364,364,364,364,0
2022-03-28 13:38:00,364,364,364,364,0
2022-03-28 13:39:00,364,364,364,364,0
2022-03-28 13:40:00,364,364,364,364,0
2022-03-28 13:41:00,364,364,364,364,0
2022-03-28 13:42:00,364,364,364,364,0
2022-03-28 13:43:00,364,364,364,364,0
2022-03-28 13:44:00,364,364,364,364,0
2022-03-28 13:45:00,364,364,364,364,0
2022-03-28 13:46:00,364,364,364,364,0
2022-03-28 13:47:00,364,364,364,364,0
2022-03-28 13:48:00,364,364,364,364,0
2022-03-28 13:49:00,364,364,364,364,0
2022-03-28 13:50:00,364,364,364,364,0
2022-03-28 13:51:00,364,364,364,364,0
2022-03-28 13:52:00,364,364,364,364,0
2022-03-28 13:53:00,364,364,364,364,0
2022-03-28 13:54:00,364,364,364,364,0
2022-03-28 13:55:00,364,364,364,364,0
2022-03-28 13:56:00,364,364,364,364,0
2022-03-28 13:57:00,364,364,364,364,0
2022-03-28 13:58:00,364,364,364,364,0
2022-03-28 13:59:00,364,364,364,364,0
2022-03-28 14:00:00,364,364,364,364,0
2022-03-28 14:01:00,364,364,364,364,0
2022-03-28 14:02:00,364,364,364,364,0
2022-03-28 14:03:00,364,364,364,364,0
2022-03-28 14:04:00,364,364,364,364,0
2022-03-28 14:05:00,364,364,364,364,0
2022-03-28 14:06:00,364,364,364,364,0
2022-03-28 14:07:00,364,364,364,364,0
2022-03-28 14:08:00,364,364,364,364,0
2022-03-28 14:09:00,364,364,364,364,0
2022-03-28 14:10:00,364,364,364,364,0
2022-03-28 14:11:00,364,364,364,364,0
2022-03-28 14:12:00,364,364,364,364,0
2022-03-28 14:13:00,364,364,364,364,0
2022-03-28 14:14:00,364,364,364,364,0
2022-03-28 14:15:00,364,364,364,364,0
2022-03-28 14:16:00,364,364,364,364,0
2022-03-28 14:17:00,364,364,364,364,0
2022-03-28 14:18:00,364,364,364,364,0
2022-03-28 14:19:00,364,364,364,364,0
2022-03-28 14:20:00,364,364,364,364,0
2022-03-28 14:21:00,364,364,364,364,0
2022-03-28 14:22:00,364,364,364,364,0
2022-03-28 14:23:00,364,364,364,364,0
2022-03-28 14:24:00,364,364,364,364,0
2022-03-28 14:25:00,364,364,364,364,0
2022-03-28 14:26:00,364,364,364,364,0
2022-03-28 14:27:00,364,364,364,364,0
2022-03-28 14:28:00,364,364,364,364,0
2022-03-28 14:29:00,364,364,364,364,0
2022-03-28 14:30:00,364,364,364,364,0
2022-03-28 14:31:00,364,364,364,364,0
2022-03-28 14:32:00,364,364,364,364,0
2022-03-28 14:33:00,364,364,364,364,0
2022-03-28 14:34:00,364,364,364,364,0
2022-03-28 14:35:00,364,364,364,364,0
2022-03-28 14:36:00,364,364,364,364,0
2022-03-28 14:37:00,364,364,364,364,0
2022-03-28 14:38:00,364,364,364,364,0
2022-03-28 14:39:00,364,364,364,364,0
2022-03-28 14:40:00,364,364,364,364,0
2022-03-28 14:41:00,364,364,364,364,0
2022-03-28 14:42:00,364,364,364,364,0
2022-03-28 14:43:00,364,364,364,364,0
2022-03-28 14:44:00,364,364,364,364,0
2022-03-28 14:45:00,364,364,364,364,0
2022-03-28 14:46:00,364,364,364,364,0
2022-03-28 14:47:00,364,364,364,364,0
2022-03-28 14:48:00,364,364,364,364,0
2022-03-28 14:49:00,364,364,364,364,0
2022-03-28 14:50:00,364,364,364,364,0
2022-03-28 14:51:00,364,364,364,364,0
2022-03-28 14:52:00,364,364,364,364,0
2022-03-28 14:53:00,364,364,364,364,0
2022-03-28 14:54:00,364,364,364,364,0
2022-03-28 14:55:00,364,364,364,364,0
2022-03-28 14:56:00,364,364,364,364,0
2022-03-28 14:57:00,364,364,364,364,0
2022-03-28 14:58:00,364,364,364,364,0
2022-03-28 14:59:00,364,364,364,364,0
2022-03-28 15:00:00,364,364,364,364,0
2022-03-28 15:01:00,364,364,364,364,0
2022-03-28 15:02:00,364,364,364,364,0
2022-03-28 15:03:00,364,364,364,364,0
2022-03-28 15:04:00,364,364,364,364,0
2022-03-28 15:05:00,364,364,364,364,0
2022-03-28 15:06:00,364,364,364,364,0
2022-03-28 15:07:00,364,364,364,364,0
2022-03-28 15:08:00,364,364,364,364,0
2022-03-28 15:09:00,364,364,364,364,0
2022-03-28 15:10:00,364,364,364,364,0
2022-03-28 15:11:00,364,364,364,364,0
2022-03-28 15:12:00,364,364,364,364,0
2022-03-28 15:13:00,364,364,364,364,0
2022-03-28 15:14:00,364,364,364,364,0
2022-03-28 15:15:00,364,364,364,364,0
2022-03-28 15:16:00,364,364,364,364,0
2022-03-28 15:17:00,364,364,364,364,0
2022-03-28 15:18:00,364,364,364,364,0
2022-03-28 15:19:00,364,364,364,364,0
2022-03-28 15:20:00,364,364,364,364,0
2022-03-28 15:21:00,364,364,364,364,0
2022-03-28 15:22:00,364,364,364,364,0
2022-03-28 15:23:00,364,364,364,364,0
2022-03-28 15:24:00,364,364,364,364,0
2022-03-28 15:25:00,364,364,364,364,0
2022-03-28 15:26:00,364,364,364,364,0
2022-03-28 15:27:00,364,364,364,364,0
2022-03-28 15:28:00,364,364,364,364,0
2022-03-28 15:29:00,364,364,364,364,0
2022-03-28 15:30:00,364,364,364,364,0
2022-03-28 15:31:00,364,364,364,364,0
2022-03-28 15:32:00,364,364,364,364,0
2022-03-28 15:33:00,364,364,364,364,0
2022-03-28 15:34:00,364,364,364,364,0
2022-03-28 15:35:00,364,364,364,364,0
2022-03-28 15:36:00,364,364,364,364,0
2022-03-28 15:37:00,364,364,364,364,0
2022-03-28 15:38:00,364,364,364,364,0
2022-03-28 15:39:00,364,364,364,364,0
2022-03-28 15:40:00,364,364,364,364,0
2022-03-28 15:41:00,364,364,364,364,0
2022-03-28 15:42:00,364,364,364,364,0
2022-03-28 15:43:00,364,364,364,364,0
2022-03-28 15:44:00,364,364,364,364,0
2022-03-28 15:45:00,364,364,364,364,0
2022-03-28 15:46:00,364,364,364,364,0
2022-03-28 15:47:00,364,364,364,364,0
2022-03-28 15:48:00,364,364,364,364,0
2022-03-28 15:49:00,364,364,364,364,0
2022-03-28 15:50:00,364,364,364,364,0
2022-03-28 15:51:00,364,364,364,364,0
2022-03-28 15:52:00,364,364,364,364,0
2022-03-28 15:53:00,364,364,364,364,0
2022-03-28 15:54:00,364,364,364,364,0
2022-03-28 15:55:00,364,364,364,364,0
2022-03-28 15:56:00,364,364,364,364,0
2022-03-28 15:57:00,364,364,364,364,0
2022-03-28 15:58:00,364,364,364,364,0
2022-03-28 15:59:00,364,364,364,364,0
2022-03-29 09:00:00,364,364,364,364,0
2022-03-29 09:01:00,364,364,364,364,0
2022-03-29 09:02:00,364,364,364,364,0
2022-03-29 09:03:00,364,364,364,364,0
2022-03-29 09:04:00,364,364,364,364,0
2022-03-29 09:05:00,364,364,364,364,0
2022-03-29 09:06:00,364,364,364,364,0
2022-03-29 09:07:00,364,364,364,364,0
2022-03-29 09:08:00,364,364,364,364,0
2022-03-29 09:09:00,364,364,364,364,0
2022-03-29 09:10:00,364,364,364,364,0
2022-03-29 09:11:00,364,364,364,364,0
2022-03-29 09:12:00,364,364,364,364,0
2022-03-29 09:13:00,364,364,364,364,0
2022-03-29 09:14:00,364,364,364,364,0
2022-03-29 09:15:00,364,364,364,364,0
2022-03-29 09:16:00,364,364,364,364,0
2022-03-29 09:17:00,364,364,364,364,0
2022-03-29 09:18:00,364,364,364,364,0
2022-03-29 09:19:00,364,364,364,364,0
2022-03-29 09:20:00,364,364,364,364,0
2022-03-29 09:21:00,364,364,364,364,0
2022-03-29 09:22:00,364,364,364,364,0
2022-03-29 09:23:00,364,364,364,364,0
2022-03-29 09:24:00,364,364,364,364,0
2022-03-29 09:25:00,364,364,364,364,0
2022-03-29 09:26:00,364,364,364,364,0
2022-03-29 09:27:00,364,364,364,364,0
2022-03-29 09:28:00,364,364,364,364,0
2022-03-29 09:29:00,364,364,364,364,0
2022-03-29 09:30:00,364,364,364,364,0
2022-03-29 09:31:00,364,364,364,364,0
2022-03-29 09:32:00,364,364,364,364,0
2022-03-29 09:33:00,364,364,364,364,0
2022-03-29 09:34:00,364,364,364,364,0
2022-03-29 09:35:00,364,364,364,364,0
2022-03-29 09:36:00,364,364,364,364,0
2022-03-29 09:37:00,364,364,364,364,0
2022-03-29 09:38:00,364,364,364,364,0
2022-03-29 09:39:00,364,364,364,364,0
2022-03-29 09:40:00,364,364,364,364,0
2022-03-29 09:41:00,364,364,364,364,0
2022-03-29 09:42:00,364,364,364,364,0
2022-03-29 09:43:00,364,364,364,364,0
2022-03-29 09:44:00,364,364,364,364,0
2022-03-29 09:45:00,364,364,364,364,0
2022-03-29 09:46:00,364,364,364,364,0
2022-03-29 09:47:00,364,364,364,364,0
2022-03-29 09:48:00,364,364,364,364,0
2022-03-29 09:49:00,364,364,364,364,0
2022-03-29 09:50:00,364,364,364,364,0
2022-03-29 09:51:00,364,364,364,364,0
2022-03-29 09:52:00,364,364,364,364,0
2022-03-29 09:53:00,364,364,364,364,0
2022-03-29 09:54:00,364,364,364,364,0
2022-03-29 09:55:00,364,364,364,364,0
2022-03-29 09:56:00,364,364,364,364,0
2022-03-29 09:57:00,364,364,364,364,0
2022-03-29 09:58:00,364,364,364,364,0
2022-03-29 09:59:00,364,364,364,364,0
2022-03-29 10:00:00,364,364,364,364,0
2022-03-29 10:01:00,364,364,364,364,0
2022-03-29 10:02:00,364,364,364,364,0
2022-03-29 10:03:00,364,364,364,364,0
2022-03-29 10:04:00,364,364,364,364,0
2022-03-29 10:05:00,364,364,364,364,0
2022-03-29 10:06:00,364,364,364,364,0
2022-03-29 10:07:00,364,364,364,364,0
2022-03-29 10:08:00,364,364,364,364,0
2022-03-29 10:09:00,364,364,364,364,0
2022-03-29 10:10:00,364,364,364,364,0
2022-03-29 10:11:00,364,364,364,364,0
2022-03-29 10:12:00,364,364,364,364,0
2022-03-29 10:13:00,364,364,364,364,0
2022-03-29 10:14:00,364,364,364,364,0
2022-03-29 10:15:00,364,364,364,364,0
2022-03-29 10:16:00,364,364,364,364,0
2022-03-29 10:17:00,364,364,364,364,0
2022-03-29 10:18:00,364,364,364,364,0
2022-03-29 10:19:00,364,364,364,364,0
2022-03-29 10:20:00,364,364,364,364,0
2022-03-29 10:21:00,364,364,364,364,0
2022-03-29 10:22:00,364,364,364,364,0
2022-03-29 10:23:00,364,364,364,364,0
2022-03-29 10:24:00,364,364,364,364,0
2022-03-29 10:25:00,364,364,364,364,0
2022-03-29 10:26:00,364,364,364,364,0
2022-03-29 10:27:00,364,364,364,364,0
2022-03-29 10:28:00,364,364,364,364,0
2022-03-29 10:29:00,364,364,364,364,0
2022-03-29 10:30:00,364,364,364,364,0
2022-03-29 10:31:00,364,364,364,364,0
2022-03-29 10:32:00,364,364,364,364,0
2022-03-29 10:33:00,364,364,364,364,0
2022-03-29 10:34:00,364,364,364,364,0
2022-03-29 10:35:00,364,364,364,364,0
2022-03-29 10:36:00,364,364,364,364,0
2022-03-29 10:37:00,364,364,364,364,0
2022-03-29 10:38:00,364,364,364,364,0
2022-03-29 10:39:00,364,364,364,364,0
2022-03-29 10:40:00,364,364,364,364,0
2022-03-29 10:41:00,364,364,364,364,0
2022-03-29 10:42:00,364,364,364,364,0
2022-03-29 10:43:00,364,364,364,364,0
2022-03-29 10:44:00,364,364,364,364,0
2022-03-29 10:45:00,364,364,364,364,0
2022-03-29 10:46:00,364,364,364,364,0
2022-03-29 10:47:00,364,364,364,364,0
2022-03-29 10:48:00,364,364,364,364,0
2022-03-29 10:49:00,364,364,364,364,0
2022-03-29 10:50:00,364,364,364,364,0
2022-03-29 10:51:00,364,364,364,364,0
2022-03-29 10:52:00,364,364,364,364,0
2022-03-29 10:53:00,364,364,364,364,0
2022-03-29 10:54:00,364,364,364,364,0
2022-03-29 10:55:00,364,364,364,364,0
2022-03-29 10:56:00,364,364,364,364,0
2022-03-29 10:57:00,364,364,364,364,0
2022-03-29 10:58:00,364,364,364,364,0
2022-03-29 10:59:00,364,364,364,364,0
2022-03-29 11:00:00,364,364,364,364,0
2022-03-29 11:01:00,364,364,364,364,0
2022-03-29 11:02:00,364,364,364,364,0
2022-03-29 11:03:00,364,364,364,364,0
2022-03-29 11:04:00,364,364,364,364,0
2022-03-29 11:05:00,364,364,364,364,0
2022-03-29 11:06:00,364,364,364,364,0
2022-03-29 11:07:00,364,364,364,364,0
2022-03-29 11:08:00,364,364,364,364,0
2022-03-29 11:09:00,364,364,364,364,0
2022-03-29 11:10:00,364,364,364,364,0
2022-03-29 11:11:00,364,364,364,364,0
2022-03-29 11:12:00,364,364,364,364,0
2022-03-29 11:13:00,364,364,364,364,0
2022-03-29 11:14:00,364,364,364,364,0
2022-03-29 11:15:00,364,364,364,364,0
2022-03-29 11:16:00,364,364,364,364,0
2022-03-29 11:17:00,364,364,364,364,0
2022-03-29 11:18:00,364,364,364,364,0
2022-03-29 11:19:00,364,364,364,364,0
2022-03-29 11:20:00,364,364,364,364,0
2022-03-29 11:21:00,364,364,364,364,0
2022-03-29 11:22:00,364,364,364,364,0
2022-03-29 11:23:00,364,364,364,364,0
2022-03-29 11:24:00,364,364,364,364,0
2022-03-29 11:25:00,364,364,364,364,0
2022-03-29 11:26:00,364,364,364,364,0
2022-03-29 11:27:00,364,364,364,364,0
2022-03-29 11:28:00,364,364,364,364,0
2022-03-29 11:29:00,364,364,364,364,0
2022-03-29 11:30:00,364,364,364,364,0
2022-03-29 11:31:00,364,364,364,364,0
2022-03-29 11:32:00,364,364,364,364,0
2022-03-29 11:33:00,364,364,364,364,0
2022-03-29 11:34:00,364,364,364,364,0
2022-03-29 11:35:00,364,364,364,364,0
2022-03-29 11:36:00,364,364,364,364,0
2022-03-29 11:37:00,364,364,364,364,0
2022-03-29 11:38:00,364,364,364,364,0
2022-03-29 11:39:00,364,364,364,364,0
2022-03-29 11:40:00,364,364,364,364,0
2022-03-29 11:41:00,364,364,364,364,0
2022-03-29 11:42:00,364,364,364,364,0
2022-03-29 11:43:00,364,364,364,364,0
2022-03-29 11:44:00,364,364,364,364,0
2022-03-29 11:45:00,364,364,364,364,0
2022-03-29 11:46:00,364,364,364,364,0
2022-03-29 11:47:00,364,364,364,364,0
2022-03-29 11:48:00,364,364,364,364,0
2022-03-29 11:49:00,364,364,364,364,0
2022-03-29 11:50:00,364,364,364,364,0
2022-03-29 11:51:00,364,364,364,364,0
2022-03-29 11:52:00,364,364,364,364,0
2022-03-29 11:53:00,364,364,364,364,0
2022-03-29 11:54:00,364,364,364,364,0
2022-03-29 11:55:00,364,364,364,364,0
2022-03-29 11:56:00,364,364,364,364,0
2022-03-29 11:57:00,364,364,364,364,0
2022-03-29 11:58:00,364,364,364,364,0
2022-03-29 11:59:00,364,364,364,364,0
2022-03-29 12:00:00,364,364,364,364,0
2022-03-29 12:01:00,364,364,364,364,0
2022-03-29 12:02:00,364,364,364,364,0
2022-03-29 12:03:00,364,364,364,364,0
2022-03-29 12:04:00,364,364,364,364,0
2022-03-29 12:05:00,364,364,364,364,0
2022-03-29 12:06:00,364,364,364,364,0
2022-03-29 12:07:00,364,364,364,364,0
2022-03-29 12:08:00,364,364,364,364,0
2022-03-29 12:09:00,364,364,364,364,0
2022-03-29 12:10:00,364,364,364,364,0
2022-03-29 12:11:00,364,364,364,364,0
2022-03-29 12:12:00,364,364,364,364,0
2022-03-29 12:13:00,364,364,364,364,0
2022-03-29 12:14:00,364,364,364,364,0
2022-03-29 12:15:00,364,364,364,364,0
2022-03-29 12:16:00,364,364,364,364,0
2022-03-29 12:17:00,364,364,364,364,0
2022-03-29 12:18:00,364,364,364,364,0
2022-03-29 12:19:00,364,364,364,364,0
2022-03-29 12:20:00,364,364,364,364,0
2022-03-29 12:21:00,364,364,364,364,0
2022-03-29 12:22:00,364,364,364,364,0
2022-03-29 12:23:00,364,364,364,364,0
2022-03-29 12:24:00,364,364,364,364,0
2022-03-29 12:25:00,364,364,364,364,0
2022-03-29 12:26:00,364,364,364,364,0
2022-03-29 12:27:00,364,364,364,364,0
2022-03-29 12:28:00,364,364,364,364,0
2022-03-29 12:29:00,364,364,364,364,0
2022-03-29 12:30:00,364,364,364,364,0
2022-03-29 12:31:00,364,364,364,364,0
2022-03-29 12:32:00,364,364,364,364,0
2022-03-29 12:33:00,364,364,364,364,0
2022-03-29 12:34:00,364,364,364,364,0
2022-03-29 12:35:00,364,364,364,364,0
2022-03-29 12:36:00,364,364,364,364,0
2022-03-29 12:37:00,364,364,364,364,0
2022-03-29 12:38:00,364,364,364,364,0
2022-03-29 12:39:00,364,364,364,364,0
2022-03-29 12:40:00,364,364,364,364,0
2022-03-29 12:41:00,364,364,364,364,0
2022-03-29 12:42:00,364,364,364,364,0
2022-03-29 12:43:00,364,364,364,364,0
2022-03-29 12:44:00,364,364,364,364,0
2022-03-29 12:45:00,364,364,364,364,0
2022-03-29 12:46:00,364,364,364,364,0
2022-03-29 12:47:00,364,364,364,364,0
2022-03-29 12:48:00,364,364,364,364,0
2022-03-29 12:49:00,364,364,364,364,0
2022-03-29 12:50:00,364,364,364,364,0
2022-03-29 12:51:00,364,364,364,364,0
2022-03-29 12:52:00,364,364,364,364,0
2022-03-29 12:53:00,364,364,364,364,0
2022-03-29 12:54:00,364,364,364,364,0
2022-03-29 12:55:00,364,364,364,364,0
2022-03-29 12:56:00,364,364,364,364,0
2022-03-29 12:57:00,364,364,364,364,0
2022-03-29 12:58:00,364,364,364,364,0
2022-03-29 12:59:00,364,364,364,364,0
2022-03-29 13:00:00,364,364,364,364,0
2022-03-29 13:01:00,364,364,364,364,0
2022-03-29 13:02:00,364,364,364,364,0
2022-03-29 13:03:00,364,364,364,364,0
2022-03-29 13:04:00,364,364,364,364,0
2022-03-29 13:05:00,364,364,364,364,0
2022-03-29 13:06:00,364,364,364,364,0
2022-03-29 13:07:00,364,364,364,364,0
2022-03-29 13:08:00,364,364,364,364,0
2022-03-29 13:09:00,364,364,364,364,0
2022-03-29 13:10:00,364,364,364,364,0
2022-03-29 13:11:00,364,364,364,364,0
2022-03-29 13:12:00,364,364,364,364,0
2022-03-29 13:13:00,364,364,364,364,0
2022-03-29 13:14:00,364,364,364,364,0
2022-03-29 13:15:00,364,364,364,364,0
2022-03-29 13:16:00,364,364,364,364,0
2022-03-29 13:17:00,364,364,364,364,0
2022-03-29 13:18:00,364,364,364,364,0
2022-03-29 13:19:00,364,364,364,364,0
2022-03-29 13:20:00,364,364,364,364,0
2022-03-29 13:21:00,364,364,364,364,0
2022-03-29 13:22:00,364,364,364,364,0
2022-03-29 13:23:00,364,364,364,364,0
2022-03-29 13:24:00,364,364,364,364,0
2022-03-29 13:25:00,364,364,364,364,0
2022-03-29 13:26:00,364,364,364,364,0
2022-03-29 13:27:00,364,364,364,364,0
2022-03-29 13:28:00,364,364,364,364,0
2022-03-29 13:29:00,364,364,364,364,0
2022-03-29 13:30:00,364,364,364,364,0
2022-03-29 13:31:00,364,364,364,364,0
2022-03-29 13:32:00,364,364,364,364,0
2022-03-29 13:33:00,364,364,364,364,0
2022-03-29 13:34:00,364,364,364,364,0
2022-03-29 13:35:00,364,364,364,364,0
2022-03-29 13:36:00,364,364,364,364,0
2022-03-29 13:37:00,364,364,364,364,0
2022-03-29 13:38:00,364,364,364,364,0
2022-03-29 13:39:00,364,364,364,364,0
2022-03-29 13:40:00,364,364,364,364,0
2022-03-29 13:41:00,364,364,364,364,0
2022-03-29 13:42:00,364,364,364,364,0
2022-03-29 13:43:00,364,364,364,364,0
2022-03-29 13:44:00,364,364,364,364,0
2022-03-29 13:45:00,364,364,364,364,0
2022-03-29 13:46:00,364,364,364,364,0
2022-03-29 13:47:00,364,364,364,364,0
2022-03-29 13:48:00,364,364,364,364,0
2022-03-29 13:49:00,364,364,364,364,0
2022-03-29 13:50:00,364,364,364,364,0
2022-03-29 13:51:00,364,364,364,364,0
2022-03-29 13:52:00,364,364,364,364,0
2022-03-29 13:53:00,364,364,364,364,0
2022-03-29 13:54:00,364,364,364,364,0
2022-03-29 13:55:00,364,364,364,364,0
2022-03-29 13:56:00,364,364,364,364,0
2022-03-29 13:57:00,364,364,364,364,0
2022-03-29 13:58:00,364,364,364,364,0
2022-03-29 13:59:00,364,364,364,364,0
2022-03-29 14:00:00,364,364,364,364,0
2022-03-29 14:01:00,364,364,364,364,0
2022-03-29 14:02:00,364,364,364,364,0
2022-03-29 14:03:00,364,364,364,364,0
2022-03-29 14:04:00,364,364,364,364,0
2022-03-29 14:05:00,364,364,364,364,0
2022-03-29 14:06:00,364,364,364,364,0
2022-03-29 14:07:00,364,364,364,364,0
2022-03-29 14:08:00,364,364,364,364,0
2022-03-29 14:09:00,364,364,364,364,0
2022-03-29 14:10:00,364,364,364,364,0
2022-03-29 14:11:00,364,364,364,364,0
2022-03-29 14:12:00,364,364,364,364,0
2022-03-29 14:13:00,364,364,364,364,0
2022-03-29 14:14:00,364,364,364,364,0
2022-03-29 14:15:00,364,364,364,364,0
2022-03-29 14:16:00,364,364,364,364,0
2022-03-29 14:17:00,364,364,364,364,0
2022-03-29 14:18:00,364,364,364,364,0
2022-03-29 14:19:00,364,364,364,364,0
2022-03-29 14:20:00,364,364,364,364,0
2022-03-29 14:21:00,364,364,364,364,0
2022-03-29 14:22:00,364,364,364,364,0
2022-03-29 14:23:00,364,364,364,364,0
2022-03-29 14:24:00,364,364,364,364,0
2022-03-29 14:25:00,364,364,364,364,0
2022-03-29 14:26:00,364,364,364,364,0
2022-03-29 14:27:00,364,364,364,364,0
2022-03-29 14:28:00,364,364,364,364,0
2022-03-29 14:29:00,364,364,364,364,0
2022-03-29 14:30:00,364,364,364,364,0
2022-03-29 14:31:00,364,364,364,364,0
2022-03-29 14:32:00,364,364,364,364,0
2022-03-29 14:33:00,364,364,364,364,0
2022-03-29 14:34:00,364,364,364,364,0
2022-03-29 14:35:00,364,364,364,364,0
2022-03-29 14:36:00,364,364,364,364,0
2022-03-29 14:37:00,364,364,364,364,0
2022-03-29 14:38:00,364,364,364,364,0
2022-03-29 14:39:00,364,364,364,364,0
2022-03-29 14:40:00,364,364,364,364,0
2022-03-29 14:41:00,364,364,364,364,0
2022-03-29 14:42:00,364,364,364,364,0
2022-03-29 14:43:00,364,364,364,364,0
2022-03-29 14:44:00,364,364,364,364,0
2022-03-29 14:45:00,364,364,364,364,0
2022-03-29 14:46:00,364,364,364,364,0
2022-03-29 14:47:00,364,364,364,364,0
2022-03-29 14:48:00,364,364,364,364,0
2022-03-29 14:49:00,364,364,364,364,0
2022-03-29 14:50:00,364,364,364,364,0
2022-03-29 14:51:00,364,364,364,364,0
2022-03-29 14:52:00,364,364,364,364,0
2022-03-29 14:53:00,364,364,364,364,0
2022-03-29 14:54:00,364,364,364,364,0
2022-03-29 14:55:00,364,364,364,364,0
2022-03-29 14:56:00,364,364,364,364,0
2022-03-29 14:57:00,364,364,364,364,0
2022-03-29 14:58:00,364,364,364,364,0
2022-03-29 14:59:00,364,364,364,364,0
2022-03-29 15:00:00,364,364,364,364,0
2022-03-29 15:01:00,364,364,364,364,0
2022-03-29 15:02:00,364,364,364,364,0
2022-03-29 15:03:00,364,364,364,364,0
2022-03-29 15:04:00,364,364,364,364,0
2022-03-29 15:05:00,364,364,364,364,0
2022-03-29 15:06:00,364,364,364,364,0
2022-03-29 15:07:00,364,364,364,364,0
2022-03-29 15:08:00,364,364,364,364,0
2022-03-29 15:09:00,364,364,364,364,0
2022-03-29 15:10:00,364,364,364,364,0
2022-03-29 15:11:00,364,364,364,364,0
2022-03-29 15:12:00,364,364,364,364,0
2022-03-29 15:13:00,364,364,364,364,0
2022-03-29 15:14:00,364,364,364,364,0
2022-03-29 15:15:00,364,364,364,364,0
2022-03-29 15:16:00,364,364,364,364,0
2022-03-29 15:17:00,364,364,364,364,0
2022-03-29 15:18:00,364,364,364,364,0
2022-03-29 15:19:00,364,364,364,364,0
2022-03-29 15:20:00,364,364,364,364,0
2022-03-29 15:21:00,364,364,364,364,0
2022-03-29 15:22:00,364,364,364,364,0
2022-03-29 15:23:00,364,364,364,364,0
2022-03-29 15:24:00,364,364,364,364,0
2022-03-29 15:25:00,364,364,364,364,0
2022-03-29 15:26:00,364,364,364,364,0
2022-03-29 15:27:00,364,364,364,364,0
2022-03-29 15:28:00,364,364,364,364,0
2022-03-29 15:29:00,364,364,364,364,0
2022-03-29 15:30:00,364,364,364,364,0
2022-03-29 15:31:00,364,364,364,364,0
2022-03-29 15:32:00,364,364,364,364,0
2022-03-29 15:33:00,364,364,364,364,0
2022-03-29 15:34:00,364,364,364,364,0
2022-03-29 15:35:00,364,364,364,364,0
2022-03-29 15:36:00,364,364,364,364,0
2022-03-29 15:37:00,364,364,364,364,0
2022-03-29 15:38:00,364,364,364,364,0
2022-03-29 15:39:00,364,364,364,364,0
2022-03-29 15:40:00,364,364,364,364,0
2022-03-29 15:41:00,364,364,364,364,0
2022-03-29 15:42:00,364,364,364,364,0
2022-03-29 15:43:00,364,364,364,364,0
2022-03-29 15:44:00,364,364,364,364,0
2022-03-29 15:45:00,364,364,364,364,0
2022-03-29 15:46:00,364,364,364,364,0
2022-03-29 15:47:00,364,364,364,364,0
2022-03-29 15:48:00,364,364,364,364,0
2022-03-29 15:49:00,364,364,364,364,0
2022-03-29 15:50:00,364,364,364,364,0
2022-03-29 15:51:00,364,364,364,364,0
2022-03-29 15:52:00,364,364,364,364,0
2022-03-29 15:53:00,364,364,364,364,0
2022-03-29 15:54:00,364,364,364,364,0
2022-03-29 15:55:00,364,364,364,364,0
2022-03-29 15:56:00,364,364,364,364,0
2022-03-29 15:57:00,364,364,364,364,0
2022-03-29 15:58:00,364,364,364,364,0
2022-03-29 15:59:00,364,364,364,364,0
2022-03-30 09:00:00,364,364,364,364,0
2022-03-30 09:01:00,364,364,364,364,0
2022-03-30 09:02:00,364,364,364,364,0
2022-03-30 09:03:00,364,364,364,364,0
2022-03-30 09:04:00,364,364,364,364,0
2022-03-30 09:05:00,360,360,360,360,6400
2022-03-30 09:06:00,360,360,360,360,1200
2022-03-30 09:07:00,360,360,360,360,0
2022-03-30 09:08:00,364,364,364,364,100
2022-03-30 09:09:00,364,364,364,364,0
2022-03-30 09:10:00,364,364,364,364,0
2022-03-30 09:11:00,364,364,364,364,0
2022-03-30 09:12:00,364,364,364,364,0
2022-03-30 09:13:00,364,364,364,364,0
2022-03-30 09:14:00,364,364,364,364,0
2022-03-30 09:15:00,364,364,364,364,0
2022-03-30 09:16:00,364,364,364,364,0
2022-03-30 09:17:00,364,364,364,364,0
2022-03-30 09:18:00,364,364,364,364,0
2022-03-30 09:19:00,364,364,364,364,0
2022-03-30 09:20:00,364,364,364,364,0
2022-03-30 09:21:00,364,364,364,364,0
2022-03-30 09:22:00,364,364,364,364,0
2022-03-30 09:23:00,364,364,364,364,0
2022-03-30 09:24:00,364,364,364,364,0
2022-03-30 09:25:00,364,364,364,364,0
2022-03-30 09:26:00,364,364,364,364,0
2022-03-30 09:27:00,364,364,364,364,0
2022-03-30 09:28:00,364,364,364,364,0
2022-03-30 09:29:00,364,364,364,364,0
2022-03-30 09:30:00,364,364,364,364,0
2022-03-30 09:31:00,364,364,364,364,0
2022-03-30 09:32:00,364,364,364,364,0
2022-03-30 09:33:00,364,364,364,364,0
2022-03-30 09:34:00,364,364,364,364,0
2022-03-30 09:35:00,364,364,364,364,0
2022-03-30 09:36:00,364,364,364,364,0
2022-03-30 09:37:00,364,364,364,364,0
2022-03-30 09:38:00,364,364,364,364,0
2022-03-30 09:39:00,364,364,364,364,0
2022-03-30 09:40:00,364,364,364,364,0
2022-03-30 09:41:00,364,364,364,364,0
2022-03-30 09:42:00,364,364,364,364,0
2022-03-30 09:43:00,364,364,364,364,0
2022-03-30 09:44:00,364,364,364,364,0
2022-03-30 09:45:00,364,364,364,364,0
2022-03-30 09:46:00,364,364,364,364,0
2022-03-30 09:47:00,364,364,364,364,0
2022-03-30 09:48:00,364,364,364,364,0
2022-03-30 09:49:00,364,364,364,364,0
2022-03-30 09:50:00,364,364,364,364,0
2022-03-30 09:51:00,364,364,364,364,0
2022-03-30 09:52:00,364,364,364,364,0
2022-03-30 09:53:00,364,364,364,364,0
2022-03-30 09:54:00,364,364,364,364,0
2022-03-30 09:55:00,364,364,364,364,0
2022-03-30 09:56:00,364,364,364,364,0
2022-03-30 09:57:00,364,364,364,364,0
2022-03-30 09:58:00,364,364,364,364,0
2022-03-30 09:59:00,364,364,364,364,0
2022-03-30 10:00:00,364,364,364,364,0
2022-03-30 10:01:00,364,364,364,364,0
2022-03-30 10:02:00,364,364,364,364,0
2022-03-30 10:03:00,364,364,364,364,0
2022-03-30 10:04:00,364,364,364,364,0
2022-03-30 10:05:00,364,364,364,364,0
2022-03-30 10:06:00,364,364,364,364,0
2022-03-30 10:07:00,364,364,364,364,0
2022-03-30 10:08:00,364,364,364,364,0
2022-03-30 10:09:00,364,364,364,364,0
2022-03-30 10:10:00,364,364,364,364,0
2022-03-30 10:11:00,364,364,364,364,0
2022-03-30 10:12:00,364,364,364,364,0
2022-03-30 10:13:00,364,364,364,364,0
2022-03-30 10:14:00,364,364,364,364,0
2022-03-30 10:15:00,364,364,364,364,0
2022-03-30 10:16:00,364,364,364,364,0
2022-03-30 10:17:00,364,364,364,364,0
2022-03-30 10:18:00,364,364,364,364,0
2022-03-30 10:19:00,364,364,364,364,0
2022-03-30 10:20:00,364,364,364,364,0
2022-03-30 10:21:00,364,364,364,364,0
2022-03-30 10:22:00,364,364,364,364,0
2022-03-30 10:23:00,364,364,364,364,0
2022-03-30 10:24:00,364,364,364,364,0
2022-03-30 10:25:00,364,364,364,364,0
2022-03-30 10:26:00,364,364,364,364,0
2022-03-30 10:27:00,364,364,364,364,0
2022-03-30 10:28:00,364,364,364,364,0
2022-03-30 10:29:00,364,364,364,364,0
2022-03-30 10:30:00,364,364,364,364,0
2022-03-30 10:31:00,364,364,364,364,0
2022-03-30 10:32:00,364,364,364,364,0
2022-03-30 10:33:00,364,364,364,364,0
2022-03-30 10:34:00,364,364,364,364,0
2022-03-30 10:35:00,364,364,364,364,0
2022-03-30 10:36:00,364,364,364,364,0
2022-03-30 10:37:00,364,364,364,364,0
2022-03-30 10:38:00,360,360,360,360,100
2022-03-30 10:39:00,360,360,360,360,0
2022-03-30 10:40:00,360,360,360,360,0
2022-03-30 10:41:00,360,360,360,360,0
2022-03-30 10:42:00,360,360,360,360,0
2022-03-30 10:43:00,360,360,360,360,0
2022-03-30 10:44:00,360,360,360,360,0
2022-03-30 10:45:00,360,360,360,360,0
2022-03-30 10:46:00,360,360,360,360,0
2022-03-30 10:47:00,360,360,360,360,0
2022-03-30 10:48:00,360,360,360,360,0
2022-03-30 10:49:00,360,360,360,360,0
2022-03-30 10:50:00,360,360,360,360,0
2022-03-30 10:51:00,360,360,360,360,0
2022-03-30 10:52:00,360,360,360,360,0
2022-03-30 10:53:00,360,360,360,360,0
2022-03-30 10:54:00,360,360,360,360,0
2022-03-30 10:55:00,360,360,360,360,0
2022-03-30 10:56:00,360,360,360,360,0
2022-03-30 10:57:00,360,360,360,360,0
2022-03-30 10:58:00,360,360,360,360,0
2022-03-30 10:59:00,360,360,360,360,0
2022-03-30 11:00:00,360,360,360,360,0
2022-03-30 11:01:00,360,360,360,360,0
2022-03-30 11:02:00,360,360,360,360,0
2022-03-30 11:03:00,360,360,360,360,0
2022-03-30 11:04:00,360,360,360,360,0
2022-03-30 11:05:00,360,360,360,360,0
2022-03-30 11:06:00,360,360,360,360,0
2022-03-30 11:07:00,360,360,360,360,0
2022-03-30 11:08:00,360,360,360,360,0
2022-03-30 11:09:00,360,360,360,360,0
2022-03-30 11:10:00,360,360,360,360,0
2022-03-30 11:11:00,360,360,360,360,0
2022-03-30 11:12:00,360,360,360,360,0
2022-03-30 11:13:00,360,360,360,360,0
2022-03-30 11:14:00,360,360,360,360,0
2022-03-30 11:15:00,360,360,360,360,0
2022-03-30 11:16:00,360,360,360,360,0
2022-03-30 11:17:00,360,360,360,360,0
2022-03-30 11:18:00,360,360,360,360,0
2022-03-30 11:19:00,360,360,360,360,0
2022-03-30 11:20:00,360,360,360,360,0
2022-03-30 11:21:00,360,360,360,360,0
2022-03-30 11:22:00,360,360,360,360,0
2022-03-30 11:23:00,360,360,360,360,0
2022-03-30 11:24:00,360,360,360,360,0
2022-03-30 11:25:00,360,360,360,360,0
2022-03-30 11:26:00,360,360,360,360,0
2022-03-30 11:27:00,360,360,360,360,0
2022-03-30 11:28:00,360,360,360,360,0
2022-03-30 11:29:00,360,360,360,360,1300
2022-03-30 11:30:00,360,360,360,360,0
2022-03-30 11:31:00,360,360,360,360,0
2022-03-30 11:32:00,360,360,360,360,0
2022-03-30 11:33:00,360,360,360,360,0
2022-03-30 11:34:00,360,360,360,360,0
2022-03-30 11:35:00,360,360,360,360,0
2022-03-30 11:36:00,360,360,360,360,0
2022-03-30 11:37:00,360,360,360,360,0
2022-03-30 11:38:00,360,360,360,360,0
2022-03-30 11:39:00,360,360,360,360,0
2022-03-30 11:40:00,360,360,360,360,0
2022-03-30 11:41:00,360,360,360,360,0
2022-03-30 11:42:00,360,360,360,360,0
2022-03-30 11:43:00,360,360,360,360,0
2022-03-30 11:44:00,360,360,360,360,0
2022-03-30 11:45:00,360,360,360,360,0
2022-03-30 11:46:00,360,360,360,360,0
2022-03-30 11:47:00,360,360,360,360,0
2022-03-30 11:48:00,360,360,360,360,0
2022-03-30 11:49:00,360,360,360,360,0
2022-03-30 11:50:00,360,360,360,360,0
2022-03-30 11:51:00,360,360,360,360,0
2022-03-30 11:52:00,360,360,360,360,0
2022-03-30 11:53:00,360,360,360,360,0
2022-03-30 11:54:00,360,360,360,360,0
2022-03-30 11:55:00,360,360,360,360,0
2022-03-30 11:56:00,360,360,360,360,0
2022-03-30 11:57:00,360,360,360,360,0
2022-03-30 11:58:00,360,360,360,360,0
2022-03-30 11:59:00,360,360,360,360,0
2022-03-30 12:00:00,360,360,360,360,0
2022-03-30 12:01:00,360,360,360,360,0
2022-03-30 12:02:00,360,360,360,360,0
2022-03-30 12:03:00,360,360,360,360,0
2022-03-30 12:04:00,360,360,360,360,0
2022-03-30 12:05:00,360,360,360,360,0
2022-03-30 12:06:00,360,360,360,360,0
2022-03-30 12:07:00,360,360,360,360,0
2022-03-30 12:08:00,360,360,360,360,0
2022-03-30 12:09:00,360,360,360,360,0
2022-03-30 12:10:00,360,360,360,360,0
2022-03-30 12:11:00,360,360,360,360,0
2022-03-30 12:12:00,360,360,360,360,0
2022-03-30 12:13:00,360,360,360,360,0
2022-03-30 12:14:00,360,360,360,360,0
2022-03-30 12:15:00,360,360,360,360,0
2022-03-30 12:16:00,360,360,360,360,0
2022-03-30 12:17:00,360,360,360,360,0
2022-03-30 12:18:00,360,360,360,360,0
2022-03-30 12:19:00,360,360,360,360,0
2022-03-30 12:20:00,360,360,360,360,0
2022-03-30 12:21:00,360,360,360,360,0
2022-03-30 12:22:00,360,360,360,360,0
2022-03-30 12:23:00,360,360,360,360,0
2022-03-30 12:24:00,360,360,360,360,0
2022-03-30 12:25:00,360,360,360,360,0
2022-03-30 12:26:00,360,360,360,360,0
2022-03-30 12:27:00,360,360,360,360,0
2022-03-30 12:28:00,360,360,360,360,0
2022-03-30 12:29:00,360,360,360,360,0
2022-03-30 12:30:00,360,360,360,360,0
2022-03-30 12:31:00,360,360,360,360,0
2022-03-30 12:32:00,360,360,360,360,0
2022-03-30 12:33:00,360,360,360,360,0
2022-03-30 12:34:00,360,360,360,360,0
2022-03-30 12:35:00,360,360,360,360,0
2022-03-30 12:36:00,360,360,360,360,0
2022-03-30 12:37:00,360,360,360,360,0
2022-03-30 12:38:00,360,360,360,360,0
2022-03-30 12:39:00,360,360,360,360,0
2022-03-30 12:40:00,360,360,360,360,0
2022-03-30 12:41:00,360,360,360,360,0
2022-03-30 12:42:00,360,360,360,360,0
2022-03-30 12:43:00,360,360,360,360,0
2022-03-30 12:44:00,360,360,360,360,0
2022-03-30 12:45:00,360,360,360,360,0
2022-03-30 12:46:00,360,360,360,360,0
2022-03-30 12:47:00,360,360,360,360,0
2022-03-30 12:48:00,360,360,360,360,0
2022-03-30 12:49:00,360,360,360,360,0
2022-03-30 12:50:00,360,360,360,360,0
2022-03-30 12:51:00,360,360,360,360,0
2022-03-30 12:52:00,360,360,360,360,0
2022-03-30 12:53:00,360,360,360,360,0
2022-03-30 12:54:00,360,360,360,360,0
2022-03-30 12:55:00,360,360,360,360,0
2022-03-30 12:56:00,360,360,360,360,0
2022-03-30 12:57:00,360,360,360,360,0
2022-03-30 12:58:00,360,360,360,360,0
2022-03-30 12:59:00,360,360,360,360,0
2022-03-30 13:00:00,360,360,360,360,0
2022-03-30 13:01:00,360,360,360,360,0
2022-03-30 13:02:00,360,360,360,360,0
2022-03-30 13:03:00,360,360,360,360,0
2022-03-30 13:04:00,360,360,360,360,0
2022-03-30 13:05:00,360,360,360,360,0
2022-03-30 13:06:00,360,360,360,360,0
2022-03-30 13:07:00,360,360,360,360,0
2022-03-30 13:08:00,360,360,360,360,0
2022-03-30 13:09:00,360,360,360,360,0
2022-03-30 13:10:00,360,360,360,360,0
2022-03-30 13:11:00,360,360,360,360,0
2022-03-30 13:12:00,360,360,360,360,0
2022-03-30 13:13:00,360,360,360,360,0
2022-03-30 13:14:00,360,360,360,360,0
2022-03-30 13:15:00,360,360,360,360,0
2022-03-30 13:16:00,360,360,360,360,0
2022-03-30 13:17:00,360,360,360,360,0
2022-03-30 13:18:00,360,360,360,360,0
2022-03-30 13:19:00,360,360,360,360,0
2022-03-30 13:20:00,360,360,360,360,0
2022-03-30 13:21:00,360,360,360,360,0
2022-03-30 13:22:00,360,360,360,360,0
2022-03-30 13:23:00,360,360,360,360,0
2022-03-30 13:24:00,360,360,360,360,0
2022-03-30 13:25:00,360,360,360,360,0
2022-03-30 13:26:00,360,360,360,360,0
2022-03-30 13:27:00,360,360,360,360,0
2022-03-30 13:28:00,360,360,360,360,0
2022-03-30 13:29:00,360,360,360,360,0
2022-03-30 13:30:00,360,360,360,360,4300
2022-03-30 13:31:00,368,368,368,368,100
2022-03-30 13:32:00,368,368,368,368,0
2022-03-30 13:33:00,368,368,368,368,0
2022-03-30 13:34:00,368,368,368,368,100
2022-03-30 13:35:00,368,368,368,368,0
2022-03-30 13:36:00,368,368,368,368,0
2022-03-30 13:37:00,368,368,368,368,0
2022-03-30 13:38:00,368,368,368,368,0
2022-03-30 13:39:00,368,368,368,368,0
2022-03-30 13:40:00,368,368,368,368,0
2022-03-30 13:41:00,368,368,368,368,0
2022-03-30 13:42:00,368,368,368,368,0
2022-03-30 13:43:00,368,368,368,368,0
2022-03-30 13:44:00,368,368,368,368,0
2022-03-30 13:45:00,368,368,368,368,0
2022-03-30 13:46:00,368,368,368,368,900
2022-03-30 13:47:00,368,368,368,368,0
2022-03-30 13:48:00,368,368,368,368,0
2022-03-30 13:49:00,368,368,368,368,0
2022-03-30 13:50:00,368,368,368,368,0
2022-03-30 13:51:00,368,368,368,368,0
2022-03-30 13:52:00,368,368,368,368,0
2022-03-30 13:53:00,368,368,368,368,0
2022-03-30 13:54:00,368,368,368,368,0
2022-03-30 13:55:00,368,368,368,368,0
2022-03-30 13:56:00,368,368,368,368,0
2022-03-30 13:57:00,368,368,368,368,0
2022-03-30 13:58:00,368,368,368,368,0
2022-03-30 13:59:00,368,368,368,368,0
2022-03-30 14:00:00,368,368,368,368,0
2022-03-30 14:01:00,368,368,368,368,0
2022-03-30 14:02:00,368,368,368,368,0
2022-03-30 14:03:00,368,368,368,368,0
2022-03-30 14:04:00,368,368,368,368,0
2022-03-30 14:05:00,368,368,368,368,0
2022-03-30 14:06:00,368,368,368,368,0
2022-03-30 14:07:00,368,368,368,368,0
2022-03-30 14:08:00,368,368,368,368,0
2022-03-30 14:09:00,368,368,368,368,0
2022-03-30 14:10:00,368,368,368,368,0
2022-03-30 14:11:00,368,368,368,368,0
2022-03-30 14:12:00,368,368,368,368,0
2022-03-30 14:13:00,368,368,368,368,0
2022-03-30 14:14:00,368,368,368,368,0
2022-03-30 14:15:00,368,368,368,368,0
2022-03-30 14:16:00,368,368,368,368,0
2022-03-30 14:17:00,368,368,368,368,0
2022-03-30 14:18:00,368,368,368,368,0
2022-03-30 14:19:00,368,368,368,368,0
2022-03-30 14:20:00,368,368,368,368,0
2022-03-30 14:21:00,368,368,368,368,0
2022-03-30 14:22:00,368,368,368,368,0
2022-03-30 14:23:00,368,368,368,368,0
2022-03-30 14:24:00,368,368,368,368,0
2022-03-30 14:25:00,368,368,368,368,0
2022-03-30 14:26:00,368,368,368,368,0
2022-03-30 14:27:00,368,368,368,368,0
2022-03-30 14:28:00,368,368,368,368,0
2022-03-30 14:29:00,362,362,362,362,500
2022-03-30 14:30:00,362,362,362,362,0
2022-03-30 14:31:00,362,362,362,362,0
2022-03-30 14:32:00,362,362,362,362,0
2022-03-30 14:33:00,362,362,362,362,0
2022-03-30 14:34:00,362,362,362,362,0
2022-03-30 14:35:00,362,362,362,362,0
2022-03-30 14:36:00,362,362,362,362,0
2022-03-30 14:37:00,362,362,362,362,0
2022-03-30 14:38:00,362,362,362,362,0
2022-03-30 14:39:00,362,362,362,362,0
2022-03-30 14:40:00,362,362,362,362,0
2022-03-30 14:41:00,362,362,362,362,500
2022-03-30 14:42:00,362,362,362,362,0
2022-03-30 14:43:00,362,362,362,362,0
2022-03-30 14:44:00,362,362,362,362,0
2022-03-30 14:45:00,362,362,362,362,0
2022-03-30 14:46:00,362,362,362,362,0
2022-03-30 14:47:00,362,362,362,362,0
2022-03-30 14:48:00,362,362,362,362,0
2022-03-30 14:49:00,362,362,362,362,0
2022-03-30 14:50:00,362,362,362,362,0
2022-03-30 14:51:00,362,362,362,362,0
2022-03-30 14:52:00,362,362,362,362,0
2022-03-30 14:53:00,362,362,362,362,0
2022-03-30 14:54:00,362,362,362,362,0
2022-03-30 14:55:00,362,362,362,362,0
2022-03-30 14:56:00,362,362,362,362,0
2022-03-30 14:57:00,362,362,362,362,0
2022-03-30 14:58:00,362,362,362,362,0
2022-03-30 14:59:00,362,362,362,362,0
2022-03-30 15:00:00,368,368,368,368,100
2022-03-30 15:01:00,368,368,368,368,0
2022-03-30 15:02:00,368,368,368,368,0
2022-03-30 15:03:00,368,368,368,368,0
2022-03-30 15:04:00,368,368,368,368,0
2022-03-30 15:05:00,368,368,368,368,0
2022-03-30 15:06:00,368,368,368,368,0
2022-03-30 15:07:00,368,368,368,368,0
2022-03-30 15:08:00,368,368,368,368,0
2022-03-30 15:09:00,368,368,368,368,0
2022-03-30 15:10:00,368,368,368,368,0
2022-03-30 15:11:00,368,368,368,368,0
2022-03-30 15:12:00,368,368,368,368,0
2022-03-30 15:13:00,368,368,368,368,0
2022-03-30 15:14:00,368,368,368,368,0
2022-03-30 15:15:00,368,368,368,368,0
2022-03-30 15:16:00,368,368,368,368,0
2022-03-30 15:17:00,368,368,368,368,0
2022-03-30 15:18:00,368,368,368,368,0
2022-03-30 15:19:00,368,368,368,368,0
2022-03-30 15:20:00,368,368,368,368,0
2022-03-30 15:21:00,368,368,368,368,0
2022-03-30 15:22:00,368,368,368,368,0
2022-03-30 15:23:00,368,368,368,368,0
2022-03-30 15:24:00,368,368,368,368,0
2022-03-30 15:25:00,368,368,368,368,0
2022-03-30 15:26:00,368,368,368,368,0
2022-03-30 15:27:00,368,368,368,368,0
2022-03-30 15:28:00,368,368,368,368,0
2022-03-30 15:29:00,368,368,368,368,0
2022-03-30 15:30:00,368,368,368,368,0
2022-03-30 15:31:00,368,368,368,368,0
2022-03-30 15:32:00,368,368,368,368,0
2022-03-30 15:33:00,368,368,368,368,0
2022-03-30 15:34:00,368,368,368,368,0
2022-03-30 15:35:00,368,368,368,368,0
2022-03-30 15:36:00,368,368,368,368,0
2022-03-30 15:37:00,368,368,368,368,0
2022-03-30 15:38:00,368,368,368,368,0
2022-03-30 15:39:00,368,368,368,368,0
2022-03-30 15:40:00,368,368,368,368,0
2022-03-30 15:41:00,368,368,368,368,0
2022-03-30 15:42:00,368,368,368,368,0
2022-03-30 15:43:00,368,368,368,368,0
2022-03-30 15:44:00,368,368,368,368,0
2022-03-30 15:45:00,368,368,368,368,0
2022-03-30 15:46:00,368,368,368,368,0
2022-03-30 15:47:00,368,368,368,368,0
2022-03-30 15:48:00,368,368,368,368,0
2022-03-30 15:49:00,368,368,368,368,0
2022-03-30 15:50:00,368,368,368,368,0
2022-03-30 15:51:00,368,368,368,368,0
2022-03-30 15:52:00,368,368,368,368,0
2022-03-30 15:53:00,368,368,368,368,0
2022-03-30 15:54:00,368,368,368,368,0
2022-03-30 15:55:00,368,368,368,368,0
2022-03-30 15:56:00,368,368,368,368,0
2022-03-30 15:57:00,368,368,368,368,0
2022-03-30 15:58:00,368,368,368,368,0
2022-03-30 15:59:00,368,368,368,368,0
2022-03-31 09:00:00,368,368,368,368,0
2022-03-31 09:01:00,368,368,368,368,0
2022-03-31 09:02:00,368,368,368,368,0
2022-03-31 09:03:00,368,368,368,368,0
2022-03-31 09:04:00,368,368,368,368,0
2022-03-31 09:05:00,368,368,368,368,0
2022-03-31 09:06:00,368,368,368,368,0
2022-03-31 09:07:00,368,368,368,368,0
2022-03-31 09:08:00,368,368,368,368,0
2022-03-31 09:09:00,368,368,368,368,0
2022-03-31 09:10:00,368,368,368,368,0
2022-03-31 09:11:00,368,368,368,368,0
2022-03-31 09:12:00,368,368,368,368,0
2022-03-31 09:13:00,368,368,368,368,0
2022-03-31 09:14:00,368,368,368,368,0
2022-03-31 09:15:00,368,368,368,368,0
2022-03-31 09:16:00,368,368,368,368,0
2022-03-31 09:17:00,368,368,368,368,0
2022-03-31 09:18:00,368,368,368,368,0
2022-03-31 09:19:00,368,368,368,368,0
2022-03-31 09:20:00,368,368,368,368,0
2022-03-31 09:21:00,368,368,368,368,0
2022-03-31 09:22:00,368,368,368,368,0
2022-03-31 09:23:00,368,368,368,368,0
2022-03-31 09:24:00,368,368,368,368,0
2022-03-31 09:25:00,368,368,368,368,0
2022-03-31 09:26:00,368,368,368,368,0
2022-03-31 09:27:00,368,368,368,368,0
2022-03-31 09:28:00,368,368,368,368,0
2022-03-31 09:29:00,368,368,368,368,0
2022-03-31 09:30:00,368,368,368,368,0
2022-03-31 09:31:00,368,368,368,368,0
2022-03-31 09:32:00,368,368,368,368,0
2022-03-31 09:33:00,368,368,368,368,0
2022-03-31 09:34:00,372,372,384,384,0
2022-03-31 09:35:00,372,372,384,384,0
2022-03-31 09:36:00,372,372,384,384,0
2022-03-31 09:37:00,372,372,384,384,0
2022-03-31 09:38:00,372,372,384,384,0
2022-03-31 09:39:00,372,372,384,384,0
2022-03-31 09:40:00,372,372,384,384,0
2022-03-31 09:41:00,372,372,384,384,0
2022-03-31 09:42:00,372,372,384,384,0
2022-03-31 09:43:00,380,380,380,380,200
2022-03-31 09:44:00,380,380,380,380,0
2022-03-31 09:45:00,380,380,380,380,0
2022-03-31 09:46:00,380,380,380,380,0
2022-03-31 09:47:00,380,380,380,380,0
2022-03-31 09:48:00,380,380,380,380,0
2022-03-31 09:49:00,380,380,380,380,0
2022-03-31 09:50:00,380,380,380,380,0
2022-03-31 09:51:00,380,380,380,380,0
2022-03-31 09:52:00,380,380,380,380,0
2022-03-31 09:53:00,380,380,380,380,0
2022-03-31 09:54:00,380,380,380,380,0
2022-03-31 09:55:00,380,380,380,380,0
2022-03-31 09:56:00,380,380,380,380,0
2022-03-31 09:57:00,380,380,380,380,0
2022-03-31 09:58:00,380,380,380,380,0
2022-03-31 09:59:00,380,380,380,380,0
2022-03-31 10:00:00,380,380,380,380,0
2022-03-31 10:01:00,380,380,380,380,0
2022-03-31 10:02:00,380,380,380,380,0
2022-03-31 10:03:00,380,380,380,380,0
2022-03-31 10:04:00,380,380,380,380,0
2022-03-31 10:05:00,380,380,380,380,0
2022-03-31 10:06:00,364,364,364,364,500
2022-03-31 10:07:00,364,364,364,364,0
2022-03-31 10:08:00,364,364,364,364,0
2022-03-31 10:09:00,364,364,364,364,0
2022-03-31 10:10:00,364,364,364,364,0
2022-03-31 10:11:00,364,364,364,364,0
2022-03-31 10:12:00,364,364,364,364,0
2022-03-31 10:13:00,364,364,364,364,0
2022-03-31 10:14:00,364,364,364,364,0
2022-03-31 10:15:00,364,364,364,364,0
2022-03-31 10:16:00,364,364,364,364,0
2022-03-31 10:17:00,364,364,364,364,0
2022-03-31 10:18:00,364,364,364,364,0
2022-03-31 10:19:00,364,364,364,364,0
2022-03-31 10:20:00,364,364,364,364,0
2022-03-31 10:21:00,364,364,364,364,0
2022-03-31 10:22:00,364,364,364,364,0
2022-03-31 10:23:00,364,364,364,364,8300
2022-03-31 10:24:00,364,364,364,364,0
2022-03-31 10:25:00,364,364,364,364,0
2022-03-31 10:26:00,364,364,364,364,0
2022-03-31 10:27:00,364,364,364,364,0
2022-03-31 10:28:00,362,362,362,362,11200
2022-03-31 10:29:00,362,362,362,362,0
2022-03-31 10:30:00,362,362,362,362,0
2022-03-31 10:31:00,362,362,362,362,0
2022-03-31 10:32:00,362,362,362,362,0
2022-03-31 10:33:00,362,362,362,362,0
2022-03-31 10:34:00,362,362,362,362,0
2022-03-31 10:35:00,362,362,362,362,0
2022-03-31 10:36:00,362,362,362,362,0
2022-03-31 10:37:00,362,362,362,362,0
2022-03-31 10:38:00,362,362,362,362,0
2022-03-31 10:39:00,362,362,362,362,0
2022-03-31 10:40:00,362,362,362,362,0
2022-03-31 10:41:00,362,362,362,362,0
2022-03-31 10:42:00,362,362,362,362,0
2022-03-31 10:43:00,362,362,362,362,0
2022-03-31 10:44:00,362,362,362,362,0
2022-03-31 10:45:00,362,362,362,362,0
2022-03-31 10:46:00,362,362,362,362,0
2022-03-31 10:47:00,362,362,362,362,0
2022-03-31 10:48:00,362,362,362,362,0
2022-03-31 10:49:00,362,362,362,362,0
2022-03-31 10:50:00,362,362,362,362,0
2022-03-31 10:51:00,362,362,362,362,0
2022-03-31 10:52:00,362,362,362,362,0
2022-03-31 10:53:00,362,362,362,362,0
2022-03-31 10:54:00,362,362,362,362,0
2022-03-31 10:55:00,362,362,362,362,0
2022-03-31 10:56:00,362,362,362,362,0
2022-03-31 10:57:00,362,362,362,362,0
2022-03-31 10:58:00,362,362,362,362,0
2022-03-31 10:59:00,362,362,362,362,0
2022-03-31 11:00:00,362,362,362,362,0
2022-03-31 11:01:00,362,362,362,362,0
2022-03-31 11:02:00,362,362,362,362,0
2022-03-31 11:03:00,362,362,362,362,0
2022-03-31 11:04:00,362,362,362,362,0
2022-03-31 11:05:00,362,362,362,362,0
2022-03-31 11:06:00,362,362,362,362,0
2022-03-31 11:07:00,362,362,362,362,0
2022-03-31 11:08:00,362,362,362,362,0
2022-03-31 11:09:00,362,362,362,362,0
2022-03-31 11:10:00,362,362,362,362,0
2022-03-31 11:11:00,362,362,362,362,0
2022-03-31 11:12:00,362,362,362,362,0
2022-03-31 11:13:00,362,362,362,362,0
2022-03-31 11:14:00,362,362,362,362,0
2022-03-31 11:15:00,362,362,362,362,0
2022-03-31 11:16:00,362,362,362,362,0
2022-03-31 11:17:00,362,362,362,362,0
2022-03-31 11:18:00,362,362,362,362,0
2022-03-31 11:19:00,362,362,362,362,0
2022-03-31 11:20:00,362,362,362,362,0
2022-03-31 11:21:00,362,362,362,362,0
2022-03-31 11:22:00,362,362,362,362,0
2022-03-31 11:23:00,362,362,362,362,0
2022-03-31 11:24:00,362,362,362,362,0
2022-03-31 11:25:00,362,362,362,362,0
2022-03-31 11:26:00,362,362,362,362,0
2022-03-31 11:27:00,362,362,362,362,0
2022-03-31 11:28:00,362,362,362,362,0
2022-03-31 11:29:00,362,362,362,362,0
2022-03-31 11:30:00,362,362,362,362,0
2022-03-31 11:31:00,362,362,362,362,0
2022-03-31 11:32:00,362,362,362,362,0
2022-03-31 11:33:00,362,362,362,362,0
2022-03-31 11:34:00,362,362,362,362,0
2022-03-31 11:35:00,362,362,362,362,0
2022-03-31 11:36:00,362,362,362,362,0
2022-03-31 11:37:00,362,362,362,362,0
2022-03-31 11:38:00,362,362,362,362,0
2022-03-31 11:39:00,362,362,362,362,0
2022-03-31 11:40:00,362,362,362,362,0
2022-03-31 11:41:00,362,362,362,362,0
2022-03-31 11:42:00,362,362,362,362,0
2022-03-31 11:43:00,362,362,362,362,0
2022-03-31 11:44:00,362,362,362,362,0
2022-03-31 11:45:00,362,362,362,362,0
2022-03-31 11:46:00,362,362,362,362,0
2022-03-31 11:47:00,362,362,362,362,0
2022-03-31 11:48:00,362,362,362,362,0
2022-03-31 11:49:00,362,362,362,362,0
2022-03-31 11:50:00,362,362,362,362,0
2022-03-31 11:51:00,362,362,362,362,0
2022-03-31 11:52:00,362,362,362,362,0
2022-03-31 11:53:00,362,362,362,362,0
2022-03-31 11:54:00,362,362,362,362,0
2022-03-31 11:55:00,362,362,362,362,0
2022-03-31 11:56:00,362,362,362,362,0
2022-03-31 11:57:00,362,362,362,362,0
2022-03-31 11:58:00,362,362,362,362,0
2022-03-31 11:59:00,362,362,362,362,0
2022-03-31 12:00:00,362,362,362,362,0
2022-03-31 12:01:00,362,362,362,362,0
2022-03-31 12:02:00,362,362,362,362,0
2022-03-31 12:03:00,362,362,362,362,0
2022-03-31 12:04:00,362,362,362,362,0
2022-03-31 12:05:00,362,362,362,362,0
2022-03-31 12:06:00,362,362,362,362,0
2022-03-31 12:07:00,362,362,362,362,0
2022-03-31 12:08:00,362,362,362,362,0
2022-03-31 12:09:00,362,362,362,362,0
2022-03-31 12:10:00,362,362,362,362,0
2022-03-31 12:11:00,362,362,362,362,0
2022-03-31 12:12:00,362,362,362,362,0
2022-03-31 12:13:00,362,362,362,362,0
2022-03-31 12:14:00,362,362,362,362,0
2022-03-31 12:15:00,362,362,362,362,0
2022-03-31 12:16:00,362,362,362,362,0
2022-03-31 12:17:00,362,362,362,362,0
2022-03-31 12:18:00,362,362,362,362,0
2022-03-31 12:19:00,362,362,362,362,0
2022-03-31 12:20:00,362,362,362,362,0
2022-03-31 12:21:00,362,362,362,362,0
2022-03-31 12:22:00,362,362,362,362,0
2022-03-31 12:23:00,362,362,362,362,0
2022-03-31 12:24:00,362,362,362,362,0
2022-03-31 12:25:00,362,362,362,362,0
2022-03-31 12:26:00,362,362,362,362,0
2022-03-31 12:27:00,362,362,362,362,0
2022-03-31 12:28:00,362,362,362,362,0
2022-03-31 12:29:00,362,362,362,362,0
2022-03-31 12:30:00,362,362,362,362,0
2022-03-31 12:31:00,362,362,362,362,0
2022-03-31 12:32:00,362,362,362,362,0
2022-03-31 12:33:00,362,362,362,362,0
2022-03-31 12:34:00,362,362,362,362,0
2022-03-31 12:35:00,362,362,362,362,0
2022-03-31 12:36:00,362,362,362,362,0
2022-03-31 12:37:00,362,362,362,362,0
2022-03-31 12:38:00,362,362,362,362,0
2022-03-31 12:39:00,362,362,362,362,0
2022-03-31 12:40:00,362,362,362,362,0
2022-03-31 12:41:00,362,362,362,362,0
2022-03-31 12:42:00,362,362,362,362,0
2022-03-31 12:43:00,362,362,362,362,0
2022-03-31 12:44:00,362,362,362,362,0
2022-03-31 12:45:00,362,362,362,362,0
2022-03-31 12:46:00,362,362,362,362,0
2022-03-31 12:47:00,362,362,362,362,0
2022-03-31 12:48:00,362,362,362,362,0
2022-03-31 12:49:00,362,362,362,362,0
2022-03-31 12:50:00,362,362,362,362,0
2022-03-31 12:51:00,362,362,362,362,0
2022-03-31 12:52:00,362,362,362,362,0
2022-03-31 12:53:00,362,362,362,362,0
2022-03-31 12:54:00,362,362,362,362,0
2022-03-31 12:55:00,362,362,362,362,0
2022-03-31 12:56:00,362,362,362,362,0
2022-03-31 12:57:00,362,362,362,362,0
2022-03-31 12:58:00,362,362,362,362,0
2022-03-31 12:59:00,362,362,362,362,0
2022-03-31 13:00:00,362,362,362,362,0
2022-03-31 13:01:00,362,362,362,362,0
2022-03-31 13:02:00,362,362,362,362,0
2022-03-31 13:03:00,362,362,362,362,0
2022-03-31 13:04:00,362,362,362,362,0
2022-03-31 13:05:00,362,362,362,362,0
2022-03-31 13:06:00,362,362,362,362,0
2022-03-31 13:07:00,362,362,362,362,0
2022-03-31 13:08:00,362,362,362,362,0
2022-03-31 13:09:00,362,362,362,362,0
2022-03-31 13:10:00,362,362,362,362,0
2022-03-31 13:11:00,362,362,362,362,0
2022-03-31 13:12:00,362,362,362,362,0
2022-03-31 13:13:00,362,362,362,362,0
2022-03-31 13:14:00,362,362,362,362,0
2022-03-31 13:15:00,362,362,362,362,0
2022-03-31 13:16:00,362,362,362,362,0
2022-03-31 13:17:00,362,362,362,362,0
2022-03-31 13:18:00,362,362,362,362,0
2022-03-31 13:19:00,362,362,362,362,0
2022-03-31 13:20:00,362,362,362,362,0
2022-03-31 13:21:00,362,362,362,362,0
2022-03-31 13:22:00,362,362,362,362,0
2022-03-31 13:23:00,362,362,362,362,0
2022-03-31 13:24:00,362,362,362,362,0
2022-03-31 13:25:00,362,362,362,362,0
2022-03-31 13:26:00,362,362,362,362,0
2022-03-31 13:27:00,362,362,362,362,0
2022-03-31 13:28:00,362,362,362,362,0
2022-03-31 13:29:00,362,362,362,362,0
2022-03-31 13:30:00,362,362,362,362,0
2022-03-31 13:31:00,362,362,362,362,0
2022-03-31 13:32:00,362,362,362,362,0
2022-03-31 13:33:00,362,362,362,362,0
2022-03-31 13:34:00,362,362,362,362,0
2022-03-31 13:35:00,362,362,362,362,0
2022-03-31 13:36:00,362,362,362,362,0
2022-03-31 13:37:00,362,362,362,362,0
2022-03-31 13:38:00,362,362,362,362,0
2022-03-31 13:39:00,370,370,370,370,100
2022-03-31 13:40:00,370,370,370,370,0
2022-03-31 13:41:00,370,370,370,370,0
2022-03-31 13:42:00,370,370,370,370,0
2022-03-31 13:43:00,370,370,370,370,0
2022-03-31 13:44:00,370,370,370,370,0
2022-03-31 13:45:00,370,370,370,370,0
2022-03-31 13:46:00,370,370,370,370,0
2022-03-31 13:47:00,370,370,370,370,0
2022-03-31 13:48:00,370,370,370,370,0
2022-03-31 13:49:00,370,370,370,370,0
2022-03-31 13:50:00,370,370,370,370,0
2022-03-31 13:51:00,370,370,370,370,0
2022-03-31 13:52:00,370,370,370,370,0
2022-03-31 13:53:00,370,370,370,370,0
2022-03-31 13:54:00,370,370,370,370,0
2022-03-31 13:55:00,370,370,370,370,0
2022-03-31 13:56:00,370,370,370,370,0
2022-03-31 13:57:00,370,370,370,370,0
2022-03-31 13:58:00,370,370,370,370,0
2022-03-31 13:59:00,368,368,368,368,100
2022-03-31 14:00:00,368,368,368,368,0
2022-03-31 14:01:00,368,368,368,368,0
2022-03-31 14:02:00,368,368,368,368,0
2022-03-31 14:03:00,368,368,368,368,0
2022-03-31 14:04:00,368,368,368,368,0
2022-03-31 14:05:00,368,368,368,368,0
2022-03-31 14:06:00,368,368,368,368,0
2022-03-31 14:07:00,368,368,368,368,100
2022-03-31 14:08:00,368,368,368,368,0
2022-03-31 14:09:00,368,368,368,368,0
2022-03-31 14:10:00,368,368,368,368,0
2022-03-31 14:11:00,368,368,368,368,0
2022-03-31 14:12:00,368,368,368,368,0
2022-03-31 14:13:00,368,368,368,368,0
2022-03-31 14:14:00,368,368,368,368,0
2022-03-31 14:15:00,368,368,368,368,0
2022-03-31 14:16:00,360,360,360,360,100
2022-03-31 14:17:00,360,360,360,360,0
2022-03-31 14:18:00,360,360,360,360,0
2022-03-31 14:19:00,360,360,360,360,0
2022-03-31 14:20:00,360,360,360,360,0
2022-03-31 14:21:00,360,360,360,360,0
2022-03-31 14:22:00,360,360,360,360,0
2022-03-31 14:23:00,360,360,360,360,0
2022-03-31 14:24:00,360,360,360,360,0
2022-03-31 14:25:00,360,360,360,360,0
2022-03-31 14:26:00,360,360,360,360,0
2022-03-31 14:27:00,360,360,360,360,0
2022-03-31 14:28:00,360,360,360,360,0
2022-03-31 14:29:00,360,360,360,360,0
2022-03-31 14:30:00,360,360,360,360,300
2022-03-31 14:31:00,360,360,360,360,0
2022-03-31 14:32:00,360,360,360,360,0
2022-03-31 14:33:00,360,360,360,360,0
2022-03-31 14:34:00,360,360,360,360,0
2022-03-31 14:35:00,360,360,360,360,0
2022-03-31 14:36:00,360,360,360,360,0
2022-03-31 14:37:00,360,360,360,360,0
2022-03-31 14:38:00,360,360,360,360,0
2022-03-31 14:39:00,360,360,360,360,0
2022-03-31 14:40:00,360,360,360,360,0
2022-03-31 14:41:00,360,360,360,360,0
2022-03-31 14:42:00,360,360,360,360,0
2022-03-31 14:43:00,360,360,360,360,0
2022-03-31 14:44:00,360,360,360,360,0
2022-03-31 14:45:00,360,360,360,360,0
2022-03-31 14:46:00,360,360,360,360,0
2022-03-31 14:47:00,360,360,360,360,0
2022-03-31 14:48:00,360,360,360,360,0
2022-03-31 14:49:00,360,360,360,360,0
2022-03-31 14:50:00,360,360,360,360,0
2022-03-31 14:51:00,360,360,360,360,0
2022-03-31 14:52:00,360,360,360,360,0
2022-03-31 14:53:00,360,360,360,360,0
2022-03-31 14:54:00,360,360,360,360,0
2022-03-31 14:55:00,360,360,360,360,0
2022-03-31 14:56:00,360,360,360,360,0
2022-03-31 14:57:00,360,360,360,360,0
2022-03-31 14:58:00,360,360,360,360,0
2022-03-31 14:59:00,360,360,360,360,0
2022-03-31 15:00:00,370,370,370,370,100
2022-03-31 15:01:00,370,370,370,370,0
2022-03-31 15:02:00,370,370,370,370,0
2022-03-31 15:03:00,370,370,370,370,0
2022-03-31 15:04:00,370,370,370,370,0
2022-03-31 15:05:00,370,370,370,370,0
2022-03-31 15:06:00,370,370,370,370,0
2022-03-31 15:07:00,370,370,370,370,0
2022-03-31 15:08:00,370,370,370,370,0
2022-03-31 15:09:00,370,370,370,370,0
2022-03-31 15:10:00,370,370,370,370,0
2022-03-31 15:11:00,370,370,370,370,0
2022-03-31 15:12:00,370,370,370,370,0
2022-03-31 15:13:00,370,370,370,370,0
2022-03-31 15:14:00,370,370,370,370,0
2022-03-31 15:15:00,370,370,370,370,0
2022-03-31 15:16:00,370,370,370,370,0
2022-03-31 15:17:00,370,370,370,370,0
2022-03-31 15:18:00,370,370,370,370,0
2022-03-31 15:19:00,370,370,370,370,0
2022-03-31 15:20:00,370,370,370,370,0
2022-03-31 15:21:00,370,370,370,370,0
2022-03-31 15:22:00,370,370,370,370,0
2022-03-31 15:23:00,370,370,370,370,0
2022-03-31 15:24:00,370,370,370,370,0
2022-03-31 15:25:00,370,370,370,370,0
2022-03-31 15:26:00,370,370,370,370,0
2022-03-31 15:27:00,370,370,370,370,0
2022-03-31 15:28:00,370,370,370,370,0
2022-03-31 15:29:00,370,370,370,370,0
2022-03-31 15:30:00,370,370,370,370,0
2022-03-31 15:31:00,370,370,370,370,0
2022-03-31 15:32:00,370,370,370,370,0
2022-03-31 15:33:00,370,370,370,370,0
2022-03-31 15:34:00,370,370,370,370,0
2022-03-31 15:35:00,370,370,370,370,0
2022-03-31 15:36:00,370,370,370,370,0
2022-03-31 15:37:00,370,370,370,370,0
2022-03-31 15:38:00,370,370,370,370,0
2022-03-31 15:39:00,370,370,370,370,0
2022-03-31 15:40:00,370,370,370,370,0
2022-03-31 15:41:00,370,370,370,370,0
2022-03-31 15:42:00,370,370,370,370,0
2022-03-31 15:43:00,370,370,370,370,0
2022-03-31 15:44:00,370,370,370,370,0
2022-03-31 15:45:00,370,370,370,370,0
2022-03-31 15:46:00,370,370,370,370,0
2022-03-31 15:47:00,370,370,370,370,0
2022-03-31 15:48:00,370,370,370,370,0
2022-03-31 15:49:00,370,370,370,370,0
2022-03-31 15:50:00,370,370,370,370,0
2022-03-31 15:51:00,370,370,370,370,0
2022-03-31 15:52:00,370,370,370,370,0
2022-03-31 15:53:00,370,370,370,370,0
2022-03-31 15:54:00,370,370,370,370,0
2022-03-31 15:55:00,370,370,370,370,0
2022-03-31 15:56:00,370,370,370,370,0
2022-03-31 15:57:00,370,370,370,370,0
2022-03-31 15:58:00,370,370,370,370,0
2022-03-31 15:59:00,370,370,370,370,0
2022-04-01 09:00:00,370,370,370,370,0
2022-04-01 09:01:00,370,370,370,370,0
2022-04-01 09:02:00,370,370,370,370,0
2022-04-01 09:03:00,370,370,370,370,0
2022-04-01 09:04:00,368,368,368,368,0
2022-04-01 09:05:00,368,368,368,368,4400
2022-04-01 09:06:00,368,368,368,368,0
2022-04-01 09:07:00,368,368,368,368,0
2022-04-01 09:08:00,368,368,368,368,0
2022-04-01 09:09:00,368,368,368,368,0
2022-04-01 09:10:00,368,368,368,368,0
2022-04-01 09:11:00,368,368,368,368,0
2022-04-01 09:12:00,368,368,368,368,0
2022-04-01 09:13:00,368,368,368,368,0
2022-04-01 09:14:00,368,368,368,368,0
2022-04-01 09:15:00,368,368,368,368,0
2022-04-01 09:16:00,368,368,368,368,0
2022-04-01 09:17:00,368,368,368,368,0
2022-04-01 09:18:00,368,368,368,368,0
2022-04-01 09:19:00,368,368,368,368,0
2022-04-01 09:20:00,368,368,368,368,0
2022-04-01 09:21:00,368,368,368,368,0
2022-04-01 09:22:00,368,368,368,368,0
2022-04-01 09:23:00,368,368,368,368,0
2022-04-01 09:24:00,368,368,368,368,0
2022-04-01 09:25:00,368,368,368,368,0
2022-04-01 09:26:00,368,368,368,368,0
2022-04-01 09:27:00,368,368,368,368,0
2022-04-01 09:28:00,368,368,368,368,0
2022-04-01 09:29:00,368,368,368,368,0
2022-04-01 09:30:00,368,368,368,368,0
2022-04-01 09:31:00,368,368,368,368,0
2022-04-01 09:32:00,368,368,368,368,0
2022-04-01 09:33:00,368,368,368,368,0
2022-04-01 09:34:00,368,368,368,368,0
2022-04-01 09:35:00,368,368,368,368,0
2022-04-01 09:36:00,368,368,368,368,0
2022-04-01 09:37:00,368,368,368,368,0
2022-04-01 09:38:00,368,368,368,368,0
2022-04-01 09:39:00,368,368,368,368,0
2022-04-01 09:40:00,368,368,368,368,0
2022-04-01 09:41:00,368,368,368,368,0
2022-04-01 09:42:00,368,368,368,368,0
2022-04-01 09:43:00,368,368,368,368,0
2022-04-01 09:44:00,368,368,368,368,0
2022-04-01 09:45:00,368,368,368,368,0
2022-04-01 09:46:00,368,368,368,368,0
2022-04-01 09:47:00,368,368,368,368,0
2022-04-01 09:48:00,368,368,368,368,0
2022-04-01 09:49:00,368,368,368,368,0
2022-04-01 09:50:00,368,368,368,368,0
2022-04-01 09:51:00,368,368,368,368,0
2022-04-01 09:52:00,368,368,368,368,0
2022-04-01 09:53:00,368,368,368,368,0
2022-04-01 09:54:00,368,368,368,368,0
2022-04-01 09:55:00,368,368,368,368,0
2022-04-01 09:56:00,368,368,368,368,0
2022-04-01 09:57:00,368,368,368,368,0
2022-04-01 09:58:00,368,368,368,368,0
2022-04-01 09:59:00,368,368,368,368,0
2022-04-01 10:00:00,368,368,368,368,0
2022-04-01 10:01:00,368,368,368,368,0
2022-04-01 10:02:00,368,368,368,368,0
2022-04-01 10:03:00,368,368,368,368,0
2022-04-01 10:04:00,368,368,368,368,0
2022-04-01 10:05:00,368,368,368,368,0
2022-04-01 10:06:00,368,368,368,368,0
2022-04-01 10:07:00,368,368,368,368,0
2022-04-01 10:08:00,368,368,368,368,0
2022-04-01 10:09:00,368,368,368,368,0
2022-04-01 10:10:00,368,368,368,368,0
2022-04-01 10:11:00,368,368,368,368,0
2022-04-01 10:12:00,368,368,368,368,0
2022-04-01 10:13:00,368,368,368,368,0
2022-04-01 10:14:00,368,368,368,368,0
2022-04-01 10:15:00,368,368,368,368,0
2022-04-01 10:16:00,368,368,368,368,0
2022-04-01 10:17:00,368,368,368,368,0
2022-04-01 10:18:00,368,368,368,368,0
2022-04-01 10:19:00,368,368,368,368,0
2022-04-01 10:20:00,368,368,368,368,0
2022-04-01 10:21:00,368,368,368,368,0
2022-04-01 10:22:00,368,368,368,368,0
2022-04-01 10:23:00,368,368,368,368,0
2022-04-01 10:24:00,368,368,368,368,0
2022-04-01 10:25:00,368,368,368,368,0
2022-04-01 10:26:00,368,368,368,368,0
2022-04-01 10:27:00,368,368,368,368,0
2022-04-01 10:28:00,368,368,368,368,0
2022-04-01 10:29:00,368,368,368,368,0
2022-04-01 10:30:00,368,368,368,368,0
2022-04-01 10:31:00,368,368,368,368,0
2022-04-01 10:32:00,368,368,368,368,0
2022-04-01 10:33:00,368,368,368,368,0
2022-04-01 10:34:00,368,368,368,368,0
2022-04-01 10:35:00,368,368,368,368,0
2022-04-01 10:36:00,368,368,368,368,0
2022-04-01 10:37:00,368,368,368,368,0
2022-04-01 10:38:00,368,368,368,368,0
2022-04-01 10:39:00,368,368,368,368,0
2022-04-01 10:40:00,368,368,368,368,0
2022-04-01 10:41:00,368,368,368,368,0
2022-04-01 10:42:00,368,368,368,368,0
2022-04-01 10:43:00,368,368,368,368,0
2022-04-01 10:44:00,368,368,368,368,0
2022-04-01 10:45:00,368,368,368,368,0
2022-04-01 10:46:00,368,368,368,368,0
2022-04-01 10:47:00,368,368,368,368,0
2022-04-01 10:48:00,368,368,368,368,0
2022-04-01 10:49:00,368,368,368,368,0
2022-04-01 10:50:00,368,368,368,368,0
2022-04-01 10:51:00,368,368,368,368,0
2022-04-01 10:52:00,368,368,368,368,0
2022-04-01 10:53:00,368,368,368,368,0
2022-04-01 10:54:00,368,368,368,368,0
2022-04-01 10:55:00,368,368,368,368,0
2022-04-01 10:56:00,368,368,368,368,0
2022-04-01 10:57:00,368,368,368,368,0
2022-04-01 10:58:00,368,368,368,368,0
2022-04-01 10:59:00,368,368,368,368,0
2022-04-01 11:00:00,368,368,368,368,0
2022-04-01 11:01:00,368,368,368,368,0
2022-04-01 11:02:00,368,368,368,368,0
2022-04-01 11:03:00,368,368,368,368,0
2022-04-01 11:04:00,368,368,368,368,0
2022-04-01 11:05:00,368,368,368,368,0
2022-04-01 11:06:00,368,368,368,368,0
2022-04-01 11:07:00,368,368,368,368,0
2022-04-01 11:08:00,368,368,368,368,0
2022-04-01 11:09:00,368,368,368,368,0
2022-04-01 11:10:00,368,368,368,368,0
2022-04-01 11:11:00,368,368,368,368,0
2022-04-01 11:12:00,368,368,368,368,0
2022-04-01 11:13:00,368,368,368,368,0
2022-04-01 11:14:00,368,368,368,368,0
2022-04-01 11:15:00,368,368,368,368,0
2022-04-01 11:16:00,368,368,368,368,0
2022-04-01 11:17:00,368,368,368,368,0
2022-04-01 11:18:00,368,368,368,368,0
2022-04-01 11:19:00,368,368,368,368,0
2022-04-01 11:20:00,368,368,368,368,0
2022-04-01 11:21:00,368,368,368,368,0
2022-04-01 11:22:00,368,368,368,368,0
2022-04-01 11:23:00,368,368,368,368,0
2022-04-01 11:24:00,368,368,368,368,0
2022-04-01 11:25:00,368,368,368,368,0
2022-04-01 11:26:00,368,368,368,368,0
2022-04-01 11:27:00,368,368,368,368,0
2022-04-01 11:28:00,368,368,368,368,0
2022-04-01 11:29:00,368,368,368,368,0
2022-04-01 11:30:00,368,368,368,368,0
2022-04-01 11:31:00,368,368,368,368,0
2022-04-01 11:32:00,368,368,368,368,0
2022-04-01 11:33:00,368,368,368,368,0
2022-04-01 11:34:00,368,368,368,368,0
2022-04-01 11:35:00,368,368,368,368,0
2022-04-01 11:36:00,368,368,368,368,0
2022-04-01 11:37:00,368,368,368,368,0
2022-04-01 11:38:00,368,368,368,368,0
2022-04-01 11:39:00,368,368,368,368,0
2022-04-01 11:40:00,368,368,368,368,0
2022-04-01 11:41:00,368,368,368,368,0
2022-04-01 11:42:00,368,368,368,368,0
2022-04-01 11:43:00,368,368,368,368,0
2022-04-01 11:44:00,368,368,368,368,0
2022-04-01 11:45:00,368,368,368,368,0
2022-04-01 11:46:00,368,368,368,368,0
2022-04-01 11:47:00,368,368,368,368,0
2022-04-01 11:48:00,368,368,368,368,0
2022-04-01 11:49:00,368,368,368,368,0
2022-04-01 11:50:00,368,368,368,368,0
2022-04-01 11:51:00,368,368,368,368,0
2022-04-01 11:52:00,368,368,368,368,0
2022-04-01 11:53:00,368,368,368,368,0
2022-04-01 11:54:00,368,368,368,368,0
2022-04-01 11:55:00,368,368,368,368,0
2022-04-01 11:56:00,368,368,368,368,0
2022-04-01 11:57:00,368,368,368,368,0
2022-04-01 11:58:00,368,368,368,368,0
2022-04-01 11:59:00,368,368,368,368,0
2022-04-01 12:00:00,368,368,368,368,0
2022-04-01 12:01:00,368,368,368,368,0
2022-04-01 12:02:00,368,368,368,368,0
2022-04-01 12:03:00,368,368,368,368,0
2022-04-01 12:04:00,368,368,368,368,0
2022-04-01 12:05:00,368,368,368,368,0
2022-04-01 12:06:00,368,368,368,368,0
2022-04-01 12:07:00,368,368,368,368,0
2022-04-01 12:08:00,368,368,368,368,0
2022-04-01 12:09:00,368,368,368,368,0
2022-04-01 12:10:00,368,368,368,368,0
2022-04-01 12:11:00,368,368,368,368,0
2022-04-01 12:12:00,368,368,368,368,0
2022-04-01 12:13:00,368,368,368,368,0
2022-04-01 12:14:00,368,368,368,368,0
2022-04-01 12:15:00,368,368,368,368,0
2022-04-01 12:16:00,368,368,368,368,0
2022-04-01 12:17:00,368,368,368,368,0
2022-04-01 12:18:00,368,368,368,368,0
2022-04-01 12:19:00,368,368,368,368,0
2022-04-01 12:20:00,368,368,368,368,0
2022-04-01 12:21:00,368,368,368,368,0
2022-04-01 12:22:00,368,368,368,368,0
2022-04-01 12:23:00,368,368,368,368,0
2022-04-01 12:24:00,368,368,368,368,0
2022-04-01 12:25:00,368,368,368,368,0
2022-04-01 12:26:00,368,368,368,368,0
2022-04-01 12:27:00,368,368,368,368,0
2022-04-01 12:28:00,368,368,368,368,0
2022-04-01 12:29:00,368,368,368,368,0
2022-04-01 12:30:00,368,368,368,368,0
2022-04-01 12:31:00,368,368,368,368,0
2022-04-01 12:32:00,368,368,368,368,0
2022-04-01 12:33:00,368,368,368,368,0
2022-04-01 12:34:00,368,368,368,368,0
2022-04-01 12:35:00,368,368,368,368,0
2022-04-01 12:36:00,368,368,368,368,0
2022-04-01 12:37:00,368,368,368,368,0
2022-04-01 12:38:00,368,368,368,368,0
2022-04-01 12:39:00,368,368,368,368,0
2022-04-01 12:40:00,368,368,368,368,0
2022-04-01 12:41:00,368,368,368,368,0
2022-04-01 12:42:00,368,368,368,368,0
2022-04-01 12:43:00,368,368,368,368,0
2022-04-01 12:44:00,368,368,368,368,0
2022-04-01 12:45:00,368,368,368,368,0
2022-04-01 12:46:00,368,368,368,368,0
2022-04-01 12:47:00,368,368,368,368,0
2022-04-01 12:48:00,368,368,368,368,0
2022-04-01 12:49:00,368,368,368,368,0
2022-04-01 12:50:00,368,368,368,368,0
2022-04-01 12:51:00,368,368,368,368,0
2022-04-01 12:52:00,368,368,368,368,0
2022-04-01 12:53:00,368,368,368,368,0
2022-04-01 12:54:00,368,368,368,368,0
2022-04-01 12:55:00,368,368,368,368,0
2022-04-01 12:56:00,368,368,368,368,0
2022-04-01 12:57:00,368,368,368,368,0
2022-04-01 12:58:00,368,368,368,368,0
2022-04-01 12:59:00,368,368,368,368,0
2022-04-01 13:00:00,368,368,368,368,0
2022-04-01 13:01:00,368,368,368,368,0
2022-04-01 13:02:00,368,368,368,368,0
2022-04-01 13:03:00,368,368,368,368,0
2022-04-01 13:04:00,368,368,368,368,0
2022-04-01 13:05:00,368,368,368,368,0
2022-04-01 13:06:00,368,368,368,368,0
2022-04-01 13:07:00,368,368,368,368,0
2022-04-01 13:08:00,368,368,368,368,0
2022-04-01 13:09:00,368,368,368,368,0
2022-04-01 13:10:00,368,368,368,368,0
2022-04-01 13:11:00,368,368,368,368,0
2022-04-01 13:12:00,368,368,368,368,0
2022-04-01 13:13:00,368,368,368,368,0
2022-04-01 13:14:00,368,368,368,368,0
2022-04-01 13:15:00,368,368,368,368,0
2022-04-01 13:16:00,368,368,368,368,0
2022-04-01 13:17:00,368,368,368,368,0
2022-04-01 13:18:00,368,368,368,368,0
2022-04-01 13:19:00,368,368,368,368,0
2022-04-01 13:20:00,368,368,368,368,0
2022-04-01 13:21:00,368,368,368,368,0
2022-04-01 13:22:00,368,368,368,368,0
2022-04-01 13:23:00,368,368,368,368,0
2022-04-01 13:24:00,368,368,368,368,0
2022-04-01 13:25:00,368,368,368,368,0
2022-04-01 13:26:00,368,368,368,368,0
2022-04-01 13:27:00,368,368,368,368,0
2022-04-01 13:28:00,368,368,368,368,0
2022-04-01 13:29:00,368,368,368,368,0
2022-04-01 13:30:00,368,368,368,368,0
2022-04-01 13:31:00,368,368,368,368,0
2022-04-01 13:32:00,368,368,368,368,0
2022-04-01 13:33:00,368,368,368,368,0
2022-04-01 13:34:00,368,368,368,368,0
2022-04-01 13:35:00,368,368,368,368,0
2022-04-01 13:36:00,368,368,368,368,0
2022-04-01 13:37:00,368,368,368,368,0
2022-04-01 13:38:00,368,368,368,368,0
2022-04-01 13:39:00,368,368,368,368,0
2022-04-01 13:40:00,368,368,368,368,0
2022-04-01 13:41:00,368,368,368,368,0
2022-04-01 13:42:00,368,368,368,368,0
2022-04-01 13:43:00,368,368,368,368,0
2022-04-01 13:44:00,368,368,368,368,0
2022-04-01 13:45:00,368,368,368,368,0
2022-04-01 13:46:00,368,368,368,368,0
2022-04-01 13:47:00,368,368,368,368,0
2022-04-01 13:48:00,368,368,368,368,0
2022-04-01 13:49:00,368,368,368,368,0
2022-04-01 13:50:00,368,368,368,368,0
2022-04-01 13:51:00,368,368,368,368,0
2022-04-01 13:52:00,368,368,368,368,0
2022-04-01 13:53:00,368,368,368,368,0
2022-04-01 13:54:00,368,368,368,368,0
2022-04-01 13:55:00,368,368,368,368,0
2022-04-01 13:56:00,368,368,368,368,0
2022-04-01 13:57:00,368,368,368,368,0
2022-04-01 13:58:00,368,368,368,368,0
2022-04-01 13:59:00,368,368,368,368,0
2022-04-01 14:00:00,368,368,368,368,0
2022-04-01 14:01:00,368,368,368,368,0
2022-04-01 14:02:00,368,368,368,368,0
2022-04-01 14:03:00,368,368,368,368,0
2022-04-01 14:04:00,368,368,368,368,0
2022-04-01 14:05:00,368,368,368,368,0
2022-04-01 14:06:00,368,368,368,368,0
2022-04-01 14:07:00,368,368,368,368,0
2022-04-01 14:08:00,368,368,368,368,0
2022-04-01 14:09:00,368,368,368,368,0
2022-04-01 14:10:00,368,368,368,368,0
2022-04-01 14:11:00,368,368,368,368,0
2022-04-01 14:12:00,368,368,368,368,0
2022-04-01 14:13:00,368,368,368,368,0
2022-04-01 14:14:00,368,368,368,368,0
2022-04-01 14:15:00,368,368,368,368,0
2022-04-01 14:16:00,368,368,368,368,0
2022-04-01 14:17:00,368,368,368,368,0
2022-04-01 14:18:00,368,368,368,368,0
2022-04-01 14:19:00,368,368,368,368,0
2022-04-01 14:20:00,368,368,368,368,0
2022-04-01 14:21:00,368,368,368,368,0
2022-04-01 14:22:00,368,368,368,368,0
2022-04-01 14:23:00,368,368,368,368,0
2022-04-01 14:24:00,368,368,368,368,0
2022-04-01 14:25:00,368,368,368,368,0
2022-04-01 14:26:00,368,368,368,368,0
2022-04-01 14:27:00,368,368,368,368,0
2022-04-01 14:28:00,368,368,368,368,0
2022-04-01 14:29:00,368,368,368,368,0
2022-04-01 14:30:00,368,368,368,368,0
2022-04-01 14:31:00,368,368,368,368,0
2022-04-01 14:32:00,368,368,368,368,0
2022-04-01 14:33:00,368,368,368,368,0
2022-04-01 14:34:00,368,368,368,368,0
2022-04-01 14:35:00,368,368,368,368,0
2022-04-01 14:36:00,368,368,368,368,0
2022-04-01 14:37:00,368,368,368,368,0
2022-04-01 14:38:00,368,368,368,368,0
2022-04-01 14:39:00,368,368,368,368,0
2022-04-01 14:40:00,368,368,368,368,0
2022-04-01 14:41:00,368,368,368,368,0
2022-04-01 14:42:00,368,368,368,368,0
2022-04-01 14:43:00,368,368,368,368,0
2022-04-01 14:44:00,368,368,368,368,0
2022-04-01 14:45:00,368,368,368,368,0
2022-04-01 14:46:00,368,368,368,368,0
2022-04-01 14:47:00,368,368,368,368,0
2022-04-01 14:48:00,368,368,368,368,0
2022-04-01 14:49:00,368,368,368,368,0
2022-04-01 14:50:00,368,368,368,368,0
2022-04-01 14:51:00,368,368,368,368,0
2022-04-01 14:52:00,368,368,368,368,0
2022-04-01 14:53:00,368,368,368,368,0
2022-04-01 14:54:00,368,368,368,368,0
2022-04-01 14:55:00,368,368,368,368,0
2022-04-01 14:56:00,368,368,368,368,0
2022-04-01 14:57:00,368,368,368,368,0
2022-04-01 14:58:00,368,368,368,368,0
2022-04-01 14:59:00,368,368,368,368,0
2022-04-01 15:00:00,368,368,368,368,0
2022-04-01 15:01:00,368,368,368,368,0
2022-04-01 15:02:00,368,368,368,368,0
2022-04-01 15:03:00,368,368,368,368,0
2022-04-01 15:04:00,368,368,368,368,0
2022-04-01 15:05:00,368,368,368,368,0
2022-04-01 15:06:00,368,368,368,368,0
2022-04-01 15:07:00,368,368,368,368,0
2022-04-01 15:08:00,368,368,368,368,0
2022-04-01 15:09:00,368,368,368,368,0
2022-04-01 15:10:00,368,368,368,368,0
2022-04-01 15:11:00,368,368,368,368,0
2022-04-01 15:12:00,368,368,368,368,0
2022-04-01 15:13:00,368,368,368,368,0
2022-04-01 15:14:00,368,368,368,368,0
2022-04-01 15:15:00,368,368,368,368,0
2022-04-01 15:16:00,368,368,368,368,0
2022-04-01 15:17:00,368,368,368,368,0
2022-04-01 15:18:00,368,368,368,368,0
2022-04-01 15:19:00,368,368,368,368,0
2022-04-01 15:20:00,368,368,368,368,0
2022-04-01 15:21:00,368,368,368,368,0
2022-04-01 15:22:00,368,368,368,368,0
2022-04-01 15:23:00,368,368,368,368,0
2022-04-01 15:24:00,368,368,368,368,0
2022-04-01 15:25:00,368,368,368,368,0
2022-04-01 15:26:00,368,368,368,368,0
2022-04-01 15:27:00,368,368,368,368,0
2022-04-01 15:28:00,368,368,368,368,0
2022-04-01 15:29:00,368,368,368,368,0
2022-04-01 15:30:00,368,368,368,368,0
2022-04-01 15:31:00,368,368,368,368,0
2022-04-01 15:32:00,368,368,368,368,0
2022-04-01 15:33:00,368,368,368,368,0
2022-04-01 15:34:00,368,368,368,368,0
2022-04-01 15:35:00,368,368,368,368,0
2022-04-01 15:36:00,368,368,368,368,0
2022-04-01 15:37:00,368,368,368,368,0
2022-04-01 15:38:00,368,368,368,368,0
2022-04-01 15:39:00,368,368,368,368,0
2022-04-01 15:40:00,368,368,368,368,0
2022-04-01 15:41:00,368,368,368,368,0
2022-04-01 15:42:00,368,368,368,368,0
2022-04-01 15:43:00,368,368,368,368,0
2022-04-01 15:44:00,368,368,368,368,0
2022-04-01 15:45:00,368,368,368,368,0
2022-04-01 15:46:00,368,368,368,368,0
2022-04-01 15:47:00,368,368,368,368,0
2022-04-01 15:48:00,368,368,368,368,0
2022-04-01 15:49:00,368,368,368,368,0
2022-04-01 15:50:00,368,368,368,368,0
2022-04-01 15:51:00,368,368,368,368,0
2022-04-01 15:52:00,368,368,368,368,0
2022-04-01 15:53:00,368,368,368,368,0
2022-04-01 15:54:00,368,368,368,368,0
2022-04-01 15:55:00,368,368,368,368,0
2022-04-01 15:56:00,368,368,368,368,0
2022-04-01 15:57:00,368,368,368,368,0
2022-04-01 15:58:00,368,368,368,368,0
2022-04-01 15:59:00,368,368,368,368,0
2022-04-04 09:00:00,352,352,352,352,0
2022-04-04 09:01:00,352,352,352,352,0
2022-04-04 09:02:00,352,352,352,352,0
2022-04-04 09:03:00,352,352,352,352,0
2022-04-04 09:04:00,352,352,352,352,0
2022-04-04 09:05:00,352,352,352,352,0
2022-04-04 09:06:00,352,352,352,352,0
2022-04-04 09:07:00,352,352,352,352,0
2022-04-04 09:08:00,352,352,352,352,0
2022-04-04 09:09:00,352,352,352,352,0
2022-04-04 09:10:00,352,352,352,352,0
2022-04-04 09:11:00,352,352,352,352,0
2022-04-04 09:12:00,352,352,352,352,0
2022-04-04 09:13:00,352,352,352,352,0
2022-04-04 09:14:00,352,352,352,352,0
2022-04-04 09:15:00,352,352,352,352,0
2022-04-04 09:16:00,352,352,352,352,0
2022-04-04 09:17:00,352,352,352,352,0
2022-04-04 09:18:00,352,352,352,352,0
2022-04-04 09:19:00,352,352,352,352,0
2022-04-04 09:20:00,352,352,352,352,0
2022-04-04 09:21:00,352,352,352,352,0
2022-04-04 09:22:00,352,352,352,352,0
2022-04-04 09:23:00,352,352,352,352,0
2022-04-04 09:24:00,352,352,352,352,0
2022-04-04 09:25:00,352,352,352,352,0
2022-04-04 09:26:00,352,352,352,352,0
2022-04-04 09:27:00,352,352,352,352,0
2022-04-04 09:28:00,352,352,352,352,0
2022-04-04 09:29:00,352,352,352,352,0
2022-04-04 09:30:00,352,352,352,352,0
2022-04-04 09:31:00,352,352,352,352,0
2022-04-04 09:32:00,352,352,352,352,0
2022-04-04 09:33:00,352,352,352,352,0
2022-04-04 09:34:00,352,352,352,352,0
2022-04-04 09:35:00,352,352,352,352,0
2022-04-04 09:36:00,352,352,352,352,0
2022-04-04 09:37:00,352,352,352,352,0
2022-04-04 09:38:00,352,352,352,352,0
2022-04-04 09:39:00,352,352,352,352,0
2022-04-04 09:40:00,352,352,352,352,0
2022-04-04 09:41:00,352,352,352,352,0
2022-04-04 09:42:00,352,352,352,352,0
2022-04-04 09:43:00,352,352,352,352,0
2022-04-04 09:44:00,352,352,352,352,0
2022-04-04 09:45:00,352,352,352,352,0
2022-04-04 09:46:00,352,352,352,352,0
2022-04-04 09:47:00,352,352,352,352,0
2022-04-04 09:48:00,352,352,352,352,0
2022-04-04 09:49:00,352,352,352,352,0
2022-04-04 09:50:00,352,352,352,352,0
2022-04-04 09:51:00,352,352,352,352,0
2022-04-04 09:52:00,352,352,352,352,0
2022-04-04 09:53:00,352,352,352,352,0
2022-04-04 09:54:00,352,352,352,352,0
2022-04-04 09:55:00,352,352,352,352,0
2022-04-04 09:56:00,352,352,352,352,0
2022-04-04 09:57:00,352,352,352,352,0
2022-04-04 09:58:00,352,352,352,352,0
2022-04-04 09:59:00,352,352,352,352,0
2022-04-04 10:00:00,352,352,352,352,0
2022-04-04 10:01:00,352,352,352,352,0
2022-04-04 10:02:00,352,352,352,352,0
2022-04-04 10:03:00,352,352,352,352,0
2022-04-04 10:04:00,352,352,352,352,0
2022-04-04 10:05:00,352,352,352,352,0
2022-04-04 10:06:00,352,352,352,352,0
2022-04-04 10:07:00,358,356,358,356,500
2022-04-04 10:08:00,358,356,358,356,0
2022-04-04 10:09:00,358,356,358,356,0
2022-04-04 10:10:00,358,356,358,356,0
2022-04-04 10:11:00,358,356,358,356,0
2022-04-04 10:12:00,358,356,358,356,0
2022-04-04 10:13:00,358,356,358,356,0
2022-04-04 10:14:00,358,356,358,356,0
2022-04-04 10:15:00,358,356,358,356,0
2022-04-04 10:16:00,358,356,358,356,0
2022-04-04 10:17:00,358,356,358,356,0
2022-04-04 10:18:00,358,356,358,356,0
2022-04-04 10:19:00,358,356,358,356,0
2022-04-04 10:20:00,358,356,358,356,0
2022-04-04 10:21:00,358,356,358,356,0
2022-04-04 10:22:00,358,356,358,356,0
2022-04-04 10:23:00,358,356,358,356,0
2022-04-04 10:24:00,358,356,358,356,0
2022-04-04 10:25:00,358,356,358,356,0
2022-04-04 10:26:00,358,356,358,356,0
2022-04-04 10:27:00,358,356,358,356,0
2022-04-04 10:28:00,358,356,358,356,0
2022-04-04 10:29:00,358,356,358,356,0
2022-04-04 10:30:00,358,356,358,356,0
2022-04-04 10:31:00,358,356,358,356,0
2022-04-04 10:32:00,358,356,358,356,0
2022-04-04 10:33:00,358,356,358,356,0
2022-04-04 10:34:00,358,356,358,356,0
2022-04-04 10:35:00,358,356,358,356,0
2022-04-04 10:36:00,358,356,358,356,0
2022-04-04 10:37:00,358,356,358,356,0
2022-04-04 10:38:00,358,356,358,356,0
2022-04-04 10:39:00,358,356,358,356,0
2022-04-04 10:40:00,358,356,358,356,0
2022-04-04 10:41:00,358,356,358,356,0
2022-04-04 10:42:00,358,356,358,356,0
2022-04-04 10:43:00,358,356,358,356,0
2022-04-04 10:44:00,358,356,358,356,0
2022-04-04 10:45:00,358,356,358,356,0
2022-04-04 10:46:00,358,356,358,356,0
2022-04-04 10:47:00,358,356,358,356,0
2022-04-04 10:48:00,358,356,358,356,0
2022-04-04 10:49:00,358,356,358,356,0
2022-04-04 10:50:00,356,356,356,356,700
2022-04-04 10:51:00,356,356,356,356,0
2022-04-04 10:52:00,356,356,356,356,0
2022-04-04 10:53:00,356,356,356,356,0
2022-04-04 10:54:00,356,356,356,356,0
2022-04-04 10:55:00,356,356,356,356,0
2022-04-04 10:56:00,356,356,356,356,0
2022-04-04 10:57:00,356,356,356,356,0
2022-04-04 10:58:00,356,356,356,356,0
2022-04-04 10:59:00,356,356,356,356,0
2022-04-04 11:00:00,356,356,356,356,0
2022-04-04 11:01:00,356,356,356,356,0
2022-04-04 11:02:00,356,356,356,356,0
2022-04-04 11:03:00,356,356,356,356,0
2022-04-04 11:04:00,356,356,356,356,0
2022-04-04 11:05:00,356,356,356,356,0
2022-04-04 11:06:00,356,356,356,356,0
2022-04-04 11:07:00,356,356,356,356,0
2022-04-04 11:08:00,356,356,356,356,0
2022-04-04 11:09:00,356,356,356,356,0
2022-04-04 11:10:00,356,356,356,356,0
2022-04-04 11:11:00,356,356,356,356,0
2022-04-04 11:12:00,356,356,356,356,0
2022-04-04 11:13:00,356,356,356,356,0
2022-04-04 11:14:00,356,356,356,356,0
2022-04-04 11:15:00,356,356,356,356,0
2022-04-04 11:16:00,356,356,356,356,0
2022-04-04 11:17:00,356,356,356,356,0
2022-04-04 11:18:00,356,356,356,356,0
2022-04-04 11:19:00,356,356,356,356,0
2022-04-04 11:20:00,356,356,356,356,0
2022-04-04 11:21:00,356,356,356,356,0
2022-04-04 11:22:00,356,356,356,356,0
2022-04-04 11:23:00,356,356,356,356,0
2022-04-04 11:24:00,356,356,356,356,0
2022-04-04 11:25:00,356,356,356,356,0
2022-04-04 11:26:00,356,356,356,356,0
2022-04-04 11:27:00,356,356,356,356,0
2022-04-04 11:28:00,356,356,356,356,0
2022-04-04 11:29:00,356,356,356,356,0
2022-04-04 11:30:00,356,356,356,356,0
2022-04-04 11:31:00,356,356,356,356,0
2022-04-04 11:32:00,356,356,356,356,0
2022-04-04 11:33:00,356,356,356,356,0
2022-04-04 11:34:00,356,356,356,356,0
2022-04-04 11:35:00,356,356,356,356,0
2022-04-04 11:36:00,356,356,356,356,0
2022-04-04 11:37:00,356,356,356,356,0
2022-04-04 11:38:00,356,356,356,356,0
2022-04-04 11:39:00,356,356,356,356,0
2022-04-04 11:40:00,356,356,356,356,0
2022-04-04 11:41:00,356,356,356,356,0
2022-04-04 11:42:00,356,356,356,356,0
2022-04-04 11:43:00,356,356,356,356,0
2022-04-04 11:44:00,356,356,356,356,0
2022-04-04 11:45:00,356,356,356,356,0
2022-04-04 11:46:00,356,356,356,356,0
2022-04-04 11:47:00,356,356,356,356,0
2022-04-04 11:48:00,356,356,356,356,0
2022-04-04 11:49:00,356,356,356,356,0
2022-04-04 11:50:00,356,356,356,356,0
2022-04-04 11:51:00,356,356,356,356,0
2022-04-04 11:52:00,356,356,356,356,0
2022-04-04 11:53:00,356,356,356,356,0
2022-04-04 11:54:00,356,356,356,356,0
2022-04-04 11:55:00,356,356,356,356,0
2022-04-04 11:56:00,356,356,356,356,0
2022-04-04 11:57:00,356,356,356,356,0
2022-04-04 11:58:00,356,356,356,356,0
2022-04-04 11:59:00,356,356,356,356,0
2022-04-04 12:00:00,356,356,356,356,0
2022-04-04 12:01:00,356,356,356,356,0
2022-04-04 12:02:00,356,356,356,356,0
2022-04-04 12:03:00,356,356,356,356,0
2022-04-04 12:04:00,356,356,356,356,0
2022-04-04 12:05:00,356,356,356,356,0
2022-04-04 12:06:00,356,356,356,356,0
2022-04-04 12:07:00,356,356,356,356,0
2022-04-04 12:08:00,356,356,356,356,0
2022-04-04 12:09:00,356,356,356,356,0
2022-04-04 12:10:00,356,356,356,356,0
2022-04-04 12:11:00,356,356,356,356,0
2022-04-04 12:12:00,356,356,356,356,0
2022-04-04 12:13:00,356,356,356,356,0
2022-04-04 12:14:00,356,356,356,356,0
2022-04-04 12:15:00,356,356,356,356,0
2022-04-04 12:16:00,356,356,356,356,0
2022-04-04 12:17:00,356,356,356,356,0
2022-04-04 12:18:00,356,356,356,356,0
2022-04-04 12:19:00,356,356,356,356,0
2022-04-04 12:20:00,356,356,356,356,0
2022-04-04 12:21:00,356,356,356,356,0
2022-04-04 12:22:00,356,356,356,356,0
2022-04-04 12:23:00,356,356,356,356,0
2022-04-04 12:24:00,356,356,356,356,0
2022-04-04 12:25:00,356,356,356,356,0
2022-04-04 12:26:00,356,356,356,356,0
2022-04-04 12:27:00,356,356,356,356,0
2022-04-04 12:28:00,356,356,356,356,0
2022-04-04 12:29:00,356,356,356,356,0
2022-04-04 12:30:00,356,356,356,356,0
2022-04-04 12:31:00,356,356,356,356,0
2022-04-04 12:32:00,356,356,356,356,0
2022-04-04 12:33:00,356,356,356,356,0
2022-04-04 12:34:00,356,356,356,356,0
2022-04-04 12:35:00,356,356,356,356,0
2022-04-04 12:36:00,356,356,356,356,0
2022-04-04 12:37:00,356,356,356,356,0
2022-04-04 12:38:00,356,356,356,356,0
2022-04-04 12:39:00,356,356,356,356,0
2022-04-04 12:40:00,356,356,356,356,0
2022-04-04 12:41:00,356,356,356,356,0
2022-04-04 12:42:00,356,356,356,356,0
2022-04-04 12:43:00,356,356,356,356,0
2022-04-04 12:44:00,356,356,356,356,0
2022-04-04 12:45:00,356,356,356,356,0
2022-04-04 12:46:00,356,356,356,356,0
2022-04-04 12:47:00,356,356,356,356,0
2022-04-04 12:48:00,356,356,356,356,0
2022-04-04 12:49:00,356,356,356,356,0
2022-04-04 12:50:00,356,356,356,356,0
2022-04-04 12:51:00,356,356,356,356,0
2022-04-04 12:52:00,356,356,356,356,0
2022-04-04 12:53:00,356,356,356,356,0
2022-04-04 12:54:00,356,356,356,356,0
2022-04-04 12:55:00,356,356,356,356,0
2022-04-04 12:56:00,356,356,356,356,0
2022-04-04 12:57:00,356,356,356,356,0
2022-04-04 12:58:00,356,356,356,356,0
2022-04-04 12:59:00,356,356,356,356,0
2022-04-04 13:00:00,356,356,356,356,0
2022-04-04 13:01:00,356,356,356,356,0
2022-04-04 13:02:00,356,356,356,356,0
2022-04-04 13:03:00,356,356,356,356,0
2022-04-04 13:04:00,356,356,356,356,0
2022-04-04 13:05:00,356,356,356,356,0
2022-04-04 13:06:00,356,356,356,356,0
2022-04-04 13:07:00,356,356,356,356,0
2022-04-04 13:08:00,356,356,356,356,0
2022-04-04 13:09:00,356,356,356,356,0
2022-04-04 13:10:00,356,356,356,356,0
2022-04-04 13:11:00,356,356,356,356,0
2022-04-04 13:12:00,356,356,356,356,0
2022-04-04 13:13:00,356,356,356,356,0
2022-04-04 13:14:00,356,356,356,356,0
2022-04-04 13:15:00,356,356,356,356,0
2022-04-04 13:16:00,356,356,356,356,0
2022-04-04 13:17:00,356,356,356,356,0
2022-04-04 13:18:00,356,356,356,356,0
2022-04-04 13:19:00,356,356,356,356,0
2022-04-04 13:20:00,356,356,356,356,0
2022-04-04 13:21:00,356,356,356,356,0
2022-04-04 13:22:00,356,356,356,356,0
2022-04-04 13:23:00,356,356,356,356,0
2022-04-04 13:24:00,356,356,356,356,0
2022-04-04 13:25:00,356,356,356,356,0
2022-04-04 13:26:00,356,356,356,356,0
2022-04-04 13:27:00,356,356,356,356,0
2022-04-04 13:28:00,356,356,356,356,0
2022-04-04 13:29:00,356,356,356,356,0
2022-04-04 13:30:00,356,356,356,356,0
2022-04-04 13:31:00,356,356,356,356,0
2022-04-04 13:32:00,356,356,356,356,0
2022-04-04 13:33:00,356,356,356,356,0
2022-04-04 13:34:00,366,366,366,366,100
2022-04-04 13:35:00,366,366,366,366,0
2022-04-04 13:36:00,366,366,366,366,0
2022-04-04 13:37:00,366,366,366,366,0
2022-04-04 13:38:00,366,366,366,366,0
2022-04-04 13:39:00,366,366,366,366,0
2022-04-04 13:40:00,366,366,366,366,0
2022-04-04 13:41:00,366,366,366,366,0
2022-04-04 13:42:00,356,356,356,356,4800
2022-04-04 13:43:00,356,356,356,356,0
2022-04-04 13:44:00,356,356,356,356,0
2022-04-04 13:45:00,356,356,356,356,0
2022-04-04 13:46:00,356,356,356,356,0
2022-04-04 13:47:00,356,356,356,356,0
2022-04-04 13:48:00,356,356,356,356,0
2022-04-04 13:49:00,356,356,356,356,0
2022-04-04 13:50:00,356,356,356,356,0
2022-04-04 13:51:00,356,356,356,356,0
2022-04-04 13:52:00,356,356,356,356,0
2022-04-04 13:53:00,356,356,356,356,0
2022-04-04 13:54:00,356,356,356,356,0
2022-04-04 13:55:00,356,356,356,356,0
2022-04-04 13:56:00,356,356,356,356,0
2022-04-04 13:57:00,356,356,356,356,0
2022-04-04 13:58:00,356,356,356,356,0
2022-04-04 13:59:00,356,356,356,356,0
2022-04-04 14:00:00,356,356,356,356,0
2022-04-04 14:01:00,356,356,356,356,0
2022-04-04 14:02:00,362,362,362,362,100
2022-04-04 14:03:00,362,362,362,362,0
2022-04-04 14:04:00,362,362,362,362,0
2022-04-04 14:05:00,362,362,362,362,0
2022-04-04 14:06:00,362,362,362,362,0
2022-04-04 14:07:00,362,362,362,362,0
2022-04-04 14:08:00,362,362,362,362,0
2022-04-04 14:09:00,362,362,362,362,0
2022-04-04 14:10:00,362,362,362,362,0
2022-04-04 14:11:00,362,362,362,362,0
2022-04-04 14:12:00,362,362,362,362,0
2022-04-04 14:13:00,362,362,362,362,0
2022-04-04 14:14:00,362,362,362,362,0
2022-04-04 14:15:00,362,362,362,362,0
2022-04-04 14:16:00,362,362,362,362,0
2022-04-04 14:17:00,362,362,362,362,0
2022-04-04 14:18:00,362,362,362,362,0
2022-04-04 14:19:00,362,362,362,362,0
2022-04-04 14:20:00,362,362,362,362,0
2022-04-04 14:21:00,362,362,362,362,0
2022-04-04 14:22:00,362,362,362,362,0
2022-04-04 14:23:00,362,362,362,362,0
2022-04-04 14:24:00,362,362,362,362,0
2022-04-04 14:25:00,362,362,362,362,0
2022-04-04 14:26:00,362,362,362,362,0
2022-04-04 14:27:00,362,362,362,362,0
2022-04-04 14:28:00,362,362,362,362,0
2022-04-04 14:29:00,362,362,362,362,0
2022-04-04 14:30:00,362,362,362,362,0
2022-04-04 14:31:00,362,362,362,362,0
2022-04-04 14:32:00,362,362,362,362,0
2022-04-04 14:33:00,362,362,362,362,0
2022-04-04 14:34:00,362,362,362,362,0
2022-04-04 14:35:00,362,362,362,362,0
2022-04-04 14:36:00,362,362,362,362,0
2022-04-04 14:37:00,362,362,362,362,0
2022-04-04 14:38:00,362,362,362,362,0
2022-04-04 14:39:00,362,362,362,362,0
2022-04-04 14:40:00,362,362,362,362,0
2022-04-04 14:41:00,362,362,362,362,0
2022-04-04 14:42:00,362,362,362,362,0
2022-04-04 14:43:00,362,362,362,362,0
2022-04-04 14:44:00,362,362,362,362,0
2022-04-04 14:45:00,360,360,360,360,100
2022-04-04 14:46:00,370,370,370,370,100
2022-04-04 14:47:00,370,370,370,370,0
2022-04-04 14:48:00,370,370,370,370,0
2022-04-04 14:49:00,370,370,370,370,0
2022-04-04 14:50:00,370,370,370,370,0
2022-04-04 14:51:00,370,370,370,370,0
2022-04-04 14:52:00,370,370,370,370,0
2022-04-04 14:53:00,370,370,370,370,0
2022-04-04 14:54:00,370,370,370,370,0
2022-04-04 14:55:00,370,370,370,370,0
2022-04-04 14:56:00,370,370,370,370,0
2022-04-04 14:57:00,370,370,370,370,0
2022-04-04 14:58:00,370,370,370,370,0
2022-04-04 14:59:00,370,370,370,370,0
2022-04-04 15:00:00,370,370,370,370,0
2022-04-04 15:01:00,370,370,370,370,0
2022-04-04 15:02:00,370,370,370,370,0
2022-04-04 15:03:00,370,370,370,370,0
2022-04-04 15:04:00,370,370,370,370,0
2022-04-04 15:05:00,370,370,370,370,0
2022-04-04 15:06:00,370,370,370,370,0
2022-04-04 15:07:00,370,370,370,370,0
2022-04-04 15:08:00,370,370,370,370,0
2022-04-04 15:09:00,370,370,370,370,0
2022-04-04 15:10:00,370,370,370,370,0
2022-04-04 15:11:00,370,370,370,370,0
2022-04-04 15:12:00,370,370,370,370,0
2022-04-04 15:13:00,370,370,370,370,0
2022-04-04 15:14:00,370,370,370,370,0
2022-04-04 15:15:00,370,370,370,370,0
2022-04-04 15:16:00,370,370,370,370,0
2022-04-04 15:17:00,370,370,370,370,0
2022-04-04 15:18:00,370,370,370,370,0
2022-04-04 15:19:00,370,370,370,370,0
2022-04-04 15:20:00,370,370,370,370,0
2022-04-04 15:21:00,370,370,370,370,0
2022-04-04 15:22:00,370,370,370,370,0
2022-04-04 15:23:00,370,370,370,370,0
2022-04-04 15:24:00,370,370,370,370,0
2022-04-04 15:25:00,370,370,370,370,0
2022-04-04 15:26:00,370,370,370,370,0
2022-04-04 15:27:00,370,370,370,370,0
2022-04-04 15:28:00,370,370,370,370,0
2022-04-04 15:29:00,370,370,370,370,0
2022-04-04 15:30:00,370,370,370,370,0
2022-04-04 15:31:00,370,370,370,370,0
2022-04-04 15:32:00,370,370,370,370,0
2022-04-04 15:33:00,370,370,370,370,0
2022-04-04 15:34:00,370,370,370,370,0
2022-04-04 15:35:00,370,370,370,370,0
2022-04-04 15:36:00,370,370,370,370,0
2022-04-04 15:37:00,370,370,370,370,0
2022-04-04 15:38:00,370,370,370,370,0
2022-04-04 15:39:00,370,370,370,370,0
2022-04-04 15:40:00,370,370,370,370,0
2022-04-04 15:41:00,370,370,370,370,0
2022-04-04 15:42:00,370,370,370,370,0
2022-04-04 15:43:00,370,370,370,370,0
2022-04-04 15:44:00,370,370,370,370,0
2022-04-04 15:45:00,370,370,370,370,0
2022-04-04 15:46:00,370,370,370,370,0
2022-04-04 15:47:00,370,370,370,370,0
2022-04-04 15:48:00,370,370,370,370,0
2022-04-04 15:49:00,370,370,370,370,0
2022-04-04 15:50:00,370,370,370,370,0
2022-04-04 15:51:00,370,370,370,370,0
2022-04-04 15:52:00,370,370,370,370,0
2022-04-04 15:53:00,370,370,370,370,0
2022-04-04 15:54:00,370,370,370,370,0
2022-04-04 15:55:00,370,370,370,370,0
2022-04-04 15:56:00,370,370,370,370,0
2022-04-04 15:57:00,370,370,370,370,0
2022-04-04 15:58:00,370,370,370,370,0
2022-04-04 15:59:00,370,370,370,370,0
2022-04-05 09:00:00,370,370,370,370,0
2022-04-05 09:01:00,370,370,370,370,0
2022-04-05 09:02:00,370,370,370,370,0
2022-04-05 09:03:00,370,370,370,370,0
2022-04-05 09:04:00,370,370,370,370,0
2022-04-05 09:05:00,370,370,370,370,0
2022-04-05 09:06:00,370,370,370,370,0
2022-04-05 09:07:00,370,370,370,370,0
2022-04-05 09:08:00,370,370,370,370,0
2022-04-05 09:09:00,370,370,370,370,0
2022-04-05 09:10:00,370,370,370,370,0
2022-04-05 09:11:00,370,370,370,370,0
2022-04-05 09:12:00,370,370,370,370,0
2022-04-05 09:13:00,370,370,370,370,0
2022-04-05 09:14:00,370,370,370,370,0
2022-04-05 09:15:00,370,370,370,370,0
2022-04-05 09:16:00,370,370,370,370,0
2022-04-05 09:17:00,370,370,370,370,0
2022-04-05 09:18:00,370,370,370,370,0
2022-04-05 09:19:00,370,370,370,370,0
2022-04-05 09:20:00,370,370,370,370,0
2022-04-05 09:21:00,370,370,370,370,0
2022-04-05 09:22:00,370,370,370,370,0
2022-04-05 09:23:00,370,370,370,370,0
2022-04-05 09:24:00,370,370,370,370,0
2022-04-05 09:25:00,370,370,370,370,0
2022-04-05 09:26:00,370,370,370,370,0
2022-04-05 09:27:00,370,370,370,370,0
2022-04-05 09:28:00,370,370,370,370,0
2022-04-05 09:29:00,370,370,370,370,0
2022-04-05 09:30:00,370,370,370,370,0
2022-04-05 09:31:00,370,370,370,370,0
2022-04-05 09:32:00,370,370,370,370,0
2022-04-05 09:33:00,370,370,370,370,0
2022-04-05 09:34:00,370,370,370,370,0
2022-04-05 09:35:00,370,370,370,370,0
2022-04-05 09:36:00,370,370,370,370,0
2022-04-05 09:37:00,370,370,370,370,0
2022-04-05 09:38:00,370,370,370,370,0
2022-04-05 09:39:00,370,370,370,370,0
2022-04-05 09:40:00,370,370,370,370,0
2022-04-05 09:41:00,370,370,370,370,0
2022-04-05 09:42:00,370,370,370,370,0
2022-04-05 09:43:00,370,370,370,370,0
2022-04-05 09:44:00,370,370,370,370,0
2022-04-05 09:45:00,370,370,370,370,0
2022-04-05 09:46:00,370,370,370,370,0
2022-04-05 09:47:00,370,370,370,370,0
2022-04-05 09:48:00,370,370,370,370,0
2022-04-05 09:49:00,370,370,370,370,0
2022-04-05 09:50:00,370,370,370,370,0
2022-04-05 09:51:00,370,370,370,370,0
2022-04-05 09:52:00,370,370,370,370,0
2022-04-05 09:53:00,370,370,370,370,0
2022-04-05 09:54:00,370,370,370,370,0
2022-04-05 09:55:00,370,370,370,370,0
2022-04-05 09:56:00,370,370,370,370,0
2022-04-05 09:57:00,370,370,370,370,0
2022-04-05 09:58:00,370,370,370,370,0
2022-04-05 09:59:00,370,370,370,370,0
2022-04-05 10:00:00,370,370,370,370,0
2022-04-05 10:01:00,370,370,370,370,0
2022-04-05 10:02:00,370,370,370,370,0
2022-04-05 10:03:00,370,370,370,370,0
2022-04-05 10:04:00,370,370,370,370,0
2022-04-05 10:05:00,370,370,370,370,0
2022-04-05 10:06:00,370,370,370,370,0
2022-04-05 10:07:00,370,370,370,370,0
2022-04-05 10:08:00,370,370,370,370,0
2022-04-05 10:09:00,370,370,370,370,0
2022-04-05 10:10:00,370,370,370,370,0
2022-04-05 10:11:00,370,370,370,370,0
2022-04-05 10:12:00,370,370,370,370,0
2022-04-05 10:13:00,370,370,370,370,0
2022-04-05 10:14:00,370,370,370,370,0
2022-04-05 10:15:00,370,370,370,370,0
2022-04-05 10:16:00,370,370,370,370,0
2022-04-05 10:17:00,370,370,370,370,0
2022-04-05 10:18:00,370,370,370,370,0
2022-04-05 10:19:00,370,370,370,370,0
2022-04-05 10:20:00,370,370,370,370,0
2022-04-05 10:21:00,370,370,370,370,0
2022-04-05 10:22:00,370,370,370,370,0
2022-04-05 10:23:00,370,370,370,370,0
2022-04-05 10:24:00,370,370,370,370,0
2022-04-05 10:25:00,370,370,370,370,0
2022-04-05 10:26:00,370,370,370,370,0
2022-04-05 10:27:00,370,370,370,370,0
2022-04-05 10:28:00,370,370,370,370,0
2022-04-05 10:29:00,370,370,370,370,0
2022-04-05 10:30:00,370,370,370,370,0
2022-04-05 10:31:00,370,370,370,370,0
2022-04-05 10:32:00,370,370,370,370,0
2022-04-05 10:33:00,370,370,370,370,0
2022-04-05 10:34:00,370,370,370,370,0
2022-04-05 10:35:00,370,370,370,370,0
2022-04-05 10:36:00,370,370,370,370,0
2022-04-05 10:37:00,370,370,370,370,0
2022-04-05 10:38:00,370,370,370,370,0
2022-04-05 10:39:00,370,370,370,370,0
2022-04-05 10:40:00,370,370,370,370,0
2022-04-05 10:41:00,370,370,370,370,0
2022-04-05 10:42:00,370,370,370,370,0
2022-04-05 10:43:00,370,370,370,370,0
2022-04-05 10:44:00,370,370,370,370,0
2022-04-05 10:45:00,370,370,370,370,0
2022-04-05 10:46:00,370,370,370,370,0
2022-04-05 10:47:00,370,370,370,370,0
2022-04-05 10:48:00,370,370,370,370,0
2022-04-05 10:49:00,370,370,370,370,0
2022-04-05 10:50:00,370,370,370,370,0
2022-04-05 10:51:00,370,370,370,370,0
2022-04-05 10:52:00,370,370,370,370,0
2022-04-05 10:53:00,370,370,370,370,0
2022-04-05 10:54:00,370,370,370,370,0
2022-04-05 10:55:00,370,370,370,370,0
2022-04-05 10:56:00,370,370,370,370,0
2022-04-05 10:57:00,370,370,370,370,0
2022-04-05 10:58:00,370,370,370,370,0
2022-04-05 10:59:00,370,370,370,370,0
2022-04-05 11:00:00,370,370,370,370,0
2022-04-05 11:01:00,370,370,370,370,0
2022-04-05 11:02:00,370,370,370,370,0
2022-04-05 11:03:00,370,370,370,370,0
2022-04-05 11:04:00,370,370,370,370,0
2022-04-05 11:05:00,370,370,370,370,0
2022-04-05 11:06:00,370,370,370,370,0
2022-04-05 11:07:00,370,370,370,370,0
2022-04-05 11:08:00,370,370,370,370,0
2022-04-05 11:09:00,370,370,370,370,0
2022-04-05 11:10:00,370,370,370,370,0
2022-04-05 11:11:00,370,370,370,370,0
2022-04-05 11:12:00,370,370,370,370,0
2022-04-05 11:13:00,370,370,370,370,0
2022-04-05 11:14:00,370,370,370,370,0
2022-04-05 11:15:00,370,370,370,370,0
2022-04-05 11:16:00,370,370,370,370,0
2022-04-05 11:17:00,370,370,370,370,0
2022-04-05 11:18:00,370,370,370,370,0
2022-04-05 11:19:00,370,370,370,370,0
2022-04-05 11:20:00,370,370,370,370,0
2022-04-05 11:21:00,370,370,370,370,0
2022-04-05 11:22:00,370,370,370,370,0
2022-04-05 11:23:00,370,370,370,370,0
2022-04-05 11:24:00,370,370,370,370,0
2022-04-05 11:25:00,370,370,370,370,0
2022-04-05 11:26:00,370,370,370,370,0
2022-04-05 11:27:00,370,370,370,370,0
2022-04-05 11:28:00,370,370,370,370,0
2022-04-05 11:29:00,370,370,370,370,0
2022-04-05 11:30:00,370,370,370,370,0
2022-04-05 11:31:00,370,370,370,370,0
2022-04-05 11:32:00,370,370,370,370,0
2022-04-05 11:33:00,370,370,370,370,0
2022-04-05 11:34:00,370,370,370,370,0
2022-04-05 11:35:00,370,370,370,370,0
2022-04-05 11:36:00,370,370,370,370,0
2022-04-05 11:37:00,370,370,370,370,0
2022-04-05 11:38:00,370,370,370,370,0
2022-04-05 11:39:00,370,370,370,370,0
2022-04-05 11:40:00,370,370,370,370,0
2022-04-05 11:41:00,370,370,370,370,0
2022-04-05 11:42:00,370,370,370,370,0
2022-04-05 11:43:00,370,370,370,370,0
2022-04-05 11:44:00,370,370,370,370,0
2022-04-05 11:45:00,370,370,370,370,0
2022-04-05 11:46:00,370,370,370,370,0
2022-04-05 11:47:00,370,370,370,370,0
2022-04-05 11:48:00,370,370,370,370,0
2022-04-05 11:49:00,370,370,370,370,0
2022-04-05 11:50:00,370,370,370,370,0
2022-04-05 11:51:00,370,370,370,370,0
2022-04-05 11:52:00,370,370,370,370,0
2022-04-05 11:53:00,370,370,370,370,0
2022-04-05 11:54:00,370,370,370,370,0
2022-04-05 11:55:00,370,370,370,370,0
2022-04-05 11:56:00,370,370,370,370,0
2022-04-05 11:57:00,370,370,370,370,0
2022-04-05 11:58:00,370,370,370,370,0
2022-04-05 11:59:00,370,370,370,370,0
2022-04-05 12:00:00,370,370,370,370,0
2022-04-05 12:01:00,370,370,370,370,0
2022-04-05 12:02:00,370,370,370,370,0
2022-04-05 12:03:00,370,370,370,370,0
2022-04-05 12:04:00,370,370,370,370,0
2022-04-05 12:05:00,370,370,370,370,0
2022-04-05 12:06:00,370,370,370,370,0
2022-04-05 12:07:00,370,370,370,370,0
2022-04-05 12:08:00,370,370,370,370,0
2022-04-05 12:09:00,370,370,370,370,0
2022-04-05 12:10:00,370,370,370,370,0
2022-04-05 12:11:00,370,370,370,370,0
2022-04-05 12:12:00,370,370,370,370,0
2022-04-05 12:13:00,370,370,370,370,0
2022-04-05 12:14:00,370,370,370,370,0
2022-04-05 12:15:00,370,370,370,370,0
2022-04-05 12:16:00,370,370,370,370,0
2022-04-05 12:17:00,370,370,370,370,0
2022-04-05 12:18:00,370,370,370,370,0
2022-04-05 12:19:00,370,370,370,370,0
2022-04-05 12:20:00,370,370,370,370,0
2022-04-05 12:21:00,370,370,370,370,0
2022-04-05 12:22:00,370,370,370,370,0
2022-04-05 12:23:00,370,370,370,370,0
2022-04-05 12:24:00,370,370,370,370,0
2022-04-05 12:25:00,370,370,370,370,0
2022-04-05 12:26:00,370,370,370,370,0
2022-04-05 12:27:00,370,370,370,370,0
2022-04-05 12:28:00,370,370,370,370,0
2022-04-05 12:29:00,370,370,370,370,0
2022-04-05 12:30:00,370,370,370,370,0
2022-04-05 12:31:00,370,370,370,370,0
2022-04-05 12:32:00,370,370,370,370,0
2022-04-05 12:33:00,370,370,370,370,0
2022-04-05 12:34:00,370,370,370,370,0
2022-04-05 12:35:00,370,370,370,370,0
2022-04-05 12:36:00,370,370,370,370,0
2022-04-05 12:37:00,370,370,370,370,0
2022-04-05 12:38:00,370,370,370,370,0
2022-04-05 12:39:00,370,370,370,370,0
2022-04-05 12:40:00,370,370,370,370,0
2022-04-05 12:41:00,370,370,370,370,0
2022-04-05 12:42:00,370,370,370,370,0
2022-04-05 12:43:00,370,370,370,370,0
2022-04-05 12:44:00,370,370,370,370,0
2022-04-05 12:45:00,370,370,370,370,0
2022-04-05 12:46:00,370,370,370,370,0
2022-04-05 12:47:00,370,370,370,370,0
2022-04-05 12:48:00,370,370,370,370,0
2022-04-05 12:49:00,370,370,370,370,0
2022-04-05 12:50:00,370,370,370,370,0
2022-04-05 12:51:00,370,370,370,370,0
2022-04-05 12:52:00,370,370,370,370,0
2022-04-05 12:53:00,370,370,370,370,0
2022-04-05 12:54:00,370,370,370,370,0
2022-04-05 12:55:00,370,370,370,370,0
2022-04-05 12:56:00,370,370,370,370,0
2022-04-05 12:57:00,370,370,370,370,0
2022-04-05 12:58:00,370,370,370,370,0
2022-04-05 12:59:00,370,370,370,370,0
2022-04-05 13:00:00,370,370,370,370,0
2022-04-05 13:01:00,370,370,370,370,0
2022-04-05 13:02:00,370,370,370,370,0
2022-04-05 13:03:00,370,370,370,370,0
2022-04-05 13:04:00,370,370,370,370,0
2022-04-05 13:05:00,370,370,370,370,0
2022-04-05 13:06:00,370,370,370,370,0
2022-04-05 13:07:00,370,370,370,370,0
2022-04-05 13:08:00,370,370,370,370,0
2022-04-05 13:09:00,370,370,370,370,0
2022-04-05 13:10:00,370,370,370,370,0
2022-04-05 13:11:00,370,370,370,370,0
2022-04-05 13:12:00,370,370,370,370,0
2022-04-05 13:13:00,370,370,370,370,0
2022-04-05 13:14:00,370,370,370,370,0
2022-04-05 13:15:00,370,370,370,370,0
2022-04-05 13:16:00,370,370,370,370,0
2022-04-05 13:17:00,370,370,370,370,0
2022-04-05 13:18:00,370,370,370,370,0
2022-04-05 13:19:00,370,370,370,370,0
2022-04-05 13:20:00,370,370,370,370,0
2022-04-05 13:21:00,370,370,370,370,0
2022-04-05 13:22:00,370,370,370,370,0
2022-04-05 13:23:00,370,370,370,370,0
2022-04-05 13:24:00,370,370,370,370,0
2022-04-05 13:25:00,370,370,370,370,0
2022-04-05 13:26:00,370,370,370,370,0
2022-04-05 13:27:00,370,370,370,370,0
2022-04-05 13:28:00,370,370,370,370,0
2022-04-05 13:29:00,370,370,370,370,0
2022-04-05 13:30:00,368,368,368,368,600
2022-04-05 13:31:00,368,368,368,368,0
2022-04-05 13:32:00,368,368,368,368,0
2022-04-05 13:33:00,368,368,368,368,0
2022-04-05 13:34:00,368,368,368,368,0
2022-04-05 13:35:00,368,368,368,368,0
2022-04-05 13:36:00,368,368,368,368,0
2022-04-05 13:37:00,368,368,368,368,0
2022-04-05 13:38:00,368,368,368,368,0
2022-04-05 13:39:00,368,368,368,368,0
2022-04-05 13:40:00,368,368,368,368,0
2022-04-05 13:41:00,368,368,368,368,0
2022-04-05 13:42:00,368,368,368,368,0
2022-04-05 13:43:00,368,368,368,368,0
2022-04-05 13:44:00,368,368,368,368,0
2022-04-05 13:45:00,368,368,368,368,0
2022-04-05 13:46:00,368,368,368,368,0
2022-04-05 13:47:00,368,368,368,368,0
2022-04-05 13:48:00,368,368,368,368,0
2022-04-05 13:49:00,368,368,368,368,0
2022-04-05 13:50:00,368,368,368,368,0
2022-04-05 13:51:00,368,368,368,368,0
2022-04-05 13:52:00,368,368,368,368,0
2022-04-05 13:53:00,368,368,368,368,0
2022-04-05 13:54:00,368,368,368,368,0
2022-04-05 13:55:00,368,368,368,368,0
2022-04-05 13:56:00,368,368,368,368,0
2022-04-05 13:57:00,368,368,368,368,0
2022-04-05 13:58:00,360,358,360,358,300
2022-04-05 13:59:00,356,356,356,356,9800
2022-04-05 14:00:00,356,356,356,356,0
2022-04-05 14:01:00,356,356,356,356,0
2022-04-05 14:02:00,356,356,356,356,0
2022-04-05 14:03:00,356,356,356,356,0
2022-04-05 14:04:00,356,356,356,356,0
2022-04-05 14:05:00,356,356,356,356,0
2022-04-05 14:06:00,356,356,356,356,0
2022-04-05 14:07:00,356,356,356,356,0
2022-04-05 14:08:00,356,356,356,356,0
2022-04-05 14:09:00,356,356,356,356,0
2022-04-05 14:10:00,356,356,356,356,0
2022-04-05 14:11:00,356,356,356,356,0
2022-04-05 14:12:00,356,356,356,356,0
2022-04-05 14:13:00,356,356,356,356,0
2022-04-05 14:14:00,356,356,356,356,0
2022-04-05 14:15:00,356,356,356,356,0
2022-04-05 14:16:00,356,356,356,356,0
2022-04-05 14:17:00,356,356,356,356,0
2022-04-05 14:18:00,356,356,356,356,0
2022-04-05 14:19:00,356,356,356,356,0
2022-04-05 14:20:00,356,356,356,356,0
2022-04-05 14:21:00,356,356,356,356,0
2022-04-05 14:22:00,356,356,356,356,0
2022-04-05 14:23:00,356,356,356,356,0
2022-04-05 14:24:00,356,356,356,356,0
2022-04-05 14:25:00,364,364,364,364,100
2022-04-05 14:26:00,364,364,364,364,0
2022-04-05 14:27:00,364,364,364,364,0
2022-04-05 14:28:00,364,364,364,364,0
2022-04-05 14:29:00,364,364,364,364,0
2022-04-05 14:30:00,364,364,364,364,0
2022-04-05 14:31:00,364,364,364,364,0
2022-04-05 14:32:00,364,364,364,364,0
2022-04-05 14:33:00,364,364,364,364,0
2022-04-05 14:34:00,364,364,364,364,0
2022-04-05 14:35:00,364,364,364,364,0
2022-04-05 14:36:00,364,364,364,364,0
2022-04-05 14:37:00,364,364,364,364,0
2022-04-05 14:38:00,364,364,364,364,0
2022-04-05 14:39:00,364,364,364,364,0
2022-04-05 14:40:00,364,364,364,364,0
2022-04-05 14:41:00,364,364,364,364,0
2022-04-05 14:42:00,364,364,364,364,0
2022-04-05 14:43:00,364,364,364,364,0
2022-04-05 14:44:00,364,364,364,364,0
2022-04-05 14:45:00,364,364,364,364,0
2022-04-05 14:46:00,364,364,364,364,0
2022-04-05 14:47:00,364,364,364,364,0
2022-04-05 14:48:00,362,362,366,366,900
2022-04-05 14:49:00,362,362,366,366,0
2022-04-05 14:50:00,362,362,366,366,0
2022-04-05 14:51:00,362,362,366,366,0
2022-04-05 14:52:00,362,362,366,366,0
2022-04-05 14:53:00,362,362,366,366,0
2022-04-05 14:54:00,362,362,366,366,0
2022-04-05 14:55:00,362,362,366,366,0
2022-04-05 14:56:00,362,362,366,366,0
2022-04-05 14:57:00,362,362,366,366,0
2022-04-05 14:58:00,362,362,366,366,0
2022-04-05 14:59:00,362,362,366,366,0
2022-04-05 15:00:00,362,362,366,366,0
2022-04-05 15:01:00,362,362,366,366,0
2022-04-05 15:02:00,362,362,366,366,0
2022-04-05 15:03:00,362,362,366,366,0
2022-04-05 15:04:00,362,362,366,366,0
2022-04-05 15:05:00,362,362,366,366,0
2022-04-05 15:06:00,362,362,366,366,0
2022-04-05 15:07:00,362,362,366,366,0
2022-04-05 15:08:00,362,362,366,366,0
2022-04-05 15:09:00,362,362,366,366,0
2022-04-05 15:10:00,362,362,366,366,0
2022-04-05 15:11:00,362,362,366,366,0
2022-04-05 15:12:00,362,362,366,366,0
2022-04-05 15:13:00,362,362,366,366,0
2022-04-05 15:14:00,362,362,366,366,0
2022-04-05 15:15:00,362,362,366,366,0
2022-04-05 15:16:00,362,362,366,366,0
2022-04-05 15:17:00,362,362,366,366,0
2022-04-05 15:18:00,362,362,366,366,0
2022-04-05 15:19:00,362,362,366,366,0
2022-04-05 15:20:00,362,362,366,366,0
2022-04-05 15:21:00,362,362,366,366,0
2022-04-05 15:22:00,362,362,366,366,0
2022-04-05 15:23:00,362,362,366,366,0
2022-04-05 15:24:00,362,362,366,366,0
2022-04-05 15:25:00,362,362,366,366,0
2022-04-05 15:26:00,362,362,366,366,0
2022-04-05 15:27:00,362,362,366,366,0
2022-04-05 15:28:00,362,362,366,366,0
2022-04-05 15:29:00,362,362,366,366,0
2022-04-05 15:30:00,362,362,366,366,0
2022-04-05 15:31:00,362,362,366,366,0
2022-04-05 15:32:00,362,362,366,366,0
2022-04-05 15:33:00,362,362,366,366,0
2022-04-05 15:34:00,362,362,366,366,0
2022-04-05 15:35:00,362,362,366,366,0
2022-04-05 15:36:00,362,362,366,366,0
2022-04-05 15:37:00,362,362,366,366,0
2022-04-05 15:38:00,362,362,366,366,0
2022-04-05 15:39:00,362,362,366,366,0
2022-04-05 15:40:00,362,362,366,366,0
2022-04-05 15:41:00,362,362,366,366,0
2022-04-05 15:42:00,362,362,366,366,0
2022-04-05 15:43:00,362,362,366,366,0
2022-04-05 15:44:00,362,362,366,366,0
2022-04-05 15:45:00,362,362,366,366,0
2022-04-05 15:46:00,362,362,366,366,0
2022-04-05 15:47:00,362,362,366,366,0
2022-04-05 15:48:00,362,362,366,366,0
2022-04-05 15:49:00,362,362,366,366,0
2022-04-05 15:50:00,362,362,366,366,0
2022-04-05 15:51:00,362,362,366,366,0
2022-04-05 15:52:00,362,362,366,366,0
2022-04-05 15:53:00,362,362,366,366,0
2022-04-05 15:54:00,362,362,366,366,0
2022-04-05 15:55:00,362,362,366,366,0
2022-04-05 15:56:00,362,362,366,366,0
2022-04-05 15:57:00,362,362,366,366,0
2022-04-05 15:58:00,362,362,366,366,0
2022-04-05 15:59:00,362,362,366,366,0
2022-04-06 09:00:00,362,362,366,366,0
2022-04-06 09:01:00,362,362,366,366,0
2022-04-06 09:02:00,362,362,366,366,0
2022-04-06 09:03:00,362,362,366,366,0
2022-04-06 09:04:00,362,362,366,366,0
2022-04-06 09:05:00,362,362,366,366,0
2022-04-06 09:06:00,362,362,366,366,0
2022-04-06 09:07:00,362,362,366,366,0
2022-04-06 09:08:00,362,362,366,366,0
2022-04-06 09:09:00,362,362,366,366,0
2022-04-06 09:10:00,362,362,366,366,0
2022-04-06 09:11:00,362,362,366,366,0
2022-04-06 09:12:00,362,362,366,366,0
2022-04-06 09:13:00,362,362,366,366,0
2022-04-06 09:14:00,362,362,366,366,0
2022-04-06 09:15:00,362,362,366,366,0
2022-04-06 09:16:00,362,362,366,366,0
2022-04-06 09:17:00,362,362,366,366,0
2022-04-06 09:18:00,362,362,366,366,0
2022-04-06 09:19:00,362,362,366,366,0
2022-04-06 09:20:00,362,362,366,366,0
2022-04-06 09:21:00,362,362,366,366,0
2022-04-06 09:22:00,362,362,366,366,0
2022-04-06 09:23:00,362,362,366,366,0
2022-04-06 09:24:00,362,362,366,366,0
2022-04-06 09:25:00,362,362,366,366,0
2022-04-06 09:26:00,362,362,366,366,0
2022-04-06 09:27:00,362,362,366,366,0
2022-04-06 09:28:00,362,362,366,366,0
2022-04-06 09:29:00,362,362,366,366,0
2022-04-06 09:30:00,362,362,366,366,0
2022-04-06 09:31:00,358,354,358,354,0
2022-04-06 09:32:00,358,354,358,354,0
2022-04-06 09:33:00,358,354,358,354,0
2022-04-06 09:34:00,358,354,358,354,0
2022-04-06 09:35:00,358,354,358,354,0
2022-04-06 09:36:00,358,354,358,354,0
2022-04-06 09:37:00,358,354,358,354,0
2022-04-06 09:38:00,358,354,358,354,0
2022-04-06 09:39:00,358,354,358,354,0
2022-04-06 09:40:00,366,366,366,366,100
2022-04-06 09:41:00,366,366,366,366,0
2022-04-06 09:42:00,366,366,366,366,0
2022-04-06 09:43:00,366,366,366,366,0
2022-04-06 09:44:00,366,366,366,366,0
2022-04-06 09:45:00,366,366,366,366,0
2022-04-06 09:46:00,366,366,366,366,0
2022-04-06 09:47:00,366,366,366,366,0
2022-04-06 09:48:00,366,366,366,366,0
2022-04-06 09:49:00,366,366,366,366,0
2022-04-06 09:50:00,366,366,366,366,0
2022-04-06 09:51:00,366,366,366,366,0
2022-04-06 09:52:00,366,366,366,366,0
2022-04-06 09:53:00,366,366,366,366,0
2022-04-06 09:54:00,366,366,366,366,0
2022-04-06 09:55:00,366,366,366,366,0
2022-04-06 09:56:00,366,366,366,366,0
2022-04-06 09:57:00,366,366,366,366,0
2022-04-06 09:58:00,366,366,366,366,0
2022-04-06 09:59:00,366,366,366,366,0
2022-04-06 10:00:00,366,366,366,366,0
2022-04-06 10:01:00,366,366,366,366,0
2022-04-06 10:02:00,366,366,366,366,0
2022-04-06 10:03:00,366,366,366,366,0
2022-04-06 10:04:00,366,366,366,366,0
2022-04-06 10:05:00,366,366,366,366,0
2022-04-06 10:06:00,366,366,366,366,0
2022-04-06 10:07:00,366,366,366,366,0
2022-04-06 10:08:00,366,366,366,366,0
2022-04-06 10:09:00,364,364,364,364,300
2022-04-06 10:10:00,364,364,364,364,0
2022-04-06 10:11:00,364,364,364,364,200
2022-04-06 10:12:00,364,364,364,364,0
2022-04-06 10:13:00,364,364,364,364,0
2022-04-06 10:14:00,364,364,364,364,0
2022-04-06 10:15:00,364,364,364,364,0
2022-04-06 10:16:00,364,364,364,364,0
2022-04-06 10:17:00,364,364,364,364,0
2022-04-06 10:18:00,364,364,364,364,0
2022-04-06 10:19:00,364,364,364,364,0
2022-04-06 10:20:00,364,364,364,364,0
2022-04-06 10:21:00,364,364,364,364,0
2022-04-06 10:22:00,364,364,364,364,0
2022-04-06 10:23:00,364,364,364,364,0
2022-04-06 10:24:00,364,364,364,364,0
2022-04-06 10:25:00,364,364,364,364,0
2022-04-06 10:26:00,364,364,364,364,0
2022-04-06 10:27:00,364,364,364,364,0
2022-04-06 10:28:00,364,364,364,364,0
2022-04-06 10:29:00,364,364,364,364,0
2022-04-06 10:30:00,364,364,364,364,0
2022-04-06 10:31:00,364,364,364,364,1000
2022-04-06 10:32:00,364,364,364,364,0
2022-04-06 10:33:00,364,364,364,364,0
2022-04-06 10:34:00,364,364,364,364,0
2022-04-06 10:35:00,364,364,364,364,0
2022-04-06 10:36:00,364,364,364,364,0
2022-04-06 10:37:00,364,364,364,364,0
2022-04-06 10:38:00,364,364,364,364,0
2022-04-06 10:39:00,364,364,364,364,0
2022-04-06 10:40:00,364,364,364,364,0
2022-04-06 10:41:00,364,364,364,364,0
2022-04-06 10:42:00,364,364,364,364,0
2022-04-06 10:43:00,364,364,364,364,0
2022-04-06 10:44:00,364,364,364,364,0
2022-04-06 10:45:00,364,364,364,364,0
2022-04-06 10:46:00,364,364,364,364,0
2022-04-06 10:47:00,364,364,364,364,0
2022-04-06 10:48:00,364,364,364,364,0
2022-04-06 10:49:00,364,364,364,364,0
2022-04-06 10:50:00,364,364,364,364,0
2022-04-06 10:51:00,364,364,364,364,0
2022-04-06 10:52:00,364,364,364,364,0
2022-04-06 10:53:00,364,364,364,364,0
2022-04-06 10:54:00,364,364,364,364,100
2022-04-06 10:55:00,364,364,364,364,0
2022-04-06 10:56:00,364,364,364,364,0
2022-04-06 10:57:00,364,364,364,364,0
2022-04-06 10:58:00,364,364,364,364,0
2022-04-06 10:59:00,364,364,364,364,0
2022-04-06 11:00:00,364,364,364,364,0
2022-04-06 11:01:00,364,364,364,364,0
2022-04-06 11:02:00,364,364,364,364,0
2022-04-06 11:03:00,364,364,364,364,0
2022-04-06 11:04:00,364,364,364,364,0
2022-04-06 11:05:00,364,364,364,364,0
2022-04-06 11:06:00,364,364,364,364,0
2022-04-06 11:07:00,364,364,364,364,0
2022-04-06 11:08:00,364,364,364,364,0
2022-04-06 11:09:00,364,364,364,364,0
2022-04-06 11:10:00,364,364,364,364,0
2022-04-06 11:11:00,364,364,364,364,0
2022-04-06 11:12:00,364,364,364,364,0
2022-04-06 11:13:00,364,364,364,364,0
2022-04-06 11:14:00,364,364,364,364,0
2022-04-06 11:15:00,364,364,364,364,0
2022-04-06 11:16:00,364,364,364,364,0
2022-04-06 11:17:00,364,364,364,364,0
2022-04-06 11:18:00,364,364,364,364,0
2022-04-06 11:19:00,364,364,364,364,0
2022-04-06 11:20:00,364,364,364,364,0
2022-04-06 11:21:00,364,364,364,364,0
2022-04-06 11:22:00,364,364,364,364,0
2022-04-06 11:23:00,364,364,364,364,0
2022-04-06 11:24:00,364,364,364,364,0
2022-04-06 11:25:00,364,364,364,364,0
2022-04-06 11:26:00,364,364,364,364,0
2022-04-06 11:27:00,364,364,364,364,0
2022-04-06 11:28:00,364,364,364,364,0
2022-04-06 11:29:00,364,364,364,364,0
2022-04-06 11:30:00,364,364,364,364,0
2022-04-06 11:31:00,364,364,364,364,0
2022-04-06 11:32:00,364,364,364,364,0
2022-04-06 11:33:00,364,364,364,364,0
2022-04-06 11:34:00,364,364,364,364,0
2022-04-06 11:35:00,364,364,364,364,0
2022-04-06 11:36:00,364,364,364,364,0
2022-04-06 11:37:00,364,364,364,364,0
2022-04-06 11:38:00,364,364,364,364,0
2022-04-06 11:39:00,364,364,364,364,0
2022-04-06 11:40:00,364,364,364,364,0
2022-04-06 11:41:00,364,364,364,364,0
2022-04-06 11:42:00,364,364,364,364,0
2022-04-06 11:43:00,364,364,364,364,0
2022-04-06 11:44:00,364,364,364,364,0
2022-04-06 11:45:00,364,364,364,364,0
2022-04-06 11:46:00,364,364,364,364,0
2022-04-06 11:47:00,364,364,364,364,0
2022-04-06 11:48:00,364,364,364,364,0
2022-04-06 11:49:00,364,364,364,364,0
2022-04-06 11:50:00,364,364,364,364,0
2022-04-06 11:51:00,364,364,364,364,0
2022-04-06 11:52:00,364,364,364,364,0
2022-04-06 11:53:00,364,364,364,364,0
2022-04-06 11:54:00,364,364,364,364,0
2022-04-06 11:55:00,364,364,364,364,0
2022-04-06 11:56:00,364,364,364,364,0
2022-04-06 11:57:00,364,364,364,364,0
2022-04-06 11:58:00,364,364,364,364,0
2022-04-06 11:59:00,364,364,364,364,0
2022-04-06 12:00:00,364,364,364,364,0
2022-04-06 12:01:00,364,364,364,364,0
2022-04-06 12:02:00,364,364,364,364,0
2022-04-06 12:03:00,364,364,364,364,0
2022-04-06 12:04:00,364,364,364,364,0
2022-04-06 12:05:00,364,364,364,364,0
2022-04-06 12:06:00,364,364,364,364,0
2022-04-06 12:07:00,364,364,364,364,0
2022-04-06 12:08:00,364,364,364,364,0
2022-04-06 12:09:00,364,364,364,364,0
2022-04-06 12:10:00,364,364,364,364,0
2022-04-06 12:11:00,364,364,364,364,0
2022-04-06 12:12:00,364,364,364,364,0
2022-04-06 12:13:00,364,364,364,364,0
2022-04-06 12:14:00,364,364,364,364,0
2022-04-06 12:15:00,364,364,364,364,0
2022-04-06 12:16:00,364,364,364,364,0
2022-04-06 12:17:00,364,364,364,364,0
2022-04-06 12:18:00,364,364,364,364,0
2022-04-06 12:19:00,364,364,364,364,0
2022-04-06 12:20:00,364,364,364,364,0
2022-04-06 12:21:00,364,364,364,364,0
2022-04-06 12:22:00,364,364,364,364,0
2022-04-06 12:23:00,364,364,364,364,0
2022-04-06 12:24:00,364,364,364,364,0
2022-04-06 12:25:00,364,364,364,364,0
2022-04-06 12:26:00,364,364,364,364,0
2022-04-06 12:27:00,364,364,364,364,0
2022-04-06 12:28:00,364,364,364,364,0
2022-04-06 12:29:00,364,364,364,364,0
2022-04-06 12:30:00,364,364,364,364,0
2022-04-06 12:31:00,364,364,364,364,0
2022-04-06 12:32:00,364,364,364,364,0
2022-04-06 12:33:00,364,364,364,364,0
2022-04-06 12:34:00,364,364,364,364,0
2022-04-06 12:35:00,364,364,364,364,0
2022-04-06 12:36:00,364,364,364,364,0
2022-04-06 12:37:00,364,364,364,364,0
2022-04-06 12:38:00,364,364,364,364,0
2022-04-06 12:39:00,364,364,364,364,0
2022-04-06 12:40:00,364,364,364,364,0
2022-04-06 12:41:00,364,364,364,364,0
2022-04-06 12:42:00,364,364,364,364,0
2022-04-06 12:43:00,364,364,364,364,0
2022-04-06 12:44:00,364,364,364,364,0
2022-04-06 12:45:00,364,364,364,364,0
2022-04-06 12:46:00,364,364,364,364,0
2022-04-06 12:47:00,364,364,364,364,0
2022-04-06 12:48:00,364,364,364,364,0
2022-04-06 12:49:00,364,364,364,364,0
2022-04-06 12:50:00,364,364,364,364,0
2022-04-06 12:51:00,364,364,364,364,0
2022-04-06 12:52:00,364,364,364,364,0
2022-04-06 12:53:00,364,364,364,364,0
2022-04-06 12:54:00,364,364,364,364,0
2022-04-06 12:55:00,364,364,364,364,0
2022-04-06 12:56:00,364,364,364,364,0
2022-04-06 12:57:00,364,364,364,364,0
2022-04-06 12:58:00,364,364,364,364,0
2022-04-06 12:59:00,364,364,364,364,0
2022-04-06 13:00:00,364,364,364,364,0
2022-04-06 13:01:00,364,364,364,364,0
2022-04-06 13:02:00,364,364,364,364,0
2022-04-06 13:03:00,364,364,364,364,0
2022-04-06 13:04:00,364,364,364,364,0
2022-04-06 13:05:00,364,364,364,364,0
2022-04-06 13:06:00,364,364,364,364,0
2022-04-06 13:07:00,364,364,364,364,0
2022-04-06 13:08:00,364,364,364,364,0
2022-04-06 13:09:00,364,364,364,364,0
2022-04-06 13:10:00,364,364,364,364,0
2022-04-06 13:11:00,364,364,364,364,0
2022-04-06 13:12:00,364,364,364,364,0
2022-04-06 13:13:00,364,364,364,364,0
2022-04-06 13:14:00,364,364,364,364,0
2022-04-06 13:15:00,364,364,364,364,0
2022-04-06 13:16:00,364,364,364,364,0
2022-04-06 13:17:00,364,364,364,364,0
2022-04-06 13:18:00,364,364,364,364,0
2022-04-06 13:19:00,364,364,364,364,0
2022-04-06 13:20:00,364,364,364,364,0
2022-04-06 13:21:00,364,364,364,364,0
2022-04-06 13:22:00,364,364,364,364,0
2022-04-06 13:23:00,364,364,364,364,0
2022-04-06 13:24:00,364,364,364,364,0
2022-04-06 13:25:00,364,364,364,364,0
2022-04-06 13:26:00,364,364,364,364,0
2022-04-06 13:27:00,364,364,364,364,0
2022-04-06 13:28:00,364,364,364,364,0
2022-04-06 13:29:00,364,364,364,364,0
2022-04-06 13:30:00,364,364,364,364,0
2022-04-06 13:31:00,364,364,364,364,0
2022-04-06 13:32:00,364,364,364,364,0
2022-04-06 13:33:00,364,364,364,364,0
2022-04-06 13:34:00,364,364,364,364,0
2022-04-06 13:35:00,364,364,364,364,0
2022-04-06 13:36:00,364,364,364,364,0
2022-04-06 13:37:00,364,364,364,364,0
2022-04-06 13:38:00,364,364,364,364,0
2022-04-06 13:39:00,364,364,364,364,0
2022-04-06 13:40:00,364,364,364,364,0
2022-04-06 13:41:00,364,364,364,364,0
2022-04-06 13:42:00,364,364,364,364,0
2022-04-06 13:43:00,364,364,364,364,0
2022-04-06 13:44:00,364,364,364,364,0
2022-04-06 13:45:00,364,364,364,364,0
2022-04-06 13:46:00,364,364,364,364,0
2022-04-06 13:47:00,364,364,364,364,0
2022-04-06 13:48:00,364,364,364,364,0
2022-04-06 13:49:00,364,364,364,364,0
2022-04-06 13:50:00,364,364,364,364,0
2022-04-06 13:51:00,364,364,364,364,0
2022-04-06 13:52:00,364,364,364,364,0
2022-04-06 13:53:00,364,364,364,364,0
2022-04-06 13:54:00,364,364,364,364,0
2022-04-06 13:55:00,364,364,364,364,0
2022-04-06 13:56:00,356,356,356,356,300
2022-04-06 13:57:00,356,356,356,356,0
2022-04-06 13:58:00,356,356,356,356,0
2022-04-06 13:59:00,356,356,356,356,0
2022-04-06 14:00:00,356,356,356,356,0
2022-04-06 14:01:00,356,356,356,356,0
2022-04-06 14:02:00,364,364,364,364,100
2022-04-06 14:03:00,364,364,364,364,0
2022-04-06 14:04:00,364,364,364,364,0
2022-04-06 14:05:00,364,364,364,364,0
2022-04-06 14:06:00,364,364,364,364,0
2022-04-06 14:07:00,356,352,356,352,30000
2022-04-06 14:08:00,356,352,356,352,0
2022-04-06 14:09:00,356,352,356,352,0
2022-04-06 14:10:00,356,352,356,352,0
2022-04-06 14:11:00,356,352,356,352,0
2022-04-06 14:12:00,352,350,352,350,10000
2022-04-06 14:13:00,352,350,352,350,0
2022-04-06 14:14:00,352,350,352,350,0
2022-04-06 14:15:00,352,350,352,350,0
2022-04-06 14:16:00,352,350,352,350,0
2022-04-06 14:17:00,352,350,352,350,0
2022-04-06 14:18:00,352,350,352,350,0
2022-04-06 14:19:00,352,350,352,350,0
2022-04-06 14:20:00,352,350,352,350,0
2022-04-06 14:21:00,352,350,352,350,0
2022-04-06 14:22:00,352,350,352,350,0
2022-04-06 14:23:00,352,350,352,350,0
2022-04-06 14:24:00,352,350,352,350,0
2022-04-06 14:25:00,352,350,352,350,0
2022-04-06 14:26:00,352,350,352,350,0
2022-04-06 14:27:00,352,350,352,350,0
2022-04-06 14:28:00,352,350,352,350,0
2022-04-06 14:29:00,352,350,352,350,0
2022-04-06 14:30:00,352,350,352,350,0
2022-04-06 14:31:00,352,350,352,350,0
2022-04-06 14:32:00,352,350,352,350,0
2022-04-06 14:33:00,352,350,352,350,0
2022-04-06 14:34:00,352,350,352,350,0
2022-04-06 14:35:00,352,350,352,350,0
2022-04-06 14:36:00,352,350,352,350,0
2022-04-06 14:37:00,352,350,352,350,0
2022-04-06 14:38:00,352,350,352,350,0
2022-04-06 14:39:00,352,350,352,350,0
2022-04-06 14:40:00,352,350,352,350,0
2022-04-06 14:41:00,352,350,352,350,0
2022-04-06 14:42:00,352,350,352,350,0
2022-04-06 14:43:00,352,350,352,350,0
2022-04-06 14:44:00,352,350,352,350,0
2022-04-06 14:45:00,352,350,352,350,0
2022-04-06 14:46:00,352,350,352,350,0
2022-04-06 14:47:00,352,350,352,350,0
2022-04-06 14:48:00,352,350,352,350,0
2022-04-06 14:49:00,354,354,354,354,600
2022-04-06 14:50:00,354,354,354,354,0
2022-04-06 14:51:00,354,354,354,354,0
2022-04-06 14:52:00,354,354,354,354,0
2022-04-06 14:53:00,354,354,354,354,0
2022-04-06 14:54:00,354,354,354,354,0
2022-04-06 14:55:00,354,354,354,354,0
2022-04-06 14:56:00,354,354,354,354,0
2022-04-06 14:57:00,354,354,354,354,0
2022-04-06 14:58:00,354,354,354,354,0
2022-04-06 14:59:00,354,354,354,354,0
2022-04-06 15:00:00,364,364,364,364,5100
2022-04-06 15:01:00,364,364,364,364,0
2022-04-06 15:02:00,364,364,364,364,100
2022-04-06 15:03:00,364,364,364,364,0
2022-04-06 15:04:00,364,364,364,364,0
2022-04-06 15:05:00,364,364,364,364,0
2022-04-06 15:06:00,364,364,364,364,0
2022-04-06 15:07:00,364,364,364,364,0
2022-04-06 15:08:00,364,364,364,364,0
2022-04-06 15:09:00,364,364,364,364,0
2022-04-06 15:10:00,364,364,364,364,0
2022-04-06 15:11:00,364,364,364,364,0
2022-04-06 15:12:00,364,364,364,364,0
2022-04-06 15:13:00,364,364,364,364,0
2022-04-06 15:14:00,364,364,364,364,0
2022-04-06 15:15:00,364,364,364,364,0
2022-04-06 15:16:00,364,364,364,364,0
2022-04-06 15:17:00,364,364,364,364,0
2022-04-06 15:18:00,364,364,364,364,0
2022-04-06 15:19:00,364,364,364,364,0
2022-04-06 15:20:00,364,364,364,364,0
2022-04-06 15:21:00,364,364,364,364,0
2022-04-06 15:22:00,364,364,364,364,0
2022-04-06 15:23:00,364,364,364,364,0
2022-04-06 15:24:00,364,364,364,364,0
2022-04-06 15:25:00,364,364,364,364,0
2022-04-06 15:26:00,364,364,364,364,0
2022-04-06 15:27:00,364,364,364,364,0
2022-04-06 15:28:00,364,364,364,364,0
2022-04-06 15:29:00,364,364,364,364,0
2022-04-06 15:30:00,364,364,364,364,0
2022-04-06 15:31:00,364,364,364,364,0
2022-04-06 15:32:00,364,364,364,364,0
2022-04-06 15:33:00,364,364,364,364,0
2022-04-06 15:34:00,364,364,364,364,0
2022-04-06 15:35:00,364,364,364,364,0
2022-04-06 15:36:00,364,364,364,364,0
2022-04-06 15:37:00,364,364,364,364,0
2022-04-06 15:38:00,364,364,364,364,0
2022-04-06 15:39:00,364,364,364,364,0
2022-04-06 15:40:00,364,364,364,364,0
2022-04-06 15:41:00,364,364,364,364,0
2022-04-06 15:42:00,364,364,364,364,0
2022-04-06 15:43:00,364,364,364,364,0
2022-04-06 15:44:00,364,364,364,364,0
2022-04-06 15:45:00,364,364,364,364,0
2022-04-06 15:46:00,364,364,364,364,0
2022-04-06 15:47:00,364,364,364,364,0
2022-04-06 15:48:00,364,364,364,364,0
2022-04-06 15:49:00,364,364,364,364,0
2022-04-06 15:50:00,364,364,364,364,0
2022-04-06 15:51:00,364,364,364,364,0
2022-04-06 15:52:00,364,364,364,364,0
2022-04-06 15:53:00,364,364,364,364,0
2022-04-06 15:54:00,364,364,364,364,0
2022-04-06 15:55:00,364,364,364,364,0
2022-04-06 15:56:00,364,364,364,364,0
2022-04-06 15:57:00,364,364,364,364,0
2022-04-06 15:58:00,364,364,364,364,0
2022-04-06 15:59:00,364,364,364,364,0
2022-04-07 09:00:00,364,364,364,364,0
2022-04-07 09:01:00,364,364,364,364,0
2022-04-07 09:02:00,364,364,364,364,0
2022-04-07 09:03:00,364,364,364,364,0
2022-04-07 09:04:00,364,364,364,364,0
2022-04-07 09:05:00,364,364,364,364,0
2022-04-07 09:06:00,364,364,364,364,0
2022-04-07 09:07:00,364,364,364,364,0
2022-04-07 09:08:00,364,364,364,364,0
2022-04-07 09:09:00,364,364,364,364,0
2022-04-07 09:10:00,364,364,364,364,0
2022-04-07 09:11:00,364,364,364,364,0
2022-04-07 09:12:00,364,364,364,364,0
2022-04-07 09:13:00,364,364,364,364,0
2022-04-07 09:14:00,364,364,364,364,0
2022-04-07 09:15:00,364,364,364,364,0
2022-04-07 09:16:00,364,364,364,364,0
2022-04-07 09:17:00,364,364,364,364,0
2022-04-07 09:18:00,364,364,364,364,0
2022-04-07 09:19:00,364,364,364,364,0
2022-04-07 09:20:00,364,364,364,364,0
2022-04-07 09:21:00,364,364,364,364,0
2022-04-07 09:22:00,364,364,364,364,0
2022-04-07 09:23:00,364,364,364,364,0
2022-04-07 09:24:00,364,364,364,364,0
2022-04-07 09:25:00,364,364,364,364,0
2022-04-07 09:26:00,364,364,364,364,0
2022-04-07 09:27:00,364,364,364,364,0
2022-04-07 09:28:00,364,364,364,364,0
2022-04-07 09:29:00,364,364,364,364,0
2022-04-07 09:30:00,364,364,364,364,0
2022-04-07 09:31:00,364,364,364,364,0
2022-04-07 09:32:00,364,364,364,364,0
2022-04-07 09:33:00,364,364,364,364,0
2022-04-07 09:34:00,364,364,364,364,0
2022-04-07 09:35:00,364,364,364,364,0
2022-04-07 09:36:00,364,364,364,364,0
2022-04-07 09:37:00,364,364,364,364,0
2022-04-07 09:38:00,364,364,364,364,0
2022-04-07 09:39:00,364,364,364,364,0
2022-04-07 09:40:00,364,364,364,364,0
2022-04-07 09:41:00,364,364,364,364,0
2022-04-07 09:42:00,364,364,364,364,0
2022-04-07 09:43:00,364,364,364,364,0
2022-04-07 09:44:00,364,364,364,364,0
2022-04-07 09:45:00,364,364,364,364,0
2022-04-07 09:46:00,364,364,364,364,0
2022-04-07 09:47:00,364,364,364,364,0
2022-04-07 09:48:00,364,364,364,364,0
2022-04-07 09:49:00,364,364,364,364,0
2022-04-07 09:50:00,364,364,364,364,0
2022-04-07 09:51:00,364,364,364,364,0
2022-04-07 09:52:00,364,364,364,364,0
2022-04-07 09:53:00,364,364,364,364,0
2022-04-07 09:54:00,364,364,364,364,0
2022-04-07 09:55:00,364,364,364,364,0
2022-04-07 09:56:00,364,364,364,364,0
2022-04-07 09:57:00,364,364,364,364,0
2022-04-07 09:58:00,364,364,364,364,0
2022-04-07 09:59:00,364,364,364,364,0
2022-04-07 10:00:00,364,364,364,364,0
2022-04-07 10:01:00,364,364,364,364,0
2022-04-07 10:02:00,364,364,364,364,0
2022-04-07 10:03:00,364,364,364,364,0
2022-04-07 10:04:00,364,364,364,364,0
2022-04-07 10:05:00,364,364,364,364,0
2022-04-07 10:06:00,364,364,364,364,0
2022-04-07 10:07:00,364,364,364,364,0
2022-04-07 10:08:00,364,364,364,364,0
2022-04-07 10:09:00,364,364,364,364,0
2022-04-07 10:10:00,364,364,364,364,0
2022-04-07 10:11:00,364,364,364,364,0
2022-04-07 10:12:00,364,364,364,364,0
2022-04-07 10:13:00,364,364,364,364,0
2022-04-07 10:14:00,364,364,364,364,0
2022-04-07 10:15:00,364,364,364,364,0
2022-04-07 10:16:00,364,364,364,364,0
2022-04-07 10:17:00,364,364,364,364,0
2022-04-07 10:18:00,364,364,364,364,0
2022-04-07 10:19:00,364,364,364,364,0
2022-04-07 10:20:00,364,364,364,364,0
2022-04-07 10:21:00,364,364,364,364,0
2022-04-07 10:22:00,364,364,364,364,0
2022-04-07 10:23:00,364,364,364,364,0
2022-04-07 10:24:00,364,364,364,364,0
2022-04-07 10:25:00,364,364,364,364,0
2022-04-07 10:26:00,364,364,364,364,0
2022-04-07 10:27:00,364,364,364,364,0
2022-04-07 10:28:00,364,364,364,364,0
2022-04-07 10:29:00,364,364,364,364,0
2022-04-07 10:30:00,364,364,364,364,0
2022-04-07 10:31:00,364,364,364,364,0
2022-04-07 10:32:00,364,364,364,364,0
2022-04-07 10:33:00,364,364,364,364,0
2022-04-07 10:34:00,364,364,364,364,0
2022-04-07 10:35:00,364,364,364,364,0
2022-04-07 10:36:00,364,364,364,364,0
2022-04-07 10:37:00,364,364,364,364,0
2022-04-07 10:38:00,364,364,364,364,0
2022-04-07 10:39:00,364,364,364,364,0
2022-04-07 10:40:00,364,364,364,364,0
2022-04-07 10:41:00,364,364,364,364,0
2022-04-07 10:42:00,364,364,364,364,0
2022-04-07 10:43:00,364,364,364,364,0
2022-04-07 10:44:00,364,364,364,364,0
2022-04-07 10:45:00,364,364,364,364,0
2022-04-07 10:46:00,364,364,364,364,0
2022-04-07 10:47:00,364,364,364,364,0
2022-04-07 10:48:00,364,364,364,364,0
2022-04-07 10:49:00,364,364,364,364,0
2022-04-07 10:50:00,364,364,364,364,0
2022-04-07 10:51:00,364,364,364,364,0
2022-04-07 10:52:00,350,350,350,350,0
2022-04-07 10:53:00,350,350,350,350,0
2022-04-07 10:54:00,350,350,350,350,0
2022-04-07 10:55:00,350,350,350,350,0
2022-04-07 10:56:00,350,350,350,350,0
2022-04-07 10:57:00,350,350,350,350,0
2022-04-07 10:58:00,350,350,350,350,0
2022-04-07 10:59:00,350,350,350,350,0
2022-04-07 11:00:00,350,350,350,350,0
2022-04-07 11:01:00,350,350,350,350,0
2022-04-07 11:02:00,350,350,350,350,0
2022-04-07 11:03:00,350,350,350,350,0
2022-04-07 11:04:00,350,350,350,350,0
2022-04-07 11:05:00,350,350,350,350,0
2022-04-07 11:06:00,350,350,350,350,0
2022-04-07 11:07:00,350,350,350,350,0
2022-04-07 11:08:00,350,350,350,350,0
2022-04-07 11:09:00,352,350,352,350,10000
2022-04-07 11:10:00,352,350,352,350,0
2022-04-07 11:11:00,352,350,352,350,0
2022-04-07 11:12:00,352,350,352,350,0
2022-04-07 11:13:00,352,350,352,350,0
2022-04-07 11:14:00,352,350,352,350,0
2022-04-07 11:15:00,352,350,352,350,0
2022-04-07 11:16:00,352,350,352,350,0
2022-04-07 11:17:00,360,360,360,360,5000
2022-04-07 11:18:00,360,360,360,360,0
2022-04-07 11:19:00,360,360,360,360,0
2022-04-07 11:20:00,360,360,360,360,0
2022-04-07 11:21:00,360,360,360,360,0
2022-04-07 11:22:00,360,360,360,360,0
2022-04-07 11:23:00,360,360,360,360,0
2022-04-07 11:24:00,360,360,360,360,0
2022-04-07 11:25:00,360,360,360,360,0
2022-04-07 11:26:00,360,360,360,360,0
2022-04-07 11:27:00,360,360,360,360,0
2022-04-07 11:28:00,360,360,360,360,0
2022-04-07 11:29:00,360,360,360,360,0
2022-04-07 11:30:00,360,360,360,360,0
2022-04-07 11:31:00,360,360,360,360,0
2022-04-07 11:32:00,360,360,360,360,0
2022-04-07 11:33:00,360,360,360,360,0
2022-04-07 11:34:00,360,360,360,360,0
2022-04-07 11:35:00,360,360,360,360,0
2022-04-07 11:36:00,360,360,360,360,0
2022-04-07 11:37:00,360,360,360,360,0
2022-04-07 11:38:00,360,360,360,360,0
2022-04-07 11:39:00,360,360,360,360,0
2022-04-07 11:40:00,360,360,360,360,0
2022-04-07 11:41:00,360,360,360,360,0
2022-04-07 11:42:00,360,360,360,360,0
2022-04-07 11:43:00,360,360,360,360,0
2022-04-07 11:44:00,360,360,360,360,0
2022-04-07 11:45:00,360,360,360,360,0
2022-04-07 11:46:00,360,360,360,360,0
2022-04-07 11:47:00,360,360,360,360,0
2022-04-07 11:48:00,360,360,360,360,0
2022-04-07 11:49:00,360,360,360,360,0
2022-04-07 11:50:00,360,360,360,360,0
2022-04-07 11:51:00,360,360,360,360,0
2022-04-07 11:52:00,360,360,360,360,0
2022-04-07 11:53:00,360,360,360,360,0
2022-04-07 11:54:00,360,360,360,360,0
2022-04-07 11:55:00,360,360,360,360,0
2022-04-07 11:56:00,360,360,360,360,0
2022-04-07 11:57:00,360,360,360,360,0
2022-04-07 11:58:00,360,360,360,360,0
2022-04-07 11:59:00,360,360,360,360,0
2022-04-07 12:00:00,360,360,360,360,0
2022-04-07 12:01:00,360,360,360,360,0
2022-04-07 12:02:00,360,360,360,360,0
2022-04-07 12:03:00,360,360,360,360,0
2022-04-07 12:04:00,360,360,360,360,0
2022-04-07 12:05:00,360,360,360,360,0
2022-04-07 12:06:00,360,360,360,360,0
2022-04-07 12:07:00,360,360,360,360,0
2022-04-07 12:08:00,360,360,360,360,0
2022-04-07 12:09:00,360,360,360,360,0
2022-04-07 12:10:00,360,360,360,360,0
2022-04-07 12:11:00,360,360,360,360,0
2022-04-07 12:12:00,360,360,360,360,0
2022-04-07 12:13:00,360,360,360,360,0
2022-04-07 12:14:00,360,360,360,360,0
2022-04-07 12:15:00,360,360,360,360,0
2022-04-07 12:16:00,360,360,360,360,0
2022-04-07 12:17:00,360,360,360,360,0
2022-04-07 12:18:00,360,360,360,360,0
2022-04-07 12:19:00,360,360,360,360,0
2022-04-07 12:20:00,360,360,360,360,0
2022-04-07 12:21:00,360,360,360,360,0
2022-04-07 12:22:00,360,360,360,360,0
2022-04-07 12:23:00,360,360,360,360,0
2022-04-07 12:24:00,360,360,360,360,0
2022-04-07 12:25:00,360,360,360,360,0
2022-04-07 12:26:00,360,360,360,360,0
2022-04-07 12:27:00,360,360,360,360,0
2022-04-07 12:28:00,360,360,360,360,0
2022-04-07 12:29:00,360,360,360,360,0
2022-04-07 12:30:00,360,360,360,360,0
2022-04-07 12:31:00,360,360,360,360,0
2022-04-07 12:32:00,360,360,360,360,0
2022-04-07 12:33:00,360,360,360,360,0
2022-04-07 12:34:00,360,360,360,360,0
2022-04-07 12:35:00,360,360,360,360,0
2022-04-07 12:36:00,360,360,360,360,0
2022-04-07 12:37:00,360,360,360,360,0
2022-04-07 12:38:00,360,360,360,360,0
2022-04-07 12:39:00,360,360,360,360,0
2022-04-07 12:40:00,360,360,360,360,0
2022-04-07 12:41:00,360,360,360,360,0
2022-04-07 12:42:00,360,360,360,360,0
2022-04-07 12:43:00,360,360,360,360,0
2022-04-07 12:44:00,360,360,360,360,0
2022-04-07 12:45:00,360,360,360,360,0
2022-04-07 12:46:00,360,360,360,360,0
2022-04-07 12:47:00,360,360,360,360,0
2022-04-07 12:48:00,360,360,360,360,0
2022-04-07 12:49:00,360,360,360,360,0
2022-04-07 12:50:00,360,360,360,360,0
2022-04-07 12:51:00,360,360,360,360,0
2022-04-07 12:52:00,360,360,360,360,0
2022-04-07 12:53:00,360,360,360,360,0
2022-04-07 12:54:00,360,360,360,360,0
2022-04-07 12:55:00,360,360,360,360,0
2022-04-07 12:56:00,360,360,360,360,0
2022-04-07 12:57:00,360,360,360,360,0
2022-04-07 12:58:00,360,360,360,360,0
2022-04-07 12:59:00,360,360,360,360,0
2022-04-07 13:00:00,360,360,360,360,0
2022-04-07 13:01:00,360,360,360,360,0
2022-04-07 13:02:00,360,360,360,360,0
2022-04-07 13:03:00,360,360,360,360,0
2022-04-07 13:04:00,360,360,360,360,0
2022-04-07 13:05:00,360,360,360,360,0
2022-04-07 13:06:00,360,360,360,360,0
2022-04-07 13:07:00,360,360,360,360,0
2022-04-07 13:08:00,360,360,360,360,0
2022-04-07 13:09:00,360,360,360,360,0
2022-04-07 13:10:00,360,360,360,360,0
2022-04-07 13:11:00,360,360,360,360,0
2022-04-07 13:12:00,360,360,360,360,0
2022-04-07 13:13:00,360,360,360,360,0
2022-04-07 13:14:00,360,360,360,360,0
2022-04-07 13:15:00,360,360,360,360,0
2022-04-07 13:16:00,360,360,360,360,0
2022-04-07 13:17:00,360,360,360,360,0
2022-04-07 13:18:00,360,360,360,360,0
2022-04-07 13:19:00,360,360,360,360,0
2022-04-07 13:20:00,360,360,360,360,0
2022-04-07 13:21:00,360,360,360,360,0
2022-04-07 13:22:00,360,360,360,360,0
2022-04-07 13:23:00,360,360,360,360,0
2022-04-07 13:24:00,360,360,360,360,0
2022-04-07 13:25:00,360,360,360,360,0
2022-04-07 13:26:00,360,360,360,360,0
2022-04-07 13:27:00,360,360,360,360,0
2022-04-07 13:28:00,360,360,360,360,0
2022-04-07 13:29:00,360,360,360,360,0
2022-04-07 13:30:00,360,360,360,360,1300
2022-04-07 13:31:00,360,360,360,360,0
2022-04-07 13:32:00,360,360,360,360,2700
2022-04-07 13:33:00,360,360,360,360,0
2022-04-07 13:34:00,360,360,360,360,0
2022-04-07 13:35:00,360,360,360,360,0
2022-04-07 13:36:00,360,360,360,360,0
2022-04-07 13:37:00,360,360,360,360,0
2022-04-07 13:38:00,360,360,360,360,0
2022-04-07 13:39:00,360,360,360,360,0
2022-04-07 13:40:00,360,360,360,360,0
2022-04-07 13:41:00,360,360,360,360,0
2022-04-07 13:42:00,360,360,360,360,0
2022-04-07 13:43:00,360,360,360,360,0
2022-04-07 13:44:00,360,360,360,360,0
2022-04-07 13:45:00,360,360,360,360,0
2022-04-07 13:46:00,360,360,360,360,0
2022-04-07 13:47:00,360,360,360,360,0
2022-04-07 13:48:00,360,360,360,360,0
2022-04-07 13:49:00,360,360,360,360,0
2022-04-07 13:50:00,360,360,360,360,0
2022-04-07 13:51:00,360,360,360,360,0
2022-04-07 13:52:00,360,360,360,360,0
2022-04-07 13:53:00,360,360,360,360,0
2022-04-07 13:54:00,360,360,360,360,0
2022-04-07 13:55:00,360,360,360,360,0
2022-04-07 13:56:00,360,360,360,360,0
2022-04-07 13:57:00,360,360,360,360,0
2022-04-07 13:58:00,360,360,360,360,0
2022-04-07 13:59:00,360,360,360,360,0
2022-04-07 14:00:00,360,360,360,360,0
2022-04-07 14:01:00,360,360,360,360,0
2022-04-07 14:02:00,360,360,360,360,0
2022-04-07 14:03:00,360,360,360,360,0
2022-04-07 14:04:00,360,360,360,360,0
2022-04-07 14:05:00,360,360,360,360,0
2022-04-07 14:06:00,360,360,360,360,0
2022-04-07 14:07:00,360,360,360,360,1000
2022-04-07 14:08:00,360,360,360,360,0
2022-04-07 14:09:00,360,360,360,360,0
2022-04-07 14:10:00,360,360,360,360,0
2022-04-07 14:11:00,360,360,360,360,0
2022-04-07 14:12:00,360,360,360,360,0
2022-04-07 14:13:00,360,360,360,360,0
2022-04-07 14:14:00,360,360,360,360,0
2022-04-07 14:15:00,360,360,360,360,0
2022-04-07 14:16:00,360,360,360,360,0
2022-04-07 14:17:00,356,356,356,356,1300
2022-04-07 14:18:00,356,356,356,356,0
2022-04-07 14:19:00,356,356,356,356,0
2022-04-07 14:20:00,356,356,356,356,0
2022-04-07 14:21:00,356,356,356,356,0
2022-04-07 14:22:00,356,356,356,356,0
2022-04-07 14:23:00,356,356,356,356,0
2022-04-07 14:24:00,358,358,358,358,1000
2022-04-07 14:25:00,358,358,358,358,300
2022-04-07 14:26:00,358,358,358,358,0
2022-04-07 14:27:00,358,358,358,358,0
2022-04-07 14:28:00,358,358,358,358,0
2022-04-07 14:29:00,358,358,358,358,0
2022-04-07 14:30:00,358,358,358,358,0
2022-04-07 14:31:00,358,358,358,358,0
2022-04-07 14:32:00,358,358,358,358,0
2022-04-07 14:33:00,358,358,358,358,100
2022-04-07 14:34:00,358,358,358,358,0
2022-04-07 14:35:00,358,358,358,358,0
2022-04-07 14:36:00,358,358,358,358,0
2022-04-07 14:37:00,358,358,358,358,0
2022-04-07 14:38:00,358,358,358,358,0
2022-04-07 14:39:00,358,358,358,358,0
2022-04-07 14:40:00,358,358,358,358,0
2022-04-07 14:41:00,358,358,358,358,0
2022-04-07 14:42:00,358,358,358,358,0
2022-04-07 14:43:00,358,358,358,358,0
2022-04-07 14:44:00,358,358,358,358,0
2022-04-07 14:45:00,358,358,358,358,0
2022-04-07 14:46:00,358,358,358,358,0
2022-04-07 14:47:00,358,358,358,358,0
2022-04-07 14:48:00,358,358,358,358,0
2022-04-07 14:49:00,358,358,358,358,0
2022-04-07 14:50:00,358,358,358,358,0
2022-04-07 14:51:00,358,358,358,358,0
2022-04-07 14:52:00,358,358,358,358,0
2022-04-07 14:53:00,358,358,358,358,0
2022-04-07 14:54:00,358,358,358,358,0
2022-04-07 14:55:00,358,358,358,358,0
2022-04-07 14:56:00,358,358,358,358,0
2022-04-07 14:57:00,358,358,358,358,0
2022-04-07 14:58:00,358,358,358,358,0
2022-04-07 14:59:00,358,358,358,358,0
2022-04-07 15:00:00,358,358,358,358,0
2022-04-07 15:01:00,358,358,358,358,0
2022-04-07 15:02:00,358,358,358,358,0
2022-04-07 15:03:00,358,358,358,358,0
2022-04-07 15:04:00,358,358,358,358,0
2022-04-07 15:05:00,358,358,358,358,2000
2022-04-07 15:06:00,358,358,358,358,0
2022-04-07 15:07:00,358,358,358,358,0
2022-04-07 15:08:00,358,358,358,358,0
2022-04-07 15:09:00,358,358,358,358,0
2022-04-07 15:10:00,358,358,358,358,0
2022-04-07 15:11:00,358,358,358,358,0
2022-04-07 15:12:00,358,358,358,358,0
2022-04-07 15:13:00,358,358,358,358,0
2022-04-07 15:14:00,358,358,358,358,0
2022-04-07 15:15:00,358,358,358,358,0
2022-04-07 15:16:00,358,358,358,358,0
2022-04-07 15:17:00,358,358,358,358,0
2022-04-07 15:18:00,358,358,358,358,0
2022-04-07 15:19:00,358,358,358,358,0
2022-04-07 15:20:00,358,358,358,358,0
2022-04-07 15:21:00,358,358,358,358,0
2022-04-07 15:22:00,358,358,358,358,0
2022-04-07 15:23:00,358,358,358,358,0
2022-04-07 15:24:00,358,358,358,358,0
2022-04-07 15:25:00,358,358,358,358,0
2022-04-07 15:26:00,358,358,358,358,0
2022-04-07 15:27:00,358,358,358,358,0
2022-04-07 15:28:00,358,358,358,358,0
2022-04-07 15:29:00,358,358,358,358,0
2022-04-07 15:30:00,358,358,358,358,0
2022-04-07 15:31:00,358,358,358,358,0
2022-04-07 15:32:00,358,358,358,358,0
2022-04-07 15:33:00,358,358,358,358,0
2022-04-07 15:34:00,358,358,358,358,0
2022-04-07 15:35:00,358,358,358,358,0
2022-04-07 15:36:00,358,358,358,358,0
2022-04-07 15:37:00,358,358,358,358,0
2022-04-07 15:38:00,358,358,358,358,0
2022-04-07 15:39:00,358,358,358,358,0
2022-04-07 15:40:00,358,358,358,358,0
2022-04-07 15:41:00,358,358,358,358,0
2022-04-07 15:42:00,358,358,358,358,0
2022-04-07 15:43:00,358,358,358,358,0
2022-04-07 15:44:00,358,358,358,358,0
2022-04-07 15:45:00,358,358,358,358,0
2022-04-07 15:46:00,358,358,358,358,0
2022-04-07 15:47:00,358,358,358,358,0
2022-04-07 15:48:00,358,358,358,358,0
2022-04-07 15:49:00,358,358,358,358,0
2022-04-07 15:50:00,358,358,358,358,0
2022-04-07 15:51:00,358,358,358,358,0
2022-04-07 15:52:00,358,358,358,358,0
2022-04-07 15:53:00,358,358,358,358,0
2022-04-07 15:54:00,358,358,358,358,0
2022-04-07 15:55:00,358,358,358,358,0
2022-04-07 15:56:00,358,358,358,358,0
2022-04-07 15:57:00,358,358,358,358,0
2022-04-07 15:58:00,358,358,358,358,0
2022-04-07 15:59:00,358,358,358,358,0
2022-04-08 09:00:00,358,358,358,358,0
2022-04-08 09:01:00,358,358,358,358,0
2022-04-08 09:02:00,358,358,358,358,0
2022-04-08 09:03:00,358,358,358,358,0
2022-04-08 09:04:00,358,358,358,358,0
2022-04-08 09:05:00,358,358,358,358,0
2022-04-08 09:06:00,358,358,358,358,0
2022-04-08 09:07:00,358,358,358,358,0
2022-04-08 09:08:00,358,358,358,358,0
2022-04-08 09:09:00,358,358,358,358,0
2022-04-08 09:10:00,358,358,358,358,0
2022-04-08 09:11:00,358,358,358,358,0
2022-04-08 09:12:00,358,358,358,358,0
2022-04-08 09:13:00,358,358,358,358,0
2022-04-08 09:14:00,358,358,358,358,0
2022-04-08 09:15:00,358,358,358,358,0
2022-04-08 09:16:00,358,358,358,358,0
2022-04-08 09:17:00,352,352,352,352,0
2022-04-08 09:18:00,352,352,352,352,0
2022-04-08 09:19:00,352,352,352,352,0
2022-04-08 09:20:00,352,352,352,352,100
2022-04-08 09:21:00,352,352,352,352,0
2022-04-08 09:22:00,352,352,352,352,0
2022-04-08 09:23:00,352,352,352,352,0
2022-04-08 09:24:00,352,352,352,352,0
2022-04-08 09:25:00,352,352,352,352,0
2022-04-08 09:26:00,352,352,352,352,0
2022-04-08 09:27:00,352,352,352,352,0
2022-04-08 09:28:00,352,352,352,352,0
2022-04-08 09:29:00,352,352,352,352,0
2022-04-08 09:30:00,352,352,352,352,0
2022-04-08 09:31:00,352,352,352,352,0
2022-04-08 09:32:00,352,352,352,352,0
2022-04-08 09:33:00,352,352,352,352,0
2022-04-08 09:34:00,352,352,352,352,0
2022-04-08 09:35:00,352,352,352,352,0
2022-04-08 09:36:00,352,352,352,352,0
2022-04-08 09:37:00,352,352,352,352,0
2022-04-08 09:38:00,352,352,352,352,0
2022-04-08 09:39:00,352,352,352,352,0
2022-04-08 09:40:00,352,352,352,352,0
2022-04-08 09:41:00,352,352,352,352,0
2022-04-08 09:42:00,352,352,352,352,0
2022-04-08 09:43:00,352,352,352,352,0
2022-04-08 09:44:00,352,352,352,352,0
2022-04-08 09:45:00,352,352,352,352,0
2022-04-08 09:46:00,352,352,352,352,0
2022-04-08 09:47:00,358,358,358,358,100
2022-04-08 09:48:00,358,358,358,358,0
2022-04-08 09:49:00,358,358,358,358,0
2022-04-08 09:50:00,358,358,358,358,0
2022-04-08 09:51:00,358,358,358,358,300
2022-04-08 09:52:00,358,358,358,358,0
2022-04-08 09:53:00,358,358,358,358,0
2022-04-08 09:54:00,358,358,358,358,0
2022-04-08 09:55:00,358,358,358,358,0
2022-04-08 09:56:00,358,358,358,358,0
2022-04-08 09:57:00,358,358,358,358,0
2022-04-08 09:58:00,358,358,358,358,0
2022-04-08 09:59:00,358,358,358,358,0
2022-04-08 10:00:00,358,358,358,358,0
2022-04-08 10:01:00,358,358,358,358,0
2022-04-08 10:02:00,358,358,358,358,0
2022-04-08 10:03:00,358,358,358,358,0
2022-04-08 10:04:00,358,358,358,358,0
2022-04-08 10:05:00,358,358,358,358,0
2022-04-08 10:06:00,358,358,358,358,0
2022-04-08 10:07:00,358,358,358,358,0
2022-04-08 10:08:00,358,358,358,358,0
2022-04-08 10:09:00,356,356,356,356,100
2022-04-08 10:10:00,356,356,356,356,0
2022-04-08 10:11:00,356,356,356,356,0
2022-04-08 10:12:00,356,356,356,356,0
2022-04-08 10:13:00,356,356,356,356,0
2022-04-08 10:14:00,356,356,356,356,0
2022-04-08 10:15:00,356,356,356,356,0
2022-04-08 10:16:00,356,356,356,356,0
2022-04-08 10:17:00,356,356,356,356,0
2022-04-08 10:18:00,356,356,356,356,0
2022-04-08 10:19:00,356,356,356,356,0
2022-04-08 10:20:00,356,356,356,356,0
2022-04-08 10:21:00,356,356,356,356,0
2022-04-08 10:22:00,356,356,356,356,0
2022-04-08 10:23:00,356,356,356,356,0
2022-04-08 10:24:00,356,356,356,356,0
2022-04-08 10:25:00,356,356,356,356,0
2022-04-08 10:26:00,356,356,356,356,0
2022-04-08 10:27:00,356,356,356,356,0
2022-04-08 10:28:00,356,356,356,356,0
2022-04-08 10:29:00,356,356,356,356,0
2022-04-08 10:30:00,356,356,356,356,0
2022-04-08 10:31:00,360,360,360,360,100
2022-04-08 10:32:00,360,360,360,360,0
2022-04-08 10:33:00,360,360,360,360,0
2022-04-08 10:34:00,360,360,360,360,0
2022-04-08 10:35:00,360,360,360,360,0
2022-04-08 10:36:00,360,360,360,360,0
2022-04-08 10:37:00,360,360,360,360,0
2022-04-08 10:38:00,360,360,360,360,0
2022-04-08 10:39:00,360,360,360,360,0
2022-04-08 10:40:00,360,360,360,360,0
2022-04-08 10:41:00,360,360,360,360,0
2022-04-08 10:42:00,360,360,360,360,0
2022-04-08 10:43:00,360,360,360,360,0
2022-04-08 10:44:00,360,360,360,360,0
2022-04-08 10:45:00,360,360,360,360,0
2022-04-08 10:46:00,360,360,360,360,0
2022-04-08 10:47:00,360,360,360,360,0
2022-04-08 10:48:00,360,360,360,360,0
2022-04-08 10:49:00,360,360,360,360,0
2022-04-08 10:50:00,360,360,360,360,0
2022-04-08 10:51:00,360,360,360,360,0
2022-04-08 10:52:00,360,360,360,360,0
2022-04-08 10:53:00,360,360,360,360,0
2022-04-08 10:54:00,360,360,360,360,0
2022-04-08 10:55:00,360,360,360,360,0
2022-04-08 10:56:00,360,360,360,360,0
2022-04-08 10:57:00,360,360,360,360,0
2022-04-08 10:58:00,360,360,360,360,0
2022-04-08 10:59:00,360,360,360,360,0
2022-04-08 11:00:00,360,360,360,360,0
2022-04-08 11:01:00,360,360,360,360,0
2022-04-08 11:02:00,360,360,360,360,0
2022-04-08 11:03:00,360,360,360,360,0
2022-04-08 11:04:00,354,354,354,354,1000
2022-04-08 11:05:00,354,354,354,354,0
2022-04-08 11:06:00,354,354,354,354,0
2022-04-08 11:07:00,354,354,354,354,0
2022-04-08 11:08:00,354,354,354,354,0
2022-04-08 11:09:00,354,354,354,354,0
2022-04-08 11:10:00,354,354,354,354,0
2022-04-08 11:11:00,354,354,354,354,0
2022-04-08 11:12:00,354,354,354,354,0
2022-04-08 11:13:00,354,354,354,354,0
2022-04-08 11:14:00,354,354,354,354,0
2022-04-08 11:15:00,354,354,354,354,0
2022-04-08 11:16:00,354,354,354,354,0
2022-04-08 11:17:00,354,354,354,354,0
2022-04-08 11:18:00,354,354,354,354,0
2022-04-08 11:19:00,354,354,354,354,0
2022-04-08 11:20:00,354,354,354,354,0
2022-04-08 11:21:00,354,354,354,354,0
2022-04-08 11:22:00,354,354,354,354,0
2022-04-08 11:23:00,354,354,354,354,0
2022-04-08 11:24:00,354,354,354,354,0
2022-04-08 11:25:00,354,354,354,354,0
2022-04-08 11:26:00,354,354,354,354,0
2022-04-08 11:27:00,354,354,354,354,4000
2022-04-08 11:28:00,354,354,354,354,0
2022-04-08 11:29:00,354,354,354,354,0
2022-04-08 11:30:00,354,354,354,354,0
2022-04-08 11:31:00,354,354,354,354,0
2022-04-08 11:32:00,354,354,354,354,0
2022-04-08 11:33:00,354,354,354,354,0
2022-04-08 11:34:00,354,354,354,354,0
2022-04-08 11:35:00,354,354,354,354,0
2022-04-08 11:36:00,354,354,354,354,0
2022-04-08 11:37:00,354,354,354,354,0
2022-04-08 11:38:00,354,354,354,354,0
2022-04-08 11:39:00,354,354,354,354,0
2022-04-08 11:40:00,354,354,354,354,0
2022-04-08 11:41:00,354,354,354,354,0
2022-04-08 11:42:00,354,354,354,354,0
2022-04-08 11:43:00,354,354,354,354,0
2022-04-08 11:44:00,354,354,354,354,0
2022-04-08 11:45:00,354,354,354,354,0
2022-04-08 11:46:00,354,354,354,354,0
2022-04-08 11:47:00,354,354,354,354,0
2022-04-08 11:48:00,354,354,354,354,0
2022-04-08 11:49:00,354,354,354,354,0
2022-04-08 11:50:00,354,354,354,354,0
2022-04-08 11:51:00,354,354,354,354,0
2022-04-08 11:52:00,354,354,354,354,0
2022-04-08 11:53:00,354,354,354,354,0
2022-04-08 11:54:00,354,354,354,354,0
2022-04-08 11:55:00,354,354,354,354,0
2022-04-08 11:56:00,354,354,354,354,0
2022-04-08 11:57:00,354,354,354,354,0
2022-04-08 11:58:00,354,354,354,354,0
2022-04-08 11:59:00,354,354,354,354,0
2022-04-08 12:00:00,354,354,354,354,0
2022-04-08 12:01:00,354,354,354,354,0
2022-04-08 12:02:00,354,354,354,354,0
2022-04-08 12:03:00,354,354,354,354,0
2022-04-08 12:04:00,354,354,354,354,0
2022-04-08 12:05:00,354,354,354,354,0
2022-04-08 12:06:00,354,354,354,354,0
2022-04-08 12:07:00,354,354,354,354,0
2022-04-08 12:08:00,354,354,354,354,0
2022-04-08 12:09:00,354,354,354,354,0
2022-04-08 12:10:00,354,354,354,354,0
2022-04-08 12:11:00,354,354,354,354,0
2022-04-08 12:12:00,354,354,354,354,0
2022-04-08 12:13:00,354,354,354,354,0
2022-04-08 12:14:00,354,354,354,354,0
2022-04-08 12:15:00,354,354,354,354,0
2022-04-08 12:16:00,354,354,354,354,0
2022-04-08 12:17:00,354,354,354,354,0
2022-04-08 12:18:00,354,354,354,354,0
2022-04-08 12:19:00,354,354,354,354,0
2022-04-08 12:20:00,354,354,354,354,0
2022-04-08 12:21:00,354,354,354,354,0
2022-04-08 12:22:00,354,354,354,354,0
2022-04-08 12:23:00,354,354,354,354,0
2022-04-08 12:24:00,354,354,354,354,0
2022-04-08 12:25:00,354,354,354,354,0
2022-04-08 12:26:00,354,354,354,354,0
2022-04-08 12:27:00,354,354,354,354,0
2022-04-08 12:28:00,354,354,354,354,0
2022-04-08 12:29:00,354,354,354,354,0
2022-04-08 12:30:00,354,354,354,354,0
2022-04-08 12:31:00,354,354,354,354,0
2022-04-08 12:32:00,354,354,354,354,0
2022-04-08 12:33:00,354,354,354,354,0
2022-04-08 12:34:00,354,354,354,354,0
2022-04-08 12:35:00,354,354,354,354,0
2022-04-08 12:36:00,354,354,354,354,0
2022-04-08 12:37:00,354,354,354,354,0
2022-04-08 12:38:00,354,354,354,354,0
2022-04-08 12:39:00,354,354,354,354,0
2022-04-08 12:40:00,354,354,354,354,0
2022-04-08 12:41:00,354,354,354,354,0
2022-04-08 12:42:00,354,354,354,354,0
2022-04-08 12:43:00,354,354,354,354,0
2022-04-08 12:44:00,354,354,354,354,0
2022-04-08 12:45:00,354,354,354,354,0
2022-04-08 12:46:00,354,354,354,354,0
2022-04-08 12:47:00,354,354,354,354,0
2022-04-08 12:48:00,354,354,354,354,0
2022-04-08 12:49:00,354,354,354,354,0
2022-04-08 12:50:00,354,354,354,354,0
2022-04-08 12:51:00,354,354,354,354,0
2022-04-08 12:52:00,354,354,354,354,0
2022-04-08 12:53:00,354,354,354,354,0
2022-04-08 12:54:00,354,354,354,354,0
2022-04-08 12:55:00,354,354,354,354,0
2022-04-08 12:56:00,354,354,354,354,0
2022-04-08 12:57:00,354,354,354,354,0
2022-04-08 12:58:00,354,354,354,354,0
2022-04-08 12:59:00,354,354,354,354,0
2022-04-08 13:00:00,354,354,354,354,0
2022-04-08 13:01:00,354,354,354,354,0
2022-04-08 13:02:00,354,354,354,354,0
2022-04-08 13:03:00,354,354,354,354,0
2022-04-08 13:04:00,354,354,354,354,0
2022-04-08 13:05:00,354,354,354,354,0
2022-04-08 13:06:00,354,354,354,354,0
2022-04-08 13:07:00,354,354,354,354,0
2022-04-08 13:08:00,354,354,354,354,0
2022-04-08 13:09:00,354,354,354,354,0
2022-04-08 13:10:00,354,354,354,354,0
2022-04-08 13:11:00,354,354,354,354,0
2022-04-08 13:12:00,354,354,354,354,0
2022-04-08 13:13:00,354,354,354,354,0
2022-04-08 13:14:00,354,354,354,354,0
2022-04-08 13:15:00,354,354,354,354,0
2022-04-08 13:16:00,354,354,354,354,0
2022-04-08 13:17:00,354,354,354,354,0
2022-04-08 13:18:00,354,354,354,354,0
2022-04-08 13:19:00,354,354,354,354,0
2022-04-08 13:20:00,354,354,354,354,0
2022-04-08 13:21:00,354,354,354,354,0
2022-04-08 13:22:00,354,354,354,354,0
2022-04-08 13:23:00,354,354,354,354,0
2022-04-08 13:24:00,354,354,354,354,0
2022-04-08 13:25:00,354,354,354,354,0
2022-04-08 13:26:00,354,354,354,354,0
2022-04-08 13:27:00,354,354,354,354,0
2022-04-08 13:28:00,354,354,354,354,0
2022-04-08 13:29:00,354,354,354,354,0
2022-04-08 13:30:00,354,354,354,354,0
2022-04-08 13:31:00,354,354,354,354,0
2022-04-08 13:32:00,354,354,354,354,0
2022-04-08 13:33:00,354,354,354,354,0
2022-04-08 13:34:00,354,354,354,354,0
2022-04-08 13:35:00,354,354,354,354,0
2022-04-08 13:36:00,354,354,354,354,0
2022-04-08 13:37:00,354,354,354,354,0
2022-04-08 13:38:00,354,354,354,354,0
2022-04-08 13:39:00,354,354,354,354,0
2022-04-08 13:40:00,354,354,354,354,0
2022-04-08 13:41:00,354,354,354,354,0
2022-04-08 13:42:00,354,354,354,354,0
2022-04-08 13:43:00,354,354,354,354,0
2022-04-08 13:44:00,354,354,354,354,0
2022-04-08 13:45:00,354,354,354,354,0
2022-04-08 13:46:00,354,354,354,354,0
2022-04-08 13:47:00,354,354,354,354,0
2022-04-08 13:48:00,354,354,354,354,0
2022-04-08 13:49:00,354,354,354,354,0
2022-04-08 13:50:00,354,354,354,354,0
2022-04-08 13:51:00,354,354,354,354,0
2022-04-08 13:52:00,352,352,352,352,0
2022-04-08 13:53:00,352,352,352,352,0
2022-04-08 13:54:00,352,352,352,352,0
2022-04-08 13:55:00,352,352,352,352,0
2022-04-08 13:56:00,352,352,352,352,0
2022-04-08 13:57:00,352,352,352,352,0
2022-04-08 13:58:00,352,352,352,352,0
2022-04-08 13:59:00,352,352,352,352,0
2022-04-08 14:00:00,352,352,352,352,0
2022-04-08 14:01:00,352,352,352,352,20300
2022-04-08 14:02:00,352,352,352,352,0
2022-04-08 14:03:00,352,352,352,352,0
2022-04-08 14:04:00,352,352,352,352,0
2022-04-08 14:05:00,352,352,352,352,0
2022-04-08 14:06:00,352,352,352,352,0
2022-04-08 14:07:00,352,352,352,352,0
2022-04-08 14:08:00,352,352,352,352,0
2022-04-08 14:09:00,358,358,360,360,400
2022-04-08 14:10:00,358,358,360,360,0
2022-04-08 14:11:00,358,358,360,360,0
2022-04-08 14:12:00,358,358,360,360,0
2022-04-08 14:13:00,358,358,360,360,0
2022-04-08 14:14:00,358,358,360,360,0
2022-04-08 14:15:00,358,358,360,360,0
2022-04-08 14:16:00,358,358,360,360,0
2022-04-08 14:17:00,358,358,360,360,0
2022-04-08 14:18:00,358,358,360,360,0
2022-04-08 14:19:00,358,358,360,360,0
2022-04-08 14:20:00,358,358,360,360,0
2022-04-08 14:21:00,358,358,360,360,0
2022-04-08 14:22:00,358,358,360,360,0
2022-04-08 14:23:00,358,358,360,360,0
2022-04-08 14:24:00,358,358,360,360,0
2022-04-08 14:25:00,358,358,360,360,0
2022-04-08 14:26:00,358,358,360,360,0
2022-04-08 14:27:00,358,358,360,360,0
2022-04-08 14:28:00,358,358,360,360,0
2022-04-08 14:29:00,358,358,360,360,0
2022-04-08 14:30:00,358,358,360,360,0
2022-04-08 14:31:00,358,358,360,360,0
2022-04-08 14:32:00,358,358,360,360,0
2022-04-08 14:33:00,358,358,360,360,0
2022-04-08 14:34:00,358,358,360,360,0
2022-04-08 14:35:00,358,358,360,360,0
2022-04-08 14:36:00,358,358,360,360,0
2022-04-08 14:37:00,358,358,360,360,0
2022-04-08 14:38:00,358,358,360,360,0
2022-04-08 14:39:00,358,358,360,360,0
2022-04-08 14:40:00,358,358,360,360,0
2022-04-08 14:41:00,358,358,360,360,0
2022-04-08 14:42:00,358,358,360,360,0
2022-04-08 14:43:00,358,358,360,360,0
2022-04-08 14:44:00,358,358,360,360,0
2022-04-08 14:45:00,358,358,360,360,0
2022-04-08 14:46:00,358,358,360,360,0
2022-04-08 14:47:00,358,358,360,360,0
2022-04-08 14:48:00,358,358,360,360,0
2022-04-08 14:49:00,358,358,360,360,0
2022-04-08 14:50:00,358,358,360,360,0
2022-04-08 14:51:00,358,358,360,360,0
2022-04-08 14:52:00,358,358,360,360,0
2022-04-08 14:53:00,358,358,360,360,0
2022-04-08 14:54:00,358,358,360,360,0
2022-04-08 14:55:00,358,358,360,360,0
2022-04-08 14:56:00,358,358,360,360,0
2022-04-08 14:57:00,358,358,360,360,0
2022-04-08 14:58:00,358,358,360,360,0
2022-04-08 14:59:00,358,358,360,360,0
2022-04-08 15:00:00,358,358,360,360,0
2022-04-08 15:01:00,358,358,360,360,0
2022-04-08 15:02:00,358,358,360,360,0
2022-04-08 15:03:00,358,358,360,360,0
2022-04-08 15:04:00,358,358,360,360,0
2022-04-08 15:05:00,358,358,360,360,0
2022-04-08 15:06:00,358,358,360,360,0
2022-04-08 15:07:00,358,358,360,360,0
2022-04-08 15:08:00,358,358,360,360,0
2022-04-08 15:09:00,358,358,360,360,0
2022-04-08 15:10:00,358,358,360,360,0
2022-04-08 15:11:00,358,358,360,360,0
2022-04-08 15:12:00,358,358,360,360,0
2022-04-08 15:13:00,358,358,360,360,0
2022-04-08 15:14:00,358,358,360,360,0
2022-04-08 15:15:00,358,358,360,360,0
2022-04-08 15:16:00,358,358,360,360,0
2022-04-08 15:17:00,358,358,360,360,0
2022-04-08 15:18:00,358,358,360,360,0
2022-04-08 15:19:00,358,358,360,360,0
2022-04-08 15:20:00,358,358,360,360,0
2022-04-08 15:21:00,358,358,360,360,0
2022-04-08 15:22:00,358,358,360,360,0
2022-04-08 15:23:00,358,358,360,360,0
2022-04-08 15:24:00,358,358,360,360,0
2022-04-08 15:25:00,358,358,360,360,0
2022-04-08 15:26:00,358,358,360,360,0
2022-04-08 15:27:00,358,358,360,360,0
2022-04-08 15:28:00,358,358,360,360,0
2022-04-08 15:29:00,358,358,360,360,0
2022-04-08 15:30:00,358,358,360,360,0
2022-04-08 15:31:00,358,358,360,360,0
2022-04-08 15:32:00,358,358,360,360,0
2022-04-08 15:33:00,358,358,360,360,0
2022-04-08 15:34:00,358,358,360,360,0
2022-04-08 15:35:00,358,358,360,360,0
2022-04-08 15:36:00,358,358,360,360,0
2022-04-08 15:37:00,358,358,360,360,0
2022-04-08 15:38:00,358,358,360,360,0
2022-04-08 15:39:00,358,358,360,360,0
2022-04-08 15:40:00,358,358,360,360,0
2022-04-08 15:41:00,358,358,360,360,0
2022-04-08 15:42:00,358,358,360,360,0
2022-04-08 15:43:00,358,358,360,360,0
2022-04-08 15:44:00,358,358,360,360,0
2022-04-08 15:45:00,358,358,360,360,0
2022-04-08 15:46:00,358,358,360,360,0
2022-04-08 15:47:00,358,358,360,360,0
2022-04-08 15:48:00,358,358,360,360,0
2022-04-08 15:49:00,358,358,360,360,0
2022-04-08 15:50:00,358,358,360,360,0
2022-04-08 15:51:00,358,358,360,360,0
2022-04-08 15:52:00,358,358,360,360,0
2022-04-08 15:53:00,358,358,360,360,0
2022-04-08 15:54:00,358,358,360,360,0
2022-04-08 15:55:00,358,358,360,360,0
2022-04-08 15:56:00,358,358,360,360,0
2022-04-08 15:57:00,358,358,360,360,0
2022-04-08 15:58:00,358,358,360,360,0
2022-04-08 15:59:00,358,358,360,360,0
2022-04-11 09:00:00,358,358,360,360,0
2022-04-11 09:01:00,358,358,360,360,0
2022-04-11 09:02:00,358,358,360,360,0
2022-04-11 09:03:00,358,358,360,360,0
2022-04-11 09:04:00,358,358,360,360,0
2022-04-11 09:05:00,358,358,360,360,0
2022-04-11 09:06:00,358,358,360,360,0
2022-04-11 09:07:00,358,358,360,360,0
2022-04-11 09:08:00,358,358,360,360,0
2022-04-11 09:09:00,358,358,360,360,0
2022-04-11 09:10:00,358,358,360,360,0
2022-04-11 09:11:00,358,358,360,360,0
2022-04-11 09:12:00,358,358,360,360,0
2022-04-11 09:13:00,358,358,360,360,0
2022-04-11 09:14:00,358,358,360,360,0
2022-04-11 09:15:00,358,358,360,360,0
2022-04-11 09:16:00,358,358,360,360,0
2022-04-11 09:17:00,358,358,360,360,0
2022-04-11 09:18:00,358,358,360,360,0
2022-04-11 09:19:00,358,358,360,360,0
2022-04-11 09:20:00,358,358,360,360,0
2022-04-11 09:21:00,358,358,360,360,0
2022-04-11 09:22:00,358,358,360,360,0
2022-04-11 09:23:00,358,358,360,360,0
2022-04-11 09:24:00,358,358,360,360,0
2022-04-11 09:25:00,358,358,360,360,0
2022-04-11 09:26:00,358,358,360,360,0
2022-04-11 09:27:00,358,358,360,360,0
2022-04-11 09:28:00,358,358,360,360,0
2022-04-11 09:29:00,358,358,360,360,0
2022-04-11 09:30:00,358,358,360,360,0
2022-04-11 09:31:00,358,358,360,360,0
2022-04-11 09:32:00,358,358,360,360,0
2022-04-11 09:33:00,358,358,360,360,0
2022-04-11 09:34:00,358,358,360,360,0
2022-04-11 09:35:00,358,358,360,360,0
2022-04-11 09:36:00,358,358,360,360,0
2022-04-11 09:37:00,358,358,360,360,0
2022-04-11 09:38:00,358,358,360,360,0
2022-04-11 09:39:00,358,358,360,360,0
2022-04-11 09:40:00,358,358,360,360,0
2022-04-11 09:41:00,358,358,360,360,0
2022-04-11 09:42:00,358,358,360,360,0
2022-04-11 09:43:00,358,358,360,360,0
2022-04-11 09:44:00,358,358,360,360,0
2022-04-11 09:45:00,358,358,360,360,0
2022-04-11 09:46:00,358,358,360,360,0
2022-04-11 09:47:00,358,358,360,360,0
2022-04-11 09:48:00,358,358,360,360,0
2022-04-11 09:49:00,358,358,360,360,0
2022-04-11 09:50:00,358,358,360,360,0
2022-04-11 09:51:00,358,358,360,360,0
2022-04-11 09:52:00,358,358,360,360,0
2022-04-11 09:53:00,358,358,360,360,0
2022-04-11 09:54:00,358,358,360,360,0
2022-04-11 09:55:00,358,358,360,360,0
2022-04-11 09:56:00,358,358,360,360,0
2022-04-11 09:57:00,358,358,360,360,0
2022-04-11 09:58:00,358,358,360,360,0
2022-04-11 09:59:00,358,358,360,360,0
2022-04-11 10:00:00,358,358,360,360,0
2022-04-11 10:01:00,358,358,360,360,0
2022-04-11 10:02:00,358,358,360,360,0
2022-04-11 10:03:00,358,358,360,360,0
2022-04-11 10:04:00,358,358,360,360,0
2022-04-11 10:05:00,358,358,360,360,0
2022-04-11 10:06:00,358,358,360,360,0
2022-04-11 10:07:00,358,358,360,360,0
2022-04-11 10:08:00,358,358,360,360,0
2022-04-11 10:09:00,358,358,360,360,0
2022-04-11 10:10:00,358,358,360,360,0
2022-04-11 10:11:00,358,358,360,360,0
2022-04-11 10:12:00,358,358,360,360,0
2022-04-11 10:13:00,358,358,360,360,0
2022-04-11 10:14:00,358,358,360,360,0
2022-04-11 10:15:00,358,358,360,360,0
2022-04-11 10:16:00,358,358,360,360,0
2022-04-11 10:17:00,358,358,360,360,0
2022-04-11 10:18:00,358,358,360,360,0
2022-04-11 10:19:00,358,358,360,360,0
2022-04-11 10:20:00,358,358,360,360,0
2022-04-11 10:21:00,358,358,360,360,0
2022-04-11 10:22:00,358,358,360,360,0
2022-04-11 10:23:00,358,358,360,360,0
2022-04-11 10:24:00,358,358,360,360,0
2022-04-11 10:25:00,358,358,360,360,0
2022-04-11 10:26:00,358,358,360,360,0
2022-04-11 10:27:00,358,358,360,360,0
2022-04-11 10:28:00,358,358,360,360,0
2022-04-11 10:29:00,358,358,360,360,0
2022-04-11 10:30:00,358,358,360,360,0
2022-04-11 10:31:00,358,358,360,360,0
2022-04-11 10:32:00,358,358,360,360,0
2022-04-11 10:33:00,358,358,360,360,0
2022-04-11 10:34:00,358,358,360,360,0
2022-04-11 10:35:00,358,358,360,360,0
2022-04-11 10:36:00,358,358,360,360,0
2022-04-11 10:37:00,358,358,360,360,0
2022-04-11 10:38:00,358,358,360,360,0
2022-04-11 10:39:00,358,358,360,360,0
2022-04-11 10:40:00,358,358,360,360,0
2022-04-11 10:41:00,354,350,354,350,400
2022-04-11 10:42:00,348,346,348,346,2700
2022-04-11 10:43:00,348,346,348,346,0
2022-04-11 10:44:00,348,346,348,346,0
2022-04-11 10:45:00,348,346,348,346,0
2022-04-11 10:46:00,348,346,348,346,0
2022-04-11 10:47:00,348,346,348,346,0
2022-04-11 10:48:00,348,346,348,346,0
2022-04-11 10:49:00,348,346,348,346,0
2022-04-11 10:50:00,348,346,348,346,0
2022-04-11 10:51:00,348,346,348,346,0
2022-04-11 10:52:00,348,346,348,346,0
2022-04-11 10:53:00,348,346,348,346,0
2022-04-11 10:54:00,360,360,360,360,200
2022-04-11 10:55:00,360,360,360,360,0
2022-04-11 10:56:00,360,360,360,360,0
2022-04-11 10:57:00,360,360,360,360,0
2022-04-11 10:58:00,360,360,360,360,0
2022-04-11 10:59:00,360,360,360,360,0
2022-04-11 11:00:00,360,360,360,360,0
2022-04-11 11:01:00,360,360,360,360,0
2022-04-11 11:02:00,360,360,360,360,0
2022-04-11 11:03:00,360,360,360,360,0
2022-04-11 11:04:00,360,360,360,360,0
2022-04-11 11:05:00,360,360,360,360,0
2022-04-11 11:06:00,360,360,360,360,0
2022-04-11 11:07:00,360,360,360,360,0
2022-04-11 11:08:00,360,360,360,360,0
2022-04-11 11:09:00,360,360,360,360,0
2022-04-11 11:10:00,360,360,360,360,0
2022-04-11 11:11:00,360,360,360,360,0
2022-04-11 11:12:00,360,360,360,360,0
2022-04-11 11:13:00,360,360,360,360,0
2022-04-11 11:14:00,360,360,360,360,0
2022-04-11 11:15:00,360,360,360,360,0
2022-04-11 11:16:00,360,360,360,360,0
2022-04-11 11:17:00,360,360,360,360,0
2022-04-11 11:18:00,360,360,360,360,0
2022-04-11 11:19:00,360,360,360,360,0
2022-04-11 11:20:00,360,360,360,360,0
2022-04-11 11:21:00,360,360,360,360,0
2022-04-11 11:22:00,360,360,360,360,0
2022-04-11 11:23:00,360,360,360,360,0
2022-04-11 11:24:00,360,360,360,360,0
2022-04-11 11:25:00,360,360,360,360,0
2022-04-11 11:26:00,360,360,360,360,0
2022-04-11 11:27:00,360,360,360,360,0
2022-04-11 11:28:00,360,360,360,360,0
2022-04-11 11:29:00,360,360,360,360,0
2022-04-11 11:30:00,360,360,360,360,0
2022-04-11 11:31:00,360,360,360,360,0
2022-04-11 11:32:00,360,360,360,360,0
2022-04-11 11:33:00,360,360,360,360,0
2022-04-11 11:34:00,360,360,360,360,0
2022-04-11 11:35:00,360,360,360,360,0
2022-04-11 11:36:00,360,360,360,360,0
2022-04-11 11:37:00,360,360,360,360,0
2022-04-11 11:38:00,360,360,360,360,0
2022-04-11 11:39:00,360,360,360,360,0
2022-04-11 11:40:00,360,360,360,360,0
2022-04-11 11:41:00,360,360,360,360,0
2022-04-11 11:42:00,360,360,360,360,0
2022-04-11 11:43:00,360,360,360,360,0
2022-04-11 11:44:00,360,360,360,360,0
2022-04-11 11:45:00,360,360,360,360,0
2022-04-11 11:46:00,360,360,360,360,0
2022-04-11 11:47:00,360,360,360,360,0
2022-04-11 11:48:00,360,360,360,360,0
2022-04-11 11:49:00,360,360,360,360,0
2022-04-11 11:50:00,360,360,360,360,0
2022-04-11 11:51:00,360,360,360,360,0
2022-04-11 11:52:00,360,360,360,360,0
2022-04-11 11:53:00,360,360,360,360,0
2022-04-11 11:54:00,360,360,360,360,0
2022-04-11 11:55:00,360,360,360,360,0
2022-04-11 11:56:00,360,360,360,360,0
2022-04-11 11:57:00,360,360,360,360,0
2022-04-11 11:58:00,360,360,360,360,0
2022-04-11 11:59:00,360,360,360,360,0
2022-04-11 12:00:00,360,360,360,360,0
2022-04-11 12:01:00,360,360,360,360,0
2022-04-11 12:02:00,360,360,360,360,0
2022-04-11 12:03:00,360,360,360,360,0
2022-04-11 12:04:00,360,360,360,360,0
2022-04-11 12:05:00,360,360,360,360,0
2022-04-11 12:06:00,360,360,360,360,0
2022-04-11 12:07:00,360,360,360,360,0
2022-04-11 12:08:00,360,360,360,360,0
2022-04-11 12:09:00,360,360,360,360,0
2022-04-11 12:10:00,360,360,360,360,0
2022-04-11 12:11:00,360,360,360,360,0
2022-04-11 12:12:00,360,360,360,360,0
2022-04-11 12:13:00,360,360,360,360,0
2022-04-11 12:14:00,360,360,360,360,0
2022-04-11 12:15:00,360,360,360,360,0
2022-04-11 12:16:00,360,360,360,360,0
2022-04-11 12:17:00,360,360,360,360,0
2022-04-11 12:18:00,360,360,360,360,0
2022-04-11 12:19:00,360,360,360,360,0
2022-04-11 12:20:00,360,360,360,360,0
2022-04-11 12:21:00,360,360,360,360,0
2022-04-11 12:22:00,360,360,360,360,0
2022-04-11 12:23:00,360,360,360,360,0
2022-04-11 12:24:00,360,360,360,360,0
2022-04-11 12:25:00,360,360,360,360,0
2022-04-11 12:26:00,360,360,360,360,0
2022-04-11 12:27:00,360,360,360,360,0
2022-04-11 12:28:00,360,360,360,360,0
2022-04-11 12:29:00,360,360,360,360,0
2022-04-11 12:30:00,360,360,360,360,0
2022-04-11 12:31:00,360,360,360,360,0
2022-04-11 12:32:00,360,360,360,360,0
2022-04-11 12:33:00,360,360,360,360,0
2022-04-11 12:34:00,360,360,360,360,0
2022-04-11 12:35:00,360,360,360,360,0
2022-04-11 12:36:00,360,360,360,360,0
2022-04-11 12:37:00,360,360,360,360,0
2022-04-11 12:38:00,360,360,360,360,0
2022-04-11 12:39:00,360,360,360,360,0
2022-04-11 12:40:00,360,360,360,360,0
2022-04-11 12:41:00,360,360,360,360,0
2022-04-11 12:42:00,360,360,360,360,0
2022-04-11 12:43:00,360,360,360,360,0
2022-04-11 12:44:00,360,360,360,360,0
2022-04-11 12:45:00,360,360,360,360,0
2022-04-11 12:46:00,360,360,360,360,0
2022-04-11 12:47:00,360,360,360,360,0
2022-04-11 12:48:00,360,360,360,360,0
2022-04-11 12:49:00,360,360,360,360,0
2022-04-11 12:50:00,360,360,360,360,0
2022-04-11 12:51:00,360,360,360,360,0
2022-04-11 12:52:00,360,360,360,360,0
2022-04-11 12:53:00,360,360,360,360,0
2022-04-11 12:54:00,360,360,360,360,0
2022-04-11 12:55:00,360,360,360,360,0
2022-04-11 12:56:00,360,360,360,360,0
2022-04-11 12:57:00,360,360,360,360,0
2022-04-11 12:58:00,360,360,360,360,0
2022-04-11 12:59:00,360,360,360,360,0
2022-04-11 13:00:00,360,360,360,360,0
2022-04-11 13:01:00,360,360,360,360,0
2022-04-11 13:02:00,360,360,360,360,0
2022-04-11 13:03:00,360,360,360,360,0
2022-04-11 13:04:00,360,360,360,360,0
2022-04-11 13:05:00,360,360,360,360,0
2022-04-11 13:06:00,360,360,360,360,0
2022-04-11 13:07:00,360,360,360,360,0
2022-04-11 13:08:00,360,360,360,360,0
2022-04-11 13:09:00,360,360,360,360,0
2022-04-11 13:10:00,360,360,360,360,0
2022-04-11 13:11:00,360,360,360,360,0
2022-04-11 13:12:00,360,360,360,360,0
2022-04-11 13:13:00,360,360,360,360,0
2022-04-11 13:14:00,360,360,360,360,0
2022-04-11 13:15:00,360,360,360,360,0
2022-04-11 13:16:00,360,360,360,360,0
2022-04-11 13:17:00,360,360,360,360,0
2022-04-11 13:18:00,360,360,360,360,0
2022-04-11 13:19:00,360,360,360,360,0
2022-04-11 13:20:00,360,360,360,360,0
2022-04-11 13:21:00,360,360,360,360,0
2022-04-11 13:22:00,360,360,360,360,0
2022-04-11 13:23:00,360,360,360,360,0
2022-04-11 13:24:00,360,360,360,360,0
2022-04-11 13:25:00,360,360,360,360,0
2022-04-11 13:26:00,360,360,360,360,0
2022-04-11 13:27:00,360,360,360,360,0
2022-04-11 13:28:00,360,360,360,360,0
2022-04-11 13:29:00,360,360,360,360,0
2022-04-11 13:30:00,360,360,360,360,0
2022-04-11 13:31:00,360,360,360,360,0
2022-04-11 13:32:00,360,360,360,360,0
2022-04-11 13:33:00,360,360,360,360,0
2022-04-11 13:34:00,360,360,360,360,0
2022-04-11 13:35:00,360,360,360,360,0
2022-04-11 13:36:00,360,360,360,360,0
2022-04-11 13:37:00,360,360,360,360,0
2022-04-11 13:38:00,360,360,360,360,0
2022-04-11 13:39:00,360,360,360,360,0
2022-04-11 13:40:00,360,360,360,360,0
2022-04-11 13:41:00,360,360,360,360,0
2022-04-11 13:42:00,360,360,360,360,200
2022-04-11 13:43:00,360,360,360,360,0
2022-04-11 13:44:00,360,360,360,360,0
2022-04-11 13:45:00,360,360,360,360,0
2022-04-11 13:46:00,360,360,360,360,0
2022-04-11 13:47:00,360,360,360,360,0
2022-04-11 13:48:00,360,360,360,360,0
2022-04-11 13:49:00,360,360,360,360,0
2022-04-11 13:50:00,360,360,360,360,0
2022-04-11 13:51:00,360,360,360,360,0
2022-04-11 13:52:00,360,360,360,360,0
2022-04-11 13:53:00,360,360,360,360,0
2022-04-11 13:54:00,360,360,360,360,0
2022-04-11 13:55:00,360,360,360,360,0
2022-04-11 13:56:00,360,360,360,360,0
2022-04-11 13:57:00,360,360,360,360,0
2022-04-11 13:58:00,348,348,348,348,2000
2022-04-11 13:59:00,348,348,348,348,1000
2022-04-11 14:00:00,348,348,348,348,0
2022-04-11 14:01:00,348,348,348,348,0
2022-04-11 14:02:00,348,348,348,348,0
2022-04-11 14:03:00,348,348,348,348,0
2022-04-11 14:04:00,348,348,348,348,0
2022-04-11 14:05:00,348,348,348,348,100
2022-04-11 14:06:00,348,348,348,348,0
2022-04-11 14:07:00,348,348,348,348,0
2022-04-11 14:08:00,348,348,348,348,0
2022-04-11 14:09:00,348,348,348,348,0
2022-04-11 14:10:00,348,348,348,348,0
2022-04-11 14:11:00,348,348,348,348,0
2022-04-11 14:12:00,348,348,348,348,0
2022-04-11 14:13:00,348,348,348,348,100
2022-04-11 14:14:00,348,348,348,348,600
2022-04-11 14:15:00,348,348,348,348,0
2022-04-11 14:16:00,348,348,348,348,0
2022-04-11 14:17:00,348,348,348,348,1000
2022-04-11 14:18:00,348,348,348,348,0
2022-04-11 14:19:00,348,348,348,348,0
2022-04-11 14:20:00,348,348,348,348,0
2022-04-11 14:21:00,348,348,348,348,0
2022-04-11 14:22:00,348,348,348,348,0
2022-04-11 14:23:00,348,348,348,348,0
2022-04-11 14:24:00,348,348,348,348,0
2022-04-11 14:25:00,348,348,348,348,0
2022-04-11 14:26:00,348,348,348,348,0
2022-04-11 14:27:00,348,348,348,348,0
2022-04-11 14:28:00,348,348,348,348,0
2022-04-11 14:29:00,348,348,348,348,0
2022-04-11 14:30:00,348,348,348,348,0
2022-04-11 14:31:00,348,348,348,348,0
2022-04-11 14:32:00,348,348,348,348,0
2022-04-11 14:33:00,348,348,348,348,0
2022-04-11 14:34:00,346,346,346,346,1000
2022-04-11 14:35:00,346,346,346,346,0
2022-04-11 14:36:00,346,346,346,346,0
2022-04-11 14:37:00,346,346,346,346,200
2022-04-11 14:38:00,346,346,346,346,0
2022-04-11 14:39:00,346,344,346,344,10000
2022-04-11 14:40:00,346,344,346,344,0
2022-04-11 14:41:00,344,340,344,340,13200
2022-04-11 14:42:00,344,340,344,340,0
2022-04-11 14:43:00,348,348,348,348,100
2022-04-11 14:44:00,348,348,348,348,0
2022-04-11 14:45:00,348,348,348,348,0
2022-04-11 14:46:00,348,348,348,348,0
2022-04-11 14:47:00,348,348,348,348,0
2022-04-11 14:48:00,348,348,348,348,0
2022-04-11 14:49:00,348,348,348,348,0
2022-04-11 14:50:00,348,348,348,348,0
2022-04-11 14:51:00,348,348,348,348,0
2022-04-11 14:52:00,348,348,348,348,0
2022-04-11 14:53:00,348,348,348,348,0
2022-04-11 14:54:00,348,348,348,348,0
2022-04-11 14:55:00,348,348,348,348,0
2022-04-11 14:56:00,348,348,348,348,0
2022-04-11 14:57:00,348,348,348,348,0
2022-04-11 14:58:00,348,348,348,348,0
2022-04-11 14:59:00,348,348,348,348,0
2022-04-11 15:00:00,348,348,348,348,1000
2022-04-11 15:01:00,348,348,348,348,5000
2022-04-11 15:02:00,348,348,348,348,0
2022-04-11 15:03:00,348,348,348,348,0
2022-04-11 15:04:00,348,348,348,348,0
2022-04-11 15:05:00,348,348,348,348,0
2022-04-11 15:06:00,348,348,348,348,0
2022-04-11 15:07:00,348,348,348,348,0
2022-04-11 15:08:00,348,348,348,348,0
2022-04-11 15:09:00,348,348,348,348,0
2022-04-11 15:10:00,348,348,348,348,0
2022-04-11 15:11:00,348,348,348,348,0
2022-04-11 15:12:00,348,348,348,348,0
2022-04-11 15:13:00,348,348,348,348,0
2022-04-11 15:14:00,348,348,348,348,0
2022-04-11 15:15:00,348,348,348,348,0
2022-04-11 15:16:00,348,348,348,348,0
2022-04-11 15:17:00,348,348,348,348,0
2022-04-11 15:18:00,348,348,348,348,0
2022-04-11 15:19:00,348,348,348,348,0
2022-04-11 15:20:00,348,348,348,348,0
2022-04-11 15:21:00,348,348,348,348,0
2022-04-11 15:22:00,348,348,348,348,0
2022-04-11 15:23:00,348,348,348,348,0
2022-04-11 15:24:00,348,348,348,348,0
2022-04-11 15:25:00,348,348,348,348,0
2022-04-11 15:26:00,348,348,348,348,0
2022-04-11 15:27:00,348,348,348,348,0
2022-04-11 15:28:00,348,348,348,348,0
2022-04-11 15:29:00,348,348,348,348,0
2022-04-11 15:30:00,348,348,348,348,0
2022-04-11 15:31:00,348,348,348,348,0
2022-04-11 15:32:00,348,348,348,348,0
2022-04-11 15:33:00,348,348,348,348,0
2022-04-11 15:34:00,348,348,348,348,0
2022-04-11 15:35:00,348,348,348,348,0
2022-04-11 15:36:00,348,348,348,348,0
2022-04-11 15:37:00,348,348,348,348,0
2022-04-11 15:38:00,348,348,348,348,0
2022-04-11 15:39:00,348,348,348,348,0
2022-04-11 15:40:00,348,348,348,348,0
2022-04-11 15:41:00,348,348,348,348,0
2022-04-11 15:42:00,348,348,348,348,0
2022-04-11 15:43:00,348,348,348,348,0
2022-04-11 15:44:00,348,348,348,348,0
2022-04-11 15:45:00,348,348,348,348,0
2022-04-11 15:46:00,348,348,348,348,0
2022-04-11 15:47:00,348,348,348,348,0
2022-04-11 15:48:00,348,348,348,348,0
2022-04-11 15:49:00,348,348,348,348,0
2022-04-11 15:50:00,348,348,348,348,0
2022-04-11 15:51:00,348,348,348,348,0
2022-04-11 15:52:00,348,348,348,348,0
2022-04-11 15:53:00,348,348,348,348,0
2022-04-11 15:54:00,348,348,348,348,0
2022-04-11 15:55:00,348,348,348,348,0
2022-04-11 15:56:00,348,348,348,348,0
2022-04-11 15:57:00,348,348,348,348,0
2022-04-11 15:58:00,348,348,348,348,0
2022-04-11 15:59:00,348,348,348,348,0
2022-04-12 09:00:00,348,348,348,348,0
2022-04-12 09:01:00,348,348,348,348,0
2022-04-12 09:02:00,348,348,348,348,0
2022-04-12 09:03:00,348,348,348,348,0
2022-04-12 09:04:00,348,348,348,348,0
2022-04-12 09:05:00,348,348,348,348,0
2022-04-12 09:06:00,348,348,348,348,0
2022-04-12 09:07:00,348,348,348,348,0
2022-04-12 09:08:00,348,348,348,348,0
2022-04-12 09:09:00,348,348,348,348,0
2022-04-12 09:10:00,348,348,348,348,0
2022-04-12 09:11:00,348,348,348,348,0
2022-04-12 09:12:00,348,348,348,348,0
2022-04-12 09:13:00,348,348,348,348,0
2022-04-12 09:14:00,348,348,348,348,0
2022-04-12 09:15:00,348,348,348,348,0
2022-04-12 09:16:00,348,348,348,348,0
2022-04-12 09:17:00,348,348,348,348,0
2022-04-12 09:18:00,348,348,348,348,0
2022-04-12 09:19:00,348,348,348,348,0
2022-04-12 09:20:00,348,348,348,348,0
2022-04-12 09:21:00,348,348,348,348,0
2022-04-12 09:22:00,348,348,348,348,0
2022-04-12 09:23:00,348,348,348,348,0
2022-04-12 09:24:00,348,348,348,348,0
2022-04-12 09:25:00,348,348,348,348,0
2022-04-12 09:26:00,348,348,348,348,0
2022-04-12 09:27:00,348,348,348,348,0
2022-04-12 09:28:00,348,348,348,348,0
2022-04-12 09:29:00,348,348,348,348,0
2022-04-12 09:30:00,348,348,348,348,0
2022-04-12 09:31:00,348,348,348,348,0
2022-04-12 09:32:00,348,348,348,348,0
2022-04-12 09:33:00,348,348,348,348,0
2022-04-12 09:34:00,348,348,348,348,0
2022-04-12 09:35:00,348,348,348,348,0
2022-04-12 09:36:00,348,348,348,348,0
2022-04-12 09:37:00,348,348,348,348,0
2022-04-12 09:38:00,348,348,348,348,0
2022-04-12 09:39:00,348,348,348,348,0
2022-04-12 09:40:00,348,348,348,348,0
2022-04-12 09:41:00,348,348,348,348,0
2022-04-12 09:42:00,348,348,348,348,0
2022-04-12 09:43:00,348,348,348,348,0
2022-04-12 09:44:00,348,348,348,348,0
2022-04-12 09:45:00,348,348,348,348,0
2022-04-12 09:46:00,348,348,348,348,0
2022-04-12 09:47:00,348,348,348,348,0
2022-04-12 09:48:00,348,348,348,348,0
2022-04-12 09:49:00,348,348,348,348,0
2022-04-12 09:50:00,348,348,348,348,0
2022-04-12 09:51:00,348,348,348,348,0
2022-04-12 09:52:00,348,348,348,348,0
2022-04-12 09:53:00,348,348,348,348,0
2022-04-12 09:54:00,348,348,348,348,0
2022-04-12 09:55:00,348,348,348,348,0
2022-04-12 09:56:00,348,348,348,348,0
2022-04-12 09:57:00,348,348,348,348,0
2022-04-12 09:58:00,348,348,348,348,0
2022-04-12 09:59:00,348,348,348,348,0
2022-04-12 10:00:00,348,348,348,348,0
2022-04-12 10:01:00,348,348,348,348,0
2022-04-12 10:02:00,348,348,348,348,0
2022-04-12 10:03:00,348,348,348,348,0
2022-04-12 10:04:00,348,348,348,348,0
2022-04-12 10:05:00,348,348,348,348,0
2022-04-12 10:06:00,348,348,348,348,0
2022-04-12 10:07:00,348,348,348,348,0
2022-04-12 10:08:00,348,348,348,348,0
2022-04-12 10:09:00,348,348,348,348,0
2022-04-12 10:10:00,348,348,348,348,0
2022-04-12 10:11:00,348,348,348,348,0
2022-04-12 10:12:00,348,348,348,348,0
2022-04-12 10:13:00,348,348,348,348,0
2022-04-12 10:14:00,348,348,348,348,0
2022-04-12 10:15:00,348,348,348,348,0
2022-04-12 10:16:00,348,348,348,348,0
2022-04-12 10:17:00,348,348,348,348,0
2022-04-12 10:18:00,348,348,348,348,0
2022-04-12 10:19:00,348,348,348,348,0
2022-04-12 10:20:00,348,348,348,348,0
2022-04-12 10:21:00,348,348,348,348,0
2022-04-12 10:22:00,348,348,348,348,0
2022-04-12 10:23:00,348,348,348,348,0
2022-04-12 10:24:00,348,348,348,348,0
2022-04-12 10:25:00,348,348,348,348,0
2022-04-12 10:26:00,348,348,348,348,0
2022-04-12 10:27:00,348,348,348,348,0
2022-04-12 10:28:00,348,348,348,348,0
2022-04-12 10:29:00,348,348,348,348,0
2022-04-12 10:30:00,348,348,348,348,0
2022-04-12 10:31:00,348,348,348,348,0
2022-04-12 10:32:00,348,348,348,348,0
2022-04-12 10:33:00,348,348,348,348,0
2022-04-12 10:34:00,348,348,348,348,0
2022-04-12 10:35:00,348,348,348,348,0
2022-04-12 10:36:00,348,348,348,348,0
2022-04-12 10:37:00,348,348,348,348,0
2022-04-12 10:38:00,348,348,348,348,0
2022-04-12 10:39:00,348,348,348,348,0
2022-04-12 10:40:00,348,348,348,348,0
2022-04-12 10:41:00,348,348,348,348,0
2022-04-12 10:42:00,348,348,348,348,0
2022-04-12 10:43:00,348,348,348,348,0
2022-04-12 10:44:00,348,348,348,348,0
2022-04-12 10:45:00,348,348,348,348,0
2022-04-12 10:46:00,348,348,348,348,0
2022-04-12 10:47:00,348,348,348,348,0
2022-04-12 10:48:00,348,348,348,348,0
2022-04-12 10:49:00,348,348,348,348,0
2022-04-12 10:50:00,348,348,348,348,0
2022-04-12 10:51:00,348,348,348,348,0
2022-04-12 10:52:00,348,348,348,348,0
2022-04-12 10:53:00,348,348,348,348,0
2022-04-12 10:54:00,348,348,348,348,0
2022-04-12 10:55:00,348,348,348,348,0
2022-04-12 10:56:00,348,348,348,348,0
2022-04-12 10:57:00,348,348,348,348,0
2022-04-12 10:58:00,348,348,348,348,0
2022-04-12 10:59:00,348,348,348,348,0
2022-04-12 11:00:00,348,348,348,348,0
2022-04-12 11:01:00,348,348,348,348,0
2022-04-12 11:02:00,348,348,348,348,0
2022-04-12 11:03:00,348,348,348,348,0
2022-04-12 11:04:00,348,348,348,348,0
2022-04-12 11:05:00,348,348,348,348,0
2022-04-12 11:06:00,348,348,348,348,0
2022-04-12 11:07:00,348,348,348,348,0
2022-04-12 11:08:00,348,348,348,348,0
2022-04-12 11:09:00,348,348,348,348,0
2022-04-12 11:10:00,348,348,348,348,0
2022-04-12 11:11:00,348,348,348,348,0
2022-04-12 11:12:00,348,348,348,348,0
2022-04-12 11:13:00,348,348,348,348,0
2022-04-12 11:14:00,348,348,348,348,0
2022-04-12 11:15:00,348,348,348,348,0
2022-04-12 11:16:00,348,348,348,348,0
2022-04-12 11:17:00,348,348,348,348,0
2022-04-12 11:18:00,348,348,348,348,0
2022-04-12 11:19:00,348,348,348,348,0
2022-04-12 11:20:00,348,348,348,348,0
2022-04-12 11:21:00,348,348,348,348,0
2022-04-12 11:22:00,348,348,348,348,0
2022-04-12 11:23:00,348,348,348,348,0
2022-04-12 11:24:00,348,348,348,348,0
2022-04-12 11:25:00,348,348,348,348,0
2022-04-12 11:26:00,348,348,348,348,0
2022-04-12 11:27:00,348,348,348,348,0
2022-04-12 11:28:00,348,348,348,348,0
2022-04-12 11:29:00,348,348,348,348,0
2022-04-12 11:30:00,348,348,348,348,0
2022-04-12 11:31:00,348,348,348,348,0
2022-04-12 11:32:00,348,348,348,348,0
2022-04-12 11:33:00,348,348,348,348,0
2022-04-12 11:34:00,348,348,348,348,0
2022-04-12 11:35:00,348,348,348,348,0
2022-04-12 11:36:00,348,348,348,348,0
2022-04-12 11:37:00,348,348,348,348,0
2022-04-12 11:38:00,348,348,348,348,0
2022-04-12 11:39:00,348,348,348,348,0
2022-04-12 11:40:00,348,348,348,348,0
2022-04-12 11:41:00,348,348,348,348,0
2022-04-12 11:42:00,348,348,348,348,0
2022-04-12 11:43:00,348,348,348,348,0
2022-04-12 11:44:00,348,348,348,348,0
2022-04-12 11:45:00,348,348,348,348,0
2022-04-12 11:46:00,348,348,348,348,0
2022-04-12 11:47:00,348,348,348,348,0
2022-04-12 11:48:00,348,348,348,348,0
2022-04-12 11:49:00,348,348,348,348,0
2022-04-12 11:50:00,348,348,348,348,0
2022-04-12 11:51:00,348,348,348,348,0
2022-04-12 11:52:00,348,348,348,348,0
2022-04-12 11:53:00,348,348,348,348,0
2022-04-12 11:54:00,348,348,348,348,0
2022-04-12 11:55:00,348,348,348,348,0
2022-04-12 11:56:00,348,348,348,348,0
2022-04-12 11:57:00,348,348,348,348,0
2022-04-12 11:58:00,348,348,348,348,0
2022-04-12 11:59:00,348,348,348,348,0
2022-04-12 12:00:00,348,348,348,348,0
2022-04-12 12:01:00,348,348,348,348,0
2022-04-12 12:02:00,348,348,348,348,0
2022-04-12 12:03:00,348,348,348,348,0
2022-04-12 12:04:00,348,348,348,348,0
2022-04-12 12:05:00,348,348,348,348,0
2022-04-12 12:06:00,348,348,348,348,0
2022-04-12 12:07:00,348,348,348,348,0
2022-04-12 12:08:00,348,348,348,348,0
2022-04-12 12:09:00,348,348,348,348,0
2022-04-12 12:10:00,348,348,348,348,0
2022-04-12 12:11:00,348,348,348,348,0
2022-04-12 12:12:00,348,348,348,348,0
2022-04-12 12:13:00,348,348,348,348,0
2022-04-12 12:14:00,348,348,348,348,0
2022-04-12 12:15:00,348,348,348,348,0
2022-04-12 12:16:00,348,348,348,348,0
2022-04-12 12:17:00,348,348,348,348,0
2022-04-12 12:18:00,348,348,348,348,0
2022-04-12 12:19:00,348,348,348,348,0
2022-04-12 12:20:00,348,348,348,348,0
2022-04-12 12:21:00,348,348,348,348,0
2022-04-12 12:22:00,348,348,348,348,0
2022-04-12 12:23:00,348,348,348,348,0
2022-04-12 12:24:00,348,348,348,348,0
2022-04-12 12:25:00,348,348,348,348,0
2022-04-12 12:26:00,348,348,348,348,0
2022-04-12 12:27:00,348,348,348,348,0
2022-04-12 12:28:00,348,348,348,348,0
2022-04-12 12:29:00,348,348,348,348,0
2022-04-12 12:30:00,348,348,348,348,0
2022-04-12 12:31:00,348,348,348,348,0
2022-04-12 12:32:00,348,348,348,348,0
2022-04-12 12:33:00,348,348,348,348,0
2022-04-12 12:34:00,348,348,348,348,0
2022-04-12 12:35:00,348,348,348,348,0
2022-04-12 12:36:00,348,348,348,348,0
2022-04-12 12:37:00,348,348,348,348,0
2022-04-12 12:38:00,348,348,348,348,0
2022-04-12 12:39:00,348,348,348,348,0
2022-04-12 12:40:00,348,348,348,348,0
2022-04-12 12:41:00,348,348,348,348,0
2022-04-12 12:42:00,348,348,348,348,0
2022-04-12 12:43:00,348,348,348,348,0
2022-04-12 12:44:00,348,348,348,348,0
2022-04-12 12:45:00,348,348,348,348,0
2022-04-12 12:46:00,348,348,348,348,0
2022-04-12 12:47:00,348,348,348,348,0
2022-04-12 12:48:00,348,348,348,348,0
2022-04-12 12:49:00,348,348,348,348,0
2022-04-12 12:50:00,348,348,348,348,0
2022-04-12 12:51:00,348,348,348,348,0
2022-04-12 12:52:00,348,348,348,348,0
2022-04-12 12:53:00,348,348,348,348,0
2022-04-12 12:54:00,348,348,348,348,0
2022-04-12 12:55:00,348,348,348,348,0
2022-04-12 12:56:00,348,348,348,348,0
2022-04-12 12:57:00,348,348,348,348,0
2022-04-12 12:58:00,348,348,348,348,0
2022-04-12 12:59:00,348,348,348,348,0
2022-04-12 13:00:00,348,348,348,348,0
2022-04-12 13:01:00,348,348,348,348,0
2022-04-12 13:02:00,348,348,348,348,0
2022-04-12 13:03:00,348,348,348,348,0
2022-04-12 13:04:00,348,348,348,348,0
2022-04-12 13:05:00,348,348,348,348,0
2022-04-12 13:06:00,348,348,348,348,0
2022-04-12 13:07:00,348,348,348,348,0
2022-04-12 13:08:00,348,348,348,348,0
2022-04-12 13:09:00,348,348,348,348,0
2022-04-12 13:10:00,348,348,348,348,0
2022-04-12 13:11:00,348,348,348,348,0
2022-04-12 13:12:00,348,348,348,348,0
2022-04-12 13:13:00,348,348,348,348,0
2022-04-12 13:14:00,348,348,348,348,0
2022-04-12 13:15:00,348,348,348,348,0
2022-04-12 13:16:00,348,348,348,348,0
2022-04-12 13:17:00,348,348,348,348,0
2022-04-12 13:18:00,348,348,348,348,0
2022-04-12 13:19:00,348,348,348,348,0
2022-04-12 13:20:00,348,348,348,348,0
2022-04-12 13:21:00,348,348,348,348,0
2022-04-12 13:22:00,348,348,348,348,0
2022-04-12 13:23:00,348,348,348,348,0
2022-04-12 13:24:00,348,348,348,348,0
2022-04-12 13:25:00,348,348,348,348,0
2022-04-12 13:26:00,348,348,348,348,0
2022-04-12 13:27:00,348,348,348,348,0
2022-04-12 13:28:00,348,348,348,348,0
2022-04-12 13:29:00,348,348,348,348,0
2022-04-12 13:30:00,348,348,348,348,0
2022-04-12 13:31:00,348,348,348,348,0
2022-04-12 13:32:00,348,348,348,348,0
2022-04-12 13:33:00,348,348,348,348,0
2022-04-12 13:34:00,348,348,348,348,0
2022-04-12 13:35:00,348,348,348,348,0
2022-04-12 13:36:00,348,348,348,348,0
2022-04-12 13:37:00,348,348,348,348,0
2022-04-12 13:38:00,348,348,348,348,0
2022-04-12 13:39:00,348,348,348,348,0
2022-04-12 13:40:00,348,348,348,348,0
2022-04-12 13:41:00,348,348,348,348,0
2022-04-12 13:42:00,348,348,348,348,0
2022-04-12 13:43:00,348,348,348,348,0
2022-04-12 13:44:00,348,348,348,348,0
2022-04-12 13:45:00,348,348,348,348,0
2022-04-12 13:46:00,348,348,348,348,0
2022-04-12 13:47:00,348,348,348,348,0
2022-04-12 13:48:00,348,348,348,348,0
2022-04-12 13:49:00,348,348,348,348,22400
2022-04-12 13:50:00,348,348,348,348,0
2022-04-12 13:51:00,348,348,348,348,0
2022-04-12 13:52:00,348,348,348,348,0
2022-04-12 13:53:00,348,348,348,348,0
2022-04-12 13:54:00,348,348,348,348,0
2022-04-12 13:55:00,348,348,348,348,0
2022-04-12 13:56:00,348,348,348,348,0
2022-04-12 13:57:00,348,348,348,348,0
2022-04-12 13:58:00,348,348,348,348,0
2022-04-12 13:59:00,348,348,348,348,0
2022-04-12 14:00:00,348,348,348,348,0
2022-04-12 14:01:00,348,348,348,348,0
2022-04-12 14:02:00,348,348,348,348,0
2022-04-12 14:03:00,348,348,348,348,0
2022-04-12 14:04:00,348,348,348,348,0
2022-04-12 14:05:00,348,348,348,348,0
2022-04-12 14:06:00,348,348,348,348,0
2022-04-12 14:07:00,348,348,348,348,0
2022-04-12 14:08:00,348,348,348,348,0
2022-04-12 14:09:00,348,348,348,348,0
2022-04-12 14:10:00,348,348,348,348,0
2022-04-12 14:11:00,348,348,348,348,0
2022-04-12 14:12:00,348,348,348,348,0
2022-04-12 14:13:00,348,348,348,348,0
2022-04-12 14:14:00,348,348,348,348,0
2022-04-12 14:15:00,348,348,348,348,0
2022-04-12 14:16:00,342,342,342,342,5000
2022-04-12 14:17:00,342,342,342,342,0
2022-04-12 14:18:00,342,342,342,342,0
2022-04-12 14:19:00,342,342,342,342,400
2022-04-12 14:20:00,342,342,342,342,0
2022-04-12 14:21:00,342,342,342,342,0
2022-04-12 14:22:00,342,342,342,342,0
2022-04-12 14:23:00,342,342,342,342,0
2022-04-12 14:24:00,340,340,340,340,5000
2022-04-12 14:25:00,340,340,340,340,2900
2022-04-12 14:26:00,340,340,340,340,0
2022-04-12 14:27:00,340,340,340,340,0
2022-04-12 14:28:00,340,340,340,340,0
2022-04-12 14:29:00,340,340,340,340,100
2022-04-12 14:30:00,340,340,340,340,0
2022-04-12 14:31:00,340,340,340,340,0
2022-04-12 14:32:00,340,340,340,340,0
2022-04-12 14:33:00,340,340,340,340,0
2022-04-12 14:34:00,340,340,340,340,100
2022-04-12 14:35:00,340,340,340,340,0
2022-04-12 14:36:00,340,340,340,340,0
2022-04-12 14:37:00,340,340,340,340,0
2022-04-12 14:38:00,340,340,340,340,0
2022-04-12 14:39:00,340,340,340,340,0
2022-04-12 14:40:00,332,326,332,326,1100
2022-04-12 14:41:00,326,326,326,326,9700
2022-04-12 14:42:00,326,326,326,326,0
2022-04-12 14:43:00,326,326,326,326,0
2022-04-12 14:44:00,326,326,326,326,0
2022-04-12 14:45:00,346,346,346,346,46800
2022-04-12 14:46:00,346,346,346,346,0
2022-04-12 14:47:00,346,346,346,346,0
2022-04-12 14:48:00,346,346,346,346,0
2022-04-12 14:49:00,346,346,346,346,0
2022-04-12 14:50:00,346,346,346,346,0
2022-04-12 14:51:00,346,346,346,346,0
2022-04-12 14:52:00,346,346,346,346,0
2022-04-12 14:53:00,346,346,346,346,0
2022-04-12 14:54:00,346,346,346,346,0
2022-04-12 14:55:00,346,346,346,346,0
2022-04-12 14:56:00,346,346,346,346,0
2022-04-12 14:57:00,346,346,346,346,0
2022-04-12 14:58:00,346,346,346,346,0
2022-04-12 14:59:00,346,346,346,346,0
2022-04-12 15:00:00,346,346,346,346,0
2022-04-12 15:01:00,346,346,346,346,0
2022-04-12 15:02:00,346,346,346,346,0
2022-04-12 15:03:00,346,346,346,346,0
2022-04-12 15:04:00,346,346,346,346,0
2022-04-12 15:05:00,346,346,346,346,0
2022-04-12 15:06:00,346,346,346,346,0
2022-04-12 15:07:00,346,346,346,346,0
2022-04-12 15:08:00,346,346,346,346,0
2022-04-12 15:09:00,346,346,346,346,0
2022-04-12 15:10:00,346,346,346,346,0
2022-04-12 15:11:00,346,346,346,346,0
2022-04-12 15:12:00,346,346,346,346,0
2022-04-12 15:13:00,346,346,346,346,0
2022-04-12 15:14:00,346,346,346,346,0
2022-04-12 15:15:00,346,346,346,346,0
2022-04-12 15:16:00,346,346,346,346,0
2022-04-12 15:17:00,346,346,346,346,0
2022-04-12 15:18:00,346,346,346,346,0
2022-04-12 15:19:00,346,346,346,346,0
2022-04-12 15:20:00,346,346,346,346,0
2022-04-12 15:21:00,346,346,346,346,0
2022-04-12 15:22:00,346,346,346,346,0
2022-04-12 15:23:00,346,346,346,346,0
2022-04-12 15:24:00,346,346,346,346,0
2022-04-12 15:25:00,346,346,346,346,0
2022-04-12 15:26:00,346,346,346,346,0
2022-04-12 15:27:00,346,346,346,346,0
2022-04-12 15:28:00,346,346,346,346,0
2022-04-12 15:29:00,346,346,346,346,0
2022-04-12 15:30:00,346,346,346,346,0
2022-04-12 15:31:00,346,346,346,346,0
2022-04-12 15:32:00,346,346,346,346,0
2022-04-12 15:33:00,346,346,346,346,0
2022-04-12 15:34:00,346,346,346,346,0
2022-04-12 15:35:00,346,346,346,346,0
2022-04-12 15:36:00,346,346,346,346,0
2022-04-12 15:37:00,346,346,346,346,0
2022-04-12 15:38:00,346,346,346,346,0
2022-04-12 15:39:00,346,346,346,346,0
2022-04-12 15:40:00,346,346,346,346,0
2022-04-12 15:41:00,346,346,346,346,0
2022-04-12 15:42:00,346,346,346,346,0
2022-04-12 15:43:00,346,346,346,346,0
2022-04-12 15:44:00,346,346,346,346,0
2022-04-12 15:45:00,346,346,346,346,0
2022-04-12 15:46:00,346,346,346,346,0
2022-04-12 15:47:00,346,346,346,346,0
2022-04-12 15:48:00,346,346,346,346,0
2022-04-12 15:49:00,346,346,346,346,0
2022-04-12 15:50:00,346,346,346,346,0
2022-04-12 15:51:00,346,346,346,346,0
2022-04-12 15:52:00,346,346,346,346,0
2022-04-12 15:53:00,346,346,346,346,0
2022-04-12 15:54:00,346,346,346,346,0
2022-04-12 15:55:00,346,346,346,346,0
2022-04-12 15:56:00,346,346,346,346,0
2022-04-12 15:57:00,346,346,346,346,0
2022-04-12 15:58:00,346,346,346,346,0
2022-04-12 15:59:00,346,346,346,346,0
2022-04-13 09:00:00,346,346,346,346,0
2022-04-13 09:01:00,346,346,346,346,0
2022-04-13 09:02:00,346,346,346,346,0
2022-04-13 09:03:00,346,346,346,346,0
2022-04-13 09:04:00,346,346,346,346,0
2022-04-13 09:05:00,346,346,346,346,0
2022-04-13 09:06:00,346,346,346,346,0
2022-04-13 09:07:00,346,346,346,346,0
2022-04-13 09:08:00,346,346,346,346,0
2022-04-13 09:09:00,346,346,346,346,0
2022-04-13 09:10:00,346,346,346,346,0
2022-04-13 09:11:00,346,346,346,346,0
2022-04-13 09:12:00,346,346,346,346,0
2022-04-13 09:13:00,346,346,346,346,0
2022-04-13 09:14:00,346,346,346,346,0
2022-04-13 09:15:00,346,346,346,346,0
2022-04-13 09:16:00,346,346,346,346,0
2022-04-13 09:17:00,346,346,346,346,0
2022-04-13 09:18:00,346,346,346,346,0
2022-04-13 09:19:00,346,346,346,346,0
2022-04-13 09:20:00,346,346,346,346,0
2022-04-13 09:21:00,346,346,346,346,0
2022-04-13 09:22:00,346,346,346,346,0
2022-04-13 09:23:00,346,346,346,346,0
2022-04-13 09:24:00,346,346,346,346,0
2022-04-13 09:25:00,346,346,346,346,0
2022-04-13 09:26:00,346,346,346,346,0
2022-04-13 09:27:00,346,346,346,346,0
2022-04-13 09:28:00,346,346,346,346,0
2022-04-13 09:29:00,346,346,346,346,0
2022-04-13 09:30:00,346,346,346,346,0
2022-04-13 09:31:00,346,346,346,346,0
2022-04-13 09:32:00,346,346,346,346,0
2022-04-13 09:33:00,346,346,346,346,0
2022-04-13 09:34:00,346,346,346,346,0
2022-04-13 09:35:00,346,346,346,346,0
2022-04-13 09:36:00,346,346,346,346,0
2022-04-13 09:37:00,346,346,346,346,0
2022-04-13 09:38:00,346,346,346,346,0
2022-04-13 09:39:00,346,346,346,346,0
2022-04-13 09:40:00,346,346,346,346,0
2022-04-13 09:41:00,346,346,346,346,0
2022-04-13 09:42:00,346,346,346,346,0
2022-04-13 09:43:00,346,346,346,346,0
2022-04-13 09:44:00,346,346,346,346,0
2022-04-13 09:45:00,346,346,346,346,0
2022-04-13 09:46:00,346,346,346,346,0
2022-04-13 09:47:00,346,346,346,346,0
2022-04-13 09:48:00,346,346,346,346,0
2022-04-13 09:49:00,346,346,346,346,0
2022-04-13 09:50:00,346,346,346,346,0
2022-04-13 09:51:00,346,346,346,346,0
2022-04-13 09:52:00,346,346,346,346,100
2022-04-13 09:53:00,346,346,346,346,0
2022-04-13 09:54:00,346,346,346,346,0
2022-04-13 09:55:00,346,346,346,346,0
2022-04-13 09:56:00,346,346,346,346,0
2022-04-13 09:57:00,346,346,346,346,0
2022-04-13 09:58:00,346,346,346,346,0
2022-04-13 09:59:00,346,346,346,346,0
2022-04-13 10:00:00,346,346,346,346,0
2022-04-13 10:01:00,346,346,346,346,0
2022-04-13 10:02:00,346,346,346,346,0
2022-04-13 10:03:00,346,346,346,346,0
2022-04-13 10:04:00,346,346,346,346,0
2022-04-13 10:05:00,346,346,346,346,0
2022-04-13 10:06:00,346,346,346,346,0
2022-04-13 10:07:00,346,346,346,346,0
2022-04-13 10:08:00,346,346,346,346,0
2022-04-13 10:09:00,346,346,346,346,0
2022-04-13 10:10:00,346,346,346,346,0
2022-04-13 10:11:00,346,346,346,346,0
2022-04-13 10:12:00,346,346,346,346,0
2022-04-13 10:13:00,346,346,346,346,0
2022-04-13 10:14:00,346,346,346,346,0
2022-04-13 10:15:00,346,346,346,346,0
2022-04-13 10:16:00,346,346,346,346,0
2022-04-13 10:17:00,346,346,346,346,0
2022-04-13 10:18:00,346,346,346,346,0
2022-04-13 10:19:00,346,346,346,346,0
2022-04-13 10:20:00,346,346,346,346,0
2022-04-13 10:21:00,346,346,346,346,0
2022-04-13 10:22:00,346,346,346,346,0
2022-04-13 10:23:00,346,346,346,346,0
2022-04-13 10:24:00,346,346,346,346,0
2022-04-13 10:25:00,346,346,346,346,0
2022-04-13 10:26:00,346,346,346,346,0
2022-04-13 10:27:00,346,346,346,346,0
2022-04-13 10:28:00,346,346,346,346,0
2022-04-13 10:29:00,346,346,346,346,0
2022-04-13 10:30:00,346,346,346,346,0
2022-04-13 10:31:00,346,346,346,346,0
2022-04-13 10:32:00,346,346,346,346,0
2022-04-13 10:33:00,346,346,346,346,0
2022-04-13 10:34:00,346,346,346,346,0
2022-04-13 10:35:00,346,346,346,346,0
2022-04-13 10:36:00,346,346,346,346,0
2022-04-13 10:37:00,346,346,346,346,0
2022-04-13 10:38:00,346,346,346,346,0
2022-04-13 10:39:00,346,346,346,346,0
2022-04-13 10:40:00,346,346,346,346,0
2022-04-13 10:41:00,346,346,346,346,0
2022-04-13 10:42:00,346,346,346,346,0
2022-04-13 10:43:00,346,346,346,346,0
2022-04-13 10:44:00,346,346,346,346,0
2022-04-13 10:45:00,346,346,346,346,0
2022-04-13 10:46:00,346,346,346,346,0
2022-04-13 10:47:00,346,346,346,346,0
2022-04-13 10:48:00,346,346,346,346,0
2022-04-13 10:49:00,346,346,346,346,0
2022-04-13 10:50:00,346,346,346,346,0
2022-04-13 10:51:00,346,346,346,346,0
2022-04-13 10:52:00,346,346,346,346,0
2022-04-13 10:53:00,346,346,346,346,0
2022-04-13 10:54:00,346,346,346,346,0
2022-04-13 10:55:00,346,346,346,346,0
2022-04-13 10:56:00,346,346,346,346,0
2022-04-13 10:57:00,346,346,346,346,0
2022-04-13 10:58:00,346,346,346,346,0
2022-04-13 10:59:00,346,346,346,346,0
2022-04-13 11:00:00,346,346,346,346,0
2022-04-13 11:01:00,346,346,346,346,0
2022-04-13 11:02:00,346,346,346,346,0
2022-04-13 11:03:00,346,346,346,346,0
2022-04-13 11:04:00,346,346,346,346,0
2022-04-13 11:05:00,346,346,346,346,0
2022-04-13 11:06:00,346,346,346,346,0
2022-04-13 11:07:00,346,346,346,346,0
2022-04-13 11:08:00,346,346,346,346,0
2022-04-13 11:09:00,346,346,346,346,0
2022-04-13 11:10:00,346,346,346,346,0
2022-04-13 11:11:00,346,346,346,346,0
2022-04-13 11:12:00,346,346,346,346,0
2022-04-13 11:13:00,346,346,346,346,0
2022-04-13 11:14:00,346,346,346,346,0
2022-04-13 11:15:00,346,346,346,346,0
2022-04-13 11:16:00,346,346,346,346,0
2022-04-13 11:17:00,346,346,346,346,0
2022-04-13 11:18:00,346,346,346,346,0
2022-04-13 11:19:00,346,346,346,346,0
2022-04-13 11:20:00,346,346,346,346,0
2022-04-13 11:21:00,346,346,346,346,0
2022-04-13 11:22:00,346,346,346,346,0
2022-04-13 11:23:00,346,346,346,346,0
2022-04-13 11:24:00,346,346,346,346,0
2022-04-13 11:25:00,346,346,346,346,0
2022-04-13 11:26:00,346,346,346,346,0
2022-04-13 11:27:00,346,346,346,346,0
2022-04-13 11:28:00,346,346,346,346,0
2022-04-13 11:29:00,346,346,346,346,0
2022-04-13 11:30:00,346,346,346,346,0
2022-04-13 11:31:00,346,346,346,346,0
2022-04-13 11:32:00,346,346,346,346,0
2022-04-13 11:33:00,346,346,346,346,0
2022-04-13 11:34:00,346,346,346,346,0
2022-04-13 11:35:00,346,346,346,346,0
2022-04-13 11:36:00,346,346,346,346,0
2022-04-13 11:37:00,346,346,346,346,0
2022-04-13 11:38:00,346,346,346,346,0
2022-04-13 11:39:00,346,346,346,346,0
2022-04-13 11:40:00,346,346,346,346,0
2022-04-13 11:41:00,346,346,346,346,0
2022-04-13 11:42:00,346,346,346,346,0
2022-04-13 11:43:00,346,346,346,346,0
2022-04-13 11:44:00,346,346,346,346,0
2022-04-13 11:45:00,346,346,346,346,0
2022-04-13 11:46:00,346,346,346,346,0
2022-04-13 11:47:00,346,346,346,346,0
2022-04-13 11:48:00,346,346,346,346,0
2022-04-13 11:49:00,346,346,346,346,0
2022-04-13 11:50:00,346,346,346,346,0
2022-04-13 11:51:00,346,346,346,346,0
2022-04-13 11:52:00,346,346,346,346,0
2022-04-13 11:53:00,346,346,346,346,0
2022-04-13 11:54:00,346,346,346,346,0
2022-04-13 11:55:00,346,346,346,346,0
2022-04-13 11:56:00,346,346,346,346,0
2022-04-13 11:57:00,346,346,346,346,0
2022-04-13 11:58:00,346,346,346,346,0
2022-04-13 11:59:00,346,346,346,346,0
2022-04-13 12:00:00,346,346,346,346,0
2022-04-13 12:01:00,346,346,346,346,0
2022-04-13 12:02:00,346,346,346,346,0
2022-04-13 12:03:00,346,346,346,346,0
2022-04-13 12:04:00,346,346,346,346,0
2022-04-13 12:05:00,346,346,346,346,0
2022-04-13 12:06:00,346,346,346,346,0
2022-04-13 12:07:00,346,346,346,346,0
2022-04-13 12:08:00,346,346,346,346,0
2022-04-13 12:09:00,346,346,346,346,0
2022-04-13 12:10:00,346,346,346,346,0
2022-04-13 12:11:00,346,346,346,346,0
2022-04-13 12:12:00,346,346,346,346,0
2022-04-13 12:13:00,346,346,346,346,0
2022-04-13 12:14:00,346,346,346,346,0
2022-04-13 12:15:00,346,346,346,346,0
2022-04-13 12:16:00,346,346,346,346,0
2022-04-13 12:17:00,346,346,346,346,0
2022-04-13 12:18:00,346,346,346,346,0
2022-04-13 12:19:00,346,346,346,346,0
2022-04-13 12:20:00,346,346,346,346,0
2022-04-13 12:21:00,346,346,346,346,0
2022-04-13 12:22:00,346,346,346,346,0
2022-04-13 12:23:00,346,346,346,346,0
2022-04-13 12:24:00,346,346,346,346,0
2022-04-13 12:25:00,346,346,346,346,0
2022-04-13 12:26:00,346,346,346,346,0
2022-04-13 12:27:00,346,346,346,346,0
2022-04-13 12:28:00,346,346,346,346,0
2022-04-13 12:29:00,346,346,346,346,0
2022-04-13 12:30:00,346,346,346,346,0
2022-04-13 12:31:00,346,346,346,346,0
2022-04-13 12:32:00,346,346,346,346,0
2022-04-13 12:33:00,346,346,346,346,0
2022-04-13 12:34:00,346,346,346,346,0
2022-04-13 12:35:00,346,346,346,346,0
2022-04-13 12:36:00,346,346,346,346,0
2022-04-13 12:37:00,346,346,346,346,0
2022-04-13 12:38:00,346,346,346,346,0
2022-04-13 12:39:00,346,346,346,346,0
2022-04-13 12:40:00,346,346,346,346,0
2022-04-13 12:41:00,346,346,346,346,0
2022-04-13 12:42:00,346,346,346,346,0
2022-04-13 12:43:00,346,346,346,346,0
2022-04-13 12:44:00,346,346,346,346,0
2022-04-13 12:45:00,346,346,346,346,0
2022-04-13 12:46:00,346,346,346,346,0
2022-04-13 12:47:00,346,346,346,346,0
2022-04-13 12:48:00,346,346,346,346,0
2022-04-13 12:49:00,346,346,346,346,0
2022-04-13 12:50:00,346,346,346,346,0
2022-04-13 12:51:00,346,346,346,346,0
2022-04-13 12:52:00,346,346,346,346,0
2022-04-13 12:53:00,346,346,346,346,0
2022-04-13 12:54:00,346,346,346,346,0
2022-04-13 12:55:00,346,346,346,346,0
2022-04-13 12:56:00,346,346,346,346,0
2022-04-13 12:57:00,346,346,346,346,0
2022-04-13 12:58:00,346,346,346,346,0
2022-04-13 12:59:00,346,346,346,346,0
2022-04-13 13:00:00,346,346,346,346,0
2022-04-13 13:01:00,346,346,346,346,0
2022-04-13 13:02:00,346,346,346,346,0
2022-04-13 13:03:00,346,346,346,346,0
2022-04-13 13:04:00,346,346,346,346,0
2022-04-13 13:05:00,346,346,346,346,0
2022-04-13 13:06:00,346,346,346,346,0
2022-04-13 13:07:00,346,346,346,346,0
2022-04-13 13:08:00,346,346,346,346,0
2022-04-13 13:09:00,346,346,346,346,0
2022-04-13 13:10:00,346,346,346,346,0
2022-04-13 13:11:00,346,346,346,346,0
2022-04-13 13:12:00,346,346,346,346,0
2022-04-13 13:13:00,346,346,346,346,0
2022-04-13 13:14:00,346,346,346,346,0
2022-04-13 13:15:00,346,346,346,346,0
2022-04-13 13:16:00,346,346,346,346,0
2022-04-13 13:17:00,346,346,346,346,0
2022-04-13 13:18:00,346,346,346,346,0
2022-04-13 13:19:00,346,346,346,346,0
2022-04-13 13:20:00,346,346,346,346,0
2022-04-13 13:21:00,346,346,346,346,0
2022-04-13 13:22:00,346,346,346,346,0
2022-04-13 13:23:00,346,346,346,346,0
2022-04-13 13:24:00,346,346,346,346,0
2022-04-13 13:25:00,346,346,346,346,0
2022-04-13 13:26:00,346,346,346,346,0
2022-04-13 13:27:00,346,346,346,346,0
2022-04-13 13:28:00,346,346,346,346,0
2022-04-13 13:29:00,346,346,346,346,0
2022-04-13 13:30:00,346,346,346,346,0
2022-04-13 13:31:00,346,346,346,346,0
2022-04-13 13:32:00,346,346,346,346,0
2022-04-13 13:33:00,346,346,346,346,0
2022-04-13 13:34:00,346,346,346,346,0
2022-04-13 13:35:00,346,346,346,346,0
2022-04-13 13:36:00,346,346,346,346,0
2022-04-13 13:37:00,346,346,346,346,0
2022-04-13 13:38:00,346,346,346,346,0
2022-04-13 13:39:00,346,346,346,346,0
2022-04-13 13:40:00,346,346,346,346,0
2022-04-13 13:41:00,346,346,346,346,0
2022-04-13 13:42:00,346,346,346,346,0
2022-04-13 13:43:00,346,346,346,346,0
2022-04-13 13:44:00,346,346,346,346,0
2022-04-13 13:45:00,346,346,346,346,0
2022-04-13 13:46:00,346,346,346,346,0
2022-04-13 13:47:00,346,346,346,346,0
2022-04-13 13:48:00,346,346,346,346,0
2022-04-13 13:49:00,346,346,346,346,0
2022-04-13 13:50:00,346,346,346,346,0
2022-04-13 13:51:00,346,346,346,346,0
2022-04-13 13:52:00,346,346,346,346,0
2022-04-13 13:53:00,346,346,346,346,0
2022-04-13 13:54:00,346,346,346,346,0
2022-04-13 13:55:00,346,346,346,346,0
2022-04-13 13:56:00,346,346,346,346,0
2022-04-13 13:57:00,346,346,346,346,0
2022-04-13 13:58:00,346,346,346,346,0
2022-04-13 13:59:00,346,346,346,346,0
2022-04-13 14:00:00,346,346,346,346,0
2022-04-13 14:01:00,346,346,346,346,0
2022-04-13 14:02:00,346,346,346,346,0
2022-04-13 14:03:00,346,346,346,346,0
2022-04-13 14:04:00,346,346,346,346,0
2022-04-13 14:05:00,346,346,346,346,0
2022-04-13 14:06:00,346,346,346,346,0
2022-04-13 14:07:00,346,346,346,346,0
2022-04-13 14:08:00,346,346,346,346,0
2022-04-13 14:09:00,346,346,346,346,0
2022-04-13 14:10:00,346,346,346,346,0
2022-04-13 14:11:00,346,346,346,346,0
2022-04-13 14:12:00,346,346,346,346,0
2022-04-13 14:13:00,346,346,346,346,0
2022-04-13 14:14:00,346,346,346,346,0
2022-04-13 14:15:00,346,346,346,346,0
2022-04-13 14:16:00,346,346,346,346,0
2022-04-13 14:17:00,346,346,346,346,0
2022-04-13 14:18:00,346,346,346,346,0
2022-04-13 14:19:00,346,346,346,346,0
2022-04-13 14:20:00,346,346,346,346,0
2022-04-13 14:21:00,346,346,346,346,0
2022-04-13 14:22:00,346,346,346,346,0
2022-04-13 14:23:00,346,346,346,346,0
2022-04-13 14:24:00,346,346,346,346,0
2022-04-13 14:25:00,346,346,346,346,0
2022-04-13 14:26:00,346,346,346,346,0
2022-04-13 14:27:00,330,330,330,330,900
2022-04-13 14:28:00,330,330,330,330,0
2022-04-13 14:29:00,330,330,330,330,0
2022-04-13 14:30:00,330,330,330,330,0
2022-04-13 14:31:00,330,330,330,330,0
2022-04-13 14:32:00,330,330,330,330,0
2022-04-13 14:33:00,330,330,330,330,0
2022-04-13 14:34:00,330,330,330,330,0
2022-04-13 14:35:00,330,330,330,330,0
2022-04-13 14:36:00,330,330,330,330,0
2022-04-13 14:37:00,330,330,330,330,0
2022-04-13 14:38:00,330,330,330,330,0
2022-04-13 14:39:00,334,334,334,334,300
2022-04-13 14:40:00,334,334,334,334,0
2022-04-13 14:41:00,334,334,334,334,0
2022-04-13 14:42:00,334,334,334,334,0
2022-04-13 14:43:00,334,334,334,334,0
2022-04-13 14:44:00,334,334,334,334,0
2022-04-13 14:45:00,334,334,334,334,0
2022-04-13 14:46:00,334,334,334,334,0
2022-04-13 14:47:00,334,334,334,334,0
2022-04-13 14:48:00,334,334,334,334,0
2022-04-13 14:49:00,334,334,334,334,0
2022-04-13 14:50:00,334,334,334,334,0
2022-04-13 14:51:00,334,334,334,334,0
2022-04-13 14:52:00,334,334,334,334,0
2022-04-13 14:53:00,334,334,334,334,0
2022-04-13 14:54:00,334,334,334,334,0
2022-04-13 14:55:00,334,334,334,334,0
2022-04-13 14:56:00,334,334,334,334,0
2022-04-13 14:57:00,334,334,334,334,0
2022-04-13 14:58:00,334,334,334,334,0
2022-04-13 14:59:00,334,334,334,334,0
2022-04-13 15:00:00,334,334,334,334,0
2022-04-13 15:01:00,334,334,334,334,0
2022-04-13 15:02:00,334,334,334,334,100
2022-04-13 15:03:00,334,334,334,334,0
2022-04-13 15:04:00,334,334,334,334,0
2022-04-13 15:05:00,334,334,334,334,0
2022-04-13 15:06:00,334,334,334,334,0
2022-04-13 15:07:00,334,334,334,334,0
2022-04-13 15:08:00,334,334,334,334,0
2022-04-13 15:09:00,334,334,334,334,0
2022-04-13 15:10:00,334,334,334,334,0
2022-04-13 15:11:00,334,334,334,334,0
2022-04-13 15:12:00,334,334,334,334,0
2022-04-13 15:13:00,334,334,334,334,0
2022-04-13 15:14:00,334,334,334,334,0
2022-04-13 15:15:00,334,334,334,334,0
2022-04-13 15:16:00,334,334,334,334,0
2022-04-13 15:17:00,334,334,334,334,0
2022-04-13 15:18:00,334,334,334,334,0
2022-04-13 15:19:00,334,334,334,334,0
2022-04-13 15:20:00,334,334,334,334,0
2022-04-13 15:21:00,334,334,334,334,0
2022-04-13 15:22:00,334,334,334,334,0
2022-04-13 15:23:00,334,334,334,334,0
2022-04-13 15:24:00,334,334,334,334,0
2022-04-13 15:25:00,334,334,334,334,0
2022-04-13 15:26:00,334,334,334,334,0
2022-04-13 15:27:00,334,334,334,334,0
2022-04-13 15:28:00,334,334,334,334,0
2022-04-13 15:29:00,334,334,334,334,0
2022-04-13 15:30:00,334,334,334,334,0
2022-04-13 15:31:00,334,334,334,334,0
2022-04-13 15:32:00,334,334,334,334,0
2022-04-13 15:33:00,334,334,334,334,0
2022-04-13 15:34:00,334,334,334,334,0
2022-04-13 15:35:00,334,334,334,334,0
2022-04-13 15:36:00,334,334,334,334,0
2022-04-13 15:37:00,334,334,334,334,0
2022-04-13 15:38:00,334,334,334,334,0
2022-04-13 15:39:00,334,334,334,334,0
2022-04-13 15:40:00,334,334,334,334,0
2022-04-13 15:41:00,334,334,334,334,0
2022-04-13 15:42:00,334,334,334,334,0
2022-04-13 15:43:00,334,334,334,334,0
2022-04-13 15:44:00,334,334,334,334,0
2022-04-13 15:45:00,334,334,334,334,0
2022-04-13 15:46:00,334,334,334,334,0
2022-04-13 15:47:00,334,334,334,334,0
2022-04-13 15:48:00,334,334,334,334,0
2022-04-13 15:49:00,334,334,334,334,0
2022-04-13 15:50:00,334,334,334,334,0
2022-04-13 15:51:00,334,334,334,334,0
2022-04-13 15:52:00,334,334,334,334,0
2022-04-13 15:53:00,334,334,334,334,0
2022-04-13 15:54:00,334,334,334,334,0
2022-04-13 15:55:00,334,334,334,334,0
2022-04-13 15:56:00,334,334,334,334,0
2022-04-13 15:57:00,334,334,334,334,0
2022-04-13 15:58:00,334,334,334,334,0
2022-04-13 15:59:00,334,334,334,334,0
2022-04-14 09:00:00,334,334,334,334,0
2022-04-14 09:01:00,334,334,334,334,0
2022-04-14 09:02:00,334,334,334,334,0
2022-04-14 09:03:00,334,334,334,334,0
2022-04-14 09:04:00,334,334,334,334,0
2022-04-14 09:05:00,334,334,334,334,0
2022-04-14 09:06:00,334,334,334,334,3300
2022-04-14 09:07:00,334,334,334,334,0
2022-04-14 09:08:00,334,334,334,334,0
2022-04-14 09:09:00,334,334,334,334,0
2022-04-14 09:10:00,334,334,334,334,500
2022-04-14 09:11:00,334,334,334,334,0
2022-04-14 09:12:00,334,334,334,334,0
2022-04-14 09:13:00,334,334,334,334,0
2022-04-14 09:14:00,334,334,334,334,0
2022-04-14 09:15:00,334,334,334,334,0
2022-04-14 09:16:00,334,334,334,334,0
2022-04-14 09:17:00,334,334,334,334,0
2022-04-14 09:18:00,334,334,334,334,0
2022-04-14 09:19:00,334,334,334,334,0
2022-04-14 09:20:00,334,334,334,334,0
2022-04-14 09:21:00,334,334,334,334,0
2022-04-14 09:22:00,334,334,334,334,0
2022-04-14 09:23:00,334,334,334,334,0
2022-04-14 09:24:00,334,334,334,334,0
2022-04-14 09:25:00,334,334,334,334,0
2022-04-14 09:26:00,334,334,334,334,0
2022-04-14 09:27:00,334,334,334,334,0
2022-04-14 09:28:00,334,334,334,334,0
2022-04-14 09:29:00,334,334,334,334,0
2022-04-14 09:30:00,334,334,334,334,0
2022-04-14 09:31:00,334,334,334,334,0
2022-04-14 09:32:00,334,334,334,334,0
2022-04-14 09:33:00,334,334,334,334,0
2022-04-14 09:34:00,334,334,334,334,0
2022-04-14 09:35:00,334,334,334,334,0
2022-04-14 09:36:00,334,334,334,334,0
2022-04-14 09:37:00,334,334,334,334,0
2022-04-14 09:38:00,334,334,334,334,0
2022-04-14 09:39:00,334,334,334,334,0
2022-04-14 09:40:00,334,334,334,334,0
2022-04-14 09:41:00,334,334,334,334,0
2022-04-14 09:42:00,334,334,334,334,0
2022-04-14 09:43:00,334,334,334,334,100
2022-04-14 09:44:00,334,334,334,334,0
2022-04-14 09:45:00,334,334,334,334,0
2022-04-14 09:46:00,334,334,334,334,0
2022-04-14 09:47:00,334,334,334,334,0
2022-04-14 09:48:00,334,334,334,334,0
2022-04-14 09:49:00,334,334,334,334,0
2022-04-14 09:50:00,334,334,334,334,0
2022-04-14 09:51:00,334,334,334,334,0
2022-04-14 09:52:00,334,334,334,334,0
2022-04-14 09:53:00,334,334,334,334,0
2022-04-14 09:54:00,334,334,334,334,0
2022-04-14 09:55:00,334,334,334,334,100
2022-04-14 09:56:00,334,334,334,334,0
2022-04-14 09:57:00,334,334,334,334,0
2022-04-14 09:58:00,334,334,334,334,0
2022-04-14 09:59:00,334,334,334,334,0
2022-04-14 10:00:00,334,334,334,334,0
2022-04-14 10:01:00,334,334,334,334,0
2022-04-14 10:02:00,334,334,334,334,0
2022-04-14 10:03:00,330,330,330,330,3900
2022-04-14 10:04:00,330,330,330,330,0
2022-04-14 10:05:00,330,330,330,330,0
2022-04-14 10:06:00,330,330,330,330,0
2022-04-14 10:07:00,330,330,330,330,0
2022-04-14 10:08:00,330,330,330,330,0
2022-04-14 10:09:00,330,330,330,330,0
2022-04-14 10:10:00,330,330,330,330,0
2022-04-14 10:11:00,330,330,330,330,0
2022-04-14 10:12:00,330,330,330,330,0
2022-04-14 10:13:00,330,330,330,330,0
2022-04-14 10:14:00,330,330,330,330,0
2022-04-14 10:15:00,330,330,330,330,0
2022-04-14 10:16:00,330,330,330,330,0
2022-04-14 10:17:00,330,330,330,330,400
2022-04-14 10:18:00,330,330,330,330,0
2022-04-14 10:19:00,330,330,330,330,0
2022-04-14 10:20:00,330,330,330,330,0
2022-04-14 10:21:00,330,330,330,330,0
2022-04-14 10:22:00,330,330,330,330,0
2022-04-14 10:23:00,330,330,330,330,0
2022-04-14 10:24:00,330,330,330,330,0
2022-04-14 10:25:00,330,330,330,330,0
2022-04-14 10:26:00,330,330,330,330,0
2022-04-14 10:27:00,330,330,330,330,0
2022-04-14 10:28:00,330,330,330,330,0
2022-04-14 10:29:00,330,330,330,330,0
2022-04-14 10:30:00,330,330,330,330,0
2022-04-14 10:31:00,330,330,330,330,0
2022-04-14 10:32:00,330,330,330,330,0
2022-04-14 10:33:00,330,330,330,330,0
2022-04-14 10:34:00,330,330,330,330,0
2022-04-14 10:35:00,330,330,330,330,0
2022-04-14 10:36:00,330,330,330,330,0
2022-04-14 10:37:00,330,330,330,330,0
2022-04-14 10:38:00,330,330,330,330,0
2022-04-14 10:39:00,330,330,330,330,0
2022-04-14 10:40:00,330,330,330,330,0
2022-04-14 10:41:00,330,330,330,330,0
2022-04-14 10:42:00,330,330,330,330,0
2022-04-14 10:43:00,330,330,330,330,0
2022-04-14 10:44:00,330,330,330,330,0
2022-04-14 10:45:00,330,330,330,330,0
2022-04-14 10:46:00,330,330,330,330,0
2022-04-14 10:47:00,330,330,330,330,0
2022-04-14 10:48:00,330,330,330,330,0
2022-04-14 10:49:00,330,330,330,330,0
2022-04-14 10:50:00,330,330,330,330,0
2022-04-14 10:51:00,330,330,330,330,0
2022-04-14 10:52:00,330,330,330,330,0
2022-04-14 10:53:00,330,330,330,330,0
2022-04-14 10:54:00,330,330,330,330,0
2022-04-14 10:55:00,330,330,330,330,0
2022-04-14 10:56:00,330,330,330,330,0
2022-04-14 10:57:00,330,330,330,330,0
2022-04-14 10:58:00,330,330,330,330,0
2022-04-14 10:59:00,330,330,330,330,0
2022-04-14 11:00:00,330,330,330,330,0
2022-04-14 11:01:00,330,330,330,330,0
2022-04-14 11:02:00,330,330,330,330,0
2022-04-14 11:03:00,330,330,330,330,0
2022-04-14 11:04:00,330,330,330,330,0
2022-04-14 11:05:00,330,330,330,330,0
2022-04-14 11:06:00,330,330,330,330,0
2022-04-14 11:07:00,334,330,334,330,8100
2022-04-14 11:08:00,334,330,334,330,0
2022-04-14 11:09:00,334,330,334,330,0
2022-04-14 11:10:00,334,330,334,330,0
2022-04-14 11:11:00,334,330,334,330,0
2022-04-14 11:12:00,334,330,334,330,0
2022-04-14 11:13:00,334,330,334,330,0
2022-04-14 11:14:00,334,330,334,330,0
2022-04-14 11:15:00,334,330,334,330,0
2022-04-14 11:16:00,334,330,334,330,0
2022-04-14 11:17:00,334,330,334,330,0
2022-04-14 11:18:00,334,330,334,330,0
2022-04-14 11:19:00,334,330,334,330,0
2022-04-14 11:20:00,334,330,334,330,0
2022-04-14 11:21:00,334,330,334,330,0
2022-04-14 11:22:00,334,330,334,330,0
2022-04-14 11:23:00,334,330,334,330,0
2022-04-14 11:24:00,334,330,334,330,0
2022-04-14 11:25:00,334,330,334,330,0
2022-04-14 11:26:00,334,330,334,330,0
2022-04-14 11:27:00,334,330,334,330,0
2022-04-14 11:28:00,334,330,334,330,0
2022-04-14 11:29:00,334,330,334,330,0
2022-04-14 11:30:00,334,330,334,330,0
2022-04-14 11:31:00,334,330,334,330,0
2022-04-14 11:32:00,334,330,334,330,0
2022-04-14 11:33:00,334,330,334,330,0
2022-04-14 11:34:00,334,330,334,330,0
2022-04-14 11:35:00,334,330,334,330,0
2022-04-14 11:36:00,334,330,334,330,0
2022-04-14 11:37:00,334,330,334,330,0
2022-04-14 11:38:00,334,330,334,330,0
2022-04-14 11:39:00,334,330,334,330,0
2022-04-14 11:40:00,334,330,334,330,0
2022-04-14 11:41:00,334,330,334,330,0
2022-04-14 11:42:00,334,330,334,330,0
2022-04-14 11:43:00,334,330,334,330,0
2022-04-14 11:44:00,334,330,334,330,0
2022-04-14 11:45:00,334,330,334,330,0
2022-04-14 11:46:00,334,330,334,330,0
2022-04-14 11:47:00,334,330,334,330,0
2022-04-14 11:48:00,334,330,334,330,0
2022-04-14 11:49:00,334,330,334,330,0
2022-04-14 11:50:00,334,330,334,330,0
2022-04-14 11:51:00,334,330,334,330,0
2022-04-14 11:52:00,334,330,334,330,0
2022-04-14 11:53:00,334,330,334,330,0
2022-04-14 11:54:00,334,330,334,330,0
2022-04-14 11:55:00,334,330,334,330,0
2022-04-14 11:56:00,334,330,334,330,0
2022-04-14 11:57:00,334,330,334,330,0
2022-04-14 11:58:00,334,330,334,330,0
2022-04-14 11:59:00,334,330,334,330,0
2022-04-14 12:00:00,334,330,334,330,0
2022-04-14 12:01:00,334,330,334,330,0
2022-04-14 12:02:00,334,330,334,330,0
2022-04-14 12:03:00,334,330,334,330,0
2022-04-14 12:04:00,334,330,334,330,0
2022-04-14 12:05:00,334,330,334,330,0
2022-04-14 12:06:00,334,330,334,330,0
2022-04-14 12:07:00,334,330,334,330,0
2022-04-14 12:08:00,334,330,334,330,0
2022-04-14 12:09:00,334,330,334,330,0
2022-04-14 12:10:00,334,330,334,330,0
2022-04-14 12:11:00,334,330,334,330,0
2022-04-14 12:12:00,334,330,334,330,0
2022-04-14 12:13:00,334,330,334,330,0
2022-04-14 12:14:00,334,330,334,330,0
2022-04-14 12:15:00,334,330,334,330,0
2022-04-14 12:16:00,334,330,334,330,0
2022-04-14 12:17:00,334,330,334,330,0
2022-04-14 12:18:00,334,330,334,330,0
2022-04-14 12:19:00,334,330,334,330,0
2022-04-14 12:20:00,334,330,334,330,0
2022-04-14 12:21:00,334,330,334,330,0
2022-04-14 12:22:00,334,330,334,330,0
2022-04-14 12:23:00,334,330,334,330,0
2022-04-14 12:24:00,334,330,334,330,0
2022-04-14 12:25:00,334,330,334,330,0
2022-04-14 12:26:00,334,330,334,330,0
2022-04-14 12:27:00,334,330,334,330,0
2022-04-14 12:28:00,334,330,334,330,0
2022-04-14 12:29:00,334,330,334,330,0
2022-04-14 12:30:00,334,330,334,330,0
2022-04-14 12:31:00,334,330,334,330,0
2022-04-14 12:32:00,334,330,334,330,0
2022-04-14 12:33:00,334,330,334,330,0
2022-04-14 12:34:00,334,330,334,330,0
2022-04-14 12:35:00,334,330,334,330,0
2022-04-14 12:36:00,334,330,334,330,0
2022-04-14 12:37:00,334,330,334,330,0
2022-04-14 12:38:00,334,330,334,330,0
2022-04-14 12:39:00,334,330,334,330,0
2022-04-14 12:40:00,334,330,334,330,0
2022-04-14 12:41:00,334,330,334,330,0
2022-04-14 12:42:00,334,330,334,330,0
2022-04-14 12:43:00,334,330,334,330,0
2022-04-14 12:44:00,334,330,334,330,0
2022-04-14 12:45:00,334,330,334,330,0
2022-04-14 12:46:00,334,330,334,330,0
2022-04-14 12:47:00,334,330,334,330,0
2022-04-14 12:48:00,334,330,334,330,0
2022-04-14 12:49:00,334,330,334,330,0
2022-04-14 12:50:00,334,330,334,330,0
2022-04-14 12:51:00,334,330,334,330,0
2022-04-14 12:52:00,334,330,334,330,0
2022-04-14 12:53:00,334,330,334,330,0
2022-04-14 12:54:00,334,330,334,330,0
2022-04-14 12:55:00,334,330,334,330,0
2022-04-14 12:56:00,334,330,334,330,0
2022-04-14 12:57:00,334,330,334,330,0
2022-04-14 12:58:00,334,330,334,330,0
2022-04-14 12:59:00,334,330,334,330,0
2022-04-14 13:00:00,334,330,334,330,0
2022-04-14 13:01:00,334,330,334,330,0
2022-04-14 13:02:00,334,330,334,330,0
2022-04-14 13:03:00,334,330,334,330,0
2022-04-14 13:04:00,334,330,334,330,0
2022-04-14 13:05:00,334,330,334,330,0
2022-04-14 13:06:00,334,330,334,330,0
2022-04-14 13:07:00,334,330,334,330,0
2022-04-14 13:08:00,334,330,334,330,0
2022-04-14 13:09:00,334,330,334,330,0
2022-04-14 13:10:00,334,330,334,330,0
2022-04-14 13:11:00,334,330,334,330,0
2022-04-14 13:12:00,334,330,334,330,0
2022-04-14 13:13:00,334,330,334,330,0
2022-04-14 13:14:00,334,330,334,330,0
2022-04-14 13:15:00,334,330,334,330,0
2022-04-14 13:16:00,334,330,334,330,0
2022-04-14 13:17:00,334,330,334,330,0
2022-04-14 13:18:00,334,330,334,330,0
2022-04-14 13:19:00,334,330,334,330,0
2022-04-14 13:20:00,334,330,334,330,0
2022-04-14 13:21:00,334,330,334,330,0
2022-04-14 13:22:00,334,330,334,330,0
2022-04-14 13:23:00,334,330,334,330,0
2022-04-14 13:24:00,334,330,334,330,0
2022-04-14 13:25:00,334,330,334,330,0
2022-04-14 13:26:00,334,330,334,330,0
2022-04-14 13:27:00,334,330,334,330,0
2022-04-14 13:28:00,334,330,334,330,0
2022-04-14 13:29:00,334,330,334,330,0
2022-04-14 13:30:00,334,334,334,334,300
2022-04-14 13:31:00,334,334,334,334,0
2022-04-14 13:32:00,334,334,334,334,0
2022-04-14 13:33:00,334,334,334,334,0
2022-04-14 13:34:00,334,334,334,334,0
2022-04-14 13:35:00,334,334,334,334,0
2022-04-14 13:36:00,330,330,330,330,100
2022-04-14 13:37:00,330,330,330,330,0
2022-04-14 13:38:00,330,330,330,330,0
2022-04-14 13:39:00,330,330,330,330,0
2022-04-14 13:40:00,330,330,330,330,0
2022-04-14 13:41:00,330,330,330,330,0
2022-04-14 13:42:00,330,330,330,330,0
2022-04-14 13:43:00,330,330,330,330,0
2022-04-14 13:44:00,330,330,330,330,0
2022-04-14 13:45:00,330,330,330,330,0
2022-04-14 13:46:00,330,330,330,330,0
2022-04-14 13:47:00,330,330,330,330,3000
2022-04-14 13:48:00,330,330,330,330,0
2022-04-14 13:49:00,330,330,330,330,0
2022-04-14 13:50:00,330,330,330,330,0
2022-04-14 13:51:00,330,330,330,330,0
2022-04-14 13:52:00,330,330,330,330,0
2022-04-14 13:53:00,330,330,330,330,0
2022-04-14 13:54:00,330,330,330,330,0
2022-04-14 13:55:00,330,330,330,330,0
2022-04-14 13:56:00,330,330,330,330,0
2022-04-14 13:57:00,330,330,330,330,0
2022-04-14 13:58:00,330,330,330,330,0
2022-04-14 13:59:00,330,330,330,330,0
2022-04-14 14:00:00,334,334,334,334,20600
2022-04-14 14:01:00,334,334,334,334,0
2022-04-14 14:02:00,334,334,334,334,0
2022-04-14 14:03:00,334,334,334,334,0
2022-04-14 14:04:00,334,334,334,334,0
2022-04-14 14:05:00,334,334,334,334,0
2022-04-14 14:06:00,334,334,334,334,0
2022-04-14 14:07:00,334,334,334,334,0
2022-04-14 14:08:00,334,334,334,334,0
2022-04-14 14:09:00,334,334,334,334,0
2022-04-14 14:10:00,334,334,334,334,0
2022-04-14 14:11:00,334,334,334,334,0
2022-04-14 14:12:00,334,334,334,334,0
2022-04-14 14:13:00,334,334,334,334,0
2022-04-14 14:14:00,334,334,334,334,0
2022-04-14 14:15:00,334,334,334,334,0
2022-04-14 14:16:00,334,334,334,334,0
2022-04-14 14:17:00,334,334,334,334,0
2022-04-14 14:18:00,334,334,334,334,0
2022-04-14 14:19:00,334,334,334,334,14500
2022-04-14 14:20:00,334,334,334,334,0
2022-04-14 14:21:00,334,334,334,334,0
2022-04-14 14:22:00,334,334,334,334,0
2022-04-14 14:23:00,334,334,334,334,0
2022-04-14 14:24:00,334,334,334,334,0
2022-04-14 14:25:00,334,334,334,334,0
2022-04-14 14:26:00,334,334,334,334,0
2022-04-14 14:27:00,334,334,334,334,0
2022-04-14 14:28:00,334,334,334,334,0
2022-04-14 14:29:00,334,334,334,334,0
2022-04-14 14:30:00,334,334,334,334,0
2022-04-14 14:31:00,334,334,334,334,0
2022-04-14 14:32:00,334,334,334,334,0
2022-04-14 14:33:00,334,334,334,334,0
2022-04-14 14:34:00,334,334,334,334,0
2022-04-14 14:35:00,334,334,334,334,0
2022-04-14 14:36:00,334,334,334,334,0
2022-04-14 14:37:00,334,334,334,334,0
2022-04-14 14:38:00,334,334,334,334,0
2022-04-14 14:39:00,334,334,334,334,0
2022-04-14 14:40:00,360,360,360,360,200
2022-04-14 14:41:00,360,360,360,360,0
2022-04-14 14:42:00,370,370,370,370,100
2022-04-14 14:43:00,370,370,370,370,0
2022-04-14 14:44:00,370,370,370,370,0
2022-04-14 14:45:00,370,370,370,370,0
2022-04-14 14:46:00,370,370,370,370,0
2022-04-14 14:47:00,370,370,370,370,0
2022-04-14 14:48:00,370,370,370,370,0
2022-04-14 14:49:00,366,366,366,366,100
2022-04-14 14:50:00,366,366,366,366,0
2022-04-14 14:51:00,366,366,366,366,0
2022-04-14 14:52:00,366,366,366,366,0
2022-04-14 14:53:00,366,366,366,366,0
2022-04-14 14:54:00,366,366,366,366,0
2022-04-14 14:55:00,366,366,366,366,0
2022-04-14 14:56:00,366,366,366,366,0
2022-04-14 14:57:00,366,366,366,366,0
2022-04-14 14:58:00,366,366,366,366,0
2022-04-14 14:59:00,366,366,366,366,0
2022-04-14 15:00:00,368,368,368,368,600
2022-04-14 15:01:00,368,368,368,368,0
2022-04-14 15:02:00,368,368,368,368,100
2022-04-14 15:03:00,368,368,368,368,0
2022-04-14 15:04:00,368,368,368,368,500
2022-04-14 15:05:00,368,368,368,368,0
2022-04-14 15:06:00,368,368,368,368,0
2022-04-14 15:07:00,368,368,368,368,0
2022-04-14 15:08:00,368,368,368,368,0
2022-04-14 15:09:00,368,368,368,368,0
2022-04-14 15:10:00,368,368,368,368,0
2022-04-14 15:11:00,368,368,368,368,0
2022-04-14 15:12:00,368,368,368,368,0
2022-04-14 15:13:00,368,368,368,368,0
2022-04-14 15:14:00,368,368,368,368,0
2022-04-14 15:15:00,368,368,368,368,0
2022-04-14 15:16:00,368,368,368,368,0
2022-04-14 15:17:00,368,368,368,368,0
2022-04-14 15:18:00,368,368,368,368,0
2022-04-14 15:19:00,368,368,368,368,0
2022-04-14 15:20:00,368,368,368,368,0
2022-04-14 15:21:00,368,368,368,368,0
2022-04-14 15:22:00,368,368,368,368,0
2022-04-14 15:23:00,368,368,368,368,0
2022-04-14 15:24:00,368,368,368,368,0
2022-04-14 15:25:00,368,368,368,368,0
2022-04-14 15:26:00,368,368,368,368,0
2022-04-14 15:27:00,368,368,368,368,0
2022-04-14 15:28:00,368,368,368,368,0
2022-04-14 15:29:00,368,368,368,368,0
2022-04-14 15:30:00,368,368,368,368,0
2022-04-14 15:31:00,368,368,368,368,0
2022-04-14 15:32:00,368,368,368,368,0
2022-04-14 15:33:00,368,368,368,368,0
2022-04-14 15:34:00,368,368,368,368,0
2022-04-14 15:35:00,368,368,368,368,0
2022-04-14 15:36:00,368,368,368,368,0
2022-04-14 15:37:00,368,368,368,368,0
2022-04-14 15:38:00,368,368,368,368,0
2022-04-14 15:39:00,368,368,368,368,0
2022-04-14 15:40:00,368,368,368,368,0
2022-04-14 15:41:00,368,368,368,368,0
2022-04-14 15:42:00,368,368,368,368,0
2022-04-14 15:43:00,368,368,368,368,0
2022-04-14 15:44:00,368,368,368,368,0
2022-04-14 15:45:00,368,368,368,368,0
2022-04-14 15:46:00,368,368,368,368,0
2022-04-14 15:47:00,368,368,368,368,0
2022-04-14 15:48:00,368,368,368,368,0
2022-04-14 15:49:00,368,368,368,368,0
2022-04-14 15:50:00,368,368,368,368,0
2022-04-14 15:51:00,368,368,368,368,0
2022-04-14 15:52:00,368,368,368,368,0
2022-04-14 15:53:00,368,368,368,368,0
2022-04-14 15:54:00,368,368,368,368,0
2022-04-14 15:55:00,368,368,368,368,0
2022-04-14 15:56:00,368,368,368,368,0
2022-04-14 15:57:00,368,368,368,368,0
2022-04-14 15:58:00,368,368,368,368,0
2022-04-14 15:59:00,368,368,368,368,0
2022-04-15 09:00:00,368,368,368,368,0
2022-04-15 09:01:00,368,368,368,368,0
2022-04-15 09:02:00,368,368,368,368,0
2022-04-15 09:03:00,368,368,368,368,0
2022-04-15 09:04:00,368,368,368,368,0
2022-04-15 09:05:00,368,368,368,368,0
2022-04-15 09:06:00,368,368,368,368,0
2022-04-15 09:07:00,368,368,368,368,0
2022-04-15 09:08:00,368,368,368,368,0
2022-04-15 09:09:00,368,368,368,368,0
2022-04-15 09:10:00,368,368,368,368,0
2022-04-15 09:11:00,368,368,368,368,0
2022-04-15 09:12:00,368,368,368,368,0
2022-04-15 09:13:00,368,368,368,368,0
2022-04-15 09:14:00,368,368,368,368,0
2022-04-15 09:15:00,368,368,368,368,0
2022-04-15 09:16:00,368,368,368,368,0
2022-04-15 09:17:00,368,368,368,368,0
2022-04-15 09:18:00,368,368,368,368,0
2022-04-15 09:19:00,368,368,368,368,0
2022-04-15 09:20:00,368,368,368,368,0
2022-04-15 09:21:00,368,368,368,368,0
2022-04-15 09:22:00,368,368,368,368,0
2022-04-15 09:23:00,368,368,368,368,0
2022-04-15 09:24:00,368,368,368,368,0
2022-04-15 09:25:00,368,368,368,368,0
2022-04-15 09:26:00,368,368,368,368,0
2022-04-15 09:27:00,368,368,368,368,0
2022-04-15 09:28:00,368,368,368,368,0
2022-04-15 09:29:00,368,368,368,368,0
2022-04-15 09:30:00,368,368,368,368,0
2022-04-15 09:31:00,368,368,368,368,0
2022-04-15 09:32:00,368,368,368,368,0
2022-04-15 09:33:00,368,368,368,368,0
2022-04-15 09:34:00,368,368,368,368,0
2022-04-15 09:35:00,368,368,368,368,0
2022-04-15 09:36:00,368,368,368,368,0
2022-04-15 09:37:00,368,368,368,368,0
2022-04-15 09:38:00,368,368,368,368,0
2022-04-15 09:39:00,368,368,368,368,0
2022-04-15 09:40:00,368,368,368,368,0
2022-04-15 09:41:00,368,368,368,368,0
2022-04-15 09:42:00,368,368,368,368,0
2022-04-15 09:43:00,368,368,368,368,0
2022-04-15 09:44:00,368,368,368,368,0
2022-04-15 09:45:00,368,368,368,368,0
2022-04-15 09:46:00,368,368,368,368,0
2022-04-15 09:47:00,368,368,368,368,0
2022-04-15 09:48:00,368,368,368,368,0
2022-04-15 09:49:00,368,368,368,368,0
2022-04-15 09:50:00,368,368,368,368,0
2022-04-15 09:51:00,368,368,368,368,0
2022-04-15 09:52:00,368,368,368,368,0
2022-04-15 09:53:00,368,368,368,368,0
2022-04-15 09:54:00,368,368,368,368,0
2022-04-15 09:55:00,368,368,368,368,0
2022-04-15 09:56:00,368,368,368,368,0
2022-04-15 09:57:00,368,368,368,368,0
2022-04-15 09:58:00,368,368,368,368,0
2022-04-15 09:59:00,368,368,368,368,0
2022-04-15 10:00:00,368,368,368,368,0
2022-04-15 10:01:00,368,368,368,368,0
2022-04-15 10:02:00,368,368,368,368,0
2022-04-15 10:03:00,368,368,368,368,0
2022-04-15 10:04:00,368,368,368,368,0
2022-04-15 10:05:00,368,368,368,368,0
2022-04-15 10:06:00,368,368,368,368,0
2022-04-15 10:07:00,368,368,368,368,0
2022-04-15 10:08:00,368,368,368,368,0
2022-04-15 10:09:00,368,368,368,368,0
2022-04-15 10:10:00,368,368,368,368,0
2022-04-15 10:11:00,368,368,368,368,0
2022-04-15 10:12:00,368,368,368,368,0
2022-04-15 10:13:00,368,368,368,368,0
2022-04-15 10:14:00,368,368,368,368,0
2022-04-15 10:15:00,368,368,368,368,0
2022-04-15 10:16:00,368,368,368,368,0
2022-04-15 10:17:00,368,368,368,368,0
2022-04-15 10:18:00,368,368,368,368,0
2022-04-15 10:19:00,368,368,368,368,0
2022-04-15 10:20:00,368,368,368,368,0
2022-04-15 10:21:00,368,368,368,368,0
2022-04-15 10:22:00,368,368,368,368,0
2022-04-15 10:23:00,368,368,368,368,0
2022-04-15 10:24:00,368,368,368,368,0
2022-04-15 10:25:00,368,368,368,368,0
2022-04-15 10:26:00,368,368,368,368,0
2022-04-15 10:27:00,368,368,368,368,0
2022-04-15 10:28:00,368,368,368,368,0
2022-04-15 10:29:00,368,368,368,368,0
2022-04-15 10:30:00,368,368,368,368,0
2022-04-15 10:31:00,368,368,368,368,0
2022-04-15 10:32:00,368,368,368,368,0
2022-04-15 10:33:00,368,368,368,368,0
2022-04-15 10:34:00,368,368,368,368,0
2022-04-15 10:35:00,368,368,368,368,0
2022-04-15 10:36:00,368,368,368,368,0
2022-04-15 10:37:00,368,368,368,368,0
2022-04-15 10:38:00,368,368,368,368,0
2022-04-15 10:39:00,368,368,368,368,0
2022-04-15 10:40:00,368,368,368,368,0
2022-04-15 10:41:00,368,368,368,368,0
2022-04-15 10:42:00,368,368,368,368,0
2022-04-15 10:43:00,368,368,368,368,0
2022-04-15 10:44:00,368,368,368,368,0
2022-04-15 10:45:00,368,368,368,368,0
2022-04-15 10:46:00,368,368,368,368,0
2022-04-15 10:47:00,368,368,368,368,0
2022-04-15 10:48:00,368,368,368,368,0
2022-04-15 10:49:00,368,368,368,368,0
2022-04-15 10:50:00,368,368,368,368,0
2022-04-15 10:51:00,368,368,368,368,0
2022-04-15 10:52:00,368,368,368,368,0
2022-04-15 10:53:00,368,368,368,368,0
2022-04-15 10:54:00,368,368,368,368,0
2022-04-15 10:55:00,368,368,368,368,0
2022-04-15 10:56:00,368,368,368,368,0
2022-04-15 10:57:00,368,368,368,368,0
2022-04-15 10:58:00,368,368,368,368,0
2022-04-15 10:59:00,368,368,368,368,0
2022-04-15 11:00:00,368,368,368,368,0
2022-04-15 11:01:00,368,368,368,368,0
2022-04-15 11:02:00,368,368,368,368,0
2022-04-15 11:03:00,368,368,368,368,0
2022-04-15 11:04:00,368,368,368,368,0
2022-04-15 11:05:00,368,368,368,368,0
2022-04-15 11:06:00,368,368,368,368,0
2022-04-15 11:07:00,368,368,368,368,0
2022-04-15 11:08:00,368,368,368,368,0
2022-04-15 11:09:00,368,368,368,368,0
2022-04-15 11:10:00,368,368,368,368,0
2022-04-15 11:11:00,368,368,368,368,0
2022-04-15 11:12:00,368,368,368,368,0
2022-04-15 11:13:00,368,368,368,368,0
2022-04-15 11:14:00,368,368,368,368,0
2022-04-15 11:15:00,368,368,368,368,0
2022-04-15 11:16:00,368,368,368,368,0
2022-04-15 11:17:00,368,368,368,368,0
2022-04-15 11:18:00,368,368,368,368,0
2022-04-15 11:19:00,368,368,368,368,0
2022-04-15 11:20:00,368,368,368,368,0
2022-04-15 11:21:00,368,368,368,368,0
2022-04-15 11:22:00,368,368,368,368,0
2022-04-15 11:23:00,368,368,368,368,0
2022-04-15 11:24:00,368,368,368,368,0
2022-04-15 11:25:00,368,368,368,368,0
2022-04-15 11:26:00,368,368,368,368,0
2022-04-15 11:27:00,368,368,368,368,0
2022-04-15 11:28:00,368,368,368,368,0
2022-04-15 11:29:00,368,368,368,368,0
2022-04-15 11:30:00,368,368,368,368,0
2022-04-15 11:31:00,368,368,368,368,0
2022-04-15 11:32:00,368,368,368,368,0
2022-04-15 11:33:00,368,368,368,368,0
2022-04-15 11:34:00,368,368,368,368,0
2022-04-15 11:35:00,368,368,368,368,0
2022-04-15 11:36:00,368,368,368,368,0
2022-04-15 11:37:00,368,368,368,368,0
2022-04-15 11:38:00,368,368,368,368,0
2022-04-15 11:39:00,368,368,368,368,0
2022-04-15 11:40:00,368,368,368,368,0
2022-04-15 11:41:00,368,368,368,368,0
2022-04-15 11:42:00,368,368,368,368,0
2022-04-15 11:43:00,368,368,368,368,0
2022-04-15 11:44:00,368,368,368,368,0
2022-04-15 11:45:00,368,368,368,368,0
2022-04-15 11:46:00,368,368,368,368,0
2022-04-15 11:47:00,368,368,368,368,0
2022-04-15 11:48:00,368,368,368,368,0
2022-04-15 11:49:00,368,368,368,368,0
2022-04-15 11:50:00,368,368,368,368,0
2022-04-15 11:51:00,368,368,368,368,0
2022-04-15 11:52:00,368,368,368,368,0
2022-04-15 11:53:00,368,368,368,368,0
2022-04-15 11:54:00,368,368,368,368,0
2022-04-15 11:55:00,368,368,368,368,0
2022-04-15 11:56:00,368,368,368,368,0
2022-04-15 11:57:00,368,368,368,368,0
2022-04-15 11:58:00,368,368,368,368,0
2022-04-15 11:59:00,368,368,368,368,0
2022-04-15 12:00:00,368,368,368,368,0
2022-04-15 12:01:00,368,368,368,368,0
2022-04-15 12:02:00,368,368,368,368,0
2022-04-15 12:03:00,368,368,368,368,0
2022-04-15 12:04:00,368,368,368,368,0
2022-04-15 12:05:00,368,368,368,368,0
2022-04-15 12:06:00,368,368,368,368,0
2022-04-15 12:07:00,368,368,368,368,0
2022-04-15 12:08:00,368,368,368,368,0
2022-04-15 12:09:00,368,368,368,368,0
2022-04-15 12:10:00,368,368,368,368,0
2022-04-15 12:11:00,368,368,368,368,0
2022-04-15 12:12:00,368,368,368,368,0
2022-04-15 12:13:00,368,368,368,368,0
2022-04-15 12:14:00,368,368,368,368,0
2022-04-15 12:15:00,368,368,368,368,0
2022-04-15 12:16:00,368,368,368,368,0
2022-04-15 12:17:00,368,368,368,368,0
2022-04-15 12:18:00,368,368,368,368,0
2022-04-15 12:19:00,368,368,368,368,0
2022-04-15 12:20:00,368,368,368,368,0
2022-04-15 12:21:00,368,368,368,368,0
2022-04-15 12:22:00,368,368,368,368,0
2022-04-15 12:23:00,368,368,368,368,0
2022-04-15 12:24:00,368,368,368,368,0
2022-04-15 12:25:00,368,368,368,368,0
2022-04-15 12:26:00,368,368,368,368,0
2022-04-15 12:27:00,368,368,368,368,0
2022-04-15 12:28:00,368,368,368,368,0
2022-04-15 12:29:00,368,368,368,368,0
2022-04-15 12:30:00,368,368,368,368,0
2022-04-15 12:31:00,368,368,368,368,0
2022-04-15 12:32:00,368,368,368,368,0
2022-04-15 12:33:00,368,368,368,368,0
2022-04-15 12:34:00,368,368,368,368,0
2022-04-15 12:35:00,368,368,368,368,0
2022-04-15 12:36:00,368,368,368,368,0
2022-04-15 12:37:00,368,368,368,368,0
2022-04-15 12:38:00,368,368,368,368,0
2022-04-15 12:39:00,368,368,368,368,0
2022-04-15 12:40:00,368,368,368,368,0
2022-04-15 12:41:00,368,368,368,368,0
2022-04-15 12:42:00,368,368,368,368,0
2022-04-15 12:43:00,368,368,368,368,0
2022-04-15 12:44:00,368,368,368,368,0
2022-04-15 12:45:00,368,368,368,368,0
2022-04-15 12:46:00,368,368,368,368,0
2022-04-15 12:47:00,368,368,368,368,0
2022-04-15 12:48:00,368,368,368,368,0
2022-04-15 12:49:00,368,368,368,368,0
2022-04-15 12:50:00,368,368,368,368,0
2022-04-15 12:51:00,368,368,368,368,0
2022-04-15 12:52:00,368,368,368,368,0
2022-04-15 12:53:00,368,368,368,368,0
2022-04-15 12:54:00,368,368,368,368,0
2022-04-15 12:55:00,368,368,368,368,0
2022-04-15 12:56:00,368,368,368,368,0
2022-04-15 12:57:00,368,368,368,368,0
2022-04-15 12:58:00,368,368,368,368,0
2022-04-15 12:59:00,368,368,368,368,0
2022-04-15 13:00:00,368,368,368,368,0
2022-04-15 13:01:00,368,368,368,368,0
2022-04-15 13:02:00,368,368,368,368,0
2022-04-15 13:03:00,368,368,368,368,0
2022-04-15 13:04:00,368,368,368,368,0
2022-04-15 13:05:00,368,368,368,368,0
2022-04-15 13:06:00,368,368,368,368,0
2022-04-15 13:07:00,368,368,368,368,0
2022-04-15 13:08:00,368,368,368,368,0
2022-04-15 13:09:00,368,368,368,368,0
2022-04-15 13:10:00,368,368,368,368,0
2022-04-15 13:11:00,368,368,368,368,0
2022-04-15 13:12:00,368,368,368,368,0
2022-04-15 13:13:00,368,368,368,368,0
2022-04-15 13:14:00,368,368,368,368,0
2022-04-15 13:15:00,368,368,368,368,0
2022-04-15 13:16:00,368,368,368,368,0
2022-04-15 13:17:00,368,368,368,368,0
2022-04-15 13:18:00,368,368,368,368,0
2022-04-15 13:19:00,368,368,368,368,0
2022-04-15 13:20:00,368,368,368,368,0
2022-04-15 13:21:00,368,368,368,368,0
2022-04-15 13:22:00,368,368,368,368,0
2022-04-15 13:23:00,368,368,368,368,0
2022-04-15 13:24:00,368,368,368,368,0
2022-04-15 13:25:00,368,368,368,368,0
2022-04-15 13:26:00,368,368,368,368,0
2022-04-15 13:27:00,368,368,368,368,0
2022-04-15 13:28:00,368,368,368,368,0
2022-04-15 13:29:00,368,368,368,368,0
2022-04-15 13:30:00,368,368,368,368,0
2022-04-15 13:31:00,368,368,368,368,0
2022-04-15 13:32:00,368,368,368,368,0
2022-04-15 13:33:00,368,368,368,368,0
2022-04-15 13:34:00,368,368,368,368,0
2022-04-15 13:35:00,368,368,368,368,0
2022-04-15 13:36:00,368,368,368,368,0
2022-04-15 13:37:00,368,368,368,368,0
2022-04-15 13:38:00,368,368,368,368,0
2022-04-15 13:39:00,368,368,368,368,0
2022-04-15 13:40:00,368,368,368,368,0
2022-04-15 13:41:00,368,368,368,368,0
2022-04-15 13:42:00,368,368,368,368,0
2022-04-15 13:43:00,368,368,368,368,0
2022-04-15 13:44:00,368,368,368,368,0
2022-04-15 13:45:00,368,368,368,368,0
2022-04-15 13:46:00,368,368,368,368,0
2022-04-15 13:47:00,368,368,368,368,0
2022-04-15 13:48:00,368,368,368,368,0
2022-04-15 13:49:00,368,368,368,368,0
2022-04-15 13:50:00,368,368,368,368,0
2022-04-15 13:51:00,368,368,368,368,0
2022-04-15 13:52:00,368,368,368,368,0
2022-04-15 13:53:00,368,368,368,368,0
2022-04-15 13:54:00,368,368,368,368,0
2022-04-15 13:55:00,368,368,368,368,0
2022-04-15 13:56:00,368,368,368,368,0
2022-04-15 13:57:00,368,368,368,368,0
2022-04-15 13:58:00,368,368,368,368,0
2022-04-15 13:59:00,368,368,368,368,0
2022-04-15 14:00:00,368,368,368,368,0
2022-04-15 14:01:00,368,368,368,368,0
2022-04-15 14:02:00,368,368,368,368,0
2022-04-15 14:03:00,368,368,368,368,0
2022-04-15 14:04:00,368,368,368,368,0
2022-04-15 14:05:00,368,368,368,368,0
2022-04-15 14:06:00,368,368,368,368,0
2022-04-15 14:07:00,368,368,368,368,0
2022-04-15 14:08:00,368,368,368,368,0
2022-04-15 14:09:00,368,368,368,368,0
2022-04-15 14:10:00,368,368,368,368,0
2022-04-15 14:11:00,368,368,368,368,0
2022-04-15 14:12:00,368,368,368,368,0
2022-04-15 14:13:00,368,368,368,368,0
2022-04-15 14:14:00,368,368,368,368,0
2022-04-15 14:15:00,368,368,368,368,0
2022-04-15 14:16:00,368,368,368,368,0
2022-04-15 14:17:00,368,368,368,368,0
2022-04-15 14:18:00,368,368,368,368,0
2022-04-15 14:19:00,368,368,368,368,0
2022-04-15 14:20:00,368,368,368,368,0
2022-04-15 14:21:00,368,368,368,368,0
2022-04-15 14:22:00,368,368,368,368,0
2022-04-15 14:23:00,368,368,368,368,0
2022-04-15 14:24:00,368,368,368,368,0
2022-04-15 14:25:00,368,368,368,368,0
2022-04-15 14:26:00,368,368,368,368,0
2022-04-15 14:27:00,368,368,368,368,0
2022-04-15 14:28:00,368,368,368,368,0
2022-04-15 14:29:00,368,368,368,368,0
2022-04-15 14:30:00,368,368,368,368,0
2022-04-15 14:31:00,368,368,368,368,0
2022-04-15 14:32:00,368,368,368,368,0
2022-04-15 14:33:00,368,368,368,368,0
2022-04-15 14:34:00,368,368,368,368,0
2022-04-15 14:35:00,368,368,368,368,0
2022-04-15 14:36:00,368,368,368,368,0
2022-04-15 14:37:00,368,368,368,368,0
2022-04-15 14:38:00,368,368,368,368,0
2022-04-15 14:39:00,368,368,368,368,0
2022-04-15 14:40:00,368,368,368,368,0
2022-04-15 14:41:00,368,368,368,368,0
2022-04-15 14:42:00,368,368,368,368,0
2022-04-15 14:43:00,368,368,368,368,0
2022-04-15 14:44:00,368,368,368,368,0
2022-04-15 14:45:00,368,368,368,368,0
2022-04-15 14:46:00,368,368,368,368,0
2022-04-15 14:47:00,368,368,368,368,0
2022-04-15 14:48:00,368,368,368,368,0
2022-04-15 14:49:00,368,368,368,368,0
2022-04-15 14:50:00,368,368,368,368,0
2022-04-15 14:51:00,368,368,368,368,0
2022-04-15 14:52:00,368,368,368,368,0
2022-04-15 14:53:00,368,368,368,368,0
2022-04-15 14:54:00,368,368,368,368,0
2022-04-15 14:55:00,368,368,368,368,0
2022-04-15 14:56:00,368,368,368,368,0
2022-04-15 14:57:00,368,368,368,368,0
2022-04-15 14:58:00,368,368,368,368,0
2022-04-15 14:59:00,368,368,368,368,0
2022-04-15 15:00:00,368,368,368,368,0
2022-04-15 15:01:00,368,368,368,368,0
2022-04-15 15:02:00,368,368,368,368,0
2022-04-15 15:03:00,368,368,368,368,0
2022-04-15 15:04:00,368,368,368,368,0
2022-04-15 15:05:00,368,368,368,368,0
2022-04-15 15:06:00,368,368,368,368,0
2022-04-15 15:07:00,368,368,368,368,0
2022-04-15 15:08:00,368,368,368,368,0
2022-04-15 15:09:00,368,368,368,368,0
2022-04-15 15:10:00,368,368,368,368,0
2022-04-15 15:11:00,368,368,368,368,0
2022-04-15 15:12:00,368,368,368,368,0
2022-04-15 15:13:00,368,368,368,368,0
2022-04-15 15:14:00,368,368,368,368,0
2022-04-15 15:15:00,368,368,368,368,0
2022-04-15 15:16:00,368,368,368,368,0
2022-04-15 15:17:00,368,368,368,368,0
2022-04-15 15:18:00,368,368,368,368,0
2022-04-15 15:19:00,368,368,368,368,0
2022-04-15 15:20:00,368,368,368,368,0
2022-04-15 15:21:00,368,368,368,368,0
2022-04-15 15:22:00,368,368,368,368,0
2022-04-15 15:23:00,368,368,368,368,0
2022-04-15 15:24:00,368,368,368,368,0
2022-04-15 15:25:00,368,368,368,368,0
2022-04-15 15:26:00,368,368,368,368,0
2022-04-15 15:27:00,368,368,368,368,0
2022-04-15 15:28:00,368,368,368,368,0
2022-04-15 15:29:00,368,368,368,368,0
2022-04-15 15:30:00,368,368,368,368,0
2022-04-15 15:31:00,368,368,368,368,0
2022-04-15 15:32:00,368,368,368,368,0
2022-04-15 15:33:00,368,368,368,368,0
2022-04-15 15:34:00,368,368,368,368,0
2022-04-15 15:35:00,368,368,368,368,0
2022-04-15 15:36:00,368,368,368,368,0
2022-04-15 15:37:00,368,368,368,368,0
2022-04-15 15:38:00,368,368,368,368,0
2022-04-15 15:39:00,368,368,368,368,0
2022-04-15 15:40:00,368,368,368,368,0
2022-04-15 15:41:00,368,368,368,368,0
2022-04-15 15:42:00,368,368,368,368,0
2022-04-15 15:43:00,368,368,368,368,0
2022-04-15 15:44:00,368,368,368,368,0
2022-04-15 15:45:00,368,368,368,368,0
2022-04-15 15:46:00,368,368,368,368,0
2022-04-15 15:47:00,368,368,368,368,0
2022-04-15 15:48:00,368,368,368,368,0
2022-04-15 15:49:00,368,368,368,368,0
2022-04-15 15:50:00,368,368,368,368,0
2022-04-15 15:51:00,368,368,368,368,0
2022-04-15 15:52:00,368,368,368,368,0
2022-04-15 15:53:00,368,368,368,368,0
2022-04-15 15:54:00,368,368,368,368,0
2022-04-15 15:55:00,368,368,368,368,0
2022-04-15 15:56:00,368,368,368,368,0
2022-04-15 15:57:00,368,368,368,368,0
2022-04-15 15:58:00,368,368,368,368,0
2022-04-15 15:59:00,368,368,368,368,0
2022-04-18 09:00:00,366,366,366,366,0
2022-04-18 09:01:00,366,366,366,366,0
2022-04-18 09:02:00,366,366,366,366,0
2022-04-18 09:03:00,368,368,368,368,3900
2022-04-18 09:04:00,368,368,368,368,0
2022-04-18 09:05:00,368,368,368,368,0
2022-04-18 09:06:00,368,368,368,368,0
2022-04-18 09:07:00,368,368,368,368,0
2022-04-18 09:08:00,368,368,368,368,0
2022-04-18 09:09:00,368,368,368,368,0
2022-04-18 09:10:00,368,368,368,368,0
2022-04-18 09:11:00,368,368,368,368,100
2022-04-18 09:12:00,368,368,368,368,100
2022-04-18 09:13:00,368,368,368,368,0
2022-04-18 09:14:00,368,368,368,368,0
2022-04-18 09:15:00,368,368,368,368,0
2022-04-18 09:16:00,368,368,368,368,0
2022-04-18 09:17:00,368,368,368,368,0
2022-04-18 09:18:00,368,368,368,368,0
2022-04-18 09:19:00,368,368,368,368,0
2022-04-18 09:20:00,368,368,368,368,0
2022-04-18 09:21:00,368,368,368,368,100
2022-04-18 09:22:00,368,368,368,368,0
2022-04-18 09:23:00,368,368,368,368,0
2022-04-18 09:24:00,368,368,368,368,0
2022-04-18 09:25:00,368,368,368,368,0
2022-04-18 09:26:00,368,368,368,368,0
2022-04-18 09:27:00,368,368,368,368,0
2022-04-18 09:28:00,368,368,368,368,0
2022-04-18 09:29:00,368,368,368,368,0
2022-04-18 09:30:00,368,368,368,368,0
2022-04-18 09:31:00,368,368,368,368,0
2022-04-18 09:32:00,368,368,368,368,800
2022-04-18 09:33:00,368,368,368,368,0
2022-04-18 09:34:00,368,368,368,368,0
2022-04-18 09:35:00,368,368,368,368,0
2022-04-18 09:36:00,368,368,368,368,0
2022-04-18 09:37:00,368,368,368,368,0
2022-04-18 09:38:00,368,368,368,368,0
2022-04-18 09:39:00,368,368,368,368,0
2022-04-18 09:40:00,368,368,368,368,3000
2022-04-18 09:41:00,368,368,368,368,0
2022-04-18 09:42:00,368,368,368,368,0
2022-04-18 09:43:00,368,368,368,368,0
2022-04-18 09:44:00,368,368,368,368,0
2022-04-18 09:45:00,368,368,368,368,0
2022-04-18 09:46:00,368,368,368,368,0
2022-04-18 09:47:00,368,368,368,368,0
2022-04-18 09:48:00,368,368,368,368,0
2022-04-18 09:49:00,368,368,368,368,0
2022-04-18 09:50:00,368,368,368,368,0
2022-04-18 09:51:00,368,368,368,368,0
2022-04-18 09:52:00,368,368,368,368,0
2022-04-18 09:53:00,368,368,368,368,600
2022-04-18 09:54:00,368,368,368,368,0
2022-04-18 09:55:00,368,368,368,368,0
2022-04-18 09:56:00,368,368,368,368,0
2022-04-18 09:57:00,368,368,368,368,0
2022-04-18 09:58:00,368,368,368,368,0
2022-04-18 09:59:00,368,368,368,368,0
2022-04-18 10:00:00,368,368,368,368,0
2022-04-18 10:01:00,368,368,368,368,0
2022-04-18 10:02:00,368,368,368,368,0
2022-04-18 10:03:00,368,368,368,368,0
2022-04-18 10:04:00,368,368,368,368,0
2022-04-18 10:05:00,368,368,368,368,0
2022-04-18 10:06:00,368,368,368,368,0
2022-04-18 10:07:00,368,368,368,368,0
2022-04-18 10:08:00,368,368,368,368,0
2022-04-18 10:09:00,368,368,368,368,0
2022-04-18 10:10:00,368,368,368,368,0
2022-04-18 10:11:00,368,368,368,368,0
2022-04-18 10:12:00,368,368,368,368,0
2022-04-18 10:13:00,368,368,368,368,0
2022-04-18 10:14:00,368,368,368,368,0
2022-04-18 10:15:00,368,368,368,368,0
2022-04-18 10:16:00,368,368,368,368,0
2022-04-18 10:17:00,368,368,368,368,0
2022-04-18 10:18:00,368,368,368,368,0
2022-04-18 10:19:00,368,368,368,368,0
2022-04-18 10:20:00,368,368,368,368,0
2022-04-18 10:21:00,368,368,368,368,0
2022-04-18 10:22:00,368,368,368,368,0
2022-04-18 10:23:00,368,368,368,368,0
2022-04-18 10:24:00,368,368,368,368,0
2022-04-18 10:25:00,368,368,368,368,0
2022-04-18 10:26:00,368,368,368,368,0
2022-04-18 10:27:00,368,368,368,368,0
2022-04-18 10:28:00,368,368,368,368,0
2022-04-18 10:29:00,368,368,368,368,0
2022-04-18 10:30:00,368,368,368,368,0
2022-04-18 10:31:00,368,368,368,368,0
2022-04-18 10:32:00,368,368,368,368,0
2022-04-18 10:33:00,368,368,368,368,0
2022-04-18 10:34:00,368,368,368,368,0
2022-04-18 10:35:00,368,368,368,368,0
2022-04-18 10:36:00,368,368,368,368,0
2022-04-18 10:37:00,368,368,368,368,0
2022-04-18 10:38:00,368,368,368,368,0
2022-04-18 10:39:00,368,368,368,368,0
2022-04-18 10:40:00,368,368,368,368,0
2022-04-18 10:41:00,368,368,368,368,0
2022-04-18 10:42:00,368,368,368,368,0
2022-04-18 10:43:00,368,368,368,368,0
2022-04-18 10:44:00,368,368,368,368,0
2022-04-18 10:45:00,366,366,368,368,1000
2022-04-18 10:46:00,366,366,368,368,0
2022-04-18 10:47:00,366,366,368,368,0
2022-04-18 10:48:00,366,366,368,368,0
2022-04-18 10:49:00,366,366,368,368,0
2022-04-18 10:50:00,366,366,368,368,0
2022-04-18 10:51:00,366,366,368,368,0
2022-04-18 10:52:00,366,366,368,368,0
2022-04-18 10:53:00,366,366,368,368,0
2022-04-18 10:54:00,366,366,368,368,0
2022-04-18 10:55:00,366,366,368,368,0
2022-04-18 10:56:00,366,366,368,368,0
2022-04-18 10:57:00,366,366,368,368,0
2022-04-18 10:58:00,366,366,368,368,0
2022-04-18 10:59:00,366,366,368,368,0
2022-04-18 11:00:00,366,366,368,368,0
2022-04-18 11:01:00,366,366,368,368,0
2022-04-18 11:02:00,366,366,368,368,0
2022-04-18 11:03:00,366,366,368,368,0
2022-04-18 11:04:00,366,366,368,368,0
2022-04-18 11:05:00,366,366,368,368,0
2022-04-18 11:06:00,366,366,368,368,0
2022-04-18 11:07:00,366,366,368,368,0
2022-04-18 11:08:00,366,366,368,368,0
2022-04-18 11:09:00,366,366,368,368,0
2022-04-18 11:10:00,366,366,368,368,0
2022-04-18 11:11:00,366,366,368,368,0
2022-04-18 11:12:00,366,366,368,368,0
2022-04-18 11:13:00,366,366,368,368,0
2022-04-18 11:14:00,366,366,368,368,0
2022-04-18 11:15:00,366,366,368,368,0
2022-04-18 11:16:00,366,366,368,368,0
2022-04-18 11:17:00,366,366,368,368,0
2022-04-18 11:18:00,366,366,368,368,0
2022-04-18 11:19:00,366,366,368,368,0
2022-04-18 11:20:00,366,366,368,368,0
2022-04-18 11:21:00,366,366,368,368,0
2022-04-18 11:22:00,366,366,368,368,0
2022-04-18 11:23:00,366,366,368,368,0
2022-04-18 11:24:00,366,366,368,368,0
2022-04-18 11:25:00,366,366,368,368,0
2022-04-18 11:26:00,366,366,368,368,0
2022-04-18 11:27:00,366,366,368,368,0
2022-04-18 11:28:00,366,366,368,368,0
2022-04-18 11:29:00,366,366,368,368,0
2022-04-18 11:30:00,366,366,368,368,0
2022-04-18 11:31:00,366,366,368,368,0
2022-04-18 11:32:00,366,366,368,368,0
2022-04-18 11:33:00,366,366,368,368,0
2022-04-18 11:34:00,366,366,368,368,0
2022-04-18 11:35:00,366,366,368,368,0
2022-04-18 11:36:00,366,366,368,368,0
2022-04-18 11:37:00,366,366,368,368,0
2022-04-18 11:38:00,366,366,368,368,0
2022-04-18 11:39:00,366,366,368,368,0
2022-04-18 11:40:00,366,366,368,368,0
2022-04-18 11:41:00,366,366,368,368,0
2022-04-18 11:42:00,366,366,368,368,0
2022-04-18 11:43:00,366,366,368,368,0
2022-04-18 11:44:00,366,366,368,368,0
2022-04-18 11:45:00,366,366,368,368,0
2022-04-18 11:46:00,366,366,368,368,0
2022-04-18 11:47:00,366,366,368,368,0
2022-04-18 11:48:00,366,366,368,368,0
2022-04-18 11:49:00,366,366,368,368,0
2022-04-18 11:50:00,366,366,368,368,0
2022-04-18 11:51:00,366,366,368,368,0
2022-04-18 11:52:00,366,366,368,368,0
2022-04-18 11:53:00,366,366,368,368,0
2022-04-18 11:54:00,366,366,368,368,0
2022-04-18 11:55:00,366,366,368,368,0
2022-04-18 11:56:00,366,366,368,368,0
2022-04-18 11:57:00,366,366,368,368,0
2022-04-18 11:58:00,366,366,368,368,0
2022-04-18 11:59:00,366,366,368,368,0
2022-04-18 12:00:00,366,366,368,368,0
2022-04-18 12:01:00,366,366,368,368,0
2022-04-18 12:02:00,366,366,368,368,0
2022-04-18 12:03:00,366,366,368,368,0
2022-04-18 12:04:00,366,366,368,368,0
2022-04-18 12:05:00,366,366,368,368,0
2022-04-18 12:06:00,366,366,368,368,0
2022-04-18 12:07:00,366,366,368,368,0
2022-04-18 12:08:00,366,366,368,368,0
2022-04-18 12:09:00,366,366,368,368,0
2022-04-18 12:10:00,366,366,368,368,0
2022-04-18 12:11:00,366,366,368,368,0
2022-04-18 12:12:00,366,366,368,368,0
2022-04-18 12:13:00,366,366,368,368,0
2022-04-18 12:14:00,366,366,368,368,0
2022-04-18 12:15:00,366,366,368,368,0
2022-04-18 12:16:00,366,366,368,368,0
2022-04-18 12:17:00,366,366,368,368,0
2022-04-18 12:18:00,366,366,368,368,0
2022-04-18 12:19:00,366,366,368,368,0
2022-04-18 12:20:00,366,366,368,368,0
2022-04-18 12:21:00,366,366,368,368,0
2022-04-18 12:22:00,366,366,368,368,0
2022-04-18 12:23:00,366,366,368,368,0
2022-04-18 12:24:00,366,366,368,368,0
2022-04-18 12:25:00,366,366,368,368,0
2022-04-18 12:26:00,366,366,368,368,0
2022-04-18 12:27:00,366,366,368,368,0
2022-04-18 12:28:00,366,366,368,368,0
2022-04-18 12:29:00,366,366,368,368,0
2022-04-18 12:30:00,366,366,368,368,0
2022-04-18 12:31:00,366,366,368,368,0
2022-04-18 12:32:00,366,366,368,368,0
2022-04-18 12:33:00,366,366,368,368,0
2022-04-18 12:34:00,366,366,368,368,0
2022-04-18 12:35:00,366,366,368,368,0
2022-04-18 12:36:00,366,366,368,368,0
2022-04-18 12:37:00,366,366,368,368,0
2022-04-18 12:38:00,366,366,368,368,0
2022-04-18 12:39:00,366,366,368,368,0
2022-04-18 12:40:00,366,366,368,368,0
2022-04-18 12:41:00,366,366,368,368,0
2022-04-18 12:42:00,366,366,368,368,0
2022-04-18 12:43:00,366,366,368,368,0
2022-04-18 12:44:00,366,366,368,368,0
2022-04-18 12:45:00,366,366,368,368,0
2022-04-18 12:46:00,366,366,368,368,0
2022-04-18 12:47:00,366,366,368,368,0
2022-04-18 12:48:00,366,366,368,368,0
2022-04-18 12:49:00,366,366,368,368,0
2022-04-18 12:50:00,366,366,368,368,0
2022-04-18 12:51:00,366,366,368,368,0
2022-04-18 12:52:00,366,366,368,368,0
2022-04-18 12:53:00,366,366,368,368,0
2022-04-18 12:54:00,366,366,368,368,0
2022-04-18 12:55:00,366,366,368,368,0
2022-04-18 12:56:00,366,366,368,368,0
2022-04-18 12:57:00,366,366,368,368,0
2022-04-18 12:58:00,366,366,368,368,0
2022-04-18 12:59:00,366,366,368,368,0
2022-04-18 13:00:00,366,366,368,368,0
2022-04-18 13:01:00,366,366,368,368,0
2022-04-18 13:02:00,366,366,368,368,0
2022-04-18 13:03:00,366,366,368,368,0
2022-04-18 13:04:00,366,366,368,368,0
2022-04-18 13:05:00,366,366,368,368,0
2022-04-18 13:06:00,366,366,368,368,0
2022-04-18 13:07:00,366,366,368,368,0
2022-04-18 13:08:00,366,366,368,368,0
2022-04-18 13:09:00,366,366,368,368,0
2022-04-18 13:10:00,366,366,368,368,0
2022-04-18 13:11:00,366,366,368,368,0
2022-04-18 13:12:00,366,366,368,368,0
2022-04-18 13:13:00,366,366,368,368,0
2022-04-18 13:14:00,366,366,368,368,0
2022-04-18 13:15:00,366,366,368,368,0
2022-04-18 13:16:00,366,366,368,368,0
2022-04-18 13:17:00,366,366,368,368,0
2022-04-18 13:18:00,366,366,368,368,0
2022-04-18 13:19:00,366,366,368,368,0
2022-04-18 13:20:00,366,366,368,368,0
2022-04-18 13:21:00,366,366,368,368,0
2022-04-18 13:22:00,366,366,368,368,0
2022-04-18 13:23:00,366,366,368,368,0
2022-04-18 13:24:00,366,366,368,368,0
2022-04-18 13:25:00,366,366,368,368,0
2022-04-18 13:26:00,366,366,368,368,0
2022-04-18 13:27:00,366,366,368,368,0
2022-04-18 13:28:00,366,366,368,368,0
2022-04-18 13:29:00,366,366,368,368,0
2022-04-18 13:30:00,366,366,368,368,0
2022-04-18 13:31:00,366,366,368,368,0
2022-04-18 13:32:00,366,366,368,368,0
2022-04-18 13:33:00,366,366,368,368,0
2022-04-18 13:34:00,366,366,368,368,0
2022-04-18 13:35:00,366,366,368,368,0
2022-04-18 13:36:00,366,366,368,368,0
2022-04-18 13:37:00,366,366,368,368,0
2022-04-18 13:38:00,366,366,368,368,0
2022-04-18 13:39:00,366,366,368,368,0
2022-04-18 13:40:00,366,366,368,368,0
2022-04-18 13:41:00,366,366,368,368,0
2022-04-18 13:42:00,366,366,368,368,0
2022-04-18 13:43:00,366,366,368,368,0
2022-04-18 13:44:00,366,366,368,368,0
2022-04-18 13:45:00,366,366,368,368,0
2022-04-18 13:46:00,366,366,368,368,0
2022-04-18 13:47:00,366,366,368,368,0
2022-04-18 13:48:00,366,366,368,368,0
2022-04-18 13:49:00,366,366,368,368,0
2022-04-18 13:50:00,366,366,368,368,0
2022-04-18 13:51:00,366,366,368,368,0
2022-04-18 13:52:00,366,366,368,368,0
2022-04-18 13:53:00,366,366,368,368,0
2022-04-18 13:54:00,366,366,368,368,0
2022-04-18 13:55:00,366,366,368,368,0
2022-04-18 13:56:00,366,366,368,368,0
2022-04-18 13:57:00,366,366,368,368,0
2022-04-18 13:58:00,366,366,368,368,0
2022-04-18 13:59:00,366,366,368,368,0
2022-04-18 14:00:00,366,366,368,368,0
2022-04-18 14:01:00,366,366,368,368,0
2022-04-18 14:02:00,366,366,368,368,0
2022-04-18 14:03:00,366,366,368,368,0
2022-04-18 14:04:00,366,366,368,368,0
2022-04-18 14:05:00,366,366,368,368,0
2022-04-18 14:06:00,366,366,368,368,0
2022-04-18 14:07:00,366,366,368,368,0
2022-04-18 14:08:00,366,366,368,368,0
2022-04-18 14:09:00,366,366,368,368,0
2022-04-18 14:10:00,366,366,368,368,0
2022-04-18 14:11:00,366,366,368,368,0
2022-04-18 14:12:00,366,366,368,368,0
2022-04-18 14:13:00,366,366,368,368,0
2022-04-18 14:14:00,366,366,368,368,0
2022-04-18 14:15:00,366,366,368,368,0
2022-04-18 14:16:00,366,366,368,368,0
2022-04-18 14:17:00,366,366,368,368,0
2022-04-18 14:18:00,366,366,368,368,0
2022-04-18 14:19:00,366,366,368,368,0
2022-04-18 14:20:00,366,366,368,368,0
2022-04-18 14:21:00,366,366,368,368,0
2022-04-18 14:22:00,366,366,368,368,0
2022-04-18 14:23:00,366,366,368,368,0
2022-04-18 14:24:00,366,366,368,368,0
2022-04-18 14:25:00,366,366,368,368,0
2022-04-18 14:26:00,366,366,368,368,0
2022-04-18 14:27:00,366,366,368,368,0
2022-04-18 14:28:00,366,366,368,368,0
2022-04-18 14:29:00,366,366,368,368,0
2022-04-18 14:30:00,366,366,368,368,0
2022-04-18 14:31:00,366,366,368,368,0
2022-04-18 14:32:00,366,366,368,368,0
2022-04-18 14:33:00,366,366,368,368,0
2022-04-18 14:34:00,366,366,368,368,0
2022-04-18 14:35:00,366,366,368,368,0
2022-04-18 14:36:00,366,366,368,368,0
2022-04-18 14:37:00,366,366,368,368,0
2022-04-18 14:38:00,366,366,368,368,0
2022-04-18 14:39:00,366,366,368,368,0
2022-04-18 14:40:00,366,366,368,368,0
2022-04-18 14:41:00,366,366,368,368,0
2022-04-18 14:42:00,366,366,368,368,0
2022-04-18 14:43:00,366,366,368,368,0
2022-04-18 14:44:00,366,366,368,368,0
2022-04-18 14:45:00,366,366,368,368,0
2022-04-18 14:46:00,366,366,368,368,0
2022-04-18 14:47:00,366,366,368,368,0
2022-04-18 14:48:00,366,366,368,368,0
2022-04-18 14:49:00,366,366,368,368,0
2022-04-18 14:50:00,366,366,368,368,0
2022-04-18 14:51:00,366,366,368,368,0
2022-04-18 14:52:00,366,366,368,368,0
2022-04-18 14:53:00,366,366,368,368,0
2022-04-18 14:54:00,366,366,368,368,0
2022-04-18 14:55:00,366,366,368,368,0
2022-04-18 14:56:00,366,366,368,368,0
2022-04-18 14:57:00,366,366,368,368,0
2022-04-18 14:58:00,366,366,368,368,0
2022-04-18 14:59:00,366,366,368,368,0
2022-04-18 15:00:00,352,352,352,352,2500
2022-04-18 15:01:00,352,352,352,352,0
2022-04-18 15:02:00,352,352,352,352,0
2022-04-18 15:03:00,352,352,352,352,0
2022-04-18 15:04:00,352,352,352,352,0
2022-04-18 15:05:00,352,352,352,352,0
2022-04-18 15:06:00,352,352,352,352,0
2022-04-18 15:07:00,352,352,352,352,0
2022-04-18 15:08:00,352,352,352,352,0
2022-04-18 15:09:00,352,352,352,352,0
2022-04-18 15:10:00,352,352,352,352,0
2022-04-18 15:11:00,352,352,352,352,0
2022-04-18 15:12:00,352,352,352,352,0
2022-04-18 15:13:00,352,352,352,352,0
2022-04-18 15:14:00,352,352,352,352,0
2022-04-18 15:15:00,352,352,352,352,0
2022-04-18 15:16:00,352,352,352,352,0
2022-04-18 15:17:00,352,352,352,352,0
2022-04-18 15:18:00,352,352,352,352,0
2022-04-18 15:19:00,352,352,352,352,0
2022-04-18 15:20:00,352,352,352,352,0
2022-04-18 15:21:00,352,352,352,352,0
2022-04-18 15:22:00,352,352,352,352,0
2022-04-18 15:23:00,352,352,352,352,0
2022-04-18 15:24:00,352,352,352,352,0
2022-04-18 15:25:00,352,352,352,352,0
2022-04-18 15:26:00,352,352,352,352,0
2022-04-18 15:27:00,352,352,352,352,0
2022-04-18 15:28:00,352,352,352,352,0
2022-04-18 15:29:00,352,352,352,352,0
2022-04-18 15:30:00,352,352,352,352,0
2022-04-18 15:31:00,352,352,352,352,0
2022-04-18 15:32:00,352,352,352,352,0
2022-04-18 15:33:00,352,352,352,352,0
2022-04-18 15:34:00,352,352,352,352,0
2022-04-18 15:35:00,352,352,352,352,0
2022-04-18 15:36:00,352,352,352,352,0
2022-04-18 15:37:00,352,352,352,352,0
2022-04-18 15:38:00,352,352,352,352,0
2022-04-18 15:39:00,352,352,352,352,0
2022-04-18 15:40:00,352,352,352,352,0
2022-04-18 15:41:00,352,352,352,352,0
2022-04-18 15:42:00,352,352,352,352,0
2022-04-18 15:43:00,352,352,352,352,0
2022-04-18 15:44:00,352,352,352,352,0
2022-04-18 15:45:00,352,352,352,352,0
2022-04-18 15:46:00,352,352,352,352,0
2022-04-18 15:47:00,352,352,352,352,0
2022-04-18 15:48:00,352,352,352,352,0
2022-04-18 15:49:00,352,352,352,352,0
2022-04-18 15:50:00,352,352,352,352,0
2022-04-18 15:51:00,352,352,352,352,0
2022-04-18 15:52:00,352,352,352,352,0
2022-04-18 15:53:00,352,352,352,352,0
2022-04-18 15:54:00,352,352,352,352,0
2022-04-18 15:55:00,352,352,352,352,0
2022-04-18 15:56:00,352,352,352,352,0
2022-04-18 15:57:00,352,352,352,352,0
2022-04-18 15:58:00,352,352,352,352,0
2022-04-18 15:59:00,352,352,352,352,0
2022-04-19 09:00:00,352,352,352,352,0
2022-04-19 09:01:00,352,352,352,352,0
2022-04-19 09:02:00,352,352,352,352,0
2022-04-19 09:03:00,352,352,352,352,0
2022-04-19 09:04:00,350,350,350,350,0
2022-04-19 09:05:00,352,352,352,352,100
2022-04-19 09:06:00,352,352,352,352,0
2022-04-19 09:07:00,352,352,352,352,0
2022-04-19 09:08:00,352,352,352,352,0
2022-04-19 09:09:00,352,352,352,352,0
2022-04-19 09:10:00,352,352,352,352,0
2022-04-19 09:11:00,352,352,352,352,0
2022-04-19 09:12:00,352,352,352,352,0
2022-04-19 09:13:00,352,352,352,352,0
2022-04-19 09:14:00,352,352,352,352,0
2022-04-19 09:15:00,352,352,352,352,0
2022-04-19 09:16:00,352,352,352,352,0
2022-04-19 09:17:00,352,352,352,352,0
2022-04-19 09:18:00,352,352,352,352,0
2022-04-19 09:19:00,352,352,352,352,0
2022-04-19 09:20:00,352,352,352,352,0
2022-04-19 09:21:00,352,352,352,352,0
2022-04-19 09:22:00,350,350,350,350,2500
2022-04-19 09:23:00,346,346,346,346,10000
2022-04-19 09:24:00,346,346,346,346,0
2022-04-19 09:25:00,346,346,346,346,0
2022-04-19 09:26:00,346,346,346,346,0
2022-04-19 09:27:00,346,346,346,346,0
2022-04-19 09:28:00,346,346,346,346,0
2022-04-19 09:29:00,346,346,346,346,0
2022-04-19 09:30:00,346,346,346,346,0
2022-04-19 09:31:00,348,348,348,348,100
2022-04-19 09:32:00,348,348,348,348,0
2022-04-19 09:33:00,348,348,348,348,0
2022-04-19 09:34:00,348,348,348,348,0
2022-04-19 09:35:00,348,348,348,348,0
2022-04-19 09:36:00,348,348,348,348,0
2022-04-19 09:37:00,348,348,348,348,0
2022-04-19 09:38:00,348,348,348,348,0
2022-04-19 09:39:00,348,348,348,348,0
2022-04-19 09:40:00,348,348,348,348,0
2022-04-19 09:41:00,348,348,348,348,0
2022-04-19 09:42:00,348,348,348,348,0
2022-04-19 09:43:00,348,348,348,348,0
2022-04-19 09:44:00,348,348,348,348,0
2022-04-19 09:45:00,348,348,348,348,0
2022-04-19 09:46:00,348,348,348,348,0
2022-04-19 09:47:00,348,348,348,348,1000
2022-04-19 09:48:00,348,348,348,348,2000
2022-04-19 09:49:00,348,348,348,348,0
2022-04-19 09:50:00,348,348,348,348,0
2022-04-19 09:51:00,348,348,348,348,0
2022-04-19 09:52:00,348,348,348,348,0
2022-04-19 09:53:00,348,348,348,348,0
2022-04-19 09:54:00,348,348,348,348,0
2022-04-19 09:55:00,348,348,348,348,0
2022-04-19 09:56:00,348,348,348,348,0
2022-04-19 09:57:00,348,348,348,348,0
2022-04-19 09:58:00,348,348,348,348,0
2022-04-19 09:59:00,348,348,348,348,0
2022-04-19 10:00:00,348,348,348,348,0
2022-04-19 10:01:00,348,348,348,348,0
2022-04-19 10:02:00,348,348,348,348,0
2022-04-19 10:03:00,348,348,348,348,0
2022-04-19 10:04:00,348,348,348,348,0
2022-04-19 10:05:00,348,348,348,348,0
2022-04-19 10:06:00,348,348,348,348,0
2022-04-19 10:07:00,348,348,348,348,0
2022-04-19 10:08:00,348,348,348,348,0
2022-04-19 10:09:00,348,348,348,348,0
2022-04-19 10:10:00,348,348,348,348,0
2022-04-19 10:11:00,348,348,348,348,0
2022-04-19 10:12:00,348,348,348,348,0
2022-04-19 10:13:00,348,348,348,348,0
2022-04-19 10:14:00,348,348,348,348,0
2022-04-19 10:15:00,348,348,348,348,0
2022-04-19 10:16:00,348,348,348,348,0
2022-04-19 10:17:00,348,348,348,348,0
2022-04-19 10:18:00,348,348,348,348,0
2022-04-19 10:19:00,348,348,348,348,0
2022-04-19 10:20:00,348,348,348,348,0
2022-04-19 10:21:00,348,348,348,348,0
2022-04-19 10:22:00,348,348,348,348,0
2022-04-19 10:23:00,348,348,348,348,0
2022-04-19 10:24:00,348,348,348,348,0
2022-04-19 10:25:00,348,348,348,348,0
2022-04-19 10:26:00,348,348,348,348,0
2022-04-19 10:27:00,348,348,348,348,0
2022-04-19 10:28:00,348,348,348,348,0
2022-04-19 10:29:00,348,348,348,348,0
2022-04-19 10:30:00,348,348,348,348,0
2022-04-19 10:31:00,348,348,348,348,0
2022-04-19 10:32:00,348,348,348,348,0
2022-04-19 10:33:00,348,348,348,348,0
2022-04-19 10:34:00,348,348,348,348,0
2022-04-19 10:35:00,348,348,348,348,0
2022-04-19 10:36:00,348,348,348,348,1600
2022-04-19 10:37:00,348,348,348,348,0
2022-04-19 10:38:00,348,348,348,348,0
2022-04-19 10:39:00,348,348,348,348,0
2022-04-19 10:40:00,348,348,348,348,0
2022-04-19 10:41:00,348,348,348,348,0
2022-04-19 10:42:00,348,348,348,348,0
2022-04-19 10:43:00,348,348,348,348,0
2022-04-19 10:44:00,348,348,348,348,0
2022-04-19 10:45:00,348,348,348,348,0
2022-04-19 10:46:00,348,348,348,348,0
2022-04-19 10:47:00,348,348,348,348,0
2022-04-19 10:48:00,348,348,348,348,0
2022-04-19 10:49:00,348,348,348,348,0
2022-04-19 10:50:00,348,348,348,348,0
2022-04-19 10:51:00,348,348,348,348,0
2022-04-19 10:52:00,348,348,348,348,0
2022-04-19 10:53:00,348,348,348,348,0
2022-04-19 10:54:00,348,348,348,348,0
2022-04-19 10:55:00,348,348,348,348,0
2022-04-19 10:56:00,348,348,348,348,0
2022-04-19 10:57:00,348,348,348,348,0
2022-04-19 10:58:00,348,348,348,348,0
2022-04-19 10:59:00,348,348,348,348,0
2022-04-19 11:00:00,348,348,348,348,0
2022-04-19 11:01:00,348,348,348,348,0
2022-04-19 11:02:00,348,348,348,348,0
2022-04-19 11:03:00,348,348,348,348,0
2022-04-19 11:04:00,348,348,348,348,0
2022-04-19 11:05:00,348,348,348,348,0
2022-04-19 11:06:00,348,348,348,348,0
2022-04-19 11:07:00,348,348,348,348,0
2022-04-19 11:08:00,348,348,348,348,0
2022-04-19 11:09:00,348,348,348,348,0
2022-04-19 11:10:00,348,348,348,348,0
2022-04-19 11:11:00,348,348,348,348,0
2022-04-19 11:12:00,348,348,348,348,0
2022-04-19 11:13:00,348,348,348,348,0
2022-04-19 11:14:00,348,348,348,348,0
2022-04-19 11:15:00,348,348,348,348,0
2022-04-19 11:16:00,348,348,348,348,0
2022-04-19 11:17:00,348,348,348,348,0
2022-04-19 11:18:00,348,348,348,348,0
2022-04-19 11:19:00,348,348,348,348,0
2022-04-19 11:20:00,352,352,352,352,300
2022-04-19 11:21:00,352,352,352,352,0
2022-04-19 11:22:00,352,352,352,352,0
2022-04-19 11:23:00,352,352,352,352,0
2022-04-19 11:24:00,352,352,352,352,0
2022-04-19 11:25:00,352,352,352,352,0
2022-04-19 11:26:00,352,352,352,352,0
2022-04-19 11:27:00,352,352,352,352,0
2022-04-19 11:28:00,352,352,352,352,0
2022-04-19 11:29:00,352,352,352,352,0
2022-04-19 11:30:00,352,352,352,352,0
2022-04-19 11:31:00,352,352,352,352,0
2022-04-19 11:32:00,352,352,352,352,0
2022-04-19 11:33:00,352,352,352,352,0
2022-04-19 11:34:00,352,352,352,352,0
2022-04-19 11:35:00,352,352,352,352,0
2022-04-19 11:36:00,352,352,352,352,0
2022-04-19 11:37:00,352,352,352,352,0
2022-04-19 11:38:00,352,352,352,352,0
2022-04-19 11:39:00,352,352,352,352,0
2022-04-19 11:40:00,352,352,352,352,0
2022-04-19 11:41:00,352,352,352,352,0
2022-04-19 11:42:00,352,352,352,352,0
2022-04-19 11:43:00,352,352,352,352,0
2022-04-19 11:44:00,352,352,352,352,0
2022-04-19 11:45:00,352,352,352,352,0
2022-04-19 11:46:00,352,352,352,352,0
2022-04-19 11:47:00,352,352,352,352,0
2022-04-19 11:48:00,352,352,352,352,0
2022-04-19 11:49:00,352,352,352,352,0
2022-04-19 11:50:00,352,352,352,352,0
2022-04-19 11:51:00,352,352,352,352,0
2022-04-19 11:52:00,352,352,352,352,0
2022-04-19 11:53:00,352,352,352,352,0
2022-04-19 11:54:00,352,352,352,352,0
2022-04-19 11:55:00,352,352,352,352,0
2022-04-19 11:56:00,352,352,352,352,0
2022-04-19 11:57:00,352,352,352,352,0
2022-04-19 11:58:00,352,352,352,352,0
2022-04-19 11:59:00,352,352,352,352,0
2022-04-19 12:00:00,352,352,352,352,0
2022-04-19 12:01:00,352,352,352,352,0
2022-04-19 12:02:00,352,352,352,352,0
2022-04-19 12:03:00,352,352,352,352,0
2022-04-19 12:04:00,352,352,352,352,0
2022-04-19 12:05:00,352,352,352,352,0
2022-04-19 12:06:00,352,352,352,352,0
2022-04-19 12:07:00,352,352,352,352,0
2022-04-19 12:08:00,352,352,352,352,0
2022-04-19 12:09:00,352,352,352,352,0
2022-04-19 12:10:00,352,352,352,352,0
2022-04-19 12:11:00,352,352,352,352,0
2022-04-19 12:12:00,352,352,352,352,0
2022-04-19 12:13:00,352,352,352,352,0
2022-04-19 12:14:00,352,352,352,352,0
2022-04-19 12:15:00,352,352,352,352,0
2022-04-19 12:16:00,352,352,352,352,0
2022-04-19 12:17:00,352,352,352,352,0
2022-04-19 12:18:00,352,352,352,352,0
2022-04-19 12:19:00,352,352,352,352,0
2022-04-19 12:20:00,352,352,352,352,0
2022-04-19 12:21:00,352,352,352,352,0
2022-04-19 12:22:00,352,352,352,352,0
2022-04-19 12:23:00,352,352,352,352,0
2022-04-19 12:24:00,352,352,352,352,0
2022-04-19 12:25:00,352,352,352,352,0
2022-04-19 12:26:00,352,352,352,352,0
2022-04-19 12:27:00,352,352,352,352,0
2022-04-19 12:28:00,352,352,352,352,0
2022-04-19 12:29:00,352,352,352,352,0
2022-04-19 12:30:00,352,352,352,352,0
2022-04-19 12:31:00,352,352,352,352,0
2022-04-19 12:32:00,352,352,352,352,0
2022-04-19 12:33:00,352,352,352,352,0
2022-04-19 12:34:00,352,352,352,352,0
2022-04-19 12:35:00,352,352,352,352,0
2022-04-19 12:36:00,352,352,352,352,0
2022-04-19 12:37:00,352,352,352,352,0
2022-04-19 12:38:00,352,352,352,352,0
2022-04-19 12:39:00,352,352,352,352,0
2022-04-19 12:40:00,352,352,352,352,0
2022-04-19 12:41:00,352,352,352,352,0
2022-04-19 12:42:00,352,352,352,352,0
2022-04-19 12:43:00,352,352,352,352,0
2022-04-19 12:44:00,352,352,352,352,0
2022-04-19 12:45:00,352,352,352,352,0
2022-04-19 12:46:00,352,352,352,352,0
2022-04-19 12:47:00,352,352,352,352,0
2022-04-19 12:48:00,352,352,352,352,0
2022-04-19 12:49:00,352,352,352,352,0
2022-04-19 12:50:00,352,352,352,352,0
2022-04-19 12:51:00,352,352,352,352,0
2022-04-19 12:52:00,352,352,352,352,0
2022-04-19 12:53:00,352,352,352,352,0
2022-04-19 12:54:00,352,352,352,352,0
2022-04-19 12:55:00,352,352,352,352,0
2022-04-19 12:56:00,352,352,352,352,0
2022-04-19 12:57:00,352,352,352,352,0
2022-04-19 12:58:00,352,352,352,352,0
2022-04-19 12:59:00,352,352,352,352,0
2022-04-19 13:00:00,352,352,352,352,0
2022-04-19 13:01:00,352,352,352,352,0
2022-04-19 13:02:00,352,352,352,352,0
2022-04-19 13:03:00,352,352,352,352,0
2022-04-19 13:04:00,352,352,352,352,0
2022-04-19 13:05:00,352,352,352,352,0
2022-04-19 13:06:00,352,352,352,352,0
2022-04-19 13:07:00,352,352,352,352,0
2022-04-19 13:08:00,352,352,352,352,0
2022-04-19 13:09:00,352,352,352,352,0
2022-04-19 13:10:00,352,352,352,352,0
2022-04-19 13:11:00,352,352,352,352,0
2022-04-19 13:12:00,352,352,352,352,0
2022-04-19 13:13:00,352,352,352,352,0
2022-04-19 13:14:00,352,352,352,352,0
2022-04-19 13:15:00,352,352,352,352,0
2022-04-19 13:16:00,352,352,352,352,0
2022-04-19 13:17:00,352,352,352,352,0
2022-04-19 13:18:00,352,352,352,352,0
2022-04-19 13:19:00,352,352,352,352,0
2022-04-19 13:20:00,352,352,352,352,0
2022-04-19 13:21:00,352,352,352,352,0
2022-04-19 13:22:00,352,352,352,352,0
2022-04-19 13:23:00,352,352,352,352,0
2022-04-19 13:24:00,352,352,352,352,0
2022-04-19 13:25:00,352,352,352,352,0
2022-04-19 13:26:00,352,352,352,352,0
2022-04-19 13:27:00,352,352,352,352,0
2022-04-19 13:28:00,352,352,352,352,0
2022-04-19 13:29:00,352,352,352,352,0
2022-04-19 13:30:00,352,352,352,352,0
2022-04-19 13:31:00,352,352,352,352,0
2022-04-19 13:32:00,352,352,352,352,0
2022-04-19 13:33:00,352,352,352,352,0
2022-04-19 13:34:00,352,352,352,352,0
2022-04-19 13:35:00,352,352,352,352,0
2022-04-19 13:36:00,352,352,352,352,0
2022-04-19 13:37:00,352,352,352,352,0
2022-04-19 13:38:00,352,352,352,352,0
2022-04-19 13:39:00,352,352,352,352,0
2022-04-19 13:40:00,352,352,352,352,0
2022-04-19 13:41:00,352,352,352,352,0
2022-04-19 13:42:00,352,352,352,352,0
2022-04-19 13:43:00,352,352,352,352,0
2022-04-19 13:44:00,352,352,352,352,0
2022-04-19 13:45:00,352,352,352,352,0
2022-04-19 13:46:00,352,352,352,352,0
2022-04-19 13:47:00,352,352,352,352,0
2022-04-19 13:48:00,352,352,352,352,0
2022-04-19 13:49:00,352,352,352,352,0
2022-04-19 13:50:00,352,352,352,352,0
2022-04-19 13:51:00,352,352,352,352,0
2022-04-19 13:52:00,352,352,352,352,0
2022-04-19 13:53:00,352,352,352,352,0
2022-04-19 13:54:00,352,352,352,352,0
2022-04-19 13:55:00,352,352,352,352,0
2022-04-19 13:56:00,352,352,352,352,0
2022-04-19 13:57:00,352,352,352,352,0
2022-04-19 13:58:00,352,352,352,352,0
2022-04-19 13:59:00,352,352,352,352,0
2022-04-19 14:00:00,352,352,352,352,0
2022-04-19 14:01:00,352,352,352,352,0
2022-04-19 14:02:00,352,352,352,352,0
2022-04-19 14:03:00,352,352,352,352,0
2022-04-19 14:04:00,352,352,352,352,0
2022-04-19 14:05:00,352,352,352,352,0
2022-04-19 14:06:00,352,352,352,352,0
2022-04-19 14:07:00,352,352,352,352,0
2022-04-19 14:08:00,352,352,352,352,0
2022-04-19 14:09:00,352,352,352,352,0
2022-04-19 14:10:00,352,352,352,352,0
2022-04-19 14:11:00,352,352,352,352,0
2022-04-19 14:12:00,352,352,352,352,0
2022-04-19 14:13:00,352,352,352,352,0
2022-04-19 14:14:00,352,352,352,352,0
2022-04-19 14:15:00,352,352,352,352,0
2022-04-19 14:16:00,352,352,352,352,0
2022-04-19 14:17:00,352,352,352,352,0
2022-04-19 14:18:00,352,352,352,352,0
2022-04-19 14:19:00,352,352,352,352,0
2022-04-19 14:20:00,352,352,352,352,0
2022-04-19 14:21:00,352,352,352,352,0
2022-04-19 14:22:00,352,352,352,352,0
2022-04-19 14:23:00,352,352,352,352,0
2022-04-19 14:24:00,352,352,352,352,0
2022-04-19 14:25:00,352,352,352,352,0
2022-04-19 14:26:00,352,352,352,352,0
2022-04-19 14:27:00,352,352,352,352,0
2022-04-19 14:28:00,352,352,352,352,0
2022-04-19 14:29:00,352,352,352,352,0
2022-04-19 14:30:00,352,352,352,352,0
2022-04-19 14:31:00,352,352,352,352,0
2022-04-19 14:32:00,352,352,352,352,0
2022-04-19 14:33:00,352,352,352,352,0
2022-04-19 14:34:00,352,352,352,352,0
2022-04-19 14:35:00,352,352,352,352,0
2022-04-19 14:36:00,348,346,348,346,30000
2022-04-19 14:37:00,348,346,348,346,0
2022-04-19 14:38:00,348,346,348,346,0
2022-04-19 14:39:00,368,368,368,368,200
2022-04-19 14:40:00,370,370,370,370,3500
2022-04-19 14:41:00,368,366,368,366,400
2022-04-19 14:42:00,368,366,368,366,0
2022-04-19 14:43:00,368,366,368,366,0
2022-04-19 14:44:00,368,366,368,366,0
2022-04-19 14:45:00,368,366,368,366,0
2022-04-19 14:46:00,368,366,368,366,0
2022-04-19 14:47:00,368,366,368,366,0
2022-04-19 14:48:00,368,366,368,366,0
2022-04-19 14:49:00,368,366,368,366,0
2022-04-19 14:50:00,368,366,368,366,0
2022-04-19 14:51:00,368,366,368,366,0
2022-04-19 14:52:00,368,366,368,366,0
2022-04-19 14:53:00,368,366,368,366,0
2022-04-19 14:54:00,368,366,368,366,0
2022-04-19 14:55:00,368,366,368,366,0
2022-04-19 14:56:00,368,366,368,366,0
2022-04-19 14:57:00,368,366,368,366,0
2022-04-19 14:58:00,368,366,368,366,0
2022-04-19 14:59:00,368,366,368,366,0
2022-04-19 15:00:00,366,366,366,366,600
2022-04-19 15:01:00,366,366,366,366,0
2022-04-19 15:02:00,366,366,366,366,0
2022-04-19 15:03:00,366,366,366,366,0
2022-04-19 15:04:00,366,366,366,366,0
2022-04-19 15:05:00,366,366,366,366,0
2022-04-19 15:06:00,366,366,366,366,0
2022-04-19 15:07:00,366,366,366,366,0
2022-04-19 15:08:00,366,366,366,366,0
2022-04-19 15:09:00,366,366,366,366,0
2022-04-19 15:10:00,366,366,366,366,0
2022-04-19 15:11:00,366,366,366,366,0
2022-04-19 15:12:00,366,366,366,366,0
2022-04-19 15:13:00,366,366,366,366,0
2022-04-19 15:14:00,366,366,366,366,0
2022-04-19 15:15:00,366,366,366,366,0
2022-04-19 15:16:00,366,366,366,366,0
2022-04-19 15:17:00,366,366,366,366,0
2022-04-19 15:18:00,366,366,366,366,0
2022-04-19 15:19:00,366,366,366,366,0
2022-04-19 15:20:00,366,366,366,366,0
2022-04-19 15:21:00,366,366,366,366,0
2022-04-19 15:22:00,366,366,366,366,0
2022-04-19 15:23:00,366,366,366,366,0
2022-04-19 15:24:00,366,366,366,366,0
2022-04-19 15:25:00,366,366,366,366,0
2022-04-19 15:26:00,366,366,366,366,0
2022-04-19 15:27:00,366,366,366,366,0
2022-04-19 15:28:00,366,366,366,366,0
2022-04-19 15:29:00,366,366,366,366,0
2022-04-19 15:30:00,366,366,366,366,0
2022-04-19 15:31:00,366,366,366,366,0
2022-04-19 15:32:00,366,366,366,366,0
2022-04-19 15:33:00,366,366,366,366,0
2022-04-19 15:34:00,366,366,366,366,0
2022-04-19 15:35:00,366,366,366,366,0
2022-04-19 15:36:00,366,366,366,366,0
2022-04-19 15:37:00,366,366,366,366,0
2022-04-19 15:38:00,366,366,366,366,0
2022-04-19 15:39:00,366,366,366,366,0
2022-04-19 15:40:00,366,366,366,366,0
2022-04-19 15:41:00,366,366,366,366,0
2022-04-19 15:42:00,366,366,366,366,0
2022-04-19 15:43:00,366,366,366,366,0
2022-04-19 15:44:00,366,366,366,366,0
2022-04-19 15:45:00,366,366,366,366,0
2022-04-19 15:46:00,366,366,366,366,0
2022-04-19 15:47:00,366,366,366,366,0
2022-04-19 15:48:00,366,366,366,366,0
2022-04-19 15:49:00,366,366,366,366,0
2022-04-19 15:50:00,366,366,366,366,0
2022-04-19 15:51:00,366,366,366,366,0
2022-04-19 15:52:00,366,366,366,366,0
2022-04-19 15:53:00,366,366,366,366,0
2022-04-19 15:54:00,366,366,366,366,0
2022-04-19 15:55:00,366,366,366,366,0
2022-04-19 15:56:00,366,366,366,366,0
2022-04-19 15:57:00,366,366,366,366,0
2022-04-19 15:58:00,366,366,366,366,0
2022-04-19 15:59:00,366,366,366,366,0
2022-04-20 09:00:00,366,366,366,366,0
2022-04-20 09:01:00,366,366,366,366,0
2022-04-20 09:02:00,366,366,366,366,0
2022-04-20 09:03:00,366,366,366,366,0
2022-04-20 09:04:00,366,366,366,366,0
2022-04-20 09:05:00,366,366,366,366,0
2022-04-20 09:06:00,366,366,366,366,0
2022-04-20 09:07:00,366,366,366,366,0
2022-04-20 09:08:00,366,366,366,366,0
2022-04-20 09:09:00,366,366,366,366,0
2022-04-20 09:10:00,366,366,366,366,0
2022-04-20 09:11:00,366,366,366,366,0
2022-04-20 09:12:00,366,366,366,366,0
2022-04-20 09:13:00,366,366,366,366,0
2022-04-20 09:14:00,366,366,366,366,0
2022-04-20 09:15:00,366,366,366,366,0
2022-04-20 09:16:00,366,366,366,366,0
2022-04-20 09:17:00,366,366,366,366,0
2022-04-20 09:18:00,366,366,366,366,0
2022-04-20 09:19:00,366,366,366,366,0
2022-04-20 09:20:00,360,360,360,360,0
2022-04-20 09:21:00,360,360,360,360,0
2022-04-20 09:22:00,360,360,360,360,0
2022-04-20 09:23:00,360,360,360,360,0
2022-04-20 09:24:00,360,360,360,360,0
2022-04-20 09:25:00,360,360,360,360,0
2022-04-20 09:26:00,360,360,360,360,0
2022-04-20 09:27:00,360,360,360,360,0
2022-04-20 09:28:00,360,360,360,360,0
2022-04-20 09:29:00,360,360,360,360,0
2022-04-20 09:30:00,360,360,360,360,0
2022-04-20 09:31:00,360,360,360,360,0
2022-04-20 09:32:00,360,360,360,360,0
2022-04-20 09:33:00,360,360,360,360,0
2022-04-20 09:34:00,360,360,360,360,0
2022-04-20 09:35:00,360,360,360,360,0
2022-04-20 09:36:00,360,360,360,360,0
2022-04-20 09:37:00,360,360,360,360,0
2022-04-20 09:38:00,360,360,360,360,0
2022-04-20 09:39:00,360,360,360,360,0
2022-04-20 09:40:00,360,360,360,360,0
2022-04-20 09:41:00,360,360,360,360,0
2022-04-20 09:42:00,360,360,360,360,0
2022-04-20 09:43:00,360,360,360,360,0
2022-04-20 09:44:00,360,360,360,360,0
2022-04-20 09:45:00,360,360,360,360,0
2022-04-20 09:46:00,360,360,360,360,0
2022-04-20 09:47:00,360,360,360,360,0
2022-04-20 09:48:00,360,360,360,360,0
2022-04-20 09:49:00,360,360,360,360,0
2022-04-20 09:50:00,360,360,360,360,0
2022-04-20 09:51:00,360,360,360,360,0
2022-04-20 09:52:00,360,360,360,360,0
2022-04-20 09:53:00,360,360,360,360,0
2022-04-20 09:54:00,360,360,360,360,0
2022-04-20 09:55:00,360,360,360,360,0
2022-04-20 09:56:00,360,360,360,360,0
2022-04-20 09:57:00,360,360,360,360,0
2022-04-20 09:58:00,360,360,360,360,0
2022-04-20 09:59:00,360,360,360,360,0
2022-04-20 10:00:00,360,360,360,360,0
2022-04-20 10:01:00,360,360,360,360,0
2022-04-20 10:02:00,360,360,360,360,0
2022-04-20 10:03:00,360,360,360,360,0
2022-04-20 10:04:00,360,360,360,360,0
2022-04-20 10:05:00,360,360,360,360,0
2022-04-20 10:06:00,360,360,360,360,0
2022-04-20 10:07:00,360,360,360,360,0
2022-04-20 10:08:00,360,360,360,360,0
2022-04-20 10:09:00,360,360,360,360,0
2022-04-20 10:10:00,360,360,360,360,0
2022-04-20 10:11:00,360,360,360,360,0
2022-04-20 10:12:00,360,360,360,360,0
2022-04-20 10:13:00,360,360,360,360,0
2022-04-20 10:14:00,360,360,360,360,0
2022-04-20 10:15:00,360,360,360,360,0
2022-04-20 10:16:00,360,360,360,360,0
2022-04-20 10:17:00,360,360,360,360,0
2022-04-20 10:18:00,360,360,360,360,0
2022-04-20 10:19:00,360,360,360,360,0
2022-04-20 10:20:00,360,360,360,360,0
2022-04-20 10:21:00,360,360,360,360,0
2022-04-20 10:22:00,360,360,360,360,0
2022-04-20 10:23:00,360,360,360,360,0
2022-04-20 10:24:00,360,360,360,360,0
2022-04-20 10:25:00,360,360,360,360,0
2022-04-20 10:26:00,360,360,360,360,0
2022-04-20 10:27:00,360,360,360,360,0
2022-04-20 10:28:00,360,360,360,360,0
2022-04-20 10:29:00,360,360,360,360,0
2022-04-20 10:30:00,360,360,360,360,0
2022-04-20 10:31:00,360,360,360,360,0
2022-04-20 10:32:00,360,360,360,360,0
2022-04-20 10:33:00,360,360,360,360,0
2022-04-20 10:34:00,360,360,360,360,0
2022-04-20 10:35:00,360,360,360,360,0
2022-04-20 10:36:00,360,360,360,360,0
2022-04-20 10:37:00,360,360,360,360,0
2022-04-20 10:38:00,360,360,360,360,0
2022-04-20 10:39:00,360,360,360,360,0
2022-04-20 10:40:00,360,360,360,360,0
2022-04-20 10:41:00,360,360,360,360,0
2022-04-20 10:42:00,360,360,360,360,0
2022-04-20 10:43:00,360,360,360,360,0
2022-04-20 10:44:00,360,360,360,360,0
2022-04-20 10:45:00,360,360,360,360,0
2022-04-20 10:46:00,360,360,360,360,0
2022-04-20 10:47:00,360,360,360,360,0
2022-04-20 10:48:00,360,360,360,360,0
2022-04-20 10:49:00,360,360,360,360,0
2022-04-20 10:50:00,360,360,360,360,0
2022-04-20 10:51:00,360,360,360,360,0
2022-04-20 10:52:00,360,360,360,360,0
2022-04-20 10:53:00,360,360,360,360,0
2022-04-20 10:54:00,360,360,360,360,0
2022-04-20 10:55:00,360,360,360,360,0
2022-04-20 10:56:00,360,360,360,360,0
2022-04-20 10:57:00,352,352,352,352,500
2022-04-20 10:58:00,352,352,352,352,0
2022-04-20 10:59:00,360,360,360,360,5100
2022-04-20 11:00:00,360,360,360,360,0
2022-04-20 11:01:00,360,360,360,360,0
2022-04-20 11:02:00,360,360,360,360,0
2022-04-20 11:03:00,360,360,360,360,0
2022-04-20 11:04:00,360,360,360,360,0
2022-04-20 11:05:00,360,360,360,360,0
2022-04-20 11:06:00,360,360,360,360,0
2022-04-20 11:07:00,360,360,360,360,0
2022-04-20 11:08:00,360,360,360,360,0
2022-04-20 11:09:00,360,360,360,360,0
2022-04-20 11:10:00,360,360,360,360,0
2022-04-20 11:11:00,360,360,360,360,0
2022-04-20 11:12:00,360,360,360,360,0
2022-04-20 11:13:00,360,360,360,360,0
2022-04-20 11:14:00,360,360,360,360,0
2022-04-20 11:15:00,360,360,360,360,0
2022-04-20 11:16:00,352,352,352,352,2500
2022-04-20 11:17:00,352,352,352,352,2000
2022-04-20 11:18:00,352,352,352,352,0
2022-04-20 11:19:00,352,352,352,352,0
2022-04-20 11:20:00,352,352,352,352,0
2022-04-20 11:21:00,352,352,352,352,0
2022-04-20 11:22:00,352,352,352,352,0
2022-04-20 11:23:00,352,352,352,352,0
2022-04-20 11:24:00,352,352,352,352,0
2022-04-20 11:25:00,352,352,352,352,0
2022-04-20 11:26:00,352,352,352,352,0
2022-04-20 11:27:00,352,352,352,352,0
2022-04-20 11:28:00,352,352,352,352,0
2022-04-20 11:29:00,352,352,352,352,0
2022-04-20 11:30:00,352,352,352,352,0
2022-04-20 11:31:00,352,352,352,352,0
2022-04-20 11:32:00,352,352,352,352,0
2022-04-20 11:33:00,352,352,352,352,0
2022-04-20 11:34:00,352,352,352,352,0
2022-04-20 11:35:00,352,352,352,352,0
2022-04-20 11:36:00,352,352,352,352,0
2022-04-20 11:37:00,352,352,352,352,0
2022-04-20 11:38:00,352,352,352,352,0
2022-04-20 11:39:00,352,352,352,352,0
2022-04-20 11:40:00,352,352,352,352,0
2022-04-20 11:41:00,352,352,352,352,0
2022-04-20 11:42:00,352,352,352,352,0
2022-04-20 11:43:00,352,352,352,352,0
2022-04-20 11:44:00,352,352,352,352,0
2022-04-20 11:45:00,352,352,352,352,0
2022-04-20 11:46:00,352,352,352,352,0
2022-04-20 11:47:00,352,352,352,352,0
2022-04-20 11:48:00,352,352,352,352,0
2022-04-20 11:49:00,352,352,352,352,0
2022-04-20 11:50:00,352,352,352,352,0
2022-04-20 11:51:00,352,352,352,352,0
2022-04-20 11:52:00,352,352,352,352,0
2022-04-20 11:53:00,352,352,352,352,0
2022-04-20 11:54:00,352,352,352,352,0
2022-04-20 11:55:00,352,352,352,352,0
2022-04-20 11:56:00,352,352,352,352,0
2022-04-20 11:57:00,352,352,352,352,0
2022-04-20 11:58:00,352,352,352,352,0
2022-04-20 11:59:00,352,352,352,352,0
2022-04-20 12:00:00,352,352,352,352,0
2022-04-20 12:01:00,352,352,352,352,0
2022-04-20 12:02:00,352,352,352,352,0
2022-04-20 12:03:00,352,352,352,352,0
2022-04-20 12:04:00,352,352,352,352,0
2022-04-20 12:05:00,352,352,352,352,0
2022-04-20 12:06:00,352,352,352,352,0
2022-04-20 12:07:00,352,352,352,352,0
2022-04-20 12:08:00,352,352,352,352,0
2022-04-20 12:09:00,352,352,352,352,0
2022-04-20 12:10:00,352,352,352,352,0
2022-04-20 12:11:00,352,352,352,352,0
2022-04-20 12:12:00,352,352,352,352,0
2022-04-20 12:13:00,352,352,352,352,0
2022-04-20 12:14:00,352,352,352,352,0
2022-04-20 12:15:00,352,352,352,352,0
2022-04-20 12:16:00,352,352,352,352,0
2022-04-20 12:17:00,352,352,352,352,0
2022-04-20 12:18:00,352,352,352,352,0
2022-04-20 12:19:00,352,352,352,352,0
2022-04-20 12:20:00,352,352,352,352,0
2022-04-20 12:21:00,352,352,352,352,0
2022-04-20 12:22:00,352,352,352,352,0
2022-04-20 12:23:00,352,352,352,352,0
2022-04-20 12:24:00,352,352,352,352,0
2022-04-20 12:25:00,352,352,352,352,0
2022-04-20 12:26:00,352,352,352,352,0
2022-04-20 12:27:00,352,352,352,352,0
2022-04-20 12:28:00,352,352,352,352,0
2022-04-20 12:29:00,352,352,352,352,0
2022-04-20 12:30:00,352,352,352,352,0
2022-04-20 12:31:00,352,352,352,352,0
2022-04-20 12:32:00,352,352,352,352,0
2022-04-20 12:33:00,352,352,352,352,0
2022-04-20 12:34:00,352,352,352,352,0
2022-04-20 12:35:00,352,352,352,352,0
2022-04-20 12:36:00,352,352,352,352,0
2022-04-20 12:37:00,352,352,352,352,0
2022-04-20 12:38:00,352,352,352,352,0
2022-04-20 12:39:00,352,352,352,352,0
2022-04-20 12:40:00,352,352,352,352,0
2022-04-20 12:41:00,352,352,352,352,0
2022-04-20 12:42:00,352,352,352,352,0
2022-04-20 12:43:00,352,352,352,352,0
2022-04-20 12:44:00,352,352,352,352,0
2022-04-20 12:45:00,352,352,352,352,0
2022-04-20 12:46:00,352,352,352,352,0
2022-04-20 12:47:00,352,352,352,352,0
2022-04-20 12:48:00,352,352,352,352,0
2022-04-20 12:49:00,352,352,352,352,0
2022-04-20 12:50:00,352,352,352,352,0
2022-04-20 12:51:00,352,352,352,352,0
2022-04-20 12:52:00,352,352,352,352,0
2022-04-20 12:53:00,352,352,352,352,0
2022-04-20 12:54:00,352,352,352,352,0
2022-04-20 12:55:00,352,352,352,352,0
2022-04-20 12:56:00,352,352,352,352,0
2022-04-20 12:57:00,352,352,352,352,0
2022-04-20 12:58:00,352,352,352,352,0
2022-04-20 12:59:00,352,352,352,352,0
2022-04-20 13:00:00,352,352,352,352,0
2022-04-20 13:01:00,352,352,352,352,0
2022-04-20 13:02:00,352,352,352,352,0
2022-04-20 13:03:00,352,352,352,352,0
2022-04-20 13:04:00,352,352,352,352,0
2022-04-20 13:05:00,352,352,352,352,0
2022-04-20 13:06:00,352,352,352,352,0
2022-04-20 13:07:00,352,352,352,352,0
2022-04-20 13:08:00,352,352,352,352,0
2022-04-20 13:09:00,352,352,352,352,0
2022-04-20 13:10:00,352,352,352,352,0
2022-04-20 13:11:00,352,352,352,352,0
2022-04-20 13:12:00,352,352,352,352,0
2022-04-20 13:13:00,352,352,352,352,0
2022-04-20 13:14:00,352,352,352,352,0
2022-04-20 13:15:00,352,352,352,352,0
2022-04-20 13:16:00,352,352,352,352,0
2022-04-20 13:17:00,352,352,352,352,0
2022-04-20 13:18:00,352,352,352,352,0
2022-04-20 13:19:00,352,352,352,352,0
2022-04-20 13:20:00,352,352,352,352,0
2022-04-20 13:21:00,352,352,352,352,0
2022-04-20 13:22:00,352,352,352,352,0
2022-04-20 13:23:00,352,352,352,352,0
2022-04-20 13:24:00,352,352,352,352,0
2022-04-20 13:25:00,352,352,352,352,0
2022-04-20 13:26:00,352,352,352,352,0
2022-04-20 13:27:00,352,352,352,352,0
2022-04-20 13:28:00,352,352,352,352,0
2022-04-20 13:29:00,352,352,352,352,0
2022-04-20 13:30:00,352,352,352,352,0
2022-04-20 13:31:00,352,352,352,352,0
2022-04-20 13:32:00,352,352,352,352,0
2022-04-20 13:33:00,352,352,352,352,0
2022-04-20 13:34:00,352,352,352,352,0
2022-04-20 13:35:00,352,352,352,352,0
2022-04-20 13:36:00,352,352,352,352,0
2022-04-20 13:37:00,352,352,352,352,0
2022-04-20 13:38:00,352,352,352,352,0
2022-04-20 13:39:00,352,352,352,352,0
2022-04-20 13:40:00,352,352,352,352,0
2022-04-20 13:41:00,352,352,352,352,0
2022-04-20 13:42:00,352,352,352,352,0
2022-04-20 13:43:00,352,352,352,352,0
2022-04-20 13:44:00,352,352,352,352,0
2022-04-20 13:45:00,352,352,352,352,0
2022-04-20 13:46:00,352,352,352,352,0
2022-04-20 13:47:00,352,352,352,352,0
2022-04-20 13:48:00,352,352,352,352,0
2022-04-20 13:49:00,352,352,352,352,0
2022-04-20 13:50:00,352,352,352,352,0
2022-04-20 13:51:00,352,352,352,352,0
2022-04-20 13:52:00,352,352,352,352,0
2022-04-20 13:53:00,352,352,352,352,0
2022-04-20 13:54:00,352,352,352,352,0
2022-04-20 13:55:00,352,352,352,352,0
2022-04-20 13:56:00,352,352,352,352,0
2022-04-20 13:57:00,352,352,352,352,0
2022-04-20 13:58:00,352,352,352,352,0
2022-04-20 13:59:00,352,352,352,352,0
2022-04-20 14:00:00,352,352,352,352,0
2022-04-20 14:01:00,352,352,352,352,0
2022-04-20 14:02:00,352,352,352,352,0
2022-04-20 14:03:00,352,352,352,352,0
2022-04-20 14:04:00,352,352,352,352,0
2022-04-20 14:05:00,352,352,352,352,0
2022-04-20 14:06:00,352,352,352,352,0
2022-04-20 14:07:00,352,352,352,352,0
2022-04-20 14:08:00,352,352,352,352,0
2022-04-20 14:09:00,352,352,352,352,0
2022-04-20 14:10:00,352,352,352,352,0
2022-04-20 14:11:00,352,352,352,352,0
2022-04-20 14:12:00,352,352,352,352,0
2022-04-20 14:13:00,352,352,352,352,0
2022-04-20 14:14:00,352,352,352,352,0
2022-04-20 14:15:00,352,352,352,352,0
2022-04-20 14:16:00,352,352,352,352,0
2022-04-20 14:17:00,352,352,352,352,0
2022-04-20 14:18:00,352,352,352,352,0
2022-04-20 14:19:00,352,352,352,352,0
2022-04-20 14:20:00,352,352,352,352,0
2022-04-20 14:21:00,352,352,352,352,0
2022-04-20 14:22:00,352,352,352,352,0
2022-04-20 14:23:00,352,352,352,352,0
2022-04-20 14:24:00,352,352,352,352,0
2022-04-20 14:25:00,352,352,352,352,0
2022-04-20 14:26:00,352,352,352,352,0
2022-04-20 14:27:00,352,352,352,352,0
2022-04-20 14:28:00,352,352,352,352,0
2022-04-20 14:29:00,352,352,352,352,0
2022-04-20 14:30:00,360,360,360,360,100
2022-04-20 14:31:00,360,360,360,360,0
2022-04-20 14:32:00,360,360,360,360,0
2022-04-20 14:33:00,360,360,360,360,0
2022-04-20 14:34:00,360,360,360,360,0
2022-04-20 14:35:00,360,360,360,360,0
2022-04-20 14:36:00,360,360,360,360,0
2022-04-20 14:37:00,360,360,360,360,0
2022-04-20 14:38:00,360,360,360,360,0
2022-04-20 14:39:00,360,360,360,360,0
2022-04-20 14:40:00,360,360,360,360,0
2022-04-20 14:41:00,360,360,360,360,0
2022-04-20 14:42:00,360,360,360,360,0
2022-04-20 14:43:00,360,360,360,360,0
2022-04-20 14:44:00,360,360,360,360,0
2022-04-20 14:45:00,360,360,360,360,0
2022-04-20 14:46:00,360,360,360,360,0
2022-04-20 14:47:00,360,360,360,360,0
2022-04-20 14:48:00,360,360,360,360,0
2022-04-20 14:49:00,360,360,360,360,0
2022-04-20 14:50:00,360,360,360,360,0
2022-04-20 14:51:00,360,360,360,360,0
2022-04-20 14:52:00,360,360,360,360,0
2022-04-20 14:53:00,360,360,360,360,0
2022-04-20 14:54:00,360,360,360,360,0
2022-04-20 14:55:00,360,360,360,360,0
2022-04-20 14:56:00,360,360,360,360,0
2022-04-20 14:57:00,360,360,360,360,0
2022-04-20 14:58:00,360,360,360,360,0
2022-04-20 14:59:00,360,360,360,360,0
2022-04-20 15:00:00,358,358,358,358,100
2022-04-20 15:01:00,358,358,358,358,0
2022-04-20 15:02:00,358,358,358,358,0
2022-04-20 15:03:00,358,358,358,358,0
2022-04-20 15:04:00,358,358,358,358,0
2022-04-20 15:05:00,358,358,358,358,0
2022-04-20 15:06:00,358,358,358,358,0
2022-04-20 15:07:00,358,358,358,358,0
2022-04-20 15:08:00,358,358,358,358,0
2022-04-20 15:09:00,358,358,358,358,0
2022-04-20 15:10:00,358,358,358,358,0
2022-04-20 15:11:00,358,358,358,358,0
2022-04-20 15:12:00,358,358,358,358,0
2022-04-20 15:13:00,358,358,358,358,0
2022-04-20 15:14:00,358,358,358,358,0
2022-04-20 15:15:00,358,358,358,358,0
2022-04-20 15:16:00,358,358,358,358,0
2022-04-20 15:17:00,358,358,358,358,0
2022-04-20 15:18:00,358,358,358,358,0
2022-04-20 15:19:00,358,358,358,358,0
2022-04-20 15:20:00,358,358,358,358,0
2022-04-20 15:21:00,358,358,358,358,0
2022-04-20 15:22:00,358,358,358,358,0
2022-04-20 15:23:00,358,358,358,358,0
2022-04-20 15:24:00,358,358,358,358,0
2022-04-20 15:25:00,358,358,358,358,0
2022-04-20 15:26:00,358,358,358,358,0
2022-04-20 15:27:00,358,358,358,358,0
2022-04-20 15:28:00,358,358,358,358,0
2022-04-20 15:29:00,358,358,358,358,0
2022-04-20 15:30:00,358,358,358,358,0
2022-04-20 15:31:00,358,358,358,358,0
2022-04-20 15:32:00,358,358,358,358,0
2022-04-20 15:33:00,358,358,358,358,0
2022-04-20 15:34:00,358,358,358,358,0
2022-04-20 15:35:00,358,358,358,358,0
2022-04-20 15:36:00,358,358,358,358,0
2022-04-20 15:37:00,358,358,358,358,0
2022-04-20 15:38:00,358,358,358,358,0
2022-04-20 15:39:00,358,358,358,358,0
2022-04-20 15:40:00,358,358,358,358,0
2022-04-20 15:41:00,358,358,358,358,0
2022-04-20 15:42:00,358,358,358,358,0
2022-04-20 15:43:00,358,358,358,358,0
2022-04-20 15:44:00,358,358,358,358,0
2022-04-20 15:45:00,358,358,358,358,0
2022-04-20 15:46:00,358,358,358,358,0
2022-04-20 15:47:00,358,358,358,358,0
2022-04-20 15:48:00,358,358,358,358,0
2022-04-20 15:49:00,358,358,358,358,0
2022-04-20 15:50:00,358,358,358,358,0
2022-04-20 15:51:00,358,358,358,358,0
2022-04-20 15:52:00,358,358,358,358,0
2022-04-20 15:53:00,358,358,358,358,0
2022-04-20 15:54:00,358,358,358,358,0
2022-04-20 15:55:00,358,358,358,358,0
2022-04-20 15:56:00,358,358,358,358,0
2022-04-20 15:57:00,358,358,358,358,0
2022-04-20 15:58:00,358,358,358,358,0
2022-04-20 15:59:00,358,358,358,358,0
2022-04-21 09:00:00,358,358,358,358,0
2022-04-21 09:01:00,358,358,358,358,0
2022-04-21 09:02:00,358,358,358,358,0
2022-04-21 09:03:00,358,358,358,358,0
2022-04-21 09:04:00,358,358,358,358,0
2022-04-21 09:05:00,358,358,358,358,0
2022-04-21 09:06:00,358,358,358,358,0
2022-04-21 09:07:00,358,358,358,358,0
2022-04-21 09:08:00,358,358,358,358,0
2022-04-21 09:09:00,358,358,358,358,0
2022-04-21 09:10:00,358,358,358,358,0
2022-04-21 09:11:00,358,358,358,358,0
2022-04-21 09:12:00,358,358,358,358,0
2022-04-21 09:13:00,358,358,358,358,0
2022-04-21 09:14:00,358,358,358,358,0
2022-04-21 09:15:00,358,358,358,358,0
2022-04-21 09:16:00,358,358,358,358,0
2022-04-21 09:17:00,358,358,358,358,0
2022-04-21 09:18:00,358,358,358,358,0
2022-04-21 09:19:00,358,358,358,358,0
2022-04-21 09:20:00,358,358,358,358,0
2022-04-21 09:21:00,358,358,358,358,0
2022-04-21 09:22:00,358,358,358,358,0
2022-04-21 09:23:00,358,358,358,358,0
2022-04-21 09:24:00,358,358,358,358,0
2022-04-21 09:25:00,358,358,358,358,0
2022-04-21 09:26:00,358,358,358,358,0
2022-04-21 09:27:00,358,358,358,358,0
2022-04-21 09:28:00,358,358,358,358,0
2022-04-21 09:29:00,358,358,358,358,0
2022-04-21 09:30:00,358,358,358,358,0
2022-04-21 09:31:00,358,358,358,358,0
2022-04-21 09:32:00,358,358,358,358,0
2022-04-21 09:33:00,358,358,358,358,0
2022-04-21 09:34:00,358,358,358,358,0
2022-04-21 09:35:00,358,358,358,358,0
2022-04-21 09:36:00,358,358,358,358,0
2022-04-21 09:37:00,358,358,358,358,0
2022-04-21 09:38:00,358,358,358,358,0
2022-04-21 09:39:00,358,358,358,358,0
2022-04-21 09:40:00,358,358,358,358,0
2022-04-21 09:41:00,348,348,348,348,0
2022-04-21 09:42:00,348,348,348,348,0
2022-04-21 09:43:00,348,348,348,348,0
2022-04-21 09:44:00,348,348,348,348,0
2022-04-21 09:45:00,348,348,348,348,0
2022-04-21 09:46:00,348,348,348,348,0
2022-04-21 09:47:00,348,348,348,348,0
2022-04-21 09:48:00,348,348,348,348,0
2022-04-21 09:49:00,348,348,348,348,0
2022-04-21 09:50:00,348,348,348,348,0
2022-04-21 09:51:00,348,348,348,348,0
2022-04-21 09:52:00,348,348,348,348,0
2022-04-21 09:53:00,348,348,348,348,0
2022-04-21 09:54:00,348,348,348,348,0
2022-04-21 09:55:00,348,348,348,348,0
2022-04-21 09:56:00,348,348,348,348,0
2022-04-21 09:57:00,348,348,348,348,0
2022-04-21 09:58:00,348,348,348,348,0
2022-04-21 09:59:00,348,348,348,348,0
2022-04-21 10:00:00,348,348,348,348,0
2022-04-21 10:01:00,348,348,348,348,0
2022-04-21 10:02:00,348,348,348,348,0
2022-04-21 10:03:00,348,348,348,348,0
2022-04-21 10:04:00,348,348,348,348,0
2022-04-21 10:05:00,348,348,348,348,0
2022-04-21 10:06:00,348,348,348,348,0
2022-04-21 10:07:00,348,348,348,348,0
2022-04-21 10:08:00,348,348,348,348,0
2022-04-21 10:09:00,348,348,348,348,0
2022-04-21 10:10:00,348,348,348,348,0
2022-04-21 10:11:00,348,348,348,348,0
2022-04-21 10:12:00,348,348,348,348,0
2022-04-21 10:13:00,348,348,348,348,0
2022-04-21 10:14:00,348,348,348,348,0
2022-04-21 10:15:00,348,348,348,348,0
2022-04-21 10:16:00,348,348,348,348,0
2022-04-21 10:17:00,348,348,348,348,0
2022-04-21 10:18:00,348,348,348,348,0
2022-04-21 10:19:00,348,348,348,348,0
2022-04-21 10:20:00,348,348,348,348,0
2022-04-21 10:21:00,348,348,348,348,0
2022-04-21 10:22:00,348,348,348,348,0
2022-04-21 10:23:00,348,348,348,348,0
2022-04-21 10:24:00,348,348,348,348,0
2022-04-21 10:25:00,348,348,348,348,0
2022-04-21 10:26:00,348,348,348,348,0
2022-04-21 10:27:00,348,348,348,348,0
2022-04-21 10:28:00,348,348,348,348,0
2022-04-21 10:29:00,348,348,348,348,0
2022-04-21 10:30:00,348,348,348,348,0
2022-04-21 10:31:00,348,348,348,348,0
2022-04-21 10:32:00,348,348,348,348,0
2022-04-21 10:33:00,348,348,348,348,0
2022-04-21 10:34:00,348,348,348,348,0
2022-04-21 10:35:00,348,348,348,348,0
2022-04-21 10:36:00,348,348,348,348,0
2022-04-21 10:37:00,348,348,348,348,0
2022-04-21 10:38:00,348,348,348,348,0
2022-04-21 10:39:00,348,348,348,348,0
2022-04-21 10:40:00,348,348,348,348,0
2022-04-21 10:41:00,348,348,348,348,0
2022-04-21 10:42:00,348,348,348,348,0
2022-04-21 10:43:00,348,348,348,348,0
2022-04-21 10:44:00,348,348,348,348,0
2022-04-21 10:45:00,348,348,348,348,0
2022-04-21 10:46:00,348,348,348,348,0
2022-04-21 10:47:00,348,348,348,348,0
2022-04-21 10:48:00,348,348,348,348,0
2022-04-21 10:49:00,348,348,348,348,0
2022-04-21 10:50:00,348,348,348,348,0
2022-04-21 10:51:00,348,348,348,348,0
2022-04-21 10:52:00,348,348,348,348,0
2022-04-21 10:53:00,348,348,348,348,0
2022-04-21 10:54:00,348,348,348,348,0
2022-04-21 10:55:00,348,348,348,348,0
2022-04-21 10:56:00,348,348,348,348,0
2022-04-21 10:57:00,348,348,348,348,0
2022-04-21 10:58:00,348,348,348,348,0
2022-04-21 10:59:00,348,348,348,348,0
2022-04-21 11:00:00,348,348,348,348,0
2022-04-21 11:01:00,348,348,348,348,0
2022-04-21 11:02:00,348,348,348,348,0
2022-04-21 11:03:00,348,348,348,348,0
2022-04-21 11:04:00,348,348,348,348,0
2022-04-21 11:05:00,348,348,348,348,0
2022-04-21 11:06:00,348,348,348,348,0
2022-04-21 11:07:00,348,348,348,348,0
2022-04-21 11:08:00,348,348,348,348,0
2022-04-21 11:09:00,348,348,348,348,0
2022-04-21 11:10:00,348,348,348,348,0
2022-04-21 11:11:00,348,348,348,348,0
2022-04-21 11:12:00,348,348,348,348,0
2022-04-21 11:13:00,348,348,348,348,0
2022-04-21 11:14:00,348,348,348,348,0
2022-04-21 11:15:00,348,348,348,348,0
2022-04-21 11:16:00,348,348,348,348,0
2022-04-21 11:17:00,348,348,348,348,0
2022-04-21 11:18:00,348,348,348,348,0
2022-04-21 11:19:00,348,348,348,348,0
2022-04-21 11:20:00,348,348,348,348,0
2022-04-21 11:21:00,348,348,348,348,0
2022-04-21 11:22:00,348,348,348,348,0
2022-04-21 11:23:00,348,348,348,348,0
2022-04-21 11:24:00,348,348,348,348,0
2022-04-21 11:25:00,348,348,348,348,0
2022-04-21 11:26:00,348,348,348,348,0
2022-04-21 11:27:00,348,348,348,348,0
2022-04-21 11:28:00,348,348,348,348,0
2022-04-21 11:29:00,348,348,348,348,0
2022-04-21 11:30:00,348,348,348,348,0
2022-04-21 11:31:00,348,348,348,348,0
2022-04-21 11:32:00,348,348,348,348,0
2022-04-21 11:33:00,348,348,348,348,0
2022-04-21 11:34:00,348,348,348,348,0
2022-04-21 11:35:00,348,348,348,348,0
2022-04-21 11:36:00,348,348,348,348,0
2022-04-21 11:37:00,348,348,348,348,0
2022-04-21 11:38:00,348,348,348,348,0
2022-04-21 11:39:00,348,348,348,348,0
2022-04-21 11:40:00,348,348,348,348,0
2022-04-21 11:41:00,348,348,348,348,0
2022-04-21 11:42:00,348,348,348,348,0
2022-04-21 11:43:00,348,348,348,348,0
2022-04-21 11:44:00,348,348,348,348,0
2022-04-21 11:45:00,348,348,348,348,0
2022-04-21 11:46:00,348,348,348,348,0
2022-04-21 11:47:00,348,348,348,348,0
2022-04-21 11:48:00,348,348,348,348,0
2022-04-21 11:49:00,348,348,348,348,0
2022-04-21 11:50:00,348,348,348,348,0
2022-04-21 11:51:00,348,348,348,348,0
2022-04-21 11:52:00,348,348,348,348,0
2022-04-21 11:53:00,348,348,348,348,0
2022-04-21 11:54:00,348,348,348,348,0
2022-04-21 11:55:00,348,348,348,348,0
2022-04-21 11:56:00,348,348,348,348,0
2022-04-21 11:57:00,348,348,348,348,0
2022-04-21 11:58:00,348,348,348,348,0
2022-04-21 11:59:00,348,348,348,348,0
2022-04-21 12:00:00,348,348,348,348,0
2022-04-21 12:01:00,348,348,348,348,0
2022-04-21 12:02:00,348,348,348,348,0
2022-04-21 12:03:00,348,348,348,348,0
2022-04-21 12:04:00,348,348,348,348,0
2022-04-21 12:05:00,348,348,348,348,0
2022-04-21 12:06:00,348,348,348,348,0
2022-04-21 12:07:00,348,348,348,348,0
2022-04-21 12:08:00,348,348,348,348,0
2022-04-21 12:09:00,348,348,348,348,0
2022-04-21 12:10:00,348,348,348,348,0
2022-04-21 12:11:00,348,348,348,348,0
2022-04-21 12:12:00,348,348,348,348,0
2022-04-21 12:13:00,348,348,348,348,0
2022-04-21 12:14:00,348,348,348,348,0
2022-04-21 12:15:00,348,348,348,348,0
2022-04-21 12:16:00,348,348,348,348,0
2022-04-21 12:17:00,348,348,348,348,0
2022-04-21 12:18:00,348,348,348,348,0
2022-04-21 12:19:00,348,348,348,348,0
2022-04-21 12:20:00,348,348,348,348,0
2022-04-21 12:21:00,348,348,348,348,0
2022-04-21 12:22:00,348,348,348,348,0
2022-04-21 12:23:00,348,348,348,348,0
2022-04-21 12:24:00,348,348,348,348,0
2022-04-21 12:25:00,348,348,348,348,0
2022-04-21 12:26:00,348,348,348,348,0
2022-04-21 12:27:00,348,348,348,348,0
2022-04-21 12:28:00,348,348,348,348,0
2022-04-21 12:29:00,348,348,348,348,0
2022-04-21 12:30:00,348,348,348,348,0
2022-04-21 12:31:00,348,348,348,348,0
2022-04-21 12:32:00,348,348,348,348,0
2022-04-21 12:33:00,348,348,348,348,0
2022-04-21 12:34:00,348,348,348,348,0
2022-04-21 12:35:00,348,348,348,348,0
2022-04-21 12:36:00,348,348,348,348,0
2022-04-21 12:37:00,348,348,348,348,0
2022-04-21 12:38:00,348,348,348,348,0
2022-04-21 12:39:00,348,348,348,348,0
2022-04-21 12:40:00,348,348,348,348,0
2022-04-21 12:41:00,348,348,348,348,0
2022-04-21 12:42:00,348,348,348,348,0
2022-04-21 12:43:00,348,348,348,348,0
2022-04-21 12:44:00,348,348,348,348,0
2022-04-21 12:45:00,348,348,348,348,0
2022-04-21 12:46:00,348,348,348,348,0
2022-04-21 12:47:00,348,348,348,348,0
2022-04-21 12:48:00,348,348,348,348,0
2022-04-21 12:49:00,348,348,348,348,0
2022-04-21 12:50:00,348,348,348,348,0
2022-04-21 12:51:00,348,348,348,348,0
2022-04-21 12:52:00,348,348,348,348,0
2022-04-21 12:53:00,348,348,348,348,0
2022-04-21 12:54:00,348,348,348,348,0
2022-04-21 12:55:00,348,348,348,348,0
2022-04-21 12:56:00,348,348,348,348,0
2022-04-21 12:57:00,348,348,348,348,0
2022-04-21 12:58:00,348,348,348,348,0
2022-04-21 12:59:00,348,348,348,348,0
2022-04-21 13:00:00,348,348,348,348,0
2022-04-21 13:01:00,348,348,348,348,0
2022-04-21 13:02:00,348,348,348,348,0
2022-04-21 13:03:00,348,348,348,348,0
2022-04-21 13:04:00,348,348,348,348,0
2022-04-21 13:05:00,348,348,348,348,0
2022-04-21 13:06:00,348,348,348,348,0
2022-04-21 13:07:00,348,348,348,348,0
2022-04-21 13:08:00,348,348,348,348,0
2022-04-21 13:09:00,348,348,348,348,0
2022-04-21 13:10:00,348,348,348,348,0
2022-04-21 13:11:00,348,348,348,348,0
2022-04-21 13:12:00,348,348,348,348,0
2022-04-21 13:13:00,348,348,348,348,0
2022-04-21 13:14:00,348,348,348,348,0
2022-04-21 13:15:00,348,348,348,348,0
2022-04-21 13:16:00,348,348,348,348,0
2022-04-21 13:17:00,348,348,348,348,0
2022-04-21 13:18:00,348,348,348,348,0
2022-04-21 13:19:00,348,348,348,348,0
2022-04-21 13:20:00,348,348,348,348,0
2022-04-21 13:21:00,348,348,348,348,0
2022-04-21 13:22:00,348,348,348,348,0
2022-04-21 13:23:00,348,348,348,348,0
2022-04-21 13:24:00,348,348,348,348,0
2022-04-21 13:25:00,348,348,348,348,0
2022-04-21 13:26:00,348,348,348,348,0
2022-04-21 13:27:00,348,348,348,348,0
2022-04-21 13:28:00,348,348,348,348,0
2022-04-21 13:29:00,348,348,348,348,0
2022-04-21 13:30:00,348,348,348,348,0
2022-04-21 13:31:00,348,348,348,348,0
2022-04-21 13:32:00,348,348,348,348,0
2022-04-21 13:33:00,348,348,348,348,0
2022-04-21 13:34:00,348,348,348,348,0
2022-04-21 13:35:00,348,348,348,348,0
2022-04-21 13:36:00,348,348,348,348,0
2022-04-21 13:37:00,348,348,348,348,0
2022-04-21 13:38:00,348,348,348,348,0
2022-04-21 13:39:00,348,348,348,348,0
2022-04-21 13:40:00,348,348,348,348,0
2022-04-21 13:41:00,348,348,348,348,0
2022-04-21 13:42:00,348,348,348,348,0
2022-04-21 13:43:00,348,348,348,348,0
2022-04-21 13:44:00,348,348,348,348,0
2022-04-21 13:45:00,348,348,348,348,0
2022-04-21 13:46:00,348,348,348,348,0
2022-04-21 13:47:00,348,348,348,348,0
2022-04-21 13:48:00,348,348,348,348,0
2022-04-21 13:49:00,348,348,348,348,0
2022-04-21 13:50:00,348,348,348,348,0
2022-04-21 13:51:00,348,348,348,348,0
2022-04-21 13:52:00,348,348,348,348,0
2022-04-21 13:53:00,348,348,348,348,0
2022-04-21 13:54:00,348,348,348,348,9500
2022-04-21 13:55:00,348,348,348,348,0
2022-04-21 13:56:00,348,348,348,348,0
2022-04-21 13:57:00,348,348,348,348,0
2022-04-21 13:58:00,348,348,348,348,0
2022-04-21 13:59:00,348,348,348,348,0
2022-04-21 14:00:00,348,348,348,348,0
2022-04-21 14:01:00,348,348,348,348,0
2022-04-21 14:02:00,348,348,348,348,0
2022-04-21 14:03:00,348,348,348,348,0
2022-04-21 14:04:00,348,348,348,348,0
2022-04-21 14:05:00,348,348,348,348,0
2022-04-21 14:06:00,348,348,348,348,0
2022-04-21 14:07:00,348,348,348,348,0
2022-04-21 14:08:00,348,348,348,348,0
2022-04-21 14:09:00,348,348,348,348,0
2022-04-21 14:10:00,348,348,348,348,0
2022-04-21 14:11:00,348,348,348,348,0
2022-04-21 14:12:00,348,348,348,348,0
2022-04-21 14:13:00,348,348,348,348,0
2022-04-21 14:14:00,348,348,348,348,0
2022-04-21 14:15:00,348,348,348,348,0
2022-04-21 14:16:00,348,348,348,348,0
2022-04-21 14:17:00,348,348,348,348,0
2022-04-21 14:18:00,348,348,348,348,0
2022-04-21 14:19:00,348,348,348,348,0
2022-04-21 14:20:00,348,348,348,348,0
2022-04-21 14:21:00,348,348,348,348,0
2022-04-21 14:22:00,348,348,348,348,0
2022-04-21 14:23:00,348,348,348,348,0
2022-04-21 14:24:00,348,348,348,348,0
2022-04-21 14:25:00,348,348,348,348,0
2022-04-21 14:26:00,348,348,348,348,0
2022-04-21 14:27:00,348,348,348,348,0
2022-04-21 14:28:00,348,348,348,348,0
2022-04-21 14:29:00,348,348,348,348,0
2022-04-21 14:30:00,348,348,348,348,2000
2022-04-21 14:31:00,348,348,348,348,0
2022-04-21 14:32:00,348,348,348,348,0
2022-04-21 14:33:00,348,348,348,348,0
2022-04-21 14:34:00,348,348,348,348,0
2022-04-21 14:35:00,348,348,348,348,0
2022-04-21 14:36:00,348,348,348,348,0
2022-04-21 14:37:00,348,348,348,348,0
2022-04-21 14:38:00,348,348,348,348,0
2022-04-21 14:39:00,348,348,348,348,0
2022-04-21 14:40:00,348,348,348,348,0
2022-04-21 14:41:00,348,348,348,348,0
2022-04-21 14:42:00,348,348,348,348,0
2022-04-21 14:43:00,348,348,348,348,0
2022-04-21 14:44:00,348,348,348,348,0
2022-04-21 14:45:00,348,348,348,348,0
2022-04-21 14:46:00,348,348,348,348,0
2022-04-21 14:47:00,348,348,348,348,0
2022-04-21 14:48:00,348,348,348,348,0
2022-04-21 14:49:00,348,348,348,348,0
2022-04-21 14:50:00,348,348,348,348,0
2022-04-21 14:51:00,348,348,348,348,0
2022-04-21 14:52:00,348,348,348,348,0
2022-04-21 14:53:00,348,348,348,348,0
2022-04-21 14:54:00,348,348,348,348,0
2022-04-21 14:55:00,348,348,348,348,0
2022-04-21 14:56:00,348,348,348,348,0
2022-04-21 14:57:00,348,348,348,348,0
2022-04-21 14:58:00,348,348,348,348,0
2022-04-21 14:59:00,348,348,348,348,0
2022-04-21 15:00:00,348,348,348,348,5200
2022-04-21 15:01:00,348,348,348,348,0
2022-04-21 15:02:00,348,348,348,348,0
2022-04-21 15:03:00,348,348,348,348,0
2022-04-21 15:04:00,348,348,348,348,0
2022-04-21 15:05:00,348,348,348,348,0
2022-04-21 15:06:00,348,348,348,348,0
2022-04-21 15:07:00,348,348,348,348,0
2022-04-21 15:08:00,348,348,348,348,0
2022-04-21 15:09:00,348,348,348,348,0
2022-04-21 15:10:00,348,348,348,348,0
2022-04-21 15:11:00,348,348,348,348,0
2022-04-21 15:12:00,348,348,348,348,0
2022-04-21 15:13:00,348,348,348,348,0
2022-04-21 15:14:00,348,348,348,348,0
2022-04-21 15:15:00,348,348,348,348,0
2022-04-21 15:16:00,348,348,348,348,0
2022-04-21 15:17:00,348,348,348,348,0
2022-04-21 15:18:00,348,348,348,348,0
2022-04-21 15:19:00,348,348,348,348,0
2022-04-21 15:20:00,348,348,348,348,0
2022-04-21 15:21:00,348,348,348,348,0
2022-04-21 15:22:00,348,348,348,348,0
2022-04-21 15:23:00,348,348,348,348,0
2022-04-21 15:24:00,348,348,348,348,0
2022-04-21 15:25:00,348,348,348,348,0
2022-04-21 15:26:00,348,348,348,348,0
2022-04-21 15:27:00,348,348,348,348,0
2022-04-21 15:28:00,348,348,348,348,0
2022-04-21 15:29:00,348,348,348,348,0
2022-04-21 15:30:00,348,348,348,348,0
2022-04-21 15:31:00,348,348,348,348,0
2022-04-21 15:32:00,348,348,348,348,0
2022-04-21 15:33:00,348,348,348,348,0
2022-04-21 15:34:00,348,348,348,348,0
2022-04-21 15:35:00,348,348,348,348,0
2022-04-21 15:36:00,348,348,348,348,0
2022-04-21 15:37:00,348,348,348,348,0
2022-04-21 15:38:00,348,348,348,348,0
2022-04-21 15:39:00,348,348,348,348,0
2022-04-21 15:40:00,348,348,348,348,0
2022-04-21 15:41:00,348,348,348,348,0
2022-04-21 15:42:00,348,348,348,348,0
2022-04-21 15:43:00,348,348,348,348,0
2022-04-21 15:44:00,348,348,348,348,0
2022-04-21 15:45:00,348,348,348,348,0
2022-04-21 15:46:00,348,348,348,348,0
2022-04-21 15:47:00,348,348,348,348,0
2022-04-21 15:48:00,348,348,348,348,0
2022-04-21 15:49:00,348,348,348,348,0
2022-04-21 15:50:00,348,348,348,348,0
2022-04-21 15:51:00,348,348,348,348,0
2022-04-21 15:52:00,348,348,348,348,0
2022-04-21 15:53:00,348,348,348,348,0
2022-04-21 15:54:00,348,348,348,348,0
2022-04-21 15:55:00,348,348,348,348,0
2022-04-21 15:56:00,348,348,348,348,0
2022-04-21 15:57:00,348,348,348,348,0
2022-04-21 15:58:00,348,348,348,348,0
2022-04-21 15:59:00,348,348,348,348,0
2022-04-22 09:00:00,348,348,348,348,0
2022-04-22 09:01:00,348,348,348,348,0
2022-04-22 09:02:00,348,348,348,348,0
2022-04-22 09:03:00,348,348,348,348,0
2022-04-22 09:04:00,348,348,348,348,0
2022-04-22 09:05:00,348,348,348,348,0
2022-04-22 09:06:00,348,348,348,348,0
2022-04-22 09:07:00,348,348,348,348,0
2022-04-22 09:08:00,348,348,348,348,0
2022-04-22 09:09:00,340,340,340,340,0
2022-04-22 09:10:00,340,340,340,340,0
2022-04-22 09:11:00,340,340,340,340,0
2022-04-22 09:12:00,340,340,340,340,0
2022-04-22 09:13:00,340,340,340,340,0
2022-04-22 09:14:00,340,340,340,340,0
2022-04-22 09:15:00,340,340,340,340,0
2022-04-22 09:16:00,340,340,340,340,0
2022-04-22 09:17:00,340,340,340,340,0
2022-04-22 09:18:00,340,340,340,340,0
2022-04-22 09:19:00,340,340,340,340,0
2022-04-22 09:20:00,340,340,340,340,0
2022-04-22 09:21:00,360,360,360,360,100
2022-04-22 09:22:00,360,360,360,360,0
2022-04-22 09:23:00,360,360,360,360,0
2022-04-22 09:24:00,360,360,360,360,0
2022-04-22 09:25:00,360,360,360,360,0
2022-04-22 09:26:00,360,360,360,360,0
2022-04-22 09:27:00,360,360,360,360,0
2022-04-22 09:28:00,360,360,360,360,0
2022-04-22 09:29:00,360,360,360,360,0
2022-04-22 09:30:00,360,360,360,360,0
2022-04-22 09:31:00,360,360,360,360,0
2022-04-22 09:32:00,360,360,360,360,0
2022-04-22 09:33:00,360,360,360,360,0
2022-04-22 09:34:00,360,360,360,360,0
2022-04-22 09:35:00,360,360,360,360,0
2022-04-22 09:36:00,360,360,360,360,0
2022-04-22 09:37:00,360,360,360,360,0
2022-04-22 09:38:00,360,360,360,360,0
2022-04-22 09:39:00,360,360,360,360,0
2022-04-22 09:40:00,360,360,360,360,0
2022-04-22 09:41:00,360,360,360,360,0
2022-04-22 09:42:00,360,360,360,360,0
2022-04-22 09:43:00,360,360,360,360,0
2022-04-22 09:44:00,360,360,360,360,0
2022-04-22 09:45:00,360,360,360,360,0
2022-04-22 09:46:00,360,360,360,360,0
2022-04-22 09:47:00,360,360,360,360,0
2022-04-22 09:48:00,360,360,360,360,0
2022-04-22 09:49:00,360,360,360,360,0
2022-04-22 09:50:00,360,360,360,360,0
2022-04-22 09:51:00,360,360,360,360,0
2022-04-22 09:52:00,360,360,360,360,0
2022-04-22 09:53:00,360,360,360,360,0
2022-04-22 09:54:00,360,360,360,360,0
2022-04-22 09:55:00,360,360,360,360,0
2022-04-22 09:56:00,360,360,360,360,0
2022-04-22 09:57:00,360,360,360,360,0
2022-04-22 09:58:00,360,360,360,360,0
2022-04-22 09:59:00,360,360,360,360,0
2022-04-22 10:00:00,360,360,360,360,0
2022-04-22 10:01:00,360,360,360,360,0
2022-04-22 10:02:00,360,360,360,360,0
2022-04-22 10:03:00,360,360,360,360,0
2022-04-22 10:04:00,360,360,360,360,0
2022-04-22 10:05:00,360,360,360,360,0
2022-04-22 10:06:00,360,360,360,360,0
2022-04-22 10:07:00,360,360,360,360,0
2022-04-22 10:08:00,360,360,360,360,0
2022-04-22 10:09:00,360,360,360,360,0
2022-04-22 10:10:00,360,360,360,360,0
2022-04-22 10:11:00,360,360,360,360,0
2022-04-22 10:12:00,360,360,360,360,0
2022-04-22 10:13:00,360,360,360,360,0
2022-04-22 10:14:00,360,360,360,360,0
2022-04-22 10:15:00,360,360,360,360,0
2022-04-22 10:16:00,360,360,360,360,0
2022-04-22 10:17:00,360,360,360,360,0
2022-04-22 10:18:00,360,360,360,360,0
2022-04-22 10:19:00,360,360,360,360,0
2022-04-22 10:20:00,360,360,360,360,0
2022-04-22 10:21:00,360,360,360,360,0
2022-04-22 10:22:00,360,360,360,360,0
2022-04-22 10:23:00,360,360,360,360,0
2022-04-22 10:24:00,360,360,360,360,0
2022-04-22 10:25:00,360,360,360,360,0
2022-04-22 10:26:00,360,360,360,360,0
2022-04-22 10:27:00,358,358,358,358,100
2022-04-22 10:28:00,358,358,358,358,0
2022-04-22 10:29:00,358,358,358,358,0
2022-04-22 10:30:00,358,358,358,358,0
2022-04-22 10:31:00,358,358,358,358,0
2022-04-22 10:32:00,358,358,358,358,0
2022-04-22 10:33:00,340,340,340,340,100
2022-04-22 10:34:00,340,340,340,340,0
2022-04-22 10:35:00,340,340,340,340,0
2022-04-22 10:36:00,340,340,340,340,0
2022-04-22 10:37:00,340,340,340,340,0
2022-04-22 10:38:00,358,358,358,358,100
2022-04-22 10:39:00,358,358,358,358,0
2022-04-22 10:40:00,358,358,358,358,0
2022-04-22 10:41:00,358,358,358,358,0
2022-04-22 10:42:00,358,358,358,358,0
2022-04-22 10:43:00,358,358,358,358,0
2022-04-22 10:44:00,358,358,358,358,0
2022-04-22 10:45:00,358,358,358,358,0
2022-04-22 10:46:00,358,358,358,358,0
2022-04-22 10:47:00,358,358,358,358,0
2022-04-22 10:48:00,350,340,350,340,4800
2022-04-22 10:49:00,350,340,350,340,0
2022-04-22 10:50:00,350,340,350,340,0
2022-04-22 10:51:00,350,340,350,340,0
2022-04-22 10:52:00,350,340,350,340,0
2022-04-22 10:53:00,350,340,350,340,0
2022-04-22 10:54:00,350,340,350,340,0
2022-04-22 10:55:00,350,340,350,340,0
2022-04-22 10:56:00,350,340,350,340,0
2022-04-22 10:57:00,350,340,350,340,0
2022-04-22 10:58:00,350,340,350,340,0
2022-04-22 10:59:00,350,340,350,340,0
2022-04-22 11:00:00,350,340,350,340,0
2022-04-22 11:01:00,350,340,350,340,0
2022-04-22 11:02:00,350,340,350,340,0
2022-04-22 11:03:00,350,340,350,340,0
2022-04-22 11:04:00,350,340,350,340,0
2022-04-22 11:05:00,350,340,350,340,0
2022-04-22 11:06:00,350,340,350,340,0
2022-04-22 11:07:00,350,340,350,340,0
2022-04-22 11:08:00,350,340,350,340,0
2022-04-22 11:09:00,350,340,350,340,0
2022-04-22 11:10:00,350,340,350,340,0
2022-04-22 11:11:00,350,340,350,340,0
2022-04-22 11:12:00,350,340,350,340,0
2022-04-22 11:13:00,350,340,350,340,0
2022-04-22 11:14:00,350,340,350,340,0
2022-04-22 11:15:00,350,340,350,340,0
2022-04-22 11:16:00,350,340,350,340,0
2022-04-22 11:17:00,350,340,350,340,0
2022-04-22 11:18:00,350,340,350,340,0
2022-04-22 11:19:00,350,340,350,340,0
2022-04-22 11:20:00,350,340,350,340,0
2022-04-22 11:21:00,350,340,350,340,0
2022-04-22 11:22:00,350,340,350,340,0
2022-04-22 11:23:00,350,340,350,340,0
2022-04-22 11:24:00,350,340,350,340,0
2022-04-22 11:25:00,350,340,350,340,0
2022-04-22 11:26:00,350,340,350,340,0
2022-04-22 11:27:00,350,340,350,340,0
2022-04-22 11:28:00,350,340,350,340,0
2022-04-22 11:29:00,350,340,350,340,0
2022-04-22 11:30:00,350,340,350,340,0
2022-04-22 11:31:00,350,340,350,340,0
2022-04-22 11:32:00,350,340,350,340,0
2022-04-22 11:33:00,350,340,350,340,0
2022-04-22 11:34:00,350,340,350,340,0
2022-04-22 11:35:00,350,340,350,340,0
2022-04-22 11:36:00,350,340,350,340,0
2022-04-22 11:37:00,350,340,350,340,0
2022-04-22 11:38:00,350,340,350,340,0
2022-04-22 11:39:00,350,340,350,340,0
2022-04-22 11:40:00,350,340,350,340,0
2022-04-22 11:41:00,350,340,350,340,0
2022-04-22 11:42:00,350,340,350,340,0
2022-04-22 11:43:00,350,340,350,340,0
2022-04-22 11:44:00,350,340,350,340,0
2022-04-22 11:45:00,350,340,350,340,0
2022-04-22 11:46:00,350,340,350,340,0
2022-04-22 11:47:00,350,340,350,340,0
2022-04-22 11:48:00,350,340,350,340,0
2022-04-22 11:49:00,350,340,350,340,0
2022-04-22 11:50:00,350,340,350,340,0
2022-04-22 11:51:00,350,340,350,340,0
2022-04-22 11:52:00,350,340,350,340,0
2022-04-22 11:53:00,350,340,350,340,0
2022-04-22 11:54:00,350,340,350,340,0
2022-04-22 11:55:00,350,340,350,340,0
2022-04-22 11:56:00,350,340,350,340,0
2022-04-22 11:57:00,350,340,350,340,0
2022-04-22 11:58:00,350,340,350,340,0
2022-04-22 11:59:00,350,340,350,340,0
2022-04-22 12:00:00,350,340,350,340,0
2022-04-22 12:01:00,350,340,350,340,0
2022-04-22 12:02:00,350,340,350,340,0
2022-04-22 12:03:00,350,340,350,340,0
2022-04-22 12:04:00,350,340,350,340,0
2022-04-22 12:05:00,350,340,350,340,0
2022-04-22 12:06:00,350,340,350,340,0
2022-04-22 12:07:00,350,340,350,340,0
2022-04-22 12:08:00,350,340,350,340,0
2022-04-22 12:09:00,350,340,350,340,0
2022-04-22 12:10:00,350,340,350,340,0
2022-04-22 12:11:00,350,340,350,340,0
2022-04-22 12:12:00,350,340,350,340,0
2022-04-22 12:13:00,350,340,350,340,0
2022-04-22 12:14:00,350,340,350,340,0
2022-04-22 12:15:00,350,340,350,340,0
2022-04-22 12:16:00,350,340,350,340,0
2022-04-22 12:17:00,350,340,350,340,0
2022-04-22 12:18:00,350,340,350,340,0
2022-04-22 12:19:00,350,340,350,340,0
2022-04-22 12:20:00,350,340,350,340,0
2022-04-22 12:21:00,350,340,350,340,0
2022-04-22 12:22:00,350,340,350,340,0
2022-04-22 12:23:00,350,340,350,340,0
2022-04-22 12:24:00,350,340,350,340,0
2022-04-22 12:25:00,350,340,350,340,0
2022-04-22 12:26:00,350,340,350,340,0
2022-04-22 12:27:00,350,340,350,340,0
2022-04-22 12:28:00,350,340,350,340,0
2022-04-22 12:29:00,350,340,350,340,0
2022-04-22 12:30:00,350,340,350,340,0
2022-04-22 12:31:00,350,340,350,340,0
2022-04-22 12:32:00,350,340,350,340,0
2022-04-22 12:33:00,350,340,350,340,0
2022-04-22 12:34:00,350,340,350,340,0
2022-04-22 12:35:00,350,340,350,340,0
2022-04-22 12:36:00,350,340,350,340,0
2022-04-22 12:37:00,350,340,350,340,0
2022-04-22 12:38:00,350,340,350,340,0
2022-04-22 12:39:00,350,340,350,340,0
2022-04-22 12:40:00,350,340,350,340,0
2022-04-22 12:41:00,350,340,350,340,0
2022-04-22 12:42:00,350,340,350,340,0
2022-04-22 12:43:00,350,340,350,340,0
2022-04-22 12:44:00,350,340,350,340,0
2022-04-22 12:45:00,350,340,350,340,0
2022-04-22 12:46:00,350,340,350,340,0
2022-04-22 12:47:00,350,340,350,340,0
2022-04-22 12:48:00,350,340,350,340,0
2022-04-22 12:49:00,350,340,350,340,0
2022-04-22 12:50:00,350,340,350,340,0
2022-04-22 12:51:00,350,340,350,340,0
2022-04-22 12:52:00,350,340,350,340,0
2022-04-22 12:53:00,350,340,350,340,0
2022-04-22 12:54:00,350,340,350,340,0
2022-04-22 12:55:00,350,340,350,340,0
2022-04-22 12:56:00,350,340,350,340,0
2022-04-22 12:57:00,350,340,350,340,0
2022-04-22 12:58:00,350,340,350,340,0
2022-04-22 12:59:00,350,340,350,340,0
2022-04-22 13:00:00,350,340,350,340,0
2022-04-22 13:01:00,350,340,350,340,0
2022-04-22 13:02:00,350,340,350,340,0
2022-04-22 13:03:00,350,340,350,340,0
2022-04-22 13:04:00,350,340,350,340,0
2022-04-22 13:05:00,350,340,350,340,0
2022-04-22 13:06:00,350,340,350,340,0
2022-04-22 13:07:00,350,340,350,340,0
2022-04-22 13:08:00,350,340,350,340,0
2022-04-22 13:09:00,350,340,350,340,0
2022-04-22 13:10:00,350,340,350,340,0
2022-04-22 13:11:00,350,340,350,340,0
2022-04-22 13:12:00,350,340,350,340,0
2022-04-22 13:13:00,350,340,350,340,0
2022-04-22 13:14:00,350,340,350,340,0
2022-04-22 13:15:00,350,340,350,340,0
2022-04-22 13:16:00,350,340,350,340,0
2022-04-22 13:17:00,350,340,350,340,0
2022-04-22 13:18:00,350,340,350,340,0
2022-04-22 13:19:00,350,340,350,340,0
2022-04-22 13:20:00,350,340,350,340,0
2022-04-22 13:21:00,350,340,350,340,0
2022-04-22 13:22:00,350,340,350,340,0
2022-04-22 13:23:00,350,340,350,340,0
2022-04-22 13:24:00,350,340,350,340,0
2022-04-22 13:25:00,350,340,350,340,0
2022-04-22 13:26:00,350,340,350,340,0
2022-04-22 13:27:00,350,340,350,340,0
2022-04-22 13:28:00,350,340,350,340,0
2022-04-22 13:29:00,350,340,350,340,0
2022-04-22 13:30:00,350,340,350,340,0
2022-04-22 13:31:00,350,340,350,340,0
2022-04-22 13:32:00,350,340,350,340,0
2022-04-22 13:33:00,350,340,350,340,0
2022-04-22 13:34:00,350,340,350,340,0
2022-04-22 13:35:00,350,340,350,340,0
2022-04-22 13:36:00,350,340,350,340,0
2022-04-22 13:37:00,350,340,350,340,0
2022-04-22 13:38:00,350,340,350,340,0
2022-04-22 13:39:00,350,340,350,340,0
2022-04-22 13:40:00,350,340,350,340,0
2022-04-22 13:41:00,350,340,350,340,0
2022-04-22 13:42:00,350,340,350,340,0
2022-04-22 13:43:00,350,340,350,340,0
2022-04-22 13:44:00,350,340,350,340,0
2022-04-22 13:45:00,350,340,350,340,0
2022-04-22 13:46:00,350,340,350,340,0
2022-04-22 13:47:00,350,340,350,340,0
2022-04-22 13:48:00,350,340,350,340,0
2022-04-22 13:49:00,350,340,350,340,0
2022-04-22 13:50:00,350,340,350,340,0
2022-04-22 13:51:00,350,340,350,340,0
2022-04-22 13:52:00,350,340,350,340,0
2022-04-22 13:53:00,350,340,350,340,0
2022-04-22 13:54:00,350,340,350,340,0
2022-04-22 13:55:00,350,340,350,340,0
2022-04-22 13:56:00,350,340,350,340,0
2022-04-22 13:57:00,350,340,350,340,0
2022-04-22 13:58:00,350,340,350,340,0
2022-04-22 13:59:00,350,340,350,340,0
2022-04-22 14:00:00,350,340,350,340,0
2022-04-22 14:01:00,350,340,350,340,0
2022-04-22 14:02:00,350,340,350,340,0
2022-04-22 14:03:00,350,340,350,340,0
2022-04-22 14:04:00,350,340,350,340,0
2022-04-22 14:05:00,350,340,350,340,0
2022-04-22 14:06:00,350,340,350,340,0
2022-04-22 14:07:00,350,340,350,340,0
2022-04-22 14:08:00,350,340,350,340,0
2022-04-22 14:09:00,350,340,350,340,0
2022-04-22 14:10:00,350,340,350,340,0
2022-04-22 14:11:00,350,340,350,340,0
2022-04-22 14:12:00,350,340,350,340,0
2022-04-22 14:13:00,350,340,350,340,0
2022-04-22 14:14:00,350,340,350,340,0
2022-04-22 14:15:00,350,340,350,340,0
2022-04-22 14:16:00,350,340,350,340,0
2022-04-22 14:17:00,350,340,350,340,0
2022-04-22 14:18:00,350,340,350,340,0
2022-04-22 14:19:00,350,340,350,340,0
2022-04-22 14:20:00,350,340,350,340,0
2022-04-22 14:21:00,350,340,350,340,0
2022-04-22 14:22:00,350,340,350,340,0
2022-04-22 14:23:00,350,340,350,340,0
2022-04-22 14:24:00,350,340,350,340,0
2022-04-22 14:25:00,350,340,350,340,0
2022-04-22 14:26:00,350,340,350,340,0
2022-04-22 14:27:00,350,340,350,340,0
2022-04-22 14:28:00,350,340,350,340,0
2022-04-22 14:29:00,350,340,350,340,0
2022-04-22 14:30:00,350,340,350,340,0
2022-04-22 14:31:00,350,340,350,340,0
2022-04-22 14:32:00,350,340,350,340,0
2022-04-22 14:33:00,350,340,350,340,0
2022-04-22 14:34:00,350,340,350,340,0
2022-04-22 14:35:00,350,340,350,340,0
2022-04-22 14:36:00,350,340,350,340,0
2022-04-22 14:37:00,350,340,350,340,0
2022-04-22 14:38:00,350,340,350,340,0
2022-04-22 14:39:00,350,340,350,340,0
2022-04-22 14:40:00,354,354,354,354,0
2022-04-22 14:41:00,354,354,354,354,0
2022-04-22 14:42:00,354,354,354,354,0
2022-04-22 14:43:00,354,354,354,354,0
2022-04-22 14:44:00,354,354,354,354,0
2022-04-22 14:45:00,354,354,354,354,0
2022-04-22 14:46:00,354,354,354,354,0
2022-04-22 14:47:00,354,354,354,354,0
2022-04-22 14:48:00,354,354,354,354,0
2022-04-22 14:49:00,354,354,354,354,0
2022-04-22 14:50:00,354,354,354,354,0
2022-04-22 14:51:00,354,354,354,354,0
2022-04-22 14:52:00,354,354,354,354,0
2022-04-22 14:53:00,354,354,354,354,0
2022-04-22 14:54:00,354,354,354,354,0
2022-04-22 14:55:00,354,354,354,354,0
2022-04-22 14:56:00,354,354,354,354,0
2022-04-22 14:57:00,354,354,354,354,0
2022-04-22 14:58:00,354,354,354,354,0
2022-04-22 14:59:00,354,354,354,354,0
2022-04-22 15:00:00,354,354,354,354,0
2022-04-22 15:01:00,354,354,354,354,0
2022-04-22 15:02:00,354,354,354,354,0
2022-04-22 15:03:00,354,354,354,354,0
2022-04-22 15:04:00,354,354,354,354,0
2022-04-22 15:05:00,354,354,354,354,0
2022-04-22 15:06:00,354,354,354,354,0
2022-04-22 15:07:00,354,354,354,354,0
2022-04-22 15:08:00,354,354,354,354,0
2022-04-22 15:09:00,354,354,354,354,0
2022-04-22 15:10:00,354,354,354,354,0
2022-04-22 15:11:00,354,354,354,354,0
2022-04-22 15:12:00,354,354,354,354,0
2022-04-22 15:13:00,354,354,354,354,0
2022-04-22 15:14:00,354,354,354,354,0
2022-04-22 15:15:00,354,354,354,354,0
2022-04-22 15:16:00,354,354,354,354,0
2022-04-22 15:17:00,354,354,354,354,0
2022-04-22 15:18:00,354,354,354,354,0
2022-04-22 15:19:00,354,354,354,354,0
2022-04-22 15:20:00,354,354,354,354,0
2022-04-22 15:21:00,354,354,354,354,0
2022-04-22 15:22:00,354,354,354,354,0
2022-04-22 15:23:00,354,354,354,354,0
2022-04-22 15:24:00,354,354,354,354,0
2022-04-22 15:25:00,354,354,354,354,0
2022-04-22 15:26:00,354,354,354,354,0
2022-04-22 15:27:00,354,354,354,354,0
2022-04-22 15:28:00,354,354,354,354,0
2022-04-22 15:29:00,354,354,354,354,0
2022-04-22 15:30:00,354,354,354,354,0
2022-04-22 15:31:00,354,354,354,354,0
2022-04-22 15:32:00,354,354,354,354,0
2022-04-22 15:33:00,354,354,354,354,0
2022-04-22 15:34:00,354,354,354,354,0
2022-04-22 15:35:00,354,354,354,354,0
2022-04-22 15:36:00,354,354,354,354,0
2022-04-22 15:37:00,354,354,354,354,0
2022-04-22 15:38:00,354,354,354,354,0
2022-04-22 15:39:00,354,354,354,354,0
2022-04-22 15:40:00,354,354,354,354,0
2022-04-22 15:41:00,354,354,354,354,0
2022-04-22 15:42:00,354,354,354,354,0
2022-04-22 15:43:00,354,354,354,354,0
2022-04-22 15:44:00,354,354,354,354,0
2022-04-22 15:45:00,354,354,354,354,0
2022-04-22 15:46:00,354,354,354,354,0
2022-04-22 15:47:00,354,354,354,354,0
2022-04-22 15:48:00,354,354,354,354,0
2022-04-22 15:49:00,354,354,354,354,0
2022-04-22 15:50:00,354,354,354,354,0
2022-04-22 15:51:00,354,354,354,354,0
2022-04-22 15:52:00,354,354,354,354,0
2022-04-22 15:53:00,354,354,354,354,0
2022-04-22 15:54:00,354,354,354,354,0
2022-04-22 15:55:00,354,354,354,354,0
2022-04-22 15:56:00,354,354,354,354,0
2022-04-22 15:57:00,354,354,354,354,0
2022-04-22 15:58:00,354,354,354,354,0
2022-04-22 15:59:00,354,354,354,354,0
2022-04-25 09:00:00,354,354,354,354,0
2022-04-25 09:01:00,354,354,354,354,0
2022-04-25 09:02:00,354,354,354,354,0
2022-04-25 09:03:00,354,354,354,354,0
2022-04-25 09:04:00,354,354,354,354,0
2022-04-25 09:05:00,354,354,354,354,0
2022-04-25 09:06:00,354,354,354,354,0
2022-04-25 09:07:00,354,354,354,354,0
2022-04-25 09:08:00,354,354,354,354,0
2022-04-25 09:09:00,354,354,354,354,0
2022-04-25 09:10:00,354,354,354,354,0
2022-04-25 09:11:00,354,354,354,354,0
2022-04-25 09:12:00,354,354,354,354,0
2022-04-25 09:13:00,354,354,354,354,0
2022-04-25 09:14:00,354,354,354,354,0
2022-04-25 09:15:00,354,354,354,354,0
2022-04-25 09:16:00,354,354,354,354,0
2022-04-25 09:17:00,354,354,354,354,0
2022-04-25 09:18:00,354,354,354,354,0
2022-04-25 09:19:00,354,354,354,354,0
2022-04-25 09:20:00,354,354,354,354,0
2022-04-25 09:21:00,354,354,354,354,0
2022-04-25 09:22:00,354,354,354,354,0
2022-04-25 09:23:00,354,354,354,354,0
2022-04-25 09:24:00,354,354,354,354,0
2022-04-25 09:25:00,354,354,354,354,0
2022-04-25 09:26:00,354,354,354,354,0
2022-04-25 09:27:00,354,354,354,354,0
2022-04-25 09:28:00,354,354,354,354,0
2022-04-25 09:29:00,354,354,354,354,0
2022-04-25 09:30:00,354,354,354,354,0
2022-04-25 09:31:00,354,354,354,354,0
2022-04-25 09:32:00,354,354,354,354,0
2022-04-25 09:33:00,354,354,354,354,0
2022-04-25 09:34:00,354,354,354,354,0
2022-04-25 09:35:00,354,354,354,354,0
2022-04-25 09:36:00,354,354,354,354,0
2022-04-25 09:37:00,354,354,354,354,0
2022-04-25 09:38:00,354,354,354,354,0
2022-04-25 09:39:00,354,354,354,354,0
2022-04-25 09:40:00,354,354,354,354,0
2022-04-25 09:41:00,354,354,354,354,0
2022-04-25 09:42:00,354,354,354,354,0
2022-04-25 09:43:00,354,354,354,354,0
2022-04-25 09:44:00,354,354,354,354,0
2022-04-25 09:45:00,354,354,354,354,0
2022-04-25 09:46:00,354,354,354,354,0
2022-04-25 09:47:00,354,354,354,354,0
2022-04-25 09:48:00,354,354,354,354,0
2022-04-25 09:49:00,354,354,354,354,0
2022-04-25 09:50:00,354,354,354,354,0
2022-04-25 09:51:00,354,354,354,354,0
2022-04-25 09:52:00,354,354,354,354,0
2022-04-25 09:53:00,354,354,354,354,0
2022-04-25 09:54:00,354,354,354,354,0
2022-04-25 09:55:00,354,354,354,354,0
2022-04-25 09:56:00,354,354,354,354,0
2022-04-25 09:57:00,354,354,354,354,0
2022-04-25 09:58:00,354,354,354,354,0
2022-04-25 09:59:00,354,354,354,354,0
2022-04-25 10:00:00,354,354,354,354,0
2022-04-25 10:01:00,354,354,354,354,0
2022-04-25 10:02:00,354,354,354,354,0
2022-04-25 10:03:00,354,354,354,354,0
2022-04-25 10:04:00,354,354,354,354,0
2022-04-25 10:05:00,354,354,354,354,0
2022-04-25 10:06:00,354,354,354,354,0
2022-04-25 10:07:00,354,354,354,354,0
2022-04-25 10:08:00,354,354,354,354,0
2022-04-25 10:09:00,354,354,354,354,0
2022-04-25 10:10:00,354,354,354,354,0
2022-04-25 10:11:00,354,354,354,354,0
2022-04-25 10:12:00,354,354,354,354,0
2022-04-25 10:13:00,354,354,354,354,0
2022-04-25 10:14:00,354,354,354,354,0
2022-04-25 10:15:00,354,354,354,354,0
2022-04-25 10:16:00,354,354,354,354,0
2022-04-25 10:17:00,354,354,354,354,0
2022-04-25 10:18:00,354,354,354,354,0
2022-04-25 10:19:00,354,354,354,354,0
2022-04-25 10:20:00,354,354,354,354,0
2022-04-25 10:21:00,354,354,354,354,0
2022-04-25 10:22:00,354,354,354,354,0
2022-04-25 10:23:00,354,354,354,354,0
2022-04-25 10:24:00,354,354,354,354,0
2022-04-25 10:25:00,354,354,354,354,0
2022-04-25 10:26:00,354,354,354,354,0
2022-04-25 10:27:00,354,354,354,354,0
2022-04-25 10:28:00,354,354,354,354,0
2022-04-25 10:29:00,354,354,354,354,0
2022-04-25 10:30:00,354,354,354,354,0
2022-04-25 10:31:00,354,354,354,354,0
2022-04-25 10:32:00,354,354,354,354,0
2022-04-25 10:33:00,354,354,354,354,0
2022-04-25 10:34:00,354,354,354,354,0
2022-04-25 10:35:00,354,354,354,354,0
2022-04-25 10:36:00,354,354,354,354,0
2022-04-25 10:37:00,354,354,354,354,0
2022-04-25 10:38:00,354,354,354,354,0
2022-04-25 10:39:00,354,354,354,354,0
2022-04-25 10:40:00,354,354,354,354,0
2022-04-25 10:41:00,354,354,354,354,0
2022-04-25 10:42:00,354,354,354,354,0
2022-04-25 10:43:00,354,354,354,354,0
2022-04-25 10:44:00,354,354,354,354,0
2022-04-25 10:45:00,354,354,354,354,0
2022-04-25 10:46:00,354,354,354,354,0
2022-04-25 10:47:00,354,354,354,354,0
2022-04-25 10:48:00,354,354,354,354,0
2022-04-25 10:49:00,354,354,354,354,0
2022-04-25 10:50:00,354,354,354,354,0
2022-04-25 10:51:00,354,354,354,354,0
2022-04-25 10:52:00,354,354,354,354,0
2022-04-25 10:53:00,354,354,354,354,0
2022-04-25 10:54:00,354,354,354,354,0
2022-04-25 10:55:00,354,354,354,354,0
2022-04-25 10:56:00,354,354,354,354,0
2022-04-25 10:57:00,354,354,354,354,0
2022-04-25 10:58:00,354,354,354,354,0
2022-04-25 10:59:00,354,354,354,354,0
2022-04-25 11:00:00,354,354,354,354,0
2022-04-25 11:01:00,354,354,354,354,0
2022-04-25 11:02:00,354,354,354,354,0
2022-04-25 11:03:00,354,354,354,354,0
2022-04-25 11:04:00,354,354,354,354,0
2022-04-25 11:05:00,354,354,354,354,0
2022-04-25 11:06:00,354,354,354,354,0
2022-04-25 11:07:00,354,354,354,354,0
2022-04-25 11:08:00,354,354,354,354,0
2022-04-25 11:09:00,354,354,354,354,0
2022-04-25 11:10:00,354,354,354,354,0
2022-04-25 11:11:00,354,354,354,354,0
2022-04-25 11:12:00,354,354,354,354,0
2022-04-25 11:13:00,354,354,354,354,0
2022-04-25 11:14:00,354,354,354,354,0
2022-04-25 11:15:00,354,354,354,354,0
2022-04-25 11:16:00,354,354,354,354,0
2022-04-25 11:17:00,354,354,354,354,0
2022-04-25 11:18:00,354,354,354,354,0
2022-04-25 11:19:00,354,354,354,354,0
2022-04-25 11:20:00,354,354,354,354,0
2022-04-25 11:21:00,354,354,354,354,0
2022-04-25 11:22:00,354,354,354,354,0
2022-04-25 11:23:00,354,354,354,354,0
2022-04-25 11:24:00,354,354,354,354,0
2022-04-25 11:25:00,354,354,354,354,0
2022-04-25 11:26:00,354,354,354,354,0
2022-04-25 11:27:00,354,354,354,354,0
2022-04-25 11:28:00,354,354,354,354,0
2022-04-25 11:29:00,354,354,354,354,0
2022-04-25 11:30:00,354,354,354,354,0
2022-04-25 11:31:00,354,354,354,354,0
2022-04-25 11:32:00,354,354,354,354,0
2022-04-25 11:33:00,354,354,354,354,0
2022-04-25 11:34:00,354,354,354,354,0
2022-04-25 11:35:00,354,354,354,354,0
2022-04-25 11:36:00,354,354,354,354,0
2022-04-25 11:37:00,354,354,354,354,0
2022-04-25 11:38:00,354,354,354,354,0
2022-04-25 11:39:00,354,354,354,354,0
2022-04-25 11:40:00,354,354,354,354,0
2022-04-25 11:41:00,354,354,354,354,0
2022-04-25 11:42:00,354,354,354,354,0
2022-04-25 11:43:00,354,354,354,354,0
2022-04-25 11:44:00,354,354,354,354,0
2022-04-25 11:45:00,354,354,354,354,0
2022-04-25 11:46:00,354,354,354,354,0
2022-04-25 11:47:00,354,354,354,354,0
2022-04-25 11:48:00,354,354,354,354,0
2022-04-25 11:49:00,354,354,354,354,0
2022-04-25 11:50:00,354,354,354,354,0
2022-04-25 11:51:00,354,354,354,354,0
2022-04-25 11:52:00,354,354,354,354,0
2022-04-25 11:53:00,354,354,354,354,0
2022-04-25 11:54:00,354,354,354,354,0
2022-04-25 11:55:00,354,354,354,354,0
2022-04-25 11:56:00,354,354,354,354,0
2022-04-25 11:57:00,354,354,354,354,0
2022-04-25 11:58:00,354,354,354,354,0
2022-04-25 11:59:00,354,354,354,354,0
2022-04-25 12:00:00,354,354,354,354,0
2022-04-25 12:01:00,354,354,354,354,0
2022-04-25 12:02:00,354,354,354,354,0
2022-04-25 12:03:00,354,354,354,354,0
2022-04-25 12:04:00,354,354,354,354,0
2022-04-25 12:05:00,354,354,354,354,0
2022-04-25 12:06:00,354,354,354,354,0
2022-04-25 12:07:00,354,354,354,354,0
2022-04-25 12:08:00,354,354,354,354,0
2022-04-25 12:09:00,354,354,354,354,0
2022-04-25 12:10:00,354,354,354,354,0
2022-04-25 12:11:00,354,354,354,354,0
2022-04-25 12:12:00,354,354,354,354,0
2022-04-25 12:13:00,354,354,354,354,0
2022-04-25 12:14:00,354,354,354,354,0
2022-04-25 12:15:00,354,354,354,354,0
2022-04-25 12:16:00,354,354,354,354,0
2022-04-25 12:17:00,354,354,354,354,0
2022-04-25 12:18:00,354,354,354,354,0
2022-04-25 12:19:00,354,354,354,354,0
2022-04-25 12:20:00,354,354,354,354,0
2022-04-25 12:21:00,354,354,354,354,0
2022-04-25 12:22:00,354,354,354,354,0
2022-04-25 12:23:00,354,354,354,354,0
2022-04-25 12:24:00,354,354,354,354,0
2022-04-25 12:25:00,354,354,354,354,0
2022-04-25 12:26:00,354,354,354,354,0
2022-04-25 12:27:00,354,354,354,354,0
2022-04-25 12:28:00,354,354,354,354,0
2022-04-25 12:29:00,354,354,354,354,0
2022-04-25 12:30:00,354,354,354,354,0
2022-04-25 12:31:00,354,354,354,354,0
2022-04-25 12:32:00,354,354,354,354,0
2022-04-25 12:33:00,354,354,354,354,0
2022-04-25 12:34:00,354,354,354,354,0
2022-04-25 12:35:00,354,354,354,354,0
2022-04-25 12:36:00,354,354,354,354,0
2022-04-25 12:37:00,354,354,354,354,0
2022-04-25 12:38:00,354,354,354,354,0
2022-04-25 12:39:00,354,354,354,354,0
2022-04-25 12:40:00,354,354,354,354,0
2022-04-25 12:41:00,354,354,354,354,0
2022-04-25 12:42:00,354,354,354,354,0
2022-04-25 12:43:00,354,354,354,354,0
2022-04-25 12:44:00,354,354,354,354,0
2022-04-25 12:45:00,354,354,354,354,0
2022-04-25 12:46:00,354,354,354,354,0
2022-04-25 12:47:00,354,354,354,354,0
2022-04-25 12:48:00,354,354,354,354,0
2022-04-25 12:49:00,354,354,354,354,0
2022-04-25 12:50:00,354,354,354,354,0
2022-04-25 12:51:00,354,354,354,354,0
2022-04-25 12:52:00,354,354,354,354,0
2022-04-25 12:53:00,354,354,354,354,0
2022-04-25 12:54:00,354,354,354,354,0
2022-04-25 12:55:00,354,354,354,354,0
2022-04-25 12:56:00,354,354,354,354,0
2022-04-25 12:57:00,354,354,354,354,0
2022-04-25 12:58:00,354,354,354,354,0
2022-04-25 12:59:00,354,354,354,354,0
2022-04-25 13:00:00,354,354,354,354,0
2022-04-25 13:01:00,354,354,354,354,0
2022-04-25 13:02:00,354,354,354,354,0
2022-04-25 13:03:00,354,354,354,354,0
2022-04-25 13:04:00,354,354,354,354,0
2022-04-25 13:05:00,354,354,354,354,0
2022-04-25 13:06:00,354,354,354,354,0
2022-04-25 13:07:00,354,354,354,354,0
2022-04-25 13:08:00,354,354,354,354,0
2022-04-25 13:09:00,354,354,354,354,0
2022-04-25 13:10:00,354,354,354,354,0
2022-04-25 13:11:00,354,354,354,354,0
2022-04-25 13:12:00,354,354,354,354,0
2022-04-25 13:13:00,354,354,354,354,0
2022-04-25 13:14:00,354,354,354,354,0
2022-04-25 13:15:00,354,354,354,354,0
2022-04-25 13:16:00,354,354,354,354,0
2022-04-25 13:17:00,354,354,354,354,0
2022-04-25 13:18:00,354,354,354,354,0
2022-04-25 13:19:00,354,354,354,354,0
2022-04-25 13:20:00,354,354,354,354,0
2022-04-25 13:21:00,354,354,354,354,0
2022-04-25 13:22:00,354,354,354,354,0
2022-04-25 13:23:00,354,354,354,354,0
2022-04-25 13:24:00,354,354,354,354,0
2022-04-25 13:25:00,354,354,354,354,0
2022-04-25 13:26:00,354,354,354,354,0
2022-04-25 13:27:00,354,354,354,354,0
2022-04-25 13:28:00,354,354,354,354,0
2022-04-25 13:29:00,354,354,354,354,0
2022-04-25 13:30:00,354,354,354,354,0
2022-04-25 13:31:00,354,354,354,354,0
2022-04-25 13:32:00,354,354,354,354,0
2022-04-25 13:33:00,354,354,354,354,0
2022-04-25 13:34:00,354,354,354,354,0
2022-04-25 13:35:00,354,354,354,354,0
2022-04-25 13:36:00,354,354,354,354,0
2022-04-25 13:37:00,354,354,354,354,0
2022-04-25 13:38:00,354,354,354,354,0
2022-04-25 13:39:00,354,354,354,354,0
2022-04-25 13:40:00,354,354,354,354,0
2022-04-25 13:41:00,354,354,354,354,0
2022-04-25 13:42:00,354,354,354,354,0
2022-04-25 13:43:00,354,354,354,354,0
2022-04-25 13:44:00,354,354,354,354,0
2022-04-25 13:45:00,354,354,354,354,0
2022-04-25 13:46:00,354,354,354,354,0
2022-04-25 13:47:00,354,354,354,354,0
2022-04-25 13:48:00,354,354,354,354,0
2022-04-25 13:49:00,354,354,354,354,0
2022-04-25 13:50:00,354,354,354,354,0
2022-04-25 13:51:00,354,354,354,354,0
2022-04-25 13:52:00,354,354,354,354,0
2022-04-25 13:53:00,354,354,354,354,0
2022-04-25 13:54:00,354,354,354,354,0
2022-04-25 13:55:00,354,354,354,354,0
2022-04-25 13:56:00,354,354,354,354,0
2022-04-25 13:57:00,354,354,354,354,0
2022-04-25 13:58:00,354,354,354,354,0
2022-04-25 13:59:00,354,354,354,354,0
2022-04-25 14:00:00,354,354,354,354,0
2022-04-25 14:01:00,354,354,354,354,0
2022-04-25 14:02:00,354,354,354,354,0
2022-04-25 14:03:00,354,354,354,354,0
2022-04-25 14:04:00,354,354,354,354,0
2022-04-25 14:05:00,354,354,354,354,0
2022-04-25 14:06:00,354,354,354,354,0
2022-04-25 14:07:00,354,354,354,354,0
2022-04-25 14:08:00,354,354,354,354,0
2022-04-25 14:09:00,354,354,354,354,0
2022-04-25 14:10:00,354,354,354,354,0
2022-04-25 14:11:00,354,354,354,354,0
2022-04-25 14:12:00,354,354,354,354,0
2022-04-25 14:13:00,354,354,354,354,0
2022-04-25 14:14:00,354,354,354,354,0
2022-04-25 14:15:00,354,354,354,354,0
2022-04-25 14:16:00,354,354,354,354,0
2022-04-25 14:17:00,354,354,354,354,0
2022-04-25 14:18:00,354,354,354,354,0
2022-04-25 14:19:00,354,354,354,354,0
2022-04-25 14:20:00,354,354,354,354,0
2022-04-25 14:21:00,354,354,354,354,0
2022-04-25 14:22:00,354,354,354,354,0
2022-04-25 14:23:00,354,354,354,354,0
2022-04-25 14:24:00,354,354,354,354,0
2022-04-25 14:25:00,354,354,354,354,0
2022-04-25 14:26:00,354,354,354,354,0
2022-04-25 14:27:00,354,354,354,354,0
2022-04-25 14:28:00,354,354,354,354,0
2022-04-25 14:29:00,354,354,354,354,0
2022-04-25 14:30:00,354,354,354,354,0
2022-04-25 14:31:00,354,354,354,354,0
2022-04-25 14:32:00,354,354,354,354,0
2022-04-25 14:33:00,354,354,354,354,0
2022-04-25 14:34:00,354,354,354,354,0
2022-04-25 14:35:00,354,354,354,354,0
2022-04-25 14:36:00,354,354,354,354,0
2022-04-25 14:37:00,354,354,354,354,0
2022-04-25 14:38:00,354,354,354,354,0
2022-04-25 14:39:00,354,354,354,354,0
2022-04-25 14:40:00,354,354,354,354,0
2022-04-25 14:41:00,354,354,354,354,0
2022-04-25 14:42:00,354,354,354,354,0
2022-04-25 14:43:00,354,354,354,354,0
2022-04-25 14:44:00,354,354,354,354,0
2022-04-25 14:45:00,354,354,354,354,0
2022-04-25 14:46:00,354,354,354,354,0
2022-04-25 14:47:00,354,354,354,354,0
2022-04-25 14:48:00,354,354,354,354,0
2022-04-25 14:49:00,354,354,354,354,0
2022-04-25 14:50:00,354,354,354,354,0
2022-04-25 14:51:00,354,354,354,354,0
2022-04-25 14:52:00,354,354,354,354,0
2022-04-25 14:53:00,354,354,354,354,0
2022-04-25 14:54:00,354,354,354,354,0
2022-04-25 14:55:00,354,354,354,354,0
2022-04-25 14:56:00,354,354,354,354,0
2022-04-25 14:57:00,354,354,354,354,0
2022-04-25 14:58:00,354,354,354,354,0
2022-04-25 14:59:00,354,354,354,354,0
2022-04-25 15:00:00,354,354,354,354,0
2022-04-25 15:01:00,354,354,354,354,0
2022-04-25 15:02:00,354,354,354,354,0
2022-04-25 15:03:00,354,354,354,354,0
2022-04-25 15:04:00,354,354,354,354,0
2022-04-25 15:05:00,354,354,354,354,0
2022-04-25 15:06:00,354,354,354,354,0
2022-04-25 15:07:00,354,354,354,354,0
2022-04-25 15:08:00,354,354,354,354,0
2022-04-25 15:09:00,354,354,354,354,0
2022-04-25 15:10:00,354,354,354,354,0
2022-04-25 15:11:00,354,354,354,354,0
2022-04-25 15:12:00,354,354,354,354,0
2022-04-25 15:13:00,354,354,354,354,0
2022-04-25 15:14:00,354,354,354,354,0
2022-04-25 15:15:00,354,354,354,354,0
2022-04-25 15:16:00,354,354,354,354,0
2022-04-25 15:17:00,354,354,354,354,0
2022-04-25 15:18:00,354,354,354,354,0
2022-04-25 15:19:00,354,354,354,354,0
2022-04-25 15:20:00,354,354,354,354,0
2022-04-25 15:21:00,354,354,354,354,0
2022-04-25 15:22:00,354,354,354,354,0
2022-04-25 15:23:00,354,354,354,354,0
2022-04-25 15:24:00,354,354,354,354,0
2022-04-25 15:25:00,354,354,354,354,0
2022-04-25 15:26:00,354,354,354,354,0
2022-04-25 15:27:00,354,354,354,354,0
2022-04-25 15:28:00,354,354,354,354,0
2022-04-25 15:29:00,354,354,354,354,0
2022-04-25 15:30:00,354,354,354,354,0
2022-04-25 15:31:00,354,354,354,354,0
2022-04-25 15:32:00,354,354,354,354,0
2022-04-25 15:33:00,354,354,354,354,0
2022-04-25 15:34:00,354,354,354,354,0
2022-04-25 15:35:00,354,354,354,354,0
2022-04-25 15:36:00,354,354,354,354,0
2022-04-25 15:37:00,354,354,354,354,0
2022-04-25 15:38:00,354,354,354,354,0
2022-04-25 15:39:00,354,354,354,354,0
2022-04-25 15:40:00,354,354,354,354,0
2022-04-25 15:41:00,354,354,354,354,0
2022-04-25 15:42:00,354,354,354,354,0
2022-04-25 15:43:00,354,354,354,354,0
2022-04-25 15:44:00,354,354,354,354,0
2022-04-25 15:45:00,354,354,354,354,0
2022-04-25 15:46:00,354,354,354,354,0
2022-04-25 15:47:00,354,354,354,354,0
2022-04-25 15:48:00,354,354,354,354,0
2022-04-25 15:49:00,354,354,354,354,0
2022-04-25 15:50:00,354,354,354,354,0
2022-04-25 15:51:00,354,354,354,354,0
2022-04-25 15:52:00,354,354,354,354,0
2022-04-25 15:53:00,354,354,354,354,0
2022-04-25 15:54:00,354,354,354,354,0
2022-04-25 15:55:00,354,354,354,354,0
2022-04-25 15:56:00,354,354,354,354,0
2022-04-25 15:57:00,354,354,354,354,0
2022-04-25 15:58:00,354,354,354,354,0
2022-04-25 15:59:00,354,354,354,354,0
2022-04-26 09:00:00,354,354,354,354,0
2022-04-26 09:01:00,354,354,354,354,0
2022-04-26 09:02:00,354,354,354,354,0
2022-04-26 09:03:00,354,354,354,354,0
2022-04-26 09:04:00,354,354,354,354,0
2022-04-26 09:05:00,354,354,354,354,0
2022-04-26 09:06:00,354,354,354,354,0
2022-04-26 09:07:00,354,354,354,354,0
2022-04-26 09:08:00,354,354,354,354,0
2022-04-26 09:09:00,354,354,354,354,0
2022-04-26 09:10:00,354,354,354,354,0
2022-04-26 09:11:00,354,354,354,354,0
2022-04-26 09:12:00,354,354,354,354,0
2022-04-26 09:13:00,354,354,354,354,0
2022-04-26 09:14:00,354,354,354,354,0
2022-04-26 09:15:00,354,354,354,354,0
2022-04-26 09:16:00,354,354,354,354,0
2022-04-26 09:17:00,354,354,354,354,0
2022-04-26 09:18:00,354,354,354,354,0
2022-04-26 09:19:00,354,354,354,354,0
2022-04-26 09:20:00,354,354,354,354,0
2022-04-26 09:21:00,354,354,354,354,0
2022-04-26 09:22:00,354,354,354,354,0
2022-04-26 09:23:00,354,354,354,354,0
2022-04-26 09:24:00,354,354,354,354,0
2022-04-26 09:25:00,354,354,354,354,0
2022-04-26 09:26:00,354,354,354,354,0
2022-04-26 09:27:00,354,354,354,354,0
2022-04-26 09:28:00,354,354,354,354,0
2022-04-26 09:29:00,354,354,354,354,0
2022-04-26 09:30:00,354,354,354,354,0
2022-04-26 09:31:00,354,354,354,354,0
2022-04-26 09:32:00,354,354,354,354,0
2022-04-26 09:33:00,354,354,354,354,0
2022-04-26 09:34:00,354,354,354,354,0
2022-04-26 09:35:00,354,354,354,354,0
2022-04-26 09:36:00,354,354,354,354,0
2022-04-26 09:37:00,354,354,354,354,0
2022-04-26 09:38:00,354,354,354,354,0
2022-04-26 09:39:00,354,354,354,354,0
2022-04-26 09:40:00,354,354,354,354,0
2022-04-26 09:41:00,354,354,354,354,0
2022-04-26 09:42:00,354,354,354,354,0
2022-04-26 09:43:00,354,354,354,354,0
2022-04-26 09:44:00,354,354,354,354,0
2022-04-26 09:45:00,354,354,354,354,0
2022-04-26 09:46:00,354,354,354,354,0
2022-04-26 09:47:00,354,354,354,354,0
2022-04-26 09:48:00,354,354,354,354,0
2022-04-26 09:49:00,354,354,354,354,0
2022-04-26 09:50:00,354,354,354,354,0
2022-04-26 09:51:00,354,354,354,354,0
2022-04-26 09:52:00,354,354,354,354,0
2022-04-26 09:53:00,354,354,354,354,0
2022-04-26 09:54:00,354,354,354,354,0
2022-04-26 09:55:00,354,354,354,354,0
2022-04-26 09:56:00,354,354,354,354,0
2022-04-26 09:57:00,354,354,354,354,0
2022-04-26 09:58:00,354,354,354,354,0
2022-04-26 09:59:00,354,354,354,354,0
2022-04-26 10:00:00,354,354,354,354,0
2022-04-26 10:01:00,354,354,354,354,0
2022-04-26 10:02:00,354,354,354,354,0
2022-04-26 10:03:00,354,354,354,354,0
2022-04-26 10:04:00,354,354,354,354,0
2022-04-26 10:05:00,354,354,354,354,0
2022-04-26 10:06:00,354,354,354,354,0
2022-04-26 10:07:00,354,354,354,354,0
2022-04-26 10:08:00,354,354,354,354,0
2022-04-26 10:09:00,354,354,354,354,0
2022-04-26 10:10:00,354,354,354,354,0
2022-04-26 10:11:00,354,354,354,354,0
2022-04-26 10:12:00,354,354,354,354,0
2022-04-26 10:13:00,354,354,354,354,0
2022-04-26 10:14:00,354,354,354,354,0
2022-04-26 10:15:00,354,354,354,354,0
2022-04-26 10:16:00,354,354,354,354,0
2022-04-26 10:17:00,354,354,354,354,0
2022-04-26 10:18:00,354,354,354,354,0
2022-04-26 10:19:00,354,354,354,354,0
2022-04-26 10:20:00,354,354,354,354,0
2022-04-26 10:21:00,354,354,354,354,0
2022-04-26 10:22:00,354,354,354,354,0
2022-04-26 10:23:00,354,354,354,354,0
2022-04-26 10:24:00,354,354,354,354,0
2022-04-26 10:25:00,354,354,354,354,0
2022-04-26 10:26:00,354,354,354,354,0
2022-04-26 10:27:00,354,354,354,354,0
2022-04-26 10:28:00,354,354,354,354,0
2022-04-26 10:29:00,354,354,354,354,0
2022-04-26 10:30:00,354,354,354,354,0
2022-04-26 10:31:00,354,354,354,354,0
2022-04-26 10:32:00,354,354,354,354,0
2022-04-26 10:33:00,354,354,354,354,0
2022-04-26 10:34:00,354,354,354,354,0
2022-04-26 10:35:00,354,354,354,354,0
2022-04-26 10:36:00,354,354,354,354,0
2022-04-26 10:37:00,354,354,354,354,0
2022-04-26 10:38:00,354,354,354,354,0
2022-04-26 10:39:00,354,354,354,354,0
2022-04-26 10:40:00,354,354,354,354,0
2022-04-26 10:41:00,354,354,354,354,0
2022-04-26 10:42:00,354,354,354,354,0
2022-04-26 10:43:00,354,354,354,354,0
2022-04-26 10:44:00,354,354,354,354,0
2022-04-26 10:45:00,354,354,354,354,0
2022-04-26 10:46:00,354,354,354,354,0
2022-04-26 10:47:00,354,354,354,354,0
2022-04-26 10:48:00,354,354,354,354,0
2022-04-26 10:49:00,354,354,354,354,0
2022-04-26 10:50:00,354,354,354,354,0
2022-04-26 10:51:00,354,354,354,354,0
2022-04-26 10:52:00,354,354,354,354,0
2022-04-26 10:53:00,354,354,354,354,0
2022-04-26 10:54:00,354,354,354,354,0
2022-04-26 10:55:00,354,354,354,354,0
2022-04-26 10:56:00,354,354,354,354,0
2022-04-26 10:57:00,354,354,354,354,0
2022-04-26 10:58:00,354,354,354,354,0
2022-04-26 10:59:00,354,354,354,354,0
2022-04-26 11:00:00,354,354,354,354,0
2022-04-26 11:01:00,354,354,354,354,0
2022-04-26 11:02:00,354,354,354,354,0
2022-04-26 11:03:00,354,354,354,354,0
2022-04-26 11:04:00,354,354,354,354,0
2022-04-26 11:05:00,354,354,354,354,0
2022-04-26 11:06:00,354,354,354,354,0
2022-04-26 11:07:00,354,354,354,354,0
2022-04-26 11:08:00,354,354,354,354,0
2022-04-26 11:09:00,354,354,354,354,0
2022-04-26 11:10:00,354,354,354,354,0
2022-04-26 11:11:00,354,354,354,354,0
2022-04-26 11:12:00,354,354,354,354,0
2022-04-26 11:13:00,354,354,354,354,0
2022-04-26 11:14:00,354,354,354,354,0
2022-04-26 11:15:00,354,354,354,354,0
2022-04-26 11:16:00,354,354,354,354,0
2022-04-26 11:17:00,354,354,354,354,0
2022-04-26 11:18:00,354,354,354,354,0
2022-04-26 11:19:00,354,354,354,354,0
2022-04-26 11:20:00,354,354,354,354,0
2022-04-26 11:21:00,354,354,354,354,0
2022-04-26 11:22:00,354,354,354,354,0
2022-04-26 11:23:00,354,354,354,354,0
2022-04-26 11:24:00,354,354,354,354,0
2022-04-26 11:25:00,354,354,354,354,0
2022-04-26 11:26:00,354,354,354,354,0
2022-04-26 11:27:00,354,354,354,354,0
2022-04-26 11:28:00,354,354,354,354,0
2022-04-26 11:29:00,354,354,354,354,0
2022-04-26 11:30:00,354,354,354,354,0
2022-04-26 11:31:00,354,354,354,354,0
2022-04-26 11:32:00,354,354,354,354,0
2022-04-26 11:33:00,354,354,354,354,0
2022-04-26 11:34:00,354,354,354,354,0
2022-04-26 11:35:00,354,354,354,354,0
2022-04-26 11:36:00,354,354,354,354,0
2022-04-26 11:37:00,354,354,354,354,0
2022-04-26 11:38:00,354,354,354,354,0
2022-04-26 11:39:00,354,354,354,354,0
2022-04-26 11:40:00,354,354,354,354,0
2022-04-26 11:41:00,354,354,354,354,0
2022-04-26 11:42:00,354,354,354,354,0
2022-04-26 11:43:00,354,354,354,354,0
2022-04-26 11:44:00,354,354,354,354,0
2022-04-26 11:45:00,354,354,354,354,0
2022-04-26 11:46:00,354,354,354,354,0
2022-04-26 11:47:00,354,354,354,354,0
2022-04-26 11:48:00,354,354,354,354,0
2022-04-26 11:49:00,354,354,354,354,0
2022-04-26 11:50:00,354,354,354,354,0
2022-04-26 11:51:00,354,354,354,354,0
2022-04-26 11:52:00,354,354,354,354,0
2022-04-26 11:53:00,354,354,354,354,0
2022-04-26 11:54:00,354,354,354,354,0
2022-04-26 11:55:00,354,354,354,354,0
2022-04-26 11:56:00,354,354,354,354,0
2022-04-26 11:57:00,354,354,354,354,0
2022-04-26 11:58:00,354,354,354,354,0
2022-04-26 11:59:00,354,354,354,354,0
2022-04-26 12:00:00,354,354,354,354,0
2022-04-26 12:01:00,354,354,354,354,0
2022-04-26 12:02:00,354,354,354,354,0
2022-04-26 12:03:00,354,354,354,354,0
2022-04-26 12:04:00,354,354,354,354,0
2022-04-26 12:05:00,354,354,354,354,0
2022-04-26 12:06:00,354,354,354,354,0
2022-04-26 12:07:00,354,354,354,354,0
2022-04-26 12:08:00,354,354,354,354,0
2022-04-26 12:09:00,354,354,354,354,0
2022-04-26 12:10:00,354,354,354,354,0
2022-04-26 12:11:00,354,354,354,354,0
2022-04-26 12:12:00,354,354,354,354,0
2022-04-26 12:13:00,354,354,354,354,0
2022-04-26 12:14:00,354,354,354,354,0
2022-04-26 12:15:00,354,354,354,354,0
2022-04-26 12:16:00,354,354,354,354,0
2022-04-26 12:17:00,354,354,354,354,0
2022-04-26 12:18:00,354,354,354,354,0
2022-04-26 12:19:00,354,354,354,354,0
2022-04-26 12:20:00,354,354,354,354,0
2022-04-26 12:21:00,354,354,354,354,0
2022-04-26 12:22:00,354,354,354,354,0
2022-04-26 12:23:00,354,354,354,354,0
2022-04-26 12:24:00,354,354,354,354,0
2022-04-26 12:25:00,354,354,354,354,0
2022-04-26 12:26:00,354,354,354,354,0
2022-04-26 12:27:00,354,354,354,354,0
2022-04-26 12:28:00,354,354,354,354,0
2022-04-26 12:29:00,354,354,354,354,0
2022-04-26 12:30:00,354,354,354,354,0
2022-04-26 12:31:00,354,354,354,354,0
2022-04-26 12:32:00,354,354,354,354,0
2022-04-26 12:33:00,354,354,354,354,0
2022-04-26 12:34:00,354,354,354,354,0
2022-04-26 12:35:00,354,354,354,354,0
2022-04-26 12:36:00,354,354,354,354,0
2022-04-26 12:37:00,354,354,354,354,0
2022-04-26 12:38:00,354,354,354,354,0
2022-04-26 12:39:00,354,354,354,354,0
2022-04-26 12:40:00,354,354,354,354,0
2022-04-26 12:41:00,354,354,354,354,0
2022-04-26 12:42:00,354,354,354,354,0
2022-04-26 12:43:00,354,354,354,354,0
2022-04-26 12:44:00,354,354,354,354,0
2022-04-26 12:45:00,354,354,354,354,0
2022-04-26 12:46:00,354,354,354,354,0
2022-04-26 12:47:00,354,354,354,354,0
2022-04-26 12:48:00,354,354,354,354,0
2022-04-26 12:49:00,354,354,354,354,0
2022-04-26 12:50:00,354,354,354,354,0
2022-04-26 12:51:00,354,354,354,354,0
2022-04-26 12:52:00,354,354,354,354,0
2022-04-26 12:53:00,354,354,354,354,0
2022-04-26 12:54:00,354,354,354,354,0
2022-04-26 12:55:00,354,354,354,354,0
2022-04-26 12:56:00,354,354,354,354,0
2022-04-26 12:57:00,354,354,354,354,0
2022-04-26 12:58:00,354,354,354,354,0
2022-04-26 12:59:00,354,354,354,354,0
2022-04-26 13:00:00,354,354,354,354,0
2022-04-26 13:01:00,354,354,354,354,0
2022-04-26 13:02:00,354,354,354,354,0
2022-04-26 13:03:00,354,354,354,354,0
2022-04-26 13:04:00,354,354,354,354,0
2022-04-26 13:05:00,354,354,354,354,0
2022-04-26 13:06:00,354,354,354,354,0
2022-04-26 13:07:00,354,354,354,354,0
2022-04-26 13:08:00,354,354,354,354,0
2022-04-26 13:09:00,354,354,354,354,0
2022-04-26 13:10:00,354,354,354,354,0
2022-04-26 13:11:00,354,354,354,354,0
2022-04-26 13:12:00,354,354,354,354,0
2022-04-26 13:13:00,354,354,354,354,0
2022-04-26 13:14:00,354,354,354,354,0
2022-04-26 13:15:00,354,354,354,354,0
2022-04-26 13:16:00,354,354,354,354,0
2022-04-26 13:17:00,354,354,354,354,0
2022-04-26 13:18:00,354,354,354,354,0
2022-04-26 13:19:00,354,354,354,354,0
2022-04-26 13:20:00,354,354,354,354,0
2022-04-26 13:21:00,354,354,354,354,0
2022-04-26 13:22:00,354,354,354,354,0
2022-04-26 13:23:00,354,354,354,354,0
2022-04-26 13:24:00,354,354,354,354,0
2022-04-26 13:25:00,354,354,354,354,0
2022-04-26 13:26:00,354,354,354,354,0
2022-04-26 13:27:00,354,354,354,354,0
2022-04-26 13:28:00,354,354,354,354,0
2022-04-26 13:29:00,354,354,354,354,0
2022-04-26 13:30:00,354,354,354,354,0
2022-04-26 13:31:00,354,354,354,354,0
2022-04-26 13:32:00,354,354,354,354,0
2022-04-26 13:33:00,354,354,354,354,0
2022-04-26 13:34:00,354,354,354,354,0
2022-04-26 13:35:00,354,354,354,354,0
2022-04-26 13:36:00,354,354,354,354,0
2022-04-26 13:37:00,354,354,354,354,0
2022-04-26 13:38:00,354,354,354,354,0
2022-04-26 13:39:00,354,354,354,354,0
2022-04-26 13:40:00,354,354,354,354,0
2022-04-26 13:41:00,354,354,354,354,0
2022-04-26 13:42:00,354,354,354,354,0
2022-04-26 13:43:00,354,354,354,354,0
2022-04-26 13:44:00,354,354,354,354,0
2022-04-26 13:45:00,354,354,354,354,0
2022-04-26 13:46:00,354,354,354,354,0
2022-04-26 13:47:00,354,354,354,354,0
2022-04-26 13:48:00,354,354,354,354,0
2022-04-26 13:49:00,354,354,354,354,0
2022-04-26 13:50:00,354,354,354,354,0
2022-04-26 13:51:00,354,354,354,354,0
2022-04-26 13:52:00,354,354,354,354,0
2022-04-26 13:53:00,354,354,354,354,0
2022-04-26 13:54:00,354,354,354,354,0
2022-04-26 13:55:00,354,354,354,354,0
2022-04-26 13:56:00,354,354,354,354,0
2022-04-26 13:57:00,354,354,354,354,0
2022-04-26 13:58:00,354,354,354,354,0
2022-04-26 13:59:00,354,354,354,354,0
2022-04-26 14:00:00,354,354,354,354,0
2022-04-26 14:01:00,354,354,354,354,0
2022-04-26 14:02:00,354,354,354,354,0
2022-04-26 14:03:00,354,354,354,354,0
2022-04-26 14:04:00,354,354,354,354,0
2022-04-26 14:05:00,354,354,354,354,0
2022-04-26 14:06:00,354,354,354,354,0
2022-04-26 14:07:00,354,354,354,354,0
2022-04-26 14:08:00,354,354,354,354,0
2022-04-26 14:09:00,354,354,354,354,0
2022-04-26 14:10:00,354,354,354,354,0
2022-04-26 14:11:00,354,354,354,354,0
2022-04-26 14:12:00,354,354,354,354,0
2022-04-26 14:13:00,354,354,354,354,0
2022-04-26 14:14:00,354,354,354,354,0
2022-04-26 14:15:00,354,354,354,354,0
2022-04-26 14:16:00,354,354,354,354,0
2022-04-26 14:17:00,354,354,354,354,0
2022-04-26 14:18:00,354,354,354,354,0
2022-04-26 14:19:00,354,354,354,354,0
2022-04-26 14:20:00,354,354,354,354,0
2022-04-26 14:21:00,354,354,354,354,0
2022-04-26 14:22:00,354,354,354,354,0
2022-04-26 14:23:00,354,354,354,354,0
2022-04-26 14:24:00,354,354,354,354,0
2022-04-26 14:25:00,354,354,354,354,0
2022-04-26 14:26:00,354,354,354,354,0
2022-04-26 14:27:00,354,354,354,354,0
2022-04-26 14:28:00,354,354,354,354,0
2022-04-26 14:29:00,354,354,354,354,0
2022-04-26 14:30:00,354,354,354,354,0
2022-04-26 14:31:00,354,354,354,354,0
2022-04-26 14:32:00,354,354,354,354,0
2022-04-26 14:33:00,354,354,354,354,0
2022-04-26 14:34:00,354,354,354,354,0
2022-04-26 14:35:00,354,354,354,354,0
2022-04-26 14:36:00,354,354,354,354,0
2022-04-26 14:37:00,354,354,354,354,0
2022-04-26 14:38:00,354,354,354,354,0
2022-04-26 14:39:00,354,354,354,354,0
2022-04-26 14:40:00,354,354,354,354,0
2022-04-26 14:41:00,354,354,354,354,0
2022-04-26 14:42:00,354,354,354,354,0
2022-04-26 14:43:00,354,354,354,354,0
2022-04-26 14:44:00,354,354,354,354,0
2022-04-26 14:45:00,354,354,354,354,0
2022-04-26 14:46:00,354,354,354,354,0
2022-04-26 14:47:00,354,354,354,354,0
2022-04-26 14:48:00,354,354,354,354,0
2022-04-26 14:49:00,354,354,354,354,0
2022-04-26 14:50:00,354,354,354,354,0
2022-04-26 14:51:00,354,354,354,354,0
2022-04-26 14:52:00,354,354,354,354,0
2022-04-26 14:53:00,354,354,354,354,0
2022-04-26 14:54:00,354,354,354,354,0
2022-04-26 14:55:00,354,354,354,354,0
2022-04-26 14:56:00,354,354,354,354,0
2022-04-26 14:57:00,354,354,354,354,0
2022-04-26 14:58:00,354,354,354,354,0
2022-04-26 14:59:00,354,354,354,354,0
2022-04-26 15:00:00,354,354,354,354,0
2022-04-26 15:01:00,354,354,354,354,0
2022-04-26 15:02:00,354,354,354,354,0
2022-04-26 15:03:00,354,354,354,354,0
2022-04-26 15:04:00,354,354,354,354,0
2022-04-26 15:05:00,354,354,354,354,0
2022-04-26 15:06:00,354,354,354,354,0
2022-04-26 15:07:00,354,354,354,354,0
2022-04-26 15:08:00,354,354,354,354,0
2022-04-26 15:09:00,354,354,354,354,0
2022-04-26 15:10:00,354,354,354,354,0
2022-04-26 15:11:00,354,354,354,354,0
2022-04-26 15:12:00,354,354,354,354,0
2022-04-26 15:13:00,354,354,354,354,0
2022-04-26 15:14:00,354,354,354,354,0
2022-04-26 15:15:00,354,354,354,354,0
2022-04-26 15:16:00,354,354,354,354,0
2022-04-26 15:17:00,354,354,354,354,0
2022-04-26 15:18:00,354,354,354,354,0
2022-04-26 15:19:00,354,354,354,354,0
2022-04-26 15:20:00,354,354,354,354,0
2022-04-26 15:21:00,354,354,354,354,0
2022-04-26 15:22:00,354,354,354,354,0
2022-04-26 15:23:00,354,354,354,354,0
2022-04-26 15:24:00,354,354,354,354,0
2022-04-26 15:25:00,354,354,354,354,0
2022-04-26 15:26:00,354,354,354,354,0
2022-04-26 15:27:00,354,354,354,354,0
2022-04-26 15:28:00,354,354,354,354,0
2022-04-26 15:29:00,354,354,354,354,0
2022-04-26 15:30:00,354,354,354,354,0
2022-04-26 15:31:00,354,354,354,354,0
2022-04-26 15:32:00,354,354,354,354,0
2022-04-26 15:33:00,354,354,354,354,0
2022-04-26 15:34:00,354,354,354,354,0
2022-04-26 15:35:00,354,354,354,354,0
2022-04-26 15:36:00,354,354,354,354,0
2022-04-26 15:37:00,354,354,354,354,0
2022-04-26 15:38:00,354,354,354,354,0
2022-04-26 15:39:00,354,354,354,354,0
2022-04-26 15:40:00,354,354,354,354,0
2022-04-26 15:41:00,354,354,354,354,0
2022-04-26 15:42:00,354,354,354,354,0
2022-04-26 15:43:00,354,354,354,354,0
2022-04-26 15:44:00,354,354,354,354,0
2022-04-26 15:45:00,354,354,354,354,0
2022-04-26 15:46:00,354,354,354,354,0
2022-04-26 15:47:00,354,354,354,354,0
2022-04-26 15:48:00,354,354,354,354,0
2022-04-26 15:49:00,354,354,354,354,0
2022-04-26 15:50:00,354,354,354,354,0
2022-04-26 15:51:00,354,354,354,354,0
2022-04-26 15:52:00,354,354,354,354,0
2022-04-26 15:53:00,354,354,354,354,0
2022-04-26 15:54:00,354,354,354,354,0
2022-04-26 15:55:00,354,354,354,354,0
2022-04-26 15:56:00,354,354,354,354,0
2022-04-26 15:57:00,354,354,354,354,0
2022-04-26 15:58:00,354,354,354,354,0
2022-04-26 15:59:00,354,354,354,354,0
2022-04-27 09:00:00,354,354,354,354,0
2022-04-27 09:01:00,354,354,354,354,0
2022-04-27 09:02:00,354,354,354,354,0
2022-04-27 09:03:00,354,354,354,354,0
2022-04-27 09:04:00,354,354,354,354,0
2022-04-27 09:05:00,354,354,354,354,0
2022-04-27 09:06:00,354,354,354,354,0
2022-04-27 09:07:00,354,354,354,354,0
2022-04-27 09:08:00,354,354,354,354,0
2022-04-27 09:09:00,354,354,354,354,0
2022-04-27 09:10:00,354,354,354,354,0
2022-04-27 09:11:00,354,354,354,354,0
2022-04-27 09:12:00,354,354,354,354,0
2022-04-27 09:13:00,354,354,354,354,0
2022-04-27 09:14:00,354,354,354,354,0
2022-04-27 09:15:00,354,354,354,354,0
2022-04-27 09:16:00,354,354,354,354,0
2022-04-27 09:17:00,354,354,354,354,0
2022-04-27 09:18:00,354,354,354,354,0
2022-04-27 09:19:00,354,354,354,354,0
2022-04-27 09:20:00,354,354,354,354,0
2022-04-27 09:21:00,354,354,354,354,0
2022-04-27 09:22:00,354,354,354,354,0
2022-04-27 09:23:00,354,354,354,354,0
2022-04-27 09:24:00,354,354,354,354,0
2022-04-27 09:25:00,354,354,354,354,0
2022-04-27 09:26:00,354,354,354,354,0
2022-04-27 09:27:00,354,354,354,354,0
2022-04-27 09:28:00,354,354,354,354,0
2022-04-27 09:29:00,354,354,354,354,0
2022-04-27 09:30:00,354,354,354,354,0
2022-04-27 09:31:00,354,354,354,354,0
2022-04-27 09:32:00,354,354,354,354,0
2022-04-27 09:33:00,354,354,354,354,0
2022-04-27 09:34:00,354,354,354,354,0
2022-04-27 09:35:00,354,354,354,354,0
2022-04-27 09:36:00,354,354,354,354,0
2022-04-27 09:37:00,354,354,354,354,0
2022-04-27 09:38:00,354,354,354,354,0
2022-04-27 09:39:00,354,354,354,354,0
2022-04-27 09:40:00,354,354,354,354,0
2022-04-27 09:41:00,354,354,354,354,0
2022-04-27 09:42:00,354,354,354,354,0
2022-04-27 09:43:00,354,354,354,354,0
2022-04-27 09:44:00,354,354,354,354,0
2022-04-27 09:45:00,354,354,354,354,0
2022-04-27 09:46:00,354,354,354,354,0
2022-04-27 09:47:00,354,354,354,354,0
2022-04-27 09:48:00,354,354,354,354,0
2022-04-27 09:49:00,354,354,354,354,0
2022-04-27 09:50:00,354,354,354,354,0
2022-04-27 09:51:00,354,354,354,354,0
2022-04-27 09:52:00,354,354,354,354,0
2022-04-27 09:53:00,354,354,354,354,0
2022-04-27 09:54:00,354,354,354,354,0
2022-04-27 09:55:00,354,354,354,354,0
2022-04-27 09:56:00,354,354,354,354,0
2022-04-27 09:57:00,354,354,354,354,0
2022-04-27 09:58:00,354,354,354,354,0
2022-04-27 09:59:00,354,354,354,354,0
2022-04-27 10:00:00,354,354,354,354,0
2022-04-27 10:01:00,354,354,354,354,0
2022-04-27 10:02:00,354,354,354,354,0
2022-04-27 10:03:00,354,354,354,354,0
2022-04-27 10:04:00,354,354,354,354,0
2022-04-27 10:05:00,354,354,354,354,0
2022-04-27 10:06:00,354,354,354,354,0
2022-04-27 10:07:00,354,354,354,354,0
2022-04-27 10:08:00,354,354,354,354,0
2022-04-27 10:09:00,354,354,354,354,0
2022-04-27 10:10:00,354,354,354,354,0
2022-04-27 10:11:00,354,354,354,354,0
2022-04-27 10:12:00,354,354,354,354,0
2022-04-27 10:13:00,354,354,354,354,0
2022-04-27 10:14:00,354,354,354,354,0
2022-04-27 10:15:00,354,354,354,354,0
2022-04-27 10:16:00,354,354,354,354,0
2022-04-27 10:17:00,354,354,354,354,0
2022-04-27 10:18:00,354,354,354,354,0
2022-04-27 10:19:00,354,354,354,354,0
2022-04-27 10:20:00,354,354,354,354,0
2022-04-27 10:21:00,354,354,354,354,0
2022-04-27 10:22:00,354,354,354,354,0
2022-04-27 10:23:00,354,354,354,354,0
2022-04-27 10:24:00,354,354,354,354,0
2022-04-27 10:25:00,354,354,354,354,0
2022-04-27 10:26:00,354,354,354,354,0
2022-04-27 10:27:00,354,354,354,354,0
2022-04-27 10:28:00,354,354,354,354,0
2022-04-27 10:29:00,354,354,354,354,0
2022-04-27 10:30:00,354,354,354,354,0
2022-04-27 10:31:00,354,354,354,354,0
2022-04-27 10:32:00,354,354,354,354,0
2022-04-27 10:33:00,354,354,354,354,0
2022-04-27 10:34:00,354,354,354,354,0
2022-04-27 10:35:00,354,354,354,354,0
2022-04-27 10:36:00,354,354,354,354,0
2022-04-27 10:37:00,354,354,354,354,0
2022-04-27 10:38:00,354,354,354,354,0
2022-04-27 10:39:00,354,354,354,354,0
2022-04-27 10:40:00,354,354,354,354,0
2022-04-27 10:41:00,354,354,354,354,0
2022-04-27 10:42:00,354,354,354,354,0
2022-04-27 10:43:00,354,354,354,354,0
2022-04-27 10:44:00,354,354,354,354,0
2022-04-27 10:45:00,354,354,354,354,0
2022-04-27 10:46:00,354,354,354,354,0
2022-04-27 10:47:00,354,354,354,354,0
2022-04-27 10:48:00,354,354,354,354,0
2022-04-27 10:49:00,354,354,354,354,0
2022-04-27 10:50:00,354,354,354,354,0
2022-04-27 10:51:00,354,354,354,354,0
2022-04-27 10:52:00,354,354,354,354,0
2022-04-27 10:53:00,354,354,354,354,0
2022-04-27 10:54:00,354,354,354,354,0
2022-04-27 10:55:00,354,354,354,354,0
2022-04-27 10:56:00,354,354,354,354,0
2022-04-27 10:57:00,354,354,354,354,0
2022-04-27 10:58:00,354,354,354,354,0
2022-04-27 10:59:00,354,354,354,354,0
2022-04-27 11:00:00,354,354,354,354,0
2022-04-27 11:01:00,354,354,354,354,0
2022-04-27 11:02:00,354,354,354,354,0
2022-04-27 11:03:00,354,354,354,354,0
2022-04-27 11:04:00,354,354,354,354,0
2022-04-27 11:05:00,354,354,354,354,0
2022-04-27 11:06:00,354,354,354,354,0
2022-04-27 11:07:00,354,354,354,354,0
2022-04-27 11:08:00,354,354,354,354,0
2022-04-27 11:09:00,354,354,354,354,0
2022-04-27 11:10:00,354,354,354,354,0
2022-04-27 11:11:00,354,354,354,354,0
2022-04-27 11:12:00,354,354,354,354,0
2022-04-27 11:13:00,354,354,354,354,0
2022-04-27 11:14:00,354,354,354,354,0
2022-04-27 11:15:00,354,354,354,354,0
2022-04-27 11:16:00,354,354,354,354,0
2022-04-27 11:17:00,354,354,354,354,0
2022-04-27 11:18:00,354,354,354,354,0
2022-04-27 11:19:00,354,354,354,354,0
2022-04-27 11:20:00,354,354,354,354,0
2022-04-27 11:21:00,354,354,354,354,0
2022-04-27 11:22:00,354,354,354,354,0
2022-04-27 11:23:00,354,354,354,354,0
2022-04-27 11:24:00,354,354,354,354,0
2022-04-27 11:25:00,354,354,354,354,0
2022-04-27 11:26:00,354,354,354,354,0
2022-04-27 11:27:00,354,354,354,354,0
2022-04-27 11:28:00,354,354,354,354,0
2022-04-27 11:29:00,354,354,354,354,0
2022-04-27 11:30:00,354,354,354,354,0
2022-04-27 11:31:00,354,354,354,354,0
2022-04-27 11:32:00,354,354,354,354,0
2022-04-27 11:33:00,354,354,354,354,0
2022-04-27 11:34:00,354,354,354,354,0
2022-04-27 11:35:00,354,354,354,354,0
2022-04-27 11:36:00,354,354,354,354,0
2022-04-27 11:37:00,354,354,354,354,0
2022-04-27 11:38:00,354,354,354,354,0
2022-04-27 11:39:00,354,354,354,354,0
2022-04-27 11:40:00,354,354,354,354,0
2022-04-27 11:41:00,354,354,354,354,0
2022-04-27 11:42:00,354,354,354,354,0
2022-04-27 11:43:00,354,354,354,354,0
2022-04-27 11:44:00,354,354,354,354,0
2022-04-27 11:45:00,354,354,354,354,0
2022-04-27 11:46:00,354,354,354,354,0
2022-04-27 11:47:00,354,354,354,354,0
2022-04-27 11:48:00,354,354,354,354,0
2022-04-27 11:49:00,354,354,354,354,0
2022-04-27 11:50:00,354,354,354,354,0
2022-04-27 11:51:00,354,354,354,354,0
2022-04-27 11:52:00,354,354,354,354,0
2022-04-27 11:53:00,354,354,354,354,0
2022-04-27 11:54:00,354,354,354,354,0
2022-04-27 11:55:00,354,354,354,354,0
2022-04-27 11:56:00,354,354,354,354,0
2022-04-27 11:57:00,354,354,354,354,0
2022-04-27 11:58:00,354,354,354,354,0
2022-04-27 11:59:00,354,354,354,354,0
2022-04-27 12:00:00,354,354,354,354,0
2022-04-27 12:01:00,354,354,354,354,0
2022-04-27 12:02:00,354,354,354,354,0
2022-04-27 12:03:00,354,354,354,354,0
2022-04-27 12:04:00,354,354,354,354,0
2022-04-27 12:05:00,354,354,354,354,0
2022-04-27 12:06:00,354,354,354,354,0
2022-04-27 12:07:00,354,354,354,354,0
2022-04-27 12:08:00,354,354,354,354,0
2022-04-27 12:09:00,354,354,354,354,0
2022-04-27 12:10:00,354,354,354,354,0
2022-04-27 12:11:00,354,354,354,354,0
2022-04-27 12:12:00,354,354,354,354,0
2022-04-27 12:13:00,354,354,354,354,0
2022-04-27 12:14:00,354,354,354,354,0
2022-04-27 12:15:00,354,354,354,354,0
2022-04-27 12:16:00,354,354,354,354,0
2022-04-27 12:17:00,354,354,354,354,0
2022-04-27 12:18:00,354,354,354,354,0
2022-04-27 12:19:00,354,354,354,354,0
2022-04-27 12:20:00,354,354,354,354,0
2022-04-27 12:21:00,354,354,354,354,0
2022-04-27 12:22:00,354,354,354,354,0
2022-04-27 12:23:00,354,354,354,354,0
2022-04-27 12:24:00,354,354,354,354,0
2022-04-27 12:25:00,354,354,354,354,0
2022-04-27 12:26:00,354,354,354,354,0
2022-04-27 12:27:00,354,354,354,354,0
2022-04-27 12:28:00,354,354,354,354,0
2022-04-27 12:29:00,354,354,354,354,0
2022-04-27 12:30:00,354,354,354,354,0
2022-04-27 12:31:00,354,354,354,354,0
2022-04-27 12:32:00,354,354,354,354,0
2022-04-27 12:33:00,354,354,354,354,0
2022-04-27 12:34:00,354,354,354,354,0
2022-04-27 12:35:00,354,354,354,354,0
2022-04-27 12:36:00,354,354,354,354,0
2022-04-27 12:37:00,354,354,354,354,0
2022-04-27 12:38:00,354,354,354,354,0
2022-04-27 12:39:00,354,354,354,354,0
2022-04-27 12:40:00,354,354,354,354,0
2022-04-27 12:41:00,354,354,354,354,0
2022-04-27 12:42:00,354,354,354,354,0
2022-04-27 12:43:00,354,354,354,354,0
2022-04-27 12:44:00,354,354,354,354,0
2022-04-27 12:45:00,354,354,354,354,0
2022-04-27 12:46:00,354,354,354,354,0
2022-04-27 12:47:00,354,354,354,354,0
2022-04-27 12:48:00,354,354,354,354,0
2022-04-27 12:49:00,354,354,354,354,0
2022-04-27 12:50:00,354,354,354,354,0
2022-04-27 12:51:00,354,354,354,354,0
2022-04-27 12:52:00,354,354,354,354,0
2022-04-27 12:53:00,354,354,354,354,0
2022-04-27 12:54:00,354,354,354,354,0
2022-04-27 12:55:00,354,354,354,354,0
2022-04-27 12:56:00,354,354,354,354,0
2022-04-27 12:57:00,354,354,354,354,0
2022-04-27 12:58:00,354,354,354,354,0
2022-04-27 12:59:00,354,354,354,354,0
2022-04-27 13:00:00,354,354,354,354,0
2022-04-27 13:01:00,354,354,354,354,0
2022-04-27 13:02:00,354,354,354,354,0
2022-04-27 13:03:00,354,354,354,354,0
2022-04-27 13:04:00,354,354,354,354,0
2022-04-27 13:05:00,354,354,354,354,0
2022-04-27 13:06:00,354,354,354,354,0
2022-04-27 13:07:00,354,354,354,354,0
2022-04-27 13:08:00,354,354,354,354,0
2022-04-27 13:09:00,354,354,354,354,0
2022-04-27 13:10:00,354,354,354,354,0
2022-04-27 13:11:00,354,354,354,354,0
2022-04-27 13:12:00,354,354,354,354,0
2022-04-27 13:13:00,354,354,354,354,0
2022-04-27 13:14:00,354,354,354,354,0
2022-04-27 13:15:00,354,354,354,354,0
2022-04-27 13:16:00,354,354,354,354,0
2022-04-27 13:17:00,354,354,354,354,0
2022-04-27 13:18:00,354,354,354,354,0
2022-04-27 13:19:00,354,354,354,354,0
2022-04-27 13:20:00,354,354,354,354,0
2022-04-27 13:21:00,354,354,354,354,0
2022-04-27 13:22:00,354,354,354,354,0
2022-04-27 13:23:00,354,354,354,354,0
2022-04-27 13:24:00,354,354,354,354,0
2022-04-27 13:25:00,354,354,354,354,0
2022-04-27 13:26:00,354,354,354,354,0
2022-04-27 13:27:00,354,354,354,354,0
2022-04-27 13:28:00,354,354,354,354,0
2022-04-27 13:29:00,354,354,354,354,0
2022-04-27 13:30:00,354,354,354,354,0
2022-04-27 13:31:00,354,354,354,354,0
2022-04-27 13:32:00,354,354,354,354,0
2022-04-27 13:33:00,354,354,354,354,0
2022-04-27 13:34:00,354,354,354,354,0
2022-04-27 13:35:00,354,354,354,354,0
2022-04-27 13:36:00,340,340,340,340,2400
2022-04-27 13:37:00,340,340,340,340,100
2022-04-27 13:38:00,340,340,340,340,0
2022-04-27 13:39:00,340,340,340,340,0
2022-04-27 13:40:00,330,330,330,330,500
2022-04-27 13:41:00,330,330,330,330,0
2022-04-27 13:42:00,330,330,330,330,0
2022-04-27 13:43:00,330,330,330,330,0
2022-04-27 13:44:00,330,330,330,330,0
2022-04-27 13:45:00,330,330,330,330,0
2022-04-27 13:46:00,330,330,330,330,0
2022-04-27 13:47:00,340,340,340,340,100
2022-04-27 13:48:00,340,340,340,340,0
2022-04-27 13:49:00,340,340,340,340,0
2022-04-27 13:50:00,340,340,340,340,0
2022-04-27 13:51:00,340,340,340,340,0
2022-04-27 13:52:00,340,340,340,340,0
2022-04-27 13:53:00,340,340,340,340,0
2022-04-27 13:54:00,340,340,340,340,0
2022-04-27 13:55:00,340,340,340,340,0
2022-04-27 13:56:00,340,340,340,340,0
2022-04-27 13:57:00,340,340,340,340,0
2022-04-27 13:58:00,340,340,340,340,0
2022-04-27 13:59:00,340,340,340,340,0
2022-04-27 14:00:00,340,340,340,340,0
2022-04-27 14:01:00,340,340,340,340,0
2022-04-27 14:02:00,338,338,338,338,100
2022-04-27 14:03:00,338,338,338,338,0
2022-04-27 14:04:00,338,338,338,338,0
2022-04-27 14:05:00,338,338,338,338,0
2022-04-27 14:06:00,338,338,338,338,0
2022-04-27 14:07:00,338,338,338,338,0
2022-04-27 14:08:00,338,338,338,338,0
2022-04-27 14:09:00,338,338,338,338,0
2022-04-27 14:10:00,338,338,338,338,0
2022-04-27 14:11:00,338,338,338,338,0
2022-04-27 14:12:00,338,338,338,338,0
2022-04-27 14:13:00,338,338,338,338,0
2022-04-27 14:14:00,338,338,338,338,0
2022-04-27 14:15:00,338,338,338,338,0
2022-04-27 14:16:00,338,338,338,338,0
2022-04-27 14:17:00,338,338,338,338,0
2022-04-27 14:18:00,338,338,338,338,0
2022-04-27 14:19:00,338,338,338,338,0
2022-04-27 14:20:00,338,338,338,338,0
2022-04-27 14:21:00,338,338,338,338,100
2022-04-27 14:22:00,334,334,334,334,100
2022-04-27 14:23:00,334,334,334,334,0
2022-04-27 14:24:00,338,338,340,340,200
2022-04-27 14:25:00,338,338,340,340,0
2022-04-27 14:26:00,338,338,340,340,0
2022-04-27 14:27:00,338,338,340,340,0
2022-04-27 14:28:00,338,338,340,340,0
2022-04-27 14:29:00,338,338,340,340,0
2022-04-27 14:30:00,338,338,340,340,0
2022-04-27 14:31:00,338,338,340,340,0
2022-04-27 14:32:00,338,334,338,334,200
2022-04-27 14:33:00,338,334,338,334,0
2022-04-27 14:34:00,338,334,338,334,0
2022-04-27 14:35:00,338,334,338,334,0
2022-04-27 14:36:00,338,334,338,334,0
2022-04-27 14:37:00,338,334,338,334,0
2022-04-27 14:38:00,334,332,334,332,400
2022-04-27 14:39:00,334,332,338,332,300
2022-04-27 14:40:00,334,332,338,332,0
2022-04-27 14:41:00,334,332,338,332,0
2022-04-27 14:42:00,334,332,338,332,0
2022-04-27 14:43:00,334,332,338,332,0
2022-04-27 14:44:00,334,332,338,332,0
2022-04-27 14:45:00,334,332,338,332,0
2022-04-27 14:46:00,350,350,350,350,100
2022-04-27 14:47:00,350,350,350,350,0
2022-04-27 14:48:00,350,350,350,350,0
2022-04-27 14:49:00,332,332,332,332,5100
2022-04-27 14:50:00,332,332,332,332,0
2022-04-27 14:51:00,332,332,332,332,0
2022-04-27 14:52:00,332,332,332,332,0
2022-04-27 14:53:00,332,332,332,332,0
2022-04-27 14:54:00,332,332,332,332,0
2022-04-27 14:55:00,332,332,332,332,0
2022-04-27 14:56:00,332,332,332,332,0
2022-04-27 14:57:00,332,332,332,332,0
2022-04-27 14:58:00,332,332,332,332,0
2022-04-27 14:59:00,332,332,332,332,0
2022-04-27 15:00:00,330,330,330,330,8100
2022-04-27 15:01:00,330,330,330,330,0
2022-04-27 15:02:00,330,330,330,330,0
2022-04-27 15:03:00,330,330,330,330,0
2022-04-27 15:04:00,330,330,330,330,0
2022-04-27 15:05:00,330,330,330,330,0
2022-04-27 15:06:00,330,330,330,330,0
2022-04-27 15:07:00,330,330,330,330,0
2022-04-27 15:08:00,330,330,330,330,0
2022-04-27 15:09:00,330,330,330,330,0
2022-04-27 15:10:00,330,330,330,330,0
2022-04-27 15:11:00,330,330,330,330,0
2022-04-27 15:12:00,330,330,330,330,0
2022-04-27 15:13:00,330,330,330,330,0
2022-04-27 15:14:00,330,330,330,330,0
2022-04-27 15:15:00,330,330,330,330,0
2022-04-27 15:16:00,330,330,330,330,0
2022-04-27 15:17:00,330,330,330,330,0
2022-04-27 15:18:00,330,330,330,330,0
2022-04-27 15:19:00,330,330,330,330,0
2022-04-27 15:20:00,330,330,330,330,0
2022-04-27 15:21:00,330,330,330,330,0
2022-04-27 15:22:00,330,330,330,330,0
2022-04-27 15:23:00,330,330,330,330,0
2022-04-27 15:24:00,330,330,330,330,0
2022-04-27 15:25:00,330,330,330,330,0
2022-04-27 15:26:00,330,330,330,330,0
2022-04-27 15:27:00,330,330,330,330,0
2022-04-27 15:28:00,330,330,330,330,0
2022-04-27 15:29:00,330,330,330,330,0
2022-04-27 15:30:00,330,330,330,330,0
2022-04-27 15:31:00,330,330,330,330,0
2022-04-27 15:32:00,330,330,330,330,0
2022-04-27 15:33:00,330,330,330,330,0
2022-04-27 15:34:00,330,330,330,330,0
2022-04-27 15:35:00,330,330,330,330,0
2022-04-27 15:36:00,330,330,330,330,0
2022-04-27 15:37:00,330,330,330,330,0
2022-04-27 15:38:00,330,330,330,330,0
2022-04-27 15:39:00,330,330,330,330,0
2022-04-27 15:40:00,330,330,330,330,0
2022-04-27 15:41:00,330,330,330,330,0
2022-04-27 15:42:00,330,330,330,330,0
2022-04-27 15:43:00,330,330,330,330,0
2022-04-27 15:44:00,330,330,330,330,0
2022-04-27 15:45:00,330,330,330,330,0
2022-04-27 15:46:00,330,330,330,330,0
2022-04-27 15:47:00,330,330,330,330,0
2022-04-27 15:48:00,330,330,330,330,0
2022-04-27 15:49:00,330,330,330,330,0
2022-04-27 15:50:00,330,330,330,330,0
2022-04-27 15:51:00,330,330,330,330,0
2022-04-27 15:52:00,330,330,330,330,0
2022-04-27 15:53:00,330,330,330,330,0
2022-04-27 15:54:00,330,330,330,330,0
2022-04-27 15:55:00,330,330,330,330,0
2022-04-27 15:56:00,330,330,330,330,0
2022-04-27 15:57:00,330,330,330,330,0
2022-04-27 15:58:00,330,330,330,330,0
2022-04-27 15:59:00,330,330,330,330,0
2022-04-28 09:00:00,330,330,330,330,0
2022-04-28 09:01:00,330,330,330,330,0
2022-04-28 09:02:00,330,330,330,330,0
2022-04-28 09:03:00,324,324,324,324,0
2022-04-28 09:04:00,324,324,324,324,0
2022-04-28 09:05:00,324,324,324,324,0
2022-04-28 09:06:00,324,324,324,324,0
2022-04-28 09:07:00,324,324,324,324,0
2022-04-28 09:08:00,324,324,324,324,0
2022-04-28 09:09:00,324,324,324,324,0
2022-04-28 09:10:00,324,324,324,324,0
2022-04-28 09:11:00,344,344,344,344,100
2022-04-28 09:12:00,344,344,344,344,0
2022-04-28 09:13:00,344,344,344,344,0
2022-04-28 09:14:00,324,324,324,324,400
2022-04-28 09:15:00,312,308,312,308,400
2022-04-28 09:16:00,312,308,312,308,0
2022-04-28 09:17:00,312,308,312,308,0
2022-04-28 09:18:00,312,308,312,308,0
2022-04-28 09:19:00,312,308,312,308,0
2022-04-28 09:20:00,312,308,312,308,0
2022-04-28 09:21:00,312,308,312,308,0
2022-04-28 09:22:00,312,308,312,308,0
2022-04-28 09:23:00,312,308,312,308,0
2022-04-28 09:24:00,312,308,312,308,0
2022-04-28 09:25:00,312,308,312,308,0
2022-04-28 09:26:00,312,308,312,308,0
2022-04-28 09:27:00,312,308,312,308,0
2022-04-28 09:28:00,312,308,312,308,0
2022-04-28 09:29:00,312,308,312,308,0
2022-04-28 09:30:00,312,308,312,308,0
2022-04-28 09:31:00,312,308,312,308,0
2022-04-28 09:32:00,312,308,312,308,0
2022-04-28 09:33:00,312,308,312,308,0
2022-04-28 09:34:00,312,308,312,308,0
2022-04-28 09:35:00,312,308,312,308,0
2022-04-28 09:36:00,312,308,312,308,0
2022-04-28 09:37:00,312,308,312,308,0
2022-04-28 09:38:00,312,308,312,308,0
2022-04-28 09:39:00,338,332,338,332,300
2022-04-28 09:40:00,338,332,338,332,0
2022-04-28 09:41:00,338,332,338,332,0
2022-04-28 09:42:00,338,332,338,332,0
2022-04-28 09:43:00,338,332,338,332,0
2022-04-28 09:44:00,338,332,338,332,0
2022-04-28 09:45:00,338,332,338,332,0
2022-04-28 09:46:00,338,332,338,332,0
2022-04-28 09:47:00,338,332,338,332,0
2022-04-28 09:48:00,338,332,338,332,0
2022-04-28 09:49:00,338,332,338,332,0
2022-04-28 09:50:00,338,332,338,332,0
2022-04-28 09:51:00,338,332,338,332,0
2022-04-28 09:52:00,330,316,330,316,1400
2022-04-28 09:53:00,318,318,318,318,700
2022-04-28 09:54:00,316,316,316,316,700
2022-04-28 09:55:00,316,316,316,316,0
2022-04-28 09:56:00,316,316,316,316,0
2022-04-28 09:57:00,316,316,316,316,0
2022-04-28 09:58:00,316,316,316,316,0
2022-04-28 09:59:00,316,316,316,316,0
2022-04-28 10:00:00,316,316,316,316,0
2022-04-28 10:01:00,316,316,316,316,0
2022-04-28 10:02:00,316,316,316,316,6400
2022-04-28 10:03:00,316,316,316,316,0
2022-04-28 10:04:00,314,314,314,314,100
2022-04-28 10:05:00,314,314,314,314,0
2022-04-28 10:06:00,314,314,314,314,0
2022-04-28 10:07:00,314,314,314,314,0
2022-04-28 10:08:00,314,314,314,314,0
2022-04-28 10:09:00,314,314,314,314,0
2022-04-28 10:10:00,314,314,314,314,0
2022-04-28 10:11:00,314,314,314,314,0
2022-04-28 10:12:00,314,314,314,314,0
2022-04-28 10:13:00,314,314,314,314,0
2022-04-28 10:14:00,314,314,314,314,0
2022-04-28 10:15:00,314,314,314,314,0
2022-04-28 10:16:00,314,314,314,314,0
2022-04-28 10:17:00,314,314,314,314,0
2022-04-28 10:18:00,314,314,314,314,0
2022-04-28 10:19:00,314,314,314,314,0
2022-04-28 10:20:00,314,314,314,314,0
2022-04-28 10:21:00,314,314,314,314,0
2022-04-28 10:22:00,314,314,314,314,0
2022-04-28 10:23:00,314,314,314,314,0
2022-04-28 10:24:00,314,314,314,314,0
2022-04-28 10:25:00,314,314,314,314,0
2022-04-28 10:26:00,314,314,314,314,0
2022-04-28 10:27:00,314,314,314,314,0
2022-04-28 10:28:00,314,314,314,314,0
2022-04-28 10:29:00,314,314,314,314,0
2022-04-28 10:30:00,314,314,314,314,0
2022-04-28 10:31:00,314,314,314,314,0
2022-04-28 10:32:00,314,314,314,314,0
2022-04-28 10:33:00,314,314,314,314,0
2022-04-28 10:34:00,314,314,314,314,0
2022-04-28 10:35:00,314,314,314,314,0
2022-04-28 10:36:00,314,314,314,314,0
2022-04-28 10:37:00,314,314,314,314,0
2022-04-28 10:38:00,314,314,314,314,0
2022-04-28 10:39:00,314,314,314,314,0
2022-04-28 10:40:00,314,314,314,314,0
2022-04-28 10:41:00,314,314,314,314,0
2022-04-28 10:42:00,314,314,314,314,0
2022-04-28 10:43:00,314,314,314,314,0
2022-04-28 10:44:00,314,314,314,314,0
2022-04-28 10:45:00,314,314,314,314,0
2022-04-28 10:46:00,314,314,314,314,0
2022-04-28 10:47:00,314,314,314,314,0
2022-04-28 10:48:00,314,314,314,314,0
2022-04-28 10:49:00,314,314,314,314,0
2022-04-28 10:50:00,314,314,314,314,0
2022-04-28 10:51:00,314,314,314,314,0
2022-04-28 10:52:00,314,314,314,314,0
2022-04-28 10:53:00,314,314,314,314,0
2022-04-28 10:54:00,314,314,314,314,0
2022-04-28 10:55:00,314,314,314,314,0
2022-04-28 10:56:00,314,314,314,314,0
2022-04-28 10:57:00,314,314,314,314,0
2022-04-28 10:58:00,314,314,314,314,0
2022-04-28 10:59:00,314,314,314,314,0
2022-04-28 11:00:00,314,314,314,314,0
2022-04-28 11:01:00,314,314,314,314,0
2022-04-28 11:02:00,314,314,314,314,0
2022-04-28 11:03:00,314,314,314,314,0
2022-04-28 11:04:00,314,314,314,314,0
2022-04-28 11:05:00,314,314,314,314,0
2022-04-28 11:06:00,314,314,314,314,0
2022-04-28 11:07:00,314,314,314,314,0
2022-04-28 11:08:00,314,314,314,314,0
2022-04-28 11:09:00,314,314,314,314,0
2022-04-28 11:10:00,314,314,314,314,0
2022-04-28 11:11:00,314,314,314,314,0
2022-04-28 11:12:00,314,314,314,314,0
2022-04-28 11:13:00,314,314,314,314,0
2022-04-28 11:14:00,314,314,314,314,0
2022-04-28 11:15:00,314,314,314,314,0
2022-04-28 11:16:00,314,314,314,314,0
2022-04-28 11:17:00,314,314,314,314,0
2022-04-28 11:18:00,314,314,314,314,0
2022-04-28 11:19:00,314,314,314,314,0
2022-04-28 11:20:00,314,314,314,314,0
2022-04-28 11:21:00,314,314,314,314,0
2022-04-28 11:22:00,314,314,314,314,0
2022-04-28 11:23:00,314,314,314,314,0
2022-04-28 11:24:00,314,314,314,314,0
2022-04-28 11:25:00,314,314,314,314,0
2022-04-28 11:26:00,314,314,314,314,0
2022-04-28 11:27:00,314,314,314,314,0
2022-04-28 11:28:00,314,314,314,314,0
2022-04-28 11:29:00,314,314,314,314,0
2022-04-28 11:30:00,314,314,314,314,0
2022-04-28 11:31:00,314,314,314,314,0
2022-04-28 11:32:00,314,314,314,314,0
2022-04-28 11:33:00,314,314,314,314,0
2022-04-28 11:34:00,314,314,314,314,0
2022-04-28 11:35:00,314,314,314,314,0
2022-04-28 11:36:00,314,314,314,314,0
2022-04-28 11:37:00,314,314,314,314,0
2022-04-28 11:38:00,314,314,314,314,0
2022-04-28 11:39:00,314,314,314,314,0
2022-04-28 11:40:00,314,314,314,314,0
2022-04-28 11:41:00,314,314,314,314,0
2022-04-28 11:42:00,314,314,314,314,0
2022-04-28 11:43:00,314,314,314,314,0
2022-04-28 11:44:00,314,314,314,314,0
2022-04-28 11:45:00,314,314,314,314,0
2022-04-28 11:46:00,314,314,314,314,0
2022-04-28 11:47:00,314,314,314,314,0
2022-04-28 11:48:00,314,314,314,314,0
2022-04-28 11:49:00,314,314,314,314,0
2022-04-28 11:50:00,314,314,314,314,0
2022-04-28 11:51:00,314,314,314,314,0
2022-04-28 11:52:00,314,314,314,314,0
2022-04-28 11:53:00,314,314,314,314,0
2022-04-28 11:54:00,314,314,314,314,0
2022-04-28 11:55:00,314,314,314,314,0
2022-04-28 11:56:00,314,314,314,314,0
2022-04-28 11:57:00,314,314,314,314,0
2022-04-28 11:58:00,314,314,314,314,0
2022-04-28 11:59:00,314,314,314,314,0
2022-04-28 12:00:00,314,314,314,314,0
2022-04-28 12:01:00,314,314,314,314,0
2022-04-28 12:02:00,314,314,314,314,0
2022-04-28 12:03:00,314,314,314,314,0
2022-04-28 12:04:00,314,314,314,314,0
2022-04-28 12:05:00,314,314,314,314,0
2022-04-28 12:06:00,314,314,314,314,0
2022-04-28 12:07:00,314,314,314,314,0
2022-04-28 12:08:00,314,314,314,314,0
2022-04-28 12:09:00,314,314,314,314,0
2022-04-28 12:10:00,314,314,314,314,0
2022-04-28 12:11:00,314,314,314,314,0
2022-04-28 12:12:00,314,314,314,314,0
2022-04-28 12:13:00,314,314,314,314,0
2022-04-28 12:14:00,314,314,314,314,0
2022-04-28 12:15:00,314,314,314,314,0
2022-04-28 12:16:00,314,314,314,314,0
2022-04-28 12:17:00,314,314,314,314,0
2022-04-28 12:18:00,314,314,314,314,0
2022-04-28 12:19:00,314,314,314,314,0
2022-04-28 12:20:00,314,314,314,314,0
2022-04-28 12:21:00,314,314,314,314,0
2022-04-28 12:22:00,314,314,314,314,0
2022-04-28 12:23:00,314,314,314,314,0
2022-04-28 12:24:00,314,314,314,314,0
2022-04-28 12:25:00,314,314,314,314,0
2022-04-28 12:26:00,314,314,314,314,0
2022-04-28 12:27:00,314,314,314,314,0
2022-04-28 12:28:00,314,314,314,314,0
2022-04-28 12:29:00,314,314,314,314,0
2022-04-28 12:30:00,314,314,314,314,0
2022-04-28 12:31:00,314,314,314,314,0
2022-04-28 12:32:00,314,314,314,314,0
2022-04-28 12:33:00,314,314,314,314,0
2022-04-28 12:34:00,314,314,314,314,0
2022-04-28 12:35:00,314,314,314,314,0
2022-04-28 12:36:00,314,314,314,314,0
2022-04-28 12:37:00,314,314,314,314,0
2022-04-28 12:38:00,314,314,314,314,0
2022-04-28 12:39:00,314,314,314,314,0
2022-04-28 12:40:00,314,314,314,314,0
2022-04-28 12:41:00,314,314,314,314,0
2022-04-28 12:42:00,314,314,314,314,0
2022-04-28 12:43:00,314,314,314,314,0
2022-04-28 12:44:00,314,314,314,314,0
2022-04-28 12:45:00,314,314,314,314,0
2022-04-28 12:46:00,314,314,314,314,0
2022-04-28 12:47:00,314,314,314,314,0
2022-04-28 12:48:00,314,314,314,314,0
2022-04-28 12:49:00,314,314,314,314,0
2022-04-28 12:50:00,314,314,314,314,0
2022-04-28 12:51:00,314,314,314,314,0
2022-04-28 12:52:00,314,314,314,314,0
2022-04-28 12:53:00,314,314,314,314,0
2022-04-28 12:54:00,314,314,314,314,0
2022-04-28 12:55:00,314,314,314,314,0
2022-04-28 12:56:00,314,314,314,314,0
2022-04-28 12:57:00,314,314,314,314,0
2022-04-28 12:58:00,314,314,314,314,0
2022-04-28 12:59:00,314,314,314,314,0
2022-04-28 13:00:00,314,314,314,314,0
2022-04-28 13:01:00,314,314,314,314,0
2022-04-28 13:02:00,314,314,314,314,0
2022-04-28 13:03:00,314,314,314,314,0
2022-04-28 13:04:00,314,314,314,314,0
2022-04-28 13:05:00,314,314,314,314,0
2022-04-28 13:06:00,314,314,314,314,0
2022-04-28 13:07:00,314,314,314,314,0
2022-04-28 13:08:00,314,314,314,314,0
2022-04-28 13:09:00,314,314,314,314,0
2022-04-28 13:10:00,314,314,314,314,0
2022-04-28 13:11:00,314,314,314,314,0
2022-04-28 13:12:00,314,314,314,314,0
2022-04-28 13:13:00,314,314,314,314,0
2022-04-28 13:14:00,314,314,314,314,0
2022-04-28 13:15:00,314,314,314,314,0
2022-04-28 13:16:00,314,314,314,314,0
2022-04-28 13:17:00,314,314,314,314,0
2022-04-28 13:18:00,314,314,314,314,0
2022-04-28 13:19:00,314,314,314,314,0
2022-04-28 13:20:00,314,314,314,314,0
2022-04-28 13:21:00,314,314,314,314,0
2022-04-28 13:22:00,314,314,314,314,0
2022-04-28 13:23:00,314,314,314,314,0
2022-04-28 13:24:00,314,314,314,314,0
2022-04-28 13:25:00,314,314,314,314,0
2022-04-28 13:26:00,314,314,314,314,0
2022-04-28 13:27:00,314,314,314,314,0
2022-04-28 13:28:00,314,314,314,314,0
2022-04-28 13:29:00,314,314,314,314,0
2022-04-28 13:30:00,328,328,328,328,100
2022-04-28 13:31:00,328,328,328,328,0
2022-04-28 13:32:00,328,328,328,328,0
2022-04-28 13:33:00,328,328,328,328,0
2022-04-28 13:34:00,328,328,328,328,0
2022-04-28 13:35:00,328,328,328,328,0
2022-04-28 13:36:00,328,328,328,328,0
2022-04-28 13:37:00,328,328,328,328,0
2022-04-28 13:38:00,328,328,328,328,0
2022-04-28 13:39:00,328,328,328,328,0
2022-04-28 13:40:00,328,328,328,328,0
2022-04-28 13:41:00,328,328,328,328,0
2022-04-28 13:42:00,328,328,328,328,0
2022-04-28 13:43:00,328,328,328,328,0
2022-04-28 13:44:00,328,328,328,328,0
2022-04-28 13:45:00,328,328,328,328,0
2022-04-28 13:46:00,328,328,328,328,0
2022-04-28 13:47:00,328,328,328,328,0
2022-04-28 13:48:00,328,328,328,328,0
2022-04-28 13:49:00,328,328,328,328,0
2022-04-28 13:50:00,328,328,328,328,0
2022-04-28 13:51:00,328,328,328,328,0
2022-04-28 13:52:00,328,328,328,328,0
2022-04-28 13:53:00,328,328,328,328,0
2022-04-28 13:54:00,314,314,314,314,200
2022-04-28 13:55:00,314,314,314,314,0
2022-04-28 13:56:00,314,314,314,314,0
2022-04-28 13:57:00,314,314,314,314,0
2022-04-28 13:58:00,314,314,314,314,0
2022-04-28 13:59:00,314,314,314,314,0
2022-04-28 14:00:00,314,314,314,314,0
2022-04-28 14:01:00,314,314,314,314,0
2022-04-28 14:02:00,314,314,314,314,0
2022-04-28 14:03:00,314,314,314,314,0
2022-04-28 14:04:00,314,314,314,314,10000
2022-04-28 14:05:00,314,314,314,314,0
2022-04-28 14:06:00,314,314,314,314,0
2022-04-28 14:07:00,314,314,314,314,0
2022-04-28 14:08:00,314,314,314,314,0
2022-04-28 14:09:00,314,314,314,314,0
2022-04-28 14:10:00,314,314,314,314,0
2022-04-28 14:11:00,314,314,314,314,0
2022-04-28 14:12:00,314,314,314,314,0
2022-04-28 14:13:00,314,314,314,314,0
2022-04-28 14:14:00,314,314,314,314,0
2022-04-28 14:15:00,314,314,314,314,0
2022-04-28 14:16:00,328,328,328,328,100
2022-04-28 14:17:00,328,328,328,328,0
2022-04-28 14:18:00,310,310,310,310,15600
2022-04-28 14:19:00,310,310,310,310,100
2022-04-28 14:20:00,310,310,310,310,0
2022-04-28 14:21:00,310,310,310,310,0
2022-04-28 14:22:00,308,308,308,308,4300
2022-04-28 14:23:00,308,308,308,308,0
2022-04-28 14:24:00,308,308,308,308,0
2022-04-28 14:25:00,308,308,308,308,0
2022-04-28 14:26:00,308,308,308,308,0
2022-04-28 14:27:00,308,308,308,308,7000
2022-04-28 14:28:00,308,308,308,308,0
2022-04-28 14:29:00,328,328,328,328,100
2022-04-28 14:30:00,328,328,328,328,0
2022-04-28 14:31:00,328,328,328,328,0
2022-04-28 14:32:00,328,328,328,328,0
2022-04-28 14:33:00,312,312,312,312,100
2022-04-28 14:34:00,310,310,310,310,3500
2022-04-28 14:35:00,310,310,310,310,0
2022-04-28 14:36:00,310,310,310,310,0
2022-04-28 14:37:00,310,310,310,310,0
2022-04-28 14:38:00,328,328,328,328,100
2022-04-28 14:39:00,308,308,308,308,35000
2022-04-28 14:40:00,308,308,308,308,0
2022-04-28 14:41:00,308,308,308,308,0
2022-04-28 14:42:00,328,328,328,328,100
2022-04-28 14:43:00,328,328,328,328,0
2022-04-28 14:44:00,328,328,328,328,0
2022-04-28 14:45:00,328,328,328,328,0
2022-04-28 14:46:00,328,328,328,328,0
2022-04-28 14:47:00,328,328,328,328,0
2022-04-28 14:48:00,328,328,328,328,0
2022-04-28 14:49:00,328,328,328,328,0
2022-04-28 14:50:00,328,328,328,328,0
2022-04-28 14:51:00,328,328,328,328,0
2022-04-28 14:52:00,328,328,328,328,0
2022-04-28 14:53:00,328,328,328,328,0
2022-04-28 14:54:00,328,328,328,328,0
2022-04-28 14:55:00,328,328,328,328,0
2022-04-28 14:56:00,328,328,328,328,0
2022-04-28 14:57:00,328,328,328,328,0
2022-04-28 14:58:00,328,328,328,328,0
2022-04-28 14:59:00,328,328,328,328,0
2022-04-28 15:00:00,328,328,328,328,0
2022-04-28 15:01:00,328,328,328,328,0
2022-04-28 15:02:00,328,328,328,328,0
2022-04-28 15:03:00,328,328,328,328,0
2022-04-28 15:04:00,328,328,328,328,0
2022-04-28 15:05:00,328,328,328,328,0
2022-04-28 15:06:00,328,328,328,328,0
2022-04-28 15:07:00,328,328,328,328,0
2022-04-28 15:08:00,328,328,328,328,0
2022-04-28 15:09:00,328,328,328,328,0
2022-04-28 15:10:00,328,328,328,328,0
2022-04-28 15:11:00,328,328,328,328,0
2022-04-28 15:12:00,328,328,328,328,0
2022-04-28 15:13:00,328,328,328,328,0
2022-04-28 15:14:00,328,328,328,328,0
2022-04-28 15:15:00,328,328,328,328,0
2022-04-28 15:16:00,328,328,328,328,0
2022-04-28 15:17:00,328,328,328,328,0
2022-04-28 15:18:00,328,328,328,328,0
2022-04-28 15:19:00,328,328,328,328,0
2022-04-28 15:20:00,328,328,328,328,0
2022-04-28 15:21:00,328,328,328,328,0
2022-04-28 15:22:00,328,328,328,328,0
2022-04-28 15:23:00,328,328,328,328,0
2022-04-28 15:24:00,328,328,328,328,0
2022-04-28 15:25:00,328,328,328,328,0
2022-04-28 15:26:00,328,328,328,328,0
2022-04-28 15:27:00,328,328,328,328,0
2022-04-28 15:28:00,328,328,328,328,0
2022-04-28 15:29:00,328,328,328,328,0
2022-04-28 15:30:00,328,328,328,328,0
2022-04-28 15:31:00,328,328,328,328,0
2022-04-28 15:32:00,328,328,328,328,0
2022-04-28 15:33:00,328,328,328,328,0
2022-04-28 15:34:00,328,328,328,328,0
2022-04-28 15:35:00,328,328,328,328,0
2022-04-28 15:36:00,328,328,328,328,0
2022-04-28 15:37:00,328,328,328,328,0
2022-04-28 15:38:00,328,328,328,328,0
2022-04-28 15:39:00,328,328,328,328,0
2022-04-28 15:40:00,328,328,328,328,0
2022-04-28 15:41:00,328,328,328,328,0
2022-04-28 15:42:00,328,328,328,328,0
2022-04-28 15:43:00,328,328,328,328,0
2022-04-28 15:44:00,328,328,328,328,0
2022-04-28 15:45:00,328,328,328,328,0
2022-04-28 15:46:00,328,328,328,328,0
2022-04-28 15:47:00,328,328,328,328,0
2022-04-28 15:48:00,328,328,328,328,0
2022-04-28 15:49:00,328,328,328,328,0
2022-04-28 15:50:00,328,328,328,328,0
2022-04-28 15:51:00,328,328,328,328,0
2022-04-28 15:52:00,328,328,328,328,0
2022-04-28 15:53:00,328,328,328,328,0
2022-04-28 15:54:00,328,328,328,328,0
2022-04-28 15:55:00,328,328,328,328,0
2022-04-28 15:56:00,328,328,328,328,0
2022-04-28 15:57:00,328,328,328,328,0
2022-04-28 15:58:00,328,328,328,328,0
2022-04-28 15:59:00,328,328,328,328,0
2022-04-29 09:00:00,328,328,328,328,0
2022-04-29 09:01:00,328,328,328,328,0
2022-04-29 09:02:00,328,328,328,328,0
2022-04-29 09:03:00,328,328,328,328,0
2022-04-29 09:04:00,328,328,328,328,0
2022-04-29 09:05:00,328,328,328,328,0
2022-04-29 09:06:00,328,328,328,328,0
2022-04-29 09:07:00,328,328,328,328,0
2022-04-29 09:08:00,328,328,328,328,0
2022-04-29 09:09:00,328,328,328,328,0
2022-04-29 09:10:00,328,328,328,328,0
2022-04-29 09:11:00,328,328,328,328,0
2022-04-29 09:12:00,328,328,328,328,0
2022-04-29 09:13:00,328,328,328,328,0
2022-04-29 09:14:00,328,328,328,328,0
2022-04-29 09:15:00,328,328,328,328,0
2022-04-29 09:16:00,328,328,328,328,0
2022-04-29 09:17:00,328,328,328,328,0
2022-04-29 09:18:00,328,328,328,328,0
2022-04-29 09:19:00,328,328,328,328,0
2022-04-29 09:20:00,328,328,328,328,0
2022-04-29 09:21:00,328,328,328,328,0
2022-04-29 09:22:00,328,328,328,328,0
2022-04-29 09:23:00,328,328,328,328,0
2022-04-29 09:24:00,328,328,328,328,0
2022-04-29 09:25:00,328,328,328,328,0
2022-04-29 09:26:00,328,328,328,328,0
2022-04-29 09:27:00,328,328,328,328,0
2022-04-29 09:28:00,328,328,328,328,0
2022-04-29 09:29:00,328,328,328,328,0
2022-04-29 09:30:00,328,328,328,328,0
2022-04-29 09:31:00,328,328,328,328,0
2022-04-29 09:32:00,328,328,328,328,0
2022-04-29 09:33:00,328,328,328,328,0
2022-04-29 09:34:00,328,328,328,328,0
2022-04-29 09:35:00,328,328,328,328,0
2022-04-29 09:36:00,328,328,328,328,0
2022-04-29 09:37:00,328,328,328,328,0
2022-04-29 09:38:00,328,328,328,328,0
2022-04-29 09:39:00,328,328,328,328,0
2022-04-29 09:40:00,328,328,328,328,0
2022-04-29 09:41:00,328,328,328,328,0
2022-04-29 09:42:00,328,328,328,328,0
2022-04-29 09:43:00,328,328,328,328,0
2022-04-29 09:44:00,328,328,328,328,0
2022-04-29 09:45:00,328,328,328,328,0
2022-04-29 09:46:00,328,328,328,328,0
2022-04-29 09:47:00,328,328,328,328,0
2022-04-29 09:48:00,328,328,328,328,0
2022-04-29 09:49:00,328,328,328,328,0
2022-04-29 09:50:00,328,328,328,328,0
2022-04-29 09:51:00,328,328,328,328,0
2022-04-29 09:52:00,328,328,328,328,0
2022-04-29 09:53:00,328,328,328,328,0
2022-04-29 09:54:00,328,328,328,328,0
2022-04-29 09:55:00,328,328,328,328,0
2022-04-29 09:56:00,328,328,328,328,0
2022-04-29 09:57:00,328,328,328,328,0
2022-04-29 09:58:00,328,328,328,328,0
2022-04-29 09:59:00,328,328,328,328,0
2022-04-29 10:00:00,328,328,328,328,0
2022-04-29 10:01:00,328,328,328,328,0
2022-04-29 10:02:00,328,328,328,328,0
2022-04-29 10:03:00,328,328,328,328,0
2022-04-29 10:04:00,328,328,328,328,0
2022-04-29 10:05:00,328,328,328,328,0
2022-04-29 10:06:00,328,328,328,328,0
2022-04-29 10:07:00,328,328,328,328,0
2022-04-29 10:08:00,328,328,328,328,0
2022-04-29 10:09:00,328,328,328,328,0
2022-04-29 10:10:00,328,328,328,328,0
2022-04-29 10:11:00,328,328,328,328,0
2022-04-29 10:12:00,328,328,328,328,0
2022-04-29 10:13:00,328,328,328,328,0
2022-04-29 10:14:00,328,328,328,328,0
2022-04-29 10:15:00,328,328,328,328,0
2022-04-29 10:16:00,328,328,328,328,0
2022-04-29 10:17:00,328,328,328,328,0
2022-04-29 10:18:00,328,328,328,328,0
2022-04-29 10:19:00,328,328,328,328,0
2022-04-29 10:20:00,328,328,328,328,0
2022-04-29 10:21:00,328,328,328,328,0
2022-04-29 10:22:00,328,328,328,328,0
2022-04-29 10:23:00,328,328,328,328,0
2022-04-29 10:24:00,328,328,328,328,0
2022-04-29 10:25:00,328,328,328,328,0
2022-04-29 10:26:00,328,328,328,328,0
2022-04-29 10:27:00,328,328,328,328,0
2022-04-29 10:28:00,328,328,328,328,0
2022-04-29 10:29:00,328,328,328,328,0
2022-04-29 10:30:00,328,328,328,328,0
2022-04-29 10:31:00,328,328,328,328,0
2022-04-29 10:32:00,328,328,328,328,0
2022-04-29 10:33:00,328,328,328,328,0
2022-04-29 10:34:00,328,328,328,328,0
2022-04-29 10:35:00,328,328,328,328,0
2022-04-29 10:36:00,328,328,328,328,0
2022-04-29 10:37:00,328,328,328,328,0
2022-04-29 10:38:00,328,328,328,328,0
2022-04-29 10:39:00,328,328,328,328,0
2022-04-29 10:40:00,328,328,328,328,0
2022-04-29 10:41:00,328,328,328,328,0
2022-04-29 10:42:00,328,328,328,328,0
2022-04-29 10:43:00,328,328,328,328,0
2022-04-29 10:44:00,328,328,328,328,0
2022-04-29 10:45:00,328,328,328,328,0
2022-04-29 10:46:00,328,328,328,328,0
2022-04-29 10:47:00,328,328,328,328,0
2022-04-29 10:48:00,328,328,328,328,0
2022-04-29 10:49:00,328,328,328,328,0
2022-04-29 10:50:00,328,328,328,328,0
2022-04-29 10:51:00,328,328,328,328,0
2022-04-29 10:52:00,328,328,328,328,0
2022-04-29 10:53:00,328,328,328,328,0
2022-04-29 10:54:00,328,328,328,328,0
2022-04-29 10:55:00,328,328,328,328,0
2022-04-29 10:56:00,328,328,328,328,0
2022-04-29 10:57:00,328,328,328,328,0
2022-04-29 10:58:00,328,328,328,328,0
2022-04-29 10:59:00,328,328,328,328,0
2022-04-29 11:00:00,328,328,328,328,0
2022-04-29 11:01:00,328,328,328,328,0
2022-04-29 11:02:00,328,328,328,328,0
2022-04-29 11:03:00,328,328,328,328,0
2022-04-29 11:04:00,328,328,328,328,0
2022-04-29 11:05:00,328,328,328,328,0
2022-04-29 11:06:00,328,328,328,328,0
2022-04-29 11:07:00,328,328,328,328,0
2022-04-29 11:08:00,328,328,328,328,0
2022-04-29 11:09:00,328,328,328,328,0
2022-04-29 11:10:00,328,328,328,328,0
2022-04-29 11:11:00,328,328,328,328,0
2022-04-29 11:12:00,328,328,328,328,0
2022-04-29 11:13:00,328,328,328,328,0
2022-04-29 11:14:00,328,328,328,328,0
2022-04-29 11:15:00,328,328,328,328,0
2022-04-29 11:16:00,328,328,328,328,0
2022-04-29 11:17:00,328,328,328,328,0
2022-04-29 11:18:00,328,328,328,328,0
2022-04-29 11:19:00,328,328,328,328,0
2022-04-29 11:20:00,328,328,328,328,0
2022-04-29 11:21:00,328,328,328,328,0
2022-04-29 11:22:00,328,328,328,328,0
2022-04-29 11:23:00,328,328,328,328,0
2022-04-29 11:24:00,328,328,328,328,0
2022-04-29 11:25:00,328,328,328,328,0
2022-04-29 11:26:00,328,328,328,328,0
2022-04-29 11:27:00,328,328,328,328,0
2022-04-29 11:28:00,328,328,328,328,0
2022-04-29 11:29:00,328,328,328,328,0
2022-04-29 11:30:00,328,328,328,328,0
2022-04-29 11:31:00,328,328,328,328,0
2022-04-29 11:32:00,328,328,328,328,0
2022-04-29 11:33:00,328,328,328,328,0
2022-04-29 11:34:00,328,328,328,328,0
2022-04-29 11:35:00,328,328,328,328,0
2022-04-29 11:36:00,328,328,328,328,0
2022-04-29 11:37:00,328,328,328,328,0
2022-04-29 11:38:00,328,328,328,328,0
2022-04-29 11:39:00,328,328,328,328,0
2022-04-29 11:40:00,328,328,328,328,0
2022-04-29 11:41:00,328,328,328,328,0
2022-04-29 11:42:00,328,328,328,328,0
2022-04-29 11:43:00,328,328,328,328,0
2022-04-29 11:44:00,328,328,328,328,0
2022-04-29 11:45:00,328,328,328,328,0
2022-04-29 11:46:00,328,328,328,328,0
2022-04-29 11:47:00,328,328,328,328,0
2022-04-29 11:48:00,328,328,328,328,0
2022-04-29 11:49:00,328,328,328,328,0
2022-04-29 11:50:00,328,328,328,328,0
2022-04-29 11:51:00,328,328,328,328,0
2022-04-29 11:52:00,328,328,328,328,0
2022-04-29 11:53:00,328,328,328,328,0
2022-04-29 11:54:00,328,328,328,328,0
2022-04-29 11:55:00,328,328,328,328,0
2022-04-29 11:56:00,328,328,328,328,0
2022-04-29 11:57:00,328,328,328,328,0
2022-04-29 11:58:00,328,328,328,328,0
2022-04-29 11:59:00,328,328,328,328,0
2022-04-29 12:00:00,328,328,328,328,0
2022-04-29 12:01:00,328,328,328,328,0
2022-04-29 12:02:00,328,328,328,328,0
2022-04-29 12:03:00,328,328,328,328,0
2022-04-29 12:04:00,328,328,328,328,0
2022-04-29 12:05:00,328,328,328,328,0
2022-04-29 12:06:00,328,328,328,328,0
2022-04-29 12:07:00,328,328,328,328,0
2022-04-29 12:08:00,328,328,328,328,0
2022-04-29 12:09:00,328,328,328,328,0
2022-04-29 12:10:00,328,328,328,328,0
2022-04-29 12:11:00,328,328,328,328,0
2022-04-29 12:12:00,328,328,328,328,0
2022-04-29 12:13:00,328,328,328,328,0
2022-04-29 12:14:00,328,328,328,328,0
2022-04-29 12:15:00,328,328,328,328,0
2022-04-29 12:16:00,328,328,328,328,0
2022-04-29 12:17:00,328,328,328,328,0
2022-04-29 12:18:00,328,328,328,328,0
2022-04-29 12:19:00,328,328,328,328,0
2022-04-29 12:20:00,328,328,328,328,0
2022-04-29 12:21:00,328,328,328,328,0
2022-04-29 12:22:00,328,328,328,328,0
2022-04-29 12:23:00,328,328,328,328,0
2022-04-29 12:24:00,328,328,328,328,0
2022-04-29 12:25:00,328,328,328,328,0
2022-04-29 12:26:00,328,328,328,328,0
2022-04-29 12:27:00,328,328,328,328,0
2022-04-29 12:28:00,328,328,328,328,0
2022-04-29 12:29:00,328,328,328,328,0
2022-04-29 12:30:00,328,328,328,328,0
2022-04-29 12:31:00,328,328,328,328,0
2022-04-29 12:32:00,328,328,328,328,0
2022-04-29 12:33:00,328,328,328,328,0
2022-04-29 12:34:00,328,328,328,328,0
2022-04-29 12:35:00,328,328,328,328,0
2022-04-29 12:36:00,328,328,328,328,0
2022-04-29 12:37:00,328,328,328,328,0
2022-04-29 12:38:00,328,328,328,328,0
2022-04-29 12:39:00,328,328,328,328,0
2022-04-29 12:40:00,328,328,328,328,0
2022-04-29 12:41:00,328,328,328,328,0
2022-04-29 12:42:00,328,328,328,328,0
2022-04-29 12:43:00,328,328,328,328,0
2022-04-29 12:44:00,328,328,328,328,0
2022-04-29 12:45:00,328,328,328,328,0
2022-04-29 12:46:00,328,328,328,328,0
2022-04-29 12:47:00,328,328,328,328,0
2022-04-29 12:48:00,328,328,328,328,0
2022-04-29 12:49:00,328,328,328,328,0
2022-04-29 12:50:00,328,328,328,328,0
2022-04-29 12:51:00,328,328,328,328,0
2022-04-29 12:52:00,328,328,328,328,0
2022-04-29 12:53:00,328,328,328,328,0
2022-04-29 12:54:00,328,328,328,328,0
2022-04-29 12:55:00,328,328,328,328,0
2022-04-29 12:56:00,328,328,328,328,0
2022-04-29 12:57:00,328,328,328,328,0
2022-04-29 12:58:00,328,328,328,328,0
2022-04-29 12:59:00,328,328,328,328,0
2022-04-29 13:00:00,328,328,328,328,0
2022-04-29 13:01:00,328,328,328,328,0
2022-04-29 13:02:00,328,328,328,328,0
2022-04-29 13:03:00,328,328,328,328,0
2022-04-29 13:04:00,328,328,328,328,0
2022-04-29 13:05:00,328,328,328,328,0
2022-04-29 13:06:00,328,328,328,328,0
2022-04-29 13:07:00,328,328,328,328,0
2022-04-29 13:08:00,328,328,328,328,0
2022-04-29 13:09:00,328,328,328,328,0
2022-04-29 13:10:00,328,328,328,328,0
2022-04-29 13:11:00,328,328,328,328,0
2022-04-29 13:12:00,328,328,328,328,0
2022-04-29 13:13:00,328,328,328,328,0
2022-04-29 13:14:00,328,328,328,328,0
2022-04-29 13:15:00,328,328,328,328,0
2022-04-29 13:16:00,328,328,328,328,0
2022-04-29 13:17:00,328,328,328,328,0
2022-04-29 13:18:00,328,328,328,328,0
2022-04-29 13:19:00,328,328,328,328,0
2022-04-29 13:20:00,328,328,328,328,0
2022-04-29 13:21:00,328,328,328,328,0
2022-04-29 13:22:00,328,328,328,328,0
2022-04-29 13:23:00,328,328,328,328,0
2022-04-29 13:24:00,328,328,328,328,0
2022-04-29 13:25:00,328,328,328,328,0
2022-04-29 13:26:00,328,328,328,328,0
2022-04-29 13:27:00,328,328,328,328,0
2022-04-29 13:28:00,328,328,328,328,0
2022-04-29 13:29:00,328,328,328,328,0
2022-04-29 13:30:00,328,328,328,328,0
2022-04-29 13:31:00,328,328,328,328,0
2022-04-29 13:32:00,328,328,328,328,0
2022-04-29 13:33:00,328,328,328,328,0
2022-04-29 13:34:00,328,328,328,328,0
2022-04-29 13:35:00,328,328,328,328,0
2022-04-29 13:36:00,328,328,328,328,0
2022-04-29 13:37:00,328,328,328,328,0
2022-04-29 13:38:00,328,328,328,328,0
2022-04-29 13:39:00,328,328,328,328,0
2022-04-29 13:40:00,328,328,328,328,0
2022-04-29 13:41:00,328,328,328,328,0
2022-04-29 13:42:00,328,328,328,328,0
2022-04-29 13:43:00,328,328,328,328,0
2022-04-29 13:44:00,328,328,328,328,0
2022-04-29 13:45:00,328,328,328,328,0
2022-04-29 13:46:00,328,328,328,328,0
2022-04-29 13:47:00,328,328,328,328,0
2022-04-29 13:48:00,328,328,328,328,0
2022-04-29 13:49:00,328,328,328,328,0
2022-04-29 13:50:00,328,328,328,328,0
2022-04-29 13:51:00,328,328,328,328,0
2022-04-29 13:52:00,328,328,328,328,0
2022-04-29 13:53:00,328,328,328,328,0
2022-04-29 13:54:00,328,328,328,328,0
2022-04-29 13:55:00,328,328,328,328,0
2022-04-29 13:56:00,328,328,328,328,0
2022-04-29 13:57:00,328,328,328,328,0
2022-04-29 13:58:00,328,328,328,328,0
2022-04-29 13:59:00,328,328,328,328,0
2022-04-29 14:00:00,328,328,328,328,0
2022-04-29 14:01:00,328,328,328,328,0
2022-04-29 14:02:00,328,328,328,328,0
2022-04-29 14:03:00,328,328,328,328,0
2022-04-29 14:04:00,328,328,328,328,0
2022-04-29 14:05:00,328,328,328,328,0
2022-04-29 14:06:00,328,328,328,328,0
2022-04-29 14:07:00,328,328,328,328,0
2022-04-29 14:08:00,328,328,328,328,0
2022-04-29 14:09:00,328,328,328,328,0
2022-04-29 14:10:00,328,328,328,328,0
2022-04-29 14:11:00,328,328,328,328,0
2022-04-29 14:12:00,328,328,328,328,0
2022-04-29 14:13:00,328,328,328,328,0
2022-04-29 14:14:00,328,328,328,328,0
2022-04-29 14:15:00,328,328,328,328,0
2022-04-29 14:16:00,328,328,328,328,0
2022-04-29 14:17:00,328,328,328,328,0
2022-04-29 14:18:00,328,328,328,328,0
2022-04-29 14:19:00,328,328,328,328,0
2022-04-29 14:20:00,328,328,328,328,0
2022-04-29 14:21:00,328,328,328,328,0
2022-04-29 14:22:00,328,328,328,328,0
2022-04-29 14:23:00,328,328,328,328,0
2022-04-29 14:24:00,328,328,328,328,0
2022-04-29 14:25:00,328,328,328,328,0
2022-04-29 14:26:00,328,328,328,328,0
2022-04-29 14:27:00,328,328,328,328,0
2022-04-29 14:28:00,328,328,328,328,0
2022-04-29 14:29:00,328,328,328,328,0
2022-04-29 14:30:00,328,328,328,328,0
2022-04-29 14:31:00,328,328,328,328,0
2022-04-29 14:32:00,328,328,328,328,0
2022-04-29 14:33:00,328,328,328,328,0
2022-04-29 14:34:00,328,328,328,328,0
2022-04-29 14:35:00,328,328,328,328,0
2022-04-29 14:36:00,328,328,328,328,0
2022-04-29 14:37:00,328,328,328,328,0
2022-04-29 14:38:00,328,328,328,328,0
2022-04-29 14:39:00,328,328,328,328,0
2022-04-29 14:40:00,328,328,328,328,0
2022-04-29 14:41:00,328,328,328,328,0
2022-04-29 14:42:00,328,328,328,328,0
2022-04-29 14:43:00,328,328,328,328,0
2022-04-29 14:44:00,328,328,328,328,0
2022-04-29 14:45:00,328,328,328,328,0
2022-04-29 14:46:00,328,328,328,328,0
2022-04-29 14:47:00,328,328,328,328,0
2022-04-29 14:48:00,328,328,328,328,0
2022-04-29 14:49:00,328,328,328,328,0
2022-04-29 14:50:00,328,328,328,328,0
2022-04-29 14:51:00,328,328,328,328,0
2022-04-29 14:52:00,328,328,328,328,0
2022-04-29 14:53:00,328,328,328,328,0
2022-04-29 14:54:00,328,328,328,328,0
2022-04-29 14:55:00,328,328,328,328,0
2022-04-29 14:56:00,328,328,328,328,0
2022-04-29 14:57:00,328,328,328,328,0
2022-04-29 14:58:00,328,328,328,328,0
2022-04-29 14:59:00,328,328,328,328,0
2022-04-29 15:00:00,328,328,328,328,0
2022-04-29 15:01:00,328,328,328,328,0
2022-04-29 15:02:00,328,328,328,328,0
2022-04-29 15:03:00,328,328,328,328,0
2022-04-29 15:04:00,328,328,328,328,0
2022-04-29 15:05:00,328,328,328,328,0
2022-04-29 15:06:00,328,328,328,328,0
2022-04-29 15:07:00,328,328,328,328,0
2022-04-29 15:08:00,328,328,328,328,0
2022-04-29 15:09:00,328,328,328,328,0
2022-04-29 15:10:00,328,328,328,328,0
2022-04-29 15:11:00,328,328,328,328,0
2022-04-29 15:12:00,328,328,328,328,0
2022-04-29 15:13:00,328,328,328,328,0
2022-04-29 15:14:00,328,328,328,328,0
2022-04-29 15:15:00,328,328,328,328,0
2022-04-29 15:16:00,328,328,328,328,0
2022-04-29 15:17:00,328,328,328,328,0
2022-04-29 15:18:00,328,328,328,328,0
2022-04-29 15:19:00,328,328,328,328,0
2022-04-29 15:20:00,328,328,328,328,0
2022-04-29 15:21:00,328,328,328,328,0
2022-04-29 15:22:00,328,328,328,328,0
2022-04-29 15:23:00,328,328,328,328,0
2022-04-29 15:24:00,328,328,328,328,0
2022-04-29 15:25:00,328,328,328,328,0
2022-04-29 15:26:00,328,328,328,328,0
2022-04-29 15:27:00,328,328,328,328,0
2022-04-29 15:28:00,328,328,328,328,0
2022-04-29 15:29:00,328,328,328,328,0
2022-04-29 15:30:00,328,328,328,328,0
2022-04-29 15:31:00,328,328,328,328,0
2022-04-29 15:32:00,328,328,328,328,0
2022-04-29 15:33:00,328,328,328,328,0
2022-04-29 15:34:00,328,328,328,328,0
2022-04-29 15:35:00,328,328,328,328,0
2022-04-29 15:36:00,328,328,328,328,0
2022-04-29 15:37:00,328,328,328,328,0
2022-04-29 15:38:00,328,328,328,328,0
2022-04-29 15:39:00,328,328,328,328,0
2022-04-29 15:40:00,328,328,328,328,0
2022-04-29 15:41:00,328,328,328,328,0
2022-04-29 15:42:00,328,328,328,328,0
2022-04-29 15:43:00,328,328,328,328,0
2022-04-29 15:44:00,328,328,328,328,0
2022-04-29 15:45:00,328,328,328,328,0
2022-04-29 15:46:00,328,328,328,328,0
2022-04-29 15:47:00,328,328,328,328,0
2022-04-29 15:48:00,328,328,328,328,0
2022-04-29 15:49:00,328,328,328,328,0
2022-04-29 15:50:00,328,328,328,328,0
2022-04-29 15:51:00,328,328,328,328,0
2022-04-29 15:52:00,328,328,328,328,0
2022-04-29 15:53:00,328,328,328,328,0
2022-04-29 15:54:00,328,328,328,328,0
2022-04-29 15:55:00,328,328,328,328,0
2022-04-29 15:56:00,328,328,328,328,0
2022-04-29 15:57:00,328,328,328,328,0
2022-04-29 15:58:00,328,328,328,328,0
2022-04-29 15:59:00,328,328,328,328,0
2022-05-02 09:00:00,328,328,328,328,0
2022-05-02 09:01:00,328,328,328,328,0
2022-05-02 09:02:00,328,328,328,328,0
2022-05-02 09:03:00,328,328,328,328,0
2022-05-02 09:04:00,328,328,328,328,0
2022-05-02 09:05:00,328,328,328,328,0
2022-05-02 09:06:00,328,328,328,328,0
2022-05-02 09:07:00,328,328,328,328,0
2022-05-02 09:08:00,328,328,328,328,0
2022-05-02 09:09:00,328,328,328,328,0
2022-05-02 09:10:00,328,328,328,328,0
2022-05-02 09:11:00,328,328,328,328,0
2022-05-02 09:12:00,328,328,328,328,0
2022-05-02 09:13:00,328,328,328,328,0
2022-05-02 09:14:00,328,328,328,328,0
2022-05-02 09:15:00,328,328,328,328,0
2022-05-02 09:16:00,328,328,328,328,0
2022-05-02 09:17:00,328,328,328,328,0
2022-05-02 09:18:00,328,328,328,328,0
2022-05-02 09:19:00,328,328,328,328,0
2022-05-02 09:20:00,328,328,328,328,0
2022-05-02 09:21:00,328,328,328,328,0
2022-05-02 09:22:00,328,328,328,328,0
2022-05-02 09:23:00,328,328,328,328,0
2022-05-02 09:24:00,328,328,328,328,0
2022-05-02 09:25:00,328,328,328,328,0
2022-05-02 09:26:00,328,328,328,328,0
2022-05-02 09:27:00,328,328,328,328,0
2022-05-02 09:28:00,328,328,328,328,0
2022-05-02 09:29:00,328,328,328,328,0
2022-05-02 09:30:00,328,328,328,328,0
2022-05-02 09:31:00,328,328,328,328,0
2022-05-02 09:32:00,328,328,328,328,0
2022-05-02 09:33:00,328,328,328,328,0
2022-05-02 09:34:00,328,328,328,328,0
2022-05-02 09:35:00,328,328,328,328,0
2022-05-02 09:36:00,328,328,328,328,0
2022-05-02 09:37:00,328,328,328,328,0
2022-05-02 09:38:00,328,328,328,328,0
2022-05-02 09:39:00,328,328,328,328,0
2022-05-02 09:40:00,328,328,328,328,0
2022-05-02 09:41:00,328,328,328,328,0
2022-05-02 09:42:00,328,328,328,328,0
2022-05-02 09:43:00,328,328,328,328,0
2022-05-02 09:44:00,328,328,328,328,0
2022-05-02 09:45:00,328,328,328,328,0
2022-05-02 09:46:00,328,328,328,328,0
2022-05-02 09:47:00,328,328,328,328,0
2022-05-02 09:48:00,328,328,328,328,0
2022-05-02 09:49:00,328,328,328,328,0
2022-05-02 09:50:00,328,328,328,328,0
2022-05-02 09:51:00,328,328,328,328,0
2022-05-02 09:52:00,328,328,328,328,0
2022-05-02 09:53:00,328,328,328,328,0
2022-05-02 09:54:00,328,328,328,328,0
2022-05-02 09:55:00,328,328,328,328,0
2022-05-02 09:56:00,328,328,328,328,0
2022-05-02 09:57:00,328,328,328,328,0
2022-05-02 09:58:00,328,328,328,328,0
2022-05-02 09:59:00,328,328,328,328,0
2022-05-02 10:00:00,328,328,328,328,0
2022-05-02 10:01:00,328,328,328,328,0
2022-05-02 10:02:00,328,328,328,328,0
2022-05-02 10:03:00,328,328,328,328,0
2022-05-02 10:04:00,328,328,328,328,0
2022-05-02 10:05:00,328,328,328,328,0
2022-05-02 10:06:00,328,328,328,328,0
2022-05-02 10:07:00,328,328,328,328,0
2022-05-02 10:08:00,328,328,328,328,0
2022-05-02 10:09:00,328,328,328,328,0
2022-05-02 10:10:00,328,328,328,328,0
2022-05-02 10:11:00,328,328,328,328,0
2022-05-02 10:12:00,328,328,328,328,0
2022-05-02 10:13:00,328,328,328,328,0
2022-05-02 10:14:00,328,328,328,328,0
2022-05-02 10:15:00,328,328,328,328,0
2022-05-02 10:16:00,328,328,328,328,0
2022-05-02 10:17:00,328,328,328,328,0
2022-05-02 10:18:00,328,328,328,328,0
2022-05-02 10:19:00,328,328,328,328,0
2022-05-02 10:20:00,328,328,328,328,0
2022-05-02 10:21:00,328,328,328,328,0
2022-05-02 10:22:00,328,328,328,328,0
2022-05-02 10:23:00,328,328,328,328,0
2022-05-02 10:24:00,328,328,328,328,0
2022-05-02 10:25:00,328,328,328,328,0
2022-05-02 10:26:00,328,328,328,328,0
2022-05-02 10:27:00,328,328,328,328,0
2022-05-02 10:28:00,328,328,328,328,0
2022-05-02 10:29:00,328,328,328,328,0
2022-05-02 10:30:00,328,328,328,328,0
2022-05-02 10:31:00,328,328,328,328,0
2022-05-02 10:32:00,328,328,328,328,0
2022-05-02 10:33:00,328,328,328,328,0
2022-05-02 10:34:00,328,328,328,328,0
2022-05-02 10:35:00,328,328,328,328,0
2022-05-02 10:36:00,328,328,328,328,0
2022-05-02 10:37:00,328,328,328,328,0
2022-05-02 10:38:00,328,328,328,328,0
2022-05-02 10:39:00,328,328,328,328,0
2022-05-02 10:40:00,328,328,328,328,0
2022-05-02 10:41:00,328,328,328,328,0
2022-05-02 10:42:00,328,328,328,328,0
2022-05-02 10:43:00,328,328,328,328,0
2022-05-02 10:44:00,328,328,328,328,0
2022-05-02 10:45:00,328,328,328,328,0
2022-05-02 10:46:00,328,328,328,328,0
2022-05-02 10:47:00,328,328,328,328,0
2022-05-02 10:48:00,328,328,328,328,0
2022-05-02 10:49:00,328,328,328,328,0
2022-05-02 10:50:00,328,328,328,328,0
2022-05-02 10:51:00,328,328,328,328,0
2022-05-02 10:52:00,328,328,328,328,0
2022-05-02 10:53:00,328,328,328,328,0
2022-05-02 10:54:00,328,328,328,328,0
2022-05-02 10:55:00,328,328,328,328,0
2022-05-02 10:56:00,328,328,328,328,0
2022-05-02 10:57:00,328,328,328,328,0
2022-05-02 10:58:00,328,328,328,328,0
2022-05-02 10:59:00,328,328,328,328,0
2022-05-02 11:00:00,328,328,328,328,0
2022-05-02 11:01:00,328,328,328,328,0
2022-05-02 11:02:00,328,328,328,328,0
2022-05-02 11:03:00,328,328,328,328,0
2022-05-02 11:04:00,328,328,328,328,0
2022-05-02 11:05:00,328,328,328,328,0
2022-05-02 11:06:00,328,328,328,328,0
2022-05-02 11:07:00,328,328,328,328,0
2022-05-02 11:08:00,328,328,328,328,0
2022-05-02 11:09:00,328,328,328,328,0
2022-05-02 11:10:00,328,328,328,328,0
2022-05-02 11:11:00,328,328,328,328,0
2022-05-02 11:12:00,328,328,328,328,0
2022-05-02 11:13:00,328,328,328,328,0
2022-05-02 11:14:00,328,328,328,328,0
2022-05-02 11:15:00,328,328,328,328,0
2022-05-02 11:16:00,328,328,328,328,0
2022-05-02 11:17:00,328,328,328,328,0
2022-05-02 11:18:00,328,328,328,328,0
2022-05-02 11:19:00,328,328,328,328,0
2022-05-02 11:20:00,328,328,328,328,0
2022-05-02 11:21:00,328,328,328,328,0
2022-05-02 11:22:00,328,328,328,328,0
2022-05-02 11:23:00,328,328,328,328,0
2022-05-02 11:24:00,328,328,328,328,0
2022-05-02 11:25:00,328,328,328,328,0
2022-05-02 11:26:00,328,328,328,328,0
2022-05-02 11:27:00,328,328,328,328,0
2022-05-02 11:28:00,328,328,328,328,0
2022-05-02 11:29:00,328,328,328,328,0
2022-05-02 11:30:00,328,328,328,328,0
2022-05-02 11:31:00,328,328,328,328,0
2022-05-02 11:32:00,328,328,328,328,0
2022-05-02 11:33:00,328,328,328,328,0
2022-05-02 11:34:00,328,328,328,328,0
2022-05-02 11:35:00,328,328,328,328,0
2022-05-02 11:36:00,328,328,328,328,0
2022-05-02 11:37:00,328,328,328,328,0
2022-05-02 11:38:00,328,328,328,328,0
2022-05-02 11:39:00,328,328,328,328,0
2022-05-02 11:40:00,328,328,328,328,0
2022-05-02 11:41:00,328,328,328,328,0
2022-05-02 11:42:00,328,328,328,328,0
2022-05-02 11:43:00,328,328,328,328,0
2022-05-02 11:44:00,328,328,328,328,0
2022-05-02 11:45:00,328,328,328,328,0
2022-05-02 11:46:00,328,328,328,328,0
2022-05-02 11:47:00,328,328,328,328,0
2022-05-02 11:48:00,328,328,328,328,0
2022-05-02 11:49:00,328,328,328,328,0
2022-05-02 11:50:00,328,328,328,328,0
2022-05-02 11:51:00,328,328,328,328,0
2022-05-02 11:52:00,328,328,328,328,0
2022-05-02 11:53:00,328,328,328,328,0
2022-05-02 11:54:00,328,328,328,328,0
2022-05-02 11:55:00,328,328,328,328,0
2022-05-02 11:56:00,328,328,328,328,0
2022-05-02 11:57:00,328,328,328,328,0
2022-05-02 11:58:00,328,328,328,328,0
2022-05-02 11:59:00,328,328,328,328,0
2022-05-02 12:00:00,328,328,328,328,0
2022-05-02 12:01:00,328,328,328,328,0
2022-05-02 12:02:00,328,328,328,328,0
2022-05-02 12:03:00,328,328,328,328,0
2022-05-02 12:04:00,328,328,328,328,0
2022-05-02 12:05:00,328,328,328,328,0
2022-05-02 12:06:00,328,328,328,328,0
2022-05-02 12:07:00,328,328,328,328,0
2022-05-02 12:08:00,328,328,328,328,0
2022-05-02 12:09:00,328,328,328,328,0
2022-05-02 12:10:00,328,328,328,328,0
2022-05-02 12:11:00,328,328,328,328,0
2022-05-02 12:12:00,328,328,328,328,0
2022-05-02 12:13:00,328,328,328,328,0
2022-05-02 12:14:00,328,328,328,328,0
2022-05-02 12:15:00,328,328,328,328,0
2022-05-02 12:16:00,328,328,328,328,0
2022-05-02 12:17:00,328,328,328,328,0
2022-05-02 12:18:00,328,328,328,328,0
2022-05-02 12:19:00,328,328,328,328,0
2022-05-02 12:20:00,328,328,328,328,0
2022-05-02 12:21:00,328,328,328,328,0
2022-05-02 12:22:00,328,328,328,328,0
2022-05-02 12:23:00,328,328,328,328,0
2022-05-02 12:24:00,328,328,328,328,0
2022-05-02 12:25:00,328,328,328,328,0
2022-05-02 12:26:00,328,328,328,328,0
2022-05-02 12:27:00,328,328,328,328,0
2022-05-02 12:28:00,328,328,328,328,0
2022-05-02 12:29:00,328,328,328,328,0
2022-05-02 12:30:00,328,328,328,328,0
2022-05-02 12:31:00,328,328,328,328,0
2022-05-02 12:32:00,328,328,328,328,0
2022-05-02 12:33:00,328,328,328,328,0
2022-05-02 12:34:00,328,328,328,328,0
2022-05-02 12:35:00,328,328,328,328,0
2022-05-02 12:36:00,328,328,328,328,0
2022-05-02 12:37:00,328,328,328,328,0
2022-05-02 12:38:00,328,328,328,328,0
2022-05-02 12:39:00,328,328,328,328,0
2022-05-02 12:40:00,328,328,328,328,0
2022-05-02 12:41:00,328,328,328,328,0
2022-05-02 12:42:00,328,328,328,328,0
2022-05-02 12:43:00,328,328,328,328,0
2022-05-02 12:44:00,328,328,328,328,0
2022-05-02 12:45:00,328,328,328,328,0
2022-05-02 12:46:00,328,328,328,328,0
2022-05-02 12:47:00,328,328,328,328,0
2022-05-02 12:48:00,328,328,328,328,0
2022-05-02 12:49:00,328,328,328,328,0
2022-05-02 12:50:00,328,328,328,328,0
2022-05-02 12:51:00,328,328,328,328,0
2022-05-02 12:52:00,328,328,328,328,0
2022-05-02 12:53:00,328,328,328,328,0
2022-05-02 12:54:00,328,328,328,328,0
2022-05-02 12:55:00,328,328,328,328,0
2022-05-02 12:56:00,328,328,328,328,0
2022-05-02 12:57:00,328,328,328,328,0
2022-05-02 12:58:00,328,328,328,328,0
2022-05-02 12:59:00,328,328,328,328,0
2022-05-02 13:00:00,328,328,328,328,0
2022-05-02 13:01:00,328,328,328,328,0
2022-05-02 13:02:00,328,328,328,328,0
2022-05-02 13:03:00,328,328,328,328,0
2022-05-02 13:04:00,328,328,328,328,0
2022-05-02 13:05:00,328,328,328,328,0
2022-05-02 13:06:00,328,328,328,328,0
2022-05-02 13:07:00,328,328,328,328,0
2022-05-02 13:08:00,328,328,328,328,0
2022-05-02 13:09:00,328,328,328,328,0
2022-05-02 13:10:00,328,328,328,328,0
2022-05-02 13:11:00,328,328,328,328,0
2022-05-02 13:12:00,328,328,328,328,0
2022-05-02 13:13:00,328,328,328,328,0
2022-05-02 13:14:00,328,328,328,328,0
2022-05-02 13:15:00,328,328,328,328,0
2022-05-02 13:16:00,328,328,328,328,0
2022-05-02 13:17:00,328,328,328,328,0
2022-05-02 13:18:00,328,328,328,328,0
2022-05-02 13:19:00,328,328,328,328,0
2022-05-02 13:20:00,328,328,328,328,0
2022-05-02 13:21:00,328,328,328,328,0
2022-05-02 13:22:00,328,328,328,328,0
2022-05-02 13:23:00,328,328,328,328,0
2022-05-02 13:24:00,328,328,328,328,0
2022-05-02 13:25:00,328,328,328,328,0
2022-05-02 13:26:00,328,328,328,328,0
2022-05-02 13:27:00,328,328,328,328,0
2022-05-02 13:28:00,328,328,328,328,0
2022-05-02 13:29:00,328,328,328,328,0
2022-05-02 13:30:00,328,328,328,328,0
2022-05-02 13:31:00,328,328,328,328,0
2022-05-02 13:32:00,328,328,328,328,0
2022-05-02 13:33:00,328,328,328,328,0
2022-05-02 13:34:00,328,328,328,328,0
2022-05-02 13:35:00,328,328,328,328,0
2022-05-02 13:36:00,328,328,328,328,0
2022-05-02 13:37:00,328,328,328,328,0
2022-05-02 13:38:00,328,328,328,328,0
2022-05-02 13:39:00,328,328,328,328,0
2022-05-02 13:40:00,328,328,328,328,0
2022-05-02 13:41:00,328,328,328,328,0
2022-05-02 13:42:00,328,328,328,328,0
2022-05-02 13:43:00,328,328,328,328,0
2022-05-02 13:44:00,328,328,328,328,0
2022-05-02 13:45:00,328,328,328,328,0
2022-05-02 13:46:00,328,328,328,328,0
2022-05-02 13:47:00,328,328,328,328,0
2022-05-02 13:48:00,328,328,328,328,0
2022-05-02 13:49:00,328,328,328,328,0
2022-05-02 13:50:00,328,328,328,328,0
2022-05-02 13:51:00,328,328,328,328,0
2022-05-02 13:52:00,328,328,328,328,0
2022-05-02 13:53:00,328,328,328,328,0
2022-05-02 13:54:00,328,328,328,328,0
2022-05-02 13:55:00,328,328,328,328,0
2022-05-02 13:56:00,328,328,328,328,0
2022-05-02 13:57:00,328,328,328,328,0
2022-05-02 13:58:00,328,328,328,328,0
2022-05-02 13:59:00,328,328,328,328,0
2022-05-02 14:00:00,328,328,328,328,0
2022-05-02 14:01:00,328,328,328,328,0
2022-05-02 14:02:00,328,328,328,328,0
2022-05-02 14:03:00,328,328,328,328,0
2022-05-02 14:04:00,328,328,328,328,0
2022-05-02 14:05:00,328,328,328,328,0
2022-05-02 14:06:00,328,328,328,328,0
2022-05-02 14:07:00,328,328,328,328,0
2022-05-02 14:08:00,328,328,328,328,0
2022-05-02 14:09:00,328,328,328,328,0
2022-05-02 14:10:00,328,328,328,328,0
2022-05-02 14:11:00,328,328,328,328,0
2022-05-02 14:12:00,328,328,328,328,0
2022-05-02 14:13:00,328,328,328,328,0
2022-05-02 14:14:00,328,328,328,328,0
2022-05-02 14:15:00,328,328,328,328,0
2022-05-02 14:16:00,328,328,328,328,0
2022-05-02 14:17:00,328,328,328,328,0
2022-05-02 14:18:00,328,328,328,328,0
2022-05-02 14:19:00,328,328,328,328,0
2022-05-02 14:20:00,328,328,328,328,0
2022-05-02 14:21:00,328,328,328,328,0
2022-05-02 14:22:00,328,328,328,328,0
2022-05-02 14:23:00,328,328,328,328,0
2022-05-02 14:24:00,328,328,328,328,0
2022-05-02 14:25:00,328,328,328,328,0
2022-05-02 14:26:00,328,328,328,328,0
2022-05-02 14:27:00,328,328,328,328,0
2022-05-02 14:28:00,328,328,328,328,0
2022-05-02 14:29:00,328,328,328,328,0
2022-05-02 14:30:00,328,328,328,328,0
2022-05-02 14:31:00,328,328,328,328,0
2022-05-02 14:32:00,328,328,328,328,0
2022-05-02 14:33:00,328,328,328,328,0
2022-05-02 14:34:00,328,328,328,328,0
2022-05-02 14:35:00,328,328,328,328,0
2022-05-02 14:36:00,328,328,328,328,0
2022-05-02 14:37:00,328,328,328,328,0
2022-05-02 14:38:00,328,328,328,328,0
2022-05-02 14:39:00,328,328,328,328,0
2022-05-02 14:40:00,328,328,328,328,0
2022-05-02 14:41:00,328,328,328,328,0
2022-05-02 14:42:00,328,328,328,328,0
2022-05-02 14:43:00,328,328,328,328,0
2022-05-02 14:44:00,328,328,328,328,0
2022-05-02 14:45:00,328,328,328,328,0
2022-05-02 14:46:00,328,328,328,328,0
2022-05-02 14:47:00,328,328,328,328,0
2022-05-02 14:48:00,328,328,328,328,0
2022-05-02 14:49:00,328,328,328,328,0
2022-05-02 14:50:00,328,328,328,328,0
2022-05-02 14:51:00,328,328,328,328,0
2022-05-02 14:52:00,328,328,328,328,0
2022-05-02 14:53:00,328,328,328,328,0
2022-05-02 14:54:00,328,328,328,328,0
2022-05-02 14:55:00,328,328,328,328,0
2022-05-02 14:56:00,328,328,328,328,0
2022-05-02 14:57:00,328,328,328,328,0
2022-05-02 14:58:00,328,328,328,328,0
2022-05-02 14:59:00,328,328,328,328,0
2022-05-02 15:00:00,328,328,328,328,0
2022-05-02 15:01:00,328,328,328,328,0
2022-05-02 15:02:00,328,328,328,328,0
2022-05-02 15:03:00,328,328,328,328,0
2022-05-02 15:04:00,328,328,328,328,0
2022-05-02 15:05:00,328,328,328,328,0
2022-05-02 15:06:00,328,328,328,328,0
2022-05-02 15:07:00,328,328,328,328,0
2022-05-02 15:08:00,328,328,328,328,0
2022-05-02 15:09:00,328,328,328,328,0
2022-05-02 15:10:00,328,328,328,328,0
2022-05-02 15:11:00,328,328,328,328,0
2022-05-02 15:12:00,328,328,328,328,0
2022-05-02 15:13:00,328,328,328,328,0
2022-05-02 15:14:00,328,328,328,328,0
2022-05-02 15:15:00,328,328,328,328,0
2022-05-02 15:16:00,328,328,328,328,0
2022-05-02 15:17:00,328,328,328,328,0
2022-05-02 15:18:00,328,328,328,328,0
2022-05-02 15:19:00,328,328,328,328,0
2022-05-02 15:20:00,328,328,328,328,0
2022-05-02 15:21:00,328,328,328,328,0
2022-05-02 15:22:00,328,328,328,328,0
2022-05-02 15:23:00,328,328,328,328,0
2022-05-02 15:24:00,328,328,328,328,0
2022-05-02 15:25:00,328,328,328,328,0
2022-05-02 15:26:00,328,328,328,328,0
2022-05-02 15:27:00,328,328,328,328,0
2022-05-02 15:28:00,328,328,328,328,0
2022-05-02 15:29:00,328,328,328,328,0
2022-05-02 15:30:00,328,328,328,328,0
2022-05-02 15:31:00,328,328,328,328,0
2022-05-02 15:32:00,328,328,328,328,0
2022-05-02 15:33:00,328,328,328,328,0
2022-05-02 15:34:00,328,328,328,328,0
2022-05-02 15:35:00,328,328,328,328,0
2022-05-02 15:36:00,328,328,328,328,0
2022-05-02 15:37:00,328,328,328,328,0
2022-05-02 15:38:00,328,328,328,328,0
2022-05-02 15:39:00,328,328,328,328,0
2022-05-02 15:40:00,328,328,328,328,0
2022-05-02 15:41:00,328,328,328,328,0
2022-05-02 15:42:00,328,328,328,328,0
2022-05-02 15:43:00,328,328,328,328,0
2022-05-02 15:44:00,328,328,328,328,0
2022-05-02 15:45:00,328,328,328,328,0
2022-05-02 15:46:00,328,328,328,328,0
2022-05-02 15:47:00,328,328,328,328,0
2022-05-02 15:48:00,328,328,328,328,0
2022-05-02 15:49:00,328,328,328,328,0
2022-05-02 15:50:00,328,328,328,328,0
2022-05-02 15:51:00,328,328,328,328,0
2022-05-02 15:52:00,328,328,328,328,0
2022-05-02 15:53:00,328,328,328,328,0
2022-05-02 15:54:00,328,328,328,328,0
2022-05-02 15:55:00,328,328,328,328,0
2022-05-02 15:56:00,328,328,328,328,0
2022-05-02 15:57:00,328,328,328,328,0
2022-05-02 15:58:00,328,328,328,328,0
2022-05-02 15:59:00,328,328,328,328,0
2022-05-03 09:00:00,328,328,328,328,0
2022-05-03 09:01:00,328,328,328,328,0
2022-05-03 09:02:00,328,328,328,328,0
2022-05-03 09:03:00,328,328,328,328,0
2022-05-03 09:04:00,328,328,328,328,0
2022-05-03 09:05:00,328,328,328,328,0
2022-05-03 09:06:00,328,328,328,328,0
2022-05-03 09:07:00,328,328,328,328,0
2022-05-03 09:08:00,328,328,328,328,0
2022-05-03 09:09:00,328,328,328,328,0
2022-05-03 09:10:00,328,328,328,328,0
2022-05-03 09:11:00,328,328,328,328,0
2022-05-03 09:12:00,328,328,328,328,0
2022-05-03 09:13:00,328,328,328,328,0
2022-05-03 09:14:00,328,328,328,328,0
2022-05-03 09:15:00,328,328,328,328,0
2022-05-03 09:16:00,328,328,328,328,0
2022-05-03 09:17:00,328,328,328,328,0
2022-05-03 09:18:00,328,328,328,328,0
2022-05-03 09:19:00,328,328,328,328,0
2022-05-03 09:20:00,328,328,328,328,0
2022-05-03 09:21:00,328,328,328,328,0
2022-05-03 09:22:00,328,328,328,328,0
2022-05-03 09:23:00,328,328,328,328,0
2022-05-03 09:24:00,328,328,328,328,0
2022-05-03 09:25:00,328,328,328,328,0
2022-05-03 09:26:00,328,328,328,328,0
2022-05-03 09:27:00,328,328,328,328,0
2022-05-03 09:28:00,328,328,328,328,0
2022-05-03 09:29:00,328,328,328,328,0
2022-05-03 09:30:00,328,328,328,328,0
2022-05-03 09:31:00,328,328,328,328,0
2022-05-03 09:32:00,328,328,328,328,0
2022-05-03 09:33:00,328,328,328,328,0
2022-05-03 09:34:00,328,328,328,328,0
2022-05-03 09:35:00,328,328,328,328,0
2022-05-03 09:36:00,328,328,328,328,0
2022-05-03 09:37:00,328,328,328,328,0
2022-05-03 09:38:00,328,328,328,328,0
2022-05-03 09:39:00,328,328,328,328,0
2022-05-03 09:40:00,328,328,328,328,0
2022-05-03 09:41:00,328,328,328,328,0
2022-05-03 09:42:00,328,328,328,328,0
2022-05-03 09:43:00,328,328,328,328,0
2022-05-03 09:44:00,328,328,328,328,0
2022-05-03 09:45:00,328,328,328,328,0
2022-05-03 09:46:00,328,328,328,328,0
2022-05-03 09:47:00,328,328,328,328,0
2022-05-03 09:48:00,328,328,328,328,0
2022-05-03 09:49:00,328,328,328,328,0
2022-05-03 09:50:00,328,328,328,328,0
2022-05-03 09:51:00,328,328,328,328,0
2022-05-03 09:52:00,328,328,328,328,0
2022-05-03 09:53:00,328,328,328,328,0
2022-05-03 09:54:00,328,328,328,328,0
2022-05-03 09:55:00,328,328,328,328,0
2022-05-03 09:56:00,328,328,328,328,0
2022-05-03 09:57:00,328,328,328,328,0
2022-05-03 09:58:00,328,328,328,328,0
2022-05-03 09:59:00,328,328,328,328,0
2022-05-03 10:00:00,328,328,328,328,0
2022-05-03 10:01:00,328,328,328,328,0
2022-05-03 10:02:00,328,328,328,328,0
2022-05-03 10:03:00,328,328,328,328,0
2022-05-03 10:04:00,328,328,328,328,0
2022-05-03 10:05:00,328,328,328,328,0
2022-05-03 10:06:00,328,328,328,328,0
2022-05-03 10:07:00,328,328,328,328,0
2022-05-03 10:08:00,328,328,328,328,0
2022-05-03 10:09:00,328,328,328,328,0
2022-05-03 10:10:00,328,328,328,328,0
2022-05-03 10:11:00,328,328,328,328,0
2022-05-03 10:12:00,328,328,328,328,0
2022-05-03 10:13:00,328,328,328,328,0
2022-05-03 10:14:00,328,328,328,328,0
2022-05-03 10:15:00,328,328,328,328,0
2022-05-03 10:16:00,328,328,328,328,0
2022-05-03 10:17:00,328,328,328,328,0
2022-05-03 10:18:00,328,328,328,328,0
2022-05-03 10:19:00,328,328,328,328,0
2022-05-03 10:20:00,328,328,328,328,0
2022-05-03 10:21:00,328,328,328,328,0
2022-05-03 10:22:00,328,328,328,328,0
2022-05-03 10:23:00,328,328,328,328,0
2022-05-03 10:24:00,328,328,328,328,0
2022-05-03 10:25:00,328,328,328,328,0
2022-05-03 10:26:00,328,328,328,328,0
2022-05-03 10:27:00,328,328,328,328,0
2022-05-03 10:28:00,328,328,328,328,0
2022-05-03 10:29:00,328,328,328,328,0
2022-05-03 10:30:00,328,328,328,328,0
2022-05-03 10:31:00,328,328,328,328,0
2022-05-03 10:32:00,328,328,328,328,0
2022-05-03 10:33:00,328,328,328,328,0
2022-05-03 10:34:00,328,328,328,328,0
2022-05-03 10:35:00,328,328,328,328,0
2022-05-03 10:36:00,328,328,328,328,0
2022-05-03 10:37:00,328,328,328,328,0
2022-05-03 10:38:00,328,328,328,328,0
2022-05-03 10:39:00,328,328,328,328,0
2022-05-03 10:40:00,328,328,328,328,0
2022-05-03 10:41:00,328,328,328,328,0
2022-05-03 10:42:00,328,328,328,328,0
2022-05-03 10:43:00,328,328,328,328,0
2022-05-03 10:44:00,328,328,328,328,0
2022-05-03 10:45:00,328,328,328,328,0
2022-05-03 10:46:00,328,328,328,328,0
2022-05-03 10:47:00,328,328,328,328,0
2022-05-03 10:48:00,328,328,328,328,0
2022-05-03 10:49:00,328,328,328,328,0
2022-05-03 10:50:00,328,328,328,328,0
2022-05-03 10:51:00,328,328,328,328,0
2022-05-03 10:52:00,328,328,328,328,0
2022-05-03 10:53:00,328,328,328,328,0
2022-05-03 10:54:00,328,328,328,328,0
2022-05-03 10:55:00,328,328,328,328,0
2022-05-03 10:56:00,328,328,328,328,0
2022-05-03 10:57:00,328,328,328,328,0
2022-05-03 10:58:00,328,328,328,328,0
2022-05-03 10:59:00,328,328,328,328,0
2022-05-03 11:00:00,328,328,328,328,0
2022-05-03 11:01:00,328,328,328,328,0
2022-05-03 11:02:00,328,328,328,328,0
2022-05-03 11:03:00,328,328,328,328,0
2022-05-03 11:04:00,328,328,328,328,0
2022-05-03 11:05:00,328,328,328,328,0
2022-05-03 11:06:00,328,328,328,328,0
2022-05-03 11:07:00,328,328,328,328,0
2022-05-03 11:08:00,328,328,328,328,0
2022-05-03 11:09:00,328,328,328,328,0
2022-05-03 11:10:00,328,328,328,328,0
2022-05-03 11:11:00,328,328,328,328,0
2022-05-03 11:12:00,328,328,328,328,0
2022-05-03 11:13:00,328,328,328,328,0
2022-05-03 11:14:00,328,328,328,328,0
2022-05-03 11:15:00,328,328,328,328,0
2022-05-03 11:16:00,328,328,328,328,0
2022-05-03 11:17:00,328,328,328,328,0
2022-05-03 11:18:00,328,328,328,328,0
2022-05-03 11:19:00,328,328,328,328,0
2022-05-03 11:20:00,328,328,328,328,0
2022-05-03 11:21:00,328,328,328,328,0
2022-05-03 11:22:00,328,328,328,328,0
2022-05-03 11:23:00,328,328,328,328,0
2022-05-03 11:24:00,328,328,328,328,0
2022-05-03 11:25:00,328,328,328,328,0
2022-05-03 11:26:00,328,328,328,328,0
2022-05-03 11:27:00,328,328,328,328,0
2022-05-03 11:28:00,328,328,328,328,0
2022-05-03 11:29:00,328,328,328,328,0
2022-05-03 11:30:00,328,328,328,328,0
2022-05-03 11:31:00,328,328,328,328,0
2022-05-03 11:32:00,328,328,328,328,0
2022-05-03 11:33:00,328,328,328,328,0
2022-05-03 11:34:00,328,328,328,328,0
2022-05-03 11:35:00,328,328,328,328,0
2022-05-03 11:36:00,328,328,328,328,0
2022-05-03 11:37:00,328,328,328,328,0
2022-05-03 11:38:00,328,328,328,328,0
2022-05-03 11:39:00,328,328,328,328,0
2022-05-03 11:40:00,328,328,328,328,0
2022-05-03 11:41:00,328,328,328,328,0
2022-05-03 11:42:00,328,328,328,328,0
2022-05-03 11:43:00,328,328,328,328,0
2022-05-03 11:44:00,328,328,328,328,0
2022-05-03 11:45:00,328,328,328,328,0
2022-05-03 11:46:00,328,328,328,328,0
2022-05-03 11:47:00,328,328,328,328,0
2022-05-03 11:48:00,328,328,328,328,0
2022-05-03 11:49:00,328,328,328,328,0
2022-05-03 11:50:00,328,328,328,328,0
2022-05-03 11:51:00,328,328,328,328,0
2022-05-03 11:52:00,328,328,328,328,0
2022-05-03 11:53:00,328,328,328,328,0
2022-05-03 11:54:00,328,328,328,328,0
2022-05-03 11:55:00,328,328,328,328,0
2022-05-03 11:56:00,328,328,328,328,0
2022-05-03 11:57:00,328,328,328,328,0
2022-05-03 11:58:00,328,328,328,328,0
2022-05-03 11:59:00,328,328,328,328,0
2022-05-03 12:00:00,328,328,328,328,0
2022-05-03 12:01:00,328,328,328,328,0
2022-05-03 12:02:00,328,328,328,328,0
2022-05-03 12:03:00,328,328,328,328,0
2022-05-03 12:04:00,328,328,328,328,0
2022-05-03 12:05:00,328,328,328,328,0
2022-05-03 12:06:00,328,328,328,328,0
2022-05-03 12:07:00,328,328,328,328,0
2022-05-03 12:08:00,328,328,328,328,0
2022-05-03 12:09:00,328,328,328,328,0
2022-05-03 12:10:00,328,328,328,328,0
2022-05-03 12:11:00,328,328,328,328,0
2022-05-03 12:12:00,328,328,328,328,0
2022-05-03 12:13:00,328,328,328,328,0
2022-05-03 12:14:00,328,328,328,328,0
2022-05-03 12:15:00,328,328,328,328,0
2022-05-03 12:16:00,328,328,328,328,0
2022-05-03 12:17:00,328,328,328,328,0
2022-05-03 12:18:00,328,328,328,328,0
2022-05-03 12:19:00,328,328,328,328,0
2022-05-03 12:20:00,328,328,328,328,0
2022-05-03 12:21:00,328,328,328,328,0
2022-05-03 12:22:00,328,328,328,328,0
2022-05-03 12:23:00,328,328,328,328,0
2022-05-03 12:24:00,328,328,328,328,0
2022-05-03 12:25:00,328,328,328,328,0
2022-05-03 12:26:00,328,328,328,328,0
2022-05-03 12:27:00,328,328,328,328,0
2022-05-03 12:28:00,328,328,328,328,0
2022-05-03 12:29:00,328,328,328,328,0
2022-05-03 12:30:00,328,328,328,328,0
2022-05-03 12:31:00,328,328,328,328,0
2022-05-03 12:32:00,328,328,328,328,0
2022-05-03 12:33:00,328,328,328,328,0
2022-05-03 12:34:00,328,328,328,328,0
2022-05-03 12:35:00,328,328,328,328,0
2022-05-03 12:36:00,328,328,328,328,0
2022-05-03 12:37:00,328,328,328,328,0
2022-05-03 12:38:00,328,328,328,328,0
2022-05-03 12:39:00,328,328,328,328,0
2022-05-03 12:40:00,328,328,328,328,0
2022-05-03 12:41:00,328,328,328,328,0
2022-05-03 12:42:00,328,328,328,328,0
2022-05-03 12:43:00,328,328,328,328,0
2022-05-03 12:44:00,328,328,328,328,0
2022-05-03 12:45:00,328,328,328,328,0
2022-05-03 12:46:00,328,328,328,328,0
2022-05-03 12:47:00,328,328,328,328,0
2022-05-03 12:48:00,328,328,328,328,0
2022-05-03 12:49:00,328,328,328,328,0
2022-05-03 12:50:00,328,328,328,328,0
2022-05-03 12:51:00,328,328,328,328,0
2022-05-03 12:52:00,328,328,328,328,0
2022-05-03 12:53:00,328,328,328,328,0
2022-05-03 12:54:00,328,328,328,328,0
2022-05-03 12:55:00,328,328,328,328,0
2022-05-03 12:56:00,328,328,328,328,0
2022-05-03 12:57:00,328,328,328,328,0
2022-05-03 12:58:00,328,328,328,328,0
2022-05-03 12:59:00,328,328,328,328,0
2022-05-03 13:00:00,328,328,328,328,0
2022-05-03 13:01:00,328,328,328,328,0
2022-05-03 13:02:00,328,328,328,328,0
2022-05-03 13:03:00,328,328,328,328,0
2022-05-03 13:04:00,328,328,328,328,0
2022-05-03 13:05:00,328,328,328,328,0
2022-05-03 13:06:00,328,328,328,328,0
2022-05-03 13:07:00,328,328,328,328,0
2022-05-03 13:08:00,328,328,328,328,0
2022-05-03 13:09:00,328,328,328,328,0
2022-05-03 13:10:00,328,328,328,328,0
2022-05-03 13:11:00,328,328,328,328,0
2022-05-03 13:12:00,328,328,328,328,0
2022-05-03 13:13:00,328,328,328,328,0
2022-05-03 13:14:00,328,328,328,328,0
2022-05-03 13:15:00,328,328,328,328,0
2022-05-03 13:16:00,328,328,328,328,0
2022-05-03 13:17:00,328,328,328,328,0
2022-05-03 13:18:00,328,328,328,328,0
2022-05-03 13:19:00,328,328,328,328,0
2022-05-03 13:20:00,328,328,328,328,0
2022-05-03 13:21:00,328,328,328,328,0
2022-05-03 13:22:00,328,328,328,328,0
2022-05-03 13:23:00,328,328,328,328,0
2022-05-03 13:24:00,328,328,328,328,0
2022-05-03 13:25:00,328,328,328,328,0
2022-05-03 13:26:00,328,328,328,328,0
2022-05-03 13:27:00,328,328,328,328,0
2022-05-03 13:28:00,328,328,328,328,0
2022-05-03 13:29:00,328,328,328,328,0
2022-05-03 13:30:00,328,328,328,328,0
2022-05-03 13:31:00,328,328,328,328,0
2022-05-03 13:32:00,328,328,328,328,0
2022-05-03 13:33:00,328,328,328,328,0
2022-05-03 13:34:00,328,328,328,328,0
2022-05-03 13:35:00,328,328,328,328,0
2022-05-03 13:36:00,328,328,328,328,0
2022-05-03 13:37:00,328,328,328,328,0
2022-05-03 13:38:00,328,328,328,328,0
2022-05-03 13:39:00,328,328,328,328,0
2022-05-03 13:40:00,328,328,328,328,0
2022-05-03 13:41:00,328,328,328,328,0
2022-05-03 13:42:00,328,328,328,328,0
2022-05-03 13:43:00,328,328,328,328,0
2022-05-03 13:44:00,328,328,328,328,0
2022-05-03 13:45:00,328,328,328,328,0
2022-05-03 13:46:00,328,328,328,328,0
2022-05-03 13:47:00,328,328,328,328,0
2022-05-03 13:48:00,328,328,328,328,0
2022-05-03 13:49:00,328,328,328,328,0
2022-05-03 13:50:00,328,328,328,328,0
2022-05-03 13:51:00,328,328,328,328,0
2022-05-03 13:52:00,328,328,328,328,0
2022-05-03 13:53:00,328,328,328,328,0
2022-05-03 13:54:00,328,328,328,328,0
2022-05-03 13:55:00,328,328,328,328,0
2022-05-03 13:56:00,328,328,328,328,0
2022-05-03 13:57:00,328,328,328,328,0
2022-05-03 13:58:00,328,328,328,328,0
2022-05-03 13:59:00,328,328,328,328,0
2022-05-03 14:00:00,328,328,328,328,0
2022-05-03 14:01:00,328,328,328,328,0
2022-05-03 14:02:00,328,328,328,328,0
2022-05-03 14:03:00,328,328,328,328,0
2022-05-03 14:04:00,328,328,328,328,0
2022-05-03 14:05:00,328,328,328,328,0
2022-05-03 14:06:00,328,328,328,328,0
2022-05-03 14:07:00,328,328,328,328,0
2022-05-03 14:08:00,328,328,328,328,0
2022-05-03 14:09:00,328,328,328,328,0
2022-05-03 14:10:00,328,328,328,328,0
2022-05-03 14:11:00,328,328,328,328,0
2022-05-03 14:12:00,328,328,328,328,0
2022-05-03 14:13:00,328,328,328,328,0
2022-05-03 14:14:00,328,328,328,328,0
2022-05-03 14:15:00,328,328,328,328,0
2022-05-03 14:16:00,328,328,328,328,0
2022-05-03 14:17:00,328,328,328,328,0
2022-05-03 14:18:00,328,328,328,328,0
2022-05-03 14:19:00,328,328,328,328,0
2022-05-03 14:20:00,328,328,328,328,0
2022-05-03 14:21:00,328,328,328,328,0
2022-05-03 14:22:00,328,328,328,328,0
2022-05-03 14:23:00,328,328,328,328,0
2022-05-03 14:24:00,328,328,328,328,0
2022-05-03 14:25:00,328,328,328,328,0
2022-05-03 14:26:00,328,328,328,328,0
2022-05-03 14:27:00,328,328,328,328,0
2022-05-03 14:28:00,328,328,328,328,0
2022-05-03 14:29:00,328,328,328,328,0
2022-05-03 14:30:00,328,328,328,328,0
2022-05-03 14:31:00,328,328,328,328,0
2022-05-03 14:32:00,328,328,328,328,0
2022-05-03 14:33:00,328,328,328,328,0
2022-05-03 14:34:00,328,328,328,328,0
2022-05-03 14:35:00,328,328,328,328,0
2022-05-03 14:36:00,328,328,328,328,0
2022-05-03 14:37:00,328,328,328,328,0
2022-05-03 14:38:00,328,328,328,328,0
2022-05-03 14:39:00,328,328,328,328,0
2022-05-03 14:40:00,328,328,328,328,0
2022-05-03 14:41:00,328,328,328,328,0
2022-05-03 14:42:00,328,328,328,328,0
2022-05-03 14:43:00,328,328,328,328,0
2022-05-03 14:44:00,328,328,328,328,0
2022-05-03 14:45:00,328,328,328,328,0
2022-05-03 14:46:00,328,328,328,328,0
2022-05-03 14:47:00,328,328,328,328,0
2022-05-03 14:48:00,328,328,328,328,0
2022-05-03 14:49:00,328,328,328,328,0
2022-05-03 14:50:00,328,328,328,328,0
2022-05-03 14:51:00,328,328,328,328,0
2022-05-03 14:52:00,328,328,328,328,0
2022-05-03 14:53:00,328,328,328,328,0
2022-05-03 14:54:00,328,328,328,328,0
2022-05-03 14:55:00,328,328,328,328,0
2022-05-03 14:56:00,328,328,328,328,0
2022-05-03 14:57:00,328,328,328,328,0
2022-05-03 14:58:00,328,328,328,328,0
2022-05-03 14:59:00,328,328,328,328,0
2022-05-03 15:00:00,328,328,328,328,0
2022-05-03 15:01:00,328,328,328,328,0
2022-05-03 15:02:00,328,328,328,328,0
2022-05-03 15:03:00,328,328,328,328,0
2022-05-03 15:04:00,328,328,328,328,0
2022-05-03 15:05:00,328,328,328,328,0
2022-05-03 15:06:00,328,328,328,328,0
2022-05-03 15:07:00,328,328,328,328,0
2022-05-03 15:08:00,328,328,328,328,0
2022-05-03 15:09:00,328,328,328,328,0
2022-05-03 15:10:00,328,328,328,328,0
2022-05-03 15:11:00,328,328,328,328,0
2022-05-03 15:12:00,328,328,328,328,0
2022-05-03 15:13:00,328,328,328,328,0
2022-05-03 15:14:00,328,328,328,328,0
2022-05-03 15:15:00,328,328,328,328,0
2022-05-03 15:16:00,328,328,328,328,0
2022-05-03 15:17:00,328,328,328,328,0
2022-05-03 15:18:00,328,328,328,328,0
2022-05-03 15:19:00,328,328,328,328,0
2022-05-03 15:20:00,328,328,328,328,0
2022-05-03 15:21:00,328,328,328,328,0
2022-05-03 15:22:00,328,328,328,328,0
2022-05-03 15:23:00,328,328,328,328,0
2022-05-03 15:24:00,328,328,328,328,0
2022-05-03 15:25:00,328,328,328,328,0
2022-05-03 15:26:00,328,328,328,328,0
2022-05-03 15:27:00,328,328,328,328,0
2022-05-03 15:28:00,328,328,328,328,0
2022-05-03 15:29:00,328,328,328,328,0
2022-05-03 15:30:00,328,328,328,328,0
2022-05-03 15:31:00,328,328,328,328,0
2022-05-03 15:32:00,328,328,328,328,0
2022-05-03 15:33:00,328,328,328,328,0
2022-05-03 15:34:00,328,328,328,328,0
2022-05-03 15:35:00,328,328,328,328,0
2022-05-03 15:36:00,328,328,328,328,0
2022-05-03 15:37:00,328,328,328,328,0
2022-05-03 15:38:00,328,328,328,328,0
2022-05-03 15:39:00,328,328,328,328,0
2022-05-03 15:40:00,328,328,328,328,0
2022-05-03 15:41:00,328,328,328,328,0
2022-05-03 15:42:00,328,328,328,328,0
2022-05-03 15:43:00,328,328,328,328,0
2022-05-03 15:44:00,328,328,328,328,0
2022-05-03 15:45:00,328,328,328,328,0
2022-05-03 15:46:00,328,328,328,328,0
2022-05-03 15:47:00,328,328,328,328,0
2022-05-03 15:48:00,328,328,328,328,0
2022-05-03 15:49:00,328,328,328,328,0
2022-05-03 15:50:00,328,328,328,328,0
2022-05-03 15:51:00,328,328,328,328,0
2022-05-03 15:52:00,328,328,328,328,0
2022-05-03 15:53:00,328,328,328,328,0
2022-05-03 15:54:00,328,328,328,328,0
2022-05-03 15:55:00,328,328,328,328,0
2022-05-03 15:56:00,328,328,328,328,0
2022-05-03 15:57:00,328,328,328,328,0
2022-05-03 15:58:00,328,328,328,328,0
2022-05-03 15:59:00,328,328,328,328,0
2022-05-04 09:00:00,328,328,328,328,0
2022-05-04 09:01:00,328,328,328,328,0
2022-05-04 09:02:00,328,328,328,328,0
2022-05-04 09:03:00,328,328,328,328,0
2022-05-04 09:04:00,328,328,328,328,0
2022-05-04 09:05:00,328,328,328,328,0
2022-05-04 09:06:00,328,328,328,328,0
2022-05-04 09:07:00,328,328,328,328,0
2022-05-04 09:08:00,328,328,328,328,0
2022-05-04 09:09:00,328,328,328,328,0
2022-05-04 09:10:00,328,328,328,328,0
2022-05-04 09:11:00,328,328,328,328,0
2022-05-04 09:12:00,328,328,328,328,0
2022-05-04 09:13:00,328,328,328,328,0
2022-05-04 09:14:00,328,328,328,328,0
2022-05-04 09:15:00,328,328,328,328,0
2022-05-04 09:16:00,328,328,328,328,0
2022-05-04 09:17:00,328,328,328,328,0
2022-05-04 09:18:00,328,328,328,328,0
2022-05-04 09:19:00,328,328,328,328,0
2022-05-04 09:20:00,328,328,328,328,0
2022-05-04 09:21:00,328,328,328,328,0
2022-05-04 09:22:00,328,328,328,328,0
2022-05-04 09:23:00,328,328,328,328,0
2022-05-04 09:24:00,328,328,328,328,0
2022-05-04 09:25:00,328,328,328,328,0
2022-05-04 09:26:00,328,328,328,328,0
2022-05-04 09:27:00,328,328,328,328,0
2022-05-04 09:28:00,328,328,328,328,0
2022-05-04 09:29:00,328,328,328,328,0
2022-05-04 09:30:00,328,328,328,328,0
2022-05-04 09:31:00,328,328,328,328,0
2022-05-04 09:32:00,328,328,328,328,0
2022-05-04 09:33:00,328,328,328,328,0
2022-05-04 09:34:00,328,328,328,328,0
2022-05-04 09:35:00,328,328,328,328,0
2022-05-04 09:36:00,328,328,328,328,0
2022-05-04 09:37:00,328,328,328,328,0
2022-05-04 09:38:00,328,328,328,328,0
2022-05-04 09:39:00,328,328,328,328,0
2022-05-04 09:40:00,328,328,328,328,0
2022-05-04 09:41:00,328,328,328,328,0
2022-05-04 09:42:00,328,328,328,328,0
2022-05-04 09:43:00,328,328,328,328,0
2022-05-04 09:44:00,328,328,328,328,0
2022-05-04 09:45:00,328,328,328,328,0
2022-05-04 09:46:00,328,328,328,328,0
2022-05-04 09:47:00,328,328,328,328,0
2022-05-04 09:48:00,328,328,328,328,0
2022-05-04 09:49:00,328,328,328,328,0
2022-05-04 09:50:00,328,328,328,328,0
2022-05-04 09:51:00,328,328,328,328,0
2022-05-04 09:52:00,328,328,328,328,0
2022-05-04 09:53:00,328,328,328,328,0
2022-05-04 09:54:00,328,328,328,328,0
2022-05-04 09:55:00,328,328,328,328,0
2022-05-04 09:56:00,328,328,328,328,0
2022-05-04 09:57:00,328,328,328,328,0
2022-05-04 09:58:00,328,328,328,328,0
2022-05-04 09:59:00,328,328,328,328,0
2022-05-04 10:00:00,328,328,328,328,0
2022-05-04 10:01:00,328,328,328,328,0
2022-05-04 10:02:00,328,328,328,328,0
2022-05-04 10:03:00,328,328,328,328,0
2022-05-04 10:04:00,328,328,328,328,0
2022-05-04 10:05:00,328,328,328,328,0
2022-05-04 10:06:00,328,328,328,328,0
2022-05-04 10:07:00,328,328,328,328,0
2022-05-04 10:08:00,328,328,328,328,0
2022-05-04 10:09:00,328,328,328,328,0
2022-05-04 10:10:00,328,328,328,328,0
2022-05-04 10:11:00,328,328,328,328,0
2022-05-04 10:12:00,328,328,328,328,0
2022-05-04 10:13:00,328,328,328,328,0
2022-05-04 10:14:00,328,328,328,328,0
2022-05-04 10:15:00,328,328,328,328,0
2022-05-04 10:16:00,328,328,328,328,0
2022-05-04 10:17:00,328,328,328,328,0
2022-05-04 10:18:00,328,328,328,328,0
2022-05-04 10:19:00,328,328,328,328,0
2022-05-04 10:20:00,328,328,328,328,0
2022-05-04 10:21:00,328,328,328,328,0
2022-05-04 10:22:00,328,328,328,328,0
2022-05-04 10:23:00,328,328,328,328,0
2022-05-04 10:24:00,328,328,328,328,0
2022-05-04 10:25:00,328,328,328,328,0
2022-05-04 10:26:00,328,328,328,328,0
2022-05-04 10:27:00,328,328,328,328,0
2022-05-04 10:28:00,328,328,328,328,0
2022-05-04 10:29:00,328,328,328,328,0
2022-05-04 10:30:00,328,328,328,328,0
2022-05-04 10:31:00,328,328,328,328,0
2022-05-04 10:32:00,328,328,328,328,0
2022-05-04 10:33:00,328,328,328,328,0
2022-05-04 10:34:00,328,328,328,328,0
2022-05-04 10:35:00,328,328,328,328,0
2022-05-04 10:36:00,328,328,328,328,0
2022-05-04 10:37:00,328,328,328,328,0
2022-05-04 10:38:00,328,328,328,328,0
2022-05-04 10:39:00,328,328,328,328,0
2022-05-04 10:40:00,328,328,328,328,0
2022-05-04 10:41:00,328,328,328,328,0
2022-05-04 10:42:00,328,328,328,328,0
2022-05-04 10:43:00,328,328,328,328,0
2022-05-04 10:44:00,328,328,328,328,0
2022-05-04 10:45:00,328,328,328,328,0
2022-05-04 10:46:00,328,328,328,328,0
2022-05-04 10:47:00,328,328,328,328,0
2022-05-04 10:48:00,328,328,328,328,0
2022-05-04 10:49:00,328,328,328,328,0
2022-05-04 10:50:00,328,328,328,328,0
2022-05-04 10:51:00,328,328,328,328,0
2022-05-04 10:52:00,328,328,328,328,0
2022-05-04 10:53:00,328,328,328,328,0
2022-05-04 10:54:00,328,328,328,328,0
2022-05-04 10:55:00,328,328,328,328,0
2022-05-04 10:56:00,328,328,328,328,0
2022-05-04 10:57:00,328,328,328,328,0
2022-05-04 10:58:00,328,328,328,328,0
2022-05-04 10:59:00,328,328,328,328,0
2022-05-04 11:00:00,328,328,328,328,0
2022-05-04 11:01:00,328,328,328,328,0
2022-05-04 11:02:00,328,328,328,328,0
2022-05-04 11:03:00,328,328,328,328,0
2022-05-04 11:04:00,328,328,328,328,0
2022-05-04 11:05:00,328,328,328,328,0
2022-05-04 11:06:00,328,328,328,328,0
2022-05-04 11:07:00,328,328,328,328,0
2022-05-04 11:08:00,328,328,328,328,0
2022-05-04 11:09:00,328,328,328,328,0
2022-05-04 11:10:00,328,328,328,328,0
2022-05-04 11:11:00,328,328,328,328,0
2022-05-04 11:12:00,328,328,328,328,0
2022-05-04 11:13:00,328,328,328,328,0
2022-05-04 11:14:00,328,328,328,328,0
2022-05-04 11:15:00,328,328,328,328,0
2022-05-04 11:16:00,328,328,328,328,0
2022-05-04 11:17:00,328,328,328,328,0
2022-05-04 11:18:00,328,328,328,328,0
2022-05-04 11:19:00,328,328,328,328,0
2022-05-04 11:20:00,328,328,328,328,0
2022-05-04 11:21:00,328,328,328,328,0
2022-05-04 11:22:00,328,328,328,328,0
2022-05-04 11:23:00,328,328,328,328,0
2022-05-04 11:24:00,328,328,328,328,0
2022-05-04 11:25:00,328,328,328,328,0
2022-05-04 11:26:00,328,328,328,328,0
2022-05-04 11:27:00,328,328,328,328,0
2022-05-04 11:28:00,328,328,328,328,0
2022-05-04 11:29:00,328,328,328,328,0
2022-05-04 11:30:00,328,328,328,328,0
2022-05-04 11:31:00,328,328,328,328,0
2022-05-04 11:32:00,328,328,328,328,0
2022-05-04 11:33:00,328,328,328,328,0
2022-05-04 11:34:00,328,328,328,328,0
2022-05-04 11:35:00,328,328,328,328,0
2022-05-04 11:36:00,328,328,328,328,0
2022-05-04 11:37:00,328,328,328,328,0
2022-05-04 11:38:00,328,328,328,328,0
2022-05-04 11:39:00,328,328,328,328,0
2022-05-04 11:40:00,328,328,328,328,0
2022-05-04 11:41:00,328,328,328,328,0
2022-05-04 11:42:00,328,328,328,328,0
2022-05-04 11:43:00,328,328,328,328,0
2022-05-04 11:44:00,328,328,328,328,0
2022-05-04 11:45:00,328,328,328,328,0
2022-05-04 11:46:00,328,328,328,328,0
2022-05-04 11:47:00,328,328,328,328,0
2022-05-04 11:48:00,328,328,328,328,0
2022-05-04 11:49:00,328,328,328,328,0
2022-05-04 11:50:00,328,328,328,328,0
2022-05-04 11:51:00,328,328,328,328,0
2022-05-04 11:52:00,328,328,328,328,0
2022-05-04 11:53:00,328,328,328,328,0
2022-05-04 11:54:00,328,328,328,328,0
2022-05-04 11:55:00,328,328,328,328,0
2022-05-04 11:56:00,328,328,328,328,0
2022-05-04 11:57:00,328,328,328,328,0
2022-05-04 11:58:00,328,328,328,328,0
2022-05-04 11:59:00,328,328,328,328,0
2022-05-04 12:00:00,328,328,328,328,0
2022-05-04 12:01:00,328,328,328,328,0
2022-05-04 12:02:00,328,328,328,328,0
2022-05-04 12:03:00,328,328,328,328,0
2022-05-04 12:04:00,328,328,328,328,0
2022-05-04 12:05:00,328,328,328,328,0
2022-05-04 12:06:00,328,328,328,328,0
2022-05-04 12:07:00,328,328,328,328,0
2022-05-04 12:08:00,328,328,328,328,0
2022-05-04 12:09:00,328,328,328,328,0
2022-05-04 12:10:00,328,328,328,328,0
2022-05-04 12:11:00,328,328,328,328,0
2022-05-04 12:12:00,328,328,328,328,0
2022-05-04 12:13:00,328,328,328,328,0
2022-05-04 12:14:00,328,328,328,328,0
2022-05-04 12:15:00,328,328,328,328,0
2022-05-04 12:16:00,328,328,328,328,0
2022-05-04 12:17:00,328,328,328,328,0
2022-05-04 12:18:00,328,328,328,328,0
2022-05-04 12:19:00,328,328,328,328,0
2022-05-04 12:20:00,328,328,328,328,0
2022-05-04 12:21:00,328,328,328,328,0
2022-05-04 12:22:00,328,328,328,328,0
2022-05-04 12:23:00,328,328,328,328,0
2022-05-04 12:24:00,328,328,328,328,0
2022-05-04 12:25:00,328,328,328,328,0
2022-05-04 12:26:00,328,328,328,328,0
2022-05-04 12:27:00,328,328,328,328,0
2022-05-04 12:28:00,328,328,328,328,0
2022-05-04 12:29:00,328,328,328,328,0
2022-05-04 12:30:00,328,328,328,328,0
2022-05-04 12:31:00,328,328,328,328,0
2022-05-04 12:32:00,328,328,328,328,0
2022-05-04 12:33:00,328,328,328,328,0
2022-05-04 12:34:00,328,328,328,328,0
2022-05-04 12:35:00,328,328,328,328,0
2022-05-04 12:36:00,328,328,328,328,0
2022-05-04 12:37:00,328,328,328,328,0
2022-05-04 12:38:00,328,328,328,328,0
2022-05-04 12:39:00,328,328,328,328,0
2022-05-04 12:40:00,328,328,328,328,0
2022-05-04 12:41:00,328,328,328,328,0
2022-05-04 12:42:00,328,328,328,328,0
2022-05-04 12:43:00,328,328,328,328,0
2022-05-04 12:44:00,328,328,328,328,0
2022-05-04 12:45:00,328,328,328,328,0
2022-05-04 12:46:00,328,328,328,328,0
2022-05-04 12:47:00,328,328,328,328,0
2022-05-04 12:48:00,328,328,328,328,0
2022-05-04 12:49:00,328,328,328,328,0
2022-05-04 12:50:00,328,328,328,328,0
2022-05-04 12:51:00,328,328,328,328,0
2022-05-04 12:52:00,328,328,328,328,0
2022-05-04 12:53:00,328,328,328,328,0
2022-05-04 12:54:00,328,328,328,328,0
2022-05-04 12:55:00,328,328,328,328,0
2022-05-04 12:56:00,328,328,328,328,0
2022-05-04 12:57:00,328,328,328,328,0
2022-05-04 12:58:00,328,328,328,328,0
2022-05-04 12:59:00,328,328,328,328,0
2022-05-04 13:00:00,328,328,328,328,0
2022-05-04 13:01:00,328,328,328,328,0
2022-05-04 13:02:00,328,328,328,328,0
2022-05-04 13:03:00,328,328,328,328,0
2022-05-04 13:04:00,328,328,328,328,0
2022-05-04 13:05:00,328,328,328,328,0
2022-05-04 13:06:00,328,328,328,328,0
2022-05-04 13:07:00,328,328,328,328,0
2022-05-04 13:08:00,328,328,328,328,0
2022-05-04 13:09:00,328,328,328,328,0
2022-05-04 13:10:00,328,328,328,328,0
2022-05-04 13:11:00,328,328,328,328,0
2022-05-04 13:12:00,328,328,328,328,0
2022-05-04 13:13:00,328,328,328,328,0
2022-05-04 13:14:00,328,328,328,328,0
2022-05-04 13:15:00,328,328,328,328,0
2022-05-04 13:16:00,328,328,328,328,0
2022-05-04 13:17:00,328,328,328,328,0
2022-05-04 13:18:00,328,328,328,328,0
2022-05-04 13:19:00,328,328,328,328,0
2022-05-04 13:20:00,328,328,328,328,0
2022-05-04 13:21:00,328,328,328,328,0
2022-05-04 13:22:00,328,328,328,328,0
2022-05-04 13:23:00,328,328,328,328,0
2022-05-04 13:24:00,328,328,328,328,0
2022-05-04 13:25:00,328,328,328,328,0
2022-05-04 13:26:00,328,328,328,328,0
2022-05-04 13:27:00,328,328,328,328,0
2022-05-04 13:28:00,328,328,328,328,0
2022-05-04 13:29:00,328,328,328,328,0
2022-05-04 13:30:00,328,328,328,328,0
2022-05-04 13:31:00,328,328,328,328,0
2022-05-04 13:32:00,328,328,328,328,0
2022-05-04 13:33:00,328,328,328,328,0
2022-05-04 13:34:00,328,328,328,328,0
2022-05-04 13:35:00,328,328,328,328,0
2022-05-04 13:36:00,328,328,328,328,0
2022-05-04 13:37:00,328,328,328,328,0
2022-05-04 13:38:00,328,328,328,328,0
2022-05-04 13:39:00,328,328,328,328,0
2022-05-04 13:40:00,328,328,328,328,0
2022-05-04 13:41:00,328,328,328,328,0
2022-05-04 13:42:00,328,328,328,328,0
2022-05-04 13:43:00,328,328,328,328,0
2022-05-04 13:44:00,328,328,328,328,0
2022-05-04 13:45:00,328,328,328,328,0
2022-05-04 13:46:00,328,328,328,328,0
2022-05-04 13:47:00,328,328,328,328,0
2022-05-04 13:48:00,328,328,328,328,0
2022-05-04 13:49:00,328,328,328,328,0
2022-05-04 13:50:00,328,328,328,328,0
2022-05-04 13:51:00,328,328,328,328,0
2022-05-04 13:52:00,328,328,328,328,0
2022-05-04 13:53:00,328,328,328,328,0
2022-05-04 13:54:00,328,328,328,328,0
2022-05-04 13:55:00,328,328,328,328,0
2022-05-04 13:56:00,328,328,328,328,0
2022-05-04 13:57:00,328,328,328,328,0
2022-05-04 13:58:00,328,328,328,328,0
2022-05-04 13:59:00,328,328,328,328,0
2022-05-04 14:00:00,328,328,328,328,0
2022-05-04 14:01:00,328,328,328,328,0
2022-05-04 14:02:00,328,328,328,328,0
2022-05-04 14:03:00,328,328,328,328,0
2022-05-04 14:04:00,328,328,328,328,0
2022-05-04 14:05:00,328,328,328,328,0
2022-05-04 14:06:00,328,328,328,328,0
2022-05-04 14:07:00,328,328,328,328,0
2022-05-04 14:08:00,328,328,328,328,0
2022-05-04 14:09:00,328,328,328,328,0
2022-05-04 14:10:00,328,328,328,328,0
2022-05-04 14:11:00,328,328,328,328,0
2022-05-04 14:12:00,328,328,328,328,0
2022-05-04 14:13:00,328,328,328,328,0
2022-05-04 14:14:00,328,328,328,328,0
2022-05-04 14:15:00,328,328,328,328,0
2022-05-04 14:16:00,328,328,328,328,0
2022-05-04 14:17:00,328,328,328,328,0
2022-05-04 14:18:00,328,328,328,328,0
2022-05-04 14:19:00,328,328,328,328,0
2022-05-04 14:20:00,328,328,328,328,0
2022-05-04 14:21:00,328,328,328,328,0
2022-05-04 14:22:00,328,328,328,328,0
2022-05-04 14:23:00,328,328,328,328,0
2022-05-04 14:24:00,328,328,328,328,0
2022-05-04 14:25:00,328,328,328,328,0
2022-05-04 14:26:00,328,328,328,328,0
2022-05-04 14:27:00,328,328,328,328,0
2022-05-04 14:28:00,328,328,328,328,0
2022-05-04 14:29:00,328,328,328,328,0
2022-05-04 14:30:00,328,328,328,328,0
2022-05-04 14:31:00,328,328,328,328,0
2022-05-04 14:32:00,328,328,328,328,0
2022-05-04 14:33:00,328,328,328,328,0
2022-05-04 14:34:00,328,328,328,328,0
2022-05-04 14:35:00,328,328,328,328,0
2022-05-04 14:36:00,328,328,328,328,0
2022-05-04 14:37:00,328,328,328,328,0
2022-05-04 14:38:00,328,328,328,328,0
2022-05-04 14:39:00,328,328,328,328,0
2022-05-04 14:40:00,328,328,328,328,0
2022-05-04 14:41:00,328,328,328,328,0
2022-05-04 14:42:00,328,328,328,328,0
2022-05-04 14:43:00,328,328,328,328,0
2022-05-04 14:44:00,328,328,328,328,0
2022-05-04 14:45:00,328,328,328,328,0
2022-05-04 14:46:00,328,328,328,328,0
2022-05-04 14:47:00,328,328,328,328,0
2022-05-04 14:48:00,328,328,328,328,0
2022-05-04 14:49:00,328,328,328,328,0
2022-05-04 14:50:00,328,328,328,328,0
2022-05-04 14:51:00,328,328,328,328,0
2022-05-04 14:52:00,328,328,328,328,0
2022-05-04 14:53:00,328,328,328,328,0
2022-05-04 14:54:00,328,328,328,328,0
2022-05-04 14:55:00,328,328,328,328,0
2022-05-04 14:56:00,328,328,328,328,0
2022-05-04 14:57:00,328,328,328,328,0
2022-05-04 14:58:00,328,328,328,328,0
2022-05-04 14:59:00,328,328,328,328,0
2022-05-04 15:00:00,328,328,328,328,0
2022-05-04 15:01:00,328,328,328,328,0
2022-05-04 15:02:00,328,328,328,328,0
2022-05-04 15:03:00,328,328,328,328,0
2022-05-04 15:04:00,328,328,328,328,0
2022-05-04 15:05:00,328,328,328,328,0
2022-05-04 15:06:00,328,328,328,328,0
2022-05-04 15:07:00,328,328,328,328,0
2022-05-04 15:08:00,328,328,328,328,0
2022-05-04 15:09:00,328,328,328,328,0
2022-05-04 15:10:00,328,328,328,328,0
2022-05-04 15:11:00,328,328,328,328,0
2022-05-04 15:12:00,328,328,328,328,0
2022-05-04 15:13:00,328,328,328,328,0
2022-05-04 15:14:00,328,328,328,328,0
2022-05-04 15:15:00,328,328,328,328,0
2022-05-04 15:16:00,328,328,328,328,0
2022-05-04 15:17:00,328,328,328,328,0
2022-05-04 15:18:00,328,328,328,328,0
2022-05-04 15:19:00,328,328,328,328,0
2022-05-04 15:20:00,328,328,328,328,0
2022-05-04 15:21:00,328,328,328,328,0
2022-05-04 15:22:00,328,328,328,328,0
2022-05-04 15:23:00,328,328,328,328,0
2022-05-04 15:24:00,328,328,328,328,0
2022-05-04 15:25:00,328,328,328,328,0
2022-05-04 15:26:00,328,328,328,328,0
2022-05-04 15:27:00,328,328,328,328,0
2022-05-04 15:28:00,328,328,328,328,0
2022-05-04 15:29:00,328,328,328,328,0
2022-05-04 15:30:00,328,328,328,328,0
2022-05-04 15:31:00,328,328,328,328,0
2022-05-04 15:32:00,328,328,328,328,0
2022-05-04 15:33:00,328,328,328,328,0
2022-05-04 15:34:00,328,328,328,328,0
2022-05-04 15:35:00,328,328,328,328,0
2022-05-04 15:36:00,328,328,328,328,0
2022-05-04 15:37:00,328,328,328,328,0
2022-05-04 15:38:00,328,328,328,328,0
2022-05-04 15:39:00,328,328,328,328,0
2022-05-04 15:40:00,328,328,328,328,0
2022-05-04 15:41:00,328,328,328,328,0
2022-05-04 15:42:00,328,328,328,328,0
2022-05-04 15:43:00,328,328,328,328,0
2022-05-04 15:44:00,328,328,328,328,0
2022-05-04 15:45:00,328,328,328,328,0
2022-05-04 15:46:00,328,328,328,328,0
2022-05-04 15:47:00,328,328,328,328,0
2022-05-04 15:48:00,328,328,328,328,0
2022-05-04 15:49:00,328,328,328,328,0
2022-05-04 15:50:00,328,328,328,328,0
2022-05-04 15:51:00,328,328,328,328,0
2022-05-04 15:52:00,328,328,328,328,0
2022-05-04 15:53:00,328,328,328,328,0
2022-05-04 15:54:00,328,328,328,328,0
2022-05-04 15:55:00,328,328,328,328,0
2022-05-04 15:56:00,328,328,328,328,0
2022-05-04 15:57:00,328,328,328,328,0
2022-05-04 15:58:00,328,328,328,328,0
2022-05-04 15:59:00,328,328,328,328,0
2022-05-05 09:00:00,328,328,328,328,0
2022-05-05 09:01:00,328,328,328,328,0
2022-05-05 09:02:00,328,328,328,328,0
2022-05-05 09:03:00,328,328,328,328,0
2022-05-05 09:04:00,328,328,328,328,0
2022-05-05 09:05:00,328,328,328,328,0
2022-05-05 09:06:00,328,328,328,328,0
2022-05-05 09:07:00,328,328,328,328,0
2022-05-05 09:08:00,328,328,328,328,0
2022-05-05 09:09:00,328,328,328,328,0
2022-05-05 09:10:00,328,328,328,328,0
2022-05-05 09:11:00,328,328,328,328,0
2022-05-05 09:12:00,328,328,328,328,0
2022-05-05 09:13:00,328,328,328,328,0
2022-05-05 09:14:00,328,328,328,328,0
2022-05-05 09:15:00,328,328,328,328,0
2022-05-05 09:16:00,328,328,328,328,0
2022-05-05 09:17:00,328,328,328,328,0
2022-05-05 09:18:00,328,328,328,328,0
2022-05-05 09:19:00,328,328,328,328,0
2022-05-05 09:20:00,328,328,328,328,0
2022-05-05 09:21:00,328,328,328,328,0
2022-05-05 09:22:00,328,328,328,328,0
2022-05-05 09:23:00,328,328,328,328,0
2022-05-05 09:24:00,328,328,328,328,0
2022-05-05 09:25:00,328,328,328,328,0
2022-05-05 09:26:00,328,328,328,328,0
2022-05-05 09:27:00,328,328,328,328,0
2022-05-05 09:28:00,328,328,328,328,0
2022-05-05 09:29:00,328,328,328,328,0
2022-05-05 09:30:00,328,328,328,328,0
2022-05-05 09:31:00,328,328,328,328,0
2022-05-05 09:32:00,328,328,328,328,0
2022-05-05 09:33:00,328,328,328,328,0
2022-05-05 09:34:00,328,328,328,328,0
2022-05-05 09:35:00,328,328,328,328,0
2022-05-05 09:36:00,328,328,328,328,0
2022-05-05 09:37:00,328,328,328,328,0
2022-05-05 09:38:00,328,328,328,328,0
2022-05-05 09:39:00,328,328,328,328,0
2022-05-05 09:40:00,328,328,328,328,0
2022-05-05 09:41:00,328,328,328,328,0
2022-05-05 09:42:00,328,328,328,328,0
2022-05-05 09:43:00,328,328,328,328,0
2022-05-05 09:44:00,328,328,328,328,0
2022-05-05 09:45:00,328,328,328,328,0
2022-05-05 09:46:00,328,328,328,328,0
2022-05-05 09:47:00,328,328,328,328,0
2022-05-05 09:48:00,328,328,328,328,0
2022-05-05 09:49:00,328,328,328,328,0
2022-05-05 09:50:00,328,328,328,328,0
2022-05-05 09:51:00,328,328,328,328,0
2022-05-05 09:52:00,328,328,328,328,0
2022-05-05 09:53:00,328,328,328,328,0
2022-05-05 09:54:00,328,328,328,328,0
2022-05-05 09:55:00,328,328,328,328,0
2022-05-05 09:56:00,328,328,328,328,0
2022-05-05 09:57:00,328,328,328,328,0
2022-05-05 09:58:00,328,328,328,328,0
2022-05-05 09:59:00,328,328,328,328,0
2022-05-05 10:00:00,328,328,328,328,0
2022-05-05 10:01:00,328,328,328,328,0
2022-05-05 10:02:00,328,328,328,328,0
2022-05-05 10:03:00,328,328,328,328,0
2022-05-05 10:04:00,328,328,328,328,0
2022-05-05 10:05:00,328,328,328,328,0
2022-05-05 10:06:00,328,328,328,328,0
2022-05-05 10:07:00,328,328,328,328,0
2022-05-05 10:08:00,328,328,328,328,0
2022-05-05 10:09:00,328,328,328,328,0
2022-05-05 10:10:00,328,328,328,328,0
2022-05-05 10:11:00,328,328,328,328,0
2022-05-05 10:12:00,328,328,328,328,0
2022-05-05 10:13:00,328,328,328,328,0
2022-05-05 10:14:00,328,328,328,328,0
2022-05-05 10:15:00,328,328,328,328,0
2022-05-05 10:16:00,328,328,328,328,0
2022-05-05 10:17:00,328,328,328,328,0
2022-05-05 10:18:00,328,328,328,328,0
2022-05-05 10:19:00,328,328,328,328,0
2022-05-05 10:20:00,328,328,328,328,0
2022-05-05 10:21:00,328,328,328,328,0
2022-05-05 10:22:00,328,328,328,328,0
2022-05-05 10:23:00,328,328,328,328,0
2022-05-05 10:24:00,328,328,328,328,0
2022-05-05 10:25:00,328,328,328,328,0
2022-05-05 10:26:00,328,328,328,328,0
2022-05-05 10:27:00,328,328,328,328,0
2022-05-05 10:28:00,328,328,328,328,0
2022-05-05 10:29:00,328,328,328,328,0
2022-05-05 10:30:00,328,328,328,328,0
2022-05-05 10:31:00,328,328,328,328,0
2022-05-05 10:32:00,328,328,328,328,0
2022-05-05 10:33:00,328,328,328,328,0
2022-05-05 10:34:00,328,328,328,328,0
2022-05-05 10:35:00,328,328,328,328,0
2022-05-05 10:36:00,328,328,328,328,0
2022-05-05 10:37:00,328,328,328,328,0
2022-05-05 10:38:00,328,328,328,328,0
2022-05-05 10:39:00,328,328,328,328,0
2022-05-05 10:40:00,328,328,328,328,0
2022-05-05 10:41:00,328,328,328,328,0
2022-05-05 10:42:00,328,328,328,328,0
2022-05-05 10:43:00,328,328,328,328,0
2022-05-05 10:44:00,328,328,328,328,0
2022-05-05 10:45:00,328,328,328,328,0
2022-05-05 10:46:00,328,328,328,328,0
2022-05-05 10:47:00,328,328,328,328,0
2022-05-05 10:48:00,328,328,328,328,0
2022-05-05 10:49:00,328,328,328,328,0
2022-05-05 10:50:00,328,328,328,328,0
2022-05-05 10:51:00,328,328,328,328,0
2022-05-05 10:52:00,328,328,328,328,0
2022-05-05 10:53:00,328,328,328,328,0
2022-05-05 10:54:00,328,328,328,328,0
2022-05-05 10:55:00,328,328,328,328,0
2022-05-05 10:56:00,328,328,328,328,0
2022-05-05 10:57:00,328,328,328,328,0
2022-05-05 10:58:00,328,328,328,328,0
2022-05-05 10:59:00,328,328,328,328,0
2022-05-05 11:00:00,328,328,328,328,0
2022-05-05 11:01:00,328,328,328,328,0
2022-05-05 11:02:00,328,328,328,328,0
2022-05-05 11:03:00,328,328,328,328,0
2022-05-05 11:04:00,328,328,328,328,0
2022-05-05 11:05:00,328,328,328,328,0
2022-05-05 11:06:00,328,328,328,328,0
2022-05-05 11:07:00,328,328,328,328,0
2022-05-05 11:08:00,328,328,328,328,0
2022-05-05 11:09:00,328,328,328,328,0
2022-05-05 11:10:00,328,328,328,328,0
2022-05-05 11:11:00,328,328,328,328,0
2022-05-05 11:12:00,328,328,328,328,0
2022-05-05 11:13:00,328,328,328,328,0
2022-05-05 11:14:00,328,328,328,328,0
2022-05-05 11:15:00,328,328,328,328,0
2022-05-05 11:16:00,328,328,328,328,0
2022-05-05 11:17:00,328,328,328,328,0
2022-05-05 11:18:00,328,328,328,328,0
2022-05-05 11:19:00,328,328,328,328,0
2022-05-05 11:20:00,328,328,328,328,0
2022-05-05 11:21:00,328,328,328,328,0
2022-05-05 11:22:00,328,328,328,328,0
2022-05-05 11:23:00,328,328,328,328,0
2022-05-05 11:24:00,328,328,328,328,0
2022-05-05 11:25:00,328,328,328,328,0
2022-05-05 11:26:00,328,328,328,328,0
2022-05-05 11:27:00,328,328,328,328,0
2022-05-05 11:28:00,328,328,328,328,0
2022-05-05 11:29:00,328,328,328,328,0
2022-05-05 11:30:00,328,328,328,328,0
2022-05-05 11:31:00,328,328,328,328,0
2022-05-05 11:32:00,328,328,328,328,0
2022-05-05 11:33:00,328,328,328,328,0
2022-05-05 11:34:00,328,328,328,328,0
2022-05-05 11:35:00,328,328,328,328,0
2022-05-05 11:36:00,328,328,328,328,0
2022-05-05 11:37:00,328,328,328,328,0
2022-05-05 11:38:00,328,328,328,328,0
2022-05-05 11:39:00,328,328,328,328,0
2022-05-05 11:40:00,328,328,328,328,0
2022-05-05 11:41:00,328,328,328,328,0
2022-05-05 11:42:00,328,328,328,328,0
2022-05-05 11:43:00,328,328,328,328,0
2022-05-05 11:44:00,328,328,328,328,0
2022-05-05 11:45:00,328,328,328,328,0
2022-05-05 11:46:00,328,328,328,328,0
2022-05-05 11:47:00,328,328,328,328,0
2022-05-05 11:48:00,328,328,328,328,0
2022-05-05 11:49:00,328,328,328,328,0
2022-05-05 11:50:00,328,328,328,328,0
2022-05-05 11:51:00,328,328,328,328,0
2022-05-05 11:52:00,328,328,328,328,0
2022-05-05 11:53:00,328,328,328,328,0
2022-05-05 11:54:00,328,328,328,328,0
2022-05-05 11:55:00,328,328,328,328,0
2022-05-05 11:56:00,328,328,328,328,0
2022-05-05 11:57:00,328,328,328,328,0
2022-05-05 11:58:00,328,328,328,328,0
2022-05-05 11:59:00,328,328,328,328,0
2022-05-05 12:00:00,328,328,328,328,0
2022-05-05 12:01:00,328,328,328,328,0
2022-05-05 12:02:00,328,328,328,328,0
2022-05-05 12:03:00,328,328,328,328,0
2022-05-05 12:04:00,328,328,328,328,0
2022-05-05 12:05:00,328,328,328,328,0
2022-05-05 12:06:00,328,328,328,328,0
2022-05-05 12:07:00,328,328,328,328,0
2022-05-05 12:08:00,328,328,328,328,0
2022-05-05 12:09:00,328,328,328,328,0
2022-05-05 12:10:00,328,328,328,328,0
2022-05-05 12:11:00,328,328,328,328,0
2022-05-05 12:12:00,328,328,328,328,0
2022-05-05 12:13:00,328,328,328,328,0
2022-05-05 12:14:00,328,328,328,328,0
2022-05-05 12:15:00,328,328,328,328,0
2022-05-05 12:16:00,328,328,328,328,0
2022-05-05 12:17:00,328,328,328,328,0
2022-05-05 12:18:00,328,328,328,328,0
2022-05-05 12:19:00,328,328,328,328,0
2022-05-05 12:20:00,328,328,328,328,0
2022-05-05 12:21:00,328,328,328,328,0
2022-05-05 12:22:00,328,328,328,328,0
2022-05-05 12:23:00,328,328,328,328,0
2022-05-05 12:24:00,328,328,328,328,0
2022-05-05 12:25:00,328,328,328,328,0
2022-05-05 12:26:00,328,328,328,328,0
2022-05-05 12:27:00,328,328,328,328,0
2022-05-05 12:28:00,328,328,328,328,0
2022-05-05 12:29:00,328,328,328,328,0
2022-05-05 12:30:00,328,328,328,328,0
2022-05-05 12:31:00,328,328,328,328,0
2022-05-05 12:32:00,328,328,328,328,0
2022-05-05 12:33:00,328,328,328,328,0
2022-05-05 12:34:00,328,328,328,328,0
2022-05-05 12:35:00,328,328,328,328,0
2022-05-05 12:36:00,328,328,328,328,0
2022-05-05 12:37:00,328,328,328,328,0
2022-05-05 12:38:00,328,328,328,328,0
2022-05-05 12:39:00,328,328,328,328,0
2022-05-05 12:40:00,328,328,328,328,0
2022-05-05 12:41:00,328,328,328,328,0
2022-05-05 12:42:00,328,328,328,328,0
2022-05-05 12:43:00,328,328,328,328,0
2022-05-05 12:44:00,328,328,328,328,0
2022-05-05 12:45:00,328,328,328,328,0
2022-05-05 12:46:00,328,328,328,328,0
2022-05-05 12:47:00,328,328,328,328,0
2022-05-05 12:48:00,328,328,328,328,0
2022-05-05 12:49:00,328,328,328,328,0
2022-05-05 12:50:00,328,328,328,328,0
2022-05-05 12:51:00,328,328,328,328,0
2022-05-05 12:52:00,328,328,328,328,0
2022-05-05 12:53:00,328,328,328,328,0
2022-05-05 12:54:00,328,328,328,328,0
2022-05-05 12:55:00,328,328,328,328,0
2022-05-05 12:56:00,328,328,328,328,0
2022-05-05 12:57:00,328,328,328,328,0
2022-05-05 12:58:00,328,328,328,328,0
2022-05-05 12:59:00,328,328,328,328,0
2022-05-05 13:00:00,328,328,328,328,0
2022-05-05 13:01:00,328,328,328,328,0
2022-05-05 13:02:00,328,328,328,328,0
2022-05-05 13:03:00,328,328,328,328,0
2022-05-05 13:04:00,328,328,328,328,0
2022-05-05 13:05:00,328,328,328,328,0
2022-05-05 13:06:00,328,328,328,328,0
2022-05-05 13:07:00,328,328,328,328,0
2022-05-05 13:08:00,328,328,328,328,0
2022-05-05 13:09:00,328,328,328,328,0
2022-05-05 13:10:00,328,328,328,328,0
2022-05-05 13:11:00,328,328,328,328,0
2022-05-05 13:12:00,328,328,328,328,0
2022-05-05 13:13:00,328,328,328,328,0
2022-05-05 13:14:00,328,328,328,328,0
2022-05-05 13:15:00,328,328,328,328,0
2022-05-05 13:16:00,328,328,328,328,0
2022-05-05 13:17:00,328,328,328,328,0
2022-05-05 13:18:00,328,328,328,328,0
2022-05-05 13:19:00,328,328,328,328,0
2022-05-05 13:20:00,328,328,328,328,0
2022-05-05 13:21:00,328,328,328,328,0
2022-05-05 13:22:00,328,328,328,328,0
2022-05-05 13:23:00,328,328,328,328,0
2022-05-05 13:24:00,328,328,328,328,0
2022-05-05 13:25:00,328,328,328,328,0
2022-05-05 13:26:00,328,328,328,328,0
2022-05-05 13:27:00,328,328,328,328,0
2022-05-05 13:28:00,328,328,328,328,0
2022-05-05 13:29:00,328,328,328,328,0
2022-05-05 13:30:00,328,328,328,328,0
2022-05-05 13:31:00,328,328,328,328,0
2022-05-05 13:32:00,328,328,328,328,0
2022-05-05 13:33:00,328,328,328,328,0
2022-05-05 13:34:00,328,328,328,328,0
2022-05-05 13:35:00,328,328,328,328,0
2022-05-05 13:36:00,328,328,328,328,0
2022-05-05 13:37:00,328,328,328,328,0
2022-05-05 13:38:00,328,328,328,328,0
2022-05-05 13:39:00,328,328,328,328,0
2022-05-05 13:40:00,328,328,328,328,0
2022-05-05 13:41:00,328,328,328,328,0
2022-05-05 13:42:00,328,328,328,328,0
2022-05-05 13:43:00,328,328,328,328,0
2022-05-05 13:44:00,328,328,328,328,0
2022-05-05 13:45:00,328,328,328,328,0
2022-05-05 13:46:00,328,328,328,328,0
2022-05-05 13:47:00,328,328,328,328,0
2022-05-05 13:48:00,328,328,328,328,0
2022-05-05 13:49:00,328,328,328,328,0
2022-05-05 13:50:00,328,328,328,328,0
2022-05-05 13:51:00,328,328,328,328,0
2022-05-05 13:52:00,328,328,328,328,0
2022-05-05 13:53:00,328,328,328,328,0
2022-05-05 13:54:00,328,328,328,328,0
2022-05-05 13:55:00,328,328,328,328,0
2022-05-05 13:56:00,328,328,328,328,0
2022-05-05 13:57:00,328,328,328,328,0
2022-05-05 13:58:00,328,328,328,328,0
2022-05-05 13:59:00,328,328,328,328,0
2022-05-05 14:00:00,328,328,328,328,0
2022-05-05 14:01:00,328,328,328,328,0
2022-05-05 14:02:00,328,328,328,328,0
2022-05-05 14:03:00,328,328,328,328,0
2022-05-05 14:04:00,328,328,328,328,0
2022-05-05 14:05:00,328,328,328,328,0
2022-05-05 14:06:00,328,328,328,328,0
2022-05-05 14:07:00,328,328,328,328,0
2022-05-05 14:08:00,328,328,328,328,0
2022-05-05 14:09:00,328,328,328,328,0
2022-05-05 14:10:00,328,328,328,328,0
2022-05-05 14:11:00,328,328,328,328,0
2022-05-05 14:12:00,328,328,328,328,0
2022-05-05 14:13:00,328,328,328,328,0
2022-05-05 14:14:00,328,328,328,328,0
2022-05-05 14:15:00,328,328,328,328,0
2022-05-05 14:16:00,328,328,328,328,0
2022-05-05 14:17:00,328,328,328,328,0
2022-05-05 14:18:00,328,328,328,328,0
2022-05-05 14:19:00,328,328,328,328,0
2022-05-05 14:20:00,328,328,328,328,0
2022-05-05 14:21:00,328,328,328,328,0
2022-05-05 14:22:00,328,328,328,328,0
2022-05-05 14:23:00,328,328,328,328,0
2022-05-05 14:24:00,328,328,328,328,0
2022-05-05 14:25:00,328,328,328,328,0
2022-05-05 14:26:00,328,328,328,328,0
2022-05-05 14:27:00,328,328,328,328,0
2022-05-05 14:28:00,328,328,328,328,0
2022-05-05 14:29:00,328,328,328,328,0
2022-05-05 14:30:00,328,328,328,328,0
2022-05-05 14:31:00,328,328,328,328,0
2022-05-05 14:32:00,328,328,328,328,0
2022-05-05 14:33:00,328,328,328,328,0
2022-05-05 14:34:00,328,328,328,328,0
2022-05-05 14:35:00,328,328,328,328,0
2022-05-05 14:36:00,328,328,328,328,0
2022-05-05 14:37:00,328,328,328,328,0
2022-05-05 14:38:00,328,328,328,328,0
2022-05-05 14:39:00,328,328,328,328,0
2022-05-05 14:40:00,328,328,328,328,0
2022-05-05 14:41:00,328,328,328,328,0
2022-05-05 14:42:00,328,328,328,328,0
2022-05-05 14:43:00,328,328,328,328,0
2022-05-05 14:44:00,328,328,328,328,0
2022-05-05 14:45:00,328,328,328,328,0
2022-05-05 14:46:00,328,328,328,328,0
2022-05-05 14:47:00,328,328,328,328,0
2022-05-05 14:48:00,328,328,328,328,0
2022-05-05 14:49:00,328,328,328,328,0
2022-05-05 14:50:00,328,328,328,328,0
2022-05-05 14:51:00,328,328,328,328,0
2022-05-05 14:52:00,328,328,328,328,0
2022-05-05 14:53:00,328,328,328,328,0
2022-05-05 14:54:00,328,328,328,328,0
2022-05-05 14:55:00,328,328,328,328,0
2022-05-05 14:56:00,328,328,328,328,0
2022-05-05 14:57:00,328,328,328,328,0
2022-05-05 14:58:00,328,328,328,328,0
2022-05-05 14:59:00,328,328,328,328,0
2022-05-05 15:00:00,328,328,328,328,0
2022-05-05 15:01:00,328,328,328,328,0
2022-05-05 15:02:00,328,328,328,328,0
2022-05-05 15:03:00,328,328,328,328,0
2022-05-05 15:04:00,328,328,328,328,0
2022-05-05 15:05:00,328,328,328,328,0
2022-05-05 15:06:00,328,328,328,328,0
2022-05-05 15:07:00,328,328,328,328,0
2022-05-05 15:08:00,328,328,328,328,0
2022-05-05 15:09:00,328,328,328,328,0
2022-05-05 15:10:00,328,328,328,328,0
2022-05-05 15:11:00,328,328,328,328,0
2022-05-05 15:12:00,328,328,328,328,0
2022-05-05 15:13:00,328,328,328,328,0
2022-05-05 15:14:00,328,328,328,328,0
2022-05-05 15:15:00,328,328,328,328,0
2022-05-05 15:16:00,328,328,328,328,0
2022-05-05 15:17:00,328,328,328,328,0
2022-05-05 15:18:00,328,328,328,328,0
2022-05-05 15:19:00,328,328,328,328,0
2022-05-05 15:20:00,328,328,328,328,0
2022-05-05 15:21:00,328,328,328,328,0
2022-05-05 15:22:00,328,328,328,328,0
2022-05-05 15:23:00,328,328,328,328,0
2022-05-05 15:24:00,328,328,328,328,0
2022-05-05 15:25:00,328,328,328,328,0
2022-05-05 15:26:00,328,328,328,328,0
2022-05-05 15:27:00,328,328,328,328,0
2022-05-05 15:28:00,328,328,328,328,0
2022-05-05 15:29:00,328,328,328,328,0
2022-05-05 15:30:00,328,328,328,328,0
2022-05-05 15:31:00,328,328,328,328,0
2022-05-05 15:32:00,328,328,328,328,0
2022-05-05 15:33:00,328,328,328,328,0
2022-05-05 15:34:00,328,328,328,328,0
2022-05-05 15:35:00,328,328,328,328,0
2022-05-05 15:36:00,328,328,328,328,0
2022-05-05 15:37:00,328,328,328,328,0
2022-05-05 15:38:00,328,328,328,328,0
2022-05-05 15:39:00,328,328,328,328,0
2022-05-05 15:40:00,328,328,328,328,0
2022-05-05 15:41:00,328,328,328,328,0
2022-05-05 15:42:00,328,328,328,328,0
2022-05-05 15:43:00,328,328,328,328,0
2022-05-05 15:44:00,328,328,328,328,0
2022-05-05 15:45:00,328,328,328,328,0
2022-05-05 15:46:00,328,328,328,328,0
2022-05-05 15:47:00,328,328,328,328,0
2022-05-05 15:48:00,328,328,328,328,0
2022-05-05 15:49:00,328,328,328,328,0
2022-05-05 15:50:00,328,328,328,328,0
2022-05-05 15:51:00,328,328,328,328,0
2022-05-05 15:52:00,328,328,328,328,0
2022-05-05 15:53:00,328,328,328,328,0
2022-05-05 15:54:00,328,328,328,328,0
2022-05-05 15:55:00,328,328,328,328,0
2022-05-05 15:56:00,328,328,328,328,0
2022-05-05 15:57:00,328,328,328,328,0
2022-05-05 15:58:00,328,328,328,328,0
2022-05-05 15:59:00,328,328,328,328,0
2022-05-06 09:00:00,328,328,328,328,0
2022-05-06 09:01:00,328,328,328,328,0
2022-05-06 09:02:00,328,328,328,328,0
2022-05-06 09:03:00,328,328,328,328,0
2022-05-06 09:04:00,328,328,328,328,0
2022-05-06 09:05:00,328,328,328,328,0
2022-05-06 09:06:00,328,328,328,328,0
2022-05-06 09:07:00,328,328,328,328,0
2022-05-06 09:08:00,328,328,328,328,0
2022-05-06 09:09:00,328,328,328,328,0
2022-05-06 09:10:00,328,328,328,328,0
2022-05-06 09:11:00,328,328,328,328,0
2022-05-06 09:12:00,328,328,328,328,0
2022-05-06 09:13:00,328,328,328,328,0
2022-05-06 09:14:00,328,328,328,328,0
2022-05-06 09:15:00,328,328,328,328,0
2022-05-06 09:16:00,328,328,328,328,0
2022-05-06 09:17:00,328,328,328,328,0
2022-05-06 09:18:00,328,328,328,328,0
2022-05-06 09:19:00,328,328,328,328,0
2022-05-06 09:20:00,328,328,328,328,0
2022-05-06 09:21:00,328,328,328,328,0
2022-05-06 09:22:00,328,328,328,328,0
2022-05-06 09:23:00,328,328,328,328,0
2022-05-06 09:24:00,328,328,328,328,0
2022-05-06 09:25:00,328,328,328,328,0
2022-05-06 09:26:00,328,328,328,328,0
2022-05-06 09:27:00,328,328,328,328,0
2022-05-06 09:28:00,328,328,328,328,0
2022-05-06 09:29:00,328,328,328,328,0
2022-05-06 09:30:00,328,328,328,328,0
2022-05-06 09:31:00,328,328,328,328,0
2022-05-06 09:32:00,328,328,328,328,0
2022-05-06 09:33:00,328,328,328,328,0
2022-05-06 09:34:00,328,328,328,328,0
2022-05-06 09:35:00,328,328,328,328,0
2022-05-06 09:36:00,328,328,328,328,0
2022-05-06 09:37:00,328,328,328,328,0
2022-05-06 09:38:00,328,328,328,328,0
2022-05-06 09:39:00,328,328,328,328,0
2022-05-06 09:40:00,328,328,328,328,0
2022-05-06 09:41:00,328,328,328,328,0
2022-05-06 09:42:00,328,328,328,328,0
2022-05-06 09:43:00,328,328,328,328,0
2022-05-06 09:44:00,328,328,328,328,0
2022-05-06 09:45:00,328,328,328,328,0
2022-05-06 09:46:00,328,328,328,328,0
2022-05-06 09:47:00,328,328,328,328,0
2022-05-06 09:48:00,328,328,328,328,0
2022-05-06 09:49:00,328,328,328,328,0
2022-05-06 09:50:00,328,328,328,328,0
2022-05-06 09:51:00,328,328,328,328,0
2022-05-06 09:52:00,328,328,328,328,0
2022-05-06 09:53:00,328,328,328,328,0
2022-05-06 09:54:00,328,328,328,328,0
2022-05-06 09:55:00,328,328,328,328,0
2022-05-06 09:56:00,328,328,328,328,0
2022-05-06 09:57:00,328,328,328,328,0
2022-05-06 09:58:00,328,328,328,328,0
2022-05-06 09:59:00,328,328,328,328,0
2022-05-06 10:00:00,328,328,328,328,0
2022-05-06 10:01:00,328,328,328,328,0
2022-05-06 10:02:00,328,328,328,328,0
2022-05-06 10:03:00,328,328,328,328,0
2022-05-06 10:04:00,328,328,328,328,0
2022-05-06 10:05:00,328,328,328,328,0
2022-05-06 10:06:00,328,328,328,328,0
2022-05-06 10:07:00,328,328,328,328,0
2022-05-06 10:08:00,328,328,328,328,0
2022-05-06 10:09:00,328,328,328,328,0
2022-05-06 10:10:00,328,328,328,328,0
2022-05-06 10:11:00,328,328,328,328,0
2022-05-06 10:12:00,328,328,328,328,0
2022-05-06 10:13:00,328,328,328,328,0
2022-05-06 10:14:00,328,328,328,328,0
2022-05-06 10:15:00,328,328,328,328,0
2022-05-06 10:16:00,328,328,328,328,0
2022-05-06 10:17:00,328,328,328,328,0
2022-05-06 10:18:00,328,328,328,328,0
2022-05-06 10:19:00,328,328,328,328,0
2022-05-06 10:20:00,328,328,328,328,0
2022-05-06 10:21:00,328,328,328,328,0
2022-05-06 10:22:00,328,328,328,328,0
2022-05-06 10:23:00,328,328,328,328,0
2022-05-06 10:24:00,328,328,328,328,0
2022-05-06 10:25:00,328,328,328,328,0
2022-05-06 10:26:00,328,328,328,328,0
2022-05-06 10:27:00,328,328,328,328,0
2022-05-06 10:28:00,328,328,328,328,0
2022-05-06 10:29:00,328,328,328,328,0
2022-05-06 10:30:00,328,328,328,328,0
2022-05-06 10:31:00,328,328,328,328,0
2022-05-06 10:32:00,328,328,328,328,0
2022-05-06 10:33:00,328,328,328,328,0
2022-05-06 10:34:00,328,328,328,328,0
2022-05-06 10:35:00,328,328,328,328,0
2022-05-06 10:36:00,328,328,328,328,0
2022-05-06 10:37:00,328,328,328,328,0
2022-05-06 10:38:00,328,328,328,328,0
2022-05-06 10:39:00,328,328,328,328,0
2022-05-06 10:40:00,328,328,328,328,0
2022-05-06 10:41:00,328,328,328,328,0
2022-05-06 10:42:00,328,328,328,328,0
2022-05-06 10:43:00,328,328,328,328,0
2022-05-06 10:44:00,328,328,328,328,0
2022-05-06 10:45:00,328,328,328,328,0
2022-05-06 10:46:00,328,328,328,328,0
2022-05-06 10:47:00,328,328,328,328,0
2022-05-06 10:48:00,328,328,328,328,0
2022-05-06 10:49:00,328,328,328,328,0
2022-05-06 10:50:00,328,328,328,328,0
2022-05-06 10:51:00,328,328,328,328,0
2022-05-06 10:52:00,328,328,328,328,0
2022-05-06 10:53:00,328,328,328,328,0
2022-05-06 10:54:00,328,328,328,328,0
2022-05-06 10:55:00,328,328,328,328,0
2022-05-06 10:56:00,328,328,328,328,0
2022-05-06 10:57:00,328,328,328,328,0
2022-05-06 10:58:00,328,328,328,328,0
2022-05-06 10:59:00,328,328,328,328,0
2022-05-06 11:00:00,328,328,328,328,0
2022-05-06 11:01:00,328,328,328,328,0
2022-05-06 11:02:00,328,328,328,328,0
2022-05-06 11:03:00,328,328,328,328,0
2022-05-06 11:04:00,328,328,328,328,0
2022-05-06 11:05:00,328,328,328,328,0
2022-05-06 11:06:00,328,328,328,328,0
2022-05-06 11:07:00,328,328,328,328,0
2022-05-06 11:08:00,328,328,328,328,0
2022-05-06 11:09:00,328,328,328,328,0
2022-05-06 11:10:00,328,328,328,328,0
2022-05-06 11:11:00,328,328,328,328,0
2022-05-06 11:12:00,328,328,328,328,0
2022-05-06 11:13:00,328,328,328,328,0
2022-05-06 11:14:00,328,328,328,328,0
2022-05-06 11:15:00,328,328,328,328,0
2022-05-06 11:16:00,328,328,328,328,0
2022-05-06 11:17:00,328,328,328,328,0
2022-05-06 11:18:00,328,328,328,328,0
2022-05-06 11:19:00,328,328,328,328,0
2022-05-06 11:20:00,328,328,328,328,0
2022-05-06 11:21:00,328,328,328,328,0
2022-05-06 11:22:00,328,328,328,328,0
2022-05-06 11:23:00,328,328,328,328,0
2022-05-06 11:24:00,328,328,328,328,0
2022-05-06 11:25:00,328,328,328,328,0
2022-05-06 11:26:00,328,328,328,328,0
2022-05-06 11:27:00,328,328,328,328,0
2022-05-06 11:28:00,328,328,328,328,0
2022-05-06 11:29:00,328,328,328,328,0
2022-05-06 11:30:00,328,328,328,328,0
2022-05-06 11:31:00,328,328,328,328,0
2022-05-06 11:32:00,328,328,328,328,0
2022-05-06 11:33:00,328,328,328,328,0
2022-05-06 11:34:00,328,328,328,328,0
2022-05-06 11:35:00,328,328,328,328,0
2022-05-06 11:36:00,328,328,328,328,0
2022-05-06 11:37:00,328,328,328,328,0
2022-05-06 11:38:00,328,328,328,328,0
2022-05-06 11:39:00,328,328,328,328,0
2022-05-06 11:40:00,328,328,328,328,0
2022-05-06 11:41:00,328,328,328,328,0
2022-05-06 11:42:00,328,328,328,328,0
2022-05-06 11:43:00,328,328,328,328,0
2022-05-06 11:44:00,328,328,328,328,0
2022-05-06 11:45:00,328,328,328,328,0
2022-05-06 11:46:00,328,328,328,328,0
2022-05-06 11:47:00,328,328,328,328,0
2022-05-06 11:48:00,328,328,328,328,0
2022-05-06 11:49:00,328,328,328,328,0
2022-05-06 11:50:00,328,328,328,328,0
2022-05-06 11:51:00,328,328,328,328,0
2022-05-06 11:52:00,328,328,328,328,0
2022-05-06 11:53:00,328,328,328,328,0
2022-05-06 11:54:00,328,328,328,328,0
2022-05-06 11:55:00,328,328,328,328,0
2022-05-06 11:56:00,328,328,328,328,0
2022-05-06 11:57:00,328,328,328,328,0
2022-05-06 11:58:00,328,328,328,328,0
2022-05-06 11:59:00,328,328,328,328,0
2022-05-06 12:00:00,328,328,328,328,0
2022-05-06 12:01:00,328,328,328,328,0
2022-05-06 12:02:00,328,328,328,328,0
2022-05-06 12:03:00,328,328,328,328,0
2022-05-06 12:04:00,328,328,328,328,0
2022-05-06 12:05:00,328,328,328,328,0
2022-05-06 12:06:00,328,328,328,328,0
2022-05-06 12:07:00,328,328,328,328,0
2022-05-06 12:08:00,328,328,328,328,0
2022-05-06 12:09:00,328,328,328,328,0
2022-05-06 12:10:00,328,328,328,328,0
2022-05-06 12:11:00,328,328,328,328,0
2022-05-06 12:12:00,328,328,328,328,0
2022-05-06 12:13:00,328,328,328,328,0
2022-05-06 12:14:00,328,328,328,328,0
2022-05-06 12:15:00,328,328,328,328,0
2022-05-06 12:16:00,328,328,328,328,0
2022-05-06 12:17:00,328,328,328,328,0
2022-05-06 12:18:00,328,328,328,328,0
2022-05-06 12:19:00,328,328,328,328,0
2022-05-06 12:20:00,328,328,328,328,0
2022-05-06 12:21:00,328,328,328,328,0
2022-05-06 12:22:00,328,328,328,328,0
2022-05-06 12:23:00,328,328,328,328,0
2022-05-06 12:24:00,328,328,328,328,0
2022-05-06 12:25:00,328,328,328,328,0
2022-05-06 12:26:00,328,328,328,328,0
2022-05-06 12:27:00,328,328,328,328,0
2022-05-06 12:28:00,328,328,328,328,0
2022-05-06 12:29:00,328,328,328,328,0
2022-05-06 12:30:00,328,328,328,328,0
2022-05-06 12:31:00,328,328,328,328,0
2022-05-06 12:32:00,328,328,328,328,0
2022-05-06 12:33:00,328,328,328,328,0
2022-05-06 12:34:00,328,328,328,328,0
2022-05-06 12:35:00,328,328,328,328,0
2022-05-06 12:36:00,328,328,328,328,0
2022-05-06 12:37:00,328,328,328,328,0
2022-05-06 12:38:00,328,328,328,328,0
2022-05-06 12:39:00,328,328,328,328,0
2022-05-06 12:40:00,328,328,328,328,0
2022-05-06 12:41:00,328,328,328,328,0
2022-05-06 12:42:00,328,328,328,328,0
2022-05-06 12:43:00,328,328,328,328,0
2022-05-06 12:44:00,328,328,328,328,0
2022-05-06 12:45:00,328,328,328,328,0
2022-05-06 12:46:00,328,328,328,328,0
2022-05-06 12:47:00,328,328,328,328,0
2022-05-06 12:48:00,328,328,328,328,0
2022-05-06 12:49:00,328,328,328,328,0
2022-05-06 12:50:00,328,328,328,328,0
2022-05-06 12:51:00,328,328,328,328,0
2022-05-06 12:52:00,328,328,328,328,0
2022-05-06 12:53:00,328,328,328,328,0
2022-05-06 12:54:00,328,328,328,328,0
2022-05-06 12:55:00,328,328,328,328,0
2022-05-06 12:56:00,328,328,328,328,0
2022-05-06 12:57:00,328,328,328,328,0
2022-05-06 12:58:00,328,328,328,328,0
2022-05-06 12:59:00,328,328,328,328,0
2022-05-06 13:00:00,328,328,328,328,0
2022-05-06 13:01:00,328,328,328,328,0
2022-05-06 13:02:00,328,328,328,328,0
2022-05-06 13:03:00,328,328,328,328,0
2022-05-06 13:04:00,328,328,328,328,0
2022-05-06 13:05:00,328,328,328,328,0
2022-05-06 13:06:00,328,328,328,328,0
2022-05-06 13:07:00,328,328,328,328,0
2022-05-06 13:08:00,328,328,328,328,0
2022-05-06 13:09:00,328,328,328,328,0
2022-05-06 13:10:00,328,328,328,328,0
2022-05-06 13:11:00,328,328,328,328,0
2022-05-06 13:12:00,328,328,328,328,0
2022-05-06 13:13:00,328,328,328,328,0
2022-05-06 13:14:00,328,328,328,328,0
2022-05-06 13:15:00,328,328,328,328,0
2022-05-06 13:16:00,328,328,328,328,0
2022-05-06 13:17:00,328,328,328,328,0
2022-05-06 13:18:00,328,328,328,328,0
2022-05-06 13:19:00,328,328,328,328,0
2022-05-06 13:20:00,328,328,328,328,0
2022-05-06 13:21:00,328,328,328,328,0
2022-05-06 13:22:00,328,328,328,328,0
2022-05-06 13:23:00,328,328,328,328,0
2022-05-06 13:24:00,328,328,328,328,0
2022-05-06 13:25:00,328,328,328,328,0
2022-05-06 13:26:00,328,328,328,328,0
2022-05-06 13:27:00,328,328,328,328,0
2022-05-06 13:28:00,328,328,328,328,0
2022-05-06 13:29:00,328,328,328,328,0
2022-05-06 13:30:00,328,328,328,328,0
2022-05-06 13:31:00,328,328,328,328,0
2022-05-06 13:32:00,328,328,328,328,0
2022-05-06 13:33:00,328,328,328,328,0
2022-05-06 13:34:00,328,328,328,328,0
2022-05-06 13:35:00,328,328,328,328,0
2022-05-06 13:36:00,328,328,328,328,0
2022-05-06 13:37:00,328,328,328,328,0
2022-05-06 13:38:00,328,328,328,328,0
2022-05-06 13:39:00,328,328,328,328,0
2022-05-06 13:40:00,328,328,328,328,0
2022-05-06 13:41:00,328,328,328,328,0
2022-05-06 13:42:00,328,328,328,328,0
2022-05-06 13:43:00,328,328,328,328,0
2022-05-06 13:44:00,328,328,328,328,0
2022-05-06 13:45:00,328,328,328,328,0
2022-05-06 13:46:00,328,328,328,328,0
2022-05-06 13:47:00,328,328,328,328,0
2022-05-06 13:48:00,328,328,328,328,0
2022-05-06 13:49:00,328,328,328,328,0
2022-05-06 13:50:00,328,328,328,328,0
2022-05-06 13:51:00,328,328,328,328,0
2022-05-06 13:52:00,328,328,328,328,0
2022-05-06 13:53:00,328,328,328,328,0
2022-05-06 13:54:00,328,328,328,328,0
2022-05-06 13:55:00,328,328,328,328,0
2022-05-06 13:56:00,328,328,328,328,0
2022-05-06 13:57:00,328,328,328,328,0
2022-05-06 13:58:00,328,328,328,328,0
2022-05-06 13:59:00,328,328,328,328,0
2022-05-06 14:00:00,328,328,328,328,0
2022-05-06 14:01:00,328,328,328,328,0
2022-05-06 14:02:00,328,328,328,328,0
2022-05-06 14:03:00,328,328,328,328,0
2022-05-06 14:04:00,328,328,328,328,0
2022-05-06 14:05:00,328,328,328,328,0
2022-05-06 14:06:00,328,328,328,328,0
2022-05-06 14:07:00,328,328,328,328,0
2022-05-06 14:08:00,328,328,328,328,0
2022-05-06 14:09:00,328,328,328,328,0
2022-05-06 14:10:00,328,328,328,328,0
2022-05-06 14:11:00,328,328,328,328,0
2022-05-06 14:12:00,328,328,328,328,0
2022-05-06 14:13:00,328,328,328,328,0
2022-05-06 14:14:00,328,328,328,328,0
2022-05-06 14:15:00,328,328,328,328,0
2022-05-06 14:16:00,328,328,328,328,0
2022-05-06 14:17:00,328,328,328,328,0
2022-05-06 14:18:00,328,328,328,328,0
2022-05-06 14:19:00,328,328,328,328,0
2022-05-06 14:20:00,328,328,328,328,0
2022-05-06 14:21:00,328,328,328,328,0
2022-05-06 14:22:00,328,328,328,328,0
2022-05-06 14:23:00,328,328,328,328,0
2022-05-06 14:24:00,328,328,328,328,0
2022-05-06 14:25:00,328,328,328,328,0
2022-05-06 14:26:00,328,328,328,328,0
2022-05-06 14:27:00,328,328,328,328,0
2022-05-06 14:28:00,328,328,328,328,0
2022-05-06 14:29:00,328,328,328,328,0
2022-05-06 14:30:00,328,328,328,328,0
2022-05-06 14:31:00,328,328,328,328,0
2022-05-06 14:32:00,328,328,328,328,0
2022-05-06 14:33:00,328,328,328,328,0
2022-05-06 14:34:00,328,328,328,328,0
2022-05-06 14:35:00,328,328,328,328,0
2022-05-06 14:36:00,328,328,328,328,0
2022-05-06 14:37:00,328,328,328,328,0
2022-05-06 14:38:00,328,328,328,328,0
2022-05-06 14:39:00,328,328,328,328,0
2022-05-06 14:40:00,328,328,328,328,0
2022-05-06 14:41:00,328,328,328,328,0
2022-05-06 14:42:00,328,328,328,328,0
2022-05-06 14:43:00,328,328,328,328,0
2022-05-06 14:44:00,328,328,328,328,0
2022-05-06 14:45:00,328,328,328,328,0
2022-05-06 14:46:00,328,328,328,328,0
2022-05-06 14:47:00,328,328,328,328,0
2022-05-06 14:48:00,328,328,328,328,0
2022-05-06 14:49:00,328,328,328,328,0
2022-05-06 14:50:00,328,328,328,328,0
2022-05-06 14:51:00,328,328,328,328,0
2022-05-06 14:52:00,328,328,328,328,0
2022-05-06 14:53:00,328,328,328,328,0
2022-05-06 14:54:00,328,328,328,328,0
2022-05-06 14:55:00,328,328,328,328,0
2022-05-06 14:56:00,328,328,328,328,0
2022-05-06 14:57:00,328,328,328,328,0
2022-05-06 14:58:00,328,328,328,328,0
2022-05-06 14:59:00,328,328,328,328,0
2022-05-06 15:00:00,328,328,328,328,0
2022-05-06 15:01:00,328,328,328,328,0
2022-05-06 15:02:00,328,328,328,328,0
2022-05-06 15:03:00,328,328,328,328,0
2022-05-06 15:04:00,328,328,328,328,0
2022-05-06 15:05:00,328,328,328,328,0
2022-05-06 15:06:00,328,328,328,328,0
2022-05-06 15:07:00,328,328,328,328,0
2022-05-06 15:08:00,328,328,328,328,0
2022-05-06 15:09:00,328,328,328,328,0
2022-05-06 15:10:00,328,328,328,328,0
2022-05-06 15:11:00,328,328,328,328,0
2022-05-06 15:12:00,328,328,328,328,0
2022-05-06 15:13:00,328,328,328,328,0
2022-05-06 15:14:00,328,328,328,328,0
2022-05-06 15:15:00,328,328,328,328,0
2022-05-06 15:16:00,328,328,328,328,0
2022-05-06 15:17:00,328,328,328,328,0
2022-05-06 15:18:00,328,328,328,328,0
2022-05-06 15:19:00,328,328,328,328,0
2022-05-06 15:20:00,328,328,328,328,0
2022-05-06 15:21:00,328,328,328,328,0
2022-05-06 15:22:00,328,328,328,328,0
2022-05-06 15:23:00,328,328,328,328,0
2022-05-06 15:24:00,328,328,328,328,0
2022-05-06 15:25:00,328,328,328,328,0
2022-05-06 15:26:00,328,328,328,328,0
2022-05-06 15:27:00,328,328,328,328,0
2022-05-06 15:28:00,328,328,328,328,0
2022-05-06 15:29:00,328,328,328,328,0
2022-05-06 15:30:00,328,328,328,328,0
2022-05-06 15:31:00,328,328,328,328,0
2022-05-06 15:32:00,328,328,328,328,0
2022-05-06 15:33:00,328,328,328,328,0
2022-05-06 15:34:00,328,328,328,328,0
2022-05-06 15:35:00,328,328,328,328,0
2022-05-06 15:36:00,328,328,328,328,0
2022-05-06 15:37:00,328,328,328,328,0
2022-05-06 15:38:00,328,328,328,328,0
2022-05-06 15:39:00,328,328,328,328,0
2022-05-06 15:40:00,328,328,328,328,0
2022-05-06 15:41:00,328,328,328,328,0
2022-05-06 15:42:00,328,328,328,328,0
2022-05-06 15:43:00,328,328,328,328,0
2022-05-06 15:44:00,328,328,328,328,0
2022-05-06 15:45:00,328,328,328,328,0
2022-05-06 15:46:00,328,328,328,328,0
2022-05-06 15:47:00,328,328,328,328,0
2022-05-06 15:48:00,328,328,328,328,0
2022-05-06 15:49:00,328,328,328,328,0
2022-05-06 15:50:00,328,328,328,328,0
2022-05-06 15:51:00,328,328,328,328,0
2022-05-06 15:52:00,328,328,328,328,0
2022-05-06 15:53:00,328,328,328,328,0
2022-05-06 15:54:00,328,328,328,328,0
2022-05-06 15:55:00,328,328,328,328,0
2022-05-06 15:56:00,328,328,328,328,0
2022-05-06 15:57:00,328,328,328,328,0
2022-05-06 15:58:00,328,328,328,328,0
2022-05-06 15:59:00,328,328,328,328,0
2022-05-09 09:00:00,308,308,308,308,0
2022-05-09 09:01:00,308,308,308,308,0
2022-05-09 09:02:00,308,308,308,308,0
2022-05-09 09:03:00,308,308,308,308,0
2022-05-09 09:04:00,308,308,308,308,0
2022-05-09 09:05:00,308,308,308,308,0
2022-05-09 09:06:00,308,308,308,308,0
2022-05-09 09:07:00,308,308,308,308,0
2022-05-09 09:08:00,308,308,308,308,0
2022-05-09 09:09:00,308,308,308,308,0
2022-05-09 09:10:00,308,308,308,308,0
2022-05-09 09:11:00,308,308,308,308,0
2022-05-09 09:12:00,308,308,308,308,0
2022-05-09 09:13:00,308,308,308,308,0
2022-05-09 09:14:00,308,308,308,308,0
2022-05-09 09:15:00,308,308,308,308,0
2022-05-09 09:16:00,308,308,308,308,0
2022-05-09 09:17:00,308,308,308,308,0
2022-05-09 09:18:00,308,308,308,308,0
2022-05-09 09:19:00,308,308,308,308,0
2022-05-09 09:20:00,308,308,308,308,0
2022-05-09 09:21:00,308,308,308,308,0
2022-05-09 09:22:00,308,308,308,308,0
2022-05-09 09:23:00,308,308,308,308,0
2022-05-09 09:24:00,308,308,308,308,0
2022-05-09 09:25:00,308,308,308,308,0
2022-05-09 09:26:00,308,308,308,308,0
2022-05-09 09:27:00,308,308,308,308,0
2022-05-09 09:28:00,308,308,308,308,0
2022-05-09 09:29:00,308,308,308,308,0
2022-05-09 09:30:00,308,308,308,308,0
2022-05-09 09:31:00,308,308,308,308,0
2022-05-09 09:32:00,308,308,308,308,0
2022-05-09 09:33:00,308,308,308,308,0
2022-05-09 09:34:00,308,308,308,308,0
2022-05-09 09:35:00,308,308,308,308,0
2022-05-09 09:36:00,308,308,308,308,0
2022-05-09 09:37:00,308,308,308,308,0
2022-05-09 09:38:00,308,308,308,308,0
2022-05-09 09:39:00,308,308,308,308,0
2022-05-09 09:40:00,308,308,308,308,0
2022-05-09 09:41:00,308,308,308,308,0
2022-05-09 09:42:00,308,308,308,308,0
2022-05-09 09:43:00,308,308,308,308,0
2022-05-09 09:44:00,308,308,308,308,0
2022-05-09 09:45:00,308,308,308,308,0
2022-05-09 09:46:00,308,308,308,308,0
2022-05-09 09:47:00,308,308,308,308,0
2022-05-09 09:48:00,308,308,308,308,0
2022-05-09 09:49:00,308,308,308,308,0
2022-05-09 09:50:00,308,308,308,308,0
2022-05-09 09:51:00,308,308,308,308,0
2022-05-09 09:52:00,308,308,308,308,0
2022-05-09 09:53:00,308,308,308,308,0
2022-05-09 09:54:00,308,308,308,308,0
2022-05-09 09:55:00,328,328,328,328,100
2022-05-09 09:56:00,328,328,328,328,0
2022-05-09 09:57:00,328,328,328,328,0
2022-05-09 09:58:00,328,328,328,328,0
2022-05-09 09:59:00,328,328,328,328,0
2022-05-09 10:00:00,328,328,328,328,0
2022-05-09 10:01:00,328,328,328,328,0
2022-05-09 10:02:00,328,328,328,328,0
2022-05-09 10:03:00,328,328,328,328,0
2022-05-09 10:04:00,328,328,328,328,0
2022-05-09 10:05:00,328,328,328,328,0
2022-05-09 10:06:00,328,328,328,328,0
2022-05-09 10:07:00,328,328,328,328,0
2022-05-09 10:08:00,328,328,328,328,0
2022-05-09 10:09:00,328,328,328,328,0
2022-05-09 10:10:00,328,328,328,328,0
2022-05-09 10:11:00,328,328,328,328,0
2022-05-09 10:12:00,328,328,328,328,0
2022-05-09 10:13:00,328,328,328,328,0
2022-05-09 10:14:00,328,328,328,328,0
2022-05-09 10:15:00,328,328,328,328,0
2022-05-09 10:16:00,328,328,328,328,0
2022-05-09 10:17:00,328,328,328,328,0
2022-05-09 10:18:00,328,328,328,328,0
2022-05-09 10:19:00,328,328,328,328,0
2022-05-09 10:20:00,328,328,328,328,0
2022-05-09 10:21:00,328,328,328,328,0
2022-05-09 10:22:00,328,328,328,328,0
2022-05-09 10:23:00,328,328,328,328,0
2022-05-09 10:24:00,328,328,328,328,0
2022-05-09 10:25:00,328,328,328,328,0
2022-05-09 10:26:00,328,328,328,328,0
2022-05-09 10:27:00,328,328,328,328,0
2022-05-09 10:28:00,328,328,328,328,0
2022-05-09 10:29:00,328,328,328,328,0
2022-05-09 10:30:00,328,328,328,328,0
2022-05-09 10:31:00,328,328,328,328,0
2022-05-09 10:32:00,328,328,328,328,0
2022-05-09 10:33:00,328,328,328,328,0
2022-05-09 10:34:00,328,328,328,328,0
2022-05-09 10:35:00,328,328,328,328,0
2022-05-09 10:36:00,328,328,328,328,0
2022-05-09 10:37:00,328,328,328,328,0
2022-05-09 10:38:00,328,328,328,328,0
2022-05-09 10:39:00,328,328,328,328,0
2022-05-09 10:40:00,328,328,328,328,0
2022-05-09 10:41:00,328,328,328,328,0
2022-05-09 10:42:00,328,328,328,328,0
2022-05-09 10:43:00,328,328,328,328,0
2022-05-09 10:44:00,328,328,328,328,0
2022-05-09 10:45:00,328,328,328,328,0
2022-05-09 10:46:00,328,328,328,328,0
2022-05-09 10:47:00,328,328,328,328,0
2022-05-09 10:48:00,328,328,328,328,0
2022-05-09 10:49:00,328,328,328,328,0
2022-05-09 10:50:00,328,328,328,328,0
2022-05-09 10:51:00,328,328,328,328,0
2022-05-09 10:52:00,328,328,328,328,0
2022-05-09 10:53:00,328,328,328,328,0
2022-05-09 10:54:00,328,328,328,328,0
2022-05-09 10:55:00,328,328,328,328,0
2022-05-09 10:56:00,328,328,328,328,0
2022-05-09 10:57:00,328,328,328,328,0
2022-05-09 10:58:00,328,328,328,328,0
2022-05-09 10:59:00,328,328,328,328,0
2022-05-09 11:00:00,328,328,328,328,0
2022-05-09 11:01:00,328,328,328,328,0
2022-05-09 11:02:00,328,328,328,328,0
2022-05-09 11:03:00,328,328,328,328,0
2022-05-09 11:04:00,328,328,328,328,0
2022-05-09 11:05:00,328,328,328,328,0
2022-05-09 11:06:00,328,328,328,328,0
2022-05-09 11:07:00,328,328,328,328,0
2022-05-09 11:08:00,328,328,328,328,0
2022-05-09 11:09:00,328,328,328,328,0
2022-05-09 11:10:00,328,328,328,328,0
2022-05-09 11:11:00,328,328,328,328,0
2022-05-09 11:12:00,328,328,328,328,0
2022-05-09 11:13:00,328,328,328,328,0
2022-05-09 11:14:00,328,328,328,328,0
2022-05-09 11:15:00,328,328,328,328,0
2022-05-09 11:16:00,328,328,328,328,0
2022-05-09 11:17:00,328,328,328,328,0
2022-05-09 11:18:00,328,328,328,328,0
2022-05-09 11:19:00,328,328,328,328,0
2022-05-09 11:20:00,328,328,328,328,0
2022-05-09 11:21:00,328,328,328,328,0
2022-05-09 11:22:00,328,328,328,328,0
2022-05-09 11:23:00,328,328,328,328,0
2022-05-09 11:24:00,312,306,312,306,42800
2022-05-09 11:25:00,312,306,312,306,0
2022-05-09 11:26:00,306,306,306,306,400
2022-05-09 11:27:00,306,306,306,306,300
2022-05-09 11:28:00,306,306,306,306,300
2022-05-09 11:29:00,306,306,306,306,1600
2022-05-09 11:30:00,306,306,306,306,0
2022-05-09 11:31:00,306,306,306,306,0
2022-05-09 11:32:00,306,306,306,306,0
2022-05-09 11:33:00,306,306,306,306,0
2022-05-09 11:34:00,306,306,306,306,0
2022-05-09 11:35:00,306,306,306,306,0
2022-05-09 11:36:00,306,306,306,306,0
2022-05-09 11:37:00,306,306,306,306,0
2022-05-09 11:38:00,306,306,306,306,0
2022-05-09 11:39:00,306,306,306,306,0
2022-05-09 11:40:00,306,306,306,306,0
2022-05-09 11:41:00,306,306,306,306,0
2022-05-09 11:42:00,306,306,306,306,0
2022-05-09 11:43:00,306,306,306,306,0
2022-05-09 11:44:00,306,306,306,306,0
2022-05-09 11:45:00,306,306,306,306,0
2022-05-09 11:46:00,306,306,306,306,0
2022-05-09 11:47:00,306,306,306,306,0
2022-05-09 11:48:00,306,306,306,306,0
2022-05-09 11:49:00,306,306,306,306,0
2022-05-09 11:50:00,306,306,306,306,0
2022-05-09 11:51:00,306,306,306,306,0
2022-05-09 11:52:00,306,306,306,306,0
2022-05-09 11:53:00,306,306,306,306,0
2022-05-09 11:54:00,306,306,306,306,0
2022-05-09 11:55:00,306,306,306,306,0
2022-05-09 11:56:00,306,306,306,306,0
2022-05-09 11:57:00,306,306,306,306,0
2022-05-09 11:58:00,306,306,306,306,0
2022-05-09 11:59:00,306,306,306,306,0
2022-05-09 12:00:00,306,306,306,306,0
2022-05-09 12:01:00,306,306,306,306,0
2022-05-09 12:02:00,306,306,306,306,0
2022-05-09 12:03:00,306,306,306,306,0
2022-05-09 12:04:00,306,306,306,306,0
2022-05-09 12:05:00,306,306,306,306,0
2022-05-09 12:06:00,306,306,306,306,0
2022-05-09 12:07:00,306,306,306,306,0
2022-05-09 12:08:00,306,306,306,306,0
2022-05-09 12:09:00,306,306,306,306,0
2022-05-09 12:10:00,306,306,306,306,0
2022-05-09 12:11:00,306,306,306,306,0
2022-05-09 12:12:00,306,306,306,306,0
2022-05-09 12:13:00,306,306,306,306,0
2022-05-09 12:14:00,306,306,306,306,0
2022-05-09 12:15:00,306,306,306,306,0
2022-05-09 12:16:00,306,306,306,306,0
2022-05-09 12:17:00,306,306,306,306,0
2022-05-09 12:18:00,306,306,306,306,0
2022-05-09 12:19:00,306,306,306,306,0
2022-05-09 12:20:00,306,306,306,306,0
2022-05-09 12:21:00,306,306,306,306,0
2022-05-09 12:22:00,306,306,306,306,0
2022-05-09 12:23:00,306,306,306,306,0
2022-05-09 12:24:00,306,306,306,306,0
2022-05-09 12:25:00,306,306,306,306,0
2022-05-09 12:26:00,306,306,306,306,0
2022-05-09 12:27:00,306,306,306,306,0
2022-05-09 12:28:00,306,306,306,306,0
2022-05-09 12:29:00,306,306,306,306,0
2022-05-09 12:30:00,306,306,306,306,0
2022-05-09 12:31:00,306,306,306,306,0
2022-05-09 12:32:00,306,306,306,306,0
2022-05-09 12:33:00,306,306,306,306,0
2022-05-09 12:34:00,306,306,306,306,0
2022-05-09 12:35:00,306,306,306,306,0
2022-05-09 12:36:00,306,306,306,306,0
2022-05-09 12:37:00,306,306,306,306,0
2022-05-09 12:38:00,306,306,306,306,0
2022-05-09 12:39:00,306,306,306,306,0
2022-05-09 12:40:00,306,306,306,306,0
2022-05-09 12:41:00,306,306,306,306,0
2022-05-09 12:42:00,306,306,306,306,0
2022-05-09 12:43:00,306,306,306,306,0
2022-05-09 12:44:00,306,306,306,306,0
2022-05-09 12:45:00,306,306,306,306,0
2022-05-09 12:46:00,306,306,306,306,0
2022-05-09 12:47:00,306,306,306,306,0
2022-05-09 12:48:00,306,306,306,306,0
2022-05-09 12:49:00,306,306,306,306,0
2022-05-09 12:50:00,306,306,306,306,0
2022-05-09 12:51:00,306,306,306,306,0
2022-05-09 12:52:00,306,306,306,306,0
2022-05-09 12:53:00,306,306,306,306,0
2022-05-09 12:54:00,306,306,306,306,0
2022-05-09 12:55:00,306,306,306,306,0
2022-05-09 12:56:00,306,306,306,306,0
2022-05-09 12:57:00,306,306,306,306,0
2022-05-09 12:58:00,306,306,306,306,0
2022-05-09 12:59:00,306,306,306,306,0
2022-05-09 13:00:00,306,306,306,306,0
2022-05-09 13:01:00,306,306,306,306,0
2022-05-09 13:02:00,306,306,306,306,0
2022-05-09 13:03:00,306,306,306,306,0
2022-05-09 13:04:00,306,306,306,306,0
2022-05-09 13:05:00,306,306,306,306,0
2022-05-09 13:06:00,306,306,306,306,0
2022-05-09 13:07:00,306,306,306,306,0
2022-05-09 13:08:00,306,306,306,306,0
2022-05-09 13:09:00,306,306,306,306,0
2022-05-09 13:10:00,306,306,306,306,0
2022-05-09 13:11:00,306,306,306,306,0
2022-05-09 13:12:00,306,306,306,306,0
2022-05-09 13:13:00,306,306,306,306,0
2022-05-09 13:14:00,306,306,306,306,0
2022-05-09 13:15:00,306,306,306,306,0
2022-05-09 13:16:00,306,306,306,306,0
2022-05-09 13:17:00,306,306,306,306,0
2022-05-09 13:18:00,306,306,306,306,0
2022-05-09 13:19:00,306,306,306,306,0
2022-05-09 13:20:00,306,306,306,306,0
2022-05-09 13:21:00,306,306,306,306,0
2022-05-09 13:22:00,306,306,306,306,0
2022-05-09 13:23:00,306,306,306,306,0
2022-05-09 13:24:00,306,306,306,306,0
2022-05-09 13:25:00,306,306,306,306,0
2022-05-09 13:26:00,306,306,306,306,0
2022-05-09 13:27:00,306,306,306,306,0
2022-05-09 13:28:00,306,306,306,306,0
2022-05-09 13:29:00,306,306,306,306,0
2022-05-09 13:30:00,306,306,306,306,0
2022-05-09 13:31:00,306,306,306,306,0
2022-05-09 13:32:00,306,306,306,306,0
2022-05-09 13:33:00,306,306,306,306,0
2022-05-09 13:34:00,306,306,306,306,0
2022-05-09 13:35:00,306,306,306,306,0
2022-05-09 13:36:00,306,306,306,306,0
2022-05-09 13:37:00,306,306,306,306,0
2022-05-09 13:38:00,306,306,306,306,0
2022-05-09 13:39:00,306,306,306,306,0
2022-05-09 13:40:00,306,306,306,306,0
2022-05-09 13:41:00,306,306,306,306,0
2022-05-09 13:42:00,306,306,306,306,0
2022-05-09 13:43:00,306,306,306,306,0
2022-05-09 13:44:00,306,306,306,306,0
2022-05-09 13:45:00,306,306,306,306,0
2022-05-09 13:46:00,306,306,306,306,0
2022-05-09 13:47:00,306,306,306,306,0
2022-05-09 13:48:00,306,306,306,306,0
2022-05-09 13:49:00,306,306,306,306,0
2022-05-09 13:50:00,306,306,306,306,0
2022-05-09 13:51:00,306,306,306,306,0
2022-05-09 13:52:00,306,306,306,306,0
2022-05-09 13:53:00,306,306,306,306,0
2022-05-09 13:54:00,306,306,306,306,0
2022-05-09 13:55:00,306,306,306,306,0
2022-05-09 13:56:00,306,306,306,306,0
2022-05-09 13:57:00,306,306,306,306,0
2022-05-09 13:58:00,306,306,306,306,0
2022-05-09 13:59:00,306,306,306,306,0
2022-05-09 14:00:00,306,306,306,306,0
2022-05-09 14:01:00,306,306,306,306,0
2022-05-09 14:02:00,306,306,306,306,0
2022-05-09 14:03:00,306,306,306,306,0
2022-05-09 14:04:00,306,306,306,306,0
2022-05-09 14:05:00,306,306,306,306,0
2022-05-09 14:06:00,306,306,306,306,0
2022-05-09 14:07:00,306,306,306,306,0
2022-05-09 14:08:00,306,306,306,306,0
2022-05-09 14:09:00,306,306,306,306,0
2022-05-09 14:10:00,306,306,306,306,0
2022-05-09 14:11:00,306,306,306,306,0
2022-05-09 14:12:00,306,306,306,306,0
2022-05-09 14:13:00,306,306,306,306,0
2022-05-09 14:14:00,306,306,306,306,0
2022-05-09 14:15:00,306,306,306,306,0
2022-05-09 14:16:00,306,306,306,306,0
2022-05-09 14:17:00,306,306,306,306,0
2022-05-09 14:18:00,306,306,306,306,0
2022-05-09 14:19:00,306,306,306,306,0
2022-05-09 14:20:00,306,306,306,306,0
2022-05-09 14:21:00,306,306,306,306,0
2022-05-09 14:22:00,306,306,306,306,0
2022-05-09 14:23:00,306,306,306,306,0
2022-05-09 14:24:00,306,306,306,306,0
2022-05-09 14:25:00,306,306,306,306,0
2022-05-09 14:26:00,306,306,306,306,0
2022-05-09 14:27:00,306,306,306,306,0
2022-05-09 14:28:00,306,306,306,306,0
2022-05-09 14:29:00,306,306,306,306,0
2022-05-09 14:30:00,306,306,306,306,0
2022-05-09 14:31:00,306,306,306,306,0
2022-05-09 14:32:00,306,306,306,306,0
2022-05-09 14:33:00,306,306,306,306,0
2022-05-09 14:34:00,306,306,306,306,0
2022-05-09 14:35:00,306,306,306,306,0
2022-05-09 14:36:00,306,306,306,306,0
2022-05-09 14:37:00,306,306,306,306,0
2022-05-09 14:38:00,306,306,306,306,0
2022-05-09 14:39:00,306,306,306,306,0
2022-05-09 14:40:00,306,306,306,306,0
2022-05-09 14:41:00,306,306,306,306,0
2022-05-09 14:42:00,306,306,306,306,0
2022-05-09 14:43:00,306,306,306,306,0
2022-05-09 14:44:00,306,306,306,306,0
2022-05-09 14:45:00,306,306,306,306,0
2022-05-09 14:46:00,306,306,306,306,0
2022-05-09 14:47:00,306,306,306,306,0
2022-05-09 14:48:00,306,306,306,306,0
2022-05-09 14:49:00,316,316,316,316,100
2022-05-09 14:50:00,316,316,316,316,0
2022-05-09 14:51:00,316,316,316,316,0
2022-05-09 14:52:00,316,316,316,316,0
2022-05-09 14:53:00,316,316,316,316,0
2022-05-09 14:54:00,316,316,316,316,0
2022-05-09 14:55:00,316,316,316,316,0
2022-05-09 14:56:00,316,316,316,316,0
2022-05-09 14:57:00,316,316,316,316,0
2022-05-09 14:58:00,316,316,316,316,0
2022-05-09 14:59:00,316,316,316,316,0
2022-05-09 15:00:00,316,316,316,316,0
2022-05-09 15:01:00,316,316,316,316,0
2022-05-09 15:02:00,316,316,316,316,0
2022-05-09 15:03:00,316,316,316,316,0
2022-05-09 15:04:00,316,316,316,316,0
2022-05-09 15:05:00,316,316,316,316,0
2022-05-09 15:06:00,316,316,316,316,0
2022-05-09 15:07:00,316,316,316,316,0
2022-05-09 15:08:00,316,316,316,316,0
2022-05-09 15:09:00,316,316,316,316,0
2022-05-09 15:10:00,316,316,316,316,0
2022-05-09 15:11:00,316,316,316,316,0
2022-05-09 15:12:00,316,316,316,316,0
2022-05-09 15:13:00,316,316,316,316,0
2022-05-09 15:14:00,316,316,316,316,0
2022-05-09 15:15:00,316,316,316,316,0
2022-05-09 15:16:00,316,316,316,316,0
2022-05-09 15:17:00,316,316,316,316,0
2022-05-09 15:18:00,316,316,316,316,0
2022-05-09 15:19:00,316,316,316,316,0
2022-05-09 15:20:00,316,316,316,316,0
2022-05-09 15:21:00,316,316,316,316,0
2022-05-09 15:22:00,316,316,316,316,0
2022-05-09 15:23:00,316,316,316,316,0
2022-05-09 15:24:00,316,316,316,316,0
2022-05-09 15:25:00,316,316,316,316,0
2022-05-09 15:26:00,316,316,316,316,0
2022-05-09 15:27:00,316,316,316,316,0
2022-05-09 15:28:00,316,316,316,316,0
2022-05-09 15:29:00,316,316,316,316,0
2022-05-09 15:30:00,316,316,316,316,0
2022-05-09 15:31:00,316,316,316,316,0
2022-05-09 15:32:00,316,316,316,316,0
2022-05-09 15:33:00,316,316,316,316,0
2022-05-09 15:34:00,316,316,316,316,0
2022-05-09 15:35:00,316,316,316,316,0
2022-05-09 15:36:00,316,316,316,316,0
2022-05-09 15:37:00,316,316,316,316,0
2022-05-09 15:38:00,316,316,316,316,0
2022-05-09 15:39:00,316,316,316,316,0
2022-05-09 15:40:00,316,316,316,316,0
2022-05-09 15:41:00,316,316,316,316,0
2022-05-09 15:42:00,316,316,316,316,0
2022-05-09 15:43:00,316,316,316,316,0
2022-05-09 15:44:00,316,316,316,316,0
2022-05-09 15:45:00,316,316,316,316,0
2022-05-09 15:46:00,316,316,316,316,0
2022-05-09 15:47:00,316,316,316,316,0
2022-05-09 15:48:00,316,316,316,316,0
2022-05-09 15:49:00,316,316,316,316,0
2022-05-09 15:50:00,316,316,316,316,0
2022-05-09 15:51:00,316,316,316,316,0
2022-05-09 15:52:00,316,316,316,316,0
2022-05-09 15:53:00,316,316,316,316,0
2022-05-09 15:54:00,316,316,316,316,0
2022-05-09 15:55:00,316,316,316,316,0
2022-05-09 15:56:00,316,316,316,316,0
2022-05-09 15:57:00,316,316,316,316,0
2022-05-09 15:58:00,316,316,316,316,0
2022-05-09 15:59:00,316,316,316,316,0
2022-05-10 09:00:00,316,316,316,316,0
2022-05-10 09:01:00,316,316,316,316,0
2022-05-10 09:02:00,316,316,316,316,0
2022-05-10 09:03:00,316,316,316,316,0
2022-05-10 09:04:00,316,316,316,316,0
2022-05-10 09:05:00,316,316,316,316,0
2022-05-10 09:06:00,316,316,316,316,0
2022-05-10 09:07:00,316,316,316,316,0
2022-05-10 09:08:00,316,316,316,316,0
2022-05-10 09:09:00,316,316,316,316,0
2022-05-10 09:10:00,316,316,316,316,0
2022-05-10 09:11:00,316,316,316,316,0
2022-05-10 09:12:00,316,316,316,316,0
2022-05-10 09:13:00,316,316,316,316,0
2022-05-10 09:14:00,316,316,316,316,0
2022-05-10 09:15:00,316,316,316,316,0
2022-05-10 09:16:00,316,316,316,316,0
2022-05-10 09:17:00,316,316,316,316,0
2022-05-10 09:18:00,316,316,316,316,0
2022-05-10 09:19:00,316,316,316,316,0
2022-05-10 09:20:00,316,316,316,316,0
2022-05-10 09:21:00,316,316,316,316,0
2022-05-10 09:22:00,316,316,316,316,0
2022-05-10 09:23:00,316,316,316,316,0
2022-05-10 09:24:00,316,316,316,316,0
2022-05-10 09:25:00,316,316,316,316,0
2022-05-10 09:26:00,316,316,316,316,0
2022-05-10 09:27:00,316,316,316,316,0
2022-05-10 09:28:00,316,316,316,316,0
2022-05-10 09:29:00,316,316,316,316,0
2022-05-10 09:30:00,316,316,316,316,0
2022-05-10 09:31:00,316,316,316,316,0
2022-05-10 09:32:00,316,316,316,316,0
2022-05-10 09:33:00,316,316,316,316,0
2022-05-10 09:34:00,316,316,316,316,0
2022-05-10 09:35:00,316,316,316,316,0
2022-05-10 09:36:00,316,316,316,316,0
2022-05-10 09:37:00,316,316,316,316,0
2022-05-10 09:38:00,316,316,316,316,0
2022-05-10 09:39:00,316,316,316,316,0
2022-05-10 09:40:00,316,316,316,316,0
2022-05-10 09:41:00,316,316,316,316,0
2022-05-10 09:42:00,316,316,316,316,0
2022-05-10 09:43:00,316,316,316,316,0
2022-05-10 09:44:00,316,316,316,316,0
2022-05-10 09:45:00,316,316,316,316,0
2022-05-10 09:46:00,316,316,316,316,0
2022-05-10 09:47:00,316,316,316,316,0
2022-05-10 09:48:00,316,316,316,316,0
2022-05-10 09:49:00,316,316,316,316,0
2022-05-10 09:50:00,316,316,316,316,0
2022-05-10 09:51:00,316,316,316,316,0
2022-05-10 09:52:00,316,316,316,316,0
2022-05-10 09:53:00,316,316,316,316,0
2022-05-10 09:54:00,316,316,316,316,0
2022-05-10 09:55:00,316,316,316,316,0
2022-05-10 09:56:00,316,316,316,316,0
2022-05-10 09:57:00,316,316,316,316,0
2022-05-10 09:58:00,316,316,316,316,0
2022-05-10 09:59:00,316,316,316,316,0
2022-05-10 10:00:00,316,316,316,316,0
2022-05-10 10:01:00,316,316,316,316,0
2022-05-10 10:02:00,316,316,316,316,0
2022-05-10 10:03:00,316,316,316,316,0
2022-05-10 10:04:00,316,316,316,316,0
2022-05-10 10:05:00,316,316,316,316,0
2022-05-10 10:06:00,316,316,316,316,0
2022-05-10 10:07:00,316,316,316,316,0
2022-05-10 10:08:00,316,316,316,316,0
2022-05-10 10:09:00,316,316,316,316,0
2022-05-10 10:10:00,316,316,316,316,0
2022-05-10 10:11:00,316,316,316,316,0
2022-05-10 10:12:00,316,316,316,316,0
2022-05-10 10:13:00,316,316,316,316,0
2022-05-10 10:14:00,316,316,316,316,0
2022-05-10 10:15:00,316,316,316,316,0
2022-05-10 10:16:00,316,316,316,316,0
2022-05-10 10:17:00,316,316,316,316,0
2022-05-10 10:18:00,316,316,316,316,0
2022-05-10 10:19:00,316,316,316,316,0
2022-05-10 10:20:00,316,316,316,316,0
2022-05-10 10:21:00,316,316,316,316,0
2022-05-10 10:22:00,316,316,316,316,0
2022-05-10 10:23:00,316,316,316,316,0
2022-05-10 10:24:00,316,316,316,316,0
2022-05-10 10:25:00,316,316,316,316,0
2022-05-10 10:26:00,316,316,316,316,0
2022-05-10 10:27:00,316,316,316,316,0
2022-05-10 10:28:00,316,316,316,316,0
2022-05-10 10:29:00,316,316,316,316,0
2022-05-10 10:30:00,316,316,316,316,0
2022-05-10 10:31:00,316,316,316,316,0
2022-05-10 10:32:00,316,316,316,316,0
2022-05-10 10:33:00,316,316,316,316,0
2022-05-10 10:34:00,316,316,316,316,0
2022-05-10 10:35:00,316,316,316,316,0
2022-05-10 10:36:00,316,316,316,316,0
2022-05-10 10:37:00,316,316,316,316,0
2022-05-10 10:38:00,316,316,316,316,0
2022-05-10 10:39:00,316,316,316,316,0
2022-05-10 10:40:00,316,316,316,316,0
2022-05-10 10:41:00,316,316,316,316,0
2022-05-10 10:42:00,316,316,316,316,0
2022-05-10 10:43:00,316,316,316,316,0
2022-05-10 10:44:00,316,316,316,316,0
2022-05-10 10:45:00,316,316,316,316,0
2022-05-10 10:46:00,316,316,316,316,0
2022-05-10 10:47:00,316,316,316,316,0
2022-05-10 10:48:00,316,316,316,316,0
2022-05-10 10:49:00,316,316,316,316,0
2022-05-10 10:50:00,316,316,316,316,0
2022-05-10 10:51:00,316,316,316,316,0
2022-05-10 10:52:00,316,316,316,316,0
2022-05-10 10:53:00,316,316,316,316,0
2022-05-10 10:54:00,316,316,316,316,0
2022-05-10 10:55:00,316,316,316,316,0
2022-05-10 10:56:00,316,316,316,316,0
2022-05-10 10:57:00,316,316,316,316,0
2022-05-10 10:58:00,316,316,316,316,0
2022-05-10 10:59:00,316,316,316,316,0
2022-05-10 11:00:00,316,316,316,316,0
2022-05-10 11:01:00,316,316,316,316,0
2022-05-10 11:02:00,316,316,316,316,0
2022-05-10 11:03:00,316,316,316,316,0
2022-05-10 11:04:00,316,316,316,316,0
2022-05-10 11:05:00,316,316,316,316,0
2022-05-10 11:06:00,316,316,316,316,0
2022-05-10 11:07:00,316,316,316,316,0
2022-05-10 11:08:00,316,316,316,316,0
2022-05-10 11:09:00,316,316,316,316,0
2022-05-10 11:10:00,316,316,316,316,0
2022-05-10 11:11:00,316,316,316,316,0
2022-05-10 11:12:00,316,316,316,316,0
2022-05-10 11:13:00,316,316,316,316,0
2022-05-10 11:14:00,316,316,316,316,0
2022-05-10 11:15:00,316,316,316,316,0
2022-05-10 11:16:00,316,316,316,316,0
2022-05-10 11:17:00,316,316,316,316,0
2022-05-10 11:18:00,316,316,316,316,0
2022-05-10 11:19:00,316,316,316,316,0
2022-05-10 11:20:00,316,316,316,316,0
2022-05-10 11:21:00,316,316,316,316,0
2022-05-10 11:22:00,316,316,316,316,0
2022-05-10 11:23:00,316,316,316,316,0
2022-05-10 11:24:00,316,316,316,316,0
2022-05-10 11:25:00,316,316,316,316,0
2022-05-10 11:26:00,316,316,316,316,0
2022-05-10 11:27:00,316,316,316,316,0
2022-05-10 11:28:00,316,316,316,316,0
2022-05-10 11:29:00,316,316,316,316,0
2022-05-10 11:30:00,316,316,316,316,0
2022-05-10 11:31:00,316,316,316,316,0
2022-05-10 11:32:00,316,316,316,316,0
2022-05-10 11:33:00,316,316,316,316,0
2022-05-10 11:34:00,316,316,316,316,0
2022-05-10 11:35:00,316,316,316,316,0
2022-05-10 11:36:00,316,316,316,316,0
2022-05-10 11:37:00,316,316,316,316,0
2022-05-10 11:38:00,316,316,316,316,0
2022-05-10 11:39:00,316,316,316,316,0
2022-05-10 11:40:00,316,316,316,316,0
2022-05-10 11:41:00,316,316,316,316,0
2022-05-10 11:42:00,316,316,316,316,0
2022-05-10 11:43:00,316,316,316,316,0
2022-05-10 11:44:00,316,316,316,316,0
2022-05-10 11:45:00,316,316,316,316,0
2022-05-10 11:46:00,316,316,316,316,0
2022-05-10 11:47:00,316,316,316,316,0
2022-05-10 11:48:00,316,316,316,316,0
2022-05-10 11:49:00,316,316,316,316,0
2022-05-10 11:50:00,316,316,316,316,0
2022-05-10 11:51:00,316,316,316,316,0
2022-05-10 11:52:00,316,316,316,316,0
2022-05-10 11:53:00,316,316,316,316,0
2022-05-10 11:54:00,316,316,316,316,0
2022-05-10 11:55:00,316,316,316,316,0
2022-05-10 11:56:00,316,316,316,316,0
2022-05-10 11:57:00,316,316,316,316,0
2022-05-10 11:58:00,316,316,316,316,0
2022-05-10 11:59:00,316,316,316,316,0
2022-05-10 12:00:00,316,316,316,316,0
2022-05-10 12:01:00,316,316,316,316,0
2022-05-10 12:02:00,316,316,316,316,0
2022-05-10 12:03:00,316,316,316,316,0
2022-05-10 12:04:00,316,316,316,316,0
2022-05-10 12:05:00,316,316,316,316,0
2022-05-10 12:06:00,316,316,316,316,0
2022-05-10 12:07:00,316,316,316,316,0
2022-05-10 12:08:00,316,316,316,316,0
2022-05-10 12:09:00,316,316,316,316,0
2022-05-10 12:10:00,316,316,316,316,0
2022-05-10 12:11:00,316,316,316,316,0
2022-05-10 12:12:00,316,316,316,316,0
2022-05-10 12:13:00,316,316,316,316,0
2022-05-10 12:14:00,316,316,316,316,0
2022-05-10 12:15:00,316,316,316,316,0
2022-05-10 12:16:00,316,316,316,316,0
2022-05-10 12:17:00,316,316,316,316,0
2022-05-10 12:18:00,316,316,316,316,0
2022-05-10 12:19:00,316,316,316,316,0
2022-05-10 12:20:00,316,316,316,316,0
2022-05-10 12:21:00,316,316,316,316,0
2022-05-10 12:22:00,316,316,316,316,0
2022-05-10 12:23:00,316,316,316,316,0
2022-05-10 12:24:00,316,316,316,316,0
2022-05-10 12:25:00,316,316,316,316,0
2022-05-10 12:26:00,316,316,316,316,0
2022-05-10 12:27:00,316,316,316,316,0
2022-05-10 12:28:00,316,316,316,316,0
2022-05-10 12:29:00,316,316,316,316,0
2022-05-10 12:30:00,316,316,316,316,0
2022-05-10 12:31:00,316,316,316,316,0
2022-05-10 12:32:00,316,316,316,316,0
2022-05-10 12:33:00,316,316,316,316,0
2022-05-10 12:34:00,316,316,316,316,0
2022-05-10 12:35:00,316,316,316,316,0
2022-05-10 12:36:00,316,316,316,316,0
2022-05-10 12:37:00,316,316,316,316,0
2022-05-10 12:38:00,316,316,316,316,0
2022-05-10 12:39:00,316,316,316,316,0
2022-05-10 12:40:00,316,316,316,316,0
2022-05-10 12:41:00,316,316,316,316,0
2022-05-10 12:42:00,316,316,316,316,0
2022-05-10 12:43:00,316,316,316,316,0
2022-05-10 12:44:00,316,316,316,316,0
2022-05-10 12:45:00,316,316,316,316,0
2022-05-10 12:46:00,316,316,316,316,0
2022-05-10 12:47:00,316,316,316,316,0
2022-05-10 12:48:00,316,316,316,316,0
2022-05-10 12:49:00,316,316,316,316,0
2022-05-10 12:50:00,316,316,316,316,0
2022-05-10 12:51:00,316,316,316,316,0
2022-05-10 12:52:00,316,316,316,316,0
2022-05-10 12:53:00,316,316,316,316,0
2022-05-10 12:54:00,316,316,316,316,0
2022-05-10 12:55:00,316,316,316,316,0
2022-05-10 12:56:00,316,316,316,316,0
2022-05-10 12:57:00,316,316,316,316,0
2022-05-10 12:58:00,316,316,316,316,0
2022-05-10 12:59:00,316,316,316,316,0
2022-05-10 13:00:00,316,316,316,316,0
2022-05-10 13:01:00,316,316,316,316,0
2022-05-10 13:02:00,316,316,316,316,0
2022-05-10 13:03:00,316,316,316,316,0
2022-05-10 13:04:00,316,316,316,316,0
2022-05-10 13:05:00,316,316,316,316,0
2022-05-10 13:06:00,316,316,316,316,0
2022-05-10 13:07:00,316,316,316,316,0
2022-05-10 13:08:00,316,316,316,316,0
2022-05-10 13:09:00,316,316,316,316,0
2022-05-10 13:10:00,316,316,316,316,0
2022-05-10 13:11:00,316,316,316,316,0
2022-05-10 13:12:00,316,316,316,316,0
2022-05-10 13:13:00,316,316,316,316,0
2022-05-10 13:14:00,316,316,316,316,0
2022-05-10 13:15:00,316,316,316,316,0
2022-05-10 13:16:00,316,316,316,316,0
2022-05-10 13:17:00,316,316,316,316,0
2022-05-10 13:18:00,316,316,316,316,0
2022-05-10 13:19:00,316,316,316,316,0
2022-05-10 13:20:00,316,316,316,316,0
2022-05-10 13:21:00,316,316,316,316,0
2022-05-10 13:22:00,316,316,316,316,0
2022-05-10 13:23:00,316,316,316,316,0
2022-05-10 13:24:00,316,316,316,316,0
2022-05-10 13:25:00,316,316,316,316,0
2022-05-10 13:26:00,316,316,316,316,0
2022-05-10 13:27:00,316,316,316,316,0
2022-05-10 13:28:00,316,316,316,316,0
2022-05-10 13:29:00,316,316,316,316,0
2022-05-10 13:30:00,316,316,316,316,0
2022-05-10 13:31:00,316,316,316,316,0
2022-05-10 13:32:00,316,316,316,316,0
2022-05-10 13:33:00,316,316,316,316,0
2022-05-10 13:34:00,316,316,316,316,0
2022-05-10 13:35:00,316,316,316,316,0
2022-05-10 13:36:00,316,316,316,316,0
2022-05-10 13:37:00,316,316,316,316,0
2022-05-10 13:38:00,316,316,316,316,0
2022-05-10 13:39:00,316,316,316,316,0
2022-05-10 13:40:00,316,316,316,316,0
2022-05-10 13:41:00,316,316,316,316,0
2022-05-10 13:42:00,316,316,316,316,0
2022-05-10 13:43:00,316,316,316,316,0
2022-05-10 13:44:00,316,316,316,316,0
2022-05-10 13:45:00,316,316,316,316,0
2022-05-10 13:46:00,316,316,316,316,0
2022-05-10 13:47:00,316,316,316,316,0
2022-05-10 13:48:00,316,316,316,316,0
2022-05-10 13:49:00,316,316,316,316,0
2022-05-10 13:50:00,316,316,316,316,0
2022-05-10 13:51:00,316,316,316,316,0
2022-05-10 13:52:00,316,316,316,316,0
2022-05-10 13:53:00,316,316,316,316,0
2022-05-10 13:54:00,316,316,316,316,0
2022-05-10 13:55:00,316,316,316,316,0
2022-05-10 13:56:00,316,316,316,316,0
2022-05-10 13:57:00,316,316,316,316,0
2022-05-10 13:58:00,316,316,316,316,0
2022-05-10 13:59:00,316,316,316,316,0
2022-05-10 14:00:00,316,316,316,316,0
2022-05-10 14:01:00,316,316,316,316,0
2022-05-10 14:02:00,316,316,316,316,0
2022-05-10 14:03:00,316,316,316,316,0
2022-05-10 14:04:00,316,316,316,316,0
2022-05-10 14:05:00,316,316,316,316,0
2022-05-10 14:06:00,316,316,316,316,0
2022-05-10 14:07:00,316,316,316,316,0
2022-05-10 14:08:00,316,316,316,316,0
2022-05-10 14:09:00,316,316,316,316,0
2022-05-10 14:10:00,316,316,316,316,0
2022-05-10 14:11:00,316,316,316,316,0
2022-05-10 14:12:00,316,316,316,316,0
2022-05-10 14:13:00,316,316,316,316,0
2022-05-10 14:14:00,316,316,316,316,0
2022-05-10 14:15:00,316,316,316,316,0
2022-05-10 14:16:00,316,316,316,316,0
2022-05-10 14:17:00,316,316,316,316,0
2022-05-10 14:18:00,316,316,316,316,0
2022-05-10 14:19:00,316,316,316,316,0
2022-05-10 14:20:00,316,316,316,316,0
2022-05-10 14:21:00,316,316,316,316,0
2022-05-10 14:22:00,316,316,316,316,0
2022-05-10 14:23:00,316,316,316,316,0
2022-05-10 14:24:00,316,316,316,316,0
2022-05-10 14:25:00,316,316,316,316,0
2022-05-10 14:26:00,316,316,316,316,0
2022-05-10 14:27:00,316,316,316,316,0
2022-05-10 14:28:00,316,316,316,316,0
2022-05-10 14:29:00,316,316,316,316,0
2022-05-10 14:30:00,316,316,316,316,0
2022-05-10 14:31:00,316,316,316,316,0
2022-05-10 14:32:00,316,316,316,316,0
2022-05-10 14:33:00,316,316,316,316,0
2022-05-10 14:34:00,316,316,316,316,0
2022-05-10 14:35:00,316,316,316,316,0
2022-05-10 14:36:00,316,316,316,316,0
2022-05-10 14:37:00,316,316,316,316,0
2022-05-10 14:38:00,316,316,316,316,0
2022-05-10 14:39:00,316,316,316,316,0
2022-05-10 14:40:00,316,316,316,316,0
2022-05-10 14:41:00,316,316,316,316,0
2022-05-10 14:42:00,316,316,316,316,0
2022-05-10 14:43:00,316,316,316,316,0
2022-05-10 14:44:00,316,316,316,316,0
2022-05-10 14:45:00,316,316,316,316,0
2022-05-10 14:46:00,316,316,316,316,0
2022-05-10 14:47:00,316,316,316,316,0
2022-05-10 14:48:00,316,316,316,316,0
2022-05-10 14:49:00,316,316,316,316,0
2022-05-10 14:50:00,316,316,316,316,0
2022-05-10 14:51:00,316,316,316,316,0
2022-05-10 14:52:00,316,316,316,316,0
2022-05-10 14:53:00,316,316,316,316,0
2022-05-10 14:54:00,316,316,316,316,0
2022-05-10 14:55:00,316,316,316,316,0
2022-05-10 14:56:00,316,316,316,316,0
2022-05-10 14:57:00,316,316,316,316,0
2022-05-10 14:58:00,316,316,316,316,0
2022-05-10 14:59:00,316,316,316,316,0
2022-05-10 15:00:00,316,316,316,316,0
2022-05-10 15:01:00,316,316,316,316,0
2022-05-10 15:02:00,316,316,316,316,0
2022-05-10 15:03:00,316,316,316,316,0
2022-05-10 15:04:00,318,318,318,318,0
2022-05-10 15:05:00,318,318,318,318,0
2022-05-10 15:06:00,318,318,318,318,0
2022-05-10 15:07:00,318,318,318,318,0
2022-05-10 15:08:00,318,318,318,318,0
2022-05-10 15:09:00,318,318,318,318,0
2022-05-10 15:10:00,318,318,318,318,0
2022-05-10 15:11:00,318,318,318,318,0
2022-05-10 15:12:00,318,318,318,318,0
2022-05-10 15:13:00,318,318,318,318,0
2022-05-10 15:14:00,318,318,318,318,0
2022-05-10 15:15:00,318,318,318,318,0
2022-05-10 15:16:00,318,318,318,318,0
2022-05-10 15:17:00,318,318,318,318,0
2022-05-10 15:18:00,318,318,318,318,0
2022-05-10 15:19:00,318,318,318,318,0
2022-05-10 15:20:00,318,318,318,318,0
2022-05-10 15:21:00,318,318,318,318,0
2022-05-10 15:22:00,318,318,318,318,0
2022-05-10 15:23:00,318,318,318,318,0
2022-05-10 15:24:00,318,318,318,318,0
2022-05-10 15:25:00,318,318,318,318,0
2022-05-10 15:26:00,318,318,318,318,0
2022-05-10 15:27:00,318,318,318,318,0
2022-05-10 15:28:00,318,318,318,318,0
2022-05-10 15:29:00,318,318,318,318,0
2022-05-10 15:30:00,318,318,318,318,0
2022-05-10 15:31:00,318,318,318,318,0
2022-05-10 15:32:00,318,318,318,318,0
2022-05-10 15:33:00,318,318,318,318,0
2022-05-10 15:34:00,318,318,318,318,0
2022-05-10 15:35:00,318,318,318,318,0
2022-05-10 15:36:00,318,318,318,318,0
2022-05-10 15:37:00,318,318,318,318,0
2022-05-10 15:38:00,318,318,318,318,0
2022-05-10 15:39:00,318,318,318,318,0
2022-05-10 15:40:00,318,318,318,318,0
2022-05-10 15:41:00,318,318,318,318,0
2022-05-10 15:42:00,318,318,318,318,0
2022-05-10 15:43:00,318,318,318,318,0
2022-05-10 15:44:00,318,318,318,318,0
2022-05-10 15:45:00,318,318,318,318,0
2022-05-10 15:46:00,318,318,318,318,0
2022-05-10 15:47:00,318,318,318,318,0
2022-05-10 15:48:00,318,318,318,318,0
2022-05-10 15:49:00,318,318,318,318,0
2022-05-10 15:50:00,318,318,318,318,0
2022-05-10 15:51:00,318,318,318,318,0
2022-05-10 15:52:00,318,318,318,318,0
2022-05-10 15:53:00,318,318,318,318,0
2022-05-10 15:54:00,318,318,318,318,0
2022-05-10 15:55:00,318,318,318,318,0
2022-05-10 15:56:00,318,318,318,318,0
2022-05-10 15:57:00,318,318,318,318,0
2022-05-10 15:58:00,318,318,318,318,0
2022-05-10 15:59:00,318,318,318,318,0
2022-05-11 09:00:00,318,318,318,318,0
2022-05-11 09:01:00,318,318,318,318,0
2022-05-11 09:02:00,318,318,318,318,0
2022-05-11 09:03:00,318,318,318,318,0
2022-05-11 09:04:00,318,318,318,318,0
2022-05-11 09:05:00,318,318,318,318,0
2022-05-11 09:06:00,318,318,318,318,0
2022-05-11 09:07:00,318,318,318,318,0
2022-05-11 09:08:00,318,318,318,318,0
2022-05-11 09:09:00,318,318,318,318,0
2022-05-11 09:10:00,318,318,318,318,0
2022-05-11 09:11:00,318,318,318,318,0
2022-05-11 09:12:00,318,318,318,318,0
2022-05-11 09:13:00,318,318,318,318,0
2022-05-11 09:14:00,318,318,318,318,0
2022-05-11 09:15:00,318,318,318,318,0
2022-05-11 09:16:00,318,318,318,318,0
2022-05-11 09:17:00,318,318,318,318,0
2022-05-11 09:18:00,318,318,318,318,0
2022-05-11 09:19:00,318,318,318,318,0
2022-05-11 09:20:00,318,318,318,318,0
2022-05-11 09:21:00,318,318,318,318,0
2022-05-11 09:22:00,318,318,318,318,0
2022-05-11 09:23:00,300,300,318,318,2200
2022-05-11 09:24:00,300,300,318,318,0
2022-05-11 09:25:00,300,300,318,318,0
2022-05-11 09:26:00,300,300,318,318,0
2022-05-11 09:27:00,300,300,318,318,0
2022-05-11 09:28:00,300,300,300,300,5000
2022-05-11 09:29:00,300,300,300,300,0
2022-05-11 09:30:00,300,300,300,300,0
2022-05-11 09:31:00,300,300,300,300,0
2022-05-11 09:32:00,300,300,300,300,0
2022-05-11 09:33:00,300,300,300,300,0
2022-05-11 09:34:00,300,300,300,300,0
2022-05-11 09:35:00,300,300,300,300,0
2022-05-11 09:36:00,300,300,300,300,0
2022-05-11 09:37:00,300,300,300,300,0
2022-05-11 09:38:00,300,300,300,300,0
2022-05-11 09:39:00,300,300,300,300,0
2022-05-11 09:40:00,300,300,300,300,0
2022-05-11 09:41:00,300,300,300,300,0
2022-05-11 09:42:00,300,300,300,300,0
2022-05-11 09:43:00,300,300,300,300,0
2022-05-11 09:44:00,300,300,300,300,0
2022-05-11 09:45:00,300,300,300,300,0
2022-05-11 09:46:00,300,300,300,300,0
2022-05-11 09:47:00,318,318,318,318,5000
2022-05-11 09:48:00,318,318,318,318,0
2022-05-11 09:49:00,318,318,318,318,100
2022-05-11 09:50:00,318,318,318,318,0
2022-05-11 09:51:00,318,318,318,318,0
2022-05-11 09:52:00,318,318,318,318,0
2022-05-11 09:53:00,318,318,318,318,0
2022-05-11 09:54:00,318,318,318,318,0
2022-05-11 09:55:00,318,318,318,318,0
2022-05-11 09:56:00,318,318,318,318,0
2022-05-11 09:57:00,318,318,318,318,0
2022-05-11 09:58:00,318,318,318,318,0
2022-05-11 09:59:00,318,318,318,318,20000
2022-05-11 10:00:00,318,318,318,318,0
2022-05-11 10:01:00,318,318,318,318,0
2022-05-11 10:02:00,318,318,318,318,0
2022-05-11 10:03:00,318,318,318,318,0
2022-05-11 10:04:00,318,318,318,318,0
2022-05-11 10:05:00,318,318,318,318,0
2022-05-11 10:06:00,318,318,318,318,0
2022-05-11 10:07:00,320,320,320,320,7400
2022-05-11 10:08:00,320,320,320,320,0
2022-05-11 10:09:00,320,320,320,320,0
2022-05-11 10:10:00,320,320,320,320,0
2022-05-11 10:11:00,320,320,320,320,0
2022-05-11 10:12:00,320,320,320,320,0
2022-05-11 10:13:00,320,320,320,320,0
2022-05-11 10:14:00,320,320,320,320,0
2022-05-11 10:15:00,320,320,320,320,0
2022-05-11 10:16:00,320,320,320,320,0
2022-05-11 10:17:00,320,320,320,320,0
2022-05-11 10:18:00,320,320,320,320,0
2022-05-11 10:19:00,320,320,320,320,0
2022-05-11 10:20:00,320,320,320,320,0
2022-05-11 10:21:00,320,320,320,320,0
2022-05-11 10:22:00,320,320,320,320,0
2022-05-11 10:23:00,320,320,320,320,0
2022-05-11 10:24:00,320,320,320,320,0
2022-05-11 10:25:00,320,320,320,320,0
2022-05-11 10:26:00,320,320,320,320,0
2022-05-11 10:27:00,320,320,320,320,0
2022-05-11 10:28:00,320,320,320,320,0
2022-05-11 10:29:00,320,320,320,320,0
2022-05-11 10:30:00,320,320,320,320,0
2022-05-11 10:31:00,320,320,320,320,0
2022-05-11 10:32:00,320,320,320,320,0
2022-05-11 10:33:00,320,320,320,320,0
2022-05-11 10:34:00,320,320,320,320,0
2022-05-11 10:35:00,320,320,320,320,0
2022-05-11 10:36:00,320,320,320,320,0
2022-05-11 10:37:00,320,320,320,320,0
2022-05-11 10:38:00,320,320,320,320,0
2022-05-11 10:39:00,320,320,320,320,0
2022-05-11 10:40:00,320,320,320,320,0
2022-05-11 10:41:00,320,320,320,320,0
2022-05-11 10:42:00,320,320,320,320,0
2022-05-11 10:43:00,320,320,320,320,0
2022-05-11 10:44:00,320,320,320,320,0
2022-05-11 10:45:00,320,320,320,320,0
2022-05-11 10:46:00,320,320,320,320,0
2022-05-11 10:47:00,320,320,320,320,0
2022-05-11 10:48:00,318,318,318,318,39800
2022-05-11 10:49:00,318,318,318,318,0
2022-05-11 10:50:00,318,318,318,318,0
2022-05-11 10:51:00,318,318,318,318,0
2022-05-11 10:52:00,318,318,318,318,0
2022-05-11 10:53:00,318,318,318,318,0
2022-05-11 10:54:00,318,318,318,318,0
2022-05-11 10:55:00,318,318,318,318,0
2022-05-11 10:56:00,318,318,318,318,0
2022-05-11 10:57:00,318,318,318,318,0
2022-05-11 10:58:00,318,318,318,318,0
2022-05-11 10:59:00,318,318,318,318,0
2022-05-11 11:00:00,318,318,318,318,0
2022-05-11 11:01:00,318,318,318,318,0
2022-05-11 11:02:00,318,318,318,318,0
2022-05-11 11:03:00,318,318,318,318,0
2022-05-11 11:04:00,318,318,318,318,0
2022-05-11 11:05:00,318,318,318,318,0
2022-05-11 11:06:00,318,318,318,318,0
2022-05-11 11:07:00,318,318,318,318,0
2022-05-11 11:08:00,318,318,318,318,0
2022-05-11 11:09:00,318,318,318,318,0
2022-05-11 11:10:00,318,318,318,318,0
2022-05-11 11:11:00,318,318,318,318,0
2022-05-11 11:12:00,318,318,318,318,0
2022-05-11 11:13:00,318,318,318,318,0
2022-05-11 11:14:00,318,318,318,318,0
2022-05-11 11:15:00,318,318,318,318,0
2022-05-11 11:16:00,318,318,318,318,0
2022-05-11 11:17:00,318,318,318,318,0
2022-05-11 11:18:00,318,318,318,318,0
2022-05-11 11:19:00,318,318,318,318,0
2022-05-11 11:20:00,318,318,318,318,0
2022-05-11 11:21:00,318,318,318,318,0
2022-05-11 11:22:00,318,318,318,318,100
2022-05-11 11:23:00,320,320,320,320,100
2022-05-11 11:24:00,320,320,320,320,0
2022-05-11 11:25:00,320,320,320,320,0
2022-05-11 11:26:00,320,320,320,320,0
2022-05-11 11:27:00,320,320,320,320,0
2022-05-11 11:28:00,320,320,320,320,0
2022-05-11 11:29:00,320,320,320,320,0
2022-05-11 11:30:00,320,320,320,320,0
2022-05-11 11:31:00,320,320,320,320,0
2022-05-11 11:32:00,320,320,320,320,0
2022-05-11 11:33:00,320,320,320,320,0
2022-05-11 11:34:00,320,320,320,320,0
2022-05-11 11:35:00,320,320,320,320,0
2022-05-11 11:36:00,320,320,320,320,0
2022-05-11 11:37:00,320,320,320,320,0
2022-05-11 11:38:00,320,320,320,320,0
2022-05-11 11:39:00,320,320,320,320,0
2022-05-11 11:40:00,320,320,320,320,0
2022-05-11 11:41:00,320,320,320,320,0
2022-05-11 11:42:00,320,320,320,320,0
2022-05-11 11:43:00,320,320,320,320,0
2022-05-11 11:44:00,320,320,320,320,0
2022-05-11 11:45:00,320,320,320,320,0
2022-05-11 11:46:00,320,320,320,320,0
2022-05-11 11:47:00,320,320,320,320,0
2022-05-11 11:48:00,320,320,320,320,0
2022-05-11 11:49:00,320,320,320,320,0
2022-05-11 11:50:00,320,320,320,320,0
2022-05-11 11:51:00,320,320,320,320,0
2022-05-11 11:52:00,320,320,320,320,0
2022-05-11 11:53:00,320,320,320,320,0
2022-05-11 11:54:00,320,320,320,320,0
2022-05-11 11:55:00,320,320,320,320,0
2022-05-11 11:56:00,320,320,320,320,0
2022-05-11 11:57:00,320,320,320,320,0
2022-05-11 11:58:00,320,320,320,320,0
2022-05-11 11:59:00,320,320,320,320,0
2022-05-11 12:00:00,320,320,320,320,0
2022-05-11 12:01:00,320,320,320,320,0
2022-05-11 12:02:00,320,320,320,320,0
2022-05-11 12:03:00,320,320,320,320,0
2022-05-11 12:04:00,320,320,320,320,0
2022-05-11 12:05:00,320,320,320,320,0
2022-05-11 12:06:00,320,320,320,320,0
2022-05-11 12:07:00,320,320,320,320,0
2022-05-11 12:08:00,320,320,320,320,0
2022-05-11 12:09:00,320,320,320,320,0
2022-05-11 12:10:00,320,320,320,320,0
2022-05-11 12:11:00,320,320,320,320,0
2022-05-11 12:12:00,320,320,320,320,0
2022-05-11 12:13:00,320,320,320,320,0
2022-05-11 12:14:00,320,320,320,320,0
2022-05-11 12:15:00,320,320,320,320,0
2022-05-11 12:16:00,320,320,320,320,0
2022-05-11 12:17:00,320,320,320,320,0
2022-05-11 12:18:00,320,320,320,320,0
2022-05-11 12:19:00,320,320,320,320,0
2022-05-11 12:20:00,320,320,320,320,0
2022-05-11 12:21:00,320,320,320,320,0
2022-05-11 12:22:00,320,320,320,320,0
2022-05-11 12:23:00,320,320,320,320,0
2022-05-11 12:24:00,320,320,320,320,0
2022-05-11 12:25:00,320,320,320,320,0
2022-05-11 12:26:00,320,320,320,320,0
2022-05-11 12:27:00,320,320,320,320,0
2022-05-11 12:28:00,320,320,320,320,0
2022-05-11 12:29:00,320,320,320,320,0
2022-05-11 12:30:00,320,320,320,320,0
2022-05-11 12:31:00,320,320,320,320,0
2022-05-11 12:32:00,320,320,320,320,0
2022-05-11 12:33:00,320,320,320,320,0
2022-05-11 12:34:00,320,320,320,320,0
2022-05-11 12:35:00,320,320,320,320,0
2022-05-11 12:36:00,320,320,320,320,0
2022-05-11 12:37:00,320,320,320,320,0
2022-05-11 12:38:00,320,320,320,320,0
2022-05-11 12:39:00,320,320,320,320,0
2022-05-11 12:40:00,320,320,320,320,0
2022-05-11 12:41:00,320,320,320,320,0
2022-05-11 12:42:00,320,320,320,320,0
2022-05-11 12:43:00,320,320,320,320,0
2022-05-11 12:44:00,320,320,320,320,0
2022-05-11 12:45:00,320,320,320,320,0
2022-05-11 12:46:00,320,320,320,320,0
2022-05-11 12:47:00,320,320,320,320,0
2022-05-11 12:48:00,320,320,320,320,0
2022-05-11 12:49:00,320,320,320,320,0
2022-05-11 12:50:00,320,320,320,320,0
2022-05-11 12:51:00,320,320,320,320,0
2022-05-11 12:52:00,320,320,320,320,0
2022-05-11 12:53:00,320,320,320,320,0
2022-05-11 12:54:00,320,320,320,320,0
2022-05-11 12:55:00,320,320,320,320,0
2022-05-11 12:56:00,320,320,320,320,0
2022-05-11 12:57:00,320,320,320,320,0
2022-05-11 12:58:00,320,320,320,320,0
2022-05-11 12:59:00,320,320,320,320,0
2022-05-11 13:00:00,320,320,320,320,0
2022-05-11 13:01:00,320,320,320,320,0
2022-05-11 13:02:00,320,320,320,320,0
2022-05-11 13:03:00,320,320,320,320,0
2022-05-11 13:04:00,320,320,320,320,0
2022-05-11 13:05:00,320,320,320,320,0
2022-05-11 13:06:00,320,320,320,320,0
2022-05-11 13:07:00,320,320,320,320,0
2022-05-11 13:08:00,320,320,320,320,0
2022-05-11 13:09:00,320,320,320,320,0
2022-05-11 13:10:00,320,320,320,320,0
2022-05-11 13:11:00,320,320,320,320,0
2022-05-11 13:12:00,320,320,320,320,0
2022-05-11 13:13:00,320,320,320,320,0
2022-05-11 13:14:00,320,320,320,320,0
2022-05-11 13:15:00,320,320,320,320,0
2022-05-11 13:16:00,320,320,320,320,0
2022-05-11 13:17:00,320,320,320,320,0
2022-05-11 13:18:00,320,320,320,320,0
2022-05-11 13:19:00,320,320,320,320,0
2022-05-11 13:20:00,320,320,320,320,0
2022-05-11 13:21:00,320,320,320,320,0
2022-05-11 13:22:00,320,320,320,320,0
2022-05-11 13:23:00,320,320,320,320,0
2022-05-11 13:24:00,320,320,320,320,0
2022-05-11 13:25:00,320,320,320,320,0
2022-05-11 13:26:00,320,320,320,320,0
2022-05-11 13:27:00,320,320,320,320,0
2022-05-11 13:28:00,320,320,320,320,0
2022-05-11 13:29:00,320,320,320,320,0
2022-05-11 13:30:00,320,320,320,320,0
2022-05-11 13:31:00,320,320,320,320,0
2022-05-11 13:32:00,320,320,320,320,0
2022-05-11 13:33:00,320,320,320,320,0
2022-05-11 13:34:00,320,320,320,320,0
2022-05-11 13:35:00,320,320,320,320,0
2022-05-11 13:36:00,320,320,320,320,0
2022-05-11 13:37:00,320,320,320,320,0
2022-05-11 13:38:00,320,320,320,320,0
2022-05-11 13:39:00,320,320,320,320,0
2022-05-11 13:40:00,320,320,320,320,0
2022-05-11 13:41:00,320,320,320,320,0
2022-05-11 13:42:00,320,320,320,320,0
2022-05-11 13:43:00,320,320,320,320,0
2022-05-11 13:44:00,318,318,318,318,1000
2022-05-11 13:45:00,318,318,318,318,0
2022-05-11 13:46:00,318,318,318,318,0
2022-05-11 13:47:00,318,318,318,318,0
2022-05-11 13:48:00,318,318,318,318,0
2022-05-11 13:49:00,318,318,318,318,0
2022-05-11 13:50:00,318,318,318,318,0
2022-05-11 13:51:00,318,318,318,318,0
2022-05-11 13:52:00,318,318,318,318,0
2022-05-11 13:53:00,318,318,318,318,0
2022-05-11 13:54:00,318,318,318,318,0
2022-05-11 13:55:00,320,320,320,320,800
2022-05-11 13:56:00,320,320,320,320,0
2022-05-11 13:57:00,320,320,320,320,900
2022-05-11 13:58:00,320,320,320,320,0
2022-05-11 13:59:00,320,320,320,320,0
2022-05-11 14:00:00,320,320,320,320,0
2022-05-11 14:01:00,320,320,320,320,0
2022-05-11 14:02:00,320,320,320,320,0
2022-05-11 14:03:00,320,320,320,320,0
2022-05-11 14:04:00,320,320,320,320,0
2022-05-11 14:05:00,320,320,320,320,0
2022-05-11 14:06:00,320,320,320,320,0
2022-05-11 14:07:00,320,320,320,320,0
2022-05-11 14:08:00,320,320,320,320,0
2022-05-11 14:09:00,320,320,320,320,0
2022-05-11 14:10:00,320,320,320,320,0
2022-05-11 14:11:00,320,320,320,320,0
2022-05-11 14:12:00,320,320,320,320,0
2022-05-11 14:13:00,320,320,320,320,0
2022-05-11 14:14:00,320,320,320,320,0
2022-05-11 14:15:00,320,320,320,320,0
2022-05-11 14:16:00,318,318,318,318,1000
2022-05-11 14:17:00,318,318,318,318,0
2022-05-11 14:18:00,318,318,318,318,0
2022-05-11 14:19:00,318,318,318,318,0
2022-05-11 14:20:00,318,318,318,318,0
2022-05-11 14:21:00,318,318,318,318,0
2022-05-11 14:22:00,318,318,318,318,0
2022-05-11 14:23:00,318,318,318,318,0
2022-05-11 14:24:00,318,318,318,318,0
2022-05-11 14:25:00,318,318,318,318,0
2022-05-11 14:26:00,318,318,318,318,0
2022-05-11 14:27:00,318,318,318,318,0
2022-05-11 14:28:00,318,318,318,318,0
2022-05-11 14:29:00,318,318,318,318,0
2022-05-11 14:30:00,318,318,318,318,0
2022-05-11 14:31:00,318,318,318,318,0
2022-05-11 14:32:00,318,318,318,318,0
2022-05-11 14:33:00,318,318,318,318,0
2022-05-11 14:34:00,318,318,318,318,0
2022-05-11 14:35:00,318,318,318,318,0
2022-05-11 14:36:00,318,318,318,318,0
2022-05-11 14:37:00,318,318,318,318,0
2022-05-11 14:38:00,318,318,318,318,0
2022-05-11 14:39:00,318,318,318,318,0
2022-05-11 14:40:00,318,318,318,318,0
2022-05-11 14:41:00,318,318,318,318,0
2022-05-11 14:42:00,318,318,318,318,0
2022-05-11 14:43:00,318,318,318,318,0
2022-05-11 14:44:00,318,318,318,318,0
2022-05-11 14:45:00,318,318,318,318,0
2022-05-11 14:46:00,318,318,318,318,0
2022-05-11 14:47:00,318,318,318,318,0
2022-05-11 14:48:00,318,318,318,318,0
2022-05-11 14:49:00,318,318,318,318,0
2022-05-11 14:50:00,318,318,318,318,0
2022-05-11 14:51:00,318,318,318,318,0
2022-05-11 14:52:00,318,318,318,318,0
2022-05-11 14:53:00,318,318,318,318,0
2022-05-11 14:54:00,318,318,318,318,0
2022-05-11 14:55:00,318,318,318,318,0
2022-05-11 14:56:00,318,318,318,318,0
2022-05-11 14:57:00,318,318,318,318,0
2022-05-11 14:58:00,318,318,318,318,0
2022-05-11 14:59:00,318,318,318,318,0
2022-05-11 15:00:00,318,318,318,318,10300
2022-05-11 15:01:00,318,318,318,318,0
2022-05-11 15:02:00,318,318,318,318,0
2022-05-11 15:03:00,318,318,318,318,0
2022-05-11 15:04:00,318,318,318,318,0
2022-05-11 15:05:00,318,318,318,318,0
2022-05-11 15:06:00,318,318,318,318,0
2022-05-11 15:07:00,318,318,318,318,0
2022-05-11 15:08:00,318,318,318,318,0
2022-05-11 15:09:00,318,318,318,318,0
2022-05-11 15:10:00,318,318,318,318,0
2022-05-11 15:11:00,318,318,318,318,0
2022-05-11 15:12:00,318,318,318,318,0
2022-05-11 15:13:00,318,318,318,318,0
2022-05-11 15:14:00,318,318,318,318,0
2022-05-11 15:15:00,318,318,318,318,0
2022-05-11 15:16:00,318,318,318,318,0
2022-05-11 15:17:00,318,318,318,318,0
2022-05-11 15:18:00,318,318,318,318,0
2022-05-11 15:19:00,318,318,318,318,0
2022-05-11 15:20:00,318,318,318,318,0
2022-05-11 15:21:00,318,318,318,318,0
2022-05-11 15:22:00,318,318,318,318,0
2022-05-11 15:23:00,318,318,318,318,0
2022-05-11 15:24:00,318,318,318,318,0
2022-05-11 15:25:00,318,318,318,318,0
2022-05-11 15:26:00,318,318,318,318,0
2022-05-11 15:27:00,318,318,318,318,0
2022-05-11 15:28:00,318,318,318,318,0
2022-05-11 15:29:00,318,318,318,318,0
2022-05-11 15:30:00,318,318,318,318,0
2022-05-11 15:31:00,318,318,318,318,0
2022-05-11 15:32:00,318,318,318,318,0
2022-05-11 15:33:00,318,318,318,318,0
2022-05-11 15:34:00,318,318,318,318,0
2022-05-11 15:35:00,318,318,318,318,0
2022-05-11 15:36:00,318,318,318,318,0
2022-05-11 15:37:00,318,318,318,318,0
2022-05-11 15:38:00,318,318,318,318,0
2022-05-11 15:39:00,318,318,318,318,0
2022-05-11 15:40:00,318,318,318,318,0
2022-05-11 15:41:00,318,318,318,318,0
2022-05-11 15:42:00,318,318,318,318,0
2022-05-11 15:43:00,318,318,318,318,0
2022-05-11 15:44:00,318,318,318,318,0
2022-05-11 15:45:00,318,318,318,318,0
2022-05-11 15:46:00,318,318,318,318,0
2022-05-11 15:47:00,318,318,318,318,0
2022-05-11 15:48:00,318,318,318,318,0
2022-05-11 15:49:00,318,318,318,318,0
2022-05-11 15:50:00,318,318,318,318,0
2022-05-11 15:51:00,318,318,318,318,0
2022-05-11 15:52:00,318,318,318,318,0
2022-05-11 15:53:00,318,318,318,318,0
2022-05-11 15:54:00,318,318,318,318,0
2022-05-11 15:55:00,318,318,318,318,0
2022-05-11 15:56:00,318,318,318,318,0
2022-05-11 15:57:00,318,318,318,318,0
2022-05-11 15:58:00,318,318,318,318,0
2022-05-11 15:59:00,318,318,318,318,0
2022-05-12 09:00:00,318,318,318,318,0
2022-05-12 09:01:00,318,318,318,318,0
2022-05-12 09:02:00,318,318,318,318,0
2022-05-12 09:03:00,318,318,318,318,0
2022-05-12 09:04:00,318,318,318,318,0
2022-05-12 09:05:00,318,318,318,318,0
2022-05-12 09:06:00,318,318,318,318,0
2022-05-12 09:07:00,318,318,318,318,0
2022-05-12 09:08:00,318,318,318,318,0
2022-05-12 09:09:00,318,318,318,318,0
2022-05-12 09:10:00,318,318,318,318,0
2022-05-12 09:11:00,318,318,318,318,0
2022-05-12 09:12:00,318,318,318,318,0
2022-05-12 09:13:00,318,318,318,318,300
2022-05-12 09:14:00,318,318,318,318,0
2022-05-12 09:15:00,318,318,318,318,0
2022-05-12 09:16:00,318,318,318,318,0
2022-05-12 09:17:00,318,318,318,318,0
2022-05-12 09:18:00,318,318,318,318,0
2022-05-12 09:19:00,318,318,318,318,0
2022-05-12 09:20:00,318,318,318,318,0
2022-05-12 09:21:00,318,318,318,318,0
2022-05-12 09:22:00,318,318,318,318,0
2022-05-12 09:23:00,318,318,318,318,0
2022-05-12 09:24:00,318,318,318,318,0
2022-05-12 09:25:00,318,318,318,318,0
2022-05-12 09:26:00,318,318,318,318,0
2022-05-12 09:27:00,318,318,318,318,0
2022-05-12 09:28:00,318,318,318,318,0
2022-05-12 09:29:00,318,318,318,318,0
2022-05-12 09:30:00,318,318,318,318,0
2022-05-12 09:31:00,318,318,318,318,0
2022-05-12 09:32:00,318,318,318,318,0
2022-05-12 09:33:00,318,318,318,318,0
2022-05-12 09:34:00,318,318,318,318,0
2022-05-12 09:35:00,318,318,318,318,0
2022-05-12 09:36:00,318,318,318,318,0
2022-05-12 09:37:00,318,318,318,318,0
2022-05-12 09:38:00,318,318,318,318,0
2022-05-12 09:39:00,318,318,318,318,0
2022-05-12 09:40:00,318,318,318,318,0
2022-05-12 09:41:00,318,318,318,318,0
2022-05-12 09:42:00,318,318,318,318,0
2022-05-12 09:43:00,318,318,318,318,0
2022-05-12 09:44:00,296,296,296,296,5900
2022-05-12 09:45:00,296,296,296,296,0
2022-05-12 09:46:00,296,296,296,296,0
2022-05-12 09:47:00,296,296,296,296,0
2022-05-12 09:48:00,296,296,296,296,1100
2022-05-12 09:49:00,296,296,296,296,0
2022-05-12 09:50:00,296,296,296,296,0
2022-05-12 09:51:00,296,296,296,296,0
2022-05-12 09:52:00,296,296,296,296,1500
2022-05-12 09:53:00,296,296,296,296,500
2022-05-12 09:54:00,296,296,296,296,0
2022-05-12 09:55:00,296,296,296,296,100
2022-05-12 09:56:00,296,296,296,296,0
2022-05-12 09:57:00,296,296,296,296,0
2022-05-12 09:58:00,296,296,296,296,0
2022-05-12 09:59:00,296,296,296,296,0
2022-05-12 10:00:00,296,296,296,296,0
2022-05-12 10:01:00,296,296,296,296,0
2022-05-12 10:02:00,296,296,296,296,0
2022-05-12 10:03:00,296,296,296,296,0
2022-05-12 10:04:00,296,296,296,296,0
2022-05-12 10:05:00,296,296,296,296,0
2022-05-12 10:06:00,296,296,296,296,0
2022-05-12 10:07:00,296,296,296,296,0
2022-05-12 10:08:00,296,296,296,296,0
2022-05-12 10:09:00,296,296,296,296,0
2022-05-12 10:10:00,296,296,296,296,0
2022-05-12 10:11:00,296,296,296,296,0
2022-05-12 10:12:00,296,296,296,296,0
2022-05-12 10:13:00,296,296,296,296,0
2022-05-12 10:14:00,296,296,296,296,0
2022-05-12 10:15:00,296,296,296,296,0
2022-05-12 10:16:00,296,296,296,296,0
2022-05-12 10:17:00,296,296,296,296,0
2022-05-12 10:18:00,296,296,296,296,0
2022-05-12 10:19:00,296,296,296,296,0
2022-05-12 10:20:00,296,296,296,296,0
2022-05-12 10:21:00,296,296,296,296,0
2022-05-12 10:22:00,296,296,296,296,0
2022-05-12 10:23:00,296,296,296,296,0
2022-05-12 10:24:00,296,296,296,296,0
2022-05-12 10:25:00,296,296,296,296,0
2022-05-12 10:26:00,296,296,296,296,0
2022-05-12 10:27:00,296,296,296,296,0
2022-05-12 10:28:00,296,296,296,296,0
2022-05-12 10:29:00,296,296,296,296,5100
2022-05-12 10:30:00,296,296,296,296,0
2022-05-12 10:31:00,296,296,296,296,0
2022-05-12 10:32:00,296,296,296,296,200
2022-05-12 10:33:00,296,296,296,296,0
2022-05-12 10:34:00,296,296,296,296,0
2022-05-12 10:35:00,296,296,296,296,0
2022-05-12 10:36:00,296,296,296,296,0
2022-05-12 10:37:00,296,296,296,296,0
2022-05-12 10:38:00,296,296,296,296,0
2022-05-12 10:39:00,296,296,296,296,0
2022-05-12 10:40:00,296,296,296,296,0
2022-05-12 10:41:00,296,296,296,296,0
2022-05-12 10:42:00,296,296,296,296,0
2022-05-12 10:43:00,296,296,296,296,0
2022-05-12 10:44:00,296,296,296,296,0
2022-05-12 10:45:00,296,296,296,296,0
2022-05-12 10:46:00,296,296,296,296,0
2022-05-12 10:47:00,296,296,296,296,0
2022-05-12 10:48:00,296,296,296,296,0
2022-05-12 10:49:00,296,296,296,296,0
2022-05-12 10:50:00,296,296,296,296,0
2022-05-12 10:51:00,296,296,296,296,0
2022-05-12 10:52:00,296,296,296,296,0
2022-05-12 10:53:00,296,296,296,296,0
2022-05-12 10:54:00,296,296,296,296,0
2022-05-12 10:55:00,296,296,296,296,0
2022-05-12 10:56:00,296,296,296,296,0
2022-05-12 10:57:00,296,296,296,296,0
2022-05-12 10:58:00,296,296,296,296,0
2022-05-12 10:59:00,296,296,296,296,0
2022-05-12 11:00:00,296,296,296,296,0
2022-05-12 11:01:00,296,296,296,296,0
2022-05-12 11:02:00,296,296,296,296,0
2022-05-12 11:03:00,296,296,296,296,0
2022-05-12 11:04:00,296,296,296,296,0
2022-05-12 11:05:00,296,296,296,296,0
2022-05-12 11:06:00,296,296,296,296,0
2022-05-12 11:07:00,296,296,296,296,0
2022-05-12 11:08:00,296,296,296,296,0
2022-05-12 11:09:00,296,296,296,296,0
2022-05-12 11:10:00,296,296,296,296,0
2022-05-12 11:11:00,296,296,296,296,0
2022-05-12 11:12:00,296,296,296,296,0
2022-05-12 11:13:00,296,296,296,296,0
2022-05-12 11:14:00,296,296,296,296,0
2022-05-12 11:15:00,296,296,296,296,0
2022-05-12 11:16:00,296,296,296,296,0
2022-05-12 11:17:00,296,296,296,296,0
2022-05-12 11:18:00,296,296,296,296,0
2022-05-12 11:19:00,296,296,296,296,0
2022-05-12 11:20:00,296,296,296,296,0
2022-05-12 11:21:00,296,296,296,296,0
2022-05-12 11:22:00,296,296,296,296,0
2022-05-12 11:23:00,296,296,296,296,0
2022-05-12 11:24:00,296,296,296,296,0
2022-05-12 11:25:00,296,296,296,296,0
2022-05-12 11:26:00,296,296,296,296,0
2022-05-12 11:27:00,296,296,296,296,0
2022-05-12 11:28:00,296,296,296,296,0
2022-05-12 11:29:00,296,296,296,296,0
2022-05-12 11:30:00,296,296,296,296,0
2022-05-12 11:31:00,296,296,296,296,0
2022-05-12 11:32:00,296,296,296,296,0
2022-05-12 11:33:00,296,296,296,296,0
2022-05-12 11:34:00,296,296,296,296,0
2022-05-12 11:35:00,296,296,296,296,0
2022-05-12 11:36:00,296,296,296,296,0
2022-05-12 11:37:00,296,296,296,296,0
2022-05-12 11:38:00,296,296,296,296,0
2022-05-12 11:39:00,296,296,296,296,0
2022-05-12 11:40:00,296,296,296,296,0
2022-05-12 11:41:00,296,296,296,296,0
2022-05-12 11:42:00,296,296,296,296,0
2022-05-12 11:43:00,296,296,296,296,0
2022-05-12 11:44:00,296,296,296,296,0
2022-05-12 11:45:00,296,296,296,296,0
2022-05-12 11:46:00,296,296,296,296,0
2022-05-12 11:47:00,296,296,296,296,0
2022-05-12 11:48:00,296,296,296,296,0
2022-05-12 11:49:00,296,296,296,296,0
2022-05-12 11:50:00,296,296,296,296,0
2022-05-12 11:51:00,296,296,296,296,0
2022-05-12 11:52:00,296,296,296,296,0
2022-05-12 11:53:00,296,296,296,296,0
2022-05-12 11:54:00,296,296,296,296,0
2022-05-12 11:55:00,296,296,296,296,0
2022-05-12 11:56:00,296,296,296,296,0
2022-05-12 11:57:00,296,296,296,296,0
2022-05-12 11:58:00,296,296,296,296,0
2022-05-12 11:59:00,296,296,296,296,0
2022-05-12 12:00:00,296,296,296,296,0
2022-05-12 12:01:00,296,296,296,296,0
2022-05-12 12:02:00,296,296,296,296,0
2022-05-12 12:03:00,296,296,296,296,0
2022-05-12 12:04:00,296,296,296,296,0
2022-05-12 12:05:00,296,296,296,296,0
2022-05-12 12:06:00,296,296,296,296,0
2022-05-12 12:07:00,296,296,296,296,0
2022-05-12 12:08:00,296,296,296,296,0
2022-05-12 12:09:00,296,296,296,296,0
2022-05-12 12:10:00,296,296,296,296,0
2022-05-12 12:11:00,296,296,296,296,0
2022-05-12 12:12:00,296,296,296,296,0
2022-05-12 12:13:00,296,296,296,296,0
2022-05-12 12:14:00,296,296,296,296,0
2022-05-12 12:15:00,296,296,296,296,0
2022-05-12 12:16:00,296,296,296,296,0
2022-05-12 12:17:00,296,296,296,296,0
2022-05-12 12:18:00,296,296,296,296,0
2022-05-12 12:19:00,296,296,296,296,0
2022-05-12 12:20:00,296,296,296,296,0
2022-05-12 12:21:00,296,296,296,296,0
2022-05-12 12:22:00,296,296,296,296,0
2022-05-12 12:23:00,296,296,296,296,0
2022-05-12 12:24:00,296,296,296,296,0
2022-05-12 12:25:00,296,296,296,296,0
2022-05-12 12:26:00,296,296,296,296,0
2022-05-12 12:27:00,296,296,296,296,0
2022-05-12 12:28:00,296,296,296,296,0
2022-05-12 12:29:00,296,296,296,296,0
2022-05-12 12:30:00,296,296,296,296,0
2022-05-12 12:31:00,296,296,296,296,0
2022-05-12 12:32:00,296,296,296,296,0
2022-05-12 12:33:00,296,296,296,296,0
2022-05-12 12:34:00,296,296,296,296,0
2022-05-12 12:35:00,296,296,296,296,0
2022-05-12 12:36:00,296,296,296,296,0
2022-05-12 12:37:00,296,296,296,296,0
2022-05-12 12:38:00,296,296,296,296,0
2022-05-12 12:39:00,296,296,296,296,0
2022-05-12 12:40:00,296,296,296,296,0
2022-05-12 12:41:00,296,296,296,296,0
2022-05-12 12:42:00,296,296,296,296,0
2022-05-12 12:43:00,296,296,296,296,0
2022-05-12 12:44:00,296,296,296,296,0
2022-05-12 12:45:00,296,296,296,296,0
2022-05-12 12:46:00,296,296,296,296,0
2022-05-12 12:47:00,296,296,296,296,0
2022-05-12 12:48:00,296,296,296,296,0
2022-05-12 12:49:00,296,296,296,296,0
2022-05-12 12:50:00,296,296,296,296,0
2022-05-12 12:51:00,296,296,296,296,0
2022-05-12 12:52:00,296,296,296,296,0
2022-05-12 12:53:00,296,296,296,296,0
2022-05-12 12:54:00,296,296,296,296,0
2022-05-12 12:55:00,296,296,296,296,0
2022-05-12 12:56:00,296,296,296,296,0
2022-05-12 12:57:00,296,296,296,296,0
2022-05-12 12:58:00,296,296,296,296,0
2022-05-12 12:59:00,296,296,296,296,0
2022-05-12 13:00:00,296,296,296,296,0
2022-05-12 13:01:00,296,296,296,296,0
2022-05-12 13:02:00,296,296,296,296,0
2022-05-12 13:03:00,296,296,296,296,0
2022-05-12 13:04:00,296,296,296,296,0
2022-05-12 13:05:00,296,296,296,296,0
2022-05-12 13:06:00,296,296,296,296,0
2022-05-12 13:07:00,296,296,296,296,0
2022-05-12 13:08:00,296,296,296,296,0
2022-05-12 13:09:00,296,296,296,296,0
2022-05-12 13:10:00,296,296,296,296,0
2022-05-12 13:11:00,296,296,296,296,0
2022-05-12 13:12:00,296,296,296,296,0
2022-05-12 13:13:00,296,296,296,296,0
2022-05-12 13:14:00,296,296,296,296,0
2022-05-12 13:15:00,296,296,296,296,0
2022-05-12 13:16:00,296,296,296,296,0
2022-05-12 13:17:00,296,296,296,296,0
2022-05-12 13:18:00,296,296,296,296,0
2022-05-12 13:19:00,296,296,296,296,0
2022-05-12 13:20:00,296,296,296,296,0
2022-05-12 13:21:00,296,296,296,296,0
2022-05-12 13:22:00,296,296,296,296,0
2022-05-12 13:23:00,296,296,296,296,0
2022-05-12 13:24:00,296,296,296,296,0
2022-05-12 13:25:00,296,296,296,296,0
2022-05-12 13:26:00,296,296,296,296,0
2022-05-12 13:27:00,296,296,296,296,0
2022-05-12 13:28:00,296,296,296,296,0
2022-05-12 13:29:00,296,296,296,296,0
2022-05-12 13:30:00,296,296,296,296,200
2022-05-12 13:31:00,296,296,296,296,0
2022-05-12 13:32:00,296,296,296,296,0
2022-05-12 13:33:00,296,296,296,296,0
2022-05-12 13:34:00,296,296,296,296,0
2022-05-12 13:35:00,296,296,296,296,0
2022-05-12 13:36:00,296,296,296,296,0
2022-05-12 13:37:00,296,296,296,296,0
2022-05-12 13:38:00,296,296,296,296,1500
2022-05-12 13:39:00,296,296,296,296,0
2022-05-12 13:40:00,296,296,296,296,0
2022-05-12 13:41:00,296,296,296,296,0
2022-05-12 13:42:00,296,296,296,296,0
2022-05-12 13:43:00,296,296,296,296,0
2022-05-12 13:44:00,296,296,296,296,0
2022-05-12 13:45:00,296,296,296,296,0
2022-05-12 13:46:00,296,296,296,296,0
2022-05-12 13:47:00,296,296,296,296,500
2022-05-12 13:48:00,296,296,296,296,0
2022-05-12 13:49:00,296,296,296,296,0
2022-05-12 13:50:00,296,296,296,296,0
2022-05-12 13:51:00,296,296,296,296,0
2022-05-12 13:52:00,296,296,296,296,0
2022-05-12 13:53:00,296,296,296,296,0
2022-05-12 13:54:00,296,296,296,296,0
2022-05-12 13:55:00,296,296,296,296,0
2022-05-12 13:56:00,296,296,296,296,0
2022-05-12 13:57:00,296,296,296,296,0
2022-05-12 13:58:00,296,296,296,296,0
2022-05-12 13:59:00,296,296,296,296,0
2022-05-12 14:00:00,296,296,296,296,1800
2022-05-12 14:01:00,296,296,296,296,0
2022-05-12 14:02:00,296,296,296,296,0
2022-05-12 14:03:00,296,296,296,296,0
2022-05-12 14:04:00,296,296,296,296,0
2022-05-12 14:05:00,296,296,296,296,0
2022-05-12 14:06:00,296,296,296,296,0
2022-05-12 14:07:00,296,296,296,296,0
2022-05-12 14:08:00,296,296,296,296,0
2022-05-12 14:09:00,296,296,296,296,0
2022-05-12 14:10:00,296,296,296,296,0
2022-05-12 14:11:00,296,296,296,296,0
2022-05-12 14:12:00,296,296,296,296,0
2022-05-12 14:13:00,296,296,296,296,0
2022-05-12 14:14:00,296,296,296,296,0
2022-05-12 14:15:00,296,296,296,296,0
2022-05-12 14:16:00,296,296,296,296,0
2022-05-12 14:17:00,296,296,296,296,0
2022-05-12 14:18:00,296,296,296,296,0
2022-05-12 14:19:00,296,296,296,296,0
2022-05-12 14:20:00,296,296,296,296,0
2022-05-12 14:21:00,296,296,296,296,0
2022-05-12 14:22:00,296,296,296,296,0
2022-05-12 14:23:00,296,296,296,296,0
2022-05-12 14:24:00,296,296,296,296,0
2022-05-12 14:25:00,296,296,296,296,0
2022-05-12 14:26:00,296,296,296,296,0
2022-05-12 14:27:00,296,296,296,296,0
2022-05-12 14:28:00,296,296,296,296,0
2022-05-12 14:29:00,296,296,296,296,0
2022-05-12 14:30:00,296,296,296,296,0
2022-05-12 14:31:00,296,296,296,296,0
2022-05-12 14:32:00,296,296,296,296,0
2022-05-12 14:33:00,296,296,296,296,0
2022-05-12 14:34:00,296,296,296,296,0
2022-05-12 14:35:00,296,296,296,296,0
2022-05-12 14:36:00,296,296,296,296,0
2022-05-12 14:37:00,296,296,296,296,0
2022-05-12 14:38:00,296,296,296,296,0
2022-05-12 14:39:00,296,296,296,296,0
2022-05-12 14:40:00,296,296,296,296,0
2022-05-12 14:41:00,296,296,296,296,0
2022-05-12 14:42:00,296,296,296,296,0
2022-05-12 14:43:00,296,296,296,296,0
2022-05-12 14:44:00,296,296,296,296,0
2022-05-12 14:45:00,296,296,296,296,0
2022-05-12 14:46:00,296,296,296,296,0
2022-05-12 14:47:00,296,296,296,296,0
2022-05-12 14:48:00,296,296,296,296,0
2022-05-12 14:49:00,296,296,296,296,0
2022-05-12 14:50:00,296,296,296,296,0
2022-05-12 14:51:00,296,296,296,296,0
2022-05-12 14:52:00,296,296,296,296,0
2022-05-12 14:53:00,296,296,296,296,0
2022-05-12 14:54:00,296,296,296,296,0
2022-05-12 14:55:00,296,296,296,296,0
2022-05-12 14:56:00,296,296,296,296,0
2022-05-12 14:57:00,296,296,296,296,0
2022-05-12 14:58:00,296,296,296,296,0
2022-05-12 14:59:00,296,296,296,296,0
2022-05-12 15:00:00,296,296,296,296,7000
2022-05-12 15:01:00,296,296,296,296,0
2022-05-12 15:02:00,296,296,296,296,0
2022-05-12 15:03:00,296,296,296,296,0
2022-05-12 15:04:00,296,296,296,296,0
2022-05-12 15:05:00,296,296,296,296,0
2022-05-12 15:06:00,296,296,296,296,0
2022-05-12 15:07:00,296,296,296,296,0
2022-05-12 15:08:00,296,296,296,296,0
2022-05-12 15:09:00,296,296,296,296,0
2022-05-12 15:10:00,296,296,296,296,0
2022-05-12 15:11:00,296,296,296,296,0
2022-05-12 15:12:00,296,296,296,296,0
2022-05-12 15:13:00,296,296,296,296,0
2022-05-12 15:14:00,296,296,296,296,0
2022-05-12 15:15:00,296,296,296,296,0
2022-05-12 15:16:00,296,296,296,296,0
2022-05-12 15:17:00,296,296,296,296,0
2022-05-12 15:18:00,296,296,296,296,0
2022-05-12 15:19:00,296,296,296,296,0
2022-05-12 15:20:00,296,296,296,296,0
2022-05-12 15:21:00,296,296,296,296,0
2022-05-12 15:22:00,296,296,296,296,0
2022-05-12 15:23:00,296,296,296,296,0
2022-05-12 15:24:00,296,296,296,296,0
2022-05-12 15:25:00,296,296,296,296,0
2022-05-12 15:26:00,296,296,296,296,0
2022-05-12 15:27:00,296,296,296,296,0
2022-05-12 15:28:00,296,296,296,296,0
2022-05-12 15:29:00,296,296,296,296,0
2022-05-12 15:30:00,296,296,296,296,0
2022-05-12 15:31:00,296,296,296,296,0
2022-05-12 15:32:00,296,296,296,296,0
2022-05-12 15:33:00,296,296,296,296,0
2022-05-12 15:34:00,296,296,296,296,0
2022-05-12 15:35:00,296,296,296,296,0
2022-05-12 15:36:00,296,296,296,296,0
2022-05-12 15:37:00,296,296,296,296,0
2022-05-12 15:38:00,296,296,296,296,0
2022-05-12 15:39:00,296,296,296,296,0
2022-05-12 15:40:00,296,296,296,296,0
2022-05-12 15:41:00,296,296,296,296,0
2022-05-12 15:42:00,296,296,296,296,0
2022-05-12 15:43:00,296,296,296,296,0
2022-05-12 15:44:00,296,296,296,296,0
2022-05-12 15:45:00,296,296,296,296,0
2022-05-12 15:46:00,296,296,296,296,0
2022-05-12 15:47:00,296,296,296,296,0
2022-05-12 15:48:00,296,296,296,296,0
2022-05-12 15:49:00,296,296,296,296,0
2022-05-12 15:50:00,296,296,296,296,0
2022-05-12 15:51:00,296,296,296,296,0
2022-05-12 15:52:00,296,296,296,296,0
2022-05-12 15:53:00,296,296,296,296,0
2022-05-12 15:54:00,296,296,296,296,0
2022-05-12 15:55:00,296,296,296,296,0
2022-05-12 15:56:00,296,296,296,296,0
2022-05-12 15:57:00,296,296,296,296,0
2022-05-12 15:58:00,296,296,296,296,0
2022-05-12 15:59:00,296,296,296,296,0
2022-05-13 09:00:00,296,296,296,296,0
2022-05-13 09:01:00,296,296,296,296,0
2022-05-13 09:02:00,296,296,296,296,0
2022-05-13 09:03:00,296,288,296,288,0
2022-05-13 09:04:00,296,288,296,288,0
2022-05-13 09:05:00,296,288,296,288,0
2022-05-13 09:06:00,296,288,296,288,0
2022-05-13 09:07:00,296,288,296,288,0
2022-05-13 09:08:00,296,288,296,288,0
2022-05-13 09:09:00,296,288,296,288,0
2022-05-13 09:10:00,296,288,296,288,0
2022-05-13 09:11:00,296,288,296,288,0
2022-05-13 09:12:00,276,276,276,276,100
2022-05-13 09:13:00,276,276,276,276,800
2022-05-13 09:14:00,276,276,276,276,0
2022-05-13 09:15:00,276,276,276,276,0
2022-05-13 09:16:00,276,276,276,276,0
2022-05-13 09:17:00,276,276,276,276,0
2022-05-13 09:18:00,276,276,276,276,0
2022-05-13 09:19:00,276,276,276,276,0
2022-05-13 09:20:00,276,276,276,276,0
2022-05-13 09:21:00,276,276,276,276,0
2022-05-13 09:22:00,276,276,276,276,0
2022-05-13 09:23:00,276,276,276,276,0
2022-05-13 09:24:00,276,276,276,276,0
2022-05-13 09:25:00,276,276,276,276,0
2022-05-13 09:26:00,276,276,276,276,0
2022-05-13 09:27:00,276,276,276,276,0
2022-05-13 09:28:00,276,276,276,276,0
2022-05-13 09:29:00,276,276,276,276,0
2022-05-13 09:30:00,276,276,276,276,0
2022-05-13 09:31:00,276,276,276,276,0
2022-05-13 09:32:00,276,276,276,276,0
2022-05-13 09:33:00,278,278,278,278,100
2022-05-13 09:34:00,278,278,278,278,0
2022-05-13 09:35:00,278,278,278,278,0
2022-05-13 09:36:00,278,278,278,278,0
2022-05-13 09:37:00,278,278,278,278,0
2022-05-13 09:38:00,278,278,278,278,0
2022-05-13 09:39:00,278,278,278,278,0
2022-05-13 09:40:00,278,278,278,278,0
2022-05-13 09:41:00,278,278,278,278,0
2022-05-13 09:42:00,278,278,278,278,0
2022-05-13 09:43:00,278,278,278,278,0
2022-05-13 09:44:00,278,278,278,278,0
2022-05-13 09:45:00,278,278,278,278,0
2022-05-13 09:46:00,278,278,278,278,0
2022-05-13 09:47:00,278,278,278,278,0
2022-05-13 09:48:00,278,278,278,278,0
2022-05-13 09:49:00,278,278,278,278,0
2022-05-13 09:50:00,278,278,278,278,0
2022-05-13 09:51:00,278,278,278,278,0
2022-05-13 09:52:00,278,278,278,278,0
2022-05-13 09:53:00,278,278,278,278,0
2022-05-13 09:54:00,278,278,278,278,0
2022-05-13 09:55:00,278,278,278,278,0
2022-05-13 09:56:00,278,278,278,278,0
2022-05-13 09:57:00,278,278,278,278,0
2022-05-13 09:58:00,278,278,278,278,0
2022-05-13 09:59:00,278,278,278,278,0
2022-05-13 10:00:00,278,278,278,278,0
2022-05-13 10:01:00,278,278,278,278,0
2022-05-13 10:02:00,278,278,278,278,0
2022-05-13 10:03:00,278,278,278,278,0
2022-05-13 10:04:00,278,278,278,278,0
2022-05-13 10:05:00,278,278,278,278,0
2022-05-13 10:06:00,278,278,278,278,0
2022-05-13 10:07:00,278,278,278,278,0
2022-05-13 10:08:00,278,278,278,278,0
2022-05-13 10:09:00,278,278,278,278,0
2022-05-13 10:10:00,278,278,278,278,0
2022-05-13 10:11:00,278,278,278,278,0
2022-05-13 10:12:00,278,278,278,278,0
2022-05-13 10:13:00,278,278,278,278,0
2022-05-13 10:14:00,278,278,278,278,0
2022-05-13 10:15:00,278,278,278,278,0
2022-05-13 10:16:00,278,278,278,278,0
2022-05-13 10:17:00,278,278,278,278,0
2022-05-13 10:18:00,278,278,278,278,0
2022-05-13 10:19:00,278,278,278,278,0
2022-05-13 10:20:00,278,278,278,278,0
2022-05-13 10:21:00,278,278,278,278,0
2022-05-13 10:22:00,278,278,278,278,0
2022-05-13 10:23:00,278,278,278,278,0
2022-05-13 10:24:00,278,278,278,278,0
2022-05-13 10:25:00,278,278,278,278,0
2022-05-13 10:26:00,278,278,278,278,0
2022-05-13 10:27:00,278,278,278,278,0
2022-05-13 10:28:00,278,278,278,278,0
2022-05-13 10:29:00,278,278,278,278,0
2022-05-13 10:30:00,278,278,278,278,0
2022-05-13 10:31:00,278,278,278,278,0
2022-05-13 10:32:00,278,278,278,278,0
2022-05-13 10:33:00,278,278,278,278,0
2022-05-13 10:34:00,280,280,280,280,100
2022-05-13 10:35:00,280,280,280,280,0
2022-05-13 10:36:00,280,280,280,280,0
2022-05-13 10:37:00,280,280,280,280,0
2022-05-13 10:38:00,280,280,280,280,0
2022-05-13 10:39:00,280,280,280,280,0
2022-05-13 10:40:00,280,280,280,280,0
2022-05-13 10:41:00,280,280,280,280,0
2022-05-13 10:42:00,280,280,280,280,0
2022-05-13 10:43:00,280,280,280,280,0
2022-05-13 10:44:00,280,280,280,280,0
2022-05-13 10:45:00,280,280,280,280,0
2022-05-13 10:46:00,280,280,280,280,0
2022-05-13 10:47:00,280,280,280,280,0
2022-05-13 10:48:00,280,280,280,280,0
2022-05-13 10:49:00,280,280,280,280,0
2022-05-13 10:50:00,280,280,280,280,0
2022-05-13 10:51:00,280,280,280,280,0
2022-05-13 10:52:00,278,278,278,278,500
2022-05-13 10:53:00,278,278,278,278,0
2022-05-13 10:54:00,278,278,278,278,100
2022-05-13 10:55:00,278,278,278,278,0
2022-05-13 10:56:00,278,278,278,278,0
2022-05-13 10:57:00,278,278,278,278,0
2022-05-13 10:58:00,278,278,278,278,0
2022-05-13 10:59:00,278,278,278,278,0
2022-05-13 11:00:00,278,278,278,278,0
2022-05-13 11:01:00,278,278,278,278,0
2022-05-13 11:02:00,278,278,278,278,0
2022-05-13 11:03:00,278,278,278,278,0
2022-05-13 11:04:00,278,278,278,278,0
2022-05-13 11:05:00,278,278,278,278,0
2022-05-13 11:06:00,278,278,278,278,0
2022-05-13 11:07:00,278,278,278,278,0
2022-05-13 11:08:00,278,278,278,278,0
2022-05-13 11:09:00,278,278,278,278,300
2022-05-13 11:10:00,278,278,278,278,0
2022-05-13 11:11:00,278,278,278,278,0
2022-05-13 11:12:00,278,278,278,278,0
2022-05-13 11:13:00,278,278,278,278,0
2022-05-13 11:14:00,278,278,278,278,0
2022-05-13 11:15:00,278,278,278,278,0
2022-05-13 11:16:00,278,278,278,278,0
2022-05-13 11:17:00,278,278,278,278,0
2022-05-13 11:18:00,278,278,278,278,0
2022-05-13 11:19:00,278,278,278,278,0
2022-05-13 11:20:00,278,278,278,278,23000
2022-05-13 11:21:00,278,278,278,278,0
2022-05-13 11:22:00,276,276,276,276,1900
2022-05-13 11:23:00,276,276,276,276,0
2022-05-13 11:24:00,276,276,276,276,1400
2022-05-13 11:25:00,276,276,276,276,0
2022-05-13 11:26:00,276,276,276,276,0
2022-05-13 11:27:00,276,276,276,276,0
2022-05-13 11:28:00,276,276,276,276,0
2022-05-13 11:29:00,276,276,276,276,0
2022-05-13 11:30:00,276,276,276,276,0
2022-05-13 11:31:00,276,276,276,276,0
2022-05-13 11:32:00,276,276,276,276,0
2022-05-13 11:33:00,276,276,276,276,0
2022-05-13 11:34:00,276,276,276,276,0
2022-05-13 11:35:00,276,276,276,276,0
2022-05-13 11:36:00,276,276,276,276,0
2022-05-13 11:37:00,276,276,276,276,0
2022-05-13 11:38:00,276,276,276,276,0
2022-05-13 11:39:00,276,276,276,276,0
2022-05-13 11:40:00,276,276,276,276,0
2022-05-13 11:41:00,276,276,276,276,0
2022-05-13 11:42:00,276,276,276,276,0
2022-05-13 11:43:00,276,276,276,276,0
2022-05-13 11:44:00,276,276,276,276,0
2022-05-13 11:45:00,276,276,276,276,0
2022-05-13 11:46:00,276,276,276,276,0
2022-05-13 11:47:00,276,276,276,276,0
2022-05-13 11:48:00,276,276,276,276,0
2022-05-13 11:49:00,276,276,276,276,0
2022-05-13 11:50:00,276,276,276,276,0
2022-05-13 11:51:00,276,276,276,276,0
2022-05-13 11:52:00,276,276,276,276,0
2022-05-13 11:53:00,276,276,276,276,0
2022-05-13 11:54:00,276,276,276,276,0
2022-05-13 11:55:00,276,276,276,276,0
2022-05-13 11:56:00,276,276,276,276,0
2022-05-13 11:57:00,276,276,276,276,0
2022-05-13 11:58:00,276,276,276,276,0
2022-05-13 11:59:00,276,276,276,276,0
2022-05-13 12:00:00,276,276,276,276,0
2022-05-13 12:01:00,276,276,276,276,0
2022-05-13 12:02:00,276,276,276,276,0
2022-05-13 12:03:00,276,276,276,276,0
2022-05-13 12:04:00,276,276,276,276,0
2022-05-13 12:05:00,276,276,276,276,0
2022-05-13 12:06:00,276,276,276,276,0
2022-05-13 12:07:00,276,276,276,276,0
2022-05-13 12:08:00,276,276,276,276,0
2022-05-13 12:09:00,276,276,276,276,0
2022-05-13 12:10:00,276,276,276,276,0
2022-05-13 12:11:00,276,276,276,276,0
2022-05-13 12:12:00,276,276,276,276,0
2022-05-13 12:13:00,276,276,276,276,0
2022-05-13 12:14:00,276,276,276,276,0
2022-05-13 12:15:00,276,276,276,276,0
2022-05-13 12:16:00,276,276,276,276,0
2022-05-13 12:17:00,276,276,276,276,0
2022-05-13 12:18:00,276,276,276,276,0
2022-05-13 12:19:00,276,276,276,276,0
2022-05-13 12:20:00,276,276,276,276,0
2022-05-13 12:21:00,276,276,276,276,0
2022-05-13 12:22:00,276,276,276,276,0
2022-05-13 12:23:00,276,276,276,276,0
2022-05-13 12:24:00,276,276,276,276,0
2022-05-13 12:25:00,276,276,276,276,0
2022-05-13 12:26:00,276,276,276,276,0
2022-05-13 12:27:00,276,276,276,276,0
2022-05-13 12:28:00,276,276,276,276,0
2022-05-13 12:29:00,276,276,276,276,0
2022-05-13 12:30:00,276,276,276,276,0
2022-05-13 12:31:00,276,276,276,276,0
2022-05-13 12:32:00,276,276,276,276,0
2022-05-13 12:33:00,276,276,276,276,0
2022-05-13 12:34:00,276,276,276,276,0
2022-05-13 12:35:00,276,276,276,276,0
2022-05-13 12:36:00,276,276,276,276,0
2022-05-13 12:37:00,276,276,276,276,0
2022-05-13 12:38:00,276,276,276,276,0
2022-05-13 12:39:00,276,276,276,276,0
2022-05-13 12:40:00,276,276,276,276,0
2022-05-13 12:41:00,276,276,276,276,0
2022-05-13 12:42:00,276,276,276,276,0
2022-05-13 12:43:00,276,276,276,276,0
2022-05-13 12:44:00,276,276,276,276,0
2022-05-13 12:45:00,276,276,276,276,0
2022-05-13 12:46:00,276,276,276,276,0
2022-05-13 12:47:00,276,276,276,276,0
2022-05-13 12:48:00,276,276,276,276,0
2022-05-13 12:49:00,276,276,276,276,0
2022-05-13 12:50:00,276,276,276,276,0
2022-05-13 12:51:00,276,276,276,276,0
2022-05-13 12:52:00,276,276,276,276,0
2022-05-13 12:53:00,276,276,276,276,0
2022-05-13 12:54:00,276,276,276,276,0
2022-05-13 12:55:00,276,276,276,276,0
2022-05-13 12:56:00,276,276,276,276,0
2022-05-13 12:57:00,276,276,276,276,0
2022-05-13 12:58:00,276,276,276,276,0
2022-05-13 12:59:00,276,276,276,276,0
2022-05-13 13:00:00,276,276,276,276,0
2022-05-13 13:01:00,276,276,276,276,0
2022-05-13 13:02:00,276,276,276,276,0
2022-05-13 13:03:00,276,276,276,276,0
2022-05-13 13:04:00,276,276,276,276,0
2022-05-13 13:05:00,276,276,276,276,0
2022-05-13 13:06:00,276,276,276,276,0
2022-05-13 13:07:00,276,276,276,276,0
2022-05-13 13:08:00,276,276,276,276,0
2022-05-13 13:09:00,276,276,276,276,0
2022-05-13 13:10:00,276,276,276,276,0
2022-05-13 13:11:00,276,276,276,276,0
2022-05-13 13:12:00,276,276,276,276,0
2022-05-13 13:13:00,276,276,276,276,0
2022-05-13 13:14:00,276,276,276,276,0
2022-05-13 13:15:00,276,276,276,276,0
2022-05-13 13:16:00,276,276,276,276,0
2022-05-13 13:17:00,276,276,276,276,0
2022-05-13 13:18:00,276,276,276,276,0
2022-05-13 13:19:00,276,276,276,276,0
2022-05-13 13:20:00,276,276,276,276,0
2022-05-13 13:21:00,276,276,276,276,0
2022-05-13 13:22:00,276,276,276,276,0
2022-05-13 13:23:00,276,276,276,276,0
2022-05-13 13:24:00,276,276,276,276,0
2022-05-13 13:25:00,276,276,276,276,0
2022-05-13 13:26:00,276,276,276,276,0
2022-05-13 13:27:00,276,276,276,276,0
2022-05-13 13:28:00,276,276,276,276,0
2022-05-13 13:29:00,276,276,276,276,0
2022-05-13 13:30:00,276,276,276,276,0
2022-05-13 13:31:00,276,276,276,276,0
2022-05-13 13:32:00,276,276,276,276,0
2022-05-13 13:33:00,276,276,276,276,0
2022-05-13 13:34:00,276,276,276,276,0
2022-05-13 13:35:00,276,276,276,276,0
2022-05-13 13:36:00,276,276,276,276,0
2022-05-13 13:37:00,276,276,276,276,0
2022-05-13 13:38:00,276,276,276,276,0
2022-05-13 13:39:00,276,276,276,276,0
2022-05-13 13:40:00,276,276,276,276,0
2022-05-13 13:41:00,276,276,276,276,0
2022-05-13 13:42:00,276,276,276,276,0
2022-05-13 13:43:00,276,276,276,276,0
2022-05-13 13:44:00,276,276,276,276,0
2022-05-13 13:45:00,276,276,276,276,0
2022-05-13 13:46:00,276,276,276,276,0
2022-05-13 13:47:00,296,296,296,296,100
2022-05-13 13:48:00,296,296,296,296,300
2022-05-13 13:49:00,296,296,296,296,0
2022-05-13 13:50:00,296,296,296,296,0
2022-05-13 13:51:00,296,296,296,296,0
2022-05-13 13:52:00,296,296,296,296,0
2022-05-13 13:53:00,296,296,296,296,0
2022-05-13 13:54:00,276,276,276,276,800
2022-05-13 13:55:00,276,276,276,276,0
2022-05-13 13:56:00,276,276,276,276,0
2022-05-13 13:57:00,276,276,276,276,0
2022-05-13 13:58:00,276,276,276,276,0
2022-05-13 13:59:00,276,276,276,276,0
2022-05-13 14:00:00,276,276,276,276,0
2022-05-13 14:01:00,276,276,276,276,0
2022-05-13 14:02:00,276,276,276,276,0
2022-05-13 14:03:00,276,276,276,276,0
2022-05-13 14:04:00,276,276,276,276,0
2022-05-13 14:05:00,276,276,276,276,0
2022-05-13 14:06:00,276,276,276,276,0
2022-05-13 14:07:00,276,276,276,276,0
2022-05-13 14:08:00,276,276,276,276,0
2022-05-13 14:09:00,276,276,276,276,0
2022-05-13 14:10:00,276,276,276,276,0
2022-05-13 14:11:00,276,276,276,276,0
2022-05-13 14:12:00,276,276,276,276,0
2022-05-13 14:13:00,276,276,276,276,0
2022-05-13 14:14:00,276,276,276,276,0
2022-05-13 14:15:00,294,294,294,294,100
2022-05-13 14:16:00,294,294,294,294,200
2022-05-13 14:17:00,294,294,294,294,0
2022-05-13 14:18:00,294,294,294,294,0
2022-05-13 14:19:00,294,294,294,294,0
2022-05-13 14:20:00,294,294,294,294,0
2022-05-13 14:21:00,294,294,294,294,0
2022-05-13 14:22:00,294,294,294,294,0
2022-05-13 14:23:00,294,294,294,294,0
2022-05-13 14:24:00,294,294,294,294,0
2022-05-13 14:25:00,294,294,294,294,0
2022-05-13 14:26:00,294,294,294,294,0
2022-05-13 14:27:00,294,294,294,294,0
2022-05-13 14:28:00,294,294,294,294,0
2022-05-13 14:29:00,294,294,294,294,0
2022-05-13 14:30:00,294,294,294,294,0
2022-05-13 14:31:00,294,294,294,294,0
2022-05-13 14:32:00,294,294,294,294,0
2022-05-13 14:33:00,294,294,294,294,0
2022-05-13 14:34:00,294,294,294,294,0
2022-05-13 14:35:00,294,294,294,294,0
2022-05-13 14:36:00,294,294,294,294,0
2022-05-13 14:37:00,294,294,294,294,0
2022-05-13 14:38:00,294,294,294,294,0
2022-05-13 14:39:00,294,294,294,294,0
2022-05-13 14:40:00,294,294,294,294,0
2022-05-13 14:41:00,276,276,276,276,5000
2022-05-13 14:42:00,276,276,276,276,0
2022-05-13 14:43:00,276,276,276,276,0
2022-05-13 14:44:00,276,276,276,276,0
2022-05-13 14:45:00,276,276,276,276,0
2022-05-13 14:46:00,276,276,276,276,0
2022-05-13 14:47:00,276,276,276,276,5000
2022-05-13 14:48:00,276,276,276,276,0
2022-05-13 14:49:00,286,286,286,286,100
2022-05-13 14:50:00,286,286,286,286,0
2022-05-13 14:51:00,286,286,286,286,0
2022-05-13 14:52:00,286,286,286,286,0
2022-05-13 14:53:00,286,286,286,286,0
2022-05-13 14:54:00,286,286,286,286,0
2022-05-13 14:55:00,286,286,286,286,0
2022-05-13 14:56:00,286,286,286,286,0
2022-05-13 14:57:00,286,286,286,286,0
2022-05-13 14:58:00,286,286,286,286,0
2022-05-13 14:59:00,286,286,286,286,0
2022-05-13 15:00:00,286,286,286,286,0
2022-05-13 15:01:00,286,286,286,286,0
2022-05-13 15:02:00,286,286,286,286,0
2022-05-13 15:03:00,286,286,286,286,0
2022-05-13 15:04:00,286,286,286,286,0
2022-05-13 15:05:00,286,286,286,286,0
2022-05-13 15:06:00,286,286,286,286,0
2022-05-13 15:07:00,286,286,286,286,0
2022-05-13 15:08:00,286,286,286,286,0
2022-05-13 15:09:00,286,286,286,286,0
2022-05-13 15:10:00,286,286,286,286,0
2022-05-13 15:11:00,286,286,286,286,0
2022-05-13 15:12:00,286,286,286,286,0
2022-05-13 15:13:00,286,286,286,286,0
2022-05-13 15:14:00,286,286,286,286,0
2022-05-13 15:15:00,286,286,286,286,0
2022-05-13 15:16:00,286,286,286,286,0
2022-05-13 15:17:00,286,286,286,286,0
2022-05-13 15:18:00,286,286,286,286,0
2022-05-13 15:19:00,286,286,286,286,0
2022-05-13 15:20:00,286,286,286,286,0
2022-05-13 15:21:00,286,286,286,286,0
2022-05-13 15:22:00,286,286,286,286,0
2022-05-13 15:23:00,286,286,286,286,0
2022-05-13 15:24:00,286,286,286,286,0
2022-05-13 15:25:00,286,286,286,286,0
2022-05-13 15:26:00,286,286,286,286,0
2022-05-13 15:27:00,286,286,286,286,0
2022-05-13 15:28:00,286,286,286,286,0
2022-05-13 15:29:00,286,286,286,286,0
2022-05-13 15:30:00,286,286,286,286,0
2022-05-13 15:31:00,286,286,286,286,0
2022-05-13 15:32:00,286,286,286,286,0
2022-05-13 15:33:00,286,286,286,286,0
2022-05-13 15:34:00,286,286,286,286,0
2022-05-13 15:35:00,286,286,286,286,0
2022-05-13 15:36:00,286,286,286,286,0
2022-05-13 15:37:00,286,286,286,286,0
2022-05-13 15:38:00,286,286,286,286,0
2022-05-13 15:39:00,286,286,286,286,0
2022-05-13 15:40:00,286,286,286,286,0
2022-05-13 15:41:00,286,286,286,286,0
2022-05-13 15:42:00,286,286,286,286,0
2022-05-13 15:43:00,286,286,286,286,0
2022-05-13 15:44:00,286,286,286,286,0
2022-05-13 15:45:00,286,286,286,286,0
2022-05-13 15:46:00,286,286,286,286,0
2022-05-13 15:47:00,286,286,286,286,0
2022-05-13 15:48:00,286,286,286,286,0
2022-05-13 15:49:00,286,286,286,286,0
2022-05-13 15:50:00,286,286,286,286,0
2022-05-13 15:51:00,286,286,286,286,0
2022-05-13 15:52:00,286,286,286,286,0
2022-05-13 15:53:00,286,286,286,286,0
2022-05-13 15:54:00,286,286,286,286,0
2022-05-13 15:55:00,286,286,286,286,0
2022-05-13 15:56:00,286,286,286,286,0
2022-05-13 15:57:00,286,286,286,286,0
2022-05-13 15:58:00,286,286,286,286,0
2022-05-13 15:59:00,286,286,286,286,0
2022-05-16 09:00:00,286,286,286,286,0
2022-05-16 09:01:00,286,286,286,286,0
2022-05-16 09:02:00,286,286,286,286,0
2022-05-16 09:03:00,286,286,286,286,0
2022-05-16 09:04:00,286,286,286,286,0
2022-05-16 09:05:00,286,286,286,286,0
2022-05-16 09:06:00,286,286,286,286,0
2022-05-16 09:07:00,286,286,286,286,0
2022-05-16 09:08:00,286,286,286,286,0
2022-05-16 09:09:00,286,286,286,286,0
2022-05-16 09:10:00,286,286,286,286,0
2022-05-16 09:11:00,286,286,286,286,0
2022-05-16 09:12:00,286,286,286,286,0
2022-05-16 09:13:00,286,286,286,286,0
2022-05-16 09:14:00,286,286,286,286,0
2022-05-16 09:15:00,286,286,286,286,0
2022-05-16 09:16:00,286,286,286,286,0
2022-05-16 09:17:00,286,286,286,286,0
2022-05-16 09:18:00,286,286,286,286,0
2022-05-16 09:19:00,286,286,286,286,0
2022-05-16 09:20:00,286,286,286,286,0
2022-05-16 09:21:00,286,286,286,286,0
2022-05-16 09:22:00,286,286,286,286,0
2022-05-16 09:23:00,286,286,286,286,0
2022-05-16 09:24:00,286,286,286,286,0
2022-05-16 09:25:00,286,286,286,286,0
2022-05-16 09:26:00,286,286,286,286,0
2022-05-16 09:27:00,286,286,286,286,0
2022-05-16 09:28:00,286,286,286,286,0
2022-05-16 09:29:00,286,286,286,286,0
2022-05-16 09:30:00,286,286,286,286,0
2022-05-16 09:31:00,286,286,286,286,0
2022-05-16 09:32:00,286,286,286,286,0
2022-05-16 09:33:00,286,286,286,286,0
2022-05-16 09:34:00,286,286,286,286,0
2022-05-16 09:35:00,286,286,286,286,0
2022-05-16 09:36:00,286,286,286,286,0
2022-05-16 09:37:00,286,286,286,286,0
2022-05-16 09:38:00,286,286,286,286,0
2022-05-16 09:39:00,286,286,286,286,0
2022-05-16 09:40:00,286,286,286,286,0
2022-05-16 09:41:00,286,286,286,286,0
2022-05-16 09:42:00,286,286,286,286,0
2022-05-16 09:43:00,286,286,286,286,0
2022-05-16 09:44:00,286,286,286,286,0
2022-05-16 09:45:00,286,286,286,286,0
2022-05-16 09:46:00,286,286,286,286,0
2022-05-16 09:47:00,286,286,286,286,0
2022-05-16 09:48:00,286,286,286,286,0
2022-05-16 09:49:00,286,286,286,286,0
2022-05-16 09:50:00,286,286,286,286,0
2022-05-16 09:51:00,286,286,286,286,0
2022-05-16 09:52:00,286,286,286,286,0
2022-05-16 09:53:00,286,286,286,286,0
2022-05-16 09:54:00,286,286,286,286,0
2022-05-16 09:55:00,286,286,286,286,0
2022-05-16 09:56:00,286,286,286,286,0
2022-05-16 09:57:00,286,286,286,286,0
2022-05-16 09:58:00,286,286,286,286,0
2022-05-16 09:59:00,286,286,286,286,0
2022-05-16 10:00:00,286,286,286,286,0
2022-05-16 10:01:00,286,286,286,286,0
2022-05-16 10:02:00,286,286,286,286,0
2022-05-16 10:03:00,286,286,286,286,0
2022-05-16 10:04:00,286,286,286,286,0
2022-05-16 10:05:00,286,286,286,286,0
2022-05-16 10:06:00,286,286,286,286,0
2022-05-16 10:07:00,286,286,286,286,0
2022-05-16 10:08:00,286,286,286,286,0
2022-05-16 10:09:00,286,286,286,286,0
2022-05-16 10:10:00,286,286,286,286,0
2022-05-16 10:11:00,286,286,286,286,0
2022-05-16 10:12:00,286,286,286,286,0
2022-05-16 10:13:00,286,286,286,286,0
2022-05-16 10:14:00,286,286,286,286,0
2022-05-16 10:15:00,286,286,286,286,0
2022-05-16 10:16:00,286,286,286,286,0
2022-05-16 10:17:00,286,286,286,286,0
2022-05-16 10:18:00,286,286,286,286,0
2022-05-16 10:19:00,286,286,286,286,0
2022-05-16 10:20:00,286,286,286,286,0
2022-05-16 10:21:00,286,286,286,286,0
2022-05-16 10:22:00,286,286,286,286,0
2022-05-16 10:23:00,286,286,286,286,0
2022-05-16 10:24:00,286,286,286,286,0
2022-05-16 10:25:00,286,286,286,286,0
2022-05-16 10:26:00,286,286,286,286,0
2022-05-16 10:27:00,286,286,286,286,0
2022-05-16 10:28:00,286,286,286,286,0
2022-05-16 10:29:00,286,286,286,286,0
2022-05-16 10:30:00,286,286,286,286,0
2022-05-16 10:31:00,286,286,286,286,0
2022-05-16 10:32:00,286,286,286,286,0
2022-05-16 10:33:00,286,286,286,286,0
2022-05-16 10:34:00,286,286,286,286,0
2022-05-16 10:35:00,286,286,286,286,0
2022-05-16 10:36:00,286,286,286,286,0
2022-05-16 10:37:00,286,286,286,286,0
2022-05-16 10:38:00,286,286,286,286,0
2022-05-16 10:39:00,286,286,286,286,0
2022-05-16 10:40:00,286,286,286,286,0
2022-05-16 10:41:00,286,286,286,286,0
2022-05-16 10:42:00,286,286,286,286,0
2022-05-16 10:43:00,286,286,286,286,0
2022-05-16 10:44:00,286,286,286,286,0
2022-05-16 10:45:00,286,286,286,286,0
2022-05-16 10:46:00,286,286,286,286,0
2022-05-16 10:47:00,286,286,286,286,0
2022-05-16 10:48:00,286,286,286,286,0
2022-05-16 10:49:00,286,286,286,286,0
2022-05-16 10:50:00,286,286,286,286,0
2022-05-16 10:51:00,286,286,286,286,0
2022-05-16 10:52:00,286,286,286,286,0
2022-05-16 10:53:00,286,286,286,286,0
2022-05-16 10:54:00,286,286,286,286,0
2022-05-16 10:55:00,286,286,286,286,0
2022-05-16 10:56:00,286,286,286,286,0
2022-05-16 10:57:00,286,286,286,286,0
2022-05-16 10:58:00,286,286,286,286,0
2022-05-16 10:59:00,286,286,286,286,0
2022-05-16 11:00:00,286,286,286,286,0
2022-05-16 11:01:00,286,286,286,286,0
2022-05-16 11:02:00,286,286,286,286,0
2022-05-16 11:03:00,286,286,286,286,0
2022-05-16 11:04:00,286,286,286,286,0
2022-05-16 11:05:00,286,286,286,286,0
2022-05-16 11:06:00,286,286,286,286,0
2022-05-16 11:07:00,286,286,286,286,0
2022-05-16 11:08:00,286,286,286,286,0
2022-05-16 11:09:00,286,286,286,286,0
2022-05-16 11:10:00,286,286,286,286,0
2022-05-16 11:11:00,286,286,286,286,0
2022-05-16 11:12:00,286,286,286,286,0
2022-05-16 11:13:00,286,286,286,286,0
2022-05-16 11:14:00,286,286,286,286,0
2022-05-16 11:15:00,286,286,286,286,0
2022-05-16 11:16:00,286,286,286,286,0
2022-05-16 11:17:00,286,286,286,286,0
2022-05-16 11:18:00,286,286,286,286,0
2022-05-16 11:19:00,286,286,286,286,0
2022-05-16 11:20:00,286,286,286,286,0
2022-05-16 11:21:00,286,286,286,286,0
2022-05-16 11:22:00,286,286,286,286,0
2022-05-16 11:23:00,286,286,286,286,0
2022-05-16 11:24:00,286,286,286,286,0
2022-05-16 11:25:00,286,286,286,286,0
2022-05-16 11:26:00,286,286,286,286,0
2022-05-16 11:27:00,286,286,286,286,0
2022-05-16 11:28:00,286,286,286,286,0
2022-05-16 11:29:00,286,286,286,286,0
2022-05-16 11:30:00,286,286,286,286,0
2022-05-16 11:31:00,286,286,286,286,0
2022-05-16 11:32:00,286,286,286,286,0
2022-05-16 11:33:00,286,286,286,286,0
2022-05-16 11:34:00,286,286,286,286,0
2022-05-16 11:35:00,286,286,286,286,0
2022-05-16 11:36:00,286,286,286,286,0
2022-05-16 11:37:00,286,286,286,286,0
2022-05-16 11:38:00,286,286,286,286,0
2022-05-16 11:39:00,286,286,286,286,0
2022-05-16 11:40:00,286,286,286,286,0
2022-05-16 11:41:00,286,286,286,286,0
2022-05-16 11:42:00,286,286,286,286,0
2022-05-16 11:43:00,286,286,286,286,0
2022-05-16 11:44:00,286,286,286,286,0
2022-05-16 11:45:00,286,286,286,286,0
2022-05-16 11:46:00,286,286,286,286,0
2022-05-16 11:47:00,286,286,286,286,0
2022-05-16 11:48:00,286,286,286,286,0
2022-05-16 11:49:00,286,286,286,286,0
2022-05-16 11:50:00,286,286,286,286,0
2022-05-16 11:51:00,286,286,286,286,0
2022-05-16 11:52:00,286,286,286,286,0
2022-05-16 11:53:00,286,286,286,286,0
2022-05-16 11:54:00,286,286,286,286,0
2022-05-16 11:55:00,286,286,286,286,0
2022-05-16 11:56:00,286,286,286,286,0
2022-05-16 11:57:00,286,286,286,286,0
2022-05-16 11:58:00,286,286,286,286,0
2022-05-16 11:59:00,286,286,286,286,0
2022-05-16 12:00:00,286,286,286,286,0
2022-05-16 12:01:00,286,286,286,286,0
2022-05-16 12:02:00,286,286,286,286,0
2022-05-16 12:03:00,286,286,286,286,0
2022-05-16 12:04:00,286,286,286,286,0
2022-05-16 12:05:00,286,286,286,286,0
2022-05-16 12:06:00,286,286,286,286,0
2022-05-16 12:07:00,286,286,286,286,0
2022-05-16 12:08:00,286,286,286,286,0
2022-05-16 12:09:00,286,286,286,286,0
2022-05-16 12:10:00,286,286,286,286,0
2022-05-16 12:11:00,286,286,286,286,0
2022-05-16 12:12:00,286,286,286,286,0
2022-05-16 12:13:00,286,286,286,286,0
2022-05-16 12:14:00,286,286,286,286,0
2022-05-16 12:15:00,286,286,286,286,0
2022-05-16 12:16:00,286,286,286,286,0
2022-05-16 12:17:00,286,286,286,286,0
2022-05-16 12:18:00,286,286,286,286,0
2022-05-16 12:19:00,286,286,286,286,0
2022-05-16 12:20:00,286,286,286,286,0
2022-05-16 12:21:00,286,286,286,286,0
2022-05-16 12:22:00,286,286,286,286,0
2022-05-16 12:23:00,286,286,286,286,0
2022-05-16 12:24:00,286,286,286,286,0
2022-05-16 12:25:00,286,286,286,286,0
2022-05-16 12:26:00,286,286,286,286,0
2022-05-16 12:27:00,286,286,286,286,0
2022-05-16 12:28:00,286,286,286,286,0
2022-05-16 12:29:00,286,286,286,286,0
2022-05-16 12:30:00,286,286,286,286,0
2022-05-16 12:31:00,286,286,286,286,0
2022-05-16 12:32:00,286,286,286,286,0
2022-05-16 12:33:00,286,286,286,286,0
2022-05-16 12:34:00,286,286,286,286,0
2022-05-16 12:35:00,286,286,286,286,0
2022-05-16 12:36:00,286,286,286,286,0
2022-05-16 12:37:00,286,286,286,286,0
2022-05-16 12:38:00,286,286,286,286,0
2022-05-16 12:39:00,286,286,286,286,0
2022-05-16 12:40:00,286,286,286,286,0
2022-05-16 12:41:00,286,286,286,286,0
2022-05-16 12:42:00,286,286,286,286,0
2022-05-16 12:43:00,286,286,286,286,0
2022-05-16 12:44:00,286,286,286,286,0
2022-05-16 12:45:00,286,286,286,286,0
2022-05-16 12:46:00,286,286,286,286,0
2022-05-16 12:47:00,286,286,286,286,0
2022-05-16 12:48:00,286,286,286,286,0
2022-05-16 12:49:00,286,286,286,286,0
2022-05-16 12:50:00,286,286,286,286,0
2022-05-16 12:51:00,286,286,286,286,0
2022-05-16 12:52:00,286,286,286,286,0
2022-05-16 12:53:00,286,286,286,286,0
2022-05-16 12:54:00,286,286,286,286,0
2022-05-16 12:55:00,286,286,286,286,0
2022-05-16 12:56:00,286,286,286,286,0
2022-05-16 12:57:00,286,286,286,286,0
2022-05-16 12:58:00,286,286,286,286,0
2022-05-16 12:59:00,286,286,286,286,0
2022-05-16 13:00:00,286,286,286,286,0
2022-05-16 13:01:00,286,286,286,286,0
2022-05-16 13:02:00,286,286,286,286,0
2022-05-16 13:03:00,286,286,286,286,0
2022-05-16 13:04:00,286,286,286,286,0
2022-05-16 13:05:00,286,286,286,286,0
2022-05-16 13:06:00,286,286,286,286,0
2022-05-16 13:07:00,286,286,286,286,0
2022-05-16 13:08:00,286,286,286,286,0
2022-05-16 13:09:00,286,286,286,286,0
2022-05-16 13:10:00,286,286,286,286,0
2022-05-16 13:11:00,286,286,286,286,0
2022-05-16 13:12:00,286,286,286,286,0
2022-05-16 13:13:00,286,286,286,286,0
2022-05-16 13:14:00,286,286,286,286,0
2022-05-16 13:15:00,286,286,286,286,0
2022-05-16 13:16:00,286,286,286,286,0
2022-05-16 13:17:00,286,286,286,286,0
2022-05-16 13:18:00,286,286,286,286,0
2022-05-16 13:19:00,286,286,286,286,0
2022-05-16 13:20:00,286,286,286,286,0
2022-05-16 13:21:00,286,286,286,286,0
2022-05-16 13:22:00,286,286,286,286,0
2022-05-16 13:23:00,286,286,286,286,0
2022-05-16 13:24:00,286,286,286,286,0
2022-05-16 13:25:00,286,286,286,286,0
2022-05-16 13:26:00,286,286,286,286,0
2022-05-16 13:27:00,286,286,286,286,0
2022-05-16 13:28:00,286,286,286,286,0
2022-05-16 13:29:00,286,286,286,286,0
2022-05-16 13:30:00,286,286,286,286,0
2022-05-16 13:31:00,286,286,286,286,0
2022-05-16 13:32:00,286,286,286,286,0
2022-05-16 13:33:00,286,286,286,286,0
2022-05-16 13:34:00,286,286,286,286,0
2022-05-16 13:35:00,286,286,286,286,0
2022-05-16 13:36:00,286,286,286,286,0
2022-05-16 13:37:00,286,286,286,286,0
2022-05-16 13:38:00,286,286,286,286,0
2022-05-16 13:39:00,286,286,286,286,0
2022-05-16 13:40:00,286,286,286,286,0
2022-05-16 13:41:00,286,286,286,286,0
2022-05-16 13:42:00,286,286,286,286,0
2022-05-16 13:43:00,286,286,286,286,0
2022-05-16 13:44:00,286,286,286,286,0
2022-05-16 13:45:00,286,286,286,286,0
2022-05-16 13:46:00,286,286,286,286,0
2022-05-16 13:47:00,286,286,286,286,0
2022-05-16 13:48:00,286,286,286,286,0
2022-05-16 13:49:00,286,286,286,286,0
2022-05-16 13:50:00,286,286,286,286,0
2022-05-16 13:51:00,286,286,286,286,0
2022-05-16 13:52:00,286,286,286,286,0
2022-05-16 13:53:00,286,286,286,286,0
2022-05-16 13:54:00,286,286,286,286,0
2022-05-16 13:55:00,286,286,286,286,0
2022-05-16 13:56:00,286,286,286,286,0
2022-05-16 13:57:00,286,286,286,286,0
2022-05-16 13:58:00,286,286,286,286,0
2022-05-16 13:59:00,286,286,286,286,0
2022-05-16 14:00:00,286,286,286,286,0
2022-05-16 14:01:00,286,286,286,286,0
2022-05-16 14:02:00,286,286,286,286,0
2022-05-16 14:03:00,286,286,286,286,0
2022-05-16 14:04:00,286,286,286,286,0
2022-05-16 14:05:00,286,286,286,286,0
2022-05-16 14:06:00,286,286,286,286,0
2022-05-16 14:07:00,286,286,286,286,0
2022-05-16 14:08:00,286,286,286,286,0
2022-05-16 14:09:00,286,286,286,286,0
2022-05-16 14:10:00,286,286,286,286,0
2022-05-16 14:11:00,286,286,286,286,0
2022-05-16 14:12:00,286,286,286,286,0
2022-05-16 14:13:00,286,286,286,286,0
2022-05-16 14:14:00,286,286,286,286,0
2022-05-16 14:15:00,286,286,286,286,0
2022-05-16 14:16:00,286,286,286,286,0
2022-05-16 14:17:00,286,286,286,286,0
2022-05-16 14:18:00,286,286,286,286,0
2022-05-16 14:19:00,286,286,286,286,0
2022-05-16 14:20:00,286,286,286,286,0
2022-05-16 14:21:00,286,286,286,286,0
2022-05-16 14:22:00,286,286,286,286,0
2022-05-16 14:23:00,286,286,286,286,0
2022-05-16 14:24:00,286,286,286,286,0
2022-05-16 14:25:00,286,286,286,286,0
2022-05-16 14:26:00,286,286,286,286,0
2022-05-16 14:27:00,286,286,286,286,0
2022-05-16 14:28:00,286,286,286,286,0
2022-05-16 14:29:00,286,286,286,286,0
2022-05-16 14:30:00,286,286,286,286,0
2022-05-16 14:31:00,286,286,286,286,0
2022-05-16 14:32:00,286,286,286,286,0
2022-05-16 14:33:00,286,286,286,286,0
2022-05-16 14:34:00,286,286,286,286,0
2022-05-16 14:35:00,286,286,286,286,0
2022-05-16 14:36:00,286,286,286,286,0
2022-05-16 14:37:00,286,286,286,286,0
2022-05-16 14:38:00,286,286,286,286,0
2022-05-16 14:39:00,286,286,286,286,0
2022-05-16 14:40:00,286,286,286,286,0
2022-05-16 14:41:00,286,286,286,286,0
2022-05-16 14:42:00,286,286,286,286,0
2022-05-16 14:43:00,286,286,286,286,0
2022-05-16 14:44:00,286,286,286,286,0
2022-05-16 14:45:00,286,286,286,286,0
2022-05-16 14:46:00,286,286,286,286,0
2022-05-16 14:47:00,286,286,286,286,0
2022-05-16 14:48:00,286,286,286,286,0
2022-05-16 14:49:00,286,286,286,286,0
2022-05-16 14:50:00,286,286,286,286,0
2022-05-16 14:51:00,286,286,286,286,0
2022-05-16 14:52:00,286,286,286,286,0
2022-05-16 14:53:00,286,286,286,286,0
2022-05-16 14:54:00,286,286,286,286,0
2022-05-16 14:55:00,286,286,286,286,0
2022-05-16 14:56:00,286,286,286,286,0
2022-05-16 14:57:00,286,286,286,286,0
2022-05-16 14:58:00,286,286,286,286,0
2022-05-16 14:59:00,286,286,286,286,0
2022-05-16 15:00:00,286,286,286,286,0
2022-05-16 15:01:00,286,286,286,286,0
2022-05-16 15:02:00,286,286,286,286,0
2022-05-16 15:03:00,286,286,286,286,0
2022-05-16 15:04:00,286,286,286,286,0
2022-05-16 15:05:00,286,286,286,286,0
2022-05-16 15:06:00,286,286,286,286,0
2022-05-16 15:07:00,286,286,286,286,0
2022-05-16 15:08:00,286,286,286,286,0
2022-05-16 15:09:00,286,286,286,286,0
2022-05-16 15:10:00,286,286,286,286,0
2022-05-16 15:11:00,286,286,286,286,0
2022-05-16 15:12:00,286,286,286,286,0
2022-05-16 15:13:00,286,286,286,286,0
2022-05-16 15:14:00,286,286,286,286,0
2022-05-16 15:15:00,286,286,286,286,0
2022-05-16 15:16:00,286,286,286,286,0
2022-05-16 15:17:00,286,286,286,286,0
2022-05-16 15:18:00,286,286,286,286,0
2022-05-16 15:19:00,286,286,286,286,0
2022-05-16 15:20:00,286,286,286,286,0
2022-05-16 15:21:00,286,286,286,286,0
2022-05-16 15:22:00,286,286,286,286,0
2022-05-16 15:23:00,286,286,286,286,0
2022-05-16 15:24:00,286,286,286,286,0
2022-05-16 15:25:00,286,286,286,286,0
2022-05-16 15:26:00,286,286,286,286,0
2022-05-16 15:27:00,286,286,286,286,0
2022-05-16 15:28:00,286,286,286,286,0
2022-05-16 15:29:00,286,286,286,286,0
2022-05-16 15:30:00,286,286,286,286,0
2022-05-16 15:31:00,286,286,286,286,0
2022-05-16 15:32:00,286,286,286,286,0
2022-05-16 15:33:00,286,286,286,286,0
2022-05-16 15:34:00,286,286,286,286,0
2022-05-16 15:35:00,286,286,286,286,0
2022-05-16 15:36:00,286,286,286,286,0
2022-05-16 15:37:00,286,286,286,286,0
2022-05-16 15:38:00,286,286,286,286,0
2022-05-16 15:39:00,286,286,286,286,0
2022-05-16 15:40:00,286,286,286,286,0
2022-05-16 15:41:00,286,286,286,286,0
2022-05-16 15:42:00,286,286,286,286,0
2022-05-16 15:43:00,286,286,286,286,0
2022-05-16 15:44:00,286,286,286,286,0
2022-05-16 15:45:00,286,286,286,286,0
2022-05-16 15:46:00,286,286,286,286,0
2022-05-16 15:47:00,286,286,286,286,0
2022-05-16 15:48:00,286,286,286,286,0
2022-05-16 15:49:00,286,286,286,286,0
2022-05-16 15:50:00,286,286,286,286,0
2022-05-16 15:51:00,286,286,286,286,0
2022-05-16 15:52:00,286,286,286,286,0
2022-05-16 15:53:00,286,286,286,286,0
2022-05-16 15:54:00,286,286,286,286,0
2022-05-16 15:55:00,286,286,286,286,0
2022-05-16 15:56:00,286,286,286,286,0
2022-05-16 15:57:00,286,286,286,286,0
2022-05-16 15:58:00,286,286,286,286,0
2022-05-16 15:59:00,286,286,286,286,0
2022-05-17 09:00:00,286,286,286,286,0
2022-05-17 09:01:00,286,286,286,286,0
2022-05-17 09:02:00,286,286,286,286,0
2022-05-17 09:03:00,286,286,286,286,0
2022-05-17 09:04:00,286,286,286,286,0
2022-05-17 09:05:00,286,286,286,286,0
2022-05-17 09:06:00,286,286,286,286,0
2022-05-17 09:07:00,286,286,286,286,0
2022-05-17 09:08:00,286,286,286,286,0
2022-05-17 09:09:00,286,286,286,286,0
2022-05-17 09:10:00,296,286,296,286,800
2022-05-17 09:11:00,296,286,296,286,0
2022-05-17 09:12:00,296,286,296,286,0
2022-05-17 09:13:00,296,286,296,286,0
2022-05-17 09:14:00,296,286,296,286,0
2022-05-17 09:15:00,296,286,296,286,0
2022-05-17 09:16:00,296,286,296,286,0
2022-05-17 09:17:00,296,286,296,286,0
2022-05-17 09:18:00,296,286,296,286,0
2022-05-17 09:19:00,296,286,296,286,0
2022-05-17 09:20:00,296,286,296,286,0
2022-05-17 09:21:00,296,286,296,286,0
2022-05-17 09:22:00,296,286,296,286,0
2022-05-17 09:23:00,296,286,296,286,0
2022-05-17 09:24:00,296,286,296,286,0
2022-05-17 09:25:00,296,286,296,286,0
2022-05-17 09:26:00,296,286,296,286,0
2022-05-17 09:27:00,296,286,296,286,0
2022-05-17 09:28:00,296,286,296,286,0
2022-05-17 09:29:00,296,286,296,286,0
2022-05-17 09:30:00,296,286,296,286,0
2022-05-17 09:31:00,296,286,296,286,0
2022-05-17 09:32:00,296,286,296,286,0
2022-05-17 09:33:00,296,286,296,286,0
2022-05-17 09:34:00,296,286,296,286,0
2022-05-17 09:35:00,296,286,296,286,0
2022-05-17 09:36:00,296,286,296,286,0
2022-05-17 09:37:00,296,286,296,286,0
2022-05-17 09:38:00,296,286,296,286,0
2022-05-17 09:39:00,296,286,296,286,0
2022-05-17 09:40:00,296,286,296,286,0
2022-05-17 09:41:00,296,286,296,286,0
2022-05-17 09:42:00,296,286,296,286,0
2022-05-17 09:43:00,296,286,296,286,0
2022-05-17 09:44:00,296,286,296,286,0
2022-05-17 09:45:00,296,286,296,286,0
2022-05-17 09:46:00,296,286,296,286,0
2022-05-17 09:47:00,296,286,296,286,0
2022-05-17 09:48:00,296,286,296,286,0
2022-05-17 09:49:00,296,286,296,286,0
2022-05-17 09:50:00,296,286,296,286,0
2022-05-17 09:51:00,286,286,286,286,200
2022-05-17 09:52:00,286,286,286,286,0
2022-05-17 09:53:00,286,286,286,286,0
2022-05-17 09:54:00,286,286,286,286,0
2022-05-17 09:55:00,286,286,286,286,0
2022-05-17 09:56:00,286,286,286,286,0
2022-05-17 09:57:00,286,286,286,286,0
2022-05-17 09:58:00,286,286,286,286,0
2022-05-17 09:59:00,286,286,286,286,0
2022-05-17 10:00:00,286,286,286,286,0
2022-05-17 10:01:00,286,286,286,286,0
2022-05-17 10:02:00,286,286,286,286,0
2022-05-17 10:03:00,286,286,286,286,0
2022-05-17 10:04:00,286,286,286,286,0
2022-05-17 10:05:00,286,286,286,286,0
2022-05-17 10:06:00,286,286,286,286,0
2022-05-17 10:07:00,286,286,286,286,0
2022-05-17 10:08:00,286,286,286,286,0
2022-05-17 10:09:00,286,286,286,286,0
2022-05-17 10:10:00,286,286,286,286,0
2022-05-17 10:11:00,286,286,286,286,0
2022-05-17 10:12:00,266,266,266,266,200
2022-05-17 10:13:00,266,266,266,266,300
2022-05-17 10:14:00,266,266,266,266,0
2022-05-17 10:15:00,266,266,266,266,0
2022-05-17 10:16:00,266,266,266,266,0
2022-05-17 10:17:00,266,266,266,266,0
2022-05-17 10:18:00,266,266,266,266,0
2022-05-17 10:19:00,266,266,266,266,0
2022-05-17 10:20:00,266,266,266,266,0
2022-05-17 10:21:00,266,266,266,266,0
2022-05-17 10:22:00,266,266,266,266,0
2022-05-17 10:23:00,266,266,266,266,0
2022-05-17 10:24:00,266,266,266,266,0
2022-05-17 10:25:00,266,266,266,266,0
2022-05-17 10:26:00,266,266,266,266,0
2022-05-17 10:27:00,266,266,266,266,0
2022-05-17 10:28:00,266,266,266,266,0
2022-05-17 10:29:00,266,266,266,266,0
2022-05-17 10:30:00,266,266,266,266,0
2022-05-17 10:31:00,266,266,266,266,0
2022-05-17 10:32:00,266,266,266,266,0
2022-05-17 10:33:00,266,266,266,266,0
2022-05-17 10:34:00,266,266,266,266,0
2022-05-17 10:35:00,266,266,266,266,0
2022-05-17 10:36:00,266,266,266,266,0
2022-05-17 10:37:00,284,284,284,284,100
2022-05-17 10:38:00,284,284,284,284,0
2022-05-17 10:39:00,284,284,284,284,0
2022-05-17 10:40:00,284,284,284,284,0
2022-05-17 10:41:00,284,284,284,284,0
2022-05-17 10:42:00,284,284,284,284,0
2022-05-17 10:43:00,284,284,284,284,0
2022-05-17 10:44:00,284,284,284,284,0
2022-05-17 10:45:00,284,284,284,284,0
2022-05-17 10:46:00,284,284,284,284,0
2022-05-17 10:47:00,284,284,284,284,100
2022-05-17 10:48:00,284,284,284,284,0
2022-05-17 10:49:00,284,284,284,284,0
2022-05-17 10:50:00,284,284,284,284,0
2022-05-17 10:51:00,284,284,284,284,0
2022-05-17 10:52:00,284,284,284,284,0
2022-05-17 10:53:00,284,284,284,284,0
2022-05-17 10:54:00,284,284,284,284,0
2022-05-17 10:55:00,284,284,284,284,0
2022-05-17 10:56:00,284,284,284,284,0
2022-05-17 10:57:00,284,284,284,284,0
2022-05-17 10:58:00,284,284,284,284,0
2022-05-17 10:59:00,284,284,284,284,0
2022-05-17 11:00:00,284,284,284,284,0
2022-05-17 11:01:00,284,284,284,284,0
2022-05-17 11:02:00,284,284,284,284,0
2022-05-17 11:03:00,284,284,284,284,0
2022-05-17 11:04:00,284,284,284,284,0
2022-05-17 11:05:00,284,284,284,284,0
2022-05-17 11:06:00,284,284,284,284,0
2022-05-17 11:07:00,284,284,284,284,0
2022-05-17 11:08:00,284,284,284,284,0
2022-05-17 11:09:00,284,284,284,284,0
2022-05-17 11:10:00,284,284,284,284,0
2022-05-17 11:11:00,284,284,284,284,0
2022-05-17 11:12:00,284,284,284,284,0
2022-05-17 11:13:00,284,284,284,284,0
2022-05-17 11:14:00,284,284,284,284,0
2022-05-17 11:15:00,284,284,284,284,0
2022-05-17 11:16:00,284,284,284,284,0
2022-05-17 11:17:00,284,284,284,284,0
2022-05-17 11:18:00,284,284,284,284,0
2022-05-17 11:19:00,284,284,284,284,0
2022-05-17 11:20:00,284,284,284,284,0
2022-05-17 11:21:00,284,284,284,284,0
2022-05-17 11:22:00,284,284,284,284,0
2022-05-17 11:23:00,284,284,284,284,0
2022-05-17 11:24:00,284,284,284,284,0
2022-05-17 11:25:00,284,284,284,284,0
2022-05-17 11:26:00,284,284,284,284,0
2022-05-17 11:27:00,284,284,284,284,0
2022-05-17 11:28:00,284,284,284,284,0
2022-05-17 11:29:00,284,284,284,284,0
2022-05-17 11:30:00,284,284,284,284,0
2022-05-17 11:31:00,284,284,284,284,0
2022-05-17 11:32:00,284,284,284,284,0
2022-05-17 11:33:00,284,284,284,284,0
2022-05-17 11:34:00,284,284,284,284,0
2022-05-17 11:35:00,284,284,284,284,0
2022-05-17 11:36:00,284,284,284,284,0
2022-05-17 11:37:00,284,284,284,284,0
2022-05-17 11:38:00,284,284,284,284,0
2022-05-17 11:39:00,284,284,284,284,0
2022-05-17 11:40:00,284,284,284,284,0
2022-05-17 11:41:00,284,284,284,284,0
2022-05-17 11:42:00,284,284,284,284,0
2022-05-17 11:43:00,284,284,284,284,0
2022-05-17 11:44:00,284,284,284,284,0
2022-05-17 11:45:00,284,284,284,284,0
2022-05-17 11:46:00,284,284,284,284,0
2022-05-17 11:47:00,284,284,284,284,0
2022-05-17 11:48:00,284,284,284,284,0
2022-05-17 11:49:00,284,284,284,284,0
2022-05-17 11:50:00,284,284,284,284,0
2022-05-17 11:51:00,284,284,284,284,0
2022-05-17 11:52:00,284,284,284,284,0
2022-05-17 11:53:00,284,284,284,284,0
2022-05-17 11:54:00,284,284,284,284,0
2022-05-17 11:55:00,284,284,284,284,0
2022-05-17 11:56:00,284,284,284,284,0
2022-05-17 11:57:00,284,284,284,284,0
2022-05-17 11:58:00,284,284,284,284,0
2022-05-17 11:59:00,284,284,284,284,0
2022-05-17 12:00:00,284,284,284,284,0
2022-05-17 12:01:00,284,284,284,284,0
2022-05-17 12:02:00,284,284,284,284,0
2022-05-17 12:03:00,284,284,284,284,0
2022-05-17 12:04:00,284,284,284,284,0
2022-05-17 12:05:00,284,284,284,284,0
2022-05-17 12:06:00,284,284,284,284,0
2022-05-17 12:07:00,284,284,284,284,0
2022-05-17 12:08:00,284,284,284,284,0
2022-05-17 12:09:00,284,284,284,284,0
2022-05-17 12:10:00,284,284,284,284,0
2022-05-17 12:11:00,284,284,284,284,0
2022-05-17 12:12:00,284,284,284,284,0
2022-05-17 12:13:00,284,284,284,284,0
2022-05-17 12:14:00,284,284,284,284,0
2022-05-17 12:15:00,284,284,284,284,0
2022-05-17 12:16:00,284,284,284,284,0
2022-05-17 12:17:00,284,284,284,284,0
2022-05-17 12:18:00,284,284,284,284,0
2022-05-17 12:19:00,284,284,284,284,0
2022-05-17 12:20:00,284,284,284,284,0
2022-05-17 12:21:00,284,284,284,284,0
2022-05-17 12:22:00,284,284,284,284,0
2022-05-17 12:23:00,284,284,284,284,0
2022-05-17 12:24:00,284,284,284,284,0
2022-05-17 12:25:00,284,284,284,284,0
2022-05-17 12:26:00,284,284,284,284,0
2022-05-17 12:27:00,284,284,284,284,0
2022-05-17 12:28:00,284,284,284,284,0
2022-05-17 12:29:00,284,284,284,284,0
2022-05-17 12:30:00,284,284,284,284,0
2022-05-17 12:31:00,284,284,284,284,0
2022-05-17 12:32:00,284,284,284,284,0
2022-05-17 12:33:00,284,284,284,284,0
2022-05-17 12:34:00,284,284,284,284,0
2022-05-17 12:35:00,284,284,284,284,0
2022-05-17 12:36:00,284,284,284,284,0
2022-05-17 12:37:00,284,284,284,284,0
2022-05-17 12:38:00,284,284,284,284,0
2022-05-17 12:39:00,284,284,284,284,0
2022-05-17 12:40:00,284,284,284,284,0
2022-05-17 12:41:00,284,284,284,284,0
2022-05-17 12:42:00,284,284,284,284,0
2022-05-17 12:43:00,284,284,284,284,0
2022-05-17 12:44:00,284,284,284,284,0
2022-05-17 12:45:00,284,284,284,284,0
2022-05-17 12:46:00,284,284,284,284,0
2022-05-17 12:47:00,284,284,284,284,0
2022-05-17 12:48:00,284,284,284,284,0
2022-05-17 12:49:00,284,284,284,284,0
2022-05-17 12:50:00,284,284,284,284,0
2022-05-17 12:51:00,284,284,284,284,0
2022-05-17 12:52:00,284,284,284,284,0
2022-05-17 12:53:00,284,284,284,284,0
2022-05-17 12:54:00,284,284,284,284,0
2022-05-17 12:55:00,284,284,284,284,0
2022-05-17 12:56:00,284,284,284,284,0
2022-05-17 12:57:00,284,284,284,284,0
2022-05-17 12:58:00,284,284,284,284,0
2022-05-17 12:59:00,284,284,284,284,0
2022-05-17 13:00:00,284,284,284,284,0
2022-05-17 13:01:00,284,284,284,284,0
2022-05-17 13:02:00,284,284,284,284,0
2022-05-17 13:03:00,284,284,284,284,0
2022-05-17 13:04:00,284,284,284,284,0
2022-05-17 13:05:00,284,284,284,284,0
2022-05-17 13:06:00,284,284,284,284,0
2022-05-17 13:07:00,284,284,284,284,0
2022-05-17 13:08:00,284,284,284,284,0
2022-05-17 13:09:00,284,284,284,284,0
2022-05-17 13:10:00,284,284,284,284,0
2022-05-17 13:11:00,284,284,284,284,0
2022-05-17 13:12:00,284,284,284,284,0
2022-05-17 13:13:00,284,284,284,284,0
2022-05-17 13:14:00,284,284,284,284,0
2022-05-17 13:15:00,284,284,284,284,0
2022-05-17 13:16:00,284,284,284,284,0
2022-05-17 13:17:00,284,284,284,284,0
2022-05-17 13:18:00,284,284,284,284,0
2022-05-17 13:19:00,284,284,284,284,0
2022-05-17 13:20:00,284,284,284,284,0
2022-05-17 13:21:00,284,284,284,284,0
2022-05-17 13:22:00,284,284,284,284,0
2022-05-17 13:23:00,284,284,284,284,0
2022-05-17 13:24:00,284,284,284,284,0
2022-05-17 13:25:00,284,284,284,284,0
2022-05-17 13:26:00,284,284,284,284,0
2022-05-17 13:27:00,284,284,284,284,0
2022-05-17 13:28:00,284,284,284,284,0
2022-05-17 13:29:00,284,284,284,284,0
2022-05-17 13:30:00,284,284,284,284,0
2022-05-17 13:31:00,284,284,284,284,0
2022-05-17 13:32:00,284,284,284,284,0
2022-05-17 13:33:00,284,284,284,284,0
2022-05-17 13:34:00,284,284,284,284,0
2022-05-17 13:35:00,284,284,284,284,0
2022-05-17 13:36:00,284,284,284,284,0
2022-05-17 13:37:00,284,284,284,284,0
2022-05-17 13:38:00,284,284,284,284,0
2022-05-17 13:39:00,284,284,284,284,0
2022-05-17 13:40:00,284,284,284,284,0
2022-05-17 13:41:00,284,284,284,284,0
2022-05-17 13:42:00,284,284,284,284,0
2022-05-17 13:43:00,284,284,284,284,0
2022-05-17 13:44:00,284,284,284,284,0
2022-05-17 13:45:00,284,284,284,284,0
2022-05-17 13:46:00,284,284,284,284,0
2022-05-17 13:47:00,284,284,284,284,0
2022-05-17 13:48:00,284,284,284,284,0
2022-05-17 13:49:00,284,284,284,284,0
2022-05-17 13:50:00,284,284,284,284,0
2022-05-17 13:51:00,284,284,284,284,0
2022-05-17 13:52:00,284,284,284,284,0
2022-05-17 13:53:00,284,284,284,284,0
2022-05-17 13:54:00,284,284,284,284,0
2022-05-17 13:55:00,284,284,284,284,0
2022-05-17 13:56:00,284,284,284,284,0
2022-05-17 13:57:00,284,284,284,284,0
2022-05-17 13:58:00,284,284,284,284,0
2022-05-17 13:59:00,284,284,284,284,0
2022-05-17 14:00:00,284,284,284,284,0
2022-05-17 14:01:00,284,284,284,284,0
2022-05-17 14:02:00,284,284,284,284,0
2022-05-17 14:03:00,284,284,284,284,0
2022-05-17 14:04:00,284,284,284,284,0
2022-05-17 14:05:00,284,284,284,284,0
2022-05-17 14:06:00,284,284,284,284,0
2022-05-17 14:07:00,284,284,284,284,0
2022-05-17 14:08:00,284,284,284,284,0
2022-05-17 14:09:00,284,284,284,284,0
2022-05-17 14:10:00,284,284,284,284,0
2022-05-17 14:11:00,284,284,284,284,0
2022-05-17 14:12:00,284,284,284,284,0
2022-05-17 14:13:00,284,284,284,284,0
2022-05-17 14:14:00,284,284,284,284,0
2022-05-17 14:15:00,284,284,284,284,0
2022-05-17 14:16:00,284,284,284,284,0
2022-05-17 14:17:00,284,284,284,284,0
2022-05-17 14:18:00,284,284,284,284,0
2022-05-17 14:19:00,284,284,284,284,0
2022-05-17 14:20:00,284,284,284,284,0
2022-05-17 14:21:00,284,284,284,284,0
2022-05-17 14:22:00,284,284,284,284,0
2022-05-17 14:23:00,284,284,284,284,0
2022-05-17 14:24:00,284,284,284,284,0
2022-05-17 14:25:00,284,284,284,284,0
2022-05-17 14:26:00,284,284,284,284,0
2022-05-17 14:27:00,284,284,284,284,0
2022-05-17 14:28:00,284,284,284,284,0
2022-05-17 14:29:00,284,284,284,284,0
2022-05-17 14:30:00,284,284,284,284,0
2022-05-17 14:31:00,284,284,284,284,0
2022-05-17 14:32:00,284,284,284,284,0
2022-05-17 14:33:00,284,284,284,284,0
2022-05-17 14:34:00,284,284,284,284,0
2022-05-17 14:35:00,284,284,284,284,0
2022-05-17 14:36:00,284,284,284,284,0
2022-05-17 14:37:00,284,284,284,284,0
2022-05-17 14:38:00,284,284,284,284,0
2022-05-17 14:39:00,284,284,284,284,0
2022-05-17 14:40:00,284,284,284,284,0
2022-05-17 14:41:00,284,284,284,284,0
2022-05-17 14:42:00,284,284,284,284,0
2022-05-17 14:43:00,284,284,284,284,0
2022-05-17 14:44:00,284,284,284,284,0
2022-05-17 14:45:00,284,284,284,284,0
2022-05-17 14:46:00,284,284,284,284,0
2022-05-17 14:47:00,284,284,284,284,0
2022-05-17 14:48:00,284,284,284,284,0
2022-05-17 14:49:00,284,284,284,284,0
2022-05-17 14:50:00,284,284,284,284,0
2022-05-17 14:51:00,284,284,284,284,0
2022-05-17 14:52:00,284,284,284,284,0
2022-05-17 14:53:00,284,284,284,284,0
2022-05-17 14:54:00,284,284,284,284,0
2022-05-17 14:55:00,284,284,284,284,0
2022-05-17 14:56:00,284,284,284,284,0
2022-05-17 14:57:00,284,284,284,284,0
2022-05-17 14:58:00,284,284,284,284,0
2022-05-17 14:59:00,284,284,284,284,0
2022-05-17 15:00:00,284,284,284,284,0
2022-05-17 15:01:00,284,284,284,284,0
2022-05-17 15:02:00,284,284,284,284,0
2022-05-17 15:03:00,284,284,284,284,0
2022-05-17 15:04:00,284,284,284,284,0
2022-05-17 15:05:00,284,284,284,284,0
2022-05-17 15:06:00,284,284,284,284,0
2022-05-17 15:07:00,284,284,284,284,0
2022-05-17 15:08:00,284,284,284,284,0
2022-05-17 15:09:00,284,284,284,284,0
2022-05-17 15:10:00,284,284,284,284,0
2022-05-17 15:11:00,284,284,284,284,0
2022-05-17 15:12:00,284,284,284,284,0
2022-05-17 15:13:00,284,284,284,284,0
2022-05-17 15:14:00,284,284,284,284,0
2022-05-17 15:15:00,284,284,284,284,0
2022-05-17 15:16:00,284,284,284,284,0
2022-05-17 15:17:00,284,284,284,284,0
2022-05-17 15:18:00,284,284,284,284,0
2022-05-17 15:19:00,284,284,284,284,0
2022-05-17 15:20:00,284,284,284,284,0
2022-05-17 15:21:00,284,284,284,284,0
2022-05-17 15:22:00,284,284,284,284,0
2022-05-17 15:23:00,284,284,284,284,0
2022-05-17 15:24:00,284,284,284,284,0
2022-05-17 15:25:00,284,284,284,284,0
2022-05-17 15:26:00,284,284,284,284,0
2022-05-17 15:27:00,284,284,284,284,0
2022-05-17 15:28:00,284,284,284,284,0
2022-05-17 15:29:00,284,284,284,284,0
2022-05-17 15:30:00,284,284,284,284,0
2022-05-17 15:31:00,284,284,284,284,0
2022-05-17 15:32:00,284,284,284,284,0
2022-05-17 15:33:00,284,284,284,284,0
2022-05-17 15:34:00,284,284,284,284,0
2022-05-17 15:35:00,284,284,284,284,0
2022-05-17 15:36:00,284,284,284,284,0
2022-05-17 15:37:00,284,284,284,284,0
2022-05-17 15:38:00,284,284,284,284,0
2022-05-17 15:39:00,284,284,284,284,0
2022-05-17 15:40:00,284,284,284,284,0
2022-05-17 15:41:00,284,284,284,284,0
2022-05-17 15:42:00,284,284,284,284,0
2022-05-17 15:43:00,284,284,284,284,0
2022-05-17 15:44:00,284,284,284,284,0
2022-05-17 15:45:00,284,284,284,284,0
2022-05-17 15:46:00,284,284,284,284,0
2022-05-17 15:47:00,284,284,284,284,0
2022-05-17 15:48:00,284,284,284,284,0
2022-05-17 15:49:00,284,284,284,284,0
2022-05-17 15:50:00,284,284,284,284,0
2022-05-17 15:51:00,284,284,284,284,0
2022-05-17 15:52:00,284,284,284,284,0
2022-05-17 15:53:00,284,284,284,284,0
2022-05-17 15:54:00,284,284,284,284,0
2022-05-17 15:55:00,284,284,284,284,0
2022-05-17 15:56:00,284,284,284,284,0
2022-05-17 15:57:00,284,284,284,284,0
2022-05-17 15:58:00,284,284,284,284,0
2022-05-17 15:59:00,284,284,284,284,0
2022-05-18 09:00:00,284,284,284,284,0
2022-05-18 09:01:00,284,284,284,284,0
2022-05-18 09:02:00,284,284,284,284,0
2022-05-18 09:03:00,284,284,284,284,0
2022-05-18 09:04:00,284,284,284,284,0
2022-05-18 09:05:00,284,284,284,284,0
2022-05-18 09:06:00,284,284,284,284,0
2022-05-18 09:07:00,284,284,284,284,0
2022-05-18 09:08:00,284,284,284,284,0
2022-05-18 09:09:00,284,284,284,284,0
2022-05-18 09:10:00,284,284,284,284,0
2022-05-18 09:11:00,284,284,284,284,0
2022-05-18 09:12:00,284,284,284,284,0
2022-05-18 09:13:00,284,284,284,284,0
2022-05-18 09:14:00,284,284,284,284,0
2022-05-18 09:15:00,284,284,284,284,0
2022-05-18 09:16:00,284,284,284,284,0
2022-05-18 09:17:00,284,284,284,284,0
2022-05-18 09:18:00,284,284,284,284,0
2022-05-18 09:19:00,284,284,284,284,0
2022-05-18 09:20:00,284,284,284,284,0
2022-05-18 09:21:00,284,284,284,284,0
2022-05-18 09:22:00,284,284,284,284,0
2022-05-18 09:23:00,284,284,284,284,0
2022-05-18 09:24:00,284,284,284,284,0
2022-05-18 09:25:00,284,284,284,284,0
2022-05-18 09:26:00,284,284,284,284,0
2022-05-18 09:27:00,284,284,284,284,0
2022-05-18 09:28:00,284,284,284,284,0
2022-05-18 09:29:00,284,284,284,284,0
2022-05-18 09:30:00,284,284,284,284,0
2022-05-18 09:31:00,284,284,284,284,0
2022-05-18 09:32:00,284,284,284,284,0
2022-05-18 09:33:00,284,284,284,284,0
2022-05-18 09:34:00,284,284,284,284,0
2022-05-18 09:35:00,284,284,284,284,0
2022-05-18 09:36:00,284,284,284,284,0
2022-05-18 09:37:00,284,284,284,284,0
2022-05-18 09:38:00,284,284,284,284,0
2022-05-18 09:39:00,284,284,284,284,0
2022-05-18 09:40:00,284,284,284,284,0
2022-05-18 09:41:00,284,284,284,284,0
2022-05-18 09:42:00,284,284,284,284,0
2022-05-18 09:43:00,284,284,284,284,0
2022-05-18 09:44:00,284,284,284,284,0
2022-05-18 09:45:00,284,284,284,284,0
2022-05-18 09:46:00,284,284,284,284,0
2022-05-18 09:47:00,284,284,284,284,0
2022-05-18 09:48:00,284,284,284,284,0
2022-05-18 09:49:00,284,284,284,284,0
2022-05-18 09:50:00,284,284,284,284,0
2022-05-18 09:51:00,284,284,284,284,0
2022-05-18 09:52:00,284,284,284,284,0
2022-05-18 09:53:00,284,284,284,284,0
2022-05-18 09:54:00,284,284,284,284,0
2022-05-18 09:55:00,284,284,284,284,0
2022-05-18 09:56:00,284,284,284,284,0
2022-05-18 09:57:00,284,284,284,284,0
2022-05-18 09:58:00,284,284,284,284,0
2022-05-18 09:59:00,284,284,284,284,0
2022-05-18 10:00:00,284,284,284,284,0
2022-05-18 10:01:00,284,284,284,284,0
2022-05-18 10:02:00,284,284,284,284,0
2022-05-18 10:03:00,284,284,284,284,0
2022-05-18 10:04:00,284,284,284,284,0
2022-05-18 10:05:00,284,284,284,284,0
2022-05-18 10:06:00,284,284,284,284,0
2022-05-18 10:07:00,284,284,284,284,0
2022-05-18 10:08:00,284,284,284,284,0
2022-05-18 10:09:00,284,284,284,284,0
2022-05-18 10:10:00,284,284,284,284,0
2022-05-18 10:11:00,284,284,284,284,0
2022-05-18 10:12:00,284,284,284,284,0
2022-05-18 10:13:00,284,284,284,284,0
2022-05-18 10:14:00,284,284,284,284,0
2022-05-18 10:15:00,284,284,284,284,0
2022-05-18 10:16:00,284,284,284,284,0
2022-05-18 10:17:00,284,284,284,284,0
2022-05-18 10:18:00,284,284,284,284,0
2022-05-18 10:19:00,284,284,284,284,0
2022-05-18 10:20:00,270,270,270,270,100
2022-05-18 10:21:00,270,270,270,270,0
2022-05-18 10:22:00,270,270,270,270,0
2022-05-18 10:23:00,270,270,270,270,0
2022-05-18 10:24:00,270,270,270,270,0
2022-05-18 10:25:00,270,270,270,270,0
2022-05-18 10:26:00,270,270,270,270,0
2022-05-18 10:27:00,270,270,270,270,0
2022-05-18 10:28:00,270,270,270,270,0
2022-05-18 10:29:00,270,270,270,270,0
2022-05-18 10:30:00,270,270,270,270,0
2022-05-18 10:31:00,270,270,270,270,0
2022-05-18 10:32:00,270,270,270,270,0
2022-05-18 10:33:00,270,270,270,270,0
2022-05-18 10:34:00,270,270,270,270,0
2022-05-18 10:35:00,270,270,270,270,0
2022-05-18 10:36:00,270,270,270,270,0
2022-05-18 10:37:00,270,270,270,270,0
2022-05-18 10:38:00,270,270,270,270,0
2022-05-18 10:39:00,270,270,270,270,0
2022-05-18 10:40:00,270,270,270,270,0
2022-05-18 10:41:00,270,270,270,270,0
2022-05-18 10:42:00,270,270,270,270,0
2022-05-18 10:43:00,270,270,270,270,0
2022-05-18 10:44:00,270,270,270,270,0
2022-05-18 10:45:00,270,270,270,270,0
2022-05-18 10:46:00,270,270,270,270,0
2022-05-18 10:47:00,270,270,270,270,0
2022-05-18 10:48:00,270,270,270,270,0
2022-05-18 10:49:00,270,270,270,270,0
2022-05-18 10:50:00,270,270,270,270,0
2022-05-18 10:51:00,270,270,270,270,0
2022-05-18 10:52:00,270,270,270,270,0
2022-05-18 10:53:00,270,270,270,270,0
2022-05-18 10:54:00,270,270,270,270,0
2022-05-18 10:55:00,270,270,270,270,0
2022-05-18 10:56:00,270,270,270,270,0
2022-05-18 10:57:00,270,270,270,270,0
2022-05-18 10:58:00,270,270,270,270,0
2022-05-18 10:59:00,270,270,270,270,0
2022-05-18 11:00:00,270,270,270,270,0
2022-05-18 11:01:00,270,270,270,270,0
2022-05-18 11:02:00,270,270,270,270,0
2022-05-18 11:03:00,270,270,270,270,0
2022-05-18 11:04:00,270,270,270,270,0
2022-05-18 11:05:00,270,270,270,270,0
2022-05-18 11:06:00,270,270,270,270,0
2022-05-18 11:07:00,270,270,270,270,0
2022-05-18 11:08:00,288,288,292,292,200
2022-05-18 11:09:00,288,288,292,292,0
2022-05-18 11:10:00,288,288,292,292,0
2022-05-18 11:11:00,288,288,292,292,0
2022-05-18 11:12:00,288,288,292,292,0
2022-05-18 11:13:00,288,288,292,292,0
2022-05-18 11:14:00,288,288,292,292,0
2022-05-18 11:15:00,288,288,292,292,0
2022-05-18 11:16:00,288,288,292,292,0
2022-05-18 11:17:00,288,288,292,292,0
2022-05-18 11:18:00,288,288,292,292,0
2022-05-18 11:19:00,288,288,292,292,0
2022-05-18 11:20:00,288,288,292,292,0
2022-05-18 11:21:00,288,288,292,292,0
2022-05-18 11:22:00,288,288,292,292,0
2022-05-18 11:23:00,288,288,292,292,0
2022-05-18 11:24:00,288,288,292,292,0
2022-05-18 11:25:00,288,288,292,292,0
2022-05-18 11:26:00,288,288,292,292,0
2022-05-18 11:27:00,288,288,292,292,0
2022-05-18 11:28:00,288,288,292,292,0
2022-05-18 11:29:00,288,288,292,292,0
2022-05-18 11:30:00,288,288,292,292,0
2022-05-18 11:31:00,288,288,292,292,0
2022-05-18 11:32:00,288,288,292,292,0
2022-05-18 11:33:00,288,288,292,292,0
2022-05-18 11:34:00,288,288,292,292,0
2022-05-18 11:35:00,288,288,292,292,0
2022-05-18 11:36:00,288,288,292,292,0
2022-05-18 11:37:00,288,288,292,292,0
2022-05-18 11:38:00,288,288,292,292,0
2022-05-18 11:39:00,288,288,292,292,0
2022-05-18 11:40:00,288,288,292,292,0
2022-05-18 11:41:00,288,288,292,292,0
2022-05-18 11:42:00,288,288,292,292,0
2022-05-18 11:43:00,288,288,292,292,0
2022-05-18 11:44:00,288,288,292,292,0
2022-05-18 11:45:00,288,288,292,292,0
2022-05-18 11:46:00,288,288,292,292,0
2022-05-18 11:47:00,288,288,292,292,0
2022-05-18 11:48:00,288,288,292,292,0
2022-05-18 11:49:00,288,288,292,292,0
2022-05-18 11:50:00,288,288,292,292,0
2022-05-18 11:51:00,288,288,292,292,0
2022-05-18 11:52:00,288,288,292,292,0
2022-05-18 11:53:00,288,288,292,292,0
2022-05-18 11:54:00,288,288,292,292,0
2022-05-18 11:55:00,288,288,292,292,0
2022-05-18 11:56:00,288,288,292,292,0
2022-05-18 11:57:00,288,288,292,292,0
2022-05-18 11:58:00,288,288,292,292,0
2022-05-18 11:59:00,288,288,292,292,0
2022-05-18 12:00:00,288,288,292,292,0
2022-05-18 12:01:00,288,288,292,292,0
2022-05-18 12:02:00,288,288,292,292,0
2022-05-18 12:03:00,288,288,292,292,0
2022-05-18 12:04:00,288,288,292,292,0
2022-05-18 12:05:00,288,288,292,292,0
2022-05-18 12:06:00,288,288,292,292,0
2022-05-18 12:07:00,288,288,292,292,0
2022-05-18 12:08:00,288,288,292,292,0
2022-05-18 12:09:00,288,288,292,292,0
2022-05-18 12:10:00,288,288,292,292,0
2022-05-18 12:11:00,288,288,292,292,0
2022-05-18 12:12:00,288,288,292,292,0
2022-05-18 12:13:00,288,288,292,292,0
2022-05-18 12:14:00,288,288,292,292,0
2022-05-18 12:15:00,288,288,292,292,0
2022-05-18 12:16:00,288,288,292,292,0
2022-05-18 12:17:00,288,288,292,292,0
2022-05-18 12:18:00,288,288,292,292,0
2022-05-18 12:19:00,288,288,292,292,0
2022-05-18 12:20:00,288,288,292,292,0
2022-05-18 12:21:00,288,288,292,292,0
2022-05-18 12:22:00,288,288,292,292,0
2022-05-18 12:23:00,288,288,292,292,0
2022-05-18 12:24:00,288,288,292,292,0
2022-05-18 12:25:00,288,288,292,292,0
2022-05-18 12:26:00,288,288,292,292,0
2022-05-18 12:27:00,288,288,292,292,0
2022-05-18 12:28:00,288,288,292,292,0
2022-05-18 12:29:00,288,288,292,292,0
2022-05-18 12:30:00,288,288,292,292,0
2022-05-18 12:31:00,288,288,292,292,0
2022-05-18 12:32:00,288,288,292,292,0
2022-05-18 12:33:00,288,288,292,292,0
2022-05-18 12:34:00,288,288,292,292,0
2022-05-18 12:35:00,288,288,292,292,0
2022-05-18 12:36:00,288,288,292,292,0
2022-05-18 12:37:00,288,288,292,292,0
2022-05-18 12:38:00,288,288,292,292,0
2022-05-18 12:39:00,288,288,292,292,0
2022-05-18 12:40:00,288,288,292,292,0
2022-05-18 12:41:00,288,288,292,292,0
2022-05-18 12:42:00,288,288,292,292,0
2022-05-18 12:43:00,288,288,292,292,0
2022-05-18 12:44:00,288,288,292,292,0
2022-05-18 12:45:00,288,288,292,292,0
2022-05-18 12:46:00,288,288,292,292,0
2022-05-18 12:47:00,288,288,292,292,0
2022-05-18 12:48:00,288,288,292,292,0
2022-05-18 12:49:00,288,288,292,292,0
2022-05-18 12:50:00,288,288,292,292,0
2022-05-18 12:51:00,288,288,292,292,0
2022-05-18 12:52:00,288,288,292,292,0
2022-05-18 12:53:00,288,288,292,292,0
2022-05-18 12:54:00,288,288,292,292,0
2022-05-18 12:55:00,288,288,292,292,0
2022-05-18 12:56:00,288,288,292,292,0
2022-05-18 12:57:00,288,288,292,292,0
2022-05-18 12:58:00,288,288,292,292,0
2022-05-18 12:59:00,288,288,292,292,0
2022-05-18 13:00:00,288,288,292,292,0
2022-05-18 13:01:00,288,288,292,292,0
2022-05-18 13:02:00,288,288,292,292,0
2022-05-18 13:03:00,288,288,292,292,0
2022-05-18 13:04:00,288,288,292,292,0
2022-05-18 13:05:00,288,288,292,292,0
2022-05-18 13:06:00,288,288,292,292,0
2022-05-18 13:07:00,288,288,292,292,0
2022-05-18 13:08:00,288,288,292,292,0
2022-05-18 13:09:00,288,288,292,292,0
2022-05-18 13:10:00,288,288,292,292,0
2022-05-18 13:11:00,288,288,292,292,0
2022-05-18 13:12:00,288,288,292,292,0
2022-05-18 13:13:00,288,288,292,292,0
2022-05-18 13:14:00,288,288,292,292,0
2022-05-18 13:15:00,288,288,292,292,0
2022-05-18 13:16:00,288,288,292,292,0
2022-05-18 13:17:00,288,288,292,292,0
2022-05-18 13:18:00,288,288,292,292,0
2022-05-18 13:19:00,288,288,292,292,0
2022-05-18 13:20:00,288,288,292,292,0
2022-05-18 13:21:00,288,288,292,292,0
2022-05-18 13:22:00,288,288,292,292,0
2022-05-18 13:23:00,288,288,292,292,0
2022-05-18 13:24:00,288,288,292,292,0
2022-05-18 13:25:00,288,288,292,292,0
2022-05-18 13:26:00,288,288,292,292,0
2022-05-18 13:27:00,288,288,292,292,0
2022-05-18 13:28:00,288,288,292,292,0
2022-05-18 13:29:00,288,288,292,292,0
2022-05-18 13:30:00,290,290,290,290,200
2022-05-18 13:31:00,290,290,290,290,0
2022-05-18 13:32:00,290,290,290,290,0
2022-05-18 13:33:00,290,290,290,290,0
2022-05-18 13:34:00,290,290,290,290,0
2022-05-18 13:35:00,290,290,290,290,0
2022-05-18 13:36:00,290,290,290,290,100
2022-05-18 13:37:00,290,290,290,290,0
2022-05-18 13:38:00,290,290,290,290,0
2022-05-18 13:39:00,290,290,290,290,0
2022-05-18 13:40:00,290,290,290,290,0
2022-05-18 13:41:00,290,290,290,290,0
2022-05-18 13:42:00,290,290,290,290,0
2022-05-18 13:43:00,290,290,290,290,0
2022-05-18 13:44:00,290,290,290,290,0
2022-05-18 13:45:00,290,290,290,290,0
2022-05-18 13:46:00,290,290,290,290,0
2022-05-18 13:47:00,290,290,290,290,0
2022-05-18 13:48:00,290,290,290,290,0
2022-05-18 13:49:00,290,290,290,290,0
2022-05-18 13:50:00,290,290,290,290,0
2022-05-18 13:51:00,290,290,290,290,0
2022-05-18 13:52:00,290,290,290,290,0
2022-05-18 13:53:00,290,290,290,290,0
2022-05-18 13:54:00,288,288,288,288,200
2022-05-18 13:55:00,288,288,288,288,0
2022-05-18 13:56:00,288,288,288,288,0
2022-05-18 13:57:00,288,288,288,288,0
2022-05-18 13:58:00,288,288,288,288,0
2022-05-18 13:59:00,288,288,288,288,0
2022-05-18 14:00:00,288,288,288,288,0
2022-05-18 14:01:00,288,288,288,288,0
2022-05-18 14:02:00,288,288,288,288,0
2022-05-18 14:03:00,288,288,288,288,0
2022-05-18 14:04:00,286,286,288,288,500
2022-05-18 14:05:00,286,286,288,288,0
2022-05-18 14:06:00,286,286,288,288,0
2022-05-18 14:07:00,286,286,288,288,0
2022-05-18 14:08:00,286,286,288,288,0
2022-05-18 14:09:00,286,286,288,288,0
2022-05-18 14:10:00,286,286,288,288,0
2022-05-18 14:11:00,286,286,288,288,0
2022-05-18 14:12:00,286,286,288,288,0
2022-05-18 14:13:00,286,286,288,288,0
2022-05-18 14:14:00,286,286,288,288,0
2022-05-18 14:15:00,286,286,288,288,0
2022-05-18 14:16:00,286,286,288,288,0
2022-05-18 14:17:00,286,286,288,288,0
2022-05-18 14:18:00,286,286,288,288,0
2022-05-18 14:19:00,286,286,288,288,0
2022-05-18 14:20:00,286,286,288,288,0
2022-05-18 14:21:00,286,286,288,288,0
2022-05-18 14:22:00,286,286,288,288,0
2022-05-18 14:23:00,286,286,288,288,0
2022-05-18 14:24:00,286,286,288,288,0
2022-05-18 14:25:00,286,286,288,288,0
2022-05-18 14:26:00,286,286,288,288,0
2022-05-18 14:27:00,286,286,288,288,0
2022-05-18 14:28:00,286,286,288,288,0
2022-05-18 14:29:00,286,286,288,288,0
2022-05-18 14:30:00,286,286,288,288,0
2022-05-18 14:31:00,286,286,288,288,0
2022-05-18 14:32:00,286,286,288,288,0
2022-05-18 14:33:00,286,286,288,288,0
2022-05-18 14:34:00,286,286,288,288,0
2022-05-18 14:35:00,286,286,288,288,0
2022-05-18 14:36:00,286,286,288,288,0
2022-05-18 14:37:00,286,286,286,286,300
2022-05-18 14:38:00,286,286,286,286,0
2022-05-18 14:39:00,286,286,286,286,0
2022-05-18 14:40:00,286,286,286,286,0
2022-05-18 14:41:00,286,286,286,286,0
2022-05-18 14:42:00,286,286,286,286,0
2022-05-18 14:43:00,286,286,286,286,0
2022-05-18 14:44:00,286,286,286,286,0
2022-05-18 14:45:00,286,286,286,286,0
2022-05-18 14:46:00,286,286,286,286,0
2022-05-18 14:47:00,286,286,286,286,0
2022-05-18 14:48:00,286,286,286,286,0
2022-05-18 14:49:00,286,286,286,286,0
2022-05-18 14:50:00,286,286,286,286,0
2022-05-18 14:51:00,286,286,286,286,0
2022-05-18 14:52:00,286,286,286,286,0
2022-05-18 14:53:00,286,286,286,286,0
2022-05-18 14:54:00,286,286,286,286,0
2022-05-18 14:55:00,286,286,286,286,0
2022-05-18 14:56:00,286,286,286,286,0
2022-05-18 14:57:00,286,286,286,286,0
2022-05-18 14:58:00,286,286,286,286,0
2022-05-18 14:59:00,286,286,286,286,0
2022-05-18 15:00:00,286,286,286,286,0
2022-05-18 15:01:00,286,286,286,286,0
2022-05-18 15:02:00,286,286,286,286,100
2022-05-18 15:03:00,286,286,286,286,0
2022-05-18 15:04:00,286,286,286,286,0
2022-05-18 15:05:00,286,286,286,286,0
2022-05-18 15:06:00,286,286,286,286,0
2022-05-18 15:07:00,286,286,286,286,0
2022-05-18 15:08:00,286,286,286,286,0
2022-05-18 15:09:00,286,286,286,286,0
2022-05-18 15:10:00,286,286,286,286,0
2022-05-18 15:11:00,286,286,286,286,0
2022-05-18 15:12:00,286,286,286,286,0
2022-05-18 15:13:00,286,286,286,286,0
2022-05-18 15:14:00,286,286,286,286,0
2022-05-18 15:15:00,286,286,286,286,0
2022-05-18 15:16:00,286,286,286,286,0
2022-05-18 15:17:00,286,286,286,286,0
2022-05-18 15:18:00,286,286,286,286,0
2022-05-18 15:19:00,286,286,286,286,0
2022-05-18 15:20:00,286,286,286,286,0
2022-05-18 15:21:00,286,286,286,286,0
2022-05-18 15:22:00,286,286,286,286,0
2022-05-18 15:23:00,286,286,286,286,0
2022-05-18 15:24:00,286,286,286,286,0
2022-05-18 15:25:00,286,286,286,286,0
2022-05-18 15:26:00,286,286,286,286,0
2022-05-18 15:27:00,286,286,286,286,0
2022-05-18 15:28:00,286,286,286,286,0
2022-05-18 15:29:00,286,286,286,286,0
2022-05-18 15:30:00,286,286,286,286,0
2022-05-18 15:31:00,286,286,286,286,0
2022-05-18 15:32:00,286,286,286,286,0
2022-05-18 15:33:00,286,286,286,286,0
2022-05-18 15:34:00,286,286,286,286,0
2022-05-18 15:35:00,286,286,286,286,0
2022-05-18 15:36:00,286,286,286,286,0
2022-05-18 15:37:00,286,286,286,286,0
2022-05-18 15:38:00,286,286,286,286,0
2022-05-18 15:39:00,286,286,286,286,0
2022-05-18 15:40:00,286,286,286,286,0
2022-05-18 15:41:00,286,286,286,286,0
2022-05-18 15:42:00,286,286,286,286,0
2022-05-18 15:43:00,286,286,286,286,0
2022-05-18 15:44:00,286,286,286,286,0
2022-05-18 15:45:00,286,286,286,286,0
2022-05-18 15:46:00,286,286,286,286,0
2022-05-18 15:47:00,286,286,286,286,0
2022-05-18 15:48:00,286,286,286,286,0
2022-05-18 15:49:00,286,286,286,286,0
2022-05-18 15:50:00,286,286,286,286,0
2022-05-18 15:51:00,286,286,286,286,0
2022-05-18 15:52:00,286,286,286,286,0
2022-05-18 15:53:00,286,286,286,286,0
2022-05-18 15:54:00,286,286,286,286,0
2022-05-18 15:55:00,286,286,286,286,0
2022-05-18 15:56:00,286,286,286,286,0
2022-05-18 15:57:00,286,286,286,286,0
2022-05-18 15:58:00,286,286,286,286,0
2022-05-18 15:59:00,286,286,286,286,0
2022-05-19 09:00:00,286,286,286,286,0
2022-05-19 09:01:00,286,286,286,286,0
2022-05-19 09:02:00,286,286,286,286,0
2022-05-19 09:03:00,286,286,286,286,0
2022-05-19 09:04:00,286,286,286,286,0
2022-05-19 09:05:00,286,286,286,286,0
2022-05-19 09:06:00,286,286,286,286,0
2022-05-19 09:07:00,286,286,286,286,0
2022-05-19 09:08:00,286,286,286,286,0
2022-05-19 09:09:00,286,286,286,286,0
2022-05-19 09:10:00,286,286,286,286,0
2022-05-19 09:11:00,286,286,286,286,0
2022-05-19 09:12:00,286,286,286,286,0
2022-05-19 09:13:00,286,286,286,286,0
2022-05-19 09:14:00,286,286,286,286,0
2022-05-19 09:15:00,286,286,286,286,0
2022-05-19 09:16:00,286,286,286,286,0
2022-05-19 09:17:00,286,286,286,286,0
2022-05-19 09:18:00,286,286,286,286,0
2022-05-19 09:19:00,286,286,286,286,0
2022-05-19 09:20:00,286,286,286,286,0
2022-05-19 09:21:00,286,286,286,286,0
2022-05-19 09:22:00,286,286,286,286,0
2022-05-19 09:23:00,286,286,286,286,0
2022-05-19 09:24:00,286,286,286,286,0
2022-05-19 09:25:00,286,286,286,286,0
2022-05-19 09:26:00,286,286,286,286,0
2022-05-19 09:27:00,286,286,286,286,0
2022-05-19 09:28:00,286,286,286,286,0
2022-05-19 09:29:00,286,286,286,286,0
2022-05-19 09:30:00,286,286,286,286,0
2022-05-19 09:31:00,286,286,286,286,0
2022-05-19 09:32:00,286,286,286,286,0
2022-05-19 09:33:00,286,286,286,286,0
2022-05-19 09:34:00,286,286,286,286,0
2022-05-19 09:35:00,286,286,286,286,0
2022-05-19 09:36:00,286,286,286,286,0
2022-05-19 09:37:00,286,286,286,286,0
2022-05-19 09:38:00,286,286,286,286,0
2022-05-19 09:39:00,286,286,286,286,0
2022-05-19 09:40:00,286,286,286,286,0
2022-05-19 09:41:00,286,286,286,286,0
2022-05-19 09:42:00,286,286,286,286,0
2022-05-19 09:43:00,286,286,286,286,0
2022-05-19 09:44:00,286,286,286,286,0
2022-05-19 09:45:00,286,286,286,286,0
2022-05-19 09:46:00,286,286,286,286,0
2022-05-19 09:47:00,286,286,286,286,0
2022-05-19 09:48:00,286,286,286,286,0
2022-05-19 09:49:00,286,286,286,286,0
2022-05-19 09:50:00,286,286,286,286,0
2022-05-19 09:51:00,286,286,286,286,0
2022-05-19 09:52:00,286,286,286,286,0
2022-05-19 09:53:00,286,286,286,286,0
2022-05-19 09:54:00,286,286,286,286,0
2022-05-19 09:55:00,286,286,286,286,0
2022-05-19 09:56:00,286,286,286,286,0
2022-05-19 09:57:00,286,286,286,286,0
2022-05-19 09:58:00,286,286,286,286,0
2022-05-19 09:59:00,286,286,286,286,0
2022-05-19 10:00:00,286,286,286,286,0
2022-05-19 10:01:00,286,286,286,286,0
2022-05-19 10:02:00,286,286,286,286,0
2022-05-19 10:03:00,286,286,286,286,0
2022-05-19 10:04:00,286,286,286,286,0
2022-05-19 10:05:00,286,286,286,286,0
2022-05-19 10:06:00,286,286,286,286,0
2022-05-19 10:07:00,286,286,286,286,0
2022-05-19 10:08:00,286,286,286,286,0
2022-05-19 10:09:00,286,286,286,286,0
2022-05-19 10:10:00,286,286,286,286,0
2022-05-19 10:11:00,286,286,286,286,0
2022-05-19 10:12:00,286,286,286,286,0
2022-05-19 10:13:00,286,286,286,286,0
2022-05-19 10:14:00,286,286,286,286,0
2022-05-19 10:15:00,286,286,286,286,0
2022-05-19 10:16:00,286,286,286,286,0
2022-05-19 10:17:00,286,286,286,286,0
2022-05-19 10:18:00,286,286,286,286,0
2022-05-19 10:19:00,286,286,286,286,0
2022-05-19 10:20:00,286,286,286,286,0
2022-05-19 10:21:00,286,286,286,286,0
2022-05-19 10:22:00,286,286,286,286,0
2022-05-19 10:23:00,286,286,286,286,0
2022-05-19 10:24:00,286,286,286,286,0
2022-05-19 10:25:00,286,286,286,286,0
2022-05-19 10:26:00,286,286,286,286,0
2022-05-19 10:27:00,286,286,286,286,0
2022-05-19 10:28:00,286,286,286,286,0
2022-05-19 10:29:00,286,286,286,286,0
2022-05-19 10:30:00,286,286,286,286,0
2022-05-19 10:31:00,286,286,286,286,0
2022-05-19 10:32:00,286,286,286,286,0
2022-05-19 10:33:00,286,286,286,286,0
2022-05-19 10:34:00,286,286,286,286,0
2022-05-19 10:35:00,286,286,286,286,0
2022-05-19 10:36:00,286,286,286,286,0
2022-05-19 10:37:00,286,286,286,286,0
2022-05-19 10:38:00,286,286,286,286,0
2022-05-19 10:39:00,286,286,286,286,0
2022-05-19 10:40:00,286,286,286,286,0
2022-05-19 10:41:00,286,286,286,286,0
2022-05-19 10:42:00,286,286,286,286,0
2022-05-19 10:43:00,286,286,286,286,0
2022-05-19 10:44:00,286,286,286,286,0
2022-05-19 10:45:00,286,286,286,286,0
2022-05-19 10:46:00,286,286,286,286,0
2022-05-19 10:47:00,286,286,286,286,0
2022-05-19 10:48:00,286,286,286,286,0
2022-05-19 10:49:00,286,286,286,286,0
2022-05-19 10:50:00,286,286,286,286,0
2022-05-19 10:51:00,286,286,286,286,0
2022-05-19 10:52:00,286,286,286,286,0
2022-05-19 10:53:00,286,286,286,286,0
2022-05-19 10:54:00,286,286,286,286,0
2022-05-19 10:55:00,286,286,286,286,0
2022-05-19 10:56:00,286,286,286,286,0
2022-05-19 10:57:00,286,286,286,286,0
2022-05-19 10:58:00,286,286,286,286,0
2022-05-19 10:59:00,286,286,286,286,0
2022-05-19 11:00:00,286,286,286,286,0
2022-05-19 11:01:00,286,286,286,286,0
2022-05-19 11:02:00,286,286,286,286,0
2022-05-19 11:03:00,286,286,286,286,0
2022-05-19 11:04:00,286,286,286,286,0
2022-05-19 11:05:00,286,286,286,286,0
2022-05-19 11:06:00,286,286,286,286,0
2022-05-19 11:07:00,286,286,286,286,0
2022-05-19 11:08:00,286,286,286,286,0
2022-05-19 11:09:00,286,286,286,286,0
2022-05-19 11:10:00,286,286,286,286,0
2022-05-19 11:11:00,286,286,286,286,0
2022-05-19 11:12:00,286,286,286,286,0
2022-05-19 11:13:00,286,286,286,286,0
2022-05-19 11:14:00,286,286,286,286,0
2022-05-19 11:15:00,286,286,286,286,0
2022-05-19 11:16:00,286,286,286,286,0
2022-05-19 11:17:00,286,286,286,286,0
2022-05-19 11:18:00,286,286,286,286,0
2022-05-19 11:19:00,286,286,286,286,0
2022-05-19 11:20:00,286,286,286,286,0
2022-05-19 11:21:00,286,286,286,286,0
2022-05-19 11:22:00,286,286,286,286,0
2022-05-19 11:23:00,286,286,286,286,0
2022-05-19 11:24:00,286,286,286,286,0
2022-05-19 11:25:00,286,286,286,286,0
2022-05-19 11:26:00,286,286,286,286,0
2022-05-19 11:27:00,286,286,286,286,0
2022-05-19 11:28:00,286,286,286,286,0
2022-05-19 11:29:00,286,286,286,286,0
2022-05-19 11:30:00,286,286,286,286,0
2022-05-19 11:31:00,286,286,286,286,0
2022-05-19 11:32:00,286,286,286,286,0
2022-05-19 11:33:00,286,286,286,286,0
2022-05-19 11:34:00,286,286,286,286,0
2022-05-19 11:35:00,286,286,286,286,0
2022-05-19 11:36:00,286,286,286,286,0
2022-05-19 11:37:00,286,286,286,286,0
2022-05-19 11:38:00,286,286,286,286,0
2022-05-19 11:39:00,286,286,286,286,0
2022-05-19 11:40:00,286,286,286,286,0
2022-05-19 11:41:00,286,286,286,286,0
2022-05-19 11:42:00,286,286,286,286,0
2022-05-19 11:43:00,286,286,286,286,0
2022-05-19 11:44:00,286,286,286,286,0
2022-05-19 11:45:00,286,286,286,286,0
2022-05-19 11:46:00,286,286,286,286,0
2022-05-19 11:47:00,286,286,286,286,0
2022-05-19 11:48:00,286,286,286,286,0
2022-05-19 11:49:00,286,286,286,286,0
2022-05-19 11:50:00,286,286,286,286,0
2022-05-19 11:51:00,286,286,286,286,0
2022-05-19 11:52:00,286,286,286,286,0
2022-05-19 11:53:00,286,286,286,286,0
2022-05-19 11:54:00,286,286,286,286,0
2022-05-19 11:55:00,286,286,286,286,0
2022-05-19 11:56:00,286,286,286,286,0
2022-05-19 11:57:00,286,286,286,286,0
2022-05-19 11:58:00,286,286,286,286,0
2022-05-19 11:59:00,286,286,286,286,0
2022-05-19 12:00:00,286,286,286,286,0
2022-05-19 12:01:00,286,286,286,286,0
2022-05-19 12:02:00,286,286,286,286,0
2022-05-19 12:03:00,286,286,286,286,0
2022-05-19 12:04:00,286,286,286,286,0
2022-05-19 12:05:00,286,286,286,286,0
2022-05-19 12:06:00,286,286,286,286,0
2022-05-19 12:07:00,286,286,286,286,0
2022-05-19 12:08:00,286,286,286,286,0
2022-05-19 12:09:00,286,286,286,286,0
2022-05-19 12:10:00,286,286,286,286,0
2022-05-19 12:11:00,286,286,286,286,0
2022-05-19 12:12:00,286,286,286,286,0
2022-05-19 12:13:00,286,286,286,286,0
2022-05-19 12:14:00,286,286,286,286,0
2022-05-19 12:15:00,286,286,286,286,0
2022-05-19 12:16:00,286,286,286,286,0
2022-05-19 12:17:00,286,286,286,286,0
2022-05-19 12:18:00,286,286,286,286,0
2022-05-19 12:19:00,286,286,286,286,0
2022-05-19 12:20:00,286,286,286,286,0
2022-05-19 12:21:00,286,286,286,286,0
2022-05-19 12:22:00,286,286,286,286,0
2022-05-19 12:23:00,286,286,286,286,0
2022-05-19 12:24:00,286,286,286,286,0
2022-05-19 12:25:00,286,286,286,286,0
2022-05-19 12:26:00,286,286,286,286,0
2022-05-19 12:27:00,286,286,286,286,0
2022-05-19 12:28:00,286,286,286,286,0
2022-05-19 12:29:00,286,286,286,286,0
2022-05-19 12:30:00,286,286,286,286,0
2022-05-19 12:31:00,286,286,286,286,0
2022-05-19 12:32:00,286,286,286,286,0
2022-05-19 12:33:00,286,286,286,286,0
2022-05-19 12:34:00,286,286,286,286,0
2022-05-19 12:35:00,286,286,286,286,0
2022-05-19 12:36:00,286,286,286,286,0
2022-05-19 12:37:00,286,286,286,286,0
2022-05-19 12:38:00,286,286,286,286,0
2022-05-19 12:39:00,286,286,286,286,0
2022-05-19 12:40:00,286,286,286,286,0
2022-05-19 12:41:00,286,286,286,286,0
2022-05-19 12:42:00,286,286,286,286,0
2022-05-19 12:43:00,286,286,286,286,0
2022-05-19 12:44:00,286,286,286,286,0
2022-05-19 12:45:00,286,286,286,286,0
2022-05-19 12:46:00,286,286,286,286,0
2022-05-19 12:47:00,286,286,286,286,0
2022-05-19 12:48:00,286,286,286,286,0
2022-05-19 12:49:00,286,286,286,286,0
2022-05-19 12:50:00,286,286,286,286,0
2022-05-19 12:51:00,286,286,286,286,0
2022-05-19 12:52:00,286,286,286,286,0
2022-05-19 12:53:00,286,286,286,286,0
2022-05-19 12:54:00,286,286,286,286,0
2022-05-19 12:55:00,286,286,286,286,0
2022-05-19 12:56:00,286,286,286,286,0
2022-05-19 12:57:00,286,286,286,286,0
2022-05-19 12:58:00,286,286,286,286,0
2022-05-19 12:59:00,286,286,286,286,0
2022-05-19 13:00:00,286,286,286,286,0
2022-05-19 13:01:00,286,286,286,286,0
2022-05-19 13:02:00,286,286,286,286,0
2022-05-19 13:03:00,286,286,286,286,0
2022-05-19 13:04:00,286,286,286,286,0
2022-05-19 13:05:00,286,286,286,286,0
2022-05-19 13:06:00,286,286,286,286,0
2022-05-19 13:07:00,286,286,286,286,0
2022-05-19 13:08:00,286,286,286,286,0
2022-05-19 13:09:00,286,286,286,286,0
2022-05-19 13:10:00,286,286,286,286,0
2022-05-19 13:11:00,286,286,286,286,0
2022-05-19 13:12:00,286,286,286,286,0
2022-05-19 13:13:00,286,286,286,286,0
2022-05-19 13:14:00,286,286,286,286,0
2022-05-19 13:15:00,286,286,286,286,0
2022-05-19 13:16:00,286,286,286,286,0
2022-05-19 13:17:00,286,286,286,286,0
2022-05-19 13:18:00,286,286,286,286,0
2022-05-19 13:19:00,286,286,286,286,0
2022-05-19 13:20:00,286,286,286,286,0
2022-05-19 13:21:00,286,286,286,286,0
2022-05-19 13:22:00,286,286,286,286,0
2022-05-19 13:23:00,286,286,286,286,0
2022-05-19 13:24:00,286,286,286,286,0
2022-05-19 13:25:00,286,286,286,286,0
2022-05-19 13:26:00,286,286,286,286,0
2022-05-19 13:27:00,286,286,286,286,0
2022-05-19 13:28:00,286,286,286,286,0
2022-05-19 13:29:00,286,286,286,286,0
2022-05-19 13:30:00,286,286,286,286,0
2022-05-19 13:31:00,286,286,286,286,0
2022-05-19 13:32:00,286,286,286,286,0
2022-05-19 13:33:00,286,286,286,286,0
2022-05-19 13:34:00,286,286,286,286,0
2022-05-19 13:35:00,286,286,286,286,0
2022-05-19 13:36:00,286,286,286,286,0
2022-05-19 13:37:00,286,286,286,286,0
2022-05-19 13:38:00,286,286,286,286,0
2022-05-19 13:39:00,286,286,286,286,0
2022-05-19 13:40:00,286,286,286,286,0
2022-05-19 13:41:00,286,286,286,286,0
2022-05-19 13:42:00,286,286,286,286,0
2022-05-19 13:43:00,286,286,286,286,0
2022-05-19 13:44:00,286,286,286,286,0
2022-05-19 13:45:00,286,286,286,286,0
2022-05-19 13:46:00,286,286,286,286,0
2022-05-19 13:47:00,286,286,286,286,0
2022-05-19 13:48:00,286,286,286,286,0
2022-05-19 13:49:00,286,286,286,286,0
2022-05-19 13:50:00,286,286,286,286,0
2022-05-19 13:51:00,286,286,286,286,0
2022-05-19 13:52:00,286,286,286,286,0
2022-05-19 13:53:00,286,286,286,286,0
2022-05-19 13:54:00,286,286,286,286,0
2022-05-19 13:55:00,286,286,286,286,0
2022-05-19 13:56:00,286,286,286,286,0
2022-05-19 13:57:00,286,286,286,286,0
2022-05-19 13:58:00,286,286,286,286,0
2022-05-19 13:59:00,286,286,286,286,0
2022-05-19 14:00:00,286,286,286,286,0
2022-05-19 14:01:00,286,286,286,286,0
2022-05-19 14:02:00,286,286,286,286,0
2022-05-19 14:03:00,286,286,286,286,0
2022-05-19 14:04:00,286,286,286,286,0
2022-05-19 14:05:00,286,286,286,286,0
2022-05-19 14:06:00,286,286,286,286,0
2022-05-19 14:07:00,286,286,286,286,0
2022-05-19 14:08:00,286,286,286,286,0
2022-05-19 14:09:00,286,286,286,286,0
2022-05-19 14:10:00,286,286,286,286,0
2022-05-19 14:11:00,286,286,286,286,0
2022-05-19 14:12:00,286,286,286,286,0
2022-05-19 14:13:00,286,286,286,286,0
2022-05-19 14:14:00,286,286,286,286,0
2022-05-19 14:15:00,286,286,286,286,0
2022-05-19 14:16:00,286,286,286,286,0
2022-05-19 14:17:00,286,286,286,286,0
2022-05-19 14:18:00,286,286,286,286,0
2022-05-19 14:19:00,286,286,286,286,0
2022-05-19 14:20:00,286,286,286,286,0
2022-05-19 14:21:00,286,286,286,286,0
2022-05-19 14:22:00,286,286,286,286,0
2022-05-19 14:23:00,286,286,286,286,0
2022-05-19 14:24:00,286,286,286,286,0
2022-05-19 14:25:00,286,286,286,286,0
2022-05-19 14:26:00,286,286,286,286,0
2022-05-19 14:27:00,286,286,286,286,0
2022-05-19 14:28:00,286,286,286,286,0
2022-05-19 14:29:00,286,286,286,286,0
2022-05-19 14:30:00,286,286,286,286,0
2022-05-19 14:31:00,286,286,286,286,0
2022-05-19 14:32:00,286,286,286,286,0
2022-05-19 14:33:00,286,286,286,286,0
2022-05-19 14:34:00,286,286,286,286,0
2022-05-19 14:35:00,286,286,286,286,0
2022-05-19 14:36:00,286,286,286,286,0
2022-05-19 14:37:00,286,286,286,286,0
2022-05-19 14:38:00,286,286,286,286,0
2022-05-19 14:39:00,286,286,286,286,0
2022-05-19 14:40:00,286,286,286,286,0
2022-05-19 14:41:00,286,286,286,286,0
2022-05-19 14:42:00,286,286,286,286,0
2022-05-19 14:43:00,286,286,286,286,0
2022-05-19 14:44:00,286,286,286,286,0
2022-05-19 14:45:00,286,286,286,286,0
2022-05-19 14:46:00,286,286,286,286,0
2022-05-19 14:47:00,286,286,286,286,0
2022-05-19 14:48:00,286,286,286,286,0
2022-05-19 14:49:00,286,286,286,286,0
2022-05-19 14:50:00,286,286,286,286,0
2022-05-19 14:51:00,286,286,286,286,0
2022-05-19 14:52:00,286,286,286,286,0
2022-05-19 14:53:00,286,286,286,286,0
2022-05-19 14:54:00,286,286,286,286,0
2022-05-19 14:55:00,286,286,286,286,0
2022-05-19 14:56:00,286,286,286,286,0
2022-05-19 14:57:00,286,286,286,286,0
2022-05-19 14:58:00,286,286,286,286,0
2022-05-19 14:59:00,286,286,286,286,0
2022-05-19 15:00:00,286,286,286,286,0
2022-05-19 15:01:00,286,286,286,286,0
2022-05-19 15:02:00,286,286,286,286,0
2022-05-19 15:03:00,286,286,286,286,0
2022-05-19 15:04:00,286,286,286,286,0
2022-05-19 15:05:00,286,286,286,286,0
2022-05-19 15:06:00,286,286,286,286,0
2022-05-19 15:07:00,286,286,286,286,0
2022-05-19 15:08:00,286,286,286,286,0
2022-05-19 15:09:00,286,286,286,286,0
2022-05-19 15:10:00,286,286,286,286,0
2022-05-19 15:11:00,286,286,286,286,0
2022-05-19 15:12:00,286,286,286,286,0
2022-05-19 15:13:00,286,286,286,286,0
2022-05-19 15:14:00,286,286,286,286,0
2022-05-19 15:15:00,286,286,286,286,0
2022-05-19 15:16:00,286,286,286,286,0
2022-05-19 15:17:00,286,286,286,286,0
2022-05-19 15:18:00,286,286,286,286,0
2022-05-19 15:19:00,286,286,286,286,0
2022-05-19 15:20:00,286,286,286,286,0
2022-05-19 15:21:00,286,286,286,286,0
2022-05-19 15:22:00,286,286,286,286,0
2022-05-19 15:23:00,286,286,286,286,0
2022-05-19 15:24:00,286,286,286,286,0
2022-05-19 15:25:00,286,286,286,286,0
2022-05-19 15:26:00,286,286,286,286,0
2022-05-19 15:27:00,286,286,286,286,0
2022-05-19 15:28:00,286,286,286,286,0
2022-05-19 15:29:00,286,286,286,286,0
2022-05-19 15:30:00,286,286,286,286,0
2022-05-19 15:31:00,286,286,286,286,0
2022-05-19 15:32:00,286,286,286,286,0
2022-05-19 15:33:00,286,286,286,286,0
2022-05-19 15:34:00,286,286,286,286,0
2022-05-19 15:35:00,286,286,286,286,0
2022-05-19 15:36:00,286,286,286,286,0
2022-05-19 15:37:00,286,286,286,286,0
2022-05-19 15:38:00,286,286,286,286,0
2022-05-19 15:39:00,286,286,286,286,0
2022-05-19 15:40:00,286,286,286,286,0
2022-05-19 15:41:00,286,286,286,286,0
2022-05-19 15:42:00,286,286,286,286,0
2022-05-19 15:43:00,286,286,286,286,0
2022-05-19 15:44:00,286,286,286,286,0
2022-05-19 15:45:00,286,286,286,286,0
2022-05-19 15:46:00,286,286,286,286,0
2022-05-19 15:47:00,286,286,286,286,0
2022-05-19 15:48:00,286,286,286,286,0
2022-05-19 15:49:00,286,286,286,286,0
2022-05-19 15:50:00,286,286,286,286,0
2022-05-19 15:51:00,286,286,286,286,0
2022-05-19 15:52:00,286,286,286,286,0
2022-05-19 15:53:00,286,286,286,286,0
2022-05-19 15:54:00,286,286,286,286,0
2022-05-19 15:55:00,286,286,286,286,0
2022-05-19 15:56:00,286,286,286,286,0
2022-05-19 15:57:00,286,286,286,286,0
2022-05-19 15:58:00,286,286,286,286,0
2022-05-19 15:59:00,286,286,286,286,0
2022-05-20 09:00:00,286,286,286,286,0
2022-05-20 09:01:00,286,286,286,286,0
2022-05-20 09:02:00,286,286,286,286,0
2022-05-20 09:03:00,286,286,286,286,0
2022-05-20 09:04:00,286,286,286,286,0
2022-05-20 09:05:00,286,286,286,286,0
2022-05-20 09:06:00,286,286,286,286,0
2022-05-20 09:07:00,286,286,286,286,0
2022-05-20 09:08:00,286,286,286,286,0
2022-05-20 09:09:00,286,286,286,286,0
2022-05-20 09:10:00,286,286,286,286,0
2022-05-20 09:11:00,286,286,286,286,0
2022-05-20 09:12:00,286,286,286,286,0
2022-05-20 09:13:00,286,286,286,286,0
2022-05-20 09:14:00,286,286,286,286,0
2022-05-20 09:15:00,286,286,286,286,0
2022-05-20 09:16:00,286,286,286,286,0
2022-05-20 09:17:00,286,286,286,286,0
2022-05-20 09:18:00,286,286,286,286,0
2022-05-20 09:19:00,286,286,286,286,0
2022-05-20 09:20:00,286,286,286,286,0
2022-05-20 09:21:00,286,286,286,286,0
2022-05-20 09:22:00,286,286,286,286,0
2022-05-20 09:23:00,286,286,286,286,0
2022-05-20 09:24:00,286,286,286,286,0
2022-05-20 09:25:00,286,286,286,286,0
2022-05-20 09:26:00,286,286,286,286,0
2022-05-20 09:27:00,286,286,286,286,0
2022-05-20 09:28:00,286,286,286,286,0
2022-05-20 09:29:00,286,286,286,286,0
2022-05-20 09:30:00,286,286,286,286,0
2022-05-20 09:31:00,286,286,286,286,0
2022-05-20 09:32:00,286,286,286,286,0
2022-05-20 09:33:00,286,286,286,286,0
2022-05-20 09:34:00,286,286,286,286,0
2022-05-20 09:35:00,286,286,286,286,0
2022-05-20 09:36:00,286,286,286,286,0
2022-05-20 09:37:00,286,286,286,286,0
2022-05-20 09:38:00,286,286,286,286,0
2022-05-20 09:39:00,286,286,286,286,0
2022-05-20 09:40:00,286,286,286,286,0
2022-05-20 09:41:00,286,286,286,286,0
2022-05-20 09:42:00,286,286,286,286,0
2022-05-20 09:43:00,286,286,286,286,0
2022-05-20 09:44:00,286,286,286,286,0
2022-05-20 09:45:00,286,286,286,286,0
2022-05-20 09:46:00,286,286,286,286,0
2022-05-20 09:47:00,286,286,286,286,0
2022-05-20 09:48:00,286,286,286,286,0
2022-05-20 09:49:00,286,286,286,286,0
2022-05-20 09:50:00,286,286,286,286,0
2022-05-20 09:51:00,286,286,286,286,0
2022-05-20 09:52:00,286,286,286,286,0
2022-05-20 09:53:00,286,286,286,286,0
2022-05-20 09:54:00,286,286,286,286,0
2022-05-20 09:55:00,286,286,286,286,0
2022-05-20 09:56:00,286,286,286,286,0
2022-05-20 09:57:00,286,286,286,286,0
2022-05-20 09:58:00,286,286,286,286,0
2022-05-20 09:59:00,286,286,286,286,0
2022-05-20 10:00:00,286,286,286,286,0
2022-05-20 10:01:00,286,286,286,286,0
2022-05-20 10:02:00,286,286,286,286,0
2022-05-20 10:03:00,286,286,286,286,0
2022-05-20 10:04:00,286,286,286,286,0
2022-05-20 10:05:00,286,286,286,286,0
2022-05-20 10:06:00,286,286,286,286,0
2022-05-20 10:07:00,286,286,286,286,0
2022-05-20 10:08:00,286,286,286,286,0
2022-05-20 10:09:00,286,286,286,286,0
2022-05-20 10:10:00,286,286,286,286,0
2022-05-20 10:11:00,286,286,286,286,0
2022-05-20 10:12:00,286,286,286,286,0
2022-05-20 10:13:00,286,286,286,286,0
2022-05-20 10:14:00,286,286,286,286,0
2022-05-20 10:15:00,286,286,286,286,0
2022-05-20 10:16:00,286,286,286,286,0
2022-05-20 10:17:00,286,286,286,286,0
2022-05-20 10:18:00,286,286,286,286,0
2022-05-20 10:19:00,286,286,286,286,0
2022-05-20 10:20:00,286,286,286,286,0
2022-05-20 10:21:00,286,286,286,286,0
2022-05-20 10:22:00,286,286,286,286,0
2022-05-20 10:23:00,286,286,286,286,0
2022-05-20 10:24:00,286,286,286,286,0
2022-05-20 10:25:00,286,286,286,286,0
2022-05-20 10:26:00,286,286,286,286,0
2022-05-20 10:27:00,286,286,286,286,0
2022-05-20 10:28:00,286,286,286,286,0
2022-05-20 10:29:00,286,286,286,286,0
2022-05-20 10:30:00,286,286,286,286,0
2022-05-20 10:31:00,286,286,286,286,0
2022-05-20 10:32:00,286,286,286,286,0
2022-05-20 10:33:00,286,286,286,286,0
2022-05-20 10:34:00,286,286,286,286,0
2022-05-20 10:35:00,286,286,286,286,0
2022-05-20 10:36:00,286,286,286,286,0
2022-05-20 10:37:00,286,286,286,286,0
2022-05-20 10:38:00,286,286,286,286,0
2022-05-20 10:39:00,286,286,286,286,0
2022-05-20 10:40:00,286,286,286,286,0
2022-05-20 10:41:00,286,286,286,286,0
2022-05-20 10:42:00,286,286,286,286,0
2022-05-20 10:43:00,286,286,286,286,0
2022-05-20 10:44:00,286,286,286,286,0
2022-05-20 10:45:00,286,286,286,286,0
2022-05-20 10:46:00,280,280,284,284,0
2022-05-20 10:47:00,286,286,286,286,6000
2022-05-20 10:48:00,286,286,286,286,0
2022-05-20 10:49:00,286,286,286,286,0
2022-05-20 10:50:00,286,286,286,286,0
2022-05-20 10:51:00,286,286,286,286,0
2022-05-20 10:52:00,286,286,286,286,0
2022-05-20 10:53:00,286,286,286,286,0
2022-05-20 10:54:00,286,286,286,286,0
2022-05-20 10:55:00,286,286,286,286,0
2022-05-20 10:56:00,286,286,286,286,0
2022-05-20 10:57:00,286,286,286,286,0
2022-05-20 10:58:00,286,286,286,286,0
2022-05-20 10:59:00,286,286,286,286,0
2022-05-20 11:00:00,286,286,286,286,0
2022-05-20 11:01:00,286,286,286,286,0
2022-05-20 11:02:00,286,286,286,286,0
2022-05-20 11:03:00,286,286,286,286,0
2022-05-20 11:04:00,286,286,286,286,0
2022-05-20 11:05:00,286,286,286,286,0
2022-05-20 11:06:00,286,286,286,286,0
2022-05-20 11:07:00,286,286,286,286,0
2022-05-20 11:08:00,286,286,286,286,0
2022-05-20 11:09:00,286,286,286,286,0
2022-05-20 11:10:00,286,286,286,286,0
2022-05-20 11:11:00,286,286,286,286,0
2022-05-20 11:12:00,286,286,286,286,0
2022-05-20 11:13:00,286,286,286,286,0
2022-05-20 11:14:00,286,286,286,286,0
2022-05-20 11:15:00,286,286,286,286,0
2022-05-20 11:16:00,286,286,286,286,0
2022-05-20 11:17:00,286,286,286,286,0
2022-05-20 11:18:00,286,286,286,286,0
2022-05-20 11:19:00,286,286,286,286,0
2022-05-20 11:20:00,286,286,286,286,0
2022-05-20 11:21:00,286,286,286,286,0
2022-05-20 11:22:00,286,286,286,286,0
2022-05-20 11:23:00,286,286,286,286,0
2022-05-20 11:24:00,286,286,286,286,0
2022-05-20 11:25:00,286,286,286,286,0
2022-05-20 11:26:00,286,286,286,286,0
2022-05-20 11:27:00,286,286,286,286,0
2022-05-20 11:28:00,286,286,286,286,0
2022-05-20 11:29:00,286,286,286,286,0
2022-05-20 11:30:00,286,286,286,286,0
2022-05-20 11:31:00,286,286,286,286,0
2022-05-20 11:32:00,286,286,286,286,0
2022-05-20 11:33:00,286,286,286,286,0
2022-05-20 11:34:00,286,286,286,286,0
2022-05-20 11:35:00,286,286,286,286,0
2022-05-20 11:36:00,286,286,286,286,0
2022-05-20 11:37:00,286,286,286,286,0
2022-05-20 11:38:00,286,286,286,286,0
2022-05-20 11:39:00,286,286,286,286,0
2022-05-20 11:40:00,286,286,286,286,0
2022-05-20 11:41:00,286,286,286,286,0
2022-05-20 11:42:00,286,286,286,286,0
2022-05-20 11:43:00,286,286,286,286,0
2022-05-20 11:44:00,286,286,286,286,0
2022-05-20 11:45:00,286,286,286,286,0
2022-05-20 11:46:00,286,286,286,286,0
2022-05-20 11:47:00,286,286,286,286,0
2022-05-20 11:48:00,286,286,286,286,0
2022-05-20 11:49:00,286,286,286,286,0
2022-05-20 11:50:00,286,286,286,286,0
2022-05-20 11:51:00,286,286,286,286,0
2022-05-20 11:52:00,286,286,286,286,0
2022-05-20 11:53:00,286,286,286,286,0
2022-05-20 11:54:00,286,286,286,286,0
2022-05-20 11:55:00,286,286,286,286,0
2022-05-20 11:56:00,286,286,286,286,0
2022-05-20 11:57:00,286,286,286,286,0
2022-05-20 11:58:00,286,286,286,286,0
2022-05-20 11:59:00,286,286,286,286,0
2022-05-20 12:00:00,286,286,286,286,0
2022-05-20 12:01:00,286,286,286,286,0
2022-05-20 12:02:00,286,286,286,286,0
2022-05-20 12:03:00,286,286,286,286,0
2022-05-20 12:04:00,286,286,286,286,0
2022-05-20 12:05:00,286,286,286,286,0
2022-05-20 12:06:00,286,286,286,286,0
2022-05-20 12:07:00,286,286,286,286,0
2022-05-20 12:08:00,286,286,286,286,0
2022-05-20 12:09:00,286,286,286,286,0
2022-05-20 12:10:00,286,286,286,286,0
2022-05-20 12:11:00,286,286,286,286,0
2022-05-20 12:12:00,286,286,286,286,0
2022-05-20 12:13:00,286,286,286,286,0
2022-05-20 12:14:00,286,286,286,286,0
2022-05-20 12:15:00,286,286,286,286,0
2022-05-20 12:16:00,286,286,286,286,0
2022-05-20 12:17:00,286,286,286,286,0
2022-05-20 12:18:00,286,286,286,286,0
2022-05-20 12:19:00,286,286,286,286,0
2022-05-20 12:20:00,286,286,286,286,0
2022-05-20 12:21:00,286,286,286,286,0
2022-05-20 12:22:00,286,286,286,286,0
2022-05-20 12:23:00,286,286,286,286,0
2022-05-20 12:24:00,286,286,286,286,0
2022-05-20 12:25:00,286,286,286,286,0
2022-05-20 12:26:00,286,286,286,286,0
2022-05-20 12:27:00,286,286,286,286,0
2022-05-20 12:28:00,286,286,286,286,0
2022-05-20 12:29:00,286,286,286,286,0
2022-05-20 12:30:00,286,286,286,286,0
2022-05-20 12:31:00,286,286,286,286,0
2022-05-20 12:32:00,286,286,286,286,0
2022-05-20 12:33:00,286,286,286,286,0
2022-05-20 12:34:00,286,286,286,286,0
2022-05-20 12:35:00,286,286,286,286,0
2022-05-20 12:36:00,286,286,286,286,0
2022-05-20 12:37:00,286,286,286,286,0
2022-05-20 12:38:00,286,286,286,286,0
2022-05-20 12:39:00,286,286,286,286,0
2022-05-20 12:40:00,286,286,286,286,0
2022-05-20 12:41:00,286,286,286,286,0
2022-05-20 12:42:00,286,286,286,286,0
2022-05-20 12:43:00,286,286,286,286,0
2022-05-20 12:44:00,286,286,286,286,0
2022-05-20 12:45:00,286,286,286,286,0
2022-05-20 12:46:00,286,286,286,286,0
2022-05-20 12:47:00,286,286,286,286,0
2022-05-20 12:48:00,286,286,286,286,0
2022-05-20 12:49:00,286,286,286,286,0
2022-05-20 12:50:00,286,286,286,286,0
2022-05-20 12:51:00,286,286,286,286,0
2022-05-20 12:52:00,286,286,286,286,0
2022-05-20 12:53:00,286,286,286,286,0
2022-05-20 12:54:00,286,286,286,286,0
2022-05-20 12:55:00,286,286,286,286,0
2022-05-20 12:56:00,286,286,286,286,0
2022-05-20 12:57:00,286,286,286,286,0
2022-05-20 12:58:00,286,286,286,286,0
2022-05-20 12:59:00,286,286,286,286,0
2022-05-20 13:00:00,286,286,286,286,0
2022-05-20 13:01:00,286,286,286,286,0
2022-05-20 13:02:00,286,286,286,286,0
2022-05-20 13:03:00,286,286,286,286,0
2022-05-20 13:04:00,286,286,286,286,0
2022-05-20 13:05:00,286,286,286,286,0
2022-05-20 13:06:00,286,286,286,286,0
2022-05-20 13:07:00,286,286,286,286,0
2022-05-20 13:08:00,286,286,286,286,0
2022-05-20 13:09:00,286,286,286,286,0
2022-05-20 13:10:00,286,286,286,286,0
2022-05-20 13:11:00,286,286,286,286,0
2022-05-20 13:12:00,286,286,286,286,0
2022-05-20 13:13:00,286,286,286,286,0
2022-05-20 13:14:00,286,286,286,286,0
2022-05-20 13:15:00,286,286,286,286,0
2022-05-20 13:16:00,286,286,286,286,0
2022-05-20 13:17:00,286,286,286,286,0
2022-05-20 13:18:00,286,286,286,286,0
2022-05-20 13:19:00,286,286,286,286,0
2022-05-20 13:20:00,286,286,286,286,0
2022-05-20 13:21:00,286,286,286,286,0
2022-05-20 13:22:00,286,286,286,286,0
2022-05-20 13:23:00,286,286,286,286,0
2022-05-20 13:24:00,286,286,286,286,0
2022-05-20 13:25:00,286,286,286,286,0
2022-05-20 13:26:00,286,286,286,286,0
2022-05-20 13:27:00,286,286,286,286,0
2022-05-20 13:28:00,286,286,286,286,0
2022-05-20 13:29:00,286,286,286,286,0
2022-05-20 13:30:00,286,286,286,286,0
2022-05-20 13:31:00,286,286,286,286,0
2022-05-20 13:32:00,286,286,286,286,0
2022-05-20 13:33:00,286,286,286,286,0
2022-05-20 13:34:00,286,286,286,286,0
2022-05-20 13:35:00,286,286,286,286,0
2022-05-20 13:36:00,286,286,286,286,0
2022-05-20 13:37:00,286,286,286,286,0
2022-05-20 13:38:00,286,286,286,286,0
2022-05-20 13:39:00,286,286,286,286,0
2022-05-20 13:40:00,286,286,286,286,0
2022-05-20 13:41:00,286,286,286,286,0
2022-05-20 13:42:00,286,286,286,286,0
2022-05-20 13:43:00,286,286,286,286,0
2022-05-20 13:44:00,286,286,286,286,0
2022-05-20 13:45:00,286,286,286,286,0
2022-05-20 13:46:00,286,286,286,286,0
2022-05-20 13:47:00,280,280,280,280,200
2022-05-20 13:48:00,280,280,280,280,0
2022-05-20 13:49:00,280,280,280,280,0
2022-05-20 13:50:00,280,280,280,280,0
2022-05-20 13:51:00,280,280,280,280,0
2022-05-20 13:52:00,280,280,280,280,0
2022-05-20 13:53:00,280,280,280,280,0
2022-05-20 13:54:00,280,280,280,280,0
2022-05-20 13:55:00,280,280,280,280,0
2022-05-20 13:56:00,280,280,280,280,0
2022-05-20 13:57:00,280,280,280,280,0
2022-05-20 13:58:00,280,280,280,280,0
2022-05-20 13:59:00,280,280,280,280,0
2022-05-20 14:00:00,280,280,280,280,0
2022-05-20 14:01:00,280,280,280,280,0
2022-05-20 14:02:00,280,280,280,280,0
2022-05-20 14:03:00,280,280,280,280,0
2022-05-20 14:04:00,280,280,280,280,0
2022-05-20 14:05:00,280,280,280,280,0
2022-05-20 14:06:00,280,280,280,280,0
2022-05-20 14:07:00,280,280,280,280,0
2022-05-20 14:08:00,280,280,280,280,0
2022-05-20 14:09:00,280,280,280,280,0
2022-05-20 14:10:00,280,280,280,280,0
2022-05-20 14:11:00,280,280,280,280,0
2022-05-20 14:12:00,280,280,280,280,0
2022-05-20 14:13:00,280,280,280,280,0
2022-05-20 14:14:00,280,280,280,280,0
2022-05-20 14:15:00,280,280,280,280,0
2022-05-20 14:16:00,280,280,280,280,0
2022-05-20 14:17:00,280,280,280,280,0
2022-05-20 14:18:00,280,280,280,280,0
2022-05-20 14:19:00,280,280,280,280,0
2022-05-20 14:20:00,280,280,280,280,0
2022-05-20 14:21:00,280,280,280,280,0
2022-05-20 14:22:00,280,280,280,280,0
2022-05-20 14:23:00,280,280,280,280,0
2022-05-20 14:24:00,280,280,280,280,0
2022-05-20 14:25:00,280,280,280,280,0
2022-05-20 14:26:00,280,280,280,280,0
2022-05-20 14:27:00,280,280,280,280,0
2022-05-20 14:28:00,280,280,280,280,0
2022-05-20 14:29:00,280,280,280,280,0
2022-05-20 14:30:00,280,280,280,280,0
2022-05-20 14:31:00,280,280,280,280,0
2022-05-20 14:32:00,280,280,280,280,0
2022-05-20 14:33:00,280,280,280,280,0
2022-05-20 14:34:00,280,280,280,280,0
2022-05-20 14:35:00,280,280,280,280,0
2022-05-20 14:36:00,280,280,280,280,0
2022-05-20 14:37:00,280,280,280,280,0
2022-05-20 14:38:00,280,280,280,280,0
2022-05-20 14:39:00,280,280,280,280,0
2022-05-20 14:40:00,280,280,280,280,0
2022-05-20 14:41:00,280,280,280,280,0
2022-05-20 14:42:00,280,280,280,280,0
2022-05-20 14:43:00,280,280,280,280,0
2022-05-20 14:44:00,280,280,280,280,0
2022-05-20 14:45:00,280,280,280,280,0
2022-05-20 14:46:00,280,280,280,280,0
2022-05-20 14:47:00,280,280,280,280,0
2022-05-20 14:48:00,280,280,280,280,0
2022-05-20 14:49:00,280,280,280,280,0
2022-05-20 14:50:00,280,280,280,280,0
2022-05-20 14:51:00,280,280,280,280,0
2022-05-20 14:52:00,280,280,280,280,0
2022-05-20 14:53:00,280,280,280,280,0
2022-05-20 14:54:00,280,280,280,280,0
2022-05-20 14:55:00,280,280,280,280,0
2022-05-20 14:56:00,280,280,280,280,0
2022-05-20 14:57:00,280,280,280,280,0
2022-05-20 14:58:00,280,280,280,280,0
2022-05-20 14:59:00,280,280,280,280,0
2022-05-20 15:00:00,280,280,280,280,0
2022-05-20 15:01:00,280,280,280,280,0
2022-05-20 15:02:00,280,280,280,280,0
2022-05-20 15:03:00,280,280,280,280,0
2022-05-20 15:04:00,280,280,280,280,0
2022-05-20 15:05:00,280,280,280,280,0
2022-05-20 15:06:00,280,280,280,280,0
2022-05-20 15:07:00,280,280,280,280,0
2022-05-20 15:08:00,280,280,280,280,0
2022-05-20 15:09:00,280,280,280,280,0
2022-05-20 15:10:00,280,280,280,280,0
2022-05-20 15:11:00,280,280,280,280,0
2022-05-20 15:12:00,280,280,280,280,0
2022-05-20 15:13:00,280,280,280,280,0
2022-05-20 15:14:00,280,280,280,280,0
2022-05-20 15:15:00,280,280,280,280,0
2022-05-20 15:16:00,280,280,280,280,0
2022-05-20 15:17:00,280,280,280,280,0
2022-05-20 15:18:00,280,280,280,280,0
2022-05-20 15:19:00,280,280,280,280,0
2022-05-20 15:20:00,280,280,280,280,0
2022-05-20 15:21:00,280,280,280,280,0
2022-05-20 15:22:00,280,280,280,280,0
2022-05-20 15:23:00,280,280,280,280,0
2022-05-20 15:24:00,280,280,280,280,0
2022-05-20 15:25:00,280,280,280,280,0
2022-05-20 15:26:00,280,280,280,280,0
2022-05-20 15:27:00,280,280,280,280,0
2022-05-20 15:28:00,280,280,280,280,0
2022-05-20 15:29:00,280,280,280,280,0
2022-05-20 15:30:00,280,280,280,280,0
2022-05-20 15:31:00,280,280,280,280,0
2022-05-20 15:32:00,280,280,280,280,0
2022-05-20 15:33:00,280,280,280,280,0
2022-05-20 15:34:00,280,280,280,280,0
2022-05-20 15:35:00,280,280,280,280,0
2022-05-20 15:36:00,280,280,280,280,0
2022-05-20 15:37:00,280,280,280,280,0
2022-05-20 15:38:00,280,280,280,280,0
2022-05-20 15:39:00,280,280,280,280,0
2022-05-20 15:40:00,280,280,280,280,0
2022-05-20 15:41:00,280,280,280,280,0
2022-05-20 15:42:00,280,280,280,280,0
2022-05-20 15:43:00,280,280,280,280,0
2022-05-20 15:44:00,280,280,280,280,0
2022-05-20 15:45:00,280,280,280,280,0
2022-05-20 15:46:00,280,280,280,280,0
2022-05-20 15:47:00,280,280,280,280,0
2022-05-20 15:48:00,280,280,280,280,0
2022-05-20 15:49:00,280,280,280,280,0
2022-05-20 15:50:00,280,280,280,280,0
2022-05-20 15:51:00,280,280,280,280,0
2022-05-20 15:52:00,280,280,280,280,0
2022-05-20 15:53:00,280,280,280,280,0
2022-05-20 15:54:00,280,280,280,280,0
2022-05-20 15:55:00,280,280,280,280,0
2022-05-20 15:56:00,280,280,280,280,0
2022-05-20 15:57:00,280,280,280,280,0
2022-05-20 15:58:00,280,280,280,280,0
2022-05-20 15:59:00,280,280,280,280,0
2022-05-23 09:00:00,280,280,280,280,0
2022-05-23 09:01:00,280,280,280,280,0
2022-05-23 09:02:00,280,280,280,280,0
2022-05-23 09:03:00,280,280,280,280,0
2022-05-23 09:04:00,280,280,280,280,0
2022-05-23 09:05:00,280,280,280,280,0
2022-05-23 09:06:00,280,280,280,280,0
2022-05-23 09:07:00,280,280,280,280,0
2022-05-23 09:08:00,280,280,280,280,0
2022-05-23 09:09:00,280,280,280,280,0
2022-05-23 09:10:00,280,280,280,280,0
2022-05-23 09:11:00,280,280,280,280,0
2022-05-23 09:12:00,280,280,280,280,0
2022-05-23 09:13:00,280,280,280,280,0
2022-05-23 09:14:00,280,280,280,280,0
2022-05-23 09:15:00,280,280,280,280,0
2022-05-23 09:16:00,280,280,280,280,0
2022-05-23 09:17:00,280,280,280,280,0
2022-05-23 09:18:00,280,280,280,280,0
2022-05-23 09:19:00,280,280,280,280,0
2022-05-23 09:20:00,280,280,280,280,0
2022-05-23 09:21:00,280,280,280,280,0
2022-05-23 09:22:00,280,280,280,280,0
2022-05-23 09:23:00,280,280,280,280,0
2022-05-23 09:24:00,280,280,280,280,0
2022-05-23 09:25:00,280,280,280,280,0
2022-05-23 09:26:00,280,280,280,280,0
2022-05-23 09:27:00,280,280,280,280,0
2022-05-23 09:28:00,280,280,280,280,0
2022-05-23 09:29:00,280,280,280,280,0
2022-05-23 09:30:00,280,280,280,280,0
2022-05-23 09:31:00,280,280,280,280,0
2022-05-23 09:32:00,280,280,280,280,0
2022-05-23 09:33:00,280,280,280,280,0
2022-05-23 09:34:00,280,280,280,280,0
2022-05-23 09:35:00,280,280,280,280,0
2022-05-23 09:36:00,280,280,280,280,0
2022-05-23 09:37:00,280,280,280,280,0
2022-05-23 09:38:00,280,280,280,280,0
2022-05-23 09:39:00,280,280,280,280,0
2022-05-23 09:40:00,280,280,280,280,0
2022-05-23 09:41:00,280,280,280,280,0
2022-05-23 09:42:00,280,280,280,280,0
2022-05-23 09:43:00,280,280,280,280,0
2022-05-23 09:44:00,280,280,280,280,0
2022-05-23 09:45:00,280,280,280,280,0
2022-05-23 09:46:00,280,280,280,280,0
2022-05-23 09:47:00,280,280,280,280,0
2022-05-23 09:48:00,280,280,280,280,0
2022-05-23 09:49:00,280,280,280,280,0
2022-05-23 09:50:00,280,280,280,280,0
2022-05-23 09:51:00,280,280,280,280,0
2022-05-23 09:52:00,280,280,280,280,0
2022-05-23 09:53:00,280,280,280,280,0
2022-05-23 09:54:00,280,280,280,280,0
2022-05-23 09:55:00,280,280,280,280,0
2022-05-23 09:56:00,280,280,280,280,0
2022-05-23 09:57:00,280,280,280,280,0
2022-05-23 09:58:00,280,280,280,280,0
2022-05-23 09:59:00,280,280,280,280,0
2022-05-23 10:00:00,280,280,280,280,0
2022-05-23 10:01:00,280,280,280,280,0
2022-05-23 10:02:00,280,280,280,280,0
2022-05-23 10:03:00,280,280,280,280,0
2022-05-23 10:04:00,280,280,280,280,0
2022-05-23 10:05:00,280,280,280,280,0
2022-05-23 10:06:00,280,280,280,280,0
2022-05-23 10:07:00,280,280,280,280,0
2022-05-23 10:08:00,280,280,280,280,0
2022-05-23 10:09:00,280,280,280,280,0
2022-05-23 10:10:00,280,280,280,280,0
2022-05-23 10:11:00,280,280,280,280,0
2022-05-23 10:12:00,280,280,280,280,0
2022-05-23 10:13:00,280,280,280,280,0
2022-05-23 10:14:00,280,280,280,280,0
2022-05-23 10:15:00,280,280,280,280,0
2022-05-23 10:16:00,280,280,280,280,0
2022-05-23 10:17:00,280,280,280,280,0
2022-05-23 10:18:00,280,280,280,280,0
2022-05-23 10:19:00,280,280,280,280,0
2022-05-23 10:20:00,280,280,280,280,0
2022-05-23 10:21:00,280,280,280,280,0
2022-05-23 10:22:00,280,280,280,280,0
2022-05-23 10:23:00,280,280,280,280,0
2022-05-23 10:24:00,280,280,280,280,0
2022-05-23 10:25:00,280,280,280,280,0
2022-05-23 10:26:00,280,280,280,280,0
2022-05-23 10:27:00,280,280,280,280,0
2022-05-23 10:28:00,280,280,280,280,0
2022-05-23 10:29:00,280,280,280,280,0
2022-05-23 10:30:00,280,280,280,280,0
2022-05-23 10:31:00,280,280,280,280,0
2022-05-23 10:32:00,280,280,280,280,0
2022-05-23 10:33:00,280,280,280,280,0
2022-05-23 10:34:00,280,280,280,280,0
2022-05-23 10:35:00,280,280,280,280,0
2022-05-23 10:36:00,280,280,280,280,0
2022-05-23 10:37:00,280,280,280,280,0
2022-05-23 10:38:00,280,280,280,280,0
2022-05-23 10:39:00,280,280,280,280,0
2022-05-23 10:40:00,280,280,280,280,0
2022-05-23 10:41:00,280,280,280,280,0
2022-05-23 10:42:00,280,280,280,280,0
2022-05-23 10:43:00,280,280,280,280,0
2022-05-23 10:44:00,280,280,280,280,0
2022-05-23 10:45:00,280,280,280,280,0
2022-05-23 10:46:00,280,280,280,280,0
2022-05-23 10:47:00,280,280,280,280,0
2022-05-23 10:48:00,280,280,280,280,0
2022-05-23 10:49:00,280,280,280,280,0
2022-05-23 10:50:00,280,280,280,280,0
2022-05-23 10:51:00,280,280,280,280,0
2022-05-23 10:52:00,280,280,280,280,0
2022-05-23 10:53:00,280,280,280,280,0
2022-05-23 10:54:00,280,280,280,280,0
2022-05-23 10:55:00,280,280,280,280,0
2022-05-23 10:56:00,280,280,280,280,0
2022-05-23 10:57:00,280,280,280,280,0
2022-05-23 10:58:00,280,280,280,280,0
2022-05-23 10:59:00,280,280,280,280,0
2022-05-23 11:00:00,280,280,280,280,0
2022-05-23 11:01:00,280,280,280,280,0
2022-05-23 11:02:00,280,280,280,280,0
2022-05-23 11:03:00,280,280,280,280,0
2022-05-23 11:04:00,280,280,280,280,0
2022-05-23 11:05:00,280,280,280,280,0
2022-05-23 11:06:00,280,280,280,280,0
2022-05-23 11:07:00,280,280,280,280,0
2022-05-23 11:08:00,280,280,280,280,0
2022-05-23 11:09:00,280,280,280,280,0
2022-05-23 11:10:00,280,280,280,280,0
2022-05-23 11:11:00,280,280,280,280,0
2022-05-23 11:12:00,280,280,280,280,0
2022-05-23 11:13:00,280,280,280,280,0
2022-05-23 11:14:00,280,280,280,280,0
2022-05-23 11:15:00,280,280,280,280,0
2022-05-23 11:16:00,280,280,280,280,0
2022-05-23 11:17:00,280,280,280,280,0
2022-05-23 11:18:00,280,280,280,280,0
2022-05-23 11:19:00,280,280,280,280,0
2022-05-23 11:20:00,280,280,280,280,0
2022-05-23 11:21:00,280,280,280,280,0
2022-05-23 11:22:00,280,280,280,280,0
2022-05-23 11:23:00,280,280,280,280,0
2022-05-23 11:24:00,280,280,280,280,0
2022-05-23 11:25:00,280,280,280,280,0
2022-05-23 11:26:00,280,280,280,280,0
2022-05-23 11:27:00,280,280,280,280,0
2022-05-23 11:28:00,280,280,280,280,0
2022-05-23 11:29:00,280,280,280,280,0
2022-05-23 11:30:00,280,280,280,280,0
2022-05-23 11:31:00,280,280,280,280,0
2022-05-23 11:32:00,280,280,280,280,0
2022-05-23 11:33:00,280,280,280,280,0
2022-05-23 11:34:00,280,280,280,280,0
2022-05-23 11:35:00,280,280,280,280,0
2022-05-23 11:36:00,280,280,280,280,0
2022-05-23 11:37:00,280,280,280,280,0
2022-05-23 11:38:00,280,280,280,280,0
2022-05-23 11:39:00,280,280,280,280,0
2022-05-23 11:40:00,280,280,280,280,0
2022-05-23 11:41:00,280,280,280,280,0
2022-05-23 11:42:00,280,280,280,280,0
2022-05-23 11:43:00,280,280,280,280,0
2022-05-23 11:44:00,280,280,280,280,0
2022-05-23 11:45:00,280,280,280,280,0
2022-05-23 11:46:00,280,280,280,280,0
2022-05-23 11:47:00,280,280,280,280,0
2022-05-23 11:48:00,280,280,280,280,0
2022-05-23 11:49:00,280,280,280,280,0
2022-05-23 11:50:00,280,280,280,280,0
2022-05-23 11:51:00,280,280,280,280,0
2022-05-23 11:52:00,280,280,280,280,0
2022-05-23 11:53:00,280,280,280,280,0
2022-05-23 11:54:00,280,280,280,280,0
2022-05-23 11:55:00,280,280,280,280,0
2022-05-23 11:56:00,280,280,280,280,0
2022-05-23 11:57:00,280,280,280,280,0
2022-05-23 11:58:00,280,280,280,280,0
2022-05-23 11:59:00,280,280,280,280,0
2022-05-23 12:00:00,280,280,280,280,0
2022-05-23 12:01:00,280,280,280,280,0
2022-05-23 12:02:00,280,280,280,280,0
2022-05-23 12:03:00,280,280,280,280,0
2022-05-23 12:04:00,280,280,280,280,0
2022-05-23 12:05:00,280,280,280,280,0
2022-05-23 12:06:00,280,280,280,280,0
2022-05-23 12:07:00,280,280,280,280,0
2022-05-23 12:08:00,280,280,280,280,0
2022-05-23 12:09:00,280,280,280,280,0
2022-05-23 12:10:00,280,280,280,280,0
2022-05-23 12:11:00,280,280,280,280,0
2022-05-23 12:12:00,280,280,280,280,0
2022-05-23 12:13:00,280,280,280,280,0
2022-05-23 12:14:00,280,280,280,280,0
2022-05-23 12:15:00,280,280,280,280,0
2022-05-23 12:16:00,280,280,280,280,0
2022-05-23 12:17:00,280,280,280,280,0
2022-05-23 12:18:00,280,280,280,280,0
2022-05-23 12:19:00,280,280,280,280,0
2022-05-23 12:20:00,280,280,280,280,0
2022-05-23 12:21:00,280,280,280,280,0
2022-05-23 12:22:00,280,280,280,280,0
2022-05-23 12:23:00,280,280,280,280,0
2022-05-23 12:24:00,280,280,280,280,0
2022-05-23 12:25:00,280,280,280,280,0
2022-05-23 12:26:00,280,280,280,280,0
2022-05-23 12:27:00,280,280,280,280,0
2022-05-23 12:28:00,280,280,280,280,0
2022-05-23 12:29:00,280,280,280,280,0
2022-05-23 12:30:00,280,280,280,280,0
2022-05-23 12:31:00,280,280,280,280,0
2022-05-23 12:32:00,280,280,280,280,0
2022-05-23 12:33:00,280,280,280,280,0
2022-05-23 12:34:00,280,280,280,280,0
2022-05-23 12:35:00,280,280,280,280,0
2022-05-23 12:36:00,280,280,280,280,0
2022-05-23 12:37:00,280,280,280,280,0
2022-05-23 12:38:00,280,280,280,280,0
2022-05-23 12:39:00,280,280,280,280,0
2022-05-23 12:40:00,280,280,280,280,0
2022-05-23 12:41:00,280,280,280,280,0
2022-05-23 12:42:00,280,280,280,280,0
2022-05-23 12:43:00,280,280,280,280,0
2022-05-23 12:44:00,280,280,280,280,0
2022-05-23 12:45:00,280,280,280,280,0
2022-05-23 12:46:00,280,280,280,280,0
2022-05-23 12:47:00,280,280,280,280,0
2022-05-23 12:48:00,280,280,280,280,0
2022-05-23 12:49:00,280,280,280,280,0
2022-05-23 12:50:00,280,280,280,280,0
2022-05-23 12:51:00,280,280,280,280,0
2022-05-23 12:52:00,280,280,280,280,0
2022-05-23 12:53:00,280,280,280,280,0
2022-05-23 12:54:00,280,280,280,280,0
2022-05-23 12:55:00,280,280,280,280,0
2022-05-23 12:56:00,280,280,280,280,0
2022-05-23 12:57:00,280,280,280,280,0
2022-05-23 12:58:00,280,280,280,280,0
2022-05-23 12:59:00,280,280,280,280,0
2022-05-23 13:00:00,280,280,280,280,0
2022-05-23 13:01:00,280,280,280,280,0
2022-05-23 13:02:00,280,280,280,280,0
2022-05-23 13:03:00,280,280,280,280,0
2022-05-23 13:04:00,280,280,280,280,0
2022-05-23 13:05:00,280,280,280,280,0
2022-05-23 13:06:00,280,280,280,280,0
2022-05-23 13:07:00,280,280,280,280,0
2022-05-23 13:08:00,280,280,280,280,0
2022-05-23 13:09:00,280,280,280,280,0
2022-05-23 13:10:00,280,280,280,280,0
2022-05-23 13:11:00,280,280,280,280,0
2022-05-23 13:12:00,280,280,280,280,0
2022-05-23 13:13:00,280,280,280,280,0
2022-05-23 13:14:00,280,280,280,280,0
2022-05-23 13:15:00,280,280,280,280,0
2022-05-23 13:16:00,280,280,280,280,0
2022-05-23 13:17:00,280,280,280,280,0
2022-05-23 13:18:00,280,280,280,280,0
2022-05-23 13:19:00,280,280,280,280,0
2022-05-23 13:20:00,280,280,280,280,0
2022-05-23 13:21:00,280,280,280,280,0
2022-05-23 13:22:00,280,280,280,280,0
2022-05-23 13:23:00,280,280,280,280,0
2022-05-23 13:24:00,280,280,280,280,0
2022-05-23 13:25:00,280,280,280,280,0
2022-05-23 13:26:00,280,280,280,280,0
2022-05-23 13:27:00,280,280,280,280,0
2022-05-23 13:28:00,280,280,280,280,0
2022-05-23 13:29:00,280,280,280,280,0
2022-05-23 13:30:00,280,280,280,280,0
2022-05-23 13:31:00,280,280,280,280,0
2022-05-23 13:32:00,280,280,280,280,0
2022-05-23 13:33:00,280,280,280,280,0
2022-05-23 13:34:00,280,280,280,280,0
2022-05-23 13:35:00,280,280,280,280,0
2022-05-23 13:36:00,280,280,280,280,0
2022-05-23 13:37:00,280,280,280,280,0
2022-05-23 13:38:00,280,280,280,280,0
2022-05-23 13:39:00,280,280,280,280,0
2022-05-23 13:40:00,280,280,280,280,0
2022-05-23 13:41:00,280,280,280,280,0
2022-05-23 13:42:00,280,280,280,280,0
2022-05-23 13:43:00,280,280,280,280,0
2022-05-23 13:44:00,280,280,280,280,0
2022-05-23 13:45:00,280,280,280,280,0
2022-05-23 13:46:00,280,280,280,280,0
2022-05-23 13:47:00,280,280,280,280,0
2022-05-23 13:48:00,280,280,280,280,0
2022-05-23 13:49:00,280,280,280,280,0
2022-05-23 13:50:00,280,280,280,280,0
2022-05-23 13:51:00,280,280,280,280,0
2022-05-23 13:52:00,280,280,280,280,0
2022-05-23 13:53:00,280,280,280,280,0
2022-05-23 13:54:00,280,280,280,280,0
2022-05-23 13:55:00,280,280,280,280,0
2022-05-23 13:56:00,280,280,280,280,0
2022-05-23 13:57:00,280,280,280,280,0
2022-05-23 13:58:00,280,280,280,280,0
2022-05-23 13:59:00,280,280,280,280,0
2022-05-23 14:00:00,280,280,280,280,0
2022-05-23 14:01:00,280,280,280,280,0
2022-05-23 14:02:00,280,280,280,280,0
2022-05-23 14:03:00,280,280,280,280,0
2022-05-23 14:04:00,280,280,280,280,0
2022-05-23 14:05:00,280,280,280,280,0
2022-05-23 14:06:00,280,280,280,280,0
2022-05-23 14:07:00,280,280,280,280,0
2022-05-23 14:08:00,280,280,280,280,0
2022-05-23 14:09:00,280,280,280,280,0
2022-05-23 14:10:00,280,280,280,280,0
2022-05-23 14:11:00,280,280,280,280,0
2022-05-23 14:12:00,280,280,280,280,0
2022-05-23 14:13:00,280,280,280,280,0
2022-05-23 14:14:00,280,280,280,280,0
2022-05-23 14:15:00,280,280,280,280,0
2022-05-23 14:16:00,280,280,280,280,0
2022-05-23 14:17:00,280,280,280,280,0
2022-05-23 14:18:00,280,280,280,280,0
2022-05-23 14:19:00,280,280,280,280,0
2022-05-23 14:20:00,280,280,280,280,0
2022-05-23 14:21:00,280,280,280,280,0
2022-05-23 14:22:00,280,280,280,280,0
2022-05-23 14:23:00,280,280,280,280,0
2022-05-23 14:24:00,280,280,280,280,0
2022-05-23 14:25:00,280,280,280,280,0
2022-05-23 14:26:00,280,280,280,280,0
2022-05-23 14:27:00,280,280,280,280,0
2022-05-23 14:28:00,280,280,280,280,0
2022-05-23 14:29:00,280,280,280,280,0
2022-05-23 14:30:00,280,280,280,280,0
2022-05-23 14:31:00,280,280,280,280,0
2022-05-23 14:32:00,280,280,280,280,0
2022-05-23 14:33:00,280,280,280,280,0
2022-05-23 14:34:00,280,280,280,280,0
2022-05-23 14:35:00,280,280,280,280,0
2022-05-23 14:36:00,280,280,280,280,0
2022-05-23 14:37:00,280,280,280,280,0
2022-05-23 14:38:00,280,280,280,280,0
2022-05-23 14:39:00,280,280,280,280,0
2022-05-23 14:40:00,280,280,280,280,0
2022-05-23 14:41:00,280,280,280,280,0
2022-05-23 14:42:00,280,280,280,280,0
2022-05-23 14:43:00,280,280,280,280,0
2022-05-23 14:44:00,280,280,280,280,0
2022-05-23 14:45:00,280,280,280,280,0
2022-05-23 14:46:00,280,280,280,280,0
2022-05-23 14:47:00,280,280,280,280,0
2022-05-23 14:48:00,280,280,280,280,0
2022-05-23 14:49:00,280,280,280,280,0
2022-05-23 14:50:00,280,280,280,280,0
2022-05-23 14:51:00,280,280,280,280,0
2022-05-23 14:52:00,280,280,280,280,0
2022-05-23 14:53:00,280,280,280,280,0
2022-05-23 14:54:00,280,280,280,280,0
2022-05-23 14:55:00,280,280,280,280,0
2022-05-23 14:56:00,280,280,280,280,0
2022-05-23 14:57:00,280,280,280,280,0
2022-05-23 14:58:00,280,280,280,280,0
2022-05-23 14:59:00,280,280,280,280,0
2022-05-23 15:00:00,280,280,280,280,0
2022-05-23 15:01:00,280,280,280,280,0
2022-05-23 15:02:00,280,280,280,280,0
2022-05-23 15:03:00,280,280,280,280,0
2022-05-23 15:04:00,280,280,280,280,0
2022-05-23 15:05:00,280,280,280,280,0
2022-05-23 15:06:00,280,280,280,280,0
2022-05-23 15:07:00,280,280,280,280,0
2022-05-23 15:08:00,280,280,280,280,0
2022-05-23 15:09:00,280,280,280,280,0
2022-05-23 15:10:00,280,280,280,280,0
2022-05-23 15:11:00,280,280,280,280,0
2022-05-23 15:12:00,280,280,280,280,0
2022-05-23 15:13:00,280,280,280,280,0
2022-05-23 15:14:00,280,280,280,280,0
2022-05-23 15:15:00,280,280,280,280,0
2022-05-23 15:16:00,280,280,280,280,0
2022-05-23 15:17:00,280,280,280,280,0
2022-05-23 15:18:00,280,280,280,280,0
2022-05-23 15:19:00,280,280,280,280,0
2022-05-23 15:20:00,280,280,280,280,0
2022-05-23 15:21:00,280,280,280,280,0
2022-05-23 15:22:00,280,280,280,280,0
2022-05-23 15:23:00,280,280,280,280,0
2022-05-23 15:24:00,280,280,280,280,0
2022-05-23 15:25:00,280,280,280,280,0
2022-05-23 15:26:00,280,280,280,280,0
2022-05-23 15:27:00,280,280,280,280,0
2022-05-23 15:28:00,280,280,280,280,0
2022-05-23 15:29:00,280,280,280,280,0
2022-05-23 15:30:00,280,280,280,280,0
2022-05-23 15:31:00,280,280,280,280,0
2022-05-23 15:32:00,280,280,280,280,0
2022-05-23 15:33:00,280,280,280,280,0
2022-05-23 15:34:00,280,280,280,280,0
2022-05-23 15:35:00,280,280,280,280,0
2022-05-23 15:36:00,280,280,280,280,0
2022-05-23 15:37:00,280,280,280,280,0
2022-05-23 15:38:00,280,280,280,280,0
2022-05-23 15:39:00,280,280,280,280,0
2022-05-23 15:40:00,280,280,280,280,0
2022-05-23 15:41:00,280,280,280,280,0
2022-05-23 15:42:00,280,280,280,280,0
2022-05-23 15:43:00,280,280,280,280,0
2022-05-23 15:44:00,280,280,280,280,0
2022-05-23 15:45:00,280,280,280,280,0
2022-05-23 15:46:00,280,280,280,280,0
2022-05-23 15:47:00,280,280,280,280,0
2022-05-23 15:48:00,280,280,280,280,0
2022-05-23 15:49:00,280,280,280,280,0
2022-05-23 15:50:00,280,280,280,280,0
2022-05-23 15:51:00,280,280,280,280,0
2022-05-23 15:52:00,280,280,280,280,0
2022-05-23 15:53:00,280,280,280,280,0
2022-05-23 15:54:00,280,280,280,280,0
2022-05-23 15:55:00,280,280,280,280,0
2022-05-23 15:56:00,280,280,280,280,0
2022-05-23 15:57:00,280,280,280,280,0
2022-05-23 15:58:00,280,280,280,280,0
2022-05-23 15:59:00,280,280,280,280,0
2022-05-24 09:00:00,280,280,280,280,0
2022-05-24 09:01:00,280,280,280,280,0
2022-05-24 09:02:00,280,280,280,280,0
2022-05-24 09:03:00,280,280,280,280,0
2022-05-24 09:04:00,280,280,280,280,0
2022-05-24 09:05:00,280,280,280,280,0
2022-05-24 09:06:00,280,280,280,280,0
2022-05-24 09:07:00,280,280,280,280,0
2022-05-24 09:08:00,280,280,280,280,0
2022-05-24 09:09:00,280,280,280,280,0
2022-05-24 09:10:00,280,280,280,280,0
2022-05-24 09:11:00,280,280,280,280,0
2022-05-24 09:12:00,280,280,280,280,0
2022-05-24 09:13:00,280,280,280,280,0
2022-05-24 09:14:00,280,280,280,280,0
2022-05-24 09:15:00,280,280,280,280,0
2022-05-24 09:16:00,280,280,280,280,0
2022-05-24 09:17:00,280,280,280,280,0
2022-05-24 09:18:00,280,280,280,280,0
2022-05-24 09:19:00,280,280,280,280,0
2022-05-24 09:20:00,280,280,280,280,0
2022-05-24 09:21:00,280,280,280,280,0
2022-05-24 09:22:00,280,280,280,280,0
2022-05-24 09:23:00,280,280,280,280,0
2022-05-24 09:24:00,280,280,280,280,0
2022-05-24 09:25:00,280,280,280,280,0
2022-05-24 09:26:00,280,280,280,280,0
2022-05-24 09:27:00,280,280,280,280,0
2022-05-24 09:28:00,280,280,280,280,0
2022-05-24 09:29:00,280,280,280,280,0
2022-05-24 09:30:00,280,280,280,280,0
2022-05-24 09:31:00,280,280,280,280,0
2022-05-24 09:32:00,280,280,280,280,0
2022-05-24 09:33:00,280,280,280,280,0
2022-05-24 09:34:00,280,280,280,280,0
2022-05-24 09:35:00,280,280,280,280,0
2022-05-24 09:36:00,280,280,280,280,0
2022-05-24 09:37:00,280,280,280,280,0
2022-05-24 09:38:00,280,280,280,280,0
2022-05-24 09:39:00,280,280,280,280,0
2022-05-24 09:40:00,280,280,280,280,0
2022-05-24 09:41:00,280,280,280,280,0
2022-05-24 09:42:00,280,280,280,280,0
2022-05-24 09:43:00,280,280,280,280,0
2022-05-24 09:44:00,280,280,280,280,0
2022-05-24 09:45:00,280,280,280,280,0
2022-05-24 09:46:00,280,280,280,280,0
2022-05-24 09:47:00,280,280,280,280,0
2022-05-24 09:48:00,280,280,280,280,0
2022-05-24 09:49:00,280,280,280,280,0
2022-05-24 09:50:00,280,280,280,280,0
2022-05-24 09:51:00,280,280,280,280,0
2022-05-24 09:52:00,280,280,280,280,0
2022-05-24 09:53:00,280,280,280,280,0
2022-05-24 09:54:00,280,280,280,280,0
2022-05-24 09:55:00,280,280,280,280,0
2022-05-24 09:56:00,280,280,280,280,0
2022-05-24 09:57:00,280,280,280,280,0
2022-05-24 09:58:00,280,280,280,280,0
2022-05-24 09:59:00,280,280,280,280,0
2022-05-24 10:00:00,280,280,280,280,0
2022-05-24 10:01:00,280,280,280,280,0
2022-05-24 10:02:00,280,280,280,280,0
2022-05-24 10:03:00,280,280,280,280,0
2022-05-24 10:04:00,280,280,280,280,0
2022-05-24 10:05:00,280,280,280,280,0
2022-05-24 10:06:00,280,280,280,280,0
2022-05-24 10:07:00,280,280,280,280,0
2022-05-24 10:08:00,280,280,280,280,0
2022-05-24 10:09:00,280,280,280,280,0
2022-05-24 10:10:00,280,280,280,280,0
2022-05-24 10:11:00,280,280,280,280,0
2022-05-24 10:12:00,280,280,280,280,0
2022-05-24 10:13:00,280,280,280,280,0
2022-05-24 10:14:00,280,280,280,280,0
2022-05-24 10:15:00,280,280,280,280,0
2022-05-24 10:16:00,280,280,280,280,0
2022-05-24 10:17:00,280,280,280,280,0
2022-05-24 10:18:00,280,280,280,280,0
2022-05-24 10:19:00,280,280,280,280,0
2022-05-24 10:20:00,280,280,280,280,0
2022-05-24 10:21:00,280,280,280,280,0
2022-05-24 10:22:00,280,280,280,280,0
2022-05-24 10:23:00,280,280,280,280,0
2022-05-24 10:24:00,280,280,280,280,0
2022-05-24 10:25:00,280,280,280,280,0
2022-05-24 10:26:00,280,280,280,280,0
2022-05-24 10:27:00,280,280,280,280,0
2022-05-24 10:28:00,280,280,280,280,0
2022-05-24 10:29:00,280,280,280,280,0
2022-05-24 10:30:00,280,280,280,280,0
2022-05-24 10:31:00,280,280,280,280,0
2022-05-24 10:32:00,280,280,280,280,0
2022-05-24 10:33:00,280,280,280,280,0
2022-05-24 10:34:00,280,280,280,280,0
2022-05-24 10:35:00,280,280,280,280,0
2022-05-24 10:36:00,280,280,280,280,0
2022-05-24 10:37:00,280,280,280,280,0
2022-05-24 10:38:00,280,280,280,280,0
2022-05-24 10:39:00,280,280,280,280,0
2022-05-24 10:40:00,280,280,280,280,0
2022-05-24 10:41:00,280,280,280,280,0
2022-05-24 10:42:00,280,280,280,280,0
2022-05-24 10:43:00,280,280,280,280,0
2022-05-24 10:44:00,280,280,280,280,0
2022-05-24 10:45:00,280,280,280,280,0
2022-05-24 10:46:00,280,280,280,280,0
2022-05-24 10:47:00,280,280,280,280,0
2022-05-24 10:48:00,280,280,280,280,0
2022-05-24 10:49:00,280,280,280,280,0
2022-05-24 10:50:00,280,280,280,280,0
2022-05-24 10:51:00,280,280,280,280,0
2022-05-24 10:52:00,280,280,280,280,0
2022-05-24 10:53:00,280,280,280,280,0
2022-05-24 10:54:00,280,280,280,280,0
2022-05-24 10:55:00,280,280,280,280,0
2022-05-24 10:56:00,280,280,280,280,0
2022-05-24 10:57:00,280,280,280,280,0
2022-05-24 10:58:00,280,280,280,280,0
2022-05-24 10:59:00,280,280,280,280,0
2022-05-24 11:00:00,280,280,280,280,0
2022-05-24 11:01:00,280,280,280,280,0
2022-05-24 11:02:00,280,280,280,280,0
2022-05-24 11:03:00,280,280,280,280,0
2022-05-24 11:04:00,280,280,280,280,0
2022-05-24 11:05:00,280,280,280,280,0
2022-05-24 11:06:00,280,280,280,280,0
2022-05-24 11:07:00,280,280,280,280,0
2022-05-24 11:08:00,280,280,280,280,0
2022-05-24 11:09:00,280,280,280,280,0
2022-05-24 11:10:00,280,280,280,280,0
2022-05-24 11:11:00,280,280,280,280,0
2022-05-24 11:12:00,280,280,280,280,0
2022-05-24 11:13:00,280,280,280,280,0
2022-05-24 11:14:00,280,280,280,280,0
2022-05-24 11:15:00,280,280,280,280,0
2022-05-24 11:16:00,280,280,280,280,0
2022-05-24 11:17:00,280,280,280,280,0
2022-05-24 11:18:00,280,280,280,280,0
2022-05-24 11:19:00,280,280,280,280,0
2022-05-24 11:20:00,280,280,280,280,0
2022-05-24 11:21:00,280,280,280,280,0
2022-05-24 11:22:00,280,280,280,280,0
2022-05-24 11:23:00,280,280,280,280,0
2022-05-24 11:24:00,280,280,280,280,0
2022-05-24 11:25:00,280,280,280,280,0
2022-05-24 11:26:00,280,280,280,280,0
2022-05-24 11:27:00,280,280,280,280,0
2022-05-24 11:28:00,280,280,280,280,0
2022-05-24 11:29:00,280,280,280,280,0
2022-05-24 11:30:00,280,280,280,280,0
2022-05-24 11:31:00,280,280,280,280,0
2022-05-24 11:32:00,280,280,280,280,0
2022-05-24 11:33:00,280,280,280,280,0
2022-05-24 11:34:00,280,280,280,280,0
2022-05-24 11:35:00,280,280,280,280,0
2022-05-24 11:36:00,280,280,280,280,0
2022-05-24 11:37:00,280,280,280,280,0
2022-05-24 11:38:00,280,280,280,280,0
2022-05-24 11:39:00,280,280,280,280,0
2022-05-24 11:40:00,280,280,280,280,0
2022-05-24 11:41:00,280,280,280,280,0
2022-05-24 11:42:00,280,280,280,280,0
2022-05-24 11:43:00,280,280,280,280,0
2022-05-24 11:44:00,280,280,280,280,0
2022-05-24 11:45:00,280,280,280,280,0
2022-05-24 11:46:00,280,280,280,280,0
2022-05-24 11:47:00,280,280,280,280,0
2022-05-24 11:48:00,280,280,280,280,0
2022-05-24 11:49:00,280,280,280,280,0
2022-05-24 11:50:00,280,280,280,280,0
2022-05-24 11:51:00,280,280,280,280,0
2022-05-24 11:52:00,280,280,280,280,0
2022-05-24 11:53:00,280,280,280,280,0
2022-05-24 11:54:00,280,280,280,280,0
2022-05-24 11:55:00,280,280,280,280,0
2022-05-24 11:56:00,280,280,280,280,0
2022-05-24 11:57:00,280,280,280,280,0
2022-05-24 11:58:00,280,280,280,280,0
2022-05-24 11:59:00,280,280,280,280,0
2022-05-24 12:00:00,280,280,280,280,0
2022-05-24 12:01:00,280,280,280,280,0
2022-05-24 12:02:00,280,280,280,280,0
2022-05-24 12:03:00,280,280,280,280,0
2022-05-24 12:04:00,280,280,280,280,0
2022-05-24 12:05:00,280,280,280,280,0
2022-05-24 12:06:00,280,280,280,280,0
2022-05-24 12:07:00,280,280,280,280,0
2022-05-24 12:08:00,280,280,280,280,0
2022-05-24 12:09:00,280,280,280,280,0
2022-05-24 12:10:00,280,280,280,280,0
2022-05-24 12:11:00,280,280,280,280,0
2022-05-24 12:12:00,280,280,280,280,0
2022-05-24 12:13:00,280,280,280,280,0
2022-05-24 12:14:00,280,280,280,280,0
2022-05-24 12:15:00,280,280,280,280,0
2022-05-24 12:16:00,280,280,280,280,0
2022-05-24 12:17:00,280,280,280,280,0
2022-05-24 12:18:00,280,280,280,280,0
2022-05-24 12:19:00,280,280,280,280,0
2022-05-24 12:20:00,280,280,280,280,0
2022-05-24 12:21:00,280,280,280,280,0
2022-05-24 12:22:00,280,280,280,280,0
2022-05-24 12:23:00,280,280,280,280,0
2022-05-24 12:24:00,280,280,280,280,0
2022-05-24 12:25:00,280,280,280,280,0
2022-05-24 12:26:00,280,280,280,280,0
2022-05-24 12:27:00,280,280,280,280,0
2022-05-24 12:28:00,280,280,280,280,0
2022-05-24 12:29:00,280,280,280,280,0
2022-05-24 12:30:00,280,280,280,280,0
2022-05-24 12:31:00,280,280,280,280,0
2022-05-24 12:32:00,280,280,280,280,0
2022-05-24 12:33:00,280,280,280,280,0
2022-05-24 12:34:00,280,280,280,280,0
2022-05-24 12:35:00,280,280,280,280,0
2022-05-24 12:36:00,280,280,280,280,0
2022-05-24 12:37:00,280,280,280,280,0
2022-05-24 12:38:00,280,280,280,280,0
2022-05-24 12:39:00,280,280,280,280,0
2022-05-24 12:40:00,280,280,280,280,0
2022-05-24 12:41:00,280,280,280,280,0
2022-05-24 12:42:00,280,280,280,280,0
2022-05-24 12:43:00,280,280,280,280,0
2022-05-24 12:44:00,280,280,280,280,0
2022-05-24 12:45:00,280,280,280,280,0
2022-05-24 12:46:00,280,280,280,280,0
2022-05-24 12:47:00,280,280,280,280,0
2022-05-24 12:48:00,280,280,280,280,0
2022-05-24 12:49:00,280,280,280,280,0
2022-05-24 12:50:00,280,280,280,280,0
2022-05-24 12:51:00,280,280,280,280,0
2022-05-24 12:52:00,280,280,280,280,0
2022-05-24 12:53:00,280,280,280,280,0
2022-05-24 12:54:00,280,280,280,280,0
2022-05-24 12:55:00,280,280,280,280,0
2022-05-24 12:56:00,280,280,280,280,0
2022-05-24 12:57:00,280,280,280,280,0
2022-05-24 12:58:00,280,280,280,280,0
2022-05-24 12:59:00,280,280,280,280,0
2022-05-24 13:00:00,280,280,280,280,0
2022-05-24 13:01:00,280,280,280,280,0
2022-05-24 13:02:00,280,280,280,280,0
2022-05-24 13:03:00,280,280,280,280,0
2022-05-24 13:04:00,280,280,280,280,0
2022-05-24 13:05:00,280,280,280,280,0
2022-05-24 13:06:00,280,280,280,280,0
2022-05-24 13:07:00,280,280,280,280,0
2022-05-24 13:08:00,280,280,280,280,0
2022-05-24 13:09:00,280,280,280,280,0
2022-05-24 13:10:00,280,280,280,280,0
2022-05-24 13:11:00,280,280,280,280,0
2022-05-24 13:12:00,280,280,280,280,0
2022-05-24 13:13:00,280,280,280,280,0
2022-05-24 13:14:00,280,280,280,280,0
2022-05-24 13:15:00,280,280,280,280,0
2022-05-24 13:16:00,280,280,280,280,0
2022-05-24 13:17:00,280,280,280,280,0
2022-05-24 13:18:00,280,280,280,280,0
2022-05-24 13:19:00,280,280,280,280,0
2022-05-24 13:20:00,280,280,280,280,0
2022-05-24 13:21:00,280,280,280,280,0
2022-05-24 13:22:00,280,280,280,280,0
2022-05-24 13:23:00,280,280,280,280,0
2022-05-24 13:24:00,280,280,280,280,0
2022-05-24 13:25:00,280,280,280,280,0
2022-05-24 13:26:00,280,280,280,280,0
2022-05-24 13:27:00,280,280,280,280,0
2022-05-24 13:28:00,280,280,280,280,0
2022-05-24 13:29:00,280,280,280,280,0
2022-05-24 13:30:00,280,280,280,280,0
2022-05-24 13:31:00,280,280,280,280,0
2022-05-24 13:32:00,280,280,280,280,0
2022-05-24 13:33:00,280,280,280,280,0
2022-05-24 13:34:00,280,280,280,280,0
2022-05-24 13:35:00,280,280,280,280,0
2022-05-24 13:36:00,280,280,280,280,0
2022-05-24 13:37:00,280,280,280,280,0
2022-05-24 13:38:00,280,280,280,280,0
2022-05-24 13:39:00,280,280,280,280,0
2022-05-24 13:40:00,280,280,280,280,0
2022-05-24 13:41:00,280,280,280,280,0
2022-05-24 13:42:00,280,280,280,280,0
2022-05-24 13:43:00,280,280,280,280,0
2022-05-24 13:44:00,280,280,280,280,0
2022-05-24 13:45:00,280,280,280,280,0
2022-05-24 13:46:00,280,280,280,280,0
2022-05-24 13:47:00,280,280,280,280,0
2022-05-24 13:48:00,280,280,280,280,0
2022-05-24 13:49:00,280,280,280,280,0
2022-05-24 13:50:00,280,280,280,280,0
2022-05-24 13:51:00,280,280,280,280,0
2022-05-24 13:52:00,280,280,280,280,0
2022-05-24 13:53:00,280,280,280,280,0
2022-05-24 13:54:00,280,280,280,280,0
2022-05-24 13:55:00,280,280,280,280,0
2022-05-24 13:56:00,280,280,280,280,0
2022-05-24 13:57:00,280,280,280,280,0
2022-05-24 13:58:00,280,280,280,280,0
2022-05-24 13:59:00,280,280,280,280,0
2022-05-24 14:00:00,280,280,280,280,0
2022-05-24 14:01:00,280,280,280,280,0
2022-05-24 14:02:00,280,280,280,280,0
2022-05-24 14:03:00,280,280,280,280,0
2022-05-24 14:04:00,280,280,280,280,0
2022-05-24 14:05:00,280,280,280,280,0
2022-05-24 14:06:00,280,280,280,280,0
2022-05-24 14:07:00,280,280,280,280,0
2022-05-24 14:08:00,280,280,280,280,0
2022-05-24 14:09:00,280,280,280,280,0
2022-05-24 14:10:00,280,280,280,280,0
2022-05-24 14:11:00,280,280,280,280,0
2022-05-24 14:12:00,280,280,280,280,0
2022-05-24 14:13:00,280,280,280,280,0
2022-05-24 14:14:00,280,280,280,280,0
2022-05-24 14:15:00,280,280,280,280,0
2022-05-24 14:16:00,280,280,280,280,0
2022-05-24 14:17:00,280,280,280,280,0
2022-05-24 14:18:00,280,280,280,280,0
2022-05-24 14:19:00,280,280,280,280,0
2022-05-24 14:20:00,280,280,280,280,0
2022-05-24 14:21:00,280,280,280,280,0
2022-05-24 14:22:00,280,280,280,280,0
2022-05-24 14:23:00,280,280,280,280,0
2022-05-24 14:24:00,280,280,280,280,0
2022-05-24 14:25:00,280,280,280,280,0
2022-05-24 14:26:00,280,280,280,280,0
2022-05-24 14:27:00,280,280,280,280,0
2022-05-24 14:28:00,280,280,280,280,0
2022-05-24 14:29:00,280,280,280,280,0
2022-05-24 14:30:00,280,280,280,280,0
2022-05-24 14:31:00,280,280,280,280,0
2022-05-24 14:32:00,280,280,280,280,0
2022-05-24 14:33:00,280,280,280,280,0
2022-05-24 14:34:00,280,280,280,280,0
2022-05-24 14:35:00,280,280,280,280,0
2022-05-24 14:36:00,280,280,280,280,0
2022-05-24 14:37:00,280,280,280,280,0
2022-05-24 14:38:00,280,280,280,280,0
2022-05-24 14:39:00,280,280,280,280,0
2022-05-24 14:40:00,280,280,280,280,0
2022-05-24 14:41:00,280,280,280,280,0
2022-05-24 14:42:00,280,280,280,280,0
2022-05-24 14:43:00,280,280,280,280,0
2022-05-24 14:44:00,280,280,280,280,0
2022-05-24 14:45:00,280,280,280,280,0
2022-05-24 14:46:00,280,280,280,280,0
2022-05-24 14:47:00,280,280,280,280,0
2022-05-24 14:48:00,280,280,280,280,0
2022-05-24 14:49:00,280,280,280,280,0
2022-05-24 14:50:00,280,280,280,280,0
2022-05-24 14:51:00,280,280,280,280,0
2022-05-24 14:52:00,280,280,280,280,0
2022-05-24 14:53:00,280,280,280,280,0
2022-05-24 14:54:00,280,280,280,280,0
2022-05-24 14:55:00,280,280,280,280,0
2022-05-24 14:56:00,280,280,280,280,0
2022-05-24 14:57:00,280,280,280,280,0
2022-05-24 14:58:00,280,280,280,280,0
2022-05-24 14:59:00,280,280,280,280,0
2022-05-24 15:00:00,280,280,280,280,0
2022-05-24 15:01:00,280,280,280,280,0
2022-05-24 15:02:00,280,280,280,280,0
2022-05-24 15:03:00,280,280,280,280,0
2022-05-24 15:04:00,280,280,280,280,0
2022-05-24 15:05:00,280,280,280,280,0
2022-05-24 15:06:00,280,280,280,280,0
2022-05-24 15:07:00,280,280,280,280,0
2022-05-24 15:08:00,280,280,280,280,0
2022-05-24 15:09:00,280,280,280,280,0
2022-05-24 15:10:00,280,280,280,280,0
2022-05-24 15:11:00,280,280,280,280,0
2022-05-24 15:12:00,280,280,280,280,0
2022-05-24 15:13:00,280,280,280,280,0
2022-05-24 15:14:00,280,280,280,280,0
2022-05-24 15:15:00,280,280,280,280,0
2022-05-24 15:16:00,280,280,280,280,0
2022-05-24 15:17:00,280,280,280,280,0
2022-05-24 15:18:00,280,280,280,280,0
2022-05-24 15:19:00,280,280,280,280,0
2022-05-24 15:20:00,280,280,280,280,0
2022-05-24 15:21:00,280,280,280,280,0
2022-05-24 15:22:00,280,280,280,280,0
2022-05-24 15:23:00,280,280,280,280,0
2022-05-24 15:24:00,280,280,280,280,0
2022-05-24 15:25:00,280,280,280,280,0
2022-05-24 15:26:00,280,280,280,280,0
2022-05-24 15:27:00,280,280,280,280,0
2022-05-24 15:28:00,280,280,280,280,0
2022-05-24 15:29:00,280,280,280,280,0
2022-05-24 15:30:00,280,280,280,280,0
2022-05-24 15:31:00,280,280,280,280,0
2022-05-24 15:32:00,280,280,280,280,0
2022-05-24 15:33:00,280,280,280,280,0
2022-05-24 15:34:00,280,280,280,280,0
2022-05-24 15:35:00,280,280,280,280,0
2022-05-24 15:36:00,280,280,280,280,0
2022-05-24 15:37:00,280,280,280,280,0
2022-05-24 15:38:00,280,280,280,280,0
2022-05-24 15:39:00,280,280,280,280,0
2022-05-24 15:40:00,280,280,280,280,0
2022-05-24 15:41:00,280,280,280,280,0
2022-05-24 15:42:00,280,280,280,280,0
2022-05-24 15:43:00,280,280,280,280,0
2022-05-24 15:44:00,280,280,280,280,0
2022-05-24 15:45:00,280,280,280,280,0
2022-05-24 15:46:00,280,280,280,280,0
2022-05-24 15:47:00,280,280,280,280,0
2022-05-24 15:48:00,280,280,280,280,0
2022-05-24 15:49:00,280,280,280,280,0
2022-05-24 15:50:00,280,280,280,280,0
2022-05-24 15:51:00,280,280,280,280,0
2022-05-24 15:52:00,280,280,280,280,0
2022-05-24 15:53:00,280,280,280,280,0
2022-05-24 15:54:00,280,280,280,280,0
2022-05-24 15:55:00,280,280,280,280,0
2022-05-24 15:56:00,280,280,280,280,0
2022-05-24 15:57:00,280,280,280,280,0
2022-05-24 15:58:00,280,280,280,280,0
2022-05-24 15:59:00,280,280,280,280,0
2022-05-25 09:00:00,280,280,280,280,0
2022-05-25 09:01:00,280,280,280,280,0
2022-05-25 09:02:00,280,280,280,280,0
2022-05-25 09:03:00,280,280,280,280,0
2022-05-25 09:04:00,280,280,280,280,0
2022-05-25 09:05:00,280,280,280,280,0
2022-05-25 09:06:00,280,280,280,280,0
2022-05-25 09:07:00,280,280,280,280,0
2022-05-25 09:08:00,280,280,280,280,0
2022-05-25 09:09:00,280,280,280,280,0
2022-05-25 09:10:00,280,280,280,280,0
2022-05-25 09:11:00,280,280,280,280,0
2022-05-25 09:12:00,280,280,280,280,0
2022-05-25 09:13:00,280,280,280,280,0
2022-05-25 09:14:00,280,280,280,280,0
2022-05-25 09:15:00,280,280,280,280,0
2022-05-25 09:16:00,280,280,280,280,0
2022-05-25 09:17:00,280,280,280,280,0
2022-05-25 09:18:00,280,280,280,280,0
2022-05-25 09:19:00,280,280,280,280,0
2022-05-25 09:20:00,280,280,280,280,0
2022-05-25 09:21:00,280,280,280,280,0
2022-05-25 09:22:00,280,280,280,280,0
2022-05-25 09:23:00,280,280,280,280,0
2022-05-25 09:24:00,280,280,280,280,0
2022-05-25 09:25:00,280,280,280,280,0
2022-05-25 09:26:00,280,280,280,280,0
2022-05-25 09:27:00,280,280,280,280,0
2022-05-25 09:28:00,280,280,280,280,0
2022-05-25 09:29:00,280,280,280,280,0
2022-05-25 09:30:00,280,280,280,280,0
2022-05-25 09:31:00,280,280,280,280,0
2022-05-25 09:32:00,280,280,280,280,0
2022-05-25 09:33:00,280,280,280,280,0
2022-05-25 09:34:00,280,280,280,280,0
2022-05-25 09:35:00,280,280,280,280,0
2022-05-25 09:36:00,280,280,280,280,0
2022-05-25 09:37:00,280,280,280,280,0
2022-05-25 09:38:00,280,280,280,280,0
2022-05-25 09:39:00,280,280,280,280,0
2022-05-25 09:40:00,280,280,280,280,0
2022-05-25 09:41:00,280,280,280,280,0
2022-05-25 09:42:00,280,280,280,280,0
2022-05-25 09:43:00,280,280,280,280,0
2022-05-25 09:44:00,280,280,280,280,0
2022-05-25 09:45:00,280,280,280,280,0
2022-05-25 09:46:00,280,280,280,280,0
2022-05-25 09:47:00,280,280,280,280,0
2022-05-25 09:48:00,280,280,280,280,0
2022-05-25 09:49:00,280,280,280,280,0
2022-05-25 09:50:00,280,280,280,280,0
2022-05-25 09:51:00,280,280,280,280,0
2022-05-25 09:52:00,280,280,280,280,0
2022-05-25 09:53:00,280,280,280,280,0
2022-05-25 09:54:00,280,280,280,280,0
2022-05-25 09:55:00,280,280,280,280,0
2022-05-25 09:56:00,280,280,280,280,0
2022-05-25 09:57:00,280,280,280,280,0
2022-05-25 09:58:00,280,280,280,280,0
2022-05-25 09:59:00,280,280,280,280,0
2022-05-25 10:00:00,280,280,280,280,0
2022-05-25 10:01:00,280,280,280,280,0
2022-05-25 10:02:00,280,280,280,280,0
2022-05-25 10:03:00,280,280,280,280,0
2022-05-25 10:04:00,280,280,280,280,0
2022-05-25 10:05:00,280,280,280,280,0
2022-05-25 10:06:00,280,280,280,280,0
2022-05-25 10:07:00,280,280,280,280,0
2022-05-25 10:08:00,280,280,280,280,0
2022-05-25 10:09:00,280,280,280,280,0
2022-05-25 10:10:00,280,280,280,280,0
2022-05-25 10:11:00,280,280,280,280,0
2022-05-25 10:12:00,280,280,280,280,0
2022-05-25 10:13:00,280,280,280,280,0
2022-05-25 10:14:00,280,280,280,280,0
2022-05-25 10:15:00,280,280,280,280,0
2022-05-25 10:16:00,280,280,280,280,0
2022-05-25 10:17:00,280,280,280,280,0
2022-05-25 10:18:00,280,280,280,280,0
2022-05-25 10:19:00,280,280,280,280,0
2022-05-25 10:20:00,280,280,280,280,0
2022-05-25 10:21:00,280,280,280,280,0
2022-05-25 10:22:00,280,280,280,280,0
2022-05-25 10:23:00,280,280,280,280,0
2022-05-25 10:24:00,280,280,280,280,0
2022-05-25 10:25:00,280,280,280,280,0
2022-05-25 10:26:00,280,280,280,280,0
2022-05-25 10:27:00,280,280,280,280,0
2022-05-25 10:28:00,280,280,280,280,0
2022-05-25 10:29:00,280,280,280,280,0
2022-05-25 10:30:00,280,280,280,280,0
2022-05-25 10:31:00,280,280,280,280,0
2022-05-25 10:32:00,280,280,280,280,0
2022-05-25 10:33:00,280,280,280,280,0
2022-05-25 10:34:00,280,280,280,280,0
2022-05-25 10:35:00,280,280,280,280,0
2022-05-25 10:36:00,280,280,280,280,0
2022-05-25 10:37:00,280,280,280,280,0
2022-05-25 10:38:00,280,280,280,280,0
2022-05-25 10:39:00,280,280,280,280,0
2022-05-25 10:40:00,280,280,280,280,0
2022-05-25 10:41:00,280,280,280,280,0
2022-05-25 10:42:00,280,280,280,280,0
2022-05-25 10:43:00,280,280,280,280,0
2022-05-25 10:44:00,280,280,280,280,0
2022-05-25 10:45:00,280,280,280,280,0
2022-05-25 10:46:00,280,280,280,280,0
2022-05-25 10:47:00,280,280,280,280,0
2022-05-25 10:48:00,280,280,280,280,0
2022-05-25 10:49:00,280,280,280,280,0
2022-05-25 10:50:00,280,280,280,280,0
2022-05-25 10:51:00,280,280,280,280,0
2022-05-25 10:52:00,280,280,280,280,0
2022-05-25 10:53:00,280,280,280,280,0
2022-05-25 10:54:00,280,280,280,280,0
2022-05-25 10:55:00,280,280,280,280,0
2022-05-25 10:56:00,280,280,280,280,0
2022-05-25 10:57:00,280,280,280,280,0
2022-05-25 10:58:00,280,280,280,280,0
2022-05-25 10:59:00,280,280,280,280,0
2022-05-25 11:00:00,280,280,280,280,0
2022-05-25 11:01:00,280,280,280,280,0
2022-05-25 11:02:00,280,280,280,280,0
2022-05-25 11:03:00,280,280,280,280,0
2022-05-25 11:04:00,280,280,280,280,0
2022-05-25 11:05:00,280,280,280,280,0
2022-05-25 11:06:00,280,280,280,280,0
2022-05-25 11:07:00,280,280,280,280,0
2022-05-25 11:08:00,280,280,280,280,0
2022-05-25 11:09:00,280,280,280,280,0
2022-05-25 11:10:00,280,280,280,280,0
2022-05-25 11:11:00,280,280,280,280,0
2022-05-25 11:12:00,280,280,280,280,0
2022-05-25 11:13:00,280,280,280,280,0
2022-05-25 11:14:00,280,280,280,280,0
2022-05-25 11:15:00,280,280,280,280,0
2022-05-25 11:16:00,280,280,280,280,0
2022-05-25 11:17:00,280,280,280,280,0
2022-05-25 11:18:00,280,280,280,280,0
2022-05-25 11:19:00,280,280,280,280,0
2022-05-25 11:20:00,280,280,280,280,0
2022-05-25 11:21:00,280,280,280,280,0
2022-05-25 11:22:00,280,280,280,280,0
2022-05-25 11:23:00,280,280,280,280,0
2022-05-25 11:24:00,280,280,280,280,0
2022-05-25 11:25:00,280,280,280,280,0
2022-05-25 11:26:00,280,280,280,280,0
2022-05-25 11:27:00,280,280,280,280,0
2022-05-25 11:28:00,280,280,280,280,0
2022-05-25 11:29:00,280,280,280,280,0
2022-05-25 11:30:00,280,280,280,280,0
2022-05-25 11:31:00,280,280,280,280,0
2022-05-25 11:32:00,280,280,280,280,0
2022-05-25 11:33:00,280,280,280,280,0
2022-05-25 11:34:00,280,280,280,280,0
2022-05-25 11:35:00,280,280,280,280,0
2022-05-25 11:36:00,280,280,280,280,0
2022-05-25 11:37:00,280,280,280,280,0
2022-05-25 11:38:00,280,280,280,280,0
2022-05-25 11:39:00,280,280,280,280,0
2022-05-25 11:40:00,280,280,280,280,0
2022-05-25 11:41:00,280,280,280,280,0
2022-05-25 11:42:00,280,280,280,280,0
2022-05-25 11:43:00,280,280,280,280,0
2022-05-25 11:44:00,280,280,280,280,0
2022-05-25 11:45:00,280,280,280,280,0
2022-05-25 11:46:00,280,280,280,280,0
2022-05-25 11:47:00,280,280,280,280,0
2022-05-25 11:48:00,280,280,280,280,0
2022-05-25 11:49:00,280,280,280,280,0
2022-05-25 11:50:00,280,280,280,280,0
2022-05-25 11:51:00,280,280,280,280,0
2022-05-25 11:52:00,280,280,280,280,0
2022-05-25 11:53:00,280,280,280,280,0
2022-05-25 11:54:00,280,280,280,280,0
2022-05-25 11:55:00,280,280,280,280,0
2022-05-25 11:56:00,280,280,280,280,0
2022-05-25 11:57:00,280,280,280,280,0
2022-05-25 11:58:00,280,280,280,280,0
2022-05-25 11:59:00,280,280,280,280,0
2022-05-25 12:00:00,280,280,280,280,0
2022-05-25 12:01:00,280,280,280,280,0
2022-05-25 12:02:00,280,280,280,280,0
2022-05-25 12:03:00,280,280,280,280,0
2022-05-25 12:04:00,280,280,280,280,0
2022-05-25 12:05:00,280,280,280,280,0
2022-05-25 12:06:00,280,280,280,280,0
2022-05-25 12:07:00,280,280,280,280,0
2022-05-25 12:08:00,280,280,280,280,0
2022-05-25 12:09:00,280,280,280,280,0
2022-05-25 12:10:00,280,280,280,280,0
2022-05-25 12:11:00,280,280,280,280,0
2022-05-25 12:12:00,280,280,280,280,0
2022-05-25 12:13:00,280,280,280,280,0
2022-05-25 12:14:00,280,280,280,280,0
2022-05-25 12:15:00,280,280,280,280,0
2022-05-25 12:16:00,280,280,280,280,0
2022-05-25 12:17:00,280,280,280,280,0
2022-05-25 12:18:00,280,280,280,280,0
2022-05-25 12:19:00,280,280,280,280,0
2022-05-25 12:20:00,280,280,280,280,0
2022-05-25 12:21:00,280,280,280,280,0
2022-05-25 12:22:00,280,280,280,280,0
2022-05-25 12:23:00,280,280,280,280,0
2022-05-25 12:24:00,280,280,280,280,0
2022-05-25 12:25:00,280,280,280,280,0
2022-05-25 12:26:00,280,280,280,280,0
2022-05-25 12:27:00,280,280,280,280,0
2022-05-25 12:28:00,280,280,280,280,0
2022-05-25 12:29:00,280,280,280,280,0
2022-05-25 12:30:00,280,280,280,280,0
2022-05-25 12:31:00,280,280,280,280,0
2022-05-25 12:32:00,280,280,280,280,0
2022-05-25 12:33:00,280,280,280,280,0
2022-05-25 12:34:00,280,280,280,280,0
2022-05-25 12:35:00,280,280,280,280,0
2022-05-25 12:36:00,280,280,280,280,0
2022-05-25 12:37:00,280,280,280,280,0
2022-05-25 12:38:00,280,280,280,280,0
2022-05-25 12:39:00,280,280,280,280,0
2022-05-25 12:40:00,280,280,280,280,0
2022-05-25 12:41:00,280,280,280,280,0
2022-05-25 12:42:00,280,280,280,280,0
2022-05-25 12:43:00,280,280,280,280,0
2022-05-25 12:44:00,280,280,280,280,0
2022-05-25 12:45:00,280,280,280,280,0
2022-05-25 12:46:00,280,280,280,280,0
2022-05-25 12:47:00,280,280,280,280,0
2022-05-25 12:48:00,280,280,280,280,0
2022-05-25 12:49:00,280,280,280,280,0
2022-05-25 12:50:00,280,280,280,280,0
2022-05-25 12:51:00,280,280,280,280,0
2022-05-25 12:52:00,280,280,280,280,0
2022-05-25 12:53:00,280,280,280,280,0
2022-05-25 12:54:00,280,280,280,280,0
2022-05-25 12:55:00,280,280,280,280,0
2022-05-25 12:56:00,280,280,280,280,0
2022-05-25 12:57:00,280,280,280,280,0
2022-05-25 12:58:00,280,280,280,280,0
2022-05-25 12:59:00,280,280,280,280,0
2022-05-25 13:00:00,280,280,280,280,0
2022-05-25 13:01:00,280,280,280,280,0
2022-05-25 13:02:00,280,280,280,280,0
2022-05-25 13:03:00,280,280,280,280,0
2022-05-25 13:04:00,280,280,280,280,0
2022-05-25 13:05:00,280,280,280,280,0
2022-05-25 13:06:00,280,280,280,280,0
2022-05-25 13:07:00,280,280,280,280,0
2022-05-25 13:08:00,280,280,280,280,0
2022-05-25 13:09:00,280,280,280,280,0
2022-05-25 13:10:00,280,280,280,280,0
2022-05-25 13:11:00,280,280,280,280,0
2022-05-25 13:12:00,280,280,280,280,0
2022-05-25 13:13:00,280,280,280,280,0
2022-05-25 13:14:00,280,280,280,280,0
2022-05-25 13:15:00,280,280,280,280,0
2022-05-25 13:16:00,280,280,280,280,0
2022-05-25 13:17:00,280,280,280,280,0
2022-05-25 13:18:00,280,280,280,280,0
2022-05-25 13:19:00,280,280,280,280,0
2022-05-25 13:20:00,280,280,280,280,0
2022-05-25 13:21:00,280,280,280,280,0
2022-05-25 13:22:00,280,280,280,280,0
2022-05-25 13:23:00,280,280,280,280,0
2022-05-25 13:24:00,280,280,280,280,0
2022-05-25 13:25:00,280,280,280,280,0
2022-05-25 13:26:00,280,280,280,280,0
2022-05-25 13:27:00,280,280,280,280,0
2022-05-25 13:28:00,280,280,280,280,0
2022-05-25 13:29:00,280,280,280,280,0
2022-05-25 13:30:00,280,280,280,280,0
2022-05-25 13:31:00,280,280,280,280,0
2022-05-25 13:32:00,280,280,280,280,0
2022-05-25 13:33:00,280,280,280,280,0
2022-05-25 13:34:00,280,280,280,280,0
2022-05-25 13:35:00,280,280,280,280,0
2022-05-25 13:36:00,280,280,280,280,0
2022-05-25 13:37:00,280,280,280,280,0
2022-05-25 13:38:00,280,280,280,280,0
2022-05-25 13:39:00,280,280,280,280,0
2022-05-25 13:40:00,280,280,280,280,0
2022-05-25 13:41:00,280,280,280,280,0
2022-05-25 13:42:00,280,280,280,280,0
2022-05-25 13:43:00,280,280,280,280,0
2022-05-25 13:44:00,280,280,280,280,0
2022-05-25 13:45:00,280,280,280,280,0
2022-05-25 13:46:00,280,280,280,280,0
2022-05-25 13:47:00,280,280,280,280,0
2022-05-25 13:48:00,280,280,280,280,0
2022-05-25 13:49:00,280,280,280,280,0
2022-05-25 13:50:00,280,280,280,280,0
2022-05-25 13:51:00,280,280,280,280,0
2022-05-25 13:52:00,280,280,280,280,0
2022-05-25 13:53:00,280,280,280,280,0
2022-05-25 13:54:00,280,280,280,280,0
2022-05-25 13:55:00,280,280,280,280,0
2022-05-25 13:56:00,280,280,280,280,0
2022-05-25 13:57:00,280,280,280,280,0
2022-05-25 13:58:00,280,280,280,280,0
2022-05-25 13:59:00,280,280,280,280,0
2022-05-25 14:00:00,280,280,280,280,0
2022-05-25 14:01:00,280,280,280,280,0
2022-05-25 14:02:00,280,280,280,280,0
2022-05-25 14:03:00,280,280,280,280,0
2022-05-25 14:04:00,280,280,280,280,0
2022-05-25 14:05:00,280,280,280,280,0
2022-05-25 14:06:00,280,280,280,280,0
2022-05-25 14:07:00,280,280,280,280,0
2022-05-25 14:08:00,280,280,280,280,0
2022-05-25 14:09:00,280,280,280,280,0
2022-05-25 14:10:00,280,280,280,280,0
2022-05-25 14:11:00,280,280,280,280,0
2022-05-25 14:12:00,280,280,280,280,0
2022-05-25 14:13:00,280,280,280,280,0
2022-05-25 14:14:00,280,280,280,280,0
2022-05-25 14:15:00,280,280,280,280,0
2022-05-25 14:16:00,280,280,280,280,0
2022-05-25 14:17:00,280,280,280,280,0
2022-05-25 14:18:00,280,280,280,280,0
2022-05-25 14:19:00,280,280,280,280,0
2022-05-25 14:20:00,280,280,280,280,0
2022-05-25 14:21:00,280,280,280,280,0
2022-05-25 14:22:00,280,280,280,280,0
2022-05-25 14:23:00,280,280,280,280,0
2022-05-25 14:24:00,280,280,280,280,0
2022-05-25 14:25:00,280,280,280,280,0
2022-05-25 14:26:00,280,280,280,280,0
2022-05-25 14:27:00,280,280,280,280,0
2022-05-25 14:28:00,280,280,280,280,0
2022-05-25 14:29:00,280,280,280,280,0
2022-05-25 14:30:00,280,280,280,280,0
2022-05-25 14:31:00,280,280,280,280,0
2022-05-25 14:32:00,280,280,280,280,0
2022-05-25 14:33:00,280,280,280,280,0
2022-05-25 14:34:00,280,280,280,280,0
2022-05-25 14:35:00,280,280,280,280,0
2022-05-25 14:36:00,280,280,280,280,0
2022-05-25 14:37:00,280,280,280,280,0
2022-05-25 14:38:00,280,280,280,280,0
2022-05-25 14:39:00,280,280,280,280,0
2022-05-25 14:40:00,280,280,280,280,0
2022-05-25 14:41:00,280,280,280,280,0
2022-05-25 14:42:00,280,280,280,280,0
2022-05-25 14:43:00,280,280,280,280,0
2022-05-25 14:44:00,280,280,280,280,0
2022-05-25 14:45:00,280,280,280,280,0
2022-05-25 14:46:00,280,280,280,280,0
2022-05-25 14:47:00,280,280,280,280,0
2022-05-25 14:48:00,280,280,280,280,0
2022-05-25 14:49:00,280,280,280,280,0
2022-05-25 14:50:00,280,280,280,280,0
2022-05-25 14:51:00,280,280,280,280,0
2022-05-25 14:52:00,280,280,280,280,0
2022-05-25 14:53:00,280,280,280,280,0
2022-05-25 14:54:00,280,280,280,280,0
2022-05-25 14:55:00,280,280,280,280,0
2022-05-25 14:56:00,280,280,280,280,0
2022-05-25 14:57:00,280,280,280,280,0
2022-05-25 14:58:00,280,280,280,280,0
2022-05-25 14:59:00,280,280,280,280,0
2022-05-25 15:00:00,280,280,280,280,0
2022-05-25 15:01:00,280,280,280,280,0
2022-05-25 15:02:00,280,280,280,280,0
2022-05-25 15:03:00,280,280,280,280,0
2022-05-25 15:04:00,280,280,280,280,0
2022-05-25 15:05:00,280,280,280,280,0
2022-05-25 15:06:00,280,280,280,280,0
2022-05-25 15:07:00,280,280,280,280,0
2022-05-25 15:08:00,280,280,280,280,0
2022-05-25 15:09:00,280,280,280,280,0
2022-05-25 15:10:00,280,280,280,280,0
2022-05-25 15:11:00,280,280,280,280,0
2022-05-25 15:12:00,280,280,280,280,0
2022-05-25 15:13:00,280,280,280,280,0
2022-05-25 15:14:00,280,280,280,280,0
2022-05-25 15:15:00,280,280,280,280,0
2022-05-25 15:16:00,280,280,280,280,0
2022-05-25 15:17:00,280,280,280,280,0
2022-05-25 15:18:00,280,280,280,280,0
2022-05-25 15:19:00,280,280,280,280,0
2022-05-25 15:20:00,280,280,280,280,0
2022-05-25 15:21:00,280,280,280,280,0
2022-05-25 15:22:00,280,280,280,280,0
2022-05-25 15:23:00,280,280,280,280,0
2022-05-25 15:24:00,280,280,280,280,0
2022-05-25 15:25:00,280,280,280,280,0
2022-05-25 15:26:00,280,280,280,280,0
2022-05-25 15:27:00,280,280,280,280,0
2022-05-25 15:28:00,280,280,280,280,0
2022-05-25 15:29:00,280,280,280,280,0
2022-05-25 15:30:00,280,280,280,280,0
2022-05-25 15:31:00,280,280,280,280,0
2022-05-25 15:32:00,280,280,280,280,0
2022-05-25 15:33:00,280,280,280,280,0
2022-05-25 15:34:00,280,280,280,280,0
2022-05-25 15:35:00,280,280,280,280,0
2022-05-25 15:36:00,280,280,280,280,0
2022-05-25 15:37:00,280,280,280,280,0
2022-05-25 15:38:00,280,280,280,280,0
2022-05-25 15:39:00,280,280,280,280,0
2022-05-25 15:40:00,280,280,280,280,0
2022-05-25 15:41:00,280,280,280,280,0
2022-05-25 15:42:00,280,280,280,280,0
2022-05-25 15:43:00,280,280,280,280,0
2022-05-25 15:44:00,280,280,280,280,0
2022-05-25 15:45:00,280,280,280,280,0
2022-05-25 15:46:00,280,280,280,280,0
2022-05-25 15:47:00,280,280,280,280,0
2022-05-25 15:48:00,280,280,280,280,0
2022-05-25 15:49:00,280,280,280,280,0
2022-05-25 15:50:00,280,280,280,280,0
2022-05-25 15:51:00,280,280,280,280,0
2022-05-25 15:52:00,280,280,280,280,0
2022-05-25 15:53:00,280,280,280,280,0
2022-05-25 15:54:00,280,280,280,280,0
2022-05-25 15:55:00,280,280,280,280,0
2022-05-25 15:56:00,280,280,280,280,0
2022-05-25 15:57:00,280,280,280,280,0
2022-05-25 15:58:00,280,280,280,280,0
2022-05-25 15:59:00,280,280,280,280,0
2022-05-26 09:00:00,280,280,280,280,0
2022-05-26 09:01:00,280,280,280,280,0
2022-05-26 09:02:00,280,280,280,280,0
2022-05-26 09:03:00,280,280,280,280,0
2022-05-26 09:04:00,280,280,280,280,0
2022-05-26 09:05:00,280,280,280,280,0
2022-05-26 09:06:00,280,280,280,280,0
2022-05-26 09:07:00,280,280,280,280,0
2022-05-26 09:08:00,280,280,280,280,0
2022-05-26 09:09:00,280,280,280,280,0
2022-05-26 09:10:00,280,280,280,280,0
2022-05-26 09:11:00,280,280,280,280,0
2022-05-26 09:12:00,280,280,280,280,0
2022-05-26 09:13:00,280,280,280,280,0
2022-05-26 09:14:00,280,280,280,280,0
2022-05-26 09:15:00,280,280,280,280,0
2022-05-26 09:16:00,280,280,280,280,0
2022-05-26 09:17:00,280,280,280,280,0
2022-05-26 09:18:00,280,280,280,280,0
2022-05-26 09:19:00,280,280,280,280,0
2022-05-26 09:20:00,280,280,280,280,0
2022-05-26 09:21:00,280,280,280,280,0
2022-05-26 09:22:00,280,280,280,280,0
2022-05-26 09:23:00,280,280,280,280,0
2022-05-26 09:24:00,280,280,280,280,0
2022-05-26 09:25:00,280,280,280,280,0
2022-05-26 09:26:00,280,280,280,280,0
2022-05-26 09:27:00,280,280,280,280,0
2022-05-26 09:28:00,280,280,280,280,0
2022-05-26 09:29:00,280,280,280,280,0
2022-05-26 09:30:00,280,280,280,280,0
2022-05-26 09:31:00,280,280,280,280,0
2022-05-26 09:32:00,280,280,280,280,0
2022-05-26 09:33:00,280,280,280,280,0
2022-05-26 09:34:00,280,280,280,280,0
2022-05-26 09:35:00,280,280,280,280,0
2022-05-26 09:36:00,280,280,280,280,0
2022-05-26 09:37:00,280,280,280,280,0
2022-05-26 09:38:00,280,280,280,280,0
2022-05-26 09:39:00,280,280,280,280,0
2022-05-26 09:40:00,280,280,280,280,0
2022-05-26 09:41:00,280,280,280,280,0
2022-05-26 09:42:00,280,280,280,280,0
2022-05-26 09:43:00,280,280,280,280,0
2022-05-26 09:44:00,280,280,280,280,0
2022-05-26 09:45:00,280,280,280,280,0
2022-05-26 09:46:00,280,280,280,280,0
2022-05-26 09:47:00,280,280,280,280,0
2022-05-26 09:48:00,280,280,280,280,0
2022-05-26 09:49:00,280,280,280,280,0
2022-05-26 09:50:00,280,280,280,280,0
2022-05-26 09:51:00,280,280,280,280,0
2022-05-26 09:52:00,280,280,280,280,0
2022-05-26 09:53:00,280,280,280,280,0
2022-05-26 09:54:00,280,280,280,280,0
2022-05-26 09:55:00,280,280,280,280,0
2022-05-26 09:56:00,280,280,280,280,0
2022-05-26 09:57:00,280,280,280,280,0
2022-05-26 09:58:00,280,280,280,280,0
2022-05-26 09:59:00,280,280,280,280,0
2022-05-26 10:00:00,280,280,280,280,0
2022-05-26 10:01:00,280,280,280,280,0
2022-05-26 10:02:00,280,280,280,280,0
2022-05-26 10:03:00,280,280,280,280,0
2022-05-26 10:04:00,280,280,280,280,0
2022-05-26 10:05:00,280,280,280,280,0
2022-05-26 10:06:00,280,280,280,280,0
2022-05-26 10:07:00,280,280,280,280,0
2022-05-26 10:08:00,280,280,280,280,0
2022-05-26 10:09:00,280,280,280,280,0
2022-05-26 10:10:00,280,280,280,280,0
2022-05-26 10:11:00,280,280,280,280,0
2022-05-26 10:12:00,280,280,280,280,0
2022-05-26 10:13:00,280,280,280,280,0
2022-05-26 10:14:00,280,280,280,280,0
2022-05-26 10:15:00,280,280,280,280,0
2022-05-26 10:16:00,280,280,280,280,0
2022-05-26 10:17:00,280,280,280,280,0
2022-05-26 10:18:00,280,280,280,280,0
2022-05-26 10:19:00,280,280,280,280,0
2022-05-26 10:20:00,280,280,280,280,0
2022-05-26 10:21:00,280,280,280,280,0
2022-05-26 10:22:00,280,280,280,280,0
2022-05-26 10:23:00,280,280,280,280,0
2022-05-26 10:24:00,280,280,280,280,0
2022-05-26 10:25:00,280,280,280,280,0
2022-05-26 10:26:00,280,280,280,280,0
2022-05-26 10:27:00,280,280,280,280,0
2022-05-26 10:28:00,280,280,280,280,0
2022-05-26 10:29:00,280,280,280,280,0
2022-05-26 10:30:00,280,280,280,280,0
2022-05-26 10:31:00,280,280,280,280,0
2022-05-26 10:32:00,280,280,280,280,0
2022-05-26 10:33:00,280,280,280,280,0
2022-05-26 10:34:00,280,280,280,280,0
2022-05-26 10:35:00,280,280,280,280,0
2022-05-26 10:36:00,280,280,280,280,0
2022-05-26 10:37:00,280,280,280,280,0
2022-05-26 10:38:00,280,280,280,280,0
2022-05-26 10:39:00,280,280,280,280,0
2022-05-26 10:40:00,280,280,280,280,0
2022-05-26 10:41:00,280,280,280,280,0
2022-05-26 10:42:00,280,280,280,280,0
2022-05-26 10:43:00,280,280,280,280,0
2022-05-26 10:44:00,280,280,280,280,0
2022-05-26 10:45:00,280,280,280,280,0
2022-05-26 10:46:00,280,280,280,280,0
2022-05-26 10:47:00,280,280,280,280,0
2022-05-26 10:48:00,280,280,280,280,0
2022-05-26 10:49:00,280,280,280,280,0
2022-05-26 10:50:00,280,280,280,280,0
2022-05-26 10:51:00,280,280,280,280,0
2022-05-26 10:52:00,280,280,280,280,0
2022-05-26 10:53:00,280,280,280,280,0
2022-05-26 10:54:00,280,280,280,280,0
2022-05-26 10:55:00,280,280,280,280,0
2022-05-26 10:56:00,280,280,280,280,0
2022-05-26 10:57:00,280,280,280,280,0
2022-05-26 10:58:00,280,280,280,280,0
2022-05-26 10:59:00,280,280,280,280,0
2022-05-26 11:00:00,280,280,280,280,0
2022-05-26 11:01:00,280,280,280,280,0
2022-05-26 11:02:00,280,280,280,280,0
2022-05-26 11:03:00,280,280,280,280,0
2022-05-26 11:04:00,280,280,280,280,0
2022-05-26 11:05:00,280,280,280,280,0
2022-05-26 11:06:00,280,280,280,280,0
2022-05-26 11:07:00,280,280,280,280,0
2022-05-26 11:08:00,280,280,280,280,0
2022-05-26 11:09:00,280,280,280,280,0
2022-05-26 11:10:00,280,280,280,280,0
2022-05-26 11:11:00,280,280,280,280,0
2022-05-26 11:12:00,280,280,280,280,0
2022-05-26 11:13:00,280,280,280,280,0
2022-05-26 11:14:00,280,280,280,280,0
2022-05-26 11:15:00,280,280,280,280,0
2022-05-26 11:16:00,280,280,280,280,0
2022-05-26 11:17:00,280,280,280,280,0
2022-05-26 11:18:00,280,280,280,280,0
2022-05-26 11:19:00,280,280,280,280,0
2022-05-26 11:20:00,280,280,280,280,0
2022-05-26 11:21:00,280,280,280,280,0
2022-05-26 11:22:00,280,280,280,280,0
2022-05-26 11:23:00,280,280,280,280,0
2022-05-26 11:24:00,280,280,280,280,0
2022-05-26 11:25:00,280,280,280,280,0
2022-05-26 11:26:00,280,280,280,280,0
2022-05-26 11:27:00,280,280,280,280,0
2022-05-26 11:28:00,280,280,280,280,0
2022-05-26 11:29:00,280,280,280,280,0
2022-05-26 11:30:00,280,280,280,280,0
2022-05-26 11:31:00,280,280,280,280,0
2022-05-26 11:32:00,280,280,280,280,0
2022-05-26 11:33:00,280,280,280,280,0
2022-05-26 11:34:00,280,280,280,280,0
2022-05-26 11:35:00,280,280,280,280,0
2022-05-26 11:36:00,280,280,280,280,0
2022-05-26 11:37:00,280,280,280,280,0
2022-05-26 11:38:00,280,280,280,280,0
2022-05-26 11:39:00,280,280,280,280,0
2022-05-26 11:40:00,280,280,280,280,0
2022-05-26 11:41:00,280,280,280,280,0
2022-05-26 11:42:00,280,280,280,280,0
2022-05-26 11:43:00,280,280,280,280,0
2022-05-26 11:44:00,280,280,280,280,0
2022-05-26 11:45:00,280,280,280,280,0
2022-05-26 11:46:00,280,280,280,280,0
2022-05-26 11:47:00,280,280,280,280,0
2022-05-26 11:48:00,280,280,280,280,0
2022-05-26 11:49:00,280,280,280,280,0
2022-05-26 11:50:00,280,280,280,280,0
2022-05-26 11:51:00,280,280,280,280,0
2022-05-26 11:52:00,280,280,280,280,0
2022-05-26 11:53:00,280,280,280,280,0
2022-05-26 11:54:00,280,280,280,280,0
2022-05-26 11:55:00,280,280,280,280,0
2022-05-26 11:56:00,280,280,280,280,0
2022-05-26 11:57:00,280,280,280,280,0
2022-05-26 11:58:00,280,280,280,280,0
2022-05-26 11:59:00,280,280,280,280,0
2022-05-26 12:00:00,280,280,280,280,0
2022-05-26 12:01:00,280,280,280,280,0
2022-05-26 12:02:00,280,280,280,280,0
2022-05-26 12:03:00,280,280,280,280,0
2022-05-26 12:04:00,280,280,280,280,0
2022-05-26 12:05:00,280,280,280,280,0
2022-05-26 12:06:00,280,280,280,280,0
2022-05-26 12:07:00,280,280,280,280,0
2022-05-26 12:08:00,280,280,280,280,0
2022-05-26 12:09:00,280,280,280,280,0
2022-05-26 12:10:00,280,280,280,280,0
2022-05-26 12:11:00,280,280,280,280,0
2022-05-26 12:12:00,280,280,280,280,0
2022-05-26 12:13:00,280,280,280,280,0
2022-05-26 12:14:00,280,280,280,280,0
2022-05-26 12:15:00,280,280,280,280,0
2022-05-26 12:16:00,280,280,280,280,0
2022-05-26 12:17:00,280,280,280,280,0
2022-05-26 12:18:00,280,280,280,280,0
2022-05-26 12:19:00,280,280,280,280,0
2022-05-26 12:20:00,280,280,280,280,0
2022-05-26 12:21:00,280,280,280,280,0
2022-05-26 12:22:00,280,280,280,280,0
2022-05-26 12:23:00,280,280,280,280,0
2022-05-26 12:24:00,280,280,280,280,0
2022-05-26 12:25:00,280,280,280,280,0
2022-05-26 12:26:00,280,280,280,280,0
2022-05-26 12:27:00,280,280,280,280,0
2022-05-26 12:28:00,280,280,280,280,0
2022-05-26 12:29:00,280,280,280,280,0
2022-05-26 12:30:00,280,280,280,280,0
2022-05-26 12:31:00,280,280,280,280,0
2022-05-26 12:32:00,280,280,280,280,0
2022-05-26 12:33:00,280,280,280,280,0
2022-05-26 12:34:00,280,280,280,280,0
2022-05-26 12:35:00,280,280,280,280,0
2022-05-26 12:36:00,280,280,280,280,0
2022-05-26 12:37:00,280,280,280,280,0
2022-05-26 12:38:00,280,280,280,280,0
2022-05-26 12:39:00,280,280,280,280,0
2022-05-26 12:40:00,280,280,280,280,0
2022-05-26 12:41:00,280,280,280,280,0
2022-05-26 12:42:00,280,280,280,280,0
2022-05-26 12:43:00,280,280,280,280,0
2022-05-26 12:44:00,280,280,280,280,0
2022-05-26 12:45:00,280,280,280,280,0
2022-05-26 12:46:00,280,280,280,280,0
2022-05-26 12:47:00,280,280,280,280,0
2022-05-26 12:48:00,280,280,280,280,0
2022-05-26 12:49:00,280,280,280,280,0
2022-05-26 12:50:00,280,280,280,280,0
2022-05-26 12:51:00,280,280,280,280,0
2022-05-26 12:52:00,280,280,280,280,0
2022-05-26 12:53:00,280,280,280,280,0
2022-05-26 12:54:00,280,280,280,280,0
2022-05-26 12:55:00,280,280,280,280,0
2022-05-26 12:56:00,280,280,280,280,0
2022-05-26 12:57:00,280,280,280,280,0
2022-05-26 12:58:00,280,280,280,280,0
2022-05-26 12:59:00,280,280,280,280,0
2022-05-26 13:00:00,280,280,280,280,0
2022-05-26 13:01:00,280,280,280,280,0
2022-05-26 13:02:00,280,280,280,280,0
2022-05-26 13:03:00,280,280,280,280,0
2022-05-26 13:04:00,280,280,280,280,0
2022-05-26 13:05:00,280,280,280,280,0
2022-05-26 13:06:00,280,280,280,280,0
2022-05-26 13:07:00,280,280,280,280,0
2022-05-26 13:08:00,280,280,280,280,0
2022-05-26 13:09:00,280,280,280,280,0
2022-05-26 13:10:00,280,280,280,280,0
2022-05-26 13:11:00,280,280,280,280,0
2022-05-26 13:12:00,280,280,280,280,0
2022-05-26 13:13:00,280,280,280,280,0
2022-05-26 13:14:00,280,280,280,280,0
2022-05-26 13:15:00,280,280,280,280,0
2022-05-26 13:16:00,280,280,280,280,0
2022-05-26 13:17:00,280,280,280,280,0
2022-05-26 13:18:00,280,280,280,280,0
2022-05-26 13:19:00,280,280,280,280,0
2022-05-26 13:20:00,280,280,280,280,0
2022-05-26 13:21:00,280,280,280,280,0
2022-05-26 13:22:00,280,280,280,280,0
2022-05-26 13:23:00,280,280,280,280,0
2022-05-26 13:24:00,280,280,280,280,0
2022-05-26 13:25:00,280,280,280,280,0
2022-05-26 13:26:00,280,280,280,280,0
2022-05-26 13:27:00,280,280,280,280,0
2022-05-26 13:28:00,280,280,280,280,0
2022-05-26 13:29:00,280,280,280,280,0
2022-05-26 13:30:00,280,280,280,280,0
2022-05-26 13:31:00,280,280,280,280,0
2022-05-26 13:32:00,280,280,280,280,0
2022-05-26 13:33:00,280,280,280,280,0
2022-05-26 13:34:00,280,280,280,280,0
2022-05-26 13:35:00,280,280,280,280,0
2022-05-26 13:36:00,280,280,280,280,0
2022-05-26 13:37:00,280,280,280,280,0
2022-05-26 13:38:00,280,280,280,280,0
2022-05-26 13:39:00,280,280,280,280,0
2022-05-26 13:40:00,280,280,280,280,0
2022-05-26 13:41:00,280,280,280,280,0
2022-05-26 13:42:00,280,280,280,280,0
2022-05-26 13:43:00,280,280,280,280,0
2022-05-26 13:44:00,280,280,280,280,0
2022-05-26 13:45:00,280,280,280,280,0
2022-05-26 13:46:00,280,280,280,280,0
2022-05-26 13:47:00,280,280,280,280,0
2022-05-26 13:48:00,280,280,280,280,0
2022-05-26 13:49:00,280,280,280,280,0
2022-05-26 13:50:00,280,280,280,280,0
2022-05-26 13:51:00,280,280,280,280,0
2022-05-26 13:52:00,280,280,280,280,0
2022-05-26 13:53:00,280,280,280,280,0
2022-05-26 13:54:00,280,280,280,280,0
2022-05-26 13:55:00,280,280,280,280,0
2022-05-26 13:56:00,280,280,280,280,0
2022-05-26 13:57:00,280,280,280,280,0
2022-05-26 13:58:00,280,280,280,280,0
2022-05-26 13:59:00,280,280,280,280,0
2022-05-26 14:00:00,280,280,280,280,0
2022-05-26 14:01:00,280,280,280,280,0
2022-05-26 14:02:00,280,280,280,280,0
2022-05-26 14:03:00,280,280,280,280,0
2022-05-26 14:04:00,280,280,280,280,0
2022-05-26 14:05:00,280,280,280,280,0
2022-05-26 14:06:00,280,280,280,280,0
2022-05-26 14:07:00,280,280,280,280,0
2022-05-26 14:08:00,280,280,280,280,0
2022-05-26 14:09:00,280,280,280,280,0
2022-05-26 14:10:00,280,280,280,280,0
2022-05-26 14:11:00,280,280,280,280,0
2022-05-26 14:12:00,280,280,280,280,0
2022-05-26 14:13:00,280,280,280,280,0
2022-05-26 14:14:00,280,280,280,280,0
2022-05-26 14:15:00,280,280,280,280,0
2022-05-26 14:16:00,280,280,280,280,0
2022-05-26 14:17:00,280,280,280,280,0
2022-05-26 14:18:00,280,280,280,280,0
2022-05-26 14:19:00,280,280,280,280,0
2022-05-26 14:20:00,280,280,280,280,0
2022-05-26 14:21:00,280,280,280,280,0
2022-05-26 14:22:00,280,280,280,280,0
2022-05-26 14:23:00,280,280,280,280,0
2022-05-26 14:24:00,280,280,280,280,0
2022-05-26 14:25:00,280,280,280,280,0
2022-05-26 14:26:00,280,280,280,280,0
2022-05-26 14:27:00,280,280,280,280,0
2022-05-26 14:28:00,280,280,280,280,0
2022-05-26 14:29:00,280,280,280,280,0
2022-05-26 14:30:00,280,280,280,280,0
2022-05-26 14:31:00,280,280,280,280,0
2022-05-26 14:32:00,280,280,280,280,0
2022-05-26 14:33:00,280,280,280,280,0
2022-05-26 14:34:00,280,280,280,280,0
2022-05-26 14:35:00,280,280,280,280,0
2022-05-26 14:36:00,280,280,280,280,0
2022-05-26 14:37:00,280,280,280,280,0
2022-05-26 14:38:00,280,280,280,280,0
2022-05-26 14:39:00,280,280,280,280,0
2022-05-26 14:40:00,280,280,280,280,0
2022-05-26 14:41:00,280,280,280,280,0
2022-05-26 14:42:00,280,280,280,280,0
2022-05-26 14:43:00,280,280,280,280,0
2022-05-26 14:44:00,280,280,280,280,0
2022-05-26 14:45:00,280,280,280,280,0
2022-05-26 14:46:00,280,280,280,280,0
2022-05-26 14:47:00,280,280,280,280,0
2022-05-26 14:48:00,280,280,280,280,0
2022-05-26 14:49:00,280,280,280,280,0
2022-05-26 14:50:00,280,280,280,280,0
2022-05-26 14:51:00,280,280,280,280,0
2022-05-26 14:52:00,280,280,280,280,0
2022-05-26 14:53:00,280,280,280,280,0
2022-05-26 14:54:00,280,280,280,280,0
2022-05-26 14:55:00,280,280,280,280,0
2022-05-26 14:56:00,280,280,280,280,0
2022-05-26 14:57:00,280,280,280,280,0
2022-05-26 14:58:00,280,280,280,280,0
2022-05-26 14:59:00,280,280,280,280,0
2022-05-26 15:00:00,280,280,280,280,0
2022-05-26 15:01:00,280,280,280,280,0
2022-05-26 15:02:00,280,280,280,280,0
2022-05-26 15:03:00,280,280,280,280,0
2022-05-26 15:04:00,280,280,280,280,0
2022-05-26 15:05:00,280,280,280,280,0
2022-05-26 15:06:00,280,280,280,280,0
2022-05-26 15:07:00,280,280,280,280,0
2022-05-26 15:08:00,280,280,280,280,0
2022-05-26 15:09:00,280,280,280,280,0
2022-05-26 15:10:00,280,280,280,280,0
2022-05-26 15:11:00,280,280,280,280,0
2022-05-26 15:12:00,280,280,280,280,0
2022-05-26 15:13:00,280,280,280,280,0
2022-05-26 15:14:00,280,280,280,280,0
2022-05-26 15:15:00,280,280,280,280,0
2022-05-26 15:16:00,280,280,280,280,0
2022-05-26 15:17:00,280,280,280,280,0
2022-05-26 15:18:00,280,280,280,280,0
2022-05-26 15:19:00,280,280,280,280,0
2022-05-26 15:20:00,280,280,280,280,0
2022-05-26 15:21:00,280,280,280,280,0
2022-05-26 15:22:00,280,280,280,280,0
2022-05-26 15:23:00,280,280,280,280,0
2022-05-26 15:24:00,280,280,280,280,0
2022-05-26 15:25:00,280,280,280,280,0
2022-05-26 15:26:00,280,280,280,280,0
2022-05-26 15:27:00,280,280,280,280,0
2022-05-26 15:28:00,280,280,280,280,0
2022-05-26 15:29:00,280,280,280,280,0
2022-05-26 15:30:00,280,280,280,280,0
2022-05-26 15:31:00,280,280,280,280,0
2022-05-26 15:32:00,280,280,280,280,0
2022-05-26 15:33:00,280,280,280,280,0
2022-05-26 15:34:00,280,280,280,280,0
2022-05-26 15:35:00,280,280,280,280,0
2022-05-26 15:36:00,280,280,280,280,0
2022-05-26 15:37:00,280,280,280,280,0
2022-05-26 15:38:00,280,280,280,280,0
2022-05-26 15:39:00,280,280,280,280,0
2022-05-26 15:40:00,280,280,280,280,0
2022-05-26 15:41:00,280,280,280,280,0
2022-05-26 15:42:00,280,280,280,280,0
2022-05-26 15:43:00,280,280,280,280,0
2022-05-26 15:44:00,280,280,280,280,0
2022-05-26 15:45:00,280,280,280,280,0
2022-05-26 15:46:00,280,280,280,280,0
2022-05-26 15:47:00,280,280,280,280,0
2022-05-26 15:48:00,280,280,280,280,0
2022-05-26 15:49:00,280,280,280,280,0
2022-05-26 15:50:00,280,280,280,280,0
2022-05-26 15:51:00,280,280,280,280,0
2022-05-26 15:52:00,280,280,280,280,0
2022-05-26 15:53:00,280,280,280,280,0
2022-05-26 15:54:00,280,280,280,280,0
2022-05-26 15:55:00,280,280,280,280,0
2022-05-26 15:56:00,280,280,280,280,0
2022-05-26 15:57:00,280,280,280,280,0
2022-05-26 15:58:00,280,280,280,280,0
2022-05-26 15:59:00,280,280,280,280,0
2022-05-27 09:00:00,280,280,280,280,0
2022-05-27 09:01:00,280,280,280,280,0
2022-05-27 09:02:00,280,280,280,280,0
2022-05-27 09:03:00,280,280,280,280,0
2022-05-27 09:04:00,280,280,280,280,0
2022-05-27 09:05:00,280,280,280,280,0
2022-05-27 09:06:00,280,280,280,280,0
2022-05-27 09:07:00,280,280,280,280,0
2022-05-27 09:08:00,280,280,280,280,0
2022-05-27 09:09:00,280,280,280,280,0
2022-05-27 09:10:00,280,280,280,280,0
2022-05-27 09:11:00,280,280,280,280,0
2022-05-27 09:12:00,280,280,280,280,0
2022-05-27 09:13:00,280,280,280,280,0
2022-05-27 09:14:00,280,280,280,280,0
2022-05-27 09:15:00,280,280,280,280,0
2022-05-27 09:16:00,280,280,280,280,0
2022-05-27 09:17:00,280,280,280,280,0
2022-05-27 09:18:00,280,280,280,280,0
2022-05-27 09:19:00,280,280,280,280,0
2022-05-27 09:20:00,280,280,280,280,0
2022-05-27 09:21:00,280,280,280,280,0
2022-05-27 09:22:00,280,280,280,280,0
2022-05-27 09:23:00,280,280,280,280,0
2022-05-27 09:24:00,280,280,280,280,0
2022-05-27 09:25:00,280,280,280,280,0
2022-05-27 09:26:00,280,280,280,280,0
2022-05-27 09:27:00,280,280,280,280,0
2022-05-27 09:28:00,280,280,280,280,0
2022-05-27 09:29:00,280,280,280,280,0
2022-05-27 09:30:00,280,280,280,280,0
2022-05-27 09:31:00,280,280,280,280,0
2022-05-27 09:32:00,280,280,280,280,0
2022-05-27 09:33:00,280,280,280,280,0
2022-05-27 09:34:00,280,280,280,280,0
2022-05-27 09:35:00,280,280,280,280,0
2022-05-27 09:36:00,280,280,280,280,0
2022-05-27 09:37:00,280,280,280,280,0
2022-05-27 09:38:00,280,280,280,280,0
2022-05-27 09:39:00,280,280,280,280,0
2022-05-27 09:40:00,280,280,280,280,0
2022-05-27 09:41:00,280,280,280,280,0
2022-05-27 09:42:00,280,280,280,280,0
2022-05-27 09:43:00,280,280,280,280,0
2022-05-27 09:44:00,280,280,280,280,0
2022-05-27 09:45:00,280,280,280,280,0
2022-05-27 09:46:00,280,280,280,280,0
2022-05-27 09:47:00,280,280,280,280,0
2022-05-27 09:48:00,280,280,280,280,0
2022-05-27 09:49:00,280,280,280,280,0
2022-05-27 09:50:00,280,280,280,280,0
2022-05-27 09:51:00,280,280,280,280,0
2022-05-27 09:52:00,280,280,280,280,0
2022-05-27 09:53:00,280,280,280,280,0
2022-05-27 09:54:00,280,280,280,280,0
2022-05-27 09:55:00,280,280,280,280,0
2022-05-27 09:56:00,280,280,280,280,0
2022-05-27 09:57:00,280,280,280,280,0
2022-05-27 09:58:00,280,280,280,280,0
2022-05-27 09:59:00,280,280,280,280,0
2022-05-27 10:00:00,280,280,280,280,0
2022-05-27 10:01:00,280,280,280,280,0
2022-05-27 10:02:00,280,280,280,280,0
2022-05-27 10:03:00,280,280,280,280,0
2022-05-27 10:04:00,280,280,280,280,0
2022-05-27 10:05:00,280,280,280,280,0
2022-05-27 10:06:00,280,280,280,280,0
2022-05-27 10:07:00,280,280,280,280,0
2022-05-27 10:08:00,280,280,280,280,0
2022-05-27 10:09:00,280,280,280,280,0
2022-05-27 10:10:00,280,280,280,280,0
2022-05-27 10:11:00,280,280,280,280,0
2022-05-27 10:12:00,280,280,280,280,0
2022-05-27 10:13:00,280,280,280,280,0
2022-05-27 10:14:00,280,280,280,280,0
2022-05-27 10:15:00,280,280,280,280,0
2022-05-27 10:16:00,280,280,280,280,0
2022-05-27 10:17:00,280,280,280,280,0
2022-05-27 10:18:00,280,280,280,280,0
2022-05-27 10:19:00,280,280,280,280,0
2022-05-27 10:20:00,280,280,280,280,0
2022-05-27 10:21:00,280,280,280,280,0
2022-05-27 10:22:00,280,280,280,280,0
2022-05-27 10:23:00,280,280,280,280,0
2022-05-27 10:24:00,280,280,280,280,0
2022-05-27 10:25:00,280,280,280,280,0
2022-05-27 10:26:00,280,280,280,280,0
2022-05-27 10:27:00,280,280,280,280,0
2022-05-27 10:28:00,280,280,280,280,0
2022-05-27 10:29:00,280,280,280,280,0
2022-05-27 10:30:00,280,280,280,280,0
2022-05-27 10:31:00,280,280,280,280,0
2022-05-27 10:32:00,280,280,280,280,0
2022-05-27 10:33:00,280,280,280,280,0
2022-05-27 10:34:00,280,280,280,280,0
2022-05-27 10:35:00,280,280,280,280,0
2022-05-27 10:36:00,280,280,280,280,0
2022-05-27 10:37:00,280,280,280,280,0
2022-05-27 10:38:00,280,280,280,280,0
2022-05-27 10:39:00,280,280,280,280,0
2022-05-27 10:40:00,280,280,280,280,0
2022-05-27 10:41:00,280,280,280,280,0
2022-05-27 10:42:00,280,280,280,280,0
2022-05-27 10:43:00,280,280,280,280,0
2022-05-27 10:44:00,280,280,280,280,0
2022-05-27 10:45:00,280,280,280,280,0
2022-05-27 10:46:00,280,280,280,280,0
2022-05-27 10:47:00,280,280,280,280,0
2022-05-27 10:48:00,280,280,280,280,0
2022-05-27 10:49:00,280,280,280,280,0
2022-05-27 10:50:00,280,280,280,280,0
2022-05-27 10:51:00,280,280,280,280,0
2022-05-27 10:52:00,280,280,280,280,0
2022-05-27 10:53:00,280,280,280,280,0
2022-05-27 10:54:00,280,280,280,280,0
2022-05-27 10:55:00,280,280,280,280,0
2022-05-27 10:56:00,280,280,280,280,0
2022-05-27 10:57:00,280,280,280,280,0
2022-05-27 10:58:00,280,280,280,280,0
2022-05-27 10:59:00,280,280,280,280,0
2022-05-27 11:00:00,280,280,280,280,0
2022-05-27 11:01:00,280,280,280,280,0
2022-05-27 11:02:00,280,280,280,280,0
2022-05-27 11:03:00,280,280,280,280,0
2022-05-27 11:04:00,280,280,280,280,0
2022-05-27 11:05:00,280,280,280,280,0
2022-05-27 11:06:00,280,280,280,280,0
2022-05-27 11:07:00,280,280,280,280,0
2022-05-27 11:08:00,280,280,280,280,0
2022-05-27 11:09:00,280,280,280,280,0
2022-05-27 11:10:00,280,280,280,280,0
2022-05-27 11:11:00,280,280,280,280,0
2022-05-27 11:12:00,280,280,280,280,0
2022-05-27 11:13:00,280,280,280,280,0
2022-05-27 11:14:00,280,280,280,280,0
2022-05-27 11:15:00,280,280,280,280,0
2022-05-27 11:16:00,280,280,280,280,0
2022-05-27 11:17:00,280,280,280,280,0
2022-05-27 11:18:00,280,280,280,280,0
2022-05-27 11:19:00,280,280,280,280,0
2022-05-27 11:20:00,280,280,280,280,0
2022-05-27 11:21:00,280,280,280,280,0
2022-05-27 11:22:00,280,280,280,280,0
2022-05-27 11:23:00,280,280,280,280,0
2022-05-27 11:24:00,280,280,280,280,0
2022-05-27 11:25:00,280,280,280,280,0
2022-05-27 11:26:00,280,280,280,280,0
2022-05-27 11:27:00,280,280,280,280,0
2022-05-27 11:28:00,280,280,280,280,0
2022-05-27 11:29:00,280,280,280,280,0
2022-05-27 11:30:00,280,280,280,280,0
2022-05-27 11:31:00,280,280,280,280,0
2022-05-27 11:32:00,280,280,280,280,0
2022-05-27 11:33:00,280,280,280,280,0
2022-05-27 11:34:00,280,280,280,280,0
2022-05-27 11:35:00,280,280,280,280,0
2022-05-27 11:36:00,280,280,280,280,0
2022-05-27 11:37:00,280,280,280,280,0
2022-05-27 11:38:00,280,280,280,280,0
2022-05-27 11:39:00,280,280,280,280,0
2022-05-27 11:40:00,280,280,280,280,0
2022-05-27 11:41:00,280,280,280,280,0
2022-05-27 11:42:00,280,280,280,280,0
2022-05-27 11:43:00,280,280,280,280,0
2022-05-27 11:44:00,280,280,280,280,0
2022-05-27 11:45:00,280,280,280,280,0
2022-05-27 11:46:00,280,280,280,280,0
2022-05-27 11:47:00,280,280,280,280,0
2022-05-27 11:48:00,280,280,280,280,0
2022-05-27 11:49:00,280,280,280,280,0
2022-05-27 11:50:00,280,280,280,280,0
2022-05-27 11:51:00,280,280,280,280,0
2022-05-27 11:52:00,280,280,280,280,0
2022-05-27 11:53:00,280,280,280,280,0
2022-05-27 11:54:00,280,280,280,280,0
2022-05-27 11:55:00,280,280,280,280,0
2022-05-27 11:56:00,280,280,280,280,0
2022-05-27 11:57:00,280,280,280,280,0
2022-05-27 11:58:00,280,280,280,280,0
2022-05-27 11:59:00,280,280,280,280,0
2022-05-27 12:00:00,280,280,280,280,0
2022-05-27 12:01:00,280,280,280,280,0
2022-05-27 12:02:00,280,280,280,280,0
2022-05-27 12:03:00,280,280,280,280,0
2022-05-27 12:04:00,280,280,280,280,0
2022-05-27 12:05:00,280,280,280,280,0
2022-05-27 12:06:00,280,280,280,280,0
2022-05-27 12:07:00,280,280,280,280,0
2022-05-27 12:08:00,280,280,280,280,0
2022-05-27 12:09:00,280,280,280,280,0
2022-05-27 12:10:00,280,280,280,280,0
2022-05-27 12:11:00,280,280,280,280,0
2022-05-27 12:12:00,280,280,280,280,0
2022-05-27 12:13:00,280,280,280,280,0
2022-05-27 12:14:00,280,280,280,280,0
2022-05-27 12:15:00,280,280,280,280,0
2022-05-27 12:16:00,280,280,280,280,0
2022-05-27 12:17:00,280,280,280,280,0
2022-05-27 12:18:00,280,280,280,280,0
2022-05-27 12:19:00,280,280,280,280,0
2022-05-27 12:20:00,280,280,280,280,0
2022-05-27 12:21:00,280,280,280,280,0
2022-05-27 12:22:00,280,280,280,280,0
2022-05-27 12:23:00,280,280,280,280,0
2022-05-27 12:24:00,280,280,280,280,0
2022-05-27 12:25:00,280,280,280,280,0
2022-05-27 12:26:00,280,280,280,280,0
2022-05-27 12:27:00,280,280,280,280,0
2022-05-27 12:28:00,280,280,280,280,0
2022-05-27 12:29:00,280,280,280,280,0
2022-05-27 12:30:00,280,280,280,280,0
2022-05-27 12:31:00,280,280,280,280,0
2022-05-27 12:32:00,280,280,280,280,0
2022-05-27 12:33:00,280,280,280,280,0
2022-05-27 12:34:00,280,280,280,280,0
2022-05-27 12:35:00,280,280,280,280,0
2022-05-27 12:36:00,280,280,280,280,0
2022-05-27 12:37:00,280,280,280,280,0
2022-05-27 12:38:00,280,280,280,280,0
2022-05-27 12:39:00,280,280,280,280,0
2022-05-27 12:40:00,280,280,280,280,0
2022-05-27 12:41:00,280,280,280,280,0
2022-05-27 12:42:00,280,280,280,280,0
2022-05-27 12:43:00,280,280,280,280,0
2022-05-27 12:44:00,280,280,280,280,0
2022-05-27 12:45:00,280,280,280,280,0
2022-05-27 12:46:00,280,280,280,280,0
2022-05-27 12:47:00,280,280,280,280,0
2022-05-27 12:48:00,280,280,280,280,0
2022-05-27 12:49:00,280,280,280,280,0
2022-05-27 12:50:00,280,280,280,280,0
2022-05-27 12:51:00,280,280,280,280,0
2022-05-27 12:52:00,280,280,280,280,0
2022-05-27 12:53:00,280,280,280,280,0
2022-05-27 12:54:00,280,280,280,280,0
2022-05-27 12:55:00,280,280,280,280,0
2022-05-27 12:56:00,280,280,280,280,0
2022-05-27 12:57:00,280,280,280,280,0
2022-05-27 12:58:00,280,280,280,280,0
2022-05-27 12:59:00,280,280,280,280,0
2022-05-27 13:00:00,280,280,280,280,0
2022-05-27 13:01:00,280,280,280,280,0
2022-05-27 13:02:00,280,280,280,280,0
2022-05-27 13:03:00,280,280,280,280,0
2022-05-27 13:04:00,280,280,280,280,0
2022-05-27 13:05:00,280,280,280,280,0
2022-05-27 13:06:00,280,280,280,280,0
2022-05-27 13:07:00,280,280,280,280,0
2022-05-27 13:08:00,280,280,280,280,0
2022-05-27 13:09:00,280,280,280,280,0
2022-05-27 13:10:00,280,280,280,280,0
2022-05-27 13:11:00,280,280,280,280,0
2022-05-27 13:12:00,280,280,280,280,0
2022-05-27 13:13:00,280,280,280,280,0
2022-05-27 13:14:00,280,280,280,280,0
2022-05-27 13:15:00,280,280,280,280,0
2022-05-27 13:16:00,280,280,280,280,0
2022-05-27 13:17:00,280,280,280,280,0
2022-05-27 13:18:00,280,280,280,280,0
2022-05-27 13:19:00,280,280,280,280,0
2022-05-27 13:20:00,280,280,280,280,0
2022-05-27 13:21:00,280,280,280,280,0
2022-05-27 13:22:00,280,280,280,280,0
2022-05-27 13:23:00,280,280,280,280,0
2022-05-27 13:24:00,280,280,280,280,0
2022-05-27 13:25:00,280,280,280,280,0
2022-05-27 13:26:00,280,280,280,280,0
2022-05-27 13:27:00,280,280,280,280,0
2022-05-27 13:28:00,280,280,280,280,0
2022-05-27 13:29:00,280,280,280,280,0
2022-05-27 13:30:00,280,280,280,280,0
2022-05-27 13:31:00,280,280,280,280,0
2022-05-27 13:32:00,280,280,280,280,0
2022-05-27 13:33:00,280,280,280,280,0
2022-05-27 13:34:00,280,280,280,280,0
2022-05-27 13:35:00,280,280,280,280,0
2022-05-27 13:36:00,280,280,280,280,0
2022-05-27 13:37:00,280,280,280,280,0
2022-05-27 13:38:00,280,280,280,280,0
2022-05-27 13:39:00,280,280,280,280,0
2022-05-27 13:40:00,280,280,280,280,0
2022-05-27 13:41:00,280,280,280,280,0
2022-05-27 13:42:00,280,280,280,280,0
2022-05-27 13:43:00,280,280,280,280,0
2022-05-27 13:44:00,280,280,280,280,0
2022-05-27 13:45:00,280,280,280,280,0
2022-05-27 13:46:00,280,280,280,280,0
2022-05-27 13:47:00,280,280,280,280,0
2022-05-27 13:48:00,280,280,280,280,0
2022-05-27 13:49:00,280,280,280,280,0
2022-05-27 13:50:00,280,280,280,280,0
2022-05-27 13:51:00,280,280,280,280,0
2022-05-27 13:52:00,280,280,280,280,0
2022-05-27 13:53:00,280,280,280,280,0
2022-05-27 13:54:00,280,280,280,280,0
2022-05-27 13:55:00,280,280,280,280,0
2022-05-27 13:56:00,280,280,280,280,0
2022-05-27 13:57:00,280,280,280,280,0
2022-05-27 13:58:00,280,280,280,280,0
2022-05-27 13:59:00,280,280,280,280,0
2022-05-27 14:00:00,280,280,280,280,0
2022-05-27 14:01:00,280,280,280,280,0
2022-05-27 14:02:00,280,280,280,280,0
2022-05-27 14:03:00,280,280,280,280,0
2022-05-27 14:04:00,280,280,280,280,0
2022-05-27 14:05:00,280,280,280,280,0
2022-05-27 14:06:00,280,280,280,280,0
2022-05-27 14:07:00,280,280,280,280,0
2022-05-27 14:08:00,280,280,280,280,0
2022-05-27 14:09:00,280,280,280,280,0
2022-05-27 14:10:00,280,280,280,280,0
2022-05-27 14:11:00,280,280,280,280,0
2022-05-27 14:12:00,280,280,280,280,0
2022-05-27 14:13:00,280,280,280,280,0
2022-05-27 14:14:00,280,280,280,280,0
2022-05-27 14:15:00,280,280,280,280,0
2022-05-27 14:16:00,280,280,280,280,0
2022-05-27 14:17:00,280,280,280,280,0
2022-05-27 14:18:00,280,280,280,280,0
2022-05-27 14:19:00,280,280,280,280,0
2022-05-27 14:20:00,280,280,280,280,0
2022-05-27 14:21:00,280,280,280,280,0
2022-05-27 14:22:00,280,280,280,280,0
2022-05-27 14:23:00,280,280,280,280,0
2022-05-27 14:24:00,280,280,280,280,0
2022-05-27 14:25:00,280,280,280,280,0
2022-05-27 14:26:00,280,280,280,280,0
2022-05-27 14:27:00,280,280,280,280,0
2022-05-27 14:28:00,280,280,280,280,0
2022-05-27 14:29:00,280,280,280,280,0
2022-05-27 14:30:00,280,280,280,280,0
2022-05-27 14:31:00,280,280,280,280,0
2022-05-27 14:32:00,280,280,280,280,0
2022-05-27 14:33:00,280,280,280,280,0
2022-05-27 14:34:00,280,280,280,280,0
2022-05-27 14:35:00,280,280,280,280,0
2022-05-27 14:36:00,280,280,280,280,0
2022-05-27 14:37:00,280,280,280,280,0
2022-05-27 14:38:00,280,280,280,280,0
2022-05-27 14:39:00,280,280,280,280,0
2022-05-27 14:40:00,280,280,280,280,0
2022-05-27 14:41:00,280,280,280,280,0
2022-05-27 14:42:00,280,280,280,280,0
2022-05-27 14:43:00,280,280,280,280,0
2022-05-27 14:44:00,280,280,280,280,0
2022-05-27 14:45:00,280,280,280,280,0
2022-05-27 14:46:00,280,280,280,280,0
2022-05-27 14:47:00,280,280,280,280,0
2022-05-27 14:48:00,280,280,280,280,0
2022-05-27 14:49:00,280,280,280,280,0
2022-05-27 14:50:00,280,280,280,280,0
2022-05-27 14:51:00,280,280,280,280,0
2022-05-27 14:52:00,280,280,280,280,0
2022-05-27 14:53:00,280,280,280,280,0
2022-05-27 14:54:00,280,280,280,280,0
2022-05-27 14:55:00,280,280,280,280,0
2022-05-27 14:56:00,280,280,280,280,0
2022-05-27 14:57:00,280,280,280,280,0
2022-05-27 14:58:00,280,280,280,280,0
2022-05-27 14:59:00,280,280,280,280,0
2022-05-27 15:00:00,280,280,280,280,0
2022-05-27 15:01:00,280,280,280,280,0
2022-05-27 15:02:00,280,280,280,280,0
2022-05-27 15:03:00,280,280,280,280,0
2022-05-27 15:04:00,280,280,280,280,0
2022-05-27 15:05:00,280,280,280,280,0
2022-05-27 15:06:00,280,280,280,280,0
2022-05-27 15:07:00,280,280,280,280,0
2022-05-27 15:08:00,280,280,280,280,0
2022-05-27 15:09:00,280,280,280,280,0
2022-05-27 15:10:00,280,280,280,280,0
2022-05-27 15:11:00,280,280,280,280,0
2022-05-27 15:12:00,280,280,280,280,0
2022-05-27 15:13:00,280,280,280,280,0
2022-05-27 15:14:00,280,280,280,280,0
2022-05-27 15:15:00,280,280,280,280,0
2022-05-27 15:16:00,280,280,280,280,0
2022-05-27 15:17:00,280,280,280,280,0
2022-05-27 15:18:00,280,280,280,280,0
2022-05-27 15:19:00,280,280,280,280,0
2022-05-27 15:20:00,280,280,280,280,0
2022-05-27 15:21:00,280,280,280,280,0
2022-05-27 15:22:00,280,280,280,280,0
2022-05-27 15:23:00,280,280,280,280,0
2022-05-27 15:24:00,280,280,280,280,0
2022-05-27 15:25:00,280,280,280,280,0
2022-05-27 15:26:00,280,280,280,280,0
2022-05-27 15:27:00,280,280,280,280,0
2022-05-27 15:28:00,280,280,280,280,0
2022-05-27 15:29:00,280,280,280,280,0
2022-05-27 15:30:00,280,280,280,280,0
2022-05-27 15:31:00,280,280,280,280,0
2022-05-27 15:32:00,280,280,280,280,0
2022-05-27 15:33:00,280,280,280,280,0
2022-05-27 15:34:00,280,280,280,280,0
2022-05-27 15:35:00,280,280,280,280,0
2022-05-27 15:36:00,280,280,280,280,0
2022-05-27 15:37:00,280,280,280,280,0
2022-05-27 15:38:00,280,280,280,280,0
2022-05-27 15:39:00,280,280,280,280,0
2022-05-27 15:40:00,280,280,280,280,0
2022-05-27 15:41:00,280,280,280,280,0
2022-05-27 15:42:00,280,280,280,280,0
2022-05-27 15:43:00,280,280,280,280,0
2022-05-27 15:44:00,280,280,280,280,0
2022-05-27 15:45:00,280,280,280,280,0
2022-05-27 15:46:00,280,280,280,280,0
2022-05-27 15:47:00,280,280,280,280,0
2022-05-27 15:48:00,280,280,280,280,0
2022-05-27 15:49:00,280,280,280,280,0
2022-05-27 15:50:00,280,280,280,280,0
2022-05-27 15:51:00,280,280,280,280,0
2022-05-27 15:52:00,280,280,280,280,0
2022-05-27 15:53:00,280,280,280,280,0
2022-05-27 15:54:00,280,280,280,280,0
2022-05-27 15:55:00,280,280,280,280,0
2022-05-27 15:56:00,280,280,280,280,0
2022-05-27 15:57:00,280,280,280,280,0
2022-05-27 15:58:00,280,280,280,280,0
2022-05-27 15:59:00,280,280,280,280,0
2022-05-30 09:00:00,228,228,228,228,0
2022-05-30 09:01:00,228,228,228,228,0
2022-05-30 09:02:00,238,238,238,238,0
2022-05-30 09:03:00,230,230,230,230,100
2022-05-30 09:04:00,230,230,230,230,0
2022-05-30 09:05:00,230,230,230,230,0
2022-05-30 09:06:00,230,230,230,230,0
2022-05-30 09:07:00,230,230,230,230,0
2022-05-30 09:08:00,230,230,230,230,0
2022-05-30 09:09:00,238,238,238,238,100
2022-05-30 09:10:00,238,238,238,238,200
2022-05-30 09:11:00,238,238,238,238,0
2022-05-30 09:12:00,238,238,238,238,100
2022-05-30 09:13:00,238,238,238,238,0
2022-05-30 09:14:00,238,238,238,238,0
2022-05-30 09:15:00,238,238,238,238,0
2022-05-30 09:16:00,238,238,238,238,100
2022-05-30 09:17:00,238,238,238,238,0
2022-05-30 09:18:00,238,238,238,238,100
2022-05-30 09:19:00,238,238,238,238,0
2022-05-30 09:20:00,238,238,238,238,0
2022-05-30 09:21:00,238,238,238,238,0
2022-05-30 09:22:00,238,238,238,238,0
2022-05-30 09:23:00,238,238,238,238,0
2022-05-30 09:24:00,238,238,238,238,0
2022-05-30 09:25:00,238,238,238,238,0
2022-05-30 09:26:00,238,238,238,238,0
2022-05-30 09:27:00,238,238,238,238,0
2022-05-30 09:28:00,238,238,238,238,0
2022-05-30 09:29:00,238,238,238,238,0
2022-05-30 09:30:00,240,240,240,240,100
2022-05-30 09:31:00,240,240,240,240,0
2022-05-30 09:32:00,240,240,240,240,0
2022-05-30 09:33:00,240,240,240,240,0
2022-05-30 09:34:00,240,240,240,240,0
2022-05-30 09:35:00,240,240,240,240,0
2022-05-30 09:36:00,240,240,240,240,0
2022-05-30 09:37:00,240,240,240,240,0
2022-05-30 09:38:00,240,240,240,240,0
2022-05-30 09:39:00,240,240,240,240,0
2022-05-30 09:40:00,240,240,240,240,0
2022-05-30 09:41:00,240,240,240,240,0
2022-05-30 09:42:00,240,240,240,240,0
2022-05-30 09:43:00,240,240,240,240,0
2022-05-30 09:44:00,240,240,240,240,0
2022-05-30 09:45:00,240,240,240,240,0
2022-05-30 09:46:00,240,240,240,240,0
2022-05-30 09:47:00,240,240,240,240,0
2022-05-30 09:48:00,242,242,242,242,100
2022-05-30 09:49:00,240,240,242,242,600
2022-05-30 09:50:00,240,240,242,242,0
2022-05-30 09:51:00,240,240,242,242,0
2022-05-30 09:52:00,240,240,242,242,0
2022-05-30 09:53:00,240,240,242,242,0
2022-05-30 09:54:00,240,240,242,242,0
2022-05-30 09:55:00,242,242,242,242,100
2022-05-30 09:56:00,242,242,242,242,0
2022-05-30 09:57:00,242,242,242,242,0
2022-05-30 09:58:00,242,242,242,242,0
2022-05-30 09:59:00,242,242,242,242,0
2022-05-30 10:00:00,242,242,242,242,0
2022-05-30 10:01:00,242,242,242,242,100
2022-05-30 10:02:00,242,242,242,242,0
2022-05-30 10:03:00,242,242,242,242,0
2022-05-30 10:04:00,242,242,242,242,0
2022-05-30 10:05:00,242,242,242,242,0
2022-05-30 10:06:00,242,242,242,242,0
2022-05-30 10:07:00,242,242,242,242,0
2022-05-30 10:08:00,242,242,242,242,100
2022-05-30 10:09:00,242,242,242,242,0
2022-05-30 10:10:00,242,242,242,242,0
2022-05-30 10:11:00,242,242,242,242,0
2022-05-30 10:12:00,242,242,242,242,0
2022-05-30 10:13:00,242,242,242,242,0
2022-05-30 10:14:00,242,242,242,242,0
2022-05-30 10:15:00,242,242,242,242,0
2022-05-30 10:16:00,242,242,242,242,0
2022-05-30 10:17:00,242,242,242,242,0
2022-05-30 10:18:00,242,242,242,242,0
2022-05-30 10:19:00,242,242,242,242,0
2022-05-30 10:20:00,242,242,242,242,0
2022-05-30 10:21:00,242,242,242,242,0
2022-05-30 10:22:00,242,242,242,242,0
2022-05-30 10:23:00,242,242,242,242,1900
2022-05-30 10:24:00,242,242,242,242,0
2022-05-30 10:25:00,242,242,242,242,0
2022-05-30 10:26:00,242,242,242,242,0
2022-05-30 10:27:00,242,242,242,242,0
2022-05-30 10:28:00,242,242,242,242,0
2022-05-30 10:29:00,242,242,242,242,0
2022-05-30 10:30:00,242,242,242,242,0
2022-05-30 10:31:00,242,242,242,242,0
2022-05-30 10:32:00,240,240,240,240,100
2022-05-30 10:33:00,240,240,240,240,0
2022-05-30 10:34:00,240,240,240,240,0
2022-05-30 10:35:00,240,240,240,240,0
2022-05-30 10:36:00,240,240,240,240,0
2022-05-30 10:37:00,240,240,240,240,0
2022-05-30 10:38:00,240,240,240,240,0
2022-05-30 10:39:00,244,244,244,244,100
2022-05-30 10:40:00,244,244,244,244,0
2022-05-30 10:41:00,244,244,244,244,0
2022-05-30 10:42:00,244,244,244,244,0
2022-05-30 10:43:00,244,244,244,244,100
2022-05-30 10:44:00,244,244,244,244,0
2022-05-30 10:45:00,244,244,244,244,0
2022-05-30 10:46:00,244,244,244,244,0
2022-05-30 10:47:00,244,244,244,244,0
2022-05-30 10:48:00,244,244,244,244,0
2022-05-30 10:49:00,244,244,244,244,0
2022-05-30 10:50:00,244,244,244,244,0
2022-05-30 10:51:00,244,244,244,244,0
2022-05-30 10:52:00,244,244,244,244,0
2022-05-30 10:53:00,244,244,244,244,0
2022-05-30 10:54:00,244,244,244,244,0
2022-05-30 10:55:00,244,244,244,244,0
2022-05-30 10:56:00,244,244,244,244,0
2022-05-30 10:57:00,244,244,244,244,0
2022-05-30 10:58:00,244,244,244,244,0
2022-05-30 10:59:00,244,244,244,244,0
2022-05-30 11:00:00,244,244,244,244,0
2022-05-30 11:01:00,244,244,244,244,0
2022-05-30 11:02:00,244,244,244,244,0
2022-05-30 11:03:00,244,244,244,244,0
2022-05-30 11:04:00,244,244,244,244,0
2022-05-30 11:05:00,244,244,244,244,0
2022-05-30 11:06:00,244,244,244,244,0
2022-05-30 11:07:00,244,244,244,244,0
2022-05-30 11:08:00,244,244,244,244,0
2022-05-30 11:09:00,244,244,244,244,0
2022-05-30 11:10:00,244,244,244,244,0
2022-05-30 11:11:00,244,244,244,244,0
2022-05-30 11:12:00,244,244,244,244,0
2022-05-30 11:13:00,244,244,244,244,0
2022-05-30 11:14:00,244,244,244,244,0
2022-05-30 11:15:00,244,244,244,244,0
2022-05-30 11:16:00,244,244,244,244,0
2022-05-30 11:17:00,244,244,244,244,0
2022-05-30 11:18:00,244,244,244,244,0
2022-05-30 11:19:00,244,244,244,244,0
2022-05-30 11:20:00,244,244,244,244,0
2022-05-30 11:21:00,244,244,244,244,0
2022-05-30 11:22:00,244,244,244,244,0
2022-05-30 11:23:00,244,244,244,244,0
2022-05-30 11:24:00,244,244,244,244,0
2022-05-30 11:25:00,244,244,244,244,100
2022-05-30 11:26:00,244,244,244,244,0
2022-05-30 11:27:00,244,244,244,244,0
2022-05-30 11:28:00,244,244,244,244,0
2022-05-30 11:29:00,244,244,244,244,0
2022-05-30 11:30:00,244,244,244,244,0
2022-05-30 11:31:00,244,244,244,244,0
2022-05-30 11:32:00,244,244,244,244,0
2022-05-30 11:33:00,244,244,244,244,0
2022-05-30 11:34:00,244,244,244,244,0
2022-05-30 11:35:00,244,244,244,244,0
2022-05-30 11:36:00,244,244,244,244,0
2022-05-30 11:37:00,244,244,244,244,0
2022-05-30 11:38:00,244,244,244,244,0
2022-05-30 11:39:00,244,244,244,244,0
2022-05-30 11:40:00,244,244,244,244,0
2022-05-30 11:41:00,244,244,244,244,0
2022-05-30 11:42:00,244,244,244,244,0
2022-05-30 11:43:00,244,244,244,244,0
2022-05-30 11:44:00,244,244,244,244,0
2022-05-30 11:45:00,244,244,244,244,0
2022-05-30 11:46:00,244,244,244,244,0
2022-05-30 11:47:00,244,244,244,244,0
2022-05-30 11:48:00,244,244,244,244,0
2022-05-30 11:49:00,244,244,244,244,0
2022-05-30 11:50:00,244,244,244,244,0
2022-05-30 11:51:00,244,244,244,244,0
2022-05-30 11:52:00,244,244,244,244,0
2022-05-30 11:53:00,244,244,244,244,0
2022-05-30 11:54:00,244,244,244,244,0
2022-05-30 11:55:00,244,244,244,244,0
2022-05-30 11:56:00,244,244,244,244,0
2022-05-30 11:57:00,244,244,244,244,0
2022-05-30 11:58:00,244,244,244,244,0
2022-05-30 11:59:00,244,244,244,244,0
2022-05-30 12:00:00,244,244,244,244,0
2022-05-30 12:01:00,244,244,244,244,0
2022-05-30 12:02:00,244,244,244,244,0
2022-05-30 12:03:00,244,244,244,244,0
2022-05-30 12:04:00,244,244,244,244,0
2022-05-30 12:05:00,244,244,244,244,0
2022-05-30 12:06:00,244,244,244,244,0
2022-05-30 12:07:00,244,244,244,244,0
2022-05-30 12:08:00,244,244,244,244,0
2022-05-30 12:09:00,244,244,244,244,0
2022-05-30 12:10:00,244,244,244,244,0
2022-05-30 12:11:00,244,244,244,244,0
2022-05-30 12:12:00,244,244,244,244,0
2022-05-30 12:13:00,244,244,244,244,0
2022-05-30 12:14:00,244,244,244,244,0
2022-05-30 12:15:00,244,244,244,244,0
2022-05-30 12:16:00,244,244,244,244,0
2022-05-30 12:17:00,244,244,244,244,0
2022-05-30 12:18:00,244,244,244,244,0
2022-05-30 12:19:00,244,244,244,244,0
2022-05-30 12:20:00,244,244,244,244,0
2022-05-30 12:21:00,244,244,244,244,0
2022-05-30 12:22:00,244,244,244,244,0
2022-05-30 12:23:00,244,244,244,244,0
2022-05-30 12:24:00,244,244,244,244,0
2022-05-30 12:25:00,244,244,244,244,0
2022-05-30 12:26:00,244,244,244,244,0
2022-05-30 12:27:00,244,244,244,244,0
2022-05-30 12:28:00,244,244,244,244,0
2022-05-30 12:29:00,244,244,244,244,0
2022-05-30 12:30:00,244,244,244,244,0
2022-05-30 12:31:00,244,244,244,244,0
2022-05-30 12:32:00,244,244,244,244,0
2022-05-30 12:33:00,244,244,244,244,0
2022-05-30 12:34:00,244,244,244,244,0
2022-05-30 12:35:00,244,244,244,244,0
2022-05-30 12:36:00,244,244,244,244,0
2022-05-30 12:37:00,244,244,244,244,0
2022-05-30 12:38:00,244,244,244,244,0
2022-05-30 12:39:00,244,244,244,244,0
2022-05-30 12:40:00,244,244,244,244,0
2022-05-30 12:41:00,244,244,244,244,0
2022-05-30 12:42:00,244,244,244,244,0
2022-05-30 12:43:00,244,244,244,244,0
2022-05-30 12:44:00,244,244,244,244,0
2022-05-30 12:45:00,244,244,244,244,0
2022-05-30 12:46:00,244,244,244,244,0
2022-05-30 12:47:00,244,244,244,244,0
2022-05-30 12:48:00,244,244,244,244,0
2022-05-30 12:49:00,244,244,244,244,0
2022-05-30 12:50:00,244,244,244,244,0
2022-05-30 12:51:00,244,244,244,244,0
2022-05-30 12:52:00,244,244,244,244,0
2022-05-30 12:53:00,244,244,244,244,0
2022-05-30 12:54:00,244,244,244,244,0
2022-05-30 12:55:00,244,244,244,244,0
2022-05-30 12:56:00,244,244,244,244,0
2022-05-30 12:57:00,244,244,244,244,0
2022-05-30 12:58:00,244,244,244,244,0
2022-05-30 12:59:00,244,244,244,244,0
2022-05-30 13:00:00,244,244,244,244,0
2022-05-30 13:01:00,244,244,244,244,0
2022-05-30 13:02:00,244,244,244,244,0
2022-05-30 13:03:00,244,244,244,244,0
2022-05-30 13:04:00,244,244,244,244,0
2022-05-30 13:05:00,244,244,244,244,0
2022-05-30 13:06:00,244,244,244,244,0
2022-05-30 13:07:00,244,244,244,244,0
2022-05-30 13:08:00,244,244,244,244,0
2022-05-30 13:09:00,244,244,244,244,0
2022-05-30 13:10:00,244,244,244,244,0
2022-05-30 13:11:00,244,244,244,244,0
2022-05-30 13:12:00,244,244,244,244,0
2022-05-30 13:13:00,244,244,244,244,0
2022-05-30 13:14:00,244,244,244,244,0
2022-05-30 13:15:00,244,244,244,244,0
2022-05-30 13:16:00,244,244,244,244,0
2022-05-30 13:17:00,244,244,244,244,0
2022-05-30 13:18:00,244,244,244,244,0
2022-05-30 13:19:00,244,244,244,244,0
2022-05-30 13:20:00,244,244,244,244,0
2022-05-30 13:21:00,244,244,244,244,0
2022-05-30 13:22:00,244,244,244,244,0
2022-05-30 13:23:00,244,244,244,244,0
2022-05-30 13:24:00,244,244,244,244,0
2022-05-30 13:25:00,244,244,244,244,0
2022-05-30 13:26:00,244,244,244,244,0
2022-05-30 13:27:00,244,244,244,244,0
2022-05-30 13:28:00,244,244,244,244,0
2022-05-30 13:29:00,244,244,244,244,0
2022-05-30 13:30:00,244,244,244,244,0
2022-05-30 13:31:00,244,244,244,244,0
2022-05-30 13:32:00,244,244,244,244,0
2022-05-30 13:33:00,244,244,244,244,0
2022-05-30 13:34:00,244,244,244,244,0
2022-05-30 13:35:00,244,244,244,244,0
2022-05-30 13:36:00,244,244,244,244,0
2022-05-30 13:37:00,244,244,244,244,0
2022-05-30 13:38:00,244,244,244,244,0
2022-05-30 13:39:00,244,244,244,244,0
2022-05-30 13:40:00,244,244,244,244,0
2022-05-30 13:41:00,244,244,244,244,0
2022-05-30 13:42:00,244,244,244,244,0
2022-05-30 13:43:00,244,244,244,244,0
2022-05-30 13:44:00,244,244,244,244,0
2022-05-30 13:45:00,244,244,244,244,0
2022-05-30 13:46:00,244,244,244,244,0
2022-05-30 13:47:00,244,244,244,244,0
2022-05-30 13:48:00,244,244,244,244,0
2022-05-30 13:49:00,244,244,244,244,0
2022-05-30 13:50:00,244,244,244,244,0
2022-05-30 13:51:00,244,244,244,244,0
2022-05-30 13:52:00,244,244,244,244,0
2022-05-30 13:53:00,244,244,244,244,0
2022-05-30 13:54:00,244,244,244,244,0
2022-05-30 13:55:00,244,244,244,244,0
2022-05-30 13:56:00,244,244,244,244,0
2022-05-30 13:57:00,244,244,244,244,0
2022-05-30 13:58:00,244,244,244,244,0
2022-05-30 13:59:00,244,244,244,244,0
2022-05-30 14:00:00,244,244,244,244,0
2022-05-30 14:01:00,244,244,244,244,0
2022-05-30 14:02:00,244,244,244,244,0
2022-05-30 14:03:00,244,244,244,244,0
2022-05-30 14:04:00,244,244,244,244,0
2022-05-30 14:05:00,244,244,244,244,0
2022-05-30 14:06:00,244,244,244,244,0
2022-05-30 14:07:00,244,244,244,244,0
2022-05-30 14:08:00,244,244,244,244,0
2022-05-30 14:09:00,244,244,244,244,0
2022-05-30 14:10:00,244,244,244,244,0
2022-05-30 14:11:00,244,244,244,244,0
2022-05-30 14:12:00,244,244,244,244,0
2022-05-30 14:13:00,244,244,244,244,0
2022-05-30 14:14:00,244,244,244,244,0
2022-05-30 14:15:00,244,244,244,244,0
2022-05-30 14:16:00,244,244,244,244,0
2022-05-30 14:17:00,244,244,244,244,0
2022-05-30 14:18:00,240,240,240,240,1000
2022-05-30 14:19:00,240,240,240,240,700
2022-05-30 14:20:00,240,240,240,240,0
2022-05-30 14:21:00,240,240,240,240,0
2022-05-30 14:22:00,240,240,240,240,100
2022-05-30 14:23:00,240,240,240,240,0
2022-05-30 14:24:00,240,240,240,240,0
2022-05-30 14:25:00,240,240,240,240,0
2022-05-30 14:26:00,240,240,240,240,0
2022-05-30 14:27:00,240,240,240,240,0
2022-05-30 14:28:00,240,240,240,240,0
2022-05-30 14:29:00,240,240,240,240,0
2022-05-30 14:30:00,240,240,240,240,0
2022-05-30 14:31:00,240,240,240,240,0
2022-05-30 14:32:00,240,240,240,240,0
2022-05-30 14:33:00,240,240,240,240,0
2022-05-30 14:34:00,240,240,240,240,0
2022-05-30 14:35:00,240,240,240,240,0
2022-05-30 14:36:00,240,240,240,240,0
2022-05-30 14:37:00,240,240,240,240,0
2022-05-30 14:38:00,240,240,240,240,0
2022-05-30 14:39:00,240,240,240,240,0
2022-05-30 14:40:00,240,240,240,240,0
2022-05-30 14:41:00,240,240,240,240,0
2022-05-30 14:42:00,240,240,240,240,0
2022-05-30 14:43:00,240,240,240,240,0
2022-05-30 14:44:00,240,240,240,240,0
2022-05-30 14:45:00,240,240,240,240,0
2022-05-30 14:46:00,240,240,240,240,0
2022-05-30 14:47:00,240,240,240,240,0
2022-05-30 14:48:00,240,240,240,240,0
2022-05-30 14:49:00,240,240,240,240,0
2022-05-30 14:50:00,240,240,240,240,0
2022-05-30 14:51:00,240,240,240,240,0
2022-05-30 14:52:00,240,240,240,240,0
2022-05-30 14:53:00,240,240,240,240,0
2022-05-30 14:54:00,240,240,240,240,0
2022-05-30 14:55:00,240,240,240,240,0
2022-05-30 14:56:00,240,240,240,240,0
2022-05-30 14:57:00,240,240,240,240,0
2022-05-30 14:58:00,240,240,240,240,0
2022-05-30 14:59:00,240,240,240,240,0
2022-05-30 15:00:00,244,244,244,244,7000
2022-05-30 15:01:00,244,244,244,244,0
2022-05-30 15:02:00,244,244,244,244,0
2022-05-30 15:03:00,244,244,244,244,0
2022-05-30 15:04:00,244,244,244,244,0
2022-05-30 15:05:00,244,244,244,244,0
2022-05-30 15:06:00,244,244,244,244,0
2022-05-30 15:07:00,244,244,244,244,0
2022-05-30 15:08:00,244,244,244,244,0
2022-05-30 15:09:00,244,244,244,244,0
2022-05-30 15:10:00,244,244,244,244,0
2022-05-30 15:11:00,244,244,244,244,0
2022-05-30 15:12:00,244,244,244,244,0
2022-05-30 15:13:00,244,244,244,244,0
2022-05-30 15:14:00,244,244,244,244,0
2022-05-30 15:15:00,244,244,244,244,0
2022-05-30 15:16:00,244,244,244,244,0
2022-05-30 15:17:00,244,244,244,244,0
2022-05-30 15:18:00,244,244,244,244,0
2022-05-30 15:19:00,244,244,244,244,0
2022-05-30 15:20:00,244,244,244,244,0
2022-05-30 15:21:00,244,244,244,244,0
2022-05-30 15:22:00,244,244,244,244,0
2022-05-30 15:23:00,244,244,244,244,0
2022-05-30 15:24:00,244,244,244,244,0
2022-05-30 15:25:00,244,244,244,244,0
2022-05-30 15:26:00,244,244,244,244,0
2022-05-30 15:27:00,244,244,244,244,0
2022-05-30 15:28:00,244,244,244,244,0
2022-05-30 15:29:00,244,244,244,244,0
2022-05-30 15:30:00,244,244,244,244,0
2022-05-30 15:31:00,244,244,244,244,0
2022-05-30 15:32:00,244,244,244,244,0
2022-05-30 15:33:00,244,244,244,244,0
2022-05-30 15:34:00,244,244,244,244,0
2022-05-30 15:35:00,244,244,244,244,0
2022-05-30 15:36:00,244,244,244,244,0
2022-05-30 15:37:00,244,244,244,244,0
2022-05-30 15:38:00,244,244,244,244,0
2022-05-30 15:39:00,244,244,244,244,0
2022-05-30 15:40:00,244,244,244,244,0
2022-05-30 15:41:00,244,244,244,244,0
2022-05-30 15:42:00,244,244,244,244,0
2022-05-30 15:43:00,244,244,244,244,0
2022-05-30 15:44:00,244,244,244,244,0
2022-05-30 15:45:00,244,244,244,244,0
2022-05-30 15:46:00,244,244,244,244,0
2022-05-30 15:47:00,244,244,244,244,0
2022-05-30 15:48:00,244,244,244,244,0
2022-05-30 15:49:00,244,244,244,244,0
2022-05-30 15:50:00,244,244,244,244,0
2022-05-30 15:51:00,244,244,244,244,0
2022-05-30 15:52:00,244,244,244,244,0
2022-05-30 15:53:00,244,244,244,244,0
2022-05-30 15:54:00,244,244,244,244,0
2022-05-30 15:55:00,244,244,244,244,0
2022-05-30 15:56:00,244,244,244,244,0
2022-05-30 15:57:00,244,244,244,244,0
2022-05-30 15:58:00,244,244,244,244,0
2022-05-30 15:59:00,244,244,244,244,0
2022-05-31 09:00:00,246,246,246,246,0
2022-05-31 09:01:00,246,246,246,246,0
2022-05-31 09:02:00,246,246,246,246,0
2022-05-31 09:03:00,246,246,246,246,0
2022-05-31 09:04:00,246,246,246,246,0
2022-05-31 09:05:00,246,246,246,246,0
2022-05-31 09:06:00,250,250,250,250,100
2022-05-31 09:07:00,250,250,250,250,0
2022-05-31 09:08:00,250,250,250,250,300
2022-05-31 09:09:00,254,254,254,254,100
2022-05-31 09:10:00,254,254,254,254,0
2022-05-31 09:11:00,254,254,254,254,0
2022-05-31 09:12:00,254,254,254,254,0
2022-05-31 09:13:00,254,254,254,254,0
2022-05-31 09:14:00,254,254,254,254,0
2022-05-31 09:15:00,254,254,254,254,0
2022-05-31 09:16:00,246,246,246,246,100
2022-05-31 09:17:00,246,246,246,246,0
2022-05-31 09:18:00,246,246,246,246,0
2022-05-31 09:19:00,246,246,246,246,0
2022-05-31 09:20:00,246,246,246,246,0
2022-05-31 09:21:00,246,246,246,246,0
2022-05-31 09:22:00,246,246,246,246,0
2022-05-31 09:23:00,246,246,246,246,0
2022-05-31 09:24:00,246,246,246,246,0
2022-05-31 09:25:00,246,246,246,246,0
2022-05-31 09:26:00,246,246,246,246,0
2022-05-31 09:27:00,246,246,246,246,0
2022-05-31 09:28:00,246,246,246,246,0
2022-05-31 09:29:00,246,246,246,246,0
2022-05-31 09:30:00,246,246,246,246,0
2022-05-31 09:31:00,246,246,246,246,0
2022-05-31 09:32:00,244,244,244,244,2100
2022-05-31 09:33:00,244,244,244,244,400
2022-05-31 09:34:00,244,244,244,244,0
2022-05-31 09:35:00,244,244,244,244,0
2022-05-31 09:36:00,244,244,244,244,0
2022-05-31 09:37:00,244,244,244,244,0
2022-05-31 09:38:00,244,244,244,244,0
2022-05-31 09:39:00,244,244,244,244,0
2022-05-31 09:40:00,244,244,244,244,0
2022-05-31 09:41:00,244,244,244,244,0
2022-05-31 09:42:00,244,244,244,244,0
2022-05-31 09:43:00,244,244,244,244,0
2022-05-31 09:44:00,244,244,244,244,0
2022-05-31 09:45:00,244,244,244,244,0
2022-05-31 09:46:00,244,244,244,244,0
2022-05-31 09:47:00,244,244,244,244,0
2022-05-31 09:48:00,244,244,244,244,10000
2022-05-31 09:49:00,244,244,244,244,0
2022-05-31 09:50:00,244,244,244,244,0
2022-05-31 09:51:00,244,244,244,244,0
2022-05-31 09:52:00,244,244,244,244,0
2022-05-31 09:53:00,244,244,244,244,0
2022-05-31 09:54:00,244,244,244,244,0
2022-05-31 09:55:00,244,244,244,244,0
2022-05-31 09:56:00,244,244,244,244,0
2022-05-31 09:57:00,244,244,244,244,0
2022-05-31 09:58:00,244,244,244,244,0
2022-05-31 09:59:00,244,244,244,244,0
2022-05-31 10:00:00,244,244,244,244,0
2022-05-31 10:01:00,244,244,244,244,0
2022-05-31 10:02:00,244,244,244,244,0
2022-05-31 10:03:00,244,244,244,244,0
2022-05-31 10:04:00,244,244,244,244,0
2022-05-31 10:05:00,244,244,244,244,0
2022-05-31 10:06:00,244,244,244,244,0
2022-05-31 10:07:00,244,244,244,244,0
2022-05-31 10:08:00,244,244,244,244,0
2022-05-31 10:09:00,244,244,244,244,0
2022-05-31 10:10:00,244,244,244,244,0
2022-05-31 10:11:00,244,244,244,244,0
2022-05-31 10:12:00,244,244,244,244,0
2022-05-31 10:13:00,246,246,246,246,100
2022-05-31 10:14:00,246,246,246,246,0
2022-05-31 10:15:00,246,246,246,246,0
2022-05-31 10:16:00,246,246,246,246,0
2022-05-31 10:17:00,246,246,246,246,0
2022-05-31 10:18:00,244,244,244,244,600
2022-05-31 10:19:00,244,244,244,244,0
2022-05-31 10:20:00,244,244,244,244,0
2022-05-31 10:21:00,244,244,244,244,0
2022-05-31 10:22:00,244,244,244,244,0
2022-05-31 10:23:00,244,244,244,244,0
2022-05-31 10:24:00,244,244,244,244,0
2022-05-31 10:25:00,244,244,244,244,0
2022-05-31 10:26:00,244,244,244,244,0
2022-05-31 10:27:00,244,244,244,244,0
2022-05-31 10:28:00,244,244,244,244,0
2022-05-31 10:29:00,244,244,244,244,0
2022-05-31 10:30:00,244,244,244,244,0
2022-05-31 10:31:00,254,254,254,254,100
2022-05-31 10:32:00,254,254,254,254,0
2022-05-31 10:33:00,254,254,254,254,0
2022-05-31 10:34:00,254,254,254,254,0
2022-05-31 10:35:00,254,254,254,254,0
2022-05-31 10:36:00,254,254,254,254,0
2022-05-31 10:37:00,254,254,254,254,0
2022-05-31 10:38:00,254,254,254,254,0
2022-05-31 10:39:00,254,254,254,254,0
2022-05-31 10:40:00,254,254,254,254,0
2022-05-31 10:41:00,254,254,254,254,0
2022-05-31 10:42:00,254,254,254,254,0
2022-05-31 10:43:00,254,254,254,254,0
2022-05-31 10:44:00,254,254,254,254,0
2022-05-31 10:45:00,254,254,254,254,0
2022-05-31 10:46:00,254,254,254,254,0
2022-05-31 10:47:00,254,254,254,254,0
2022-05-31 10:48:00,254,254,254,254,0
2022-05-31 10:49:00,254,254,254,254,2100
2022-05-31 10:50:00,254,254,254,254,0
2022-05-31 10:51:00,254,254,254,254,0
2022-05-31 10:52:00,254,254,254,254,0
2022-05-31 10:53:00,254,254,254,254,0
2022-05-31 10:54:00,254,254,254,254,0
2022-05-31 10:55:00,254,254,254,254,0
2022-05-31 10:56:00,254,254,254,254,0
2022-05-31 10:57:00,254,254,254,254,0
2022-05-31 10:58:00,254,254,254,254,100
2022-05-31 10:59:00,254,254,254,254,1000
2022-05-31 11:00:00,254,254,254,254,0
2022-05-31 11:01:00,254,254,254,254,0
2022-05-31 11:02:00,254,254,254,254,0
2022-05-31 11:03:00,254,254,254,254,0
2022-05-31 11:04:00,254,254,254,254,0
2022-05-31 11:05:00,254,254,254,254,0
2022-05-31 11:06:00,254,254,254,254,400
2022-05-31 11:07:00,254,254,254,254,0
2022-05-31 11:08:00,254,254,254,254,3700
2022-05-31 11:09:00,254,254,254,254,0
2022-05-31 11:10:00,254,254,254,254,0
2022-05-31 11:11:00,254,254,254,254,0
2022-05-31 11:12:00,254,254,254,254,0
2022-05-31 11:13:00,254,254,254,254,0
2022-05-31 11:14:00,254,254,254,254,0
2022-05-31 11:15:00,254,254,254,254,0
2022-05-31 11:16:00,254,254,254,254,0
2022-05-31 11:17:00,254,254,254,254,0
2022-05-31 11:18:00,254,254,254,254,0
2022-05-31 11:19:00,254,254,254,254,0
2022-05-31 11:20:00,254,254,254,254,0
2022-05-31 11:21:00,254,254,254,254,0
2022-05-31 11:22:00,254,254,254,254,0
2022-05-31 11:23:00,254,254,254,254,0
2022-05-31 11:24:00,254,254,254,254,0
2022-05-31 11:25:00,254,254,254,254,0
2022-05-31 11:26:00,254,254,254,254,0
2022-05-31 11:27:00,254,254,254,254,0
2022-05-31 11:28:00,254,254,254,254,0
2022-05-31 11:29:00,254,254,254,254,0
2022-05-31 11:30:00,254,254,254,254,0
2022-05-31 11:31:00,254,254,254,254,0
2022-05-31 11:32:00,254,254,254,254,0
2022-05-31 11:33:00,254,254,254,254,0
2022-05-31 11:34:00,254,254,254,254,0
2022-05-31 11:35:00,254,254,254,254,0
2022-05-31 11:36:00,254,254,254,254,0
2022-05-31 11:37:00,254,254,254,254,0
2022-05-31 11:38:00,254,254,254,254,0
2022-05-31 11:39:00,254,254,254,254,0
2022-05-31 11:40:00,254,254,254,254,0
2022-05-31 11:41:00,254,254,254,254,0
2022-05-31 11:42:00,254,254,254,254,0
2022-05-31 11:43:00,254,254,254,254,0
2022-05-31 11:44:00,254,254,254,254,0
2022-05-31 11:45:00,254,254,254,254,0
2022-05-31 11:46:00,254,254,254,254,0
2022-05-31 11:47:00,254,254,254,254,0
2022-05-31 11:48:00,254,254,254,254,0
2022-05-31 11:49:00,254,254,254,254,0
2022-05-31 11:50:00,254,254,254,254,0
2022-05-31 11:51:00,254,254,254,254,0
2022-05-31 11:52:00,254,254,254,254,0
2022-05-31 11:53:00,254,254,254,254,0
2022-05-31 11:54:00,254,254,254,254,0
2022-05-31 11:55:00,254,254,254,254,0
2022-05-31 11:56:00,254,254,254,254,0
2022-05-31 11:57:00,254,254,254,254,0
2022-05-31 11:58:00,254,254,254,254,0
2022-05-31 11:59:00,254,254,254,254,0
2022-05-31 12:00:00,254,254,254,254,0
2022-05-31 12:01:00,254,254,254,254,0
2022-05-31 12:02:00,254,254,254,254,0
2022-05-31 12:03:00,254,254,254,254,0
2022-05-31 12:04:00,254,254,254,254,0
2022-05-31 12:05:00,254,254,254,254,0
2022-05-31 12:06:00,254,254,254,254,0
2022-05-31 12:07:00,254,254,254,254,0
2022-05-31 12:08:00,254,254,254,254,0
2022-05-31 12:09:00,254,254,254,254,0
2022-05-31 12:10:00,254,254,254,254,0
2022-05-31 12:11:00,254,254,254,254,0
2022-05-31 12:12:00,254,254,254,254,0
2022-05-31 12:13:00,254,254,254,254,0
2022-05-31 12:14:00,254,254,254,254,0
2022-05-31 12:15:00,254,254,254,254,0
2022-05-31 12:16:00,254,254,254,254,0
2022-05-31 12:17:00,254,254,254,254,0
2022-05-31 12:18:00,254,254,254,254,0
2022-05-31 12:19:00,254,254,254,254,0
2022-05-31 12:20:00,254,254,254,254,0
2022-05-31 12:21:00,254,254,254,254,0
2022-05-31 12:22:00,254,254,254,254,0
2022-05-31 12:23:00,254,254,254,254,0
2022-05-31 12:24:00,254,254,254,254,0
2022-05-31 12:25:00,254,254,254,254,0
2022-05-31 12:26:00,254,254,254,254,0
2022-05-31 12:27:00,254,254,254,254,0
2022-05-31 12:28:00,254,254,254,254,0
2022-05-31 12:29:00,254,254,254,254,0
2022-05-31 12:30:00,254,254,254,254,0
2022-05-31 12:31:00,254,254,254,254,0
2022-05-31 12:32:00,254,254,254,254,0
2022-05-31 12:33:00,254,254,254,254,0
2022-05-31 12:34:00,254,254,254,254,0
2022-05-31 12:35:00,254,254,254,254,0
2022-05-31 12:36:00,254,254,254,254,0
2022-05-31 12:37:00,254,254,254,254,0
2022-05-31 12:38:00,254,254,254,254,0
2022-05-31 12:39:00,254,254,254,254,0
2022-05-31 12:40:00,254,254,254,254,0
2022-05-31 12:41:00,254,254,254,254,0
2022-05-31 12:42:00,254,254,254,254,0
2022-05-31 12:43:00,254,254,254,254,0
2022-05-31 12:44:00,254,254,254,254,0
2022-05-31 12:45:00,254,254,254,254,0
2022-05-31 12:46:00,254,254,254,254,0
2022-05-31 12:47:00,254,254,254,254,0
2022-05-31 12:48:00,254,254,254,254,0
2022-05-31 12:49:00,254,254,254,254,0
2022-05-31 12:50:00,254,254,254,254,0
2022-05-31 12:51:00,254,254,254,254,0
2022-05-31 12:52:00,254,254,254,254,0
2022-05-31 12:53:00,254,254,254,254,0
2022-05-31 12:54:00,254,254,254,254,0
2022-05-31 12:55:00,254,254,254,254,0
2022-05-31 12:56:00,254,254,254,254,0
2022-05-31 12:57:00,254,254,254,254,0
2022-05-31 12:58:00,254,254,254,254,0
2022-05-31 12:59:00,254,254,254,254,0
2022-05-31 13:00:00,254,254,254,254,0
2022-05-31 13:01:00,254,254,254,254,0
2022-05-31 13:02:00,254,254,254,254,0
2022-05-31 13:03:00,254,254,254,254,0
2022-05-31 13:04:00,254,254,254,254,0
2022-05-31 13:05:00,254,254,254,254,0
2022-05-31 13:06:00,254,254,254,254,0
2022-05-31 13:07:00,254,254,254,254,0
2022-05-31 13:08:00,254,254,254,254,0
2022-05-31 13:09:00,254,254,254,254,0
2022-05-31 13:10:00,254,254,254,254,0
2022-05-31 13:11:00,254,254,254,254,0
2022-05-31 13:12:00,254,254,254,254,0
2022-05-31 13:13:00,254,254,254,254,0
2022-05-31 13:14:00,254,254,254,254,0
2022-05-31 13:15:00,254,254,254,254,0
2022-05-31 13:16:00,254,254,254,254,0
2022-05-31 13:17:00,254,254,254,254,0
2022-05-31 13:18:00,254,254,254,254,0
2022-05-31 13:19:00,254,254,254,254,0
2022-05-31 13:20:00,254,254,254,254,0
2022-05-31 13:21:00,254,254,254,254,0
2022-05-31 13:22:00,254,254,254,254,0
2022-05-31 13:23:00,254,254,254,254,0
2022-05-31 13:24:00,254,254,254,254,0
2022-05-31 13:25:00,254,254,254,254,0
2022-05-31 13:26:00,254,254,254,254,0
2022-05-31 13:27:00,254,254,254,254,0
2022-05-31 13:28:00,254,254,254,254,0
2022-05-31 13:29:00,254,254,254,254,0
2022-05-31 13:30:00,252,252,256,256,11400
2022-05-31 13:31:00,258,258,258,258,100
2022-05-31 13:32:00,258,258,258,258,0
2022-05-31 13:33:00,258,258,258,258,0
2022-05-31 13:34:00,258,258,258,258,0
2022-05-31 13:35:00,258,258,258,258,0
2022-05-31 13:36:00,258,258,258,258,0
2022-05-31 13:37:00,258,258,258,258,0
2022-05-31 13:38:00,258,258,258,258,0
2022-05-31 13:39:00,258,258,258,258,0
2022-05-31 13:40:00,258,258,258,258,0
2022-05-31 13:41:00,258,258,258,258,0
2022-05-31 13:42:00,258,258,258,258,0
2022-05-31 13:43:00,258,258,258,258,0
2022-05-31 13:44:00,258,258,258,258,0
2022-05-31 13:45:00,258,258,258,258,0
2022-05-31 13:46:00,258,258,258,258,1100
2022-05-31 13:47:00,258,258,258,258,0
2022-05-31 13:48:00,254,254,254,254,200
2022-05-31 13:49:00,254,254,254,254,0
2022-05-31 13:50:00,254,254,254,254,0
2022-05-31 13:51:00,254,254,254,254,0
2022-05-31 13:52:00,254,254,254,254,0
2022-05-31 13:53:00,254,254,254,254,0
2022-05-31 13:54:00,254,254,254,254,0
2022-05-31 13:55:00,254,254,254,254,0
2022-05-31 13:56:00,254,254,254,254,0
2022-05-31 13:57:00,254,254,254,254,0
2022-05-31 13:58:00,254,254,254,254,100
2022-05-31 13:59:00,254,254,254,254,0
2022-05-31 14:00:00,254,254,254,254,0
2022-05-31 14:01:00,254,254,254,254,0
2022-05-31 14:02:00,254,254,254,254,1000
2022-05-31 14:03:00,254,254,254,254,0
2022-05-31 14:04:00,254,254,254,254,0
2022-05-31 14:05:00,254,254,254,254,0
2022-05-31 14:06:00,254,254,254,254,1100
2022-05-31 14:07:00,254,254,254,254,0
2022-05-31 14:08:00,254,254,254,254,0
2022-05-31 14:09:00,254,254,254,254,1900
2022-05-31 14:10:00,254,254,254,254,0
2022-05-31 14:11:00,254,254,254,254,0
2022-05-31 14:12:00,254,254,254,254,0
2022-05-31 14:13:00,254,254,254,254,0
2022-05-31 14:14:00,254,254,254,254,0
2022-05-31 14:15:00,254,254,254,254,0
2022-05-31 14:16:00,254,254,254,254,0
2022-05-31 14:17:00,254,254,254,254,0
2022-05-31 14:18:00,254,254,254,254,0
2022-05-31 14:19:00,254,254,254,254,0
2022-05-31 14:20:00,254,254,254,254,0
2022-05-31 14:21:00,254,254,254,254,0
2022-05-31 14:22:00,254,254,254,254,0
2022-05-31 14:23:00,254,254,254,254,0
2022-05-31 14:24:00,254,254,254,254,0
2022-05-31 14:25:00,254,254,254,254,0
2022-05-31 14:26:00,254,254,254,254,0
2022-05-31 14:27:00,254,254,254,254,0
2022-05-31 14:28:00,254,254,254,254,0
2022-05-31 14:29:00,254,254,254,254,0
2022-05-31 14:30:00,254,254,254,254,0
2022-05-31 14:31:00,254,254,254,254,0
2022-05-31 14:32:00,254,254,254,254,100
2022-05-31 14:33:00,254,254,254,254,0
2022-05-31 14:34:00,254,254,254,254,0
2022-05-31 14:35:00,254,254,254,254,0
2022-05-31 14:36:00,254,254,254,254,0
2022-05-31 14:37:00,254,254,254,254,0
2022-05-31 14:38:00,254,254,254,254,0
2022-05-31 14:39:00,254,254,254,254,0
2022-05-31 14:40:00,254,254,254,254,0
2022-05-31 14:41:00,254,254,254,254,0
2022-05-31 14:42:00,254,254,254,254,0
2022-05-31 14:43:00,254,254,254,254,0
2022-05-31 14:44:00,254,254,254,254,0
2022-05-31 14:45:00,254,254,254,254,0
2022-05-31 14:46:00,254,254,254,254,0
2022-05-31 14:47:00,254,254,254,254,0
2022-05-31 14:48:00,254,254,254,254,0
2022-05-31 14:49:00,254,254,254,254,0
2022-05-31 14:50:00,254,254,254,254,0
2022-05-31 14:51:00,254,254,254,254,0
2022-05-31 14:52:00,254,254,254,254,0
2022-05-31 14:53:00,254,254,254,254,0
2022-05-31 14:54:00,254,254,254,254,0
2022-05-31 14:55:00,254,254,254,254,0
2022-05-31 14:56:00,254,254,254,254,0
2022-05-31 14:57:00,254,254,254,254,0
2022-05-31 14:58:00,254,254,254,254,0
2022-05-31 14:59:00,254,254,254,254,0
2022-05-31 15:00:00,250,250,250,250,500
2022-05-31 15:01:00,250,250,250,250,0
2022-05-31 15:02:00,250,250,250,250,0
2022-05-31 15:03:00,250,250,250,250,0
2022-05-31 15:04:00,250,250,250,250,0
2022-05-31 15:05:00,250,250,250,250,0
2022-05-31 15:06:00,250,250,250,250,0
2022-05-31 15:07:00,250,250,250,250,0
2022-05-31 15:08:00,250,250,250,250,0
2022-05-31 15:09:00,250,250,250,250,0
2022-05-31 15:10:00,250,250,250,250,0
2022-05-31 15:11:00,250,250,250,250,0
2022-05-31 15:12:00,250,250,250,250,0
2022-05-31 15:13:00,250,250,250,250,0
2022-05-31 15:14:00,250,250,250,250,0
2022-05-31 15:15:00,250,250,250,250,0
2022-05-31 15:16:00,250,250,250,250,0
2022-05-31 15:17:00,250,250,250,250,0
2022-05-31 15:18:00,250,250,250,250,0
2022-05-31 15:19:00,250,250,250,250,0
2022-05-31 15:20:00,250,250,250,250,0
2022-05-31 15:21:00,250,250,250,250,0
2022-05-31 15:22:00,250,250,250,250,0
2022-05-31 15:23:00,250,250,250,250,0
2022-05-31 15:24:00,250,250,250,250,0
2022-05-31 15:25:00,250,250,250,250,0
2022-05-31 15:26:00,250,250,250,250,0
2022-05-31 15:27:00,250,250,250,250,0
2022-05-31 15:28:00,250,250,250,250,0
2022-05-31 15:29:00,250,250,250,250,0
2022-05-31 15:30:00,250,250,250,250,0
2022-05-31 15:31:00,250,250,250,250,0
2022-05-31 15:32:00,250,250,250,250,0
2022-05-31 15:33:00,250,250,250,250,0
2022-05-31 15:34:00,250,250,250,250,0
2022-05-31 15:35:00,250,250,250,250,0
2022-05-31 15:36:00,250,250,250,250,0
2022-05-31 15:37:00,250,250,250,250,0
2022-05-31 15:38:00,250,250,250,250,0
2022-05-31 15:39:00,250,250,250,250,0
2022-05-31 15:40:00,250,250,250,250,0
2022-05-31 15:41:00,250,250,250,250,0
2022-05-31 15:42:00,250,250,250,250,0
2022-05-31 15:43:00,250,250,250,250,0
2022-05-31 15:44:00,250,250,250,250,0
2022-05-31 15:45:00,250,250,250,250,0
2022-05-31 15:46:00,250,250,250,250,0
2022-05-31 15:47:00,250,250,250,250,0
2022-05-31 15:48:00,250,250,250,250,0
2022-05-31 15:49:00,250,250,250,250,0
2022-05-31 15:50:00,250,250,250,250,0
2022-05-31 15:51:00,250,250,250,250,0
2022-05-31 15:52:00,250,250,250,250,0
2022-05-31 15:53:00,250,250,250,250,0
2022-05-31 15:54:00,250,250,250,250,0
2022-05-31 15:55:00,250,250,250,250,0
2022-05-31 15:56:00,250,250,250,250,0
2022-05-31 15:57:00,250,250,250,250,0
2022-05-31 15:58:00,250,250,250,250,0
2022-05-31 15:59:00,250,250,250,250,0
2022-06-01 09:00:00,250,250,250,250,0
2022-06-01 09:01:00,250,250,250,250,0
2022-06-01 09:02:00,250,250,250,250,0
2022-06-01 09:03:00,250,250,250,250,0
2022-06-01 09:04:00,250,250,250,250,0
2022-06-01 09:05:00,250,250,250,250,0
2022-06-01 09:06:00,250,250,250,250,0
2022-06-01 09:07:00,250,250,250,250,0
2022-06-01 09:08:00,250,250,250,250,0
2022-06-01 09:09:00,250,250,250,250,0
2022-06-01 09:10:00,250,250,250,250,0
2022-06-01 09:11:00,250,250,250,250,0
2022-06-01 09:12:00,250,250,250,250,0
2022-06-01 09:13:00,250,250,250,250,0
2022-06-01 09:14:00,250,250,250,250,0
2022-06-01 09:15:00,250,250,250,250,0
2022-06-01 09:16:00,250,250,250,250,0
2022-06-01 09:17:00,250,250,250,250,0
2022-06-01 09:18:00,250,250,250,250,0
2022-06-01 09:19:00,250,250,250,250,0
2022-06-01 09:20:00,250,250,250,250,0
2022-06-01 09:21:00,250,250,250,250,0
2022-06-01 09:22:00,250,250,250,250,0
2022-06-01 09:23:00,250,250,250,250,0
2022-06-01 09:24:00,250,250,250,250,0
2022-06-01 09:25:00,250,250,250,250,0
2022-06-01 09:26:00,250,250,250,250,0
2022-06-01 09:27:00,250,250,250,250,0
2022-06-01 09:28:00,250,250,250,250,0
2022-06-01 09:29:00,250,250,250,250,0
2022-06-01 09:30:00,250,250,250,250,0
2022-06-01 09:31:00,250,250,250,250,0
2022-06-01 09:32:00,250,250,250,250,0
2022-06-01 09:33:00,250,250,250,250,0
2022-06-01 09:34:00,250,250,250,250,0
2022-06-01 09:35:00,250,250,250,250,0
2022-06-01 09:36:00,250,250,250,250,0
2022-06-01 09:37:00,250,250,250,250,0
2022-06-01 09:38:00,250,250,250,250,0
2022-06-01 09:39:00,250,250,250,250,0
2022-06-01 09:40:00,250,250,250,250,0
2022-06-01 09:41:00,250,250,250,250,0
2022-06-01 09:42:00,250,250,250,250,0
2022-06-01 09:43:00,250,250,250,250,0
2022-06-01 09:44:00,250,250,250,250,0
2022-06-01 09:45:00,250,250,250,250,0
2022-06-01 09:46:00,250,250,250,250,0
2022-06-01 09:47:00,250,250,250,250,0
2022-06-01 09:48:00,250,250,250,250,0
2022-06-01 09:49:00,250,250,250,250,0
2022-06-01 09:50:00,250,250,250,250,0
2022-06-01 09:51:00,250,250,250,250,0
2022-06-01 09:52:00,250,250,250,250,0
2022-06-01 09:53:00,250,250,250,250,0
2022-06-01 09:54:00,250,250,250,250,0
2022-06-01 09:55:00,250,250,250,250,0
2022-06-01 09:56:00,250,250,250,250,0
2022-06-01 09:57:00,250,250,250,250,0
2022-06-01 09:58:00,250,250,250,250,0
2022-06-01 09:59:00,250,250,250,250,0
2022-06-01 10:00:00,250,250,250,250,0
2022-06-01 10:01:00,250,250,250,250,0
2022-06-01 10:02:00,250,250,250,250,0
2022-06-01 10:03:00,250,250,250,250,0
2022-06-01 10:04:00,250,250,250,250,0
2022-06-01 10:05:00,250,250,250,250,0
2022-06-01 10:06:00,250,250,250,250,0
2022-06-01 10:07:00,250,250,250,250,0
2022-06-01 10:08:00,250,250,250,250,0
2022-06-01 10:09:00,250,250,250,250,0
2022-06-01 10:10:00,250,250,250,250,0
2022-06-01 10:11:00,250,250,250,250,0
2022-06-01 10:12:00,250,250,250,250,0
2022-06-01 10:13:00,250,250,250,250,0
2022-06-01 10:14:00,250,250,250,250,0
2022-06-01 10:15:00,250,250,250,250,0
2022-06-01 10:16:00,250,250,250,250,0
2022-06-01 10:17:00,250,250,250,250,0
2022-06-01 10:18:00,250,250,250,250,0
2022-06-01 10:19:00,250,250,250,250,0
2022-06-01 10:20:00,250,250,250,250,0
2022-06-01 10:21:00,250,250,250,250,0
2022-06-01 10:22:00,250,250,250,250,0
2022-06-01 10:23:00,250,250,250,250,0
2022-06-01 10:24:00,250,250,250,250,0
2022-06-01 10:25:00,250,250,250,250,0
2022-06-01 10:26:00,250,250,250,250,0
2022-06-01 10:27:00,250,250,250,250,0
2022-06-01 10:28:00,250,250,250,250,0
2022-06-01 10:29:00,250,250,250,250,0
2022-06-01 10:30:00,250,250,250,250,0
2022-06-01 10:31:00,250,250,250,250,0
2022-06-01 10:32:00,250,250,250,250,0
2022-06-01 10:33:00,250,250,250,250,0
2022-06-01 10:34:00,250,250,250,250,0
2022-06-01 10:35:00,250,250,250,250,0
2022-06-01 10:36:00,250,250,250,250,0
2022-06-01 10:37:00,250,250,250,250,0
2022-06-01 10:38:00,250,250,250,250,0
2022-06-01 10:39:00,250,250,250,250,0
2022-06-01 10:40:00,250,250,250,250,0
2022-06-01 10:41:00,250,250,250,250,0
2022-06-01 10:42:00,250,250,250,250,0
2022-06-01 10:43:00,250,250,250,250,0
2022-06-01 10:44:00,250,250,250,250,0
2022-06-01 10:45:00,250,250,250,250,0
2022-06-01 10:46:00,250,250,250,250,0
2022-06-01 10:47:00,250,250,250,250,0
2022-06-01 10:48:00,250,250,250,250,0
2022-06-01 10:49:00,250,250,250,250,0
2022-06-01 10:50:00,250,250,250,250,0
2022-06-01 10:51:00,250,250,250,250,0
2022-06-01 10:52:00,250,250,250,250,0
2022-06-01 10:53:00,250,250,250,250,0
2022-06-01 10:54:00,250,250,250,250,0
2022-06-01 10:55:00,250,250,250,250,0
2022-06-01 10:56:00,250,250,250,250,0
2022-06-01 10:57:00,250,250,250,250,0
2022-06-01 10:58:00,250,250,250,250,0
2022-06-01 10:59:00,250,250,250,250,0
2022-06-01 11:00:00,250,250,250,250,0
2022-06-01 11:01:00,250,250,250,250,0
2022-06-01 11:02:00,250,250,250,250,0
2022-06-01 11:03:00,250,250,250,250,0
2022-06-01 11:04:00,250,250,250,250,0
2022-06-01 11:05:00,250,250,250,250,0
2022-06-01 11:06:00,250,250,250,250,0
2022-06-01 11:07:00,250,250,250,250,0
2022-06-01 11:08:00,250,250,250,250,0
2022-06-01 11:09:00,250,250,250,250,0
2022-06-01 11:10:00,250,250,250,250,0
2022-06-01 11:11:00,250,250,250,250,0
2022-06-01 11:12:00,250,250,250,250,0
2022-06-01 11:13:00,250,250,250,250,0
2022-06-01 11:14:00,250,250,250,250,0
2022-06-01 11:15:00,250,250,250,250,0
2022-06-01 11:16:00,250,250,250,250,0
2022-06-01 11:17:00,250,250,250,250,0
2022-06-01 11:18:00,250,250,250,250,0
2022-06-01 11:19:00,250,250,250,250,0
2022-06-01 11:20:00,250,250,250,250,0
2022-06-01 11:21:00,250,250,250,250,0
2022-06-01 11:22:00,250,250,250,250,0
2022-06-01 11:23:00,250,250,250,250,0
2022-06-01 11:24:00,250,250,250,250,0
2022-06-01 11:25:00,250,250,250,250,0
2022-06-01 11:26:00,250,250,250,250,0
2022-06-01 11:27:00,250,250,250,250,0
2022-06-01 11:28:00,250,250,250,250,0
2022-06-01 11:29:00,250,250,250,250,0
2022-06-01 11:30:00,250,250,250,250,0
2022-06-01 11:31:00,250,250,250,250,0
2022-06-01 11:32:00,250,250,250,250,0
2022-06-01 11:33:00,250,250,250,250,0
2022-06-01 11:34:00,250,250,250,250,0
2022-06-01 11:35:00,250,250,250,250,0
2022-06-01 11:36:00,250,250,250,250,0
2022-06-01 11:37:00,250,250,250,250,0
2022-06-01 11:38:00,250,250,250,250,0
2022-06-01 11:39:00,250,250,250,250,0
2022-06-01 11:40:00,250,250,250,250,0
2022-06-01 11:41:00,250,250,250,250,0
2022-06-01 11:42:00,250,250,250,250,0
2022-06-01 11:43:00,250,250,250,250,0
2022-06-01 11:44:00,250,250,250,250,0
2022-06-01 11:45:00,250,250,250,250,0
2022-06-01 11:46:00,250,250,250,250,0
2022-06-01 11:47:00,250,250,250,250,0
2022-06-01 11:48:00,250,250,250,250,0
2022-06-01 11:49:00,250,250,250,250,0
2022-06-01 11:50:00,250,250,250,250,0
2022-06-01 11:51:00,250,250,250,250,0
2022-06-01 11:52:00,250,250,250,250,0
2022-06-01 11:53:00,250,250,250,250,0
2022-06-01 11:54:00,250,250,250,250,0
2022-06-01 11:55:00,250,250,250,250,0
2022-06-01 11:56:00,250,250,250,250,0
2022-06-01 11:57:00,250,250,250,250,0
2022-06-01 11:58:00,250,250,250,250,0
2022-06-01 11:59:00,250,250,250,250,0
2022-06-01 12:00:00,250,250,250,250,0
2022-06-01 12:01:00,250,250,250,250,0
2022-06-01 12:02:00,250,250,250,250,0
2022-06-01 12:03:00,250,250,250,250,0
2022-06-01 12:04:00,250,250,250,250,0
2022-06-01 12:05:00,250,250,250,250,0
2022-06-01 12:06:00,250,250,250,250,0
2022-06-01 12:07:00,250,250,250,250,0
2022-06-01 12:08:00,250,250,250,250,0
2022-06-01 12:09:00,250,250,250,250,0
2022-06-01 12:10:00,250,250,250,250,0
2022-06-01 12:11:00,250,250,250,250,0
2022-06-01 12:12:00,250,250,250,250,0
2022-06-01 12:13:00,250,250,250,250,0
2022-06-01 12:14:00,250,250,250,250,0
2022-06-01 12:15:00,250,250,250,250,0
2022-06-01 12:16:00,250,250,250,250,0
2022-06-01 12:17:00,250,250,250,250,0
2022-06-01 12:18:00,250,250,250,250,0
2022-06-01 12:19:00,250,250,250,250,0
2022-06-01 12:20:00,250,250,250,250,0
2022-06-01 12:21:00,250,250,250,250,0
2022-06-01 12:22:00,250,250,250,250,0
2022-06-01 12:23:00,250,250,250,250,0
2022-06-01 12:24:00,250,250,250,250,0
2022-06-01 12:25:00,250,250,250,250,0
2022-06-01 12:26:00,250,250,250,250,0
2022-06-01 12:27:00,250,250,250,250,0
2022-06-01 12:28:00,250,250,250,250,0
2022-06-01 12:29:00,250,250,250,250,0
2022-06-01 12:30:00,250,250,250,250,0
2022-06-01 12:31:00,250,250,250,250,0
2022-06-01 12:32:00,250,250,250,250,0
2022-06-01 12:33:00,250,250,250,250,0
2022-06-01 12:34:00,250,250,250,250,0
2022-06-01 12:35:00,250,250,250,250,0
2022-06-01 12:36:00,250,250,250,250,0
2022-06-01 12:37:00,250,250,250,250,0
2022-06-01 12:38:00,250,250,250,250,0
2022-06-01 12:39:00,250,250,250,250,0
2022-06-01 12:40:00,250,250,250,250,0
2022-06-01 12:41:00,250,250,250,250,0
2022-06-01 12:42:00,250,250,250,250,0
2022-06-01 12:43:00,250,250,250,250,0
2022-06-01 12:44:00,250,250,250,250,0
2022-06-01 12:45:00,250,250,250,250,0
2022-06-01 12:46:00,250,250,250,250,0
2022-06-01 12:47:00,250,250,250,250,0
2022-06-01 12:48:00,250,250,250,250,0
2022-06-01 12:49:00,250,250,250,250,0
2022-06-01 12:50:00,250,250,250,250,0
2022-06-01 12:51:00,250,250,250,250,0
2022-06-01 12:52:00,250,250,250,250,0
2022-06-01 12:53:00,250,250,250,250,0
2022-06-01 12:54:00,250,250,250,250,0
2022-06-01 12:55:00,250,250,250,250,0
2022-06-01 12:56:00,250,250,250,250,0
2022-06-01 12:57:00,250,250,250,250,0
2022-06-01 12:58:00,250,250,250,250,0
2022-06-01 12:59:00,250,250,250,250,0
2022-06-01 13:00:00,250,250,250,250,0
2022-06-01 13:01:00,250,250,250,250,0
2022-06-01 13:02:00,250,250,250,250,0
2022-06-01 13:03:00,250,250,250,250,0
2022-06-01 13:04:00,250,250,250,250,0
2022-06-01 13:05:00,250,250,250,250,0
2022-06-01 13:06:00,250,250,250,250,0
2022-06-01 13:07:00,250,250,250,250,0
2022-06-01 13:08:00,250,250,250,250,0
2022-06-01 13:09:00,250,250,250,250,0
2022-06-01 13:10:00,250,250,250,250,0
2022-06-01 13:11:00,250,250,250,250,0
2022-06-01 13:12:00,250,250,250,250,0
2022-06-01 13:13:00,250,250,250,250,0
2022-06-01 13:14:00,250,250,250,250,0
2022-06-01 13:15:00,250,250,250,250,0
2022-06-01 13:16:00,250,250,250,250,0
2022-06-01 13:17:00,250,250,250,250,0
2022-06-01 13:18:00,250,250,250,250,0
2022-06-01 13:19:00,250,250,250,250,0
2022-06-01 13:20:00,250,250,250,250,0
2022-06-01 13:21:00,250,250,250,250,0
2022-06-01 13:22:00,250,250,250,250,0
2022-06-01 13:23:00,250,250,250,250,0
2022-06-01 13:24:00,250,250,250,250,0
2022-06-01 13:25:00,250,250,250,250,0
2022-06-01 13:26:00,250,250,250,250,0
2022-06-01 13:27:00,250,250,250,250,0
2022-06-01 13:28:00,250,250,250,250,0
2022-06-01 13:29:00,250,250,250,250,0
2022-06-01 13:30:00,250,250,250,250,0
2022-06-01 13:31:00,250,250,250,250,0
2022-06-01 13:32:00,250,250,250,250,0
2022-06-01 13:33:00,250,250,250,250,0
2022-06-01 13:34:00,250,250,250,250,0
2022-06-01 13:35:00,250,250,250,250,0
2022-06-01 13:36:00,250,250,250,250,0
2022-06-01 13:37:00,250,250,250,250,0
2022-06-01 13:38:00,250,250,250,250,0
2022-06-01 13:39:00,250,250,250,250,0
2022-06-01 13:40:00,250,250,250,250,0
2022-06-01 13:41:00,250,250,250,250,0
2022-06-01 13:42:00,250,250,250,250,0
2022-06-01 13:43:00,250,250,250,250,0
2022-06-01 13:44:00,250,250,250,250,0
2022-06-01 13:45:00,250,250,250,250,0
2022-06-01 13:46:00,250,250,250,250,0
2022-06-01 13:47:00,250,250,250,250,0
2022-06-01 13:48:00,250,250,250,250,0
2022-06-01 13:49:00,250,250,250,250,0
2022-06-01 13:50:00,250,250,250,250,0
2022-06-01 13:51:00,250,250,250,250,0
2022-06-01 13:52:00,250,250,250,250,0
2022-06-01 13:53:00,250,250,250,250,0
2022-06-01 13:54:00,250,250,250,250,0
2022-06-01 13:55:00,250,250,250,250,0
2022-06-01 13:56:00,250,250,250,250,0
2022-06-01 13:57:00,250,250,250,250,0
2022-06-01 13:58:00,250,250,250,250,0
2022-06-01 13:59:00,250,250,250,250,0
2022-06-01 14:00:00,250,250,250,250,0
2022-06-01 14:01:00,250,250,250,250,0
2022-06-01 14:02:00,250,250,250,250,0
2022-06-01 14:03:00,250,250,250,250,0
2022-06-01 14:04:00,250,250,250,250,0
2022-06-01 14:05:00,250,250,250,250,0
2022-06-01 14:06:00,250,250,250,250,0
2022-06-01 14:07:00,250,250,250,250,0
2022-06-01 14:08:00,250,250,250,250,0
2022-06-01 14:09:00,250,250,250,250,0
2022-06-01 14:10:00,250,250,250,250,0
2022-06-01 14:11:00,250,250,250,250,0
2022-06-01 14:12:00,250,250,250,250,0
2022-06-01 14:13:00,250,250,250,250,0
2022-06-01 14:14:00,250,250,250,250,0
2022-06-01 14:15:00,250,250,250,250,0
2022-06-01 14:16:00,250,250,250,250,0
2022-06-01 14:17:00,250,250,250,250,0
2022-06-01 14:18:00,250,250,250,250,0
2022-06-01 14:19:00,250,250,250,250,0
2022-06-01 14:20:00,250,250,250,250,0
2022-06-01 14:21:00,250,250,250,250,0
2022-06-01 14:22:00,250,250,250,250,0
2022-06-01 14:23:00,250,250,250,250,0
2022-06-01 14:24:00,250,250,250,250,0
2022-06-01 14:25:00,250,250,250,250,0
2022-06-01 14:26:00,250,250,250,250,0
2022-06-01 14:27:00,250,250,250,250,0
2022-06-01 14:28:00,250,250,250,250,0
2022-06-01 14:29:00,250,250,250,250,0
2022-06-01 14:30:00,250,250,250,250,0
2022-06-01 14:31:00,250,250,250,250,0
2022-06-01 14:32:00,250,250,250,250,0
2022-06-01 14:33:00,250,250,250,250,0
2022-06-01 14:34:00,250,250,250,250,0
2022-06-01 14:35:00,250,250,250,250,0
2022-06-01 14:36:00,250,250,250,250,0
2022-06-01 14:37:00,250,250,250,250,0
2022-06-01 14:38:00,250,250,250,250,0
2022-06-01 14:39:00,250,250,250,250,0
2022-06-01 14:40:00,250,250,250,250,0
2022-06-01 14:41:00,250,250,250,250,0
2022-06-01 14:42:00,250,250,250,250,0
2022-06-01 14:43:00,250,250,250,250,0
2022-06-01 14:44:00,250,250,250,250,0
2022-06-01 14:45:00,250,250,250,250,0
2022-06-01 14:46:00,250,250,250,250,0
2022-06-01 14:47:00,250,250,250,250,0
2022-06-01 14:48:00,250,250,250,250,0
2022-06-01 14:49:00,250,250,250,250,0
2022-06-01 14:50:00,250,250,250,250,0
2022-06-01 14:51:00,250,250,250,250,0
2022-06-01 14:52:00,250,250,250,250,0
2022-06-01 14:53:00,250,250,250,250,0
2022-06-01 14:54:00,250,250,250,250,0
2022-06-01 14:55:00,250,250,250,250,0
2022-06-01 14:56:00,250,250,250,250,0
2022-06-01 14:57:00,250,250,250,250,0
2022-06-01 14:58:00,250,250,250,250,0
2022-06-01 14:59:00,250,250,250,250,0
2022-06-01 15:00:00,250,250,250,250,0
2022-06-01 15:01:00,250,250,250,250,0
2022-06-01 15:02:00,250,250,250,250,0
2022-06-01 15:03:00,250,250,250,250,0
2022-06-01 15:04:00,250,250,250,250,0
2022-06-01 15:05:00,250,250,250,250,0
2022-06-01 15:06:00,250,250,250,250,0
2022-06-01 15:07:00,250,250,250,250,0
2022-06-01 15:08:00,250,250,250,250,0
2022-06-01 15:09:00,250,250,250,250,0
2022-06-01 15:10:00,250,250,250,250,0
2022-06-01 15:11:00,250,250,250,250,0
2022-06-01 15:12:00,250,250,250,250,0
2022-06-01 15:13:00,250,250,250,250,0
2022-06-01 15:14:00,250,250,250,250,0
2022-06-01 15:15:00,250,250,250,250,0
2022-06-01 15:16:00,250,250,250,250,0
2022-06-01 15:17:00,250,250,250,250,0
2022-06-01 15:18:00,250,250,250,250,0
2022-06-01 15:19:00,250,250,250,250,0
2022-06-01 15:20:00,250,250,250,250,0
2022-06-01 15:21:00,250,250,250,250,0
2022-06-01 15:22:00,250,250,250,250,0
2022-06-01 15:23:00,250,250,250,250,0
2022-06-01 15:24:00,250,250,250,250,0
2022-06-01 15:25:00,250,250,250,250,0
2022-06-01 15:26:00,250,250,250,250,0
2022-06-01 15:27:00,250,250,250,250,0
2022-06-01 15:28:00,250,250,250,250,0
2022-06-01 15:29:00,250,250,250,250,0
2022-06-01 15:30:00,250,250,250,250,0
2022-06-01 15:31:00,250,250,250,250,0
2022-06-01 15:32:00,250,250,250,250,0
2022-06-01 15:33:00,250,250,250,250,0
2022-06-01 15:34:00,250,250,250,250,0
2022-06-01 15:35:00,250,250,250,250,0
2022-06-01 15:36:00,250,250,250,250,0
2022-06-01 15:37:00,250,250,250,250,0
2022-06-01 15:38:00,250,250,250,250,0
2022-06-01 15:39:00,250,250,250,250,0
2022-06-01 15:40:00,250,250,250,250,0
2022-06-01 15:41:00,250,250,250,250,0
2022-06-01 15:42:00,250,250,250,250,0
2022-06-01 15:43:00,250,250,250,250,0
2022-06-01 15:44:00,250,250,250,250,0
2022-06-01 15:45:00,250,250,250,250,0
2022-06-01 15:46:00,250,250,250,250,0
2022-06-01 15:47:00,250,250,250,250,0
2022-06-01 15:48:00,250,250,250,250,0
2022-06-01 15:49:00,250,250,250,250,0
2022-06-01 15:50:00,250,250,250,250,0
2022-06-01 15:51:00,250,250,250,250,0
2022-06-01 15:52:00,250,250,250,250,0
2022-06-01 15:53:00,250,250,250,250,0
2022-06-01 15:54:00,250,250,250,250,0
2022-06-01 15:55:00,250,250,250,250,0
2022-06-01 15:56:00,250,250,250,250,0
2022-06-01 15:57:00,250,250,250,250,0
2022-06-01 15:58:00,250,250,250,250,0
2022-06-01 15:59:00,250,250,250,250,0
2022-06-02 09:00:00,250,250,250,250,0
2022-06-02 09:01:00,250,250,250,250,0
2022-06-02 09:02:00,250,250,250,250,0
2022-06-02 09:03:00,250,250,250,250,0
2022-06-02 09:04:00,250,250,250,250,0
2022-06-02 09:05:00,250,250,250,250,0
2022-06-02 09:06:00,250,250,250,250,0
2022-06-02 09:07:00,250,250,250,250,0
2022-06-02 09:08:00,250,250,250,250,0
2022-06-02 09:09:00,250,250,250,250,0
2022-06-02 09:10:00,250,250,250,250,0
2022-06-02 09:11:00,250,250,250,250,0
2022-06-02 09:12:00,250,250,250,250,0
2022-06-02 09:13:00,250,250,250,250,0
2022-06-02 09:14:00,250,250,250,250,0
2022-06-02 09:15:00,250,250,250,250,0
2022-06-02 09:16:00,250,250,250,250,600
2022-06-02 09:17:00,250,250,250,250,0
2022-06-02 09:18:00,250,250,250,250,0
2022-06-02 09:19:00,250,250,250,250,0
2022-06-02 09:20:00,250,250,250,250,0
2022-06-02 09:21:00,250,250,250,250,0
2022-06-02 09:22:00,250,250,250,250,0
2022-06-02 09:23:00,250,250,250,250,0
2022-06-02 09:24:00,250,250,250,250,0
2022-06-02 09:25:00,250,250,250,250,0
2022-06-02 09:26:00,250,250,250,250,0
2022-06-02 09:27:00,250,250,250,250,0
2022-06-02 09:28:00,250,250,250,250,0
2022-06-02 09:29:00,250,250,250,250,0
2022-06-02 09:30:00,250,250,250,250,0
2022-06-02 09:31:00,250,250,250,250,0
2022-06-02 09:32:00,250,250,250,250,0
2022-06-02 09:33:00,250,250,250,250,0
2022-06-02 09:34:00,250,250,250,250,0
2022-06-02 09:35:00,250,250,250,250,0
2022-06-02 09:36:00,250,250,250,250,0
2022-06-02 09:37:00,250,250,250,250,0
2022-06-02 09:38:00,250,250,250,250,0
2022-06-02 09:39:00,250,250,250,250,0
2022-06-02 09:40:00,250,250,250,250,0
2022-06-02 09:41:00,250,250,250,250,100
2022-06-02 09:42:00,250,250,250,250,0
2022-06-02 09:43:00,250,250,250,250,0
2022-06-02 09:44:00,250,250,250,250,0
2022-06-02 09:45:00,250,250,250,250,0
2022-06-02 09:46:00,250,250,250,250,0
2022-06-02 09:47:00,250,250,250,250,0
2022-06-02 09:48:00,250,250,250,250,1000
2022-06-02 09:49:00,250,250,250,250,0
2022-06-02 09:50:00,250,250,250,250,0
2022-06-02 09:51:00,250,250,250,250,0
2022-06-02 09:52:00,250,250,250,250,0
2022-06-02 09:53:00,250,250,250,250,0
2022-06-02 09:54:00,250,250,250,250,0
2022-06-02 09:55:00,250,250,250,250,0
2022-06-02 09:56:00,250,250,250,250,0
2022-06-02 09:57:00,250,250,250,250,0
2022-06-02 09:58:00,250,250,250,250,0
2022-06-02 09:59:00,250,250,250,250,0
2022-06-02 10:00:00,250,250,250,250,0
2022-06-02 10:01:00,250,250,250,250,0
2022-06-02 10:02:00,250,250,250,250,0
2022-06-02 10:03:00,250,250,250,250,0
2022-06-02 10:04:00,250,250,250,250,0
2022-06-02 10:05:00,250,250,250,250,0
2022-06-02 10:06:00,250,250,250,250,0
2022-06-02 10:07:00,250,250,250,250,0
2022-06-02 10:08:00,250,250,250,250,0
2022-06-02 10:09:00,250,250,250,250,0
2022-06-02 10:10:00,250,250,250,250,0
2022-06-02 10:11:00,250,250,250,250,0
2022-06-02 10:12:00,250,250,250,250,0
2022-06-02 10:13:00,250,250,250,250,0
2022-06-02 10:14:00,250,250,250,250,0
2022-06-02 10:15:00,250,250,250,250,0
2022-06-02 10:16:00,250,250,250,250,0
2022-06-02 10:17:00,250,250,250,250,0
2022-06-02 10:18:00,250,250,250,250,0
2022-06-02 10:19:00,250,250,250,250,0
2022-06-02 10:20:00,250,250,250,250,0
2022-06-02 10:21:00,250,250,250,250,0
2022-06-02 10:22:00,250,250,250,250,0
2022-06-02 10:23:00,250,250,250,250,0
2022-06-02 10:24:00,250,250,250,250,0
2022-06-02 10:25:00,250,250,250,250,0
2022-06-02 10:26:00,250,250,250,250,0
2022-06-02 10:27:00,250,250,250,250,0
2022-06-02 10:28:00,250,250,250,250,0
2022-06-02 10:29:00,250,250,250,250,0
2022-06-02 10:30:00,250,250,250,250,0
2022-06-02 10:31:00,250,250,250,250,0
2022-06-02 10:32:00,250,250,250,250,0
2022-06-02 10:33:00,250,250,250,250,0
2022-06-02 10:34:00,250,250,250,250,0
2022-06-02 10:35:00,250,250,250,250,0
2022-06-02 10:36:00,250,250,250,250,0
2022-06-02 10:37:00,250,250,250,250,0
2022-06-02 10:38:00,250,250,250,250,0
2022-06-02 10:39:00,250,250,250,250,0
2022-06-02 10:40:00,250,250,250,250,0
2022-06-02 10:41:00,250,250,250,250,0
2022-06-02 10:42:00,250,250,250,250,0
2022-06-02 10:43:00,250,250,250,250,0
2022-06-02 10:44:00,270,270,270,270,100
2022-06-02 10:45:00,270,270,270,270,0
2022-06-02 10:46:00,270,270,270,270,0
2022-06-02 10:47:00,270,270,270,270,0
2022-06-02 10:48:00,270,270,270,270,0
2022-06-02 10:49:00,270,270,270,270,0
2022-06-02 10:50:00,270,270,270,270,0
2022-06-02 10:51:00,270,270,270,270,0
2022-06-02 10:52:00,270,270,270,270,0
2022-06-02 10:53:00,270,270,270,270,0
2022-06-02 10:54:00,270,270,270,270,0
2022-06-02 10:55:00,270,270,270,270,0
2022-06-02 10:56:00,270,270,270,270,0
2022-06-02 10:57:00,270,270,270,270,0
2022-06-02 10:58:00,270,270,270,270,0
2022-06-02 10:59:00,270,270,270,270,0
2022-06-02 11:00:00,266,266,266,266,100
2022-06-02 11:01:00,266,266,266,266,0
2022-06-02 11:02:00,266,266,270,270,200
2022-06-02 11:03:00,266,266,270,270,0
2022-06-02 11:04:00,266,266,270,270,0
2022-06-02 11:05:00,266,266,270,270,0
2022-06-02 11:06:00,266,266,270,270,0
2022-06-02 11:07:00,266,266,270,270,0
2022-06-02 11:08:00,266,266,270,270,0
2022-06-02 11:09:00,266,266,270,270,0
2022-06-02 11:10:00,266,266,270,270,0
2022-06-02 11:11:00,266,266,270,270,0
2022-06-02 11:12:00,266,266,270,270,0
2022-06-02 11:13:00,266,266,270,270,0
2022-06-02 11:14:00,266,266,270,270,0
2022-06-02 11:15:00,266,266,270,270,0
2022-06-02 11:16:00,266,266,270,270,0
2022-06-02 11:17:00,266,266,270,270,0
2022-06-02 11:18:00,266,266,270,270,0
2022-06-02 11:19:00,262,262,262,262,100
2022-06-02 11:20:00,262,262,262,262,0
2022-06-02 11:21:00,262,262,262,262,0
2022-06-02 11:22:00,262,262,262,262,0
2022-06-02 11:23:00,262,262,262,262,0
2022-06-02 11:24:00,262,262,262,262,0
2022-06-02 11:25:00,262,262,262,262,0
2022-06-02 11:26:00,264,264,264,264,100
2022-06-02 11:27:00,264,264,264,264,0
2022-06-02 11:28:00,264,264,264,264,0
2022-06-02 11:29:00,264,264,264,264,0
2022-06-02 11:30:00,264,264,264,264,0
2022-06-02 11:31:00,264,264,264,264,0
2022-06-02 11:32:00,264,264,264,264,0
2022-06-02 11:33:00,264,264,264,264,0
2022-06-02 11:34:00,264,264,264,264,0
2022-06-02 11:35:00,264,264,264,264,0
2022-06-02 11:36:00,264,264,264,264,0
2022-06-02 11:37:00,264,264,264,264,0
2022-06-02 11:38:00,264,264,264,264,0
2022-06-02 11:39:00,264,264,264,264,0
2022-06-02 11:40:00,264,264,264,264,0
2022-06-02 11:41:00,264,264,264,264,0
2022-06-02 11:42:00,264,264,264,264,0
2022-06-02 11:43:00,264,264,264,264,0
2022-06-02 11:44:00,264,264,264,264,0
2022-06-02 11:45:00,264,264,264,264,0
2022-06-02 11:46:00,264,264,264,264,0
2022-06-02 11:47:00,264,264,264,264,0
2022-06-02 11:48:00,264,264,264,264,0
2022-06-02 11:49:00,264,264,264,264,0
2022-06-02 11:50:00,264,264,264,264,0
2022-06-02 11:51:00,264,264,264,264,0
2022-06-02 11:52:00,264,264,264,264,0
2022-06-02 11:53:00,264,264,264,264,0
2022-06-02 11:54:00,264,264,264,264,0
2022-06-02 11:55:00,264,264,264,264,0
2022-06-02 11:56:00,264,264,264,264,0
2022-06-02 11:57:00,264,264,264,264,0
2022-06-02 11:58:00,264,264,264,264,0
2022-06-02 11:59:00,264,264,264,264,0
2022-06-02 12:00:00,264,264,264,264,0
2022-06-02 12:01:00,264,264,264,264,0
2022-06-02 12:02:00,264,264,264,264,0
2022-06-02 12:03:00,264,264,264,264,0
2022-06-02 12:04:00,264,264,264,264,0
2022-06-02 12:05:00,264,264,264,264,0
2022-06-02 12:06:00,264,264,264,264,0
2022-06-02 12:07:00,264,264,264,264,0
2022-06-02 12:08:00,264,264,264,264,0
2022-06-02 12:09:00,264,264,264,264,0
2022-06-02 12:10:00,264,264,264,264,0
2022-06-02 12:11:00,264,264,264,264,0
2022-06-02 12:12:00,264,264,264,264,0
2022-06-02 12:13:00,264,264,264,264,0
2022-06-02 12:14:00,264,264,264,264,0
2022-06-02 12:15:00,264,264,264,264,0
2022-06-02 12:16:00,264,264,264,264,0
2022-06-02 12:17:00,264,264,264,264,0
2022-06-02 12:18:00,264,264,264,264,0
2022-06-02 12:19:00,264,264,264,264,0
2022-06-02 12:20:00,264,264,264,264,0
2022-06-02 12:21:00,264,264,264,264,0
2022-06-02 12:22:00,264,264,264,264,0
2022-06-02 12:23:00,264,264,264,264,0
2022-06-02 12:24:00,264,264,264,264,0
2022-06-02 12:25:00,264,264,264,264,0
2022-06-02 12:26:00,264,264,264,264,0
2022-06-02 12:27:00,264,264,264,264,0
2022-06-02 12:28:00,264,264,264,264,0
2022-06-02 12:29:00,264,264,264,264,0
2022-06-02 12:30:00,264,264,264,264,0
2022-06-02 12:31:00,264,264,264,264,0
2022-06-02 12:32:00,264,264,264,264,0
2022-06-02 12:33:00,264,264,264,264,0
2022-06-02 12:34:00,264,264,264,264,0
2022-06-02 12:35:00,264,264,264,264,0
2022-06-02 12:36:00,264,264,264,264,0
2022-06-02 12:37:00,264,264,264,264,0
2022-06-02 12:38:00,264,264,264,264,0
2022-06-02 12:39:00,264,264,264,264,0
2022-06-02 12:40:00,264,264,264,264,0
2022-06-02 12:41:00,264,264,264,264,0
2022-06-02 12:42:00,264,264,264,264,0
2022-06-02 12:43:00,264,264,264,264,0
2022-06-02 12:44:00,264,264,264,264,0
2022-06-02 12:45:00,264,264,264,264,0
2022-06-02 12:46:00,264,264,264,264,0
2022-06-02 12:47:00,264,264,264,264,0
2022-06-02 12:48:00,264,264,264,264,0
2022-06-02 12:49:00,264,264,264,264,0
2022-06-02 12:50:00,264,264,264,264,0
2022-06-02 12:51:00,264,264,264,264,0
2022-06-02 12:52:00,264,264,264,264,0
2022-06-02 12:53:00,264,264,264,264,0
2022-06-02 12:54:00,264,264,264,264,0
2022-06-02 12:55:00,264,264,264,264,0
2022-06-02 12:56:00,264,264,264,264,0
2022-06-02 12:57:00,264,264,264,264,0
2022-06-02 12:58:00,264,264,264,264,0
2022-06-02 12:59:00,264,264,264,264,0
2022-06-02 13:00:00,264,264,264,264,0
2022-06-02 13:01:00,264,264,264,264,0
2022-06-02 13:02:00,264,264,264,264,0
2022-06-02 13:03:00,264,264,264,264,0
2022-06-02 13:04:00,264,264,264,264,0
2022-06-02 13:05:00,264,264,264,264,0
2022-06-02 13:06:00,264,264,264,264,0
2022-06-02 13:07:00,264,264,264,264,0
2022-06-02 13:08:00,264,264,264,264,0
2022-06-02 13:09:00,264,264,264,264,0
2022-06-02 13:10:00,264,264,264,264,0
2022-06-02 13:11:00,264,264,264,264,0
2022-06-02 13:12:00,264,264,264,264,0
2022-06-02 13:13:00,264,264,264,264,0
2022-06-02 13:14:00,264,264,264,264,0
2022-06-02 13:15:00,264,264,264,264,0
2022-06-02 13:16:00,264,264,264,264,0
2022-06-02 13:17:00,264,264,264,264,0
2022-06-02 13:18:00,264,264,264,264,0
2022-06-02 13:19:00,264,264,264,264,0
2022-06-02 13:20:00,264,264,264,264,0
2022-06-02 13:21:00,264,264,264,264,0
2022-06-02 13:22:00,264,264,264,264,0
2022-06-02 13:23:00,264,264,264,264,0
2022-06-02 13:24:00,264,264,264,264,0
2022-06-02 13:25:00,264,264,264,264,0
2022-06-02 13:26:00,264,264,264,264,0
2022-06-02 13:27:00,264,264,264,264,0
2022-06-02 13:28:00,264,264,264,264,0
2022-06-02 13:29:00,264,264,264,264,0
2022-06-02 13:30:00,264,264,264,264,0
2022-06-02 13:31:00,264,264,264,264,0
2022-06-02 13:32:00,264,264,264,264,0
2022-06-02 13:33:00,264,264,264,264,0
2022-06-02 13:34:00,264,264,264,264,0
2022-06-02 13:35:00,264,264,264,264,0
2022-06-02 13:36:00,264,264,264,264,0
2022-06-02 13:37:00,264,264,264,264,0
2022-06-02 13:38:00,264,264,264,264,0
2022-06-02 13:39:00,264,264,264,264,0
2022-06-02 13:40:00,264,264,264,264,0
2022-06-02 13:41:00,264,264,264,264,0
2022-06-02 13:42:00,264,264,264,264,0
2022-06-02 13:43:00,264,264,264,264,0
2022-06-02 13:44:00,264,264,266,266,2400
2022-06-02 13:45:00,264,264,266,266,0
2022-06-02 13:46:00,264,264,266,266,0
2022-06-02 13:47:00,264,264,266,266,0
2022-06-02 13:48:00,264,264,266,266,0
2022-06-02 13:49:00,264,264,266,266,0
2022-06-02 13:50:00,264,264,266,266,0
2022-06-02 13:51:00,264,264,266,266,0
2022-06-02 13:52:00,264,264,266,266,0
2022-06-02 13:53:00,264,264,266,266,0
2022-06-02 13:54:00,264,264,266,266,0
2022-06-02 13:55:00,264,264,266,266,0
2022-06-02 13:56:00,264,264,266,266,0
2022-06-02 13:57:00,264,264,266,266,0
2022-06-02 13:58:00,264,264,266,266,0
2022-06-02 13:59:00,264,264,266,266,0
2022-06-02 14:00:00,264,264,266,266,0
2022-06-02 14:01:00,264,264,266,266,0
2022-06-02 14:02:00,264,264,266,266,0
2022-06-02 14:03:00,264,264,266,266,0
2022-06-02 14:04:00,264,264,266,266,0
2022-06-02 14:05:00,264,264,266,266,0
2022-06-02 14:06:00,264,264,266,266,0
2022-06-02 14:07:00,264,264,266,266,0
2022-06-02 14:08:00,264,264,266,266,0
2022-06-02 14:09:00,264,264,266,266,0
2022-06-02 14:10:00,256,256,256,256,100
2022-06-02 14:11:00,256,256,256,256,0
2022-06-02 14:12:00,256,256,256,256,0
2022-06-02 14:13:00,256,256,256,256,0
2022-06-02 14:14:00,256,256,256,256,0
2022-06-02 14:15:00,256,256,256,256,0
2022-06-02 14:16:00,256,256,256,256,0
2022-06-02 14:17:00,256,256,256,256,0
2022-06-02 14:18:00,256,256,256,256,0
2022-06-02 14:19:00,256,256,256,256,0
2022-06-02 14:20:00,256,256,256,256,100
2022-06-02 14:21:00,256,256,256,256,0
2022-06-02 14:22:00,256,256,256,256,0
2022-06-02 14:23:00,256,256,256,256,0
2022-06-02 14:24:00,256,256,256,256,0
2022-06-02 14:25:00,256,256,256,256,0
2022-06-02 14:26:00,256,256,256,256,100
2022-06-02 14:27:00,256,256,256,256,0
2022-06-02 14:28:00,256,256,256,256,0
2022-06-02 14:29:00,256,256,256,256,0
2022-06-02 14:30:00,256,256,256,256,0
2022-06-02 14:31:00,256,256,256,256,0
2022-06-02 14:32:00,256,256,256,256,0
2022-06-02 14:33:00,256,256,256,256,0
2022-06-02 14:34:00,256,256,256,256,0
2022-06-02 14:35:00,256,256,256,256,0
2022-06-02 14:36:00,256,256,256,256,0
2022-06-02 14:37:00,256,256,256,256,0
2022-06-02 14:38:00,256,256,256,256,0
2022-06-02 14:39:00,256,256,256,256,0
2022-06-02 14:40:00,256,256,256,256,0
2022-06-02 14:41:00,256,256,256,256,0
2022-06-02 14:42:00,256,256,256,256,0
2022-06-02 14:43:00,256,256,256,256,0
2022-06-02 14:44:00,256,256,256,256,0
2022-06-02 14:45:00,256,256,256,256,0
2022-06-02 14:46:00,256,256,256,256,0
2022-06-02 14:47:00,256,256,256,256,0
2022-06-02 14:48:00,256,256,256,256,0
2022-06-02 14:49:00,256,256,256,256,0
2022-06-02 14:50:00,256,256,256,256,0
2022-06-02 14:51:00,256,256,256,256,0
2022-06-02 14:52:00,256,256,256,256,0
2022-06-02 14:53:00,256,256,256,256,0
2022-06-02 14:54:00,256,256,256,256,0
2022-06-02 14:55:00,256,256,256,256,0
2022-06-02 14:56:00,256,256,256,256,0
2022-06-02 14:57:00,256,256,256,256,0
2022-06-02 14:58:00,256,256,256,256,0
2022-06-02 14:59:00,256,256,256,256,0
2022-06-02 15:00:00,256,256,256,256,2500
2022-06-02 15:01:00,256,256,256,256,0
2022-06-02 15:02:00,256,256,256,256,0
2022-06-02 15:03:00,256,256,256,256,0
2022-06-02 15:04:00,256,256,256,256,0
2022-06-02 15:05:00,256,256,256,256,0
2022-06-02 15:06:00,256,256,256,256,0
2022-06-02 15:07:00,256,256,256,256,0
2022-06-02 15:08:00,256,256,256,256,0
2022-06-02 15:09:00,256,256,256,256,0
2022-06-02 15:10:00,256,256,256,256,0
2022-06-02 15:11:00,256,256,256,256,0
2022-06-02 15:12:00,256,256,256,256,0
2022-06-02 15:13:00,256,256,256,256,0
2022-06-02 15:14:00,256,256,256,256,0
2022-06-02 15:15:00,256,256,256,256,0
2022-06-02 15:16:00,256,256,256,256,0
2022-06-02 15:17:00,256,256,256,256,0
2022-06-02 15:18:00,256,256,256,256,0
2022-06-02 15:19:00,256,256,256,256,0
2022-06-02 15:20:00,256,256,256,256,0
2022-06-02 15:21:00,256,256,256,256,0
2022-06-02 15:22:00,256,256,256,256,0
2022-06-02 15:23:00,256,256,256,256,0
2022-06-02 15:24:00,256,256,256,256,0
2022-06-02 15:25:00,256,256,256,256,0
2022-06-02 15:26:00,256,256,256,256,0
2022-06-02 15:27:00,256,256,256,256,0
2022-06-02 15:28:00,256,256,256,256,0
2022-06-02 15:29:00,256,256,256,256,0
2022-06-02 15:30:00,256,256,256,256,0
2022-06-02 15:31:00,256,256,256,256,0
2022-06-02 15:32:00,256,256,256,256,0
2022-06-02 15:33:00,256,256,256,256,0
2022-06-02 15:34:00,256,256,256,256,0
2022-06-02 15:35:00,256,256,256,256,0
2022-06-02 15:36:00,256,256,256,256,0
2022-06-02 15:37:00,256,256,256,256,0
2022-06-02 15:38:00,256,256,256,256,0
2022-06-02 15:39:00,256,256,256,256,0
2022-06-02 15:40:00,256,256,256,256,0
2022-06-02 15:41:00,256,256,256,256,0
2022-06-02 15:42:00,256,256,256,256,0
2022-06-02 15:43:00,256,256,256,256,0
2022-06-02 15:44:00,256,256,256,256,0
2022-06-02 15:45:00,256,256,256,256,0
2022-06-02 15:46:00,256,256,256,256,0
2022-06-02 15:47:00,256,256,256,256,0
2022-06-02 15:48:00,256,256,256,256,0
2022-06-02 15:49:00,256,256,256,256,0
2022-06-02 15:50:00,256,256,256,256,0
2022-06-02 15:51:00,256,256,256,256,0
2022-06-02 15:52:00,256,256,256,256,0
2022-06-02 15:53:00,256,256,256,256,0
2022-06-02 15:54:00,256,256,256,256,0
2022-06-02 15:55:00,256,256,256,256,0
2022-06-02 15:56:00,256,256,256,256,0
2022-06-02 15:57:00,256,256,256,256,0
2022-06-02 15:58:00,256,256,256,256,0
2022-06-02 15:59:00,256,256,256,256,0
2022-06-03 09:00:00,256,256,256,256,0
2022-06-03 09:01:00,256,256,256,256,0
2022-06-03 09:02:00,256,256,256,256,0
2022-06-03 09:03:00,256,256,256,256,0
2022-06-03 09:04:00,256,256,256,256,0
2022-06-03 09:05:00,256,256,256,256,0
2022-06-03 09:06:00,256,256,256,256,0
2022-06-03 09:07:00,256,256,256,256,0
2022-06-03 09:08:00,256,256,256,256,0
2022-06-03 09:09:00,256,256,256,256,0
2022-06-03 09:10:00,256,256,256,256,0
2022-06-03 09:11:00,256,256,256,256,0
2022-06-03 09:12:00,256,256,256,256,0
2022-06-03 09:13:00,256,256,256,256,0
2022-06-03 09:14:00,256,256,256,256,0
2022-06-03 09:15:00,256,256,256,256,0
2022-06-03 09:16:00,256,256,256,256,0
2022-06-03 09:17:00,256,256,256,256,0
2022-06-03 09:18:00,256,256,256,256,0
2022-06-03 09:19:00,256,256,256,256,0
2022-06-03 09:20:00,256,256,256,256,0
2022-06-03 09:21:00,256,256,256,256,0
2022-06-03 09:22:00,256,256,256,256,0
2022-06-03 09:23:00,256,256,256,256,0
2022-06-03 09:24:00,256,256,256,256,0
2022-06-03 09:25:00,256,256,256,256,0
2022-06-03 09:26:00,256,256,256,256,0
2022-06-03 09:27:00,256,256,256,256,0
2022-06-03 09:28:00,256,256,256,256,0
2022-06-03 09:29:00,256,256,256,256,0
2022-06-03 09:30:00,256,256,256,256,0
2022-06-03 09:31:00,256,256,256,256,0
2022-06-03 09:32:00,256,256,256,256,0
2022-06-03 09:33:00,256,256,256,256,0
2022-06-03 09:34:00,256,256,256,256,0
2022-06-03 09:35:00,256,256,256,256,0
2022-06-03 09:36:00,256,256,256,256,0
2022-06-03 09:37:00,256,256,256,256,0
2022-06-03 09:38:00,256,256,256,256,0
2022-06-03 09:39:00,256,256,256,256,0
2022-06-03 09:40:00,252,252,252,252,200
2022-06-03 09:41:00,252,252,252,252,0
2022-06-03 09:42:00,252,252,252,252,0
2022-06-03 09:43:00,252,252,252,252,0
2022-06-03 09:44:00,252,252,252,252,0
2022-06-03 09:45:00,252,252,252,252,0
2022-06-03 09:46:00,252,252,252,252,0
2022-06-03 09:47:00,252,252,252,252,0
2022-06-03 09:48:00,252,252,252,252,0
2022-06-03 09:49:00,256,256,256,256,100
2022-06-03 09:50:00,256,256,256,256,0
2022-06-03 09:51:00,256,256,256,256,0
2022-06-03 09:52:00,256,256,256,256,0
2022-06-03 09:53:00,256,256,256,256,0
2022-06-03 09:54:00,256,256,256,256,0
2022-06-03 09:55:00,256,256,256,256,0
2022-06-03 09:56:00,256,256,256,256,0
2022-06-03 09:57:00,256,256,256,256,0
2022-06-03 09:58:00,256,256,256,256,0
2022-06-03 09:59:00,256,256,256,256,0
2022-06-03 10:00:00,256,256,256,256,0
2022-06-03 10:01:00,256,256,256,256,0
2022-06-03 10:02:00,256,256,256,256,0
2022-06-03 10:03:00,256,256,256,256,0
2022-06-03 10:04:00,256,256,256,256,0
2022-06-03 10:05:00,256,256,256,256,100
2022-06-03 10:06:00,256,240,256,240,19700
2022-06-03 10:07:00,256,240,256,240,0
2022-06-03 10:08:00,256,240,256,240,0
2022-06-03 10:09:00,256,240,256,240,0
2022-06-03 10:10:00,256,240,256,240,0
2022-06-03 10:11:00,256,240,256,240,0
2022-06-03 10:12:00,256,240,256,240,0
2022-06-03 10:13:00,256,240,256,240,0
2022-06-03 10:14:00,256,240,256,240,0
2022-06-03 10:15:00,256,240,256,240,0
2022-06-03 10:16:00,256,240,256,240,0
2022-06-03 10:17:00,256,240,256,240,0
2022-06-03 10:18:00,256,240,256,240,0
2022-06-03 10:19:00,256,240,256,240,0
2022-06-03 10:20:00,256,240,256,240,0
2022-06-03 10:21:00,256,240,256,240,0
2022-06-03 10:22:00,256,240,256,240,0
2022-06-03 10:23:00,256,240,256,240,0
2022-06-03 10:24:00,256,240,256,240,0
2022-06-03 10:25:00,256,240,256,240,0
2022-06-03 10:26:00,256,240,256,240,0
2022-06-03 10:27:00,256,240,256,240,0
2022-06-03 10:28:00,256,240,256,240,0
2022-06-03 10:29:00,256,240,256,240,0
2022-06-03 10:30:00,256,240,256,240,0
2022-06-03 10:31:00,256,240,256,240,0
2022-06-03 10:32:00,256,240,256,240,0
2022-06-03 10:33:00,256,240,256,240,0
2022-06-03 10:34:00,256,240,256,240,0
2022-06-03 10:35:00,256,240,256,240,0
2022-06-03 10:36:00,256,240,256,240,0
2022-06-03 10:37:00,256,240,256,240,0
2022-06-03 10:38:00,256,240,256,240,0
2022-06-03 10:39:00,256,240,256,240,0
2022-06-03 10:40:00,256,240,256,240,0
2022-06-03 10:41:00,256,240,256,240,0
2022-06-03 10:42:00,256,240,256,240,0
2022-06-03 10:43:00,256,240,256,240,0
2022-06-03 10:44:00,244,240,244,240,11500
2022-06-03 10:45:00,244,240,244,240,0
2022-06-03 10:46:00,244,240,244,240,0
2022-06-03 10:47:00,244,240,244,240,0
2022-06-03 10:48:00,244,240,244,240,0
2022-06-03 10:49:00,244,240,244,240,0
2022-06-03 10:50:00,244,240,244,240,0
2022-06-03 10:51:00,244,240,244,240,0
2022-06-03 10:52:00,244,240,244,240,0
2022-06-03 10:53:00,244,240,244,240,0
2022-06-03 10:54:00,244,240,244,240,0
2022-06-03 10:55:00,244,240,244,240,0
2022-06-03 10:56:00,244,240,244,240,0
2022-06-03 10:57:00,244,240,244,240,0
2022-06-03 10:58:00,244,240,244,240,0
2022-06-03 10:59:00,244,240,244,240,0
2022-06-03 11:00:00,244,240,244,240,0
2022-06-03 11:01:00,244,240,244,240,0
2022-06-03 11:02:00,244,240,244,240,0
2022-06-03 11:03:00,244,240,244,240,0
2022-06-03 11:04:00,244,240,244,240,0
2022-06-03 11:05:00,244,240,244,240,0
2022-06-03 11:06:00,244,240,244,240,0
2022-06-03 11:07:00,244,240,244,240,0
2022-06-03 11:08:00,244,240,244,240,0
2022-06-03 11:09:00,244,240,244,240,0
2022-06-03 11:10:00,244,240,244,240,0
2022-06-03 11:11:00,244,240,244,240,0
2022-06-03 11:12:00,244,240,244,240,0
2022-06-03 11:13:00,244,240,244,240,0
2022-06-03 11:14:00,244,240,244,240,0
2022-06-03 11:15:00,244,240,244,240,0
2022-06-03 11:16:00,244,240,244,240,0
2022-06-03 11:17:00,244,240,244,240,0
2022-06-03 11:18:00,244,240,244,240,0
2022-06-03 11:19:00,244,240,244,240,0
2022-06-03 11:20:00,244,240,244,240,0
2022-06-03 11:21:00,244,240,244,240,0
2022-06-03 11:22:00,244,240,244,240,0
2022-06-03 11:23:00,244,240,244,240,0
2022-06-03 11:24:00,244,240,244,240,0
2022-06-03 11:25:00,244,240,244,240,0
2022-06-03 11:26:00,244,240,244,240,0
2022-06-03 11:27:00,244,240,244,240,0
2022-06-03 11:28:00,244,240,244,240,0
2022-06-03 11:29:00,244,240,244,240,0
2022-06-03 11:30:00,244,240,244,240,0
2022-06-03 11:31:00,244,240,244,240,0
2022-06-03 11:32:00,244,240,244,240,0
2022-06-03 11:33:00,244,240,244,240,0
2022-06-03 11:34:00,244,240,244,240,0
2022-06-03 11:35:00,244,240,244,240,0
2022-06-03 11:36:00,244,240,244,240,0
2022-06-03 11:37:00,244,240,244,240,0
2022-06-03 11:38:00,244,240,244,240,0
2022-06-03 11:39:00,244,240,244,240,0
2022-06-03 11:40:00,244,240,244,240,0
2022-06-03 11:41:00,244,240,244,240,0
2022-06-03 11:42:00,244,240,244,240,0
2022-06-03 11:43:00,244,240,244,240,0
2022-06-03 11:44:00,244,240,244,240,0
2022-06-03 11:45:00,244,240,244,240,0
2022-06-03 11:46:00,244,240,244,240,0
2022-06-03 11:47:00,244,240,244,240,0
2022-06-03 11:48:00,244,240,244,240,0
2022-06-03 11:49:00,244,240,244,240,0
2022-06-03 11:50:00,244,240,244,240,0
2022-06-03 11:51:00,244,240,244,240,0
2022-06-03 11:52:00,244,240,244,240,0
2022-06-03 11:53:00,244,240,244,240,0
2022-06-03 11:54:00,244,240,244,240,0
2022-06-03 11:55:00,244,240,244,240,0
2022-06-03 11:56:00,244,240,244,240,0
2022-06-03 11:57:00,244,240,244,240,0
2022-06-03 11:58:00,244,240,244,240,0
2022-06-03 11:59:00,244,240,244,240,0
2022-06-03 12:00:00,244,240,244,240,0
2022-06-03 12:01:00,244,240,244,240,0
2022-06-03 12:02:00,244,240,244,240,0
2022-06-03 12:03:00,244,240,244,240,0
2022-06-03 12:04:00,244,240,244,240,0
2022-06-03 12:05:00,244,240,244,240,0
2022-06-03 12:06:00,244,240,244,240,0
2022-06-03 12:07:00,244,240,244,240,0
2022-06-03 12:08:00,244,240,244,240,0
2022-06-03 12:09:00,244,240,244,240,0
2022-06-03 12:10:00,244,240,244,240,0
2022-06-03 12:11:00,244,240,244,240,0
2022-06-03 12:12:00,244,240,244,240,0
2022-06-03 12:13:00,244,240,244,240,0
2022-06-03 12:14:00,244,240,244,240,0
2022-06-03 12:15:00,244,240,244,240,0
2022-06-03 12:16:00,244,240,244,240,0
2022-06-03 12:17:00,244,240,244,240,0
2022-06-03 12:18:00,244,240,244,240,0
2022-06-03 12:19:00,244,240,244,240,0
2022-06-03 12:20:00,244,240,244,240,0
2022-06-03 12:21:00,244,240,244,240,0
2022-06-03 12:22:00,244,240,244,240,0
2022-06-03 12:23:00,244,240,244,240,0
2022-06-03 12:24:00,244,240,244,240,0
2022-06-03 12:25:00,244,240,244,240,0
2022-06-03 12:26:00,244,240,244,240,0
2022-06-03 12:27:00,244,240,244,240,0
2022-06-03 12:28:00,244,240,244,240,0
2022-06-03 12:29:00,244,240,244,240,0
2022-06-03 12:30:00,244,240,244,240,0
2022-06-03 12:31:00,244,240,244,240,0
2022-06-03 12:32:00,244,240,244,240,0
2022-06-03 12:33:00,244,240,244,240,0
2022-06-03 12:34:00,244,240,244,240,0
2022-06-03 12:35:00,244,240,244,240,0
2022-06-03 12:36:00,244,240,244,240,0
2022-06-03 12:37:00,244,240,244,240,0
2022-06-03 12:38:00,244,240,244,240,0
2022-06-03 12:39:00,244,240,244,240,0
2022-06-03 12:40:00,244,240,244,240,0
2022-06-03 12:41:00,244,240,244,240,0
2022-06-03 12:42:00,244,240,244,240,0
2022-06-03 12:43:00,244,240,244,240,0
2022-06-03 12:44:00,244,240,244,240,0
2022-06-03 12:45:00,244,240,244,240,0
2022-06-03 12:46:00,244,240,244,240,0
2022-06-03 12:47:00,244,240,244,240,0
2022-06-03 12:48:00,244,240,244,240,0
2022-06-03 12:49:00,244,240,244,240,0
2022-06-03 12:50:00,244,240,244,240,0
2022-06-03 12:51:00,244,240,244,240,0
2022-06-03 12:52:00,244,240,244,240,0
2022-06-03 12:53:00,244,240,244,240,0
2022-06-03 12:54:00,244,240,244,240,0
2022-06-03 12:55:00,244,240,244,240,0
2022-06-03 12:56:00,244,240,244,240,0
2022-06-03 12:57:00,244,240,244,240,0
2022-06-03 12:58:00,244,240,244,240,0
2022-06-03 12:59:00,244,240,244,240,0
2022-06-03 13:00:00,244,240,244,240,0
2022-06-03 13:01:00,244,240,244,240,0
2022-06-03 13:02:00,244,240,244,240,0
2022-06-03 13:03:00,244,240,244,240,0
2022-06-03 13:04:00,244,240,244,240,0
2022-06-03 13:05:00,244,240,244,240,0
2022-06-03 13:06:00,244,240,244,240,0
2022-06-03 13:07:00,244,240,244,240,0
2022-06-03 13:08:00,244,240,244,240,0
2022-06-03 13:09:00,244,240,244,240,0
2022-06-03 13:10:00,244,240,244,240,0
2022-06-03 13:11:00,244,240,244,240,0
2022-06-03 13:12:00,244,240,244,240,0
2022-06-03 13:13:00,244,240,244,240,0
2022-06-03 13:14:00,244,240,244,240,0
2022-06-03 13:15:00,244,240,244,240,0
2022-06-03 13:16:00,244,240,244,240,0
2022-06-03 13:17:00,244,240,244,240,0
2022-06-03 13:18:00,244,240,244,240,0
2022-06-03 13:19:00,244,240,244,240,0
2022-06-03 13:20:00,244,240,244,240,0
2022-06-03 13:21:00,244,240,244,240,0
2022-06-03 13:22:00,244,240,244,240,0
2022-06-03 13:23:00,244,240,244,240,0
2022-06-03 13:24:00,244,240,244,240,0
2022-06-03 13:25:00,244,240,244,240,0
2022-06-03 13:26:00,244,240,244,240,0
2022-06-03 13:27:00,244,240,244,240,0
2022-06-03 13:28:00,244,240,244,240,0
2022-06-03 13:29:00,244,240,244,240,0
2022-06-03 13:30:00,244,240,244,240,0
2022-06-03 13:31:00,244,240,244,240,0
2022-06-03 13:32:00,244,240,244,240,0
2022-06-03 13:33:00,244,240,244,240,0
2022-06-03 13:34:00,256,256,256,256,100
2022-06-03 13:35:00,256,256,256,256,0
2022-06-03 13:36:00,256,256,256,256,0
2022-06-03 13:37:00,256,256,256,256,0
2022-06-03 13:38:00,256,256,256,256,0
2022-06-03 13:39:00,256,256,256,256,0
2022-06-03 13:40:00,256,256,256,256,0
2022-06-03 13:41:00,256,256,256,256,0
2022-06-03 13:42:00,256,256,256,256,0
2022-06-03 13:43:00,256,256,256,256,0
2022-06-03 13:44:00,256,256,256,256,0
2022-06-03 13:45:00,256,256,256,256,0
2022-06-03 13:46:00,256,256,256,256,0
2022-06-03 13:47:00,256,256,256,256,0
2022-06-03 13:48:00,256,256,256,256,0
2022-06-03 13:49:00,256,256,256,256,0
2022-06-03 13:50:00,256,256,256,256,0
2022-06-03 13:51:00,256,256,256,256,0
2022-06-03 13:52:00,256,256,256,256,0
2022-06-03 13:53:00,256,256,256,256,0
2022-06-03 13:54:00,256,256,256,256,0
2022-06-03 13:55:00,256,256,256,256,0
2022-06-03 13:56:00,256,256,256,256,0
2022-06-03 13:57:00,256,256,256,256,0
2022-06-03 13:58:00,256,256,256,256,0
2022-06-03 13:59:00,256,256,256,256,0
2022-06-03 14:00:00,256,256,256,256,0
2022-06-03 14:01:00,256,256,256,256,0
2022-06-03 14:02:00,256,256,256,256,0
2022-06-03 14:03:00,256,256,256,256,0
2022-06-03 14:04:00,256,256,256,256,0
2022-06-03 14:05:00,256,256,256,256,0
2022-06-03 14:06:00,256,256,256,256,0
2022-06-03 14:07:00,256,256,256,256,0
2022-06-03 14:08:00,256,256,256,256,0
2022-06-03 14:09:00,256,256,256,256,0
2022-06-03 14:10:00,256,256,256,256,0
2022-06-03 14:11:00,256,256,256,256,0
2022-06-03 14:12:00,256,256,256,256,0
2022-06-03 14:13:00,256,256,256,256,0
2022-06-03 14:14:00,256,256,256,256,0
2022-06-03 14:15:00,256,256,256,256,0
2022-06-03 14:16:00,256,256,256,256,0
2022-06-03 14:17:00,252,252,252,252,100
2022-06-03 14:18:00,254,254,256,256,800
2022-06-03 14:19:00,254,254,256,256,0
2022-06-03 14:20:00,254,254,256,256,0
2022-06-03 14:21:00,254,254,256,256,0
2022-06-03 14:22:00,254,254,256,256,0
2022-06-03 14:23:00,254,254,256,256,0
2022-06-03 14:24:00,254,254,256,256,0
2022-06-03 14:25:00,254,254,256,256,0
2022-06-03 14:26:00,254,254,256,256,0
2022-06-03 14:27:00,254,254,256,256,0
2022-06-03 14:28:00,254,254,256,256,0
2022-06-03 14:29:00,254,254,256,256,0
2022-06-03 14:30:00,254,254,256,256,0
2022-06-03 14:31:00,254,254,256,256,0
2022-06-03 14:32:00,254,254,256,256,0
2022-06-03 14:33:00,254,254,256,256,0
2022-06-03 14:34:00,254,254,256,256,0
2022-06-03 14:35:00,254,254,256,256,0
2022-06-03 14:36:00,254,254,256,256,0
2022-06-03 14:37:00,254,254,256,256,0
2022-06-03 14:38:00,254,254,256,256,0
2022-06-03 14:39:00,254,254,256,256,0
2022-06-03 14:40:00,254,254,256,256,0
2022-06-03 14:41:00,254,254,256,256,0
2022-06-03 14:42:00,254,254,256,256,0
2022-06-03 14:43:00,254,254,256,256,0
2022-06-03 14:44:00,254,254,256,256,0
2022-06-03 14:45:00,254,254,256,256,0
2022-06-03 14:46:00,254,254,256,256,0
2022-06-03 14:47:00,254,254,256,256,0
2022-06-03 14:48:00,254,254,256,256,0
2022-06-03 14:49:00,254,254,256,256,0
2022-06-03 14:50:00,254,254,256,256,0
2022-06-03 14:51:00,254,254,256,256,0
2022-06-03 14:52:00,254,254,256,256,0
2022-06-03 14:53:00,254,254,256,256,0
2022-06-03 14:54:00,254,254,256,256,0
2022-06-03 14:55:00,254,254,256,256,0
2022-06-03 14:56:00,254,254,256,256,0
2022-06-03 14:57:00,254,254,256,256,0
2022-06-03 14:58:00,254,254,256,256,0
2022-06-03 14:59:00,254,254,256,256,0
2022-06-03 15:00:00,240,240,240,240,1200
2022-06-03 15:01:00,240,240,240,240,0
2022-06-03 15:02:00,240,240,240,240,0
2022-06-03 15:03:00,240,240,240,240,0
2022-06-03 15:04:00,240,240,240,240,0
2022-06-03 15:05:00,240,240,240,240,0
2022-06-03 15:06:00,240,240,240,240,0
2022-06-03 15:07:00,240,240,240,240,0
2022-06-03 15:08:00,240,240,240,240,0
2022-06-03 15:09:00,240,240,240,240,0
2022-06-03 15:10:00,240,240,240,240,0
2022-06-03 15:11:00,240,240,240,240,0
2022-06-03 15:12:00,240,240,240,240,0
2022-06-03 15:13:00,240,240,240,240,0
2022-06-03 15:14:00,240,240,240,240,0
2022-06-03 15:15:00,240,240,240,240,0
2022-06-03 15:16:00,240,240,240,240,0
2022-06-03 15:17:00,240,240,240,240,0
2022-06-03 15:18:00,240,240,240,240,0
2022-06-03 15:19:00,240,240,240,240,0
2022-06-03 15:20:00,240,240,240,240,0
2022-06-03 15:21:00,240,240,240,240,0
2022-06-03 15:22:00,240,240,240,240,0
2022-06-03 15:23:00,240,240,240,240,0
2022-06-03 15:24:00,240,240,240,240,0
2022-06-03 15:25:00,240,240,240,240,0
2022-06-03 15:26:00,240,240,240,240,0
2022-06-03 15:27:00,240,240,240,240,0
2022-06-03 15:28:00,240,240,240,240,0
2022-06-03 15:29:00,240,240,240,240,0
2022-06-03 15:30:00,240,240,240,240,0
2022-06-03 15:31:00,240,240,240,240,0
2022-06-03 15:32:00,240,240,240,240,0
2022-06-03 15:33:00,240,240,240,240,0
2022-06-03 15:34:00,240,240,240,240,0
2022-06-03 15:35:00,240,240,240,240,0
2022-06-03 15:36:00,240,240,240,240,0
2022-06-03 15:37:00,240,240,240,240,0
2022-06-03 15:38:00,240,240,240,240,0
2022-06-03 15:39:00,240,240,240,240,0
2022-06-03 15:40:00,240,240,240,240,0
2022-06-03 15:41:00,240,240,240,240,0
2022-06-03 15:42:00,240,240,240,240,0
2022-06-03 15:43:00,240,240,240,240,0
2022-06-03 15:44:00,240,240,240,240,0
2022-06-03 15:45:00,240,240,240,240,0
2022-06-03 15:46:00,240,240,240,240,0
2022-06-03 15:47:00,240,240,240,240,0
2022-06-03 15:48:00,240,240,240,240,0
2022-06-03 15:49:00,240,240,240,240,0
2022-06-03 15:50:00,240,240,240,240,0
2022-06-03 15:51:00,240,240,240,240,0
2022-06-03 15:52:00,240,240,240,240,0
2022-06-03 15:53:00,240,240,240,240,0
2022-06-03 15:54:00,240,240,240,240,0
2022-06-03 15:55:00,240,240,240,240,0
2022-06-03 15:56:00,240,240,240,240,0
2022-06-03 15:57:00,240,240,240,240,0
2022-06-03 15:58:00,240,240,240,240,0
2022-06-03 15:59:00,240,240,240,240,0
2022-06-06 09:00:00,242,242,242,242,0
2022-06-06 09:01:00,242,242,242,242,0
2022-06-06 09:02:00,242,242,242,242,0
2022-06-06 09:03:00,242,242,242,242,0
2022-06-06 09:04:00,242,242,242,242,0
2022-06-06 09:05:00,242,242,242,242,0
2022-06-06 09:06:00,242,242,242,242,0
2022-06-06 09:07:00,242,242,242,242,0
2022-06-06 09:08:00,242,242,242,242,0
2022-06-06 09:09:00,242,242,242,242,0
2022-06-06 09:10:00,242,242,242,242,0
2022-06-06 09:11:00,242,242,242,242,0
2022-06-06 09:12:00,242,242,242,242,0
2022-06-06 09:13:00,242,242,242,242,0
2022-06-06 09:14:00,242,242,242,242,0
2022-06-06 09:15:00,242,242,242,242,0
2022-06-06 09:16:00,242,242,242,242,0
2022-06-06 09:17:00,242,242,242,242,0
2022-06-06 09:18:00,242,242,242,242,0
2022-06-06 09:19:00,242,242,242,242,0
2022-06-06 09:20:00,242,242,242,242,0
2022-06-06 09:21:00,242,242,242,242,0
2022-06-06 09:22:00,242,242,242,242,0
2022-06-06 09:23:00,242,242,242,242,0
2022-06-06 09:24:00,242,242,242,242,0
2022-06-06 09:25:00,242,242,242,242,0
2022-06-06 09:26:00,242,242,242,242,0
2022-06-06 09:27:00,242,242,242,242,0
2022-06-06 09:28:00,242,242,242,242,0
2022-06-06 09:29:00,242,242,242,242,0
2022-06-06 09:30:00,242,242,242,242,0
2022-06-06 09:31:00,242,242,242,242,0
2022-06-06 09:32:00,242,242,242,242,0
2022-06-06 09:33:00,242,242,242,242,0
2022-06-06 09:34:00,242,242,242,242,0
2022-06-06 09:35:00,242,242,242,242,0
2022-06-06 09:36:00,242,242,242,242,0
2022-06-06 09:37:00,242,242,242,242,0
2022-06-06 09:38:00,242,242,242,242,0
2022-06-06 09:39:00,242,242,242,242,0
2022-06-06 09:40:00,242,242,242,242,1100
2022-06-06 09:41:00,242,242,242,242,0
2022-06-06 09:42:00,242,242,242,242,100
2022-06-06 09:43:00,242,242,242,242,0
2022-06-06 09:44:00,242,242,242,242,0
2022-06-06 09:45:00,242,242,242,242,0
2022-06-06 09:46:00,242,242,242,242,0
2022-06-06 09:47:00,242,242,242,242,0
2022-06-06 09:48:00,242,242,242,242,0
2022-06-06 09:49:00,240,240,240,240,100
2022-06-06 09:50:00,240,240,240,240,0
2022-06-06 09:51:00,240,240,240,240,0
2022-06-06 09:52:00,240,240,240,240,0
2022-06-06 09:53:00,240,240,240,240,0
2022-06-06 09:54:00,240,240,240,240,0
2022-06-06 09:55:00,240,240,240,240,0
2022-06-06 09:56:00,240,240,240,240,0
2022-06-06 09:57:00,240,240,240,240,0
2022-06-06 09:58:00,240,240,240,240,0
2022-06-06 09:59:00,240,240,240,240,0
2022-06-06 10:00:00,240,240,240,240,0
2022-06-06 10:01:00,240,240,240,240,0
2022-06-06 10:02:00,240,240,240,240,0
2022-06-06 10:03:00,240,240,240,240,0
2022-06-06 10:04:00,240,240,240,240,0
2022-06-06 10:05:00,240,240,240,240,0
2022-06-06 10:06:00,240,240,240,240,0
2022-06-06 10:07:00,240,240,240,240,0
2022-06-06 10:08:00,240,240,240,240,0
2022-06-06 10:09:00,240,240,240,240,0
2022-06-06 10:10:00,240,240,240,240,0
2022-06-06 10:11:00,240,240,240,240,0
2022-06-06 10:12:00,240,240,240,240,0
2022-06-06 10:13:00,240,240,240,240,0
2022-06-06 10:14:00,240,240,240,240,0
2022-06-06 10:15:00,240,240,240,240,0
2022-06-06 10:16:00,240,240,240,240,0
2022-06-06 10:17:00,240,240,240,240,0
2022-06-06 10:18:00,240,240,240,240,0
2022-06-06 10:19:00,240,240,240,240,0
2022-06-06 10:20:00,240,240,240,240,0
2022-06-06 10:21:00,240,240,240,240,0
2022-06-06 10:22:00,240,240,240,240,0
2022-06-06 10:23:00,240,240,240,240,0
2022-06-06 10:24:00,240,240,240,240,0
2022-06-06 10:25:00,240,240,240,240,0
2022-06-06 10:26:00,240,240,240,240,0
2022-06-06 10:27:00,240,240,240,240,0
2022-06-06 10:28:00,240,240,240,240,0
2022-06-06 10:29:00,240,240,240,240,0
2022-06-06 10:30:00,240,240,240,240,0
2022-06-06 10:31:00,240,240,240,240,0
2022-06-06 10:32:00,240,240,240,240,0
2022-06-06 10:33:00,240,240,240,240,0
2022-06-06 10:34:00,240,240,240,240,0
2022-06-06 10:35:00,240,240,240,240,0
2022-06-06 10:36:00,240,240,240,240,0
2022-06-06 10:37:00,240,240,240,240,0
2022-06-06 10:38:00,240,240,240,240,0
2022-06-06 10:39:00,240,240,240,240,0
2022-06-06 10:40:00,240,240,240,240,0
2022-06-06 10:41:00,240,240,240,240,0
2022-06-06 10:42:00,240,240,240,240,0
2022-06-06 10:43:00,240,240,240,240,0
2022-06-06 10:44:00,240,240,240,240,0
2022-06-06 10:45:00,240,240,240,240,0
2022-06-06 10:46:00,240,240,240,240,0
2022-06-06 10:47:00,240,240,240,240,0
2022-06-06 10:48:00,240,240,240,240,0
2022-06-06 10:49:00,240,240,240,240,0
2022-06-06 10:50:00,240,240,240,240,0
2022-06-06 10:51:00,240,240,240,240,0
2022-06-06 10:52:00,240,240,240,240,0
2022-06-06 10:53:00,240,240,240,240,0
2022-06-06 10:54:00,240,240,240,240,0
2022-06-06 10:55:00,242,242,242,242,100
2022-06-06 10:56:00,242,242,242,242,0
2022-06-06 10:57:00,242,242,242,242,0
2022-06-06 10:58:00,242,242,242,242,0
2022-06-06 10:59:00,242,242,242,242,0
2022-06-06 11:00:00,242,242,242,242,0
2022-06-06 11:01:00,242,242,242,242,0
2022-06-06 11:02:00,242,242,242,242,0
2022-06-06 11:03:00,242,242,242,242,0
2022-06-06 11:04:00,242,242,242,242,0
2022-06-06 11:05:00,242,242,242,242,0
2022-06-06 11:06:00,242,242,242,242,0
2022-06-06 11:07:00,242,242,242,242,0
2022-06-06 11:08:00,242,242,242,242,0
2022-06-06 11:09:00,242,242,242,242,0
2022-06-06 11:10:00,242,242,242,242,0
2022-06-06 11:11:00,242,242,242,242,0
2022-06-06 11:12:00,242,242,242,242,0
2022-06-06 11:13:00,242,242,242,242,0
2022-06-06 11:14:00,242,242,242,242,0
2022-06-06 11:15:00,242,242,242,242,0
2022-06-06 11:16:00,242,242,242,242,0
2022-06-06 11:17:00,242,242,242,242,0
2022-06-06 11:18:00,242,242,242,242,0
2022-06-06 11:19:00,242,242,242,242,0
2022-06-06 11:20:00,242,242,242,242,0
2022-06-06 11:21:00,242,242,242,242,0
2022-06-06 11:22:00,242,242,242,242,0
2022-06-06 11:23:00,242,242,242,242,0
2022-06-06 11:24:00,242,242,242,242,0
2022-06-06 11:25:00,242,242,242,242,0
2022-06-06 11:26:00,242,242,242,242,0
2022-06-06 11:27:00,242,242,242,242,0
2022-06-06 11:28:00,242,242,242,242,0
2022-06-06 11:29:00,242,242,242,242,0
2022-06-06 11:30:00,242,242,242,242,0
2022-06-06 11:31:00,242,242,242,242,0
2022-06-06 11:32:00,242,242,242,242,0
2022-06-06 11:33:00,242,242,242,242,0
2022-06-06 11:34:00,242,242,242,242,0
2022-06-06 11:35:00,242,242,242,242,0
2022-06-06 11:36:00,242,242,242,242,0
2022-06-06 11:37:00,242,242,242,242,0
2022-06-06 11:38:00,242,242,242,242,0
2022-06-06 11:39:00,242,242,242,242,0
2022-06-06 11:40:00,242,242,242,242,0
2022-06-06 11:41:00,242,242,242,242,0
2022-06-06 11:42:00,242,242,242,242,0
2022-06-06 11:43:00,242,242,242,242,0
2022-06-06 11:44:00,242,242,242,242,0
2022-06-06 11:45:00,242,242,242,242,0
2022-06-06 11:46:00,242,242,242,242,0
2022-06-06 11:47:00,242,242,242,242,0
2022-06-06 11:48:00,242,242,242,242,0
2022-06-06 11:49:00,242,242,242,242,0
2022-06-06 11:50:00,242,242,242,242,0
2022-06-06 11:51:00,242,242,242,242,0
2022-06-06 11:52:00,242,242,242,242,0
2022-06-06 11:53:00,242,242,242,242,0
2022-06-06 11:54:00,242,242,242,242,0
2022-06-06 11:55:00,242,242,242,242,0
2022-06-06 11:56:00,242,242,242,242,0
2022-06-06 11:57:00,242,242,242,242,0
2022-06-06 11:58:00,242,242,242,242,0
2022-06-06 11:59:00,242,242,242,242,0
2022-06-06 12:00:00,242,242,242,242,0
2022-06-06 12:01:00,242,242,242,242,0
2022-06-06 12:02:00,242,242,242,242,0
2022-06-06 12:03:00,242,242,242,242,0
2022-06-06 12:04:00,242,242,242,242,0
2022-06-06 12:05:00,242,242,242,242,0
2022-06-06 12:06:00,242,242,242,242,0
2022-06-06 12:07:00,242,242,242,242,0
2022-06-06 12:08:00,242,242,242,242,0
2022-06-06 12:09:00,242,242,242,242,0
2022-06-06 12:10:00,242,242,242,242,0
2022-06-06 12:11:00,242,242,242,242,0
2022-06-06 12:12:00,242,242,242,242,0
2022-06-06 12:13:00,242,242,242,242,0
2022-06-06 12:14:00,242,242,242,242,0
2022-06-06 12:15:00,242,242,242,242,0
2022-06-06 12:16:00,242,242,242,242,0
2022-06-06 12:17:00,242,242,242,242,0
2022-06-06 12:18:00,242,242,242,242,0
2022-06-06 12:19:00,242,242,242,242,0
2022-06-06 12:20:00,242,242,242,242,0
2022-06-06 12:21:00,242,242,242,242,0
2022-06-06 12:22:00,242,242,242,242,0
2022-06-06 12:23:00,242,242,242,242,0
2022-06-06 12:24:00,242,242,242,242,0
2022-06-06 12:25:00,242,242,242,242,0
2022-06-06 12:26:00,242,242,242,242,0
2022-06-06 12:27:00,242,242,242,242,0
2022-06-06 12:28:00,242,242,242,242,0
2022-06-06 12:29:00,242,242,242,242,0
2022-06-06 12:30:00,242,242,242,242,0
2022-06-06 12:31:00,242,242,242,242,0
2022-06-06 12:32:00,242,242,242,242,0
2022-06-06 12:33:00,242,242,242,242,0
2022-06-06 12:34:00,242,242,242,242,0
2022-06-06 12:35:00,242,242,242,242,0
2022-06-06 12:36:00,242,242,242,242,0
2022-06-06 12:37:00,242,242,242,242,0
2022-06-06 12:38:00,242,242,242,242,0
2022-06-06 12:39:00,242,242,242,242,0
2022-06-06 12:40:00,242,242,242,242,0
2022-06-06 12:41:00,242,242,242,242,0
2022-06-06 12:42:00,242,242,242,242,0
2022-06-06 12:43:00,242,242,242,242,0
2022-06-06 12:44:00,242,242,242,242,0
2022-06-06 12:45:00,242,242,242,242,0
2022-06-06 12:46:00,242,242,242,242,0
2022-06-06 12:47:00,242,242,242,242,0
2022-06-06 12:48:00,242,242,242,242,0
2022-06-06 12:49:00,242,242,242,242,0
2022-06-06 12:50:00,242,242,242,242,0
2022-06-06 12:51:00,242,242,242,242,0
2022-06-06 12:52:00,242,242,242,242,0
2022-06-06 12:53:00,242,242,242,242,0
2022-06-06 12:54:00,242,242,242,242,0
2022-06-06 12:55:00,242,242,242,242,0
2022-06-06 12:56:00,242,242,242,242,0
2022-06-06 12:57:00,242,242,242,242,0
2022-06-06 12:58:00,242,242,242,242,0
2022-06-06 12:59:00,242,242,242,242,0
2022-06-06 13:00:00,242,242,242,242,0
2022-06-06 13:01:00,242,242,242,242,0
2022-06-06 13:02:00,242,242,242,242,0
2022-06-06 13:03:00,242,242,242,242,0
2022-06-06 13:04:00,242,242,242,242,0
2022-06-06 13:05:00,242,242,242,242,0
2022-06-06 13:06:00,242,242,242,242,0
2022-06-06 13:07:00,242,242,242,242,0
2022-06-06 13:08:00,242,242,242,242,0
2022-06-06 13:09:00,242,242,242,242,0
2022-06-06 13:10:00,242,242,242,242,0
2022-06-06 13:11:00,242,242,242,242,0
2022-06-06 13:12:00,242,242,242,242,0
2022-06-06 13:13:00,242,242,242,242,0
2022-06-06 13:14:00,242,242,242,242,0
2022-06-06 13:15:00,242,242,242,242,0
2022-06-06 13:16:00,242,242,242,242,0
2022-06-06 13:17:00,242,242,242,242,0
2022-06-06 13:18:00,242,242,242,242,0
2022-06-06 13:19:00,242,242,242,242,0
2022-06-06 13:20:00,242,242,242,242,0
2022-06-06 13:21:00,242,242,242,242,0
2022-06-06 13:22:00,242,242,242,242,0
2022-06-06 13:23:00,242,242,242,242,0
2022-06-06 13:24:00,242,242,242,242,0
2022-06-06 13:25:00,242,242,242,242,0
2022-06-06 13:26:00,242,242,242,242,0
2022-06-06 13:27:00,242,242,242,242,0
2022-06-06 13:28:00,242,242,242,242,0
2022-06-06 13:29:00,242,242,242,242,0
2022-06-06 13:30:00,240,240,240,240,500
2022-06-06 13:31:00,240,240,240,240,0
2022-06-06 13:32:00,240,240,240,240,0
2022-06-06 13:33:00,240,240,240,240,0
2022-06-06 13:34:00,240,240,240,240,0
2022-06-06 13:35:00,240,240,240,240,0
2022-06-06 13:36:00,240,240,240,240,0
2022-06-06 13:37:00,240,240,240,240,0
2022-06-06 13:38:00,240,240,240,240,0
2022-06-06 13:39:00,240,240,240,240,0
2022-06-06 13:40:00,240,240,240,240,0
2022-06-06 13:41:00,240,240,240,240,0
2022-06-06 13:42:00,240,240,240,240,0
2022-06-06 13:43:00,240,240,240,240,0
2022-06-06 13:44:00,240,240,240,240,0
2022-06-06 13:45:00,240,240,240,240,0
2022-06-06 13:46:00,240,240,240,240,0
2022-06-06 13:47:00,240,240,240,240,0
2022-06-06 13:48:00,240,240,240,240,0
2022-06-06 13:49:00,240,240,240,240,0
2022-06-06 13:50:00,240,240,240,240,0
2022-06-06 13:51:00,240,240,240,240,0
2022-06-06 13:52:00,240,240,240,240,0
2022-06-06 13:53:00,240,240,240,240,0
2022-06-06 13:54:00,240,240,240,240,0
2022-06-06 13:55:00,240,240,240,240,0
2022-06-06 13:56:00,240,240,240,240,0
2022-06-06 13:57:00,240,240,240,240,0
2022-06-06 13:58:00,240,240,240,240,0
2022-06-06 13:59:00,240,240,240,240,0
2022-06-06 14:00:00,240,240,240,240,0
2022-06-06 14:01:00,240,240,240,240,0
2022-06-06 14:02:00,240,240,240,240,0
2022-06-06 14:03:00,240,240,240,240,0
2022-06-06 14:04:00,240,240,240,240,0
2022-06-06 14:05:00,240,240,240,240,0
2022-06-06 14:06:00,240,240,240,240,0
2022-06-06 14:07:00,240,240,240,240,100
2022-06-06 14:08:00,240,240,240,240,0
2022-06-06 14:09:00,240,240,240,240,0
2022-06-06 14:10:00,240,240,240,240,0
2022-06-06 14:11:00,240,240,240,240,0
2022-06-06 14:12:00,240,240,240,240,0
2022-06-06 14:13:00,240,240,240,240,0
2022-06-06 14:14:00,240,240,240,240,0
2022-06-06 14:15:00,240,240,240,240,0
2022-06-06 14:16:00,240,240,240,240,0
2022-06-06 14:17:00,240,240,240,240,0
2022-06-06 14:18:00,240,240,240,240,0
2022-06-06 14:19:00,240,240,240,240,0
2022-06-06 14:20:00,240,240,240,240,0
2022-06-06 14:21:00,240,240,240,240,0
2022-06-06 14:22:00,240,240,240,240,0
2022-06-06 14:23:00,240,240,240,240,0
2022-06-06 14:24:00,240,240,240,240,0
2022-06-06 14:25:00,240,240,240,240,0
2022-06-06 14:26:00,240,240,240,240,0
2022-06-06 14:27:00,240,240,240,240,0
2022-06-06 14:28:00,240,240,240,240,0
2022-06-06 14:29:00,240,240,240,240,0
2022-06-06 14:30:00,240,240,240,240,0
2022-06-06 14:31:00,240,240,240,240,0
2022-06-06 14:32:00,240,240,240,240,0
2022-06-06 14:33:00,240,240,240,240,0
2022-06-06 14:34:00,240,240,240,240,0
2022-06-06 14:35:00,240,240,240,240,0
2022-06-06 14:36:00,240,240,240,240,0
2022-06-06 14:37:00,240,240,240,240,0
2022-06-06 14:38:00,240,240,240,240,0
2022-06-06 14:39:00,240,240,240,240,0
2022-06-06 14:40:00,240,240,240,240,0
2022-06-06 14:41:00,240,240,240,240,0
2022-06-06 14:42:00,240,240,240,240,0
2022-06-06 14:43:00,240,240,240,240,0
2022-06-06 14:44:00,240,240,240,240,0
2022-06-06 14:45:00,240,240,240,240,0
2022-06-06 14:46:00,240,240,240,240,0
2022-06-06 14:47:00,240,240,240,240,0
2022-06-06 14:48:00,240,240,240,240,0
2022-06-06 14:49:00,240,240,240,240,0
2022-06-06 14:50:00,240,240,240,240,0
2022-06-06 14:51:00,240,240,240,240,0
2022-06-06 14:52:00,240,240,240,240,0
2022-06-06 14:53:00,240,240,240,240,0
2022-06-06 14:54:00,240,240,240,240,0
2022-06-06 14:55:00,240,240,240,240,0
2022-06-06 14:56:00,240,240,240,240,0
2022-06-06 14:57:00,240,240,240,240,0
2022-06-06 14:58:00,240,240,240,240,0
2022-06-06 14:59:00,240,240,240,240,0
2022-06-06 15:00:00,240,240,240,240,0
2022-06-06 15:01:00,240,240,240,240,0
2022-06-06 15:02:00,240,240,240,240,0
2022-06-06 15:03:00,240,240,240,240,0
2022-06-06 15:04:00,240,240,240,240,0
2022-06-06 15:05:00,240,240,240,240,0
2022-06-06 15:06:00,240,240,240,240,0
2022-06-06 15:07:00,240,240,240,240,0
2022-06-06 15:08:00,240,240,240,240,0
2022-06-06 15:09:00,240,240,240,240,0
2022-06-06 15:10:00,240,240,240,240,0
2022-06-06 15:11:00,240,240,240,240,0
2022-06-06 15:12:00,240,240,240,240,0
2022-06-06 15:13:00,240,240,240,240,0
2022-06-06 15:14:00,240,240,240,240,0
2022-06-06 15:15:00,240,240,240,240,0
2022-06-06 15:16:00,240,240,240,240,0
2022-06-06 15:17:00,240,240,240,240,0
2022-06-06 15:18:00,240,240,240,240,0
2022-06-06 15:19:00,240,240,240,240,0
2022-06-06 15:20:00,240,240,240,240,0
2022-06-06 15:21:00,240,240,240,240,0
2022-06-06 15:22:00,240,240,240,240,0
2022-06-06 15:23:00,240,240,240,240,0
2022-06-06 15:24:00,240,240,240,240,0
2022-06-06 15:25:00,240,240,240,240,0
2022-06-06 15:26:00,240,240,240,240,0
2022-06-06 15:27:00,240,240,240,240,0
2022-06-06 15:28:00,240,240,240,240,0
2022-06-06 15:29:00,240,240,240,240,0
2022-06-06 15:30:00,240,240,240,240,0
2022-06-06 15:31:00,240,240,240,240,0
2022-06-06 15:32:00,240,240,240,240,0
2022-06-06 15:33:00,240,240,240,240,0
2022-06-06 15:34:00,240,240,240,240,0
2022-06-06 15:35:00,240,240,240,240,0
2022-06-06 15:36:00,240,240,240,240,0
2022-06-06 15:37:00,240,240,240,240,0
2022-06-06 15:38:00,240,240,240,240,0
2022-06-06 15:39:00,240,240,240,240,0
2022-06-06 15:40:00,240,240,240,240,0
2022-06-06 15:41:00,240,240,240,240,0
2022-06-06 15:42:00,240,240,240,240,0
2022-06-06 15:43:00,240,240,240,240,0
2022-06-06 15:44:00,240,240,240,240,0
2022-06-06 15:45:00,240,240,240,240,0
2022-06-06 15:46:00,240,240,240,240,0
2022-06-06 15:47:00,240,240,240,240,0
2022-06-06 15:48:00,240,240,240,240,0
2022-06-06 15:49:00,240,240,240,240,0
2022-06-06 15:50:00,240,240,240,240,0
2022-06-06 15:51:00,240,240,240,240,0
2022-06-06 15:52:00,240,240,240,240,0
2022-06-06 15:53:00,240,240,240,240,0
2022-06-06 15:54:00,240,240,240,240,0
2022-06-06 15:55:00,240,240,240,240,0
2022-06-06 15:56:00,240,240,240,240,0
2022-06-06 15:57:00,240,240,240,240,0
2022-06-06 15:58:00,240,240,240,240,0
2022-06-06 15:59:00,240,240,240,240,0
2022-06-07 09:00:00,240,240,240,240,0
2022-06-07 09:01:00,240,240,240,240,0
2022-06-07 09:02:00,226,224,226,224,3600
2022-06-07 09:03:00,226,224,226,224,0
2022-06-07 09:04:00,226,224,226,224,0
2022-06-07 09:05:00,226,224,226,224,0
2022-06-07 09:06:00,226,224,226,224,0
2022-06-07 09:07:00,226,224,226,224,0
2022-06-07 09:08:00,226,224,226,224,0
2022-06-07 09:09:00,226,224,226,224,0
2022-06-07 09:10:00,226,224,226,224,0
2022-06-07 09:11:00,226,224,226,224,0
2022-06-07 09:12:00,226,224,226,224,0
2022-06-07 09:13:00,226,224,226,224,0
2022-06-07 09:14:00,226,224,226,224,0
2022-06-07 09:15:00,226,224,226,224,0
2022-06-07 09:16:00,226,224,226,224,0
2022-06-07 09:17:00,226,224,226,224,0
2022-06-07 09:18:00,226,224,226,224,0
2022-06-07 09:19:00,226,224,226,224,0
2022-06-07 09:20:00,226,224,226,224,0
2022-06-07 09:21:00,226,224,226,224,0
2022-06-07 09:22:00,226,224,226,224,0
2022-06-07 09:23:00,226,224,226,224,0
2022-06-07 09:24:00,240,240,240,240,100
2022-06-07 09:25:00,240,240,240,240,0
2022-06-07 09:26:00,240,240,240,240,0
2022-06-07 09:27:00,240,240,240,240,0
2022-06-07 09:28:00,240,240,240,240,0
2022-06-07 09:29:00,240,240,240,240,0
2022-06-07 09:30:00,240,240,240,240,0
2022-06-07 09:31:00,240,240,240,240,0
2022-06-07 09:32:00,240,240,240,240,0
2022-06-07 09:33:00,240,240,240,240,0
2022-06-07 09:34:00,240,240,240,240,0
2022-06-07 09:35:00,240,240,240,240,0
2022-06-07 09:36:00,240,240,240,240,0
2022-06-07 09:37:00,240,240,240,240,0
2022-06-07 09:38:00,240,240,240,240,0
2022-06-07 09:39:00,240,240,240,240,0
2022-06-07 09:40:00,240,240,240,240,0
2022-06-07 09:41:00,240,240,240,240,0
2022-06-07 09:42:00,240,240,240,240,0
2022-06-07 09:43:00,240,240,240,240,0
2022-06-07 09:44:00,240,240,240,240,0
2022-06-07 09:45:00,240,240,240,240,100
2022-06-07 09:46:00,240,240,240,240,0
2022-06-07 09:47:00,240,240,240,240,0
2022-06-07 09:48:00,240,240,240,240,0
2022-06-07 09:49:00,234,224,234,224,25400
2022-06-07 09:50:00,234,224,234,224,0
2022-06-07 09:51:00,234,224,234,224,0
2022-06-07 09:52:00,234,224,234,224,0
2022-06-07 09:53:00,234,224,234,224,0
2022-06-07 09:54:00,234,224,234,224,0
2022-06-07 09:55:00,248,248,292,290,700
2022-06-07 09:56:00,286,286,290,286,1600
2022-06-07 09:57:00,286,286,290,290,2500
2022-06-07 09:58:00,286,286,286,286,2300
2022-06-07 09:59:00,286,286,286,286,500
2022-06-07 10:00:00,284,284,286,286,6200
2022-06-07 10:01:00,286,286,286,286,15000
2022-06-07 10:02:00,286,286,286,286,3200
2022-06-07 10:03:00,286,286,286,286,0
2022-06-07 10:04:00,284,284,284,284,400
2022-06-07 10:05:00,284,284,284,284,0
2022-06-07 10:06:00,280,280,280,280,800
2022-06-07 10:07:00,280,280,280,280,300
2022-06-07 10:08:00,248,248,260,248,600
2022-06-07 10:09:00,248,248,248,248,800
2022-06-07 10:10:00,248,248,248,248,300
2022-06-07 10:11:00,248,248,248,248,0
2022-06-07 10:12:00,250,248,250,248,700
2022-06-07 10:13:00,250,248,250,248,0
2022-06-07 10:14:00,250,248,250,248,0
2022-06-07 10:15:00,250,248,250,248,0
2022-06-07 10:16:00,250,248,250,248,0
2022-06-07 10:17:00,248,248,248,248,100
2022-06-07 10:18:00,248,248,248,248,0
2022-06-07 10:19:00,248,248,248,248,0
2022-06-07 10:20:00,248,248,248,248,0
2022-06-07 10:21:00,248,248,248,248,0
2022-06-07 10:22:00,248,248,248,248,0
2022-06-07 10:23:00,248,248,248,248,0
2022-06-07 10:24:00,248,248,248,248,0
2022-06-07 10:25:00,248,248,248,248,0
2022-06-07 10:26:00,248,248,248,248,0
2022-06-07 10:27:00,250,250,250,250,100
2022-06-07 10:28:00,250,250,250,250,0
2022-06-07 10:29:00,250,250,250,250,200
2022-06-07 10:30:00,250,250,250,250,0
2022-06-07 10:31:00,250,250,250,250,0
2022-06-07 10:32:00,250,250,250,250,0
2022-06-07 10:33:00,250,250,250,250,0
2022-06-07 10:34:00,250,250,250,250,0
2022-06-07 10:35:00,250,250,250,250,0
2022-06-07 10:36:00,250,250,250,250,0
2022-06-07 10:37:00,252,252,252,252,1100
2022-06-07 10:38:00,252,252,252,252,0
2022-06-07 10:39:00,252,252,252,252,0
2022-06-07 10:40:00,252,252,252,252,0
2022-06-07 10:41:00,268,268,268,268,100
2022-06-07 10:42:00,270,270,278,278,600
2022-06-07 10:43:00,270,270,278,278,0
2022-06-07 10:44:00,270,270,278,278,0
2022-06-07 10:45:00,278,278,278,278,200
2022-06-07 10:46:00,276,276,276,276,900
2022-06-07 10:47:00,276,276,276,276,0
2022-06-07 10:48:00,276,276,276,276,0
2022-06-07 10:49:00,276,276,276,276,0
2022-06-07 10:50:00,276,276,276,276,0
2022-06-07 10:51:00,276,276,276,276,0
2022-06-07 10:52:00,276,276,276,276,0
2022-06-07 10:53:00,276,276,276,276,0
2022-06-07 10:54:00,276,276,276,276,0
2022-06-07 10:55:00,276,276,276,276,0
2022-06-07 10:56:00,276,276,276,276,0
2022-06-07 10:57:00,276,276,276,276,0
2022-06-07 10:58:00,276,276,276,276,0
2022-06-07 10:59:00,270,270,270,270,6000
2022-06-07 11:00:00,270,270,270,270,0
2022-06-07 11:01:00,270,270,270,270,0
2022-06-07 11:02:00,270,270,270,270,0
2022-06-07 11:03:00,270,270,270,270,100
2022-06-07 11:04:00,270,270,270,270,0
2022-06-07 11:05:00,270,270,270,270,200
2022-06-07 11:06:00,270,270,270,270,100
2022-06-07 11:07:00,270,270,270,270,0
2022-06-07 11:08:00,268,268,268,268,800
2022-06-07 11:09:00,268,268,268,268,0
2022-06-07 11:10:00,268,268,268,268,900
2022-06-07 11:11:00,268,268,268,268,0
2022-06-07 11:12:00,268,268,268,268,0
2022-06-07 11:13:00,268,268,268,268,1000
2022-06-07 11:14:00,268,268,268,268,0
2022-06-07 11:15:00,268,268,268,268,0
2022-06-07 11:16:00,272,272,272,272,100
2022-06-07 11:17:00,272,272,272,272,0
2022-06-07 11:18:00,272,272,274,272,1200
2022-06-07 11:19:00,274,274,274,274,1000
2022-06-07 11:20:00,272,272,272,272,100
2022-06-07 11:21:00,274,274,274,274,1000
2022-06-07 11:22:00,274,274,274,274,0
2022-06-07 11:23:00,274,274,274,274,0
2022-06-07 11:24:00,272,272,274,274,2000
2022-06-07 11:25:00,274,274,274,274,200
2022-06-07 11:26:00,274,274,274,274,0
2022-06-07 11:27:00,274,274,274,274,0
2022-06-07 11:28:00,274,274,274,274,0
2022-06-07 11:29:00,274,274,274,274,100
2022-06-07 11:30:00,274,274,274,274,0
2022-06-07 11:31:00,274,274,274,274,0
2022-06-07 11:32:00,274,274,274,274,0
2022-06-07 11:33:00,274,274,274,274,0
2022-06-07 11:34:00,274,274,274,274,0
2022-06-07 11:35:00,274,274,274,274,0
2022-06-07 11:36:00,274,274,274,274,0
2022-06-07 11:37:00,274,274,274,274,0
2022-06-07 11:38:00,274,274,274,274,0
2022-06-07 11:39:00,274,274,274,274,0
2022-06-07 11:40:00,274,274,274,274,0
2022-06-07 11:41:00,274,274,274,274,0
2022-06-07 11:42:00,274,274,274,274,0
2022-06-07 11:43:00,274,274,274,274,0
2022-06-07 11:44:00,274,274,274,274,0
2022-06-07 11:45:00,274,274,274,274,0
2022-06-07 11:46:00,274,274,274,274,0
2022-06-07 11:47:00,274,274,274,274,0
2022-06-07 11:48:00,274,274,274,274,0
2022-06-07 11:49:00,274,274,274,274,0
2022-06-07 11:50:00,274,274,274,274,0
2022-06-07 11:51:00,274,274,274,274,0
2022-06-07 11:52:00,274,274,274,274,0
2022-06-07 11:53:00,274,274,274,274,0
2022-06-07 11:54:00,274,274,274,274,0
2022-06-07 11:55:00,274,274,274,274,0
2022-06-07 11:56:00,274,274,274,274,0
2022-06-07 11:57:00,274,274,274,274,0
2022-06-07 11:58:00,274,274,274,274,0
2022-06-07 11:59:00,274,274,274,274,0
2022-06-07 12:00:00,274,274,274,274,0
2022-06-07 12:01:00,274,274,274,274,0
2022-06-07 12:02:00,274,274,274,274,0
2022-06-07 12:03:00,274,274,274,274,0
2022-06-07 12:04:00,274,274,274,274,0
2022-06-07 12:05:00,274,274,274,274,0
2022-06-07 12:06:00,274,274,274,274,0
2022-06-07 12:07:00,274,274,274,274,0
2022-06-07 12:08:00,274,274,274,274,0
2022-06-07 12:09:00,274,274,274,274,0
2022-06-07 12:10:00,274,274,274,274,0
2022-06-07 12:11:00,274,274,274,274,0
2022-06-07 12:12:00,274,274,274,274,0
2022-06-07 12:13:00,274,274,274,274,0
2022-06-07 12:14:00,274,274,274,274,0
2022-06-07 12:15:00,274,274,274,274,0
2022-06-07 12:16:00,274,274,274,274,0
2022-06-07 12:17:00,274,274,274,274,0
2022-06-07 12:18:00,274,274,274,274,0
2022-06-07 12:19:00,274,274,274,274,0
2022-06-07 12:20:00,274,274,274,274,0
2022-06-07 12:21:00,274,274,274,274,0
2022-06-07 12:22:00,274,274,274,274,0
2022-06-07 12:23:00,274,274,274,274,0
2022-06-07 12:24:00,274,274,274,274,0
2022-06-07 12:25:00,274,274,274,274,0
2022-06-07 12:26:00,274,274,274,274,0
2022-06-07 12:27:00,274,274,274,274,0
2022-06-07 12:28:00,274,274,274,274,0
2022-06-07 12:29:00,274,274,274,274,0
2022-06-07 12:30:00,274,274,274,274,0
2022-06-07 12:31:00,274,274,274,274,0
2022-06-07 12:32:00,274,274,274,274,0
2022-06-07 12:33:00,274,274,274,274,0
2022-06-07 12:34:00,274,274,274,274,0
2022-06-07 12:35:00,274,274,274,274,0
2022-06-07 12:36:00,274,274,274,274,0
2022-06-07 12:37:00,274,274,274,274,0
2022-06-07 12:38:00,274,274,274,274,0
2022-06-07 12:39:00,274,274,274,274,0
2022-06-07 12:40:00,274,274,274,274,0
2022-06-07 12:41:00,274,274,274,274,0
2022-06-07 12:42:00,274,274,274,274,0
2022-06-07 12:43:00,274,274,274,274,0
2022-06-07 12:44:00,274,274,274,274,0
2022-06-07 12:45:00,274,274,274,274,0
2022-06-07 12:46:00,274,274,274,274,0
2022-06-07 12:47:00,274,274,274,274,0
2022-06-07 12:48:00,274,274,274,274,0
2022-06-07 12:49:00,274,274,274,274,0
2022-06-07 12:50:00,274,274,274,274,0
2022-06-07 12:51:00,274,274,274,274,0
2022-06-07 12:52:00,274,274,274,274,0
2022-06-07 12:53:00,274,274,274,274,0
2022-06-07 12:54:00,274,274,274,274,0
2022-06-07 12:55:00,274,274,274,274,0
2022-06-07 12:56:00,274,274,274,274,0
2022-06-07 12:57:00,274,274,274,274,0
2022-06-07 12:58:00,274,274,274,274,0
2022-06-07 12:59:00,274,274,274,274,0
2022-06-07 13:00:00,274,274,274,274,0
2022-06-07 13:01:00,274,274,274,274,0
2022-06-07 13:02:00,274,274,274,274,0
2022-06-07 13:03:00,274,274,274,274,0
2022-06-07 13:04:00,274,274,274,274,0
2022-06-07 13:05:00,274,274,274,274,0
2022-06-07 13:06:00,274,274,274,274,0
2022-06-07 13:07:00,274,274,274,274,0
2022-06-07 13:08:00,274,274,274,274,0
2022-06-07 13:09:00,274,274,274,274,0
2022-06-07 13:10:00,274,274,274,274,0
2022-06-07 13:11:00,274,274,274,274,0
2022-06-07 13:12:00,274,274,274,274,0
2022-06-07 13:13:00,274,274,274,274,0
2022-06-07 13:14:00,274,274,274,274,0
2022-06-07 13:15:00,274,274,274,274,0
2022-06-07 13:16:00,274,274,274,274,0
2022-06-07 13:17:00,274,274,274,274,0
2022-06-07 13:18:00,274,274,274,274,0
2022-06-07 13:19:00,274,274,274,274,0
2022-06-07 13:20:00,274,274,274,274,0
2022-06-07 13:21:00,274,274,274,274,0
2022-06-07 13:22:00,274,274,274,274,0
2022-06-07 13:23:00,274,274,274,274,0
2022-06-07 13:24:00,274,274,274,274,0
2022-06-07 13:25:00,274,274,274,274,0
2022-06-07 13:26:00,274,274,274,274,0
2022-06-07 13:27:00,274,274,274,274,0
2022-06-07 13:28:00,274,274,274,274,0
2022-06-07 13:29:00,274,274,274,274,0
2022-06-07 13:30:00,276,272,276,274,5100
2022-06-07 13:31:00,276,272,276,274,0
2022-06-07 13:32:00,276,272,276,274,0
2022-06-07 13:33:00,276,272,276,274,0
2022-06-07 13:34:00,276,272,276,274,0
2022-06-07 13:35:00,276,272,276,274,0
2022-06-07 13:36:00,276,272,276,274,0
2022-06-07 13:37:00,276,272,276,274,0
2022-06-07 13:38:00,276,272,276,274,0
2022-06-07 13:39:00,278,278,278,278,1300
2022-06-07 13:40:00,278,278,278,278,3600
2022-06-07 13:41:00,274,274,274,274,300
2022-06-07 13:42:00,276,276,276,276,1000
2022-06-07 13:43:00,276,276,276,276,1400
2022-06-07 13:44:00,276,276,278,278,1400
2022-06-07 13:45:00,276,276,278,278,0
2022-06-07 13:46:00,276,276,278,278,0
2022-06-07 13:47:00,278,278,278,278,500
2022-06-07 13:48:00,278,278,278,278,0
2022-06-07 13:49:00,278,278,278,278,0
2022-06-07 13:50:00,278,278,278,278,600
2022-06-07 13:51:00,278,278,278,278,0
2022-06-07 13:52:00,278,278,278,278,0
2022-06-07 13:53:00,278,278,278,278,200
2022-06-07 13:54:00,278,278,278,278,0
2022-06-07 13:55:00,278,278,278,278,0
2022-06-07 13:56:00,278,278,278,278,0
2022-06-07 13:57:00,276,276,276,276,900
2022-06-07 13:58:00,276,276,276,276,0
2022-06-07 13:59:00,276,276,276,276,0
2022-06-07 14:00:00,280,280,280,280,100
2022-06-07 14:01:00,278,278,278,278,200
2022-06-07 14:02:00,278,278,278,278,0
2022-06-07 14:03:00,278,278,278,278,0
2022-06-07 14:04:00,278,278,278,278,0
2022-06-07 14:05:00,278,278,278,278,0
2022-06-07 14:06:00,278,278,278,278,0
2022-06-07 14:07:00,278,278,278,278,0
2022-06-07 14:08:00,278,278,278,278,0
2022-06-07 14:09:00,278,278,278,278,0
2022-06-07 14:10:00,278,278,278,278,800
2022-06-07 14:11:00,278,278,278,278,0
2022-06-07 14:12:00,278,278,278,278,0
2022-06-07 14:13:00,278,278,278,278,1500
2022-06-07 14:14:00,278,278,278,278,0
2022-06-07 14:15:00,278,278,278,278,0
2022-06-07 14:16:00,278,278,278,278,0
2022-06-07 14:17:00,278,278,278,278,0
2022-06-07 14:18:00,278,278,278,278,0
2022-06-07 14:19:00,278,278,278,278,0
2022-06-07 14:20:00,278,278,278,278,0
2022-06-07 14:21:00,278,278,278,278,100
2022-06-07 14:22:00,278,278,278,278,0
2022-06-07 14:23:00,278,278,278,278,0
2022-06-07 14:24:00,278,278,278,278,0
2022-06-07 14:25:00,278,278,278,278,0
2022-06-07 14:26:00,278,278,278,278,1500
2022-06-07 14:27:00,278,278,278,278,6500
2022-06-07 14:28:00,276,276,276,276,3300
2022-06-07 14:29:00,274,274,274,274,1500
2022-06-07 14:30:00,274,274,274,274,3100
2022-06-07 14:31:00,274,274,274,274,0
2022-06-07 14:32:00,274,274,274,274,0
2022-06-07 14:33:00,274,274,274,274,0
2022-06-07 14:34:00,274,274,274,274,0
2022-06-07 14:35:00,274,274,274,274,0
2022-06-07 14:36:00,274,274,274,274,5000
2022-06-07 14:37:00,274,274,274,274,0
2022-06-07 14:38:00,274,274,274,274,0
2022-06-07 14:39:00,276,276,276,276,800
2022-06-07 14:40:00,276,276,276,276,0
2022-06-07 14:41:00,276,276,276,276,0
2022-06-07 14:42:00,276,276,276,276,0
2022-06-07 14:43:00,276,276,276,276,100
2022-06-07 14:44:00,276,276,276,276,0
2022-06-07 14:45:00,276,276,276,276,0
2022-06-07 14:46:00,276,276,276,276,0
2022-06-07 14:47:00,276,276,276,276,0
2022-06-07 14:48:00,280,280,280,280,100
2022-06-07 14:49:00,280,280,280,280,0
2022-06-07 14:50:00,280,280,280,280,0
2022-06-07 14:51:00,280,280,280,280,0
2022-06-07 14:52:00,280,280,280,280,0
2022-06-07 14:53:00,280,280,280,280,0
2022-06-07 14:54:00,280,280,280,280,0
2022-06-07 14:55:00,280,280,280,280,0
2022-06-07 14:56:00,280,280,280,280,0
2022-06-07 14:57:00,280,280,280,280,0
2022-06-07 14:58:00,280,280,280,280,0
2022-06-07 14:59:00,280,280,280,280,0
2022-06-07 15:00:00,284,284,284,284,7300
2022-06-07 15:01:00,284,284,284,284,100
2022-06-07 15:02:00,284,284,284,284,4500
2022-06-07 15:03:00,284,284,284,284,0
2022-06-07 15:04:00,284,284,284,284,0
2022-06-07 15:05:00,284,284,284,284,1200
2022-06-07 15:06:00,284,284,284,284,3500
2022-06-07 15:07:00,284,284,284,284,0
2022-06-07 15:08:00,284,284,284,284,0
2022-06-07 15:09:00,284,284,284,284,0
2022-06-07 15:10:00,284,284,284,284,0
2022-06-07 15:11:00,284,284,284,284,0
2022-06-07 15:12:00,284,284,284,284,0
2022-06-07 15:13:00,284,284,284,284,0
2022-06-07 15:14:00,284,284,284,284,0
2022-06-07 15:15:00,284,284,284,284,0
2022-06-07 15:16:00,284,284,284,284,0
2022-06-07 15:17:00,284,284,284,284,0
2022-06-07 15:18:00,284,284,284,284,0
2022-06-07 15:19:00,284,284,284,284,0
2022-06-07 15:20:00,284,284,284,284,0
2022-06-07 15:21:00,284,284,284,284,0
2022-06-07 15:22:00,284,284,284,284,0
2022-06-07 15:23:00,284,284,284,284,0
2022-06-07 15:24:00,284,284,284,284,0
2022-06-07 15:25:00,284,284,284,284,0
2022-06-07 15:26:00,284,284,284,284,0
2022-06-07 15:27:00,284,284,284,284,0
2022-06-07 15:28:00,284,284,284,284,0
2022-06-07 15:29:00,284,284,284,284,0
2022-06-07 15:30:00,284,284,284,284,0
2022-06-07 15:31:00,284,284,284,284,0
2022-06-07 15:32:00,284,284,284,284,0
2022-06-07 15:33:00,284,284,284,284,0
2022-06-07 15:34:00,284,284,284,284,0
2022-06-07 15:35:00,284,284,284,284,0
2022-06-07 15:36:00,284,284,284,284,0
2022-06-07 15:37:00,284,284,284,284,0
2022-06-07 15:38:00,284,284,284,284,0
2022-06-07 15:39:00,284,284,284,284,0
2022-06-07 15:40:00,284,284,284,284,0
2022-06-07 15:41:00,284,284,284,284,0
2022-06-07 15:42:00,284,284,284,284,0
2022-06-07 15:43:00,284,284,284,284,0
2022-06-07 15:44:00,284,284,284,284,0
2022-06-07 15:45:00,284,284,284,284,0
2022-06-07 15:46:00,284,284,284,284,0
2022-06-07 15:47:00,284,284,284,284,0
2022-06-07 15:48:00,284,284,284,284,0
2022-06-07 15:49:00,284,284,284,284,0
2022-06-07 15:50:00,284,284,284,284,0
2022-06-07 15:51:00,284,284,284,284,0
2022-06-07 15:52:00,284,284,284,284,0
2022-06-07 15:53:00,284,284,284,284,0
2022-06-07 15:54:00,284,284,284,284,0
2022-06-07 15:55:00,284,284,284,284,0
2022-06-07 15:56:00,284,284,284,284,0
2022-06-07 15:57:00,284,284,284,284,0
2022-06-07 15:58:00,284,284,284,284,0
2022-06-07 15:59:00,284,284,284,284,0
2022-06-08 09:00:00,284,284,288,288,0
2022-06-08 09:01:00,288,288,288,288,300
2022-06-08 09:02:00,288,284,288,284,22800
2022-06-08 09:03:00,288,284,288,284,0
2022-06-08 09:04:00,288,284,288,284,0
2022-06-08 09:05:00,284,284,284,284,8300
2022-06-08 09:06:00,284,280,284,280,10600
2022-06-08 09:07:00,280,280,280,280,100
2022-06-08 09:08:00,280,280,280,280,100
2022-06-08 09:09:00,280,280,280,280,1400
2022-06-08 09:10:00,280,280,280,280,0
2022-06-08 09:11:00,280,280,280,280,0
2022-06-08 09:12:00,280,280,280,280,0
2022-06-08 09:13:00,280,280,280,280,0
2022-06-08 09:14:00,280,280,280,280,0
2022-06-08 09:15:00,280,280,280,280,0
2022-06-08 09:16:00,280,280,280,280,0
2022-06-08 09:17:00,280,280,280,280,0
2022-06-08 09:18:00,280,280,280,280,0
2022-06-08 09:19:00,280,280,280,280,0
2022-06-08 09:20:00,280,280,280,280,0
2022-06-08 09:21:00,280,280,280,280,0
2022-06-08 09:22:00,280,280,280,280,0
2022-06-08 09:23:00,280,280,280,280,0
2022-06-08 09:24:00,280,280,280,280,0
2022-06-08 09:25:00,280,280,280,280,0
2022-06-08 09:26:00,280,280,280,280,0
2022-06-08 09:27:00,280,280,280,280,0
2022-06-08 09:28:00,280,280,280,280,0
2022-06-08 09:29:00,280,280,280,280,0
2022-06-08 09:30:00,280,280,280,280,0
2022-06-08 09:31:00,280,280,280,280,0
2022-06-08 09:32:00,280,280,280,280,0
2022-06-08 09:33:00,280,280,280,280,0
2022-06-08 09:34:00,280,280,280,280,0
2022-06-08 09:35:00,280,280,280,280,0
2022-06-08 09:36:00,280,280,280,280,0
2022-06-08 09:37:00,280,280,280,280,0
2022-06-08 09:38:00,280,280,280,280,0
2022-06-08 09:39:00,280,280,280,280,0
2022-06-08 09:40:00,280,280,280,280,0
2022-06-08 09:41:00,280,280,280,280,0
2022-06-08 09:42:00,280,280,280,280,0
2022-06-08 09:43:00,280,280,280,280,0
2022-06-08 09:44:00,280,280,280,280,0
2022-06-08 09:45:00,280,280,280,280,0
2022-06-08 09:46:00,280,280,280,280,0
2022-06-08 09:47:00,280,280,280,280,0
2022-06-08 09:48:00,280,280,280,280,0
2022-06-08 09:49:00,280,280,280,280,0
2022-06-08 09:50:00,280,280,280,280,0
2022-06-08 09:51:00,280,280,280,280,0
2022-06-08 09:52:00,280,280,280,280,0
2022-06-08 09:53:00,280,280,280,280,0
2022-06-08 09:54:00,280,280,280,280,0
2022-06-08 09:55:00,280,280,280,280,0
2022-06-08 09:56:00,280,280,280,280,0
2022-06-08 09:57:00,280,280,280,280,0
2022-06-08 09:58:00,280,280,280,280,0
2022-06-08 09:59:00,280,280,280,280,0
2022-06-08 10:00:00,280,280,280,280,0
2022-06-08 10:01:00,280,280,280,280,0
2022-06-08 10:02:00,280,280,280,280,0
2022-06-08 10:03:00,280,280,280,280,0
2022-06-08 10:04:00,280,280,280,280,0
2022-06-08 10:05:00,280,280,280,280,0
2022-06-08 10:06:00,280,280,280,280,0
2022-06-08 10:07:00,280,280,280,280,0
2022-06-08 10:08:00,280,280,280,280,0
2022-06-08 10:09:00,280,280,280,280,0
2022-06-08 10:10:00,280,280,280,280,0
2022-06-08 10:11:00,280,280,280,280,0
2022-06-08 10:12:00,280,280,280,280,0
2022-06-08 10:13:00,280,280,280,280,0
2022-06-08 10:14:00,280,280,280,280,0
2022-06-08 10:15:00,280,280,280,280,0
2022-06-08 10:16:00,280,280,280,280,0
2022-06-08 10:17:00,280,280,280,280,0
2022-06-08 10:18:00,280,280,280,280,0
2022-06-08 10:19:00,280,280,280,280,0
2022-06-08 10:20:00,280,280,280,280,0
2022-06-08 10:21:00,280,280,280,280,0
2022-06-08 10:22:00,280,280,280,280,0
2022-06-08 10:23:00,280,280,280,280,0
2022-06-08 10:24:00,280,280,280,280,0
2022-06-08 10:25:00,280,280,280,280,0
2022-06-08 10:26:00,280,280,280,280,0
2022-06-08 10:27:00,280,280,280,280,0
2022-06-08 10:28:00,280,280,280,280,0
2022-06-08 10:29:00,280,280,280,280,0
2022-06-08 10:30:00,280,280,280,280,0
2022-06-08 10:31:00,280,280,280,280,0
2022-06-08 10:32:00,280,280,280,280,0
2022-06-08 10:33:00,280,280,280,280,0
2022-06-08 10:34:00,268,266,268,266,1100
2022-06-08 10:35:00,266,266,278,278,1300
2022-06-08 10:36:00,268,266,268,266,1100
2022-06-08 10:37:00,266,266,266,266,100
2022-06-08 10:38:00,272,266,272,266,200
2022-06-08 10:39:00,272,266,272,266,0
2022-06-08 10:40:00,272,266,272,266,0
2022-06-08 10:41:00,268,268,268,268,100
2022-06-08 10:42:00,268,268,268,268,0
2022-06-08 10:43:00,268,268,268,268,0
2022-06-08 10:44:00,268,268,268,268,0
2022-06-08 10:45:00,268,268,268,268,0
2022-06-08 10:46:00,268,268,268,268,0
2022-06-08 10:47:00,268,268,268,268,0
2022-06-08 10:48:00,268,268,268,268,0
2022-06-08 10:49:00,268,268,268,268,0
2022-06-08 10:50:00,268,268,268,268,0
2022-06-08 10:51:00,268,268,268,268,0
2022-06-08 10:52:00,268,268,268,268,0
2022-06-08 10:53:00,268,268,268,268,0
2022-06-08 10:54:00,268,268,268,268,0
2022-06-08 10:55:00,268,268,268,268,0
2022-06-08 10:56:00,268,268,268,268,0
2022-06-08 10:57:00,268,268,268,268,0
2022-06-08 10:58:00,268,268,268,268,0
2022-06-08 10:59:00,268,268,268,268,0
2022-06-08 11:00:00,268,268,268,268,0
2022-06-08 11:01:00,268,268,268,268,0
2022-06-08 11:02:00,268,268,268,268,0
2022-06-08 11:03:00,268,268,268,268,0
2022-06-08 11:04:00,268,268,268,268,0
2022-06-08 11:05:00,268,268,268,268,0
2022-06-08 11:06:00,268,268,268,268,0
2022-06-08 11:07:00,268,268,268,268,0
2022-06-08 11:08:00,268,268,268,268,0
2022-06-08 11:09:00,268,268,268,268,0
2022-06-08 11:10:00,268,268,268,268,0
2022-06-08 11:11:00,268,268,268,268,0
2022-06-08 11:12:00,268,268,268,268,0
2022-06-08 11:13:00,268,268,268,268,0
2022-06-08 11:14:00,268,268,268,268,0
2022-06-08 11:15:00,268,268,268,268,0
2022-06-08 11:16:00,268,268,268,268,0
2022-06-08 11:17:00,268,268,268,268,0
2022-06-08 11:18:00,268,268,268,268,0
2022-06-08 11:19:00,268,268,268,268,0
2022-06-08 11:20:00,268,268,268,268,0
2022-06-08 11:21:00,268,268,268,268,0
2022-06-08 11:22:00,268,268,268,268,0
2022-06-08 11:23:00,268,268,268,268,0
2022-06-08 11:24:00,268,268,268,268,0
2022-06-08 11:25:00,268,268,268,268,0
2022-06-08 11:26:00,268,268,268,268,0
2022-06-08 11:27:00,268,268,268,268,0
2022-06-08 11:28:00,268,268,268,268,0
2022-06-08 11:29:00,268,268,268,268,0
2022-06-08 11:30:00,268,268,268,268,0
2022-06-08 11:31:00,268,268,268,268,0
2022-06-08 11:32:00,268,268,268,268,0
2022-06-08 11:33:00,268,268,268,268,0
2022-06-08 11:34:00,268,268,268,268,0
2022-06-08 11:35:00,268,268,268,268,0
2022-06-08 11:36:00,268,268,268,268,0
2022-06-08 11:37:00,268,268,268,268,0
2022-06-08 11:38:00,268,268,268,268,0
2022-06-08 11:39:00,268,268,268,268,0
2022-06-08 11:40:00,268,268,268,268,0
2022-06-08 11:41:00,268,268,268,268,0
2022-06-08 11:42:00,268,268,268,268,0
2022-06-08 11:43:00,268,268,268,268,0
2022-06-08 11:44:00,268,268,268,268,0
2022-06-08 11:45:00,268,268,268,268,0
2022-06-08 11:46:00,268,268,268,268,0
2022-06-08 11:47:00,268,268,268,268,0
2022-06-08 11:48:00,268,268,268,268,0
2022-06-08 11:49:00,268,268,268,268,0
2022-06-08 11:50:00,268,268,268,268,0
2022-06-08 11:51:00,268,268,268,268,0
2022-06-08 11:52:00,268,268,268,268,0
2022-06-08 11:53:00,268,268,268,268,0
2022-06-08 11:54:00,268,268,268,268,0
2022-06-08 11:55:00,268,268,268,268,0
2022-06-08 11:56:00,268,268,268,268,0
2022-06-08 11:57:00,268,268,268,268,0
2022-06-08 11:58:00,268,268,268,268,0
2022-06-08 11:59:00,268,268,268,268,0
2022-06-08 12:00:00,268,268,268,268,0
2022-06-08 12:01:00,268,268,268,268,0
2022-06-08 12:02:00,268,268,268,268,0
2022-06-08 12:03:00,268,268,268,268,0
2022-06-08 12:04:00,268,268,268,268,0
2022-06-08 12:05:00,268,268,268,268,0
2022-06-08 12:06:00,268,268,268,268,0
2022-06-08 12:07:00,268,268,268,268,0
2022-06-08 12:08:00,268,268,268,268,0
2022-06-08 12:09:00,268,268,268,268,0
2022-06-08 12:10:00,268,268,268,268,0
2022-06-08 12:11:00,268,268,268,268,0
2022-06-08 12:12:00,268,268,268,268,0
2022-06-08 12:13:00,268,268,268,268,0
2022-06-08 12:14:00,268,268,268,268,0
2022-06-08 12:15:00,268,268,268,268,0
2022-06-08 12:16:00,268,268,268,268,0
2022-06-08 12:17:00,268,268,268,268,0
2022-06-08 12:18:00,268,268,268,268,0
2022-06-08 12:19:00,268,268,268,268,0
2022-06-08 12:20:00,268,268,268,268,0
2022-06-08 12:21:00,268,268,268,268,0
2022-06-08 12:22:00,268,268,268,268,0
2022-06-08 12:23:00,268,268,268,268,0
2022-06-08 12:24:00,268,268,268,268,0
2022-06-08 12:25:00,268,268,268,268,0
2022-06-08 12:26:00,268,268,268,268,0
2022-06-08 12:27:00,268,268,268,268,0
2022-06-08 12:28:00,268,268,268,268,0
2022-06-08 12:29:00,268,268,268,268,0
2022-06-08 12:30:00,268,268,268,268,0
2022-06-08 12:31:00,268,268,268,268,0
2022-06-08 12:32:00,268,268,268,268,0
2022-06-08 12:33:00,268,268,268,268,0
2022-06-08 12:34:00,268,268,268,268,0
2022-06-08 12:35:00,268,268,268,268,0
2022-06-08 12:36:00,268,268,268,268,0
2022-06-08 12:37:00,268,268,268,268,0
2022-06-08 12:38:00,268,268,268,268,0
2022-06-08 12:39:00,268,268,268,268,0
2022-06-08 12:40:00,268,268,268,268,0
2022-06-08 12:41:00,268,268,268,268,0
2022-06-08 12:42:00,268,268,268,268,0
2022-06-08 12:43:00,268,268,268,268,0
2022-06-08 12:44:00,268,268,268,268,0
2022-06-08 12:45:00,268,268,268,268,0
2022-06-08 12:46:00,268,268,268,268,0
2022-06-08 12:47:00,268,268,268,268,0
2022-06-08 12:48:00,268,268,268,268,0
2022-06-08 12:49:00,268,268,268,268,0
2022-06-08 12:50:00,268,268,268,268,0
2022-06-08 12:51:00,268,268,268,268,0
2022-06-08 12:52:00,268,268,268,268,0
2022-06-08 12:53:00,268,268,268,268,0
2022-06-08 12:54:00,268,268,268,268,0
2022-06-08 12:55:00,268,268,268,268,0
2022-06-08 12:56:00,268,268,268,268,0
2022-06-08 12:57:00,268,268,268,268,0
2022-06-08 12:58:00,268,268,268,268,0
2022-06-08 12:59:00,268,268,268,268,0
2022-06-08 13:00:00,268,268,268,268,0
2022-06-08 13:01:00,268,268,268,268,0
2022-06-08 13:02:00,268,268,268,268,0
2022-06-08 13:03:00,268,268,268,268,0
2022-06-08 13:04:00,268,268,268,268,0
2022-06-08 13:05:00,268,268,268,268,0
2022-06-08 13:06:00,268,268,268,268,0
2022-06-08 13:07:00,268,268,268,268,0
2022-06-08 13:08:00,268,268,268,268,0
2022-06-08 13:09:00,268,268,268,268,0
2022-06-08 13:10:00,268,268,268,268,0
2022-06-08 13:11:00,268,268,268,268,0
2022-06-08 13:12:00,268,268,268,268,0
2022-06-08 13:13:00,268,268,268,268,0
2022-06-08 13:14:00,268,268,268,268,0
2022-06-08 13:15:00,268,268,268,268,0
2022-06-08 13:16:00,268,268,268,268,0
2022-06-08 13:17:00,268,268,268,268,0
2022-06-08 13:18:00,268,268,268,268,0
2022-06-08 13:19:00,268,268,268,268,0
2022-06-08 13:20:00,268,268,268,268,0
2022-06-08 13:21:00,268,268,268,268,0
2022-06-08 13:22:00,268,268,268,268,0
2022-06-08 13:23:00,268,268,268,268,0
2022-06-08 13:24:00,268,268,268,268,0
2022-06-08 13:25:00,268,268,268,268,0
2022-06-08 13:26:00,268,268,268,268,0
2022-06-08 13:27:00,268,268,268,268,0
2022-06-08 13:28:00,268,268,268,268,0
2022-06-08 13:29:00,268,268,268,268,0
2022-06-08 13:30:00,268,268,268,268,6700
2022-06-08 13:31:00,268,268,268,268,0
2022-06-08 13:32:00,268,268,268,268,0
2022-06-08 13:33:00,268,268,268,268,0
2022-06-08 13:34:00,268,266,268,266,5700
2022-06-08 13:35:00,268,266,268,266,0
2022-06-08 13:36:00,268,266,268,266,0
2022-06-08 13:37:00,266,266,266,266,3600
2022-06-08 13:38:00,266,266,266,266,0
2022-06-08 13:39:00,266,266,266,266,0
2022-06-08 13:40:00,266,266,266,266,400
2022-06-08 13:41:00,266,266,266,266,0
2022-06-08 13:42:00,266,266,266,266,0
2022-06-08 13:43:00,266,266,266,266,0
2022-06-08 13:44:00,266,266,266,266,0
2022-06-08 13:45:00,266,266,266,266,0
2022-06-08 13:46:00,266,266,266,266,0
2022-06-08 13:47:00,266,266,266,266,0
2022-06-08 13:48:00,266,266,266,266,0
2022-06-08 13:49:00,266,266,266,266,0
2022-06-08 13:50:00,266,266,266,266,0
2022-06-08 13:51:00,266,266,266,266,0
2022-06-08 13:52:00,266,266,266,266,0
2022-06-08 13:53:00,266,266,266,266,0
2022-06-08 13:54:00,266,266,266,266,0
2022-06-08 13:55:00,266,266,266,266,100
2022-06-08 13:56:00,266,266,266,266,4900
2022-06-08 13:57:00,266,266,268,268,200
2022-06-08 13:58:00,266,266,268,268,0
2022-06-08 13:59:00,266,266,268,268,0
2022-06-08 14:00:00,266,266,268,268,0
2022-06-08 14:01:00,268,268,268,268,100
2022-06-08 14:02:00,268,268,268,268,600
2022-06-08 14:03:00,268,268,268,268,0
2022-06-08 14:04:00,268,268,268,268,0
2022-06-08 14:05:00,268,268,268,268,0
2022-06-08 14:06:00,268,268,268,268,0
2022-06-08 14:07:00,268,268,268,268,0
2022-06-08 14:08:00,268,268,268,268,0
2022-06-08 14:09:00,268,268,268,268,0
2022-06-08 14:10:00,268,268,268,268,0
2022-06-08 14:11:00,268,268,268,268,0
2022-06-08 14:12:00,268,268,268,268,0
2022-06-08 14:13:00,266,266,266,266,100
2022-06-08 14:14:00,266,266,266,266,0
2022-06-08 14:15:00,266,266,266,266,0
2022-06-08 14:16:00,266,266,266,266,0
2022-06-08 14:17:00,266,266,266,266,0
2022-06-08 14:18:00,266,266,266,266,0
2022-06-08 14:19:00,266,266,266,266,0
2022-06-08 14:20:00,266,266,266,266,0
2022-06-08 14:21:00,266,266,266,266,0
2022-06-08 14:22:00,266,266,266,266,0
2022-06-08 14:23:00,266,266,266,266,0
2022-06-08 14:24:00,266,266,266,266,0
2022-06-08 14:25:00,266,266,266,266,0
2022-06-08 14:26:00,266,266,266,266,0
2022-06-08 14:27:00,266,266,266,266,0
2022-06-08 14:28:00,266,266,266,266,0
2022-06-08 14:29:00,266,266,266,266,0
2022-06-08 14:30:00,266,266,266,266,0
2022-06-08 14:31:00,266,266,266,266,0
2022-06-08 14:32:00,266,266,266,266,0
2022-06-08 14:33:00,266,266,266,266,0
2022-06-08 14:34:00,266,266,266,266,0
2022-06-08 14:35:00,266,266,266,266,0
2022-06-08 14:36:00,266,266,266,266,0
2022-06-08 14:37:00,266,266,266,266,0
2022-06-08 14:38:00,266,266,266,266,0
2022-06-08 14:39:00,266,266,266,266,0
2022-06-08 14:40:00,266,266,266,266,0
2022-06-08 14:41:00,266,266,266,266,0
2022-06-08 14:42:00,266,266,266,266,0
2022-06-08 14:43:00,266,266,266,266,0
2022-06-08 14:44:00,266,266,266,266,0
2022-06-08 14:45:00,266,266,266,266,0
2022-06-08 14:46:00,266,266,266,266,0
2022-06-08 14:47:00,266,266,266,266,0
2022-06-08 14:48:00,266,266,266,266,0
2022-06-08 14:49:00,266,266,266,266,0
2022-06-08 14:50:00,266,266,266,266,0
2022-06-08 14:51:00,266,266,266,266,0
2022-06-08 14:52:00,266,266,266,266,0
2022-06-08 14:53:00,266,266,266,266,0
2022-06-08 14:54:00,266,266,266,266,0
2022-06-08 14:55:00,266,266,266,266,0
2022-06-08 14:56:00,266,266,266,266,0
2022-06-08 14:57:00,266,266,266,266,0
2022-06-08 14:58:00,266,266,266,266,0
2022-06-08 14:59:00,266,266,266,266,0
2022-06-08 15:00:00,266,266,266,266,0
2022-06-08 15:01:00,266,266,266,266,0
2022-06-08 15:02:00,266,266,266,266,1700
2022-06-08 15:03:00,266,266,266,266,0
2022-06-08 15:04:00,266,266,266,266,0
2022-06-08 15:05:00,266,266,266,266,0
2022-06-08 15:06:00,266,266,266,266,800
2022-06-08 15:07:00,266,266,266,266,0
2022-06-08 15:08:00,266,266,266,266,0
2022-06-08 15:09:00,266,266,266,266,0
2022-06-08 15:10:00,266,266,266,266,0
2022-06-08 15:11:00,266,266,266,266,0
2022-06-08 15:12:00,266,266,266,266,0
2022-06-08 15:13:00,266,266,266,266,0
2022-06-08 15:14:00,266,266,266,266,0
2022-06-08 15:15:00,266,266,266,266,0
2022-06-08 15:16:00,266,266,266,266,0
2022-06-08 15:17:00,266,266,266,266,0
2022-06-08 15:18:00,266,266,266,266,0
2022-06-08 15:19:00,266,266,266,266,0
2022-06-08 15:20:00,266,266,266,266,0
2022-06-08 15:21:00,266,266,266,266,0
2022-06-08 15:22:00,266,266,266,266,0
2022-06-08 15:23:00,266,266,266,266,0
2022-06-08 15:24:00,266,266,266,266,0
2022-06-08 15:25:00,266,266,266,266,0
2022-06-08 15:26:00,266,266,266,266,0
2022-06-08 15:27:00,266,266,266,266,0
2022-06-08 15:28:00,266,266,266,266,0
2022-06-08 15:29:00,266,266,266,266,0
2022-06-08 15:30:00,266,266,266,266,0
2022-06-08 15:31:00,266,266,266,266,0
2022-06-08 15:32:00,266,266,266,266,0
2022-06-08 15:33:00,266,266,266,266,0
2022-06-08 15:34:00,266,266,266,266,0
2022-06-08 15:35:00,266,266,266,266,0
2022-06-08 15:36:00,266,266,266,266,0
2022-06-08 15:37:00,266,266,266,266,0
2022-06-08 15:38:00,266,266,266,266,0
2022-06-08 15:39:00,266,266,266,266,0
2022-06-08 15:40:00,266,266,266,266,0
2022-06-08 15:41:00,266,266,266,266,0
2022-06-08 15:42:00,266,266,266,266,0
2022-06-08 15:43:00,266,266,266,266,0
2022-06-08 15:44:00,266,266,266,266,0
2022-06-08 15:45:00,266,266,266,266,0
2022-06-08 15:46:00,266,266,266,266,0
2022-06-08 15:47:00,266,266,266,266,0
2022-06-08 15:48:00,266,266,266,266,0
2022-06-08 15:49:00,266,266,266,266,0
2022-06-08 15:50:00,266,266,266,266,0
2022-06-08 15:51:00,266,266,266,266,0
2022-06-08 15:52:00,266,266,266,266,0
2022-06-08 15:53:00,266,266,266,266,0
2022-06-08 15:54:00,266,266,266,266,0
2022-06-08 15:55:00,266,266,266,266,0
2022-06-08 15:56:00,266,266,266,266,0
2022-06-08 15:57:00,266,266,266,266,0
2022-06-08 15:58:00,266,266,266,266,0
2022-06-08 15:59:00,266,266,266,266,0
2022-06-09 09:00:00,266,266,266,266,0
2022-06-09 09:01:00,266,266,266,266,0
2022-06-09 09:02:00,266,266,266,266,0
2022-06-09 09:03:00,266,266,266,266,100
2022-06-09 09:04:00,266,266,266,266,0
2022-06-09 09:05:00,266,248,266,248,300
2022-06-09 09:06:00,248,248,248,248,1800
2022-06-09 09:07:00,248,248,248,248,100
2022-06-09 09:08:00,252,248,252,248,5000
2022-06-09 09:09:00,248,248,248,248,3900
2022-06-09 09:10:00,248,248,248,248,1500
2022-06-09 09:11:00,248,248,248,248,0
2022-06-09 09:12:00,248,248,248,248,300
2022-06-09 09:13:00,248,248,248,248,400
2022-06-09 09:14:00,248,248,248,248,0
2022-06-09 09:15:00,248,248,248,248,0
2022-06-09 09:16:00,248,248,248,248,0
2022-06-09 09:17:00,248,248,248,248,0
2022-06-09 09:18:00,248,248,248,248,0
2022-06-09 09:19:00,248,248,248,248,0
2022-06-09 09:20:00,248,248,248,248,0
2022-06-09 09:21:00,248,248,248,248,0
2022-06-09 09:22:00,248,248,248,248,16100
2022-06-09 09:23:00,248,248,248,248,0
2022-06-09 09:24:00,248,248,248,248,0
2022-06-09 09:25:00,248,248,248,248,0
2022-06-09 09:26:00,248,248,248,248,2400
2022-06-09 09:27:00,248,248,248,248,0
2022-06-09 09:28:00,248,248,248,248,0
2022-06-09 09:29:00,250,250,250,250,7600
2022-06-09 09:30:00,248,248,248,248,300
2022-06-09 09:31:00,248,248,248,248,0
2022-06-09 09:32:00,248,248,248,248,0
2022-06-09 09:33:00,248,248,248,248,0
2022-06-09 09:34:00,248,248,248,248,10400
2022-06-09 09:35:00,248,248,248,248,0
2022-06-09 09:36:00,248,248,248,248,0
2022-06-09 09:37:00,248,248,248,248,0
2022-06-09 09:38:00,248,248,248,248,0
2022-06-09 09:39:00,248,248,248,248,2000
2022-06-09 09:40:00,248,248,248,248,0
2022-06-09 09:41:00,248,248,248,248,0
2022-06-09 09:42:00,248,248,248,248,0
2022-06-09 09:43:00,248,248,248,248,0
2022-06-09 09:44:00,248,248,248,248,0
2022-06-09 09:45:00,248,248,248,248,0
2022-06-09 09:46:00,248,248,248,248,0
2022-06-09 09:47:00,248,248,248,248,0
2022-06-09 09:48:00,248,248,248,248,0
2022-06-09 09:49:00,248,248,248,248,0
2022-06-09 09:50:00,248,248,248,248,0
2022-06-09 09:51:00,248,248,248,248,0
2022-06-09 09:52:00,248,248,248,248,0
2022-06-09 09:53:00,248,248,248,248,0
2022-06-09 09:54:00,248,248,248,248,0
2022-06-09 09:55:00,248,248,248,248,0
2022-06-09 09:56:00,248,248,248,248,500
2022-06-09 09:57:00,248,248,248,248,0
2022-06-09 09:58:00,248,248,248,248,0
2022-06-09 09:59:00,248,248,248,248,0
2022-06-09 10:00:00,248,248,248,248,0
2022-06-09 10:01:00,248,248,248,248,0
2022-06-09 10:02:00,248,248,248,248,0
2022-06-09 10:03:00,248,248,248,248,0
2022-06-09 10:04:00,248,248,248,248,0
2022-06-09 10:05:00,248,248,248,248,0
2022-06-09 10:06:00,248,248,248,248,0
2022-06-09 10:07:00,248,248,248,248,0
2022-06-09 10:08:00,248,248,248,248,0
2022-06-09 10:09:00,248,248,248,248,0
2022-06-09 10:10:00,248,248,248,248,0
2022-06-09 10:11:00,248,248,248,248,0
2022-06-09 10:12:00,248,248,248,248,0
2022-06-09 10:13:00,248,248,248,248,100
2022-06-09 10:14:00,248,248,248,248,1100
2022-06-09 10:15:00,248,248,248,248,100
2022-06-09 10:16:00,248,248,248,248,0
2022-06-09 10:17:00,248,248,248,248,0
2022-06-09 10:18:00,248,248,248,248,0
2022-06-09 10:19:00,248,248,248,248,0
2022-06-09 10:20:00,248,248,248,248,0
2022-06-09 10:21:00,248,248,248,248,7900
2022-06-09 10:22:00,248,248,248,248,0
2022-06-09 10:23:00,248,248,248,248,0
2022-06-09 10:24:00,248,248,248,248,0
2022-06-09 10:25:00,248,248,248,248,0
2022-06-09 10:26:00,248,248,248,248,0
2022-06-09 10:27:00,248,248,248,248,0
2022-06-09 10:28:00,248,248,248,248,0
2022-06-09 10:29:00,248,248,248,248,0
2022-06-09 10:30:00,248,248,248,248,100
2022-06-09 10:31:00,248,248,248,248,0
2022-06-09 10:32:00,248,248,248,248,0
2022-06-09 10:33:00,248,248,248,248,0
2022-06-09 10:34:00,248,248,248,248,0
2022-06-09 10:35:00,248,248,248,248,0
2022-06-09 10:36:00,248,248,248,248,0
2022-06-09 10:37:00,248,248,248,248,0
2022-06-09 10:38:00,250,250,250,250,400
2022-06-09 10:39:00,250,250,250,250,1000
2022-06-09 10:40:00,250,250,250,250,0
2022-06-09 10:41:00,250,250,250,250,0
2022-06-09 10:42:00,250,250,250,250,0
2022-06-09 10:43:00,250,250,250,250,0
2022-06-09 10:44:00,250,250,250,250,0
2022-06-09 10:45:00,250,250,250,250,0
2022-06-09 10:46:00,250,250,250,250,0
2022-06-09 10:47:00,250,250,250,250,0
2022-06-09 10:48:00,250,250,250,250,600
2022-06-09 10:49:00,250,250,250,250,0
2022-06-09 10:50:00,250,250,250,250,0
2022-06-09 10:51:00,250,250,250,250,0
2022-06-09 10:52:00,250,250,250,250,0
2022-06-09 10:53:00,250,250,250,250,0
2022-06-09 10:54:00,250,250,250,250,0
2022-06-09 10:55:00,250,250,250,250,0
2022-06-09 10:56:00,250,250,250,250,0
2022-06-09 10:57:00,250,250,250,250,0
2022-06-09 10:58:00,250,250,250,250,0
2022-06-09 10:59:00,250,250,250,250,0
2022-06-09 11:00:00,250,250,250,250,0
2022-06-09 11:01:00,250,250,250,250,0
2022-06-09 11:02:00,248,248,248,248,100
2022-06-09 11:03:00,248,248,248,248,100
2022-06-09 11:04:00,248,248,248,248,0
2022-06-09 11:05:00,248,248,248,248,0
2022-06-09 11:06:00,248,248,248,248,0
2022-06-09 11:07:00,248,248,248,248,0
2022-06-09 11:08:00,248,248,248,248,0
2022-06-09 11:09:00,248,248,248,248,0
2022-06-09 11:10:00,248,248,248,248,0
2022-06-09 11:11:00,248,248,248,248,0
2022-06-09 11:12:00,248,248,248,248,0
2022-06-09 11:13:00,248,248,248,248,0
2022-06-09 11:14:00,248,248,248,248,0
2022-06-09 11:15:00,248,248,248,248,0
2022-06-09 11:16:00,248,248,248,248,0
2022-06-09 11:17:00,248,248,248,248,0
2022-06-09 11:18:00,248,248,248,248,0
2022-06-09 11:19:00,250,250,250,250,100
2022-06-09 11:20:00,250,250,250,250,0
2022-06-09 11:21:00,250,250,250,250,0
2022-06-09 11:22:00,250,250,250,250,100
2022-06-09 11:23:00,250,250,250,250,0
2022-06-09 11:24:00,250,250,250,250,0
2022-06-09 11:25:00,250,250,250,250,0
2022-06-09 11:26:00,250,250,250,250,0
2022-06-09 11:27:00,250,250,250,250,0
2022-06-09 11:28:00,250,250,250,250,0
2022-06-09 11:29:00,250,250,250,250,0
2022-06-09 11:30:00,250,250,250,250,0
2022-06-09 11:31:00,250,250,250,250,0
2022-06-09 11:32:00,250,250,250,250,0
2022-06-09 11:33:00,250,250,250,250,0
2022-06-09 11:34:00,250,250,250,250,0
2022-06-09 11:35:00,250,250,250,250,0
2022-06-09 11:36:00,250,250,250,250,0
2022-06-09 11:37:00,250,250,250,250,0
2022-06-09 11:38:00,250,250,250,250,0
2022-06-09 11:39:00,250,250,250,250,0
2022-06-09 11:40:00,250,250,250,250,0
2022-06-09 11:41:00,250,250,250,250,0
2022-06-09 11:42:00,250,250,250,250,0
2022-06-09 11:43:00,250,250,250,250,0
2022-06-09 11:44:00,250,250,250,250,0
2022-06-09 11:45:00,250,250,250,250,0
2022-06-09 11:46:00,250,250,250,250,0
2022-06-09 11:47:00,250,250,250,250,0
2022-06-09 11:48:00,250,250,250,250,0
2022-06-09 11:49:00,250,250,250,250,0
2022-06-09 11:50:00,250,250,250,250,0
2022-06-09 11:51:00,250,250,250,250,0
2022-06-09 11:52:00,250,250,250,250,0
2022-06-09 11:53:00,250,250,250,250,0
2022-06-09 11:54:00,250,250,250,250,0
2022-06-09 11:55:00,250,250,250,250,0
2022-06-09 11:56:00,250,250,250,250,0
2022-06-09 11:57:00,250,250,250,250,0
2022-06-09 11:58:00,250,250,250,250,0
2022-06-09 11:59:00,250,250,250,250,0
2022-06-09 12:00:00,250,250,250,250,0
2022-06-09 12:01:00,250,250,250,250,0
2022-06-09 12:02:00,250,250,250,250,0
2022-06-09 12:03:00,250,250,250,250,0
2022-06-09 12:04:00,250,250,250,250,0
2022-06-09 12:05:00,250,250,250,250,0
2022-06-09 12:06:00,250,250,250,250,0
2022-06-09 12:07:00,250,250,250,250,0
2022-06-09 12:08:00,250,250,250,250,0
2022-06-09 12:09:00,250,250,250,250,0
2022-06-09 12:10:00,250,250,250,250,0
2022-06-09 12:11:00,250,250,250,250,0
2022-06-09 12:12:00,250,250,250,250,0
2022-06-09 12:13:00,250,250,250,250,0
2022-06-09 12:14:00,250,250,250,250,0
2022-06-09 12:15:00,250,250,250,250,0
2022-06-09 12:16:00,250,250,250,250,0
2022-06-09 12:17:00,250,250,250,250,0
2022-06-09 12:18:00,250,250,250,250,0
2022-06-09 12:19:00,250,250,250,250,0
2022-06-09 12:20:00,250,250,250,250,0
2022-06-09 12:21:00,250,250,250,250,0
2022-06-09 12:22:00,250,250,250,250,0
2022-06-09 12:23:00,250,250,250,250,0
2022-06-09 12:24:00,250,250,250,250,0
2022-06-09 12:25:00,250,250,250,250,0
2022-06-09 12:26:00,250,250,250,250,0
2022-06-09 12:27:00,250,250,250,250,0
2022-06-09 12:28:00,250,250,250,250,0
2022-06-09 12:29:00,250,250,250,250,0
2022-06-09 12:30:00,250,250,250,250,0
2022-06-09 12:31:00,250,250,250,250,0
2022-06-09 12:32:00,250,250,250,250,0
2022-06-09 12:33:00,250,250,250,250,0
2022-06-09 12:34:00,250,250,250,250,0
2022-06-09 12:35:00,250,250,250,250,0
2022-06-09 12:36:00,250,250,250,250,0
2022-06-09 12:37:00,250,250,250,250,0
2022-06-09 12:38:00,250,250,250,250,0
2022-06-09 12:39:00,250,250,250,250,0
2022-06-09 12:40:00,250,250,250,250,0
2022-06-09 12:41:00,250,250,250,250,0
2022-06-09 12:42:00,250,250,250,250,0
2022-06-09 12:43:00,250,250,250,250,0
2022-06-09 12:44:00,250,250,250,250,0
2022-06-09 12:45:00,250,250,250,250,0
2022-06-09 12:46:00,250,250,250,250,0
2022-06-09 12:47:00,250,250,250,250,0
2022-06-09 12:48:00,250,250,250,250,0
2022-06-09 12:49:00,250,250,250,250,0
2022-06-09 12:50:00,250,250,250,250,0
2022-06-09 12:51:00,250,250,250,250,0
2022-06-09 12:52:00,250,250,250,250,0
2022-06-09 12:53:00,250,250,250,250,0
2022-06-09 12:54:00,250,250,250,250,0
2022-06-09 12:55:00,250,250,250,250,0
2022-06-09 12:56:00,250,250,250,250,0
2022-06-09 12:57:00,250,250,250,250,0
2022-06-09 12:58:00,250,250,250,250,0
2022-06-09 12:59:00,250,250,250,250,0
2022-06-09 13:00:00,250,250,250,250,0
2022-06-09 13:01:00,250,250,250,250,0
2022-06-09 13:02:00,250,250,250,250,0
2022-06-09 13:03:00,250,250,250,250,0
2022-06-09 13:04:00,250,250,250,250,0
2022-06-09 13:05:00,250,250,250,250,0
2022-06-09 13:06:00,250,250,250,250,0
2022-06-09 13:07:00,250,250,250,250,0
2022-06-09 13:08:00,250,250,250,250,0
2022-06-09 13:09:00,250,250,250,250,0
2022-06-09 13:10:00,250,250,250,250,0
2022-06-09 13:11:00,250,250,250,250,0
2022-06-09 13:12:00,250,250,250,250,0
2022-06-09 13:13:00,250,250,250,250,0
2022-06-09 13:14:00,250,250,250,250,0
2022-06-09 13:15:00,250,250,250,250,0
2022-06-09 13:16:00,250,250,250,250,0
2022-06-09 13:17:00,250,250,250,250,0
2022-06-09 13:18:00,250,250,250,250,0
2022-06-09 13:19:00,250,250,250,250,0
2022-06-09 13:20:00,250,250,250,250,0
2022-06-09 13:21:00,250,250,250,250,0
2022-06-09 13:22:00,250,250,250,250,0
2022-06-09 13:23:00,250,250,250,250,0
2022-06-09 13:24:00,250,250,250,250,0
2022-06-09 13:25:00,250,250,250,250,0
2022-06-09 13:26:00,250,250,250,250,0
2022-06-09 13:27:00,250,250,250,250,0
2022-06-09 13:28:00,250,250,250,250,0
2022-06-09 13:29:00,250,250,250,250,0
2022-06-09 13:30:00,248,248,248,248,500
2022-06-09 13:31:00,248,248,248,248,0
2022-06-09 13:32:00,248,248,248,248,0
2022-06-09 13:33:00,248,248,248,248,0
2022-06-09 13:34:00,248,248,248,248,0
2022-06-09 13:35:00,248,248,248,248,0
2022-06-09 13:36:00,248,248,248,248,200
2022-06-09 13:37:00,248,248,248,248,0
2022-06-09 13:38:00,250,248,250,248,400
2022-06-09 13:39:00,250,248,250,248,0
2022-06-09 13:40:00,250,248,250,248,0
2022-06-09 13:41:00,250,248,250,248,0
2022-06-09 13:42:00,250,248,250,248,0
2022-06-09 13:43:00,250,248,250,248,0
2022-06-09 13:44:00,250,248,250,248,0
2022-06-09 13:45:00,250,248,250,248,0
2022-06-09 13:46:00,250,248,250,248,0
2022-06-09 13:47:00,250,248,250,248,0
2022-06-09 13:48:00,250,248,250,248,0
2022-06-09 13:49:00,250,248,250,248,0
2022-06-09 13:50:00,250,248,250,248,0
2022-06-09 13:51:00,248,248,248,248,100
2022-06-09 13:52:00,248,248,248,248,0
2022-06-09 13:53:00,248,248,248,248,0
2022-06-09 13:54:00,248,248,248,248,0
2022-06-09 13:55:00,248,248,248,248,0
2022-06-09 13:56:00,248,248,248,248,0
2022-06-09 13:57:00,248,248,248,248,0
2022-06-09 13:58:00,248,248,248,248,0
2022-06-09 13:59:00,248,248,248,248,0
2022-06-09 14:00:00,248,248,248,248,0
2022-06-09 14:01:00,248,248,248,248,0
2022-06-09 14:02:00,248,248,248,248,0
2022-06-09 14:03:00,248,248,248,248,0
2022-06-09 14:04:00,248,248,248,248,0
2022-06-09 14:05:00,248,248,248,248,0
2022-06-09 14:06:00,248,248,248,248,0
2022-06-09 14:07:00,248,248,248,248,0
2022-06-09 14:08:00,248,248,248,248,0
2022-06-09 14:09:00,248,248,248,248,0
2022-06-09 14:10:00,248,248,248,248,0
2022-06-09 14:11:00,248,248,248,248,0
2022-06-09 14:12:00,248,248,248,248,0
2022-06-09 14:13:00,250,250,250,250,100
2022-06-09 14:14:00,250,250,250,250,0
2022-06-09 14:15:00,250,250,250,250,0
2022-06-09 14:16:00,250,250,250,250,0
2022-06-09 14:17:00,250,250,250,250,0
2022-06-09 14:18:00,250,250,250,250,0
2022-06-09 14:19:00,250,250,250,250,0
2022-06-09 14:20:00,250,250,250,250,0
2022-06-09 14:21:00,250,250,250,250,0
2022-06-09 14:22:00,250,250,250,250,0
2022-06-09 14:23:00,250,250,250,250,0
2022-06-09 14:24:00,250,250,250,250,0
2022-06-09 14:25:00,250,250,250,250,0
2022-06-09 14:26:00,250,250,250,250,0
2022-06-09 14:27:00,250,250,250,250,0
2022-06-09 14:28:00,250,250,250,250,0
2022-06-09 14:29:00,250,250,250,250,0
2022-06-09 14:30:00,250,250,250,250,0
2022-06-09 14:31:00,250,250,250,250,0
2022-06-09 14:32:00,250,250,250,250,0
2022-06-09 14:33:00,250,250,250,250,0
2022-06-09 14:34:00,250,250,250,250,0
2022-06-09 14:35:00,250,250,250,250,0
2022-06-09 14:36:00,250,250,250,250,0
2022-06-09 14:37:00,250,250,250,250,0
2022-06-09 14:38:00,250,250,250,250,0
2022-06-09 14:39:00,250,250,250,250,0
2022-06-09 14:40:00,250,250,250,250,0
2022-06-09 14:41:00,250,250,250,250,0
2022-06-09 14:42:00,250,250,250,250,0
2022-06-09 14:43:00,250,250,250,250,0
2022-06-09 14:44:00,250,250,250,250,0
2022-06-09 14:45:00,250,250,250,250,0
2022-06-09 14:46:00,250,250,250,250,1200
2022-06-09 14:47:00,250,250,250,250,0
2022-06-09 14:48:00,250,250,250,250,0
2022-06-09 14:49:00,250,250,250,250,0
2022-06-09 14:50:00,250,250,250,250,0
2022-06-09 14:51:00,250,250,250,250,0
2022-06-09 14:52:00,250,250,250,250,0
2022-06-09 14:53:00,250,250,250,250,0
2022-06-09 14:54:00,250,250,250,250,0
2022-06-09 14:55:00,250,250,250,250,0
2022-06-09 14:56:00,250,250,250,250,0
2022-06-09 14:57:00,250,250,250,250,0
2022-06-09 14:58:00,250,250,250,250,0
2022-06-09 14:59:00,250,250,250,250,0
2022-06-09 15:00:00,250,250,250,250,11800
2022-06-09 15:01:00,250,250,250,250,0
2022-06-09 15:02:00,250,250,250,250,7900
2022-06-09 15:03:00,250,250,250,250,0
2022-06-09 15:04:00,250,250,250,250,0
2022-06-09 15:05:00,250,250,250,250,0
2022-06-09 15:06:00,250,250,250,250,0
2022-06-09 15:07:00,250,250,250,250,0
2022-06-09 15:08:00,250,250,250,250,0
2022-06-09 15:09:00,250,250,250,250,0
2022-06-09 15:10:00,250,250,250,250,0
2022-06-09 15:11:00,250,250,250,250,0
2022-06-09 15:12:00,250,250,250,250,0
2022-06-09 15:13:00,250,250,250,250,0
2022-06-09 15:14:00,250,250,250,250,0
2022-06-09 15:15:00,250,250,250,250,0
2022-06-09 15:16:00,250,250,250,250,0
2022-06-09 15:17:00,250,250,250,250,0
2022-06-09 15:18:00,250,250,250,250,0
2022-06-09 15:19:00,250,250,250,250,0
2022-06-09 15:20:00,250,250,250,250,0
2022-06-09 15:21:00,250,250,250,250,0
2022-06-09 15:22:00,250,250,250,250,0
2022-06-09 15:23:00,250,250,250,250,0
2022-06-09 15:24:00,250,250,250,250,0
2022-06-09 15:25:00,250,250,250,250,0
2022-06-09 15:26:00,250,250,250,250,0
2022-06-09 15:27:00,250,250,250,250,0
2022-06-09 15:28:00,250,250,250,250,0
2022-06-09 15:29:00,250,250,250,250,0
2022-06-09 15:30:00,250,250,250,250,0
2022-06-09 15:31:00,250,250,250,250,0
2022-06-09 15:32:00,250,250,250,250,0
2022-06-09 15:33:00,250,250,250,250,0
2022-06-09 15:34:00,250,250,250,250,0
2022-06-09 15:35:00,250,250,250,250,0
2022-06-09 15:36:00,250,250,250,250,0
2022-06-09 15:37:00,250,250,250,250,0
2022-06-09 15:38:00,250,250,250,250,0
2022-06-09 15:39:00,250,250,250,250,0
2022-06-09 15:40:00,250,250,250,250,0
2022-06-09 15:41:00,250,250,250,250,0
2022-06-09 15:42:00,250,250,250,250,0
2022-06-09 15:43:00,250,250,250,250,0
2022-06-09 15:44:00,250,250,250,250,0
2022-06-09 15:45:00,250,250,250,250,0
2022-06-09 15:46:00,250,250,250,250,0
2022-06-09 15:47:00,250,250,250,250,0
2022-06-09 15:48:00,250,250,250,250,0
2022-06-09 15:49:00,250,250,250,250,0
2022-06-09 15:50:00,250,250,250,250,0
2022-06-09 15:51:00,250,250,250,250,0
2022-06-09 15:52:00,250,250,250,250,0
2022-06-09 15:53:00,250,250,250,250,0
2022-06-09 15:54:00,250,250,250,250,0
2022-06-09 15:55:00,250,250,250,250,0
2022-06-09 15:56:00,250,250,250,250,0
2022-06-09 15:57:00,250,250,250,250,0
2022-06-09 15:58:00,250,250,250,250,0
2022-06-09 15:59:00,250,250,250,250,0
2022-06-10 09:00:00,250,250,250,250,2413700
2022-06-10 09:01:00,250,250,250,250,0
2022-06-10 09:02:00,250,250,250,250,0
2022-06-10 09:03:00,250,250,250,250,0
2022-06-10 09:04:00,250,250,250,250,0
2022-06-10 09:05:00,250,250,250,250,0
2022-06-10 09:06:00,250,250,250,250,0
2022-06-10 09:07:00,250,250,250,250,0
2022-06-10 09:08:00,250,250,250,250,0
2022-06-10 09:09:00,250,250,250,250,0
2022-06-10 09:10:00,250,250,250,250,0
2022-06-10 09:11:00,250,250,250,250,0
2022-06-10 09:12:00,248,248,248,248,100
2022-06-10 09:13:00,248,248,248,248,0
2022-06-10 09:14:00,248,248,248,248,0
2022-06-10 09:15:00,248,248,248,248,400
2022-06-10 09:16:00,248,248,248,248,0
2022-06-10 09:17:00,248,248,248,248,0
2022-06-10 09:18:00,248,248,248,248,0
2022-06-10 09:19:00,248,248,248,248,500
2022-06-10 09:20:00,248,248,248,248,0
2022-06-10 09:21:00,248,248,248,248,0
2022-06-10 09:22:00,248,248,248,248,0
2022-06-10 09:23:00,248,248,248,248,0
2022-06-10 09:24:00,248,248,248,248,0
2022-06-10 09:25:00,248,248,248,248,100
2022-06-10 09:26:00,248,248,248,248,0
2022-06-10 09:27:00,248,248,248,248,0
2022-06-10 09:28:00,248,248,248,248,0
2022-06-10 09:29:00,248,248,248,248,0
2022-06-10 09:30:00,248,248,248,248,0
2022-06-10 09:31:00,248,248,248,248,0
2022-06-10 09:32:00,248,248,248,248,0
2022-06-10 09:33:00,248,248,248,248,0
2022-06-10 09:34:00,248,248,248,248,0
2022-06-10 09:35:00,248,248,248,248,0
2022-06-10 09:36:00,248,248,248,248,0
2022-06-10 09:37:00,248,248,248,248,0
2022-06-10 09:38:00,248,248,248,248,0
2022-06-10 09:39:00,248,248,248,248,0
2022-06-10 09:40:00,248,248,248,248,0
2022-06-10 09:41:00,248,248,248,248,0
2022-06-10 09:42:00,248,248,248,248,0
2022-06-10 09:43:00,248,248,248,248,0
2022-06-10 09:44:00,248,248,248,248,0
2022-06-10 09:45:00,248,248,248,248,0
2022-06-10 09:46:00,248,248,248,248,0
2022-06-10 09:47:00,248,248,248,248,0
2022-06-10 09:48:00,248,248,248,248,5000
2022-06-10 09:49:00,248,248,248,248,400
2022-06-10 09:50:00,248,248,248,248,0
2022-06-10 09:51:00,248,248,248,248,6500
2022-06-10 09:52:00,248,248,248,248,0
2022-06-10 09:53:00,248,248,248,248,0
2022-06-10 09:54:00,248,248,248,248,0
2022-06-10 09:55:00,248,248,248,248,0
2022-06-10 09:56:00,248,248,248,248,0
2022-06-10 09:57:00,248,248,248,248,0
2022-06-10 09:58:00,248,248,248,248,0
2022-06-10 09:59:00,248,248,248,248,0
2022-06-10 10:00:00,248,248,248,248,0
2022-06-10 10:01:00,248,248,248,248,0
2022-06-10 10:02:00,248,248,248,248,0
2022-06-10 10:03:00,248,248,248,248,0
2022-06-10 10:04:00,246,246,246,246,200
2022-06-10 10:05:00,246,246,246,246,0
2022-06-10 10:06:00,246,246,246,246,0
2022-06-10 10:07:00,246,246,246,246,200
2022-06-10 10:08:00,246,246,246,246,0
2022-06-10 10:09:00,246,246,246,246,0
2022-06-10 10:10:00,246,246,246,246,0
2022-06-10 10:11:00,246,246,246,246,0
2022-06-10 10:12:00,246,246,246,246,0
2022-06-10 10:13:00,246,246,246,246,0
2022-06-10 10:14:00,246,246,246,246,0
2022-06-10 10:15:00,246,246,246,246,0
2022-06-10 10:16:00,246,246,246,246,0
2022-06-10 10:17:00,246,246,246,246,0
2022-06-10 10:18:00,246,246,246,246,0
2022-06-10 10:19:00,246,246,246,246,0
2022-06-10 10:20:00,246,246,246,246,0
2022-06-10 10:21:00,246,246,246,246,0
2022-06-10 10:22:00,246,246,246,246,0
2022-06-10 10:23:00,246,246,246,246,0
2022-06-10 10:24:00,248,248,248,248,100
2022-06-10 10:25:00,248,248,248,248,0
2022-06-10 10:26:00,248,248,248,248,0
2022-06-10 10:27:00,248,248,248,248,0
2022-06-10 10:28:00,248,248,248,248,0
2022-06-10 10:29:00,248,248,248,248,0
2022-06-10 10:30:00,248,248,248,248,0
2022-06-10 10:31:00,248,248,248,248,0
2022-06-10 10:32:00,248,248,248,248,0
2022-06-10 10:33:00,248,248,248,248,100
2022-06-10 10:34:00,248,248,248,248,0
2022-06-10 10:35:00,248,248,248,248,0
2022-06-10 10:36:00,248,248,248,248,0
2022-06-10 10:37:00,248,248,248,248,0
2022-06-10 10:38:00,248,248,248,248,0
2022-06-10 10:39:00,248,248,248,248,0
2022-06-10 10:40:00,248,248,248,248,0
2022-06-10 10:41:00,248,248,248,248,0
2022-06-10 10:42:00,248,248,248,248,10000
2022-06-10 10:43:00,246,246,246,246,200
2022-06-10 10:44:00,246,246,246,246,0
2022-06-10 10:45:00,246,246,246,246,0
2022-06-10 10:46:00,246,246,246,246,0
2022-06-10 10:47:00,246,246,246,246,0
2022-06-10 10:48:00,246,246,246,246,0
2022-06-10 10:49:00,246,246,246,246,0
2022-06-10 10:50:00,246,246,246,246,0
2022-06-10 10:51:00,246,246,246,246,0
2022-06-10 10:52:00,246,246,246,246,0
2022-06-10 10:53:00,246,246,246,246,0
2022-06-10 10:54:00,246,246,246,246,0
2022-06-10 10:55:00,246,246,246,246,0
2022-06-10 10:56:00,246,246,246,246,0
2022-06-10 10:57:00,246,246,246,246,700
2022-06-10 10:58:00,246,246,246,246,0
2022-06-10 10:59:00,246,246,246,246,0
2022-06-10 11:00:00,246,246,246,246,0
2022-06-10 11:01:00,246,246,246,246,0
2022-06-10 11:02:00,246,246,246,246,0
2022-06-10 11:03:00,246,246,246,246,0
2022-06-10 11:04:00,246,246,246,246,0
2022-06-10 11:05:00,246,246,246,246,0
2022-06-10 11:06:00,246,246,246,246,0
2022-06-10 11:07:00,246,246,246,246,0
2022-06-10 11:08:00,246,246,246,246,0
2022-06-10 11:09:00,246,246,246,246,0
2022-06-10 11:10:00,246,246,246,246,0
2022-06-10 11:11:00,246,246,246,246,0
2022-06-10 11:12:00,246,246,246,246,0
2022-06-10 11:13:00,246,246,246,246,0
2022-06-10 11:14:00,246,246,246,246,0
2022-06-10 11:15:00,246,246,246,246,0
2022-06-10 11:16:00,246,246,246,246,0
2022-06-10 11:17:00,246,246,246,246,0
2022-06-10 11:18:00,246,246,246,246,0
2022-06-10 11:19:00,246,246,246,246,0
2022-06-10 11:20:00,246,246,246,246,0
2022-06-10 11:21:00,246,246,246,246,0
2022-06-10 11:22:00,246,246,246,246,0
2022-06-10 11:23:00,246,246,246,246,0
2022-06-10 11:24:00,246,246,246,246,0
2022-06-10 11:25:00,246,246,246,246,0
2022-06-10 11:26:00,246,246,246,246,0
2022-06-10 11:27:00,246,246,246,246,0
2022-06-10 11:28:00,246,246,246,246,0
2022-06-10 11:29:00,246,246,246,246,8200
2022-06-10 11:30:00,246,246,246,246,0
2022-06-10 11:31:00,246,246,246,246,0
2022-06-10 11:32:00,246,246,246,246,0
2022-06-10 11:33:00,246,246,246,246,0
2022-06-10 11:34:00,246,246,246,246,0
2022-06-10 11:35:00,246,246,246,246,0
2022-06-10 11:36:00,246,246,246,246,0
2022-06-10 11:37:00,246,246,246,246,0
2022-06-10 11:38:00,246,246,246,246,0
2022-06-10 11:39:00,246,246,246,246,0
2022-06-10 11:40:00,246,246,246,246,0
2022-06-10 11:41:00,246,246,246,246,0
2022-06-10 11:42:00,246,246,246,246,0
2022-06-10 11:43:00,246,246,246,246,0
2022-06-10 11:44:00,246,246,246,246,0
2022-06-10 11:45:00,246,246,246,246,0
2022-06-10 11:46:00,246,246,246,246,0
2022-06-10 11:47:00,246,246,246,246,0
2022-06-10 11:48:00,246,246,246,246,0
2022-06-10 11:49:00,246,246,246,246,0
2022-06-10 11:50:00,246,246,246,246,0
2022-06-10 11:51:00,246,246,246,246,0
2022-06-10 11:52:00,246,246,246,246,0
2022-06-10 11:53:00,246,246,246,246,0
2022-06-10 11:54:00,246,246,246,246,0
2022-06-10 11:55:00,246,246,246,246,0
2022-06-10 11:56:00,246,246,246,246,0
2022-06-10 11:57:00,246,246,246,246,0
2022-06-10 11:58:00,246,246,246,246,0
2022-06-10 11:59:00,246,246,246,246,0
2022-06-10 12:00:00,246,246,246,246,0
2022-06-10 12:01:00,246,246,246,246,0
2022-06-10 12:02:00,246,246,246,246,0
2022-06-10 12:03:00,246,246,246,246,0
2022-06-10 12:04:00,246,246,246,246,0
2022-06-10 12:05:00,246,246,246,246,0
2022-06-10 12:06:00,246,246,246,246,0
2022-06-10 12:07:00,246,246,246,246,0
2022-06-10 12:08:00,246,246,246,246,0
2022-06-10 12:09:00,246,246,246,246,0
2022-06-10 12:10:00,246,246,246,246,0
2022-06-10 12:11:00,246,246,246,246,0
2022-06-10 12:12:00,246,246,246,246,0
2022-06-10 12:13:00,246,246,246,246,0
2022-06-10 12:14:00,246,246,246,246,0
2022-06-10 12:15:00,246,246,246,246,0
2022-06-10 12:16:00,246,246,246,246,0
2022-06-10 12:17:00,246,246,246,246,0
2022-06-10 12:18:00,246,246,246,246,0
2022-06-10 12:19:00,246,246,246,246,0
2022-06-10 12:20:00,246,246,246,246,0
2022-06-10 12:21:00,246,246,246,246,0
2022-06-10 12:22:00,246,246,246,246,0
2022-06-10 12:23:00,246,246,246,246,0
2022-06-10 12:24:00,246,246,246,246,0
2022-06-10 12:25:00,246,246,246,246,0
2022-06-10 12:26:00,246,246,246,246,0
2022-06-10 12:27:00,246,246,246,246,0
2022-06-10 12:28:00,246,246,246,246,0
2022-06-10 12:29:00,246,246,246,246,0
2022-06-10 12:30:00,246,246,246,246,0
2022-06-10 12:31:00,246,246,246,246,0
2022-06-10 12:32:00,246,246,246,246,0
2022-06-10 12:33:00,246,246,246,246,0
2022-06-10 12:34:00,246,246,246,246,0
2022-06-10 12:35:00,246,246,246,246,0
2022-06-10 12:36:00,246,246,246,246,0
2022-06-10 12:37:00,246,246,246,246,0
2022-06-10 12:38:00,246,246,246,246,0
2022-06-10 12:39:00,246,246,246,246,0
2022-06-10 12:40:00,246,246,246,246,0
2022-06-10 12:41:00,246,246,246,246,0
2022-06-10 12:42:00,246,246,246,246,0
2022-06-10 12:43:00,246,246,246,246,0
2022-06-10 12:44:00,246,246,246,246,0
2022-06-10 12:45:00,246,246,246,246,0
2022-06-10 12:46:00,246,246,246,246,0
2022-06-10 12:47:00,246,246,246,246,0
2022-06-10 12:48:00,246,246,246,246,0
2022-06-10 12:49:00,246,246,246,246,0
2022-06-10 12:50:00,246,246,246,246,0
2022-06-10 12:51:00,246,246,246,246,0
2022-06-10 12:52:00,246,246,246,246,0
2022-06-10 12:53:00,246,246,246,246,0
2022-06-10 12:54:00,246,246,246,246,0
2022-06-10 12:55:00,246,246,246,246,0
2022-06-10 12:56:00,246,246,246,246,0
2022-06-10 12:57:00,246,246,246,246,0
2022-06-10 12:58:00,246,246,246,246,0
2022-06-10 12:59:00,246,246,246,246,0
2022-06-10 13:00:00,246,246,246,246,0
2022-06-10 13:01:00,246,246,246,246,0
2022-06-10 13:02:00,246,246,246,246,0
2022-06-10 13:03:00,246,246,246,246,0
2022-06-10 13:04:00,246,246,246,246,0
2022-06-10 13:05:00,246,246,246,246,0
2022-06-10 13:06:00,246,246,246,246,0
2022-06-10 13:07:00,246,246,246,246,0
2022-06-10 13:08:00,246,246,246,246,0
2022-06-10 13:09:00,246,246,246,246,0
2022-06-10 13:10:00,246,246,246,246,0
2022-06-10 13:11:00,246,246,246,246,0
2022-06-10 13:12:00,246,246,246,246,0
2022-06-10 13:13:00,246,246,246,246,0
2022-06-10 13:14:00,246,246,246,246,0
2022-06-10 13:15:00,246,246,246,246,0
2022-06-10 13:16:00,246,246,246,246,0
2022-06-10 13:17:00,246,246,246,246,0
2022-06-10 13:18:00,246,246,246,246,0
2022-06-10 13:19:00,246,246,246,246,0
2022-06-10 13:20:00,246,246,246,246,0
2022-06-10 13:21:00,246,246,246,246,0
2022-06-10 13:22:00,246,246,246,246,0
2022-06-10 13:23:00,246,246,246,246,0
2022-06-10 13:24:00,246,246,246,246,0
2022-06-10 13:25:00,246,246,246,246,0
2022-06-10 13:26:00,246,246,246,246,0
2022-06-10 13:27:00,246,246,246,246,0
2022-06-10 13:28:00,246,246,246,246,0
2022-06-10 13:29:00,246,246,246,246,0
2022-06-10 13:30:00,246,246,246,246,0
2022-06-10 13:31:00,246,246,246,246,0
2022-06-10 13:32:00,246,246,246,246,0
2022-06-10 13:33:00,246,246,246,246,0
2022-06-10 13:34:00,246,246,246,246,0
2022-06-10 13:35:00,246,246,246,246,0
2022-06-10 13:36:00,246,246,246,246,0
2022-06-10 13:37:00,246,246,246,246,0
2022-06-10 13:38:00,246,246,246,246,0
2022-06-10 13:39:00,246,246,246,246,0
2022-06-10 13:40:00,246,246,246,246,0
2022-06-10 13:41:00,246,246,246,246,0
2022-06-10 13:42:00,246,246,246,246,0
2022-06-10 13:43:00,246,246,246,246,0
2022-06-10 13:44:00,246,246,246,246,0
2022-06-10 13:45:00,246,246,246,246,0
2022-06-10 13:46:00,246,246,246,246,0
2022-06-10 13:47:00,246,246,246,246,0
2022-06-10 13:48:00,246,246,246,246,0
2022-06-10 13:49:00,246,246,246,246,0
2022-06-10 13:50:00,246,246,246,246,0
2022-06-10 13:51:00,246,246,246,246,0
2022-06-10 13:52:00,246,246,246,246,0
2022-06-10 13:53:00,246,246,246,246,0
2022-06-10 13:54:00,246,246,246,246,0
2022-06-10 13:55:00,246,246,246,246,0
2022-06-10 13:56:00,246,246,246,246,0
2022-06-10 13:57:00,246,246,246,246,0
2022-06-10 13:58:00,246,246,246,246,0
2022-06-10 13:59:00,246,246,246,246,0
2022-06-10 14:00:00,246,246,246,246,0
2022-06-10 14:01:00,246,246,246,246,0
2022-06-10 14:02:00,246,246,246,246,0
2022-06-10 14:03:00,246,246,246,246,0
2022-06-10 14:04:00,246,246,246,246,0
2022-06-10 14:05:00,246,246,246,246,0
2022-06-10 14:06:00,246,246,246,246,0
2022-06-10 14:07:00,246,246,246,246,0
2022-06-10 14:08:00,246,246,246,246,0
2022-06-10 14:09:00,246,246,246,246,0
2022-06-10 14:10:00,246,246,246,246,0
2022-06-10 14:11:00,246,246,246,246,0
2022-06-10 14:12:00,246,246,246,246,0
2022-06-10 14:13:00,246,246,246,246,0
2022-06-10 14:14:00,246,246,246,246,0
2022-06-10 14:15:00,246,246,246,246,0
2022-06-10 14:16:00,246,246,246,246,0
2022-06-10 14:17:00,246,246,246,246,0
2022-06-10 14:18:00,246,246,246,246,0
2022-06-10 14:19:00,246,246,246,246,0
2022-06-10 14:20:00,246,246,246,246,0
2022-06-10 14:21:00,246,246,246,246,1900
2022-06-10 14:22:00,246,246,246,246,0
2022-06-10 14:23:00,246,246,246,246,0
2022-06-10 14:24:00,246,246,246,246,0
2022-06-10 14:25:00,246,246,246,246,0
2022-06-10 14:26:00,246,246,246,246,0
2022-06-10 14:27:00,246,246,246,246,0
2022-06-10 14:28:00,246,246,246,246,0
2022-06-10 14:29:00,246,246,246,246,0
2022-06-10 14:30:00,246,246,246,246,0
2022-06-10 14:31:00,246,246,246,246,0
2022-06-10 14:32:00,246,246,246,246,0
2022-06-10 14:33:00,246,246,246,246,0
2022-06-10 14:34:00,246,246,246,246,0
2022-06-10 14:35:00,246,246,246,246,0
2022-06-10 14:36:00,246,246,246,246,0
2022-06-10 14:37:00,246,246,246,246,0
2022-06-10 14:38:00,248,248,248,248,2000
2022-06-10 14:39:00,248,248,248,248,0
2022-06-10 14:40:00,248,248,248,248,0
2022-06-10 14:41:00,248,248,248,248,0
2022-06-10 14:42:00,248,248,248,248,0
2022-06-10 14:43:00,248,248,248,248,0
2022-06-10 14:44:00,248,248,248,248,0
2022-06-10 14:45:00,248,248,248,248,0
2022-06-10 14:46:00,248,248,248,248,100
2022-06-10 14:47:00,248,248,248,248,0
2022-06-10 14:48:00,248,248,248,248,0
2022-06-10 14:49:00,248,248,248,248,0
2022-06-10 14:50:00,248,248,248,248,0
2022-06-10 14:51:00,248,248,248,248,0
2022-06-10 14:52:00,248,248,248,248,0
2022-06-10 14:53:00,248,248,248,248,0
2022-06-10 14:54:00,248,248,248,248,0
2022-06-10 14:55:00,248,248,248,248,0
2022-06-10 14:56:00,248,248,248,248,0
2022-06-10 14:57:00,248,248,248,248,0
2022-06-10 14:58:00,248,248,248,248,0
2022-06-10 14:59:00,248,248,248,248,0
2022-06-10 15:00:00,240,240,240,240,100
2022-06-10 15:01:00,240,240,240,240,0
2022-06-10 15:02:00,240,240,240,240,0
2022-06-10 15:03:00,240,240,240,240,0
2022-06-10 15:04:00,240,240,240,240,0
2022-06-10 15:05:00,240,240,240,240,0
2022-06-10 15:06:00,240,240,240,240,0
2022-06-10 15:07:00,240,240,240,240,0
2022-06-10 15:08:00,240,240,240,240,0
2022-06-10 15:09:00,240,240,240,240,0
2022-06-10 15:10:00,240,240,240,240,0
2022-06-10 15:11:00,240,240,240,240,0
2022-06-10 15:12:00,240,240,240,240,0
2022-06-10 15:13:00,240,240,240,240,0
2022-06-10 15:14:00,240,240,240,240,0
2022-06-10 15:15:00,240,240,240,240,0
2022-06-10 15:16:00,240,240,240,240,0
2022-06-10 15:17:00,240,240,240,240,0
2022-06-10 15:18:00,240,240,240,240,0
2022-06-10 15:19:00,240,240,240,240,0
2022-06-10 15:20:00,240,240,240,240,0
2022-06-10 15:21:00,240,240,240,240,0
2022-06-10 15:22:00,240,240,240,240,0
2022-06-10 15:23:00,240,240,240,240,0
2022-06-10 15:24:00,240,240,240,240,0
2022-06-10 15:25:00,240,240,240,240,0
2022-06-10 15:26:00,240,240,240,240,0
2022-06-10 15:27:00,240,240,240,240,0
2022-06-10 15:28:00,240,240,240,240,0
2022-06-10 15:29:00,240,240,240,240,0
2022-06-10 15:30:00,240,240,240,240,0
2022-06-10 15:31:00,240,240,240,240,0
2022-06-10 15:32:00,240,240,240,240,0
2022-06-10 15:33:00,240,240,240,240,0
2022-06-10 15:34:00,240,240,240,240,0
2022-06-10 15:35:00,240,240,240,240,0
2022-06-10 15:36:00,240,240,240,240,0
2022-06-10 15:37:00,240,240,240,240,0
2022-06-10 15:38:00,240,240,240,240,0
2022-06-10 15:39:00,240,240,240,240,0
2022-06-10 15:40:00,240,240,240,240,0
2022-06-10 15:41:00,240,240,240,240,0
2022-06-10 15:42:00,240,240,240,240,0
2022-06-10 15:43:00,240,240,240,240,0
2022-06-10 15:44:00,240,240,240,240,0
2022-06-10 15:45:00,240,240,240,240,0
2022-06-10 15:46:00,240,240,240,240,0
2022-06-10 15:47:00,240,240,240,240,0
2022-06-10 15:48:00,240,240,240,240,0
2022-06-10 15:49:00,240,240,240,240,0
2022-06-10 15:50:00,240,240,240,240,0
2022-06-10 15:51:00,240,240,240,240,0
2022-06-10 15:52:00,240,240,240,240,0
2022-06-10 15:53:00,240,240,240,240,0
2022-06-10 15:54:00,240,240,240,240,0
2022-06-10 15:55:00,240,240,240,240,0
2022-06-10 15:56:00,240,240,240,240,0
2022-06-10 15:57:00,240,240,240,240,0
2022-06-10 15:58:00,240,240,240,240,0
2022-06-10 15:59:00,240,240,240,240,0
2022-06-13 09:00:00,254,254,254,254,0
2022-06-13 09:01:00,254,254,254,254,0
2022-06-13 09:02:00,254,254,254,254,0
2022-06-13 09:03:00,254,254,254,254,0
2022-06-13 09:04:00,254,254,254,254,0
2022-06-13 09:05:00,254,254,254,254,0
2022-06-13 09:06:00,254,254,254,254,0
2022-06-13 09:07:00,254,254,254,254,0
2022-06-13 09:08:00,254,254,254,254,0
2022-06-13 09:09:00,254,254,254,254,0
2022-06-13 09:10:00,240,240,240,240,200
2022-06-13 09:11:00,240,240,240,240,0
2022-06-13 09:12:00,240,240,240,240,0
2022-06-13 09:13:00,240,240,240,240,0
2022-06-13 09:14:00,240,240,240,240,0
2022-06-13 09:15:00,240,240,240,240,0
2022-06-13 09:16:00,240,240,240,240,0
2022-06-13 09:17:00,240,240,240,240,0
2022-06-13 09:18:00,240,240,240,240,0
2022-06-13 09:19:00,240,240,240,240,0
2022-06-13 09:20:00,240,240,240,240,0
2022-06-13 09:21:00,240,240,240,240,0
2022-06-13 09:22:00,240,240,240,240,0
2022-06-13 09:23:00,240,240,240,240,0
2022-06-13 09:24:00,240,240,240,240,0
2022-06-13 09:25:00,240,240,240,240,0
2022-06-13 09:26:00,240,240,240,240,0
2022-06-13 09:27:00,240,240,240,240,0
2022-06-13 09:28:00,240,240,240,240,0
2022-06-13 09:29:00,240,240,240,240,0
2022-06-13 09:30:00,240,240,240,240,0
2022-06-13 09:31:00,240,240,240,240,0
2022-06-13 09:32:00,240,240,240,240,0
2022-06-13 09:33:00,240,240,240,240,0
2022-06-13 09:34:00,240,240,240,240,0
2022-06-13 09:35:00,240,240,240,240,0
2022-06-13 09:36:00,240,240,240,240,0
2022-06-13 09:37:00,240,240,240,240,0
2022-06-13 09:38:00,240,240,240,240,0
2022-06-13 09:39:00,240,240,240,240,0
2022-06-13 09:40:00,240,240,240,240,0
2022-06-13 09:41:00,240,240,240,240,0
2022-06-13 09:42:00,240,240,240,240,0
2022-06-13 09:43:00,240,240,240,240,0
2022-06-13 09:44:00,240,240,240,240,0
2022-06-13 09:45:00,240,240,240,240,0
2022-06-13 09:46:00,240,240,240,240,0
2022-06-13 09:47:00,240,240,240,240,0
2022-06-13 09:48:00,240,240,240,240,0
2022-06-13 09:49:00,240,240,240,240,0
2022-06-13 09:50:00,240,240,240,240,0
2022-06-13 09:51:00,240,240,240,240,0
2022-06-13 09:52:00,240,240,240,240,0
2022-06-13 09:53:00,240,240,240,240,0
2022-06-13 09:54:00,240,240,240,240,0
2022-06-13 09:55:00,240,240,240,240,0
2022-06-13 09:56:00,240,240,240,240,0
2022-06-13 09:57:00,240,240,240,240,0
2022-06-13 09:58:00,240,240,240,240,0
2022-06-13 09:59:00,240,240,240,240,0
2022-06-13 10:00:00,240,240,240,240,0
2022-06-13 10:01:00,240,240,240,240,0
2022-06-13 10:02:00,240,240,240,240,0
2022-06-13 10:03:00,240,240,240,240,0
2022-06-13 10:04:00,240,240,240,240,0
2022-06-13 10:05:00,240,240,240,240,0
2022-06-13 10:06:00,240,240,240,240,0
2022-06-13 10:07:00,240,240,240,240,0
2022-06-13 10:08:00,240,240,240,240,0
2022-06-13 10:09:00,240,240,240,240,0
2022-06-13 10:10:00,240,240,240,240,0
2022-06-13 10:11:00,240,240,240,240,0
2022-06-13 10:12:00,240,240,240,240,0
2022-06-13 10:13:00,240,240,240,240,0
2022-06-13 10:14:00,240,240,240,240,0
2022-06-13 10:15:00,240,240,240,240,0
2022-06-13 10:16:00,240,240,240,240,0
2022-06-13 10:17:00,240,240,240,240,0
2022-06-13 10:18:00,240,240,240,240,0
2022-06-13 10:19:00,240,240,240,240,0
2022-06-13 10:20:00,240,240,240,240,0
2022-06-13 10:21:00,240,240,240,240,0
2022-06-13 10:22:00,240,240,240,240,0
2022-06-13 10:23:00,240,240,240,240,0
2022-06-13 10:24:00,240,240,240,240,0
2022-06-13 10:25:00,240,240,240,240,0
2022-06-13 10:26:00,240,240,240,240,0
2022-06-13 10:27:00,240,240,240,240,0
2022-06-13 10:28:00,240,240,240,240,0
2022-06-13 10:29:00,240,240,240,240,0
2022-06-13 10:30:00,240,240,240,240,0
2022-06-13 10:31:00,240,240,240,240,0
2022-06-13 10:32:00,240,240,240,240,0
2022-06-13 10:33:00,240,240,240,240,0
2022-06-13 10:34:00,240,240,240,240,0
2022-06-13 10:35:00,240,240,240,240,0
2022-06-13 10:36:00,240,240,240,240,0
2022-06-13 10:37:00,240,240,240,240,0
2022-06-13 10:38:00,240,240,240,240,0
2022-06-13 10:39:00,240,240,240,240,0
2022-06-13 10:40:00,240,240,240,240,0
2022-06-13 10:41:00,240,240,240,240,0
2022-06-13 10:42:00,240,240,240,240,0
2022-06-13 10:43:00,230,230,230,230,1300
2022-06-13 10:44:00,230,230,230,230,200
2022-06-13 10:45:00,230,230,230,230,0
2022-06-13 10:46:00,230,230,230,230,0
2022-06-13 10:47:00,230,230,230,230,0
2022-06-13 10:48:00,230,230,230,230,300
2022-06-13 10:49:00,230,230,230,230,0
2022-06-13 10:50:00,230,230,230,230,0
2022-06-13 10:51:00,230,230,230,230,0
2022-06-13 10:52:00,230,230,230,230,0
2022-06-13 10:53:00,230,230,230,230,0
2022-06-13 10:54:00,230,230,230,230,0
2022-06-13 10:55:00,230,230,230,230,0
2022-06-13 10:56:00,230,230,230,230,600
2022-06-13 10:57:00,230,230,230,230,0
2022-06-13 10:58:00,230,230,230,230,0
2022-06-13 10:59:00,230,230,230,230,0
2022-06-13 11:00:00,230,230,230,230,0
2022-06-13 11:01:00,230,230,230,230,0
2022-06-13 11:02:00,230,230,230,230,0
2022-06-13 11:03:00,230,230,230,230,0
2022-06-13 11:04:00,230,230,230,230,0
2022-06-13 11:05:00,230,230,230,230,0
2022-06-13 11:06:00,230,230,230,230,0
2022-06-13 11:07:00,230,230,230,230,0
2022-06-13 11:08:00,230,230,230,230,0
2022-06-13 11:09:00,230,230,230,230,0
2022-06-13 11:10:00,230,230,230,230,0
2022-06-13 11:11:00,230,230,230,230,0
2022-06-13 11:12:00,230,230,230,230,0
2022-06-13 11:13:00,230,230,230,230,0
2022-06-13 11:14:00,230,230,230,230,0
2022-06-13 11:15:00,230,230,230,230,0
2022-06-13 11:16:00,230,230,230,230,0
2022-06-13 11:17:00,230,230,230,230,0
2022-06-13 11:18:00,230,230,230,230,0
2022-06-13 11:19:00,230,230,230,230,0
2022-06-13 11:20:00,230,230,230,230,0
2022-06-13 11:21:00,230,230,230,230,0
2022-06-13 11:22:00,230,230,230,230,0
2022-06-13 11:23:00,230,230,230,230,0
2022-06-13 11:24:00,230,230,230,230,0
2022-06-13 11:25:00,230,230,230,230,0
2022-06-13 11:26:00,230,230,230,230,0
2022-06-13 11:27:00,230,230,230,230,0
2022-06-13 11:28:00,230,230,230,230,100
2022-06-13 11:29:00,230,230,230,230,0
2022-06-13 11:30:00,230,230,230,230,0
2022-06-13 11:31:00,230,230,230,230,0
2022-06-13 11:32:00,230,230,230,230,0
2022-06-13 11:33:00,230,230,230,230,0
2022-06-13 11:34:00,230,230,230,230,0
2022-06-13 11:35:00,230,230,230,230,0
2022-06-13 11:36:00,230,230,230,230,0
2022-06-13 11:37:00,230,230,230,230,0
2022-06-13 11:38:00,230,230,230,230,0
2022-06-13 11:39:00,230,230,230,230,0
2022-06-13 11:40:00,230,230,230,230,0
2022-06-13 11:41:00,230,230,230,230,0
2022-06-13 11:42:00,230,230,230,230,0
2022-06-13 11:43:00,230,230,230,230,0
2022-06-13 11:44:00,230,230,230,230,0
2022-06-13 11:45:00,230,230,230,230,0
2022-06-13 11:46:00,230,230,230,230,0
2022-06-13 11:47:00,230,230,230,230,0
2022-06-13 11:48:00,230,230,230,230,0
2022-06-13 11:49:00,230,230,230,230,0
2022-06-13 11:50:00,230,230,230,230,0
2022-06-13 11:51:00,230,230,230,230,0
2022-06-13 11:52:00,230,230,230,230,0
2022-06-13 11:53:00,230,230,230,230,0
2022-06-13 11:54:00,230,230,230,230,0
2022-06-13 11:55:00,230,230,230,230,0
2022-06-13 11:56:00,230,230,230,230,0
2022-06-13 11:57:00,230,230,230,230,0
2022-06-13 11:58:00,230,230,230,230,0
2022-06-13 11:59:00,230,230,230,230,0
2022-06-13 12:00:00,230,230,230,230,0
2022-06-13 12:01:00,230,230,230,230,0
2022-06-13 12:02:00,230,230,230,230,0
2022-06-13 12:03:00,230,230,230,230,0
2022-06-13 12:04:00,230,230,230,230,0
2022-06-13 12:05:00,230,230,230,230,0
2022-06-13 12:06:00,230,230,230,230,0
2022-06-13 12:07:00,230,230,230,230,0
2022-06-13 12:08:00,230,230,230,230,0
2022-06-13 12:09:00,230,230,230,230,0
2022-06-13 12:10:00,230,230,230,230,0
2022-06-13 12:11:00,230,230,230,230,0
2022-06-13 12:12:00,230,230,230,230,0
2022-06-13 12:13:00,230,230,230,230,0
2022-06-13 12:14:00,230,230,230,230,0
2022-06-13 12:15:00,230,230,230,230,0
2022-06-13 12:16:00,230,230,230,230,0
2022-06-13 12:17:00,230,230,230,230,0
2022-06-13 12:18:00,230,230,230,230,0
2022-06-13 12:19:00,230,230,230,230,0
2022-06-13 12:20:00,230,230,230,230,0
2022-06-13 12:21:00,230,230,230,230,0
2022-06-13 12:22:00,230,230,230,230,0
2022-06-13 12:23:00,230,230,230,230,0
2022-06-13 12:24:00,230,230,230,230,0
2022-06-13 12:25:00,230,230,230,230,0
2022-06-13 12:26:00,230,230,230,230,0
2022-06-13 12:27:00,230,230,230,230,0
2022-06-13 12:28:00,230,230,230,230,0
2022-06-13 12:29:00,230,230,230,230,0
2022-06-13 12:30:00,230,230,230,230,0
2022-06-13 12:31:00,230,230,230,230,0
2022-06-13 12:32:00,230,230,230,230,0
2022-06-13 12:33:00,230,230,230,230,0
2022-06-13 12:34:00,230,230,230,230,0
2022-06-13 12:35:00,230,230,230,230,0
2022-06-13 12:36:00,230,230,230,230,0
2022-06-13 12:37:00,230,230,230,230,0
2022-06-13 12:38:00,230,230,230,230,0
2022-06-13 12:39:00,230,230,230,230,0
2022-06-13 12:40:00,230,230,230,230,0
2022-06-13 12:41:00,230,230,230,230,0
2022-06-13 12:42:00,230,230,230,230,0
2022-06-13 12:43:00,230,230,230,230,0
2022-06-13 12:44:00,230,230,230,230,0
2022-06-13 12:45:00,230,230,230,230,0
2022-06-13 12:46:00,230,230,230,230,0
2022-06-13 12:47:00,230,230,230,230,0
2022-06-13 12:48:00,230,230,230,230,0
2022-06-13 12:49:00,230,230,230,230,0
2022-06-13 12:50:00,230,230,230,230,0
2022-06-13 12:51:00,230,230,230,230,0
2022-06-13 12:52:00,230,230,230,230,0
2022-06-13 12:53:00,230,230,230,230,0
2022-06-13 12:54:00,230,230,230,230,0
2022-06-13 12:55:00,230,230,230,230,0
2022-06-13 12:56:00,230,230,230,230,0
2022-06-13 12:57:00,230,230,230,230,0
2022-06-13 12:58:00,230,230,230,230,0
2022-06-13 12:59:00,230,230,230,230,0
2022-06-13 13:00:00,230,230,230,230,0
2022-06-13 13:01:00,230,230,230,230,0
2022-06-13 13:02:00,230,230,230,230,0
2022-06-13 13:03:00,230,230,230,230,0
2022-06-13 13:04:00,230,230,230,230,0
2022-06-13 13:05:00,230,230,230,230,0
2022-06-13 13:06:00,230,230,230,230,0
2022-06-13 13:07:00,230,230,230,230,0
2022-06-13 13:08:00,230,230,230,230,0
2022-06-13 13:09:00,230,230,230,230,0
2022-06-13 13:10:00,230,230,230,230,0
2022-06-13 13:11:00,230,230,230,230,0
2022-06-13 13:12:00,230,230,230,230,0
2022-06-13 13:13:00,230,230,230,230,0
2022-06-13 13:14:00,230,230,230,230,0
2022-06-13 13:15:00,230,230,230,230,0
2022-06-13 13:16:00,230,230,230,230,0
2022-06-13 13:17:00,230,230,230,230,0
2022-06-13 13:18:00,230,230,230,230,0
2022-06-13 13:19:00,230,230,230,230,0
2022-06-13 13:20:00,230,230,230,230,0
2022-06-13 13:21:00,230,230,230,230,0
2022-06-13 13:22:00,230,230,230,230,0
2022-06-13 13:23:00,230,230,230,230,0
2022-06-13 13:24:00,230,230,230,230,0
2022-06-13 13:25:00,230,230,230,230,0
2022-06-13 13:26:00,230,230,230,230,0
2022-06-13 13:27:00,230,230,230,230,0
2022-06-13 13:28:00,230,230,230,230,0
2022-06-13 13:29:00,230,230,230,230,0
2022-06-13 13:30:00,228,228,228,228,100
2022-06-13 13:31:00,230,230,230,230,4500
2022-06-13 13:32:00,230,230,230,230,0
2022-06-13 13:33:00,230,230,230,230,0
2022-06-13 13:34:00,230,230,230,230,0
2022-06-13 13:35:00,230,230,230,230,0
2022-06-13 13:36:00,230,230,230,230,0
2022-06-13 13:37:00,230,230,230,230,0
2022-06-13 13:38:00,230,230,230,230,0
2022-06-13 13:39:00,230,230,230,230,0
2022-06-13 13:40:00,230,230,230,230,0
2022-06-13 13:41:00,230,230,230,230,0
2022-06-13 13:42:00,230,230,230,230,0
2022-06-13 13:43:00,230,230,230,230,1200
2022-06-13 13:44:00,230,230,230,230,0
2022-06-13 13:45:00,230,230,230,230,0
2022-06-13 13:46:00,230,230,230,230,0
2022-06-13 13:47:00,230,230,230,230,0
2022-06-13 13:48:00,230,230,230,230,0
2022-06-13 13:49:00,230,230,230,230,0
2022-06-13 13:50:00,230,230,230,230,0
2022-06-13 13:51:00,230,230,230,230,0
2022-06-13 13:52:00,230,230,230,230,0
2022-06-13 13:53:00,230,230,230,230,0
2022-06-13 13:54:00,230,230,230,230,0
2022-06-13 13:55:00,230,230,230,230,0
2022-06-13 13:56:00,230,230,230,230,0
2022-06-13 13:57:00,230,230,230,230,0
2022-06-13 13:58:00,230,230,230,230,0
2022-06-13 13:59:00,230,230,230,230,0
2022-06-13 14:00:00,230,230,230,230,0
2022-06-13 14:01:00,230,230,230,230,0
2022-06-13 14:02:00,230,230,230,230,0
2022-06-13 14:03:00,230,230,230,230,0
2022-06-13 14:04:00,230,230,230,230,0
2022-06-13 14:05:00,230,230,230,230,0
2022-06-13 14:06:00,230,230,230,230,0
2022-06-13 14:07:00,230,230,230,230,0
2022-06-13 14:08:00,230,230,230,230,0
2022-06-13 14:09:00,230,230,230,230,0
2022-06-13 14:10:00,230,230,230,230,0
2022-06-13 14:11:00,230,230,230,230,0
2022-06-13 14:12:00,230,230,230,230,0
2022-06-13 14:13:00,236,236,236,236,100
2022-06-13 14:14:00,236,236,236,236,0
2022-06-13 14:15:00,236,236,236,236,0
2022-06-13 14:16:00,236,236,236,236,0
2022-06-13 14:17:00,236,236,236,236,0
2022-06-13 14:18:00,236,236,236,236,0
2022-06-13 14:19:00,236,236,236,236,100
2022-06-13 14:20:00,236,236,236,236,0
2022-06-13 14:21:00,236,236,236,236,0
2022-06-13 14:22:00,236,236,236,236,0
2022-06-13 14:23:00,236,236,236,236,0
2022-06-13 14:24:00,236,236,236,236,0
2022-06-13 14:25:00,236,236,236,236,0
2022-06-13 14:26:00,236,236,236,236,0
2022-06-13 14:27:00,236,236,236,236,0
2022-06-13 14:28:00,236,236,236,236,0
2022-06-13 14:29:00,236,236,236,236,0
2022-06-13 14:30:00,236,236,236,236,0
2022-06-13 14:31:00,236,236,236,236,0
2022-06-13 14:32:00,236,236,236,236,0
2022-06-13 14:33:00,236,236,236,236,0
2022-06-13 14:34:00,236,236,236,236,0
2022-06-13 14:35:00,236,236,236,236,0
2022-06-13 14:36:00,230,230,230,230,200
2022-06-13 14:37:00,230,230,230,230,0
2022-06-13 14:38:00,230,230,230,230,0
2022-06-13 14:39:00,230,230,230,230,0
2022-06-13 14:40:00,230,230,230,230,0
2022-06-13 14:41:00,230,230,230,230,0
2022-06-13 14:42:00,230,230,230,230,0
2022-06-13 14:43:00,230,230,230,230,0
2022-06-13 14:44:00,230,230,230,230,0
2022-06-13 14:45:00,230,230,230,230,0
2022-06-13 14:46:00,230,230,230,230,0
2022-06-13 14:47:00,230,230,230,230,0
2022-06-13 14:48:00,230,230,230,230,0
2022-06-13 14:49:00,230,230,230,230,0
2022-06-13 14:50:00,230,230,230,230,0
2022-06-13 14:51:00,230,230,230,230,0
2022-06-13 14:52:00,230,230,230,230,0
2022-06-13 14:53:00,230,230,230,230,0
2022-06-13 14:54:00,230,230,230,230,0
2022-06-13 14:55:00,230,230,230,230,0
2022-06-13 14:56:00,230,230,230,230,0
2022-06-13 14:57:00,230,230,230,230,0
2022-06-13 14:58:00,230,230,230,230,0
2022-06-13 14:59:00,230,230,230,230,0
2022-06-13 15:00:00,230,230,230,230,0
2022-06-13 15:01:00,230,230,230,230,200
2022-06-13 15:02:00,230,230,230,230,0
2022-06-13 15:03:00,230,230,230,230,0
2022-06-13 15:04:00,230,230,230,230,0
2022-06-13 15:05:00,230,230,230,230,0
2022-06-13 15:06:00,230,230,230,230,0
2022-06-13 15:07:00,230,230,230,230,0
2022-06-13 15:08:00,230,230,230,230,0
2022-06-13 15:09:00,230,230,230,230,0
2022-06-13 15:10:00,230,230,230,230,0
2022-06-13 15:11:00,230,230,230,230,0
2022-06-13 15:12:00,230,230,230,230,0
2022-06-13 15:13:00,230,230,230,230,0
2022-06-13 15:14:00,230,230,230,230,0
2022-06-13 15:15:00,230,230,230,230,0
2022-06-13 15:16:00,230,230,230,230,0
2022-06-13 15:17:00,230,230,230,230,0
2022-06-13 15:18:00,230,230,230,230,0
2022-06-13 15:19:00,230,230,230,230,0
2022-06-13 15:20:00,230,230,230,230,0
2022-06-13 15:21:00,230,230,230,230,0
2022-06-13 15:22:00,230,230,230,230,0
2022-06-13 15:23:00,230,230,230,230,0
2022-06-13 15:24:00,230,230,230,230,0
2022-06-13 15:25:00,230,230,230,230,0
2022-06-13 15:26:00,230,230,230,230,0
2022-06-13 15:27:00,230,230,230,230,0
2022-06-13 15:28:00,230,230,230,230,0
2022-06-13 15:29:00,230,230,230,230,0
2022-06-13 15:30:00,230,230,230,230,0
2022-06-13 15:31:00,230,230,230,230,0
2022-06-13 15:32:00,230,230,230,230,0
2022-06-13 15:33:00,230,230,230,230,0
2022-06-13 15:34:00,230,230,230,230,0
2022-06-13 15:35:00,230,230,230,230,0
2022-06-13 15:36:00,230,230,230,230,0
2022-06-13 15:37:00,230,230,230,230,0
2022-06-13 15:38:00,230,230,230,230,0
2022-06-13 15:39:00,230,230,230,230,0
2022-06-13 15:40:00,230,230,230,230,0
2022-06-13 15:41:00,230,230,230,230,0
2022-06-13 15:42:00,230,230,230,230,0
2022-06-13 15:43:00,230,230,230,230,0
2022-06-13 15:44:00,230,230,230,230,0
2022-06-13 15:45:00,230,230,230,230,0
2022-06-13 15:46:00,230,230,230,230,0
2022-06-13 15:47:00,230,230,230,230,0
2022-06-13 15:48:00,230,230,230,230,0
2022-06-13 15:49:00,230,230,230,230,0
2022-06-13 15:50:00,230,230,230,230,0
2022-06-13 15:51:00,230,230,230,230,0
2022-06-13 15:52:00,230,230,230,230,0
2022-06-13 15:53:00,230,230,230,230,0
2022-06-13 15:54:00,230,230,230,230,0
2022-06-13 15:55:00,230,230,230,230,0
2022-06-13 15:56:00,230,230,230,230,0
2022-06-13 15:57:00,230,230,230,230,0
2022-06-13 15:58:00,230,230,230,230,0
2022-06-13 15:59:00,230,230,230,230,0
2022-06-14 09:00:00,230,230,230,230,0
2022-06-14 09:01:00,230,230,230,230,0
2022-06-14 09:02:00,230,230,230,230,0
2022-06-14 09:03:00,230,230,230,230,0
2022-06-14 09:04:00,230,230,230,230,0
2022-06-14 09:05:00,230,230,230,230,0
2022-06-14 09:06:00,230,230,230,230,0
2022-06-14 09:07:00,230,230,230,230,0
2022-06-14 09:08:00,230,230,230,230,0
2022-06-14 09:09:00,230,230,230,230,0
2022-06-14 09:10:00,230,230,230,230,0
2022-06-14 09:11:00,230,230,230,230,0
2022-06-14 09:12:00,230,230,230,230,0
2022-06-14 09:13:00,230,230,230,230,0
2022-06-14 09:14:00,230,230,230,230,0
2022-06-14 09:15:00,230,230,230,230,0
2022-06-14 09:16:00,230,230,230,230,0
2022-06-14 09:17:00,230,230,230,230,0
2022-06-14 09:18:00,230,230,230,230,0
2022-06-14 09:19:00,230,230,230,230,0
2022-06-14 09:20:00,230,230,230,230,0
2022-06-14 09:21:00,230,230,230,230,0
2022-06-14 09:22:00,230,230,230,230,0
2022-06-14 09:23:00,230,230,230,230,0
2022-06-14 09:24:00,230,230,230,230,0
2022-06-14 09:25:00,230,230,230,230,0
2022-06-14 09:26:00,230,230,230,230,0
2022-06-14 09:27:00,230,230,230,230,0
2022-06-14 09:28:00,230,230,230,230,0
2022-06-14 09:29:00,230,230,230,230,0
2022-06-14 09:30:00,230,230,230,230,0
2022-06-14 09:31:00,230,230,230,230,0
2022-06-14 09:32:00,230,230,230,230,0
2022-06-14 09:33:00,230,230,230,230,0
2022-06-14 09:34:00,230,230,230,230,0
2022-06-14 09:35:00,230,230,230,230,0
2022-06-14 09:36:00,230,230,230,230,0
2022-06-14 09:37:00,230,230,230,230,0
2022-06-14 09:38:00,230,230,230,230,0
2022-06-14 09:39:00,230,230,230,230,0
2022-06-14 09:40:00,230,230,230,230,0
2022-06-14 09:41:00,230,230,230,230,0
2022-06-14 09:42:00,230,230,230,230,0
2022-06-14 09:43:00,230,230,230,230,0
2022-06-14 09:44:00,230,230,230,230,0
2022-06-14 09:45:00,230,230,230,230,0
2022-06-14 09:46:00,230,230,230,230,0
2022-06-14 09:47:00,230,230,230,230,0
2022-06-14 09:48:00,230,230,230,230,0
2022-06-14 09:49:00,230,230,230,230,0
2022-06-14 09:50:00,230,230,230,230,0
2022-06-14 09:51:00,230,230,230,230,0
2022-06-14 09:52:00,230,230,230,230,0
2022-06-14 09:53:00,230,230,230,230,0
2022-06-14 09:54:00,230,230,230,230,0
2022-06-14 09:55:00,230,230,230,230,0
2022-06-14 09:56:00,230,230,230,230,0
2022-06-14 09:57:00,230,230,230,230,0
2022-06-14 09:58:00,230,230,230,230,0
2022-06-14 09:59:00,230,230,230,230,0
2022-06-14 10:00:00,230,230,230,230,0
2022-06-14 10:01:00,230,230,230,230,0
2022-06-14 10:02:00,230,230,230,230,0
2022-06-14 10:03:00,230,230,230,230,0
2022-06-14 10:04:00,230,230,230,230,0
2022-06-14 10:05:00,230,230,230,230,0
2022-06-14 10:06:00,230,230,230,230,0
2022-06-14 10:07:00,230,230,230,230,0
2022-06-14 10:08:00,230,230,230,230,0
2022-06-14 10:09:00,230,230,230,230,0
2022-06-14 10:10:00,230,230,230,230,0
2022-06-14 10:11:00,230,230,230,230,0
2022-06-14 10:12:00,230,230,230,230,0
2022-06-14 10:13:00,230,230,230,230,0
2022-06-14 10:14:00,230,230,230,230,0
2022-06-14 10:15:00,230,230,230,230,0
2022-06-14 10:16:00,230,230,230,230,0
2022-06-14 10:17:00,230,230,230,230,1100
2022-06-14 10:18:00,230,230,230,230,0
2022-06-14 10:19:00,230,230,230,230,0
2022-06-14 10:20:00,230,230,230,230,0
2022-06-14 10:21:00,230,230,230,230,0
2022-06-14 10:22:00,230,230,230,230,0
2022-06-14 10:23:00,230,230,230,230,0
2022-06-14 10:24:00,230,230,230,230,0
2022-06-14 10:25:00,230,230,230,230,0
2022-06-14 10:26:00,230,230,230,230,0
2022-06-14 10:27:00,230,230,230,230,0
2022-06-14 10:28:00,230,230,230,230,0
2022-06-14 10:29:00,230,230,230,230,0
2022-06-14 10:30:00,230,230,230,230,0
2022-06-14 10:31:00,230,230,230,230,0
2022-06-14 10:32:00,230,230,230,230,0
2022-06-14 10:33:00,230,230,230,230,0
2022-06-14 10:34:00,230,230,230,230,0
2022-06-14 10:35:00,230,230,230,230,0
2022-06-14 10:36:00,230,230,230,230,0
2022-06-14 10:37:00,230,230,230,230,0
2022-06-14 10:38:00,230,230,230,230,0
2022-06-14 10:39:00,230,230,230,230,0
2022-06-14 10:40:00,230,230,230,230,0
2022-06-14 10:41:00,230,230,230,230,0
2022-06-14 10:42:00,230,230,230,230,0
2022-06-14 10:43:00,230,230,230,230,0
2022-06-14 10:44:00,230,230,230,230,0
2022-06-14 10:45:00,230,230,230,230,0
2022-06-14 10:46:00,230,230,230,230,0
2022-06-14 10:47:00,230,230,230,230,0
2022-06-14 10:48:00,230,230,230,230,400
2022-06-14 10:49:00,216,216,216,216,17400
2022-06-14 10:50:00,216,216,216,216,0
2022-06-14 10:51:00,216,216,216,216,0
2022-06-14 10:52:00,216,216,216,216,0
2022-06-14 10:53:00,216,216,216,216,0
2022-06-14 10:54:00,220,218,220,218,500
2022-06-14 10:55:00,218,218,218,218,5500
2022-06-14 10:56:00,218,218,218,218,0
2022-06-14 10:57:00,218,218,218,218,10000
2022-06-14 10:58:00,218,218,218,218,1000
2022-06-14 10:59:00,218,218,218,218,0
2022-06-14 11:00:00,218,218,218,218,0
2022-06-14 11:01:00,218,218,218,218,0
2022-06-14 11:02:00,218,218,218,218,0
2022-06-14 11:03:00,218,218,228,228,3600
2022-06-14 11:04:00,218,218,228,228,0
2022-06-14 11:05:00,218,218,228,228,0
2022-06-14 11:06:00,218,218,228,228,0
2022-06-14 11:07:00,218,218,228,228,0
2022-06-14 11:08:00,218,218,228,228,0
2022-06-14 11:09:00,218,216,218,216,35600
2022-06-14 11:10:00,216,216,216,216,2000
2022-06-14 11:11:00,216,216,216,216,0
2022-06-14 11:12:00,216,216,216,216,0
2022-06-14 11:13:00,216,216,216,216,0
2022-06-14 11:14:00,216,216,216,216,0
2022-06-14 11:15:00,214,214,214,214,9400
2022-06-14 11:16:00,216,216,216,216,100
2022-06-14 11:17:00,216,216,216,216,200
2022-06-14 11:18:00,216,216,216,216,100
2022-06-14 11:19:00,216,216,216,216,3800
2022-06-14 11:20:00,216,216,216,216,0
2022-06-14 11:21:00,216,216,216,216,500
2022-06-14 11:22:00,216,216,216,216,2400
2022-06-14 11:23:00,216,216,216,216,0
2022-06-14 11:24:00,216,216,216,216,0
2022-06-14 11:25:00,216,216,216,216,0
2022-06-14 11:26:00,216,216,216,216,0
2022-06-14 11:27:00,216,216,216,216,0
2022-06-14 11:28:00,216,216,216,216,0
2022-06-14 11:29:00,216,216,216,216,0
2022-06-14 11:30:00,216,216,216,216,0
2022-06-14 11:31:00,216,216,216,216,0
2022-06-14 11:32:00,216,216,216,216,0
2022-06-14 11:33:00,216,216,216,216,0
2022-06-14 11:34:00,216,216,216,216,0
2022-06-14 11:35:00,216,216,216,216,0
2022-06-14 11:36:00,216,216,216,216,0
2022-06-14 11:37:00,216,216,216,216,0
2022-06-14 11:38:00,216,216,216,216,0
2022-06-14 11:39:00,216,216,216,216,0
2022-06-14 11:40:00,216,216,216,216,0
2022-06-14 11:41:00,216,216,216,216,0
2022-06-14 11:42:00,216,216,216,216,0
2022-06-14 11:43:00,216,216,216,216,0
2022-06-14 11:44:00,216,216,216,216,0
2022-06-14 11:45:00,216,216,216,216,0
2022-06-14 11:46:00,216,216,216,216,0
2022-06-14 11:47:00,216,216,216,216,0
2022-06-14 11:48:00,216,216,216,216,0
2022-06-14 11:49:00,216,216,216,216,0
2022-06-14 11:50:00,216,216,216,216,0
2022-06-14 11:51:00,216,216,216,216,0
2022-06-14 11:52:00,216,216,216,216,0
2022-06-14 11:53:00,216,216,216,216,0
2022-06-14 11:54:00,216,216,216,216,0
2022-06-14 11:55:00,216,216,216,216,0
2022-06-14 11:56:00,216,216,216,216,0
2022-06-14 11:57:00,216,216,216,216,0
2022-06-14 11:58:00,216,216,216,216,0
2022-06-14 11:59:00,216,216,216,216,0
2022-06-14 12:00:00,216,216,216,216,0
2022-06-14 12:01:00,216,216,216,216,0
2022-06-14 12:02:00,216,216,216,216,0
2022-06-14 12:03:00,216,216,216,216,0
2022-06-14 12:04:00,216,216,216,216,0
2022-06-14 12:05:00,216,216,216,216,0
2022-06-14 12:06:00,216,216,216,216,0
2022-06-14 12:07:00,216,216,216,216,0
2022-06-14 12:08:00,216,216,216,216,0
2022-06-14 12:09:00,216,216,216,216,0
2022-06-14 12:10:00,216,216,216,216,0
2022-06-14 12:11:00,216,216,216,216,0
2022-06-14 12:12:00,216,216,216,216,0
2022-06-14 12:13:00,216,216,216,216,0
2022-06-14 12:14:00,216,216,216,216,0
2022-06-14 12:15:00,216,216,216,216,0
2022-06-14 12:16:00,216,216,216,216,0
2022-06-14 12:17:00,216,216,216,216,0
2022-06-14 12:18:00,216,216,216,216,0
2022-06-14 12:19:00,216,216,216,216,0
2022-06-14 12:20:00,216,216,216,216,0
2022-06-14 12:21:00,216,216,216,216,0
2022-06-14 12:22:00,216,216,216,216,0
2022-06-14 12:23:00,216,216,216,216,0
2022-06-14 12:24:00,216,216,216,216,0
2022-06-14 12:25:00,216,216,216,216,0
2022-06-14 12:26:00,216,216,216,216,0
2022-06-14 12:27:00,216,216,216,216,0
2022-06-14 12:28:00,216,216,216,216,0
2022-06-14 12:29:00,216,216,216,216,0
2022-06-14 12:30:00,216,216,216,216,0
2022-06-14 12:31:00,216,216,216,216,0
2022-06-14 12:32:00,216,216,216,216,0
2022-06-14 12:33:00,216,216,216,216,0
2022-06-14 12:34:00,216,216,216,216,0
2022-06-14 12:35:00,216,216,216,216,0
2022-06-14 12:36:00,216,216,216,216,0
2022-06-14 12:37:00,216,216,216,216,0
2022-06-14 12:38:00,216,216,216,216,0
2022-06-14 12:39:00,216,216,216,216,0
2022-06-14 12:40:00,216,216,216,216,0
2022-06-14 12:41:00,216,216,216,216,0
2022-06-14 12:42:00,216,216,216,216,0
2022-06-14 12:43:00,216,216,216,216,0
2022-06-14 12:44:00,216,216,216,216,0
2022-06-14 12:45:00,216,216,216,216,0
2022-06-14 12:46:00,216,216,216,216,0
2022-06-14 12:47:00,216,216,216,216,0
2022-06-14 12:48:00,216,216,216,216,0
2022-06-14 12:49:00,216,216,216,216,0
2022-06-14 12:50:00,216,216,216,216,0
2022-06-14 12:51:00,216,216,216,216,0
2022-06-14 12:52:00,216,216,216,216,0
2022-06-14 12:53:00,216,216,216,216,0
2022-06-14 12:54:00,216,216,216,216,0
2022-06-14 12:55:00,216,216,216,216,0
2022-06-14 12:56:00,216,216,216,216,0
2022-06-14 12:57:00,216,216,216,216,0
2022-06-14 12:58:00,216,216,216,216,0
2022-06-14 12:59:00,216,216,216,216,0
2022-06-14 13:00:00,216,216,216,216,0
2022-06-14 13:01:00,216,216,216,216,0
2022-06-14 13:02:00,216,216,216,216,0
2022-06-14 13:03:00,216,216,216,216,0
2022-06-14 13:04:00,216,216,216,216,0
2022-06-14 13:05:00,216,216,216,216,0
2022-06-14 13:06:00,216,216,216,216,0
2022-06-14 13:07:00,216,216,216,216,0
2022-06-14 13:08:00,216,216,216,216,0
2022-06-14 13:09:00,216,216,216,216,0
2022-06-14 13:10:00,216,216,216,216,0
2022-06-14 13:11:00,216,216,216,216,0
2022-06-14 13:12:00,216,216,216,216,0
2022-06-14 13:13:00,216,216,216,216,0
2022-06-14 13:14:00,216,216,216,216,0
2022-06-14 13:15:00,216,216,216,216,0
2022-06-14 13:16:00,216,216,216,216,0
2022-06-14 13:17:00,216,216,216,216,0
2022-06-14 13:18:00,216,216,216,216,0
2022-06-14 13:19:00,216,216,216,216,0
2022-06-14 13:20:00,216,216,216,216,0
2022-06-14 13:21:00,216,216,216,216,0
2022-06-14 13:22:00,216,216,216,216,0
2022-06-14 13:23:00,216,216,216,216,0
2022-06-14 13:24:00,216,216,216,216,0
2022-06-14 13:25:00,216,216,216,216,0
2022-06-14 13:26:00,216,216,216,216,0
2022-06-14 13:27:00,216,216,216,216,0
2022-06-14 13:28:00,216,216,216,216,0
2022-06-14 13:29:00,216,216,216,216,0
2022-06-14 13:30:00,216,216,216,216,500
2022-06-14 13:31:00,216,216,216,216,0
2022-06-14 13:32:00,216,216,216,216,0
2022-06-14 13:33:00,216,216,216,216,0
2022-06-14 13:34:00,216,216,216,216,0
2022-06-14 13:35:00,216,216,216,216,5100
2022-06-14 13:36:00,216,216,216,216,500
2022-06-14 13:37:00,216,216,216,216,11800
2022-06-14 13:38:00,216,216,216,216,0
2022-06-14 13:39:00,216,216,216,216,0
2022-06-14 13:40:00,216,216,216,216,0
2022-06-14 13:41:00,216,216,216,216,0
2022-06-14 13:42:00,216,216,216,216,0
2022-06-14 13:43:00,216,216,216,216,0
2022-06-14 13:44:00,216,216,216,216,0
2022-06-14 13:45:00,216,216,216,216,0
2022-06-14 13:46:00,216,216,216,216,0
2022-06-14 13:47:00,216,216,216,216,0
2022-06-14 13:48:00,216,216,216,216,0
2022-06-14 13:49:00,216,216,216,216,0
2022-06-14 13:50:00,216,216,216,216,0
2022-06-14 13:51:00,216,216,216,216,0
2022-06-14 13:52:00,218,218,218,218,100
2022-06-14 13:53:00,218,218,218,218,0
2022-06-14 13:54:00,218,218,218,218,0
2022-06-14 13:55:00,218,218,218,218,900
2022-06-14 13:56:00,218,218,218,218,0
2022-06-14 13:57:00,218,218,218,218,0
2022-06-14 13:58:00,222,222,222,222,200
2022-06-14 13:59:00,222,222,222,222,300
2022-06-14 14:00:00,222,222,222,222,0
2022-06-14 14:01:00,222,222,222,222,0
2022-06-14 14:02:00,222,222,222,222,0
2022-06-14 14:03:00,222,222,222,222,0
2022-06-14 14:04:00,222,222,222,222,0
2022-06-14 14:05:00,222,222,222,222,0
2022-06-14 14:06:00,222,222,222,222,0
2022-06-14 14:07:00,222,222,222,222,0
2022-06-14 14:08:00,222,222,222,222,0
2022-06-14 14:09:00,222,222,222,222,0
2022-06-14 14:10:00,222,222,222,222,0
2022-06-14 14:11:00,222,222,222,222,0
2022-06-14 14:12:00,222,222,222,222,0
2022-06-14 14:13:00,222,222,222,222,0
2022-06-14 14:14:00,222,222,222,222,0
2022-06-14 14:15:00,222,222,222,222,0
2022-06-14 14:16:00,222,222,222,222,0
2022-06-14 14:17:00,222,222,222,222,0
2022-06-14 14:18:00,222,222,222,222,0
2022-06-14 14:19:00,222,222,222,222,0
2022-06-14 14:20:00,222,222,222,222,0
2022-06-14 14:21:00,222,222,222,222,0
2022-06-14 14:22:00,222,222,222,222,0
2022-06-14 14:23:00,222,222,222,222,0
2022-06-14 14:24:00,222,222,222,222,0
2022-06-14 14:25:00,222,222,222,222,0
2022-06-14 14:26:00,222,222,222,222,0
2022-06-14 14:27:00,222,222,222,222,0
2022-06-14 14:28:00,222,222,222,222,0
2022-06-14 14:29:00,220,220,220,220,200
2022-06-14 14:30:00,220,220,220,220,9900
2022-06-14 14:31:00,220,220,220,220,0
2022-06-14 14:32:00,220,220,220,220,0
2022-06-14 14:33:00,220,220,220,220,0
2022-06-14 14:34:00,220,220,220,220,3800
2022-06-14 14:35:00,220,220,220,220,0
2022-06-14 14:36:00,220,220,220,220,0
2022-06-14 14:37:00,222,222,222,222,100
2022-06-14 14:38:00,222,222,222,222,0
2022-06-14 14:39:00,222,222,222,222,0
2022-06-14 14:40:00,222,222,222,222,0
2022-06-14 14:41:00,222,222,222,222,0
2022-06-14 14:42:00,222,222,222,222,0
2022-06-14 14:43:00,222,222,222,222,0
2022-06-14 14:44:00,222,222,222,222,0
2022-06-14 14:45:00,222,222,222,222,0
2022-06-14 14:46:00,222,222,222,222,0
2022-06-14 14:47:00,222,222,222,222,0
2022-06-14 14:48:00,222,222,222,222,0
2022-06-14 14:49:00,222,222,222,222,0
2022-06-14 14:50:00,222,222,222,222,0
2022-06-14 14:51:00,222,222,222,222,0
2022-06-14 14:52:00,222,222,222,222,0
2022-06-14 14:53:00,222,222,222,222,0
2022-06-14 14:54:00,222,222,222,222,0
2022-06-14 14:55:00,222,222,222,222,0
2022-06-14 14:56:00,222,222,222,222,0
2022-06-14 14:57:00,222,222,222,222,0
2022-06-14 14:58:00,222,222,222,222,0
2022-06-14 14:59:00,222,222,222,222,0
2022-06-14 15:00:00,216,216,216,216,9100
2022-06-14 15:01:00,216,216,216,216,0
2022-06-14 15:02:00,216,216,216,216,0
2022-06-14 15:03:00,216,216,216,216,0
2022-06-14 15:04:00,216,216,216,216,0
2022-06-14 15:05:00,216,216,216,216,0
2022-06-14 15:06:00,216,216,216,216,0
2022-06-14 15:07:00,216,216,216,216,0
2022-06-14 15:08:00,216,216,216,216,0
2022-06-14 15:09:00,216,216,216,216,0
2022-06-14 15:10:00,216,216,216,216,0
2022-06-14 15:11:00,216,216,216,216,141100
2022-06-14 15:12:00,216,216,216,216,0
2022-06-14 15:13:00,216,216,216,216,0
2022-06-14 15:14:00,216,216,216,216,0
2022-06-14 15:15:00,216,216,216,216,0
2022-06-14 15:16:00,216,216,216,216,0
2022-06-14 15:17:00,216,216,216,216,0
2022-06-14 15:18:00,216,216,216,216,0
2022-06-14 15:19:00,216,216,216,216,0
2022-06-14 15:20:00,216,216,216,216,0
2022-06-14 15:21:00,216,216,216,216,0
2022-06-14 15:22:00,216,216,216,216,0
2022-06-14 15:23:00,216,216,216,216,0
2022-06-14 15:24:00,216,216,216,216,0
2022-06-14 15:25:00,216,216,216,216,0
2022-06-14 15:26:00,216,216,216,216,0
2022-06-14 15:27:00,216,216,216,216,0
2022-06-14 15:28:00,216,216,216,216,0
2022-06-14 15:29:00,216,216,216,216,0
2022-06-14 15:30:00,216,216,216,216,0
2022-06-14 15:31:00,216,216,216,216,0
2022-06-14 15:32:00,216,216,216,216,0
2022-06-14 15:33:00,216,216,216,216,0
2022-06-14 15:34:00,216,216,216,216,0
2022-06-14 15:35:00,216,216,216,216,0
2022-06-14 15:36:00,216,216,216,216,0
2022-06-14 15:37:00,216,216,216,216,0
2022-06-14 15:38:00,216,216,216,216,0
2022-06-14 15:39:00,216,216,216,216,0
2022-06-14 15:40:00,216,216,216,216,0
2022-06-14 15:41:00,216,216,216,216,0
2022-06-14 15:42:00,216,216,216,216,0
2022-06-14 15:43:00,216,216,216,216,0
2022-06-14 15:44:00,216,216,216,216,0
2022-06-14 15:45:00,216,216,216,216,0
2022-06-14 15:46:00,216,216,216,216,0
2022-06-14 15:47:00,216,216,216,216,0
2022-06-14 15:48:00,216,216,216,216,0
2022-06-14 15:49:00,216,216,216,216,0
2022-06-14 15:50:00,216,216,216,216,0
2022-06-14 15:51:00,216,216,216,216,0
2022-06-14 15:52:00,216,216,216,216,0
2022-06-14 15:53:00,216,216,216,216,0
2022-06-14 15:54:00,216,216,216,216,0
2022-06-14 15:55:00,216,216,216,216,0
2022-06-14 15:56:00,216,216,216,216,0
2022-06-14 15:57:00,216,216,216,216,0
2022-06-14 15:58:00,216,216,216,216,0
2022-06-14 15:59:00,216,216,216,216,0
2022-06-15 09:00:00,216,216,216,216,0
2022-06-15 09:01:00,216,216,216,216,0
2022-06-15 09:02:00,216,216,216,216,0
2022-06-15 09:03:00,216,216,216,216,0
2022-06-15 09:04:00,216,216,216,216,0
2022-06-15 09:05:00,216,216,216,216,0
2022-06-15 09:06:00,216,216,216,216,0
2022-06-15 09:07:00,204,204,204,204,1300
2022-06-15 09:08:00,204,204,204,204,0
2022-06-15 09:09:00,204,204,204,204,0
2022-06-15 09:10:00,204,204,204,204,0
2022-06-15 09:11:00,204,204,204,204,0
2022-06-15 09:12:00,204,204,204,204,0
2022-06-15 09:13:00,216,216,216,216,1500
2022-06-15 09:14:00,216,216,216,216,0
2022-06-15 09:15:00,216,216,216,216,0
2022-06-15 09:16:00,216,216,216,216,0
2022-06-15 09:17:00,216,216,216,216,0
2022-06-15 09:18:00,216,216,216,216,0
2022-06-15 09:19:00,216,216,216,216,0
2022-06-15 09:20:00,216,216,216,216,0
2022-06-15 09:21:00,216,216,216,216,0
2022-06-15 09:22:00,216,216,216,216,0
2022-06-15 09:23:00,216,216,216,216,0
2022-06-15 09:24:00,216,216,216,216,0
2022-06-15 09:25:00,216,216,216,216,0
2022-06-15 09:26:00,216,216,216,216,0
2022-06-15 09:27:00,216,216,216,216,0
2022-06-15 09:28:00,216,216,216,216,0
2022-06-15 09:29:00,216,216,216,216,0
2022-06-15 09:30:00,216,216,216,216,0
2022-06-15 09:31:00,216,216,216,216,0
2022-06-15 09:32:00,216,216,216,216,0
2022-06-15 09:33:00,216,216,216,216,0
2022-06-15 09:34:00,216,216,216,216,0
2022-06-15 09:35:00,216,216,216,216,0
2022-06-15 09:36:00,216,216,216,216,0
2022-06-15 09:37:00,216,216,216,216,0
2022-06-15 09:38:00,216,216,216,216,100
2022-06-15 09:39:00,216,216,216,216,0
2022-06-15 09:40:00,216,216,216,216,0
2022-06-15 09:41:00,216,216,216,216,0
2022-06-15 09:42:00,216,216,216,216,10000
2022-06-15 09:43:00,216,216,216,216,0
2022-06-15 09:44:00,216,216,216,216,0
2022-06-15 09:45:00,216,216,216,216,0
2022-06-15 09:46:00,216,216,216,216,0
2022-06-15 09:47:00,216,216,216,216,0
2022-06-15 09:48:00,216,216,216,216,0
2022-06-15 09:49:00,216,216,216,216,0
2022-06-15 09:50:00,216,216,216,216,0
2022-06-15 09:51:00,216,216,216,216,0
2022-06-15 09:52:00,216,216,216,216,0
2022-06-15 09:53:00,216,216,216,216,0
2022-06-15 09:54:00,216,216,216,216,0
2022-06-15 09:55:00,216,216,216,216,0
2022-06-15 09:56:00,216,216,216,216,0
2022-06-15 09:57:00,216,216,216,216,0
2022-06-15 09:58:00,216,216,216,216,0
2022-06-15 09:59:00,216,216,216,216,0
2022-06-15 10:00:00,216,216,216,216,0
2022-06-15 10:01:00,216,216,216,216,0
2022-06-15 10:02:00,218,218,218,218,11200
2022-06-15 10:03:00,218,218,218,218,0
2022-06-15 10:04:00,218,218,218,218,0
2022-06-15 10:05:00,216,216,216,216,10000
2022-06-15 10:06:00,216,216,216,216,0
2022-06-15 10:07:00,216,216,216,216,0
2022-06-15 10:08:00,216,216,216,216,0
2022-06-15 10:09:00,216,216,216,216,0
2022-06-15 10:10:00,216,216,216,216,500
2022-06-15 10:11:00,216,216,216,216,0
2022-06-15 10:12:00,216,216,216,216,0
2022-06-15 10:13:00,216,216,216,216,0
2022-06-15 10:14:00,216,216,216,216,0
2022-06-15 10:15:00,216,216,216,216,0
2022-06-15 10:16:00,216,216,216,216,0
2022-06-15 10:17:00,216,216,216,216,0
2022-06-15 10:18:00,216,216,216,216,0
2022-06-15 10:19:00,216,216,216,216,0
2022-06-15 10:20:00,216,216,216,216,0
2022-06-15 10:21:00,216,216,216,216,0
2022-06-15 10:22:00,216,216,216,216,0
2022-06-15 10:23:00,216,216,216,216,0
2022-06-15 10:24:00,216,216,216,216,0
2022-06-15 10:25:00,216,216,216,216,0
2022-06-15 10:26:00,216,216,216,216,0
2022-06-15 10:27:00,216,216,216,216,0
2022-06-15 10:28:00,216,216,216,216,0
2022-06-15 10:29:00,216,216,216,216,0
2022-06-15 10:30:00,216,216,216,216,0
2022-06-15 10:31:00,216,216,216,216,0
2022-06-15 10:32:00,216,216,216,216,0
2022-06-15 10:33:00,216,216,216,216,0
2022-06-15 10:34:00,216,216,216,216,0
2022-06-15 10:35:00,216,216,216,216,0
2022-06-15 10:36:00,216,216,216,216,0
2022-06-15 10:37:00,216,216,216,216,0
2022-06-15 10:38:00,216,216,216,216,0
2022-06-15 10:39:00,216,216,216,216,0
2022-06-15 10:40:00,216,216,216,216,0
2022-06-15 10:41:00,216,216,216,216,0
2022-06-15 10:42:00,216,216,216,216,0
2022-06-15 10:43:00,216,216,216,216,0
2022-06-15 10:44:00,216,216,216,216,0
2022-06-15 10:45:00,216,216,216,216,0
2022-06-15 10:46:00,216,216,216,216,0
2022-06-15 10:47:00,216,216,216,216,0
2022-06-15 10:48:00,216,216,216,216,0
2022-06-15 10:49:00,216,216,216,216,0
2022-06-15 10:50:00,216,216,216,216,0
2022-06-15 10:51:00,216,216,216,216,0
2022-06-15 10:52:00,216,216,216,216,0
2022-06-15 10:53:00,216,216,216,216,0
2022-06-15 10:54:00,216,216,216,216,0
2022-06-15 10:55:00,216,216,216,216,0
2022-06-15 10:56:00,216,216,216,216,0
2022-06-15 10:57:00,216,216,216,216,0
2022-06-15 10:58:00,216,216,216,216,0
2022-06-15 10:59:00,216,216,216,216,0
2022-06-15 11:00:00,216,216,216,216,0
2022-06-15 11:01:00,216,216,216,216,0
2022-06-15 11:02:00,216,216,216,216,0
2022-06-15 11:03:00,216,216,216,216,0
2022-06-15 11:04:00,216,216,216,216,100
2022-06-15 11:05:00,216,216,216,216,3600
2022-06-15 11:06:00,216,216,216,216,0
2022-06-15 11:07:00,216,216,216,216,0
2022-06-15 11:08:00,216,216,216,216,0
2022-06-15 11:09:00,216,216,216,216,0
2022-06-15 11:10:00,216,216,216,216,0
2022-06-15 11:11:00,216,216,216,216,0
2022-06-15 11:12:00,216,216,216,216,0
2022-06-15 11:13:00,216,216,216,216,0
2022-06-15 11:14:00,216,216,216,216,0
2022-06-15 11:15:00,216,216,216,216,0
2022-06-15 11:16:00,216,216,216,216,0
2022-06-15 11:17:00,216,216,216,216,0
2022-06-15 11:18:00,216,216,216,216,0
2022-06-15 11:19:00,216,216,216,216,0
2022-06-15 11:20:00,216,216,216,216,0
2022-06-15 11:21:00,216,216,216,216,0
2022-06-15 11:22:00,216,216,216,216,0
2022-06-15 11:23:00,216,216,216,216,0
2022-06-15 11:24:00,216,216,216,216,0
2022-06-15 11:25:00,216,216,216,216,0
2022-06-15 11:26:00,216,216,216,216,0
2022-06-15 11:27:00,216,216,216,216,0
2022-06-15 11:28:00,216,216,216,216,0
2022-06-15 11:29:00,216,216,216,216,0
2022-06-15 11:30:00,216,216,216,216,0
2022-06-15 11:31:00,216,216,216,216,0
2022-06-15 11:32:00,216,216,216,216,0
2022-06-15 11:33:00,216,216,216,216,0
2022-06-15 11:34:00,216,216,216,216,0
2022-06-15 11:35:00,216,216,216,216,0
2022-06-15 11:36:00,216,216,216,216,0
2022-06-15 11:37:00,216,216,216,216,0
2022-06-15 11:38:00,216,216,216,216,0
2022-06-15 11:39:00,216,216,216,216,0
2022-06-15 11:40:00,216,216,216,216,0
2022-06-15 11:41:00,216,216,216,216,0
2022-06-15 11:42:00,216,216,216,216,0
2022-06-15 11:43:00,216,216,216,216,0
2022-06-15 11:44:00,216,216,216,216,0
2022-06-15 11:45:00,216,216,216,216,0
2022-06-15 11:46:00,216,216,216,216,0
2022-06-15 11:47:00,216,216,216,216,0
2022-06-15 11:48:00,216,216,216,216,0
2022-06-15 11:49:00,216,216,216,216,0
2022-06-15 11:50:00,216,216,216,216,0
2022-06-15 11:51:00,216,216,216,216,0
2022-06-15 11:52:00,216,216,216,216,0
2022-06-15 11:53:00,216,216,216,216,0
2022-06-15 11:54:00,216,216,216,216,0
2022-06-15 11:55:00,216,216,216,216,0
2022-06-15 11:56:00,216,216,216,216,0
2022-06-15 11:57:00,216,216,216,216,0
2022-06-15 11:58:00,216,216,216,216,0
2022-06-15 11:59:00,216,216,216,216,0
2022-06-15 12:00:00,216,216,216,216,0
2022-06-15 12:01:00,216,216,216,216,0
2022-06-15 12:02:00,216,216,216,216,0
2022-06-15 12:03:00,216,216,216,216,0
2022-06-15 12:04:00,216,216,216,216,0
2022-06-15 12:05:00,216,216,216,216,0
2022-06-15 12:06:00,216,216,216,216,0
2022-06-15 12:07:00,216,216,216,216,0
2022-06-15 12:08:00,216,216,216,216,0
2022-06-15 12:09:00,216,216,216,216,0
2022-06-15 12:10:00,216,216,216,216,0
2022-06-15 12:11:00,216,216,216,216,0
2022-06-15 12:12:00,216,216,216,216,0
2022-06-15 12:13:00,216,216,216,216,0
2022-06-15 12:14:00,216,216,216,216,0
2022-06-15 12:15:00,216,216,216,216,0
2022-06-15 12:16:00,216,216,216,216,0
2022-06-15 12:17:00,216,216,216,216,0
2022-06-15 12:18:00,216,216,216,216,0
2022-06-15 12:19:00,216,216,216,216,0
2022-06-15 12:20:00,216,216,216,216,0
2022-06-15 12:21:00,216,216,216,216,0
2022-06-15 12:22:00,216,216,216,216,0
2022-06-15 12:23:00,216,216,216,216,0
2022-06-15 12:24:00,216,216,216,216,0
2022-06-15 12:25:00,216,216,216,216,0
2022-06-15 12:26:00,216,216,216,216,0
2022-06-15 12:27:00,216,216,216,216,0
2022-06-15 12:28:00,216,216,216,216,0
2022-06-15 12:29:00,216,216,216,216,0
2022-06-15 12:30:00,216,216,216,216,0
2022-06-15 12:31:00,216,216,216,216,0
2022-06-15 12:32:00,216,216,216,216,0
2022-06-15 12:33:00,216,216,216,216,0
2022-06-15 12:34:00,216,216,216,216,0
2022-06-15 12:35:00,216,216,216,216,0
2022-06-15 12:36:00,216,216,216,216,0
2022-06-15 12:37:00,216,216,216,216,0
2022-06-15 12:38:00,216,216,216,216,0
2022-06-15 12:39:00,216,216,216,216,0
2022-06-15 12:40:00,216,216,216,216,0
2022-06-15 12:41:00,216,216,216,216,0
2022-06-15 12:42:00,216,216,216,216,0
2022-06-15 12:43:00,216,216,216,216,0
2022-06-15 12:44:00,216,216,216,216,0
2022-06-15 12:45:00,216,216,216,216,0
2022-06-15 12:46:00,216,216,216,216,0
2022-06-15 12:47:00,216,216,216,216,0
2022-06-15 12:48:00,216,216,216,216,0
2022-06-15 12:49:00,216,216,216,216,0
2022-06-15 12:50:00,216,216,216,216,0
2022-06-15 12:51:00,216,216,216,216,0
2022-06-15 12:52:00,216,216,216,216,0
2022-06-15 12:53:00,216,216,216,216,0
2022-06-15 12:54:00,216,216,216,216,0
2022-06-15 12:55:00,216,216,216,216,0
2022-06-15 12:56:00,216,216,216,216,0
2022-06-15 12:57:00,216,216,216,216,0
2022-06-15 12:58:00,216,216,216,216,0
2022-06-15 12:59:00,216,216,216,216,0
2022-06-15 13:00:00,216,216,216,216,0
2022-06-15 13:01:00,216,216,216,216,0
2022-06-15 13:02:00,216,216,216,216,0
2022-06-15 13:03:00,216,216,216,216,0
2022-06-15 13:04:00,216,216,216,216,0
2022-06-15 13:05:00,216,216,216,216,0
2022-06-15 13:06:00,216,216,216,216,0
2022-06-15 13:07:00,216,216,216,216,0
2022-06-15 13:08:00,216,216,216,216,0
2022-06-15 13:09:00,216,216,216,216,0
2022-06-15 13:10:00,216,216,216,216,0
2022-06-15 13:11:00,216,216,216,216,0
2022-06-15 13:12:00,216,216,216,216,0
2022-06-15 13:13:00,216,216,216,216,0
2022-06-15 13:14:00,216,216,216,216,0
2022-06-15 13:15:00,216,216,216,216,0
2022-06-15 13:16:00,216,216,216,216,0
2022-06-15 13:17:00,216,216,216,216,0
2022-06-15 13:18:00,216,216,216,216,0
2022-06-15 13:19:00,216,216,216,216,0
2022-06-15 13:20:00,216,216,216,216,0
2022-06-15 13:21:00,216,216,216,216,0
2022-06-15 13:22:00,216,216,216,216,0
2022-06-15 13:23:00,216,216,216,216,0
2022-06-15 13:24:00,216,216,216,216,0
2022-06-15 13:25:00,216,216,216,216,0
2022-06-15 13:26:00,216,216,216,216,0
2022-06-15 13:27:00,216,216,216,216,0
2022-06-15 13:28:00,216,216,216,216,0
2022-06-15 13:29:00,216,216,216,216,0
2022-06-15 13:30:00,216,216,216,216,0
2022-06-15 13:31:00,216,216,216,216,0
2022-06-15 13:32:00,216,216,216,216,0
2022-06-15 13:33:00,216,216,216,216,0
2022-06-15 13:34:00,216,216,216,216,0
2022-06-15 13:35:00,216,216,216,216,0
2022-06-15 13:36:00,216,216,216,216,0
2022-06-15 13:37:00,216,216,216,216,0
2022-06-15 13:38:00,216,216,216,216,0
2022-06-15 13:39:00,216,216,216,216,0
2022-06-15 13:40:00,216,216,216,216,0
2022-06-15 13:41:00,216,216,216,216,0
2022-06-15 13:42:00,216,216,216,216,0
2022-06-15 13:43:00,216,216,216,216,0
2022-06-15 13:44:00,216,216,216,216,0
2022-06-15 13:45:00,216,216,216,216,0
2022-06-15 13:46:00,216,216,216,216,0
2022-06-15 13:47:00,216,216,216,216,0
2022-06-15 13:48:00,216,216,216,216,0
2022-06-15 13:49:00,216,216,216,216,500
2022-06-15 13:50:00,218,218,230,230,200
2022-06-15 13:51:00,218,218,230,230,0
2022-06-15 13:52:00,218,218,230,230,0
2022-06-15 13:53:00,218,218,230,230,0
2022-06-15 13:54:00,218,218,230,230,0
2022-06-15 13:55:00,218,218,230,230,0
2022-06-15 13:56:00,218,218,230,230,0
2022-06-15 13:57:00,218,218,230,230,0
2022-06-15 13:58:00,218,218,230,230,0
2022-06-15 13:59:00,218,218,230,230,0
2022-06-15 14:00:00,230,230,230,230,10200
2022-06-15 14:01:00,230,230,230,230,0
2022-06-15 14:02:00,230,230,230,230,0
2022-06-15 14:03:00,230,230,230,230,0
2022-06-15 14:04:00,230,230,230,230,0
2022-06-15 14:05:00,230,230,230,230,0
2022-06-15 14:06:00,230,230,230,230,0
2022-06-15 14:07:00,230,230,230,230,0
2022-06-15 14:08:00,230,230,230,230,0
2022-06-15 14:09:00,230,230,230,230,0
2022-06-15 14:10:00,230,230,230,230,0
2022-06-15 14:11:00,230,230,230,230,0
2022-06-15 14:12:00,230,230,230,230,0
2022-06-15 14:13:00,230,230,230,230,0
2022-06-15 14:14:00,230,230,230,230,0
2022-06-15 14:15:00,230,230,230,230,0
2022-06-15 14:16:00,230,230,230,230,0
2022-06-15 14:17:00,230,230,230,230,0
2022-06-15 14:18:00,230,230,230,230,0
2022-06-15 14:19:00,230,230,230,230,0
2022-06-15 14:20:00,230,230,230,230,0
2022-06-15 14:21:00,230,230,230,230,0
2022-06-15 14:22:00,230,230,230,230,0
2022-06-15 14:23:00,230,230,230,230,0
2022-06-15 14:24:00,230,230,230,230,0
2022-06-15 14:25:00,230,230,230,230,0
2022-06-15 14:26:00,230,230,230,230,0
2022-06-15 14:27:00,230,230,230,230,0
2022-06-15 14:28:00,230,230,230,230,0
2022-06-15 14:29:00,230,230,230,230,0
2022-06-15 14:30:00,230,230,230,230,0
2022-06-15 14:31:00,230,230,230,230,0
2022-06-15 14:32:00,230,230,230,230,0
2022-06-15 14:33:00,230,218,230,218,4100
2022-06-15 14:34:00,230,218,230,218,0
2022-06-15 14:35:00,230,218,230,218,0
2022-06-15 14:36:00,230,218,230,218,0
2022-06-15 14:37:00,230,218,230,218,0
2022-06-15 14:38:00,216,216,216,216,300
2022-06-15 14:39:00,216,216,216,216,0
2022-06-15 14:40:00,216,216,216,216,0
2022-06-15 14:41:00,216,216,216,216,0
2022-06-15 14:42:00,216,216,216,216,0
2022-06-15 14:43:00,216,216,216,216,0
2022-06-15 14:44:00,216,216,216,216,0
2022-06-15 14:45:00,216,216,216,216,0
2022-06-15 14:46:00,216,216,216,216,0
2022-06-15 14:47:00,216,216,216,216,0
2022-06-15 14:48:00,216,216,216,216,0
2022-06-15 14:49:00,216,216,216,216,0
2022-06-15 14:50:00,216,216,216,216,0
2022-06-15 14:51:00,216,216,216,216,0
2022-06-15 14:52:00,216,216,216,216,0
2022-06-15 14:53:00,216,216,216,216,0
2022-06-15 14:54:00,216,216,216,216,0
2022-06-15 14:55:00,216,216,216,216,0
2022-06-15 14:56:00,216,216,216,216,0
2022-06-15 14:57:00,216,216,216,216,0
2022-06-15 14:58:00,216,216,216,216,0
2022-06-15 14:59:00,216,216,216,216,0
2022-06-15 15:00:00,216,216,216,216,2000
2022-06-15 15:01:00,216,216,216,216,0
2022-06-15 15:02:00,216,216,216,216,0
2022-06-15 15:03:00,216,216,216,216,0
2022-06-15 15:04:00,216,216,216,216,0
2022-06-15 15:05:00,216,216,216,216,0
2022-06-15 15:06:00,216,216,216,216,0
2022-06-15 15:07:00,216,216,216,216,0
2022-06-15 15:08:00,216,216,216,216,0
2022-06-15 15:09:00,216,216,216,216,0
2022-06-15 15:10:00,216,216,216,216,0
2022-06-15 15:11:00,216,216,216,216,0
2022-06-15 15:12:00,216,216,216,216,0
2022-06-15 15:13:00,216,216,216,216,0
2022-06-15 15:14:00,216,216,216,216,0
2022-06-15 15:15:00,216,216,216,216,0
2022-06-15 15:16:00,216,216,216,216,0
2022-06-15 15:17:00,216,216,216,216,0
2022-06-15 15:18:00,216,216,216,216,0
2022-06-15 15:19:00,216,216,216,216,0
2022-06-15 15:20:00,216,216,216,216,0
2022-06-15 15:21:00,216,216,216,216,0
2022-06-15 15:22:00,216,216,216,216,0
2022-06-15 15:23:00,216,216,216,216,0
2022-06-15 15:24:00,216,216,216,216,0
2022-06-15 15:25:00,216,216,216,216,0
2022-06-15 15:26:00,216,216,216,216,0
2022-06-15 15:27:00,216,216,216,216,0
2022-06-15 15:28:00,216,216,216,216,0
2022-06-15 15:29:00,216,216,216,216,0
2022-06-15 15:30:00,216,216,216,216,0
2022-06-15 15:31:00,216,216,216,216,0
2022-06-15 15:32:00,216,216,216,216,0
2022-06-15 15:33:00,216,216,216,216,0
2022-06-15 15:34:00,216,216,216,216,0
2022-06-15 15:35:00,216,216,216,216,0
2022-06-15 15:36:00,216,216,216,216,0
2022-06-15 15:37:00,216,216,216,216,0
2022-06-15 15:38:00,216,216,216,216,0
2022-06-15 15:39:00,216,216,216,216,0
2022-06-15 15:40:00,216,216,216,216,0
2022-06-15 15:41:00,216,216,216,216,0
2022-06-15 15:42:00,216,216,216,216,0
2022-06-15 15:43:00,216,216,216,216,0
2022-06-15 15:44:00,216,216,216,216,0
2022-06-15 15:45:00,216,216,216,216,0
2022-06-15 15:46:00,216,216,216,216,0
2022-06-15 15:47:00,216,216,216,216,0
2022-06-15 15:48:00,216,216,216,216,0
2022-06-15 15:49:00,216,216,216,216,0
2022-06-15 15:50:00,216,216,216,216,0
2022-06-15 15:51:00,216,216,216,216,0
2022-06-15 15:52:00,216,216,216,216,0
2022-06-15 15:53:00,216,216,216,216,0
2022-06-15 15:54:00,216,216,216,216,0
2022-06-15 15:55:00,216,216,216,216,0
2022-06-15 15:56:00,216,216,216,216,0
2022-06-15 15:57:00,216,216,216,216,0
2022-06-15 15:58:00,216,216,216,216,0
2022-06-15 15:59:00,216,216,216,216,0
2022-06-16 09:00:00,216,216,216,216,0
2022-06-16 09:01:00,216,216,216,216,0
2022-06-16 09:02:00,216,216,216,216,0
2022-06-16 09:03:00,216,216,216,216,0
2022-06-16 09:04:00,216,216,216,216,0
2022-06-16 09:05:00,216,216,216,216,0
2022-06-16 09:06:00,216,216,216,216,0
2022-06-16 09:07:00,216,216,216,216,0
2022-06-16 09:08:00,216,216,216,216,0
2022-06-16 09:09:00,216,216,216,216,0
2022-06-16 09:10:00,216,216,216,216,0
2022-06-16 09:11:00,216,216,216,216,0
2022-06-16 09:12:00,216,216,216,216,0
2022-06-16 09:13:00,216,216,216,216,0
2022-06-16 09:14:00,212,204,212,204,0
2022-06-16 09:15:00,202,202,202,202,14000
2022-06-16 09:16:00,202,202,202,202,0
2022-06-16 09:17:00,202,202,202,202,0
2022-06-16 09:18:00,202,202,202,202,0
2022-06-16 09:19:00,202,202,202,202,0
2022-06-16 09:20:00,202,202,202,202,0
2022-06-16 09:21:00,202,202,202,202,0
2022-06-16 09:22:00,202,202,202,202,0
2022-06-16 09:23:00,202,202,202,202,0
2022-06-16 09:24:00,210,208,210,208,3000
2022-06-16 09:25:00,210,208,210,208,0
2022-06-16 09:26:00,210,208,210,208,0
2022-06-16 09:27:00,210,208,210,208,0
2022-06-16 09:28:00,210,208,210,208,0
2022-06-16 09:29:00,210,208,210,208,0
2022-06-16 09:30:00,210,208,210,208,0
2022-06-16 09:31:00,210,208,210,208,0
2022-06-16 09:32:00,208,208,208,208,2500
2022-06-16 09:33:00,208,208,208,208,0
2022-06-16 09:34:00,208,208,208,208,0
2022-06-16 09:35:00,208,208,208,208,0
2022-06-16 09:36:00,208,208,208,208,0
2022-06-16 09:37:00,208,208,208,208,0
2022-06-16 09:38:00,208,208,208,208,0
2022-06-16 09:39:00,208,208,208,208,0
2022-06-16 09:40:00,208,208,208,208,0
2022-06-16 09:41:00,208,208,208,208,0
2022-06-16 09:42:00,208,208,208,208,0
2022-06-16 09:43:00,208,208,208,208,0
2022-06-16 09:44:00,208,208,208,208,500
2022-06-16 09:45:00,208,208,208,208,0
2022-06-16 09:46:00,208,208,208,208,0
2022-06-16 09:47:00,208,208,208,208,0
2022-06-16 09:48:00,208,208,208,208,0
2022-06-16 09:49:00,208,208,208,208,0
2022-06-16 09:50:00,208,208,208,208,0
2022-06-16 09:51:00,208,208,208,208,0
2022-06-16 09:52:00,208,208,208,208,0
2022-06-16 09:53:00,208,208,208,208,0
2022-06-16 09:54:00,208,208,208,208,0
2022-06-16 09:55:00,208,208,208,208,0
2022-06-16 09:56:00,208,208,208,208,0
2022-06-16 09:57:00,208,208,208,208,0
2022-06-16 09:58:00,208,208,208,208,800
2022-06-16 09:59:00,208,208,208,208,2000
2022-06-16 10:00:00,208,208,208,208,0
2022-06-16 10:01:00,208,208,208,208,0
2022-06-16 10:02:00,208,208,208,208,0
2022-06-16 10:03:00,208,208,208,208,0
2022-06-16 10:04:00,208,208,208,208,0
2022-06-16 10:05:00,208,208,208,208,0
2022-06-16 10:06:00,208,208,208,208,0
2022-06-16 10:07:00,208,208,208,208,0
2022-06-16 10:08:00,208,208,208,208,0
2022-06-16 10:09:00,208,208,208,208,0
2022-06-16 10:10:00,208,208,208,208,0
2022-06-16 10:11:00,208,208,208,208,0
2022-06-16 10:12:00,208,208,212,212,1900
2022-06-16 10:13:00,208,208,212,212,0
2022-06-16 10:14:00,208,208,212,212,0
2022-06-16 10:15:00,208,208,212,212,0
2022-06-16 10:16:00,208,208,212,212,0
2022-06-16 10:17:00,208,208,212,212,0
2022-06-16 10:18:00,208,208,212,212,0
2022-06-16 10:19:00,208,208,212,212,0
2022-06-16 10:20:00,208,208,212,212,0
2022-06-16 10:21:00,208,208,212,212,0
2022-06-16 10:22:00,208,208,212,212,0
2022-06-16 10:23:00,208,208,212,212,0
2022-06-16 10:24:00,208,208,212,212,0
2022-06-16 10:25:00,208,208,212,212,0
2022-06-16 10:26:00,208,208,212,212,0
2022-06-16 10:27:00,208,208,212,212,0
2022-06-16 10:28:00,208,208,212,212,0
2022-06-16 10:29:00,208,208,212,212,0
2022-06-16 10:30:00,208,208,212,212,0
2022-06-16 10:31:00,208,208,212,212,0
2022-06-16 10:32:00,208,208,212,212,0
2022-06-16 10:33:00,208,208,212,212,0
2022-06-16 10:34:00,208,208,212,212,0
2022-06-16 10:35:00,208,208,212,212,0
2022-06-16 10:36:00,208,208,212,212,0
2022-06-16 10:37:00,208,208,212,212,0
2022-06-16 10:38:00,208,208,212,212,0
2022-06-16 10:39:00,208,208,212,212,0
2022-06-16 10:40:00,208,208,212,212,0
2022-06-16 10:41:00,208,208,212,212,0
2022-06-16 10:42:00,208,208,212,212,0
2022-06-16 10:43:00,208,208,212,212,0
2022-06-16 10:44:00,208,208,212,212,0
2022-06-16 10:45:00,208,208,212,212,0
2022-06-16 10:46:00,208,208,212,212,0
2022-06-16 10:47:00,208,208,212,212,0
2022-06-16 10:48:00,208,208,212,212,0
2022-06-16 10:49:00,208,208,212,212,0
2022-06-16 10:50:00,208,208,212,212,0
2022-06-16 10:51:00,208,208,212,212,0
2022-06-16 10:52:00,208,208,212,212,0
2022-06-16 10:53:00,208,208,212,212,0
2022-06-16 10:54:00,208,208,212,212,0
2022-06-16 10:55:00,208,208,212,212,0
2022-06-16 10:56:00,208,208,212,212,0
2022-06-16 10:57:00,208,208,212,212,0
2022-06-16 10:58:00,208,208,212,212,0
2022-06-16 10:59:00,208,208,212,212,0
2022-06-16 11:00:00,208,208,212,212,0
2022-06-16 11:01:00,208,208,212,212,0
2022-06-16 11:02:00,208,208,212,212,0
2022-06-16 11:03:00,208,208,212,212,0
2022-06-16 11:04:00,208,208,212,212,0
2022-06-16 11:05:00,208,208,212,212,0
2022-06-16 11:06:00,208,208,212,212,0
2022-06-16 11:07:00,208,208,212,212,0
2022-06-16 11:08:00,208,208,212,212,0
2022-06-16 11:09:00,208,208,212,212,0
2022-06-16 11:10:00,208,208,212,212,0
2022-06-16 11:11:00,208,208,212,212,0
2022-06-16 11:12:00,208,208,212,212,0
2022-06-16 11:13:00,208,208,212,212,0
2022-06-16 11:14:00,208,208,212,212,0
2022-06-16 11:15:00,208,208,212,212,0
2022-06-16 11:16:00,208,208,212,212,0
2022-06-16 11:17:00,208,208,212,212,0
2022-06-16 11:18:00,208,208,212,212,0
2022-06-16 11:19:00,208,208,212,212,0
2022-06-16 11:20:00,208,208,212,212,0
2022-06-16 11:21:00,208,208,212,212,0
2022-06-16 11:22:00,208,208,212,212,0
2022-06-16 11:23:00,208,208,212,212,0
2022-06-16 11:24:00,208,208,212,212,0
2022-06-16 11:25:00,208,208,212,212,0
2022-06-16 11:26:00,208,208,212,212,0
2022-06-16 11:27:00,208,208,212,212,0
2022-06-16 11:28:00,208,208,212,212,0
2022-06-16 11:29:00,208,208,212,212,0
2022-06-16 11:30:00,208,208,212,212,0
2022-06-16 11:31:00,208,208,212,212,0
2022-06-16 11:32:00,208,208,212,212,0
2022-06-16 11:33:00,208,208,212,212,0
2022-06-16 11:34:00,208,208,212,212,0
2022-06-16 11:35:00,208,208,212,212,0
2022-06-16 11:36:00,208,208,212,212,0
2022-06-16 11:37:00,208,208,212,212,0
2022-06-16 11:38:00,208,208,212,212,0
2022-06-16 11:39:00,208,208,212,212,0
2022-06-16 11:40:00,208,208,212,212,0
2022-06-16 11:41:00,208,208,212,212,0
2022-06-16 11:42:00,208,208,212,212,0
2022-06-16 11:43:00,208,208,212,212,0
2022-06-16 11:44:00,208,208,212,212,0
2022-06-16 11:45:00,208,208,212,212,0
2022-06-16 11:46:00,208,208,212,212,0
2022-06-16 11:47:00,208,208,212,212,0
2022-06-16 11:48:00,208,208,212,212,0
2022-06-16 11:49:00,208,208,212,212,0
2022-06-16 11:50:00,208,208,212,212,0
2022-06-16 11:51:00,208,208,212,212,0
2022-06-16 11:52:00,208,208,212,212,0
2022-06-16 11:53:00,208,208,212,212,0
2022-06-16 11:54:00,208,208,212,212,0
2022-06-16 11:55:00,208,208,212,212,0
2022-06-16 11:56:00,208,208,212,212,0
2022-06-16 11:57:00,208,208,212,212,0
2022-06-16 11:58:00,208,208,212,212,0
2022-06-16 11:59:00,208,208,212,212,0
2022-06-16 12:00:00,208,208,212,212,0
2022-06-16 12:01:00,208,208,212,212,0
2022-06-16 12:02:00,208,208,212,212,0
2022-06-16 12:03:00,208,208,212,212,0
2022-06-16 12:04:00,208,208,212,212,0
2022-06-16 12:05:00,208,208,212,212,0
2022-06-16 12:06:00,208,208,212,212,0
2022-06-16 12:07:00,208,208,212,212,0
2022-06-16 12:08:00,208,208,212,212,0
2022-06-16 12:09:00,208,208,212,212,0
2022-06-16 12:10:00,208,208,212,212,0
2022-06-16 12:11:00,208,208,212,212,0
2022-06-16 12:12:00,208,208,212,212,0
2022-06-16 12:13:00,208,208,212,212,0
2022-06-16 12:14:00,208,208,212,212,0
2022-06-16 12:15:00,208,208,212,212,0
2022-06-16 12:16:00,208,208,212,212,0
2022-06-16 12:17:00,208,208,212,212,0
2022-06-16 12:18:00,208,208,212,212,0
2022-06-16 12:19:00,208,208,212,212,0
2022-06-16 12:20:00,208,208,212,212,0
2022-06-16 12:21:00,208,208,212,212,0
2022-06-16 12:22:00,208,208,212,212,0
2022-06-16 12:23:00,208,208,212,212,0
2022-06-16 12:24:00,208,208,212,212,0
2022-06-16 12:25:00,208,208,212,212,0
2022-06-16 12:26:00,208,208,212,212,0
2022-06-16 12:27:00,208,208,212,212,0
2022-06-16 12:28:00,208,208,212,212,0
2022-06-16 12:29:00,208,208,212,212,0
2022-06-16 12:30:00,208,208,212,212,0
2022-06-16 12:31:00,208,208,212,212,0
2022-06-16 12:32:00,208,208,212,212,0
2022-06-16 12:33:00,208,208,212,212,0
2022-06-16 12:34:00,208,208,212,212,0
2022-06-16 12:35:00,208,208,212,212,0
2022-06-16 12:36:00,208,208,212,212,0
2022-06-16 12:37:00,208,208,212,212,0
2022-06-16 12:38:00,208,208,212,212,0
2022-06-16 12:39:00,208,208,212,212,0
2022-06-16 12:40:00,208,208,212,212,0
2022-06-16 12:41:00,208,208,212,212,0
2022-06-16 12:42:00,208,208,212,212,0
2022-06-16 12:43:00,208,208,212,212,0
2022-06-16 12:44:00,208,208,212,212,0
2022-06-16 12:45:00,208,208,212,212,0
2022-06-16 12:46:00,208,208,212,212,0
2022-06-16 12:47:00,208,208,212,212,0
2022-06-16 12:48:00,208,208,212,212,0
2022-06-16 12:49:00,208,208,212,212,0
2022-06-16 12:50:00,208,208,212,212,0
2022-06-16 12:51:00,208,208,212,212,0
2022-06-16 12:52:00,208,208,212,212,0
2022-06-16 12:53:00,208,208,212,212,0
2022-06-16 12:54:00,208,208,212,212,0
2022-06-16 12:55:00,208,208,212,212,0
2022-06-16 12:56:00,208,208,212,212,0
2022-06-16 12:57:00,208,208,212,212,0
2022-06-16 12:58:00,208,208,212,212,0
2022-06-16 12:59:00,208,208,212,212,0
2022-06-16 13:00:00,208,208,212,212,0
2022-06-16 13:01:00,208,208,212,212,0
2022-06-16 13:02:00,208,208,212,212,0
2022-06-16 13:03:00,208,208,212,212,0
2022-06-16 13:04:00,208,208,212,212,0
2022-06-16 13:05:00,208,208,212,212,0
2022-06-16 13:06:00,208,208,212,212,0
2022-06-16 13:07:00,208,208,212,212,0
2022-06-16 13:08:00,208,208,212,212,0
2022-06-16 13:09:00,208,208,212,212,0
2022-06-16 13:10:00,208,208,212,212,0
2022-06-16 13:11:00,208,208,212,212,0
2022-06-16 13:12:00,208,208,212,212,0
2022-06-16 13:13:00,208,208,212,212,0
2022-06-16 13:14:00,208,208,212,212,0
2022-06-16 13:15:00,208,208,212,212,0
2022-06-16 13:16:00,208,208,212,212,0
2022-06-16 13:17:00,208,208,212,212,0
2022-06-16 13:18:00,208,208,212,212,0
2022-06-16 13:19:00,208,208,212,212,0
2022-06-16 13:20:00,208,208,212,212,0
2022-06-16 13:21:00,208,208,212,212,0
2022-06-16 13:22:00,208,208,212,212,0
2022-06-16 13:23:00,208,208,212,212,0
2022-06-16 13:24:00,208,208,212,212,0
2022-06-16 13:25:00,208,208,212,212,0
2022-06-16 13:26:00,208,208,212,212,0
2022-06-16 13:27:00,208,208,212,212,0
2022-06-16 13:28:00,208,208,212,212,0
2022-06-16 13:29:00,208,208,212,212,0
2022-06-16 13:30:00,208,208,212,212,0
2022-06-16 13:31:00,208,208,212,212,0
2022-06-16 13:32:00,208,208,212,212,0
2022-06-16 13:33:00,208,208,212,212,0
2022-06-16 13:34:00,208,208,212,212,0
2022-06-16 13:35:00,208,208,212,212,0
2022-06-16 13:36:00,208,208,212,212,0
2022-06-16 13:37:00,208,208,212,212,0
2022-06-16 13:38:00,208,208,212,212,0
2022-06-16 13:39:00,208,208,212,212,0
2022-06-16 13:40:00,208,208,212,212,0
2022-06-16 13:41:00,208,208,212,212,0
2022-06-16 13:42:00,208,208,212,212,0
2022-06-16 13:43:00,208,208,212,212,0
2022-06-16 13:44:00,208,208,212,212,0
2022-06-16 13:45:00,208,208,212,212,0
2022-06-16 13:46:00,208,208,212,212,0
2022-06-16 13:47:00,208,208,212,212,0
2022-06-16 13:48:00,208,208,212,212,0
2022-06-16 13:49:00,208,208,212,212,0
2022-06-16 13:50:00,208,208,212,212,0
2022-06-16 13:51:00,208,208,212,212,0
2022-06-16 13:52:00,208,208,212,212,0
2022-06-16 13:53:00,208,208,212,212,0
2022-06-16 13:54:00,208,208,212,212,0
2022-06-16 13:55:00,208,208,212,212,0
2022-06-16 13:56:00,208,208,212,212,0
2022-06-16 13:57:00,206,206,206,206,100
2022-06-16 13:58:00,206,206,206,206,1000
2022-06-16 13:59:00,206,206,206,206,0
2022-06-16 14:00:00,206,206,206,206,0
2022-06-16 14:01:00,206,206,206,206,0
2022-06-16 14:02:00,206,206,206,206,0
2022-06-16 14:03:00,206,206,206,206,0
2022-06-16 14:04:00,206,206,206,206,0
2022-06-16 14:05:00,206,206,206,206,0
2022-06-16 14:06:00,206,206,206,206,0
2022-06-16 14:07:00,206,206,206,206,0
2022-06-16 14:08:00,206,206,206,206,0
2022-06-16 14:09:00,206,206,206,206,0
2022-06-16 14:10:00,206,206,206,206,0
2022-06-16 14:11:00,206,206,206,206,0
2022-06-16 14:12:00,206,206,206,206,0
2022-06-16 14:13:00,206,206,206,206,0
2022-06-16 14:14:00,206,206,206,206,0
2022-06-16 14:15:00,206,206,206,206,0
2022-06-16 14:16:00,206,206,206,206,0
2022-06-16 14:17:00,206,206,206,206,0
2022-06-16 14:18:00,206,206,206,206,0
2022-06-16 14:19:00,206,206,206,206,0
2022-06-16 14:20:00,206,206,206,206,0
2022-06-16 14:21:00,206,206,206,206,0
2022-06-16 14:22:00,206,206,206,206,0
2022-06-16 14:23:00,206,206,206,206,0
2022-06-16 14:24:00,206,206,206,206,0
2022-06-16 14:25:00,206,206,206,206,0
2022-06-16 14:26:00,206,206,206,206,0
2022-06-16 14:27:00,206,206,206,206,0
2022-06-16 14:28:00,206,206,206,206,0
2022-06-16 14:29:00,206,206,206,206,0
2022-06-16 14:30:00,206,206,206,206,0
2022-06-16 14:31:00,206,206,206,206,0
2022-06-16 14:32:00,206,206,206,206,0
2022-06-16 14:33:00,206,206,206,206,0
2022-06-16 14:34:00,206,206,206,206,0
2022-06-16 14:35:00,206,206,206,206,0
2022-06-16 14:36:00,206,206,206,206,0
2022-06-16 14:37:00,206,206,206,206,0
2022-06-16 14:38:00,206,206,206,206,0
2022-06-16 14:39:00,206,206,206,206,0
2022-06-16 14:40:00,206,206,206,206,0
2022-06-16 14:41:00,206,206,206,206,0
2022-06-16 14:42:00,206,206,206,206,0
2022-06-16 14:43:00,206,206,206,206,0
2022-06-16 14:44:00,206,206,206,206,0
2022-06-16 14:45:00,206,206,206,206,0
2022-06-16 14:46:00,206,206,206,206,0
2022-06-16 14:47:00,206,206,206,206,0
2022-06-16 14:48:00,206,206,206,206,0
2022-06-16 14:49:00,206,206,206,206,0
2022-06-16 14:50:00,206,206,206,206,0
2022-06-16 14:51:00,206,206,206,206,0
2022-06-16 14:52:00,206,206,206,206,0
2022-06-16 14:53:00,206,206,206,206,0
2022-06-16 14:54:00,206,206,206,206,0
2022-06-16 14:55:00,206,206,206,206,0
2022-06-16 14:56:00,206,206,206,206,0
2022-06-16 14:57:00,206,206,206,206,0
2022-06-16 14:58:00,206,206,206,206,0
2022-06-16 14:59:00,206,206,206,206,0
2022-06-16 15:00:00,216,216,216,216,13000
2022-06-16 15:01:00,216,216,216,216,0
2022-06-16 15:02:00,216,216,216,216,0
2022-06-16 15:03:00,216,216,216,216,0
2022-06-16 15:04:00,216,216,216,216,0
2022-06-16 15:05:00,216,216,216,216,1000
2022-06-16 15:06:00,216,216,216,216,0
2022-06-16 15:07:00,216,216,216,216,0
2022-06-16 15:08:00,216,216,216,216,0
2022-06-16 15:09:00,216,216,216,216,0
2022-06-16 15:10:00,216,216,216,216,0
2022-06-16 15:11:00,216,216,216,216,0
2022-06-16 15:12:00,216,216,216,216,0
2022-06-16 15:13:00,216,216,216,216,0
2022-06-16 15:14:00,216,216,216,216,1000
2022-06-16 15:15:00,216,216,216,216,0
2022-06-16 15:16:00,216,216,216,216,0
2022-06-16 15:17:00,216,216,216,216,0
2022-06-16 15:18:00,216,216,216,216,0
2022-06-16 15:19:00,216,216,216,216,0
2022-06-16 15:20:00,216,216,216,216,0
2022-06-16 15:21:00,216,216,216,216,0
2022-06-16 15:22:00,216,216,216,216,0
2022-06-16 15:23:00,216,216,216,216,0
2022-06-16 15:24:00,216,216,216,216,0
2022-06-16 15:25:00,216,216,216,216,0
2022-06-16 15:26:00,216,216,216,216,0
2022-06-16 15:27:00,216,216,216,216,0
2022-06-16 15:28:00,216,216,216,216,0
2022-06-16 15:29:00,216,216,216,216,0
2022-06-16 15:30:00,216,216,216,216,0
2022-06-16 15:31:00,216,216,216,216,0
2022-06-16 15:32:00,216,216,216,216,0
2022-06-16 15:33:00,216,216,216,216,0
2022-06-16 15:34:00,216,216,216,216,0
2022-06-16 15:35:00,216,216,216,216,0
2022-06-16 15:36:00,216,216,216,216,0
2022-06-16 15:37:00,216,216,216,216,0
2022-06-16 15:38:00,216,216,216,216,0
2022-06-16 15:39:00,216,216,216,216,0
2022-06-16 15:40:00,216,216,216,216,0
2022-06-16 15:41:00,216,216,216,216,0
2022-06-16 15:42:00,216,216,216,216,0
2022-06-16 15:43:00,216,216,216,216,0
2022-06-16 15:44:00,216,216,216,216,0
2022-06-16 15:45:00,216,216,216,216,0
2022-06-16 15:46:00,216,216,216,216,0
2022-06-16 15:47:00,216,216,216,216,0
2022-06-16 15:48:00,216,216,216,216,0
2022-06-16 15:49:00,216,216,216,216,0
2022-06-16 15:50:00,216,216,216,216,0
2022-06-16 15:51:00,216,216,216,216,0
2022-06-16 15:52:00,216,216,216,216,0
2022-06-16 15:53:00,216,216,216,216,0
2022-06-16 15:54:00,216,216,216,216,0
2022-06-16 15:55:00,216,216,216,216,0
2022-06-16 15:56:00,216,216,216,216,0
2022-06-16 15:57:00,216,216,216,216,0
2022-06-16 15:58:00,216,216,216,216,0
2022-06-16 15:59:00,216,216,216,216,0
2022-06-17 09:00:00,216,216,216,216,0
2022-06-17 09:01:00,216,216,216,216,0
2022-06-17 09:02:00,216,216,216,216,0
2022-06-17 09:03:00,216,216,216,216,0
2022-06-17 09:04:00,216,216,216,216,0
2022-06-17 09:05:00,216,216,216,216,0
2022-06-17 09:06:00,216,216,216,216,0
2022-06-17 09:07:00,216,216,216,216,0
2022-06-17 09:08:00,216,216,216,216,0
2022-06-17 09:09:00,216,216,216,216,0
2022-06-17 09:10:00,216,216,216,216,0
2022-06-17 09:11:00,216,216,216,216,0
2022-06-17 09:12:00,216,216,216,216,0
2022-06-17 09:13:00,216,216,216,216,0
2022-06-17 09:14:00,216,216,216,216,0
2022-06-17 09:15:00,216,216,216,216,0
2022-06-17 09:16:00,216,216,216,216,0
2022-06-17 09:17:00,216,216,216,216,0
2022-06-17 09:18:00,216,216,216,216,0
2022-06-17 09:19:00,216,216,216,216,0
2022-06-17 09:20:00,216,216,216,216,0
2022-06-17 09:21:00,202,202,202,202,0
2022-06-17 09:22:00,202,202,202,202,0
2022-06-17 09:23:00,202,202,202,202,0
2022-06-17 09:24:00,202,202,202,202,0
2022-06-17 09:25:00,202,202,202,202,0
2022-06-17 09:26:00,202,202,202,202,0
2022-06-17 09:27:00,202,202,202,202,0
2022-06-17 09:28:00,202,202,202,202,0
2022-06-17 09:29:00,202,202,202,202,0
2022-06-17 09:30:00,202,202,202,202,0
2022-06-17 09:31:00,202,202,202,202,0
2022-06-17 09:32:00,202,202,202,202,0
2022-06-17 09:33:00,212,212,212,212,100
2022-06-17 09:34:00,212,212,212,212,0
2022-06-17 09:35:00,212,212,212,212,0
2022-06-17 09:36:00,212,212,212,212,0
2022-06-17 09:37:00,212,212,212,212,0
2022-06-17 09:38:00,212,212,212,212,0
2022-06-17 09:39:00,212,212,212,212,0
2022-06-17 09:40:00,212,212,212,212,0
2022-06-17 09:41:00,212,212,212,212,0
2022-06-17 09:42:00,212,212,212,212,0
2022-06-17 09:43:00,212,212,212,212,0
2022-06-17 09:44:00,212,212,212,212,0
2022-06-17 09:45:00,212,212,212,212,0
2022-06-17 09:46:00,212,212,212,212,0
2022-06-17 09:47:00,212,212,212,212,0
2022-06-17 09:48:00,212,212,212,212,0
2022-06-17 09:49:00,212,212,212,212,0
2022-06-17 09:50:00,212,212,212,212,0
2022-06-17 09:51:00,212,212,212,212,0
2022-06-17 09:52:00,212,212,212,212,0
2022-06-17 09:53:00,212,212,212,212,0
2022-06-17 09:54:00,212,212,212,212,0
2022-06-17 09:55:00,212,212,212,212,0
2022-06-17 09:56:00,212,212,212,212,0
2022-06-17 09:57:00,212,212,212,212,0
2022-06-17 09:58:00,212,212,212,212,0
2022-06-17 09:59:00,212,212,212,212,0
2022-06-17 10:00:00,212,212,212,212,0
2022-06-17 10:01:00,212,212,212,212,0
2022-06-17 10:02:00,212,212,212,212,0
2022-06-17 10:03:00,212,212,212,212,0
2022-06-17 10:04:00,212,212,212,212,0
2022-06-17 10:05:00,212,212,212,212,0
2022-06-17 10:06:00,212,212,212,212,0
2022-06-17 10:07:00,212,212,212,212,0
2022-06-17 10:08:00,212,212,212,212,0
2022-06-17 10:09:00,212,212,212,212,0
2022-06-17 10:10:00,212,212,212,212,0
2022-06-17 10:11:00,212,212,212,212,0
2022-06-17 10:12:00,212,212,212,212,0
2022-06-17 10:13:00,212,212,212,212,0
2022-06-17 10:14:00,212,212,212,212,0
2022-06-17 10:15:00,212,212,212,212,0
2022-06-17 10:16:00,212,212,212,212,0
2022-06-17 10:17:00,212,212,212,212,0
2022-06-17 10:18:00,212,212,212,212,0
2022-06-17 10:19:00,212,212,212,212,0
2022-06-17 10:20:00,212,212,212,212,0
2022-06-17 10:21:00,212,212,212,212,0
2022-06-17 10:22:00,212,212,212,212,0
2022-06-17 10:23:00,212,212,212,212,100
2022-06-17 10:24:00,212,212,212,212,0
2022-06-17 10:25:00,212,212,212,212,0
2022-06-17 10:26:00,212,212,212,212,0
2022-06-17 10:27:00,212,212,212,212,10000
2022-06-17 10:28:00,212,212,212,212,0
2022-06-17 10:29:00,212,212,212,212,0
2022-06-17 10:30:00,212,212,212,212,0
2022-06-17 10:31:00,212,212,212,212,0
2022-06-17 10:32:00,212,212,212,212,0
2022-06-17 10:33:00,212,212,212,212,0
2022-06-17 10:34:00,212,212,212,212,0
2022-06-17 10:35:00,212,212,212,212,0
2022-06-17 10:36:00,212,212,212,212,0
2022-06-17 10:37:00,212,212,212,212,0
2022-06-17 10:38:00,212,212,212,212,0
2022-06-17 10:39:00,212,212,212,212,0
2022-06-17 10:40:00,212,212,212,212,0
2022-06-17 10:41:00,212,212,212,212,0
2022-06-17 10:42:00,212,212,212,212,0
2022-06-17 10:43:00,212,212,212,212,0
2022-06-17 10:44:00,212,212,212,212,0
2022-06-17 10:45:00,212,212,212,212,0
2022-06-17 10:46:00,212,212,212,212,0
2022-06-17 10:47:00,212,212,212,212,0
2022-06-17 10:48:00,212,212,212,212,0
2022-06-17 10:49:00,212,212,212,212,0
2022-06-17 10:50:00,212,212,212,212,0
2022-06-17 10:51:00,212,212,212,212,0
2022-06-17 10:52:00,212,212,212,212,0
2022-06-17 10:53:00,212,212,212,212,0
2022-06-17 10:54:00,216,216,216,216,100
2022-06-17 10:55:00,212,212,216,216,1200
2022-06-17 10:56:00,216,212,216,212,1100
2022-06-17 10:57:00,216,212,216,212,0
2022-06-17 10:58:00,216,212,216,212,0
2022-06-17 10:59:00,216,212,216,212,0
2022-06-17 11:00:00,216,212,216,212,0
2022-06-17 11:01:00,216,212,216,212,0
2022-06-17 11:02:00,216,212,216,212,0
2022-06-17 11:03:00,216,212,216,212,0
2022-06-17 11:04:00,212,212,212,212,12900
2022-06-17 11:05:00,212,212,212,212,0
2022-06-17 11:06:00,212,212,212,212,0
2022-06-17 11:07:00,212,212,212,212,0
2022-06-17 11:08:00,212,212,212,212,0
2022-06-17 11:09:00,212,212,212,212,0
2022-06-17 11:10:00,212,212,212,212,0
2022-06-17 11:11:00,212,212,212,212,0
2022-06-17 11:12:00,212,212,212,212,0
2022-06-17 11:13:00,212,212,212,212,0
2022-06-17 11:14:00,212,212,212,212,0
2022-06-17 11:15:00,212,212,212,212,0
2022-06-17 11:16:00,212,212,212,212,0
2022-06-17 11:17:00,212,212,212,212,0
2022-06-17 11:18:00,212,212,212,212,0
2022-06-17 11:19:00,212,212,212,212,0
2022-06-17 11:20:00,212,212,212,212,0
2022-06-17 11:21:00,212,212,212,212,0
2022-06-17 11:22:00,212,212,212,212,0
2022-06-17 11:23:00,212,212,212,212,0
2022-06-17 11:24:00,212,212,212,212,0
2022-06-17 11:25:00,212,212,212,212,0
2022-06-17 11:26:00,212,212,212,212,0
2022-06-17 11:27:00,212,212,212,212,0
2022-06-17 11:28:00,212,212,212,212,0
2022-06-17 11:29:00,212,212,212,212,0
2022-06-17 11:30:00,212,212,212,212,0
2022-06-17 11:31:00,212,212,212,212,0
2022-06-17 11:32:00,212,212,212,212,0
2022-06-17 11:33:00,212,212,212,212,0
2022-06-17 11:34:00,212,212,212,212,0
2022-06-17 11:35:00,212,212,212,212,0
2022-06-17 11:36:00,212,212,212,212,0
2022-06-17 11:37:00,212,212,212,212,0
2022-06-17 11:38:00,212,212,212,212,0
2022-06-17 11:39:00,212,212,212,212,0
2022-06-17 11:40:00,212,212,212,212,0
2022-06-17 11:41:00,212,212,212,212,0
2022-06-17 11:42:00,212,212,212,212,0
2022-06-17 11:43:00,212,212,212,212,0
2022-06-17 11:44:00,212,212,212,212,0
2022-06-17 11:45:00,212,212,212,212,0
2022-06-17 11:46:00,212,212,212,212,0
2022-06-17 11:47:00,212,212,212,212,0
2022-06-17 11:48:00,212,212,212,212,0
2022-06-17 11:49:00,212,212,212,212,0
2022-06-17 11:50:00,212,212,212,212,0
2022-06-17 11:51:00,212,212,212,212,0
2022-06-17 11:52:00,212,212,212,212,0
2022-06-17 11:53:00,212,212,212,212,0
2022-06-17 11:54:00,212,212,212,212,0
2022-06-17 11:55:00,212,212,212,212,0
2022-06-17 11:56:00,212,212,212,212,0
2022-06-17 11:57:00,212,212,212,212,0
2022-06-17 11:58:00,212,212,212,212,0
2022-06-17 11:59:00,212,212,212,212,0
2022-06-17 12:00:00,212,212,212,212,0
2022-06-17 12:01:00,212,212,212,212,0
2022-06-17 12:02:00,212,212,212,212,0
2022-06-17 12:03:00,212,212,212,212,0
2022-06-17 12:04:00,212,212,212,212,0
2022-06-17 12:05:00,212,212,212,212,0
2022-06-17 12:06:00,212,212,212,212,0
2022-06-17 12:07:00,212,212,212,212,0
2022-06-17 12:08:00,212,212,212,212,0
2022-06-17 12:09:00,212,212,212,212,0
2022-06-17 12:10:00,212,212,212,212,0
2022-06-17 12:11:00,212,212,212,212,0
2022-06-17 12:12:00,212,212,212,212,0
2022-06-17 12:13:00,212,212,212,212,0
2022-06-17 12:14:00,212,212,212,212,0
2022-06-17 12:15:00,212,212,212,212,0
2022-06-17 12:16:00,212,212,212,212,0
2022-06-17 12:17:00,212,212,212,212,0
2022-06-17 12:18:00,212,212,212,212,0
2022-06-17 12:19:00,212,212,212,212,0
2022-06-17 12:20:00,212,212,212,212,0
2022-06-17 12:21:00,212,212,212,212,0
2022-06-17 12:22:00,212,212,212,212,0
2022-06-17 12:23:00,212,212,212,212,0
2022-06-17 12:24:00,212,212,212,212,0
2022-06-17 12:25:00,212,212,212,212,0
2022-06-17 12:26:00,212,212,212,212,0
2022-06-17 12:27:00,212,212,212,212,0
2022-06-17 12:28:00,212,212,212,212,0
2022-06-17 12:29:00,212,212,212,212,0
2022-06-17 12:30:00,212,212,212,212,0
2022-06-17 12:31:00,212,212,212,212,0
2022-06-17 12:32:00,212,212,212,212,0
2022-06-17 12:33:00,212,212,212,212,0
2022-06-17 12:34:00,212,212,212,212,0
2022-06-17 12:35:00,212,212,212,212,0
2022-06-17 12:36:00,212,212,212,212,0
2022-06-17 12:37:00,212,212,212,212,0
2022-06-17 12:38:00,212,212,212,212,0
2022-06-17 12:39:00,212,212,212,212,0
2022-06-17 12:40:00,212,212,212,212,0
2022-06-17 12:41:00,212,212,212,212,0
2022-06-17 12:42:00,212,212,212,212,0
2022-06-17 12:43:00,212,212,212,212,0
2022-06-17 12:44:00,212,212,212,212,0
2022-06-17 12:45:00,212,212,212,212,0
2022-06-17 12:46:00,212,212,212,212,0
2022-06-17 12:47:00,212,212,212,212,0
2022-06-17 12:48:00,212,212,212,212,0
2022-06-17 12:49:00,212,212,212,212,0
2022-06-17 12:50:00,212,212,212,212,0
2022-06-17 12:51:00,212,212,212,212,0
2022-06-17 12:52:00,212,212,212,212,0
2022-06-17 12:53:00,212,212,212,212,0
2022-06-17 12:54:00,212,212,212,212,0
2022-06-17 12:55:00,212,212,212,212,0
2022-06-17 12:56:00,212,212,212,212,0
2022-06-17 12:57:00,212,212,212,212,0
2022-06-17 12:58:00,212,212,212,212,0
2022-06-17 12:59:00,212,212,212,212,0
2022-06-17 13:00:00,212,212,212,212,0
2022-06-17 13:01:00,212,212,212,212,0
2022-06-17 13:02:00,212,212,212,212,0
2022-06-17 13:03:00,212,212,212,212,0
2022-06-17 13:04:00,212,212,212,212,0
2022-06-17 13:05:00,212,212,212,212,0
2022-06-17 13:06:00,212,212,212,212,0
2022-06-17 13:07:00,212,212,212,212,0
2022-06-17 13:08:00,212,212,212,212,0
2022-06-17 13:09:00,212,212,212,212,0
2022-06-17 13:10:00,212,212,212,212,0
2022-06-17 13:11:00,212,212,212,212,0
2022-06-17 13:12:00,212,212,212,212,0
2022-06-17 13:13:00,212,212,212,212,0
2022-06-17 13:14:00,212,212,212,212,0
2022-06-17 13:15:00,212,212,212,212,0
2022-06-17 13:16:00,212,212,212,212,0
2022-06-17 13:17:00,212,212,212,212,0
2022-06-17 13:18:00,212,212,212,212,0
2022-06-17 13:19:00,212,212,212,212,0
2022-06-17 13:20:00,212,212,212,212,0
2022-06-17 13:21:00,212,212,212,212,0
2022-06-17 13:22:00,212,212,212,212,0
2022-06-17 13:23:00,212,212,212,212,0
2022-06-17 13:24:00,212,212,212,212,0
2022-06-17 13:25:00,212,212,212,212,0
2022-06-17 13:26:00,212,212,212,212,0
2022-06-17 13:27:00,212,212,212,212,0
2022-06-17 13:28:00,212,212,212,212,0
2022-06-17 13:29:00,212,212,212,212,0
2022-06-17 13:30:00,212,212,212,212,0
2022-06-17 13:31:00,212,212,212,212,0
2022-06-17 13:32:00,212,212,212,212,0
2022-06-17 13:33:00,212,212,212,212,0
2022-06-17 13:34:00,212,212,212,212,0
2022-06-17 13:35:00,212,212,212,212,0
2022-06-17 13:36:00,212,212,212,212,0
2022-06-17 13:37:00,212,212,212,212,0
2022-06-17 13:38:00,212,212,212,212,0
2022-06-17 13:39:00,212,212,212,212,0
2022-06-17 13:40:00,212,212,212,212,0
2022-06-17 13:41:00,212,212,212,212,0
2022-06-17 13:42:00,212,212,212,212,0
2022-06-17 13:43:00,212,212,212,212,0
2022-06-17 13:44:00,212,212,212,212,0
2022-06-17 13:45:00,212,212,212,212,0
2022-06-17 13:46:00,212,212,212,212,0
2022-06-17 13:47:00,212,212,212,212,0
2022-06-17 13:48:00,212,212,212,212,0
2022-06-17 13:49:00,212,212,212,212,0
2022-06-17 13:50:00,212,212,212,212,0
2022-06-17 13:51:00,212,212,212,212,0
2022-06-17 13:52:00,212,212,212,212,0
2022-06-17 13:53:00,212,212,212,212,0
2022-06-17 13:54:00,212,212,212,212,0
2022-06-17 13:55:00,212,212,212,212,0
2022-06-17 13:56:00,212,212,212,212,0
2022-06-17 13:57:00,212,212,212,212,0
2022-06-17 13:58:00,212,212,212,212,0
2022-06-17 13:59:00,212,212,212,212,0
2022-06-17 14:00:00,212,212,212,212,0
2022-06-17 14:01:00,212,212,212,212,0
2022-06-17 14:02:00,212,212,212,212,0
2022-06-17 14:03:00,212,212,212,212,0
2022-06-17 14:04:00,212,212,212,212,0
2022-06-17 14:05:00,212,212,212,212,0
2022-06-17 14:06:00,212,212,212,212,0
2022-06-17 14:07:00,212,212,212,212,0
2022-06-17 14:08:00,212,212,212,212,0
2022-06-17 14:09:00,212,212,212,212,0
2022-06-17 14:10:00,212,212,212,212,0
2022-06-17 14:11:00,212,212,212,212,0
2022-06-17 14:12:00,212,212,212,212,0
2022-06-17 14:13:00,212,212,212,212,0
2022-06-17 14:14:00,212,212,212,212,0
2022-06-17 14:15:00,212,212,212,212,0
2022-06-17 14:16:00,212,212,212,212,0
2022-06-17 14:17:00,212,212,212,212,0
2022-06-17 14:18:00,212,212,212,212,0
2022-06-17 14:19:00,212,212,212,212,0
2022-06-17 14:20:00,212,212,212,212,0
2022-06-17 14:21:00,212,212,212,212,0
2022-06-17 14:22:00,212,212,212,212,0
2022-06-17 14:23:00,212,212,212,212,0
2022-06-17 14:24:00,212,212,212,212,0
2022-06-17 14:25:00,212,212,212,212,0
2022-06-17 14:26:00,212,212,212,212,0
2022-06-17 14:27:00,216,216,216,216,5000
2022-06-17 14:28:00,216,216,216,216,0
2022-06-17 14:29:00,216,216,216,216,0
2022-06-17 14:30:00,216,216,216,216,0
2022-06-17 14:31:00,216,216,216,216,0
2022-06-17 14:32:00,216,216,216,216,0
2022-06-17 14:33:00,216,216,216,216,0
2022-06-17 14:34:00,216,216,216,216,0
2022-06-17 14:35:00,216,216,216,216,0
2022-06-17 14:36:00,216,216,216,216,0
2022-06-17 14:37:00,216,216,216,216,0
2022-06-17 14:38:00,216,216,216,216,0
2022-06-17 14:39:00,216,216,216,216,0
2022-06-17 14:40:00,216,216,216,216,0
2022-06-17 14:41:00,216,216,216,216,0
2022-06-17 14:42:00,216,216,216,216,0
2022-06-17 14:43:00,216,216,216,216,0
2022-06-17 14:44:00,216,216,216,216,0
2022-06-17 14:45:00,216,216,216,216,0
2022-06-17 14:46:00,216,216,216,216,0
2022-06-17 14:47:00,216,216,216,216,0
2022-06-17 14:48:00,216,216,216,216,0
2022-06-17 14:49:00,216,216,216,216,0
2022-06-17 14:50:00,216,216,216,216,0
2022-06-17 14:51:00,216,216,216,216,0
2022-06-17 14:52:00,216,216,216,216,0
2022-06-17 14:53:00,216,216,216,216,0
2022-06-17 14:54:00,216,216,216,216,0
2022-06-17 14:55:00,216,216,216,216,0
2022-06-17 14:56:00,216,216,216,216,0
2022-06-17 14:57:00,216,216,216,216,0
2022-06-17 14:58:00,216,216,216,216,0
2022-06-17 14:59:00,216,216,216,216,0
2022-06-17 15:00:00,216,216,216,216,0
2022-06-17 15:01:00,216,216,216,216,0
2022-06-17 15:02:00,216,216,216,216,0
2022-06-17 15:03:00,216,216,216,216,0
2022-06-17 15:04:00,216,216,216,216,0
2022-06-17 15:05:00,216,216,216,216,0
2022-06-17 15:06:00,216,216,216,216,0
2022-06-17 15:07:00,216,216,216,216,0
2022-06-17 15:08:00,216,216,216,216,0
2022-06-17 15:09:00,216,216,216,216,0
2022-06-17 15:10:00,216,216,216,216,0
2022-06-17 15:11:00,216,216,216,216,0
2022-06-17 15:12:00,216,216,216,216,0
2022-06-17 15:13:00,216,216,216,216,0
2022-06-17 15:14:00,216,216,216,216,0
2022-06-17 15:15:00,216,216,216,216,0
2022-06-17 15:16:00,216,216,216,216,0
2022-06-17 15:17:00,216,216,216,216,0
2022-06-17 15:18:00,216,216,216,216,0
2022-06-17 15:19:00,216,216,216,216,0
2022-06-17 15:20:00,216,216,216,216,0
2022-06-17 15:21:00,216,216,216,216,0
2022-06-17 15:22:00,216,216,216,216,0
2022-06-17 15:23:00,216,216,216,216,0
2022-06-17 15:24:00,216,216,216,216,0
2022-06-17 15:25:00,216,216,216,216,0
2022-06-17 15:26:00,216,216,216,216,0
2022-06-17 15:27:00,216,216,216,216,0
2022-06-17 15:28:00,216,216,216,216,0
2022-06-17 15:29:00,216,216,216,216,0
2022-06-17 15:30:00,216,216,216,216,0
2022-06-17 15:31:00,216,216,216,216,0
2022-06-17 15:32:00,216,216,216,216,0
2022-06-17 15:33:00,216,216,216,216,0
2022-06-17 15:34:00,216,216,216,216,0
2022-06-17 15:35:00,216,216,216,216,0
2022-06-17 15:36:00,216,216,216,216,0
2022-06-17 15:37:00,216,216,216,216,0
2022-06-17 15:38:00,216,216,216,216,0
2022-06-17 15:39:00,216,216,216,216,0
2022-06-17 15:40:00,216,216,216,216,0
2022-06-17 15:41:00,216,216,216,216,0
2022-06-17 15:42:00,216,216,216,216,0
2022-06-17 15:43:00,216,216,216,216,0
2022-06-17 15:44:00,216,216,216,216,0
2022-06-17 15:45:00,216,216,216,216,0
2022-06-17 15:46:00,216,216,216,216,0
2022-06-17 15:47:00,216,216,216,216,0
2022-06-17 15:48:00,216,216,216,216,0
2022-06-17 15:49:00,216,216,216,216,0
2022-06-17 15:50:00,216,216,216,216,0
2022-06-17 15:51:00,216,216,216,216,0
2022-06-17 15:52:00,216,216,216,216,0
2022-06-17 15:53:00,216,216,216,216,0
2022-06-17 15:54:00,216,216,216,216,0
2022-06-17 15:55:00,216,216,216,216,0
2022-06-17 15:56:00,216,216,216,216,0
2022-06-17 15:57:00,216,216,216,216,0
2022-06-17 15:58:00,216,216,216,216,0
2022-06-17 15:59:00,216,216,216,216,0
2022-06-20 09:00:00,212,212,212,212,0
2022-06-20 09:01:00,212,212,212,212,0
2022-06-20 09:02:00,212,212,212,212,0
2022-06-20 09:03:00,212,212,212,212,0
2022-06-20 09:04:00,212,212,212,212,0
2022-06-20 09:05:00,212,212,212,212,0
2022-06-20 09:06:00,212,212,212,212,0
2022-06-20 09:07:00,212,212,212,212,0
2022-06-20 09:08:00,212,212,212,212,0
2022-06-20 09:09:00,212,212,212,212,0
2022-06-20 09:10:00,212,212,212,212,0
2022-06-20 09:11:00,212,212,212,212,0
2022-06-20 09:12:00,212,212,212,212,0
2022-06-20 09:13:00,212,212,212,212,0
2022-06-20 09:14:00,212,212,212,212,0
2022-06-20 09:15:00,212,212,212,212,0
2022-06-20 09:16:00,212,212,212,212,0
2022-06-20 09:17:00,212,212,212,212,0
2022-06-20 09:18:00,204,204,204,204,2000
2022-06-20 09:19:00,204,204,204,204,0
2022-06-20 09:20:00,204,204,204,204,0
2022-06-20 09:21:00,204,204,204,204,0
2022-06-20 09:22:00,204,204,204,204,0
2022-06-20 09:23:00,204,204,204,204,0
2022-06-20 09:24:00,204,204,204,204,0
2022-06-20 09:25:00,204,204,204,204,0
2022-06-20 09:26:00,204,204,204,204,0
2022-06-20 09:27:00,204,204,204,204,0
2022-06-20 09:28:00,204,204,204,204,0
2022-06-20 09:29:00,204,204,204,204,0
2022-06-20 09:30:00,204,204,204,204,0
2022-06-20 09:31:00,204,204,204,204,0
2022-06-20 09:32:00,204,204,204,204,0
2022-06-20 09:33:00,206,206,206,206,100
2022-06-20 09:34:00,206,206,206,206,0
2022-06-20 09:35:00,206,206,206,206,0
2022-06-20 09:36:00,206,206,206,206,0
2022-06-20 09:37:00,206,206,206,206,0
2022-06-20 09:38:00,206,206,206,206,0
2022-06-20 09:39:00,206,206,206,206,0
2022-06-20 09:40:00,206,206,206,206,0
2022-06-20 09:41:00,206,206,206,206,0
2022-06-20 09:42:00,206,206,206,206,0
2022-06-20 09:43:00,206,206,206,206,0
2022-06-20 09:44:00,206,206,206,206,0
2022-06-20 09:45:00,206,206,206,206,0
2022-06-20 09:46:00,206,206,206,206,0
2022-06-20 09:47:00,206,206,206,206,0
2022-06-20 09:48:00,206,206,206,206,0
2022-06-20 09:49:00,206,206,206,206,0
2022-06-20 09:50:00,206,206,206,206,0
2022-06-20 09:51:00,206,206,206,206,0
2022-06-20 09:52:00,206,206,206,206,0
2022-06-20 09:53:00,206,206,206,206,0
2022-06-20 09:54:00,206,206,206,206,0
2022-06-20 09:55:00,206,206,206,206,0
2022-06-20 09:56:00,208,208,208,208,100
2022-06-20 09:57:00,208,208,208,208,0
2022-06-20 09:58:00,208,208,208,208,0
2022-06-20 09:59:00,208,208,208,208,0
2022-06-20 10:00:00,208,208,208,208,0
2022-06-20 10:01:00,208,208,208,208,0
2022-06-20 10:02:00,208,208,208,208,0
2022-06-20 10:03:00,208,208,208,208,0
2022-06-20 10:04:00,208,208,208,208,0
2022-06-20 10:05:00,208,208,208,208,0
2022-06-20 10:06:00,208,208,208,208,0
2022-06-20 10:07:00,208,208,208,208,0
2022-06-20 10:08:00,208,208,208,208,0
2022-06-20 10:09:00,208,208,208,208,0
2022-06-20 10:10:00,208,208,208,208,0
2022-06-20 10:11:00,208,208,208,208,0
2022-06-20 10:12:00,208,208,208,208,0
2022-06-20 10:13:00,208,208,208,208,0
2022-06-20 10:14:00,208,208,208,208,0
2022-06-20 10:15:00,208,208,208,208,0
2022-06-20 10:16:00,208,208,208,208,0
2022-06-20 10:17:00,208,208,208,208,0
2022-06-20 10:18:00,208,208,208,208,0
2022-06-20 10:19:00,208,208,208,208,0
2022-06-20 10:20:00,208,208,208,208,0
2022-06-20 10:21:00,208,208,208,208,0
2022-06-20 10:22:00,208,208,208,208,0
2022-06-20 10:23:00,208,208,208,208,0
2022-06-20 10:24:00,208,208,208,208,0
2022-06-20 10:25:00,208,208,208,208,0
2022-06-20 10:26:00,208,208,208,208,0
2022-06-20 10:27:00,208,208,208,208,0
2022-06-20 10:28:00,208,208,208,208,0
2022-06-20 10:29:00,208,208,208,208,0
2022-06-20 10:30:00,208,208,208,208,0
2022-06-20 10:31:00,208,208,208,208,0
2022-06-20 10:32:00,208,208,208,208,0
2022-06-20 10:33:00,208,208,208,208,0
2022-06-20 10:34:00,208,208,208,208,0
2022-06-20 10:35:00,208,208,208,208,0
2022-06-20 10:36:00,208,208,208,208,0
2022-06-20 10:37:00,208,208,208,208,0
2022-06-20 10:38:00,208,208,208,208,0
2022-06-20 10:39:00,208,208,208,208,0
2022-06-20 10:40:00,208,208,208,208,0
2022-06-20 10:41:00,208,208,208,208,0
2022-06-20 10:42:00,208,208,208,208,0
2022-06-20 10:43:00,208,208,208,208,0
2022-06-20 10:44:00,208,208,208,208,0
2022-06-20 10:45:00,208,208,208,208,0
2022-06-20 10:46:00,208,208,208,208,0
2022-06-20 10:47:00,208,208,208,208,0
2022-06-20 10:48:00,208,208,208,208,0
2022-06-20 10:49:00,208,208,208,208,0
2022-06-20 10:50:00,208,208,208,208,0
2022-06-20 10:51:00,208,208,208,208,0
2022-06-20 10:52:00,208,208,208,208,0
2022-06-20 10:53:00,208,208,208,208,0
2022-06-20 10:54:00,208,208,208,208,0
2022-06-20 10:55:00,208,208,208,208,0
2022-06-20 10:56:00,208,208,208,208,0
2022-06-20 10:57:00,208,208,208,208,0
2022-06-20 10:58:00,208,208,208,208,0
2022-06-20 10:59:00,208,208,208,208,0
2022-06-20 11:00:00,208,208,208,208,0
2022-06-20 11:01:00,208,208,208,208,0
2022-06-20 11:02:00,208,208,208,208,0
2022-06-20 11:03:00,208,208,208,208,0
2022-06-20 11:04:00,208,208,208,208,0
2022-06-20 11:05:00,208,208,208,208,0
2022-06-20 11:06:00,208,208,208,208,0
2022-06-20 11:07:00,208,208,208,208,0
2022-06-20 11:08:00,208,208,208,208,0
2022-06-20 11:09:00,208,208,208,208,0
2022-06-20 11:10:00,208,208,208,208,0
2022-06-20 11:11:00,208,208,208,208,0
2022-06-20 11:12:00,208,208,208,208,0
2022-06-20 11:13:00,208,208,208,208,0
2022-06-20 11:14:00,208,208,208,208,0
2022-06-20 11:15:00,208,208,208,208,0
2022-06-20 11:16:00,208,208,208,208,0
2022-06-20 11:17:00,208,208,208,208,0
2022-06-20 11:18:00,208,208,208,208,0
2022-06-20 11:19:00,208,208,208,208,0
2022-06-20 11:20:00,208,208,208,208,0
2022-06-20 11:21:00,210,210,230,230,200
2022-06-20 11:22:00,210,210,230,230,0
2022-06-20 11:23:00,210,210,230,230,0
2022-06-20 11:24:00,210,210,230,230,0
2022-06-20 11:25:00,210,210,230,230,0
2022-06-20 11:26:00,210,210,230,230,0
2022-06-20 11:27:00,210,210,230,230,0
2022-06-20 11:28:00,210,210,230,230,0
2022-06-20 11:29:00,210,210,230,230,0
2022-06-20 11:30:00,210,210,230,230,0
2022-06-20 11:31:00,210,210,230,230,0
2022-06-20 11:32:00,210,210,230,230,0
2022-06-20 11:33:00,210,210,230,230,0
2022-06-20 11:34:00,210,210,230,230,0
2022-06-20 11:35:00,210,210,230,230,0
2022-06-20 11:36:00,210,210,230,230,0
2022-06-20 11:37:00,210,210,230,230,0
2022-06-20 11:38:00,210,210,230,230,0
2022-06-20 11:39:00,210,210,230,230,0
2022-06-20 11:40:00,210,210,230,230,0
2022-06-20 11:41:00,210,210,230,230,0
2022-06-20 11:42:00,210,210,230,230,0
2022-06-20 11:43:00,210,210,230,230,0
2022-06-20 11:44:00,210,210,230,230,0
2022-06-20 11:45:00,210,210,230,230,0
2022-06-20 11:46:00,210,210,230,230,0
2022-06-20 11:47:00,210,210,230,230,0
2022-06-20 11:48:00,210,210,230,230,0
2022-06-20 11:49:00,210,210,230,230,0
2022-06-20 11:50:00,210,210,230,230,0
2022-06-20 11:51:00,210,210,230,230,0
2022-06-20 11:52:00,210,210,230,230,0
2022-06-20 11:53:00,210,210,230,230,0
2022-06-20 11:54:00,210,210,230,230,0
2022-06-20 11:55:00,210,210,230,230,0
2022-06-20 11:56:00,210,210,230,230,0
2022-06-20 11:57:00,210,210,230,230,0
2022-06-20 11:58:00,210,210,230,230,0
2022-06-20 11:59:00,210,210,230,230,0
2022-06-20 12:00:00,210,210,230,230,0
2022-06-20 12:01:00,210,210,230,230,0
2022-06-20 12:02:00,210,210,230,230,0
2022-06-20 12:03:00,210,210,230,230,0
2022-06-20 12:04:00,210,210,230,230,0
2022-06-20 12:05:00,210,210,230,230,0
2022-06-20 12:06:00,210,210,230,230,0
2022-06-20 12:07:00,210,210,230,230,0
2022-06-20 12:08:00,210,210,230,230,0
2022-06-20 12:09:00,210,210,230,230,0
2022-06-20 12:10:00,210,210,230,230,0
2022-06-20 12:11:00,210,210,230,230,0
2022-06-20 12:12:00,210,210,230,230,0
2022-06-20 12:13:00,210,210,230,230,0
2022-06-20 12:14:00,210,210,230,230,0
2022-06-20 12:15:00,210,210,230,230,0
2022-06-20 12:16:00,210,210,230,230,0
2022-06-20 12:17:00,210,210,230,230,0
2022-06-20 12:18:00,210,210,230,230,0
2022-06-20 12:19:00,210,210,230,230,0
2022-06-20 12:20:00,210,210,230,230,0
2022-06-20 12:21:00,210,210,230,230,0
2022-06-20 12:22:00,210,210,230,230,0
2022-06-20 12:23:00,210,210,230,230,0
2022-06-20 12:24:00,210,210,230,230,0
2022-06-20 12:25:00,210,210,230,230,0
2022-06-20 12:26:00,210,210,230,230,0
2022-06-20 12:27:00,210,210,230,230,0
2022-06-20 12:28:00,210,210,230,230,0
2022-06-20 12:29:00,210,210,230,230,0
2022-06-20 12:30:00,210,210,230,230,0
2022-06-20 12:31:00,210,210,230,230,0
2022-06-20 12:32:00,210,210,230,230,0
2022-06-20 12:33:00,210,210,230,230,0
2022-06-20 12:34:00,210,210,230,230,0
2022-06-20 12:35:00,210,210,230,230,0
2022-06-20 12:36:00,210,210,230,230,0
2022-06-20 12:37:00,210,210,230,230,0
2022-06-20 12:38:00,210,210,230,230,0
2022-06-20 12:39:00,210,210,230,230,0
2022-06-20 12:40:00,210,210,230,230,0
2022-06-20 12:41:00,210,210,230,230,0
2022-06-20 12:42:00,210,210,230,230,0
2022-06-20 12:43:00,210,210,230,230,0
2022-06-20 12:44:00,210,210,230,230,0
2022-06-20 12:45:00,210,210,230,230,0
2022-06-20 12:46:00,210,210,230,230,0
2022-06-20 12:47:00,210,210,230,230,0
2022-06-20 12:48:00,210,210,230,230,0
2022-06-20 12:49:00,210,210,230,230,0
2022-06-20 12:50:00,210,210,230,230,0
2022-06-20 12:51:00,210,210,230,230,0
2022-06-20 12:52:00,210,210,230,230,0
2022-06-20 12:53:00,210,210,230,230,0
2022-06-20 12:54:00,210,210,230,230,0
2022-06-20 12:55:00,210,210,230,230,0
2022-06-20 12:56:00,210,210,230,230,0
2022-06-20 12:57:00,210,210,230,230,0
2022-06-20 12:58:00,210,210,230,230,0
2022-06-20 12:59:00,210,210,230,230,0
2022-06-20 13:00:00,210,210,230,230,0
2022-06-20 13:01:00,210,210,230,230,0
2022-06-20 13:02:00,210,210,230,230,0
2022-06-20 13:03:00,210,210,230,230,0
2022-06-20 13:04:00,210,210,230,230,0
2022-06-20 13:05:00,210,210,230,230,0
2022-06-20 13:06:00,210,210,230,230,0
2022-06-20 13:07:00,210,210,230,230,0
2022-06-20 13:08:00,210,210,230,230,0
2022-06-20 13:09:00,210,210,230,230,0
2022-06-20 13:10:00,210,210,230,230,0
2022-06-20 13:11:00,210,210,230,230,0
2022-06-20 13:12:00,210,210,230,230,0
2022-06-20 13:13:00,210,210,230,230,0
2022-06-20 13:14:00,210,210,230,230,0
2022-06-20 13:15:00,210,210,230,230,0
2022-06-20 13:16:00,210,210,230,230,0
2022-06-20 13:17:00,210,210,230,230,0
2022-06-20 13:18:00,210,210,230,230,0
2022-06-20 13:19:00,210,210,230,230,0
2022-06-20 13:20:00,210,210,230,230,0
2022-06-20 13:21:00,210,210,230,230,0
2022-06-20 13:22:00,210,210,230,230,0
2022-06-20 13:23:00,210,210,230,230,0
2022-06-20 13:24:00,210,210,230,230,0
2022-06-20 13:25:00,210,210,230,230,0
2022-06-20 13:26:00,210,210,230,230,0
2022-06-20 13:27:00,210,210,230,230,0
2022-06-20 13:28:00,210,210,230,230,0
2022-06-20 13:29:00,210,210,230,230,0
2022-06-20 13:30:00,210,210,230,230,0
2022-06-20 13:31:00,210,210,230,230,0
2022-06-20 13:32:00,210,210,230,230,0
2022-06-20 13:33:00,210,210,230,230,0
2022-06-20 13:34:00,210,210,230,230,0
2022-06-20 13:35:00,210,210,230,230,0
2022-06-20 13:36:00,210,210,230,230,0
2022-06-20 13:37:00,210,210,230,230,0
2022-06-20 13:38:00,210,210,230,230,0
2022-06-20 13:39:00,210,210,230,230,0
2022-06-20 13:40:00,210,210,230,230,0
2022-06-20 13:41:00,210,210,230,230,0
2022-06-20 13:42:00,210,210,230,230,0
2022-06-20 13:43:00,210,210,230,230,0
2022-06-20 13:44:00,210,210,230,230,0
2022-06-20 13:45:00,210,210,230,230,0
2022-06-20 13:46:00,210,210,230,230,0
2022-06-20 13:47:00,210,210,230,230,0
2022-06-20 13:48:00,210,210,230,230,0
2022-06-20 13:49:00,226,226,226,226,100
2022-06-20 13:50:00,226,226,226,226,0
2022-06-20 13:51:00,226,226,226,226,0
2022-06-20 13:52:00,226,226,226,226,0
2022-06-20 13:53:00,226,226,226,226,0
2022-06-20 13:54:00,226,226,226,226,0
2022-06-20 13:55:00,226,226,226,226,0
2022-06-20 13:56:00,226,226,226,226,0
2022-06-20 13:57:00,226,226,226,226,0
2022-06-20 13:58:00,226,226,226,226,0
2022-06-20 13:59:00,226,226,226,226,0
2022-06-20 14:00:00,226,226,226,226,0
2022-06-20 14:01:00,226,226,226,226,0
2022-06-20 14:02:00,226,226,226,226,0
2022-06-20 14:03:00,226,226,226,226,0
2022-06-20 14:04:00,226,226,226,226,0
2022-06-20 14:05:00,226,226,226,226,0
2022-06-20 14:06:00,226,226,226,226,0
2022-06-20 14:07:00,226,226,226,226,0
2022-06-20 14:08:00,226,226,226,226,0
2022-06-20 14:09:00,226,226,226,226,0
2022-06-20 14:10:00,226,226,226,226,0
2022-06-20 14:11:00,226,226,226,226,0
2022-06-20 14:12:00,226,226,226,226,0
2022-06-20 14:13:00,226,226,226,226,0
2022-06-20 14:14:00,226,226,226,226,0
2022-06-20 14:15:00,226,226,226,226,0
2022-06-20 14:16:00,226,226,226,226,0
2022-06-20 14:17:00,226,226,226,226,0
2022-06-20 14:18:00,226,226,226,226,0
2022-06-20 14:19:00,226,226,226,226,0
2022-06-20 14:20:00,226,226,226,226,0
2022-06-20 14:21:00,226,226,226,226,0
2022-06-20 14:22:00,226,226,226,226,0
2022-06-20 14:23:00,226,226,226,226,0
2022-06-20 14:24:00,226,226,226,226,0
2022-06-20 14:25:00,226,226,226,226,0
2022-06-20 14:26:00,226,226,226,226,0
2022-06-20 14:27:00,226,226,226,226,0
2022-06-20 14:28:00,226,226,226,226,0
2022-06-20 14:29:00,226,226,226,226,0
2022-06-20 14:30:00,226,226,226,226,0
2022-06-20 14:31:00,226,226,226,226,0
2022-06-20 14:32:00,226,226,226,226,0
2022-06-20 14:33:00,226,226,226,226,0
2022-06-20 14:34:00,226,226,226,226,0
2022-06-20 14:35:00,226,226,226,226,0
2022-06-20 14:36:00,226,226,226,226,0
2022-06-20 14:37:00,226,226,226,226,0
2022-06-20 14:38:00,226,226,226,226,0
2022-06-20 14:39:00,226,226,226,226,0
2022-06-20 14:40:00,226,226,226,226,0
2022-06-20 14:41:00,226,226,226,226,0
2022-06-20 14:42:00,226,226,226,226,0
2022-06-20 14:43:00,226,226,226,226,0
2022-06-20 14:44:00,226,226,226,226,0
2022-06-20 14:45:00,226,226,226,226,0
2022-06-20 14:46:00,226,226,226,226,0
2022-06-20 14:47:00,226,226,226,226,0
2022-06-20 14:48:00,226,226,226,226,0
2022-06-20 14:49:00,226,226,226,226,0
2022-06-20 14:50:00,226,226,226,226,0
2022-06-20 14:51:00,226,226,226,226,0
2022-06-20 14:52:00,226,226,226,226,0
2022-06-20 14:53:00,226,226,226,226,0
2022-06-20 14:54:00,226,226,226,226,0
2022-06-20 14:55:00,226,226,226,226,0
2022-06-20 14:56:00,226,226,226,226,0
2022-06-20 14:57:00,226,226,226,226,0
2022-06-20 14:58:00,226,226,226,226,0
2022-06-20 14:59:00,226,226,226,226,0
2022-06-20 15:00:00,226,226,226,226,0
2022-06-20 15:01:00,226,226,226,226,0
2022-06-20 15:02:00,226,226,226,226,0
2022-06-20 15:03:00,226,226,226,226,0
2022-06-20 15:04:00,226,226,226,226,0
2022-06-20 15:05:00,226,226,226,226,0
2022-06-20 15:06:00,226,226,226,226,0
2022-06-20 15:07:00,226,226,226,226,0
2022-06-20 15:08:00,226,226,226,226,0
2022-06-20 15:09:00,226,226,226,226,0
2022-06-20 15:10:00,226,226,226,226,0
2022-06-20 15:11:00,226,226,226,226,0
2022-06-20 15:12:00,226,226,226,226,0
2022-06-20 15:13:00,226,226,226,226,0
2022-06-20 15:14:00,226,226,226,226,0
2022-06-20 15:15:00,226,226,226,226,0
2022-06-20 15:16:00,226,226,226,226,0
2022-06-20 15:17:00,226,226,226,226,0
2022-06-20 15:18:00,226,226,226,226,0
2022-06-20 15:19:00,226,226,226,226,0
2022-06-20 15:20:00,226,226,226,226,0
2022-06-20 15:21:00,226,226,226,226,0
2022-06-20 15:22:00,226,226,226,226,0
2022-06-20 15:23:00,226,226,226,226,0
2022-06-20 15:24:00,226,226,226,226,0
2022-06-20 15:25:00,226,226,226,226,0
2022-06-20 15:26:00,226,226,226,226,0
2022-06-20 15:27:00,226,226,226,226,0
2022-06-20 15:28:00,226,226,226,226,0
2022-06-20 15:29:00,226,226,226,226,0
2022-06-20 15:30:00,226,226,226,226,0
2022-06-20 15:31:00,226,226,226,226,0
2022-06-20 15:32:00,226,226,226,226,0
2022-06-20 15:33:00,226,226,226,226,0
2022-06-20 15:34:00,226,226,226,226,0
2022-06-20 15:35:00,226,226,226,226,0
2022-06-20 15:36:00,226,226,226,226,0
2022-06-20 15:37:00,226,226,226,226,0
2022-06-20 15:38:00,226,226,226,226,0
2022-06-20 15:39:00,226,226,226,226,0
2022-06-20 15:40:00,226,226,226,226,0
2022-06-20 15:41:00,226,226,226,226,0
2022-06-20 15:42:00,226,226,226,226,0
2022-06-20 15:43:00,226,226,226,226,0
2022-06-20 15:44:00,226,226,226,226,0
2022-06-20 15:45:00,226,226,226,226,0
2022-06-20 15:46:00,226,226,226,226,0
2022-06-20 15:47:00,226,226,226,226,0
2022-06-20 15:48:00,226,226,226,226,0
2022-06-20 15:49:00,226,226,226,226,0
2022-06-20 15:50:00,226,226,226,226,0
2022-06-20 15:51:00,226,226,226,226,0
2022-06-20 15:52:00,226,226,226,226,0
2022-06-20 15:53:00,226,226,226,226,0
2022-06-20 15:54:00,226,226,226,226,0
2022-06-20 15:55:00,226,226,226,226,0
2022-06-20 15:56:00,226,226,226,226,0
2022-06-20 15:57:00,226,226,226,226,0
2022-06-20 15:58:00,226,226,226,226,0
2022-06-20 15:59:00,226,226,226,226,0
2022-06-21 09:00:00,224,224,226,226,0
2022-06-21 09:01:00,224,224,226,226,0
2022-06-21 09:02:00,226,226,226,226,100
2022-06-21 09:03:00,226,226,226,226,0
2022-06-21 09:04:00,226,226,226,226,0
2022-06-21 09:05:00,226,226,226,226,0
2022-06-21 09:06:00,226,226,226,226,0
2022-06-21 09:07:00,226,226,226,226,0
2022-06-21 09:08:00,226,226,226,226,0
2022-06-21 09:09:00,226,226,226,226,0
2022-06-21 09:10:00,226,226,226,226,0
2022-06-21 09:11:00,226,226,226,226,0
2022-06-21 09:12:00,226,226,226,226,0
2022-06-21 09:13:00,226,226,226,226,0
2022-06-21 09:14:00,228,228,228,228,100
2022-06-21 09:15:00,228,228,228,228,0
2022-06-21 09:16:00,228,228,228,228,0
2022-06-21 09:17:00,228,228,228,228,0
2022-06-21 09:18:00,228,228,228,228,0
2022-06-21 09:19:00,228,228,228,228,0
2022-06-21 09:20:00,228,228,228,228,0
2022-06-21 09:21:00,228,228,228,228,0
2022-06-21 09:22:00,228,228,228,228,0
2022-06-21 09:23:00,228,228,228,228,0
2022-06-21 09:24:00,228,228,228,228,0
2022-06-21 09:25:00,228,228,228,228,0
2022-06-21 09:26:00,228,228,228,228,0
2022-06-21 09:27:00,228,228,228,228,0
2022-06-21 09:28:00,228,228,228,228,0
2022-06-21 09:29:00,228,228,228,228,0
2022-06-21 09:30:00,228,228,228,228,0
2022-06-21 09:31:00,228,228,228,228,0
2022-06-21 09:32:00,228,228,228,228,0
2022-06-21 09:33:00,228,228,228,228,0
2022-06-21 09:34:00,228,228,228,228,17400
2022-06-21 09:35:00,228,228,228,228,0
2022-06-21 09:36:00,228,228,228,228,0
2022-06-21 09:37:00,228,228,228,228,0
2022-06-21 09:38:00,228,228,228,228,0
2022-06-21 09:39:00,228,228,228,228,0
2022-06-21 09:40:00,228,228,228,228,0
2022-06-21 09:41:00,228,228,228,228,0
2022-06-21 09:42:00,228,228,228,228,0
2022-06-21 09:43:00,228,228,228,228,0
2022-06-21 09:44:00,228,228,228,228,0
2022-06-21 09:45:00,228,228,228,228,0
2022-06-21 09:46:00,228,228,228,228,0
2022-06-21 09:47:00,228,228,228,228,0
2022-06-21 09:48:00,228,228,228,228,0
2022-06-21 09:49:00,228,228,228,228,0
2022-06-21 09:50:00,228,228,228,228,0
2022-06-21 09:51:00,228,228,228,228,0
2022-06-21 09:52:00,228,228,228,228,0
2022-06-21 09:53:00,228,228,228,228,0
2022-06-21 09:54:00,228,228,228,228,0
2022-06-21 09:55:00,228,228,228,228,0
2022-06-21 09:56:00,228,228,228,228,0
2022-06-21 09:57:00,228,228,228,228,100
2022-06-21 09:58:00,228,228,228,228,0
2022-06-21 09:59:00,228,228,228,228,0
2022-06-21 10:00:00,228,228,228,228,0
2022-06-21 10:01:00,228,228,228,228,0
2022-06-21 10:02:00,228,228,228,228,0
2022-06-21 10:03:00,228,228,228,228,0
2022-06-21 10:04:00,228,228,228,228,0
2022-06-21 10:05:00,228,228,228,228,0
2022-06-21 10:06:00,228,228,228,228,0
2022-06-21 10:07:00,228,228,228,228,0
2022-06-21 10:08:00,228,228,228,228,0
2022-06-21 10:09:00,228,228,228,228,0
2022-06-21 10:10:00,228,228,228,228,0
2022-06-21 10:11:00,228,228,228,228,0
2022-06-21 10:12:00,228,228,228,228,0
2022-06-21 10:13:00,228,228,228,228,0
2022-06-21 10:14:00,228,228,228,228,0
2022-06-21 10:15:00,228,228,228,228,0
2022-06-21 10:16:00,228,228,228,228,0
2022-06-21 10:17:00,228,228,228,228,0
2022-06-21 10:18:00,228,228,228,228,0
2022-06-21 10:19:00,228,228,228,228,0
2022-06-21 10:20:00,228,228,228,228,0
2022-06-21 10:21:00,228,228,228,228,0
2022-06-21 10:22:00,228,228,228,228,0
2022-06-21 10:23:00,228,228,228,228,0
2022-06-21 10:24:00,228,228,228,228,0
2022-06-21 10:25:00,228,228,228,228,0
2022-06-21 10:26:00,228,228,228,228,0
2022-06-21 10:27:00,228,228,228,228,0
2022-06-21 10:28:00,228,228,228,228,0
2022-06-21 10:29:00,228,228,228,228,0
2022-06-21 10:30:00,228,228,228,228,0
2022-06-21 10:31:00,228,228,228,228,0
2022-06-21 10:32:00,228,228,228,228,0
2022-06-21 10:33:00,228,228,228,228,0
2022-06-21 10:34:00,228,228,228,228,0
2022-06-21 10:35:00,228,228,228,228,0
2022-06-21 10:36:00,228,228,228,228,0
2022-06-21 10:37:00,228,228,228,228,0
2022-06-21 10:38:00,228,228,228,228,0
2022-06-21 10:39:00,228,228,228,228,0
2022-06-21 10:40:00,228,228,228,228,0
2022-06-21 10:41:00,228,228,228,228,0
2022-06-21 10:42:00,228,228,228,228,0
2022-06-21 10:43:00,228,228,228,228,0
2022-06-21 10:44:00,228,228,228,228,0
2022-06-21 10:45:00,228,228,228,228,0
2022-06-21 10:46:00,228,228,228,228,0
2022-06-21 10:47:00,228,228,228,228,0
2022-06-21 10:48:00,228,228,228,228,0
2022-06-21 10:49:00,228,228,228,228,0
2022-06-21 10:50:00,228,228,228,228,0
2022-06-21 10:51:00,228,228,228,228,0
2022-06-21 10:52:00,228,228,228,228,0
2022-06-21 10:53:00,228,228,228,228,0
2022-06-21 10:54:00,228,228,228,228,0
2022-06-21 10:55:00,228,228,228,228,0
2022-06-21 10:56:00,228,228,228,228,0
2022-06-21 10:57:00,228,228,228,228,0
2022-06-21 10:58:00,228,228,228,228,0
2022-06-21 10:59:00,228,228,228,228,0
2022-06-21 11:00:00,228,228,228,228,0
2022-06-21 11:01:00,228,228,228,228,0
2022-06-21 11:02:00,228,228,228,228,0
2022-06-21 11:03:00,224,224,224,224,100
2022-06-21 11:04:00,224,224,224,224,0
2022-06-21 11:05:00,224,224,224,224,0
2022-06-21 11:06:00,224,224,224,224,0
2022-06-21 11:07:00,224,224,224,224,0
2022-06-21 11:08:00,224,224,224,224,0
2022-06-21 11:09:00,224,224,224,224,0
2022-06-21 11:10:00,224,224,224,224,0
2022-06-21 11:11:00,224,224,224,224,0
2022-06-21 11:12:00,224,224,224,224,0
2022-06-21 11:13:00,224,224,224,224,0
2022-06-21 11:14:00,224,224,224,224,0
2022-06-21 11:15:00,224,224,224,224,0
2022-06-21 11:16:00,224,224,224,224,0
2022-06-21 11:17:00,224,224,224,224,0
2022-06-21 11:18:00,224,224,224,224,0
2022-06-21 11:19:00,224,224,224,224,0
2022-06-21 11:20:00,224,224,224,224,0
2022-06-21 11:21:00,224,224,224,224,0
2022-06-21 11:22:00,224,224,224,224,0
2022-06-21 11:23:00,224,224,224,224,0
2022-06-21 11:24:00,224,224,224,224,0
2022-06-21 11:25:00,224,224,224,224,0
2022-06-21 11:26:00,224,224,224,224,0
2022-06-21 11:27:00,224,224,224,224,0
2022-06-21 11:28:00,224,224,224,224,0
2022-06-21 11:29:00,224,224,224,224,0
2022-06-21 11:30:00,224,224,224,224,0
2022-06-21 11:31:00,224,224,224,224,0
2022-06-21 11:32:00,224,224,224,224,0
2022-06-21 11:33:00,224,224,224,224,0
2022-06-21 11:34:00,224,224,224,224,0
2022-06-21 11:35:00,224,224,224,224,0
2022-06-21 11:36:00,224,224,224,224,0
2022-06-21 11:37:00,224,224,224,224,0
2022-06-21 11:38:00,224,224,224,224,0
2022-06-21 11:39:00,224,224,224,224,0
2022-06-21 11:40:00,224,224,224,224,0
2022-06-21 11:41:00,224,224,224,224,0
2022-06-21 11:42:00,224,224,224,224,0
2022-06-21 11:43:00,224,224,224,224,0
2022-06-21 11:44:00,224,224,224,224,0
2022-06-21 11:45:00,224,224,224,224,0
2022-06-21 11:46:00,224,224,224,224,0
2022-06-21 11:47:00,224,224,224,224,0
2022-06-21 11:48:00,224,224,224,224,0
2022-06-21 11:49:00,224,224,224,224,0
2022-06-21 11:50:00,224,224,224,224,0
2022-06-21 11:51:00,224,224,224,224,0
2022-06-21 11:52:00,224,224,224,224,0
2022-06-21 11:53:00,224,224,224,224,0
2022-06-21 11:54:00,224,224,224,224,0
2022-06-21 11:55:00,224,224,224,224,0
2022-06-21 11:56:00,224,224,224,224,0
2022-06-21 11:57:00,224,224,224,224,0
2022-06-21 11:58:00,224,224,224,224,0
2022-06-21 11:59:00,224,224,224,224,0
2022-06-21 12:00:00,224,224,224,224,0
2022-06-21 12:01:00,224,224,224,224,0
2022-06-21 12:02:00,224,224,224,224,0
2022-06-21 12:03:00,224,224,224,224,0
2022-06-21 12:04:00,224,224,224,224,0
2022-06-21 12:05:00,224,224,224,224,0
2022-06-21 12:06:00,224,224,224,224,0
2022-06-21 12:07:00,224,224,224,224,0
2022-06-21 12:08:00,224,224,224,224,0
2022-06-21 12:09:00,224,224,224,224,0
2022-06-21 12:10:00,224,224,224,224,0
2022-06-21 12:11:00,224,224,224,224,0
2022-06-21 12:12:00,224,224,224,224,0
2022-06-21 12:13:00,224,224,224,224,0
2022-06-21 12:14:00,224,224,224,224,0
2022-06-21 12:15:00,224,224,224,224,0
2022-06-21 12:16:00,224,224,224,224,0
2022-06-21 12:17:00,224,224,224,224,0
2022-06-21 12:18:00,224,224,224,224,0
2022-06-21 12:19:00,224,224,224,224,0
2022-06-21 12:20:00,224,224,224,224,0
2022-06-21 12:21:00,224,224,224,224,0
2022-06-21 12:22:00,224,224,224,224,0
2022-06-21 12:23:00,224,224,224,224,0
2022-06-21 12:24:00,224,224,224,224,0
2022-06-21 12:25:00,224,224,224,224,0
2022-06-21 12:26:00,224,224,224,224,0
2022-06-21 12:27:00,224,224,224,224,0
2022-06-21 12:28:00,224,224,224,224,0
2022-06-21 12:29:00,224,224,224,224,0
2022-06-21 12:30:00,224,224,224,224,0
2022-06-21 12:31:00,224,224,224,224,0
2022-06-21 12:32:00,224,224,224,224,0
2022-06-21 12:33:00,224,224,224,224,0
2022-06-21 12:34:00,224,224,224,224,0
2022-06-21 12:35:00,224,224,224,224,0
2022-06-21 12:36:00,224,224,224,224,0
2022-06-21 12:37:00,224,224,224,224,0
2022-06-21 12:38:00,224,224,224,224,0
2022-06-21 12:39:00,224,224,224,224,0
2022-06-21 12:40:00,224,224,224,224,0
2022-06-21 12:41:00,224,224,224,224,0
2022-06-21 12:42:00,224,224,224,224,0
2022-06-21 12:43:00,224,224,224,224,0
2022-06-21 12:44:00,224,224,224,224,0
2022-06-21 12:45:00,224,224,224,224,0
2022-06-21 12:46:00,224,224,224,224,0
2022-06-21 12:47:00,224,224,224,224,0
2022-06-21 12:48:00,224,224,224,224,0
2022-06-21 12:49:00,224,224,224,224,0
2022-06-21 12:50:00,224,224,224,224,0
2022-06-21 12:51:00,224,224,224,224,0
2022-06-21 12:52:00,224,224,224,224,0
2022-06-21 12:53:00,224,224,224,224,0
2022-06-21 12:54:00,224,224,224,224,0
2022-06-21 12:55:00,224,224,224,224,0
2022-06-21 12:56:00,224,224,224,224,0
2022-06-21 12:57:00,224,224,224,224,0
2022-06-21 12:58:00,224,224,224,224,0
2022-06-21 12:59:00,224,224,224,224,0
2022-06-21 13:00:00,224,224,224,224,0
2022-06-21 13:01:00,224,224,224,224,0
2022-06-21 13:02:00,224,224,224,224,0
2022-06-21 13:03:00,224,224,224,224,0
2022-06-21 13:04:00,224,224,224,224,0
2022-06-21 13:05:00,224,224,224,224,0
2022-06-21 13:06:00,224,224,224,224,0
2022-06-21 13:07:00,224,224,224,224,0
2022-06-21 13:08:00,224,224,224,224,0
2022-06-21 13:09:00,224,224,224,224,0
2022-06-21 13:10:00,224,224,224,224,0
2022-06-21 13:11:00,224,224,224,224,0
2022-06-21 13:12:00,224,224,224,224,0
2022-06-21 13:13:00,224,224,224,224,0
2022-06-21 13:14:00,224,224,224,224,0
2022-06-21 13:15:00,224,224,224,224,0
2022-06-21 13:16:00,224,224,224,224,0
2022-06-21 13:17:00,224,224,224,224,0
2022-06-21 13:18:00,224,224,224,224,0
2022-06-21 13:19:00,224,224,224,224,0
2022-06-21 13:20:00,224,224,224,224,0
2022-06-21 13:21:00,224,224,224,224,0
2022-06-21 13:22:00,224,224,224,224,0
2022-06-21 13:23:00,224,224,224,224,0
2022-06-21 13:24:00,224,224,224,224,0
2022-06-21 13:25:00,224,224,224,224,0
2022-06-21 13:26:00,224,224,224,224,0
2022-06-21 13:27:00,224,224,224,224,0
2022-06-21 13:28:00,224,224,224,224,0
2022-06-21 13:29:00,224,224,224,224,0
2022-06-21 13:30:00,226,226,226,226,1100
2022-06-21 13:31:00,226,226,226,226,0
2022-06-21 13:32:00,226,226,226,226,0
2022-06-21 13:33:00,226,226,226,226,0
2022-06-21 13:34:00,226,226,226,226,0
2022-06-21 13:35:00,226,226,226,226,0
2022-06-21 13:36:00,226,226,226,226,0
2022-06-21 13:37:00,226,226,226,226,0
2022-06-21 13:38:00,226,226,226,226,0
2022-06-21 13:39:00,226,226,226,226,0
2022-06-21 13:40:00,226,226,226,226,0
2022-06-21 13:41:00,226,226,226,226,0
2022-06-21 13:42:00,226,226,226,226,0
2022-06-21 13:43:00,226,226,226,226,0
2022-06-21 13:44:00,226,226,226,226,0
2022-06-21 13:45:00,226,226,226,226,0
2022-06-21 13:46:00,226,226,226,226,0
2022-06-21 13:47:00,226,226,226,226,0
2022-06-21 13:48:00,226,226,226,226,0
2022-06-21 13:49:00,226,226,226,226,0
2022-06-21 13:50:00,226,226,226,226,0
2022-06-21 13:51:00,226,226,226,226,0
2022-06-21 13:52:00,226,226,226,226,0
2022-06-21 13:53:00,226,226,226,226,0
2022-06-21 13:54:00,226,226,226,226,0
2022-06-21 13:55:00,226,226,226,226,0
2022-06-21 13:56:00,226,226,226,226,0
2022-06-21 13:57:00,226,226,226,226,0
2022-06-21 13:58:00,226,226,226,226,0
2022-06-21 13:59:00,226,226,226,226,0
2022-06-21 14:00:00,226,226,226,226,0
2022-06-21 14:01:00,226,226,226,226,0
2022-06-21 14:02:00,226,226,226,226,0
2022-06-21 14:03:00,224,224,224,224,1000
2022-06-21 14:04:00,224,224,224,224,100
2022-06-21 14:05:00,224,224,224,224,0
2022-06-21 14:06:00,224,224,224,224,0
2022-06-21 14:07:00,224,224,224,224,0
2022-06-21 14:08:00,224,224,224,224,0
2022-06-21 14:09:00,224,224,224,224,0
2022-06-21 14:10:00,224,224,224,224,100
2022-06-21 14:11:00,224,224,224,224,0
2022-06-21 14:12:00,224,224,224,224,0
2022-06-21 14:13:00,224,224,224,224,0
2022-06-21 14:14:00,224,224,224,224,0
2022-06-21 14:15:00,224,224,224,224,0
2022-06-21 14:16:00,224,224,224,224,0
2022-06-21 14:17:00,224,224,224,224,0
2022-06-21 14:18:00,224,224,224,224,0
2022-06-21 14:19:00,224,224,224,224,0
2022-06-21 14:20:00,224,224,224,224,0
2022-06-21 14:21:00,224,224,224,224,0
2022-06-21 14:22:00,224,224,224,224,100
2022-06-21 14:23:00,224,224,224,224,0
2022-06-21 14:24:00,224,224,224,224,0
2022-06-21 14:25:00,224,224,224,224,0
2022-06-21 14:26:00,224,224,224,224,0
2022-06-21 14:27:00,224,224,224,224,0
2022-06-21 14:28:00,224,224,224,224,0
2022-06-21 14:29:00,224,224,224,224,0
2022-06-21 14:30:00,224,224,224,224,0
2022-06-21 14:31:00,224,224,224,224,0
2022-06-21 14:32:00,224,224,224,224,0
2022-06-21 14:33:00,224,224,224,224,0
2022-06-21 14:34:00,224,224,224,224,0
2022-06-21 14:35:00,224,224,224,224,0
2022-06-21 14:36:00,224,224,224,224,0
2022-06-21 14:37:00,224,224,224,224,0
2022-06-21 14:38:00,224,224,224,224,0
2022-06-21 14:39:00,224,224,224,224,0
2022-06-21 14:40:00,224,224,224,224,0
2022-06-21 14:41:00,224,224,224,224,0
2022-06-21 14:42:00,224,224,224,224,0
2022-06-21 14:43:00,224,224,224,224,0
2022-06-21 14:44:00,224,224,224,224,0
2022-06-21 14:45:00,224,224,224,224,0
2022-06-21 14:46:00,224,224,224,224,0
2022-06-21 14:47:00,224,224,224,224,0
2022-06-21 14:48:00,224,224,224,224,0
2022-06-21 14:49:00,224,224,224,224,0
2022-06-21 14:50:00,224,224,224,224,0
2022-06-21 14:51:00,224,224,224,224,0
2022-06-21 14:52:00,224,224,224,224,0
2022-06-21 14:53:00,224,224,224,224,0
2022-06-21 14:54:00,224,224,224,224,0
2022-06-21 14:55:00,224,224,224,224,0
2022-06-21 14:56:00,224,224,224,224,0
2022-06-21 14:57:00,224,224,224,224,0
2022-06-21 14:58:00,224,224,224,224,0
2022-06-21 14:59:00,224,224,224,224,0
2022-06-21 15:00:00,224,224,224,224,0
2022-06-21 15:01:00,224,224,224,224,0
2022-06-21 15:02:00,224,224,224,224,0
2022-06-21 15:03:00,224,224,224,224,0
2022-06-21 15:04:00,224,224,224,224,0
2022-06-21 15:05:00,224,224,224,224,0
2022-06-21 15:06:00,224,224,224,224,0
2022-06-21 15:07:00,224,224,224,224,0
2022-06-21 15:08:00,224,224,224,224,0
2022-06-21 15:09:00,224,224,224,224,0
2022-06-21 15:10:00,224,224,224,224,400
2022-06-21 15:11:00,224,224,224,224,0
2022-06-21 15:12:00,224,224,224,224,0
2022-06-21 15:13:00,224,224,224,224,0
2022-06-21 15:14:00,224,224,224,224,0
2022-06-21 15:15:00,224,224,224,224,0
2022-06-21 15:16:00,224,224,224,224,0
2022-06-21 15:17:00,224,224,224,224,0
2022-06-21 15:18:00,224,224,224,224,0
2022-06-21 15:19:00,224,224,224,224,0
2022-06-21 15:20:00,224,224,224,224,0
2022-06-21 15:21:00,224,224,224,224,0
2022-06-21 15:22:00,224,224,224,224,0
2022-06-21 15:23:00,224,224,224,224,0
2022-06-21 15:24:00,224,224,224,224,0
2022-06-21 15:25:00,224,224,224,224,0
2022-06-21 15:26:00,224,224,224,224,0
2022-06-21 15:27:00,224,224,224,224,0
2022-06-21 15:28:00,224,224,224,224,0
2022-06-21 15:29:00,224,224,224,224,0
2022-06-21 15:30:00,224,224,224,224,0
2022-06-21 15:31:00,224,224,224,224,0
2022-06-21 15:32:00,224,224,224,224,0
2022-06-21 15:33:00,224,224,224,224,0
2022-06-21 15:34:00,224,224,224,224,0
2022-06-21 15:35:00,224,224,224,224,0
2022-06-21 15:36:00,224,224,224,224,0
2022-06-21 15:37:00,224,224,224,224,0
2022-06-21 15:38:00,224,224,224,224,0
2022-06-21 15:39:00,224,224,224,224,0
2022-06-21 15:40:00,224,224,224,224,0
2022-06-21 15:41:00,224,224,224,224,0
2022-06-21 15:42:00,224,224,224,224,0
2022-06-21 15:43:00,224,224,224,224,0
2022-06-21 15:44:00,224,224,224,224,0
2022-06-21 15:45:00,224,224,224,224,0
2022-06-21 15:46:00,224,224,224,224,0
2022-06-21 15:47:00,224,224,224,224,0
2022-06-21 15:48:00,224,224,224,224,0
2022-06-21 15:49:00,224,224,224,224,0
2022-06-21 15:50:00,224,224,224,224,0
2022-06-21 15:51:00,224,224,224,224,0
2022-06-21 15:52:00,224,224,224,224,0
2022-06-21 15:53:00,224,224,224,224,0
2022-06-21 15:54:00,224,224,224,224,0
2022-06-21 15:55:00,224,224,224,224,0
2022-06-21 15:56:00,224,224,224,224,0
2022-06-21 15:57:00,224,224,224,224,0
2022-06-21 15:58:00,224,224,224,224,0
2022-06-21 15:59:00,224,224,224,224,0
2022-06-22 09:00:00,224,224,224,224,0
2022-06-22 09:01:00,224,224,224,224,0
2022-06-22 09:02:00,224,224,224,224,0
2022-06-22 09:03:00,224,224,224,224,0
2022-06-22 09:04:00,224,224,224,224,0
2022-06-22 09:05:00,224,224,224,224,0
2022-06-22 09:06:00,224,224,224,224,0
2022-06-22 09:07:00,224,224,224,224,0
2022-06-22 09:08:00,224,224,224,224,0
2022-06-22 09:09:00,224,224,224,224,0
2022-06-22 09:10:00,224,224,224,224,0
2022-06-22 09:11:00,224,224,224,224,0
2022-06-22 09:12:00,224,224,224,224,0
2022-06-22 09:13:00,224,224,224,224,0
2022-06-22 09:14:00,224,224,224,224,0
2022-06-22 09:15:00,224,224,224,224,0
2022-06-22 09:16:00,224,224,224,224,0
2022-06-22 09:17:00,224,224,224,224,0
2022-06-22 09:18:00,224,224,224,224,0
2022-06-22 09:19:00,224,224,224,224,0
2022-06-22 09:20:00,224,224,224,224,0
2022-06-22 09:21:00,224,224,224,224,0
2022-06-22 09:22:00,224,224,224,224,0
2022-06-22 09:23:00,226,226,226,226,0
2022-06-22 09:24:00,224,214,224,214,200
2022-06-22 09:25:00,224,214,224,214,0
2022-06-22 09:26:00,224,214,224,214,0
2022-06-22 09:27:00,224,214,224,214,0
2022-06-22 09:28:00,224,214,224,214,0
2022-06-22 09:29:00,224,214,224,214,0
2022-06-22 09:30:00,224,214,224,214,0
2022-06-22 09:31:00,224,214,224,214,0
2022-06-22 09:32:00,224,214,224,214,0
2022-06-22 09:33:00,224,214,224,214,0
2022-06-22 09:34:00,224,214,224,214,0
2022-06-22 09:35:00,224,214,224,214,0
2022-06-22 09:36:00,224,214,224,214,0
2022-06-22 09:37:00,224,224,224,224,100
2022-06-22 09:38:00,226,226,226,226,100
2022-06-22 09:39:00,226,226,226,226,0
2022-06-22 09:40:00,226,226,226,226,0
2022-06-22 09:41:00,226,226,226,226,0
2022-06-22 09:42:00,226,226,226,226,0
2022-06-22 09:43:00,226,226,226,226,0
2022-06-22 09:44:00,226,226,226,226,0
2022-06-22 09:45:00,226,226,226,226,0
2022-06-22 09:46:00,226,226,226,226,0
2022-06-22 09:47:00,226,226,226,226,0
2022-06-22 09:48:00,226,226,226,226,0
2022-06-22 09:49:00,214,214,214,214,100
2022-06-22 09:50:00,214,214,214,214,0
2022-06-22 09:51:00,214,214,214,214,0
2022-06-22 09:52:00,214,214,214,214,0
2022-06-22 09:53:00,214,214,214,214,0
2022-06-22 09:54:00,216,216,216,216,200
2022-06-22 09:55:00,216,216,216,216,0
2022-06-22 09:56:00,216,216,216,216,0
2022-06-22 09:57:00,216,216,216,216,0
2022-06-22 09:58:00,216,216,216,216,1100
2022-06-22 09:59:00,216,216,216,216,0
2022-06-22 10:00:00,216,216,216,216,0
2022-06-22 10:01:00,216,216,216,216,0
2022-06-22 10:02:00,216,216,216,216,0
2022-06-22 10:03:00,216,216,216,216,0
2022-06-22 10:04:00,216,216,216,216,0
2022-06-22 10:05:00,216,216,216,216,0
2022-06-22 10:06:00,216,216,216,216,0
2022-06-22 10:07:00,216,216,216,216,0
2022-06-22 10:08:00,216,216,216,216,0
2022-06-22 10:09:00,216,216,216,216,0
2022-06-22 10:10:00,216,216,216,216,0
2022-06-22 10:11:00,216,216,216,216,0
2022-06-22 10:12:00,216,216,216,216,0
2022-06-22 10:13:00,216,216,216,216,0
2022-06-22 10:14:00,216,216,216,216,0
2022-06-22 10:15:00,216,216,216,216,0
2022-06-22 10:16:00,216,216,216,216,0
2022-06-22 10:17:00,216,216,216,216,0
2022-06-22 10:18:00,216,216,216,216,0
2022-06-22 10:19:00,216,216,216,216,0
2022-06-22 10:20:00,216,216,216,216,0
2022-06-22 10:21:00,216,216,216,216,0
2022-06-22 10:22:00,216,216,216,216,0
2022-06-22 10:23:00,216,216,216,216,0
2022-06-22 10:24:00,216,216,216,216,0
2022-06-22 10:25:00,216,216,216,216,0
2022-06-22 10:26:00,216,216,216,216,0
2022-06-22 10:27:00,216,216,216,216,0
2022-06-22 10:28:00,216,216,216,216,0
2022-06-22 10:29:00,216,216,216,216,0
2022-06-22 10:30:00,216,216,216,216,0
2022-06-22 10:31:00,216,216,216,216,0
2022-06-22 10:32:00,216,216,216,216,0
2022-06-22 10:33:00,216,216,216,216,0
2022-06-22 10:34:00,216,216,216,216,0
2022-06-22 10:35:00,216,216,216,216,0
2022-06-22 10:36:00,216,216,216,216,0
2022-06-22 10:37:00,216,216,216,216,0
2022-06-22 10:38:00,216,216,216,216,0
2022-06-22 10:39:00,216,216,216,216,0
2022-06-22 10:40:00,216,216,216,216,0
2022-06-22 10:41:00,216,216,216,216,0
2022-06-22 10:42:00,216,216,216,216,0
2022-06-22 10:43:00,216,216,216,216,0
2022-06-22 10:44:00,216,216,216,216,0
2022-06-22 10:45:00,216,216,216,216,0
2022-06-22 10:46:00,216,216,216,216,0
2022-06-22 10:47:00,216,216,216,216,0
2022-06-22 10:48:00,216,216,216,216,0
2022-06-22 10:49:00,216,216,216,216,0
2022-06-22 10:50:00,216,216,216,216,0
2022-06-22 10:51:00,216,216,216,216,0
2022-06-22 10:52:00,216,216,216,216,0
2022-06-22 10:53:00,216,216,216,216,0
2022-06-22 10:54:00,216,216,216,216,0
2022-06-22 10:55:00,216,216,216,216,0
2022-06-22 10:56:00,216,216,216,216,0
2022-06-22 10:57:00,216,216,216,216,0
2022-06-22 10:58:00,216,216,216,216,0
2022-06-22 10:59:00,216,216,216,216,0
2022-06-22 11:00:00,216,216,216,216,0
2022-06-22 11:01:00,216,216,216,216,0
2022-06-22 11:02:00,216,216,216,216,0
2022-06-22 11:03:00,216,216,216,216,0
2022-06-22 11:04:00,216,216,216,216,0
2022-06-22 11:05:00,216,216,216,216,0
2022-06-22 11:06:00,216,216,216,216,0
2022-06-22 11:07:00,216,216,216,216,0
2022-06-22 11:08:00,216,216,216,216,0
2022-06-22 11:09:00,216,216,216,216,0
2022-06-22 11:10:00,222,222,222,222,200
2022-06-22 11:11:00,222,222,222,222,0
2022-06-22 11:12:00,222,222,222,222,0
2022-06-22 11:13:00,222,222,222,222,0
2022-06-22 11:14:00,222,222,222,222,0
2022-06-22 11:15:00,222,222,222,222,0
2022-06-22 11:16:00,222,222,222,222,0
2022-06-22 11:17:00,222,222,222,222,0
2022-06-22 11:18:00,222,222,222,222,0
2022-06-22 11:19:00,222,222,222,222,0
2022-06-22 11:20:00,222,222,222,222,0
2022-06-22 11:21:00,222,222,222,222,0
2022-06-22 11:22:00,222,222,222,222,0
2022-06-22 11:23:00,222,222,222,222,0
2022-06-22 11:24:00,222,222,222,222,0
2022-06-22 11:25:00,222,222,222,222,0
2022-06-22 11:26:00,222,222,222,222,0
2022-06-22 11:27:00,222,222,222,222,0
2022-06-22 11:28:00,222,222,222,222,0
2022-06-22 11:29:00,222,222,222,222,0
2022-06-22 11:30:00,222,222,222,222,0
2022-06-22 11:31:00,222,222,222,222,0
2022-06-22 11:32:00,222,222,222,222,0
2022-06-22 11:33:00,222,222,222,222,0
2022-06-22 11:34:00,222,222,222,222,0
2022-06-22 11:35:00,222,222,222,222,0
2022-06-22 11:36:00,222,222,222,222,0
2022-06-22 11:37:00,222,222,222,222,0
2022-06-22 11:38:00,222,222,222,222,0
2022-06-22 11:39:00,222,222,222,222,0
2022-06-22 11:40:00,222,222,222,222,0
2022-06-22 11:41:00,222,222,222,222,0
2022-06-22 11:42:00,222,222,222,222,0
2022-06-22 11:43:00,222,222,222,222,0
2022-06-22 11:44:00,222,222,222,222,0
2022-06-22 11:45:00,222,222,222,222,0
2022-06-22 11:46:00,222,222,222,222,0
2022-06-22 11:47:00,222,222,222,222,0
2022-06-22 11:48:00,222,222,222,222,0
2022-06-22 11:49:00,222,222,222,222,0
2022-06-22 11:50:00,222,222,222,222,0
2022-06-22 11:51:00,222,222,222,222,0
2022-06-22 11:52:00,222,222,222,222,0
2022-06-22 11:53:00,222,222,222,222,0
2022-06-22 11:54:00,222,222,222,222,0
2022-06-22 11:55:00,222,222,222,222,0
2022-06-22 11:56:00,222,222,222,222,0
2022-06-22 11:57:00,222,222,222,222,0
2022-06-22 11:58:00,222,222,222,222,0
2022-06-22 11:59:00,222,222,222,222,0
2022-06-22 12:00:00,222,222,222,222,0
2022-06-22 12:01:00,222,222,222,222,0
2022-06-22 12:02:00,222,222,222,222,0
2022-06-22 12:03:00,222,222,222,222,0
2022-06-22 12:04:00,222,222,222,222,0
2022-06-22 12:05:00,222,222,222,222,0
2022-06-22 12:06:00,222,222,222,222,0
2022-06-22 12:07:00,222,222,222,222,0
2022-06-22 12:08:00,222,222,222,222,0
2022-06-22 12:09:00,222,222,222,222,0
2022-06-22 12:10:00,222,222,222,222,0
2022-06-22 12:11:00,222,222,222,222,0
2022-06-22 12:12:00,222,222,222,222,0
2022-06-22 12:13:00,222,222,222,222,0
2022-06-22 12:14:00,222,222,222,222,0
2022-06-22 12:15:00,222,222,222,222,0
2022-06-22 12:16:00,222,222,222,222,0
2022-06-22 12:17:00,222,222,222,222,0
2022-06-22 12:18:00,222,222,222,222,0
2022-06-22 12:19:00,222,222,222,222,0
2022-06-22 12:20:00,222,222,222,222,0
2022-06-22 12:21:00,222,222,222,222,0
2022-06-22 12:22:00,222,222,222,222,0
2022-06-22 12:23:00,222,222,222,222,0
2022-06-22 12:24:00,222,222,222,222,0
2022-06-22 12:25:00,222,222,222,222,0
2022-06-22 12:26:00,222,222,222,222,0
2022-06-22 12:27:00,222,222,222,222,0
2022-06-22 12:28:00,222,222,222,222,0
2022-06-22 12:29:00,222,222,222,222,0
2022-06-22 12:30:00,222,222,222,222,0
2022-06-22 12:31:00,222,222,222,222,0
2022-06-22 12:32:00,222,222,222,222,0
2022-06-22 12:33:00,222,222,222,222,0
2022-06-22 12:34:00,222,222,222,222,0
2022-06-22 12:35:00,222,222,222,222,0
2022-06-22 12:36:00,222,222,222,222,0
2022-06-22 12:37:00,222,222,222,222,0
2022-06-22 12:38:00,222,222,222,222,0
2022-06-22 12:39:00,222,222,222,222,0
2022-06-22 12:40:00,222,222,222,222,0
2022-06-22 12:41:00,222,222,222,222,0
2022-06-22 12:42:00,222,222,222,222,0
2022-06-22 12:43:00,222,222,222,222,0
2022-06-22 12:44:00,222,222,222,222,0
2022-06-22 12:45:00,222,222,222,222,0
2022-06-22 12:46:00,222,222,222,222,0
2022-06-22 12:47:00,222,222,222,222,0
2022-06-22 12:48:00,222,222,222,222,0
2022-06-22 12:49:00,222,222,222,222,0
2022-06-22 12:50:00,222,222,222,222,0
2022-06-22 12:51:00,222,222,222,222,0
2022-06-22 12:52:00,222,222,222,222,0
2022-06-22 12:53:00,222,222,222,222,0
2022-06-22 12:54:00,222,222,222,222,0
2022-06-22 12:55:00,222,222,222,222,0
2022-06-22 12:56:00,222,222,222,222,0
2022-06-22 12:57:00,222,222,222,222,0
2022-06-22 12:58:00,222,222,222,222,0
2022-06-22 12:59:00,222,222,222,222,0
2022-06-22 13:00:00,222,222,222,222,0
2022-06-22 13:01:00,222,222,222,222,0
2022-06-22 13:02:00,222,222,222,222,0
2022-06-22 13:03:00,222,222,222,222,0
2022-06-22 13:04:00,222,222,222,222,0
2022-06-22 13:05:00,222,222,222,222,0
2022-06-22 13:06:00,222,222,222,222,0
2022-06-22 13:07:00,222,222,222,222,0
2022-06-22 13:08:00,222,222,222,222,0
2022-06-22 13:09:00,222,222,222,222,0
2022-06-22 13:10:00,222,222,222,222,0
2022-06-22 13:11:00,222,222,222,222,0
2022-06-22 13:12:00,222,222,222,222,0
2022-06-22 13:13:00,222,222,222,222,0
2022-06-22 13:14:00,222,222,222,222,0
2022-06-22 13:15:00,222,222,222,222,0
2022-06-22 13:16:00,222,222,222,222,0
2022-06-22 13:17:00,222,222,222,222,0
2022-06-22 13:18:00,222,222,222,222,0
2022-06-22 13:19:00,222,222,222,222,0
2022-06-22 13:20:00,222,222,222,222,0
2022-06-22 13:21:00,222,222,222,222,0
2022-06-22 13:22:00,222,222,222,222,0
2022-06-22 13:23:00,222,222,222,222,0
2022-06-22 13:24:00,222,222,222,222,0
2022-06-22 13:25:00,222,222,222,222,0
2022-06-22 13:26:00,222,222,222,222,0
2022-06-22 13:27:00,222,222,222,222,0
2022-06-22 13:28:00,222,222,222,222,0
2022-06-22 13:29:00,222,222,222,222,0
2022-06-22 13:30:00,222,222,222,222,0
2022-06-22 13:31:00,222,222,222,222,0
2022-06-22 13:32:00,222,222,222,222,0
2022-06-22 13:33:00,222,222,222,222,0
2022-06-22 13:34:00,222,222,222,222,0
2022-06-22 13:35:00,222,222,222,222,0
2022-06-22 13:36:00,222,222,222,222,0
2022-06-22 13:37:00,222,222,222,222,0
2022-06-22 13:38:00,222,222,222,222,0
2022-06-22 13:39:00,222,222,222,222,0
2022-06-22 13:40:00,222,222,222,222,0
2022-06-22 13:41:00,222,222,222,222,0
2022-06-22 13:42:00,222,222,222,222,0
2022-06-22 13:43:00,222,222,222,222,0
2022-06-22 13:44:00,222,222,222,222,0
2022-06-22 13:45:00,222,222,222,222,0
2022-06-22 13:46:00,222,222,222,222,0
2022-06-22 13:47:00,222,222,222,222,0
2022-06-22 13:48:00,222,222,222,222,0
2022-06-22 13:49:00,222,222,222,222,0
2022-06-22 13:50:00,222,222,222,222,0
2022-06-22 13:51:00,222,222,222,222,0
2022-06-22 13:52:00,222,222,222,222,0
2022-06-22 13:53:00,222,222,222,222,0
2022-06-22 13:54:00,222,222,222,222,0
2022-06-22 13:55:00,222,222,222,222,0
2022-06-22 13:56:00,222,222,222,222,0
2022-06-22 13:57:00,222,222,222,222,0
2022-06-22 13:58:00,222,222,222,222,0
2022-06-22 13:59:00,222,222,222,222,0
2022-06-22 14:00:00,222,222,222,222,0
2022-06-22 14:01:00,222,222,222,222,0
2022-06-22 14:02:00,222,222,222,222,0
2022-06-22 14:03:00,222,222,222,222,0
2022-06-22 14:04:00,222,222,222,222,0
2022-06-22 14:05:00,222,222,222,222,0
2022-06-22 14:06:00,222,222,222,222,0
2022-06-22 14:07:00,222,222,222,222,0
2022-06-22 14:08:00,222,222,222,222,0
2022-06-22 14:09:00,222,222,222,222,0
2022-06-22 14:10:00,222,222,222,222,0
2022-06-22 14:11:00,222,222,222,222,0
2022-06-22 14:12:00,222,222,222,222,0
2022-06-22 14:13:00,222,222,222,222,0
2022-06-22 14:14:00,222,222,222,222,0
2022-06-22 14:15:00,222,222,222,222,0
2022-06-22 14:16:00,222,222,222,222,0
2022-06-22 14:17:00,222,222,222,222,0
2022-06-22 14:18:00,222,222,222,222,0
2022-06-22 14:19:00,222,222,222,222,0
2022-06-22 14:20:00,222,222,222,222,0
2022-06-22 14:21:00,222,222,222,222,0
2022-06-22 14:22:00,222,222,222,222,0
2022-06-22 14:23:00,222,222,222,222,0
2022-06-22 14:24:00,222,222,222,222,0
2022-06-22 14:25:00,222,222,222,222,0
2022-06-22 14:26:00,222,222,222,222,0
2022-06-22 14:27:00,222,222,222,222,0
2022-06-22 14:28:00,222,222,222,222,0
2022-06-22 14:29:00,222,222,222,222,0
2022-06-22 14:30:00,222,222,222,222,0
2022-06-22 14:31:00,222,222,222,222,0
2022-06-22 14:32:00,222,222,222,222,0
2022-06-22 14:33:00,222,222,222,222,0
2022-06-22 14:34:00,222,222,222,222,0
2022-06-22 14:35:00,222,222,222,222,0
2022-06-22 14:36:00,222,222,222,222,0
2022-06-22 14:37:00,222,222,222,222,0
2022-06-22 14:38:00,222,222,222,222,0
2022-06-22 14:39:00,222,222,222,222,0
2022-06-22 14:40:00,218,218,218,218,100
2022-06-22 14:41:00,218,218,218,218,0
2022-06-22 14:42:00,218,218,218,218,0
2022-06-22 14:43:00,218,218,218,218,0
2022-06-22 14:44:00,218,218,218,218,0
2022-06-22 14:45:00,216,216,216,216,200
2022-06-22 14:46:00,216,216,216,216,0
2022-06-22 14:47:00,216,216,216,216,0
2022-06-22 14:48:00,216,216,216,216,0
2022-06-22 14:49:00,216,216,216,216,0
2022-06-22 14:50:00,216,216,216,216,0
2022-06-22 14:51:00,216,216,216,216,0
2022-06-22 14:52:00,216,216,216,216,0
2022-06-22 14:53:00,216,216,216,216,0
2022-06-22 14:54:00,216,216,216,216,0
2022-06-22 14:55:00,216,216,216,216,0
2022-06-22 14:56:00,216,216,216,216,0
2022-06-22 14:57:00,216,216,216,216,0
2022-06-22 14:58:00,216,216,216,216,0
2022-06-22 14:59:00,216,216,216,216,0
2022-06-22 15:00:00,216,216,216,216,0
2022-06-22 15:01:00,216,216,216,216,0
2022-06-22 15:02:00,216,216,216,216,0
2022-06-22 15:03:00,216,216,216,216,0
2022-06-22 15:04:00,216,216,216,216,0
2022-06-22 15:05:00,216,216,216,216,500
2022-06-22 15:06:00,216,216,216,216,0
2022-06-22 15:07:00,216,216,216,216,0
2022-06-22 15:08:00,216,216,216,216,0
2022-06-22 15:09:00,216,216,216,216,0
2022-06-22 15:10:00,216,216,216,216,0
2022-06-22 15:11:00,216,216,216,216,0
2022-06-22 15:12:00,216,216,216,216,0
2022-06-22 15:13:00,216,216,216,216,0
2022-06-22 15:14:00,216,216,216,216,0
2022-06-22 15:15:00,216,216,216,216,0
2022-06-22 15:16:00,216,216,216,216,0
2022-06-22 15:17:00,216,216,216,216,0
2022-06-22 15:18:00,216,216,216,216,0
2022-06-22 15:19:00,216,216,216,216,0
2022-06-22 15:20:00,216,216,216,216,0
2022-06-22 15:21:00,216,216,216,216,0
2022-06-22 15:22:00,216,216,216,216,0
2022-06-22 15:23:00,216,216,216,216,0
2022-06-22 15:24:00,216,216,216,216,0
2022-06-22 15:25:00,216,216,216,216,0
2022-06-22 15:26:00,216,216,216,216,0
2022-06-22 15:27:00,216,216,216,216,0
2022-06-22 15:28:00,216,216,216,216,0
2022-06-22 15:29:00,216,216,216,216,0
2022-06-22 15:30:00,216,216,216,216,0
2022-06-22 15:31:00,216,216,216,216,0
2022-06-22 15:32:00,216,216,216,216,0
2022-06-22 15:33:00,216,216,216,216,0
2022-06-22 15:34:00,216,216,216,216,0
2022-06-22 15:35:00,216,216,216,216,0
2022-06-22 15:36:00,216,216,216,216,0
2022-06-22 15:37:00,216,216,216,216,0
2022-06-22 15:38:00,216,216,216,216,0
2022-06-22 15:39:00,216,216,216,216,0
2022-06-22 15:40:00,216,216,216,216,0
2022-06-22 15:41:00,216,216,216,216,0
2022-06-22 15:42:00,216,216,216,216,0
2022-06-22 15:43:00,216,216,216,216,0
2022-06-22 15:44:00,216,216,216,216,0
2022-06-22 15:45:00,216,216,216,216,0
2022-06-22 15:46:00,216,216,216,216,0
2022-06-22 15:47:00,216,216,216,216,0
2022-06-22 15:48:00,216,216,216,216,0
2022-06-22 15:49:00,216,216,216,216,0
2022-06-22 15:50:00,216,216,216,216,0
2022-06-22 15:51:00,216,216,216,216,0
2022-06-22 15:52:00,216,216,216,216,0
2022-06-22 15:53:00,216,216,216,216,0
2022-06-22 15:54:00,216,216,216,216,0
2022-06-22 15:55:00,216,216,216,216,0
2022-06-22 15:56:00,216,216,216,216,0
2022-06-22 15:57:00,216,216,216,216,0
2022-06-22 15:58:00,216,216,216,216,0
2022-06-22 15:59:00,216,216,216,216,0
2022-06-23 09:00:00,216,216,216,216,0
2022-06-23 09:01:00,216,216,216,216,0
2022-06-23 09:02:00,216,216,216,216,0
2022-06-23 09:03:00,216,216,216,216,0
2022-06-23 09:04:00,216,216,216,216,0
2022-06-23 09:05:00,216,216,216,216,0
2022-06-23 09:06:00,216,216,216,216,0
2022-06-23 09:07:00,210,210,210,210,0
2022-06-23 09:08:00,210,210,210,210,0
2022-06-23 09:09:00,210,210,210,210,0
2022-06-23 09:10:00,210,210,210,210,0
2022-06-23 09:11:00,210,210,210,210,0
2022-06-23 09:12:00,210,210,210,210,0
2022-06-23 09:13:00,210,210,210,210,0
2022-06-23 09:14:00,210,210,210,210,0
2022-06-23 09:15:00,210,210,210,210,0
2022-06-23 09:16:00,210,210,210,210,0
2022-06-23 09:17:00,210,210,210,210,0
2022-06-23 09:18:00,210,210,210,210,0
2022-06-23 09:19:00,210,210,210,210,0
2022-06-23 09:20:00,210,210,210,210,0
2022-06-23 09:21:00,210,210,210,210,0
2022-06-23 09:22:00,210,210,210,210,0
2022-06-23 09:23:00,212,212,212,212,1000
2022-06-23 09:24:00,212,212,212,212,0
2022-06-23 09:25:00,212,212,212,212,0
2022-06-23 09:26:00,212,212,212,212,0
2022-06-23 09:27:00,212,212,212,212,0
2022-06-23 09:28:00,212,212,212,212,0
2022-06-23 09:29:00,212,212,212,212,0
2022-06-23 09:30:00,212,212,212,212,0
2022-06-23 09:31:00,212,212,212,212,0
2022-06-23 09:32:00,212,212,212,212,0
2022-06-23 09:33:00,212,212,212,212,0
2022-06-23 09:34:00,212,212,212,212,0
2022-06-23 09:35:00,212,212,212,212,0
2022-06-23 09:36:00,212,212,212,212,0
2022-06-23 09:37:00,212,212,212,212,0
2022-06-23 09:38:00,212,212,212,212,0
2022-06-23 09:39:00,212,212,212,212,0
2022-06-23 09:40:00,212,212,212,212,0
2022-06-23 09:41:00,212,212,212,212,0
2022-06-23 09:42:00,212,212,212,212,0
2022-06-23 09:43:00,212,212,212,212,0
2022-06-23 09:44:00,212,212,212,212,0
2022-06-23 09:45:00,212,212,212,212,0
2022-06-23 09:46:00,212,212,212,212,0
2022-06-23 09:47:00,212,212,212,212,0
2022-06-23 09:48:00,212,212,212,212,0
2022-06-23 09:49:00,212,212,212,212,0
2022-06-23 09:50:00,214,214,214,214,1000
2022-06-23 09:51:00,214,214,214,214,0
2022-06-23 09:52:00,214,214,214,214,0
2022-06-23 09:53:00,214,214,214,214,0
2022-06-23 09:54:00,214,214,214,214,0
2022-06-23 09:55:00,214,214,214,214,0
2022-06-23 09:56:00,214,214,214,214,0
2022-06-23 09:57:00,214,214,214,214,0
2022-06-23 09:58:00,214,214,214,214,0
2022-06-23 09:59:00,214,214,214,214,0
2022-06-23 10:00:00,214,214,214,214,0
2022-06-23 10:01:00,214,214,214,214,0
2022-06-23 10:02:00,214,214,214,214,0
2022-06-23 10:03:00,214,214,214,214,0
2022-06-23 10:04:00,214,214,214,214,0
2022-06-23 10:05:00,214,214,214,214,0
2022-06-23 10:06:00,214,214,214,214,0
2022-06-23 10:07:00,214,214,214,214,0
2022-06-23 10:08:00,214,214,214,214,0
2022-06-23 10:09:00,214,214,214,214,0
2022-06-23 10:10:00,214,214,214,214,0
2022-06-23 10:11:00,214,214,214,214,0
2022-06-23 10:12:00,214,214,214,214,0
2022-06-23 10:13:00,214,214,214,214,0
2022-06-23 10:14:00,214,214,214,214,0
2022-06-23 10:15:00,214,214,214,214,0
2022-06-23 10:16:00,214,214,214,214,0
2022-06-23 10:17:00,214,214,214,214,0
2022-06-23 10:18:00,214,214,214,214,0
2022-06-23 10:19:00,214,214,214,214,0
2022-06-23 10:20:00,214,214,214,214,0
2022-06-23 10:21:00,214,214,214,214,0
2022-06-23 10:22:00,214,214,214,214,0
2022-06-23 10:23:00,214,214,214,214,0
2022-06-23 10:24:00,214,214,214,214,0
2022-06-23 10:25:00,214,214,214,214,0
2022-06-23 10:26:00,216,216,216,216,100
2022-06-23 10:27:00,216,216,216,216,0
2022-06-23 10:28:00,216,216,216,216,0
2022-06-23 10:29:00,216,216,216,216,0
2022-06-23 10:30:00,216,216,216,216,0
2022-06-23 10:31:00,216,216,216,216,0
2022-06-23 10:32:00,216,216,216,216,0
2022-06-23 10:33:00,216,216,216,216,100
2022-06-23 10:34:00,216,216,216,216,0
2022-06-23 10:35:00,216,216,216,216,0
2022-06-23 10:36:00,216,216,216,216,0
2022-06-23 10:37:00,216,216,216,216,0
2022-06-23 10:38:00,216,216,216,216,0
2022-06-23 10:39:00,216,216,216,216,0
2022-06-23 10:40:00,216,216,216,216,0
2022-06-23 10:41:00,216,216,216,216,0
2022-06-23 10:42:00,216,216,216,216,0
2022-06-23 10:43:00,216,216,216,216,0
2022-06-23 10:44:00,214,214,214,214,300
2022-06-23 10:45:00,214,214,214,214,0
2022-06-23 10:46:00,214,214,214,214,0
2022-06-23 10:47:00,214,214,214,214,0
2022-06-23 10:48:00,214,214,214,214,0
2022-06-23 10:49:00,214,214,214,214,0
2022-06-23 10:50:00,214,214,214,214,100
2022-06-23 10:51:00,214,214,214,214,0
2022-06-23 10:52:00,214,214,214,214,0
2022-06-23 10:53:00,214,214,214,214,0
2022-06-23 10:54:00,214,214,214,214,0
2022-06-23 10:55:00,214,214,214,214,0
2022-06-23 10:56:00,214,214,214,214,0
2022-06-23 10:57:00,214,214,214,214,0
2022-06-23 10:58:00,214,214,214,214,0
2022-06-23 10:59:00,214,214,214,214,0
2022-06-23 11:00:00,214,214,214,214,0
2022-06-23 11:01:00,214,214,214,214,0
2022-06-23 11:02:00,214,214,214,214,0
2022-06-23 11:03:00,214,214,214,214,0
2022-06-23 11:04:00,214,214,214,214,0
2022-06-23 11:05:00,214,214,214,214,0
2022-06-23 11:06:00,214,214,214,214,0
2022-06-23 11:07:00,214,214,214,214,0
2022-06-23 11:08:00,214,214,214,214,0
2022-06-23 11:09:00,214,214,214,214,0
2022-06-23 11:10:00,214,214,214,214,0
2022-06-23 11:11:00,214,214,214,214,0
2022-06-23 11:12:00,214,214,214,214,0
2022-06-23 11:13:00,214,214,214,214,0
2022-06-23 11:14:00,214,214,214,214,0
2022-06-23 11:15:00,214,214,214,214,0
2022-06-23 11:16:00,214,214,214,214,0
2022-06-23 11:17:00,214,214,214,214,0
2022-06-23 11:18:00,214,214,214,214,0
2022-06-23 11:19:00,214,214,214,214,0
2022-06-23 11:20:00,214,214,214,214,0
2022-06-23 11:21:00,214,214,214,214,0
2022-06-23 11:22:00,214,214,214,214,0
2022-06-23 11:23:00,214,214,214,214,0
2022-06-23 11:24:00,214,214,214,214,0
2022-06-23 11:25:00,214,214,214,214,0
2022-06-23 11:26:00,214,214,214,214,0
2022-06-23 11:27:00,214,214,214,214,0
2022-06-23 11:28:00,214,214,214,214,0
2022-06-23 11:29:00,214,214,214,214,0
2022-06-23 11:30:00,214,214,214,214,0
2022-06-23 11:31:00,214,214,214,214,0
2022-06-23 11:32:00,214,214,214,214,0
2022-06-23 11:33:00,214,214,214,214,0
2022-06-23 11:34:00,214,214,214,214,0
2022-06-23 11:35:00,214,214,214,214,0
2022-06-23 11:36:00,214,214,214,214,0
2022-06-23 11:37:00,214,214,214,214,0
2022-06-23 11:38:00,214,214,214,214,0
2022-06-23 11:39:00,214,214,214,214,0
2022-06-23 11:40:00,214,214,214,214,0
2022-06-23 11:41:00,214,214,214,214,0
2022-06-23 11:42:00,214,214,214,214,0
2022-06-23 11:43:00,214,214,214,214,0
2022-06-23 11:44:00,214,214,214,214,0
2022-06-23 11:45:00,214,214,214,214,0
2022-06-23 11:46:00,214,214,214,214,0
2022-06-23 11:47:00,214,214,214,214,0
2022-06-23 11:48:00,214,214,214,214,0
2022-06-23 11:49:00,214,214,214,214,0
2022-06-23 11:50:00,214,214,214,214,0
2022-06-23 11:51:00,214,214,214,214,0
2022-06-23 11:52:00,214,214,214,214,0
2022-06-23 11:53:00,214,214,214,214,0
2022-06-23 11:54:00,214,214,214,214,0
2022-06-23 11:55:00,214,214,214,214,0
2022-06-23 11:56:00,214,214,214,214,0
2022-06-23 11:57:00,214,214,214,214,0
2022-06-23 11:58:00,214,214,214,214,0
2022-06-23 11:59:00,214,214,214,214,0
2022-06-23 12:00:00,214,214,214,214,0
2022-06-23 12:01:00,214,214,214,214,0
2022-06-23 12:02:00,214,214,214,214,0
2022-06-23 12:03:00,214,214,214,214,0
2022-06-23 12:04:00,214,214,214,214,0
2022-06-23 12:05:00,214,214,214,214,0
2022-06-23 12:06:00,214,214,214,214,0
2022-06-23 12:07:00,214,214,214,214,0
2022-06-23 12:08:00,214,214,214,214,0
2022-06-23 12:09:00,214,214,214,214,0
2022-06-23 12:10:00,214,214,214,214,0
2022-06-23 12:11:00,214,214,214,214,0
2022-06-23 12:12:00,214,214,214,214,0
2022-06-23 12:13:00,214,214,214,214,0
2022-06-23 12:14:00,214,214,214,214,0
2022-06-23 12:15:00,214,214,214,214,0
2022-06-23 12:16:00,214,214,214,214,0
2022-06-23 12:17:00,214,214,214,214,0
2022-06-23 12:18:00,214,214,214,214,0
2022-06-23 12:19:00,214,214,214,214,0
2022-06-23 12:20:00,214,214,214,214,0
2022-06-23 12:21:00,214,214,214,214,0
2022-06-23 12:22:00,214,214,214,214,0
2022-06-23 12:23:00,214,214,214,214,0
2022-06-23 12:24:00,214,214,214,214,0
2022-06-23 12:25:00,214,214,214,214,0
2022-06-23 12:26:00,214,214,214,214,0
2022-06-23 12:27:00,214,214,214,214,0
2022-06-23 12:28:00,214,214,214,214,0
2022-06-23 12:29:00,214,214,214,214,0
2022-06-23 12:30:00,214,214,214,214,0
2022-06-23 12:31:00,214,214,214,214,0
2022-06-23 12:32:00,214,214,214,214,0
2022-06-23 12:33:00,214,214,214,214,0
2022-06-23 12:34:00,214,214,214,214,0
2022-06-23 12:35:00,214,214,214,214,0
2022-06-23 12:36:00,214,214,214,214,0
2022-06-23 12:37:00,214,214,214,214,0
2022-06-23 12:38:00,214,214,214,214,0
2022-06-23 12:39:00,214,214,214,214,0
2022-06-23 12:40:00,214,214,214,214,0
2022-06-23 12:41:00,214,214,214,214,0
2022-06-23 12:42:00,214,214,214,214,0
2022-06-23 12:43:00,214,214,214,214,0
2022-06-23 12:44:00,214,214,214,214,0
2022-06-23 12:45:00,214,214,214,214,0
2022-06-23 12:46:00,214,214,214,214,0
2022-06-23 12:47:00,214,214,214,214,0
2022-06-23 12:48:00,214,214,214,214,0
2022-06-23 12:49:00,214,214,214,214,0
2022-06-23 12:50:00,214,214,214,214,0
2022-06-23 12:51:00,214,214,214,214,0
2022-06-23 12:52:00,214,214,214,214,0
2022-06-23 12:53:00,214,214,214,214,0
2022-06-23 12:54:00,214,214,214,214,0
2022-06-23 12:55:00,214,214,214,214,0
2022-06-23 12:56:00,214,214,214,214,0
2022-06-23 12:57:00,214,214,214,214,0
2022-06-23 12:58:00,214,214,214,214,0
2022-06-23 12:59:00,214,214,214,214,0
2022-06-23 13:00:00,214,214,214,214,0
2022-06-23 13:01:00,214,214,214,214,0
2022-06-23 13:02:00,214,214,214,214,0
2022-06-23 13:03:00,214,214,214,214,0
2022-06-23 13:04:00,214,214,214,214,0
2022-06-23 13:05:00,214,214,214,214,0
2022-06-23 13:06:00,214,214,214,214,0
2022-06-23 13:07:00,214,214,214,214,0
2022-06-23 13:08:00,214,214,214,214,0
2022-06-23 13:09:00,214,214,214,214,0
2022-06-23 13:10:00,214,214,214,214,0
2022-06-23 13:11:00,214,214,214,214,0
2022-06-23 13:12:00,214,214,214,214,0
2022-06-23 13:13:00,214,214,214,214,0
2022-06-23 13:14:00,214,214,214,214,0
2022-06-23 13:15:00,214,214,214,214,0
2022-06-23 13:16:00,214,214,214,214,0
2022-06-23 13:17:00,214,214,214,214,0
2022-06-23 13:18:00,214,214,214,214,0
2022-06-23 13:19:00,214,214,214,214,0
2022-06-23 13:20:00,214,214,214,214,0
2022-06-23 13:21:00,214,214,214,214,0
2022-06-23 13:22:00,214,214,214,214,0
2022-06-23 13:23:00,214,214,214,214,0
2022-06-23 13:24:00,214,214,214,214,0
2022-06-23 13:25:00,214,214,214,214,0
2022-06-23 13:26:00,214,214,214,214,0
2022-06-23 13:27:00,214,214,214,214,0
2022-06-23 13:28:00,214,214,214,214,0
2022-06-23 13:29:00,214,214,214,214,0
2022-06-23 13:30:00,214,214,214,214,0
2022-06-23 13:31:00,214,214,214,214,0
2022-06-23 13:32:00,214,214,214,214,0
2022-06-23 13:33:00,214,214,214,214,0
2022-06-23 13:34:00,214,214,214,214,0
2022-06-23 13:35:00,214,214,214,214,0
2022-06-23 13:36:00,214,214,214,214,0
2022-06-23 13:37:00,214,214,214,214,0
2022-06-23 13:38:00,214,214,214,214,0
2022-06-23 13:39:00,214,214,214,214,0
2022-06-23 13:40:00,214,214,214,214,0
2022-06-23 13:41:00,214,214,214,214,0
2022-06-23 13:42:00,214,214,214,214,0
2022-06-23 13:43:00,214,214,214,214,0
2022-06-23 13:44:00,214,214,214,214,0
2022-06-23 13:45:00,214,214,214,214,0
2022-06-23 13:46:00,214,214,214,214,0
2022-06-23 13:47:00,214,214,214,214,0
2022-06-23 13:48:00,214,214,214,214,0
2022-06-23 13:49:00,214,214,214,214,0
2022-06-23 13:50:00,214,214,214,214,0
2022-06-23 13:51:00,214,214,214,214,0
2022-06-23 13:52:00,214,214,214,214,0
2022-06-23 13:53:00,214,214,214,214,0
2022-06-23 13:54:00,214,214,214,214,0
2022-06-23 13:55:00,214,214,214,214,0
2022-06-23 13:56:00,214,214,214,214,0
2022-06-23 13:57:00,214,214,214,214,0
2022-06-23 13:58:00,214,214,214,214,0
2022-06-23 13:59:00,214,214,214,214,0
2022-06-23 14:00:00,214,214,214,214,0
2022-06-23 14:01:00,214,214,214,214,0
2022-06-23 14:02:00,214,214,214,214,0
2022-06-23 14:03:00,214,214,214,214,0
2022-06-23 14:04:00,214,214,214,214,6900
2022-06-23 14:05:00,214,214,214,214,0
2022-06-23 14:06:00,214,214,214,214,0
2022-06-23 14:07:00,214,214,214,214,0
2022-06-23 14:08:00,214,214,214,214,0
2022-06-23 14:09:00,214,214,214,214,0
2022-06-23 14:10:00,214,214,214,214,0
2022-06-23 14:11:00,214,214,214,214,0
2022-06-23 14:12:00,214,214,214,214,0
2022-06-23 14:13:00,214,214,214,214,0
2022-06-23 14:14:00,214,214,214,214,0
2022-06-23 14:15:00,214,214,214,214,0
2022-06-23 14:16:00,214,214,214,214,0
2022-06-23 14:17:00,214,214,214,214,0
2022-06-23 14:18:00,214,214,214,214,0
2022-06-23 14:19:00,214,214,214,214,0
2022-06-23 14:20:00,214,214,214,214,0
2022-06-23 14:21:00,214,214,214,214,0
2022-06-23 14:22:00,214,214,214,214,0
2022-06-23 14:23:00,214,214,214,214,0
2022-06-23 14:24:00,214,214,214,214,0
2022-06-23 14:25:00,214,214,214,214,0
2022-06-23 14:26:00,214,214,214,214,0
2022-06-23 14:27:00,214,214,214,214,0
2022-06-23 14:28:00,214,214,214,214,0
2022-06-23 14:29:00,214,214,214,214,0
2022-06-23 14:30:00,214,214,214,214,0
2022-06-23 14:31:00,214,214,214,214,0
2022-06-23 14:32:00,214,214,214,214,0
2022-06-23 14:33:00,214,214,214,214,0
2022-06-23 14:34:00,214,214,214,214,0
2022-06-23 14:35:00,214,214,214,214,0
2022-06-23 14:36:00,214,214,214,214,0
2022-06-23 14:37:00,214,214,214,214,0
2022-06-23 14:38:00,214,214,214,214,0
2022-06-23 14:39:00,214,214,214,214,0
2022-06-23 14:40:00,214,214,214,214,0
2022-06-23 14:41:00,214,214,214,214,0
2022-06-23 14:42:00,214,214,214,214,0
2022-06-23 14:43:00,214,214,214,214,0
2022-06-23 14:44:00,214,214,214,214,0
2022-06-23 14:45:00,214,214,214,214,0
2022-06-23 14:46:00,214,214,214,214,0
2022-06-23 14:47:00,214,214,214,214,0
2022-06-23 14:48:00,214,214,214,214,0
2022-06-23 14:49:00,214,214,214,214,0
2022-06-23 14:50:00,214,214,214,214,0
2022-06-23 14:51:00,214,214,214,214,0
2022-06-23 14:52:00,214,214,214,214,0
2022-06-23 14:53:00,214,214,214,214,0
2022-06-23 14:54:00,214,214,214,214,0
2022-06-23 14:55:00,214,214,214,214,0
2022-06-23 14:56:00,214,214,214,214,0
2022-06-23 14:57:00,214,214,214,214,0
2022-06-23 14:58:00,214,214,214,214,0
2022-06-23 14:59:00,214,214,214,214,0
2022-06-23 15:00:00,214,214,214,214,0
2022-06-23 15:01:00,214,214,214,214,0
2022-06-23 15:02:00,214,214,214,214,0
2022-06-23 15:03:00,214,214,214,214,0
2022-06-23 15:04:00,214,214,214,214,0
2022-06-23 15:05:00,214,214,214,214,0
2022-06-23 15:06:00,214,214,214,214,0
2022-06-23 15:07:00,214,214,214,214,0
2022-06-23 15:08:00,214,214,214,214,0
2022-06-23 15:09:00,214,214,214,214,0
2022-06-23 15:10:00,214,214,214,214,0
2022-06-23 15:11:00,214,214,214,214,0
2022-06-23 15:12:00,214,214,214,214,0
2022-06-23 15:13:00,214,214,214,214,0
2022-06-23 15:14:00,214,214,214,214,0
2022-06-23 15:15:00,214,214,214,214,0
2022-06-23 15:16:00,214,214,214,214,0
2022-06-23 15:17:00,214,214,214,214,0
2022-06-23 15:18:00,214,214,214,214,0
2022-06-23 15:19:00,214,214,214,214,0
2022-06-23 15:20:00,214,214,214,214,0
2022-06-23 15:21:00,214,214,214,214,0
2022-06-23 15:22:00,214,214,214,214,0
2022-06-23 15:23:00,214,214,214,214,0
2022-06-23 15:24:00,214,214,214,214,0
2022-06-23 15:25:00,214,214,214,214,0
2022-06-23 15:26:00,214,214,214,214,0
2022-06-23 15:27:00,214,214,214,214,0
2022-06-23 15:28:00,214,214,214,214,0
2022-06-23 15:29:00,214,214,214,214,0
2022-06-23 15:30:00,214,214,214,214,0
2022-06-23 15:31:00,214,214,214,214,0
2022-06-23 15:32:00,214,214,214,214,0
2022-06-23 15:33:00,214,214,214,214,0
2022-06-23 15:34:00,214,214,214,214,0
2022-06-23 15:35:00,214,214,214,214,0
2022-06-23 15:36:00,214,214,214,214,0
2022-06-23 15:37:00,214,214,214,214,0
2022-06-23 15:38:00,214,214,214,214,0
2022-06-23 15:39:00,214,214,214,214,0
2022-06-23 15:40:00,214,214,214,214,0
2022-06-23 15:41:00,214,214,214,214,0
2022-06-23 15:42:00,214,214,214,214,0
2022-06-23 15:43:00,214,214,214,214,0
2022-06-23 15:44:00,214,214,214,214,0
2022-06-23 15:45:00,214,214,214,214,0
2022-06-23 15:46:00,214,214,214,214,0
2022-06-23 15:47:00,214,214,214,214,0
2022-06-23 15:48:00,214,214,214,214,0
2022-06-23 15:49:00,214,214,214,214,0
2022-06-23 15:50:00,214,214,214,214,0
2022-06-23 15:51:00,214,214,214,214,0
2022-06-23 15:52:00,214,214,214,214,0
2022-06-23 15:53:00,214,214,214,214,0
2022-06-23 15:54:00,214,214,214,214,0
2022-06-23 15:55:00,214,214,214,214,0
2022-06-23 15:56:00,214,214,214,214,0
2022-06-23 15:57:00,214,214,214,214,0
2022-06-23 15:58:00,214,214,214,214,0
2022-06-23 15:59:00,214,214,214,214,0
2022-06-24 09:00:00,214,214,214,214,0
2022-06-24 09:01:00,214,214,214,214,0
2022-06-24 09:02:00,214,214,214,214,0
2022-06-24 09:03:00,214,214,214,214,0
2022-06-24 09:04:00,214,214,214,214,0
2022-06-24 09:05:00,214,214,214,214,0
2022-06-24 09:06:00,214,214,214,214,0
2022-06-24 09:07:00,214,214,214,214,0
2022-06-24 09:08:00,214,214,214,214,0
2022-06-24 09:09:00,214,214,214,214,0
2022-06-24 09:10:00,214,214,214,214,0
2022-06-24 09:11:00,214,214,214,214,0
2022-06-24 09:12:00,214,214,214,214,0
2022-06-24 09:13:00,214,214,214,214,0
2022-06-24 09:14:00,230,230,230,230,0
2022-06-24 09:15:00,230,230,230,230,0
2022-06-24 09:16:00,230,230,230,230,100
2022-06-24 09:17:00,228,228,228,228,7000
2022-06-24 09:18:00,228,228,228,228,1700
2022-06-24 09:19:00,228,228,228,228,0
2022-06-24 09:20:00,228,228,228,228,0
2022-06-24 09:21:00,228,228,228,228,28600
2022-06-24 09:22:00,228,228,228,228,0
2022-06-24 09:23:00,228,228,228,228,0
2022-06-24 09:24:00,228,228,228,228,0
2022-06-24 09:25:00,228,228,228,228,0
2022-06-24 09:26:00,228,228,228,228,0
2022-06-24 09:27:00,228,228,228,228,0
2022-06-24 09:28:00,228,228,228,228,0
2022-06-24 09:29:00,228,228,228,228,0
2022-06-24 09:30:00,228,228,228,228,0
2022-06-24 09:31:00,228,228,228,228,0
2022-06-24 09:32:00,228,228,228,228,100
2022-06-24 09:33:00,228,228,228,228,0
2022-06-24 09:34:00,228,228,228,228,0
2022-06-24 09:35:00,228,228,228,228,100
2022-06-24 09:36:00,228,228,228,228,10000
2022-06-24 09:37:00,228,228,228,228,0
2022-06-24 09:38:00,228,228,228,228,0
2022-06-24 09:39:00,228,228,228,228,0
2022-06-24 09:40:00,228,228,228,228,0
2022-06-24 09:41:00,228,228,228,228,0
2022-06-24 09:42:00,228,228,228,228,0
2022-06-24 09:43:00,228,228,228,228,100
2022-06-24 09:44:00,228,228,228,228,100
2022-06-24 09:45:00,228,228,228,228,0
2022-06-24 09:46:00,228,228,228,228,0
2022-06-24 09:47:00,228,228,228,228,0
2022-06-24 09:48:00,228,228,228,228,0
2022-06-24 09:49:00,228,228,228,228,0
2022-06-24 09:50:00,228,228,228,228,0
2022-06-24 09:51:00,230,214,230,214,400
2022-06-24 09:52:00,230,214,230,214,0
2022-06-24 09:53:00,230,214,230,214,0
2022-06-24 09:54:00,230,214,230,214,0
2022-06-24 09:55:00,230,214,230,214,0
2022-06-24 09:56:00,230,214,230,214,0
2022-06-24 09:57:00,230,214,230,214,0
2022-06-24 09:58:00,230,214,230,214,0
2022-06-24 09:59:00,230,214,230,214,0
2022-06-24 10:00:00,230,214,230,214,0
2022-06-24 10:01:00,230,214,230,214,0
2022-06-24 10:02:00,230,214,230,214,0
2022-06-24 10:03:00,230,214,230,214,0
2022-06-24 10:04:00,230,214,230,214,0
2022-06-24 10:05:00,230,214,230,214,0
2022-06-24 10:06:00,230,214,230,214,0
2022-06-24 10:07:00,230,214,230,214,0
2022-06-24 10:08:00,230,214,230,214,0
2022-06-24 10:09:00,230,214,230,214,0
2022-06-24 10:10:00,230,214,230,214,0
2022-06-24 10:11:00,230,214,230,214,0
2022-06-24 10:12:00,230,214,230,214,0
2022-06-24 10:13:00,230,214,230,214,0
2022-06-24 10:14:00,230,214,230,214,0
2022-06-24 10:15:00,230,214,230,214,0
2022-06-24 10:16:00,230,214,230,214,0
2022-06-24 10:17:00,230,214,230,214,0
2022-06-24 10:18:00,230,214,230,214,0
2022-06-24 10:19:00,230,214,230,214,0
2022-06-24 10:20:00,230,214,230,214,0
2022-06-24 10:21:00,216,216,216,216,300
2022-06-24 10:22:00,216,216,216,216,0
2022-06-24 10:23:00,216,216,216,216,0
2022-06-24 10:24:00,216,216,216,216,0
2022-06-24 10:25:00,216,216,216,216,0
2022-06-24 10:26:00,216,216,216,216,100
2022-06-24 10:27:00,216,216,216,216,0
2022-06-24 10:28:00,216,216,216,216,0
2022-06-24 10:29:00,216,216,216,216,0
2022-06-24 10:30:00,216,216,216,216,0
2022-06-24 10:31:00,216,216,216,216,0
2022-06-24 10:32:00,216,216,216,216,0
2022-06-24 10:33:00,216,216,216,216,0
2022-06-24 10:34:00,216,216,216,216,0
2022-06-24 10:35:00,216,216,216,216,0
2022-06-24 10:36:00,216,216,216,216,0
2022-06-24 10:37:00,216,216,216,216,0
2022-06-24 10:38:00,216,216,216,216,0
2022-06-24 10:39:00,216,216,216,216,0
2022-06-24 10:40:00,216,216,216,216,0
2022-06-24 10:41:00,216,216,216,216,0
2022-06-24 10:42:00,216,216,216,216,0
2022-06-24 10:43:00,216,216,216,216,0
2022-06-24 10:44:00,216,216,216,216,0
2022-06-24 10:45:00,216,216,216,216,0
2022-06-24 10:46:00,216,216,216,216,0
2022-06-24 10:47:00,216,216,216,216,0
2022-06-24 10:48:00,216,216,216,216,0
2022-06-24 10:49:00,216,216,216,216,0
2022-06-24 10:50:00,216,216,216,216,0
2022-06-24 10:51:00,216,216,216,216,0
2022-06-24 10:52:00,216,216,216,216,0
2022-06-24 10:53:00,216,216,216,216,0
2022-06-24 10:54:00,216,216,216,216,0
2022-06-24 10:55:00,216,216,216,216,0
2022-06-24 10:56:00,216,216,216,216,0
2022-06-24 10:57:00,216,216,216,216,0
2022-06-24 10:58:00,216,216,216,216,0
2022-06-24 10:59:00,216,216,216,216,0
2022-06-24 11:00:00,216,216,216,216,0
2022-06-24 11:01:00,216,216,216,216,0
2022-06-24 11:02:00,216,216,216,216,0
2022-06-24 11:03:00,216,216,216,216,0
2022-06-24 11:04:00,216,216,216,216,0
2022-06-24 11:05:00,216,216,216,216,0
2022-06-24 11:06:00,216,216,216,216,0
2022-06-24 11:07:00,216,216,216,216,0
2022-06-24 11:08:00,216,216,216,216,0
2022-06-24 11:09:00,216,216,216,216,0
2022-06-24 11:10:00,216,216,216,216,0
2022-06-24 11:11:00,216,216,216,216,0
2022-06-24 11:12:00,216,216,216,216,0
2022-06-24 11:13:00,216,216,216,216,0
2022-06-24 11:14:00,216,216,216,216,0
2022-06-24 11:15:00,216,216,216,216,0
2022-06-24 11:16:00,216,216,216,216,0
2022-06-24 11:17:00,216,216,216,216,0
2022-06-24 11:18:00,216,216,216,216,0
2022-06-24 11:19:00,216,216,216,216,0
2022-06-24 11:20:00,216,216,216,216,0
2022-06-24 11:21:00,216,216,216,216,0
2022-06-24 11:22:00,216,216,216,216,0
2022-06-24 11:23:00,216,216,216,216,0
2022-06-24 11:24:00,216,216,216,216,0
2022-06-24 11:25:00,216,216,216,216,0
2022-06-24 11:26:00,216,216,216,216,0
2022-06-24 11:27:00,216,216,216,216,0
2022-06-24 11:28:00,216,216,216,216,0
2022-06-24 11:29:00,216,216,216,216,0
2022-06-24 11:30:00,216,216,216,216,0
2022-06-24 11:31:00,216,216,216,216,0
2022-06-24 11:32:00,216,216,216,216,0
2022-06-24 11:33:00,216,216,216,216,0
2022-06-24 11:34:00,216,216,216,216,0
2022-06-24 11:35:00,216,216,216,216,0
2022-06-24 11:36:00,216,216,216,216,0
2022-06-24 11:37:00,216,216,216,216,0
2022-06-24 11:38:00,216,216,216,216,0
2022-06-24 11:39:00,216,216,216,216,0
2022-06-24 11:40:00,216,216,216,216,0
2022-06-24 11:41:00,216,216,216,216,0
2022-06-24 11:42:00,216,216,216,216,0
2022-06-24 11:43:00,216,216,216,216,0
2022-06-24 11:44:00,216,216,216,216,0
2022-06-24 11:45:00,216,216,216,216,0
2022-06-24 11:46:00,216,216,216,216,0
2022-06-24 11:47:00,216,216,216,216,0
2022-06-24 11:48:00,216,216,216,216,0
2022-06-24 11:49:00,216,216,216,216,0
2022-06-24 11:50:00,216,216,216,216,0
2022-06-24 11:51:00,216,216,216,216,0
2022-06-24 11:52:00,216,216,216,216,0
2022-06-24 11:53:00,216,216,216,216,0
2022-06-24 11:54:00,216,216,216,216,0
2022-06-24 11:55:00,216,216,216,216,0
2022-06-24 11:56:00,216,216,216,216,0
2022-06-24 11:57:00,216,216,216,216,0
2022-06-24 11:58:00,216,216,216,216,0
2022-06-24 11:59:00,216,216,216,216,0
2022-06-24 12:00:00,216,216,216,216,0
2022-06-24 12:01:00,216,216,216,216,0
2022-06-24 12:02:00,216,216,216,216,0
2022-06-24 12:03:00,216,216,216,216,0
2022-06-24 12:04:00,216,216,216,216,0
2022-06-24 12:05:00,216,216,216,216,0
2022-06-24 12:06:00,216,216,216,216,0
2022-06-24 12:07:00,216,216,216,216,0
2022-06-24 12:08:00,216,216,216,216,0
2022-06-24 12:09:00,216,216,216,216,0
2022-06-24 12:10:00,216,216,216,216,0
2022-06-24 12:11:00,216,216,216,216,0
2022-06-24 12:12:00,216,216,216,216,0
2022-06-24 12:13:00,216,216,216,216,0
2022-06-24 12:14:00,216,216,216,216,0
2022-06-24 12:15:00,216,216,216,216,0
2022-06-24 12:16:00,216,216,216,216,0
2022-06-24 12:17:00,216,216,216,216,0
2022-06-24 12:18:00,216,216,216,216,0
2022-06-24 12:19:00,216,216,216,216,0
2022-06-24 12:20:00,216,216,216,216,0
2022-06-24 12:21:00,216,216,216,216,0
2022-06-24 12:22:00,216,216,216,216,0
2022-06-24 12:23:00,216,216,216,216,0
2022-06-24 12:24:00,216,216,216,216,0
2022-06-24 12:25:00,216,216,216,216,0
2022-06-24 12:26:00,216,216,216,216,0
2022-06-24 12:27:00,216,216,216,216,0
2022-06-24 12:28:00,216,216,216,216,0
2022-06-24 12:29:00,216,216,216,216,0
2022-06-24 12:30:00,216,216,216,216,0
2022-06-24 12:31:00,216,216,216,216,0
2022-06-24 12:32:00,216,216,216,216,0
2022-06-24 12:33:00,216,216,216,216,0
2022-06-24 12:34:00,216,216,216,216,0
2022-06-24 12:35:00,216,216,216,216,0
2022-06-24 12:36:00,216,216,216,216,0
2022-06-24 12:37:00,216,216,216,216,0
2022-06-24 12:38:00,216,216,216,216,0
2022-06-24 12:39:00,216,216,216,216,0
2022-06-24 12:40:00,216,216,216,216,0
2022-06-24 12:41:00,216,216,216,216,0
2022-06-24 12:42:00,216,216,216,216,0
2022-06-24 12:43:00,216,216,216,216,0
2022-06-24 12:44:00,216,216,216,216,0
2022-06-24 12:45:00,216,216,216,216,0
2022-06-24 12:46:00,216,216,216,216,0
2022-06-24 12:47:00,216,216,216,216,0
2022-06-24 12:48:00,216,216,216,216,0
2022-06-24 12:49:00,216,216,216,216,0
2022-06-24 12:50:00,216,216,216,216,0
2022-06-24 12:51:00,216,216,216,216,0
2022-06-24 12:52:00,216,216,216,216,0
2022-06-24 12:53:00,216,216,216,216,0
2022-06-24 12:54:00,216,216,216,216,0
2022-06-24 12:55:00,216,216,216,216,0
2022-06-24 12:56:00,216,216,216,216,0
2022-06-24 12:57:00,216,216,216,216,0
2022-06-24 12:58:00,216,216,216,216,0
2022-06-24 12:59:00,216,216,216,216,0
2022-06-24 13:00:00,216,216,216,216,0
2022-06-24 13:01:00,216,216,216,216,0
2022-06-24 13:02:00,216,216,216,216,0
2022-06-24 13:03:00,216,216,216,216,0
2022-06-24 13:04:00,216,216,216,216,0
2022-06-24 13:05:00,216,216,216,216,0
2022-06-24 13:06:00,216,216,216,216,0
2022-06-24 13:07:00,216,216,216,216,0
2022-06-24 13:08:00,216,216,216,216,0
2022-06-24 13:09:00,216,216,216,216,0
2022-06-24 13:10:00,216,216,216,216,0
2022-06-24 13:11:00,216,216,216,216,0
2022-06-24 13:12:00,216,216,216,216,0
2022-06-24 13:13:00,216,216,216,216,0
2022-06-24 13:14:00,216,216,216,216,0
2022-06-24 13:15:00,216,216,216,216,0
2022-06-24 13:16:00,216,216,216,216,0
2022-06-24 13:17:00,216,216,216,216,0
2022-06-24 13:18:00,216,216,216,216,0
2022-06-24 13:19:00,216,216,216,216,0
2022-06-24 13:20:00,216,216,216,216,0
2022-06-24 13:21:00,216,216,216,216,0
2022-06-24 13:22:00,216,216,216,216,0
2022-06-24 13:23:00,216,216,216,216,0
2022-06-24 13:24:00,216,216,216,216,0
2022-06-24 13:25:00,216,216,216,216,0
2022-06-24 13:26:00,216,216,216,216,0
2022-06-24 13:27:00,216,216,216,216,0
2022-06-24 13:28:00,216,216,216,216,0
2022-06-24 13:29:00,216,216,216,216,0
2022-06-24 13:30:00,216,216,216,216,0
2022-06-24 13:31:00,216,216,216,216,0
2022-06-24 13:32:00,216,216,216,216,0
2022-06-24 13:33:00,216,216,216,216,0
2022-06-24 13:34:00,216,216,216,216,0
2022-06-24 13:35:00,216,216,216,216,0
2022-06-24 13:36:00,216,216,216,216,0
2022-06-24 13:37:00,216,216,216,216,0
2022-06-24 13:38:00,216,216,216,216,0
2022-06-24 13:39:00,216,216,216,216,0
2022-06-24 13:40:00,216,216,216,216,0
2022-06-24 13:41:00,216,216,216,216,0
2022-06-24 13:42:00,216,216,216,216,0
2022-06-24 13:43:00,216,216,216,216,0
2022-06-24 13:44:00,216,216,216,216,0
2022-06-24 13:45:00,216,216,216,216,0
2022-06-24 13:46:00,216,216,216,216,0
2022-06-24 13:47:00,216,216,216,216,0
2022-06-24 13:48:00,216,216,216,216,0
2022-06-24 13:49:00,216,216,216,216,0
2022-06-24 13:50:00,216,216,216,216,0
2022-06-24 13:51:00,216,216,216,216,0
2022-06-24 13:52:00,216,216,216,216,0
2022-06-24 13:53:00,216,216,216,216,400
2022-06-24 13:54:00,216,216,216,216,0
2022-06-24 13:55:00,216,216,216,216,0
2022-06-24 13:56:00,216,216,216,216,0
2022-06-24 13:57:00,216,216,216,216,0
2022-06-24 13:58:00,216,216,216,216,0
2022-06-24 13:59:00,216,216,216,216,0
2022-06-24 14:00:00,216,216,216,216,0
2022-06-24 14:01:00,216,216,216,216,0
2022-06-24 14:02:00,216,216,216,216,0
2022-06-24 14:03:00,216,216,216,216,0
2022-06-24 14:04:00,216,216,216,216,0
2022-06-24 14:05:00,216,216,216,216,0
2022-06-24 14:06:00,216,216,216,216,0
2022-06-24 14:07:00,216,216,216,216,0
2022-06-24 14:08:00,216,216,216,216,0
2022-06-24 14:09:00,216,216,216,216,0
2022-06-24 14:10:00,216,216,216,216,0
2022-06-24 14:11:00,216,216,216,216,0
2022-06-24 14:12:00,216,216,216,216,0
2022-06-24 14:13:00,216,216,216,216,0
2022-06-24 14:14:00,216,216,216,216,0
2022-06-24 14:15:00,216,216,216,216,0
2022-06-24 14:16:00,216,216,216,216,0
2022-06-24 14:17:00,216,216,216,216,0
2022-06-24 14:18:00,216,216,216,216,0
2022-06-24 14:19:00,216,216,216,216,0
2022-06-24 14:20:00,216,216,216,216,0
2022-06-24 14:21:00,216,216,216,216,0
2022-06-24 14:22:00,216,216,216,216,0
2022-06-24 14:23:00,216,216,216,216,0
2022-06-24 14:24:00,216,216,216,216,0
2022-06-24 14:25:00,216,216,216,216,0
2022-06-24 14:26:00,216,216,216,216,0
2022-06-24 14:27:00,216,216,216,216,0
2022-06-24 14:28:00,216,216,216,216,0
2022-06-24 14:29:00,216,216,216,216,0
2022-06-24 14:30:00,216,216,216,216,0
2022-06-24 14:31:00,216,216,216,216,0
2022-06-24 14:32:00,216,216,216,216,0
2022-06-24 14:33:00,216,216,216,216,0
2022-06-24 14:34:00,216,216,216,216,900
2022-06-24 14:35:00,216,216,216,216,0
2022-06-24 14:36:00,216,216,216,216,0
2022-06-24 14:37:00,216,216,216,216,0
2022-06-24 14:38:00,216,216,216,216,0
2022-06-24 14:39:00,216,216,216,216,0
2022-06-24 14:40:00,216,216,216,216,0
2022-06-24 14:41:00,216,2,218,2,200
2022-06-24 14:42:00,216,2,218,2,0
2022-06-24 14:43:00,216,2,218,2,0
2022-06-24 14:44:00,216,2,218,2,0
2022-06-24 14:45:00,216,2,218,2,0
2022-06-24 14:46:00,216,2,218,2,0
2022-06-24 14:47:00,216,2,218,2,0
2022-06-24 14:48:00,216,2,218,2,0
2022-06-24 14:49:00,216,2,218,2,0
2022-06-24 14:50:00,216,2,218,2,0
2022-06-24 14:51:00,216,2,218,2,0
2022-06-24 14:52:00,216,2,218,2,0
2022-06-24 14:53:00,216,2,218,2,0
2022-06-24 14:54:00,216,2,218,2,0
2022-06-24 14:55:00,216,2,218,2,0
2022-06-24 14:56:00,216,2,218,2,0
2022-06-24 14:57:00,216,2,218,2,0
2022-06-24 14:58:00,216,2,218,2,0
2022-06-24 14:59:00,216,2,218,2,0
2022-06-24 15:00:00,216,2,218,2,0
2022-06-24 15:01:00,216,2,218,2,0
2022-06-24 15:02:00,216,2,218,2,0
2022-06-24 15:03:00,216,2,218,2,0
2022-06-24 15:04:00,216,2,218,2,0
2022-06-24 15:05:00,216,2,218,2,0
2022-06-24 15:06:00,216,2,218,2,0
2022-06-24 15:07:00,216,2,218,2,0
2022-06-24 15:08:00,216,2,218,2,0
2022-06-24 15:09:00,216,2,218,2,0
2022-06-24 15:10:00,216,2,218,2,0
2022-06-24 15:11:00,216,2,218,2,0
2022-06-24 15:12:00,216,2,218,2,0
2022-06-24 15:13:00,216,2,218,2,0
2022-06-24 15:14:00,216,2,218,2,0
2022-06-24 15:15:00,216,2,218,2,0
2022-06-24 15:16:00,216,2,218,2,0
2022-06-24 15:17:00,216,2,218,2,0
2022-06-24 15:18:00,216,2,218,2,0
2022-06-24 15:19:00,216,2,218,2,0
2022-06-24 15:20:00,216,2,218,2,0
2022-06-24 15:21:00,216,2,218,2,0
2022-06-24 15:22:00,216,2,218,2,0
2022-06-24 15:23:00,216,2,218,2,0
2022-06-24 15:24:00,216,2,218,2,0
2022-06-24 15:25:00,216,2,218,2,0
2022-06-24 15:26:00,216,2,218,2,0
2022-06-24 15:27:00,216,2,218,2,0
2022-06-24 15:28:00,216,2,218,2,0
2022-06-24 15:29:00,216,2,218,2,0
2022-06-24 15:30:00,216,2,218,2,0
2022-06-24 15:31:00,216,2,218,2,0
2022-06-24 15:32:00,216,2,218,2,0
2022-06-24 15:33:00,216,2,218,2,0
2022-06-24 15:34:00,216,2,218,2,0
2022-06-24 15:35:00,216,2,218,2,0
2022-06-24 15:36:00,216,2,218,2,0
2022-06-24 15:37:00,216,2,218,2,0
2022-06-24 15:38:00,216,2,218,2,0
2022-06-24 15:39:00,216,2,218,2,0
2022-06-24 15:40:00,216,2,218,2,0
2022-06-24 15:41:00,216,2,218,2,0
2022-06-24 15:42:00,216,2,218,2,0
2022-06-24 15:43:00,216,2,218,2,0
2022-06-24 15:44:00,216,2,218,2,0
2022-06-24 15:45:00,216,2,218,2,0
2022-06-24 15:46:00,216,2,218,2,0
2022-06-24 15:47:00,216,2,218,2,0
2022-06-24 15:48:00,216,2,218,2,0
2022-06-24 15:49:00,216,2,218,2,0
2022-06-24 15:50:00,216,2,218,2,0
2022-06-24 15:51:00,216,2,218,2,0
2022-06-24 15:52:00,216,2,218,2,0
2022-06-24 15:53:00,216,2,218,2,0
2022-06-24 15:54:00,216,2,218,2,0
2022-06-24 15:55:00,216,2,218,2,0
2022-06-24 15:56:00,216,2,218,2,0
2022-06-24 15:57:00,216,2,218,2,0
2022-06-24 15:58:00,216,2,218,2,0
2022-06-24 15:59:00,216,2,218,2,0
2022-06-27 09:00:00,224,224,224,224,0
2022-06-27 09:01:00,224,224,224,224,0
2022-06-27 09:02:00,224,224,224,224,0
2022-06-27 09:03:00,224,224,224,224,0
2022-06-27 09:04:00,224,224,224,224,0
2022-06-27 09:05:00,224,224,224,224,0
2022-06-27 09:06:00,224,224,224,224,0
2022-06-27 09:07:00,224,224,224,224,0
2022-06-27 09:08:00,224,224,224,224,0
2022-06-27 09:09:00,224,224,224,224,0
2022-06-27 09:10:00,224,224,224,224,0
2022-06-27 09:11:00,224,224,224,224,0
2022-06-27 09:12:00,224,224,224,224,0
2022-06-27 09:13:00,224,224,224,224,0
2022-06-27 09:14:00,224,224,224,224,0
2022-06-27 09:15:00,224,224,224,224,0
2022-06-27 09:16:00,224,224,224,224,0
2022-06-27 09:17:00,224,224,224,224,0
2022-06-27 09:18:00,224,224,224,224,0
2022-06-27 09:19:00,224,224,224,224,0
2022-06-27 09:20:00,224,224,224,224,0
2022-06-27 09:21:00,224,224,224,224,0
2022-06-27 09:22:00,224,224,224,224,0
2022-06-27 09:23:00,224,224,224,224,0
2022-06-27 09:24:00,224,224,224,224,0
2022-06-27 09:25:00,224,224,224,224,0
2022-06-27 09:26:00,224,224,224,224,0
2022-06-27 09:27:00,224,224,224,224,0
2022-06-27 09:28:00,224,224,224,224,0
2022-06-27 09:29:00,224,224,224,224,0
2022-06-27 09:30:00,224,224,224,224,0
2022-06-27 09:31:00,224,224,224,224,0
2022-06-27 09:32:00,224,224,224,224,0
2022-06-27 09:33:00,224,224,224,224,0
2022-06-27 09:34:00,224,224,224,224,0
2022-06-27 09:35:00,224,224,224,224,0
2022-06-27 09:36:00,224,224,224,224,0
2022-06-27 09:37:00,224,224,224,224,0
2022-06-27 09:38:00,224,224,224,224,0
2022-06-27 09:39:00,224,224,224,224,0
2022-06-27 09:40:00,224,224,224,224,0
2022-06-27 09:41:00,224,224,224,224,0
2022-06-27 09:42:00,224,224,224,224,0
2022-06-27 09:43:00,224,224,224,224,0
2022-06-27 09:44:00,224,224,224,224,0
2022-06-27 09:45:00,224,224,224,224,0
2022-06-27 09:46:00,224,224,224,224,0
2022-06-27 09:47:00,224,224,224,224,0
2022-06-27 09:48:00,224,224,224,224,0
2022-06-27 09:49:00,224,224,224,224,0
2022-06-27 09:50:00,224,224,224,224,0
2022-06-27 09:51:00,224,224,224,224,0
2022-06-27 09:52:00,224,224,224,224,0
2022-06-27 09:53:00,224,224,224,224,0
2022-06-27 09:54:00,224,224,224,224,0
2022-06-27 09:55:00,224,224,224,224,0
2022-06-27 09:56:00,224,224,224,224,0
2022-06-27 09:57:00,224,224,224,224,0
2022-06-27 09:58:00,224,224,224,224,0
2022-06-27 09:59:00,224,224,224,224,0
2022-06-27 10:00:00,224,224,224,224,0
2022-06-27 10:01:00,224,224,224,224,0
2022-06-27 10:02:00,224,224,224,224,0
2022-06-27 10:03:00,224,224,224,224,0
2022-06-27 10:04:00,224,224,224,224,0
2022-06-27 10:05:00,224,224,224,224,0
2022-06-27 10:06:00,224,224,224,224,0
2022-06-27 10:07:00,224,224,224,224,0
2022-06-27 10:08:00,224,224,224,224,0
2022-06-27 10:09:00,224,224,224,224,0
2022-06-27 10:10:00,224,224,224,224,0
2022-06-27 10:11:00,224,224,224,224,0
2022-06-27 10:12:00,224,224,224,224,0
2022-06-27 10:13:00,224,224,224,224,0
2022-06-27 10:14:00,224,224,224,224,0
2022-06-27 10:15:00,224,224,224,224,0
2022-06-27 10:16:00,224,224,224,224,0
2022-06-27 10:17:00,224,224,224,224,0
2022-06-27 10:18:00,224,224,224,224,0
2022-06-27 10:19:00,224,224,224,224,0
2022-06-27 10:20:00,224,224,224,224,0
2022-06-27 10:21:00,224,224,224,224,0
2022-06-27 10:22:00,224,224,224,224,0
2022-06-27 10:23:00,224,224,224,224,0
2022-06-27 10:24:00,224,224,224,224,0
2022-06-27 10:25:00,224,224,224,224,0
2022-06-27 10:26:00,224,224,224,224,0
2022-06-27 10:27:00,224,224,224,224,0
2022-06-27 10:28:00,224,224,224,224,0
2022-06-27 10:29:00,224,224,224,224,0
2022-06-27 10:30:00,224,224,224,224,0
2022-06-27 10:31:00,224,224,224,224,0
2022-06-27 10:32:00,224,224,224,224,0
2022-06-27 10:33:00,224,224,224,224,0
2022-06-27 10:34:00,224,224,224,224,0
2022-06-27 10:35:00,224,224,224,224,0
2022-06-27 10:36:00,224,224,224,224,0
2022-06-27 10:37:00,224,224,224,224,0
2022-06-27 10:38:00,224,224,224,224,0
2022-06-27 10:39:00,224,224,224,224,0
2022-06-27 10:40:00,224,224,224,224,0
2022-06-27 10:41:00,224,224,224,224,0
2022-06-27 10:42:00,224,224,224,224,0
2022-06-27 10:43:00,224,224,224,224,0
2022-06-27 10:44:00,224,224,224,224,0
2022-06-27 10:45:00,224,224,224,224,0
2022-06-27 10:46:00,224,224,224,224,0
2022-06-27 10:47:00,224,224,224,224,0
2022-06-27 10:48:00,224,224,224,224,0
2022-06-27 10:49:00,224,224,224,224,0
2022-06-27 10:50:00,224,224,224,224,0
2022-06-27 10:51:00,224,224,224,224,0
2022-06-27 10:52:00,224,224,224,224,0
2022-06-27 10:53:00,224,224,224,224,0
2022-06-27 10:54:00,224,224,224,224,0
2022-06-27 10:55:00,224,224,224,224,0
2022-06-27 10:56:00,224,224,224,224,0
2022-06-27 10:57:00,224,224,224,224,0
2022-06-27 10:58:00,224,224,224,224,0
2022-06-27 10:59:00,224,224,224,224,0
2022-06-27 11:00:00,224,224,224,224,0
2022-06-27 11:01:00,224,224,224,224,0
2022-06-27 11:02:00,224,224,224,224,0
2022-06-27 11:03:00,224,224,224,224,0
2022-06-27 11:04:00,224,224,224,224,0
2022-06-27 11:05:00,224,224,224,224,0
2022-06-27 11:06:00,224,224,224,224,0
2022-06-27 11:07:00,224,224,224,224,0
2022-06-27 11:08:00,224,224,224,224,0
2022-06-27 11:09:00,224,224,224,224,0
2022-06-27 11:10:00,224,224,224,224,0
2022-06-27 11:11:00,224,224,224,224,0
2022-06-27 11:12:00,224,224,224,224,0
2022-06-27 11:13:00,224,224,224,224,0
2022-06-27 11:14:00,224,224,224,224,0
2022-06-27 11:15:00,224,224,224,224,0
2022-06-27 11:16:00,224,224,224,224,0
2022-06-27 11:17:00,224,224,224,224,0
2022-06-27 11:18:00,224,224,224,224,0
2022-06-27 11:19:00,224,224,224,224,0
2022-06-27 11:20:00,224,224,224,224,0
2022-06-27 11:21:00,224,224,224,224,0
2022-06-27 11:22:00,224,224,224,224,0
2022-06-27 11:23:00,224,224,224,224,0
2022-06-27 11:24:00,224,224,224,224,0
2022-06-27 11:25:00,224,224,224,224,0
2022-06-27 11:26:00,224,224,224,224,0
2022-06-27 11:27:00,224,224,224,224,0
2022-06-27 11:28:00,224,224,224,224,0
2022-06-27 11:29:00,224,224,224,224,0
2022-06-27 11:30:00,224,224,224,224,0
2022-06-27 11:31:00,224,224,224,224,0
2022-06-27 11:32:00,224,224,224,224,0
2022-06-27 11:33:00,224,224,224,224,0
2022-06-27 11:34:00,224,224,224,224,0
2022-06-27 11:35:00,224,224,224,224,0
2022-06-27 11:36:00,224,224,224,224,0
2022-06-27 11:37:00,224,224,224,224,0
2022-06-27 11:38:00,224,224,224,224,0
2022-06-27 11:39:00,224,224,224,224,0
2022-06-27 11:40:00,224,224,224,224,0
2022-06-27 11:41:00,224,224,224,224,0
2022-06-27 11:42:00,224,224,224,224,0
2022-06-27 11:43:00,224,224,224,224,0
2022-06-27 11:44:00,224,224,224,224,0
2022-06-27 11:45:00,224,224,224,224,0
2022-06-27 11:46:00,224,224,224,224,0
2022-06-27 11:47:00,224,224,224,224,0
2022-06-27 11:48:00,224,224,224,224,0
2022-06-27 11:49:00,224,224,224,224,0
2022-06-27 11:50:00,224,224,224,224,0
2022-06-27 11:51:00,224,224,224,224,0
2022-06-27 11:52:00,224,224,224,224,0
2022-06-27 11:53:00,224,224,224,224,0
2022-06-27 11:54:00,224,224,224,224,0
2022-06-27 11:55:00,224,224,224,224,0
2022-06-27 11:56:00,224,224,224,224,0
2022-06-27 11:57:00,224,224,224,224,0
2022-06-27 11:58:00,224,224,224,224,0
2022-06-27 11:59:00,224,224,224,224,0
2022-06-27 12:00:00,224,224,224,224,0
2022-06-27 12:01:00,224,224,224,224,0
2022-06-27 12:02:00,224,224,224,224,0
2022-06-27 12:03:00,224,224,224,224,0
2022-06-27 12:04:00,224,224,224,224,0
2022-06-27 12:05:00,224,224,224,224,0
2022-06-27 12:06:00,224,224,224,224,0
2022-06-27 12:07:00,224,224,224,224,0
2022-06-27 12:08:00,224,224,224,224,0
2022-06-27 12:09:00,224,224,224,224,0
2022-06-27 12:10:00,224,224,224,224,0
2022-06-27 12:11:00,224,224,224,224,0
2022-06-27 12:12:00,224,224,224,224,0
2022-06-27 12:13:00,224,224,224,224,0
2022-06-27 12:14:00,224,224,224,224,0
2022-06-27 12:15:00,224,224,224,224,0
2022-06-27 12:16:00,224,224,224,224,0
2022-06-27 12:17:00,224,224,224,224,0
2022-06-27 12:18:00,224,224,224,224,0
2022-06-27 12:19:00,224,224,224,224,0
2022-06-27 12:20:00,224,224,224,224,0
2022-06-27 12:21:00,224,224,224,224,0
2022-06-27 12:22:00,224,224,224,224,0
2022-06-27 12:23:00,224,224,224,224,0
2022-06-27 12:24:00,224,224,224,224,0
2022-06-27 12:25:00,224,224,224,224,0
2022-06-27 12:26:00,224,224,224,224,0
2022-06-27 12:27:00,224,224,224,224,0
2022-06-27 12:28:00,224,224,224,224,0
2022-06-27 12:29:00,224,224,224,224,0
2022-06-27 12:30:00,224,224,224,224,0
2022-06-27 12:31:00,224,224,224,224,0
2022-06-27 12:32:00,224,224,224,224,0
2022-06-27 12:33:00,224,224,224,224,0
2022-06-27 12:34:00,224,224,224,224,0
2022-06-27 12:35:00,224,224,224,224,0
2022-06-27 12:36:00,224,224,224,224,0
2022-06-27 12:37:00,224,224,224,224,0
2022-06-27 12:38:00,224,224,224,224,0
2022-06-27 12:39:00,224,224,224,224,0
2022-06-27 12:40:00,224,224,224,224,0
2022-06-27 12:41:00,224,224,224,224,0
2022-06-27 12:42:00,224,224,224,224,0
2022-06-27 12:43:00,224,224,224,224,0
2022-06-27 12:44:00,224,224,224,224,0
2022-06-27 12:45:00,224,224,224,224,0
2022-06-27 12:46:00,224,224,224,224,0
2022-06-27 12:47:00,224,224,224,224,0
2022-06-27 12:48:00,224,224,224,224,0
2022-06-27 12:49:00,224,224,224,224,0
2022-06-27 12:50:00,224,224,224,224,0
2022-06-27 12:51:00,224,224,224,224,0
2022-06-27 12:52:00,224,224,224,224,0
2022-06-27 12:53:00,224,224,224,224,0
2022-06-27 12:54:00,224,224,224,224,0
2022-06-27 12:55:00,224,224,224,224,0
2022-06-27 12:56:00,224,224,224,224,0
2022-06-27 12:57:00,224,224,224,224,0
2022-06-27 12:58:00,224,224,224,224,0
2022-06-27 12:59:00,224,224,224,224,0
2022-06-27 13:00:00,224,224,224,224,0
2022-06-27 13:01:00,224,224,224,224,0
2022-06-27 13:02:00,224,224,224,224,0
2022-06-27 13:03:00,224,224,224,224,0
2022-06-27 13:04:00,224,224,224,224,0
2022-06-27 13:05:00,224,224,224,224,0
2022-06-27 13:06:00,224,224,224,224,0
2022-06-27 13:07:00,224,224,224,224,0
2022-06-27 13:08:00,224,224,224,224,0
2022-06-27 13:09:00,224,224,224,224,0
2022-06-27 13:10:00,224,224,224,224,0
2022-06-27 13:11:00,224,224,224,224,0
2022-06-27 13:12:00,224,224,224,224,0
2022-06-27 13:13:00,224,224,224,224,0
2022-06-27 13:14:00,224,224,224,224,0
2022-06-27 13:15:00,224,224,224,224,0
2022-06-27 13:16:00,224,224,224,224,0
2022-06-27 13:17:00,224,224,224,224,0
2022-06-27 13:18:00,224,224,224,224,0
2022-06-27 13:19:00,224,224,224,224,0
2022-06-27 13:20:00,224,224,224,224,0
2022-06-27 13:21:00,224,224,224,224,0
2022-06-27 13:22:00,224,224,224,224,0
2022-06-27 13:23:00,224,224,224,224,0
2022-06-27 13:24:00,224,224,224,224,0
2022-06-27 13:25:00,224,224,224,224,0
2022-06-27 13:26:00,224,224,224,224,0
2022-06-27 13:27:00,224,224,224,224,0
2022-06-27 13:28:00,224,224,224,224,0
2022-06-27 13:29:00,224,224,224,224,0
2022-06-27 13:30:00,224,224,224,224,0
2022-06-27 13:31:00,224,224,224,224,0
2022-06-27 13:32:00,224,224,224,224,0
2022-06-27 13:33:00,224,224,224,224,0
2022-06-27 13:34:00,224,224,224,224,0
2022-06-27 13:35:00,224,224,224,224,0
2022-06-27 13:36:00,224,224,224,224,0
2022-06-27 13:37:00,224,224,224,224,0
2022-06-27 13:38:00,224,224,224,224,0
2022-06-27 13:39:00,224,224,224,224,0
2022-06-27 13:40:00,224,224,224,224,0
2022-06-27 13:41:00,224,224,224,224,0
2022-06-27 13:42:00,224,224,224,224,0
2022-06-27 13:43:00,224,224,224,224,0
2022-06-27 13:44:00,224,224,224,224,0
2022-06-27 13:45:00,224,224,224,224,0
2022-06-27 13:46:00,224,224,224,224,0
2022-06-27 13:47:00,224,224,224,224,0
2022-06-27 13:48:00,224,224,224,224,0
2022-06-27 13:49:00,224,224,224,224,0
2022-06-27 13:50:00,224,224,224,224,0
2022-06-27 13:51:00,224,224,224,224,0
2022-06-27 13:52:00,224,224,224,224,0
2022-06-27 13:53:00,224,224,224,224,0
2022-06-27 13:54:00,224,224,224,224,0
2022-06-27 13:55:00,224,224,224,224,0
2022-06-27 13:56:00,224,224,224,224,0
2022-06-27 13:57:00,224,224,224,224,0
2022-06-27 13:58:00,224,224,224,224,0
2022-06-27 13:59:00,224,224,224,224,0
2022-06-27 14:00:00,224,224,224,224,0
2022-06-27 14:01:00,224,224,224,224,0
2022-06-27 14:02:00,224,224,224,224,0
2022-06-27 14:03:00,224,224,224,224,0
2022-06-27 14:04:00,224,224,224,224,0
2022-06-27 14:05:00,224,224,224,224,0
2022-06-27 14:06:00,224,224,224,224,0
2022-06-27 14:07:00,224,224,224,224,0
2022-06-27 14:08:00,224,224,224,224,0
2022-06-27 14:09:00,224,224,224,224,0
2022-06-27 14:10:00,224,224,224,224,0
2022-06-27 14:11:00,224,224,224,224,0
2022-06-27 14:12:00,224,224,224,224,0
2022-06-27 14:13:00,224,224,224,224,0
2022-06-27 14:14:00,224,224,224,224,0
2022-06-27 14:15:00,224,224,224,224,0
2022-06-27 14:16:00,224,224,224,224,0
2022-06-27 14:17:00,224,224,224,224,0
2022-06-27 14:18:00,224,224,224,224,0
2022-06-27 14:19:00,224,224,224,224,0
2022-06-27 14:20:00,224,224,224,224,0
2022-06-27 14:21:00,224,224,224,224,0
2022-06-27 14:22:00,224,224,224,224,0
2022-06-27 14:23:00,224,224,224,224,0
2022-06-27 14:24:00,224,224,224,224,0
2022-06-27 14:25:00,224,224,224,224,0
2022-06-27 14:26:00,224,224,224,224,0
2022-06-27 14:27:00,224,224,224,224,0
2022-06-27 14:28:00,224,224,224,224,0
2022-06-27 14:29:00,224,224,224,224,0
2022-06-27 14:30:00,224,224,224,224,0
2022-06-27 14:31:00,224,224,224,224,0
2022-06-27 14:32:00,224,224,224,224,0
2022-06-27 14:33:00,224,224,224,224,0
2022-06-27 14:34:00,224,224,224,224,0
2022-06-27 14:35:00,224,224,224,224,0
2022-06-27 14:36:00,224,224,224,224,0
2022-06-27 14:37:00,224,224,224,224,0
2022-06-27 14:38:00,224,224,224,224,0
2022-06-27 14:39:00,224,224,224,224,0
2022-06-27 14:40:00,224,224,224,224,0
2022-06-27 14:41:00,224,224,224,224,0
2022-06-27 14:42:00,224,224,224,224,0
2022-06-27 14:43:00,224,224,224,224,0
2022-06-27 14:44:00,218,218,218,218,200
2022-06-27 14:45:00,218,218,218,218,0
2022-06-27 14:46:00,218,218,218,218,0
2022-06-27 14:47:00,218,218,218,218,0
2022-06-27 14:48:00,218,218,218,218,0
2022-06-27 14:49:00,218,218,218,218,0
2022-06-27 14:50:00,218,218,218,218,0
2022-06-27 14:51:00,218,218,218,218,0
2022-06-27 14:52:00,218,218,218,218,0
2022-06-27 14:53:00,218,218,218,218,0
2022-06-27 14:54:00,218,218,218,218,0
2022-06-27 14:55:00,218,218,218,218,0
2022-06-27 14:56:00,218,218,218,218,0
2022-06-27 14:57:00,218,218,218,218,0
2022-06-27 14:58:00,218,218,218,218,0
2022-06-27 14:59:00,218,218,218,218,0
2022-06-27 15:00:00,218,218,218,218,0
2022-06-27 15:01:00,218,218,218,218,0
2022-06-27 15:02:00,218,218,218,218,0
2022-06-27 15:03:00,218,218,218,218,0
2022-06-27 15:04:00,218,218,218,218,0
2022-06-27 15:05:00,218,218,218,218,0
2022-06-27 15:06:00,218,218,218,218,0
2022-06-27 15:07:00,218,218,218,218,0
2022-06-27 15:08:00,218,218,218,218,0
2022-06-27 15:09:00,218,218,218,218,0
2022-06-27 15:10:00,218,218,218,218,0
2022-06-27 15:11:00,218,218,218,218,0
2022-06-27 15:12:00,218,218,218,218,0
2022-06-27 15:13:00,218,218,218,218,0
2022-06-27 15:14:00,218,218,218,218,0
2022-06-27 15:15:00,218,218,218,218,0
2022-06-27 15:16:00,218,218,218,218,0
2022-06-27 15:17:00,218,218,218,218,0
2022-06-27 15:18:00,218,218,218,218,0
2022-06-27 15:19:00,218,218,218,218,0
2022-06-27 15:20:00,218,218,218,218,0
2022-06-27 15:21:00,218,218,218,218,0
2022-06-27 15:22:00,218,218,218,218,0
2022-06-27 15:23:00,218,218,218,218,0
2022-06-27 15:24:00,218,218,218,218,0
2022-06-27 15:25:00,218,218,218,218,0
2022-06-27 15:26:00,218,218,218,218,0
2022-06-27 15:27:00,218,218,218,218,0
2022-06-27 15:28:00,218,218,218,218,0
2022-06-27 15:29:00,218,218,218,218,0
2022-06-27 15:30:00,218,218,218,218,0
2022-06-27 15:31:00,218,218,218,218,0
2022-06-27 15:32:00,218,218,218,218,0
2022-06-27 15:33:00,218,218,218,218,0
2022-06-27 15:34:00,218,218,218,218,0
2022-06-27 15:35:00,218,218,218,218,0
2022-06-27 15:36:00,218,218,218,218,0
2022-06-27 15:37:00,218,218,218,218,0
2022-06-27 15:38:00,218,218,218,218,0
2022-06-27 15:39:00,218,218,218,218,0
2022-06-27 15:40:00,218,218,218,218,0
2022-06-27 15:41:00,218,218,218,218,0
2022-06-27 15:42:00,218,218,218,218,0
2022-06-27 15:43:00,218,218,218,218,0
2022-06-27 15:44:00,218,218,218,218,0
2022-06-27 15:45:00,218,218,218,218,0
2022-06-27 15:46:00,218,218,218,218,0
2022-06-27 15:47:00,218,218,218,218,0
2022-06-27 15:48:00,218,218,218,218,0
2022-06-27 15:49:00,218,218,218,218,0
2022-06-27 15:50:00,218,218,218,218,0
2022-06-27 15:51:00,218,218,218,218,0
2022-06-27 15:52:00,218,218,218,218,0
2022-06-27 15:53:00,218,218,218,218,0
2022-06-27 15:54:00,218,218,218,218,0
2022-06-27 15:55:00,218,218,218,218,0
2022-06-27 15:56:00,218,218,218,218,0
2022-06-27 15:57:00,218,218,218,218,0
2022-06-27 15:58:00,218,218,218,218,0
2022-06-27 15:59:00,218,218,218,218,0
2022-06-28 09:00:00,218,218,218,218,0
2022-06-28 09:01:00,218,218,218,218,0
2022-06-28 09:02:00,218,218,218,218,0
2022-06-28 09:03:00,218,218,218,218,0
2022-06-28 09:04:00,218,218,218,218,0
2022-06-28 09:05:00,218,218,218,218,0
2022-06-28 09:06:00,218,218,218,218,0
2022-06-28 09:07:00,218,218,218,218,0
2022-06-28 09:08:00,218,218,218,218,0
2022-06-28 09:09:00,218,218,218,218,0
2022-06-28 09:10:00,218,218,218,218,0
2022-06-28 09:11:00,218,218,218,218,0
2022-06-28 09:12:00,218,218,218,218,0
2022-06-28 09:13:00,218,218,218,218,0
2022-06-28 09:14:00,218,218,218,218,0
2022-06-28 09:15:00,218,218,218,218,0
2022-06-28 09:16:00,218,218,218,218,0
2022-06-28 09:17:00,218,218,218,218,0
2022-06-28 09:18:00,218,218,218,218,0
2022-06-28 09:19:00,218,218,218,218,0
2022-06-28 09:20:00,218,218,218,218,0
2022-06-28 09:21:00,218,218,218,218,0
2022-06-28 09:22:00,218,218,218,218,0
2022-06-28 09:23:00,218,218,218,218,0
2022-06-28 09:24:00,218,218,218,218,0
2022-06-28 09:25:00,218,218,218,218,0
2022-06-28 09:26:00,218,218,218,218,0
2022-06-28 09:27:00,218,218,218,218,0
2022-06-28 09:28:00,218,218,218,218,0
2022-06-28 09:29:00,218,218,218,218,0
2022-06-28 09:30:00,218,218,218,218,0
2022-06-28 09:31:00,218,218,218,218,0
2022-06-28 09:32:00,218,218,218,218,0
2022-06-28 09:33:00,218,218,218,218,0
2022-06-28 09:34:00,218,218,218,218,0
2022-06-28 09:35:00,218,218,218,218,0
2022-06-28 09:36:00,218,218,218,218,0
2022-06-28 09:37:00,218,218,218,218,0
2022-06-28 09:38:00,218,218,218,218,0
2022-06-28 09:39:00,218,218,218,218,0
2022-06-28 09:40:00,218,218,218,218,0
2022-06-28 09:41:00,218,218,218,218,0
2022-06-28 09:42:00,218,218,218,218,0
2022-06-28 09:43:00,218,218,218,218,0
2022-06-28 09:44:00,218,218,218,218,0
2022-06-28 09:45:00,218,218,218,218,0
2022-06-28 09:46:00,218,218,218,218,0
2022-06-28 09:47:00,218,218,218,218,0
2022-06-28 09:48:00,218,218,218,218,0
2022-06-28 09:49:00,218,218,218,218,0
2022-06-28 09:50:00,218,218,218,218,0
2022-06-28 09:51:00,218,218,218,218,0
2022-06-28 09:52:00,218,218,218,218,200
2022-06-28 09:53:00,218,218,218,218,0
2022-06-28 09:54:00,218,218,218,218,0
2022-06-28 09:55:00,218,218,218,218,0
2022-06-28 09:56:00,218,218,218,218,0
2022-06-28 09:57:00,218,218,218,218,0
2022-06-28 09:58:00,218,218,218,218,0
2022-06-28 09:59:00,218,218,218,218,400
2022-06-28 10:00:00,218,218,218,218,0
2022-06-28 10:01:00,218,218,218,218,0
2022-06-28 10:02:00,218,218,218,218,0
2022-06-28 10:03:00,218,218,218,218,0
2022-06-28 10:04:00,218,218,218,218,0
2022-06-28 10:05:00,218,218,218,218,0
2022-06-28 10:06:00,218,218,218,218,0
2022-06-28 10:07:00,218,218,218,218,0
2022-06-28 10:08:00,246,246,246,246,0
2022-06-28 10:09:00,246,246,246,246,100
2022-06-28 10:10:00,246,246,246,246,100
2022-06-28 10:11:00,246,246,246,246,0
2022-06-28 10:12:00,246,246,246,246,0
2022-06-28 10:13:00,246,246,246,246,0
2022-06-28 10:14:00,222,222,222,222,100
2022-06-28 10:15:00,222,222,238,238,400
2022-06-28 10:16:00,222,222,238,238,0
2022-06-28 10:17:00,222,222,238,238,0
2022-06-28 10:18:00,222,222,238,238,0
2022-06-28 10:19:00,222,222,238,238,0
2022-06-28 10:20:00,222,222,238,238,0
2022-06-28 10:21:00,222,222,238,238,0
2022-06-28 10:22:00,222,222,238,238,0
2022-06-28 10:23:00,222,222,238,238,0
2022-06-28 10:24:00,222,222,238,238,0
2022-06-28 10:25:00,236,236,236,236,1000
2022-06-28 10:26:00,236,236,236,236,0
2022-06-28 10:27:00,236,236,236,236,0
2022-06-28 10:28:00,236,236,236,236,0
2022-06-28 10:29:00,236,236,236,236,0
2022-06-28 10:30:00,236,236,236,236,0
2022-06-28 10:31:00,236,236,236,236,0
2022-06-28 10:32:00,236,236,236,236,0
2022-06-28 10:33:00,236,236,236,236,0
2022-06-28 10:34:00,236,236,236,236,0
2022-06-28 10:35:00,236,236,236,236,0
2022-06-28 10:36:00,236,236,236,236,0
2022-06-28 10:37:00,236,236,236,236,0
2022-06-28 10:38:00,234,234,234,234,2000
2022-06-28 10:39:00,234,234,234,234,0
2022-06-28 10:40:00,234,234,234,234,0
2022-06-28 10:41:00,234,234,234,234,0
2022-06-28 10:42:00,234,234,234,234,0
2022-06-28 10:43:00,234,234,234,234,0
2022-06-28 10:44:00,234,234,234,234,0
2022-06-28 10:45:00,234,234,234,234,0
2022-06-28 10:46:00,234,234,234,234,0
2022-06-28 10:47:00,234,234,234,234,0
2022-06-28 10:48:00,234,234,234,234,0
2022-06-28 10:49:00,234,234,234,234,0
2022-06-28 10:50:00,234,234,234,234,0
2022-06-28 10:51:00,234,234,234,234,0
2022-06-28 10:52:00,234,234,234,234,0
2022-06-28 10:53:00,224,224,224,224,100
2022-06-28 10:54:00,224,224,224,224,0
2022-06-28 10:55:00,224,224,224,224,0
2022-06-28 10:56:00,224,224,224,224,0
2022-06-28 10:57:00,224,224,224,224,0
2022-06-28 10:58:00,224,224,224,224,0
2022-06-28 10:59:00,222,222,222,222,100
2022-06-28 11:00:00,222,222,222,222,0
2022-06-28 11:01:00,222,222,222,222,0
2022-06-28 11:02:00,222,222,222,222,0
2022-06-28 11:03:00,222,222,222,222,0
2022-06-28 11:04:00,222,222,222,222,0
2022-06-28 11:05:00,222,222,222,222,0
2022-06-28 11:06:00,222,222,222,222,0
2022-06-28 11:07:00,222,222,222,222,0
2022-06-28 11:08:00,222,222,222,222,0
2022-06-28 11:09:00,222,222,222,222,0
2022-06-28 11:10:00,222,222,222,222,0
2022-06-28 11:11:00,222,222,222,222,0
2022-06-28 11:12:00,222,222,222,222,0
2022-06-28 11:13:00,222,222,222,222,0
2022-06-28 11:14:00,222,222,222,222,0
2022-06-28 11:15:00,222,222,222,222,0
2022-06-28 11:16:00,222,222,222,222,0
2022-06-28 11:17:00,222,222,222,222,0
2022-06-28 11:18:00,222,222,222,222,0
2022-06-28 11:19:00,222,222,222,222,1300
2022-06-28 11:20:00,222,222,222,222,0
2022-06-28 11:21:00,222,222,222,222,0
2022-06-28 11:22:00,222,222,222,222,0
2022-06-28 11:23:00,222,222,222,222,0
2022-06-28 11:24:00,222,222,222,222,0
2022-06-28 11:25:00,222,222,222,222,0
2022-06-28 11:26:00,222,222,222,222,0
2022-06-28 11:27:00,222,222,222,222,0
2022-06-28 11:28:00,222,222,222,222,0
2022-06-28 11:29:00,222,222,222,222,0
2022-06-28 11:30:00,222,222,222,222,0
2022-06-28 11:31:00,222,222,222,222,0
2022-06-28 11:32:00,222,222,222,222,0
2022-06-28 11:33:00,222,222,222,222,0
2022-06-28 11:34:00,222,222,222,222,0
2022-06-28 11:35:00,222,222,222,222,0
2022-06-28 11:36:00,222,222,222,222,0
2022-06-28 11:37:00,222,222,222,222,0
2022-06-28 11:38:00,222,222,222,222,0
2022-06-28 11:39:00,222,222,222,222,0
2022-06-28 11:40:00,222,222,222,222,0
2022-06-28 11:41:00,222,222,222,222,0
2022-06-28 11:42:00,222,222,222,222,0
2022-06-28 11:43:00,222,222,222,222,0
2022-06-28 11:44:00,222,222,222,222,0
2022-06-28 11:45:00,222,222,222,222,0
2022-06-28 11:46:00,222,222,222,222,0
2022-06-28 11:47:00,222,222,222,222,0
2022-06-28 11:48:00,222,222,222,222,0
2022-06-28 11:49:00,222,222,222,222,0
2022-06-28 11:50:00,222,222,222,222,0
2022-06-28 11:51:00,222,222,222,222,0
2022-06-28 11:52:00,222,222,222,222,0
2022-06-28 11:53:00,222,222,222,222,0
2022-06-28 11:54:00,222,222,222,222,0
2022-06-28 11:55:00,222,222,222,222,0
2022-06-28 11:56:00,222,222,222,222,0
2022-06-28 11:57:00,222,222,222,222,0
2022-06-28 11:58:00,222,222,222,222,0
2022-06-28 11:59:00,222,222,222,222,0
2022-06-28 12:00:00,222,222,222,222,0
2022-06-28 12:01:00,222,222,222,222,0
2022-06-28 12:02:00,222,222,222,222,0
2022-06-28 12:03:00,222,222,222,222,0
2022-06-28 12:04:00,222,222,222,222,0
2022-06-28 12:05:00,222,222,222,222,0
2022-06-28 12:06:00,222,222,222,222,0
2022-06-28 12:07:00,222,222,222,222,0
2022-06-28 12:08:00,222,222,222,222,0
2022-06-28 12:09:00,222,222,222,222,0
2022-06-28 12:10:00,222,222,222,222,0
2022-06-28 12:11:00,222,222,222,222,0
2022-06-28 12:12:00,222,222,222,222,0
2022-06-28 12:13:00,222,222,222,222,0
2022-06-28 12:14:00,222,222,222,222,0
2022-06-28 12:15:00,222,222,222,222,0
2022-06-28 12:16:00,222,222,222,222,0
2022-06-28 12:17:00,222,222,222,222,0
2022-06-28 12:18:00,222,222,222,222,0
2022-06-28 12:19:00,222,222,222,222,0
2022-06-28 12:20:00,222,222,222,222,0
2022-06-28 12:21:00,222,222,222,222,0
2022-06-28 12:22:00,222,222,222,222,0
2022-06-28 12:23:00,222,222,222,222,0
2022-06-28 12:24:00,222,222,222,222,0
2022-06-28 12:25:00,222,222,222,222,0
2022-06-28 12:26:00,222,222,222,222,0
2022-06-28 12:27:00,222,222,222,222,0
2022-06-28 12:28:00,222,222,222,222,0
2022-06-28 12:29:00,222,222,222,222,0
2022-06-28 12:30:00,222,222,222,222,0
2022-06-28 12:31:00,222,222,222,222,0
2022-06-28 12:32:00,222,222,222,222,0
2022-06-28 12:33:00,222,222,222,222,0
2022-06-28 12:34:00,222,222,222,222,0
2022-06-28 12:35:00,222,222,222,222,0
2022-06-28 12:36:00,222,222,222,222,0
2022-06-28 12:37:00,222,222,222,222,0
2022-06-28 12:38:00,222,222,222,222,0
2022-06-28 12:39:00,222,222,222,222,0
2022-06-28 12:40:00,222,222,222,222,0
2022-06-28 12:41:00,222,222,222,222,0
2022-06-28 12:42:00,222,222,222,222,0
2022-06-28 12:43:00,222,222,222,222,0
2022-06-28 12:44:00,222,222,222,222,0
2022-06-28 12:45:00,222,222,222,222,0
2022-06-28 12:46:00,222,222,222,222,0
2022-06-28 12:47:00,222,222,222,222,0
2022-06-28 12:48:00,222,222,222,222,0
2022-06-28 12:49:00,222,222,222,222,0
2022-06-28 12:50:00,222,222,222,222,0
2022-06-28 12:51:00,222,222,222,222,0
2022-06-28 12:52:00,222,222,222,222,0
2022-06-28 12:53:00,222,222,222,222,0
2022-06-28 12:54:00,222,222,222,222,0
2022-06-28 12:55:00,222,222,222,222,0
2022-06-28 12:56:00,222,222,222,222,0
2022-06-28 12:57:00,222,222,222,222,0
2022-06-28 12:58:00,222,222,222,222,0
2022-06-28 12:59:00,222,222,222,222,0
2022-06-28 13:00:00,222,222,222,222,0
2022-06-28 13:01:00,222,222,222,222,0
2022-06-28 13:02:00,222,222,222,222,0
2022-06-28 13:03:00,222,222,222,222,0
2022-06-28 13:04:00,222,222,222,222,0
2022-06-28 13:05:00,222,222,222,222,0
2022-06-28 13:06:00,222,222,222,222,0
2022-06-28 13:07:00,222,222,222,222,0
2022-06-28 13:08:00,222,222,222,222,0
2022-06-28 13:09:00,222,222,222,222,0
2022-06-28 13:10:00,222,222,222,222,0
2022-06-28 13:11:00,222,222,222,222,0
2022-06-28 13:12:00,222,222,222,222,0
2022-06-28 13:13:00,222,222,222,222,0
2022-06-28 13:14:00,222,222,222,222,0
2022-06-28 13:15:00,222,222,222,222,0
2022-06-28 13:16:00,222,222,222,222,0
2022-06-28 13:17:00,222,222,222,222,0
2022-06-28 13:18:00,222,222,222,222,0
2022-06-28 13:19:00,222,222,222,222,0
2022-06-28 13:20:00,222,222,222,222,0
2022-06-28 13:21:00,222,222,222,222,0
2022-06-28 13:22:00,222,222,222,222,0
2022-06-28 13:23:00,222,222,222,222,0
2022-06-28 13:24:00,222,222,222,222,0
2022-06-28 13:25:00,222,222,222,222,0
2022-06-28 13:26:00,222,222,222,222,0
2022-06-28 13:27:00,222,222,222,222,0
2022-06-28 13:28:00,222,222,222,222,0
2022-06-28 13:29:00,222,222,222,222,0
2022-06-28 13:30:00,222,222,222,222,0
2022-06-28 13:31:00,222,222,222,222,0
2022-06-28 13:32:00,222,222,222,222,0
2022-06-28 13:33:00,222,222,222,222,0
2022-06-28 13:34:00,222,222,222,222,0
2022-06-28 13:35:00,222,222,222,222,0
2022-06-28 13:36:00,222,222,222,222,0
2022-06-28 13:37:00,222,222,222,222,0
2022-06-28 13:38:00,222,222,222,222,0
2022-06-28 13:39:00,222,222,222,222,0
2022-06-28 13:40:00,222,222,222,222,0
2022-06-28 13:41:00,222,222,222,222,0
2022-06-28 13:42:00,222,222,222,222,0
2022-06-28 13:43:00,222,222,222,222,0
2022-06-28 13:44:00,222,222,222,222,0
2022-06-28 13:45:00,222,222,222,222,0
2022-06-28 13:46:00,222,222,222,222,0
2022-06-28 13:47:00,222,222,222,222,0
2022-06-28 13:48:00,222,222,222,222,0
2022-06-28 13:49:00,222,222,222,222,0
2022-06-28 13:50:00,222,222,222,222,0
2022-06-28 13:51:00,222,222,222,222,0
2022-06-28 13:52:00,222,222,222,222,0
2022-06-28 13:53:00,222,222,222,222,0
2022-06-28 13:54:00,222,222,222,222,0
2022-06-28 13:55:00,222,222,222,222,0
2022-06-28 13:56:00,222,222,222,222,0
2022-06-28 13:57:00,222,222,222,222,0
2022-06-28 13:58:00,222,222,222,222,0
2022-06-28 13:59:00,222,222,222,222,0
2022-06-28 14:00:00,222,222,222,222,0
2022-06-28 14:01:00,222,222,222,222,0
2022-06-28 14:02:00,222,222,222,222,0
2022-06-28 14:03:00,222,222,222,222,0
2022-06-28 14:04:00,222,222,222,222,0
2022-06-28 14:05:00,222,222,222,222,0
2022-06-28 14:06:00,222,222,222,222,0
2022-06-28 14:07:00,222,222,222,222,0
2022-06-28 14:08:00,222,222,222,222,0
2022-06-28 14:09:00,222,222,222,222,0
2022-06-28 14:10:00,222,222,222,222,0
2022-06-28 14:11:00,222,222,222,222,0
2022-06-28 14:12:00,222,222,222,222,0
2022-06-28 14:13:00,222,222,222,222,0
2022-06-28 14:14:00,222,222,222,222,0
2022-06-28 14:15:00,222,222,222,222,0
2022-06-28 14:16:00,222,222,222,222,0
2022-06-28 14:17:00,222,222,222,222,0
2022-06-28 14:18:00,222,222,222,222,0
2022-06-28 14:19:00,222,222,222,222,0
2022-06-28 14:20:00,222,222,222,222,0
2022-06-28 14:21:00,222,222,222,222,0
2022-06-28 14:22:00,222,222,222,222,0
2022-06-28 14:23:00,222,222,222,222,0
2022-06-28 14:24:00,222,222,222,222,0
2022-06-28 14:25:00,222,222,222,222,0
2022-06-28 14:26:00,222,222,222,222,0
2022-06-28 14:27:00,222,222,222,222,0
2022-06-28 14:28:00,222,222,222,222,0
2022-06-28 14:29:00,222,222,222,222,0
2022-06-28 14:30:00,222,222,222,222,0
2022-06-28 14:31:00,222,222,222,222,0
2022-06-28 14:32:00,222,222,222,222,0
2022-06-28 14:33:00,222,222,222,222,100
2022-06-28 14:34:00,222,222,222,222,0
2022-06-28 14:35:00,222,222,222,222,0
2022-06-28 14:36:00,222,222,222,222,0
2022-06-28 14:37:00,222,222,222,222,0
2022-06-28 14:38:00,222,222,222,222,0
2022-06-28 14:39:00,222,222,222,222,0
2022-06-28 14:40:00,222,222,222,222,0
2022-06-28 14:41:00,222,222,222,222,0
2022-06-28 14:42:00,222,222,222,222,0
2022-06-28 14:43:00,222,222,222,222,0
2022-06-28 14:44:00,222,222,222,222,6700
2022-06-28 14:45:00,222,222,222,222,0
2022-06-28 14:46:00,222,222,222,222,0
2022-06-28 14:47:00,222,222,222,222,0
2022-06-28 14:48:00,222,222,222,222,0
2022-06-28 14:49:00,222,222,222,222,0
2022-06-28 14:50:00,222,222,222,222,0
2022-06-28 14:51:00,222,222,222,222,0
2022-06-28 14:52:00,222,222,222,222,0
2022-06-28 14:53:00,222,222,222,222,0
2022-06-28 14:54:00,222,222,222,222,0
2022-06-28 14:55:00,222,222,222,222,0
2022-06-28 14:56:00,222,222,222,222,0
2022-06-28 14:57:00,222,222,222,222,0
2022-06-28 14:58:00,222,222,222,222,0
2022-06-28 14:59:00,222,222,222,222,0
2022-06-28 15:00:00,222,222,222,222,0
2022-06-28 15:01:00,222,222,222,222,0
2022-06-28 15:02:00,222,222,222,222,0
2022-06-28 15:03:00,222,222,222,222,0
2022-06-28 15:04:00,222,222,222,222,0
2022-06-28 15:05:00,222,222,222,222,0
2022-06-28 15:06:00,222,222,222,222,0
2022-06-28 15:07:00,222,222,222,222,0
2022-06-28 15:08:00,222,222,222,222,0
2022-06-28 15:09:00,222,222,222,222,0
2022-06-28 15:10:00,222,222,222,222,0
2022-06-28 15:11:00,222,222,222,222,0
2022-06-28 15:12:00,222,222,222,222,0
2022-06-28 15:13:00,222,222,222,222,0
2022-06-28 15:14:00,222,222,222,222,0
2022-06-28 15:15:00,222,222,222,222,0
2022-06-28 15:16:00,222,222,222,222,0
2022-06-28 15:17:00,222,222,222,222,0
2022-06-28 15:18:00,222,222,222,222,0
2022-06-28 15:19:00,222,222,222,222,0
2022-06-28 15:20:00,222,222,222,222,0
2022-06-28 15:21:00,222,222,222,222,0
2022-06-28 15:22:00,222,222,222,222,0
2022-06-28 15:23:00,222,222,222,222,0
2022-06-28 15:24:00,222,222,222,222,0
2022-06-28 15:25:00,222,222,222,222,0
2022-06-28 15:26:00,222,222,222,222,0
2022-06-28 15:27:00,222,222,222,222,0
2022-06-28 15:28:00,222,222,222,222,0
2022-06-28 15:29:00,222,222,222,222,0
2022-06-28 15:30:00,222,222,222,222,0
2022-06-28 15:31:00,222,222,222,222,0
2022-06-28 15:32:00,222,222,222,222,0
2022-06-28 15:33:00,222,222,222,222,0
2022-06-28 15:34:00,222,222,222,222,0
2022-06-28 15:35:00,222,222,222,222,0
2022-06-28 15:36:00,222,222,222,222,0
2022-06-28 15:37:00,222,222,222,222,0
2022-06-28 15:38:00,222,222,222,222,0
2022-06-28 15:39:00,222,222,222,222,0
2022-06-28 15:40:00,222,222,222,222,0
2022-06-28 15:41:00,222,222,222,222,0
2022-06-28 15:42:00,222,222,222,222,0
2022-06-28 15:43:00,222,222,222,222,0
2022-06-28 15:44:00,222,222,222,222,0
2022-06-28 15:45:00,222,222,222,222,0
2022-06-28 15:46:00,222,222,222,222,0
2022-06-28 15:47:00,222,222,222,222,0
2022-06-28 15:48:00,222,222,222,222,0
2022-06-28 15:49:00,222,222,222,222,0
2022-06-28 15:50:00,222,222,222,222,0
2022-06-28 15:51:00,222,222,222,222,0
2022-06-28 15:52:00,222,222,222,222,0
2022-06-28 15:53:00,222,222,222,222,0
2022-06-28 15:54:00,222,222,222,222,0
2022-06-28 15:55:00,222,222,222,222,0
2022-06-28 15:56:00,222,222,222,222,0
2022-06-28 15:57:00,222,222,222,222,0
2022-06-28 15:58:00,222,222,222,222,0
2022-06-28 15:59:00,222,222,222,222,0
2022-06-29 09:00:00,222,222,222,222,0
2022-06-29 09:01:00,222,222,222,222,0
2022-06-29 09:02:00,222,222,222,222,0
2022-06-29 09:03:00,222,222,222,222,0
2022-06-29 09:04:00,222,222,222,222,0
2022-06-29 09:05:00,222,222,222,222,0
2022-06-29 09:06:00,222,222,222,222,0
2022-06-29 09:07:00,222,222,222,222,0
2022-06-29 09:08:00,222,222,222,222,0
2022-06-29 09:09:00,222,222,222,222,0
2022-06-29 09:10:00,222,222,222,222,0
2022-06-29 09:11:00,222,222,222,222,0
2022-06-29 09:12:00,222,222,222,222,0
2022-06-29 09:13:00,222,222,222,222,0
2022-06-29 09:14:00,222,222,222,222,0
2022-06-29 09:15:00,222,222,222,222,0
2022-06-29 09:16:00,222,222,222,222,0
2022-06-29 09:17:00,222,222,222,222,0
2022-06-29 09:18:00,222,222,222,222,0
2022-06-29 09:19:00,222,222,222,222,0
2022-06-29 09:20:00,222,222,222,222,0
2022-06-29 09:21:00,222,222,222,222,0
2022-06-29 09:22:00,222,222,222,222,0
2022-06-29 09:23:00,222,222,222,222,0
2022-06-29 09:24:00,222,222,222,222,0
2022-06-29 09:25:00,222,222,222,222,0
2022-06-29 09:26:00,222,222,222,222,0
2022-06-29 09:27:00,222,222,222,222,0
2022-06-29 09:28:00,222,222,222,222,0
2022-06-29 09:29:00,222,222,222,222,0
2022-06-29 09:30:00,222,222,222,222,0
2022-06-29 09:31:00,222,222,222,222,0
2022-06-29 09:32:00,222,222,222,222,0
2022-06-29 09:33:00,222,222,222,222,0
2022-06-29 09:34:00,222,222,222,222,0
2022-06-29 09:35:00,222,222,222,222,0
2022-06-29 09:36:00,222,222,222,222,0
2022-06-29 09:37:00,222,222,222,222,0
2022-06-29 09:38:00,222,222,222,222,0
2022-06-29 09:39:00,222,222,222,222,0
2022-06-29 09:40:00,222,222,222,222,0
2022-06-29 09:41:00,222,222,222,222,0
2022-06-29 09:42:00,222,222,222,222,0
2022-06-29 09:43:00,222,222,222,222,0
2022-06-29 09:44:00,222,222,222,222,0
2022-06-29 09:45:00,222,222,222,222,0
2022-06-29 09:46:00,222,222,222,222,0
2022-06-29 09:47:00,222,222,222,222,0
2022-06-29 09:48:00,222,222,222,222,0
2022-06-29 09:49:00,222,222,222,222,0
2022-06-29 09:50:00,222,222,222,222,0
2022-06-29 09:51:00,222,222,222,222,0
2022-06-29 09:52:00,222,222,222,222,0
2022-06-29 09:53:00,222,222,222,222,0
2022-06-29 09:54:00,222,222,222,222,0
2022-06-29 09:55:00,222,222,222,222,0
2022-06-29 09:56:00,222,222,222,222,0
2022-06-29 09:57:00,222,222,222,222,0
2022-06-29 09:58:00,222,222,222,222,0
2022-06-29 09:59:00,222,222,222,222,0
2022-06-29 10:00:00,222,222,222,222,0
2022-06-29 10:01:00,222,222,222,222,0
2022-06-29 10:02:00,222,222,222,222,0
2022-06-29 10:03:00,222,222,222,222,0
2022-06-29 10:04:00,222,222,222,222,0
2022-06-29 10:05:00,222,222,222,222,0
2022-06-29 10:06:00,222,222,222,222,0
2022-06-29 10:07:00,222,222,222,222,0
2022-06-29 10:08:00,222,222,222,222,0
2022-06-29 10:09:00,222,222,222,222,0
2022-06-29 10:10:00,222,222,222,222,0
2022-06-29 10:11:00,222,222,222,222,0
2022-06-29 10:12:00,222,222,222,222,0
2022-06-29 10:13:00,222,222,222,222,0
2022-06-29 10:14:00,222,222,222,222,0
2022-06-29 10:15:00,222,222,222,222,0
2022-06-29 10:16:00,222,222,222,222,0
2022-06-29 10:17:00,222,222,222,222,0
2022-06-29 10:18:00,222,222,222,222,0
2022-06-29 10:19:00,222,222,222,222,0
2022-06-29 10:20:00,222,222,222,222,0
2022-06-29 10:21:00,222,222,222,222,0
2022-06-29 10:22:00,222,222,222,222,0
2022-06-29 10:23:00,222,222,222,222,0
2022-06-29 10:24:00,222,222,222,222,0
2022-06-29 10:25:00,222,222,222,222,0
2022-06-29 10:26:00,222,222,222,222,0
2022-06-29 10:27:00,222,222,222,222,0
2022-06-29 10:28:00,222,222,222,222,0
2022-06-29 10:29:00,222,222,222,222,0
2022-06-29 10:30:00,222,222,222,222,0
2022-06-29 10:31:00,222,222,222,222,0
2022-06-29 10:32:00,222,222,222,222,0
2022-06-29 10:33:00,222,222,222,222,0
2022-06-29 10:34:00,222,222,222,222,0
2022-06-29 10:35:00,222,222,222,222,0
2022-06-29 10:36:00,222,222,222,222,0
2022-06-29 10:37:00,222,222,222,222,0
2022-06-29 10:38:00,222,222,222,222,0
2022-06-29 10:39:00,222,222,222,222,0
2022-06-29 10:40:00,222,222,222,222,0
2022-06-29 10:41:00,222,222,222,222,0
2022-06-29 10:42:00,222,222,222,222,0
2022-06-29 10:43:00,222,222,222,222,0
2022-06-29 10:44:00,222,222,222,222,0
2022-06-29 10:45:00,222,222,222,222,0
2022-06-29 10:46:00,222,222,222,222,0
2022-06-29 10:47:00,222,222,222,222,0
2022-06-29 10:48:00,222,222,222,222,0
2022-06-29 10:49:00,222,222,222,222,0
2022-06-29 10:50:00,222,222,222,222,0
2022-06-29 10:51:00,222,222,222,222,0
2022-06-29 10:52:00,222,222,222,222,0
2022-06-29 10:53:00,222,222,222,222,0
2022-06-29 10:54:00,222,222,222,222,0
2022-06-29 10:55:00,222,222,222,222,0
2022-06-29 10:56:00,222,222,222,222,0
2022-06-29 10:57:00,222,222,222,222,0
2022-06-29 10:58:00,222,222,222,222,0
2022-06-29 10:59:00,222,222,222,222,0
2022-06-29 11:00:00,222,222,222,222,0
2022-06-29 11:01:00,222,222,222,222,0
2022-06-29 11:02:00,222,222,222,222,0
2022-06-29 11:03:00,222,222,222,222,200
2022-06-29 11:04:00,222,222,222,222,0
2022-06-29 11:05:00,222,222,222,222,0
2022-06-29 11:06:00,222,222,222,222,0
2022-06-29 11:07:00,222,222,222,222,0
2022-06-29 11:08:00,222,222,222,222,0
2022-06-29 11:09:00,222,222,222,222,0
2022-06-29 11:10:00,222,222,222,222,0
2022-06-29 11:11:00,222,222,222,222,0
2022-06-29 11:12:00,222,222,222,222,0
2022-06-29 11:13:00,222,222,222,222,0
2022-06-29 11:14:00,222,222,222,222,0
2022-06-29 11:15:00,222,222,222,222,0
2022-06-29 11:16:00,222,222,222,222,0
2022-06-29 11:17:00,222,222,222,222,0
2022-06-29 11:18:00,222,222,222,222,0
2022-06-29 11:19:00,222,222,222,222,0
2022-06-29 11:20:00,222,222,222,222,0
2022-06-29 11:21:00,222,222,222,222,0
2022-06-29 11:22:00,222,222,222,222,0
2022-06-29 11:23:00,222,222,222,222,0
2022-06-29 11:24:00,222,222,222,222,0
2022-06-29 11:25:00,222,222,222,222,0
2022-06-29 11:26:00,222,222,222,222,0
2022-06-29 11:27:00,222,222,222,222,0
2022-06-29 11:28:00,222,222,222,222,0
2022-06-29 11:29:00,222,222,222,222,0
2022-06-29 11:30:00,222,222,222,222,0
2022-06-29 11:31:00,222,222,222,222,0
2022-06-29 11:32:00,222,222,222,222,0
2022-06-29 11:33:00,222,222,222,222,0
2022-06-29 11:34:00,222,222,222,222,0
2022-06-29 11:35:00,222,222,222,222,0
2022-06-29 11:36:00,222,222,222,222,0
2022-06-29 11:37:00,222,222,222,222,0
2022-06-29 11:38:00,222,222,222,222,0
2022-06-29 11:39:00,222,222,222,222,0
2022-06-29 11:40:00,222,222,222,222,0
2022-06-29 11:41:00,222,222,222,222,0
2022-06-29 11:42:00,222,222,222,222,0
2022-06-29 11:43:00,222,222,222,222,0
2022-06-29 11:44:00,222,222,222,222,0
2022-06-29 11:45:00,222,222,222,222,0
2022-06-29 11:46:00,222,222,222,222,0
2022-06-29 11:47:00,222,222,222,222,0
2022-06-29 11:48:00,222,222,222,222,0
2022-06-29 11:49:00,222,222,222,222,0
2022-06-29 11:50:00,222,222,222,222,0
2022-06-29 11:51:00,222,222,222,222,0
2022-06-29 11:52:00,222,222,222,222,0
2022-06-29 11:53:00,222,222,222,222,0
2022-06-29 11:54:00,222,222,222,222,0
2022-06-29 11:55:00,222,222,222,222,0
2022-06-29 11:56:00,222,222,222,222,0
2022-06-29 11:57:00,222,222,222,222,0
2022-06-29 11:58:00,222,222,222,222,0
2022-06-29 11:59:00,222,222,222,222,0
2022-06-29 12:00:00,222,222,222,222,0
2022-06-29 12:01:00,222,222,222,222,0
2022-06-29 12:02:00,222,222,222,222,0
2022-06-29 12:03:00,222,222,222,222,0
2022-06-29 12:04:00,222,222,222,222,0
2022-06-29 12:05:00,222,222,222,222,0
2022-06-29 12:06:00,222,222,222,222,0
2022-06-29 12:07:00,222,222,222,222,0
2022-06-29 12:08:00,222,222,222,222,0
2022-06-29 12:09:00,222,222,222,222,0
2022-06-29 12:10:00,222,222,222,222,0
2022-06-29 12:11:00,222,222,222,222,0
2022-06-29 12:12:00,222,222,222,222,0
2022-06-29 12:13:00,222,222,222,222,0
2022-06-29 12:14:00,222,222,222,222,0
2022-06-29 12:15:00,222,222,222,222,0
2022-06-29 12:16:00,222,222,222,222,0
2022-06-29 12:17:00,222,222,222,222,0
2022-06-29 12:18:00,222,222,222,222,0
2022-06-29 12:19:00,222,222,222,222,0
2022-06-29 12:20:00,222,222,222,222,0
2022-06-29 12:21:00,222,222,222,222,0
2022-06-29 12:22:00,222,222,222,222,0
2022-06-29 12:23:00,222,222,222,222,0
2022-06-29 12:24:00,222,222,222,222,0
2022-06-29 12:25:00,222,222,222,222,0
2022-06-29 12:26:00,222,222,222,222,0
2022-06-29 12:27:00,222,222,222,222,0
2022-06-29 12:28:00,222,222,222,222,0
2022-06-29 12:29:00,222,222,222,222,0
2022-06-29 12:30:00,222,222,222,222,0
2022-06-29 12:31:00,222,222,222,222,0
2022-06-29 12:32:00,222,222,222,222,0
2022-06-29 12:33:00,222,222,222,222,0
2022-06-29 12:34:00,222,222,222,222,0
2022-06-29 12:35:00,222,222,222,222,0
2022-06-29 12:36:00,222,222,222,222,0
2022-06-29 12:37:00,222,222,222,222,0
2022-06-29 12:38:00,222,222,222,222,0
2022-06-29 12:39:00,222,222,222,222,0
2022-06-29 12:40:00,222,222,222,222,0
2022-06-29 12:41:00,222,222,222,222,0
2022-06-29 12:42:00,222,222,222,222,0
2022-06-29 12:43:00,222,222,222,222,0
2022-06-29 12:44:00,222,222,222,222,0
2022-06-29 12:45:00,222,222,222,222,0
2022-06-29 12:46:00,222,222,222,222,0
2022-06-29 12:47:00,222,222,222,222,0
2022-06-29 12:48:00,222,222,222,222,0
2022-06-29 12:49:00,222,222,222,222,0
2022-06-29 12:50:00,222,222,222,222,0
2022-06-29 12:51:00,222,222,222,222,0
2022-06-29 12:52:00,222,222,222,222,0
2022-06-29 12:53:00,222,222,222,222,0
2022-06-29 12:54:00,222,222,222,222,0
2022-06-29 12:55:00,222,222,222,222,0
2022-06-29 12:56:00,222,222,222,222,0
2022-06-29 12:57:00,222,222,222,222,0
2022-06-29 12:58:00,222,222,222,222,0
2022-06-29 12:59:00,222,222,222,222,0
2022-06-29 13:00:00,222,222,222,222,0
2022-06-29 13:01:00,222,222,222,222,0
2022-06-29 13:02:00,222,222,222,222,0
2022-06-29 13:03:00,222,222,222,222,0
2022-06-29 13:04:00,222,222,222,222,0
2022-06-29 13:05:00,222,222,222,222,0
2022-06-29 13:06:00,222,222,222,222,0
2022-06-29 13:07:00,222,222,222,222,0
2022-06-29 13:08:00,222,222,222,222,0
2022-06-29 13:09:00,222,222,222,222,0
2022-06-29 13:10:00,222,222,222,222,0
2022-06-29 13:11:00,222,222,222,222,0
2022-06-29 13:12:00,222,222,222,222,0
2022-06-29 13:13:00,222,222,222,222,0
2022-06-29 13:14:00,222,222,222,222,0
2022-06-29 13:15:00,222,222,222,222,0
2022-06-29 13:16:00,222,222,222,222,0
2022-06-29 13:17:00,222,222,222,222,0
2022-06-29 13:18:00,222,222,222,222,0
2022-06-29 13:19:00,222,222,222,222,0
2022-06-29 13:20:00,222,222,222,222,0
2022-06-29 13:21:00,222,222,222,222,0
2022-06-29 13:22:00,222,222,222,222,0
2022-06-29 13:23:00,222,222,222,222,0
2022-06-29 13:24:00,222,222,222,222,0
2022-06-29 13:25:00,222,222,222,222,0
2022-06-29 13:26:00,222,222,222,222,0
2022-06-29 13:27:00,222,222,222,222,0
2022-06-29 13:28:00,222,222,222,222,0
2022-06-29 13:29:00,222,222,222,222,0
2022-06-29 13:30:00,222,222,222,222,0
2022-06-29 13:31:00,222,222,222,222,0
2022-06-29 13:32:00,222,222,222,222,0
2022-06-29 13:33:00,222,222,222,222,0
2022-06-29 13:34:00,222,222,222,222,0
2022-06-29 13:35:00,222,222,222,222,0
2022-06-29 13:36:00,222,222,222,222,0
2022-06-29 13:37:00,222,222,222,222,0
2022-06-29 13:38:00,222,222,222,222,0
2022-06-29 13:39:00,222,222,222,222,0
2022-06-29 13:40:00,222,222,222,222,0
2022-06-29 13:41:00,222,222,222,222,0
2022-06-29 13:42:00,222,222,222,222,0
2022-06-29 13:43:00,222,222,222,222,0
2022-06-29 13:44:00,222,222,222,222,0
2022-06-29 13:45:00,222,222,222,222,0
2022-06-29 13:46:00,222,222,222,222,0
2022-06-29 13:47:00,222,222,222,222,0
2022-06-29 13:48:00,222,222,222,222,0
2022-06-29 13:49:00,222,222,222,222,0
2022-06-29 13:50:00,222,222,222,222,0
2022-06-29 13:51:00,222,222,222,222,0
2022-06-29 13:52:00,222,222,222,222,0
2022-06-29 13:53:00,222,222,222,222,0
2022-06-29 13:54:00,222,222,222,222,0
2022-06-29 13:55:00,222,222,222,222,0
2022-06-29 13:56:00,222,222,222,222,0
2022-06-29 13:57:00,222,222,222,222,0
2022-06-29 13:58:00,222,222,222,222,0
2022-06-29 13:59:00,222,222,222,222,0
2022-06-29 14:00:00,222,222,222,222,0
2022-06-29 14:01:00,222,222,222,222,0
2022-06-29 14:02:00,222,222,222,222,0
2022-06-29 14:03:00,222,222,222,222,0
2022-06-29 14:04:00,222,222,222,222,0
2022-06-29 14:05:00,222,222,222,222,0
2022-06-29 14:06:00,222,222,222,222,0
2022-06-29 14:07:00,222,222,222,222,0
2022-06-29 14:08:00,222,222,222,222,0
2022-06-29 14:09:00,222,222,222,222,0
2022-06-29 14:10:00,222,222,222,222,0
2022-06-29 14:11:00,222,222,222,222,0
2022-06-29 14:12:00,222,222,222,222,100
2022-06-29 14:13:00,222,222,222,222,0
2022-06-29 14:14:00,222,222,222,222,0
2022-06-29 14:15:00,222,222,222,222,0
2022-06-29 14:16:00,222,222,222,222,0
2022-06-29 14:17:00,222,222,222,222,0
2022-06-29 14:18:00,222,222,222,222,0
2022-06-29 14:19:00,222,222,222,222,0
2022-06-29 14:20:00,222,222,222,222,0
2022-06-29 14:21:00,222,222,222,222,0
2022-06-29 14:22:00,222,222,222,222,0
2022-06-29 14:23:00,222,222,222,222,0
2022-06-29 14:24:00,222,222,222,222,0
2022-06-29 14:25:00,222,222,222,222,0
2022-06-29 14:26:00,222,222,222,222,0
2022-06-29 14:27:00,222,222,222,222,0
2022-06-29 14:28:00,222,222,222,222,200
2022-06-29 14:29:00,222,222,222,222,0
2022-06-29 14:30:00,222,222,222,222,0
2022-06-29 14:31:00,222,222,222,222,0
2022-06-29 14:32:00,222,222,222,222,0
2022-06-29 14:33:00,222,222,222,222,0
2022-06-29 14:34:00,222,222,222,222,0
2022-06-29 14:35:00,222,222,222,222,0
2022-06-29 14:36:00,222,222,222,222,0
2022-06-29 14:37:00,222,222,222,222,0
2022-06-29 14:38:00,222,222,222,222,0
2022-06-29 14:39:00,222,222,222,222,0
2022-06-29 14:40:00,222,222,222,222,0
2022-06-29 14:41:00,222,222,222,222,0
2022-06-29 14:42:00,222,222,222,222,0
2022-06-29 14:43:00,222,222,222,222,0
2022-06-29 14:44:00,222,222,222,222,0
2022-06-29 14:45:00,222,222,222,222,0
2022-06-29 14:46:00,222,222,222,222,0
2022-06-29 14:47:00,222,222,222,222,0
2022-06-29 14:48:00,222,222,222,222,0
2022-06-29 14:49:00,222,222,222,222,0
2022-06-29 14:50:00,222,222,222,222,0
2022-06-29 14:51:00,222,222,222,222,0
2022-06-29 14:52:00,222,222,222,222,0
2022-06-29 14:53:00,222,222,222,222,0
2022-06-29 14:54:00,222,222,222,222,0
2022-06-29 14:55:00,222,222,222,222,0
2022-06-29 14:56:00,222,222,222,222,0
2022-06-29 14:57:00,222,222,222,222,0
2022-06-29 14:58:00,222,222,222,222,0
2022-06-29 14:59:00,222,222,222,222,0
2022-06-29 15:00:00,214,214,214,214,700
2022-06-29 15:01:00,214,214,214,214,0
2022-06-29 15:02:00,214,214,214,214,0
2022-06-29 15:03:00,214,214,214,214,0
2022-06-29 15:04:00,214,214,214,214,0
2022-06-29 15:05:00,214,214,214,214,0
2022-06-29 15:06:00,214,214,214,214,0
2022-06-29 15:07:00,214,214,214,214,0
2022-06-29 15:08:00,214,214,214,214,0
2022-06-29 15:09:00,214,214,214,214,0
2022-06-29 15:10:00,214,214,214,214,0
2022-06-29 15:11:00,214,214,214,214,0
2022-06-29 15:12:00,214,214,214,214,0
2022-06-29 15:13:00,214,214,214,214,0
2022-06-29 15:14:00,214,214,214,214,0
2022-06-29 15:15:00,214,214,214,214,0
2022-06-29 15:16:00,214,214,214,214,0
2022-06-29 15:17:00,214,214,214,214,0
2022-06-29 15:18:00,214,214,214,214,0
2022-06-29 15:19:00,214,214,214,214,0
2022-06-29 15:20:00,214,214,214,214,0
2022-06-29 15:21:00,214,214,214,214,0
2022-06-29 15:22:00,214,214,214,214,0
2022-06-29 15:23:00,214,214,214,214,0
2022-06-29 15:24:00,214,214,214,214,0
2022-06-29 15:25:00,214,214,214,214,0
2022-06-29 15:26:00,214,214,214,214,0
2022-06-29 15:27:00,214,214,214,214,0
2022-06-29 15:28:00,214,214,214,214,0
2022-06-29 15:29:00,214,214,214,214,0
2022-06-29 15:30:00,214,214,214,214,0
2022-06-29 15:31:00,214,214,214,214,0
2022-06-29 15:32:00,214,214,214,214,0
2022-06-29 15:33:00,214,214,214,214,0
2022-06-29 15:34:00,214,214,214,214,0
2022-06-29 15:35:00,214,214,214,214,0
2022-06-29 15:36:00,214,214,214,214,0
2022-06-29 15:37:00,214,214,214,214,0
2022-06-29 15:38:00,214,214,214,214,0
2022-06-29 15:39:00,214,214,214,214,0
2022-06-29 15:40:00,214,214,214,214,0
2022-06-29 15:41:00,214,214,214,214,0
2022-06-29 15:42:00,214,214,214,214,0
2022-06-29 15:43:00,214,214,214,214,0
2022-06-29 15:44:00,214,214,214,214,0
2022-06-29 15:45:00,214,214,214,214,0
2022-06-29 15:46:00,214,214,214,214,0
2022-06-29 15:47:00,214,214,214,214,0
2022-06-29 15:48:00,214,214,214,214,0
2022-06-29 15:49:00,214,214,214,214,0
2022-06-29 15:50:00,214,214,214,214,0
2022-06-29 15:51:00,214,214,214,214,0
2022-06-29 15:52:00,214,214,214,214,0
2022-06-29 15:53:00,214,214,214,214,0
2022-06-29 15:54:00,214,214,214,214,0
2022-06-29 15:55:00,214,214,214,214,0
2022-06-29 15:56:00,214,214,214,214,0
2022-06-29 15:57:00,214,214,214,214,0
2022-06-29 15:58:00,214,214,214,214,0
2022-06-29 15:59:00,214,214,214,214,0
2022-06-30 09:00:00,214,214,214,214,0
2022-06-30 09:01:00,214,214,214,214,0
2022-06-30 09:02:00,214,214,214,214,0
2022-06-30 09:03:00,214,214,214,214,0
2022-06-30 09:04:00,214,214,214,214,0
2022-06-30 09:05:00,214,214,214,214,0
2022-06-30 09:06:00,214,214,214,214,0
2022-06-30 09:07:00,214,214,214,214,0
2022-06-30 09:08:00,214,214,214,214,0
2022-06-30 09:09:00,214,214,214,214,0
2022-06-30 09:10:00,214,214,214,214,0
2022-06-30 09:11:00,214,214,214,214,0
2022-06-30 09:12:00,214,214,214,214,0
2022-06-30 09:13:00,214,214,214,214,0
2022-06-30 09:14:00,214,214,214,214,0
2022-06-30 09:15:00,214,214,214,214,0
2022-06-30 09:16:00,214,214,214,214,0
2022-06-30 09:17:00,214,214,214,214,0
2022-06-30 09:18:00,214,214,214,214,0
2022-06-30 09:19:00,214,214,214,214,0
2022-06-30 09:20:00,214,214,214,214,0
2022-06-30 09:21:00,214,214,214,214,0
2022-06-30 09:22:00,214,214,214,214,0
2022-06-30 09:23:00,214,214,214,214,0
2022-06-30 09:24:00,214,214,214,214,0
2022-06-30 09:25:00,214,214,214,214,0
2022-06-30 09:26:00,214,214,214,214,0
2022-06-30 09:27:00,214,214,214,214,0
2022-06-30 09:28:00,214,214,214,214,0
2022-06-30 09:29:00,214,214,214,214,0
2022-06-30 09:30:00,214,214,214,214,0
2022-06-30 09:31:00,214,214,214,214,0
2022-06-30 09:32:00,214,214,214,214,0
2022-06-30 09:33:00,214,214,214,214,0
2022-06-30 09:34:00,214,214,214,214,0
2022-06-30 09:35:00,214,214,214,214,0
2022-06-30 09:36:00,214,214,214,214,0
2022-06-30 09:37:00,214,214,214,214,0
2022-06-30 09:38:00,214,214,214,214,0
2022-06-30 09:39:00,214,214,214,214,0
2022-06-30 09:40:00,214,214,214,214,0
2022-06-30 09:41:00,214,214,214,214,0
2022-06-30 09:42:00,214,214,214,214,0
2022-06-30 09:43:00,214,214,214,214,0
2022-06-30 09:44:00,214,214,214,214,0
2022-06-30 09:45:00,214,214,214,214,0
2022-06-30 09:46:00,214,214,214,214,0
2022-06-30 09:47:00,214,214,214,214,0
2022-06-30 09:48:00,214,214,214,214,0
2022-06-30 09:49:00,214,214,214,214,0
2022-06-30 09:50:00,214,214,214,214,0
2022-06-30 09:51:00,214,214,214,214,0
2022-06-30 09:52:00,214,214,214,214,0
2022-06-30 09:53:00,214,214,214,214,0
2022-06-30 09:54:00,214,214,214,214,0
2022-06-30 09:55:00,214,214,214,214,0
2022-06-30 09:56:00,214,214,214,214,0
2022-06-30 09:57:00,214,214,214,214,0
2022-06-30 09:58:00,214,214,214,214,0
2022-06-30 09:59:00,214,214,214,214,0
2022-06-30 10:00:00,214,214,214,214,0
2022-06-30 10:01:00,214,214,214,214,0
2022-06-30 10:02:00,214,214,214,214,0
2022-06-30 10:03:00,214,214,214,214,0
2022-06-30 10:04:00,214,214,214,214,0
2022-06-30 10:05:00,214,214,214,214,0
2022-06-30 10:06:00,214,214,214,214,0
2022-06-30 10:07:00,214,214,214,214,0
2022-06-30 10:08:00,214,214,214,214,0
2022-06-30 10:09:00,214,214,214,214,0
2022-06-30 10:10:00,214,214,214,214,0
2022-06-30 10:11:00,214,214,214,214,0
2022-06-30 10:12:00,214,214,214,214,0
2022-06-30 10:13:00,214,214,214,214,0
2022-06-30 10:14:00,214,214,214,214,0
2022-06-30 10:15:00,214,214,214,214,0
2022-06-30 10:16:00,214,214,214,214,0
2022-06-30 10:17:00,214,214,214,214,0
2022-06-30 10:18:00,214,214,214,214,0
2022-06-30 10:19:00,214,214,214,214,0
2022-06-30 10:20:00,214,214,214,214,0
2022-06-30 10:21:00,214,214,214,214,0
2022-06-30 10:22:00,214,214,214,214,0
2022-06-30 10:23:00,214,214,214,214,0
2022-06-30 10:24:00,214,214,214,214,0
2022-06-30 10:25:00,214,214,214,214,0
2022-06-30 10:26:00,214,214,214,214,0
2022-06-30 10:27:00,214,214,214,214,0
2022-06-30 10:28:00,214,214,214,214,0
2022-06-30 10:29:00,214,214,214,214,0
2022-06-30 10:30:00,214,214,214,214,0
2022-06-30 10:31:00,214,214,214,214,0
2022-06-30 10:32:00,214,214,214,214,0
2022-06-30 10:33:00,214,214,214,214,0
2022-06-30 10:34:00,214,214,214,214,0
2022-06-30 10:35:00,214,214,214,214,0
2022-06-30 10:36:00,214,214,214,214,0
2022-06-30 10:37:00,214,214,214,214,0
2022-06-30 10:38:00,214,214,214,214,0
2022-06-30 10:39:00,214,214,214,214,0
2022-06-30 10:40:00,214,214,214,214,0
2022-06-30 10:41:00,214,214,214,214,0
2022-06-30 10:42:00,214,214,214,214,0
2022-06-30 10:43:00,214,214,214,214,0
2022-06-30 10:44:00,214,214,214,214,0
2022-06-30 10:45:00,214,214,214,214,0
2022-06-30 10:46:00,214,214,214,214,0
2022-06-30 10:47:00,214,214,214,214,0
2022-06-30 10:48:00,214,214,214,214,0
2022-06-30 10:49:00,214,214,214,214,0
2022-06-30 10:50:00,214,214,214,214,0
2022-06-30 10:51:00,214,214,214,214,0
2022-06-30 10:52:00,214,214,214,214,0
2022-06-30 10:53:00,214,214,214,214,0
2022-06-30 10:54:00,214,214,214,214,0
2022-06-30 10:55:00,214,214,214,214,0
2022-06-30 10:56:00,214,214,214,214,0
2022-06-30 10:57:00,214,214,214,214,0
2022-06-30 10:58:00,214,214,214,214,0
2022-06-30 10:59:00,214,214,214,214,0
2022-06-30 11:00:00,214,214,214,214,0
2022-06-30 11:01:00,214,214,214,214,0
2022-06-30 11:02:00,214,214,214,214,0
2022-06-30 11:03:00,214,214,214,214,0
2022-06-30 11:04:00,214,214,214,214,0
2022-06-30 11:05:00,214,214,214,214,0
2022-06-30 11:06:00,214,214,214,214,0
2022-06-30 11:07:00,214,214,214,214,0
2022-06-30 11:08:00,214,214,214,214,0
2022-06-30 11:09:00,214,214,214,214,0
2022-06-30 11:10:00,214,214,214,214,0
2022-06-30 11:11:00,214,214,214,214,0
2022-06-30 11:12:00,214,214,214,214,0
2022-06-30 11:13:00,214,214,214,214,0
2022-06-30 11:14:00,214,214,214,214,0
2022-06-30 11:15:00,214,214,214,214,0
2022-06-30 11:16:00,214,214,214,214,0
2022-06-30 11:17:00,214,214,214,214,0
2022-06-30 11:18:00,214,214,214,214,0
2022-06-30 11:19:00,214,214,214,214,0
2022-06-30 11:20:00,214,214,214,214,0
2022-06-30 11:21:00,214,214,214,214,0
2022-06-30 11:22:00,214,214,214,214,0
2022-06-30 11:23:00,214,214,214,214,0
2022-06-30 11:24:00,214,214,214,214,0
2022-06-30 11:25:00,214,214,214,214,0
2022-06-30 11:26:00,214,214,214,214,0
2022-06-30 11:27:00,214,214,214,214,0
2022-06-30 11:28:00,214,214,214,214,0
2022-06-30 11:29:00,214,214,214,214,0
2022-06-30 11:30:00,214,214,214,214,0
2022-06-30 11:31:00,214,214,214,214,0
2022-06-30 11:32:00,214,214,214,214,0
2022-06-30 11:33:00,214,214,214,214,0
2022-06-30 11:34:00,214,214,214,214,0
2022-06-30 11:35:00,214,214,214,214,0
2022-06-30 11:36:00,214,214,214,214,0
2022-06-30 11:37:00,214,214,214,214,0
2022-06-30 11:38:00,214,214,214,214,0
2022-06-30 11:39:00,214,214,214,214,0
2022-06-30 11:40:00,214,214,214,214,0
2022-06-30 11:41:00,214,214,214,214,0
2022-06-30 11:42:00,214,214,214,214,0
2022-06-30 11:43:00,214,214,214,214,0
2022-06-30 11:44:00,214,214,214,214,0
2022-06-30 11:45:00,214,214,214,214,0
2022-06-30 11:46:00,214,214,214,214,0
2022-06-30 11:47:00,214,214,214,214,0
2022-06-30 11:48:00,214,214,214,214,0
2022-06-30 11:49:00,214,214,214,214,0
2022-06-30 11:50:00,214,214,214,214,0
2022-06-30 11:51:00,214,214,214,214,0
2022-06-30 11:52:00,214,214,214,214,0
2022-06-30 11:53:00,214,214,214,214,0
2022-06-30 11:54:00,214,214,214,214,0
2022-06-30 11:55:00,214,214,214,214,0
2022-06-30 11:56:00,214,214,214,214,0
2022-06-30 11:57:00,214,214,214,214,0
2022-06-30 11:58:00,214,214,214,214,0
2022-06-30 11:59:00,214,214,214,214,0
2022-06-30 12:00:00,214,214,214,214,0
2022-06-30 12:01:00,214,214,214,214,0
2022-06-30 12:02:00,214,214,214,214,0
2022-06-30 12:03:00,214,214,214,214,0
2022-06-30 12:04:00,214,214,214,214,0
2022-06-30 12:05:00,214,214,214,214,0
2022-06-30 12:06:00,214,214,214,214,0
2022-06-30 12:07:00,214,214,214,214,0
2022-06-30 12:08:00,214,214,214,214,0
2022-06-30 12:09:00,214,214,214,214,0
2022-06-30 12:10:00,214,214,214,214,0
2022-06-30 12:11:00,214,214,214,214,0
2022-06-30 12:12:00,214,214,214,214,0
2022-06-30 12:13:00,214,214,214,214,0
2022-06-30 12:14:00,214,214,214,214,0
2022-06-30 12:15:00,214,214,214,214,0
2022-06-30 12:16:00,214,214,214,214,0
2022-06-30 12:17:00,214,214,214,214,0
2022-06-30 12:18:00,214,214,214,214,0
2022-06-30 12:19:00,214,214,214,214,0
2022-06-30 12:20:00,214,214,214,214,0
2022-06-30 12:21:00,214,214,214,214,0
2022-06-30 12:22:00,214,214,214,214,0
2022-06-30 12:23:00,214,214,214,214,0
2022-06-30 12:24:00,214,214,214,214,0
2022-06-30 12:25:00,214,214,214,214,0
2022-06-30 12:26:00,214,214,214,214,0
2022-06-30 12:27:00,214,214,214,214,0
2022-06-30 12:28:00,214,214,214,214,0
2022-06-30 12:29:00,214,214,214,214,0
2022-06-30 12:30:00,214,214,214,214,0
2022-06-30 12:31:00,214,214,214,214,0
2022-06-30 12:32:00,214,214,214,214,0
2022-06-30 12:33:00,214,214,214,214,0
2022-06-30 12:34:00,214,214,214,214,0
2022-06-30 12:35:00,214,214,214,214,0
2022-06-30 12:36:00,214,214,214,214,0
2022-06-30 12:37:00,214,214,214,214,0
2022-06-30 12:38:00,214,214,214,214,0
2022-06-30 12:39:00,214,214,214,214,0
2022-06-30 12:40:00,214,214,214,214,0
2022-06-30 12:41:00,214,214,214,214,0
2022-06-30 12:42:00,214,214,214,214,0
2022-06-30 12:43:00,214,214,214,214,0
2022-06-30 12:44:00,214,214,214,214,0
2022-06-30 12:45:00,214,214,214,214,0
2022-06-30 12:46:00,214,214,214,214,0
2022-06-30 12:47:00,214,214,214,214,0
2022-06-30 12:48:00,214,214,214,214,0
2022-06-30 12:49:00,214,214,214,214,0
2022-06-30 12:50:00,214,214,214,214,0
2022-06-30 12:51:00,214,214,214,214,0
2022-06-30 12:52:00,214,214,214,214,0
2022-06-30 12:53:00,214,214,214,214,0
2022-06-30 12:54:00,214,214,214,214,0
2022-06-30 12:55:00,214,214,214,214,0
2022-06-30 12:56:00,214,214,214,214,0
2022-06-30 12:57:00,214,214,214,214,0
2022-06-30 12:58:00,214,214,214,214,0
2022-06-30 12:59:00,214,214,214,214,0
2022-06-30 13:00:00,214,214,214,214,0
2022-06-30 13:01:00,214,214,214,214,0
2022-06-30 13:02:00,214,214,214,214,0
2022-06-30 13:03:00,214,214,214,214,0
2022-06-30 13:04:00,214,214,214,214,0
2022-06-30 13:05:00,214,214,214,214,0
2022-06-30 13:06:00,214,214,214,214,0
2022-06-30 13:07:00,214,214,214,214,0
2022-06-30 13:08:00,214,214,214,214,0
2022-06-30 13:09:00,214,214,214,214,0
2022-06-30 13:10:00,214,214,214,214,0
2022-06-30 13:11:00,214,214,214,214,0
2022-06-30 13:12:00,214,214,214,214,0
2022-06-30 13:13:00,214,214,214,214,0
2022-06-30 13:14:00,214,214,214,214,0
2022-06-30 13:15:00,214,214,214,214,0
2022-06-30 13:16:00,214,214,214,214,0
2022-06-30 13:17:00,214,214,214,214,0
2022-06-30 13:18:00,214,214,214,214,0
2022-06-30 13:19:00,214,214,214,214,0
2022-06-30 13:20:00,214,214,214,214,0
2022-06-30 13:21:00,214,214,214,214,0
2022-06-30 13:22:00,214,214,214,214,0
2022-06-30 13:23:00,214,214,214,214,0
2022-06-30 13:24:00,214,214,214,214,0
2022-06-30 13:25:00,214,214,214,214,0
2022-06-30 13:26:00,214,214,214,214,0
2022-06-30 13:27:00,214,214,214,214,0
2022-06-30 13:28:00,214,214,214,214,0
2022-06-30 13:29:00,214,214,214,214,0
2022-06-30 13:30:00,210,204,210,204,0
2022-06-30 13:31:00,210,204,210,204,0
2022-06-30 13:32:00,210,204,210,204,0
2022-06-30 13:33:00,210,204,210,204,0
2022-06-30 13:34:00,210,204,210,204,0
2022-06-30 13:35:00,210,204,210,204,0
2022-06-30 13:36:00,210,204,210,204,0
2022-06-30 13:37:00,210,204,210,204,0
2022-06-30 13:38:00,210,204,210,204,0
2022-06-30 13:39:00,210,204,210,204,0
2022-06-30 13:40:00,210,204,210,204,0
2022-06-30 13:41:00,210,204,210,204,0
2022-06-30 13:42:00,210,204,210,204,0
2022-06-30 13:43:00,210,204,210,204,0
2022-06-30 13:44:00,210,204,210,204,0
2022-06-30 13:45:00,210,204,210,204,0
2022-06-30 13:46:00,210,204,210,204,0
2022-06-30 13:47:00,210,204,210,204,0
2022-06-30 13:48:00,210,204,210,204,0
2022-06-30 13:49:00,210,204,210,204,0
2022-06-30 13:50:00,210,204,210,204,0
2022-06-30 13:51:00,210,204,210,204,0
2022-06-30 13:52:00,210,204,210,204,0
2022-06-30 13:53:00,210,204,210,204,0
2022-06-30 13:54:00,210,204,210,204,0
2022-06-30 13:55:00,206,206,206,206,0
2022-06-30 13:56:00,206,206,206,206,0
2022-06-30 13:57:00,206,206,206,206,0
2022-06-30 13:58:00,206,206,206,206,0
2022-06-30 13:59:00,206,206,206,206,0
2022-06-30 14:00:00,206,206,206,206,0
2022-06-30 14:01:00,206,206,206,206,0
2022-06-30 14:02:00,206,206,206,206,0
2022-06-30 14:03:00,204,204,204,204,1000
2022-06-30 14:04:00,204,204,204,204,0
2022-06-30 14:05:00,204,204,204,204,0
2022-06-30 14:06:00,204,204,204,204,0
2022-06-30 14:07:00,204,204,204,204,0
2022-06-30 14:08:00,204,204,204,204,0
2022-06-30 14:09:00,204,204,204,204,0
2022-06-30 14:10:00,204,204,204,204,0
2022-06-30 14:11:00,204,204,204,204,0
2022-06-30 14:12:00,204,204,204,204,0
2022-06-30 14:13:00,204,204,204,204,0
2022-06-30 14:14:00,204,204,204,204,0
2022-06-30 14:15:00,204,204,204,204,0
2022-06-30 14:16:00,204,204,204,204,0
2022-06-30 14:17:00,204,204,204,204,0
2022-06-30 14:18:00,204,204,204,204,0
2022-06-30 14:19:00,204,204,204,204,0
2022-06-30 14:20:00,204,204,204,204,0
2022-06-30 14:21:00,204,204,204,204,0
2022-06-30 14:22:00,204,204,204,204,0
2022-06-30 14:23:00,204,204,204,204,0
2022-06-30 14:24:00,204,204,204,204,0
2022-06-30 14:25:00,204,204,204,204,0
2022-06-30 14:26:00,204,204,204,204,0
2022-06-30 14:27:00,204,204,204,204,0
2022-06-30 14:28:00,204,204,204,204,0
2022-06-30 14:29:00,204,204,204,204,0
2022-06-30 14:30:00,204,204,204,204,0
2022-06-30 14:31:00,204,204,204,204,0
2022-06-30 14:32:00,204,204,204,204,0
2022-06-30 14:33:00,208,204,208,204,1000
2022-06-30 14:34:00,208,204,208,204,0
2022-06-30 14:35:00,208,204,208,204,0
2022-06-30 14:36:00,208,204,208,204,0
2022-06-30 14:37:00,208,204,208,204,0
2022-06-30 14:38:00,208,204,208,204,0
2022-06-30 14:39:00,208,204,208,204,0
2022-06-30 14:40:00,208,204,208,204,0
2022-06-30 14:41:00,212,212,212,212,100
2022-06-30 14:42:00,212,212,212,212,0
2022-06-30 14:43:00,212,212,212,212,0
2022-06-30 14:44:00,212,212,212,212,0
2022-06-30 14:45:00,212,212,212,212,0
2022-06-30 14:46:00,212,212,212,212,0
2022-06-30 14:47:00,206,206,206,206,6300
2022-06-30 14:48:00,206,206,206,206,0
2022-06-30 14:49:00,206,206,206,206,0
2022-06-30 14:50:00,206,206,206,206,0
2022-06-30 14:51:00,206,206,206,206,0
2022-06-30 14:52:00,206,206,206,206,0
2022-06-30 14:53:00,206,206,206,206,0
2022-06-30 14:54:00,206,206,206,206,0
2022-06-30 14:55:00,206,206,206,206,0
2022-06-30 14:56:00,206,206,206,206,0
2022-06-30 14:57:00,206,206,206,206,0
2022-06-30 14:58:00,206,206,206,206,0
2022-06-30 14:59:00,206,206,206,206,0
2022-06-30 15:00:00,206,206,206,206,0
2022-06-30 15:01:00,206,206,206,206,0
2022-06-30 15:02:00,206,206,206,206,0
2022-06-30 15:03:00,206,206,206,206,0
2022-06-30 15:04:00,206,206,206,206,0
2022-06-30 15:05:00,206,206,206,206,0
2022-06-30 15:06:00,206,206,206,206,0
2022-06-30 15:07:00,206,206,206,206,0
2022-06-30 15:08:00,206,206,206,206,0
2022-06-30 15:09:00,206,206,206,206,0
2022-06-30 15:10:00,206,206,206,206,0
2022-06-30 15:11:00,206,206,206,206,0
2022-06-30 15:12:00,206,206,206,206,0
2022-06-30 15:13:00,206,206,206,206,0
2022-06-30 15:14:00,206,206,206,206,0
2022-06-30 15:15:00,206,206,206,206,0
2022-06-30 15:16:00,206,206,206,206,0
2022-06-30 15:17:00,206,206,206,206,0
2022-06-30 15:18:00,206,206,206,206,0
2022-06-30 15:19:00,206,206,206,206,0
2022-06-30 15:20:00,206,206,206,206,0
2022-06-30 15:21:00,206,206,206,206,0
2022-06-30 15:22:00,206,206,206,206,0
2022-06-30 15:23:00,206,206,206,206,0
2022-06-30 15:24:00,206,206,206,206,0
2022-06-30 15:25:00,206,206,206,206,0
2022-06-30 15:26:00,206,206,206,206,0
2022-06-30 15:27:00,206,206,206,206,0
2022-06-30 15:28:00,206,206,206,206,0
2022-06-30 15:29:00,206,206,206,206,0
2022-06-30 15:30:00,206,206,206,206,0
2022-06-30 15:31:00,206,206,206,206,0
2022-06-30 15:32:00,206,206,206,206,0
2022-06-30 15:33:00,206,206,206,206,0
2022-06-30 15:34:00,206,206,206,206,0
2022-06-30 15:35:00,206,206,206,206,0
2022-06-30 15:36:00,206,206,206,206,0
2022-06-30 15:37:00,206,206,206,206,0
2022-06-30 15:38:00,206,206,206,206,0
2022-06-30 15:39:00,206,206,206,206,0
2022-06-30 15:40:00,206,206,206,206,0
2022-06-30 15:41:00,206,206,206,206,0
2022-06-30 15:42:00,206,206,206,206,0
2022-06-30 15:43:00,206,206,206,206,0
2022-06-30 15:44:00,206,206,206,206,0
2022-06-30 15:45:00,206,206,206,206,0
2022-06-30 15:46:00,206,206,206,206,0
2022-06-30 15:47:00,206,206,206,206,0
2022-06-30 15:48:00,206,206,206,206,0
2022-06-30 15:49:00,206,206,206,206,0
2022-06-30 15:50:00,206,206,206,206,0
2022-06-30 15:51:00,206,206,206,206,0
2022-06-30 15:52:00,206,206,206,206,0
2022-06-30 15:53:00,206,206,206,206,0
2022-06-30 15:54:00,206,206,206,206,0
2022-06-30 15:55:00,206,206,206,206,0
2022-06-30 15:56:00,206,206,206,206,0
2022-06-30 15:57:00,206,206,206,206,0
2022-06-30 15:58:00,206,206,206,206,0
2022-06-30 15:59:00,206,206,206,206,0
2022-07-01 09:00:00,206,206,206,206,0
2022-07-01 09:01:00,206,206,206,206,0
2022-07-01 09:02:00,206,206,206,206,0
2022-07-01 09:03:00,206,206,206,206,0
2022-07-01 09:04:00,206,206,206,206,0
2022-07-01 09:05:00,206,206,206,206,0
2022-07-01 09:06:00,206,206,206,206,0
2022-07-01 09:07:00,206,206,206,206,0
2022-07-01 09:08:00,206,206,206,206,0
2022-07-01 09:09:00,206,206,206,206,0
2022-07-01 09:10:00,206,206,206,206,0
2022-07-01 09:11:00,206,206,206,206,0
2022-07-01 09:12:00,206,206,206,206,0
2022-07-01 09:13:00,206,206,206,206,0
2022-07-01 09:14:00,206,206,206,206,0
2022-07-01 09:15:00,206,206,206,206,0
2022-07-01 09:16:00,206,206,206,206,0
2022-07-01 09:17:00,206,206,206,206,0
2022-07-01 09:18:00,206,206,206,206,0
2022-07-01 09:19:00,206,206,206,206,0
2022-07-01 09:20:00,206,206,206,206,0
2022-07-01 09:21:00,206,206,206,206,0
2022-07-01 09:22:00,206,206,206,206,0
2022-07-01 09:23:00,206,206,206,206,0
2022-07-01 09:24:00,206,206,206,206,0
2022-07-01 09:25:00,206,206,206,206,0
2022-07-01 09:26:00,206,206,206,206,0
2022-07-01 09:27:00,206,206,206,206,0
2022-07-01 09:28:00,206,206,206,206,0
2022-07-01 09:29:00,206,206,206,206,0
2022-07-01 09:30:00,206,206,206,206,0
2022-07-01 09:31:00,206,206,206,206,0
2022-07-01 09:32:00,206,206,206,206,0
2022-07-01 09:33:00,206,206,206,206,0
2022-07-01 09:34:00,206,206,206,206,0
2022-07-01 09:35:00,206,206,206,206,0
2022-07-01 09:36:00,206,206,206,206,0
2022-07-01 09:37:00,206,206,206,206,0
2022-07-01 09:38:00,206,206,206,206,0
2022-07-01 09:39:00,206,206,206,206,0
2022-07-01 09:40:00,206,206,206,206,0
2022-07-01 09:41:00,206,206,206,206,0
2022-07-01 09:42:00,206,206,206,206,0
2022-07-01 09:43:00,206,206,206,206,0
2022-07-01 09:44:00,206,206,206,206,0
2022-07-01 09:45:00,206,206,206,206,0
2022-07-01 09:46:00,206,206,206,206,0
2022-07-01 09:47:00,206,206,206,206,0
2022-07-01 09:48:00,206,206,206,206,0
2022-07-01 09:49:00,206,206,206,206,0
2022-07-01 09:50:00,206,206,206,206,0
2022-07-01 09:51:00,206,206,206,206,0
2022-07-01 09:52:00,206,206,206,206,0
2022-07-01 09:53:00,206,206,206,206,0
2022-07-01 09:54:00,206,206,206,206,0
2022-07-01 09:55:00,206,206,206,206,0
2022-07-01 09:56:00,206,206,206,206,0
2022-07-01 09:57:00,206,206,206,206,0
2022-07-01 09:58:00,206,206,206,206,0
2022-07-01 09:59:00,206,206,206,206,0
2022-07-01 10:00:00,206,206,206,206,0
2022-07-01 10:01:00,206,206,206,206,0
2022-07-01 10:02:00,206,206,206,206,0
2022-07-01 10:03:00,206,206,206,206,0
2022-07-01 10:04:00,206,206,206,206,0
2022-07-01 10:05:00,206,206,206,206,0
2022-07-01 10:06:00,206,206,206,206,0
2022-07-01 10:07:00,206,206,206,206,0
2022-07-01 10:08:00,206,206,206,206,0
2022-07-01 10:09:00,206,206,206,206,0
2022-07-01 10:10:00,206,206,206,206,0
2022-07-01 10:11:00,206,206,206,206,0
2022-07-01 10:12:00,206,206,206,206,0
2022-07-01 10:13:00,206,206,206,206,0
2022-07-01 10:14:00,206,206,206,206,0
2022-07-01 10:15:00,206,206,206,206,0
2022-07-01 10:16:00,206,206,206,206,0
2022-07-01 10:17:00,206,206,206,206,0
2022-07-01 10:18:00,206,206,206,206,0
2022-07-01 10:19:00,206,206,206,206,0
2022-07-01 10:20:00,206,206,206,206,0
2022-07-01 10:21:00,206,206,206,206,0
2022-07-01 10:22:00,206,206,206,206,0
2022-07-01 10:23:00,206,206,206,206,0
2022-07-01 10:24:00,206,206,206,206,0
2022-07-01 10:25:00,206,206,206,206,0
2022-07-01 10:26:00,204,204,204,204,400
2022-07-01 10:27:00,204,204,204,204,0
2022-07-01 10:28:00,204,204,204,204,0
2022-07-01 10:29:00,204,204,204,204,0
2022-07-01 10:30:00,204,204,204,204,0
2022-07-01 10:31:00,204,204,204,204,0
2022-07-01 10:32:00,204,204,204,204,0
2022-07-01 10:33:00,204,204,204,204,0
2022-07-01 10:34:00,204,204,204,204,0
2022-07-01 10:35:00,204,204,204,204,0
2022-07-01 10:36:00,206,206,206,206,1000
2022-07-01 10:37:00,206,206,206,206,0
2022-07-01 10:38:00,206,206,206,206,0
2022-07-01 10:39:00,206,206,206,206,0
2022-07-01 10:40:00,206,206,206,206,0
2022-07-01 10:41:00,206,206,206,206,0
2022-07-01 10:42:00,206,206,206,206,0
2022-07-01 10:43:00,206,206,206,206,0
2022-07-01 10:44:00,206,206,206,206,0
2022-07-01 10:45:00,206,206,206,206,0
2022-07-01 10:46:00,206,206,206,206,0
2022-07-01 10:47:00,206,206,206,206,0
2022-07-01 10:48:00,206,206,206,206,0
2022-07-01 10:49:00,206,206,206,206,0
2022-07-01 10:50:00,206,206,206,206,0
2022-07-01 10:51:00,206,206,206,206,0
2022-07-01 10:52:00,206,206,206,206,0
2022-07-01 10:53:00,206,206,206,206,0
2022-07-01 10:54:00,206,206,206,206,0
2022-07-01 10:55:00,206,206,206,206,0
2022-07-01 10:56:00,206,206,206,206,0
2022-07-01 10:57:00,206,206,206,206,0
2022-07-01 10:58:00,206,206,206,206,0
2022-07-01 10:59:00,206,206,206,206,0
2022-07-01 11:00:00,206,206,206,206,0
2022-07-01 11:01:00,206,206,206,206,0
2022-07-01 11:02:00,206,206,206,206,0
2022-07-01 11:03:00,206,206,206,206,0
2022-07-01 11:04:00,206,206,206,206,0
2022-07-01 11:05:00,206,206,206,206,0
2022-07-01 11:06:00,206,206,206,206,0
2022-07-01 11:07:00,206,206,206,206,0
2022-07-01 11:08:00,206,206,206,206,0
2022-07-01 11:09:00,206,206,206,206,0
2022-07-01 11:10:00,206,206,206,206,0
2022-07-01 11:11:00,206,206,206,206,0
2022-07-01 11:12:00,206,206,206,206,0
2022-07-01 11:13:00,206,206,206,206,0
2022-07-01 11:14:00,206,206,206,206,0
2022-07-01 11:15:00,206,206,206,206,0
2022-07-01 11:16:00,206,206,206,206,0
2022-07-01 11:17:00,206,206,206,206,0
2022-07-01 11:18:00,206,206,206,206,0
2022-07-01 11:19:00,206,206,206,206,0
2022-07-01 11:20:00,206,206,206,206,0
2022-07-01 11:21:00,206,206,206,206,0
2022-07-01 11:22:00,206,206,206,206,0
2022-07-01 11:23:00,206,206,206,206,0
2022-07-01 11:24:00,206,206,206,206,0
2022-07-01 11:25:00,214,214,214,214,200
2022-07-01 11:26:00,212,212,212,212,100
2022-07-01 11:27:00,212,212,212,212,0
2022-07-01 11:28:00,212,212,212,212,0
2022-07-01 11:29:00,212,212,212,212,0
2022-07-01 11:30:00,212,212,212,212,0
2022-07-01 11:31:00,212,212,212,212,0
2022-07-01 11:32:00,212,212,212,212,0
2022-07-01 11:33:00,212,212,212,212,0
2022-07-01 11:34:00,212,212,212,212,0
2022-07-01 11:35:00,212,212,212,212,0
2022-07-01 11:36:00,212,212,212,212,0
2022-07-01 11:37:00,212,212,212,212,0
2022-07-01 11:38:00,212,212,212,212,0
2022-07-01 11:39:00,212,212,212,212,0
2022-07-01 11:40:00,212,212,212,212,0
2022-07-01 11:41:00,212,212,212,212,0
2022-07-01 11:42:00,212,212,212,212,0
2022-07-01 11:43:00,212,212,212,212,0
2022-07-01 11:44:00,212,212,212,212,0
2022-07-01 11:45:00,212,212,212,212,0
2022-07-01 11:46:00,212,212,212,212,0
2022-07-01 11:47:00,212,212,212,212,0
2022-07-01 11:48:00,212,212,212,212,0
2022-07-01 11:49:00,212,212,212,212,0
2022-07-01 11:50:00,212,212,212,212,0
2022-07-01 11:51:00,212,212,212,212,0
2022-07-01 11:52:00,212,212,212,212,0
2022-07-01 11:53:00,212,212,212,212,0
2022-07-01 11:54:00,212,212,212,212,0
2022-07-01 11:55:00,212,212,212,212,0
2022-07-01 11:56:00,212,212,212,212,0
2022-07-01 11:57:00,212,212,212,212,0
2022-07-01 11:58:00,212,212,212,212,0
2022-07-01 11:59:00,212,212,212,212,0
2022-07-01 12:00:00,212,212,212,212,0
2022-07-01 12:01:00,212,212,212,212,0
2022-07-01 12:02:00,212,212,212,212,0
2022-07-01 12:03:00,212,212,212,212,0
2022-07-01 12:04:00,212,212,212,212,0
2022-07-01 12:05:00,212,212,212,212,0
2022-07-01 12:06:00,212,212,212,212,0
2022-07-01 12:07:00,212,212,212,212,0
2022-07-01 12:08:00,212,212,212,212,0
2022-07-01 12:09:00,212,212,212,212,0
2022-07-01 12:10:00,212,212,212,212,0
2022-07-01 12:11:00,212,212,212,212,0
2022-07-01 12:12:00,212,212,212,212,0
2022-07-01 12:13:00,212,212,212,212,0
2022-07-01 12:14:00,212,212,212,212,0
2022-07-01 12:15:00,212,212,212,212,0
2022-07-01 12:16:00,212,212,212,212,0
2022-07-01 12:17:00,212,212,212,212,0
2022-07-01 12:18:00,212,212,212,212,0
2022-07-01 12:19:00,212,212,212,212,0
2022-07-01 12:20:00,212,212,212,212,0
2022-07-01 12:21:00,212,212,212,212,0
2022-07-01 12:22:00,212,212,212,212,0
2022-07-01 12:23:00,212,212,212,212,0
2022-07-01 12:24:00,212,212,212,212,0
2022-07-01 12:25:00,212,212,212,212,0
2022-07-01 12:26:00,212,212,212,212,0
2022-07-01 12:27:00,212,212,212,212,0
2022-07-01 12:28:00,212,212,212,212,0
2022-07-01 12:29:00,212,212,212,212,0
2022-07-01 12:30:00,212,212,212,212,0
2022-07-01 12:31:00,212,212,212,212,0
2022-07-01 12:32:00,212,212,212,212,0
2022-07-01 12:33:00,212,212,212,212,0
2022-07-01 12:34:00,212,212,212,212,0
2022-07-01 12:35:00,212,212,212,212,0
2022-07-01 12:36:00,212,212,212,212,0
2022-07-01 12:37:00,212,212,212,212,0
2022-07-01 12:38:00,212,212,212,212,0
2022-07-01 12:39:00,212,212,212,212,0
2022-07-01 12:40:00,212,212,212,212,0
2022-07-01 12:41:00,212,212,212,212,0
2022-07-01 12:42:00,212,212,212,212,0
2022-07-01 12:43:00,212,212,212,212,0
2022-07-01 12:44:00,212,212,212,212,0
2022-07-01 12:45:00,212,212,212,212,0
2022-07-01 12:46:00,212,212,212,212,0
2022-07-01 12:47:00,212,212,212,212,0
2022-07-01 12:48:00,212,212,212,212,0
2022-07-01 12:49:00,212,212,212,212,0
2022-07-01 12:50:00,212,212,212,212,0
2022-07-01 12:51:00,212,212,212,212,0
2022-07-01 12:52:00,212,212,212,212,0
2022-07-01 12:53:00,212,212,212,212,0
2022-07-01 12:54:00,212,212,212,212,0
2022-07-01 12:55:00,212,212,212,212,0
2022-07-01 12:56:00,212,212,212,212,0
2022-07-01 12:57:00,212,212,212,212,0
2022-07-01 12:58:00,212,212,212,212,0
2022-07-01 12:59:00,212,212,212,212,0
2022-07-01 13:00:00,212,212,212,212,0
2022-07-01 13:01:00,212,212,212,212,0
2022-07-01 13:02:00,212,212,212,212,0
2022-07-01 13:03:00,212,212,212,212,0
2022-07-01 13:04:00,212,212,212,212,0
2022-07-01 13:05:00,212,212,212,212,0
2022-07-01 13:06:00,212,212,212,212,0
2022-07-01 13:07:00,212,212,212,212,0
2022-07-01 13:08:00,212,212,212,212,0
2022-07-01 13:09:00,212,212,212,212,0
2022-07-01 13:10:00,212,212,212,212,0
2022-07-01 13:11:00,212,212,212,212,0
2022-07-01 13:12:00,212,212,212,212,0
2022-07-01 13:13:00,212,212,212,212,0
2022-07-01 13:14:00,212,212,212,212,0
2022-07-01 13:15:00,212,212,212,212,0
2022-07-01 13:16:00,212,212,212,212,0
2022-07-01 13:17:00,212,212,212,212,0
2022-07-01 13:18:00,212,212,212,212,0
2022-07-01 13:19:00,212,212,212,212,0
2022-07-01 13:20:00,212,212,212,212,0
2022-07-01 13:21:00,212,212,212,212,0
2022-07-01 13:22:00,212,212,212,212,0
2022-07-01 13:23:00,212,212,212,212,0
2022-07-01 13:24:00,212,212,212,212,0
2022-07-01 13:25:00,212,212,212,212,0
2022-07-01 13:26:00,212,212,212,212,0
2022-07-01 13:27:00,212,212,212,212,0
2022-07-01 13:28:00,212,212,212,212,0
2022-07-01 13:29:00,212,212,212,212,0
2022-07-01 13:30:00,212,212,212,212,800
2022-07-01 13:31:00,212,212,212,212,0
2022-07-01 13:32:00,212,212,212,212,0
2022-07-01 13:33:00,212,212,212,212,0
2022-07-01 13:34:00,212,212,212,212,0
2022-07-01 13:35:00,212,212,212,212,0
2022-07-01 13:36:00,212,212,212,212,0
2022-07-01 13:37:00,212,212,212,212,0
2022-07-01 13:38:00,212,212,212,212,0
2022-07-01 13:39:00,212,212,212,212,0
2022-07-01 13:40:00,212,212,212,212,0
2022-07-01 13:41:00,212,212,212,212,0
2022-07-01 13:42:00,212,212,212,212,0
2022-07-01 13:43:00,212,212,212,212,0
2022-07-01 13:44:00,212,212,212,212,0
2022-07-01 13:45:00,212,212,212,212,0
2022-07-01 13:46:00,212,212,212,212,0
2022-07-01 13:47:00,212,212,212,212,0
2022-07-01 13:48:00,212,212,212,212,0
2022-07-01 13:49:00,212,212,212,212,0
2022-07-01 13:50:00,212,212,212,212,0
2022-07-01 13:51:00,212,212,212,212,0
2022-07-01 13:52:00,212,212,212,212,0
2022-07-01 13:53:00,212,212,212,212,0
2022-07-01 13:54:00,212,212,212,212,0
2022-07-01 13:55:00,212,212,212,212,0
2022-07-01 13:56:00,212,212,212,212,0
2022-07-01 13:57:00,212,212,212,212,0
2022-07-01 13:58:00,212,212,212,212,0
2022-07-01 13:59:00,212,212,212,212,0
2022-07-01 14:00:00,212,212,212,212,0
2022-07-01 14:01:00,212,212,212,212,0
2022-07-01 14:02:00,212,212,212,212,0
2022-07-01 14:03:00,212,212,212,212,0
2022-07-01 14:04:00,212,212,212,212,0
2022-07-01 14:05:00,212,212,212,212,0
2022-07-01 14:06:00,212,212,212,212,0
2022-07-01 14:07:00,212,212,212,212,0
2022-07-01 14:08:00,212,212,212,212,0
2022-07-01 14:09:00,212,212,212,212,0
2022-07-01 14:10:00,212,212,212,212,0
2022-07-01 14:11:00,212,212,212,212,0
2022-07-01 14:12:00,206,206,206,206,200
2022-07-01 14:13:00,206,206,206,206,0
2022-07-01 14:14:00,206,206,206,206,0
2022-07-01 14:15:00,206,206,206,206,0
2022-07-01 14:16:00,206,206,206,206,0
2022-07-01 14:17:00,206,206,206,206,0
2022-07-01 14:18:00,206,206,206,206,0
2022-07-01 14:19:00,206,206,206,206,0
2022-07-01 14:20:00,206,206,206,206,0
2022-07-01 14:21:00,206,206,206,206,0
2022-07-01 14:22:00,206,206,206,206,0
2022-07-01 14:23:00,206,206,206,206,0
2022-07-01 14:24:00,206,206,206,206,0
2022-07-01 14:25:00,206,206,206,206,0
2022-07-01 14:26:00,206,206,206,206,0
2022-07-01 14:27:00,206,206,206,206,0
2022-07-01 14:28:00,206,206,206,206,0
2022-07-01 14:29:00,206,206,206,206,0
2022-07-01 14:30:00,206,206,206,206,0
2022-07-01 14:31:00,206,206,206,206,0
2022-07-01 14:32:00,206,206,206,206,0
2022-07-01 14:33:00,206,206,206,206,0
2022-07-01 14:34:00,206,206,206,206,0
2022-07-01 14:35:00,206,206,206,206,0
2022-07-01 14:36:00,206,206,206,206,0
2022-07-01 14:37:00,206,206,206,206,0
2022-07-01 14:38:00,206,206,206,206,0
2022-07-01 14:39:00,206,206,206,206,0
2022-07-01 14:40:00,206,206,206,206,0
2022-07-01 14:41:00,206,206,206,206,0
2022-07-01 14:42:00,206,206,206,206,0
2022-07-01 14:43:00,206,206,206,206,0
2022-07-01 14:44:00,206,206,206,206,0
2022-07-01 14:45:00,206,206,206,206,0
2022-07-01 14:46:00,206,206,206,206,0
2022-07-01 14:47:00,206,206,206,206,0
2022-07-01 14:48:00,206,206,206,206,0
2022-07-01 14:49:00,206,206,206,206,0
2022-07-01 14:50:00,206,206,206,206,0
2022-07-01 14:51:00,206,206,206,206,0
2022-07-01 14:52:00,206,206,206,206,0
2022-07-01 14:53:00,206,206,206,206,0
2022-07-01 14:54:00,206,206,206,206,0
2022-07-01 14:55:00,206,206,206,206,0
2022-07-01 14:56:00,206,206,206,206,0
2022-07-01 14:57:00,206,206,206,206,0
2022-07-01 14:58:00,206,206,206,206,0
2022-07-01 14:59:00,206,206,206,206,0
2022-07-01 15:00:00,206,206,206,206,0
2022-07-01 15:01:00,206,206,206,206,0
2022-07-01 15:02:00,206,206,206,206,0
2022-07-01 15:03:00,206,206,206,206,0
2022-07-01 15:04:00,206,206,206,206,0
2022-07-01 15:05:00,206,206,206,206,0
2022-07-01 15:06:00,206,206,206,206,0
2022-07-01 15:07:00,206,206,206,206,0
2022-07-01 15:08:00,206,206,206,206,0
2022-07-01 15:09:00,206,206,206,206,0
2022-07-01 15:10:00,206,206,206,206,0
2022-07-01 15:11:00,206,206,206,206,0
2022-07-01 15:12:00,206,206,206,206,0
2022-07-01 15:13:00,206,206,206,206,0
2022-07-01 15:14:00,206,206,206,206,0
2022-07-01 15:15:00,206,206,206,206,0
2022-07-01 15:16:00,206,206,206,206,0
2022-07-01 15:17:00,206,206,206,206,0
2022-07-01 15:18:00,206,206,206,206,0
2022-07-01 15:19:00,206,206,206,206,0
2022-07-01 15:20:00,206,206,206,206,0
2022-07-01 15:21:00,206,206,206,206,0
2022-07-01 15:22:00,206,206,206,206,0
2022-07-01 15:23:00,206,206,206,206,0
2022-07-01 15:24:00,206,206,206,206,0
2022-07-01 15:25:00,206,206,206,206,0
2022-07-01 15:26:00,206,206,206,206,0
2022-07-01 15:27:00,206,206,206,206,0
2022-07-01 15:28:00,206,206,206,206,0
2022-07-01 15:29:00,206,206,206,206,0
2022-07-01 15:30:00,206,206,206,206,0
2022-07-01 15:31:00,206,206,206,206,0
2022-07-01 15:32:00,206,206,206,206,0
2022-07-01 15:33:00,206,206,206,206,0
2022-07-01 15:34:00,206,206,206,206,0
2022-07-01 15:35:00,206,206,206,206,0
2022-07-01 15:36:00,206,206,206,206,0
2022-07-01 15:37:00,206,206,206,206,0
2022-07-01 15:38:00,206,206,206,206,0
2022-07-01 15:39:00,206,206,206,206,0
2022-07-01 15:40:00,206,206,206,206,0
2022-07-01 15:41:00,206,206,206,206,0
2022-07-01 15:42:00,206,206,206,206,0
2022-07-01 15:43:00,206,206,206,206,0
2022-07-01 15:44:00,206,206,206,206,0
2022-07-01 15:45:00,206,206,206,206,0
2022-07-01 15:46:00,206,206,206,206,0
2022-07-01 15:47:00,206,206,206,206,0
2022-07-01 15:48:00,206,206,206,206,0
2022-07-01 15:49:00,206,206,206,206,0
2022-07-01 15:50:00,206,206,206,206,0
2022-07-01 15:51:00,206,206,206,206,0
2022-07-01 15:52:00,206,206,206,206,0
2022-07-01 15:53:00,206,206,206,206,0
2022-07-01 15:54:00,206,206,206,206,0
2022-07-01 15:55:00,206,206,206,206,0
2022-07-01 15:56:00,206,206,206,206,0
2022-07-01 15:57:00,206,206,206,206,0
2022-07-01 15:58:00,206,206,206,206,0
2022-07-01 15:59:00,206,206,206,206,0
2022-07-04 09:00:00,192,192,192,192,0
2022-07-04 09:01:00,192,192,192,192,0
2022-07-04 09:02:00,192,192,192,192,0
2022-07-04 09:03:00,192,192,192,192,0
2022-07-04 09:04:00,192,192,192,192,0
2022-07-04 09:05:00,192,192,192,192,0
2022-07-04 09:06:00,192,192,192,192,0
2022-07-04 09:07:00,192,192,192,192,0
2022-07-04 09:08:00,192,192,192,192,0
2022-07-04 09:09:00,192,192,192,192,0
2022-07-04 09:10:00,192,192,192,192,0
2022-07-04 09:11:00,192,192,192,192,0
2022-07-04 09:12:00,192,192,192,192,0
2022-07-04 09:13:00,192,192,192,192,0
2022-07-04 09:14:00,192,192,192,192,0
2022-07-04 09:15:00,192,192,192,192,0
2022-07-04 09:16:00,192,192,192,192,0
2022-07-04 09:17:00,192,192,192,192,0
2022-07-04 09:18:00,192,192,192,192,0
2022-07-04 09:19:00,192,192,192,192,0
2022-07-04 09:20:00,192,192,192,192,0
2022-07-04 09:21:00,192,192,192,192,0
2022-07-04 09:22:00,192,192,192,192,0
2022-07-04 09:23:00,192,192,192,192,0
2022-07-04 09:24:00,192,192,192,192,0
2022-07-04 09:25:00,192,192,192,192,0
2022-07-04 09:26:00,192,192,192,192,0
2022-07-04 09:27:00,192,192,192,192,0
2022-07-04 09:28:00,192,192,192,192,0
2022-07-04 09:29:00,192,192,192,192,1500
2022-07-04 09:30:00,192,192,192,192,0
2022-07-04 09:31:00,192,192,192,192,0
2022-07-04 09:32:00,192,192,192,192,0
2022-07-04 09:33:00,192,192,192,192,0
2022-07-04 09:34:00,192,192,192,192,0
2022-07-04 09:35:00,192,192,192,192,0
2022-07-04 09:36:00,192,192,192,192,0
2022-07-04 09:37:00,192,192,192,192,0
2022-07-04 09:38:00,192,192,192,192,0
2022-07-04 09:39:00,192,192,192,192,0
2022-07-04 09:40:00,192,192,192,192,0
2022-07-04 09:41:00,192,192,192,192,0
2022-07-04 09:42:00,192,192,192,192,0
2022-07-04 09:43:00,192,192,192,192,0
2022-07-04 09:44:00,192,192,192,192,0
2022-07-04 09:45:00,192,192,192,192,0
2022-07-04 09:46:00,192,192,192,192,0
2022-07-04 09:47:00,192,192,192,192,0
2022-07-04 09:48:00,192,192,192,192,0
2022-07-04 09:49:00,192,192,192,192,0
2022-07-04 09:50:00,190,190,190,190,1400
2022-07-04 09:51:00,190,190,190,190,0
2022-07-04 09:52:00,190,190,190,190,0
2022-07-04 09:53:00,190,190,190,190,0
2022-07-04 09:54:00,190,190,190,190,0
2022-07-04 09:55:00,190,190,190,190,0
2022-07-04 09:56:00,190,190,190,190,0
2022-07-04 09:57:00,190,190,190,190,0
2022-07-04 09:58:00,190,190,190,190,0
2022-07-04 09:59:00,190,190,190,190,0
2022-07-04 10:00:00,190,190,190,190,0
2022-07-04 10:01:00,190,190,190,190,0
2022-07-04 10:02:00,190,190,190,190,0
2022-07-04 10:03:00,190,190,190,190,0
2022-07-04 10:04:00,190,190,190,190,0
2022-07-04 10:05:00,190,190,190,190,3600
2022-07-04 10:06:00,190,190,190,190,0
2022-07-04 10:07:00,190,190,190,190,0
2022-07-04 10:08:00,190,190,190,190,0
2022-07-04 10:09:00,190,190,190,190,0
2022-07-04 10:10:00,190,190,190,190,0
2022-07-04 10:11:00,190,190,190,190,0
2022-07-04 10:12:00,190,190,190,190,0
2022-07-04 10:13:00,190,190,190,190,0
2022-07-04 10:14:00,190,190,190,190,0
2022-07-04 10:15:00,190,190,190,190,0
2022-07-04 10:16:00,190,190,190,190,0
2022-07-04 10:17:00,190,190,190,190,0
2022-07-04 10:18:00,190,190,190,190,0
2022-07-04 10:19:00,190,190,190,190,0
2022-07-04 10:20:00,190,190,190,190,0
2022-07-04 10:21:00,190,190,190,190,0
2022-07-04 10:22:00,190,190,190,190,0
2022-07-04 10:23:00,190,190,190,190,0
2022-07-04 10:24:00,190,190,190,190,0
2022-07-04 10:25:00,190,190,190,190,0
2022-07-04 10:26:00,190,190,190,190,0
2022-07-04 10:27:00,190,190,190,190,0
2022-07-04 10:28:00,190,190,190,190,0
2022-07-04 10:29:00,190,190,190,190,0
2022-07-04 10:30:00,180,180,180,180,10000
2022-07-04 10:31:00,180,180,180,180,0
2022-07-04 10:32:00,179,179,179,179,1300
2022-07-04 10:33:00,179,179,179,179,0
2022-07-04 10:34:00,179,179,179,179,0
2022-07-04 10:35:00,179,179,179,179,0
2022-07-04 10:36:00,179,179,179,179,0
2022-07-04 10:37:00,179,179,179,179,0
2022-07-04 10:38:00,179,179,179,179,0
2022-07-04 10:39:00,179,179,179,179,0
2022-07-04 10:40:00,179,179,179,179,0
2022-07-04 10:41:00,179,179,179,179,0
2022-07-04 10:42:00,179,179,179,179,0
2022-07-04 10:43:00,179,179,179,179,54000
2022-07-04 10:44:00,179,179,179,179,0
2022-07-04 10:45:00,179,179,179,179,0
2022-07-04 10:46:00,179,179,179,179,0
2022-07-04 10:47:00,179,179,179,179,0
2022-07-04 10:48:00,179,179,179,179,0
2022-07-04 10:49:00,179,179,179,179,0
2022-07-04 10:50:00,179,179,179,179,0
2022-07-04 10:51:00,179,179,179,179,0
2022-07-04 10:52:00,179,179,179,179,0
2022-07-04 10:53:00,179,179,179,179,0
2022-07-04 10:54:00,179,179,179,179,0
2022-07-04 10:55:00,179,179,179,179,0
2022-07-04 10:56:00,179,179,179,179,0
2022-07-04 10:57:00,179,179,179,179,0
2022-07-04 10:58:00,179,179,179,179,0
2022-07-04 10:59:00,179,179,179,179,0
2022-07-04 11:00:00,179,179,179,179,0
2022-07-04 11:01:00,179,179,179,179,0
2022-07-04 11:02:00,179,179,179,179,0
2022-07-04 11:03:00,179,179,179,179,0
2022-07-04 11:04:00,179,179,179,179,0
2022-07-04 11:05:00,179,179,179,179,0
2022-07-04 11:06:00,179,179,179,179,0
2022-07-04 11:07:00,179,179,179,179,0
2022-07-04 11:08:00,179,179,179,179,0
2022-07-04 11:09:00,179,179,179,179,0
2022-07-04 11:10:00,179,179,179,179,0
2022-07-04 11:11:00,179,179,179,179,0
2022-07-04 11:12:00,179,179,179,179,0
2022-07-04 11:13:00,179,179,179,179,0
2022-07-04 11:14:00,179,179,179,179,0
2022-07-04 11:15:00,179,179,179,179,0
2022-07-04 11:16:00,179,179,179,179,0
2022-07-04 11:17:00,179,179,179,179,0
2022-07-04 11:18:00,179,179,179,179,0
2022-07-04 11:19:00,179,179,179,179,0
2022-07-04 11:20:00,179,179,179,179,0
2022-07-04 11:21:00,179,179,179,179,0
2022-07-04 11:22:00,179,179,179,179,0
2022-07-04 11:23:00,179,179,179,179,0
2022-07-04 11:24:00,179,179,179,179,0
2022-07-04 11:25:00,179,179,179,179,0
2022-07-04 11:26:00,179,179,179,179,0
2022-07-04 11:27:00,179,179,179,179,0
2022-07-04 11:28:00,179,179,179,179,0
2022-07-04 11:29:00,179,179,179,179,0
2022-07-04 11:30:00,179,179,179,179,0
2022-07-04 11:31:00,179,179,179,179,0
2022-07-04 11:32:00,179,179,179,179,0
2022-07-04 11:33:00,179,179,179,179,0
2022-07-04 11:34:00,179,179,179,179,0
2022-07-04 11:35:00,179,179,179,179,0
2022-07-04 11:36:00,179,179,179,179,0
2022-07-04 11:37:00,179,179,179,179,0
2022-07-04 11:38:00,179,179,179,179,0
2022-07-04 11:39:00,179,179,179,179,0
2022-07-04 11:40:00,179,179,179,179,0
2022-07-04 11:41:00,179,179,179,179,0
2022-07-04 11:42:00,179,179,179,179,0
2022-07-04 11:43:00,179,179,179,179,0
2022-07-04 11:44:00,179,179,179,179,0
2022-07-04 11:45:00,179,179,179,179,0
2022-07-04 11:46:00,179,179,179,179,0
2022-07-04 11:47:00,179,179,179,179,0
2022-07-04 11:48:00,179,179,179,179,0
2022-07-04 11:49:00,179,179,179,179,0
2022-07-04 11:50:00,179,179,179,179,0
2022-07-04 11:51:00,179,179,179,179,0
2022-07-04 11:52:00,179,179,179,179,0
2022-07-04 11:53:00,179,179,179,179,0
2022-07-04 11:54:00,179,179,179,179,0
2022-07-04 11:55:00,179,179,179,179,0
2022-07-04 11:56:00,179,179,179,179,0
2022-07-04 11:57:00,179,179,179,179,0
2022-07-04 11:58:00,179,179,179,179,0
2022-07-04 11:59:00,179,179,179,179,0
2022-07-04 12:00:00,179,179,179,179,0
2022-07-04 12:01:00,179,179,179,179,0
2022-07-04 12:02:00,179,179,179,179,0
2022-07-04 12:03:00,179,179,179,179,0
2022-07-04 12:04:00,179,179,179,179,0
2022-07-04 12:05:00,179,179,179,179,0
2022-07-04 12:06:00,179,179,179,179,0
2022-07-04 12:07:00,179,179,179,179,0
2022-07-04 12:08:00,179,179,179,179,0
2022-07-04 12:09:00,179,179,179,179,0
2022-07-04 12:10:00,179,179,179,179,0
2022-07-04 12:11:00,179,179,179,179,0
2022-07-04 12:12:00,179,179,179,179,0
2022-07-04 12:13:00,179,179,179,179,0
2022-07-04 12:14:00,179,179,179,179,0
2022-07-04 12:15:00,179,179,179,179,0
2022-07-04 12:16:00,179,179,179,179,0
2022-07-04 12:17:00,179,179,179,179,0
2022-07-04 12:18:00,179,179,179,179,0
2022-07-04 12:19:00,179,179,179,179,0
2022-07-04 12:20:00,179,179,179,179,0
2022-07-04 12:21:00,179,179,179,179,0
2022-07-04 12:22:00,179,179,179,179,0
2022-07-04 12:23:00,179,179,179,179,0
2022-07-04 12:24:00,179,179,179,179,0
2022-07-04 12:25:00,179,179,179,179,0
2022-07-04 12:26:00,179,179,179,179,0
2022-07-04 12:27:00,179,179,179,179,0
2022-07-04 12:28:00,179,179,179,179,0
2022-07-04 12:29:00,179,179,179,179,0
2022-07-04 12:30:00,179,179,179,179,0
2022-07-04 12:31:00,179,179,179,179,0
2022-07-04 12:32:00,179,179,179,179,0
2022-07-04 12:33:00,179,179,179,179,0
2022-07-04 12:34:00,179,179,179,179,0
2022-07-04 12:35:00,179,179,179,179,0
2022-07-04 12:36:00,179,179,179,179,0
2022-07-04 12:37:00,179,179,179,179,0
2022-07-04 12:38:00,179,179,179,179,0
2022-07-04 12:39:00,179,179,179,179,0
2022-07-04 12:40:00,179,179,179,179,0
2022-07-04 12:41:00,179,179,179,179,0
2022-07-04 12:42:00,179,179,179,179,0
2022-07-04 12:43:00,179,179,179,179,0
2022-07-04 12:44:00,179,179,179,179,0
2022-07-04 12:45:00,179,179,179,179,0
2022-07-04 12:46:00,179,179,179,179,0
2022-07-04 12:47:00,179,179,179,179,0
2022-07-04 12:48:00,179,179,179,179,0
2022-07-04 12:49:00,179,179,179,179,0
2022-07-04 12:50:00,179,179,179,179,0
2022-07-04 12:51:00,179,179,179,179,0
2022-07-04 12:52:00,179,179,179,179,0
2022-07-04 12:53:00,179,179,179,179,0
2022-07-04 12:54:00,179,179,179,179,0
2022-07-04 12:55:00,179,179,179,179,0
2022-07-04 12:56:00,179,179,179,179,0
2022-07-04 12:57:00,179,179,179,179,0
2022-07-04 12:58:00,179,179,179,179,0
2022-07-04 12:59:00,179,179,179,179,0
2022-07-04 13:00:00,179,179,179,179,0
2022-07-04 13:01:00,179,179,179,179,0
2022-07-04 13:02:00,179,179,179,179,0
2022-07-04 13:03:00,179,179,179,179,0
2022-07-04 13:04:00,179,179,179,179,0
2022-07-04 13:05:00,179,179,179,179,0
2022-07-04 13:06:00,179,179,179,179,0
2022-07-04 13:07:00,179,179,179,179,0
2022-07-04 13:08:00,179,179,179,179,0
2022-07-04 13:09:00,179,179,179,179,0
2022-07-04 13:10:00,179,179,179,179,0
2022-07-04 13:11:00,179,179,179,179,0
2022-07-04 13:12:00,179,179,179,179,0
2022-07-04 13:13:00,179,179,179,179,0
2022-07-04 13:14:00,179,179,179,179,0
2022-07-04 13:15:00,179,179,179,179,0
2022-07-04 13:16:00,179,179,179,179,0
2022-07-04 13:17:00,179,179,179,179,0
2022-07-04 13:18:00,179,179,179,179,0
2022-07-04 13:19:00,179,179,179,179,0
2022-07-04 13:20:00,179,179,179,179,0
2022-07-04 13:21:00,179,179,179,179,0
2022-07-04 13:22:00,179,179,179,179,0
2022-07-04 13:23:00,179,179,179,179,0
2022-07-04 13:24:00,179,179,179,179,0
2022-07-04 13:25:00,179,179,179,179,0
2022-07-04 13:26:00,179,179,179,179,0
2022-07-04 13:27:00,179,179,179,179,0
2022-07-04 13:28:00,179,179,179,179,0
2022-07-04 13:29:00,179,179,179,179,0
2022-07-04 13:30:00,190,181,190,181,2100
2022-07-04 13:31:00,190,181,190,181,0
2022-07-04 13:32:00,181,181,181,181,4200
2022-07-04 13:33:00,181,181,181,181,0
2022-07-04 13:34:00,181,181,181,181,0
2022-07-04 13:35:00,181,181,181,181,0
2022-07-04 13:36:00,181,181,181,181,0
2022-07-04 13:37:00,181,181,181,181,0
2022-07-04 13:38:00,181,181,181,181,0
2022-07-04 13:39:00,181,181,181,181,0
2022-07-04 13:40:00,181,181,181,181,0
2022-07-04 13:41:00,181,181,181,181,0
2022-07-04 13:42:00,181,181,181,181,0
2022-07-04 13:43:00,181,181,181,181,0
2022-07-04 13:44:00,181,181,181,181,0
2022-07-04 13:45:00,181,181,181,181,0
2022-07-04 13:46:00,181,181,181,181,0
2022-07-04 13:47:00,181,181,181,181,0
2022-07-04 13:48:00,181,181,181,181,0
2022-07-04 13:49:00,181,181,181,181,0
2022-07-04 13:50:00,181,181,181,181,0
2022-07-04 13:51:00,181,181,181,181,0
2022-07-04 13:52:00,181,181,181,181,0
2022-07-04 13:53:00,181,181,181,181,0
2022-07-04 13:54:00,181,181,181,181,0
2022-07-04 13:55:00,181,181,181,181,0
2022-07-04 13:56:00,181,181,181,181,0
2022-07-04 13:57:00,181,181,181,181,0
2022-07-04 13:58:00,181,181,181,181,0
2022-07-04 13:59:00,181,181,181,181,0
2022-07-04 14:00:00,181,181,181,181,0
2022-07-04 14:01:00,181,181,181,181,0
2022-07-04 14:02:00,181,181,181,181,0
2022-07-04 14:03:00,181,181,181,181,0
2022-07-04 14:04:00,181,181,181,181,0
2022-07-04 14:05:00,181,181,181,181,0
2022-07-04 14:06:00,181,181,181,181,0
2022-07-04 14:07:00,181,181,181,181,0
2022-07-04 14:08:00,181,181,181,181,0
2022-07-04 14:09:00,181,181,181,181,0
2022-07-04 14:10:00,181,181,181,181,0
2022-07-04 14:11:00,181,181,181,181,0
2022-07-04 14:12:00,181,181,181,181,0
2022-07-04 14:13:00,181,181,181,181,0
2022-07-04 14:14:00,181,181,181,181,0
2022-07-04 14:15:00,181,181,181,181,0
2022-07-04 14:16:00,181,181,181,181,0
2022-07-04 14:17:00,181,181,181,181,0
2022-07-04 14:18:00,181,181,181,181,0
2022-07-04 14:19:00,181,181,181,181,0
2022-07-04 14:20:00,181,181,181,181,0
2022-07-04 14:21:00,181,181,181,181,0
2022-07-04 14:22:00,181,181,181,181,0
2022-07-04 14:23:00,181,181,181,181,0
2022-07-04 14:24:00,181,181,181,181,0
2022-07-04 14:25:00,181,181,181,181,0
2022-07-04 14:26:00,181,181,181,181,0
2022-07-04 14:27:00,181,181,181,181,0
2022-07-04 14:28:00,181,181,181,181,0
2022-07-04 14:29:00,181,181,181,181,0
2022-07-04 14:30:00,181,181,181,181,0
2022-07-04 14:31:00,181,181,181,181,0
2022-07-04 14:32:00,181,181,181,181,0
2022-07-04 14:33:00,181,181,181,181,0
2022-07-04 14:34:00,181,181,181,181,0
2022-07-04 14:35:00,181,181,181,181,0
2022-07-04 14:36:00,181,181,181,181,0
2022-07-04 14:37:00,181,181,181,181,0
2022-07-04 14:38:00,181,181,181,181,0
2022-07-04 14:39:00,181,181,181,181,0
2022-07-04 14:40:00,181,181,181,181,0
2022-07-04 14:41:00,181,181,181,181,0
2022-07-04 14:42:00,181,181,181,181,0
2022-07-04 14:43:00,181,181,181,181,0
2022-07-04 14:44:00,181,181,181,181,0
2022-07-04 14:45:00,181,181,181,181,200
2022-07-04 14:46:00,181,181,181,181,0
2022-07-04 14:47:00,181,181,181,181,0
2022-07-04 14:48:00,181,181,181,181,0
2022-07-04 14:49:00,190,190,190,190,66000
2022-07-04 14:50:00,190,190,190,190,0
2022-07-04 14:51:00,190,190,190,190,0
2022-07-04 14:52:00,190,190,190,190,0
2022-07-04 14:53:00,190,190,190,190,0
2022-07-04 14:54:00,190,190,190,190,0
2022-07-04 14:55:00,190,190,190,190,0
2022-07-04 14:56:00,190,190,190,190,0
2022-07-04 14:57:00,190,190,190,190,0
2022-07-04 14:58:00,190,190,190,190,0
2022-07-04 14:59:00,190,190,190,190,0
2022-07-04 15:00:00,190,190,190,190,0
2022-07-04 15:01:00,190,190,190,190,0
2022-07-04 15:02:00,190,190,190,190,0
2022-07-04 15:03:00,190,190,190,190,0
2022-07-04 15:04:00,190,190,190,190,0
2022-07-04 15:05:00,190,190,190,190,0
2022-07-04 15:06:00,190,190,190,190,0
2022-07-04 15:07:00,190,190,190,190,0
2022-07-04 15:08:00,190,190,190,190,0
2022-07-04 15:09:00,190,190,190,190,0
2022-07-04 15:10:00,190,190,190,190,0
2022-07-04 15:11:00,190,190,190,190,0
2022-07-04 15:12:00,190,190,190,190,0
2022-07-04 15:13:00,190,190,190,190,0
2022-07-04 15:14:00,190,190,190,190,0
2022-07-04 15:15:00,190,190,190,190,0
2022-07-04 15:16:00,190,190,190,190,0
2022-07-04 15:17:00,190,190,190,190,0
2022-07-04 15:18:00,190,190,190,190,0
2022-07-04 15:19:00,190,190,190,190,0
2022-07-04 15:20:00,190,190,190,190,0
2022-07-04 15:21:00,190,190,190,190,0
2022-07-04 15:22:00,190,190,190,190,0
2022-07-04 15:23:00,190,190,190,190,0
2022-07-04 15:24:00,190,190,190,190,0
2022-07-04 15:25:00,190,190,190,190,0
2022-07-04 15:26:00,190,190,190,190,0
2022-07-04 15:27:00,190,190,190,190,0
2022-07-04 15:28:00,190,190,190,190,0
2022-07-04 15:29:00,190,190,190,190,0
2022-07-04 15:30:00,190,190,190,190,0
2022-07-04 15:31:00,190,190,190,190,0
2022-07-04 15:32:00,190,190,190,190,0
2022-07-04 15:33:00,190,190,190,190,0
2022-07-04 15:34:00,190,190,190,190,0
2022-07-04 15:35:00,190,190,190,190,0
2022-07-04 15:36:00,190,190,190,190,0
2022-07-04 15:37:00,190,190,190,190,0
2022-07-04 15:38:00,190,190,190,190,0
2022-07-04 15:39:00,190,190,190,190,0
2022-07-04 15:40:00,190,190,190,190,0
2022-07-04 15:41:00,190,190,190,190,0
2022-07-04 15:42:00,190,190,190,190,0
2022-07-04 15:43:00,190,190,190,190,0
2022-07-04 15:44:00,190,190,190,190,0
2022-07-04 15:45:00,190,190,190,190,0
2022-07-04 15:46:00,190,190,190,190,0
2022-07-04 15:47:00,190,190,190,190,0
2022-07-04 15:48:00,190,190,190,190,0
2022-07-04 15:49:00,190,190,190,190,0
2022-07-04 15:50:00,190,190,190,190,0
2022-07-04 15:51:00,190,190,190,190,0
2022-07-04 15:52:00,190,190,190,190,0
2022-07-04 15:53:00,190,190,190,190,0
2022-07-04 15:54:00,190,190,190,190,0
2022-07-04 15:55:00,190,190,190,190,0
2022-07-04 15:56:00,190,190,190,190,0
2022-07-04 15:57:00,190,190,190,190,0
2022-07-04 15:58:00,190,190,190,190,0
2022-07-04 15:59:00,190,190,190,190,0
2022-07-05 09:00:00,190,190,190,190,0
2022-07-05 09:01:00,190,190,190,190,0
2022-07-05 09:02:00,190,190,190,190,0
2022-07-05 09:03:00,190,190,190,190,0
2022-07-05 09:04:00,190,190,190,190,0
2022-07-05 09:05:00,190,190,190,190,300
2022-07-05 09:06:00,190,190,190,190,0
2022-07-05 09:07:00,190,190,190,190,0
2022-07-05 09:08:00,190,190,190,190,0
2022-07-05 09:09:00,190,190,190,190,0
2022-07-05 09:10:00,190,190,190,190,0
2022-07-05 09:11:00,190,190,190,190,0
2022-07-05 09:12:00,190,190,190,190,1100
2022-07-05 09:13:00,190,190,190,190,0
2022-07-05 09:14:00,190,190,190,190,0
2022-07-05 09:15:00,190,190,190,190,0
2022-07-05 09:16:00,190,190,190,190,0
2022-07-05 09:17:00,190,190,190,190,0
2022-07-05 09:18:00,190,190,190,190,0
2022-07-05 09:19:00,190,190,190,190,0
2022-07-05 09:20:00,190,190,190,190,0
2022-07-05 09:21:00,190,190,190,190,0
2022-07-05 09:22:00,190,190,190,190,0
2022-07-05 09:23:00,190,190,190,190,0
2022-07-05 09:24:00,180,180,180,180,200
2022-07-05 09:25:00,180,180,180,180,0
2022-07-05 09:26:00,180,180,180,180,0
2022-07-05 09:27:00,180,180,180,180,0
2022-07-05 09:28:00,180,180,180,180,0
2022-07-05 09:29:00,180,180,180,180,0
2022-07-05 09:30:00,180,180,180,180,0
2022-07-05 09:31:00,180,180,180,180,0
2022-07-05 09:32:00,180,180,180,180,0
2022-07-05 09:33:00,180,180,180,180,0
2022-07-05 09:34:00,180,180,180,180,0
2022-07-05 09:35:00,180,180,180,180,0
2022-07-05 09:36:00,180,180,180,180,0
2022-07-05 09:37:00,180,180,180,180,0
2022-07-05 09:38:00,180,180,180,180,0
2022-07-05 09:39:00,180,180,180,180,0
2022-07-05 09:40:00,180,180,180,180,0
2022-07-05 09:41:00,180,180,180,180,0
2022-07-05 09:42:00,180,180,180,180,0
2022-07-05 09:43:00,180,180,180,180,0
2022-07-05 09:44:00,188,188,189,189,200
2022-07-05 09:45:00,188,188,189,189,0
2022-07-05 09:46:00,188,188,189,189,0
2022-07-05 09:47:00,188,188,189,189,0
2022-07-05 09:48:00,188,188,189,189,0
2022-07-05 09:49:00,188,188,189,189,0
2022-07-05 09:50:00,188,188,189,189,0
2022-07-05 09:51:00,188,188,189,189,0
2022-07-05 09:52:00,190,190,198,198,1300
2022-07-05 09:53:00,224,224,228,228,300
2022-07-05 09:54:00,224,224,228,228,0
2022-07-05 09:55:00,220,220,226,226,9000
2022-07-05 09:56:00,220,220,220,220,0
2022-07-05 09:57:00,220,220,220,220,0
2022-07-05 09:58:00,220,220,220,220,0
2022-07-05 09:59:00,218,218,218,218,500
2022-07-05 10:00:00,198,189,198,189,0
2022-07-05 10:01:00,198,189,198,189,0
2022-07-05 10:02:00,198,189,198,189,0
2022-07-05 10:03:00,198,189,198,189,0
2022-07-05 10:04:00,198,189,198,189,0
2022-07-05 10:05:00,198,189,198,189,0
2022-07-05 10:06:00,210,210,210,210,1200
2022-07-05 10:07:00,210,210,210,210,0
2022-07-05 10:08:00,210,208,210,208,0
2022-07-05 10:09:00,210,208,210,208,0
2022-07-05 10:10:00,210,208,210,208,0
2022-07-05 10:11:00,210,208,210,208,0
2022-07-05 10:12:00,210,208,210,208,0
2022-07-05 10:13:00,210,208,210,208,0
2022-07-05 10:14:00,210,208,210,208,0
2022-07-05 10:15:00,210,208,210,208,0
2022-07-05 10:16:00,210,208,210,208,0
2022-07-05 10:17:00,210,208,210,208,0
2022-07-05 10:18:00,210,208,210,208,0
2022-07-05 10:19:00,210,208,210,208,0
2022-07-05 10:20:00,210,208,210,208,0
2022-07-05 10:21:00,210,208,210,208,0
2022-07-05 10:22:00,210,208,210,208,0
2022-07-05 10:23:00,210,208,210,208,0
2022-07-05 10:24:00,210,208,210,208,0
2022-07-05 10:25:00,210,208,210,208,0
2022-07-05 10:26:00,210,208,210,208,0
2022-07-05 10:27:00,210,208,210,208,0
2022-07-05 10:28:00,210,208,210,208,0
2022-07-05 10:29:00,210,208,210,208,0
2022-07-05 10:30:00,210,208,210,208,0
2022-07-05 10:31:00,210,208,210,208,0
2022-07-05 10:32:00,210,208,210,208,0
2022-07-05 10:33:00,210,208,210,208,0
2022-07-05 10:34:00,210,208,210,208,0
2022-07-05 10:35:00,210,208,210,208,0
2022-07-05 10:36:00,210,208,210,208,0
2022-07-05 10:37:00,210,208,210,208,0
2022-07-05 10:38:00,210,208,210,208,0
2022-07-05 10:39:00,210,208,210,208,0
2022-07-05 10:40:00,210,208,210,208,0
2022-07-05 10:41:00,210,208,210,208,0
2022-07-05 10:42:00,210,208,210,208,0
2022-07-05 10:43:00,210,208,210,208,0
2022-07-05 10:44:00,210,208,210,208,0
2022-07-05 10:45:00,210,208,210,208,0
2022-07-05 10:46:00,210,208,210,208,0
2022-07-05 10:47:00,210,208,210,208,0
2022-07-05 10:48:00,210,208,210,208,0
2022-07-05 10:49:00,210,208,210,208,0
2022-07-05 10:50:00,210,208,210,208,0
2022-07-05 10:51:00,210,208,210,208,0
2022-07-05 10:52:00,210,208,210,208,0
2022-07-05 10:53:00,206,206,206,206,100
2022-07-05 10:54:00,206,206,206,206,0
2022-07-05 10:55:00,206,206,206,206,0
2022-07-05 10:56:00,206,206,206,206,0
2022-07-05 10:57:00,206,206,206,206,0
2022-07-05 10:58:00,206,206,206,206,0
2022-07-05 10:59:00,206,206,206,206,0
2022-07-05 11:00:00,206,206,206,206,0
2022-07-05 11:01:00,206,206,206,206,0
2022-07-05 11:02:00,206,206,206,206,0
2022-07-05 11:03:00,206,206,206,206,0
2022-07-05 11:04:00,206,206,206,206,0
2022-07-05 11:05:00,206,206,206,206,0
2022-07-05 11:06:00,206,206,206,206,0
2022-07-05 11:07:00,206,206,206,206,0
2022-07-05 11:08:00,206,206,206,206,0
2022-07-05 11:09:00,206,206,206,206,0
2022-07-05 11:10:00,206,206,206,206,0
2022-07-05 11:11:00,206,206,206,206,0
2022-07-05 11:12:00,206,206,206,206,0
2022-07-05 11:13:00,206,206,206,206,0
2022-07-05 11:14:00,206,206,206,206,0
2022-07-05 11:15:00,206,206,206,206,0
2022-07-05 11:16:00,206,206,206,206,0
2022-07-05 11:17:00,206,206,206,206,0
2022-07-05 11:18:00,206,206,206,206,0
2022-07-05 11:19:00,206,206,206,206,0
2022-07-05 11:20:00,206,206,206,206,0
2022-07-05 11:21:00,206,206,206,206,0
2022-07-05 11:22:00,206,206,206,206,0
2022-07-05 11:23:00,206,206,206,206,0
2022-07-05 11:24:00,206,206,206,206,0
2022-07-05 11:25:00,206,206,206,206,0
2022-07-05 11:26:00,206,206,206,206,0
2022-07-05 11:27:00,206,206,206,206,0
2022-07-05 11:28:00,206,206,206,206,0
2022-07-05 11:29:00,206,206,206,206,0
2022-07-05 11:30:00,206,206,206,206,0
2022-07-05 11:31:00,206,206,206,206,0
2022-07-05 11:32:00,206,206,206,206,0
2022-07-05 11:33:00,206,206,206,206,0
2022-07-05 11:34:00,206,206,206,206,0
2022-07-05 11:35:00,206,206,206,206,0
2022-07-05 11:36:00,206,206,206,206,0
2022-07-05 11:37:00,206,206,206,206,0
2022-07-05 11:38:00,206,206,206,206,0
2022-07-05 11:39:00,206,206,206,206,0
2022-07-05 11:40:00,206,206,206,206,0
2022-07-05 11:41:00,206,206,206,206,0
2022-07-05 11:42:00,206,206,206,206,0
2022-07-05 11:43:00,206,206,206,206,0
2022-07-05 11:44:00,206,206,206,206,0
2022-07-05 11:45:00,206,206,206,206,0
2022-07-05 11:46:00,206,206,206,206,0
2022-07-05 11:47:00,206,206,206,206,0
2022-07-05 11:48:00,206,206,206,206,0
2022-07-05 11:49:00,206,206,206,206,0
2022-07-05 11:50:00,206,206,206,206,0
2022-07-05 11:51:00,206,206,206,206,0
2022-07-05 11:52:00,206,206,206,206,0
2022-07-05 11:53:00,206,206,206,206,0
2022-07-05 11:54:00,206,206,206,206,0
2022-07-05 11:55:00,206,206,206,206,0
2022-07-05 11:56:00,206,206,206,206,0
2022-07-05 11:57:00,206,206,206,206,0
2022-07-05 11:58:00,206,206,206,206,0
2022-07-05 11:59:00,206,206,206,206,0
2022-07-05 12:00:00,206,206,206,206,0
2022-07-05 12:01:00,206,206,206,206,0
2022-07-05 12:02:00,206,206,206,206,0
2022-07-05 12:03:00,206,206,206,206,0
2022-07-05 12:04:00,206,206,206,206,0
2022-07-05 12:05:00,206,206,206,206,0
2022-07-05 12:06:00,206,206,206,206,0
2022-07-05 12:07:00,206,206,206,206,0
2022-07-05 12:08:00,206,206,206,206,0
2022-07-05 12:09:00,206,206,206,206,0
2022-07-05 12:10:00,206,206,206,206,0
2022-07-05 12:11:00,206,206,206,206,0
2022-07-05 12:12:00,206,206,206,206,0
2022-07-05 12:13:00,206,206,206,206,0
2022-07-05 12:14:00,206,206,206,206,0
2022-07-05 12:15:00,206,206,206,206,0
2022-07-05 12:16:00,206,206,206,206,0
2022-07-05 12:17:00,206,206,206,206,0
2022-07-05 12:18:00,206,206,206,206,0
2022-07-05 12:19:00,206,206,206,206,0
2022-07-05 12:20:00,206,206,206,206,0
2022-07-05 12:21:00,206,206,206,206,0
2022-07-05 12:22:00,206,206,206,206,0
2022-07-05 12:23:00,206,206,206,206,0
2022-07-05 12:24:00,206,206,206,206,0
2022-07-05 12:25:00,206,206,206,206,0
2022-07-05 12:26:00,206,206,206,206,0
2022-07-05 12:27:00,206,206,206,206,0
2022-07-05 12:28:00,206,206,206,206,0
2022-07-05 12:29:00,206,206,206,206,0
2022-07-05 12:30:00,206,206,206,206,0
2022-07-05 12:31:00,206,206,206,206,0
2022-07-05 12:32:00,206,206,206,206,0
2022-07-05 12:33:00,206,206,206,206,0
2022-07-05 12:34:00,206,206,206,206,0
2022-07-05 12:35:00,206,206,206,206,0
2022-07-05 12:36:00,206,206,206,206,0
2022-07-05 12:37:00,206,206,206,206,0
2022-07-05 12:38:00,206,206,206,206,0
2022-07-05 12:39:00,206,206,206,206,0
2022-07-05 12:40:00,206,206,206,206,0
2022-07-05 12:41:00,206,206,206,206,0
2022-07-05 12:42:00,206,206,206,206,0
2022-07-05 12:43:00,206,206,206,206,0
2022-07-05 12:44:00,206,206,206,206,0
2022-07-05 12:45:00,206,206,206,206,0
2022-07-05 12:46:00,206,206,206,206,0
2022-07-05 12:47:00,206,206,206,206,0
2022-07-05 12:48:00,206,206,206,206,0
2022-07-05 12:49:00,206,206,206,206,0
2022-07-05 12:50:00,206,206,206,206,0
2022-07-05 12:51:00,206,206,206,206,0
2022-07-05 12:52:00,206,206,206,206,0
2022-07-05 12:53:00,206,206,206,206,0
2022-07-05 12:54:00,206,206,206,206,0
2022-07-05 12:55:00,206,206,206,206,0
2022-07-05 12:56:00,206,206,206,206,0
2022-07-05 12:57:00,206,206,206,206,0
2022-07-05 12:58:00,206,206,206,206,0
2022-07-05 12:59:00,206,206,206,206,0
2022-07-05 13:00:00,206,206,206,206,0
2022-07-05 13:01:00,206,206,206,206,0
2022-07-05 13:02:00,206,206,206,206,0
2022-07-05 13:03:00,206,206,206,206,0
2022-07-05 13:04:00,206,206,206,206,0
2022-07-05 13:05:00,206,206,206,206,0
2022-07-05 13:06:00,206,206,206,206,0
2022-07-05 13:07:00,206,206,206,206,0
2022-07-05 13:08:00,206,206,206,206,0
2022-07-05 13:09:00,206,206,206,206,0
2022-07-05 13:10:00,206,206,206,206,0
2022-07-05 13:11:00,206,206,206,206,0
2022-07-05 13:12:00,206,206,206,206,0
2022-07-05 13:13:00,206,206,206,206,0
2022-07-05 13:14:00,206,206,206,206,0
2022-07-05 13:15:00,206,206,206,206,0
2022-07-05 13:16:00,206,206,206,206,0
2022-07-05 13:17:00,206,206,206,206,0
2022-07-05 13:18:00,206,206,206,206,0
2022-07-05 13:19:00,206,206,206,206,0
2022-07-05 13:20:00,206,206,206,206,0
2022-07-05 13:21:00,206,206,206,206,0
2022-07-05 13:22:00,206,206,206,206,0
2022-07-05 13:23:00,206,206,206,206,0
2022-07-05 13:24:00,206,206,206,206,0
2022-07-05 13:25:00,206,206,206,206,0
2022-07-05 13:26:00,206,206,206,206,0
2022-07-05 13:27:00,206,206,206,206,0
2022-07-05 13:28:00,206,206,206,206,0
2022-07-05 13:29:00,206,206,206,206,0
2022-07-05 13:30:00,206,206,206,206,200
2022-07-05 13:31:00,198,197,198,197,8900
2022-07-05 13:32:00,198,197,198,197,0
2022-07-05 13:33:00,198,197,198,197,0
2022-07-05 13:34:00,198,197,198,197,0
2022-07-05 13:35:00,198,197,198,197,0
2022-07-05 13:36:00,198,197,198,197,0
2022-07-05 13:37:00,198,197,198,197,0
2022-07-05 13:38:00,198,197,198,197,0
2022-07-05 13:39:00,198,197,198,197,0
2022-07-05 13:40:00,198,197,198,197,0
2022-07-05 13:41:00,198,197,198,197,0
2022-07-05 13:42:00,198,197,198,197,0
2022-07-05 13:43:00,198,197,198,197,0
2022-07-05 13:44:00,198,197,198,197,0
2022-07-05 13:45:00,198,197,198,197,0
2022-07-05 13:46:00,198,197,198,197,0
2022-07-05 13:47:00,198,197,198,197,0
2022-07-05 13:48:00,198,197,198,197,0
2022-07-05 13:49:00,198,197,198,197,0
2022-07-05 13:50:00,198,197,198,197,0
2022-07-05 13:51:00,198,197,198,197,0
2022-07-05 13:52:00,198,197,198,197,0
2022-07-05 13:53:00,193,193,193,193,100
2022-07-05 13:54:00,193,193,193,193,0
2022-07-05 13:55:00,193,193,193,193,500
2022-07-05 13:56:00,192,192,192,192,0
2022-07-05 13:57:00,192,192,192,192,0
2022-07-05 13:58:00,192,192,192,192,0
2022-07-05 13:59:00,192,192,192,192,0
2022-07-05 14:00:00,192,192,192,192,0
2022-07-05 14:01:00,192,192,192,192,0
2022-07-05 14:02:00,192,192,192,192,0
2022-07-05 14:03:00,192,192,192,192,0
2022-07-05 14:04:00,192,192,192,192,0
2022-07-05 14:05:00,192,192,192,192,0
2022-07-05 14:06:00,192,192,192,192,0
2022-07-05 14:07:00,192,192,192,192,0
2022-07-05 14:08:00,192,192,192,192,0
2022-07-05 14:09:00,192,192,192,192,0
2022-07-05 14:10:00,192,192,192,192,0
2022-07-05 14:11:00,192,192,192,192,0
2022-07-05 14:12:00,192,192,192,192,0
2022-07-05 14:13:00,192,192,192,192,0
2022-07-05 14:14:00,192,192,192,192,0
2022-07-05 14:15:00,192,192,192,192,0
2022-07-05 14:16:00,192,192,192,192,0
2022-07-05 14:17:00,192,192,192,192,0
2022-07-05 14:18:00,192,192,192,192,0
2022-07-05 14:19:00,192,192,192,192,0
2022-07-05 14:20:00,192,192,192,192,0
2022-07-05 14:21:00,192,192,192,192,0
2022-07-05 14:22:00,192,192,192,192,0
2022-07-05 14:23:00,192,192,192,192,0
2022-07-05 14:24:00,192,192,192,192,0
2022-07-05 14:25:00,192,192,192,192,0
2022-07-05 14:26:00,192,192,192,192,0
2022-07-05 14:27:00,192,192,192,192,0
2022-07-05 14:28:00,192,192,192,192,0
2022-07-05 14:29:00,192,192,192,192,0
2022-07-05 14:30:00,192,192,192,192,0
2022-07-05 14:31:00,192,192,192,192,0
2022-07-05 14:32:00,192,192,192,192,0
2022-07-05 14:33:00,192,192,192,192,0
2022-07-05 14:34:00,192,192,192,192,0
2022-07-05 14:35:00,192,192,192,192,0
2022-07-05 14:36:00,192,192,192,192,0
2022-07-05 14:37:00,192,192,192,192,0
2022-07-05 14:38:00,192,192,192,192,0
2022-07-05 14:39:00,192,192,192,192,0
2022-07-05 14:40:00,192,192,192,192,0
2022-07-05 14:41:00,192,192,192,192,0
2022-07-05 14:42:00,192,192,192,192,0
2022-07-05 14:43:00,192,192,192,192,0
2022-07-05 14:44:00,192,192,192,192,0
2022-07-05 14:45:00,192,192,192,192,0
2022-07-05 14:46:00,192,192,192,192,0
2022-07-05 14:47:00,192,192,192,192,0
2022-07-05 14:48:00,192,192,192,192,0
2022-07-05 14:49:00,192,192,192,192,0
2022-07-05 14:50:00,192,192,192,192,0
2022-07-05 14:51:00,192,192,192,192,0
2022-07-05 14:52:00,192,192,192,192,0
2022-07-05 14:53:00,192,192,192,192,0
2022-07-05 14:54:00,192,192,192,192,0
2022-07-05 14:55:00,192,192,192,192,0
2022-07-05 14:56:00,192,192,192,192,0
2022-07-05 14:57:00,192,192,192,192,0
2022-07-05 14:58:00,192,192,192,192,0
2022-07-05 14:59:00,192,192,192,192,0
2022-07-05 15:00:00,192,192,192,192,20600
2022-07-05 15:01:00,192,192,192,192,0
2022-07-05 15:02:00,192,192,192,192,0
2022-07-05 15:03:00,192,192,192,192,0
2022-07-05 15:04:00,192,192,192,192,0
2022-07-05 15:05:00,192,192,192,192,0
2022-07-05 15:06:00,192,192,192,192,0
2022-07-05 15:07:00,192,192,192,192,0
2022-07-05 15:08:00,192,192,192,192,0
2022-07-05 15:09:00,192,192,192,192,0
2022-07-05 15:10:00,192,192,192,192,0
2022-07-05 15:11:00,192,192,192,192,0
2022-07-05 15:12:00,192,192,192,192,0
2022-07-05 15:13:00,192,192,192,192,0
2022-07-05 15:14:00,192,192,192,192,0
2022-07-05 15:15:00,192,192,192,192,0
2022-07-05 15:16:00,192,192,192,192,0
2022-07-05 15:17:00,192,192,192,192,0
2022-07-05 15:18:00,192,192,192,192,0
2022-07-05 15:19:00,192,192,192,192,0
2022-07-05 15:20:00,192,192,192,192,0
2022-07-05 15:21:00,192,192,192,192,0
2022-07-05 15:22:00,192,192,192,192,0
2022-07-05 15:23:00,192,192,192,192,0
2022-07-05 15:24:00,192,192,192,192,0
2022-07-05 15:25:00,192,192,192,192,0
2022-07-05 15:26:00,192,192,192,192,0
2022-07-05 15:27:00,192,192,192,192,0
2022-07-05 15:28:00,192,192,192,192,0
2022-07-05 15:29:00,192,192,192,192,0
2022-07-05 15:30:00,192,192,192,192,0
2022-07-05 15:31:00,192,192,192,192,0
2022-07-05 15:32:00,192,192,192,192,0
2022-07-05 15:33:00,192,192,192,192,0
2022-07-05 15:34:00,192,192,192,192,0
2022-07-05 15:35:00,192,192,192,192,0
2022-07-05 15:36:00,192,192,192,192,0
2022-07-05 15:37:00,192,192,192,192,0
2022-07-05 15:38:00,192,192,192,192,0
2022-07-05 15:39:00,192,192,192,192,0
2022-07-05 15:40:00,192,192,192,192,0
2022-07-05 15:41:00,192,192,192,192,0
2022-07-05 15:42:00,192,192,192,192,0
2022-07-05 15:43:00,192,192,192,192,0
2022-07-05 15:44:00,192,192,192,192,0
2022-07-05 15:45:00,192,192,192,192,0
2022-07-05 15:46:00,192,192,192,192,0
2022-07-05 15:47:00,192,192,192,192,0
2022-07-05 15:48:00,192,192,192,192,0
2022-07-05 15:49:00,192,192,192,192,0
2022-07-05 15:50:00,192,192,192,192,0
2022-07-05 15:51:00,192,192,192,192,0
2022-07-05 15:52:00,192,192,192,192,0
2022-07-05 15:53:00,192,192,192,192,0
2022-07-05 15:54:00,192,192,192,192,0
2022-07-05 15:55:00,192,192,192,192,0
2022-07-05 15:56:00,192,192,192,192,0
2022-07-05 15:57:00,192,192,192,192,0
2022-07-05 15:58:00,192,192,192,192,0
2022-07-05 15:59:00,192,192,192,192,0
2022-07-06 09:00:00,192,192,192,192,0
2022-07-06 09:01:00,192,192,192,192,0
2022-07-06 09:02:00,192,192,192,192,0
2022-07-06 09:03:00,192,192,192,192,0
2022-07-06 09:04:00,192,192,192,192,0
2022-07-06 09:05:00,192,192,192,192,0
2022-07-06 09:06:00,192,192,192,192,0
2022-07-06 09:07:00,192,192,192,192,0
2022-07-06 09:08:00,192,192,192,192,0
2022-07-06 09:09:00,192,192,192,192,0
2022-07-06 09:10:00,192,192,192,192,0
2022-07-06 09:11:00,192,192,192,192,0
2022-07-06 09:12:00,192,192,192,192,0
2022-07-06 09:13:00,192,192,192,192,0
2022-07-06 09:14:00,192,192,192,192,0
2022-07-06 09:15:00,192,192,192,192,0
2022-07-06 09:16:00,192,192,192,192,0
2022-07-06 09:17:00,192,192,192,192,0
2022-07-06 09:18:00,192,192,192,192,0
2022-07-06 09:19:00,192,192,192,192,0
2022-07-06 09:20:00,192,192,192,192,0
2022-07-06 09:21:00,192,192,192,192,0
2022-07-06 09:22:00,192,192,192,192,0
2022-07-06 09:23:00,192,192,192,192,0
2022-07-06 09:24:00,192,192,192,192,0
2022-07-06 09:25:00,192,192,192,192,0
2022-07-06 09:26:00,192,192,192,192,0
2022-07-06 09:27:00,182,182,182,182,0
2022-07-06 09:28:00,182,182,182,182,0
2022-07-06 09:29:00,182,182,182,182,0
2022-07-06 09:30:00,182,182,182,182,0
2022-07-06 09:31:00,182,182,182,182,0
2022-07-06 09:32:00,182,182,182,182,0
2022-07-06 09:33:00,182,182,189,189,0
2022-07-06 09:34:00,189,189,189,189,2000
2022-07-06 09:35:00,189,189,189,189,0
2022-07-06 09:36:00,189,189,189,189,0
2022-07-06 09:37:00,189,189,189,189,0
2022-07-06 09:38:00,189,189,189,189,0
2022-07-06 09:39:00,189,189,189,189,0
2022-07-06 09:40:00,189,189,189,189,0
2022-07-06 09:41:00,189,189,189,189,0
2022-07-06 09:42:00,189,189,189,189,0
2022-07-06 09:43:00,189,189,189,189,0
2022-07-06 09:44:00,189,189,189,189,0
2022-07-06 09:45:00,189,189,189,189,0
2022-07-06 09:46:00,189,189,189,189,0
2022-07-06 09:47:00,189,189,189,189,0
2022-07-06 09:48:00,189,189,189,189,0
2022-07-06 09:49:00,189,189,189,189,0
2022-07-06 09:50:00,189,189,189,189,0
2022-07-06 09:51:00,189,189,189,189,0
2022-07-06 09:52:00,189,189,189,189,0
2022-07-06 09:53:00,189,189,189,189,0
2022-07-06 09:54:00,189,189,189,189,0
2022-07-06 09:55:00,189,189,189,189,0
2022-07-06 09:56:00,189,189,189,189,0
2022-07-06 09:57:00,189,189,189,189,0
2022-07-06 09:58:00,189,189,189,189,0
2022-07-06 09:59:00,189,189,189,189,0
2022-07-06 10:00:00,189,189,189,189,0
2022-07-06 10:01:00,189,189,189,189,0
2022-07-06 10:02:00,189,189,189,189,0
2022-07-06 10:03:00,189,189,189,189,0
2022-07-06 10:04:00,189,189,189,189,0
2022-07-06 10:05:00,189,189,189,189,0
2022-07-06 10:06:00,189,189,189,189,0
2022-07-06 10:07:00,189,189,189,189,0
2022-07-06 10:08:00,189,189,189,189,0
2022-07-06 10:09:00,189,189,189,189,0
2022-07-06 10:10:00,189,189,189,189,0
2022-07-06 10:11:00,189,189,189,189,0
2022-07-06 10:12:00,189,189,189,189,0
2022-07-06 10:13:00,189,189,189,189,0
2022-07-06 10:14:00,189,189,189,189,0
2022-07-06 10:15:00,189,189,189,189,0
2022-07-06 10:16:00,189,189,189,189,0
2022-07-06 10:17:00,189,189,189,189,0
2022-07-06 10:18:00,189,189,189,189,0
2022-07-06 10:19:00,189,189,189,189,0
2022-07-06 10:20:00,189,189,189,189,0
2022-07-06 10:21:00,189,189,189,189,0
2022-07-06 10:22:00,189,189,189,189,0
2022-07-06 10:23:00,189,189,189,189,0
2022-07-06 10:24:00,189,189,189,189,0
2022-07-06 10:25:00,189,189,189,189,0
2022-07-06 10:26:00,189,189,189,189,1700
2022-07-06 10:27:00,189,189,189,189,0
2022-07-06 10:28:00,189,189,189,189,0
2022-07-06 10:29:00,189,189,189,189,0
2022-07-06 10:30:00,189,189,189,189,0
2022-07-06 10:31:00,189,189,189,189,0
2022-07-06 10:32:00,189,189,189,189,0
2022-07-06 10:33:00,189,189,189,189,0
2022-07-06 10:34:00,189,189,189,189,0
2022-07-06 10:35:00,189,189,189,189,0
2022-07-06 10:36:00,189,189,189,189,0
2022-07-06 10:37:00,189,189,189,189,0
2022-07-06 10:38:00,189,189,189,189,0
2022-07-06 10:39:00,189,189,189,189,0
2022-07-06 10:40:00,189,189,189,189,0
2022-07-06 10:41:00,189,189,189,189,0
2022-07-06 10:42:00,189,189,189,189,0
2022-07-06 10:43:00,189,189,189,189,0
2022-07-06 10:44:00,189,189,189,189,0
2022-07-06 10:45:00,189,189,189,189,0
2022-07-06 10:46:00,189,189,189,189,0
2022-07-06 10:47:00,189,189,189,189,0
2022-07-06 10:48:00,189,189,189,189,0
2022-07-06 10:49:00,189,189,189,189,0
2022-07-06 10:50:00,189,189,189,189,0
2022-07-06 10:51:00,189,189,189,189,0
2022-07-06 10:52:00,189,189,189,189,0
2022-07-06 10:53:00,189,189,189,189,0
2022-07-06 10:54:00,189,189,189,189,0
2022-07-06 10:55:00,189,189,189,189,0
2022-07-06 10:56:00,189,189,189,189,0
2022-07-06 10:57:00,189,189,189,189,0
2022-07-06 10:58:00,189,189,189,189,0
2022-07-06 10:59:00,189,189,189,189,0
2022-07-06 11:00:00,189,189,189,189,0
2022-07-06 11:01:00,189,189,189,189,0
2022-07-06 11:02:00,189,189,189,189,0
2022-07-06 11:03:00,189,189,189,189,0
2022-07-06 11:04:00,189,189,189,189,0
2022-07-06 11:05:00,189,189,189,189,0
2022-07-06 11:06:00,189,189,189,189,17000
2022-07-06 11:07:00,189,189,189,189,5000
2022-07-06 11:08:00,189,189,189,189,0
2022-07-06 11:09:00,189,189,189,189,0
2022-07-06 11:10:00,189,189,189,189,0
2022-07-06 11:11:00,189,189,189,189,0
2022-07-06 11:12:00,189,189,189,189,0
2022-07-06 11:13:00,189,189,189,189,0
2022-07-06 11:14:00,189,189,189,189,0
2022-07-06 11:15:00,189,189,189,189,0
2022-07-06 11:16:00,189,189,189,189,0
2022-07-06 11:17:00,189,189,189,189,0
2022-07-06 11:18:00,189,189,189,189,0
2022-07-06 11:19:00,189,189,189,189,0
2022-07-06 11:20:00,189,189,189,189,0
2022-07-06 11:21:00,189,189,189,189,0
2022-07-06 11:22:00,189,189,189,189,0
2022-07-06 11:23:00,189,189,189,189,0
2022-07-06 11:24:00,189,189,189,189,0
2022-07-06 11:25:00,189,189,189,189,0
2022-07-06 11:26:00,189,189,189,189,0
2022-07-06 11:27:00,189,189,189,189,0
2022-07-06 11:28:00,189,189,189,189,0
2022-07-06 11:29:00,189,189,189,189,0
2022-07-06 11:30:00,189,189,189,189,0
2022-07-06 11:31:00,189,189,189,189,0
2022-07-06 11:32:00,189,189,189,189,0
2022-07-06 11:33:00,189,189,189,189,0
2022-07-06 11:34:00,189,189,189,189,0
2022-07-06 11:35:00,189,189,189,189,0
2022-07-06 11:36:00,189,189,189,189,0
2022-07-06 11:37:00,189,189,189,189,0
2022-07-06 11:38:00,189,189,189,189,0
2022-07-06 11:39:00,189,189,189,189,0
2022-07-06 11:40:00,189,189,189,189,0
2022-07-06 11:41:00,189,189,189,189,0
2022-07-06 11:42:00,189,189,189,189,0
2022-07-06 11:43:00,189,189,189,189,0
2022-07-06 11:44:00,189,189,189,189,0
2022-07-06 11:45:00,189,189,189,189,0
2022-07-06 11:46:00,189,189,189,189,0
2022-07-06 11:47:00,189,189,189,189,0
2022-07-06 11:48:00,189,189,189,189,0
2022-07-06 11:49:00,189,189,189,189,0
2022-07-06 11:50:00,189,189,189,189,0
2022-07-06 11:51:00,189,189,189,189,0
2022-07-06 11:52:00,189,189,189,189,0
2022-07-06 11:53:00,189,189,189,189,0
2022-07-06 11:54:00,189,189,189,189,0
2022-07-06 11:55:00,189,189,189,189,0
2022-07-06 11:56:00,189,189,189,189,0
2022-07-06 11:57:00,189,189,189,189,0
2022-07-06 11:58:00,189,189,189,189,0
2022-07-06 11:59:00,189,189,189,189,0
2022-07-06 12:00:00,189,189,189,189,0
2022-07-06 12:01:00,189,189,189,189,0
2022-07-06 12:02:00,189,189,189,189,0
2022-07-06 12:03:00,189,189,189,189,0
2022-07-06 12:04:00,189,189,189,189,0
2022-07-06 12:05:00,189,189,189,189,0
2022-07-06 12:06:00,189,189,189,189,0
2022-07-06 12:07:00,189,189,189,189,0
2022-07-06 12:08:00,189,189,189,189,0
2022-07-06 12:09:00,189,189,189,189,0
2022-07-06 12:10:00,189,189,189,189,0
2022-07-06 12:11:00,189,189,189,189,0
2022-07-06 12:12:00,189,189,189,189,0
2022-07-06 12:13:00,189,189,189,189,0
2022-07-06 12:14:00,189,189,189,189,0
2022-07-06 12:15:00,189,189,189,189,0
2022-07-06 12:16:00,189,189,189,189,0
2022-07-06 12:17:00,189,189,189,189,0
2022-07-06 12:18:00,189,189,189,189,0
2022-07-06 12:19:00,189,189,189,189,0
2022-07-06 12:20:00,189,189,189,189,0
2022-07-06 12:21:00,189,189,189,189,0
2022-07-06 12:22:00,189,189,189,189,0
2022-07-06 12:23:00,189,189,189,189,0
2022-07-06 12:24:00,189,189,189,189,0
2022-07-06 12:25:00,189,189,189,189,0
2022-07-06 12:26:00,189,189,189,189,0
2022-07-06 12:27:00,189,189,189,189,0
2022-07-06 12:28:00,189,189,189,189,0
2022-07-06 12:29:00,189,189,189,189,0
2022-07-06 12:30:00,189,189,189,189,0
2022-07-06 12:31:00,189,189,189,189,0
2022-07-06 12:32:00,189,189,189,189,0
2022-07-06 12:33:00,189,189,189,189,0
2022-07-06 12:34:00,189,189,189,189,0
2022-07-06 12:35:00,189,189,189,189,0
2022-07-06 12:36:00,189,189,189,189,0
2022-07-06 12:37:00,189,189,189,189,0
2022-07-06 12:38:00,189,189,189,189,0
2022-07-06 12:39:00,189,189,189,189,0
2022-07-06 12:40:00,189,189,189,189,0
2022-07-06 12:41:00,189,189,189,189,0
2022-07-06 12:42:00,189,189,189,189,0
2022-07-06 12:43:00,189,189,189,189,0
2022-07-06 12:44:00,189,189,189,189,0
2022-07-06 12:45:00,189,189,189,189,0
2022-07-06 12:46:00,189,189,189,189,0
2022-07-06 12:47:00,189,189,189,189,0
2022-07-06 12:48:00,189,189,189,189,0
2022-07-06 12:49:00,189,189,189,189,0
2022-07-06 12:50:00,189,189,189,189,0
2022-07-06 12:51:00,189,189,189,189,0
2022-07-06 12:52:00,189,189,189,189,0
2022-07-06 12:53:00,189,189,189,189,0
2022-07-06 12:54:00,189,189,189,189,0
2022-07-06 12:55:00,189,189,189,189,0
2022-07-06 12:56:00,189,189,189,189,0
2022-07-06 12:57:00,189,189,189,189,0
2022-07-06 12:58:00,189,189,189,189,0
2022-07-06 12:59:00,189,189,189,189,0
2022-07-06 13:00:00,189,189,189,189,0
2022-07-06 13:01:00,189,189,189,189,0
2022-07-06 13:02:00,189,189,189,189,0
2022-07-06 13:03:00,189,189,189,189,0
2022-07-06 13:04:00,189,189,189,189,0
2022-07-06 13:05:00,189,189,189,189,0
2022-07-06 13:06:00,189,189,189,189,0
2022-07-06 13:07:00,189,189,189,189,0
2022-07-06 13:08:00,189,189,189,189,0
2022-07-06 13:09:00,189,189,189,189,0
2022-07-06 13:10:00,189,189,189,189,0
2022-07-06 13:11:00,189,189,189,189,0
2022-07-06 13:12:00,189,189,189,189,0
2022-07-06 13:13:00,189,189,189,189,0
2022-07-06 13:14:00,189,189,189,189,0
2022-07-06 13:15:00,189,189,189,189,0
2022-07-06 13:16:00,189,189,189,189,0
2022-07-06 13:17:00,189,189,189,189,0
2022-07-06 13:18:00,189,189,189,189,0
2022-07-06 13:19:00,189,189,189,189,0
2022-07-06 13:20:00,189,189,189,189,0
2022-07-06 13:21:00,189,189,189,189,0
2022-07-06 13:22:00,189,189,189,189,0
2022-07-06 13:23:00,189,189,189,189,0
2022-07-06 13:24:00,189,189,189,189,0
2022-07-06 13:25:00,189,189,189,189,0
2022-07-06 13:26:00,189,189,189,189,0
2022-07-06 13:27:00,189,189,189,189,0
2022-07-06 13:28:00,189,189,189,189,0
2022-07-06 13:29:00,189,189,189,189,0
2022-07-06 13:30:00,189,189,189,189,0
2022-07-06 13:31:00,189,189,189,189,0
2022-07-06 13:32:00,189,189,189,189,0
2022-07-06 13:33:00,189,189,189,189,0
2022-07-06 13:34:00,189,189,189,189,0
2022-07-06 13:35:00,189,189,189,189,0
2022-07-06 13:36:00,189,189,189,189,0
2022-07-06 13:37:00,189,189,189,189,0
2022-07-06 13:38:00,189,189,189,189,0
2022-07-06 13:39:00,189,189,189,189,0
2022-07-06 13:40:00,189,189,189,189,0
2022-07-06 13:41:00,189,189,189,189,0
2022-07-06 13:42:00,189,189,189,189,0
2022-07-06 13:43:00,189,189,189,189,0
2022-07-06 13:44:00,189,189,189,189,0
2022-07-06 13:45:00,189,189,189,189,0
2022-07-06 13:46:00,189,189,189,189,0
2022-07-06 13:47:00,189,189,189,189,0
2022-07-06 13:48:00,189,189,189,189,0
2022-07-06 13:49:00,189,189,189,189,0
2022-07-06 13:50:00,189,189,189,189,0
2022-07-06 13:51:00,189,189,189,189,0
2022-07-06 13:52:00,189,189,189,189,0
2022-07-06 13:53:00,189,189,189,189,0
2022-07-06 13:54:00,189,189,189,189,0
2022-07-06 13:55:00,189,189,189,189,0
2022-07-06 13:56:00,189,189,189,189,0
2022-07-06 13:57:00,189,189,189,189,0
2022-07-06 13:58:00,189,189,189,189,0
2022-07-06 13:59:00,189,189,189,189,0
2022-07-06 14:00:00,189,189,189,189,0
2022-07-06 14:01:00,189,189,189,189,0
2022-07-06 14:02:00,189,189,189,189,0
2022-07-06 14:03:00,189,189,189,189,0
2022-07-06 14:04:00,189,189,189,189,0
2022-07-06 14:05:00,189,189,189,189,0
2022-07-06 14:06:00,189,189,189,189,0
2022-07-06 14:07:00,189,189,189,189,0
2022-07-06 14:08:00,189,189,189,189,0
2022-07-06 14:09:00,189,189,189,189,0
2022-07-06 14:10:00,189,189,189,189,0
2022-07-06 14:11:00,189,189,189,189,0
2022-07-06 14:12:00,189,189,189,189,0
2022-07-06 14:13:00,189,189,189,189,0
2022-07-06 14:14:00,189,189,189,189,400
2022-07-06 14:15:00,189,189,189,189,0
2022-07-06 14:16:00,189,189,189,189,9800
2022-07-06 14:17:00,189,189,189,189,0
2022-07-06 14:18:00,189,189,189,189,0
2022-07-06 14:19:00,189,189,189,189,0
2022-07-06 14:20:00,189,189,189,189,0
2022-07-06 14:21:00,189,189,189,189,0
2022-07-06 14:22:00,189,189,189,189,0
2022-07-06 14:23:00,189,189,189,189,0
2022-07-06 14:24:00,189,189,189,189,0
2022-07-06 14:25:00,189,189,189,189,0
2022-07-06 14:26:00,189,189,189,189,0
2022-07-06 14:27:00,189,189,189,189,0
2022-07-06 14:28:00,189,189,189,189,0
2022-07-06 14:29:00,189,189,189,189,0
2022-07-06 14:30:00,189,189,189,189,0
2022-07-06 14:31:00,189,189,189,189,0
2022-07-06 14:32:00,189,189,189,189,0
2022-07-06 14:33:00,189,189,189,189,0
2022-07-06 14:34:00,189,189,189,189,0
2022-07-06 14:35:00,189,189,189,189,0
2022-07-06 14:36:00,189,189,189,189,0
2022-07-06 14:37:00,189,189,189,189,0
2022-07-06 14:38:00,189,189,189,189,0
2022-07-06 14:39:00,189,189,189,189,0
2022-07-06 14:40:00,189,189,189,189,0
2022-07-06 14:41:00,189,189,189,189,0
2022-07-06 14:42:00,189,189,189,189,0
2022-07-06 14:43:00,189,189,189,189,0
2022-07-06 14:44:00,189,189,189,189,0
2022-07-06 14:45:00,189,189,189,189,0
2022-07-06 14:46:00,189,189,189,189,0
2022-07-06 14:47:00,189,189,189,189,0
2022-07-06 14:48:00,189,189,189,189,0
2022-07-06 14:49:00,189,189,189,189,0
2022-07-06 14:50:00,189,189,189,189,0
2022-07-06 14:51:00,189,189,189,189,0
2022-07-06 14:52:00,189,189,189,189,0
2022-07-06 14:53:00,189,189,189,189,0
2022-07-06 14:54:00,189,189,189,189,0
2022-07-06 14:55:00,189,189,189,189,0
2022-07-06 14:56:00,189,189,189,189,0
2022-07-06 14:57:00,189,189,189,189,0
2022-07-06 14:58:00,189,189,189,189,0
2022-07-06 14:59:00,189,189,189,189,0
2022-07-06 15:00:00,189,189,189,189,0
2022-07-06 15:01:00,189,189,189,189,0
2022-07-06 15:02:00,189,189,189,189,0
2022-07-06 15:03:00,189,189,189,189,5000
2022-07-06 15:04:00,189,189,189,189,1000
2022-07-06 15:05:00,189,189,189,189,0
2022-07-06 15:06:00,189,189,189,189,0
2022-07-06 15:07:00,189,189,189,189,43000
2022-07-06 15:08:00,189,189,189,189,0
2022-07-06 15:09:00,189,189,189,189,0
2022-07-06 15:10:00,189,189,189,189,0
2022-07-06 15:11:00,189,189,189,189,0
2022-07-06 15:12:00,189,189,189,189,0
2022-07-06 15:13:00,189,189,189,189,0
2022-07-06 15:14:00,189,189,189,189,0
2022-07-06 15:15:00,189,189,189,189,0
2022-07-06 15:16:00,189,189,189,189,0
2022-07-06 15:17:00,189,189,189,189,0
2022-07-06 15:18:00,189,189,189,189,0
2022-07-06 15:19:00,189,189,189,189,0
2022-07-06 15:20:00,189,189,189,189,0
2022-07-06 15:21:00,189,189,189,189,0
2022-07-06 15:22:00,189,189,189,189,0
2022-07-06 15:23:00,189,189,189,189,0
2022-07-06 15:24:00,189,189,189,189,0
2022-07-06 15:25:00,189,189,189,189,0
2022-07-06 15:26:00,189,189,189,189,0
2022-07-06 15:27:00,189,189,189,189,0
2022-07-06 15:28:00,189,189,189,189,0
2022-07-06 15:29:00,189,189,189,189,0
2022-07-06 15:30:00,189,189,189,189,0
2022-07-06 15:31:00,189,189,189,189,0
2022-07-06 15:32:00,189,189,189,189,0
2022-07-06 15:33:00,189,189,189,189,0
2022-07-06 15:34:00,189,189,189,189,0
2022-07-06 15:35:00,189,189,189,189,0
2022-07-06 15:36:00,189,189,189,189,0
2022-07-06 15:37:00,189,189,189,189,0
2022-07-06 15:38:00,189,189,189,189,0
2022-07-06 15:39:00,189,189,189,189,0
2022-07-06 15:40:00,189,189,189,189,0
2022-07-06 15:41:00,189,189,189,189,0
2022-07-06 15:42:00,189,189,189,189,0
2022-07-06 15:43:00,189,189,189,189,0
2022-07-06 15:44:00,189,189,189,189,0
2022-07-06 15:45:00,189,189,189,189,0
2022-07-06 15:46:00,189,189,189,189,0
2022-07-06 15:47:00,189,189,189,189,0
2022-07-06 15:48:00,189,189,189,189,0
2022-07-06 15:49:00,189,189,189,189,0
2022-07-06 15:50:00,189,189,189,189,0
2022-07-06 15:51:00,189,189,189,189,0
2022-07-06 15:52:00,189,189,189,189,0
2022-07-06 15:53:00,189,189,189,189,0
2022-07-06 15:54:00,189,189,189,189,0
2022-07-06 15:55:00,189,189,189,189,0
2022-07-06 15:56:00,189,189,189,189,0
2022-07-06 15:57:00,189,189,189,189,0
2022-07-06 15:58:00,189,189,189,189,0
2022-07-06 15:59:00,189,189,189,189,0
2022-07-07 09:00:00,189,189,189,189,0
2022-07-07 09:01:00,189,189,189,189,0
2022-07-07 09:02:00,189,189,189,189,0
2022-07-07 09:03:00,189,189,189,189,0
2022-07-07 09:04:00,189,189,189,189,0
2022-07-07 09:05:00,189,189,189,189,0
2022-07-07 09:06:00,189,189,189,189,0
2022-07-07 09:07:00,189,189,189,189,0
2022-07-07 09:08:00,189,189,189,189,0
2022-07-07 09:09:00,189,189,189,189,0
2022-07-07 09:10:00,189,189,189,189,0
2022-07-07 09:11:00,189,189,189,189,0
2022-07-07 09:12:00,189,189,189,189,0
2022-07-07 09:13:00,189,189,189,189,0
2022-07-07 09:14:00,189,189,189,189,0
2022-07-07 09:15:00,189,189,189,189,0
2022-07-07 09:16:00,189,189,189,189,0
2022-07-07 09:17:00,189,189,189,189,0
2022-07-07 09:18:00,189,189,189,189,0
2022-07-07 09:19:00,189,189,189,189,0
2022-07-07 09:20:00,189,189,189,189,0
2022-07-07 09:21:00,189,189,189,189,0
2022-07-07 09:22:00,189,189,189,189,0
2022-07-07 09:23:00,189,189,189,189,0
2022-07-07 09:24:00,218,218,218,218,0
2022-07-07 09:25:00,218,218,218,218,0
2022-07-07 09:26:00,199,198,214,198,6400
2022-07-07 09:27:00,198,198,198,198,300
2022-07-07 09:28:00,198,198,198,198,0
2022-07-07 09:29:00,198,198,198,198,0
2022-07-07 09:30:00,198,198,198,198,0
2022-07-07 09:31:00,198,198,198,198,0
2022-07-07 09:32:00,198,198,198,198,0
2022-07-07 09:33:00,198,198,198,198,0
2022-07-07 09:34:00,198,198,198,198,0
2022-07-07 09:35:00,198,198,198,198,0
2022-07-07 09:36:00,198,198,198,198,0
2022-07-07 09:37:00,198,198,198,198,0
2022-07-07 09:38:00,198,198,198,198,0
2022-07-07 09:39:00,198,198,198,198,0
2022-07-07 09:40:00,198,198,198,198,0
2022-07-07 09:41:00,198,198,198,198,0
2022-07-07 09:42:00,198,198,198,198,0
2022-07-07 09:43:00,198,198,198,198,0
2022-07-07 09:44:00,198,198,198,198,0
2022-07-07 09:45:00,198,198,198,198,0
2022-07-07 09:46:00,198,198,198,198,0
2022-07-07 09:47:00,198,198,198,198,0
2022-07-07 09:48:00,198,198,198,198,0
2022-07-07 09:49:00,198,198,198,198,0
2022-07-07 09:50:00,198,198,198,198,0
2022-07-07 09:51:00,198,198,198,198,0
2022-07-07 09:52:00,198,198,198,198,0
2022-07-07 09:53:00,198,198,198,198,0
2022-07-07 09:54:00,198,198,198,198,0
2022-07-07 09:55:00,198,198,198,198,0
2022-07-07 09:56:00,198,198,198,198,0
2022-07-07 09:57:00,198,198,198,198,0
2022-07-07 09:58:00,198,198,198,198,0
2022-07-07 09:59:00,198,198,198,198,0
2022-07-07 10:00:00,198,198,198,198,0
2022-07-07 10:01:00,198,198,198,198,0
2022-07-07 10:02:00,198,198,198,198,0
2022-07-07 10:03:00,198,198,198,198,0
2022-07-07 10:04:00,198,198,198,198,0
2022-07-07 10:05:00,198,198,198,198,0
2022-07-07 10:06:00,198,198,198,198,0
2022-07-07 10:07:00,198,198,198,198,0
2022-07-07 10:08:00,198,198,198,198,0
2022-07-07 10:09:00,198,198,198,198,0
2022-07-07 10:10:00,198,198,198,198,0
2022-07-07 10:11:00,198,198,198,198,0
2022-07-07 10:12:00,198,198,198,198,0
2022-07-07 10:13:00,198,198,198,198,0
2022-07-07 10:14:00,198,198,198,198,0
2022-07-07 10:15:00,198,198,198,198,0
2022-07-07 10:16:00,198,198,198,198,0
2022-07-07 10:17:00,198,198,198,198,0
2022-07-07 10:18:00,198,198,198,198,0
2022-07-07 10:19:00,198,198,198,198,0
2022-07-07 10:20:00,198,198,198,198,0
2022-07-07 10:21:00,198,198,198,198,0
2022-07-07 10:22:00,198,198,198,198,0
2022-07-07 10:23:00,198,198,198,198,0
2022-07-07 10:24:00,198,198,198,198,0
2022-07-07 10:25:00,198,198,198,198,0
2022-07-07 10:26:00,198,198,198,198,0
2022-07-07 10:27:00,198,198,198,198,0
2022-07-07 10:28:00,198,198,198,198,0
2022-07-07 10:29:00,198,198,198,198,0
2022-07-07 10:30:00,198,198,198,198,0
2022-07-07 10:31:00,198,198,198,198,0
2022-07-07 10:32:00,198,198,198,198,0
2022-07-07 10:33:00,198,198,198,198,0
2022-07-07 10:34:00,198,198,198,198,0
2022-07-07 10:35:00,198,198,198,198,0
2022-07-07 10:36:00,198,198,198,198,0
2022-07-07 10:37:00,198,198,198,198,0
2022-07-07 10:38:00,198,198,198,198,0
2022-07-07 10:39:00,198,198,198,198,0
2022-07-07 10:40:00,198,198,198,198,0
2022-07-07 10:41:00,198,198,198,198,0
2022-07-07 10:42:00,198,198,198,198,0
2022-07-07 10:43:00,198,198,198,198,0
2022-07-07 10:44:00,198,198,198,198,0
2022-07-07 10:45:00,198,198,198,198,0
2022-07-07 10:46:00,198,198,198,198,0
2022-07-07 10:47:00,198,198,198,198,0
2022-07-07 10:48:00,198,198,198,198,0
2022-07-07 10:49:00,198,198,198,198,0
2022-07-07 10:50:00,198,198,198,198,0
2022-07-07 10:51:00,198,198,198,198,0
2022-07-07 10:52:00,198,198,198,198,0
2022-07-07 10:53:00,198,198,198,198,0
2022-07-07 10:54:00,198,198,198,198,0
2022-07-07 10:55:00,198,198,198,198,0
2022-07-07 10:56:00,198,198,198,198,0
2022-07-07 10:57:00,198,198,198,198,0
2022-07-07 10:58:00,198,198,198,198,0
2022-07-07 10:59:00,198,198,198,198,0
2022-07-07 11:00:00,198,198,198,198,0
2022-07-07 11:01:00,198,198,198,198,0
2022-07-07 11:02:00,198,198,198,198,0
2022-07-07 11:03:00,198,198,198,198,0
2022-07-07 11:04:00,198,198,198,198,0
2022-07-07 11:05:00,198,198,198,198,0
2022-07-07 11:06:00,198,198,198,198,0
2022-07-07 11:07:00,198,198,198,198,0
2022-07-07 11:08:00,198,198,198,198,0
2022-07-07 11:09:00,198,198,198,198,0
2022-07-07 11:10:00,198,198,198,198,0
2022-07-07 11:11:00,198,198,198,198,0
2022-07-07 11:12:00,198,198,198,198,0
2022-07-07 11:13:00,198,198,198,198,0
2022-07-07 11:14:00,198,198,198,198,0
2022-07-07 11:15:00,198,198,198,198,0
2022-07-07 11:16:00,198,198,198,198,0
2022-07-07 11:17:00,198,198,198,198,0
2022-07-07 11:18:00,198,198,198,198,0
2022-07-07 11:19:00,198,198,198,198,0
2022-07-07 11:20:00,198,198,198,198,0
2022-07-07 11:21:00,198,198,198,198,0
2022-07-07 11:22:00,198,198,198,198,0
2022-07-07 11:23:00,198,198,198,198,0
2022-07-07 11:24:00,198,198,198,198,0
2022-07-07 11:25:00,198,198,198,198,0
2022-07-07 11:26:00,198,198,198,198,0
2022-07-07 11:27:00,198,198,198,198,0
2022-07-07 11:28:00,198,198,198,198,0
2022-07-07 11:29:00,198,198,198,198,0
2022-07-07 11:30:00,198,198,198,198,0
2022-07-07 11:31:00,198,198,198,198,0
2022-07-07 11:32:00,198,198,198,198,0
2022-07-07 11:33:00,198,198,198,198,0
2022-07-07 11:34:00,198,198,198,198,0
2022-07-07 11:35:00,198,198,198,198,0
2022-07-07 11:36:00,198,198,198,198,0
2022-07-07 11:37:00,198,198,198,198,0
2022-07-07 11:38:00,198,198,198,198,0
2022-07-07 11:39:00,198,198,198,198,0
2022-07-07 11:40:00,198,198,198,198,0
2022-07-07 11:41:00,198,198,198,198,0
2022-07-07 11:42:00,198,198,198,198,0
2022-07-07 11:43:00,198,198,198,198,0
2022-07-07 11:44:00,198,198,198,198,0
2022-07-07 11:45:00,198,198,198,198,0
2022-07-07 11:46:00,198,198,198,198,0
2022-07-07 11:47:00,198,198,198,198,0
2022-07-07 11:48:00,198,198,198,198,0
2022-07-07 11:49:00,198,198,198,198,0
2022-07-07 11:50:00,198,198,198,198,0
2022-07-07 11:51:00,198,198,198,198,0
2022-07-07 11:52:00,198,198,198,198,0
2022-07-07 11:53:00,198,198,198,198,0
2022-07-07 11:54:00,198,198,198,198,0
2022-07-07 11:55:00,198,198,198,198,0
2022-07-07 11:56:00,198,198,198,198,0
2022-07-07 11:57:00,198,198,198,198,0
2022-07-07 11:58:00,198,198,198,198,0
2022-07-07 11:59:00,198,198,198,198,0
2022-07-07 12:00:00,198,198,198,198,0
2022-07-07 12:01:00,198,198,198,198,0
2022-07-07 12:02:00,198,198,198,198,0
2022-07-07 12:03:00,198,198,198,198,0
2022-07-07 12:04:00,198,198,198,198,0
2022-07-07 12:05:00,198,198,198,198,0
2022-07-07 12:06:00,198,198,198,198,0
2022-07-07 12:07:00,198,198,198,198,0
2022-07-07 12:08:00,198,198,198,198,0
2022-07-07 12:09:00,198,198,198,198,0
2022-07-07 12:10:00,198,198,198,198,0
2022-07-07 12:11:00,198,198,198,198,0
2022-07-07 12:12:00,198,198,198,198,0
2022-07-07 12:13:00,198,198,198,198,0
2022-07-07 12:14:00,198,198,198,198,0
2022-07-07 12:15:00,198,198,198,198,0
2022-07-07 12:16:00,198,198,198,198,0
2022-07-07 12:17:00,198,198,198,198,0
2022-07-07 12:18:00,198,198,198,198,0
2022-07-07 12:19:00,198,198,198,198,0
2022-07-07 12:20:00,198,198,198,198,0
2022-07-07 12:21:00,198,198,198,198,0
2022-07-07 12:22:00,198,198,198,198,0
2022-07-07 12:23:00,198,198,198,198,0
2022-07-07 12:24:00,198,198,198,198,0
2022-07-07 12:25:00,198,198,198,198,0
2022-07-07 12:26:00,198,198,198,198,0
2022-07-07 12:27:00,198,198,198,198,0
2022-07-07 12:28:00,198,198,198,198,0
2022-07-07 12:29:00,198,198,198,198,0
2022-07-07 12:30:00,198,198,198,198,0
2022-07-07 12:31:00,198,198,198,198,0
2022-07-07 12:32:00,198,198,198,198,0
2022-07-07 12:33:00,198,198,198,198,0
2022-07-07 12:34:00,198,198,198,198,0
2022-07-07 12:35:00,198,198,198,198,0
2022-07-07 12:36:00,198,198,198,198,0
2022-07-07 12:37:00,198,198,198,198,0
2022-07-07 12:38:00,198,198,198,198,0
2022-07-07 12:39:00,198,198,198,198,0
2022-07-07 12:40:00,198,198,198,198,0
2022-07-07 12:41:00,198,198,198,198,0
2022-07-07 12:42:00,198,198,198,198,0
2022-07-07 12:43:00,198,198,198,198,0
2022-07-07 12:44:00,198,198,198,198,0
2022-07-07 12:45:00,198,198,198,198,0
2022-07-07 12:46:00,198,198,198,198,0
2022-07-07 12:47:00,198,198,198,198,0
2022-07-07 12:48:00,198,198,198,198,0
2022-07-07 12:49:00,198,198,198,198,0
2022-07-07 12:50:00,198,198,198,198,0
2022-07-07 12:51:00,198,198,198,198,0
2022-07-07 12:52:00,198,198,198,198,0
2022-07-07 12:53:00,198,198,198,198,0
2022-07-07 12:54:00,198,198,198,198,0
2022-07-07 12:55:00,198,198,198,198,0
2022-07-07 12:56:00,198,198,198,198,0
2022-07-07 12:57:00,198,198,198,198,0
2022-07-07 12:58:00,198,198,198,198,0
2022-07-07 12:59:00,198,198,198,198,0
2022-07-07 13:00:00,198,198,198,198,0
2022-07-07 13:01:00,198,198,198,198,0
2022-07-07 13:02:00,198,198,198,198,0
2022-07-07 13:03:00,198,198,198,198,0
2022-07-07 13:04:00,198,198,198,198,0
2022-07-07 13:05:00,198,198,198,198,0
2022-07-07 13:06:00,198,198,198,198,0
2022-07-07 13:07:00,198,198,198,198,0
2022-07-07 13:08:00,198,198,198,198,0
2022-07-07 13:09:00,198,198,198,198,0
2022-07-07 13:10:00,198,198,198,198,0
2022-07-07 13:11:00,198,198,198,198,0
2022-07-07 13:12:00,198,198,198,198,0
2022-07-07 13:13:00,198,198,198,198,0
2022-07-07 13:14:00,198,198,198,198,0
2022-07-07 13:15:00,198,198,198,198,0
2022-07-07 13:16:00,198,198,198,198,0
2022-07-07 13:17:00,198,198,198,198,0
2022-07-07 13:18:00,198,198,198,198,0
2022-07-07 13:19:00,198,198,198,198,0
2022-07-07 13:20:00,198,198,198,198,0
2022-07-07 13:21:00,198,198,198,198,0
2022-07-07 13:22:00,198,198,198,198,0
2022-07-07 13:23:00,198,198,198,198,0
2022-07-07 13:24:00,198,198,198,198,0
2022-07-07 13:25:00,198,198,198,198,0
2022-07-07 13:26:00,198,198,198,198,0
2022-07-07 13:27:00,198,198,198,198,0
2022-07-07 13:28:00,198,198,198,198,0
2022-07-07 13:29:00,198,198,198,198,0
2022-07-07 13:30:00,198,198,198,198,200
2022-07-07 13:31:00,198,198,198,198,0
2022-07-07 13:32:00,198,198,198,198,0
2022-07-07 13:33:00,198,198,198,198,0
2022-07-07 13:34:00,198,198,198,198,0
2022-07-07 13:35:00,198,198,198,198,0
2022-07-07 13:36:00,198,198,198,198,0
2022-07-07 13:37:00,198,198,198,198,0
2022-07-07 13:38:00,198,198,198,198,0
2022-07-07 13:39:00,198,198,198,198,0
2022-07-07 13:40:00,198,198,198,198,0
2022-07-07 13:41:00,198,198,198,198,0
2022-07-07 13:42:00,198,198,198,198,0
2022-07-07 13:43:00,198,198,198,198,0
2022-07-07 13:44:00,198,198,198,198,0
2022-07-07 13:45:00,198,198,198,198,0
2022-07-07 13:46:00,198,198,198,198,0
2022-07-07 13:47:00,198,198,198,198,0
2022-07-07 13:48:00,198,198,198,198,0
2022-07-07 13:49:00,198,198,198,198,500
2022-07-07 13:50:00,198,198,198,198,0
2022-07-07 13:51:00,198,198,198,198,0
2022-07-07 13:52:00,198,198,198,198,0
2022-07-07 13:53:00,198,198,198,198,0
2022-07-07 13:54:00,198,198,198,198,0
2022-07-07 13:55:00,198,198,198,198,0
2022-07-07 13:56:00,198,198,198,198,0
2022-07-07 13:57:00,198,198,198,198,0
2022-07-07 13:58:00,188,184,188,184,300
2022-07-07 13:59:00,183,181,188,188,200
2022-07-07 14:00:00,183,181,188,188,0
2022-07-07 14:01:00,183,181,188,188,0
2022-07-07 14:02:00,183,181,188,188,0
2022-07-07 14:03:00,183,181,188,188,0
2022-07-07 14:04:00,183,181,188,188,0
2022-07-07 14:05:00,183,181,188,188,0
2022-07-07 14:06:00,188,188,188,188,100
2022-07-07 14:07:00,188,188,188,188,0
2022-07-07 14:08:00,188,188,188,188,0
2022-07-07 14:09:00,188,188,188,188,0
2022-07-07 14:10:00,188,188,188,188,0
2022-07-07 14:11:00,188,188,188,188,0
2022-07-07 14:12:00,188,188,188,188,0
2022-07-07 14:13:00,188,188,188,188,0
2022-07-07 14:14:00,188,188,188,188,0
2022-07-07 14:15:00,188,188,188,188,0
2022-07-07 14:16:00,188,188,188,188,0
2022-07-07 14:17:00,188,188,188,188,0
2022-07-07 14:18:00,188,188,188,188,100
2022-07-07 14:19:00,188,188,188,188,0
2022-07-07 14:20:00,188,188,188,188,0
2022-07-07 14:21:00,188,188,188,188,0
2022-07-07 14:22:00,188,188,188,188,0
2022-07-07 14:23:00,188,188,188,188,0
2022-07-07 14:24:00,188,188,188,188,0
2022-07-07 14:25:00,188,188,188,188,0
2022-07-07 14:26:00,188,188,188,188,0
2022-07-07 14:27:00,196,196,198,198,9600
2022-07-07 14:28:00,212,212,212,212,0
2022-07-07 14:29:00,212,212,212,212,100
2022-07-07 14:30:00,212,212,212,212,0
2022-07-07 14:31:00,212,212,212,212,0
2022-07-07 14:32:00,212,212,212,212,0
2022-07-07 14:33:00,212,212,212,212,0
2022-07-07 14:34:00,212,212,212,212,0
2022-07-07 14:35:00,212,212,212,212,0
2022-07-07 14:36:00,212,212,212,212,0
2022-07-07 14:37:00,212,212,212,212,0
2022-07-07 14:38:00,212,212,212,212,0
2022-07-07 14:39:00,202,202,202,202,21200
2022-07-07 14:40:00,202,202,202,202,0
2022-07-07 14:41:00,202,200,202,200,25600
2022-07-07 14:42:00,202,200,202,200,0
2022-07-07 14:43:00,202,200,202,200,0
2022-07-07 14:44:00,202,200,202,200,0
2022-07-07 14:45:00,202,200,202,200,0
2022-07-07 14:46:00,202,200,202,200,0
2022-07-07 14:47:00,202,200,202,200,0
2022-07-07 14:48:00,202,200,202,200,0
2022-07-07 14:49:00,202,200,202,200,0
2022-07-07 14:50:00,202,200,202,200,0
2022-07-07 14:51:00,202,200,202,200,0
2022-07-07 14:52:00,202,200,202,200,0
2022-07-07 14:53:00,202,200,202,200,0
2022-07-07 14:54:00,202,200,202,200,0
2022-07-07 14:55:00,202,200,202,200,0
2022-07-07 14:56:00,202,200,202,200,0
2022-07-07 14:57:00,202,200,202,200,0
2022-07-07 14:58:00,202,200,202,200,0
2022-07-07 14:59:00,202,200,202,200,0
2022-07-07 15:00:00,200,200,200,200,65100
2022-07-07 15:01:00,200,200,200,200,0
2022-07-07 15:02:00,200,200,200,200,0
2022-07-07 15:03:00,200,200,200,200,0
2022-07-07 15:04:00,200,200,200,200,0
2022-07-07 15:05:00,200,200,200,200,0
2022-07-07 15:06:00,200,200,200,200,0
2022-07-07 15:07:00,200,200,200,200,0
2022-07-07 15:08:00,200,200,200,200,0
2022-07-07 15:09:00,200,200,200,200,0
2022-07-07 15:10:00,200,200,200,200,0
2022-07-07 15:11:00,200,200,200,200,0
2022-07-07 15:12:00,200,200,200,200,0
2022-07-07 15:13:00,200,200,200,200,0
2022-07-07 15:14:00,200,200,200,200,0
2022-07-07 15:15:00,200,200,200,200,0
2022-07-07 15:16:00,200,200,200,200,0
2022-07-07 15:17:00,200,200,200,200,0
2022-07-07 15:18:00,200,200,200,200,0
2022-07-07 15:19:00,200,200,200,200,0
2022-07-07 15:20:00,200,200,200,200,0
2022-07-07 15:21:00,200,200,200,200,0
2022-07-07 15:22:00,200,200,200,200,0
2022-07-07 15:23:00,200,200,200,200,0
2022-07-07 15:24:00,200,200,200,200,0
2022-07-07 15:25:00,200,200,200,200,0
2022-07-07 15:26:00,200,200,200,200,0
2022-07-07 15:27:00,200,200,200,200,0
2022-07-07 15:28:00,200,200,200,200,0
2022-07-07 15:29:00,200,200,200,200,0
2022-07-07 15:30:00,200,200,200,200,0
2022-07-07 15:31:00,200,200,200,200,0
2022-07-07 15:32:00,200,200,200,200,0
2022-07-07 15:33:00,200,200,200,200,0
2022-07-07 15:34:00,200,200,200,200,0
2022-07-07 15:35:00,200,200,200,200,0
2022-07-07 15:36:00,200,200,200,200,0
2022-07-07 15:37:00,200,200,200,200,0
2022-07-07 15:38:00,200,200,200,200,0
2022-07-07 15:39:00,200,200,200,200,0
2022-07-07 15:40:00,200,200,200,200,0
2022-07-07 15:41:00,200,200,200,200,0
2022-07-07 15:42:00,200,200,200,200,0
2022-07-07 15:43:00,200,200,200,200,0
2022-07-07 15:44:00,200,200,200,200,0
2022-07-07 15:45:00,200,200,200,200,0
2022-07-07 15:46:00,200,200,200,200,0
2022-07-07 15:47:00,200,200,200,200,0
2022-07-07 15:48:00,200,200,200,200,0
2022-07-07 15:49:00,200,200,200,200,0
2022-07-07 15:50:00,200,200,200,200,0
2022-07-07 15:51:00,200,200,200,200,0
2022-07-07 15:52:00,200,200,200,200,0
2022-07-07 15:53:00,200,200,200,200,0
2022-07-07 15:54:00,200,200,200,200,0
2022-07-07 15:55:00,200,200,200,200,0
2022-07-07 15:56:00,200,200,200,200,0
2022-07-07 15:57:00,200,200,200,200,0
2022-07-07 15:58:00,200,200,200,200,0
2022-07-07 15:59:00,200,200,200,200,0
2022-07-08 09:00:00,200,200,200,200,0
2022-07-08 09:01:00,200,200,200,200,0
2022-07-08 09:02:00,200,200,200,200,0
2022-07-08 09:03:00,200,200,200,200,0
2022-07-08 09:04:00,200,200,200,200,0
2022-07-08 09:05:00,200,200,200,200,0
2022-07-08 09:06:00,200,200,200,200,0
2022-07-08 09:07:00,191,191,191,191,0
2022-07-08 09:08:00,191,191,191,191,0
2022-07-08 09:09:00,191,191,191,191,0
2022-07-08 09:10:00,191,191,191,191,0
2022-07-08 09:11:00,191,191,191,191,0
2022-07-08 09:12:00,191,191,191,191,0
2022-07-08 09:13:00,191,191,191,191,0
2022-07-08 09:14:00,191,191,191,191,0
2022-07-08 09:15:00,191,191,191,191,0
2022-07-08 09:16:00,191,191,191,191,0
2022-07-08 09:17:00,191,191,191,191,0
2022-07-08 09:18:00,191,191,191,191,0
2022-07-08 09:19:00,191,191,191,191,0
2022-07-08 09:20:00,191,191,191,191,0
2022-07-08 09:21:00,200,200,200,200,400
2022-07-08 09:22:00,210,210,240,240,300
2022-07-08 09:23:00,240,240,252,242,700
2022-07-08 09:24:00,242,238,242,240,4200
2022-07-08 09:25:00,234,234,234,234,2400
2022-07-08 09:26:00,234,234,234,234,0
2022-07-08 09:27:00,230,230,230,230,1500
2022-07-08 09:28:00,228,228,228,228,0
2022-07-08 09:29:00,224,224,226,226,3900
2022-07-08 09:30:00,224,224,224,224,18200
2022-07-08 09:31:00,224,224,224,224,0
2022-07-08 09:32:00,224,224,224,224,900
2022-07-08 09:33:00,224,218,224,218,13400
2022-07-08 09:34:00,224,218,224,218,0
2022-07-08 09:35:00,224,218,224,218,0
2022-07-08 09:36:00,224,218,224,218,0
2022-07-08 09:37:00,214,214,214,214,1000
2022-07-08 09:38:00,214,214,214,214,0
2022-07-08 09:39:00,214,214,214,214,0
2022-07-08 09:40:00,214,214,214,214,0
2022-07-08 09:41:00,214,214,214,214,0
2022-07-08 09:42:00,204,204,204,204,0
2022-07-08 09:43:00,204,204,204,204,900
2022-07-08 09:44:00,204,204,204,204,0
2022-07-08 09:45:00,204,202,204,202,300
2022-07-08 09:46:00,204,202,204,202,0
2022-07-08 09:47:00,204,202,204,202,0
2022-07-08 09:48:00,204,202,204,202,0
2022-07-08 09:49:00,204,202,204,202,0
2022-07-08 09:50:00,204,202,204,202,0
2022-07-08 09:51:00,204,202,204,202,0
2022-07-08 09:52:00,200,199,200,199,1600
2022-07-08 09:53:00,199,199,199,199,8000
2022-07-08 09:54:00,199,199,199,199,0
2022-07-08 09:55:00,199,199,199,199,0
2022-07-08 09:56:00,199,199,199,199,0
2022-07-08 09:57:00,199,199,199,199,0
2022-07-08 09:58:00,198,198,200,200,3400
2022-07-08 09:59:00,199,199,199,199,0
2022-07-08 10:00:00,199,198,199,198,8900
2022-07-08 10:01:00,199,198,199,198,0
2022-07-08 10:02:00,199,198,199,198,0
2022-07-08 10:03:00,199,198,199,198,0
2022-07-08 10:04:00,197,197,197,197,1900
2022-07-08 10:05:00,196,195,196,195,9000
2022-07-08 10:06:00,195,195,195,195,900
2022-07-08 10:07:00,195,195,195,195,0
2022-07-08 10:08:00,195,195,195,195,0
2022-07-08 10:09:00,195,195,195,195,0
2022-07-08 10:10:00,198,198,198,198,0
2022-07-08 10:11:00,198,198,198,198,0
2022-07-08 10:12:00,198,198,198,198,0
2022-07-08 10:13:00,198,198,200,200,1600
2022-07-08 10:14:00,200,200,200,200,1200
2022-07-08 10:15:00,200,200,200,200,0
2022-07-08 10:16:00,202,202,202,202,100
2022-07-08 10:17:00,202,202,202,202,0
2022-07-08 10:18:00,202,202,202,202,0
2022-07-08 10:19:00,202,202,202,202,0
2022-07-08 10:20:00,202,202,202,202,0
2022-07-08 10:21:00,202,202,202,202,0
2022-07-08 10:22:00,200,200,200,200,300
2022-07-08 10:23:00,200,200,200,200,0
2022-07-08 10:24:00,200,200,200,200,0
2022-07-08 10:25:00,200,200,200,200,0
2022-07-08 10:26:00,200,200,200,200,0
2022-07-08 10:27:00,200,200,200,200,0
2022-07-08 10:28:00,200,200,200,200,100
2022-07-08 10:29:00,200,200,200,200,0
2022-07-08 10:30:00,200,200,200,200,0
2022-07-08 10:31:00,200,200,200,200,0
2022-07-08 10:32:00,200,200,200,200,0
2022-07-08 10:33:00,200,200,200,200,0
2022-07-08 10:34:00,200,200,200,200,0
2022-07-08 10:35:00,200,200,200,200,0
2022-07-08 10:36:00,200,200,200,200,0
2022-07-08 10:37:00,200,200,200,200,0
2022-07-08 10:38:00,200,200,200,200,0
2022-07-08 10:39:00,200,200,200,200,0
2022-07-08 10:40:00,200,200,200,200,0
2022-07-08 10:41:00,202,202,202,202,300
2022-07-08 10:42:00,202,202,202,202,0
2022-07-08 10:43:00,202,202,202,202,0
2022-07-08 10:44:00,202,202,202,202,0
2022-07-08 10:45:00,202,202,202,202,0
2022-07-08 10:46:00,202,202,202,202,0
2022-07-08 10:47:00,202,202,202,202,0
2022-07-08 10:48:00,202,202,202,202,0
2022-07-08 10:49:00,202,202,202,202,0
2022-07-08 10:50:00,202,202,202,202,0
2022-07-08 10:51:00,202,202,202,202,0
2022-07-08 10:52:00,202,202,202,202,0
2022-07-08 10:53:00,202,202,202,202,0
2022-07-08 10:54:00,202,202,202,202,0
2022-07-08 10:55:00,202,202,202,202,0
2022-07-08 10:56:00,202,202,202,202,0
2022-07-08 10:57:00,202,202,202,202,0
2022-07-08 10:58:00,202,202,202,202,0
2022-07-08 10:59:00,202,202,202,202,0
2022-07-08 11:00:00,202,202,202,202,0
2022-07-08 11:01:00,210,210,222,222,700
2022-07-08 11:02:00,222,222,222,222,100
2022-07-08 11:03:00,222,222,222,222,200
2022-07-08 11:04:00,222,222,222,222,0
2022-07-08 11:05:00,222,222,222,222,0
2022-07-08 11:06:00,222,222,222,222,0
2022-07-08 11:07:00,222,222,222,222,0
2022-07-08 11:08:00,222,222,222,222,0
2022-07-08 11:09:00,222,222,222,222,0
2022-07-08 11:10:00,222,222,222,222,0
2022-07-08 11:11:00,222,222,222,222,0
2022-07-08 11:12:00,222,222,222,222,0
2022-07-08 11:13:00,222,222,222,222,0
2022-07-08 11:14:00,222,222,222,222,0
2022-07-08 11:15:00,222,222,222,222,0
2022-07-08 11:16:00,222,222,222,222,0
2022-07-08 11:17:00,222,222,222,222,0
2022-07-08 11:18:00,222,222,222,222,0
2022-07-08 11:19:00,222,222,222,222,0
2022-07-08 11:20:00,222,222,222,222,0
2022-07-08 11:21:00,222,222,222,222,0
2022-07-08 11:22:00,220,220,220,220,100
2022-07-08 11:23:00,220,220,220,220,0
2022-07-08 11:24:00,220,220,220,220,0
2022-07-08 11:25:00,220,220,220,220,0
2022-07-08 11:26:00,220,220,220,220,0
2022-07-08 11:27:00,220,220,220,220,0
2022-07-08 11:28:00,220,220,220,220,0
2022-07-08 11:29:00,220,220,220,220,0
2022-07-08 11:30:00,220,220,220,220,0
2022-07-08 11:31:00,220,220,220,220,0
2022-07-08 11:32:00,220,220,220,220,0
2022-07-08 11:33:00,220,220,220,220,0
2022-07-08 11:34:00,220,220,220,220,0
2022-07-08 11:35:00,220,220,220,220,0
2022-07-08 11:36:00,220,220,220,220,0
2022-07-08 11:37:00,220,220,220,220,0
2022-07-08 11:38:00,220,220,220,220,0
2022-07-08 11:39:00,220,220,220,220,0
2022-07-08 11:40:00,220,220,220,220,0
2022-07-08 11:41:00,220,220,220,220,0
2022-07-08 11:42:00,220,220,220,220,0
2022-07-08 11:43:00,220,220,220,220,0
2022-07-08 11:44:00,220,220,220,220,0
2022-07-08 11:45:00,220,220,220,220,0
2022-07-08 11:46:00,220,220,220,220,0
2022-07-08 11:47:00,220,220,220,220,0
2022-07-08 11:48:00,220,220,220,220,0
2022-07-08 11:49:00,220,220,220,220,0
2022-07-08 11:50:00,220,220,220,220,0
2022-07-08 11:51:00,220,220,220,220,0
2022-07-08 11:52:00,220,220,220,220,0
2022-07-08 11:53:00,220,220,220,220,0
2022-07-08 11:54:00,220,220,220,220,0
2022-07-08 11:55:00,220,220,220,220,0
2022-07-08 11:56:00,220,220,220,220,0
2022-07-08 11:57:00,220,220,220,220,0
2022-07-08 11:58:00,220,220,220,220,0
2022-07-08 11:59:00,220,220,220,220,0
2022-07-08 12:00:00,220,220,220,220,0
2022-07-08 12:01:00,220,220,220,220,0
2022-07-08 12:02:00,220,220,220,220,0
2022-07-08 12:03:00,220,220,220,220,0
2022-07-08 12:04:00,220,220,220,220,0
2022-07-08 12:05:00,220,220,220,220,0
2022-07-08 12:06:00,220,220,220,220,0
2022-07-08 12:07:00,220,220,220,220,0
2022-07-08 12:08:00,220,220,220,220,0
2022-07-08 12:09:00,220,220,220,220,0
2022-07-08 12:10:00,220,220,220,220,0
2022-07-08 12:11:00,220,220,220,220,0
2022-07-08 12:12:00,220,220,220,220,0
2022-07-08 12:13:00,220,220,220,220,0
2022-07-08 12:14:00,220,220,220,220,0
2022-07-08 12:15:00,220,220,220,220,0
2022-07-08 12:16:00,220,220,220,220,0
2022-07-08 12:17:00,220,220,220,220,0
2022-07-08 12:18:00,220,220,220,220,0
2022-07-08 12:19:00,220,220,220,220,0
2022-07-08 12:20:00,220,220,220,220,0
2022-07-08 12:21:00,220,220,220,220,0
2022-07-08 12:22:00,220,220,220,220,0
2022-07-08 12:23:00,220,220,220,220,0
2022-07-08 12:24:00,220,220,220,220,0
2022-07-08 12:25:00,220,220,220,220,0
2022-07-08 12:26:00,220,220,220,220,0
2022-07-08 12:27:00,220,220,220,220,0
2022-07-08 12:28:00,220,220,220,220,0
2022-07-08 12:29:00,220,220,220,220,0
2022-07-08 12:30:00,220,220,220,220,0
2022-07-08 12:31:00,220,220,220,220,0
2022-07-08 12:32:00,220,220,220,220,0
2022-07-08 12:33:00,220,220,220,220,0
2022-07-08 12:34:00,220,220,220,220,0
2022-07-08 12:35:00,220,220,220,220,0
2022-07-08 12:36:00,220,220,220,220,0
2022-07-08 12:37:00,220,220,220,220,0
2022-07-08 12:38:00,220,220,220,220,0
2022-07-08 12:39:00,220,220,220,220,0
2022-07-08 12:40:00,220,220,220,220,0
2022-07-08 12:41:00,220,220,220,220,0
2022-07-08 12:42:00,220,220,220,220,0
2022-07-08 12:43:00,220,220,220,220,0
2022-07-08 12:44:00,220,220,220,220,0
2022-07-08 12:45:00,220,220,220,220,0
2022-07-08 12:46:00,220,220,220,220,0
2022-07-08 12:47:00,220,220,220,220,0
2022-07-08 12:48:00,220,220,220,220,0
2022-07-08 12:49:00,220,220,220,220,0
2022-07-08 12:50:00,220,220,220,220,0
2022-07-08 12:51:00,220,220,220,220,0
2022-07-08 12:52:00,220,220,220,220,0
2022-07-08 12:53:00,220,220,220,220,0
2022-07-08 12:54:00,220,220,220,220,0
2022-07-08 12:55:00,220,220,220,220,0
2022-07-08 12:56:00,220,220,220,220,0
2022-07-08 12:57:00,220,220,220,220,0
2022-07-08 12:58:00,220,220,220,220,0
2022-07-08 12:59:00,220,220,220,220,0
2022-07-08 13:00:00,220,220,220,220,0
2022-07-08 13:01:00,220,220,220,220,0
2022-07-08 13:02:00,220,220,220,220,0
2022-07-08 13:03:00,220,220,220,220,0
2022-07-08 13:04:00,220,220,220,220,0
2022-07-08 13:05:00,220,220,220,220,0
2022-07-08 13:06:00,220,220,220,220,0
2022-07-08 13:07:00,220,220,220,220,0
2022-07-08 13:08:00,220,220,220,220,0
2022-07-08 13:09:00,220,220,220,220,0
2022-07-08 13:10:00,220,220,220,220,0
2022-07-08 13:11:00,220,220,220,220,0
2022-07-08 13:12:00,220,220,220,220,0
2022-07-08 13:13:00,220,220,220,220,0
2022-07-08 13:14:00,220,220,220,220,0
2022-07-08 13:15:00,220,220,220,220,0
2022-07-08 13:16:00,220,220,220,220,0
2022-07-08 13:17:00,220,220,220,220,0
2022-07-08 13:18:00,220,220,220,220,0
2022-07-08 13:19:00,220,220,220,220,0
2022-07-08 13:20:00,220,220,220,220,0
2022-07-08 13:21:00,220,220,220,220,0
2022-07-08 13:22:00,220,220,220,220,0
2022-07-08 13:23:00,220,220,220,220,0
2022-07-08 13:24:00,220,220,220,220,0
2022-07-08 13:25:00,220,220,220,220,0
2022-07-08 13:26:00,220,220,220,220,0
2022-07-08 13:27:00,220,220,220,220,0
2022-07-08 13:28:00,220,220,220,220,0
2022-07-08 13:29:00,220,220,220,220,0
2022-07-08 13:30:00,220,220,220,220,0
2022-07-08 13:31:00,220,220,220,220,0
2022-07-08 13:32:00,220,220,220,220,0
2022-07-08 13:33:00,220,220,220,220,0
2022-07-08 13:34:00,220,220,220,220,0
2022-07-08 13:35:00,220,220,220,220,0
2022-07-08 13:36:00,220,220,220,220,0
2022-07-08 13:37:00,220,220,220,220,0
2022-07-08 13:38:00,216,216,216,216,200
2022-07-08 13:39:00,216,216,216,216,0
2022-07-08 13:40:00,216,216,218,218,200
2022-07-08 13:41:00,218,218,218,218,100
2022-07-08 13:42:00,216,216,218,218,200
2022-07-08 13:43:00,216,216,218,218,0
2022-07-08 13:44:00,216,216,218,218,0
2022-07-08 13:45:00,218,218,218,218,200
2022-07-08 13:46:00,218,218,218,218,0
2022-07-08 13:47:00,218,218,218,218,0
2022-07-08 13:48:00,218,218,218,218,100
2022-07-08 13:49:00,218,218,218,218,0
2022-07-08 13:50:00,214,202,214,202,1000
2022-07-08 13:51:00,214,202,214,202,0
2022-07-08 13:52:00,218,218,218,218,0
2022-07-08 13:53:00,218,218,218,218,0
2022-07-08 13:54:00,218,218,218,218,0
2022-07-08 13:55:00,218,218,218,218,0
2022-07-08 13:56:00,218,218,218,218,0
2022-07-08 13:57:00,218,218,218,218,0
2022-07-08 13:58:00,218,218,218,218,0
2022-07-08 13:59:00,218,218,220,220,300
2022-07-08 14:00:00,218,218,220,220,0
2022-07-08 14:01:00,218,218,220,220,0
2022-07-08 14:02:00,214,210,218,218,300
2022-07-08 14:03:00,214,210,218,218,0
2022-07-08 14:04:00,214,210,218,218,0
2022-07-08 14:05:00,214,210,218,218,0
2022-07-08 14:06:00,214,210,218,218,0
2022-07-08 14:07:00,214,210,218,218,0
2022-07-08 14:08:00,214,210,218,218,0
2022-07-08 14:09:00,214,210,218,218,0
2022-07-08 14:10:00,214,210,218,218,0
2022-07-08 14:11:00,214,210,218,218,0
2022-07-08 14:12:00,214,210,218,218,0
2022-07-08 14:13:00,214,210,218,218,0
2022-07-08 14:14:00,214,210,218,218,0
2022-07-08 14:15:00,214,210,218,218,0
2022-07-08 14:16:00,214,210,218,218,0
2022-07-08 14:17:00,214,210,218,218,0
2022-07-08 14:18:00,214,210,218,218,0
2022-07-08 14:19:00,214,210,218,218,0
2022-07-08 14:20:00,214,210,218,218,0
2022-07-08 14:21:00,214,210,218,218,0
2022-07-08 14:22:00,214,210,218,218,0
2022-07-08 14:23:00,214,210,218,218,0
2022-07-08 14:24:00,214,210,218,218,0
2022-07-08 14:25:00,214,210,218,218,0
2022-07-08 14:26:00,214,210,218,218,0
2022-07-08 14:27:00,214,210,218,218,0
2022-07-08 14:28:00,214,210,218,218,0
2022-07-08 14:29:00,214,210,218,218,0
2022-07-08 14:30:00,214,210,218,218,0
2022-07-08 14:31:00,214,210,218,218,0
2022-07-08 14:32:00,214,210,218,218,0
2022-07-08 14:33:00,214,210,218,218,0
2022-07-08 14:34:00,214,210,218,218,0
2022-07-08 14:35:00,214,210,218,218,0
2022-07-08 14:36:00,204,204,204,204,200
2022-07-08 14:37:00,204,204,204,204,0
2022-07-08 14:38:00,204,204,204,204,0
2022-07-08 14:39:00,204,204,204,204,0
2022-07-08 14:40:00,204,204,204,204,0
2022-07-08 14:41:00,218,218,220,220,300
2022-07-08 14:42:00,218,218,220,220,0
2022-07-08 14:43:00,220,220,220,220,500
2022-07-08 14:44:00,220,220,220,220,3300
2022-07-08 14:45:00,220,220,220,220,0
2022-07-08 14:46:00,220,220,220,220,0
2022-07-08 14:47:00,220,220,220,220,0
2022-07-08 14:48:00,220,220,220,220,0
2022-07-08 14:49:00,220,220,220,220,0
2022-07-08 14:50:00,220,220,220,220,0
2022-07-08 14:51:00,220,220,220,220,0
2022-07-08 14:52:00,220,220,220,220,0
2022-07-08 14:53:00,220,220,220,220,0
2022-07-08 14:54:00,220,220,220,220,0
2022-07-08 14:55:00,220,220,220,220,0
2022-07-08 14:56:00,220,220,220,220,0
2022-07-08 14:57:00,220,220,220,220,0
2022-07-08 14:58:00,220,220,220,220,0
2022-07-08 14:59:00,220,220,220,220,0
2022-07-08 15:00:00,220,220,220,220,0
2022-07-08 15:01:00,220,220,220,220,0
2022-07-08 15:02:00,220,220,220,220,0
2022-07-08 15:03:00,220,220,220,220,0
2022-07-08 15:04:00,220,220,220,220,0
2022-07-08 15:05:00,220,220,220,220,0
2022-07-08 15:06:00,220,220,220,220,0
2022-07-08 15:07:00,220,220,220,220,0
2022-07-08 15:08:00,220,220,220,220,0
2022-07-08 15:09:00,220,220,220,220,0
2022-07-08 15:10:00,220,220,220,220,0
2022-07-08 15:11:00,220,220,220,220,0
2022-07-08 15:12:00,220,220,220,220,0
2022-07-08 15:13:00,220,220,220,220,0
2022-07-08 15:14:00,220,220,220,220,0
2022-07-08 15:15:00,220,220,220,220,0
2022-07-08 15:16:00,220,220,220,220,0
2022-07-08 15:17:00,220,220,220,220,0
2022-07-08 15:18:00,220,220,220,220,0
2022-07-08 15:19:00,220,220,220,220,0
2022-07-08 15:20:00,220,220,220,220,0
2022-07-08 15:21:00,220,220,220,220,0
2022-07-08 15:22:00,220,220,220,220,0
2022-07-08 15:23:00,220,220,220,220,0
2022-07-08 15:24:00,220,220,220,220,0
2022-07-08 15:25:00,220,220,220,220,0
2022-07-08 15:26:00,220,220,220,220,0
2022-07-08 15:27:00,220,220,220,220,0
2022-07-08 15:28:00,220,220,220,220,0
2022-07-08 15:29:00,220,220,220,220,0
2022-07-08 15:30:00,220,220,220,220,0
2022-07-08 15:31:00,220,220,220,220,0
2022-07-08 15:32:00,220,220,220,220,0
2022-07-08 15:33:00,220,220,220,220,0
2022-07-08 15:34:00,220,220,220,220,0
2022-07-08 15:35:00,220,220,220,220,0
2022-07-08 15:36:00,220,220,220,220,0
2022-07-08 15:37:00,220,220,220,220,0
2022-07-08 15:38:00,220,220,220,220,0
2022-07-08 15:39:00,220,220,220,220,0
2022-07-08 15:40:00,220,220,220,220,0
2022-07-08 15:41:00,220,220,220,220,0
2022-07-08 15:42:00,220,220,220,220,0
2022-07-08 15:43:00,220,220,220,220,0
2022-07-08 15:44:00,220,220,220,220,0
2022-07-08 15:45:00,220,220,220,220,0
2022-07-08 15:46:00,220,220,220,220,0
2022-07-08 15:47:00,220,220,220,220,0
2022-07-08 15:48:00,220,220,220,220,0
2022-07-08 15:49:00,220,220,220,220,0
2022-07-08 15:50:00,220,220,220,220,0
2022-07-08 15:51:00,220,220,220,220,0
2022-07-08 15:52:00,220,220,220,220,0
2022-07-08 15:53:00,220,220,220,220,0
2022-07-08 15:54:00,220,220,220,220,0
2022-07-08 15:55:00,220,220,220,220,0
2022-07-08 15:56:00,220,220,220,220,0
2022-07-08 15:57:00,220,220,220,220,0
2022-07-08 15:58:00,220,220,220,220,0
2022-07-08 15:59:00,220,220,220,220,0
2022-07-11 09:00:00,218,218,218,218,0
2022-07-11 09:01:00,218,218,218,218,0
2022-07-11 09:02:00,218,218,218,218,0
2022-07-11 09:03:00,218,218,218,218,0
2022-07-11 09:04:00,218,218,218,218,0
2022-07-11 09:05:00,218,218,218,218,0
2022-07-11 09:06:00,218,218,218,218,9700
2022-07-11 09:07:00,218,218,218,218,0
2022-07-11 09:08:00,218,218,218,218,0
2022-07-11 09:09:00,218,218,218,218,0
2022-07-11 09:10:00,218,218,218,218,0
2022-07-11 09:11:00,218,218,218,218,0
2022-07-11 09:12:00,218,218,218,218,0
2022-07-11 09:13:00,218,218,218,218,0
2022-07-11 09:14:00,218,218,218,218,0
2022-07-11 09:15:00,218,218,218,218,0
2022-07-11 09:16:00,218,218,218,218,0
2022-07-11 09:17:00,218,218,218,218,0
2022-07-11 09:18:00,218,218,218,218,0
2022-07-11 09:19:00,218,218,218,218,0
2022-07-11 09:20:00,210,210,210,210,10000
2022-07-11 09:21:00,208,208,208,208,0
2022-07-11 09:22:00,210,206,210,206,500
2022-07-11 09:23:00,210,206,210,206,0
2022-07-11 09:24:00,210,206,210,206,0
2022-07-11 09:25:00,210,206,210,206,0
2022-07-11 09:26:00,210,206,210,206,0
2022-07-11 09:27:00,210,206,210,206,0
2022-07-11 09:28:00,210,206,210,206,0
2022-07-11 09:29:00,206,206,206,206,200
2022-07-11 09:30:00,208,208,208,208,400
2022-07-11 09:31:00,208,208,208,208,0
2022-07-11 09:32:00,208,208,208,208,0
2022-07-11 09:33:00,208,208,208,208,0
2022-07-11 09:34:00,208,208,208,208,0
2022-07-11 09:35:00,216,216,216,216,100
2022-07-11 09:36:00,216,216,216,216,0
2022-07-11 09:37:00,216,216,216,216,0
2022-07-11 09:38:00,216,216,216,216,0
2022-07-11 09:39:00,216,216,216,216,0
2022-07-11 09:40:00,216,216,216,216,0
2022-07-11 09:41:00,216,216,216,216,0
2022-07-11 09:42:00,216,216,216,216,0
2022-07-11 09:43:00,216,216,216,216,0
2022-07-11 09:44:00,216,216,216,216,0
2022-07-11 09:45:00,216,216,216,216,0
2022-07-11 09:46:00,216,216,216,216,0
2022-07-11 09:47:00,216,216,216,216,0
2022-07-11 09:48:00,216,216,216,216,0
2022-07-11 09:49:00,216,216,216,216,0
2022-07-11 09:50:00,216,216,216,216,0
2022-07-11 09:51:00,216,216,216,216,0
2022-07-11 09:52:00,216,216,216,216,0
2022-07-11 09:53:00,216,216,216,216,0
2022-07-11 09:54:00,216,216,216,216,0
2022-07-11 09:55:00,216,216,216,216,0
2022-07-11 09:56:00,216,216,216,216,0
2022-07-11 09:57:00,216,216,216,216,0
2022-07-11 09:58:00,216,216,216,216,0
2022-07-11 09:59:00,216,216,216,216,0
2022-07-11 10:00:00,216,216,216,216,0
2022-07-11 10:01:00,216,216,216,216,0
2022-07-11 10:02:00,216,216,216,216,0
2022-07-11 10:03:00,216,216,216,216,0
2022-07-11 10:04:00,216,216,216,216,0
2022-07-11 10:05:00,216,216,216,216,0
2022-07-11 10:06:00,216,216,216,216,0
2022-07-11 10:07:00,216,216,216,216,0
2022-07-11 10:08:00,216,216,216,216,0
2022-07-11 10:09:00,216,216,216,216,0
2022-07-11 10:10:00,216,216,216,216,0
2022-07-11 10:11:00,216,216,216,216,0
2022-07-11 10:12:00,216,216,216,216,0
2022-07-11 10:13:00,216,216,216,216,0
2022-07-11 10:14:00,216,216,216,216,0
2022-07-11 10:15:00,216,216,216,216,0
2022-07-11 10:16:00,216,216,216,216,0
2022-07-11 10:17:00,216,216,216,216,0
2022-07-11 10:18:00,216,216,216,216,0
2022-07-11 10:19:00,216,216,216,216,0
2022-07-11 10:20:00,216,216,216,216,0
2022-07-11 10:21:00,216,216,216,216,0
2022-07-11 10:22:00,216,216,216,216,0
2022-07-11 10:23:00,216,216,216,216,0
2022-07-11 10:24:00,216,216,216,216,0
2022-07-11 10:25:00,208,206,208,206,5000
2022-07-11 10:26:00,208,206,208,206,0
2022-07-11 10:27:00,208,206,208,206,0
2022-07-11 10:28:00,208,206,208,206,0
2022-07-11 10:29:00,208,206,208,206,0
2022-07-11 10:30:00,208,206,208,206,0
2022-07-11 10:31:00,208,206,208,206,0
2022-07-11 10:32:00,208,206,208,206,0
2022-07-11 10:33:00,208,206,208,206,0
2022-07-11 10:34:00,208,206,208,206,0
2022-07-11 10:35:00,208,206,208,206,0
2022-07-11 10:36:00,208,206,208,206,0
2022-07-11 10:37:00,208,206,208,206,0
2022-07-11 10:38:00,208,206,208,206,0
2022-07-11 10:39:00,208,206,208,206,0
2022-07-11 10:40:00,208,206,208,206,0
2022-07-11 10:41:00,208,206,208,206,0
2022-07-11 10:42:00,208,206,208,206,0
2022-07-11 10:43:00,208,206,208,206,0
2022-07-11 10:44:00,208,206,208,206,0
2022-07-11 10:45:00,208,206,208,206,0
2022-07-11 10:46:00,208,206,208,206,0
2022-07-11 10:47:00,206,206,206,206,4500
2022-07-11 10:48:00,206,206,206,206,0
2022-07-11 10:49:00,206,206,206,206,0
2022-07-11 10:50:00,212,212,212,212,0
2022-07-11 10:51:00,212,212,212,212,0
2022-07-11 10:52:00,212,212,212,212,0
2022-07-11 10:53:00,212,212,212,212,100
2022-07-11 10:54:00,212,212,212,212,0
2022-07-11 10:55:00,212,212,212,212,0
2022-07-11 10:56:00,212,212,212,212,0
2022-07-11 10:57:00,212,212,212,212,0
2022-07-11 10:58:00,212,212,212,212,0
2022-07-11 10:59:00,212,212,212,212,0
2022-07-11 11:00:00,212,212,212,212,0
2022-07-11 11:01:00,212,212,212,212,0
2022-07-11 11:02:00,212,212,212,212,0
2022-07-11 11:03:00,212,212,212,212,0
2022-07-11 11:04:00,212,212,212,212,0
2022-07-11 11:05:00,212,212,212,212,0
2022-07-11 11:06:00,212,212,212,212,0
2022-07-11 11:07:00,212,212,212,212,0
2022-07-11 11:08:00,212,212,212,212,0
2022-07-11 11:09:00,212,212,212,212,0
2022-07-11 11:10:00,212,212,212,212,0
2022-07-11 11:11:00,212,212,212,212,0
2022-07-11 11:12:00,212,212,212,212,0
2022-07-11 11:13:00,212,212,212,212,0
2022-07-11 11:14:00,212,212,212,212,0
2022-07-11 11:15:00,212,212,212,212,0
2022-07-11 11:16:00,212,212,212,212,0
2022-07-11 11:17:00,212,212,212,212,0
2022-07-11 11:18:00,212,212,212,212,0
2022-07-11 11:19:00,212,212,212,212,0
2022-07-11 11:20:00,212,212,212,212,0
2022-07-11 11:21:00,212,212,212,212,0
2022-07-11 11:22:00,212,212,212,212,0
2022-07-11 11:23:00,212,212,212,212,0
2022-07-11 11:24:00,212,212,212,212,0
2022-07-11 11:25:00,212,212,212,212,0
2022-07-11 11:26:00,212,212,212,212,0
2022-07-11 11:27:00,212,212,212,212,0
2022-07-11 11:28:00,212,212,212,212,0
2022-07-11 11:29:00,212,212,212,212,0
2022-07-11 11:30:00,212,212,212,212,0
2022-07-11 11:31:00,212,212,212,212,0
2022-07-11 11:32:00,212,212,212,212,0
2022-07-11 11:33:00,212,212,212,212,0
2022-07-11 11:34:00,212,212,212,212,0
2022-07-11 11:35:00,212,212,212,212,0
2022-07-11 11:36:00,212,212,212,212,0
2022-07-11 11:37:00,212,212,212,212,0
2022-07-11 11:38:00,212,212,212,212,0
2022-07-11 11:39:00,212,212,212,212,0
2022-07-11 11:40:00,212,212,212,212,0
2022-07-11 11:41:00,212,212,212,212,0
2022-07-11 11:42:00,212,212,212,212,0
2022-07-11 11:43:00,212,212,212,212,0
2022-07-11 11:44:00,212,212,212,212,0
2022-07-11 11:45:00,212,212,212,212,0
2022-07-11 11:46:00,212,212,212,212,0
2022-07-11 11:47:00,212,212,212,212,0
2022-07-11 11:48:00,212,212,212,212,0
2022-07-11 11:49:00,212,212,212,212,0
2022-07-11 11:50:00,212,212,212,212,0
2022-07-11 11:51:00,212,212,212,212,0
2022-07-11 11:52:00,212,212,212,212,0
2022-07-11 11:53:00,212,212,212,212,0
2022-07-11 11:54:00,212,212,212,212,0
2022-07-11 11:55:00,212,212,212,212,0
2022-07-11 11:56:00,212,212,212,212,0
2022-07-11 11:57:00,212,212,212,212,0
2022-07-11 11:58:00,212,212,212,212,0
2022-07-11 11:59:00,212,212,212,212,0
2022-07-11 12:00:00,212,212,212,212,0
2022-07-11 12:01:00,212,212,212,212,0
2022-07-11 12:02:00,212,212,212,212,0
2022-07-11 12:03:00,212,212,212,212,0
2022-07-11 12:04:00,212,212,212,212,0
2022-07-11 12:05:00,212,212,212,212,0
2022-07-11 12:06:00,212,212,212,212,0
2022-07-11 12:07:00,212,212,212,212,0
2022-07-11 12:08:00,212,212,212,212,0
2022-07-11 12:09:00,212,212,212,212,0
2022-07-11 12:10:00,212,212,212,212,0
2022-07-11 12:11:00,212,212,212,212,0
2022-07-11 12:12:00,212,212,212,212,0
2022-07-11 12:13:00,212,212,212,212,0
2022-07-11 12:14:00,212,212,212,212,0
2022-07-11 12:15:00,212,212,212,212,0
2022-07-11 12:16:00,212,212,212,212,0
2022-07-11 12:17:00,212,212,212,212,0
2022-07-11 12:18:00,212,212,212,212,0
2022-07-11 12:19:00,212,212,212,212,0
2022-07-11 12:20:00,212,212,212,212,0
2022-07-11 12:21:00,212,212,212,212,0
2022-07-11 12:22:00,212,212,212,212,0
2022-07-11 12:23:00,212,212,212,212,0
2022-07-11 12:24:00,212,212,212,212,0
2022-07-11 12:25:00,212,212,212,212,0
2022-07-11 12:26:00,212,212,212,212,0
2022-07-11 12:27:00,212,212,212,212,0
2022-07-11 12:28:00,212,212,212,212,0
2022-07-11 12:29:00,212,212,212,212,0
2022-07-11 12:30:00,212,212,212,212,0
2022-07-11 12:31:00,212,212,212,212,0
2022-07-11 12:32:00,212,212,212,212,0
2022-07-11 12:33:00,212,212,212,212,0
2022-07-11 12:34:00,212,212,212,212,0
2022-07-11 12:35:00,212,212,212,212,0
2022-07-11 12:36:00,212,212,212,212,0
2022-07-11 12:37:00,212,212,212,212,0
2022-07-11 12:38:00,212,212,212,212,0
2022-07-11 12:39:00,212,212,212,212,0
2022-07-11 12:40:00,212,212,212,212,0
2022-07-11 12:41:00,212,212,212,212,0
2022-07-11 12:42:00,212,212,212,212,0
2022-07-11 12:43:00,212,212,212,212,0
2022-07-11 12:44:00,212,212,212,212,0
2022-07-11 12:45:00,212,212,212,212,0
2022-07-11 12:46:00,212,212,212,212,0
2022-07-11 12:47:00,212,212,212,212,0
2022-07-11 12:48:00,212,212,212,212,0
2022-07-11 12:49:00,212,212,212,212,0
2022-07-11 12:50:00,212,212,212,212,0
2022-07-11 12:51:00,212,212,212,212,0
2022-07-11 12:52:00,212,212,212,212,0
2022-07-11 12:53:00,212,212,212,212,0
2022-07-11 12:54:00,212,212,212,212,0
2022-07-11 12:55:00,212,212,212,212,0
2022-07-11 12:56:00,212,212,212,212,0
2022-07-11 12:57:00,212,212,212,212,0
2022-07-11 12:58:00,212,212,212,212,0
2022-07-11 12:59:00,212,212,212,212,0
2022-07-11 13:00:00,212,212,212,212,0
2022-07-11 13:01:00,212,212,212,212,0
2022-07-11 13:02:00,212,212,212,212,0
2022-07-11 13:03:00,212,212,212,212,0
2022-07-11 13:04:00,212,212,212,212,0
2022-07-11 13:05:00,212,212,212,212,0
2022-07-11 13:06:00,212,212,212,212,0
2022-07-11 13:07:00,212,212,212,212,0
2022-07-11 13:08:00,212,212,212,212,0
2022-07-11 13:09:00,212,212,212,212,0
2022-07-11 13:10:00,212,212,212,212,0
2022-07-11 13:11:00,212,212,212,212,0
2022-07-11 13:12:00,212,212,212,212,0
2022-07-11 13:13:00,212,212,212,212,0
2022-07-11 13:14:00,212,212,212,212,0
2022-07-11 13:15:00,212,212,212,212,0
2022-07-11 13:16:00,212,212,212,212,0
2022-07-11 13:17:00,212,212,212,212,0
2022-07-11 13:18:00,212,212,212,212,0
2022-07-11 13:19:00,212,212,212,212,0
2022-07-11 13:20:00,212,212,212,212,0
2022-07-11 13:21:00,212,212,212,212,0
2022-07-11 13:22:00,212,212,212,212,0
2022-07-11 13:23:00,212,212,212,212,0
2022-07-11 13:24:00,212,212,212,212,0
2022-07-11 13:25:00,212,212,212,212,0
2022-07-11 13:26:00,212,212,212,212,0
2022-07-11 13:27:00,212,212,212,212,0
2022-07-11 13:28:00,212,212,212,212,0
2022-07-11 13:29:00,212,212,212,212,0
2022-07-11 13:30:00,212,212,212,212,0
2022-07-11 13:31:00,212,212,212,212,0
2022-07-11 13:32:00,212,212,212,212,0
2022-07-11 13:33:00,212,212,212,212,0
2022-07-11 13:34:00,212,212,212,212,0
2022-07-11 13:35:00,212,212,212,212,0
2022-07-11 13:36:00,212,212,212,212,0
2022-07-11 13:37:00,212,212,212,212,0
2022-07-11 13:38:00,212,212,212,212,0
2022-07-11 13:39:00,212,212,212,212,0
2022-07-11 13:40:00,212,212,212,212,0
2022-07-11 13:41:00,212,212,212,212,0
2022-07-11 13:42:00,212,212,212,212,0
2022-07-11 13:43:00,212,212,212,212,0
2022-07-11 13:44:00,212,212,212,212,0
2022-07-11 13:45:00,212,212,212,212,0
2022-07-11 13:46:00,212,212,212,212,0
2022-07-11 13:47:00,212,212,212,212,0
2022-07-11 13:48:00,212,212,212,212,0
2022-07-11 13:49:00,212,212,212,212,0
2022-07-11 13:50:00,212,212,212,212,0
2022-07-11 13:51:00,212,212,212,212,0
2022-07-11 13:52:00,212,212,212,212,0
2022-07-11 13:53:00,212,212,212,212,0
2022-07-11 13:54:00,212,212,212,212,0
2022-07-11 13:55:00,212,212,212,212,0
2022-07-11 13:56:00,212,212,212,212,0
2022-07-11 13:57:00,212,212,212,212,0
2022-07-11 13:58:00,212,212,212,212,0
2022-07-11 13:59:00,212,212,212,212,0
2022-07-11 14:00:00,212,212,212,212,0
2022-07-11 14:01:00,212,212,212,212,0
2022-07-11 14:02:00,212,212,212,212,0
2022-07-11 14:03:00,212,212,212,212,0
2022-07-11 14:04:00,212,212,212,212,0
2022-07-11 14:05:00,212,212,212,212,0
2022-07-11 14:06:00,212,212,212,212,0
2022-07-11 14:07:00,212,212,212,212,0
2022-07-11 14:08:00,212,212,212,212,0
2022-07-11 14:09:00,212,212,212,212,0
2022-07-11 14:10:00,212,212,212,212,0
2022-07-11 14:11:00,212,212,212,212,0
2022-07-11 14:12:00,212,212,212,212,0
2022-07-11 14:13:00,212,212,212,212,0
2022-07-11 14:14:00,212,212,212,212,0
2022-07-11 14:15:00,212,212,212,212,0
2022-07-11 14:16:00,212,212,212,212,0
2022-07-11 14:17:00,212,212,212,212,0
2022-07-11 14:18:00,212,212,212,212,0
2022-07-11 14:19:00,212,212,212,212,0
2022-07-11 14:20:00,212,212,212,212,0
2022-07-11 14:21:00,212,212,212,212,0
2022-07-11 14:22:00,212,212,212,212,0
2022-07-11 14:23:00,212,212,212,212,0
2022-07-11 14:24:00,212,212,212,212,0
2022-07-11 14:25:00,212,212,212,212,0
2022-07-11 14:26:00,212,212,212,212,0
2022-07-11 14:27:00,212,212,212,212,0
2022-07-11 14:28:00,212,212,212,212,0
2022-07-11 14:29:00,212,212,212,212,0
2022-07-11 14:30:00,212,212,212,212,0
2022-07-11 14:31:00,212,212,212,212,0
2022-07-11 14:32:00,212,212,212,212,0
2022-07-11 14:33:00,212,212,212,212,0
2022-07-11 14:34:00,212,212,212,212,0
2022-07-11 14:35:00,212,212,212,212,0
2022-07-11 14:36:00,212,212,212,212,0
2022-07-11 14:37:00,212,212,212,212,0
2022-07-11 14:38:00,212,212,212,212,0
2022-07-11 14:39:00,212,212,212,212,0
2022-07-11 14:40:00,212,212,212,212,0
2022-07-11 14:41:00,212,212,212,212,0
2022-07-11 14:42:00,212,212,212,212,0
2022-07-11 14:43:00,212,212,212,212,0
2022-07-11 14:44:00,208,208,208,208,100
2022-07-11 14:45:00,208,208,208,208,0
2022-07-11 14:46:00,208,208,208,208,0
2022-07-11 14:47:00,208,208,208,208,0
2022-07-11 14:48:00,208,208,208,208,0
2022-07-11 14:49:00,208,208,208,208,5000
2022-07-11 14:50:00,208,208,208,208,0
2022-07-11 14:51:00,208,208,208,208,0
2022-07-11 14:52:00,208,208,208,208,0
2022-07-11 14:53:00,208,208,208,208,0
2022-07-11 14:54:00,208,208,208,208,0
2022-07-11 14:55:00,208,208,208,208,0
2022-07-11 14:56:00,208,208,208,208,0
2022-07-11 14:57:00,208,208,208,208,0
2022-07-11 14:58:00,208,208,208,208,0
2022-07-11 14:59:00,208,208,208,208,0
2022-07-11 15:00:00,208,208,208,208,0
2022-07-11 15:01:00,208,208,208,208,0
2022-07-11 15:02:00,208,208,208,208,0
2022-07-11 15:03:00,208,208,208,208,0
2022-07-11 15:04:00,208,208,208,208,0
2022-07-11 15:05:00,208,208,208,208,0
2022-07-11 15:06:00,208,208,208,208,0
2022-07-11 15:07:00,208,208,208,208,0
2022-07-11 15:08:00,208,208,208,208,0
2022-07-11 15:09:00,208,208,208,208,0
2022-07-11 15:10:00,208,208,208,208,0
2022-07-11 15:11:00,208,208,208,208,0
2022-07-11 15:12:00,208,208,208,208,26700
2022-07-11 15:13:00,208,208,208,208,0
2022-07-11 15:14:00,208,208,208,208,0
2022-07-11 15:15:00,208,208,208,208,0
2022-07-11 15:16:00,208,208,208,208,0
2022-07-11 15:17:00,208,208,208,208,0
2022-07-11 15:18:00,208,208,208,208,0
2022-07-11 15:19:00,208,208,208,208,0
2022-07-11 15:20:00,208,208,208,208,0
2022-07-11 15:21:00,208,208,208,208,0
2022-07-11 15:22:00,208,208,208,208,0
2022-07-11 15:23:00,208,208,208,208,0
2022-07-11 15:24:00,208,208,208,208,0
2022-07-11 15:25:00,208,208,208,208,0
2022-07-11 15:26:00,208,208,208,208,0
2022-07-11 15:27:00,208,208,208,208,0
2022-07-11 15:28:00,208,208,208,208,0
2022-07-11 15:29:00,208,208,208,208,0
2022-07-11 15:30:00,208,208,208,208,0
2022-07-11 15:31:00,208,208,208,208,0
2022-07-11 15:32:00,208,208,208,208,0
2022-07-11 15:33:00,208,208,208,208,0
2022-07-11 15:34:00,208,208,208,208,0
2022-07-11 15:35:00,208,208,208,208,0
2022-07-11 15:36:00,208,208,208,208,0
2022-07-11 15:37:00,208,208,208,208,0
2022-07-11 15:38:00,208,208,208,208,0
2022-07-11 15:39:00,208,208,208,208,0
2022-07-11 15:40:00,208,208,208,208,0
2022-07-11 15:41:00,208,208,208,208,0
2022-07-11 15:42:00,208,208,208,208,0
2022-07-11 15:43:00,208,208,208,208,0
2022-07-11 15:44:00,208,208,208,208,0
2022-07-11 15:45:00,208,208,208,208,0
2022-07-11 15:46:00,208,208,208,208,0
2022-07-11 15:47:00,208,208,208,208,0
2022-07-11 15:48:00,208,208,208,208,0
2022-07-11 15:49:00,208,208,208,208,0
2022-07-11 15:50:00,208,208,208,208,0
2022-07-11 15:51:00,208,208,208,208,0
2022-07-11 15:52:00,208,208,208,208,0
2022-07-11 15:53:00,208,208,208,208,0
2022-07-11 15:54:00,208,208,208,208,0
2022-07-11 15:55:00,208,208,208,208,0
2022-07-11 15:56:00,208,208,208,208,0
2022-07-11 15:57:00,208,208,208,208,0
2022-07-11 15:58:00,208,208,208,208,0
2022-07-11 15:59:00,208,208,208,208,0
2022-07-12 09:00:00,208,208,208,208,0
2022-07-12 09:01:00,208,208,208,208,0
2022-07-12 09:02:00,208,208,208,208,0
2022-07-12 09:03:00,208,208,208,208,0
2022-07-12 09:04:00,208,208,208,208,0
2022-07-12 09:05:00,208,208,208,208,0
2022-07-12 09:06:00,208,208,208,208,0
2022-07-12 09:07:00,208,208,208,208,0
2022-07-12 09:08:00,208,208,208,208,0
2022-07-12 09:09:00,208,208,208,208,0
2022-07-12 09:10:00,208,208,208,208,0
2022-07-12 09:11:00,208,208,208,208,0
2022-07-12 09:12:00,208,208,208,208,0
2022-07-12 09:13:00,208,208,208,208,0
2022-07-12 09:14:00,208,208,208,208,0
2022-07-12 09:15:00,208,208,208,208,0
2022-07-12 09:16:00,208,208,208,208,0
2022-07-12 09:17:00,208,208,208,208,0
2022-07-12 09:18:00,208,208,208,208,0
2022-07-12 09:19:00,208,208,208,208,0
2022-07-12 09:20:00,208,208,208,208,0
2022-07-12 09:21:00,210,210,210,210,0
2022-07-12 09:22:00,210,210,210,210,0
2022-07-12 09:23:00,210,210,210,210,0
2022-07-12 09:24:00,228,210,228,210,3600
2022-07-12 09:25:00,228,210,228,210,0
2022-07-12 09:26:00,228,210,228,210,0
2022-07-12 09:27:00,228,210,228,210,0
2022-07-12 09:28:00,228,210,228,210,0
2022-07-12 09:29:00,228,210,228,210,0
2022-07-12 09:30:00,228,210,228,210,0
2022-07-12 09:31:00,228,210,228,210,0
2022-07-12 09:32:00,228,210,228,210,0
2022-07-12 09:33:00,228,210,228,210,0
2022-07-12 09:34:00,228,210,228,210,0
2022-07-12 09:35:00,228,210,228,210,0
2022-07-12 09:36:00,228,210,228,210,0
2022-07-12 09:37:00,228,210,228,210,0
2022-07-12 09:38:00,228,210,228,210,0
2022-07-12 09:39:00,228,210,228,210,0
2022-07-12 09:40:00,228,210,228,210,0
2022-07-12 09:41:00,228,210,228,210,0
2022-07-12 09:42:00,228,210,228,210,0
2022-07-12 09:43:00,228,210,228,210,0
2022-07-12 09:44:00,228,210,228,210,0
2022-07-12 09:45:00,228,210,228,210,0
2022-07-12 09:46:00,228,210,228,210,0
2022-07-12 09:47:00,228,210,228,210,0
2022-07-12 09:48:00,228,210,228,210,0
2022-07-12 09:49:00,228,210,228,210,0
2022-07-12 09:50:00,228,210,228,210,0
2022-07-12 09:51:00,228,210,228,210,0
2022-07-12 09:52:00,228,210,228,210,0
2022-07-12 09:53:00,228,210,228,210,0
2022-07-12 09:54:00,228,210,228,210,0
2022-07-12 09:55:00,228,210,228,210,0
2022-07-12 09:56:00,228,210,228,210,0
2022-07-12 09:57:00,228,210,228,210,0
2022-07-12 09:58:00,228,210,228,210,0
2022-07-12 09:59:00,228,210,228,210,0
2022-07-12 10:00:00,228,210,228,210,0
2022-07-12 10:01:00,228,210,228,210,0
2022-07-12 10:02:00,228,210,228,210,0
2022-07-12 10:03:00,228,210,228,210,0
2022-07-12 10:04:00,228,210,228,210,0
2022-07-12 10:05:00,228,210,228,210,0
2022-07-12 10:06:00,228,210,228,210,0
2022-07-12 10:07:00,228,210,228,210,0
2022-07-12 10:08:00,228,210,228,210,0
2022-07-12 10:09:00,228,210,228,210,0
2022-07-12 10:10:00,228,210,228,210,0
2022-07-12 10:11:00,228,210,228,210,0
2022-07-12 10:12:00,228,210,228,210,0
2022-07-12 10:13:00,228,210,228,210,0
2022-07-12 10:14:00,228,210,228,210,0
2022-07-12 10:15:00,228,210,228,210,0
2022-07-12 10:16:00,228,210,228,210,0
2022-07-12 10:17:00,228,210,228,210,0
2022-07-12 10:18:00,228,210,228,210,0
2022-07-12 10:19:00,228,210,228,210,0
2022-07-12 10:20:00,228,210,228,210,0
2022-07-12 10:21:00,228,210,228,210,0
2022-07-12 10:22:00,228,210,228,210,0
2022-07-12 10:23:00,228,210,228,210,0
2022-07-12 10:24:00,228,210,228,210,0
2022-07-12 10:25:00,228,210,228,210,0
2022-07-12 10:26:00,228,210,228,210,0
2022-07-12 10:27:00,228,210,228,210,0
2022-07-12 10:28:00,228,210,228,210,0
2022-07-12 10:29:00,228,210,228,210,0
2022-07-12 10:30:00,228,210,228,210,0
2022-07-12 10:31:00,228,210,228,210,0
2022-07-12 10:32:00,228,210,228,210,0
2022-07-12 10:33:00,228,210,228,210,0
2022-07-12 10:34:00,228,210,228,210,0
2022-07-12 10:35:00,228,210,228,210,0
2022-07-12 10:36:00,228,210,228,210,0
2022-07-12 10:37:00,228,210,228,210,0
2022-07-12 10:38:00,228,210,228,210,0
2022-07-12 10:39:00,228,210,228,210,0
2022-07-12 10:40:00,228,210,228,210,0
2022-07-12 10:41:00,228,210,228,210,0
2022-07-12 10:42:00,210,210,210,210,1000
2022-07-12 10:43:00,210,210,210,210,0
2022-07-12 10:44:00,210,210,210,210,0
2022-07-12 10:45:00,210,210,210,210,0
2022-07-12 10:46:00,210,210,210,210,0
2022-07-12 10:47:00,210,210,210,210,0
2022-07-12 10:48:00,210,210,210,210,0
2022-07-12 10:49:00,210,210,210,210,0
2022-07-12 10:50:00,210,210,210,210,0
2022-07-12 10:51:00,210,210,210,210,0
2022-07-12 10:52:00,210,210,210,210,0
2022-07-12 10:53:00,210,210,210,210,0
2022-07-12 10:54:00,210,210,210,210,0
2022-07-12 10:55:00,212,212,212,212,200
2022-07-12 10:56:00,212,212,212,212,0
2022-07-12 10:57:00,212,212,212,212,0
2022-07-12 10:58:00,212,212,212,212,0
2022-07-12 10:59:00,212,212,212,212,0
2022-07-12 11:00:00,212,212,212,212,0
2022-07-12 11:01:00,212,212,212,212,0
2022-07-12 11:02:00,212,212,212,212,100
2022-07-12 11:03:00,212,212,212,212,0
2022-07-12 11:04:00,212,212,212,212,0
2022-07-12 11:05:00,212,212,212,212,0
2022-07-12 11:06:00,212,212,212,212,0
2022-07-12 11:07:00,212,212,212,212,0
2022-07-12 11:08:00,212,212,212,212,0
2022-07-12 11:09:00,212,212,212,212,0
2022-07-12 11:10:00,212,212,212,212,0
2022-07-12 11:11:00,212,212,212,212,0
2022-07-12 11:12:00,212,212,212,212,0
2022-07-12 11:13:00,212,212,212,212,0
2022-07-12 11:14:00,212,212,212,212,0
2022-07-12 11:15:00,212,212,212,212,0
2022-07-12 11:16:00,212,212,212,212,0
2022-07-12 11:17:00,212,212,212,212,0
2022-07-12 11:18:00,212,212,212,212,0
2022-07-12 11:19:00,212,212,212,212,0
2022-07-12 11:20:00,212,212,212,212,0
2022-07-12 11:21:00,212,212,212,212,0
2022-07-12 11:22:00,212,212,212,212,0
2022-07-12 11:23:00,212,212,212,212,0
2022-07-12 11:24:00,212,212,212,212,0
2022-07-12 11:25:00,212,212,212,212,0
2022-07-12 11:26:00,212,212,212,212,0
2022-07-12 11:27:00,212,212,212,212,0
2022-07-12 11:28:00,212,212,212,212,0
2022-07-12 11:29:00,212,212,212,212,0
2022-07-12 11:30:00,212,212,212,212,0
2022-07-12 11:31:00,212,212,212,212,0
2022-07-12 11:32:00,212,212,212,212,0
2022-07-12 11:33:00,212,212,212,212,0
2022-07-12 11:34:00,212,212,212,212,0
2022-07-12 11:35:00,212,212,212,212,0
2022-07-12 11:36:00,212,212,212,212,0
2022-07-12 11:37:00,212,212,212,212,0
2022-07-12 11:38:00,212,212,212,212,0
2022-07-12 11:39:00,212,212,212,212,0
2022-07-12 11:40:00,212,212,212,212,0
2022-07-12 11:41:00,212,212,212,212,0
2022-07-12 11:42:00,212,212,212,212,0
2022-07-12 11:43:00,212,212,212,212,0
2022-07-12 11:44:00,212,212,212,212,0
2022-07-12 11:45:00,212,212,212,212,0
2022-07-12 11:46:00,212,212,212,212,0
2022-07-12 11:47:00,212,212,212,212,0
2022-07-12 11:48:00,212,212,212,212,0
2022-07-12 11:49:00,212,212,212,212,0
2022-07-12 11:50:00,212,212,212,212,0
2022-07-12 11:51:00,212,212,212,212,0
2022-07-12 11:52:00,212,212,212,212,0
2022-07-12 11:53:00,212,212,212,212,0
2022-07-12 11:54:00,212,212,212,212,0
2022-07-12 11:55:00,212,212,212,212,0
2022-07-12 11:56:00,212,212,212,212,0
2022-07-12 11:57:00,212,212,212,212,0
2022-07-12 11:58:00,212,212,212,212,0
2022-07-12 11:59:00,212,212,212,212,0
2022-07-12 12:00:00,212,212,212,212,0
2022-07-12 12:01:00,212,212,212,212,0
2022-07-12 12:02:00,212,212,212,212,0
2022-07-12 12:03:00,212,212,212,212,0
2022-07-12 12:04:00,212,212,212,212,0
2022-07-12 12:05:00,212,212,212,212,0
2022-07-12 12:06:00,212,212,212,212,0
2022-07-12 12:07:00,212,212,212,212,0
2022-07-12 12:08:00,212,212,212,212,0
2022-07-12 12:09:00,212,212,212,212,0
2022-07-12 12:10:00,212,212,212,212,0
2022-07-12 12:11:00,212,212,212,212,0
2022-07-12 12:12:00,212,212,212,212,0
2022-07-12 12:13:00,212,212,212,212,0
2022-07-12 12:14:00,212,212,212,212,0
2022-07-12 12:15:00,212,212,212,212,0
2022-07-12 12:16:00,212,212,212,212,0
2022-07-12 12:17:00,212,212,212,212,0
2022-07-12 12:18:00,212,212,212,212,0
2022-07-12 12:19:00,212,212,212,212,0
2022-07-12 12:20:00,212,212,212,212,0
2022-07-12 12:21:00,212,212,212,212,0
2022-07-12 12:22:00,212,212,212,212,0
2022-07-12 12:23:00,212,212,212,212,0
2022-07-12 12:24:00,212,212,212,212,0
2022-07-12 12:25:00,212,212,212,212,0
2022-07-12 12:26:00,212,212,212,212,0
2022-07-12 12:27:00,212,212,212,212,0
2022-07-12 12:28:00,212,212,212,212,0
2022-07-12 12:29:00,212,212,212,212,0
2022-07-12 12:30:00,212,212,212,212,0
2022-07-12 12:31:00,212,212,212,212,0
2022-07-12 12:32:00,212,212,212,212,0
2022-07-12 12:33:00,212,212,212,212,0
2022-07-12 12:34:00,212,212,212,212,0
2022-07-12 12:35:00,212,212,212,212,0
2022-07-12 12:36:00,212,212,212,212,0
2022-07-12 12:37:00,212,212,212,212,0
2022-07-12 12:38:00,212,212,212,212,0
2022-07-12 12:39:00,212,212,212,212,0
2022-07-12 12:40:00,212,212,212,212,0
2022-07-12 12:41:00,212,212,212,212,0
2022-07-12 12:42:00,212,212,212,212,0
2022-07-12 12:43:00,212,212,212,212,0
2022-07-12 12:44:00,212,212,212,212,0
2022-07-12 12:45:00,212,212,212,212,0
2022-07-12 12:46:00,212,212,212,212,0
2022-07-12 12:47:00,212,212,212,212,0
2022-07-12 12:48:00,212,212,212,212,0
2022-07-12 12:49:00,212,212,212,212,0
2022-07-12 12:50:00,212,212,212,212,0
2022-07-12 12:51:00,212,212,212,212,0
2022-07-12 12:52:00,212,212,212,212,0
2022-07-12 12:53:00,212,212,212,212,0
2022-07-12 12:54:00,212,212,212,212,0
2022-07-12 12:55:00,212,212,212,212,0
2022-07-12 12:56:00,212,212,212,212,0
2022-07-12 12:57:00,212,212,212,212,0
2022-07-12 12:58:00,212,212,212,212,0
2022-07-12 12:59:00,212,212,212,212,0
2022-07-12 13:00:00,212,212,212,212,0
2022-07-12 13:01:00,212,212,212,212,0
2022-07-12 13:02:00,212,212,212,212,0
2022-07-12 13:03:00,212,212,212,212,0
2022-07-12 13:04:00,212,212,212,212,0
2022-07-12 13:05:00,212,212,212,212,0
2022-07-12 13:06:00,212,212,212,212,0
2022-07-12 13:07:00,212,212,212,212,0
2022-07-12 13:08:00,212,212,212,212,0
2022-07-12 13:09:00,212,212,212,212,0
2022-07-12 13:10:00,212,212,212,212,0
2022-07-12 13:11:00,212,212,212,212,0
2022-07-12 13:12:00,212,212,212,212,0
2022-07-12 13:13:00,212,212,212,212,0
2022-07-12 13:14:00,212,212,212,212,0
2022-07-12 13:15:00,212,212,212,212,0
2022-07-12 13:16:00,212,212,212,212,0
2022-07-12 13:17:00,212,212,212,212,0
2022-07-12 13:18:00,212,212,212,212,0
2022-07-12 13:19:00,212,212,212,212,0
2022-07-12 13:20:00,212,212,212,212,0
2022-07-12 13:21:00,212,212,212,212,0
2022-07-12 13:22:00,212,212,212,212,0
2022-07-12 13:23:00,212,212,212,212,0
2022-07-12 13:24:00,212,212,212,212,0
2022-07-12 13:25:00,212,212,212,212,0
2022-07-12 13:26:00,212,212,212,212,0
2022-07-12 13:27:00,212,212,212,212,0
2022-07-12 13:28:00,212,212,212,212,0
2022-07-12 13:29:00,212,212,212,212,0
2022-07-12 13:30:00,212,212,212,212,0
2022-07-12 13:31:00,212,212,212,212,0
2022-07-12 13:32:00,212,212,212,212,0
2022-07-12 13:33:00,212,212,212,212,0
2022-07-12 13:34:00,212,212,212,212,0
2022-07-12 13:35:00,212,212,212,212,0
2022-07-12 13:36:00,212,212,212,212,0
2022-07-12 13:37:00,210,210,210,210,8000
2022-07-12 13:38:00,210,210,210,210,0
2022-07-12 13:39:00,210,210,210,210,0
2022-07-12 13:40:00,210,210,210,210,0
2022-07-12 13:41:00,210,210,210,210,0
2022-07-12 13:42:00,208,208,208,208,100
2022-07-12 13:43:00,208,208,208,208,0
2022-07-12 13:44:00,208,208,208,208,0
2022-07-12 13:45:00,208,208,208,208,0
2022-07-12 13:46:00,208,208,208,208,0
2022-07-12 13:47:00,208,208,208,208,0
2022-07-12 13:48:00,208,208,208,208,0
2022-07-12 13:49:00,208,208,208,208,0
2022-07-12 13:50:00,208,208,208,208,0
2022-07-12 13:51:00,208,208,208,208,0
2022-07-12 13:52:00,208,208,208,208,0
2022-07-12 13:53:00,208,208,208,208,0
2022-07-12 13:54:00,208,208,208,208,0
2022-07-12 13:55:00,208,208,208,208,0
2022-07-12 13:56:00,208,208,208,208,0
2022-07-12 13:57:00,208,208,208,208,0
2022-07-12 13:58:00,208,208,208,208,0
2022-07-12 13:59:00,208,208,208,208,0
2022-07-12 14:00:00,208,208,208,208,0
2022-07-12 14:01:00,208,208,208,208,0
2022-07-12 14:02:00,208,208,208,208,0
2022-07-12 14:03:00,208,208,208,208,0
2022-07-12 14:04:00,208,208,208,208,0
2022-07-12 14:05:00,206,206,206,206,5000
2022-07-12 14:06:00,206,206,206,206,0
2022-07-12 14:07:00,206,206,206,206,0
2022-07-12 14:08:00,206,206,206,206,0
2022-07-12 14:09:00,206,206,206,206,0
2022-07-12 14:10:00,206,206,206,206,400
2022-07-12 14:11:00,206,206,206,206,18600
2022-07-12 14:12:00,206,206,206,206,0
2022-07-12 14:13:00,206,206,206,206,0
2022-07-12 14:14:00,206,206,206,206,0
2022-07-12 14:15:00,206,206,206,206,0
2022-07-12 14:16:00,206,206,206,206,0
2022-07-12 14:17:00,206,206,206,206,0
2022-07-12 14:18:00,206,206,206,206,0
2022-07-12 14:19:00,206,206,206,206,0
2022-07-12 14:20:00,206,206,206,206,0
2022-07-12 14:21:00,206,206,206,206,0
2022-07-12 14:22:00,206,206,206,206,0
2022-07-12 14:23:00,206,206,206,206,0
2022-07-12 14:24:00,206,206,206,206,0
2022-07-12 14:25:00,206,206,206,206,0
2022-07-12 14:26:00,206,206,206,206,0
2022-07-12 14:27:00,206,206,206,206,0
2022-07-12 14:28:00,206,206,206,206,0
2022-07-12 14:29:00,206,206,206,206,0
2022-07-12 14:30:00,206,206,206,206,0
2022-07-12 14:31:00,206,206,206,206,0
2022-07-12 14:32:00,206,206,206,206,0
2022-07-12 14:33:00,206,206,206,206,0
2022-07-12 14:34:00,206,206,206,206,0
2022-07-12 14:35:00,206,206,206,206,0
2022-07-12 14:36:00,206,206,206,206,0
2022-07-12 14:37:00,206,206,206,206,0
2022-07-12 14:38:00,206,206,206,206,0
2022-07-12 14:39:00,206,206,206,206,0
2022-07-12 14:40:00,206,206,206,206,0
2022-07-12 14:41:00,206,206,206,206,0
2022-07-12 14:42:00,206,206,206,206,0
2022-07-12 14:43:00,206,206,206,206,0
2022-07-12 14:44:00,206,206,206,206,0
2022-07-12 14:45:00,206,206,206,206,0
2022-07-12 14:46:00,206,206,206,206,0
2022-07-12 14:47:00,206,206,206,206,0
2022-07-12 14:48:00,206,206,206,206,0
2022-07-12 14:49:00,206,206,206,206,0
2022-07-12 14:50:00,206,206,206,206,0
2022-07-12 14:51:00,206,206,206,206,0
2022-07-12 14:52:00,206,206,206,206,0
2022-07-12 14:53:00,206,206,206,206,0
2022-07-12 14:54:00,206,206,206,206,0
2022-07-12 14:55:00,206,206,206,206,0
2022-07-12 14:56:00,206,206,206,206,0
2022-07-12 14:57:00,206,206,206,206,0
2022-07-12 14:58:00,206,206,206,206,0
2022-07-12 14:59:00,206,206,206,206,0
2022-07-12 15:00:00,206,206,206,206,0
2022-07-12 15:01:00,206,206,206,206,0
2022-07-12 15:02:00,206,206,206,206,0
2022-07-12 15:03:00,206,206,206,206,0
2022-07-12 15:04:00,206,206,206,206,0
2022-07-12 15:05:00,206,206,206,206,0
2022-07-12 15:06:00,206,206,206,206,0
2022-07-12 15:07:00,206,206,206,206,0
2022-07-12 15:08:00,206,206,206,206,0
2022-07-12 15:09:00,206,206,206,206,0
2022-07-12 15:10:00,206,206,206,206,0
2022-07-12 15:11:00,206,206,206,206,0
2022-07-12 15:12:00,206,206,206,206,0
2022-07-12 15:13:00,206,206,206,206,0
2022-07-12 15:14:00,206,206,206,206,0
2022-07-12 15:15:00,206,206,206,206,0
2022-07-12 15:16:00,206,206,206,206,0
2022-07-12 15:17:00,206,206,206,206,0
2022-07-12 15:18:00,206,206,206,206,0
2022-07-12 15:19:00,206,206,206,206,0
2022-07-12 15:20:00,206,206,206,206,0
2022-07-12 15:21:00,206,206,206,206,0
2022-07-12 15:22:00,206,206,206,206,0
2022-07-12 15:23:00,206,206,206,206,0
2022-07-12 15:24:00,206,206,206,206,0
2022-07-12 15:25:00,206,206,206,206,0
2022-07-12 15:26:00,206,206,206,206,0
2022-07-12 15:27:00,206,206,206,206,0
2022-07-12 15:28:00,206,206,206,206,0
2022-07-12 15:29:00,206,206,206,206,0
2022-07-12 15:30:00,206,206,206,206,0
2022-07-12 15:31:00,206,206,206,206,0
2022-07-12 15:32:00,206,206,206,206,0
2022-07-12 15:33:00,206,206,206,206,0
2022-07-12 15:34:00,206,206,206,206,0
2022-07-12 15:35:00,206,206,206,206,0
2022-07-12 15:36:00,206,206,206,206,0
2022-07-12 15:37:00,206,206,206,206,0
2022-07-12 15:38:00,206,206,206,206,0
2022-07-12 15:39:00,206,206,206,206,0
2022-07-12 15:40:00,206,206,206,206,0
2022-07-12 15:41:00,206,206,206,206,0
2022-07-12 15:42:00,206,206,206,206,0
2022-07-12 15:43:00,206,206,206,206,0
2022-07-12 15:44:00,206,206,206,206,0
2022-07-12 15:45:00,206,206,206,206,0
2022-07-12 15:46:00,206,206,206,206,0
2022-07-12 15:47:00,206,206,206,206,0
2022-07-12 15:48:00,206,206,206,206,0
2022-07-12 15:49:00,206,206,206,206,0
2022-07-12 15:50:00,206,206,206,206,0
2022-07-12 15:51:00,206,206,206,206,0
2022-07-12 15:52:00,206,206,206,206,0
2022-07-12 15:53:00,206,206,206,206,0
2022-07-12 15:54:00,206,206,206,206,0
2022-07-12 15:55:00,206,206,206,206,0
2022-07-12 15:56:00,206,206,206,206,0
2022-07-12 15:57:00,206,206,206,206,0
2022-07-12 15:58:00,206,206,206,206,0
2022-07-12 15:59:00,206,206,206,206,0
2022-07-13 09:00:00,206,206,206,206,0
2022-07-13 09:01:00,206,206,206,206,0
2022-07-13 09:02:00,206,206,206,206,0
2022-07-13 09:03:00,208,208,208,208,0
2022-07-13 09:04:00,208,208,208,208,0
2022-07-13 09:05:00,208,208,208,208,0
2022-07-13 09:06:00,208,208,208,208,0
2022-07-13 09:07:00,208,208,208,208,0
2022-07-13 09:08:00,208,208,208,208,0
2022-07-13 09:09:00,208,208,208,208,0
2022-07-13 09:10:00,208,208,208,208,0
2022-07-13 09:11:00,208,208,208,208,0
2022-07-13 09:12:00,208,208,208,208,0
2022-07-13 09:13:00,208,208,208,208,0
2022-07-13 09:14:00,208,208,208,208,0
2022-07-13 09:15:00,208,208,208,208,0
2022-07-13 09:16:00,208,208,208,208,0
2022-07-13 09:17:00,208,208,208,208,0
2022-07-13 09:18:00,208,208,208,208,0
2022-07-13 09:19:00,208,208,208,208,0
2022-07-13 09:20:00,208,208,208,208,0
2022-07-13 09:21:00,208,208,208,208,0
2022-07-13 09:22:00,208,208,208,208,0
2022-07-13 09:23:00,208,208,208,208,0
2022-07-13 09:24:00,208,208,208,208,0
2022-07-13 09:25:00,208,208,208,208,0
2022-07-13 09:26:00,208,208,208,208,0
2022-07-13 09:27:00,208,208,208,208,0
2022-07-13 09:28:00,208,208,208,208,0
2022-07-13 09:29:00,208,208,208,208,0
2022-07-13 09:30:00,208,208,208,208,0
2022-07-13 09:31:00,208,208,208,208,0
2022-07-13 09:32:00,208,208,208,208,0
2022-07-13 09:33:00,208,208,208,208,0
2022-07-13 09:34:00,208,208,208,208,0
2022-07-13 09:35:00,208,208,208,208,0
2022-07-13 09:36:00,208,208,208,208,0
2022-07-13 09:37:00,208,208,208,208,0
2022-07-13 09:38:00,208,208,208,208,0
2022-07-13 09:39:00,208,208,208,208,0
2022-07-13 09:40:00,208,208,208,208,0
2022-07-13 09:41:00,208,208,208,208,0
2022-07-13 09:42:00,208,208,208,208,0
2022-07-13 09:43:00,208,208,208,208,0
2022-07-13 09:44:00,208,208,208,208,0
2022-07-13 09:45:00,208,208,208,208,0
2022-07-13 09:46:00,200,200,200,200,200
2022-07-13 09:47:00,200,200,200,200,0
2022-07-13 09:48:00,200,200,200,200,0
2022-07-13 09:49:00,200,200,200,200,0
2022-07-13 09:50:00,200,200,200,200,0
2022-07-13 09:51:00,200,200,200,200,0
2022-07-13 09:52:00,200,200,200,200,0
2022-07-13 09:53:00,200,200,200,200,0
2022-07-13 09:54:00,200,200,200,200,0
2022-07-13 09:55:00,200,200,200,200,0
2022-07-13 09:56:00,200,200,200,200,0
2022-07-13 09:57:00,200,200,200,200,0
2022-07-13 09:58:00,200,200,200,200,0
2022-07-13 09:59:00,200,200,200,200,0
2022-07-13 10:00:00,200,200,200,200,0
2022-07-13 10:01:00,200,200,200,200,0
2022-07-13 10:02:00,200,200,200,200,0
2022-07-13 10:03:00,200,200,200,200,0
2022-07-13 10:04:00,200,200,200,200,0
2022-07-13 10:05:00,200,200,200,200,0
2022-07-13 10:06:00,200,200,200,200,0
2022-07-13 10:07:00,200,200,200,200,0
2022-07-13 10:08:00,200,200,200,200,0
2022-07-13 10:09:00,200,200,200,200,0
2022-07-13 10:10:00,200,200,200,200,0
2022-07-13 10:11:00,200,200,200,200,0
2022-07-13 10:12:00,200,200,200,200,0
2022-07-13 10:13:00,200,200,200,200,0
2022-07-13 10:14:00,200,200,200,200,0
2022-07-13 10:15:00,200,200,200,200,0
2022-07-13 10:16:00,200,200,200,200,0
2022-07-13 10:17:00,200,200,200,200,0
2022-07-13 10:18:00,200,200,200,200,0
2022-07-13 10:19:00,200,200,200,200,0
2022-07-13 10:20:00,200,200,200,200,0
2022-07-13 10:21:00,200,200,200,200,0
2022-07-13 10:22:00,200,200,200,200,0
2022-07-13 10:23:00,200,200,200,200,0
2022-07-13 10:24:00,200,200,200,200,0
2022-07-13 10:25:00,200,200,200,200,0
2022-07-13 10:26:00,200,200,200,200,0
2022-07-13 10:27:00,200,200,200,200,0
2022-07-13 10:28:00,200,200,200,200,0
2022-07-13 10:29:00,200,200,200,200,0
2022-07-13 10:30:00,200,200,200,200,0
2022-07-13 10:31:00,200,200,200,200,0
2022-07-13 10:32:00,200,200,200,200,0
2022-07-13 10:33:00,200,200,200,200,0
2022-07-13 10:34:00,200,200,200,200,0
2022-07-13 10:35:00,200,200,200,200,0
2022-07-13 10:36:00,200,200,200,200,0
2022-07-13 10:37:00,200,200,200,200,0
2022-07-13 10:38:00,200,200,200,200,0
2022-07-13 10:39:00,200,200,200,200,0
2022-07-13 10:40:00,200,200,200,200,0
2022-07-13 10:41:00,200,200,200,200,0
2022-07-13 10:42:00,200,200,200,200,0
2022-07-13 10:43:00,200,200,200,200,0
2022-07-13 10:44:00,200,200,200,200,0
2022-07-13 10:45:00,200,200,200,200,0
2022-07-13 10:46:00,200,200,200,200,0
2022-07-13 10:47:00,200,200,200,200,0
2022-07-13 10:48:00,200,200,200,200,0
2022-07-13 10:49:00,200,200,200,200,0
2022-07-13 10:50:00,200,200,200,200,0
2022-07-13 10:51:00,200,200,200,200,0
2022-07-13 10:52:00,200,200,200,200,0
2022-07-13 10:53:00,200,200,200,200,0
2022-07-13 10:54:00,200,200,200,200,0
2022-07-13 10:55:00,200,200,200,200,0
2022-07-13 10:56:00,200,200,200,200,0
2022-07-13 10:57:00,200,200,200,200,0
2022-07-13 10:58:00,200,200,200,200,0
2022-07-13 10:59:00,200,200,200,200,0
2022-07-13 11:00:00,200,200,200,200,0
2022-07-13 11:01:00,200,200,200,200,0
2022-07-13 11:02:00,200,200,200,200,0
2022-07-13 11:03:00,200,200,200,200,0
2022-07-13 11:04:00,200,200,200,200,0
2022-07-13 11:05:00,200,200,200,200,0
2022-07-13 11:06:00,200,200,200,200,0
2022-07-13 11:07:00,200,200,200,200,0
2022-07-13 11:08:00,200,200,200,200,0
2022-07-13 11:09:00,200,200,200,200,0
2022-07-13 11:10:00,200,200,200,200,0
2022-07-13 11:11:00,200,200,200,200,0
2022-07-13 11:12:00,200,200,200,200,0
2022-07-13 11:13:00,200,200,200,200,0
2022-07-13 11:14:00,200,200,200,200,0
2022-07-13 11:15:00,200,200,200,200,0
2022-07-13 11:16:00,200,200,200,200,0
2022-07-13 11:17:00,200,200,200,200,0
2022-07-13 11:18:00,202,202,202,202,100
2022-07-13 11:19:00,202,202,202,202,0
2022-07-13 11:20:00,202,202,202,202,0
2022-07-13 11:21:00,202,202,202,202,0
2022-07-13 11:22:00,202,202,202,202,0
2022-07-13 11:23:00,202,202,202,202,0
2022-07-13 11:24:00,202,202,202,202,0
2022-07-13 11:25:00,202,202,202,202,0
2022-07-13 11:26:00,202,202,202,202,0
2022-07-13 11:27:00,202,202,202,202,0
2022-07-13 11:28:00,212,212,228,228,700
2022-07-13 11:29:00,212,212,228,228,0
2022-07-13 11:30:00,212,212,228,228,0
2022-07-13 11:31:00,212,212,228,228,0
2022-07-13 11:32:00,212,212,228,228,0
2022-07-13 11:33:00,212,212,228,228,0
2022-07-13 11:34:00,212,212,228,228,0
2022-07-13 11:35:00,212,212,228,228,0
2022-07-13 11:36:00,212,212,228,228,0
2022-07-13 11:37:00,212,212,228,228,0
2022-07-13 11:38:00,212,212,228,228,0
2022-07-13 11:39:00,212,212,228,228,0
2022-07-13 11:40:00,212,212,228,228,0
2022-07-13 11:41:00,212,212,228,228,0
2022-07-13 11:42:00,212,212,228,228,0
2022-07-13 11:43:00,212,212,228,228,0
2022-07-13 11:44:00,212,212,228,228,0
2022-07-13 11:45:00,212,212,228,228,0
2022-07-13 11:46:00,212,212,228,228,0
2022-07-13 11:47:00,212,212,228,228,0
2022-07-13 11:48:00,212,212,228,228,0
2022-07-13 11:49:00,212,212,228,228,0
2022-07-13 11:50:00,212,212,228,228,0
2022-07-13 11:51:00,212,212,228,228,0
2022-07-13 11:52:00,212,212,228,228,0
2022-07-13 11:53:00,212,212,228,228,0
2022-07-13 11:54:00,212,212,228,228,0
2022-07-13 11:55:00,212,212,228,228,0
2022-07-13 11:56:00,212,212,228,228,0
2022-07-13 11:57:00,212,212,228,228,0
2022-07-13 11:58:00,212,212,228,228,0
2022-07-13 11:59:00,212,212,228,228,0
2022-07-13 12:00:00,212,212,228,228,0
2022-07-13 12:01:00,212,212,228,228,0
2022-07-13 12:02:00,212,212,228,228,0
2022-07-13 12:03:00,212,212,228,228,0
2022-07-13 12:04:00,212,212,228,228,0
2022-07-13 12:05:00,212,212,228,228,0
2022-07-13 12:06:00,212,212,228,228,0
2022-07-13 12:07:00,212,212,228,228,0
2022-07-13 12:08:00,212,212,228,228,0
2022-07-13 12:09:00,212,212,228,228,0
2022-07-13 12:10:00,212,212,228,228,0
2022-07-13 12:11:00,212,212,228,228,0
2022-07-13 12:12:00,212,212,228,228,0
2022-07-13 12:13:00,212,212,228,228,0
2022-07-13 12:14:00,212,212,228,228,0
2022-07-13 12:15:00,212,212,228,228,0
2022-07-13 12:16:00,212,212,228,228,0
2022-07-13 12:17:00,212,212,228,228,0
2022-07-13 12:18:00,212,212,228,228,0
2022-07-13 12:19:00,212,212,228,228,0
2022-07-13 12:20:00,212,212,228,228,0
2022-07-13 12:21:00,212,212,228,228,0
2022-07-13 12:22:00,212,212,228,228,0
2022-07-13 12:23:00,212,212,228,228,0
2022-07-13 12:24:00,212,212,228,228,0
2022-07-13 12:25:00,212,212,228,228,0
2022-07-13 12:26:00,212,212,228,228,0
2022-07-13 12:27:00,212,212,228,228,0
2022-07-13 12:28:00,212,212,228,228,0
2022-07-13 12:29:00,212,212,228,228,0
2022-07-13 12:30:00,212,212,228,228,0
2022-07-13 12:31:00,212,212,228,228,0
2022-07-13 12:32:00,212,212,228,228,0
2022-07-13 12:33:00,212,212,228,228,0
2022-07-13 12:34:00,212,212,228,228,0
2022-07-13 12:35:00,212,212,228,228,0
2022-07-13 12:36:00,212,212,228,228,0
2022-07-13 12:37:00,212,212,228,228,0
2022-07-13 12:38:00,212,212,228,228,0
2022-07-13 12:39:00,212,212,228,228,0
2022-07-13 12:40:00,212,212,228,228,0
2022-07-13 12:41:00,212,212,228,228,0
2022-07-13 12:42:00,212,212,228,228,0
2022-07-13 12:43:00,212,212,228,228,0
2022-07-13 12:44:00,212,212,228,228,0
2022-07-13 12:45:00,212,212,228,228,0
2022-07-13 12:46:00,212,212,228,228,0
2022-07-13 12:47:00,212,212,228,228,0
2022-07-13 12:48:00,212,212,228,228,0
2022-07-13 12:49:00,212,212,228,228,0
2022-07-13 12:50:00,212,212,228,228,0
2022-07-13 12:51:00,212,212,228,228,0
2022-07-13 12:52:00,212,212,228,228,0
2022-07-13 12:53:00,212,212,228,228,0
2022-07-13 12:54:00,212,212,228,228,0
2022-07-13 12:55:00,212,212,228,228,0
2022-07-13 12:56:00,212,212,228,228,0
2022-07-13 12:57:00,212,212,228,228,0
2022-07-13 12:58:00,212,212,228,228,0
2022-07-13 12:59:00,212,212,228,228,0
2022-07-13 13:00:00,212,212,228,228,0
2022-07-13 13:01:00,212,212,228,228,0
2022-07-13 13:02:00,212,212,228,228,0
2022-07-13 13:03:00,212,212,228,228,0
2022-07-13 13:04:00,212,212,228,228,0
2022-07-13 13:05:00,212,212,228,228,0
2022-07-13 13:06:00,212,212,228,228,0
2022-07-13 13:07:00,212,212,228,228,0
2022-07-13 13:08:00,212,212,228,228,0
2022-07-13 13:09:00,212,212,228,228,0
2022-07-13 13:10:00,212,212,228,228,0
2022-07-13 13:11:00,212,212,228,228,0
2022-07-13 13:12:00,212,212,228,228,0
2022-07-13 13:13:00,212,212,228,228,0
2022-07-13 13:14:00,212,212,228,228,0
2022-07-13 13:15:00,212,212,228,228,0
2022-07-13 13:16:00,212,212,228,228,0
2022-07-13 13:17:00,212,212,228,228,0
2022-07-13 13:18:00,212,212,228,228,0
2022-07-13 13:19:00,212,212,228,228,0
2022-07-13 13:20:00,212,212,228,228,0
2022-07-13 13:21:00,212,212,228,228,0
2022-07-13 13:22:00,212,212,228,228,0
2022-07-13 13:23:00,212,212,228,228,0
2022-07-13 13:24:00,212,212,228,228,0
2022-07-13 13:25:00,212,212,228,228,0
2022-07-13 13:26:00,212,212,228,228,0
2022-07-13 13:27:00,212,212,228,228,0
2022-07-13 13:28:00,212,212,228,228,0
2022-07-13 13:29:00,212,212,228,228,0
2022-07-13 13:30:00,226,226,226,226,300
2022-07-13 13:31:00,226,226,226,226,0
2022-07-13 13:32:00,226,226,226,226,0
2022-07-13 13:33:00,226,226,226,226,0
2022-07-13 13:34:00,226,226,226,226,0
2022-07-13 13:35:00,226,226,226,226,0
2022-07-13 13:36:00,226,226,226,226,0
2022-07-13 13:37:00,226,226,226,226,0
2022-07-13 13:38:00,226,226,226,226,0
2022-07-13 13:39:00,226,226,226,226,0
2022-07-13 13:40:00,224,224,224,224,22400
2022-07-13 13:41:00,224,224,224,224,3300
2022-07-13 13:42:00,224,224,224,224,2200
2022-07-13 13:43:00,224,224,224,224,2400
2022-07-13 13:44:00,226,226,226,226,14000
2022-07-13 13:45:00,228,228,228,228,1900
2022-07-13 13:46:00,228,228,228,228,0
2022-07-13 13:47:00,228,228,228,228,0
2022-07-13 13:48:00,228,228,228,228,0
2022-07-13 13:49:00,228,228,228,228,0
2022-07-13 13:50:00,228,228,228,228,0
2022-07-13 13:51:00,228,228,228,228,0
2022-07-13 13:52:00,228,228,228,228,0
2022-07-13 13:53:00,228,228,228,228,0
2022-07-13 13:54:00,228,228,228,228,0
2022-07-13 13:55:00,228,228,228,228,0
2022-07-13 13:56:00,228,228,228,228,0
2022-07-13 13:57:00,228,228,228,228,0
2022-07-13 13:58:00,228,228,228,228,0
2022-07-13 13:59:00,228,228,228,228,0
2022-07-13 14:00:00,228,228,228,228,0
2022-07-13 14:01:00,228,228,228,228,0
2022-07-13 14:02:00,228,228,228,228,0
2022-07-13 14:03:00,228,228,228,228,0
2022-07-13 14:04:00,228,228,228,228,0
2022-07-13 14:05:00,228,228,228,228,0
2022-07-13 14:06:00,228,228,228,228,0
2022-07-13 14:07:00,228,228,228,228,0
2022-07-13 14:08:00,226,208,226,208,400
2022-07-13 14:09:00,226,208,226,208,0
2022-07-13 14:10:00,226,208,226,208,0
2022-07-13 14:11:00,226,208,226,208,0
2022-07-13 14:12:00,226,208,226,208,0
2022-07-13 14:13:00,226,208,226,208,0
2022-07-13 14:14:00,226,208,226,208,0
2022-07-13 14:15:00,226,208,226,208,0
2022-07-13 14:16:00,226,208,226,208,0
2022-07-13 14:17:00,226,208,226,208,0
2022-07-13 14:18:00,210,210,210,210,100
2022-07-13 14:19:00,210,210,210,210,0
2022-07-13 14:20:00,210,210,210,210,0
2022-07-13 14:21:00,210,210,210,210,0
2022-07-13 14:22:00,210,210,210,210,0
2022-07-13 14:23:00,210,210,210,210,0
2022-07-13 14:24:00,210,210,210,210,0
2022-07-13 14:25:00,210,210,210,210,0
2022-07-13 14:26:00,210,210,210,210,0
2022-07-13 14:27:00,210,210,210,210,0
2022-07-13 14:28:00,210,210,210,210,0
2022-07-13 14:29:00,210,210,210,210,0
2022-07-13 14:30:00,210,210,210,210,0
2022-07-13 14:31:00,210,210,210,210,0
2022-07-13 14:32:00,210,210,210,210,0
2022-07-13 14:33:00,210,210,210,210,0
2022-07-13 14:34:00,224,224,224,224,48200
2022-07-13 14:35:00,224,224,224,224,0
2022-07-13 14:36:00,224,224,224,224,0
2022-07-13 14:37:00,224,224,224,224,0
2022-07-13 14:38:00,224,224,224,224,0
2022-07-13 14:39:00,224,224,224,224,0
2022-07-13 14:40:00,224,224,224,224,0
2022-07-13 14:41:00,224,224,224,224,0
2022-07-13 14:42:00,224,224,224,224,0
2022-07-13 14:43:00,224,224,224,224,0
2022-07-13 14:44:00,224,224,224,224,0
2022-07-13 14:45:00,224,224,224,224,0
2022-07-13 14:46:00,224,224,224,224,0
2022-07-13 14:47:00,224,224,224,224,0
2022-07-13 14:48:00,224,224,224,224,0
2022-07-13 14:49:00,224,224,224,224,0
2022-07-13 14:50:00,224,224,224,224,0
2022-07-13 14:51:00,224,224,224,224,0
2022-07-13 14:52:00,224,224,224,224,0
2022-07-13 14:53:00,224,224,224,224,0
2022-07-13 14:54:00,224,224,224,224,0
2022-07-13 14:55:00,224,224,224,224,0
2022-07-13 14:56:00,224,224,224,224,0
2022-07-13 14:57:00,224,224,224,224,0
2022-07-13 14:58:00,224,224,224,224,0
2022-07-13 14:59:00,224,224,224,224,0
2022-07-13 15:00:00,224,224,224,224,0
2022-07-13 15:01:00,224,224,224,224,0
2022-07-13 15:02:00,224,224,224,224,0
2022-07-13 15:03:00,224,224,224,224,0
2022-07-13 15:04:00,224,224,224,224,0
2022-07-13 15:05:00,224,224,224,224,0
2022-07-13 15:06:00,224,224,224,224,0
2022-07-13 15:07:00,224,224,224,224,0
2022-07-13 15:08:00,224,224,224,224,0
2022-07-13 15:09:00,224,224,224,224,0
2022-07-13 15:10:00,224,224,224,224,0
2022-07-13 15:11:00,224,224,224,224,0
2022-07-13 15:12:00,224,224,224,224,0
2022-07-13 15:13:00,224,224,224,224,0
2022-07-13 15:14:00,224,224,224,224,0
2022-07-13 15:15:00,224,224,224,224,0
2022-07-13 15:16:00,224,224,224,224,0
2022-07-13 15:17:00,224,224,224,224,0
2022-07-13 15:18:00,224,224,224,224,0
2022-07-13 15:19:00,224,224,224,224,0
2022-07-13 15:20:00,224,224,224,224,0
2022-07-13 15:21:00,224,224,224,224,0
2022-07-13 15:22:00,224,224,224,224,0
2022-07-13 15:23:00,224,224,224,224,0
2022-07-13 15:24:00,224,224,224,224,0
2022-07-13 15:25:00,224,224,224,224,0
2022-07-13 15:26:00,224,224,224,224,0
2022-07-13 15:27:00,224,224,224,224,0
2022-07-13 15:28:00,224,224,224,224,0
2022-07-13 15:29:00,224,224,224,224,0
2022-07-13 15:30:00,224,224,224,224,0
2022-07-13 15:31:00,224,224,224,224,0
2022-07-13 15:32:00,224,224,224,224,0
2022-07-13 15:33:00,224,224,224,224,0
2022-07-13 15:34:00,224,224,224,224,0
2022-07-13 15:35:00,224,224,224,224,0
2022-07-13 15:36:00,224,224,224,224,0
2022-07-13 15:37:00,224,224,224,224,0
2022-07-13 15:38:00,224,224,224,224,0
2022-07-13 15:39:00,224,224,224,224,0
2022-07-13 15:40:00,224,224,224,224,0
2022-07-13 15:41:00,224,224,224,224,0
2022-07-13 15:42:00,224,224,224,224,0
2022-07-13 15:43:00,224,224,224,224,0
2022-07-13 15:44:00,224,224,224,224,0
2022-07-13 15:45:00,224,224,224,224,0
2022-07-13 15:46:00,224,224,224,224,0
2022-07-13 15:47:00,224,224,224,224,0
2022-07-13 15:48:00,224,224,224,224,0
2022-07-13 15:49:00,224,224,224,224,0
2022-07-13 15:50:00,224,224,224,224,0
2022-07-13 15:51:00,224,224,224,224,0
2022-07-13 15:52:00,224,224,224,224,0
2022-07-13 15:53:00,224,224,224,224,0
2022-07-13 15:54:00,224,224,224,224,0
2022-07-13 15:55:00,224,224,224,224,0
2022-07-13 15:56:00,224,224,224,224,0
2022-07-13 15:57:00,224,224,224,224,0
2022-07-13 15:58:00,224,224,224,224,0
2022-07-13 15:59:00,224,224,224,224,0
2022-07-14 09:00:00,224,224,224,224,0
2022-07-14 09:01:00,224,224,224,224,0
2022-07-14 09:02:00,224,224,224,224,0
2022-07-14 09:03:00,224,224,224,224,0
2022-07-14 09:04:00,224,224,224,224,0
2022-07-14 09:05:00,224,224,224,224,0
2022-07-14 09:06:00,224,224,224,224,0
2022-07-14 09:07:00,224,224,224,224,0
2022-07-14 09:08:00,224,224,224,224,0
2022-07-14 09:09:00,224,224,224,224,0
2022-07-14 09:10:00,224,224,224,224,0
2022-07-14 09:11:00,224,224,224,224,0
2022-07-14 09:12:00,224,224,224,224,0
2022-07-14 09:13:00,224,224,232,232,0
2022-07-14 09:14:00,224,224,232,232,0
2022-07-14 09:15:00,224,224,232,232,0
2022-07-14 09:16:00,224,224,232,232,0
2022-07-14 09:17:00,224,224,232,232,0
2022-07-14 09:18:00,224,224,232,232,0
2022-07-14 09:19:00,224,224,232,232,0
2022-07-14 09:20:00,224,224,232,232,0
2022-07-14 09:21:00,224,224,232,232,0
2022-07-14 09:22:00,224,224,232,232,0
2022-07-14 09:23:00,224,224,232,232,0
2022-07-14 09:24:00,224,224,232,232,0
2022-07-14 09:25:00,224,224,232,232,0
2022-07-14 09:26:00,224,224,232,232,0
2022-07-14 09:27:00,224,224,232,232,0
2022-07-14 09:28:00,224,224,232,232,0
2022-07-14 09:29:00,224,224,232,232,0
2022-07-14 09:30:00,214,214,214,214,15000
2022-07-14 09:31:00,214,214,214,214,0
2022-07-14 09:32:00,214,214,214,214,0
2022-07-14 09:33:00,214,214,214,214,0
2022-07-14 09:34:00,214,214,214,214,0
2022-07-14 09:35:00,214,214,214,214,0
2022-07-14 09:36:00,214,214,214,214,0
2022-07-14 09:37:00,214,214,214,214,0
2022-07-14 09:38:00,214,214,214,214,0
2022-07-14 09:39:00,214,214,214,214,0
2022-07-14 09:40:00,214,214,214,214,0
2022-07-14 09:41:00,214,214,214,214,0
2022-07-14 09:42:00,214,214,214,214,0
2022-07-14 09:43:00,214,214,214,214,0
2022-07-14 09:44:00,214,214,214,214,0
2022-07-14 09:45:00,214,214,214,214,0
2022-07-14 09:46:00,214,214,214,214,0
2022-07-14 09:47:00,214,214,214,214,0
2022-07-14 09:48:00,214,214,214,214,0
2022-07-14 09:49:00,214,214,214,214,0
2022-07-14 09:50:00,214,214,214,214,0
2022-07-14 09:51:00,214,214,214,214,0
2022-07-14 09:52:00,216,216,216,216,400
2022-07-14 09:53:00,216,216,216,216,0
2022-07-14 09:54:00,216,216,216,216,0
2022-07-14 09:55:00,216,212,216,212,100
2022-07-14 09:56:00,216,212,216,212,0
2022-07-14 09:57:00,216,212,216,212,0
2022-07-14 09:58:00,216,212,216,212,0
2022-07-14 09:59:00,216,212,216,212,0
2022-07-14 10:00:00,216,212,216,212,0
2022-07-14 10:01:00,216,212,216,212,0
2022-07-14 10:02:00,216,212,216,212,0
2022-07-14 10:03:00,220,220,226,226,1100
2022-07-14 10:04:00,226,226,226,226,0
2022-07-14 10:05:00,226,226,226,226,0
2022-07-14 10:06:00,226,226,226,226,0
2022-07-14 10:07:00,226,226,226,226,0
2022-07-14 10:08:00,226,226,226,226,0
2022-07-14 10:09:00,226,226,226,226,0
2022-07-14 10:10:00,226,226,226,226,0
2022-07-14 10:11:00,226,226,226,226,0
2022-07-14 10:12:00,220,220,220,220,17200
2022-07-14 10:13:00,220,220,220,220,0
2022-07-14 10:14:00,220,220,220,220,0
2022-07-14 10:15:00,220,220,220,220,0
2022-07-14 10:16:00,220,220,220,220,0
2022-07-14 10:17:00,220,220,220,220,0
2022-07-14 10:18:00,220,220,220,220,0
2022-07-14 10:19:00,220,220,220,220,0
2022-07-14 10:20:00,220,220,220,220,0
2022-07-14 10:21:00,220,220,220,220,0
2022-07-14 10:22:00,220,220,220,220,0
2022-07-14 10:23:00,220,220,220,220,0
2022-07-14 10:24:00,220,220,220,220,0
2022-07-14 10:25:00,220,220,220,220,0
2022-07-14 10:26:00,220,220,220,220,0
2022-07-14 10:27:00,220,220,220,220,0
2022-07-14 10:28:00,220,220,220,220,0
2022-07-14 10:29:00,220,220,220,220,0
2022-07-14 10:30:00,220,220,220,220,0
2022-07-14 10:31:00,220,220,220,220,0
2022-07-14 10:32:00,220,220,220,220,0
2022-07-14 10:33:00,220,220,220,220,0
2022-07-14 10:34:00,220,220,220,220,0
2022-07-14 10:35:00,220,220,220,220,0
2022-07-14 10:36:00,220,220,220,220,0
2022-07-14 10:37:00,220,220,220,220,0
2022-07-14 10:38:00,220,220,220,220,0
2022-07-14 10:39:00,220,220,220,220,0
2022-07-14 10:40:00,220,220,220,220,0
2022-07-14 10:41:00,220,220,220,220,0
2022-07-14 10:42:00,220,220,220,220,0
2022-07-14 10:43:00,220,220,220,220,0
2022-07-14 10:44:00,220,220,220,220,0
2022-07-14 10:45:00,220,220,220,220,0
2022-07-14 10:46:00,220,220,220,220,0
2022-07-14 10:47:00,220,220,220,220,0
2022-07-14 10:48:00,220,220,220,220,0
2022-07-14 10:49:00,220,220,220,220,0
2022-07-14 10:50:00,220,220,220,220,0
2022-07-14 10:51:00,220,220,220,220,0
2022-07-14 10:52:00,220,220,220,220,0
2022-07-14 10:53:00,220,220,220,220,0
2022-07-14 10:54:00,220,220,220,220,0
2022-07-14 10:55:00,220,220,220,220,0
2022-07-14 10:56:00,220,220,220,220,0
2022-07-14 10:57:00,220,220,220,220,0
2022-07-14 10:58:00,220,220,220,220,0
2022-07-14 10:59:00,220,220,220,220,0
2022-07-14 11:00:00,220,220,220,220,0
2022-07-14 11:01:00,220,220,220,220,0
2022-07-14 11:02:00,220,220,220,220,0
2022-07-14 11:03:00,220,220,220,220,0
2022-07-14 11:04:00,220,220,220,220,0
2022-07-14 11:05:00,220,220,220,220,0
2022-07-14 11:06:00,220,220,220,220,0
2022-07-14 11:07:00,220,220,220,220,0
2022-07-14 11:08:00,220,220,220,220,0
2022-07-14 11:09:00,220,220,220,220,0
2022-07-14 11:10:00,220,220,220,220,0
2022-07-14 11:11:00,220,220,220,220,0
2022-07-14 11:12:00,220,220,220,220,0
2022-07-14 11:13:00,220,220,220,220,0
2022-07-14 11:14:00,220,220,220,220,0
2022-07-14 11:15:00,220,220,220,220,0
2022-07-14 11:16:00,220,220,220,220,0
2022-07-14 11:17:00,220,220,220,220,0
2022-07-14 11:18:00,220,220,220,220,0
2022-07-14 11:19:00,220,220,220,220,0
2022-07-14 11:20:00,220,220,220,220,0
2022-07-14 11:21:00,220,220,220,220,0
2022-07-14 11:22:00,220,220,220,220,0
2022-07-14 11:23:00,220,220,220,220,0
2022-07-14 11:24:00,220,220,220,220,0
2022-07-14 11:25:00,220,220,220,220,0
2022-07-14 11:26:00,220,220,220,220,0
2022-07-14 11:27:00,220,220,220,220,0
2022-07-14 11:28:00,220,220,220,220,0
2022-07-14 11:29:00,220,220,220,220,0
2022-07-14 11:30:00,220,220,220,220,0
2022-07-14 11:31:00,220,220,220,220,0
2022-07-14 11:32:00,220,220,220,220,0
2022-07-14 11:33:00,220,220,220,220,0
2022-07-14 11:34:00,220,220,220,220,0
2022-07-14 11:35:00,220,220,220,220,0
2022-07-14 11:36:00,220,220,220,220,0
2022-07-14 11:37:00,220,220,220,220,0
2022-07-14 11:38:00,220,220,220,220,0
2022-07-14 11:39:00,220,220,220,220,0
2022-07-14 11:40:00,220,220,220,220,0
2022-07-14 11:41:00,220,220,220,220,0
2022-07-14 11:42:00,220,220,220,220,0
2022-07-14 11:43:00,220,220,220,220,0
2022-07-14 11:44:00,220,220,220,220,0
2022-07-14 11:45:00,220,220,220,220,0
2022-07-14 11:46:00,220,220,220,220,0
2022-07-14 11:47:00,220,220,220,220,0
2022-07-14 11:48:00,220,220,220,220,0
2022-07-14 11:49:00,220,220,220,220,0
2022-07-14 11:50:00,220,220,220,220,0
2022-07-14 11:51:00,220,220,220,220,0
2022-07-14 11:52:00,220,220,220,220,0
2022-07-14 11:53:00,220,220,220,220,0
2022-07-14 11:54:00,220,220,220,220,0
2022-07-14 11:55:00,220,220,220,220,0
2022-07-14 11:56:00,220,220,220,220,0
2022-07-14 11:57:00,220,220,220,220,0
2022-07-14 11:58:00,220,220,220,220,0
2022-07-14 11:59:00,220,220,220,220,0
2022-07-14 12:00:00,220,220,220,220,0
2022-07-14 12:01:00,220,220,220,220,0
2022-07-14 12:02:00,220,220,220,220,0
2022-07-14 12:03:00,220,220,220,220,0
2022-07-14 12:04:00,220,220,220,220,0
2022-07-14 12:05:00,220,220,220,220,0
2022-07-14 12:06:00,220,220,220,220,0
2022-07-14 12:07:00,220,220,220,220,0
2022-07-14 12:08:00,220,220,220,220,0
2022-07-14 12:09:00,220,220,220,220,0
2022-07-14 12:10:00,220,220,220,220,0
2022-07-14 12:11:00,220,220,220,220,0
2022-07-14 12:12:00,220,220,220,220,0
2022-07-14 12:13:00,220,220,220,220,0
2022-07-14 12:14:00,220,220,220,220,0
2022-07-14 12:15:00,220,220,220,220,0
2022-07-14 12:16:00,220,220,220,220,0
2022-07-14 12:17:00,220,220,220,220,0
2022-07-14 12:18:00,220,220,220,220,0
2022-07-14 12:19:00,220,220,220,220,0
2022-07-14 12:20:00,220,220,220,220,0
2022-07-14 12:21:00,220,220,220,220,0
2022-07-14 12:22:00,220,220,220,220,0
2022-07-14 12:23:00,220,220,220,220,0
2022-07-14 12:24:00,220,220,220,220,0
2022-07-14 12:25:00,220,220,220,220,0
2022-07-14 12:26:00,220,220,220,220,0
2022-07-14 12:27:00,220,220,220,220,0
2022-07-14 12:28:00,220,220,220,220,0
2022-07-14 12:29:00,220,220,220,220,0
2022-07-14 12:30:00,220,220,220,220,0
2022-07-14 12:31:00,220,220,220,220,0
2022-07-14 12:32:00,220,220,220,220,0
2022-07-14 12:33:00,220,220,220,220,0
2022-07-14 12:34:00,220,220,220,220,0
2022-07-14 12:35:00,220,220,220,220,0
2022-07-14 12:36:00,220,220,220,220,0
2022-07-14 12:37:00,220,220,220,220,0
2022-07-14 12:38:00,220,220,220,220,0
2022-07-14 12:39:00,220,220,220,220,0
2022-07-14 12:40:00,220,220,220,220,0
2022-07-14 12:41:00,220,220,220,220,0
2022-07-14 12:42:00,220,220,220,220,0
2022-07-14 12:43:00,220,220,220,220,0
2022-07-14 12:44:00,220,220,220,220,0
2022-07-14 12:45:00,220,220,220,220,0
2022-07-14 12:46:00,220,220,220,220,0
2022-07-14 12:47:00,220,220,220,220,0
2022-07-14 12:48:00,220,220,220,220,0
2022-07-14 12:49:00,220,220,220,220,0
2022-07-14 12:50:00,220,220,220,220,0
2022-07-14 12:51:00,220,220,220,220,0
2022-07-14 12:52:00,220,220,220,220,0
2022-07-14 12:53:00,220,220,220,220,0
2022-07-14 12:54:00,220,220,220,220,0
2022-07-14 12:55:00,220,220,220,220,0
2022-07-14 12:56:00,220,220,220,220,0
2022-07-14 12:57:00,220,220,220,220,0
2022-07-14 12:58:00,220,220,220,220,0
2022-07-14 12:59:00,220,220,220,220,0
2022-07-14 13:00:00,220,220,220,220,0
2022-07-14 13:01:00,220,220,220,220,0
2022-07-14 13:02:00,220,220,220,220,0
2022-07-14 13:03:00,220,220,220,220,0
2022-07-14 13:04:00,220,220,220,220,0
2022-07-14 13:05:00,220,220,220,220,0
2022-07-14 13:06:00,220,220,220,220,0
2022-07-14 13:07:00,220,220,220,220,0
2022-07-14 13:08:00,220,220,220,220,0
2022-07-14 13:09:00,220,220,220,220,0
2022-07-14 13:10:00,220,220,220,220,0
2022-07-14 13:11:00,220,220,220,220,0
2022-07-14 13:12:00,220,220,220,220,0
2022-07-14 13:13:00,220,220,220,220,0
2022-07-14 13:14:00,220,220,220,220,0
2022-07-14 13:15:00,220,220,220,220,0
2022-07-14 13:16:00,220,220,220,220,0
2022-07-14 13:17:00,220,220,220,220,0
2022-07-14 13:18:00,220,220,220,220,0
2022-07-14 13:19:00,220,220,220,220,0
2022-07-14 13:20:00,220,220,220,220,0
2022-07-14 13:21:00,220,220,220,220,0
2022-07-14 13:22:00,220,220,220,220,0
2022-07-14 13:23:00,220,220,220,220,0
2022-07-14 13:24:00,220,220,220,220,0
2022-07-14 13:25:00,220,220,220,220,0
2022-07-14 13:26:00,220,220,220,220,0
2022-07-14 13:27:00,220,220,220,220,0
2022-07-14 13:28:00,220,220,220,220,0
2022-07-14 13:29:00,220,220,220,220,0
2022-07-14 13:30:00,220,220,220,220,0
2022-07-14 13:31:00,220,220,220,220,0
2022-07-14 13:32:00,220,220,220,220,0
2022-07-14 13:33:00,220,220,220,220,0
2022-07-14 13:34:00,220,220,220,220,0
2022-07-14 13:35:00,220,220,220,220,0
2022-07-14 13:36:00,220,220,220,220,0
2022-07-14 13:37:00,220,220,220,220,0
2022-07-14 13:38:00,220,220,220,220,0
2022-07-14 13:39:00,220,220,220,220,0
2022-07-14 13:40:00,220,220,220,220,0
2022-07-14 13:41:00,220,220,220,220,0
2022-07-14 13:42:00,220,220,220,220,0
2022-07-14 13:43:00,220,220,220,220,0
2022-07-14 13:44:00,220,220,220,220,0
2022-07-14 13:45:00,220,220,220,220,0
2022-07-14 13:46:00,220,220,220,220,0
2022-07-14 13:47:00,220,220,220,220,0
2022-07-14 13:48:00,220,220,220,220,0
2022-07-14 13:49:00,220,220,220,220,0
2022-07-14 13:50:00,220,220,220,220,0
2022-07-14 13:51:00,220,220,220,220,0
2022-07-14 13:52:00,220,220,220,220,0
2022-07-14 13:53:00,220,220,220,220,0
2022-07-14 13:54:00,220,220,220,220,0
2022-07-14 13:55:00,220,220,220,220,0
2022-07-14 13:56:00,220,220,220,220,0
2022-07-14 13:57:00,220,220,220,220,0
2022-07-14 13:58:00,220,220,220,220,0
2022-07-14 13:59:00,220,220,220,220,0
2022-07-14 14:00:00,220,220,220,220,0
2022-07-14 14:01:00,220,220,220,220,0
2022-07-14 14:02:00,220,220,220,220,0
2022-07-14 14:03:00,220,220,220,220,0
2022-07-14 14:04:00,220,220,220,220,0
2022-07-14 14:05:00,220,220,220,220,0
2022-07-14 14:06:00,220,220,220,220,0
2022-07-14 14:07:00,220,220,220,220,0
2022-07-14 14:08:00,220,220,220,220,0
2022-07-14 14:09:00,220,220,220,220,0
2022-07-14 14:10:00,220,220,220,220,0
2022-07-14 14:11:00,220,220,220,220,0
2022-07-14 14:12:00,220,220,220,220,0
2022-07-14 14:13:00,220,220,220,220,0
2022-07-14 14:14:00,220,220,220,220,0
2022-07-14 14:15:00,220,220,220,220,0
2022-07-14 14:16:00,220,220,220,220,0
2022-07-14 14:17:00,220,220,220,220,0
2022-07-14 14:18:00,220,220,220,220,0
2022-07-14 14:19:00,220,220,220,220,0
2022-07-14 14:20:00,220,220,220,220,0
2022-07-14 14:21:00,220,220,220,220,0
2022-07-14 14:22:00,220,220,220,220,0
2022-07-14 14:23:00,220,220,220,220,0
2022-07-14 14:24:00,220,220,220,220,0
2022-07-14 14:25:00,220,220,220,220,0
2022-07-14 14:26:00,220,220,220,220,0
2022-07-14 14:27:00,220,220,220,220,0
2022-07-14 14:28:00,220,220,220,220,0
2022-07-14 14:29:00,220,220,220,220,0
2022-07-14 14:30:00,220,220,220,220,0
2022-07-14 14:31:00,220,220,220,220,0
2022-07-14 14:32:00,220,220,220,220,0
2022-07-14 14:33:00,220,220,220,220,0
2022-07-14 14:34:00,220,220,220,220,0
2022-07-14 14:35:00,220,220,220,220,0
2022-07-14 14:36:00,220,220,220,220,0
2022-07-14 14:37:00,220,220,220,220,0
2022-07-14 14:38:00,220,220,220,220,0
2022-07-14 14:39:00,220,220,220,220,0
2022-07-14 14:40:00,220,220,220,220,0
2022-07-14 14:41:00,220,220,220,220,0
2022-07-14 14:42:00,220,220,220,220,0
2022-07-14 14:43:00,220,220,220,220,0
2022-07-14 14:44:00,220,220,220,220,0
2022-07-14 14:45:00,220,220,220,220,0
2022-07-14 14:46:00,220,220,220,220,0
2022-07-14 14:47:00,220,220,220,220,0
2022-07-14 14:48:00,220,220,220,220,0
2022-07-14 14:49:00,220,220,220,220,0
2022-07-14 14:50:00,220,220,220,220,0
2022-07-14 14:51:00,220,220,220,220,0
2022-07-14 14:52:00,220,220,220,220,0
2022-07-14 14:53:00,220,220,220,220,0
2022-07-14 14:54:00,220,220,220,220,0
2022-07-14 14:55:00,220,220,220,220,0
2022-07-14 14:56:00,220,220,220,220,0
2022-07-14 14:57:00,220,220,220,220,0
2022-07-14 14:58:00,220,220,220,220,0
2022-07-14 14:59:00,220,220,220,220,0
2022-07-14 15:00:00,220,220,220,220,0
2022-07-14 15:01:00,220,220,220,220,0
2022-07-14 15:02:00,220,220,220,220,0
2022-07-14 15:03:00,220,220,220,220,0
2022-07-14 15:04:00,220,220,220,220,0
2022-07-14 15:05:00,220,220,220,220,0
2022-07-14 15:06:00,220,220,220,220,0
2022-07-14 15:07:00,220,220,220,220,0
2022-07-14 15:08:00,220,220,220,220,0
2022-07-14 15:09:00,220,220,220,220,0
2022-07-14 15:10:00,220,220,220,220,0
2022-07-14 15:11:00,220,220,220,220,0
2022-07-14 15:12:00,220,220,220,220,0
2022-07-14 15:13:00,220,220,220,220,0
2022-07-14 15:14:00,220,220,220,220,0
2022-07-14 15:15:00,220,220,220,220,0
2022-07-14 15:16:00,220,220,220,220,0
2022-07-14 15:17:00,220,220,220,220,0
2022-07-14 15:18:00,220,220,220,220,0
2022-07-14 15:19:00,220,220,220,220,0
2022-07-14 15:20:00,220,220,220,220,0
2022-07-14 15:21:00,220,220,220,220,0
2022-07-14 15:22:00,220,220,220,220,0
2022-07-14 15:23:00,220,220,220,220,0
2022-07-14 15:24:00,220,220,220,220,0
2022-07-14 15:25:00,220,220,220,220,0
2022-07-14 15:26:00,220,220,220,220,0
2022-07-14 15:27:00,220,220,220,220,0
2022-07-14 15:28:00,220,220,220,220,0
2022-07-14 15:29:00,220,220,220,220,0
2022-07-14 15:30:00,220,220,220,220,0
2022-07-14 15:31:00,220,220,220,220,0
2022-07-14 15:32:00,220,220,220,220,0
2022-07-14 15:33:00,220,220,220,220,0
2022-07-14 15:34:00,220,220,220,220,0
2022-07-14 15:35:00,220,220,220,220,0
2022-07-14 15:36:00,220,220,220,220,0
2022-07-14 15:37:00,220,220,220,220,0
2022-07-14 15:38:00,220,220,220,220,0
2022-07-14 15:39:00,220,220,220,220,0
2022-07-14 15:40:00,220,220,220,220,0
2022-07-14 15:41:00,220,220,220,220,0
2022-07-14 15:42:00,220,220,220,220,0
2022-07-14 15:43:00,220,220,220,220,0
2022-07-14 15:44:00,220,220,220,220,0
2022-07-14 15:45:00,220,220,220,220,0
2022-07-14 15:46:00,220,220,220,220,0
2022-07-14 15:47:00,220,220,220,220,0
2022-07-14 15:48:00,220,220,220,220,0
2022-07-14 15:49:00,220,220,220,220,0
2022-07-14 15:50:00,220,220,220,220,0
2022-07-14 15:51:00,220,220,220,220,0
2022-07-14 15:52:00,220,220,220,220,0
2022-07-14 15:53:00,220,220,220,220,0
2022-07-14 15:54:00,220,220,220,220,0
2022-07-14 15:55:00,220,220,220,220,0
2022-07-14 15:56:00,220,220,220,220,0
2022-07-14 15:57:00,220,220,220,220,0
2022-07-14 15:58:00,220,220,220,220,0
2022-07-14 15:59:00,220,220,220,220,0
2022-07-15 09:00:00,220,220,220,220,0
2022-07-15 09:01:00,220,220,220,220,0
2022-07-15 09:02:00,220,220,220,220,0
2022-07-15 09:03:00,220,220,220,220,0
2022-07-15 09:04:00,220,220,220,220,0
2022-07-15 09:05:00,220,220,220,220,0
2022-07-15 09:06:00,220,220,220,220,0
2022-07-15 09:07:00,220,220,220,220,0
2022-07-15 09:08:00,220,220,220,220,0
2022-07-15 09:09:00,220,220,220,220,0
2022-07-15 09:10:00,220,220,220,220,0
2022-07-15 09:11:00,220,220,220,220,0
2022-07-15 09:12:00,220,220,220,220,0
2022-07-15 09:13:00,220,220,220,220,0
2022-07-15 09:14:00,220,220,220,220,0
2022-07-15 09:15:00,220,220,220,220,0
2022-07-15 09:16:00,220,220,220,220,0
2022-07-15 09:17:00,220,220,220,220,0
2022-07-15 09:18:00,220,220,220,220,0
2022-07-15 09:19:00,220,220,220,220,0
2022-07-15 09:20:00,220,220,220,220,0
2022-07-15 09:21:00,220,220,220,220,0
2022-07-15 09:22:00,220,220,220,220,0
2022-07-15 09:23:00,220,220,220,220,0
2022-07-15 09:24:00,220,220,220,220,0
2022-07-15 09:25:00,220,220,220,220,0
2022-07-15 09:26:00,220,220,220,220,0
2022-07-15 09:27:00,220,220,220,220,0
2022-07-15 09:28:00,220,220,220,220,0
2022-07-15 09:29:00,220,220,220,220,0
2022-07-15 09:30:00,220,220,220,220,0
2022-07-15 09:31:00,220,220,220,220,0
2022-07-15 09:32:00,220,220,220,220,0
2022-07-15 09:33:00,220,220,220,220,0
2022-07-15 09:34:00,220,220,220,220,0
2022-07-15 09:35:00,220,220,220,220,0
2022-07-15 09:36:00,220,220,220,220,0
2022-07-15 09:37:00,210,210,210,210,0
2022-07-15 09:38:00,210,210,210,210,0
2022-07-15 09:39:00,210,210,210,210,0
2022-07-15 09:40:00,210,210,210,210,0
2022-07-15 09:41:00,210,210,210,210,0
2022-07-15 09:42:00,210,210,210,210,0
2022-07-15 09:43:00,210,210,210,210,0
2022-07-15 09:44:00,210,210,210,210,0
2022-07-15 09:45:00,210,210,210,210,0
2022-07-15 09:46:00,210,210,210,210,0
2022-07-15 09:47:00,210,210,210,210,0
2022-07-15 09:48:00,210,210,210,210,0
2022-07-15 09:49:00,210,210,210,210,0
2022-07-15 09:50:00,210,210,210,210,0
2022-07-15 09:51:00,210,210,210,210,0
2022-07-15 09:52:00,210,210,210,210,0
2022-07-15 09:53:00,210,210,210,210,0
2022-07-15 09:54:00,210,210,210,210,0
2022-07-15 09:55:00,210,210,210,210,0
2022-07-15 09:56:00,210,210,210,210,0
2022-07-15 09:57:00,210,210,210,210,0
2022-07-15 09:58:00,210,208,218,218,20100
2022-07-15 09:59:00,210,208,218,218,0
2022-07-15 10:00:00,210,208,218,218,0
2022-07-15 10:01:00,210,208,218,218,0
2022-07-15 10:02:00,210,208,218,218,0
2022-07-15 10:03:00,210,208,218,218,0
2022-07-15 10:04:00,210,208,218,218,0
2022-07-15 10:05:00,210,208,218,218,0
2022-07-15 10:06:00,210,208,218,218,0
2022-07-15 10:07:00,210,208,218,218,0
2022-07-15 10:08:00,210,208,218,218,0
2022-07-15 10:09:00,210,208,218,218,0
2022-07-15 10:10:00,210,208,218,218,0
2022-07-15 10:11:00,210,208,218,218,0
2022-07-15 10:12:00,210,208,218,218,0
2022-07-15 10:13:00,210,208,218,218,0
2022-07-15 10:14:00,210,208,218,218,0
2022-07-15 10:15:00,210,208,218,218,0
2022-07-15 10:16:00,210,208,218,218,0
2022-07-15 10:17:00,210,208,218,218,0
2022-07-15 10:18:00,210,208,218,218,0
2022-07-15 10:19:00,210,208,218,218,0
2022-07-15 10:20:00,210,208,218,218,0
2022-07-15 10:21:00,210,208,218,218,0
2022-07-15 10:22:00,210,208,218,218,0
2022-07-15 10:23:00,210,208,218,218,0
2022-07-15 10:24:00,210,208,218,218,0
2022-07-15 10:25:00,210,208,218,218,0
2022-07-15 10:26:00,210,208,218,218,0
2022-07-15 10:27:00,210,208,218,218,0
2022-07-15 10:28:00,210,208,218,218,0
2022-07-15 10:29:00,210,208,218,218,0
2022-07-15 10:30:00,210,208,218,218,0
2022-07-15 10:31:00,210,208,218,218,0
2022-07-15 10:32:00,210,208,218,218,0
2022-07-15 10:33:00,210,208,218,218,0
2022-07-15 10:34:00,210,208,218,218,0
2022-07-15 10:35:00,210,208,218,218,0
2022-07-15 10:36:00,210,208,218,218,0
2022-07-15 10:37:00,210,208,218,218,0
2022-07-15 10:38:00,210,208,218,218,0
2022-07-15 10:39:00,210,208,218,218,0
2022-07-15 10:40:00,210,208,218,218,0
2022-07-15 10:41:00,210,208,218,218,0
2022-07-15 10:42:00,210,208,218,218,0
2022-07-15 10:43:00,210,208,218,218,0
2022-07-15 10:44:00,210,208,218,218,0
2022-07-15 10:45:00,210,208,218,218,0
2022-07-15 10:46:00,210,208,218,218,0
2022-07-15 10:47:00,210,208,218,218,0
2022-07-15 10:48:00,210,208,218,218,0
2022-07-15 10:49:00,210,208,218,218,0
2022-07-15 10:50:00,210,208,218,218,0
2022-07-15 10:51:00,210,208,218,218,0
2022-07-15 10:52:00,210,208,218,218,0
2022-07-15 10:53:00,210,208,218,218,0
2022-07-15 10:54:00,210,208,218,218,0
2022-07-15 10:55:00,210,208,218,218,0
2022-07-15 10:56:00,210,208,218,218,0
2022-07-15 10:57:00,210,208,218,218,0
2022-07-15 10:58:00,210,208,218,218,0
2022-07-15 10:59:00,210,208,218,218,0
2022-07-15 11:00:00,210,208,218,218,0
2022-07-15 11:01:00,210,208,218,218,0
2022-07-15 11:02:00,210,208,218,218,0
2022-07-15 11:03:00,210,208,218,218,0
2022-07-15 11:04:00,210,208,218,218,0
2022-07-15 11:05:00,210,208,218,218,0
2022-07-15 11:06:00,210,208,218,218,0
2022-07-15 11:07:00,210,208,218,218,0
2022-07-15 11:08:00,210,208,218,218,0
2022-07-15 11:09:00,210,208,218,218,0
2022-07-15 11:10:00,210,208,218,218,0
2022-07-15 11:11:00,210,208,218,218,0
2022-07-15 11:12:00,210,208,218,218,0
2022-07-15 11:13:00,210,208,218,218,0
2022-07-15 11:14:00,210,208,218,218,0
2022-07-15 11:15:00,210,208,218,218,0
2022-07-15 11:16:00,210,208,218,218,0
2022-07-15 11:17:00,210,208,218,218,0
2022-07-15 11:18:00,210,208,218,218,0
2022-07-15 11:19:00,210,208,218,218,0
2022-07-15 11:20:00,210,208,218,218,0
2022-07-15 11:21:00,210,208,218,218,0
2022-07-15 11:22:00,210,208,218,218,0
2022-07-15 11:23:00,210,208,218,218,0
2022-07-15 11:24:00,210,208,218,218,0
2022-07-15 11:25:00,210,208,218,218,0
2022-07-15 11:26:00,210,208,218,218,0
2022-07-15 11:27:00,210,208,218,218,0
2022-07-15 11:28:00,210,208,218,218,0
2022-07-15 11:29:00,210,208,218,218,0
2022-07-15 11:30:00,210,208,218,218,0
2022-07-15 11:31:00,210,208,218,218,0
2022-07-15 11:32:00,210,208,218,218,0
2022-07-15 11:33:00,210,208,218,218,0
2022-07-15 11:34:00,210,208,218,218,0
2022-07-15 11:35:00,210,208,218,218,0
2022-07-15 11:36:00,210,208,218,218,0
2022-07-15 11:37:00,210,208,218,218,0
2022-07-15 11:38:00,210,208,218,218,0
2022-07-15 11:39:00,210,208,218,218,0
2022-07-15 11:40:00,210,208,218,218,0
2022-07-15 11:41:00,210,208,218,218,0
2022-07-15 11:42:00,210,208,218,218,0
2022-07-15 11:43:00,210,208,218,218,0
2022-07-15 11:44:00,210,208,218,218,0
2022-07-15 11:45:00,210,208,218,218,0
2022-07-15 11:46:00,210,208,218,218,0
2022-07-15 11:47:00,210,208,218,218,0
2022-07-15 11:48:00,210,208,218,218,0
2022-07-15 11:49:00,210,208,218,218,0
2022-07-15 11:50:00,210,208,218,218,0
2022-07-15 11:51:00,210,208,218,218,0
2022-07-15 11:52:00,210,208,218,218,0
2022-07-15 11:53:00,210,208,218,218,0
2022-07-15 11:54:00,210,208,218,218,0
2022-07-15 11:55:00,210,208,218,218,0
2022-07-15 11:56:00,210,208,218,218,0
2022-07-15 11:57:00,210,208,218,218,0
2022-07-15 11:58:00,210,208,218,218,0
2022-07-15 11:59:00,210,208,218,218,0
2022-07-15 12:00:00,210,208,218,218,0
2022-07-15 12:01:00,210,208,218,218,0
2022-07-15 12:02:00,210,208,218,218,0
2022-07-15 12:03:00,210,208,218,218,0
2022-07-15 12:04:00,210,208,218,218,0
2022-07-15 12:05:00,210,208,218,218,0
2022-07-15 12:06:00,210,208,218,218,0
2022-07-15 12:07:00,210,208,218,218,0
2022-07-15 12:08:00,210,208,218,218,0
2022-07-15 12:09:00,210,208,218,218,0
2022-07-15 12:10:00,210,208,218,218,0
2022-07-15 12:11:00,210,208,218,218,0
2022-07-15 12:12:00,210,208,218,218,0
2022-07-15 12:13:00,210,208,218,218,0
2022-07-15 12:14:00,210,208,218,218,0
2022-07-15 12:15:00,210,208,218,218,0
2022-07-15 12:16:00,210,208,218,218,0
2022-07-15 12:17:00,210,208,218,218,0
2022-07-15 12:18:00,210,208,218,218,0
2022-07-15 12:19:00,210,208,218,218,0
2022-07-15 12:20:00,210,208,218,218,0
2022-07-15 12:21:00,210,208,218,218,0
2022-07-15 12:22:00,210,208,218,218,0
2022-07-15 12:23:00,210,208,218,218,0
2022-07-15 12:24:00,210,208,218,218,0
2022-07-15 12:25:00,210,208,218,218,0
2022-07-15 12:26:00,210,208,218,218,0
2022-07-15 12:27:00,210,208,218,218,0
2022-07-15 12:28:00,210,208,218,218,0
2022-07-15 12:29:00,210,208,218,218,0
2022-07-15 12:30:00,210,208,218,218,0
2022-07-15 12:31:00,210,208,218,218,0
2022-07-15 12:32:00,210,208,218,218,0
2022-07-15 12:33:00,210,208,218,218,0
2022-07-15 12:34:00,210,208,218,218,0
2022-07-15 12:35:00,210,208,218,218,0
2022-07-15 12:36:00,210,208,218,218,0
2022-07-15 12:37:00,210,208,218,218,0
2022-07-15 12:38:00,210,208,218,218,0
2022-07-15 12:39:00,210,208,218,218,0
2022-07-15 12:40:00,210,208,218,218,0
2022-07-15 12:41:00,210,208,218,218,0
2022-07-15 12:42:00,210,208,218,218,0
2022-07-15 12:43:00,210,208,218,218,0
2022-07-15 12:44:00,210,208,218,218,0
2022-07-15 12:45:00,210,208,218,218,0
2022-07-15 12:46:00,210,208,218,218,0
2022-07-15 12:47:00,210,208,218,218,0
2022-07-15 12:48:00,210,208,218,218,0
2022-07-15 12:49:00,210,208,218,218,0
2022-07-15 12:50:00,210,208,218,218,0
2022-07-15 12:51:00,210,208,218,218,0
2022-07-15 12:52:00,210,208,218,218,0
2022-07-15 12:53:00,210,208,218,218,0
2022-07-15 12:54:00,210,208,218,218,0
2022-07-15 12:55:00,210,208,218,218,0
2022-07-15 12:56:00,210,208,218,218,0
2022-07-15 12:57:00,210,208,218,218,0
2022-07-15 12:58:00,210,208,218,218,0
2022-07-15 12:59:00,210,208,218,218,0
2022-07-15 13:00:00,210,208,218,218,0
2022-07-15 13:01:00,210,208,218,218,0
2022-07-15 13:02:00,210,208,218,218,0
2022-07-15 13:03:00,210,208,218,218,0
2022-07-15 13:04:00,210,208,218,218,0
2022-07-15 13:05:00,210,208,218,218,0
2022-07-15 13:06:00,210,208,218,218,0
2022-07-15 13:07:00,210,208,218,218,0
2022-07-15 13:08:00,210,208,218,218,0
2022-07-15 13:09:00,210,208,218,218,0
2022-07-15 13:10:00,210,208,218,218,0
2022-07-15 13:11:00,210,208,218,218,0
2022-07-15 13:12:00,210,208,218,218,0
2022-07-15 13:13:00,210,208,218,218,0
2022-07-15 13:14:00,210,208,218,218,0
2022-07-15 13:15:00,210,208,218,218,0
2022-07-15 13:16:00,210,208,218,218,0
2022-07-15 13:17:00,210,208,218,218,0
2022-07-15 13:18:00,210,208,218,218,0
2022-07-15 13:19:00,210,208,218,218,0
2022-07-15 13:20:00,210,208,218,218,0
2022-07-15 13:21:00,210,208,218,218,0
2022-07-15 13:22:00,210,208,218,218,0
2022-07-15 13:23:00,210,208,218,218,0
2022-07-15 13:24:00,210,208,218,218,0
2022-07-15 13:25:00,210,208,218,218,0
2022-07-15 13:26:00,210,208,218,218,0
2022-07-15 13:27:00,210,208,218,218,0
2022-07-15 13:28:00,210,208,218,218,0
2022-07-15 13:29:00,210,208,218,218,0
2022-07-15 13:30:00,210,208,218,218,0
2022-07-15 13:31:00,210,208,218,218,0
2022-07-15 13:32:00,210,208,218,218,0
2022-07-15 13:33:00,210,208,218,218,0
2022-07-15 13:34:00,210,208,218,218,0
2022-07-15 13:35:00,210,208,218,218,0
2022-07-15 13:36:00,210,208,218,218,0
2022-07-15 13:37:00,210,208,218,218,0
2022-07-15 13:38:00,210,208,218,218,0
2022-07-15 13:39:00,210,208,218,218,0
2022-07-15 13:40:00,210,208,218,218,0
2022-07-15 13:41:00,210,208,218,218,0
2022-07-15 13:42:00,210,208,218,218,0
2022-07-15 13:43:00,210,208,218,218,0
2022-07-15 13:44:00,210,208,218,218,0
2022-07-15 13:45:00,210,208,218,218,0
2022-07-15 13:46:00,210,208,218,218,0
2022-07-15 13:47:00,210,208,218,218,0
2022-07-15 13:48:00,210,208,218,218,0
2022-07-15 13:49:00,210,208,218,218,0
2022-07-15 13:50:00,210,208,218,218,0
2022-07-15 13:51:00,210,208,218,218,0
2022-07-15 13:52:00,210,208,218,218,0
2022-07-15 13:53:00,210,208,218,218,0
2022-07-15 13:54:00,210,208,218,218,0
2022-07-15 13:55:00,210,208,218,218,0
2022-07-15 13:56:00,210,208,218,218,0
2022-07-15 13:57:00,210,208,218,218,0
2022-07-15 13:58:00,210,208,218,218,0
2022-07-15 13:59:00,210,208,218,218,0
2022-07-15 14:00:00,210,208,218,218,0
2022-07-15 14:01:00,210,208,218,218,0
2022-07-15 14:02:00,210,208,218,218,0
2022-07-15 14:03:00,210,208,218,218,0
2022-07-15 14:04:00,210,208,218,218,0
2022-07-15 14:05:00,210,208,218,218,0
2022-07-15 14:06:00,210,208,218,218,0
2022-07-15 14:07:00,210,208,218,218,0
2022-07-15 14:08:00,210,208,218,218,0
2022-07-15 14:09:00,210,208,218,218,0
2022-07-15 14:10:00,210,208,218,218,0
2022-07-15 14:11:00,210,208,218,218,0
2022-07-15 14:12:00,210,208,218,218,0
2022-07-15 14:13:00,210,208,218,218,0
2022-07-15 14:14:00,210,208,218,218,0
2022-07-15 14:15:00,210,208,218,218,0
2022-07-15 14:16:00,210,208,218,218,0
2022-07-15 14:17:00,210,208,218,218,0
2022-07-15 14:18:00,210,208,218,218,0
2022-07-15 14:19:00,210,208,218,218,0
2022-07-15 14:20:00,210,208,218,218,0
2022-07-15 14:21:00,210,208,218,218,0
2022-07-15 14:22:00,210,208,218,218,0
2022-07-15 14:23:00,210,208,218,218,0
2022-07-15 14:24:00,210,208,218,218,0
2022-07-15 14:25:00,210,208,218,218,0
2022-07-15 14:26:00,210,208,218,218,0
2022-07-15 14:27:00,210,208,218,218,0
2022-07-15 14:28:00,210,208,218,218,0
2022-07-15 14:29:00,210,208,218,218,0
2022-07-15 14:30:00,210,208,218,218,0
2022-07-15 14:31:00,210,208,218,218,0
2022-07-15 14:32:00,210,208,218,218,0
2022-07-15 14:33:00,210,208,218,218,0
2022-07-15 14:34:00,210,208,218,218,0
2022-07-15 14:35:00,210,208,218,218,0
2022-07-15 14:36:00,210,208,218,218,0
2022-07-15 14:37:00,210,208,218,218,0
2022-07-15 14:38:00,210,208,218,218,0
2022-07-15 14:39:00,210,208,218,218,0
2022-07-15 14:40:00,210,208,218,218,0
2022-07-15 14:41:00,210,208,218,218,0
2022-07-15 14:42:00,210,208,218,218,0
2022-07-15 14:43:00,210,208,218,218,0
2022-07-15 14:44:00,210,208,218,218,0
2022-07-15 14:45:00,210,208,218,218,0
2022-07-15 14:46:00,210,208,218,218,0
2022-07-15 14:47:00,210,208,218,218,0
2022-07-15 14:48:00,210,208,218,218,0
2022-07-15 14:49:00,210,208,218,218,0
2022-07-15 14:50:00,210,208,218,218,0
2022-07-15 14:51:00,210,208,218,218,0
2022-07-15 14:52:00,210,208,218,218,0
2022-07-15 14:53:00,210,208,218,218,0
2022-07-15 14:54:00,210,208,218,218,0
2022-07-15 14:55:00,210,208,218,218,0
2022-07-15 14:56:00,210,208,218,218,0
2022-07-15 14:57:00,210,208,218,218,0
2022-07-15 14:58:00,210,208,218,218,0
2022-07-15 14:59:00,210,208,218,218,0
2022-07-15 15:00:00,210,208,218,218,0
2022-07-15 15:01:00,210,208,218,218,0
2022-07-15 15:02:00,210,208,218,218,0
2022-07-15 15:03:00,210,208,218,218,0
2022-07-15 15:04:00,210,208,218,218,0
2022-07-15 15:05:00,210,208,218,218,0
2022-07-15 15:06:00,210,208,218,218,0
2022-07-15 15:07:00,210,208,218,218,0
2022-07-15 15:08:00,210,208,218,218,0
2022-07-15 15:09:00,210,208,218,218,0
2022-07-15 15:10:00,210,208,218,218,0
2022-07-15 15:11:00,210,208,218,218,0
2022-07-15 15:12:00,210,208,218,218,0
2022-07-15 15:13:00,210,208,218,218,0
2022-07-15 15:14:00,210,208,218,218,0
2022-07-15 15:15:00,210,208,218,218,0
2022-07-15 15:16:00,210,208,218,218,0
2022-07-15 15:17:00,210,208,218,218,0
2022-07-15 15:18:00,210,208,218,218,0
2022-07-15 15:19:00,210,208,218,218,0
2022-07-15 15:20:00,210,208,218,218,0
2022-07-15 15:21:00,210,208,218,218,0
2022-07-15 15:22:00,210,208,218,218,0
2022-07-15 15:23:00,210,208,218,218,0
2022-07-15 15:24:00,210,208,218,218,0
2022-07-15 15:25:00,210,208,218,218,0
2022-07-15 15:26:00,210,208,218,218,0
2022-07-15 15:27:00,210,208,218,218,0
2022-07-15 15:28:00,210,208,218,218,0
2022-07-15 15:29:00,210,208,218,218,0
2022-07-15 15:30:00,210,208,218,218,0
2022-07-15 15:31:00,210,208,218,218,0
2022-07-15 15:32:00,210,208,218,218,0
2022-07-15 15:33:00,210,208,218,218,0
2022-07-15 15:34:00,210,208,218,218,0
2022-07-15 15:35:00,210,208,218,218,0
2022-07-15 15:36:00,210,208,218,218,0
2022-07-15 15:37:00,210,208,218,218,0
2022-07-15 15:38:00,210,208,218,218,0
2022-07-15 15:39:00,210,208,218,218,0
2022-07-15 15:40:00,210,208,218,218,0
2022-07-15 15:41:00,210,208,218,218,0
2022-07-15 15:42:00,210,208,218,218,0
2022-07-15 15:43:00,210,208,218,218,0
2022-07-15 15:44:00,210,208,218,218,0
2022-07-15 15:45:00,210,208,218,218,0
2022-07-15 15:46:00,210,208,218,218,0
2022-07-15 15:47:00,210,208,218,218,0
2022-07-15 15:48:00,210,208,218,218,0
2022-07-15 15:49:00,210,208,218,218,0
2022-07-15 15:50:00,210,208,218,218,0
2022-07-15 15:51:00,210,208,218,218,0
2022-07-15 15:52:00,210,208,218,218,0
2022-07-15 15:53:00,210,208,218,218,0
2022-07-15 15:54:00,210,208,218,218,0
2022-07-15 15:55:00,210,208,218,218,0
2022-07-15 15:56:00,210,208,218,218,0
2022-07-15 15:57:00,210,208,218,218,0
2022-07-15 15:58:00,210,208,218,218,0
2022-07-15 15:59:00,210,208,218,218,0
2022-07-18 09:00:00,204,204,204,204,0
2022-07-18 09:01:00,204,204,204,204,0
2022-07-18 09:02:00,204,204,204,204,0
2022-07-18 09:03:00,204,204,204,204,0
2022-07-18 09:04:00,204,204,204,204,0
2022-07-18 09:05:00,204,204,204,204,0
2022-07-18 09:06:00,204,204,204,204,0
2022-07-18 09:07:00,204,204,204,204,0
2022-07-18 09:08:00,204,204,204,204,0
2022-07-18 09:09:00,204,204,204,204,0
2022-07-18 09:10:00,204,204,204,204,0
2022-07-18 09:11:00,204,204,204,204,0
2022-07-18 09:12:00,204,204,204,204,0
2022-07-18 09:13:00,204,204,204,204,0
2022-07-18 09:14:00,204,204,204,204,0
2022-07-18 09:15:00,204,204,204,204,0
2022-07-18 09:16:00,204,204,204,204,0
2022-07-18 09:17:00,204,204,204,204,0
2022-07-18 09:18:00,204,204,204,204,0
2022-07-18 09:19:00,204,204,204,204,0
2022-07-18 09:20:00,204,204,204,204,0
2022-07-18 09:21:00,204,204,204,204,0
2022-07-18 09:22:00,204,204,204,204,0
2022-07-18 09:23:00,204,204,204,204,0
2022-07-18 09:24:00,204,204,204,204,0
2022-07-18 09:25:00,204,204,204,204,0
2022-07-18 09:26:00,204,204,204,204,0
2022-07-18 09:27:00,204,204,204,204,0
2022-07-18 09:28:00,204,204,204,204,0
2022-07-18 09:29:00,204,204,204,204,0
2022-07-18 09:30:00,204,204,204,204,0
2022-07-18 09:31:00,204,204,204,204,0
2022-07-18 09:32:00,204,204,204,204,0
2022-07-18 09:33:00,204,204,204,204,0
2022-07-18 09:34:00,204,204,204,204,0
2022-07-18 09:35:00,204,204,204,204,0
2022-07-18 09:36:00,204,204,204,204,0
2022-07-18 09:37:00,204,204,204,204,0
2022-07-18 09:38:00,204,204,204,204,0
2022-07-18 09:39:00,204,204,204,204,0
2022-07-18 09:40:00,204,204,204,204,0
2022-07-18 09:41:00,204,204,204,204,0
2022-07-18 09:42:00,204,204,204,204,0
2022-07-18 09:43:00,204,204,204,204,0
2022-07-18 09:44:00,204,204,204,204,0
2022-07-18 09:45:00,204,204,204,204,0
2022-07-18 09:46:00,204,204,204,204,0
2022-07-18 09:47:00,204,204,204,204,0
2022-07-18 09:48:00,204,204,204,204,0
2022-07-18 09:49:00,204,204,204,204,0
2022-07-18 09:50:00,204,204,204,204,0
2022-07-18 09:51:00,204,204,204,204,0
2022-07-18 09:52:00,204,204,204,204,0
2022-07-18 09:53:00,204,204,204,204,0
2022-07-18 09:54:00,204,204,204,204,0
2022-07-18 09:55:00,204,204,204,204,0
2022-07-18 09:56:00,204,204,204,204,0
2022-07-18 09:57:00,204,204,204,204,0
2022-07-18 09:58:00,204,204,204,204,0
2022-07-18 09:59:00,204,204,204,204,0
2022-07-18 10:00:00,204,204,204,204,0
2022-07-18 10:01:00,204,204,204,204,0
2022-07-18 10:02:00,204,204,204,204,0
2022-07-18 10:03:00,204,204,204,204,0
2022-07-18 10:04:00,204,204,204,204,0
2022-07-18 10:05:00,204,204,204,204,0
2022-07-18 10:06:00,204,204,204,204,0
2022-07-18 10:07:00,204,204,204,204,0
2022-07-18 10:08:00,204,204,204,204,0
2022-07-18 10:09:00,204,204,204,204,0
2022-07-18 10:10:00,204,204,204,204,0
2022-07-18 10:11:00,204,204,204,204,0
2022-07-18 10:12:00,204,204,204,204,0
2022-07-18 10:13:00,204,204,204,204,0
2022-07-18 10:14:00,204,204,204,204,0
2022-07-18 10:15:00,204,204,204,204,0
2022-07-18 10:16:00,204,204,204,204,0
2022-07-18 10:17:00,204,204,204,204,0
2022-07-18 10:18:00,204,204,204,204,0
2022-07-18 10:19:00,204,204,204,204,0
2022-07-18 10:20:00,204,204,204,204,0
2022-07-18 10:21:00,204,204,204,204,0
2022-07-18 10:22:00,204,204,204,204,0
2022-07-18 10:23:00,204,204,204,204,0
2022-07-18 10:24:00,204,204,204,204,0
2022-07-18 10:25:00,204,204,204,204,0
2022-07-18 10:26:00,204,204,204,204,0
2022-07-18 10:27:00,204,204,204,204,0
2022-07-18 10:28:00,204,204,204,204,0
2022-07-18 10:29:00,204,204,204,204,0
2022-07-18 10:30:00,204,204,204,204,0
2022-07-18 10:31:00,204,204,204,204,0
2022-07-18 10:32:00,204,204,204,204,0
2022-07-18 10:33:00,204,204,204,204,0
2022-07-18 10:34:00,204,204,204,204,0
2022-07-18 10:35:00,204,204,204,204,0
2022-07-18 10:36:00,204,204,204,204,0
2022-07-18 10:37:00,204,204,204,204,0
2022-07-18 10:38:00,204,204,204,204,0
2022-07-18 10:39:00,204,204,204,204,0
2022-07-18 10:40:00,204,204,204,204,0
2022-07-18 10:41:00,204,204,204,204,0
2022-07-18 10:42:00,204,204,204,204,0
2022-07-18 10:43:00,204,204,204,204,0
2022-07-18 10:44:00,204,204,204,204,0
2022-07-18 10:45:00,204,204,204,204,0
2022-07-18 10:46:00,204,204,204,204,0
2022-07-18 10:47:00,204,204,204,204,0
2022-07-18 10:48:00,204,204,204,204,0
2022-07-18 10:49:00,204,204,204,204,0
2022-07-18 10:50:00,204,204,204,204,0
2022-07-18 10:51:00,204,204,204,204,0
2022-07-18 10:52:00,204,204,204,204,0
2022-07-18 10:53:00,204,204,204,204,0
2022-07-18 10:54:00,204,204,204,204,0
2022-07-18 10:55:00,204,204,204,204,0
2022-07-18 10:56:00,204,204,204,204,0
2022-07-18 10:57:00,204,204,204,204,0
2022-07-18 10:58:00,204,204,204,204,0
2022-07-18 10:59:00,204,204,204,204,0
2022-07-18 11:00:00,204,204,204,204,0
2022-07-18 11:01:00,204,204,204,204,0
2022-07-18 11:02:00,204,204,204,204,0
2022-07-18 11:03:00,204,204,204,204,0
2022-07-18 11:04:00,204,204,204,204,0
2022-07-18 11:05:00,204,204,204,204,0
2022-07-18 11:06:00,204,204,204,204,0
2022-07-18 11:07:00,204,204,204,204,0
2022-07-18 11:08:00,204,204,204,204,0
2022-07-18 11:09:00,204,204,204,204,0
2022-07-18 11:10:00,204,204,204,204,0
2022-07-18 11:11:00,204,204,204,204,0
2022-07-18 11:12:00,204,204,204,204,0
2022-07-18 11:13:00,204,204,204,204,0
2022-07-18 11:14:00,204,204,204,204,0
2022-07-18 11:15:00,204,204,204,204,0
2022-07-18 11:16:00,204,204,204,204,0
2022-07-18 11:17:00,204,204,204,204,0
2022-07-18 11:18:00,204,204,204,204,0
2022-07-18 11:19:00,204,204,204,204,0
2022-07-18 11:20:00,204,204,204,204,0
2022-07-18 11:21:00,204,204,204,204,0
2022-07-18 11:22:00,204,204,204,204,0
2022-07-18 11:23:00,204,204,204,204,0
2022-07-18 11:24:00,204,204,204,204,0
2022-07-18 11:25:00,204,204,204,204,0
2022-07-18 11:26:00,204,204,204,204,0
2022-07-18 11:27:00,204,204,204,204,0
2022-07-18 11:28:00,204,204,204,204,0
2022-07-18 11:29:00,204,204,204,204,0
2022-07-18 11:30:00,204,204,204,204,0
2022-07-18 11:31:00,204,204,204,204,0
2022-07-18 11:32:00,204,204,204,204,0
2022-07-18 11:33:00,204,204,204,204,0
2022-07-18 11:34:00,204,204,204,204,0
2022-07-18 11:35:00,204,204,204,204,0
2022-07-18 11:36:00,204,204,204,204,0
2022-07-18 11:37:00,204,204,204,204,0
2022-07-18 11:38:00,204,204,204,204,0
2022-07-18 11:39:00,204,204,204,204,0
2022-07-18 11:40:00,204,204,204,204,0
2022-07-18 11:41:00,204,204,204,204,0
2022-07-18 11:42:00,204,204,204,204,0
2022-07-18 11:43:00,204,204,204,204,0
2022-07-18 11:44:00,204,204,204,204,0
2022-07-18 11:45:00,204,204,204,204,0
2022-07-18 11:46:00,204,204,204,204,0
2022-07-18 11:47:00,204,204,204,204,0
2022-07-18 11:48:00,204,204,204,204,0
2022-07-18 11:49:00,204,204,204,204,0
2022-07-18 11:50:00,204,204,204,204,0
2022-07-18 11:51:00,204,204,204,204,0
2022-07-18 11:52:00,204,204,204,204,0
2022-07-18 11:53:00,204,204,204,204,0
2022-07-18 11:54:00,204,204,204,204,0
2022-07-18 11:55:00,204,204,204,204,0
2022-07-18 11:56:00,204,204,204,204,0
2022-07-18 11:57:00,204,204,204,204,0
2022-07-18 11:58:00,204,204,204,204,0
2022-07-18 11:59:00,204,204,204,204,0
2022-07-18 12:00:00,204,204,204,204,0
2022-07-18 12:01:00,204,204,204,204,0
2022-07-18 12:02:00,204,204,204,204,0
2022-07-18 12:03:00,204,204,204,204,0
2022-07-18 12:04:00,204,204,204,204,0
2022-07-18 12:05:00,204,204,204,204,0
2022-07-18 12:06:00,204,204,204,204,0
2022-07-18 12:07:00,204,204,204,204,0
2022-07-18 12:08:00,204,204,204,204,0
2022-07-18 12:09:00,204,204,204,204,0
2022-07-18 12:10:00,204,204,204,204,0
2022-07-18 12:11:00,204,204,204,204,0
2022-07-18 12:12:00,204,204,204,204,0
2022-07-18 12:13:00,204,204,204,204,0
2022-07-18 12:14:00,204,204,204,204,0
2022-07-18 12:15:00,204,204,204,204,0
2022-07-18 12:16:00,204,204,204,204,0
2022-07-18 12:17:00,204,204,204,204,0
2022-07-18 12:18:00,204,204,204,204,0
2022-07-18 12:19:00,204,204,204,204,0
2022-07-18 12:20:00,204,204,204,204,0
2022-07-18 12:21:00,204,204,204,204,0
2022-07-18 12:22:00,204,204,204,204,0
2022-07-18 12:23:00,204,204,204,204,0
2022-07-18 12:24:00,204,204,204,204,0
2022-07-18 12:25:00,204,204,204,204,0
2022-07-18 12:26:00,204,204,204,204,0
2022-07-18 12:27:00,204,204,204,204,0
2022-07-18 12:28:00,204,204,204,204,0
2022-07-18 12:29:00,204,204,204,204,0
2022-07-18 12:30:00,204,204,204,204,0
2022-07-18 12:31:00,204,204,204,204,0
2022-07-18 12:32:00,204,204,204,204,0
2022-07-18 12:33:00,204,204,204,204,0
2022-07-18 12:34:00,204,204,204,204,0
2022-07-18 12:35:00,204,204,204,204,0
2022-07-18 12:36:00,204,204,204,204,0
2022-07-18 12:37:00,204,204,204,204,0
2022-07-18 12:38:00,204,204,204,204,0
2022-07-18 12:39:00,204,204,204,204,0
2022-07-18 12:40:00,204,204,204,204,0
2022-07-18 12:41:00,204,204,204,204,0
2022-07-18 12:42:00,204,204,204,204,0
2022-07-18 12:43:00,204,204,204,204,0
2022-07-18 12:44:00,204,204,204,204,0
2022-07-18 12:45:00,204,204,204,204,0
2022-07-18 12:46:00,204,204,204,204,0
2022-07-18 12:47:00,204,204,204,204,0
2022-07-18 12:48:00,204,204,204,204,0
2022-07-18 12:49:00,204,204,204,204,0
2022-07-18 12:50:00,204,204,204,204,0
2022-07-18 12:51:00,204,204,204,204,0
2022-07-18 12:52:00,204,204,204,204,0
2022-07-18 12:53:00,204,204,204,204,0
2022-07-18 12:54:00,204,204,204,204,0
2022-07-18 12:55:00,204,204,204,204,0
2022-07-18 12:56:00,204,204,204,204,0
2022-07-18 12:57:00,204,204,204,204,0
2022-07-18 12:58:00,204,204,204,204,0
2022-07-18 12:59:00,204,204,204,204,0
2022-07-18 13:00:00,204,204,204,204,0
2022-07-18 13:01:00,204,204,204,204,0
2022-07-18 13:02:00,204,204,204,204,0
2022-07-18 13:03:00,204,204,204,204,0
2022-07-18 13:04:00,204,204,204,204,0
2022-07-18 13:05:00,204,204,204,204,0
2022-07-18 13:06:00,204,204,204,204,0
2022-07-18 13:07:00,204,204,204,204,0
2022-07-18 13:08:00,204,204,204,204,0
2022-07-18 13:09:00,204,204,204,204,0
2022-07-18 13:10:00,204,204,204,204,0
2022-07-18 13:11:00,204,204,204,204,0
2022-07-18 13:12:00,204,204,204,204,0
2022-07-18 13:13:00,204,204,204,204,0
2022-07-18 13:14:00,204,204,204,204,0
2022-07-18 13:15:00,204,204,204,204,0
2022-07-18 13:16:00,204,204,204,204,0
2022-07-18 13:17:00,204,204,204,204,0
2022-07-18 13:18:00,204,204,204,204,0
2022-07-18 13:19:00,204,204,204,204,0
2022-07-18 13:20:00,204,204,204,204,0
2022-07-18 13:21:00,204,204,204,204,0
2022-07-18 13:22:00,204,204,204,204,0
2022-07-18 13:23:00,204,204,204,204,0
2022-07-18 13:24:00,204,204,204,204,0
2022-07-18 13:25:00,204,204,204,204,0
2022-07-18 13:26:00,204,204,204,204,0
2022-07-18 13:27:00,204,204,204,204,0
2022-07-18 13:28:00,204,204,204,204,0
2022-07-18 13:29:00,204,204,204,204,0
2022-07-18 13:30:00,200,195,200,195,13200
2022-07-18 13:31:00,195,195,195,195,300
2022-07-18 13:32:00,195,195,195,195,0
2022-07-18 13:33:00,195,195,195,195,0
2022-07-18 13:34:00,195,195,195,195,0
2022-07-18 13:35:00,195,195,195,195,0
2022-07-18 13:36:00,195,195,195,195,0
2022-07-18 13:37:00,195,195,195,195,0
2022-07-18 13:38:00,195,195,195,195,0
2022-07-18 13:39:00,195,195,195,195,0
2022-07-18 13:40:00,195,195,195,195,0
2022-07-18 13:41:00,195,195,195,195,0
2022-07-18 13:42:00,195,195,195,195,0
2022-07-18 13:43:00,195,195,195,195,0
2022-07-18 13:44:00,195,195,195,195,0
2022-07-18 13:45:00,195,195,195,195,0
2022-07-18 13:46:00,195,195,195,195,0
2022-07-18 13:47:00,195,195,195,195,0
2022-07-18 13:48:00,195,195,195,195,0
2022-07-18 13:49:00,195,195,195,195,0
2022-07-18 13:50:00,195,195,195,195,0
2022-07-18 13:51:00,195,195,195,195,0
2022-07-18 13:52:00,195,195,195,195,0
2022-07-18 13:53:00,195,195,195,195,0
2022-07-18 13:54:00,195,195,195,195,0
2022-07-18 13:55:00,195,195,195,195,0
2022-07-18 13:56:00,195,195,195,195,0
2022-07-18 13:57:00,195,195,195,195,0
2022-07-18 13:58:00,195,195,195,195,0
2022-07-18 13:59:00,195,195,195,195,0
2022-07-18 14:00:00,195,195,195,195,0
2022-07-18 14:01:00,195,195,195,195,0
2022-07-18 14:02:00,195,195,195,195,0
2022-07-18 14:03:00,195,195,195,195,0
2022-07-18 14:04:00,195,195,195,195,0
2022-07-18 14:05:00,195,195,195,195,0
2022-07-18 14:06:00,195,195,195,195,0
2022-07-18 14:07:00,195,195,195,195,0
2022-07-18 14:08:00,195,195,195,195,0
2022-07-18 14:09:00,195,195,195,195,0
2022-07-18 14:10:00,195,195,195,195,0
2022-07-18 14:11:00,195,195,195,195,0
2022-07-18 14:12:00,195,195,195,195,0
2022-07-18 14:13:00,195,195,195,195,0
2022-07-18 14:14:00,195,195,195,195,0
2022-07-18 14:15:00,195,195,195,195,0
2022-07-18 14:16:00,195,195,195,195,0
2022-07-18 14:17:00,195,195,195,195,0
2022-07-18 14:18:00,195,195,195,195,0
2022-07-18 14:19:00,195,195,195,195,0
2022-07-18 14:20:00,195,195,195,195,0
2022-07-18 14:21:00,195,195,195,195,0
2022-07-18 14:22:00,195,195,195,195,0
2022-07-18 14:23:00,195,195,195,195,0
2022-07-18 14:24:00,206,206,206,206,100
2022-07-18 14:25:00,206,206,206,206,0
2022-07-18 14:26:00,206,206,206,206,0
2022-07-18 14:27:00,206,206,206,206,0
2022-07-18 14:28:00,206,206,206,206,0
2022-07-18 14:29:00,206,206,206,206,0
2022-07-18 14:30:00,206,206,206,206,0
2022-07-18 14:31:00,206,206,206,206,0
2022-07-18 14:32:00,206,206,206,206,0
2022-07-18 14:33:00,206,206,206,206,0
2022-07-18 14:34:00,206,206,206,206,0
2022-07-18 14:35:00,206,206,206,206,0
2022-07-18 14:36:00,206,206,206,206,0
2022-07-18 14:37:00,206,206,206,206,0
2022-07-18 14:38:00,206,206,206,206,0
2022-07-18 14:39:00,206,206,206,206,0
2022-07-18 14:40:00,206,206,206,206,0
2022-07-18 14:41:00,206,206,206,206,0
2022-07-18 14:42:00,206,206,206,206,0
2022-07-18 14:43:00,206,206,206,206,0
2022-07-18 14:44:00,206,206,206,206,0
2022-07-18 14:45:00,206,206,206,206,0
2022-07-18 14:46:00,206,206,206,206,0
2022-07-18 14:47:00,206,206,206,206,0
2022-07-18 14:48:00,206,206,206,206,0
2022-07-18 14:49:00,206,206,206,206,0
2022-07-18 14:50:00,206,206,206,206,0
2022-07-18 14:51:00,206,206,206,206,0
2022-07-18 14:52:00,206,206,206,206,0
2022-07-18 14:53:00,206,206,206,206,0
2022-07-18 14:54:00,206,206,206,206,0
2022-07-18 14:55:00,206,206,206,206,0
2022-07-18 14:56:00,206,206,206,206,0
2022-07-18 14:57:00,206,206,206,206,0
2022-07-18 14:58:00,206,206,206,206,0
2022-07-18 14:59:00,206,206,206,206,0
2022-07-18 15:00:00,200,200,200,200,1000
2022-07-18 15:01:00,200,200,200,200,0
2022-07-18 15:02:00,200,200,200,200,0
2022-07-18 15:03:00,200,200,200,200,0
2022-07-18 15:04:00,200,200,200,200,0
2022-07-18 15:05:00,200,200,200,200,0
2022-07-18 15:06:00,200,200,200,200,0
2022-07-18 15:07:00,200,200,200,200,0
2022-07-18 15:08:00,200,200,200,200,0
2022-07-18 15:09:00,200,200,200,200,0
2022-07-18 15:10:00,200,200,200,200,0
2022-07-18 15:11:00,200,200,200,200,0
2022-07-18 15:12:00,200,200,200,200,0
2022-07-18 15:13:00,200,200,200,200,0
2022-07-18 15:14:00,200,200,200,200,0
2022-07-18 15:15:00,200,200,200,200,0
2022-07-18 15:16:00,200,200,200,200,0
2022-07-18 15:17:00,200,200,200,200,0
2022-07-18 15:18:00,200,200,200,200,0
2022-07-18 15:19:00,200,200,200,200,0
2022-07-18 15:20:00,200,200,200,200,0
2022-07-18 15:21:00,200,200,200,200,0
2022-07-18 15:22:00,200,200,200,200,0
2022-07-18 15:23:00,200,200,200,200,0
2022-07-18 15:24:00,200,200,200,200,0
2022-07-18 15:25:00,200,200,200,200,0
2022-07-18 15:26:00,200,200,200,200,0
2022-07-18 15:27:00,200,200,200,200,0
2022-07-18 15:28:00,200,200,200,200,0
2022-07-18 15:29:00,200,200,200,200,0
2022-07-18 15:30:00,200,200,200,200,0
2022-07-18 15:31:00,200,200,200,200,0
2022-07-18 15:32:00,200,200,200,200,0
2022-07-18 15:33:00,200,200,200,200,0
2022-07-18 15:34:00,200,200,200,200,0
2022-07-18 15:35:00,200,200,200,200,0
2022-07-18 15:36:00,200,200,200,200,0
2022-07-18 15:37:00,200,200,200,200,0
2022-07-18 15:38:00,200,200,200,200,0
2022-07-18 15:39:00,200,200,200,200,0
2022-07-18 15:40:00,200,200,200,200,0
2022-07-18 15:41:00,200,200,200,200,0
2022-07-18 15:42:00,200,200,200,200,0
2022-07-18 15:43:00,200,200,200,200,0
2022-07-18 15:44:00,200,200,200,200,0
2022-07-18 15:45:00,200,200,200,200,0
2022-07-18 15:46:00,200,200,200,200,0
2022-07-18 15:47:00,200,200,200,200,0
2022-07-18 15:48:00,200,200,200,200,0
2022-07-18 15:49:00,200,200,200,200,0
2022-07-18 15:50:00,200,200,200,200,0
2022-07-18 15:51:00,200,200,200,200,0
2022-07-18 15:52:00,200,200,200,200,0
2022-07-18 15:53:00,200,200,200,200,0
2022-07-18 15:54:00,200,200,200,200,0
2022-07-18 15:55:00,200,200,200,200,0
2022-07-18 15:56:00,200,200,200,200,0
2022-07-18 15:57:00,200,200,200,200,0
2022-07-18 15:58:00,200,200,200,200,0
2022-07-18 15:59:00,200,200,200,200,0
2022-07-19 09:00:00,200,200,200,200,0
2022-07-19 09:01:00,200,200,200,200,0
2022-07-19 09:02:00,200,200,200,200,100
2022-07-19 09:03:00,200,200,200,200,0
2022-07-19 09:04:00,200,200,200,200,0
2022-07-19 09:05:00,200,200,200,200,0
2022-07-19 09:06:00,200,200,200,200,0
2022-07-19 09:07:00,200,200,200,200,0
2022-07-19 09:08:00,200,200,200,200,0
2022-07-19 09:09:00,200,200,200,200,0
2022-07-19 09:10:00,200,200,200,200,0
2022-07-19 09:11:00,200,200,200,200,0
2022-07-19 09:12:00,200,200,200,200,0
2022-07-19 09:13:00,200,200,200,200,0
2022-07-19 09:14:00,200,200,200,200,0
2022-07-19 09:15:00,200,200,200,200,0
2022-07-19 09:16:00,200,200,200,200,0
2022-07-19 09:17:00,200,200,200,200,0
2022-07-19 09:18:00,200,200,200,200,0
2022-07-19 09:19:00,199,199,210,210,300
2022-07-19 09:20:00,210,210,230,230,4600
2022-07-19 09:21:00,230,230,250,250,9800
2022-07-19 09:22:00,242,242,260,260,3000
2022-07-19 09:23:00,246,246,246,246,3200
2022-07-19 09:24:00,246,246,246,246,0
2022-07-19 09:25:00,242,242,242,242,1500
2022-07-19 09:26:00,242,242,242,242,0
2022-07-19 09:27:00,242,242,242,242,0
2022-07-19 09:28:00,242,242,242,242,0
2022-07-19 09:29:00,242,242,242,242,0
2022-07-19 09:30:00,238,238,238,238,200
2022-07-19 09:31:00,238,238,238,238,0
2022-07-19 09:32:00,236,236,236,236,100
2022-07-19 09:33:00,236,236,236,236,0
2022-07-19 09:34:00,236,206,236,206,200
2022-07-19 09:35:00,236,206,236,206,0
2022-07-19 09:36:00,236,206,236,206,0
2022-07-19 09:37:00,236,206,236,206,0
2022-07-19 09:38:00,224,224,226,226,300
2022-07-19 09:39:00,228,228,236,236,100
2022-07-19 09:40:00,228,228,236,236,0
2022-07-19 09:41:00,228,228,236,236,0
2022-07-19 09:42:00,218,218,218,218,200
2022-07-19 09:43:00,218,218,218,218,0
2022-07-19 09:44:00,218,218,218,218,0
2022-07-19 09:45:00,216,216,216,216,100
2022-07-19 09:46:00,216,216,216,216,0
2022-07-19 09:47:00,216,216,216,216,0
2022-07-19 09:48:00,216,216,216,216,0
2022-07-19 09:49:00,216,214,234,234,3000
2022-07-19 09:50:00,232,232,232,232,0
2022-07-19 09:51:00,232,232,232,232,0
2022-07-19 09:52:00,232,232,232,232,0
2022-07-19 09:53:00,232,232,232,232,0
2022-07-19 09:54:00,232,232,232,232,0
2022-07-19 09:55:00,232,232,232,232,0
2022-07-19 09:56:00,232,232,232,232,0
2022-07-19 09:57:00,232,232,232,232,0
2022-07-19 09:58:00,232,232,232,232,0
2022-07-19 09:59:00,232,232,232,232,0
2022-07-19 10:00:00,232,232,232,232,0
2022-07-19 10:01:00,232,232,232,232,0
2022-07-19 10:02:00,232,232,232,232,0
2022-07-19 10:03:00,232,232,232,232,0
2022-07-19 10:04:00,232,232,232,232,0
2022-07-19 10:05:00,232,232,232,232,0
2022-07-19 10:06:00,232,232,232,232,0
2022-07-19 10:07:00,232,232,232,232,0
2022-07-19 10:08:00,232,232,232,232,0
2022-07-19 10:09:00,232,232,232,232,0
2022-07-19 10:10:00,232,232,232,232,0
2022-07-19 10:11:00,232,232,232,232,0
2022-07-19 10:12:00,232,232,232,232,0
2022-07-19 10:13:00,232,232,232,232,0
2022-07-19 10:14:00,232,232,232,232,0
2022-07-19 10:15:00,230,230,232,232,900
2022-07-19 10:16:00,230,230,230,230,600
2022-07-19 10:17:00,230,230,230,230,0
2022-07-19 10:18:00,230,230,230,230,0
2022-07-19 10:19:00,230,230,230,230,0
2022-07-19 10:20:00,230,230,230,230,0
2022-07-19 10:21:00,230,230,230,230,0
2022-07-19 10:22:00,230,230,230,230,100
2022-07-19 10:23:00,230,230,230,230,0
2022-07-19 10:24:00,230,230,230,230,0
2022-07-19 10:25:00,230,230,230,230,0
2022-07-19 10:26:00,230,230,230,230,0
2022-07-19 10:27:00,230,230,230,230,0
2022-07-19 10:28:00,230,230,230,230,0
2022-07-19 10:29:00,230,230,230,230,0
2022-07-19 10:30:00,230,230,230,230,0
2022-07-19 10:31:00,230,230,230,230,0
2022-07-19 10:32:00,230,230,230,230,0
2022-07-19 10:33:00,230,230,230,230,0
2022-07-19 10:34:00,230,230,230,230,0
2022-07-19 10:35:00,230,230,230,230,0
2022-07-19 10:36:00,230,230,230,230,0
2022-07-19 10:37:00,228,228,228,228,200
2022-07-19 10:38:00,228,228,228,228,600
2022-07-19 10:39:00,228,228,228,228,0
2022-07-19 10:40:00,228,228,228,228,0
2022-07-19 10:41:00,228,228,228,228,0
2022-07-19 10:42:00,228,228,228,228,0
2022-07-19 10:43:00,228,218,228,218,300
2022-07-19 10:44:00,228,218,228,218,0
2022-07-19 10:45:00,216,216,216,216,100
2022-07-19 10:46:00,216,216,216,216,0
2022-07-19 10:47:00,216,216,216,216,0
2022-07-19 10:48:00,214,214,214,214,0
2022-07-19 10:49:00,214,214,214,214,0
2022-07-19 10:50:00,214,214,214,214,0
2022-07-19 10:51:00,214,214,214,214,0
2022-07-19 10:52:00,214,214,214,214,0
2022-07-19 10:53:00,212,212,212,212,800
2022-07-19 10:54:00,208,208,208,208,800
2022-07-19 10:55:00,208,208,208,208,0
2022-07-19 10:56:00,208,208,208,208,0
2022-07-19 10:57:00,208,208,208,208,0
2022-07-19 10:58:00,208,208,208,208,0
2022-07-19 10:59:00,208,208,208,208,0
2022-07-19 11:00:00,208,206,208,206,12900
2022-07-19 11:01:00,208,206,208,206,0
2022-07-19 11:02:00,208,206,208,206,0
2022-07-19 11:03:00,208,206,208,206,0
2022-07-19 11:04:00,208,206,208,206,0
2022-07-19 11:05:00,208,206,208,206,0
2022-07-19 11:06:00,206,206,206,206,600
2022-07-19 11:07:00,204,204,204,204,500
2022-07-19 11:08:00,204,204,204,204,0
2022-07-19 11:09:00,204,204,204,204,0
2022-07-19 11:10:00,204,204,204,204,0
2022-07-19 11:11:00,204,204,204,204,0
2022-07-19 11:12:00,204,204,204,204,0
2022-07-19 11:13:00,204,204,204,204,0
2022-07-19 11:14:00,204,204,204,204,0
2022-07-19 11:15:00,204,204,204,204,0
2022-07-19 11:16:00,204,204,204,204,0
2022-07-19 11:17:00,204,204,204,204,0
2022-07-19 11:18:00,204,204,204,204,0
2022-07-19 11:19:00,204,204,204,204,0
2022-07-19 11:20:00,204,204,204,204,0
2022-07-19 11:21:00,204,204,204,204,0
2022-07-19 11:22:00,204,204,204,204,0
2022-07-19 11:23:00,204,204,204,204,0
2022-07-19 11:24:00,204,204,204,204,0
2022-07-19 11:25:00,204,204,204,204,0
2022-07-19 11:26:00,204,204,204,204,0
2022-07-19 11:27:00,204,204,204,204,0
2022-07-19 11:28:00,204,204,204,204,0
2022-07-19 11:29:00,204,204,204,204,0
2022-07-19 11:30:00,204,204,204,204,0
2022-07-19 11:31:00,204,204,204,204,0
2022-07-19 11:32:00,204,204,204,204,0
2022-07-19 11:33:00,204,204,204,204,0
2022-07-19 11:34:00,204,204,204,204,0
2022-07-19 11:35:00,204,204,204,204,0
2022-07-19 11:36:00,204,204,204,204,0
2022-07-19 11:37:00,204,204,204,204,0
2022-07-19 11:38:00,204,204,204,204,0
2022-07-19 11:39:00,204,204,204,204,0
2022-07-19 11:40:00,204,204,204,204,0
2022-07-19 11:41:00,204,204,204,204,0
2022-07-19 11:42:00,204,204,204,204,0
2022-07-19 11:43:00,204,204,204,204,0
2022-07-19 11:44:00,204,204,204,204,0
2022-07-19 11:45:00,204,204,204,204,0
2022-07-19 11:46:00,204,204,204,204,0
2022-07-19 11:47:00,204,204,204,204,0
2022-07-19 11:48:00,204,204,204,204,0
2022-07-19 11:49:00,204,204,204,204,0
2022-07-19 11:50:00,204,204,204,204,0
2022-07-19 11:51:00,204,204,204,204,0
2022-07-19 11:52:00,204,204,204,204,0
2022-07-19 11:53:00,204,204,204,204,0
2022-07-19 11:54:00,204,204,204,204,0
2022-07-19 11:55:00,204,204,204,204,0
2022-07-19 11:56:00,204,204,204,204,0
2022-07-19 11:57:00,204,204,204,204,0
2022-07-19 11:58:00,204,204,204,204,0
2022-07-19 11:59:00,204,204,204,204,0
2022-07-19 12:00:00,204,204,204,204,0
2022-07-19 12:01:00,204,204,204,204,0
2022-07-19 12:02:00,204,204,204,204,0
2022-07-19 12:03:00,204,204,204,204,0
2022-07-19 12:04:00,204,204,204,204,0
2022-07-19 12:05:00,204,204,204,204,0
2022-07-19 12:06:00,204,204,204,204,0
2022-07-19 12:07:00,204,204,204,204,0
2022-07-19 12:08:00,204,204,204,204,0
2022-07-19 12:09:00,204,204,204,204,0
2022-07-19 12:10:00,204,204,204,204,0
2022-07-19 12:11:00,204,204,204,204,0
2022-07-19 12:12:00,204,204,204,204,0
2022-07-19 12:13:00,204,204,204,204,0
2022-07-19 12:14:00,204,204,204,204,0
2022-07-19 12:15:00,204,204,204,204,0
2022-07-19 12:16:00,204,204,204,204,0
2022-07-19 12:17:00,204,204,204,204,0
2022-07-19 12:18:00,204,204,204,204,0
2022-07-19 12:19:00,204,204,204,204,0
2022-07-19 12:20:00,204,204,204,204,0
2022-07-19 12:21:00,204,204,204,204,0
2022-07-19 12:22:00,204,204,204,204,0
2022-07-19 12:23:00,204,204,204,204,0
2022-07-19 12:24:00,204,204,204,204,0
2022-07-19 12:25:00,204,204,204,204,0
2022-07-19 12:26:00,204,204,204,204,0
2022-07-19 12:27:00,204,204,204,204,0
2022-07-19 12:28:00,204,204,204,204,0
2022-07-19 12:29:00,204,204,204,204,0
2022-07-19 12:30:00,204,204,204,204,0
2022-07-19 12:31:00,204,204,204,204,0
2022-07-19 12:32:00,204,204,204,204,0
2022-07-19 12:33:00,204,204,204,204,0
2022-07-19 12:34:00,204,204,204,204,0
2022-07-19 12:35:00,204,204,204,204,0
2022-07-19 12:36:00,204,204,204,204,0
2022-07-19 12:37:00,204,204,204,204,0
2022-07-19 12:38:00,204,204,204,204,0
2022-07-19 12:39:00,204,204,204,204,0
2022-07-19 12:40:00,204,204,204,204,0
2022-07-19 12:41:00,204,204,204,204,0
2022-07-19 12:42:00,204,204,204,204,0
2022-07-19 12:43:00,204,204,204,204,0
2022-07-19 12:44:00,204,204,204,204,0
2022-07-19 12:45:00,204,204,204,204,0
2022-07-19 12:46:00,204,204,204,204,0
2022-07-19 12:47:00,204,204,204,204,0
2022-07-19 12:48:00,204,204,204,204,0
2022-07-19 12:49:00,204,204,204,204,0
2022-07-19 12:50:00,204,204,204,204,0
2022-07-19 12:51:00,204,204,204,204,0
2022-07-19 12:52:00,204,204,204,204,0
2022-07-19 12:53:00,204,204,204,204,0
2022-07-19 12:54:00,204,204,204,204,0
2022-07-19 12:55:00,204,204,204,204,0
2022-07-19 12:56:00,204,204,204,204,0
2022-07-19 12:57:00,204,204,204,204,0
2022-07-19 12:58:00,204,204,204,204,0
2022-07-19 12:59:00,204,204,204,204,0
2022-07-19 13:00:00,204,204,204,204,0
2022-07-19 13:01:00,204,204,204,204,0
2022-07-19 13:02:00,204,204,204,204,0
2022-07-19 13:03:00,204,204,204,204,0
2022-07-19 13:04:00,204,204,204,204,0
2022-07-19 13:05:00,204,204,204,204,0
2022-07-19 13:06:00,204,204,204,204,0
2022-07-19 13:07:00,204,204,204,204,0
2022-07-19 13:08:00,204,204,204,204,0
2022-07-19 13:09:00,204,204,204,204,0
2022-07-19 13:10:00,204,204,204,204,0
2022-07-19 13:11:00,204,204,204,204,0
2022-07-19 13:12:00,204,204,204,204,0
2022-07-19 13:13:00,204,204,204,204,0
2022-07-19 13:14:00,204,204,204,204,0
2022-07-19 13:15:00,204,204,204,204,0
2022-07-19 13:16:00,204,204,204,204,0
2022-07-19 13:17:00,204,204,204,204,0
2022-07-19 13:18:00,204,204,204,204,0
2022-07-19 13:19:00,204,204,204,204,0
2022-07-19 13:20:00,204,204,204,204,0
2022-07-19 13:21:00,204,204,204,204,0
2022-07-19 13:22:00,204,204,204,204,0
2022-07-19 13:23:00,204,204,204,204,0
2022-07-19 13:24:00,204,204,204,204,0
2022-07-19 13:25:00,204,204,204,204,0
2022-07-19 13:26:00,204,204,204,204,0
2022-07-19 13:27:00,204,204,204,204,0
2022-07-19 13:28:00,204,204,204,204,0
2022-07-19 13:29:00,204,204,204,204,0
2022-07-19 13:30:00,204,204,204,204,0
2022-07-19 13:31:00,204,204,204,204,0
2022-07-19 13:32:00,204,204,204,204,0
2022-07-19 13:33:00,204,204,204,204,0
2022-07-19 13:34:00,204,204,204,204,0
2022-07-19 13:35:00,204,204,204,204,0
2022-07-19 13:36:00,204,204,204,204,0
2022-07-19 13:37:00,204,204,204,204,0
2022-07-19 13:38:00,204,204,204,204,0
2022-07-19 13:39:00,204,204,204,204,0
2022-07-19 13:40:00,204,204,204,204,0
2022-07-19 13:41:00,204,204,204,204,0
2022-07-19 13:42:00,204,204,204,204,0
2022-07-19 13:43:00,204,204,204,204,0
2022-07-19 13:44:00,204,204,204,204,0
2022-07-19 13:45:00,204,204,204,204,0
2022-07-19 13:46:00,204,204,204,204,0
2022-07-19 13:47:00,204,204,204,204,0
2022-07-19 13:48:00,204,204,204,204,0
2022-07-19 13:49:00,204,204,204,204,0
2022-07-19 13:50:00,204,204,204,204,0
2022-07-19 13:51:00,204,204,204,204,0
2022-07-19 13:52:00,204,204,204,204,0
2022-07-19 13:53:00,204,204,204,204,0
2022-07-19 13:54:00,204,204,204,204,0
2022-07-19 13:55:00,204,204,204,204,0
2022-07-19 13:56:00,204,204,204,204,0
2022-07-19 13:57:00,204,204,204,204,0
2022-07-19 13:58:00,204,204,204,204,0
2022-07-19 13:59:00,204,204,204,204,0
2022-07-19 14:00:00,204,204,204,204,0
2022-07-19 14:01:00,204,204,204,204,0
2022-07-19 14:02:00,204,204,204,204,0
2022-07-19 14:03:00,204,204,204,204,0
2022-07-19 14:04:00,204,204,204,204,0
2022-07-19 14:05:00,204,204,204,204,0
2022-07-19 14:06:00,204,204,204,204,0
2022-07-19 14:07:00,204,204,204,204,0
2022-07-19 14:08:00,204,204,204,204,0
2022-07-19 14:09:00,204,204,204,204,0
2022-07-19 14:10:00,204,204,204,204,0
2022-07-19 14:11:00,204,204,204,204,0
2022-07-19 14:12:00,204,204,204,204,0
2022-07-19 14:13:00,204,204,204,204,0
2022-07-19 14:14:00,208,208,208,208,100
2022-07-19 14:15:00,208,208,208,208,0
2022-07-19 14:16:00,208,208,208,208,0
2022-07-19 14:17:00,208,208,208,208,0
2022-07-19 14:18:00,208,208,208,208,0
2022-07-19 14:19:00,208,208,208,208,0
2022-07-19 14:20:00,208,208,208,208,0
2022-07-19 14:21:00,208,208,208,208,0
2022-07-19 14:22:00,208,208,208,208,0
2022-07-19 14:23:00,208,208,208,208,0
2022-07-19 14:24:00,208,208,208,208,0
2022-07-19 14:25:00,208,208,208,208,0
2022-07-19 14:26:00,208,208,208,208,0
2022-07-19 14:27:00,208,208,208,208,0
2022-07-19 14:28:00,208,208,208,208,0
2022-07-19 14:29:00,208,208,208,208,0
2022-07-19 14:30:00,208,208,208,208,0
2022-07-19 14:31:00,208,208,208,208,0
2022-07-19 14:32:00,208,208,208,208,0
2022-07-19 14:33:00,208,208,208,208,0
2022-07-19 14:34:00,208,208,208,208,0
2022-07-19 14:35:00,208,208,208,208,0
2022-07-19 14:36:00,208,208,208,208,0
2022-07-19 14:37:00,208,208,208,208,0
2022-07-19 14:38:00,208,208,208,208,0
2022-07-19 14:39:00,208,208,208,208,0
2022-07-19 14:40:00,208,208,208,208,0
2022-07-19 14:41:00,208,208,208,208,0
2022-07-19 14:42:00,208,208,208,208,0
2022-07-19 14:43:00,208,208,208,208,0
2022-07-19 14:44:00,208,208,208,208,0
2022-07-19 14:45:00,208,208,208,208,0
2022-07-19 14:46:00,208,208,208,208,0
2022-07-19 14:47:00,208,208,208,208,0
2022-07-19 14:48:00,208,208,208,208,0
2022-07-19 14:49:00,208,208,208,208,0
2022-07-19 14:50:00,208,208,208,208,0
2022-07-19 14:51:00,208,208,208,208,0
2022-07-19 14:52:00,208,208,208,208,0
2022-07-19 14:53:00,208,208,208,208,0
2022-07-19 14:54:00,208,208,208,208,0
2022-07-19 14:55:00,208,208,208,208,0
2022-07-19 14:56:00,208,208,208,208,0
2022-07-19 14:57:00,208,208,208,208,0
2022-07-19 14:58:00,208,208,208,208,0
2022-07-19 14:59:00,208,208,208,208,0
2022-07-19 15:00:00,210,210,210,210,0
2022-07-19 15:01:00,210,210,210,210,0
2022-07-19 15:02:00,210,210,210,210,0
2022-07-19 15:03:00,210,210,210,210,0
2022-07-19 15:04:00,210,210,210,210,0
2022-07-19 15:05:00,210,210,210,210,0
2022-07-19 15:06:00,210,210,210,210,0
2022-07-19 15:07:00,210,210,210,210,0
2022-07-19 15:08:00,210,210,210,210,0
2022-07-19 15:09:00,210,210,210,210,0
2022-07-19 15:10:00,210,210,210,210,0
2022-07-19 15:11:00,210,210,210,210,0
2022-07-19 15:12:00,210,210,210,210,0
2022-07-19 15:13:00,210,210,210,210,0
2022-07-19 15:14:00,210,210,210,210,0
2022-07-19 15:15:00,210,210,210,210,0
2022-07-19 15:16:00,210,210,210,210,0
2022-07-19 15:17:00,210,210,210,210,0
2022-07-19 15:18:00,210,210,210,210,0
2022-07-19 15:19:00,210,210,210,210,0
2022-07-19 15:20:00,210,210,210,210,0
2022-07-19 15:21:00,210,210,210,210,0
2022-07-19 15:22:00,210,210,210,210,0
2022-07-19 15:23:00,210,210,210,210,0
2022-07-19 15:24:00,210,210,210,210,0
2022-07-19 15:25:00,210,210,210,210,0
2022-07-19 15:26:00,210,210,210,210,0
2022-07-19 15:27:00,210,210,210,210,0
2022-07-19 15:28:00,210,210,210,210,0
2022-07-19 15:29:00,210,210,210,210,0
2022-07-19 15:30:00,210,210,210,210,0
2022-07-19 15:31:00,210,210,210,210,0
2022-07-19 15:32:00,210,210,210,210,0
2022-07-19 15:33:00,210,210,210,210,0
2022-07-19 15:34:00,210,210,210,210,0
2022-07-19 15:35:00,210,210,210,210,0
2022-07-19 15:36:00,210,210,210,210,0
2022-07-19 15:37:00,210,210,210,210,0
2022-07-19 15:38:00,210,210,210,210,0
2022-07-19 15:39:00,210,210,210,210,0
2022-07-19 15:40:00,210,210,210,210,0
2022-07-19 15:41:00,210,210,210,210,0
2022-07-19 15:42:00,210,210,210,210,0
2022-07-19 15:43:00,210,210,210,210,0
2022-07-19 15:44:00,210,210,210,210,0
2022-07-19 15:45:00,210,210,210,210,0
2022-07-19 15:46:00,210,210,210,210,0
2022-07-19 15:47:00,210,210,210,210,0
2022-07-19 15:48:00,210,210,210,210,0
2022-07-19 15:49:00,210,210,210,210,0
2022-07-19 15:50:00,210,210,210,210,0
2022-07-19 15:51:00,210,210,210,210,0
2022-07-19 15:52:00,210,210,210,210,0
2022-07-19 15:53:00,210,210,210,210,0
2022-07-19 15:54:00,210,210,210,210,0
2022-07-19 15:55:00,210,210,210,210,0
2022-07-19 15:56:00,210,210,210,210,0
2022-07-19 15:57:00,210,210,210,210,0
2022-07-19 15:58:00,210,210,210,210,0
2022-07-19 15:59:00,210,210,210,210,0
2022-07-20 09:00:00,210,210,210,210,1000
2022-07-20 09:01:00,210,210,210,210,0
2022-07-20 09:02:00,210,210,210,210,300
2022-07-20 09:03:00,210,210,210,210,0
2022-07-20 09:04:00,210,210,210,210,0
2022-07-20 09:05:00,210,210,210,210,0
2022-07-20 09:06:00,210,210,210,210,0
2022-07-20 09:07:00,210,210,210,210,0
2022-07-20 09:08:00,210,210,210,210,0
2022-07-20 09:09:00,210,210,210,210,6900
2022-07-20 09:10:00,210,210,210,210,0
2022-07-20 09:11:00,210,210,210,210,0
2022-07-20 09:12:00,210,210,210,210,0
2022-07-20 09:13:00,210,210,210,210,0
2022-07-20 09:14:00,210,210,210,210,0
2022-07-20 09:15:00,210,210,210,210,0
2022-07-20 09:16:00,210,210,210,210,0
2022-07-20 09:17:00,210,210,210,210,0
2022-07-20 09:18:00,210,210,210,210,0
2022-07-20 09:19:00,210,210,210,210,0
2022-07-20 09:20:00,210,210,210,210,0
2022-07-20 09:21:00,210,210,210,210,0
2022-07-20 09:22:00,210,210,210,210,0
2022-07-20 09:23:00,210,210,210,210,0
2022-07-20 09:24:00,210,210,210,210,0
2022-07-20 09:25:00,210,210,210,210,0
2022-07-20 09:26:00,210,210,210,210,0
2022-07-20 09:27:00,210,210,210,210,0
2022-07-20 09:28:00,210,210,210,210,0
2022-07-20 09:29:00,210,210,210,210,0
2022-07-20 09:30:00,210,210,210,210,0
2022-07-20 09:31:00,210,210,210,210,0
2022-07-20 09:32:00,210,210,210,210,0
2022-07-20 09:33:00,210,210,210,210,0
2022-07-20 09:34:00,210,210,210,210,0
2022-07-20 09:35:00,210,210,210,210,0
2022-07-20 09:36:00,210,210,210,210,0
2022-07-20 09:37:00,210,210,210,210,0
2022-07-20 09:38:00,210,210,210,210,0
2022-07-20 09:39:00,210,210,210,210,0
2022-07-20 09:40:00,210,210,210,210,0
2022-07-20 09:41:00,210,210,210,210,0
2022-07-20 09:42:00,210,210,210,210,0
2022-07-20 09:43:00,210,210,210,210,0
2022-07-20 09:44:00,210,210,210,210,0
2022-07-20 09:45:00,210,210,210,210,0
2022-07-20 09:46:00,210,210,210,210,0
2022-07-20 09:47:00,210,210,210,210,0
2022-07-20 09:48:00,210,210,210,210,0
2022-07-20 09:49:00,210,210,210,210,0
2022-07-20 09:50:00,210,210,210,210,0
2022-07-20 09:51:00,210,210,210,210,0
2022-07-20 09:52:00,210,210,210,210,0
2022-07-20 09:53:00,210,210,210,210,0
2022-07-20 09:54:00,210,210,210,210,0
2022-07-20 09:55:00,210,210,210,210,0
2022-07-20 09:56:00,210,210,210,210,0
2022-07-20 09:57:00,210,210,210,210,0
2022-07-20 09:58:00,210,210,210,210,0
2022-07-20 09:59:00,210,210,210,210,0
2022-07-20 10:00:00,210,210,210,210,0
2022-07-20 10:01:00,210,210,210,210,0
2022-07-20 10:02:00,210,210,210,210,0
2022-07-20 10:03:00,210,210,210,210,0
2022-07-20 10:04:00,210,210,210,210,0
2022-07-20 10:05:00,210,210,210,210,0
2022-07-20 10:06:00,210,210,210,210,0
2022-07-20 10:07:00,210,210,210,210,0
2022-07-20 10:08:00,210,210,210,210,0
2022-07-20 10:09:00,210,210,210,210,0
2022-07-20 10:10:00,210,210,210,210,0
2022-07-20 10:11:00,210,210,210,210,0
2022-07-20 10:12:00,210,210,210,210,0
2022-07-20 10:13:00,210,210,210,210,0
2022-07-20 10:14:00,210,210,210,210,0
2022-07-20 10:15:00,210,210,210,210,0
2022-07-20 10:16:00,210,210,210,210,0
2022-07-20 10:17:00,210,210,210,210,0
2022-07-20 10:18:00,210,210,210,210,0
2022-07-20 10:19:00,210,210,210,210,0
2022-07-20 10:20:00,210,210,210,210,0
2022-07-20 10:21:00,210,210,210,210,0
2022-07-20 10:22:00,210,210,210,210,0
2022-07-20 10:23:00,210,210,210,210,0
2022-07-20 10:24:00,210,210,210,210,0
2022-07-20 10:25:00,210,210,210,210,0
2022-07-20 10:26:00,210,210,210,210,2900
2022-07-20 10:27:00,210,210,210,210,0
2022-07-20 10:28:00,210,210,210,210,0
2022-07-20 10:29:00,210,210,210,210,0
2022-07-20 10:30:00,210,210,210,210,0
2022-07-20 10:31:00,210,210,210,210,0
2022-07-20 10:32:00,210,210,210,210,0
2022-07-20 10:33:00,210,210,210,210,0
2022-07-20 10:34:00,210,210,210,210,0
2022-07-20 10:35:00,210,210,210,210,0
2022-07-20 10:36:00,210,210,210,210,0
2022-07-20 10:37:00,210,210,210,210,0
2022-07-20 10:38:00,210,210,210,210,0
2022-07-20 10:39:00,210,210,210,210,0
2022-07-20 10:40:00,210,210,210,210,0
2022-07-20 10:41:00,210,210,210,210,0
2022-07-20 10:42:00,210,210,210,210,0
2022-07-20 10:43:00,210,210,210,210,0
2022-07-20 10:44:00,210,210,210,210,0
2022-07-20 10:45:00,210,210,210,210,0
2022-07-20 10:46:00,210,210,210,210,0
2022-07-20 10:47:00,210,210,210,210,0
2022-07-20 10:48:00,210,210,210,210,0
2022-07-20 10:49:00,210,210,210,210,0
2022-07-20 10:50:00,210,210,210,210,0
2022-07-20 10:51:00,210,210,210,210,0
2022-07-20 10:52:00,210,210,210,210,0
2022-07-20 10:53:00,210,210,210,210,0
2022-07-20 10:54:00,210,210,210,210,0
2022-07-20 10:55:00,210,210,210,210,0
2022-07-20 10:56:00,210,210,210,210,0
2022-07-20 10:57:00,210,210,210,210,0
2022-07-20 10:58:00,210,210,210,210,0
2022-07-20 10:59:00,210,210,210,210,0
2022-07-20 11:00:00,210,210,210,210,0
2022-07-20 11:01:00,210,210,210,210,0
2022-07-20 11:02:00,210,210,210,210,0
2022-07-20 11:03:00,210,210,210,210,0
2022-07-20 11:04:00,210,210,210,210,0
2022-07-20 11:05:00,210,210,210,210,0
2022-07-20 11:06:00,210,210,210,210,0
2022-07-20 11:07:00,210,210,210,210,0
2022-07-20 11:08:00,210,210,210,210,0
2022-07-20 11:09:00,210,210,210,210,0
2022-07-20 11:10:00,210,210,210,210,0
2022-07-20 11:11:00,210,210,210,210,0
2022-07-20 11:12:00,210,210,210,210,0
2022-07-20 11:13:00,210,210,210,210,0
2022-07-20 11:14:00,210,210,210,210,0
2022-07-20 11:15:00,210,210,210,210,0
2022-07-20 11:16:00,210,210,210,210,0
2022-07-20 11:17:00,210,210,210,210,0
2022-07-20 11:18:00,210,210,210,210,0
2022-07-20 11:19:00,210,210,210,210,0
2022-07-20 11:20:00,210,210,210,210,0
2022-07-20 11:21:00,210,210,210,210,0
2022-07-20 11:22:00,210,210,210,210,0
2022-07-20 11:23:00,210,210,210,210,0
2022-07-20 11:24:00,210,210,210,210,0
2022-07-20 11:25:00,210,210,210,210,0
2022-07-20 11:26:00,210,210,210,210,0
2022-07-20 11:27:00,210,210,210,210,0
2022-07-20 11:28:00,210,210,210,210,0
2022-07-20 11:29:00,210,210,210,210,0
2022-07-20 11:30:00,210,210,210,210,0
2022-07-20 11:31:00,210,210,210,210,0
2022-07-20 11:32:00,210,210,210,210,0
2022-07-20 11:33:00,210,210,210,210,0
2022-07-20 11:34:00,210,210,210,210,0
2022-07-20 11:35:00,210,210,210,210,0
2022-07-20 11:36:00,210,210,210,210,0
2022-07-20 11:37:00,210,210,210,210,0
2022-07-20 11:38:00,210,210,210,210,0
2022-07-20 11:39:00,210,210,210,210,0
2022-07-20 11:40:00,210,210,210,210,0
2022-07-20 11:41:00,210,210,210,210,0
2022-07-20 11:42:00,210,210,210,210,0
2022-07-20 11:43:00,210,210,210,210,0
2022-07-20 11:44:00,210,210,210,210,0
2022-07-20 11:45:00,210,210,210,210,0
2022-07-20 11:46:00,210,210,210,210,0
2022-07-20 11:47:00,210,210,210,210,0
2022-07-20 11:48:00,210,210,210,210,0
2022-07-20 11:49:00,210,210,210,210,0
2022-07-20 11:50:00,210,210,210,210,0
2022-07-20 11:51:00,210,210,210,210,0
2022-07-20 11:52:00,210,210,210,210,0
2022-07-20 11:53:00,210,210,210,210,0
2022-07-20 11:54:00,210,210,210,210,0
2022-07-20 11:55:00,210,210,210,210,0
2022-07-20 11:56:00,210,210,210,210,0
2022-07-20 11:57:00,210,210,210,210,0
2022-07-20 11:58:00,210,210,210,210,0
2022-07-20 11:59:00,210,210,210,210,0
2022-07-20 12:00:00,210,210,210,210,0
2022-07-20 12:01:00,210,210,210,210,0
2022-07-20 12:02:00,210,210,210,210,0
2022-07-20 12:03:00,210,210,210,210,0
2022-07-20 12:04:00,210,210,210,210,0
2022-07-20 12:05:00,210,210,210,210,0
2022-07-20 12:06:00,210,210,210,210,0
2022-07-20 12:07:00,210,210,210,210,0
2022-07-20 12:08:00,210,210,210,210,0
2022-07-20 12:09:00,210,210,210,210,0
2022-07-20 12:10:00,210,210,210,210,0
2022-07-20 12:11:00,210,210,210,210,0
2022-07-20 12:12:00,210,210,210,210,0
2022-07-20 12:13:00,210,210,210,210,0
2022-07-20 12:14:00,210,210,210,210,0
2022-07-20 12:15:00,210,210,210,210,0
2022-07-20 12:16:00,210,210,210,210,0
2022-07-20 12:17:00,210,210,210,210,0
2022-07-20 12:18:00,210,210,210,210,0
2022-07-20 12:19:00,210,210,210,210,0
2022-07-20 12:20:00,210,210,210,210,0
2022-07-20 12:21:00,210,210,210,210,0
2022-07-20 12:22:00,210,210,210,210,0
2022-07-20 12:23:00,210,210,210,210,0
2022-07-20 12:24:00,210,210,210,210,0
2022-07-20 12:25:00,210,210,210,210,0
2022-07-20 12:26:00,210,210,210,210,0
2022-07-20 12:27:00,210,210,210,210,0
2022-07-20 12:28:00,210,210,210,210,0
2022-07-20 12:29:00,210,210,210,210,0
2022-07-20 12:30:00,210,210,210,210,0
2022-07-20 12:31:00,210,210,210,210,0
2022-07-20 12:32:00,210,210,210,210,0
2022-07-20 12:33:00,210,210,210,210,0
2022-07-20 12:34:00,210,210,210,210,0
2022-07-20 12:35:00,210,210,210,210,0
2022-07-20 12:36:00,210,210,210,210,0
2022-07-20 12:37:00,210,210,210,210,0
2022-07-20 12:38:00,210,210,210,210,0
2022-07-20 12:39:00,210,210,210,210,0
2022-07-20 12:40:00,210,210,210,210,0
2022-07-20 12:41:00,210,210,210,210,0
2022-07-20 12:42:00,210,210,210,210,0
2022-07-20 12:43:00,210,210,210,210,0
2022-07-20 12:44:00,210,210,210,210,0
2022-07-20 12:45:00,210,210,210,210,0
2022-07-20 12:46:00,210,210,210,210,0
2022-07-20 12:47:00,210,210,210,210,0
2022-07-20 12:48:00,210,210,210,210,0
2022-07-20 12:49:00,210,210,210,210,0
2022-07-20 12:50:00,210,210,210,210,0
2022-07-20 12:51:00,210,210,210,210,0
2022-07-20 12:52:00,210,210,210,210,0
2022-07-20 12:53:00,210,210,210,210,0
2022-07-20 12:54:00,210,210,210,210,0
2022-07-20 12:55:00,210,210,210,210,0
2022-07-20 12:56:00,210,210,210,210,0
2022-07-20 12:57:00,210,210,210,210,0
2022-07-20 12:58:00,210,210,210,210,0
2022-07-20 12:59:00,210,210,210,210,0
2022-07-20 13:00:00,210,210,210,210,0
2022-07-20 13:01:00,210,210,210,210,0
2022-07-20 13:02:00,210,210,210,210,0
2022-07-20 13:03:00,210,210,210,210,0
2022-07-20 13:04:00,210,210,210,210,0
2022-07-20 13:05:00,210,210,210,210,0
2022-07-20 13:06:00,210,210,210,210,0
2022-07-20 13:07:00,210,210,210,210,0
2022-07-20 13:08:00,210,210,210,210,0
2022-07-20 13:09:00,210,210,210,210,0
2022-07-20 13:10:00,210,210,210,210,0
2022-07-20 13:11:00,210,210,210,210,0
2022-07-20 13:12:00,210,210,210,210,0
2022-07-20 13:13:00,210,210,210,210,0
2022-07-20 13:14:00,210,210,210,210,0
2022-07-20 13:15:00,210,210,210,210,0
2022-07-20 13:16:00,210,210,210,210,0
2022-07-20 13:17:00,210,210,210,210,0
2022-07-20 13:18:00,210,210,210,210,0
2022-07-20 13:19:00,210,210,210,210,0
2022-07-20 13:20:00,210,210,210,210,0
2022-07-20 13:21:00,210,210,210,210,0
2022-07-20 13:22:00,210,210,210,210,0
2022-07-20 13:23:00,210,210,210,210,0
2022-07-20 13:24:00,210,210,210,210,0
2022-07-20 13:25:00,210,210,210,210,0
2022-07-20 13:26:00,210,210,210,210,0
2022-07-20 13:27:00,210,210,210,210,0
2022-07-20 13:28:00,210,210,210,210,0
2022-07-20 13:29:00,210,210,210,210,0
2022-07-20 13:30:00,210,210,210,210,0
2022-07-20 13:31:00,210,210,210,210,0
2022-07-20 13:32:00,210,210,210,210,0
2022-07-20 13:33:00,210,210,210,210,0
2022-07-20 13:34:00,210,210,210,210,0
2022-07-20 13:35:00,210,210,210,210,0
2022-07-20 13:36:00,210,210,210,210,0
2022-07-20 13:37:00,210,210,210,210,0
2022-07-20 13:38:00,210,210,210,210,0
2022-07-20 13:39:00,210,210,210,210,0
2022-07-20 13:40:00,210,210,210,210,0
2022-07-20 13:41:00,210,210,210,210,0
2022-07-20 13:42:00,210,210,210,210,0
2022-07-20 13:43:00,210,210,210,210,0
2022-07-20 13:44:00,210,210,210,210,0
2022-07-20 13:45:00,210,210,210,210,0
2022-07-20 13:46:00,210,210,210,210,0
2022-07-20 13:47:00,210,210,210,210,0
2022-07-20 13:48:00,210,210,210,210,0
2022-07-20 13:49:00,210,210,210,210,0
2022-07-20 13:50:00,210,210,210,210,0
2022-07-20 13:51:00,210,210,210,210,0
2022-07-20 13:52:00,210,210,210,210,0
2022-07-20 13:53:00,210,210,210,210,0
2022-07-20 13:54:00,210,210,210,210,0
2022-07-20 13:55:00,210,210,210,210,0
2022-07-20 13:56:00,210,210,210,210,0
2022-07-20 13:57:00,210,210,210,210,0
2022-07-20 13:58:00,210,210,210,210,0
2022-07-20 13:59:00,210,210,210,210,0
2022-07-20 14:00:00,210,210,210,210,0
2022-07-20 14:01:00,210,210,210,210,0
2022-07-20 14:02:00,210,210,210,210,0
2022-07-20 14:03:00,210,210,210,210,0
2022-07-20 14:04:00,210,210,210,210,0
2022-07-20 14:05:00,210,210,210,210,0
2022-07-20 14:06:00,210,210,210,210,0
2022-07-20 14:07:00,210,210,210,210,0
2022-07-20 14:08:00,210,210,210,210,0
2022-07-20 14:09:00,210,210,210,210,0
2022-07-20 14:10:00,210,210,210,210,0
2022-07-20 14:11:00,210,210,210,210,0
2022-07-20 14:12:00,210,210,210,210,0
2022-07-20 14:13:00,210,210,210,210,0
2022-07-20 14:14:00,210,210,210,210,0
2022-07-20 14:15:00,210,210,210,210,0
2022-07-20 14:16:00,210,210,210,210,0
2022-07-20 14:17:00,210,210,210,210,0
2022-07-20 14:18:00,210,210,210,210,0
2022-07-20 14:19:00,210,210,210,210,0
2022-07-20 14:20:00,210,210,210,210,0
2022-07-20 14:21:00,210,210,210,210,0
2022-07-20 14:22:00,210,210,210,210,0
2022-07-20 14:23:00,210,210,210,210,0
2022-07-20 14:24:00,210,210,210,210,0
2022-07-20 14:25:00,210,210,210,210,0
2022-07-20 14:26:00,210,210,210,210,0
2022-07-20 14:27:00,210,210,210,210,0
2022-07-20 14:28:00,210,210,210,210,0
2022-07-20 14:29:00,210,210,210,210,0
2022-07-20 14:30:00,210,210,210,210,0
2022-07-20 14:31:00,210,210,210,210,0
2022-07-20 14:32:00,210,210,210,210,0
2022-07-20 14:33:00,210,210,210,210,0
2022-07-20 14:34:00,210,210,210,210,0
2022-07-20 14:35:00,210,210,210,210,0
2022-07-20 14:36:00,210,210,210,210,0
2022-07-20 14:37:00,210,210,210,210,0
2022-07-20 14:38:00,210,210,210,210,0
2022-07-20 14:39:00,210,210,210,210,0
2022-07-20 14:40:00,210,210,210,210,0
2022-07-20 14:41:00,210,210,210,210,0
2022-07-20 14:42:00,210,210,210,210,0
2022-07-20 14:43:00,210,210,210,210,0
2022-07-20 14:44:00,210,210,210,210,0
2022-07-20 14:45:00,210,210,210,210,0
2022-07-20 14:46:00,210,210,210,210,0
2022-07-20 14:47:00,210,210,210,210,0
2022-07-20 14:48:00,210,210,210,210,0
2022-07-20 14:49:00,210,210,210,210,0
2022-07-20 14:50:00,210,210,210,210,0
2022-07-20 14:51:00,210,210,210,210,0
2022-07-20 14:52:00,210,210,210,210,0
2022-07-20 14:53:00,210,210,210,210,0
2022-07-20 14:54:00,210,210,210,210,0
2022-07-20 14:55:00,210,210,210,210,0
2022-07-20 14:56:00,210,210,210,210,0
2022-07-20 14:57:00,210,210,210,210,0
2022-07-20 14:58:00,210,210,210,210,0
2022-07-20 14:59:00,210,210,210,210,0
2022-07-20 15:00:00,210,210,210,210,0
2022-07-20 15:01:00,210,210,210,210,0
2022-07-20 15:02:00,210,210,210,210,0
2022-07-20 15:03:00,210,210,210,210,0
2022-07-20 15:04:00,210,210,210,210,0
2022-07-20 15:05:00,210,210,210,210,0
2022-07-20 15:06:00,210,210,210,210,0
2022-07-20 15:07:00,210,210,210,210,0
2022-07-20 15:08:00,210,210,210,210,0
2022-07-20 15:09:00,210,210,210,210,0
2022-07-20 15:10:00,210,210,210,210,0
2022-07-20 15:11:00,210,210,210,210,0
2022-07-20 15:12:00,210,210,210,210,0
2022-07-20 15:13:00,210,210,210,210,0
2022-07-20 15:14:00,210,210,210,210,0
2022-07-20 15:15:00,210,210,210,210,0
2022-07-20 15:16:00,210,210,210,210,0
2022-07-20 15:17:00,210,210,210,210,0
2022-07-20 15:18:00,210,210,210,210,0
2022-07-20 15:19:00,210,210,210,210,0
2022-07-20 15:20:00,210,210,210,210,0
2022-07-20 15:21:00,210,210,210,210,0
2022-07-20 15:22:00,210,210,210,210,0
2022-07-20 15:23:00,210,210,210,210,0
2022-07-20 15:24:00,210,210,210,210,0
2022-07-20 15:25:00,210,210,210,210,0
2022-07-20 15:26:00,210,210,210,210,0
2022-07-20 15:27:00,210,210,210,210,0
2022-07-20 15:28:00,210,210,210,210,0
2022-07-20 15:29:00,210,210,210,210,0
2022-07-20 15:30:00,210,210,210,210,0
2022-07-20 15:31:00,210,210,210,210,0
2022-07-20 15:32:00,210,210,210,210,0
2022-07-20 15:33:00,210,210,210,210,0
2022-07-20 15:34:00,210,210,210,210,0
2022-07-20 15:35:00,210,210,210,210,0
2022-07-20 15:36:00,210,210,210,210,0
2022-07-20 15:37:00,210,210,210,210,0
2022-07-20 15:38:00,210,210,210,210,0
2022-07-20 15:39:00,210,210,210,210,0
2022-07-20 15:40:00,210,210,210,210,0
2022-07-20 15:41:00,210,210,210,210,0
2022-07-20 15:42:00,210,210,210,210,0
2022-07-20 15:43:00,210,210,210,210,0
2022-07-20 15:44:00,210,210,210,210,0
2022-07-20 15:45:00,210,210,210,210,0
2022-07-20 15:46:00,210,210,210,210,0
2022-07-20 15:47:00,210,210,210,210,0
2022-07-20 15:48:00,210,210,210,210,0
2022-07-20 15:49:00,210,210,210,210,0
2022-07-20 15:50:00,210,210,210,210,0
2022-07-20 15:51:00,210,210,210,210,0
2022-07-20 15:52:00,210,210,210,210,0
2022-07-20 15:53:00,210,210,210,210,0
2022-07-20 15:54:00,210,210,210,210,0
2022-07-20 15:55:00,210,210,210,210,0
2022-07-20 15:56:00,210,210,210,210,0
2022-07-20 15:57:00,210,210,210,210,0
2022-07-20 15:58:00,210,210,210,210,0
2022-07-20 15:59:00,210,210,210,210,0
2022-07-21 09:00:00,210,210,210,210,100
2022-07-21 09:01:00,210,210,210,210,0
2022-07-21 09:02:00,210,210,210,210,0
2022-07-21 09:03:00,210,210,210,210,0
2022-07-21 09:04:00,210,210,210,210,0
2022-07-21 09:05:00,210,210,210,210,0
2022-07-21 09:06:00,210,210,210,210,0
2022-07-21 09:07:00,210,210,210,210,0
2022-07-21 09:08:00,210,210,210,210,0
2022-07-21 09:09:00,210,210,210,210,0
2022-07-21 09:10:00,210,210,210,210,0
2022-07-21 09:11:00,210,210,210,210,0
2022-07-21 09:12:00,210,210,210,210,0
2022-07-21 09:13:00,210,210,210,210,0
2022-07-21 09:14:00,210,210,210,210,0
2022-07-21 09:15:00,210,210,210,210,0
2022-07-21 09:16:00,210,210,210,210,0
2022-07-21 09:17:00,210,210,210,210,0
2022-07-21 09:18:00,210,210,210,210,0
2022-07-21 09:19:00,210,210,210,210,0
2022-07-21 09:20:00,210,210,210,210,0
2022-07-21 09:21:00,210,210,210,210,0
2022-07-21 09:22:00,210,210,210,210,0
2022-07-21 09:23:00,210,210,210,210,0
2022-07-21 09:24:00,210,210,210,210,0
2022-07-21 09:25:00,210,210,210,210,0
2022-07-21 09:26:00,210,210,210,210,0
2022-07-21 09:27:00,210,210,210,210,0
2022-07-21 09:28:00,210,210,210,210,0
2022-07-21 09:29:00,210,210,210,210,0
2022-07-21 09:30:00,210,210,210,210,0
2022-07-21 09:31:00,210,210,210,210,0
2022-07-21 09:32:00,210,210,210,210,0
2022-07-21 09:33:00,210,210,210,210,0
2022-07-21 09:34:00,210,210,210,210,0
2022-07-21 09:35:00,210,210,210,210,0
2022-07-21 09:36:00,210,210,210,210,0
2022-07-21 09:37:00,210,210,210,210,0
2022-07-21 09:38:00,210,210,210,210,0
2022-07-21 09:39:00,210,210,210,210,0
2022-07-21 09:40:00,210,210,210,210,0
2022-07-21 09:41:00,210,210,210,210,0
2022-07-21 09:42:00,210,210,210,210,0
2022-07-21 09:43:00,210,210,210,210,0
2022-07-21 09:44:00,210,210,210,210,400
2022-07-21 09:45:00,210,210,210,210,0
2022-07-21 09:46:00,210,210,210,210,0
2022-07-21 09:47:00,210,210,210,210,0
2022-07-21 09:48:00,210,210,210,210,0
2022-07-21 09:49:00,210,210,210,210,0
2022-07-21 09:50:00,210,210,210,210,0
2022-07-21 09:51:00,210,210,210,210,0
2022-07-21 09:52:00,210,210,210,210,0
2022-07-21 09:53:00,210,210,210,210,0
2022-07-21 09:54:00,210,210,210,210,0
2022-07-21 09:55:00,210,210,210,210,0
2022-07-21 09:56:00,210,210,210,210,0
2022-07-21 09:57:00,210,210,210,210,0
2022-07-21 09:58:00,210,210,210,210,0
2022-07-21 09:59:00,210,210,210,210,0
2022-07-21 10:00:00,210,210,210,210,0
2022-07-21 10:01:00,210,210,210,210,0
2022-07-21 10:02:00,210,210,210,210,0
2022-07-21 10:03:00,210,210,210,210,0
2022-07-21 10:04:00,210,210,210,210,0
2022-07-21 10:05:00,210,210,210,210,0
2022-07-21 10:06:00,210,210,210,210,0
2022-07-21 10:07:00,210,210,210,210,0
2022-07-21 10:08:00,210,210,210,210,0
2022-07-21 10:09:00,210,210,210,210,0
2022-07-21 10:10:00,210,210,210,210,0
2022-07-21 10:11:00,210,210,210,210,0
2022-07-21 10:12:00,210,210,210,210,0
2022-07-21 10:13:00,210,210,210,210,0
2022-07-21 10:14:00,210,210,210,210,0
2022-07-21 10:15:00,210,210,210,210,0
2022-07-21 10:16:00,210,210,210,210,100
2022-07-21 10:17:00,210,210,210,210,0
2022-07-21 10:18:00,210,210,210,210,0
2022-07-21 10:19:00,210,210,210,210,0
2022-07-21 10:20:00,210,210,210,210,0
2022-07-21 10:21:00,210,210,210,210,0
2022-07-21 10:22:00,210,210,210,210,300
2022-07-21 10:23:00,210,210,210,210,0
2022-07-21 10:24:00,210,210,210,210,0
2022-07-21 10:25:00,210,210,210,210,0
2022-07-21 10:26:00,210,210,210,210,0
2022-07-21 10:27:00,210,210,210,210,0
2022-07-21 10:28:00,210,210,210,210,0
2022-07-21 10:29:00,210,210,210,210,0
2022-07-21 10:30:00,210,210,210,210,0
2022-07-21 10:31:00,210,210,210,210,0
2022-07-21 10:32:00,210,210,210,210,0
2022-07-21 10:33:00,210,210,210,210,0
2022-07-21 10:34:00,210,210,210,210,0
2022-07-21 10:35:00,210,210,210,210,0
2022-07-21 10:36:00,210,210,210,210,0
2022-07-21 10:37:00,210,210,210,210,0
2022-07-21 10:38:00,210,210,210,210,0
2022-07-21 10:39:00,210,210,210,210,0
2022-07-21 10:40:00,210,210,210,210,0
2022-07-21 10:41:00,210,210,210,210,0
2022-07-21 10:42:00,210,210,210,210,0
2022-07-21 10:43:00,210,210,210,210,0
2022-07-21 10:44:00,210,210,210,210,0
2022-07-21 10:45:00,210,210,210,210,0
2022-07-21 10:46:00,210,210,210,210,0
2022-07-21 10:47:00,210,210,210,210,0
2022-07-21 10:48:00,210,210,210,210,0
2022-07-21 10:49:00,210,210,210,210,0
2022-07-21 10:50:00,210,210,210,210,0
2022-07-21 10:51:00,210,210,210,210,0
2022-07-21 10:52:00,210,210,210,210,0
2022-07-21 10:53:00,210,210,210,210,0
2022-07-21 10:54:00,210,210,210,210,0
2022-07-21 10:55:00,210,210,210,210,0
2022-07-21 10:56:00,210,210,210,210,0
2022-07-21 10:57:00,210,210,210,210,0
2022-07-21 10:58:00,210,210,210,210,0
2022-07-21 10:59:00,210,210,210,210,0
2022-07-21 11:00:00,210,210,210,210,0
2022-07-21 11:01:00,210,210,210,210,0
2022-07-21 11:02:00,210,210,210,210,0
2022-07-21 11:03:00,210,210,210,210,0
2022-07-21 11:04:00,210,210,210,210,0
2022-07-21 11:05:00,210,210,210,210,0
2022-07-21 11:06:00,210,210,210,210,0
2022-07-21 11:07:00,210,210,210,210,0
2022-07-21 11:08:00,210,210,210,210,0
2022-07-21 11:09:00,210,210,210,210,0
2022-07-21 11:10:00,210,210,210,210,0
2022-07-21 11:11:00,210,210,210,210,0
2022-07-21 11:12:00,210,210,210,210,0
2022-07-21 11:13:00,210,210,210,210,0
2022-07-21 11:14:00,210,210,210,210,0
2022-07-21 11:15:00,210,210,210,210,0
2022-07-21 11:16:00,210,210,210,210,0
2022-07-21 11:17:00,210,210,210,210,0
2022-07-21 11:18:00,210,210,210,210,0
2022-07-21 11:19:00,210,210,210,210,0
2022-07-21 11:20:00,210,210,210,210,0
2022-07-21 11:21:00,210,210,210,210,0
2022-07-21 11:22:00,210,210,210,210,0
2022-07-21 11:23:00,210,210,210,210,0
2022-07-21 11:24:00,210,210,210,210,0
2022-07-21 11:25:00,210,210,210,210,0
2022-07-21 11:26:00,210,210,210,210,0
2022-07-21 11:27:00,210,210,210,210,0
2022-07-21 11:28:00,210,210,210,210,0
2022-07-21 11:29:00,210,210,210,210,0
2022-07-21 11:30:00,210,210,210,210,0
2022-07-21 11:31:00,210,210,210,210,0
2022-07-21 11:32:00,210,210,210,210,0
2022-07-21 11:33:00,210,210,210,210,0
2022-07-21 11:34:00,210,210,210,210,0
2022-07-21 11:35:00,210,210,210,210,0
2022-07-21 11:36:00,210,210,210,210,0
2022-07-21 11:37:00,210,210,210,210,0
2022-07-21 11:38:00,210,210,210,210,0
2022-07-21 11:39:00,210,210,210,210,0
2022-07-21 11:40:00,210,210,210,210,0
2022-07-21 11:41:00,210,210,210,210,0
2022-07-21 11:42:00,210,210,210,210,0
2022-07-21 11:43:00,210,210,210,210,0
2022-07-21 11:44:00,210,210,210,210,0
2022-07-21 11:45:00,210,210,210,210,0
2022-07-21 11:46:00,210,210,210,210,0
2022-07-21 11:47:00,210,210,210,210,0
2022-07-21 11:48:00,210,210,210,210,0
2022-07-21 11:49:00,210,210,210,210,0
2022-07-21 11:50:00,210,210,210,210,0
2022-07-21 11:51:00,210,210,210,210,0
2022-07-21 11:52:00,210,210,210,210,0
2022-07-21 11:53:00,210,210,210,210,0
2022-07-21 11:54:00,210,210,210,210,0
2022-07-21 11:55:00,210,210,210,210,0
2022-07-21 11:56:00,210,210,210,210,0
2022-07-21 11:57:00,210,210,210,210,0
2022-07-21 11:58:00,210,210,210,210,0
2022-07-21 11:59:00,210,210,210,210,0
2022-07-21 12:00:00,210,210,210,210,0
2022-07-21 12:01:00,210,210,210,210,0
2022-07-21 12:02:00,210,210,210,210,0
2022-07-21 12:03:00,210,210,210,210,0
2022-07-21 12:04:00,210,210,210,210,0
2022-07-21 12:05:00,210,210,210,210,0
2022-07-21 12:06:00,210,210,210,210,0
2022-07-21 12:07:00,210,210,210,210,0
2022-07-21 12:08:00,210,210,210,210,0
2022-07-21 12:09:00,210,210,210,210,0
2022-07-21 12:10:00,210,210,210,210,0
2022-07-21 12:11:00,210,210,210,210,0
2022-07-21 12:12:00,210,210,210,210,0
2022-07-21 12:13:00,210,210,210,210,0
2022-07-21 12:14:00,210,210,210,210,0
2022-07-21 12:15:00,210,210,210,210,0
2022-07-21 12:16:00,210,210,210,210,0
2022-07-21 12:17:00,210,210,210,210,0
2022-07-21 12:18:00,210,210,210,210,0
2022-07-21 12:19:00,210,210,210,210,0
2022-07-21 12:20:00,210,210,210,210,0
2022-07-21 12:21:00,210,210,210,210,0
2022-07-21 12:22:00,210,210,210,210,0
2022-07-21 12:23:00,210,210,210,210,0
2022-07-21 12:24:00,210,210,210,210,0
2022-07-21 12:25:00,210,210,210,210,0
2022-07-21 12:26:00,210,210,210,210,0
2022-07-21 12:27:00,210,210,210,210,0
2022-07-21 12:28:00,210,210,210,210,0
2022-07-21 12:29:00,210,210,210,210,0
2022-07-21 12:30:00,210,210,210,210,0
2022-07-21 12:31:00,210,210,210,210,0
2022-07-21 12:32:00,210,210,210,210,0
2022-07-21 12:33:00,210,210,210,210,0
2022-07-21 12:34:00,210,210,210,210,0
2022-07-21 12:35:00,210,210,210,210,0
2022-07-21 12:36:00,210,210,210,210,0
2022-07-21 12:37:00,210,210,210,210,0
2022-07-21 12:38:00,210,210,210,210,0
2022-07-21 12:39:00,210,210,210,210,0
2022-07-21 12:40:00,210,210,210,210,0
2022-07-21 12:41:00,210,210,210,210,0
2022-07-21 12:42:00,210,210,210,210,0
2022-07-21 12:43:00,210,210,210,210,0
2022-07-21 12:44:00,210,210,210,210,0
2022-07-21 12:45:00,210,210,210,210,0
2022-07-21 12:46:00,210,210,210,210,0
2022-07-21 12:47:00,210,210,210,210,0
2022-07-21 12:48:00,210,210,210,210,0
2022-07-21 12:49:00,210,210,210,210,0
2022-07-21 12:50:00,210,210,210,210,0
2022-07-21 12:51:00,210,210,210,210,0
2022-07-21 12:52:00,210,210,210,210,0
2022-07-21 12:53:00,210,210,210,210,0
2022-07-21 12:54:00,210,210,210,210,0
2022-07-21 12:55:00,210,210,210,210,0
2022-07-21 12:56:00,210,210,210,210,0
2022-07-21 12:57:00,210,210,210,210,0
2022-07-21 12:58:00,210,210,210,210,0
2022-07-21 12:59:00,210,210,210,210,0
2022-07-21 13:00:00,210,210,210,210,0
2022-07-21 13:01:00,210,210,210,210,0
2022-07-21 13:02:00,210,210,210,210,0
2022-07-21 13:03:00,210,210,210,210,0
2022-07-21 13:04:00,210,210,210,210,0
2022-07-21 13:05:00,210,210,210,210,0
2022-07-21 13:06:00,210,210,210,210,0
2022-07-21 13:07:00,210,210,210,210,0
2022-07-21 13:08:00,210,210,210,210,0
2022-07-21 13:09:00,210,210,210,210,0
2022-07-21 13:10:00,210,210,210,210,0
2022-07-21 13:11:00,210,210,210,210,0
2022-07-21 13:12:00,210,210,210,210,0
2022-07-21 13:13:00,210,210,210,210,0
2022-07-21 13:14:00,210,210,210,210,0
2022-07-21 13:15:00,210,210,210,210,0
2022-07-21 13:16:00,210,210,210,210,0
2022-07-21 13:17:00,210,210,210,210,0
2022-07-21 13:18:00,210,210,210,210,0
2022-07-21 13:19:00,210,210,210,210,0
2022-07-21 13:20:00,210,210,210,210,0
2022-07-21 13:21:00,210,210,210,210,0
2022-07-21 13:22:00,210,210,210,210,0
2022-07-21 13:23:00,210,210,210,210,0
2022-07-21 13:24:00,210,210,210,210,0
2022-07-21 13:25:00,210,210,210,210,0
2022-07-21 13:26:00,210,210,210,210,0
2022-07-21 13:27:00,210,210,210,210,0
2022-07-21 13:28:00,210,210,210,210,0
2022-07-21 13:29:00,210,210,210,210,0
2022-07-21 13:30:00,212,212,214,214,200
2022-07-21 13:31:00,212,212,214,214,0
2022-07-21 13:32:00,212,212,214,214,0
2022-07-21 13:33:00,212,212,214,214,0
2022-07-21 13:34:00,212,212,214,214,0
2022-07-21 13:35:00,212,212,214,214,0
2022-07-21 13:36:00,212,212,214,214,0
2022-07-21 13:37:00,214,214,214,214,0
2022-07-21 13:38:00,214,214,214,214,0
2022-07-21 13:39:00,214,214,214,214,0
2022-07-21 13:40:00,214,214,214,214,0
2022-07-21 13:41:00,214,214,214,214,0
2022-07-21 13:42:00,214,214,214,214,0
2022-07-21 13:43:00,214,214,214,214,0
2022-07-21 13:44:00,214,214,214,214,0
2022-07-21 13:45:00,214,214,214,214,0
2022-07-21 13:46:00,214,214,214,214,0
2022-07-21 13:47:00,214,214,214,214,0
2022-07-21 13:48:00,214,214,214,214,0
2022-07-21 13:49:00,214,214,214,214,0
2022-07-21 13:50:00,214,214,214,214,0
2022-07-21 13:51:00,214,214,214,214,0
2022-07-21 13:52:00,214,214,214,214,0
2022-07-21 13:53:00,214,214,214,214,0
2022-07-21 13:54:00,214,214,214,214,0
2022-07-21 13:55:00,214,214,214,214,0
2022-07-21 13:56:00,214,214,214,214,0
2022-07-21 13:57:00,214,214,214,214,0
2022-07-21 13:58:00,214,214,214,214,0
2022-07-21 13:59:00,214,214,214,214,0
2022-07-21 14:00:00,214,214,214,214,0
2022-07-21 14:01:00,214,214,214,214,0
2022-07-21 14:02:00,214,214,214,214,0
2022-07-21 14:03:00,214,214,214,214,0
2022-07-21 14:04:00,214,214,214,214,0
2022-07-21 14:05:00,214,214,214,214,0
2022-07-21 14:06:00,214,214,214,214,0
2022-07-21 14:07:00,214,214,214,214,0
2022-07-21 14:08:00,214,214,214,214,0
2022-07-21 14:09:00,214,214,214,214,0
2022-07-21 14:10:00,214,214,214,214,0
2022-07-21 14:11:00,214,214,214,214,0
2022-07-21 14:12:00,214,214,214,214,0
2022-07-21 14:13:00,214,214,214,214,0
2022-07-21 14:14:00,214,214,214,214,0
2022-07-21 14:15:00,214,214,214,214,0
2022-07-21 14:16:00,214,214,214,214,0
2022-07-21 14:17:00,214,214,214,214,0
2022-07-21 14:18:00,214,214,214,214,0
2022-07-21 14:19:00,214,214,214,214,0
2022-07-21 14:20:00,214,214,214,214,0
2022-07-21 14:21:00,214,214,214,214,0
2022-07-21 14:22:00,214,214,214,214,0
2022-07-21 14:23:00,214,214,214,214,0
2022-07-21 14:24:00,214,214,214,214,0
2022-07-21 14:25:00,214,214,214,214,0
2022-07-21 14:26:00,214,214,214,214,0
2022-07-21 14:27:00,214,214,214,214,0
2022-07-21 14:28:00,214,214,214,214,0
2022-07-21 14:29:00,214,214,214,214,0
2022-07-21 14:30:00,214,214,214,214,0
2022-07-21 14:31:00,214,214,214,214,0
2022-07-21 14:32:00,214,214,214,214,0
2022-07-21 14:33:00,214,214,214,214,0
2022-07-21 14:34:00,214,214,214,214,0
2022-07-21 14:35:00,214,214,214,214,0
2022-07-21 14:36:00,214,214,214,214,0
2022-07-21 14:37:00,214,214,214,214,0
2022-07-21 14:38:00,214,214,214,214,0
2022-07-21 14:39:00,214,214,214,214,0
2022-07-21 14:40:00,214,214,214,214,0
2022-07-21 14:41:00,214,214,214,214,0
2022-07-21 14:42:00,214,214,214,214,0
2022-07-21 14:43:00,214,214,214,214,0
2022-07-21 14:44:00,214,214,214,214,0
2022-07-21 14:45:00,214,214,214,214,0
2022-07-21 14:46:00,214,214,214,214,0
2022-07-21 14:47:00,214,214,214,214,0
2022-07-21 14:48:00,214,214,214,214,0
2022-07-21 14:49:00,214,214,214,214,0
2022-07-21 14:50:00,214,214,214,214,0
2022-07-21 14:51:00,214,214,214,214,0
2022-07-21 14:52:00,214,214,214,214,0
2022-07-21 14:53:00,214,214,214,214,0
2022-07-21 14:54:00,214,214,214,214,0
2022-07-21 14:55:00,214,214,214,214,0
2022-07-21 14:56:00,214,214,214,214,0
2022-07-21 14:57:00,214,214,214,214,0
2022-07-21 14:58:00,214,214,214,214,0
2022-07-21 14:59:00,214,214,214,214,0
2022-07-21 15:00:00,214,214,214,214,0
2022-07-21 15:01:00,214,214,214,214,0
2022-07-21 15:02:00,214,214,214,214,0
2022-07-21 15:03:00,214,214,214,214,0
2022-07-21 15:04:00,214,214,214,214,0
2022-07-21 15:05:00,214,214,214,214,0
2022-07-21 15:06:00,214,214,214,214,0
2022-07-21 15:07:00,214,214,214,214,0
2022-07-21 15:08:00,214,214,214,214,0
2022-07-21 15:09:00,214,214,214,214,0
2022-07-21 15:10:00,214,214,214,214,0
2022-07-21 15:11:00,214,214,214,214,0
2022-07-21 15:12:00,214,214,214,214,0
2022-07-21 15:13:00,214,214,214,214,0
2022-07-21 15:14:00,214,214,214,214,0
2022-07-21 15:15:00,214,214,214,214,0
2022-07-21 15:16:00,214,214,214,214,0
2022-07-21 15:17:00,214,214,214,214,0
2022-07-21 15:18:00,214,214,214,214,0
2022-07-21 15:19:00,214,214,214,214,0
2022-07-21 15:20:00,214,214,214,214,0
2022-07-21 15:21:00,214,214,214,214,0
2022-07-21 15:22:00,214,214,214,214,0
2022-07-21 15:23:00,214,214,214,214,0
2022-07-21 15:24:00,214,214,214,214,0
2022-07-21 15:25:00,214,214,214,214,0
2022-07-21 15:26:00,214,214,214,214,0
2022-07-21 15:27:00,214,214,214,214,0
2022-07-21 15:28:00,214,214,214,214,0
2022-07-21 15:29:00,214,214,214,214,0
2022-07-21 15:30:00,214,214,214,214,0
2022-07-21 15:31:00,214,214,214,214,0
2022-07-21 15:32:00,214,214,214,214,0
2022-07-21 15:33:00,214,214,214,214,0
2022-07-21 15:34:00,214,214,214,214,0
2022-07-21 15:35:00,214,214,214,214,0
2022-07-21 15:36:00,214,214,214,214,0
2022-07-21 15:37:00,214,214,214,214,0
2022-07-21 15:38:00,214,214,214,214,0
2022-07-21 15:39:00,214,214,214,214,0
2022-07-21 15:40:00,214,214,214,214,0
2022-07-21 15:41:00,214,214,214,214,0
2022-07-21 15:42:00,214,214,214,214,0
2022-07-21 15:43:00,214,214,214,214,0
2022-07-21 15:44:00,214,214,214,214,0
2022-07-21 15:45:00,214,214,214,214,0
2022-07-21 15:46:00,214,214,214,214,0
2022-07-21 15:47:00,214,214,214,214,0
2022-07-21 15:48:00,214,214,214,214,0
2022-07-21 15:49:00,214,214,214,214,0
2022-07-21 15:50:00,214,214,214,214,0
2022-07-21 15:51:00,214,214,214,214,0
2022-07-21 15:52:00,214,214,214,214,0
2022-07-21 15:53:00,214,214,214,214,0
2022-07-21 15:54:00,214,214,214,214,0
2022-07-21 15:55:00,214,214,214,214,0
2022-07-21 15:56:00,214,214,214,214,0
2022-07-21 15:57:00,214,214,214,214,0
2022-07-21 15:58:00,214,214,214,214,0
2022-07-21 15:59:00,214,214,214,214,0
2022-07-22 09:00:00,214,214,214,214,0
2022-07-22 09:01:00,214,214,214,214,0
2022-07-22 09:02:00,214,214,214,214,0
2022-07-22 09:03:00,214,214,214,214,0
2022-07-22 09:04:00,214,214,214,214,0
2022-07-22 09:05:00,214,214,214,214,0
2022-07-22 09:06:00,214,214,214,214,0
2022-07-22 09:07:00,214,214,214,214,0
2022-07-22 09:08:00,214,214,214,214,0
2022-07-22 09:09:00,214,214,214,214,0
2022-07-22 09:10:00,214,214,214,214,0
2022-07-22 09:11:00,214,214,214,214,0
2022-07-22 09:12:00,214,214,214,214,0
2022-07-22 09:13:00,214,214,214,214,0
2022-07-22 09:14:00,214,214,214,214,0
2022-07-22 09:15:00,214,214,214,214,0
2022-07-22 09:16:00,214,214,214,214,0
2022-07-22 09:17:00,214,214,214,214,0
2022-07-22 09:18:00,214,214,214,214,0
2022-07-22 09:19:00,214,214,214,214,0
2022-07-22 09:20:00,214,214,214,214,0
2022-07-22 09:21:00,214,214,214,214,0
2022-07-22 09:22:00,214,214,214,214,0
2022-07-22 09:23:00,214,214,214,214,0
2022-07-22 09:24:00,214,214,214,214,0
2022-07-22 09:25:00,214,214,214,214,0
2022-07-22 09:26:00,214,214,214,214,0
2022-07-22 09:27:00,214,214,214,214,0
2022-07-22 09:28:00,214,214,214,214,0
2022-07-22 09:29:00,214,214,214,214,0
2022-07-22 09:30:00,214,214,214,214,0
2022-07-22 09:31:00,214,214,214,214,0
2022-07-22 09:32:00,214,214,214,214,0
2022-07-22 09:33:00,214,214,214,214,400
2022-07-22 09:34:00,214,214,214,214,0
2022-07-22 09:35:00,214,214,214,214,0
2022-07-22 09:36:00,214,214,214,214,0
2022-07-22 09:37:00,214,214,214,214,0
2022-07-22 09:38:00,214,214,214,214,0
2022-07-22 09:39:00,214,214,214,214,0
2022-07-22 09:40:00,214,214,214,214,0
2022-07-22 09:41:00,214,214,214,214,0
2022-07-22 09:42:00,214,214,214,214,0
2022-07-22 09:43:00,214,214,214,214,0
2022-07-22 09:44:00,214,214,214,214,0
2022-07-22 09:45:00,214,214,214,214,0
2022-07-22 09:46:00,214,214,214,214,0
2022-07-22 09:47:00,214,214,214,214,0
2022-07-22 09:48:00,214,214,214,214,0
2022-07-22 09:49:00,214,214,214,214,0
2022-07-22 09:50:00,214,214,214,214,0
2022-07-22 09:51:00,214,214,214,214,0
2022-07-22 09:52:00,214,214,214,214,0
2022-07-22 09:53:00,214,214,214,214,0
2022-07-22 09:54:00,214,214,214,214,0
2022-07-22 09:55:00,214,214,214,214,0
2022-07-22 09:56:00,214,214,214,214,0
2022-07-22 09:57:00,214,214,214,214,0
2022-07-22 09:58:00,214,214,214,214,0
2022-07-22 09:59:00,214,214,214,214,0
2022-07-22 10:00:00,214,214,214,214,0
2022-07-22 10:01:00,214,214,214,214,0
2022-07-22 10:02:00,214,214,214,214,0
2022-07-22 10:03:00,214,214,214,214,0
2022-07-22 10:04:00,214,214,214,214,0
2022-07-22 10:05:00,214,214,214,214,0
2022-07-22 10:06:00,214,214,214,214,0
2022-07-22 10:07:00,214,214,214,214,0
2022-07-22 10:08:00,214,214,214,214,0
2022-07-22 10:09:00,214,214,214,214,0
2022-07-22 10:10:00,214,214,214,214,0
2022-07-22 10:11:00,214,214,214,214,0
2022-07-22 10:12:00,214,214,214,214,0
2022-07-22 10:13:00,214,214,214,214,0
2022-07-22 10:14:00,214,214,214,214,0
2022-07-22 10:15:00,214,214,214,214,0
2022-07-22 10:16:00,214,214,214,214,0
2022-07-22 10:17:00,214,214,214,214,0
2022-07-22 10:18:00,214,214,214,214,0
2022-07-22 10:19:00,214,214,214,214,0
2022-07-22 10:20:00,214,214,214,214,0
2022-07-22 10:21:00,214,214,214,214,0
2022-07-22 10:22:00,214,214,214,214,0
2022-07-22 10:23:00,214,214,214,214,0
2022-07-22 10:24:00,214,214,214,214,0
2022-07-22 10:25:00,214,214,214,214,0
2022-07-22 10:26:00,218,218,218,218,200
2022-07-22 10:27:00,220,220,230,230,4900
2022-07-22 10:28:00,220,220,220,220,0
2022-07-22 10:29:00,220,220,220,220,0
2022-07-22 10:30:00,220,220,220,220,0
2022-07-22 10:31:00,220,220,220,220,0
2022-07-22 10:32:00,220,220,220,220,0
2022-07-22 10:33:00,220,220,220,220,0
2022-07-22 10:34:00,220,220,220,220,0
2022-07-22 10:35:00,220,220,220,220,0
2022-07-22 10:36:00,220,220,220,220,0
2022-07-22 10:37:00,220,220,220,220,0
2022-07-22 10:38:00,220,220,220,220,0
2022-07-22 10:39:00,220,220,220,220,0
2022-07-22 10:40:00,220,220,220,220,0
2022-07-22 10:41:00,220,220,220,220,0
2022-07-22 10:42:00,220,220,220,220,0
2022-07-22 10:43:00,220,220,220,220,0
2022-07-22 10:44:00,220,220,220,220,0
2022-07-22 10:45:00,220,220,220,220,0
2022-07-22 10:46:00,220,220,220,220,0
2022-07-22 10:47:00,220,220,220,220,0
2022-07-22 10:48:00,220,220,220,220,0
2022-07-22 10:49:00,220,220,220,220,0
2022-07-22 10:50:00,220,220,220,220,0
2022-07-22 10:51:00,220,220,220,220,0
2022-07-22 10:52:00,220,220,220,220,0
2022-07-22 10:53:00,220,220,220,220,0
2022-07-22 10:54:00,220,220,220,220,0
2022-07-22 10:55:00,220,220,220,220,0
2022-07-22 10:56:00,220,220,220,220,0
2022-07-22 10:57:00,220,220,220,220,0
2022-07-22 10:58:00,220,220,220,220,0
2022-07-22 10:59:00,220,220,220,220,0
2022-07-22 11:00:00,220,220,220,220,0
2022-07-22 11:01:00,220,220,220,220,0
2022-07-22 11:02:00,220,220,220,220,0
2022-07-22 11:03:00,220,220,220,220,0
2022-07-22 11:04:00,220,220,220,220,0
2022-07-22 11:05:00,220,220,220,220,0
2022-07-22 11:06:00,206,206,206,206,500
2022-07-22 11:07:00,206,206,206,206,0
2022-07-22 11:08:00,206,206,206,206,0
2022-07-22 11:09:00,206,206,206,206,0
2022-07-22 11:10:00,206,206,206,206,0
2022-07-22 11:11:00,206,206,206,206,0
2022-07-22 11:12:00,206,206,206,206,0
2022-07-22 11:13:00,206,206,206,206,0
2022-07-22 11:14:00,206,206,206,206,0
2022-07-22 11:15:00,206,206,206,206,0
2022-07-22 11:16:00,206,206,206,206,0
2022-07-22 11:17:00,206,206,206,206,0
2022-07-22 11:18:00,206,206,206,206,0
2022-07-22 11:19:00,206,206,206,206,0
2022-07-22 11:20:00,206,206,206,206,0
2022-07-22 11:21:00,206,206,206,206,0
2022-07-22 11:22:00,206,206,206,206,0
2022-07-22 11:23:00,206,206,206,206,0
2022-07-22 11:24:00,206,206,206,206,0
2022-07-22 11:25:00,206,206,206,206,0
2022-07-22 11:26:00,206,206,206,206,0
2022-07-22 11:27:00,206,206,206,206,0
2022-07-22 11:28:00,206,206,206,206,0
2022-07-22 11:29:00,206,206,206,206,0
2022-07-22 11:30:00,206,206,206,206,0
2022-07-22 11:31:00,206,206,206,206,0
2022-07-22 11:32:00,206,206,206,206,0
2022-07-22 11:33:00,206,206,206,206,0
2022-07-22 11:34:00,206,206,206,206,0
2022-07-22 11:35:00,206,206,206,206,0
2022-07-22 11:36:00,206,206,206,206,0
2022-07-22 11:37:00,206,206,206,206,0
2022-07-22 11:38:00,206,206,206,206,0
2022-07-22 11:39:00,206,206,206,206,0
2022-07-22 11:40:00,206,206,206,206,0
2022-07-22 11:41:00,206,206,206,206,0
2022-07-22 11:42:00,206,206,206,206,0
2022-07-22 11:43:00,206,206,206,206,0
2022-07-22 11:44:00,206,206,206,206,0
2022-07-22 11:45:00,206,206,206,206,0
2022-07-22 11:46:00,206,206,206,206,0
2022-07-22 11:47:00,206,206,206,206,0
2022-07-22 11:48:00,206,206,206,206,0
2022-07-22 11:49:00,206,206,206,206,0
2022-07-22 11:50:00,206,206,206,206,0
2022-07-22 11:51:00,206,206,206,206,0
2022-07-22 11:52:00,206,206,206,206,0
2022-07-22 11:53:00,206,206,206,206,0
2022-07-22 11:54:00,206,206,206,206,0
2022-07-22 11:55:00,206,206,206,206,0
2022-07-22 11:56:00,206,206,206,206,0
2022-07-22 11:57:00,206,206,206,206,0
2022-07-22 11:58:00,206,206,206,206,0
2022-07-22 11:59:00,206,206,206,206,0
2022-07-22 12:00:00,206,206,206,206,0
2022-07-22 12:01:00,206,206,206,206,0
2022-07-22 12:02:00,206,206,206,206,0
2022-07-22 12:03:00,206,206,206,206,0
2022-07-22 12:04:00,206,206,206,206,0
2022-07-22 12:05:00,206,206,206,206,0
2022-07-22 12:06:00,206,206,206,206,0
2022-07-22 12:07:00,206,206,206,206,0
2022-07-22 12:08:00,206,206,206,206,0
2022-07-22 12:09:00,206,206,206,206,0
2022-07-22 12:10:00,206,206,206,206,0
2022-07-22 12:11:00,206,206,206,206,0
2022-07-22 12:12:00,206,206,206,206,0
2022-07-22 12:13:00,206,206,206,206,0
2022-07-22 12:14:00,206,206,206,206,0
2022-07-22 12:15:00,206,206,206,206,0
2022-07-22 12:16:00,206,206,206,206,0
2022-07-22 12:17:00,206,206,206,206,0
2022-07-22 12:18:00,206,206,206,206,0
2022-07-22 12:19:00,206,206,206,206,0
2022-07-22 12:20:00,206,206,206,206,0
2022-07-22 12:21:00,206,206,206,206,0
2022-07-22 12:22:00,206,206,206,206,0
2022-07-22 12:23:00,206,206,206,206,0
2022-07-22 12:24:00,206,206,206,206,0
2022-07-22 12:25:00,206,206,206,206,0
2022-07-22 12:26:00,206,206,206,206,0
2022-07-22 12:27:00,206,206,206,206,0
2022-07-22 12:28:00,206,206,206,206,0
2022-07-22 12:29:00,206,206,206,206,0
2022-07-22 12:30:00,206,206,206,206,0
2022-07-22 12:31:00,206,206,206,206,0
2022-07-22 12:32:00,206,206,206,206,0
2022-07-22 12:33:00,206,206,206,206,0
2022-07-22 12:34:00,206,206,206,206,0
2022-07-22 12:35:00,206,206,206,206,0
2022-07-22 12:36:00,206,206,206,206,0
2022-07-22 12:37:00,206,206,206,206,0
2022-07-22 12:38:00,206,206,206,206,0
2022-07-22 12:39:00,206,206,206,206,0
2022-07-22 12:40:00,206,206,206,206,0
2022-07-22 12:41:00,206,206,206,206,0
2022-07-22 12:42:00,206,206,206,206,0
2022-07-22 12:43:00,206,206,206,206,0
2022-07-22 12:44:00,206,206,206,206,0
2022-07-22 12:45:00,206,206,206,206,0
2022-07-22 12:46:00,206,206,206,206,0
2022-07-22 12:47:00,206,206,206,206,0
2022-07-22 12:48:00,206,206,206,206,0
2022-07-22 12:49:00,206,206,206,206,0
2022-07-22 12:50:00,206,206,206,206,0
2022-07-22 12:51:00,206,206,206,206,0
2022-07-22 12:52:00,206,206,206,206,0
2022-07-22 12:53:00,206,206,206,206,0
2022-07-22 12:54:00,206,206,206,206,0
2022-07-22 12:55:00,206,206,206,206,0
2022-07-22 12:56:00,206,206,206,206,0
2022-07-22 12:57:00,206,206,206,206,0
2022-07-22 12:58:00,206,206,206,206,0
2022-07-22 12:59:00,206,206,206,206,0
2022-07-22 13:00:00,206,206,206,206,0
2022-07-22 13:01:00,206,206,206,206,0
2022-07-22 13:02:00,206,206,206,206,0
2022-07-22 13:03:00,206,206,206,206,0
2022-07-22 13:04:00,206,206,206,206,0
2022-07-22 13:05:00,206,206,206,206,0
2022-07-22 13:06:00,206,206,206,206,0
2022-07-22 13:07:00,206,206,206,206,0
2022-07-22 13:08:00,206,206,206,206,0
2022-07-22 13:09:00,206,206,206,206,0
2022-07-22 13:10:00,206,206,206,206,0
2022-07-22 13:11:00,206,206,206,206,0
2022-07-22 13:12:00,206,206,206,206,0
2022-07-22 13:13:00,206,206,206,206,0
2022-07-22 13:14:00,206,206,206,206,0
2022-07-22 13:15:00,206,206,206,206,0
2022-07-22 13:16:00,206,206,206,206,0
2022-07-22 13:17:00,206,206,206,206,0
2022-07-22 13:18:00,206,206,206,206,0
2022-07-22 13:19:00,206,206,206,206,0
2022-07-22 13:20:00,206,206,206,206,0
2022-07-22 13:21:00,206,206,206,206,0
2022-07-22 13:22:00,206,206,206,206,0
2022-07-22 13:23:00,206,206,206,206,0
2022-07-22 13:24:00,206,206,206,206,0
2022-07-22 13:25:00,206,206,206,206,0
2022-07-22 13:26:00,206,206,206,206,0
2022-07-22 13:27:00,206,206,206,206,0
2022-07-22 13:28:00,206,206,206,206,0
2022-07-22 13:29:00,206,206,206,206,0
2022-07-22 13:30:00,218,218,220,220,26700
2022-07-22 13:31:00,218,218,220,220,0
2022-07-22 13:32:00,220,220,220,220,0
2022-07-22 13:33:00,220,220,220,220,0
2022-07-22 13:34:00,220,220,220,220,0
2022-07-22 13:35:00,220,220,220,220,0
2022-07-22 13:36:00,220,220,220,220,0
2022-07-22 13:37:00,220,220,220,220,0
2022-07-22 13:38:00,220,220,220,220,0
2022-07-22 13:39:00,220,220,220,220,0
2022-07-22 13:40:00,220,220,220,220,0
2022-07-22 13:41:00,220,220,220,220,0
2022-07-22 13:42:00,220,220,220,220,0
2022-07-22 13:43:00,220,220,220,220,0
2022-07-22 13:44:00,220,220,220,220,0
2022-07-22 13:45:00,220,220,220,220,0
2022-07-22 13:46:00,220,220,220,220,0
2022-07-22 13:47:00,220,220,220,220,0
2022-07-22 13:48:00,220,220,220,220,0
2022-07-22 13:49:00,220,220,220,220,0
2022-07-22 13:50:00,220,220,220,220,0
2022-07-22 13:51:00,220,220,220,220,0
2022-07-22 13:52:00,220,220,220,220,0
2022-07-22 13:53:00,220,220,220,220,0
2022-07-22 13:54:00,220,220,220,220,0
2022-07-22 13:55:00,220,220,220,220,0
2022-07-22 13:56:00,220,220,220,220,0
2022-07-22 13:57:00,220,220,220,220,0
2022-07-22 13:58:00,220,220,220,220,0
2022-07-22 13:59:00,220,220,220,220,0
2022-07-22 14:00:00,220,220,220,220,0
2022-07-22 14:01:00,220,220,220,220,0
2022-07-22 14:02:00,220,220,220,220,0
2022-07-22 14:03:00,220,220,220,220,0
2022-07-22 14:04:00,220,220,220,220,0
2022-07-22 14:05:00,220,220,220,220,0
2022-07-22 14:06:00,220,220,220,220,0
2022-07-22 14:07:00,220,220,220,220,0
2022-07-22 14:08:00,220,220,220,220,0
2022-07-22 14:09:00,220,220,220,220,0
2022-07-22 14:10:00,220,220,220,220,0
2022-07-22 14:11:00,220,220,220,220,0
2022-07-22 14:12:00,220,220,220,220,0
2022-07-22 14:13:00,220,220,220,220,0
2022-07-22 14:14:00,220,220,220,220,0
2022-07-22 14:15:00,220,220,220,220,0
2022-07-22 14:16:00,220,220,220,220,0
2022-07-22 14:17:00,220,220,220,220,0
2022-07-22 14:18:00,220,220,220,220,0
2022-07-22 14:19:00,220,220,220,220,0
2022-07-22 14:20:00,220,220,220,220,0
2022-07-22 14:21:00,220,220,220,220,0
2022-07-22 14:22:00,220,220,220,220,0
2022-07-22 14:23:00,220,220,220,220,0
2022-07-22 14:24:00,220,220,220,220,0
2022-07-22 14:25:00,220,220,220,220,0
2022-07-22 14:26:00,220,220,220,220,0
2022-07-22 14:27:00,220,220,220,220,0
2022-07-22 14:28:00,220,220,220,220,0
2022-07-22 14:29:00,220,220,220,220,0
2022-07-22 14:30:00,220,220,220,220,0
2022-07-22 14:31:00,220,220,220,220,0
2022-07-22 14:32:00,220,220,220,220,0
2022-07-22 14:33:00,220,220,220,220,0
2022-07-22 14:34:00,220,220,220,220,0
2022-07-22 14:35:00,220,220,220,220,0
2022-07-22 14:36:00,220,220,220,220,0
2022-07-22 14:37:00,220,220,220,220,0
2022-07-22 14:38:00,220,220,220,220,0
2022-07-22 14:39:00,220,220,220,220,0
2022-07-22 14:40:00,220,220,220,220,0
2022-07-22 14:41:00,220,220,220,220,0
2022-07-22 14:42:00,220,220,220,220,0
2022-07-22 14:43:00,220,220,220,220,0
2022-07-22 14:44:00,220,220,220,220,0
2022-07-22 14:45:00,220,220,220,220,0
2022-07-22 14:46:00,220,220,220,220,0
2022-07-22 14:47:00,220,220,220,220,0
2022-07-22 14:48:00,220,220,220,220,0
2022-07-22 14:49:00,220,220,220,220,0
2022-07-22 14:50:00,220,220,220,220,0
2022-07-22 14:51:00,220,220,220,220,0
2022-07-22 14:52:00,220,220,220,220,0
2022-07-22 14:53:00,220,220,220,220,0
2022-07-22 14:54:00,220,220,220,220,0
2022-07-22 14:55:00,220,220,220,220,0
2022-07-22 14:56:00,220,220,220,220,0
2022-07-22 14:57:00,220,220,220,220,0
2022-07-22 14:58:00,220,220,220,220,0
2022-07-22 14:59:00,220,220,220,220,0
2022-07-22 15:00:00,220,220,220,220,0
2022-07-22 15:01:00,220,220,220,220,0
2022-07-22 15:02:00,220,220,220,220,0
2022-07-22 15:03:00,220,220,220,220,0
2022-07-22 15:04:00,220,220,220,220,0
2022-07-22 15:05:00,220,220,220,220,0
2022-07-22 15:06:00,220,220,220,220,0
2022-07-22 15:07:00,220,220,220,220,0
2022-07-22 15:08:00,220,220,220,220,0
2022-07-22 15:09:00,220,220,220,220,0
2022-07-22 15:10:00,220,220,220,220,0
2022-07-22 15:11:00,220,220,220,220,0
2022-07-22 15:12:00,220,220,220,220,0
2022-07-22 15:13:00,220,220,220,220,0
2022-07-22 15:14:00,220,220,220,220,0
2022-07-22 15:15:00,220,220,220,220,0
2022-07-22 15:16:00,220,220,220,220,0
2022-07-22 15:17:00,220,220,220,220,0
2022-07-22 15:18:00,220,220,220,220,0
2022-07-22 15:19:00,220,220,220,220,0
2022-07-22 15:20:00,220,220,220,220,0
2022-07-22 15:21:00,220,220,220,220,0
2022-07-22 15:22:00,220,220,220,220,0
2022-07-22 15:23:00,220,220,220,220,0
2022-07-22 15:24:00,220,220,220,220,0
2022-07-22 15:25:00,220,220,220,220,0
2022-07-22 15:26:00,220,220,220,220,0
2022-07-22 15:27:00,220,220,220,220,0
2022-07-22 15:28:00,220,220,220,220,0
2022-07-22 15:29:00,220,220,220,220,0
2022-07-22 15:30:00,220,220,220,220,0
2022-07-22 15:31:00,220,220,220,220,0
2022-07-22 15:32:00,220,220,220,220,0
2022-07-22 15:33:00,220,220,220,220,0
2022-07-22 15:34:00,220,220,220,220,0
2022-07-22 15:35:00,220,220,220,220,0
2022-07-22 15:36:00,220,220,220,220,0
2022-07-22 15:37:00,220,220,220,220,0
2022-07-22 15:38:00,220,220,220,220,0
2022-07-22 15:39:00,220,220,220,220,0
2022-07-22 15:40:00,220,220,220,220,0
2022-07-22 15:41:00,220,220,220,220,0
2022-07-22 15:42:00,220,220,220,220,0
2022-07-22 15:43:00,220,220,220,220,0
2022-07-22 15:44:00,220,220,220,220,0
2022-07-22 15:45:00,220,220,220,220,0
2022-07-22 15:46:00,220,220,220,220,0
2022-07-22 15:47:00,220,220,220,220,0
2022-07-22 15:48:00,220,220,220,220,0
2022-07-22 15:49:00,220,220,220,220,0
2022-07-22 15:50:00,220,220,220,220,0
2022-07-22 15:51:00,220,220,220,220,0
2022-07-22 15:52:00,220,220,220,220,0
2022-07-22 15:53:00,220,220,220,220,0
2022-07-22 15:54:00,220,220,220,220,0
2022-07-22 15:55:00,220,220,220,220,0
2022-07-22 15:56:00,220,220,220,220,0
2022-07-22 15:57:00,220,220,220,220,0
2022-07-22 15:58:00,220,220,220,220,0
2022-07-22 15:59:00,220,220,220,220,0
2022-07-25 09:00:00,222,222,222,222,0
2022-07-25 09:01:00,222,222,222,222,0
2022-07-25 09:02:00,222,222,222,222,0
2022-07-25 09:03:00,222,222,222,222,0
2022-07-25 09:04:00,222,222,222,222,0
2022-07-25 09:05:00,222,222,222,222,0
2022-07-25 09:06:00,222,222,222,222,0
2022-07-25 09:07:00,222,222,222,222,0
2022-07-25 09:08:00,222,222,222,222,0
2022-07-25 09:09:00,222,222,222,222,0
2022-07-25 09:10:00,222,222,222,222,0
2022-07-25 09:11:00,222,222,222,222,0
2022-07-25 09:12:00,222,222,222,222,0
2022-07-25 09:13:00,222,222,222,222,0
2022-07-25 09:14:00,222,222,222,222,0
2022-07-25 09:15:00,222,222,222,222,0
2022-07-25 09:16:00,222,222,222,222,0
2022-07-25 09:17:00,222,222,222,222,0
2022-07-25 09:18:00,222,222,222,222,0
2022-07-25 09:19:00,222,222,222,222,0
2022-07-25 09:20:00,222,222,222,222,0
2022-07-25 09:21:00,222,222,222,222,0
2022-07-25 09:22:00,222,222,222,222,0
2022-07-25 09:23:00,222,222,222,222,0
2022-07-25 09:24:00,222,222,222,222,0
2022-07-25 09:25:00,222,222,222,222,0
2022-07-25 09:26:00,222,222,222,222,0
2022-07-25 09:27:00,208,208,208,208,300
2022-07-25 09:28:00,208,208,208,208,0
2022-07-25 09:29:00,208,208,208,208,0
2022-07-25 09:30:00,208,208,208,208,0
2022-07-25 09:31:00,208,208,208,208,300
2022-07-25 09:32:00,208,208,208,208,0
2022-07-25 09:33:00,208,208,208,208,0
2022-07-25 09:34:00,208,208,208,208,0
2022-07-25 09:35:00,220,220,220,220,0
2022-07-25 09:36:00,220,220,220,220,0
2022-07-25 09:37:00,220,220,220,220,0
2022-07-25 09:38:00,220,220,220,220,0
2022-07-25 09:39:00,220,220,220,220,0
2022-07-25 09:40:00,220,220,220,220,0
2022-07-25 09:41:00,220,220,220,220,0
2022-07-25 09:42:00,220,220,220,220,0
2022-07-25 09:43:00,220,220,220,220,0
2022-07-25 09:44:00,220,220,220,220,0
2022-07-25 09:45:00,220,220,220,220,0
2022-07-25 09:46:00,220,220,220,220,0
2022-07-25 09:47:00,220,220,220,220,0
2022-07-25 09:48:00,220,220,220,220,0
2022-07-25 09:49:00,220,220,220,220,0
2022-07-25 09:50:00,220,220,220,220,0
2022-07-25 09:51:00,220,220,220,220,0
2022-07-25 09:52:00,220,220,220,220,0
2022-07-25 09:53:00,220,220,220,220,0
2022-07-25 09:54:00,220,220,220,220,0
2022-07-25 09:55:00,220,220,220,220,0
2022-07-25 09:56:00,220,220,220,220,0
2022-07-25 09:57:00,220,220,220,220,0
2022-07-25 09:58:00,220,220,220,220,0
2022-07-25 09:59:00,220,220,220,220,0
2022-07-25 10:00:00,220,220,220,220,0
2022-07-25 10:01:00,220,220,220,220,0
2022-07-25 10:02:00,220,220,220,220,0
2022-07-25 10:03:00,220,220,220,220,0
2022-07-25 10:04:00,220,220,220,220,0
2022-07-25 10:05:00,220,220,220,220,0
2022-07-25 10:06:00,220,220,220,220,0
2022-07-25 10:07:00,220,220,220,220,0
2022-07-25 10:08:00,220,220,220,220,0
2022-07-25 10:09:00,220,220,220,220,0
2022-07-25 10:10:00,220,220,220,220,0
2022-07-25 10:11:00,220,220,220,220,0
2022-07-25 10:12:00,220,220,220,220,0
2022-07-25 10:13:00,220,220,220,220,0
2022-07-25 10:14:00,220,220,220,220,0
2022-07-25 10:15:00,220,220,220,220,0
2022-07-25 10:16:00,220,220,220,220,0
2022-07-25 10:17:00,220,220,220,220,0
2022-07-25 10:18:00,220,220,220,220,0
2022-07-25 10:19:00,220,220,220,220,0
2022-07-25 10:20:00,214,214,214,214,100
2022-07-25 10:21:00,214,214,214,214,0
2022-07-25 10:22:00,214,214,214,214,0
2022-07-25 10:23:00,214,214,214,214,0
2022-07-25 10:24:00,214,214,214,214,0
2022-07-25 10:25:00,214,214,214,214,0
2022-07-25 10:26:00,214,214,214,214,0
2022-07-25 10:27:00,214,214,214,214,0
2022-07-25 10:28:00,214,214,214,214,0
2022-07-25 10:29:00,214,214,214,214,0
2022-07-25 10:30:00,214,214,214,214,0
2022-07-25 10:31:00,214,214,214,214,0
2022-07-25 10:32:00,214,214,214,214,0
2022-07-25 10:33:00,214,214,214,214,0
2022-07-25 10:34:00,214,214,214,214,0
2022-07-25 10:35:00,214,214,214,214,0
2022-07-25 10:36:00,214,214,214,214,0
2022-07-25 10:37:00,214,214,214,214,0
2022-07-25 10:38:00,214,214,214,214,0
2022-07-25 10:39:00,214,214,214,214,0
2022-07-25 10:40:00,214,214,214,214,0
2022-07-25 10:41:00,214,214,214,214,0
2022-07-25 10:42:00,214,214,214,214,0
2022-07-25 10:43:00,214,214,214,214,0
2022-07-25 10:44:00,214,214,214,214,0
2022-07-25 10:45:00,214,214,214,214,0
2022-07-25 10:46:00,214,214,214,214,0
2022-07-25 10:47:00,214,214,214,214,0
2022-07-25 10:48:00,214,214,214,214,0
2022-07-25 10:49:00,214,214,214,214,0
2022-07-25 10:50:00,214,214,214,214,0
2022-07-25 10:51:00,214,214,214,214,0
2022-07-25 10:52:00,214,214,214,214,0
2022-07-25 10:53:00,214,214,214,214,0
2022-07-25 10:54:00,214,214,214,214,0
2022-07-25 10:55:00,214,214,214,214,0
2022-07-25 10:56:00,214,214,214,214,0
2022-07-25 10:57:00,214,214,214,214,0
2022-07-25 10:58:00,214,214,214,214,0
2022-07-25 10:59:00,214,214,214,214,0
2022-07-25 11:00:00,214,214,214,214,0
2022-07-25 11:01:00,214,214,214,214,0
2022-07-25 11:02:00,214,214,214,214,0
2022-07-25 11:03:00,214,214,214,214,0
2022-07-25 11:04:00,214,214,214,214,0
2022-07-25 11:05:00,214,214,214,214,100
2022-07-25 11:06:00,214,214,214,214,0
2022-07-25 11:07:00,214,214,214,214,0
2022-07-25 11:08:00,214,214,214,214,0
2022-07-25 11:09:00,214,214,214,214,0
2022-07-25 11:10:00,214,214,214,214,0
2022-07-25 11:11:00,214,214,214,214,0
2022-07-25 11:12:00,214,214,214,214,0
2022-07-25 11:13:00,214,214,214,214,0
2022-07-25 11:14:00,214,214,214,214,0
2022-07-25 11:15:00,214,214,214,214,0
2022-07-25 11:16:00,214,214,214,214,0
2022-07-25 11:17:00,214,214,214,214,0
2022-07-25 11:18:00,214,214,214,214,0
2022-07-25 11:19:00,214,214,214,214,0
2022-07-25 11:20:00,214,214,214,214,0
2022-07-25 11:21:00,214,214,214,214,0
2022-07-25 11:22:00,214,214,214,214,0
2022-07-25 11:23:00,214,214,214,214,0
2022-07-25 11:24:00,214,214,214,214,0
2022-07-25 11:25:00,214,214,214,214,0
2022-07-25 11:26:00,214,214,214,214,0
2022-07-25 11:27:00,214,214,214,214,0
2022-07-25 11:28:00,214,214,214,214,0
2022-07-25 11:29:00,214,214,214,214,0
2022-07-25 11:30:00,214,214,214,214,0
2022-07-25 11:31:00,214,214,214,214,0
2022-07-25 11:32:00,214,214,214,214,0
2022-07-25 11:33:00,214,214,214,214,0
2022-07-25 11:34:00,214,214,214,214,0
2022-07-25 11:35:00,214,214,214,214,0
2022-07-25 11:36:00,214,214,214,214,0
2022-07-25 11:37:00,214,214,214,214,0
2022-07-25 11:38:00,214,214,214,214,0
2022-07-25 11:39:00,214,214,214,214,0
2022-07-25 11:40:00,214,214,214,214,0
2022-07-25 11:41:00,214,214,214,214,0
2022-07-25 11:42:00,214,214,214,214,0
2022-07-25 11:43:00,214,214,214,214,0
2022-07-25 11:44:00,214,214,214,214,0
2022-07-25 11:45:00,214,214,214,214,0
2022-07-25 11:46:00,214,214,214,214,0
2022-07-25 11:47:00,214,214,214,214,0
2022-07-25 11:48:00,214,214,214,214,0
2022-07-25 11:49:00,214,214,214,214,0
2022-07-25 11:50:00,214,214,214,214,0
2022-07-25 11:51:00,214,214,214,214,0
2022-07-25 11:52:00,214,214,214,214,0
2022-07-25 11:53:00,214,214,214,214,0
2022-07-25 11:54:00,214,214,214,214,0
2022-07-25 11:55:00,214,214,214,214,0
2022-07-25 11:56:00,214,214,214,214,0
2022-07-25 11:57:00,214,214,214,214,0
2022-07-25 11:58:00,214,214,214,214,0
2022-07-25 11:59:00,214,214,214,214,0
2022-07-25 12:00:00,214,214,214,214,0
2022-07-25 12:01:00,214,214,214,214,0
2022-07-25 12:02:00,214,214,214,214,0
2022-07-25 12:03:00,214,214,214,214,0
2022-07-25 12:04:00,214,214,214,214,0
2022-07-25 12:05:00,214,214,214,214,0
2022-07-25 12:06:00,214,214,214,214,0
2022-07-25 12:07:00,214,214,214,214,0
2022-07-25 12:08:00,214,214,214,214,0
2022-07-25 12:09:00,214,214,214,214,0
2022-07-25 12:10:00,214,214,214,214,0
2022-07-25 12:11:00,214,214,214,214,0
2022-07-25 12:12:00,214,214,214,214,0
2022-07-25 12:13:00,214,214,214,214,0
2022-07-25 12:14:00,214,214,214,214,0
2022-07-25 12:15:00,214,214,214,214,0
2022-07-25 12:16:00,214,214,214,214,0
2022-07-25 12:17:00,214,214,214,214,0
2022-07-25 12:18:00,214,214,214,214,0
2022-07-25 12:19:00,214,214,214,214,0
2022-07-25 12:20:00,214,214,214,214,0
2022-07-25 12:21:00,214,214,214,214,0
2022-07-25 12:22:00,214,214,214,214,0
2022-07-25 12:23:00,214,214,214,214,0
2022-07-25 12:24:00,214,214,214,214,0
2022-07-25 12:25:00,214,214,214,214,0
2022-07-25 12:26:00,214,214,214,214,0
2022-07-25 12:27:00,214,214,214,214,0
2022-07-25 12:28:00,214,214,214,214,0
2022-07-25 12:29:00,214,214,214,214,0
2022-07-25 12:30:00,214,214,214,214,0
2022-07-25 12:31:00,214,214,214,214,0
2022-07-25 12:32:00,214,214,214,214,0
2022-07-25 12:33:00,214,214,214,214,0
2022-07-25 12:34:00,214,214,214,214,0
2022-07-25 12:35:00,214,214,214,214,0
2022-07-25 12:36:00,214,214,214,214,0
2022-07-25 12:37:00,214,214,214,214,0
2022-07-25 12:38:00,214,214,214,214,0
2022-07-25 12:39:00,214,214,214,214,0
2022-07-25 12:40:00,214,214,214,214,0
2022-07-25 12:41:00,214,214,214,214,0
2022-07-25 12:42:00,214,214,214,214,0
2022-07-25 12:43:00,214,214,214,214,0
2022-07-25 12:44:00,214,214,214,214,0
2022-07-25 12:45:00,214,214,214,214,0
2022-07-25 12:46:00,214,214,214,214,0
2022-07-25 12:47:00,214,214,214,214,0
2022-07-25 12:48:00,214,214,214,214,0
2022-07-25 12:49:00,214,214,214,214,0
2022-07-25 12:50:00,214,214,214,214,0
2022-07-25 12:51:00,214,214,214,214,0
2022-07-25 12:52:00,214,214,214,214,0
2022-07-25 12:53:00,214,214,214,214,0
2022-07-25 12:54:00,214,214,214,214,0
2022-07-25 12:55:00,214,214,214,214,0
2022-07-25 12:56:00,214,214,214,214,0
2022-07-25 12:57:00,214,214,214,214,0
2022-07-25 12:58:00,214,214,214,214,0
2022-07-25 12:59:00,214,214,214,214,0
2022-07-25 13:00:00,214,214,214,214,0
2022-07-25 13:01:00,214,214,214,214,0
2022-07-25 13:02:00,214,214,214,214,0
2022-07-25 13:03:00,214,214,214,214,0
2022-07-25 13:04:00,214,214,214,214,0
2022-07-25 13:05:00,214,214,214,214,0
2022-07-25 13:06:00,214,214,214,214,0
2022-07-25 13:07:00,214,214,214,214,0
2022-07-25 13:08:00,214,214,214,214,0
2022-07-25 13:09:00,214,214,214,214,0
2022-07-25 13:10:00,214,214,214,214,0
2022-07-25 13:11:00,214,214,214,214,0
2022-07-25 13:12:00,214,214,214,214,0
2022-07-25 13:13:00,214,214,214,214,0
2022-07-25 13:14:00,214,214,214,214,0
2022-07-25 13:15:00,214,214,214,214,0
2022-07-25 13:16:00,214,214,214,214,0
2022-07-25 13:17:00,214,214,214,214,0
2022-07-25 13:18:00,214,214,214,214,0
2022-07-25 13:19:00,214,214,214,214,0
2022-07-25 13:20:00,214,214,214,214,0
2022-07-25 13:21:00,214,214,214,214,0
2022-07-25 13:22:00,214,214,214,214,0
2022-07-25 13:23:00,214,214,214,214,0
2022-07-25 13:24:00,214,214,214,214,0
2022-07-25 13:25:00,214,214,214,214,0
2022-07-25 13:26:00,214,214,214,214,0
2022-07-25 13:27:00,214,214,214,214,0
2022-07-25 13:28:00,214,214,214,214,0
2022-07-25 13:29:00,214,214,214,214,0
2022-07-25 13:30:00,214,214,214,214,0
2022-07-25 13:31:00,214,214,214,214,0
2022-07-25 13:32:00,214,214,214,214,0
2022-07-25 13:33:00,214,214,214,214,0
2022-07-25 13:34:00,220,220,220,220,100
2022-07-25 13:35:00,220,220,220,220,0
2022-07-25 13:36:00,220,220,220,220,0
2022-07-25 13:37:00,220,220,220,220,0
2022-07-25 13:38:00,220,220,220,220,0
2022-07-25 13:39:00,220,220,220,220,0
2022-07-25 13:40:00,220,220,220,220,0
2022-07-25 13:41:00,220,220,220,220,0
2022-07-25 13:42:00,220,220,220,220,0
2022-07-25 13:43:00,220,220,220,220,0
2022-07-25 13:44:00,220,220,220,220,0
2022-07-25 13:45:00,220,220,220,220,0
2022-07-25 13:46:00,220,220,220,220,0
2022-07-25 13:47:00,220,220,220,220,0
2022-07-25 13:48:00,220,220,220,220,0
2022-07-25 13:49:00,220,220,220,220,0
2022-07-25 13:50:00,220,220,220,220,0
2022-07-25 13:51:00,220,220,220,220,0
2022-07-25 13:52:00,220,220,220,220,0
2022-07-25 13:53:00,220,220,220,220,0
2022-07-25 13:54:00,220,220,220,220,0
2022-07-25 13:55:00,220,220,220,220,0
2022-07-25 13:56:00,220,220,220,220,0
2022-07-25 13:57:00,220,220,220,220,0
2022-07-25 13:58:00,220,220,220,220,0
2022-07-25 13:59:00,220,220,220,220,0
2022-07-25 14:00:00,220,220,220,220,0
2022-07-25 14:01:00,220,220,220,220,0
2022-07-25 14:02:00,220,220,220,220,0
2022-07-25 14:03:00,220,220,220,220,0
2022-07-25 14:04:00,220,220,220,220,0
2022-07-25 14:05:00,220,220,220,220,0
2022-07-25 14:06:00,220,220,220,220,0
2022-07-25 14:07:00,220,220,220,220,0
2022-07-25 14:08:00,212,212,212,212,100
2022-07-25 14:09:00,212,212,212,212,0
2022-07-25 14:10:00,212,212,212,212,0
2022-07-25 14:11:00,212,212,212,212,0
2022-07-25 14:12:00,212,212,212,212,0
2022-07-25 14:13:00,212,212,212,212,0
2022-07-25 14:14:00,212,212,212,212,0
2022-07-25 14:15:00,212,212,212,212,0
2022-07-25 14:16:00,212,212,212,212,0
2022-07-25 14:17:00,212,212,212,212,0
2022-07-25 14:18:00,212,212,212,212,0
2022-07-25 14:19:00,212,212,212,212,0
2022-07-25 14:20:00,212,212,212,212,0
2022-07-25 14:21:00,212,212,212,212,0
2022-07-25 14:22:00,212,212,212,212,0
2022-07-25 14:23:00,212,212,212,212,0
2022-07-25 14:24:00,212,212,212,212,0
2022-07-25 14:25:00,212,212,212,212,0
2022-07-25 14:26:00,212,212,212,212,0
2022-07-25 14:27:00,212,212,212,212,0
2022-07-25 14:28:00,212,212,212,212,0
2022-07-25 14:29:00,212,212,212,212,0
2022-07-25 14:30:00,212,212,212,212,0
2022-07-25 14:31:00,212,212,212,212,0
2022-07-25 14:32:00,212,212,212,212,0
2022-07-25 14:33:00,212,212,212,212,0
2022-07-25 14:34:00,212,212,212,212,0
2022-07-25 14:35:00,212,212,212,212,0
2022-07-25 14:36:00,212,212,212,212,0
2022-07-25 14:37:00,212,212,212,212,0
2022-07-25 14:38:00,212,212,212,212,0
2022-07-25 14:39:00,212,212,212,212,0
2022-07-25 14:40:00,212,212,212,212,0
2022-07-25 14:41:00,212,212,212,212,0
2022-07-25 14:42:00,212,212,212,212,0
2022-07-25 14:43:00,212,212,212,212,0
2022-07-25 14:44:00,212,212,212,212,0
2022-07-25 14:45:00,212,212,212,212,0
2022-07-25 14:46:00,212,212,212,212,0
2022-07-25 14:47:00,212,212,212,212,0
2022-07-25 14:48:00,212,212,212,212,0
2022-07-25 14:49:00,212,212,212,212,0
2022-07-25 14:50:00,212,212,212,212,0
2022-07-25 14:51:00,212,212,212,212,0
2022-07-25 14:52:00,212,212,212,212,0
2022-07-25 14:53:00,212,212,212,212,0
2022-07-25 14:54:00,212,212,212,212,0
2022-07-25 14:55:00,212,212,212,212,0
2022-07-25 14:56:00,212,212,212,212,0
2022-07-25 14:57:00,212,212,212,212,0
2022-07-25 14:58:00,212,212,212,212,0
2022-07-25 14:59:00,212,212,212,212,0
2022-07-25 15:00:00,212,212,212,212,0
2022-07-25 15:01:00,212,212,212,212,0
2022-07-25 15:02:00,212,212,212,212,0
2022-07-25 15:03:00,212,212,212,212,0
2022-07-25 15:04:00,212,212,212,212,0
2022-07-25 15:05:00,212,212,212,212,0
2022-07-25 15:06:00,212,212,212,212,0
2022-07-25 15:07:00,212,212,212,212,0
2022-07-25 15:08:00,212,212,212,212,0
2022-07-25 15:09:00,212,212,212,212,0
2022-07-25 15:10:00,212,212,212,212,0
2022-07-25 15:11:00,212,212,212,212,0
2022-07-25 15:12:00,212,212,212,212,0
2022-07-25 15:13:00,212,212,212,212,0
2022-07-25 15:14:00,212,212,212,212,0
2022-07-25 15:15:00,212,212,212,212,0
2022-07-25 15:16:00,212,212,212,212,0
2022-07-25 15:17:00,212,212,212,212,0
2022-07-25 15:18:00,212,212,212,212,0
2022-07-25 15:19:00,212,212,212,212,0
2022-07-25 15:20:00,212,212,212,212,0
2022-07-25 15:21:00,212,212,212,212,0
2022-07-25 15:22:00,212,212,212,212,0
2022-07-25 15:23:00,212,212,212,212,0
2022-07-25 15:24:00,212,212,212,212,0
2022-07-25 15:25:00,212,212,212,212,0
2022-07-25 15:26:00,212,212,212,212,0
2022-07-25 15:27:00,212,212,212,212,0
2022-07-25 15:28:00,212,212,212,212,0
2022-07-25 15:29:00,212,212,212,212,0
2022-07-25 15:30:00,212,212,212,212,0
2022-07-25 15:31:00,212,212,212,212,0
2022-07-25 15:32:00,212,212,212,212,0
2022-07-25 15:33:00,212,212,212,212,0
2022-07-25 15:34:00,212,212,212,212,0
2022-07-25 15:35:00,212,212,212,212,0
2022-07-25 15:36:00,212,212,212,212,0
2022-07-25 15:37:00,212,212,212,212,0
2022-07-25 15:38:00,212,212,212,212,0
2022-07-25 15:39:00,212,212,212,212,0
2022-07-25 15:40:00,212,212,212,212,0
2022-07-25 15:41:00,212,212,212,212,0
2022-07-25 15:42:00,212,212,212,212,0
2022-07-25 15:43:00,212,212,212,212,0
2022-07-25 15:44:00,212,212,212,212,0
2022-07-25 15:45:00,212,212,212,212,0
2022-07-25 15:46:00,212,212,212,212,0
2022-07-25 15:47:00,212,212,212,212,0
2022-07-25 15:48:00,212,212,212,212,0
2022-07-25 15:49:00,212,212,212,212,0
2022-07-25 15:50:00,212,212,212,212,0
2022-07-25 15:51:00,212,212,212,212,0
2022-07-25 15:52:00,212,212,212,212,0
2022-07-25 15:53:00,212,212,212,212,0
2022-07-25 15:54:00,212,212,212,212,0
2022-07-25 15:55:00,212,212,212,212,0
2022-07-25 15:56:00,212,212,212,212,0
2022-07-25 15:57:00,212,212,212,212,0
2022-07-25 15:58:00,212,212,212,212,0
2022-07-25 15:59:00,212,212,212,212,0
2022-07-26 09:00:00,212,212,212,212,0
2022-07-26 09:01:00,212,212,212,212,0
2022-07-26 09:02:00,212,212,212,212,0
2022-07-26 09:03:00,212,212,212,212,0
2022-07-26 09:04:00,212,212,212,212,0
2022-07-26 09:05:00,212,212,212,212,0
2022-07-26 09:06:00,212,212,212,212,0
2022-07-26 09:07:00,212,212,212,212,0
2022-07-26 09:08:00,212,212,212,212,0
2022-07-26 09:09:00,212,212,212,212,0
2022-07-26 09:10:00,212,212,212,212,0
2022-07-26 09:11:00,212,212,212,212,0
2022-07-26 09:12:00,212,212,212,212,0
2022-07-26 09:13:00,212,212,212,212,0
2022-07-26 09:14:00,212,212,212,212,0
2022-07-26 09:15:00,212,212,212,212,0
2022-07-26 09:16:00,212,212,212,212,0
2022-07-26 09:17:00,212,212,212,212,0
2022-07-26 09:18:00,212,212,212,212,0
2022-07-26 09:19:00,212,212,212,212,0
2022-07-26 09:20:00,212,212,212,212,0
2022-07-26 09:21:00,212,212,212,212,0
2022-07-26 09:22:00,212,212,212,212,0
2022-07-26 09:23:00,212,212,212,212,0
2022-07-26 09:24:00,212,212,212,212,0
2022-07-26 09:25:00,212,212,212,212,0
2022-07-26 09:26:00,212,212,212,212,0
2022-07-26 09:27:00,212,212,212,212,0
2022-07-26 09:28:00,212,212,212,212,0
2022-07-26 09:29:00,212,212,212,212,0
2022-07-26 09:30:00,212,212,212,212,0
2022-07-26 09:31:00,212,212,212,212,0
2022-07-26 09:32:00,212,212,212,212,0
2022-07-26 09:33:00,212,212,212,212,0
2022-07-26 09:34:00,212,212,212,212,0
2022-07-26 09:35:00,212,212,212,212,0
2022-07-26 09:36:00,212,212,212,212,0
2022-07-26 09:37:00,212,212,212,212,0
2022-07-26 09:38:00,212,212,212,212,0
2022-07-26 09:39:00,212,212,212,212,0
2022-07-26 09:40:00,212,212,212,212,0
2022-07-26 09:41:00,212,212,212,212,0
2022-07-26 09:42:00,212,212,212,212,0
2022-07-26 09:43:00,212,212,212,212,0
2022-07-26 09:44:00,212,212,212,212,0
2022-07-26 09:45:00,212,212,212,212,0
2022-07-26 09:46:00,212,212,212,212,0
2022-07-26 09:47:00,212,212,212,212,0
2022-07-26 09:48:00,212,212,212,212,0
2022-07-26 09:49:00,212,212,212,212,0
2022-07-26 09:50:00,212,212,212,212,0
2022-07-26 09:51:00,212,212,212,212,0
2022-07-26 09:52:00,212,212,212,212,0
2022-07-26 09:53:00,212,212,212,212,0
2022-07-26 09:54:00,212,212,212,212,0
2022-07-26 09:55:00,212,212,212,212,0
2022-07-26 09:56:00,212,212,212,212,0
2022-07-26 09:57:00,212,212,212,212,0
2022-07-26 09:58:00,212,212,212,212,0
2022-07-26 09:59:00,212,212,212,212,0
2022-07-26 10:00:00,212,212,212,212,0
2022-07-26 10:01:00,212,212,212,212,0
2022-07-26 10:02:00,212,212,212,212,0
2022-07-26 10:03:00,212,212,212,212,0
2022-07-26 10:04:00,212,212,212,212,0
2022-07-26 10:05:00,212,212,212,212,0
2022-07-26 10:06:00,212,212,212,212,0
2022-07-26 10:07:00,212,212,212,212,0
2022-07-26 10:08:00,212,212,212,212,0
2022-07-26 10:09:00,212,212,212,212,0
2022-07-26 10:10:00,212,212,212,212,0
2022-07-26 10:11:00,212,212,212,212,0
2022-07-26 10:12:00,212,212,212,212,0
2022-07-26 10:13:00,212,212,212,212,0
2022-07-26 10:14:00,212,212,212,212,0
2022-07-26 10:15:00,212,212,212,212,0
2022-07-26 10:16:00,212,212,212,212,0
2022-07-26 10:17:00,212,212,212,212,0
2022-07-26 10:18:00,212,212,212,212,0
2022-07-26 10:19:00,212,212,212,212,0
2022-07-26 10:20:00,212,212,212,212,0
2022-07-26 10:21:00,212,212,212,212,0
2022-07-26 10:22:00,212,212,212,212,0
2022-07-26 10:23:00,212,212,212,212,0
2022-07-26 10:24:00,212,212,212,212,0
2022-07-26 10:25:00,212,212,212,212,0
2022-07-26 10:26:00,212,212,212,212,0
2022-07-26 10:27:00,212,212,212,212,0
2022-07-26 10:28:00,212,212,212,212,0
2022-07-26 10:29:00,212,212,212,212,0
2022-07-26 10:30:00,212,212,212,212,0
2022-07-26 10:31:00,212,212,212,212,0
2022-07-26 10:32:00,212,212,212,212,0
2022-07-26 10:33:00,212,212,212,212,0
2022-07-26 10:34:00,212,212,212,212,0
2022-07-26 10:35:00,212,212,212,212,0
2022-07-26 10:36:00,212,212,212,212,0
2022-07-26 10:37:00,212,212,212,212,0
2022-07-26 10:38:00,212,212,212,212,0
2022-07-26 10:39:00,212,212,212,212,0
2022-07-26 10:40:00,212,212,212,212,0
2022-07-26 10:41:00,212,212,212,212,0
2022-07-26 10:42:00,212,212,212,212,0
2022-07-26 10:43:00,212,212,212,212,0
2022-07-26 10:44:00,212,212,212,212,0
2022-07-26 10:45:00,212,212,212,212,0
2022-07-26 10:46:00,212,212,212,212,0
2022-07-26 10:47:00,212,212,212,212,0
2022-07-26 10:48:00,212,212,212,212,0
2022-07-26 10:49:00,212,212,212,212,0
2022-07-26 10:50:00,212,212,212,212,0
2022-07-26 10:51:00,212,212,212,212,0
2022-07-26 10:52:00,212,212,212,212,0
2022-07-26 10:53:00,212,212,212,212,0
2022-07-26 10:54:00,212,212,212,212,0
2022-07-26 10:55:00,212,212,212,212,0
2022-07-26 10:56:00,212,212,212,212,0
2022-07-26 10:57:00,212,212,212,212,0
2022-07-26 10:58:00,212,212,212,212,0
2022-07-26 10:59:00,212,212,224,224,300
2022-07-26 11:00:00,212,212,224,224,0
2022-07-26 11:01:00,212,212,224,224,0
2022-07-26 11:02:00,212,212,224,224,0
2022-07-26 11:03:00,212,212,224,224,0
2022-07-26 11:04:00,212,212,224,224,0
2022-07-26 11:05:00,212,212,224,224,0
2022-07-26 11:06:00,212,212,224,224,0
2022-07-26 11:07:00,212,212,224,224,0
2022-07-26 11:08:00,212,212,224,224,0
2022-07-26 11:09:00,212,212,224,224,0
2022-07-26 11:10:00,212,212,224,224,0
2022-07-26 11:11:00,212,212,224,224,0
2022-07-26 11:12:00,212,212,224,224,0
2022-07-26 11:13:00,212,212,224,224,0
2022-07-26 11:14:00,212,212,224,224,0
2022-07-26 11:15:00,212,212,224,224,0
2022-07-26 11:16:00,212,212,224,224,0
2022-07-26 11:17:00,212,212,224,224,0
2022-07-26 11:18:00,212,212,224,224,0
2022-07-26 11:19:00,212,212,224,224,0
2022-07-26 11:20:00,212,212,224,224,0
2022-07-26 11:21:00,212,212,224,224,0
2022-07-26 11:22:00,212,212,224,224,0
2022-07-26 11:23:00,212,212,224,224,0
2022-07-26 11:24:00,212,212,224,224,0
2022-07-26 11:25:00,212,212,224,224,0
2022-07-26 11:26:00,212,212,224,224,0
2022-07-26 11:27:00,212,212,224,224,0
2022-07-26 11:28:00,212,212,224,224,0
2022-07-26 11:29:00,212,212,224,224,0
2022-07-26 11:30:00,212,212,224,224,0
2022-07-26 11:31:00,212,212,224,224,0
2022-07-26 11:32:00,212,212,224,224,0
2022-07-26 11:33:00,212,212,224,224,0
2022-07-26 11:34:00,212,212,224,224,0
2022-07-26 11:35:00,212,212,224,224,0
2022-07-26 11:36:00,212,212,224,224,0
2022-07-26 11:37:00,212,212,224,224,0
2022-07-26 11:38:00,212,212,224,224,0
2022-07-26 11:39:00,212,212,224,224,0
2022-07-26 11:40:00,212,212,224,224,0
2022-07-26 11:41:00,212,212,224,224,0
2022-07-26 11:42:00,212,212,224,224,0
2022-07-26 11:43:00,212,212,224,224,0
2022-07-26 11:44:00,212,212,224,224,0
2022-07-26 11:45:00,212,212,224,224,0
2022-07-26 11:46:00,212,212,224,224,0
2022-07-26 11:47:00,212,212,224,224,0
2022-07-26 11:48:00,212,212,224,224,0
2022-07-26 11:49:00,212,212,224,224,0
2022-07-26 11:50:00,212,212,224,224,0
2022-07-26 11:51:00,212,212,224,224,0
2022-07-26 11:52:00,212,212,224,224,0
2022-07-26 11:53:00,212,212,224,224,0
2022-07-26 11:54:00,212,212,224,224,0
2022-07-26 11:55:00,212,212,224,224,0
2022-07-26 11:56:00,212,212,224,224,0
2022-07-26 11:57:00,212,212,224,224,0
2022-07-26 11:58:00,212,212,224,224,0
2022-07-26 11:59:00,212,212,224,224,0
2022-07-26 12:00:00,212,212,224,224,0
2022-07-26 12:01:00,212,212,224,224,0
2022-07-26 12:02:00,212,212,224,224,0
2022-07-26 12:03:00,212,212,224,224,0
2022-07-26 12:04:00,212,212,224,224,0
2022-07-26 12:05:00,212,212,224,224,0
2022-07-26 12:06:00,212,212,224,224,0
2022-07-26 12:07:00,212,212,224,224,0
2022-07-26 12:08:00,212,212,224,224,0
2022-07-26 12:09:00,212,212,224,224,0
2022-07-26 12:10:00,212,212,224,224,0
2022-07-26 12:11:00,212,212,224,224,0
2022-07-26 12:12:00,212,212,224,224,0
2022-07-26 12:13:00,212,212,224,224,0
2022-07-26 12:14:00,212,212,224,224,0
2022-07-26 12:15:00,212,212,224,224,0
2022-07-26 12:16:00,212,212,224,224,0
2022-07-26 12:17:00,212,212,224,224,0
2022-07-26 12:18:00,212,212,224,224,0
2022-07-26 12:19:00,212,212,224,224,0
2022-07-26 12:20:00,212,212,224,224,0
2022-07-26 12:21:00,212,212,224,224,0
2022-07-26 12:22:00,212,212,224,224,0
2022-07-26 12:23:00,212,212,224,224,0
2022-07-26 12:24:00,212,212,224,224,0
2022-07-26 12:25:00,212,212,224,224,0
2022-07-26 12:26:00,212,212,224,224,0
2022-07-26 12:27:00,212,212,224,224,0
2022-07-26 12:28:00,212,212,224,224,0
2022-07-26 12:29:00,212,212,224,224,0
2022-07-26 12:30:00,212,212,224,224,0
2022-07-26 12:31:00,212,212,224,224,0
2022-07-26 12:32:00,212,212,224,224,0
2022-07-26 12:33:00,212,212,224,224,0
2022-07-26 12:34:00,212,212,224,224,0
2022-07-26 12:35:00,212,212,224,224,0
2022-07-26 12:36:00,212,212,224,224,0
2022-07-26 12:37:00,212,212,224,224,0
2022-07-26 12:38:00,212,212,224,224,0
2022-07-26 12:39:00,212,212,224,224,0
2022-07-26 12:40:00,212,212,224,224,0
2022-07-26 12:41:00,212,212,224,224,0
2022-07-26 12:42:00,212,212,224,224,0
2022-07-26 12:43:00,212,212,224,224,0
2022-07-26 12:44:00,212,212,224,224,0
2022-07-26 12:45:00,212,212,224,224,0
2022-07-26 12:46:00,212,212,224,224,0
2022-07-26 12:47:00,212,212,224,224,0
2022-07-26 12:48:00,212,212,224,224,0
2022-07-26 12:49:00,212,212,224,224,0
2022-07-26 12:50:00,212,212,224,224,0
2022-07-26 12:51:00,212,212,224,224,0
2022-07-26 12:52:00,212,212,224,224,0
2022-07-26 12:53:00,212,212,224,224,0
2022-07-26 12:54:00,212,212,224,224,0
2022-07-26 12:55:00,212,212,224,224,0
2022-07-26 12:56:00,212,212,224,224,0
2022-07-26 12:57:00,212,212,224,224,0
2022-07-26 12:58:00,212,212,224,224,0
2022-07-26 12:59:00,212,212,224,224,0
2022-07-26 13:00:00,212,212,224,224,0
2022-07-26 13:01:00,212,212,224,224,0
2022-07-26 13:02:00,212,212,224,224,0
2022-07-26 13:03:00,212,212,224,224,0
2022-07-26 13:04:00,212,212,224,224,0
2022-07-26 13:05:00,212,212,224,224,0
2022-07-26 13:06:00,212,212,224,224,0
2022-07-26 13:07:00,212,212,224,224,0
2022-07-26 13:08:00,212,212,224,224,0
2022-07-26 13:09:00,212,212,224,224,0
2022-07-26 13:10:00,212,212,224,224,0
2022-07-26 13:11:00,212,212,224,224,0
2022-07-26 13:12:00,212,212,224,224,0
2022-07-26 13:13:00,212,212,224,224,0
2022-07-26 13:14:00,212,212,224,224,0
2022-07-26 13:15:00,212,212,224,224,0
2022-07-26 13:16:00,212,212,224,224,0
2022-07-26 13:17:00,212,212,224,224,0
2022-07-26 13:18:00,212,212,224,224,0
2022-07-26 13:19:00,212,212,224,224,0
2022-07-26 13:20:00,212,212,224,224,0
2022-07-26 13:21:00,212,212,224,224,0
2022-07-26 13:22:00,212,212,224,224,0
2022-07-26 13:23:00,212,212,224,224,0
2022-07-26 13:24:00,212,212,224,224,0
2022-07-26 13:25:00,212,212,224,224,0
2022-07-26 13:26:00,212,212,224,224,0
2022-07-26 13:27:00,212,212,224,224,0
2022-07-26 13:28:00,212,212,224,224,0
2022-07-26 13:29:00,212,212,224,224,0
2022-07-26 13:30:00,220,220,220,220,1100
2022-07-26 13:31:00,220,220,220,220,0
2022-07-26 13:32:00,220,220,220,220,0
2022-07-26 13:33:00,220,220,220,220,0
2022-07-26 13:34:00,220,220,220,220,0
2022-07-26 13:35:00,220,220,220,220,0
2022-07-26 13:36:00,220,220,220,220,0
2022-07-26 13:37:00,220,220,220,220,0
2022-07-26 13:38:00,220,220,220,220,0
2022-07-26 13:39:00,220,220,220,220,0
2022-07-26 13:40:00,220,220,220,220,0
2022-07-26 13:41:00,220,220,220,220,0
2022-07-26 13:42:00,220,220,220,220,0
2022-07-26 13:43:00,220,220,220,220,0
2022-07-26 13:44:00,220,220,220,220,0
2022-07-26 13:45:00,220,220,220,220,0
2022-07-26 13:46:00,220,220,220,220,0
2022-07-26 13:47:00,220,220,220,220,0
2022-07-26 13:48:00,220,220,220,220,0
2022-07-26 13:49:00,220,220,220,220,0
2022-07-26 13:50:00,220,220,220,220,0
2022-07-26 13:51:00,220,220,220,220,0
2022-07-26 13:52:00,220,220,220,220,0
2022-07-26 13:53:00,220,220,220,220,0
2022-07-26 13:54:00,220,220,220,220,0
2022-07-26 13:55:00,220,220,220,220,0
2022-07-26 13:56:00,220,220,220,220,0
2022-07-26 13:57:00,220,220,220,220,0
2022-07-26 13:58:00,220,220,220,220,0
2022-07-26 13:59:00,220,220,220,220,0
2022-07-26 14:00:00,220,220,220,220,0
2022-07-26 14:01:00,220,220,220,220,0
2022-07-26 14:02:00,220,220,220,220,0
2022-07-26 14:03:00,220,220,220,220,0
2022-07-26 14:04:00,220,220,220,220,0
2022-07-26 14:05:00,220,220,220,220,0
2022-07-26 14:06:00,220,220,220,220,0
2022-07-26 14:07:00,220,220,220,220,0
2022-07-26 14:08:00,220,220,220,220,0
2022-07-26 14:09:00,220,220,220,220,0
2022-07-26 14:10:00,220,220,220,220,0
2022-07-26 14:11:00,220,220,220,220,0
2022-07-26 14:12:00,220,220,220,220,0
2022-07-26 14:13:00,220,220,220,220,0
2022-07-26 14:14:00,220,220,220,220,0
2022-07-26 14:15:00,220,220,220,220,0
2022-07-26 14:16:00,220,220,220,220,0
2022-07-26 14:17:00,220,220,220,220,0
2022-07-26 14:18:00,220,220,220,220,300
2022-07-26 14:19:00,220,220,220,220,0
2022-07-26 14:20:00,220,220,220,220,0
2022-07-26 14:21:00,220,220,220,220,0
2022-07-26 14:22:00,220,220,220,220,0
2022-07-26 14:23:00,220,220,220,220,0
2022-07-26 14:24:00,220,220,220,220,0
2022-07-26 14:25:00,220,220,220,220,0
2022-07-26 14:26:00,220,220,220,220,0
2022-07-26 14:27:00,220,220,220,220,0
2022-07-26 14:28:00,220,220,220,220,0
2022-07-26 14:29:00,220,220,220,220,0
2022-07-26 14:30:00,220,220,220,220,0
2022-07-26 14:31:00,220,220,220,220,0
2022-07-26 14:32:00,220,220,220,220,0
2022-07-26 14:33:00,220,220,220,220,0
2022-07-26 14:34:00,220,220,220,220,0
2022-07-26 14:35:00,220,220,220,220,0
2022-07-26 14:36:00,220,220,220,220,0
2022-07-26 14:37:00,220,220,220,220,0
2022-07-26 14:38:00,220,220,220,220,0
2022-07-26 14:39:00,220,220,220,220,0
2022-07-26 14:40:00,220,220,220,220,0
2022-07-26 14:41:00,220,220,220,220,0
2022-07-26 14:42:00,220,220,220,220,0
2022-07-26 14:43:00,220,220,220,220,0
2022-07-26 14:44:00,220,220,220,220,0
2022-07-26 14:45:00,220,220,220,220,0
2022-07-26 14:46:00,220,220,220,220,0
2022-07-26 14:47:00,220,220,220,220,0
2022-07-26 14:48:00,220,220,220,220,0
2022-07-26 14:49:00,220,220,220,220,0
2022-07-26 14:50:00,220,220,220,220,0
2022-07-26 14:51:00,220,220,220,220,0
2022-07-26 14:52:00,220,220,220,220,0
2022-07-26 14:53:00,220,220,220,220,0
2022-07-26 14:54:00,220,220,220,220,0
2022-07-26 14:55:00,220,220,220,220,0
2022-07-26 14:56:00,220,220,220,220,0
2022-07-26 14:57:00,220,220,220,220,0
2022-07-26 14:58:00,220,220,220,220,0
2022-07-26 14:59:00,220,220,220,220,0
2022-07-26 15:00:00,220,220,220,220,0
2022-07-26 15:01:00,220,220,220,220,0
2022-07-26 15:02:00,220,220,220,220,0
2022-07-26 15:03:00,220,220,220,220,0
2022-07-26 15:04:00,220,220,220,220,0
2022-07-26 15:05:00,220,220,220,220,0
2022-07-26 15:06:00,220,220,220,220,0
2022-07-26 15:07:00,220,220,220,220,0
2022-07-26 15:08:00,220,220,220,220,0
2022-07-26 15:09:00,220,220,220,220,0
2022-07-26 15:10:00,220,220,220,220,0
2022-07-26 15:11:00,220,220,220,220,0
2022-07-26 15:12:00,220,220,220,220,0
2022-07-26 15:13:00,220,220,220,220,0
2022-07-26 15:14:00,220,220,220,220,0
2022-07-26 15:15:00,220,220,220,220,0
2022-07-26 15:16:00,220,220,220,220,0
2022-07-26 15:17:00,220,220,220,220,0
2022-07-26 15:18:00,220,220,220,220,0
2022-07-26 15:19:00,220,220,220,220,0
2022-07-26 15:20:00,220,220,220,220,0
2022-07-26 15:21:00,220,220,220,220,0
2022-07-26 15:22:00,220,220,220,220,0
2022-07-26 15:23:00,220,220,220,220,0
2022-07-26 15:24:00,220,220,220,220,0
2022-07-26 15:25:00,220,220,220,220,0
2022-07-26 15:26:00,220,220,220,220,0
2022-07-26 15:27:00,220,220,220,220,0
2022-07-26 15:28:00,220,220,220,220,0
2022-07-26 15:29:00,220,220,220,220,0
2022-07-26 15:30:00,220,220,220,220,0
2022-07-26 15:31:00,220,220,220,220,0
2022-07-26 15:32:00,220,220,220,220,0
2022-07-26 15:33:00,220,220,220,220,0
2022-07-26 15:34:00,220,220,220,220,0
2022-07-26 15:35:00,220,220,220,220,0
2022-07-26 15:36:00,220,220,220,220,0
2022-07-26 15:37:00,220,220,220,220,0
2022-07-26 15:38:00,220,220,220,220,0
2022-07-26 15:39:00,220,220,220,220,0
2022-07-26 15:40:00,220,220,220,220,0
2022-07-26 15:41:00,220,220,220,220,0
2022-07-26 15:42:00,220,220,220,220,0
2022-07-26 15:43:00,220,220,220,220,0
2022-07-26 15:44:00,220,220,220,220,0
2022-07-26 15:45:00,220,220,220,220,0
2022-07-26 15:46:00,220,220,220,220,0
2022-07-26 15:47:00,220,220,220,220,0
2022-07-26 15:48:00,220,220,220,220,0
2022-07-26 15:49:00,220,220,220,220,0
2022-07-26 15:50:00,220,220,220,220,0
2022-07-26 15:51:00,220,220,220,220,0
2022-07-26 15:52:00,220,220,220,220,0
2022-07-26 15:53:00,220,220,220,220,0
2022-07-26 15:54:00,220,220,220,220,0
2022-07-26 15:55:00,220,220,220,220,0
2022-07-26 15:56:00,220,220,220,220,0
2022-07-26 15:57:00,220,220,220,220,0
2022-07-26 15:58:00,220,220,220,220,0
2022-07-26 15:59:00,220,220,220,220,0
2022-07-27 09:00:00,220,220,220,220,0
2022-07-27 09:01:00,220,220,220,220,0
2022-07-27 09:02:00,220,220,220,220,0
2022-07-27 09:03:00,220,220,220,220,0
2022-07-27 09:04:00,220,220,220,220,0
2022-07-27 09:05:00,220,220,220,220,0
2022-07-27 09:06:00,220,220,220,220,0
2022-07-27 09:07:00,220,220,220,220,0
2022-07-27 09:08:00,220,220,220,220,0
2022-07-27 09:09:00,220,220,220,220,0
2022-07-27 09:10:00,220,220,220,220,0
2022-07-27 09:11:00,220,220,220,220,0
2022-07-27 09:12:00,220,220,220,220,0
2022-07-27 09:13:00,220,220,220,220,0
2022-07-27 09:14:00,220,220,220,220,0
2022-07-27 09:15:00,220,220,220,220,0
2022-07-27 09:16:00,220,220,220,220,0
2022-07-27 09:17:00,220,220,220,220,0
2022-07-27 09:18:00,220,220,220,220,0
2022-07-27 09:19:00,220,220,220,220,0
2022-07-27 09:20:00,220,220,220,220,0
2022-07-27 09:21:00,220,220,220,220,0
2022-07-27 09:22:00,220,220,220,220,0
2022-07-27 09:23:00,220,220,220,220,0
2022-07-27 09:24:00,220,220,220,220,0
2022-07-27 09:25:00,208,208,208,208,9800
2022-07-27 09:26:00,208,208,208,208,0
2022-07-27 09:27:00,208,208,208,208,0
2022-07-27 09:28:00,208,208,208,208,0
2022-07-27 09:29:00,210,210,210,210,200
2022-07-27 09:30:00,210,210,210,210,0
2022-07-27 09:31:00,210,210,210,210,0
2022-07-27 09:32:00,210,210,210,210,0
2022-07-27 09:33:00,210,210,210,210,0
2022-07-27 09:34:00,210,210,210,210,0
2022-07-27 09:35:00,210,210,210,210,0
2022-07-27 09:36:00,210,210,210,210,0
2022-07-27 09:37:00,210,210,210,210,0
2022-07-27 09:38:00,210,210,210,210,0
2022-07-27 09:39:00,210,210,210,210,0
2022-07-27 09:40:00,210,210,210,210,0
2022-07-27 09:41:00,210,210,210,210,700
2022-07-27 09:42:00,210,210,210,210,0
2022-07-27 09:43:00,210,210,210,210,0
2022-07-27 09:44:00,210,210,210,210,0
2022-07-27 09:45:00,210,210,210,210,0
2022-07-27 09:46:00,210,210,210,210,0
2022-07-27 09:47:00,210,210,210,210,0
2022-07-27 09:48:00,210,210,210,210,0
2022-07-27 09:49:00,210,210,210,210,0
2022-07-27 09:50:00,210,210,210,210,0
2022-07-27 09:51:00,210,210,210,210,0
2022-07-27 09:52:00,210,210,210,210,0
2022-07-27 09:53:00,210,210,210,210,0
2022-07-27 09:54:00,210,210,210,210,0
2022-07-27 09:55:00,210,210,210,210,0
2022-07-27 09:56:00,210,210,210,210,0
2022-07-27 09:57:00,210,210,210,210,0
2022-07-27 09:58:00,210,210,210,210,0
2022-07-27 09:59:00,210,210,210,210,0
2022-07-27 10:00:00,210,210,210,210,0
2022-07-27 10:01:00,210,210,210,210,0
2022-07-27 10:02:00,208,208,208,208,3000
2022-07-27 10:03:00,208,208,208,208,0
2022-07-27 10:04:00,208,208,208,208,0
2022-07-27 10:05:00,208,208,208,208,0
2022-07-27 10:06:00,210,210,210,210,0
2022-07-27 10:07:00,210,210,210,210,0
2022-07-27 10:08:00,210,210,210,210,0
2022-07-27 10:09:00,210,210,210,210,0
2022-07-27 10:10:00,210,210,210,210,100
2022-07-27 10:11:00,210,210,210,210,0
2022-07-27 10:12:00,210,210,210,210,0
2022-07-27 10:13:00,210,210,210,210,0
2022-07-27 10:14:00,210,210,210,210,0
2022-07-27 10:15:00,210,210,210,210,0
2022-07-27 10:16:00,210,210,210,210,0
2022-07-27 10:17:00,210,210,210,210,0
2022-07-27 10:18:00,210,210,210,210,0
2022-07-27 10:19:00,210,210,210,210,0
2022-07-27 10:20:00,210,210,210,210,0
2022-07-27 10:21:00,210,210,210,210,0
2022-07-27 10:22:00,210,210,210,210,0
2022-07-27 10:23:00,210,210,210,210,0
2022-07-27 10:24:00,210,210,210,210,0
2022-07-27 10:25:00,210,210,210,210,0
2022-07-27 10:26:00,210,210,210,210,0
2022-07-27 10:27:00,210,210,210,210,0
2022-07-27 10:28:00,210,210,210,210,0
2022-07-27 10:29:00,210,210,210,210,0
2022-07-27 10:30:00,210,210,210,210,0
2022-07-27 10:31:00,210,210,210,210,0
2022-07-27 10:32:00,210,210,210,210,0
2022-07-27 10:33:00,210,210,210,210,0
2022-07-27 10:34:00,210,210,210,210,0
2022-07-27 10:35:00,210,210,210,210,0
2022-07-27 10:36:00,210,210,210,210,0
2022-07-27 10:37:00,210,210,210,210,0
2022-07-27 10:38:00,210,210,210,210,0
2022-07-27 10:39:00,210,210,210,210,0
2022-07-27 10:40:00,210,210,210,210,0
2022-07-27 10:41:00,210,210,210,210,0
2022-07-27 10:42:00,210,210,210,210,0
2022-07-27 10:43:00,210,210,210,210,0
2022-07-27 10:44:00,210,210,210,210,0
2022-07-27 10:45:00,210,210,210,210,0
2022-07-27 10:46:00,210,210,210,210,0
2022-07-27 10:47:00,210,210,210,210,0
2022-07-27 10:48:00,210,210,210,210,0
2022-07-27 10:49:00,210,210,210,210,0
2022-07-27 10:50:00,210,210,210,210,0
2022-07-27 10:51:00,210,210,210,210,0
2022-07-27 10:52:00,210,210,210,210,0
2022-07-27 10:53:00,210,210,210,210,0
2022-07-27 10:54:00,210,210,210,210,0
2022-07-27 10:55:00,210,210,210,210,0
2022-07-27 10:56:00,210,210,210,210,0
2022-07-27 10:57:00,210,210,210,210,0
2022-07-27 10:58:00,210,210,210,210,0
2022-07-27 10:59:00,210,210,210,210,0
2022-07-27 11:00:00,210,210,210,210,0
2022-07-27 11:01:00,210,210,210,210,0
2022-07-27 11:02:00,210,210,210,210,0
2022-07-27 11:03:00,210,210,210,210,0
2022-07-27 11:04:00,210,210,210,210,100
2022-07-27 11:05:00,210,210,210,210,0
2022-07-27 11:06:00,210,210,210,210,0
2022-07-27 11:07:00,210,210,210,210,0
2022-07-27 11:08:00,210,210,210,210,0
2022-07-27 11:09:00,210,210,210,210,2500
2022-07-27 11:10:00,210,210,210,210,0
2022-07-27 11:11:00,210,210,210,210,0
2022-07-27 11:12:00,210,210,210,210,0
2022-07-27 11:13:00,210,210,210,210,0
2022-07-27 11:14:00,210,210,210,210,0
2022-07-27 11:15:00,210,210,210,210,0
2022-07-27 11:16:00,210,210,210,210,0
2022-07-27 11:17:00,210,210,210,210,0
2022-07-27 11:18:00,210,210,210,210,0
2022-07-27 11:19:00,210,210,210,210,0
2022-07-27 11:20:00,210,210,210,210,0
2022-07-27 11:21:00,210,210,210,210,0
2022-07-27 11:22:00,210,210,210,210,0
2022-07-27 11:23:00,210,210,210,210,0
2022-07-27 11:24:00,210,210,210,210,0
2022-07-27 11:25:00,210,210,210,210,0
2022-07-27 11:26:00,210,210,210,210,0
2022-07-27 11:27:00,210,210,210,210,0
2022-07-27 11:28:00,210,210,210,210,0
2022-07-27 11:29:00,210,210,210,210,0
2022-07-27 11:30:00,210,210,210,210,0
2022-07-27 11:31:00,210,210,210,210,0
2022-07-27 11:32:00,210,210,210,210,0
2022-07-27 11:33:00,210,210,210,210,0
2022-07-27 11:34:00,210,210,210,210,0
2022-07-27 11:35:00,210,210,210,210,0
2022-07-27 11:36:00,210,210,210,210,0
2022-07-27 11:37:00,210,210,210,210,0
2022-07-27 11:38:00,210,210,210,210,0
2022-07-27 11:39:00,210,210,210,210,0
2022-07-27 11:40:00,210,210,210,210,0
2022-07-27 11:41:00,210,210,210,210,0
2022-07-27 11:42:00,210,210,210,210,0
2022-07-27 11:43:00,210,210,210,210,0
2022-07-27 11:44:00,210,210,210,210,0
2022-07-27 11:45:00,210,210,210,210,0
2022-07-27 11:46:00,210,210,210,210,0
2022-07-27 11:47:00,210,210,210,210,0
2022-07-27 11:48:00,210,210,210,210,0
2022-07-27 11:49:00,210,210,210,210,0
2022-07-27 11:50:00,210,210,210,210,0
2022-07-27 11:51:00,210,210,210,210,0
2022-07-27 11:52:00,210,210,210,210,0
2022-07-27 11:53:00,210,210,210,210,0
2022-07-27 11:54:00,210,210,210,210,0
2022-07-27 11:55:00,210,210,210,210,0
2022-07-27 11:56:00,210,210,210,210,0
2022-07-27 11:57:00,210,210,210,210,0
2022-07-27 11:58:00,210,210,210,210,0
2022-07-27 11:59:00,210,210,210,210,0
2022-07-27 12:00:00,210,210,210,210,0
2022-07-27 12:01:00,210,210,210,210,0
2022-07-27 12:02:00,210,210,210,210,0
2022-07-27 12:03:00,210,210,210,210,0
2022-07-27 12:04:00,210,210,210,210,0
2022-07-27 12:05:00,210,210,210,210,0
2022-07-27 12:06:00,210,210,210,210,0
2022-07-27 12:07:00,210,210,210,210,0
2022-07-27 12:08:00,210,210,210,210,0
2022-07-27 12:09:00,210,210,210,210,0
2022-07-27 12:10:00,210,210,210,210,0
2022-07-27 12:11:00,210,210,210,210,0
2022-07-27 12:12:00,210,210,210,210,0
2022-07-27 12:13:00,210,210,210,210,0
2022-07-27 12:14:00,210,210,210,210,0
2022-07-27 12:15:00,210,210,210,210,0
2022-07-27 12:16:00,210,210,210,210,0
2022-07-27 12:17:00,210,210,210,210,0
2022-07-27 12:18:00,210,210,210,210,0
2022-07-27 12:19:00,210,210,210,210,0
2022-07-27 12:20:00,210,210,210,210,0
2022-07-27 12:21:00,210,210,210,210,0
2022-07-27 12:22:00,210,210,210,210,0
2022-07-27 12:23:00,210,210,210,210,0
2022-07-27 12:24:00,210,210,210,210,0
2022-07-27 12:25:00,210,210,210,210,0
2022-07-27 12:26:00,210,210,210,210,0
2022-07-27 12:27:00,210,210,210,210,0
2022-07-27 12:28:00,210,210,210,210,0
2022-07-27 12:29:00,210,210,210,210,0
2022-07-27 12:30:00,210,210,210,210,0
2022-07-27 12:31:00,210,210,210,210,0
2022-07-27 12:32:00,210,210,210,210,0
2022-07-27 12:33:00,210,210,210,210,0
2022-07-27 12:34:00,210,210,210,210,0
2022-07-27 12:35:00,210,210,210,210,0
2022-07-27 12:36:00,210,210,210,210,0
2022-07-27 12:37:00,210,210,210,210,0
2022-07-27 12:38:00,210,210,210,210,0
2022-07-27 12:39:00,210,210,210,210,0
2022-07-27 12:40:00,210,210,210,210,0
2022-07-27 12:41:00,210,210,210,210,0
2022-07-27 12:42:00,210,210,210,210,0
2022-07-27 12:43:00,210,210,210,210,0
2022-07-27 12:44:00,210,210,210,210,0
2022-07-27 12:45:00,210,210,210,210,0
2022-07-27 12:46:00,210,210,210,210,0
2022-07-27 12:47:00,210,210,210,210,0
2022-07-27 12:48:00,210,210,210,210,0
2022-07-27 12:49:00,210,210,210,210,0
2022-07-27 12:50:00,210,210,210,210,0
2022-07-27 12:51:00,210,210,210,210,0
2022-07-27 12:52:00,210,210,210,210,0
2022-07-27 12:53:00,210,210,210,210,0
2022-07-27 12:54:00,210,210,210,210,0
2022-07-27 12:55:00,210,210,210,210,0
2022-07-27 12:56:00,210,210,210,210,0
2022-07-27 12:57:00,210,210,210,210,0
2022-07-27 12:58:00,210,210,210,210,0
2022-07-27 12:59:00,210,210,210,210,0
2022-07-27 13:00:00,210,210,210,210,0
2022-07-27 13:01:00,210,210,210,210,0
2022-07-27 13:02:00,210,210,210,210,0
2022-07-27 13:03:00,210,210,210,210,0
2022-07-27 13:04:00,210,210,210,210,0
2022-07-27 13:05:00,210,210,210,210,0
2022-07-27 13:06:00,210,210,210,210,0
2022-07-27 13:07:00,210,210,210,210,0
2022-07-27 13:08:00,210,210,210,210,0
2022-07-27 13:09:00,210,210,210,210,0
2022-07-27 13:10:00,210,210,210,210,0
2022-07-27 13:11:00,210,210,210,210,0
2022-07-27 13:12:00,210,210,210,210,0
2022-07-27 13:13:00,210,210,210,210,0
2022-07-27 13:14:00,210,210,210,210,0
2022-07-27 13:15:00,210,210,210,210,0
2022-07-27 13:16:00,210,210,210,210,0
2022-07-27 13:17:00,210,210,210,210,0
2022-07-27 13:18:00,210,210,210,210,0
2022-07-27 13:19:00,210,210,210,210,0
2022-07-27 13:20:00,210,210,210,210,0
2022-07-27 13:21:00,210,210,210,210,0
2022-07-27 13:22:00,210,210,210,210,0
2022-07-27 13:23:00,210,210,210,210,0
2022-07-27 13:24:00,210,210,210,210,0
2022-07-27 13:25:00,210,210,210,210,0
2022-07-27 13:26:00,210,210,210,210,0
2022-07-27 13:27:00,210,210,210,210,0
2022-07-27 13:28:00,210,210,210,210,0
2022-07-27 13:29:00,210,210,210,210,0
2022-07-27 13:30:00,210,210,210,210,0
2022-07-27 13:31:00,210,210,210,210,0
2022-07-27 13:32:00,210,210,210,210,0
2022-07-27 13:33:00,210,210,210,210,0
2022-07-27 13:34:00,210,210,210,210,0
2022-07-27 13:35:00,210,210,210,210,0
2022-07-27 13:36:00,210,210,210,210,0
2022-07-27 13:37:00,210,210,212,212,300
2022-07-27 13:38:00,210,210,212,212,0
2022-07-27 13:39:00,210,210,210,210,0
2022-07-27 13:40:00,210,210,210,210,0
2022-07-27 13:41:00,210,210,210,210,0
2022-07-27 13:42:00,212,212,212,212,200
2022-07-27 13:43:00,214,214,214,214,0
2022-07-27 13:44:00,214,214,214,214,0
2022-07-27 13:45:00,214,214,214,214,0
2022-07-27 13:46:00,214,214,214,214,0
2022-07-27 13:47:00,214,214,214,214,0
2022-07-27 13:48:00,214,214,214,214,0
2022-07-27 13:49:00,214,214,214,214,0
2022-07-27 13:50:00,214,214,214,214,0
2022-07-27 13:51:00,214,214,214,214,0
2022-07-27 13:52:00,214,214,214,214,0
2022-07-27 13:53:00,214,214,214,214,0
2022-07-27 13:54:00,214,214,214,214,0
2022-07-27 13:55:00,214,214,214,214,0
2022-07-27 13:56:00,214,214,214,214,0
2022-07-27 13:57:00,214,214,214,214,0
2022-07-27 13:58:00,214,214,214,214,0
2022-07-27 13:59:00,214,214,214,214,0
2022-07-27 14:00:00,214,214,214,214,0
2022-07-27 14:01:00,214,214,214,214,0
2022-07-27 14:02:00,214,214,214,214,0
2022-07-27 14:03:00,214,214,214,214,0
2022-07-27 14:04:00,214,214,214,214,0
2022-07-27 14:05:00,214,214,214,214,0
2022-07-27 14:06:00,214,214,214,214,0
2022-07-27 14:07:00,214,214,214,214,0
2022-07-27 14:08:00,210,210,210,210,300
2022-07-27 14:09:00,210,210,210,210,0
2022-07-27 14:10:00,210,210,210,210,0
2022-07-27 14:11:00,210,210,210,210,0
2022-07-27 14:12:00,210,210,210,210,0
2022-07-27 14:13:00,210,210,210,210,0
2022-07-27 14:14:00,210,210,210,210,0
2022-07-27 14:15:00,210,210,210,210,0
2022-07-27 14:16:00,210,210,210,210,0
2022-07-27 14:17:00,210,210,210,210,0
2022-07-27 14:18:00,210,210,210,210,0
2022-07-27 14:19:00,210,210,210,210,0
2022-07-27 14:20:00,210,210,210,210,0
2022-07-27 14:21:00,210,210,210,210,0
2022-07-27 14:22:00,210,210,210,210,0
2022-07-27 14:23:00,208,208,208,208,29900
2022-07-27 14:24:00,208,208,208,208,0
2022-07-27 14:25:00,208,208,208,208,14000
2022-07-27 14:26:00,208,208,208,208,0
2022-07-27 14:27:00,208,208,208,208,0
2022-07-27 14:28:00,208,208,208,208,0
2022-07-27 14:29:00,208,208,208,208,0
2022-07-27 14:30:00,208,208,208,208,0
2022-07-27 14:31:00,208,208,208,208,0
2022-07-27 14:32:00,208,208,208,208,0
2022-07-27 14:33:00,208,208,208,208,4500
2022-07-27 14:34:00,208,208,208,208,0
2022-07-27 14:35:00,208,208,208,208,0
2022-07-27 14:36:00,210,208,210,208,35000
2022-07-27 14:37:00,210,208,210,208,0
2022-07-27 14:38:00,210,208,210,208,0
2022-07-27 14:39:00,210,208,210,208,0
2022-07-27 14:40:00,210,208,210,208,0
2022-07-27 14:41:00,210,208,210,208,0
2022-07-27 14:42:00,210,208,210,208,0
2022-07-27 14:43:00,210,208,210,208,0
2022-07-27 14:44:00,210,208,210,208,0
2022-07-27 14:45:00,210,208,210,208,0
2022-07-27 14:46:00,210,208,210,208,0
2022-07-27 14:47:00,210,208,210,208,0
2022-07-27 14:48:00,210,208,210,208,0
2022-07-27 14:49:00,208,208,208,208,2700
2022-07-27 14:50:00,208,208,208,208,0
2022-07-27 14:51:00,208,208,208,208,0
2022-07-27 14:52:00,208,208,208,208,0
2022-07-27 14:53:00,208,208,208,208,0
2022-07-27 14:54:00,208,208,208,208,0
2022-07-27 14:55:00,208,208,208,208,0
2022-07-27 14:56:00,208,208,208,208,0
2022-07-27 14:57:00,208,208,208,208,0
2022-07-27 14:58:00,208,208,208,208,0
2022-07-27 14:59:00,208,208,208,208,0
2022-07-27 15:00:00,208,208,208,208,0
2022-07-27 15:01:00,208,208,208,208,0
2022-07-27 15:02:00,208,208,208,208,0
2022-07-27 15:03:00,208,208,208,208,0
2022-07-27 15:04:00,208,208,208,208,0
2022-07-27 15:05:00,208,208,208,208,0
2022-07-27 15:06:00,208,208,208,208,0
2022-07-27 15:07:00,208,208,208,208,0
2022-07-27 15:08:00,208,208,208,208,0
2022-07-27 15:09:00,208,208,208,208,0
2022-07-27 15:10:00,208,208,208,208,0
2022-07-27 15:11:00,208,208,208,208,0
2022-07-27 15:12:00,208,208,208,208,0
2022-07-27 15:13:00,208,208,208,208,0
2022-07-27 15:14:00,208,208,208,208,0
2022-07-27 15:15:00,208,208,208,208,0
2022-07-27 15:16:00,208,208,208,208,0
2022-07-27 15:17:00,208,208,208,208,0
2022-07-27 15:18:00,208,208,208,208,0
2022-07-27 15:19:00,208,208,208,208,0
2022-07-27 15:20:00,208,208,208,208,0
2022-07-27 15:21:00,208,208,208,208,0
2022-07-27 15:22:00,208,208,208,208,0
2022-07-27 15:23:00,208,208,208,208,0
2022-07-27 15:24:00,208,208,208,208,0
2022-07-27 15:25:00,208,208,208,208,0
2022-07-27 15:26:00,208,208,208,208,0
2022-07-27 15:27:00,208,208,208,208,0
2022-07-27 15:28:00,208,208,208,208,0
2022-07-27 15:29:00,208,208,208,208,0
2022-07-27 15:30:00,208,208,208,208,0
2022-07-27 15:31:00,208,208,208,208,0
2022-07-27 15:32:00,208,208,208,208,0
2022-07-27 15:33:00,208,208,208,208,0
2022-07-27 15:34:00,208,208,208,208,0
2022-07-27 15:35:00,208,208,208,208,0
2022-07-27 15:36:00,208,208,208,208,0
2022-07-27 15:37:00,208,208,208,208,0
2022-07-27 15:38:00,208,208,208,208,0
2022-07-27 15:39:00,208,208,208,208,0
2022-07-27 15:40:00,208,208,208,208,0
2022-07-27 15:41:00,208,208,208,208,0
2022-07-27 15:42:00,208,208,208,208,0
2022-07-27 15:43:00,208,208,208,208,0
2022-07-27 15:44:00,208,208,208,208,0
2022-07-27 15:45:00,208,208,208,208,0
2022-07-27 15:46:00,208,208,208,208,0
2022-07-27 15:47:00,208,208,208,208,0
2022-07-27 15:48:00,208,208,208,208,0
2022-07-27 15:49:00,208,208,208,208,0
2022-07-27 15:50:00,208,208,208,208,0
2022-07-27 15:51:00,208,208,208,208,0
2022-07-27 15:52:00,208,208,208,208,0
2022-07-27 15:53:00,208,208,208,208,0
2022-07-27 15:54:00,208,208,208,208,0
2022-07-27 15:55:00,208,208,208,208,0
2022-07-27 15:56:00,208,208,208,208,0
2022-07-27 15:57:00,208,208,208,208,0
2022-07-27 15:58:00,208,208,208,208,0
2022-07-27 15:59:00,208,208,208,208,0
2022-07-28 09:00:00,208,208,208,208,200
2022-07-28 09:01:00,208,208,208,208,0
2022-07-28 09:02:00,208,208,208,208,0
2022-07-28 09:03:00,208,208,208,208,0
2022-07-28 09:04:00,208,208,208,208,0
2022-07-28 09:05:00,208,208,208,208,0
2022-07-28 09:06:00,208,208,208,208,0
2022-07-28 09:07:00,216,216,216,216,0
2022-07-28 09:08:00,216,216,216,216,0
2022-07-28 09:09:00,216,216,216,216,0
2022-07-28 09:10:00,216,216,216,216,0
2022-07-28 09:11:00,216,216,216,216,0
2022-07-28 09:12:00,216,216,216,216,0
2022-07-28 09:13:00,216,216,216,216,0
2022-07-28 09:14:00,216,216,216,216,0
2022-07-28 09:15:00,216,216,216,216,0
2022-07-28 09:16:00,216,216,216,216,0
2022-07-28 09:17:00,216,216,216,216,0
2022-07-28 09:18:00,216,216,216,216,0
2022-07-28 09:19:00,216,216,216,216,0
2022-07-28 09:20:00,216,216,216,216,0
2022-07-28 09:21:00,216,216,216,216,0
2022-07-28 09:22:00,216,216,216,216,0
2022-07-28 09:23:00,216,216,216,216,0
2022-07-28 09:24:00,216,216,216,216,0
2022-07-28 09:25:00,216,216,216,216,0
2022-07-28 09:26:00,216,216,216,216,0
2022-07-28 09:27:00,216,216,216,216,0
2022-07-28 09:28:00,216,216,216,216,0
2022-07-28 09:29:00,216,216,216,216,0
2022-07-28 09:30:00,216,216,216,216,0
2022-07-28 09:31:00,216,216,216,216,0
2022-07-28 09:32:00,216,216,216,216,0
2022-07-28 09:33:00,216,216,216,216,0
2022-07-28 09:34:00,210,210,210,210,200
2022-07-28 09:35:00,216,216,216,216,1800
2022-07-28 09:36:00,214,214,214,214,0
2022-07-28 09:37:00,214,214,214,214,0
2022-07-28 09:38:00,214,214,214,214,0
2022-07-28 09:39:00,214,214,214,214,0
2022-07-28 09:40:00,214,214,214,214,0
2022-07-28 09:41:00,214,214,214,214,0
2022-07-28 09:42:00,214,214,214,214,0
2022-07-28 09:43:00,214,214,214,214,0
2022-07-28 09:44:00,214,214,214,214,0
2022-07-28 09:45:00,214,214,214,214,0
2022-07-28 09:46:00,214,214,214,214,0
2022-07-28 09:47:00,214,214,214,214,0
2022-07-28 09:48:00,214,214,214,214,0
2022-07-28 09:49:00,214,214,214,214,0
2022-07-28 09:50:00,214,214,214,214,0
2022-07-28 09:51:00,214,214,214,214,0
2022-07-28 09:52:00,214,214,214,214,0
2022-07-28 09:53:00,214,214,214,214,0
2022-07-28 09:54:00,214,214,214,214,0
2022-07-28 09:55:00,214,214,214,214,0
2022-07-28 09:56:00,214,214,214,214,0
2022-07-28 09:57:00,214,214,214,214,0
2022-07-28 09:58:00,214,214,214,214,0
2022-07-28 09:59:00,214,214,214,214,0
2022-07-28 10:00:00,214,214,214,214,0
2022-07-28 10:01:00,214,214,214,214,0
2022-07-28 10:02:00,214,214,214,214,0
2022-07-28 10:03:00,214,214,214,214,0
2022-07-28 10:04:00,214,214,214,214,0
2022-07-28 10:05:00,214,214,214,214,0
2022-07-28 10:06:00,214,214,214,214,0
2022-07-28 10:07:00,214,214,214,214,0
2022-07-28 10:08:00,214,214,214,214,0
2022-07-28 10:09:00,214,214,214,214,0
2022-07-28 10:10:00,214,214,214,214,0
2022-07-28 10:11:00,214,214,214,214,0
2022-07-28 10:12:00,214,214,214,214,0
2022-07-28 10:13:00,214,214,214,214,0
2022-07-28 10:14:00,214,214,214,214,0
2022-07-28 10:15:00,214,214,214,214,0
2022-07-28 10:16:00,214,214,214,214,0
2022-07-28 10:17:00,214,214,214,214,0
2022-07-28 10:18:00,214,214,214,214,0
2022-07-28 10:19:00,214,214,214,214,0
2022-07-28 10:20:00,214,214,214,214,0
2022-07-28 10:21:00,214,214,214,214,0
2022-07-28 10:22:00,214,214,214,214,0
2022-07-28 10:23:00,214,214,214,214,0
2022-07-28 10:24:00,208,208,208,208,100
2022-07-28 10:25:00,208,208,208,208,0
2022-07-28 10:26:00,208,208,208,208,0
2022-07-28 10:27:00,208,208,208,208,0
2022-07-28 10:28:00,208,208,208,208,0
2022-07-28 10:29:00,208,208,208,208,0
2022-07-28 10:30:00,208,208,208,208,0
2022-07-28 10:31:00,208,208,208,208,0
2022-07-28 10:32:00,208,208,208,208,0
2022-07-28 10:33:00,208,208,208,208,0
2022-07-28 10:34:00,208,208,208,208,0
2022-07-28 10:35:00,208,208,208,208,0
2022-07-28 10:36:00,208,208,208,208,0
2022-07-28 10:37:00,208,208,208,208,0
2022-07-28 10:38:00,208,208,208,208,0
2022-07-28 10:39:00,208,208,208,208,0
2022-07-28 10:40:00,208,208,208,208,0
2022-07-28 10:41:00,208,208,208,208,0
2022-07-28 10:42:00,208,208,208,208,0
2022-07-28 10:43:00,208,208,208,208,0
2022-07-28 10:44:00,208,208,208,208,0
2022-07-28 10:45:00,208,208,208,208,0
2022-07-28 10:46:00,208,208,208,208,0
2022-07-28 10:47:00,208,208,208,208,0
2022-07-28 10:48:00,208,208,208,208,0
2022-07-28 10:49:00,208,208,208,208,0
2022-07-28 10:50:00,208,208,208,208,0
2022-07-28 10:51:00,208,208,208,208,0
2022-07-28 10:52:00,208,208,208,208,0
2022-07-28 10:53:00,208,208,208,208,0
2022-07-28 10:54:00,208,208,208,208,0
2022-07-28 10:55:00,208,208,208,208,0
2022-07-28 10:56:00,208,208,208,208,0
2022-07-28 10:57:00,208,208,208,208,0
2022-07-28 10:58:00,208,208,208,208,0
2022-07-28 10:59:00,208,208,208,208,0
2022-07-28 11:00:00,208,208,208,208,0
2022-07-28 11:01:00,208,208,208,208,0
2022-07-28 11:02:00,208,208,208,208,0
2022-07-28 11:03:00,208,208,208,208,0
2022-07-28 11:04:00,208,208,208,208,0
2022-07-28 11:05:00,208,208,208,208,0
2022-07-28 11:06:00,208,208,208,208,0
2022-07-28 11:07:00,208,208,208,208,0
2022-07-28 11:08:00,208,208,208,208,0
2022-07-28 11:09:00,208,208,208,208,0
2022-07-28 11:10:00,208,208,208,208,0
2022-07-28 11:11:00,208,208,208,208,0
2022-07-28 11:12:00,208,208,208,208,0
2022-07-28 11:13:00,208,208,208,208,0
2022-07-28 11:14:00,208,208,208,208,1000
2022-07-28 11:15:00,208,208,208,208,0
2022-07-28 11:16:00,208,208,208,208,0
2022-07-28 11:17:00,208,208,208,208,0
2022-07-28 11:18:00,208,208,208,208,0
2022-07-28 11:19:00,208,208,208,208,0
2022-07-28 11:20:00,208,208,208,208,0
2022-07-28 11:21:00,208,208,208,208,0
2022-07-28 11:22:00,208,208,208,208,0
2022-07-28 11:23:00,208,208,208,208,0
2022-07-28 11:24:00,208,208,208,208,0
2022-07-28 11:25:00,208,208,208,208,0
2022-07-28 11:26:00,208,208,208,208,0
2022-07-28 11:27:00,208,208,208,208,0
2022-07-28 11:28:00,208,208,208,208,0
2022-07-28 11:29:00,208,208,208,208,0
2022-07-28 11:30:00,208,208,208,208,0
2022-07-28 11:31:00,208,208,208,208,0
2022-07-28 11:32:00,208,208,208,208,0
2022-07-28 11:33:00,208,208,208,208,0
2022-07-28 11:34:00,208,208,208,208,0
2022-07-28 11:35:00,208,208,208,208,0
2022-07-28 11:36:00,208,208,208,208,0
2022-07-28 11:37:00,208,208,208,208,0
2022-07-28 11:38:00,208,208,208,208,0
2022-07-28 11:39:00,208,208,208,208,0
2022-07-28 11:40:00,208,208,208,208,0
2022-07-28 11:41:00,208,208,208,208,0
2022-07-28 11:42:00,208,208,208,208,0
2022-07-28 11:43:00,208,208,208,208,0
2022-07-28 11:44:00,208,208,208,208,0
2022-07-28 11:45:00,208,208,208,208,0
2022-07-28 11:46:00,208,208,208,208,0
2022-07-28 11:47:00,208,208,208,208,0
2022-07-28 11:48:00,208,208,208,208,0
2022-07-28 11:49:00,208,208,208,208,0
2022-07-28 11:50:00,208,208,208,208,0
2022-07-28 11:51:00,208,208,208,208,0
2022-07-28 11:52:00,208,208,208,208,0
2022-07-28 11:53:00,208,208,208,208,0
2022-07-28 11:54:00,208,208,208,208,0
2022-07-28 11:55:00,208,208,208,208,0
2022-07-28 11:56:00,208,208,208,208,0
2022-07-28 11:57:00,208,208,208,208,0
2022-07-28 11:58:00,208,208,208,208,0
2022-07-28 11:59:00,208,208,208,208,0
2022-07-28 12:00:00,208,208,208,208,0
2022-07-28 12:01:00,208,208,208,208,0
2022-07-28 12:02:00,208,208,208,208,0
2022-07-28 12:03:00,208,208,208,208,0
2022-07-28 12:04:00,208,208,208,208,0
2022-07-28 12:05:00,208,208,208,208,0
2022-07-28 12:06:00,208,208,208,208,0
2022-07-28 12:07:00,208,208,208,208,0
2022-07-28 12:08:00,208,208,208,208,0
2022-07-28 12:09:00,208,208,208,208,0
2022-07-28 12:10:00,208,208,208,208,0
2022-07-28 12:11:00,208,208,208,208,0
2022-07-28 12:12:00,208,208,208,208,0
2022-07-28 12:13:00,208,208,208,208,0
2022-07-28 12:14:00,208,208,208,208,0
2022-07-28 12:15:00,208,208,208,208,0
2022-07-28 12:16:00,208,208,208,208,0
2022-07-28 12:17:00,208,208,208,208,0
2022-07-28 12:18:00,208,208,208,208,0
2022-07-28 12:19:00,208,208,208,208,0
2022-07-28 12:20:00,208,208,208,208,0
2022-07-28 12:21:00,208,208,208,208,0
2022-07-28 12:22:00,208,208,208,208,0
2022-07-28 12:23:00,208,208,208,208,0
2022-07-28 12:24:00,208,208,208,208,0
2022-07-28 12:25:00,208,208,208,208,0
2022-07-28 12:26:00,208,208,208,208,0
2022-07-28 12:27:00,208,208,208,208,0
2022-07-28 12:28:00,208,208,208,208,0
2022-07-28 12:29:00,208,208,208,208,0
2022-07-28 12:30:00,208,208,208,208,0
2022-07-28 12:31:00,208,208,208,208,0
2022-07-28 12:32:00,208,208,208,208,0
2022-07-28 12:33:00,208,208,208,208,0
2022-07-28 12:34:00,208,208,208,208,0
2022-07-28 12:35:00,208,208,208,208,0
2022-07-28 12:36:00,208,208,208,208,0
2022-07-28 12:37:00,208,208,208,208,0
2022-07-28 12:38:00,208,208,208,208,0
2022-07-28 12:39:00,208,208,208,208,0
2022-07-28 12:40:00,208,208,208,208,0
2022-07-28 12:41:00,208,208,208,208,0
2022-07-28 12:42:00,208,208,208,208,0
2022-07-28 12:43:00,208,208,208,208,0
2022-07-28 12:44:00,208,208,208,208,0
2022-07-28 12:45:00,208,208,208,208,0
2022-07-28 12:46:00,208,208,208,208,0
2022-07-28 12:47:00,208,208,208,208,0
2022-07-28 12:48:00,208,208,208,208,0
2022-07-28 12:49:00,208,208,208,208,0
2022-07-28 12:50:00,208,208,208,208,0
2022-07-28 12:51:00,208,208,208,208,0
2022-07-28 12:52:00,208,208,208,208,0
2022-07-28 12:53:00,208,208,208,208,0
2022-07-28 12:54:00,208,208,208,208,0
2022-07-28 12:55:00,208,208,208,208,0
2022-07-28 12:56:00,208,208,208,208,0
2022-07-28 12:57:00,208,208,208,208,0
2022-07-28 12:58:00,208,208,208,208,0
2022-07-28 12:59:00,208,208,208,208,0
2022-07-28 13:00:00,208,208,208,208,0
2022-07-28 13:01:00,208,208,208,208,0
2022-07-28 13:02:00,208,208,208,208,0
2022-07-28 13:03:00,208,208,208,208,0
2022-07-28 13:04:00,208,208,208,208,0
2022-07-28 13:05:00,208,208,208,208,0
2022-07-28 13:06:00,208,208,208,208,0
2022-07-28 13:07:00,208,208,208,208,0
2022-07-28 13:08:00,208,208,208,208,0
2022-07-28 13:09:00,208,208,208,208,0
2022-07-28 13:10:00,208,208,208,208,0
2022-07-28 13:11:00,208,208,208,208,0
2022-07-28 13:12:00,208,208,208,208,0
2022-07-28 13:13:00,208,208,208,208,0
2022-07-28 13:14:00,208,208,208,208,0
2022-07-28 13:15:00,208,208,208,208,0
2022-07-28 13:16:00,208,208,208,208,0
2022-07-28 13:17:00,208,208,208,208,0
2022-07-28 13:18:00,208,208,208,208,0
2022-07-28 13:19:00,208,208,208,208,0
2022-07-28 13:20:00,208,208,208,208,0
2022-07-28 13:21:00,208,208,208,208,0
2022-07-28 13:22:00,208,208,208,208,0
2022-07-28 13:23:00,208,208,208,208,0
2022-07-28 13:24:00,208,208,208,208,0
2022-07-28 13:25:00,208,208,208,208,0
2022-07-28 13:26:00,208,208,208,208,0
2022-07-28 13:27:00,208,208,208,208,0
2022-07-28 13:28:00,208,208,208,208,0
2022-07-28 13:29:00,208,208,208,208,0
2022-07-28 13:30:00,208,208,208,208,0
2022-07-28 13:31:00,208,208,208,208,0
2022-07-28 13:32:00,208,208,208,208,0
2022-07-28 13:33:00,208,208,208,208,0
2022-07-28 13:34:00,208,208,208,208,0
2022-07-28 13:35:00,208,208,208,208,0
2022-07-28 13:36:00,208,208,208,208,0
2022-07-28 13:37:00,214,214,214,214,100
2022-07-28 13:38:00,214,214,214,214,0
2022-07-28 13:39:00,214,214,214,214,0
2022-07-28 13:40:00,214,214,214,214,0
2022-07-28 13:41:00,214,214,214,214,0
2022-07-28 13:42:00,214,214,214,214,0
2022-07-28 13:43:00,214,214,214,214,0
2022-07-28 13:44:00,214,214,214,214,0
2022-07-28 13:45:00,214,214,214,214,0
2022-07-28 13:46:00,214,214,214,214,0
2022-07-28 13:47:00,214,214,214,214,0
2022-07-28 13:48:00,214,214,214,214,0
2022-07-28 13:49:00,214,214,214,214,0
2022-07-28 13:50:00,214,214,214,214,0
2022-07-28 13:51:00,214,214,214,214,0
2022-07-28 13:52:00,214,214,214,214,0
2022-07-28 13:53:00,214,214,214,214,0
2022-07-28 13:54:00,214,214,214,214,0
2022-07-28 13:55:00,214,214,214,214,0
2022-07-28 13:56:00,214,214,214,214,0
2022-07-28 13:57:00,214,214,214,214,0
2022-07-28 13:58:00,214,214,214,214,0
2022-07-28 13:59:00,214,214,214,214,0
2022-07-28 14:00:00,214,214,214,214,0
2022-07-28 14:01:00,214,214,214,214,0
2022-07-28 14:02:00,214,214,214,214,0
2022-07-28 14:03:00,214,214,214,214,0
2022-07-28 14:04:00,214,214,214,214,0
2022-07-28 14:05:00,214,214,214,214,0
2022-07-28 14:06:00,214,214,214,214,0
2022-07-28 14:07:00,214,214,214,214,0
2022-07-28 14:08:00,214,214,214,214,0
2022-07-28 14:09:00,214,214,214,214,0
2022-07-28 14:10:00,214,214,214,214,0
2022-07-28 14:11:00,214,214,214,214,0
2022-07-28 14:12:00,214,214,214,214,0
2022-07-28 14:13:00,214,214,214,214,0
2022-07-28 14:14:00,214,214,214,214,0
2022-07-28 14:15:00,214,214,214,214,0
2022-07-28 14:16:00,214,214,214,214,0
2022-07-28 14:17:00,214,214,214,214,0
2022-07-28 14:18:00,214,214,214,214,0
2022-07-28 14:19:00,214,214,214,214,0
2022-07-28 14:20:00,214,214,214,214,0
2022-07-28 14:21:00,214,214,214,214,0
2022-07-28 14:22:00,214,214,214,214,0
2022-07-28 14:23:00,214,214,214,214,0
2022-07-28 14:24:00,214,214,214,214,0
2022-07-28 14:25:00,214,214,214,214,0
2022-07-28 14:26:00,214,214,214,214,0
2022-07-28 14:27:00,214,214,214,214,0
2022-07-28 14:28:00,214,214,214,214,0
2022-07-28 14:29:00,214,214,214,214,0
2022-07-28 14:30:00,214,214,214,214,0
2022-07-28 14:31:00,214,214,214,214,0
2022-07-28 14:32:00,214,214,214,214,0
2022-07-28 14:33:00,214,214,214,214,0
2022-07-28 14:34:00,214,214,214,214,0
2022-07-28 14:35:00,214,214,214,214,0
2022-07-28 14:36:00,214,214,214,214,0
2022-07-28 14:37:00,214,214,214,214,0
2022-07-28 14:38:00,214,214,214,214,0
2022-07-28 14:39:00,214,214,214,214,0
2022-07-28 14:40:00,214,214,214,214,0
2022-07-28 14:41:00,214,214,214,214,0
2022-07-28 14:42:00,214,214,214,214,0
2022-07-28 14:43:00,214,214,214,214,0
2022-07-28 14:44:00,214,214,214,214,0
2022-07-28 14:45:00,214,214,214,214,0
2022-07-28 14:46:00,214,214,214,214,0
2022-07-28 14:47:00,214,214,214,214,0
2022-07-28 14:48:00,214,214,214,214,0
2022-07-28 14:49:00,214,214,214,214,0
2022-07-28 14:50:00,214,214,214,214,0
2022-07-28 14:51:00,214,214,214,214,0
2022-07-28 14:52:00,214,214,214,214,0
2022-07-28 14:53:00,214,214,214,214,0
2022-07-28 14:54:00,214,214,214,214,0
2022-07-28 14:55:00,214,214,214,214,0
2022-07-28 14:56:00,214,214,214,214,0
2022-07-28 14:57:00,214,214,214,214,0
2022-07-28 14:58:00,214,214,214,214,0
2022-07-28 14:59:00,214,214,214,214,0
2022-07-28 15:00:00,208,208,208,208,0
2022-07-28 15:01:00,208,208,208,208,0
2022-07-28 15:02:00,208,208,208,208,0
2022-07-28 15:03:00,208,208,208,208,0
2022-07-28 15:04:00,208,208,208,208,0
2022-07-28 15:05:00,208,208,208,208,0
2022-07-28 15:06:00,208,208,208,208,0
2022-07-28 15:07:00,208,208,208,208,0
2022-07-28 15:08:00,208,208,208,208,0
2022-07-28 15:09:00,208,208,208,208,0
2022-07-28 15:10:00,208,208,208,208,0
2022-07-28 15:11:00,208,208,208,208,0
2022-07-28 15:12:00,208,208,208,208,0
2022-07-28 15:13:00,208,208,208,208,0
2022-07-28 15:14:00,208,208,208,208,0
2022-07-28 15:15:00,208,208,208,208,0
2022-07-28 15:16:00,208,208,208,208,0
2022-07-28 15:17:00,208,208,208,208,0
2022-07-28 15:18:00,208,208,208,208,0
2022-07-28 15:19:00,208,208,208,208,0
2022-07-28 15:20:00,208,208,208,208,0
2022-07-28 15:21:00,208,208,208,208,0
2022-07-28 15:22:00,208,208,208,208,0
2022-07-28 15:23:00,208,208,208,208,0
2022-07-28 15:24:00,208,208,208,208,0
2022-07-28 15:25:00,208,208,208,208,0
2022-07-28 15:26:00,208,208,208,208,0
2022-07-28 15:27:00,208,208,208,208,0
2022-07-28 15:28:00,208,208,208,208,0
2022-07-28 15:29:00,208,208,208,208,0
2022-07-28 15:30:00,208,208,208,208,0
2022-07-28 15:31:00,208,208,208,208,0
2022-07-28 15:32:00,208,208,208,208,0
2022-07-28 15:33:00,208,208,208,208,0
2022-07-28 15:34:00,208,208,208,208,0
2022-07-28 15:35:00,208,208,208,208,0
2022-07-28 15:36:00,208,208,208,208,0
2022-07-28 15:37:00,208,208,208,208,0
2022-07-28 15:38:00,208,208,208,208,0
2022-07-28 15:39:00,208,208,208,208,0
2022-07-28 15:40:00,208,208,208,208,0
2022-07-28 15:41:00,208,208,208,208,0
2022-07-28 15:42:00,208,208,208,208,0
2022-07-28 15:43:00,208,208,208,208,0
2022-07-28 15:44:00,208,208,208,208,0
2022-07-28 15:45:00,208,208,208,208,0
2022-07-28 15:46:00,208,208,208,208,0
2022-07-28 15:47:00,208,208,208,208,0
2022-07-28 15:48:00,208,208,208,208,0
2022-07-28 15:49:00,208,208,208,208,0
2022-07-28 15:50:00,208,208,208,208,0
2022-07-28 15:51:00,208,208,208,208,0
2022-07-28 15:52:00,208,208,208,208,0
2022-07-28 15:53:00,208,208,208,208,0
2022-07-28 15:54:00,208,208,208,208,0
2022-07-28 15:55:00,208,208,208,208,0
2022-07-28 15:56:00,208,208,208,208,0
2022-07-28 15:57:00,208,208,208,208,0
2022-07-28 15:58:00,208,208,208,208,0
2022-07-28 15:59:00,208,208,208,208,0
2022-07-29 09:00:00,208,208,208,208,0
2022-07-29 09:01:00,208,208,208,208,0
2022-07-29 09:02:00,208,208,208,208,0
2022-07-29 09:03:00,208,208,208,208,0
2022-07-29 09:04:00,208,208,208,208,0
2022-07-29 09:05:00,208,208,208,208,0
2022-07-29 09:06:00,208,208,208,208,0
2022-07-29 09:07:00,208,208,208,208,0
2022-07-29 09:08:00,208,208,208,208,0
2022-07-29 09:09:00,208,208,208,208,0
2022-07-29 09:10:00,208,208,208,208,0
2022-07-29 09:11:00,208,208,208,208,0
2022-07-29 09:12:00,208,208,208,208,0
2022-07-29 09:13:00,208,208,208,208,0
2022-07-29 09:14:00,208,208,208,208,0
2022-07-29 09:15:00,208,208,208,208,0
2022-07-29 09:16:00,208,208,208,208,0
2022-07-29 09:17:00,208,208,208,208,0
2022-07-29 09:18:00,208,208,208,208,0
2022-07-29 09:19:00,208,208,208,208,0
2022-07-29 09:20:00,208,208,208,208,0
2022-07-29 09:21:00,208,208,208,208,0
2022-07-29 09:22:00,208,208,208,208,0
2022-07-29 09:23:00,208,208,208,208,0
2022-07-29 09:24:00,208,208,208,208,0
2022-07-29 09:25:00,208,208,208,208,0
2022-07-29 09:26:00,208,208,208,208,0
2022-07-29 09:27:00,208,208,208,208,0
2022-07-29 09:28:00,208,208,208,208,0
2022-07-29 09:29:00,208,208,208,208,0
2022-07-29 09:30:00,208,208,208,208,0
2022-07-29 09:31:00,208,208,208,208,0
2022-07-29 09:32:00,208,208,208,208,0
2022-07-29 09:33:00,208,208,208,208,0
2022-07-29 09:34:00,208,208,208,208,0
2022-07-29 09:35:00,208,208,208,208,0
2022-07-29 09:36:00,208,208,208,208,0
2022-07-29 09:37:00,208,208,208,208,0
2022-07-29 09:38:00,208,208,208,208,0
2022-07-29 09:39:00,208,208,208,208,0
2022-07-29 09:40:00,208,208,208,208,0
2022-07-29 09:41:00,208,208,208,208,0
2022-07-29 09:42:00,208,208,208,208,0
2022-07-29 09:43:00,208,208,208,208,0
2022-07-29 09:44:00,208,208,208,208,0
2022-07-29 09:45:00,208,208,208,208,0
2022-07-29 09:46:00,208,208,208,208,0
2022-07-29 09:47:00,208,208,208,208,0
2022-07-29 09:48:00,208,208,208,208,0
2022-07-29 09:49:00,208,208,208,208,0
2022-07-29 09:50:00,208,208,208,208,0
2022-07-29 09:51:00,208,208,208,208,0
2022-07-29 09:52:00,208,208,208,208,0
2022-07-29 09:53:00,208,208,208,208,0
2022-07-29 09:54:00,208,208,208,208,0
2022-07-29 09:55:00,208,208,208,208,0
2022-07-29 09:56:00,208,208,208,208,700
2022-07-29 09:57:00,208,208,208,208,0
2022-07-29 09:58:00,208,208,208,208,0
2022-07-29 09:59:00,208,208,208,208,0
2022-07-29 10:00:00,208,208,208,208,0
2022-07-29 10:01:00,208,208,208,208,0
2022-07-29 10:02:00,208,208,208,208,0
2022-07-29 10:03:00,208,208,208,208,0
2022-07-29 10:04:00,208,208,208,208,0
2022-07-29 10:05:00,208,208,208,208,0
2022-07-29 10:06:00,208,208,208,208,0
2022-07-29 10:07:00,208,208,208,208,0
2022-07-29 10:08:00,208,208,208,208,0
2022-07-29 10:09:00,208,208,208,208,0
2022-07-29 10:10:00,208,208,208,208,0
2022-07-29 10:11:00,208,208,208,208,0
2022-07-29 10:12:00,208,208,208,208,0
2022-07-29 10:13:00,208,208,208,208,0
2022-07-29 10:14:00,208,208,208,208,0
2022-07-29 10:15:00,208,208,208,208,0
2022-07-29 10:16:00,208,208,208,208,0
2022-07-29 10:17:00,208,208,208,208,0
2022-07-29 10:18:00,208,208,208,208,0
2022-07-29 10:19:00,208,208,208,208,0
2022-07-29 10:20:00,208,208,208,208,0
2022-07-29 10:21:00,208,208,208,208,0
2022-07-29 10:22:00,208,208,208,208,0
2022-07-29 10:23:00,208,208,208,208,0
2022-07-29 10:24:00,208,208,208,208,0
2022-07-29 10:25:00,208,208,208,208,0
2022-07-29 10:26:00,208,208,208,208,0
2022-07-29 10:27:00,208,208,208,208,0
2022-07-29 10:28:00,208,208,208,208,0
2022-07-29 10:29:00,208,208,208,208,0
2022-07-29 10:30:00,208,208,208,208,0
2022-07-29 10:31:00,208,208,208,208,0
2022-07-29 10:32:00,208,208,208,208,0
2022-07-29 10:33:00,208,208,208,208,0
2022-07-29 10:34:00,208,208,208,208,0
2022-07-29 10:35:00,208,208,208,208,0
2022-07-29 10:36:00,208,208,208,208,0
2022-07-29 10:37:00,208,208,208,208,0
2022-07-29 10:38:00,208,208,208,208,0
2022-07-29 10:39:00,208,208,208,208,0
2022-07-29 10:40:00,208,208,208,208,0
2022-07-29 10:41:00,208,208,208,208,0
2022-07-29 10:42:00,208,208,208,208,0
2022-07-29 10:43:00,208,208,208,208,0
2022-07-29 10:44:00,208,208,208,208,0
2022-07-29 10:45:00,208,208,208,208,0
2022-07-29 10:46:00,208,208,208,208,0
2022-07-29 10:47:00,208,208,208,208,0
2022-07-29 10:48:00,208,208,208,208,0
2022-07-29 10:49:00,208,208,208,208,0
2022-07-29 10:50:00,208,208,208,208,0
2022-07-29 10:51:00,208,208,208,208,0
2022-07-29 10:52:00,208,208,208,208,0
2022-07-29 10:53:00,208,208,208,208,0
2022-07-29 10:54:00,208,208,208,208,0
2022-07-29 10:55:00,208,208,208,208,0
2022-07-29 10:56:00,208,208,208,208,0
2022-07-29 10:57:00,208,208,208,208,0
2022-07-29 10:58:00,208,208,208,208,0
2022-07-29 10:59:00,208,208,208,208,0
2022-07-29 11:00:00,197,197,197,197,500
2022-07-29 11:01:00,197,197,197,197,0
2022-07-29 11:02:00,197,197,197,197,0
2022-07-29 11:03:00,197,197,197,197,0
2022-07-29 11:04:00,208,208,212,212,400
2022-07-29 11:05:00,214,214,214,214,0
2022-07-29 11:06:00,214,214,214,214,0
2022-07-29 11:07:00,214,214,214,214,0
2022-07-29 11:08:00,214,214,214,214,0
2022-07-29 11:09:00,214,214,214,214,0
2022-07-29 11:10:00,214,214,214,214,0
2022-07-29 11:11:00,214,214,214,214,0
2022-07-29 11:12:00,214,214,214,214,0
2022-07-29 11:13:00,214,214,214,214,0
2022-07-29 11:14:00,214,214,214,214,0
2022-07-29 11:15:00,214,214,214,214,0
2022-07-29 11:16:00,214,214,214,214,0
2022-07-29 11:17:00,214,214,214,214,0
2022-07-29 11:18:00,214,214,214,214,0
2022-07-29 11:19:00,214,214,214,214,0
2022-07-29 11:20:00,214,214,214,214,0
2022-07-29 11:21:00,214,214,214,214,0
2022-07-29 11:22:00,214,214,214,214,0
2022-07-29 11:23:00,214,214,214,214,0
2022-07-29 11:24:00,214,214,214,214,0
2022-07-29 11:25:00,214,214,214,214,0
2022-07-29 11:26:00,212,212,212,212,200
2022-07-29 11:27:00,212,212,212,212,0
2022-07-29 11:28:00,212,212,212,212,0
2022-07-29 11:29:00,212,212,212,212,0
2022-07-29 11:30:00,212,212,212,212,0
2022-07-29 11:31:00,212,212,212,212,0
2022-07-29 11:32:00,212,212,212,212,0
2022-07-29 11:33:00,212,212,212,212,0
2022-07-29 11:34:00,212,212,212,212,0
2022-07-29 11:35:00,212,212,212,212,0
2022-07-29 11:36:00,212,212,212,212,0
2022-07-29 11:37:00,212,212,212,212,0
2022-07-29 11:38:00,212,212,212,212,0
2022-07-29 11:39:00,212,212,212,212,0
2022-07-29 11:40:00,212,212,212,212,0
2022-07-29 11:41:00,212,212,212,212,0
2022-07-29 11:42:00,212,212,212,212,0
2022-07-29 11:43:00,212,212,212,212,0
2022-07-29 11:44:00,212,212,212,212,0
2022-07-29 11:45:00,212,212,212,212,0
2022-07-29 11:46:00,212,212,212,212,0
2022-07-29 11:47:00,212,212,212,212,0
2022-07-29 11:48:00,212,212,212,212,0
2022-07-29 11:49:00,212,212,212,212,0
2022-07-29 11:50:00,212,212,212,212,0
2022-07-29 11:51:00,212,212,212,212,0
2022-07-29 11:52:00,212,212,212,212,0
2022-07-29 11:53:00,212,212,212,212,0
2022-07-29 11:54:00,212,212,212,212,0
2022-07-29 11:55:00,212,212,212,212,0
2022-07-29 11:56:00,212,212,212,212,0
2022-07-29 11:57:00,212,212,212,212,0
2022-07-29 11:58:00,212,212,212,212,0
2022-07-29 11:59:00,212,212,212,212,0
2022-07-29 12:00:00,212,212,212,212,0
2022-07-29 12:01:00,212,212,212,212,0
2022-07-29 12:02:00,212,212,212,212,0
2022-07-29 12:03:00,212,212,212,212,0
2022-07-29 12:04:00,212,212,212,212,0
2022-07-29 12:05:00,212,212,212,212,0
2022-07-29 12:06:00,212,212,212,212,0
2022-07-29 12:07:00,212,212,212,212,0
2022-07-29 12:08:00,212,212,212,212,0
2022-07-29 12:09:00,212,212,212,212,0
2022-07-29 12:10:00,212,212,212,212,0
2022-07-29 12:11:00,212,212,212,212,0
2022-07-29 12:12:00,212,212,212,212,0
2022-07-29 12:13:00,212,212,212,212,0
2022-07-29 12:14:00,212,212,212,212,0
2022-07-29 12:15:00,212,212,212,212,0
2022-07-29 12:16:00,212,212,212,212,0
2022-07-29 12:17:00,212,212,212,212,0
2022-07-29 12:18:00,212,212,212,212,0
2022-07-29 12:19:00,212,212,212,212,0
2022-07-29 12:20:00,212,212,212,212,0
2022-07-29 12:21:00,212,212,212,212,0
2022-07-29 12:22:00,212,212,212,212,0
2022-07-29 12:23:00,212,212,212,212,0
2022-07-29 12:24:00,212,212,212,212,0
2022-07-29 12:25:00,212,212,212,212,0
2022-07-29 12:26:00,212,212,212,212,0
2022-07-29 12:27:00,212,212,212,212,0
2022-07-29 12:28:00,212,212,212,212,0
2022-07-29 12:29:00,212,212,212,212,0
2022-07-29 12:30:00,212,212,212,212,0
2022-07-29 12:31:00,212,212,212,212,0
2022-07-29 12:32:00,212,212,212,212,0
2022-07-29 12:33:00,212,212,212,212,0
2022-07-29 12:34:00,212,212,212,212,0
2022-07-29 12:35:00,212,212,212,212,0
2022-07-29 12:36:00,212,212,212,212,0
2022-07-29 12:37:00,212,212,212,212,0
2022-07-29 12:38:00,212,212,212,212,0
2022-07-29 12:39:00,212,212,212,212,0
2022-07-29 12:40:00,212,212,212,212,0
2022-07-29 12:41:00,212,212,212,212,0
2022-07-29 12:42:00,212,212,212,212,0
2022-07-29 12:43:00,212,212,212,212,0
2022-07-29 12:44:00,212,212,212,212,0
2022-07-29 12:45:00,212,212,212,212,0
2022-07-29 12:46:00,212,212,212,212,0
2022-07-29 12:47:00,212,212,212,212,0
2022-07-29 12:48:00,212,212,212,212,0
2022-07-29 12:49:00,212,212,212,212,0
2022-07-29 12:50:00,212,212,212,212,0
2022-07-29 12:51:00,212,212,212,212,0
2022-07-29 12:52:00,212,212,212,212,0
2022-07-29 12:53:00,212,212,212,212,0
2022-07-29 12:54:00,212,212,212,212,0
2022-07-29 12:55:00,212,212,212,212,0
2022-07-29 12:56:00,212,212,212,212,0
2022-07-29 12:57:00,212,212,212,212,0
2022-07-29 12:58:00,212,212,212,212,0
2022-07-29 12:59:00,212,212,212,212,0
2022-07-29 13:00:00,212,212,212,212,0
2022-07-29 13:01:00,212,212,212,212,0
2022-07-29 13:02:00,212,212,212,212,0
2022-07-29 13:03:00,212,212,212,212,0
2022-07-29 13:04:00,212,212,212,212,0
2022-07-29 13:05:00,212,212,212,212,0
2022-07-29 13:06:00,212,212,212,212,0
2022-07-29 13:07:00,212,212,212,212,0
2022-07-29 13:08:00,212,212,212,212,0
2022-07-29 13:09:00,212,212,212,212,0
2022-07-29 13:10:00,212,212,212,212,0
2022-07-29 13:11:00,212,212,212,212,0
2022-07-29 13:12:00,212,212,212,212,0
2022-07-29 13:13:00,212,212,212,212,0
2022-07-29 13:14:00,212,212,212,212,0
2022-07-29 13:15:00,212,212,212,212,0
2022-07-29 13:16:00,212,212,212,212,0
2022-07-29 13:17:00,212,212,212,212,0
2022-07-29 13:18:00,212,212,212,212,0
2022-07-29 13:19:00,212,212,212,212,0
2022-07-29 13:20:00,212,212,212,212,0
2022-07-29 13:21:00,212,212,212,212,0
2022-07-29 13:22:00,212,212,212,212,0
2022-07-29 13:23:00,212,212,212,212,0
2022-07-29 13:24:00,212,212,212,212,0
2022-07-29 13:25:00,212,212,212,212,0
2022-07-29 13:26:00,212,212,212,212,0
2022-07-29 13:27:00,212,212,212,212,0
2022-07-29 13:28:00,212,212,212,212,0
2022-07-29 13:29:00,212,212,212,212,0
2022-07-29 13:30:00,212,212,212,212,0
2022-07-29 13:31:00,212,212,212,212,0
2022-07-29 13:32:00,212,212,212,212,0
2022-07-29 13:33:00,212,212,212,212,0
2022-07-29 13:34:00,212,212,212,212,0
2022-07-29 13:35:00,212,212,212,212,0
2022-07-29 13:36:00,212,212,212,212,0
2022-07-29 13:37:00,212,212,212,212,0
2022-07-29 13:38:00,212,212,212,212,0
2022-07-29 13:39:00,212,212,212,212,0
2022-07-29 13:40:00,212,212,212,212,0
2022-07-29 13:41:00,212,212,212,212,0
2022-07-29 13:42:00,212,212,212,212,0
2022-07-29 13:43:00,212,212,212,212,0
2022-07-29 13:44:00,212,212,212,212,0
2022-07-29 13:45:00,212,212,212,212,0
2022-07-29 13:46:00,212,212,212,212,0
2022-07-29 13:47:00,212,212,212,212,0
2022-07-29 13:48:00,212,212,212,212,0
2022-07-29 13:49:00,212,212,212,212,0
2022-07-29 13:50:00,212,212,212,212,0
2022-07-29 13:51:00,212,212,212,212,0
2022-07-29 13:52:00,212,212,212,212,0
2022-07-29 13:53:00,212,212,212,212,0
2022-07-29 13:54:00,212,212,212,212,0
2022-07-29 13:55:00,212,212,212,212,0
2022-07-29 13:56:00,212,212,212,212,0
2022-07-29 13:57:00,212,212,212,212,0
2022-07-29 13:58:00,212,212,212,212,0
2022-07-29 13:59:00,212,212,212,212,0
2022-07-29 14:00:00,212,212,212,212,0
2022-07-29 14:01:00,212,212,212,212,0
2022-07-29 14:02:00,212,212,212,212,0
2022-07-29 14:03:00,212,212,212,212,0
2022-07-29 14:04:00,212,212,212,212,0
2022-07-29 14:05:00,212,212,212,212,0
2022-07-29 14:06:00,212,212,212,212,0
2022-07-29 14:07:00,212,212,212,212,0
2022-07-29 14:08:00,212,212,212,212,0
2022-07-29 14:09:00,212,212,212,212,0
2022-07-29 14:10:00,212,212,212,212,0
2022-07-29 14:11:00,212,212,212,212,0
2022-07-29 14:12:00,212,212,212,212,0
2022-07-29 14:13:00,212,212,212,212,0
2022-07-29 14:14:00,212,212,212,212,0
2022-07-29 14:15:00,212,212,212,212,0
2022-07-29 14:16:00,212,212,212,212,0
2022-07-29 14:17:00,208,208,208,208,200
2022-07-29 14:18:00,210,210,210,210,0
2022-07-29 14:19:00,210,210,210,210,0
2022-07-29 14:20:00,210,210,210,210,0
2022-07-29 14:21:00,210,210,210,210,0
2022-07-29 14:22:00,210,210,210,210,0
2022-07-29 14:23:00,210,210,210,210,0
2022-07-29 14:24:00,210,210,210,210,0
2022-07-29 14:25:00,210,210,210,210,0
2022-07-29 14:26:00,210,210,210,210,0
2022-07-29 14:27:00,210,210,210,210,0
2022-07-29 14:28:00,210,210,210,210,0
2022-07-29 14:29:00,210,210,210,210,0
2022-07-29 14:30:00,210,210,210,210,0
2022-07-29 14:31:00,210,210,210,210,0
2022-07-29 14:32:00,210,210,210,210,0
2022-07-29 14:33:00,210,210,210,210,0
2022-07-29 14:34:00,210,210,210,210,0
2022-07-29 14:35:00,210,210,210,210,0
2022-07-29 14:36:00,210,210,210,210,0
2022-07-29 14:37:00,210,210,210,210,0
2022-07-29 14:38:00,210,210,210,210,0
2022-07-29 14:39:00,210,210,210,210,0
2022-07-29 14:40:00,210,210,210,210,0
2022-07-29 14:41:00,210,210,210,210,0
2022-07-29 14:42:00,210,210,210,210,200
2022-07-29 14:43:00,210,210,210,210,0
2022-07-29 14:44:00,210,210,210,210,0
2022-07-29 14:45:00,200,199,200,199,100
2022-07-29 14:46:00,200,199,200,199,0
2022-07-29 14:47:00,200,199,200,199,0
2022-07-29 14:48:00,200,199,200,199,0
2022-07-29 14:49:00,200,199,200,199,0
2022-07-29 14:50:00,200,199,200,199,0
2022-07-29 14:51:00,200,199,200,199,0
2022-07-29 14:52:00,200,199,200,199,0
2022-07-29 14:53:00,200,199,200,199,0
2022-07-29 14:54:00,200,199,200,199,0
2022-07-29 14:55:00,200,199,200,199,0
2022-07-29 14:56:00,200,199,200,199,0
2022-07-29 14:57:00,200,199,200,199,0
2022-07-29 14:58:00,200,199,200,199,0
2022-07-29 14:59:00,200,199,200,199,0
2022-07-29 15:00:00,200,199,200,199,0
2022-07-29 15:01:00,200,199,200,199,0
2022-07-29 15:02:00,200,199,200,199,0
2022-07-29 15:03:00,200,199,200,199,0
2022-07-29 15:04:00,200,199,200,199,0
2022-07-29 15:05:00,200,199,200,199,0
2022-07-29 15:06:00,200,199,200,199,0
2022-07-29 15:07:00,200,199,200,199,0
2022-07-29 15:08:00,200,199,200,199,0
2022-07-29 15:09:00,200,199,200,199,0
2022-07-29 15:10:00,200,199,200,199,0
2022-07-29 15:11:00,200,199,200,199,0
2022-07-29 15:12:00,200,199,200,199,0
2022-07-29 15:13:00,200,199,200,199,0
2022-07-29 15:14:00,200,199,200,199,0
2022-07-29 15:15:00,200,199,200,199,0
2022-07-29 15:16:00,200,199,200,199,0
2022-07-29 15:17:00,200,199,200,199,0
2022-07-29 15:18:00,200,199,200,199,0
2022-07-29 15:19:00,200,199,200,199,0
2022-07-29 15:20:00,200,199,200,199,0
2022-07-29 15:21:00,200,199,200,199,0
2022-07-29 15:22:00,200,199,200,199,0
2022-07-29 15:23:00,200,199,200,199,0
2022-07-29 15:24:00,200,199,200,199,0
2022-07-29 15:25:00,200,199,200,199,0
2022-07-29 15:26:00,200,199,200,199,0
2022-07-29 15:27:00,200,199,200,199,0
2022-07-29 15:28:00,200,199,200,199,0
2022-07-29 15:29:00,200,199,200,199,0
2022-07-29 15:30:00,200,199,200,199,0
2022-07-29 15:31:00,200,199,200,199,0
2022-07-29 15:32:00,200,199,200,199,0
2022-07-29 15:33:00,200,199,200,199,0
2022-07-29 15:34:00,200,199,200,199,0
2022-07-29 15:35:00,200,199,200,199,0
2022-07-29 15:36:00,200,199,200,199,0
2022-07-29 15:37:00,200,199,200,199,0
2022-07-29 15:38:00,200,199,200,199,0
2022-07-29 15:39:00,200,199,200,199,0
2022-07-29 15:40:00,200,199,200,199,0
2022-07-29 15:41:00,200,199,200,199,0
2022-07-29 15:42:00,200,199,200,199,0
2022-07-29 15:43:00,200,199,200,199,0
2022-07-29 15:44:00,200,199,200,199,0
2022-07-29 15:45:00,200,199,200,199,0
2022-07-29 15:46:00,200,199,200,199,0
2022-07-29 15:47:00,200,199,200,199,0
2022-07-29 15:48:00,200,199,200,199,0
2022-07-29 15:49:00,200,199,200,199,0
2022-07-29 15:50:00,200,199,200,199,0
2022-07-29 15:51:00,200,199,200,199,0
2022-07-29 15:52:00,200,199,200,199,0
2022-07-29 15:53:00,200,199,200,199,0
2022-07-29 15:54:00,200,199,200,199,0
2022-07-29 15:55:00,200,199,200,199,0
2022-07-29 15:56:00,200,199,200,199,0
2022-07-29 15:57:00,200,199,200,199,0
2022-07-29 15:58:00,200,199,200,199,0
2022-07-29 15:59:00,200,199,200,199,0
2022-08-01 09:00:00,210,210,210,210,0
2022-08-01 09:01:00,210,210,210,210,0
2022-08-01 09:02:00,210,210,210,210,0
2022-08-01 09:03:00,210,210,210,210,0
2022-08-01 09:04:00,210,210,210,210,0
2022-08-01 09:05:00,210,210,210,210,0
2022-08-01 09:06:00,210,210,210,210,0
2022-08-01 09:07:00,210,210,210,210,0
2022-08-01 09:08:00,210,210,210,210,0
2022-08-01 09:09:00,210,210,210,210,0
2022-08-01 09:10:00,210,210,210,210,0
2022-08-01 09:11:00,210,210,210,210,100
2022-08-01 09:12:00,210,210,210,210,0
2022-08-01 09:13:00,210,210,210,210,0
2022-08-01 09:14:00,210,210,210,210,0
2022-08-01 09:15:00,210,210,210,210,0
2022-08-01 09:16:00,210,210,210,210,0
2022-08-01 09:17:00,210,210,210,210,0
2022-08-01 09:18:00,210,210,210,210,0
2022-08-01 09:19:00,210,210,210,210,0
2022-08-01 09:20:00,210,210,210,210,0
2022-08-01 09:21:00,210,210,210,210,0
2022-08-01 09:22:00,210,210,210,210,0
2022-08-01 09:23:00,210,210,210,210,0
2022-08-01 09:24:00,210,210,210,210,0
2022-08-01 09:25:00,210,210,210,210,0
2022-08-01 09:26:00,210,210,210,210,0
2022-08-01 09:27:00,210,210,210,210,0
2022-08-01 09:28:00,210,210,210,210,0
2022-08-01 09:29:00,210,210,210,210,0
2022-08-01 09:30:00,210,210,210,210,0
2022-08-01 09:31:00,210,210,210,210,0
2022-08-01 09:32:00,210,210,210,210,0
2022-08-01 09:33:00,210,210,210,210,0
2022-08-01 09:34:00,210,210,210,210,0
2022-08-01 09:35:00,210,210,210,210,0
2022-08-01 09:36:00,210,210,210,210,0
2022-08-01 09:37:00,210,210,210,210,0
2022-08-01 09:38:00,210,210,210,210,0
2022-08-01 09:39:00,210,210,210,210,0
2022-08-01 09:40:00,210,210,210,210,0
2022-08-01 09:41:00,210,210,210,210,0
2022-08-01 09:42:00,210,210,210,210,0
2022-08-01 09:43:00,210,210,210,210,0
2022-08-01 09:44:00,210,210,210,210,0
2022-08-01 09:45:00,210,210,210,210,0
2022-08-01 09:46:00,210,210,210,210,0
2022-08-01 09:47:00,210,210,210,210,0
2022-08-01 09:48:00,210,210,210,210,0
2022-08-01 09:49:00,210,210,210,210,0
2022-08-01 09:50:00,210,210,210,210,0
2022-08-01 09:51:00,210,210,210,210,0
2022-08-01 09:52:00,210,210,210,210,0
2022-08-01 09:53:00,210,210,210,210,100
2022-08-01 09:54:00,210,210,210,210,0
2022-08-01 09:55:00,210,210,210,210,0
2022-08-01 09:56:00,210,210,210,210,0
2022-08-01 09:57:00,210,210,210,210,0
2022-08-01 09:58:00,210,210,210,210,0
2022-08-01 09:59:00,210,210,210,210,0
2022-08-01 10:00:00,210,210,210,210,0
2022-08-01 10:01:00,210,210,210,210,0
2022-08-01 10:02:00,210,210,210,210,0
2022-08-01 10:03:00,210,210,210,210,0
2022-08-01 10:04:00,210,210,210,210,0
2022-08-01 10:05:00,210,210,210,210,0
2022-08-01 10:06:00,210,210,210,210,0
2022-08-01 10:07:00,210,210,210,210,0
2022-08-01 10:08:00,210,210,210,210,0
2022-08-01 10:09:00,212,212,212,212,100
2022-08-01 10:10:00,212,212,212,212,0
2022-08-01 10:11:00,212,212,212,212,0
2022-08-01 10:12:00,212,212,212,212,0
2022-08-01 10:13:00,212,212,212,212,0
2022-08-01 10:14:00,212,212,212,212,0
2022-08-01 10:15:00,212,212,212,212,0
2022-08-01 10:16:00,212,212,212,212,0
2022-08-01 10:17:00,212,212,212,212,0
2022-08-01 10:18:00,212,212,212,212,0
2022-08-01 10:19:00,212,212,212,212,0
2022-08-01 10:20:00,212,212,212,212,0
2022-08-01 10:21:00,212,212,212,212,0
2022-08-01 10:22:00,212,212,212,212,0
2022-08-01 10:23:00,212,212,212,212,0
2022-08-01 10:24:00,212,212,212,212,0
2022-08-01 10:25:00,212,212,212,212,0
2022-08-01 10:26:00,212,212,212,212,0
2022-08-01 10:27:00,212,212,212,212,0
2022-08-01 10:28:00,212,212,212,212,0
2022-08-01 10:29:00,212,212,212,212,0
2022-08-01 10:30:00,212,212,212,212,0
2022-08-01 10:31:00,212,212,212,212,0
2022-08-01 10:32:00,212,212,212,212,0
2022-08-01 10:33:00,212,212,212,212,0
2022-08-01 10:34:00,212,212,212,212,0
2022-08-01 10:35:00,212,212,212,212,0
2022-08-01 10:36:00,212,212,212,212,0
2022-08-01 10:37:00,212,212,212,212,0
2022-08-01 10:38:00,212,212,212,212,0
2022-08-01 10:39:00,212,212,212,212,0
2022-08-01 10:40:00,212,212,212,212,0
2022-08-01 10:41:00,212,212,212,212,0
2022-08-01 10:42:00,212,212,212,212,100
2022-08-01 10:43:00,212,212,212,212,0
2022-08-01 10:44:00,212,212,212,212,0
2022-08-01 10:45:00,212,212,212,212,0
2022-08-01 10:46:00,212,212,212,212,0
2022-08-01 10:47:00,212,212,212,212,0
2022-08-01 10:48:00,212,212,212,212,0
2022-08-01 10:49:00,212,212,212,212,0
2022-08-01 10:50:00,212,212,212,212,0
2022-08-01 10:51:00,212,212,212,212,0
2022-08-01 10:52:00,212,212,212,212,0
2022-08-01 10:53:00,212,212,212,212,0
2022-08-01 10:54:00,210,210,210,210,100
2022-08-01 10:55:00,210,210,210,210,0
2022-08-01 10:56:00,210,210,210,210,0
2022-08-01 10:57:00,210,210,210,210,0
2022-08-01 10:58:00,210,210,210,210,0
2022-08-01 10:59:00,210,210,210,210,0
2022-08-01 11:00:00,210,210,210,210,0
2022-08-01 11:01:00,210,210,210,210,0
2022-08-01 11:02:00,210,210,210,210,0
2022-08-01 11:03:00,210,210,210,210,0
2022-08-01 11:04:00,210,210,210,210,0
2022-08-01 11:05:00,210,210,210,210,0
2022-08-01 11:06:00,210,210,210,210,0
2022-08-01 11:07:00,210,210,210,210,0
2022-08-01 11:08:00,210,210,210,210,0
2022-08-01 11:09:00,210,210,210,210,0
2022-08-01 11:10:00,210,210,210,210,0
2022-08-01 11:11:00,210,210,210,210,0
2022-08-01 11:12:00,210,210,210,210,0
2022-08-01 11:13:00,210,210,210,210,0
2022-08-01 11:14:00,210,210,210,210,0
2022-08-01 11:15:00,210,210,210,210,0
2022-08-01 11:16:00,210,210,210,210,0
2022-08-01 11:17:00,210,210,210,210,0
2022-08-01 11:18:00,210,210,210,210,0
2022-08-01 11:19:00,210,210,210,210,0
2022-08-01 11:20:00,210,210,210,210,0
2022-08-01 11:21:00,210,210,210,210,0
2022-08-01 11:22:00,210,210,210,210,0
2022-08-01 11:23:00,210,210,210,210,0
2022-08-01 11:24:00,210,210,210,210,0
2022-08-01 11:25:00,210,210,210,210,0
2022-08-01 11:26:00,210,210,210,210,0
2022-08-01 11:27:00,210,210,210,210,0
2022-08-01 11:28:00,210,210,210,210,0
2022-08-01 11:29:00,210,210,210,210,0
2022-08-01 11:30:00,210,210,210,210,0
2022-08-01 11:31:00,210,210,210,210,0
2022-08-01 11:32:00,210,210,210,210,0
2022-08-01 11:33:00,210,210,210,210,0
2022-08-01 11:34:00,210,210,210,210,0
2022-08-01 11:35:00,210,210,210,210,0
2022-08-01 11:36:00,210,210,210,210,0
2022-08-01 11:37:00,210,210,210,210,0
2022-08-01 11:38:00,210,210,210,210,0
2022-08-01 11:39:00,210,210,210,210,0
2022-08-01 11:40:00,210,210,210,210,0
2022-08-01 11:41:00,210,210,210,210,0
2022-08-01 11:42:00,210,210,210,210,0
2022-08-01 11:43:00,210,210,210,210,0
2022-08-01 11:44:00,210,210,210,210,0
2022-08-01 11:45:00,210,210,210,210,0
2022-08-01 11:46:00,210,210,210,210,0
2022-08-01 11:47:00,210,210,210,210,0
2022-08-01 11:48:00,210,210,210,210,0
2022-08-01 11:49:00,210,210,210,210,0
2022-08-01 11:50:00,210,210,210,210,0
2022-08-01 11:51:00,210,210,210,210,0
2022-08-01 11:52:00,210,210,210,210,0
2022-08-01 11:53:00,210,210,210,210,0
2022-08-01 11:54:00,210,210,210,210,0
2022-08-01 11:55:00,210,210,210,210,0
2022-08-01 11:56:00,210,210,210,210,0
2022-08-01 11:57:00,210,210,210,210,0
2022-08-01 11:58:00,210,210,210,210,0
2022-08-01 11:59:00,210,210,210,210,0
2022-08-01 12:00:00,210,210,210,210,0
2022-08-01 12:01:00,210,210,210,210,0
2022-08-01 12:02:00,210,210,210,210,0
2022-08-01 12:03:00,210,210,210,210,0
2022-08-01 12:04:00,210,210,210,210,0
2022-08-01 12:05:00,210,210,210,210,0
2022-08-01 12:06:00,210,210,210,210,0
2022-08-01 12:07:00,210,210,210,210,0
2022-08-01 12:08:00,210,210,210,210,0
2022-08-01 12:09:00,210,210,210,210,0
2022-08-01 12:10:00,210,210,210,210,0
2022-08-01 12:11:00,210,210,210,210,0
2022-08-01 12:12:00,210,210,210,210,0
2022-08-01 12:13:00,210,210,210,210,0
2022-08-01 12:14:00,210,210,210,210,0
2022-08-01 12:15:00,210,210,210,210,0
2022-08-01 12:16:00,210,210,210,210,0
2022-08-01 12:17:00,210,210,210,210,0
2022-08-01 12:18:00,210,210,210,210,0
2022-08-01 12:19:00,210,210,210,210,0
2022-08-01 12:20:00,210,210,210,210,0
2022-08-01 12:21:00,210,210,210,210,0
2022-08-01 12:22:00,210,210,210,210,0
2022-08-01 12:23:00,210,210,210,210,0
2022-08-01 12:24:00,210,210,210,210,0
2022-08-01 12:25:00,210,210,210,210,0
2022-08-01 12:26:00,210,210,210,210,0
2022-08-01 12:27:00,210,210,210,210,0
2022-08-01 12:28:00,210,210,210,210,0
2022-08-01 12:29:00,210,210,210,210,0
2022-08-01 12:30:00,210,210,210,210,0
2022-08-01 12:31:00,210,210,210,210,0
2022-08-01 12:32:00,210,210,210,210,0
2022-08-01 12:33:00,210,210,210,210,0
2022-08-01 12:34:00,210,210,210,210,0
2022-08-01 12:35:00,210,210,210,210,0
2022-08-01 12:36:00,210,210,210,210,0
2022-08-01 12:37:00,210,210,210,210,0
2022-08-01 12:38:00,210,210,210,210,0
2022-08-01 12:39:00,210,210,210,210,0
2022-08-01 12:40:00,210,210,210,210,0
2022-08-01 12:41:00,210,210,210,210,0
2022-08-01 12:42:00,210,210,210,210,0
2022-08-01 12:43:00,210,210,210,210,0
2022-08-01 12:44:00,210,210,210,210,0
2022-08-01 12:45:00,210,210,210,210,0
2022-08-01 12:46:00,210,210,210,210,0
2022-08-01 12:47:00,210,210,210,210,0
2022-08-01 12:48:00,210,210,210,210,0
2022-08-01 12:49:00,210,210,210,210,0
2022-08-01 12:50:00,210,210,210,210,0
2022-08-01 12:51:00,210,210,210,210,0
2022-08-01 12:52:00,210,210,210,210,0
2022-08-01 12:53:00,210,210,210,210,0
2022-08-01 12:54:00,210,210,210,210,0
2022-08-01 12:55:00,210,210,210,210,0
2022-08-01 12:56:00,210,210,210,210,0
2022-08-01 12:57:00,210,210,210,210,0
2022-08-01 12:58:00,210,210,210,210,0
2022-08-01 12:59:00,210,210,210,210,0
2022-08-01 13:00:00,210,210,210,210,0
2022-08-01 13:01:00,210,210,210,210,0
2022-08-01 13:02:00,210,210,210,210,0
2022-08-01 13:03:00,210,210,210,210,0
2022-08-01 13:04:00,210,210,210,210,0
2022-08-01 13:05:00,210,210,210,210,0
2022-08-01 13:06:00,210,210,210,210,0
2022-08-01 13:07:00,210,210,210,210,0
2022-08-01 13:08:00,210,210,210,210,0
2022-08-01 13:09:00,210,210,210,210,0
2022-08-01 13:10:00,210,210,210,210,0
2022-08-01 13:11:00,210,210,210,210,0
2022-08-01 13:12:00,210,210,210,210,0
2022-08-01 13:13:00,210,210,210,210,0
2022-08-01 13:14:00,210,210,210,210,0
2022-08-01 13:15:00,210,210,210,210,0
2022-08-01 13:16:00,210,210,210,210,0
2022-08-01 13:17:00,210,210,210,210,0
2022-08-01 13:18:00,210,210,210,210,0
2022-08-01 13:19:00,210,210,210,210,0
2022-08-01 13:20:00,210,210,210,210,0
2022-08-01 13:21:00,210,210,210,210,0
2022-08-01 13:22:00,210,210,210,210,0
2022-08-01 13:23:00,210,210,210,210,0
2022-08-01 13:24:00,210,210,210,210,0
2022-08-01 13:25:00,210,210,210,210,0
2022-08-01 13:26:00,210,210,210,210,0
2022-08-01 13:27:00,210,210,210,210,0
2022-08-01 13:28:00,210,210,210,210,0
2022-08-01 13:29:00,210,210,210,210,0
2022-08-01 13:30:00,222,222,226,226,400
2022-08-01 13:31:00,222,222,226,226,0
2022-08-01 13:32:00,222,222,226,226,0
2022-08-01 13:33:00,222,222,226,226,0
2022-08-01 13:34:00,222,222,226,226,0
2022-08-01 13:35:00,222,222,226,226,0
2022-08-01 13:36:00,222,222,226,226,0
2022-08-01 13:37:00,222,222,226,226,0
2022-08-01 13:38:00,222,222,226,226,0
2022-08-01 13:39:00,222,222,226,226,0
2022-08-01 13:40:00,222,222,226,226,0
2022-08-01 13:41:00,222,222,226,226,0
2022-08-01 13:42:00,222,222,226,226,0
2022-08-01 13:43:00,222,222,226,226,0
2022-08-01 13:44:00,222,222,226,226,0
2022-08-01 13:45:00,222,222,226,226,0
2022-08-01 13:46:00,222,222,226,226,0
2022-08-01 13:47:00,222,222,226,226,0
2022-08-01 13:48:00,222,222,226,226,0
2022-08-01 13:49:00,222,222,226,226,0
2022-08-01 13:50:00,222,222,226,226,0
2022-08-01 13:51:00,222,222,226,226,0
2022-08-01 13:52:00,222,222,226,226,0
2022-08-01 13:53:00,222,222,226,226,0
2022-08-01 13:54:00,222,222,226,226,0
2022-08-01 13:55:00,222,222,226,226,0
2022-08-01 13:56:00,222,222,226,226,0
2022-08-01 13:57:00,222,222,226,226,0
2022-08-01 13:58:00,222,222,226,226,0
2022-08-01 13:59:00,222,222,226,226,0
2022-08-01 14:00:00,218,218,218,218,0
2022-08-01 14:01:00,218,218,218,218,0
2022-08-01 14:02:00,218,218,218,218,0
2022-08-01 14:03:00,218,218,218,218,0
2022-08-01 14:04:00,218,218,218,218,0
2022-08-01 14:05:00,218,218,218,218,0
2022-08-01 14:06:00,218,218,218,218,0
2022-08-01 14:07:00,218,218,218,218,0
2022-08-01 14:08:00,218,218,218,218,0
2022-08-01 14:09:00,218,218,218,218,0
2022-08-01 14:10:00,218,218,218,218,0
2022-08-01 14:11:00,218,218,218,218,0
2022-08-01 14:12:00,218,218,218,218,0
2022-08-01 14:13:00,218,218,218,218,0
2022-08-01 14:14:00,218,218,218,218,0
2022-08-01 14:15:00,218,218,218,218,0
2022-08-01 14:16:00,218,218,218,218,0
2022-08-01 14:17:00,218,218,218,218,0
2022-08-01 14:18:00,218,218,218,218,0
2022-08-01 14:19:00,218,218,218,218,0
2022-08-01 14:20:00,218,218,218,218,0
2022-08-01 14:21:00,218,218,218,218,0
2022-08-01 14:22:00,218,218,218,218,0
2022-08-01 14:23:00,218,218,218,218,0
2022-08-01 14:24:00,218,218,218,218,0
2022-08-01 14:25:00,218,218,218,218,0
2022-08-01 14:26:00,218,218,218,218,0
2022-08-01 14:27:00,218,218,218,218,0
2022-08-01 14:28:00,218,218,218,218,0
2022-08-01 14:29:00,218,218,218,218,0
2022-08-01 14:30:00,218,218,218,218,0
2022-08-01 14:31:00,218,218,218,218,0
2022-08-01 14:32:00,218,218,218,218,0
2022-08-01 14:33:00,218,218,218,218,0
2022-08-01 14:34:00,218,218,218,218,0
2022-08-01 14:35:00,218,218,218,218,0
2022-08-01 14:36:00,218,218,218,218,0
2022-08-01 14:37:00,218,218,218,218,0
2022-08-01 14:38:00,218,218,218,218,0
2022-08-01 14:39:00,218,218,218,218,0
2022-08-01 14:40:00,218,218,218,218,0
2022-08-01 14:41:00,218,218,218,218,0
2022-08-01 14:42:00,218,218,218,218,0
2022-08-01 14:43:00,218,218,218,218,0
2022-08-01 14:44:00,218,218,218,218,0
2022-08-01 14:45:00,218,218,218,218,0
2022-08-01 14:46:00,218,218,218,218,0
2022-08-01 14:47:00,218,218,218,218,0
2022-08-01 14:48:00,218,218,218,218,0
2022-08-01 14:49:00,218,218,218,218,0
2022-08-01 14:50:00,218,218,218,218,0
2022-08-01 14:51:00,218,218,218,218,0
2022-08-01 14:52:00,218,218,218,218,0
2022-08-01 14:53:00,218,218,218,218,0
2022-08-01 14:54:00,218,218,218,218,0
2022-08-01 14:55:00,218,218,218,218,0
2022-08-01 14:56:00,218,218,218,218,0
2022-08-01 14:57:00,218,218,218,218,0
2022-08-01 14:58:00,218,218,218,218,0
2022-08-01 14:59:00,218,218,218,218,0
2022-08-01 15:00:00,218,218,218,218,0
2022-08-01 15:01:00,218,218,218,218,0
2022-08-01 15:02:00,218,218,218,218,0
2022-08-01 15:03:00,218,218,218,218,0
2022-08-01 15:04:00,218,218,218,218,0
2022-08-01 15:05:00,218,218,218,218,0
2022-08-01 15:06:00,218,218,218,218,0
2022-08-01 15:07:00,218,218,218,218,0
2022-08-01 15:08:00,218,218,218,218,0
2022-08-01 15:09:00,218,218,218,218,0
2022-08-01 15:10:00,218,218,218,218,0
2022-08-01 15:11:00,218,218,218,218,0
2022-08-01 15:12:00,218,218,218,218,0
2022-08-01 15:13:00,218,218,218,218,0
2022-08-01 15:14:00,218,218,218,218,0
2022-08-01 15:15:00,218,218,218,218,0
2022-08-01 15:16:00,218,218,218,218,0
2022-08-01 15:17:00,218,218,218,218,0
2022-08-01 15:18:00,218,218,218,218,0
2022-08-01 15:19:00,218,218,218,218,0
2022-08-01 15:20:00,218,218,218,218,0
2022-08-01 15:21:00,218,218,218,218,0
2022-08-01 15:22:00,218,218,218,218,0
2022-08-01 15:23:00,218,218,218,218,0
2022-08-01 15:24:00,218,218,218,218,0
2022-08-01 15:25:00,218,218,218,218,0
2022-08-01 15:26:00,218,218,218,218,0
2022-08-01 15:27:00,218,218,218,218,0
2022-08-01 15:28:00,218,218,218,218,0
2022-08-01 15:29:00,218,218,218,218,0
2022-08-01 15:30:00,218,218,218,218,0
2022-08-01 15:31:00,218,218,218,218,0
2022-08-01 15:32:00,218,218,218,218,0
2022-08-01 15:33:00,218,218,218,218,0
2022-08-01 15:34:00,218,218,218,218,0
2022-08-01 15:35:00,218,218,218,218,0
2022-08-01 15:36:00,218,218,218,218,0
2022-08-01 15:37:00,218,218,218,218,0
2022-08-01 15:38:00,218,218,218,218,0
2022-08-01 15:39:00,218,218,218,218,0
2022-08-01 15:40:00,218,218,218,218,0
2022-08-01 15:41:00,218,218,218,218,0
2022-08-01 15:42:00,218,218,218,218,0
2022-08-01 15:43:00,218,218,218,218,0
2022-08-01 15:44:00,218,218,218,218,0
2022-08-01 15:45:00,218,218,218,218,0
2022-08-01 15:46:00,218,218,218,218,0
2022-08-01 15:47:00,218,218,218,218,0
2022-08-01 15:48:00,218,218,218,218,0
2022-08-01 15:49:00,218,218,218,218,0
2022-08-01 15:50:00,218,218,218,218,0
2022-08-01 15:51:00,218,218,218,218,0
2022-08-01 15:52:00,218,218,218,218,0
2022-08-01 15:53:00,218,218,218,218,0
2022-08-01 15:54:00,218,218,218,218,0
2022-08-01 15:55:00,218,218,218,218,0
2022-08-01 15:56:00,218,218,218,218,0
2022-08-01 15:57:00,218,218,218,218,0
2022-08-01 15:58:00,218,218,218,218,0
2022-08-01 15:59:00,218,218,218,218,0
2022-08-02 09:00:00,218,218,218,218,0
2022-08-02 09:01:00,218,218,218,218,0
2022-08-02 09:02:00,218,218,218,218,0
2022-08-02 09:03:00,218,218,218,218,0
2022-08-02 09:04:00,218,218,218,218,0
2022-08-02 09:05:00,218,218,218,218,0
2022-08-02 09:06:00,218,218,218,218,0
2022-08-02 09:07:00,218,218,218,218,0
2022-08-02 09:08:00,218,218,218,218,0
2022-08-02 09:09:00,218,218,218,218,0
2022-08-02 09:10:00,218,218,218,218,0
2022-08-02 09:11:00,218,218,218,218,0
2022-08-02 09:12:00,218,218,218,218,100
2022-08-02 09:13:00,218,218,218,218,0
2022-08-02 09:14:00,218,218,218,218,0
2022-08-02 09:15:00,218,218,218,218,0
2022-08-02 09:16:00,218,218,218,218,0
2022-08-02 09:17:00,218,218,218,218,0
2022-08-02 09:18:00,218,218,218,218,0
2022-08-02 09:19:00,218,218,218,218,0
2022-08-02 09:20:00,218,218,218,218,0
2022-08-02 09:21:00,218,218,218,218,0
2022-08-02 09:22:00,218,218,218,218,0
2022-08-02 09:23:00,218,218,218,218,0
2022-08-02 09:24:00,218,218,218,218,0
2022-08-02 09:25:00,218,218,218,218,0
2022-08-02 09:26:00,218,218,218,218,0
2022-08-02 09:27:00,218,218,218,218,0
2022-08-02 09:28:00,218,218,218,218,0
2022-08-02 09:29:00,218,218,218,218,0
2022-08-02 09:30:00,218,218,218,218,0
2022-08-02 09:31:00,218,218,218,218,0
2022-08-02 09:32:00,218,218,218,218,0
2022-08-02 09:33:00,218,218,218,218,0
2022-08-02 09:34:00,218,218,218,218,0
2022-08-02 09:35:00,218,218,218,218,0
2022-08-02 09:36:00,218,218,218,218,0
2022-08-02 09:37:00,218,218,218,218,0
2022-08-02 09:38:00,218,218,218,218,0
2022-08-02 09:39:00,218,218,218,218,0
2022-08-02 09:40:00,218,218,218,218,0
2022-08-02 09:41:00,218,218,218,218,800
2022-08-02 09:42:00,218,218,218,218,0
2022-08-02 09:43:00,218,218,218,218,0
2022-08-02 09:44:00,218,218,218,218,0
2022-08-02 09:45:00,218,218,218,218,0
2022-08-02 09:46:00,218,218,218,218,0
2022-08-02 09:47:00,218,218,218,218,0
2022-08-02 09:48:00,218,218,218,218,0
2022-08-02 09:49:00,218,218,218,218,0
2022-08-02 09:50:00,218,218,218,218,0
2022-08-02 09:51:00,218,218,218,218,0
2022-08-02 09:52:00,218,218,218,218,0
2022-08-02 09:53:00,218,218,218,218,0
2022-08-02 09:54:00,218,218,218,218,0
2022-08-02 09:55:00,218,218,218,218,0
2022-08-02 09:56:00,218,218,218,218,0
2022-08-02 09:57:00,218,218,218,218,0
2022-08-02 09:58:00,218,218,218,218,0
2022-08-02 09:59:00,218,218,218,218,0
2022-08-02 10:00:00,218,218,218,218,0
2022-08-02 10:01:00,218,218,218,218,0
2022-08-02 10:02:00,218,218,218,218,200
2022-08-02 10:03:00,218,218,218,218,0
2022-08-02 10:04:00,218,218,218,218,0
2022-08-02 10:05:00,218,218,218,218,0
2022-08-02 10:06:00,218,218,218,218,0
2022-08-02 10:07:00,218,218,218,218,0
2022-08-02 10:08:00,218,218,218,218,0
2022-08-02 10:09:00,218,218,218,218,100
2022-08-02 10:10:00,218,218,218,218,0
2022-08-02 10:11:00,218,218,218,218,0
2022-08-02 10:12:00,218,218,218,218,0
2022-08-02 10:13:00,218,218,218,218,0
2022-08-02 10:14:00,218,218,218,218,100
2022-08-02 10:15:00,218,218,218,218,0
2022-08-02 10:16:00,218,218,218,218,0
2022-08-02 10:17:00,218,218,218,218,0
2022-08-02 10:18:00,218,218,218,218,0
2022-08-02 10:19:00,218,218,218,218,0
2022-08-02 10:20:00,218,218,218,218,0
2022-08-02 10:21:00,218,218,218,218,0
2022-08-02 10:22:00,218,218,218,218,0
2022-08-02 10:23:00,218,218,218,218,0
2022-08-02 10:24:00,216,216,216,216,800
2022-08-02 10:25:00,210,210,210,210,600
2022-08-02 10:26:00,210,210,210,210,0
2022-08-02 10:27:00,210,210,210,210,0
2022-08-02 10:28:00,210,210,210,210,0
2022-08-02 10:29:00,210,210,210,210,0
2022-08-02 10:30:00,210,210,210,210,0
2022-08-02 10:31:00,210,210,210,210,0
2022-08-02 10:32:00,210,210,210,210,0
2022-08-02 10:33:00,210,210,210,210,0
2022-08-02 10:34:00,210,210,210,210,0
2022-08-02 10:35:00,210,210,210,210,0
2022-08-02 10:36:00,210,210,210,210,0
2022-08-02 10:37:00,210,210,210,210,0
2022-08-02 10:38:00,210,210,210,210,0
2022-08-02 10:39:00,210,210,210,210,0
2022-08-02 10:40:00,210,210,210,210,0
2022-08-02 10:41:00,210,210,210,210,0
2022-08-02 10:42:00,210,210,210,210,0
2022-08-02 10:43:00,210,210,210,210,0
2022-08-02 10:44:00,210,210,210,210,0
2022-08-02 10:45:00,210,210,210,210,0
2022-08-02 10:46:00,210,210,210,210,0
2022-08-02 10:47:00,204,204,204,204,100
2022-08-02 10:48:00,204,204,204,204,0
2022-08-02 10:49:00,204,204,204,204,0
2022-08-02 10:50:00,204,204,204,204,0
2022-08-02 10:51:00,204,204,204,204,0
2022-08-02 10:52:00,204,204,204,204,0
2022-08-02 10:53:00,204,204,204,204,0
2022-08-02 10:54:00,204,204,204,204,0
2022-08-02 10:55:00,204,204,204,204,0
2022-08-02 10:56:00,204,204,204,204,0
2022-08-02 10:57:00,204,204,204,204,0
2022-08-02 10:58:00,204,204,204,204,0
2022-08-02 10:59:00,204,204,204,204,0
2022-08-02 11:00:00,204,204,204,204,0
2022-08-02 11:01:00,204,204,204,204,0
2022-08-02 11:02:00,204,204,204,204,0
2022-08-02 11:03:00,204,204,204,204,0
2022-08-02 11:04:00,204,204,204,204,0
2022-08-02 11:05:00,204,204,204,204,0
2022-08-02 11:06:00,204,204,204,204,0
2022-08-02 11:07:00,204,204,204,204,0
2022-08-02 11:08:00,204,204,204,204,0
2022-08-02 11:09:00,224,224,224,224,100
2022-08-02 11:10:00,224,224,224,224,0
2022-08-02 11:11:00,224,224,224,224,0
2022-08-02 11:12:00,224,224,224,224,0
2022-08-02 11:13:00,224,224,224,224,0
2022-08-02 11:14:00,224,224,224,224,0
2022-08-02 11:15:00,224,224,224,224,0
2022-08-02 11:16:00,224,224,224,224,0
2022-08-02 11:17:00,224,224,224,224,0
2022-08-02 11:18:00,224,224,224,224,0
2022-08-02 11:19:00,224,224,224,224,0
2022-08-02 11:20:00,224,224,224,224,0
2022-08-02 11:21:00,224,224,224,224,0
2022-08-02 11:22:00,224,224,224,224,0
2022-08-02 11:23:00,224,224,224,224,0
2022-08-02 11:24:00,224,224,224,224,0
2022-08-02 11:25:00,224,224,224,224,0
2022-08-02 11:26:00,224,224,224,224,0
2022-08-02 11:27:00,224,224,224,224,0
2022-08-02 11:28:00,224,224,224,224,0
2022-08-02 11:29:00,224,224,224,224,0
2022-08-02 11:30:00,224,224,224,224,0
2022-08-02 11:31:00,224,224,224,224,0
2022-08-02 11:32:00,224,224,224,224,0
2022-08-02 11:33:00,224,224,224,224,0
2022-08-02 11:34:00,224,224,224,224,0
2022-08-02 11:35:00,224,224,224,224,0
2022-08-02 11:36:00,224,224,224,224,0
2022-08-02 11:37:00,224,224,224,224,0
2022-08-02 11:38:00,224,224,224,224,0
2022-08-02 11:39:00,224,224,224,224,0
2022-08-02 11:40:00,224,224,224,224,0
2022-08-02 11:41:00,224,224,224,224,0
2022-08-02 11:42:00,224,224,224,224,0
2022-08-02 11:43:00,224,224,224,224,0
2022-08-02 11:44:00,224,224,224,224,0
2022-08-02 11:45:00,224,224,224,224,0
2022-08-02 11:46:00,224,224,224,224,0
2022-08-02 11:47:00,224,224,224,224,0
2022-08-02 11:48:00,224,224,224,224,0
2022-08-02 11:49:00,224,224,224,224,0
2022-08-02 11:50:00,224,224,224,224,0
2022-08-02 11:51:00,224,224,224,224,0
2022-08-02 11:52:00,224,224,224,224,0
2022-08-02 11:53:00,224,224,224,224,0
2022-08-02 11:54:00,224,224,224,224,0
2022-08-02 11:55:00,224,224,224,224,0
2022-08-02 11:56:00,224,224,224,224,0
2022-08-02 11:57:00,224,224,224,224,0
2022-08-02 11:58:00,224,224,224,224,0
2022-08-02 11:59:00,224,224,224,224,0
2022-08-02 12:00:00,224,224,224,224,0
2022-08-02 12:01:00,224,224,224,224,0
2022-08-02 12:02:00,224,224,224,224,0
2022-08-02 12:03:00,224,224,224,224,0
2022-08-02 12:04:00,224,224,224,224,0
2022-08-02 12:05:00,224,224,224,224,0
2022-08-02 12:06:00,224,224,224,224,0
2022-08-02 12:07:00,224,224,224,224,0
2022-08-02 12:08:00,224,224,224,224,0
2022-08-02 12:09:00,224,224,224,224,0
2022-08-02 12:10:00,224,224,224,224,0
2022-08-02 12:11:00,224,224,224,224,0
2022-08-02 12:12:00,224,224,224,224,0
2022-08-02 12:13:00,224,224,224,224,0
2022-08-02 12:14:00,224,224,224,224,0
2022-08-02 12:15:00,224,224,224,224,0
2022-08-02 12:16:00,224,224,224,224,0
2022-08-02 12:17:00,224,224,224,224,0
2022-08-02 12:18:00,224,224,224,224,0
2022-08-02 12:19:00,224,224,224,224,0
2022-08-02 12:20:00,224,224,224,224,0
2022-08-02 12:21:00,224,224,224,224,0
2022-08-02 12:22:00,224,224,224,224,0
2022-08-02 12:23:00,224,224,224,224,0
2022-08-02 12:24:00,224,224,224,224,0
2022-08-02 12:25:00,224,224,224,224,0
2022-08-02 12:26:00,224,224,224,224,0
2022-08-02 12:27:00,224,224,224,224,0
2022-08-02 12:28:00,224,224,224,224,0
2022-08-02 12:29:00,224,224,224,224,0
2022-08-02 12:30:00,224,224,224,224,0
2022-08-02 12:31:00,224,224,224,224,0
2022-08-02 12:32:00,224,224,224,224,0
2022-08-02 12:33:00,224,224,224,224,0
2022-08-02 12:34:00,224,224,224,224,0
2022-08-02 12:35:00,224,224,224,224,0
2022-08-02 12:36:00,224,224,224,224,0
2022-08-02 12:37:00,224,224,224,224,0
2022-08-02 12:38:00,224,224,224,224,0
2022-08-02 12:39:00,224,224,224,224,0
2022-08-02 12:40:00,224,224,224,224,0
2022-08-02 12:41:00,224,224,224,224,0
2022-08-02 12:42:00,224,224,224,224,0
2022-08-02 12:43:00,224,224,224,224,0
2022-08-02 12:44:00,224,224,224,224,0
2022-08-02 12:45:00,224,224,224,224,0
2022-08-02 12:46:00,224,224,224,224,0
2022-08-02 12:47:00,224,224,224,224,0
2022-08-02 12:48:00,224,224,224,224,0
2022-08-02 12:49:00,224,224,224,224,0
2022-08-02 12:50:00,224,224,224,224,0
2022-08-02 12:51:00,224,224,224,224,0
2022-08-02 12:52:00,224,224,224,224,0
2022-08-02 12:53:00,224,224,224,224,0
2022-08-02 12:54:00,224,224,224,224,0
2022-08-02 12:55:00,224,224,224,224,0
2022-08-02 12:56:00,224,224,224,224,0
2022-08-02 12:57:00,224,224,224,224,0
2022-08-02 12:58:00,224,224,224,224,0
2022-08-02 12:59:00,224,224,224,224,0
2022-08-02 13:00:00,224,224,224,224,0
2022-08-02 13:01:00,224,224,224,224,0
2022-08-02 13:02:00,224,224,224,224,0
2022-08-02 13:03:00,224,224,224,224,0
2022-08-02 13:04:00,224,224,224,224,0
2022-08-02 13:05:00,224,224,224,224,0
2022-08-02 13:06:00,224,224,224,224,0
2022-08-02 13:07:00,224,224,224,224,0
2022-08-02 13:08:00,224,224,224,224,0
2022-08-02 13:09:00,224,224,224,224,0
2022-08-02 13:10:00,224,224,224,224,0
2022-08-02 13:11:00,224,224,224,224,0
2022-08-02 13:12:00,224,224,224,224,0
2022-08-02 13:13:00,224,224,224,224,0
2022-08-02 13:14:00,224,224,224,224,0
2022-08-02 13:15:00,224,224,224,224,0
2022-08-02 13:16:00,224,224,224,224,0
2022-08-02 13:17:00,224,224,224,224,0
2022-08-02 13:18:00,224,224,224,224,0
2022-08-02 13:19:00,224,224,224,224,0
2022-08-02 13:20:00,224,224,224,224,0
2022-08-02 13:21:00,224,224,224,224,0
2022-08-02 13:22:00,224,224,224,224,0
2022-08-02 13:23:00,224,224,224,224,0
2022-08-02 13:24:00,224,224,224,224,0
2022-08-02 13:25:00,224,224,224,224,0
2022-08-02 13:26:00,224,224,224,224,0
2022-08-02 13:27:00,224,224,224,224,0
2022-08-02 13:28:00,224,224,224,224,0
2022-08-02 13:29:00,224,224,224,224,0
2022-08-02 13:30:00,222,222,222,222,300
2022-08-02 13:31:00,222,222,222,222,2400
2022-08-02 13:32:00,222,222,222,222,0
2022-08-02 13:33:00,222,222,222,222,0
2022-08-02 13:34:00,222,222,222,222,0
2022-08-02 13:35:00,222,222,222,222,0
2022-08-02 13:36:00,222,222,222,222,0
2022-08-02 13:37:00,222,222,222,222,0
2022-08-02 13:38:00,222,222,222,222,0
2022-08-02 13:39:00,222,222,222,222,0
2022-08-02 13:40:00,222,222,222,222,0
2022-08-02 13:41:00,222,222,222,222,0
2022-08-02 13:42:00,222,222,222,222,0
2022-08-02 13:43:00,222,222,222,222,0
2022-08-02 13:44:00,222,222,222,222,0
2022-08-02 13:45:00,222,222,222,222,0
2022-08-02 13:46:00,222,222,222,222,0
2022-08-02 13:47:00,222,222,222,222,0
2022-08-02 13:48:00,222,222,222,222,0
2022-08-02 13:49:00,222,222,222,222,0
2022-08-02 13:50:00,222,222,222,222,0
2022-08-02 13:51:00,222,222,222,222,0
2022-08-02 13:52:00,222,222,222,222,0
2022-08-02 13:53:00,222,222,222,222,0
2022-08-02 13:54:00,222,222,222,222,0
2022-08-02 13:55:00,222,222,222,222,0
2022-08-02 13:56:00,222,222,222,222,0
2022-08-02 13:57:00,222,222,222,222,0
2022-08-02 13:58:00,222,222,222,222,0
2022-08-02 13:59:00,222,222,222,222,0
2022-08-02 14:00:00,222,222,222,222,0
2022-08-02 14:01:00,222,222,222,222,0
2022-08-02 14:02:00,222,222,222,222,0
2022-08-02 14:03:00,222,222,222,222,0
2022-08-02 14:04:00,222,222,222,222,0
2022-08-02 14:05:00,222,222,222,222,0
2022-08-02 14:06:00,222,222,222,222,0
2022-08-02 14:07:00,222,222,222,222,0
2022-08-02 14:08:00,222,222,222,222,0
2022-08-02 14:09:00,222,222,222,222,0
2022-08-02 14:10:00,222,222,222,222,0
2022-08-02 14:11:00,222,222,222,222,0
2022-08-02 14:12:00,222,222,222,222,0
2022-08-02 14:13:00,222,222,222,222,0
2022-08-02 14:14:00,222,222,222,222,0
2022-08-02 14:15:00,222,222,222,222,0
2022-08-02 14:16:00,222,222,222,222,0
2022-08-02 14:17:00,222,222,222,222,0
2022-08-02 14:18:00,222,222,222,222,0
2022-08-02 14:19:00,222,222,222,222,0
2022-08-02 14:20:00,222,222,222,222,0
2022-08-02 14:21:00,222,222,222,222,0
2022-08-02 14:22:00,222,222,222,222,0
2022-08-02 14:23:00,222,222,222,222,0
2022-08-02 14:24:00,222,222,222,222,0
2022-08-02 14:25:00,222,222,222,222,0
2022-08-02 14:26:00,222,222,222,222,0
2022-08-02 14:27:00,222,222,222,222,0
2022-08-02 14:28:00,222,222,222,222,0
2022-08-02 14:29:00,222,222,222,222,0
2022-08-02 14:30:00,222,222,222,222,0
2022-08-02 14:31:00,222,222,222,222,0
2022-08-02 14:32:00,222,222,222,222,0
2022-08-02 14:33:00,222,222,222,222,0
2022-08-02 14:34:00,222,222,222,222,0
2022-08-02 14:35:00,222,222,222,222,0
2022-08-02 14:36:00,222,222,222,222,0
2022-08-02 14:37:00,222,222,222,222,0
2022-08-02 14:38:00,220,220,220,220,200
2022-08-02 14:39:00,220,220,220,220,0
2022-08-02 14:40:00,220,220,220,220,0
2022-08-02 14:41:00,220,220,220,220,0
2022-08-02 14:42:00,220,220,220,220,0
2022-08-02 14:43:00,220,220,220,220,0
2022-08-02 14:44:00,220,220,220,220,0
2022-08-02 14:45:00,220,220,220,220,0
2022-08-02 14:46:00,220,220,220,220,0
2022-08-02 14:47:00,220,220,220,220,0
2022-08-02 14:48:00,220,220,220,220,0
2022-08-02 14:49:00,220,220,220,220,0
2022-08-02 14:50:00,220,220,220,220,0
2022-08-02 14:51:00,220,220,220,220,0
2022-08-02 14:52:00,220,220,220,220,0
2022-08-02 14:53:00,220,220,220,220,0
2022-08-02 14:54:00,220,220,220,220,0
2022-08-02 14:55:00,220,220,220,220,0
2022-08-02 14:56:00,220,220,220,220,0
2022-08-02 14:57:00,220,220,220,220,0
2022-08-02 14:58:00,220,220,220,220,0
2022-08-02 14:59:00,220,220,220,220,0
2022-08-02 15:00:00,220,220,220,220,0
2022-08-02 15:01:00,220,220,220,220,0
2022-08-02 15:02:00,220,220,220,220,0
2022-08-02 15:03:00,220,220,220,220,0
2022-08-02 15:04:00,220,220,220,220,0
2022-08-02 15:05:00,220,220,220,220,0
2022-08-02 15:06:00,220,220,220,220,0
2022-08-02 15:07:00,220,220,220,220,0
2022-08-02 15:08:00,220,220,220,220,0
2022-08-02 15:09:00,220,220,220,220,0
2022-08-02 15:10:00,220,220,220,220,0
2022-08-02 15:11:00,220,220,220,220,0
2022-08-02 15:12:00,220,220,220,220,0
2022-08-02 15:13:00,220,220,220,220,0
2022-08-02 15:14:00,220,220,220,220,0
2022-08-02 15:15:00,220,220,220,220,0
2022-08-02 15:16:00,220,220,220,220,0
2022-08-02 15:17:00,220,220,220,220,0
2022-08-02 15:18:00,220,220,220,220,0
2022-08-02 15:19:00,220,220,220,220,0
2022-08-02 15:20:00,220,220,220,220,0
2022-08-02 15:21:00,220,220,220,220,0
2022-08-02 15:22:00,220,220,220,220,0
2022-08-02 15:23:00,220,220,220,220,0
2022-08-02 15:24:00,220,220,220,220,0
2022-08-02 15:25:00,220,220,220,220,0
2022-08-02 15:26:00,220,220,220,220,0
2022-08-02 15:27:00,220,220,220,220,0
2022-08-02 15:28:00,220,220,220,220,0
2022-08-02 15:29:00,220,220,220,220,0
2022-08-02 15:30:00,220,220,220,220,0
2022-08-02 15:31:00,220,220,220,220,0
2022-08-02 15:32:00,220,220,220,220,0
2022-08-02 15:33:00,220,220,220,220,0
2022-08-02 15:34:00,220,220,220,220,0
2022-08-02 15:35:00,220,220,220,220,0
2022-08-02 15:36:00,220,220,220,220,0
2022-08-02 15:37:00,220,220,220,220,0
2022-08-02 15:38:00,220,220,220,220,0
2022-08-02 15:39:00,220,220,220,220,0
2022-08-02 15:40:00,220,220,220,220,0
2022-08-02 15:41:00,220,220,220,220,0
2022-08-02 15:42:00,220,220,220,220,0
2022-08-02 15:43:00,220,220,220,220,0
2022-08-02 15:44:00,220,220,220,220,0
2022-08-02 15:45:00,220,220,220,220,0
2022-08-02 15:46:00,220,220,220,220,0
2022-08-02 15:47:00,220,220,220,220,0
2022-08-02 15:48:00,220,220,220,220,0
2022-08-02 15:49:00,220,220,220,220,0
2022-08-02 15:50:00,220,220,220,220,0
2022-08-02 15:51:00,220,220,220,220,0
2022-08-02 15:52:00,220,220,220,220,0
2022-08-02 15:53:00,220,220,220,220,0
2022-08-02 15:54:00,220,220,220,220,0
2022-08-02 15:55:00,220,220,220,220,0
2022-08-02 15:56:00,220,220,220,220,0
2022-08-02 15:57:00,220,220,220,220,0
2022-08-02 15:58:00,220,220,220,220,0
2022-08-02 15:59:00,220,220,220,220,0
2022-08-03 09:00:00,220,220,220,220,800
2022-08-03 09:01:00,220,220,220,220,0
2022-08-03 09:02:00,222,222,222,222,100
2022-08-03 09:03:00,222,222,222,222,0
2022-08-03 09:04:00,222,222,222,222,0
2022-08-03 09:05:00,222,222,222,222,0
2022-08-03 09:06:00,222,222,222,222,0
2022-08-03 09:07:00,222,222,222,222,0
2022-08-03 09:08:00,222,222,222,222,0
2022-08-03 09:09:00,222,222,222,222,9200
2022-08-03 09:10:00,222,222,222,222,0
2022-08-03 09:11:00,222,222,222,222,0
2022-08-03 09:12:00,222,222,222,222,0
2022-08-03 09:13:00,222,222,222,222,0
2022-08-03 09:14:00,206,206,206,206,400
2022-08-03 09:15:00,206,206,206,206,0
2022-08-03 09:16:00,206,206,206,206,0
2022-08-03 09:17:00,206,206,206,206,0
2022-08-03 09:18:00,206,206,206,206,0
2022-08-03 09:19:00,208,206,208,206,11400
2022-08-03 09:20:00,206,206,206,206,0
2022-08-03 09:21:00,206,206,206,206,0
2022-08-03 09:22:00,206,206,206,206,900
2022-08-03 09:23:00,206,206,206,206,0
2022-08-03 09:24:00,206,206,206,206,400
2022-08-03 09:25:00,206,206,206,206,0
2022-08-03 09:26:00,206,206,206,206,0
2022-08-03 09:27:00,206,206,206,206,0
2022-08-03 09:28:00,206,206,206,206,0
2022-08-03 09:29:00,206,206,206,206,0
2022-08-03 09:30:00,206,206,206,206,0
2022-08-03 09:31:00,206,206,206,206,0
2022-08-03 09:32:00,206,206,206,206,0
2022-08-03 09:33:00,206,206,206,206,0
2022-08-03 09:34:00,206,206,206,206,0
2022-08-03 09:35:00,206,206,206,206,0
2022-08-03 09:36:00,206,206,206,206,0
2022-08-03 09:37:00,206,206,206,206,0
2022-08-03 09:38:00,206,206,206,206,0
2022-08-03 09:39:00,206,206,206,206,0
2022-08-03 09:40:00,206,206,206,206,0
2022-08-03 09:41:00,208,206,208,206,1000
2022-08-03 09:42:00,208,206,208,206,0
2022-08-03 09:43:00,208,206,208,206,0
2022-08-03 09:44:00,208,206,208,206,0
2022-08-03 09:45:00,208,206,208,206,0
2022-08-03 09:46:00,210,210,210,210,800
2022-08-03 09:47:00,210,210,210,210,0
2022-08-03 09:48:00,210,210,210,210,0
2022-08-03 09:49:00,210,210,210,210,0
2022-08-03 09:50:00,210,210,210,210,0
2022-08-03 09:51:00,210,210,210,210,0
2022-08-03 09:52:00,210,210,210,210,0
2022-08-03 09:53:00,210,210,210,210,0
2022-08-03 09:54:00,210,210,210,210,0
2022-08-03 09:55:00,210,210,210,210,0
2022-08-03 09:56:00,210,210,210,210,0
2022-08-03 09:57:00,210,210,210,210,0
2022-08-03 09:58:00,210,210,210,210,0
2022-08-03 09:59:00,210,210,210,210,0
2022-08-03 10:00:00,210,210,210,210,0
2022-08-03 10:01:00,210,210,210,210,0
2022-08-03 10:02:00,210,210,210,210,0
2022-08-03 10:03:00,210,210,210,210,0
2022-08-03 10:04:00,210,210,210,210,0
2022-08-03 10:05:00,210,210,210,210,0
2022-08-03 10:06:00,210,210,210,210,0
2022-08-03 10:07:00,210,210,210,210,0
2022-08-03 10:08:00,210,210,210,210,0
2022-08-03 10:09:00,210,210,210,210,0
2022-08-03 10:10:00,210,210,210,210,0
2022-08-03 10:11:00,210,210,210,210,0
2022-08-03 10:12:00,210,210,210,210,0
2022-08-03 10:13:00,210,210,210,210,0
2022-08-03 10:14:00,210,210,210,210,0
2022-08-03 10:15:00,210,210,210,210,0
2022-08-03 10:16:00,210,210,210,210,0
2022-08-03 10:17:00,210,210,210,210,0
2022-08-03 10:18:00,210,210,210,210,0
2022-08-03 10:19:00,210,210,210,210,0
2022-08-03 10:20:00,210,210,210,210,0
2022-08-03 10:21:00,210,210,210,210,0
2022-08-03 10:22:00,210,210,210,210,0
2022-08-03 10:23:00,210,210,210,210,0
2022-08-03 10:24:00,210,210,210,210,0
2022-08-03 10:25:00,210,210,210,210,0
2022-08-03 10:26:00,210,210,210,210,0
2022-08-03 10:27:00,210,210,210,210,0
2022-08-03 10:28:00,210,210,210,210,0
2022-08-03 10:29:00,210,210,210,210,0
2022-08-03 10:30:00,210,210,210,210,0
2022-08-03 10:31:00,210,210,210,210,0
2022-08-03 10:32:00,210,210,210,210,0
2022-08-03 10:33:00,210,210,210,210,0
2022-08-03 10:34:00,210,210,210,210,0
2022-08-03 10:35:00,210,210,210,210,0
2022-08-03 10:36:00,210,210,210,210,0
2022-08-03 10:37:00,210,210,210,210,0
2022-08-03 10:38:00,210,210,210,210,0
2022-08-03 10:39:00,210,210,210,210,0
2022-08-03 10:40:00,210,210,210,210,0
2022-08-03 10:41:00,210,210,210,210,200
2022-08-03 10:42:00,210,210,210,210,0
2022-08-03 10:43:00,210,210,210,210,0
2022-08-03 10:44:00,210,210,210,210,0
2022-08-03 10:45:00,210,210,210,210,0
2022-08-03 10:46:00,210,210,210,210,0
2022-08-03 10:47:00,210,210,210,210,0
2022-08-03 10:48:00,210,210,210,210,0
2022-08-03 10:49:00,210,210,210,210,0
2022-08-03 10:50:00,210,210,210,210,0
2022-08-03 10:51:00,210,210,210,210,0
2022-08-03 10:52:00,210,210,210,210,0
2022-08-03 10:53:00,210,210,210,210,0
2022-08-03 10:54:00,210,210,210,210,0
2022-08-03 10:55:00,210,210,210,210,0
2022-08-03 10:56:00,210,210,210,210,0
2022-08-03 10:57:00,210,210,210,210,0
2022-08-03 10:58:00,210,210,210,210,0
2022-08-03 10:59:00,210,210,210,210,0
2022-08-03 11:00:00,210,210,210,210,0
2022-08-03 11:01:00,210,210,210,210,0
2022-08-03 11:02:00,210,210,210,210,0
2022-08-03 11:03:00,210,210,210,210,0
2022-08-03 11:04:00,210,210,210,210,0
2022-08-03 11:05:00,210,210,210,210,0
2022-08-03 11:06:00,210,210,210,210,0
2022-08-03 11:07:00,210,210,210,210,0
2022-08-03 11:08:00,210,210,210,210,0
2022-08-03 11:09:00,210,210,210,210,0
2022-08-03 11:10:00,210,210,210,210,0
2022-08-03 11:11:00,210,210,210,210,0
2022-08-03 11:12:00,210,210,210,210,0
2022-08-03 11:13:00,210,210,210,210,0
2022-08-03 11:14:00,210,210,210,210,0
2022-08-03 11:15:00,210,210,210,210,0
2022-08-03 11:16:00,210,210,210,210,0
2022-08-03 11:17:00,210,210,210,210,0
2022-08-03 11:18:00,210,210,210,210,0
2022-08-03 11:19:00,210,210,210,210,0
2022-08-03 11:20:00,210,210,210,210,0
2022-08-03 11:21:00,210,210,210,210,0
2022-08-03 11:22:00,210,210,210,210,0
2022-08-03 11:23:00,210,210,210,210,0
2022-08-03 11:24:00,210,210,210,210,0
2022-08-03 11:25:00,210,210,210,210,0
2022-08-03 11:26:00,210,210,210,210,0
2022-08-03 11:27:00,210,210,210,210,0
2022-08-03 11:28:00,210,210,210,210,0
2022-08-03 11:29:00,210,210,210,210,0
2022-08-03 11:30:00,210,210,210,210,0
2022-08-03 11:31:00,210,210,210,210,0
2022-08-03 11:32:00,210,210,210,210,0
2022-08-03 11:33:00,210,210,210,210,0
2022-08-03 11:34:00,210,210,210,210,0
2022-08-03 11:35:00,210,210,210,210,0
2022-08-03 11:36:00,210,210,210,210,0
2022-08-03 11:37:00,210,210,210,210,0
2022-08-03 11:38:00,210,210,210,210,0
2022-08-03 11:39:00,210,210,210,210,0
2022-08-03 11:40:00,210,210,210,210,0
2022-08-03 11:41:00,210,210,210,210,0
2022-08-03 11:42:00,210,210,210,210,0
2022-08-03 11:43:00,210,210,210,210,0
2022-08-03 11:44:00,210,210,210,210,0
2022-08-03 11:45:00,210,210,210,210,0
2022-08-03 11:46:00,210,210,210,210,0
2022-08-03 11:47:00,210,210,210,210,0
2022-08-03 11:48:00,210,210,210,210,0
2022-08-03 11:49:00,210,210,210,210,0
2022-08-03 11:50:00,210,210,210,210,0
2022-08-03 11:51:00,210,210,210,210,0
2022-08-03 11:52:00,210,210,210,210,0
2022-08-03 11:53:00,210,210,210,210,0
2022-08-03 11:54:00,210,210,210,210,0
2022-08-03 11:55:00,210,210,210,210,0
2022-08-03 11:56:00,210,210,210,210,0
2022-08-03 11:57:00,210,210,210,210,0
2022-08-03 11:58:00,210,210,210,210,0
2022-08-03 11:59:00,210,210,210,210,0
2022-08-03 12:00:00,210,210,210,210,0
2022-08-03 12:01:00,210,210,210,210,0
2022-08-03 12:02:00,210,210,210,210,0
2022-08-03 12:03:00,210,210,210,210,0
2022-08-03 12:04:00,210,210,210,210,0
2022-08-03 12:05:00,210,210,210,210,0
2022-08-03 12:06:00,210,210,210,210,0
2022-08-03 12:07:00,210,210,210,210,0
2022-08-03 12:08:00,210,210,210,210,0
2022-08-03 12:09:00,210,210,210,210,0
2022-08-03 12:10:00,210,210,210,210,0
2022-08-03 12:11:00,210,210,210,210,0
2022-08-03 12:12:00,210,210,210,210,0
2022-08-03 12:13:00,210,210,210,210,0
2022-08-03 12:14:00,210,210,210,210,0
2022-08-03 12:15:00,210,210,210,210,0
2022-08-03 12:16:00,210,210,210,210,0
2022-08-03 12:17:00,210,210,210,210,0
2022-08-03 12:18:00,210,210,210,210,0
2022-08-03 12:19:00,210,210,210,210,0
2022-08-03 12:20:00,210,210,210,210,0
2022-08-03 12:21:00,210,210,210,210,0
2022-08-03 12:22:00,210,210,210,210,0
2022-08-03 12:23:00,210,210,210,210,0
2022-08-03 12:24:00,210,210,210,210,0
2022-08-03 12:25:00,210,210,210,210,0
2022-08-03 12:26:00,210,210,210,210,0
2022-08-03 12:27:00,210,210,210,210,0
2022-08-03 12:28:00,210,210,210,210,0
2022-08-03 12:29:00,210,210,210,210,0
2022-08-03 12:30:00,210,210,210,210,0
2022-08-03 12:31:00,210,210,210,210,0
2022-08-03 12:32:00,210,210,210,210,0
2022-08-03 12:33:00,210,210,210,210,0
2022-08-03 12:34:00,210,210,210,210,0
2022-08-03 12:35:00,210,210,210,210,0
2022-08-03 12:36:00,210,210,210,210,0
2022-08-03 12:37:00,210,210,210,210,0
2022-08-03 12:38:00,210,210,210,210,0
2022-08-03 12:39:00,210,210,210,210,0
2022-08-03 12:40:00,210,210,210,210,0
2022-08-03 12:41:00,210,210,210,210,0
2022-08-03 12:42:00,210,210,210,210,0
2022-08-03 12:43:00,210,210,210,210,0
2022-08-03 12:44:00,210,210,210,210,0
2022-08-03 12:45:00,210,210,210,210,0
2022-08-03 12:46:00,210,210,210,210,0
2022-08-03 12:47:00,210,210,210,210,0
2022-08-03 12:48:00,210,210,210,210,0
2022-08-03 12:49:00,210,210,210,210,0
2022-08-03 12:50:00,210,210,210,210,0
2022-08-03 12:51:00,210,210,210,210,0
2022-08-03 12:52:00,210,210,210,210,0
2022-08-03 12:53:00,210,210,210,210,0
2022-08-03 12:54:00,210,210,210,210,0
2022-08-03 12:55:00,210,210,210,210,0
2022-08-03 12:56:00,210,210,210,210,0
2022-08-03 12:57:00,210,210,210,210,0
2022-08-03 12:58:00,210,210,210,210,0
2022-08-03 12:59:00,210,210,210,210,0
2022-08-03 13:00:00,210,210,210,210,0
2022-08-03 13:01:00,210,210,210,210,0
2022-08-03 13:02:00,210,210,210,210,0
2022-08-03 13:03:00,210,210,210,210,0
2022-08-03 13:04:00,210,210,210,210,0
2022-08-03 13:05:00,210,210,210,210,0
2022-08-03 13:06:00,210,210,210,210,0
2022-08-03 13:07:00,210,210,210,210,0
2022-08-03 13:08:00,210,210,210,210,0
2022-08-03 13:09:00,210,210,210,210,0
2022-08-03 13:10:00,210,210,210,210,0
2022-08-03 13:11:00,210,210,210,210,0
2022-08-03 13:12:00,210,210,210,210,0
2022-08-03 13:13:00,210,210,210,210,0
2022-08-03 13:14:00,210,210,210,210,0
2022-08-03 13:15:00,210,210,210,210,0
2022-08-03 13:16:00,210,210,210,210,0
2022-08-03 13:17:00,210,210,210,210,0
2022-08-03 13:18:00,210,210,210,210,0
2022-08-03 13:19:00,210,210,210,210,0
2022-08-03 13:20:00,210,210,210,210,0
2022-08-03 13:21:00,210,210,210,210,0
2022-08-03 13:22:00,210,210,210,210,0
2022-08-03 13:23:00,210,210,210,210,0
2022-08-03 13:24:00,210,210,210,210,0
2022-08-03 13:25:00,210,210,210,210,0
2022-08-03 13:26:00,210,210,210,210,0
2022-08-03 13:27:00,210,210,210,210,0
2022-08-03 13:28:00,210,210,210,210,0
2022-08-03 13:29:00,210,210,210,210,0
2022-08-03 13:30:00,210,210,210,210,0
2022-08-03 13:31:00,210,210,210,210,0
2022-08-03 13:32:00,208,208,208,208,300
2022-08-03 13:33:00,208,208,208,208,0
2022-08-03 13:34:00,208,208,208,208,0
2022-08-03 13:35:00,206,206,206,206,4700
2022-08-03 13:36:00,206,206,206,206,0
2022-08-03 13:37:00,206,206,206,206,0
2022-08-03 13:38:00,206,206,206,206,0
2022-08-03 13:39:00,206,206,206,206,0
2022-08-03 13:40:00,206,206,206,206,0
2022-08-03 13:41:00,206,206,206,206,0
2022-08-03 13:42:00,206,206,206,206,0
2022-08-03 13:43:00,206,206,206,206,0
2022-08-03 13:44:00,206,206,206,206,0
2022-08-03 13:45:00,206,206,206,206,0
2022-08-03 13:46:00,206,206,206,206,0
2022-08-03 13:47:00,206,206,206,206,0
2022-08-03 13:48:00,206,206,206,206,0
2022-08-03 13:49:00,206,206,206,206,0
2022-08-03 13:50:00,206,206,206,206,0
2022-08-03 13:51:00,206,206,206,206,0
2022-08-03 13:52:00,206,206,206,206,0
2022-08-03 13:53:00,206,206,206,206,0
2022-08-03 13:54:00,206,206,206,206,0
2022-08-03 13:55:00,206,206,206,206,0
2022-08-03 13:56:00,206,206,206,206,0
2022-08-03 13:57:00,206,206,206,206,0
2022-08-03 13:58:00,206,206,206,206,0
2022-08-03 13:59:00,206,206,206,206,0
2022-08-03 14:00:00,206,206,206,206,0
2022-08-03 14:01:00,206,206,206,206,0
2022-08-03 14:02:00,206,206,206,206,0
2022-08-03 14:03:00,206,206,206,206,0
2022-08-03 14:04:00,206,206,206,206,0
2022-08-03 14:05:00,206,206,206,206,0
2022-08-03 14:06:00,206,206,206,206,0
2022-08-03 14:07:00,206,206,206,206,0
2022-08-03 14:08:00,206,206,206,206,0
2022-08-03 14:09:00,214,214,214,214,100
2022-08-03 14:10:00,214,214,214,214,0
2022-08-03 14:11:00,214,214,214,214,0
2022-08-03 14:12:00,214,214,214,214,0
2022-08-03 14:13:00,214,214,214,214,0
2022-08-03 14:14:00,214,214,214,214,0
2022-08-03 14:15:00,214,214,214,214,0
2022-08-03 14:16:00,214,214,214,214,0
2022-08-03 14:17:00,214,214,214,214,0
2022-08-03 14:18:00,214,214,214,214,0
2022-08-03 14:19:00,214,214,214,214,0
2022-08-03 14:20:00,214,214,214,214,0
2022-08-03 14:21:00,214,214,214,214,0
2022-08-03 14:22:00,214,214,214,214,0
2022-08-03 14:23:00,214,214,214,214,0
2022-08-03 14:24:00,214,214,214,214,0
2022-08-03 14:25:00,214,214,214,214,0
2022-08-03 14:26:00,214,214,214,214,0
2022-08-03 14:27:00,214,214,214,214,0
2022-08-03 14:28:00,214,214,214,214,0
2022-08-03 14:29:00,214,214,214,214,0
2022-08-03 14:30:00,214,214,214,214,0
2022-08-03 14:31:00,214,214,214,214,0
2022-08-03 14:32:00,214,214,214,214,0
2022-08-03 14:33:00,214,214,214,214,0
2022-08-03 14:34:00,214,214,214,214,0
2022-08-03 14:35:00,214,214,214,214,0
2022-08-03 14:36:00,214,214,214,214,0
2022-08-03 14:37:00,214,214,214,214,0
2022-08-03 14:38:00,214,214,214,214,0
2022-08-03 14:39:00,214,214,214,214,0
2022-08-03 14:40:00,214,214,214,214,0
2022-08-03 14:41:00,206,206,206,206,1400
2022-08-03 14:42:00,206,206,206,206,0
2022-08-03 14:43:00,206,206,206,206,0
2022-08-03 14:44:00,212,212,222,222,0
2022-08-03 14:45:00,212,212,222,222,0
2022-08-03 14:46:00,212,212,222,222,0
2022-08-03 14:47:00,212,212,222,222,0
2022-08-03 14:48:00,212,212,222,222,0
2022-08-03 14:49:00,212,212,222,222,0
2022-08-03 14:50:00,212,212,222,222,0
2022-08-03 14:51:00,212,212,222,222,0
2022-08-03 14:52:00,212,212,222,222,0
2022-08-03 14:53:00,212,212,222,222,0
2022-08-03 14:54:00,212,212,222,222,0
2022-08-03 14:55:00,212,212,222,222,0
2022-08-03 14:56:00,212,212,222,222,0
2022-08-03 14:57:00,212,212,222,222,0
2022-08-03 14:58:00,212,212,222,222,0
2022-08-03 14:59:00,212,212,222,222,0
2022-08-03 15:00:00,212,212,222,222,0
2022-08-03 15:01:00,212,212,222,222,0
2022-08-03 15:02:00,212,212,222,222,0
2022-08-03 15:03:00,212,212,222,222,0
2022-08-03 15:04:00,212,212,222,222,0
2022-08-03 15:05:00,212,212,222,222,0
2022-08-03 15:06:00,212,212,222,222,0
2022-08-03 15:07:00,212,212,222,222,0
2022-08-03 15:08:00,212,212,222,222,0
2022-08-03 15:09:00,212,212,222,222,0
2022-08-03 15:10:00,212,212,222,222,0
2022-08-03 15:11:00,212,212,222,222,0
2022-08-03 15:12:00,212,212,222,222,0
2022-08-03 15:13:00,212,212,222,222,0
2022-08-03 15:14:00,212,212,222,222,0
2022-08-03 15:15:00,212,212,222,222,0
2022-08-03 15:16:00,212,212,222,222,0
2022-08-03 15:17:00,212,212,222,222,0
2022-08-03 15:18:00,212,212,222,222,0
2022-08-03 15:19:00,212,212,222,222,0
2022-08-03 15:20:00,212,212,222,222,0
2022-08-03 15:21:00,212,212,222,222,0
2022-08-03 15:22:00,212,212,222,222,0
2022-08-03 15:23:00,212,212,222,222,0
2022-08-03 15:24:00,212,212,222,222,0
2022-08-03 15:25:00,212,212,222,222,0
2022-08-03 15:26:00,212,212,222,222,0
2022-08-03 15:27:00,212,212,222,222,0
2022-08-03 15:28:00,212,212,222,222,0
2022-08-03 15:29:00,212,212,222,222,0
2022-08-03 15:30:00,212,212,222,222,0
2022-08-03 15:31:00,212,212,222,222,0
2022-08-03 15:32:00,212,212,222,222,0
2022-08-03 15:33:00,212,212,222,222,0
2022-08-03 15:34:00,212,212,222,222,0
2022-08-03 15:35:00,212,212,222,222,0
2022-08-03 15:36:00,212,212,222,222,0
2022-08-03 15:37:00,212,212,222,222,0
2022-08-03 15:38:00,212,212,222,222,0
2022-08-03 15:39:00,212,212,222,222,0
2022-08-03 15:40:00,212,212,222,222,0
2022-08-03 15:41:00,212,212,222,222,0
2022-08-03 15:42:00,212,212,222,222,0
2022-08-03 15:43:00,212,212,222,222,0
2022-08-03 15:44:00,212,212,222,222,0
2022-08-03 15:45:00,212,212,222,222,0
2022-08-03 15:46:00,212,212,222,222,0
2022-08-03 15:47:00,212,212,222,222,0
2022-08-03 15:48:00,212,212,222,222,0
2022-08-03 15:49:00,212,212,222,222,0
2022-08-03 15:50:00,212,212,222,222,0
2022-08-03 15:51:00,212,212,222,222,0
2022-08-03 15:52:00,212,212,222,222,0
2022-08-03 15:53:00,212,212,222,222,0
2022-08-03 15:54:00,212,212,222,222,0
2022-08-03 15:55:00,212,212,222,222,0
2022-08-03 15:56:00,212,212,222,222,0
2022-08-03 15:57:00,212,212,222,222,0
2022-08-03 15:58:00,212,212,222,222,0
2022-08-03 15:59:00,212,212,222,222,0
2022-08-04 09:00:00,220,220,220,220,200
2022-08-04 09:01:00,220,220,220,220,0
2022-08-04 09:02:00,220,220,220,220,0
2022-08-04 09:03:00,220,220,220,220,1500
2022-08-04 09:04:00,220,220,220,220,0
2022-08-04 09:05:00,220,220,220,220,0
2022-08-04 09:06:00,220,220,220,220,0
2022-08-04 09:07:00,220,220,220,220,0
2022-08-04 09:08:00,220,220,220,220,0
2022-08-04 09:09:00,220,220,220,220,0
2022-08-04 09:10:00,220,220,220,220,0
2022-08-04 09:11:00,220,220,220,220,0
2022-08-04 09:12:00,220,220,220,220,0
2022-08-04 09:13:00,220,220,220,220,0
2022-08-04 09:14:00,220,220,220,220,0
2022-08-04 09:15:00,220,220,220,220,0
2022-08-04 09:16:00,220,220,220,220,0
2022-08-04 09:17:00,220,220,220,220,0
2022-08-04 09:18:00,220,220,220,220,0
2022-08-04 09:19:00,220,220,220,220,0
2022-08-04 09:20:00,220,220,220,220,0
2022-08-04 09:21:00,220,220,220,220,0
2022-08-04 09:22:00,220,220,220,220,0
2022-08-04 09:23:00,220,220,220,220,0
2022-08-04 09:24:00,220,220,220,220,0
2022-08-04 09:25:00,220,220,220,220,0
2022-08-04 09:26:00,220,220,220,220,0
2022-08-04 09:27:00,220,220,220,220,0
2022-08-04 09:28:00,220,220,220,220,0
2022-08-04 09:29:00,220,220,220,220,0
2022-08-04 09:30:00,220,220,220,220,0
2022-08-04 09:31:00,220,220,220,220,0
2022-08-04 09:32:00,220,220,220,220,0
2022-08-04 09:33:00,220,220,220,220,0
2022-08-04 09:34:00,220,220,220,220,0
2022-08-04 09:35:00,220,220,220,220,0
2022-08-04 09:36:00,220,220,220,220,0
2022-08-04 09:37:00,220,220,220,220,0
2022-08-04 09:38:00,220,220,220,220,0
2022-08-04 09:39:00,220,220,220,220,0
2022-08-04 09:40:00,220,220,220,220,0
2022-08-04 09:41:00,210,210,210,210,1800
2022-08-04 09:42:00,210,210,210,210,0
2022-08-04 09:43:00,210,210,210,210,100
2022-08-04 09:44:00,210,210,210,210,0
2022-08-04 09:45:00,210,210,210,210,0
2022-08-04 09:46:00,210,210,210,210,500
2022-08-04 09:47:00,210,210,210,210,0
2022-08-04 09:48:00,210,210,210,210,0
2022-08-04 09:49:00,210,210,210,210,0
2022-08-04 09:50:00,210,210,210,210,0
2022-08-04 09:51:00,210,210,210,210,0
2022-08-04 09:52:00,210,210,210,210,0
2022-08-04 09:53:00,210,210,210,210,0
2022-08-04 09:54:00,210,210,210,210,0
2022-08-04 09:55:00,210,210,210,210,0
2022-08-04 09:56:00,210,210,210,210,0
2022-08-04 09:57:00,210,210,210,210,0
2022-08-04 09:58:00,210,210,210,210,0
2022-08-04 09:59:00,210,210,210,210,0
2022-08-04 10:00:00,210,210,210,210,0
2022-08-04 10:01:00,210,210,210,210,0
2022-08-04 10:02:00,210,210,210,210,0
2022-08-04 10:03:00,210,210,210,210,0
2022-08-04 10:04:00,210,210,210,210,0
2022-08-04 10:05:00,210,210,210,210,0
2022-08-04 10:06:00,210,210,210,210,0
2022-08-04 10:07:00,210,210,210,210,0
2022-08-04 10:08:00,210,210,210,210,0
2022-08-04 10:09:00,210,210,210,210,0
2022-08-04 10:10:00,210,210,210,210,0
2022-08-04 10:11:00,210,210,210,210,0
2022-08-04 10:12:00,210,210,210,210,0
2022-08-04 10:13:00,210,210,210,210,0
2022-08-04 10:14:00,210,210,210,210,0
2022-08-04 10:15:00,210,210,210,210,100
2022-08-04 10:16:00,210,210,210,210,0
2022-08-04 10:17:00,210,210,210,210,0
2022-08-04 10:18:00,210,210,210,210,0
2022-08-04 10:19:00,210,210,210,210,0
2022-08-04 10:20:00,210,210,210,210,0
2022-08-04 10:21:00,210,210,210,210,0
2022-08-04 10:22:00,210,210,210,210,0
2022-08-04 10:23:00,210,210,210,210,0
2022-08-04 10:24:00,210,210,210,210,0
2022-08-04 10:25:00,210,210,210,210,0
2022-08-04 10:26:00,210,210,210,210,0
2022-08-04 10:27:00,210,210,210,210,0
2022-08-04 10:28:00,210,210,210,210,0
2022-08-04 10:29:00,210,210,210,210,0
2022-08-04 10:30:00,210,210,210,210,0
2022-08-04 10:31:00,210,210,210,210,0
2022-08-04 10:32:00,210,210,210,210,0
2022-08-04 10:33:00,210,210,210,210,0
2022-08-04 10:34:00,210,210,210,210,0
2022-08-04 10:35:00,210,210,210,210,0
2022-08-04 10:36:00,210,210,210,210,0
2022-08-04 10:37:00,210,210,210,210,0
2022-08-04 10:38:00,210,210,210,210,0
2022-08-04 10:39:00,210,210,210,210,0
2022-08-04 10:40:00,210,210,210,210,0
2022-08-04 10:41:00,210,210,210,210,0
2022-08-04 10:42:00,210,210,210,210,0
2022-08-04 10:43:00,210,210,210,210,0
2022-08-04 10:44:00,210,210,210,210,0
2022-08-04 10:45:00,210,210,210,210,0
2022-08-04 10:46:00,210,210,210,210,0
2022-08-04 10:47:00,210,210,210,210,0
2022-08-04 10:48:00,210,210,210,210,0
2022-08-04 10:49:00,210,210,210,210,0
2022-08-04 10:50:00,210,210,210,210,0
2022-08-04 10:51:00,210,210,210,210,0
2022-08-04 10:52:00,210,210,210,210,0
2022-08-04 10:53:00,210,210,210,210,0
2022-08-04 10:54:00,210,210,210,210,0
2022-08-04 10:55:00,210,210,210,210,0
2022-08-04 10:56:00,210,210,210,210,0
2022-08-04 10:57:00,210,210,210,210,0
2022-08-04 10:58:00,210,210,210,210,0
2022-08-04 10:59:00,210,210,210,210,0
2022-08-04 11:00:00,210,210,210,210,1800
2022-08-04 11:01:00,210,210,210,210,0
2022-08-04 11:02:00,210,210,210,210,0
2022-08-04 11:03:00,210,210,210,210,0
2022-08-04 11:04:00,210,210,210,210,0
2022-08-04 11:05:00,210,210,210,210,0
2022-08-04 11:06:00,210,210,210,210,0
2022-08-04 11:07:00,210,210,210,210,0
2022-08-04 11:08:00,210,210,210,210,0
2022-08-04 11:09:00,210,210,210,210,0
2022-08-04 11:10:00,210,210,210,210,0
2022-08-04 11:11:00,210,210,210,210,0
2022-08-04 11:12:00,210,210,210,210,300
2022-08-04 11:13:00,210,210,210,210,0
2022-08-04 11:14:00,210,210,210,210,0
2022-08-04 11:15:00,210,210,210,210,0
2022-08-04 11:16:00,210,210,210,210,0
2022-08-04 11:17:00,210,210,210,210,0
2022-08-04 11:18:00,210,210,210,210,0
2022-08-04 11:19:00,210,210,210,210,0
2022-08-04 11:20:00,210,210,210,210,0
2022-08-04 11:21:00,210,210,210,210,0
2022-08-04 11:22:00,210,210,210,210,0
2022-08-04 11:23:00,210,210,210,210,0
2022-08-04 11:24:00,210,210,210,210,0
2022-08-04 11:25:00,210,210,210,210,0
2022-08-04 11:26:00,210,210,210,210,0
2022-08-04 11:27:00,210,210,210,210,400
2022-08-04 11:28:00,210,210,210,210,0
2022-08-04 11:29:00,210,210,210,210,0
2022-08-04 11:30:00,210,210,210,210,0
2022-08-04 11:31:00,210,210,210,210,0
2022-08-04 11:32:00,210,210,210,210,0
2022-08-04 11:33:00,210,210,210,210,0
2022-08-04 11:34:00,210,210,210,210,0
2022-08-04 11:35:00,210,210,210,210,0
2022-08-04 11:36:00,210,210,210,210,0
2022-08-04 11:37:00,210,210,210,210,0
2022-08-04 11:38:00,210,210,210,210,0
2022-08-04 11:39:00,210,210,210,210,0
2022-08-04 11:40:00,210,210,210,210,0
2022-08-04 11:41:00,210,210,210,210,0
2022-08-04 11:42:00,210,210,210,210,0
2022-08-04 11:43:00,210,210,210,210,0
2022-08-04 11:44:00,210,210,210,210,0
2022-08-04 11:45:00,210,210,210,210,0
2022-08-04 11:46:00,210,210,210,210,0
2022-08-04 11:47:00,210,210,210,210,0
2022-08-04 11:48:00,210,210,210,210,0
2022-08-04 11:49:00,210,210,210,210,0
2022-08-04 11:50:00,210,210,210,210,0
2022-08-04 11:51:00,210,210,210,210,0
2022-08-04 11:52:00,210,210,210,210,0
2022-08-04 11:53:00,210,210,210,210,0
2022-08-04 11:54:00,210,210,210,210,0
2022-08-04 11:55:00,210,210,210,210,0
2022-08-04 11:56:00,210,210,210,210,0
2022-08-04 11:57:00,210,210,210,210,0
2022-08-04 11:58:00,210,210,210,210,0
2022-08-04 11:59:00,210,210,210,210,0
2022-08-04 12:00:00,210,210,210,210,0
2022-08-04 12:01:00,210,210,210,210,0
2022-08-04 12:02:00,210,210,210,210,0
2022-08-04 12:03:00,210,210,210,210,0
2022-08-04 12:04:00,210,210,210,210,0
2022-08-04 12:05:00,210,210,210,210,0
2022-08-04 12:06:00,210,210,210,210,0
2022-08-04 12:07:00,210,210,210,210,0
2022-08-04 12:08:00,210,210,210,210,0
2022-08-04 12:09:00,210,210,210,210,0
2022-08-04 12:10:00,210,210,210,210,0
2022-08-04 12:11:00,210,210,210,210,0
2022-08-04 12:12:00,210,210,210,210,0
2022-08-04 12:13:00,210,210,210,210,0
2022-08-04 12:14:00,210,210,210,210,0
2022-08-04 12:15:00,210,210,210,210,0
2022-08-04 12:16:00,210,210,210,210,0
2022-08-04 12:17:00,210,210,210,210,0
2022-08-04 12:18:00,210,210,210,210,0
2022-08-04 12:19:00,210,210,210,210,0
2022-08-04 12:20:00,210,210,210,210,0
2022-08-04 12:21:00,210,210,210,210,0
2022-08-04 12:22:00,210,210,210,210,0
2022-08-04 12:23:00,210,210,210,210,0
2022-08-04 12:24:00,210,210,210,210,0
2022-08-04 12:25:00,210,210,210,210,0
2022-08-04 12:26:00,210,210,210,210,0
2022-08-04 12:27:00,210,210,210,210,0
2022-08-04 12:28:00,210,210,210,210,0
2022-08-04 12:29:00,210,210,210,210,0
2022-08-04 12:30:00,210,210,210,210,0
2022-08-04 12:31:00,210,210,210,210,0
2022-08-04 12:32:00,210,210,210,210,0
2022-08-04 12:33:00,210,210,210,210,0
2022-08-04 12:34:00,210,210,210,210,0
2022-08-04 12:35:00,210,210,210,210,0
2022-08-04 12:36:00,210,210,210,210,0
2022-08-04 12:37:00,210,210,210,210,0
2022-08-04 12:38:00,210,210,210,210,0
2022-08-04 12:39:00,210,210,210,210,0
2022-08-04 12:40:00,210,210,210,210,0
2022-08-04 12:41:00,210,210,210,210,0
2022-08-04 12:42:00,210,210,210,210,0
2022-08-04 12:43:00,210,210,210,210,0
2022-08-04 12:44:00,210,210,210,210,0
2022-08-04 12:45:00,210,210,210,210,0
2022-08-04 12:46:00,210,210,210,210,0
2022-08-04 12:47:00,210,210,210,210,0
2022-08-04 12:48:00,210,210,210,210,0
2022-08-04 12:49:00,210,210,210,210,0
2022-08-04 12:50:00,210,210,210,210,0
2022-08-04 12:51:00,210,210,210,210,0
2022-08-04 12:52:00,210,210,210,210,0
2022-08-04 12:53:00,210,210,210,210,0
2022-08-04 12:54:00,210,210,210,210,0
2022-08-04 12:55:00,210,210,210,210,0
2022-08-04 12:56:00,210,210,210,210,0
2022-08-04 12:57:00,210,210,210,210,0
2022-08-04 12:58:00,210,210,210,210,0
2022-08-04 12:59:00,210,210,210,210,0
2022-08-04 13:00:00,210,210,210,210,0
2022-08-04 13:01:00,210,210,210,210,0
2022-08-04 13:02:00,210,210,210,210,0
2022-08-04 13:03:00,210,210,210,210,0
2022-08-04 13:04:00,210,210,210,210,0
2022-08-04 13:05:00,210,210,210,210,0
2022-08-04 13:06:00,210,210,210,210,0
2022-08-04 13:07:00,210,210,210,210,0
2022-08-04 13:08:00,210,210,210,210,0
2022-08-04 13:09:00,210,210,210,210,0
2022-08-04 13:10:00,210,210,210,210,0
2022-08-04 13:11:00,210,210,210,210,0
2022-08-04 13:12:00,210,210,210,210,0
2022-08-04 13:13:00,210,210,210,210,0
2022-08-04 13:14:00,210,210,210,210,0
2022-08-04 13:15:00,210,210,210,210,0
2022-08-04 13:16:00,210,210,210,210,0
2022-08-04 13:17:00,210,210,210,210,0
2022-08-04 13:18:00,210,210,210,210,0
2022-08-04 13:19:00,210,210,210,210,0
2022-08-04 13:20:00,210,210,210,210,0
2022-08-04 13:21:00,210,210,210,210,0
2022-08-04 13:22:00,210,210,210,210,0
2022-08-04 13:23:00,210,210,210,210,0
2022-08-04 13:24:00,210,210,210,210,0
2022-08-04 13:25:00,210,210,210,210,0
2022-08-04 13:26:00,210,210,210,210,0
2022-08-04 13:27:00,210,210,210,210,0
2022-08-04 13:28:00,210,210,210,210,0
2022-08-04 13:29:00,210,210,210,210,0
2022-08-04 13:30:00,210,210,210,210,500
2022-08-04 13:31:00,210,210,210,210,0
2022-08-04 13:32:00,210,210,210,210,0
2022-08-04 13:33:00,210,210,210,210,0
2022-08-04 13:34:00,210,210,210,210,0
2022-08-04 13:35:00,210,210,210,210,400
2022-08-04 13:36:00,210,210,210,210,0
2022-08-04 13:37:00,210,210,210,210,0
2022-08-04 13:38:00,210,210,210,210,0
2022-08-04 13:39:00,210,210,210,210,0
2022-08-04 13:40:00,210,210,210,210,0
2022-08-04 13:41:00,210,210,210,210,0
2022-08-04 13:42:00,210,210,210,210,0
2022-08-04 13:43:00,210,210,210,210,0
2022-08-04 13:44:00,210,210,210,210,0
2022-08-04 13:45:00,210,210,210,210,0
2022-08-04 13:46:00,210,210,210,210,0
2022-08-04 13:47:00,210,210,210,210,0
2022-08-04 13:48:00,210,210,210,210,0
2022-08-04 13:49:00,210,210,210,210,0
2022-08-04 13:50:00,210,210,210,210,0
2022-08-04 13:51:00,210,210,210,210,0
2022-08-04 13:52:00,210,210,210,210,0
2022-08-04 13:53:00,210,210,210,210,0
2022-08-04 13:54:00,210,210,210,210,0
2022-08-04 13:55:00,210,210,210,210,0
2022-08-04 13:56:00,210,210,210,210,0
2022-08-04 13:57:00,210,210,210,210,0
2022-08-04 13:58:00,210,210,210,210,0
2022-08-04 13:59:00,210,210,210,210,0
2022-08-04 14:00:00,218,218,218,218,1200
2022-08-04 14:01:00,220,220,220,220,0
2022-08-04 14:02:00,220,220,220,220,0
2022-08-04 14:03:00,220,220,220,220,0
2022-08-04 14:04:00,220,220,220,220,0
2022-08-04 14:05:00,220,220,220,220,0
2022-08-04 14:06:00,220,220,220,220,0
2022-08-04 14:07:00,220,220,220,220,0
2022-08-04 14:08:00,220,220,220,220,0
2022-08-04 14:09:00,220,220,220,220,0
2022-08-04 14:10:00,220,220,220,220,0
2022-08-04 14:11:00,220,220,220,220,0
2022-08-04 14:12:00,220,220,220,220,0
2022-08-04 14:13:00,220,220,220,220,0
2022-08-04 14:14:00,220,220,220,220,0
2022-08-04 14:15:00,220,220,220,220,0
2022-08-04 14:16:00,220,220,220,220,0
2022-08-04 14:17:00,220,220,220,220,0
2022-08-04 14:18:00,220,220,220,220,0
2022-08-04 14:19:00,220,220,220,220,0
2022-08-04 14:20:00,220,220,220,220,0
2022-08-04 14:21:00,220,220,220,220,0
2022-08-04 14:22:00,220,220,220,220,0
2022-08-04 14:23:00,220,220,220,220,0
2022-08-04 14:24:00,220,220,220,220,0
2022-08-04 14:25:00,220,220,220,220,0
2022-08-04 14:26:00,220,220,220,220,0
2022-08-04 14:27:00,220,220,220,220,0
2022-08-04 14:28:00,220,220,220,220,0
2022-08-04 14:29:00,220,220,220,220,0
2022-08-04 14:30:00,220,220,220,220,0
2022-08-04 14:31:00,220,220,220,220,0
2022-08-04 14:32:00,220,220,220,220,0
2022-08-04 14:33:00,220,220,220,220,0
2022-08-04 14:34:00,220,220,220,220,0
2022-08-04 14:35:00,220,220,220,220,0
2022-08-04 14:36:00,220,220,220,220,0
2022-08-04 14:37:00,220,220,220,220,0
2022-08-04 14:38:00,220,220,220,220,0
2022-08-04 14:39:00,220,220,220,220,0
2022-08-04 14:40:00,220,220,220,220,0
2022-08-04 14:41:00,212,212,212,212,1000
2022-08-04 14:42:00,212,212,212,212,0
2022-08-04 14:43:00,212,212,212,212,0
2022-08-04 14:44:00,212,212,212,212,0
2022-08-04 14:45:00,212,212,212,212,0
2022-08-04 14:46:00,212,212,212,212,0
2022-08-04 14:47:00,212,212,212,212,0
2022-08-04 14:48:00,220,220,220,220,0
2022-08-04 14:49:00,220,220,220,220,0
2022-08-04 14:50:00,220,220,220,220,0
2022-08-04 14:51:00,220,220,220,220,0
2022-08-04 14:52:00,220,220,220,220,0
2022-08-04 14:53:00,220,220,220,220,0
2022-08-04 14:54:00,220,220,220,220,0
2022-08-04 14:55:00,220,220,220,220,0
2022-08-04 14:56:00,220,220,220,220,0
2022-08-04 14:57:00,220,220,220,220,0
2022-08-04 14:58:00,220,220,220,220,0
2022-08-04 14:59:00,220,220,220,220,0
2022-08-04 15:00:00,208,208,208,208,0
2022-08-04 15:01:00,208,208,208,208,0
2022-08-04 15:02:00,208,208,208,208,0
2022-08-04 15:03:00,208,208,208,208,0
2022-08-04 15:04:00,208,208,208,208,0
2022-08-04 15:05:00,208,208,208,208,0
2022-08-04 15:06:00,208,208,208,208,0
2022-08-04 15:07:00,208,208,208,208,0
2022-08-04 15:08:00,208,208,208,208,0
2022-08-04 15:09:00,208,208,208,208,0
2022-08-04 15:10:00,208,208,208,208,0
2022-08-04 15:11:00,208,208,208,208,0
2022-08-04 15:12:00,208,208,208,208,0
2022-08-04 15:13:00,208,208,208,208,0
2022-08-04 15:14:00,208,208,208,208,0
2022-08-04 15:15:00,208,208,208,208,0
2022-08-04 15:16:00,208,208,208,208,0
2022-08-04 15:17:00,208,208,208,208,0
2022-08-04 15:18:00,208,208,208,208,0
2022-08-04 15:19:00,208,208,208,208,0
2022-08-04 15:20:00,208,208,208,208,0
2022-08-04 15:21:00,208,208,208,208,0
2022-08-04 15:22:00,208,208,208,208,0
2022-08-04 15:23:00,208,208,208,208,0
2022-08-04 15:24:00,208,208,208,208,0
2022-08-04 15:25:00,208,208,208,208,0
2022-08-04 15:26:00,208,208,208,208,0
2022-08-04 15:27:00,208,208,208,208,0
2022-08-04 15:28:00,208,208,208,208,0
2022-08-04 15:29:00,208,208,208,208,0
2022-08-04 15:30:00,208,208,208,208,0
2022-08-04 15:31:00,208,208,208,208,0
2022-08-04 15:32:00,208,208,208,208,0
2022-08-04 15:33:00,208,208,208,208,0
2022-08-04 15:34:00,208,208,208,208,0
2022-08-04 15:35:00,208,208,208,208,0
2022-08-04 15:36:00,208,208,208,208,0
2022-08-04 15:37:00,208,208,208,208,0
2022-08-04 15:38:00,208,208,208,208,0
2022-08-04 15:39:00,208,208,208,208,0
2022-08-04 15:40:00,208,208,208,208,0
2022-08-04 15:41:00,208,208,208,208,0
2022-08-04 15:42:00,208,208,208,208,0
2022-08-04 15:43:00,208,208,208,208,0
2022-08-04 15:44:00,208,208,208,208,0
2022-08-04 15:45:00,208,208,208,208,0
2022-08-04 15:46:00,208,208,208,208,0
2022-08-04 15:47:00,208,208,208,208,0
2022-08-04 15:48:00,208,208,208,208,0
2022-08-04 15:49:00,208,208,208,208,0
2022-08-04 15:50:00,208,208,208,208,0
2022-08-04 15:51:00,208,208,208,208,0
2022-08-04 15:52:00,208,208,208,208,0
2022-08-04 15:53:00,208,208,208,208,0
2022-08-04 15:54:00,208,208,208,208,0
2022-08-04 15:55:00,208,208,208,208,0
2022-08-04 15:56:00,208,208,208,208,0
2022-08-04 15:57:00,208,208,208,208,0
2022-08-04 15:58:00,208,208,208,208,0
2022-08-04 15:59:00,208,208,208,208,0
2022-08-05 09:00:00,208,208,208,208,0
2022-08-05 09:01:00,208,208,208,208,0
2022-08-05 09:02:00,208,208,208,208,0
2022-08-05 09:03:00,208,208,208,208,0
2022-08-05 09:04:00,208,208,208,208,0
2022-08-05 09:05:00,208,208,208,208,0
2022-08-05 09:06:00,208,208,208,208,0
2022-08-05 09:07:00,208,208,208,208,0
2022-08-05 09:08:00,208,208,208,208,0
2022-08-05 09:09:00,208,208,208,208,0
2022-08-05 09:10:00,210,210,210,210,200
2022-08-05 09:11:00,210,210,210,210,0
2022-08-05 09:12:00,210,210,210,210,0
2022-08-05 09:13:00,210,210,210,210,0
2022-08-05 09:14:00,210,210,210,210,0
2022-08-05 09:15:00,210,210,210,210,0
2022-08-05 09:16:00,210,210,210,210,0
2022-08-05 09:17:00,210,210,210,210,0
2022-08-05 09:18:00,210,210,210,210,0
2022-08-05 09:19:00,210,210,210,210,0
2022-08-05 09:20:00,210,210,210,210,0
2022-08-05 09:21:00,210,210,210,210,0
2022-08-05 09:22:00,210,210,210,210,0
2022-08-05 09:23:00,210,210,210,210,0
2022-08-05 09:24:00,210,210,210,210,0
2022-08-05 09:25:00,210,210,210,210,0
2022-08-05 09:26:00,210,210,210,210,0
2022-08-05 09:27:00,210,210,210,210,0
2022-08-05 09:28:00,210,210,210,210,0
2022-08-05 09:29:00,210,210,210,210,0
2022-08-05 09:30:00,210,210,210,210,0
2022-08-05 09:31:00,210,210,210,210,0
2022-08-05 09:32:00,210,210,210,210,0
2022-08-05 09:33:00,210,210,210,210,0
2022-08-05 09:34:00,210,210,210,210,0
2022-08-05 09:35:00,210,210,210,210,0
2022-08-05 09:36:00,210,210,210,210,0
2022-08-05 09:37:00,210,210,210,210,0
2022-08-05 09:38:00,210,210,210,210,0
2022-08-05 09:39:00,210,210,210,210,0
2022-08-05 09:40:00,210,210,210,210,0
2022-08-05 09:41:00,210,210,210,210,0
2022-08-05 09:42:00,210,210,210,210,0
2022-08-05 09:43:00,210,210,210,210,0
2022-08-05 09:44:00,210,210,210,210,0
2022-08-05 09:45:00,210,210,210,210,0
2022-08-05 09:46:00,210,210,210,210,0
2022-08-05 09:47:00,210,210,210,210,0
2022-08-05 09:48:00,210,210,210,210,0
2022-08-05 09:49:00,210,210,210,210,0
2022-08-05 09:50:00,210,210,210,210,0
2022-08-05 09:51:00,210,210,210,210,0
2022-08-05 09:52:00,210,210,210,210,0
2022-08-05 09:53:00,210,210,210,210,0
2022-08-05 09:54:00,210,210,210,210,0
2022-08-05 09:55:00,210,210,210,210,0
2022-08-05 09:56:00,210,210,210,210,0
2022-08-05 09:57:00,210,210,210,210,0
2022-08-05 09:58:00,208,208,208,208,1600
2022-08-05 09:59:00,208,208,208,208,0
2022-08-05 10:00:00,208,208,208,208,0
2022-08-05 10:01:00,208,208,208,208,0
2022-08-05 10:02:00,206,206,206,206,0
2022-08-05 10:03:00,206,206,206,206,0
2022-08-05 10:04:00,206,206,206,206,0
2022-08-05 10:05:00,206,206,206,206,0
2022-08-05 10:06:00,206,206,206,206,0
2022-08-05 10:07:00,206,206,206,206,0
2022-08-05 10:08:00,206,206,206,206,0
2022-08-05 10:09:00,206,206,206,206,0
2022-08-05 10:10:00,206,206,206,206,0
2022-08-05 10:11:00,206,206,206,206,0
2022-08-05 10:12:00,206,206,206,206,0
2022-08-05 10:13:00,206,206,206,206,0
2022-08-05 10:14:00,206,206,206,206,0
2022-08-05 10:15:00,206,206,206,206,0
2022-08-05 10:16:00,206,206,206,206,0
2022-08-05 10:17:00,206,206,206,206,0
2022-08-05 10:18:00,206,206,206,206,1300
2022-08-05 10:19:00,206,206,206,206,0
2022-08-05 10:20:00,206,206,206,206,0
2022-08-05 10:21:00,206,206,206,206,0
2022-08-05 10:22:00,206,206,206,206,0
2022-08-05 10:23:00,206,206,206,206,0
2022-08-05 10:24:00,206,206,206,206,0
2022-08-05 10:25:00,206,206,206,206,0
2022-08-05 10:26:00,206,206,206,206,0
2022-08-05 10:27:00,206,206,206,206,0
2022-08-05 10:28:00,206,206,206,206,0
2022-08-05 10:29:00,206,206,206,206,0
2022-08-05 10:30:00,206,206,206,206,0
2022-08-05 10:31:00,206,206,206,206,0
2022-08-05 10:32:00,206,206,206,206,0
2022-08-05 10:33:00,206,206,206,206,0
2022-08-05 10:34:00,206,206,206,206,0
2022-08-05 10:35:00,206,206,206,206,0
2022-08-05 10:36:00,206,206,206,206,0
2022-08-05 10:37:00,206,206,206,206,0
2022-08-05 10:38:00,206,206,206,206,0
2022-08-05 10:39:00,206,206,206,206,0
2022-08-05 10:40:00,206,206,206,206,0
2022-08-05 10:41:00,206,206,206,206,0
2022-08-05 10:42:00,206,206,206,206,0
2022-08-05 10:43:00,206,206,206,206,0
2022-08-05 10:44:00,206,206,206,206,0
2022-08-05 10:45:00,206,206,206,206,0
2022-08-05 10:46:00,206,206,206,206,0
2022-08-05 10:47:00,206,206,206,206,0
2022-08-05 10:48:00,206,206,206,206,0
2022-08-05 10:49:00,206,206,206,206,0
2022-08-05 10:50:00,206,206,206,206,0
2022-08-05 10:51:00,206,206,206,206,0
2022-08-05 10:52:00,206,206,206,206,0
2022-08-05 10:53:00,206,206,206,206,0
2022-08-05 10:54:00,206,206,206,206,0
2022-08-05 10:55:00,206,206,206,206,0
2022-08-05 10:56:00,206,206,206,206,0
2022-08-05 10:57:00,206,206,206,206,0
2022-08-05 10:58:00,206,206,206,206,0
2022-08-05 10:59:00,206,206,206,206,0
2022-08-05 11:00:00,206,206,206,206,0
2022-08-05 11:01:00,206,206,206,206,0
2022-08-05 11:02:00,206,206,206,206,0
2022-08-05 11:03:00,206,206,206,206,0
2022-08-05 11:04:00,206,206,206,206,0
2022-08-05 11:05:00,206,206,206,206,0
2022-08-05 11:06:00,206,206,206,206,0
2022-08-05 11:07:00,206,206,206,206,0
2022-08-05 11:08:00,206,206,206,206,0
2022-08-05 11:09:00,206,206,206,206,0
2022-08-05 11:10:00,206,206,206,206,0
2022-08-05 11:11:00,206,206,206,206,0
2022-08-05 11:12:00,206,206,206,206,0
2022-08-05 11:13:00,206,206,206,206,0
2022-08-05 11:14:00,206,206,206,206,0
2022-08-05 11:15:00,206,206,206,206,0
2022-08-05 11:16:00,206,206,206,206,0
2022-08-05 11:17:00,206,206,206,206,0
2022-08-05 11:18:00,206,206,206,206,0
2022-08-05 11:19:00,206,206,206,206,0
2022-08-05 11:20:00,206,206,206,206,0
2022-08-05 11:21:00,206,206,206,206,0
2022-08-05 11:22:00,206,206,206,206,0
2022-08-05 11:23:00,206,206,206,206,0
2022-08-05 11:24:00,206,206,206,206,0
2022-08-05 11:25:00,206,206,206,206,0
2022-08-05 11:26:00,206,206,206,206,0
2022-08-05 11:27:00,206,206,206,206,0
2022-08-05 11:28:00,206,206,206,206,0
2022-08-05 11:29:00,206,206,206,206,0
2022-08-05 11:30:00,206,206,206,206,0
2022-08-05 11:31:00,206,206,206,206,0
2022-08-05 11:32:00,206,206,206,206,0
2022-08-05 11:33:00,206,206,206,206,0
2022-08-05 11:34:00,206,206,206,206,0
2022-08-05 11:35:00,206,206,206,206,0
2022-08-05 11:36:00,206,206,206,206,0
2022-08-05 11:37:00,206,206,206,206,0
2022-08-05 11:38:00,206,206,206,206,0
2022-08-05 11:39:00,206,206,206,206,0
2022-08-05 11:40:00,206,206,206,206,0
2022-08-05 11:41:00,206,206,206,206,0
2022-08-05 11:42:00,206,206,206,206,0
2022-08-05 11:43:00,206,206,206,206,0
2022-08-05 11:44:00,206,206,206,206,0
2022-08-05 11:45:00,206,206,206,206,0
2022-08-05 11:46:00,206,206,206,206,0
2022-08-05 11:47:00,206,206,206,206,0
2022-08-05 11:48:00,206,206,206,206,0
2022-08-05 11:49:00,206,206,206,206,0
2022-08-05 11:50:00,206,206,206,206,0
2022-08-05 11:51:00,206,206,206,206,0
2022-08-05 11:52:00,206,206,206,206,0
2022-08-05 11:53:00,206,206,206,206,0
2022-08-05 11:54:00,206,206,206,206,0
2022-08-05 11:55:00,206,206,206,206,0
2022-08-05 11:56:00,206,206,206,206,0
2022-08-05 11:57:00,206,206,206,206,0
2022-08-05 11:58:00,206,206,206,206,0
2022-08-05 11:59:00,206,206,206,206,0
2022-08-05 12:00:00,206,206,206,206,0
2022-08-05 12:01:00,206,206,206,206,0
2022-08-05 12:02:00,206,206,206,206,0
2022-08-05 12:03:00,206,206,206,206,0
2022-08-05 12:04:00,206,206,206,206,0
2022-08-05 12:05:00,206,206,206,206,0
2022-08-05 12:06:00,206,206,206,206,0
2022-08-05 12:07:00,206,206,206,206,0
2022-08-05 12:08:00,206,206,206,206,0
2022-08-05 12:09:00,206,206,206,206,0
2022-08-05 12:10:00,206,206,206,206,0
2022-08-05 12:11:00,206,206,206,206,0
2022-08-05 12:12:00,206,206,206,206,0
2022-08-05 12:13:00,206,206,206,206,0
2022-08-05 12:14:00,206,206,206,206,0
2022-08-05 12:15:00,206,206,206,206,0
2022-08-05 12:16:00,206,206,206,206,0
2022-08-05 12:17:00,206,206,206,206,0
2022-08-05 12:18:00,206,206,206,206,0
2022-08-05 12:19:00,206,206,206,206,0
2022-08-05 12:20:00,206,206,206,206,0
2022-08-05 12:21:00,206,206,206,206,0
2022-08-05 12:22:00,206,206,206,206,0
2022-08-05 12:23:00,206,206,206,206,0
2022-08-05 12:24:00,206,206,206,206,0
2022-08-05 12:25:00,206,206,206,206,0
2022-08-05 12:26:00,206,206,206,206,0
2022-08-05 12:27:00,206,206,206,206,0
2022-08-05 12:28:00,206,206,206,206,0
2022-08-05 12:29:00,206,206,206,206,0
2022-08-05 12:30:00,206,206,206,206,0
2022-08-05 12:31:00,206,206,206,206,0
2022-08-05 12:32:00,206,206,206,206,0
2022-08-05 12:33:00,206,206,206,206,0
2022-08-05 12:34:00,206,206,206,206,0
2022-08-05 12:35:00,206,206,206,206,0
2022-08-05 12:36:00,206,206,206,206,0
2022-08-05 12:37:00,206,206,206,206,0
2022-08-05 12:38:00,206,206,206,206,0
2022-08-05 12:39:00,206,206,206,206,0
2022-08-05 12:40:00,206,206,206,206,0
2022-08-05 12:41:00,206,206,206,206,0
2022-08-05 12:42:00,206,206,206,206,0
2022-08-05 12:43:00,206,206,206,206,0
2022-08-05 12:44:00,206,206,206,206,0
2022-08-05 12:45:00,206,206,206,206,0
2022-08-05 12:46:00,206,206,206,206,0
2022-08-05 12:47:00,206,206,206,206,0
2022-08-05 12:48:00,206,206,206,206,0
2022-08-05 12:49:00,206,206,206,206,0
2022-08-05 12:50:00,206,206,206,206,0
2022-08-05 12:51:00,206,206,206,206,0
2022-08-05 12:52:00,206,206,206,206,0
2022-08-05 12:53:00,206,206,206,206,0
2022-08-05 12:54:00,206,206,206,206,0
2022-08-05 12:55:00,206,206,206,206,0
2022-08-05 12:56:00,206,206,206,206,0
2022-08-05 12:57:00,206,206,206,206,0
2022-08-05 12:58:00,206,206,206,206,0
2022-08-05 12:59:00,206,206,206,206,0
2022-08-05 13:00:00,206,206,206,206,0
2022-08-05 13:01:00,206,206,206,206,0
2022-08-05 13:02:00,206,206,206,206,0
2022-08-05 13:03:00,206,206,206,206,0
2022-08-05 13:04:00,206,206,206,206,0
2022-08-05 13:05:00,206,206,206,206,0
2022-08-05 13:06:00,206,206,206,206,0
2022-08-05 13:07:00,206,206,206,206,0
2022-08-05 13:08:00,206,206,206,206,0
2022-08-05 13:09:00,206,206,206,206,0
2022-08-05 13:10:00,206,206,206,206,0
2022-08-05 13:11:00,206,206,206,206,0
2022-08-05 13:12:00,206,206,206,206,0
2022-08-05 13:13:00,206,206,206,206,0
2022-08-05 13:14:00,206,206,206,206,0
2022-08-05 13:15:00,206,206,206,206,0
2022-08-05 13:16:00,206,206,206,206,0
2022-08-05 13:17:00,206,206,206,206,0
2022-08-05 13:18:00,206,206,206,206,0
2022-08-05 13:19:00,206,206,206,206,0
2022-08-05 13:20:00,206,206,206,206,0
2022-08-05 13:21:00,206,206,206,206,0
2022-08-05 13:22:00,206,206,206,206,0
2022-08-05 13:23:00,206,206,206,206,0
2022-08-05 13:24:00,206,206,206,206,0
2022-08-05 13:25:00,206,206,206,206,0
2022-08-05 13:26:00,206,206,206,206,0
2022-08-05 13:27:00,206,206,206,206,0
2022-08-05 13:28:00,206,206,206,206,0
2022-08-05 13:29:00,206,206,206,206,0
2022-08-05 13:30:00,206,206,206,206,0
2022-08-05 13:31:00,206,206,206,206,0
2022-08-05 13:32:00,206,206,206,206,0
2022-08-05 13:33:00,206,206,206,206,700
2022-08-05 13:34:00,206,206,206,206,0
2022-08-05 13:35:00,206,206,206,206,0
2022-08-05 13:36:00,206,206,206,206,0
2022-08-05 13:37:00,206,206,206,206,0
2022-08-05 13:38:00,206,206,206,206,0
2022-08-05 13:39:00,206,206,206,206,0
2022-08-05 13:40:00,206,206,206,206,0
2022-08-05 13:41:00,206,206,206,206,0
2022-08-05 13:42:00,206,206,206,206,0
2022-08-05 13:43:00,206,206,206,206,0
2022-08-05 13:44:00,206,206,206,206,100
2022-08-05 13:45:00,206,206,206,206,0
2022-08-05 13:46:00,206,206,206,206,0
2022-08-05 13:47:00,206,206,206,206,0
2022-08-05 13:48:00,206,206,206,206,0
2022-08-05 13:49:00,206,206,206,206,0
2022-08-05 13:50:00,206,206,206,206,0
2022-08-05 13:51:00,206,206,206,206,0
2022-08-05 13:52:00,206,206,206,206,0
2022-08-05 13:53:00,206,206,206,206,0
2022-08-05 13:54:00,206,206,206,206,0
2022-08-05 13:55:00,206,206,206,206,0
2022-08-05 13:56:00,206,206,206,206,0
2022-08-05 13:57:00,206,206,206,206,0
2022-08-05 13:58:00,206,206,206,206,0
2022-08-05 13:59:00,206,206,206,206,1000
2022-08-05 14:00:00,206,206,206,206,200
2022-08-05 14:01:00,206,206,206,206,0
2022-08-05 14:02:00,206,206,206,206,0
2022-08-05 14:03:00,206,206,206,206,0
2022-08-05 14:04:00,206,206,206,206,0
2022-08-05 14:05:00,206,206,206,206,0
2022-08-05 14:06:00,206,206,206,206,0
2022-08-05 14:07:00,206,206,206,206,0
2022-08-05 14:08:00,206,206,206,206,0
2022-08-05 14:09:00,206,206,206,206,0
2022-08-05 14:10:00,206,206,206,206,0
2022-08-05 14:11:00,206,206,206,206,0
2022-08-05 14:12:00,206,206,206,206,0
2022-08-05 14:13:00,206,206,206,206,0
2022-08-05 14:14:00,206,206,206,206,0
2022-08-05 14:15:00,206,206,206,206,0
2022-08-05 14:16:00,206,206,206,206,0
2022-08-05 14:17:00,206,206,206,206,0
2022-08-05 14:18:00,206,206,206,206,0
2022-08-05 14:19:00,206,206,206,206,0
2022-08-05 14:20:00,206,206,206,206,35000
2022-08-05 14:21:00,206,206,206,206,0
2022-08-05 14:22:00,206,206,206,206,0
2022-08-05 14:23:00,206,206,206,206,0
2022-08-05 14:24:00,206,206,206,206,0
2022-08-05 14:25:00,206,206,206,206,0
2022-08-05 14:26:00,206,206,206,206,0
2022-08-05 14:27:00,206,206,206,206,1000
2022-08-05 14:28:00,206,206,206,206,0
2022-08-05 14:29:00,206,206,206,206,0
2022-08-05 14:30:00,206,206,206,206,0
2022-08-05 14:31:00,206,206,206,206,0
2022-08-05 14:32:00,206,206,206,206,0
2022-08-05 14:33:00,206,206,206,206,0
2022-08-05 14:34:00,206,206,206,206,0
2022-08-05 14:35:00,206,206,206,206,0
2022-08-05 14:36:00,206,206,206,206,0
2022-08-05 14:37:00,206,206,206,206,0
2022-08-05 14:38:00,206,206,206,206,0
2022-08-05 14:39:00,206,206,206,206,0
2022-08-05 14:40:00,206,206,206,206,0
2022-08-05 14:41:00,206,206,206,206,0
2022-08-05 14:42:00,206,206,206,206,0
2022-08-05 14:43:00,206,206,206,206,0
2022-08-05 14:44:00,206,206,206,206,0
2022-08-05 14:45:00,206,206,206,206,0
2022-08-05 14:46:00,206,206,206,206,0
2022-08-05 14:47:00,206,206,206,206,0
2022-08-05 14:48:00,206,206,206,206,0
2022-08-05 14:49:00,206,206,206,206,0
2022-08-05 14:50:00,206,206,206,206,0
2022-08-05 14:51:00,206,206,206,206,0
2022-08-05 14:52:00,206,206,206,206,0
2022-08-05 14:53:00,206,206,206,206,0
2022-08-05 14:54:00,206,206,206,206,0
2022-08-05 14:55:00,206,206,206,206,0
2022-08-05 14:56:00,206,206,206,206,0
2022-08-05 14:57:00,206,206,206,206,0
2022-08-05 14:58:00,206,206,206,206,0
2022-08-05 14:59:00,206,206,206,206,0
2022-08-05 15:00:00,200,200,200,200,3500
2022-08-05 15:01:00,200,200,200,200,0
2022-08-05 15:02:00,200,200,200,200,0
2022-08-05 15:03:00,200,200,200,200,0
2022-08-05 15:04:00,200,200,200,200,0
2022-08-05 15:05:00,200,200,200,200,0
2022-08-05 15:06:00,200,200,200,200,0
2022-08-05 15:07:00,200,200,200,200,0
2022-08-05 15:08:00,200,200,200,200,0
2022-08-05 15:09:00,200,200,200,200,0
2022-08-05 15:10:00,200,200,200,200,0
2022-08-05 15:11:00,200,200,200,200,0
2022-08-05 15:12:00,200,200,200,200,0
2022-08-05 15:13:00,200,200,200,200,0
2022-08-05 15:14:00,200,200,200,200,0
2022-08-05 15:15:00,200,200,200,200,0
2022-08-05 15:16:00,200,200,200,200,0
2022-08-05 15:17:00,200,200,200,200,0
2022-08-05 15:18:00,200,200,200,200,0
2022-08-05 15:19:00,200,200,200,200,0
2022-08-05 15:20:00,200,200,200,200,0
2022-08-05 15:21:00,200,200,200,200,0
2022-08-05 15:22:00,200,200,200,200,0
2022-08-05 15:23:00,200,200,200,200,0
2022-08-05 15:24:00,200,200,200,200,0
2022-08-05 15:25:00,200,200,200,200,0
2022-08-05 15:26:00,200,200,200,200,0
2022-08-05 15:27:00,200,200,200,200,0
2022-08-05 15:28:00,200,200,200,200,0
2022-08-05 15:29:00,200,200,200,200,0
2022-08-05 15:30:00,200,200,200,200,0
2022-08-05 15:31:00,200,200,200,200,0
2022-08-05 15:32:00,200,200,200,200,0
2022-08-05 15:33:00,200,200,200,200,0
2022-08-05 15:34:00,200,200,200,200,0
2022-08-05 15:35:00,200,200,200,200,0
2022-08-05 15:36:00,200,200,200,200,0
2022-08-05 15:37:00,200,200,200,200,0
2022-08-05 15:38:00,200,200,200,200,0
2022-08-05 15:39:00,200,200,200,200,0
2022-08-05 15:40:00,200,200,200,200,0
2022-08-05 15:41:00,200,200,200,200,0
2022-08-05 15:42:00,200,200,200,200,0
2022-08-05 15:43:00,200,200,200,200,0
2022-08-05 15:44:00,200,200,200,200,0
2022-08-05 15:45:00,200,200,200,200,0
2022-08-05 15:46:00,200,200,200,200,0
2022-08-05 15:47:00,200,200,200,200,0
2022-08-05 15:48:00,200,200,200,200,0
2022-08-05 15:49:00,200,200,200,200,0
2022-08-05 15:50:00,200,200,200,200,0
2022-08-05 15:51:00,200,200,200,200,0
2022-08-05 15:52:00,200,200,200,200,0
2022-08-05 15:53:00,200,200,200,200,0
2022-08-05 15:54:00,200,200,200,200,0
2022-08-05 15:55:00,200,200,200,200,0
2022-08-05 15:56:00,200,200,200,200,0
2022-08-05 15:57:00,200,200,200,200,0
2022-08-05 15:58:00,200,200,200,200,0
2022-08-05 15:59:00,200,200,200,200,0
2022-08-08 09:00:00,200,200,200,200,0
2022-08-08 09:01:00,200,200,200,200,0
2022-08-08 09:02:00,200,200,200,200,0
2022-08-08 09:03:00,200,200,200,200,0
2022-08-08 09:04:00,200,200,200,200,0
2022-08-08 09:05:00,200,200,200,200,0
2022-08-08 09:06:00,200,200,200,200,0
2022-08-08 09:07:00,200,200,200,200,0
2022-08-08 09:08:00,200,200,200,200,0
2022-08-08 09:09:00,200,200,200,200,0
2022-08-08 09:10:00,200,200,200,200,0
2022-08-08 09:11:00,200,200,200,200,0
2022-08-08 09:12:00,200,200,200,200,0
2022-08-08 09:13:00,200,200,200,200,0
2022-08-08 09:14:00,200,200,200,200,0
2022-08-08 09:15:00,200,200,200,200,0
2022-08-08 09:16:00,200,200,200,200,0
2022-08-08 09:17:00,200,200,200,200,0
2022-08-08 09:18:00,200,200,200,200,0
2022-08-08 09:19:00,200,200,200,200,0
2022-08-08 09:20:00,200,200,200,200,0
2022-08-08 09:21:00,200,200,200,200,0
2022-08-08 09:22:00,200,200,200,200,0
2022-08-08 09:23:00,200,200,200,200,0
2022-08-08 09:24:00,200,200,200,200,0
2022-08-08 09:25:00,200,200,200,200,0
2022-08-08 09:26:00,200,200,200,200,0
2022-08-08 09:27:00,200,200,200,200,0
2022-08-08 09:28:00,200,200,200,200,0
2022-08-08 09:29:00,200,200,200,200,0
2022-08-08 09:30:00,200,200,200,200,0
2022-08-08 09:31:00,200,200,200,200,0
2022-08-08 09:32:00,200,200,200,200,0
2022-08-08 09:33:00,200,200,200,200,0
2022-08-08 09:34:00,200,200,200,200,0
2022-08-08 09:35:00,200,200,200,200,0
2022-08-08 09:36:00,200,200,200,200,0
2022-08-08 09:37:00,200,200,200,200,0
2022-08-08 09:38:00,200,200,200,200,0
2022-08-08 09:39:00,200,200,200,200,0
2022-08-08 09:40:00,200,200,200,200,0
2022-08-08 09:41:00,200,200,200,200,0
2022-08-08 09:42:00,200,200,200,200,0
2022-08-08 09:43:00,200,200,200,200,0
2022-08-08 09:44:00,200,200,200,200,0
2022-08-08 09:45:00,200,200,200,200,0
2022-08-08 09:46:00,200,200,200,200,0
2022-08-08 09:47:00,200,200,200,200,0
2022-08-08 09:48:00,200,200,200,200,0
2022-08-08 09:49:00,200,200,200,200,0
2022-08-08 09:50:00,200,200,200,200,0
2022-08-08 09:51:00,200,200,200,200,0
2022-08-08 09:52:00,200,200,200,200,0
2022-08-08 09:53:00,200,200,200,200,0
2022-08-08 09:54:00,200,200,200,200,0
2022-08-08 09:55:00,200,200,200,200,0
2022-08-08 09:56:00,200,200,200,200,0
2022-08-08 09:57:00,200,200,200,200,0
2022-08-08 09:58:00,200,200,200,200,0
2022-08-08 09:59:00,200,200,200,200,0
2022-08-08 10:00:00,200,200,200,200,0
2022-08-08 10:01:00,200,200,200,200,0
2022-08-08 10:02:00,200,200,200,200,0
2022-08-08 10:03:00,200,200,200,200,0
2022-08-08 10:04:00,200,200,200,200,0
2022-08-08 10:05:00,200,200,200,200,0
2022-08-08 10:06:00,195,195,195,195,1700
2022-08-08 10:07:00,195,195,195,195,0
2022-08-08 10:08:00,195,195,195,195,0
2022-08-08 10:09:00,195,195,195,195,0
2022-08-08 10:10:00,195,195,195,195,0
2022-08-08 10:11:00,195,195,195,195,0
2022-08-08 10:12:00,195,195,195,195,100
2022-08-08 10:13:00,195,195,195,195,0
2022-08-08 10:14:00,195,195,195,195,0
2022-08-08 10:15:00,195,195,195,195,0
2022-08-08 10:16:00,195,195,195,195,0
2022-08-08 10:17:00,195,195,195,195,0
2022-08-08 10:18:00,195,195,195,195,0
2022-08-08 10:19:00,195,195,195,195,0
2022-08-08 10:20:00,195,195,195,195,0
2022-08-08 10:21:00,195,195,195,195,0
2022-08-08 10:22:00,195,195,195,195,0
2022-08-08 10:23:00,195,195,195,195,2400
2022-08-08 10:24:00,195,195,195,195,0
2022-08-08 10:25:00,195,195,195,195,0
2022-08-08 10:26:00,195,195,195,195,0
2022-08-08 10:27:00,195,195,195,195,0
2022-08-08 10:28:00,195,195,195,195,0
2022-08-08 10:29:00,195,195,195,195,0
2022-08-08 10:30:00,195,195,195,195,0
2022-08-08 10:31:00,195,195,195,195,0
2022-08-08 10:32:00,195,195,195,195,0
2022-08-08 10:33:00,195,195,195,195,0
2022-08-08 10:34:00,195,195,195,195,0
2022-08-08 10:35:00,195,195,195,195,0
2022-08-08 10:36:00,195,195,195,195,0
2022-08-08 10:37:00,195,195,195,195,0
2022-08-08 10:38:00,195,195,195,195,0
2022-08-08 10:39:00,195,195,195,195,0
2022-08-08 10:40:00,195,195,195,195,0
2022-08-08 10:41:00,195,195,195,195,0
2022-08-08 10:42:00,195,195,195,195,0
2022-08-08 10:43:00,195,195,195,195,0
2022-08-08 10:44:00,195,195,195,195,0
2022-08-08 10:45:00,195,195,195,195,0
2022-08-08 10:46:00,195,195,195,195,0
2022-08-08 10:47:00,195,195,195,195,0
2022-08-08 10:48:00,195,195,195,195,0
2022-08-08 10:49:00,195,195,195,195,0
2022-08-08 10:50:00,195,195,195,195,0
2022-08-08 10:51:00,195,195,195,195,0
2022-08-08 10:52:00,195,195,195,195,0
2022-08-08 10:53:00,195,195,195,195,0
2022-08-08 10:54:00,195,195,195,195,0
2022-08-08 10:55:00,195,195,195,195,0
2022-08-08 10:56:00,195,195,195,195,0
2022-08-08 10:57:00,195,195,195,195,0
2022-08-08 10:58:00,195,195,195,195,0
2022-08-08 10:59:00,195,195,195,195,0
2022-08-08 11:00:00,195,195,195,195,0
2022-08-08 11:01:00,195,195,195,195,0
2022-08-08 11:02:00,195,195,195,195,0
2022-08-08 11:03:00,197,195,197,195,1400
2022-08-08 11:04:00,197,195,197,195,0
2022-08-08 11:05:00,197,195,197,195,0
2022-08-08 11:06:00,197,195,197,195,0
2022-08-08 11:07:00,197,195,197,195,0
2022-08-08 11:08:00,197,195,197,195,0
2022-08-08 11:09:00,197,195,197,195,0
2022-08-08 11:10:00,197,195,197,195,0
2022-08-08 11:11:00,197,195,197,195,0
2022-08-08 11:12:00,197,195,197,195,0
2022-08-08 11:13:00,197,195,197,195,0
2022-08-08 11:14:00,197,195,197,195,0
2022-08-08 11:15:00,197,195,197,195,0
2022-08-08 11:16:00,197,195,197,195,0
2022-08-08 11:17:00,197,195,197,195,0
2022-08-08 11:18:00,197,195,197,195,0
2022-08-08 11:19:00,197,195,197,195,0
2022-08-08 11:20:00,197,195,197,195,0
2022-08-08 11:21:00,197,195,197,195,0
2022-08-08 11:22:00,197,195,197,195,0
2022-08-08 11:23:00,197,195,197,195,0
2022-08-08 11:24:00,197,195,197,195,0
2022-08-08 11:25:00,197,195,197,195,0
2022-08-08 11:26:00,197,195,197,195,0
2022-08-08 11:27:00,197,195,197,195,0
2022-08-08 11:28:00,197,195,197,195,0
2022-08-08 11:29:00,197,195,197,195,0
2022-08-08 11:30:00,197,195,197,195,0
2022-08-08 11:31:00,197,195,197,195,0
2022-08-08 11:32:00,197,195,197,195,0
2022-08-08 11:33:00,197,195,197,195,0
2022-08-08 11:34:00,197,195,197,195,0
2022-08-08 11:35:00,197,195,197,195,0
2022-08-08 11:36:00,197,195,197,195,0
2022-08-08 11:37:00,197,195,197,195,0
2022-08-08 11:38:00,197,195,197,195,0
2022-08-08 11:39:00,197,195,197,195,0
2022-08-08 11:40:00,197,195,197,195,0
2022-08-08 11:41:00,197,195,197,195,0
2022-08-08 11:42:00,197,195,197,195,0
2022-08-08 11:43:00,197,195,197,195,0
2022-08-08 11:44:00,197,195,197,195,0
2022-08-08 11:45:00,197,195,197,195,0
2022-08-08 11:46:00,197,195,197,195,0
2022-08-08 11:47:00,197,195,197,195,0
2022-08-08 11:48:00,197,195,197,195,0
2022-08-08 11:49:00,197,195,197,195,0
2022-08-08 11:50:00,197,195,197,195,0
2022-08-08 11:51:00,197,195,197,195,0
2022-08-08 11:52:00,197,195,197,195,0
2022-08-08 11:53:00,197,195,197,195,0
2022-08-08 11:54:00,197,195,197,195,0
2022-08-08 11:55:00,197,195,197,195,0
2022-08-08 11:56:00,197,195,197,195,0
2022-08-08 11:57:00,197,195,197,195,0
2022-08-08 11:58:00,197,195,197,195,0
2022-08-08 11:59:00,197,195,197,195,0
2022-08-08 12:00:00,197,195,197,195,0
2022-08-08 12:01:00,197,195,197,195,0
2022-08-08 12:02:00,197,195,197,195,0
2022-08-08 12:03:00,197,195,197,195,0
2022-08-08 12:04:00,197,195,197,195,0
2022-08-08 12:05:00,197,195,197,195,0
2022-08-08 12:06:00,197,195,197,195,0
2022-08-08 12:07:00,197,195,197,195,0
2022-08-08 12:08:00,197,195,197,195,0
2022-08-08 12:09:00,197,195,197,195,0
2022-08-08 12:10:00,197,195,197,195,0
2022-08-08 12:11:00,197,195,197,195,0
2022-08-08 12:12:00,197,195,197,195,0
2022-08-08 12:13:00,197,195,197,195,0
2022-08-08 12:14:00,197,195,197,195,0
2022-08-08 12:15:00,197,195,197,195,0
2022-08-08 12:16:00,197,195,197,195,0
2022-08-08 12:17:00,197,195,197,195,0
2022-08-08 12:18:00,197,195,197,195,0
2022-08-08 12:19:00,197,195,197,195,0
2022-08-08 12:20:00,197,195,197,195,0
2022-08-08 12:21:00,197,195,197,195,0
2022-08-08 12:22:00,197,195,197,195,0
2022-08-08 12:23:00,197,195,197,195,0
2022-08-08 12:24:00,197,195,197,195,0
2022-08-08 12:25:00,197,195,197,195,0
2022-08-08 12:26:00,197,195,197,195,0
2022-08-08 12:27:00,197,195,197,195,0
2022-08-08 12:28:00,197,195,197,195,0
2022-08-08 12:29:00,197,195,197,195,0
2022-08-08 12:30:00,197,195,197,195,0
2022-08-08 12:31:00,197,195,197,195,0
2022-08-08 12:32:00,197,195,197,195,0
2022-08-08 12:33:00,197,195,197,195,0
2022-08-08 12:34:00,197,195,197,195,0
2022-08-08 12:35:00,197,195,197,195,0
2022-08-08 12:36:00,197,195,197,195,0
2022-08-08 12:37:00,197,195,197,195,0
2022-08-08 12:38:00,197,195,197,195,0
2022-08-08 12:39:00,197,195,197,195,0
2022-08-08 12:40:00,197,195,197,195,0
2022-08-08 12:41:00,197,195,197,195,0
2022-08-08 12:42:00,197,195,197,195,0
2022-08-08 12:43:00,197,195,197,195,0
2022-08-08 12:44:00,197,195,197,195,0
2022-08-08 12:45:00,197,195,197,195,0
2022-08-08 12:46:00,197,195,197,195,0
2022-08-08 12:47:00,197,195,197,195,0
2022-08-08 12:48:00,197,195,197,195,0
2022-08-08 12:49:00,197,195,197,195,0
2022-08-08 12:50:00,197,195,197,195,0
2022-08-08 12:51:00,197,195,197,195,0
2022-08-08 12:52:00,197,195,197,195,0
2022-08-08 12:53:00,197,195,197,195,0
2022-08-08 12:54:00,197,195,197,195,0
2022-08-08 12:55:00,197,195,197,195,0
2022-08-08 12:56:00,197,195,197,195,0
2022-08-08 12:57:00,197,195,197,195,0
2022-08-08 12:58:00,197,195,197,195,0
2022-08-08 12:59:00,197,195,197,195,0
2022-08-08 13:00:00,197,195,197,195,0
2022-08-08 13:01:00,197,195,197,195,0
2022-08-08 13:02:00,197,195,197,195,0
2022-08-08 13:03:00,197,195,197,195,0
2022-08-08 13:04:00,197,195,197,195,0
2022-08-08 13:05:00,197,195,197,195,0
2022-08-08 13:06:00,197,195,197,195,0
2022-08-08 13:07:00,197,195,197,195,0
2022-08-08 13:08:00,197,195,197,195,0
2022-08-08 13:09:00,197,195,197,195,0
2022-08-08 13:10:00,197,195,197,195,0
2022-08-08 13:11:00,197,195,197,195,0
2022-08-08 13:12:00,197,195,197,195,0
2022-08-08 13:13:00,197,195,197,195,0
2022-08-08 13:14:00,197,195,197,195,0
2022-08-08 13:15:00,197,195,197,195,0
2022-08-08 13:16:00,197,195,197,195,0
2022-08-08 13:17:00,197,195,197,195,0
2022-08-08 13:18:00,197,195,197,195,0
2022-08-08 13:19:00,197,195,197,195,0
2022-08-08 13:20:00,197,195,197,195,0
2022-08-08 13:21:00,197,195,197,195,0
2022-08-08 13:22:00,197,195,197,195,0
2022-08-08 13:23:00,197,195,197,195,0
2022-08-08 13:24:00,197,195,197,195,0
2022-08-08 13:25:00,197,195,197,195,0
2022-08-08 13:26:00,197,195,197,195,0
2022-08-08 13:27:00,197,195,197,195,0
2022-08-08 13:28:00,197,195,197,195,0
2022-08-08 13:29:00,197,195,197,195,0
2022-08-08 13:30:00,199,199,199,199,100
2022-08-08 13:31:00,199,199,199,199,0
2022-08-08 13:32:00,199,199,199,199,0
2022-08-08 13:33:00,199,199,199,199,0
2022-08-08 13:34:00,199,199,199,199,0
2022-08-08 13:35:00,199,199,199,199,0
2022-08-08 13:36:00,199,199,199,199,0
2022-08-08 13:37:00,199,199,199,199,0
2022-08-08 13:38:00,199,199,199,199,0
2022-08-08 13:39:00,199,199,199,199,0
2022-08-08 13:40:00,199,199,199,199,0
2022-08-08 13:41:00,199,199,199,199,0
2022-08-08 13:42:00,199,199,199,199,0
2022-08-08 13:43:00,199,199,199,199,0
2022-08-08 13:44:00,199,199,199,199,0
2022-08-08 13:45:00,199,199,199,199,0
2022-08-08 13:46:00,199,199,199,199,0
2022-08-08 13:47:00,199,199,199,199,0
2022-08-08 13:48:00,199,199,199,199,0
2022-08-08 13:49:00,199,199,199,199,0
2022-08-08 13:50:00,199,199,199,199,0
2022-08-08 13:51:00,199,199,199,199,0
2022-08-08 13:52:00,199,199,199,199,0
2022-08-08 13:53:00,199,199,199,199,0
2022-08-08 13:54:00,199,199,199,199,0
2022-08-08 13:55:00,199,199,199,199,0
2022-08-08 13:56:00,199,199,199,199,0
2022-08-08 13:57:00,199,199,199,199,0
2022-08-08 13:58:00,199,199,199,199,0
2022-08-08 13:59:00,199,199,199,199,0
2022-08-08 14:00:00,199,199,199,199,0
2022-08-08 14:01:00,196,195,196,195,500
2022-08-08 14:02:00,196,195,196,195,0
2022-08-08 14:03:00,196,195,196,195,0
2022-08-08 14:04:00,196,195,196,195,0
2022-08-08 14:05:00,195,195,195,195,2000
2022-08-08 14:06:00,195,195,195,195,0
2022-08-08 14:07:00,195,195,195,195,0
2022-08-08 14:08:00,195,195,195,195,0
2022-08-08 14:09:00,195,195,195,195,4100
2022-08-08 14:10:00,195,195,195,195,0
2022-08-08 14:11:00,195,195,195,195,0
2022-08-08 14:12:00,195,195,195,195,0
2022-08-08 14:13:00,195,195,195,195,0
2022-08-08 14:14:00,195,195,195,195,0
2022-08-08 14:15:00,195,195,195,195,0
2022-08-08 14:16:00,195,195,195,195,0
2022-08-08 14:17:00,195,195,195,195,0
2022-08-08 14:18:00,195,195,195,195,0
2022-08-08 14:19:00,195,195,195,195,0
2022-08-08 14:20:00,195,195,195,195,0
2022-08-08 14:21:00,195,195,195,195,0
2022-08-08 14:22:00,195,195,195,195,0
2022-08-08 14:23:00,195,195,195,195,0
2022-08-08 14:24:00,195,195,195,195,0
2022-08-08 14:25:00,195,195,195,195,0
2022-08-08 14:26:00,195,195,195,195,0
2022-08-08 14:27:00,195,195,195,195,0
2022-08-08 14:28:00,195,195,195,195,0
2022-08-08 14:29:00,199,199,199,199,200
2022-08-08 14:30:00,199,199,199,199,0
2022-08-08 14:31:00,199,199,199,199,0
2022-08-08 14:32:00,199,199,199,199,0
2022-08-08 14:33:00,199,199,199,199,0
2022-08-08 14:34:00,199,199,199,199,0
2022-08-08 14:35:00,199,199,199,199,0
2022-08-08 14:36:00,199,199,199,199,0
2022-08-08 14:37:00,199,199,199,199,0
2022-08-08 14:38:00,199,199,199,199,0
2022-08-08 14:39:00,199,199,199,199,0
2022-08-08 14:40:00,199,199,199,199,0
2022-08-08 14:41:00,199,199,199,199,0
2022-08-08 14:42:00,199,199,199,199,0
2022-08-08 14:43:00,199,199,199,199,0
2022-08-08 14:44:00,199,199,199,199,0
2022-08-08 14:45:00,199,199,199,199,0
2022-08-08 14:46:00,199,199,199,199,0
2022-08-08 14:47:00,199,199,199,199,0
2022-08-08 14:48:00,199,199,199,199,0
2022-08-08 14:49:00,199,199,199,199,0
2022-08-08 14:50:00,199,199,199,199,0
2022-08-08 14:51:00,199,199,199,199,0
2022-08-08 14:52:00,199,199,199,199,0
2022-08-08 14:53:00,199,199,199,199,0
2022-08-08 14:54:00,199,199,199,199,0
2022-08-08 14:55:00,199,199,199,199,0
2022-08-08 14:56:00,199,199,199,199,0
2022-08-08 14:57:00,199,199,199,199,0
2022-08-08 14:58:00,199,199,199,199,0
2022-08-08 14:59:00,199,199,199,199,0
2022-08-08 15:00:00,199,199,199,199,0
2022-08-08 15:01:00,199,199,199,199,0
2022-08-08 15:02:00,199,199,199,199,0
2022-08-08 15:03:00,199,199,199,199,0
2022-08-08 15:04:00,199,199,199,199,0
2022-08-08 15:05:00,199,199,199,199,0
2022-08-08 15:06:00,199,199,199,199,0
2022-08-08 15:07:00,199,199,199,199,0
2022-08-08 15:08:00,199,199,199,199,0
2022-08-08 15:09:00,199,199,199,199,0
2022-08-08 15:10:00,199,199,199,199,0
2022-08-08 15:11:00,199,199,199,199,0
2022-08-08 15:12:00,199,199,199,199,0
2022-08-08 15:13:00,199,199,199,199,0
2022-08-08 15:14:00,199,199,199,199,0
2022-08-08 15:15:00,199,199,199,199,0
2022-08-08 15:16:00,199,199,199,199,0
2022-08-08 15:17:00,199,199,199,199,0
2022-08-08 15:18:00,199,199,199,199,0
2022-08-08 15:19:00,199,199,199,199,0
2022-08-08 15:20:00,199,199,199,199,0
2022-08-08 15:21:00,199,199,199,199,0
2022-08-08 15:22:00,199,199,199,199,0
2022-08-08 15:23:00,199,199,199,199,0
2022-08-08 15:24:00,199,199,199,199,0
2022-08-08 15:25:00,199,199,199,199,0
2022-08-08 15:26:00,199,199,199,199,0
2022-08-08 15:27:00,199,199,199,199,0
2022-08-08 15:28:00,199,199,199,199,0
2022-08-08 15:29:00,199,199,199,199,0
2022-08-08 15:30:00,199,199,199,199,0
2022-08-08 15:31:00,199,199,199,199,0
2022-08-08 15:32:00,199,199,199,199,0
2022-08-08 15:33:00,199,199,199,199,0
2022-08-08 15:34:00,199,199,199,199,0
2022-08-08 15:35:00,199,199,199,199,0
2022-08-08 15:36:00,199,199,199,199,0
2022-08-08 15:37:00,199,199,199,199,0
2022-08-08 15:38:00,199,199,199,199,0
2022-08-08 15:39:00,199,199,199,199,0
2022-08-08 15:40:00,199,199,199,199,0
2022-08-08 15:41:00,199,199,199,199,0
2022-08-08 15:42:00,199,199,199,199,0
2022-08-08 15:43:00,199,199,199,199,0
2022-08-08 15:44:00,199,199,199,199,0
2022-08-08 15:45:00,199,199,199,199,0
2022-08-08 15:46:00,199,199,199,199,0
2022-08-08 15:47:00,199,199,199,199,0
2022-08-08 15:48:00,199,199,199,199,0
2022-08-08 15:49:00,199,199,199,199,0
2022-08-08 15:50:00,199,199,199,199,0
2022-08-08 15:51:00,199,199,199,199,0
2022-08-08 15:52:00,199,199,199,199,0
2022-08-08 15:53:00,199,199,199,199,0
2022-08-08 15:54:00,199,199,199,199,0
2022-08-08 15:55:00,199,199,199,199,0
2022-08-08 15:56:00,199,199,199,199,0
2022-08-08 15:57:00,199,199,199,199,0
2022-08-08 15:58:00,199,199,199,199,0
2022-08-08 15:59:00,199,199,199,199,0
2022-08-09 09:00:00,199,199,199,199,0
2022-08-09 09:01:00,199,199,199,199,0
2022-08-09 09:02:00,199,199,199,199,0
2022-08-09 09:03:00,199,199,199,199,5000
2022-08-09 09:04:00,199,199,199,199,0
2022-08-09 09:05:00,199,199,199,199,0
2022-08-09 09:06:00,199,199,199,199,0
2022-08-09 09:07:00,199,199,199,199,0
2022-08-09 09:08:00,199,199,199,199,0
2022-08-09 09:09:00,199,199,199,199,0
2022-08-09 09:10:00,199,199,199,199,0
2022-08-09 09:11:00,199,199,199,199,0
2022-08-09 09:12:00,199,199,199,199,100
2022-08-09 09:13:00,199,199,199,199,0
2022-08-09 09:14:00,199,199,199,199,0
2022-08-09 09:15:00,199,199,199,199,0
2022-08-09 09:16:00,199,199,199,199,0
2022-08-09 09:17:00,199,199,199,199,0
2022-08-09 09:18:00,199,199,199,199,0
2022-08-09 09:19:00,199,199,199,199,0
2022-08-09 09:20:00,199,199,199,199,0
2022-08-09 09:21:00,199,199,199,199,0
2022-08-09 09:22:00,199,199,199,199,0
2022-08-09 09:23:00,199,199,199,199,0
2022-08-09 09:24:00,199,199,199,199,500
2022-08-09 09:25:00,199,199,199,199,0
2022-08-09 09:26:00,199,199,199,199,0
2022-08-09 09:27:00,199,199,199,199,0
2022-08-09 09:28:00,199,199,199,199,0
2022-08-09 09:29:00,199,199,199,199,0
2022-08-09 09:30:00,199,199,199,199,0
2022-08-09 09:31:00,199,199,199,199,0
2022-08-09 09:32:00,199,199,199,199,0
2022-08-09 09:33:00,199,199,199,199,0
2022-08-09 09:34:00,199,199,199,199,0
2022-08-09 09:35:00,199,199,199,199,0
2022-08-09 09:36:00,199,199,199,199,0
2022-08-09 09:37:00,199,199,199,199,0
2022-08-09 09:38:00,199,199,199,199,0
2022-08-09 09:39:00,199,199,199,199,0
2022-08-09 09:40:00,199,199,199,199,0
2022-08-09 09:41:00,199,199,199,199,0
2022-08-09 09:42:00,199,199,199,199,0
2022-08-09 09:43:00,199,199,199,199,0
2022-08-09 09:44:00,199,199,199,199,0
2022-08-09 09:45:00,199,199,199,199,0
2022-08-09 09:46:00,199,199,199,199,0
2022-08-09 09:47:00,199,199,199,199,0
2022-08-09 09:48:00,199,199,199,199,0
2022-08-09 09:49:00,199,199,199,199,0
2022-08-09 09:50:00,199,199,199,199,0
2022-08-09 09:51:00,199,199,199,199,0
2022-08-09 09:52:00,199,199,199,199,0
2022-08-09 09:53:00,199,199,199,199,0
2022-08-09 09:54:00,199,199,199,199,0
2022-08-09 09:55:00,199,199,199,199,0
2022-08-09 09:56:00,199,199,199,199,0
2022-08-09 09:57:00,199,199,199,199,0
2022-08-09 09:58:00,199,199,199,199,0
2022-08-09 09:59:00,199,199,199,199,0
2022-08-09 10:00:00,199,199,199,199,0
2022-08-09 10:01:00,199,199,199,199,0
2022-08-09 10:02:00,199,199,199,199,0
2022-08-09 10:03:00,199,199,199,199,0
2022-08-09 10:04:00,199,199,199,199,0
2022-08-09 10:05:00,199,199,199,199,0
2022-08-09 10:06:00,199,199,199,199,0
2022-08-09 10:07:00,199,199,199,199,0
2022-08-09 10:08:00,199,199,199,199,0
2022-08-09 10:09:00,199,199,199,199,0
2022-08-09 10:10:00,199,199,199,199,0
2022-08-09 10:11:00,199,199,199,199,0
2022-08-09 10:12:00,199,199,199,199,0
2022-08-09 10:13:00,199,199,199,199,0
2022-08-09 10:14:00,199,199,199,199,0
2022-08-09 10:15:00,199,199,199,199,0
2022-08-09 10:16:00,199,199,199,199,0
2022-08-09 10:17:00,199,199,199,199,0
2022-08-09 10:18:00,199,199,199,199,0
2022-08-09 10:19:00,199,199,199,199,0
2022-08-09 10:20:00,199,199,199,199,0
2022-08-09 10:21:00,199,199,199,199,0
2022-08-09 10:22:00,199,199,199,199,0
2022-08-09 10:23:00,199,199,199,199,0
2022-08-09 10:24:00,199,199,199,199,0
2022-08-09 10:25:00,199,199,199,199,0
2022-08-09 10:26:00,199,199,199,199,0
2022-08-09 10:27:00,199,199,199,199,0
2022-08-09 10:28:00,199,199,199,199,0
2022-08-09 10:29:00,199,199,199,199,0
2022-08-09 10:30:00,199,199,199,199,0
2022-08-09 10:31:00,199,199,199,199,0
2022-08-09 10:32:00,199,199,199,199,0
2022-08-09 10:33:00,199,199,199,199,0
2022-08-09 10:34:00,199,199,199,199,0
2022-08-09 10:35:00,199,199,199,199,0
2022-08-09 10:36:00,199,199,199,199,0
2022-08-09 10:37:00,199,199,199,199,0
2022-08-09 10:38:00,199,199,199,199,0
2022-08-09 10:39:00,199,199,199,199,0
2022-08-09 10:40:00,199,199,199,199,0
2022-08-09 10:41:00,199,199,199,199,0
2022-08-09 10:42:00,199,199,199,199,0
2022-08-09 10:43:00,199,199,199,199,0
2022-08-09 10:44:00,199,199,199,199,0
2022-08-09 10:45:00,199,199,199,199,0
2022-08-09 10:46:00,199,199,199,199,0
2022-08-09 10:47:00,199,199,199,199,0
2022-08-09 10:48:00,199,199,199,199,0
2022-08-09 10:49:00,199,199,199,199,0
2022-08-09 10:50:00,199,199,199,199,0
2022-08-09 10:51:00,199,199,199,199,0
2022-08-09 10:52:00,199,199,199,199,0
2022-08-09 10:53:00,199,199,199,199,0
2022-08-09 10:54:00,199,199,199,199,0
2022-08-09 10:55:00,199,199,199,199,0
2022-08-09 10:56:00,199,199,199,199,0
2022-08-09 10:57:00,199,199,199,199,0
2022-08-09 10:58:00,199,199,199,199,0
2022-08-09 10:59:00,199,199,199,199,0
2022-08-09 11:00:00,199,199,199,199,0
2022-08-09 11:01:00,199,199,199,199,0
2022-08-09 11:02:00,199,199,199,199,0
2022-08-09 11:03:00,199,199,199,199,0
2022-08-09 11:04:00,199,199,199,199,0
2022-08-09 11:05:00,199,199,199,199,0
2022-08-09 11:06:00,199,199,199,199,0
2022-08-09 11:07:00,199,199,199,199,0
2022-08-09 11:08:00,199,199,199,199,0
2022-08-09 11:09:00,199,199,199,199,0
2022-08-09 11:10:00,199,199,199,199,0
2022-08-09 11:11:00,199,199,199,199,0
2022-08-09 11:12:00,199,199,199,199,0
2022-08-09 11:13:00,199,199,199,199,0
2022-08-09 11:14:00,199,199,199,199,0
2022-08-09 11:15:00,199,199,199,199,0
2022-08-09 11:16:00,199,199,199,199,0
2022-08-09 11:17:00,199,199,199,199,0
2022-08-09 11:18:00,199,199,199,199,0
2022-08-09 11:19:00,199,199,199,199,0
2022-08-09 11:20:00,199,199,199,199,0
2022-08-09 11:21:00,199,199,199,199,0
2022-08-09 11:22:00,199,199,199,199,0
2022-08-09 11:23:00,199,199,199,199,0
2022-08-09 11:24:00,199,199,199,199,0
2022-08-09 11:25:00,199,199,199,199,0
2022-08-09 11:26:00,199,199,199,199,0
2022-08-09 11:27:00,199,199,199,199,0
2022-08-09 11:28:00,199,199,199,199,0
2022-08-09 11:29:00,199,199,199,199,0
2022-08-09 11:30:00,199,199,199,199,0
2022-08-09 11:31:00,199,199,199,199,0
2022-08-09 11:32:00,199,199,199,199,0
2022-08-09 11:33:00,199,199,199,199,0
2022-08-09 11:34:00,199,199,199,199,0
2022-08-09 11:35:00,199,199,199,199,0
2022-08-09 11:36:00,199,199,199,199,0
2022-08-09 11:37:00,199,199,199,199,0
2022-08-09 11:38:00,199,199,199,199,0
2022-08-09 11:39:00,199,199,199,199,0
2022-08-09 11:40:00,199,199,199,199,0
2022-08-09 11:41:00,199,199,199,199,0
2022-08-09 11:42:00,199,199,199,199,0
2022-08-09 11:43:00,199,199,199,199,0
2022-08-09 11:44:00,199,199,199,199,0
2022-08-09 11:45:00,199,199,199,199,0
2022-08-09 11:46:00,199,199,199,199,0
2022-08-09 11:47:00,199,199,199,199,0
2022-08-09 11:48:00,199,199,199,199,0
2022-08-09 11:49:00,199,199,199,199,0
2022-08-09 11:50:00,199,199,199,199,0
2022-08-09 11:51:00,199,199,199,199,0
2022-08-09 11:52:00,199,199,199,199,0
2022-08-09 11:53:00,199,199,199,199,0
2022-08-09 11:54:00,199,199,199,199,0
2022-08-09 11:55:00,199,199,199,199,0
2022-08-09 11:56:00,199,199,199,199,0
2022-08-09 11:57:00,199,199,199,199,0
2022-08-09 11:58:00,199,199,199,199,0
2022-08-09 11:59:00,199,199,199,199,0
2022-08-09 12:00:00,199,199,199,199,0
2022-08-09 12:01:00,199,199,199,199,0
2022-08-09 12:02:00,199,199,199,199,0
2022-08-09 12:03:00,199,199,199,199,0
2022-08-09 12:04:00,199,199,199,199,0
2022-08-09 12:05:00,199,199,199,199,0
2022-08-09 12:06:00,199,199,199,199,0
2022-08-09 12:07:00,199,199,199,199,0
2022-08-09 12:08:00,199,199,199,199,0
2022-08-09 12:09:00,199,199,199,199,0
2022-08-09 12:10:00,199,199,199,199,0
2022-08-09 12:11:00,199,199,199,199,0
2022-08-09 12:12:00,199,199,199,199,0
2022-08-09 12:13:00,199,199,199,199,0
2022-08-09 12:14:00,199,199,199,199,0
2022-08-09 12:15:00,199,199,199,199,0
2022-08-09 12:16:00,199,199,199,199,0
2022-08-09 12:17:00,199,199,199,199,0
2022-08-09 12:18:00,199,199,199,199,0
2022-08-09 12:19:00,199,199,199,199,0
2022-08-09 12:20:00,199,199,199,199,0
2022-08-09 12:21:00,199,199,199,199,0
2022-08-09 12:22:00,199,199,199,199,0
2022-08-09 12:23:00,199,199,199,199,0
2022-08-09 12:24:00,199,199,199,199,0
2022-08-09 12:25:00,199,199,199,199,0
2022-08-09 12:26:00,199,199,199,199,0
2022-08-09 12:27:00,199,199,199,199,0
2022-08-09 12:28:00,199,199,199,199,0
2022-08-09 12:29:00,199,199,199,199,0
2022-08-09 12:30:00,199,199,199,199,0
2022-08-09 12:31:00,199,199,199,199,0
2022-08-09 12:32:00,199,199,199,199,0
2022-08-09 12:33:00,199,199,199,199,0
2022-08-09 12:34:00,199,199,199,199,0
2022-08-09 12:35:00,199,199,199,199,0
2022-08-09 12:36:00,199,199,199,199,0
2022-08-09 12:37:00,199,199,199,199,0
2022-08-09 12:38:00,199,199,199,199,0
2022-08-09 12:39:00,199,199,199,199,0
2022-08-09 12:40:00,199,199,199,199,0
2022-08-09 12:41:00,199,199,199,199,0
2022-08-09 12:42:00,199,199,199,199,0
2022-08-09 12:43:00,199,199,199,199,0
2022-08-09 12:44:00,199,199,199,199,0
2022-08-09 12:45:00,199,199,199,199,0
2022-08-09 12:46:00,199,199,199,199,0
2022-08-09 12:47:00,199,199,199,199,0
2022-08-09 12:48:00,199,199,199,199,0
2022-08-09 12:49:00,199,199,199,199,0
2022-08-09 12:50:00,199,199,199,199,0
2022-08-09 12:51:00,199,199,199,199,0
2022-08-09 12:52:00,199,199,199,199,0
2022-08-09 12:53:00,199,199,199,199,0
2022-08-09 12:54:00,199,199,199,199,0
2022-08-09 12:55:00,199,199,199,199,0
2022-08-09 12:56:00,199,199,199,199,0
2022-08-09 12:57:00,199,199,199,199,0
2022-08-09 12:58:00,199,199,199,199,0
2022-08-09 12:59:00,199,199,199,199,0
2022-08-09 13:00:00,199,199,199,199,0
2022-08-09 13:01:00,199,199,199,199,0
2022-08-09 13:02:00,199,199,199,199,0
2022-08-09 13:03:00,199,199,199,199,0
2022-08-09 13:04:00,199,199,199,199,0
2022-08-09 13:05:00,199,199,199,199,0
2022-08-09 13:06:00,199,199,199,199,0
2022-08-09 13:07:00,199,199,199,199,0
2022-08-09 13:08:00,199,199,199,199,0
2022-08-09 13:09:00,199,199,199,199,0
2022-08-09 13:10:00,199,199,199,199,0
2022-08-09 13:11:00,199,199,199,199,0
2022-08-09 13:12:00,199,199,199,199,0
2022-08-09 13:13:00,199,199,199,199,0
2022-08-09 13:14:00,199,199,199,199,0
2022-08-09 13:15:00,199,199,199,199,0
2022-08-09 13:16:00,199,199,199,199,0
2022-08-09 13:17:00,199,199,199,199,0
2022-08-09 13:18:00,199,199,199,199,0
2022-08-09 13:19:00,199,199,199,199,0
2022-08-09 13:20:00,199,199,199,199,0
2022-08-09 13:21:00,199,199,199,199,0
2022-08-09 13:22:00,199,199,199,199,0
2022-08-09 13:23:00,199,199,199,199,0
2022-08-09 13:24:00,199,199,199,199,0
2022-08-09 13:25:00,199,199,199,199,0
2022-08-09 13:26:00,199,199,199,199,0
2022-08-09 13:27:00,199,199,199,199,0
2022-08-09 13:28:00,199,199,199,199,0
2022-08-09 13:29:00,199,199,199,199,0
2022-08-09 13:30:00,199,199,199,199,0
2022-08-09 13:31:00,199,199,199,199,0
2022-08-09 13:32:00,199,199,199,199,0
2022-08-09 13:33:00,199,199,199,199,0
2022-08-09 13:34:00,199,199,199,199,0
2022-08-09 13:35:00,199,199,199,199,0
2022-08-09 13:36:00,199,199,199,199,0
2022-08-09 13:37:00,199,199,199,199,0
2022-08-09 13:38:00,199,199,199,199,0
2022-08-09 13:39:00,199,199,199,199,0
2022-08-09 13:40:00,199,199,199,199,0
2022-08-09 13:41:00,199,199,199,199,0
2022-08-09 13:42:00,199,199,199,199,0
2022-08-09 13:43:00,199,199,199,199,0
2022-08-09 13:44:00,199,199,199,199,0
2022-08-09 13:45:00,199,199,199,199,0
2022-08-09 13:46:00,199,199,199,199,0
2022-08-09 13:47:00,199,199,199,199,0
2022-08-09 13:48:00,199,199,199,199,0
2022-08-09 13:49:00,199,199,199,199,0
2022-08-09 13:50:00,199,199,199,199,0
2022-08-09 13:51:00,199,199,199,199,0
2022-08-09 13:52:00,199,199,199,199,0
2022-08-09 13:53:00,199,199,199,199,0
2022-08-09 13:54:00,199,199,199,199,0
2022-08-09 13:55:00,199,199,199,199,0
2022-08-09 13:56:00,199,199,199,199,0
2022-08-09 13:57:00,198,198,198,198,300
2022-08-09 13:58:00,198,198,198,198,0
2022-08-09 13:59:00,198,198,198,198,0
2022-08-09 14:00:00,198,198,198,198,0
2022-08-09 14:01:00,198,198,198,198,0
2022-08-09 14:02:00,198,198,198,198,0
2022-08-09 14:03:00,198,198,198,198,0
2022-08-09 14:04:00,198,198,198,198,0
2022-08-09 14:05:00,198,198,198,198,0
2022-08-09 14:06:00,198,198,198,198,0
2022-08-09 14:07:00,198,198,198,198,0
2022-08-09 14:08:00,198,198,198,198,0
2022-08-09 14:09:00,198,198,198,198,0
2022-08-09 14:10:00,198,198,198,198,0
2022-08-09 14:11:00,198,198,198,198,15100
2022-08-09 14:12:00,199,199,199,199,0
2022-08-09 14:13:00,199,199,199,199,0
2022-08-09 14:14:00,199,199,199,199,0
2022-08-09 14:15:00,199,199,199,199,0
2022-08-09 14:16:00,199,199,199,199,0
2022-08-09 14:17:00,199,199,199,199,0
2022-08-09 14:18:00,199,199,199,199,0
2022-08-09 14:19:00,199,199,199,199,0
2022-08-09 14:20:00,199,199,199,199,0
2022-08-09 14:21:00,199,199,199,199,0
2022-08-09 14:22:00,199,199,199,199,0
2022-08-09 14:23:00,199,199,199,199,0
2022-08-09 14:24:00,199,199,199,199,0
2022-08-09 14:25:00,199,199,199,199,0
2022-08-09 14:26:00,199,199,199,199,0
2022-08-09 14:27:00,199,199,199,199,0
2022-08-09 14:28:00,199,199,199,199,0
2022-08-09 14:29:00,199,199,199,199,0
2022-08-09 14:30:00,199,199,199,199,0
2022-08-09 14:31:00,199,199,199,199,0
2022-08-09 14:32:00,199,199,199,199,0
2022-08-09 14:33:00,199,199,199,199,0
2022-08-09 14:34:00,199,199,199,199,0
2022-08-09 14:35:00,199,199,199,199,0
2022-08-09 14:36:00,199,199,199,199,0
2022-08-09 14:37:00,199,199,199,199,0
2022-08-09 14:38:00,199,199,199,199,0
2022-08-09 14:39:00,199,199,199,199,0
2022-08-09 14:40:00,199,199,199,199,0
2022-08-09 14:41:00,199,199,199,199,0
2022-08-09 14:42:00,198,198,198,198,6500
2022-08-09 14:43:00,198,198,198,198,0
2022-08-09 14:44:00,198,198,198,198,0
2022-08-09 14:45:00,198,198,198,198,0
2022-08-09 14:46:00,198,198,198,198,0
2022-08-09 14:47:00,198,198,198,198,0
2022-08-09 14:48:00,198,198,198,198,0
2022-08-09 14:49:00,198,198,198,198,0
2022-08-09 14:50:00,198,198,198,198,0
2022-08-09 14:51:00,198,198,198,198,0
2022-08-09 14:52:00,198,198,198,198,0
2022-08-09 14:53:00,198,198,198,198,0
2022-08-09 14:54:00,198,198,198,198,0
2022-08-09 14:55:00,198,198,198,198,0
2022-08-09 14:56:00,198,198,198,198,0
2022-08-09 14:57:00,198,198,198,198,0
2022-08-09 14:58:00,198,198,198,198,0
2022-08-09 14:59:00,198,198,198,198,0
2022-08-09 15:00:00,198,198,198,198,0
2022-08-09 15:01:00,198,198,198,198,0
2022-08-09 15:02:00,198,198,198,198,0
2022-08-09 15:03:00,198,198,198,198,0
2022-08-09 15:04:00,198,198,198,198,0
2022-08-09 15:05:00,198,198,198,198,0
2022-08-09 15:06:00,198,198,198,198,0
2022-08-09 15:07:00,198,198,198,198,0
2022-08-09 15:08:00,198,198,198,198,0
2022-08-09 15:09:00,198,198,198,198,0
2022-08-09 15:10:00,198,198,198,198,0
2022-08-09 15:11:00,198,198,198,198,0
2022-08-09 15:12:00,198,198,198,198,0
2022-08-09 15:13:00,198,198,198,198,0
2022-08-09 15:14:00,198,198,198,198,0
2022-08-09 15:15:00,198,198,198,198,0
2022-08-09 15:16:00,198,198,198,198,0
2022-08-09 15:17:00,198,198,198,198,0
2022-08-09 15:18:00,198,198,198,198,0
2022-08-09 15:19:00,198,198,198,198,0
2022-08-09 15:20:00,198,198,198,198,0
2022-08-09 15:21:00,198,198,198,198,0
2022-08-09 15:22:00,198,198,198,198,0
2022-08-09 15:23:00,198,198,198,198,0
2022-08-09 15:24:00,198,198,198,198,0
2022-08-09 15:25:00,198,198,198,198,0
2022-08-09 15:26:00,198,198,198,198,0
2022-08-09 15:27:00,198,198,198,198,0
2022-08-09 15:28:00,198,198,198,198,0
2022-08-09 15:29:00,198,198,198,198,0
2022-08-09 15:30:00,198,198,198,198,0
2022-08-09 15:31:00,198,198,198,198,0
2022-08-09 15:32:00,198,198,198,198,0
2022-08-09 15:33:00,198,198,198,198,0
2022-08-09 15:34:00,198,198,198,198,0
2022-08-09 15:35:00,198,198,198,198,0
2022-08-09 15:36:00,198,198,198,198,0
2022-08-09 15:37:00,198,198,198,198,0
2022-08-09 15:38:00,198,198,198,198,0
2022-08-09 15:39:00,198,198,198,198,0
2022-08-09 15:40:00,198,198,198,198,0
2022-08-09 15:41:00,198,198,198,198,0
2022-08-09 15:42:00,198,198,198,198,0
2022-08-09 15:43:00,198,198,198,198,0
2022-08-09 15:44:00,198,198,198,198,0
2022-08-09 15:45:00,198,198,198,198,0
2022-08-09 15:46:00,198,198,198,198,0
2022-08-09 15:47:00,198,198,198,198,0
2022-08-09 15:48:00,198,198,198,198,0
2022-08-09 15:49:00,198,198,198,198,0
2022-08-09 15:50:00,198,198,198,198,0
2022-08-09 15:51:00,198,198,198,198,0
2022-08-09 15:52:00,198,198,198,198,0
2022-08-09 15:53:00,198,198,198,198,0
2022-08-09 15:54:00,198,198,198,198,0
2022-08-09 15:55:00,198,198,198,198,0
2022-08-09 15:56:00,198,198,198,198,0
2022-08-09 15:57:00,198,198,198,198,0
2022-08-09 15:58:00,198,198,198,198,0
2022-08-09 15:59:00,198,198,198,198,0
2022-08-10 09:00:00,198,198,198,198,0
2022-08-10 09:01:00,198,198,198,198,0
2022-08-10 09:02:00,198,198,198,198,0
2022-08-10 09:03:00,198,198,198,198,0
2022-08-10 09:04:00,198,198,198,198,0
2022-08-10 09:05:00,198,198,198,198,0
2022-08-10 09:06:00,198,198,198,198,0
2022-08-10 09:07:00,198,198,198,198,0
2022-08-10 09:08:00,198,198,198,198,0
2022-08-10 09:09:00,198,198,198,198,0
2022-08-10 09:10:00,199,199,199,199,100
2022-08-10 09:11:00,199,199,199,199,0
2022-08-10 09:12:00,199,199,199,199,0
2022-08-10 09:13:00,199,199,199,199,0
2022-08-10 09:14:00,199,199,199,199,0
2022-08-10 09:15:00,199,199,199,199,0
2022-08-10 09:16:00,199,199,199,199,0
2022-08-10 09:17:00,199,199,199,199,0
2022-08-10 09:18:00,199,199,199,199,0
2022-08-10 09:19:00,199,199,199,199,0
2022-08-10 09:20:00,199,199,199,199,0
2022-08-10 09:21:00,199,199,199,199,0
2022-08-10 09:22:00,199,199,199,199,0
2022-08-10 09:23:00,199,199,199,199,0
2022-08-10 09:24:00,199,199,199,199,0
2022-08-10 09:25:00,199,199,199,199,0
2022-08-10 09:26:00,199,199,199,199,0
2022-08-10 09:27:00,199,199,199,199,0
2022-08-10 09:28:00,199,199,199,199,0
2022-08-10 09:29:00,199,199,199,199,0
2022-08-10 09:30:00,199,199,199,199,0
2022-08-10 09:31:00,199,199,199,199,0
2022-08-10 09:32:00,199,199,199,199,0
2022-08-10 09:33:00,199,199,199,199,0
2022-08-10 09:34:00,199,199,199,199,0
2022-08-10 09:35:00,199,199,199,199,0
2022-08-10 09:36:00,199,199,199,199,0
2022-08-10 09:37:00,199,199,199,199,0
2022-08-10 09:38:00,199,199,199,199,0
2022-08-10 09:39:00,199,199,199,199,0
2022-08-10 09:40:00,199,199,199,199,0
2022-08-10 09:41:00,199,199,199,199,0
2022-08-10 09:42:00,199,199,199,199,0
2022-08-10 09:43:00,199,199,199,199,0
2022-08-10 09:44:00,199,199,199,199,0
2022-08-10 09:45:00,199,199,199,199,0
2022-08-10 09:46:00,199,199,199,199,0
2022-08-10 09:47:00,199,199,199,199,0
2022-08-10 09:48:00,199,199,199,199,0
2022-08-10 09:49:00,199,199,199,199,0
2022-08-10 09:50:00,198,198,198,198,1500
2022-08-10 09:51:00,198,198,198,198,0
2022-08-10 09:52:00,198,198,198,198,0
2022-08-10 09:53:00,198,198,198,198,0
2022-08-10 09:54:00,198,198,198,198,0
2022-08-10 09:55:00,198,198,198,198,0
2022-08-10 09:56:00,198,198,198,198,0
2022-08-10 09:57:00,198,198,198,198,0
2022-08-10 09:58:00,198,198,198,198,0
2022-08-10 09:59:00,198,198,198,198,0
2022-08-10 10:00:00,198,198,198,198,0
2022-08-10 10:01:00,198,198,198,198,0
2022-08-10 10:02:00,198,198,198,198,0
2022-08-10 10:03:00,198,198,198,198,0
2022-08-10 10:04:00,198,198,198,198,0
2022-08-10 10:05:00,198,198,198,198,0
2022-08-10 10:06:00,198,198,198,198,0
2022-08-10 10:07:00,198,198,198,198,0
2022-08-10 10:08:00,198,198,198,198,0
2022-08-10 10:09:00,198,198,198,198,0
2022-08-10 10:10:00,198,198,198,198,0
2022-08-10 10:11:00,198,198,198,198,0
2022-08-10 10:12:00,198,198,198,198,0
2022-08-10 10:13:00,198,198,198,198,0
2022-08-10 10:14:00,198,198,198,198,0
2022-08-10 10:15:00,198,198,198,198,0
2022-08-10 10:16:00,198,198,198,198,0
2022-08-10 10:17:00,198,198,198,198,0
2022-08-10 10:18:00,198,198,198,198,0
2022-08-10 10:19:00,198,198,198,198,0
2022-08-10 10:20:00,198,198,198,198,0
2022-08-10 10:21:00,198,198,198,198,0
2022-08-10 10:22:00,198,198,198,198,0
2022-08-10 10:23:00,198,198,198,198,0
2022-08-10 10:24:00,198,198,198,198,0
2022-08-10 10:25:00,198,198,198,198,0
2022-08-10 10:26:00,198,198,198,198,0
2022-08-10 10:27:00,198,198,198,198,0
2022-08-10 10:28:00,198,198,198,198,0
2022-08-10 10:29:00,198,198,198,198,0
2022-08-10 10:30:00,198,198,198,198,0
2022-08-10 10:31:00,198,198,198,198,0
2022-08-10 10:32:00,198,198,198,198,0
2022-08-10 10:33:00,198,198,198,198,0
2022-08-10 10:34:00,198,198,198,198,0
2022-08-10 10:35:00,198,198,198,198,0
2022-08-10 10:36:00,198,198,198,198,0
2022-08-10 10:37:00,198,198,198,198,0
2022-08-10 10:38:00,198,198,198,198,0
2022-08-10 10:39:00,198,198,198,198,0
2022-08-10 10:40:00,198,198,198,198,0
2022-08-10 10:41:00,198,198,198,198,0
2022-08-10 10:42:00,198,198,198,198,0
2022-08-10 10:43:00,198,198,198,198,0
2022-08-10 10:44:00,198,198,198,198,0
2022-08-10 10:45:00,198,198,198,198,0
2022-08-10 10:46:00,198,198,198,198,0
2022-08-10 10:47:00,198,198,198,198,0
2022-08-10 10:48:00,198,198,198,198,0
2022-08-10 10:49:00,198,198,198,198,0
2022-08-10 10:50:00,198,198,198,198,0
2022-08-10 10:51:00,198,198,198,198,0
2022-08-10 10:52:00,198,198,198,198,0
2022-08-10 10:53:00,198,198,198,198,0
2022-08-10 10:54:00,198,198,198,198,0
2022-08-10 10:55:00,198,198,198,198,0
2022-08-10 10:56:00,198,198,198,198,0
2022-08-10 10:57:00,198,198,198,198,0
2022-08-10 10:58:00,198,198,198,198,0
2022-08-10 10:59:00,198,198,198,198,0
2022-08-10 11:00:00,198,198,198,198,0
2022-08-10 11:01:00,198,198,198,198,0
2022-08-10 11:02:00,198,198,198,198,0
2022-08-10 11:03:00,198,198,198,198,0
2022-08-10 11:04:00,198,198,198,198,0
2022-08-10 11:05:00,198,198,198,198,0
2022-08-10 11:06:00,198,198,198,198,0
2022-08-10 11:07:00,198,198,198,198,0
2022-08-10 11:08:00,198,198,198,198,0
2022-08-10 11:09:00,198,198,198,198,0
2022-08-10 11:10:00,198,198,198,198,0
2022-08-10 11:11:00,198,198,198,198,0
2022-08-10 11:12:00,198,198,198,198,0
2022-08-10 11:13:00,198,198,198,198,0
2022-08-10 11:14:00,198,198,198,198,0
2022-08-10 11:15:00,198,198,198,198,0
2022-08-10 11:16:00,198,198,198,198,0
2022-08-10 11:17:00,198,198,198,198,0
2022-08-10 11:18:00,198,198,198,198,0
2022-08-10 11:19:00,198,198,198,198,0
2022-08-10 11:20:00,198,198,198,198,0
2022-08-10 11:21:00,198,198,198,198,0
2022-08-10 11:22:00,198,198,198,198,0
2022-08-10 11:23:00,198,198,198,198,0
2022-08-10 11:24:00,198,198,198,198,0
2022-08-10 11:25:00,198,198,198,198,0
2022-08-10 11:26:00,198,198,198,198,0
2022-08-10 11:27:00,198,198,198,198,0
2022-08-10 11:28:00,198,198,198,198,0
2022-08-10 11:29:00,198,198,198,198,0
2022-08-10 11:30:00,198,198,198,198,0
2022-08-10 11:31:00,198,198,198,198,0
2022-08-10 11:32:00,198,198,198,198,0
2022-08-10 11:33:00,198,198,198,198,0
2022-08-10 11:34:00,198,198,198,198,0
2022-08-10 11:35:00,198,198,198,198,0
2022-08-10 11:36:00,198,198,198,198,0
2022-08-10 11:37:00,198,198,198,198,0
2022-08-10 11:38:00,198,198,198,198,0
2022-08-10 11:39:00,198,198,198,198,0
2022-08-10 11:40:00,198,198,198,198,0
2022-08-10 11:41:00,198,198,198,198,0
2022-08-10 11:42:00,198,198,198,198,0
2022-08-10 11:43:00,198,198,198,198,0
2022-08-10 11:44:00,198,198,198,198,0
2022-08-10 11:45:00,198,198,198,198,0
2022-08-10 11:46:00,198,198,198,198,0
2022-08-10 11:47:00,198,198,198,198,0
2022-08-10 11:48:00,198,198,198,198,0
2022-08-10 11:49:00,198,198,198,198,0
2022-08-10 11:50:00,198,198,198,198,0
2022-08-10 11:51:00,198,198,198,198,0
2022-08-10 11:52:00,198,198,198,198,0
2022-08-10 11:53:00,198,198,198,198,0
2022-08-10 11:54:00,198,198,198,198,0
2022-08-10 11:55:00,198,198,198,198,0
2022-08-10 11:56:00,198,198,198,198,0
2022-08-10 11:57:00,198,198,198,198,0
2022-08-10 11:58:00,198,198,198,198,0
2022-08-10 11:59:00,198,198,198,198,0
2022-08-10 12:00:00,198,198,198,198,0
2022-08-10 12:01:00,198,198,198,198,0
2022-08-10 12:02:00,198,198,198,198,0
2022-08-10 12:03:00,198,198,198,198,0
2022-08-10 12:04:00,198,198,198,198,0
2022-08-10 12:05:00,198,198,198,198,0
2022-08-10 12:06:00,198,198,198,198,0
2022-08-10 12:07:00,198,198,198,198,0
2022-08-10 12:08:00,198,198,198,198,0
2022-08-10 12:09:00,198,198,198,198,0
2022-08-10 12:10:00,198,198,198,198,0
2022-08-10 12:11:00,198,198,198,198,0
2022-08-10 12:12:00,198,198,198,198,0
2022-08-10 12:13:00,198,198,198,198,0
2022-08-10 12:14:00,198,198,198,198,0
2022-08-10 12:15:00,198,198,198,198,0
2022-08-10 12:16:00,198,198,198,198,0
2022-08-10 12:17:00,198,198,198,198,0
2022-08-10 12:18:00,198,198,198,198,0
2022-08-10 12:19:00,198,198,198,198,0
2022-08-10 12:20:00,198,198,198,198,0
2022-08-10 12:21:00,198,198,198,198,0
2022-08-10 12:22:00,198,198,198,198,0
2022-08-10 12:23:00,198,198,198,198,0
2022-08-10 12:24:00,198,198,198,198,0
2022-08-10 12:25:00,198,198,198,198,0
2022-08-10 12:26:00,198,198,198,198,0
2022-08-10 12:27:00,198,198,198,198,0
2022-08-10 12:28:00,198,198,198,198,0
2022-08-10 12:29:00,198,198,198,198,0
2022-08-10 12:30:00,198,198,198,198,0
2022-08-10 12:31:00,198,198,198,198,0
2022-08-10 12:32:00,198,198,198,198,0
2022-08-10 12:33:00,198,198,198,198,0
2022-08-10 12:34:00,198,198,198,198,0
2022-08-10 12:35:00,198,198,198,198,0
2022-08-10 12:36:00,198,198,198,198,0
2022-08-10 12:37:00,198,198,198,198,0
2022-08-10 12:38:00,198,198,198,198,0
2022-08-10 12:39:00,198,198,198,198,0
2022-08-10 12:40:00,198,198,198,198,0
2022-08-10 12:41:00,198,198,198,198,0
2022-08-10 12:42:00,198,198,198,198,0
2022-08-10 12:43:00,198,198,198,198,0
2022-08-10 12:44:00,198,198,198,198,0
2022-08-10 12:45:00,198,198,198,198,0
2022-08-10 12:46:00,198,198,198,198,0
2022-08-10 12:47:00,198,198,198,198,0
2022-08-10 12:48:00,198,198,198,198,0
2022-08-10 12:49:00,198,198,198,198,0
2022-08-10 12:50:00,198,198,198,198,0
2022-08-10 12:51:00,198,198,198,198,0
2022-08-10 12:52:00,198,198,198,198,0
2022-08-10 12:53:00,198,198,198,198,0
2022-08-10 12:54:00,198,198,198,198,0
2022-08-10 12:55:00,198,198,198,198,0
2022-08-10 12:56:00,198,198,198,198,0
2022-08-10 12:57:00,198,198,198,198,0
2022-08-10 12:58:00,198,198,198,198,0
2022-08-10 12:59:00,198,198,198,198,0
2022-08-10 13:00:00,198,198,198,198,0
2022-08-10 13:01:00,198,198,198,198,0
2022-08-10 13:02:00,198,198,198,198,0
2022-08-10 13:03:00,198,198,198,198,0
2022-08-10 13:04:00,198,198,198,198,0
2022-08-10 13:05:00,198,198,198,198,0
2022-08-10 13:06:00,198,198,198,198,0
2022-08-10 13:07:00,198,198,198,198,0
2022-08-10 13:08:00,198,198,198,198,0
2022-08-10 13:09:00,198,198,198,198,0
2022-08-10 13:10:00,198,198,198,198,0
2022-08-10 13:11:00,198,198,198,198,0
2022-08-10 13:12:00,198,198,198,198,0
2022-08-10 13:13:00,198,198,198,198,0
2022-08-10 13:14:00,198,198,198,198,0
2022-08-10 13:15:00,198,198,198,198,0
2022-08-10 13:16:00,198,198,198,198,0
2022-08-10 13:17:00,198,198,198,198,0
2022-08-10 13:18:00,198,198,198,198,0
2022-08-10 13:19:00,198,198,198,198,0
2022-08-10 13:20:00,198,198,198,198,0
2022-08-10 13:21:00,198,198,198,198,0
2022-08-10 13:22:00,198,198,198,198,0
2022-08-10 13:23:00,198,198,198,198,0
2022-08-10 13:24:00,198,198,198,198,0
2022-08-10 13:25:00,198,198,198,198,0
2022-08-10 13:26:00,198,198,198,198,0
2022-08-10 13:27:00,198,198,198,198,0
2022-08-10 13:28:00,198,198,198,198,0
2022-08-10 13:29:00,198,198,198,198,0
2022-08-10 13:30:00,198,198,198,198,200
2022-08-10 13:31:00,198,198,198,198,0
2022-08-10 13:32:00,198,198,198,198,0
2022-08-10 13:33:00,198,198,198,198,0
2022-08-10 13:34:00,198,198,198,198,0
2022-08-10 13:35:00,198,198,198,198,0
2022-08-10 13:36:00,198,198,198,198,0
2022-08-10 13:37:00,198,198,198,198,0
2022-08-10 13:38:00,198,198,198,198,0
2022-08-10 13:39:00,198,198,198,198,0
2022-08-10 13:40:00,198,198,198,198,0
2022-08-10 13:41:00,198,198,198,198,0
2022-08-10 13:42:00,198,198,198,198,0
2022-08-10 13:43:00,198,198,198,198,0
2022-08-10 13:44:00,198,198,198,198,0
2022-08-10 13:45:00,198,198,198,198,0
2022-08-10 13:46:00,198,198,198,198,0
2022-08-10 13:47:00,198,198,198,198,0
2022-08-10 13:48:00,198,198,198,198,0
2022-08-10 13:49:00,198,198,198,198,0
2022-08-10 13:50:00,198,198,198,198,0
2022-08-10 13:51:00,198,198,198,198,0
2022-08-10 13:52:00,198,198,198,198,0
2022-08-10 13:53:00,198,198,198,198,0
2022-08-10 13:54:00,198,198,198,198,0
2022-08-10 13:55:00,198,198,198,198,0
2022-08-10 13:56:00,198,198,198,198,0
2022-08-10 13:57:00,198,198,198,198,0
2022-08-10 13:58:00,198,198,198,198,0
2022-08-10 13:59:00,198,198,198,198,0
2022-08-10 14:00:00,198,198,198,198,0
2022-08-10 14:01:00,198,198,198,198,0
2022-08-10 14:02:00,198,198,198,198,0
2022-08-10 14:03:00,198,198,198,198,0
2022-08-10 14:04:00,198,198,198,198,0
2022-08-10 14:05:00,198,198,198,198,0
2022-08-10 14:06:00,198,198,198,198,0
2022-08-10 14:07:00,198,198,198,198,0
2022-08-10 14:08:00,198,198,198,198,0
2022-08-10 14:09:00,198,198,198,198,0
2022-08-10 14:10:00,198,198,198,198,0
2022-08-10 14:11:00,198,198,198,198,0
2022-08-10 14:12:00,198,198,198,198,0
2022-08-10 14:13:00,198,198,198,198,0
2022-08-10 14:14:00,198,198,198,198,0
2022-08-10 14:15:00,198,198,198,198,0
2022-08-10 14:16:00,198,198,198,198,0
2022-08-10 14:17:00,198,198,198,198,0
2022-08-10 14:18:00,198,198,198,198,0
2022-08-10 14:19:00,198,198,198,198,0
2022-08-10 14:20:00,198,198,198,198,0
2022-08-10 14:21:00,198,198,198,198,0
2022-08-10 14:22:00,198,198,198,198,0
2022-08-10 14:23:00,198,198,198,198,0
2022-08-10 14:24:00,198,198,198,198,0
2022-08-10 14:25:00,198,198,198,198,0
2022-08-10 14:26:00,198,198,198,198,0
2022-08-10 14:27:00,198,198,198,198,0
2022-08-10 14:28:00,198,198,198,198,0
2022-08-10 14:29:00,198,198,198,198,0
2022-08-10 14:30:00,198,198,198,198,0
2022-08-10 14:31:00,198,198,198,198,0
2022-08-10 14:32:00,198,198,198,198,0
2022-08-10 14:33:00,198,198,198,198,0
2022-08-10 14:34:00,198,198,198,198,0
2022-08-10 14:35:00,198,198,198,198,0
2022-08-10 14:36:00,198,198,198,198,0
2022-08-10 14:37:00,198,198,198,198,0
2022-08-10 14:38:00,198,198,198,198,0
2022-08-10 14:39:00,198,198,198,198,0
2022-08-10 14:40:00,198,198,198,198,0
2022-08-10 14:41:00,198,198,198,198,0
2022-08-10 14:42:00,198,198,198,198,0
2022-08-10 14:43:00,198,198,198,198,0
2022-08-10 14:44:00,198,198,198,198,0
2022-08-10 14:45:00,198,198,198,198,0
2022-08-10 14:46:00,198,198,198,198,0
2022-08-10 14:47:00,198,198,198,198,0
2022-08-10 14:48:00,198,198,198,198,0
2022-08-10 14:49:00,198,198,198,198,0
2022-08-10 14:50:00,198,198,198,198,0
2022-08-10 14:51:00,198,198,198,198,0
2022-08-10 14:52:00,198,198,198,198,0
2022-08-10 14:53:00,198,198,198,198,0
2022-08-10 14:54:00,198,198,198,198,0
2022-08-10 14:55:00,198,198,198,198,0
2022-08-10 14:56:00,198,198,198,198,0
2022-08-10 14:57:00,198,198,198,198,0
2022-08-10 14:58:00,198,198,198,198,0
2022-08-10 14:59:00,198,198,198,198,0
2022-08-10 15:00:00,198,198,198,198,0
2022-08-10 15:01:00,198,198,198,198,0
2022-08-10 15:02:00,198,198,198,198,0
2022-08-10 15:03:00,198,198,198,198,0
2022-08-10 15:04:00,198,198,198,198,0
2022-08-10 15:05:00,198,198,198,198,0
2022-08-10 15:06:00,198,198,198,198,0
2022-08-10 15:07:00,198,198,198,198,0
2022-08-10 15:08:00,198,198,198,198,0
2022-08-10 15:09:00,198,198,198,198,0
2022-08-10 15:10:00,198,198,198,198,0
2022-08-10 15:11:00,198,198,198,198,0
2022-08-10 15:12:00,198,198,198,198,0
2022-08-10 15:13:00,198,198,198,198,0
2022-08-10 15:14:00,198,198,198,198,0
2022-08-10 15:15:00,198,198,198,198,0
2022-08-10 15:16:00,198,198,198,198,0
2022-08-10 15:17:00,198,198,198,198,0
2022-08-10 15:18:00,198,198,198,198,0
2022-08-10 15:19:00,198,198,198,198,0
2022-08-10 15:20:00,198,198,198,198,0
2022-08-10 15:21:00,198,198,198,198,0
2022-08-10 15:22:00,198,198,198,198,0
2022-08-10 15:23:00,198,198,198,198,0
2022-08-10 15:24:00,198,198,198,198,0
2022-08-10 15:25:00,198,198,198,198,0
2022-08-10 15:26:00,198,198,198,198,0
2022-08-10 15:27:00,198,198,198,198,0
2022-08-10 15:28:00,198,198,198,198,0
2022-08-10 15:29:00,198,198,198,198,0
2022-08-10 15:30:00,198,198,198,198,0
2022-08-10 15:31:00,198,198,198,198,0
2022-08-10 15:32:00,198,198,198,198,0
2022-08-10 15:33:00,198,198,198,198,0
2022-08-10 15:34:00,198,198,198,198,0
2022-08-10 15:35:00,198,198,198,198,0
2022-08-10 15:36:00,198,198,198,198,0
2022-08-10 15:37:00,198,198,198,198,0
2022-08-10 15:38:00,198,198,198,198,0
2022-08-10 15:39:00,198,198,198,198,0
2022-08-10 15:40:00,198,198,198,198,0
2022-08-10 15:41:00,198,198,198,198,0
2022-08-10 15:42:00,198,198,198,198,0
2022-08-10 15:43:00,198,198,198,198,0
2022-08-10 15:44:00,198,198,198,198,0
2022-08-10 15:45:00,198,198,198,198,0
2022-08-10 15:46:00,198,198,198,198,0
2022-08-10 15:47:00,198,198,198,198,0
2022-08-10 15:48:00,198,198,198,198,0
2022-08-10 15:49:00,198,198,198,198,0
2022-08-10 15:50:00,198,198,198,198,0
2022-08-10 15:51:00,198,198,198,198,0
2022-08-10 15:52:00,198,198,198,198,0
2022-08-10 15:53:00,198,198,198,198,0
2022-08-10 15:54:00,198,198,198,198,0
2022-08-10 15:55:00,198,198,198,198,0
2022-08-10 15:56:00,198,198,198,198,0
2022-08-10 15:57:00,198,198,198,198,0
2022-08-10 15:58:00,198,198,198,198,0
2022-08-10 15:59:00,198,198,198,198,0
2022-08-11 09:00:00,198,198,198,198,0
2022-08-11 09:01:00,198,198,198,198,0
2022-08-11 09:02:00,198,198,198,198,0
2022-08-11 09:03:00,198,198,198,198,0
2022-08-11 09:04:00,198,198,198,198,0
2022-08-11 09:05:00,198,198,198,198,1000
2022-08-11 09:06:00,198,198,198,198,0
2022-08-11 09:07:00,198,198,198,198,0
2022-08-11 09:08:00,198,198,198,198,0
2022-08-11 09:09:00,198,198,198,198,0
2022-08-11 09:10:00,198,198,198,198,0
2022-08-11 09:11:00,198,198,198,198,0
2022-08-11 09:12:00,198,198,198,198,0
2022-08-11 09:13:00,198,198,198,198,0
2022-08-11 09:14:00,198,198,198,198,0
2022-08-11 09:15:00,198,198,198,198,0
2022-08-11 09:16:00,198,198,198,198,0
2022-08-11 09:17:00,198,198,198,198,0
2022-08-11 09:18:00,198,198,198,198,0
2022-08-11 09:19:00,198,198,198,198,0
2022-08-11 09:20:00,198,198,198,198,100
2022-08-11 09:21:00,198,198,198,198,0
2022-08-11 09:22:00,198,198,198,198,0
2022-08-11 09:23:00,198,198,198,198,0
2022-08-11 09:24:00,198,198,198,198,0
2022-08-11 09:25:00,198,198,198,198,0
2022-08-11 09:26:00,198,198,198,198,0
2022-08-11 09:27:00,198,198,198,198,0
2022-08-11 09:28:00,198,198,198,198,0
2022-08-11 09:29:00,198,198,198,198,0
2022-08-11 09:30:00,198,198,198,198,0
2022-08-11 09:31:00,198,198,198,198,0
2022-08-11 09:32:00,198,198,198,198,0
2022-08-11 09:33:00,198,198,198,198,0
2022-08-11 09:34:00,198,198,198,198,0
2022-08-11 09:35:00,198,198,198,198,0
2022-08-11 09:36:00,198,198,198,198,0
2022-08-11 09:37:00,198,198,198,198,0
2022-08-11 09:38:00,198,198,198,198,0
2022-08-11 09:39:00,198,198,198,198,0
2022-08-11 09:40:00,198,198,198,198,0
2022-08-11 09:41:00,198,198,198,198,0
2022-08-11 09:42:00,198,198,198,198,0
2022-08-11 09:43:00,198,198,198,198,0
2022-08-11 09:44:00,198,198,198,198,0
2022-08-11 09:45:00,198,198,198,198,0
2022-08-11 09:46:00,198,198,198,198,0
2022-08-11 09:47:00,198,198,198,198,0
2022-08-11 09:48:00,198,198,198,198,0
2022-08-11 09:49:00,198,198,198,198,0
2022-08-11 09:50:00,198,198,198,198,0
2022-08-11 09:51:00,198,198,198,198,0
2022-08-11 09:52:00,198,198,198,198,0
2022-08-11 09:53:00,198,198,198,198,0
2022-08-11 09:54:00,198,198,198,198,0
2022-08-11 09:55:00,198,198,198,198,0
2022-08-11 09:56:00,198,198,198,198,0
2022-08-11 09:57:00,198,198,198,198,0
2022-08-11 09:58:00,198,198,198,198,0
2022-08-11 09:59:00,198,198,198,198,0
2022-08-11 10:00:00,198,198,198,198,39400
2022-08-11 10:01:00,198,198,198,198,0
2022-08-11 10:02:00,198,198,198,198,0
2022-08-11 10:03:00,198,198,198,198,0
2022-08-11 10:04:00,198,198,198,198,0
2022-08-11 10:05:00,198,198,198,198,0
2022-08-11 10:06:00,198,198,198,198,0
2022-08-11 10:07:00,204,204,210,210,6800
2022-08-11 10:08:00,214,214,214,214,0
2022-08-11 10:09:00,214,214,214,214,0
2022-08-11 10:10:00,214,214,214,214,0
2022-08-11 10:11:00,214,214,214,214,1800
2022-08-11 10:12:00,214,214,214,214,0
2022-08-11 10:13:00,214,214,214,214,0
2022-08-11 10:14:00,212,212,212,212,3600
2022-08-11 10:15:00,212,212,212,212,0
2022-08-11 10:16:00,212,212,212,212,0
2022-08-11 10:17:00,212,212,212,212,0
2022-08-11 10:18:00,212,212,212,212,0
2022-08-11 10:19:00,212,212,212,212,0
2022-08-11 10:20:00,212,212,212,212,0
2022-08-11 10:21:00,212,212,212,212,0
2022-08-11 10:22:00,212,212,212,212,25600
2022-08-11 10:23:00,212,212,212,212,0
2022-08-11 10:24:00,212,212,212,212,0
2022-08-11 10:25:00,212,212,212,212,0
2022-08-11 10:26:00,212,212,212,212,0
2022-08-11 10:27:00,212,212,212,212,0
2022-08-11 10:28:00,212,212,212,212,0
2022-08-11 10:29:00,212,212,212,212,0
2022-08-11 10:30:00,212,212,212,212,0
2022-08-11 10:31:00,210,210,210,210,700
2022-08-11 10:32:00,210,210,210,210,0
2022-08-11 10:33:00,210,210,210,210,0
2022-08-11 10:34:00,210,210,210,210,0
2022-08-11 10:35:00,212,198,212,198,1100
2022-08-11 10:36:00,212,198,212,198,0
2022-08-11 10:37:00,212,198,212,198,0
2022-08-11 10:38:00,212,198,212,198,0
2022-08-11 10:39:00,212,198,212,198,0
2022-08-11 10:40:00,200,200,200,200,200
2022-08-11 10:41:00,200,200,200,200,0
2022-08-11 10:42:00,200,200,200,200,0
2022-08-11 10:43:00,198,198,198,198,0
2022-08-11 10:44:00,198,198,198,198,0
2022-08-11 10:45:00,198,198,198,198,0
2022-08-11 10:46:00,198,198,198,198,0
2022-08-11 10:47:00,198,198,198,198,0
2022-08-11 10:48:00,198,198,198,198,0
2022-08-11 10:49:00,198,198,198,198,0
2022-08-11 10:50:00,198,198,198,198,0
2022-08-11 10:51:00,198,198,198,198,0
2022-08-11 10:52:00,198,198,198,198,0
2022-08-11 10:53:00,198,198,198,198,0
2022-08-11 10:54:00,198,198,198,198,0
2022-08-11 10:55:00,198,198,198,198,0
2022-08-11 10:56:00,198,198,198,198,0
2022-08-11 10:57:00,198,198,198,198,0
2022-08-11 10:58:00,198,198,198,198,0
2022-08-11 10:59:00,198,198,198,198,0
2022-08-11 11:00:00,198,198,198,198,0
2022-08-11 11:01:00,198,198,198,198,0
2022-08-11 11:02:00,198,198,198,198,0
2022-08-11 11:03:00,198,198,198,198,0
2022-08-11 11:04:00,198,198,198,198,0
2022-08-11 11:05:00,198,198,198,198,0
2022-08-11 11:06:00,198,198,198,198,0
2022-08-11 11:07:00,198,198,198,198,0
2022-08-11 11:08:00,198,198,198,198,0
2022-08-11 11:09:00,198,198,198,198,0
2022-08-11 11:10:00,198,198,198,198,0
2022-08-11 11:11:00,198,198,198,198,0
2022-08-11 11:12:00,198,198,198,198,0
2022-08-11 11:13:00,198,198,198,198,0
2022-08-11 11:14:00,198,198,198,198,0
2022-08-11 11:15:00,198,198,198,198,0
2022-08-11 11:16:00,198,198,198,198,0
2022-08-11 11:17:00,198,198,198,198,0
2022-08-11 11:18:00,198,198,198,198,0
2022-08-11 11:19:00,198,198,198,198,0
2022-08-11 11:20:00,198,198,198,198,0
2022-08-11 11:21:00,198,198,198,198,0
2022-08-11 11:22:00,198,198,198,198,0
2022-08-11 11:23:00,198,198,198,198,0
2022-08-11 11:24:00,198,198,198,198,0
2022-08-11 11:25:00,198,198,198,198,0
2022-08-11 11:26:00,198,198,198,198,0
2022-08-11 11:27:00,198,198,198,198,0
2022-08-11 11:28:00,210,210,218,218,10000
2022-08-11 11:29:00,210,210,218,218,0
2022-08-11 11:30:00,210,210,218,218,0
2022-08-11 11:31:00,210,210,218,218,0
2022-08-11 11:32:00,210,210,218,218,0
2022-08-11 11:33:00,210,210,218,218,0
2022-08-11 11:34:00,210,210,218,218,0
2022-08-11 11:35:00,210,210,218,218,0
2022-08-11 11:36:00,210,210,218,218,0
2022-08-11 11:37:00,210,210,218,218,0
2022-08-11 11:38:00,210,210,218,218,0
2022-08-11 11:39:00,210,210,218,218,0
2022-08-11 11:40:00,210,210,218,218,0
2022-08-11 11:41:00,210,210,218,218,0
2022-08-11 11:42:00,210,210,218,218,0
2022-08-11 11:43:00,210,210,218,218,0
2022-08-11 11:44:00,210,210,218,218,0
2022-08-11 11:45:00,210,210,218,218,0
2022-08-11 11:46:00,210,210,218,218,0
2022-08-11 11:47:00,210,210,218,218,0
2022-08-11 11:48:00,210,210,218,218,0
2022-08-11 11:49:00,210,210,218,218,0
2022-08-11 11:50:00,210,210,218,218,0
2022-08-11 11:51:00,210,210,218,218,0
2022-08-11 11:52:00,210,210,218,218,0
2022-08-11 11:53:00,210,210,218,218,0
2022-08-11 11:54:00,210,210,218,218,0
2022-08-11 11:55:00,210,210,218,218,0
2022-08-11 11:56:00,210,210,218,218,0
2022-08-11 11:57:00,210,210,218,218,0
2022-08-11 11:58:00,210,210,218,218,0
2022-08-11 11:59:00,210,210,218,218,0
2022-08-11 12:00:00,210,210,218,218,0
2022-08-11 12:01:00,210,210,218,218,0
2022-08-11 12:02:00,210,210,218,218,0
2022-08-11 12:03:00,210,210,218,218,0
2022-08-11 12:04:00,210,210,218,218,0
2022-08-11 12:05:00,210,210,218,218,0
2022-08-11 12:06:00,210,210,218,218,0
2022-08-11 12:07:00,210,210,218,218,0
2022-08-11 12:08:00,210,210,218,218,0
2022-08-11 12:09:00,210,210,218,218,0
2022-08-11 12:10:00,210,210,218,218,0
2022-08-11 12:11:00,210,210,218,218,0
2022-08-11 12:12:00,210,210,218,218,0
2022-08-11 12:13:00,210,210,218,218,0
2022-08-11 12:14:00,210,210,218,218,0
2022-08-11 12:15:00,210,210,218,218,0
2022-08-11 12:16:00,210,210,218,218,0
2022-08-11 12:17:00,210,210,218,218,0
2022-08-11 12:18:00,210,210,218,218,0
2022-08-11 12:19:00,210,210,218,218,0
2022-08-11 12:20:00,210,210,218,218,0
2022-08-11 12:21:00,210,210,218,218,0
2022-08-11 12:22:00,210,210,218,218,0
2022-08-11 12:23:00,210,210,218,218,0
2022-08-11 12:24:00,210,210,218,218,0
2022-08-11 12:25:00,210,210,218,218,0
2022-08-11 12:26:00,210,210,218,218,0
2022-08-11 12:27:00,210,210,218,218,0
2022-08-11 12:28:00,210,210,218,218,0
2022-08-11 12:29:00,210,210,218,218,0
2022-08-11 12:30:00,210,210,218,218,0
2022-08-11 12:31:00,210,210,218,218,0
2022-08-11 12:32:00,210,210,218,218,0
2022-08-11 12:33:00,210,210,218,218,0
2022-08-11 12:34:00,210,210,218,218,0
2022-08-11 12:35:00,210,210,218,218,0
2022-08-11 12:36:00,210,210,218,218,0
2022-08-11 12:37:00,210,210,218,218,0
2022-08-11 12:38:00,210,210,218,218,0
2022-08-11 12:39:00,210,210,218,218,0
2022-08-11 12:40:00,210,210,218,218,0
2022-08-11 12:41:00,210,210,218,218,0
2022-08-11 12:42:00,210,210,218,218,0
2022-08-11 12:43:00,210,210,218,218,0
2022-08-11 12:44:00,210,210,218,218,0
2022-08-11 12:45:00,210,210,218,218,0
2022-08-11 12:46:00,210,210,218,218,0
2022-08-11 12:47:00,210,210,218,218,0
2022-08-11 12:48:00,210,210,218,218,0
2022-08-11 12:49:00,210,210,218,218,0
2022-08-11 12:50:00,210,210,218,218,0
2022-08-11 12:51:00,210,210,218,218,0
2022-08-11 12:52:00,210,210,218,218,0
2022-08-11 12:53:00,210,210,218,218,0
2022-08-11 12:54:00,210,210,218,218,0
2022-08-11 12:55:00,210,210,218,218,0
2022-08-11 12:56:00,210,210,218,218,0
2022-08-11 12:57:00,210,210,218,218,0
2022-08-11 12:58:00,210,210,218,218,0
2022-08-11 12:59:00,210,210,218,218,0
2022-08-11 13:00:00,210,210,218,218,0
2022-08-11 13:01:00,210,210,218,218,0
2022-08-11 13:02:00,210,210,218,218,0
2022-08-11 13:03:00,210,210,218,218,0
2022-08-11 13:04:00,210,210,218,218,0
2022-08-11 13:05:00,210,210,218,218,0
2022-08-11 13:06:00,210,210,218,218,0
2022-08-11 13:07:00,210,210,218,218,0
2022-08-11 13:08:00,210,210,218,218,0
2022-08-11 13:09:00,210,210,218,218,0
2022-08-11 13:10:00,210,210,218,218,0
2022-08-11 13:11:00,210,210,218,218,0
2022-08-11 13:12:00,210,210,218,218,0
2022-08-11 13:13:00,210,210,218,218,0
2022-08-11 13:14:00,210,210,218,218,0
2022-08-11 13:15:00,210,210,218,218,0
2022-08-11 13:16:00,210,210,218,218,0
2022-08-11 13:17:00,210,210,218,218,0
2022-08-11 13:18:00,210,210,218,218,0
2022-08-11 13:19:00,210,210,218,218,0
2022-08-11 13:20:00,210,210,218,218,0
2022-08-11 13:21:00,210,210,218,218,0
2022-08-11 13:22:00,210,210,218,218,0
2022-08-11 13:23:00,210,210,218,218,0
2022-08-11 13:24:00,210,210,218,218,0
2022-08-11 13:25:00,210,210,218,218,0
2022-08-11 13:26:00,210,210,218,218,0
2022-08-11 13:27:00,210,210,218,218,0
2022-08-11 13:28:00,210,210,218,218,0
2022-08-11 13:29:00,210,210,218,218,0
2022-08-11 13:30:00,210,210,218,218,0
2022-08-11 13:31:00,210,210,218,218,0
2022-08-11 13:32:00,210,210,218,218,0
2022-08-11 13:33:00,210,210,218,218,0
2022-08-11 13:34:00,216,216,216,216,400
2022-08-11 13:35:00,216,216,216,216,0
2022-08-11 13:36:00,216,216,216,216,0
2022-08-11 13:37:00,216,216,216,216,0
2022-08-11 13:38:00,216,216,216,216,0
2022-08-11 13:39:00,216,216,216,216,0
2022-08-11 13:40:00,216,216,216,216,0
2022-08-11 13:41:00,216,216,216,216,0
2022-08-11 13:42:00,216,216,216,216,0
2022-08-11 13:43:00,216,216,216,216,0
2022-08-11 13:44:00,214,214,220,220,59600
2022-08-11 13:45:00,214,214,220,220,0
2022-08-11 13:46:00,214,214,220,220,0
2022-08-11 13:47:00,220,220,220,220,0
2022-08-11 13:48:00,220,220,220,220,0
2022-08-11 13:49:00,220,220,220,220,0
2022-08-11 13:50:00,220,220,220,220,0
2022-08-11 13:51:00,220,220,220,220,0
2022-08-11 13:52:00,220,220,220,220,0
2022-08-11 13:53:00,220,220,220,220,0
2022-08-11 13:54:00,220,220,220,220,0
2022-08-11 13:55:00,220,220,220,220,0
2022-08-11 13:56:00,220,220,220,220,0
2022-08-11 13:57:00,220,220,220,220,0
2022-08-11 13:58:00,220,220,220,220,0
2022-08-11 13:59:00,220,220,220,220,0
2022-08-11 14:00:00,220,220,220,220,0
2022-08-11 14:01:00,220,220,220,220,0
2022-08-11 14:02:00,220,220,220,220,0
2022-08-11 14:03:00,220,220,220,220,0
2022-08-11 14:04:00,220,220,220,220,0
2022-08-11 14:05:00,220,220,220,220,0
2022-08-11 14:06:00,220,220,220,220,0
2022-08-11 14:07:00,218,218,226,226,48800
2022-08-11 14:08:00,226,226,226,226,0
2022-08-11 14:09:00,226,226,226,226,0
2022-08-11 14:10:00,226,226,226,226,0
2022-08-11 14:11:00,226,226,226,226,0
2022-08-11 14:12:00,226,226,226,226,0
2022-08-11 14:13:00,224,224,224,224,0
2022-08-11 14:14:00,224,224,224,224,0
2022-08-11 14:15:00,224,224,224,224,0
2022-08-11 14:16:00,224,224,224,224,0
2022-08-11 14:17:00,222,222,222,222,0
2022-08-11 14:18:00,222,222,222,222,0
2022-08-11 14:19:00,222,222,222,222,0
2022-08-11 14:20:00,222,222,222,222,0
2022-08-11 14:21:00,222,222,222,222,0
2022-08-11 14:22:00,222,222,222,222,0
2022-08-11 14:23:00,222,222,222,222,0
2022-08-11 14:24:00,222,222,222,222,0
2022-08-11 14:25:00,222,222,222,222,0
2022-08-11 14:26:00,222,222,222,222,0
2022-08-11 14:27:00,222,222,222,222,0
2022-08-11 14:28:00,222,222,222,222,0
2022-08-11 14:29:00,222,222,222,222,0
2022-08-11 14:30:00,222,222,222,222,0
2022-08-11 14:31:00,222,222,222,222,0
2022-08-11 14:32:00,222,222,222,222,0
2022-08-11 14:33:00,222,222,222,222,0
2022-08-11 14:34:00,222,222,222,222,0
2022-08-11 14:35:00,222,222,222,222,0
2022-08-11 14:36:00,222,222,222,222,0
2022-08-11 14:37:00,222,222,222,222,0
2022-08-11 14:38:00,210,210,210,210,200
2022-08-11 14:39:00,220,220,230,230,32200
2022-08-11 14:40:00,230,230,230,230,1600
2022-08-11 14:41:00,230,230,230,230,1200
2022-08-11 14:42:00,230,230,230,230,0
2022-08-11 14:43:00,230,230,230,230,0
2022-08-11 14:44:00,230,230,230,230,0
2022-08-11 14:45:00,230,230,230,230,0
2022-08-11 14:46:00,230,230,230,230,0
2022-08-11 14:47:00,228,228,230,230,7600
2022-08-11 14:48:00,234,234,234,234,0
2022-08-11 14:49:00,232,232,232,232,3300
2022-08-11 14:50:00,232,232,232,232,0
2022-08-11 14:51:00,232,232,232,232,0
2022-08-11 14:52:00,232,232,232,232,0
2022-08-11 14:53:00,232,232,232,232,0
2022-08-11 14:54:00,232,232,232,232,0
2022-08-11 14:55:00,232,232,232,232,0
2022-08-11 14:56:00,232,232,232,232,0
2022-08-11 14:57:00,232,232,232,232,0
2022-08-11 14:58:00,232,232,232,232,0
2022-08-11 14:59:00,232,232,232,232,0
2022-08-11 15:00:00,230,230,230,230,4800
2022-08-11 15:01:00,230,230,230,230,0
2022-08-11 15:02:00,230,230,230,230,8200
2022-08-11 15:03:00,230,230,230,230,0
2022-08-11 15:04:00,230,230,230,230,24100
2022-08-11 15:05:00,230,230,230,230,0
2022-08-11 15:06:00,230,230,230,230,0
2022-08-11 15:07:00,230,230,230,230,0
2022-08-11 15:08:00,230,230,230,230,0
2022-08-11 15:09:00,230,230,230,230,0
2022-08-11 15:10:00,230,230,230,230,0
2022-08-11 15:11:00,230,230,230,230,0
2022-08-11 15:12:00,230,230,230,230,238000
2022-08-11 15:13:00,230,230,230,230,0
2022-08-11 15:14:00,230,230,230,230,0
2022-08-11 15:15:00,230,230,230,230,0
2022-08-11 15:16:00,230,230,230,230,0
2022-08-11 15:17:00,230,230,230,230,0
2022-08-11 15:18:00,230,230,230,230,0
2022-08-11 15:19:00,230,230,230,230,0
2022-08-11 15:20:00,230,230,230,230,0
2022-08-11 15:21:00,230,230,230,230,0
2022-08-11 15:22:00,230,230,230,230,0
2022-08-11 15:23:00,230,230,230,230,0
2022-08-11 15:24:00,230,230,230,230,0
2022-08-11 15:25:00,230,230,230,230,0
2022-08-11 15:26:00,230,230,230,230,0
2022-08-11 15:27:00,230,230,230,230,0
2022-08-11 15:28:00,230,230,230,230,0
2022-08-11 15:29:00,230,230,230,230,0
2022-08-11 15:30:00,230,230,230,230,0
2022-08-11 15:31:00,230,230,230,230,0
2022-08-11 15:32:00,230,230,230,230,0
2022-08-11 15:33:00,230,230,230,230,0
2022-08-11 15:34:00,230,230,230,230,0
2022-08-11 15:35:00,230,230,230,230,0
2022-08-11 15:36:00,230,230,230,230,0
2022-08-11 15:37:00,230,230,230,230,0
2022-08-11 15:38:00,230,230,230,230,0
2022-08-11 15:39:00,230,230,230,230,0
2022-08-11 15:40:00,230,230,230,230,0
2022-08-11 15:41:00,230,230,230,230,0
2022-08-11 15:42:00,230,230,230,230,0
2022-08-11 15:43:00,230,230,230,230,0
2022-08-11 15:44:00,230,230,230,230,0
2022-08-11 15:45:00,230,230,230,230,0
2022-08-11 15:46:00,230,230,230,230,0
2022-08-11 15:47:00,230,230,230,230,0
2022-08-11 15:48:00,230,230,230,230,0
2022-08-11 15:49:00,230,230,230,230,0
2022-08-11 15:50:00,230,230,230,230,0
2022-08-11 15:51:00,230,230,230,230,0
2022-08-11 15:52:00,230,230,230,230,0
2022-08-11 15:53:00,230,230,230,230,0
2022-08-11 15:54:00,230,230,230,230,0
2022-08-11 15:55:00,230,230,230,230,0
2022-08-11 15:56:00,230,230,230,230,0
2022-08-11 15:57:00,230,230,230,230,0
2022-08-11 15:58:00,230,230,230,230,0
2022-08-11 15:59:00,230,230,230,230,0
2022-08-12 09:00:00,250,250,258,250,9848800
2022-08-12 09:01:00,258,258,266,266,134000
2022-08-12 09:02:00,266,260,276,274,117900
2022-08-12 09:03:00,274,274,280,280,95300
2022-08-12 09:04:00,280,280,286,282,119200
2022-08-12 09:05:00,282,282,286,284,40500
2022-08-12 09:06:00,284,284,286,286,89000
2022-08-12 09:07:00,286,278,286,278,68200
2022-08-12 09:08:00,278,274,278,276,21800
2022-08-12 09:09:00,274,270,274,272,12800
2022-08-12 09:10:00,270,268,272,272,21300
2022-08-12 09:11:00,272,270,276,272,35000
2022-08-12 09:12:00,270,270,272,272,12800
2022-08-12 09:13:00,272,270,272,270,17100
2022-08-12 09:14:00,272,262,272,262,51400
2022-08-12 09:15:00,262,260,274,274,41200
2022-08-12 09:16:00,274,274,274,274,27000
2022-08-12 09:17:00,270,270,274,274,3000
2022-08-12 09:18:00,274,274,274,274,100
2022-08-12 09:19:00,274,270,274,270,3700
2022-08-12 09:20:00,268,268,270,270,3300
2022-08-12 09:21:00,270,266,270,266,7500
2022-08-12 09:22:00,266,266,268,266,3400
2022-08-12 09:23:00,264,262,264,262,7900
2022-08-12 09:24:00,262,260,262,262,21700
2022-08-12 09:25:00,262,262,262,262,23800
2022-08-12 09:26:00,262,262,264,264,0
2022-08-12 09:27:00,264,264,266,266,1200
2022-08-12 09:28:00,268,268,272,270,10400
2022-08-12 09:29:00,270,270,270,270,500
2022-08-12 09:30:00,270,270,270,270,3000
2022-08-12 09:31:00,270,270,272,272,4600
2022-08-12 09:32:00,272,272,276,274,15900
2022-08-12 09:33:00,274,274,278,278,10200
2022-08-12 09:34:00,278,278,280,280,15700
2022-08-12 09:35:00,280,276,280,276,35000
2022-08-12 09:36:00,276,276,278,276,11000
2022-08-12 09:37:00,276,276,276,276,4600
2022-08-12 09:38:00,276,276,276,276,11100
2022-08-12 09:39:00,276,276,276,276,17600
2022-08-12 09:40:00,278,276,278,276,0
2022-08-12 09:41:00,278,276,278,276,0
2022-08-12 09:42:00,278,276,278,276,0
2022-08-12 09:43:00,276,276,276,276,1600
2022-08-12 09:44:00,276,276,276,276,0
2022-08-12 09:45:00,274,274,276,276,3600
2022-08-12 09:46:00,274,274,276,276,0
2022-08-12 09:47:00,274,274,276,276,0
2022-08-12 09:48:00,276,276,276,276,12100
2022-08-12 09:49:00,276,276,276,276,0
2022-08-12 09:50:00,274,274,274,274,18500
2022-08-12 09:51:00,274,274,274,274,0
2022-08-12 09:52:00,272,272,272,272,2200
2022-08-12 09:53:00,272,272,272,272,0
2022-08-12 09:54:00,270,268,270,268,23800
2022-08-12 09:55:00,264,262,264,262,14300
2022-08-12 09:56:00,264,264,274,274,18200
2022-08-12 09:57:00,268,262,268,268,13500
2022-08-12 09:58:00,274,268,274,268,22100
2022-08-12 09:59:00,268,264,268,264,4200
2022-08-12 10:00:00,264,264,266,266,2700
2022-08-12 10:01:00,266,266,266,266,22800
2022-08-12 10:02:00,266,266,266,266,0
2022-08-12 10:03:00,266,266,266,266,0
2022-08-12 10:04:00,266,266,266,266,0
2022-08-12 10:05:00,266,266,266,266,0
2022-08-12 10:06:00,270,270,270,270,0
2022-08-12 10:07:00,270,270,270,270,1100
2022-08-12 10:08:00,270,270,270,270,4200
2022-08-12 10:09:00,270,270,270,270,3800
2022-08-12 10:10:00,270,270,270,270,0
2022-08-12 10:11:00,270,268,270,270,9500
2022-08-12 10:12:00,270,270,274,270,5700
2022-08-12 10:13:00,270,270,274,270,0
2022-08-12 10:14:00,270,270,274,270,0
2022-08-12 10:15:00,270,270,270,270,0
2022-08-12 10:16:00,270,270,270,270,500
2022-08-12 10:17:00,272,270,272,270,10300
2022-08-12 10:18:00,268,268,270,270,1500
2022-08-12 10:19:00,270,270,270,270,1500
2022-08-12 10:20:00,270,270,270,270,0
2022-08-12 10:21:00,270,270,270,270,6100
2022-08-12 10:22:00,270,270,270,270,0
2022-08-12 10:23:00,268,268,268,268,36700
2022-08-12 10:24:00,268,268,268,268,0
2022-08-12 10:25:00,268,268,268,268,200
2022-08-12 10:26:00,268,260,268,264,28800
2022-08-12 10:27:00,264,264,264,264,2900
2022-08-12 10:28:00,264,264,264,264,0
2022-08-12 10:29:00,264,264,264,264,2200
2022-08-12 10:30:00,264,264,264,264,0
2022-08-12 10:31:00,264,260,268,260,3500
2022-08-12 10:32:00,264,260,268,260,0
2022-08-12 10:33:00,264,260,268,260,0
2022-08-12 10:34:00,264,264,264,264,0
2022-08-12 10:35:00,264,264,268,268,2400
2022-08-12 10:36:00,268,268,270,268,12000
2022-08-12 10:37:00,268,268,268,268,100
2022-08-12 10:38:00,268,268,268,268,0
2022-08-12 10:39:00,268,268,268,268,0
2022-08-12 10:40:00,268,268,268,268,0
2022-08-12 10:41:00,268,268,268,268,1000
2022-08-12 10:42:00,268,268,268,268,0
2022-08-12 10:43:00,268,268,268,268,1500
2022-08-12 10:44:00,268,268,268,268,800
2022-08-12 10:45:00,268,268,268,268,1700
2022-08-12 10:46:00,268,268,268,268,0
2022-08-12 10:47:00,268,268,268,268,0
2022-08-12 10:48:00,268,268,268,268,7500
2022-08-12 10:49:00,268,268,268,268,4700
2022-08-12 10:50:00,268,268,268,268,0
2022-08-12 10:51:00,268,268,270,270,3700
2022-08-12 10:52:00,270,270,270,270,0
2022-08-12 10:53:00,270,270,270,270,43100
2022-08-12 10:54:00,272,272,278,278,29400
2022-08-12 10:55:00,276,276,278,278,3600
2022-08-12 10:56:00,276,276,278,276,9300
2022-08-12 10:57:00,278,276,278,278,7600
2022-08-12 10:58:00,278,276,280,276,16100
2022-08-12 10:59:00,276,276,278,278,800
2022-08-12 11:00:00,278,278,284,284,29600
2022-08-12 11:01:00,282,280,282,280,67700
2022-08-12 11:02:00,280,274,280,274,1200
2022-08-12 11:03:00,274,274,274,274,1300
2022-08-12 11:04:00,274,272,274,272,6300
2022-08-12 11:05:00,272,272,272,272,10600
2022-08-12 11:06:00,272,272,272,272,0
2022-08-12 11:07:00,272,272,272,272,2100
2022-08-12 11:08:00,272,272,272,272,0
2022-08-12 11:09:00,272,264,272,264,4800
2022-08-12 11:10:00,264,264,264,264,18400
2022-08-12 11:11:00,266,266,266,266,0
2022-08-12 11:12:00,266,266,266,266,0
2022-08-12 11:13:00,272,266,272,270,14200
2022-08-12 11:14:00,270,270,272,270,700
2022-08-12 11:15:00,270,270,270,270,1200
2022-08-12 11:16:00,266,260,270,270,54000
2022-08-12 11:17:00,266,260,270,270,0
2022-08-12 11:18:00,270,268,270,268,5200
2022-08-12 11:19:00,264,264,270,264,0
2022-08-12 11:20:00,268,262,270,262,9800
2022-08-12 11:21:00,268,262,268,262,0
2022-08-12 11:22:00,268,262,270,262,9100
2022-08-12 11:23:00,264,264,264,264,100
2022-08-12 11:24:00,264,264,264,264,0
2022-08-12 11:25:00,264,264,264,264,0
2022-08-12 11:26:00,264,264,264,264,0
2022-08-12 11:27:00,270,270,270,270,4300
2022-08-12 11:28:00,270,270,270,270,0
2022-08-12 11:29:00,270,270,270,270,0
2022-08-12 11:30:00,270,270,270,270,0
2022-08-12 11:31:00,270,270,270,270,0
2022-08-12 11:32:00,270,270,270,270,0
2022-08-12 11:33:00,270,270,270,270,0
2022-08-12 11:34:00,270,270,270,270,0
2022-08-12 11:35:00,270,270,270,270,0
2022-08-12 11:36:00,270,270,270,270,0
2022-08-12 11:37:00,270,270,270,270,0
2022-08-12 11:38:00,270,270,270,270,0
2022-08-12 11:39:00,270,270,270,270,0
2022-08-12 11:40:00,270,270,270,270,0
2022-08-12 11:41:00,270,270,270,270,0
2022-08-12 11:42:00,270,270,270,270,0
2022-08-12 11:43:00,270,270,270,270,0
2022-08-12 11:44:00,270,270,270,270,0
2022-08-12 11:45:00,270,270,270,270,0
2022-08-12 11:46:00,270,270,270,270,0
2022-08-12 11:47:00,270,270,270,270,0
2022-08-12 11:48:00,270,270,270,270,0
2022-08-12 11:49:00,270,270,270,270,0
2022-08-12 11:50:00,270,270,270,270,0
2022-08-12 11:51:00,270,270,270,270,0
2022-08-12 11:52:00,270,270,270,270,0
2022-08-12 11:53:00,270,270,270,270,0
2022-08-12 11:54:00,270,270,270,270,0
2022-08-12 11:55:00,270,270,270,270,0
2022-08-12 11:56:00,270,270,270,270,0
2022-08-12 11:57:00,270,270,270,270,0
2022-08-12 11:58:00,270,270,270,270,0
2022-08-12 11:59:00,270,270,270,270,0
2022-08-12 12:00:00,270,270,270,270,0
2022-08-12 12:01:00,270,270,270,270,0
2022-08-12 12:02:00,270,270,270,270,0
2022-08-12 12:03:00,270,270,270,270,0
2022-08-12 12:04:00,270,270,270,270,0
2022-08-12 12:05:00,270,270,270,270,0
2022-08-12 12:06:00,270,270,270,270,0
2022-08-12 12:07:00,270,270,270,270,0
2022-08-12 12:08:00,270,270,270,270,0
2022-08-12 12:09:00,270,270,270,270,0
2022-08-12 12:10:00,270,270,270,270,0
2022-08-12 12:11:00,270,270,270,270,0
2022-08-12 12:12:00,270,270,270,270,0
2022-08-12 12:13:00,270,270,270,270,0
2022-08-12 12:14:00,270,270,270,270,0
2022-08-12 12:15:00,270,270,270,270,0
2022-08-12 12:16:00,270,270,270,270,0
2022-08-12 12:17:00,270,270,270,270,0
2022-08-12 12:18:00,270,270,270,270,0
2022-08-12 12:19:00,270,270,270,270,0
2022-08-12 12:20:00,270,270,270,270,0
2022-08-12 12:21:00,270,270,270,270,0
2022-08-12 12:22:00,270,270,270,270,0
2022-08-12 12:23:00,270,270,270,270,0
2022-08-12 12:24:00,270,270,270,270,0
2022-08-12 12:25:00,270,270,270,270,0
2022-08-12 12:26:00,270,270,270,270,0
2022-08-12 12:27:00,270,270,270,270,0
2022-08-12 12:28:00,270,270,270,270,0
2022-08-12 12:29:00,270,270,270,270,0
2022-08-12 12:30:00,270,270,270,270,0
2022-08-12 12:31:00,270,270,270,270,0
2022-08-12 12:32:00,270,270,270,270,0
2022-08-12 12:33:00,270,270,270,270,0
2022-08-12 12:34:00,270,270,270,270,0
2022-08-12 12:35:00,270,270,270,270,0
2022-08-12 12:36:00,270,270,270,270,0
2022-08-12 12:37:00,270,270,270,270,0
2022-08-12 12:38:00,270,270,270,270,0
2022-08-12 12:39:00,270,270,270,270,0
2022-08-12 12:40:00,270,270,270,270,0
2022-08-12 12:41:00,270,270,270,270,0
2022-08-12 12:42:00,270,270,270,270,0
2022-08-12 12:43:00,270,270,270,270,0
2022-08-12 12:44:00,270,270,270,270,0
2022-08-12 12:45:00,270,270,270,270,0
2022-08-12 12:46:00,270,270,270,270,0
2022-08-12 12:47:00,270,270,270,270,0
2022-08-12 12:48:00,270,270,270,270,0
2022-08-12 12:49:00,270,270,270,270,0
2022-08-12 12:50:00,270,270,270,270,0
2022-08-12 12:51:00,270,270,270,270,0
2022-08-12 12:52:00,270,270,270,270,0
2022-08-12 12:53:00,270,270,270,270,0
2022-08-12 12:54:00,270,270,270,270,0
2022-08-12 12:55:00,270,270,270,270,0
2022-08-12 12:56:00,270,270,270,270,0
2022-08-12 12:57:00,270,270,270,270,0
2022-08-12 12:58:00,270,270,270,270,0
2022-08-12 12:59:00,270,270,270,270,0
2022-08-12 13:00:00,270,270,270,270,0
2022-08-12 13:01:00,270,270,270,270,0
2022-08-12 13:02:00,270,270,270,270,0
2022-08-12 13:03:00,270,270,270,270,0
2022-08-12 13:04:00,270,270,270,270,0
2022-08-12 13:05:00,270,270,270,270,0
2022-08-12 13:06:00,270,270,270,270,0
2022-08-12 13:07:00,270,270,270,270,0
2022-08-12 13:08:00,270,270,270,270,0
2022-08-12 13:09:00,270,270,270,270,0
2022-08-12 13:10:00,270,270,270,270,0
2022-08-12 13:11:00,270,270,270,270,0
2022-08-12 13:12:00,270,270,270,270,0
2022-08-12 13:13:00,270,270,270,270,0
2022-08-12 13:14:00,270,270,270,270,0
2022-08-12 13:15:00,270,270,270,270,0
2022-08-12 13:16:00,270,270,270,270,0
2022-08-12 13:17:00,270,270,270,270,0
2022-08-12 13:18:00,270,270,270,270,0
2022-08-12 13:19:00,270,270,270,270,0
2022-08-12 13:20:00,270,270,270,270,0
2022-08-12 13:21:00,270,270,270,270,0
2022-08-12 13:22:00,270,270,270,270,0
2022-08-12 13:23:00,270,270,270,270,0
2022-08-12 13:24:00,270,270,270,270,0
2022-08-12 13:25:00,270,270,270,270,0
2022-08-12 13:26:00,270,270,270,270,0
2022-08-12 13:27:00,270,270,270,270,0
2022-08-12 13:28:00,270,270,270,270,0
2022-08-12 13:29:00,270,270,270,270,0
2022-08-12 13:30:00,270,270,276,270,1500
2022-08-12 13:31:00,270,270,276,270,0
2022-08-12 13:32:00,272,272,276,276,500
2022-08-12 13:33:00,276,272,278,272,5900
2022-08-12 13:34:00,272,272,272,272,100
2022-08-12 13:35:00,272,272,272,272,1400
2022-08-12 13:36:00,272,272,272,272,6200
2022-08-12 13:37:00,272,272,272,272,0
2022-08-12 13:38:00,272,272,272,272,0
2022-08-12 13:39:00,272,272,272,272,3500
2022-08-12 13:40:00,272,272,272,272,0
2022-08-12 13:41:00,276,276,278,278,32000
2022-08-12 13:42:00,280,280,280,280,9000
2022-08-12 13:43:00,280,278,280,278,0
2022-08-12 13:44:00,278,278,280,280,8100
2022-08-12 13:45:00,280,278,280,280,13900
2022-08-12 13:46:00,280,278,280,280,7900
2022-08-12 13:47:00,280,278,282,282,13000
2022-08-12 13:48:00,282,282,286,286,276100
2022-08-12 13:49:00,286,286,286,286,9900
2022-08-12 13:50:00,286,286,286,286,400
2022-08-12 13:51:00,286,286,286,286,0
2022-08-12 13:52:00,286,286,286,286,0
2022-08-12 13:53:00,286,286,286,286,1800
2022-08-12 13:54:00,286,286,286,286,0
2022-08-12 13:55:00,286,286,286,286,0
2022-08-12 13:56:00,286,286,286,286,4700
2022-08-12 13:57:00,286,286,286,286,0
2022-08-12 13:58:00,286,286,286,286,0
2022-08-12 13:59:00,286,286,286,286,1900
2022-08-12 14:00:00,286,286,286,286,0
2022-08-12 14:01:00,286,286,286,286,0
2022-08-12 14:02:00,286,286,286,286,100
2022-08-12 14:03:00,286,286,286,286,0
2022-08-12 14:04:00,286,286,286,286,0
2022-08-12 14:05:00,286,286,286,286,16900
2022-08-12 14:06:00,286,286,286,286,0
2022-08-12 14:07:00,286,286,286,286,3900
2022-08-12 14:08:00,286,286,286,286,0
2022-08-12 14:09:00,286,286,286,286,200
2022-08-12 14:10:00,286,286,286,286,1900
2022-08-12 14:11:00,286,286,286,286,0
2022-08-12 14:12:00,286,286,286,286,0
2022-08-12 14:13:00,286,286,286,286,0
2022-08-12 14:14:00,286,286,286,286,0
2022-08-12 14:15:00,286,286,286,286,0
2022-08-12 14:16:00,286,286,286,286,0
2022-08-12 14:17:00,286,286,286,286,0
2022-08-12 14:18:00,286,286,286,286,0
2022-08-12 14:19:00,286,286,286,286,0
2022-08-12 14:20:00,286,286,286,286,8100
2022-08-12 14:21:00,286,286,286,286,0
2022-08-12 14:22:00,286,286,286,286,0
2022-08-12 14:23:00,286,286,286,286,0
2022-08-12 14:24:00,286,286,286,286,0
2022-08-12 14:25:00,286,286,286,286,0
2022-08-12 14:26:00,286,286,286,286,0
2022-08-12 14:27:00,286,286,286,286,0
2022-08-12 14:28:00,286,286,286,286,0
2022-08-12 14:29:00,286,286,286,286,0
2022-08-12 14:30:00,286,286,286,286,0
2022-08-12 14:31:00,286,286,286,286,0
2022-08-12 14:32:00,286,286,286,286,500
2022-08-12 14:33:00,286,286,286,286,0
2022-08-12 14:34:00,286,286,286,286,0
2022-08-12 14:35:00,286,286,286,286,100
2022-08-12 14:36:00,286,286,286,286,0
2022-08-12 14:37:00,286,286,286,286,0
2022-08-12 14:38:00,286,286,286,286,0
2022-08-12 14:39:00,286,286,286,286,0
2022-08-12 14:40:00,286,286,286,286,0
2022-08-12 14:41:00,286,286,286,286,0
2022-08-12 14:42:00,286,286,286,286,0
2022-08-12 14:43:00,286,286,286,286,0
2022-08-12 14:44:00,286,286,286,286,0
2022-08-12 14:45:00,286,286,286,286,0
2022-08-12 14:46:00,286,286,286,286,0
2022-08-12 14:47:00,286,286,286,286,0
2022-08-12 14:48:00,286,286,286,286,0
2022-08-12 14:49:00,286,286,286,286,0
2022-08-12 14:50:00,286,286,286,286,0
2022-08-12 14:51:00,286,286,286,286,0
2022-08-12 14:52:00,286,286,286,286,0
2022-08-12 14:53:00,286,286,286,286,0
2022-08-12 14:54:00,286,286,286,286,0
2022-08-12 14:55:00,286,286,286,286,0
2022-08-12 14:56:00,286,286,286,286,0
2022-08-12 14:57:00,286,286,286,286,0
2022-08-12 14:58:00,286,286,286,286,0
2022-08-12 14:59:00,286,286,286,286,0
2022-08-12 15:00:00,286,286,286,286,1600
2022-08-12 15:01:00,286,286,286,286,0
2022-08-12 15:02:00,286,286,286,286,0
2022-08-12 15:03:00,286,286,286,286,0
2022-08-12 15:04:00,286,286,286,286,0
2022-08-12 15:05:00,286,286,286,286,0
2022-08-12 15:06:00,286,286,286,286,0
2022-08-12 15:07:00,286,286,286,286,0
2022-08-12 15:08:00,286,286,286,286,0
2022-08-12 15:09:00,286,286,286,286,0
2022-08-12 15:10:00,286,286,286,286,0
2022-08-12 15:11:00,286,286,286,286,0
2022-08-12 15:12:00,286,286,286,286,200
2022-08-12 15:13:00,286,286,286,286,0
2022-08-12 15:14:00,286,286,286,286,0
2022-08-12 15:15:00,286,286,286,286,0
2022-08-12 15:16:00,286,286,286,286,0
2022-08-12 15:17:00,286,286,286,286,0
2022-08-12 15:18:00,286,286,286,286,0
2022-08-12 15:19:00,286,286,286,286,0
2022-08-12 15:20:00,286,286,286,286,0
2022-08-12 15:21:00,286,286,286,286,0
2022-08-12 15:22:00,286,286,286,286,0
2022-08-12 15:23:00,286,286,286,286,0
2022-08-12 15:24:00,286,286,286,286,0
2022-08-12 15:25:00,286,286,286,286,0
2022-08-12 15:26:00,286,286,286,286,0
2022-08-12 15:27:00,286,286,286,286,0
2022-08-12 15:28:00,286,286,286,286,0
2022-08-12 15:29:00,286,286,286,286,0
2022-08-12 15:30:00,286,286,286,286,0
2022-08-12 15:31:00,286,286,286,286,0
2022-08-12 15:32:00,286,286,286,286,0
2022-08-12 15:33:00,286,286,286,286,0
2022-08-12 15:34:00,286,286,286,286,0
2022-08-12 15:35:00,286,286,286,286,0
2022-08-12 15:36:00,286,286,286,286,0
2022-08-12 15:37:00,286,286,286,286,0
2022-08-12 15:38:00,286,286,286,286,0
2022-08-12 15:39:00,286,286,286,286,0
2022-08-12 15:40:00,286,286,286,286,0
2022-08-12 15:41:00,286,286,286,286,0
2022-08-12 15:42:00,286,286,286,286,0
2022-08-12 15:43:00,286,286,286,286,0
2022-08-12 15:44:00,286,286,286,286,0
2022-08-12 15:45:00,286,286,286,286,0
2022-08-12 15:46:00,286,286,286,286,0
2022-08-12 15:47:00,286,286,286,286,0
2022-08-12 15:48:00,286,286,286,286,0
2022-08-12 15:49:00,286,286,286,286,0
2022-08-12 15:50:00,286,286,286,286,0
2022-08-12 15:51:00,286,286,286,286,0
2022-08-12 15:52:00,286,286,286,286,0
2022-08-12 15:53:00,286,286,286,286,0
2022-08-12 15:54:00,286,286,286,286,0
2022-08-12 15:55:00,286,286,286,286,0
2022-08-12 15:56:00,286,286,286,286,0
2022-08-12 15:57:00,286,286,286,286,0
2022-08-12 15:58:00,286,286,286,286,0
2022-08-12 15:59:00,286,286,286,286,0
2022-08-15 09:00:00,314,314,322,322,2900
2022-08-15 09:01:00,346,346,348,348,21400
2022-08-15 09:02:00,346,344,346,346,12200
2022-08-15 09:03:00,344,332,344,344,18100
2022-08-15 09:04:00,344,344,344,344,23000
2022-08-15 09:05:00,344,344,346,346,1800
2022-08-15 09:06:00,346,344,346,344,27100
2022-08-15 09:07:00,344,344,346,346,11200
2022-08-15 09:08:00,346,344,346,344,2400
2022-08-15 09:09:00,344,340,344,340,1800
2022-08-15 09:10:00,344,332,344,336,6000
2022-08-15 09:11:00,336,332,336,332,11700
2022-08-15 09:12:00,332,332,336,336,4500
2022-08-15 09:13:00,336,334,336,334,11600
2022-08-15 09:14:00,334,334,340,340,11800
2022-08-15 09:15:00,340,340,342,342,1900
2022-08-15 09:16:00,342,342,344,344,4800
2022-08-15 09:17:00,344,340,344,340,27800
2022-08-15 09:18:00,342,340,344,342,4400
2022-08-15 09:19:00,342,342,344,344,7600
2022-08-15 09:20:00,346,344,350,350,54400
2022-08-15 09:21:00,350,346,350,346,2800
2022-08-15 09:22:00,346,344,350,344,11300
2022-08-15 09:23:00,342,340,344,344,5000
2022-08-15 09:24:00,344,342,344,344,0
2022-08-15 09:25:00,344,344,352,352,28800
2022-08-15 09:26:00,352,344,352,350,9300
2022-08-15 09:27:00,350,346,350,346,11700
2022-08-15 09:28:00,346,344,346,344,64100
2022-08-15 09:29:00,344,334,344,334,14200
2022-08-15 09:30:00,340,336,340,336,11100
2022-08-15 09:31:00,336,336,350,346,59900
2022-08-15 09:32:00,346,340,346,340,2000
2022-08-15 09:33:00,342,342,344,344,700
2022-08-15 09:34:00,342,340,344,340,13900
2022-08-15 09:35:00,344,338,344,338,11800
2022-08-15 09:36:00,338,338,342,342,0
2022-08-15 09:37:00,340,340,340,340,100
2022-08-15 09:38:00,340,340,342,342,800
2022-08-15 09:39:00,342,338,342,340,18400
2022-08-15 09:40:00,342,342,342,342,3400
2022-08-15 09:41:00,340,338,342,342,24500
2022-08-15 09:42:00,342,338,342,342,800
2022-08-15 09:43:00,340,340,340,340,4000
2022-08-15 09:44:00,340,340,340,340,0
2022-08-15 09:45:00,342,342,342,342,25900
2022-08-15 09:46:00,340,340,342,342,0
2022-08-15 09:47:00,340,340,342,342,0
2022-08-15 09:48:00,340,336,340,336,7100
2022-08-15 09:49:00,336,336,340,336,2700
2022-08-15 09:50:00,336,336,340,340,25600
2022-08-15 09:51:00,340,340,340,340,100
2022-08-15 09:52:00,340,338,340,340,15100
2022-08-15 09:53:00,340,338,340,340,600
2022-08-15 09:54:00,340,338,340,338,2000
2022-08-15 09:55:00,336,336,338,338,900
2022-08-15 09:56:00,340,340,342,342,27800
2022-08-15 09:57:00,342,342,344,344,0
2022-08-15 09:58:00,344,344,346,346,5900
2022-08-15 09:59:00,346,346,346,346,6600
2022-08-15 10:00:00,344,342,344,344,0
2022-08-15 10:01:00,344,344,344,344,0
2022-08-15 10:02:00,344,344,344,344,0
2022-08-15 10:03:00,342,342,342,342,14000
2022-08-15 10:04:00,342,342,342,342,0
2022-08-15 10:05:00,342,342,342,342,5300
2022-08-15 10:06:00,342,342,342,342,0
2022-08-15 10:07:00,344,344,344,344,0
2022-08-15 10:08:00,344,340,344,340,27700
2022-08-15 10:09:00,340,340,340,340,1200
2022-08-15 10:10:00,340,340,340,340,0
2022-08-15 10:11:00,340,340,342,342,11400
2022-08-15 10:12:00,344,342,344,342,8900
2022-08-15 10:13:00,342,340,342,340,27500
2022-08-15 10:14:00,340,340,340,340,6200
2022-08-15 10:15:00,340,340,340,340,0
2022-08-15 10:16:00,338,338,340,340,300
2022-08-15 10:17:00,338,338,340,340,0
2022-08-15 10:18:00,338,338,338,338,6800
2022-08-15 10:19:00,338,338,338,338,13500
2022-08-15 10:20:00,338,338,338,338,0
2022-08-15 10:21:00,340,338,340,338,45800
2022-08-15 10:22:00,340,338,340,338,0
2022-08-15 10:23:00,336,336,338,338,0
2022-08-15 10:24:00,336,336,338,338,8300
2022-08-15 10:25:00,336,336,336,336,6500
2022-08-15 10:26:00,336,336,338,338,5300
2022-08-15 10:27:00,338,338,340,340,4000
2022-08-15 10:28:00,340,340,340,340,2000
2022-08-15 10:29:00,338,338,338,338,2900
2022-08-15 10:30:00,336,336,340,340,0
2022-08-15 10:31:00,340,340,340,340,900
2022-08-15 10:32:00,340,340,340,340,0
2022-08-15 10:33:00,338,338,340,340,300
2022-08-15 10:34:00,338,338,338,338,5500
2022-08-15 10:35:00,338,338,338,338,0
2022-08-15 10:36:00,336,336,336,336,10700
2022-08-15 10:37:00,336,336,336,336,2800
2022-08-15 10:38:00,334,334,336,336,17300
2022-08-15 10:39:00,334,334,336,336,0
2022-08-15 10:40:00,334,334,336,336,0
2022-08-15 10:41:00,334,334,336,336,0
2022-08-15 10:42:00,334,334,334,334,7400
2022-08-15 10:43:00,332,332,332,332,6400
2022-08-15 10:44:00,334,334,336,336,0
2022-08-15 10:45:00,332,328,332,328,28700
2022-08-15 10:46:00,330,328,330,328,7200
2022-08-15 10:47:00,326,320,326,320,16700
2022-08-15 10:48:00,320,320,324,324,0
2022-08-15 10:49:00,322,314,322,314,101800
2022-08-15 10:50:00,314,292,314,292,24400
2022-08-15 10:51:00,292,286,310,286,43300
2022-08-15 10:52:00,280,266,280,280,126800
2022-08-15 10:53:00,290,280,290,290,65700
2022-08-15 10:54:00,284,284,294,294,4500
2022-08-15 10:55:00,294,294,322,322,19500
2022-08-15 10:56:00,324,300,324,300,1800
2022-08-15 10:57:00,300,300,300,300,3200
2022-08-15 10:58:00,318,318,318,318,7300
2022-08-15 10:59:00,318,318,318,318,1900
2022-08-15 11:00:00,316,316,316,316,1600
2022-08-15 11:01:00,314,314,314,314,3000
2022-08-15 11:02:00,314,314,314,314,0
2022-08-15 11:03:00,314,302,314,302,4600
2022-08-15 11:04:00,302,302,302,302,1300
2022-08-15 11:05:00,310,302,310,302,1400
2022-08-15 11:06:00,304,300,304,300,2700
2022-08-15 11:07:00,300,298,300,300,4700
2022-08-15 11:08:00,300,300,300,300,200
2022-08-15 11:09:00,300,300,300,300,8800
2022-08-15 11:10:00,300,300,300,300,0
2022-08-15 11:11:00,304,304,304,304,0
2022-08-15 11:12:00,302,302,302,302,0
2022-08-15 11:13:00,302,302,302,302,0
2022-08-15 11:14:00,300,298,300,298,600
2022-08-15 11:15:00,298,298,298,298,3500
2022-08-15 11:16:00,296,294,296,294,8600
2022-08-15 11:17:00,292,288,292,288,25600
2022-08-15 11:18:00,288,288,288,288,3400
2022-08-15 11:19:00,288,288,290,290,31000
2022-08-15 11:20:00,290,288,292,292,27800
2022-08-15 11:21:00,292,292,302,302,3000
2022-08-15 11:22:00,300,300,302,302,300
2022-08-15 11:23:00,300,300,302,302,0
2022-08-15 11:24:00,298,296,298,296,2000
2022-08-15 11:25:00,298,296,298,296,0
2022-08-15 11:26:00,298,296,298,296,0
2022-08-15 11:27:00,298,298,298,298,0
2022-08-15 11:28:00,294,288,294,290,15400
2022-08-15 11:29:00,290,290,290,290,4500
2022-08-15 11:30:00,290,290,290,290,0
2022-08-15 11:31:00,290,290,290,290,0
2022-08-15 11:32:00,290,290,290,290,0
2022-08-15 11:33:00,290,290,290,290,0
2022-08-15 11:34:00,290,290,290,290,0
2022-08-15 11:35:00,290,290,290,290,0
2022-08-15 11:36:00,290,290,290,290,0
2022-08-15 11:37:00,290,290,290,290,0
2022-08-15 11:38:00,290,290,290,290,0
2022-08-15 11:39:00,290,290,290,290,0
2022-08-15 11:40:00,290,290,290,290,0
2022-08-15 11:41:00,290,290,290,290,0
2022-08-15 11:42:00,290,290,290,290,0
2022-08-15 11:43:00,290,290,290,290,0
2022-08-15 11:44:00,290,290,290,290,0
2022-08-15 11:45:00,290,290,290,290,0
2022-08-15 11:46:00,290,290,290,290,0
2022-08-15 11:47:00,290,290,290,290,0
2022-08-15 11:48:00,290,290,290,290,0
2022-08-15 11:49:00,290,290,290,290,0
2022-08-15 11:50:00,290,290,290,290,0
2022-08-15 11:51:00,290,290,290,290,0
2022-08-15 11:52:00,290,290,290,290,0
2022-08-15 11:53:00,290,290,290,290,0
2022-08-15 11:54:00,290,290,290,290,0
2022-08-15 11:55:00,290,290,290,290,0
2022-08-15 11:56:00,290,290,290,290,0
2022-08-15 11:57:00,290,290,290,290,0
2022-08-15 11:58:00,290,290,290,290,0
2022-08-15 11:59:00,290,290,290,290,0
2022-08-15 12:00:00,290,290,290,290,0
2022-08-15 12:01:00,290,290,290,290,0
2022-08-15 12:02:00,290,290,290,290,0
2022-08-15 12:03:00,290,290,290,290,0
2022-08-15 12:04:00,290,290,290,290,0
2022-08-15 12:05:00,290,290,290,290,0
2022-08-15 12:06:00,290,290,290,290,0
2022-08-15 12:07:00,290,290,290,290,0
2022-08-15 12:08:00,290,290,290,290,0
2022-08-15 12:09:00,290,290,290,290,0
2022-08-15 12:10:00,290,290,290,290,0
2022-08-15 12:11:00,290,290,290,290,0
2022-08-15 12:12:00,290,290,290,290,0
2022-08-15 12:13:00,290,290,290,290,0
2022-08-15 12:14:00,290,290,290,290,0
2022-08-15 12:15:00,290,290,290,290,0
2022-08-15 12:16:00,290,290,290,290,0
2022-08-15 12:17:00,290,290,290,290,0
2022-08-15 12:18:00,290,290,290,290,0
2022-08-15 12:19:00,290,290,290,290,0
2022-08-15 12:20:00,290,290,290,290,0
2022-08-15 12:21:00,290,290,290,290,0
2022-08-15 12:22:00,290,290,290,290,0
2022-08-15 12:23:00,290,290,290,290,0
2022-08-15 12:24:00,290,290,290,290,0
2022-08-15 12:25:00,290,290,290,290,0
2022-08-15 12:26:00,290,290,290,290,0
2022-08-15 12:27:00,290,290,290,290,0
2022-08-15 12:28:00,290,290,290,290,0
2022-08-15 12:29:00,290,290,290,290,0
2022-08-15 12:30:00,290,290,290,290,0
2022-08-15 12:31:00,290,290,290,290,0
2022-08-15 12:32:00,290,290,290,290,0
2022-08-15 12:33:00,290,290,290,290,0
2022-08-15 12:34:00,290,290,290,290,0
2022-08-15 12:35:00,290,290,290,290,0
2022-08-15 12:36:00,290,290,290,290,0
2022-08-15 12:37:00,290,290,290,290,0
2022-08-15 12:38:00,290,290,290,290,0
2022-08-15 12:39:00,290,290,290,290,0
2022-08-15 12:40:00,290,290,290,290,0
2022-08-15 12:41:00,290,290,290,290,0
2022-08-15 12:42:00,290,290,290,290,0
2022-08-15 12:43:00,290,290,290,290,0
2022-08-15 12:44:00,290,290,290,290,0
2022-08-15 12:45:00,290,290,290,290,0
2022-08-15 12:46:00,290,290,290,290,0
2022-08-15 12:47:00,290,290,290,290,0
2022-08-15 12:48:00,290,290,290,290,0
2022-08-15 12:49:00,290,290,290,290,0
2022-08-15 12:50:00,290,290,290,290,0
2022-08-15 12:51:00,290,290,290,290,0
2022-08-15 12:52:00,290,290,290,290,0
2022-08-15 12:53:00,290,290,290,290,0
2022-08-15 12:54:00,290,290,290,290,0
2022-08-15 12:55:00,290,290,290,290,0
2022-08-15 12:56:00,290,290,290,290,0
2022-08-15 12:57:00,290,290,290,290,0
2022-08-15 12:58:00,290,290,290,290,0
2022-08-15 12:59:00,290,290,290,290,0
2022-08-15 13:00:00,290,290,290,290,0
2022-08-15 13:01:00,290,290,290,290,0
2022-08-15 13:02:00,290,290,290,290,0
2022-08-15 13:03:00,290,290,290,290,0
2022-08-15 13:04:00,290,290,290,290,0
2022-08-15 13:05:00,290,290,290,290,0
2022-08-15 13:06:00,290,290,290,290,0
2022-08-15 13:07:00,290,290,290,290,0
2022-08-15 13:08:00,290,290,290,290,0
2022-08-15 13:09:00,290,290,290,290,0
2022-08-15 13:10:00,290,290,290,290,0
2022-08-15 13:11:00,290,290,290,290,0
2022-08-15 13:12:00,290,290,290,290,0
2022-08-15 13:13:00,290,290,290,290,0
2022-08-15 13:14:00,290,290,290,290,0
2022-08-15 13:15:00,290,290,290,290,0
2022-08-15 13:16:00,290,290,290,290,0
2022-08-15 13:17:00,290,290,290,290,0
2022-08-15 13:18:00,290,290,290,290,0
2022-08-15 13:19:00,290,290,290,290,0
2022-08-15 13:20:00,290,290,290,290,0
2022-08-15 13:21:00,290,290,290,290,0
2022-08-15 13:22:00,290,290,290,290,0
2022-08-15 13:23:00,290,290,290,290,0
2022-08-15 13:24:00,290,290,290,290,0
2022-08-15 13:25:00,290,290,290,290,0
2022-08-15 13:26:00,290,290,290,290,0
2022-08-15 13:27:00,290,290,290,290,0
2022-08-15 13:28:00,290,290,290,290,0
2022-08-15 13:29:00,290,290,290,290,0
2022-08-15 13:30:00,290,288,290,290,5200
2022-08-15 13:31:00,290,288,290,290,0
2022-08-15 13:32:00,290,288,290,290,0
2022-08-15 13:33:00,290,290,290,290,1600
2022-08-15 13:34:00,290,290,290,290,14200
2022-08-15 13:35:00,290,290,290,290,0
2022-08-15 13:36:00,290,288,290,288,8400
2022-08-15 13:37:00,290,290,290,290,25100
2022-08-15 13:38:00,290,284,290,284,7900
2022-08-15 13:39:00,280,280,280,280,1300
2022-08-15 13:40:00,284,284,284,284,2600
2022-08-15 13:41:00,284,282,284,282,27900
2022-08-15 13:42:00,280,280,280,280,0
2022-08-15 13:43:00,282,282,282,282,0
2022-08-15 13:44:00,282,282,282,282,0
2022-08-15 13:45:00,282,282,282,282,100
2022-08-15 13:46:00,286,286,286,286,100
2022-08-15 13:47:00,282,282,282,282,11300
2022-08-15 13:48:00,282,282,282,282,0
2022-08-15 13:49:00,280,280,280,280,0
2022-08-15 13:50:00,280,280,280,280,0
2022-08-15 13:51:00,280,280,280,280,0
2022-08-15 13:52:00,280,280,280,280,79800
2022-08-15 13:53:00,280,280,280,280,0
2022-08-15 13:54:00,280,280,282,282,0
2022-08-15 13:55:00,282,280,282,280,41700
2022-08-15 13:56:00,280,280,280,280,0
2022-08-15 13:57:00,280,280,280,280,0
2022-08-15 13:58:00,280,280,280,280,0
2022-08-15 13:59:00,278,278,278,278,200
2022-08-15 14:00:00,278,274,278,274,2000
2022-08-15 14:01:00,272,272,272,272,2300
2022-08-15 14:02:00,270,270,272,272,84500
2022-08-15 14:03:00,272,266,280,266,23600
2022-08-15 14:04:00,266,266,280,276,51400
2022-08-15 14:05:00,268,268,268,268,900
2022-08-15 14:06:00,268,268,268,268,500
2022-08-15 14:07:00,270,270,276,276,2300
2022-08-15 14:08:00,276,270,276,270,0
2022-08-15 14:09:00,276,270,276,270,0
2022-08-15 14:10:00,272,270,272,270,300
2022-08-15 14:11:00,276,274,276,274,100
2022-08-15 14:12:00,274,272,274,272,600
2022-08-15 14:13:00,276,272,286,272,40900
2022-08-15 14:14:00,284,284,284,284,100
2022-08-15 14:15:00,286,286,286,286,1000
2022-08-15 14:16:00,286,286,286,286,0
2022-08-15 14:17:00,284,284,284,284,1000
2022-08-15 14:18:00,284,284,284,284,0
2022-08-15 14:19:00,284,284,284,284,0
2022-08-15 14:20:00,272,266,272,272,72300
2022-08-15 14:21:00,272,272,282,282,1400
2022-08-15 14:22:00,272,272,282,282,0
2022-08-15 14:23:00,272,272,282,282,0
2022-08-15 14:24:00,272,272,282,282,0
2022-08-15 14:25:00,272,270,272,270,6100
2022-08-15 14:26:00,270,270,270,270,0
2022-08-15 14:27:00,270,270,270,270,0
2022-08-15 14:28:00,270,270,270,270,0
2022-08-15 14:29:00,270,270,270,270,500
2022-08-15 14:30:00,270,270,270,270,0
2022-08-15 14:31:00,270,270,270,270,0
2022-08-15 14:32:00,270,268,270,268,46500
2022-08-15 14:33:00,268,268,268,268,0
2022-08-15 14:34:00,268,268,268,268,0
2022-08-15 14:35:00,268,268,268,268,0
2022-08-15 14:36:00,268,268,268,268,0
2022-08-15 14:37:00,268,268,268,268,0
2022-08-15 14:38:00,268,268,268,268,0
2022-08-15 14:39:00,268,266,268,266,24300
2022-08-15 14:40:00,266,266,268,266,9200
2022-08-15 14:41:00,266,266,266,266,12100
2022-08-15 14:42:00,268,268,268,268,5600
2022-08-15 14:43:00,266,266,266,266,0
2022-08-15 14:44:00,268,268,268,268,0
2022-08-15 14:45:00,268,268,268,268,0
2022-08-15 14:46:00,268,268,268,268,0
2022-08-15 14:47:00,266,266,266,266,4800
2022-08-15 14:48:00,266,266,266,266,37700
2022-08-15 14:49:00,266,266,266,266,0
2022-08-15 14:50:00,266,266,266,266,0
2022-08-15 14:51:00,266,266,266,266,0
2022-08-15 14:52:00,266,266,266,266,0
2022-08-15 14:53:00,266,266,266,266,0
2022-08-15 14:54:00,266,266,266,266,0
2022-08-15 14:55:00,266,266,266,266,0
2022-08-15 14:56:00,266,266,266,266,0
2022-08-15 14:57:00,266,266,266,266,0
2022-08-15 14:58:00,266,266,266,266,0
2022-08-15 14:59:00,266,266,266,266,0
2022-08-15 15:00:00,266,266,266,266,9400
2022-08-15 15:01:00,266,266,266,266,100
2022-08-15 15:02:00,266,266,266,266,0
2022-08-15 15:03:00,266,266,266,266,0
2022-08-15 15:04:00,266,266,266,266,0
2022-08-15 15:05:00,266,266,266,266,0
2022-08-15 15:06:00,266,266,266,266,0
2022-08-15 15:07:00,266,266,266,266,0
2022-08-15 15:08:00,266,266,266,266,0
2022-08-15 15:09:00,266,266,266,266,4000
2022-08-15 15:10:00,266,266,266,266,0
2022-08-15 15:11:00,266,266,266,266,0
2022-08-15 15:12:00,266,266,266,266,0
2022-08-15 15:13:00,266,266,266,266,0
2022-08-15 15:14:00,266,266,266,266,0
2022-08-15 15:15:00,266,266,266,266,0
2022-08-15 15:16:00,266,266,266,266,0
2022-08-15 15:17:00,266,266,266,266,0
2022-08-15 15:18:00,266,266,266,266,0
2022-08-15 15:19:00,266,266,266,266,0
2022-08-15 15:20:00,266,266,266,266,0
2022-08-15 15:21:00,266,266,266,266,0
2022-08-15 15:22:00,266,266,266,266,0
2022-08-15 15:23:00,266,266,266,266,0
2022-08-15 15:24:00,266,266,266,266,0
2022-08-15 15:25:00,266,266,266,266,0
2022-08-15 15:26:00,266,266,266,266,0
2022-08-15 15:27:00,266,266,266,266,0
2022-08-15 15:28:00,266,266,266,266,0
2022-08-15 15:29:00,266,266,266,266,0
2022-08-15 15:30:00,266,266,266,266,0
2022-08-15 15:31:00,266,266,266,266,0
2022-08-15 15:32:00,266,266,266,266,0
2022-08-15 15:33:00,266,266,266,266,0
2022-08-15 15:34:00,266,266,266,266,0
2022-08-15 15:35:00,266,266,266,266,0
2022-08-15 15:36:00,266,266,266,266,0
2022-08-15 15:37:00,266,266,266,266,0
2022-08-15 15:38:00,266,266,266,266,0
2022-08-15 15:39:00,266,266,266,266,0
2022-08-15 15:40:00,266,266,266,266,0
2022-08-15 15:41:00,266,266,266,266,0
2022-08-15 15:42:00,266,266,266,266,0
2022-08-15 15:43:00,266,266,266,266,0
2022-08-15 15:44:00,266,266,266,266,0
2022-08-15 15:45:00,266,266,266,266,0
2022-08-15 15:46:00,266,266,266,266,0
2022-08-15 15:47:00,266,266,266,266,0
2022-08-15 15:48:00,266,266,266,266,0
2022-08-15 15:49:00,266,266,266,266,0
2022-08-15 15:50:00,266,266,266,266,0
2022-08-15 15:51:00,266,266,266,266,0
2022-08-15 15:52:00,266,266,266,266,0
2022-08-15 15:53:00,266,266,266,266,0
2022-08-15 15:54:00,266,266,266,266,0
2022-08-15 15:55:00,266,266,266,266,0
2022-08-15 15:56:00,266,266,266,266,0
2022-08-15 15:57:00,266,266,266,266,0
2022-08-15 15:58:00,266,266,266,266,0
2022-08-15 15:59:00,266,266,266,266,0
2022-08-16 09:00:00,266,266,266,266,3100
2022-08-16 09:01:00,266,266,266,266,0
2022-08-16 09:02:00,266,266,266,266,6000
2022-08-16 09:03:00,266,266,266,266,0
2022-08-16 09:04:00,266,266,266,266,0
2022-08-16 09:05:00,266,266,266,266,0
2022-08-16 09:06:00,266,266,266,266,300
2022-08-16 09:07:00,270,270,276,276,100
2022-08-16 09:08:00,270,270,270,270,600
2022-08-16 09:09:00,270,270,270,270,0
2022-08-16 09:10:00,272,272,272,272,100
2022-08-16 09:11:00,272,272,272,272,0
2022-08-16 09:12:00,272,272,272,272,0
2022-08-16 09:13:00,276,276,276,276,2400
2022-08-16 09:14:00,276,276,276,276,900
2022-08-16 09:15:00,276,276,276,276,3500
2022-08-16 09:16:00,278,276,278,276,10300
2022-08-16 09:17:00,276,276,276,276,0
2022-08-16 09:18:00,276,276,278,278,0
2022-08-16 09:19:00,278,278,278,278,10300
2022-08-16 09:20:00,276,276,276,276,0
2022-08-16 09:21:00,276,276,276,276,0
2022-08-16 09:22:00,276,276,276,276,300
2022-08-16 09:23:00,276,276,276,276,200
2022-08-16 09:24:00,274,274,274,274,1900
2022-08-16 09:25:00,272,272,272,272,400
2022-08-16 09:26:00,274,274,276,276,1300
2022-08-16 09:27:00,274,274,276,276,0
2022-08-16 09:28:00,276,276,276,276,0
2022-08-16 09:29:00,276,276,276,276,0
2022-08-16 09:30:00,276,276,276,276,0
2022-08-16 09:31:00,276,276,276,276,0
2022-08-16 09:32:00,276,276,276,276,0
2022-08-16 09:33:00,276,276,276,276,0
2022-08-16 09:34:00,272,272,272,272,1000
2022-08-16 09:35:00,270,270,270,270,600
2022-08-16 09:36:00,270,270,272,272,1400
2022-08-16 09:37:00,270,270,272,272,0
2022-08-16 09:38:00,274,274,274,274,800
2022-08-16 09:39:00,272,270,272,270,7600
2022-08-16 09:40:00,272,270,272,270,0
2022-08-16 09:41:00,272,270,272,270,0
2022-08-16 09:42:00,272,270,272,270,0
2022-08-16 09:43:00,272,270,272,270,0
2022-08-16 09:44:00,272,270,272,270,0
2022-08-16 09:45:00,272,270,272,270,0
2022-08-16 09:46:00,272,270,272,270,0
2022-08-16 09:47:00,272,270,272,270,0
2022-08-16 09:48:00,272,270,272,270,0
2022-08-16 09:49:00,272,270,272,270,0
2022-08-16 09:50:00,272,270,272,270,0
2022-08-16 09:51:00,272,270,272,270,0
2022-08-16 09:52:00,270,270,270,270,2600
2022-08-16 09:53:00,268,268,268,268,6900
2022-08-16 09:54:00,268,268,268,268,0
2022-08-16 09:55:00,268,268,268,268,0
2022-08-16 09:56:00,268,268,268,268,0
2022-08-16 09:57:00,260,260,260,260,3000
2022-08-16 09:58:00,258,256,258,256,8700
2022-08-16 09:59:00,258,256,258,256,0
2022-08-16 10:00:00,260,260,260,260,0
2022-08-16 10:01:00,260,260,260,260,100
2022-08-16 10:02:00,256,256,256,256,7200
2022-08-16 10:03:00,256,256,256,256,17300
2022-08-16 10:04:00,256,256,256,256,0
2022-08-16 10:05:00,252,250,252,250,0
2022-08-16 10:06:00,250,250,250,250,4300
2022-08-16 10:07:00,250,250,250,250,0
2022-08-16 10:08:00,250,250,250,250,0
2022-08-16 10:09:00,252,252,252,252,1400
2022-08-16 10:10:00,252,252,252,252,0
2022-08-16 10:11:00,250,250,250,250,4000
2022-08-16 10:12:00,250,250,250,250,0
2022-08-16 10:13:00,252,252,252,252,0
2022-08-16 10:14:00,252,252,252,252,0
2022-08-16 10:15:00,252,252,252,252,2500
2022-08-16 10:16:00,256,256,256,256,0
2022-08-16 10:17:00,256,256,256,256,2900
2022-08-16 10:18:00,256,256,256,256,0
2022-08-16 10:19:00,256,256,256,256,0
2022-08-16 10:20:00,256,256,256,256,0
2022-08-16 10:21:00,256,256,256,256,0
2022-08-16 10:22:00,256,256,256,256,0
2022-08-16 10:23:00,256,256,256,256,0
2022-08-16 10:24:00,256,256,256,256,400
2022-08-16 10:25:00,256,256,256,256,0
2022-08-16 10:26:00,256,256,256,256,0
2022-08-16 10:27:00,256,256,256,256,0
2022-08-16 10:28:00,254,254,254,254,6000
2022-08-16 10:29:00,254,254,254,254,0
2022-08-16 10:30:00,254,254,254,254,0
2022-08-16 10:31:00,252,252,252,252,0
2022-08-16 10:32:00,252,252,252,252,0
2022-08-16 10:33:00,252,252,252,252,0
2022-08-16 10:34:00,252,252,252,252,0
2022-08-16 10:35:00,252,252,252,252,0
2022-08-16 10:36:00,252,252,252,252,0
2022-08-16 10:37:00,252,252,252,252,0
2022-08-16 10:38:00,252,252,252,252,7800
2022-08-16 10:39:00,252,252,252,252,0
2022-08-16 10:40:00,252,250,252,250,900
2022-08-16 10:41:00,252,250,252,250,0
2022-08-16 10:42:00,252,250,252,250,0
2022-08-16 10:43:00,250,248,250,248,59600
2022-08-16 10:44:00,250,248,250,248,0
2022-08-16 10:45:00,248,248,248,248,27400
2022-08-16 10:46:00,248,248,248,248,0
2022-08-16 10:47:00,248,248,248,248,100
2022-08-16 10:48:00,250,250,250,250,0
2022-08-16 10:49:00,250,250,250,250,0
2022-08-16 10:50:00,250,250,250,250,100
2022-08-16 10:51:00,250,250,250,250,0
2022-08-16 10:52:00,250,250,250,250,0
2022-08-16 10:53:00,250,250,250,250,0
2022-08-16 10:54:00,250,250,250,250,500
2022-08-16 10:55:00,250,250,250,250,5200
2022-08-16 10:56:00,250,250,250,250,0
2022-08-16 10:57:00,250,250,250,250,0
2022-08-16 10:58:00,250,250,250,250,0
2022-08-16 10:59:00,250,250,250,250,0
2022-08-16 11:00:00,250,250,250,250,200
2022-08-16 11:01:00,250,250,250,250,0
2022-08-16 11:02:00,250,250,250,250,0
2022-08-16 11:03:00,250,250,250,250,0
2022-08-16 11:04:00,250,250,250,250,0
2022-08-16 11:05:00,250,250,250,250,0
2022-08-16 11:06:00,250,250,250,250,0
2022-08-16 11:07:00,250,250,250,250,0
2022-08-16 11:08:00,250,250,250,250,0
2022-08-16 11:09:00,250,250,250,250,0
2022-08-16 11:10:00,250,250,250,250,0
2022-08-16 11:11:00,250,250,250,250,0
2022-08-16 11:12:00,250,250,250,250,0
2022-08-16 11:13:00,250,250,250,250,1700
2022-08-16 11:14:00,250,250,250,250,0
2022-08-16 11:15:00,250,250,250,250,0
2022-08-16 11:16:00,250,250,250,250,0
2022-08-16 11:17:00,250,250,250,250,0
2022-08-16 11:18:00,250,250,250,250,0
2022-08-16 11:19:00,250,250,250,250,0
2022-08-16 11:20:00,250,250,250,250,0
2022-08-16 11:21:00,250,250,250,250,0
2022-08-16 11:22:00,250,250,250,250,0
2022-08-16 11:23:00,250,250,250,250,0
2022-08-16 11:24:00,250,250,250,250,0
2022-08-16 11:25:00,250,250,250,250,0
2022-08-16 11:26:00,250,250,250,250,0
2022-08-16 11:27:00,250,250,250,250,0
2022-08-16 11:28:00,250,250,250,250,0
2022-08-16 11:29:00,250,250,250,250,0
2022-08-16 11:30:00,250,250,250,250,0
2022-08-16 11:31:00,250,250,250,250,0
2022-08-16 11:32:00,250,250,250,250,0
2022-08-16 11:33:00,250,250,250,250,0
2022-08-16 11:34:00,250,250,250,250,0
2022-08-16 11:35:00,250,250,250,250,0
2022-08-16 11:36:00,250,250,250,250,0
2022-08-16 11:37:00,250,250,250,250,0
2022-08-16 11:38:00,250,250,250,250,0
2022-08-16 11:39:00,250,250,250,250,0
2022-08-16 11:40:00,250,250,250,250,0
2022-08-16 11:41:00,250,250,250,250,0
2022-08-16 11:42:00,250,250,250,250,0
2022-08-16 11:43:00,250,250,250,250,0
2022-08-16 11:44:00,250,250,250,250,0
2022-08-16 11:45:00,250,250,250,250,0
2022-08-16 11:46:00,250,250,250,250,0
2022-08-16 11:47:00,250,250,250,250,0
2022-08-16 11:48:00,250,250,250,250,0
2022-08-16 11:49:00,250,250,250,250,0
2022-08-16 11:50:00,250,250,250,250,0
2022-08-16 11:51:00,250,250,250,250,0
2022-08-16 11:52:00,250,250,250,250,0
2022-08-16 11:53:00,250,250,250,250,0
2022-08-16 11:54:00,250,250,250,250,0
2022-08-16 11:55:00,250,250,250,250,0
2022-08-16 11:56:00,250,250,250,250,0
2022-08-16 11:57:00,250,250,250,250,0
2022-08-16 11:58:00,250,250,250,250,0
2022-08-16 11:59:00,250,250,250,250,0
2022-08-16 12:00:00,250,250,250,250,0
2022-08-16 12:01:00,250,250,250,250,0
2022-08-16 12:02:00,250,250,250,250,0
2022-08-16 12:03:00,250,250,250,250,0
2022-08-16 12:04:00,250,250,250,250,0
2022-08-16 12:05:00,250,250,250,250,0
2022-08-16 12:06:00,250,250,250,250,0
2022-08-16 12:07:00,250,250,250,250,0
2022-08-16 12:08:00,250,250,250,250,0
2022-08-16 12:09:00,250,250,250,250,0
2022-08-16 12:10:00,250,250,250,250,0
2022-08-16 12:11:00,250,250,250,250,0
2022-08-16 12:12:00,250,250,250,250,0
2022-08-16 12:13:00,250,250,250,250,0
2022-08-16 12:14:00,250,250,250,250,0
2022-08-16 12:15:00,250,250,250,250,0
2022-08-16 12:16:00,250,250,250,250,0
2022-08-16 12:17:00,250,250,250,250,0
2022-08-16 12:18:00,250,250,250,250,0
2022-08-16 12:19:00,250,250,250,250,0
2022-08-16 12:20:00,250,250,250,250,0
2022-08-16 12:21:00,250,250,250,250,0
2022-08-16 12:22:00,250,250,250,250,0
2022-08-16 12:23:00,250,250,250,250,0
2022-08-16 12:24:00,250,250,250,250,0
2022-08-16 12:25:00,250,250,250,250,0
2022-08-16 12:26:00,250,250,250,250,0
2022-08-16 12:27:00,250,250,250,250,0
2022-08-16 12:28:00,250,250,250,250,0
2022-08-16 12:29:00,250,250,250,250,0
2022-08-16 12:30:00,250,250,250,250,0
2022-08-16 12:31:00,250,250,250,250,0
2022-08-16 12:32:00,250,250,250,250,0
2022-08-16 12:33:00,250,250,250,250,0
2022-08-16 12:34:00,250,250,250,250,0
2022-08-16 12:35:00,250,250,250,250,0
2022-08-16 12:36:00,250,250,250,250,0
2022-08-16 12:37:00,250,250,250,250,0
2022-08-16 12:38:00,250,250,250,250,0
2022-08-16 12:39:00,250,250,250,250,0
2022-08-16 12:40:00,250,250,250,250,0
2022-08-16 12:41:00,250,250,250,250,0
2022-08-16 12:42:00,250,250,250,250,0
2022-08-16 12:43:00,250,250,250,250,0
2022-08-16 12:44:00,250,250,250,250,0
2022-08-16 12:45:00,250,250,250,250,0
2022-08-16 12:46:00,250,250,250,250,0
2022-08-16 12:47:00,250,250,250,250,0
2022-08-16 12:48:00,250,250,250,250,0
2022-08-16 12:49:00,250,250,250,250,0
2022-08-16 12:50:00,250,250,250,250,0
2022-08-16 12:51:00,250,250,250,250,0
2022-08-16 12:52:00,250,250,250,250,0
2022-08-16 12:53:00,250,250,250,250,0
2022-08-16 12:54:00,250,250,250,250,0
2022-08-16 12:55:00,250,250,250,250,0
2022-08-16 12:56:00,250,250,250,250,0
2022-08-16 12:57:00,250,250,250,250,0
2022-08-16 12:58:00,250,250,250,250,0
2022-08-16 12:59:00,250,250,250,250,0
2022-08-16 13:00:00,250,250,250,250,0
2022-08-16 13:01:00,250,250,250,250,0
2022-08-16 13:02:00,250,250,250,250,0
2022-08-16 13:03:00,250,250,250,250,0
2022-08-16 13:04:00,250,250,250,250,0
2022-08-16 13:05:00,250,250,250,250,0
2022-08-16 13:06:00,250,250,250,250,0
2022-08-16 13:07:00,250,250,250,250,0
2022-08-16 13:08:00,250,250,250,250,0
2022-08-16 13:09:00,250,250,250,250,0
2022-08-16 13:10:00,250,250,250,250,0
2022-08-16 13:11:00,250,250,250,250,0
2022-08-16 13:12:00,250,250,250,250,0
2022-08-16 13:13:00,250,250,250,250,0
2022-08-16 13:14:00,250,250,250,250,0
2022-08-16 13:15:00,250,250,250,250,0
2022-08-16 13:16:00,250,250,250,250,0
2022-08-16 13:17:00,250,250,250,250,0
2022-08-16 13:18:00,250,250,250,250,0
2022-08-16 13:19:00,250,250,250,250,0
2022-08-16 13:20:00,250,250,250,250,0
2022-08-16 13:21:00,250,250,250,250,0
2022-08-16 13:22:00,250,250,250,250,0
2022-08-16 13:23:00,250,250,250,250,0
2022-08-16 13:24:00,250,250,250,250,0
2022-08-16 13:25:00,250,250,250,250,0
2022-08-16 13:26:00,250,250,250,250,0
2022-08-16 13:27:00,250,250,250,250,0
2022-08-16 13:28:00,250,250,250,250,0
2022-08-16 13:29:00,250,250,250,250,0
2022-08-16 13:30:00,250,250,250,250,6500
2022-08-16 13:31:00,250,250,250,250,0
2022-08-16 13:32:00,250,250,250,250,0
2022-08-16 13:33:00,250,250,250,250,0
2022-08-16 13:34:00,250,250,250,250,0
2022-08-16 13:35:00,250,250,250,250,0
2022-08-16 13:36:00,248,248,248,248,12700
2022-08-16 13:37:00,248,248,248,248,4600
2022-08-16 13:38:00,250,250,250,250,0
2022-08-16 13:39:00,250,250,250,250,0
2022-08-16 13:40:00,250,250,250,250,0
2022-08-16 13:41:00,250,250,250,250,0
2022-08-16 13:42:00,250,250,250,250,0
2022-08-16 13:43:00,250,250,250,250,0
2022-08-16 13:44:00,250,250,250,250,0
2022-08-16 13:45:00,250,250,250,250,3200
2022-08-16 13:46:00,250,250,250,250,0
2022-08-16 13:47:00,250,250,250,250,0
2022-08-16 13:48:00,248,248,248,248,0
2022-08-16 13:49:00,248,248,248,248,0
2022-08-16 13:50:00,248,248,248,248,400
2022-08-16 13:51:00,250,250,250,250,0
2022-08-16 13:52:00,250,250,250,250,3200
2022-08-16 13:53:00,250,250,250,250,0
2022-08-16 13:54:00,248,248,248,248,0
2022-08-16 13:55:00,250,250,250,250,400
2022-08-16 13:56:00,250,250,250,250,0
2022-08-16 13:57:00,248,248,248,248,200
2022-08-16 13:58:00,248,248,248,248,1600
2022-08-16 13:59:00,248,248,248,248,7600
2022-08-16 14:00:00,248,248,248,248,0
2022-08-16 14:01:00,248,248,248,248,0
2022-08-16 14:02:00,248,248,248,248,0
2022-08-16 14:03:00,248,248,248,248,0
2022-08-16 14:04:00,248,248,248,248,0
2022-08-16 14:05:00,248,248,248,248,0
2022-08-16 14:06:00,248,248,248,248,0
2022-08-16 14:07:00,248,248,248,248,0
2022-08-16 14:08:00,248,248,248,248,100
2022-08-16 14:09:00,248,248,248,248,0
2022-08-16 14:10:00,248,248,248,248,0
2022-08-16 14:11:00,248,248,248,248,0
2022-08-16 14:12:00,248,248,248,248,0
2022-08-16 14:13:00,248,248,248,248,0
2022-08-16 14:14:00,248,248,248,248,3200
2022-08-16 14:15:00,248,248,248,248,0
2022-08-16 14:16:00,248,248,248,248,0
2022-08-16 14:17:00,248,248,248,248,0
2022-08-16 14:18:00,248,248,248,248,0
2022-08-16 14:19:00,248,248,248,248,0
2022-08-16 14:20:00,248,248,248,248,0
2022-08-16 14:21:00,248,248,248,248,0
2022-08-16 14:22:00,248,248,248,248,0
2022-08-16 14:23:00,248,248,248,248,0
2022-08-16 14:24:00,248,248,248,248,0
2022-08-16 14:25:00,248,248,248,248,2800
2022-08-16 14:26:00,248,248,248,248,0
2022-08-16 14:27:00,248,248,248,248,0
2022-08-16 14:28:00,248,248,248,248,0
2022-08-16 14:29:00,248,248,248,248,0
2022-08-16 14:30:00,248,248,248,248,0
2022-08-16 14:31:00,248,248,248,248,200
2022-08-16 14:32:00,248,248,248,248,0
2022-08-16 14:33:00,248,248,248,248,0
2022-08-16 14:34:00,248,248,248,248,0
2022-08-16 14:35:00,248,248,248,248,200
2022-08-16 14:36:00,248,248,248,248,0
2022-08-16 14:37:00,248,248,248,248,0
2022-08-16 14:38:00,248,248,248,248,0
2022-08-16 14:39:00,248,248,248,248,0
2022-08-16 14:40:00,248,248,248,248,0
2022-08-16 14:41:00,248,248,248,248,0
2022-08-16 14:42:00,248,248,248,248,0
2022-08-16 14:43:00,248,248,248,248,0
2022-08-16 14:44:00,248,248,248,248,0
2022-08-16 14:45:00,248,248,248,248,0
2022-08-16 14:46:00,248,248,248,248,0
2022-08-16 14:47:00,248,248,248,248,0
2022-08-16 14:48:00,248,248,248,248,0
2022-08-16 14:49:00,248,248,248,248,0
2022-08-16 14:50:00,248,248,248,248,0
2022-08-16 14:51:00,248,248,248,248,0
2022-08-16 14:52:00,248,248,248,248,0
2022-08-16 14:53:00,248,248,248,248,0
2022-08-16 14:54:00,248,248,248,248,0
2022-08-16 14:55:00,248,248,248,248,0
2022-08-16 14:56:00,248,248,248,248,0
2022-08-16 14:57:00,248,248,248,248,0
2022-08-16 14:58:00,248,248,248,248,0
2022-08-16 14:59:00,248,248,248,248,0
2022-08-16 15:00:00,248,248,248,248,0
2022-08-16 15:01:00,248,248,248,248,0
2022-08-16 15:02:00,248,248,248,248,0
2022-08-16 15:03:00,248,248,248,248,0
2022-08-16 15:04:00,248,248,248,248,0
2022-08-16 15:05:00,248,248,248,248,0
2022-08-16 15:06:00,248,248,248,248,0
2022-08-16 15:07:00,248,248,248,248,0
2022-08-16 15:08:00,248,248,248,248,0
2022-08-16 15:09:00,248,248,248,248,0
2022-08-16 15:10:00,248,248,248,248,0
2022-08-16 15:11:00,248,248,248,248,0
2022-08-16 15:12:00,248,248,248,248,0
2022-08-16 15:13:00,248,248,248,248,0
2022-08-16 15:14:00,248,248,248,248,0
2022-08-16 15:15:00,248,248,248,248,0
2022-08-16 15:16:00,248,248,248,248,0
2022-08-16 15:17:00,248,248,248,248,0
2022-08-16 15:18:00,248,248,248,248,0
2022-08-16 15:19:00,248,248,248,248,0
2022-08-16 15:20:00,248,248,248,248,0
2022-08-16 15:21:00,248,248,248,248,0
2022-08-16 15:22:00,248,248,248,248,0
2022-08-16 15:23:00,248,248,248,248,0
2022-08-16 15:24:00,248,248,248,248,0
2022-08-16 15:25:00,248,248,248,248,0
2022-08-16 15:26:00,248,248,248,248,0
2022-08-16 15:27:00,248,248,248,248,0
2022-08-16 15:28:00,248,248,248,248,0
2022-08-16 15:29:00,248,248,248,248,0
2022-08-16 15:30:00,248,248,248,248,0
2022-08-16 15:31:00,248,248,248,248,0
2022-08-16 15:32:00,248,248,248,248,0
2022-08-16 15:33:00,248,248,248,248,0
2022-08-16 15:34:00,248,248,248,248,0
2022-08-16 15:35:00,248,248,248,248,0
2022-08-16 15:36:00,248,248,248,248,0
2022-08-16 15:37:00,248,248,248,248,0
2022-08-16 15:38:00,248,248,248,248,0
2022-08-16 15:39:00,248,248,248,248,0
2022-08-16 15:40:00,248,248,248,248,0
2022-08-16 15:41:00,248,248,248,248,0
2022-08-16 15:42:00,248,248,248,248,0
2022-08-16 15:43:00,248,248,248,248,0
2022-08-16 15:44:00,248,248,248,248,0
2022-08-16 15:45:00,248,248,248,248,0
2022-08-16 15:46:00,248,248,248,248,0
2022-08-16 15:47:00,248,248,248,248,0
2022-08-16 15:48:00,248,248,248,248,0
2022-08-16 15:49:00,248,248,248,248,0
2022-08-16 15:50:00,248,248,248,248,0
2022-08-16 15:51:00,248,248,248,248,0
2022-08-16 15:52:00,248,248,248,248,0
2022-08-16 15:53:00,248,248,248,248,0
2022-08-16 15:54:00,248,248,248,248,0
2022-08-16 15:55:00,248,248,248,248,0
2022-08-16 15:56:00,248,248,248,248,0
2022-08-16 15:57:00,248,248,248,248,0
2022-08-16 15:58:00,248,248,248,248,0
2022-08-16 15:59:00,248,248,248,248,0
2022-08-17 09:00:00,248,248,248,248,0
2022-08-17 09:01:00,248,248,248,248,0
2022-08-17 09:02:00,248,248,248,248,0
2022-08-17 09:03:00,248,248,248,248,0
2022-08-17 09:04:00,248,248,248,248,0
2022-08-17 09:05:00,248,248,248,248,0
2022-08-17 09:06:00,248,248,248,248,0
2022-08-17 09:07:00,248,248,248,248,0
2022-08-17 09:08:00,248,248,248,248,0
2022-08-17 09:09:00,248,248,248,248,0
2022-08-17 09:10:00,248,248,248,248,0
2022-08-17 09:11:00,248,248,248,248,0
2022-08-17 09:12:00,248,248,248,248,0
2022-08-17 09:13:00,248,248,248,248,0
2022-08-17 09:14:00,248,248,248,248,0
2022-08-17 09:15:00,248,248,248,248,0
2022-08-17 09:16:00,248,248,248,248,0
2022-08-17 09:17:00,248,248,248,248,0
2022-08-17 09:18:00,248,248,248,248,0
2022-08-17 09:19:00,248,248,248,248,0
2022-08-17 09:20:00,248,248,248,248,0
2022-08-17 09:21:00,248,248,248,248,0
2022-08-17 09:22:00,248,248,248,248,0
2022-08-17 09:23:00,248,248,248,248,0
2022-08-17 09:24:00,248,248,248,248,0
2022-08-17 09:25:00,248,248,248,248,0
2022-08-17 09:26:00,248,248,248,248,0
2022-08-17 09:27:00,248,248,248,248,0
2022-08-17 09:28:00,248,248,248,248,0
2022-08-17 09:29:00,248,248,248,248,0
2022-08-17 09:30:00,248,248,248,248,0
2022-08-17 09:31:00,248,248,248,248,0
2022-08-17 09:32:00,248,248,248,248,0
2022-08-17 09:33:00,248,248,248,248,0
2022-08-17 09:34:00,248,248,248,248,0
2022-08-17 09:35:00,248,248,248,248,0
2022-08-17 09:36:00,248,248,248,248,0
2022-08-17 09:37:00,248,248,248,248,0
2022-08-17 09:38:00,248,248,248,248,0
2022-08-17 09:39:00,248,248,248,248,0
2022-08-17 09:40:00,248,248,248,248,0
2022-08-17 09:41:00,248,248,248,248,0
2022-08-17 09:42:00,248,248,248,248,0
2022-08-17 09:43:00,248,248,248,248,0
2022-08-17 09:44:00,248,248,248,248,0
2022-08-17 09:45:00,248,248,248,248,0
2022-08-17 09:46:00,248,248,248,248,0
2022-08-17 09:47:00,248,248,248,248,0
2022-08-17 09:48:00,248,248,248,248,0
2022-08-17 09:49:00,248,248,248,248,0
2022-08-17 09:50:00,248,248,248,248,0
2022-08-17 09:51:00,248,248,248,248,0
2022-08-17 09:52:00,248,248,248,248,0
2022-08-17 09:53:00,248,248,248,248,0
2022-08-17 09:54:00,248,248,248,248,0
2022-08-17 09:55:00,248,248,248,248,0
2022-08-17 09:56:00,248,248,248,248,0
2022-08-17 09:57:00,248,248,248,248,0
2022-08-17 09:58:00,248,248,248,248,0
2022-08-17 09:59:00,248,248,248,248,0
2022-08-17 10:00:00,248,248,248,248,0
2022-08-17 10:01:00,248,248,248,248,0
2022-08-17 10:02:00,248,248,248,248,0
2022-08-17 10:03:00,248,248,248,248,0
2022-08-17 10:04:00,248,248,248,248,0
2022-08-17 10:05:00,248,248,248,248,0
2022-08-17 10:06:00,248,248,248,248,0
2022-08-17 10:07:00,248,248,248,248,0
2022-08-17 10:08:00,248,248,248,248,0
2022-08-17 10:09:00,248,248,248,248,0
2022-08-17 10:10:00,248,248,248,248,0
2022-08-17 10:11:00,248,248,248,248,0
2022-08-17 10:12:00,248,248,248,248,0
2022-08-17 10:13:00,248,248,248,248,0
2022-08-17 10:14:00,248,248,248,248,0
2022-08-17 10:15:00,248,248,248,248,0
2022-08-17 10:16:00,248,248,248,248,0
2022-08-17 10:17:00,248,248,248,248,0
2022-08-17 10:18:00,248,248,248,248,0
2022-08-17 10:19:00,248,248,248,248,0
2022-08-17 10:20:00,248,248,248,248,0
2022-08-17 10:21:00,248,248,248,248,0
2022-08-17 10:22:00,248,248,248,248,0
2022-08-17 10:23:00,248,248,248,248,0
2022-08-17 10:24:00,248,248,248,248,0
2022-08-17 10:25:00,248,248,248,248,0
2022-08-17 10:26:00,248,248,248,248,0
2022-08-17 10:27:00,248,248,248,248,0
2022-08-17 10:28:00,248,248,248,248,0
2022-08-17 10:29:00,248,248,248,248,0
2022-08-17 10:30:00,248,248,248,248,0
2022-08-17 10:31:00,248,248,248,248,0
2022-08-17 10:32:00,248,248,248,248,0
2022-08-17 10:33:00,248,248,248,248,0
2022-08-17 10:34:00,248,248,248,248,0
2022-08-17 10:35:00,248,248,248,248,0
2022-08-17 10:36:00,248,248,248,248,0
2022-08-17 10:37:00,248,248,248,248,0
2022-08-17 10:38:00,248,248,248,248,0
2022-08-17 10:39:00,248,248,248,248,0
2022-08-17 10:40:00,248,248,248,248,0
2022-08-17 10:41:00,248,248,248,248,0
2022-08-17 10:42:00,248,248,248,248,0
2022-08-17 10:43:00,248,248,248,248,0
2022-08-17 10:44:00,248,248,248,248,0
2022-08-17 10:45:00,248,248,248,248,0
2022-08-17 10:46:00,248,248,248,248,0
2022-08-17 10:47:00,248,248,248,248,0
2022-08-17 10:48:00,248,248,248,248,0
2022-08-17 10:49:00,248,248,248,248,0
2022-08-17 10:50:00,248,248,248,248,0
2022-08-17 10:51:00,248,248,248,248,0
2022-08-17 10:52:00,248,248,248,248,0
2022-08-17 10:53:00,248,248,248,248,0
2022-08-17 10:54:00,248,248,248,248,0
2022-08-17 10:55:00,248,248,248,248,0
2022-08-17 10:56:00,248,248,248,248,0
2022-08-17 10:57:00,248,248,248,248,0
2022-08-17 10:58:00,248,248,248,248,0
2022-08-17 10:59:00,248,248,248,248,0
2022-08-17 11:00:00,248,248,248,248,0
2022-08-17 11:01:00,248,248,248,248,0
2022-08-17 11:02:00,248,248,248,248,0
2022-08-17 11:03:00,248,248,248,248,0
2022-08-17 11:04:00,248,248,248,248,0
2022-08-17 11:05:00,248,248,248,248,0
2022-08-17 11:06:00,248,248,248,248,0
2022-08-17 11:07:00,248,248,248,248,0
2022-08-17 11:08:00,248,248,248,248,0
2022-08-17 11:09:00,248,248,248,248,0
2022-08-17 11:10:00,248,248,248,248,0
2022-08-17 11:11:00,248,248,248,248,0
2022-08-17 11:12:00,248,248,248,248,0
2022-08-17 11:13:00,248,248,248,248,0
2022-08-17 11:14:00,248,248,248,248,0
2022-08-17 11:15:00,248,248,248,248,0
2022-08-17 11:16:00,248,248,248,248,0
2022-08-17 11:17:00,248,248,248,248,0
2022-08-17 11:18:00,248,248,248,248,0
2022-08-17 11:19:00,248,248,248,248,0
2022-08-17 11:20:00,248,248,248,248,0
2022-08-17 11:21:00,248,248,248,248,0
2022-08-17 11:22:00,248,248,248,248,0
2022-08-17 11:23:00,248,248,248,248,0
2022-08-17 11:24:00,248,248,248,248,0
2022-08-17 11:25:00,248,248,248,248,0
2022-08-17 11:26:00,248,248,248,248,0
2022-08-17 11:27:00,248,248,248,248,0
2022-08-17 11:28:00,248,248,248,248,0
2022-08-17 11:29:00,248,248,248,248,0
2022-08-17 11:30:00,248,248,248,248,0
2022-08-17 11:31:00,248,248,248,248,0
2022-08-17 11:32:00,248,248,248,248,0
2022-08-17 11:33:00,248,248,248,248,0
2022-08-17 11:34:00,248,248,248,248,0
2022-08-17 11:35:00,248,248,248,248,0
2022-08-17 11:36:00,248,248,248,248,0
2022-08-17 11:37:00,248,248,248,248,0
2022-08-17 11:38:00,248,248,248,248,0
2022-08-17 11:39:00,248,248,248,248,0
2022-08-17 11:40:00,248,248,248,248,0
2022-08-17 11:41:00,248,248,248,248,0
2022-08-17 11:42:00,248,248,248,248,0
2022-08-17 11:43:00,248,248,248,248,0
2022-08-17 11:44:00,248,248,248,248,0
2022-08-17 11:45:00,248,248,248,248,0
2022-08-17 11:46:00,248,248,248,248,0
2022-08-17 11:47:00,248,248,248,248,0
2022-08-17 11:48:00,248,248,248,248,0
2022-08-17 11:49:00,248,248,248,248,0
2022-08-17 11:50:00,248,248,248,248,0
2022-08-17 11:51:00,248,248,248,248,0
2022-08-17 11:52:00,248,248,248,248,0
2022-08-17 11:53:00,248,248,248,248,0
2022-08-17 11:54:00,248,248,248,248,0
2022-08-17 11:55:00,248,248,248,248,0
2022-08-17 11:56:00,248,248,248,248,0
2022-08-17 11:57:00,248,248,248,248,0
2022-08-17 11:58:00,248,248,248,248,0
2022-08-17 11:59:00,248,248,248,248,0
2022-08-17 12:00:00,248,248,248,248,0
2022-08-17 12:01:00,248,248,248,248,0
2022-08-17 12:02:00,248,248,248,248,0
2022-08-17 12:03:00,248,248,248,248,0
2022-08-17 12:04:00,248,248,248,248,0
2022-08-17 12:05:00,248,248,248,248,0
2022-08-17 12:06:00,248,248,248,248,0
2022-08-17 12:07:00,248,248,248,248,0
2022-08-17 12:08:00,248,248,248,248,0
2022-08-17 12:09:00,248,248,248,248,0
2022-08-17 12:10:00,248,248,248,248,0
2022-08-17 12:11:00,248,248,248,248,0
2022-08-17 12:12:00,248,248,248,248,0
2022-08-17 12:13:00,248,248,248,248,0
2022-08-17 12:14:00,248,248,248,248,0
2022-08-17 12:15:00,248,248,248,248,0
2022-08-17 12:16:00,248,248,248,248,0
2022-08-17 12:17:00,248,248,248,248,0
2022-08-17 12:18:00,248,248,248,248,0
2022-08-17 12:19:00,248,248,248,248,0
2022-08-17 12:20:00,248,248,248,248,0
2022-08-17 12:21:00,248,248,248,248,0
2022-08-17 12:22:00,248,248,248,248,0
2022-08-17 12:23:00,248,248,248,248,0
2022-08-17 12:24:00,248,248,248,248,0
2022-08-17 12:25:00,248,248,248,248,0
2022-08-17 12:26:00,248,248,248,248,0
2022-08-17 12:27:00,248,248,248,248,0
2022-08-17 12:28:00,248,248,248,248,0
2022-08-17 12:29:00,248,248,248,248,0
2022-08-17 12:30:00,248,248,248,248,0
2022-08-17 12:31:00,248,248,248,248,0
2022-08-17 12:32:00,248,248,248,248,0
2022-08-17 12:33:00,248,248,248,248,0
2022-08-17 12:34:00,248,248,248,248,0
2022-08-17 12:35:00,248,248,248,248,0
2022-08-17 12:36:00,248,248,248,248,0
2022-08-17 12:37:00,248,248,248,248,0
2022-08-17 12:38:00,248,248,248,248,0
2022-08-17 12:39:00,248,248,248,248,0
2022-08-17 12:40:00,248,248,248,248,0
2022-08-17 12:41:00,248,248,248,248,0
2022-08-17 12:42:00,248,248,248,248,0
2022-08-17 12:43:00,248,248,248,248,0
2022-08-17 12:44:00,248,248,248,248,0
2022-08-17 12:45:00,248,248,248,248,0
2022-08-17 12:46:00,248,248,248,248,0
2022-08-17 12:47:00,248,248,248,248,0
2022-08-17 12:48:00,248,248,248,248,0
2022-08-17 12:49:00,248,248,248,248,0
2022-08-17 12:50:00,248,248,248,248,0
2022-08-17 12:51:00,248,248,248,248,0
2022-08-17 12:52:00,248,248,248,248,0
2022-08-17 12:53:00,248,248,248,248,0
2022-08-17 12:54:00,248,248,248,248,0
2022-08-17 12:55:00,248,248,248,248,0
2022-08-17 12:56:00,248,248,248,248,0
2022-08-17 12:57:00,248,248,248,248,0
2022-08-17 12:58:00,248,248,248,248,0
2022-08-17 12:59:00,248,248,248,248,0
2022-08-17 13:00:00,248,248,248,248,0
2022-08-17 13:01:00,248,248,248,248,0
2022-08-17 13:02:00,248,248,248,248,0
2022-08-17 13:03:00,248,248,248,248,0
2022-08-17 13:04:00,248,248,248,248,0
2022-08-17 13:05:00,248,248,248,248,0
2022-08-17 13:06:00,248,248,248,248,0
2022-08-17 13:07:00,248,248,248,248,0
2022-08-17 13:08:00,248,248,248,248,0
2022-08-17 13:09:00,248,248,248,248,0
2022-08-17 13:10:00,248,248,248,248,0
2022-08-17 13:11:00,248,248,248,248,0
2022-08-17 13:12:00,248,248,248,248,0
2022-08-17 13:13:00,248,248,248,248,0
2022-08-17 13:14:00,248,248,248,248,0
2022-08-17 13:15:00,248,248,248,248,0
2022-08-17 13:16:00,248,248,248,248,0
2022-08-17 13:17:00,248,248,248,248,0
2022-08-17 13:18:00,248,248,248,248,0
2022-08-17 13:19:00,248,248,248,248,0
2022-08-17 13:20:00,248,248,248,248,0
2022-08-17 13:21:00,248,248,248,248,0
2022-08-17 13:22:00,248,248,248,248,0
2022-08-17 13:23:00,248,248,248,248,0
2022-08-17 13:24:00,248,248,248,248,0
2022-08-17 13:25:00,248,248,248,248,0
2022-08-17 13:26:00,248,248,248,248,0
2022-08-17 13:27:00,248,248,248,248,0
2022-08-17 13:28:00,248,248,248,248,0
2022-08-17 13:29:00,248,248,248,248,0
2022-08-17 13:30:00,248,248,248,248,0
2022-08-17 13:31:00,248,248,248,248,0
2022-08-17 13:32:00,248,248,248,248,0
2022-08-17 13:33:00,248,248,248,248,0
2022-08-17 13:34:00,248,248,248,248,0
2022-08-17 13:35:00,248,248,248,248,0
2022-08-17 13:36:00,248,248,248,248,0
2022-08-17 13:37:00,248,248,248,248,0
2022-08-17 13:38:00,248,248,248,248,0
2022-08-17 13:39:00,248,248,248,248,0
2022-08-17 13:40:00,248,248,248,248,0
2022-08-17 13:41:00,248,248,248,248,0
2022-08-17 13:42:00,248,248,248,248,0
2022-08-17 13:43:00,248,248,248,248,0
2022-08-17 13:44:00,248,248,248,248,0
2022-08-17 13:45:00,248,248,248,248,0
2022-08-17 13:46:00,248,248,248,248,0
2022-08-17 13:47:00,248,248,248,248,0
2022-08-17 13:48:00,248,248,248,248,0
2022-08-17 13:49:00,248,248,248,248,0
2022-08-17 13:50:00,248,248,248,248,0
2022-08-17 13:51:00,248,248,248,248,0
2022-08-17 13:52:00,248,248,248,248,0
2022-08-17 13:53:00,248,248,248,248,0
2022-08-17 13:54:00,248,248,248,248,0
2022-08-17 13:55:00,248,248,248,248,0
2022-08-17 13:56:00,248,248,248,248,0
2022-08-17 13:57:00,248,248,248,248,0
2022-08-17 13:58:00,248,248,248,248,0
2022-08-17 13:59:00,248,248,248,248,0
2022-08-17 14:00:00,248,248,248,248,0
2022-08-17 14:01:00,248,248,248,248,0
2022-08-17 14:02:00,248,248,248,248,0
2022-08-17 14:03:00,248,248,248,248,0
2022-08-17 14:04:00,248,248,248,248,0
2022-08-17 14:05:00,248,248,248,248,0
2022-08-17 14:06:00,248,248,248,248,0
2022-08-17 14:07:00,248,248,248,248,0
2022-08-17 14:08:00,248,248,248,248,0
2022-08-17 14:09:00,248,248,248,248,0
2022-08-17 14:10:00,248,248,248,248,0
2022-08-17 14:11:00,248,248,248,248,0
2022-08-17 14:12:00,248,248,248,248,0
2022-08-17 14:13:00,248,248,248,248,0
2022-08-17 14:14:00,248,248,248,248,0
2022-08-17 14:15:00,248,248,248,248,0
2022-08-17 14:16:00,248,248,248,248,0
2022-08-17 14:17:00,248,248,248,248,0
2022-08-17 14:18:00,248,248,248,248,0
2022-08-17 14:19:00,248,248,248,248,0
2022-08-17 14:20:00,248,248,248,248,0
2022-08-17 14:21:00,248,248,248,248,0
2022-08-17 14:22:00,248,248,248,248,0
2022-08-17 14:23:00,248,248,248,248,0
2022-08-17 14:24:00,248,248,248,248,0
2022-08-17 14:25:00,248,248,248,248,0
2022-08-17 14:26:00,248,248,248,248,0
2022-08-17 14:27:00,248,248,248,248,0
2022-08-17 14:28:00,248,248,248,248,0
2022-08-17 14:29:00,248,248,248,248,0
2022-08-17 14:30:00,248,248,248,248,0
2022-08-17 14:31:00,248,248,248,248,0
2022-08-17 14:32:00,248,248,248,248,0
2022-08-17 14:33:00,248,248,248,248,0
2022-08-17 14:34:00,248,248,248,248,0
2022-08-17 14:35:00,248,248,248,248,0
2022-08-17 14:36:00,248,248,248,248,0
2022-08-17 14:37:00,248,248,248,248,0
2022-08-17 14:38:00,248,248,248,248,0
2022-08-17 14:39:00,248,248,248,248,0
2022-08-17 14:40:00,248,248,248,248,0
2022-08-17 14:41:00,248,248,248,248,0
2022-08-17 14:42:00,248,248,248,248,0
2022-08-17 14:43:00,248,248,248,248,0
2022-08-17 14:44:00,248,248,248,248,0
2022-08-17 14:45:00,248,248,248,248,0
2022-08-17 14:46:00,248,248,248,248,0
2022-08-17 14:47:00,248,248,248,248,0
2022-08-17 14:48:00,248,248,248,248,0
2022-08-17 14:49:00,248,248,248,248,0
2022-08-17 14:50:00,248,248,248,248,0
2022-08-17 14:51:00,248,248,248,248,0
2022-08-17 14:52:00,248,248,248,248,0
2022-08-17 14:53:00,248,248,248,248,0
2022-08-17 14:54:00,248,248,248,248,0
2022-08-17 14:55:00,248,248,248,248,0
2022-08-17 14:56:00,248,248,248,248,0
2022-08-17 14:57:00,248,248,248,248,0
2022-08-17 14:58:00,248,248,248,248,0
2022-08-17 14:59:00,248,248,248,248,0
2022-08-17 15:00:00,248,248,248,248,0
2022-08-17 15:01:00,248,248,248,248,0
2022-08-17 15:02:00,248,248,248,248,0
2022-08-17 15:03:00,248,248,248,248,0
2022-08-17 15:04:00,248,248,248,248,0
2022-08-17 15:05:00,248,248,248,248,0
2022-08-17 15:06:00,248,248,248,248,0
2022-08-17 15:07:00,248,248,248,248,0
2022-08-17 15:08:00,248,248,248,248,0
2022-08-17 15:09:00,248,248,248,248,0
2022-08-17 15:10:00,248,248,248,248,0
2022-08-17 15:11:00,248,248,248,248,0
2022-08-17 15:12:00,248,248,248,248,0
2022-08-17 15:13:00,248,248,248,248,0
2022-08-17 15:14:00,248,248,248,248,0
2022-08-17 15:15:00,248,248,248,248,0
2022-08-17 15:16:00,248,248,248,248,0
2022-08-17 15:17:00,248,248,248,248,0
2022-08-17 15:18:00,248,248,248,248,0
2022-08-17 15:19:00,248,248,248,248,0
2022-08-17 15:20:00,248,248,248,248,0
2022-08-17 15:21:00,248,248,248,248,0
2022-08-17 15:22:00,248,248,248,248,0
2022-08-17 15:23:00,248,248,248,248,0
2022-08-17 15:24:00,248,248,248,248,0
2022-08-17 15:25:00,248,248,248,248,0
2022-08-17 15:26:00,248,248,248,248,0
2022-08-17 15:27:00,248,248,248,248,0
2022-08-17 15:28:00,248,248,248,248,0
2022-08-17 15:29:00,248,248,248,248,0
2022-08-17 15:30:00,248,248,248,248,0
2022-08-17 15:31:00,248,248,248,248,0
2022-08-17 15:32:00,248,248,248,248,0
2022-08-17 15:33:00,248,248,248,248,0
2022-08-17 15:34:00,248,248,248,248,0
2022-08-17 15:35:00,248,248,248,248,0
2022-08-17 15:36:00,248,248,248,248,0
2022-08-17 15:37:00,248,248,248,248,0
2022-08-17 15:38:00,248,248,248,248,0
2022-08-17 15:39:00,248,248,248,248,0
2022-08-17 15:40:00,248,248,248,248,0
2022-08-17 15:41:00,248,248,248,248,0
2022-08-17 15:42:00,248,248,248,248,0
2022-08-17 15:43:00,248,248,248,248,0
2022-08-17 15:44:00,248,248,248,248,0
2022-08-17 15:45:00,248,248,248,248,0
2022-08-17 15:46:00,248,248,248,248,0
2022-08-17 15:47:00,248,248,248,248,0
2022-08-17 15:48:00,248,248,248,248,0
2022-08-17 15:49:00,248,248,248,248,0
2022-08-17 15:50:00,248,248,248,248,0
2022-08-17 15:51:00,248,248,248,248,0
2022-08-17 15:52:00,248,248,248,248,0
2022-08-17 15:53:00,248,248,248,248,0
2022-08-17 15:54:00,248,248,248,248,0
2022-08-17 15:55:00,248,248,248,248,0
2022-08-17 15:56:00,248,248,248,248,0
2022-08-17 15:57:00,248,248,248,248,0
2022-08-17 15:58:00,248,248,248,248,0
2022-08-17 15:59:00,248,248,248,248,0
2022-08-18 09:00:00,248,248,248,248,12700
2022-08-18 09:01:00,248,248,248,248,2600
2022-08-18 09:02:00,248,248,248,248,0
2022-08-18 09:03:00,248,248,248,248,1300
2022-08-18 09:04:00,246,234,246,234,7100
2022-08-18 09:05:00,234,234,234,234,32700
2022-08-18 09:06:00,234,232,234,232,4000
2022-08-18 09:07:00,234,234,234,234,16400
2022-08-18 09:08:00,236,236,236,236,3700
2022-08-18 09:09:00,238,238,238,238,2100
2022-08-18 09:10:00,238,238,238,238,0
2022-08-18 09:11:00,238,238,238,238,0
2022-08-18 09:12:00,238,238,238,238,0
2022-08-18 09:13:00,238,238,238,238,0
2022-08-18 09:14:00,240,240,240,240,2200
2022-08-18 09:15:00,240,240,240,240,0
2022-08-18 09:16:00,240,240,240,240,1900
2022-08-18 09:17:00,240,240,240,240,0
2022-08-18 09:18:00,240,240,240,240,9000
2022-08-18 09:19:00,240,240,240,240,0
2022-08-18 09:20:00,240,240,240,240,8500
2022-08-18 09:21:00,240,240,240,240,0
2022-08-18 09:22:00,240,240,240,240,0
2022-08-18 09:23:00,240,240,240,240,0
2022-08-18 09:24:00,238,238,238,238,400
2022-08-18 09:25:00,240,240,240,240,0
2022-08-18 09:26:00,238,236,238,236,9400
2022-08-18 09:27:00,236,236,236,236,900
2022-08-18 09:28:00,236,236,236,236,0
2022-08-18 09:29:00,236,236,236,236,0
2022-08-18 09:30:00,236,236,236,236,0
2022-08-18 09:31:00,236,236,236,236,0
2022-08-18 09:32:00,236,236,236,236,1600
2022-08-18 09:33:00,236,236,236,236,0
2022-08-18 09:34:00,236,236,236,236,0
2022-08-18 09:35:00,236,236,236,236,0
2022-08-18 09:36:00,236,236,236,236,0
2022-08-18 09:37:00,236,236,236,236,0
2022-08-18 09:38:00,236,236,236,236,0
2022-08-18 09:39:00,236,236,236,236,0
2022-08-18 09:40:00,236,236,236,236,1100
2022-08-18 09:41:00,236,236,236,236,0
2022-08-18 09:42:00,236,236,236,236,0
2022-08-18 09:43:00,236,236,236,236,0
2022-08-18 09:44:00,236,236,236,236,2300
2022-08-18 09:45:00,236,236,236,236,0
2022-08-18 09:46:00,236,236,236,236,0
2022-08-18 09:47:00,236,236,236,236,0
2022-08-18 09:48:00,236,236,236,236,0
2022-08-18 09:49:00,236,236,236,236,0
2022-08-18 09:50:00,236,236,236,236,0
2022-08-18 09:51:00,236,236,236,236,0
2022-08-18 09:52:00,236,236,236,236,0
2022-08-18 09:53:00,236,236,236,236,0
2022-08-18 09:54:00,236,236,236,236,2800
2022-08-18 09:55:00,236,236,238,238,0
2022-08-18 09:56:00,236,236,238,238,0
2022-08-18 09:57:00,236,236,238,238,0
2022-08-18 09:58:00,236,236,238,238,0
2022-08-18 09:59:00,236,236,236,236,1900
2022-08-18 10:00:00,236,236,236,236,100
2022-08-18 10:01:00,236,236,236,236,0
2022-08-18 10:02:00,236,236,236,236,0
2022-08-18 10:03:00,236,236,236,236,0
2022-08-18 10:04:00,236,236,236,236,0
2022-08-18 10:05:00,236,236,236,236,0
2022-08-18 10:06:00,236,236,236,236,0
2022-08-18 10:07:00,236,236,236,236,0
2022-08-18 10:08:00,236,236,236,236,0
2022-08-18 10:09:00,236,236,236,236,0
2022-08-18 10:10:00,236,236,236,236,0
2022-08-18 10:11:00,236,236,236,236,0
2022-08-18 10:12:00,238,238,238,238,200
2022-08-18 10:13:00,238,238,238,238,0
2022-08-18 10:14:00,238,238,238,238,0
2022-08-18 10:15:00,238,238,238,238,0
2022-08-18 10:16:00,236,236,236,236,4300
2022-08-18 10:17:00,238,234,238,238,56100
2022-08-18 10:18:00,238,238,248,248,6200
2022-08-18 10:19:00,248,248,248,248,200
2022-08-18 10:20:00,248,248,248,248,0
2022-08-18 10:21:00,248,248,248,248,0
2022-08-18 10:22:00,248,248,248,248,0
2022-08-18 10:23:00,258,258,260,260,300
2022-08-18 10:24:00,258,258,260,260,900
2022-08-18 10:25:00,258,258,260,260,0
2022-08-18 10:26:00,258,258,260,260,0
2022-08-18 10:27:00,258,258,260,260,9800
2022-08-18 10:28:00,248,248,248,248,0
2022-08-18 10:29:00,250,250,250,250,0
2022-08-18 10:30:00,250,250,250,250,0
2022-08-18 10:31:00,248,248,248,248,0
2022-08-18 10:32:00,248,248,248,248,0
2022-08-18 10:33:00,248,248,248,248,0
2022-08-18 10:34:00,248,248,248,248,0
2022-08-18 10:35:00,248,248,248,248,0
2022-08-18 10:36:00,248,248,248,248,0
2022-08-18 10:37:00,248,248,248,248,0
2022-08-18 10:38:00,248,248,248,248,0
2022-08-18 10:39:00,248,248,248,248,0
2022-08-18 10:40:00,248,248,248,248,0
2022-08-18 10:41:00,248,248,248,248,0
2022-08-18 10:42:00,248,248,248,248,0
2022-08-18 10:43:00,246,244,246,244,5700
2022-08-18 10:44:00,244,244,244,244,0
2022-08-18 10:45:00,248,248,248,248,600
2022-08-18 10:46:00,248,248,248,248,0
2022-08-18 10:47:00,248,248,248,248,0
2022-08-18 10:48:00,248,248,248,248,0
2022-08-18 10:49:00,248,248,248,248,0
2022-08-18 10:50:00,248,248,248,248,0
2022-08-18 10:51:00,248,248,248,248,0
2022-08-18 10:52:00,248,248,248,248,0
2022-08-18 10:53:00,244,244,244,244,2100
2022-08-18 10:54:00,244,244,244,244,0
2022-08-18 10:55:00,244,244,244,244,0
2022-08-18 10:56:00,244,244,244,244,0
2022-08-18 10:57:00,244,244,244,244,0
2022-08-18 10:58:00,244,244,244,244,0
2022-08-18 10:59:00,238,236,244,244,1400
2022-08-18 11:00:00,238,236,244,244,0
2022-08-18 11:01:00,238,236,244,244,0
2022-08-18 11:02:00,238,236,244,244,0
2022-08-18 11:03:00,238,236,244,244,0
2022-08-18 11:04:00,238,236,244,244,0
2022-08-18 11:05:00,238,236,244,244,0
2022-08-18 11:06:00,238,236,244,244,0
2022-08-18 11:07:00,244,244,244,244,200
2022-08-18 11:08:00,242,242,242,242,300
2022-08-18 11:09:00,242,242,242,242,0
2022-08-18 11:10:00,242,242,242,242,0
2022-08-18 11:11:00,242,242,242,242,0
2022-08-18 11:12:00,242,242,242,242,0
2022-08-18 11:13:00,242,242,244,244,26000
2022-08-18 11:14:00,242,242,244,244,0
2022-08-18 11:15:00,242,242,244,244,0
2022-08-18 11:16:00,244,240,244,240,0
2022-08-18 11:17:00,248,248,248,248,0
2022-08-18 11:18:00,248,248,248,248,0
2022-08-18 11:19:00,248,248,248,248,0
2022-08-18 11:20:00,248,248,248,248,0
2022-08-18 11:21:00,248,248,248,248,0
2022-08-18 11:22:00,248,248,248,248,0
2022-08-18 11:23:00,248,248,248,248,0
2022-08-18 11:24:00,248,248,248,248,0
2022-08-18 11:25:00,248,248,248,248,0
2022-08-18 11:26:00,248,248,248,248,0
2022-08-18 11:27:00,240,240,240,240,7100
2022-08-18 11:28:00,246,246,246,246,0
2022-08-18 11:29:00,246,246,246,246,0
2022-08-18 11:30:00,246,246,246,246,0
2022-08-18 11:31:00,246,246,246,246,0
2022-08-18 11:32:00,246,246,246,246,0
2022-08-18 11:33:00,246,246,246,246,0
2022-08-18 11:34:00,246,246,246,246,0
2022-08-18 11:35:00,246,246,246,246,0
2022-08-18 11:36:00,246,246,246,246,0
2022-08-18 11:37:00,246,246,246,246,0
2022-08-18 11:38:00,246,246,246,246,0
2022-08-18 11:39:00,246,246,246,246,0
2022-08-18 11:40:00,246,246,246,246,0
2022-08-18 11:41:00,246,246,246,246,0
2022-08-18 11:42:00,246,246,246,246,0
2022-08-18 11:43:00,246,246,246,246,0
2022-08-18 11:44:00,246,246,246,246,0
2022-08-18 11:45:00,246,246,246,246,0
2022-08-18 11:46:00,246,246,246,246,0
2022-08-18 11:47:00,246,246,246,246,0
2022-08-18 11:48:00,246,246,246,246,0
2022-08-18 11:49:00,246,246,246,246,0
2022-08-18 11:50:00,246,246,246,246,0
2022-08-18 11:51:00,246,246,246,246,0
2022-08-18 11:52:00,246,246,246,246,0
2022-08-18 11:53:00,246,246,246,246,0
2022-08-18 11:54:00,246,246,246,246,0
2022-08-18 11:55:00,246,246,246,246,0
2022-08-18 11:56:00,246,246,246,246,0
2022-08-18 11:57:00,246,246,246,246,0
2022-08-18 11:58:00,246,246,246,246,0
2022-08-18 11:59:00,246,246,246,246,0
2022-08-18 12:00:00,246,246,246,246,0
2022-08-18 12:01:00,246,246,246,246,0
2022-08-18 12:02:00,246,246,246,246,0
2022-08-18 12:03:00,246,246,246,246,0
2022-08-18 12:04:00,246,246,246,246,0
2022-08-18 12:05:00,246,246,246,246,0
2022-08-18 12:06:00,246,246,246,246,0
2022-08-18 12:07:00,246,246,246,246,0
2022-08-18 12:08:00,246,246,246,246,0
2022-08-18 12:09:00,246,246,246,246,0
2022-08-18 12:10:00,246,246,246,246,0
2022-08-18 12:11:00,246,246,246,246,0
2022-08-18 12:12:00,246,246,246,246,0
2022-08-18 12:13:00,246,246,246,246,0
2022-08-18 12:14:00,246,246,246,246,0
2022-08-18 12:15:00,246,246,246,246,0
2022-08-18 12:16:00,246,246,246,246,0
2022-08-18 12:17:00,246,246,246,246,0
2022-08-18 12:18:00,246,246,246,246,0
2022-08-18 12:19:00,246,246,246,246,0
2022-08-18 12:20:00,246,246,246,246,0
2022-08-18 12:21:00,246,246,246,246,0
2022-08-18 12:22:00,246,246,246,246,0
2022-08-18 12:23:00,246,246,246,246,0
2022-08-18 12:24:00,246,246,246,246,0
2022-08-18 12:25:00,246,246,246,246,0
2022-08-18 12:26:00,246,246,246,246,0
2022-08-18 12:27:00,246,246,246,246,0
2022-08-18 12:28:00,246,246,246,246,0
2022-08-18 12:29:00,246,246,246,246,0
2022-08-18 12:30:00,246,246,246,246,0
2022-08-18 12:31:00,246,246,246,246,0
2022-08-18 12:32:00,246,246,246,246,0
2022-08-18 12:33:00,246,246,246,246,0
2022-08-18 12:34:00,246,246,246,246,0
2022-08-18 12:35:00,246,246,246,246,0
2022-08-18 12:36:00,246,246,246,246,0
2022-08-18 12:37:00,246,246,246,246,0
2022-08-18 12:38:00,246,246,246,246,0
2022-08-18 12:39:00,246,246,246,246,0
2022-08-18 12:40:00,246,246,246,246,0
2022-08-18 12:41:00,246,246,246,246,0
2022-08-18 12:42:00,246,246,246,246,0
2022-08-18 12:43:00,246,246,246,246,0
2022-08-18 12:44:00,246,246,246,246,0
2022-08-18 12:45:00,246,246,246,246,0
2022-08-18 12:46:00,246,246,246,246,0
2022-08-18 12:47:00,246,246,246,246,0
2022-08-18 12:48:00,246,246,246,246,0
2022-08-18 12:49:00,246,246,246,246,0
2022-08-18 12:50:00,246,246,246,246,0
2022-08-18 12:51:00,246,246,246,246,0
2022-08-18 12:52:00,246,246,246,246,0
2022-08-18 12:53:00,246,246,246,246,0
2022-08-18 12:54:00,246,246,246,246,0
2022-08-18 12:55:00,246,246,246,246,0
2022-08-18 12:56:00,246,246,246,246,0
2022-08-18 12:57:00,246,246,246,246,0
2022-08-18 12:58:00,246,246,246,246,0
2022-08-18 12:59:00,246,246,246,246,0
2022-08-18 13:00:00,246,246,246,246,0
2022-08-18 13:01:00,246,246,246,246,0
2022-08-18 13:02:00,246,246,246,246,0
2022-08-18 13:03:00,246,246,246,246,0
2022-08-18 13:04:00,246,246,246,246,0
2022-08-18 13:05:00,246,246,246,246,0
2022-08-18 13:06:00,246,246,246,246,0
2022-08-18 13:07:00,246,246,246,246,0
2022-08-18 13:08:00,246,246,246,246,0
2022-08-18 13:09:00,246,246,246,246,0
2022-08-18 13:10:00,246,246,246,246,0
2022-08-18 13:11:00,246,246,246,246,0
2022-08-18 13:12:00,246,246,246,246,0
2022-08-18 13:13:00,246,246,246,246,0
2022-08-18 13:14:00,246,246,246,246,0
2022-08-18 13:15:00,246,246,246,246,0
2022-08-18 13:16:00,246,246,246,246,0
2022-08-18 13:17:00,246,246,246,246,0
2022-08-18 13:18:00,246,246,246,246,0
2022-08-18 13:19:00,246,246,246,246,0
2022-08-18 13:20:00,246,246,246,246,0
2022-08-18 13:21:00,246,246,246,246,0
2022-08-18 13:22:00,246,246,246,246,0
2022-08-18 13:23:00,246,246,246,246,0
2022-08-18 13:24:00,246,246,246,246,0
2022-08-18 13:25:00,246,246,246,246,0
2022-08-18 13:26:00,246,246,246,246,0
2022-08-18 13:27:00,246,246,246,246,0
2022-08-18 13:28:00,246,246,246,246,0
2022-08-18 13:29:00,246,246,246,246,0
2022-08-18 13:30:00,246,240,246,246,2500
2022-08-18 13:31:00,246,240,246,246,0
2022-08-18 13:32:00,246,240,246,246,0
2022-08-18 13:33:00,246,240,246,246,0
2022-08-18 13:34:00,246,240,246,246,0
2022-08-18 13:35:00,246,246,246,246,300
2022-08-18 13:36:00,246,246,246,246,0
2022-08-18 13:37:00,246,246,246,246,0
2022-08-18 13:38:00,246,246,246,246,0
2022-08-18 13:39:00,246,246,246,246,0
2022-08-18 13:40:00,246,246,246,246,0
2022-08-18 13:41:00,246,246,246,246,0
2022-08-18 13:42:00,246,246,246,246,0
2022-08-18 13:43:00,240,240,240,240,1600
2022-08-18 13:44:00,240,240,240,240,400
2022-08-18 13:45:00,240,240,240,240,1500
2022-08-18 13:46:00,240,240,240,240,800
2022-08-18 13:47:00,240,240,240,240,0
2022-08-18 13:48:00,240,240,240,240,0
2022-08-18 13:49:00,240,240,240,240,0
2022-08-18 13:50:00,240,240,240,240,0
2022-08-18 13:51:00,240,240,240,240,0
2022-08-18 13:52:00,246,246,246,246,700
2022-08-18 13:53:00,246,246,246,246,0
2022-08-18 13:54:00,246,246,246,246,0
2022-08-18 13:55:00,246,246,246,246,0
2022-08-18 13:56:00,246,246,246,246,0
2022-08-18 13:57:00,246,246,246,246,0
2022-08-18 13:58:00,246,246,246,246,0
2022-08-18 13:59:00,244,244,244,244,200
2022-08-18 14:00:00,244,244,244,244,0
2022-08-18 14:01:00,244,244,244,244,0
2022-08-18 14:02:00,246,246,246,246,100
2022-08-18 14:03:00,244,240,244,240,100
2022-08-18 14:04:00,244,240,244,240,0
2022-08-18 14:05:00,244,240,244,240,0
2022-08-18 14:06:00,244,240,244,240,0
2022-08-18 14:07:00,244,240,244,240,0
2022-08-18 14:08:00,244,240,244,240,0
2022-08-18 14:09:00,240,240,240,240,2400
2022-08-18 14:10:00,240,240,240,240,0
2022-08-18 14:11:00,240,240,240,240,0
2022-08-18 14:12:00,240,240,240,240,0
2022-08-18 14:13:00,240,240,240,240,0
2022-08-18 14:14:00,240,240,240,240,0
2022-08-18 14:15:00,240,240,240,240,0
2022-08-18 14:16:00,240,240,240,240,0
2022-08-18 14:17:00,240,240,240,240,0
2022-08-18 14:18:00,240,240,240,240,0
2022-08-18 14:19:00,240,240,240,240,0
2022-08-18 14:20:00,240,240,240,240,0
2022-08-18 14:21:00,240,240,240,240,0
2022-08-18 14:22:00,240,240,240,240,0
2022-08-18 14:23:00,240,240,240,240,0
2022-08-18 14:24:00,240,240,240,240,0
2022-08-18 14:25:00,240,240,240,240,0
2022-08-18 14:26:00,240,240,240,240,0
2022-08-18 14:27:00,240,240,240,240,0
2022-08-18 14:28:00,240,240,240,240,0
2022-08-18 14:29:00,242,242,242,242,200
2022-08-18 14:30:00,242,242,242,242,0
2022-08-18 14:31:00,240,240,240,240,400
2022-08-18 14:32:00,238,238,238,238,0
2022-08-18 14:33:00,238,238,238,238,0
2022-08-18 14:34:00,238,238,238,238,0
2022-08-18 14:35:00,238,238,238,238,0
2022-08-18 14:36:00,240,240,240,240,200
2022-08-18 14:37:00,240,240,240,240,0
2022-08-18 14:38:00,240,240,240,240,0
2022-08-18 14:39:00,240,240,240,240,0
2022-08-18 14:40:00,240,240,240,240,0
2022-08-18 14:41:00,240,240,240,240,0
2022-08-18 14:42:00,240,240,240,240,0
2022-08-18 14:43:00,240,240,240,240,0
2022-08-18 14:44:00,240,240,240,240,0
2022-08-18 14:45:00,236,236,236,236,200
2022-08-18 14:46:00,236,236,236,236,0
2022-08-18 14:47:00,236,236,236,236,0
2022-08-18 14:48:00,236,236,236,236,100
2022-08-18 14:49:00,236,236,236,236,0
2022-08-18 14:50:00,236,236,236,236,0
2022-08-18 14:51:00,236,236,236,236,0
2022-08-18 14:52:00,236,236,236,236,0
2022-08-18 14:53:00,236,236,236,236,0
2022-08-18 14:54:00,236,236,236,236,0
2022-08-18 14:55:00,236,236,236,236,0
2022-08-18 14:56:00,236,236,236,236,0
2022-08-18 14:57:00,236,236,236,236,0
2022-08-18 14:58:00,236,236,236,236,0
2022-08-18 14:59:00,236,236,236,236,0
2022-08-18 15:00:00,238,238,238,238,2600
2022-08-18 15:01:00,238,238,238,238,0
2022-08-18 15:02:00,238,238,238,238,0
2022-08-18 15:03:00,238,238,238,238,0
2022-08-18 15:04:00,238,238,238,238,0
2022-08-18 15:05:00,238,238,238,238,0
2022-08-18 15:06:00,238,238,238,238,0
2022-08-18 15:07:00,238,238,238,238,0
2022-08-18 15:08:00,238,238,238,238,0
2022-08-18 15:09:00,238,238,238,238,0
2022-08-18 15:10:00,238,238,238,238,0
2022-08-18 15:11:00,238,238,238,238,0
2022-08-18 15:12:00,238,238,238,238,0
2022-08-18 15:13:00,238,238,238,238,247100
2022-08-18 15:14:00,238,238,238,238,0
2022-08-18 15:15:00,238,238,238,238,0
2022-08-18 15:16:00,238,238,238,238,0
2022-08-18 15:17:00,238,238,238,238,0
2022-08-18 15:18:00,238,238,238,238,0
2022-08-18 15:19:00,238,238,238,238,0
2022-08-18 15:20:00,238,238,238,238,0
2022-08-18 15:21:00,238,238,238,238,0
2022-08-18 15:22:00,238,238,238,238,0
2022-08-18 15:23:00,238,238,238,238,0
2022-08-18 15:24:00,238,238,238,238,0
2022-08-18 15:25:00,238,238,238,238,0
2022-08-18 15:26:00,238,238,238,238,0
2022-08-18 15:27:00,238,238,238,238,0
2022-08-18 15:28:00,238,238,238,238,0
2022-08-18 15:29:00,238,238,238,238,0
2022-08-18 15:30:00,238,238,238,238,0
2022-08-18 15:31:00,238,238,238,238,0
2022-08-18 15:32:00,238,238,238,238,0
2022-08-18 15:33:00,238,238,238,238,0
2022-08-18 15:34:00,238,238,238,238,0
2022-08-18 15:35:00,238,238,238,238,0
2022-08-18 15:36:00,238,238,238,238,0
2022-08-18 15:37:00,238,238,238,238,0
2022-08-18 15:38:00,238,238,238,238,0
2022-08-18 15:39:00,238,238,238,238,0
2022-08-18 15:40:00,238,238,238,238,0
2022-08-18 15:41:00,238,238,238,238,0
2022-08-18 15:42:00,238,238,238,238,0
2022-08-18 15:43:00,238,238,238,238,0
2022-08-18 15:44:00,238,238,238,238,0
2022-08-18 15:45:00,238,238,238,238,0
2022-08-18 15:46:00,238,238,238,238,0
2022-08-18 15:47:00,238,238,238,238,0
2022-08-18 15:48:00,238,238,238,238,0
2022-08-18 15:49:00,238,238,238,238,0
2022-08-18 15:50:00,238,238,238,238,0
2022-08-18 15:51:00,238,238,238,238,0
2022-08-18 15:52:00,238,238,238,238,0
2022-08-18 15:53:00,238,238,238,238,0
2022-08-18 15:54:00,238,238,238,238,0
2022-08-18 15:55:00,238,238,238,238,0
2022-08-18 15:56:00,238,238,238,238,0
2022-08-18 15:57:00,238,238,238,238,0
2022-08-18 15:58:00,238,238,238,238,0
2022-08-18 15:59:00,238,238,238,238,0
2022-08-19 09:00:00,232,232,232,232,0
2022-08-19 09:01:00,232,232,232,232,6300
2022-08-19 09:02:00,234,232,234,232,4100
2022-08-19 09:03:00,236,236,236,236,0
2022-08-19 09:04:00,234,234,234,234,0
2022-08-19 09:05:00,234,234,234,234,0
2022-08-19 09:06:00,248,248,254,254,5000
2022-08-19 09:07:00,256,248,256,248,200
2022-08-19 09:08:00,256,256,256,256,0
2022-08-19 09:09:00,256,256,256,256,0
2022-08-19 09:10:00,252,250,252,252,6600
2022-08-19 09:11:00,252,250,252,252,0
2022-08-19 09:12:00,246,246,246,246,2200
2022-08-19 09:13:00,240,238,240,238,4800
2022-08-19 09:14:00,238,238,238,238,0
2022-08-19 09:15:00,238,238,238,238,0
2022-08-19 09:16:00,238,238,238,238,0
2022-08-19 09:17:00,238,238,238,238,0
2022-08-19 09:18:00,244,244,244,244,0
2022-08-19 09:19:00,244,244,244,244,0
2022-08-19 09:20:00,244,244,244,244,0
2022-08-19 09:21:00,244,244,244,244,0
2022-08-19 09:22:00,244,244,244,244,0
2022-08-19 09:23:00,244,244,244,244,0
2022-08-19 09:24:00,244,244,244,244,2600
2022-08-19 09:25:00,244,244,244,244,0
2022-08-19 09:26:00,244,244,244,244,10000
2022-08-19 09:27:00,244,244,244,244,14900
2022-08-19 09:28:00,244,244,244,244,0
2022-08-19 09:29:00,244,244,244,244,0
2022-08-19 09:30:00,244,244,244,244,100
2022-08-19 09:31:00,244,244,244,244,600
2022-08-19 09:32:00,244,244,244,244,0
2022-08-19 09:33:00,244,244,244,244,500
2022-08-19 09:34:00,244,244,244,244,0
2022-08-19 09:35:00,244,244,244,244,0
2022-08-19 09:36:00,244,244,244,244,0
2022-08-19 09:37:00,244,244,244,244,0
2022-08-19 09:38:00,244,244,244,244,0
2022-08-19 09:39:00,244,244,244,244,0
2022-08-19 09:40:00,244,244,244,244,0
2022-08-19 09:41:00,244,244,244,244,0
2022-08-19 09:42:00,244,244,244,244,0
2022-08-19 09:43:00,244,244,244,244,1700
2022-08-19 09:44:00,244,244,244,244,0
2022-08-19 09:45:00,244,244,244,244,0
2022-08-19 09:46:00,244,244,244,244,0
2022-08-19 09:47:00,244,244,244,244,0
2022-08-19 09:48:00,244,244,244,244,0
2022-08-19 09:49:00,244,244,244,244,0
2022-08-19 09:50:00,244,244,244,244,0
2022-08-19 09:51:00,244,244,244,244,0
2022-08-19 09:52:00,242,242,242,242,800
2022-08-19 09:53:00,242,242,242,242,0
2022-08-19 09:54:00,242,242,242,242,0
2022-08-19 09:55:00,242,242,242,242,0
2022-08-19 09:56:00,242,242,242,242,0
2022-08-19 09:57:00,242,242,242,242,0
2022-08-19 09:58:00,242,242,242,242,0
2022-08-19 09:59:00,242,242,242,242,0
2022-08-19 10:00:00,242,242,242,242,0
2022-08-19 10:01:00,242,242,242,242,0
2022-08-19 10:02:00,242,242,242,242,0
2022-08-19 10:03:00,242,242,242,242,0
2022-08-19 10:04:00,242,242,242,242,0
2022-08-19 10:05:00,242,242,242,242,0
2022-08-19 10:06:00,242,242,242,242,0
2022-08-19 10:07:00,244,244,244,244,200
2022-08-19 10:08:00,242,242,242,242,0
2022-08-19 10:09:00,242,242,242,242,0
2022-08-19 10:10:00,242,242,242,242,0
2022-08-19 10:11:00,244,244,244,244,800
2022-08-19 10:12:00,244,244,244,244,0
2022-08-19 10:13:00,244,244,244,244,0
2022-08-19 10:14:00,244,244,244,244,0
2022-08-19 10:15:00,244,244,244,244,0
2022-08-19 10:16:00,244,244,244,244,0
2022-08-19 10:17:00,244,244,244,244,0
2022-08-19 10:18:00,244,244,244,244,0
2022-08-19 10:19:00,244,244,244,244,0
2022-08-19 10:20:00,244,244,244,244,0
2022-08-19 10:21:00,244,244,244,244,0
2022-08-19 10:22:00,244,244,244,244,0
2022-08-19 10:23:00,244,244,244,244,0
2022-08-19 10:24:00,244,244,244,244,0
2022-08-19 10:25:00,244,244,244,244,0
2022-08-19 10:26:00,244,244,244,244,200
2022-08-19 10:27:00,244,244,244,244,700
2022-08-19 10:28:00,244,244,244,244,0
2022-08-19 10:29:00,244,244,244,244,0
2022-08-19 10:30:00,244,244,244,244,0
2022-08-19 10:31:00,244,244,244,244,0
2022-08-19 10:32:00,244,244,244,244,0
2022-08-19 10:33:00,244,244,244,244,0
2022-08-19 10:34:00,242,242,242,242,600
2022-08-19 10:35:00,242,242,242,242,0
2022-08-19 10:36:00,242,242,242,242,0
2022-08-19 10:37:00,242,242,242,242,0
2022-08-19 10:38:00,242,242,242,242,0
2022-08-19 10:39:00,242,242,242,242,0
2022-08-19 10:40:00,244,244,244,244,2900
2022-08-19 10:41:00,244,244,244,244,0
2022-08-19 10:42:00,244,244,244,244,0
2022-08-19 10:43:00,242,242,242,242,200
2022-08-19 10:44:00,242,242,242,242,0
2022-08-19 10:45:00,242,242,242,242,0
2022-08-19 10:46:00,242,242,242,242,0
2022-08-19 10:47:00,242,242,242,242,0
2022-08-19 10:48:00,242,242,242,242,0
2022-08-19 10:49:00,242,242,242,242,0
2022-08-19 10:50:00,242,242,242,242,0
2022-08-19 10:51:00,242,242,242,242,0
2022-08-19 10:52:00,242,242,242,242,0
2022-08-19 10:53:00,242,242,242,242,0
2022-08-19 10:54:00,242,240,242,240,4000
2022-08-19 10:55:00,242,240,242,240,0
2022-08-19 10:56:00,242,240,242,240,0
2022-08-19 10:57:00,242,240,242,240,0
2022-08-19 10:58:00,242,240,242,240,0
2022-08-19 10:59:00,242,240,242,240,0
2022-08-19 11:00:00,242,240,242,240,0
2022-08-19 11:01:00,242,240,242,240,0
2022-08-19 11:02:00,242,240,242,240,0
2022-08-19 11:03:00,242,240,242,240,0
2022-08-19 11:04:00,242,240,242,240,0
2022-08-19 11:05:00,242,240,242,240,0
2022-08-19 11:06:00,242,240,242,240,0
2022-08-19 11:07:00,242,240,242,240,0
2022-08-19 11:08:00,242,240,242,240,0
2022-08-19 11:09:00,240,240,240,240,100
2022-08-19 11:10:00,240,240,240,240,0
2022-08-19 11:11:00,240,240,240,240,0
2022-08-19 11:12:00,240,240,240,240,0
2022-08-19 11:13:00,240,240,240,240,0
2022-08-19 11:14:00,242,242,242,242,900
2022-08-19 11:15:00,242,242,242,242,0
2022-08-19 11:16:00,242,242,242,242,0
2022-08-19 11:17:00,242,242,242,242,0
2022-08-19 11:18:00,242,242,242,242,0
2022-08-19 11:19:00,242,242,242,242,0
2022-08-19 11:20:00,242,242,242,242,0
2022-08-19 11:21:00,242,242,242,242,200
2022-08-19 11:22:00,242,242,242,242,0
2022-08-19 11:23:00,242,242,242,242,0
2022-08-19 11:24:00,240,240,240,240,4900
2022-08-19 11:25:00,240,240,240,240,0
2022-08-19 11:26:00,240,238,240,238,5000
2022-08-19 11:27:00,240,238,240,238,0
2022-08-19 11:28:00,240,238,240,238,0
2022-08-19 11:29:00,240,238,240,238,0
2022-08-19 11:30:00,240,238,240,238,0
2022-08-19 11:31:00,240,238,240,238,0
2022-08-19 11:32:00,240,238,240,238,0
2022-08-19 11:33:00,240,238,240,238,0
2022-08-19 11:34:00,240,238,240,238,0
2022-08-19 11:35:00,240,238,240,238,0
2022-08-19 11:36:00,240,238,240,238,0
2022-08-19 11:37:00,240,238,240,238,0
2022-08-19 11:38:00,240,238,240,238,0
2022-08-19 11:39:00,240,238,240,238,0
2022-08-19 11:40:00,240,238,240,238,0
2022-08-19 11:41:00,240,238,240,238,0
2022-08-19 11:42:00,240,238,240,238,0
2022-08-19 11:43:00,240,238,240,238,0
2022-08-19 11:44:00,240,238,240,238,0
2022-08-19 11:45:00,240,238,240,238,0
2022-08-19 11:46:00,240,238,240,238,0
2022-08-19 11:47:00,240,238,240,238,0
2022-08-19 11:48:00,240,238,240,238,0
2022-08-19 11:49:00,240,238,240,238,0
2022-08-19 11:50:00,240,238,240,238,0
2022-08-19 11:51:00,240,238,240,238,0
2022-08-19 11:52:00,240,238,240,238,0
2022-08-19 11:53:00,240,238,240,238,0
2022-08-19 11:54:00,240,238,240,238,0
2022-08-19 11:55:00,240,238,240,238,0
2022-08-19 11:56:00,240,238,240,238,0
2022-08-19 11:57:00,240,238,240,238,0
2022-08-19 11:58:00,240,238,240,238,0
2022-08-19 11:59:00,240,238,240,238,0
2022-08-19 12:00:00,240,238,240,238,0
2022-08-19 12:01:00,240,238,240,238,0
2022-08-19 12:02:00,240,238,240,238,0
2022-08-19 12:03:00,240,238,240,238,0
2022-08-19 12:04:00,240,238,240,238,0
2022-08-19 12:05:00,240,238,240,238,0
2022-08-19 12:06:00,240,238,240,238,0
2022-08-19 12:07:00,240,238,240,238,0
2022-08-19 12:08:00,240,238,240,238,0
2022-08-19 12:09:00,240,238,240,238,0
2022-08-19 12:10:00,240,238,240,238,0
2022-08-19 12:11:00,240,238,240,238,0
2022-08-19 12:12:00,240,238,240,238,0
2022-08-19 12:13:00,240,238,240,238,0
2022-08-19 12:14:00,240,238,240,238,0
2022-08-19 12:15:00,240,238,240,238,0
2022-08-19 12:16:00,240,238,240,238,0
2022-08-19 12:17:00,240,238,240,238,0
2022-08-19 12:18:00,240,238,240,238,0
2022-08-19 12:19:00,240,238,240,238,0
2022-08-19 12:20:00,240,238,240,238,0
2022-08-19 12:21:00,240,238,240,238,0
2022-08-19 12:22:00,240,238,240,238,0
2022-08-19 12:23:00,240,238,240,238,0
2022-08-19 12:24:00,240,238,240,238,0
2022-08-19 12:25:00,240,238,240,238,0
2022-08-19 12:26:00,240,238,240,238,0
2022-08-19 12:27:00,240,238,240,238,0
2022-08-19 12:28:00,240,238,240,238,0
2022-08-19 12:29:00,240,238,240,238,0
2022-08-19 12:30:00,240,238,240,238,0
2022-08-19 12:31:00,240,238,240,238,0
2022-08-19 12:32:00,240,238,240,238,0
2022-08-19 12:33:00,240,238,240,238,0
2022-08-19 12:34:00,240,238,240,238,0
2022-08-19 12:35:00,240,238,240,238,0
2022-08-19 12:36:00,240,238,240,238,0
2022-08-19 12:37:00,240,238,240,238,0
2022-08-19 12:38:00,240,238,240,238,0
2022-08-19 12:39:00,240,238,240,238,0
2022-08-19 12:40:00,240,238,240,238,0
2022-08-19 12:41:00,240,238,240,238,0
2022-08-19 12:42:00,240,238,240,238,0
2022-08-19 12:43:00,240,238,240,238,0
2022-08-19 12:44:00,240,238,240,238,0
2022-08-19 12:45:00,240,238,240,238,0
2022-08-19 12:46:00,240,238,240,238,0
2022-08-19 12:47:00,240,238,240,238,0
2022-08-19 12:48:00,240,238,240,238,0
2022-08-19 12:49:00,240,238,240,238,0
2022-08-19 12:50:00,240,238,240,238,0
2022-08-19 12:51:00,240,238,240,238,0
2022-08-19 12:52:00,240,238,240,238,0
2022-08-19 12:53:00,240,238,240,238,0
2022-08-19 12:54:00,240,238,240,238,0
2022-08-19 12:55:00,240,238,240,238,0
2022-08-19 12:56:00,240,238,240,238,0
2022-08-19 12:57:00,240,238,240,238,0
2022-08-19 12:58:00,240,238,240,238,0
2022-08-19 12:59:00,240,238,240,238,0
2022-08-19 13:00:00,240,238,240,238,0
2022-08-19 13:01:00,240,238,240,238,0
2022-08-19 13:02:00,240,238,240,238,0
2022-08-19 13:03:00,240,238,240,238,0
2022-08-19 13:04:00,240,238,240,238,0
2022-08-19 13:05:00,240,238,240,238,0
2022-08-19 13:06:00,240,238,240,238,0
2022-08-19 13:07:00,240,238,240,238,0
2022-08-19 13:08:00,240,238,240,238,0
2022-08-19 13:09:00,240,238,240,238,0
2022-08-19 13:10:00,240,238,240,238,0
2022-08-19 13:11:00,240,238,240,238,0
2022-08-19 13:12:00,240,238,240,238,0
2022-08-19 13:13:00,240,238,240,238,0
2022-08-19 13:14:00,240,238,240,238,0
2022-08-19 13:15:00,240,238,240,238,0
2022-08-19 13:16:00,240,238,240,238,0
2022-08-19 13:17:00,240,238,240,238,0
2022-08-19 13:18:00,240,238,240,238,0
2022-08-19 13:19:00,240,238,240,238,0
2022-08-19 13:20:00,240,238,240,238,0
2022-08-19 13:21:00,240,238,240,238,0
2022-08-19 13:22:00,240,238,240,238,0
2022-08-19 13:23:00,240,238,240,238,0
2022-08-19 13:24:00,240,238,240,238,0
2022-08-19 13:25:00,240,238,240,238,0
2022-08-19 13:26:00,240,238,240,238,0
2022-08-19 13:27:00,240,238,240,238,0
2022-08-19 13:28:00,240,238,240,238,0
2022-08-19 13:29:00,240,238,240,238,0
2022-08-19 13:30:00,238,238,238,238,8000
2022-08-19 13:31:00,238,238,238,238,1700
2022-08-19 13:32:00,238,238,238,238,0
2022-08-19 13:33:00,238,238,238,238,0
2022-08-19 13:34:00,238,238,238,238,0
2022-08-19 13:35:00,238,238,238,238,0
2022-08-19 13:36:00,238,238,238,238,0
2022-08-19 13:37:00,238,238,238,238,0
2022-08-19 13:38:00,238,238,238,238,0
2022-08-19 13:39:00,238,238,238,238,0
2022-08-19 13:40:00,236,236,236,236,100
2022-08-19 13:41:00,236,236,236,236,0
2022-08-19 13:42:00,236,236,236,236,0
2022-08-19 13:43:00,236,236,236,236,0
2022-08-19 13:44:00,236,236,236,236,0
2022-08-19 13:45:00,236,236,236,236,0
2022-08-19 13:46:00,236,236,236,236,0
2022-08-19 13:47:00,236,236,236,236,0
2022-08-19 13:48:00,236,236,236,236,0
2022-08-19 13:49:00,236,236,236,236,0
2022-08-19 13:50:00,238,238,238,238,200
2022-08-19 13:51:00,238,238,238,238,0
2022-08-19 13:52:00,238,238,238,238,0
2022-08-19 13:53:00,238,238,238,238,0
2022-08-19 13:54:00,238,238,238,238,0
2022-08-19 13:55:00,238,238,238,238,0
2022-08-19 13:56:00,238,238,238,238,0
2022-08-19 13:57:00,238,238,238,238,0
2022-08-19 13:58:00,238,238,238,238,400
2022-08-19 13:59:00,238,238,238,238,0
2022-08-19 14:00:00,238,238,238,238,0
2022-08-19 14:01:00,236,236,236,236,6300
2022-08-19 14:02:00,238,238,238,238,0
2022-08-19 14:03:00,238,238,238,238,0
2022-08-19 14:04:00,238,238,238,238,0
2022-08-19 14:05:00,238,238,238,238,0
2022-08-19 14:06:00,238,238,238,238,1600
2022-08-19 14:07:00,238,238,238,238,0
2022-08-19 14:08:00,238,238,238,238,0
2022-08-19 14:09:00,238,238,238,238,0
2022-08-19 14:10:00,238,238,238,238,0
2022-08-19 14:11:00,238,238,238,238,0
2022-08-19 14:12:00,238,238,238,238,0
2022-08-19 14:13:00,238,238,238,238,0
2022-08-19 14:14:00,238,238,238,238,0
2022-08-19 14:15:00,238,238,238,238,0
2022-08-19 14:16:00,238,238,238,238,0
2022-08-19 14:17:00,238,236,238,236,5100
2022-08-19 14:18:00,238,236,238,236,0
2022-08-19 14:19:00,238,236,238,236,0
2022-08-19 14:20:00,238,236,238,236,0
2022-08-19 14:21:00,238,236,238,236,0
2022-08-19 14:22:00,238,236,238,236,0
2022-08-19 14:23:00,238,236,238,236,0
2022-08-19 14:24:00,238,236,238,236,0
2022-08-19 14:25:00,238,236,238,236,0
2022-08-19 14:26:00,238,236,238,236,0
2022-08-19 14:27:00,238,236,238,236,0
2022-08-19 14:28:00,238,238,238,238,300
2022-08-19 14:29:00,236,236,236,236,2900
2022-08-19 14:30:00,236,236,236,236,0
2022-08-19 14:31:00,236,236,236,236,0
2022-08-19 14:32:00,236,236,236,236,0
2022-08-19 14:33:00,236,236,236,236,0
2022-08-19 14:34:00,236,236,236,236,0
2022-08-19 14:35:00,236,236,236,236,0
2022-08-19 14:36:00,236,236,236,236,0
2022-08-19 14:37:00,236,236,236,236,0
2022-08-19 14:38:00,236,236,236,236,0
2022-08-19 14:39:00,236,236,236,236,0
2022-08-19 14:40:00,234,232,234,232,7600
2022-08-19 14:41:00,232,232,242,242,14200
2022-08-19 14:42:00,232,232,242,242,0
2022-08-19 14:43:00,232,232,242,242,0
2022-08-19 14:44:00,232,232,242,242,0
2022-08-19 14:45:00,232,232,242,242,0
2022-08-19 14:46:00,232,232,242,242,0
2022-08-19 14:47:00,232,232,242,242,0
2022-08-19 14:48:00,232,232,242,242,0
2022-08-19 14:49:00,232,232,242,242,0
2022-08-19 14:50:00,232,232,242,242,0
2022-08-19 14:51:00,232,232,242,242,0
2022-08-19 14:52:00,232,232,242,242,0
2022-08-19 14:53:00,232,232,242,242,0
2022-08-19 14:54:00,232,232,242,242,0
2022-08-19 14:55:00,232,232,242,242,0
2022-08-19 14:56:00,232,232,242,242,0
2022-08-19 14:57:00,232,232,242,242,0
2022-08-19 14:58:00,232,232,242,242,0
2022-08-19 14:59:00,232,232,242,242,0
2022-08-19 15:00:00,242,242,242,242,1800
2022-08-19 15:01:00,242,242,242,242,0
2022-08-19 15:02:00,242,242,242,242,2100
2022-08-19 15:03:00,242,242,242,242,0
2022-08-19 15:04:00,242,242,242,242,0
2022-08-19 15:05:00,242,242,242,242,2000
2022-08-19 15:06:00,242,242,242,242,0
2022-08-19 15:07:00,242,242,242,242,0
2022-08-19 15:08:00,242,242,242,242,0
2022-08-19 15:09:00,242,242,242,242,0
2022-08-19 15:10:00,242,242,242,242,0
2022-08-19 15:11:00,242,242,242,242,126400
2022-08-19 15:12:00,242,242,242,242,0
2022-08-19 15:13:00,242,242,242,242,0
2022-08-19 15:14:00,242,242,242,242,0
2022-08-19 15:15:00,242,242,242,242,0
2022-08-19 15:16:00,242,242,242,242,0
2022-08-19 15:17:00,242,242,242,242,0
2022-08-19 15:18:00,242,242,242,242,0
2022-08-19 15:19:00,242,242,242,242,0
2022-08-19 15:20:00,242,242,242,242,0
2022-08-19 15:21:00,242,242,242,242,0
2022-08-19 15:22:00,242,242,242,242,0
2022-08-19 15:23:00,242,242,242,242,0
2022-08-19 15:24:00,242,242,242,242,0
2022-08-19 15:25:00,242,242,242,242,0
2022-08-19 15:26:00,242,242,242,242,0
2022-08-19 15:27:00,242,242,242,242,0
2022-08-19 15:28:00,242,242,242,242,0
2022-08-19 15:29:00,242,242,242,242,0
2022-08-19 15:30:00,242,242,242,242,0
2022-08-19 15:31:00,242,242,242,242,0
2022-08-19 15:32:00,242,242,242,242,0
2022-08-19 15:33:00,242,242,242,242,0
2022-08-19 15:34:00,242,242,242,242,0
2022-08-19 15:35:00,242,242,242,242,0
2022-08-19 15:36:00,242,242,242,242,0
2022-08-19 15:37:00,242,242,242,242,0
2022-08-19 15:38:00,242,242,242,242,0
2022-08-19 15:39:00,242,242,242,242,0
2022-08-19 15:40:00,242,242,242,242,0
2022-08-19 15:41:00,242,242,242,242,0
2022-08-19 15:42:00,242,242,242,242,0
2022-08-19 15:43:00,242,242,242,242,0
2022-08-19 15:44:00,242,242,242,242,0
2022-08-19 15:45:00,242,242,242,242,0
2022-08-19 15:46:00,242,242,242,242,0
2022-08-19 15:47:00,242,242,242,242,0
2022-08-19 15:48:00,242,242,242,242,0
2022-08-19 15:49:00,242,242,242,242,0
2022-08-19 15:50:00,242,242,242,242,0
2022-08-19 15:51:00,242,242,242,242,0
2022-08-19 15:52:00,242,242,242,242,0
2022-08-19 15:53:00,242,242,242,242,0
2022-08-19 15:54:00,242,242,242,242,0
2022-08-19 15:55:00,242,242,242,242,0
2022-08-19 15:56:00,242,242,242,242,0
2022-08-19 15:57:00,242,242,242,242,0
2022-08-19 15:58:00,242,242,242,242,0
2022-08-19 15:59:00,242,242,242,242,0
2022-08-22 09:00:00,242,232,242,232,0
2022-08-22 09:01:00,242,232,242,232,0
2022-08-22 09:02:00,242,232,242,232,0
2022-08-22 09:03:00,232,232,232,232,0
2022-08-22 09:04:00,232,232,232,232,100
2022-08-22 09:05:00,232,232,232,232,0
2022-08-22 09:06:00,232,232,232,232,0
2022-08-22 09:07:00,232,232,232,232,200
2022-08-22 09:08:00,232,232,232,232,0
2022-08-22 09:09:00,232,232,232,232,0
2022-08-22 09:10:00,232,232,232,232,0
2022-08-22 09:11:00,232,232,232,232,0
2022-08-22 09:12:00,232,232,232,232,0
2022-08-22 09:13:00,232,232,232,232,0
2022-08-22 09:14:00,232,232,232,232,0
2022-08-22 09:15:00,232,232,232,232,0
2022-08-22 09:16:00,232,232,232,232,0
2022-08-22 09:17:00,232,232,232,232,400
2022-08-22 09:18:00,232,232,232,232,18600
2022-08-22 09:19:00,232,232,232,232,3300
2022-08-22 09:20:00,232,232,232,232,0
2022-08-22 09:21:00,230,230,230,230,2000
2022-08-22 09:22:00,230,230,230,230,0
2022-08-22 09:23:00,230,230,230,230,0
2022-08-22 09:24:00,230,230,230,230,0
2022-08-22 09:25:00,230,230,230,230,0
2022-08-22 09:26:00,230,230,230,230,0
2022-08-22 09:27:00,244,244,244,244,0
2022-08-22 09:28:00,244,244,244,244,0
2022-08-22 09:29:00,244,244,244,244,0
2022-08-22 09:30:00,236,236,236,236,500
2022-08-22 09:31:00,236,236,236,236,0
2022-08-22 09:32:00,236,236,236,236,0
2022-08-22 09:33:00,236,236,236,236,0
2022-08-22 09:34:00,236,236,236,236,0
2022-08-22 09:35:00,236,236,236,236,0
2022-08-22 09:36:00,236,236,236,236,0
2022-08-22 09:37:00,236,236,236,236,0
2022-08-22 09:38:00,236,236,236,236,0
2022-08-22 09:39:00,236,236,236,236,0
2022-08-22 09:40:00,236,236,236,236,0
2022-08-22 09:41:00,236,236,236,236,0
2022-08-22 09:42:00,236,236,236,236,0
2022-08-22 09:43:00,236,236,236,236,0
2022-08-22 09:44:00,236,236,236,236,0
2022-08-22 09:45:00,236,236,236,236,0
2022-08-22 09:46:00,232,226,232,226,48100
2022-08-22 09:47:00,232,226,232,226,0
2022-08-22 09:48:00,232,226,232,226,0
2022-08-22 09:49:00,232,226,232,226,0
2022-08-22 09:50:00,232,226,232,226,0
2022-08-22 09:51:00,230,230,230,230,2000
2022-08-22 09:52:00,230,230,230,230,0
2022-08-22 09:53:00,230,230,230,230,0
2022-08-22 09:54:00,230,230,230,230,0
2022-08-22 09:55:00,236,236,236,236,0
2022-08-22 09:56:00,236,236,236,236,1000
2022-08-22 09:57:00,236,236,236,236,0
2022-08-22 09:58:00,236,236,236,236,0
2022-08-22 09:59:00,236,236,236,236,0
2022-08-22 10:00:00,236,236,236,236,0
2022-08-22 10:01:00,236,236,236,236,0
2022-08-22 10:02:00,236,236,236,236,0
2022-08-22 10:03:00,236,236,236,236,0
2022-08-22 10:04:00,236,236,236,236,0
2022-08-22 10:05:00,236,236,236,236,0
2022-08-22 10:06:00,236,236,236,236,0
2022-08-22 10:07:00,236,236,236,236,0
2022-08-22 10:08:00,236,236,236,236,0
2022-08-22 10:09:00,236,236,236,236,0
2022-08-22 10:10:00,236,236,236,236,0
2022-08-22 10:11:00,236,236,236,236,0
2022-08-22 10:12:00,236,236,236,236,0
2022-08-22 10:13:00,236,236,236,236,0
2022-08-22 10:14:00,236,236,236,236,0
2022-08-22 10:15:00,236,236,236,236,0
2022-08-22 10:16:00,236,236,236,236,0
2022-08-22 10:17:00,236,236,236,236,0
2022-08-22 10:18:00,236,236,236,236,0
2022-08-22 10:19:00,236,236,236,236,0
2022-08-22 10:20:00,236,236,236,236,0
2022-08-22 10:21:00,236,236,236,236,0
2022-08-22 10:22:00,236,236,236,236,0
2022-08-22 10:23:00,236,236,236,236,0
2022-08-22 10:24:00,236,236,236,236,0
2022-08-22 10:25:00,236,236,236,236,0
2022-08-22 10:26:00,236,236,236,236,0
2022-08-22 10:27:00,236,236,236,236,0
2022-08-22 10:28:00,236,236,236,236,0
2022-08-22 10:29:00,236,236,236,236,0
2022-08-22 10:30:00,236,236,236,236,0
2022-08-22 10:31:00,236,236,236,236,0
2022-08-22 10:32:00,236,236,236,236,0
2022-08-22 10:33:00,236,236,236,236,0
2022-08-22 10:34:00,236,236,236,236,0
2022-08-22 10:35:00,236,236,236,236,0
2022-08-22 10:36:00,236,236,236,236,0
2022-08-22 10:37:00,236,236,236,236,0
2022-08-22 10:38:00,236,236,236,236,0
2022-08-22 10:39:00,236,236,236,236,0
2022-08-22 10:40:00,236,236,236,236,0
2022-08-22 10:41:00,236,236,236,236,0
2022-08-22 10:42:00,236,236,236,236,0
2022-08-22 10:43:00,236,236,236,236,0
2022-08-22 10:44:00,236,236,236,236,0
2022-08-22 10:45:00,236,236,236,236,0
2022-08-22 10:46:00,236,236,236,236,0
2022-08-22 10:47:00,236,236,236,236,0
2022-08-22 10:48:00,236,236,236,236,0
2022-08-22 10:49:00,236,236,236,236,0
2022-08-22 10:50:00,230,230,230,230,500
2022-08-22 10:51:00,230,230,230,230,0
2022-08-22 10:52:00,230,230,230,230,0
2022-08-22 10:53:00,230,230,230,230,0
2022-08-22 10:54:00,230,230,230,230,0
2022-08-22 10:55:00,230,230,230,230,0
2022-08-22 10:56:00,230,230,230,230,0
2022-08-22 10:57:00,230,230,230,230,0
2022-08-22 10:58:00,230,230,230,230,0
2022-08-22 10:59:00,230,230,230,230,0
2022-08-22 11:00:00,230,230,230,230,0
2022-08-22 11:01:00,230,230,230,230,1000
2022-08-22 11:02:00,230,230,230,230,0
2022-08-22 11:03:00,230,230,230,230,0
2022-08-22 11:04:00,230,230,230,230,0
2022-08-22 11:05:00,230,230,230,230,0
2022-08-22 11:06:00,230,230,230,230,0
2022-08-22 11:07:00,228,228,228,228,4000
2022-08-22 11:08:00,228,228,228,228,0
2022-08-22 11:09:00,228,228,228,228,0
2022-08-22 11:10:00,228,228,228,228,0
2022-08-22 11:11:00,228,228,228,228,0
2022-08-22 11:12:00,230,230,230,230,100
2022-08-22 11:13:00,230,230,230,230,0
2022-08-22 11:14:00,230,230,230,230,0
2022-08-22 11:15:00,230,230,230,230,0
2022-08-22 11:16:00,230,230,230,230,0
2022-08-22 11:17:00,230,230,230,230,0
2022-08-22 11:18:00,230,230,230,230,0
2022-08-22 11:19:00,230,230,230,230,0
2022-08-22 11:20:00,230,230,230,230,0
2022-08-22 11:21:00,230,230,230,230,0
2022-08-22 11:22:00,230,230,230,230,0
2022-08-22 11:23:00,230,230,230,230,0
2022-08-22 11:24:00,230,230,230,230,0
2022-08-22 11:25:00,230,230,230,230,0
2022-08-22 11:26:00,230,230,230,230,0
2022-08-22 11:27:00,230,230,230,230,0
2022-08-22 11:28:00,230,230,230,230,0
2022-08-22 11:29:00,230,230,230,230,0
2022-08-22 11:30:00,230,230,230,230,0
2022-08-22 11:31:00,230,230,230,230,0
2022-08-22 11:32:00,230,230,230,230,0
2022-08-22 11:33:00,230,230,230,230,0
2022-08-22 11:34:00,230,230,230,230,0
2022-08-22 11:35:00,230,230,230,230,0
2022-08-22 11:36:00,230,230,230,230,0
2022-08-22 11:37:00,230,230,230,230,0
2022-08-22 11:38:00,230,230,230,230,0
2022-08-22 11:39:00,230,230,230,230,0
2022-08-22 11:40:00,230,230,230,230,0
2022-08-22 11:41:00,230,230,230,230,0
2022-08-22 11:42:00,230,230,230,230,0
2022-08-22 11:43:00,230,230,230,230,0
2022-08-22 11:44:00,230,230,230,230,0
2022-08-22 11:45:00,230,230,230,230,0
2022-08-22 11:46:00,230,230,230,230,0
2022-08-22 11:47:00,230,230,230,230,0
2022-08-22 11:48:00,230,230,230,230,0
2022-08-22 11:49:00,230,230,230,230,0
2022-08-22 11:50:00,230,230,230,230,0
2022-08-22 11:51:00,230,230,230,230,0
2022-08-22 11:52:00,230,230,230,230,0
2022-08-22 11:53:00,230,230,230,230,0
2022-08-22 11:54:00,230,230,230,230,0
2022-08-22 11:55:00,230,230,230,230,0
2022-08-22 11:56:00,230,230,230,230,0
2022-08-22 11:57:00,230,230,230,230,0
2022-08-22 11:58:00,230,230,230,230,0
2022-08-22 11:59:00,230,230,230,230,0
2022-08-22 12:00:00,230,230,230,230,0
2022-08-22 12:01:00,230,230,230,230,0
2022-08-22 12:02:00,230,230,230,230,0
2022-08-22 12:03:00,230,230,230,230,0
2022-08-22 12:04:00,230,230,230,230,0
2022-08-22 12:05:00,230,230,230,230,0
2022-08-22 12:06:00,230,230,230,230,0
2022-08-22 12:07:00,230,230,230,230,0
2022-08-22 12:08:00,230,230,230,230,0
2022-08-22 12:09:00,230,230,230,230,0
2022-08-22 12:10:00,230,230,230,230,0
2022-08-22 12:11:00,230,230,230,230,0
2022-08-22 12:12:00,230,230,230,230,0
2022-08-22 12:13:00,230,230,230,230,0
2022-08-22 12:14:00,230,230,230,230,0
2022-08-22 12:15:00,230,230,230,230,0
2022-08-22 12:16:00,230,230,230,230,0
2022-08-22 12:17:00,230,230,230,230,0
2022-08-22 12:18:00,230,230,230,230,0
2022-08-22 12:19:00,230,230,230,230,0
2022-08-22 12:20:00,230,230,230,230,0
2022-08-22 12:21:00,230,230,230,230,0
2022-08-22 12:22:00,230,230,230,230,0
2022-08-22 12:23:00,230,230,230,230,0
2022-08-22 12:24:00,230,230,230,230,0
2022-08-22 12:25:00,230,230,230,230,0
2022-08-22 12:26:00,230,230,230,230,0
2022-08-22 12:27:00,230,230,230,230,0
2022-08-22 12:28:00,230,230,230,230,0
2022-08-22 12:29:00,230,230,230,230,0
2022-08-22 12:30:00,230,230,230,230,0
2022-08-22 12:31:00,230,230,230,230,0
2022-08-22 12:32:00,230,230,230,230,0
2022-08-22 12:33:00,230,230,230,230,0
2022-08-22 12:34:00,230,230,230,230,0
2022-08-22 12:35:00,230,230,230,230,0
2022-08-22 12:36:00,230,230,230,230,0
2022-08-22 12:37:00,230,230,230,230,0
2022-08-22 12:38:00,230,230,230,230,0
2022-08-22 12:39:00,230,230,230,230,0
2022-08-22 12:40:00,230,230,230,230,0
2022-08-22 12:41:00,230,230,230,230,0
2022-08-22 12:42:00,230,230,230,230,0
2022-08-22 12:43:00,230,230,230,230,0
2022-08-22 12:44:00,230,230,230,230,0
2022-08-22 12:45:00,230,230,230,230,0
2022-08-22 12:46:00,230,230,230,230,0
2022-08-22 12:47:00,230,230,230,230,0
2022-08-22 12:48:00,230,230,230,230,0
2022-08-22 12:49:00,230,230,230,230,0
2022-08-22 12:50:00,230,230,230,230,0
2022-08-22 12:51:00,230,230,230,230,0
2022-08-22 12:52:00,230,230,230,230,0
2022-08-22 12:53:00,230,230,230,230,0
2022-08-22 12:54:00,230,230,230,230,0
2022-08-22 12:55:00,230,230,230,230,0
2022-08-22 12:56:00,230,230,230,230,0
2022-08-22 12:57:00,230,230,230,230,0
2022-08-22 12:58:00,230,230,230,230,0
2022-08-22 12:59:00,230,230,230,230,0
2022-08-22 13:00:00,230,230,230,230,0
2022-08-22 13:01:00,230,230,230,230,0
2022-08-22 13:02:00,230,230,230,230,0
2022-08-22 13:03:00,230,230,230,230,0
2022-08-22 13:04:00,230,230,230,230,0
2022-08-22 13:05:00,230,230,230,230,0
2022-08-22 13:06:00,230,230,230,230,0
2022-08-22 13:07:00,230,230,230,230,0
2022-08-22 13:08:00,230,230,230,230,0
2022-08-22 13:09:00,230,230,230,230,0
2022-08-22 13:10:00,230,230,230,230,0
2022-08-22 13:11:00,230,230,230,230,0
2022-08-22 13:12:00,230,230,230,230,0
2022-08-22 13:13:00,230,230,230,230,0
2022-08-22 13:14:00,230,230,230,230,0
2022-08-22 13:15:00,230,230,230,230,0
2022-08-22 13:16:00,230,230,230,230,0
2022-08-22 13:17:00,230,230,230,230,0
2022-08-22 13:18:00,230,230,230,230,0
2022-08-22 13:19:00,230,230,230,230,0
2022-08-22 13:20:00,230,230,230,230,0
2022-08-22 13:21:00,230,230,230,230,0
2022-08-22 13:22:00,230,230,230,230,0
2022-08-22 13:23:00,230,230,230,230,0
2022-08-22 13:24:00,230,230,230,230,0
2022-08-22 13:25:00,230,230,230,230,0
2022-08-22 13:26:00,230,230,230,230,0
2022-08-22 13:27:00,230,230,230,230,0
2022-08-22 13:28:00,230,230,230,230,0
2022-08-22 13:29:00,230,230,230,230,0
2022-08-22 13:30:00,230,230,232,232,3000
2022-08-22 13:31:00,230,230,232,232,0
2022-08-22 13:32:00,230,230,232,232,0
2022-08-22 13:33:00,230,230,232,232,0
2022-08-22 13:34:00,230,230,232,232,0
2022-08-22 13:35:00,230,230,232,232,0
2022-08-22 13:36:00,230,230,232,232,0
2022-08-22 13:37:00,230,230,230,230,500
2022-08-22 13:38:00,230,230,230,230,0
2022-08-22 13:39:00,230,230,230,230,0
2022-08-22 13:40:00,230,230,230,230,0
2022-08-22 13:41:00,230,230,230,230,0
2022-08-22 13:42:00,230,230,230,230,100
2022-08-22 13:43:00,230,230,230,230,0
2022-08-22 13:44:00,230,230,230,230,0
2022-08-22 13:45:00,230,230,230,230,0
2022-08-22 13:46:00,230,230,230,230,0
2022-08-22 13:47:00,234,234,234,234,500
2022-08-22 13:48:00,234,234,234,234,0
2022-08-22 13:49:00,234,234,234,234,0
2022-08-22 13:50:00,234,234,234,234,0
2022-08-22 13:51:00,234,234,234,234,0
2022-08-22 13:52:00,234,234,234,234,0
2022-08-22 13:53:00,234,234,234,234,0
2022-08-22 13:54:00,234,234,234,234,0
2022-08-22 13:55:00,234,234,234,234,0
2022-08-22 13:56:00,234,234,234,234,0
2022-08-22 13:57:00,234,234,234,234,0
2022-08-22 13:58:00,234,234,234,234,0
2022-08-22 13:59:00,234,234,234,234,0
2022-08-22 14:00:00,234,234,234,234,0
2022-08-22 14:01:00,234,234,234,234,0
2022-08-22 14:02:00,234,234,234,234,0
2022-08-22 14:03:00,234,234,234,234,0
2022-08-22 14:04:00,234,234,234,234,0
2022-08-22 14:05:00,234,234,234,234,0
2022-08-22 14:06:00,234,234,234,234,0
2022-08-22 14:07:00,230,230,230,230,1600
2022-08-22 14:08:00,230,230,230,230,0
2022-08-22 14:09:00,230,230,230,230,0
2022-08-22 14:10:00,230,230,230,230,0
2022-08-22 14:11:00,230,230,230,230,0
2022-08-22 14:12:00,230,230,230,230,0
2022-08-22 14:13:00,230,230,230,230,0
2022-08-22 14:14:00,230,230,230,230,400
2022-08-22 14:15:00,230,230,230,230,0
2022-08-22 14:16:00,230,230,230,230,0
2022-08-22 14:17:00,230,230,230,230,0
2022-08-22 14:18:00,230,230,230,230,0
2022-08-22 14:19:00,230,230,230,230,0
2022-08-22 14:20:00,230,230,230,230,600
2022-08-22 14:21:00,230,230,230,230,0
2022-08-22 14:22:00,230,230,230,230,0
2022-08-22 14:23:00,228,228,228,228,32400
2022-08-22 14:24:00,228,228,228,228,0
2022-08-22 14:25:00,228,226,228,226,17700
2022-08-22 14:26:00,228,226,228,226,600
2022-08-22 14:27:00,226,226,226,226,3700
2022-08-22 14:28:00,226,226,226,226,0
2022-08-22 14:29:00,226,226,226,226,0
2022-08-22 14:30:00,226,226,226,226,0
2022-08-22 14:31:00,226,226,226,226,0
2022-08-22 14:32:00,226,226,226,226,0
2022-08-22 14:33:00,226,226,226,226,0
2022-08-22 14:34:00,226,226,226,226,0
2022-08-22 14:35:00,230,230,230,230,1000
2022-08-22 14:36:00,230,230,230,230,0
2022-08-22 14:37:00,230,230,230,230,0
2022-08-22 14:38:00,230,230,230,230,0
2022-08-22 14:39:00,230,230,230,230,0
2022-08-22 14:40:00,230,230,230,230,0
2022-08-22 14:41:00,230,230,230,230,0
2022-08-22 14:42:00,230,230,230,230,0
2022-08-22 14:43:00,230,230,230,230,0
2022-08-22 14:44:00,230,230,230,230,0
2022-08-22 14:45:00,230,230,230,230,0
2022-08-22 14:46:00,230,230,230,230,0
2022-08-22 14:47:00,230,230,230,230,0
2022-08-22 14:48:00,230,230,230,230,0
2022-08-22 14:49:00,230,230,230,230,0
2022-08-22 14:50:00,230,230,230,230,0
2022-08-22 14:51:00,230,230,230,230,0
2022-08-22 14:52:00,230,230,230,230,0
2022-08-22 14:53:00,230,230,230,230,0
2022-08-22 14:54:00,230,230,230,230,0
2022-08-22 14:55:00,230,230,230,230,0
2022-08-22 14:56:00,230,230,230,230,0
2022-08-22 14:57:00,230,230,230,230,0
2022-08-22 14:58:00,230,230,230,230,0
2022-08-22 14:59:00,230,230,230,230,0
2022-08-22 15:00:00,226,226,226,226,148700
2022-08-22 15:01:00,226,226,226,226,0
2022-08-22 15:02:00,226,226,226,226,0
2022-08-22 15:03:00,226,226,226,226,0
2022-08-22 15:04:00,226,226,226,226,0
2022-08-22 15:05:00,226,226,226,226,0
2022-08-22 15:06:00,226,226,226,226,0
2022-08-22 15:07:00,226,226,226,226,0
2022-08-22 15:08:00,226,226,226,226,0
2022-08-22 15:09:00,226,226,226,226,0
2022-08-22 15:10:00,226,226,226,226,0
2022-08-22 15:11:00,226,226,226,226,0
2022-08-22 15:12:00,226,226,226,226,0
2022-08-22 15:13:00,226,226,226,226,0
2022-08-22 15:14:00,226,226,226,226,0
2022-08-22 15:15:00,226,226,226,226,0
2022-08-22 15:16:00,226,226,226,226,0
2022-08-22 15:17:00,226,226,226,226,0
2022-08-22 15:18:00,226,226,226,226,0
2022-08-22 15:19:00,226,226,226,226,0
2022-08-22 15:20:00,226,226,226,226,0
2022-08-22 15:21:00,226,226,226,226,0
2022-08-22 15:22:00,226,226,226,226,0
2022-08-22 15:23:00,226,226,226,226,0
2022-08-22 15:24:00,226,226,226,226,0
2022-08-22 15:25:00,226,226,226,226,0
2022-08-22 15:26:00,226,226,226,226,0
2022-08-22 15:27:00,226,226,226,226,0
2022-08-22 15:28:00,226,226,226,226,0
2022-08-22 15:29:00,226,226,226,226,0
2022-08-22 15:30:00,226,226,226,226,0
2022-08-22 15:31:00,226,226,226,226,0
2022-08-22 15:32:00,226,226,226,226,0
2022-08-22 15:33:00,226,226,226,226,0
2022-08-22 15:34:00,226,226,226,226,0
2022-08-22 15:35:00,226,226,226,226,0
2022-08-22 15:36:00,226,226,226,226,0
2022-08-22 15:37:00,226,226,226,226,0
2022-08-22 15:38:00,226,226,226,226,0
2022-08-22 15:39:00,226,226,226,226,0
2022-08-22 15:40:00,226,226,226,226,0
2022-08-22 15:41:00,226,226,226,226,0
2022-08-22 15:42:00,226,226,226,226,0
2022-08-22 15:43:00,226,226,226,226,0
2022-08-22 15:44:00,226,226,226,226,0
2022-08-22 15:45:00,226,226,226,226,0
2022-08-22 15:46:00,226,226,226,226,0
2022-08-22 15:47:00,226,226,226,226,0
2022-08-22 15:48:00,226,226,226,226,0
2022-08-22 15:49:00,226,226,226,226,0
2022-08-22 15:50:00,226,226,226,226,0
2022-08-22 15:51:00,226,226,226,226,0
2022-08-22 15:52:00,226,226,226,226,0
2022-08-22 15:53:00,226,226,226,226,0
2022-08-22 15:54:00,226,226,226,226,0
2022-08-22 15:55:00,226,226,226,226,0
2022-08-22 15:56:00,226,226,226,226,0
2022-08-22 15:57:00,226,226,226,226,0
2022-08-22 15:58:00,226,226,226,226,0
2022-08-22 15:59:00,226,226,226,226,0
2022-08-23 09:00:00,234,234,234,234,0
2022-08-23 09:01:00,234,234,234,234,0
2022-08-23 09:02:00,234,234,234,234,0
2022-08-23 09:03:00,234,234,234,234,0
2022-08-23 09:04:00,234,234,234,234,0
2022-08-23 09:05:00,234,234,234,234,0
2022-08-23 09:06:00,234,234,234,234,0
2022-08-23 09:07:00,234,234,234,234,0
2022-08-23 09:08:00,234,234,234,234,1000
2022-08-23 09:09:00,234,234,234,234,0
2022-08-23 09:10:00,234,234,234,234,0
2022-08-23 09:11:00,234,234,234,234,0
2022-08-23 09:12:00,234,234,234,234,0
2022-08-23 09:13:00,234,234,234,234,2700
2022-08-23 09:14:00,234,234,234,234,0
2022-08-23 09:15:00,234,234,234,234,0
2022-08-23 09:16:00,234,234,234,234,0
2022-08-23 09:17:00,232,232,232,232,11500
2022-08-23 09:18:00,232,232,232,232,0
2022-08-23 09:19:00,230,212,230,212,87200
2022-08-23 09:20:00,212,212,212,212,13000
2022-08-23 09:21:00,214,214,214,214,3100
2022-08-23 09:22:00,216,214,216,214,900
2022-08-23 09:23:00,216,214,216,214,0
2022-08-23 09:24:00,218,218,218,218,4600
2022-08-23 09:25:00,216,216,216,216,0
2022-08-23 09:26:00,216,216,216,216,0
2022-08-23 09:27:00,216,216,216,216,0
2022-08-23 09:28:00,216,216,216,216,0
2022-08-23 09:29:00,216,216,216,216,0
2022-08-23 09:30:00,224,224,224,224,200
2022-08-23 09:31:00,224,222,224,222,400
2022-08-23 09:32:00,222,222,222,222,200
2022-08-23 09:33:00,222,222,222,222,0
2022-08-23 09:34:00,222,222,222,222,0
2022-08-23 09:35:00,222,222,222,222,1400
2022-08-23 09:36:00,218,218,218,218,3900
2022-08-23 09:37:00,218,218,218,218,0
2022-08-23 09:38:00,218,218,218,218,0
2022-08-23 09:39:00,222,222,222,222,22400
2022-08-23 09:40:00,222,222,222,222,0
2022-08-23 09:41:00,224,224,224,224,4400
2022-08-23 09:42:00,224,224,224,224,0
2022-08-23 09:43:00,224,224,224,224,0
2022-08-23 09:44:00,224,224,224,224,0
2022-08-23 09:45:00,224,224,224,224,0
2022-08-23 09:46:00,224,224,224,224,0
2022-08-23 09:47:00,224,224,224,224,0
2022-08-23 09:48:00,224,224,224,224,0
2022-08-23 09:49:00,224,224,224,224,0
2022-08-23 09:50:00,228,228,228,228,100
2022-08-23 09:51:00,228,228,228,228,0
2022-08-23 09:52:00,228,228,228,228,0
2022-08-23 09:53:00,228,228,228,228,0
2022-08-23 09:54:00,228,228,228,228,0
2022-08-23 09:55:00,228,228,228,228,0
2022-08-23 09:56:00,228,228,228,228,0
2022-08-23 09:57:00,228,228,228,228,0
2022-08-23 09:58:00,228,228,228,228,0
2022-08-23 09:59:00,228,228,228,228,0
2022-08-23 10:00:00,228,228,228,228,0
2022-08-23 10:01:00,228,228,228,228,0
2022-08-23 10:02:00,228,228,228,228,0
2022-08-23 10:03:00,228,228,228,228,0
2022-08-23 10:04:00,228,228,228,228,0
2022-08-23 10:05:00,228,228,228,228,0
2022-08-23 10:06:00,228,228,228,228,0
2022-08-23 10:07:00,228,228,228,228,100
2022-08-23 10:08:00,228,228,228,228,0
2022-08-23 10:09:00,228,228,228,228,0
2022-08-23 10:10:00,228,228,228,228,0
2022-08-23 10:11:00,228,228,228,228,0
2022-08-23 10:12:00,228,228,228,228,0
2022-08-23 10:13:00,228,228,228,228,0
2022-08-23 10:14:00,228,228,228,228,0
2022-08-23 10:15:00,228,228,228,228,0
2022-08-23 10:16:00,228,228,228,228,0
2022-08-23 10:17:00,228,228,228,228,0
2022-08-23 10:18:00,228,228,228,228,0
2022-08-23 10:19:00,228,228,228,228,0
2022-08-23 10:20:00,228,228,228,228,0
2022-08-23 10:21:00,228,228,228,228,0
2022-08-23 10:22:00,228,228,228,228,0
2022-08-23 10:23:00,228,228,228,228,0
2022-08-23 10:24:00,228,228,228,228,0
2022-08-23 10:25:00,228,228,228,228,0
2022-08-23 10:26:00,228,228,228,228,0
2022-08-23 10:27:00,228,228,228,228,0
2022-08-23 10:28:00,228,228,228,228,0
2022-08-23 10:29:00,228,228,228,228,0
2022-08-23 10:30:00,228,228,228,228,0
2022-08-23 10:31:00,228,228,228,228,900
2022-08-23 10:32:00,228,228,228,228,0
2022-08-23 10:33:00,228,228,228,228,0
2022-08-23 10:34:00,228,228,228,228,0
2022-08-23 10:35:00,228,228,228,228,0
2022-08-23 10:36:00,228,228,228,228,0
2022-08-23 10:37:00,228,228,228,228,0
2022-08-23 10:38:00,228,228,228,228,0
2022-08-23 10:39:00,228,228,228,228,0
2022-08-23 10:40:00,228,228,228,228,0
2022-08-23 10:41:00,228,228,228,228,0
2022-08-23 10:42:00,228,228,228,228,0
2022-08-23 10:43:00,228,228,228,228,0
2022-08-23 10:44:00,228,228,228,228,0
2022-08-23 10:45:00,228,228,228,228,0
2022-08-23 10:46:00,228,228,228,228,0
2022-08-23 10:47:00,228,228,228,228,0
2022-08-23 10:48:00,228,228,228,228,1000
2022-08-23 10:49:00,226,226,226,226,4500
2022-08-23 10:50:00,226,226,226,226,0
2022-08-23 10:51:00,226,226,226,226,0
2022-08-23 10:52:00,226,226,226,226,0
2022-08-23 10:53:00,226,226,226,226,0
2022-08-23 10:54:00,226,226,226,226,0
2022-08-23 10:55:00,226,226,226,226,200
2022-08-23 10:56:00,226,226,226,226,0
2022-08-23 10:57:00,226,226,226,226,0
2022-08-23 10:58:00,226,226,226,226,0
2022-08-23 10:59:00,226,226,226,226,0
2022-08-23 11:00:00,226,226,226,226,0
2022-08-23 11:01:00,226,226,226,226,0
2022-08-23 11:02:00,226,226,226,226,0
2022-08-23 11:03:00,226,226,226,226,0
2022-08-23 11:04:00,226,226,226,226,0
2022-08-23 11:05:00,226,226,226,226,0
2022-08-23 11:06:00,226,226,226,226,0
2022-08-23 11:07:00,226,226,226,226,900
2022-08-23 11:08:00,226,226,226,226,0
2022-08-23 11:09:00,226,226,226,226,0
2022-08-23 11:10:00,226,226,226,226,0
2022-08-23 11:11:00,226,226,226,226,0
2022-08-23 11:12:00,226,226,226,226,0
2022-08-23 11:13:00,226,226,226,226,0
2022-08-23 11:14:00,226,226,226,226,500
2022-08-23 11:15:00,226,226,226,226,0
2022-08-23 11:16:00,226,226,226,226,0
2022-08-23 11:17:00,226,226,226,226,0
2022-08-23 11:18:00,226,226,226,226,0
2022-08-23 11:19:00,226,226,226,226,0
2022-08-23 11:20:00,226,226,226,226,0
2022-08-23 11:21:00,226,226,226,226,0
2022-08-23 11:22:00,226,226,226,226,0
2022-08-23 11:23:00,226,226,226,226,0
2022-08-23 11:24:00,226,226,226,226,0
2022-08-23 11:25:00,226,226,226,226,0
2022-08-23 11:26:00,226,226,226,226,0
2022-08-23 11:27:00,226,226,226,226,0
2022-08-23 11:28:00,226,226,226,226,0
2022-08-23 11:29:00,226,226,226,226,0
2022-08-23 11:30:00,226,226,226,226,0
2022-08-23 11:31:00,226,226,226,226,0
2022-08-23 11:32:00,226,226,226,226,0
2022-08-23 11:33:00,226,226,226,226,0
2022-08-23 11:34:00,226,226,226,226,0
2022-08-23 11:35:00,226,226,226,226,0
2022-08-23 11:36:00,226,226,226,226,0
2022-08-23 11:37:00,226,226,226,226,0
2022-08-23 11:38:00,226,226,226,226,0
2022-08-23 11:39:00,226,226,226,226,0
2022-08-23 11:40:00,226,226,226,226,0
2022-08-23 11:41:00,226,226,226,226,0
2022-08-23 11:42:00,226,226,226,226,0
2022-08-23 11:43:00,226,226,226,226,0
2022-08-23 11:44:00,226,226,226,226,0
2022-08-23 11:45:00,226,226,226,226,0
2022-08-23 11:46:00,226,226,226,226,0
2022-08-23 11:47:00,226,226,226,226,0
2022-08-23 11:48:00,226,226,226,226,0
2022-08-23 11:49:00,226,226,226,226,0
2022-08-23 11:50:00,226,226,226,226,0
2022-08-23 11:51:00,226,226,226,226,0
2022-08-23 11:52:00,226,226,226,226,0
2022-08-23 11:53:00,226,226,226,226,0
2022-08-23 11:54:00,226,226,226,226,0
2022-08-23 11:55:00,226,226,226,226,0
2022-08-23 11:56:00,226,226,226,226,0
2022-08-23 11:57:00,226,226,226,226,0
2022-08-23 11:58:00,226,226,226,226,0
2022-08-23 11:59:00,226,226,226,226,0
2022-08-23 12:00:00,226,226,226,226,0
2022-08-23 12:01:00,226,226,226,226,0
2022-08-23 12:02:00,226,226,226,226,0
2022-08-23 12:03:00,226,226,226,226,0
2022-08-23 12:04:00,226,226,226,226,0
2022-08-23 12:05:00,226,226,226,226,0
2022-08-23 12:06:00,226,226,226,226,0
2022-08-23 12:07:00,226,226,226,226,0
2022-08-23 12:08:00,226,226,226,226,0
2022-08-23 12:09:00,226,226,226,226,0
2022-08-23 12:10:00,226,226,226,226,0
2022-08-23 12:11:00,226,226,226,226,0
2022-08-23 12:12:00,226,226,226,226,0
2022-08-23 12:13:00,226,226,226,226,0
2022-08-23 12:14:00,226,226,226,226,0
2022-08-23 12:15:00,226,226,226,226,0
2022-08-23 12:16:00,226,226,226,226,0
2022-08-23 12:17:00,226,226,226,226,0
2022-08-23 12:18:00,226,226,226,226,0
2022-08-23 12:19:00,226,226,226,226,0
2022-08-23 12:20:00,226,226,226,226,0
2022-08-23 12:21:00,226,226,226,226,0
2022-08-23 12:22:00,226,226,226,226,0
2022-08-23 12:23:00,226,226,226,226,0
2022-08-23 12:24:00,226,226,226,226,0
2022-08-23 12:25:00,226,226,226,226,0
2022-08-23 12:26:00,226,226,226,226,0
2022-08-23 12:27:00,226,226,226,226,0
2022-08-23 12:28:00,226,226,226,226,0
2022-08-23 12:29:00,226,226,226,226,0
2022-08-23 12:30:00,226,226,226,226,0
2022-08-23 12:31:00,226,226,226,226,0
2022-08-23 12:32:00,226,226,226,226,0
2022-08-23 12:33:00,226,226,226,226,0
2022-08-23 12:34:00,226,226,226,226,0
2022-08-23 12:35:00,226,226,226,226,0
2022-08-23 12:36:00,226,226,226,226,0
2022-08-23 12:37:00,226,226,226,226,0
2022-08-23 12:38:00,226,226,226,226,0
2022-08-23 12:39:00,226,226,226,226,0
2022-08-23 12:40:00,226,226,226,226,0
2022-08-23 12:41:00,226,226,226,226,0
2022-08-23 12:42:00,226,226,226,226,0
2022-08-23 12:43:00,226,226,226,226,0
2022-08-23 12:44:00,226,226,226,226,0
2022-08-23 12:45:00,226,226,226,226,0
2022-08-23 12:46:00,226,226,226,226,0
2022-08-23 12:47:00,226,226,226,226,0
2022-08-23 12:48:00,226,226,226,226,0
2022-08-23 12:49:00,226,226,226,226,0
2022-08-23 12:50:00,226,226,226,226,0
2022-08-23 12:51:00,226,226,226,226,0
2022-08-23 12:52:00,226,226,226,226,0
2022-08-23 12:53:00,226,226,226,226,0
2022-08-23 12:54:00,226,226,226,226,0
2022-08-23 12:55:00,226,226,226,226,0
2022-08-23 12:56:00,226,226,226,226,0
2022-08-23 12:57:00,226,226,226,226,0
2022-08-23 12:58:00,226,226,226,226,0
2022-08-23 12:59:00,226,226,226,226,0
2022-08-23 13:00:00,226,226,226,226,0
2022-08-23 13:01:00,226,226,226,226,0
2022-08-23 13:02:00,226,226,226,226,0
2022-08-23 13:03:00,226,226,226,226,0
2022-08-23 13:04:00,226,226,226,226,0
2022-08-23 13:05:00,226,226,226,226,0
2022-08-23 13:06:00,226,226,226,226,0
2022-08-23 13:07:00,226,226,226,226,0
2022-08-23 13:08:00,226,226,226,226,0
2022-08-23 13:09:00,226,226,226,226,0
2022-08-23 13:10:00,226,226,226,226,0
2022-08-23 13:11:00,226,226,226,226,0
2022-08-23 13:12:00,226,226,226,226,0
2022-08-23 13:13:00,226,226,226,226,0
2022-08-23 13:14:00,226,226,226,226,0
2022-08-23 13:15:00,226,226,226,226,0
2022-08-23 13:16:00,226,226,226,226,0
2022-08-23 13:17:00,226,226,226,226,0
2022-08-23 13:18:00,226,226,226,226,0
2022-08-23 13:19:00,226,226,226,226,0
2022-08-23 13:20:00,226,226,226,226,0
2022-08-23 13:21:00,226,226,226,226,0
2022-08-23 13:22:00,226,226,226,226,0
2022-08-23 13:23:00,226,226,226,226,0
2022-08-23 13:24:00,226,226,226,226,0
2022-08-23 13:25:00,226,226,226,226,0
2022-08-23 13:26:00,226,226,226,226,0
2022-08-23 13:27:00,226,226,226,226,0
2022-08-23 13:28:00,226,226,226,226,0
2022-08-23 13:29:00,226,226,226,226,0
2022-08-23 13:30:00,226,226,226,226,0
2022-08-23 13:31:00,226,226,226,226,1000
2022-08-23 13:32:00,226,226,226,226,0
2022-08-23 13:33:00,226,226,226,226,0
2022-08-23 13:34:00,226,226,226,226,0
2022-08-23 13:35:00,226,226,226,226,0
2022-08-23 13:36:00,226,226,226,226,0
2022-08-23 13:37:00,226,226,226,226,0
2022-08-23 13:38:00,226,226,226,226,0
2022-08-23 13:39:00,226,226,226,226,0
2022-08-23 13:40:00,226,226,226,226,0
2022-08-23 13:41:00,226,226,226,226,0
2022-08-23 13:42:00,226,226,226,226,0
2022-08-23 13:43:00,226,226,226,226,0
2022-08-23 13:44:00,226,226,226,226,0
2022-08-23 13:45:00,226,226,226,226,0
2022-08-23 13:46:00,226,226,226,226,0
2022-08-23 13:47:00,226,226,226,226,0
2022-08-23 13:48:00,226,226,226,226,0
2022-08-23 13:49:00,226,226,226,226,0
2022-08-23 13:50:00,226,226,226,226,0
2022-08-23 13:51:00,226,226,226,226,0
2022-08-23 13:52:00,226,226,226,226,0
2022-08-23 13:53:00,226,226,226,226,0
2022-08-23 13:54:00,226,226,226,226,0
2022-08-23 13:55:00,226,226,226,226,0
2022-08-23 13:56:00,226,226,226,226,0
2022-08-23 13:57:00,226,226,226,226,600
2022-08-23 13:58:00,226,226,226,226,0
2022-08-23 13:59:00,226,226,226,226,0
2022-08-23 14:00:00,226,226,226,226,0
2022-08-23 14:01:00,226,226,226,226,0
2022-08-23 14:02:00,226,226,226,226,0
2022-08-23 14:03:00,226,226,226,226,0
2022-08-23 14:04:00,226,226,226,226,0
2022-08-23 14:05:00,226,226,226,226,0
2022-08-23 14:06:00,226,226,226,226,0
2022-08-23 14:07:00,226,226,226,226,0
2022-08-23 14:08:00,226,226,226,226,0
2022-08-23 14:09:00,226,226,226,226,0
2022-08-23 14:10:00,226,226,226,226,0
2022-08-23 14:11:00,226,226,226,226,0
2022-08-23 14:12:00,226,226,226,226,0
2022-08-23 14:13:00,226,226,226,226,0
2022-08-23 14:14:00,226,226,226,226,0
2022-08-23 14:15:00,226,226,226,226,0
2022-08-23 14:16:00,226,226,226,226,0
2022-08-23 14:17:00,226,226,226,226,0
2022-08-23 14:18:00,226,226,226,226,0
2022-08-23 14:19:00,226,226,226,226,0
2022-08-23 14:20:00,226,226,226,226,0
2022-08-23 14:21:00,226,226,226,226,0
2022-08-23 14:22:00,226,226,226,226,0
2022-08-23 14:23:00,226,226,226,226,0
2022-08-23 14:24:00,226,226,226,226,1200
2022-08-23 14:25:00,224,224,224,224,0
2022-08-23 14:26:00,220,218,220,218,13500
2022-08-23 14:27:00,220,218,220,218,0
2022-08-23 14:28:00,220,218,220,218,0
2022-08-23 14:29:00,220,218,220,218,0
2022-08-23 14:30:00,220,218,220,218,0
2022-08-23 14:31:00,220,218,220,218,0
2022-08-23 14:32:00,220,218,220,218,0
2022-08-23 14:33:00,220,218,220,218,0
2022-08-23 14:34:00,220,218,220,218,0
2022-08-23 14:35:00,220,218,220,218,0
2022-08-23 14:36:00,220,218,220,218,0
2022-08-23 14:37:00,220,218,220,218,0
2022-08-23 14:38:00,220,218,220,218,0
2022-08-23 14:39:00,220,218,220,218,0
2022-08-23 14:40:00,220,218,220,218,0
2022-08-23 14:41:00,220,218,220,218,0
2022-08-23 14:42:00,220,218,220,218,0
2022-08-23 14:43:00,220,218,220,218,0
2022-08-23 14:44:00,220,218,220,218,0
2022-08-23 14:45:00,220,218,220,218,0
2022-08-23 14:46:00,220,218,220,218,0
2022-08-23 14:47:00,220,218,220,218,0
2022-08-23 14:48:00,220,218,220,218,0
2022-08-23 14:49:00,220,218,220,218,0
2022-08-23 14:50:00,220,218,220,218,0
2022-08-23 14:51:00,220,218,220,218,0
2022-08-23 14:52:00,220,218,220,218,0
2022-08-23 14:53:00,220,218,220,218,0
2022-08-23 14:54:00,220,218,220,218,0
2022-08-23 14:55:00,220,218,220,218,0
2022-08-23 14:56:00,220,218,220,218,0
2022-08-23 14:57:00,220,218,220,218,0
2022-08-23 14:58:00,220,218,220,218,0
2022-08-23 14:59:00,220,218,220,218,0
2022-08-23 15:00:00,218,218,218,218,800
2022-08-23 15:01:00,218,218,218,218,2900
2022-08-23 15:02:00,218,218,218,218,3200
2022-08-23 15:03:00,218,218,218,218,0
2022-08-23 15:04:00,218,218,218,218,0
2022-08-23 15:05:00,218,218,218,218,0
2022-08-23 15:06:00,218,218,218,218,0
2022-08-23 15:07:00,218,218,218,218,0
2022-08-23 15:08:00,218,218,218,218,100
2022-08-23 15:09:00,218,218,218,218,0
2022-08-23 15:10:00,218,218,218,218,0
2022-08-23 15:11:00,218,218,218,218,0
2022-08-23 15:12:00,218,218,218,218,0
2022-08-23 15:13:00,218,218,218,218,0
2022-08-23 15:14:00,218,218,218,218,0
2022-08-23 15:15:00,218,218,218,218,0
2022-08-23 15:16:00,218,218,218,218,0
2022-08-23 15:17:00,218,218,218,218,0
2022-08-23 15:18:00,218,218,218,218,0
2022-08-23 15:19:00,218,218,218,218,0
2022-08-23 15:20:00,218,218,218,218,0
2022-08-23 15:21:00,218,218,218,218,0
2022-08-23 15:22:00,218,218,218,218,0
2022-08-23 15:23:00,218,218,218,218,0
2022-08-23 15:24:00,218,218,218,218,0
2022-08-23 15:25:00,218,218,218,218,0
2022-08-23 15:26:00,218,218,218,218,0
2022-08-23 15:27:00,218,218,218,218,0
2022-08-23 15:28:00,218,218,218,218,0
2022-08-23 15:29:00,218,218,218,218,0
2022-08-23 15:30:00,218,218,218,218,0
2022-08-23 15:31:00,218,218,218,218,0
2022-08-23 15:32:00,218,218,218,218,0
2022-08-23 15:33:00,218,218,218,218,0
2022-08-23 15:34:00,218,218,218,218,0
2022-08-23 15:35:00,218,218,218,218,0
2022-08-23 15:36:00,218,218,218,218,0
2022-08-23 15:37:00,218,218,218,218,0
2022-08-23 15:38:00,218,218,218,218,0
2022-08-23 15:39:00,218,218,218,218,0
2022-08-23 15:40:00,218,218,218,218,0
2022-08-23 15:41:00,218,218,218,218,0
2022-08-23 15:42:00,218,218,218,218,0
2022-08-23 15:43:00,218,218,218,218,0
2022-08-23 15:44:00,218,218,218,218,0
2022-08-23 15:45:00,218,218,218,218,0
2022-08-23 15:46:00,218,218,218,218,0
2022-08-23 15:47:00,218,218,218,218,0
2022-08-23 15:48:00,218,218,218,218,0
2022-08-23 15:49:00,218,218,218,218,0
2022-08-23 15:50:00,218,218,218,218,0
2022-08-23 15:51:00,218,218,218,218,0
2022-08-23 15:52:00,218,218,218,218,0
2022-08-23 15:53:00,218,218,218,218,0
2022-08-23 15:54:00,218,218,218,218,0
2022-08-23 15:55:00,218,218,218,218,0
2022-08-23 15:56:00,218,218,218,218,0
2022-08-23 15:57:00,218,218,218,218,0
2022-08-23 15:58:00,218,218,218,218,0
2022-08-23 15:59:00,218,218,218,218,0
2022-08-24 09:00:00,212,212,212,212,5300
2022-08-24 09:01:00,212,212,212,212,5900
2022-08-24 09:02:00,212,212,212,212,3200
2022-08-24 09:03:00,212,212,212,212,0
2022-08-24 09:04:00,212,212,212,212,1700
2022-08-24 09:05:00,212,212,212,212,0
2022-08-24 09:06:00,212,212,212,212,0
2022-08-24 09:07:00,214,214,216,216,2100
2022-08-24 09:08:00,214,214,216,216,0
2022-08-24 09:09:00,214,214,216,216,0
2022-08-24 09:10:00,214,214,216,216,0
2022-08-24 09:11:00,214,214,216,216,0
2022-08-24 09:12:00,214,214,216,216,0
2022-08-24 09:13:00,214,214,216,216,0
2022-08-24 09:14:00,214,214,216,216,0
2022-08-24 09:15:00,214,214,216,216,0
2022-08-24 09:16:00,214,214,216,216,0
2022-08-24 09:17:00,216,216,216,216,500
2022-08-24 09:18:00,216,216,216,216,0
2022-08-24 09:19:00,216,216,216,216,0
2022-08-24 09:20:00,216,216,216,216,0
2022-08-24 09:21:00,216,216,216,216,4000
2022-08-24 09:22:00,216,216,216,216,0
2022-08-24 09:23:00,216,216,216,216,0
2022-08-24 09:24:00,216,216,216,216,0
2022-08-24 09:25:00,216,216,216,216,0
2022-08-24 09:26:00,216,216,216,216,0
2022-08-24 09:27:00,216,216,216,216,0
2022-08-24 09:28:00,216,216,216,216,0
2022-08-24 09:29:00,216,216,216,216,0
2022-08-24 09:30:00,216,216,216,216,0
2022-08-24 09:31:00,216,216,216,216,0
2022-08-24 09:32:00,214,214,214,214,1100
2022-08-24 09:33:00,214,214,214,214,0
2022-08-24 09:34:00,214,214,214,214,0
2022-08-24 09:35:00,214,214,214,214,0
2022-08-24 09:36:00,214,214,214,214,0
2022-08-24 09:37:00,214,214,214,214,0
2022-08-24 09:38:00,214,214,214,214,0
2022-08-24 09:39:00,214,214,214,214,0
2022-08-24 09:40:00,214,214,214,214,0
2022-08-24 09:41:00,214,214,214,214,0
2022-08-24 09:42:00,216,216,216,216,300
2022-08-24 09:43:00,216,216,216,216,200
2022-08-24 09:44:00,216,216,216,216,100
2022-08-24 09:45:00,216,216,216,216,0
2022-08-24 09:46:00,214,214,214,214,2400
2022-08-24 09:47:00,214,214,214,214,0
2022-08-24 09:48:00,214,214,214,214,19900
2022-08-24 09:49:00,214,214,214,214,0
2022-08-24 09:50:00,214,214,214,214,0
2022-08-24 09:51:00,214,214,214,214,0
2022-08-24 09:52:00,214,214,214,214,700
2022-08-24 09:53:00,214,214,214,214,0
2022-08-24 09:54:00,214,214,214,214,0
2022-08-24 09:55:00,214,214,214,214,0
2022-08-24 09:56:00,214,214,214,214,0
2022-08-24 09:57:00,214,214,214,214,0
2022-08-24 09:58:00,214,214,214,214,0
2022-08-24 09:59:00,214,214,214,214,0
2022-08-24 10:00:00,214,214,214,214,0
2022-08-24 10:01:00,214,214,214,214,0
2022-08-24 10:02:00,214,214,214,214,0
2022-08-24 10:03:00,214,214,214,214,0
2022-08-24 10:04:00,214,214,214,214,0
2022-08-24 10:05:00,214,214,216,216,12100
2022-08-24 10:06:00,214,214,216,216,0
2022-08-24 10:07:00,214,214,216,216,0
2022-08-24 10:08:00,216,216,216,216,2300
2022-08-24 10:09:00,216,216,216,216,0
2022-08-24 10:10:00,216,216,216,216,0
2022-08-24 10:11:00,216,216,216,216,6300
2022-08-24 10:12:00,216,216,216,216,0
2022-08-24 10:13:00,216,216,216,216,0
2022-08-24 10:14:00,216,216,216,216,0
2022-08-24 10:15:00,216,216,216,216,0
2022-08-24 10:16:00,216,216,216,216,1000
2022-08-24 10:17:00,216,216,216,216,0
2022-08-24 10:18:00,216,216,216,216,0
2022-08-24 10:19:00,216,216,216,216,0
2022-08-24 10:20:00,216,216,216,216,0
2022-08-24 10:21:00,224,224,224,224,300
2022-08-24 10:22:00,226,226,226,226,100
2022-08-24 10:23:00,226,226,226,226,0
2022-08-24 10:24:00,226,226,226,226,0
2022-08-24 10:25:00,226,226,226,226,0
2022-08-24 10:26:00,226,226,226,226,0
2022-08-24 10:27:00,226,226,226,226,0
2022-08-24 10:28:00,224,224,226,226,3800
2022-08-24 10:29:00,224,224,224,224,0
2022-08-24 10:30:00,224,224,224,224,0
2022-08-24 10:31:00,224,224,224,224,0
2022-08-24 10:32:00,224,224,224,224,0
2022-08-24 10:33:00,224,224,224,224,0
2022-08-24 10:34:00,224,224,224,224,0
2022-08-24 10:35:00,224,224,224,224,0
2022-08-24 10:36:00,224,224,224,224,0
2022-08-24 10:37:00,224,224,224,224,0
2022-08-24 10:38:00,224,224,224,224,0
2022-08-24 10:39:00,224,224,224,224,0
2022-08-24 10:40:00,216,216,216,216,2500
2022-08-24 10:41:00,216,216,216,216,0
2022-08-24 10:42:00,216,216,216,216,0
2022-08-24 10:43:00,216,216,216,216,0
2022-08-24 10:44:00,216,216,216,216,0
2022-08-24 10:45:00,216,216,216,216,0
2022-08-24 10:46:00,216,216,216,216,0
2022-08-24 10:47:00,216,216,216,216,0
2022-08-24 10:48:00,216,216,216,216,0
2022-08-24 10:49:00,216,216,216,216,0
2022-08-24 10:50:00,220,220,222,222,26100
2022-08-24 10:51:00,222,222,224,224,0
2022-08-24 10:52:00,222,222,224,224,0
2022-08-24 10:53:00,222,222,224,224,0
2022-08-24 10:54:00,222,222,224,224,0
2022-08-24 10:55:00,222,222,224,224,0
2022-08-24 10:56:00,222,222,224,224,0
2022-08-24 10:57:00,220,220,220,220,0
2022-08-24 10:58:00,220,220,220,220,0
2022-08-24 10:59:00,220,220,220,220,0
2022-08-24 11:00:00,220,220,220,220,0
2022-08-24 11:01:00,220,220,220,220,0
2022-08-24 11:02:00,220,220,220,220,0
2022-08-24 11:03:00,220,220,220,220,0
2022-08-24 11:04:00,220,220,220,220,2000
2022-08-24 11:05:00,220,220,220,220,0
2022-08-24 11:06:00,220,220,220,220,0
2022-08-24 11:07:00,220,220,220,220,0
2022-08-24 11:08:00,220,220,220,220,0
2022-08-24 11:09:00,220,220,220,220,0
2022-08-24 11:10:00,220,220,220,220,0
2022-08-24 11:11:00,220,220,220,220,0
2022-08-24 11:12:00,220,220,220,220,0
2022-08-24 11:13:00,220,220,220,220,0
2022-08-24 11:14:00,220,220,220,220,0
2022-08-24 11:15:00,220,220,220,220,0
2022-08-24 11:16:00,220,220,220,220,0
2022-08-24 11:17:00,220,220,220,220,0
2022-08-24 11:18:00,220,220,220,220,0
2022-08-24 11:19:00,220,220,220,220,0
2022-08-24 11:20:00,220,220,220,220,0
2022-08-24 11:21:00,216,214,216,214,8800
2022-08-24 11:22:00,216,214,216,214,0
2022-08-24 11:23:00,216,214,216,214,0
2022-08-24 11:24:00,214,214,214,214,7400
2022-08-24 11:25:00,214,214,214,214,0
2022-08-24 11:26:00,214,214,214,214,0
2022-08-24 11:27:00,214,214,214,214,0
2022-08-24 11:28:00,214,214,214,214,0
2022-08-24 11:29:00,214,214,214,214,0
2022-08-24 11:30:00,214,214,214,214,0
2022-08-24 11:31:00,214,214,214,214,0
2022-08-24 11:32:00,214,214,214,214,0
2022-08-24 11:33:00,214,214,214,214,0
2022-08-24 11:34:00,214,214,214,214,0
2022-08-24 11:35:00,214,214,214,214,0
2022-08-24 11:36:00,214,214,214,214,0
2022-08-24 11:37:00,214,214,214,214,0
2022-08-24 11:38:00,214,214,214,214,0
2022-08-24 11:39:00,214,214,214,214,0
2022-08-24 11:40:00,214,214,214,214,0
2022-08-24 11:41:00,214,214,214,214,0
2022-08-24 11:42:00,214,214,214,214,0
2022-08-24 11:43:00,214,214,214,214,0
2022-08-24 11:44:00,214,214,214,214,0
2022-08-24 11:45:00,214,214,214,214,0
2022-08-24 11:46:00,214,214,214,214,0
2022-08-24 11:47:00,214,214,214,214,0
2022-08-24 11:48:00,214,214,214,214,0
2022-08-24 11:49:00,214,214,214,214,0
2022-08-24 11:50:00,214,214,214,214,0
2022-08-24 11:51:00,214,214,214,214,0
2022-08-24 11:52:00,214,214,214,214,0
2022-08-24 11:53:00,214,214,214,214,0
2022-08-24 11:54:00,214,214,214,214,0
2022-08-24 11:55:00,214,214,214,214,0
2022-08-24 11:56:00,214,214,214,214,0
2022-08-24 11:57:00,214,214,214,214,0
2022-08-24 11:58:00,214,214,214,214,0
2022-08-24 11:59:00,214,214,214,214,0
2022-08-24 12:00:00,214,214,214,214,0
2022-08-24 12:01:00,214,214,214,214,0
2022-08-24 12:02:00,214,214,214,214,0
2022-08-24 12:03:00,214,214,214,214,0
2022-08-24 12:04:00,214,214,214,214,0
2022-08-24 12:05:00,214,214,214,214,0
2022-08-24 12:06:00,214,214,214,214,0
2022-08-24 12:07:00,214,214,214,214,0
2022-08-24 12:08:00,214,214,214,214,0
2022-08-24 12:09:00,214,214,214,214,0
2022-08-24 12:10:00,214,214,214,214,0
2022-08-24 12:11:00,214,214,214,214,0
2022-08-24 12:12:00,214,214,214,214,0
2022-08-24 12:13:00,214,214,214,214,0
2022-08-24 12:14:00,214,214,214,214,0
2022-08-24 12:15:00,214,214,214,214,0
2022-08-24 12:16:00,214,214,214,214,0
2022-08-24 12:17:00,214,214,214,214,0
2022-08-24 12:18:00,214,214,214,214,0
2022-08-24 12:19:00,214,214,214,214,0
2022-08-24 12:20:00,214,214,214,214,0
2022-08-24 12:21:00,214,214,214,214,0
2022-08-24 12:22:00,214,214,214,214,0
2022-08-24 12:23:00,214,214,214,214,0
2022-08-24 12:24:00,214,214,214,214,0
2022-08-24 12:25:00,214,214,214,214,0
2022-08-24 12:26:00,214,214,214,214,0
2022-08-24 12:27:00,214,214,214,214,0
2022-08-24 12:28:00,214,214,214,214,0
2022-08-24 12:29:00,214,214,214,214,0
2022-08-24 12:30:00,214,214,214,214,0
2022-08-24 12:31:00,214,214,214,214,0
2022-08-24 12:32:00,214,214,214,214,0
2022-08-24 12:33:00,214,214,214,214,0
2022-08-24 12:34:00,214,214,214,214,0
2022-08-24 12:35:00,214,214,214,214,0
2022-08-24 12:36:00,214,214,214,214,0
2022-08-24 12:37:00,214,214,214,214,0
2022-08-24 12:38:00,214,214,214,214,0
2022-08-24 12:39:00,214,214,214,214,0
2022-08-24 12:40:00,214,214,214,214,0
2022-08-24 12:41:00,214,214,214,214,0
2022-08-24 12:42:00,214,214,214,214,0
2022-08-24 12:43:00,214,214,214,214,0
2022-08-24 12:44:00,214,214,214,214,0
2022-08-24 12:45:00,214,214,214,214,0
2022-08-24 12:46:00,214,214,214,214,0
2022-08-24 12:47:00,214,214,214,214,0
2022-08-24 12:48:00,214,214,214,214,0
2022-08-24 12:49:00,214,214,214,214,0
2022-08-24 12:50:00,214,214,214,214,0
2022-08-24 12:51:00,214,214,214,214,0
2022-08-24 12:52:00,214,214,214,214,0
2022-08-24 12:53:00,214,214,214,214,0
2022-08-24 12:54:00,214,214,214,214,0
2022-08-24 12:55:00,214,214,214,214,0
2022-08-24 12:56:00,214,214,214,214,0
2022-08-24 12:57:00,214,214,214,214,0
2022-08-24 12:58:00,214,214,214,214,0
2022-08-24 12:59:00,214,214,214,214,0
2022-08-24 13:00:00,214,214,214,214,0
2022-08-24 13:01:00,214,214,214,214,0
2022-08-24 13:02:00,214,214,214,214,0
2022-08-24 13:03:00,214,214,214,214,0
2022-08-24 13:04:00,214,214,214,214,0
2022-08-24 13:05:00,214,214,214,214,0
2022-08-24 13:06:00,214,214,214,214,0
2022-08-24 13:07:00,214,214,214,214,0
2022-08-24 13:08:00,214,214,214,214,0
2022-08-24 13:09:00,214,214,214,214,0
2022-08-24 13:10:00,214,214,214,214,0
2022-08-24 13:11:00,214,214,214,214,0
2022-08-24 13:12:00,214,214,214,214,0
2022-08-24 13:13:00,214,214,214,214,0
2022-08-24 13:14:00,214,214,214,214,0
2022-08-24 13:15:00,214,214,214,214,0
2022-08-24 13:16:00,214,214,214,214,0
2022-08-24 13:17:00,214,214,214,214,0
2022-08-24 13:18:00,214,214,214,214,0
2022-08-24 13:19:00,214,214,214,214,0
2022-08-24 13:20:00,214,214,214,214,0
2022-08-24 13:21:00,214,214,214,214,0
2022-08-24 13:22:00,214,214,214,214,0
2022-08-24 13:23:00,214,214,214,214,0
2022-08-24 13:24:00,214,214,214,214,0
2022-08-24 13:25:00,214,214,214,214,0
2022-08-24 13:26:00,214,214,214,214,0
2022-08-24 13:27:00,214,214,214,214,0
2022-08-24 13:28:00,214,214,214,214,0
2022-08-24 13:29:00,214,214,214,214,0
2022-08-24 13:30:00,214,214,214,214,0
2022-08-24 13:31:00,214,214,214,214,0
2022-08-24 13:32:00,214,214,214,214,100
2022-08-24 13:33:00,214,214,214,214,0
2022-08-24 13:34:00,214,214,214,214,0
2022-08-24 13:35:00,214,214,214,214,0
2022-08-24 13:36:00,214,212,214,212,3700
2022-08-24 13:37:00,214,212,214,212,0
2022-08-24 13:38:00,214,212,214,212,0
2022-08-24 13:39:00,214,214,214,214,9300
2022-08-24 13:40:00,214,214,214,214,0
2022-08-24 13:41:00,214,214,214,214,3000
2022-08-24 13:42:00,214,214,214,214,0
2022-08-24 13:43:00,214,214,214,214,0
2022-08-24 13:44:00,214,214,214,214,0
2022-08-24 13:45:00,214,214,214,214,0
2022-08-24 13:46:00,214,214,214,214,0
2022-08-24 13:47:00,214,214,214,214,0
2022-08-24 13:48:00,214,214,214,214,0
2022-08-24 13:49:00,214,214,214,214,0
2022-08-24 13:50:00,214,214,214,214,0
2022-08-24 13:51:00,214,214,214,214,0
2022-08-24 13:52:00,214,214,214,214,0
2022-08-24 13:53:00,214,214,214,214,0
2022-08-24 13:54:00,214,214,214,214,0
2022-08-24 13:55:00,214,214,214,214,0
2022-08-24 13:56:00,214,214,214,214,0
2022-08-24 13:57:00,214,214,214,214,0
2022-08-24 13:58:00,214,214,214,214,0
2022-08-24 13:59:00,214,214,214,214,0
2022-08-24 14:00:00,214,214,214,214,0
2022-08-24 14:01:00,214,214,214,214,0
2022-08-24 14:02:00,214,214,214,214,0
2022-08-24 14:03:00,214,214,214,214,0
2022-08-24 14:04:00,214,214,214,214,0
2022-08-24 14:05:00,214,214,214,214,0
2022-08-24 14:06:00,214,214,214,214,5300
2022-08-24 14:07:00,214,214,214,214,900
2022-08-24 14:08:00,214,214,214,214,6700
2022-08-24 14:09:00,214,214,214,214,0
2022-08-24 14:10:00,220,220,222,222,22800
2022-08-24 14:11:00,220,220,222,222,0
2022-08-24 14:12:00,220,220,222,222,0
2022-08-24 14:13:00,220,220,222,222,0
2022-08-24 14:14:00,224,224,224,224,0
2022-08-24 14:15:00,224,224,224,224,0
2022-08-24 14:16:00,224,224,224,224,400
2022-08-24 14:17:00,224,224,224,224,0
2022-08-24 14:18:00,224,224,224,224,2200
2022-08-24 14:19:00,224,224,224,224,0
2022-08-24 14:20:00,224,224,224,224,0
2022-08-24 14:21:00,224,224,228,228,1900
2022-08-24 14:22:00,224,224,228,228,0
2022-08-24 14:23:00,228,228,230,230,4400
2022-08-24 14:24:00,230,230,240,238,3400
2022-08-24 14:25:00,230,230,240,238,0
2022-08-24 14:26:00,230,230,240,238,0
2022-08-24 14:27:00,230,230,240,238,0
2022-08-24 14:28:00,230,230,240,238,0
2022-08-24 14:29:00,230,230,240,238,0
2022-08-24 14:30:00,230,230,240,238,0
2022-08-24 14:31:00,230,230,240,238,0
2022-08-24 14:32:00,230,230,240,238,0
2022-08-24 14:33:00,230,230,240,238,0
2022-08-24 14:34:00,230,230,240,238,0
2022-08-24 14:35:00,236,236,236,236,5000
2022-08-24 14:36:00,236,236,236,236,0
2022-08-24 14:37:00,236,236,236,236,1600
2022-08-24 14:38:00,236,236,236,236,8200
2022-08-24 14:39:00,236,236,236,236,0
2022-08-24 14:40:00,236,236,236,236,0
2022-08-24 14:41:00,232,232,232,232,0
2022-08-24 14:42:00,232,232,232,232,0
2022-08-24 14:43:00,232,232,232,232,0
2022-08-24 14:44:00,232,232,232,232,0
2022-08-24 14:45:00,232,232,232,232,0
2022-08-24 14:46:00,230,230,230,230,3000
2022-08-24 14:47:00,230,230,230,230,0
2022-08-24 14:48:00,230,230,230,230,1500
2022-08-24 14:49:00,230,230,230,230,0
2022-08-24 14:50:00,230,230,230,230,0
2022-08-24 14:51:00,230,230,230,230,0
2022-08-24 14:52:00,230,230,230,230,0
2022-08-24 14:53:00,230,230,230,230,0
2022-08-24 14:54:00,230,230,230,230,0
2022-08-24 14:55:00,230,230,230,230,0
2022-08-24 14:56:00,230,230,230,230,0
2022-08-24 14:57:00,230,230,230,230,0
2022-08-24 14:58:00,230,230,230,230,0
2022-08-24 14:59:00,230,230,230,230,0
2022-08-24 15:00:00,230,230,230,230,0
2022-08-24 15:01:00,230,230,230,230,210300
2022-08-24 15:02:00,230,230,230,230,0
2022-08-24 15:03:00,230,230,230,230,0
2022-08-24 15:04:00,230,230,230,230,10100
2022-08-24 15:05:00,230,230,230,230,3000
2022-08-24 15:06:00,230,230,230,230,0
2022-08-24 15:07:00,230,230,230,230,3000
2022-08-24 15:08:00,230,230,230,230,0
2022-08-24 15:09:00,230,230,230,230,0
2022-08-24 15:10:00,230,230,230,230,0
2022-08-24 15:11:00,230,230,230,230,0
2022-08-24 15:12:00,230,230,230,230,209800
2022-08-24 15:13:00,230,230,230,230,0
2022-08-24 15:14:00,230,230,230,230,0
2022-08-24 15:15:00,230,230,230,230,0
2022-08-24 15:16:00,230,230,230,230,0
2022-08-24 15:17:00,230,230,230,230,0
2022-08-24 15:18:00,230,230,230,230,0
2022-08-24 15:19:00,230,230,230,230,0
2022-08-24 15:20:00,230,230,230,230,0
2022-08-24 15:21:00,230,230,230,230,0
2022-08-24 15:22:00,230,230,230,230,0
2022-08-24 15:23:00,230,230,230,230,0
2022-08-24 15:24:00,230,230,230,230,0
2022-08-24 15:25:00,230,230,230,230,0
2022-08-24 15:26:00,230,230,230,230,0
2022-08-24 15:27:00,230,230,230,230,0
2022-08-24 15:28:00,230,230,230,230,0
2022-08-24 15:29:00,230,230,230,230,0
2022-08-24 15:30:00,230,230,230,230,0
2022-08-24 15:31:00,230,230,230,230,0
2022-08-24 15:32:00,230,230,230,230,0
2022-08-24 15:33:00,230,230,230,230,0
2022-08-24 15:34:00,230,230,230,230,0
2022-08-24 15:35:00,230,230,230,230,0
2022-08-24 15:36:00,230,230,230,230,0
2022-08-24 15:37:00,230,230,230,230,0
2022-08-24 15:38:00,230,230,230,230,0
2022-08-24 15:39:00,230,230,230,230,0
2022-08-24 15:40:00,230,230,230,230,0
2022-08-24 15:41:00,230,230,230,230,0
2022-08-24 15:42:00,230,230,230,230,0
2022-08-24 15:43:00,230,230,230,230,0
2022-08-24 15:44:00,230,230,230,230,0
2022-08-24 15:45:00,230,230,230,230,0
2022-08-24 15:46:00,230,230,230,230,0
2022-08-24 15:47:00,230,230,230,230,0
2022-08-24 15:48:00,230,230,230,230,0
2022-08-24 15:49:00,230,230,230,230,0
2022-08-24 15:50:00,230,230,230,230,0
2022-08-24 15:51:00,230,230,230,230,0
2022-08-24 15:52:00,230,230,230,230,0
2022-08-24 15:53:00,230,230,230,230,0
2022-08-24 15:54:00,230,230,230,230,0
2022-08-24 15:55:00,230,230,230,230,0
2022-08-24 15:56:00,230,230,230,230,0
2022-08-24 15:57:00,230,230,230,230,0
2022-08-24 15:58:00,230,230,230,230,0
2022-08-24 15:59:00,230,230,230,230,0
2022-08-25 09:00:00,230,230,230,230,0
2022-08-25 09:01:00,230,230,230,230,0
2022-08-25 09:02:00,230,230,230,230,0
2022-08-25 09:03:00,230,230,230,230,0
2022-08-25 09:04:00,230,230,230,230,0
2022-08-25 09:05:00,230,230,230,230,0
2022-08-25 09:06:00,230,230,230,230,0
2022-08-25 09:07:00,230,230,230,230,0
2022-08-25 09:08:00,222,222,222,222,900
2022-08-25 09:09:00,222,222,222,222,5700
2022-08-25 09:10:00,222,222,222,222,0
2022-08-25 09:11:00,222,222,222,222,0
2022-08-25 09:12:00,222,222,222,222,0
2022-08-25 09:13:00,220,220,220,220,400
2022-08-25 09:14:00,220,220,220,220,0
2022-08-25 09:15:00,220,216,220,216,34100
2022-08-25 09:16:00,220,216,220,216,0
2022-08-25 09:17:00,220,216,220,216,0
2022-08-25 09:18:00,220,216,220,216,0
2022-08-25 09:19:00,220,216,220,216,0
2022-08-25 09:20:00,220,216,220,216,0
2022-08-25 09:21:00,218,214,218,214,54400
2022-08-25 09:22:00,218,214,218,214,0
2022-08-25 09:23:00,218,214,218,214,0
2022-08-25 09:24:00,218,214,218,214,0
2022-08-25 09:25:00,218,214,218,214,0
2022-08-25 09:26:00,216,216,220,220,0
2022-08-25 09:27:00,216,216,220,220,0
2022-08-25 09:28:00,216,216,220,220,0
2022-08-25 09:29:00,216,216,220,220,0
2022-08-25 09:30:00,224,224,224,224,900
2022-08-25 09:31:00,224,220,224,224,1600
2022-08-25 09:32:00,224,224,224,224,1500
2022-08-25 09:33:00,224,224,226,226,1000
2022-08-25 09:34:00,226,226,226,226,1100
2022-08-25 09:35:00,228,228,228,228,1100
2022-08-25 09:36:00,230,230,230,230,800
2022-08-25 09:37:00,230,230,230,230,0
2022-08-25 09:38:00,230,230,230,230,1500
2022-08-25 09:39:00,230,230,230,230,700
2022-08-25 09:40:00,230,230,230,230,200
2022-08-25 09:41:00,230,230,230,230,0
2022-08-25 09:42:00,230,230,230,230,0
2022-08-25 09:43:00,230,230,230,230,0
2022-08-25 09:44:00,230,230,230,230,0
2022-08-25 09:45:00,230,230,230,230,0
2022-08-25 09:46:00,230,230,230,230,0
2022-08-25 09:47:00,228,228,230,230,2800
2022-08-25 09:48:00,228,228,230,230,0
2022-08-25 09:49:00,228,228,230,230,0
2022-08-25 09:50:00,228,228,230,230,0
2022-08-25 09:51:00,222,220,222,220,28300
2022-08-25 09:52:00,222,220,222,220,0
2022-08-25 09:53:00,222,220,222,220,0
2022-08-25 09:54:00,228,228,230,230,900
2022-08-25 09:55:00,230,230,230,230,5100
2022-08-25 09:56:00,230,220,230,220,7300
2022-08-25 09:57:00,230,220,230,220,0
2022-08-25 09:58:00,218,216,218,216,8400
2022-08-25 09:59:00,218,216,218,216,0
2022-08-25 10:00:00,218,218,218,218,0
2022-08-25 10:01:00,218,218,218,218,0
2022-08-25 10:02:00,218,218,218,218,0
2022-08-25 10:03:00,218,218,218,218,0
2022-08-25 10:04:00,218,218,218,218,0
2022-08-25 10:05:00,218,218,218,218,0
2022-08-25 10:06:00,218,218,218,218,0
2022-08-25 10:07:00,218,218,218,218,0
2022-08-25 10:08:00,218,218,218,218,0
2022-08-25 10:09:00,218,218,218,218,0
2022-08-25 10:10:00,218,218,218,218,0
2022-08-25 10:11:00,218,218,218,218,0
2022-08-25 10:12:00,218,218,218,218,0
2022-08-25 10:13:00,218,218,218,218,0
2022-08-25 10:14:00,218,218,218,218,0
2022-08-25 10:15:00,218,218,218,218,0
2022-08-25 10:16:00,218,218,218,218,0
2022-08-25 10:17:00,218,218,218,218,0
2022-08-25 10:18:00,218,218,218,218,0
2022-08-25 10:19:00,218,218,218,218,0
2022-08-25 10:20:00,218,218,218,218,0
2022-08-25 10:21:00,218,218,218,218,0
2022-08-25 10:22:00,218,218,218,218,0
2022-08-25 10:23:00,218,218,218,218,0
2022-08-25 10:24:00,218,218,218,218,0
2022-08-25 10:25:00,228,228,228,228,100
2022-08-25 10:26:00,228,228,228,228,0
2022-08-25 10:27:00,228,228,228,228,0
2022-08-25 10:28:00,226,226,230,230,66900
2022-08-25 10:29:00,230,230,230,230,0
2022-08-25 10:30:00,230,230,230,230,0
2022-08-25 10:31:00,232,232,232,232,800
2022-08-25 10:32:00,232,230,232,230,1300
2022-08-25 10:33:00,230,230,230,230,900
2022-08-25 10:34:00,230,230,230,230,600
2022-08-25 10:35:00,230,230,230,230,0
2022-08-25 10:36:00,232,232,232,232,300
2022-08-25 10:37:00,232,232,232,232,800
2022-08-25 10:38:00,232,232,232,232,1200
2022-08-25 10:39:00,232,232,232,232,700
2022-08-25 10:40:00,232,232,232,232,900
2022-08-25 10:41:00,232,232,232,232,100
2022-08-25 10:42:00,232,232,232,232,0
2022-08-25 10:43:00,232,232,234,234,500
2022-08-25 10:44:00,234,234,234,234,800
2022-08-25 10:45:00,234,234,234,234,0
2022-08-25 10:46:00,234,234,234,234,0
2022-08-25 10:47:00,234,234,234,234,0
2022-08-25 10:48:00,234,234,234,234,0
2022-08-25 10:49:00,234,234,234,234,0
2022-08-25 10:50:00,234,234,234,234,1900
2022-08-25 10:51:00,234,234,234,234,0
2022-08-25 10:52:00,234,234,234,234,0
2022-08-25 10:53:00,234,234,234,234,0
2022-08-25 10:54:00,234,234,234,234,0
2022-08-25 10:55:00,234,234,234,234,0
2022-08-25 10:56:00,234,234,234,234,0
2022-08-25 10:57:00,234,234,234,234,0
2022-08-25 10:58:00,234,234,234,234,0
2022-08-25 10:59:00,234,234,234,234,0
2022-08-25 11:00:00,234,234,234,234,0
2022-08-25 11:01:00,234,234,234,234,0
2022-08-25 11:02:00,234,234,234,234,0
2022-08-25 11:03:00,234,234,234,234,0
2022-08-25 11:04:00,234,234,234,234,0
2022-08-25 11:05:00,234,234,234,234,0
2022-08-25 11:06:00,234,234,234,234,0
2022-08-25 11:07:00,234,234,234,234,0
2022-08-25 11:08:00,234,234,234,234,0
2022-08-25 11:09:00,234,234,234,234,0
2022-08-25 11:10:00,234,234,234,234,0
2022-08-25 11:11:00,232,232,232,232,1000
2022-08-25 11:12:00,232,232,232,232,1100
2022-08-25 11:13:00,232,232,232,232,900
2022-08-25 11:14:00,232,232,232,232,0
2022-08-25 11:15:00,232,232,232,232,0
2022-08-25 11:16:00,232,232,232,232,0
2022-08-25 11:17:00,232,232,232,232,0
2022-08-25 11:18:00,232,232,232,232,1400
2022-08-25 11:19:00,232,232,232,232,0
2022-08-25 11:20:00,232,232,232,232,0
2022-08-25 11:21:00,232,232,232,232,0
2022-08-25 11:22:00,232,232,232,232,0
2022-08-25 11:23:00,232,232,232,232,0
2022-08-25 11:24:00,232,232,232,232,0
2022-08-25 11:25:00,232,232,232,232,0
2022-08-25 11:26:00,232,232,232,232,0
2022-08-25 11:27:00,232,232,232,232,0
2022-08-25 11:28:00,232,232,232,232,0
2022-08-25 11:29:00,232,232,232,232,0
2022-08-25 11:30:00,232,232,232,232,0
2022-08-25 11:31:00,232,232,232,232,0
2022-08-25 11:32:00,232,232,232,232,0
2022-08-25 11:33:00,232,232,232,232,0
2022-08-25 11:34:00,232,232,232,232,0
2022-08-25 11:35:00,232,232,232,232,0
2022-08-25 11:36:00,232,232,232,232,0
2022-08-25 11:37:00,232,232,232,232,0
2022-08-25 11:38:00,232,232,232,232,0
2022-08-25 11:39:00,232,232,232,232,0
2022-08-25 11:40:00,232,232,232,232,0
2022-08-25 11:41:00,232,232,232,232,0
2022-08-25 11:42:00,232,232,232,232,0
2022-08-25 11:43:00,232,232,232,232,0
2022-08-25 11:44:00,232,232,232,232,0
2022-08-25 11:45:00,232,232,232,232,0
2022-08-25 11:46:00,232,232,232,232,0
2022-08-25 11:47:00,232,232,232,232,0
2022-08-25 11:48:00,232,232,232,232,0
2022-08-25 11:49:00,232,232,232,232,0
2022-08-25 11:50:00,232,232,232,232,0
2022-08-25 11:51:00,232,232,232,232,0
2022-08-25 11:52:00,232,232,232,232,0
2022-08-25 11:53:00,232,232,232,232,0
2022-08-25 11:54:00,232,232,232,232,0
2022-08-25 11:55:00,232,232,232,232,0
2022-08-25 11:56:00,232,232,232,232,0
2022-08-25 11:57:00,232,232,232,232,0
2022-08-25 11:58:00,232,232,232,232,0
2022-08-25 11:59:00,232,232,232,232,0
2022-08-25 12:00:00,232,232,232,232,0
2022-08-25 12:01:00,232,232,232,232,0
2022-08-25 12:02:00,232,232,232,232,0
2022-08-25 12:03:00,232,232,232,232,0
2022-08-25 12:04:00,232,232,232,232,0
2022-08-25 12:05:00,232,232,232,232,0
2022-08-25 12:06:00,232,232,232,232,0
2022-08-25 12:07:00,232,232,232,232,0
2022-08-25 12:08:00,232,232,232,232,0
2022-08-25 12:09:00,232,232,232,232,0
2022-08-25 12:10:00,232,232,232,232,0
2022-08-25 12:11:00,232,232,232,232,0
2022-08-25 12:12:00,232,232,232,232,0
2022-08-25 12:13:00,232,232,232,232,0
2022-08-25 12:14:00,232,232,232,232,0
2022-08-25 12:15:00,232,232,232,232,0
2022-08-25 12:16:00,232,232,232,232,0
2022-08-25 12:17:00,232,232,232,232,0
2022-08-25 12:18:00,232,232,232,232,0
2022-08-25 12:19:00,232,232,232,232,0
2022-08-25 12:20:00,232,232,232,232,0
2022-08-25 12:21:00,232,232,232,232,0
2022-08-25 12:22:00,232,232,232,232,0
2022-08-25 12:23:00,232,232,232,232,0
2022-08-25 12:24:00,232,232,232,232,0
2022-08-25 12:25:00,232,232,232,232,0
2022-08-25 12:26:00,232,232,232,232,0
2022-08-25 12:27:00,232,232,232,232,0
2022-08-25 12:28:00,232,232,232,232,0
2022-08-25 12:29:00,232,232,232,232,0
2022-08-25 12:30:00,232,232,232,232,0
2022-08-25 12:31:00,232,232,232,232,0
2022-08-25 12:32:00,232,232,232,232,0
2022-08-25 12:33:00,232,232,232,232,0
2022-08-25 12:34:00,232,232,232,232,0
2022-08-25 12:35:00,232,232,232,232,0
2022-08-25 12:36:00,232,232,232,232,0
2022-08-25 12:37:00,232,232,232,232,0
2022-08-25 12:38:00,232,232,232,232,0
2022-08-25 12:39:00,232,232,232,232,0
2022-08-25 12:40:00,232,232,232,232,0
2022-08-25 12:41:00,232,232,232,232,0
2022-08-25 12:42:00,232,232,232,232,0
2022-08-25 12:43:00,232,232,232,232,0
2022-08-25 12:44:00,232,232,232,232,0
2022-08-25 12:45:00,232,232,232,232,0
2022-08-25 12:46:00,232,232,232,232,0
2022-08-25 12:47:00,232,232,232,232,0
2022-08-25 12:48:00,232,232,232,232,0
2022-08-25 12:49:00,232,232,232,232,0
2022-08-25 12:50:00,232,232,232,232,0
2022-08-25 12:51:00,232,232,232,232,0
2022-08-25 12:52:00,232,232,232,232,0
2022-08-25 12:53:00,232,232,232,232,0
2022-08-25 12:54:00,232,232,232,232,0
2022-08-25 12:55:00,232,232,232,232,0
2022-08-25 12:56:00,232,232,232,232,0
2022-08-25 12:57:00,232,232,232,232,0
2022-08-25 12:58:00,232,232,232,232,0
2022-08-25 12:59:00,232,232,232,232,0
2022-08-25 13:00:00,232,232,232,232,0
2022-08-25 13:01:00,232,232,232,232,0
2022-08-25 13:02:00,232,232,232,232,0
2022-08-25 13:03:00,232,232,232,232,0
2022-08-25 13:04:00,232,232,232,232,0
2022-08-25 13:05:00,232,232,232,232,0
2022-08-25 13:06:00,232,232,232,232,0
2022-08-25 13:07:00,232,232,232,232,0
2022-08-25 13:08:00,232,232,232,232,0
2022-08-25 13:09:00,232,232,232,232,0
2022-08-25 13:10:00,232,232,232,232,0
2022-08-25 13:11:00,232,232,232,232,0
2022-08-25 13:12:00,232,232,232,232,0
2022-08-25 13:13:00,232,232,232,232,0
2022-08-25 13:14:00,232,232,232,232,0
2022-08-25 13:15:00,232,232,232,232,0
2022-08-25 13:16:00,232,232,232,232,0
2022-08-25 13:17:00,232,232,232,232,0
2022-08-25 13:18:00,232,232,232,232,0
2022-08-25 13:19:00,232,232,232,232,0
2022-08-25 13:20:00,232,232,232,232,0
2022-08-25 13:21:00,232,232,232,232,0
2022-08-25 13:22:00,232,232,232,232,0
2022-08-25 13:23:00,232,232,232,232,0
2022-08-25 13:24:00,232,232,232,232,0
2022-08-25 13:25:00,232,232,232,232,0
2022-08-25 13:26:00,232,232,232,232,0
2022-08-25 13:27:00,232,232,232,232,0
2022-08-25 13:28:00,232,232,232,232,0
2022-08-25 13:29:00,232,232,232,232,0
2022-08-25 13:30:00,224,224,224,224,214400
2022-08-25 13:31:00,224,224,224,224,0
2022-08-25 13:32:00,224,224,224,224,0
2022-08-25 13:33:00,224,224,224,224,800
2022-08-25 13:34:00,224,224,224,224,700
2022-08-25 13:35:00,224,224,224,224,200
2022-08-25 13:36:00,224,224,224,224,0
2022-08-25 13:37:00,224,224,224,224,200
2022-08-25 13:38:00,224,224,224,224,100
2022-08-25 13:39:00,224,224,224,224,0
2022-08-25 13:40:00,224,224,224,224,0
2022-08-25 13:41:00,224,224,224,224,200
2022-08-25 13:42:00,224,224,224,224,0
2022-08-25 13:43:00,224,224,224,224,0
2022-08-25 13:44:00,232,232,232,232,200
2022-08-25 13:45:00,232,232,232,232,0
2022-08-25 13:46:00,232,232,232,232,0
2022-08-25 13:47:00,232,232,232,232,0
2022-08-25 13:48:00,232,232,232,232,0
2022-08-25 13:49:00,232,232,232,232,0
2022-08-25 13:50:00,232,232,232,232,0
2022-08-25 13:51:00,230,230,230,230,5000
2022-08-25 13:52:00,230,230,230,230,0
2022-08-25 13:53:00,230,230,230,230,0
2022-08-25 13:54:00,230,230,230,230,0
2022-08-25 13:55:00,230,230,230,230,0
2022-08-25 13:56:00,230,230,230,230,0
2022-08-25 13:57:00,230,230,230,230,0
2022-08-25 13:58:00,230,230,230,230,0
2022-08-25 13:59:00,230,230,230,230,0
2022-08-25 14:00:00,230,230,230,230,0
2022-08-25 14:01:00,230,230,230,230,0
2022-08-25 14:02:00,230,230,230,230,0
2022-08-25 14:03:00,230,230,230,230,0
2022-08-25 14:04:00,230,230,230,230,0
2022-08-25 14:05:00,230,230,230,230,0
2022-08-25 14:06:00,230,230,230,230,0
2022-08-25 14:07:00,230,230,230,230,0
2022-08-25 14:08:00,230,230,230,230,0
2022-08-25 14:09:00,230,230,230,230,0
2022-08-25 14:10:00,230,230,230,230,0
2022-08-25 14:11:00,230,230,230,230,0
2022-08-25 14:12:00,230,230,230,230,0
2022-08-25 14:13:00,230,230,230,230,0
2022-08-25 14:14:00,230,230,230,230,0
2022-08-25 14:15:00,230,230,230,230,0
2022-08-25 14:16:00,230,230,230,230,0
2022-08-25 14:17:00,230,230,230,230,0
2022-08-25 14:18:00,230,230,230,230,0
2022-08-25 14:19:00,230,230,230,230,0
2022-08-25 14:20:00,230,230,230,230,0
2022-08-25 14:21:00,230,230,230,230,0
2022-08-25 14:22:00,230,230,230,230,0
2022-08-25 14:23:00,230,230,230,230,0
2022-08-25 14:24:00,230,230,230,230,0
2022-08-25 14:25:00,230,230,230,230,0
2022-08-25 14:26:00,230,230,230,230,0
2022-08-25 14:27:00,230,230,230,230,0
2022-08-25 14:28:00,230,230,230,230,0
2022-08-25 14:29:00,228,228,228,228,1300
2022-08-25 14:30:00,228,228,228,228,0
2022-08-25 14:31:00,230,230,230,230,1100
2022-08-25 14:32:00,230,230,230,230,0
2022-08-25 14:33:00,230,230,230,230,0
2022-08-25 14:34:00,230,230,230,230,8000
2022-08-25 14:35:00,230,230,230,230,0
2022-08-25 14:36:00,230,230,230,230,0
2022-08-25 14:37:00,232,232,232,232,1900
2022-08-25 14:38:00,234,234,234,234,13500
2022-08-25 14:39:00,236,236,238,238,7700
2022-08-25 14:40:00,236,236,236,236,300
2022-08-25 14:41:00,236,236,236,236,0
2022-08-25 14:42:00,236,236,236,236,0
2022-08-25 14:43:00,234,228,234,228,9800
2022-08-25 14:44:00,228,228,238,238,1800
2022-08-25 14:45:00,228,228,238,238,0
2022-08-25 14:46:00,228,228,238,238,0
2022-08-25 14:47:00,228,228,238,238,0
2022-08-25 14:48:00,228,228,238,238,0
2022-08-25 14:49:00,228,228,238,238,0
2022-08-25 14:50:00,228,228,238,238,0
2022-08-25 14:51:00,228,228,238,238,0
2022-08-25 14:52:00,228,228,238,238,0
2022-08-25 14:53:00,228,228,238,238,0
2022-08-25 14:54:00,228,228,238,238,0
2022-08-25 14:55:00,228,228,238,238,0
2022-08-25 14:56:00,228,228,238,238,0
2022-08-25 14:57:00,228,228,238,238,0
2022-08-25 14:58:00,228,228,238,238,0
2022-08-25 14:59:00,228,228,238,238,0
2022-08-25 15:00:00,230,230,230,230,500
2022-08-25 15:01:00,230,230,230,230,0
2022-08-25 15:02:00,230,230,230,230,0
2022-08-25 15:03:00,230,230,230,230,1200
2022-08-25 15:04:00,230,230,230,230,0
2022-08-25 15:05:00,230,230,230,230,0
2022-08-25 15:06:00,230,230,230,230,0
2022-08-25 15:07:00,230,230,230,230,0
2022-08-25 15:08:00,230,230,230,230,0
2022-08-25 15:09:00,230,230,230,230,0
2022-08-25 15:10:00,230,230,230,230,0
2022-08-25 15:11:00,230,230,230,230,0
2022-08-25 15:12:00,230,230,230,230,0
2022-08-25 15:13:00,230,230,230,230,0
2022-08-25 15:14:00,230,230,230,230,0
2022-08-25 15:15:00,230,230,230,230,0
2022-08-25 15:16:00,230,230,230,230,0
2022-08-25 15:17:00,230,230,230,230,0
2022-08-25 15:18:00,230,230,230,230,0
2022-08-25 15:19:00,230,230,230,230,0
2022-08-25 15:20:00,230,230,230,230,0
2022-08-25 15:21:00,230,230,230,230,0
2022-08-25 15:22:00,230,230,230,230,0
2022-08-25 15:23:00,230,230,230,230,0
2022-08-25 15:24:00,230,230,230,230,0
2022-08-25 15:25:00,230,230,230,230,0
2022-08-25 15:26:00,230,230,230,230,0
2022-08-25 15:27:00,230,230,230,230,0
2022-08-25 15:28:00,230,230,230,230,0
2022-08-25 15:29:00,230,230,230,230,0
2022-08-25 15:30:00,230,230,230,230,0
2022-08-25 15:31:00,230,230,230,230,0
2022-08-25 15:32:00,230,230,230,230,0
2022-08-25 15:33:00,230,230,230,230,0
2022-08-25 15:34:00,230,230,230,230,0
2022-08-25 15:35:00,230,230,230,230,0
2022-08-25 15:36:00,230,230,230,230,0
2022-08-25 15:37:00,230,230,230,230,0
2022-08-25 15:38:00,230,230,230,230,0
2022-08-25 15:39:00,230,230,230,230,0
2022-08-25 15:40:00,230,230,230,230,0
2022-08-25 15:41:00,230,230,230,230,0
2022-08-25 15:42:00,230,230,230,230,0
2022-08-25 15:43:00,230,230,230,230,0
2022-08-25 15:44:00,230,230,230,230,0
2022-08-25 15:45:00,230,230,230,230,0
2022-08-25 15:46:00,230,230,230,230,0
2022-08-25 15:47:00,230,230,230,230,0
2022-08-25 15:48:00,230,230,230,230,0
2022-08-25 15:49:00,230,230,230,230,0
2022-08-25 15:50:00,230,230,230,230,0
2022-08-25 15:51:00,230,230,230,230,0
2022-08-25 15:52:00,230,230,230,230,0
2022-08-25 15:53:00,230,230,230,230,0
2022-08-25 15:54:00,230,230,230,230,0
2022-08-25 15:55:00,230,230,230,230,0
2022-08-25 15:56:00,230,230,230,230,0
2022-08-25 15:57:00,230,230,230,230,0
2022-08-25 15:58:00,230,230,230,230,0
2022-08-25 15:59:00,230,230,230,230,0
2022-08-26 09:00:00,230,230,230,230,0
2022-08-26 09:01:00,230,230,230,230,0
2022-08-26 09:02:00,230,230,230,230,0
2022-08-26 09:03:00,230,230,230,230,0
2022-08-26 09:04:00,230,230,230,230,0
2022-08-26 09:05:00,230,230,230,230,0
2022-08-26 09:06:00,230,230,230,230,0
2022-08-26 09:07:00,230,230,230,230,0
2022-08-26 09:08:00,230,230,230,230,0
2022-08-26 09:09:00,230,230,230,230,0
2022-08-26 09:10:00,230,230,230,230,0
2022-08-26 09:11:00,230,230,230,230,100
2022-08-26 09:12:00,230,230,230,230,0
2022-08-26 09:13:00,230,230,230,230,0
2022-08-26 09:14:00,230,230,230,230,0
2022-08-26 09:15:00,230,230,230,230,0
2022-08-26 09:16:00,230,230,230,230,0
2022-08-26 09:17:00,230,230,230,230,0
2022-08-26 09:18:00,230,230,230,230,0
2022-08-26 09:19:00,230,230,230,230,0
2022-08-26 09:20:00,230,230,230,230,0
2022-08-26 09:21:00,230,230,230,230,0
2022-08-26 09:22:00,230,230,230,230,0
2022-08-26 09:23:00,230,230,230,230,0
2022-08-26 09:24:00,230,230,230,230,0
2022-08-26 09:25:00,230,230,230,230,0
2022-08-26 09:26:00,230,230,230,230,0
2022-08-26 09:27:00,230,230,230,230,0
2022-08-26 09:28:00,230,230,230,230,0
2022-08-26 09:29:00,230,230,230,230,0
2022-08-26 09:30:00,230,230,230,230,0
2022-08-26 09:31:00,230,230,230,230,0
2022-08-26 09:32:00,230,230,230,230,0
2022-08-26 09:33:00,230,230,230,230,0
2022-08-26 09:34:00,230,230,230,230,0
2022-08-26 09:35:00,230,230,230,230,0
2022-08-26 09:36:00,230,230,230,230,0
2022-08-26 09:37:00,224,222,224,222,1100
2022-08-26 09:38:00,224,222,224,222,0
2022-08-26 09:39:00,224,222,224,222,0
2022-08-26 09:40:00,224,222,224,222,0
2022-08-26 09:41:00,224,222,224,222,0
2022-08-26 09:42:00,224,222,224,222,0
2022-08-26 09:43:00,224,222,224,222,0
2022-08-26 09:44:00,224,222,224,222,0
2022-08-26 09:45:00,224,222,224,222,0
2022-08-26 09:46:00,224,222,224,222,0
2022-08-26 09:47:00,224,222,224,222,0
2022-08-26 09:48:00,224,222,224,222,0
2022-08-26 09:49:00,224,222,224,222,0
2022-08-26 09:50:00,224,222,224,222,0
2022-08-26 09:51:00,224,222,224,222,0
2022-08-26 09:52:00,224,222,224,222,0
2022-08-26 09:53:00,224,222,224,222,0
2022-08-26 09:54:00,224,222,224,222,0
2022-08-26 09:55:00,224,222,224,222,0
2022-08-26 09:56:00,224,222,224,222,0
2022-08-26 09:57:00,224,222,224,222,0
2022-08-26 09:58:00,224,222,224,222,0
2022-08-26 09:59:00,224,222,224,222,0
2022-08-26 10:00:00,224,222,224,222,0
2022-08-26 10:01:00,224,222,224,222,0
2022-08-26 10:02:00,224,222,224,222,0
2022-08-26 10:03:00,224,222,224,222,0
2022-08-26 10:04:00,224,222,224,222,0
2022-08-26 10:05:00,224,222,224,222,0
2022-08-26 10:06:00,224,222,224,222,0
2022-08-26 10:07:00,224,222,224,222,0
2022-08-26 10:08:00,224,222,224,222,0
2022-08-26 10:09:00,224,222,224,222,0
2022-08-26 10:10:00,224,222,224,222,0
2022-08-26 10:11:00,224,222,224,222,0
2022-08-26 10:12:00,224,222,224,222,0
2022-08-26 10:13:00,224,222,224,222,0
2022-08-26 10:14:00,224,224,224,224,2000
2022-08-26 10:15:00,224,224,224,224,0
2022-08-26 10:16:00,224,224,224,224,0
2022-08-26 10:17:00,224,224,224,224,0
2022-08-26 10:18:00,224,224,224,224,0
2022-08-26 10:19:00,224,224,224,224,0
2022-08-26 10:20:00,224,224,224,224,0
2022-08-26 10:21:00,224,224,224,224,0
2022-08-26 10:22:00,224,224,224,224,0
2022-08-26 10:23:00,224,224,224,224,0
2022-08-26 10:24:00,224,224,224,224,0
2022-08-26 10:25:00,224,224,224,224,0
2022-08-26 10:26:00,224,224,224,224,0
2022-08-26 10:27:00,224,224,224,224,0
2022-08-26 10:28:00,224,224,224,224,0
2022-08-26 10:29:00,224,224,224,224,0
2022-08-26 10:30:00,224,224,224,224,0
2022-08-26 10:31:00,224,224,224,224,0
2022-08-26 10:32:00,224,224,224,224,0
2022-08-26 10:33:00,224,224,224,224,0
2022-08-26 10:34:00,224,224,224,224,0
2022-08-26 10:35:00,224,224,224,224,0
2022-08-26 10:36:00,230,230,230,230,5000
2022-08-26 10:37:00,230,230,230,230,0
2022-08-26 10:38:00,230,230,230,230,0
2022-08-26 10:39:00,230,230,230,230,0
2022-08-26 10:40:00,230,230,230,230,0
2022-08-26 10:41:00,230,230,230,230,0
2022-08-26 10:42:00,230,230,230,230,0
2022-08-26 10:43:00,230,230,230,230,0
2022-08-26 10:44:00,230,230,230,230,0
2022-08-26 10:45:00,230,230,230,230,0
2022-08-26 10:46:00,230,230,230,230,0
2022-08-26 10:47:00,230,230,230,230,0
2022-08-26 10:48:00,230,230,230,230,0
2022-08-26 10:49:00,230,230,230,230,0
2022-08-26 10:50:00,230,230,230,230,0
2022-08-26 10:51:00,230,230,230,230,0
2022-08-26 10:52:00,224,224,224,224,5000
2022-08-26 10:53:00,224,224,224,224,0
2022-08-26 10:54:00,224,224,224,224,0
2022-08-26 10:55:00,224,224,224,224,0
2022-08-26 10:56:00,224,224,224,224,0
2022-08-26 10:57:00,224,224,224,224,0
2022-08-26 10:58:00,224,224,224,224,0
2022-08-26 10:59:00,224,224,224,224,0
2022-08-26 11:00:00,224,224,224,224,0
2022-08-26 11:01:00,224,224,224,224,0
2022-08-26 11:02:00,224,224,224,224,0
2022-08-26 11:03:00,224,224,224,224,0
2022-08-26 11:04:00,224,224,224,224,0
2022-08-26 11:05:00,224,224,224,224,0
2022-08-26 11:06:00,224,224,224,224,0
2022-08-26 11:07:00,224,224,224,224,0
2022-08-26 11:08:00,224,224,224,224,0
2022-08-26 11:09:00,224,224,224,224,0
2022-08-26 11:10:00,224,224,224,224,0
2022-08-26 11:11:00,224,224,224,224,0
2022-08-26 11:12:00,224,224,224,224,0
2022-08-26 11:13:00,224,224,224,224,0
2022-08-26 11:14:00,224,224,224,224,0
2022-08-26 11:15:00,224,224,224,224,0
2022-08-26 11:16:00,224,224,224,224,0
2022-08-26 11:17:00,224,224,224,224,0
2022-08-26 11:18:00,224,224,224,224,0
2022-08-26 11:19:00,224,224,224,224,0
2022-08-26 11:20:00,224,224,224,224,0
2022-08-26 11:21:00,224,224,224,224,0
2022-08-26 11:22:00,224,224,224,224,0
2022-08-26 11:23:00,224,224,224,224,0
2022-08-26 11:24:00,224,224,224,224,0
2022-08-26 11:25:00,224,224,224,224,0
2022-08-26 11:26:00,230,230,230,230,2800
2022-08-26 11:27:00,230,230,230,230,0
2022-08-26 11:28:00,230,230,230,230,0
2022-08-26 11:29:00,230,230,230,230,0
2022-08-26 11:30:00,230,230,230,230,0
2022-08-26 11:31:00,230,230,230,230,0
2022-08-26 11:32:00,230,230,230,230,0
2022-08-26 11:33:00,230,230,230,230,0
2022-08-26 11:34:00,230,230,230,230,0
2022-08-26 11:35:00,230,230,230,230,0
2022-08-26 11:36:00,230,230,230,230,0
2022-08-26 11:37:00,230,230,230,230,0
2022-08-26 11:38:00,230,230,230,230,0
2022-08-26 11:39:00,230,230,230,230,0
2022-08-26 11:40:00,230,230,230,230,0
2022-08-26 11:41:00,230,230,230,230,0
2022-08-26 11:42:00,230,230,230,230,0
2022-08-26 11:43:00,230,230,230,230,0
2022-08-26 11:44:00,230,230,230,230,0
2022-08-26 11:45:00,230,230,230,230,0
2022-08-26 11:46:00,230,230,230,230,0
2022-08-26 11:47:00,230,230,230,230,0
2022-08-26 11:48:00,230,230,230,230,0
2022-08-26 11:49:00,230,230,230,230,0
2022-08-26 11:50:00,230,230,230,230,0
2022-08-26 11:51:00,230,230,230,230,0
2022-08-26 11:52:00,230,230,230,230,0
2022-08-26 11:53:00,230,230,230,230,0
2022-08-26 11:54:00,230,230,230,230,0
2022-08-26 11:55:00,230,230,230,230,0
2022-08-26 11:56:00,230,230,230,230,0
2022-08-26 11:57:00,230,230,230,230,0
2022-08-26 11:58:00,230,230,230,230,0
2022-08-26 11:59:00,230,230,230,230,0
2022-08-26 12:00:00,230,230,230,230,0
2022-08-26 12:01:00,230,230,230,230,0
2022-08-26 12:02:00,230,230,230,230,0
2022-08-26 12:03:00,230,230,230,230,0
2022-08-26 12:04:00,230,230,230,230,0
2022-08-26 12:05:00,230,230,230,230,0
2022-08-26 12:06:00,230,230,230,230,0
2022-08-26 12:07:00,230,230,230,230,0
2022-08-26 12:08:00,230,230,230,230,0
2022-08-26 12:09:00,230,230,230,230,0
2022-08-26 12:10:00,230,230,230,230,0
2022-08-26 12:11:00,230,230,230,230,0
2022-08-26 12:12:00,230,230,230,230,0
2022-08-26 12:13:00,230,230,230,230,0
2022-08-26 12:14:00,230,230,230,230,0
2022-08-26 12:15:00,230,230,230,230,0
2022-08-26 12:16:00,230,230,230,230,0
2022-08-26 12:17:00,230,230,230,230,0
2022-08-26 12:18:00,230,230,230,230,0
2022-08-26 12:19:00,230,230,230,230,0
2022-08-26 12:20:00,230,230,230,230,0
2022-08-26 12:21:00,230,230,230,230,0
2022-08-26 12:22:00,230,230,230,230,0
2022-08-26 12:23:00,230,230,230,230,0
2022-08-26 12:24:00,230,230,230,230,0
2022-08-26 12:25:00,230,230,230,230,0
2022-08-26 12:26:00,230,230,230,230,0
2022-08-26 12:27:00,230,230,230,230,0
2022-08-26 12:28:00,230,230,230,230,0
2022-08-26 12:29:00,230,230,230,230,0
2022-08-26 12:30:00,230,230,230,230,0
2022-08-26 12:31:00,230,230,230,230,0
2022-08-26 12:32:00,230,230,230,230,0
2022-08-26 12:33:00,230,230,230,230,0
2022-08-26 12:34:00,230,230,230,230,0
2022-08-26 12:35:00,230,230,230,230,0
2022-08-26 12:36:00,230,230,230,230,0
2022-08-26 12:37:00,230,230,230,230,0
2022-08-26 12:38:00,230,230,230,230,0
2022-08-26 12:39:00,230,230,230,230,0
2022-08-26 12:40:00,230,230,230,230,0
2022-08-26 12:41:00,230,230,230,230,0
2022-08-26 12:42:00,230,230,230,230,0
2022-08-26 12:43:00,230,230,230,230,0
2022-08-26 12:44:00,230,230,230,230,0
2022-08-26 12:45:00,230,230,230,230,0
2022-08-26 12:46:00,230,230,230,230,0
2022-08-26 12:47:00,230,230,230,230,0
2022-08-26 12:48:00,230,230,230,230,0
2022-08-26 12:49:00,230,230,230,230,0
2022-08-26 12:50:00,230,230,230,230,0
2022-08-26 12:51:00,230,230,230,230,0
2022-08-26 12:52:00,230,230,230,230,0
2022-08-26 12:53:00,230,230,230,230,0
2022-08-26 12:54:00,230,230,230,230,0
2022-08-26 12:55:00,230,230,230,230,0
2022-08-26 12:56:00,230,230,230,230,0
2022-08-26 12:57:00,230,230,230,230,0
2022-08-26 12:58:00,230,230,230,230,0
2022-08-26 12:59:00,230,230,230,230,0
2022-08-26 13:00:00,230,230,230,230,0
2022-08-26 13:01:00,230,230,230,230,0
2022-08-26 13:02:00,230,230,230,230,0
2022-08-26 13:03:00,230,230,230,230,0
2022-08-26 13:04:00,230,230,230,230,0
2022-08-26 13:05:00,230,230,230,230,0
2022-08-26 13:06:00,230,230,230,230,0
2022-08-26 13:07:00,230,230,230,230,0
2022-08-26 13:08:00,230,230,230,230,0
2022-08-26 13:09:00,230,230,230,230,0
2022-08-26 13:10:00,230,230,230,230,0
2022-08-26 13:11:00,230,230,230,230,0
2022-08-26 13:12:00,230,230,230,230,0
2022-08-26 13:13:00,230,230,230,230,0
2022-08-26 13:14:00,230,230,230,230,0
2022-08-26 13:15:00,230,230,230,230,0
2022-08-26 13:16:00,230,230,230,230,0
2022-08-26 13:17:00,230,230,230,230,0
2022-08-26 13:18:00,230,230,230,230,0
2022-08-26 13:19:00,230,230,230,230,0
2022-08-26 13:20:00,230,230,230,230,0
2022-08-26 13:21:00,230,230,230,230,0
2022-08-26 13:22:00,230,230,230,230,0
2022-08-26 13:23:00,230,230,230,230,0
2022-08-26 13:24:00,230,230,230,230,0
2022-08-26 13:25:00,230,230,230,230,0
2022-08-26 13:26:00,230,230,230,230,0
2022-08-26 13:27:00,230,230,230,230,0
2022-08-26 13:28:00,230,230,230,230,0
2022-08-26 13:29:00,230,230,230,230,0
2022-08-26 13:30:00,230,230,230,230,5000
2022-08-26 13:31:00,230,230,230,230,0
2022-08-26 13:32:00,230,230,230,230,0
2022-08-26 13:33:00,230,230,230,230,0
2022-08-26 13:34:00,230,230,230,230,0
2022-08-26 13:35:00,230,230,230,230,0
2022-08-26 13:36:00,230,230,230,230,0
2022-08-26 13:37:00,230,230,230,230,0
2022-08-26 13:38:00,226,226,226,226,0
2022-08-26 13:39:00,226,226,226,226,0
2022-08-26 13:40:00,226,226,226,226,0
2022-08-26 13:41:00,226,226,226,226,0
2022-08-26 13:42:00,226,226,226,226,0
2022-08-26 13:43:00,226,226,226,226,0
2022-08-26 13:44:00,226,226,226,226,0
2022-08-26 13:45:00,226,226,226,226,0
2022-08-26 13:46:00,230,230,230,230,800
2022-08-26 13:47:00,226,226,226,226,1000
2022-08-26 13:48:00,226,226,226,226,0
2022-08-26 13:49:00,226,226,226,226,0
2022-08-26 13:50:00,226,226,226,226,0
2022-08-26 13:51:00,226,226,226,226,0
2022-08-26 13:52:00,226,226,226,226,0
2022-08-26 13:53:00,230,230,230,230,3400
2022-08-26 13:54:00,232,232,232,232,200
2022-08-26 13:55:00,230,230,230,230,900
2022-08-26 13:56:00,230,230,230,230,0
2022-08-26 13:57:00,230,230,230,230,0
2022-08-26 13:58:00,230,230,230,230,0
2022-08-26 13:59:00,230,230,230,230,0
2022-08-26 14:00:00,230,230,230,230,0
2022-08-26 14:01:00,230,230,230,230,0
2022-08-26 14:02:00,230,230,230,230,0
2022-08-26 14:03:00,230,230,230,230,0
2022-08-26 14:04:00,230,230,230,230,0
2022-08-26 14:05:00,230,230,230,230,0
2022-08-26 14:06:00,230,230,230,230,0
2022-08-26 14:07:00,230,230,230,230,0
2022-08-26 14:08:00,230,230,230,230,0
2022-08-26 14:09:00,230,230,230,230,0
2022-08-26 14:10:00,230,230,230,230,0
2022-08-26 14:11:00,230,230,230,230,0
2022-08-26 14:12:00,230,230,230,230,0
2022-08-26 14:13:00,230,230,230,230,0
2022-08-26 14:14:00,230,230,230,230,0
2022-08-26 14:15:00,230,230,230,230,0
2022-08-26 14:16:00,232,232,232,232,100
2022-08-26 14:17:00,232,232,232,232,0
2022-08-26 14:18:00,232,232,232,232,0
2022-08-26 14:19:00,232,232,232,232,0
2022-08-26 14:20:00,232,232,232,232,0
2022-08-26 14:21:00,232,232,232,232,0
2022-08-26 14:22:00,232,232,232,232,0
2022-08-26 14:23:00,232,232,232,232,0
2022-08-26 14:24:00,232,232,232,232,0
2022-08-26 14:25:00,232,232,232,232,0
2022-08-26 14:26:00,232,232,232,232,0
2022-08-26 14:27:00,232,232,232,232,0
2022-08-26 14:28:00,232,232,232,232,0
2022-08-26 14:29:00,232,232,232,232,0
2022-08-26 14:30:00,232,232,232,232,0
2022-08-26 14:31:00,232,232,232,232,0
2022-08-26 14:32:00,232,232,232,232,0
2022-08-26 14:33:00,232,232,232,232,0
2022-08-26 14:34:00,232,232,232,232,0
2022-08-26 14:35:00,232,232,232,232,0
2022-08-26 14:36:00,232,232,232,232,0
2022-08-26 14:37:00,232,232,232,232,0
2022-08-26 14:38:00,232,232,232,232,0
2022-08-26 14:39:00,232,232,232,232,200
2022-08-26 14:40:00,226,226,226,226,1700
2022-08-26 14:41:00,230,230,232,232,0
2022-08-26 14:42:00,230,230,232,232,0
2022-08-26 14:43:00,230,230,232,232,0
2022-08-26 14:44:00,224,224,230,230,3000
2022-08-26 14:45:00,224,224,230,230,0
2022-08-26 14:46:00,224,224,230,230,0
2022-08-26 14:47:00,230,230,230,230,2100
2022-08-26 14:48:00,230,230,232,232,0
2022-08-26 14:49:00,228,228,228,228,0
2022-08-26 14:50:00,228,228,228,228,0
2022-08-26 14:51:00,228,228,228,228,0
2022-08-26 14:52:00,228,228,228,228,0
2022-08-26 14:53:00,228,228,228,228,0
2022-08-26 14:54:00,228,228,228,228,0
2022-08-26 14:55:00,228,228,228,228,0
2022-08-26 14:56:00,228,228,228,228,0
2022-08-26 14:57:00,228,228,228,228,0
2022-08-26 14:58:00,228,228,228,228,0
2022-08-26 14:59:00,228,228,228,228,0
2022-08-26 15:00:00,230,230,230,230,6200
2022-08-26 15:01:00,230,230,230,230,0
2022-08-26 15:02:00,230,230,230,230,0
2022-08-26 15:03:00,230,230,230,230,0
2022-08-26 15:04:00,230,230,230,230,0
2022-08-26 15:05:00,230,230,230,230,0
2022-08-26 15:06:00,230,230,230,230,0
2022-08-26 15:07:00,230,230,230,230,0
2022-08-26 15:08:00,230,230,230,230,0
2022-08-26 15:09:00,230,230,230,230,0
2022-08-26 15:10:00,230,230,230,230,0
2022-08-26 15:11:00,230,230,230,230,0
2022-08-26 15:12:00,230,230,230,230,0
2022-08-26 15:13:00,230,230,230,230,0
2022-08-26 15:14:00,230,230,230,230,0
2022-08-26 15:15:00,230,230,230,230,0
2022-08-26 15:16:00,230,230,230,230,0
2022-08-26 15:17:00,230,230,230,230,0
2022-08-26 15:18:00,230,230,230,230,0
2022-08-26 15:19:00,230,230,230,230,0
2022-08-26 15:20:00,230,230,230,230,0
2022-08-26 15:21:00,230,230,230,230,0
2022-08-26 15:22:00,230,230,230,230,0
2022-08-26 15:23:00,230,230,230,230,0
2022-08-26 15:24:00,230,230,230,230,0
2022-08-26 15:25:00,230,230,230,230,0
2022-08-26 15:26:00,230,230,230,230,0
2022-08-26 15:27:00,230,230,230,230,0
2022-08-26 15:28:00,230,230,230,230,0
2022-08-26 15:29:00,230,230,230,230,0
2022-08-26 15:30:00,230,230,230,230,0
2022-08-26 15:31:00,230,230,230,230,0
2022-08-26 15:32:00,230,230,230,230,0
2022-08-26 15:33:00,230,230,230,230,0
2022-08-26 15:34:00,230,230,230,230,0
2022-08-26 15:35:00,230,230,230,230,0
2022-08-26 15:36:00,230,230,230,230,0
2022-08-26 15:37:00,230,230,230,230,0
2022-08-26 15:38:00,230,230,230,230,0
2022-08-26 15:39:00,230,230,230,230,0
2022-08-26 15:40:00,230,230,230,230,0
2022-08-26 15:41:00,230,230,230,230,0
2022-08-26 15:42:00,230,230,230,230,0
2022-08-26 15:43:00,230,230,230,230,0
2022-08-26 15:44:00,230,230,230,230,0
2022-08-26 15:45:00,230,230,230,230,0
2022-08-26 15:46:00,230,230,230,230,0
2022-08-26 15:47:00,230,230,230,230,0
2022-08-26 15:48:00,230,230,230,230,0
2022-08-26 15:49:00,230,230,230,230,0
2022-08-26 15:50:00,230,230,230,230,0
2022-08-26 15:51:00,230,230,230,230,0
2022-08-26 15:52:00,230,230,230,230,0
2022-08-26 15:53:00,230,230,230,230,0
2022-08-26 15:54:00,230,230,230,230,0
2022-08-26 15:55:00,230,230,230,230,0
2022-08-26 15:56:00,230,230,230,230,0
2022-08-26 15:57:00,230,230,230,230,0
2022-08-26 15:58:00,230,230,230,230,0
2022-08-26 15:59:00,230,230,230,230,0
2022-08-29 09:00:00,230,230,230,230,0
2022-08-29 09:01:00,230,230,230,230,0
2022-08-29 09:02:00,230,230,230,230,0
2022-08-29 09:03:00,230,230,230,230,0
2022-08-29 09:04:00,230,230,230,230,0
2022-08-29 09:05:00,230,230,230,230,0
2022-08-29 09:06:00,230,230,230,230,0
2022-08-29 09:07:00,232,232,232,232,100
2022-08-29 09:08:00,232,232,232,232,0
2022-08-29 09:09:00,232,232,232,232,0
2022-08-29 09:10:00,232,232,232,232,0
2022-08-29 09:11:00,232,232,232,232,0
2022-08-29 09:12:00,232,232,232,232,0
2022-08-29 09:13:00,232,232,232,232,0
2022-08-29 09:14:00,232,232,232,232,0
2022-08-29 09:15:00,232,232,232,232,0
2022-08-29 09:16:00,230,230,230,230,100
2022-08-29 09:17:00,230,230,230,230,0
2022-08-29 09:18:00,230,230,230,230,0
2022-08-29 09:19:00,230,230,230,230,0
2022-08-29 09:20:00,230,230,230,230,0
2022-08-29 09:21:00,230,230,230,230,0
2022-08-29 09:22:00,230,230,230,230,0
2022-08-29 09:23:00,230,230,230,230,0
2022-08-29 09:24:00,230,230,230,230,0
2022-08-29 09:25:00,230,230,230,230,0
2022-08-29 09:26:00,230,230,230,230,0
2022-08-29 09:27:00,230,230,230,230,0
2022-08-29 09:28:00,230,230,230,230,300
2022-08-29 09:29:00,230,230,230,230,0
2022-08-29 09:30:00,230,230,230,230,0
2022-08-29 09:31:00,230,230,230,230,0
2022-08-29 09:32:00,230,230,230,230,0
2022-08-29 09:33:00,230,230,230,230,0
2022-08-29 09:34:00,230,230,230,230,0
2022-08-29 09:35:00,230,230,230,230,0
2022-08-29 09:36:00,230,230,230,230,0
2022-08-29 09:37:00,230,230,230,230,0
2022-08-29 09:38:00,230,230,230,230,0
2022-08-29 09:39:00,230,230,230,230,0
2022-08-29 09:40:00,230,230,230,230,0
2022-08-29 09:41:00,230,230,230,230,0
2022-08-29 09:42:00,230,230,230,230,0
2022-08-29 09:43:00,226,226,226,226,1000
2022-08-29 09:44:00,226,226,226,226,0
2022-08-29 09:45:00,226,226,226,226,0
2022-08-29 09:46:00,226,226,226,226,0
2022-08-29 09:47:00,226,226,226,226,0
2022-08-29 09:48:00,226,226,226,226,0
2022-08-29 09:49:00,226,226,226,226,0
2022-08-29 09:50:00,226,226,226,226,0
2022-08-29 09:51:00,226,226,226,226,0
2022-08-29 09:52:00,226,226,226,226,0
2022-08-29 09:53:00,226,226,226,226,0
2022-08-29 09:54:00,226,226,226,226,0
2022-08-29 09:55:00,228,228,228,228,3400
2022-08-29 09:56:00,228,228,228,228,0
2022-08-29 09:57:00,226,226,226,226,0
2022-08-29 09:58:00,226,226,226,226,0
2022-08-29 09:59:00,226,226,226,226,0
2022-08-29 10:00:00,226,226,226,226,0
2022-08-29 10:01:00,226,226,226,226,0
2022-08-29 10:02:00,226,226,226,226,0
2022-08-29 10:03:00,226,226,226,226,0
2022-08-29 10:04:00,226,226,226,226,0
2022-08-29 10:05:00,226,226,226,226,0
2022-08-29 10:06:00,226,226,226,226,0
2022-08-29 10:07:00,226,226,226,226,0
2022-08-29 10:08:00,226,226,226,226,0
2022-08-29 10:09:00,226,226,226,226,0
2022-08-29 10:10:00,226,226,226,226,0
2022-08-29 10:11:00,226,226,226,226,0
2022-08-29 10:12:00,226,226,226,226,0
2022-08-29 10:13:00,226,226,226,226,0
2022-08-29 10:14:00,226,226,226,226,0
2022-08-29 10:15:00,230,230,230,230,100
2022-08-29 10:16:00,230,230,230,230,0
2022-08-29 10:17:00,230,230,230,230,0
2022-08-29 10:18:00,230,230,230,230,0
2022-08-29 10:19:00,230,230,230,230,0
2022-08-29 10:20:00,228,228,228,228,100
2022-08-29 10:21:00,228,228,228,228,0
2022-08-29 10:22:00,228,228,228,228,0
2022-08-29 10:23:00,228,228,228,228,0
2022-08-29 10:24:00,228,228,228,228,0
2022-08-29 10:25:00,228,228,228,228,0
2022-08-29 10:26:00,228,228,228,228,0
2022-08-29 10:27:00,228,228,228,228,0
2022-08-29 10:28:00,228,228,228,228,0
2022-08-29 10:29:00,228,228,228,228,0
2022-08-29 10:30:00,228,228,228,228,0
2022-08-29 10:31:00,228,228,228,228,0
2022-08-29 10:32:00,228,228,228,228,0
2022-08-29 10:33:00,228,228,228,228,0
2022-08-29 10:34:00,228,228,228,228,0
2022-08-29 10:35:00,228,228,228,228,0
2022-08-29 10:36:00,228,228,228,228,0
2022-08-29 10:37:00,228,228,228,228,0
2022-08-29 10:38:00,228,228,228,228,0
2022-08-29 10:39:00,228,228,228,228,0
2022-08-29 10:40:00,228,228,228,228,0
2022-08-29 10:41:00,228,228,228,228,0
2022-08-29 10:42:00,228,228,228,228,0
2022-08-29 10:43:00,228,228,228,228,0
2022-08-29 10:44:00,228,228,228,228,0
2022-08-29 10:45:00,226,226,226,226,15300
2022-08-29 10:46:00,224,220,224,220,2800
2022-08-29 10:47:00,224,220,224,220,0
2022-08-29 10:48:00,224,220,224,220,0
2022-08-29 10:49:00,224,220,224,220,0
2022-08-29 10:50:00,224,220,224,220,0
2022-08-29 10:51:00,224,220,224,220,0
2022-08-29 10:52:00,224,220,224,220,0
2022-08-29 10:53:00,224,220,224,220,0
2022-08-29 10:54:00,224,220,224,220,0
2022-08-29 10:55:00,224,220,224,220,0
2022-08-29 10:56:00,224,220,224,220,0
2022-08-29 10:57:00,220,220,220,220,4500
2022-08-29 10:58:00,220,220,220,220,0
2022-08-29 10:59:00,220,220,220,220,2000
2022-08-29 11:00:00,220,220,220,220,0
2022-08-29 11:01:00,220,220,220,220,0
2022-08-29 11:02:00,220,220,220,220,0
2022-08-29 11:03:00,220,220,220,220,0
2022-08-29 11:04:00,220,220,220,220,9100
2022-08-29 11:05:00,220,220,220,220,0
2022-08-29 11:06:00,220,220,220,220,0
2022-08-29 11:07:00,220,220,220,220,0
2022-08-29 11:08:00,220,220,220,220,0
2022-08-29 11:09:00,220,220,220,220,0
2022-08-29 11:10:00,220,220,220,220,0
2022-08-29 11:11:00,220,220,220,220,0
2022-08-29 11:12:00,220,220,220,220,0
2022-08-29 11:13:00,222,220,222,220,500
2022-08-29 11:14:00,222,220,222,220,0
2022-08-29 11:15:00,222,220,222,220,0
2022-08-29 11:16:00,222,220,222,220,0
2022-08-29 11:17:00,222,220,222,220,0
2022-08-29 11:18:00,222,220,222,220,0
2022-08-29 11:19:00,222,220,222,220,0
2022-08-29 11:20:00,222,220,222,220,0
2022-08-29 11:21:00,222,220,222,220,0
2022-08-29 11:22:00,222,220,222,220,0
2022-08-29 11:23:00,222,220,222,220,0
2022-08-29 11:24:00,222,220,222,220,0
2022-08-29 11:25:00,222,220,222,220,0
2022-08-29 11:26:00,222,220,222,220,0
2022-08-29 11:27:00,222,220,222,220,0
2022-08-29 11:28:00,222,220,222,220,0
2022-08-29 11:29:00,222,220,222,220,0
2022-08-29 11:30:00,222,220,222,220,0
2022-08-29 11:31:00,222,220,222,220,0
2022-08-29 11:32:00,222,220,222,220,0
2022-08-29 11:33:00,222,220,222,220,0
2022-08-29 11:34:00,222,220,222,220,0
2022-08-29 11:35:00,222,220,222,220,0
2022-08-29 11:36:00,222,220,222,220,0
2022-08-29 11:37:00,222,220,222,220,0
2022-08-29 11:38:00,222,220,222,220,0
2022-08-29 11:39:00,222,220,222,220,0
2022-08-29 11:40:00,222,220,222,220,0
2022-08-29 11:41:00,222,220,222,220,0
2022-08-29 11:42:00,222,220,222,220,0
2022-08-29 11:43:00,222,220,222,220,0
2022-08-29 11:44:00,222,220,222,220,0
2022-08-29 11:45:00,222,220,222,220,0
2022-08-29 11:46:00,222,220,222,220,0
2022-08-29 11:47:00,222,220,222,220,0
2022-08-29 11:48:00,222,220,222,220,0
2022-08-29 11:49:00,222,220,222,220,0
2022-08-29 11:50:00,222,220,222,220,0
2022-08-29 11:51:00,222,220,222,220,0
2022-08-29 11:52:00,222,220,222,220,0
2022-08-29 11:53:00,222,220,222,220,0
2022-08-29 11:54:00,222,220,222,220,0
2022-08-29 11:55:00,222,220,222,220,0
2022-08-29 11:56:00,222,220,222,220,0
2022-08-29 11:57:00,222,220,222,220,0
2022-08-29 11:58:00,222,220,222,220,0
2022-08-29 11:59:00,222,220,222,220,0
2022-08-29 12:00:00,222,220,222,220,0
2022-08-29 12:01:00,222,220,222,220,0
2022-08-29 12:02:00,222,220,222,220,0
2022-08-29 12:03:00,222,220,222,220,0
2022-08-29 12:04:00,222,220,222,220,0
2022-08-29 12:05:00,222,220,222,220,0
2022-08-29 12:06:00,222,220,222,220,0
2022-08-29 12:07:00,222,220,222,220,0
2022-08-29 12:08:00,222,220,222,220,0
2022-08-29 12:09:00,222,220,222,220,0
2022-08-29 12:10:00,222,220,222,220,0
2022-08-29 12:11:00,222,220,222,220,0
2022-08-29 12:12:00,222,220,222,220,0
2022-08-29 12:13:00,222,220,222,220,0
2022-08-29 12:14:00,222,220,222,220,0
2022-08-29 12:15:00,222,220,222,220,0
2022-08-29 12:16:00,222,220,222,220,0
2022-08-29 12:17:00,222,220,222,220,0
2022-08-29 12:18:00,222,220,222,220,0
2022-08-29 12:19:00,222,220,222,220,0
2022-08-29 12:20:00,222,220,222,220,0
2022-08-29 12:21:00,222,220,222,220,0
2022-08-29 12:22:00,222,220,222,220,0
2022-08-29 12:23:00,222,220,222,220,0
2022-08-29 12:24:00,222,220,222,220,0
2022-08-29 12:25:00,222,220,222,220,0
2022-08-29 12:26:00,222,220,222,220,0
2022-08-29 12:27:00,222,220,222,220,0
2022-08-29 12:28:00,222,220,222,220,0
2022-08-29 12:29:00,222,220,222,220,0
2022-08-29 12:30:00,222,220,222,220,0
2022-08-29 12:31:00,222,220,222,220,0
2022-08-29 12:32:00,222,220,222,220,0
2022-08-29 12:33:00,222,220,222,220,0
2022-08-29 12:34:00,222,220,222,220,0
2022-08-29 12:35:00,222,220,222,220,0
2022-08-29 12:36:00,222,220,222,220,0
2022-08-29 12:37:00,222,220,222,220,0
2022-08-29 12:38:00,222,220,222,220,0
2022-08-29 12:39:00,222,220,222,220,0
2022-08-29 12:40:00,222,220,222,220,0
2022-08-29 12:41:00,222,220,222,220,0
2022-08-29 12:42:00,222,220,222,220,0
2022-08-29 12:43:00,222,220,222,220,0
2022-08-29 12:44:00,222,220,222,220,0
2022-08-29 12:45:00,222,220,222,220,0
2022-08-29 12:46:00,222,220,222,220,0
2022-08-29 12:47:00,222,220,222,220,0
2022-08-29 12:48:00,222,220,222,220,0
2022-08-29 12:49:00,222,220,222,220,0
2022-08-29 12:50:00,222,220,222,220,0
2022-08-29 12:51:00,222,220,222,220,0
2022-08-29 12:52:00,222,220,222,220,0
2022-08-29 12:53:00,222,220,222,220,0
2022-08-29 12:54:00,222,220,222,220,0
2022-08-29 12:55:00,222,220,222,220,0
2022-08-29 12:56:00,222,220,222,220,0
2022-08-29 12:57:00,222,220,222,220,0
2022-08-29 12:58:00,222,220,222,220,0
2022-08-29 12:59:00,222,220,222,220,0
2022-08-29 13:00:00,222,220,222,220,0
2022-08-29 13:01:00,222,220,222,220,0
2022-08-29 13:02:00,222,220,222,220,0
2022-08-29 13:03:00,222,220,222,220,0
2022-08-29 13:04:00,222,220,222,220,0
2022-08-29 13:05:00,222,220,222,220,0
2022-08-29 13:06:00,222,220,222,220,0
2022-08-29 13:07:00,222,220,222,220,0
2022-08-29 13:08:00,222,220,222,220,0
2022-08-29 13:09:00,222,220,222,220,0
2022-08-29 13:10:00,222,220,222,220,0
2022-08-29 13:11:00,222,220,222,220,0
2022-08-29 13:12:00,222,220,222,220,0
2022-08-29 13:13:00,222,220,222,220,0
2022-08-29 13:14:00,222,220,222,220,0
2022-08-29 13:15:00,222,220,222,220,0
2022-08-29 13:16:00,222,220,222,220,0
2022-08-29 13:17:00,222,220,222,220,0
2022-08-29 13:18:00,222,220,222,220,0
2022-08-29 13:19:00,222,220,222,220,0
2022-08-29 13:20:00,222,220,222,220,0
2022-08-29 13:21:00,222,220,222,220,0
2022-08-29 13:22:00,222,220,222,220,0
2022-08-29 13:23:00,222,220,222,220,0
2022-08-29 13:24:00,222,220,222,220,0
2022-08-29 13:25:00,222,220,222,220,0
2022-08-29 13:26:00,222,220,222,220,0
2022-08-29 13:27:00,222,220,222,220,0
2022-08-29 13:28:00,222,220,222,220,0
2022-08-29 13:29:00,222,220,222,220,0
2022-08-29 13:30:00,222,220,222,220,0
2022-08-29 13:31:00,222,220,222,220,0
2022-08-29 13:32:00,222,220,222,220,0
2022-08-29 13:33:00,222,220,222,220,0
2022-08-29 13:34:00,222,220,222,220,0
2022-08-29 13:35:00,222,220,222,220,0
2022-08-29 13:36:00,222,220,222,220,0
2022-08-29 13:37:00,222,220,222,220,0
2022-08-29 13:38:00,222,220,222,220,0
2022-08-29 13:39:00,222,220,222,220,0
2022-08-29 13:40:00,220,220,220,220,0
2022-08-29 13:41:00,220,220,220,220,0
2022-08-29 13:42:00,220,220,220,220,0
2022-08-29 13:43:00,220,220,220,220,0
2022-08-29 13:44:00,220,220,220,220,0
2022-08-29 13:45:00,220,220,220,220,0
2022-08-29 13:46:00,220,220,220,220,0
2022-08-29 13:47:00,220,220,220,220,0
2022-08-29 13:48:00,220,220,220,220,0
2022-08-29 13:49:00,220,220,220,220,0
2022-08-29 13:50:00,220,220,220,220,0
2022-08-29 13:51:00,220,220,220,220,0
2022-08-29 13:52:00,220,220,220,220,0
2022-08-29 13:53:00,220,220,220,220,0
2022-08-29 13:54:00,220,220,220,220,0
2022-08-29 13:55:00,220,220,220,220,0
2022-08-29 13:56:00,220,220,220,220,0
2022-08-29 13:57:00,220,220,220,220,0
2022-08-29 13:58:00,220,220,220,220,0
2022-08-29 13:59:00,220,220,220,220,0
2022-08-29 14:00:00,220,220,220,220,0
2022-08-29 14:01:00,220,220,220,220,0
2022-08-29 14:02:00,220,220,220,220,0
2022-08-29 14:03:00,220,220,220,220,0
2022-08-29 14:04:00,220,220,220,220,0
2022-08-29 14:05:00,220,220,220,220,0
2022-08-29 14:06:00,220,220,220,220,0
2022-08-29 14:07:00,220,220,220,220,0
2022-08-29 14:08:00,220,220,220,220,0
2022-08-29 14:09:00,220,220,220,220,0
2022-08-29 14:10:00,220,220,220,220,0
2022-08-29 14:11:00,220,220,220,220,0
2022-08-29 14:12:00,220,220,220,220,0
2022-08-29 14:13:00,220,220,220,220,0
2022-08-29 14:14:00,220,220,220,220,0
2022-08-29 14:15:00,220,220,220,220,0
2022-08-29 14:16:00,220,220,220,220,0
2022-08-29 14:17:00,220,220,220,220,0
2022-08-29 14:18:00,220,220,220,220,0
2022-08-29 14:19:00,220,220,220,220,0
2022-08-29 14:20:00,220,220,220,220,0
2022-08-29 14:21:00,220,220,220,220,0
2022-08-29 14:22:00,220,220,220,220,0
2022-08-29 14:23:00,220,220,220,220,0
2022-08-29 14:24:00,220,220,220,220,0
2022-08-29 14:25:00,220,220,220,220,0
2022-08-29 14:26:00,220,220,220,220,0
2022-08-29 14:27:00,220,220,220,220,0
2022-08-29 14:28:00,220,220,220,220,0
2022-08-29 14:29:00,220,220,220,220,0
2022-08-29 14:30:00,220,220,220,220,0
2022-08-29 14:31:00,220,220,220,220,0
2022-08-29 14:32:00,220,220,220,220,0
2022-08-29 14:33:00,220,220,220,220,0
2022-08-29 14:34:00,220,220,220,220,0
2022-08-29 14:35:00,220,220,220,220,0
2022-08-29 14:36:00,220,220,220,220,0
2022-08-29 14:37:00,220,220,220,220,0
2022-08-29 14:38:00,220,220,220,220,0
2022-08-29 14:39:00,220,220,220,220,0
2022-08-29 14:40:00,220,220,220,220,0
2022-08-29 14:41:00,220,220,220,220,0
2022-08-29 14:42:00,220,220,220,220,0
2022-08-29 14:43:00,220,220,220,220,0
2022-08-29 14:44:00,220,220,220,220,0
2022-08-29 14:45:00,220,220,220,220,0
2022-08-29 14:46:00,220,220,220,220,0
2022-08-29 14:47:00,220,220,220,220,0
2022-08-29 14:48:00,220,220,220,220,0
2022-08-29 14:49:00,220,220,220,220,0
2022-08-29 14:50:00,220,220,220,220,0
2022-08-29 14:51:00,220,220,220,220,0
2022-08-29 14:52:00,220,220,220,220,0
2022-08-29 14:53:00,220,220,220,220,0
2022-08-29 14:54:00,220,220,220,220,0
2022-08-29 14:55:00,220,220,220,220,0
2022-08-29 14:56:00,220,220,220,220,0
2022-08-29 14:57:00,220,220,220,220,0
2022-08-29 14:58:00,220,220,220,220,0
2022-08-29 14:59:00,220,220,220,220,0
2022-08-29 15:00:00,220,220,220,220,0
2022-08-29 15:01:00,220,220,220,220,0
2022-08-29 15:02:00,220,220,220,220,0
2022-08-29 15:03:00,220,220,220,220,0
2022-08-29 15:04:00,220,220,220,220,0
2022-08-29 15:05:00,220,220,220,220,0
2022-08-29 15:06:00,220,220,220,220,0
2022-08-29 15:07:00,220,220,220,220,0
2022-08-29 15:08:00,220,220,220,220,0
2022-08-29 15:09:00,220,220,220,220,0
2022-08-29 15:10:00,220,220,220,220,0
2022-08-29 15:11:00,220,220,220,220,0
2022-08-29 15:12:00,220,220,220,220,0
2022-08-29 15:13:00,220,220,220,220,0
2022-08-29 15:14:00,220,220,220,220,0
2022-08-29 15:15:00,220,220,220,220,0
2022-08-29 15:16:00,220,220,220,220,0
2022-08-29 15:17:00,220,220,220,220,0
2022-08-29 15:18:00,220,220,220,220,0
2022-08-29 15:19:00,220,220,220,220,0
2022-08-29 15:20:00,220,220,220,220,0
2022-08-29 15:21:00,220,220,220,220,0
2022-08-29 15:22:00,220,220,220,220,0
2022-08-29 15:23:00,220,220,220,220,0
2022-08-29 15:24:00,220,220,220,220,0
2022-08-29 15:25:00,220,220,220,220,0
2022-08-29 15:26:00,220,220,220,220,0
2022-08-29 15:27:00,220,220,220,220,0
2022-08-29 15:28:00,220,220,220,220,0
2022-08-29 15:29:00,220,220,220,220,0
2022-08-29 15:30:00,220,220,220,220,0
2022-08-29 15:31:00,220,220,220,220,0
2022-08-29 15:32:00,220,220,220,220,0
2022-08-29 15:33:00,220,220,220,220,0
2022-08-29 15:34:00,220,220,220,220,0
2022-08-29 15:35:00,220,220,220,220,0
2022-08-29 15:36:00,220,220,220,220,0
2022-08-29 15:37:00,220,220,220,220,0
2022-08-29 15:38:00,220,220,220,220,0
2022-08-29 15:39:00,220,220,220,220,0
2022-08-29 15:40:00,220,220,220,220,0
2022-08-29 15:41:00,220,220,220,220,0
2022-08-29 15:42:00,220,220,220,220,0
2022-08-29 15:43:00,220,220,220,220,0
2022-08-29 15:44:00,220,220,220,220,0
2022-08-29 15:45:00,220,220,220,220,0
2022-08-29 15:46:00,220,220,220,220,0
2022-08-29 15:47:00,220,220,220,220,0
2022-08-29 15:48:00,220,220,220,220,0
2022-08-29 15:49:00,220,220,220,220,0
2022-08-29 15:50:00,220,220,220,220,0
2022-08-29 15:51:00,220,220,220,220,0
2022-08-29 15:52:00,220,220,220,220,0
2022-08-29 15:53:00,220,220,220,220,0
2022-08-29 15:54:00,220,220,220,220,0
2022-08-29 15:55:00,220,220,220,220,0
2022-08-29 15:56:00,220,220,220,220,0
2022-08-29 15:57:00,220,220,220,220,0
2022-08-29 15:58:00,220,220,220,220,0
2022-08-29 15:59:00,220,220,220,220,0
2022-08-30 09:00:00,220,220,220,220,0
2022-08-30 09:01:00,220,220,220,220,0
2022-08-30 09:02:00,220,220,220,220,0
2022-08-30 09:03:00,228,228,228,228,100
2022-08-30 09:04:00,228,228,228,228,0
2022-08-30 09:05:00,228,228,228,228,0
2022-08-30 09:06:00,228,228,228,228,0
2022-08-30 09:07:00,228,228,228,228,0
2022-08-30 09:08:00,228,228,228,228,0
2022-08-30 09:09:00,228,228,228,228,0
2022-08-30 09:10:00,228,228,228,228,0
2022-08-30 09:11:00,228,228,228,228,0
2022-08-30 09:12:00,228,228,228,228,0
2022-08-30 09:13:00,228,228,228,228,0
2022-08-30 09:14:00,228,228,228,228,0
2022-08-30 09:15:00,228,228,228,228,0
2022-08-30 09:16:00,228,228,228,228,6200
2022-08-30 09:17:00,228,228,228,228,0
2022-08-30 09:18:00,228,228,228,228,0
2022-08-30 09:19:00,228,228,228,228,0
2022-08-30 09:20:00,228,228,228,228,1300
2022-08-30 09:21:00,228,228,228,228,0
2022-08-30 09:22:00,228,228,228,228,0
2022-08-30 09:23:00,228,228,228,228,0
2022-08-30 09:24:00,228,228,228,228,0
2022-08-30 09:25:00,228,228,228,228,0
2022-08-30 09:26:00,228,228,228,228,0
2022-08-30 09:27:00,228,228,228,228,0
2022-08-30 09:28:00,228,228,228,228,0
2022-08-30 09:29:00,228,228,228,228,0
2022-08-30 09:30:00,228,228,228,228,0
2022-08-30 09:31:00,228,228,228,228,0
2022-08-30 09:32:00,228,228,228,228,1000
2022-08-30 09:33:00,230,230,234,234,10200
2022-08-30 09:34:00,234,232,234,232,10800
2022-08-30 09:35:00,234,232,234,232,0
2022-08-30 09:36:00,234,232,234,232,0
2022-08-30 09:37:00,234,232,234,232,0
2022-08-30 09:38:00,230,230,230,230,100
2022-08-30 09:39:00,230,230,230,230,0
2022-08-30 09:40:00,230,230,230,230,0
2022-08-30 09:41:00,230,230,230,230,0
2022-08-30 09:42:00,230,230,230,230,0
2022-08-30 09:43:00,232,232,232,232,22000
2022-08-30 09:44:00,232,232,232,232,0
2022-08-30 09:45:00,232,232,232,232,0
2022-08-30 09:46:00,232,232,232,232,0
2022-08-30 09:47:00,232,232,232,232,0
2022-08-30 09:48:00,232,232,232,232,0
2022-08-30 09:49:00,232,232,232,232,0
2022-08-30 09:50:00,232,232,232,232,0
2022-08-30 09:51:00,232,232,232,232,400
2022-08-30 09:52:00,232,232,232,232,0
2022-08-30 09:53:00,234,234,234,234,0
2022-08-30 09:54:00,234,234,234,234,0
2022-08-30 09:55:00,234,234,234,234,0
2022-08-30 09:56:00,234,234,234,234,0
2022-08-30 09:57:00,234,234,234,234,0
2022-08-30 09:58:00,234,234,234,234,0
2022-08-30 09:59:00,226,226,226,226,800
2022-08-30 10:00:00,234,234,234,234,1000
2022-08-30 10:01:00,234,234,234,234,0
2022-08-30 10:02:00,226,226,226,226,0
2022-08-30 10:03:00,226,226,226,226,0
2022-08-30 10:04:00,226,226,226,226,0
2022-08-30 10:05:00,226,226,226,226,0
2022-08-30 10:06:00,226,226,226,226,300
2022-08-30 10:07:00,226,226,226,226,0
2022-08-30 10:08:00,226,226,226,226,0
2022-08-30 10:09:00,226,226,226,226,0
2022-08-30 10:10:00,226,226,226,226,0
2022-08-30 10:11:00,226,226,226,226,0
2022-08-30 10:12:00,226,226,226,226,0
2022-08-30 10:13:00,226,226,226,226,0
2022-08-30 10:14:00,226,226,226,226,0
2022-08-30 10:15:00,226,226,226,226,0
2022-08-30 10:16:00,226,226,226,226,0
2022-08-30 10:17:00,234,234,234,234,200
2022-08-30 10:18:00,234,234,234,234,0
2022-08-30 10:19:00,234,234,234,234,26700
2022-08-30 10:20:00,234,234,234,234,0
2022-08-30 10:21:00,234,234,234,234,3200
2022-08-30 10:22:00,234,234,234,234,0
2022-08-30 10:23:00,234,234,234,234,800
2022-08-30 10:24:00,234,234,234,234,0
2022-08-30 10:25:00,234,234,234,234,0
2022-08-30 10:26:00,234,234,234,234,0
2022-08-30 10:27:00,234,234,234,234,0
2022-08-30 10:28:00,234,234,234,234,0
2022-08-30 10:29:00,234,234,234,234,0
2022-08-30 10:30:00,234,234,234,234,0
2022-08-30 10:31:00,234,234,234,234,0
2022-08-30 10:32:00,234,234,234,234,0
2022-08-30 10:33:00,234,234,234,234,0
2022-08-30 10:34:00,234,234,234,234,0
2022-08-30 10:35:00,234,234,234,234,0
2022-08-30 10:36:00,234,234,234,234,0
2022-08-30 10:37:00,228,228,228,228,600
2022-08-30 10:38:00,228,228,228,228,0
2022-08-30 10:39:00,228,228,228,228,0
2022-08-30 10:40:00,228,228,228,228,0
2022-08-30 10:41:00,228,228,228,228,0
2022-08-30 10:42:00,228,228,228,228,0
2022-08-30 10:43:00,228,228,228,228,0
2022-08-30 10:44:00,228,228,228,228,0
2022-08-30 10:45:00,228,228,228,228,0
2022-08-30 10:46:00,228,228,228,228,0
2022-08-30 10:47:00,228,228,228,228,0
2022-08-30 10:48:00,228,228,228,228,0
2022-08-30 10:49:00,228,228,228,228,0
2022-08-30 10:50:00,228,228,228,228,0
2022-08-30 10:51:00,228,228,228,228,0
2022-08-30 10:52:00,228,228,228,228,0
2022-08-30 10:53:00,228,228,228,228,0
2022-08-30 10:54:00,228,228,228,228,0
2022-08-30 10:55:00,228,228,228,228,0
2022-08-30 10:56:00,228,228,228,228,0
2022-08-30 10:57:00,228,228,228,228,0
2022-08-30 10:58:00,228,228,228,228,0
2022-08-30 10:59:00,228,228,228,228,0
2022-08-30 11:00:00,228,228,228,228,0
2022-08-30 11:01:00,228,228,228,228,0
2022-08-30 11:02:00,228,228,228,228,0
2022-08-30 11:03:00,228,228,228,228,0
2022-08-30 11:04:00,228,228,228,228,0
2022-08-30 11:05:00,228,228,228,228,0
2022-08-30 11:06:00,228,228,228,228,0
2022-08-30 11:07:00,228,228,228,228,0
2022-08-30 11:08:00,228,228,228,228,0
2022-08-30 11:09:00,228,228,228,228,0
2022-08-30 11:10:00,228,228,228,228,0
2022-08-30 11:11:00,228,228,228,228,0
2022-08-30 11:12:00,228,228,228,228,0
2022-08-30 11:13:00,228,228,228,228,1000
2022-08-30 11:14:00,228,228,228,228,0
2022-08-30 11:15:00,228,228,228,228,0
2022-08-30 11:16:00,228,228,228,228,0
2022-08-30 11:17:00,228,228,228,228,0
2022-08-30 11:18:00,228,228,228,228,0
2022-08-30 11:19:00,228,228,228,228,0
2022-08-30 11:20:00,228,228,228,228,0
2022-08-30 11:21:00,228,228,228,228,0
2022-08-30 11:22:00,228,228,228,228,0
2022-08-30 11:23:00,228,228,228,228,0
2022-08-30 11:24:00,228,228,228,228,0
2022-08-30 11:25:00,228,228,228,228,0
2022-08-30 11:26:00,228,228,228,228,0
2022-08-30 11:27:00,228,228,228,228,0
2022-08-30 11:28:00,228,228,228,228,0
2022-08-30 11:29:00,228,228,228,228,0
2022-08-30 11:30:00,228,228,228,228,0
2022-08-30 11:31:00,228,228,228,228,0
2022-08-30 11:32:00,228,228,228,228,0
2022-08-30 11:33:00,228,228,228,228,0
2022-08-30 11:34:00,228,228,228,228,0
2022-08-30 11:35:00,228,228,228,228,0
2022-08-30 11:36:00,228,228,228,228,0
2022-08-30 11:37:00,228,228,228,228,0
2022-08-30 11:38:00,228,228,228,228,0
2022-08-30 11:39:00,228,228,228,228,0
2022-08-30 11:40:00,228,228,228,228,0
2022-08-30 11:41:00,228,228,228,228,0
2022-08-30 11:42:00,228,228,228,228,0
2022-08-30 11:43:00,228,228,228,228,0
2022-08-30 11:44:00,228,228,228,228,0
2022-08-30 11:45:00,228,228,228,228,0
2022-08-30 11:46:00,228,228,228,228,0
2022-08-30 11:47:00,228,228,228,228,0
2022-08-30 11:48:00,228,228,228,228,0
2022-08-30 11:49:00,228,228,228,228,0
2022-08-30 11:50:00,228,228,228,228,0
2022-08-30 11:51:00,228,228,228,228,0
2022-08-30 11:52:00,228,228,228,228,0
2022-08-30 11:53:00,228,228,228,228,0
2022-08-30 11:54:00,228,228,228,228,0
2022-08-30 11:55:00,228,228,228,228,0
2022-08-30 11:56:00,228,228,228,228,0
2022-08-30 11:57:00,228,228,228,228,0
2022-08-30 11:58:00,228,228,228,228,0
2022-08-30 11:59:00,228,228,228,228,0
2022-08-30 12:00:00,228,228,228,228,0
2022-08-30 12:01:00,228,228,228,228,0
2022-08-30 12:02:00,228,228,228,228,0
2022-08-30 12:03:00,228,228,228,228,0
2022-08-30 12:04:00,228,228,228,228,0
2022-08-30 12:05:00,228,228,228,228,0
2022-08-30 12:06:00,228,228,228,228,0
2022-08-30 12:07:00,228,228,228,228,0
2022-08-30 12:08:00,228,228,228,228,0
2022-08-30 12:09:00,228,228,228,228,0
2022-08-30 12:10:00,228,228,228,228,0
2022-08-30 12:11:00,228,228,228,228,0
2022-08-30 12:12:00,228,228,228,228,0
2022-08-30 12:13:00,228,228,228,228,0
2022-08-30 12:14:00,228,228,228,228,0
2022-08-30 12:15:00,228,228,228,228,0
2022-08-30 12:16:00,228,228,228,228,0
2022-08-30 12:17:00,228,228,228,228,0
2022-08-30 12:18:00,228,228,228,228,0
2022-08-30 12:19:00,228,228,228,228,0
2022-08-30 12:20:00,228,228,228,228,0
2022-08-30 12:21:00,228,228,228,228,0
2022-08-30 12:22:00,228,228,228,228,0
2022-08-30 12:23:00,228,228,228,228,0
2022-08-30 12:24:00,228,228,228,228,0
2022-08-30 12:25:00,228,228,228,228,0
2022-08-30 12:26:00,228,228,228,228,0
2022-08-30 12:27:00,228,228,228,228,0
2022-08-30 12:28:00,228,228,228,228,0
2022-08-30 12:29:00,228,228,228,228,0
2022-08-30 12:30:00,228,228,228,228,0
2022-08-30 12:31:00,228,228,228,228,0
2022-08-30 12:32:00,228,228,228,228,0
2022-08-30 12:33:00,228,228,228,228,0
2022-08-30 12:34:00,228,228,228,228,0
2022-08-30 12:35:00,228,228,228,228,0
2022-08-30 12:36:00,228,228,228,228,0
2022-08-30 12:37:00,228,228,228,228,0
2022-08-30 12:38:00,228,228,228,228,0
2022-08-30 12:39:00,228,228,228,228,0
2022-08-30 12:40:00,228,228,228,228,0
2022-08-30 12:41:00,228,228,228,228,0
2022-08-30 12:42:00,228,228,228,228,0
2022-08-30 12:43:00,228,228,228,228,0
2022-08-30 12:44:00,228,228,228,228,0
2022-08-30 12:45:00,228,228,228,228,0
2022-08-30 12:46:00,228,228,228,228,0
2022-08-30 12:47:00,228,228,228,228,0
2022-08-30 12:48:00,228,228,228,228,0
2022-08-30 12:49:00,228,228,228,228,0
2022-08-30 12:50:00,228,228,228,228,0
2022-08-30 12:51:00,228,228,228,228,0
2022-08-30 12:52:00,228,228,228,228,0
2022-08-30 12:53:00,228,228,228,228,0
2022-08-30 12:54:00,228,228,228,228,0
2022-08-30 12:55:00,228,228,228,228,0
2022-08-30 12:56:00,228,228,228,228,0
2022-08-30 12:57:00,228,228,228,228,0
2022-08-30 12:58:00,228,228,228,228,0
2022-08-30 12:59:00,228,228,228,228,0
2022-08-30 13:00:00,228,228,228,228,0
2022-08-30 13:01:00,228,228,228,228,0
2022-08-30 13:02:00,228,228,228,228,0
2022-08-30 13:03:00,228,228,228,228,0
2022-08-30 13:04:00,228,228,228,228,0
2022-08-30 13:05:00,228,228,228,228,0
2022-08-30 13:06:00,228,228,228,228,0
2022-08-30 13:07:00,228,228,228,228,0
2022-08-30 13:08:00,228,228,228,228,0
2022-08-30 13:09:00,228,228,228,228,0
2022-08-30 13:10:00,228,228,228,228,0
2022-08-30 13:11:00,228,228,228,228,0
2022-08-30 13:12:00,228,228,228,228,0
2022-08-30 13:13:00,228,228,228,228,0
2022-08-30 13:14:00,228,228,228,228,0
2022-08-30 13:15:00,228,228,228,228,0
2022-08-30 13:16:00,228,228,228,228,0
2022-08-30 13:17:00,228,228,228,228,0
2022-08-30 13:18:00,228,228,228,228,0
2022-08-30 13:19:00,228,228,228,228,0
2022-08-30 13:20:00,228,228,228,228,0
2022-08-30 13:21:00,228,228,228,228,0
2022-08-30 13:22:00,228,228,228,228,0
2022-08-30 13:23:00,228,228,228,228,0
2022-08-30 13:24:00,228,228,228,228,0
2022-08-30 13:25:00,228,228,228,228,0
2022-08-30 13:26:00,228,228,228,228,0
2022-08-30 13:27:00,228,228,228,228,0
2022-08-30 13:28:00,228,228,228,228,0
2022-08-30 13:29:00,228,228,228,228,0
2022-08-30 13:30:00,232,232,232,232,800
2022-08-30 13:31:00,232,232,232,232,0
2022-08-30 13:32:00,232,232,232,232,0
2022-08-30 13:33:00,234,234,234,234,700
2022-08-30 13:34:00,234,234,234,234,0
2022-08-30 13:35:00,234,234,234,234,200
2022-08-30 13:36:00,234,234,234,234,0
2022-08-30 13:37:00,234,234,234,234,0
2022-08-30 13:38:00,234,234,234,234,0
2022-08-30 13:39:00,234,234,234,234,4100
2022-08-30 13:40:00,234,234,234,234,2000
2022-08-30 13:41:00,234,234,234,234,0
2022-08-30 13:42:00,234,234,234,234,19000
2022-08-30 13:43:00,234,234,234,234,0
2022-08-30 13:44:00,234,234,234,234,0
2022-08-30 13:45:00,234,234,234,234,0
2022-08-30 13:46:00,234,234,234,234,0
2022-08-30 13:47:00,234,234,234,234,0
2022-08-30 13:48:00,234,234,234,234,0
2022-08-30 13:49:00,234,234,234,234,0
2022-08-30 13:50:00,234,234,234,234,0
2022-08-30 13:51:00,234,234,234,234,0
2022-08-30 13:52:00,232,232,232,232,1100
2022-08-30 13:53:00,232,232,232,232,0
2022-08-30 13:54:00,232,232,232,232,0
2022-08-30 13:55:00,232,232,232,232,0
2022-08-30 13:56:00,232,232,232,232,0
2022-08-30 13:57:00,232,232,232,232,0
2022-08-30 13:58:00,232,232,232,232,0
2022-08-30 13:59:00,232,232,232,232,0
2022-08-30 14:00:00,232,232,232,232,0
2022-08-30 14:01:00,232,232,232,232,3000
2022-08-30 14:02:00,232,232,232,232,0
2022-08-30 14:03:00,232,232,232,232,0
2022-08-30 14:04:00,232,232,232,232,1000
2022-08-30 14:05:00,234,234,234,234,14200
2022-08-30 14:06:00,234,234,234,234,0
2022-08-30 14:07:00,234,234,234,234,100
2022-08-30 14:08:00,234,234,234,234,0
2022-08-30 14:09:00,234,234,234,234,0
2022-08-30 14:10:00,234,234,234,234,0
2022-08-30 14:11:00,234,234,234,234,0
2022-08-30 14:12:00,234,234,234,234,0
2022-08-30 14:13:00,234,234,234,234,0
2022-08-30 14:14:00,234,234,234,234,0
2022-08-30 14:15:00,234,234,234,234,0
2022-08-30 14:16:00,234,234,234,234,0
2022-08-30 14:17:00,234,234,234,234,0
2022-08-30 14:18:00,234,234,234,234,0
2022-08-30 14:19:00,234,234,234,234,0
2022-08-30 14:20:00,234,234,234,234,0
2022-08-30 14:21:00,234,234,234,234,2000
2022-08-30 14:22:00,234,234,234,234,0
2022-08-30 14:23:00,236,236,238,238,15200
2022-08-30 14:24:00,238,238,248,248,45800
2022-08-30 14:25:00,250,250,254,250,86400
2022-08-30 14:26:00,250,250,254,250,0
2022-08-30 14:27:00,246,246,250,250,12800
2022-08-30 14:28:00,248,248,254,254,0
2022-08-30 14:29:00,254,254,274,274,75000
2022-08-30 14:30:00,274,274,274,274,18900
2022-08-30 14:31:00,274,274,274,274,2500
2022-08-30 14:32:00,272,272,274,274,3400
2022-08-30 14:33:00,272,272,274,274,0
2022-08-30 14:34:00,272,272,274,274,44400
2022-08-30 14:35:00,274,274,274,274,63000
2022-08-30 14:36:00,274,274,274,274,27000
2022-08-30 14:37:00,274,274,274,274,0
2022-08-30 14:38:00,272,272,274,274,1200
2022-08-30 14:39:00,274,274,274,274,10000
2022-08-30 14:40:00,274,274,274,274,1100
2022-08-30 14:41:00,274,274,274,274,0
2022-08-30 14:42:00,274,274,274,274,0
2022-08-30 14:43:00,274,274,274,274,0
2022-08-30 14:44:00,274,274,274,274,46100
2022-08-30 14:45:00,274,274,274,274,18300
2022-08-30 14:46:00,274,274,274,274,0
2022-08-30 14:47:00,274,274,274,274,200
2022-08-30 14:48:00,274,274,274,274,53100
2022-08-30 14:49:00,274,274,274,274,48900
2022-08-30 14:50:00,274,274,274,274,0
2022-08-30 14:51:00,274,274,274,274,0
2022-08-30 14:52:00,274,274,274,274,0
2022-08-30 14:53:00,274,274,274,274,0
2022-08-30 14:54:00,274,274,274,274,0
2022-08-30 14:55:00,274,274,274,274,0
2022-08-30 14:56:00,274,274,274,274,0
2022-08-30 14:57:00,274,274,274,274,0
2022-08-30 14:58:00,274,274,274,274,0
2022-08-30 14:59:00,274,274,274,274,0
2022-08-30 15:00:00,274,274,274,274,11000
2022-08-30 15:01:00,274,274,274,274,600
2022-08-30 15:02:00,274,274,274,274,0
2022-08-30 15:03:00,274,274,274,274,0
2022-08-30 15:04:00,274,274,274,274,0
2022-08-30 15:05:00,274,274,274,274,0
2022-08-30 15:06:00,274,274,274,274,0
2022-08-30 15:07:00,274,274,274,274,200
2022-08-30 15:08:00,274,274,274,274,0
2022-08-30 15:09:00,274,274,274,274,0
2022-08-30 15:10:00,274,274,274,274,0
2022-08-30 15:11:00,274,274,274,274,0
2022-08-30 15:12:00,274,274,274,274,0
2022-08-30 15:13:00,274,274,274,274,0
2022-08-30 15:14:00,274,274,274,274,0
2022-08-30 15:15:00,274,274,274,274,0
2022-08-30 15:16:00,274,274,274,274,0
2022-08-30 15:17:00,274,274,274,274,0
2022-08-30 15:18:00,274,274,274,274,0
2022-08-30 15:19:00,274,274,274,274,0
2022-08-30 15:20:00,274,274,274,274,0
2022-08-30 15:21:00,274,274,274,274,0
2022-08-30 15:22:00,274,274,274,274,0
2022-08-30 15:23:00,274,274,274,274,0
2022-08-30 15:24:00,274,274,274,274,0
2022-08-30 15:25:00,274,274,274,274,0
2022-08-30 15:26:00,274,274,274,274,0
2022-08-30 15:27:00,274,274,274,274,0
2022-08-30 15:28:00,274,274,274,274,0
2022-08-30 15:29:00,274,274,274,274,0
2022-08-30 15:30:00,274,274,274,274,0
2022-08-30 15:31:00,274,274,274,274,0
2022-08-30 15:32:00,274,274,274,274,0
2022-08-30 15:33:00,274,274,274,274,0
2022-08-30 15:34:00,274,274,274,274,0
2022-08-30 15:35:00,274,274,274,274,0
2022-08-30 15:36:00,274,274,274,274,0
2022-08-30 15:37:00,274,274,274,274,0
2022-08-30 15:38:00,274,274,274,274,0
2022-08-30 15:39:00,274,274,274,274,0
2022-08-30 15:40:00,274,274,274,274,0
2022-08-30 15:41:00,274,274,274,274,0
2022-08-30 15:42:00,274,274,274,274,0
2022-08-30 15:43:00,274,274,274,274,0
2022-08-30 15:44:00,274,274,274,274,0
2022-08-30 15:45:00,274,274,274,274,0
2022-08-30 15:46:00,274,274,274,274,0
2022-08-30 15:47:00,274,274,274,274,0
2022-08-30 15:48:00,274,274,274,274,0
2022-08-30 15:49:00,274,274,274,274,0
2022-08-30 15:50:00,274,274,274,274,0
2022-08-30 15:51:00,274,274,274,274,0
2022-08-30 15:52:00,274,274,274,274,0
2022-08-30 15:53:00,274,274,274,274,0
2022-08-30 15:54:00,274,274,274,274,0
2022-08-30 15:55:00,274,274,274,274,0
2022-08-30 15:56:00,274,274,274,274,0
2022-08-30 15:57:00,274,274,274,274,0
2022-08-30 15:58:00,274,274,274,274,0
2022-08-30 15:59:00,274,274,274,274,0
2022-08-31 09:00:00,284,284,314,294,46600
2022-08-31 09:01:00,294,280,308,296,217400
2022-08-31 09:02:00,294,290,294,290,11000
2022-08-31 09:03:00,288,270,288,274,92400
2022-08-31 09:04:00,278,278,278,278,5200
2022-08-31 09:05:00,278,276,278,276,1100
2022-08-31 09:06:00,276,274,276,274,9500
2022-08-31 09:07:00,278,278,280,278,6600
2022-08-31 09:08:00,278,274,278,274,600
2022-08-31 09:09:00,274,270,278,272,23900
2022-08-31 09:10:00,270,270,282,276,16500
2022-08-31 09:11:00,276,276,284,282,3500
2022-08-31 09:12:00,282,282,284,282,1000
2022-08-31 09:13:00,282,282,284,282,2500
2022-08-31 09:14:00,284,282,284,282,9800
2022-08-31 09:15:00,282,282,282,282,0
2022-08-31 09:16:00,282,282,282,282,200
2022-08-31 09:17:00,282,282,282,282,3100
2022-08-31 09:18:00,282,282,284,282,82000
2022-08-31 09:19:00,282,282,282,282,0
2022-08-31 09:20:00,284,282,284,284,600
2022-08-31 09:21:00,284,284,284,284,3200
2022-08-31 09:22:00,282,282,282,282,5700
2022-08-31 09:23:00,280,280,282,282,1100
2022-08-31 09:24:00,282,282,282,282,400
2022-08-31 09:25:00,282,282,282,282,0
2022-08-31 09:26:00,280,280,282,282,1000
2022-08-31 09:27:00,282,280,282,280,700
2022-08-31 09:28:00,280,280,282,282,400
2022-08-31 09:29:00,282,270,282,270,294000
2022-08-31 09:30:00,270,270,280,280,0
2022-08-31 09:31:00,280,270,280,270,15100
2022-08-31 09:32:00,280,280,280,280,0
2022-08-31 09:33:00,282,282,282,282,400
2022-08-31 09:34:00,282,282,282,282,0
2022-08-31 09:35:00,272,272,272,272,1100
2022-08-31 09:36:00,280,280,280,280,0
2022-08-31 09:37:00,278,278,280,278,600
2022-08-31 09:38:00,278,278,278,278,400
2022-08-31 09:39:00,278,278,278,278,200
2022-08-31 09:40:00,278,278,278,278,1100
2022-08-31 09:41:00,278,278,278,278,200
2022-08-31 09:42:00,278,278,278,278,0
2022-08-31 09:43:00,278,276,278,276,400
2022-08-31 09:44:00,278,278,278,278,200
2022-08-31 09:45:00,278,278,278,278,0
2022-08-31 09:46:00,278,272,278,278,2100
2022-08-31 09:47:00,278,272,278,278,0
2022-08-31 09:48:00,278,272,278,278,0
2022-08-31 09:49:00,278,272,278,278,0
2022-08-31 09:50:00,278,278,278,278,300
2022-08-31 09:51:00,278,278,278,278,300
2022-08-31 09:52:00,276,276,278,278,400
2022-08-31 09:53:00,280,280,280,280,500
2022-08-31 09:54:00,278,278,278,278,200
2022-08-31 09:55:00,278,278,278,278,0
2022-08-31 09:56:00,278,278,278,278,200
2022-08-31 09:57:00,278,278,278,278,0
2022-08-31 09:58:00,278,278,278,278,0
2022-08-31 09:59:00,276,274,276,274,200
2022-08-31 10:00:00,274,274,274,274,500
2022-08-31 10:01:00,272,272,272,272,4100
2022-08-31 10:02:00,272,272,272,272,0
2022-08-31 10:03:00,278,278,278,278,300
2022-08-31 10:04:00,278,278,278,278,0
2022-08-31 10:05:00,276,274,276,274,3100
2022-08-31 10:06:00,276,274,276,274,0
2022-08-31 10:07:00,276,274,276,274,0
2022-08-31 10:08:00,276,274,276,274,0
2022-08-31 10:09:00,272,272,272,272,2500
2022-08-31 10:10:00,270,260,270,260,30200
2022-08-31 10:11:00,276,276,276,276,800
2022-08-31 10:12:00,276,276,276,276,100
2022-08-31 10:13:00,276,276,276,276,0
2022-08-31 10:14:00,276,276,276,276,0
2022-08-31 10:15:00,276,276,276,276,0
2022-08-31 10:16:00,276,276,276,276,0
2022-08-31 10:17:00,274,260,274,260,4400
2022-08-31 10:18:00,276,258,276,258,4100
2022-08-31 10:19:00,258,258,258,258,7800
2022-08-31 10:20:00,260,260,276,276,0
2022-08-31 10:21:00,274,274,274,274,1500
2022-08-31 10:22:00,274,260,274,260,600
2022-08-31 10:23:00,272,272,272,272,400
2022-08-31 10:24:00,270,270,270,270,100
2022-08-31 10:25:00,270,270,270,270,300
2022-08-31 10:26:00,270,270,270,270,0
2022-08-31 10:27:00,270,270,270,270,0
2022-08-31 10:28:00,268,268,270,270,300
2022-08-31 10:29:00,268,268,270,270,0
2022-08-31 10:30:00,268,268,270,270,0
2022-08-31 10:31:00,268,268,270,270,0
2022-08-31 10:32:00,268,268,270,270,0
2022-08-31 10:33:00,268,268,270,270,0
2022-08-31 10:34:00,268,268,270,270,0
2022-08-31 10:35:00,268,268,270,270,0
2022-08-31 10:36:00,268,268,270,270,0
2022-08-31 10:37:00,268,268,270,270,0
2022-08-31 10:38:00,268,268,270,270,0
2022-08-31 10:39:00,268,268,270,270,0
2022-08-31 10:40:00,268,268,270,270,0
2022-08-31 10:41:00,268,268,270,270,0
2022-08-31 10:42:00,268,268,270,270,0
2022-08-31 10:43:00,268,268,270,270,0
2022-08-31 10:44:00,268,268,270,270,0
2022-08-31 10:45:00,268,268,270,270,0
2022-08-31 10:46:00,268,268,270,270,0
2022-08-31 10:47:00,268,268,270,270,0
2022-08-31 10:48:00,268,268,270,270,0
2022-08-31 10:49:00,268,268,270,270,0
2022-08-31 10:50:00,268,268,270,270,0
2022-08-31 10:51:00,268,268,268,268,400
2022-08-31 10:52:00,268,268,268,268,0
2022-08-31 10:53:00,268,268,268,268,0
2022-08-31 10:54:00,262,262,262,262,0
2022-08-31 10:55:00,262,262,262,262,0
2022-08-31 10:56:00,262,262,262,262,0
2022-08-31 10:57:00,262,262,262,262,0
2022-08-31 10:58:00,262,262,262,262,7100
2022-08-31 10:59:00,262,262,262,262,0
2022-08-31 11:00:00,260,260,260,260,20800
2022-08-31 11:01:00,260,260,260,260,0
2022-08-31 11:02:00,260,260,260,260,0
2022-08-31 11:03:00,258,256,258,256,10300
2022-08-31 11:04:00,258,256,258,256,0
2022-08-31 11:05:00,258,256,258,256,0
2022-08-31 11:06:00,258,256,258,256,0
2022-08-31 11:07:00,258,256,258,256,0
2022-08-31 11:08:00,258,256,258,256,0
2022-08-31 11:09:00,258,256,258,256,0
2022-08-31 11:10:00,258,256,258,256,0
2022-08-31 11:11:00,258,258,258,258,3600
2022-08-31 11:12:00,256,256,256,256,14500
2022-08-31 11:13:00,258,258,258,258,200
2022-08-31 11:14:00,258,258,258,258,0
2022-08-31 11:15:00,258,258,258,258,200
2022-08-31 11:16:00,258,258,258,258,0
2022-08-31 11:17:00,258,258,258,258,0
2022-08-31 11:18:00,258,258,258,258,0
2022-08-31 11:19:00,258,258,258,258,0
2022-08-31 11:20:00,258,258,258,258,0
2022-08-31 11:21:00,258,258,258,258,0
2022-08-31 11:22:00,266,266,266,266,100
2022-08-31 11:23:00,266,266,266,266,0
2022-08-31 11:24:00,266,266,266,266,0
2022-08-31 11:25:00,266,266,266,266,0
2022-08-31 11:26:00,266,266,266,266,0
2022-08-31 11:27:00,266,266,266,266,0
2022-08-31 11:28:00,266,266,266,266,0
2022-08-31 11:29:00,266,266,266,266,0
2022-08-31 11:30:00,266,266,266,266,0
2022-08-31 11:31:00,266,266,266,266,0
2022-08-31 11:32:00,266,266,266,266,0
2022-08-31 11:33:00,266,266,266,266,0
2022-08-31 11:34:00,266,266,266,266,0
2022-08-31 11:35:00,266,266,266,266,0
2022-08-31 11:36:00,266,266,266,266,0
2022-08-31 11:37:00,266,266,266,266,0
2022-08-31 11:38:00,266,266,266,266,0
2022-08-31 11:39:00,266,266,266,266,0
2022-08-31 11:40:00,266,266,266,266,0
2022-08-31 11:41:00,266,266,266,266,0
2022-08-31 11:42:00,266,266,266,266,0
2022-08-31 11:43:00,266,266,266,266,0
2022-08-31 11:44:00,266,266,266,266,0
2022-08-31 11:45:00,266,266,266,266,0
2022-08-31 11:46:00,266,266,266,266,0
2022-08-31 11:47:00,266,266,266,266,0
2022-08-31 11:48:00,266,266,266,266,0
2022-08-31 11:49:00,266,266,266,266,0
2022-08-31 11:50:00,266,266,266,266,0
2022-08-31 11:51:00,266,266,266,266,0
2022-08-31 11:52:00,266,266,266,266,0
2022-08-31 11:53:00,266,266,266,266,0
2022-08-31 11:54:00,266,266,266,266,0
2022-08-31 11:55:00,266,266,266,266,0
2022-08-31 11:56:00,266,266,266,266,0
2022-08-31 11:57:00,266,266,266,266,0
2022-08-31 11:58:00,266,266,266,266,0
2022-08-31 11:59:00,266,266,266,266,0
2022-08-31 12:00:00,266,266,266,266,0
2022-08-31 12:01:00,266,266,266,266,0
2022-08-31 12:02:00,266,266,266,266,0
2022-08-31 12:03:00,266,266,266,266,0
2022-08-31 12:04:00,266,266,266,266,0
2022-08-31 12:05:00,266,266,266,266,0
2022-08-31 12:06:00,266,266,266,266,0
2022-08-31 12:07:00,266,266,266,266,0
2022-08-31 12:08:00,266,266,266,266,0
2022-08-31 12:09:00,266,266,266,266,0
2022-08-31 12:10:00,266,266,266,266,0
2022-08-31 12:11:00,266,266,266,266,0
2022-08-31 12:12:00,266,266,266,266,0
2022-08-31 12:13:00,266,266,266,266,0
2022-08-31 12:14:00,266,266,266,266,0
2022-08-31 12:15:00,266,266,266,266,0
2022-08-31 12:16:00,266,266,266,266,0
2022-08-31 12:17:00,266,266,266,266,0
2022-08-31 12:18:00,266,266,266,266,0
2022-08-31 12:19:00,266,266,266,266,0
2022-08-31 12:20:00,266,266,266,266,0
2022-08-31 12:21:00,266,266,266,266,0
2022-08-31 12:22:00,266,266,266,266,0
2022-08-31 12:23:00,266,266,266,266,0
2022-08-31 12:24:00,266,266,266,266,0
2022-08-31 12:25:00,266,266,266,266,0
2022-08-31 12:26:00,266,266,266,266,0
2022-08-31 12:27:00,266,266,266,266,0
2022-08-31 12:28:00,266,266,266,266,0
2022-08-31 12:29:00,266,266,266,266,0
2022-08-31 12:30:00,266,266,266,266,0
2022-08-31 12:31:00,266,266,266,266,0
2022-08-31 12:32:00,266,266,266,266,0
2022-08-31 12:33:00,266,266,266,266,0
2022-08-31 12:34:00,266,266,266,266,0
2022-08-31 12:35:00,266,266,266,266,0
2022-08-31 12:36:00,266,266,266,266,0
2022-08-31 12:37:00,266,266,266,266,0
2022-08-31 12:38:00,266,266,266,266,0
2022-08-31 12:39:00,266,266,266,266,0
2022-08-31 12:40:00,266,266,266,266,0
2022-08-31 12:41:00,266,266,266,266,0
2022-08-31 12:42:00,266,266,266,266,0
2022-08-31 12:43:00,266,266,266,266,0
2022-08-31 12:44:00,266,266,266,266,0
2022-08-31 12:45:00,266,266,266,266,0
2022-08-31 12:46:00,266,266,266,266,0
2022-08-31 12:47:00,266,266,266,266,0
2022-08-31 12:48:00,266,266,266,266,0
2022-08-31 12:49:00,266,266,266,266,0
2022-08-31 12:50:00,266,266,266,266,0
2022-08-31 12:51:00,266,266,266,266,0
2022-08-31 12:52:00,266,266,266,266,0
2022-08-31 12:53:00,266,266,266,266,0
2022-08-31 12:54:00,266,266,266,266,0
2022-08-31 12:55:00,266,266,266,266,0
2022-08-31 12:56:00,266,266,266,266,0
2022-08-31 12:57:00,266,266,266,266,0
2022-08-31 12:58:00,266,266,266,266,0
2022-08-31 12:59:00,266,266,266,266,0
2022-08-31 13:00:00,266,266,266,266,0
2022-08-31 13:01:00,266,266,266,266,0
2022-08-31 13:02:00,266,266,266,266,0
2022-08-31 13:03:00,266,266,266,266,0
2022-08-31 13:04:00,266,266,266,266,0
2022-08-31 13:05:00,266,266,266,266,0
2022-08-31 13:06:00,266,266,266,266,0
2022-08-31 13:07:00,266,266,266,266,0
2022-08-31 13:08:00,266,266,266,266,0
2022-08-31 13:09:00,266,266,266,266,0
2022-08-31 13:10:00,266,266,266,266,0
2022-08-31 13:11:00,266,266,266,266,0
2022-08-31 13:12:00,266,266,266,266,0
2022-08-31 13:13:00,266,266,266,266,0
2022-08-31 13:14:00,266,266,266,266,0
2022-08-31 13:15:00,266,266,266,266,0
2022-08-31 13:16:00,266,266,266,266,0
2022-08-31 13:17:00,266,266,266,266,0
2022-08-31 13:18:00,266,266,266,266,0
2022-08-31 13:19:00,266,266,266,266,0
2022-08-31 13:20:00,266,266,266,266,0
2022-08-31 13:21:00,266,266,266,266,0
2022-08-31 13:22:00,266,266,266,266,0
2022-08-31 13:23:00,266,266,266,266,0
2022-08-31 13:24:00,266,266,266,266,0
2022-08-31 13:25:00,266,266,266,266,0
2022-08-31 13:26:00,266,266,266,266,0
2022-08-31 13:27:00,266,266,266,266,0
2022-08-31 13:28:00,266,266,266,266,0
2022-08-31 13:29:00,266,266,266,266,0
2022-08-31 13:30:00,266,266,266,266,0
2022-08-31 13:31:00,266,266,266,266,0
2022-08-31 13:32:00,266,266,266,266,0
2022-08-31 13:33:00,266,266,266,266,0
2022-08-31 13:34:00,266,266,266,266,0
2022-08-31 13:35:00,266,266,266,266,0
2022-08-31 13:36:00,266,266,266,266,200
2022-08-31 13:37:00,266,266,266,266,0
2022-08-31 13:38:00,258,258,258,258,1400
2022-08-31 13:39:00,258,258,258,258,0
2022-08-31 13:40:00,258,258,258,258,0
2022-08-31 13:41:00,258,258,258,258,1600
2022-08-31 13:42:00,258,258,258,258,0
2022-08-31 13:43:00,258,258,258,258,0
2022-08-31 13:44:00,258,258,258,258,0
2022-08-31 13:45:00,258,258,258,258,0
2022-08-31 13:46:00,258,258,258,258,0
2022-08-31 13:47:00,258,258,258,258,300
2022-08-31 13:48:00,258,258,258,258,0
2022-08-31 13:49:00,258,258,258,258,0
2022-08-31 13:50:00,258,258,258,258,0
2022-08-31 13:51:00,258,258,258,258,0
2022-08-31 13:52:00,258,258,258,258,0
2022-08-31 13:53:00,258,258,258,258,0
2022-08-31 13:54:00,258,258,258,258,0
2022-08-31 13:55:00,258,258,258,258,0
2022-08-31 13:56:00,258,258,258,258,0
2022-08-31 13:57:00,258,258,258,258,0
2022-08-31 13:58:00,258,258,258,258,0
2022-08-31 13:59:00,258,258,258,258,0
2022-08-31 14:00:00,258,258,258,258,0
2022-08-31 14:01:00,258,258,258,258,0
2022-08-31 14:02:00,258,258,258,258,0
2022-08-31 14:03:00,258,258,258,258,0
2022-08-31 14:04:00,258,258,258,258,0
2022-08-31 14:05:00,258,258,258,258,0
2022-08-31 14:06:00,258,258,258,258,0
2022-08-31 14:07:00,258,258,258,258,0
2022-08-31 14:08:00,258,258,258,258,0
2022-08-31 14:09:00,258,258,258,258,0
2022-08-31 14:10:00,258,258,258,258,0
2022-08-31 14:11:00,258,258,258,258,8200
2022-08-31 14:12:00,258,258,258,258,0
2022-08-31 14:13:00,258,258,258,258,0
2022-08-31 14:14:00,258,258,258,258,0
2022-08-31 14:15:00,258,258,258,258,0
2022-08-31 14:16:00,258,258,258,258,0
2022-08-31 14:17:00,258,258,258,258,0
2022-08-31 14:18:00,258,258,258,258,0
2022-08-31 14:19:00,258,258,258,258,900
2022-08-31 14:20:00,264,264,266,266,1300
2022-08-31 14:21:00,264,264,266,266,0
2022-08-31 14:22:00,264,264,266,266,0
2022-08-31 14:23:00,258,258,266,266,400
2022-08-31 14:24:00,258,258,266,266,0
2022-08-31 14:25:00,258,258,266,266,0
2022-08-31 14:26:00,258,258,266,266,0
2022-08-31 14:27:00,258,258,266,266,0
2022-08-31 14:28:00,258,258,266,266,0
2022-08-31 14:29:00,258,258,266,266,0
2022-08-31 14:30:00,258,258,266,266,0
2022-08-31 14:31:00,258,258,266,266,0
2022-08-31 14:32:00,258,258,266,266,0
2022-08-31 14:33:00,258,258,266,266,0
2022-08-31 14:34:00,258,258,266,266,0
2022-08-31 14:35:00,258,258,266,266,0
2022-08-31 14:36:00,258,258,266,266,0
2022-08-31 14:37:00,258,258,266,266,0
2022-08-31 14:38:00,258,258,266,266,0
2022-08-31 14:39:00,258,258,266,266,0
2022-08-31 14:40:00,258,258,266,266,0
2022-08-31 14:41:00,258,258,266,266,0
2022-08-31 14:42:00,258,258,266,266,0
2022-08-31 14:43:00,258,258,266,266,0
2022-08-31 14:44:00,258,258,266,266,0
2022-08-31 14:45:00,258,258,266,266,0
2022-08-31 14:46:00,258,258,266,266,0
2022-08-31 14:47:00,258,258,266,266,0
2022-08-31 14:48:00,258,258,266,266,0
2022-08-31 14:49:00,258,258,266,266,0
2022-08-31 14:50:00,258,258,266,266,0
2022-08-31 14:51:00,258,258,266,266,0
2022-08-31 14:52:00,258,258,266,266,0
2022-08-31 14:53:00,258,258,266,266,0
2022-08-31 14:54:00,258,258,266,266,0
2022-08-31 14:55:00,258,258,266,266,0
2022-08-31 14:56:00,258,258,266,266,0
2022-08-31 14:57:00,258,258,266,266,0
2022-08-31 14:58:00,258,258,266,266,0
2022-08-31 14:59:00,258,258,266,266,0
2022-08-31 15:00:00,258,258,266,266,0
2022-08-31 15:01:00,266,266,266,266,5000
2022-08-31 15:02:00,266,266,266,266,0
2022-08-31 15:03:00,266,266,266,266,0
2022-08-31 15:04:00,266,266,266,266,0
2022-08-31 15:05:00,266,266,266,266,0
2022-08-31 15:06:00,266,266,266,266,0
2022-08-31 15:07:00,266,266,266,266,0
2022-08-31 15:08:00,266,266,266,266,0
2022-08-31 15:09:00,266,266,266,266,0
2022-08-31 15:10:00,266,266,266,266,0
2022-08-31 15:11:00,266,266,266,266,0
2022-08-31 15:12:00,266,266,266,266,0
2022-08-31 15:13:00,266,266,266,266,0
2022-08-31 15:14:00,266,266,266,266,0
2022-08-31 15:15:00,266,266,266,266,0
2022-08-31 15:16:00,266,266,266,266,0
2022-08-31 15:17:00,266,266,266,266,0
2022-08-31 15:18:00,266,266,266,266,0
2022-08-31 15:19:00,266,266,266,266,0
2022-08-31 15:20:00,266,266,266,266,0
2022-08-31 15:21:00,266,266,266,266,0
2022-08-31 15:22:00,266,266,266,266,0
2022-08-31 15:23:00,266,266,266,266,0
2022-08-31 15:24:00,266,266,266,266,0
2022-08-31 15:25:00,266,266,266,266,0
2022-08-31 15:26:00,266,266,266,266,0
2022-08-31 15:27:00,266,266,266,266,0
2022-08-31 15:28:00,266,266,266,266,0
2022-08-31 15:29:00,266,266,266,266,0
2022-08-31 15:30:00,266,266,266,266,0
2022-08-31 15:31:00,266,266,266,266,0
2022-08-31 15:32:00,266,266,266,266,0
2022-08-31 15:33:00,266,266,266,266,0
2022-08-31 15:34:00,266,266,266,266,0
2022-08-31 15:35:00,266,266,266,266,0
2022-08-31 15:36:00,266,266,266,266,0
2022-08-31 15:37:00,266,266,266,266,0
2022-08-31 15:38:00,266,266,266,266,0
2022-08-31 15:39:00,266,266,266,266,0
2022-08-31 15:40:00,266,266,266,266,0
2022-08-31 15:41:00,266,266,266,266,0
2022-08-31 15:42:00,266,266,266,266,0
2022-08-31 15:43:00,266,266,266,266,0
2022-08-31 15:44:00,266,266,266,266,0
2022-08-31 15:45:00,266,266,266,266,0
2022-08-31 15:46:00,266,266,266,266,0
2022-08-31 15:47:00,266,266,266,266,0
2022-08-31 15:48:00,266,266,266,266,0
2022-08-31 15:49:00,266,266,266,266,0
2022-08-31 15:50:00,266,266,266,266,0
2022-08-31 15:51:00,266,266,266,266,0
2022-08-31 15:52:00,266,266,266,266,0
2022-08-31 15:53:00,266,266,266,266,0
2022-08-31 15:54:00,266,266,266,266,0
2022-08-31 15:55:00,266,266,266,266,0
2022-08-31 15:56:00,266,266,266,266,0
2022-08-31 15:57:00,266,266,266,266,0
2022-08-31 15:58:00,266,266,266,266,0
2022-08-31 15:59:00,266,266,266,266,0
2022-09-01 09:00:00,266,266,266,266,3500
2022-09-01 09:01:00,266,266,266,266,0
2022-09-01 09:02:00,260,260,260,260,0
2022-09-01 09:03:00,260,260,260,260,0
2022-09-01 09:04:00,260,260,260,260,0
2022-09-01 09:05:00,260,260,260,260,200
2022-09-01 09:06:00,260,260,260,260,0
2022-09-01 09:07:00,260,260,260,260,0
2022-09-01 09:08:00,260,260,260,260,0
2022-09-01 09:09:00,260,260,260,260,0
2022-09-01 09:10:00,260,260,260,260,0
2022-09-01 09:11:00,260,260,260,260,200
2022-09-01 09:12:00,260,260,260,260,0
2022-09-01 09:13:00,260,260,260,260,0
2022-09-01 09:14:00,260,260,260,260,800
2022-09-01 09:15:00,260,260,260,260,0
2022-09-01 09:16:00,260,260,260,260,0
2022-09-01 09:17:00,260,260,260,260,0
2022-09-01 09:18:00,260,260,260,260,0
2022-09-01 09:19:00,260,260,260,260,0
2022-09-01 09:20:00,262,262,262,262,200
2022-09-01 09:21:00,262,262,262,262,0
2022-09-01 09:22:00,262,262,262,262,0
2022-09-01 09:23:00,262,262,262,262,0
2022-09-01 09:24:00,262,262,262,262,0
2022-09-01 09:25:00,262,262,262,262,0
2022-09-01 09:26:00,262,262,262,262,0
2022-09-01 09:27:00,262,262,262,262,0
2022-09-01 09:28:00,262,262,262,262,0
2022-09-01 09:29:00,262,262,262,262,1900
2022-09-01 09:30:00,262,262,262,262,0
2022-09-01 09:31:00,262,262,262,262,0
2022-09-01 09:32:00,260,260,260,260,7800
2022-09-01 09:33:00,260,260,260,260,0
2022-09-01 09:34:00,260,260,260,260,0
2022-09-01 09:35:00,260,260,260,260,0
2022-09-01 09:36:00,260,260,260,260,0
2022-09-01 09:37:00,260,260,260,260,0
2022-09-01 09:38:00,260,260,260,260,0
2022-09-01 09:39:00,260,260,260,260,200
2022-09-01 09:40:00,258,258,258,258,1900
2022-09-01 09:41:00,258,258,258,258,1000
2022-09-01 09:42:00,258,258,258,258,0
2022-09-01 09:43:00,258,258,258,258,0
2022-09-01 09:44:00,258,258,258,258,0
2022-09-01 09:45:00,258,258,258,258,0
2022-09-01 09:46:00,258,258,258,258,0
2022-09-01 09:47:00,258,258,258,258,0
2022-09-01 09:48:00,258,258,258,258,0
2022-09-01 09:49:00,258,258,258,258,0
2022-09-01 09:50:00,258,258,258,258,0
2022-09-01 09:51:00,258,258,258,258,0
2022-09-01 09:52:00,258,258,258,258,0
2022-09-01 09:53:00,258,258,258,258,0
2022-09-01 09:54:00,258,258,258,258,0
2022-09-01 09:55:00,258,258,258,258,0
2022-09-01 09:56:00,258,258,258,258,0
2022-09-01 09:57:00,258,258,258,258,0
2022-09-01 09:58:00,258,258,258,258,0
2022-09-01 09:59:00,258,258,258,258,0
2022-09-01 10:00:00,258,258,258,258,0
2022-09-01 10:01:00,258,258,258,258,0
2022-09-01 10:02:00,258,258,258,258,0
2022-09-01 10:03:00,258,258,258,258,0
2022-09-01 10:04:00,258,258,258,258,0
2022-09-01 10:05:00,258,258,258,258,0
2022-09-01 10:06:00,258,258,258,258,0
2022-09-01 10:07:00,258,258,258,258,0
2022-09-01 10:08:00,258,258,258,258,0
2022-09-01 10:09:00,258,258,258,258,0
2022-09-01 10:10:00,258,258,258,258,1000
2022-09-01 10:11:00,258,258,258,258,0
2022-09-01 10:12:00,258,258,258,258,0
2022-09-01 10:13:00,258,258,258,258,0
2022-09-01 10:14:00,258,258,258,258,0
2022-09-01 10:15:00,258,258,258,258,17400
2022-09-01 10:16:00,258,258,258,258,0
2022-09-01 10:17:00,258,258,258,258,0
2022-09-01 10:18:00,258,258,258,258,0
2022-09-01 10:19:00,258,258,258,258,0
2022-09-01 10:20:00,258,258,258,258,58900
2022-09-01 10:21:00,258,258,258,258,0
2022-09-01 10:22:00,258,258,258,258,0
2022-09-01 10:23:00,258,258,258,258,100
2022-09-01 10:24:00,258,258,258,258,0
2022-09-01 10:25:00,258,258,258,258,0
2022-09-01 10:26:00,258,258,258,258,0
2022-09-01 10:27:00,258,258,258,258,0
2022-09-01 10:28:00,258,258,258,258,2000
2022-09-01 10:29:00,258,258,258,258,0
2022-09-01 10:30:00,258,258,258,258,0
2022-09-01 10:31:00,260,260,264,264,10600
2022-09-01 10:32:00,264,264,266,266,0
2022-09-01 10:33:00,264,264,266,266,0
2022-09-01 10:34:00,264,264,266,266,0
2022-09-01 10:35:00,264,264,266,266,0
2022-09-01 10:36:00,264,264,266,266,0
2022-09-01 10:37:00,266,266,266,266,0
2022-09-01 10:38:00,266,266,266,266,0
2022-09-01 10:39:00,266,266,266,266,0
2022-09-01 10:40:00,266,266,266,266,0
2022-09-01 10:41:00,266,266,266,266,0
2022-09-01 10:42:00,266,266,266,266,0
2022-09-01 10:43:00,266,266,266,266,0
2022-09-01 10:44:00,266,266,266,266,0
2022-09-01 10:45:00,266,266,266,266,0
2022-09-01 10:46:00,266,266,266,266,0
2022-09-01 10:47:00,266,266,266,266,0
2022-09-01 10:48:00,266,266,266,266,0
2022-09-01 10:49:00,266,266,266,266,0
2022-09-01 10:50:00,266,266,266,266,0
2022-09-01 10:51:00,266,266,266,266,0
2022-09-01 10:52:00,266,266,266,266,0
2022-09-01 10:53:00,266,266,266,266,0
2022-09-01 10:54:00,266,266,266,266,0
2022-09-01 10:55:00,266,266,266,266,0
2022-09-01 10:56:00,266,266,266,266,0
2022-09-01 10:57:00,266,266,266,266,0
2022-09-01 10:58:00,266,266,266,266,0
2022-09-01 10:59:00,266,266,266,266,0
2022-09-01 11:00:00,266,266,266,266,0
2022-09-01 11:01:00,266,266,266,266,0
2022-09-01 11:02:00,266,266,266,266,0
2022-09-01 11:03:00,266,266,266,266,0
2022-09-01 11:04:00,266,266,266,266,0
2022-09-01 11:05:00,266,266,266,266,0
2022-09-01 11:06:00,266,266,266,266,0
2022-09-01 11:07:00,266,266,266,266,0
2022-09-01 11:08:00,266,266,266,266,0
2022-09-01 11:09:00,266,266,266,266,0
2022-09-01 11:10:00,266,266,266,266,0
2022-09-01 11:11:00,266,266,266,266,0
2022-09-01 11:12:00,266,266,266,266,0
2022-09-01 11:13:00,266,266,266,266,0
2022-09-01 11:14:00,266,266,266,266,0
2022-09-01 11:15:00,266,266,266,266,0
2022-09-01 11:16:00,266,266,266,266,0
2022-09-01 11:17:00,266,266,266,266,0
2022-09-01 11:18:00,266,266,266,266,0
2022-09-01 11:19:00,266,266,266,266,0
2022-09-01 11:20:00,266,266,266,266,0
2022-09-01 11:21:00,266,266,266,266,0
2022-09-01 11:22:00,266,266,266,266,0
2022-09-01 11:23:00,266,266,266,266,0
2022-09-01 11:24:00,266,266,266,266,0
2022-09-01 11:25:00,266,266,266,266,0
2022-09-01 11:26:00,266,266,266,266,0
2022-09-01 11:27:00,266,266,266,266,0
2022-09-01 11:28:00,266,266,266,266,0
2022-09-01 11:29:00,266,266,266,266,0
2022-09-01 11:30:00,266,266,266,266,0
2022-09-01 11:31:00,266,266,266,266,0
2022-09-01 11:32:00,266,266,266,266,0
2022-09-01 11:33:00,266,266,266,266,0
2022-09-01 11:34:00,266,266,266,266,0
2022-09-01 11:35:00,266,266,266,266,0
2022-09-01 11:36:00,266,266,266,266,0
2022-09-01 11:37:00,266,266,266,266,0
2022-09-01 11:38:00,266,266,266,266,0
2022-09-01 11:39:00,266,266,266,266,0
2022-09-01 11:40:00,266,266,266,266,0
2022-09-01 11:41:00,266,266,266,266,0
2022-09-01 11:42:00,266,266,266,266,0
2022-09-01 11:43:00,266,266,266,266,0
2022-09-01 11:44:00,266,266,266,266,0
2022-09-01 11:45:00,266,266,266,266,0
2022-09-01 11:46:00,266,266,266,266,0
2022-09-01 11:47:00,266,266,266,266,0
2022-09-01 11:48:00,266,266,266,266,0
2022-09-01 11:49:00,266,266,266,266,0
2022-09-01 11:50:00,266,266,266,266,0
2022-09-01 11:51:00,266,266,266,266,0
2022-09-01 11:52:00,266,266,266,266,0
2022-09-01 11:53:00,266,266,266,266,0
2022-09-01 11:54:00,266,266,266,266,0
2022-09-01 11:55:00,266,266,266,266,0
2022-09-01 11:56:00,266,266,266,266,0
2022-09-01 11:57:00,266,266,266,266,0
2022-09-01 11:58:00,266,266,266,266,0
2022-09-01 11:59:00,266,266,266,266,0
2022-09-01 12:00:00,266,266,266,266,0
2022-09-01 12:01:00,266,266,266,266,0
2022-09-01 12:02:00,266,266,266,266,0
2022-09-01 12:03:00,266,266,266,266,0
2022-09-01 12:04:00,266,266,266,266,0
2022-09-01 12:05:00,266,266,266,266,0
2022-09-01 12:06:00,266,266,266,266,0
2022-09-01 12:07:00,266,266,266,266,0
2022-09-01 12:08:00,266,266,266,266,0
2022-09-01 12:09:00,266,266,266,266,0
2022-09-01 12:10:00,266,266,266,266,0
2022-09-01 12:11:00,266,266,266,266,0
2022-09-01 12:12:00,266,266,266,266,0
2022-09-01 12:13:00,266,266,266,266,0
2022-09-01 12:14:00,266,266,266,266,0
2022-09-01 12:15:00,266,266,266,266,0
2022-09-01 12:16:00,266,266,266,266,0
2022-09-01 12:17:00,266,266,266,266,0
2022-09-01 12:18:00,266,266,266,266,0
2022-09-01 12:19:00,266,266,266,266,0
2022-09-01 12:20:00,266,266,266,266,0
2022-09-01 12:21:00,266,266,266,266,0
2022-09-01 12:22:00,266,266,266,266,0
2022-09-01 12:23:00,266,266,266,266,0
2022-09-01 12:24:00,266,266,266,266,0
2022-09-01 12:25:00,266,266,266,266,0
2022-09-01 12:26:00,266,266,266,266,0
2022-09-01 12:27:00,266,266,266,266,0
2022-09-01 12:28:00,266,266,266,266,0
2022-09-01 12:29:00,266,266,266,266,0
2022-09-01 12:30:00,266,266,266,266,0
2022-09-01 12:31:00,266,266,266,266,0
2022-09-01 12:32:00,266,266,266,266,0
2022-09-01 12:33:00,266,266,266,266,0
2022-09-01 12:34:00,266,266,266,266,0
2022-09-01 12:35:00,266,266,266,266,0
2022-09-01 12:36:00,266,266,266,266,0
2022-09-01 12:37:00,266,266,266,266,0
2022-09-01 12:38:00,266,266,266,266,0
2022-09-01 12:39:00,266,266,266,266,0
2022-09-01 12:40:00,266,266,266,266,0
2022-09-01 12:41:00,266,266,266,266,0
2022-09-01 12:42:00,266,266,266,266,0
2022-09-01 12:43:00,266,266,266,266,0
2022-09-01 12:44:00,266,266,266,266,0
2022-09-01 12:45:00,266,266,266,266,0
2022-09-01 12:46:00,266,266,266,266,0
2022-09-01 12:47:00,266,266,266,266,0
2022-09-01 12:48:00,266,266,266,266,0
2022-09-01 12:49:00,266,266,266,266,0
2022-09-01 12:50:00,266,266,266,266,0
2022-09-01 12:51:00,266,266,266,266,0
2022-09-01 12:52:00,266,266,266,266,0
2022-09-01 12:53:00,266,266,266,266,0
2022-09-01 12:54:00,266,266,266,266,0
2022-09-01 12:55:00,266,266,266,266,0
2022-09-01 12:56:00,266,266,266,266,0
2022-09-01 12:57:00,266,266,266,266,0
2022-09-01 12:58:00,266,266,266,266,0
2022-09-01 12:59:00,266,266,266,266,0
2022-09-01 13:00:00,266,266,266,266,0
2022-09-01 13:01:00,266,266,266,266,0
2022-09-01 13:02:00,266,266,266,266,0
2022-09-01 13:03:00,266,266,266,266,0
2022-09-01 13:04:00,266,266,266,266,0
2022-09-01 13:05:00,266,266,266,266,0
2022-09-01 13:06:00,266,266,266,266,0
2022-09-01 13:07:00,266,266,266,266,0
2022-09-01 13:08:00,266,266,266,266,0
2022-09-01 13:09:00,266,266,266,266,0
2022-09-01 13:10:00,266,266,266,266,0
2022-09-01 13:11:00,266,266,266,266,0
2022-09-01 13:12:00,266,266,266,266,0
2022-09-01 13:13:00,266,266,266,266,0
2022-09-01 13:14:00,266,266,266,266,0
2022-09-01 13:15:00,266,266,266,266,0
2022-09-01 13:16:00,266,266,266,266,0
2022-09-01 13:17:00,266,266,266,266,0
2022-09-01 13:18:00,266,266,266,266,0
2022-09-01 13:19:00,266,266,266,266,0
2022-09-01 13:20:00,266,266,266,266,0
2022-09-01 13:21:00,266,266,266,266,0
2022-09-01 13:22:00,266,266,266,266,0
2022-09-01 13:23:00,266,266,266,266,0
2022-09-01 13:24:00,266,266,266,266,0
2022-09-01 13:25:00,266,266,266,266,0
2022-09-01 13:26:00,266,266,266,266,0
2022-09-01 13:27:00,266,266,266,266,0
2022-09-01 13:28:00,266,266,266,266,0
2022-09-01 13:29:00,266,266,266,266,0
2022-09-01 13:30:00,262,262,264,264,100900
2022-09-01 13:31:00,262,262,264,264,0
2022-09-01 13:32:00,256,256,256,256,11400
2022-09-01 13:33:00,250,250,250,250,0
2022-09-01 13:34:00,250,250,250,250,0
2022-09-01 13:35:00,250,250,250,250,0
2022-09-01 13:36:00,250,250,250,250,0
2022-09-01 13:37:00,250,250,250,250,0
2022-09-01 13:38:00,250,250,250,250,0
2022-09-01 13:39:00,250,250,250,250,0
2022-09-01 13:40:00,250,250,250,250,0
2022-09-01 13:41:00,250,250,250,250,0
2022-09-01 13:42:00,250,250,250,250,0
2022-09-01 13:43:00,250,250,250,250,0
2022-09-01 13:44:00,250,250,250,250,0
2022-09-01 13:45:00,252,250,252,250,3200
2022-09-01 13:46:00,252,250,252,250,0
2022-09-01 13:47:00,252,250,252,250,0
2022-09-01 13:48:00,252,250,252,250,0
2022-09-01 13:49:00,256,256,256,256,0
2022-09-01 13:50:00,256,256,256,256,200
2022-09-01 13:51:00,256,256,256,256,0
2022-09-01 13:52:00,256,256,256,256,0
2022-09-01 13:53:00,256,256,256,256,0
2022-09-01 13:54:00,256,256,256,256,400
2022-09-01 13:55:00,256,256,256,256,0
2022-09-01 13:56:00,256,256,256,256,0
2022-09-01 13:57:00,256,256,256,256,0
2022-09-01 13:58:00,256,256,256,256,0
2022-09-01 13:59:00,256,256,256,256,0
2022-09-01 14:00:00,262,262,262,262,0
2022-09-01 14:01:00,262,262,262,262,0
2022-09-01 14:02:00,260,260,260,260,200
2022-09-01 14:03:00,260,260,260,260,0
2022-09-01 14:04:00,260,260,266,266,14000
2022-09-01 14:05:00,268,266,270,268,35000
2022-09-01 14:06:00,268,266,270,268,0
2022-09-01 14:07:00,268,266,270,268,0
2022-09-01 14:08:00,268,266,270,268,0
2022-09-01 14:09:00,268,268,268,268,34100
2022-09-01 14:10:00,268,268,268,268,0
2022-09-01 14:11:00,268,268,268,268,900
2022-09-01 14:12:00,268,268,268,268,0
2022-09-01 14:13:00,268,268,268,268,0
2022-09-01 14:14:00,268,268,268,268,0
2022-09-01 14:15:00,268,268,268,268,0
2022-09-01 14:16:00,268,268,268,268,0
2022-09-01 14:17:00,268,268,268,268,0
2022-09-01 14:18:00,268,268,268,268,0
2022-09-01 14:19:00,268,268,268,268,0
2022-09-01 14:20:00,268,268,268,268,0
2022-09-01 14:21:00,268,268,268,268,0
2022-09-01 14:22:00,268,268,268,268,0
2022-09-01 14:23:00,268,268,268,268,0
2022-09-01 14:24:00,268,268,268,268,0
2022-09-01 14:25:00,268,268,268,268,0
2022-09-01 14:26:00,268,268,268,268,0
2022-09-01 14:27:00,266,266,266,266,800
2022-09-01 14:28:00,266,266,266,266,0
2022-09-01 14:29:00,266,266,266,266,0
2022-09-01 14:30:00,268,268,268,268,100
2022-09-01 14:31:00,268,268,268,268,0
2022-09-01 14:32:00,268,268,268,268,0
2022-09-01 14:33:00,268,268,268,268,0
2022-09-01 14:34:00,268,268,268,268,0
2022-09-01 14:35:00,268,268,268,268,0
2022-09-01 14:36:00,268,268,268,268,0
2022-09-01 14:37:00,268,268,268,268,0
2022-09-01 14:38:00,268,268,268,268,0
2022-09-01 14:39:00,268,268,268,268,0
2022-09-01 14:40:00,268,268,268,268,0
2022-09-01 14:41:00,268,268,268,268,0
2022-09-01 14:42:00,268,268,268,268,0
2022-09-01 14:43:00,268,268,268,268,0
2022-09-01 14:44:00,268,268,268,268,0
2022-09-01 14:45:00,268,268,268,268,0
2022-09-01 14:46:00,268,268,268,268,0
2022-09-01 14:47:00,268,268,268,268,0
2022-09-01 14:48:00,268,268,268,268,0
2022-09-01 14:49:00,268,268,268,268,0
2022-09-01 14:50:00,268,268,268,268,0
2022-09-01 14:51:00,268,268,268,268,0
2022-09-01 14:52:00,268,268,268,268,0
2022-09-01 14:53:00,268,268,268,268,0
2022-09-01 14:54:00,268,268,268,268,0
2022-09-01 14:55:00,268,268,268,268,0
2022-09-01 14:56:00,268,268,268,268,0
2022-09-01 14:57:00,268,268,268,268,0
2022-09-01 14:58:00,268,268,268,268,0
2022-09-01 14:59:00,268,268,268,268,0
2022-09-01 15:00:00,256,256,256,256,15600
2022-09-01 15:01:00,256,256,256,256,0
2022-09-01 15:02:00,256,256,256,256,0
2022-09-01 15:03:00,256,256,256,256,0
2022-09-01 15:04:00,256,256,256,256,0
2022-09-01 15:05:00,256,256,256,256,0
2022-09-01 15:06:00,256,256,256,256,0
2022-09-01 15:07:00,256,256,256,256,201300
2022-09-01 15:08:00,256,256,256,256,0
2022-09-01 15:09:00,256,256,256,256,0
2022-09-01 15:10:00,256,256,256,256,0
2022-09-01 15:11:00,256,256,256,256,0
2022-09-01 15:12:00,256,256,256,256,0
2022-09-01 15:13:00,256,256,256,256,0
2022-09-01 15:14:00,256,256,256,256,0
2022-09-01 15:15:00,256,256,256,256,0
2022-09-01 15:16:00,256,256,256,256,0
2022-09-01 15:17:00,256,256,256,256,0
2022-09-01 15:18:00,256,256,256,256,0
2022-09-01 15:19:00,256,256,256,256,0
2022-09-01 15:20:00,256,256,256,256,0
2022-09-01 15:21:00,256,256,256,256,0
2022-09-01 15:22:00,256,256,256,256,0
2022-09-01 15:23:00,256,256,256,256,0
2022-09-01 15:24:00,256,256,256,256,0
2022-09-01 15:25:00,256,256,256,256,0
2022-09-01 15:26:00,256,256,256,256,0
2022-09-01 15:27:00,256,256,256,256,0
2022-09-01 15:28:00,256,256,256,256,0
2022-09-01 15:29:00,256,256,256,256,0
2022-09-01 15:30:00,256,256,256,256,0
2022-09-01 15:31:00,256,256,256,256,0
2022-09-01 15:32:00,256,256,256,256,0
2022-09-01 15:33:00,256,256,256,256,0
2022-09-01 15:34:00,256,256,256,256,0
2022-09-01 15:35:00,256,256,256,256,0
2022-09-01 15:36:00,256,256,256,256,0
2022-09-01 15:37:00,256,256,256,256,0
2022-09-01 15:38:00,256,256,256,256,0
2022-09-01 15:39:00,256,256,256,256,0
2022-09-01 15:40:00,256,256,256,256,0
2022-09-01 15:41:00,256,256,256,256,0
2022-09-01 15:42:00,256,256,256,256,0
2022-09-01 15:43:00,256,256,256,256,0
2022-09-01 15:44:00,256,256,256,256,0
2022-09-01 15:45:00,256,256,256,256,0
2022-09-01 15:46:00,256,256,256,256,0
2022-09-01 15:47:00,256,256,256,256,0
2022-09-01 15:48:00,256,256,256,256,0
2022-09-01 15:49:00,256,256,256,256,0
2022-09-01 15:50:00,256,256,256,256,0
2022-09-01 15:51:00,256,256,256,256,0
2022-09-01 15:52:00,256,256,256,256,0
2022-09-01 15:53:00,256,256,256,256,0
2022-09-01 15:54:00,256,256,256,256,0
2022-09-01 15:55:00,256,256,256,256,0
2022-09-01 15:56:00,256,256,256,256,0
2022-09-01 15:57:00,256,256,256,256,0
2022-09-01 15:58:00,256,256,256,256,0
2022-09-01 15:59:00,256,256,256,256,0
2022-09-02 09:00:00,256,256,256,256,0
2022-09-02 09:01:00,256,256,256,256,0
2022-09-02 09:02:00,256,256,256,256,0
2022-09-02 09:03:00,256,256,256,256,0
2022-09-02 09:04:00,256,256,256,256,0
2022-09-02 09:05:00,256,256,256,256,0
2022-09-02 09:06:00,256,256,256,256,0
2022-09-02 09:07:00,256,256,256,256,0
2022-09-02 09:08:00,256,256,256,256,0
2022-09-02 09:09:00,256,256,256,256,0
2022-09-02 09:10:00,256,256,256,256,0
2022-09-02 09:11:00,256,256,256,256,0
2022-09-02 09:12:00,256,256,256,256,0
2022-09-02 09:13:00,256,256,256,256,0
2022-09-02 09:14:00,256,256,256,256,0
2022-09-02 09:15:00,256,256,256,256,0
2022-09-02 09:16:00,256,256,256,256,0
2022-09-02 09:17:00,262,262,262,262,0
2022-09-02 09:18:00,262,262,262,262,0
2022-09-02 09:19:00,262,262,262,262,0
2022-09-02 09:20:00,262,262,262,262,0
2022-09-02 09:21:00,262,262,262,262,0
2022-09-02 09:22:00,260,260,260,260,900
2022-09-02 09:23:00,260,260,260,260,0
2022-09-02 09:24:00,260,260,260,260,0
2022-09-02 09:25:00,260,260,260,260,0
2022-09-02 09:26:00,260,260,260,260,0
2022-09-02 09:27:00,260,260,260,260,0
2022-09-02 09:28:00,260,260,260,260,0
2022-09-02 09:29:00,260,260,260,260,0
2022-09-02 09:30:00,262,262,262,262,900
2022-09-02 09:31:00,264,264,272,264,1400
2022-09-02 09:32:00,264,264,272,264,0
2022-09-02 09:33:00,270,270,270,270,600
2022-09-02 09:34:00,270,270,270,270,0
2022-09-02 09:35:00,270,270,270,270,0
2022-09-02 09:36:00,270,270,270,270,0
2022-09-02 09:37:00,270,270,270,270,0
2022-09-02 09:38:00,270,270,270,270,0
2022-09-02 09:39:00,270,270,270,270,0
2022-09-02 09:40:00,270,270,270,270,0
2022-09-02 09:41:00,270,270,270,270,600
2022-09-02 09:42:00,270,270,270,270,0
2022-09-02 09:43:00,272,272,272,272,1200
2022-09-02 09:44:00,272,272,272,272,0
2022-09-02 09:45:00,272,272,272,272,0
2022-09-02 09:46:00,272,272,272,272,0
2022-09-02 09:47:00,272,272,272,272,0
2022-09-02 09:48:00,272,272,272,272,0
2022-09-02 09:49:00,272,272,272,272,0
2022-09-02 09:50:00,272,272,272,272,0
2022-09-02 09:51:00,272,272,272,272,0
2022-09-02 09:52:00,272,272,272,272,0
2022-09-02 09:53:00,272,272,272,272,0
2022-09-02 09:54:00,272,272,272,272,0
2022-09-02 09:55:00,272,272,272,272,0
2022-09-02 09:56:00,272,272,272,272,0
2022-09-02 09:57:00,272,272,272,272,0
2022-09-02 09:58:00,272,272,272,272,17100
2022-09-02 09:59:00,272,272,272,272,0
2022-09-02 10:00:00,274,274,274,274,0
2022-09-02 10:01:00,274,274,274,274,0
2022-09-02 10:02:00,274,274,274,274,0
2022-09-02 10:03:00,274,274,274,274,0
2022-09-02 10:04:00,274,274,274,274,0
2022-09-02 10:05:00,274,274,274,274,0
2022-09-02 10:06:00,274,274,274,274,0
2022-09-02 10:07:00,274,274,274,274,300
2022-09-02 10:08:00,274,274,274,274,0
2022-09-02 10:09:00,274,274,274,274,0
2022-09-02 10:10:00,274,274,274,274,0
2022-09-02 10:11:00,274,274,274,274,0
2022-09-02 10:12:00,274,274,274,274,0
2022-09-02 10:13:00,274,274,274,274,0
2022-09-02 10:14:00,274,274,274,274,0
2022-09-02 10:15:00,272,272,272,272,1000
2022-09-02 10:16:00,272,272,272,272,13300
2022-09-02 10:17:00,272,272,272,272,0
2022-09-02 10:18:00,272,272,272,272,0
2022-09-02 10:19:00,272,272,272,272,0
2022-09-02 10:20:00,272,272,272,272,0
2022-09-02 10:21:00,272,272,272,272,0
2022-09-02 10:22:00,272,272,272,272,0
2022-09-02 10:23:00,272,272,272,272,5000
2022-09-02 10:24:00,272,272,272,272,0
2022-09-02 10:25:00,272,272,272,272,0
2022-09-02 10:26:00,272,272,272,272,0
2022-09-02 10:27:00,272,272,272,272,0
2022-09-02 10:28:00,272,272,272,272,1000
2022-09-02 10:29:00,272,272,272,272,0
2022-09-02 10:30:00,272,272,272,272,0
2022-09-02 10:31:00,272,272,272,272,0
2022-09-02 10:32:00,272,272,272,272,0
2022-09-02 10:33:00,272,272,272,272,0
2022-09-02 10:34:00,272,272,272,272,0
2022-09-02 10:35:00,272,272,272,272,0
2022-09-02 10:36:00,272,272,272,272,0
2022-09-02 10:37:00,272,272,272,272,0
2022-09-02 10:38:00,272,272,272,272,0
2022-09-02 10:39:00,272,272,272,272,0
2022-09-02 10:40:00,272,272,272,272,0
2022-09-02 10:41:00,272,272,272,272,0
2022-09-02 10:42:00,272,272,272,272,0
2022-09-02 10:43:00,272,272,272,272,0
2022-09-02 10:44:00,272,272,272,272,0
2022-09-02 10:45:00,272,272,272,272,0
2022-09-02 10:46:00,272,272,272,272,0
2022-09-02 10:47:00,272,272,272,272,0
2022-09-02 10:48:00,266,266,266,266,300
2022-09-02 10:49:00,266,266,266,266,0
2022-09-02 10:50:00,266,266,266,266,0
2022-09-02 10:51:00,266,266,266,266,0
2022-09-02 10:52:00,266,266,266,266,0
2022-09-02 10:53:00,266,266,266,266,0
2022-09-02 10:54:00,266,266,266,266,0
2022-09-02 10:55:00,266,266,266,266,0
2022-09-02 10:56:00,266,266,266,266,0
2022-09-02 10:57:00,266,266,266,266,0
2022-09-02 10:58:00,266,266,266,266,0
2022-09-02 10:59:00,266,266,266,266,0
2022-09-02 11:00:00,272,272,272,272,17800
2022-09-02 11:01:00,272,272,272,272,0
2022-09-02 11:02:00,274,274,274,274,11300
2022-09-02 11:03:00,278,278,280,280,5400
2022-09-02 11:04:00,278,278,280,280,0
2022-09-02 11:05:00,278,278,280,280,0
2022-09-02 11:06:00,278,278,280,280,0
2022-09-02 11:07:00,278,278,280,280,0
2022-09-02 11:08:00,276,274,276,274,5800
2022-09-02 11:09:00,276,274,276,274,0
2022-09-02 11:10:00,274,274,274,274,5300
2022-09-02 11:11:00,274,274,274,274,0
2022-09-02 11:12:00,274,274,274,274,0
2022-09-02 11:13:00,274,274,274,274,0
2022-09-02 11:14:00,274,274,274,274,0
2022-09-02 11:15:00,274,272,274,272,4800
2022-09-02 11:16:00,274,272,274,272,0
2022-09-02 11:17:00,274,272,274,272,0
2022-09-02 11:18:00,274,272,274,272,0
2022-09-02 11:19:00,274,272,274,272,0
2022-09-02 11:20:00,274,272,274,272,0
2022-09-02 11:21:00,274,272,274,272,0
2022-09-02 11:22:00,272,272,272,272,100
2022-09-02 11:23:00,272,272,272,272,0
2022-09-02 11:24:00,272,272,272,272,0
2022-09-02 11:25:00,272,272,272,272,700
2022-09-02 11:26:00,272,272,272,272,0
2022-09-02 11:27:00,272,272,272,272,0
2022-09-02 11:28:00,272,272,272,272,0
2022-09-02 11:29:00,272,272,272,272,0
2022-09-02 11:30:00,272,272,272,272,0
2022-09-02 11:31:00,272,272,272,272,0
2022-09-02 11:32:00,272,272,272,272,0
2022-09-02 11:33:00,272,272,272,272,0
2022-09-02 11:34:00,272,272,272,272,0
2022-09-02 11:35:00,272,272,272,272,0
2022-09-02 11:36:00,272,272,272,272,0
2022-09-02 11:37:00,272,272,272,272,0
2022-09-02 11:38:00,272,272,272,272,0
2022-09-02 11:39:00,272,272,272,272,0
2022-09-02 11:40:00,272,272,272,272,0
2022-09-02 11:41:00,272,272,272,272,0
2022-09-02 11:42:00,272,272,272,272,0
2022-09-02 11:43:00,272,272,272,272,0
2022-09-02 11:44:00,272,272,272,272,0
2022-09-02 11:45:00,272,272,272,272,0
2022-09-02 11:46:00,272,272,272,272,0
2022-09-02 11:47:00,272,272,272,272,0
2022-09-02 11:48:00,272,272,272,272,0
2022-09-02 11:49:00,272,272,272,272,0
2022-09-02 11:50:00,272,272,272,272,0
2022-09-02 11:51:00,272,272,272,272,0
2022-09-02 11:52:00,272,272,272,272,0
2022-09-02 11:53:00,272,272,272,272,0
2022-09-02 11:54:00,272,272,272,272,0
2022-09-02 11:55:00,272,272,272,272,0
2022-09-02 11:56:00,272,272,272,272,0
2022-09-02 11:57:00,272,272,272,272,0
2022-09-02 11:58:00,272,272,272,272,0
2022-09-02 11:59:00,272,272,272,272,0
2022-09-02 12:00:00,272,272,272,272,0
2022-09-02 12:01:00,272,272,272,272,0
2022-09-02 12:02:00,272,272,272,272,0
2022-09-02 12:03:00,272,272,272,272,0
2022-09-02 12:04:00,272,272,272,272,0
2022-09-02 12:05:00,272,272,272,272,0
2022-09-02 12:06:00,272,272,272,272,0
2022-09-02 12:07:00,272,272,272,272,0
2022-09-02 12:08:00,272,272,272,272,0
2022-09-02 12:09:00,272,272,272,272,0
2022-09-02 12:10:00,272,272,272,272,0
2022-09-02 12:11:00,272,272,272,272,0
2022-09-02 12:12:00,272,272,272,272,0
2022-09-02 12:13:00,272,272,272,272,0
2022-09-02 12:14:00,272,272,272,272,0
2022-09-02 12:15:00,272,272,272,272,0
2022-09-02 12:16:00,272,272,272,272,0
2022-09-02 12:17:00,272,272,272,272,0
2022-09-02 12:18:00,272,272,272,272,0
2022-09-02 12:19:00,272,272,272,272,0
2022-09-02 12:20:00,272,272,272,272,0
2022-09-02 12:21:00,272,272,272,272,0
2022-09-02 12:22:00,272,272,272,272,0
2022-09-02 12:23:00,272,272,272,272,0
2022-09-02 12:24:00,272,272,272,272,0
2022-09-02 12:25:00,272,272,272,272,0
2022-09-02 12:26:00,272,272,272,272,0
2022-09-02 12:27:00,272,272,272,272,0
2022-09-02 12:28:00,272,272,272,272,0
2022-09-02 12:29:00,272,272,272,272,0
2022-09-02 12:30:00,272,272,272,272,0
2022-09-02 12:31:00,272,272,272,272,0
2022-09-02 12:32:00,272,272,272,272,0
2022-09-02 12:33:00,272,272,272,272,0
2022-09-02 12:34:00,272,272,272,272,0
2022-09-02 12:35:00,272,272,272,272,0
2022-09-02 12:36:00,272,272,272,272,0
2022-09-02 12:37:00,272,272,272,272,0
2022-09-02 12:38:00,272,272,272,272,0
2022-09-02 12:39:00,272,272,272,272,0
2022-09-02 12:40:00,272,272,272,272,0
2022-09-02 12:41:00,272,272,272,272,0
2022-09-02 12:42:00,272,272,272,272,0
2022-09-02 12:43:00,272,272,272,272,0
2022-09-02 12:44:00,272,272,272,272,0
2022-09-02 12:45:00,272,272,272,272,0
2022-09-02 12:46:00,272,272,272,272,0
2022-09-02 12:47:00,272,272,272,272,0
2022-09-02 12:48:00,272,272,272,272,0
2022-09-02 12:49:00,272,272,272,272,0
2022-09-02 12:50:00,272,272,272,272,0
2022-09-02 12:51:00,272,272,272,272,0
2022-09-02 12:52:00,272,272,272,272,0
2022-09-02 12:53:00,272,272,272,272,0
2022-09-02 12:54:00,272,272,272,272,0
2022-09-02 12:55:00,272,272,272,272,0
2022-09-02 12:56:00,272,272,272,272,0
2022-09-02 12:57:00,272,272,272,272,0
2022-09-02 12:58:00,272,272,272,272,0
2022-09-02 12:59:00,272,272,272,272,0
2022-09-02 13:00:00,272,272,272,272,0
2022-09-02 13:01:00,272,272,272,272,0
2022-09-02 13:02:00,272,272,272,272,0
2022-09-02 13:03:00,272,272,272,272,0
2022-09-02 13:04:00,272,272,272,272,0
2022-09-02 13:05:00,272,272,272,272,0
2022-09-02 13:06:00,272,272,272,272,0
2022-09-02 13:07:00,272,272,272,272,0
2022-09-02 13:08:00,272,272,272,272,0
2022-09-02 13:09:00,272,272,272,272,0
2022-09-02 13:10:00,272,272,272,272,0
2022-09-02 13:11:00,272,272,272,272,0
2022-09-02 13:12:00,272,272,272,272,0
2022-09-02 13:13:00,272,272,272,272,0
2022-09-02 13:14:00,272,272,272,272,0
2022-09-02 13:15:00,272,272,272,272,0
2022-09-02 13:16:00,272,272,272,272,0
2022-09-02 13:17:00,272,272,272,272,0
2022-09-02 13:18:00,272,272,272,272,0
2022-09-02 13:19:00,272,272,272,272,0
2022-09-02 13:20:00,272,272,272,272,0
2022-09-02 13:21:00,272,272,272,272,0
2022-09-02 13:22:00,272,272,272,272,0
2022-09-02 13:23:00,272,272,272,272,0
2022-09-02 13:24:00,272,272,272,272,0
2022-09-02 13:25:00,272,272,272,272,0
2022-09-02 13:26:00,272,272,272,272,0
2022-09-02 13:27:00,272,272,272,272,0
2022-09-02 13:28:00,272,272,272,272,0
2022-09-02 13:29:00,272,272,272,272,0
2022-09-02 13:30:00,272,272,272,272,1700
2022-09-02 13:31:00,272,272,272,272,0
2022-09-02 13:32:00,272,272,272,272,0
2022-09-02 13:33:00,272,272,272,272,0
2022-09-02 13:34:00,272,272,272,272,0
2022-09-02 13:35:00,272,272,272,272,0
2022-09-02 13:36:00,274,274,276,276,1000
2022-09-02 13:37:00,274,274,276,276,0
2022-09-02 13:38:00,274,274,276,276,0
2022-09-02 13:39:00,274,274,276,276,0
2022-09-02 13:40:00,274,274,276,276,0
2022-09-02 13:41:00,274,274,274,274,600
2022-09-02 13:42:00,272,272,272,272,1300
2022-09-02 13:43:00,272,272,272,272,0
2022-09-02 13:44:00,272,272,272,272,0
2022-09-02 13:45:00,272,272,272,272,0
2022-09-02 13:46:00,272,272,272,272,0
2022-09-02 13:47:00,272,272,272,272,0
2022-09-02 13:48:00,272,272,272,272,0
2022-09-02 13:49:00,272,272,272,272,0
2022-09-02 13:50:00,272,272,272,272,0
2022-09-02 13:51:00,272,272,272,272,0
2022-09-02 13:52:00,272,272,272,272,0
2022-09-02 13:53:00,272,272,272,272,0
2022-09-02 13:54:00,272,272,272,272,0
2022-09-02 13:55:00,272,272,272,272,0
2022-09-02 13:56:00,272,272,272,272,0
2022-09-02 13:57:00,272,272,272,272,0
2022-09-02 13:58:00,272,272,272,272,0
2022-09-02 13:59:00,272,272,272,272,0
2022-09-02 14:00:00,272,272,272,272,0
2022-09-02 14:01:00,272,272,272,272,0
2022-09-02 14:02:00,272,272,272,272,0
2022-09-02 14:03:00,272,272,272,272,0
2022-09-02 14:04:00,272,272,272,272,0
2022-09-02 14:05:00,272,272,272,272,0
2022-09-02 14:06:00,272,272,272,272,600
2022-09-02 14:07:00,272,272,272,272,0
2022-09-02 14:08:00,272,272,272,272,0
2022-09-02 14:09:00,272,272,272,272,100
2022-09-02 14:10:00,272,272,272,272,0
2022-09-02 14:11:00,272,272,272,272,0
2022-09-02 14:12:00,272,272,272,272,0
2022-09-02 14:13:00,272,272,272,272,0
2022-09-02 14:14:00,272,272,272,272,0
2022-09-02 14:15:00,272,272,272,272,0
2022-09-02 14:16:00,272,272,272,272,0
2022-09-02 14:17:00,272,272,272,272,0
2022-09-02 14:18:00,272,272,272,272,0
2022-09-02 14:19:00,272,272,272,272,0
2022-09-02 14:20:00,272,272,272,272,0
2022-09-02 14:21:00,272,272,272,272,20100
2022-09-02 14:22:00,272,272,272,272,0
2022-09-02 14:23:00,272,272,272,272,0
2022-09-02 14:24:00,270,268,270,268,21300
2022-09-02 14:25:00,270,268,270,268,0
2022-09-02 14:26:00,270,268,270,268,0
2022-09-02 14:27:00,270,268,270,268,0
2022-09-02 14:28:00,270,268,270,268,0
2022-09-02 14:29:00,270,268,270,268,0
2022-09-02 14:30:00,268,268,268,268,2200
2022-09-02 14:31:00,266,264,266,264,17800
2022-09-02 14:32:00,266,264,266,264,0
2022-09-02 14:33:00,266,264,266,264,0
2022-09-02 14:34:00,266,264,266,264,0
2022-09-02 14:35:00,266,264,266,264,0
2022-09-02 14:36:00,266,264,266,264,0
2022-09-02 14:37:00,266,264,266,264,0
2022-09-02 14:38:00,266,264,266,264,0
2022-09-02 14:39:00,266,264,266,264,0
2022-09-02 14:40:00,266,264,266,264,0
2022-09-02 14:41:00,266,264,266,264,0
2022-09-02 14:42:00,266,264,266,264,0
2022-09-02 14:43:00,266,264,266,264,0
2022-09-02 14:44:00,266,264,266,264,0
2022-09-02 14:45:00,266,264,266,264,0
2022-09-02 14:46:00,266,264,266,264,0
2022-09-02 14:47:00,266,264,266,264,0
2022-09-02 14:48:00,266,266,266,266,1000
2022-09-02 14:49:00,274,274,274,274,0
2022-09-02 14:50:00,274,274,274,274,0
2022-09-02 14:51:00,274,274,274,274,0
2022-09-02 14:52:00,274,274,274,274,0
2022-09-02 14:53:00,274,274,274,274,0
2022-09-02 14:54:00,274,274,274,274,0
2022-09-02 14:55:00,274,274,274,274,0
2022-09-02 14:56:00,274,274,274,274,0
2022-09-02 14:57:00,274,274,274,274,0
2022-09-02 14:58:00,274,274,274,274,0
2022-09-02 14:59:00,274,274,274,274,0
2022-09-02 15:00:00,274,274,274,274,1100
2022-09-02 15:01:00,274,274,274,274,0
2022-09-02 15:02:00,274,274,274,274,0
2022-09-02 15:03:00,274,274,274,274,0
2022-09-02 15:04:00,274,274,274,274,0
2022-09-02 15:05:00,274,274,274,274,6000
2022-09-02 15:06:00,274,274,274,274,0
2022-09-02 15:07:00,274,274,274,274,0
2022-09-02 15:08:00,274,274,274,274,0
2022-09-02 15:09:00,274,274,274,274,0
2022-09-02 15:10:00,274,274,274,274,0
2022-09-02 15:11:00,274,274,274,274,0
2022-09-02 15:12:00,274,274,274,274,0
2022-09-02 15:13:00,274,274,274,274,0
2022-09-02 15:14:00,274,274,274,274,0
2022-09-02 15:15:00,274,274,274,274,0
2022-09-02 15:16:00,274,274,274,274,0
2022-09-02 15:17:00,274,274,274,274,0
2022-09-02 15:18:00,274,274,274,274,0
2022-09-02 15:19:00,274,274,274,274,0
2022-09-02 15:20:00,274,274,274,274,0
2022-09-02 15:21:00,274,274,274,274,0
2022-09-02 15:22:00,274,274,274,274,0
2022-09-02 15:23:00,274,274,274,274,0
2022-09-02 15:24:00,274,274,274,274,0
2022-09-02 15:25:00,274,274,274,274,0
2022-09-02 15:26:00,274,274,274,274,0
2022-09-02 15:27:00,274,274,274,274,0
2022-09-02 15:28:00,274,274,274,274,0
2022-09-02 15:29:00,274,274,274,274,0
2022-09-02 15:30:00,274,274,274,274,0
2022-09-02 15:31:00,274,274,274,274,0
2022-09-02 15:32:00,274,274,274,274,0
2022-09-02 15:33:00,274,274,274,274,0
2022-09-02 15:34:00,274,274,274,274,0
2022-09-02 15:35:00,274,274,274,274,0
2022-09-02 15:36:00,274,274,274,274,0
2022-09-02 15:37:00,274,274,274,274,0
2022-09-02 15:38:00,274,274,274,274,0
2022-09-02 15:39:00,274,274,274,274,0
2022-09-02 15:40:00,274,274,274,274,0
2022-09-02 15:41:00,274,274,274,274,0
2022-09-02 15:42:00,274,274,274,274,0
2022-09-02 15:43:00,274,274,274,274,0
2022-09-02 15:44:00,274,274,274,274,0
2022-09-02 15:45:00,274,274,274,274,0
2022-09-02 15:46:00,274,274,274,274,0
2022-09-02 15:47:00,274,274,274,274,0
2022-09-02 15:48:00,274,274,274,274,0
2022-09-02 15:49:00,274,274,274,274,0
2022-09-02 15:50:00,274,274,274,274,0
2022-09-02 15:51:00,274,274,274,274,0
2022-09-02 15:52:00,274,274,274,274,0
2022-09-02 15:53:00,274,274,274,274,0
2022-09-02 15:54:00,274,274,274,274,0
2022-09-02 15:55:00,274,274,274,274,0
2022-09-02 15:56:00,274,274,274,274,0
2022-09-02 15:57:00,274,274,274,274,0
2022-09-02 15:58:00,274,274,274,274,0
2022-09-02 15:59:00,274,274,274,274,0
2022-09-05 09:00:00,278,276,278,276,0
2022-09-05 09:01:00,278,276,278,276,0
2022-09-05 09:02:00,278,278,278,278,1300
2022-09-05 09:03:00,278,278,278,278,100
2022-09-05 09:04:00,278,278,278,278,3700
2022-09-05 09:05:00,278,278,278,278,0
2022-09-05 09:06:00,278,278,278,278,0
2022-09-05 09:07:00,278,278,278,278,0
2022-09-05 09:08:00,278,278,278,278,0
2022-09-05 09:09:00,274,274,274,274,600
2022-09-05 09:10:00,274,274,274,274,0
2022-09-05 09:11:00,274,272,274,272,7500
2022-09-05 09:12:00,274,272,274,272,0
2022-09-05 09:13:00,274,272,274,272,0
2022-09-05 09:14:00,274,272,274,272,0
2022-09-05 09:15:00,274,272,274,272,0
2022-09-05 09:16:00,274,272,274,272,0
2022-09-05 09:17:00,274,272,274,272,0
2022-09-05 09:18:00,274,272,274,272,0
2022-09-05 09:19:00,270,270,270,270,9500
2022-09-05 09:20:00,270,270,270,270,0
2022-09-05 09:21:00,268,268,268,268,4900
2022-09-05 09:22:00,268,268,268,268,0
2022-09-05 09:23:00,268,268,268,268,0
2022-09-05 09:24:00,268,268,268,268,0
2022-09-05 09:25:00,268,268,268,268,0
2022-09-05 09:26:00,268,268,268,268,0
2022-09-05 09:27:00,268,268,268,268,0
2022-09-05 09:28:00,268,268,268,268,1100
2022-09-05 09:29:00,268,268,268,268,0
2022-09-05 09:30:00,268,268,268,268,0
2022-09-05 09:31:00,268,268,268,268,100
2022-09-05 09:32:00,268,268,268,268,0
2022-09-05 09:33:00,268,268,268,268,0
2022-09-05 09:34:00,266,266,266,266,4700
2022-09-05 09:35:00,268,268,268,268,0
2022-09-05 09:36:00,268,268,268,268,0
2022-09-05 09:37:00,268,268,268,268,0
2022-09-05 09:38:00,268,268,268,268,0
2022-09-05 09:39:00,268,268,268,268,0
2022-09-05 09:40:00,268,268,268,268,0
2022-09-05 09:41:00,270,270,270,270,10000
2022-09-05 09:42:00,270,270,270,270,0
2022-09-05 09:43:00,270,270,270,270,0
2022-09-05 09:44:00,268,268,268,268,0
2022-09-05 09:45:00,266,266,266,266,3400
2022-09-05 09:46:00,268,268,268,268,3300
2022-09-05 09:47:00,268,268,268,268,0
2022-09-05 09:48:00,268,268,268,268,0
2022-09-05 09:49:00,270,270,270,270,5900
2022-09-05 09:50:00,270,270,270,270,0
2022-09-05 09:51:00,270,270,270,270,0
2022-09-05 09:52:00,270,270,270,270,0
2022-09-05 09:53:00,270,270,270,270,200
2022-09-05 09:54:00,270,270,270,270,0
2022-09-05 09:55:00,270,270,270,270,0
2022-09-05 09:56:00,270,270,270,270,0
2022-09-05 09:57:00,270,270,270,270,0
2022-09-05 09:58:00,270,270,270,270,0
2022-09-05 09:59:00,270,270,270,270,500
2022-09-05 10:00:00,270,270,270,270,0
2022-09-05 10:01:00,270,270,270,270,0
2022-09-05 10:02:00,270,270,270,270,0
2022-09-05 10:03:00,270,270,270,270,0
2022-09-05 10:04:00,270,270,270,270,0
2022-09-05 10:05:00,270,270,270,270,0
2022-09-05 10:06:00,270,270,270,270,0
2022-09-05 10:07:00,270,270,270,270,0
2022-09-05 10:08:00,270,270,270,270,0
2022-09-05 10:09:00,270,270,270,270,0
2022-09-05 10:10:00,270,270,270,270,0
2022-09-05 10:11:00,270,270,270,270,0
2022-09-05 10:12:00,270,270,270,270,0
2022-09-05 10:13:00,270,270,270,270,100
2022-09-05 10:14:00,270,270,270,270,0
2022-09-05 10:15:00,270,270,270,270,0
2022-09-05 10:16:00,270,270,270,270,0
2022-09-05 10:17:00,270,270,270,270,0
2022-09-05 10:18:00,270,270,270,270,0
2022-09-05 10:19:00,270,270,270,270,0
2022-09-05 10:20:00,270,270,270,270,0
2022-09-05 10:21:00,270,270,270,270,0
2022-09-05 10:22:00,270,270,270,270,0
2022-09-05 10:23:00,270,270,270,270,0
2022-09-05 10:24:00,270,270,270,270,0
2022-09-05 10:25:00,270,270,270,270,0
2022-09-05 10:26:00,270,270,270,270,0
2022-09-05 10:27:00,270,270,270,270,0
2022-09-05 10:28:00,270,270,270,270,0
2022-09-05 10:29:00,270,270,270,270,0
2022-09-05 10:30:00,274,274,274,274,500
2022-09-05 10:31:00,274,274,274,274,0
2022-09-05 10:32:00,274,274,274,274,0
2022-09-05 10:33:00,274,274,274,274,0
2022-09-05 10:34:00,274,274,274,274,0
2022-09-05 10:35:00,274,274,274,274,0
2022-09-05 10:36:00,274,274,274,274,0
2022-09-05 10:37:00,274,274,274,274,0
2022-09-05 10:38:00,274,274,274,274,0
2022-09-05 10:39:00,274,274,274,274,0
2022-09-05 10:40:00,274,274,274,274,0
2022-09-05 10:41:00,274,274,274,274,600
2022-09-05 10:42:00,274,274,274,274,0
2022-09-05 10:43:00,274,274,274,274,0
2022-09-05 10:44:00,274,274,274,274,0
2022-09-05 10:45:00,274,274,274,274,0
2022-09-05 10:46:00,274,274,274,274,0
2022-09-05 10:47:00,276,276,276,276,2300
2022-09-05 10:48:00,276,276,276,276,0
2022-09-05 10:49:00,276,276,276,276,0
2022-09-05 10:50:00,276,276,276,276,0
2022-09-05 10:51:00,276,276,276,276,0
2022-09-05 10:52:00,276,276,276,276,0
2022-09-05 10:53:00,276,276,276,276,0
2022-09-05 10:54:00,276,276,276,276,0
2022-09-05 10:55:00,276,276,276,276,0
2022-09-05 10:56:00,274,274,274,274,0
2022-09-05 10:57:00,274,274,274,274,0
2022-09-05 10:58:00,274,274,274,274,0
2022-09-05 10:59:00,274,274,274,274,0
2022-09-05 11:00:00,274,274,274,274,0
2022-09-05 11:01:00,274,274,274,274,0
2022-09-05 11:02:00,274,274,274,274,0
2022-09-05 11:03:00,274,274,274,274,0
2022-09-05 11:04:00,274,274,274,274,0
2022-09-05 11:05:00,274,274,274,274,0
2022-09-05 11:06:00,274,274,274,274,0
2022-09-05 11:07:00,274,274,274,274,0
2022-09-05 11:08:00,274,274,274,274,0
2022-09-05 11:09:00,274,274,274,274,0
2022-09-05 11:10:00,274,274,274,274,0
2022-09-05 11:11:00,274,274,274,274,0
2022-09-05 11:12:00,274,274,274,274,0
2022-09-05 11:13:00,274,274,274,274,0
2022-09-05 11:14:00,274,274,274,274,0
2022-09-05 11:15:00,274,274,274,274,0
2022-09-05 11:16:00,276,276,276,276,500
2022-09-05 11:17:00,276,276,276,276,0
2022-09-05 11:18:00,276,276,276,276,0
2022-09-05 11:19:00,276,276,276,276,0
2022-09-05 11:20:00,276,276,276,276,0
2022-09-05 11:21:00,276,276,276,276,1300
2022-09-05 11:22:00,276,276,276,276,0
2022-09-05 11:23:00,276,276,276,276,0
2022-09-05 11:24:00,276,276,276,276,0
2022-09-05 11:25:00,276,276,276,276,0
2022-09-05 11:26:00,276,276,276,276,0
2022-09-05 11:27:00,276,276,276,276,0
2022-09-05 11:28:00,276,276,276,276,0
2022-09-05 11:29:00,276,276,276,276,0
2022-09-05 11:30:00,276,276,276,276,0
2022-09-05 11:31:00,276,276,276,276,0
2022-09-05 11:32:00,276,276,276,276,0
2022-09-05 11:33:00,276,276,276,276,0
2022-09-05 11:34:00,276,276,276,276,0
2022-09-05 11:35:00,276,276,276,276,0
2022-09-05 11:36:00,276,276,276,276,0
2022-09-05 11:37:00,276,276,276,276,0
2022-09-05 11:38:00,276,276,276,276,0
2022-09-05 11:39:00,276,276,276,276,0
2022-09-05 11:40:00,276,276,276,276,0
2022-09-05 11:41:00,276,276,276,276,0
2022-09-05 11:42:00,276,276,276,276,0
2022-09-05 11:43:00,276,276,276,276,0
2022-09-05 11:44:00,276,276,276,276,0
2022-09-05 11:45:00,276,276,276,276,0
2022-09-05 11:46:00,276,276,276,276,0
2022-09-05 11:47:00,276,276,276,276,0
2022-09-05 11:48:00,276,276,276,276,0
2022-09-05 11:49:00,276,276,276,276,0
2022-09-05 11:50:00,276,276,276,276,0
2022-09-05 11:51:00,276,276,276,276,0
2022-09-05 11:52:00,276,276,276,276,0
2022-09-05 11:53:00,276,276,276,276,0
2022-09-05 11:54:00,276,276,276,276,0
2022-09-05 11:55:00,276,276,276,276,0
2022-09-05 11:56:00,276,276,276,276,0
2022-09-05 11:57:00,276,276,276,276,0
2022-09-05 11:58:00,276,276,276,276,0
2022-09-05 11:59:00,276,276,276,276,0
2022-09-05 12:00:00,276,276,276,276,0
2022-09-05 12:01:00,276,276,276,276,0
2022-09-05 12:02:00,276,276,276,276,0
2022-09-05 12:03:00,276,276,276,276,0
2022-09-05 12:04:00,276,276,276,276,0
2022-09-05 12:05:00,276,276,276,276,0
2022-09-05 12:06:00,276,276,276,276,0
2022-09-05 12:07:00,276,276,276,276,0
2022-09-05 12:08:00,276,276,276,276,0
2022-09-05 12:09:00,276,276,276,276,0
2022-09-05 12:10:00,276,276,276,276,0
2022-09-05 12:11:00,276,276,276,276,0
2022-09-05 12:12:00,276,276,276,276,0
2022-09-05 12:13:00,276,276,276,276,0
2022-09-05 12:14:00,276,276,276,276,0
2022-09-05 12:15:00,276,276,276,276,0
2022-09-05 12:16:00,276,276,276,276,0
2022-09-05 12:17:00,276,276,276,276,0
2022-09-05 12:18:00,276,276,276,276,0
2022-09-05 12:19:00,276,276,276,276,0
2022-09-05 12:20:00,276,276,276,276,0
2022-09-05 12:21:00,276,276,276,276,0
2022-09-05 12:22:00,276,276,276,276,0
2022-09-05 12:23:00,276,276,276,276,0
2022-09-05 12:24:00,276,276,276,276,0
2022-09-05 12:25:00,276,276,276,276,0
2022-09-05 12:26:00,276,276,276,276,0
2022-09-05 12:27:00,276,276,276,276,0
2022-09-05 12:28:00,276,276,276,276,0
2022-09-05 12:29:00,276,276,276,276,0
2022-09-05 12:30:00,276,276,276,276,0
2022-09-05 12:31:00,276,276,276,276,0
2022-09-05 12:32:00,276,276,276,276,0
2022-09-05 12:33:00,276,276,276,276,0
2022-09-05 12:34:00,276,276,276,276,0
2022-09-05 12:35:00,276,276,276,276,0
2022-09-05 12:36:00,276,276,276,276,0
2022-09-05 12:37:00,276,276,276,276,0
2022-09-05 12:38:00,276,276,276,276,0
2022-09-05 12:39:00,276,276,276,276,0
2022-09-05 12:40:00,276,276,276,276,0
2022-09-05 12:41:00,276,276,276,276,0
2022-09-05 12:42:00,276,276,276,276,0
2022-09-05 12:43:00,276,276,276,276,0
2022-09-05 12:44:00,276,276,276,276,0
2022-09-05 12:45:00,276,276,276,276,0
2022-09-05 12:46:00,276,276,276,276,0
2022-09-05 12:47:00,276,276,276,276,0
2022-09-05 12:48:00,276,276,276,276,0
2022-09-05 12:49:00,276,276,276,276,0
2022-09-05 12:50:00,276,276,276,276,0
2022-09-05 12:51:00,276,276,276,276,0
2022-09-05 12:52:00,276,276,276,276,0
2022-09-05 12:53:00,276,276,276,276,0
2022-09-05 12:54:00,276,276,276,276,0
2022-09-05 12:55:00,276,276,276,276,0
2022-09-05 12:56:00,276,276,276,276,0
2022-09-05 12:57:00,276,276,276,276,0
2022-09-05 12:58:00,276,276,276,276,0
2022-09-05 12:59:00,276,276,276,276,0
2022-09-05 13:00:00,276,276,276,276,0
2022-09-05 13:01:00,276,276,276,276,0
2022-09-05 13:02:00,276,276,276,276,0
2022-09-05 13:03:00,276,276,276,276,0
2022-09-05 13:04:00,276,276,276,276,0
2022-09-05 13:05:00,276,276,276,276,0
2022-09-05 13:06:00,276,276,276,276,0
2022-09-05 13:07:00,276,276,276,276,0
2022-09-05 13:08:00,276,276,276,276,0
2022-09-05 13:09:00,276,276,276,276,0
2022-09-05 13:10:00,276,276,276,276,0
2022-09-05 13:11:00,276,276,276,276,0
2022-09-05 13:12:00,276,276,276,276,0
2022-09-05 13:13:00,276,276,276,276,0
2022-09-05 13:14:00,276,276,276,276,0
2022-09-05 13:15:00,276,276,276,276,0
2022-09-05 13:16:00,276,276,276,276,0
2022-09-05 13:17:00,276,276,276,276,0
2022-09-05 13:18:00,276,276,276,276,0
2022-09-05 13:19:00,276,276,276,276,0
2022-09-05 13:20:00,276,276,276,276,0
2022-09-05 13:21:00,276,276,276,276,0
2022-09-05 13:22:00,276,276,276,276,0
2022-09-05 13:23:00,276,276,276,276,0
2022-09-05 13:24:00,276,276,276,276,0
2022-09-05 13:25:00,276,276,276,276,0
2022-09-05 13:26:00,276,276,276,276,0
2022-09-05 13:27:00,276,276,276,276,0
2022-09-05 13:28:00,276,276,276,276,0
2022-09-05 13:29:00,276,276,276,276,0
2022-09-05 13:30:00,276,276,276,276,0
2022-09-05 13:31:00,276,276,276,276,0
2022-09-05 13:32:00,276,276,276,276,0
2022-09-05 13:33:00,276,276,276,276,4500
2022-09-05 13:34:00,276,276,276,276,0
2022-09-05 13:35:00,276,276,276,276,0
2022-09-05 13:36:00,276,276,276,276,0
2022-09-05 13:37:00,276,276,276,276,0
2022-09-05 13:38:00,276,276,276,276,0
2022-09-05 13:39:00,276,276,276,276,0
2022-09-05 13:40:00,276,276,276,276,0
2022-09-05 13:41:00,276,276,276,276,0
2022-09-05 13:42:00,276,276,276,276,0
2022-09-05 13:43:00,276,276,276,276,0
2022-09-05 13:44:00,276,276,276,276,0
2022-09-05 13:45:00,276,276,276,276,0
2022-09-05 13:46:00,276,276,276,276,0
2022-09-05 13:47:00,276,276,276,276,0
2022-09-05 13:48:00,276,276,276,276,0
2022-09-05 13:49:00,276,276,276,276,0
2022-09-05 13:50:00,276,276,276,276,0
2022-09-05 13:51:00,276,276,276,276,0
2022-09-05 13:52:00,276,276,276,276,0
2022-09-05 13:53:00,276,276,276,276,0
2022-09-05 13:54:00,276,276,276,276,0
2022-09-05 13:55:00,276,276,276,276,0
2022-09-05 13:56:00,276,276,276,276,0
2022-09-05 13:57:00,276,276,276,276,0
2022-09-05 13:58:00,276,276,276,276,0
2022-09-05 13:59:00,276,276,276,276,0
2022-09-05 14:00:00,276,276,276,276,0
2022-09-05 14:01:00,276,276,276,276,0
2022-09-05 14:02:00,276,276,276,276,0
2022-09-05 14:03:00,274,274,274,274,2000
2022-09-05 14:04:00,274,270,274,270,700
2022-09-05 14:05:00,270,270,270,270,0
2022-09-05 14:06:00,270,270,270,270,0
2022-09-05 14:07:00,270,270,270,270,0
2022-09-05 14:08:00,270,270,270,270,0
2022-09-05 14:09:00,270,270,270,270,0
2022-09-05 14:10:00,270,270,270,270,0
2022-09-05 14:11:00,270,270,270,270,0
2022-09-05 14:12:00,270,270,270,270,0
2022-09-05 14:13:00,270,270,270,270,0
2022-09-05 14:14:00,270,270,270,270,0
2022-09-05 14:15:00,270,270,270,270,0
2022-09-05 14:16:00,270,270,270,270,0
2022-09-05 14:17:00,270,270,270,270,0
2022-09-05 14:18:00,270,270,270,270,0
2022-09-05 14:19:00,270,270,270,270,0
2022-09-05 14:20:00,270,270,270,270,0
2022-09-05 14:21:00,270,270,270,270,0
2022-09-05 14:22:00,270,270,270,270,0
2022-09-05 14:23:00,270,270,270,270,0
2022-09-05 14:24:00,270,270,270,270,0
2022-09-05 14:25:00,270,270,270,270,0
2022-09-05 14:26:00,270,270,270,270,0
2022-09-05 14:27:00,270,270,270,270,0
2022-09-05 14:28:00,270,270,270,270,0
2022-09-05 14:29:00,270,270,270,270,0
2022-09-05 14:30:00,270,270,270,270,0
2022-09-05 14:31:00,270,270,270,270,0
2022-09-05 14:32:00,270,270,270,270,0
2022-09-05 14:33:00,270,270,270,270,0
2022-09-05 14:34:00,270,270,270,270,0
2022-09-05 14:35:00,270,270,270,270,200
2022-09-05 14:36:00,270,270,270,270,0
2022-09-05 14:37:00,270,270,270,270,0
2022-09-05 14:38:00,270,270,270,270,0
2022-09-05 14:39:00,270,270,270,270,0
2022-09-05 14:40:00,270,270,270,270,0
2022-09-05 14:41:00,270,270,270,270,0
2022-09-05 14:42:00,270,260,270,260,32600
2022-09-05 14:43:00,270,260,270,260,0
2022-09-05 14:44:00,270,260,270,260,0
2022-09-05 14:45:00,270,260,270,260,0
2022-09-05 14:46:00,272,272,272,272,0
2022-09-05 14:47:00,272,272,272,272,0
2022-09-05 14:48:00,272,272,272,272,0
2022-09-05 14:49:00,272,272,272,272,0
2022-09-05 14:50:00,272,272,272,272,0
2022-09-05 14:51:00,272,272,272,272,0
2022-09-05 14:52:00,272,272,272,272,0
2022-09-05 14:53:00,272,272,272,272,0
2022-09-05 14:54:00,272,272,272,272,0
2022-09-05 14:55:00,272,272,272,272,0
2022-09-05 14:56:00,272,272,272,272,0
2022-09-05 14:57:00,272,272,272,272,0
2022-09-05 14:58:00,272,272,272,272,0
2022-09-05 14:59:00,272,272,272,272,0
2022-09-05 15:00:00,272,272,272,272,0
2022-09-05 15:01:00,272,272,272,272,0
2022-09-05 15:02:00,272,272,272,272,0
2022-09-05 15:03:00,272,272,272,272,0
2022-09-05 15:04:00,272,272,272,272,0
2022-09-05 15:05:00,272,272,272,272,0
2022-09-05 15:06:00,272,272,272,272,0
2022-09-05 15:07:00,272,272,272,272,0
2022-09-05 15:08:00,272,272,272,272,0
2022-09-05 15:09:00,272,272,272,272,0
2022-09-05 15:10:00,272,272,272,272,0
2022-09-05 15:11:00,272,272,272,272,0
2022-09-05 15:12:00,272,272,272,272,0
2022-09-05 15:13:00,272,272,272,272,0
2022-09-05 15:14:00,272,272,272,272,0
2022-09-05 15:15:00,272,272,272,272,0
2022-09-05 15:16:00,272,272,272,272,0
2022-09-05 15:17:00,272,272,272,272,0
2022-09-05 15:18:00,272,272,272,272,0
2022-09-05 15:19:00,272,272,272,272,0
2022-09-05 15:20:00,272,272,272,272,0
2022-09-05 15:21:00,272,272,272,272,0
2022-09-05 15:22:00,272,272,272,272,0
2022-09-05 15:23:00,272,272,272,272,0
2022-09-05 15:24:00,272,272,272,272,0
2022-09-05 15:25:00,272,272,272,272,0
2022-09-05 15:26:00,272,272,272,272,0
2022-09-05 15:27:00,272,272,272,272,0
2022-09-05 15:28:00,272,272,272,272,0
2022-09-05 15:29:00,272,272,272,272,0
2022-09-05 15:30:00,272,272,272,272,0
2022-09-05 15:31:00,272,272,272,272,0
2022-09-05 15:32:00,272,272,272,272,0
2022-09-05 15:33:00,272,272,272,272,0
2022-09-05 15:34:00,272,272,272,272,0
2022-09-05 15:35:00,272,272,272,272,0
2022-09-05 15:36:00,272,272,272,272,0
2022-09-05 15:37:00,272,272,272,272,0
2022-09-05 15:38:00,272,272,272,272,0
2022-09-05 15:39:00,272,272,272,272,0
2022-09-05 15:40:00,272,272,272,272,0
2022-09-05 15:41:00,272,272,272,272,0
2022-09-05 15:42:00,272,272,272,272,0
2022-09-05 15:43:00,272,272,272,272,0
2022-09-05 15:44:00,272,272,272,272,0
2022-09-05 15:45:00,272,272,272,272,0
2022-09-05 15:46:00,272,272,272,272,0
2022-09-05 15:47:00,272,272,272,272,0
2022-09-05 15:48:00,272,272,272,272,0
2022-09-05 15:49:00,272,272,272,272,0
2022-09-05 15:50:00,272,272,272,272,0
2022-09-05 15:51:00,272,272,272,272,0
2022-09-05 15:52:00,272,272,272,272,0
2022-09-05 15:53:00,272,272,272,272,0
2022-09-05 15:54:00,272,272,272,272,0
2022-09-05 15:55:00,272,272,272,272,0
2022-09-05 15:56:00,272,272,272,272,0
2022-09-05 15:57:00,272,272,272,272,0
2022-09-05 15:58:00,272,272,272,272,0
2022-09-05 15:59:00,272,272,272,272,0
2022-09-06 09:00:00,262,262,262,262,1200
2022-09-06 09:01:00,262,262,262,262,0
2022-09-06 09:02:00,262,262,262,262,0
2022-09-06 09:03:00,262,262,262,262,0
2022-09-06 09:04:00,262,262,262,262,0
2022-09-06 09:05:00,262,262,262,262,0
2022-09-06 09:06:00,262,262,262,262,0
2022-09-06 09:07:00,262,262,262,262,0
2022-09-06 09:08:00,262,262,262,262,4900
2022-09-06 09:09:00,262,262,262,262,0
2022-09-06 09:10:00,262,262,262,262,0
2022-09-06 09:11:00,262,262,262,262,0
2022-09-06 09:12:00,262,262,262,262,0
2022-09-06 09:13:00,262,262,262,262,0
2022-09-06 09:14:00,262,262,262,262,0
2022-09-06 09:15:00,262,262,262,262,0
2022-09-06 09:16:00,262,262,262,262,0
2022-09-06 09:17:00,262,262,262,262,0
2022-09-06 09:18:00,264,264,264,264,200
2022-09-06 09:19:00,264,264,264,264,0
2022-09-06 09:20:00,264,264,264,264,0
2022-09-06 09:21:00,264,258,264,258,15400
2022-09-06 09:22:00,264,258,264,258,0
2022-09-06 09:23:00,264,258,264,258,0
2022-09-06 09:24:00,280,280,280,280,200
2022-09-06 09:25:00,280,280,280,280,0
2022-09-06 09:26:00,280,280,280,280,0
2022-09-06 09:27:00,276,276,278,278,3000
2022-09-06 09:28:00,276,276,278,278,0
2022-09-06 09:29:00,276,276,278,278,0
2022-09-06 09:30:00,276,276,278,278,0
2022-09-06 09:31:00,276,276,278,278,0
2022-09-06 09:32:00,276,276,278,278,0
2022-09-06 09:33:00,276,276,278,278,0
2022-09-06 09:34:00,276,276,278,278,0
2022-09-06 09:35:00,276,276,278,278,0
2022-09-06 09:36:00,276,276,278,278,0
2022-09-06 09:37:00,276,276,278,278,0
2022-09-06 09:38:00,276,276,278,278,0
2022-09-06 09:39:00,276,276,278,278,0
2022-09-06 09:40:00,276,276,278,278,0
2022-09-06 09:41:00,276,276,278,278,0
2022-09-06 09:42:00,276,276,278,278,0
2022-09-06 09:43:00,276,276,278,278,0
2022-09-06 09:44:00,276,276,278,278,0
2022-09-06 09:45:00,276,276,278,278,0
2022-09-06 09:46:00,276,276,278,278,0
2022-09-06 09:47:00,276,276,278,278,0
2022-09-06 09:48:00,264,264,264,264,5800
2022-09-06 09:49:00,264,264,264,264,0
2022-09-06 09:50:00,264,264,264,264,0
2022-09-06 09:51:00,264,264,264,264,0
2022-09-06 09:52:00,264,264,264,264,0
2022-09-06 09:53:00,264,264,264,264,0
2022-09-06 09:54:00,278,278,278,278,200
2022-09-06 09:55:00,278,278,278,278,0
2022-09-06 09:56:00,278,278,278,278,0
2022-09-06 09:57:00,278,278,278,278,0
2022-09-06 09:58:00,278,278,278,278,0
2022-09-06 09:59:00,278,278,278,278,0
2022-09-06 10:00:00,278,278,278,278,0
2022-09-06 10:01:00,278,278,278,278,0
2022-09-06 10:02:00,278,278,278,278,0
2022-09-06 10:03:00,278,278,278,278,0
2022-09-06 10:04:00,278,278,278,278,0
2022-09-06 10:05:00,278,278,278,278,0
2022-09-06 10:06:00,278,278,278,278,0
2022-09-06 10:07:00,278,278,278,278,0
2022-09-06 10:08:00,278,278,278,278,0
2022-09-06 10:09:00,278,278,278,278,0
2022-09-06 10:10:00,278,278,278,278,0
2022-09-06 10:11:00,278,278,278,278,0
2022-09-06 10:12:00,278,278,278,278,0
2022-09-06 10:13:00,278,278,278,278,0
2022-09-06 10:14:00,278,278,278,278,0
2022-09-06 10:15:00,278,278,278,278,0
2022-09-06 10:16:00,278,278,278,278,0
2022-09-06 10:17:00,278,278,278,278,0
2022-09-06 10:18:00,278,278,278,278,0
2022-09-06 10:19:00,278,278,278,278,0
2022-09-06 10:20:00,278,278,278,278,0
2022-09-06 10:21:00,278,278,278,278,0
2022-09-06 10:22:00,278,278,278,278,0
2022-09-06 10:23:00,278,278,278,278,0
2022-09-06 10:24:00,278,278,278,278,0
2022-09-06 10:25:00,266,266,266,266,800
2022-09-06 10:26:00,266,266,266,266,0
2022-09-06 10:27:00,266,266,266,266,0
2022-09-06 10:28:00,266,266,266,266,0
2022-09-06 10:29:00,266,266,266,266,0
2022-09-06 10:30:00,266,266,266,266,0
2022-09-06 10:31:00,266,266,266,266,0
2022-09-06 10:32:00,266,266,266,266,0
2022-09-06 10:33:00,266,266,266,266,0
2022-09-06 10:34:00,266,266,266,266,0
2022-09-06 10:35:00,266,266,266,266,0
2022-09-06 10:36:00,266,266,266,266,0
2022-09-06 10:37:00,266,266,266,266,0
2022-09-06 10:38:00,266,266,266,266,0
2022-09-06 10:39:00,266,266,266,266,0
2022-09-06 10:40:00,266,266,266,266,0
2022-09-06 10:41:00,266,266,266,266,0
2022-09-06 10:42:00,266,266,266,266,0
2022-09-06 10:43:00,266,266,266,266,0
2022-09-06 10:44:00,266,266,266,266,0
2022-09-06 10:45:00,266,266,266,266,0
2022-09-06 10:46:00,266,266,266,266,0
2022-09-06 10:47:00,266,266,266,266,0
2022-09-06 10:48:00,266,266,266,266,0
2022-09-06 10:49:00,266,266,266,266,0
2022-09-06 10:50:00,266,266,266,266,0
2022-09-06 10:51:00,266,266,266,266,0
2022-09-06 10:52:00,266,266,266,266,0
2022-09-06 10:53:00,266,266,266,266,0
2022-09-06 10:54:00,266,266,266,266,0
2022-09-06 10:55:00,266,266,266,266,0
2022-09-06 10:56:00,266,266,266,266,0
2022-09-06 10:57:00,266,266,266,266,0
2022-09-06 10:58:00,266,266,266,266,0
2022-09-06 10:59:00,266,266,266,266,0
2022-09-06 11:00:00,266,266,266,266,0
2022-09-06 11:01:00,266,266,266,266,0
2022-09-06 11:02:00,266,266,266,266,0
2022-09-06 11:03:00,266,266,266,266,0
2022-09-06 11:04:00,266,266,266,266,0
2022-09-06 11:05:00,266,266,266,266,0
2022-09-06 11:06:00,266,266,266,266,0
2022-09-06 11:07:00,266,266,266,266,0
2022-09-06 11:08:00,266,266,266,266,0
2022-09-06 11:09:00,266,266,266,266,0
2022-09-06 11:10:00,266,266,266,266,0
2022-09-06 11:11:00,266,266,266,266,0
2022-09-06 11:12:00,266,266,266,266,0
2022-09-06 11:13:00,266,266,266,266,0
2022-09-06 11:14:00,266,266,266,266,0
2022-09-06 11:15:00,266,266,266,266,0
2022-09-06 11:16:00,266,266,266,266,0
2022-09-06 11:17:00,266,266,266,266,0
2022-09-06 11:18:00,266,266,266,266,0
2022-09-06 11:19:00,266,266,266,266,0
2022-09-06 11:20:00,266,266,266,266,0
2022-09-06 11:21:00,266,266,266,266,0
2022-09-06 11:22:00,266,266,266,266,0
2022-09-06 11:23:00,266,266,266,266,0
2022-09-06 11:24:00,266,266,266,266,0
2022-09-06 11:25:00,266,266,266,266,0
2022-09-06 11:26:00,266,266,266,266,0
2022-09-06 11:27:00,266,266,266,266,0
2022-09-06 11:28:00,266,266,266,266,0
2022-09-06 11:29:00,266,266,266,266,0
2022-09-06 11:30:00,266,266,266,266,0
2022-09-06 11:31:00,266,266,266,266,0
2022-09-06 11:32:00,266,266,266,266,0
2022-09-06 11:33:00,266,266,266,266,0
2022-09-06 11:34:00,266,266,266,266,0
2022-09-06 11:35:00,266,266,266,266,0
2022-09-06 11:36:00,266,266,266,266,0
2022-09-06 11:37:00,266,266,266,266,0
2022-09-06 11:38:00,266,266,266,266,0
2022-09-06 11:39:00,266,266,266,266,0
2022-09-06 11:40:00,266,266,266,266,0
2022-09-06 11:41:00,266,266,266,266,0
2022-09-06 11:42:00,266,266,266,266,0
2022-09-06 11:43:00,266,266,266,266,0
2022-09-06 11:44:00,266,266,266,266,0
2022-09-06 11:45:00,266,266,266,266,0
2022-09-06 11:46:00,266,266,266,266,0
2022-09-06 11:47:00,266,266,266,266,0
2022-09-06 11:48:00,266,266,266,266,0
2022-09-06 11:49:00,266,266,266,266,0
2022-09-06 11:50:00,266,266,266,266,0
2022-09-06 11:51:00,266,266,266,266,0
2022-09-06 11:52:00,266,266,266,266,0
2022-09-06 11:53:00,266,266,266,266,0
2022-09-06 11:54:00,266,266,266,266,0
2022-09-06 11:55:00,266,266,266,266,0
2022-09-06 11:56:00,266,266,266,266,0
2022-09-06 11:57:00,266,266,266,266,0
2022-09-06 11:58:00,266,266,266,266,0
2022-09-06 11:59:00,266,266,266,266,0
2022-09-06 12:00:00,266,266,266,266,0
2022-09-06 12:01:00,266,266,266,266,0
2022-09-06 12:02:00,266,266,266,266,0
2022-09-06 12:03:00,266,266,266,266,0
2022-09-06 12:04:00,266,266,266,266,0
2022-09-06 12:05:00,266,266,266,266,0
2022-09-06 12:06:00,266,266,266,266,0
2022-09-06 12:07:00,266,266,266,266,0
2022-09-06 12:08:00,266,266,266,266,0
2022-09-06 12:09:00,266,266,266,266,0
2022-09-06 12:10:00,266,266,266,266,0
2022-09-06 12:11:00,266,266,266,266,0
2022-09-06 12:12:00,266,266,266,266,0
2022-09-06 12:13:00,266,266,266,266,0
2022-09-06 12:14:00,266,266,266,266,0
2022-09-06 12:15:00,266,266,266,266,0
2022-09-06 12:16:00,266,266,266,266,0
2022-09-06 12:17:00,266,266,266,266,0
2022-09-06 12:18:00,266,266,266,266,0
2022-09-06 12:19:00,266,266,266,266,0
2022-09-06 12:20:00,266,266,266,266,0
2022-09-06 12:21:00,266,266,266,266,0
2022-09-06 12:22:00,266,266,266,266,0
2022-09-06 12:23:00,266,266,266,266,0
2022-09-06 12:24:00,266,266,266,266,0
2022-09-06 12:25:00,266,266,266,266,0
2022-09-06 12:26:00,266,266,266,266,0
2022-09-06 12:27:00,266,266,266,266,0
2022-09-06 12:28:00,266,266,266,266,0
2022-09-06 12:29:00,266,266,266,266,0
2022-09-06 12:30:00,266,266,266,266,0
2022-09-06 12:31:00,266,266,266,266,0
2022-09-06 12:32:00,266,266,266,266,0
2022-09-06 12:33:00,266,266,266,266,0
2022-09-06 12:34:00,266,266,266,266,0
2022-09-06 12:35:00,266,266,266,266,0
2022-09-06 12:36:00,266,266,266,266,0
2022-09-06 12:37:00,266,266,266,266,0
2022-09-06 12:38:00,266,266,266,266,0
2022-09-06 12:39:00,266,266,266,266,0
2022-09-06 12:40:00,266,266,266,266,0
2022-09-06 12:41:00,266,266,266,266,0
2022-09-06 12:42:00,266,266,266,266,0
2022-09-06 12:43:00,266,266,266,266,0
2022-09-06 12:44:00,266,266,266,266,0
2022-09-06 12:45:00,266,266,266,266,0
2022-09-06 12:46:00,266,266,266,266,0
2022-09-06 12:47:00,266,266,266,266,0
2022-09-06 12:48:00,266,266,266,266,0
2022-09-06 12:49:00,266,266,266,266,0
2022-09-06 12:50:00,266,266,266,266,0
2022-09-06 12:51:00,266,266,266,266,0
2022-09-06 12:52:00,266,266,266,266,0
2022-09-06 12:53:00,266,266,266,266,0
2022-09-06 12:54:00,266,266,266,266,0
2022-09-06 12:55:00,266,266,266,266,0
2022-09-06 12:56:00,266,266,266,266,0
2022-09-06 12:57:00,266,266,266,266,0
2022-09-06 12:58:00,266,266,266,266,0
2022-09-06 12:59:00,266,266,266,266,0
2022-09-06 13:00:00,266,266,266,266,0
2022-09-06 13:01:00,266,266,266,266,0
2022-09-06 13:02:00,266,266,266,266,0
2022-09-06 13:03:00,266,266,266,266,0
2022-09-06 13:04:00,266,266,266,266,0
2022-09-06 13:05:00,266,266,266,266,0
2022-09-06 13:06:00,266,266,266,266,0
2022-09-06 13:07:00,266,266,266,266,0
2022-09-06 13:08:00,266,266,266,266,0
2022-09-06 13:09:00,266,266,266,266,0
2022-09-06 13:10:00,266,266,266,266,0
2022-09-06 13:11:00,266,266,266,266,0
2022-09-06 13:12:00,266,266,266,266,0
2022-09-06 13:13:00,266,266,266,266,0
2022-09-06 13:14:00,266,266,266,266,0
2022-09-06 13:15:00,266,266,266,266,0
2022-09-06 13:16:00,266,266,266,266,0
2022-09-06 13:17:00,266,266,266,266,0
2022-09-06 13:18:00,266,266,266,266,0
2022-09-06 13:19:00,266,266,266,266,0
2022-09-06 13:20:00,266,266,266,266,0
2022-09-06 13:21:00,266,266,266,266,0
2022-09-06 13:22:00,266,266,266,266,0
2022-09-06 13:23:00,266,266,266,266,0
2022-09-06 13:24:00,266,266,266,266,0
2022-09-06 13:25:00,266,266,266,266,0
2022-09-06 13:26:00,266,266,266,266,0
2022-09-06 13:27:00,266,266,266,266,0
2022-09-06 13:28:00,266,266,266,266,0
2022-09-06 13:29:00,266,266,266,266,0
2022-09-06 13:30:00,266,266,266,266,0
2022-09-06 13:31:00,266,266,266,266,0
2022-09-06 13:32:00,266,266,266,266,0
2022-09-06 13:33:00,266,266,266,266,0
2022-09-06 13:34:00,266,266,266,266,0
2022-09-06 13:35:00,266,266,266,266,0
2022-09-06 13:36:00,266,266,266,266,0
2022-09-06 13:37:00,266,266,266,266,0
2022-09-06 13:38:00,268,268,268,268,100
2022-09-06 13:39:00,268,268,268,268,0
2022-09-06 13:40:00,268,268,268,268,0
2022-09-06 13:41:00,268,268,268,268,0
2022-09-06 13:42:00,268,268,268,268,0
2022-09-06 13:43:00,268,268,268,268,0
2022-09-06 13:44:00,268,268,268,268,0
2022-09-06 13:45:00,268,268,268,268,0
2022-09-06 13:46:00,268,268,268,268,0
2022-09-06 13:47:00,268,268,268,268,0
2022-09-06 13:48:00,268,268,268,268,0
2022-09-06 13:49:00,268,268,268,268,0
2022-09-06 13:50:00,268,268,268,268,13600
2022-09-06 13:51:00,268,268,268,268,15900
2022-09-06 13:52:00,268,268,268,268,0
2022-09-06 13:53:00,268,268,268,268,0
2022-09-06 13:54:00,268,268,268,268,0
2022-09-06 13:55:00,268,268,268,268,0
2022-09-06 13:56:00,266,266,266,266,5800
2022-09-06 13:57:00,266,266,266,266,0
2022-09-06 13:58:00,266,266,266,266,0
2022-09-06 13:59:00,266,266,266,266,0
2022-09-06 14:00:00,266,266,266,266,0
2022-09-06 14:01:00,266,266,266,266,0
2022-09-06 14:02:00,266,266,266,266,0
2022-09-06 14:03:00,266,266,266,266,0
2022-09-06 14:04:00,266,266,266,266,0
2022-09-06 14:05:00,266,266,266,266,0
2022-09-06 14:06:00,266,266,266,266,0
2022-09-06 14:07:00,266,266,266,266,0
2022-09-06 14:08:00,266,266,266,266,0
2022-09-06 14:09:00,266,266,266,266,0
2022-09-06 14:10:00,266,266,266,266,0
2022-09-06 14:11:00,266,266,266,266,0
2022-09-06 14:12:00,266,266,266,266,0
2022-09-06 14:13:00,266,266,266,266,0
2022-09-06 14:14:00,266,266,266,266,0
2022-09-06 14:15:00,266,266,266,266,0
2022-09-06 14:16:00,266,266,266,266,0
2022-09-06 14:17:00,266,266,266,266,0
2022-09-06 14:18:00,266,266,266,266,0
2022-09-06 14:19:00,272,272,272,272,800
2022-09-06 14:20:00,272,272,272,272,0
2022-09-06 14:21:00,272,272,272,272,0
2022-09-06 14:22:00,272,272,272,272,0
2022-09-06 14:23:00,272,272,272,272,0
2022-09-06 14:24:00,272,272,272,272,0
2022-09-06 14:25:00,272,272,272,272,0
2022-09-06 14:26:00,272,272,272,272,0
2022-09-06 14:27:00,272,272,272,272,0
2022-09-06 14:28:00,272,272,272,272,0
2022-09-06 14:29:00,272,272,272,272,0
2022-09-06 14:30:00,272,272,272,272,0
2022-09-06 14:31:00,272,272,272,272,100
2022-09-06 14:32:00,272,272,272,272,0
2022-09-06 14:33:00,272,272,272,272,0
2022-09-06 14:34:00,272,272,272,272,0
2022-09-06 14:35:00,272,272,272,272,0
2022-09-06 14:36:00,272,272,272,272,0
2022-09-06 14:37:00,272,272,272,272,0
2022-09-06 14:38:00,272,272,272,272,0
2022-09-06 14:39:00,272,272,272,272,0
2022-09-06 14:40:00,272,272,272,272,0
2022-09-06 14:41:00,272,272,272,272,0
2022-09-06 14:42:00,272,272,272,272,0
2022-09-06 14:43:00,266,258,266,258,41800
2022-09-06 14:44:00,266,258,266,258,0
2022-09-06 14:45:00,266,258,266,258,0
2022-09-06 14:46:00,266,258,266,258,0
2022-09-06 14:47:00,266,258,266,258,0
2022-09-06 14:48:00,266,258,266,258,0
2022-09-06 14:49:00,270,270,270,270,0
2022-09-06 14:50:00,270,270,270,270,0
2022-09-06 14:51:00,270,270,270,270,0
2022-09-06 14:52:00,270,270,270,270,0
2022-09-06 14:53:00,270,270,270,270,0
2022-09-06 14:54:00,270,270,270,270,0
2022-09-06 14:55:00,270,270,270,270,0
2022-09-06 14:56:00,270,270,270,270,0
2022-09-06 14:57:00,270,270,270,270,0
2022-09-06 14:58:00,270,270,270,270,0
2022-09-06 14:59:00,270,270,270,270,0
2022-09-06 15:00:00,270,270,270,270,0
2022-09-06 15:01:00,270,270,270,270,0
2022-09-06 15:02:00,270,270,270,270,0
2022-09-06 15:03:00,270,270,270,270,0
2022-09-06 15:04:00,270,270,270,270,113100
2022-09-06 15:05:00,270,270,270,270,0
2022-09-06 15:06:00,270,270,270,270,0
2022-09-06 15:07:00,270,270,270,270,0
2022-09-06 15:08:00,270,270,270,270,0
2022-09-06 15:09:00,270,270,270,270,0
2022-09-06 15:10:00,270,270,270,270,0
2022-09-06 15:11:00,270,270,270,270,0
2022-09-06 15:12:00,270,270,270,270,0
2022-09-06 15:13:00,270,270,270,270,0
2022-09-06 15:14:00,270,270,270,270,0
2022-09-06 15:15:00,270,270,270,270,0
2022-09-06 15:16:00,270,270,270,270,0
2022-09-06 15:17:00,270,270,270,270,0
2022-09-06 15:18:00,270,270,270,270,0
2022-09-06 15:19:00,270,270,270,270,0
2022-09-06 15:20:00,270,270,270,270,0
2022-09-06 15:21:00,270,270,270,270,0
2022-09-06 15:22:00,270,270,270,270,0
2022-09-06 15:23:00,270,270,270,270,0
2022-09-06 15:24:00,270,270,270,270,0
2022-09-06 15:25:00,270,270,270,270,0
2022-09-06 15:26:00,270,270,270,270,0
2022-09-06 15:27:00,270,270,270,270,0
2022-09-06 15:28:00,270,270,270,270,0
2022-09-06 15:29:00,270,270,270,270,0
2022-09-06 15:30:00,270,270,270,270,0
2022-09-06 15:31:00,270,270,270,270,0
2022-09-06 15:32:00,270,270,270,270,0
2022-09-06 15:33:00,270,270,270,270,0
2022-09-06 15:34:00,270,270,270,270,0
2022-09-06 15:35:00,270,270,270,270,0
2022-09-06 15:36:00,270,270,270,270,0
2022-09-06 15:37:00,270,270,270,270,0
2022-09-06 15:38:00,270,270,270,270,0
2022-09-06 15:39:00,270,270,270,270,0
2022-09-06 15:40:00,270,270,270,270,0
2022-09-06 15:41:00,270,270,270,270,0
2022-09-06 15:42:00,270,270,270,270,0
2022-09-06 15:43:00,270,270,270,270,0
2022-09-06 15:44:00,270,270,270,270,0
2022-09-06 15:45:00,270,270,270,270,0
2022-09-06 15:46:00,270,270,270,270,0
2022-09-06 15:47:00,270,270,270,270,0
2022-09-06 15:48:00,270,270,270,270,0
2022-09-06 15:49:00,270,270,270,270,0
2022-09-06 15:50:00,270,270,270,270,0
2022-09-06 15:51:00,270,270,270,270,0
2022-09-06 15:52:00,270,270,270,270,0
2022-09-06 15:53:00,270,270,270,270,0
2022-09-06 15:54:00,270,270,270,270,0
2022-09-06 15:55:00,270,270,270,270,0
2022-09-06 15:56:00,270,270,270,270,0
2022-09-06 15:57:00,270,270,270,270,0
2022-09-06 15:58:00,270,270,270,270,0
2022-09-06 15:59:00,270,270,270,270,0
2022-09-07 09:00:00,270,270,270,270,0
2022-09-07 09:01:00,270,270,270,270,0
2022-09-07 09:02:00,270,270,270,270,0
2022-09-07 09:03:00,270,270,270,270,0
2022-09-07 09:04:00,270,270,270,270,0
2022-09-07 09:05:00,270,270,270,270,0
2022-09-07 09:06:00,270,262,270,262,0
2022-09-07 09:07:00,270,262,270,262,0
2022-09-07 09:08:00,264,264,264,264,3900
2022-09-07 09:09:00,264,264,264,264,0
2022-09-07 09:10:00,264,264,264,264,0
2022-09-07 09:11:00,264,262,264,262,5900
2022-09-07 09:12:00,264,262,264,262,0
2022-09-07 09:13:00,264,262,264,262,0
2022-09-07 09:14:00,262,262,262,262,800
2022-09-07 09:15:00,260,260,260,260,9300
2022-09-07 09:16:00,260,260,260,260,0
2022-09-07 09:17:00,260,260,260,260,0
2022-09-07 09:18:00,260,260,260,260,0
2022-09-07 09:19:00,260,260,260,260,0
2022-09-07 09:20:00,260,260,260,260,0
2022-09-07 09:21:00,270,270,270,270,0
2022-09-07 09:22:00,270,270,270,270,0
2022-09-07 09:23:00,270,270,270,270,0
2022-09-07 09:24:00,270,270,270,270,0
2022-09-07 09:25:00,270,270,270,270,0
2022-09-07 09:26:00,270,270,270,270,0
2022-09-07 09:27:00,270,270,270,270,0
2022-09-07 09:28:00,270,270,270,270,0
2022-09-07 09:29:00,270,270,270,270,0
2022-09-07 09:30:00,270,270,270,270,0
2022-09-07 09:31:00,270,270,270,270,0
2022-09-07 09:32:00,270,270,270,270,0
2022-09-07 09:33:00,270,270,270,270,0
2022-09-07 09:34:00,270,270,270,270,0
2022-09-07 09:35:00,262,262,262,262,100
2022-09-07 09:36:00,262,262,262,262,0
2022-09-07 09:37:00,262,262,262,262,0
2022-09-07 09:38:00,262,262,262,262,0
2022-09-07 09:39:00,262,262,262,262,0
2022-09-07 09:40:00,262,262,262,262,0
2022-09-07 09:41:00,262,262,262,262,0
2022-09-07 09:42:00,262,262,262,262,0
2022-09-07 09:43:00,262,262,262,262,0
2022-09-07 09:44:00,262,262,262,262,0
2022-09-07 09:45:00,262,262,262,262,0
2022-09-07 09:46:00,262,262,262,262,0
2022-09-07 09:47:00,262,262,262,262,0
2022-09-07 09:48:00,270,270,270,270,1100
2022-09-07 09:49:00,272,272,272,272,2100
2022-09-07 09:50:00,270,270,270,270,0
2022-09-07 09:51:00,270,270,270,270,0
2022-09-07 09:52:00,270,270,270,270,0
2022-09-07 09:53:00,270,270,270,270,0
2022-09-07 09:54:00,270,270,270,270,0
2022-09-07 09:55:00,270,270,270,270,0
2022-09-07 09:56:00,270,270,270,270,0
2022-09-07 09:57:00,270,270,270,270,0
2022-09-07 09:58:00,270,270,272,272,1400
2022-09-07 09:59:00,270,270,272,272,0
2022-09-07 10:00:00,270,270,272,272,0
2022-09-07 10:01:00,270,270,272,272,0
2022-09-07 10:02:00,270,270,272,272,0
2022-09-07 10:03:00,270,270,272,272,0
2022-09-07 10:04:00,270,270,272,272,0
2022-09-07 10:05:00,270,270,272,272,0
2022-09-07 10:06:00,270,270,272,272,0
2022-09-07 10:07:00,270,270,272,272,0
2022-09-07 10:08:00,270,270,272,272,0
2022-09-07 10:09:00,270,270,272,272,0
2022-09-07 10:10:00,270,270,272,272,0
2022-09-07 10:11:00,270,270,272,272,0
2022-09-07 10:12:00,270,270,272,272,0
2022-09-07 10:13:00,270,270,272,272,0
2022-09-07 10:14:00,270,270,272,272,0
2022-09-07 10:15:00,270,270,272,272,0
2022-09-07 10:16:00,270,270,272,272,0
2022-09-07 10:17:00,270,270,272,272,0
2022-09-07 10:18:00,270,270,272,272,0
2022-09-07 10:19:00,270,270,272,272,0
2022-09-07 10:20:00,270,270,272,272,0
2022-09-07 10:21:00,270,270,272,272,0
2022-09-07 10:22:00,270,270,272,272,0
2022-09-07 10:23:00,270,270,272,272,0
2022-09-07 10:24:00,272,272,272,272,200
2022-09-07 10:25:00,266,266,266,266,0
2022-09-07 10:26:00,266,266,266,266,0
2022-09-07 10:27:00,266,266,266,266,200
2022-09-07 10:28:00,266,266,266,266,0
2022-09-07 10:29:00,266,266,266,266,0
2022-09-07 10:30:00,266,266,266,266,0
2022-09-07 10:31:00,266,266,266,266,100
2022-09-07 10:32:00,266,266,266,266,0
2022-09-07 10:33:00,266,266,266,266,0
2022-09-07 10:34:00,266,266,266,266,0
2022-09-07 10:35:00,266,266,266,266,0
2022-09-07 10:36:00,266,266,266,266,0
2022-09-07 10:37:00,266,266,266,266,0
2022-09-07 10:38:00,266,266,266,266,0
2022-09-07 10:39:00,266,266,266,266,0
2022-09-07 10:40:00,266,266,266,266,0
2022-09-07 10:41:00,266,266,266,266,0
2022-09-07 10:42:00,266,266,266,266,0
2022-09-07 10:43:00,266,266,270,270,200
2022-09-07 10:44:00,266,266,270,270,0
2022-09-07 10:45:00,266,266,270,270,0
2022-09-07 10:46:00,266,266,270,270,0
2022-09-07 10:47:00,266,266,270,270,0
2022-09-07 10:48:00,266,266,270,270,0
2022-09-07 10:49:00,266,266,270,270,0
2022-09-07 10:50:00,266,266,270,270,0
2022-09-07 10:51:00,266,266,270,270,0
2022-09-07 10:52:00,266,266,270,270,0
2022-09-07 10:53:00,266,266,270,270,0
2022-09-07 10:54:00,266,266,270,270,0
2022-09-07 10:55:00,270,270,272,272,10600
2022-09-07 10:56:00,270,270,272,272,0
2022-09-07 10:57:00,274,274,276,276,2800
2022-09-07 10:58:00,274,274,276,276,0
2022-09-07 10:59:00,274,274,276,276,0
2022-09-07 11:00:00,274,274,276,276,0
2022-09-07 11:01:00,274,274,276,276,0
2022-09-07 11:02:00,274,272,274,272,1800
2022-09-07 11:03:00,274,272,274,272,0
2022-09-07 11:04:00,274,272,274,272,0
2022-09-07 11:05:00,272,272,272,272,600
2022-09-07 11:06:00,272,272,272,272,0
2022-09-07 11:07:00,272,272,272,272,0
2022-09-07 11:08:00,272,272,272,272,0
2022-09-07 11:09:00,272,272,272,272,0
2022-09-07 11:10:00,272,272,272,272,0
2022-09-07 11:11:00,272,272,272,272,0
2022-09-07 11:12:00,272,272,272,272,0
2022-09-07 11:13:00,272,272,272,272,0
2022-09-07 11:14:00,272,272,272,272,0
2022-09-07 11:15:00,272,272,272,272,0
2022-09-07 11:16:00,272,272,272,272,0
2022-09-07 11:17:00,268,266,268,266,8300
2022-09-07 11:18:00,268,266,268,266,0
2022-09-07 11:19:00,268,266,268,266,0
2022-09-07 11:20:00,268,266,268,266,0
2022-09-07 11:21:00,268,266,268,266,0
2022-09-07 11:22:00,268,266,268,266,0
2022-09-07 11:23:00,268,266,268,266,0
2022-09-07 11:24:00,268,266,268,266,0
2022-09-07 11:25:00,268,266,268,266,0
2022-09-07 11:26:00,268,266,268,266,0
2022-09-07 11:27:00,268,266,268,266,0
2022-09-07 11:28:00,268,266,268,266,0
2022-09-07 11:29:00,268,266,268,266,0
2022-09-07 11:30:00,268,266,268,266,0
2022-09-07 11:31:00,268,266,268,266,0
2022-09-07 11:32:00,268,266,268,266,0
2022-09-07 11:33:00,268,266,268,266,0
2022-09-07 11:34:00,268,266,268,266,0
2022-09-07 11:35:00,268,266,268,266,0
2022-09-07 11:36:00,268,266,268,266,0
2022-09-07 11:37:00,268,266,268,266,0
2022-09-07 11:38:00,268,266,268,266,0
2022-09-07 11:39:00,268,266,268,266,0
2022-09-07 11:40:00,268,266,268,266,0
2022-09-07 11:41:00,268,266,268,266,0
2022-09-07 11:42:00,268,266,268,266,0
2022-09-07 11:43:00,268,266,268,266,0
2022-09-07 11:44:00,268,266,268,266,0
2022-09-07 11:45:00,268,266,268,266,0
2022-09-07 11:46:00,268,266,268,266,0
2022-09-07 11:47:00,268,266,268,266,0
2022-09-07 11:48:00,268,266,268,266,0
2022-09-07 11:49:00,268,266,268,266,0
2022-09-07 11:50:00,268,266,268,266,0
2022-09-07 11:51:00,268,266,268,266,0
2022-09-07 11:52:00,268,266,268,266,0
2022-09-07 11:53:00,268,266,268,266,0
2022-09-07 11:54:00,268,266,268,266,0
2022-09-07 11:55:00,268,266,268,266,0
2022-09-07 11:56:00,268,266,268,266,0
2022-09-07 11:57:00,268,266,268,266,0
2022-09-07 11:58:00,268,266,268,266,0
2022-09-07 11:59:00,268,266,268,266,0
2022-09-07 12:00:00,268,266,268,266,0
2022-09-07 12:01:00,268,266,268,266,0
2022-09-07 12:02:00,268,266,268,266,0
2022-09-07 12:03:00,268,266,268,266,0
2022-09-07 12:04:00,268,266,268,266,0
2022-09-07 12:05:00,268,266,268,266,0
2022-09-07 12:06:00,268,266,268,266,0
2022-09-07 12:07:00,268,266,268,266,0
2022-09-07 12:08:00,268,266,268,266,0
2022-09-07 12:09:00,268,266,268,266,0
2022-09-07 12:10:00,268,266,268,266,0
2022-09-07 12:11:00,268,266,268,266,0
2022-09-07 12:12:00,268,266,268,266,0
2022-09-07 12:13:00,268,266,268,266,0
2022-09-07 12:14:00,268,266,268,266,0
2022-09-07 12:15:00,268,266,268,266,0
2022-09-07 12:16:00,268,266,268,266,0
2022-09-07 12:17:00,268,266,268,266,0
2022-09-07 12:18:00,268,266,268,266,0
2022-09-07 12:19:00,268,266,268,266,0
2022-09-07 12:20:00,268,266,268,266,0
2022-09-07 12:21:00,268,266,268,266,0
2022-09-07 12:22:00,268,266,268,266,0
2022-09-07 12:23:00,268,266,268,266,0
2022-09-07 12:24:00,268,266,268,266,0
2022-09-07 12:25:00,268,266,268,266,0
2022-09-07 12:26:00,268,266,268,266,0
2022-09-07 12:27:00,268,266,268,266,0
2022-09-07 12:28:00,268,266,268,266,0
2022-09-07 12:29:00,268,266,268,266,0
2022-09-07 12:30:00,268,266,268,266,0
2022-09-07 12:31:00,268,266,268,266,0
2022-09-07 12:32:00,268,266,268,266,0
2022-09-07 12:33:00,268,266,268,266,0
2022-09-07 12:34:00,268,266,268,266,0
2022-09-07 12:35:00,268,266,268,266,0
2022-09-07 12:36:00,268,266,268,266,0
2022-09-07 12:37:00,268,266,268,266,0
2022-09-07 12:38:00,268,266,268,266,0
2022-09-07 12:39:00,268,266,268,266,0
2022-09-07 12:40:00,268,266,268,266,0
2022-09-07 12:41:00,268,266,268,266,0
2022-09-07 12:42:00,268,266,268,266,0
2022-09-07 12:43:00,268,266,268,266,0
2022-09-07 12:44:00,268,266,268,266,0
2022-09-07 12:45:00,268,266,268,266,0
2022-09-07 12:46:00,268,266,268,266,0
2022-09-07 12:47:00,268,266,268,266,0
2022-09-07 12:48:00,268,266,268,266,0
2022-09-07 12:49:00,268,266,268,266,0
2022-09-07 12:50:00,268,266,268,266,0
2022-09-07 12:51:00,268,266,268,266,0
2022-09-07 12:52:00,268,266,268,266,0
2022-09-07 12:53:00,268,266,268,266,0
2022-09-07 12:54:00,268,266,268,266,0
2022-09-07 12:55:00,268,266,268,266,0
2022-09-07 12:56:00,268,266,268,266,0
2022-09-07 12:57:00,268,266,268,266,0
2022-09-07 12:58:00,268,266,268,266,0
2022-09-07 12:59:00,268,266,268,266,0
2022-09-07 13:00:00,268,266,268,266,0
2022-09-07 13:01:00,268,266,268,266,0
2022-09-07 13:02:00,268,266,268,266,0
2022-09-07 13:03:00,268,266,268,266,0
2022-09-07 13:04:00,268,266,268,266,0
2022-09-07 13:05:00,268,266,268,266,0
2022-09-07 13:06:00,268,266,268,266,0
2022-09-07 13:07:00,268,266,268,266,0
2022-09-07 13:08:00,268,266,268,266,0
2022-09-07 13:09:00,268,266,268,266,0
2022-09-07 13:10:00,268,266,268,266,0
2022-09-07 13:11:00,268,266,268,266,0
2022-09-07 13:12:00,268,266,268,266,0
2022-09-07 13:13:00,268,266,268,266,0
2022-09-07 13:14:00,268,266,268,266,0
2022-09-07 13:15:00,268,266,268,266,0
2022-09-07 13:16:00,268,266,268,266,0
2022-09-07 13:17:00,268,266,268,266,0
2022-09-07 13:18:00,268,266,268,266,0
2022-09-07 13:19:00,268,266,268,266,0
2022-09-07 13:20:00,268,266,268,266,0
2022-09-07 13:21:00,268,266,268,266,0
2022-09-07 13:22:00,268,266,268,266,0
2022-09-07 13:23:00,268,266,268,266,0
2022-09-07 13:24:00,268,266,268,266,0
2022-09-07 13:25:00,268,266,268,266,0
2022-09-07 13:26:00,268,266,268,266,0
2022-09-07 13:27:00,268,266,268,266,0
2022-09-07 13:28:00,268,266,268,266,0
2022-09-07 13:29:00,268,266,268,266,0
2022-09-07 13:30:00,270,270,270,270,900
2022-09-07 13:31:00,270,270,270,270,0
2022-09-07 13:32:00,270,270,270,270,0
2022-09-07 13:33:00,270,270,270,270,0
2022-09-07 13:34:00,270,270,270,270,0
2022-09-07 13:35:00,270,270,270,270,0
2022-09-07 13:36:00,270,270,270,270,0
2022-09-07 13:37:00,270,270,270,270,900
2022-09-07 13:38:00,270,270,270,270,0
2022-09-07 13:39:00,270,270,270,270,0
2022-09-07 13:40:00,270,270,270,270,0
2022-09-07 13:41:00,270,270,270,270,0
2022-09-07 13:42:00,270,270,270,270,0
2022-09-07 13:43:00,270,270,270,270,0
2022-09-07 13:44:00,270,270,270,270,0
2022-09-07 13:45:00,270,270,270,270,0
2022-09-07 13:46:00,270,270,270,270,0
2022-09-07 13:47:00,270,270,270,270,0
2022-09-07 13:48:00,270,270,270,270,0
2022-09-07 13:49:00,270,270,270,270,0
2022-09-07 13:50:00,270,270,270,270,0
2022-09-07 13:51:00,268,268,268,268,300
2022-09-07 13:52:00,268,268,268,268,0
2022-09-07 13:53:00,268,268,268,268,0
2022-09-07 13:54:00,268,268,268,268,0
2022-09-07 13:55:00,268,268,268,268,1900
2022-09-07 13:56:00,268,268,268,268,0
2022-09-07 13:57:00,268,268,268,268,0
2022-09-07 13:58:00,268,268,268,268,0
2022-09-07 13:59:00,268,268,268,268,0
2022-09-07 14:00:00,268,268,268,268,0
2022-09-07 14:01:00,268,268,268,268,0
2022-09-07 14:02:00,268,268,268,268,0
2022-09-07 14:03:00,268,268,268,268,0
2022-09-07 14:04:00,268,268,268,268,0
2022-09-07 14:05:00,268,268,268,268,0
2022-09-07 14:06:00,268,268,268,268,0
2022-09-07 14:07:00,268,268,268,268,0
2022-09-07 14:08:00,268,268,268,268,0
2022-09-07 14:09:00,268,268,268,268,0
2022-09-07 14:10:00,268,268,268,268,0
2022-09-07 14:11:00,268,260,268,260,34000
2022-09-07 14:12:00,260,260,260,260,0
2022-09-07 14:13:00,270,270,270,270,0
2022-09-07 14:14:00,270,270,270,270,0
2022-09-07 14:15:00,270,270,270,270,0
2022-09-07 14:16:00,270,270,270,270,0
2022-09-07 14:17:00,270,270,270,270,0
2022-09-07 14:18:00,270,270,270,270,0
2022-09-07 14:19:00,270,270,270,270,0
2022-09-07 14:20:00,270,270,270,270,0
2022-09-07 14:21:00,270,270,270,270,0
2022-09-07 14:22:00,270,270,270,270,0
2022-09-07 14:23:00,270,270,270,270,0
2022-09-07 14:24:00,270,270,270,270,0
2022-09-07 14:25:00,270,270,270,270,0
2022-09-07 14:26:00,270,270,270,270,0
2022-09-07 14:27:00,270,270,270,270,0
2022-09-07 14:28:00,270,270,270,270,0
2022-09-07 14:29:00,270,270,270,270,0
2022-09-07 14:30:00,270,270,270,270,0
2022-09-07 14:31:00,268,268,268,268,0
2022-09-07 14:32:00,268,268,268,268,0
2022-09-07 14:33:00,268,268,268,268,0
2022-09-07 14:34:00,268,268,268,268,0
2022-09-07 14:35:00,268,268,268,268,0
2022-09-07 14:36:00,268,268,268,268,0
2022-09-07 14:37:00,268,268,268,268,0
2022-09-07 14:38:00,268,268,268,268,0
2022-09-07 14:39:00,268,268,268,268,0
2022-09-07 14:40:00,268,268,268,268,0
2022-09-07 14:41:00,268,268,268,268,0
2022-09-07 14:42:00,268,268,268,268,0
2022-09-07 14:43:00,268,268,268,268,0
2022-09-07 14:44:00,268,268,268,268,0
2022-09-07 14:45:00,268,268,268,268,0
2022-09-07 14:46:00,268,268,268,268,0
2022-09-07 14:47:00,268,268,268,268,0
2022-09-07 14:48:00,268,268,268,268,0
2022-09-07 14:49:00,268,268,268,268,0
2022-09-07 14:50:00,268,268,268,268,0
2022-09-07 14:51:00,268,268,268,268,0
2022-09-07 14:52:00,268,268,268,268,0
2022-09-07 14:53:00,268,268,268,268,0
2022-09-07 14:54:00,268,268,268,268,0
2022-09-07 14:55:00,268,268,268,268,0
2022-09-07 14:56:00,268,268,268,268,0
2022-09-07 14:57:00,268,268,268,268,0
2022-09-07 14:58:00,268,268,268,268,0
2022-09-07 14:59:00,268,268,268,268,0
2022-09-07 15:00:00,268,268,268,268,0
2022-09-07 15:01:00,268,268,268,268,0
2022-09-07 15:02:00,268,268,268,268,0
2022-09-07 15:03:00,268,268,268,268,0
2022-09-07 15:04:00,268,268,268,268,0
2022-09-07 15:05:00,268,268,268,268,0
2022-09-07 15:06:00,268,268,268,268,0
2022-09-07 15:07:00,268,268,268,268,0
2022-09-07 15:08:00,268,268,268,268,0
2022-09-07 15:09:00,268,268,268,268,0
2022-09-07 15:10:00,268,268,268,268,0
2022-09-07 15:11:00,268,268,268,268,0
2022-09-07 15:12:00,268,268,268,268,0
2022-09-07 15:13:00,268,268,268,268,0
2022-09-07 15:14:00,268,268,268,268,0
2022-09-07 15:15:00,268,268,268,268,0
2022-09-07 15:16:00,268,268,268,268,0
2022-09-07 15:17:00,268,268,268,268,0
2022-09-07 15:18:00,268,268,268,268,0
2022-09-07 15:19:00,268,268,268,268,0
2022-09-07 15:20:00,268,268,268,268,0
2022-09-07 15:21:00,268,268,268,268,0
2022-09-07 15:22:00,268,268,268,268,0
2022-09-07 15:23:00,268,268,268,268,0
2022-09-07 15:24:00,268,268,268,268,0
2022-09-07 15:25:00,268,268,268,268,0
2022-09-07 15:26:00,268,268,268,268,0
2022-09-07 15:27:00,268,268,268,268,0
2022-09-07 15:28:00,268,268,268,268,0
2022-09-07 15:29:00,268,268,268,268,0
2022-09-07 15:30:00,268,268,268,268,0
2022-09-07 15:31:00,268,268,268,268,0
2022-09-07 15:32:00,268,268,268,268,0
2022-09-07 15:33:00,268,268,268,268,0
2022-09-07 15:34:00,268,268,268,268,0
2022-09-07 15:35:00,268,268,268,268,0
2022-09-07 15:36:00,268,268,268,268,0
2022-09-07 15:37:00,268,268,268,268,0
2022-09-07 15:38:00,268,268,268,268,0
2022-09-07 15:39:00,268,268,268,268,0
2022-09-07 15:40:00,268,268,268,268,0
2022-09-07 15:41:00,268,268,268,268,0
2022-09-07 15:42:00,268,268,268,268,0
2022-09-07 15:43:00,268,268,268,268,0
2022-09-07 15:44:00,268,268,268,268,0
2022-09-07 15:45:00,268,268,268,268,0
2022-09-07 15:46:00,268,268,268,268,0
2022-09-07 15:47:00,268,268,268,268,0
2022-09-07 15:48:00,268,268,268,268,0
2022-09-07 15:49:00,268,268,268,268,0
2022-09-07 15:50:00,268,268,268,268,0
2022-09-07 15:51:00,268,268,268,268,0
2022-09-07 15:52:00,268,268,268,268,0
2022-09-07 15:53:00,268,268,268,268,0
2022-09-07 15:54:00,268,268,268,268,0
2022-09-07 15:55:00,268,268,268,268,0
2022-09-07 15:56:00,268,268,268,268,0
2022-09-07 15:57:00,268,268,268,268,0
2022-09-07 15:58:00,268,268,268,268,0
2022-09-07 15:59:00,268,268,268,268,0
2022-09-08 09:00:00,268,268,268,268,0
2022-09-08 09:01:00,268,268,268,268,0
2022-09-08 09:02:00,268,268,268,268,0
2022-09-08 09:03:00,268,268,268,268,0
2022-09-08 09:04:00,268,268,268,268,0
2022-09-08 09:05:00,268,268,268,268,0
2022-09-08 09:06:00,268,268,268,268,0
2022-09-08 09:07:00,268,268,268,268,0
2022-09-08 09:08:00,268,268,268,268,0
2022-09-08 09:09:00,268,268,268,268,0
2022-09-08 09:10:00,268,268,268,268,0
2022-09-08 09:11:00,268,268,268,268,3000
2022-09-08 09:12:00,268,268,268,268,0
2022-09-08 09:13:00,268,268,268,268,0
2022-09-08 09:14:00,268,268,268,268,0
2022-09-08 09:15:00,268,268,268,268,0
2022-09-08 09:16:00,268,268,268,268,0
2022-09-08 09:17:00,268,268,268,268,0
2022-09-08 09:18:00,268,268,268,268,0
2022-09-08 09:19:00,268,268,268,268,0
2022-09-08 09:20:00,268,268,268,268,0
2022-09-08 09:21:00,268,268,268,268,0
2022-09-08 09:22:00,268,268,268,268,0
2022-09-08 09:23:00,268,268,268,268,9400
2022-09-08 09:24:00,270,270,276,276,82700
2022-09-08 09:25:00,278,278,278,278,200
2022-09-08 09:26:00,278,278,278,278,0
2022-09-08 09:27:00,278,278,278,278,0
2022-09-08 09:28:00,278,278,278,278,0
2022-09-08 09:29:00,278,278,278,278,0
2022-09-08 09:30:00,278,278,278,278,0
2022-09-08 09:31:00,278,278,278,278,0
2022-09-08 09:32:00,278,278,278,278,0
2022-09-08 09:33:00,278,278,278,278,0
2022-09-08 09:34:00,278,278,278,278,0
2022-09-08 09:35:00,278,278,278,278,0
2022-09-08 09:36:00,278,278,278,278,0
2022-09-08 09:37:00,278,278,278,278,0
2022-09-08 09:38:00,278,278,278,278,0
2022-09-08 09:39:00,278,278,278,278,0
2022-09-08 09:40:00,278,278,278,278,0
2022-09-08 09:41:00,278,278,278,278,0
2022-09-08 09:42:00,278,278,278,278,0
2022-09-08 09:43:00,278,278,278,278,0
2022-09-08 09:44:00,278,278,278,278,0
2022-09-08 09:45:00,278,278,278,278,0
2022-09-08 09:46:00,278,278,278,278,0
2022-09-08 09:47:00,278,278,278,278,0
2022-09-08 09:48:00,278,278,278,278,0
2022-09-08 09:49:00,278,278,278,278,0
2022-09-08 09:50:00,278,278,278,278,0
2022-09-08 09:51:00,278,278,278,278,0
2022-09-08 09:52:00,278,278,278,278,0
2022-09-08 09:53:00,278,278,278,278,0
2022-09-08 09:54:00,278,278,278,278,0
2022-09-08 09:55:00,278,278,278,278,0
2022-09-08 09:56:00,278,278,278,278,0
2022-09-08 09:57:00,278,278,278,278,0
2022-09-08 09:58:00,278,278,278,278,0
2022-09-08 09:59:00,278,278,278,278,0
2022-09-08 10:00:00,278,278,278,278,0
2022-09-08 10:01:00,278,278,278,278,0
2022-09-08 10:02:00,278,278,278,278,0
2022-09-08 10:03:00,278,278,278,278,0
2022-09-08 10:04:00,278,278,278,278,0
2022-09-08 10:05:00,278,278,278,278,0
2022-09-08 10:06:00,278,278,278,278,0
2022-09-08 10:07:00,278,278,278,278,0
2022-09-08 10:08:00,278,278,278,278,0
2022-09-08 10:09:00,278,278,278,278,0
2022-09-08 10:10:00,278,278,278,278,0
2022-09-08 10:11:00,278,278,278,278,0
2022-09-08 10:12:00,278,278,278,278,0
2022-09-08 10:13:00,278,278,278,278,0
2022-09-08 10:14:00,278,278,278,278,0
2022-09-08 10:15:00,278,278,278,278,0
2022-09-08 10:16:00,278,278,278,278,0
2022-09-08 10:17:00,278,278,278,278,0
2022-09-08 10:18:00,278,278,278,278,0
2022-09-08 10:19:00,278,278,278,278,0
2022-09-08 10:20:00,278,278,278,278,0
2022-09-08 10:21:00,278,278,278,278,0
2022-09-08 10:22:00,278,278,278,278,0
2022-09-08 10:23:00,278,278,278,278,0
2022-09-08 10:24:00,278,278,278,278,0
2022-09-08 10:25:00,278,278,278,278,0
2022-09-08 10:26:00,278,278,278,278,0
2022-09-08 10:27:00,278,278,278,278,0
2022-09-08 10:28:00,278,278,278,278,0
2022-09-08 10:29:00,278,278,278,278,0
2022-09-08 10:30:00,278,278,278,278,0
2022-09-08 10:31:00,278,278,278,278,0
2022-09-08 10:32:00,278,278,278,278,0
2022-09-08 10:33:00,278,278,278,278,0
2022-09-08 10:34:00,278,278,278,278,0
2022-09-08 10:35:00,278,278,278,278,0
2022-09-08 10:36:00,278,278,278,278,0
2022-09-08 10:37:00,278,278,278,278,0
2022-09-08 10:38:00,278,278,278,278,0
2022-09-08 10:39:00,278,278,278,278,0
2022-09-08 10:40:00,278,278,278,278,0
2022-09-08 10:41:00,278,278,278,278,0
2022-09-08 10:42:00,278,278,278,278,0
2022-09-08 10:43:00,278,278,278,278,0
2022-09-08 10:44:00,278,278,278,278,0
2022-09-08 10:45:00,278,278,278,278,0
2022-09-08 10:46:00,278,278,278,278,0
2022-09-08 10:47:00,278,278,278,278,0
2022-09-08 10:48:00,278,278,278,278,0
2022-09-08 10:49:00,278,278,278,278,0
2022-09-08 10:50:00,278,278,278,278,0
2022-09-08 10:51:00,278,278,278,278,0
2022-09-08 10:52:00,278,278,278,278,0
2022-09-08 10:53:00,278,278,278,278,0
2022-09-08 10:54:00,278,278,278,278,0
2022-09-08 10:55:00,278,278,278,278,0
2022-09-08 10:56:00,278,278,278,278,0
2022-09-08 10:57:00,278,278,278,278,0
2022-09-08 10:58:00,278,278,278,278,0
2022-09-08 10:59:00,278,278,278,278,0
2022-09-08 11:00:00,278,278,278,278,0
2022-09-08 11:01:00,278,278,278,278,0
2022-09-08 11:02:00,278,278,278,278,0
2022-09-08 11:03:00,278,278,278,278,0
2022-09-08 11:04:00,278,278,278,278,0
2022-09-08 11:05:00,278,278,278,278,0
2022-09-08 11:06:00,278,278,278,278,0
2022-09-08 11:07:00,278,278,278,278,0
2022-09-08 11:08:00,278,278,278,278,0
2022-09-08 11:09:00,278,278,278,278,0
2022-09-08 11:10:00,278,278,278,278,0
2022-09-08 11:11:00,278,278,278,278,0
2022-09-08 11:12:00,278,278,278,278,0
2022-09-08 11:13:00,278,278,278,278,0
2022-09-08 11:14:00,278,278,278,278,0
2022-09-08 11:15:00,278,278,278,278,0
2022-09-08 11:16:00,278,278,278,278,0
2022-09-08 11:17:00,278,278,278,278,0
2022-09-08 11:18:00,278,278,278,278,0
2022-09-08 11:19:00,278,278,278,278,0
2022-09-08 11:20:00,278,278,278,278,0
2022-09-08 11:21:00,278,278,278,278,0
2022-09-08 11:22:00,278,278,278,278,0
2022-09-08 11:23:00,278,278,278,278,0
2022-09-08 11:24:00,278,278,278,278,0
2022-09-08 11:25:00,278,278,278,278,0
2022-09-08 11:26:00,278,278,278,278,0
2022-09-08 11:27:00,278,278,278,278,0
2022-09-08 11:28:00,278,278,278,278,0
2022-09-08 11:29:00,268,268,268,268,0
2022-09-08 11:30:00,268,268,268,268,0
2022-09-08 11:31:00,268,268,268,268,0
2022-09-08 11:32:00,268,268,268,268,0
2022-09-08 11:33:00,268,268,268,268,0
2022-09-08 11:34:00,268,268,268,268,0
2022-09-08 11:35:00,268,268,268,268,0
2022-09-08 11:36:00,268,268,268,268,0
2022-09-08 11:37:00,268,268,268,268,0
2022-09-08 11:38:00,268,268,268,268,0
2022-09-08 11:39:00,268,268,268,268,0
2022-09-08 11:40:00,268,268,268,268,0
2022-09-08 11:41:00,268,268,268,268,0
2022-09-08 11:42:00,268,268,268,268,0
2022-09-08 11:43:00,268,268,268,268,0
2022-09-08 11:44:00,268,268,268,268,0
2022-09-08 11:45:00,268,268,268,268,0
2022-09-08 11:46:00,268,268,268,268,0
2022-09-08 11:47:00,268,268,268,268,0
2022-09-08 11:48:00,268,268,268,268,0
2022-09-08 11:49:00,268,268,268,268,0
2022-09-08 11:50:00,268,268,268,268,0
2022-09-08 11:51:00,268,268,268,268,0
2022-09-08 11:52:00,268,268,268,268,0
2022-09-08 11:53:00,268,268,268,268,0
2022-09-08 11:54:00,268,268,268,268,0
2022-09-08 11:55:00,268,268,268,268,0
2022-09-08 11:56:00,268,268,268,268,0
2022-09-08 11:57:00,268,268,268,268,0
2022-09-08 11:58:00,268,268,268,268,0
2022-09-08 11:59:00,268,268,268,268,0
2022-09-08 12:00:00,268,268,268,268,0
2022-09-08 12:01:00,268,268,268,268,0
2022-09-08 12:02:00,268,268,268,268,0
2022-09-08 12:03:00,268,268,268,268,0
2022-09-08 12:04:00,268,268,268,268,0
2022-09-08 12:05:00,268,268,268,268,0
2022-09-08 12:06:00,268,268,268,268,0
2022-09-08 12:07:00,268,268,268,268,0
2022-09-08 12:08:00,268,268,268,268,0
2022-09-08 12:09:00,268,268,268,268,0
2022-09-08 12:10:00,268,268,268,268,0
2022-09-08 12:11:00,268,268,268,268,0
2022-09-08 12:12:00,268,268,268,268,0
2022-09-08 12:13:00,268,268,268,268,0
2022-09-08 12:14:00,268,268,268,268,0
2022-09-08 12:15:00,268,268,268,268,0
2022-09-08 12:16:00,268,268,268,268,0
2022-09-08 12:17:00,268,268,268,268,0
2022-09-08 12:18:00,268,268,268,268,0
2022-09-08 12:19:00,268,268,268,268,0
2022-09-08 12:20:00,268,268,268,268,0
2022-09-08 12:21:00,268,268,268,268,0
2022-09-08 12:22:00,268,268,268,268,0
2022-09-08 12:23:00,268,268,268,268,0
2022-09-08 12:24:00,268,268,268,268,0
2022-09-08 12:25:00,268,268,268,268,0
2022-09-08 12:26:00,268,268,268,268,0
2022-09-08 12:27:00,268,268,268,268,0
2022-09-08 12:28:00,268,268,268,268,0
2022-09-08 12:29:00,268,268,268,268,0
2022-09-08 12:30:00,268,268,268,268,0
2022-09-08 12:31:00,268,268,268,268,0
2022-09-08 12:32:00,268,268,268,268,0
2022-09-08 12:33:00,268,268,268,268,0
2022-09-08 12:34:00,268,268,268,268,0
2022-09-08 12:35:00,268,268,268,268,0
2022-09-08 12:36:00,268,268,268,268,0
2022-09-08 12:37:00,268,268,268,268,0
2022-09-08 12:38:00,268,268,268,268,0
2022-09-08 12:39:00,268,268,268,268,0
2022-09-08 12:40:00,268,268,268,268,0
2022-09-08 12:41:00,268,268,268,268,0
2022-09-08 12:42:00,268,268,268,268,0
2022-09-08 12:43:00,268,268,268,268,0
2022-09-08 12:44:00,268,268,268,268,0
2022-09-08 12:45:00,268,268,268,268,0
2022-09-08 12:46:00,268,268,268,268,0
2022-09-08 12:47:00,268,268,268,268,0
2022-09-08 12:48:00,268,268,268,268,0
2022-09-08 12:49:00,268,268,268,268,0
2022-09-08 12:50:00,268,268,268,268,0
2022-09-08 12:51:00,268,268,268,268,0
2022-09-08 12:52:00,268,268,268,268,0
2022-09-08 12:53:00,268,268,268,268,0
2022-09-08 12:54:00,268,268,268,268,0
2022-09-08 12:55:00,268,268,268,268,0
2022-09-08 12:56:00,268,268,268,268,0
2022-09-08 12:57:00,268,268,268,268,0
2022-09-08 12:58:00,268,268,268,268,0
2022-09-08 12:59:00,268,268,268,268,0
2022-09-08 13:00:00,268,268,268,268,0
2022-09-08 13:01:00,268,268,268,268,0
2022-09-08 13:02:00,268,268,268,268,0
2022-09-08 13:03:00,268,268,268,268,0
2022-09-08 13:04:00,268,268,268,268,0
2022-09-08 13:05:00,268,268,268,268,0
2022-09-08 13:06:00,268,268,268,268,0
2022-09-08 13:07:00,268,268,268,268,0
2022-09-08 13:08:00,268,268,268,268,0
2022-09-08 13:09:00,268,268,268,268,0
2022-09-08 13:10:00,268,268,268,268,0
2022-09-08 13:11:00,268,268,268,268,0
2022-09-08 13:12:00,268,268,268,268,0
2022-09-08 13:13:00,268,268,268,268,0
2022-09-08 13:14:00,268,268,268,268,0
2022-09-08 13:15:00,268,268,268,268,0
2022-09-08 13:16:00,268,268,268,268,0
2022-09-08 13:17:00,268,268,268,268,0
2022-09-08 13:18:00,268,268,268,268,0
2022-09-08 13:19:00,268,268,268,268,0
2022-09-08 13:20:00,268,268,268,268,0
2022-09-08 13:21:00,268,268,268,268,0
2022-09-08 13:22:00,268,268,268,268,0
2022-09-08 13:23:00,268,268,268,268,0
2022-09-08 13:24:00,268,268,268,268,0
2022-09-08 13:25:00,268,268,268,268,0
2022-09-08 13:26:00,268,268,268,268,0
2022-09-08 13:27:00,268,268,268,268,0
2022-09-08 13:28:00,268,268,268,268,0
2022-09-08 13:29:00,268,268,268,268,0
2022-09-08 13:30:00,268,268,268,268,0
2022-09-08 13:31:00,268,268,268,268,0
2022-09-08 13:32:00,268,268,268,268,0
2022-09-08 13:33:00,268,268,268,268,0
2022-09-08 13:34:00,268,268,268,268,0
2022-09-08 13:35:00,268,268,268,268,0
2022-09-08 13:36:00,268,268,268,268,0
2022-09-08 13:37:00,268,268,268,268,106700
2022-09-08 13:38:00,268,268,268,268,800
2022-09-08 13:39:00,268,268,268,268,500
2022-09-08 13:40:00,268,268,268,268,0
2022-09-08 13:41:00,268,268,268,268,0
2022-09-08 13:42:00,268,268,268,268,0
2022-09-08 13:43:00,268,268,268,268,0
2022-09-08 13:44:00,268,268,268,268,0
2022-09-08 13:45:00,268,268,268,268,0
2022-09-08 13:46:00,268,268,268,268,0
2022-09-08 13:47:00,268,268,268,268,0
2022-09-08 13:48:00,268,268,268,268,0
2022-09-08 13:49:00,268,268,268,268,0
2022-09-08 13:50:00,268,268,268,268,0
2022-09-08 13:51:00,268,268,268,268,0
2022-09-08 13:52:00,268,268,268,268,0
2022-09-08 13:53:00,266,266,266,266,900
2022-09-08 13:54:00,266,266,266,266,0
2022-09-08 13:55:00,266,266,266,266,0
2022-09-08 13:56:00,266,266,266,266,0
2022-09-08 13:57:00,266,266,266,266,0
2022-09-08 13:58:00,266,266,266,266,0
2022-09-08 13:59:00,266,266,266,266,400
2022-09-08 14:00:00,266,266,276,276,22300
2022-09-08 14:01:00,276,276,276,276,29800
2022-09-08 14:02:00,276,276,276,276,0
2022-09-08 14:03:00,276,276,276,276,0
2022-09-08 14:04:00,276,276,276,276,0
2022-09-08 14:05:00,276,276,276,276,0
2022-09-08 14:06:00,276,276,276,276,0
2022-09-08 14:07:00,276,276,276,276,0
2022-09-08 14:08:00,276,276,276,276,0
2022-09-08 14:09:00,276,276,276,276,0
2022-09-08 14:10:00,276,276,276,276,0
2022-09-08 14:11:00,276,276,276,276,0
2022-09-08 14:12:00,276,276,276,276,0
2022-09-08 14:13:00,276,276,276,276,0
2022-09-08 14:14:00,276,276,276,276,0
2022-09-08 14:15:00,276,276,276,276,0
2022-09-08 14:16:00,276,276,276,276,0
2022-09-08 14:17:00,276,276,276,276,0
2022-09-08 14:18:00,276,276,276,276,0
2022-09-08 14:19:00,276,276,276,276,0
2022-09-08 14:20:00,276,276,276,276,0
2022-09-08 14:21:00,276,276,276,276,0
2022-09-08 14:22:00,276,276,276,276,0
2022-09-08 14:23:00,276,276,276,276,0
2022-09-08 14:24:00,276,276,276,276,0
2022-09-08 14:25:00,276,276,276,276,0
2022-09-08 14:26:00,276,276,276,276,0
2022-09-08 14:27:00,276,276,276,276,0
2022-09-08 14:28:00,276,276,276,276,0
2022-09-08 14:29:00,276,276,276,276,0
2022-09-08 14:30:00,276,276,276,276,0
2022-09-08 14:31:00,276,276,276,276,0
2022-09-08 14:32:00,276,276,276,276,0
2022-09-08 14:33:00,276,276,276,276,0
2022-09-08 14:34:00,276,276,276,276,0
2022-09-08 14:35:00,276,276,276,276,0
2022-09-08 14:36:00,276,276,276,276,0
2022-09-08 14:37:00,276,276,276,276,0
2022-09-08 14:38:00,276,276,276,276,0
2022-09-08 14:39:00,276,276,276,276,0
2022-09-08 14:40:00,276,276,276,276,0
2022-09-08 14:41:00,274,274,276,276,84200
2022-09-08 14:42:00,276,276,278,278,0
2022-09-08 14:43:00,278,278,278,278,100
2022-09-08 14:44:00,278,278,278,278,0
2022-09-08 14:45:00,276,276,276,276,7900
2022-09-08 14:46:00,276,276,276,276,211800
2022-09-08 14:47:00,276,276,276,276,0
2022-09-08 14:48:00,276,276,276,276,0
2022-09-08 14:49:00,276,276,276,276,0
2022-09-08 14:50:00,276,276,276,276,0
2022-09-08 14:51:00,276,276,276,276,0
2022-09-08 14:52:00,276,276,276,276,0
2022-09-08 14:53:00,276,276,276,276,0
2022-09-08 14:54:00,276,276,276,276,0
2022-09-08 14:55:00,276,276,276,276,0
2022-09-08 14:56:00,276,276,276,276,0
2022-09-08 14:57:00,276,276,276,276,0
2022-09-08 14:58:00,276,276,276,276,0
2022-09-08 14:59:00,276,276,276,276,0
2022-09-08 15:00:00,276,276,276,276,0
2022-09-08 15:01:00,276,276,276,276,0
2022-09-08 15:02:00,276,276,276,276,0
2022-09-08 15:03:00,276,276,276,276,0
2022-09-08 15:04:00,276,276,276,276,0
2022-09-08 15:05:00,276,276,276,276,0
2022-09-08 15:06:00,276,276,276,276,0
2022-09-08 15:07:00,276,276,276,276,0
2022-09-08 15:08:00,276,276,276,276,0
2022-09-08 15:09:00,276,276,276,276,0
2022-09-08 15:10:00,276,276,276,276,0
2022-09-08 15:11:00,276,276,276,276,0
2022-09-08 15:12:00,276,276,276,276,0
2022-09-08 15:13:00,276,276,276,276,0
2022-09-08 15:14:00,276,276,276,276,0
2022-09-08 15:15:00,276,276,276,276,0
2022-09-08 15:16:00,276,276,276,276,0
2022-09-08 15:17:00,276,276,276,276,0
2022-09-08 15:18:00,276,276,276,276,0
2022-09-08 15:19:00,276,276,276,276,0
2022-09-08 15:20:00,276,276,276,276,0
2022-09-08 15:21:00,276,276,276,276,0
2022-09-08 15:22:00,276,276,276,276,0
2022-09-08 15:23:00,276,276,276,276,0
2022-09-08 15:24:00,276,276,276,276,0
2022-09-08 15:25:00,276,276,276,276,0
2022-09-08 15:26:00,276,276,276,276,0
2022-09-08 15:27:00,276,276,276,276,0
2022-09-08 15:28:00,276,276,276,276,0
2022-09-08 15:29:00,276,276,276,276,0
2022-09-08 15:30:00,276,276,276,276,0
2022-09-08 15:31:00,276,276,276,276,0
2022-09-08 15:32:00,276,276,276,276,0
2022-09-08 15:33:00,276,276,276,276,0
2022-09-08 15:34:00,276,276,276,276,0
2022-09-08 15:35:00,276,276,276,276,0
2022-09-08 15:36:00,276,276,276,276,0
2022-09-08 15:37:00,276,276,276,276,0
2022-09-08 15:38:00,276,276,276,276,0
2022-09-08 15:39:00,276,276,276,276,0
2022-09-08 15:40:00,276,276,276,276,0
2022-09-08 15:41:00,276,276,276,276,0
2022-09-08 15:42:00,276,276,276,276,0
2022-09-08 15:43:00,276,276,276,276,0
2022-09-08 15:44:00,276,276,276,276,0
2022-09-08 15:45:00,276,276,276,276,0
2022-09-08 15:46:00,276,276,276,276,0
2022-09-08 15:47:00,276,276,276,276,0
2022-09-08 15:48:00,276,276,276,276,0
2022-09-08 15:49:00,276,276,276,276,0
2022-09-08 15:50:00,276,276,276,276,0
2022-09-08 15:51:00,276,276,276,276,0
2022-09-08 15:52:00,276,276,276,276,0
2022-09-08 15:53:00,276,276,276,276,0
2022-09-08 15:54:00,276,276,276,276,0
2022-09-08 15:55:00,276,276,276,276,0
2022-09-08 15:56:00,276,276,276,276,0
2022-09-08 15:57:00,276,276,276,276,0
2022-09-08 15:58:00,276,276,276,276,0
2022-09-08 15:59:00,276,276,276,276,0
2022-09-09 09:00:00,276,276,276,276,0
2022-09-09 09:01:00,276,276,276,276,0
2022-09-09 09:02:00,276,276,276,276,0
2022-09-09 09:03:00,276,276,276,276,0
2022-09-09 09:04:00,276,276,276,276,0
2022-09-09 09:05:00,276,276,276,276,0
2022-09-09 09:06:00,276,276,276,276,0
2022-09-09 09:07:00,282,282,282,282,0
2022-09-09 09:08:00,282,282,282,282,200
2022-09-09 09:09:00,282,282,282,282,0
2022-09-09 09:10:00,282,282,282,282,0
2022-09-09 09:11:00,282,282,282,282,0
2022-09-09 09:12:00,282,282,282,282,0
2022-09-09 09:13:00,282,282,282,282,0
2022-09-09 09:14:00,282,282,282,282,0
2022-09-09 09:15:00,282,282,282,282,0
2022-09-09 09:16:00,282,282,282,282,0
2022-09-09 09:17:00,282,282,282,282,0
2022-09-09 09:18:00,282,282,282,282,0
2022-09-09 09:19:00,282,282,282,282,0
2022-09-09 09:20:00,282,282,282,282,0
2022-09-09 09:21:00,282,282,282,282,0
2022-09-09 09:22:00,276,276,276,276,200
2022-09-09 09:23:00,276,276,276,276,0
2022-09-09 09:24:00,276,276,276,276,0
2022-09-09 09:25:00,276,276,276,276,0
2022-09-09 09:26:00,276,276,276,276,0
2022-09-09 09:27:00,276,276,276,276,0
2022-09-09 09:28:00,276,276,276,276,0
2022-09-09 09:29:00,276,276,276,276,0
2022-09-09 09:30:00,276,276,276,276,0
2022-09-09 09:31:00,276,276,276,276,0
2022-09-09 09:32:00,276,276,276,276,0
2022-09-09 09:33:00,276,276,276,276,0
2022-09-09 09:34:00,276,276,276,276,0
2022-09-09 09:35:00,276,276,276,276,0
2022-09-09 09:36:00,276,276,276,276,0
2022-09-09 09:37:00,276,276,276,276,0
2022-09-09 09:38:00,276,276,276,276,0
2022-09-09 09:39:00,276,276,276,276,200
2022-09-09 09:40:00,276,276,276,276,0
2022-09-09 09:41:00,276,276,276,276,0
2022-09-09 09:42:00,276,276,276,276,100
2022-09-09 09:43:00,276,276,276,276,0
2022-09-09 09:44:00,276,276,276,276,0
2022-09-09 09:45:00,276,276,276,276,0
2022-09-09 09:46:00,276,276,276,276,0
2022-09-09 09:47:00,276,276,276,276,0
2022-09-09 09:48:00,276,276,276,276,0
2022-09-09 09:49:00,276,276,276,276,0
2022-09-09 09:50:00,276,276,276,276,0
2022-09-09 09:51:00,276,276,276,276,0
2022-09-09 09:52:00,276,276,276,276,0
2022-09-09 09:53:00,276,276,276,276,0
2022-09-09 09:54:00,276,276,276,276,0
2022-09-09 09:55:00,276,276,276,276,0
2022-09-09 09:56:00,276,276,276,276,0
2022-09-09 09:57:00,276,276,276,276,0
2022-09-09 09:58:00,276,276,276,276,0
2022-09-09 09:59:00,276,276,276,276,0
2022-09-09 10:00:00,276,276,276,276,0
2022-09-09 10:01:00,276,276,276,276,0
2022-09-09 10:02:00,276,276,276,276,0
2022-09-09 10:03:00,276,276,276,276,0
2022-09-09 10:04:00,276,276,276,276,0
2022-09-09 10:05:00,276,276,276,276,0
2022-09-09 10:06:00,276,276,276,276,0
2022-09-09 10:07:00,276,276,276,276,0
2022-09-09 10:08:00,276,276,276,276,0
2022-09-09 10:09:00,276,276,276,276,0
2022-09-09 10:10:00,276,276,276,276,0
2022-09-09 10:11:00,276,276,276,276,0
2022-09-09 10:12:00,276,276,276,276,0
2022-09-09 10:13:00,276,276,276,276,0
2022-09-09 10:14:00,276,276,276,276,0
2022-09-09 10:15:00,276,276,276,276,0
2022-09-09 10:16:00,276,276,276,276,0
2022-09-09 10:17:00,276,276,276,276,0
2022-09-09 10:18:00,276,276,276,276,0
2022-09-09 10:19:00,276,276,276,276,0
2022-09-09 10:20:00,276,276,276,276,0
2022-09-09 10:21:00,276,276,276,276,0
2022-09-09 10:22:00,276,276,276,276,0
2022-09-09 10:23:00,276,276,276,276,0
2022-09-09 10:24:00,276,276,276,276,0
2022-09-09 10:25:00,276,276,276,276,0
2022-09-09 10:26:00,276,276,276,276,0
2022-09-09 10:27:00,276,276,276,276,0
2022-09-09 10:28:00,276,276,276,276,0
2022-09-09 10:29:00,276,276,276,276,0
2022-09-09 10:30:00,276,276,276,276,0
2022-09-09 10:31:00,276,276,276,276,0
2022-09-09 10:32:00,276,276,276,276,0
2022-09-09 10:33:00,276,276,276,276,0
2022-09-09 10:34:00,276,276,276,276,0
2022-09-09 10:35:00,276,276,276,276,0
2022-09-09 10:36:00,276,276,276,276,0
2022-09-09 10:37:00,276,276,276,276,0
2022-09-09 10:38:00,276,276,276,276,0
2022-09-09 10:39:00,276,276,276,276,0
2022-09-09 10:40:00,276,276,276,276,0
2022-09-09 10:41:00,276,276,276,276,0
2022-09-09 10:42:00,276,276,276,276,0
2022-09-09 10:43:00,276,276,276,276,0
2022-09-09 10:44:00,276,276,276,276,0
2022-09-09 10:45:00,276,276,276,276,0
2022-09-09 10:46:00,276,276,276,276,0
2022-09-09 10:47:00,276,276,276,276,0
2022-09-09 10:48:00,276,276,276,276,0
2022-09-09 10:49:00,276,276,276,276,0
2022-09-09 10:50:00,276,276,276,276,0
2022-09-09 10:51:00,276,276,276,276,0
2022-09-09 10:52:00,276,276,276,276,0
2022-09-09 10:53:00,276,276,276,276,0
2022-09-09 10:54:00,276,276,276,276,0
2022-09-09 10:55:00,276,276,276,276,0
2022-09-09 10:56:00,276,276,276,276,0
2022-09-09 10:57:00,276,276,276,276,0
2022-09-09 10:58:00,276,276,276,276,0
2022-09-09 10:59:00,276,276,276,276,0
2022-09-09 11:00:00,276,276,276,276,0
2022-09-09 11:01:00,274,274,274,274,100
2022-09-09 11:02:00,274,274,274,274,0
2022-09-09 11:03:00,274,274,274,274,0
2022-09-09 11:04:00,274,274,274,274,0
2022-09-09 11:05:00,274,274,274,274,0
2022-09-09 11:06:00,274,274,274,274,0
2022-09-09 11:07:00,274,274,274,274,0
2022-09-09 11:08:00,274,274,274,274,0
2022-09-09 11:09:00,274,274,274,274,0
2022-09-09 11:10:00,274,274,274,274,0
2022-09-09 11:11:00,274,274,274,274,0
2022-09-09 11:12:00,274,274,274,274,0
2022-09-09 11:13:00,274,274,274,274,0
2022-09-09 11:14:00,274,274,274,274,0
2022-09-09 11:15:00,274,274,274,274,0
2022-09-09 11:16:00,274,274,274,274,0
2022-09-09 11:17:00,274,274,274,274,0
2022-09-09 11:18:00,274,274,274,274,0
2022-09-09 11:19:00,274,274,274,274,0
2022-09-09 11:20:00,274,274,274,274,0
2022-09-09 11:21:00,274,274,274,274,0
2022-09-09 11:22:00,274,274,274,274,0
2022-09-09 11:23:00,274,274,274,274,0
2022-09-09 11:24:00,274,274,274,274,0
2022-09-09 11:25:00,274,274,274,274,0
2022-09-09 11:26:00,274,274,274,274,0
2022-09-09 11:27:00,274,274,274,274,0
2022-09-09 11:28:00,274,274,274,274,0
2022-09-09 11:29:00,274,274,274,274,0
2022-09-09 11:30:00,274,274,274,274,0
2022-09-09 11:31:00,274,274,274,274,0
2022-09-09 11:32:00,274,274,274,274,0
2022-09-09 11:33:00,274,274,274,274,0
2022-09-09 11:34:00,274,274,274,274,0
2022-09-09 11:35:00,274,274,274,274,0
2022-09-09 11:36:00,274,274,274,274,0
2022-09-09 11:37:00,274,274,274,274,0
2022-09-09 11:38:00,274,274,274,274,0
2022-09-09 11:39:00,274,274,274,274,0
2022-09-09 11:40:00,274,274,274,274,0
2022-09-09 11:41:00,274,274,274,274,0
2022-09-09 11:42:00,274,274,274,274,0
2022-09-09 11:43:00,274,274,274,274,0
2022-09-09 11:44:00,274,274,274,274,0
2022-09-09 11:45:00,274,274,274,274,0
2022-09-09 11:46:00,274,274,274,274,0
2022-09-09 11:47:00,274,274,274,274,0
2022-09-09 11:48:00,274,274,274,274,0
2022-09-09 11:49:00,274,274,274,274,0
2022-09-09 11:50:00,274,274,274,274,0
2022-09-09 11:51:00,274,274,274,274,0
2022-09-09 11:52:00,274,274,274,274,0
2022-09-09 11:53:00,274,274,274,274,0
2022-09-09 11:54:00,274,274,274,274,0
2022-09-09 11:55:00,274,274,274,274,0
2022-09-09 11:56:00,274,274,274,274,0
2022-09-09 11:57:00,274,274,274,274,0
2022-09-09 11:58:00,274,274,274,274,0
2022-09-09 11:59:00,274,274,274,274,0
2022-09-09 12:00:00,274,274,274,274,0
2022-09-09 12:01:00,274,274,274,274,0
2022-09-09 12:02:00,274,274,274,274,0
2022-09-09 12:03:00,274,274,274,274,0
2022-09-09 12:04:00,274,274,274,274,0
2022-09-09 12:05:00,274,274,274,274,0
2022-09-09 12:06:00,274,274,274,274,0
2022-09-09 12:07:00,274,274,274,274,0
2022-09-09 12:08:00,274,274,274,274,0
2022-09-09 12:09:00,274,274,274,274,0
2022-09-09 12:10:00,274,274,274,274,0
2022-09-09 12:11:00,274,274,274,274,0
2022-09-09 12:12:00,274,274,274,274,0
2022-09-09 12:13:00,274,274,274,274,0
2022-09-09 12:14:00,274,274,274,274,0
2022-09-09 12:15:00,274,274,274,274,0
2022-09-09 12:16:00,274,274,274,274,0
2022-09-09 12:17:00,274,274,274,274,0
2022-09-09 12:18:00,274,274,274,274,0
2022-09-09 12:19:00,274,274,274,274,0
2022-09-09 12:20:00,274,274,274,274,0
2022-09-09 12:21:00,274,274,274,274,0
2022-09-09 12:22:00,274,274,274,274,0
2022-09-09 12:23:00,274,274,274,274,0
2022-09-09 12:24:00,274,274,274,274,0
2022-09-09 12:25:00,274,274,274,274,0
2022-09-09 12:26:00,274,274,274,274,0
2022-09-09 12:27:00,274,274,274,274,0
2022-09-09 12:28:00,274,274,274,274,0
2022-09-09 12:29:00,274,274,274,274,0
2022-09-09 12:30:00,274,274,274,274,0
2022-09-09 12:31:00,274,274,274,274,0
2022-09-09 12:32:00,274,274,274,274,0
2022-09-09 12:33:00,274,274,274,274,0
2022-09-09 12:34:00,274,274,274,274,0
2022-09-09 12:35:00,274,274,274,274,0
2022-09-09 12:36:00,274,274,274,274,0
2022-09-09 12:37:00,274,274,274,274,0
2022-09-09 12:38:00,274,274,274,274,0
2022-09-09 12:39:00,274,274,274,274,0
2022-09-09 12:40:00,274,274,274,274,0
2022-09-09 12:41:00,274,274,274,274,0
2022-09-09 12:42:00,274,274,274,274,0
2022-09-09 12:43:00,274,274,274,274,0
2022-09-09 12:44:00,274,274,274,274,0
2022-09-09 12:45:00,274,274,274,274,0
2022-09-09 12:46:00,274,274,274,274,0
2022-09-09 12:47:00,274,274,274,274,0
2022-09-09 12:48:00,274,274,274,274,0
2022-09-09 12:49:00,274,274,274,274,0
2022-09-09 12:50:00,274,274,274,274,0
2022-09-09 12:51:00,274,274,274,274,0
2022-09-09 12:52:00,274,274,274,274,0
2022-09-09 12:53:00,274,274,274,274,0
2022-09-09 12:54:00,274,274,274,274,0
2022-09-09 12:55:00,274,274,274,274,0
2022-09-09 12:56:00,274,274,274,274,0
2022-09-09 12:57:00,274,274,274,274,0
2022-09-09 12:58:00,274,274,274,274,0
2022-09-09 12:59:00,274,274,274,274,0
2022-09-09 13:00:00,274,274,274,274,0
2022-09-09 13:01:00,274,274,274,274,0
2022-09-09 13:02:00,274,274,274,274,0
2022-09-09 13:03:00,274,274,274,274,0
2022-09-09 13:04:00,274,274,274,274,0
2022-09-09 13:05:00,274,274,274,274,0
2022-09-09 13:06:00,274,274,274,274,0
2022-09-09 13:07:00,274,274,274,274,0
2022-09-09 13:08:00,274,274,274,274,0
2022-09-09 13:09:00,274,274,274,274,0
2022-09-09 13:10:00,274,274,274,274,0
2022-09-09 13:11:00,274,274,274,274,0
2022-09-09 13:12:00,274,274,274,274,0
2022-09-09 13:13:00,274,274,274,274,0
2022-09-09 13:14:00,274,274,274,274,0
2022-09-09 13:15:00,274,274,274,274,0
2022-09-09 13:16:00,274,274,274,274,0
2022-09-09 13:17:00,274,274,274,274,0
2022-09-09 13:18:00,274,274,274,274,0
2022-09-09 13:19:00,274,274,274,274,0
2022-09-09 13:20:00,274,274,274,274,0
2022-09-09 13:21:00,274,274,274,274,0
2022-09-09 13:22:00,274,274,274,274,0
2022-09-09 13:23:00,274,274,274,274,0
2022-09-09 13:24:00,274,274,274,274,0
2022-09-09 13:25:00,274,274,274,274,0
2022-09-09 13:26:00,274,274,274,274,0
2022-09-09 13:27:00,274,274,274,274,0
2022-09-09 13:28:00,274,274,274,274,0
2022-09-09 13:29:00,274,274,274,274,0
2022-09-09 13:30:00,270,270,270,270,900
2022-09-09 13:31:00,270,270,270,270,0
2022-09-09 13:32:00,270,270,270,270,0
2022-09-09 13:33:00,270,270,270,270,0
2022-09-09 13:34:00,270,270,270,270,0
2022-09-09 13:35:00,270,270,270,270,0
2022-09-09 13:36:00,270,270,270,270,0
2022-09-09 13:37:00,270,270,270,270,0
2022-09-09 13:38:00,270,270,270,270,0
2022-09-09 13:39:00,270,270,270,270,0
2022-09-09 13:40:00,270,270,270,270,0
2022-09-09 13:41:00,270,270,270,270,0
2022-09-09 13:42:00,270,270,270,270,0
2022-09-09 13:43:00,270,270,270,270,0
2022-09-09 13:44:00,270,270,270,270,0
2022-09-09 13:45:00,270,266,270,266,27700
2022-09-09 13:46:00,270,266,270,266,0
2022-09-09 13:47:00,270,266,270,266,0
2022-09-09 13:48:00,270,266,270,266,0
2022-09-09 13:49:00,270,266,270,266,0
2022-09-09 13:50:00,270,266,270,266,0
2022-09-09 13:51:00,270,266,270,266,0
2022-09-09 13:52:00,270,266,270,266,0
2022-09-09 13:53:00,270,266,270,266,0
2022-09-09 13:54:00,270,266,270,266,0
2022-09-09 13:55:00,270,266,270,266,0
2022-09-09 13:56:00,270,266,270,266,0
2022-09-09 13:57:00,270,266,270,266,0
2022-09-09 13:58:00,270,266,270,266,0
2022-09-09 13:59:00,268,268,268,268,1000
2022-09-09 14:00:00,266,266,266,266,8000
2022-09-09 14:01:00,266,266,266,266,0
2022-09-09 14:02:00,266,266,266,266,0
2022-09-09 14:03:00,266,266,266,266,0
2022-09-09 14:04:00,266,266,266,266,0
2022-09-09 14:05:00,266,266,266,266,0
2022-09-09 14:06:00,266,266,266,266,0
2022-09-09 14:07:00,266,266,266,266,0
2022-09-09 14:08:00,266,266,266,266,0
2022-09-09 14:09:00,266,266,266,266,0
2022-09-09 14:10:00,266,266,266,266,0
2022-09-09 14:11:00,266,266,266,266,0
2022-09-09 14:12:00,266,266,266,266,0
2022-09-09 14:13:00,266,266,266,266,0
2022-09-09 14:14:00,266,266,266,266,0
2022-09-09 14:15:00,266,266,266,266,0
2022-09-09 14:16:00,266,266,266,266,0
2022-09-09 14:17:00,266,266,266,266,0
2022-09-09 14:18:00,266,266,266,266,0
2022-09-09 14:19:00,266,266,266,266,0
2022-09-09 14:20:00,266,266,266,266,0
2022-09-09 14:21:00,266,266,266,266,0
2022-09-09 14:22:00,266,266,266,266,0
2022-09-09 14:23:00,266,266,266,266,0
2022-09-09 14:24:00,266,266,266,266,0
2022-09-09 14:25:00,266,266,266,266,0
2022-09-09 14:26:00,266,266,266,266,0
2022-09-09 14:27:00,266,266,266,266,0
2022-09-09 14:28:00,266,266,266,266,0
2022-09-09 14:29:00,266,266,266,266,0
2022-09-09 14:30:00,266,266,266,266,0
2022-09-09 14:31:00,266,266,266,266,0
2022-09-09 14:32:00,266,266,266,266,0
2022-09-09 14:33:00,266,266,266,266,0
2022-09-09 14:34:00,266,266,266,266,0
2022-09-09 14:35:00,266,266,266,266,0
2022-09-09 14:36:00,266,266,266,266,0
2022-09-09 14:37:00,266,266,266,266,200
2022-09-09 14:38:00,266,266,266,266,0
2022-09-09 14:39:00,272,272,272,272,0
2022-09-09 14:40:00,272,272,272,272,0
2022-09-09 14:41:00,272,272,272,272,0
2022-09-09 14:42:00,272,272,272,272,0
2022-09-09 14:43:00,272,272,272,272,100
2022-09-09 14:44:00,272,272,272,272,0
2022-09-09 14:45:00,272,272,272,272,0
2022-09-09 14:46:00,272,272,272,272,0
2022-09-09 14:47:00,272,272,272,272,0
2022-09-09 14:48:00,272,272,272,272,100
2022-09-09 14:49:00,272,272,272,272,0
2022-09-09 14:50:00,272,272,272,272,0
2022-09-09 14:51:00,272,272,272,272,0
2022-09-09 14:52:00,272,272,272,272,0
2022-09-09 14:53:00,272,272,272,272,0
2022-09-09 14:54:00,272,272,272,272,0
2022-09-09 14:55:00,272,272,272,272,0
2022-09-09 14:56:00,272,272,272,272,0
2022-09-09 14:57:00,272,272,272,272,0
2022-09-09 14:58:00,272,272,272,272,0
2022-09-09 14:59:00,272,272,272,272,0
2022-09-09 15:00:00,272,272,272,272,0
2022-09-09 15:01:00,272,272,272,272,0
2022-09-09 15:02:00,272,272,272,272,0
2022-09-09 15:03:00,272,272,272,272,0
2022-09-09 15:04:00,272,272,272,272,0
2022-09-09 15:05:00,272,272,272,272,0
2022-09-09 15:06:00,272,272,272,272,0
2022-09-09 15:07:00,272,272,272,272,0
2022-09-09 15:08:00,272,272,272,272,200
2022-09-09 15:09:00,272,272,272,272,0
2022-09-09 15:10:00,272,272,272,272,0
2022-09-09 15:11:00,272,272,272,272,10200
2022-09-09 15:12:00,272,272,272,272,22800
2022-09-09 15:13:00,272,272,272,272,0
2022-09-09 15:14:00,272,272,272,272,0
2022-09-09 15:15:00,272,272,272,272,0
2022-09-09 15:16:00,272,272,272,272,0
2022-09-09 15:17:00,272,272,272,272,0
2022-09-09 15:18:00,272,272,272,272,0
2022-09-09 15:19:00,272,272,272,272,0
2022-09-09 15:20:00,272,272,272,272,0
2022-09-09 15:21:00,272,272,272,272,0
2022-09-09 15:22:00,272,272,272,272,0
2022-09-09 15:23:00,272,272,272,272,0
2022-09-09 15:24:00,272,272,272,272,0
2022-09-09 15:25:00,272,272,272,272,0
2022-09-09 15:26:00,272,272,272,272,0
2022-09-09 15:27:00,272,272,272,272,0
2022-09-09 15:28:00,272,272,272,272,0
2022-09-09 15:29:00,272,272,272,272,0
2022-09-09 15:30:00,272,272,272,272,0
2022-09-09 15:31:00,272,272,272,272,0
2022-09-09 15:32:00,272,272,272,272,0
2022-09-09 15:33:00,272,272,272,272,0
2022-09-09 15:34:00,272,272,272,272,0
2022-09-09 15:35:00,272,272,272,272,0
2022-09-09 15:36:00,272,272,272,272,0
2022-09-09 15:37:00,272,272,272,272,0
2022-09-09 15:38:00,272,272,272,272,0
2022-09-09 15:39:00,272,272,272,272,0
2022-09-09 15:40:00,272,272,272,272,0
2022-09-09 15:41:00,272,272,272,272,0
2022-09-09 15:42:00,272,272,272,272,0
2022-09-09 15:43:00,272,272,272,272,0
2022-09-09 15:44:00,272,272,272,272,0
2022-09-09 15:45:00,272,272,272,272,0
2022-09-09 15:46:00,272,272,272,272,0
2022-09-09 15:47:00,272,272,272,272,0
2022-09-09 15:48:00,272,272,272,272,0
2022-09-09 15:49:00,272,272,272,272,0
2022-09-09 15:50:00,272,272,272,272,0
2022-09-09 15:51:00,272,272,272,272,0
2022-09-09 15:52:00,272,272,272,272,0
2022-09-09 15:53:00,272,272,272,272,0
2022-09-09 15:54:00,272,272,272,272,0
2022-09-09 15:55:00,272,272,272,272,0
2022-09-09 15:56:00,272,272,272,272,0
2022-09-09 15:57:00,272,272,272,272,0
2022-09-09 15:58:00,272,272,272,272,0
2022-09-09 15:59:00,272,272,272,272,0
2022-09-12 09:00:00,274,274,282,274,0
2022-09-12 09:01:00,276,276,282,282,415100
2022-09-12 09:02:00,276,276,282,282,0
2022-09-12 09:03:00,276,276,282,282,0
2022-09-12 09:04:00,280,280,280,280,0
2022-09-12 09:05:00,280,280,280,280,0
2022-09-12 09:06:00,280,280,280,280,0
2022-09-12 09:07:00,280,280,280,280,0
2022-09-12 09:08:00,280,280,280,280,0
2022-09-12 09:09:00,280,280,280,280,0
2022-09-12 09:10:00,280,280,280,280,0
2022-09-12 09:11:00,280,280,280,280,0
2022-09-12 09:12:00,280,280,280,280,0
2022-09-12 09:13:00,280,280,280,280,0
2022-09-12 09:14:00,280,280,280,280,0
2022-09-12 09:15:00,280,280,280,280,0
2022-09-12 09:16:00,280,280,280,280,0
2022-09-12 09:17:00,280,280,280,280,0
2022-09-12 09:18:00,280,280,280,280,0
2022-09-12 09:19:00,280,280,280,280,0
2022-09-12 09:20:00,278,278,278,278,9000
2022-09-12 09:21:00,278,276,278,276,46800
2022-09-12 09:22:00,278,278,278,278,3000
2022-09-12 09:23:00,278,278,278,278,200
2022-09-12 09:24:00,278,278,278,278,2000
2022-09-12 09:25:00,278,278,278,278,400
2022-09-12 09:26:00,278,278,278,278,0
2022-09-12 09:27:00,278,278,278,278,16000
2022-09-12 09:28:00,278,278,278,278,0
2022-09-12 09:29:00,278,278,278,278,0
2022-09-12 09:30:00,278,278,278,278,0
2022-09-12 09:31:00,278,278,278,278,0
2022-09-12 09:32:00,278,278,278,278,0
2022-09-12 09:33:00,280,280,280,280,2600
2022-09-12 09:34:00,280,280,280,280,0
2022-09-12 09:35:00,280,280,280,280,0
2022-09-12 09:36:00,280,280,280,280,0
2022-09-12 09:37:00,280,280,280,280,0
2022-09-12 09:38:00,280,280,280,280,0
2022-09-12 09:39:00,280,280,280,280,0
2022-09-12 09:40:00,280,280,280,280,0
2022-09-12 09:41:00,280,274,280,274,35600
2022-09-12 09:42:00,282,282,282,282,0
2022-09-12 09:43:00,282,282,282,282,0
2022-09-12 09:44:00,282,282,282,282,0
2022-09-12 09:45:00,282,282,282,282,0
2022-09-12 09:46:00,282,282,282,282,0
2022-09-12 09:47:00,282,282,282,282,0
2022-09-12 09:48:00,282,282,282,282,0
2022-09-12 09:49:00,282,282,282,282,0
2022-09-12 09:50:00,282,282,282,282,0
2022-09-12 09:51:00,282,282,282,282,0
2022-09-12 09:52:00,282,282,282,282,0
2022-09-12 09:53:00,282,282,282,282,0
2022-09-12 09:54:00,282,282,282,282,0
2022-09-12 09:55:00,278,278,282,282,6600
2022-09-12 09:56:00,278,278,282,282,0
2022-09-12 09:57:00,282,282,282,282,1700
2022-09-12 09:58:00,282,282,282,282,27400
2022-09-12 09:59:00,282,282,282,282,0
2022-09-12 10:00:00,282,282,282,282,0
2022-09-12 10:01:00,282,282,282,282,0
2022-09-12 10:02:00,282,282,282,282,0
2022-09-12 10:03:00,280,280,280,280,0
2022-09-12 10:04:00,280,280,280,280,0
2022-09-12 10:05:00,280,280,280,280,0
2022-09-12 10:06:00,280,280,280,280,0
2022-09-12 10:07:00,276,276,276,276,100
2022-09-12 10:08:00,276,276,276,276,0
2022-09-12 10:09:00,276,276,276,276,0
2022-09-12 10:10:00,276,276,276,276,0
2022-09-12 10:11:00,276,276,276,276,0
2022-09-12 10:12:00,276,276,276,276,800
2022-09-12 10:13:00,276,276,276,276,0
2022-09-12 10:14:00,276,276,276,276,0
2022-09-12 10:15:00,276,276,276,276,0
2022-09-12 10:16:00,276,274,276,274,10800
2022-09-12 10:17:00,274,274,274,274,800
2022-09-12 10:18:00,274,274,274,274,0
2022-09-12 10:19:00,274,274,274,274,0
2022-09-12 10:20:00,274,274,274,274,0
2022-09-12 10:21:00,274,274,274,274,0
2022-09-12 10:22:00,274,274,274,274,0
2022-09-12 10:23:00,274,274,274,274,0
2022-09-12 10:24:00,274,274,274,274,0
2022-09-12 10:25:00,274,274,274,274,0
2022-09-12 10:26:00,274,274,274,274,0
2022-09-12 10:27:00,274,274,274,274,0
2022-09-12 10:28:00,274,274,274,274,0
2022-09-12 10:29:00,274,274,274,274,0
2022-09-12 10:30:00,274,274,274,274,0
2022-09-12 10:31:00,274,274,274,274,0
2022-09-12 10:32:00,274,274,274,274,0
2022-09-12 10:33:00,274,274,274,274,0
2022-09-12 10:34:00,274,274,274,274,0
2022-09-12 10:35:00,274,274,274,274,0
2022-09-12 10:36:00,274,274,274,274,0
2022-09-12 10:37:00,274,274,274,274,0
2022-09-12 10:38:00,274,274,274,274,0
2022-09-12 10:39:00,274,274,274,274,0
2022-09-12 10:40:00,274,274,274,274,0
2022-09-12 10:41:00,274,274,274,274,0
2022-09-12 10:42:00,274,274,274,274,0
2022-09-12 10:43:00,274,274,274,274,0
2022-09-12 10:44:00,274,274,274,274,0
2022-09-12 10:45:00,274,274,274,274,0
2022-09-12 10:46:00,274,274,274,274,0
2022-09-12 10:47:00,274,274,274,274,0
2022-09-12 10:48:00,274,274,274,274,0
2022-09-12 10:49:00,274,274,274,274,0
2022-09-12 10:50:00,274,274,274,274,0
2022-09-12 10:51:00,274,274,274,274,0
2022-09-12 10:52:00,274,274,274,274,0
2022-09-12 10:53:00,280,280,280,280,100
2022-09-12 10:54:00,280,280,280,280,0
2022-09-12 10:55:00,280,280,280,280,0
2022-09-12 10:56:00,280,280,280,280,0
2022-09-12 10:57:00,280,280,280,280,0
2022-09-12 10:58:00,280,280,280,280,0
2022-09-12 10:59:00,280,280,280,280,0
2022-09-12 11:00:00,280,280,280,280,0
2022-09-12 11:01:00,280,280,280,280,0
2022-09-12 11:02:00,280,280,280,280,0
2022-09-12 11:03:00,280,280,280,280,0
2022-09-12 11:04:00,274,274,274,274,900
2022-09-12 11:05:00,274,274,274,274,0
2022-09-12 11:06:00,274,274,274,274,0
2022-09-12 11:07:00,274,274,274,274,0
2022-09-12 11:08:00,274,274,274,274,0
2022-09-12 11:09:00,274,274,274,274,0
2022-09-12 11:10:00,274,274,274,274,0
2022-09-12 11:11:00,274,274,274,274,0
2022-09-12 11:12:00,274,274,274,274,0
2022-09-12 11:13:00,274,274,274,274,0
2022-09-12 11:14:00,274,274,274,274,0
2022-09-12 11:15:00,274,274,274,274,200
2022-09-12 11:16:00,274,274,274,274,0
2022-09-12 11:17:00,274,274,274,274,0
2022-09-12 11:18:00,274,274,274,274,9700
2022-09-12 11:19:00,274,274,274,274,0
2022-09-12 11:20:00,272,272,272,272,1300
2022-09-12 11:21:00,272,272,272,272,0
2022-09-12 11:22:00,272,272,272,272,0
2022-09-12 11:23:00,272,272,272,272,0
2022-09-12 11:24:00,272,272,272,272,0
2022-09-12 11:25:00,272,272,272,272,0
2022-09-12 11:26:00,272,272,272,272,0
2022-09-12 11:27:00,272,272,272,272,0
2022-09-12 11:28:00,272,272,272,272,100
2022-09-12 11:29:00,272,272,272,272,0
2022-09-12 11:30:00,272,272,272,272,0
2022-09-12 11:31:00,272,272,272,272,0
2022-09-12 11:32:00,272,272,272,272,0
2022-09-12 11:33:00,272,272,272,272,0
2022-09-12 11:34:00,272,272,272,272,0
2022-09-12 11:35:00,272,272,272,272,0
2022-09-12 11:36:00,272,272,272,272,0
2022-09-12 11:37:00,272,272,272,272,0
2022-09-12 11:38:00,272,272,272,272,0
2022-09-12 11:39:00,272,272,272,272,0
2022-09-12 11:40:00,272,272,272,272,0
2022-09-12 11:41:00,272,272,272,272,0
2022-09-12 11:42:00,272,272,272,272,0
2022-09-12 11:43:00,272,272,272,272,0
2022-09-12 11:44:00,272,272,272,272,0
2022-09-12 11:45:00,272,272,272,272,0
2022-09-12 11:46:00,272,272,272,272,0
2022-09-12 11:47:00,272,272,272,272,0
2022-09-12 11:48:00,272,272,272,272,0
2022-09-12 11:49:00,272,272,272,272,0
2022-09-12 11:50:00,272,272,272,272,0
2022-09-12 11:51:00,272,272,272,272,0
2022-09-12 11:52:00,272,272,272,272,0
2022-09-12 11:53:00,272,272,272,272,0
2022-09-12 11:54:00,272,272,272,272,0
2022-09-12 11:55:00,272,272,272,272,0
2022-09-12 11:56:00,272,272,272,272,0
2022-09-12 11:57:00,272,272,272,272,0
2022-09-12 11:58:00,272,272,272,272,0
2022-09-12 11:59:00,272,272,272,272,0
2022-09-12 12:00:00,272,272,272,272,0
2022-09-12 12:01:00,272,272,272,272,0
2022-09-12 12:02:00,272,272,272,272,0
2022-09-12 12:03:00,272,272,272,272,0
2022-09-12 12:04:00,272,272,272,272,0
2022-09-12 12:05:00,272,272,272,272,0
2022-09-12 12:06:00,272,272,272,272,0
2022-09-12 12:07:00,272,272,272,272,0
2022-09-12 12:08:00,272,272,272,272,0
2022-09-12 12:09:00,272,272,272,272,0
2022-09-12 12:10:00,272,272,272,272,0
2022-09-12 12:11:00,272,272,272,272,0
2022-09-12 12:12:00,272,272,272,272,0
2022-09-12 12:13:00,272,272,272,272,0
2022-09-12 12:14:00,272,272,272,272,0
2022-09-12 12:15:00,272,272,272,272,0
2022-09-12 12:16:00,272,272,272,272,0
2022-09-12 12:17:00,272,272,272,272,0
2022-09-12 12:18:00,272,272,272,272,0
2022-09-12 12:19:00,272,272,272,272,0
2022-09-12 12:20:00,272,272,272,272,0
2022-09-12 12:21:00,272,272,272,272,0
2022-09-12 12:22:00,272,272,272,272,0
2022-09-12 12:23:00,272,272,272,272,0
2022-09-12 12:24:00,272,272,272,272,0
2022-09-12 12:25:00,272,272,272,272,0
2022-09-12 12:26:00,272,272,272,272,0
2022-09-12 12:27:00,272,272,272,272,0
2022-09-12 12:28:00,272,272,272,272,0
2022-09-12 12:29:00,272,272,272,272,0
2022-09-12 12:30:00,272,272,272,272,0
2022-09-12 12:31:00,272,272,272,272,0
2022-09-12 12:32:00,272,272,272,272,0
2022-09-12 12:33:00,272,272,272,272,0
2022-09-12 12:34:00,272,272,272,272,0
2022-09-12 12:35:00,272,272,272,272,0
2022-09-12 12:36:00,272,272,272,272,0
2022-09-12 12:37:00,272,272,272,272,0
2022-09-12 12:38:00,272,272,272,272,0
2022-09-12 12:39:00,272,272,272,272,0
2022-09-12 12:40:00,272,272,272,272,0
2022-09-12 12:41:00,272,272,272,272,0
2022-09-12 12:42:00,272,272,272,272,0
2022-09-12 12:43:00,272,272,272,272,0
2022-09-12 12:44:00,272,272,272,272,0
2022-09-12 12:45:00,272,272,272,272,0
2022-09-12 12:46:00,272,272,272,272,0
2022-09-12 12:47:00,272,272,272,272,0
2022-09-12 12:48:00,272,272,272,272,0
2022-09-12 12:49:00,272,272,272,272,0
2022-09-12 12:50:00,272,272,272,272,0
2022-09-12 12:51:00,272,272,272,272,0
2022-09-12 12:52:00,272,272,272,272,0
2022-09-12 12:53:00,272,272,272,272,0
2022-09-12 12:54:00,272,272,272,272,0
2022-09-12 12:55:00,272,272,272,272,0
2022-09-12 12:56:00,272,272,272,272,0
2022-09-12 12:57:00,272,272,272,272,0
2022-09-12 12:58:00,272,272,272,272,0
2022-09-12 12:59:00,272,272,272,272,0
2022-09-12 13:00:00,272,272,272,272,0
2022-09-12 13:01:00,272,272,272,272,0
2022-09-12 13:02:00,272,272,272,272,0
2022-09-12 13:03:00,272,272,272,272,0
2022-09-12 13:04:00,272,272,272,272,0
2022-09-12 13:05:00,272,272,272,272,0
2022-09-12 13:06:00,272,272,272,272,0
2022-09-12 13:07:00,272,272,272,272,0
2022-09-12 13:08:00,272,272,272,272,0
2022-09-12 13:09:00,272,272,272,272,0
2022-09-12 13:10:00,272,272,272,272,0
2022-09-12 13:11:00,272,272,272,272,0
2022-09-12 13:12:00,272,272,272,272,0
2022-09-12 13:13:00,272,272,272,272,0
2022-09-12 13:14:00,272,272,272,272,0
2022-09-12 13:15:00,272,272,272,272,0
2022-09-12 13:16:00,272,272,272,272,0
2022-09-12 13:17:00,272,272,272,272,0
2022-09-12 13:18:00,272,272,272,272,0
2022-09-12 13:19:00,272,272,272,272,0
2022-09-12 13:20:00,272,272,272,272,0
2022-09-12 13:21:00,272,272,272,272,0
2022-09-12 13:22:00,272,272,272,272,0
2022-09-12 13:23:00,272,272,272,272,0
2022-09-12 13:24:00,272,272,272,272,0
2022-09-12 13:25:00,272,272,272,272,0
2022-09-12 13:26:00,272,272,272,272,0
2022-09-12 13:27:00,272,272,272,272,0
2022-09-12 13:28:00,272,272,272,272,0
2022-09-12 13:29:00,272,272,272,272,0
2022-09-12 13:30:00,278,278,278,278,900
2022-09-12 13:31:00,278,278,278,278,0
2022-09-12 13:32:00,278,278,278,278,0
2022-09-12 13:33:00,278,278,278,278,0
2022-09-12 13:34:00,278,278,278,278,0
2022-09-12 13:35:00,278,278,278,278,0
2022-09-12 13:36:00,278,278,278,278,0
2022-09-12 13:37:00,278,278,278,278,0
2022-09-12 13:38:00,278,278,278,278,0
2022-09-12 13:39:00,278,278,278,278,0
2022-09-12 13:40:00,278,278,278,278,0
2022-09-12 13:41:00,278,278,278,278,0
2022-09-12 13:42:00,278,278,278,278,0
2022-09-12 13:43:00,278,278,278,278,0
2022-09-12 13:44:00,278,278,278,278,0
2022-09-12 13:45:00,278,278,278,278,0
2022-09-12 13:46:00,278,278,278,278,0
2022-09-12 13:47:00,278,278,278,278,0
2022-09-12 13:48:00,278,278,278,278,0
2022-09-12 13:49:00,278,278,278,278,0
2022-09-12 13:50:00,278,278,278,278,0
2022-09-12 13:51:00,278,278,278,278,0
2022-09-12 13:52:00,278,278,278,278,0
2022-09-12 13:53:00,278,278,278,278,0
2022-09-12 13:54:00,278,278,278,278,0
2022-09-12 13:55:00,278,278,278,278,0
2022-09-12 13:56:00,278,278,278,278,0
2022-09-12 13:57:00,278,278,278,278,0
2022-09-12 13:58:00,278,278,278,278,0
2022-09-12 13:59:00,278,278,278,278,0
2022-09-12 14:00:00,278,278,278,278,0
2022-09-12 14:01:00,278,278,278,278,0
2022-09-12 14:02:00,278,278,278,278,0
2022-09-12 14:03:00,278,278,278,278,100
2022-09-12 14:04:00,278,278,278,278,0
2022-09-12 14:05:00,278,278,278,278,0
2022-09-12 14:06:00,278,278,278,278,0
2022-09-12 14:07:00,278,278,278,278,0
2022-09-12 14:08:00,278,278,278,278,0
2022-09-12 14:09:00,278,278,278,278,0
2022-09-12 14:10:00,278,278,278,278,0
2022-09-12 14:11:00,278,278,278,278,0
2022-09-12 14:12:00,278,278,278,278,0
2022-09-12 14:13:00,278,278,278,278,0
2022-09-12 14:14:00,278,278,278,278,0
2022-09-12 14:15:00,278,278,278,278,0
2022-09-12 14:16:00,278,278,278,278,0
2022-09-12 14:17:00,278,278,278,278,0
2022-09-12 14:18:00,278,278,278,278,0
2022-09-12 14:19:00,278,278,278,278,0
2022-09-12 14:20:00,274,274,274,274,16000
2022-09-12 14:21:00,274,274,274,274,0
2022-09-12 14:22:00,274,274,274,274,0
2022-09-12 14:23:00,274,274,274,274,0
2022-09-12 14:24:00,274,274,274,274,0
2022-09-12 14:25:00,274,274,274,274,0
2022-09-12 14:26:00,274,274,274,274,0
2022-09-12 14:27:00,274,274,274,274,0
2022-09-12 14:28:00,274,274,274,274,0
2022-09-12 14:29:00,274,274,274,274,0
2022-09-12 14:30:00,274,274,274,274,0
2022-09-12 14:31:00,274,274,274,274,0
2022-09-12 14:32:00,274,274,274,274,0
2022-09-12 14:33:00,274,274,274,274,0
2022-09-12 14:34:00,274,274,274,274,0
2022-09-12 14:35:00,274,274,274,274,0
2022-09-12 14:36:00,274,274,274,274,0
2022-09-12 14:37:00,274,274,274,274,0
2022-09-12 14:38:00,278,278,284,284,5300
2022-09-12 14:39:00,278,278,284,284,0
2022-09-12 14:40:00,278,278,284,284,0
2022-09-12 14:41:00,284,284,284,284,400
2022-09-12 14:42:00,286,284,290,284,13000
2022-09-12 14:43:00,286,284,290,284,0
2022-09-12 14:44:00,286,286,286,286,400
2022-09-12 14:45:00,286,286,286,286,0
2022-09-12 14:46:00,284,284,284,284,0
2022-09-12 14:47:00,284,284,284,284,0
2022-09-12 14:48:00,284,284,284,284,0
2022-09-12 14:49:00,284,284,284,284,0
2022-09-12 14:50:00,284,284,284,284,0
2022-09-12 14:51:00,284,284,284,284,0
2022-09-12 14:52:00,284,284,284,284,0
2022-09-12 14:53:00,284,284,284,284,0
2022-09-12 14:54:00,284,284,284,284,0
2022-09-12 14:55:00,284,284,284,284,0
2022-09-12 14:56:00,284,284,284,284,0
2022-09-12 14:57:00,284,284,284,284,0
2022-09-12 14:58:00,284,284,284,284,0
2022-09-12 14:59:00,284,284,284,284,0
2022-09-12 15:00:00,284,284,284,284,0
2022-09-12 15:01:00,284,284,284,284,0
2022-09-12 15:02:00,284,284,284,284,0
2022-09-12 15:03:00,284,284,284,284,0
2022-09-12 15:04:00,284,284,284,284,0
2022-09-12 15:05:00,284,284,284,284,0
2022-09-12 15:06:00,284,284,284,284,0
2022-09-12 15:07:00,284,284,284,284,0
2022-09-12 15:08:00,284,284,284,284,0
2022-09-12 15:09:00,284,284,284,284,0
2022-09-12 15:10:00,284,284,284,284,0
2022-09-12 15:11:00,284,284,284,284,0
2022-09-12 15:12:00,284,284,284,284,0
2022-09-12 15:13:00,284,284,284,284,0
2022-09-12 15:14:00,284,284,284,284,0
2022-09-12 15:15:00,284,284,284,284,0
2022-09-12 15:16:00,284,284,284,284,0
2022-09-12 15:17:00,284,284,284,284,0
2022-09-12 15:18:00,284,284,284,284,0
2022-09-12 15:19:00,284,284,284,284,0
2022-09-12 15:20:00,284,284,284,284,0
2022-09-12 15:21:00,284,284,284,284,0
2022-09-12 15:22:00,284,284,284,284,0
2022-09-12 15:23:00,284,284,284,284,0
2022-09-12 15:24:00,284,284,284,284,0
2022-09-12 15:25:00,284,284,284,284,0
2022-09-12 15:26:00,284,284,284,284,0
2022-09-12 15:27:00,284,284,284,284,0
2022-09-12 15:28:00,284,284,284,284,0
2022-09-12 15:29:00,284,284,284,284,0
2022-09-12 15:30:00,284,284,284,284,0
2022-09-12 15:31:00,284,284,284,284,0
2022-09-12 15:32:00,284,284,284,284,0
2022-09-12 15:33:00,284,284,284,284,0
2022-09-12 15:34:00,284,284,284,284,0
2022-09-12 15:35:00,284,284,284,284,0
2022-09-12 15:36:00,284,284,284,284,0
2022-09-12 15:37:00,284,284,284,284,0
2022-09-12 15:38:00,284,284,284,284,0
2022-09-12 15:39:00,284,284,284,284,0
2022-09-12 15:40:00,284,284,284,284,0
2022-09-12 15:41:00,284,284,284,284,0
2022-09-12 15:42:00,284,284,284,284,0
2022-09-12 15:43:00,284,284,284,284,0
2022-09-12 15:44:00,284,284,284,284,0
2022-09-12 15:45:00,284,284,284,284,0
2022-09-12 15:46:00,284,284,284,284,0
2022-09-12 15:47:00,284,284,284,284,0
2022-09-12 15:48:00,284,284,284,284,0
2022-09-12 15:49:00,284,284,284,284,0
2022-09-12 15:50:00,284,284,284,284,0
2022-09-12 15:51:00,284,284,284,284,0
2022-09-12 15:52:00,284,284,284,284,0
2022-09-12 15:53:00,284,284,284,284,0
2022-09-12 15:54:00,284,284,284,284,0
2022-09-12 15:55:00,284,284,284,284,0
2022-09-12 15:56:00,284,284,284,284,0
2022-09-12 15:57:00,284,284,284,284,0
2022-09-12 15:58:00,284,284,284,284,0
2022-09-12 15:59:00,284,284,284,284,0
2022-09-13 09:00:00,274,274,284,284,300
2022-09-13 09:01:00,274,274,284,284,0
2022-09-13 09:02:00,274,274,284,284,0
2022-09-13 09:03:00,274,274,284,284,0
2022-09-13 09:04:00,274,274,284,284,0
2022-09-13 09:05:00,274,274,284,284,0
2022-09-13 09:06:00,274,274,284,284,0
2022-09-13 09:07:00,274,274,284,284,0
2022-09-13 09:08:00,284,284,286,286,300
2022-09-13 09:09:00,284,284,286,286,0
2022-09-13 09:10:00,284,284,286,286,0
2022-09-13 09:11:00,284,284,286,286,0
2022-09-13 09:12:00,286,286,286,286,100
2022-09-13 09:13:00,286,286,286,286,0
2022-09-13 09:14:00,286,286,286,286,0
2022-09-13 09:15:00,286,286,286,286,0
2022-09-13 09:16:00,286,286,286,286,0
2022-09-13 09:17:00,286,286,286,286,0
2022-09-13 09:18:00,286,286,286,286,0
2022-09-13 09:19:00,286,286,286,286,0
2022-09-13 09:20:00,286,286,286,286,0
2022-09-13 09:21:00,286,286,286,286,0
2022-09-13 09:22:00,286,286,286,286,0
2022-09-13 09:23:00,286,286,286,286,0
2022-09-13 09:24:00,286,286,286,286,100
2022-09-13 09:25:00,286,286,286,286,0
2022-09-13 09:26:00,286,286,286,286,0
2022-09-13 09:27:00,286,286,286,286,0
2022-09-13 09:28:00,286,286,286,286,0
2022-09-13 09:29:00,286,286,286,286,0
2022-09-13 09:30:00,284,284,284,284,8800
2022-09-13 09:31:00,284,284,284,284,0
2022-09-13 09:32:00,284,284,284,284,0
2022-09-13 09:33:00,284,284,284,284,0
2022-09-13 09:34:00,284,284,284,284,0
2022-09-13 09:35:00,284,284,284,284,0
2022-09-13 09:36:00,284,284,284,284,0
2022-09-13 09:37:00,284,284,284,284,0
2022-09-13 09:38:00,284,284,284,284,0
2022-09-13 09:39:00,284,284,284,284,0
2022-09-13 09:40:00,284,284,284,284,0
2022-09-13 09:41:00,284,284,284,284,0
2022-09-13 09:42:00,284,284,284,284,0
2022-09-13 09:43:00,284,284,284,284,0
2022-09-13 09:44:00,284,284,284,284,0
2022-09-13 09:45:00,284,284,284,284,0
2022-09-13 09:46:00,284,284,284,284,0
2022-09-13 09:47:00,284,284,284,284,0
2022-09-13 09:48:00,284,284,284,284,0
2022-09-13 09:49:00,284,284,284,284,0
2022-09-13 09:50:00,284,284,284,284,0
2022-09-13 09:51:00,284,284,284,284,0
2022-09-13 09:52:00,284,284,284,284,0
2022-09-13 09:53:00,284,284,284,284,0
2022-09-13 09:54:00,284,284,284,284,0
2022-09-13 09:55:00,284,284,284,284,0
2022-09-13 09:56:00,284,284,284,284,0
2022-09-13 09:57:00,284,284,284,284,0
2022-09-13 09:58:00,284,284,284,284,0
2022-09-13 09:59:00,284,284,284,284,0
2022-09-13 10:00:00,284,284,284,284,0
2022-09-13 10:01:00,284,284,284,284,0
2022-09-13 10:02:00,284,284,284,284,0
2022-09-13 10:03:00,284,284,284,284,0
2022-09-13 10:04:00,284,284,284,284,0
2022-09-13 10:05:00,284,284,284,284,0
2022-09-13 10:06:00,284,284,284,284,0
2022-09-13 10:07:00,284,284,284,284,0
2022-09-13 10:08:00,284,284,284,284,0
2022-09-13 10:09:00,284,284,284,284,0
2022-09-13 10:10:00,284,284,284,284,0
2022-09-13 10:11:00,284,284,284,284,0
2022-09-13 10:12:00,284,284,284,284,0
2022-09-13 10:13:00,284,284,284,284,0
2022-09-13 10:14:00,284,284,284,284,0
2022-09-13 10:15:00,284,284,284,284,0
2022-09-13 10:16:00,284,284,284,284,200
2022-09-13 10:17:00,284,284,284,284,3400
2022-09-13 10:18:00,284,284,284,284,0
2022-09-13 10:19:00,284,284,284,284,0
2022-09-13 10:20:00,284,284,284,284,0
2022-09-13 10:21:00,284,284,284,284,0
2022-09-13 10:22:00,284,284,284,284,0
2022-09-13 10:23:00,284,284,284,284,0
2022-09-13 10:24:00,284,284,284,284,0
2022-09-13 10:25:00,284,284,284,284,0
2022-09-13 10:26:00,284,284,284,284,0
2022-09-13 10:27:00,284,284,284,284,0
2022-09-13 10:28:00,284,284,284,284,0
2022-09-13 10:29:00,284,284,284,284,0
2022-09-13 10:30:00,284,284,284,284,0
2022-09-13 10:31:00,284,284,284,284,0
2022-09-13 10:32:00,284,284,284,284,0
2022-09-13 10:33:00,284,284,284,284,0
2022-09-13 10:34:00,284,284,284,284,0
2022-09-13 10:35:00,284,284,284,284,0
2022-09-13 10:36:00,284,284,284,284,0
2022-09-13 10:37:00,284,284,284,284,0
2022-09-13 10:38:00,284,284,284,284,0
2022-09-13 10:39:00,284,284,284,284,0
2022-09-13 10:40:00,284,284,284,284,0
2022-09-13 10:41:00,284,284,284,284,0
2022-09-13 10:42:00,284,284,284,284,0
2022-09-13 10:43:00,284,284,284,284,0
2022-09-13 10:44:00,284,284,284,284,0
2022-09-13 10:45:00,284,284,284,284,0
2022-09-13 10:46:00,284,284,284,284,0
2022-09-13 10:47:00,284,284,284,284,0
2022-09-13 10:48:00,284,284,284,284,0
2022-09-13 10:49:00,284,284,284,284,0
2022-09-13 10:50:00,280,280,280,280,23200
2022-09-13 10:51:00,280,280,280,280,0
2022-09-13 10:52:00,280,280,280,280,0
2022-09-13 10:53:00,280,280,280,280,0
2022-09-13 10:54:00,280,280,280,280,0
2022-09-13 10:55:00,280,280,280,280,0
2022-09-13 10:56:00,280,280,280,280,0
2022-09-13 10:57:00,280,280,280,280,0
2022-09-13 10:58:00,280,280,280,280,0
2022-09-13 10:59:00,280,280,280,280,0
2022-09-13 11:00:00,280,280,280,280,0
2022-09-13 11:01:00,282,282,282,282,15000
2022-09-13 11:02:00,282,282,282,282,0
2022-09-13 11:03:00,282,282,282,282,0
2022-09-13 11:04:00,282,282,282,282,0
2022-09-13 11:05:00,282,282,282,282,0
2022-09-13 11:06:00,282,282,282,282,0
2022-09-13 11:07:00,282,282,282,282,0
2022-09-13 11:08:00,282,282,282,282,0
2022-09-13 11:09:00,282,282,282,282,0
2022-09-13 11:10:00,282,282,282,282,0
2022-09-13 11:11:00,282,282,282,282,0
2022-09-13 11:12:00,282,282,282,282,0
2022-09-13 11:13:00,282,282,282,282,0
2022-09-13 11:14:00,282,282,282,282,0
2022-09-13 11:15:00,282,282,282,282,0
2022-09-13 11:16:00,282,282,282,282,0
2022-09-13 11:17:00,282,282,282,282,0
2022-09-13 11:18:00,282,282,282,282,0
2022-09-13 11:19:00,282,282,282,282,0
2022-09-13 11:20:00,282,282,282,282,15000
2022-09-13 11:21:00,282,282,282,282,0
2022-09-13 11:22:00,282,282,282,282,0
2022-09-13 11:23:00,282,282,282,282,0
2022-09-13 11:24:00,282,282,282,282,0
2022-09-13 11:25:00,282,282,282,282,0
2022-09-13 11:26:00,282,282,282,282,0
2022-09-13 11:27:00,282,282,282,282,0
2022-09-13 11:28:00,282,282,282,282,0
2022-09-13 11:29:00,280,280,280,280,10100
2022-09-13 11:30:00,280,280,280,280,0
2022-09-13 11:31:00,280,280,280,280,0
2022-09-13 11:32:00,280,280,280,280,0
2022-09-13 11:33:00,280,280,280,280,0
2022-09-13 11:34:00,280,280,280,280,0
2022-09-13 11:35:00,280,280,280,280,0
2022-09-13 11:36:00,280,280,280,280,0
2022-09-13 11:37:00,280,280,280,280,0
2022-09-13 11:38:00,280,280,280,280,0
2022-09-13 11:39:00,280,280,280,280,0
2022-09-13 11:40:00,280,280,280,280,0
2022-09-13 11:41:00,280,280,280,280,0
2022-09-13 11:42:00,280,280,280,280,0
2022-09-13 11:43:00,280,280,280,280,0
2022-09-13 11:44:00,280,280,280,280,0
2022-09-13 11:45:00,280,280,280,280,0
2022-09-13 11:46:00,280,280,280,280,0
2022-09-13 11:47:00,280,280,280,280,0
2022-09-13 11:48:00,280,280,280,280,0
2022-09-13 11:49:00,280,280,280,280,0
2022-09-13 11:50:00,280,280,280,280,0
2022-09-13 11:51:00,280,280,280,280,0
2022-09-13 11:52:00,280,280,280,280,0
2022-09-13 11:53:00,280,280,280,280,0
2022-09-13 11:54:00,280,280,280,280,0
2022-09-13 11:55:00,280,280,280,280,0
2022-09-13 11:56:00,280,280,280,280,0
2022-09-13 11:57:00,280,280,280,280,0
2022-09-13 11:58:00,280,280,280,280,0
2022-09-13 11:59:00,280,280,280,280,0
2022-09-13 12:00:00,280,280,280,280,0
2022-09-13 12:01:00,280,280,280,280,0
2022-09-13 12:02:00,280,280,280,280,0
2022-09-13 12:03:00,280,280,280,280,0
2022-09-13 12:04:00,280,280,280,280,0
2022-09-13 12:05:00,280,280,280,280,0
2022-09-13 12:06:00,280,280,280,280,0
2022-09-13 12:07:00,280,280,280,280,0
2022-09-13 12:08:00,280,280,280,280,0
2022-09-13 12:09:00,280,280,280,280,0
2022-09-13 12:10:00,280,280,280,280,0
2022-09-13 12:11:00,280,280,280,280,0
2022-09-13 12:12:00,280,280,280,280,0
2022-09-13 12:13:00,280,280,280,280,0
2022-09-13 12:14:00,280,280,280,280,0
2022-09-13 12:15:00,280,280,280,280,0
2022-09-13 12:16:00,280,280,280,280,0
2022-09-13 12:17:00,280,280,280,280,0
2022-09-13 12:18:00,280,280,280,280,0
2022-09-13 12:19:00,280,280,280,280,0
2022-09-13 12:20:00,280,280,280,280,0
2022-09-13 12:21:00,280,280,280,280,0
2022-09-13 12:22:00,280,280,280,280,0
2022-09-13 12:23:00,280,280,280,280,0
2022-09-13 12:24:00,280,280,280,280,0
2022-09-13 12:25:00,280,280,280,280,0
2022-09-13 12:26:00,280,280,280,280,0
2022-09-13 12:27:00,280,280,280,280,0
2022-09-13 12:28:00,280,280,280,280,0
2022-09-13 12:29:00,280,280,280,280,0
2022-09-13 12:30:00,280,280,280,280,0
2022-09-13 12:31:00,280,280,280,280,0
2022-09-13 12:32:00,280,280,280,280,0
2022-09-13 12:33:00,280,280,280,280,0
2022-09-13 12:34:00,280,280,280,280,0
2022-09-13 12:35:00,280,280,280,280,0
2022-09-13 12:36:00,280,280,280,280,0
2022-09-13 12:37:00,280,280,280,280,0
2022-09-13 12:38:00,280,280,280,280,0
2022-09-13 12:39:00,280,280,280,280,0
2022-09-13 12:40:00,280,280,280,280,0
2022-09-13 12:41:00,280,280,280,280,0
2022-09-13 12:42:00,280,280,280,280,0
2022-09-13 12:43:00,280,280,280,280,0
2022-09-13 12:44:00,280,280,280,280,0
2022-09-13 12:45:00,280,280,280,280,0
2022-09-13 12:46:00,280,280,280,280,0
2022-09-13 12:47:00,280,280,280,280,0
2022-09-13 12:48:00,280,280,280,280,0
2022-09-13 12:49:00,280,280,280,280,0
2022-09-13 12:50:00,280,280,280,280,0
2022-09-13 12:51:00,280,280,280,280,0
2022-09-13 12:52:00,280,280,280,280,0
2022-09-13 12:53:00,280,280,280,280,0
2022-09-13 12:54:00,280,280,280,280,0
2022-09-13 12:55:00,280,280,280,280,0
2022-09-13 12:56:00,280,280,280,280,0
2022-09-13 12:57:00,280,280,280,280,0
2022-09-13 12:58:00,280,280,280,280,0
2022-09-13 12:59:00,280,280,280,280,0
2022-09-13 13:00:00,280,280,280,280,0
2022-09-13 13:01:00,280,280,280,280,0
2022-09-13 13:02:00,280,280,280,280,0
2022-09-13 13:03:00,280,280,280,280,0
2022-09-13 13:04:00,280,280,280,280,0
2022-09-13 13:05:00,280,280,280,280,0
2022-09-13 13:06:00,280,280,280,280,0
2022-09-13 13:07:00,280,280,280,280,0
2022-09-13 13:08:00,280,280,280,280,0
2022-09-13 13:09:00,280,280,280,280,0
2022-09-13 13:10:00,280,280,280,280,0
2022-09-13 13:11:00,280,280,280,280,0
2022-09-13 13:12:00,280,280,280,280,0
2022-09-13 13:13:00,280,280,280,280,0
2022-09-13 13:14:00,280,280,280,280,0
2022-09-13 13:15:00,280,280,280,280,0
2022-09-13 13:16:00,280,280,280,280,0
2022-09-13 13:17:00,280,280,280,280,0
2022-09-13 13:18:00,280,280,280,280,0
2022-09-13 13:19:00,280,280,280,280,0
2022-09-13 13:20:00,280,280,280,280,0
2022-09-13 13:21:00,280,280,280,280,0
2022-09-13 13:22:00,280,280,280,280,0
2022-09-13 13:23:00,280,280,280,280,0
2022-09-13 13:24:00,280,280,280,280,0
2022-09-13 13:25:00,280,280,280,280,0
2022-09-13 13:26:00,280,280,280,280,0
2022-09-13 13:27:00,280,280,280,280,0
2022-09-13 13:28:00,280,280,280,280,0
2022-09-13 13:29:00,280,280,280,280,0
2022-09-13 13:30:00,280,280,280,280,200
2022-09-13 13:31:00,280,280,280,280,0
2022-09-13 13:32:00,280,280,280,280,0
2022-09-13 13:33:00,280,280,280,280,0
2022-09-13 13:34:00,280,280,280,280,0
2022-09-13 13:35:00,280,280,280,280,0
2022-09-13 13:36:00,280,280,280,280,0
2022-09-13 13:37:00,280,280,280,280,0
2022-09-13 13:38:00,280,280,280,280,0
2022-09-13 13:39:00,280,280,280,280,0
2022-09-13 13:40:00,280,280,280,280,0
2022-09-13 13:41:00,280,278,280,278,40100
2022-09-13 13:42:00,280,278,280,278,0
2022-09-13 13:43:00,280,278,280,278,0
2022-09-13 13:44:00,280,278,280,278,0
2022-09-13 13:45:00,280,278,280,278,0
2022-09-13 13:46:00,280,278,280,278,0
2022-09-13 13:47:00,280,278,280,278,0
2022-09-13 13:48:00,280,278,280,278,0
2022-09-13 13:49:00,280,278,280,278,0
2022-09-13 13:50:00,280,278,280,278,0
2022-09-13 13:51:00,280,278,280,278,0
2022-09-13 13:52:00,280,278,280,278,0
2022-09-13 13:53:00,280,278,280,278,0
2022-09-13 13:54:00,280,278,280,278,0
2022-09-13 13:55:00,280,278,280,278,0
2022-09-13 13:56:00,280,278,280,278,0
2022-09-13 13:57:00,280,278,280,278,0
2022-09-13 13:58:00,280,278,280,278,0
2022-09-13 13:59:00,280,278,280,278,0
2022-09-13 14:00:00,280,278,280,278,0
2022-09-13 14:01:00,280,278,280,278,0
2022-09-13 14:02:00,280,278,280,278,0
2022-09-13 14:03:00,280,278,280,278,0
2022-09-13 14:04:00,280,278,280,278,0
2022-09-13 14:05:00,280,278,280,278,0
2022-09-13 14:06:00,280,278,280,278,0
2022-09-13 14:07:00,280,278,280,278,0
2022-09-13 14:08:00,284,284,284,284,300
2022-09-13 14:09:00,284,284,284,284,0
2022-09-13 14:10:00,284,284,284,284,0
2022-09-13 14:11:00,284,284,284,284,0
2022-09-13 14:12:00,284,284,284,284,0
2022-09-13 14:13:00,284,284,284,284,0
2022-09-13 14:14:00,284,284,284,284,0
2022-09-13 14:15:00,284,284,284,284,0
2022-09-13 14:16:00,284,284,284,284,0
2022-09-13 14:17:00,284,284,284,284,0
2022-09-13 14:18:00,284,284,284,284,0
2022-09-13 14:19:00,284,284,284,284,0
2022-09-13 14:20:00,284,284,284,284,0
2022-09-13 14:21:00,284,284,284,284,0
2022-09-13 14:22:00,284,284,284,284,0
2022-09-13 14:23:00,284,284,284,284,0
2022-09-13 14:24:00,282,282,282,282,20000
2022-09-13 14:25:00,282,282,282,282,0
2022-09-13 14:26:00,282,282,282,282,0
2022-09-13 14:27:00,280,280,280,280,0
2022-09-13 14:28:00,280,280,280,280,0
2022-09-13 14:29:00,280,280,280,280,0
2022-09-13 14:30:00,280,280,280,280,0
2022-09-13 14:31:00,280,280,280,280,0
2022-09-13 14:32:00,280,280,280,280,0
2022-09-13 14:33:00,280,280,280,280,0
2022-09-13 14:34:00,280,280,280,280,0
2022-09-13 14:35:00,280,280,280,280,0
2022-09-13 14:36:00,280,280,280,280,0
2022-09-13 14:37:00,280,280,280,280,0
2022-09-13 14:38:00,280,280,280,280,0
2022-09-13 14:39:00,280,280,280,280,0
2022-09-13 14:40:00,280,280,280,280,0
2022-09-13 14:41:00,280,280,280,280,0
2022-09-13 14:42:00,280,280,280,280,0
2022-09-13 14:43:00,278,278,278,278,6000
2022-09-13 14:44:00,278,278,278,278,0
2022-09-13 14:45:00,278,278,278,278,0
2022-09-13 14:46:00,278,278,278,278,0
2022-09-13 14:47:00,278,278,278,278,0
2022-09-13 14:48:00,278,278,278,278,0
2022-09-13 14:49:00,278,278,278,278,0
2022-09-13 14:50:00,278,278,278,278,0
2022-09-13 14:51:00,278,278,278,278,0
2022-09-13 14:52:00,278,278,278,278,0
2022-09-13 14:53:00,278,278,278,278,0
2022-09-13 14:54:00,278,278,278,278,0
2022-09-13 14:55:00,278,278,278,278,0
2022-09-13 14:56:00,278,278,278,278,0
2022-09-13 14:57:00,278,278,278,278,0
2022-09-13 14:58:00,278,278,278,278,0
2022-09-13 14:59:00,278,278,278,278,0
2022-09-13 15:00:00,278,278,278,278,4000
2022-09-13 15:01:00,278,278,278,278,0
2022-09-13 15:02:00,278,278,278,278,0
2022-09-13 15:03:00,278,278,278,278,0
2022-09-13 15:04:00,278,278,278,278,21300
2022-09-13 15:05:00,278,278,278,278,0
2022-09-13 15:06:00,278,278,278,278,0
2022-09-13 15:07:00,278,278,278,278,0
2022-09-13 15:08:00,278,278,278,278,0
2022-09-13 15:09:00,278,278,278,278,0
2022-09-13 15:10:00,278,278,278,278,0
2022-09-13 15:11:00,278,278,278,278,0
2022-09-13 15:12:00,278,278,278,278,0
2022-09-13 15:13:00,278,278,278,278,0
2022-09-13 15:14:00,278,278,278,278,0
2022-09-13 15:15:00,278,278,278,278,0
2022-09-13 15:16:00,278,278,278,278,0
2022-09-13 15:17:00,278,278,278,278,0
2022-09-13 15:18:00,278,278,278,278,0
2022-09-13 15:19:00,278,278,278,278,0
2022-09-13 15:20:00,278,278,278,278,0
2022-09-13 15:21:00,278,278,278,278,0
2022-09-13 15:22:00,278,278,278,278,0
2022-09-13 15:23:00,278,278,278,278,0
2022-09-13 15:24:00,278,278,278,278,0
2022-09-13 15:25:00,278,278,278,278,0
2022-09-13 15:26:00,278,278,278,278,0
2022-09-13 15:27:00,278,278,278,278,0
2022-09-13 15:28:00,278,278,278,278,0
2022-09-13 15:29:00,278,278,278,278,0
2022-09-13 15:30:00,278,278,278,278,0
2022-09-13 15:31:00,278,278,278,278,0
2022-09-13 15:32:00,278,278,278,278,0
2022-09-13 15:33:00,278,278,278,278,0
2022-09-13 15:34:00,278,278,278,278,0
2022-09-13 15:35:00,278,278,278,278,0
2022-09-13 15:36:00,278,278,278,278,0
2022-09-13 15:37:00,278,278,278,278,0
2022-09-13 15:38:00,278,278,278,278,0
2022-09-13 15:39:00,278,278,278,278,0
2022-09-13 15:40:00,278,278,278,278,0
2022-09-13 15:41:00,278,278,278,278,0
2022-09-13 15:42:00,278,278,278,278,0
2022-09-13 15:43:00,278,278,278,278,0
2022-09-13 15:44:00,278,278,278,278,0
2022-09-13 15:45:00,278,278,278,278,0
2022-09-13 15:46:00,278,278,278,278,0
2022-09-13 15:47:00,278,278,278,278,0
2022-09-13 15:48:00,278,278,278,278,0
2022-09-13 15:49:00,278,278,278,278,0
2022-09-13 15:50:00,278,278,278,278,0
2022-09-13 15:51:00,278,278,278,278,0
2022-09-13 15:52:00,278,278,278,278,0
2022-09-13 15:53:00,278,278,278,278,0
2022-09-13 15:54:00,278,278,278,278,0
2022-09-13 15:55:00,278,278,278,278,0
2022-09-13 15:56:00,278,278,278,278,0
2022-09-13 15:57:00,278,278,278,278,0
2022-09-13 15:58:00,278,278,278,278,0
2022-09-13 15:59:00,278,278,278,278,0
2022-09-14 09:00:00,278,278,278,278,0
2022-09-14 09:01:00,278,278,278,278,0
2022-09-14 09:02:00,278,278,278,278,0
2022-09-14 09:03:00,278,278,278,278,0
2022-09-14 09:04:00,278,278,278,278,0
2022-09-14 09:05:00,278,278,278,278,0
2022-09-14 09:06:00,278,278,278,278,0
2022-09-14 09:07:00,278,278,278,278,0
2022-09-14 09:08:00,278,278,278,278,0
2022-09-14 09:09:00,278,278,278,278,0
2022-09-14 09:10:00,278,278,278,278,0
2022-09-14 09:11:00,278,278,278,278,0
2022-09-14 09:12:00,278,278,278,278,0
2022-09-14 09:13:00,278,278,278,278,0
2022-09-14 09:14:00,278,278,278,278,0
2022-09-14 09:15:00,282,282,284,284,300
2022-09-14 09:16:00,282,282,284,284,0
2022-09-14 09:17:00,282,282,284,284,0
2022-09-14 09:18:00,282,282,284,284,0
2022-09-14 09:19:00,282,282,284,284,0
2022-09-14 09:20:00,282,282,284,284,0
2022-09-14 09:21:00,282,282,284,284,0
2022-09-14 09:22:00,282,282,284,284,0
2022-09-14 09:23:00,282,282,284,284,0
2022-09-14 09:24:00,282,282,284,284,0
2022-09-14 09:25:00,282,282,282,282,400
2022-09-14 09:26:00,280,280,280,280,1400
2022-09-14 09:27:00,280,280,280,280,0
2022-09-14 09:28:00,280,280,280,280,0
2022-09-14 09:29:00,280,280,280,280,0
2022-09-14 09:30:00,280,280,280,280,0
2022-09-14 09:31:00,280,280,280,280,0
2022-09-14 09:32:00,280,280,280,280,0
2022-09-14 09:33:00,280,280,280,280,0
2022-09-14 09:34:00,280,280,280,280,0
2022-09-14 09:35:00,280,280,280,280,0
2022-09-14 09:36:00,280,280,280,280,0
2022-09-14 09:37:00,274,274,274,274,11000
2022-09-14 09:38:00,274,274,274,274,0
2022-09-14 09:39:00,274,274,274,274,0
2022-09-14 09:40:00,274,274,274,274,0
2022-09-14 09:41:00,274,274,274,274,0
2022-09-14 09:42:00,274,274,274,274,0
2022-09-14 09:43:00,274,274,274,274,0
2022-09-14 09:44:00,274,274,274,274,0
2022-09-14 09:45:00,274,274,274,274,0
2022-09-14 09:46:00,274,274,274,274,0
2022-09-14 09:47:00,274,274,274,274,0
2022-09-14 09:48:00,274,274,274,274,0
2022-09-14 09:49:00,274,274,274,274,0
2022-09-14 09:50:00,274,274,274,274,0
2022-09-14 09:51:00,274,274,274,274,0
2022-09-14 09:52:00,274,274,274,274,0
2022-09-14 09:53:00,274,274,274,274,0
2022-09-14 09:54:00,274,274,274,274,0
2022-09-14 09:55:00,274,274,274,274,0
2022-09-14 09:56:00,274,274,274,274,0
2022-09-14 09:57:00,274,274,274,274,0
2022-09-14 09:58:00,274,274,274,274,0
2022-09-14 09:59:00,274,274,274,274,0
2022-09-14 10:00:00,274,274,274,274,0
2022-09-14 10:01:00,274,274,274,274,0
2022-09-14 10:02:00,274,274,274,274,0
2022-09-14 10:03:00,274,274,274,274,0
2022-09-14 10:04:00,274,274,274,274,0
2022-09-14 10:05:00,274,274,274,274,0
2022-09-14 10:06:00,274,274,274,274,0
2022-09-14 10:07:00,274,274,274,274,0
2022-09-14 10:08:00,274,274,274,274,0
2022-09-14 10:09:00,274,274,274,274,0
2022-09-14 10:10:00,274,274,274,274,0
2022-09-14 10:11:00,274,274,274,274,0
2022-09-14 10:12:00,274,274,274,274,0
2022-09-14 10:13:00,274,274,274,274,0
2022-09-14 10:14:00,280,280,282,282,300
2022-09-14 10:15:00,280,280,282,282,0
2022-09-14 10:16:00,280,280,282,282,0
2022-09-14 10:17:00,280,280,282,282,0
2022-09-14 10:18:00,280,280,282,282,0
2022-09-14 10:19:00,280,280,282,282,0
2022-09-14 10:20:00,280,280,282,282,0
2022-09-14 10:21:00,280,280,282,282,0
2022-09-14 10:22:00,280,280,282,282,0
2022-09-14 10:23:00,280,280,282,282,0
2022-09-14 10:24:00,280,280,282,282,0
2022-09-14 10:25:00,280,280,282,282,0
2022-09-14 10:26:00,280,280,282,282,0
2022-09-14 10:27:00,280,280,282,282,0
2022-09-14 10:28:00,280,280,282,282,0
2022-09-14 10:29:00,280,280,282,282,0
2022-09-14 10:30:00,280,280,282,282,0
2022-09-14 10:31:00,280,280,282,282,0
2022-09-14 10:32:00,280,280,282,282,0
2022-09-14 10:33:00,280,280,282,282,0
2022-09-14 10:34:00,280,280,282,282,0
2022-09-14 10:35:00,280,280,282,282,0
2022-09-14 10:36:00,280,280,282,282,0
2022-09-14 10:37:00,280,280,282,282,0
2022-09-14 10:38:00,280,280,282,282,0
2022-09-14 10:39:00,280,280,282,282,0
2022-09-14 10:40:00,280,280,282,282,0
2022-09-14 10:41:00,280,280,282,282,0
2022-09-14 10:42:00,280,280,282,282,0
2022-09-14 10:43:00,280,280,282,282,0
2022-09-14 10:44:00,280,280,282,282,0
2022-09-14 10:45:00,280,280,282,282,0
2022-09-14 10:46:00,280,280,282,282,0
2022-09-14 10:47:00,280,280,282,282,0
2022-09-14 10:48:00,280,280,282,282,0
2022-09-14 10:49:00,280,280,282,282,0
2022-09-14 10:50:00,280,280,282,282,0
2022-09-14 10:51:00,280,280,282,282,0
2022-09-14 10:52:00,280,280,282,282,0
2022-09-14 10:53:00,280,280,282,282,0
2022-09-14 10:54:00,280,280,282,282,0
2022-09-14 10:55:00,280,280,282,282,0
2022-09-14 10:56:00,280,280,282,282,0
2022-09-14 10:57:00,280,280,282,282,0
2022-09-14 10:58:00,280,280,282,282,0
2022-09-14 10:59:00,280,280,282,282,0
2022-09-14 11:00:00,280,280,282,282,0
2022-09-14 11:01:00,280,280,282,282,0
2022-09-14 11:02:00,280,280,282,282,0
2022-09-14 11:03:00,280,280,282,282,0
2022-09-14 11:04:00,280,280,282,282,0
2022-09-14 11:05:00,280,280,282,282,0
2022-09-14 11:06:00,280,280,282,282,0
2022-09-14 11:07:00,280,280,282,282,0
2022-09-14 11:08:00,280,280,282,282,0
2022-09-14 11:09:00,280,280,282,282,0
2022-09-14 11:10:00,280,280,282,282,0
2022-09-14 11:11:00,280,280,282,282,0
2022-09-14 11:12:00,280,280,282,282,0
2022-09-14 11:13:00,280,280,282,282,0
2022-09-14 11:14:00,280,280,282,282,0
2022-09-14 11:15:00,280,280,282,282,0
2022-09-14 11:16:00,280,280,282,282,0
2022-09-14 11:17:00,280,280,282,282,0
2022-09-14 11:18:00,280,280,282,282,0
2022-09-14 11:19:00,280,280,282,282,0
2022-09-14 11:20:00,280,280,282,282,0
2022-09-14 11:21:00,280,280,282,282,0
2022-09-14 11:22:00,280,280,282,282,0
2022-09-14 11:23:00,280,280,282,282,0
2022-09-14 11:24:00,280,280,282,282,0
2022-09-14 11:25:00,280,280,282,282,0
2022-09-14 11:26:00,280,280,282,282,0
2022-09-14 11:27:00,280,280,282,282,0
2022-09-14 11:28:00,280,280,282,282,0
2022-09-14 11:29:00,280,280,282,282,0
2022-09-14 11:30:00,280,280,282,282,0
2022-09-14 11:31:00,280,280,282,282,0
2022-09-14 11:32:00,280,280,282,282,0
2022-09-14 11:33:00,280,280,282,282,0
2022-09-14 11:34:00,280,280,282,282,0
2022-09-14 11:35:00,280,280,282,282,0
2022-09-14 11:36:00,280,280,282,282,0
2022-09-14 11:37:00,280,280,282,282,0
2022-09-14 11:38:00,280,280,282,282,0
2022-09-14 11:39:00,280,280,282,282,0
2022-09-14 11:40:00,280,280,282,282,0
2022-09-14 11:41:00,280,280,282,282,0
2022-09-14 11:42:00,280,280,282,282,0
2022-09-14 11:43:00,280,280,282,282,0
2022-09-14 11:44:00,280,280,282,282,0
2022-09-14 11:45:00,280,280,282,282,0
2022-09-14 11:46:00,280,280,282,282,0
2022-09-14 11:47:00,280,280,282,282,0
2022-09-14 11:48:00,280,280,282,282,0
2022-09-14 11:49:00,280,280,282,282,0
2022-09-14 11:50:00,280,280,282,282,0
2022-09-14 11:51:00,280,280,282,282,0
2022-09-14 11:52:00,280,280,282,282,0
2022-09-14 11:53:00,280,280,282,282,0
2022-09-14 11:54:00,280,280,282,282,0
2022-09-14 11:55:00,280,280,282,282,0
2022-09-14 11:56:00,280,280,282,282,0
2022-09-14 11:57:00,280,280,282,282,0
2022-09-14 11:58:00,280,280,282,282,0
2022-09-14 11:59:00,280,280,282,282,0
2022-09-14 12:00:00,280,280,282,282,0
2022-09-14 12:01:00,280,280,282,282,0
2022-09-14 12:02:00,280,280,282,282,0
2022-09-14 12:03:00,280,280,282,282,0
2022-09-14 12:04:00,280,280,282,282,0
2022-09-14 12:05:00,280,280,282,282,0
2022-09-14 12:06:00,280,280,282,282,0
2022-09-14 12:07:00,280,280,282,282,0
2022-09-14 12:08:00,280,280,282,282,0
2022-09-14 12:09:00,280,280,282,282,0
2022-09-14 12:10:00,280,280,282,282,0
2022-09-14 12:11:00,280,280,282,282,0
2022-09-14 12:12:00,280,280,282,282,0
2022-09-14 12:13:00,280,280,282,282,0
2022-09-14 12:14:00,280,280,282,282,0
2022-09-14 12:15:00,280,280,282,282,0
2022-09-14 12:16:00,280,280,282,282,0
2022-09-14 12:17:00,280,280,282,282,0
2022-09-14 12:18:00,280,280,282,282,0
2022-09-14 12:19:00,280,280,282,282,0
2022-09-14 12:20:00,280,280,282,282,0
2022-09-14 12:21:00,280,280,282,282,0
2022-09-14 12:22:00,280,280,282,282,0
2022-09-14 12:23:00,280,280,282,282,0
2022-09-14 12:24:00,280,280,282,282,0
2022-09-14 12:25:00,280,280,282,282,0
2022-09-14 12:26:00,280,280,282,282,0
2022-09-14 12:27:00,280,280,282,282,0
2022-09-14 12:28:00,280,280,282,282,0
2022-09-14 12:29:00,280,280,282,282,0
2022-09-14 12:30:00,280,280,282,282,0
2022-09-14 12:31:00,280,280,282,282,0
2022-09-14 12:32:00,280,280,282,282,0
2022-09-14 12:33:00,280,280,282,282,0
2022-09-14 12:34:00,280,280,282,282,0
2022-09-14 12:35:00,280,280,282,282,0
2022-09-14 12:36:00,280,280,282,282,0
2022-09-14 12:37:00,280,280,282,282,0
2022-09-14 12:38:00,280,280,282,282,0
2022-09-14 12:39:00,280,280,282,282,0
2022-09-14 12:40:00,280,280,282,282,0
2022-09-14 12:41:00,280,280,282,282,0
2022-09-14 12:42:00,280,280,282,282,0
2022-09-14 12:43:00,280,280,282,282,0
2022-09-14 12:44:00,280,280,282,282,0
2022-09-14 12:45:00,280,280,282,282,0
2022-09-14 12:46:00,280,280,282,282,0
2022-09-14 12:47:00,280,280,282,282,0
2022-09-14 12:48:00,280,280,282,282,0
2022-09-14 12:49:00,280,280,282,282,0
2022-09-14 12:50:00,280,280,282,282,0
2022-09-14 12:51:00,280,280,282,282,0
2022-09-14 12:52:00,280,280,282,282,0
2022-09-14 12:53:00,280,280,282,282,0
2022-09-14 12:54:00,280,280,282,282,0
2022-09-14 12:55:00,280,280,282,282,0
2022-09-14 12:56:00,280,280,282,282,0
2022-09-14 12:57:00,280,280,282,282,0
2022-09-14 12:58:00,280,280,282,282,0
2022-09-14 12:59:00,280,280,282,282,0
2022-09-14 13:00:00,280,280,282,282,0
2022-09-14 13:01:00,280,280,282,282,0
2022-09-14 13:02:00,280,280,282,282,0
2022-09-14 13:03:00,280,280,282,282,0
2022-09-14 13:04:00,280,280,282,282,0
2022-09-14 13:05:00,280,280,282,282,0
2022-09-14 13:06:00,280,280,282,282,0
2022-09-14 13:07:00,280,280,282,282,0
2022-09-14 13:08:00,280,280,282,282,0
2022-09-14 13:09:00,280,280,282,282,0
2022-09-14 13:10:00,280,280,282,282,0
2022-09-14 13:11:00,280,280,282,282,0
2022-09-14 13:12:00,280,280,282,282,0
2022-09-14 13:13:00,280,280,282,282,0
2022-09-14 13:14:00,280,280,282,282,0
2022-09-14 13:15:00,280,280,282,282,0
2022-09-14 13:16:00,280,280,282,282,0
2022-09-14 13:17:00,280,280,282,282,0
2022-09-14 13:18:00,280,280,282,282,0
2022-09-14 13:19:00,280,280,282,282,0
2022-09-14 13:20:00,280,280,282,282,0
2022-09-14 13:21:00,280,280,282,282,0
2022-09-14 13:22:00,280,280,282,282,0
2022-09-14 13:23:00,280,280,282,282,0
2022-09-14 13:24:00,280,280,282,282,0
2022-09-14 13:25:00,280,280,282,282,0
2022-09-14 13:26:00,280,280,282,282,0
2022-09-14 13:27:00,280,280,282,282,0
2022-09-14 13:28:00,280,280,282,282,0
2022-09-14 13:29:00,280,280,282,282,0
2022-09-14 13:30:00,282,282,282,282,300
2022-09-14 13:31:00,282,282,282,282,0
2022-09-14 13:32:00,282,282,282,282,0
2022-09-14 13:33:00,282,282,282,282,0
2022-09-14 13:34:00,282,282,282,282,0
2022-09-14 13:35:00,282,282,282,282,0
2022-09-14 13:36:00,282,282,282,282,0
2022-09-14 13:37:00,282,282,282,282,0
2022-09-14 13:38:00,282,282,282,282,0
2022-09-14 13:39:00,282,282,282,282,0
2022-09-14 13:40:00,282,282,282,282,0
2022-09-14 13:41:00,282,282,282,282,0
2022-09-14 13:42:00,282,282,282,282,0
2022-09-14 13:43:00,282,282,282,282,0
2022-09-14 13:44:00,282,282,282,282,0
2022-09-14 13:45:00,282,282,282,282,0
2022-09-14 13:46:00,282,282,282,282,0
2022-09-14 13:47:00,282,282,282,282,0
2022-09-14 13:48:00,282,282,282,282,0
2022-09-14 13:49:00,282,282,282,282,0
2022-09-14 13:50:00,282,282,282,282,0
2022-09-14 13:51:00,282,282,282,282,0
2022-09-14 13:52:00,282,282,282,282,0
2022-09-14 13:53:00,282,282,282,282,0
2022-09-14 13:54:00,282,282,282,282,0
2022-09-14 13:55:00,282,282,282,282,0
2022-09-14 13:56:00,282,282,282,282,0
2022-09-14 13:57:00,282,282,282,282,0
2022-09-14 13:58:00,282,282,282,282,0
2022-09-14 13:59:00,282,282,282,282,0
2022-09-14 14:00:00,282,282,282,282,0
2022-09-14 14:01:00,282,282,282,282,0
2022-09-14 14:02:00,282,282,282,282,0
2022-09-14 14:03:00,282,282,282,282,0
2022-09-14 14:04:00,282,282,282,282,0
2022-09-14 14:05:00,282,282,282,282,0
2022-09-14 14:06:00,282,282,282,282,0
2022-09-14 14:07:00,282,282,282,282,0
2022-09-14 14:08:00,282,282,282,282,0
2022-09-14 14:09:00,282,282,282,282,0
2022-09-14 14:10:00,282,282,282,282,0
2022-09-14 14:11:00,282,282,282,282,0
2022-09-14 14:12:00,282,282,282,282,0
2022-09-14 14:13:00,282,282,282,282,0
2022-09-14 14:14:00,282,282,282,282,0
2022-09-14 14:15:00,282,282,282,282,0
2022-09-14 14:16:00,282,282,282,282,0
2022-09-14 14:17:00,282,282,282,282,0
2022-09-14 14:18:00,282,282,282,282,0
2022-09-14 14:19:00,282,282,282,282,0
2022-09-14 14:20:00,282,282,282,282,0
2022-09-14 14:21:00,282,282,282,282,0
2022-09-14 14:22:00,282,282,282,282,0
2022-09-14 14:23:00,282,282,282,282,0
2022-09-14 14:24:00,282,282,282,282,0
2022-09-14 14:25:00,282,282,282,282,0
2022-09-14 14:26:00,282,282,282,282,0
2022-09-14 14:27:00,282,282,282,282,0
2022-09-14 14:28:00,282,282,282,282,0
2022-09-14 14:29:00,282,282,282,282,0
2022-09-14 14:30:00,282,282,282,282,0
2022-09-14 14:31:00,282,282,282,282,0
2022-09-14 14:32:00,282,282,282,282,0
2022-09-14 14:33:00,282,282,282,282,0
2022-09-14 14:34:00,282,282,282,282,0
2022-09-14 14:35:00,282,282,282,282,0
2022-09-14 14:36:00,282,282,282,282,0
2022-09-14 14:37:00,282,282,282,282,0
2022-09-14 14:38:00,280,280,280,280,500
2022-09-14 14:39:00,280,280,280,280,0
2022-09-14 14:40:00,280,280,280,280,0
2022-09-14 14:41:00,280,280,280,280,0
2022-09-14 14:42:00,280,280,280,280,0
2022-09-14 14:43:00,280,280,280,280,0
2022-09-14 14:44:00,280,280,280,280,0
2022-09-14 14:45:00,280,280,280,280,0
2022-09-14 14:46:00,280,280,280,280,0
2022-09-14 14:47:00,280,280,280,280,0
2022-09-14 14:48:00,280,280,280,280,0
2022-09-14 14:49:00,280,280,280,280,0
2022-09-14 14:50:00,280,280,280,280,0
2022-09-14 14:51:00,280,280,280,280,0
2022-09-14 14:52:00,280,280,280,280,0
2022-09-14 14:53:00,280,280,280,280,0
2022-09-14 14:54:00,280,280,280,280,0
2022-09-14 14:55:00,280,280,280,280,0
2022-09-14 14:56:00,280,280,280,280,0
2022-09-14 14:57:00,280,280,280,280,0
2022-09-14 14:58:00,280,280,280,280,0
2022-09-14 14:59:00,280,280,280,280,0
2022-09-14 15:00:00,276,276,276,276,0
2022-09-14 15:01:00,276,276,276,276,0
2022-09-14 15:02:00,276,276,276,276,0
2022-09-14 15:03:00,276,276,276,276,0
2022-09-14 15:04:00,276,276,276,276,0
2022-09-14 15:05:00,276,276,276,276,0
2022-09-14 15:06:00,276,276,276,276,0
2022-09-14 15:07:00,276,276,276,276,0
2022-09-14 15:08:00,276,276,276,276,0
2022-09-14 15:09:00,276,276,276,276,0
2022-09-14 15:10:00,276,276,276,276,0
2022-09-14 15:11:00,276,276,276,276,0
2022-09-14 15:12:00,276,276,276,276,0
2022-09-14 15:13:00,276,276,276,276,0
2022-09-14 15:14:00,276,276,276,276,0
2022-09-14 15:15:00,276,276,276,276,0
2022-09-14 15:16:00,276,276,276,276,0
2022-09-14 15:17:00,276,276,276,276,0
2022-09-14 15:18:00,276,276,276,276,0
2022-09-14 15:19:00,276,276,276,276,0
2022-09-14 15:20:00,276,276,276,276,0
2022-09-14 15:21:00,276,276,276,276,0
2022-09-14 15:22:00,276,276,276,276,0
2022-09-14 15:23:00,276,276,276,276,0
2022-09-14 15:24:00,276,276,276,276,0
2022-09-14 15:25:00,276,276,276,276,0
2022-09-14 15:26:00,276,276,276,276,0
2022-09-14 15:27:00,276,276,276,276,0
2022-09-14 15:28:00,276,276,276,276,0
2022-09-14 15:29:00,276,276,276,276,0
2022-09-14 15:30:00,276,276,276,276,0
2022-09-14 15:31:00,276,276,276,276,0
2022-09-14 15:32:00,276,276,276,276,0
2022-09-14 15:33:00,276,276,276,276,0
2022-09-14 15:34:00,276,276,276,276,0
2022-09-14 15:35:00,276,276,276,276,0
2022-09-14 15:36:00,276,276,276,276,0
2022-09-14 15:37:00,276,276,276,276,0
2022-09-14 15:38:00,276,276,276,276,0
2022-09-14 15:39:00,276,276,276,276,0
2022-09-14 15:40:00,276,276,276,276,0
2022-09-14 15:41:00,276,276,276,276,0
2022-09-14 15:42:00,276,276,276,276,0
2022-09-14 15:43:00,276,276,276,276,0
2022-09-14 15:44:00,276,276,276,276,0
2022-09-14 15:45:00,276,276,276,276,0
2022-09-14 15:46:00,276,276,276,276,0
2022-09-14 15:47:00,276,276,276,276,0
2022-09-14 15:48:00,276,276,276,276,0
2022-09-14 15:49:00,276,276,276,276,0
2022-09-14 15:50:00,276,276,276,276,0
2022-09-14 15:51:00,276,276,276,276,0
2022-09-14 15:52:00,276,276,276,276,0
2022-09-14 15:53:00,276,276,276,276,0
2022-09-14 15:54:00,276,276,276,276,0
2022-09-14 15:55:00,276,276,276,276,0
2022-09-14 15:56:00,276,276,276,276,0
2022-09-14 15:57:00,276,276,276,276,0
2022-09-14 15:58:00,276,276,276,276,0
2022-09-14 15:59:00,276,276,276,276,0
2022-09-15 09:00:00,276,276,276,276,0
2022-09-15 09:01:00,278,278,278,278,100
2022-09-15 09:02:00,278,278,278,278,0
2022-09-15 09:03:00,278,278,278,278,0
2022-09-15 09:04:00,278,278,278,278,0
2022-09-15 09:05:00,278,278,278,278,0
2022-09-15 09:06:00,278,278,278,278,0
2022-09-15 09:07:00,278,278,278,278,0
2022-09-15 09:08:00,278,278,278,278,0
2022-09-15 09:09:00,278,278,278,278,0
2022-09-15 09:10:00,278,278,278,278,0
2022-09-15 09:11:00,278,278,278,278,0
2022-09-15 09:12:00,278,278,278,278,0
2022-09-15 09:13:00,278,278,278,278,0
2022-09-15 09:14:00,278,278,278,278,300
2022-09-15 09:15:00,278,278,278,278,0
2022-09-15 09:16:00,278,278,278,278,0
2022-09-15 09:17:00,278,278,278,278,0
2022-09-15 09:18:00,278,278,278,278,0
2022-09-15 09:19:00,278,278,278,278,0
2022-09-15 09:20:00,278,278,278,278,0
2022-09-15 09:21:00,278,278,278,278,0
2022-09-15 09:22:00,278,278,278,278,0
2022-09-15 09:23:00,278,278,278,278,0
2022-09-15 09:24:00,278,278,278,278,0
2022-09-15 09:25:00,278,278,278,278,0
2022-09-15 09:26:00,278,278,278,278,0
2022-09-15 09:27:00,278,278,278,278,0
2022-09-15 09:28:00,278,278,278,278,0
2022-09-15 09:29:00,278,278,278,278,0
2022-09-15 09:30:00,278,278,278,278,0
2022-09-15 09:31:00,278,278,278,278,0
2022-09-15 09:32:00,278,278,278,278,0
2022-09-15 09:33:00,278,278,278,278,0
2022-09-15 09:34:00,278,278,278,278,200
2022-09-15 09:35:00,278,278,278,278,0
2022-09-15 09:36:00,278,278,278,278,0
2022-09-15 09:37:00,278,278,278,278,0
2022-09-15 09:38:00,278,278,278,278,0
2022-09-15 09:39:00,278,278,278,278,0
2022-09-15 09:40:00,278,278,278,278,0
2022-09-15 09:41:00,278,278,278,278,0
2022-09-15 09:42:00,280,280,280,280,900
2022-09-15 09:43:00,280,280,280,280,0
2022-09-15 09:44:00,282,282,282,282,3400
2022-09-15 09:45:00,282,282,282,282,100
2022-09-15 09:46:00,282,282,282,282,0
2022-09-15 09:47:00,282,282,282,282,0
2022-09-15 09:48:00,282,282,282,282,300
2022-09-15 09:49:00,282,282,282,282,0
2022-09-15 09:50:00,282,282,282,282,0
2022-09-15 09:51:00,284,284,284,284,0
2022-09-15 09:52:00,282,282,282,282,6500
2022-09-15 09:53:00,282,282,282,282,0
2022-09-15 09:54:00,282,282,282,282,0
2022-09-15 09:55:00,282,282,282,282,900
2022-09-15 09:56:00,282,282,282,282,0
2022-09-15 09:57:00,282,282,282,282,900
2022-09-15 09:58:00,282,282,282,282,0
2022-09-15 09:59:00,282,282,282,282,0
2022-09-15 10:00:00,282,282,282,282,0
2022-09-15 10:01:00,282,282,282,282,0
2022-09-15 10:02:00,282,282,282,282,0
2022-09-15 10:03:00,282,282,282,282,0
2022-09-15 10:04:00,284,284,284,284,1100
2022-09-15 10:05:00,284,284,284,284,0
2022-09-15 10:06:00,282,282,282,282,9800
2022-09-15 10:07:00,280,280,280,280,56500
2022-09-15 10:08:00,282,282,282,282,0
2022-09-15 10:09:00,282,282,282,282,0
2022-09-15 10:10:00,282,282,282,282,0
2022-09-15 10:11:00,282,282,282,282,0
2022-09-15 10:12:00,280,280,280,280,21400
2022-09-15 10:13:00,280,280,280,280,0
2022-09-15 10:14:00,280,280,280,280,0
2022-09-15 10:15:00,280,280,280,280,0
2022-09-15 10:16:00,280,280,280,280,0
2022-09-15 10:17:00,280,280,280,280,0
2022-09-15 10:18:00,280,280,280,280,0
2022-09-15 10:19:00,280,280,280,280,0
2022-09-15 10:20:00,280,280,280,280,0
2022-09-15 10:21:00,280,280,280,280,0
2022-09-15 10:22:00,280,280,280,280,0
2022-09-15 10:23:00,280,280,280,280,0
2022-09-15 10:24:00,280,280,280,280,0
2022-09-15 10:25:00,280,280,280,280,0
2022-09-15 10:26:00,280,280,280,280,0
2022-09-15 10:27:00,280,280,280,280,0
2022-09-15 10:28:00,280,280,280,280,0
2022-09-15 10:29:00,280,280,280,280,0
2022-09-15 10:30:00,280,280,280,280,0
2022-09-15 10:31:00,280,280,280,280,0
2022-09-15 10:32:00,280,280,280,280,0
2022-09-15 10:33:00,280,280,280,280,0
2022-09-15 10:34:00,280,280,280,280,0
2022-09-15 10:35:00,280,280,280,280,0
2022-09-15 10:36:00,280,280,280,280,0
2022-09-15 10:37:00,280,280,280,280,300
2022-09-15 10:38:00,280,280,280,280,0
2022-09-15 10:39:00,280,280,280,280,400
2022-09-15 10:40:00,280,280,280,280,0
2022-09-15 10:41:00,280,280,280,280,0
2022-09-15 10:42:00,280,280,280,280,0
2022-09-15 10:43:00,280,280,280,280,0
2022-09-15 10:44:00,280,280,280,280,0
2022-09-15 10:45:00,280,280,280,280,0
2022-09-15 10:46:00,280,280,280,280,0
2022-09-15 10:47:00,280,280,280,280,0
2022-09-15 10:48:00,280,280,280,280,0
2022-09-15 10:49:00,280,280,280,280,0
2022-09-15 10:50:00,280,280,280,280,0
2022-09-15 10:51:00,280,280,280,280,0
2022-09-15 10:52:00,280,280,280,280,0
2022-09-15 10:53:00,280,280,280,280,0
2022-09-15 10:54:00,280,280,280,280,0
2022-09-15 10:55:00,280,280,280,280,0
2022-09-15 10:56:00,280,280,280,280,0
2022-09-15 10:57:00,280,280,280,280,0
2022-09-15 10:58:00,280,280,280,280,0
2022-09-15 10:59:00,280,280,280,280,0
2022-09-15 11:00:00,280,280,280,280,0
2022-09-15 11:01:00,280,280,280,280,0
2022-09-15 11:02:00,280,280,280,280,0
2022-09-15 11:03:00,280,280,280,280,0
2022-09-15 11:04:00,280,280,280,280,0
2022-09-15 11:05:00,280,280,280,280,0
2022-09-15 11:06:00,280,280,280,280,0
2022-09-15 11:07:00,280,280,280,280,0
2022-09-15 11:08:00,280,280,280,280,0
2022-09-15 11:09:00,280,280,280,280,0
2022-09-15 11:10:00,280,280,280,280,0
2022-09-15 11:11:00,280,280,280,280,0
2022-09-15 11:12:00,280,280,280,280,0
2022-09-15 11:13:00,280,280,280,280,0
2022-09-15 11:14:00,280,280,280,280,0
2022-09-15 11:15:00,280,280,280,280,0
2022-09-15 11:16:00,280,280,280,280,0
2022-09-15 11:17:00,280,280,280,280,0
2022-09-15 11:18:00,280,280,280,280,0
2022-09-15 11:19:00,280,280,280,280,0
2022-09-15 11:20:00,280,280,280,280,0
2022-09-15 11:21:00,280,280,280,280,0
2022-09-15 11:22:00,280,280,280,280,0
2022-09-15 11:23:00,280,280,280,280,0
2022-09-15 11:24:00,280,280,280,280,0
2022-09-15 11:25:00,280,280,280,280,0
2022-09-15 11:26:00,280,280,282,282,10200
2022-09-15 11:27:00,284,284,286,286,1300
2022-09-15 11:28:00,284,284,286,286,0
2022-09-15 11:29:00,284,284,286,286,0
2022-09-15 11:30:00,284,284,286,286,0
2022-09-15 11:31:00,284,284,286,286,0
2022-09-15 11:32:00,284,284,286,286,0
2022-09-15 11:33:00,284,284,286,286,0
2022-09-15 11:34:00,284,284,286,286,0
2022-09-15 11:35:00,284,284,286,286,0
2022-09-15 11:36:00,284,284,286,286,0
2022-09-15 11:37:00,284,284,286,286,0
2022-09-15 11:38:00,284,284,286,286,0
2022-09-15 11:39:00,284,284,286,286,0
2022-09-15 11:40:00,284,284,286,286,0
2022-09-15 11:41:00,284,284,286,286,0
2022-09-15 11:42:00,284,284,286,286,0
2022-09-15 11:43:00,284,284,286,286,0
2022-09-15 11:44:00,284,284,286,286,0
2022-09-15 11:45:00,284,284,286,286,0
2022-09-15 11:46:00,284,284,286,286,0
2022-09-15 11:47:00,284,284,286,286,0
2022-09-15 11:48:00,284,284,286,286,0
2022-09-15 11:49:00,284,284,286,286,0
2022-09-15 11:50:00,284,284,286,286,0
2022-09-15 11:51:00,284,284,286,286,0
2022-09-15 11:52:00,284,284,286,286,0
2022-09-15 11:53:00,284,284,286,286,0
2022-09-15 11:54:00,284,284,286,286,0
2022-09-15 11:55:00,284,284,286,286,0
2022-09-15 11:56:00,284,284,286,286,0
2022-09-15 11:57:00,284,284,286,286,0
2022-09-15 11:58:00,284,284,286,286,0
2022-09-15 11:59:00,284,284,286,286,0
2022-09-15 12:00:00,284,284,286,286,0
2022-09-15 12:01:00,284,284,286,286,0
2022-09-15 12:02:00,284,284,286,286,0
2022-09-15 12:03:00,284,284,286,286,0
2022-09-15 12:04:00,284,284,286,286,0
2022-09-15 12:05:00,284,284,286,286,0
2022-09-15 12:06:00,284,284,286,286,0
2022-09-15 12:07:00,284,284,286,286,0
2022-09-15 12:08:00,284,284,286,286,0
2022-09-15 12:09:00,284,284,286,286,0
2022-09-15 12:10:00,284,284,286,286,0
2022-09-15 12:11:00,284,284,286,286,0
2022-09-15 12:12:00,284,284,286,286,0
2022-09-15 12:13:00,284,284,286,286,0
2022-09-15 12:14:00,284,284,286,286,0
2022-09-15 12:15:00,284,284,286,286,0
2022-09-15 12:16:00,284,284,286,286,0
2022-09-15 12:17:00,284,284,286,286,0
2022-09-15 12:18:00,284,284,286,286,0
2022-09-15 12:19:00,284,284,286,286,0
2022-09-15 12:20:00,284,284,286,286,0
2022-09-15 12:21:00,284,284,286,286,0
2022-09-15 12:22:00,284,284,286,286,0
2022-09-15 12:23:00,284,284,286,286,0
2022-09-15 12:24:00,284,284,286,286,0
2022-09-15 12:25:00,284,284,286,286,0
2022-09-15 12:26:00,284,284,286,286,0
2022-09-15 12:27:00,284,284,286,286,0
2022-09-15 12:28:00,284,284,286,286,0
2022-09-15 12:29:00,284,284,286,286,0
2022-09-15 12:30:00,284,284,286,286,0
2022-09-15 12:31:00,284,284,286,286,0
2022-09-15 12:32:00,284,284,286,286,0
2022-09-15 12:33:00,284,284,286,286,0
2022-09-15 12:34:00,284,284,286,286,0
2022-09-15 12:35:00,284,284,286,286,0
2022-09-15 12:36:00,284,284,286,286,0
2022-09-15 12:37:00,284,284,286,286,0
2022-09-15 12:38:00,284,284,286,286,0
2022-09-15 12:39:00,284,284,286,286,0
2022-09-15 12:40:00,284,284,286,286,0
2022-09-15 12:41:00,284,284,286,286,0
2022-09-15 12:42:00,284,284,286,286,0
2022-09-15 12:43:00,284,284,286,286,0
2022-09-15 12:44:00,284,284,286,286,0
2022-09-15 12:45:00,284,284,286,286,0
2022-09-15 12:46:00,284,284,286,286,0
2022-09-15 12:47:00,284,284,286,286,0
2022-09-15 12:48:00,284,284,286,286,0
2022-09-15 12:49:00,284,284,286,286,0
2022-09-15 12:50:00,284,284,286,286,0
2022-09-15 12:51:00,284,284,286,286,0
2022-09-15 12:52:00,284,284,286,286,0
2022-09-15 12:53:00,284,284,286,286,0
2022-09-15 12:54:00,284,284,286,286,0
2022-09-15 12:55:00,284,284,286,286,0
2022-09-15 12:56:00,284,284,286,286,0
2022-09-15 12:57:00,284,284,286,286,0
2022-09-15 12:58:00,284,284,286,286,0
2022-09-15 12:59:00,284,284,286,286,0
2022-09-15 13:00:00,284,284,286,286,0
2022-09-15 13:01:00,284,284,286,286,0
2022-09-15 13:02:00,284,284,286,286,0
2022-09-15 13:03:00,284,284,286,286,0
2022-09-15 13:04:00,284,284,286,286,0
2022-09-15 13:05:00,284,284,286,286,0
2022-09-15 13:06:00,284,284,286,286,0
2022-09-15 13:07:00,284,284,286,286,0
2022-09-15 13:08:00,284,284,286,286,0
2022-09-15 13:09:00,284,284,286,286,0
2022-09-15 13:10:00,284,284,286,286,0
2022-09-15 13:11:00,284,284,286,286,0
2022-09-15 13:12:00,284,284,286,286,0
2022-09-15 13:13:00,284,284,286,286,0
2022-09-15 13:14:00,284,284,286,286,0
2022-09-15 13:15:00,284,284,286,286,0
2022-09-15 13:16:00,284,284,286,286,0
2022-09-15 13:17:00,284,284,286,286,0
2022-09-15 13:18:00,284,284,286,286,0
2022-09-15 13:19:00,284,284,286,286,0
2022-09-15 13:20:00,284,284,286,286,0
2022-09-15 13:21:00,284,284,286,286,0
2022-09-15 13:22:00,284,284,286,286,0
2022-09-15 13:23:00,284,284,286,286,0
2022-09-15 13:24:00,284,284,286,286,0
2022-09-15 13:25:00,284,284,286,286,0
2022-09-15 13:26:00,284,284,286,286,0
2022-09-15 13:27:00,284,284,286,286,0
2022-09-15 13:28:00,284,284,286,286,0
2022-09-15 13:29:00,284,284,286,286,0
2022-09-15 13:30:00,286,286,298,298,31000
2022-09-15 13:31:00,300,300,310,300,32500
2022-09-15 13:32:00,308,308,310,310,1200
2022-09-15 13:33:00,320,320,320,320,5100
2022-09-15 13:34:00,330,330,332,332,3100
2022-09-15 13:35:00,330,330,332,332,0
2022-09-15 13:36:00,338,338,344,344,46100
2022-09-15 13:37:00,342,342,342,342,600
2022-09-15 13:38:00,342,342,344,344,12400
2022-09-15 13:39:00,344,344,344,344,10600
2022-09-15 13:40:00,344,344,344,344,1100
2022-09-15 13:41:00,344,344,344,344,41800
2022-09-15 13:42:00,344,344,344,344,2200
2022-09-15 13:43:00,344,344,344,344,6200
2022-09-15 13:44:00,344,344,344,344,3000
2022-09-15 13:45:00,344,344,344,344,5600
2022-09-15 13:46:00,344,344,344,344,0
2022-09-15 13:47:00,344,344,344,344,11400
2022-09-15 13:48:00,342,330,342,342,47200
2022-09-15 13:49:00,322,322,322,322,0
2022-09-15 13:50:00,324,324,324,324,4500
2022-09-15 13:51:00,324,324,324,324,3100
2022-09-15 13:52:00,342,342,344,344,37800
2022-09-15 13:53:00,344,344,344,344,3500
2022-09-15 13:54:00,344,344,344,344,200
2022-09-15 13:55:00,344,344,344,344,0
2022-09-15 13:56:00,344,344,344,344,10700
2022-09-15 13:57:00,344,344,344,344,0
2022-09-15 13:58:00,344,344,344,344,0
2022-09-15 13:59:00,344,344,344,344,300
2022-09-15 14:00:00,344,344,344,344,0
2022-09-15 14:01:00,344,344,344,344,900
2022-09-15 14:02:00,344,344,344,344,0
2022-09-15 14:03:00,344,344,344,344,1900
2022-09-15 14:04:00,344,344,344,344,0
2022-09-15 14:05:00,344,344,344,344,13700
2022-09-15 14:06:00,344,344,344,344,25400
2022-09-15 14:07:00,344,344,344,344,400
2022-09-15 14:08:00,344,344,344,344,0
2022-09-15 14:09:00,344,344,344,344,200
2022-09-15 14:10:00,344,344,344,344,0
2022-09-15 14:11:00,344,344,344,344,0
2022-09-15 14:12:00,344,344,344,344,0
2022-09-15 14:13:00,344,344,344,344,0
2022-09-15 14:14:00,344,344,344,344,0
2022-09-15 14:15:00,344,344,344,344,0
2022-09-15 14:16:00,344,344,344,344,19900
2022-09-15 14:17:00,344,344,344,344,0
2022-09-15 14:18:00,344,344,344,344,0
2022-09-15 14:19:00,344,344,344,344,0
2022-09-15 14:20:00,344,344,344,344,1000
2022-09-15 14:21:00,344,344,344,344,0
2022-09-15 14:22:00,344,344,344,344,0
2022-09-15 14:23:00,344,344,344,344,0
2022-09-15 14:24:00,344,344,344,344,0
2022-09-15 14:25:00,344,344,344,344,50400
2022-09-15 14:26:00,344,344,344,344,0
2022-09-15 14:27:00,344,344,344,344,0
2022-09-15 14:28:00,344,344,344,344,0
2022-09-15 14:29:00,344,344,344,344,0
2022-09-15 14:30:00,344,344,344,344,0
2022-09-15 14:31:00,344,344,344,344,0
2022-09-15 14:32:00,344,344,344,344,0
2022-09-15 14:33:00,344,344,344,344,0
2022-09-15 14:34:00,344,344,344,344,0
2022-09-15 14:35:00,344,344,344,344,200
2022-09-15 14:36:00,344,344,344,344,0
2022-09-15 14:37:00,344,344,344,344,1900
2022-09-15 14:38:00,344,344,344,344,0
2022-09-15 14:39:00,344,344,344,344,0
2022-09-15 14:40:00,344,344,344,344,0
2022-09-15 14:41:00,344,344,344,344,3300
2022-09-15 14:42:00,344,344,344,344,0
2022-09-15 14:43:00,344,344,344,344,0
2022-09-15 14:44:00,344,344,344,344,0
2022-09-15 14:45:00,344,344,344,344,0
2022-09-15 14:46:00,344,344,344,344,0
2022-09-15 14:47:00,344,344,344,344,0
2022-09-15 14:48:00,344,344,344,344,0
2022-09-15 14:49:00,344,344,344,344,0
2022-09-15 14:50:00,344,344,344,344,0
2022-09-15 14:51:00,344,344,344,344,0
2022-09-15 14:52:00,344,344,344,344,0
2022-09-15 14:53:00,344,344,344,344,0
2022-09-15 14:54:00,344,344,344,344,0
2022-09-15 14:55:00,344,344,344,344,0
2022-09-15 14:56:00,344,344,344,344,0
2022-09-15 14:57:00,344,344,344,344,0
2022-09-15 14:58:00,344,344,344,344,0
2022-09-15 14:59:00,344,344,344,344,0
2022-09-15 15:00:00,344,344,344,344,0
2022-09-15 15:01:00,344,344,344,344,0
2022-09-15 15:02:00,344,344,344,344,0
2022-09-15 15:03:00,344,344,344,344,0
2022-09-15 15:04:00,344,344,344,344,0
2022-09-15 15:05:00,344,344,344,344,0
2022-09-15 15:06:00,344,344,344,344,0
2022-09-15 15:07:00,344,344,344,344,0
2022-09-15 15:08:00,344,344,344,344,0
2022-09-15 15:09:00,344,344,344,344,0
2022-09-15 15:10:00,344,344,344,344,0
2022-09-15 15:11:00,344,344,344,344,0
2022-09-15 15:12:00,344,344,344,344,0
2022-09-15 15:13:00,344,344,344,344,0
2022-09-15 15:14:00,344,344,344,344,0
2022-09-15 15:15:00,344,344,344,344,0
2022-09-15 15:16:00,344,344,344,344,0
2022-09-15 15:17:00,344,344,344,344,0
2022-09-15 15:18:00,344,344,344,344,0
2022-09-15 15:19:00,344,344,344,344,0
2022-09-15 15:20:00,344,344,344,344,0
2022-09-15 15:21:00,344,344,344,344,0
2022-09-15 15:22:00,344,344,344,344,0
2022-09-15 15:23:00,344,344,344,344,0
2022-09-15 15:24:00,344,344,344,344,0
2022-09-15 15:25:00,344,344,344,344,0
2022-09-15 15:26:00,344,344,344,344,0
2022-09-15 15:27:00,344,344,344,344,0
2022-09-15 15:28:00,344,344,344,344,0
2022-09-15 15:29:00,344,344,344,344,0
2022-09-15 15:30:00,344,344,344,344,0
2022-09-15 15:31:00,344,344,344,344,0
2022-09-15 15:32:00,344,344,344,344,0
2022-09-15 15:33:00,344,344,344,344,0
2022-09-15 15:34:00,344,344,344,344,0
2022-09-15 15:35:00,344,344,344,344,0
2022-09-15 15:36:00,344,344,344,344,0
2022-09-15 15:37:00,344,344,344,344,0
2022-09-15 15:38:00,344,344,344,344,0
2022-09-15 15:39:00,344,344,344,344,0
2022-09-15 15:40:00,344,344,344,344,0
2022-09-15 15:41:00,344,344,344,344,0
2022-09-15 15:42:00,344,344,344,344,0
2022-09-15 15:43:00,344,344,344,344,0
2022-09-15 15:44:00,344,344,344,344,0
2022-09-15 15:45:00,344,344,344,344,0
2022-09-15 15:46:00,344,344,344,344,0
2022-09-15 15:47:00,344,344,344,344,0
2022-09-15 15:48:00,344,344,344,344,0
2022-09-15 15:49:00,344,344,344,344,0
2022-09-15 15:50:00,344,344,344,344,0
2022-09-15 15:51:00,344,344,344,344,0
2022-09-15 15:52:00,344,344,344,344,0
2022-09-15 15:53:00,344,344,344,344,0
2022-09-15 15:54:00,344,344,344,344,0
2022-09-15 15:55:00,344,344,344,344,0
2022-09-15 15:56:00,344,344,344,344,0
2022-09-15 15:57:00,344,344,344,344,0
2022-09-15 15:58:00,344,344,344,344,0
2022-09-15 15:59:00,344,344,344,344,0
2022-09-16 09:00:00,354,346,360,360,89600
2022-09-16 09:01:00,360,360,362,360,700
2022-09-16 09:02:00,360,360,364,364,9400
2022-09-16 09:03:00,362,362,368,368,33100
2022-09-16 09:04:00,368,368,378,378,54700
2022-09-16 09:05:00,380,378,396,396,119700
2022-09-16 09:06:00,396,396,420,410,302100
2022-09-16 09:07:00,418,396,420,408,60500
2022-09-16 09:08:00,406,394,406,394,78700
2022-09-16 09:09:00,402,398,402,398,28600
2022-09-16 09:10:00,398,398,404,404,72400
2022-09-16 09:11:00,404,404,408,404,25700
2022-09-16 09:12:00,408,406,408,406,7000
2022-09-16 09:13:00,406,406,410,410,48300
2022-09-16 09:14:00,414,410,416,416,14500
2022-09-16 09:15:00,416,416,422,418,71200
2022-09-16 09:16:00,422,422,428,424,111900
2022-09-16 09:17:00,426,416,426,426,64800
2022-09-16 09:18:00,426,424,430,430,55500
2022-09-16 09:19:00,428,428,430,430,0
2022-09-16 09:20:00,428,428,428,428,11300
2022-09-16 09:21:00,426,424,426,426,98300
2022-09-16 09:22:00,424,424,426,426,8600
2022-09-16 09:23:00,426,424,426,426,6300
2022-09-16 09:24:00,426,424,426,424,20000
2022-09-16 09:25:00,424,424,426,424,30500
2022-09-16 09:26:00,424,424,426,426,13900
2022-09-16 09:27:00,426,426,430,430,250400
2022-09-16 09:28:00,428,428,430,430,119400
2022-09-16 09:29:00,430,430,430,430,11600
2022-09-16 09:30:00,430,430,430,430,30600
2022-09-16 09:31:00,430,430,430,430,5600
2022-09-16 09:32:00,430,430,430,430,2800
2022-09-16 09:33:00,430,430,430,430,0
2022-09-16 09:34:00,430,430,430,430,28800
2022-09-16 09:35:00,430,430,430,430,0
2022-09-16 09:36:00,430,430,430,430,20000
2022-09-16 09:37:00,430,430,430,430,15500
2022-09-16 09:38:00,430,430,430,430,24000
2022-09-16 09:39:00,430,430,430,430,0
2022-09-16 09:40:00,430,430,430,430,119100
2022-09-16 09:41:00,430,430,430,430,13600
2022-09-16 09:42:00,430,430,430,430,12500
2022-09-16 09:43:00,430,428,430,428,2000
2022-09-16 09:44:00,426,422,426,422,19200
2022-09-16 09:45:00,422,420,422,420,21500
2022-09-16 09:46:00,420,416,420,416,20100
2022-09-16 09:47:00,416,416,426,426,15800
2022-09-16 09:48:00,426,426,426,426,0
2022-09-16 09:49:00,426,426,426,426,200
2022-09-16 09:50:00,422,422,422,422,300
2022-09-16 09:51:00,422,420,422,420,11300
2022-09-16 09:52:00,422,420,422,420,0
2022-09-16 09:53:00,426,420,426,420,0
2022-09-16 09:54:00,426,420,426,420,0
2022-09-16 09:55:00,426,420,426,420,100
2022-09-16 09:56:00,426,426,426,426,2400
2022-09-16 09:57:00,426,426,426,426,0
2022-09-16 09:58:00,420,420,424,424,2100
2022-09-16 09:59:00,426,426,426,426,300
2022-09-16 10:00:00,424,424,424,424,2200
2022-09-16 10:01:00,424,424,424,424,0
2022-09-16 10:02:00,424,424,424,424,0
2022-09-16 10:03:00,420,420,420,420,1700
2022-09-16 10:04:00,420,420,420,420,6000
2022-09-16 10:05:00,422,422,422,422,200
2022-09-16 10:06:00,422,422,422,422,1200
2022-09-16 10:07:00,422,422,422,422,0
2022-09-16 10:08:00,422,422,422,422,100
2022-09-16 10:09:00,422,422,424,422,6500
2022-09-16 10:10:00,422,422,424,422,0
2022-09-16 10:11:00,422,422,422,422,8000
2022-09-16 10:12:00,422,422,422,422,0
2022-09-16 10:13:00,426,426,426,426,100
2022-09-16 10:14:00,426,426,426,426,0
2022-09-16 10:15:00,426,426,426,426,0
2022-09-16 10:16:00,426,426,426,426,0
2022-09-16 10:17:00,426,426,426,426,0
2022-09-16 10:18:00,426,426,426,426,0
2022-09-16 10:19:00,426,426,426,426,0
2022-09-16 10:20:00,426,426,426,426,0
2022-09-16 10:21:00,426,426,426,426,1100
2022-09-16 10:22:00,426,426,426,426,0
2022-09-16 10:23:00,426,426,426,426,6600
2022-09-16 10:24:00,426,426,426,426,5400
2022-09-16 10:25:00,422,422,422,422,0
2022-09-16 10:26:00,424,424,424,424,200
2022-09-16 10:27:00,426,426,426,426,200
2022-09-16 10:28:00,426,426,426,426,0
2022-09-16 10:29:00,426,426,426,426,4000
2022-09-16 10:30:00,426,426,426,426,2200
2022-09-16 10:31:00,426,426,426,426,400
2022-09-16 10:32:00,426,426,426,426,0
2022-09-16 10:33:00,426,426,426,426,1900
2022-09-16 10:34:00,426,426,426,426,0
2022-09-16 10:35:00,426,426,426,426,6700
2022-09-16 10:36:00,426,426,426,426,0
2022-09-16 10:37:00,424,424,424,424,4200
2022-09-16 10:38:00,422,414,422,414,66600
2022-09-16 10:39:00,422,414,422,414,0
2022-09-16 10:40:00,414,414,414,414,0
2022-09-16 10:41:00,414,414,414,414,0
2022-09-16 10:42:00,414,414,414,414,0
2022-09-16 10:43:00,416,416,416,416,200
2022-09-16 10:44:00,418,418,418,418,8500
2022-09-16 10:45:00,418,418,418,418,0
2022-09-16 10:46:00,420,420,420,420,4800
2022-09-16 10:47:00,420,420,420,420,0
2022-09-16 10:48:00,420,420,420,420,0
2022-09-16 10:49:00,420,420,420,420,0
2022-09-16 10:50:00,424,424,424,424,0
2022-09-16 10:51:00,424,424,424,424,0
2022-09-16 10:52:00,420,420,422,422,700
2022-09-16 10:53:00,424,424,424,424,5200
2022-09-16 10:54:00,424,424,426,426,0
2022-09-16 10:55:00,426,426,426,426,0
2022-09-16 10:56:00,422,420,422,420,8200
2022-09-16 10:57:00,420,420,420,420,6300
2022-09-16 10:58:00,422,422,422,422,300
2022-09-16 10:59:00,422,422,422,422,0
2022-09-16 11:00:00,422,422,422,422,0
2022-09-16 11:01:00,422,422,422,422,0
2022-09-16 11:02:00,422,422,422,422,0
2022-09-16 11:03:00,422,422,422,422,0
2022-09-16 11:04:00,422,422,422,422,0
2022-09-16 11:05:00,422,422,422,422,0
2022-09-16 11:06:00,422,422,422,422,2800
2022-09-16 11:07:00,422,422,422,422,0
2022-09-16 11:08:00,422,422,422,422,400
2022-09-16 11:09:00,422,422,422,422,0
2022-09-16 11:10:00,422,422,422,422,0
2022-09-16 11:11:00,424,424,424,424,29600
2022-09-16 11:12:00,424,424,424,424,0
2022-09-16 11:13:00,424,424,424,424,0
2022-09-16 11:14:00,424,424,424,424,0
2022-09-16 11:15:00,424,424,424,424,0
2022-09-16 11:16:00,422,422,422,422,3600
2022-09-16 11:17:00,422,420,422,420,22300
2022-09-16 11:18:00,422,420,422,420,0
2022-09-16 11:19:00,420,420,420,420,0
2022-09-16 11:20:00,422,422,422,422,900
2022-09-16 11:21:00,422,422,422,422,0
2022-09-16 11:22:00,422,422,422,422,0
2022-09-16 11:23:00,422,422,422,422,2900
2022-09-16 11:24:00,422,422,422,422,0
2022-09-16 11:25:00,422,422,422,422,400
2022-09-16 11:26:00,422,422,422,422,0
2022-09-16 11:27:00,422,422,422,422,0
2022-09-16 11:28:00,422,422,422,422,0
2022-09-16 11:29:00,422,422,422,422,0
2022-09-16 11:30:00,422,422,422,422,0
2022-09-16 11:31:00,422,422,422,422,0
2022-09-16 11:32:00,422,422,422,422,0
2022-09-16 11:33:00,422,422,422,422,0
2022-09-16 11:34:00,422,422,422,422,0
2022-09-16 11:35:00,422,422,422,422,0
2022-09-16 11:36:00,422,422,422,422,0
2022-09-16 11:37:00,422,422,422,422,0
2022-09-16 11:38:00,422,422,422,422,0
2022-09-16 11:39:00,422,422,422,422,0
2022-09-16 11:40:00,422,422,422,422,0
2022-09-16 11:41:00,422,422,422,422,0
2022-09-16 11:42:00,422,422,422,422,0
2022-09-16 11:43:00,422,422,422,422,0
2022-09-16 11:44:00,422,422,422,422,0
2022-09-16 11:45:00,422,422,422,422,0
2022-09-16 11:46:00,422,422,422,422,0
2022-09-16 11:47:00,422,422,422,422,0
2022-09-16 11:48:00,422,422,422,422,0
2022-09-16 11:49:00,422,422,422,422,0
2022-09-16 11:50:00,422,422,422,422,0
2022-09-16 11:51:00,422,422,422,422,0
2022-09-16 11:52:00,422,422,422,422,0
2022-09-16 11:53:00,422,422,422,422,0
2022-09-16 11:54:00,422,422,422,422,0
2022-09-16 11:55:00,422,422,422,422,0
2022-09-16 11:56:00,422,422,422,422,0
2022-09-16 11:57:00,422,422,422,422,0
2022-09-16 11:58:00,422,422,422,422,0
2022-09-16 11:59:00,422,422,422,422,0
2022-09-16 12:00:00,422,422,422,422,0
2022-09-16 12:01:00,422,422,422,422,0
2022-09-16 12:02:00,422,422,422,422,0
2022-09-16 12:03:00,422,422,422,422,0
2022-09-16 12:04:00,422,422,422,422,0
2022-09-16 12:05:00,422,422,422,422,0
2022-09-16 12:06:00,422,422,422,422,0
2022-09-16 12:07:00,422,422,422,422,0
2022-09-16 12:08:00,422,422,422,422,0
2022-09-16 12:09:00,422,422,422,422,0
2022-09-16 12:10:00,422,422,422,422,0
2022-09-16 12:11:00,422,422,422,422,0
2022-09-16 12:12:00,422,422,422,422,0
2022-09-16 12:13:00,422,422,422,422,0
2022-09-16 12:14:00,422,422,422,422,0
2022-09-16 12:15:00,422,422,422,422,0
2022-09-16 12:16:00,422,422,422,422,0
2022-09-16 12:17:00,422,422,422,422,0
2022-09-16 12:18:00,422,422,422,422,0
2022-09-16 12:19:00,422,422,422,422,0
2022-09-16 12:20:00,422,422,422,422,0
2022-09-16 12:21:00,422,422,422,422,0
2022-09-16 12:22:00,422,422,422,422,0
2022-09-16 12:23:00,422,422,422,422,0
2022-09-16 12:24:00,422,422,422,422,0
2022-09-16 12:25:00,422,422,422,422,0
2022-09-16 12:26:00,422,422,422,422,0
2022-09-16 12:27:00,422,422,422,422,0
2022-09-16 12:28:00,422,422,422,422,0
2022-09-16 12:29:00,422,422,422,422,0
2022-09-16 12:30:00,422,422,422,422,0
2022-09-16 12:31:00,422,422,422,422,0
2022-09-16 12:32:00,422,422,422,422,0
2022-09-16 12:33:00,422,422,422,422,0
2022-09-16 12:34:00,422,422,422,422,0
2022-09-16 12:35:00,422,422,422,422,0
2022-09-16 12:36:00,422,422,422,422,0
2022-09-16 12:37:00,422,422,422,422,0
2022-09-16 12:38:00,422,422,422,422,0
2022-09-16 12:39:00,422,422,422,422,0
2022-09-16 12:40:00,422,422,422,422,0
2022-09-16 12:41:00,422,422,422,422,0
2022-09-16 12:42:00,422,422,422,422,0
2022-09-16 12:43:00,422,422,422,422,0
2022-09-16 12:44:00,422,422,422,422,0
2022-09-16 12:45:00,422,422,422,422,0
2022-09-16 12:46:00,422,422,422,422,0
2022-09-16 12:47:00,422,422,422,422,0
2022-09-16 12:48:00,422,422,422,422,0
2022-09-16 12:49:00,422,422,422,422,0
2022-09-16 12:50:00,422,422,422,422,0
2022-09-16 12:51:00,422,422,422,422,0
2022-09-16 12:52:00,422,422,422,422,0
2022-09-16 12:53:00,422,422,422,422,0
2022-09-16 12:54:00,422,422,422,422,0
2022-09-16 12:55:00,422,422,422,422,0
2022-09-16 12:56:00,422,422,422,422,0
2022-09-16 12:57:00,422,422,422,422,0
2022-09-16 12:58:00,422,422,422,422,0
2022-09-16 12:59:00,422,422,422,422,0
2022-09-16 13:00:00,422,422,422,422,0
2022-09-16 13:01:00,422,422,422,422,0
2022-09-16 13:02:00,422,422,422,422,0
2022-09-16 13:03:00,422,422,422,422,0
2022-09-16 13:04:00,422,422,422,422,0
2022-09-16 13:05:00,422,422,422,422,0
2022-09-16 13:06:00,422,422,422,422,0
2022-09-16 13:07:00,422,422,422,422,0
2022-09-16 13:08:00,422,422,422,422,0
2022-09-16 13:09:00,422,422,422,422,0
2022-09-16 13:10:00,422,422,422,422,0
2022-09-16 13:11:00,422,422,422,422,0
2022-09-16 13:12:00,422,422,422,422,0
2022-09-16 13:13:00,422,422,422,422,0
2022-09-16 13:14:00,422,422,422,422,0
2022-09-16 13:15:00,422,422,422,422,0
2022-09-16 13:16:00,422,422,422,422,0
2022-09-16 13:17:00,422,422,422,422,0
2022-09-16 13:18:00,422,422,422,422,0
2022-09-16 13:19:00,422,422,422,422,0
2022-09-16 13:20:00,422,422,422,422,0
2022-09-16 13:21:00,422,422,422,422,0
2022-09-16 13:22:00,422,422,422,422,0
2022-09-16 13:23:00,422,422,422,422,0
2022-09-16 13:24:00,422,422,422,422,0
2022-09-16 13:25:00,422,422,422,422,0
2022-09-16 13:26:00,422,422,422,422,0
2022-09-16 13:27:00,422,422,422,422,0
2022-09-16 13:28:00,422,422,422,422,0
2022-09-16 13:29:00,422,422,422,422,0
2022-09-16 13:30:00,422,416,422,420,204000
2022-09-16 13:31:00,422,416,422,420,0
2022-09-16 13:32:00,422,416,422,420,0
2022-09-16 13:33:00,416,416,416,416,14800
2022-09-16 13:34:00,416,416,420,420,6100
2022-09-16 13:35:00,420,420,420,420,0
2022-09-16 13:36:00,418,418,418,418,200
2022-09-16 13:37:00,418,418,418,418,2200
2022-09-16 13:38:00,418,418,418,418,0
2022-09-16 13:39:00,418,418,418,418,0
2022-09-16 13:40:00,418,418,418,418,600
2022-09-16 13:41:00,416,414,416,414,22000
2022-09-16 13:42:00,416,416,416,416,0
2022-09-16 13:43:00,416,414,416,416,17700
2022-09-16 13:44:00,414,412,414,412,2700
2022-09-16 13:45:00,412,412,414,414,3100
2022-09-16 13:46:00,414,414,414,414,2600
2022-09-16 13:47:00,414,414,414,414,0
2022-09-16 13:48:00,414,414,414,414,0
2022-09-16 13:49:00,414,414,414,414,0
2022-09-16 13:50:00,414,414,414,414,0
2022-09-16 13:51:00,414,414,414,414,0
2022-09-16 13:52:00,414,414,414,414,11700
2022-09-16 13:53:00,414,414,414,414,4400
2022-09-16 13:54:00,414,412,414,412,66800
2022-09-16 13:55:00,412,408,412,408,42800
2022-09-16 13:56:00,412,408,412,408,0
2022-09-16 13:57:00,404,404,404,404,12200
2022-09-16 13:58:00,404,404,404,404,1900
2022-09-16 13:59:00,400,400,400,400,15900
2022-09-16 14:00:00,400,400,400,400,30000
2022-09-16 14:01:00,400,400,400,400,20500
2022-09-16 14:02:00,400,400,400,400,3100
2022-09-16 14:03:00,400,400,400,400,100
2022-09-16 14:04:00,398,396,398,396,8000
2022-09-16 14:05:00,400,398,400,398,0
2022-09-16 14:06:00,398,396,398,396,11900
2022-09-16 14:07:00,394,392,394,392,8900
2022-09-16 14:08:00,392,388,392,388,23700
2022-09-16 14:09:00,388,388,388,388,0
2022-09-16 14:10:00,388,388,388,388,2700
2022-09-16 14:11:00,388,388,388,388,0
2022-09-16 14:12:00,388,388,388,388,0
2022-09-16 14:13:00,392,390,392,390,500
2022-09-16 14:14:00,390,390,390,390,1100
2022-09-16 14:15:00,390,390,390,390,1100
2022-09-16 14:16:00,390,390,390,390,300
2022-09-16 14:17:00,390,390,390,390,2100
2022-09-16 14:18:00,390,390,390,390,1400
2022-09-16 14:19:00,390,390,394,394,7500
2022-09-16 14:20:00,394,394,394,394,1000
2022-09-16 14:21:00,394,394,394,394,0
2022-09-16 14:22:00,394,394,400,400,1700
2022-09-16 14:23:00,400,400,400,400,24000
2022-09-16 14:24:00,400,394,400,394,0
2022-09-16 14:25:00,394,394,394,394,600
2022-09-16 14:26:00,394,394,394,394,10300
2022-09-16 14:27:00,394,394,394,394,1100
2022-09-16 14:28:00,394,394,394,394,0
2022-09-16 14:29:00,392,392,392,392,0
2022-09-16 14:30:00,392,392,392,392,0
2022-09-16 14:31:00,388,388,388,388,15100
2022-09-16 14:32:00,388,388,388,388,7100
2022-09-16 14:33:00,398,388,398,388,0
2022-09-16 14:34:00,388,388,388,388,3100
2022-09-16 14:35:00,388,388,388,388,0
2022-09-16 14:36:00,388,388,388,388,0
2022-09-16 14:37:00,388,388,388,388,0
2022-09-16 14:38:00,388,388,388,388,0
2022-09-16 14:39:00,390,388,390,388,4200
2022-09-16 14:40:00,390,388,390,388,0
2022-09-16 14:41:00,388,388,388,388,7700
2022-09-16 14:42:00,388,388,388,388,0
2022-09-16 14:43:00,386,384,386,384,2700
2022-09-16 14:44:00,384,382,384,382,1800
2022-09-16 14:45:00,382,380,382,382,10100
2022-09-16 14:46:00,382,382,382,382,7900
2022-09-16 14:47:00,382,382,382,382,0
2022-09-16 14:48:00,384,382,384,382,7600
2022-09-16 14:49:00,384,380,384,380,7300
2022-09-16 14:50:00,384,380,384,380,0
2022-09-16 14:51:00,384,380,384,380,0
2022-09-16 14:52:00,384,380,384,380,0
2022-09-16 14:53:00,384,380,384,380,0
2022-09-16 14:54:00,384,380,384,380,0
2022-09-16 14:55:00,384,380,384,380,0
2022-09-16 14:56:00,384,380,384,380,0
2022-09-16 14:57:00,384,380,384,380,0
2022-09-16 14:58:00,384,380,384,380,0
2022-09-16 14:59:00,384,380,384,380,0
2022-09-16 15:00:00,380,380,380,380,9500
2022-09-16 15:01:00,380,380,380,380,0
2022-09-16 15:02:00,380,380,380,380,0
2022-09-16 15:03:00,380,380,380,380,7700
2022-09-16 15:04:00,380,380,380,380,0
2022-09-16 15:05:00,380,380,380,380,0
2022-09-16 15:06:00,380,380,380,380,0
2022-09-16 15:07:00,380,380,380,380,0
2022-09-16 15:08:00,380,380,380,380,100
2022-09-16 15:09:00,380,380,380,380,0
2022-09-16 15:10:00,380,380,380,380,0
2022-09-16 15:11:00,380,380,380,380,0
2022-09-16 15:12:00,380,380,380,380,0
2022-09-16 15:13:00,380,380,380,380,100
2022-09-16 15:14:00,380,380,380,380,0
2022-09-16 15:15:00,380,380,380,380,0
2022-09-16 15:16:00,380,380,380,380,0
2022-09-16 15:17:00,380,380,380,380,0
2022-09-16 15:18:00,380,380,380,380,0
2022-09-16 15:19:00,380,380,380,380,0
2022-09-16 15:20:00,380,380,380,380,0
2022-09-16 15:21:00,380,380,380,380,0
2022-09-16 15:22:00,380,380,380,380,0
2022-09-16 15:23:00,380,380,380,380,0
2022-09-16 15:24:00,380,380,380,380,0
2022-09-16 15:25:00,380,380,380,380,0
2022-09-16 15:26:00,380,380,380,380,0
2022-09-16 15:27:00,380,380,380,380,0
2022-09-16 15:28:00,380,380,380,380,0
2022-09-16 15:29:00,380,380,380,380,0
2022-09-16 15:30:00,380,380,380,380,0
2022-09-16 15:31:00,380,380,380,380,0
2022-09-16 15:32:00,380,380,380,380,0
2022-09-16 15:33:00,380,380,380,380,0
2022-09-16 15:34:00,380,380,380,380,0
2022-09-16 15:35:00,380,380,380,380,0
2022-09-16 15:36:00,380,380,380,380,0
2022-09-16 15:37:00,380,380,380,380,0
2022-09-16 15:38:00,380,380,380,380,0
2022-09-16 15:39:00,380,380,380,380,0
2022-09-16 15:40:00,380,380,380,380,0
2022-09-16 15:41:00,380,380,380,380,0
2022-09-16 15:42:00,380,380,380,380,0
2022-09-16 15:43:00,380,380,380,380,0
2022-09-16 15:44:00,380,380,380,380,0
2022-09-16 15:45:00,380,380,380,380,0
2022-09-16 15:46:00,380,380,380,380,0
2022-09-16 15:47:00,380,380,380,380,0
2022-09-16 15:48:00,380,380,380,380,0
2022-09-16 15:49:00,380,380,380,380,0
2022-09-16 15:50:00,380,380,380,380,0
2022-09-16 15:51:00,380,380,380,380,0
2022-09-16 15:52:00,380,380,380,380,0
2022-09-16 15:53:00,380,380,380,380,0
2022-09-16 15:54:00,380,380,380,380,0
2022-09-16 15:55:00,380,380,380,380,0
2022-09-16 15:56:00,380,380,380,380,0
2022-09-16 15:57:00,380,380,380,380,0
2022-09-16 15:58:00,380,380,380,380,0
2022-09-16 15:59:00,380,380,380,380,0
2022-09-19 09:00:00,388,388,388,388,0
2022-09-19 09:01:00,388,388,388,388,18000
2022-09-19 09:02:00,388,388,388,388,5000
2022-09-19 09:03:00,388,388,388,388,0
2022-09-19 09:04:00,388,388,388,388,0
2022-09-19 09:05:00,388,388,388,388,1800
2022-09-19 09:06:00,388,388,388,388,100
2022-09-19 09:07:00,388,388,388,388,0
2022-09-19 09:08:00,388,388,388,388,0
2022-09-19 09:09:00,388,388,388,388,300
2022-09-19 09:10:00,388,388,388,388,0
2022-09-19 09:11:00,388,388,388,388,0
2022-09-19 09:12:00,388,388,394,388,1600
2022-09-19 09:13:00,388,388,394,388,0
2022-09-19 09:14:00,388,388,388,388,1100
2022-09-19 09:15:00,388,388,388,388,0
2022-09-19 09:16:00,388,388,388,388,0
2022-09-19 09:17:00,382,382,382,382,0
2022-09-19 09:18:00,382,382,382,382,0
2022-09-19 09:19:00,382,382,382,382,0
2022-09-19 09:20:00,382,382,382,382,0
2022-09-19 09:21:00,382,382,382,382,900
2022-09-19 09:22:00,382,382,382,382,0
2022-09-19 09:23:00,382,382,382,382,0
2022-09-19 09:24:00,382,382,382,382,0
2022-09-19 09:25:00,382,382,382,382,0
2022-09-19 09:26:00,382,382,382,382,0
2022-09-19 09:27:00,382,382,382,382,0
2022-09-19 09:28:00,382,382,382,382,0
2022-09-19 09:29:00,386,386,386,386,300
2022-09-19 09:30:00,386,386,386,386,0
2022-09-19 09:31:00,386,386,386,386,0
2022-09-19 09:32:00,388,388,388,388,2300
2022-09-19 09:33:00,388,388,388,388,0
2022-09-19 09:34:00,388,388,388,388,0
2022-09-19 09:35:00,390,388,390,388,19700
2022-09-19 09:36:00,390,388,390,388,0
2022-09-19 09:37:00,382,382,382,382,1000
2022-09-19 09:38:00,382,382,382,382,0
2022-09-19 09:39:00,382,382,382,382,0
2022-09-19 09:40:00,382,382,382,382,0
2022-09-19 09:41:00,382,382,382,382,0
2022-09-19 09:42:00,382,382,382,382,0
2022-09-19 09:43:00,382,382,382,382,0
2022-09-19 09:44:00,382,382,382,382,2300
2022-09-19 09:45:00,382,382,382,382,0
2022-09-19 09:46:00,382,382,382,382,0
2022-09-19 09:47:00,382,382,382,382,0
2022-09-19 09:48:00,382,382,382,382,0
2022-09-19 09:49:00,382,382,382,382,0
2022-09-19 09:50:00,382,382,382,382,0
2022-09-19 09:51:00,382,382,382,382,0
2022-09-19 09:52:00,382,382,382,382,500
2022-09-19 09:53:00,382,382,382,382,0
2022-09-19 09:54:00,382,382,382,382,0
2022-09-19 09:55:00,382,382,382,382,0
2022-09-19 09:56:00,380,380,382,382,12200
2022-09-19 09:57:00,380,380,382,382,0
2022-09-19 09:58:00,380,380,382,382,0
2022-09-19 09:59:00,380,380,382,382,0
2022-09-19 10:00:00,380,380,382,382,0
2022-09-19 10:01:00,380,380,382,382,0
2022-09-19 10:02:00,384,382,384,382,0
2022-09-19 10:03:00,384,382,384,382,0
2022-09-19 10:04:00,384,382,384,382,0
2022-09-19 10:05:00,384,382,384,382,0
2022-09-19 10:06:00,384,382,384,382,0
2022-09-19 10:07:00,380,380,380,380,2000
2022-09-19 10:08:00,380,380,380,380,0
2022-09-19 10:09:00,380,380,380,380,0
2022-09-19 10:10:00,380,380,380,380,0
2022-09-19 10:11:00,380,380,380,380,0
2022-09-19 10:12:00,380,380,380,380,0
2022-09-19 10:13:00,380,380,380,380,0
2022-09-19 10:14:00,380,380,380,380,0
2022-09-19 10:15:00,380,380,380,380,0
2022-09-19 10:16:00,380,380,380,380,4400
2022-09-19 10:17:00,380,380,380,380,0
2022-09-19 10:18:00,380,380,380,380,0
2022-09-19 10:19:00,380,380,380,380,0
2022-09-19 10:20:00,380,380,380,380,0
2022-09-19 10:21:00,380,380,380,380,0
2022-09-19 10:22:00,380,380,380,380,600
2022-09-19 10:23:00,380,380,380,380,0
2022-09-19 10:24:00,380,380,380,380,700
2022-09-19 10:25:00,380,380,380,380,0
2022-09-19 10:26:00,380,380,380,380,0
2022-09-19 10:27:00,380,380,380,380,0
2022-09-19 10:28:00,380,380,380,380,0
2022-09-19 10:29:00,380,380,380,380,0
2022-09-19 10:30:00,380,380,380,380,3900
2022-09-19 10:31:00,380,380,380,380,3900
2022-09-19 10:32:00,380,380,380,380,0
2022-09-19 10:33:00,380,380,380,380,0
2022-09-19 10:34:00,380,380,380,380,0
2022-09-19 10:35:00,380,380,380,380,0
2022-09-19 10:36:00,380,380,380,380,0
2022-09-19 10:37:00,380,380,380,380,0
2022-09-19 10:38:00,380,380,380,380,0
2022-09-19 10:39:00,380,380,380,380,0
2022-09-19 10:40:00,380,380,380,380,300
2022-09-19 10:41:00,380,380,380,380,0
2022-09-19 10:42:00,380,380,380,380,0
2022-09-19 10:43:00,380,380,380,380,0
2022-09-19 10:44:00,380,380,380,380,0
2022-09-19 10:45:00,380,380,380,380,0
2022-09-19 10:46:00,380,380,380,380,0
2022-09-19 10:47:00,380,380,380,380,0
2022-09-19 10:48:00,380,380,380,380,0
2022-09-19 10:49:00,380,380,380,380,0
2022-09-19 10:50:00,380,380,380,380,20000
2022-09-19 10:51:00,380,380,380,380,0
2022-09-19 10:52:00,380,380,380,380,0
2022-09-19 10:53:00,380,380,380,380,0
2022-09-19 10:54:00,380,380,380,380,0
2022-09-19 10:55:00,380,380,380,380,0
2022-09-19 10:56:00,380,380,380,380,1000
2022-09-19 10:57:00,380,380,380,380,500
2022-09-19 10:58:00,380,380,380,380,0
2022-09-19 10:59:00,380,380,380,380,14100
2022-09-19 11:00:00,380,380,380,380,0
2022-09-19 11:01:00,380,380,380,380,19900
2022-09-19 11:02:00,380,380,380,380,0
2022-09-19 11:03:00,378,378,378,378,9200
2022-09-19 11:04:00,378,378,378,378,0
2022-09-19 11:05:00,378,378,378,378,0
2022-09-19 11:06:00,378,378,378,378,0
2022-09-19 11:07:00,378,378,378,378,0
2022-09-19 11:08:00,378,378,378,378,0
2022-09-19 11:09:00,378,378,378,378,0
2022-09-19 11:10:00,378,378,378,378,0
2022-09-19 11:11:00,378,378,378,378,0
2022-09-19 11:12:00,378,378,378,378,0
2022-09-19 11:13:00,378,378,378,378,200
2022-09-19 11:14:00,378,378,378,378,0
2022-09-19 11:15:00,378,378,378,378,0
2022-09-19 11:16:00,378,378,378,378,0
2022-09-19 11:17:00,378,378,378,378,0
2022-09-19 11:18:00,378,378,378,378,0
2022-09-19 11:19:00,376,376,376,376,100
2022-09-19 11:20:00,376,376,376,376,0
2022-09-19 11:21:00,378,378,378,378,0
2022-09-19 11:22:00,378,378,378,378,0
2022-09-19 11:23:00,378,378,378,378,0
2022-09-19 11:24:00,378,378,378,378,0
2022-09-19 11:25:00,378,378,378,378,0
2022-09-19 11:26:00,378,378,378,378,0
2022-09-19 11:27:00,378,378,378,378,0
2022-09-19 11:28:00,378,378,378,378,0
2022-09-19 11:29:00,378,378,378,378,0
2022-09-19 11:30:00,378,378,378,378,0
2022-09-19 11:31:00,378,378,378,378,0
2022-09-19 11:32:00,378,378,378,378,0
2022-09-19 11:33:00,378,378,378,378,0
2022-09-19 11:34:00,378,378,378,378,0
2022-09-19 11:35:00,378,378,378,378,0
2022-09-19 11:36:00,378,378,378,378,0
2022-09-19 11:37:00,378,378,378,378,0
2022-09-19 11:38:00,378,378,378,378,0
2022-09-19 11:39:00,378,378,378,378,0
2022-09-19 11:40:00,378,378,378,378,0
2022-09-19 11:41:00,378,378,378,378,0
2022-09-19 11:42:00,378,378,378,378,0
2022-09-19 11:43:00,378,378,378,378,0
2022-09-19 11:44:00,378,378,378,378,0
2022-09-19 11:45:00,378,378,378,378,0
2022-09-19 11:46:00,378,378,378,378,0
2022-09-19 11:47:00,378,378,378,378,0
2022-09-19 11:48:00,378,378,378,378,0
2022-09-19 11:49:00,378,378,378,378,0
2022-09-19 11:50:00,378,378,378,378,0
2022-09-19 11:51:00,378,378,378,378,0
2022-09-19 11:52:00,378,378,378,378,0
2022-09-19 11:53:00,378,378,378,378,0
2022-09-19 11:54:00,378,378,378,378,0
2022-09-19 11:55:00,378,378,378,378,0
2022-09-19 11:56:00,378,378,378,378,0
2022-09-19 11:57:00,378,378,378,378,0
2022-09-19 11:58:00,378,378,378,378,0
2022-09-19 11:59:00,378,378,378,378,0
2022-09-19 12:00:00,378,378,378,378,0
2022-09-19 12:01:00,378,378,378,378,0
2022-09-19 12:02:00,378,378,378,378,0
2022-09-19 12:03:00,378,378,378,378,0
2022-09-19 12:04:00,378,378,378,378,0
2022-09-19 12:05:00,378,378,378,378,0
2022-09-19 12:06:00,378,378,378,378,0
2022-09-19 12:07:00,378,378,378,378,0
2022-09-19 12:08:00,378,378,378,378,0
2022-09-19 12:09:00,378,378,378,378,0
2022-09-19 12:10:00,378,378,378,378,0
2022-09-19 12:11:00,378,378,378,378,0
2022-09-19 12:12:00,378,378,378,378,0
2022-09-19 12:13:00,378,378,378,378,0
2022-09-19 12:14:00,378,378,378,378,0
2022-09-19 12:15:00,378,378,378,378,0
2022-09-19 12:16:00,378,378,378,378,0
2022-09-19 12:17:00,378,378,378,378,0
2022-09-19 12:18:00,378,378,378,378,0
2022-09-19 12:19:00,378,378,378,378,0
2022-09-19 12:20:00,378,378,378,378,0
2022-09-19 12:21:00,378,378,378,378,0
2022-09-19 12:22:00,378,378,378,378,0
2022-09-19 12:23:00,378,378,378,378,0
2022-09-19 12:24:00,378,378,378,378,0
2022-09-19 12:25:00,378,378,378,378,0
2022-09-19 12:26:00,378,378,378,378,0
2022-09-19 12:27:00,378,378,378,378,0
2022-09-19 12:28:00,378,378,378,378,0
2022-09-19 12:29:00,378,378,378,378,0
2022-09-19 12:30:00,378,378,378,378,0
2022-09-19 12:31:00,378,378,378,378,0
2022-09-19 12:32:00,378,378,378,378,0
2022-09-19 12:33:00,378,378,378,378,0
2022-09-19 12:34:00,378,378,378,378,0
2022-09-19 12:35:00,378,378,378,378,0
2022-09-19 12:36:00,378,378,378,378,0
2022-09-19 12:37:00,378,378,378,378,0
2022-09-19 12:38:00,378,378,378,378,0
2022-09-19 12:39:00,378,378,378,378,0
2022-09-19 12:40:00,378,378,378,378,0
2022-09-19 12:41:00,378,378,378,378,0
2022-09-19 12:42:00,378,378,378,378,0
2022-09-19 12:43:00,378,378,378,378,0
2022-09-19 12:44:00,378,378,378,378,0
2022-09-19 12:45:00,378,378,378,378,0
2022-09-19 12:46:00,378,378,378,378,0
2022-09-19 12:47:00,378,378,378,378,0
2022-09-19 12:48:00,378,378,378,378,0
2022-09-19 12:49:00,378,378,378,378,0
2022-09-19 12:50:00,378,378,378,378,0
2022-09-19 12:51:00,378,378,378,378,0
2022-09-19 12:52:00,378,378,378,378,0
2022-09-19 12:53:00,378,378,378,378,0
2022-09-19 12:54:00,378,378,378,378,0
2022-09-19 12:55:00,378,378,378,378,0
2022-09-19 12:56:00,378,378,378,378,0
2022-09-19 12:57:00,378,378,378,378,0
2022-09-19 12:58:00,378,378,378,378,0
2022-09-19 12:59:00,378,378,378,378,0
2022-09-19 13:00:00,378,378,378,378,0
2022-09-19 13:01:00,378,378,378,378,0
2022-09-19 13:02:00,378,378,378,378,0
2022-09-19 13:03:00,378,378,378,378,0
2022-09-19 13:04:00,378,378,378,378,0
2022-09-19 13:05:00,378,378,378,378,0
2022-09-19 13:06:00,378,378,378,378,0
2022-09-19 13:07:00,378,378,378,378,0
2022-09-19 13:08:00,378,378,378,378,0
2022-09-19 13:09:00,378,378,378,378,0
2022-09-19 13:10:00,378,378,378,378,0
2022-09-19 13:11:00,378,378,378,378,0
2022-09-19 13:12:00,378,378,378,378,0
2022-09-19 13:13:00,378,378,378,378,0
2022-09-19 13:14:00,378,378,378,378,0
2022-09-19 13:15:00,378,378,378,378,0
2022-09-19 13:16:00,378,378,378,378,0
2022-09-19 13:17:00,378,378,378,378,0
2022-09-19 13:18:00,378,378,378,378,0
2022-09-19 13:19:00,378,378,378,378,0
2022-09-19 13:20:00,378,378,378,378,0
2022-09-19 13:21:00,378,378,378,378,0
2022-09-19 13:22:00,378,378,378,378,0
2022-09-19 13:23:00,378,378,378,378,0
2022-09-19 13:24:00,378,378,378,378,0
2022-09-19 13:25:00,378,378,378,378,0
2022-09-19 13:26:00,378,378,378,378,0
2022-09-19 13:27:00,378,378,378,378,0
2022-09-19 13:28:00,378,378,378,378,0
2022-09-19 13:29:00,378,378,378,378,0
2022-09-19 13:30:00,376,376,376,376,7200
2022-09-19 13:31:00,376,376,376,376,0
2022-09-19 13:32:00,376,376,376,376,0
2022-09-19 13:33:00,376,376,376,376,0
2022-09-19 13:34:00,372,372,372,372,37100
2022-09-19 13:35:00,372,372,372,372,0
2022-09-19 13:36:00,372,372,372,372,0
2022-09-19 13:37:00,372,372,372,372,0
2022-09-19 13:38:00,372,372,372,372,0
2022-09-19 13:39:00,372,372,372,372,0
2022-09-19 13:40:00,372,372,372,372,0
2022-09-19 13:41:00,372,372,372,372,4000
2022-09-19 13:42:00,372,372,372,372,0
2022-09-19 13:43:00,372,372,372,372,0
2022-09-19 13:44:00,372,372,372,372,0
2022-09-19 13:45:00,372,372,372,372,0
2022-09-19 13:46:00,372,372,372,372,0
2022-09-19 13:47:00,372,372,372,372,0
2022-09-19 13:48:00,372,372,372,372,0
2022-09-19 13:49:00,372,372,372,372,0
2022-09-19 13:50:00,372,372,372,372,0
2022-09-19 13:51:00,372,372,372,372,0
2022-09-19 13:52:00,372,372,372,372,0
2022-09-19 13:53:00,372,372,372,372,0
2022-09-19 13:54:00,372,372,372,372,12400
2022-09-19 13:55:00,372,372,372,372,0
2022-09-19 13:56:00,372,372,372,372,0
2022-09-19 13:57:00,372,372,372,372,0
2022-09-19 13:58:00,372,372,372,372,0
2022-09-19 13:59:00,372,372,372,372,0
2022-09-19 14:00:00,370,370,370,370,500
2022-09-19 14:01:00,370,370,370,370,0
2022-09-19 14:02:00,372,372,372,372,0
2022-09-19 14:03:00,372,372,372,372,0
2022-09-19 14:04:00,372,372,372,372,0
2022-09-19 14:05:00,372,372,372,372,0
2022-09-19 14:06:00,370,370,370,370,3000
2022-09-19 14:07:00,370,370,370,370,0
2022-09-19 14:08:00,370,370,370,370,0
2022-09-19 14:09:00,370,370,370,370,0
2022-09-19 14:10:00,370,370,370,370,0
2022-09-19 14:11:00,372,372,372,372,400
2022-09-19 14:12:00,372,372,372,372,0
2022-09-19 14:13:00,372,372,372,372,0
2022-09-19 14:14:00,372,372,372,372,0
2022-09-19 14:15:00,372,372,372,372,2100
2022-09-19 14:16:00,372,372,372,372,0
2022-09-19 14:17:00,372,372,372,372,0
2022-09-19 14:18:00,372,372,372,372,0
2022-09-19 14:19:00,372,372,372,372,0
2022-09-19 14:20:00,372,372,372,372,0
2022-09-19 14:21:00,372,372,372,372,0
2022-09-19 14:22:00,370,370,370,370,6800
2022-09-19 14:23:00,370,370,370,370,0
2022-09-19 14:24:00,370,370,370,370,0
2022-09-19 14:25:00,370,370,370,370,0
2022-09-19 14:26:00,370,370,370,370,0
2022-09-19 14:27:00,368,368,368,368,2500
2022-09-19 14:28:00,368,368,368,368,0
2022-09-19 14:29:00,368,368,368,368,0
2022-09-19 14:30:00,368,368,368,368,0
2022-09-19 14:31:00,368,368,368,368,0
2022-09-19 14:32:00,368,368,368,368,19000
2022-09-19 14:33:00,368,368,368,368,0
2022-09-19 14:34:00,368,368,370,370,17700
2022-09-19 14:35:00,368,368,368,368,7700
2022-09-19 14:36:00,368,368,368,368,0
2022-09-19 14:37:00,368,368,368,368,0
2022-09-19 14:38:00,368,368,368,368,0
2022-09-19 14:39:00,370,370,370,370,500
2022-09-19 14:40:00,370,370,370,370,0
2022-09-19 14:41:00,370,370,370,370,0
2022-09-19 14:42:00,370,370,370,370,0
2022-09-19 14:43:00,370,370,370,370,1400
2022-09-19 14:44:00,370,370,370,370,200
2022-09-19 14:45:00,370,370,370,370,500
2022-09-19 14:46:00,370,370,370,370,0
2022-09-19 14:47:00,370,370,370,370,0
2022-09-19 14:48:00,368,368,368,368,100
2022-09-19 14:49:00,370,370,370,370,200
2022-09-19 14:50:00,370,370,370,370,0
2022-09-19 14:51:00,370,370,370,370,0
2022-09-19 14:52:00,370,370,370,370,0
2022-09-19 14:53:00,370,370,370,370,0
2022-09-19 14:54:00,370,370,370,370,0
2022-09-19 14:55:00,370,370,370,370,0
2022-09-19 14:56:00,370,370,370,370,0
2022-09-19 14:57:00,370,370,370,370,0
2022-09-19 14:58:00,370,370,370,370,0
2022-09-19 14:59:00,370,370,370,370,0
2022-09-19 15:00:00,370,370,370,370,2000
2022-09-19 15:01:00,370,370,370,370,0
2022-09-19 15:02:00,370,370,370,370,0
2022-09-19 15:03:00,370,370,370,370,0
2022-09-19 15:04:00,370,370,370,370,0
2022-09-19 15:05:00,370,370,370,370,261100
2022-09-19 15:06:00,370,370,370,370,0
2022-09-19 15:07:00,370,370,370,370,0
2022-09-19 15:08:00,370,370,370,370,0
2022-09-19 15:09:00,370,370,370,370,0
2022-09-19 15:10:00,370,370,370,370,0
2022-09-19 15:11:00,370,370,370,370,0
2022-09-19 15:12:00,370,370,370,370,0
2022-09-19 15:13:00,370,370,370,370,0
2022-09-19 15:14:00,370,370,370,370,0
2022-09-19 15:15:00,370,370,370,370,0
2022-09-19 15:16:00,370,370,370,370,0
2022-09-19 15:17:00,370,370,370,370,0
2022-09-19 15:18:00,370,370,370,370,0
2022-09-19 15:19:00,370,370,370,370,0
2022-09-19 15:20:00,370,370,370,370,0
2022-09-19 15:21:00,370,370,370,370,0
2022-09-19 15:22:00,370,370,370,370,0
2022-09-19 15:23:00,370,370,370,370,0
2022-09-19 15:24:00,370,370,370,370,0
2022-09-19 15:25:00,370,370,370,370,0
2022-09-19 15:26:00,370,370,370,370,0
2022-09-19 15:27:00,370,370,370,370,0
2022-09-19 15:28:00,370,370,370,370,0
2022-09-19 15:29:00,370,370,370,370,0
2022-09-19 15:30:00,370,370,370,370,0
2022-09-19 15:31:00,370,370,370,370,0
2022-09-19 15:32:00,370,370,370,370,0
2022-09-19 15:33:00,370,370,370,370,0
2022-09-19 15:34:00,370,370,370,370,0
2022-09-19 15:35:00,370,370,370,370,0
2022-09-19 15:36:00,370,370,370,370,0
2022-09-19 15:37:00,370,370,370,370,0
2022-09-19 15:38:00,370,370,370,370,0
2022-09-19 15:39:00,370,370,370,370,0
2022-09-19 15:40:00,370,370,370,370,0
2022-09-19 15:41:00,370,370,370,370,0
2022-09-19 15:42:00,370,370,370,370,0
2022-09-19 15:43:00,370,370,370,370,0
2022-09-19 15:44:00,370,370,370,370,0
2022-09-19 15:45:00,370,370,370,370,0
2022-09-19 15:46:00,370,370,370,370,0
2022-09-19 15:47:00,370,370,370,370,0
2022-09-19 15:48:00,370,370,370,370,0
2022-09-19 15:49:00,370,370,370,370,0
2022-09-19 15:50:00,370,370,370,370,0
2022-09-19 15:51:00,370,370,370,370,0
2022-09-19 15:52:00,370,370,370,370,0
2022-09-19 15:53:00,370,370,370,370,0
2022-09-19 15:54:00,370,370,370,370,0
2022-09-19 15:55:00,370,370,370,370,0
2022-09-19 15:56:00,370,370,370,370,0
2022-09-19 15:57:00,370,370,370,370,0
2022-09-19 15:58:00,370,370,370,370,0
2022-09-19 15:59:00,370,370,370,370,0
2022-09-20 09:00:00,370,370,370,370,0
2022-09-20 09:01:00,370,370,370,370,0
2022-09-20 09:02:00,368,368,368,368,0
2022-09-20 09:03:00,350,350,350,350,700
2022-09-20 09:04:00,356,356,356,356,400
2022-09-20 09:05:00,354,354,354,354,1700
2022-09-20 09:06:00,356,354,356,354,0
2022-09-20 09:07:00,356,354,356,354,0
2022-09-20 09:08:00,356,354,356,354,0
2022-09-20 09:09:00,354,354,354,354,1500
2022-09-20 09:10:00,354,354,354,354,0
2022-09-20 09:11:00,354,354,354,354,0
2022-09-20 09:12:00,350,350,350,350,800
2022-09-20 09:13:00,350,350,350,350,0
2022-09-20 09:14:00,350,350,350,350,0
2022-09-20 09:15:00,352,352,352,352,0
2022-09-20 09:16:00,352,352,352,352,0
2022-09-20 09:17:00,350,350,350,350,5700
2022-09-20 09:18:00,350,350,350,350,0
2022-09-20 09:19:00,350,350,350,350,39200
2022-09-20 09:20:00,350,350,350,350,0
2022-09-20 09:21:00,350,350,350,350,0
2022-09-20 09:22:00,348,348,348,348,5700
2022-09-20 09:23:00,348,348,348,348,0
2022-09-20 09:24:00,348,348,348,348,0
2022-09-20 09:25:00,348,348,348,348,0
2022-09-20 09:26:00,348,348,348,348,0
2022-09-20 09:27:00,348,348,348,348,5200
2022-09-20 09:28:00,348,348,348,348,3300
2022-09-20 09:29:00,348,346,348,346,0
2022-09-20 09:30:00,346,346,346,346,18100
2022-09-20 09:31:00,346,346,346,346,0
2022-09-20 09:32:00,346,346,346,346,0
2022-09-20 09:33:00,348,346,348,346,600
2022-09-20 09:34:00,348,346,348,346,0
2022-09-20 09:35:00,364,364,364,364,0
2022-09-20 09:36:00,364,364,364,364,0
2022-09-20 09:37:00,364,364,364,364,0
2022-09-20 09:38:00,364,364,364,364,0
2022-09-20 09:39:00,360,360,360,360,100
2022-09-20 09:40:00,360,360,360,360,0
2022-09-20 09:41:00,360,360,360,360,0
2022-09-20 09:42:00,360,360,360,360,0
2022-09-20 09:43:00,358,358,360,358,8500
2022-09-20 09:44:00,358,358,360,358,0
2022-09-20 09:45:00,358,358,360,358,0
2022-09-20 09:46:00,358,358,360,358,0
2022-09-20 09:47:00,358,358,360,358,0
2022-09-20 09:48:00,358,358,360,358,0
2022-09-20 09:49:00,358,358,360,358,0
2022-09-20 09:50:00,358,358,360,358,0
2022-09-20 09:51:00,358,358,358,358,0
2022-09-20 09:52:00,358,358,358,358,0
2022-09-20 09:53:00,358,358,358,358,0
2022-09-20 09:54:00,358,358,358,358,0
2022-09-20 09:55:00,358,358,358,358,0
2022-09-20 09:56:00,358,358,358,358,0
2022-09-20 09:57:00,358,358,358,358,0
2022-09-20 09:58:00,358,358,358,358,0
2022-09-20 09:59:00,358,358,358,358,0
2022-09-20 10:00:00,358,358,358,358,0
2022-09-20 10:01:00,358,358,358,358,0
2022-09-20 10:02:00,358,358,358,358,0
2022-09-20 10:03:00,358,358,358,358,0
2022-09-20 10:04:00,358,358,358,358,0
2022-09-20 10:05:00,358,358,358,358,0
2022-09-20 10:06:00,358,358,358,358,0
2022-09-20 10:07:00,358,358,358,358,0
2022-09-20 10:08:00,358,358,358,358,0
2022-09-20 10:09:00,358,358,358,358,0
2022-09-20 10:10:00,358,358,358,358,0
2022-09-20 10:11:00,358,358,358,358,0
2022-09-20 10:12:00,358,358,358,358,0
2022-09-20 10:13:00,358,358,358,358,0
2022-09-20 10:14:00,358,358,358,358,0
2022-09-20 10:15:00,358,358,358,358,0
2022-09-20 10:16:00,358,358,358,358,0
2022-09-20 10:17:00,358,358,358,358,0
2022-09-20 10:18:00,358,358,358,358,0
2022-09-20 10:19:00,358,358,358,358,0
2022-09-20 10:20:00,358,358,358,358,0
2022-09-20 10:21:00,358,358,358,358,0
2022-09-20 10:22:00,348,346,348,346,42500
2022-09-20 10:23:00,346,346,346,346,100
2022-09-20 10:24:00,346,346,346,346,1400
2022-09-20 10:25:00,346,346,346,346,0
2022-09-20 10:26:00,346,346,346,346,3000
2022-09-20 10:27:00,346,346,346,346,500
2022-09-20 10:28:00,346,346,346,346,0
2022-09-20 10:29:00,346,346,346,346,0
2022-09-20 10:30:00,346,346,346,346,0
2022-09-20 10:31:00,346,346,346,346,0
2022-09-20 10:32:00,346,346,346,346,0
2022-09-20 10:33:00,346,346,346,346,0
2022-09-20 10:34:00,346,346,346,346,0
2022-09-20 10:35:00,346,346,346,346,0
2022-09-20 10:36:00,346,346,346,346,0
2022-09-20 10:37:00,346,346,346,346,0
2022-09-20 10:38:00,346,346,346,346,0
2022-09-20 10:39:00,346,346,346,346,0
2022-09-20 10:40:00,346,346,346,346,0
2022-09-20 10:41:00,346,346,346,346,0
2022-09-20 10:42:00,346,346,346,346,0
2022-09-20 10:43:00,346,346,346,346,0
2022-09-20 10:44:00,346,346,346,346,0
2022-09-20 10:45:00,346,346,346,346,0
2022-09-20 10:46:00,346,346,346,346,54700
2022-09-20 10:47:00,346,346,346,346,0
2022-09-20 10:48:00,346,346,346,346,0
2022-09-20 10:49:00,346,346,346,346,0
2022-09-20 10:50:00,346,346,346,346,0
2022-09-20 10:51:00,346,346,346,346,0
2022-09-20 10:52:00,346,346,346,346,0
2022-09-20 10:53:00,346,346,346,346,0
2022-09-20 10:54:00,346,346,346,346,0
2022-09-20 10:55:00,346,346,346,346,0
2022-09-20 10:56:00,346,346,346,346,0
2022-09-20 10:57:00,346,346,346,346,0
2022-09-20 10:58:00,346,346,346,346,0
2022-09-20 10:59:00,346,346,346,346,0
2022-09-20 11:00:00,346,346,346,346,0
2022-09-20 11:01:00,346,346,346,346,0
2022-09-20 11:02:00,346,346,346,346,0
2022-09-20 11:03:00,346,346,346,346,0
2022-09-20 11:04:00,346,346,346,346,0
2022-09-20 11:05:00,346,346,346,346,0
2022-09-20 11:06:00,346,346,346,346,500
2022-09-20 11:07:00,346,346,346,346,0
2022-09-20 11:08:00,346,346,346,346,0
2022-09-20 11:09:00,346,346,346,346,0
2022-09-20 11:10:00,346,346,346,346,0
2022-09-20 11:11:00,346,346,346,346,0
2022-09-20 11:12:00,346,346,346,346,0
2022-09-20 11:13:00,346,346,346,346,0
2022-09-20 11:14:00,346,346,346,346,0
2022-09-20 11:15:00,346,346,346,346,0
2022-09-20 11:16:00,346,346,346,346,1000
2022-09-20 11:17:00,346,346,346,346,0
2022-09-20 11:18:00,346,346,346,346,0
2022-09-20 11:19:00,346,346,346,346,400
2022-09-20 11:20:00,346,346,346,346,0
2022-09-20 11:21:00,346,346,346,346,0
2022-09-20 11:22:00,346,346,346,346,0
2022-09-20 11:23:00,346,346,346,346,1400
2022-09-20 11:24:00,346,346,346,346,0
2022-09-20 11:25:00,346,346,346,346,0
2022-09-20 11:26:00,346,346,346,346,0
2022-09-20 11:27:00,346,346,346,346,0
2022-09-20 11:28:00,346,346,346,346,0
2022-09-20 11:29:00,346,346,346,346,0
2022-09-20 11:30:00,346,346,346,346,0
2022-09-20 11:31:00,346,346,346,346,0
2022-09-20 11:32:00,346,346,346,346,0
2022-09-20 11:33:00,346,346,346,346,0
2022-09-20 11:34:00,346,346,346,346,0
2022-09-20 11:35:00,346,346,346,346,0
2022-09-20 11:36:00,346,346,346,346,0
2022-09-20 11:37:00,346,346,346,346,0
2022-09-20 11:38:00,346,346,346,346,0
2022-09-20 11:39:00,346,346,346,346,0
2022-09-20 11:40:00,346,346,346,346,0
2022-09-20 11:41:00,346,346,346,346,0
2022-09-20 11:42:00,346,346,346,346,0
2022-09-20 11:43:00,346,346,346,346,0
2022-09-20 11:44:00,346,346,346,346,0
2022-09-20 11:45:00,346,346,346,346,0
2022-09-20 11:46:00,346,346,346,346,0
2022-09-20 11:47:00,346,346,346,346,0
2022-09-20 11:48:00,346,346,346,346,0
2022-09-20 11:49:00,346,346,346,346,0
2022-09-20 11:50:00,346,346,346,346,0
2022-09-20 11:51:00,346,346,346,346,0
2022-09-20 11:52:00,346,346,346,346,0
2022-09-20 11:53:00,346,346,346,346,0
2022-09-20 11:54:00,346,346,346,346,0
2022-09-20 11:55:00,346,346,346,346,0
2022-09-20 11:56:00,346,346,346,346,0
2022-09-20 11:57:00,346,346,346,346,0
2022-09-20 11:58:00,346,346,346,346,0
2022-09-20 11:59:00,346,346,346,346,0
2022-09-20 12:00:00,346,346,346,346,0
2022-09-20 12:01:00,346,346,346,346,0
2022-09-20 12:02:00,346,346,346,346,0
2022-09-20 12:03:00,346,346,346,346,0
2022-09-20 12:04:00,346,346,346,346,0
2022-09-20 12:05:00,346,346,346,346,0
2022-09-20 12:06:00,346,346,346,346,0
2022-09-20 12:07:00,346,346,346,346,0
2022-09-20 12:08:00,346,346,346,346,0
2022-09-20 12:09:00,346,346,346,346,0
2022-09-20 12:10:00,346,346,346,346,0
2022-09-20 12:11:00,346,346,346,346,0
2022-09-20 12:12:00,346,346,346,346,0
2022-09-20 12:13:00,346,346,346,346,0
2022-09-20 12:14:00,346,346,346,346,0
2022-09-20 12:15:00,346,346,346,346,0
2022-09-20 12:16:00,346,346,346,346,0
2022-09-20 12:17:00,346,346,346,346,0
2022-09-20 12:18:00,346,346,346,346,0
2022-09-20 12:19:00,346,346,346,346,0
2022-09-20 12:20:00,346,346,346,346,0
2022-09-20 12:21:00,346,346,346,346,0
2022-09-20 12:22:00,346,346,346,346,0
2022-09-20 12:23:00,346,346,346,346,0
2022-09-20 12:24:00,346,346,346,346,0
2022-09-20 12:25:00,346,346,346,346,0
2022-09-20 12:26:00,346,346,346,346,0
2022-09-20 12:27:00,346,346,346,346,0
2022-09-20 12:28:00,346,346,346,346,0
2022-09-20 12:29:00,346,346,346,346,0
2022-09-20 12:30:00,346,346,346,346,0
2022-09-20 12:31:00,346,346,346,346,0
2022-09-20 12:32:00,346,346,346,346,0
2022-09-20 12:33:00,346,346,346,346,0
2022-09-20 12:34:00,346,346,346,346,0
2022-09-20 12:35:00,346,346,346,346,0
2022-09-20 12:36:00,346,346,346,346,0
2022-09-20 12:37:00,346,346,346,346,0
2022-09-20 12:38:00,346,346,346,346,0
2022-09-20 12:39:00,346,346,346,346,0
2022-09-20 12:40:00,346,346,346,346,0
2022-09-20 12:41:00,346,346,346,346,0
2022-09-20 12:42:00,346,346,346,346,0
2022-09-20 12:43:00,346,346,346,346,0
2022-09-20 12:44:00,346,346,346,346,0
2022-09-20 12:45:00,346,346,346,346,0
2022-09-20 12:46:00,346,346,346,346,0
2022-09-20 12:47:00,346,346,346,346,0
2022-09-20 12:48:00,346,346,346,346,0
2022-09-20 12:49:00,346,346,346,346,0
2022-09-20 12:50:00,346,346,346,346,0
2022-09-20 12:51:00,346,346,346,346,0
2022-09-20 12:52:00,346,346,346,346,0
2022-09-20 12:53:00,346,346,346,346,0
2022-09-20 12:54:00,346,346,346,346,0
2022-09-20 12:55:00,346,346,346,346,0
2022-09-20 12:56:00,346,346,346,346,0
2022-09-20 12:57:00,346,346,346,346,0
2022-09-20 12:58:00,346,346,346,346,0
2022-09-20 12:59:00,346,346,346,346,0
2022-09-20 13:00:00,346,346,346,346,0
2022-09-20 13:01:00,346,346,346,346,0
2022-09-20 13:02:00,346,346,346,346,0
2022-09-20 13:03:00,346,346,346,346,0
2022-09-20 13:04:00,346,346,346,346,0
2022-09-20 13:05:00,346,346,346,346,0
2022-09-20 13:06:00,346,346,346,346,0
2022-09-20 13:07:00,346,346,346,346,0
2022-09-20 13:08:00,346,346,346,346,0
2022-09-20 13:09:00,346,346,346,346,0
2022-09-20 13:10:00,346,346,346,346,0
2022-09-20 13:11:00,346,346,346,346,0
2022-09-20 13:12:00,346,346,346,346,0
2022-09-20 13:13:00,346,346,346,346,0
2022-09-20 13:14:00,346,346,346,346,0
2022-09-20 13:15:00,346,346,346,346,0
2022-09-20 13:16:00,346,346,346,346,0
2022-09-20 13:17:00,346,346,346,346,0
2022-09-20 13:18:00,346,346,346,346,0
2022-09-20 13:19:00,346,346,346,346,0
2022-09-20 13:20:00,346,346,346,346,0
2022-09-20 13:21:00,346,346,346,346,0
2022-09-20 13:22:00,346,346,346,346,0
2022-09-20 13:23:00,346,346,346,346,0
2022-09-20 13:24:00,346,346,346,346,0
2022-09-20 13:25:00,346,346,346,346,0
2022-09-20 13:26:00,346,346,346,346,0
2022-09-20 13:27:00,346,346,346,346,0
2022-09-20 13:28:00,346,346,346,346,0
2022-09-20 13:29:00,346,346,346,346,0
2022-09-20 13:30:00,346,346,346,346,700
2022-09-20 13:31:00,346,346,346,346,0
2022-09-20 13:32:00,346,346,346,346,0
2022-09-20 13:33:00,346,346,346,346,0
2022-09-20 13:34:00,346,346,346,346,0
2022-09-20 13:35:00,346,346,346,346,0
2022-09-20 13:36:00,346,346,346,346,0
2022-09-20 13:37:00,346,346,346,346,0
2022-09-20 13:38:00,346,346,346,346,40000
2022-09-20 13:39:00,346,346,346,346,0
2022-09-20 13:40:00,346,346,346,346,0
2022-09-20 13:41:00,346,346,346,346,0
2022-09-20 13:42:00,346,346,346,346,0
2022-09-20 13:43:00,346,346,346,346,0
2022-09-20 13:44:00,346,346,346,346,0
2022-09-20 13:45:00,346,346,346,346,200
2022-09-20 13:46:00,346,346,346,346,300
2022-09-20 13:47:00,346,346,346,346,700
2022-09-20 13:48:00,346,346,346,346,0
2022-09-20 13:49:00,346,346,346,346,0
2022-09-20 13:50:00,346,346,346,346,0
2022-09-20 13:51:00,346,346,346,346,0
2022-09-20 13:52:00,346,346,346,346,0
2022-09-20 13:53:00,346,346,346,346,0
2022-09-20 13:54:00,346,346,346,346,0
2022-09-20 13:55:00,346,346,346,346,0
2022-09-20 13:56:00,346,346,346,346,0
2022-09-20 13:57:00,346,346,346,346,0
2022-09-20 13:58:00,346,346,346,346,0
2022-09-20 13:59:00,346,346,346,346,0
2022-09-20 14:00:00,346,346,346,346,0
2022-09-20 14:01:00,346,346,346,346,0
2022-09-20 14:02:00,346,346,346,346,0
2022-09-20 14:03:00,346,346,346,346,0
2022-09-20 14:04:00,346,346,346,346,0
2022-09-20 14:05:00,346,346,346,346,0
2022-09-20 14:06:00,346,346,346,346,0
2022-09-20 14:07:00,346,346,346,346,0
2022-09-20 14:08:00,346,346,346,346,0
2022-09-20 14:09:00,346,346,346,346,0
2022-09-20 14:10:00,346,346,346,346,0
2022-09-20 14:11:00,346,346,346,346,0
2022-09-20 14:12:00,346,346,346,346,0
2022-09-20 14:13:00,346,346,346,346,0
2022-09-20 14:14:00,346,346,346,346,0
2022-09-20 14:15:00,346,346,346,346,0
2022-09-20 14:16:00,346,346,346,346,0
2022-09-20 14:17:00,346,346,346,346,0
2022-09-20 14:18:00,346,346,346,346,0
2022-09-20 14:19:00,346,346,346,346,0
2022-09-20 14:20:00,346,346,346,346,8000
2022-09-20 14:21:00,346,346,346,346,0
2022-09-20 14:22:00,346,346,346,346,0
2022-09-20 14:23:00,346,346,346,346,0
2022-09-20 14:24:00,346,346,346,346,0
2022-09-20 14:25:00,346,346,346,346,0
2022-09-20 14:26:00,346,346,346,346,0
2022-09-20 14:27:00,346,346,346,346,0
2022-09-20 14:28:00,346,346,346,346,0
2022-09-20 14:29:00,346,346,346,346,0
2022-09-20 14:30:00,346,346,346,346,0
2022-09-20 14:31:00,346,346,346,346,0
2022-09-20 14:32:00,346,346,346,346,0
2022-09-20 14:33:00,346,346,346,346,0
2022-09-20 14:34:00,346,346,346,346,0
2022-09-20 14:35:00,346,346,346,346,0
2022-09-20 14:36:00,346,346,346,346,0
2022-09-20 14:37:00,346,346,346,346,227600
2022-09-20 14:38:00,346,346,346,346,0
2022-09-20 14:39:00,346,346,346,346,0
2022-09-20 14:40:00,346,346,346,346,0
2022-09-20 14:41:00,346,346,346,346,0
2022-09-20 14:42:00,346,346,346,346,0
2022-09-20 14:43:00,346,346,346,346,0
2022-09-20 14:44:00,346,346,346,346,0
2022-09-20 14:45:00,346,346,346,346,0
2022-09-20 14:46:00,346,346,346,346,0
2022-09-20 14:47:00,346,346,346,346,0
2022-09-20 14:48:00,346,346,346,346,0
2022-09-20 14:49:00,346,346,346,346,0
2022-09-20 14:50:00,346,346,346,346,0
2022-09-20 14:51:00,346,346,346,346,0
2022-09-20 14:52:00,346,346,346,346,0
2022-09-20 14:53:00,346,346,346,346,0
2022-09-20 14:54:00,346,346,346,346,0
2022-09-20 14:55:00,346,346,346,346,0
2022-09-20 14:56:00,346,346,346,346,0
2022-09-20 14:57:00,346,346,346,346,0
2022-09-20 14:58:00,346,346,346,346,0
2022-09-20 14:59:00,346,346,346,346,0
2022-09-20 15:00:00,346,346,346,346,0
2022-09-20 15:01:00,346,346,346,346,0
2022-09-20 15:02:00,346,346,346,346,0
2022-09-20 15:03:00,346,346,346,346,0
2022-09-20 15:04:00,346,346,346,346,0
2022-09-20 15:05:00,346,346,346,346,0
2022-09-20 15:06:00,346,346,346,346,0
2022-09-20 15:07:00,346,346,346,346,0
2022-09-20 15:08:00,346,346,346,346,0
2022-09-20 15:09:00,346,346,346,346,0
2022-09-20 15:10:00,346,346,346,346,0
2022-09-20 15:11:00,346,346,346,346,0
2022-09-20 15:12:00,346,346,346,346,0
2022-09-20 15:13:00,346,346,346,346,0
2022-09-20 15:14:00,346,346,346,346,0
2022-09-20 15:15:00,346,346,346,346,0
2022-09-20 15:16:00,346,346,346,346,0
2022-09-20 15:17:00,346,346,346,346,0
2022-09-20 15:18:00,346,346,346,346,0
2022-09-20 15:19:00,346,346,346,346,0
2022-09-20 15:20:00,346,346,346,346,0
2022-09-20 15:21:00,346,346,346,346,0
2022-09-20 15:22:00,346,346,346,346,0
2022-09-20 15:23:00,346,346,346,346,0
2022-09-20 15:24:00,346,346,346,346,0
2022-09-20 15:25:00,346,346,346,346,0
2022-09-20 15:26:00,346,346,346,346,0
2022-09-20 15:27:00,346,346,346,346,0
2022-09-20 15:28:00,346,346,346,346,0
2022-09-20 15:29:00,346,346,346,346,0
2022-09-20 15:30:00,346,346,346,346,0
2022-09-20 15:31:00,346,346,346,346,0
2022-09-20 15:32:00,346,346,346,346,0
2022-09-20 15:33:00,346,346,346,346,0
2022-09-20 15:34:00,346,346,346,346,0
2022-09-20 15:35:00,346,346,346,346,0
2022-09-20 15:36:00,346,346,346,346,0
2022-09-20 15:37:00,346,346,346,346,0
2022-09-20 15:38:00,346,346,346,346,0
2022-09-20 15:39:00,346,346,346,346,0
2022-09-20 15:40:00,346,346,346,346,0
2022-09-20 15:41:00,346,346,346,346,0
2022-09-20 15:42:00,346,346,346,346,0
2022-09-20 15:43:00,346,346,346,346,0
2022-09-20 15:44:00,346,346,346,346,0
2022-09-20 15:45:00,346,346,346,346,0
2022-09-20 15:46:00,346,346,346,346,0
2022-09-20 15:47:00,346,346,346,346,0
2022-09-20 15:48:00,346,346,346,346,0
2022-09-20 15:49:00,346,346,346,346,0
2022-09-20 15:50:00,346,346,346,346,0
2022-09-20 15:51:00,346,346,346,346,0
2022-09-20 15:52:00,346,346,346,346,0
2022-09-20 15:53:00,346,346,346,346,0
2022-09-20 15:54:00,346,346,346,346,0
2022-09-20 15:55:00,346,346,346,346,0
2022-09-20 15:56:00,346,346,346,346,0
2022-09-20 15:57:00,346,346,346,346,0
2022-09-20 15:58:00,346,346,346,346,0
2022-09-20 15:59:00,346,346,346,346,0
2022-09-21 09:00:00,346,346,346,346,0
2022-09-21 09:01:00,346,346,346,346,0
2022-09-21 09:02:00,346,344,346,344,300
2022-09-21 09:03:00,346,346,346,346,7300
2022-09-21 09:04:00,346,346,346,346,0
2022-09-21 09:05:00,346,346,346,346,0
2022-09-21 09:06:00,344,344,344,344,3500
2022-09-21 09:07:00,344,344,344,344,0
2022-09-21 09:08:00,344,344,344,344,0
2022-09-21 09:09:00,344,344,344,344,10300
2022-09-21 09:10:00,344,344,344,344,0
2022-09-21 09:11:00,340,340,340,340,0
2022-09-21 09:12:00,346,346,346,346,300
2022-09-21 09:13:00,346,346,346,346,0
2022-09-21 09:14:00,346,346,346,346,0
2022-09-21 09:15:00,346,346,346,346,0
2022-09-21 09:16:00,346,346,346,346,0
2022-09-21 09:17:00,346,346,346,346,0
2022-09-21 09:18:00,346,346,346,346,0
2022-09-21 09:19:00,342,340,342,340,18600
2022-09-21 09:20:00,338,338,338,338,0
2022-09-21 09:21:00,338,338,338,338,0
2022-09-21 09:22:00,346,346,346,346,100
2022-09-21 09:23:00,346,346,346,346,0
2022-09-21 09:24:00,346,346,346,346,0
2022-09-21 09:25:00,346,346,346,346,0
2022-09-21 09:26:00,336,336,336,336,1400
2022-09-21 09:27:00,334,330,334,330,5600
2022-09-21 09:28:00,334,330,334,330,0
2022-09-21 09:29:00,334,330,334,330,0
2022-09-21 09:30:00,330,330,330,330,1800
2022-09-21 09:31:00,330,330,330,330,0
2022-09-21 09:32:00,330,330,330,330,0
2022-09-21 09:33:00,330,330,330,330,0
2022-09-21 09:34:00,330,330,330,330,0
2022-09-21 09:35:00,330,330,330,330,0
2022-09-21 09:36:00,330,330,330,330,500
2022-09-21 09:37:00,330,330,330,330,0
2022-09-21 09:38:00,330,330,330,330,0
2022-09-21 09:39:00,326,326,326,326,700
2022-09-21 09:40:00,326,326,326,326,0
2022-09-21 09:41:00,326,326,326,326,0
2022-09-21 09:42:00,326,326,326,326,0
2022-09-21 09:43:00,328,326,328,326,5600
2022-09-21 09:44:00,328,326,328,326,0
2022-09-21 09:45:00,324,324,324,324,0
2022-09-21 09:46:00,324,324,324,324,0
2022-09-21 09:47:00,324,324,324,324,0
2022-09-21 09:48:00,324,324,324,324,300
2022-09-21 09:49:00,324,324,324,324,0
2022-09-21 09:50:00,324,324,324,324,0
2022-09-21 09:51:00,324,324,324,324,0
2022-09-21 09:52:00,324,324,324,324,0
2022-09-21 09:53:00,324,324,324,324,0
2022-09-21 09:54:00,324,324,324,324,0
2022-09-21 09:55:00,324,324,324,324,0
2022-09-21 09:56:00,324,324,324,324,0
2022-09-21 09:57:00,322,322,322,322,15100
2022-09-21 09:58:00,322,322,322,322,4000
2022-09-21 09:59:00,322,322,322,322,1000
2022-09-21 10:00:00,322,322,322,322,0
2022-09-21 10:01:00,322,322,322,322,22000
2022-09-21 10:02:00,322,322,322,322,0
2022-09-21 10:03:00,322,322,322,322,0
2022-09-21 10:04:00,322,322,322,322,0
2022-09-21 10:05:00,322,322,322,322,0
2022-09-21 10:06:00,322,322,322,322,0
2022-09-21 10:07:00,322,322,322,322,0
2022-09-21 10:08:00,322,322,322,322,0
2022-09-21 10:09:00,322,322,322,322,2000
2022-09-21 10:10:00,322,322,322,322,0
2022-09-21 10:11:00,322,322,322,322,0
2022-09-21 10:12:00,322,322,322,322,2000
2022-09-21 10:13:00,322,322,322,322,1000
2022-09-21 10:14:00,322,322,322,322,0
2022-09-21 10:15:00,322,322,322,322,0
2022-09-21 10:16:00,322,322,322,322,0
2022-09-21 10:17:00,322,322,322,322,0
2022-09-21 10:18:00,322,322,322,322,0
2022-09-21 10:19:00,322,322,322,322,0
2022-09-21 10:20:00,322,322,322,322,0
2022-09-21 10:21:00,322,322,322,322,0
2022-09-21 10:22:00,322,322,322,322,0
2022-09-21 10:23:00,322,322,322,322,0
2022-09-21 10:24:00,322,322,322,322,900
2022-09-21 10:25:00,322,322,322,322,0
2022-09-21 10:26:00,322,322,322,322,0
2022-09-21 10:27:00,322,322,322,322,0
2022-09-21 10:28:00,322,322,322,322,0
2022-09-21 10:29:00,322,322,322,322,3000
2022-09-21 10:30:00,322,322,322,322,0
2022-09-21 10:31:00,322,322,322,322,0
2022-09-21 10:32:00,322,322,322,322,0
2022-09-21 10:33:00,322,322,322,322,0
2022-09-21 10:34:00,322,322,322,322,0
2022-09-21 10:35:00,322,322,322,322,0
2022-09-21 10:36:00,322,322,322,322,0
2022-09-21 10:37:00,322,322,322,322,0
2022-09-21 10:38:00,322,322,322,322,0
2022-09-21 10:39:00,322,322,322,322,0
2022-09-21 10:40:00,322,322,322,322,0
2022-09-21 10:41:00,322,322,322,322,0
2022-09-21 10:42:00,322,322,322,322,0
2022-09-21 10:43:00,322,322,322,322,600
2022-09-21 10:44:00,322,322,322,322,49700
2022-09-21 10:45:00,322,322,322,322,0
2022-09-21 10:46:00,322,322,322,322,0
2022-09-21 10:47:00,322,322,322,322,0
2022-09-21 10:48:00,322,322,322,322,0
2022-09-21 10:49:00,322,322,322,322,0
2022-09-21 10:50:00,322,322,322,322,0
2022-09-21 10:51:00,322,322,322,322,0
2022-09-21 10:52:00,322,322,322,322,300
2022-09-21 10:53:00,322,322,322,322,0
2022-09-21 10:54:00,322,322,322,322,0
2022-09-21 10:55:00,322,322,322,322,0
2022-09-21 10:56:00,322,322,322,322,0
2022-09-21 10:57:00,322,322,322,322,0
2022-09-21 10:58:00,322,322,322,322,1900
2022-09-21 10:59:00,322,322,322,322,0
2022-09-21 11:00:00,322,322,322,322,0
2022-09-21 11:01:00,322,322,322,322,600
2022-09-21 11:02:00,322,322,322,322,0
2022-09-21 11:03:00,322,322,322,322,0
2022-09-21 11:04:00,322,322,322,322,0
2022-09-21 11:05:00,322,322,322,322,0
2022-09-21 11:06:00,322,322,322,322,0
2022-09-21 11:07:00,322,322,322,322,0
2022-09-21 11:08:00,322,322,322,322,0
2022-09-21 11:09:00,322,322,322,322,0
2022-09-21 11:10:00,322,322,322,322,0
2022-09-21 11:11:00,322,322,322,322,0
2022-09-21 11:12:00,322,322,322,322,0
2022-09-21 11:13:00,322,322,322,322,0
2022-09-21 11:14:00,322,322,322,322,0
2022-09-21 11:15:00,322,322,322,322,0
2022-09-21 11:16:00,322,322,322,322,0
2022-09-21 11:17:00,322,322,322,322,0
2022-09-21 11:18:00,322,322,322,322,0
2022-09-21 11:19:00,322,322,322,322,0
2022-09-21 11:20:00,322,322,322,322,0
2022-09-21 11:21:00,322,322,322,322,0
2022-09-21 11:22:00,322,322,322,322,0
2022-09-21 11:23:00,322,322,322,322,0
2022-09-21 11:24:00,322,322,322,322,0
2022-09-21 11:25:00,322,322,322,322,0
2022-09-21 11:26:00,322,322,322,322,0
2022-09-21 11:27:00,322,322,322,322,0
2022-09-21 11:28:00,322,322,322,322,0
2022-09-21 11:29:00,322,322,322,322,1000
2022-09-21 11:30:00,322,322,322,322,0
2022-09-21 11:31:00,322,322,322,322,0
2022-09-21 11:32:00,322,322,322,322,0
2022-09-21 11:33:00,322,322,322,322,0
2022-09-21 11:34:00,322,322,322,322,0
2022-09-21 11:35:00,322,322,322,322,0
2022-09-21 11:36:00,322,322,322,322,0
2022-09-21 11:37:00,322,322,322,322,0
2022-09-21 11:38:00,322,322,322,322,0
2022-09-21 11:39:00,322,322,322,322,0
2022-09-21 11:40:00,322,322,322,322,0
2022-09-21 11:41:00,322,322,322,322,0
2022-09-21 11:42:00,322,322,322,322,0
2022-09-21 11:43:00,322,322,322,322,0
2022-09-21 11:44:00,322,322,322,322,0
2022-09-21 11:45:00,322,322,322,322,0
2022-09-21 11:46:00,322,322,322,322,0
2022-09-21 11:47:00,322,322,322,322,0
2022-09-21 11:48:00,322,322,322,322,0
2022-09-21 11:49:00,322,322,322,322,0
2022-09-21 11:50:00,322,322,322,322,0
2022-09-21 11:51:00,322,322,322,322,0
2022-09-21 11:52:00,322,322,322,322,0
2022-09-21 11:53:00,322,322,322,322,0
2022-09-21 11:54:00,322,322,322,322,0
2022-09-21 11:55:00,322,322,322,322,0
2022-09-21 11:56:00,322,322,322,322,0
2022-09-21 11:57:00,322,322,322,322,0
2022-09-21 11:58:00,322,322,322,322,0
2022-09-21 11:59:00,322,322,322,322,0
2022-09-21 12:00:00,322,322,322,322,0
2022-09-21 12:01:00,322,322,322,322,0
2022-09-21 12:02:00,322,322,322,322,0
2022-09-21 12:03:00,322,322,322,322,0
2022-09-21 12:04:00,322,322,322,322,0
2022-09-21 12:05:00,322,322,322,322,0
2022-09-21 12:06:00,322,322,322,322,0
2022-09-21 12:07:00,322,322,322,322,0
2022-09-21 12:08:00,322,322,322,322,0
2022-09-21 12:09:00,322,322,322,322,0
2022-09-21 12:10:00,322,322,322,322,0
2022-09-21 12:11:00,322,322,322,322,0
2022-09-21 12:12:00,322,322,322,322,0
2022-09-21 12:13:00,322,322,322,322,0
2022-09-21 12:14:00,322,322,322,322,0
2022-09-21 12:15:00,322,322,322,322,0
2022-09-21 12:16:00,322,322,322,322,0
2022-09-21 12:17:00,322,322,322,322,0
2022-09-21 12:18:00,322,322,322,322,0
2022-09-21 12:19:00,322,322,322,322,0
2022-09-21 12:20:00,322,322,322,322,0
2022-09-21 12:21:00,322,322,322,322,0
2022-09-21 12:22:00,322,322,322,322,0
2022-09-21 12:23:00,322,322,322,322,0
2022-09-21 12:24:00,322,322,322,322,0
2022-09-21 12:25:00,322,322,322,322,0
2022-09-21 12:26:00,322,322,322,322,0
2022-09-21 12:27:00,322,322,322,322,0
2022-09-21 12:28:00,322,322,322,322,0
2022-09-21 12:29:00,322,322,322,322,0
2022-09-21 12:30:00,322,322,322,322,0
2022-09-21 12:31:00,322,322,322,322,0
2022-09-21 12:32:00,322,322,322,322,0
2022-09-21 12:33:00,322,322,322,322,0
2022-09-21 12:34:00,322,322,322,322,0
2022-09-21 12:35:00,322,322,322,322,0
2022-09-21 12:36:00,322,322,322,322,0
2022-09-21 12:37:00,322,322,322,322,0
2022-09-21 12:38:00,322,322,322,322,0
2022-09-21 12:39:00,322,322,322,322,0
2022-09-21 12:40:00,322,322,322,322,0
2022-09-21 12:41:00,322,322,322,322,0
2022-09-21 12:42:00,322,322,322,322,0
2022-09-21 12:43:00,322,322,322,322,0
2022-09-21 12:44:00,322,322,322,322,0
2022-09-21 12:45:00,322,322,322,322,0
2022-09-21 12:46:00,322,322,322,322,0
2022-09-21 12:47:00,322,322,322,322,0
2022-09-21 12:48:00,322,322,322,322,0
2022-09-21 12:49:00,322,322,322,322,0
2022-09-21 12:50:00,322,322,322,322,0
2022-09-21 12:51:00,322,322,322,322,0
2022-09-21 12:52:00,322,322,322,322,0
2022-09-21 12:53:00,322,322,322,322,0
2022-09-21 12:54:00,322,322,322,322,0
2022-09-21 12:55:00,322,322,322,322,0
2022-09-21 12:56:00,322,322,322,322,0
2022-09-21 12:57:00,322,322,322,322,0
2022-09-21 12:58:00,322,322,322,322,0
2022-09-21 12:59:00,322,322,322,322,0
2022-09-21 13:00:00,322,322,322,322,0
2022-09-21 13:01:00,322,322,322,322,0
2022-09-21 13:02:00,322,322,322,322,0
2022-09-21 13:03:00,322,322,322,322,0
2022-09-21 13:04:00,322,322,322,322,0
2022-09-21 13:05:00,322,322,322,322,0
2022-09-21 13:06:00,322,322,322,322,0
2022-09-21 13:07:00,322,322,322,322,0
2022-09-21 13:08:00,322,322,322,322,0
2022-09-21 13:09:00,322,322,322,322,0
2022-09-21 13:10:00,322,322,322,322,0
2022-09-21 13:11:00,322,322,322,322,0
2022-09-21 13:12:00,322,322,322,322,0
2022-09-21 13:13:00,322,322,322,322,0
2022-09-21 13:14:00,322,322,322,322,0
2022-09-21 13:15:00,322,322,322,322,0
2022-09-21 13:16:00,322,322,322,322,0
2022-09-21 13:17:00,322,322,322,322,0
2022-09-21 13:18:00,322,322,322,322,0
2022-09-21 13:19:00,322,322,322,322,0
2022-09-21 13:20:00,322,322,322,322,0
2022-09-21 13:21:00,322,322,322,322,0
2022-09-21 13:22:00,322,322,322,322,0
2022-09-21 13:23:00,322,322,322,322,0
2022-09-21 13:24:00,322,322,322,322,0
2022-09-21 13:25:00,322,322,322,322,0
2022-09-21 13:26:00,322,322,322,322,0
2022-09-21 13:27:00,322,322,322,322,0
2022-09-21 13:28:00,322,322,322,322,0
2022-09-21 13:29:00,322,322,322,322,0
2022-09-21 13:30:00,322,322,322,322,3000
2022-09-21 13:31:00,322,322,322,322,0
2022-09-21 13:32:00,322,322,322,322,0
2022-09-21 13:33:00,322,322,322,322,0
2022-09-21 13:34:00,322,322,322,322,0
2022-09-21 13:35:00,322,322,322,322,100
2022-09-21 13:36:00,322,322,322,322,0
2022-09-21 13:37:00,322,322,322,322,0
2022-09-21 13:38:00,322,322,322,322,0
2022-09-21 13:39:00,322,322,322,322,0
2022-09-21 13:40:00,322,322,322,322,0
2022-09-21 13:41:00,322,322,322,322,0
2022-09-21 13:42:00,322,322,322,322,6000
2022-09-21 13:43:00,322,322,322,322,0
2022-09-21 13:44:00,322,322,322,322,0
2022-09-21 13:45:00,322,322,322,322,0
2022-09-21 13:46:00,322,322,322,322,0
2022-09-21 13:47:00,322,322,322,322,0
2022-09-21 13:48:00,322,322,322,322,0
2022-09-21 13:49:00,322,322,322,322,0
2022-09-21 13:50:00,322,322,322,322,0
2022-09-21 13:51:00,322,322,322,322,0
2022-09-21 13:52:00,322,322,322,322,400
2022-09-21 13:53:00,322,322,322,322,0
2022-09-21 13:54:00,322,322,322,322,1000
2022-09-21 13:55:00,322,322,322,322,0
2022-09-21 13:56:00,322,322,322,322,1000
2022-09-21 13:57:00,322,322,322,322,0
2022-09-21 13:58:00,322,322,322,322,0
2022-09-21 13:59:00,322,322,322,322,0
2022-09-21 14:00:00,322,322,322,322,0
2022-09-21 14:01:00,322,322,322,322,0
2022-09-21 14:02:00,322,322,322,322,0
2022-09-21 14:03:00,322,322,322,322,0
2022-09-21 14:04:00,322,322,322,322,0
2022-09-21 14:05:00,322,322,322,322,0
2022-09-21 14:06:00,322,322,322,322,0
2022-09-21 14:07:00,322,322,322,322,0
2022-09-21 14:08:00,322,322,322,322,500
2022-09-21 14:09:00,322,322,322,322,0
2022-09-21 14:10:00,322,322,322,322,0
2022-09-21 14:11:00,322,322,322,322,0
2022-09-21 14:12:00,322,322,322,322,0
2022-09-21 14:13:00,322,322,322,322,0
2022-09-21 14:14:00,322,322,322,322,0
2022-09-21 14:15:00,322,322,322,322,0
2022-09-21 14:16:00,322,322,322,322,0
2022-09-21 14:17:00,322,322,322,322,0
2022-09-21 14:18:00,322,322,322,322,0
2022-09-21 14:19:00,322,322,322,322,0
2022-09-21 14:20:00,322,322,322,322,0
2022-09-21 14:21:00,322,322,322,322,0
2022-09-21 14:22:00,322,322,322,322,0
2022-09-21 14:23:00,322,322,322,322,0
2022-09-21 14:24:00,322,322,322,322,0
2022-09-21 14:25:00,322,322,322,322,0
2022-09-21 14:26:00,322,322,322,322,0
2022-09-21 14:27:00,322,322,322,322,0
2022-09-21 14:28:00,322,322,322,322,0
2022-09-21 14:29:00,322,322,322,322,0
2022-09-21 14:30:00,322,322,322,322,0
2022-09-21 14:31:00,322,322,322,322,0
2022-09-21 14:32:00,322,322,322,322,0
2022-09-21 14:33:00,322,322,322,322,0
2022-09-21 14:34:00,322,322,322,322,0
2022-09-21 14:35:00,322,322,322,322,300
2022-09-21 14:36:00,322,322,322,322,0
2022-09-21 14:37:00,322,322,322,322,0
2022-09-21 14:38:00,322,322,322,322,0
2022-09-21 14:39:00,322,322,322,322,0
2022-09-21 14:40:00,322,322,322,322,0
2022-09-21 14:41:00,322,322,322,322,0
2022-09-21 14:42:00,322,322,322,322,0
2022-09-21 14:43:00,322,322,322,322,0
2022-09-21 14:44:00,322,322,322,322,0
2022-09-21 14:45:00,322,322,322,322,0
2022-09-21 14:46:00,322,322,322,322,134300
2022-09-21 14:47:00,322,322,322,322,0
2022-09-21 14:48:00,322,322,322,322,0
2022-09-21 14:49:00,322,322,322,322,0
2022-09-21 14:50:00,322,322,322,322,0
2022-09-21 14:51:00,322,322,322,322,0
2022-09-21 14:52:00,322,322,322,322,0
2022-09-21 14:53:00,322,322,322,322,0
2022-09-21 14:54:00,322,322,322,322,0
2022-09-21 14:55:00,322,322,322,322,0
2022-09-21 14:56:00,322,322,322,322,0
2022-09-21 14:57:00,322,322,322,322,0
2022-09-21 14:58:00,322,322,322,322,0
2022-09-21 14:59:00,322,322,322,322,0
2022-09-21 15:00:00,322,322,322,322,0
2022-09-21 15:01:00,322,322,322,322,0
2022-09-21 15:02:00,322,322,322,322,0
2022-09-21 15:03:00,322,322,322,322,0
2022-09-21 15:04:00,322,322,322,322,0
2022-09-21 15:05:00,322,322,322,322,0
2022-09-21 15:06:00,322,322,322,322,0
2022-09-21 15:07:00,322,322,322,322,0
2022-09-21 15:08:00,322,322,322,322,0
2022-09-21 15:09:00,322,322,322,322,0
2022-09-21 15:10:00,322,322,322,322,0
2022-09-21 15:11:00,322,322,322,322,0
2022-09-21 15:12:00,322,322,322,322,0
2022-09-21 15:13:00,322,322,322,322,0
2022-09-21 15:14:00,322,322,322,322,0
2022-09-21 15:15:00,322,322,322,322,0
2022-09-21 15:16:00,322,322,322,322,0
2022-09-21 15:17:00,322,322,322,322,0
2022-09-21 15:18:00,322,322,322,322,0
2022-09-21 15:19:00,322,322,322,322,0
2022-09-21 15:20:00,322,322,322,322,0
2022-09-21 15:21:00,322,322,322,322,0
2022-09-21 15:22:00,322,322,322,322,0
2022-09-21 15:23:00,322,322,322,322,0
2022-09-21 15:24:00,322,322,322,322,0
2022-09-21 15:25:00,322,322,322,322,0
2022-09-21 15:26:00,322,322,322,322,0
2022-09-21 15:27:00,322,322,322,322,0
2022-09-21 15:28:00,322,322,322,322,0
2022-09-21 15:29:00,322,322,322,322,0
2022-09-21 15:30:00,322,322,322,322,0
2022-09-21 15:31:00,322,322,322,322,0
2022-09-21 15:32:00,322,322,322,322,0
2022-09-21 15:33:00,322,322,322,322,0
2022-09-21 15:34:00,322,322,322,322,0
2022-09-21 15:35:00,322,322,322,322,0
2022-09-21 15:36:00,322,322,322,322,0
2022-09-21 15:37:00,322,322,322,322,0
2022-09-21 15:38:00,322,322,322,322,0
2022-09-21 15:39:00,322,322,322,322,0
2022-09-21 15:40:00,322,322,322,322,0
2022-09-21 15:41:00,322,322,322,322,0
2022-09-21 15:42:00,322,322,322,322,0
2022-09-21 15:43:00,322,322,322,322,0
2022-09-21 15:44:00,322,322,322,322,0
2022-09-21 15:45:00,322,322,322,322,0
2022-09-21 15:46:00,322,322,322,322,0
2022-09-21 15:47:00,322,322,322,322,0
2022-09-21 15:48:00,322,322,322,322,0
2022-09-21 15:49:00,322,322,322,322,0
2022-09-21 15:50:00,322,322,322,322,0
2022-09-21 15:51:00,322,322,322,322,0
2022-09-21 15:52:00,322,322,322,322,0
2022-09-21 15:53:00,322,322,322,322,0
2022-09-21 15:54:00,322,322,322,322,0
2022-09-21 15:55:00,322,322,322,322,0
2022-09-21 15:56:00,322,322,322,322,0
2022-09-21 15:57:00,322,322,322,322,0
2022-09-21 15:58:00,322,322,322,322,0
2022-09-21 15:59:00,322,322,322,322,0
2022-09-22 09:00:00,322,322,322,322,0
2022-09-22 09:01:00,322,322,322,322,0
2022-09-22 09:02:00,322,322,322,322,0
2022-09-22 09:03:00,322,322,322,322,0
2022-09-22 09:04:00,322,322,322,322,0
2022-09-22 09:05:00,322,322,322,322,0
2022-09-22 09:06:00,322,322,322,322,0
2022-09-22 09:07:00,316,314,316,314,0
2022-09-22 09:08:00,316,314,316,314,0
2022-09-22 09:09:00,314,314,314,314,8400
2022-09-22 09:10:00,316,316,316,316,0
2022-09-22 09:11:00,316,316,316,316,6300
2022-09-22 09:12:00,316,316,316,316,0
2022-09-22 09:13:00,314,314,314,314,1000
2022-09-22 09:14:00,312,312,312,312,20500
2022-09-22 09:15:00,312,312,312,312,0
2022-09-22 09:16:00,310,302,312,304,27400
2022-09-22 09:17:00,302,300,304,304,55000
2022-09-22 09:18:00,302,300,304,304,0
2022-09-22 09:19:00,302,300,304,304,0
2022-09-22 09:20:00,302,300,304,304,0
2022-09-22 09:21:00,302,300,304,304,0
2022-09-22 09:22:00,302,300,304,304,0
2022-09-22 09:23:00,302,300,304,304,0
2022-09-22 09:24:00,302,300,304,304,0
2022-09-22 09:25:00,304,304,304,304,2000
2022-09-22 09:26:00,304,304,304,304,800
2022-09-22 09:27:00,304,304,304,304,200
2022-09-22 09:28:00,302,302,302,302,9800
2022-09-22 09:29:00,304,304,304,304,0
2022-09-22 09:30:00,302,300,302,300,14100
2022-09-22 09:31:00,300,300,300,300,23700
2022-09-22 09:32:00,300,300,300,300,12300
2022-09-22 09:33:00,300,300,300,300,0
2022-09-22 09:34:00,300,300,300,300,0
2022-09-22 09:35:00,300,300,300,300,1700
2022-09-22 09:36:00,300,300,300,300,0
2022-09-22 09:37:00,300,300,300,300,0
2022-09-22 09:38:00,300,300,300,300,0
2022-09-22 09:39:00,300,300,300,300,7900
2022-09-22 09:40:00,300,300,300,300,2000
2022-09-22 09:41:00,300,300,300,300,16200
2022-09-22 09:42:00,300,300,300,300,0
2022-09-22 09:43:00,300,300,300,300,0
2022-09-22 09:44:00,300,300,300,300,0
2022-09-22 09:45:00,300,300,300,300,0
2022-09-22 09:46:00,300,300,300,300,0
2022-09-22 09:47:00,300,300,300,300,0
2022-09-22 09:48:00,300,300,300,300,2400
2022-09-22 09:49:00,300,300,300,300,0
2022-09-22 09:50:00,306,306,306,306,0
2022-09-22 09:51:00,308,308,308,308,3100
2022-09-22 09:52:00,310,302,312,302,6100
2022-09-22 09:53:00,302,302,302,302,6400
2022-09-22 09:54:00,302,302,302,302,0
2022-09-22 09:55:00,302,302,302,302,0
2022-09-22 09:56:00,302,302,302,302,0
2022-09-22 09:57:00,302,302,310,310,6200
2022-09-22 09:58:00,302,302,310,310,0
2022-09-22 09:59:00,302,302,310,310,0
2022-09-22 10:00:00,302,302,310,310,0
2022-09-22 10:01:00,302,302,310,310,0
2022-09-22 10:02:00,302,302,310,310,0
2022-09-22 10:03:00,302,302,310,310,0
2022-09-22 10:04:00,302,302,310,310,0
2022-09-22 10:05:00,302,302,310,310,0
2022-09-22 10:06:00,302,302,310,310,0
2022-09-22 10:07:00,302,302,310,310,0
2022-09-22 10:08:00,302,302,310,310,0
2022-09-22 10:09:00,302,302,310,310,0
2022-09-22 10:10:00,310,310,310,310,100
2022-09-22 10:11:00,310,310,310,310,0
2022-09-22 10:12:00,310,310,310,310,0
2022-09-22 10:13:00,302,302,302,302,400
2022-09-22 10:14:00,310,310,310,310,0
2022-09-22 10:15:00,310,310,310,310,200
2022-09-22 10:16:00,310,310,310,310,0
2022-09-22 10:17:00,310,310,310,310,0
2022-09-22 10:18:00,310,310,312,312,2800
2022-09-22 10:19:00,312,312,314,314,1000
2022-09-22 10:20:00,312,312,314,314,900
2022-09-22 10:21:00,312,312,314,314,0
2022-09-22 10:22:00,312,312,314,314,0
2022-09-22 10:23:00,312,312,314,314,0
2022-09-22 10:24:00,312,312,314,314,0
2022-09-22 10:25:00,312,312,314,314,0
2022-09-22 10:26:00,312,312,314,314,0
2022-09-22 10:27:00,312,312,314,314,0
2022-09-22 10:28:00,312,312,314,314,0
2022-09-22 10:29:00,314,314,314,314,200
2022-09-22 10:30:00,314,314,314,314,0
2022-09-22 10:31:00,314,314,314,314,0
2022-09-22 10:32:00,314,314,314,314,0
2022-09-22 10:33:00,314,314,314,314,0
2022-09-22 10:34:00,314,314,314,314,700
2022-09-22 10:35:00,314,314,314,314,0
2022-09-22 10:36:00,314,314,314,314,0
2022-09-22 10:37:00,314,314,314,314,0
2022-09-22 10:38:00,314,314,314,314,0
2022-09-22 10:39:00,314,314,314,314,0
2022-09-22 10:40:00,314,314,314,314,0
2022-09-22 10:41:00,314,314,314,314,0
2022-09-22 10:42:00,314,314,314,314,0
2022-09-22 10:43:00,314,314,314,314,0
2022-09-22 10:44:00,314,314,314,314,0
2022-09-22 10:45:00,314,314,314,314,0
2022-09-22 10:46:00,314,314,314,314,0
2022-09-22 10:47:00,314,314,314,314,0
2022-09-22 10:48:00,314,314,314,314,0
2022-09-22 10:49:00,314,314,314,314,0
2022-09-22 10:50:00,314,314,314,314,0
2022-09-22 10:51:00,312,312,312,312,100
2022-09-22 10:52:00,312,312,312,312,0
2022-09-22 10:53:00,312,312,312,312,0
2022-09-22 10:54:00,312,312,312,312,0
2022-09-22 10:55:00,312,312,312,312,0
2022-09-22 10:56:00,312,312,312,312,0
2022-09-22 10:57:00,312,312,312,312,0
2022-09-22 10:58:00,312,312,312,312,0
2022-09-22 10:59:00,312,312,312,312,0
2022-09-22 11:00:00,312,312,312,312,0
2022-09-22 11:01:00,312,312,312,312,0
2022-09-22 11:02:00,312,312,312,312,0
2022-09-22 11:03:00,312,312,312,312,0
2022-09-22 11:04:00,312,312,312,312,0
2022-09-22 11:05:00,312,312,312,312,0
2022-09-22 11:06:00,312,312,312,312,0
2022-09-22 11:07:00,312,312,312,312,0
2022-09-22 11:08:00,312,312,312,312,0
2022-09-22 11:09:00,312,312,312,312,0
2022-09-22 11:10:00,312,312,312,312,0
2022-09-22 11:11:00,312,312,312,312,0
2022-09-22 11:12:00,308,308,308,308,1000
2022-09-22 11:13:00,308,308,308,308,500
2022-09-22 11:14:00,308,308,308,308,0
2022-09-22 11:15:00,308,308,308,308,0
2022-09-22 11:16:00,308,308,308,308,0
2022-09-22 11:17:00,306,306,306,306,500
2022-09-22 11:18:00,306,306,306,306,0
2022-09-22 11:19:00,306,306,306,306,0
2022-09-22 11:20:00,310,310,310,310,0
2022-09-22 11:21:00,310,310,310,310,0
2022-09-22 11:22:00,310,310,310,310,0
2022-09-22 11:23:00,310,310,310,310,0
2022-09-22 11:24:00,310,310,310,310,0
2022-09-22 11:25:00,310,310,310,310,0
2022-09-22 11:26:00,310,310,310,310,0
2022-09-22 11:27:00,310,310,310,310,0
2022-09-22 11:28:00,310,310,310,310,0
2022-09-22 11:29:00,310,310,310,310,0
2022-09-22 11:30:00,310,310,310,310,0
2022-09-22 11:31:00,310,310,310,310,0
2022-09-22 11:32:00,310,310,310,310,0
2022-09-22 11:33:00,310,310,310,310,0
2022-09-22 11:34:00,310,310,310,310,0
2022-09-22 11:35:00,310,310,310,310,0
2022-09-22 11:36:00,310,310,310,310,0
2022-09-22 11:37:00,310,310,310,310,0
2022-09-22 11:38:00,310,310,310,310,0
2022-09-22 11:39:00,310,310,310,310,0
2022-09-22 11:40:00,310,310,310,310,0
2022-09-22 11:41:00,310,310,310,310,0
2022-09-22 11:42:00,310,310,310,310,0
2022-09-22 11:43:00,310,310,310,310,0
2022-09-22 11:44:00,310,310,310,310,0
2022-09-22 11:45:00,310,310,310,310,0
2022-09-22 11:46:00,310,310,310,310,0
2022-09-22 11:47:00,310,310,310,310,0
2022-09-22 11:48:00,310,310,310,310,0
2022-09-22 11:49:00,310,310,310,310,0
2022-09-22 11:50:00,310,310,310,310,0
2022-09-22 11:51:00,310,310,310,310,0
2022-09-22 11:52:00,310,310,310,310,0
2022-09-22 11:53:00,310,310,310,310,0
2022-09-22 11:54:00,310,310,310,310,0
2022-09-22 11:55:00,310,310,310,310,0
2022-09-22 11:56:00,310,310,310,310,0
2022-09-22 11:57:00,310,310,310,310,0
2022-09-22 11:58:00,310,310,310,310,0
2022-09-22 11:59:00,310,310,310,310,0
2022-09-22 12:00:00,310,310,310,310,0
2022-09-22 12:01:00,310,310,310,310,0
2022-09-22 12:02:00,310,310,310,310,0
2022-09-22 12:03:00,310,310,310,310,0
2022-09-22 12:04:00,310,310,310,310,0
2022-09-22 12:05:00,310,310,310,310,0
2022-09-22 12:06:00,310,310,310,310,0
2022-09-22 12:07:00,310,310,310,310,0
2022-09-22 12:08:00,310,310,310,310,0
2022-09-22 12:09:00,310,310,310,310,0
2022-09-22 12:10:00,310,310,310,310,0
2022-09-22 12:11:00,310,310,310,310,0
2022-09-22 12:12:00,310,310,310,310,0
2022-09-22 12:13:00,310,310,310,310,0
2022-09-22 12:14:00,310,310,310,310,0
2022-09-22 12:15:00,310,310,310,310,0
2022-09-22 12:16:00,310,310,310,310,0
2022-09-22 12:17:00,310,310,310,310,0
2022-09-22 12:18:00,310,310,310,310,0
2022-09-22 12:19:00,310,310,310,310,0
2022-09-22 12:20:00,310,310,310,310,0
2022-09-22 12:21:00,310,310,310,310,0
2022-09-22 12:22:00,310,310,310,310,0
2022-09-22 12:23:00,310,310,310,310,0
2022-09-22 12:24:00,310,310,310,310,0
2022-09-22 12:25:00,310,310,310,310,0
2022-09-22 12:26:00,310,310,310,310,0
2022-09-22 12:27:00,310,310,310,310,0
2022-09-22 12:28:00,310,310,310,310,0
2022-09-22 12:29:00,310,310,310,310,0
2022-09-22 12:30:00,310,310,310,310,0
2022-09-22 12:31:00,310,310,310,310,0
2022-09-22 12:32:00,310,310,310,310,0
2022-09-22 12:33:00,310,310,310,310,0
2022-09-22 12:34:00,310,310,310,310,0
2022-09-22 12:35:00,310,310,310,310,0
2022-09-22 12:36:00,310,310,310,310,0
2022-09-22 12:37:00,310,310,310,310,0
2022-09-22 12:38:00,310,310,310,310,0
2022-09-22 12:39:00,310,310,310,310,0
2022-09-22 12:40:00,310,310,310,310,0
2022-09-22 12:41:00,310,310,310,310,0
2022-09-22 12:42:00,310,310,310,310,0
2022-09-22 12:43:00,310,310,310,310,0
2022-09-22 12:44:00,310,310,310,310,0
2022-09-22 12:45:00,310,310,310,310,0
2022-09-22 12:46:00,310,310,310,310,0
2022-09-22 12:47:00,310,310,310,310,0
2022-09-22 12:48:00,310,310,310,310,0
2022-09-22 12:49:00,310,310,310,310,0
2022-09-22 12:50:00,310,310,310,310,0
2022-09-22 12:51:00,310,310,310,310,0
2022-09-22 12:52:00,310,310,310,310,0
2022-09-22 12:53:00,310,310,310,310,0
2022-09-22 12:54:00,310,310,310,310,0
2022-09-22 12:55:00,310,310,310,310,0
2022-09-22 12:56:00,310,310,310,310,0
2022-09-22 12:57:00,310,310,310,310,0
2022-09-22 12:58:00,310,310,310,310,0
2022-09-22 12:59:00,310,310,310,310,0
2022-09-22 13:00:00,310,310,310,310,0
2022-09-22 13:01:00,310,310,310,310,0
2022-09-22 13:02:00,310,310,310,310,0
2022-09-22 13:03:00,310,310,310,310,0
2022-09-22 13:04:00,310,310,310,310,0
2022-09-22 13:05:00,310,310,310,310,0
2022-09-22 13:06:00,310,310,310,310,0
2022-09-22 13:07:00,310,310,310,310,0
2022-09-22 13:08:00,310,310,310,310,0
2022-09-22 13:09:00,310,310,310,310,0
2022-09-22 13:10:00,310,310,310,310,0
2022-09-22 13:11:00,310,310,310,310,0
2022-09-22 13:12:00,310,310,310,310,0
2022-09-22 13:13:00,310,310,310,310,0
2022-09-22 13:14:00,310,310,310,310,0
2022-09-22 13:15:00,310,310,310,310,0
2022-09-22 13:16:00,310,310,310,310,0
2022-09-22 13:17:00,310,310,310,310,0
2022-09-22 13:18:00,310,310,310,310,0
2022-09-22 13:19:00,310,310,310,310,0
2022-09-22 13:20:00,310,310,310,310,0
2022-09-22 13:21:00,310,310,310,310,0
2022-09-22 13:22:00,310,310,310,310,0
2022-09-22 13:23:00,310,310,310,310,0
2022-09-22 13:24:00,310,310,310,310,0
2022-09-22 13:25:00,310,310,310,310,0
2022-09-22 13:26:00,310,310,310,310,0
2022-09-22 13:27:00,310,310,310,310,0
2022-09-22 13:28:00,310,310,310,310,0
2022-09-22 13:29:00,310,310,310,310,0
2022-09-22 13:30:00,310,310,322,322,27000
2022-09-22 13:31:00,322,322,322,322,0
2022-09-22 13:32:00,322,322,322,322,0
2022-09-22 13:33:00,322,322,322,322,0
2022-09-22 13:34:00,322,322,322,322,0
2022-09-22 13:35:00,322,322,322,322,0
2022-09-22 13:36:00,322,322,322,322,0
2022-09-22 13:37:00,322,322,322,322,0
2022-09-22 13:38:00,322,322,322,322,0
2022-09-22 13:39:00,322,322,322,322,0
2022-09-22 13:40:00,322,322,322,322,0
2022-09-22 13:41:00,322,322,322,322,0
2022-09-22 13:42:00,322,322,322,322,0
2022-09-22 13:43:00,322,322,322,322,0
2022-09-22 13:44:00,322,322,322,322,0
2022-09-22 13:45:00,322,322,322,322,0
2022-09-22 13:46:00,322,322,322,322,0
2022-09-22 13:47:00,322,322,322,322,0
2022-09-22 13:48:00,322,322,322,322,0
2022-09-22 13:49:00,322,322,322,322,0
2022-09-22 13:50:00,322,322,322,322,0
2022-09-22 13:51:00,322,322,322,322,0
2022-09-22 13:52:00,322,322,322,322,0
2022-09-22 13:53:00,322,322,322,322,0
2022-09-22 13:54:00,322,322,322,322,0
2022-09-22 13:55:00,322,322,322,322,0
2022-09-22 13:56:00,322,322,322,322,0
2022-09-22 13:57:00,322,322,322,322,0
2022-09-22 13:58:00,322,322,322,322,0
2022-09-22 13:59:00,322,322,322,322,0
2022-09-22 14:00:00,322,322,322,322,0
2022-09-22 14:01:00,322,322,322,322,0
2022-09-22 14:02:00,322,322,322,322,0
2022-09-22 14:03:00,322,322,322,322,0
2022-09-22 14:04:00,322,322,324,324,5400
2022-09-22 14:05:00,324,324,326,326,2200
2022-09-22 14:06:00,326,326,328,328,1900
2022-09-22 14:07:00,326,326,328,328,0
2022-09-22 14:08:00,326,326,328,328,0
2022-09-22 14:09:00,326,326,328,328,0
2022-09-22 14:10:00,326,326,328,328,0
2022-09-22 14:11:00,326,326,328,328,0
2022-09-22 14:12:00,326,326,328,328,0
2022-09-22 14:13:00,326,326,328,328,0
2022-09-22 14:14:00,326,326,328,328,0
2022-09-22 14:15:00,326,326,328,328,0
2022-09-22 14:16:00,326,326,328,328,0
2022-09-22 14:17:00,326,326,328,328,0
2022-09-22 14:18:00,326,326,328,328,0
2022-09-22 14:19:00,326,326,328,328,0
2022-09-22 14:20:00,326,326,328,328,0
2022-09-22 14:21:00,326,326,328,328,0
2022-09-22 14:22:00,326,326,328,328,0
2022-09-22 14:23:00,326,326,328,328,0
2022-09-22 14:24:00,318,318,318,318,400
2022-09-22 14:25:00,326,326,326,326,0
2022-09-22 14:26:00,326,326,326,326,0
2022-09-22 14:27:00,326,326,326,326,0
2022-09-22 14:28:00,326,326,326,326,0
2022-09-22 14:29:00,326,326,326,326,0
2022-09-22 14:30:00,326,326,326,326,0
2022-09-22 14:31:00,326,326,326,326,0
2022-09-22 14:32:00,326,326,326,326,0
2022-09-22 14:33:00,326,326,326,326,0
2022-09-22 14:34:00,326,326,326,326,0
2022-09-22 14:35:00,326,326,326,326,0
2022-09-22 14:36:00,326,326,326,326,0
2022-09-22 14:37:00,326,326,326,326,0
2022-09-22 14:38:00,326,326,326,326,0
2022-09-22 14:39:00,326,326,326,326,0
2022-09-22 14:40:00,326,326,326,326,0
2022-09-22 14:41:00,326,326,326,326,0
2022-09-22 14:42:00,326,326,326,326,0
2022-09-22 14:43:00,326,326,326,326,0
2022-09-22 14:44:00,326,326,326,326,0
2022-09-22 14:45:00,326,326,326,326,0
2022-09-22 14:46:00,322,322,322,322,200
2022-09-22 14:47:00,322,322,322,322,0
2022-09-22 14:48:00,322,322,322,322,0
2022-09-22 14:49:00,322,322,322,322,0
2022-09-22 14:50:00,322,322,322,322,0
2022-09-22 14:51:00,322,322,322,322,0
2022-09-22 14:52:00,322,322,322,322,0
2022-09-22 14:53:00,322,322,322,322,0
2022-09-22 14:54:00,322,322,322,322,0
2022-09-22 14:55:00,322,322,322,322,0
2022-09-22 14:56:00,322,322,322,322,0
2022-09-22 14:57:00,322,322,322,322,0
2022-09-22 14:58:00,322,322,322,322,0
2022-09-22 14:59:00,322,322,322,322,0
2022-09-22 15:00:00,322,322,322,322,0
2022-09-22 15:01:00,322,322,322,322,100
2022-09-22 15:02:00,322,322,322,322,0
2022-09-22 15:03:00,322,322,322,322,0
2022-09-22 15:04:00,322,322,322,322,900
2022-09-22 15:05:00,322,322,322,322,0
2022-09-22 15:06:00,322,322,322,322,0
2022-09-22 15:07:00,322,322,322,322,0
2022-09-22 15:08:00,322,322,322,322,12000
2022-09-22 15:09:00,322,322,322,322,0
2022-09-22 15:10:00,322,322,322,322,0
2022-09-22 15:11:00,322,322,322,322,0
2022-09-22 15:12:00,322,322,322,322,0
2022-09-22 15:13:00,322,322,322,322,0
2022-09-22 15:14:00,322,322,322,322,0
2022-09-22 15:15:00,322,322,322,322,0
2022-09-22 15:16:00,322,322,322,322,0
2022-09-22 15:17:00,322,322,322,322,0
2022-09-22 15:18:00,322,322,322,322,0
2022-09-22 15:19:00,322,322,322,322,0
2022-09-22 15:20:00,322,322,322,322,0
2022-09-22 15:21:00,322,322,322,322,0
2022-09-22 15:22:00,322,322,322,322,0
2022-09-22 15:23:00,322,322,322,322,0
2022-09-22 15:24:00,322,322,322,322,0
2022-09-22 15:25:00,322,322,322,322,0
2022-09-22 15:26:00,322,322,322,322,0
2022-09-22 15:27:00,322,322,322,322,0
2022-09-22 15:28:00,322,322,322,322,0
2022-09-22 15:29:00,322,322,322,322,0
2022-09-22 15:30:00,322,322,322,322,0
2022-09-22 15:31:00,322,322,322,322,0
2022-09-22 15:32:00,322,322,322,322,0
2022-09-22 15:33:00,322,322,322,322,0
2022-09-22 15:34:00,322,322,322,322,0
2022-09-22 15:35:00,322,322,322,322,0
2022-09-22 15:36:00,322,322,322,322,0
2022-09-22 15:37:00,322,322,322,322,0
2022-09-22 15:38:00,322,322,322,322,0
2022-09-22 15:39:00,322,322,322,322,0
2022-09-22 15:40:00,322,322,322,322,0
2022-09-22 15:41:00,322,322,322,322,0
2022-09-22 15:42:00,322,322,322,322,0
2022-09-22 15:43:00,322,322,322,322,0
2022-09-22 15:44:00,322,322,322,322,0
2022-09-22 15:45:00,322,322,322,322,0
2022-09-22 15:46:00,322,322,322,322,0
2022-09-22 15:47:00,322,322,322,322,0
2022-09-22 15:48:00,322,322,322,322,0
2022-09-22 15:49:00,322,322,322,322,0
2022-09-22 15:50:00,322,322,322,322,0
2022-09-22 15:51:00,322,322,322,322,0
2022-09-22 15:52:00,322,322,322,322,0
2022-09-22 15:53:00,322,322,322,322,0
2022-09-22 15:54:00,322,322,322,322,0
2022-09-22 15:55:00,322,322,322,322,0
2022-09-22 15:56:00,322,322,322,322,0
2022-09-22 15:57:00,322,322,322,322,0
2022-09-22 15:58:00,322,322,322,322,0
2022-09-22 15:59:00,322,322,322,322,0
2022-09-23 09:00:00,322,322,322,322,0
2022-09-23 09:01:00,322,322,322,322,0
2022-09-23 09:02:00,322,322,322,322,0
2022-09-23 09:03:00,322,322,322,322,0
2022-09-23 09:04:00,324,324,324,324,100
2022-09-23 09:05:00,324,324,324,324,0
2022-09-23 09:06:00,324,324,324,324,0
2022-09-23 09:07:00,324,324,324,324,0
2022-09-23 09:08:00,324,324,324,324,0
2022-09-23 09:09:00,324,324,324,324,0
2022-09-23 09:10:00,324,324,324,324,0
2022-09-23 09:11:00,324,324,324,324,0
2022-09-23 09:12:00,324,324,324,324,0
2022-09-23 09:13:00,322,322,324,324,1500
2022-09-23 09:14:00,322,322,322,322,3700
2022-09-23 09:15:00,322,322,322,322,0
2022-09-23 09:16:00,324,324,324,324,0
2022-09-23 09:17:00,324,324,324,324,0
2022-09-23 09:18:00,324,324,324,324,0
2022-09-23 09:19:00,324,324,324,324,0
2022-09-23 09:20:00,324,324,324,324,0
2022-09-23 09:21:00,324,324,324,324,0
2022-09-23 09:22:00,324,324,324,324,0
2022-09-23 09:23:00,324,324,324,324,0
2022-09-23 09:24:00,324,324,324,324,0
2022-09-23 09:25:00,324,324,324,324,0
2022-09-23 09:26:00,324,324,324,324,0
2022-09-23 09:27:00,324,324,324,324,0
2022-09-23 09:28:00,324,324,324,324,0
2022-09-23 09:29:00,324,324,324,324,0
2022-09-23 09:30:00,320,320,320,320,3200
2022-09-23 09:31:00,320,320,320,320,0
2022-09-23 09:32:00,320,320,320,320,0
2022-09-23 09:33:00,320,320,320,320,0
2022-09-23 09:34:00,320,320,320,320,0
2022-09-23 09:35:00,320,320,320,320,0
2022-09-23 09:36:00,320,320,320,320,0
2022-09-23 09:37:00,320,320,320,320,0
2022-09-23 09:38:00,320,320,320,320,0
2022-09-23 09:39:00,320,320,320,320,0
2022-09-23 09:40:00,320,320,320,320,0
2022-09-23 09:41:00,320,320,320,320,0
2022-09-23 09:42:00,320,320,320,320,0
2022-09-23 09:43:00,320,320,320,320,0
2022-09-23 09:44:00,320,320,320,320,0
2022-09-23 09:45:00,320,320,320,320,0
2022-09-23 09:46:00,320,320,320,320,0
2022-09-23 09:47:00,320,320,320,320,0
2022-09-23 09:48:00,320,320,320,320,0
2022-09-23 09:49:00,320,320,320,320,0
2022-09-23 09:50:00,320,320,320,320,0
2022-09-23 09:51:00,320,320,320,320,0
2022-09-23 09:52:00,320,320,320,320,0
2022-09-23 09:53:00,320,320,320,320,0
2022-09-23 09:54:00,320,320,320,320,0
2022-09-23 09:55:00,320,320,320,320,0
2022-09-23 09:56:00,310,304,310,304,5600
2022-09-23 09:57:00,306,306,306,306,0
2022-09-23 09:58:00,306,306,306,306,0
2022-09-23 09:59:00,306,306,306,306,0
2022-09-23 10:00:00,306,306,306,306,0
2022-09-23 10:01:00,306,306,306,306,0
2022-09-23 10:02:00,306,306,306,306,0
2022-09-23 10:03:00,306,306,306,306,0
2022-09-23 10:04:00,306,306,306,306,0
2022-09-23 10:05:00,306,306,306,306,0
2022-09-23 10:06:00,306,306,306,306,0
2022-09-23 10:07:00,306,306,306,306,0
2022-09-23 10:08:00,306,306,306,306,0
2022-09-23 10:09:00,306,306,306,306,0
2022-09-23 10:10:00,306,306,306,306,0
2022-09-23 10:11:00,306,306,306,306,0
2022-09-23 10:12:00,306,306,306,306,0
2022-09-23 10:13:00,306,306,306,306,0
2022-09-23 10:14:00,308,306,308,306,3900
2022-09-23 10:15:00,308,306,308,306,0
2022-09-23 10:16:00,316,316,322,322,300
2022-09-23 10:17:00,316,316,322,322,0
2022-09-23 10:18:00,316,316,322,322,0
2022-09-23 10:19:00,316,316,322,322,0
2022-09-23 10:20:00,316,316,322,322,0
2022-09-23 10:21:00,316,316,322,322,0
2022-09-23 10:22:00,318,318,318,318,10000
2022-09-23 10:23:00,318,318,318,318,0
2022-09-23 10:24:00,318,318,318,318,0
2022-09-23 10:25:00,318,318,320,320,300
2022-09-23 10:26:00,320,320,320,320,9800
2022-09-23 10:27:00,320,320,320,320,0
2022-09-23 10:28:00,320,320,320,320,0
2022-09-23 10:29:00,318,318,318,318,4800
2022-09-23 10:30:00,318,318,318,318,0
2022-09-23 10:31:00,318,318,318,318,0
2022-09-23 10:32:00,318,318,318,318,0
2022-09-23 10:33:00,318,318,318,318,0
2022-09-23 10:34:00,320,318,320,318,6600
2022-09-23 10:35:00,320,318,320,318,0
2022-09-23 10:36:00,320,318,320,318,0
2022-09-23 10:37:00,320,318,320,318,19700
2022-09-23 10:38:00,320,318,320,318,0
2022-09-23 10:39:00,322,322,322,322,0
2022-09-23 10:40:00,322,322,328,326,11200
2022-09-23 10:41:00,330,330,342,342,6300
2022-09-23 10:42:00,330,330,340,340,500
2022-09-23 10:43:00,330,330,340,340,0
2022-09-23 10:44:00,330,330,340,340,0
2022-09-23 10:45:00,338,338,342,342,34300
2022-09-23 10:46:00,346,346,352,350,114200
2022-09-23 10:47:00,346,346,346,346,1500
2022-09-23 10:48:00,346,346,350,350,900
2022-09-23 10:49:00,350,350,350,350,1000
2022-09-23 10:50:00,356,354,356,354,2700
2022-09-23 10:51:00,354,354,358,358,4100
2022-09-23 10:52:00,360,358,360,360,32800
2022-09-23 10:53:00,362,362,370,370,28600
2022-09-23 10:54:00,370,368,370,370,11400
2022-09-23 10:55:00,360,358,370,358,15000
2022-09-23 10:56:00,354,350,354,352,8900
2022-09-23 10:57:00,358,358,370,370,7300
2022-09-23 10:58:00,360,360,362,362,5200
2022-09-23 10:59:00,360,358,360,358,4900
2022-09-23 11:00:00,360,358,360,358,0
2022-09-23 11:01:00,360,358,360,358,0
2022-09-23 11:02:00,360,358,360,358,13800
2022-09-23 11:03:00,356,356,356,356,2300
2022-09-23 11:04:00,356,356,356,356,7100
2022-09-23 11:05:00,358,358,358,358,0
2022-09-23 11:06:00,358,358,358,358,29200
2022-09-23 11:07:00,358,358,358,358,0
2022-09-23 11:08:00,358,358,358,358,0
2022-09-23 11:09:00,358,358,360,360,600
2022-09-23 11:10:00,360,350,360,350,2200
2022-09-23 11:11:00,352,352,352,352,100
2022-09-23 11:12:00,350,350,350,350,0
2022-09-23 11:13:00,350,350,350,350,1100
2022-09-23 11:14:00,350,350,350,350,0
2022-09-23 11:15:00,348,348,348,348,9900
2022-09-23 11:16:00,348,348,348,348,0
2022-09-23 11:17:00,348,348,348,348,0
2022-09-23 11:18:00,348,348,348,348,0
2022-09-23 11:19:00,348,348,348,348,0
2022-09-23 11:20:00,350,350,350,350,1000
2022-09-23 11:21:00,350,350,350,350,0
2022-09-23 11:22:00,350,350,350,350,0
2022-09-23 11:23:00,350,350,350,350,0
2022-09-23 11:24:00,350,350,350,350,700
2022-09-23 11:25:00,350,350,350,350,25600
2022-09-23 11:26:00,350,350,350,350,6600
2022-09-23 11:27:00,352,352,352,352,6900
2022-09-23 11:28:00,360,360,360,360,0
2022-09-23 11:29:00,360,360,360,360,0
2022-09-23 11:30:00,360,360,360,360,0
2022-09-23 11:31:00,360,360,360,360,0
2022-09-23 11:32:00,360,360,360,360,0
2022-09-23 11:33:00,360,360,360,360,0
2022-09-23 11:34:00,360,360,360,360,0
2022-09-23 11:35:00,360,360,360,360,0
2022-09-23 11:36:00,360,360,360,360,0
2022-09-23 11:37:00,360,360,360,360,0
2022-09-23 11:38:00,360,360,360,360,0
2022-09-23 11:39:00,360,360,360,360,0
2022-09-23 11:40:00,360,360,360,360,0
2022-09-23 11:41:00,360,360,360,360,0
2022-09-23 11:42:00,360,360,360,360,0
2022-09-23 11:43:00,360,360,360,360,0
2022-09-23 11:44:00,360,360,360,360,0
2022-09-23 11:45:00,360,360,360,360,0
2022-09-23 11:46:00,360,360,360,360,0
2022-09-23 11:47:00,360,360,360,360,0
2022-09-23 11:48:00,360,360,360,360,0
2022-09-23 11:49:00,360,360,360,360,0
2022-09-23 11:50:00,360,360,360,360,0
2022-09-23 11:51:00,360,360,360,360,0
2022-09-23 11:52:00,360,360,360,360,0
2022-09-23 11:53:00,360,360,360,360,0
2022-09-23 11:54:00,360,360,360,360,0
2022-09-23 11:55:00,360,360,360,360,0
2022-09-23 11:56:00,360,360,360,360,0
2022-09-23 11:57:00,360,360,360,360,0
2022-09-23 11:58:00,360,360,360,360,0
2022-09-23 11:59:00,360,360,360,360,0
2022-09-23 12:00:00,360,360,360,360,0
2022-09-23 12:01:00,360,360,360,360,0
2022-09-23 12:02:00,360,360,360,360,0
2022-09-23 12:03:00,360,360,360,360,0
2022-09-23 12:04:00,360,360,360,360,0
2022-09-23 12:05:00,360,360,360,360,0
2022-09-23 12:06:00,360,360,360,360,0
2022-09-23 12:07:00,360,360,360,360,0
2022-09-23 12:08:00,360,360,360,360,0
2022-09-23 12:09:00,360,360,360,360,0
2022-09-23 12:10:00,360,360,360,360,0
2022-09-23 12:11:00,360,360,360,360,0
2022-09-23 12:12:00,360,360,360,360,0
2022-09-23 12:13:00,360,360,360,360,0
2022-09-23 12:14:00,360,360,360,360,0
2022-09-23 12:15:00,360,360,360,360,0
2022-09-23 12:16:00,360,360,360,360,0
2022-09-23 12:17:00,360,360,360,360,0
2022-09-23 12:18:00,360,360,360,360,0
2022-09-23 12:19:00,360,360,360,360,0
2022-09-23 12:20:00,360,360,360,360,0
2022-09-23 12:21:00,360,360,360,360,0
2022-09-23 12:22:00,360,360,360,360,0
2022-09-23 12:23:00,360,360,360,360,0
2022-09-23 12:24:00,360,360,360,360,0
2022-09-23 12:25:00,360,360,360,360,0
2022-09-23 12:26:00,360,360,360,360,0
2022-09-23 12:27:00,360,360,360,360,0
2022-09-23 12:28:00,360,360,360,360,0
2022-09-23 12:29:00,360,360,360,360,0
2022-09-23 12:30:00,360,360,360,360,0
2022-09-23 12:31:00,360,360,360,360,0
2022-09-23 12:32:00,360,360,360,360,0
2022-09-23 12:33:00,360,360,360,360,0
2022-09-23 12:34:00,360,360,360,360,0
2022-09-23 12:35:00,360,360,360,360,0
2022-09-23 12:36:00,360,360,360,360,0
2022-09-23 12:37:00,360,360,360,360,0
2022-09-23 12:38:00,360,360,360,360,0
2022-09-23 12:39:00,360,360,360,360,0
2022-09-23 12:40:00,360,360,360,360,0
2022-09-23 12:41:00,360,360,360,360,0
2022-09-23 12:42:00,360,360,360,360,0
2022-09-23 12:43:00,360,360,360,360,0
2022-09-23 12:44:00,360,360,360,360,0
2022-09-23 12:45:00,360,360,360,360,0
2022-09-23 12:46:00,360,360,360,360,0
2022-09-23 12:47:00,360,360,360,360,0
2022-09-23 12:48:00,360,360,360,360,0
2022-09-23 12:49:00,360,360,360,360,0
2022-09-23 12:50:00,360,360,360,360,0
2022-09-23 12:51:00,360,360,360,360,0
2022-09-23 12:52:00,360,360,360,360,0
2022-09-23 12:53:00,360,360,360,360,0
2022-09-23 12:54:00,360,360,360,360,0
2022-09-23 12:55:00,360,360,360,360,0
2022-09-23 12:56:00,360,360,360,360,0
2022-09-23 12:57:00,360,360,360,360,0
2022-09-23 12:58:00,360,360,360,360,0
2022-09-23 12:59:00,360,360,360,360,0
2022-09-23 13:00:00,360,360,360,360,0
2022-09-23 13:01:00,360,360,360,360,0
2022-09-23 13:02:00,360,360,360,360,0
2022-09-23 13:03:00,360,360,360,360,0
2022-09-23 13:04:00,360,360,360,360,0
2022-09-23 13:05:00,360,360,360,360,0
2022-09-23 13:06:00,360,360,360,360,0
2022-09-23 13:07:00,360,360,360,360,0
2022-09-23 13:08:00,360,360,360,360,0
2022-09-23 13:09:00,360,360,360,360,0
2022-09-23 13:10:00,360,360,360,360,0
2022-09-23 13:11:00,360,360,360,360,0
2022-09-23 13:12:00,360,360,360,360,0
2022-09-23 13:13:00,360,360,360,360,0
2022-09-23 13:14:00,360,360,360,360,0
2022-09-23 13:15:00,360,360,360,360,0
2022-09-23 13:16:00,360,360,360,360,0
2022-09-23 13:17:00,360,360,360,360,0
2022-09-23 13:18:00,360,360,360,360,0
2022-09-23 13:19:00,360,360,360,360,0
2022-09-23 13:20:00,360,360,360,360,0
2022-09-23 13:21:00,360,360,360,360,0
2022-09-23 13:22:00,360,360,360,360,0
2022-09-23 13:23:00,360,360,360,360,0
2022-09-23 13:24:00,360,360,360,360,0
2022-09-23 13:25:00,360,360,360,360,0
2022-09-23 13:26:00,360,360,360,360,0
2022-09-23 13:27:00,360,360,360,360,0
2022-09-23 13:28:00,360,360,360,360,0
2022-09-23 13:29:00,360,360,360,360,0
2022-09-23 13:30:00,354,340,360,340,503200
2022-09-23 13:31:00,340,340,340,340,10200
2022-09-23 13:32:00,342,342,342,342,0
2022-09-23 13:33:00,342,342,342,342,0
2022-09-23 13:34:00,342,342,342,342,300
2022-09-23 13:35:00,340,340,340,340,1300
2022-09-23 13:36:00,340,336,340,336,30000
2022-09-23 13:37:00,336,336,336,336,0
2022-09-23 13:38:00,336,336,336,336,300
2022-09-23 13:39:00,336,336,336,336,1700
2022-09-23 13:40:00,336,336,336,336,0
2022-09-23 13:41:00,348,348,348,348,0
2022-09-23 13:42:00,348,348,348,348,0
2022-09-23 13:43:00,348,348,348,348,0
2022-09-23 13:44:00,348,348,348,348,0
2022-09-23 13:45:00,348,348,348,348,0
2022-09-23 13:46:00,348,348,348,348,0
2022-09-23 13:47:00,348,348,348,348,0
2022-09-23 13:48:00,348,348,348,348,0
2022-09-23 13:49:00,348,348,348,348,0
2022-09-23 13:50:00,344,344,344,344,200
2022-09-23 13:51:00,344,336,344,336,17600
2022-09-23 13:52:00,336,336,336,336,800
2022-09-23 13:53:00,336,336,336,336,33300
2022-09-23 13:54:00,336,336,336,336,0
2022-09-23 13:55:00,336,336,336,336,0
2022-09-23 13:56:00,336,336,336,336,0
2022-09-23 13:57:00,336,336,336,336,5000
2022-09-23 13:58:00,336,336,336,336,0
2022-09-23 13:59:00,336,336,336,336,0
2022-09-23 14:00:00,336,336,336,336,0
2022-09-23 14:01:00,336,336,336,336,900
2022-09-23 14:02:00,336,336,336,336,0
2022-09-23 14:03:00,336,336,336,336,0
2022-09-23 14:04:00,336,336,336,336,0
2022-09-23 14:05:00,336,336,336,336,0
2022-09-23 14:06:00,336,336,336,336,0
2022-09-23 14:07:00,336,336,336,336,0
2022-09-23 14:08:00,336,336,336,336,0
2022-09-23 14:09:00,336,336,336,336,0
2022-09-23 14:10:00,336,336,336,336,200
2022-09-23 14:11:00,344,344,344,344,100
2022-09-23 14:12:00,344,344,344,344,0
2022-09-23 14:13:00,344,344,344,344,0
2022-09-23 14:14:00,344,344,344,344,0
2022-09-23 14:15:00,342,340,342,340,21500
2022-09-23 14:16:00,342,340,342,340,0
2022-09-23 14:17:00,342,340,342,340,0
2022-09-23 14:18:00,344,344,344,344,0
2022-09-23 14:19:00,344,344,344,344,0
2022-09-23 14:20:00,344,344,344,344,800
2022-09-23 14:21:00,344,344,344,344,0
2022-09-23 14:22:00,344,344,344,344,0
2022-09-23 14:23:00,344,344,344,344,0
2022-09-23 14:24:00,344,344,344,344,2000
2022-09-23 14:25:00,344,344,344,344,0
2022-09-23 14:26:00,344,344,344,344,0
2022-09-23 14:27:00,344,344,344,344,5600
2022-09-23 14:28:00,348,346,348,346,0
2022-09-23 14:29:00,348,346,348,346,0
2022-09-23 14:30:00,348,346,348,346,0
2022-09-23 14:31:00,348,348,354,354,500
2022-09-23 14:32:00,348,348,354,354,0
2022-09-23 14:33:00,354,354,354,354,2300
2022-09-23 14:34:00,354,354,354,354,1000
2022-09-23 14:35:00,354,354,354,354,0
2022-09-23 14:36:00,354,354,354,354,0
2022-09-23 14:37:00,354,354,354,354,0
2022-09-23 14:38:00,352,352,352,352,1500
2022-09-23 14:39:00,350,350,350,350,9500
2022-09-23 14:40:00,350,350,350,350,0
2022-09-23 14:41:00,350,350,350,350,0
2022-09-23 14:42:00,350,350,350,350,500
2022-09-23 14:43:00,350,350,350,350,900
2022-09-23 14:44:00,350,350,350,350,0
2022-09-23 14:45:00,350,350,350,350,0
2022-09-23 14:46:00,350,350,350,350,0
2022-09-23 14:47:00,350,350,350,350,0
2022-09-23 14:48:00,348,348,348,348,900
2022-09-23 14:49:00,348,348,348,348,5400
2022-09-23 14:50:00,348,348,348,348,0
2022-09-23 14:51:00,348,348,348,348,0
2022-09-23 14:52:00,348,348,348,348,0
2022-09-23 14:53:00,348,348,348,348,0
2022-09-23 14:54:00,348,348,348,348,0
2022-09-23 14:55:00,348,348,348,348,0
2022-09-23 14:56:00,348,348,348,348,0
2022-09-23 14:57:00,348,348,348,348,0
2022-09-23 14:58:00,348,348,348,348,0
2022-09-23 14:59:00,348,348,348,348,0
2022-09-23 15:00:00,348,348,348,348,9400
2022-09-23 15:01:00,348,348,348,348,5000
2022-09-23 15:02:00,348,348,348,348,0
2022-09-23 15:03:00,348,348,348,348,0
2022-09-23 15:04:00,348,348,348,348,0
2022-09-23 15:05:00,348,348,348,348,0
2022-09-23 15:06:00,348,348,348,348,0
2022-09-23 15:07:00,348,348,348,348,0
2022-09-23 15:08:00,348,348,348,348,0
2022-09-23 15:09:00,348,348,348,348,100
2022-09-23 15:10:00,348,348,348,348,0
2022-09-23 15:11:00,348,348,348,348,0
2022-09-23 15:12:00,348,348,348,348,0
2022-09-23 15:13:00,348,348,348,348,0
2022-09-23 15:14:00,348,348,348,348,0
2022-09-23 15:15:00,348,348,348,348,0
2022-09-23 15:16:00,348,348,348,348,0
2022-09-23 15:17:00,348,348,348,348,0
2022-09-23 15:18:00,348,348,348,348,0
2022-09-23 15:19:00,348,348,348,348,0
2022-09-23 15:20:00,348,348,348,348,0
2022-09-23 15:21:00,348,348,348,348,0
2022-09-23 15:22:00,348,348,348,348,0
2022-09-23 15:23:00,348,348,348,348,0
2022-09-23 15:24:00,348,348,348,348,0
2022-09-23 15:25:00,348,348,348,348,0
2022-09-23 15:26:00,348,348,348,348,0
2022-09-23 15:27:00,348,348,348,348,0
2022-09-23 15:28:00,348,348,348,348,0
2022-09-23 15:29:00,348,348,348,348,0
2022-09-23 15:30:00,348,348,348,348,0
2022-09-23 15:31:00,348,348,348,348,0
2022-09-23 15:32:00,348,348,348,348,0
2022-09-23 15:33:00,348,348,348,348,0
2022-09-23 15:34:00,348,348,348,348,0
2022-09-23 15:35:00,348,348,348,348,0
2022-09-23 15:36:00,348,348,348,348,0
2022-09-23 15:37:00,348,348,348,348,0
2022-09-23 15:38:00,348,348,348,348,0
2022-09-23 15:39:00,348,348,348,348,0
2022-09-23 15:40:00,348,348,348,348,0
2022-09-23 15:41:00,348,348,348,348,0
2022-09-23 15:42:00,348,348,348,348,0
2022-09-23 15:43:00,348,348,348,348,0
2022-09-23 15:44:00,348,348,348,348,0
2022-09-23 15:45:00,348,348,348,348,0
2022-09-23 15:46:00,348,348,348,348,0
2022-09-23 15:47:00,348,348,348,348,0
2022-09-23 15:48:00,348,348,348,348,0
2022-09-23 15:49:00,348,348,348,348,0
2022-09-23 15:50:00,348,348,348,348,0
2022-09-23 15:51:00,348,348,348,348,0
2022-09-23 15:52:00,348,348,348,348,0
2022-09-23 15:53:00,348,348,348,348,0
2022-09-23 15:54:00,348,348,348,348,0
2022-09-23 15:55:00,348,348,348,348,0
2022-09-23 15:56:00,348,348,348,348,0
2022-09-23 15:57:00,348,348,348,348,0
2022-09-23 15:58:00,348,348,348,348,0
2022-09-23 15:59:00,348,348,348,348,0
2022-09-26 09:00:00,354,354,354,354,0
2022-09-26 09:01:00,354,354,354,354,0
2022-09-26 09:02:00,356,356,356,356,800
2022-09-26 09:03:00,356,356,356,356,1700
2022-09-26 09:04:00,358,358,358,358,500
2022-09-26 09:05:00,358,358,358,358,500
2022-09-26 09:06:00,356,356,356,356,500
2022-09-26 09:07:00,358,354,366,354,7000
2022-09-26 09:08:00,360,360,360,360,3700
2022-09-26 09:09:00,354,354,354,354,4200
2022-09-26 09:10:00,350,350,366,366,9600
2022-09-26 09:11:00,350,350,366,366,0
2022-09-26 09:12:00,350,350,366,366,0
2022-09-26 09:13:00,352,352,352,352,6600
2022-09-26 09:14:00,352,352,352,352,2500
2022-09-26 09:15:00,352,352,352,352,0
2022-09-26 09:16:00,352,352,352,352,0
2022-09-26 09:17:00,350,350,350,350,13100
2022-09-26 09:18:00,350,350,350,350,4800
2022-09-26 09:19:00,350,350,350,350,0
2022-09-26 09:20:00,348,348,348,348,4500
2022-09-26 09:21:00,348,348,348,348,0
2022-09-26 09:22:00,348,348,348,348,0
2022-09-26 09:23:00,348,348,348,348,0
2022-09-26 09:24:00,348,348,348,348,0
2022-09-26 09:25:00,348,348,348,348,1400
2022-09-26 09:26:00,348,348,348,348,500
2022-09-26 09:27:00,348,348,348,348,0
2022-09-26 09:28:00,348,348,348,348,0
2022-09-26 09:29:00,348,348,348,348,0
2022-09-26 09:30:00,348,348,362,362,600
2022-09-26 09:31:00,362,362,362,362,700
2022-09-26 09:32:00,360,360,360,360,200
2022-09-26 09:33:00,360,360,360,360,0
2022-09-26 09:34:00,360,360,360,360,0
2022-09-26 09:35:00,360,360,360,360,0
2022-09-26 09:36:00,360,360,360,360,0
2022-09-26 09:37:00,360,360,360,360,0
2022-09-26 09:38:00,360,360,360,360,0
2022-09-26 09:39:00,360,360,360,360,0
2022-09-26 09:40:00,360,360,360,360,0
2022-09-26 09:41:00,360,360,360,360,0
2022-09-26 09:42:00,360,360,360,360,0
2022-09-26 09:43:00,360,360,360,360,0
2022-09-26 09:44:00,360,360,360,360,0
2022-09-26 09:45:00,360,360,360,360,0
2022-09-26 09:46:00,360,360,360,360,0
2022-09-26 09:47:00,360,360,360,360,0
2022-09-26 09:48:00,360,360,360,360,0
2022-09-26 09:49:00,360,360,360,360,0
2022-09-26 09:50:00,350,350,350,350,1000
2022-09-26 09:51:00,350,350,350,350,0
2022-09-26 09:52:00,350,350,350,350,1100
2022-09-26 09:53:00,350,350,350,350,0
2022-09-26 09:54:00,350,350,350,350,0
2022-09-26 09:55:00,348,344,348,344,28700
2022-09-26 09:56:00,344,344,344,344,0
2022-09-26 09:57:00,344,344,344,344,0
2022-09-26 09:58:00,344,344,344,344,4800
2022-09-26 09:59:00,344,344,344,344,0
2022-09-26 10:00:00,344,344,344,344,0
2022-09-26 10:01:00,344,344,344,344,0
2022-09-26 10:02:00,344,344,344,344,0
2022-09-26 10:03:00,344,344,344,344,0
2022-09-26 10:04:00,344,344,344,344,0
2022-09-26 10:05:00,344,344,344,344,0
2022-09-26 10:06:00,344,344,344,344,0
2022-09-26 10:07:00,344,344,344,344,0
2022-09-26 10:08:00,344,344,344,344,0
2022-09-26 10:09:00,344,344,344,344,0
2022-09-26 10:10:00,344,344,344,344,0
2022-09-26 10:11:00,344,344,344,344,2600
2022-09-26 10:12:00,344,344,344,344,0
2022-09-26 10:13:00,344,344,344,344,700
2022-09-26 10:14:00,344,344,344,344,1000
2022-09-26 10:15:00,344,344,344,344,0
2022-09-26 10:16:00,342,342,342,342,6300
2022-09-26 10:17:00,342,342,342,342,0
2022-09-26 10:18:00,342,342,342,342,0
2022-09-26 10:19:00,342,342,342,342,0
2022-09-26 10:20:00,342,342,342,342,0
2022-09-26 10:21:00,344,344,344,344,500
2022-09-26 10:22:00,344,344,344,344,0
2022-09-26 10:23:00,344,344,344,344,0
2022-09-26 10:24:00,344,344,344,344,0
2022-09-26 10:25:00,344,344,344,344,0
2022-09-26 10:26:00,344,344,344,344,0
2022-09-26 10:27:00,344,344,344,344,0
2022-09-26 10:28:00,344,344,344,344,0
2022-09-26 10:29:00,344,344,344,344,0
2022-09-26 10:30:00,344,344,344,344,0
2022-09-26 10:31:00,344,344,344,344,0
2022-09-26 10:32:00,344,344,344,344,0
2022-09-26 10:33:00,340,340,340,340,2800
2022-09-26 10:34:00,340,340,340,340,7100
2022-09-26 10:35:00,338,338,338,338,10800
2022-09-26 10:36:00,338,338,338,338,2600
2022-09-26 10:37:00,338,338,338,338,0
2022-09-26 10:38:00,338,330,338,330,33300
2022-09-26 10:39:00,330,324,330,324,31200
2022-09-26 10:40:00,324,324,324,324,11700
2022-09-26 10:41:00,324,324,324,324,15200
2022-09-26 10:42:00,324,324,324,324,28400
2022-09-26 10:43:00,324,324,324,324,0
2022-09-26 10:44:00,326,324,326,324,63800
2022-09-26 10:45:00,324,324,324,324,0
2022-09-26 10:46:00,324,324,324,324,20100
2022-09-26 10:47:00,324,324,324,324,300
2022-09-26 10:48:00,324,324,324,324,0
2022-09-26 10:49:00,324,324,324,324,0
2022-09-26 10:50:00,324,324,324,324,0
2022-09-26 10:51:00,324,324,324,324,200
2022-09-26 10:52:00,324,324,324,324,1900
2022-09-26 10:53:00,324,324,324,324,1000
2022-09-26 10:54:00,324,324,324,324,10000
2022-09-26 10:55:00,324,324,324,324,0
2022-09-26 10:56:00,324,324,324,324,0
2022-09-26 10:57:00,324,324,324,324,0
2022-09-26 10:58:00,324,324,324,324,0
2022-09-26 10:59:00,324,324,324,324,200
2022-09-26 11:00:00,324,324,324,324,0
2022-09-26 11:01:00,324,324,324,324,0
2022-09-26 11:02:00,324,324,324,324,0
2022-09-26 11:03:00,324,324,324,324,49900
2022-09-26 11:04:00,324,324,324,324,0
2022-09-26 11:05:00,324,324,324,324,500
2022-09-26 11:06:00,324,324,324,324,0
2022-09-26 11:07:00,324,324,324,324,0
2022-09-26 11:08:00,324,324,324,324,0
2022-09-26 11:09:00,324,324,324,324,0
2022-09-26 11:10:00,324,324,324,324,0
2022-09-26 11:11:00,324,324,324,324,0
2022-09-26 11:12:00,324,324,324,324,2500
2022-09-26 11:13:00,324,324,324,324,0
2022-09-26 11:14:00,324,324,324,324,0
2022-09-26 11:15:00,324,324,324,324,0
2022-09-26 11:16:00,324,324,324,324,0
2022-09-26 11:17:00,324,324,324,324,0
2022-09-26 11:18:00,324,324,324,324,0
2022-09-26 11:19:00,324,324,324,324,0
2022-09-26 11:20:00,324,324,324,324,0
2022-09-26 11:21:00,324,324,324,324,4000
2022-09-26 11:22:00,324,324,324,324,1300
2022-09-26 11:23:00,324,324,324,324,0
2022-09-26 11:24:00,324,324,324,324,0
2022-09-26 11:25:00,324,324,324,324,0
2022-09-26 11:26:00,324,324,324,324,2800
2022-09-26 11:27:00,324,324,324,324,2000
2022-09-26 11:28:00,324,324,324,324,0
2022-09-26 11:29:00,324,324,324,324,0
2022-09-26 11:30:00,324,324,324,324,0
2022-09-26 11:31:00,324,324,324,324,0
2022-09-26 11:32:00,324,324,324,324,0
2022-09-26 11:33:00,324,324,324,324,0
2022-09-26 11:34:00,324,324,324,324,0
2022-09-26 11:35:00,324,324,324,324,0
2022-09-26 11:36:00,324,324,324,324,0
2022-09-26 11:37:00,324,324,324,324,0
2022-09-26 11:38:00,324,324,324,324,0
2022-09-26 11:39:00,324,324,324,324,0
2022-09-26 11:40:00,324,324,324,324,0
2022-09-26 11:41:00,324,324,324,324,0
2022-09-26 11:42:00,324,324,324,324,0
2022-09-26 11:43:00,324,324,324,324,0
2022-09-26 11:44:00,324,324,324,324,0
2022-09-26 11:45:00,324,324,324,324,0
2022-09-26 11:46:00,324,324,324,324,0
2022-09-26 11:47:00,324,324,324,324,0
2022-09-26 11:48:00,324,324,324,324,0
2022-09-26 11:49:00,324,324,324,324,0
2022-09-26 11:50:00,324,324,324,324,0
2022-09-26 11:51:00,324,324,324,324,0
2022-09-26 11:52:00,324,324,324,324,0
2022-09-26 11:53:00,324,324,324,324,0
2022-09-26 11:54:00,324,324,324,324,0
2022-09-26 11:55:00,324,324,324,324,0
2022-09-26 11:56:00,324,324,324,324,0
2022-09-26 11:57:00,324,324,324,324,0
2022-09-26 11:58:00,324,324,324,324,0
2022-09-26 11:59:00,324,324,324,324,0
2022-09-26 12:00:00,324,324,324,324,0
2022-09-26 12:01:00,324,324,324,324,0
2022-09-26 12:02:00,324,324,324,324,0
2022-09-26 12:03:00,324,324,324,324,0
2022-09-26 12:04:00,324,324,324,324,0
2022-09-26 12:05:00,324,324,324,324,0
2022-09-26 12:06:00,324,324,324,324,0
2022-09-26 12:07:00,324,324,324,324,0
2022-09-26 12:08:00,324,324,324,324,0
2022-09-26 12:09:00,324,324,324,324,0
2022-09-26 12:10:00,324,324,324,324,0
2022-09-26 12:11:00,324,324,324,324,0
2022-09-26 12:12:00,324,324,324,324,0
2022-09-26 12:13:00,324,324,324,324,0
2022-09-26 12:14:00,324,324,324,324,0
2022-09-26 12:15:00,324,324,324,324,0
2022-09-26 12:16:00,324,324,324,324,0
2022-09-26 12:17:00,324,324,324,324,0
2022-09-26 12:18:00,324,324,324,324,0
2022-09-26 12:19:00,324,324,324,324,0
2022-09-26 12:20:00,324,324,324,324,0
2022-09-26 12:21:00,324,324,324,324,0
2022-09-26 12:22:00,324,324,324,324,0
2022-09-26 12:23:00,324,324,324,324,0
2022-09-26 12:24:00,324,324,324,324,0
2022-09-26 12:25:00,324,324,324,324,0
2022-09-26 12:26:00,324,324,324,324,0
2022-09-26 12:27:00,324,324,324,324,0
2022-09-26 12:28:00,324,324,324,324,0
2022-09-26 12:29:00,324,324,324,324,0
2022-09-26 12:30:00,324,324,324,324,0
2022-09-26 12:31:00,324,324,324,324,0
2022-09-26 12:32:00,324,324,324,324,0
2022-09-26 12:33:00,324,324,324,324,0
2022-09-26 12:34:00,324,324,324,324,0
2022-09-26 12:35:00,324,324,324,324,0
2022-09-26 12:36:00,324,324,324,324,0
2022-09-26 12:37:00,324,324,324,324,0
2022-09-26 12:38:00,324,324,324,324,0
2022-09-26 12:39:00,324,324,324,324,0
2022-09-26 12:40:00,324,324,324,324,0
2022-09-26 12:41:00,324,324,324,324,0
2022-09-26 12:42:00,324,324,324,324,0
2022-09-26 12:43:00,324,324,324,324,0
2022-09-26 12:44:00,324,324,324,324,0
2022-09-26 12:45:00,324,324,324,324,0
2022-09-26 12:46:00,324,324,324,324,0
2022-09-26 12:47:00,324,324,324,324,0
2022-09-26 12:48:00,324,324,324,324,0
2022-09-26 12:49:00,324,324,324,324,0
2022-09-26 12:50:00,324,324,324,324,0
2022-09-26 12:51:00,324,324,324,324,0
2022-09-26 12:52:00,324,324,324,324,0
2022-09-26 12:53:00,324,324,324,324,0
2022-09-26 12:54:00,324,324,324,324,0
2022-09-26 12:55:00,324,324,324,324,0
2022-09-26 12:56:00,324,324,324,324,0
2022-09-26 12:57:00,324,324,324,324,0
2022-09-26 12:58:00,324,324,324,324,0
2022-09-26 12:59:00,324,324,324,324,0
2022-09-26 13:00:00,324,324,324,324,0
2022-09-26 13:01:00,324,324,324,324,0
2022-09-26 13:02:00,324,324,324,324,0
2022-09-26 13:03:00,324,324,324,324,0
2022-09-26 13:04:00,324,324,324,324,0
2022-09-26 13:05:00,324,324,324,324,0
2022-09-26 13:06:00,324,324,324,324,0
2022-09-26 13:07:00,324,324,324,324,0
2022-09-26 13:08:00,324,324,324,324,0
2022-09-26 13:09:00,324,324,324,324,0
2022-09-26 13:10:00,324,324,324,324,0
2022-09-26 13:11:00,324,324,324,324,0
2022-09-26 13:12:00,324,324,324,324,0
2022-09-26 13:13:00,324,324,324,324,0
2022-09-26 13:14:00,324,324,324,324,0
2022-09-26 13:15:00,324,324,324,324,0
2022-09-26 13:16:00,324,324,324,324,0
2022-09-26 13:17:00,324,324,324,324,0
2022-09-26 13:18:00,324,324,324,324,0
2022-09-26 13:19:00,324,324,324,324,0
2022-09-26 13:20:00,324,324,324,324,0
2022-09-26 13:21:00,324,324,324,324,0
2022-09-26 13:22:00,324,324,324,324,0
2022-09-26 13:23:00,324,324,324,324,0
2022-09-26 13:24:00,324,324,324,324,0
2022-09-26 13:25:00,324,324,324,324,0
2022-09-26 13:26:00,324,324,324,324,0
2022-09-26 13:27:00,324,324,324,324,0
2022-09-26 13:28:00,324,324,324,324,0
2022-09-26 13:29:00,324,324,324,324,0
2022-09-26 13:30:00,324,324,324,324,1300
2022-09-26 13:31:00,324,324,324,324,0
2022-09-26 13:32:00,324,324,324,324,0
2022-09-26 13:33:00,324,324,324,324,0
2022-09-26 13:34:00,324,324,324,324,0
2022-09-26 13:35:00,324,324,324,324,0
2022-09-26 13:36:00,324,324,324,324,0
2022-09-26 13:37:00,324,324,324,324,0
2022-09-26 13:38:00,324,324,324,324,0
2022-09-26 13:39:00,324,324,324,324,0
2022-09-26 13:40:00,324,324,324,324,0
2022-09-26 13:41:00,324,324,324,324,0
2022-09-26 13:42:00,324,324,324,324,0
2022-09-26 13:43:00,324,324,324,324,0
2022-09-26 13:44:00,324,324,324,324,0
2022-09-26 13:45:00,324,324,324,324,0
2022-09-26 13:46:00,324,324,324,324,0
2022-09-26 13:47:00,324,324,324,324,409600
2022-09-26 13:48:00,324,324,324,324,0
2022-09-26 13:49:00,324,324,324,324,0
2022-09-26 13:50:00,324,324,324,324,0
2022-09-26 13:51:00,324,324,324,324,3000
2022-09-26 13:52:00,324,324,324,324,0
2022-09-26 13:53:00,324,324,324,324,0
2022-09-26 13:54:00,324,324,324,324,0
2022-09-26 13:55:00,324,324,324,324,800
2022-09-26 13:56:00,324,324,324,324,0
2022-09-26 13:57:00,324,324,324,324,0
2022-09-26 13:58:00,324,324,324,324,0
2022-09-26 13:59:00,324,324,324,324,0
2022-09-26 14:00:00,324,324,324,324,0
2022-09-26 14:01:00,324,324,324,324,0
2022-09-26 14:02:00,324,324,324,324,0
2022-09-26 14:03:00,324,324,324,324,0
2022-09-26 14:04:00,324,324,324,324,0
2022-09-26 14:05:00,324,324,324,324,0
2022-09-26 14:06:00,324,324,324,324,0
2022-09-26 14:07:00,324,324,324,324,0
2022-09-26 14:08:00,324,324,324,324,0
2022-09-26 14:09:00,324,324,324,324,0
2022-09-26 14:10:00,324,324,324,324,0
2022-09-26 14:11:00,324,324,324,324,0
2022-09-26 14:12:00,324,324,324,324,0
2022-09-26 14:13:00,324,324,324,324,0
2022-09-26 14:14:00,324,324,324,324,0
2022-09-26 14:15:00,324,324,324,324,0
2022-09-26 14:16:00,324,324,324,324,0
2022-09-26 14:17:00,324,324,324,324,0
2022-09-26 14:18:00,324,324,324,324,0
2022-09-26 14:19:00,324,324,324,324,0
2022-09-26 14:20:00,324,324,324,324,0
2022-09-26 14:21:00,324,324,324,324,0
2022-09-26 14:22:00,324,324,324,324,0
2022-09-26 14:23:00,324,324,324,324,0
2022-09-26 14:24:00,324,324,324,324,0
2022-09-26 14:25:00,324,324,324,324,0
2022-09-26 14:26:00,324,324,324,324,0
2022-09-26 14:27:00,324,324,324,324,0
2022-09-26 14:28:00,324,324,324,324,0
2022-09-26 14:29:00,324,324,324,324,900
2022-09-26 14:30:00,324,324,324,324,0
2022-09-26 14:31:00,324,324,324,324,0
2022-09-26 14:32:00,324,324,324,324,0
2022-09-26 14:33:00,324,324,324,324,0
2022-09-26 14:34:00,324,324,324,324,0
2022-09-26 14:35:00,324,324,324,324,0
2022-09-26 14:36:00,324,324,324,324,0
2022-09-26 14:37:00,324,324,324,324,0
2022-09-26 14:38:00,324,324,324,324,0
2022-09-26 14:39:00,324,324,324,324,0
2022-09-26 14:40:00,324,324,324,324,0
2022-09-26 14:41:00,324,324,324,324,0
2022-09-26 14:42:00,324,324,324,324,70200
2022-09-26 14:43:00,324,324,324,324,0
2022-09-26 14:44:00,324,324,324,324,50100
2022-09-26 14:45:00,324,324,324,324,0
2022-09-26 14:46:00,324,324,324,324,0
2022-09-26 14:47:00,324,324,324,324,47900
2022-09-26 14:48:00,324,324,324,324,0
2022-09-26 14:49:00,332,332,332,332,100
2022-09-26 14:50:00,332,332,332,332,0
2022-09-26 14:51:00,332,332,332,332,0
2022-09-26 14:52:00,332,332,332,332,0
2022-09-26 14:53:00,332,332,332,332,0
2022-09-26 14:54:00,332,332,332,332,0
2022-09-26 14:55:00,332,332,332,332,0
2022-09-26 14:56:00,332,332,332,332,0
2022-09-26 14:57:00,332,332,332,332,0
2022-09-26 14:58:00,332,332,332,332,0
2022-09-26 14:59:00,332,332,332,332,0
2022-09-26 15:00:00,324,324,324,324,20000
2022-09-26 15:01:00,324,324,324,324,0
2022-09-26 15:02:00,324,324,324,324,0
2022-09-26 15:03:00,324,324,324,324,0
2022-09-26 15:04:00,324,324,324,324,0
2022-09-26 15:05:00,324,324,324,324,0
2022-09-26 15:06:00,324,324,324,324,0
2022-09-26 15:07:00,324,324,324,324,602400
2022-09-26 15:08:00,324,324,324,324,0
2022-09-26 15:09:00,324,324,324,324,0
2022-09-26 15:10:00,324,324,324,324,0
2022-09-26 15:11:00,324,324,324,324,0
2022-09-26 15:12:00,324,324,324,324,0
2022-09-26 15:13:00,324,324,324,324,0
2022-09-26 15:14:00,324,324,324,324,0
2022-09-26 15:15:00,324,324,324,324,0
2022-09-26 15:16:00,324,324,324,324,0
2022-09-26 15:17:00,324,324,324,324,0
2022-09-26 15:18:00,324,324,324,324,0
2022-09-26 15:19:00,324,324,324,324,0
2022-09-26 15:20:00,324,324,324,324,0
2022-09-26 15:21:00,324,324,324,324,0
2022-09-26 15:22:00,324,324,324,324,0
2022-09-26 15:23:00,324,324,324,324,0
2022-09-26 15:24:00,324,324,324,324,0
2022-09-26 15:25:00,324,324,324,324,0
2022-09-26 15:26:00,324,324,324,324,0
2022-09-26 15:27:00,324,324,324,324,0
2022-09-26 15:28:00,324,324,324,324,0
2022-09-26 15:29:00,324,324,324,324,0
2022-09-26 15:30:00,324,324,324,324,0
2022-09-26 15:31:00,324,324,324,324,0
2022-09-26 15:32:00,324,324,324,324,0
2022-09-26 15:33:00,324,324,324,324,0
2022-09-26 15:34:00,324,324,324,324,0
2022-09-26 15:35:00,324,324,324,324,0
2022-09-26 15:36:00,324,324,324,324,0
2022-09-26 15:37:00,324,324,324,324,0
2022-09-26 15:38:00,324,324,324,324,0
2022-09-26 15:39:00,324,324,324,324,0
2022-09-26 15:40:00,324,324,324,324,0
2022-09-26 15:41:00,324,324,324,324,0
2022-09-26 15:42:00,324,324,324,324,0
2022-09-26 15:43:00,324,324,324,324,0
2022-09-26 15:44:00,324,324,324,324,0
2022-09-26 15:45:00,324,324,324,324,0
2022-09-26 15:46:00,324,324,324,324,0
2022-09-26 15:47:00,324,324,324,324,0
2022-09-26 15:48:00,324,324,324,324,0
2022-09-26 15:49:00,324,324,324,324,0
2022-09-26 15:50:00,324,324,324,324,0
2022-09-26 15:51:00,324,324,324,324,0
2022-09-26 15:52:00,324,324,324,324,0
2022-09-26 15:53:00,324,324,324,324,0
2022-09-26 15:54:00,324,324,324,324,0
2022-09-26 15:55:00,324,324,324,324,0
2022-09-26 15:56:00,324,324,324,324,0
2022-09-26 15:57:00,324,324,324,324,0
2022-09-26 15:58:00,324,324,324,324,0
2022-09-26 15:59:00,324,324,324,324,0
2022-09-27 09:00:00,324,322,324,322,0
2022-09-27 09:01:00,324,322,324,322,0
2022-09-27 09:02:00,324,322,324,322,0
2022-09-27 09:03:00,324,322,324,322,0
2022-09-27 09:04:00,306,306,306,306,200
2022-09-27 09:05:00,308,308,308,308,500
2022-09-27 09:06:00,308,306,308,306,50800
2022-09-27 09:07:00,302,302,302,302,5700
2022-09-27 09:08:00,302,302,302,302,10600
2022-09-27 09:09:00,302,302,302,302,0
2022-09-27 09:10:00,302,302,302,302,0
2022-09-27 09:11:00,302,302,302,302,0
2022-09-27 09:12:00,302,302,302,302,0
2022-09-27 09:13:00,302,302,302,302,200
2022-09-27 09:14:00,302,302,302,302,0
2022-09-27 09:15:00,302,302,302,302,7000
2022-09-27 09:16:00,302,302,302,302,0
2022-09-27 09:17:00,302,302,302,302,0
2022-09-27 09:18:00,302,302,302,302,1200
2022-09-27 09:19:00,302,302,302,302,0
2022-09-27 09:20:00,302,302,302,302,0
2022-09-27 09:21:00,302,302,302,302,0
2022-09-27 09:22:00,302,302,302,302,2000
2022-09-27 09:23:00,302,302,302,302,0
2022-09-27 09:24:00,302,302,302,302,0
2022-09-27 09:25:00,302,302,302,302,0
2022-09-27 09:26:00,302,302,302,302,0
2022-09-27 09:27:00,302,302,302,302,0
2022-09-27 09:28:00,302,302,302,302,0
2022-09-27 09:29:00,302,302,302,302,20200
2022-09-27 09:30:00,302,302,302,302,1100
2022-09-27 09:31:00,302,302,302,302,0
2022-09-27 09:32:00,302,302,302,302,0
2022-09-27 09:33:00,302,302,302,302,0
2022-09-27 09:34:00,302,302,302,302,0
2022-09-27 09:35:00,302,302,302,302,0
2022-09-27 09:36:00,302,302,302,302,0
2022-09-27 09:37:00,302,302,302,302,0
2022-09-27 09:38:00,302,302,302,302,0
2022-09-27 09:39:00,302,302,302,302,0
2022-09-27 09:40:00,302,302,302,302,1000
2022-09-27 09:41:00,302,302,302,302,0
2022-09-27 09:42:00,302,302,306,306,23300
2022-09-27 09:43:00,302,302,306,306,0
2022-09-27 09:44:00,302,302,306,306,0
2022-09-27 09:45:00,302,302,306,306,0
2022-09-27 09:46:00,302,302,306,306,0
2022-09-27 09:47:00,302,302,306,306,0
2022-09-27 09:48:00,302,302,306,306,0
2022-09-27 09:49:00,302,302,306,306,0
2022-09-27 09:50:00,302,302,306,306,0
2022-09-27 09:51:00,302,302,306,306,0
2022-09-27 09:52:00,302,302,302,302,6800
2022-09-27 09:53:00,302,302,302,302,0
2022-09-27 09:54:00,302,302,302,302,0
2022-09-27 09:55:00,302,302,302,302,0
2022-09-27 09:56:00,302,302,302,302,0
2022-09-27 09:57:00,302,302,302,302,0
2022-09-27 09:58:00,302,302,302,302,0
2022-09-27 09:59:00,302,302,302,302,0
2022-09-27 10:00:00,302,302,302,302,0
2022-09-27 10:01:00,302,302,302,302,0
2022-09-27 10:02:00,302,302,302,302,0
2022-09-27 10:03:00,302,302,302,302,0
2022-09-27 10:04:00,302,302,302,302,0
2022-09-27 10:05:00,302,302,302,302,0
2022-09-27 10:06:00,302,302,302,302,0
2022-09-27 10:07:00,302,302,302,302,0
2022-09-27 10:08:00,302,302,302,302,0
2022-09-27 10:09:00,302,302,302,302,0
2022-09-27 10:10:00,302,302,302,302,0
2022-09-27 10:11:00,302,302,302,302,0
2022-09-27 10:12:00,302,302,302,302,0
2022-09-27 10:13:00,302,302,302,302,0
2022-09-27 10:14:00,302,302,302,302,6000
2022-09-27 10:15:00,302,302,302,302,0
2022-09-27 10:16:00,302,302,302,302,0
2022-09-27 10:17:00,302,302,302,302,0
2022-09-27 10:18:00,302,302,302,302,0
2022-09-27 10:19:00,302,302,302,302,0
2022-09-27 10:20:00,302,302,302,302,0
2022-09-27 10:21:00,302,302,302,302,0
2022-09-27 10:22:00,302,302,302,302,0
2022-09-27 10:23:00,302,302,302,302,0
2022-09-27 10:24:00,302,302,302,302,0
2022-09-27 10:25:00,302,302,302,302,0
2022-09-27 10:26:00,302,302,302,302,0
2022-09-27 10:27:00,302,302,302,302,0
2022-09-27 10:28:00,302,302,302,302,10100
2022-09-27 10:29:00,302,302,302,302,0
2022-09-27 10:30:00,302,302,302,302,0
2022-09-27 10:31:00,302,302,302,302,0
2022-09-27 10:32:00,302,302,302,302,0
2022-09-27 10:33:00,302,302,302,302,0
2022-09-27 10:34:00,302,302,302,302,0
2022-09-27 10:35:00,302,302,302,302,0
2022-09-27 10:36:00,302,302,302,302,0
2022-09-27 10:37:00,302,302,302,302,0
2022-09-27 10:38:00,302,302,302,302,0
2022-09-27 10:39:00,302,302,302,302,0
2022-09-27 10:40:00,302,302,302,302,0
2022-09-27 10:41:00,302,302,302,302,0
2022-09-27 10:42:00,302,302,302,302,0
2022-09-27 10:43:00,302,302,302,302,0
2022-09-27 10:44:00,302,302,302,302,0
2022-09-27 10:45:00,302,302,302,302,0
2022-09-27 10:46:00,302,302,302,302,0
2022-09-27 10:47:00,302,302,302,302,0
2022-09-27 10:48:00,302,302,302,302,0
2022-09-27 10:49:00,302,302,302,302,0
2022-09-27 10:50:00,302,302,302,302,0
2022-09-27 10:51:00,302,302,302,302,0
2022-09-27 10:52:00,302,302,302,302,0
2022-09-27 10:53:00,302,302,302,302,0
2022-09-27 10:54:00,302,302,302,302,0
2022-09-27 10:55:00,302,302,302,302,0
2022-09-27 10:56:00,302,302,302,302,0
2022-09-27 10:57:00,302,302,302,302,0
2022-09-27 10:58:00,302,302,302,302,0
2022-09-27 10:59:00,302,302,302,302,0
2022-09-27 11:00:00,302,302,302,302,0
2022-09-27 11:01:00,302,302,302,302,0
2022-09-27 11:02:00,302,302,302,302,0
2022-09-27 11:03:00,302,302,302,302,0
2022-09-27 11:04:00,302,302,302,302,0
2022-09-27 11:05:00,302,302,302,302,0
2022-09-27 11:06:00,302,302,302,302,0
2022-09-27 11:07:00,302,302,302,302,0
2022-09-27 11:08:00,302,302,302,302,0
2022-09-27 11:09:00,302,302,302,302,0
2022-09-27 11:10:00,302,302,302,302,0
2022-09-27 11:11:00,302,302,302,302,0
2022-09-27 11:12:00,302,302,302,302,0
2022-09-27 11:13:00,302,302,302,302,0
2022-09-27 11:14:00,302,302,302,302,0
2022-09-27 11:15:00,302,302,302,302,0
2022-09-27 11:16:00,302,302,302,302,300
2022-09-27 11:17:00,302,302,302,302,0
2022-09-27 11:18:00,302,302,302,302,0
2022-09-27 11:19:00,302,302,302,302,0
2022-09-27 11:20:00,302,302,302,302,0
2022-09-27 11:21:00,302,302,302,302,0
2022-09-27 11:22:00,302,302,302,302,0
2022-09-27 11:23:00,302,302,302,302,0
2022-09-27 11:24:00,302,302,302,302,0
2022-09-27 11:25:00,302,302,302,302,0
2022-09-27 11:26:00,302,302,302,302,0
2022-09-27 11:27:00,302,302,302,302,0
2022-09-27 11:28:00,302,302,302,302,0
2022-09-27 11:29:00,302,302,302,302,0
2022-09-27 11:30:00,302,302,302,302,0
2022-09-27 11:31:00,302,302,302,302,0
2022-09-27 11:32:00,302,302,302,302,0
2022-09-27 11:33:00,302,302,302,302,0
2022-09-27 11:34:00,302,302,302,302,0
2022-09-27 11:35:00,302,302,302,302,0
2022-09-27 11:36:00,302,302,302,302,0
2022-09-27 11:37:00,302,302,302,302,0
2022-09-27 11:38:00,302,302,302,302,0
2022-09-27 11:39:00,302,302,302,302,0
2022-09-27 11:40:00,302,302,302,302,0
2022-09-27 11:41:00,302,302,302,302,0
2022-09-27 11:42:00,302,302,302,302,0
2022-09-27 11:43:00,302,302,302,302,0
2022-09-27 11:44:00,302,302,302,302,0
2022-09-27 11:45:00,302,302,302,302,0
2022-09-27 11:46:00,302,302,302,302,0
2022-09-27 11:47:00,302,302,302,302,0
2022-09-27 11:48:00,302,302,302,302,0
2022-09-27 11:49:00,302,302,302,302,0
2022-09-27 11:50:00,302,302,302,302,0
2022-09-27 11:51:00,302,302,302,302,0
2022-09-27 11:52:00,302,302,302,302,0
2022-09-27 11:53:00,302,302,302,302,0
2022-09-27 11:54:00,302,302,302,302,0
2022-09-27 11:55:00,302,302,302,302,0
2022-09-27 11:56:00,302,302,302,302,0
2022-09-27 11:57:00,302,302,302,302,0
2022-09-27 11:58:00,302,302,302,302,0
2022-09-27 11:59:00,302,302,302,302,0
2022-09-27 12:00:00,302,302,302,302,0
2022-09-27 12:01:00,302,302,302,302,0
2022-09-27 12:02:00,302,302,302,302,0
2022-09-27 12:03:00,302,302,302,302,0
2022-09-27 12:04:00,302,302,302,302,0
2022-09-27 12:05:00,302,302,302,302,0
2022-09-27 12:06:00,302,302,302,302,0
2022-09-27 12:07:00,302,302,302,302,0
2022-09-27 12:08:00,302,302,302,302,0
2022-09-27 12:09:00,302,302,302,302,0
2022-09-27 12:10:00,302,302,302,302,0
2022-09-27 12:11:00,302,302,302,302,0
2022-09-27 12:12:00,302,302,302,302,0
2022-09-27 12:13:00,302,302,302,302,0
2022-09-27 12:14:00,302,302,302,302,0
2022-09-27 12:15:00,302,302,302,302,0
2022-09-27 12:16:00,302,302,302,302,0
2022-09-27 12:17:00,302,302,302,302,0
2022-09-27 12:18:00,302,302,302,302,0
2022-09-27 12:19:00,302,302,302,302,0
2022-09-27 12:20:00,302,302,302,302,0
2022-09-27 12:21:00,302,302,302,302,0
2022-09-27 12:22:00,302,302,302,302,0
2022-09-27 12:23:00,302,302,302,302,0
2022-09-27 12:24:00,302,302,302,302,0
2022-09-27 12:25:00,302,302,302,302,0
2022-09-27 12:26:00,302,302,302,302,0
2022-09-27 12:27:00,302,302,302,302,0
2022-09-27 12:28:00,302,302,302,302,0
2022-09-27 12:29:00,302,302,302,302,0
2022-09-27 12:30:00,302,302,302,302,0
2022-09-27 12:31:00,302,302,302,302,0
2022-09-27 12:32:00,302,302,302,302,0
2022-09-27 12:33:00,302,302,302,302,0
2022-09-27 12:34:00,302,302,302,302,0
2022-09-27 12:35:00,302,302,302,302,0
2022-09-27 12:36:00,302,302,302,302,0
2022-09-27 12:37:00,302,302,302,302,0
2022-09-27 12:38:00,302,302,302,302,0
2022-09-27 12:39:00,302,302,302,302,0
2022-09-27 12:40:00,302,302,302,302,0
2022-09-27 12:41:00,302,302,302,302,0
2022-09-27 12:42:00,302,302,302,302,0
2022-09-27 12:43:00,302,302,302,302,0
2022-09-27 12:44:00,302,302,302,302,0
2022-09-27 12:45:00,302,302,302,302,0
2022-09-27 12:46:00,302,302,302,302,0
2022-09-27 12:47:00,302,302,302,302,0
2022-09-27 12:48:00,302,302,302,302,0
2022-09-27 12:49:00,302,302,302,302,0
2022-09-27 12:50:00,302,302,302,302,0
2022-09-27 12:51:00,302,302,302,302,0
2022-09-27 12:52:00,302,302,302,302,0
2022-09-27 12:53:00,302,302,302,302,0
2022-09-27 12:54:00,302,302,302,302,0
2022-09-27 12:55:00,302,302,302,302,0
2022-09-27 12:56:00,302,302,302,302,0
2022-09-27 12:57:00,302,302,302,302,0
2022-09-27 12:58:00,302,302,302,302,0
2022-09-27 12:59:00,302,302,302,302,0
2022-09-27 13:00:00,302,302,302,302,0
2022-09-27 13:01:00,302,302,302,302,0
2022-09-27 13:02:00,302,302,302,302,0
2022-09-27 13:03:00,302,302,302,302,0
2022-09-27 13:04:00,302,302,302,302,0
2022-09-27 13:05:00,302,302,302,302,0
2022-09-27 13:06:00,302,302,302,302,0
2022-09-27 13:07:00,302,302,302,302,0
2022-09-27 13:08:00,302,302,302,302,0
2022-09-27 13:09:00,302,302,302,302,0
2022-09-27 13:10:00,302,302,302,302,0
2022-09-27 13:11:00,302,302,302,302,0
2022-09-27 13:12:00,302,302,302,302,0
2022-09-27 13:13:00,302,302,302,302,0
2022-09-27 13:14:00,302,302,302,302,0
2022-09-27 13:15:00,302,302,302,302,0
2022-09-27 13:16:00,302,302,302,302,0
2022-09-27 13:17:00,302,302,302,302,0
2022-09-27 13:18:00,302,302,302,302,0
2022-09-27 13:19:00,302,302,302,302,0
2022-09-27 13:20:00,302,302,302,302,0
2022-09-27 13:21:00,302,302,302,302,0
2022-09-27 13:22:00,302,302,302,302,0
2022-09-27 13:23:00,302,302,302,302,0
2022-09-27 13:24:00,302,302,302,302,0
2022-09-27 13:25:00,302,302,302,302,0
2022-09-27 13:26:00,302,302,302,302,0
2022-09-27 13:27:00,302,302,302,302,0
2022-09-27 13:28:00,302,302,302,302,0
2022-09-27 13:29:00,302,302,302,302,0
2022-09-27 13:30:00,302,302,302,302,3000
2022-09-27 13:31:00,302,302,302,302,0
2022-09-27 13:32:00,302,302,302,302,0
2022-09-27 13:33:00,302,302,302,302,0
2022-09-27 13:34:00,302,302,302,302,0
2022-09-27 13:35:00,302,302,302,302,0
2022-09-27 13:36:00,302,302,302,302,600
2022-09-27 13:37:00,302,302,302,302,400
2022-09-27 13:38:00,302,302,302,302,0
2022-09-27 13:39:00,302,302,302,302,0
2022-09-27 13:40:00,302,302,302,302,0
2022-09-27 13:41:00,302,302,302,302,0
2022-09-27 13:42:00,302,302,302,302,0
2022-09-27 13:43:00,302,302,302,302,0
2022-09-27 13:44:00,302,302,302,302,0
2022-09-27 13:45:00,302,302,302,302,0
2022-09-27 13:46:00,302,302,302,302,300
2022-09-27 13:47:00,302,302,302,302,0
2022-09-27 13:48:00,302,302,302,302,0
2022-09-27 13:49:00,302,302,302,302,0
2022-09-27 13:50:00,302,302,302,302,0
2022-09-27 13:51:00,302,302,302,302,0
2022-09-27 13:52:00,302,302,302,302,0
2022-09-27 13:53:00,302,302,302,302,0
2022-09-27 13:54:00,302,302,302,302,0
2022-09-27 13:55:00,302,302,302,302,0
2022-09-27 13:56:00,302,302,302,302,0
2022-09-27 13:57:00,302,302,302,302,0
2022-09-27 13:58:00,302,302,302,302,0
2022-09-27 13:59:00,302,302,302,302,0
2022-09-27 14:00:00,302,302,302,302,0
2022-09-27 14:01:00,302,302,302,302,0
2022-09-27 14:02:00,302,302,302,302,0
2022-09-27 14:03:00,302,302,302,302,0
2022-09-27 14:04:00,302,302,302,302,0
2022-09-27 14:05:00,302,302,302,302,0
2022-09-27 14:06:00,302,302,302,302,0
2022-09-27 14:07:00,302,302,302,302,0
2022-09-27 14:08:00,302,302,302,302,0
2022-09-27 14:09:00,302,302,302,302,0
2022-09-27 14:10:00,302,302,302,302,0
2022-09-27 14:11:00,302,302,302,302,0
2022-09-27 14:12:00,302,302,302,302,152400
2022-09-27 14:13:00,302,302,302,302,4200
2022-09-27 14:14:00,302,302,302,302,0
2022-09-27 14:15:00,302,302,302,302,0
2022-09-27 14:16:00,302,302,302,302,0
2022-09-27 14:17:00,302,302,302,302,0
2022-09-27 14:18:00,302,302,302,302,0
2022-09-27 14:19:00,302,302,302,302,0
2022-09-27 14:20:00,302,302,302,302,0
2022-09-27 14:21:00,302,302,302,302,0
2022-09-27 14:22:00,302,302,302,302,0
2022-09-27 14:23:00,302,302,302,302,0
2022-09-27 14:24:00,302,302,302,302,0
2022-09-27 14:25:00,302,302,302,302,0
2022-09-27 14:26:00,302,302,302,302,0
2022-09-27 14:27:00,302,302,302,302,0
2022-09-27 14:28:00,302,302,302,302,0
2022-09-27 14:29:00,302,302,302,302,0
2022-09-27 14:30:00,302,302,302,302,0
2022-09-27 14:31:00,302,302,302,302,200
2022-09-27 14:32:00,302,302,302,302,0
2022-09-27 14:33:00,302,302,302,302,0
2022-09-27 14:34:00,302,302,302,302,0
2022-09-27 14:35:00,302,302,302,302,0
2022-09-27 14:36:00,302,302,302,302,9900
2022-09-27 14:37:00,302,302,302,302,0
2022-09-27 14:38:00,302,302,302,302,0
2022-09-27 14:39:00,302,302,302,302,0
2022-09-27 14:40:00,302,302,302,302,0
2022-09-27 14:41:00,302,302,302,302,0
2022-09-27 14:42:00,302,302,302,302,3800
2022-09-27 14:43:00,302,302,302,302,11000
2022-09-27 14:44:00,302,302,302,302,13100
2022-09-27 14:45:00,302,302,302,302,0
2022-09-27 14:46:00,302,302,302,302,0
2022-09-27 14:47:00,302,302,302,302,0
2022-09-27 14:48:00,302,302,302,302,0
2022-09-27 14:49:00,302,302,302,302,0
2022-09-27 14:50:00,302,302,302,302,0
2022-09-27 14:51:00,302,302,302,302,0
2022-09-27 14:52:00,302,302,302,302,0
2022-09-27 14:53:00,302,302,302,302,0
2022-09-27 14:54:00,302,302,302,302,0
2022-09-27 14:55:00,302,302,302,302,0
2022-09-27 14:56:00,302,302,302,302,0
2022-09-27 14:57:00,302,302,302,302,0
2022-09-27 14:58:00,302,302,302,302,0
2022-09-27 14:59:00,302,302,302,302,0
2022-09-27 15:00:00,302,302,302,302,0
2022-09-27 15:01:00,302,302,302,302,0
2022-09-27 15:02:00,302,302,302,302,0
2022-09-27 15:03:00,302,302,302,302,0
2022-09-27 15:04:00,302,302,302,302,0
2022-09-27 15:05:00,302,302,302,302,0
2022-09-27 15:06:00,302,302,302,302,0
2022-09-27 15:07:00,302,302,302,302,0
2022-09-27 15:08:00,302,302,302,302,0
2022-09-27 15:09:00,302,302,302,302,0
2022-09-27 15:10:00,302,302,302,302,0
2022-09-27 15:11:00,302,302,302,302,0
2022-09-27 15:12:00,302,302,302,302,0
2022-09-27 15:13:00,302,302,302,302,0
2022-09-27 15:14:00,302,302,302,302,0
2022-09-27 15:15:00,302,302,302,302,0
2022-09-27 15:16:00,302,302,302,302,0
2022-09-27 15:17:00,302,302,302,302,0
2022-09-27 15:18:00,302,302,302,302,0
2022-09-27 15:19:00,302,302,302,302,0
2022-09-27 15:20:00,302,302,302,302,0
2022-09-27 15:21:00,302,302,302,302,0
2022-09-27 15:22:00,302,302,302,302,0
2022-09-27 15:23:00,302,302,302,302,0
2022-09-27 15:24:00,302,302,302,302,0
2022-09-27 15:25:00,302,302,302,302,0
2022-09-27 15:26:00,302,302,302,302,0
2022-09-27 15:27:00,302,302,302,302,0
2022-09-27 15:28:00,302,302,302,302,0
2022-09-27 15:29:00,302,302,302,302,0
2022-09-27 15:30:00,302,302,302,302,0
2022-09-27 15:31:00,302,302,302,302,0
2022-09-27 15:32:00,302,302,302,302,0
2022-09-27 15:33:00,302,302,302,302,0
2022-09-27 15:34:00,302,302,302,302,0
2022-09-27 15:35:00,302,302,302,302,0
2022-09-27 15:36:00,302,302,302,302,0
2022-09-27 15:37:00,302,302,302,302,0
2022-09-27 15:38:00,302,302,302,302,0
2022-09-27 15:39:00,302,302,302,302,0
2022-09-27 15:40:00,302,302,302,302,0
2022-09-27 15:41:00,302,302,302,302,0
2022-09-27 15:42:00,302,302,302,302,0
2022-09-27 15:43:00,302,302,302,302,0
2022-09-27 15:44:00,302,302,302,302,0
2022-09-27 15:45:00,302,302,302,302,0
2022-09-27 15:46:00,302,302,302,302,0
2022-09-27 15:47:00,302,302,302,302,0
2022-09-27 15:48:00,302,302,302,302,0
2022-09-27 15:49:00,302,302,302,302,0
2022-09-27 15:50:00,302,302,302,302,0
2022-09-27 15:51:00,302,302,302,302,0
2022-09-27 15:52:00,302,302,302,302,0
2022-09-27 15:53:00,302,302,302,302,0
2022-09-27 15:54:00,302,302,302,302,0
2022-09-27 15:55:00,302,302,302,302,0
2022-09-27 15:56:00,302,302,302,302,0
2022-09-27 15:57:00,302,302,302,302,0
2022-09-27 15:58:00,302,302,302,302,0
2022-09-27 15:59:00,302,302,302,302,0
2022-09-28 09:00:00,302,302,302,302,10000
2022-09-28 09:01:00,302,302,306,306,0
2022-09-28 09:02:00,302,302,302,302,3500
2022-09-28 09:03:00,302,302,302,302,0
2022-09-28 09:04:00,302,302,302,302,3400
2022-09-28 09:05:00,302,302,302,302,0
2022-09-28 09:06:00,302,302,302,302,0
2022-09-28 09:07:00,302,302,302,302,0
2022-09-28 09:08:00,302,302,302,302,0
2022-09-28 09:09:00,302,302,302,302,0
2022-09-28 09:10:00,302,302,302,302,0
2022-09-28 09:11:00,296,296,296,296,5500
2022-09-28 09:12:00,296,296,296,296,0
2022-09-28 09:13:00,296,296,296,296,0
2022-09-28 09:14:00,296,296,296,296,0
2022-09-28 09:15:00,296,296,296,296,0
2022-09-28 09:16:00,296,296,296,296,0
2022-09-28 09:17:00,296,296,296,296,0
2022-09-28 09:18:00,298,298,302,302,800
2022-09-28 09:19:00,298,298,302,302,0
2022-09-28 09:20:00,298,298,302,302,0
2022-09-28 09:21:00,298,298,302,302,0
2022-09-28 09:22:00,298,298,302,302,0
2022-09-28 09:23:00,298,298,302,302,0
2022-09-28 09:24:00,298,298,302,302,0
2022-09-28 09:25:00,298,298,302,302,0
2022-09-28 09:26:00,298,298,302,302,0
2022-09-28 09:27:00,298,298,302,302,0
2022-09-28 09:28:00,298,298,302,302,0
2022-09-28 09:29:00,298,298,302,302,0
2022-09-28 09:30:00,298,298,302,302,0
2022-09-28 09:31:00,298,298,302,302,0
2022-09-28 09:32:00,298,298,302,302,0
2022-09-28 09:33:00,298,298,302,302,0
2022-09-28 09:34:00,298,298,302,302,0
2022-09-28 09:35:00,298,298,302,302,0
2022-09-28 09:36:00,298,298,302,302,0
2022-09-28 09:37:00,298,298,302,302,0
2022-09-28 09:38:00,298,298,302,302,0
2022-09-28 09:39:00,298,298,302,302,0
2022-09-28 09:40:00,298,298,302,302,0
2022-09-28 09:41:00,298,298,302,302,0
2022-09-28 09:42:00,298,298,302,302,0
2022-09-28 09:43:00,298,298,302,302,0
2022-09-28 09:44:00,298,298,302,302,0
2022-09-28 09:45:00,298,298,302,302,0
2022-09-28 09:46:00,298,298,302,302,0
2022-09-28 09:47:00,302,282,302,282,138500
2022-09-28 09:48:00,282,282,282,282,115700
2022-09-28 09:49:00,282,282,290,290,0
2022-09-28 09:50:00,282,282,290,290,0
2022-09-28 09:51:00,282,282,282,282,33300
2022-09-28 09:52:00,282,282,282,282,8200
2022-09-28 09:53:00,282,282,282,282,0
2022-09-28 09:54:00,282,282,282,282,0
2022-09-28 09:55:00,282,282,282,282,1200
2022-09-28 09:56:00,282,282,282,282,43900
2022-09-28 09:57:00,282,282,282,282,0
2022-09-28 09:58:00,282,282,282,282,0
2022-09-28 09:59:00,282,282,282,282,0
2022-09-28 10:00:00,282,282,282,282,19100
2022-09-28 10:01:00,282,282,282,282,3100
2022-09-28 10:02:00,282,282,282,282,4100
2022-09-28 10:03:00,282,282,282,282,0
2022-09-28 10:04:00,282,282,282,282,0
2022-09-28 10:05:00,282,282,282,282,0
2022-09-28 10:06:00,282,282,282,282,0
2022-09-28 10:07:00,282,282,282,282,0
2022-09-28 10:08:00,282,282,282,282,500
2022-09-28 10:09:00,282,282,282,282,0
2022-09-28 10:10:00,282,282,282,282,0
2022-09-28 10:11:00,282,282,282,282,0
2022-09-28 10:12:00,282,282,282,282,2600
2022-09-28 10:13:00,282,282,282,282,0
2022-09-28 10:14:00,282,282,282,282,0
2022-09-28 10:15:00,282,282,282,282,13600
2022-09-28 10:16:00,282,282,282,282,3600
2022-09-28 10:17:00,282,282,282,282,100
2022-09-28 10:18:00,282,282,284,284,10900
2022-09-28 10:19:00,282,282,284,284,0
2022-09-28 10:20:00,282,282,284,284,0
2022-09-28 10:21:00,282,282,284,284,0
2022-09-28 10:22:00,282,282,284,284,0
2022-09-28 10:23:00,282,282,284,284,0
2022-09-28 10:24:00,284,284,284,284,500
2022-09-28 10:25:00,284,284,284,284,20000
2022-09-28 10:26:00,284,284,284,284,0
2022-09-28 10:27:00,284,284,284,284,0
2022-09-28 10:28:00,284,284,284,284,0
2022-09-28 10:29:00,284,284,284,284,0
2022-09-28 10:30:00,284,284,284,284,0
2022-09-28 10:31:00,284,284,284,284,0
2022-09-28 10:32:00,284,284,284,284,0
2022-09-28 10:33:00,284,284,284,284,0
2022-09-28 10:34:00,284,282,284,282,200
2022-09-28 10:35:00,284,282,284,282,0
2022-09-28 10:36:00,282,282,282,282,6400
2022-09-28 10:37:00,282,282,282,282,0
2022-09-28 10:38:00,282,282,282,282,0
2022-09-28 10:39:00,282,282,282,282,0
2022-09-28 10:40:00,282,282,282,282,100
2022-09-28 10:41:00,282,282,282,282,0
2022-09-28 10:42:00,282,282,282,282,0
2022-09-28 10:43:00,282,282,282,282,0
2022-09-28 10:44:00,282,282,282,282,0
2022-09-28 10:45:00,282,282,282,282,0
2022-09-28 10:46:00,282,282,282,282,0
2022-09-28 10:47:00,282,282,282,282,0
2022-09-28 10:48:00,282,282,282,282,0
2022-09-28 10:49:00,282,282,282,282,0
2022-09-28 10:50:00,282,282,282,282,0
2022-09-28 10:51:00,282,282,282,282,0
2022-09-28 10:52:00,282,282,282,282,0
2022-09-28 10:53:00,282,282,282,282,0
2022-09-28 10:54:00,282,282,282,282,0
2022-09-28 10:55:00,282,282,282,282,0
2022-09-28 10:56:00,282,282,282,282,0
2022-09-28 10:57:00,282,282,282,282,0
2022-09-28 10:58:00,282,282,282,282,0
2022-09-28 10:59:00,282,282,282,282,0
2022-09-28 11:00:00,282,282,282,282,0
2022-09-28 11:01:00,282,282,282,282,0
2022-09-28 11:02:00,282,282,282,282,0
2022-09-28 11:03:00,282,282,282,282,0
2022-09-28 11:04:00,282,282,282,282,0
2022-09-28 11:05:00,282,282,282,282,0
2022-09-28 11:06:00,282,282,282,282,0
2022-09-28 11:07:00,282,282,282,282,0
2022-09-28 11:08:00,282,282,282,282,0
2022-09-28 11:09:00,282,282,282,282,400
2022-09-28 11:10:00,282,282,282,282,1000
2022-09-28 11:11:00,282,282,282,282,100
2022-09-28 11:12:00,282,282,282,282,700
2022-09-28 11:13:00,282,282,282,282,1500
2022-09-28 11:14:00,282,282,282,282,0
2022-09-28 11:15:00,282,282,282,282,0
2022-09-28 11:16:00,282,282,282,282,1100
2022-09-28 11:17:00,284,284,284,284,0
2022-09-28 11:18:00,284,284,284,284,0
2022-09-28 11:19:00,284,284,284,284,0
2022-09-28 11:20:00,284,284,284,284,0
2022-09-28 11:21:00,284,284,284,284,0
2022-09-28 11:22:00,284,284,284,284,0
2022-09-28 11:23:00,284,284,284,284,0
2022-09-28 11:24:00,284,284,284,284,0
2022-09-28 11:25:00,284,284,284,284,300
2022-09-28 11:26:00,284,284,284,284,0
2022-09-28 11:27:00,284,284,284,284,0
2022-09-28 11:28:00,284,284,284,284,0
2022-09-28 11:29:00,284,284,284,284,0
2022-09-28 11:30:00,284,284,284,284,0
2022-09-28 11:31:00,284,284,284,284,0
2022-09-28 11:32:00,284,284,284,284,0
2022-09-28 11:33:00,284,284,284,284,0
2022-09-28 11:34:00,284,284,284,284,0
2022-09-28 11:35:00,284,284,284,284,0
2022-09-28 11:36:00,284,284,284,284,0
2022-09-28 11:37:00,284,284,284,284,0
2022-09-28 11:38:00,284,284,284,284,0
2022-09-28 11:39:00,284,284,284,284,0
2022-09-28 11:40:00,284,284,284,284,0
2022-09-28 11:41:00,284,284,284,284,0
2022-09-28 11:42:00,284,284,284,284,0
2022-09-28 11:43:00,284,284,284,284,0
2022-09-28 11:44:00,284,284,284,284,0
2022-09-28 11:45:00,284,284,284,284,0
2022-09-28 11:46:00,284,284,284,284,0
2022-09-28 11:47:00,284,284,284,284,0
2022-09-28 11:48:00,284,284,284,284,0
2022-09-28 11:49:00,284,284,284,284,0
2022-09-28 11:50:00,284,284,284,284,0
2022-09-28 11:51:00,284,284,284,284,0
2022-09-28 11:52:00,284,284,284,284,0
2022-09-28 11:53:00,284,284,284,284,0
2022-09-28 11:54:00,284,284,284,284,0
2022-09-28 11:55:00,284,284,284,284,0
2022-09-28 11:56:00,284,284,284,284,0
2022-09-28 11:57:00,284,284,284,284,0
2022-09-28 11:58:00,284,284,284,284,0
2022-09-28 11:59:00,284,284,284,284,0
2022-09-28 12:00:00,284,284,284,284,0
2022-09-28 12:01:00,284,284,284,284,0
2022-09-28 12:02:00,284,284,284,284,0
2022-09-28 12:03:00,284,284,284,284,0
2022-09-28 12:04:00,284,284,284,284,0
2022-09-28 12:05:00,284,284,284,284,0
2022-09-28 12:06:00,284,284,284,284,0
2022-09-28 12:07:00,284,284,284,284,0
2022-09-28 12:08:00,284,284,284,284,0
2022-09-28 12:09:00,284,284,284,284,0
2022-09-28 12:10:00,284,284,284,284,0
2022-09-28 12:11:00,284,284,284,284,0
2022-09-28 12:12:00,284,284,284,284,0
2022-09-28 12:13:00,284,284,284,284,0
2022-09-28 12:14:00,284,284,284,284,0
2022-09-28 12:15:00,284,284,284,284,0
2022-09-28 12:16:00,284,284,284,284,0
2022-09-28 12:17:00,284,284,284,284,0
2022-09-28 12:18:00,284,284,284,284,0
2022-09-28 12:19:00,284,284,284,284,0
2022-09-28 12:20:00,284,284,284,284,0
2022-09-28 12:21:00,284,284,284,284,0
2022-09-28 12:22:00,284,284,284,284,0
2022-09-28 12:23:00,284,284,284,284,0
2022-09-28 12:24:00,284,284,284,284,0
2022-09-28 12:25:00,284,284,284,284,0
2022-09-28 12:26:00,284,284,284,284,0
2022-09-28 12:27:00,284,284,284,284,0
2022-09-28 12:28:00,284,284,284,284,0
2022-09-28 12:29:00,284,284,284,284,0
2022-09-28 12:30:00,284,284,284,284,0
2022-09-28 12:31:00,284,284,284,284,0
2022-09-28 12:32:00,284,284,284,284,0
2022-09-28 12:33:00,284,284,284,284,0
2022-09-28 12:34:00,284,284,284,284,0
2022-09-28 12:35:00,284,284,284,284,0
2022-09-28 12:36:00,284,284,284,284,0
2022-09-28 12:37:00,284,284,284,284,0
2022-09-28 12:38:00,284,284,284,284,0
2022-09-28 12:39:00,284,284,284,284,0
2022-09-28 12:40:00,284,284,284,284,0
2022-09-28 12:41:00,284,284,284,284,0
2022-09-28 12:42:00,284,284,284,284,0
2022-09-28 12:43:00,284,284,284,284,0
2022-09-28 12:44:00,284,284,284,284,0
2022-09-28 12:45:00,284,284,284,284,0
2022-09-28 12:46:00,284,284,284,284,0
2022-09-28 12:47:00,284,284,284,284,0
2022-09-28 12:48:00,284,284,284,284,0
2022-09-28 12:49:00,284,284,284,284,0
2022-09-28 12:50:00,284,284,284,284,0
2022-09-28 12:51:00,284,284,284,284,0
2022-09-28 12:52:00,284,284,284,284,0
2022-09-28 12:53:00,284,284,284,284,0
2022-09-28 12:54:00,284,284,284,284,0
2022-09-28 12:55:00,284,284,284,284,0
2022-09-28 12:56:00,284,284,284,284,0
2022-09-28 12:57:00,284,284,284,284,0
2022-09-28 12:58:00,284,284,284,284,0
2022-09-28 12:59:00,284,284,284,284,0
2022-09-28 13:00:00,284,284,284,284,0
2022-09-28 13:01:00,284,284,284,284,0
2022-09-28 13:02:00,284,284,284,284,0
2022-09-28 13:03:00,284,284,284,284,0
2022-09-28 13:04:00,284,284,284,284,0
2022-09-28 13:05:00,284,284,284,284,0
2022-09-28 13:06:00,284,284,284,284,0
2022-09-28 13:07:00,284,284,284,284,0
2022-09-28 13:08:00,284,284,284,284,0
2022-09-28 13:09:00,284,284,284,284,0
2022-09-28 13:10:00,284,284,284,284,0
2022-09-28 13:11:00,284,284,284,284,0
2022-09-28 13:12:00,284,284,284,284,0
2022-09-28 13:13:00,284,284,284,284,0
2022-09-28 13:14:00,284,284,284,284,0
2022-09-28 13:15:00,284,284,284,284,0
2022-09-28 13:16:00,284,284,284,284,0
2022-09-28 13:17:00,284,284,284,284,0
2022-09-28 13:18:00,284,284,284,284,0
2022-09-28 13:19:00,284,284,284,284,0
2022-09-28 13:20:00,284,284,284,284,0
2022-09-28 13:21:00,284,284,284,284,0
2022-09-28 13:22:00,284,284,284,284,0
2022-09-28 13:23:00,284,284,284,284,0
2022-09-28 13:24:00,284,284,284,284,0
2022-09-28 13:25:00,284,284,284,284,0
2022-09-28 13:26:00,284,284,284,284,0
2022-09-28 13:27:00,284,284,284,284,0
2022-09-28 13:28:00,284,284,284,284,0
2022-09-28 13:29:00,284,284,284,284,0
2022-09-28 13:30:00,284,284,284,284,11500
2022-09-28 13:31:00,284,284,284,284,0
2022-09-28 13:32:00,284,284,284,284,0
2022-09-28 13:33:00,284,284,284,284,0
2022-09-28 13:34:00,284,284,284,284,0
2022-09-28 13:35:00,284,284,284,284,0
2022-09-28 13:36:00,284,284,284,284,0
2022-09-28 13:37:00,284,284,284,284,0
2022-09-28 13:38:00,284,284,284,284,0
2022-09-28 13:39:00,284,284,284,284,0
2022-09-28 13:40:00,284,284,284,284,0
2022-09-28 13:41:00,284,284,284,284,0
2022-09-28 13:42:00,284,284,284,284,0
2022-09-28 13:43:00,284,284,284,284,400
2022-09-28 13:44:00,284,284,284,284,0
2022-09-28 13:45:00,284,284,284,284,0
2022-09-28 13:46:00,284,284,284,284,300
2022-09-28 13:47:00,284,284,284,284,900
2022-09-28 13:48:00,284,284,284,284,0
2022-09-28 13:49:00,284,284,284,284,0
2022-09-28 13:50:00,284,284,284,284,0
2022-09-28 13:51:00,284,284,284,284,0
2022-09-28 13:52:00,284,284,284,284,0
2022-09-28 13:53:00,284,284,284,284,0
2022-09-28 13:54:00,284,284,284,284,0
2022-09-28 13:55:00,284,284,284,284,0
2022-09-28 13:56:00,284,284,284,284,0
2022-09-28 13:57:00,284,284,284,284,0
2022-09-28 13:58:00,284,284,284,284,0
2022-09-28 13:59:00,284,284,284,284,0
2022-09-28 14:00:00,284,284,284,284,0
2022-09-28 14:01:00,284,284,284,284,0
2022-09-28 14:02:00,284,284,284,284,2200
2022-09-28 14:03:00,284,284,284,284,0
2022-09-28 14:04:00,284,284,284,284,0
2022-09-28 14:05:00,284,284,284,284,0
2022-09-28 14:06:00,284,284,284,284,0
2022-09-28 14:07:00,284,284,284,284,0
2022-09-28 14:08:00,284,284,284,284,0
2022-09-28 14:09:00,284,284,284,284,0
2022-09-28 14:10:00,284,284,284,284,0
2022-09-28 14:11:00,284,284,284,284,0
2022-09-28 14:12:00,284,284,284,284,0
2022-09-28 14:13:00,284,284,284,284,0
2022-09-28 14:14:00,284,284,284,284,14100
2022-09-28 14:15:00,284,284,284,284,0
2022-09-28 14:16:00,284,284,284,284,8800
2022-09-28 14:17:00,284,284,290,290,0
2022-09-28 14:18:00,284,284,290,290,0
2022-09-28 14:19:00,288,288,288,288,0
2022-09-28 14:20:00,288,288,288,288,0
2022-09-28 14:21:00,286,286,286,286,6800
2022-09-28 14:22:00,284,284,284,284,7500
2022-09-28 14:23:00,284,284,284,284,0
2022-09-28 14:24:00,284,284,284,284,0
2022-09-28 14:25:00,284,284,284,284,0
2022-09-28 14:26:00,284,284,284,284,0
2022-09-28 14:27:00,284,284,284,284,0
2022-09-28 14:28:00,284,284,284,284,0
2022-09-28 14:29:00,284,284,284,284,0
2022-09-28 14:30:00,284,284,284,284,0
2022-09-28 14:31:00,284,284,284,284,0
2022-09-28 14:32:00,284,284,284,284,0
2022-09-28 14:33:00,284,284,284,284,0
2022-09-28 14:34:00,284,284,284,284,0
2022-09-28 14:35:00,284,284,284,284,0
2022-09-28 14:36:00,284,284,284,284,0
2022-09-28 14:37:00,284,284,284,284,0
2022-09-28 14:38:00,284,284,284,284,0
2022-09-28 14:39:00,284,284,284,284,0
2022-09-28 14:40:00,284,284,284,284,0
2022-09-28 14:41:00,284,284,284,284,0
2022-09-28 14:42:00,284,284,284,284,0
2022-09-28 14:43:00,284,284,284,284,0
2022-09-28 14:44:00,284,284,284,284,0
2022-09-28 14:45:00,284,284,284,284,0
2022-09-28 14:46:00,284,284,284,284,0
2022-09-28 14:47:00,284,284,284,284,0
2022-09-28 14:48:00,284,284,284,284,0
2022-09-28 14:49:00,284,284,284,284,0
2022-09-28 14:50:00,284,284,284,284,0
2022-09-28 14:51:00,284,284,284,284,0
2022-09-28 14:52:00,284,284,284,284,0
2022-09-28 14:53:00,284,284,284,284,0
2022-09-28 14:54:00,284,284,284,284,0
2022-09-28 14:55:00,284,284,284,284,0
2022-09-28 14:56:00,284,284,284,284,0
2022-09-28 14:57:00,284,284,284,284,0
2022-09-28 14:58:00,284,284,284,284,0
2022-09-28 14:59:00,284,284,284,284,0
2022-09-28 15:00:00,284,284,284,284,0
2022-09-28 15:01:00,284,284,284,284,200
2022-09-28 15:02:00,284,284,284,284,0
2022-09-28 15:03:00,284,284,284,284,0
2022-09-28 15:04:00,284,284,284,284,0
2022-09-28 15:05:00,284,284,284,284,0
2022-09-28 15:06:00,284,284,284,284,0
2022-09-28 15:07:00,284,284,284,284,0
2022-09-28 15:08:00,284,284,284,284,0
2022-09-28 15:09:00,284,284,284,284,0
2022-09-28 15:10:00,284,284,284,284,446100
2022-09-28 15:11:00,284,284,284,284,0
2022-09-28 15:12:00,284,284,284,284,0
2022-09-28 15:13:00,284,284,284,284,0
2022-09-28 15:14:00,284,284,284,284,0
2022-09-28 15:15:00,284,284,284,284,0
2022-09-28 15:16:00,284,284,284,284,0
2022-09-28 15:17:00,284,284,284,284,0
2022-09-28 15:18:00,284,284,284,284,0
2022-09-28 15:19:00,284,284,284,284,0
2022-09-28 15:20:00,284,284,284,284,0
2022-09-28 15:21:00,284,284,284,284,0
2022-09-28 15:22:00,284,284,284,284,0
2022-09-28 15:23:00,284,284,284,284,0
2022-09-28 15:24:00,284,284,284,284,0
2022-09-28 15:25:00,284,284,284,284,0
2022-09-28 15:26:00,284,284,284,284,0
2022-09-28 15:27:00,284,284,284,284,0
2022-09-28 15:28:00,284,284,284,284,0
2022-09-28 15:29:00,284,284,284,284,0
2022-09-28 15:30:00,284,284,284,284,0
2022-09-28 15:31:00,284,284,284,284,0
2022-09-28 15:32:00,284,284,284,284,0
2022-09-28 15:33:00,284,284,284,284,0
2022-09-28 15:34:00,284,284,284,284,0
2022-09-28 15:35:00,284,284,284,284,0
2022-09-28 15:36:00,284,284,284,284,0
2022-09-28 15:37:00,284,284,284,284,0
2022-09-28 15:38:00,284,284,284,284,0
2022-09-28 15:39:00,284,284,284,284,0
2022-09-28 15:40:00,284,284,284,284,0
2022-09-28 15:41:00,284,284,284,284,0
2022-09-28 15:42:00,284,284,284,284,0
2022-09-28 15:43:00,284,284,284,284,0
2022-09-28 15:44:00,284,284,284,284,0
2022-09-28 15:45:00,284,284,284,284,0
2022-09-28 15:46:00,284,284,284,284,0
2022-09-28 15:47:00,284,284,284,284,0
2022-09-28 15:48:00,284,284,284,284,0
2022-09-28 15:49:00,284,284,284,284,0
2022-09-28 15:50:00,284,284,284,284,0
2022-09-28 15:51:00,284,284,284,284,0
2022-09-28 15:52:00,284,284,284,284,0
2022-09-28 15:53:00,284,284,284,284,0
2022-09-28 15:54:00,284,284,284,284,0
2022-09-28 15:55:00,284,284,284,284,0
2022-09-28 15:56:00,284,284,284,284,0
2022-09-28 15:57:00,284,284,284,284,0
2022-09-28 15:58:00,284,284,284,284,0
2022-09-28 15:59:00,284,284,284,284,0
2022-09-29 09:00:00,268,268,268,268,0
2022-09-29 09:01:00,280,274,280,274,6500
2022-09-29 09:02:00,280,274,280,274,0
2022-09-29 09:03:00,280,274,280,274,0
2022-09-29 09:04:00,280,274,280,274,0
2022-09-29 09:05:00,276,276,276,276,7400
2022-09-29 09:06:00,276,276,276,276,0
2022-09-29 09:07:00,276,276,276,276,0
2022-09-29 09:08:00,274,274,274,274,200
2022-09-29 09:09:00,274,274,274,274,0
2022-09-29 09:10:00,274,274,274,274,0
2022-09-29 09:11:00,274,274,274,274,0
2022-09-29 09:12:00,274,274,274,274,0
2022-09-29 09:13:00,274,274,274,274,0
2022-09-29 09:14:00,274,274,274,274,0
2022-09-29 09:15:00,274,274,274,274,5100
2022-09-29 09:16:00,274,274,274,274,0
2022-09-29 09:17:00,274,274,274,274,300
2022-09-29 09:18:00,274,274,274,274,0
2022-09-29 09:19:00,274,274,274,274,0
2022-09-29 09:20:00,274,274,274,274,0
2022-09-29 09:21:00,274,274,274,274,2400
2022-09-29 09:22:00,274,274,274,274,0
2022-09-29 09:23:00,274,272,274,272,14600
2022-09-29 09:24:00,274,272,274,272,0
2022-09-29 09:25:00,272,272,272,272,100
2022-09-29 09:26:00,270,266,270,266,30000
2022-09-29 09:27:00,266,266,266,266,5500
2022-09-29 09:28:00,266,266,266,266,0
2022-09-29 09:29:00,266,266,266,266,0
2022-09-29 09:30:00,268,268,268,268,0
2022-09-29 09:31:00,268,268,268,268,6500
2022-09-29 09:32:00,268,268,268,268,0
2022-09-29 09:33:00,268,268,268,268,0
2022-09-29 09:34:00,268,268,268,268,0
2022-09-29 09:35:00,268,268,268,268,0
2022-09-29 09:36:00,268,268,268,268,0
2022-09-29 09:37:00,268,268,268,268,0
2022-09-29 09:38:00,268,268,268,268,0
2022-09-29 09:39:00,268,268,268,268,0
2022-09-29 09:40:00,268,268,268,268,0
2022-09-29 09:41:00,270,270,270,270,1000
2022-09-29 09:42:00,268,266,268,266,24700
2022-09-29 09:43:00,268,266,268,266,0
2022-09-29 09:44:00,268,266,268,266,0
2022-09-29 09:45:00,268,268,268,268,300
2022-09-29 09:46:00,268,268,268,268,0
2022-09-29 09:47:00,268,268,274,274,2800
2022-09-29 09:48:00,268,268,274,274,0
2022-09-29 09:49:00,274,274,274,274,9700
2022-09-29 09:50:00,272,272,272,272,0
2022-09-29 09:51:00,272,272,272,272,0
2022-09-29 09:52:00,272,272,272,272,0
2022-09-29 09:53:00,272,272,272,272,0
2022-09-29 09:54:00,272,272,272,272,0
2022-09-29 09:55:00,274,274,274,274,1000
2022-09-29 09:56:00,274,274,274,274,0
2022-09-29 09:57:00,274,274,274,274,0
2022-09-29 09:58:00,274,274,274,274,0
2022-09-29 09:59:00,274,274,274,274,0
2022-09-29 10:00:00,274,274,274,274,0
2022-09-29 10:01:00,274,274,274,274,0
2022-09-29 10:02:00,274,274,274,274,0
2022-09-29 10:03:00,274,274,274,274,0
2022-09-29 10:04:00,274,274,274,274,0
2022-09-29 10:05:00,274,274,274,274,0
2022-09-29 10:06:00,274,274,274,274,0
2022-09-29 10:07:00,274,274,274,274,0
2022-09-29 10:08:00,274,274,274,274,0
2022-09-29 10:09:00,274,274,274,274,0
2022-09-29 10:10:00,274,274,274,274,0
2022-09-29 10:11:00,270,266,270,266,32400
2022-09-29 10:12:00,270,266,270,266,0
2022-09-29 10:13:00,270,266,270,266,0
2022-09-29 10:14:00,270,266,270,266,0
2022-09-29 10:15:00,270,266,270,266,0
2022-09-29 10:16:00,270,266,270,266,0
2022-09-29 10:17:00,268,268,268,268,1500
2022-09-29 10:18:00,268,268,268,268,0
2022-09-29 10:19:00,268,268,268,268,0
2022-09-29 10:20:00,268,268,268,268,0
2022-09-29 10:21:00,268,268,268,268,0
2022-09-29 10:22:00,268,268,268,268,0
2022-09-29 10:23:00,268,268,268,268,0
2022-09-29 10:24:00,272,272,272,272,100
2022-09-29 10:25:00,272,272,272,272,0
2022-09-29 10:26:00,272,272,272,272,0
2022-09-29 10:27:00,272,272,272,272,0
2022-09-29 10:28:00,272,272,272,272,0
2022-09-29 10:29:00,272,272,272,272,0
2022-09-29 10:30:00,272,272,272,272,0
2022-09-29 10:31:00,272,272,272,272,400
2022-09-29 10:32:00,272,272,272,272,0
2022-09-29 10:33:00,272,272,272,272,0
2022-09-29 10:34:00,272,272,272,272,0
2022-09-29 10:35:00,272,272,272,272,0
2022-09-29 10:36:00,272,272,272,272,0
2022-09-29 10:37:00,272,272,272,272,0
2022-09-29 10:38:00,270,270,270,270,1200
2022-09-29 10:39:00,270,270,270,270,0
2022-09-29 10:40:00,270,270,270,270,0
2022-09-29 10:41:00,270,270,270,270,0
2022-09-29 10:42:00,270,270,270,270,0
2022-09-29 10:43:00,270,270,270,270,0
2022-09-29 10:44:00,270,270,270,270,0
2022-09-29 10:45:00,270,270,270,270,0
2022-09-29 10:46:00,270,270,270,270,0
2022-09-29 10:47:00,272,272,272,272,200
2022-09-29 10:48:00,272,272,272,272,0
2022-09-29 10:49:00,272,272,272,272,0
2022-09-29 10:50:00,272,272,272,272,300
2022-09-29 10:51:00,274,274,274,274,100
2022-09-29 10:52:00,274,274,274,274,0
2022-09-29 10:53:00,274,274,274,274,0
2022-09-29 10:54:00,274,274,274,274,0
2022-09-29 10:55:00,274,274,274,274,0
2022-09-29 10:56:00,274,274,274,274,0
2022-09-29 10:57:00,274,274,274,274,0
2022-09-29 10:58:00,274,274,274,274,0
2022-09-29 10:59:00,274,274,274,274,0
2022-09-29 11:00:00,274,274,274,274,0
2022-09-29 11:01:00,274,274,274,274,0
2022-09-29 11:02:00,274,274,274,274,0
2022-09-29 11:03:00,274,274,274,274,0
2022-09-29 11:04:00,274,274,274,274,0
2022-09-29 11:05:00,274,274,274,274,0
2022-09-29 11:06:00,274,274,274,274,0
2022-09-29 11:07:00,274,274,274,274,0
2022-09-29 11:08:00,274,274,274,274,0
2022-09-29 11:09:00,274,274,274,274,0
2022-09-29 11:10:00,274,274,274,274,0
2022-09-29 11:11:00,274,274,274,274,0
2022-09-29 11:12:00,274,274,274,274,0
2022-09-29 11:13:00,274,274,274,274,0
2022-09-29 11:14:00,274,274,274,274,0
2022-09-29 11:15:00,274,274,274,274,0
2022-09-29 11:16:00,274,274,274,274,0
2022-09-29 11:17:00,274,274,274,274,0
2022-09-29 11:18:00,274,274,274,274,0
2022-09-29 11:19:00,274,274,274,274,0
2022-09-29 11:20:00,274,274,274,274,0
2022-09-29 11:21:00,274,274,274,274,0
2022-09-29 11:22:00,274,274,274,274,0
2022-09-29 11:23:00,274,274,274,274,0
2022-09-29 11:24:00,274,274,274,274,0
2022-09-29 11:25:00,274,274,274,274,0
2022-09-29 11:26:00,274,274,274,274,0
2022-09-29 11:27:00,274,274,274,274,0
2022-09-29 11:28:00,274,274,274,274,0
2022-09-29 11:29:00,274,274,274,274,0
2022-09-29 11:30:00,274,274,274,274,0
2022-09-29 11:31:00,274,274,274,274,0
2022-09-29 11:32:00,274,274,274,274,0
2022-09-29 11:33:00,274,274,274,274,0
2022-09-29 11:34:00,274,274,274,274,0
2022-09-29 11:35:00,274,274,274,274,0
2022-09-29 11:36:00,274,274,274,274,0
2022-09-29 11:37:00,274,274,274,274,0
2022-09-29 11:38:00,274,274,274,274,0
2022-09-29 11:39:00,274,274,274,274,0
2022-09-29 11:40:00,274,274,274,274,0
2022-09-29 11:41:00,274,274,274,274,0
2022-09-29 11:42:00,274,274,274,274,0
2022-09-29 11:43:00,274,274,274,274,0
2022-09-29 11:44:00,274,274,274,274,0
2022-09-29 11:45:00,274,274,274,274,0
2022-09-29 11:46:00,274,274,274,274,0
2022-09-29 11:47:00,274,274,274,274,0
2022-09-29 11:48:00,274,274,274,274,0
2022-09-29 11:49:00,274,274,274,274,0
2022-09-29 11:50:00,274,274,274,274,0
2022-09-29 11:51:00,274,274,274,274,0
2022-09-29 11:52:00,274,274,274,274,0
2022-09-29 11:53:00,274,274,274,274,0
2022-09-29 11:54:00,274,274,274,274,0
2022-09-29 11:55:00,274,274,274,274,0
2022-09-29 11:56:00,274,274,274,274,0
2022-09-29 11:57:00,274,274,274,274,0
2022-09-29 11:58:00,274,274,274,274,0
2022-09-29 11:59:00,274,274,274,274,0
2022-09-29 12:00:00,274,274,274,274,0
2022-09-29 12:01:00,274,274,274,274,0
2022-09-29 12:02:00,274,274,274,274,0
2022-09-29 12:03:00,274,274,274,274,0
2022-09-29 12:04:00,274,274,274,274,0
2022-09-29 12:05:00,274,274,274,274,0
2022-09-29 12:06:00,274,274,274,274,0
2022-09-29 12:07:00,274,274,274,274,0
2022-09-29 12:08:00,274,274,274,274,0
2022-09-29 12:09:00,274,274,274,274,0
2022-09-29 12:10:00,274,274,274,274,0
2022-09-29 12:11:00,274,274,274,274,0
2022-09-29 12:12:00,274,274,274,274,0
2022-09-29 12:13:00,274,274,274,274,0
2022-09-29 12:14:00,274,274,274,274,0
2022-09-29 12:15:00,274,274,274,274,0
2022-09-29 12:16:00,274,274,274,274,0
2022-09-29 12:17:00,274,274,274,274,0
2022-09-29 12:18:00,274,274,274,274,0
2022-09-29 12:19:00,274,274,274,274,0
2022-09-29 12:20:00,274,274,274,274,0
2022-09-29 12:21:00,274,274,274,274,0
2022-09-29 12:22:00,274,274,274,274,0
2022-09-29 12:23:00,274,274,274,274,0
2022-09-29 12:24:00,274,274,274,274,0
2022-09-29 12:25:00,274,274,274,274,0
2022-09-29 12:26:00,274,274,274,274,0
2022-09-29 12:27:00,274,274,274,274,0
2022-09-29 12:28:00,274,274,274,274,0
2022-09-29 12:29:00,274,274,274,274,0
2022-09-29 12:30:00,274,274,274,274,0
2022-09-29 12:31:00,274,274,274,274,0
2022-09-29 12:32:00,274,274,274,274,0
2022-09-29 12:33:00,274,274,274,274,0
2022-09-29 12:34:00,274,274,274,274,0
2022-09-29 12:35:00,274,274,274,274,0
2022-09-29 12:36:00,274,274,274,274,0
2022-09-29 12:37:00,274,274,274,274,0
2022-09-29 12:38:00,274,274,274,274,0
2022-09-29 12:39:00,274,274,274,274,0
2022-09-29 12:40:00,274,274,274,274,0
2022-09-29 12:41:00,274,274,274,274,0
2022-09-29 12:42:00,274,274,274,274,0
2022-09-29 12:43:00,274,274,274,274,0
2022-09-29 12:44:00,274,274,274,274,0
2022-09-29 12:45:00,274,274,274,274,0
2022-09-29 12:46:00,274,274,274,274,0
2022-09-29 12:47:00,274,274,274,274,0
2022-09-29 12:48:00,274,274,274,274,0
2022-09-29 12:49:00,274,274,274,274,0
2022-09-29 12:50:00,274,274,274,274,0
2022-09-29 12:51:00,274,274,274,274,0
2022-09-29 12:52:00,274,274,274,274,0
2022-09-29 12:53:00,274,274,274,274,0
2022-09-29 12:54:00,274,274,274,274,0
2022-09-29 12:55:00,274,274,274,274,0
2022-09-29 12:56:00,274,274,274,274,0
2022-09-29 12:57:00,274,274,274,274,0
2022-09-29 12:58:00,274,274,274,274,0
2022-09-29 12:59:00,274,274,274,274,0
2022-09-29 13:00:00,274,274,274,274,0
2022-09-29 13:01:00,274,274,274,274,0
2022-09-29 13:02:00,274,274,274,274,0
2022-09-29 13:03:00,274,274,274,274,0
2022-09-29 13:04:00,274,274,274,274,0
2022-09-29 13:05:00,274,274,274,274,0
2022-09-29 13:06:00,274,274,274,274,0
2022-09-29 13:07:00,274,274,274,274,0
2022-09-29 13:08:00,274,274,274,274,0
2022-09-29 13:09:00,274,274,274,274,0
2022-09-29 13:10:00,274,274,274,274,0
2022-09-29 13:11:00,274,274,274,274,0
2022-09-29 13:12:00,274,274,274,274,0
2022-09-29 13:13:00,274,274,274,274,0
2022-09-29 13:14:00,274,274,274,274,0
2022-09-29 13:15:00,274,274,274,274,0
2022-09-29 13:16:00,274,274,274,274,0
2022-09-29 13:17:00,274,274,274,274,0
2022-09-29 13:18:00,274,274,274,274,0
2022-09-29 13:19:00,274,274,274,274,0
2022-09-29 13:20:00,274,274,274,274,0
2022-09-29 13:21:00,274,274,274,274,0
2022-09-29 13:22:00,274,274,274,274,0
2022-09-29 13:23:00,274,274,274,274,0
2022-09-29 13:24:00,274,274,274,274,0
2022-09-29 13:25:00,274,274,274,274,0
2022-09-29 13:26:00,274,274,274,274,0
2022-09-29 13:27:00,274,274,274,274,0
2022-09-29 13:28:00,274,274,274,274,0
2022-09-29 13:29:00,274,274,274,274,0
2022-09-29 13:30:00,274,274,274,274,200
2022-09-29 13:31:00,274,274,274,274,0
2022-09-29 13:32:00,274,274,274,274,0
2022-09-29 13:33:00,274,274,274,274,0
2022-09-29 13:34:00,270,266,270,266,15100
2022-09-29 13:35:00,266,266,266,266,7800
2022-09-29 13:36:00,274,266,274,266,0
2022-09-29 13:37:00,274,266,274,266,0
2022-09-29 13:38:00,274,266,274,266,0
2022-09-29 13:39:00,274,266,274,266,0
2022-09-29 13:40:00,274,266,274,266,0
2022-09-29 13:41:00,274,266,274,266,0
2022-09-29 13:42:00,272,272,272,272,200
2022-09-29 13:43:00,272,272,272,272,0
2022-09-29 13:44:00,270,270,270,270,1200
2022-09-29 13:45:00,270,270,270,270,0
2022-09-29 13:46:00,270,268,270,268,500
2022-09-29 13:47:00,270,268,270,268,0
2022-09-29 13:48:00,270,268,270,268,0
2022-09-29 13:49:00,270,268,270,268,0
2022-09-29 13:50:00,270,268,270,268,0
2022-09-29 13:51:00,270,268,270,268,0
2022-09-29 13:52:00,270,268,270,268,0
2022-09-29 13:53:00,270,268,270,268,0
2022-09-29 13:54:00,270,268,270,268,0
2022-09-29 13:55:00,270,268,270,268,0
2022-09-29 13:56:00,270,268,270,268,0
2022-09-29 13:57:00,270,268,270,268,0
2022-09-29 13:58:00,270,268,270,268,0
2022-09-29 13:59:00,270,270,270,270,200
2022-09-29 14:00:00,270,270,270,270,0
2022-09-29 14:01:00,270,270,270,270,0
2022-09-29 14:02:00,270,270,270,270,0
2022-09-29 14:03:00,270,270,270,270,0
2022-09-29 14:04:00,270,270,270,270,0
2022-09-29 14:05:00,270,270,270,270,0
2022-09-29 14:06:00,270,270,270,270,0
2022-09-29 14:07:00,270,270,270,270,0
2022-09-29 14:08:00,270,270,270,270,0
2022-09-29 14:09:00,272,272,272,272,100
2022-09-29 14:10:00,272,272,272,272,0
2022-09-29 14:11:00,272,272,272,272,300
2022-09-29 14:12:00,272,272,272,272,9500
2022-09-29 14:13:00,272,272,272,272,0
2022-09-29 14:14:00,272,272,272,272,0
2022-09-29 14:15:00,272,272,272,272,0
2022-09-29 14:16:00,272,272,272,272,0
2022-09-29 14:17:00,272,272,272,272,0
2022-09-29 14:18:00,272,272,272,272,0
2022-09-29 14:19:00,272,272,272,272,0
2022-09-29 14:20:00,272,272,272,272,0
2022-09-29 14:21:00,272,272,272,272,0
2022-09-29 14:22:00,272,272,272,272,0
2022-09-29 14:23:00,272,272,272,272,0
2022-09-29 14:24:00,272,272,272,272,0
2022-09-29 14:25:00,272,272,272,272,200
2022-09-29 14:26:00,272,272,272,272,0
2022-09-29 14:27:00,272,272,272,272,0
2022-09-29 14:28:00,272,272,272,272,0
2022-09-29 14:29:00,272,272,272,272,0
2022-09-29 14:30:00,272,272,272,272,0
2022-09-29 14:31:00,272,272,272,272,0
2022-09-29 14:32:00,272,272,272,272,1100
2022-09-29 14:33:00,268,268,268,268,1900
2022-09-29 14:34:00,268,268,268,268,0
2022-09-29 14:35:00,268,268,268,268,0
2022-09-29 14:36:00,272,272,272,272,3000
2022-09-29 14:37:00,272,272,272,272,0
2022-09-29 14:38:00,272,272,272,272,0
2022-09-29 14:39:00,272,272,272,272,0
2022-09-29 14:40:00,272,272,272,272,0
2022-09-29 14:41:00,272,272,272,272,0
2022-09-29 14:42:00,272,272,272,272,0
2022-09-29 14:43:00,272,272,272,272,0
2022-09-29 14:44:00,268,268,268,268,1000
2022-09-29 14:45:00,268,268,268,268,0
2022-09-29 14:46:00,268,268,268,268,0
2022-09-29 14:47:00,268,268,268,268,0
2022-09-29 14:48:00,268,268,268,268,0
2022-09-29 14:49:00,268,268,268,268,0
2022-09-29 14:50:00,268,268,268,268,0
2022-09-29 14:51:00,268,268,268,268,0
2022-09-29 14:52:00,268,268,268,268,0
2022-09-29 14:53:00,268,268,268,268,0
2022-09-29 14:54:00,268,268,268,268,0
2022-09-29 14:55:00,268,268,268,268,0
2022-09-29 14:56:00,268,268,268,268,0
2022-09-29 14:57:00,268,268,268,268,0
2022-09-29 14:58:00,268,268,268,268,0
2022-09-29 14:59:00,268,268,268,268,0
2022-09-29 15:00:00,268,268,268,268,0
2022-09-29 15:01:00,268,268,268,268,0
2022-09-29 15:02:00,268,268,268,268,0
2022-09-29 15:03:00,268,268,268,268,0
2022-09-29 15:04:00,268,268,268,268,0
2022-09-29 15:05:00,268,268,268,268,0
2022-09-29 15:06:00,268,268,268,268,0
2022-09-29 15:07:00,268,268,268,268,0
2022-09-29 15:08:00,268,268,268,268,0
2022-09-29 15:09:00,268,268,268,268,0
2022-09-29 15:10:00,268,268,268,268,0
2022-09-29 15:11:00,268,268,268,268,0
2022-09-29 15:12:00,268,268,268,268,0
2022-09-29 15:13:00,268,268,268,268,0
2022-09-29 15:14:00,268,268,268,268,0
2022-09-29 15:15:00,268,268,268,268,0
2022-09-29 15:16:00,268,268,268,268,0
2022-09-29 15:17:00,268,268,268,268,0
2022-09-29 15:18:00,268,268,268,268,0
2022-09-29 15:19:00,268,268,268,268,0
2022-09-29 15:20:00,268,268,268,268,0
2022-09-29 15:21:00,268,268,268,268,0
2022-09-29 15:22:00,268,268,268,268,0
2022-09-29 15:23:00,268,268,268,268,0
2022-09-29 15:24:00,268,268,268,268,0
2022-09-29 15:25:00,268,268,268,268,0
2022-09-29 15:26:00,268,268,268,268,0
2022-09-29 15:27:00,268,268,268,268,0
2022-09-29 15:28:00,268,268,268,268,0
2022-09-29 15:29:00,268,268,268,268,0
2022-09-29 15:30:00,268,268,268,268,0
2022-09-29 15:31:00,268,268,268,268,0
2022-09-29 15:32:00,268,268,268,268,0
2022-09-29 15:33:00,268,268,268,268,0
2022-09-29 15:34:00,268,268,268,268,0
2022-09-29 15:35:00,268,268,268,268,0
2022-09-29 15:36:00,268,268,268,268,0
2022-09-29 15:37:00,268,268,268,268,0
2022-09-29 15:38:00,268,268,268,268,0
2022-09-29 15:39:00,268,268,268,268,0
2022-09-29 15:40:00,268,268,268,268,0
2022-09-29 15:41:00,268,268,268,268,0
2022-09-29 15:42:00,268,268,268,268,0
2022-09-29 15:43:00,268,268,268,268,0
2022-09-29 15:44:00,268,268,268,268,0
2022-09-29 15:45:00,268,268,268,268,0
2022-09-29 15:46:00,268,268,268,268,0
2022-09-29 15:47:00,268,268,268,268,0
2022-09-29 15:48:00,268,268,268,268,0
2022-09-29 15:49:00,268,268,268,268,0
2022-09-29 15:50:00,268,268,268,268,0
2022-09-29 15:51:00,268,268,268,268,0
2022-09-29 15:52:00,268,268,268,268,0
2022-09-29 15:53:00,268,268,268,268,0
2022-09-29 15:54:00,268,268,268,268,0
2022-09-29 15:55:00,268,268,268,268,0
2022-09-29 15:56:00,268,268,268,268,0
2022-09-29 15:57:00,268,268,268,268,0
2022-09-29 15:58:00,268,268,268,268,0
2022-09-29 15:59:00,268,268,268,268,0
2022-09-30 09:00:00,268,268,274,274,1100
2022-09-30 09:01:00,268,268,274,274,0
2022-09-30 09:02:00,268,268,274,274,0
2022-09-30 09:03:00,268,268,274,274,0
2022-09-30 09:04:00,274,274,274,274,0
2022-09-30 09:05:00,274,274,274,274,0
2022-09-30 09:06:00,274,274,290,290,500
2022-09-30 09:07:00,274,274,290,290,0
2022-09-30 09:08:00,284,284,284,284,400
2022-09-30 09:09:00,290,272,290,272,1100
2022-09-30 09:10:00,290,272,290,272,0
2022-09-30 09:11:00,284,284,284,284,300
2022-09-30 09:12:00,284,284,286,286,11500
2022-09-30 09:13:00,286,286,286,286,6600
2022-09-30 09:14:00,286,284,286,284,600
2022-09-30 09:15:00,286,286,286,286,800
2022-09-30 09:16:00,286,286,286,286,4000
2022-09-30 09:17:00,290,274,290,274,12900
2022-09-30 09:18:00,274,260,274,260,18300
2022-09-30 09:19:00,260,260,260,260,7900
2022-09-30 09:20:00,258,258,260,260,17400
2022-09-30 09:21:00,262,260,262,260,12600
2022-09-30 09:22:00,260,260,260,260,2100
2022-09-30 09:23:00,260,260,260,260,200
2022-09-30 09:24:00,260,260,260,260,0
2022-09-30 09:25:00,260,260,260,260,0
2022-09-30 09:26:00,260,260,260,260,0
2022-09-30 09:27:00,260,260,260,260,0
2022-09-30 09:28:00,260,260,260,260,0
2022-09-30 09:29:00,260,260,260,260,0
2022-09-30 09:30:00,260,260,260,260,46600
2022-09-30 09:31:00,260,260,260,260,0
2022-09-30 09:32:00,260,260,260,260,0
2022-09-30 09:33:00,260,260,260,260,0
2022-09-30 09:34:00,260,260,260,260,0
2022-09-30 09:35:00,258,258,258,258,300
2022-09-30 09:36:00,258,258,258,258,0
2022-09-30 09:37:00,258,258,258,258,0
2022-09-30 09:38:00,256,256,258,256,6800
2022-09-30 09:39:00,256,256,258,256,0
2022-09-30 09:40:00,254,252,254,252,30000
2022-09-30 09:41:00,252,252,252,252,2000
2022-09-30 09:42:00,252,252,252,252,0
2022-09-30 09:43:00,252,252,252,252,36800
2022-09-30 09:44:00,252,252,252,252,0
2022-09-30 09:45:00,252,252,252,252,0
2022-09-30 09:46:00,252,250,252,250,28100
2022-09-30 09:47:00,250,250,250,250,0
2022-09-30 09:48:00,250,250,250,250,303200
2022-09-30 09:49:00,250,250,250,250,0
2022-09-30 09:50:00,250,250,250,250,0
2022-09-30 09:51:00,250,250,250,250,700
2022-09-30 09:52:00,250,250,250,250,200
2022-09-30 09:53:00,250,250,250,250,3900
2022-09-30 09:54:00,250,250,250,250,0
2022-09-30 09:55:00,250,250,250,250,100
2022-09-30 09:56:00,250,250,250,250,0
2022-09-30 09:57:00,250,250,250,250,0
2022-09-30 09:58:00,250,250,250,250,0
2022-09-30 09:59:00,250,250,250,250,0
2022-09-30 10:00:00,250,250,250,250,0
2022-09-30 10:01:00,250,250,250,250,0
2022-09-30 10:02:00,250,250,250,250,0
2022-09-30 10:03:00,250,250,250,250,1800
2022-09-30 10:04:00,250,250,250,250,1600
2022-09-30 10:05:00,250,250,250,250,0
2022-09-30 10:06:00,250,250,250,250,0
2022-09-30 10:07:00,250,250,250,250,0
2022-09-30 10:08:00,250,250,250,250,0
2022-09-30 10:09:00,250,250,250,250,0
2022-09-30 10:10:00,250,250,250,250,0
2022-09-30 10:11:00,250,250,250,250,0
2022-09-30 10:12:00,250,250,250,250,300
2022-09-30 10:13:00,250,250,250,250,0
2022-09-30 10:14:00,250,250,250,250,100
2022-09-30 10:15:00,250,250,250,250,0
2022-09-30 10:16:00,250,250,250,250,0
2022-09-30 10:17:00,250,250,250,250,0
2022-09-30 10:18:00,250,250,250,250,0
2022-09-30 10:19:00,250,250,250,250,0
2022-09-30 10:20:00,250,250,250,250,0
2022-09-30 10:21:00,250,250,250,250,0
2022-09-30 10:22:00,250,250,250,250,0
2022-09-30 10:23:00,250,250,250,250,0
2022-09-30 10:24:00,250,250,250,250,0
2022-09-30 10:25:00,250,250,250,250,0
2022-09-30 10:26:00,250,250,250,250,0
2022-09-30 10:27:00,250,250,250,250,0
2022-09-30 10:28:00,250,250,250,250,0
2022-09-30 10:29:00,250,250,250,250,0
2022-09-30 10:30:00,250,250,250,250,0
2022-09-30 10:31:00,250,250,250,250,0
2022-09-30 10:32:00,250,250,250,250,0
2022-09-30 10:33:00,250,250,250,250,0
2022-09-30 10:34:00,250,250,250,250,0
2022-09-30 10:35:00,250,250,250,250,0
2022-09-30 10:36:00,250,250,250,250,0
2022-09-30 10:37:00,250,250,250,250,0
2022-09-30 10:38:00,250,250,250,250,0
2022-09-30 10:39:00,250,250,250,250,0
2022-09-30 10:40:00,250,250,250,250,0
2022-09-30 10:41:00,250,250,250,250,0
2022-09-30 10:42:00,250,250,250,250,0
2022-09-30 10:43:00,250,250,250,250,0
2022-09-30 10:44:00,250,250,250,250,0
2022-09-30 10:45:00,250,250,250,250,0
2022-09-30 10:46:00,250,250,250,250,0
2022-09-30 10:47:00,250,250,250,250,500
2022-09-30 10:48:00,250,250,250,250,0
2022-09-30 10:49:00,250,250,250,250,0
2022-09-30 10:50:00,250,250,250,250,0
2022-09-30 10:51:00,250,250,260,260,556600
2022-09-30 10:52:00,250,250,260,260,0
2022-09-30 10:53:00,250,250,260,260,0
2022-09-30 10:54:00,250,250,250,250,5000
2022-09-30 10:55:00,250,250,250,250,5400
2022-09-30 10:56:00,250,250,250,250,1000
2022-09-30 10:57:00,250,250,260,260,8500
2022-09-30 10:58:00,250,250,260,260,0
2022-09-30 10:59:00,250,250,260,260,0
2022-09-30 11:00:00,250,250,260,260,0
2022-09-30 11:01:00,250,250,260,260,0
2022-09-30 11:02:00,250,250,260,260,0
2022-09-30 11:03:00,250,250,260,260,0
2022-09-30 11:04:00,250,250,260,260,0
2022-09-30 11:05:00,250,250,260,260,0
2022-09-30 11:06:00,250,250,260,260,0
2022-09-30 11:07:00,250,250,260,260,0
2022-09-30 11:08:00,250,250,260,260,0
2022-09-30 11:09:00,250,250,260,260,0
2022-09-30 11:10:00,250,250,260,260,0
2022-09-30 11:11:00,250,250,260,260,0
2022-09-30 11:12:00,258,258,258,258,100
2022-09-30 11:13:00,258,258,258,258,0
2022-09-30 11:14:00,258,258,258,258,0
2022-09-30 11:15:00,258,258,258,258,0
2022-09-30 11:16:00,258,258,258,258,0
2022-09-30 11:17:00,258,258,258,258,0
2022-09-30 11:18:00,258,258,258,258,0
2022-09-30 11:19:00,258,258,258,258,0
2022-09-30 11:20:00,258,258,258,258,0
2022-09-30 11:21:00,258,258,258,258,0
2022-09-30 11:22:00,258,258,258,258,0
2022-09-30 11:23:00,258,258,258,258,0
2022-09-30 11:24:00,258,258,258,258,0
2022-09-30 11:25:00,258,258,258,258,0
2022-09-30 11:26:00,258,258,258,258,0
2022-09-30 11:27:00,258,258,258,258,0
2022-09-30 11:28:00,258,258,258,258,0
2022-09-30 11:29:00,258,258,258,258,0
2022-09-30 11:30:00,258,258,258,258,0
2022-09-30 11:31:00,258,258,258,258,0
2022-09-30 11:32:00,258,258,258,258,0
2022-09-30 11:33:00,258,258,258,258,0
2022-09-30 11:34:00,258,258,258,258,0
2022-09-30 11:35:00,258,258,258,258,0
2022-09-30 11:36:00,258,258,258,258,0
2022-09-30 11:37:00,258,258,258,258,0
2022-09-30 11:38:00,258,258,258,258,0
2022-09-30 11:39:00,258,258,258,258,0
2022-09-30 11:40:00,258,258,258,258,0
2022-09-30 11:41:00,258,258,258,258,0
2022-09-30 11:42:00,258,258,258,258,0
2022-09-30 11:43:00,258,258,258,258,0
2022-09-30 11:44:00,258,258,258,258,0
2022-09-30 11:45:00,258,258,258,258,0
2022-09-30 11:46:00,258,258,258,258,0
2022-09-30 11:47:00,258,258,258,258,0
2022-09-30 11:48:00,258,258,258,258,0
2022-09-30 11:49:00,258,258,258,258,0
2022-09-30 11:50:00,258,258,258,258,0
2022-09-30 11:51:00,258,258,258,258,0
2022-09-30 11:52:00,258,258,258,258,0
2022-09-30 11:53:00,258,258,258,258,0
2022-09-30 11:54:00,258,258,258,258,0
2022-09-30 11:55:00,258,258,258,258,0
2022-09-30 11:56:00,258,258,258,258,0
2022-09-30 11:57:00,258,258,258,258,0
2022-09-30 11:58:00,258,258,258,258,0
2022-09-30 11:59:00,258,258,258,258,0
2022-09-30 12:00:00,258,258,258,258,0
2022-09-30 12:01:00,258,258,258,258,0
2022-09-30 12:02:00,258,258,258,258,0
2022-09-30 12:03:00,258,258,258,258,0
2022-09-30 12:04:00,258,258,258,258,0
2022-09-30 12:05:00,258,258,258,258,0
2022-09-30 12:06:00,258,258,258,258,0
2022-09-30 12:07:00,258,258,258,258,0
2022-09-30 12:08:00,258,258,258,258,0
2022-09-30 12:09:00,258,258,258,258,0
2022-09-30 12:10:00,258,258,258,258,0
2022-09-30 12:11:00,258,258,258,258,0
2022-09-30 12:12:00,258,258,258,258,0
2022-09-30 12:13:00,258,258,258,258,0
2022-09-30 12:14:00,258,258,258,258,0
2022-09-30 12:15:00,258,258,258,258,0
2022-09-30 12:16:00,258,258,258,258,0
2022-09-30 12:17:00,258,258,258,258,0
2022-09-30 12:18:00,258,258,258,258,0
2022-09-30 12:19:00,258,258,258,258,0
2022-09-30 12:20:00,258,258,258,258,0
2022-09-30 12:21:00,258,258,258,258,0
2022-09-30 12:22:00,258,258,258,258,0
2022-09-30 12:23:00,258,258,258,258,0
2022-09-30 12:24:00,258,258,258,258,0
2022-09-30 12:25:00,258,258,258,258,0
2022-09-30 12:26:00,258,258,258,258,0
2022-09-30 12:27:00,258,258,258,258,0
2022-09-30 12:28:00,258,258,258,258,0
2022-09-30 12:29:00,258,258,258,258,0
2022-09-30 12:30:00,258,258,258,258,0
2022-09-30 12:31:00,258,258,258,258,0
2022-09-30 12:32:00,258,258,258,258,0
2022-09-30 12:33:00,258,258,258,258,0
2022-09-30 12:34:00,258,258,258,258,0
2022-09-30 12:35:00,258,258,258,258,0
2022-09-30 12:36:00,258,258,258,258,0
2022-09-30 12:37:00,258,258,258,258,0
2022-09-30 12:38:00,258,258,258,258,0
2022-09-30 12:39:00,258,258,258,258,0
2022-09-30 12:40:00,258,258,258,258,0
2022-09-30 12:41:00,258,258,258,258,0
2022-09-30 12:42:00,258,258,258,258,0
2022-09-30 12:43:00,258,258,258,258,0
2022-09-30 12:44:00,258,258,258,258,0
2022-09-30 12:45:00,258,258,258,258,0
2022-09-30 12:46:00,258,258,258,258,0
2022-09-30 12:47:00,258,258,258,258,0
2022-09-30 12:48:00,258,258,258,258,0
2022-09-30 12:49:00,258,258,258,258,0
2022-09-30 12:50:00,258,258,258,258,0
2022-09-30 12:51:00,258,258,258,258,0
2022-09-30 12:52:00,258,258,258,258,0
2022-09-30 12:53:00,258,258,258,258,0
2022-09-30 12:54:00,258,258,258,258,0
2022-09-30 12:55:00,258,258,258,258,0
2022-09-30 12:56:00,258,258,258,258,0
2022-09-30 12:57:00,258,258,258,258,0
2022-09-30 12:58:00,258,258,258,258,0
2022-09-30 12:59:00,258,258,258,258,0
2022-09-30 13:00:00,258,258,258,258,0
2022-09-30 13:01:00,258,258,258,258,0
2022-09-30 13:02:00,258,258,258,258,0
2022-09-30 13:03:00,258,258,258,258,0
2022-09-30 13:04:00,258,258,258,258,0
2022-09-30 13:05:00,258,258,258,258,0
2022-09-30 13:06:00,258,258,258,258,0
2022-09-30 13:07:00,258,258,258,258,0
2022-09-30 13:08:00,258,258,258,258,0
2022-09-30 13:09:00,258,258,258,258,0
2022-09-30 13:10:00,258,258,258,258,0
2022-09-30 13:11:00,258,258,258,258,0
2022-09-30 13:12:00,258,258,258,258,0
2022-09-30 13:13:00,258,258,258,258,0
2022-09-30 13:14:00,258,258,258,258,0
2022-09-30 13:15:00,258,258,258,258,0
2022-09-30 13:16:00,258,258,258,258,0
2022-09-30 13:17:00,258,258,258,258,0
2022-09-30 13:18:00,258,258,258,258,0
2022-09-30 13:19:00,258,258,258,258,0
2022-09-30 13:20:00,258,258,258,258,0
2022-09-30 13:21:00,258,258,258,258,0
2022-09-30 13:22:00,258,258,258,258,0
2022-09-30 13:23:00,258,258,258,258,0
2022-09-30 13:24:00,258,258,258,258,0
2022-09-30 13:25:00,258,258,258,258,0
2022-09-30 13:26:00,258,258,258,258,0
2022-09-30 13:27:00,258,258,258,258,0
2022-09-30 13:28:00,258,258,258,258,0
2022-09-30 13:29:00,258,258,258,258,0
2022-09-30 13:30:00,258,250,258,250,1300
2022-09-30 13:31:00,250,250,250,250,164300
2022-09-30 13:32:00,250,250,250,250,0
2022-09-30 13:33:00,260,260,260,260,0
2022-09-30 13:34:00,260,260,260,260,0
2022-09-30 13:35:00,260,260,260,260,0
2022-09-30 13:36:00,260,260,260,260,0
2022-09-30 13:37:00,260,260,260,260,0
2022-09-30 13:38:00,260,260,260,260,0
2022-09-30 13:39:00,260,260,260,260,0
2022-09-30 13:40:00,260,260,260,260,0
2022-09-30 13:41:00,260,260,260,260,0
2022-09-30 13:42:00,260,260,260,260,0
2022-09-30 13:43:00,260,260,260,260,0
2022-09-30 13:44:00,260,260,260,260,0
2022-09-30 13:45:00,260,260,260,260,0
2022-09-30 13:46:00,260,260,260,260,0
2022-09-30 13:47:00,260,260,260,260,0
2022-09-30 13:48:00,260,260,260,260,0
2022-09-30 13:49:00,260,260,260,260,0
2022-09-30 13:50:00,260,260,260,260,0
2022-09-30 13:51:00,260,260,260,260,0
2022-09-30 13:52:00,260,260,260,260,0
2022-09-30 13:53:00,260,260,260,260,0
2022-09-30 13:54:00,260,260,260,260,0
2022-09-30 13:55:00,260,260,260,260,0
2022-09-30 13:56:00,260,260,260,260,0
2022-09-30 13:57:00,260,260,260,260,0
2022-09-30 13:58:00,260,260,260,260,0
2022-09-30 13:59:00,260,260,260,260,0
2022-09-30 14:00:00,260,260,260,260,0
2022-09-30 14:01:00,260,260,260,260,100
2022-09-30 14:02:00,260,260,260,260,0
2022-09-30 14:03:00,260,260,260,260,0
2022-09-30 14:04:00,260,260,260,260,0
2022-09-30 14:05:00,260,260,260,260,0
2022-09-30 14:06:00,260,260,260,260,0
2022-09-30 14:07:00,260,260,260,260,0
2022-09-30 14:08:00,260,260,260,260,0
2022-09-30 14:09:00,260,260,260,260,0
2022-09-30 14:10:00,260,260,260,260,0
2022-09-30 14:11:00,260,260,260,260,0
2022-09-30 14:12:00,260,260,260,260,0
2022-09-30 14:13:00,260,260,260,260,0
2022-09-30 14:14:00,260,260,260,260,0
2022-09-30 14:15:00,260,260,260,260,0
2022-09-30 14:16:00,260,260,260,260,0
2022-09-30 14:17:00,260,260,260,260,0
2022-09-30 14:18:00,260,260,260,260,0
2022-09-30 14:19:00,260,260,260,260,0
2022-09-30 14:20:00,260,260,260,260,0
2022-09-30 14:21:00,260,260,260,260,0
2022-09-30 14:22:00,260,260,260,260,0
2022-09-30 14:23:00,250,250,250,250,400
2022-09-30 14:24:00,250,250,250,250,0
2022-09-30 14:25:00,250,250,250,250,0
2022-09-30 14:26:00,250,250,250,250,0
2022-09-30 14:27:00,250,250,250,250,5600
2022-09-30 14:28:00,250,250,250,250,0
2022-09-30 14:29:00,250,250,250,250,0
2022-09-30 14:30:00,250,250,250,250,0
2022-09-30 14:31:00,250,250,250,250,0
2022-09-30 14:32:00,250,250,250,250,0
2022-09-30 14:33:00,250,250,250,250,0
2022-09-30 14:34:00,250,250,250,250,0
2022-09-30 14:35:00,250,250,250,250,0
2022-09-30 14:36:00,250,250,250,250,0
2022-09-30 14:37:00,250,250,250,250,0
2022-09-30 14:38:00,250,250,250,250,0
2022-09-30 14:39:00,250,250,250,250,0
2022-09-30 14:40:00,250,250,250,250,0
2022-09-30 14:41:00,250,250,250,250,0
2022-09-30 14:42:00,250,250,250,250,0
2022-09-30 14:43:00,250,250,250,250,0
2022-09-30 14:44:00,250,250,250,250,0
2022-09-30 14:45:00,250,250,250,250,0
2022-09-30 14:46:00,250,250,250,250,0
2022-09-30 14:47:00,250,250,250,250,0
2022-09-30 14:48:00,250,250,250,250,0
2022-09-30 14:49:00,250,250,250,250,0
2022-09-30 14:50:00,250,250,250,250,0
2022-09-30 14:51:00,250,250,250,250,0
2022-09-30 14:52:00,250,250,250,250,0
2022-09-30 14:53:00,250,250,250,250,0
2022-09-30 14:54:00,250,250,250,250,0
2022-09-30 14:55:00,250,250,250,250,0
2022-09-30 14:56:00,250,250,250,250,0
2022-09-30 14:57:00,250,250,250,250,0
2022-09-30 14:58:00,250,250,250,250,0
2022-09-30 14:59:00,250,250,250,250,0
2022-09-30 15:00:00,250,250,250,250,0
2022-09-30 15:01:00,250,250,250,250,0
2022-09-30 15:02:00,250,250,250,250,0
2022-09-30 15:03:00,250,250,250,250,0
2022-09-30 15:04:00,250,250,250,250,1039500
2022-09-30 15:05:00,250,250,250,250,0
2022-09-30 15:06:00,250,250,250,250,0
2022-09-30 15:07:00,250,250,250,250,0
2022-09-30 15:08:00,250,250,250,250,0
2022-09-30 15:09:00,250,250,250,250,0
2022-09-30 15:10:00,250,250,250,250,0
2022-09-30 15:11:00,250,250,250,250,0
2022-09-30 15:12:00,250,250,250,250,0
2022-09-30 15:13:00,250,250,250,250,0
2022-09-30 15:14:00,250,250,250,250,0
2022-09-30 15:15:00,250,250,250,250,0
2022-09-30 15:16:00,250,250,250,250,0
2022-09-30 15:17:00,250,250,250,250,0
2022-09-30 15:18:00,250,250,250,250,0
2022-09-30 15:19:00,250,250,250,250,0
2022-09-30 15:20:00,250,250,250,250,0
2022-09-30 15:21:00,250,250,250,250,0
2022-09-30 15:22:00,250,250,250,250,0
2022-09-30 15:23:00,250,250,250,250,0
2022-09-30 15:24:00,250,250,250,250,0
2022-09-30 15:25:00,250,250,250,250,0
2022-09-30 15:26:00,250,250,250,250,0
2022-09-30 15:27:00,250,250,250,250,0
2022-09-30 15:28:00,250,250,250,250,0
2022-09-30 15:29:00,250,250,250,250,0
2022-09-30 15:30:00,250,250,250,250,0
2022-09-30 15:31:00,250,250,250,250,0
2022-09-30 15:32:00,250,250,250,250,0
2022-09-30 15:33:00,250,250,250,250,0
2022-09-30 15:34:00,250,250,250,250,0
2022-09-30 15:35:00,250,250,250,250,0
2022-09-30 15:36:00,250,250,250,250,0
2022-09-30 15:37:00,250,250,250,250,0
2022-09-30 15:38:00,250,250,250,250,0
2022-09-30 15:39:00,250,250,250,250,0
2022-09-30 15:40:00,250,250,250,250,0
2022-09-30 15:41:00,250,250,250,250,0
2022-09-30 15:42:00,250,250,250,250,0
2022-09-30 15:43:00,250,250,250,250,0
2022-09-30 15:44:00,250,250,250,250,0
2022-09-30 15:45:00,250,250,250,250,0
2022-09-30 15:46:00,250,250,250,250,0
2022-09-30 15:47:00,250,250,250,250,0
2022-09-30 15:48:00,250,250,250,250,0
2022-09-30 15:49:00,250,250,250,250,0
2022-09-30 15:50:00,250,250,250,250,0
2022-09-30 15:51:00,250,250,250,250,0
2022-09-30 15:52:00,250,250,250,250,0
2022-09-30 15:53:00,250,250,250,250,0
2022-09-30 15:54:00,250,250,250,250,0
2022-09-30 15:55:00,250,250,250,250,0
2022-09-30 15:56:00,250,250,250,250,0
2022-09-30 15:57:00,250,250,250,250,0
2022-09-30 15:58:00,250,250,250,250,0
2022-09-30 15:59:00,250,250,250,250,0
2022-10-03 09:00:00,264,264,268,268,0
2022-10-03 09:01:00,264,264,268,268,0
2022-10-03 09:02:00,264,264,268,268,0
2022-10-03 09:03:00,268,268,268,268,200
2022-10-03 09:04:00,268,268,268,268,0
2022-10-03 09:05:00,268,268,268,268,0
2022-10-03 09:06:00,264,264,264,264,4200
2022-10-03 09:07:00,264,264,264,264,0
2022-10-03 09:08:00,264,264,264,264,0
2022-10-03 09:09:00,266,266,266,266,0
2022-10-03 09:10:00,264,264,264,264,0
2022-10-03 09:11:00,264,264,264,264,600
2022-10-03 09:12:00,264,264,264,264,0
2022-10-03 09:13:00,246,246,246,246,200
2022-10-03 09:14:00,246,246,246,246,5800
2022-10-03 09:15:00,246,246,246,246,0
2022-10-03 09:16:00,246,246,246,246,0
2022-10-03 09:17:00,246,246,246,246,0
2022-10-03 09:18:00,258,258,258,258,200
2022-10-03 09:19:00,258,258,258,258,0
2022-10-03 09:20:00,248,248,248,248,100
2022-10-03 09:21:00,256,256,256,256,0
2022-10-03 09:22:00,256,256,256,256,0
2022-10-03 09:23:00,256,256,256,256,0
2022-10-03 09:24:00,256,256,256,256,0
2022-10-03 09:25:00,256,256,256,256,0
2022-10-03 09:26:00,256,256,256,256,0
2022-10-03 09:27:00,256,256,256,256,0
2022-10-03 09:28:00,256,256,256,256,0
2022-10-03 09:29:00,248,248,248,248,400
2022-10-03 09:30:00,248,248,248,248,0
2022-10-03 09:31:00,248,248,248,248,0
2022-10-03 09:32:00,248,248,248,248,1800
2022-10-03 09:33:00,248,248,248,248,1800
2022-10-03 09:34:00,248,248,248,248,0
2022-10-03 09:35:00,248,248,248,248,0
2022-10-03 09:36:00,254,254,256,256,500
2022-10-03 09:37:00,254,254,256,256,0
2022-10-03 09:38:00,254,254,256,256,0
2022-10-03 09:39:00,254,254,266,266,3900
2022-10-03 09:40:00,268,268,270,270,3200
2022-10-03 09:41:00,270,270,270,270,400
2022-10-03 09:42:00,270,270,272,270,2800
2022-10-03 09:43:00,270,270,270,270,17700
2022-10-03 09:44:00,256,256,256,256,0
2022-10-03 09:45:00,256,256,256,256,0
2022-10-03 09:46:00,270,270,276,276,25200
2022-10-03 09:47:00,270,270,276,276,0
2022-10-03 09:48:00,276,276,276,276,0
2022-10-03 09:49:00,276,276,276,276,1900
2022-10-03 09:50:00,274,274,274,274,1100
2022-10-03 09:51:00,272,272,272,272,0
2022-10-03 09:52:00,272,270,272,270,1300
2022-10-03 09:53:00,272,270,272,270,0
2022-10-03 09:54:00,270,270,270,270,0
2022-10-03 09:55:00,270,270,270,270,0
2022-10-03 09:56:00,270,270,270,270,0
2022-10-03 09:57:00,270,270,270,270,0
2022-10-03 09:58:00,270,270,270,270,0
2022-10-03 09:59:00,270,270,270,270,0
2022-10-03 10:00:00,270,270,270,270,0
2022-10-03 10:01:00,270,270,270,270,0
2022-10-03 10:02:00,270,270,270,270,0
2022-10-03 10:03:00,270,270,270,270,0
2022-10-03 10:04:00,270,270,270,270,0
2022-10-03 10:05:00,266,266,266,266,200
2022-10-03 10:06:00,266,266,266,266,0
2022-10-03 10:07:00,266,266,266,266,500
2022-10-03 10:08:00,266,266,266,266,0
2022-10-03 10:09:00,262,260,262,260,1000
2022-10-03 10:10:00,258,258,258,258,400
2022-10-03 10:11:00,258,258,258,258,0
2022-10-03 10:12:00,258,258,258,258,0
2022-10-03 10:13:00,260,260,260,260,300
2022-10-03 10:14:00,260,260,260,260,0
2022-10-03 10:15:00,260,260,260,260,25600
2022-10-03 10:16:00,260,260,260,260,0
2022-10-03 10:17:00,260,260,260,260,0
2022-10-03 10:18:00,260,260,260,260,0
2022-10-03 10:19:00,260,260,260,260,0
2022-10-03 10:20:00,260,260,260,260,0
2022-10-03 10:21:00,260,260,260,260,0
2022-10-03 10:22:00,260,260,260,260,0
2022-10-03 10:23:00,266,266,266,266,0
2022-10-03 10:24:00,266,266,266,266,0
2022-10-03 10:25:00,266,266,266,266,0
2022-10-03 10:26:00,266,266,266,266,0
2022-10-03 10:27:00,266,266,266,266,0
2022-10-03 10:28:00,266,266,266,266,12800
2022-10-03 10:29:00,266,266,266,266,0
2022-10-03 10:30:00,266,266,266,266,0
2022-10-03 10:31:00,266,266,266,266,0
2022-10-03 10:32:00,266,266,266,266,0
2022-10-03 10:33:00,266,266,266,266,0
2022-10-03 10:34:00,266,266,266,266,0
2022-10-03 10:35:00,266,266,266,266,100
2022-10-03 10:36:00,266,266,266,266,0
2022-10-03 10:37:00,266,266,266,266,0
2022-10-03 10:38:00,266,266,266,266,0
2022-10-03 10:39:00,266,266,266,266,0
2022-10-03 10:40:00,266,266,266,266,0
2022-10-03 10:41:00,266,266,266,266,0
2022-10-03 10:42:00,266,266,266,266,0
2022-10-03 10:43:00,266,266,266,266,0
2022-10-03 10:44:00,266,266,266,266,0
2022-10-03 10:45:00,266,266,266,266,0
2022-10-03 10:46:00,266,266,266,266,0
2022-10-03 10:47:00,266,266,266,266,0
2022-10-03 10:48:00,266,266,268,268,1500
2022-10-03 10:49:00,266,266,268,268,0
2022-10-03 10:50:00,266,266,268,268,0
2022-10-03 10:51:00,266,266,268,268,0
2022-10-03 10:52:00,268,268,268,268,0
2022-10-03 10:53:00,268,268,268,268,0
2022-10-03 10:54:00,268,268,268,268,0
2022-10-03 10:55:00,268,268,268,268,800
2022-10-03 10:56:00,268,268,268,268,0
2022-10-03 10:57:00,268,268,268,268,0
2022-10-03 10:58:00,268,268,268,268,0
2022-10-03 10:59:00,268,268,268,268,0
2022-10-03 11:00:00,268,268,268,268,400
2022-10-03 11:01:00,268,268,268,268,0
2022-10-03 11:02:00,268,268,268,268,0
2022-10-03 11:03:00,268,268,268,268,0
2022-10-03 11:04:00,268,268,268,268,0
2022-10-03 11:05:00,268,268,268,268,0
2022-10-03 11:06:00,268,268,268,268,0
2022-10-03 11:07:00,268,268,268,268,0
2022-10-03 11:08:00,268,268,268,268,0
2022-10-03 11:09:00,268,268,268,268,0
2022-10-03 11:10:00,268,268,268,268,0
2022-10-03 11:11:00,268,268,268,268,0
2022-10-03 11:12:00,268,268,268,268,0
2022-10-03 11:13:00,268,268,268,268,0
2022-10-03 11:14:00,268,268,268,268,0
2022-10-03 11:15:00,268,268,268,268,200
2022-10-03 11:16:00,268,268,268,268,0
2022-10-03 11:17:00,268,268,268,268,0
2022-10-03 11:18:00,268,268,268,268,0
2022-10-03 11:19:00,268,268,268,268,0
2022-10-03 11:20:00,268,268,268,268,0
2022-10-03 11:21:00,268,268,268,268,0
2022-10-03 11:22:00,268,268,268,268,0
2022-10-03 11:23:00,268,268,268,268,0
2022-10-03 11:24:00,268,268,268,268,0
2022-10-03 11:25:00,268,268,268,268,0
2022-10-03 11:26:00,268,268,268,268,0
2022-10-03 11:27:00,268,268,268,268,0
2022-10-03 11:28:00,268,268,268,268,0
2022-10-03 11:29:00,268,268,268,268,0
2022-10-03 11:30:00,268,268,268,268,0
2022-10-03 11:31:00,268,268,268,268,0
2022-10-03 11:32:00,268,268,268,268,0
2022-10-03 11:33:00,268,268,268,268,0
2022-10-03 11:34:00,268,268,268,268,0
2022-10-03 11:35:00,268,268,268,268,0
2022-10-03 11:36:00,268,268,268,268,0
2022-10-03 11:37:00,268,268,268,268,0
2022-10-03 11:38:00,268,268,268,268,0
2022-10-03 11:39:00,268,268,268,268,0
2022-10-03 11:40:00,268,268,268,268,0
2022-10-03 11:41:00,268,268,268,268,0
2022-10-03 11:42:00,268,268,268,268,0
2022-10-03 11:43:00,268,268,268,268,0
2022-10-03 11:44:00,268,268,268,268,0
2022-10-03 11:45:00,268,268,268,268,0
2022-10-03 11:46:00,268,268,268,268,0
2022-10-03 11:47:00,268,268,268,268,0
2022-10-03 11:48:00,268,268,268,268,0
2022-10-03 11:49:00,268,268,268,268,0
2022-10-03 11:50:00,268,268,268,268,0
2022-10-03 11:51:00,268,268,268,268,0
2022-10-03 11:52:00,268,268,268,268,0
2022-10-03 11:53:00,268,268,268,268,0
2022-10-03 11:54:00,268,268,268,268,0
2022-10-03 11:55:00,268,268,268,268,0
2022-10-03 11:56:00,268,268,268,268,0
2022-10-03 11:57:00,268,268,268,268,0
2022-10-03 11:58:00,268,268,268,268,0
2022-10-03 11:59:00,268,268,268,268,0
2022-10-03 12:00:00,268,268,268,268,0
2022-10-03 12:01:00,268,268,268,268,0
2022-10-03 12:02:00,268,268,268,268,0
2022-10-03 12:03:00,268,268,268,268,0
2022-10-03 12:04:00,268,268,268,268,0
2022-10-03 12:05:00,268,268,268,268,0
2022-10-03 12:06:00,268,268,268,268,0
2022-10-03 12:07:00,268,268,268,268,0
2022-10-03 12:08:00,268,268,268,268,0
2022-10-03 12:09:00,268,268,268,268,0
2022-10-03 12:10:00,268,268,268,268,0
2022-10-03 12:11:00,268,268,268,268,0
2022-10-03 12:12:00,268,268,268,268,0
2022-10-03 12:13:00,268,268,268,268,0
2022-10-03 12:14:00,268,268,268,268,0
2022-10-03 12:15:00,268,268,268,268,0
2022-10-03 12:16:00,268,268,268,268,0
2022-10-03 12:17:00,268,268,268,268,0
2022-10-03 12:18:00,268,268,268,268,0
2022-10-03 12:19:00,268,268,268,268,0
2022-10-03 12:20:00,268,268,268,268,0
2022-10-03 12:21:00,268,268,268,268,0
2022-10-03 12:22:00,268,268,268,268,0
2022-10-03 12:23:00,268,268,268,268,0
2022-10-03 12:24:00,268,268,268,268,0
2022-10-03 12:25:00,268,268,268,268,0
2022-10-03 12:26:00,268,268,268,268,0
2022-10-03 12:27:00,268,268,268,268,0
2022-10-03 12:28:00,268,268,268,268,0
2022-10-03 12:29:00,268,268,268,268,0
2022-10-03 12:30:00,268,268,268,268,0
2022-10-03 12:31:00,268,268,268,268,0
2022-10-03 12:32:00,268,268,268,268,0
2022-10-03 12:33:00,268,268,268,268,0
2022-10-03 12:34:00,268,268,268,268,0
2022-10-03 12:35:00,268,268,268,268,0
2022-10-03 12:36:00,268,268,268,268,0
2022-10-03 12:37:00,268,268,268,268,0
2022-10-03 12:38:00,268,268,268,268,0
2022-10-03 12:39:00,268,268,268,268,0
2022-10-03 12:40:00,268,268,268,268,0
2022-10-03 12:41:00,268,268,268,268,0
2022-10-03 12:42:00,268,268,268,268,0
2022-10-03 12:43:00,268,268,268,268,0
2022-10-03 12:44:00,268,268,268,268,0
2022-10-03 12:45:00,268,268,268,268,0
2022-10-03 12:46:00,268,268,268,268,0
2022-10-03 12:47:00,268,268,268,268,0
2022-10-03 12:48:00,268,268,268,268,0
2022-10-03 12:49:00,268,268,268,268,0
2022-10-03 12:50:00,268,268,268,268,0
2022-10-03 12:51:00,268,268,268,268,0
2022-10-03 12:52:00,268,268,268,268,0
2022-10-03 12:53:00,268,268,268,268,0
2022-10-03 12:54:00,268,268,268,268,0
2022-10-03 12:55:00,268,268,268,268,0
2022-10-03 12:56:00,268,268,268,268,0
2022-10-03 12:57:00,268,268,268,268,0
2022-10-03 12:58:00,268,268,268,268,0
2022-10-03 12:59:00,268,268,268,268,0
2022-10-03 13:00:00,268,268,268,268,0
2022-10-03 13:01:00,268,268,268,268,0
2022-10-03 13:02:00,268,268,268,268,0
2022-10-03 13:03:00,268,268,268,268,0
2022-10-03 13:04:00,268,268,268,268,0
2022-10-03 13:05:00,268,268,268,268,0
2022-10-03 13:06:00,268,268,268,268,0
2022-10-03 13:07:00,268,268,268,268,0
2022-10-03 13:08:00,268,268,268,268,0
2022-10-03 13:09:00,268,268,268,268,0
2022-10-03 13:10:00,268,268,268,268,0
2022-10-03 13:11:00,268,268,268,268,0
2022-10-03 13:12:00,268,268,268,268,0
2022-10-03 13:13:00,268,268,268,268,0
2022-10-03 13:14:00,268,268,268,268,0
2022-10-03 13:15:00,268,268,268,268,0
2022-10-03 13:16:00,268,268,268,268,0
2022-10-03 13:17:00,268,268,268,268,0
2022-10-03 13:18:00,268,268,268,268,0
2022-10-03 13:19:00,268,268,268,268,0
2022-10-03 13:20:00,268,268,268,268,0
2022-10-03 13:21:00,268,268,268,268,0
2022-10-03 13:22:00,268,268,268,268,0
2022-10-03 13:23:00,268,268,268,268,0
2022-10-03 13:24:00,268,268,268,268,0
2022-10-03 13:25:00,268,268,268,268,0
2022-10-03 13:26:00,268,268,268,268,0
2022-10-03 13:27:00,268,268,268,268,0
2022-10-03 13:28:00,268,268,268,268,0
2022-10-03 13:29:00,268,268,268,268,0
2022-10-03 13:30:00,268,268,268,268,0
2022-10-03 13:31:00,268,268,268,268,0
2022-10-03 13:32:00,268,268,268,268,0
2022-10-03 13:33:00,268,268,268,268,0
2022-10-03 13:34:00,268,268,268,268,94800
2022-10-03 13:35:00,268,268,268,268,500
2022-10-03 13:36:00,268,268,268,268,0
2022-10-03 13:37:00,268,268,268,268,0
2022-10-03 13:38:00,268,268,268,268,0
2022-10-03 13:39:00,268,268,268,268,0
2022-10-03 13:40:00,268,268,268,268,0
2022-10-03 13:41:00,268,268,268,268,0
2022-10-03 13:42:00,268,268,268,268,0
2022-10-03 13:43:00,268,268,268,268,600
2022-10-03 13:44:00,268,268,268,268,0
2022-10-03 13:45:00,268,268,268,268,0
2022-10-03 13:46:00,268,268,268,268,0
2022-10-03 13:47:00,268,268,268,268,0
2022-10-03 13:48:00,268,268,268,268,0
2022-10-03 13:49:00,270,270,270,270,1400
2022-10-03 13:50:00,270,270,270,270,0
2022-10-03 13:51:00,268,268,270,268,20200
2022-10-03 13:52:00,268,268,268,268,0
2022-10-03 13:53:00,268,268,268,268,0
2022-10-03 13:54:00,268,268,268,268,0
2022-10-03 13:55:00,268,268,268,268,0
2022-10-03 13:56:00,268,260,268,260,30500
2022-10-03 13:57:00,260,250,260,250,100800
2022-10-03 13:58:00,256,256,256,256,60000
2022-10-03 13:59:00,256,256,256,256,0
2022-10-03 14:00:00,262,262,262,262,0
2022-10-03 14:01:00,266,252,266,252,139900
2022-10-03 14:02:00,252,252,252,252,1000
2022-10-03 14:03:00,252,252,260,260,138000
2022-10-03 14:04:00,252,252,260,260,0
2022-10-03 14:05:00,260,260,260,260,0
2022-10-03 14:06:00,260,260,260,260,0
2022-10-03 14:07:00,252,250,252,250,121900
2022-10-03 14:08:00,252,252,252,252,0
2022-10-03 14:09:00,250,250,250,250,4000
2022-10-03 14:10:00,250,250,250,250,0
2022-10-03 14:11:00,250,250,250,250,3300
2022-10-03 14:12:00,250,250,250,250,0
2022-10-03 14:13:00,250,248,250,248,1700
2022-10-03 14:14:00,250,248,250,248,0
2022-10-03 14:15:00,248,248,250,248,3000
2022-10-03 14:16:00,248,248,250,248,0
2022-10-03 14:17:00,248,248,248,248,700
2022-10-03 14:18:00,248,248,248,248,0
2022-10-03 14:19:00,248,248,248,248,0
2022-10-03 14:20:00,248,248,248,248,0
2022-10-03 14:21:00,248,248,248,248,0
2022-10-03 14:22:00,248,248,248,248,0
2022-10-03 14:23:00,248,248,248,248,0
2022-10-03 14:24:00,248,248,248,248,0
2022-10-03 14:25:00,248,248,252,252,1600
2022-10-03 14:26:00,248,248,252,252,0
2022-10-03 14:27:00,248,248,252,252,0
2022-10-03 14:28:00,248,248,252,252,0
2022-10-03 14:29:00,248,248,252,252,0
2022-10-03 14:30:00,248,248,252,252,0
2022-10-03 14:31:00,248,248,252,252,0
2022-10-03 14:32:00,248,248,252,252,0
2022-10-03 14:33:00,248,248,252,252,0
2022-10-03 14:34:00,248,248,252,252,0
2022-10-03 14:35:00,248,248,252,252,0
2022-10-03 14:36:00,248,248,252,252,0
2022-10-03 14:37:00,248,248,252,252,0
2022-10-03 14:38:00,248,248,252,252,0
2022-10-03 14:39:00,248,248,252,252,0
2022-10-03 14:40:00,248,248,252,252,0
2022-10-03 14:41:00,248,248,252,252,0
2022-10-03 14:42:00,250,250,250,250,4400
2022-10-03 14:43:00,252,252,252,252,200
2022-10-03 14:44:00,252,252,252,252,0
2022-10-03 14:45:00,252,252,252,252,5900
2022-10-03 14:46:00,252,252,252,252,0
2022-10-03 14:47:00,252,252,252,252,0
2022-10-03 14:48:00,250,250,250,250,0
2022-10-03 14:49:00,252,252,256,256,3900
2022-10-03 14:50:00,252,252,256,256,0
2022-10-03 14:51:00,252,252,256,256,0
2022-10-03 14:52:00,252,252,256,256,0
2022-10-03 14:53:00,252,252,256,256,0
2022-10-03 14:54:00,252,252,256,256,0
2022-10-03 14:55:00,252,252,256,256,0
2022-10-03 14:56:00,252,252,256,256,0
2022-10-03 14:57:00,252,252,256,256,0
2022-10-03 14:58:00,252,252,256,256,0
2022-10-03 14:59:00,252,252,256,256,0
2022-10-03 15:00:00,252,252,252,252,4100
2022-10-03 15:01:00,252,252,252,252,0
2022-10-03 15:02:00,252,252,252,252,0
2022-10-03 15:03:00,252,252,252,252,0
2022-10-03 15:04:00,252,252,252,252,0
2022-10-03 15:05:00,252,252,252,252,0
2022-10-03 15:06:00,252,252,252,252,0
2022-10-03 15:07:00,252,252,252,252,0
2022-10-03 15:08:00,252,252,252,252,0
2022-10-03 15:09:00,252,252,252,252,0
2022-10-03 15:10:00,252,252,252,252,0
2022-10-03 15:11:00,252,252,252,252,0
2022-10-03 15:12:00,252,252,252,252,0
2022-10-03 15:13:00,252,252,252,252,0
2022-10-03 15:14:00,252,252,252,252,0
2022-10-03 15:15:00,252,252,252,252,0
2022-10-03 15:16:00,252,252,252,252,0
2022-10-03 15:17:00,252,252,252,252,0
2022-10-03 15:18:00,252,252,252,252,0
2022-10-03 15:19:00,252,252,252,252,0
2022-10-03 15:20:00,252,252,252,252,0
2022-10-03 15:21:00,252,252,252,252,0
2022-10-03 15:22:00,252,252,252,252,0
2022-10-03 15:23:00,252,252,252,252,0
2022-10-03 15:24:00,252,252,252,252,0
2022-10-03 15:25:00,252,252,252,252,0
2022-10-03 15:26:00,252,252,252,252,0
2022-10-03 15:27:00,252,252,252,252,0
2022-10-03 15:28:00,252,252,252,252,0
2022-10-03 15:29:00,252,252,252,252,0
2022-10-03 15:30:00,252,252,252,252,0
2022-10-03 15:31:00,252,252,252,252,0
2022-10-03 15:32:00,252,252,252,252,0
2022-10-03 15:33:00,252,252,252,252,0
2022-10-03 15:34:00,252,252,252,252,0
2022-10-03 15:35:00,252,252,252,252,0
2022-10-03 15:36:00,252,252,252,252,0
2022-10-03 15:37:00,252,252,252,252,0
2022-10-03 15:38:00,252,252,252,252,0
2022-10-03 15:39:00,252,252,252,252,0
2022-10-03 15:40:00,252,252,252,252,0
2022-10-03 15:41:00,252,252,252,252,0
2022-10-03 15:42:00,252,252,252,252,0
2022-10-03 15:43:00,252,252,252,252,0
2022-10-03 15:44:00,252,252,252,252,0
2022-10-03 15:45:00,252,252,252,252,0
2022-10-03 15:46:00,252,252,252,252,0
2022-10-03 15:47:00,252,252,252,252,0
2022-10-03 15:48:00,252,252,252,252,0
2022-10-03 15:49:00,252,252,252,252,0
2022-10-03 15:50:00,252,252,252,252,0
2022-10-03 15:51:00,252,252,252,252,0
2022-10-03 15:52:00,252,252,252,252,0
2022-10-03 15:53:00,252,252,252,252,0
2022-10-03 15:54:00,252,252,252,252,0
2022-10-03 15:55:00,252,252,252,252,0
2022-10-03 15:56:00,252,252,252,252,0
2022-10-03 15:57:00,252,252,252,252,0
2022-10-03 15:58:00,252,252,252,252,0
2022-10-03 15:59:00,252,252,252,252,0
2022-10-04 09:00:00,252,252,252,252,0
2022-10-04 09:01:00,252,252,252,252,0
2022-10-04 09:02:00,260,260,260,260,100
2022-10-04 09:03:00,260,260,260,260,0
2022-10-04 09:04:00,260,260,260,260,0
2022-10-04 09:05:00,260,260,260,260,0
2022-10-04 09:06:00,260,260,260,260,0
2022-10-04 09:07:00,260,260,260,260,0
2022-10-04 09:08:00,260,260,260,260,0
2022-10-04 09:09:00,260,260,260,260,0
2022-10-04 09:10:00,260,260,260,260,0
2022-10-04 09:11:00,260,260,260,260,0
2022-10-04 09:12:00,260,260,260,260,0
2022-10-04 09:13:00,260,260,260,260,0
2022-10-04 09:14:00,260,260,260,260,0
2022-10-04 09:15:00,260,260,260,260,0
2022-10-04 09:16:00,250,250,250,250,200
2022-10-04 09:17:00,250,250,250,250,0
2022-10-04 09:18:00,250,250,250,250,600
2022-10-04 09:19:00,250,250,250,250,0
2022-10-04 09:20:00,248,248,248,248,0
2022-10-04 09:21:00,248,248,248,248,0
2022-10-04 09:22:00,248,248,248,248,0
2022-10-04 09:23:00,248,248,248,248,0
2022-10-04 09:24:00,250,250,250,250,100
2022-10-04 09:25:00,250,250,250,250,0
2022-10-04 09:26:00,250,250,250,250,0
2022-10-04 09:27:00,248,248,256,256,23700
2022-10-04 09:28:00,248,248,256,256,0
2022-10-04 09:29:00,248,248,256,256,0
2022-10-04 09:30:00,248,248,256,256,0
2022-10-04 09:31:00,248,248,256,256,0
2022-10-04 09:32:00,252,252,258,258,0
2022-10-04 09:33:00,250,250,250,250,400
2022-10-04 09:34:00,250,250,250,250,0
2022-10-04 09:35:00,250,250,250,250,0
2022-10-04 09:36:00,250,250,250,250,0
2022-10-04 09:37:00,250,250,250,250,0
2022-10-04 09:38:00,250,250,250,250,0
2022-10-04 09:39:00,250,250,250,250,0
2022-10-04 09:40:00,250,250,250,250,0
2022-10-04 09:41:00,250,250,250,250,0
2022-10-04 09:42:00,250,250,250,250,0
2022-10-04 09:43:00,254,254,254,254,100
2022-10-04 09:44:00,254,254,254,254,0
2022-10-04 09:45:00,254,254,254,254,0
2022-10-04 09:46:00,254,254,254,254,0
2022-10-04 09:47:00,254,254,254,254,0
2022-10-04 09:48:00,254,254,254,254,0
2022-10-04 09:49:00,254,254,254,254,0
2022-10-04 09:50:00,254,254,254,254,0
2022-10-04 09:51:00,254,254,254,254,0
2022-10-04 09:52:00,254,254,254,254,0
2022-10-04 09:53:00,254,254,254,254,0
2022-10-04 09:54:00,254,254,254,254,0
2022-10-04 09:55:00,254,254,254,254,0
2022-10-04 09:56:00,254,254,254,254,0
2022-10-04 09:57:00,254,254,254,254,0
2022-10-04 09:58:00,254,254,254,254,0
2022-10-04 09:59:00,254,254,254,254,0
2022-10-04 10:00:00,254,254,254,254,0
2022-10-04 10:01:00,252,252,252,252,200
2022-10-04 10:02:00,252,252,252,252,0
2022-10-04 10:03:00,252,252,252,252,0
2022-10-04 10:04:00,252,252,252,252,0
2022-10-04 10:05:00,252,252,252,252,0
2022-10-04 10:06:00,252,252,252,252,0
2022-10-04 10:07:00,252,252,252,252,0
2022-10-04 10:08:00,252,252,252,252,0
2022-10-04 10:09:00,252,252,252,252,0
2022-10-04 10:10:00,252,252,252,252,100
2022-10-04 10:11:00,252,252,252,252,0
2022-10-04 10:12:00,252,252,252,252,0
2022-10-04 10:13:00,252,252,252,252,0
2022-10-04 10:14:00,252,252,252,252,0
2022-10-04 10:15:00,252,252,252,252,0
2022-10-04 10:16:00,252,252,252,252,0
2022-10-04 10:17:00,252,252,252,252,0
2022-10-04 10:18:00,252,252,252,252,0
2022-10-04 10:19:00,252,252,252,252,0
2022-10-04 10:20:00,252,252,252,252,0
2022-10-04 10:21:00,254,254,254,254,200
2022-10-04 10:22:00,254,254,254,254,100
2022-10-04 10:23:00,254,254,254,254,0
2022-10-04 10:24:00,254,254,254,254,0
2022-10-04 10:25:00,254,254,254,254,0
2022-10-04 10:26:00,254,254,254,254,0
2022-10-04 10:27:00,254,254,254,254,0
2022-10-04 10:28:00,254,254,254,254,0
2022-10-04 10:29:00,254,254,254,254,0
2022-10-04 10:30:00,254,254,254,254,0
2022-10-04 10:31:00,254,254,254,254,0
2022-10-04 10:32:00,254,254,254,254,0
2022-10-04 10:33:00,254,254,254,254,0
2022-10-04 10:34:00,254,254,254,254,0
2022-10-04 10:35:00,254,254,254,254,0
2022-10-04 10:36:00,252,252,252,252,100
2022-10-04 10:37:00,252,252,252,252,0
2022-10-04 10:38:00,252,252,252,252,0
2022-10-04 10:39:00,252,252,252,252,0
2022-10-04 10:40:00,252,252,252,252,0
2022-10-04 10:41:00,252,252,252,252,0
2022-10-04 10:42:00,252,252,252,252,0
2022-10-04 10:43:00,252,252,252,252,0
2022-10-04 10:44:00,252,252,252,252,0
2022-10-04 10:45:00,252,252,252,252,0
2022-10-04 10:46:00,252,252,252,252,0
2022-10-04 10:47:00,252,252,252,252,0
2022-10-04 10:48:00,252,252,252,252,0
2022-10-04 10:49:00,252,252,252,252,0
2022-10-04 10:50:00,252,252,252,252,0
2022-10-04 10:51:00,252,252,252,252,0
2022-10-04 10:52:00,252,252,252,252,0
2022-10-04 10:53:00,252,252,252,252,0
2022-10-04 10:54:00,252,252,252,252,0
2022-10-04 10:55:00,252,252,252,252,0
2022-10-04 10:56:00,252,252,252,252,0
2022-10-04 10:57:00,252,252,252,252,0
2022-10-04 10:58:00,252,252,252,252,0
2022-10-04 10:59:00,254,254,254,254,1800
2022-10-04 11:00:00,256,256,256,256,5700
2022-10-04 11:01:00,256,256,256,256,0
2022-10-04 11:02:00,256,256,256,256,0
2022-10-04 11:03:00,256,256,256,256,0
2022-10-04 11:04:00,256,256,256,256,0
2022-10-04 11:05:00,256,256,256,256,0
2022-10-04 11:06:00,256,256,256,256,0
2022-10-04 11:07:00,256,256,256,256,200
2022-10-04 11:08:00,256,256,256,256,0
2022-10-04 11:09:00,256,256,256,256,0
2022-10-04 11:10:00,256,256,256,256,0
2022-10-04 11:11:00,256,256,256,256,0
2022-10-04 11:12:00,256,256,256,256,0
2022-10-04 11:13:00,256,256,256,256,0
2022-10-04 11:14:00,256,256,256,256,39700
2022-10-04 11:15:00,256,256,256,256,0
2022-10-04 11:16:00,258,258,258,258,0
2022-10-04 11:17:00,258,258,258,258,0
2022-10-04 11:18:00,258,258,258,258,0
2022-10-04 11:19:00,258,258,258,258,0
2022-10-04 11:20:00,258,258,258,258,0
2022-10-04 11:21:00,258,258,258,258,0
2022-10-04 11:22:00,258,258,258,258,0
2022-10-04 11:23:00,258,258,258,258,0
2022-10-04 11:24:00,258,258,258,258,0
2022-10-04 11:25:00,258,258,258,258,0
2022-10-04 11:26:00,258,258,258,258,400
2022-10-04 11:27:00,258,258,258,258,200
2022-10-04 11:28:00,258,258,258,258,0
2022-10-04 11:29:00,258,258,272,262,44600
2022-10-04 11:30:00,258,258,272,262,0
2022-10-04 11:31:00,258,258,272,262,0
2022-10-04 11:32:00,258,258,272,262,0
2022-10-04 11:33:00,258,258,272,262,0
2022-10-04 11:34:00,258,258,272,262,0
2022-10-04 11:35:00,258,258,272,262,0
2022-10-04 11:36:00,258,258,272,262,0
2022-10-04 11:37:00,258,258,272,262,0
2022-10-04 11:38:00,258,258,272,262,0
2022-10-04 11:39:00,258,258,272,262,0
2022-10-04 11:40:00,258,258,272,262,0
2022-10-04 11:41:00,258,258,272,262,0
2022-10-04 11:42:00,258,258,272,262,0
2022-10-04 11:43:00,258,258,272,262,0
2022-10-04 11:44:00,258,258,272,262,0
2022-10-04 11:45:00,258,258,272,262,0
2022-10-04 11:46:00,258,258,272,262,0
2022-10-04 11:47:00,258,258,272,262,0
2022-10-04 11:48:00,258,258,272,262,0
2022-10-04 11:49:00,258,258,272,262,0
2022-10-04 11:50:00,258,258,272,262,0
2022-10-04 11:51:00,258,258,272,262,0
2022-10-04 11:52:00,258,258,272,262,0
2022-10-04 11:53:00,258,258,272,262,0
2022-10-04 11:54:00,258,258,272,262,0
2022-10-04 11:55:00,258,258,272,262,0
2022-10-04 11:56:00,258,258,272,262,0
2022-10-04 11:57:00,258,258,272,262,0
2022-10-04 11:58:00,258,258,272,262,0
2022-10-04 11:59:00,258,258,272,262,0
2022-10-04 12:00:00,258,258,272,262,0
2022-10-04 12:01:00,258,258,272,262,0
2022-10-04 12:02:00,258,258,272,262,0
2022-10-04 12:03:00,258,258,272,262,0
2022-10-04 12:04:00,258,258,272,262,0
2022-10-04 12:05:00,258,258,272,262,0
2022-10-04 12:06:00,258,258,272,262,0
2022-10-04 12:07:00,258,258,272,262,0
2022-10-04 12:08:00,258,258,272,262,0
2022-10-04 12:09:00,258,258,272,262,0
2022-10-04 12:10:00,258,258,272,262,0
2022-10-04 12:11:00,258,258,272,262,0
2022-10-04 12:12:00,258,258,272,262,0
2022-10-04 12:13:00,258,258,272,262,0
2022-10-04 12:14:00,258,258,272,262,0
2022-10-04 12:15:00,258,258,272,262,0
2022-10-04 12:16:00,258,258,272,262,0
2022-10-04 12:17:00,258,258,272,262,0
2022-10-04 12:18:00,258,258,272,262,0
2022-10-04 12:19:00,258,258,272,262,0
2022-10-04 12:20:00,258,258,272,262,0
2022-10-04 12:21:00,258,258,272,262,0
2022-10-04 12:22:00,258,258,272,262,0
2022-10-04 12:23:00,258,258,272,262,0
2022-10-04 12:24:00,258,258,272,262,0
2022-10-04 12:25:00,258,258,272,262,0
2022-10-04 12:26:00,258,258,272,262,0
2022-10-04 12:27:00,258,258,272,262,0
2022-10-04 12:28:00,258,258,272,262,0
2022-10-04 12:29:00,258,258,272,262,0
2022-10-04 12:30:00,258,258,272,262,0
2022-10-04 12:31:00,258,258,272,262,0
2022-10-04 12:32:00,258,258,272,262,0
2022-10-04 12:33:00,258,258,272,262,0
2022-10-04 12:34:00,258,258,272,262,0
2022-10-04 12:35:00,258,258,272,262,0
2022-10-04 12:36:00,258,258,272,262,0
2022-10-04 12:37:00,258,258,272,262,0
2022-10-04 12:38:00,258,258,272,262,0
2022-10-04 12:39:00,258,258,272,262,0
2022-10-04 12:40:00,258,258,272,262,0
2022-10-04 12:41:00,258,258,272,262,0
2022-10-04 12:42:00,258,258,272,262,0
2022-10-04 12:43:00,258,258,272,262,0
2022-10-04 12:44:00,258,258,272,262,0
2022-10-04 12:45:00,258,258,272,262,0
2022-10-04 12:46:00,258,258,272,262,0
2022-10-04 12:47:00,258,258,272,262,0
2022-10-04 12:48:00,258,258,272,262,0
2022-10-04 12:49:00,258,258,272,262,0
2022-10-04 12:50:00,258,258,272,262,0
2022-10-04 12:51:00,258,258,272,262,0
2022-10-04 12:52:00,258,258,272,262,0
2022-10-04 12:53:00,258,258,272,262,0
2022-10-04 12:54:00,258,258,272,262,0
2022-10-04 12:55:00,258,258,272,262,0
2022-10-04 12:56:00,258,258,272,262,0
2022-10-04 12:57:00,258,258,272,262,0
2022-10-04 12:58:00,258,258,272,262,0
2022-10-04 12:59:00,258,258,272,262,0
2022-10-04 13:00:00,258,258,272,262,0
2022-10-04 13:01:00,258,258,272,262,0
2022-10-04 13:02:00,258,258,272,262,0
2022-10-04 13:03:00,258,258,272,262,0
2022-10-04 13:04:00,258,258,272,262,0
2022-10-04 13:05:00,258,258,272,262,0
2022-10-04 13:06:00,258,258,272,262,0
2022-10-04 13:07:00,258,258,272,262,0
2022-10-04 13:08:00,258,258,272,262,0
2022-10-04 13:09:00,258,258,272,262,0
2022-10-04 13:10:00,258,258,272,262,0
2022-10-04 13:11:00,258,258,272,262,0
2022-10-04 13:12:00,258,258,272,262,0
2022-10-04 13:13:00,258,258,272,262,0
2022-10-04 13:14:00,258,258,272,262,0
2022-10-04 13:15:00,258,258,272,262,0
2022-10-04 13:16:00,258,258,272,262,0
2022-10-04 13:17:00,258,258,272,262,0
2022-10-04 13:18:00,258,258,272,262,0
2022-10-04 13:19:00,258,258,272,262,0
2022-10-04 13:20:00,258,258,272,262,0
2022-10-04 13:21:00,258,258,272,262,0
2022-10-04 13:22:00,258,258,272,262,0
2022-10-04 13:23:00,258,258,272,262,0
2022-10-04 13:24:00,258,258,272,262,0
2022-10-04 13:25:00,258,258,272,262,0
2022-10-04 13:26:00,258,258,272,262,0
2022-10-04 13:27:00,258,258,272,262,0
2022-10-04 13:28:00,258,258,272,262,0
2022-10-04 13:29:00,258,258,272,262,0
2022-10-04 13:30:00,270,270,270,270,400
2022-10-04 13:31:00,270,270,270,270,0
2022-10-04 13:32:00,270,270,270,270,0
2022-10-04 13:33:00,270,270,270,270,0
2022-10-04 13:34:00,262,262,262,262,300
2022-10-04 13:35:00,262,262,262,262,0
2022-10-04 13:36:00,262,262,262,262,0
2022-10-04 13:37:00,262,262,262,262,0
2022-10-04 13:38:00,262,262,262,262,0
2022-10-04 13:39:00,262,262,262,262,0
2022-10-04 13:40:00,256,252,256,252,13200
2022-10-04 13:41:00,256,252,256,252,0
2022-10-04 13:42:00,256,252,256,252,0
2022-10-04 13:43:00,256,252,256,252,0
2022-10-04 13:44:00,256,252,256,252,0
2022-10-04 13:45:00,256,252,256,252,0
2022-10-04 13:46:00,256,252,256,252,0
2022-10-04 13:47:00,256,252,256,252,0
2022-10-04 13:48:00,252,252,252,252,3400
2022-10-04 13:49:00,252,252,252,252,0
2022-10-04 13:50:00,252,252,252,252,0
2022-10-04 13:51:00,252,252,252,252,0
2022-10-04 13:52:00,252,252,252,252,0
2022-10-04 13:53:00,252,252,252,252,1600
2022-10-04 13:54:00,252,252,252,252,0
2022-10-04 13:55:00,252,252,252,252,0
2022-10-04 13:56:00,252,252,252,252,0
2022-10-04 13:57:00,252,252,252,252,2000
2022-10-04 13:58:00,252,252,252,252,0
2022-10-04 13:59:00,252,252,252,252,0
2022-10-04 14:00:00,252,252,252,252,0
2022-10-04 14:01:00,252,252,252,252,0
2022-10-04 14:02:00,252,252,252,252,0
2022-10-04 14:03:00,252,252,252,252,0
2022-10-04 14:04:00,252,252,252,252,0
2022-10-04 14:05:00,252,252,252,252,0
2022-10-04 14:06:00,252,252,252,252,0
2022-10-04 14:07:00,252,252,252,252,0
2022-10-04 14:08:00,252,252,252,252,0
2022-10-04 14:09:00,252,252,252,252,0
2022-10-04 14:10:00,256,256,256,256,1000
2022-10-04 14:11:00,258,258,260,260,2600
2022-10-04 14:12:00,260,260,262,260,1300
2022-10-04 14:13:00,260,260,260,260,0
2022-10-04 14:14:00,260,260,260,260,0
2022-10-04 14:15:00,260,260,260,260,0
2022-10-04 14:16:00,260,260,260,260,0
2022-10-04 14:17:00,260,260,260,260,300
2022-10-04 14:18:00,260,260,260,260,0
2022-10-04 14:19:00,260,260,260,260,0
2022-10-04 14:20:00,260,260,260,260,3600
2022-10-04 14:21:00,260,260,260,260,0
2022-10-04 14:22:00,260,260,260,260,0
2022-10-04 14:23:00,260,260,260,260,0
2022-10-04 14:24:00,260,260,260,260,0
2022-10-04 14:25:00,260,260,260,260,0
2022-10-04 14:26:00,260,260,260,260,0
2022-10-04 14:27:00,260,260,260,260,0
2022-10-04 14:28:00,260,260,260,260,400
2022-10-04 14:29:00,260,260,260,260,0
2022-10-04 14:30:00,262,262,262,262,0
2022-10-04 14:31:00,262,262,262,262,800
2022-10-04 14:32:00,262,262,262,262,0
2022-10-04 14:33:00,260,260,260,260,1600
2022-10-04 14:34:00,260,260,260,260,0
2022-10-04 14:35:00,260,260,260,260,0
2022-10-04 14:36:00,260,260,260,260,500
2022-10-04 14:37:00,260,260,260,260,0
2022-10-04 14:38:00,260,260,260,260,0
2022-10-04 14:39:00,260,260,260,260,0
2022-10-04 14:40:00,260,258,262,258,6900
2022-10-04 14:41:00,258,258,266,262,900
2022-10-04 14:42:00,254,252,254,252,3100
2022-10-04 14:43:00,254,252,254,252,0
2022-10-04 14:44:00,254,252,254,252,0
2022-10-04 14:45:00,252,252,252,252,7900
2022-10-04 14:46:00,260,260,260,260,0
2022-10-04 14:47:00,260,260,260,260,0
2022-10-04 14:48:00,260,260,260,260,400
2022-10-04 14:49:00,260,260,260,260,0
2022-10-04 14:50:00,260,260,260,260,0
2022-10-04 14:51:00,260,260,260,260,0
2022-10-04 14:52:00,260,260,260,260,0
2022-10-04 14:53:00,260,260,260,260,0
2022-10-04 14:54:00,260,260,260,260,0
2022-10-04 14:55:00,260,260,260,260,0
2022-10-04 14:56:00,260,260,260,260,0
2022-10-04 14:57:00,260,260,260,260,0
2022-10-04 14:58:00,260,260,260,260,0
2022-10-04 14:59:00,260,260,260,260,0
2022-10-04 15:00:00,260,260,260,260,147300
2022-10-04 15:01:00,260,260,260,260,0
2022-10-04 15:02:00,260,260,260,260,0
2022-10-04 15:03:00,260,260,260,260,0
2022-10-04 15:04:00,260,260,260,260,0
2022-10-04 15:05:00,260,260,260,260,0
2022-10-04 15:06:00,260,260,260,260,0
2022-10-04 15:07:00,260,260,260,260,0
2022-10-04 15:08:00,260,260,260,260,0
2022-10-04 15:09:00,260,260,260,260,0
2022-10-04 15:10:00,260,260,260,260,0
2022-10-04 15:11:00,260,260,260,260,0
2022-10-04 15:12:00,260,260,260,260,0
2022-10-04 15:13:00,260,260,260,260,0
2022-10-04 15:14:00,260,260,260,260,0
2022-10-04 15:15:00,260,260,260,260,0
2022-10-04 15:16:00,260,260,260,260,0
2022-10-04 15:17:00,260,260,260,260,0
2022-10-04 15:18:00,260,260,260,260,0
2022-10-04 15:19:00,260,260,260,260,0
2022-10-04 15:20:00,260,260,260,260,0
2022-10-04 15:21:00,260,260,260,260,0
2022-10-04 15:22:00,260,260,260,260,0
2022-10-04 15:23:00,260,260,260,260,0
2022-10-04 15:24:00,260,260,260,260,0
2022-10-04 15:25:00,260,260,260,260,0
2022-10-04 15:26:00,260,260,260,260,0
2022-10-04 15:27:00,260,260,260,260,0
2022-10-04 15:28:00,260,260,260,260,0
2022-10-04 15:29:00,260,260,260,260,0
2022-10-04 15:30:00,260,260,260,260,0
2022-10-04 15:31:00,260,260,260,260,0
2022-10-04 15:32:00,260,260,260,260,0
2022-10-04 15:33:00,260,260,260,260,0
2022-10-04 15:34:00,260,260,260,260,0
2022-10-04 15:35:00,260,260,260,260,0
2022-10-04 15:36:00,260,260,260,260,0
2022-10-04 15:37:00,260,260,260,260,0
2022-10-04 15:38:00,260,260,260,260,0
2022-10-04 15:39:00,260,260,260,260,0
2022-10-04 15:40:00,260,260,260,260,0
2022-10-04 15:41:00,260,260,260,260,0
2022-10-04 15:42:00,260,260,260,260,0
2022-10-04 15:43:00,260,260,260,260,0
2022-10-04 15:44:00,260,260,260,260,0
2022-10-04 15:45:00,260,260,260,260,0
2022-10-04 15:46:00,260,260,260,260,0
2022-10-04 15:47:00,260,260,260,260,0
2022-10-04 15:48:00,260,260,260,260,0
2022-10-04 15:49:00,260,260,260,260,0
2022-10-04 15:50:00,260,260,260,260,0
2022-10-04 15:51:00,260,260,260,260,0
2022-10-04 15:52:00,260,260,260,260,0
2022-10-04 15:53:00,260,260,260,260,0
2022-10-04 15:54:00,260,260,260,260,0
2022-10-04 15:55:00,260,260,260,260,0
2022-10-04 15:56:00,260,260,260,260,0
2022-10-04 15:57:00,260,260,260,260,0
2022-10-04 15:58:00,260,260,260,260,0
2022-10-04 15:59:00,260,260,260,260,0
2022-10-05 09:00:00,260,260,260,260,0
2022-10-05 09:01:00,260,260,260,260,0
2022-10-05 09:02:00,262,262,272,272,900
2022-10-05 09:03:00,270,254,272,254,3100
2022-10-05 09:04:00,270,254,272,254,0
2022-10-05 09:05:00,270,254,272,254,0
2022-10-05 09:06:00,270,254,272,254,0
2022-10-05 09:07:00,270,254,272,254,0
2022-10-05 09:08:00,254,252,254,252,1300
2022-10-05 09:09:00,252,250,252,250,16800
2022-10-05 09:10:00,254,254,254,254,0
2022-10-05 09:11:00,254,254,254,254,0
2022-10-05 09:12:00,254,254,254,254,0
2022-10-05 09:13:00,260,254,260,254,600
2022-10-05 09:14:00,256,256,256,256,100
2022-10-05 09:15:00,256,256,256,256,0
2022-10-05 09:16:00,256,256,256,256,0
2022-10-05 09:17:00,256,256,256,256,0
2022-10-05 09:18:00,256,256,256,256,0
2022-10-05 09:19:00,254,254,254,254,100
2022-10-05 09:20:00,254,254,254,254,800
2022-10-05 09:21:00,254,254,254,254,0
2022-10-05 09:22:00,254,254,254,254,0
2022-10-05 09:23:00,254,254,254,254,200
2022-10-05 09:24:00,258,258,260,260,1400
2022-10-05 09:25:00,258,258,260,260,0
2022-10-05 09:26:00,258,258,260,260,0
2022-10-05 09:27:00,258,258,260,260,0
2022-10-05 09:28:00,258,258,260,260,0
2022-10-05 09:29:00,258,258,260,260,0
2022-10-05 09:30:00,258,258,260,260,0
2022-10-05 09:31:00,258,258,260,260,0
2022-10-05 09:32:00,258,258,260,260,0
2022-10-05 09:33:00,258,258,260,260,0
2022-10-05 09:34:00,258,258,260,260,0
2022-10-05 09:35:00,258,258,260,260,0
2022-10-05 09:36:00,258,258,260,260,0
2022-10-05 09:37:00,258,258,260,260,0
2022-10-05 09:38:00,258,258,260,260,0
2022-10-05 09:39:00,258,258,260,260,0
2022-10-05 09:40:00,258,258,260,260,0
2022-10-05 09:41:00,260,260,260,260,400
2022-10-05 09:42:00,260,260,260,260,0
2022-10-05 09:43:00,260,260,260,260,0
2022-10-05 09:44:00,260,260,260,260,0
2022-10-05 09:45:00,260,258,260,260,1600
2022-10-05 09:46:00,260,260,262,262,3500
2022-10-05 09:47:00,260,260,268,268,1200
2022-10-05 09:48:00,260,260,268,268,0
2022-10-05 09:49:00,260,260,268,268,0
2022-10-05 09:50:00,260,260,268,268,0
2022-10-05 09:51:00,260,260,268,268,0
2022-10-05 09:52:00,260,260,268,268,0
2022-10-05 09:53:00,260,260,268,268,0
2022-10-05 09:54:00,260,260,268,268,0
2022-10-05 09:55:00,260,260,268,268,0
2022-10-05 09:56:00,260,260,268,268,0
2022-10-05 09:57:00,258,258,258,258,100
2022-10-05 09:58:00,258,258,258,258,0
2022-10-05 09:59:00,258,258,258,258,0
2022-10-05 10:00:00,258,258,258,258,0
2022-10-05 10:01:00,258,258,258,258,0
2022-10-05 10:02:00,258,258,258,258,0
2022-10-05 10:03:00,258,258,258,258,0
2022-10-05 10:04:00,258,258,258,258,0
2022-10-05 10:05:00,258,258,258,258,0
2022-10-05 10:06:00,258,258,258,258,0
2022-10-05 10:07:00,258,258,258,258,0
2022-10-05 10:08:00,258,258,258,258,0
2022-10-05 10:09:00,258,258,258,258,0
2022-10-05 10:10:00,266,266,266,266,100
2022-10-05 10:11:00,266,266,266,266,0
2022-10-05 10:12:00,266,266,266,266,0
2022-10-05 10:13:00,266,266,266,266,0
2022-10-05 10:14:00,266,266,266,266,0
2022-10-05 10:15:00,266,266,266,266,0
2022-10-05 10:16:00,266,266,266,266,0
2022-10-05 10:17:00,266,266,266,266,0
2022-10-05 10:18:00,266,266,266,266,0
2022-10-05 10:19:00,266,266,266,266,0
2022-10-05 10:20:00,266,266,266,266,0
2022-10-05 10:21:00,266,266,266,266,0
2022-10-05 10:22:00,266,266,266,266,0
2022-10-05 10:23:00,266,266,266,266,0
2022-10-05 10:24:00,260,260,260,260,200
2022-10-05 10:25:00,260,260,260,260,0
2022-10-05 10:26:00,266,266,266,266,100
2022-10-05 10:27:00,266,266,266,266,0
2022-10-05 10:28:00,266,266,266,266,0
2022-10-05 10:29:00,266,266,266,266,0
2022-10-05 10:30:00,266,266,266,266,0
2022-10-05 10:31:00,266,266,266,266,0
2022-10-05 10:32:00,266,266,266,266,0
2022-10-05 10:33:00,266,266,266,266,0
2022-10-05 10:34:00,266,266,266,266,0
2022-10-05 10:35:00,266,266,266,266,0
2022-10-05 10:36:00,266,266,266,266,0
2022-10-05 10:37:00,266,266,266,266,0
2022-10-05 10:38:00,266,266,266,266,0
2022-10-05 10:39:00,266,266,266,266,0
2022-10-05 10:40:00,266,266,266,266,0
2022-10-05 10:41:00,266,266,266,266,0
2022-10-05 10:42:00,266,266,266,266,0
2022-10-05 10:43:00,266,266,266,266,0
2022-10-05 10:44:00,266,266,266,266,0
2022-10-05 10:45:00,266,266,266,266,0
2022-10-05 10:46:00,266,266,266,266,0
2022-10-05 10:47:00,266,266,266,266,0
2022-10-05 10:48:00,260,260,260,260,300
2022-10-05 10:49:00,260,260,260,260,0
2022-10-05 10:50:00,266,266,266,266,0
2022-10-05 10:51:00,266,266,266,266,0
2022-10-05 10:52:00,266,266,266,266,0
2022-10-05 10:53:00,266,266,266,266,0
2022-10-05 10:54:00,262,262,262,262,600
2022-10-05 10:55:00,262,262,262,262,0
2022-10-05 10:56:00,262,262,262,262,0
2022-10-05 10:57:00,262,262,262,262,0
2022-10-05 10:58:00,262,262,262,262,0
2022-10-05 10:59:00,262,262,262,262,0
2022-10-05 11:00:00,262,262,262,262,0
2022-10-05 11:01:00,262,262,262,262,0
2022-10-05 11:02:00,262,262,262,262,0
2022-10-05 11:03:00,262,262,262,262,0
2022-10-05 11:04:00,262,262,262,262,0
2022-10-05 11:05:00,262,262,262,262,0
2022-10-05 11:06:00,262,262,262,262,0
2022-10-05 11:07:00,262,262,262,262,0
2022-10-05 11:08:00,262,262,262,262,0
2022-10-05 11:09:00,262,262,262,262,0
2022-10-05 11:10:00,262,262,262,262,0
2022-10-05 11:11:00,262,262,262,262,0
2022-10-05 11:12:00,262,262,262,262,0
2022-10-05 11:13:00,262,262,262,262,0
2022-10-05 11:14:00,262,262,262,262,0
2022-10-05 11:15:00,262,262,262,262,0
2022-10-05 11:16:00,262,262,262,262,0
2022-10-05 11:17:00,262,262,262,262,0
2022-10-05 11:18:00,262,262,262,262,0
2022-10-05 11:19:00,262,262,262,262,0
2022-10-05 11:20:00,262,262,262,262,0
2022-10-05 11:21:00,262,262,262,262,0
2022-10-05 11:22:00,262,262,262,262,0
2022-10-05 11:23:00,264,262,264,262,5600
2022-10-05 11:24:00,264,262,264,262,0
2022-10-05 11:25:00,264,262,264,262,0
2022-10-05 11:26:00,264,262,264,262,0
2022-10-05 11:27:00,262,262,262,262,3300
2022-10-05 11:28:00,262,262,262,262,0
2022-10-05 11:29:00,262,262,262,262,0
2022-10-05 11:30:00,262,262,262,262,0
2022-10-05 11:31:00,262,262,262,262,0
2022-10-05 11:32:00,262,262,262,262,0
2022-10-05 11:33:00,262,262,262,262,0
2022-10-05 11:34:00,262,262,262,262,0
2022-10-05 11:35:00,262,262,262,262,0
2022-10-05 11:36:00,262,262,262,262,0
2022-10-05 11:37:00,262,262,262,262,0
2022-10-05 11:38:00,262,262,262,262,0
2022-10-05 11:39:00,262,262,262,262,0
2022-10-05 11:40:00,262,262,262,262,0
2022-10-05 11:41:00,262,262,262,262,0
2022-10-05 11:42:00,262,262,262,262,0
2022-10-05 11:43:00,262,262,262,262,0
2022-10-05 11:44:00,262,262,262,262,0
2022-10-05 11:45:00,262,262,262,262,0
2022-10-05 11:46:00,262,262,262,262,0
2022-10-05 11:47:00,262,262,262,262,0
2022-10-05 11:48:00,262,262,262,262,0
2022-10-05 11:49:00,262,262,262,262,0
2022-10-05 11:50:00,262,262,262,262,0
2022-10-05 11:51:00,262,262,262,262,0
2022-10-05 11:52:00,262,262,262,262,0
2022-10-05 11:53:00,262,262,262,262,0
2022-10-05 11:54:00,262,262,262,262,0
2022-10-05 11:55:00,262,262,262,262,0
2022-10-05 11:56:00,262,262,262,262,0
2022-10-05 11:57:00,262,262,262,262,0
2022-10-05 11:58:00,262,262,262,262,0
2022-10-05 11:59:00,262,262,262,262,0
2022-10-05 12:00:00,262,262,262,262,0
2022-10-05 12:01:00,262,262,262,262,0
2022-10-05 12:02:00,262,262,262,262,0
2022-10-05 12:03:00,262,262,262,262,0
2022-10-05 12:04:00,262,262,262,262,0
2022-10-05 12:05:00,262,262,262,262,0
2022-10-05 12:06:00,262,262,262,262,0
2022-10-05 12:07:00,262,262,262,262,0
2022-10-05 12:08:00,262,262,262,262,0
2022-10-05 12:09:00,262,262,262,262,0
2022-10-05 12:10:00,262,262,262,262,0
2022-10-05 12:11:00,262,262,262,262,0
2022-10-05 12:12:00,262,262,262,262,0
2022-10-05 12:13:00,262,262,262,262,0
2022-10-05 12:14:00,262,262,262,262,0
2022-10-05 12:15:00,262,262,262,262,0
2022-10-05 12:16:00,262,262,262,262,0
2022-10-05 12:17:00,262,262,262,262,0
2022-10-05 12:18:00,262,262,262,262,0
2022-10-05 12:19:00,262,262,262,262,0
2022-10-05 12:20:00,262,262,262,262,0
2022-10-05 12:21:00,262,262,262,262,0
2022-10-05 12:22:00,262,262,262,262,0
2022-10-05 12:23:00,262,262,262,262,0
2022-10-05 12:24:00,262,262,262,262,0
2022-10-05 12:25:00,262,262,262,262,0
2022-10-05 12:26:00,262,262,262,262,0
2022-10-05 12:27:00,262,262,262,262,0
2022-10-05 12:28:00,262,262,262,262,0
2022-10-05 12:29:00,262,262,262,262,0
2022-10-05 12:30:00,262,262,262,262,0
2022-10-05 12:31:00,262,262,262,262,0
2022-10-05 12:32:00,262,262,262,262,0
2022-10-05 12:33:00,262,262,262,262,0
2022-10-05 12:34:00,262,262,262,262,0
2022-10-05 12:35:00,262,262,262,262,0
2022-10-05 12:36:00,262,262,262,262,0
2022-10-05 12:37:00,262,262,262,262,0
2022-10-05 12:38:00,262,262,262,262,0
2022-10-05 12:39:00,262,262,262,262,0
2022-10-05 12:40:00,262,262,262,262,0
2022-10-05 12:41:00,262,262,262,262,0
2022-10-05 12:42:00,262,262,262,262,0
2022-10-05 12:43:00,262,262,262,262,0
2022-10-05 12:44:00,262,262,262,262,0
2022-10-05 12:45:00,262,262,262,262,0
2022-10-05 12:46:00,262,262,262,262,0
2022-10-05 12:47:00,262,262,262,262,0
2022-10-05 12:48:00,262,262,262,262,0
2022-10-05 12:49:00,262,262,262,262,0
2022-10-05 12:50:00,262,262,262,262,0
2022-10-05 12:51:00,262,262,262,262,0
2022-10-05 12:52:00,262,262,262,262,0
2022-10-05 12:53:00,262,262,262,262,0
2022-10-05 12:54:00,262,262,262,262,0
2022-10-05 12:55:00,262,262,262,262,0
2022-10-05 12:56:00,262,262,262,262,0
2022-10-05 12:57:00,262,262,262,262,0
2022-10-05 12:58:00,262,262,262,262,0
2022-10-05 12:59:00,262,262,262,262,0
2022-10-05 13:00:00,262,262,262,262,0
2022-10-05 13:01:00,262,262,262,262,0
2022-10-05 13:02:00,262,262,262,262,0
2022-10-05 13:03:00,262,262,262,262,0
2022-10-05 13:04:00,262,262,262,262,0
2022-10-05 13:05:00,262,262,262,262,0
2022-10-05 13:06:00,262,262,262,262,0
2022-10-05 13:07:00,262,262,262,262,0
2022-10-05 13:08:00,262,262,262,262,0
2022-10-05 13:09:00,262,262,262,262,0
2022-10-05 13:10:00,262,262,262,262,0
2022-10-05 13:11:00,262,262,262,262,0
2022-10-05 13:12:00,262,262,262,262,0
2022-10-05 13:13:00,262,262,262,262,0
2022-10-05 13:14:00,262,262,262,262,0
2022-10-05 13:15:00,262,262,262,262,0
2022-10-05 13:16:00,262,262,262,262,0
2022-10-05 13:17:00,262,262,262,262,0
2022-10-05 13:18:00,262,262,262,262,0
2022-10-05 13:19:00,262,262,262,262,0
2022-10-05 13:20:00,262,262,262,262,0
2022-10-05 13:21:00,262,262,262,262,0
2022-10-05 13:22:00,262,262,262,262,0
2022-10-05 13:23:00,262,262,262,262,0
2022-10-05 13:24:00,262,262,262,262,0
2022-10-05 13:25:00,262,262,262,262,0
2022-10-05 13:26:00,262,262,262,262,0
2022-10-05 13:27:00,262,262,262,262,0
2022-10-05 13:28:00,262,262,262,262,0
2022-10-05 13:29:00,262,262,262,262,0
2022-10-05 13:30:00,264,258,270,258,14000
2022-10-05 13:31:00,264,258,270,258,0
2022-10-05 13:32:00,264,258,270,258,0
2022-10-05 13:33:00,264,258,270,258,0
2022-10-05 13:34:00,264,258,270,258,0
2022-10-05 13:35:00,264,258,270,258,0
2022-10-05 13:36:00,264,258,270,258,0
2022-10-05 13:37:00,264,258,270,258,0
2022-10-05 13:38:00,264,258,270,258,0
2022-10-05 13:39:00,264,258,270,258,0
2022-10-05 13:40:00,270,270,270,270,200
2022-10-05 13:41:00,270,270,270,270,0
2022-10-05 13:42:00,270,270,270,270,0
2022-10-05 13:43:00,270,270,270,270,0
2022-10-05 13:44:00,270,270,270,270,0
2022-10-05 13:45:00,270,270,270,270,0
2022-10-05 13:46:00,270,270,270,270,0
2022-10-05 13:47:00,260,260,260,260,100
2022-10-05 13:48:00,260,250,260,252,82400
2022-10-05 13:49:00,250,248,260,256,15800
2022-10-05 13:50:00,250,248,260,256,0
2022-10-05 13:51:00,250,248,260,256,0
2022-10-05 13:52:00,250,248,260,256,0
2022-10-05 13:53:00,250,250,250,250,14800
2022-10-05 13:54:00,250,250,250,250,0
2022-10-05 13:55:00,250,250,250,250,0
2022-10-05 13:56:00,250,250,250,250,0
2022-10-05 13:57:00,250,250,250,250,0
2022-10-05 13:58:00,250,250,250,250,0
2022-10-05 13:59:00,250,250,250,250,0
2022-10-05 14:00:00,250,250,250,250,0
2022-10-05 14:01:00,250,250,250,250,0
2022-10-05 14:02:00,250,250,250,250,0
2022-10-05 14:03:00,254,254,254,254,100
2022-10-05 14:04:00,254,254,254,254,0
2022-10-05 14:05:00,254,254,254,254,0
2022-10-05 14:06:00,252,252,252,252,200
2022-10-05 14:07:00,252,252,252,252,0
2022-10-05 14:08:00,252,252,252,252,0
2022-10-05 14:09:00,254,254,254,254,0
2022-10-05 14:10:00,254,254,254,254,0
2022-10-05 14:11:00,254,254,254,254,0
2022-10-05 14:12:00,252,252,252,252,600
2022-10-05 14:13:00,252,252,252,252,0
2022-10-05 14:14:00,252,252,252,252,0
2022-10-05 14:15:00,252,252,252,252,0
2022-10-05 14:16:00,252,252,252,252,0
2022-10-05 14:17:00,252,252,252,252,0
2022-10-05 14:18:00,252,252,252,252,0
2022-10-05 14:19:00,252,252,252,252,0
2022-10-05 14:20:00,254,254,254,254,200
2022-10-05 14:21:00,254,254,254,254,0
2022-10-05 14:22:00,254,250,256,256,19500
2022-10-05 14:23:00,256,250,256,256,4500
2022-10-05 14:24:00,250,250,250,250,1100
2022-10-05 14:25:00,250,250,250,250,0
2022-10-05 14:26:00,256,256,256,256,200
2022-10-05 14:27:00,256,256,256,256,0
2022-10-05 14:28:00,256,256,256,256,0
2022-10-05 14:29:00,254,254,256,256,3500
2022-10-05 14:30:00,254,254,256,256,0
2022-10-05 14:31:00,254,254,256,256,0
2022-10-05 14:32:00,254,254,256,256,0
2022-10-05 14:33:00,254,254,256,256,0
2022-10-05 14:34:00,254,254,256,256,0
2022-10-05 14:35:00,254,254,256,256,0
2022-10-05 14:36:00,254,254,256,256,0
2022-10-05 14:37:00,254,254,256,256,0
2022-10-05 14:38:00,254,254,256,256,0
2022-10-05 14:39:00,256,256,256,256,200
2022-10-05 14:40:00,256,256,256,256,0
2022-10-05 14:41:00,256,256,256,256,0
2022-10-05 14:42:00,254,254,254,254,900
2022-10-05 14:43:00,254,254,254,254,800
2022-10-05 14:44:00,252,250,254,250,10800
2022-10-05 14:45:00,256,250,258,258,62200
2022-10-05 14:46:00,258,258,260,260,2600
2022-10-05 14:47:00,258,256,260,260,13600
2022-10-05 14:48:00,254,250,260,260,5500
2022-10-05 14:49:00,254,250,260,260,0
2022-10-05 14:50:00,254,250,260,260,0
2022-10-05 14:51:00,254,250,260,260,0
2022-10-05 14:52:00,254,250,260,260,0
2022-10-05 14:53:00,254,250,260,260,0
2022-10-05 14:54:00,254,250,260,260,0
2022-10-05 14:55:00,254,250,260,260,0
2022-10-05 14:56:00,254,250,260,260,0
2022-10-05 14:57:00,254,250,260,260,0
2022-10-05 14:58:00,254,250,260,260,0
2022-10-05 14:59:00,254,250,260,260,0
2022-10-05 15:00:00,252,252,252,252,40000
2022-10-05 15:01:00,252,252,252,252,26000
2022-10-05 15:02:00,252,252,252,252,0
2022-10-05 15:03:00,252,252,252,252,0
2022-10-05 15:04:00,252,252,252,252,0
2022-10-05 15:05:00,252,252,252,252,0
2022-10-05 15:06:00,252,252,252,252,0
2022-10-05 15:07:00,252,252,252,252,0
2022-10-05 15:08:00,252,252,252,252,0
2022-10-05 15:09:00,252,252,252,252,0
2022-10-05 15:10:00,252,252,252,252,0
2022-10-05 15:11:00,252,252,252,252,0
2022-10-05 15:12:00,252,252,252,252,0
2022-10-05 15:13:00,252,252,252,252,0
2022-10-05 15:14:00,252,252,252,252,0
2022-10-05 15:15:00,252,252,252,252,0
2022-10-05 15:16:00,252,252,252,252,0
2022-10-05 15:17:00,252,252,252,252,0
2022-10-05 15:18:00,252,252,252,252,0
2022-10-05 15:19:00,252,252,252,252,0
2022-10-05 15:20:00,252,252,252,252,0
2022-10-05 15:21:00,252,252,252,252,0
2022-10-05 15:22:00,252,252,252,252,0
2022-10-05 15:23:00,252,252,252,252,0
2022-10-05 15:24:00,252,252,252,252,0
2022-10-05 15:25:00,252,252,252,252,0
2022-10-05 15:26:00,252,252,252,252,0
2022-10-05 15:27:00,252,252,252,252,0
2022-10-05 15:28:00,252,252,252,252,0
2022-10-05 15:29:00,252,252,252,252,0
2022-10-05 15:30:00,252,252,252,252,0
2022-10-05 15:31:00,252,252,252,252,0
2022-10-05 15:32:00,252,252,252,252,0
2022-10-05 15:33:00,252,252,252,252,0
2022-10-05 15:34:00,252,252,252,252,0
2022-10-05 15:35:00,252,252,252,252,0
2022-10-05 15:36:00,252,252,252,252,0
2022-10-05 15:37:00,252,252,252,252,0
2022-10-05 15:38:00,252,252,252,252,0
2022-10-05 15:39:00,252,252,252,252,0
2022-10-05 15:40:00,252,252,252,252,0
2022-10-05 15:41:00,252,252,252,252,0
2022-10-05 15:42:00,252,252,252,252,0
2022-10-05 15:43:00,252,252,252,252,0
2022-10-05 15:44:00,252,252,252,252,0
2022-10-05 15:45:00,252,252,252,252,0
2022-10-05 15:46:00,252,252,252,252,0
2022-10-05 15:47:00,252,252,252,252,0
2022-10-05 15:48:00,252,252,252,252,0
2022-10-05 15:49:00,252,252,252,252,0
2022-10-05 15:50:00,252,252,252,252,0
2022-10-05 15:51:00,252,252,252,252,0
2022-10-05 15:52:00,252,252,252,252,0
2022-10-05 15:53:00,252,252,252,252,0
2022-10-05 15:54:00,252,252,252,252,0
2022-10-05 15:55:00,252,252,252,252,0
2022-10-05 15:56:00,252,252,252,252,0
2022-10-05 15:57:00,252,252,252,252,0
2022-10-05 15:58:00,252,252,252,252,0
2022-10-05 15:59:00,252,252,252,252,0
2022-10-06 09:00:00,252,252,252,252,0
2022-10-06 09:01:00,260,260,260,260,200
2022-10-06 09:02:00,260,260,260,260,0
2022-10-06 09:03:00,260,254,262,262,2700
2022-10-06 09:04:00,262,252,264,252,10800
2022-10-06 09:05:00,252,250,252,250,7679900
2022-10-06 09:06:00,252,250,252,250,0
2022-10-06 09:07:00,252,250,252,250,0
2022-10-06 09:08:00,252,250,252,250,0
2022-10-06 09:09:00,252,250,252,250,365200
2022-10-06 09:10:00,252,250,252,250,0
2022-10-06 09:11:00,252,250,252,250,0
2022-10-06 09:12:00,252,250,252,250,0
2022-10-06 09:13:00,252,250,252,250,6700
2022-10-06 09:14:00,252,250,252,250,0
2022-10-06 09:15:00,260,260,264,264,11500
2022-10-06 09:16:00,264,262,266,264,2400
2022-10-06 09:17:00,262,262,270,270,2600
2022-10-06 09:18:00,268,268,272,272,37100
2022-10-06 09:19:00,272,272,274,274,37400
2022-10-06 09:20:00,274,274,274,274,1600
2022-10-06 09:21:00,274,274,274,274,52400
2022-10-06 09:22:00,274,272,276,272,17900
2022-10-06 09:23:00,272,272,272,272,1200
2022-10-06 09:24:00,272,270,276,276,1300
2022-10-06 09:25:00,272,270,276,276,0
2022-10-06 09:26:00,274,274,276,276,1300
2022-10-06 09:27:00,274,274,274,274,1000
2022-10-06 09:28:00,272,272,272,272,4000
2022-10-06 09:29:00,274,274,274,274,0
2022-10-06 09:30:00,270,268,270,268,19200
2022-10-06 09:31:00,268,268,272,272,9900
2022-10-06 09:32:00,268,268,272,272,0
2022-10-06 09:33:00,270,270,270,270,4600
2022-10-06 09:34:00,272,272,272,272,2000
2022-10-06 09:35:00,272,272,272,272,0
2022-10-06 09:36:00,272,272,272,272,11000
2022-10-06 09:37:00,272,272,272,272,8800
2022-10-06 09:38:00,272,272,272,272,400
2022-10-06 09:39:00,272,272,272,272,0
2022-10-06 09:40:00,272,272,272,272,0
2022-10-06 09:41:00,272,272,272,272,1300
2022-10-06 09:42:00,272,272,272,272,6900
2022-10-06 09:43:00,272,272,272,272,0
2022-10-06 09:44:00,272,272,272,272,2500
2022-10-06 09:45:00,272,272,272,272,0
2022-10-06 09:46:00,272,272,272,272,0
2022-10-06 09:47:00,270,270,270,270,4800
2022-10-06 09:48:00,270,270,270,270,0
2022-10-06 09:49:00,268,268,268,268,3300
2022-10-06 09:50:00,268,268,268,268,700
2022-10-06 09:51:00,268,268,268,268,0
2022-10-06 09:52:00,268,268,268,268,200
2022-10-06 09:53:00,266,266,266,266,700
2022-10-06 09:54:00,270,270,270,270,0
2022-10-06 09:55:00,266,266,266,266,1400
2022-10-06 09:56:00,266,266,266,266,0
2022-10-06 09:57:00,266,266,266,266,200
2022-10-06 09:58:00,266,266,266,266,0
2022-10-06 09:59:00,266,266,266,266,0
2022-10-06 10:00:00,266,266,266,266,0
2022-10-06 10:01:00,266,266,266,266,0
2022-10-06 10:02:00,266,266,266,266,0
2022-10-06 10:03:00,266,266,266,266,0
2022-10-06 10:04:00,266,266,266,266,100
2022-10-06 10:05:00,266,266,266,266,0
2022-10-06 10:06:00,266,266,266,266,0
2022-10-06 10:07:00,266,266,266,266,0
2022-10-06 10:08:00,266,266,266,266,0
2022-10-06 10:09:00,266,266,266,266,7800
2022-10-06 10:10:00,266,266,266,266,0
2022-10-06 10:11:00,266,266,266,266,0
2022-10-06 10:12:00,266,266,266,266,0
2022-10-06 10:13:00,266,266,266,266,0
2022-10-06 10:14:00,266,266,266,266,0
2022-10-06 10:15:00,266,266,266,266,0
2022-10-06 10:16:00,266,266,266,266,0
2022-10-06 10:17:00,266,266,266,266,0
2022-10-06 10:18:00,266,266,266,266,7500
2022-10-06 10:19:00,266,266,266,266,0
2022-10-06 10:20:00,266,266,266,266,0
2022-10-06 10:21:00,266,266,266,266,0
2022-10-06 10:22:00,266,266,266,266,0
2022-10-06 10:23:00,266,266,266,266,0
2022-10-06 10:24:00,266,266,266,266,0
2022-10-06 10:25:00,266,266,266,266,0
2022-10-06 10:26:00,266,266,266,266,0
2022-10-06 10:27:00,266,266,266,266,0
2022-10-06 10:28:00,266,266,266,266,0
2022-10-06 10:29:00,266,266,266,266,0
2022-10-06 10:30:00,266,266,266,266,2800
2022-10-06 10:31:00,266,266,266,266,0
2022-10-06 10:32:00,266,266,266,266,0
2022-10-06 10:33:00,266,266,268,268,5700
2022-10-06 10:34:00,270,270,272,272,7800
2022-10-06 10:35:00,270,270,272,272,0
2022-10-06 10:36:00,270,270,272,272,0
2022-10-06 10:37:00,270,270,272,272,0
2022-10-06 10:38:00,270,270,272,272,0
2022-10-06 10:39:00,270,270,272,272,0
2022-10-06 10:40:00,272,272,272,272,2000
2022-10-06 10:41:00,272,272,272,272,0
2022-10-06 10:42:00,272,272,272,272,0
2022-10-06 10:43:00,272,272,272,272,0
2022-10-06 10:44:00,272,272,272,272,0
2022-10-06 10:45:00,272,272,272,272,0
2022-10-06 10:46:00,274,274,274,274,0
2022-10-06 10:47:00,274,274,274,274,0
2022-10-06 10:48:00,274,274,274,274,0
2022-10-06 10:49:00,274,274,274,274,0
2022-10-06 10:50:00,274,274,274,274,0
2022-10-06 10:51:00,274,274,274,274,0
2022-10-06 10:52:00,274,274,274,274,0
2022-10-06 10:53:00,274,274,274,274,0
2022-10-06 10:54:00,274,274,274,274,3100
2022-10-06 10:55:00,274,274,274,274,0
2022-10-06 10:56:00,274,274,274,274,0
2022-10-06 10:57:00,274,274,274,274,0
2022-10-06 10:58:00,274,274,274,274,0
2022-10-06 10:59:00,274,274,274,274,0
2022-10-06 11:00:00,274,274,274,274,0
2022-10-06 11:01:00,274,274,274,274,0
2022-10-06 11:02:00,274,274,274,274,4800
2022-10-06 11:03:00,276,276,276,276,18100
2022-10-06 11:04:00,278,278,284,284,35700
2022-10-06 11:05:00,290,288,294,294,14100
2022-10-06 11:06:00,294,290,294,292,22500
2022-10-06 11:07:00,290,290,298,298,14600
2022-10-06 11:08:00,298,296,304,304,56200
2022-10-06 11:09:00,302,302,306,306,87300
2022-10-06 11:10:00,306,306,314,314,103200
2022-10-06 11:11:00,312,310,314,310,157100
2022-10-06 11:12:00,310,310,312,312,0
2022-10-06 11:13:00,312,312,314,314,39600
2022-10-06 11:14:00,314,314,314,314,0
2022-10-06 11:15:00,314,314,314,314,6700
2022-10-06 11:16:00,314,314,314,314,0
2022-10-06 11:17:00,314,314,314,314,10400
2022-10-06 11:18:00,314,314,314,314,0
2022-10-06 11:19:00,314,314,314,314,11500
2022-10-06 11:20:00,314,314,314,314,0
2022-10-06 11:21:00,314,314,314,314,200
2022-10-06 11:22:00,314,314,314,314,4100
2022-10-06 11:23:00,314,314,314,314,0
2022-10-06 11:24:00,314,314,314,314,0
2022-10-06 11:25:00,314,314,314,314,10200
2022-10-06 11:26:00,314,314,314,314,0
2022-10-06 11:27:00,314,314,314,314,2000
2022-10-06 11:28:00,314,314,314,314,0
2022-10-06 11:29:00,314,314,314,314,0
2022-10-06 11:30:00,314,314,314,314,0
2022-10-06 11:31:00,314,314,314,314,0
2022-10-06 11:32:00,314,314,314,314,0
2022-10-06 11:33:00,314,314,314,314,0
2022-10-06 11:34:00,314,314,314,314,0
2022-10-06 11:35:00,314,314,314,314,0
2022-10-06 11:36:00,314,314,314,314,0
2022-10-06 11:37:00,314,314,314,314,0
2022-10-06 11:38:00,314,314,314,314,0
2022-10-06 11:39:00,314,314,314,314,0
2022-10-06 11:40:00,314,314,314,314,0
2022-10-06 11:41:00,314,314,314,314,0
2022-10-06 11:42:00,314,314,314,314,0
2022-10-06 11:43:00,314,314,314,314,0
2022-10-06 11:44:00,314,314,314,314,0
2022-10-06 11:45:00,314,314,314,314,0
2022-10-06 11:46:00,314,314,314,314,0
2022-10-06 11:47:00,314,314,314,314,0
2022-10-06 11:48:00,314,314,314,314,0
2022-10-06 11:49:00,314,314,314,314,0
2022-10-06 11:50:00,314,314,314,314,0
2022-10-06 11:51:00,314,314,314,314,0
2022-10-06 11:52:00,314,314,314,314,0
2022-10-06 11:53:00,314,314,314,314,0
2022-10-06 11:54:00,314,314,314,314,0
2022-10-06 11:55:00,314,314,314,314,0
2022-10-06 11:56:00,314,314,314,314,0
2022-10-06 11:57:00,314,314,314,314,0
2022-10-06 11:58:00,314,314,314,314,0
2022-10-06 11:59:00,314,314,314,314,0
2022-10-06 12:00:00,314,314,314,314,0
2022-10-06 12:01:00,314,314,314,314,0
2022-10-06 12:02:00,314,314,314,314,0
2022-10-06 12:03:00,314,314,314,314,0
2022-10-06 12:04:00,314,314,314,314,0
2022-10-06 12:05:00,314,314,314,314,0
2022-10-06 12:06:00,314,314,314,314,0
2022-10-06 12:07:00,314,314,314,314,0
2022-10-06 12:08:00,314,314,314,314,0
2022-10-06 12:09:00,314,314,314,314,0
2022-10-06 12:10:00,314,314,314,314,0
2022-10-06 12:11:00,314,314,314,314,0
2022-10-06 12:12:00,314,314,314,314,0
2022-10-06 12:13:00,314,314,314,314,0
2022-10-06 12:14:00,314,314,314,314,0
2022-10-06 12:15:00,314,314,314,314,0
2022-10-06 12:16:00,314,314,314,314,0
2022-10-06 12:17:00,314,314,314,314,0
2022-10-06 12:18:00,314,314,314,314,0
2022-10-06 12:19:00,314,314,314,314,0
2022-10-06 12:20:00,314,314,314,314,0
2022-10-06 12:21:00,314,314,314,314,0
2022-10-06 12:22:00,314,314,314,314,0
2022-10-06 12:23:00,314,314,314,314,0
2022-10-06 12:24:00,314,314,314,314,0
2022-10-06 12:25:00,314,314,314,314,0
2022-10-06 12:26:00,314,314,314,314,0
2022-10-06 12:27:00,314,314,314,314,0
2022-10-06 12:28:00,314,314,314,314,0
2022-10-06 12:29:00,314,314,314,314,0
2022-10-06 12:30:00,314,314,314,314,0
2022-10-06 12:31:00,314,314,314,314,0
2022-10-06 12:32:00,314,314,314,314,0
2022-10-06 12:33:00,314,314,314,314,0
2022-10-06 12:34:00,314,314,314,314,0
2022-10-06 12:35:00,314,314,314,314,0
2022-10-06 12:36:00,314,314,314,314,0
2022-10-06 12:37:00,314,314,314,314,0
2022-10-06 12:38:00,314,314,314,314,0
2022-10-06 12:39:00,314,314,314,314,0
2022-10-06 12:40:00,314,314,314,314,0
2022-10-06 12:41:00,314,314,314,314,0
2022-10-06 12:42:00,314,314,314,314,0
2022-10-06 12:43:00,314,314,314,314,0
2022-10-06 12:44:00,314,314,314,314,0
2022-10-06 12:45:00,314,314,314,314,0
2022-10-06 12:46:00,314,314,314,314,0
2022-10-06 12:47:00,314,314,314,314,0
2022-10-06 12:48:00,314,314,314,314,0
2022-10-06 12:49:00,314,314,314,314,0
2022-10-06 12:50:00,314,314,314,314,0
2022-10-06 12:51:00,314,314,314,314,0
2022-10-06 12:52:00,314,314,314,314,0
2022-10-06 12:53:00,314,314,314,314,0
2022-10-06 12:54:00,314,314,314,314,0
2022-10-06 12:55:00,314,314,314,314,0
2022-10-06 12:56:00,314,314,314,314,0
2022-10-06 12:57:00,314,314,314,314,0
2022-10-06 12:58:00,314,314,314,314,0
2022-10-06 12:59:00,314,314,314,314,0
2022-10-06 13:00:00,314,314,314,314,0
2022-10-06 13:01:00,314,314,314,314,0
2022-10-06 13:02:00,314,314,314,314,0
2022-10-06 13:03:00,314,314,314,314,0
2022-10-06 13:04:00,314,314,314,314,0
2022-10-06 13:05:00,314,314,314,314,0
2022-10-06 13:06:00,314,314,314,314,0
2022-10-06 13:07:00,314,314,314,314,0
2022-10-06 13:08:00,314,314,314,314,0
2022-10-06 13:09:00,314,314,314,314,0
2022-10-06 13:10:00,314,314,314,314,0
2022-10-06 13:11:00,314,314,314,314,0
2022-10-06 13:12:00,314,314,314,314,0
2022-10-06 13:13:00,314,314,314,314,0
2022-10-06 13:14:00,314,314,314,314,0
2022-10-06 13:15:00,314,314,314,314,0
2022-10-06 13:16:00,314,314,314,314,0
2022-10-06 13:17:00,314,314,314,314,0
2022-10-06 13:18:00,314,314,314,314,0
2022-10-06 13:19:00,314,314,314,314,0
2022-10-06 13:20:00,314,314,314,314,0
2022-10-06 13:21:00,314,314,314,314,0
2022-10-06 13:22:00,314,314,314,314,0
2022-10-06 13:23:00,314,314,314,314,0
2022-10-06 13:24:00,314,314,314,314,0
2022-10-06 13:25:00,314,314,314,314,0
2022-10-06 13:26:00,314,314,314,314,0
2022-10-06 13:27:00,314,314,314,314,0
2022-10-06 13:28:00,314,314,314,314,0
2022-10-06 13:29:00,314,314,314,314,0
2022-10-06 13:30:00,314,314,314,314,324400
2022-10-06 13:31:00,314,312,314,312,63300
2022-10-06 13:32:00,312,312,312,312,18900
2022-10-06 13:33:00,312,310,312,310,53900
2022-10-06 13:34:00,314,314,314,314,19600
2022-10-06 13:35:00,314,310,314,314,0
2022-10-06 13:36:00,314,310,314,314,0
2022-10-06 13:37:00,314,310,314,314,0
2022-10-06 13:38:00,310,310,310,310,38100
2022-10-06 13:39:00,308,306,310,308,32700
2022-10-06 13:40:00,308,306,310,308,0
2022-10-06 13:41:00,308,308,314,314,25200
2022-10-06 13:42:00,308,308,308,308,0
2022-10-06 13:43:00,308,308,308,308,400
2022-10-06 13:44:00,308,308,308,308,1700
2022-10-06 13:45:00,308,306,308,306,33100
2022-10-06 13:46:00,306,304,306,304,29400
2022-10-06 13:47:00,306,304,306,304,0
2022-10-06 13:48:00,302,302,302,302,8000
2022-10-06 13:49:00,300,294,300,294,14500
2022-10-06 13:50:00,294,278,294,286,36400
2022-10-06 13:51:00,286,282,286,286,3100
2022-10-06 13:52:00,286,286,286,286,1400
2022-10-06 13:53:00,284,282,284,282,6200
2022-10-06 13:54:00,282,280,282,280,2000
2022-10-06 13:55:00,280,280,280,280,0
2022-10-06 13:56:00,284,284,284,284,9635400
2022-10-06 13:57:00,284,284,294,294,8800
2022-10-06 13:58:00,296,296,302,302,10800
2022-10-06 13:59:00,302,300,308,308,104700
2022-10-06 14:00:00,308,308,308,308,29800
2022-10-06 14:01:00,312,312,314,314,12800
2022-10-06 14:02:00,310,308,310,310,5400
2022-10-06 14:03:00,308,296,308,296,15800
2022-10-06 14:04:00,308,296,308,296,0
2022-10-06 14:05:00,294,294,294,294,12100
2022-10-06 14:06:00,292,282,292,282,11500
2022-10-06 14:07:00,282,282,296,296,8400
2022-10-06 14:08:00,296,280,296,280,43400
2022-10-06 14:09:00,280,280,290,288,22100
2022-10-06 14:10:00,286,284,286,284,0
2022-10-06 14:11:00,286,286,290,288,14300
2022-10-06 14:12:00,290,290,300,296,14200
2022-10-06 14:13:00,294,294,296,294,0
2022-10-06 14:14:00,296,292,296,292,5900
2022-10-06 14:15:00,292,288,292,288,11000
2022-10-06 14:16:00,292,292,298,296,11700
2022-10-06 14:17:00,296,296,308,308,36800
2022-10-06 14:18:00,306,302,310,308,53100
2022-10-06 14:19:00,308,306,308,306,38200
2022-10-06 14:20:00,306,300,306,300,900
2022-10-06 14:21:00,300,300,300,300,5800
2022-10-06 14:22:00,300,296,300,296,2900
2022-10-06 14:23:00,300,296,300,296,0
2022-10-06 14:24:00,292,292,302,302,75200
2022-10-06 14:25:00,302,302,308,306,10200
2022-10-06 14:26:00,306,302,306,302,17700
2022-10-06 14:27:00,302,300,302,300,0
2022-10-06 14:28:00,300,290,300,300,29700
2022-10-06 14:29:00,300,300,308,308,27300
2022-10-06 14:30:00,304,298,308,308,14100
2022-10-06 14:31:00,306,306,308,306,8000
2022-10-06 14:32:00,304,300,306,306,2500
2022-10-06 14:33:00,304,300,306,306,0
2022-10-06 14:34:00,300,300,300,300,17900
2022-10-06 14:35:00,306,298,306,298,7600
2022-10-06 14:36:00,306,298,306,298,0
2022-10-06 14:37:00,300,300,300,300,900
2022-10-06 14:38:00,300,300,300,300,3800
2022-10-06 14:39:00,302,300,302,300,12100
2022-10-06 14:40:00,300,294,300,296,26400
2022-10-06 14:41:00,296,296,298,298,1600
2022-10-06 14:42:00,298,298,300,300,100
2022-10-06 14:43:00,300,296,302,296,4100
2022-10-06 14:44:00,300,300,304,304,7000
2022-10-06 14:45:00,306,304,306,304,19400
2022-10-06 14:46:00,300,300,300,300,0
2022-10-06 14:47:00,300,300,300,300,1000
2022-10-06 14:48:00,298,298,300,300,1900
2022-10-06 14:49:00,302,300,302,300,17400
2022-10-06 14:50:00,302,300,302,300,0
2022-10-06 14:51:00,302,300,302,300,0
2022-10-06 14:52:00,302,300,302,300,0
2022-10-06 14:53:00,302,300,302,300,0
2022-10-06 14:54:00,302,300,302,300,0
2022-10-06 14:55:00,302,300,302,300,0
2022-10-06 14:56:00,302,300,302,300,0
2022-10-06 14:57:00,302,300,302,300,0
2022-10-06 14:58:00,302,300,302,300,0
2022-10-06 14:59:00,302,300,302,300,0
2022-10-06 15:00:00,306,306,306,306,78400
2022-10-06 15:01:00,306,306,306,306,21300
2022-10-06 15:02:00,306,306,306,306,900
2022-10-06 15:03:00,306,306,306,306,3600
2022-10-06 15:04:00,306,306,306,306,0
2022-10-06 15:05:00,306,306,306,306,1500
2022-10-06 15:06:00,306,306,306,306,49900
2022-10-06 15:07:00,306,306,306,306,0
2022-10-06 15:08:00,306,306,306,306,500
2022-10-06 15:09:00,306,306,306,306,10567500
2022-10-06 15:10:00,306,306,306,306,0
2022-10-06 15:11:00,306,306,306,306,0
2022-10-06 15:12:00,306,306,306,306,0
2022-10-06 15:13:00,306,306,306,306,0
2022-10-06 15:14:00,306,306,306,306,0
2022-10-06 15:15:00,306,306,306,306,0
2022-10-06 15:16:00,306,306,306,306,0
2022-10-06 15:17:00,306,306,306,306,0
2022-10-06 15:18:00,306,306,306,306,0
2022-10-06 15:19:00,306,306,306,306,0
2022-10-06 15:20:00,306,306,306,306,0
2022-10-06 15:21:00,306,306,306,306,0
2022-10-06 15:22:00,306,306,306,306,0
2022-10-06 15:23:00,306,306,306,306,0
2022-10-06 15:24:00,306,306,306,306,0
2022-10-06 15:25:00,306,306,306,306,0
2022-10-06 15:26:00,306,306,306,306,0
2022-10-06 15:27:00,306,306,306,306,0
2022-10-06 15:28:00,306,306,306,306,0
2022-10-06 15:29:00,306,306,306,306,0
2022-10-06 15:30:00,306,306,306,306,0
2022-10-06 15:31:00,306,306,306,306,0
2022-10-06 15:32:00,306,306,306,306,0
2022-10-06 15:33:00,306,306,306,306,0
2022-10-06 15:34:00,306,306,306,306,0
2022-10-06 15:35:00,306,306,306,306,0
2022-10-06 15:36:00,306,306,306,306,0
2022-10-06 15:37:00,306,306,306,306,0
2022-10-06 15:38:00,306,306,306,306,0
2022-10-06 15:39:00,306,306,306,306,0
2022-10-06 15:40:00,306,306,306,306,0
2022-10-06 15:41:00,306,306,306,306,0
2022-10-06 15:42:00,306,306,306,306,0
2022-10-06 15:43:00,306,306,306,306,0
2022-10-06 15:44:00,306,306,306,306,0
2022-10-06 15:45:00,306,306,306,306,0
2022-10-06 15:46:00,306,306,306,306,0
2022-10-06 15:47:00,306,306,306,306,0
2022-10-06 15:48:00,306,306,306,306,0
2022-10-06 15:49:00,306,306,306,306,0
2022-10-06 15:50:00,306,306,306,306,0
2022-10-06 15:51:00,306,306,306,306,0
2022-10-06 15:52:00,306,306,306,306,0
2022-10-06 15:53:00,306,306,306,306,0
2022-10-06 15:54:00,306,306,306,306,0
2022-10-06 15:55:00,306,306,306,306,0
2022-10-06 15:56:00,306,306,306,306,0
2022-10-06 15:57:00,306,306,306,306,0
2022-10-06 15:58:00,306,306,306,306,0
2022-10-06 15:59:00,306,306,306,306,0
2022-10-07 09:00:00,304,304,314,314,0
2022-10-07 09:01:00,314,314,330,328,107300
2022-10-07 09:02:00,328,328,340,334,152800
2022-10-07 09:03:00,334,334,368,364,240900
2022-10-07 09:04:00,364,352,364,356,112500
2022-10-07 09:05:00,356,354,360,360,67300
2022-10-07 09:06:00,360,356,360,358,63300
2022-10-07 09:07:00,358,356,360,356,93800
2022-10-07 09:08:00,358,350,358,350,68800
2022-10-07 09:09:00,350,340,350,340,67800
2022-10-07 09:10:00,340,340,350,350,27300
2022-10-07 09:11:00,348,348,350,348,33200
2022-10-07 09:12:00,348,346,348,348,13400
2022-10-07 09:13:00,346,346,346,346,23200
2022-10-07 09:14:00,346,344,346,346,7400
2022-10-07 09:15:00,344,344,346,346,26300
2022-10-07 09:16:00,346,344,346,344,2100
2022-10-07 09:17:00,346,342,346,342,39900
2022-10-07 09:18:00,342,340,342,340,26400
2022-10-07 09:19:00,342,340,342,340,19300
2022-10-07 09:20:00,340,340,340,340,20200
2022-10-07 09:21:00,342,340,342,340,24500
2022-10-07 09:22:00,342,342,350,350,79000
2022-10-07 09:23:00,350,350,354,350,29000
2022-10-07 09:24:00,354,338,354,340,116800
2022-10-07 09:25:00,340,338,340,338,67100
2022-10-07 09:26:00,338,326,338,326,157700
2022-10-07 09:27:00,328,324,328,324,30600
2022-10-07 09:28:00,324,322,338,336,11600
2022-10-07 09:29:00,336,328,336,328,53800
2022-10-07 09:30:00,330,328,330,328,5400
2022-10-07 09:31:00,328,326,330,330,22200
2022-10-07 09:32:00,330,328,330,328,5800
2022-10-07 09:33:00,328,328,328,328,1500
2022-10-07 09:34:00,330,330,330,330,0
2022-10-07 09:35:00,330,330,330,330,600
2022-10-07 09:36:00,328,328,328,328,5300
2022-10-07 09:37:00,326,326,326,326,1400
2022-10-07 09:38:00,328,326,328,326,9300
2022-10-07 09:39:00,326,326,326,326,0
2022-10-07 09:40:00,326,326,326,326,10200
2022-10-07 09:41:00,326,318,326,318,6100
2022-10-07 09:42:00,318,312,320,320,25400
2022-10-07 09:43:00,318,318,320,318,6800
2022-10-07 09:44:00,318,318,322,322,10200
2022-10-07 09:45:00,322,318,324,320,13300
2022-10-07 09:46:00,320,320,326,326,700
2022-10-07 09:47:00,320,320,320,320,5500
2022-10-07 09:48:00,320,320,322,322,1600
2022-10-07 09:49:00,322,320,322,320,3000
2022-10-07 09:50:00,320,320,320,320,3300
2022-10-07 09:51:00,318,316,318,318,16600
2022-10-07 09:52:00,316,312,316,312,12700
2022-10-07 09:53:00,310,306,314,308,79000
2022-10-07 09:54:00,308,308,310,310,12100
2022-10-07 09:55:00,312,312,314,314,1600
2022-10-07 09:56:00,314,310,314,312,18400
2022-10-07 09:57:00,310,310,310,310,4600
2022-10-07 09:58:00,310,308,310,310,5900
2022-10-07 09:59:00,310,308,310,308,11000
2022-10-07 10:00:00,306,304,306,306,29900
2022-10-07 10:01:00,306,300,306,300,64100
2022-10-07 10:02:00,300,300,302,300,129400
2022-10-07 10:03:00,300,300,302,302,16100
2022-10-07 10:04:00,302,302,302,302,52200
2022-10-07 10:05:00,306,306,312,312,100
2022-10-07 10:06:00,310,306,310,308,3300
2022-10-07 10:07:00,310,310,312,312,5800
2022-10-07 10:08:00,314,312,316,312,7500
2022-10-07 10:09:00,310,308,310,308,40000
2022-10-07 10:10:00,308,308,310,308,0
2022-10-07 10:11:00,308,308,308,308,4700
2022-10-07 10:12:00,308,308,308,308,33800
2022-10-07 10:13:00,308,308,308,308,3800
2022-10-07 10:14:00,308,308,308,308,0
2022-10-07 10:15:00,308,308,308,308,0
2022-10-07 10:16:00,308,308,308,308,800
2022-10-07 10:17:00,310,306,310,306,1000
2022-10-07 10:18:00,310,310,310,310,400
2022-10-07 10:19:00,306,302,306,302,19900
2022-10-07 10:20:00,308,308,308,308,0
2022-10-07 10:21:00,308,308,308,308,0
2022-10-07 10:22:00,308,308,308,308,400
2022-10-07 10:23:00,308,308,308,308,0
2022-10-07 10:24:00,308,304,308,304,6300
2022-10-07 10:25:00,302,302,304,304,4800
2022-10-07 10:26:00,304,302,304,302,3800
2022-10-07 10:27:00,302,302,302,302,100
2022-10-07 10:28:00,302,302,302,302,0
2022-10-07 10:29:00,302,302,302,302,0
2022-10-07 10:30:00,308,308,308,308,3400
2022-10-07 10:31:00,308,308,308,308,0
2022-10-07 10:32:00,308,308,308,308,0
2022-10-07 10:33:00,308,308,308,308,0
2022-10-07 10:34:00,308,308,308,308,0
2022-10-07 10:35:00,304,300,304,300,9800
2022-10-07 10:36:00,302,302,302,302,7000
2022-10-07 10:37:00,302,302,302,302,5600
2022-10-07 10:38:00,302,302,302,302,0
2022-10-07 10:39:00,302,300,302,300,0
2022-10-07 10:40:00,300,300,300,300,0
2022-10-07 10:41:00,302,302,302,302,6600
2022-10-07 10:42:00,302,302,302,302,2100
2022-10-07 10:43:00,302,300,302,300,41500
2022-10-07 10:44:00,300,300,300,300,0
2022-10-07 10:45:00,300,300,300,300,0
2022-10-07 10:46:00,300,300,300,300,5500
2022-10-07 10:47:00,302,302,302,302,0
2022-10-07 10:48:00,302,302,302,302,0
2022-10-07 10:49:00,302,302,302,302,14400
2022-10-07 10:50:00,302,302,302,302,0
2022-10-07 10:51:00,302,302,302,302,0
2022-10-07 10:52:00,302,302,302,302,0
2022-10-07 10:53:00,302,302,302,302,0
2022-10-07 10:54:00,302,302,302,302,0
2022-10-07 10:55:00,304,304,306,306,200
2022-10-07 10:56:00,308,308,308,308,400
2022-10-07 10:57:00,308,308,308,308,7200
2022-10-07 10:58:00,308,308,308,308,0
2022-10-07 10:59:00,308,308,308,308,0
2022-10-07 11:00:00,304,302,304,302,0
2022-10-07 11:01:00,304,304,304,304,0
2022-10-07 11:02:00,304,304,304,304,0
2022-10-07 11:03:00,304,304,304,304,0
2022-10-07 11:04:00,304,304,304,304,600
2022-10-07 11:05:00,304,304,304,304,0
2022-10-07 11:06:00,304,304,304,304,300
2022-10-07 11:07:00,304,304,304,304,0
2022-10-07 11:08:00,304,304,304,304,0
2022-10-07 11:09:00,304,304,304,304,0
2022-10-07 11:10:00,304,304,304,304,0
2022-10-07 11:11:00,304,304,304,304,0
2022-10-07 11:12:00,304,304,304,304,2200
2022-10-07 11:13:00,304,304,304,304,0
2022-10-07 11:14:00,304,304,304,304,1000
2022-10-07 11:15:00,302,302,302,302,4500
2022-10-07 11:16:00,302,302,302,302,1700
2022-10-07 11:17:00,304,304,304,304,0
2022-10-07 11:18:00,304,304,304,304,0
2022-10-07 11:19:00,304,304,304,304,0
2022-10-07 11:20:00,304,304,304,304,0
2022-10-07 11:21:00,304,304,304,304,0
2022-10-07 11:22:00,304,304,304,304,0
2022-10-07 11:23:00,304,304,304,304,0
2022-10-07 11:24:00,304,304,304,304,6500
2022-10-07 11:25:00,304,304,304,304,0
2022-10-07 11:26:00,304,304,304,304,0
2022-10-07 11:27:00,304,304,304,304,200
2022-10-07 11:28:00,304,304,304,304,0
2022-10-07 11:29:00,304,304,304,304,0
2022-10-07 11:30:00,304,304,304,304,0
2022-10-07 11:31:00,304,304,304,304,0
2022-10-07 11:32:00,304,304,304,304,0
2022-10-07 11:33:00,304,304,304,304,0
2022-10-07 11:34:00,304,304,304,304,0
2022-10-07 11:35:00,304,304,304,304,0
2022-10-07 11:36:00,304,304,304,304,0
2022-10-07 11:37:00,304,304,304,304,0
2022-10-07 11:38:00,304,304,304,304,0
2022-10-07 11:39:00,304,304,304,304,0
2022-10-07 11:40:00,304,304,304,304,0
2022-10-07 11:41:00,304,304,304,304,0
2022-10-07 11:42:00,304,304,304,304,0
2022-10-07 11:43:00,304,304,304,304,0
2022-10-07 11:44:00,304,304,304,304,0
2022-10-07 11:45:00,304,304,304,304,0
2022-10-07 11:46:00,304,304,304,304,0
2022-10-07 11:47:00,304,304,304,304,0
2022-10-07 11:48:00,304,304,304,304,0
2022-10-07 11:49:00,304,304,304,304,0
2022-10-07 11:50:00,304,304,304,304,0
2022-10-07 11:51:00,304,304,304,304,0
2022-10-07 11:52:00,304,304,304,304,0
2022-10-07 11:53:00,304,304,304,304,0
2022-10-07 11:54:00,304,304,304,304,0
2022-10-07 11:55:00,304,304,304,304,0
2022-10-07 11:56:00,304,304,304,304,0
2022-10-07 11:57:00,304,304,304,304,0
2022-10-07 11:58:00,304,304,304,304,0
2022-10-07 11:59:00,304,304,304,304,0
2022-10-07 12:00:00,304,304,304,304,0
2022-10-07 12:01:00,304,304,304,304,0
2022-10-07 12:02:00,304,304,304,304,0
2022-10-07 12:03:00,304,304,304,304,0
2022-10-07 12:04:00,304,304,304,304,0
2022-10-07 12:05:00,304,304,304,304,0
2022-10-07 12:06:00,304,304,304,304,0
2022-10-07 12:07:00,304,304,304,304,0
2022-10-07 12:08:00,304,304,304,304,0
2022-10-07 12:09:00,304,304,304,304,0
2022-10-07 12:10:00,304,304,304,304,0
2022-10-07 12:11:00,304,304,304,304,0
2022-10-07 12:12:00,304,304,304,304,0
2022-10-07 12:13:00,304,304,304,304,0
2022-10-07 12:14:00,304,304,304,304,0
2022-10-07 12:15:00,304,304,304,304,0
2022-10-07 12:16:00,304,304,304,304,0
2022-10-07 12:17:00,304,304,304,304,0
2022-10-07 12:18:00,304,304,304,304,0
2022-10-07 12:19:00,304,304,304,304,0
2022-10-07 12:20:00,304,304,304,304,0
2022-10-07 12:21:00,304,304,304,304,0
2022-10-07 12:22:00,304,304,304,304,0
2022-10-07 12:23:00,304,304,304,304,0
2022-10-07 12:24:00,304,304,304,304,0
2022-10-07 12:25:00,304,304,304,304,0
2022-10-07 12:26:00,304,304,304,304,0
2022-10-07 12:27:00,304,304,304,304,0
2022-10-07 12:28:00,304,304,304,304,0
2022-10-07 12:29:00,304,304,304,304,0
2022-10-07 12:30:00,304,304,304,304,0
2022-10-07 12:31:00,304,304,304,304,0
2022-10-07 12:32:00,304,304,304,304,0
2022-10-07 12:33:00,304,304,304,304,0
2022-10-07 12:34:00,304,304,304,304,0
2022-10-07 12:35:00,304,304,304,304,0
2022-10-07 12:36:00,304,304,304,304,0
2022-10-07 12:37:00,304,304,304,304,0
2022-10-07 12:38:00,304,304,304,304,0
2022-10-07 12:39:00,304,304,304,304,0
2022-10-07 12:40:00,304,304,304,304,0
2022-10-07 12:41:00,304,304,304,304,0
2022-10-07 12:42:00,304,304,304,304,0
2022-10-07 12:43:00,304,304,304,304,0
2022-10-07 12:44:00,304,304,304,304,0
2022-10-07 12:45:00,304,304,304,304,0
2022-10-07 12:46:00,304,304,304,304,0
2022-10-07 12:47:00,304,304,304,304,0
2022-10-07 12:48:00,304,304,304,304,0
2022-10-07 12:49:00,304,304,304,304,0
2022-10-07 12:50:00,304,304,304,304,0
2022-10-07 12:51:00,304,304,304,304,0
2022-10-07 12:52:00,304,304,304,304,0
2022-10-07 12:53:00,304,304,304,304,0
2022-10-07 12:54:00,304,304,304,304,0
2022-10-07 12:55:00,304,304,304,304,0
2022-10-07 12:56:00,304,304,304,304,0
2022-10-07 12:57:00,304,304,304,304,0
2022-10-07 12:58:00,304,304,304,304,0
2022-10-07 12:59:00,304,304,304,304,0
2022-10-07 13:00:00,304,304,304,304,0
2022-10-07 13:01:00,304,304,304,304,0
2022-10-07 13:02:00,304,304,304,304,0
2022-10-07 13:03:00,304,304,304,304,0
2022-10-07 13:04:00,304,304,304,304,0
2022-10-07 13:05:00,304,304,304,304,0
2022-10-07 13:06:00,304,304,304,304,0
2022-10-07 13:07:00,304,304,304,304,0
2022-10-07 13:08:00,304,304,304,304,0
2022-10-07 13:09:00,304,304,304,304,0
2022-10-07 13:10:00,304,304,304,304,0
2022-10-07 13:11:00,304,304,304,304,0
2022-10-07 13:12:00,304,304,304,304,0
2022-10-07 13:13:00,304,304,304,304,0
2022-10-07 13:14:00,304,304,304,304,0
2022-10-07 13:15:00,304,304,304,304,0
2022-10-07 13:16:00,304,304,304,304,0
2022-10-07 13:17:00,304,304,304,304,0
2022-10-07 13:18:00,304,304,304,304,0
2022-10-07 13:19:00,304,304,304,304,0
2022-10-07 13:20:00,304,304,304,304,0
2022-10-07 13:21:00,304,304,304,304,0
2022-10-07 13:22:00,304,304,304,304,0
2022-10-07 13:23:00,304,304,304,304,0
2022-10-07 13:24:00,304,304,304,304,0
2022-10-07 13:25:00,304,304,304,304,0
2022-10-07 13:26:00,304,304,304,304,0
2022-10-07 13:27:00,304,304,304,304,0
2022-10-07 13:28:00,304,304,304,304,0
2022-10-07 13:29:00,304,304,304,304,0
2022-10-07 13:30:00,304,304,304,304,400
2022-10-07 13:31:00,304,304,304,304,3800
2022-10-07 13:32:00,304,304,304,304,0
2022-10-07 13:33:00,304,304,304,304,0
2022-10-07 13:34:00,302,302,302,302,5400
2022-10-07 13:35:00,302,302,302,302,0
2022-10-07 13:36:00,302,302,302,302,2000
2022-10-07 13:37:00,306,306,306,306,600
2022-10-07 13:38:00,306,306,306,306,0
2022-10-07 13:39:00,306,306,306,306,0
2022-10-07 13:40:00,304,304,304,304,4000
2022-10-07 13:41:00,304,304,304,304,0
2022-10-07 13:42:00,304,304,304,304,0
2022-10-07 13:43:00,304,304,304,304,0
2022-10-07 13:44:00,304,304,304,304,0
2022-10-07 13:45:00,304,304,304,304,0
2022-10-07 13:46:00,304,304,304,304,0
2022-10-07 13:47:00,304,304,304,304,0
2022-10-07 13:48:00,302,302,302,302,900
2022-10-07 13:49:00,302,298,302,298,88900
2022-10-07 13:50:00,296,292,296,296,19800
2022-10-07 13:51:00,298,298,298,298,1900
2022-10-07 13:52:00,298,298,298,298,0
2022-10-07 13:53:00,296,296,296,296,900
2022-10-07 13:54:00,294,290,296,292,37800
2022-10-07 13:55:00,292,290,292,292,22800
2022-10-07 13:56:00,292,290,292,290,9700
2022-10-07 13:57:00,290,290,290,290,1000
2022-10-07 13:58:00,290,290,290,290,0
2022-10-07 13:59:00,290,290,290,290,0
2022-10-07 14:00:00,290,290,290,290,0
2022-10-07 14:01:00,290,290,290,290,0
2022-10-07 14:02:00,290,290,290,290,3900
2022-10-07 14:03:00,290,290,290,290,8600
2022-10-07 14:04:00,290,290,290,290,0
2022-10-07 14:05:00,290,290,290,290,0
2022-10-07 14:06:00,290,290,290,290,0
2022-10-07 14:07:00,290,290,290,290,0
2022-10-07 14:08:00,290,290,290,290,0
2022-10-07 14:09:00,292,292,296,296,300
2022-10-07 14:10:00,290,290,290,290,1800
2022-10-07 14:11:00,290,290,290,290,0
2022-10-07 14:12:00,292,292,292,292,0
2022-10-07 14:13:00,290,290,290,290,1200
2022-10-07 14:14:00,290,290,290,290,11700
2022-10-07 14:15:00,290,290,290,290,0
2022-10-07 14:16:00,290,290,290,290,0
2022-10-07 14:17:00,290,290,290,290,0
2022-10-07 14:18:00,292,290,292,290,10000
2022-10-07 14:19:00,290,290,290,290,500
2022-10-07 14:20:00,290,290,290,290,0
2022-10-07 14:21:00,290,290,290,290,0
2022-10-07 14:22:00,290,290,290,290,0
2022-10-07 14:23:00,290,288,290,288,1700
2022-10-07 14:24:00,290,290,290,290,600
2022-10-07 14:25:00,290,290,290,290,0
2022-10-07 14:26:00,290,290,290,290,1000
2022-10-07 14:27:00,290,290,290,290,0
2022-10-07 14:28:00,290,290,290,290,0
2022-10-07 14:29:00,290,290,290,290,0
2022-10-07 14:30:00,290,290,290,290,1500
2022-10-07 14:31:00,290,290,290,290,0
2022-10-07 14:32:00,292,292,292,292,1600
2022-10-07 14:33:00,292,290,292,290,0
2022-10-07 14:34:00,290,290,290,290,2200
2022-10-07 14:35:00,290,290,290,290,7800
2022-10-07 14:36:00,290,290,290,290,400
2022-10-07 14:37:00,290,290,290,290,3800
2022-10-07 14:38:00,290,290,290,290,11800
2022-10-07 14:39:00,290,290,290,290,0
2022-10-07 14:40:00,290,290,290,290,200
2022-10-07 14:41:00,290,290,290,290,500
2022-10-07 14:42:00,290,290,290,290,4900
2022-10-07 14:43:00,290,290,290,290,0
2022-10-07 14:44:00,290,290,290,290,0
2022-10-07 14:45:00,290,290,290,290,0
2022-10-07 14:46:00,290,290,290,290,0
2022-10-07 14:47:00,288,288,288,288,9400
2022-10-07 14:48:00,288,288,288,288,0
2022-10-07 14:49:00,288,288,292,292,0
2022-10-07 14:50:00,288,288,292,292,0
2022-10-07 14:51:00,288,288,292,292,0
2022-10-07 14:52:00,288,288,292,292,0
2022-10-07 14:53:00,288,288,292,292,0
2022-10-07 14:54:00,288,288,292,292,0
2022-10-07 14:55:00,288,288,292,292,0
2022-10-07 14:56:00,288,288,292,292,0
2022-10-07 14:57:00,288,288,292,292,0
2022-10-07 14:58:00,288,288,292,292,0
2022-10-07 14:59:00,288,288,292,292,0
2022-10-07 15:00:00,298,298,298,298,11000
2022-10-07 15:01:00,298,298,298,298,2000
2022-10-07 15:02:00,298,298,298,298,0
2022-10-07 15:03:00,298,298,298,298,7000
2022-10-07 15:04:00,298,298,298,298,1100
2022-10-07 15:05:00,298,298,298,298,0
2022-10-07 15:06:00,298,298,298,298,0
2022-10-07 15:07:00,298,298,298,298,0
2022-10-07 15:08:00,298,298,298,298,0
2022-10-07 15:09:00,298,298,298,298,0
2022-10-07 15:10:00,298,298,298,298,0
2022-10-07 15:11:00,298,298,298,298,0
2022-10-07 15:12:00,298,298,298,298,0
2022-10-07 15:13:00,298,298,298,298,0
2022-10-07 15:14:00,298,298,298,298,0
2022-10-07 15:15:00,298,298,298,298,0
2022-10-07 15:16:00,298,298,298,298,0
2022-10-07 15:17:00,298,298,298,298,0
2022-10-07 15:18:00,298,298,298,298,0
2022-10-07 15:19:00,298,298,298,298,0
2022-10-07 15:20:00,298,298,298,298,0
2022-10-07 15:21:00,298,298,298,298,0
2022-10-07 15:22:00,298,298,298,298,0
2022-10-07 15:23:00,298,298,298,298,0
2022-10-07 15:24:00,298,298,298,298,0
2022-10-07 15:25:00,298,298,298,298,0
2022-10-07 15:26:00,298,298,298,298,0
2022-10-07 15:27:00,298,298,298,298,0
2022-10-07 15:28:00,298,298,298,298,0
2022-10-07 15:29:00,298,298,298,298,0
2022-10-07 15:30:00,298,298,298,298,0
2022-10-07 15:31:00,298,298,298,298,0
2022-10-07 15:32:00,298,298,298,298,0
2022-10-07 15:33:00,298,298,298,298,0
2022-10-07 15:34:00,298,298,298,298,0
2022-10-07 15:35:00,298,298,298,298,0
2022-10-07 15:36:00,298,298,298,298,0
2022-10-07 15:37:00,298,298,298,298,0
2022-10-07 15:38:00,298,298,298,298,0
2022-10-07 15:39:00,298,298,298,298,0
2022-10-07 15:40:00,298,298,298,298,0
2022-10-07 15:41:00,298,298,298,298,0
2022-10-07 15:42:00,298,298,298,298,0
2022-10-07 15:43:00,298,298,298,298,0
2022-10-07 15:44:00,298,298,298,298,0
2022-10-07 15:45:00,298,298,298,298,0
2022-10-07 15:46:00,298,298,298,298,0
2022-10-07 15:47:00,298,298,298,298,0
2022-10-07 15:48:00,298,298,298,298,0
2022-10-07 15:49:00,298,298,298,298,0
2022-10-07 15:50:00,298,298,298,298,0
2022-10-07 15:51:00,298,298,298,298,0
2022-10-07 15:52:00,298,298,298,298,0
2022-10-07 15:53:00,298,298,298,298,0
2022-10-07 15:54:00,298,298,298,298,0
2022-10-07 15:55:00,298,298,298,298,0
2022-10-07 15:56:00,298,298,298,298,0
2022-10-07 15:57:00,298,298,298,298,0
2022-10-07 15:58:00,298,298,298,298,0
2022-10-07 15:59:00,298,298,298,298,0
2022-10-10 09:00:00,300,300,300,300,0
2022-10-10 09:01:00,300,300,300,300,0
2022-10-10 09:02:00,300,300,300,300,0
2022-10-10 09:03:00,300,298,308,308,17600
2022-10-10 09:04:00,298,288,298,288,15900
2022-10-10 09:05:00,286,282,286,282,600
2022-10-10 09:06:00,284,282,284,282,28900
2022-10-10 09:07:00,286,286,286,286,0
2022-10-10 09:08:00,288,288,288,288,0
2022-10-10 09:09:00,288,288,288,288,0
2022-10-10 09:10:00,288,288,288,288,1100
2022-10-10 09:11:00,288,288,288,288,0
2022-10-10 09:12:00,288,288,288,288,0
2022-10-10 09:13:00,286,286,286,286,700
2022-10-10 09:14:00,286,286,286,286,0
2022-10-10 09:15:00,286,286,286,286,100
2022-10-10 09:16:00,286,286,286,286,3100
2022-10-10 09:17:00,286,286,286,286,0
2022-10-10 09:18:00,288,288,288,288,100
2022-10-10 09:19:00,288,288,308,308,33800
2022-10-10 09:20:00,310,308,310,308,17000
2022-10-10 09:21:00,308,308,308,308,0
2022-10-10 09:22:00,308,308,308,308,0
2022-10-10 09:23:00,308,308,308,308,0
2022-10-10 09:24:00,308,308,308,308,0
2022-10-10 09:25:00,308,308,308,308,0
2022-10-10 09:26:00,308,308,308,308,0
2022-10-10 09:27:00,308,308,308,308,0
2022-10-10 09:28:00,308,308,308,308,0
2022-10-10 09:29:00,308,308,308,308,0
2022-10-10 09:30:00,308,308,308,308,0
2022-10-10 09:31:00,308,308,308,308,0
2022-10-10 09:32:00,308,308,308,308,0
2022-10-10 09:33:00,308,308,308,308,0
2022-10-10 09:34:00,306,306,306,306,400
2022-10-10 09:35:00,300,300,300,300,1300
2022-10-10 09:36:00,300,300,300,300,0
2022-10-10 09:37:00,300,300,300,300,0
2022-10-10 09:38:00,300,300,300,300,0
2022-10-10 09:39:00,300,300,300,300,0
2022-10-10 09:40:00,300,300,300,300,0
2022-10-10 09:41:00,300,300,300,300,0
2022-10-10 09:42:00,300,300,300,300,0
2022-10-10 09:43:00,300,300,300,300,0
2022-10-10 09:44:00,300,300,300,300,0
2022-10-10 09:45:00,300,300,300,300,0
2022-10-10 09:46:00,300,300,300,300,0
2022-10-10 09:47:00,300,300,300,300,0
2022-10-10 09:48:00,294,294,304,304,2200
2022-10-10 09:49:00,304,304,304,304,2100
2022-10-10 09:50:00,304,304,304,304,0
2022-10-10 09:51:00,304,304,304,304,0
2022-10-10 09:52:00,304,304,304,304,0
2022-10-10 09:53:00,304,304,304,304,0
2022-10-10 09:54:00,304,304,304,304,0
2022-10-10 09:55:00,304,304,304,304,0
2022-10-10 09:56:00,304,304,304,304,0
2022-10-10 09:57:00,304,304,304,304,0
2022-10-10 09:58:00,304,304,304,304,0
2022-10-10 09:59:00,304,304,304,304,1000
2022-10-10 10:00:00,304,304,304,304,0
2022-10-10 10:01:00,304,304,304,304,0
2022-10-10 10:02:00,304,304,304,304,0
2022-10-10 10:03:00,304,304,304,304,0
2022-10-10 10:04:00,304,304,304,304,0
2022-10-10 10:05:00,304,304,304,304,0
2022-10-10 10:06:00,304,304,304,304,0
2022-10-10 10:07:00,304,304,304,304,0
2022-10-10 10:08:00,304,304,304,304,0
2022-10-10 10:09:00,304,304,304,304,0
2022-10-10 10:10:00,300,300,304,304,6500
2022-10-10 10:11:00,300,300,304,304,0
2022-10-10 10:12:00,300,300,304,304,0
2022-10-10 10:13:00,300,300,304,304,0
2022-10-10 10:14:00,300,300,304,304,0
2022-10-10 10:15:00,300,300,304,304,0
2022-10-10 10:16:00,300,300,304,304,0
2022-10-10 10:17:00,300,300,304,304,0
2022-10-10 10:18:00,300,300,304,304,0
2022-10-10 10:19:00,300,300,304,304,0
2022-10-10 10:20:00,300,300,304,304,0
2022-10-10 10:21:00,300,300,304,304,0
2022-10-10 10:22:00,300,300,304,304,0
2022-10-10 10:23:00,300,300,304,304,0
2022-10-10 10:24:00,294,294,294,294,13400
2022-10-10 10:25:00,292,292,292,292,0
2022-10-10 10:26:00,292,292,292,292,0
2022-10-10 10:27:00,292,290,292,290,7100
2022-10-10 10:28:00,294,290,294,290,6300
2022-10-10 10:29:00,288,288,288,288,16700
2022-10-10 10:30:00,288,288,288,288,0
2022-10-10 10:31:00,288,288,288,288,0
2022-10-10 10:32:00,288,288,288,288,0
2022-10-10 10:33:00,288,288,288,288,0
2022-10-10 10:34:00,288,288,288,288,0
2022-10-10 10:35:00,288,288,288,288,0
2022-10-10 10:36:00,288,288,288,288,0
2022-10-10 10:37:00,288,288,288,288,0
2022-10-10 10:38:00,288,288,288,288,0
2022-10-10 10:39:00,288,288,288,288,0
2022-10-10 10:40:00,288,288,288,288,0
2022-10-10 10:41:00,288,288,288,288,0
2022-10-10 10:42:00,288,288,288,288,0
2022-10-10 10:43:00,288,288,288,288,0
2022-10-10 10:44:00,288,288,288,288,0
2022-10-10 10:45:00,288,288,288,288,0
2022-10-10 10:46:00,288,288,288,288,0
2022-10-10 10:47:00,288,288,288,288,0
2022-10-10 10:48:00,288,288,288,288,0
2022-10-10 10:49:00,288,288,288,288,0
2022-10-10 10:50:00,288,288,288,288,0
2022-10-10 10:51:00,288,288,288,288,0
2022-10-10 10:52:00,288,288,288,288,0
2022-10-10 10:53:00,288,288,288,288,0
2022-10-10 10:54:00,288,288,288,288,0
2022-10-10 10:55:00,288,288,288,288,0
2022-10-10 10:56:00,288,288,288,288,0
2022-10-10 10:57:00,288,288,288,288,3400
2022-10-10 10:58:00,288,288,288,288,0
2022-10-10 10:59:00,288,288,288,288,0
2022-10-10 11:00:00,288,288,288,288,0
2022-10-10 11:01:00,288,288,288,288,0
2022-10-10 11:02:00,288,288,288,288,0
2022-10-10 11:03:00,288,288,288,288,0
2022-10-10 11:04:00,288,288,288,288,0
2022-10-10 11:05:00,288,288,288,288,0
2022-10-10 11:06:00,288,288,288,288,0
2022-10-10 11:07:00,288,288,288,288,0
2022-10-10 11:08:00,288,288,288,288,0
2022-10-10 11:09:00,288,288,288,288,0
2022-10-10 11:10:00,288,288,288,288,0
2022-10-10 11:11:00,288,288,288,288,0
2022-10-10 11:12:00,288,288,288,288,0
2022-10-10 11:13:00,288,288,288,288,0
2022-10-10 11:14:00,288,288,288,288,0
2022-10-10 11:15:00,288,288,288,288,0
2022-10-10 11:16:00,288,288,288,288,0
2022-10-10 11:17:00,288,288,288,288,400
2022-10-10 11:18:00,288,288,288,288,0
2022-10-10 11:19:00,288,288,288,288,0
2022-10-10 11:20:00,288,288,288,288,0
2022-10-10 11:21:00,288,288,288,288,0
2022-10-10 11:22:00,288,288,288,288,0
2022-10-10 11:23:00,288,288,288,288,3800
2022-10-10 11:24:00,288,288,288,288,0
2022-10-10 11:25:00,288,288,288,288,0
2022-10-10 11:26:00,288,288,288,288,0
2022-10-10 11:27:00,288,288,288,288,0
2022-10-10 11:28:00,286,286,286,286,300
2022-10-10 11:29:00,286,286,286,286,0
2022-10-10 11:30:00,286,286,286,286,0
2022-10-10 11:31:00,286,286,286,286,0
2022-10-10 11:32:00,286,286,286,286,0
2022-10-10 11:33:00,286,286,286,286,0
2022-10-10 11:34:00,286,286,286,286,0
2022-10-10 11:35:00,286,286,286,286,0
2022-10-10 11:36:00,286,286,286,286,0
2022-10-10 11:37:00,286,286,286,286,0
2022-10-10 11:38:00,286,286,286,286,0
2022-10-10 11:39:00,286,286,286,286,0
2022-10-10 11:40:00,286,286,286,286,0
2022-10-10 11:41:00,286,286,286,286,0
2022-10-10 11:42:00,286,286,286,286,0
2022-10-10 11:43:00,286,286,286,286,0
2022-10-10 11:44:00,286,286,286,286,0
2022-10-10 11:45:00,286,286,286,286,0
2022-10-10 11:46:00,286,286,286,286,0
2022-10-10 11:47:00,286,286,286,286,0
2022-10-10 11:48:00,286,286,286,286,0
2022-10-10 11:49:00,286,286,286,286,0
2022-10-10 11:50:00,286,286,286,286,0
2022-10-10 11:51:00,286,286,286,286,0
2022-10-10 11:52:00,286,286,286,286,0
2022-10-10 11:53:00,286,286,286,286,0
2022-10-10 11:54:00,286,286,286,286,0
2022-10-10 11:55:00,286,286,286,286,0
2022-10-10 11:56:00,286,286,286,286,0
2022-10-10 11:57:00,286,286,286,286,0
2022-10-10 11:58:00,286,286,286,286,0
2022-10-10 11:59:00,286,286,286,286,0
2022-10-10 12:00:00,286,286,286,286,0
2022-10-10 12:01:00,286,286,286,286,0
2022-10-10 12:02:00,286,286,286,286,0
2022-10-10 12:03:00,286,286,286,286,0
2022-10-10 12:04:00,286,286,286,286,0
2022-10-10 12:05:00,286,286,286,286,0
2022-10-10 12:06:00,286,286,286,286,0
2022-10-10 12:07:00,286,286,286,286,0
2022-10-10 12:08:00,286,286,286,286,0
2022-10-10 12:09:00,286,286,286,286,0
2022-10-10 12:10:00,286,286,286,286,0
2022-10-10 12:11:00,286,286,286,286,0
2022-10-10 12:12:00,286,286,286,286,0
2022-10-10 12:13:00,286,286,286,286,0
2022-10-10 12:14:00,286,286,286,286,0
2022-10-10 12:15:00,286,286,286,286,0
2022-10-10 12:16:00,286,286,286,286,0
2022-10-10 12:17:00,286,286,286,286,0
2022-10-10 12:18:00,286,286,286,286,0
2022-10-10 12:19:00,286,286,286,286,0
2022-10-10 12:20:00,286,286,286,286,0
2022-10-10 12:21:00,286,286,286,286,0
2022-10-10 12:22:00,286,286,286,286,0
2022-10-10 12:23:00,286,286,286,286,0
2022-10-10 12:24:00,286,286,286,286,0
2022-10-10 12:25:00,286,286,286,286,0
2022-10-10 12:26:00,286,286,286,286,0
2022-10-10 12:27:00,286,286,286,286,0
2022-10-10 12:28:00,286,286,286,286,0
2022-10-10 12:29:00,286,286,286,286,0
2022-10-10 12:30:00,286,286,286,286,0
2022-10-10 12:31:00,286,286,286,286,0
2022-10-10 12:32:00,286,286,286,286,0
2022-10-10 12:33:00,286,286,286,286,0
2022-10-10 12:34:00,286,286,286,286,0
2022-10-10 12:35:00,286,286,286,286,0
2022-10-10 12:36:00,286,286,286,286,0
2022-10-10 12:37:00,286,286,286,286,0
2022-10-10 12:38:00,286,286,286,286,0
2022-10-10 12:39:00,286,286,286,286,0
2022-10-10 12:40:00,286,286,286,286,0
2022-10-10 12:41:00,286,286,286,286,0
2022-10-10 12:42:00,286,286,286,286,0
2022-10-10 12:43:00,286,286,286,286,0
2022-10-10 12:44:00,286,286,286,286,0
2022-10-10 12:45:00,286,286,286,286,0
2022-10-10 12:46:00,286,286,286,286,0
2022-10-10 12:47:00,286,286,286,286,0
2022-10-10 12:48:00,286,286,286,286,0
2022-10-10 12:49:00,286,286,286,286,0
2022-10-10 12:50:00,286,286,286,286,0
2022-10-10 12:51:00,286,286,286,286,0
2022-10-10 12:52:00,286,286,286,286,0
2022-10-10 12:53:00,286,286,286,286,0
2022-10-10 12:54:00,286,286,286,286,0
2022-10-10 12:55:00,286,286,286,286,0
2022-10-10 12:56:00,286,286,286,286,0
2022-10-10 12:57:00,286,286,286,286,0
2022-10-10 12:58:00,286,286,286,286,0
2022-10-10 12:59:00,286,286,286,286,0
2022-10-10 13:00:00,286,286,286,286,0
2022-10-10 13:01:00,286,286,286,286,0
2022-10-10 13:02:00,286,286,286,286,0
2022-10-10 13:03:00,286,286,286,286,0
2022-10-10 13:04:00,286,286,286,286,0
2022-10-10 13:05:00,286,286,286,286,0
2022-10-10 13:06:00,286,286,286,286,0
2022-10-10 13:07:00,286,286,286,286,0
2022-10-10 13:08:00,286,286,286,286,0
2022-10-10 13:09:00,286,286,286,286,0
2022-10-10 13:10:00,286,286,286,286,0
2022-10-10 13:11:00,286,286,286,286,0
2022-10-10 13:12:00,286,286,286,286,0
2022-10-10 13:13:00,286,286,286,286,0
2022-10-10 13:14:00,286,286,286,286,0
2022-10-10 13:15:00,286,286,286,286,0
2022-10-10 13:16:00,286,286,286,286,0
2022-10-10 13:17:00,286,286,286,286,0
2022-10-10 13:18:00,286,286,286,286,0
2022-10-10 13:19:00,286,286,286,286,0
2022-10-10 13:20:00,286,286,286,286,0
2022-10-10 13:21:00,286,286,286,286,0
2022-10-10 13:22:00,286,286,286,286,0
2022-10-10 13:23:00,286,286,286,286,0
2022-10-10 13:24:00,286,286,286,286,0
2022-10-10 13:25:00,286,286,286,286,0
2022-10-10 13:26:00,286,286,286,286,0
2022-10-10 13:27:00,286,286,286,286,0
2022-10-10 13:28:00,286,286,286,286,0
2022-10-10 13:29:00,286,286,286,286,0
2022-10-10 13:30:00,286,286,286,286,200
2022-10-10 13:31:00,286,286,286,286,0
2022-10-10 13:32:00,286,286,286,286,200
2022-10-10 13:33:00,286,286,286,286,0
2022-10-10 13:34:00,286,286,286,286,0
2022-10-10 13:35:00,286,286,286,286,0
2022-10-10 13:36:00,288,286,288,286,9900
2022-10-10 13:37:00,288,286,288,286,0
2022-10-10 13:38:00,288,286,288,286,0
2022-10-10 13:39:00,288,286,288,286,0
2022-10-10 13:40:00,288,286,288,286,0
2022-10-10 13:41:00,288,286,288,286,0
2022-10-10 13:42:00,288,286,288,286,0
2022-10-10 13:43:00,288,286,288,286,0
2022-10-10 13:44:00,286,284,286,284,4400
2022-10-10 13:45:00,286,284,286,284,0
2022-10-10 13:46:00,286,284,286,284,0
2022-10-10 13:47:00,282,282,282,282,1100
2022-10-10 13:48:00,282,282,282,282,0
2022-10-10 13:49:00,282,282,282,282,0
2022-10-10 13:50:00,282,282,282,282,0
2022-10-10 13:51:00,282,282,282,282,0
2022-10-10 13:52:00,282,282,282,282,0
2022-10-10 13:53:00,282,282,282,282,0
2022-10-10 13:54:00,282,282,282,282,0
2022-10-10 13:55:00,282,282,282,282,0
2022-10-10 13:56:00,282,282,282,282,0
2022-10-10 13:57:00,282,282,282,282,0
2022-10-10 13:58:00,282,282,282,282,0
2022-10-10 13:59:00,282,282,282,282,0
2022-10-10 14:00:00,282,282,282,282,0
2022-10-10 14:01:00,282,282,282,282,0
2022-10-10 14:02:00,284,278,284,278,122800
2022-10-10 14:03:00,278,278,278,278,51000
2022-10-10 14:04:00,278,278,278,278,9500
2022-10-10 14:05:00,278,278,278,278,28000
2022-10-10 14:06:00,278,278,278,278,7200
2022-10-10 14:07:00,278,278,278,278,0
2022-10-10 14:08:00,278,278,278,278,0
2022-10-10 14:09:00,278,278,278,278,0
2022-10-10 14:10:00,278,278,278,278,1000
2022-10-10 14:11:00,278,278,278,278,5500
2022-10-10 14:12:00,278,278,278,278,4000
2022-10-10 14:13:00,278,278,278,278,0
2022-10-10 14:14:00,278,278,278,278,0
2022-10-10 14:15:00,278,278,278,278,6000
2022-10-10 14:16:00,278,278,278,278,0
2022-10-10 14:17:00,278,278,278,278,0
2022-10-10 14:18:00,278,278,278,278,0
2022-10-10 14:19:00,278,278,278,278,0
2022-10-10 14:20:00,278,278,278,278,0
2022-10-10 14:21:00,278,278,278,278,6600
2022-10-10 14:22:00,278,278,278,278,0
2022-10-10 14:23:00,278,278,278,278,0
2022-10-10 14:24:00,278,278,278,278,0
2022-10-10 14:25:00,278,278,278,278,0
2022-10-10 14:26:00,278,278,278,278,0
2022-10-10 14:27:00,278,278,278,278,1800
2022-10-10 14:28:00,278,278,278,278,24100
2022-10-10 14:29:00,278,278,278,278,0
2022-10-10 14:30:00,278,278,278,278,0
2022-10-10 14:31:00,278,278,278,278,500
2022-10-10 14:32:00,278,278,278,278,6000
2022-10-10 14:33:00,278,278,278,278,0
2022-10-10 14:34:00,282,282,282,282,200
2022-10-10 14:35:00,282,282,284,284,2000
2022-10-10 14:36:00,286,286,286,286,2600
2022-10-10 14:37:00,284,284,284,284,800
2022-10-10 14:38:00,284,284,284,284,1100
2022-10-10 14:39:00,286,286,286,286,0
2022-10-10 14:40:00,286,286,286,286,200
2022-10-10 14:41:00,286,286,286,286,0
2022-10-10 14:42:00,286,286,286,286,0
2022-10-10 14:43:00,278,278,278,278,2300
2022-10-10 14:44:00,284,284,284,284,0
2022-10-10 14:45:00,284,284,284,284,0
2022-10-10 14:46:00,284,284,284,284,0
2022-10-10 14:47:00,284,284,284,284,0
2022-10-10 14:48:00,284,284,284,284,0
2022-10-10 14:49:00,284,284,284,284,0
2022-10-10 14:50:00,284,284,284,284,0
2022-10-10 14:51:00,284,284,284,284,0
2022-10-10 14:52:00,284,284,284,284,0
2022-10-10 14:53:00,284,284,284,284,0
2022-10-10 14:54:00,284,284,284,284,0
2022-10-10 14:55:00,284,284,284,284,0
2022-10-10 14:56:00,284,284,284,284,0
2022-10-10 14:57:00,284,284,284,284,0
2022-10-10 14:58:00,284,284,284,284,0
2022-10-10 14:59:00,284,284,284,284,0
2022-10-10 15:00:00,278,278,278,278,300
2022-10-10 15:01:00,278,278,278,278,0
2022-10-10 15:02:00,278,278,278,278,0
2022-10-10 15:03:00,278,278,278,278,200
2022-10-10 15:04:00,278,278,278,278,9300
2022-10-10 15:05:00,278,278,278,278,0
2022-10-10 15:06:00,278,278,278,278,3000
2022-10-10 15:07:00,278,278,278,278,0
2022-10-10 15:08:00,278,278,278,278,0
2022-10-10 15:09:00,278,278,278,278,0
2022-10-10 15:10:00,278,278,278,278,0
2022-10-10 15:11:00,278,278,278,278,0
2022-10-10 15:12:00,278,278,278,278,0
2022-10-10 15:13:00,278,278,278,278,0
2022-10-10 15:14:00,278,278,278,278,0
2022-10-10 15:15:00,278,278,278,278,0
2022-10-10 15:16:00,278,278,278,278,0
2022-10-10 15:17:00,278,278,278,278,0
2022-10-10 15:18:00,278,278,278,278,0
2022-10-10 15:19:00,278,278,278,278,0
2022-10-10 15:20:00,278,278,278,278,0
2022-10-10 15:21:00,278,278,278,278,0
2022-10-10 15:22:00,278,278,278,278,0
2022-10-10 15:23:00,278,278,278,278,0
2022-10-10 15:24:00,278,278,278,278,0
2022-10-10 15:25:00,278,278,278,278,0
2022-10-10 15:26:00,278,278,278,278,0
2022-10-10 15:27:00,278,278,278,278,0
2022-10-10 15:28:00,278,278,278,278,0
2022-10-10 15:29:00,278,278,278,278,0
2022-10-10 15:30:00,278,278,278,278,0
2022-10-10 15:31:00,278,278,278,278,0
2022-10-10 15:32:00,278,278,278,278,0
2022-10-10 15:33:00,278,278,278,278,0
2022-10-10 15:34:00,278,278,278,278,0
2022-10-10 15:35:00,278,278,278,278,0
2022-10-10 15:36:00,278,278,278,278,0
2022-10-10 15:37:00,278,278,278,278,0
2022-10-10 15:38:00,278,278,278,278,0
2022-10-10 15:39:00,278,278,278,278,0
2022-10-10 15:40:00,278,278,278,278,0
2022-10-10 15:41:00,278,278,278,278,0
2022-10-10 15:42:00,278,278,278,278,0
2022-10-10 15:43:00,278,278,278,278,0
2022-10-10 15:44:00,278,278,278,278,0
2022-10-10 15:45:00,278,278,278,278,0
2022-10-10 15:46:00,278,278,278,278,0
2022-10-10 15:47:00,278,278,278,278,0
2022-10-10 15:48:00,278,278,278,278,0
2022-10-10 15:49:00,278,278,278,278,0
2022-10-10 15:50:00,278,278,278,278,0
2022-10-10 15:51:00,278,278,278,278,0
2022-10-10 15:52:00,278,278,278,278,0
2022-10-10 15:53:00,278,278,278,278,0
2022-10-10 15:54:00,278,278,278,278,0
2022-10-10 15:55:00,278,278,278,278,0
2022-10-10 15:56:00,278,278,278,278,0
2022-10-10 15:57:00,278,278,278,278,0
2022-10-10 15:58:00,278,278,278,278,0
2022-10-10 15:59:00,278,278,278,278,0
2022-10-11 09:00:00,278,278,278,278,0
2022-10-11 09:01:00,286,286,286,286,200
2022-10-11 09:02:00,286,286,286,286,0
2022-10-11 09:03:00,266,266,266,266,100
2022-10-11 09:04:00,286,286,286,286,100
2022-10-11 09:05:00,270,266,270,266,1700
2022-10-11 09:06:00,270,266,270,266,0
2022-10-11 09:07:00,270,266,270,266,0
2022-10-11 09:08:00,282,282,282,282,100
2022-10-11 09:09:00,282,282,282,282,0
2022-10-11 09:10:00,282,282,282,282,0
2022-10-11 09:11:00,282,282,282,282,0
2022-10-11 09:12:00,282,282,282,282,0
2022-10-11 09:13:00,282,282,282,282,0
2022-10-11 09:14:00,282,282,282,282,0
2022-10-11 09:15:00,282,282,282,282,0
2022-10-11 09:16:00,282,282,282,282,0
2022-10-11 09:17:00,282,282,282,282,0
2022-10-11 09:18:00,282,282,282,282,0
2022-10-11 09:19:00,282,282,282,282,0
2022-10-11 09:20:00,282,282,282,282,0
2022-10-11 09:21:00,282,282,282,282,0
2022-10-11 09:22:00,282,282,282,282,0
2022-10-11 09:23:00,282,282,282,282,0
2022-10-11 09:24:00,272,272,272,272,1000
2022-10-11 09:25:00,272,272,272,272,0
2022-10-11 09:26:00,272,272,272,272,0
2022-10-11 09:27:00,272,272,272,272,0
2022-10-11 09:28:00,272,272,272,272,0
2022-10-11 09:29:00,272,272,272,272,0
2022-10-11 09:30:00,272,272,272,272,500
2022-10-11 09:31:00,272,272,272,272,0
2022-10-11 09:32:00,272,272,272,272,0
2022-10-11 09:33:00,272,272,272,272,0
2022-10-11 09:34:00,272,272,272,272,2500
2022-10-11 09:35:00,272,272,272,272,0
2022-10-11 09:36:00,272,272,272,272,0
2022-10-11 09:37:00,272,272,272,272,0
2022-10-11 09:38:00,272,272,272,272,0
2022-10-11 09:39:00,272,272,272,272,0
2022-10-11 09:40:00,272,272,272,272,0
2022-10-11 09:41:00,272,272,272,272,0
2022-10-11 09:42:00,272,272,272,272,0
2022-10-11 09:43:00,272,272,272,272,0
2022-10-11 09:44:00,272,272,272,272,0
2022-10-11 09:45:00,272,272,272,272,0
2022-10-11 09:46:00,272,272,272,272,0
2022-10-11 09:47:00,272,272,272,272,0
2022-10-11 09:48:00,272,272,272,272,0
2022-10-11 09:49:00,274,274,274,274,800
2022-10-11 09:50:00,274,274,274,274,0
2022-10-11 09:51:00,274,274,274,274,400
2022-10-11 09:52:00,272,272,272,272,3600
2022-10-11 09:53:00,272,272,272,272,0
2022-10-11 09:54:00,272,272,272,272,0
2022-10-11 09:55:00,272,272,272,272,0
2022-10-11 09:56:00,272,272,272,272,0
2022-10-11 09:57:00,272,272,272,272,0
2022-10-11 09:58:00,272,272,272,272,0
2022-10-11 09:59:00,272,272,272,272,0
2022-10-11 10:00:00,272,272,272,272,0
2022-10-11 10:01:00,272,272,272,272,0
2022-10-11 10:02:00,272,272,272,272,0
2022-10-11 10:03:00,272,272,272,272,0
2022-10-11 10:04:00,272,272,272,272,0
2022-10-11 10:05:00,272,272,272,272,0
2022-10-11 10:06:00,272,272,272,272,0
2022-10-11 10:07:00,272,272,272,272,0
2022-10-11 10:08:00,272,272,272,272,0
2022-10-11 10:09:00,272,272,272,272,0
2022-10-11 10:10:00,272,272,272,272,0
2022-10-11 10:11:00,272,272,272,272,0
2022-10-11 10:12:00,272,272,272,272,0
2022-10-11 10:13:00,272,272,272,272,0
2022-10-11 10:14:00,272,272,272,272,0
2022-10-11 10:15:00,272,272,272,272,0
2022-10-11 10:16:00,272,272,272,272,0
2022-10-11 10:17:00,272,272,272,272,0
2022-10-11 10:18:00,272,272,272,272,0
2022-10-11 10:19:00,272,272,272,272,0
2022-10-11 10:20:00,274,274,274,274,2500
2022-10-11 10:21:00,274,274,274,274,0
2022-10-11 10:22:00,274,274,274,274,0
2022-10-11 10:23:00,274,274,274,274,1300
2022-10-11 10:24:00,274,274,274,274,0
2022-10-11 10:25:00,274,274,274,274,0
2022-10-11 10:26:00,274,274,274,274,3800
2022-10-11 10:27:00,274,274,274,274,0
2022-10-11 10:28:00,274,274,274,274,0
2022-10-11 10:29:00,274,274,274,274,0
2022-10-11 10:30:00,274,274,274,274,0
2022-10-11 10:31:00,274,274,274,274,0
2022-10-11 10:32:00,274,274,274,274,0
2022-10-11 10:33:00,274,274,274,274,0
2022-10-11 10:34:00,274,274,274,274,0
2022-10-11 10:35:00,274,274,274,274,0
2022-10-11 10:36:00,274,274,274,274,0
2022-10-11 10:37:00,274,274,274,274,20000
2022-10-11 10:38:00,274,274,274,274,0
2022-10-11 10:39:00,274,274,274,274,0
2022-10-11 10:40:00,274,274,274,274,0
2022-10-11 10:41:00,274,274,274,274,0
2022-10-11 10:42:00,274,274,274,274,0
2022-10-11 10:43:00,274,274,274,274,0
2022-10-11 10:44:00,274,274,274,274,0
2022-10-11 10:45:00,274,274,274,274,0
2022-10-11 10:46:00,274,274,274,274,0
2022-10-11 10:47:00,274,274,274,274,0
2022-10-11 10:48:00,274,274,274,274,0
2022-10-11 10:49:00,274,274,274,274,0
2022-10-11 10:50:00,280,280,280,280,2200
2022-10-11 10:51:00,280,280,280,280,0
2022-10-11 10:52:00,280,280,280,280,0
2022-10-11 10:53:00,280,280,280,280,0
2022-10-11 10:54:00,280,280,280,280,0
2022-10-11 10:55:00,280,280,280,280,0
2022-10-11 10:56:00,280,280,280,280,0
2022-10-11 10:57:00,280,280,280,280,0
2022-10-11 10:58:00,280,280,280,280,0
2022-10-11 10:59:00,280,280,280,280,0
2022-10-11 11:00:00,280,280,280,280,0
2022-10-11 11:01:00,280,280,280,280,0
2022-10-11 11:02:00,280,280,280,280,0
2022-10-11 11:03:00,280,280,296,296,43200
2022-10-11 11:04:00,280,280,296,296,0
2022-10-11 11:05:00,294,292,294,294,0
2022-10-11 11:06:00,294,292,294,294,0
2022-10-11 11:07:00,294,292,294,294,0
2022-10-11 11:08:00,294,292,294,294,0
2022-10-11 11:09:00,294,292,294,294,0
2022-10-11 11:10:00,294,292,294,294,0
2022-10-11 11:11:00,294,292,294,294,0
2022-10-11 11:12:00,294,292,294,294,0
2022-10-11 11:13:00,292,292,292,292,1700
2022-10-11 11:14:00,292,292,292,292,0
2022-10-11 11:15:00,292,292,292,292,0
2022-10-11 11:16:00,292,292,292,292,0
2022-10-11 11:17:00,292,292,292,292,0
2022-10-11 11:18:00,292,292,292,292,0
2022-10-11 11:19:00,292,292,292,292,0
2022-10-11 11:20:00,292,292,292,292,0
2022-10-11 11:21:00,292,292,292,292,0
2022-10-11 11:22:00,292,292,292,292,0
2022-10-11 11:23:00,292,292,292,292,0
2022-10-11 11:24:00,292,292,292,292,0
2022-10-11 11:25:00,292,292,292,292,0
2022-10-11 11:26:00,292,292,292,292,0
2022-10-11 11:27:00,292,292,292,292,0
2022-10-11 11:28:00,292,292,292,292,0
2022-10-11 11:29:00,292,292,292,292,0
2022-10-11 11:30:00,292,292,292,292,0
2022-10-11 11:31:00,292,292,292,292,0
2022-10-11 11:32:00,292,292,292,292,0
2022-10-11 11:33:00,292,292,292,292,0
2022-10-11 11:34:00,292,292,292,292,0
2022-10-11 11:35:00,292,292,292,292,0
2022-10-11 11:36:00,292,292,292,292,0
2022-10-11 11:37:00,292,292,292,292,0
2022-10-11 11:38:00,292,292,292,292,0
2022-10-11 11:39:00,292,292,292,292,0
2022-10-11 11:40:00,292,292,292,292,0
2022-10-11 11:41:00,292,292,292,292,0
2022-10-11 11:42:00,292,292,292,292,0
2022-10-11 11:43:00,292,292,292,292,0
2022-10-11 11:44:00,292,292,292,292,0
2022-10-11 11:45:00,292,292,292,292,0
2022-10-11 11:46:00,292,292,292,292,0
2022-10-11 11:47:00,292,292,292,292,0
2022-10-11 11:48:00,292,292,292,292,0
2022-10-11 11:49:00,292,292,292,292,0
2022-10-11 11:50:00,292,292,292,292,0
2022-10-11 11:51:00,292,292,292,292,0
2022-10-11 11:52:00,292,292,292,292,0
2022-10-11 11:53:00,292,292,292,292,0
2022-10-11 11:54:00,292,292,292,292,0
2022-10-11 11:55:00,292,292,292,292,0
2022-10-11 11:56:00,292,292,292,292,0
2022-10-11 11:57:00,292,292,292,292,0
2022-10-11 11:58:00,292,292,292,292,0
2022-10-11 11:59:00,292,292,292,292,0
2022-10-11 12:00:00,292,292,292,292,0
2022-10-11 12:01:00,292,292,292,292,0
2022-10-11 12:02:00,292,292,292,292,0
2022-10-11 12:03:00,292,292,292,292,0
2022-10-11 12:04:00,292,292,292,292,0
2022-10-11 12:05:00,292,292,292,292,0
2022-10-11 12:06:00,292,292,292,292,0
2022-10-11 12:07:00,292,292,292,292,0
2022-10-11 12:08:00,292,292,292,292,0
2022-10-11 12:09:00,292,292,292,292,0
2022-10-11 12:10:00,292,292,292,292,0
2022-10-11 12:11:00,292,292,292,292,0
2022-10-11 12:12:00,292,292,292,292,0
2022-10-11 12:13:00,292,292,292,292,0
2022-10-11 12:14:00,292,292,292,292,0
2022-10-11 12:15:00,292,292,292,292,0
2022-10-11 12:16:00,292,292,292,292,0
2022-10-11 12:17:00,292,292,292,292,0
2022-10-11 12:18:00,292,292,292,292,0
2022-10-11 12:19:00,292,292,292,292,0
2022-10-11 12:20:00,292,292,292,292,0
2022-10-11 12:21:00,292,292,292,292,0
2022-10-11 12:22:00,292,292,292,292,0
2022-10-11 12:23:00,292,292,292,292,0
2022-10-11 12:24:00,292,292,292,292,0
2022-10-11 12:25:00,292,292,292,292,0
2022-10-11 12:26:00,292,292,292,292,0
2022-10-11 12:27:00,292,292,292,292,0
2022-10-11 12:28:00,292,292,292,292,0
2022-10-11 12:29:00,292,292,292,292,0
2022-10-11 12:30:00,292,292,292,292,0
2022-10-11 12:31:00,292,292,292,292,0
2022-10-11 12:32:00,292,292,292,292,0
2022-10-11 12:33:00,292,292,292,292,0
2022-10-11 12:34:00,292,292,292,292,0
2022-10-11 12:35:00,292,292,292,292,0
2022-10-11 12:36:00,292,292,292,292,0
2022-10-11 12:37:00,292,292,292,292,0
2022-10-11 12:38:00,292,292,292,292,0
2022-10-11 12:39:00,292,292,292,292,0
2022-10-11 12:40:00,292,292,292,292,0
2022-10-11 12:41:00,292,292,292,292,0
2022-10-11 12:42:00,292,292,292,292,0
2022-10-11 12:43:00,292,292,292,292,0
2022-10-11 12:44:00,292,292,292,292,0
2022-10-11 12:45:00,292,292,292,292,0
2022-10-11 12:46:00,292,292,292,292,0
2022-10-11 12:47:00,292,292,292,292,0
2022-10-11 12:48:00,292,292,292,292,0
2022-10-11 12:49:00,292,292,292,292,0
2022-10-11 12:50:00,292,292,292,292,0
2022-10-11 12:51:00,292,292,292,292,0
2022-10-11 12:52:00,292,292,292,292,0
2022-10-11 12:53:00,292,292,292,292,0
2022-10-11 12:54:00,292,292,292,292,0
2022-10-11 12:55:00,292,292,292,292,0
2022-10-11 12:56:00,292,292,292,292,0
2022-10-11 12:57:00,292,292,292,292,0
2022-10-11 12:58:00,292,292,292,292,0
2022-10-11 12:59:00,292,292,292,292,0
2022-10-11 13:00:00,292,292,292,292,0
2022-10-11 13:01:00,292,292,292,292,0
2022-10-11 13:02:00,292,292,292,292,0
2022-10-11 13:03:00,292,292,292,292,0
2022-10-11 13:04:00,292,292,292,292,0
2022-10-11 13:05:00,292,292,292,292,0
2022-10-11 13:06:00,292,292,292,292,0
2022-10-11 13:07:00,292,292,292,292,0
2022-10-11 13:08:00,292,292,292,292,0
2022-10-11 13:09:00,292,292,292,292,0
2022-10-11 13:10:00,292,292,292,292,0
2022-10-11 13:11:00,292,292,292,292,0
2022-10-11 13:12:00,292,292,292,292,0
2022-10-11 13:13:00,292,292,292,292,0
2022-10-11 13:14:00,292,292,292,292,0
2022-10-11 13:15:00,292,292,292,292,0
2022-10-11 13:16:00,292,292,292,292,0
2022-10-11 13:17:00,292,292,292,292,0
2022-10-11 13:18:00,292,292,292,292,0
2022-10-11 13:19:00,292,292,292,292,0
2022-10-11 13:20:00,292,292,292,292,0
2022-10-11 13:21:00,292,292,292,292,0
2022-10-11 13:22:00,292,292,292,292,0
2022-10-11 13:23:00,292,292,292,292,0
2022-10-11 13:24:00,292,292,292,292,0
2022-10-11 13:25:00,292,292,292,292,0
2022-10-11 13:26:00,292,292,292,292,0
2022-10-11 13:27:00,292,292,292,292,0
2022-10-11 13:28:00,292,292,292,292,0
2022-10-11 13:29:00,292,292,292,292,0
2022-10-11 13:30:00,292,292,292,292,0
2022-10-11 13:31:00,292,292,292,292,0
2022-10-11 13:32:00,292,292,292,292,0
2022-10-11 13:33:00,288,288,288,288,4000
2022-10-11 13:34:00,280,280,280,280,0
2022-10-11 13:35:00,278,278,278,278,2000
2022-10-11 13:36:00,278,278,278,278,0
2022-10-11 13:37:00,278,278,278,278,0
2022-10-11 13:38:00,278,278,278,278,0
2022-10-11 13:39:00,278,278,278,278,0
2022-10-11 13:40:00,278,278,278,278,0
2022-10-11 13:41:00,278,278,278,278,0
2022-10-11 13:42:00,278,278,278,278,0
2022-10-11 13:43:00,278,278,278,278,0
2022-10-11 13:44:00,278,278,278,278,0
2022-10-11 13:45:00,278,278,278,278,0
2022-10-11 13:46:00,278,278,278,278,0
2022-10-11 13:47:00,278,278,278,278,0
2022-10-11 13:48:00,278,278,278,278,0
2022-10-11 13:49:00,278,278,278,278,0
2022-10-11 13:50:00,278,278,278,278,2000
2022-10-11 13:51:00,278,278,278,278,0
2022-10-11 13:52:00,278,278,278,278,0
2022-10-11 13:53:00,278,278,278,278,0
2022-10-11 13:54:00,278,278,278,278,0
2022-10-11 13:55:00,278,278,278,278,0
2022-10-11 13:56:00,278,278,278,278,0
2022-10-11 13:57:00,278,278,278,278,0
2022-10-11 13:58:00,278,278,278,278,0
2022-10-11 13:59:00,278,278,278,278,0
2022-10-11 14:00:00,278,278,278,278,0
2022-10-11 14:01:00,278,278,278,278,0
2022-10-11 14:02:00,278,278,278,278,0
2022-10-11 14:03:00,278,278,278,278,0
2022-10-11 14:04:00,278,278,278,278,1400
2022-10-11 14:05:00,278,278,278,278,0
2022-10-11 14:06:00,284,284,284,284,100
2022-10-11 14:07:00,284,284,284,284,0
2022-10-11 14:08:00,284,284,284,284,0
2022-10-11 14:09:00,284,284,284,284,0
2022-10-11 14:10:00,284,284,286,286,3600
2022-10-11 14:11:00,288,286,288,286,0
2022-10-11 14:12:00,286,286,288,288,1200
2022-10-11 14:13:00,286,286,288,288,0
2022-10-11 14:14:00,286,286,288,288,0
2022-10-11 14:15:00,286,286,288,288,0
2022-10-11 14:16:00,286,286,288,288,0
2022-10-11 14:17:00,280,280,280,280,2300
2022-10-11 14:18:00,280,280,280,280,0
2022-10-11 14:19:00,280,280,280,280,0
2022-10-11 14:20:00,278,278,278,278,8100
2022-10-11 14:21:00,278,278,278,278,0
2022-10-11 14:22:00,278,278,278,278,0
2022-10-11 14:23:00,278,278,278,278,0
2022-10-11 14:24:00,278,278,278,278,0
2022-10-11 14:25:00,278,276,278,276,2500
2022-10-11 14:26:00,278,276,278,276,0
2022-10-11 14:27:00,278,276,278,276,0
2022-10-11 14:28:00,278,276,278,276,0
2022-10-11 14:29:00,278,276,278,276,0
2022-10-11 14:30:00,276,276,276,276,200
2022-10-11 14:31:00,276,276,276,276,0
2022-10-11 14:32:00,278,278,278,278,2100
2022-10-11 14:33:00,278,278,282,282,700
2022-10-11 14:34:00,278,278,282,282,0
2022-10-11 14:35:00,278,278,282,282,0
2022-10-11 14:36:00,278,278,282,282,0
2022-10-11 14:37:00,278,278,282,282,0
2022-10-11 14:38:00,278,278,282,282,0
2022-10-11 14:39:00,282,282,282,282,2000
2022-10-11 14:40:00,286,282,286,286,1300
2022-10-11 14:41:00,286,282,286,286,0
2022-10-11 14:42:00,286,282,286,286,0
2022-10-11 14:43:00,286,286,286,286,100
2022-10-11 14:44:00,286,286,286,286,0
2022-10-11 14:45:00,278,278,278,278,100
2022-10-11 14:46:00,278,278,278,278,0
2022-10-11 14:47:00,284,284,284,284,100
2022-10-11 14:48:00,284,284,284,284,0
2022-10-11 14:49:00,278,278,278,278,900
2022-10-11 14:50:00,278,278,278,278,0
2022-10-11 14:51:00,278,278,278,278,0
2022-10-11 14:52:00,278,278,278,278,0
2022-10-11 14:53:00,278,278,278,278,0
2022-10-11 14:54:00,278,278,278,278,0
2022-10-11 14:55:00,278,278,278,278,0
2022-10-11 14:56:00,278,278,278,278,0
2022-10-11 14:57:00,278,278,278,278,0
2022-10-11 14:58:00,278,278,278,278,0
2022-10-11 14:59:00,278,278,278,278,0
2022-10-11 15:00:00,284,284,284,284,105300
2022-10-11 15:01:00,284,284,284,284,0
2022-10-11 15:02:00,284,284,284,284,0
2022-10-11 15:03:00,284,284,284,284,0
2022-10-11 15:04:00,284,284,284,284,0
2022-10-11 15:05:00,284,284,284,284,0
2022-10-11 15:06:00,284,284,284,284,0
2022-10-11 15:07:00,284,284,284,284,0
2022-10-11 15:08:00,284,284,284,284,0
2022-10-11 15:09:00,284,284,284,284,0
2022-10-11 15:10:00,284,284,284,284,0
2022-10-11 15:11:00,284,284,284,284,0
2022-10-11 15:12:00,284,284,284,284,0
2022-10-11 15:13:00,284,284,284,284,0
2022-10-11 15:14:00,284,284,284,284,0
2022-10-11 15:15:00,284,284,284,284,0
2022-10-11 15:16:00,284,284,284,284,0
2022-10-11 15:17:00,284,284,284,284,0
2022-10-11 15:18:00,284,284,284,284,0
2022-10-11 15:19:00,284,284,284,284,0
2022-10-11 15:20:00,284,284,284,284,0
2022-10-11 15:21:00,284,284,284,284,0
2022-10-11 15:22:00,284,284,284,284,0
2022-10-11 15:23:00,284,284,284,284,0
2022-10-11 15:24:00,284,284,284,284,0
2022-10-11 15:25:00,284,284,284,284,0
2022-10-11 15:26:00,284,284,284,284,0
2022-10-11 15:27:00,284,284,284,284,0
2022-10-11 15:28:00,284,284,284,284,0
2022-10-11 15:29:00,284,284,284,284,0
2022-10-11 15:30:00,284,284,284,284,0
2022-10-11 15:31:00,284,284,284,284,0
2022-10-11 15:32:00,284,284,284,284,0
2022-10-11 15:33:00,284,284,284,284,0
2022-10-11 15:34:00,284,284,284,284,0
2022-10-11 15:35:00,284,284,284,284,0
2022-10-11 15:36:00,284,284,284,284,0
2022-10-11 15:37:00,284,284,284,284,0
2022-10-11 15:38:00,284,284,284,284,0
2022-10-11 15:39:00,284,284,284,284,0
2022-10-11 15:40:00,284,284,284,284,0
2022-10-11 15:41:00,284,284,284,284,0
2022-10-11 15:42:00,284,284,284,284,0
2022-10-11 15:43:00,284,284,284,284,0
2022-10-11 15:44:00,284,284,284,284,0
2022-10-11 15:45:00,284,284,284,284,0
2022-10-11 15:46:00,284,284,284,284,0
2022-10-11 15:47:00,284,284,284,284,0
2022-10-11 15:48:00,284,284,284,284,0
2022-10-11 15:49:00,284,284,284,284,0
2022-10-11 15:50:00,284,284,284,284,0
2022-10-11 15:51:00,284,284,284,284,0
2022-10-11 15:52:00,284,284,284,284,0
2022-10-11 15:53:00,284,284,284,284,0
2022-10-11 15:54:00,284,284,284,284,0
2022-10-11 15:55:00,284,284,284,284,0
2022-10-11 15:56:00,284,284,284,284,0
2022-10-11 15:57:00,284,284,284,284,0
2022-10-11 15:58:00,284,284,284,284,0
2022-10-11 15:59:00,284,284,284,284,0
2022-10-12 09:00:00,284,284,284,284,0
2022-10-12 09:01:00,284,284,284,284,0
2022-10-12 09:02:00,284,284,284,284,0
2022-10-12 09:03:00,284,284,284,284,0
2022-10-12 09:04:00,284,284,284,284,0
2022-10-12 09:05:00,274,274,290,290,3200
2022-10-12 09:06:00,274,274,290,290,0
2022-10-12 09:07:00,274,274,290,290,0
2022-10-12 09:08:00,274,274,290,290,0
2022-10-12 09:09:00,274,274,290,290,0
2022-10-12 09:10:00,274,274,274,274,600
2022-10-12 09:11:00,274,274,274,274,800
2022-10-12 09:12:00,274,274,274,274,0
2022-10-12 09:13:00,274,274,274,274,0
2022-10-12 09:14:00,274,274,274,274,0
2022-10-12 09:15:00,274,274,274,274,0
2022-10-12 09:16:00,274,274,274,274,0
2022-10-12 09:17:00,276,274,276,274,5000
2022-10-12 09:18:00,276,274,276,274,0
2022-10-12 09:19:00,276,274,276,274,0
2022-10-12 09:20:00,276,274,276,274,0
2022-10-12 09:21:00,276,274,276,274,0
2022-10-12 09:22:00,276,274,276,274,0
2022-10-12 09:23:00,274,274,274,274,200
2022-10-12 09:24:00,274,274,274,274,0
2022-10-12 09:25:00,274,274,274,274,0
2022-10-12 09:26:00,274,274,274,274,900
2022-10-12 09:27:00,274,274,274,274,0
2022-10-12 09:28:00,274,274,274,274,200
2022-10-12 09:29:00,274,274,274,274,0
2022-10-12 09:30:00,276,276,276,276,3100
2022-10-12 09:31:00,276,274,276,274,5700
2022-10-12 09:32:00,274,274,274,274,1700
2022-10-12 09:33:00,274,274,274,274,0
2022-10-12 09:34:00,274,274,274,274,0
2022-10-12 09:35:00,274,274,274,274,0
2022-10-12 09:36:00,274,274,274,274,0
2022-10-12 09:37:00,274,274,274,274,0
2022-10-12 09:38:00,274,274,274,274,0
2022-10-12 09:39:00,274,274,274,274,0
2022-10-12 09:40:00,274,274,274,274,0
2022-10-12 09:41:00,274,274,274,274,0
2022-10-12 09:42:00,274,274,274,274,0
2022-10-12 09:43:00,274,274,274,274,500
2022-10-12 09:44:00,274,274,274,274,0
2022-10-12 09:45:00,274,274,274,274,0
2022-10-12 09:46:00,274,274,274,274,0
2022-10-12 09:47:00,274,274,274,274,0
2022-10-12 09:48:00,274,274,274,274,0
2022-10-12 09:49:00,274,274,274,274,0
2022-10-12 09:50:00,274,274,274,274,0
2022-10-12 09:51:00,274,274,274,274,0
2022-10-12 09:52:00,274,274,274,274,0
2022-10-12 09:53:00,274,274,274,274,0
2022-10-12 09:54:00,274,274,274,274,0
2022-10-12 09:55:00,274,274,274,274,0
2022-10-12 09:56:00,274,274,274,274,0
2022-10-12 09:57:00,274,274,274,274,0
2022-10-12 09:58:00,274,274,274,274,0
2022-10-12 09:59:00,274,274,274,274,0
2022-10-12 10:00:00,274,274,274,274,0
2022-10-12 10:01:00,274,274,274,274,0
2022-10-12 10:02:00,274,274,274,274,0
2022-10-12 10:03:00,274,274,274,274,0
2022-10-12 10:04:00,274,274,274,274,0
2022-10-12 10:05:00,274,274,274,274,0
2022-10-12 10:06:00,274,274,274,274,0
2022-10-12 10:07:00,274,274,274,274,0
2022-10-12 10:08:00,274,274,274,274,0
2022-10-12 10:09:00,274,274,274,274,0
2022-10-12 10:10:00,274,274,274,274,0
2022-10-12 10:11:00,274,274,274,274,0
2022-10-12 10:12:00,274,274,274,274,0
2022-10-12 10:13:00,274,274,274,274,0
2022-10-12 10:14:00,274,274,274,274,0
2022-10-12 10:15:00,274,274,274,274,0
2022-10-12 10:16:00,274,274,274,274,0
2022-10-12 10:17:00,274,274,274,274,0
2022-10-12 10:18:00,274,274,274,274,0
2022-10-12 10:19:00,274,274,274,274,0
2022-10-12 10:20:00,274,274,274,274,0
2022-10-12 10:21:00,274,274,274,274,0
2022-10-12 10:22:00,286,286,286,286,100
2022-10-12 10:23:00,286,286,286,286,0
2022-10-12 10:24:00,286,286,286,286,0
2022-10-12 10:25:00,286,286,286,286,0
2022-10-12 10:26:00,274,274,274,274,200
2022-10-12 10:27:00,274,274,274,274,0
2022-10-12 10:28:00,274,274,274,274,0
2022-10-12 10:29:00,274,270,274,270,30900
2022-10-12 10:30:00,274,270,274,270,0
2022-10-12 10:31:00,274,270,274,270,0
2022-10-12 10:32:00,270,266,270,266,102800
2022-10-12 10:33:00,266,266,266,266,0
2022-10-12 10:34:00,266,266,266,266,100
2022-10-12 10:35:00,266,266,266,266,0
2022-10-12 10:36:00,266,266,266,266,0
2022-10-12 10:37:00,266,266,266,266,0
2022-10-12 10:38:00,266,266,266,266,0
2022-10-12 10:39:00,266,266,266,266,0
2022-10-12 10:40:00,266,266,266,266,0
2022-10-12 10:41:00,266,266,266,266,0
2022-10-12 10:42:00,266,266,266,266,0
2022-10-12 10:43:00,266,266,266,266,0
2022-10-12 10:44:00,266,266,266,266,9700
2022-10-12 10:45:00,266,266,266,266,9900
2022-10-12 10:46:00,266,266,266,266,0
2022-10-12 10:47:00,266,266,266,266,0
2022-10-12 10:48:00,266,266,266,266,0
2022-10-12 10:49:00,266,266,266,266,0
2022-10-12 10:50:00,266,266,266,266,0
2022-10-12 10:51:00,266,266,266,266,0
2022-10-12 10:52:00,266,266,266,266,0
2022-10-12 10:53:00,266,266,266,266,0
2022-10-12 10:54:00,266,266,266,266,1000
2022-10-12 10:55:00,266,266,266,266,0
2022-10-12 10:56:00,266,266,266,266,0
2022-10-12 10:57:00,266,266,266,266,0
2022-10-12 10:58:00,266,266,266,266,0
2022-10-12 10:59:00,266,266,266,266,0
2022-10-12 11:00:00,266,266,266,266,0
2022-10-12 11:01:00,266,266,266,266,0
2022-10-12 11:02:00,266,266,266,266,0
2022-10-12 11:03:00,266,266,266,266,0
2022-10-12 11:04:00,266,266,266,266,0
2022-10-12 11:05:00,266,266,266,266,0
2022-10-12 11:06:00,266,266,266,266,0
2022-10-12 11:07:00,266,266,266,266,0
2022-10-12 11:08:00,266,266,266,266,0
2022-10-12 11:09:00,266,266,266,266,0
2022-10-12 11:10:00,266,266,266,266,0
2022-10-12 11:11:00,266,266,266,266,0
2022-10-12 11:12:00,266,266,266,266,0
2022-10-12 11:13:00,266,266,266,266,0
2022-10-12 11:14:00,266,266,266,266,0
2022-10-12 11:15:00,266,266,266,266,0
2022-10-12 11:16:00,266,266,266,266,0
2022-10-12 11:17:00,266,266,266,266,2100
2022-10-12 11:18:00,266,266,266,266,0
2022-10-12 11:19:00,266,266,266,266,0
2022-10-12 11:20:00,266,266,266,266,0
2022-10-12 11:21:00,266,266,266,266,0
2022-10-12 11:22:00,266,266,266,266,0
2022-10-12 11:23:00,266,266,266,266,0
2022-10-12 11:24:00,266,266,266,266,0
2022-10-12 11:25:00,266,266,266,266,0
2022-10-12 11:26:00,266,266,266,266,0
2022-10-12 11:27:00,266,266,266,266,0
2022-10-12 11:28:00,266,266,266,266,0
2022-10-12 11:29:00,266,266,266,266,2200
2022-10-12 11:30:00,266,266,266,266,0
2022-10-12 11:31:00,266,266,266,266,0
2022-10-12 11:32:00,266,266,266,266,0
2022-10-12 11:33:00,266,266,266,266,0
2022-10-12 11:34:00,266,266,266,266,0
2022-10-12 11:35:00,266,266,266,266,0
2022-10-12 11:36:00,266,266,266,266,0
2022-10-12 11:37:00,266,266,266,266,0
2022-10-12 11:38:00,266,266,266,266,0
2022-10-12 11:39:00,266,266,266,266,0
2022-10-12 11:40:00,266,266,266,266,0
2022-10-12 11:41:00,266,266,266,266,0
2022-10-12 11:42:00,266,266,266,266,0
2022-10-12 11:43:00,266,266,266,266,0
2022-10-12 11:44:00,266,266,266,266,0
2022-10-12 11:45:00,266,266,266,266,0
2022-10-12 11:46:00,266,266,266,266,0
2022-10-12 11:47:00,266,266,266,266,0
2022-10-12 11:48:00,266,266,266,266,0
2022-10-12 11:49:00,266,266,266,266,0
2022-10-12 11:50:00,266,266,266,266,0
2022-10-12 11:51:00,266,266,266,266,0
2022-10-12 11:52:00,266,266,266,266,0
2022-10-12 11:53:00,266,266,266,266,0
2022-10-12 11:54:00,266,266,266,266,0
2022-10-12 11:55:00,266,266,266,266,0
2022-10-12 11:56:00,266,266,266,266,0
2022-10-12 11:57:00,266,266,266,266,0
2022-10-12 11:58:00,266,266,266,266,0
2022-10-12 11:59:00,266,266,266,266,0
2022-10-12 12:00:00,266,266,266,266,0
2022-10-12 12:01:00,266,266,266,266,0
2022-10-12 12:02:00,266,266,266,266,0
2022-10-12 12:03:00,266,266,266,266,0
2022-10-12 12:04:00,266,266,266,266,0
2022-10-12 12:05:00,266,266,266,266,0
2022-10-12 12:06:00,266,266,266,266,0
2022-10-12 12:07:00,266,266,266,266,0
2022-10-12 12:08:00,266,266,266,266,0
2022-10-12 12:09:00,266,266,266,266,0
2022-10-12 12:10:00,266,266,266,266,0
2022-10-12 12:11:00,266,266,266,266,0
2022-10-12 12:12:00,266,266,266,266,0
2022-10-12 12:13:00,266,266,266,266,0
2022-10-12 12:14:00,266,266,266,266,0
2022-10-12 12:15:00,266,266,266,266,0
2022-10-12 12:16:00,266,266,266,266,0
2022-10-12 12:17:00,266,266,266,266,0
2022-10-12 12:18:00,266,266,266,266,0
2022-10-12 12:19:00,266,266,266,266,0
2022-10-12 12:20:00,266,266,266,266,0
2022-10-12 12:21:00,266,266,266,266,0
2022-10-12 12:22:00,266,266,266,266,0
2022-10-12 12:23:00,266,266,266,266,0
2022-10-12 12:24:00,266,266,266,266,0
2022-10-12 12:25:00,266,266,266,266,0
2022-10-12 12:26:00,266,266,266,266,0
2022-10-12 12:27:00,266,266,266,266,0
2022-10-12 12:28:00,266,266,266,266,0
2022-10-12 12:29:00,266,266,266,266,0
2022-10-12 12:30:00,266,266,266,266,0
2022-10-12 12:31:00,266,266,266,266,0
2022-10-12 12:32:00,266,266,266,266,0
2022-10-12 12:33:00,266,266,266,266,0
2022-10-12 12:34:00,266,266,266,266,0
2022-10-12 12:35:00,266,266,266,266,0
2022-10-12 12:36:00,266,266,266,266,0
2022-10-12 12:37:00,266,266,266,266,0
2022-10-12 12:38:00,266,266,266,266,0
2022-10-12 12:39:00,266,266,266,266,0
2022-10-12 12:40:00,266,266,266,266,0
2022-10-12 12:41:00,266,266,266,266,0
2022-10-12 12:42:00,266,266,266,266,0
2022-10-12 12:43:00,266,266,266,266,0
2022-10-12 12:44:00,266,266,266,266,0
2022-10-12 12:45:00,266,266,266,266,0
2022-10-12 12:46:00,266,266,266,266,0
2022-10-12 12:47:00,266,266,266,266,0
2022-10-12 12:48:00,266,266,266,266,0
2022-10-12 12:49:00,266,266,266,266,0
2022-10-12 12:50:00,266,266,266,266,0
2022-10-12 12:51:00,266,266,266,266,0
2022-10-12 12:52:00,266,266,266,266,0
2022-10-12 12:53:00,266,266,266,266,0
2022-10-12 12:54:00,266,266,266,266,0
2022-10-12 12:55:00,266,266,266,266,0
2022-10-12 12:56:00,266,266,266,266,0
2022-10-12 12:57:00,266,266,266,266,0
2022-10-12 12:58:00,266,266,266,266,0
2022-10-12 12:59:00,266,266,266,266,0
2022-10-12 13:00:00,266,266,266,266,0
2022-10-12 13:01:00,266,266,266,266,0
2022-10-12 13:02:00,266,266,266,266,0
2022-10-12 13:03:00,266,266,266,266,0
2022-10-12 13:04:00,266,266,266,266,0
2022-10-12 13:05:00,266,266,266,266,0
2022-10-12 13:06:00,266,266,266,266,0
2022-10-12 13:07:00,266,266,266,266,0
2022-10-12 13:08:00,266,266,266,266,0
2022-10-12 13:09:00,266,266,266,266,0
2022-10-12 13:10:00,266,266,266,266,0
2022-10-12 13:11:00,266,266,266,266,0
2022-10-12 13:12:00,266,266,266,266,0
2022-10-12 13:13:00,266,266,266,266,0
2022-10-12 13:14:00,266,266,266,266,0
2022-10-12 13:15:00,266,266,266,266,0
2022-10-12 13:16:00,266,266,266,266,0
2022-10-12 13:17:00,266,266,266,266,0
2022-10-12 13:18:00,266,266,266,266,0
2022-10-12 13:19:00,266,266,266,266,0
2022-10-12 13:20:00,266,266,266,266,0
2022-10-12 13:21:00,266,266,266,266,0
2022-10-12 13:22:00,266,266,266,266,0
2022-10-12 13:23:00,266,266,266,266,0
2022-10-12 13:24:00,266,266,266,266,0
2022-10-12 13:25:00,266,266,266,266,0
2022-10-12 13:26:00,266,266,266,266,0
2022-10-12 13:27:00,266,266,266,266,0
2022-10-12 13:28:00,266,266,266,266,0
2022-10-12 13:29:00,266,266,266,266,0
2022-10-12 13:30:00,266,266,266,266,200
2022-10-12 13:31:00,266,266,266,266,0
2022-10-12 13:32:00,266,266,266,266,0
2022-10-12 13:33:00,266,266,266,266,0
2022-10-12 13:34:00,266,266,266,266,0
2022-10-12 13:35:00,266,266,266,266,0
2022-10-12 13:36:00,266,266,266,266,1000
2022-10-12 13:37:00,266,266,266,266,0
2022-10-12 13:38:00,266,266,266,266,0
2022-10-12 13:39:00,266,266,266,266,0
2022-10-12 13:40:00,266,266,266,266,0
2022-10-12 13:41:00,266,266,266,266,0
2022-10-12 13:42:00,266,266,266,266,0
2022-10-12 13:43:00,266,266,266,266,0
2022-10-12 13:44:00,266,266,266,266,0
2022-10-12 13:45:00,266,266,266,266,0
2022-10-12 13:46:00,266,266,266,266,0
2022-10-12 13:47:00,266,266,266,266,0
2022-10-12 13:48:00,266,266,266,266,0
2022-10-12 13:49:00,266,266,266,266,0
2022-10-12 13:50:00,266,266,266,266,0
2022-10-12 13:51:00,266,266,266,266,100
2022-10-12 13:52:00,266,266,266,266,0
2022-10-12 13:53:00,266,266,266,266,0
2022-10-12 13:54:00,266,266,266,266,0
2022-10-12 13:55:00,266,266,266,266,0
2022-10-12 13:56:00,266,266,266,266,0
2022-10-12 13:57:00,266,266,266,266,20400
2022-10-12 13:58:00,266,266,266,266,0
2022-10-12 13:59:00,266,266,266,266,0
2022-10-12 14:00:00,266,266,266,266,0
2022-10-12 14:01:00,266,266,266,266,0
2022-10-12 14:02:00,266,266,266,266,0
2022-10-12 14:03:00,266,266,266,266,0
2022-10-12 14:04:00,266,266,266,266,0
2022-10-12 14:05:00,266,266,266,266,0
2022-10-12 14:06:00,266,266,266,266,0
2022-10-12 14:07:00,266,266,266,266,0
2022-10-12 14:08:00,266,266,266,266,0
2022-10-12 14:09:00,266,266,266,266,0
2022-10-12 14:10:00,266,266,266,266,200
2022-10-12 14:11:00,266,266,266,266,0
2022-10-12 14:12:00,266,266,266,266,400
2022-10-12 14:13:00,266,266,266,266,0
2022-10-12 14:14:00,266,266,266,266,0
2022-10-12 14:15:00,266,266,266,266,0
2022-10-12 14:16:00,266,266,266,266,0
2022-10-12 14:17:00,266,266,266,266,0
2022-10-12 14:18:00,266,266,266,266,0
2022-10-12 14:19:00,266,266,266,266,0
2022-10-12 14:20:00,266,266,266,266,0
2022-10-12 14:21:00,266,266,266,266,100
2022-10-12 14:22:00,266,266,266,266,0
2022-10-12 14:23:00,266,266,266,266,0
2022-10-12 14:24:00,266,266,266,266,0
2022-10-12 14:25:00,266,266,266,266,0
2022-10-12 14:26:00,266,266,266,266,0
2022-10-12 14:27:00,266,266,266,266,0
2022-10-12 14:28:00,266,266,266,266,0
2022-10-12 14:29:00,266,266,266,266,0
2022-10-12 14:30:00,266,266,266,266,0
2022-10-12 14:31:00,266,266,266,266,0
2022-10-12 14:32:00,266,266,266,266,0
2022-10-12 14:33:00,266,266,266,266,0
2022-10-12 14:34:00,266,266,266,266,0
2022-10-12 14:35:00,266,266,266,266,0
2022-10-12 14:36:00,266,266,266,266,0
2022-10-12 14:37:00,266,266,266,266,0
2022-10-12 14:38:00,266,266,266,266,0
2022-10-12 14:39:00,266,266,266,266,0
2022-10-12 14:40:00,266,266,266,266,0
2022-10-12 14:41:00,266,266,266,266,0
2022-10-12 14:42:00,266,266,266,266,0
2022-10-12 14:43:00,266,266,266,266,0
2022-10-12 14:44:00,266,266,266,266,0
2022-10-12 14:45:00,266,266,266,266,0
2022-10-12 14:46:00,266,266,266,266,0
2022-10-12 14:47:00,266,266,266,266,0
2022-10-12 14:48:00,266,266,266,266,0
2022-10-12 14:49:00,266,266,266,266,0
2022-10-12 14:50:00,266,266,266,266,0
2022-10-12 14:51:00,266,266,266,266,0
2022-10-12 14:52:00,266,266,266,266,0
2022-10-12 14:53:00,266,266,266,266,0
2022-10-12 14:54:00,266,266,266,266,0
2022-10-12 14:55:00,266,266,266,266,0
2022-10-12 14:56:00,266,266,266,266,0
2022-10-12 14:57:00,266,266,266,266,0
2022-10-12 14:58:00,266,266,266,266,0
2022-10-12 14:59:00,266,266,266,266,0
2022-10-12 15:00:00,266,266,266,266,2500
2022-10-12 15:01:00,266,266,266,266,0
2022-10-12 15:02:00,266,266,266,266,0
2022-10-12 15:03:00,266,266,266,266,0
2022-10-12 15:04:00,266,266,266,266,0
2022-10-12 15:05:00,266,266,266,266,1600
2022-10-12 15:06:00,266,266,266,266,0
2022-10-12 15:07:00,266,266,266,266,0
2022-10-12 15:08:00,266,266,266,266,0
2022-10-12 15:09:00,266,266,266,266,0
2022-10-12 15:10:00,266,266,266,266,11700
2022-10-12 15:11:00,266,266,266,266,217500
2022-10-12 15:12:00,266,266,266,266,0
2022-10-12 15:13:00,266,266,266,266,0
2022-10-12 15:14:00,266,266,266,266,0
2022-10-12 15:15:00,266,266,266,266,0
2022-10-12 15:16:00,266,266,266,266,0
2022-10-12 15:17:00,266,266,266,266,0
2022-10-12 15:18:00,266,266,266,266,0
2022-10-12 15:19:00,266,266,266,266,0
2022-10-12 15:20:00,266,266,266,266,0
2022-10-12 15:21:00,266,266,266,266,0
2022-10-12 15:22:00,266,266,266,266,0
2022-10-12 15:23:00,266,266,266,266,0
2022-10-12 15:24:00,266,266,266,266,0
2022-10-12 15:25:00,266,266,266,266,0
2022-10-12 15:26:00,266,266,266,266,0
2022-10-12 15:27:00,266,266,266,266,0
2022-10-12 15:28:00,266,266,266,266,0
2022-10-12 15:29:00,266,266,266,266,0
2022-10-12 15:30:00,266,266,266,266,0
2022-10-12 15:31:00,266,266,266,266,0
2022-10-12 15:32:00,266,266,266,266,0
2022-10-12 15:33:00,266,266,266,266,0
2022-10-12 15:34:00,266,266,266,266,0
2022-10-12 15:35:00,266,266,266,266,0
2022-10-12 15:36:00,266,266,266,266,0
2022-10-12 15:37:00,266,266,266,266,0
2022-10-12 15:38:00,266,266,266,266,0
2022-10-12 15:39:00,266,266,266,266,0
2022-10-12 15:40:00,266,266,266,266,0
2022-10-12 15:41:00,266,266,266,266,0
2022-10-12 15:42:00,266,266,266,266,0
2022-10-12 15:43:00,266,266,266,266,0
2022-10-12 15:44:00,266,266,266,266,0
2022-10-12 15:45:00,266,266,266,266,0
2022-10-12 15:46:00,266,266,266,266,0
2022-10-12 15:47:00,266,266,266,266,0
2022-10-12 15:48:00,266,266,266,266,0
2022-10-12 15:49:00,266,266,266,266,0
2022-10-12 15:50:00,266,266,266,266,0
2022-10-12 15:51:00,266,266,266,266,0
2022-10-12 15:52:00,266,266,266,266,0
2022-10-12 15:53:00,266,266,266,266,0
2022-10-12 15:54:00,266,266,266,266,0
2022-10-12 15:55:00,266,266,266,266,0
2022-10-12 15:56:00,266,266,266,266,0
2022-10-12 15:57:00,266,266,266,266,0
2022-10-12 15:58:00,266,266,266,266,0
2022-10-12 15:59:00,266,266,266,266,0
2022-10-13 09:00:00,266,266,266,266,0
2022-10-13 09:01:00,266,266,266,266,0
2022-10-13 09:02:00,266,262,268,268,2500
2022-10-13 09:03:00,266,262,268,268,0
2022-10-13 09:04:00,266,262,268,268,0
2022-10-13 09:05:00,266,262,268,268,0
2022-10-13 09:06:00,266,262,268,268,0
2022-10-13 09:07:00,268,268,268,268,200
2022-10-13 09:08:00,268,268,268,268,0
2022-10-13 09:09:00,268,268,268,268,600
2022-10-13 09:10:00,262,260,262,260,31600
2022-10-13 09:11:00,260,260,260,260,0
2022-10-13 09:12:00,258,256,258,256,2300
2022-10-13 09:13:00,256,256,270,270,1400
2022-10-13 09:14:00,256,256,270,270,0
2022-10-13 09:15:00,270,270,272,272,2500
2022-10-13 09:16:00,270,270,272,272,0
2022-10-13 09:17:00,270,270,272,272,0
2022-10-13 09:18:00,270,270,272,272,0
2022-10-13 09:19:00,270,270,272,272,0
2022-10-13 09:20:00,270,270,272,272,0
2022-10-13 09:21:00,270,270,272,272,0
2022-10-13 09:22:00,270,270,272,272,0
2022-10-13 09:23:00,272,272,272,272,1600
2022-10-13 09:24:00,272,272,272,272,0
2022-10-13 09:25:00,258,258,258,258,0
2022-10-13 09:26:00,258,250,258,250,298000
2022-10-13 09:27:00,258,250,258,250,0
2022-10-13 09:28:00,258,250,258,250,0
2022-10-13 09:29:00,262,262,268,268,300
2022-10-13 09:30:00,262,262,268,268,0
2022-10-13 09:31:00,262,262,268,268,0
2022-10-13 09:32:00,262,262,268,268,0
2022-10-13 09:33:00,262,262,268,268,0
2022-10-13 09:34:00,256,256,256,256,300
2022-10-13 09:35:00,256,256,256,256,0
2022-10-13 09:36:00,256,256,256,256,0
2022-10-13 09:37:00,256,256,256,256,0
2022-10-13 09:38:00,266,266,266,266,100
2022-10-13 09:39:00,266,266,266,266,0
2022-10-13 09:40:00,266,266,266,266,0
2022-10-13 09:41:00,266,266,266,266,0
2022-10-13 09:42:00,266,266,266,266,0
2022-10-13 09:43:00,266,266,266,266,0
2022-10-13 09:44:00,266,266,266,266,0
2022-10-13 09:45:00,266,266,266,266,0
2022-10-13 09:46:00,256,256,256,256,3200
2022-10-13 09:47:00,256,252,256,252,28000
2022-10-13 09:48:00,256,252,256,252,0
2022-10-13 09:49:00,256,252,256,252,0
2022-10-13 09:50:00,256,252,256,252,0
2022-10-13 09:51:00,256,252,256,252,0
2022-10-13 09:52:00,256,252,256,252,0
2022-10-13 09:53:00,256,252,256,252,0
2022-10-13 09:54:00,256,252,256,252,0
2022-10-13 09:55:00,256,252,256,252,0
2022-10-13 09:56:00,256,252,256,252,0
2022-10-13 09:57:00,254,254,254,254,1400
2022-10-13 09:58:00,254,254,254,254,0
2022-10-13 09:59:00,254,254,254,254,0
2022-10-13 10:00:00,254,254,254,254,0
2022-10-13 10:01:00,254,254,254,254,0
2022-10-13 10:02:00,254,254,254,254,0
2022-10-13 10:03:00,254,254,254,254,0
2022-10-13 10:04:00,254,254,254,254,0
2022-10-13 10:05:00,254,254,254,254,0
2022-10-13 10:06:00,254,254,254,254,0
2022-10-13 10:07:00,254,254,254,254,0
2022-10-13 10:08:00,254,254,254,254,0
2022-10-13 10:09:00,254,254,254,254,0
2022-10-13 10:10:00,254,254,254,254,0
2022-10-13 10:11:00,254,254,254,254,0
2022-10-13 10:12:00,254,254,254,254,0
2022-10-13 10:13:00,254,254,254,254,0
2022-10-13 10:14:00,254,254,254,254,0
2022-10-13 10:15:00,254,254,254,254,0
2022-10-13 10:16:00,254,254,254,254,0
2022-10-13 10:17:00,254,254,254,254,0
2022-10-13 10:18:00,254,254,254,254,0
2022-10-13 10:19:00,266,266,266,266,300
2022-10-13 10:20:00,266,266,266,266,0
2022-10-13 10:21:00,266,266,266,266,0
2022-10-13 10:22:00,266,266,266,266,0
2022-10-13 10:23:00,266,266,266,266,0
2022-10-13 10:24:00,266,266,266,266,0
2022-10-13 10:25:00,266,266,266,266,0
2022-10-13 10:26:00,266,266,266,266,0
2022-10-13 10:27:00,266,266,266,266,2300
2022-10-13 10:28:00,266,266,266,266,0
2022-10-13 10:29:00,266,266,266,266,0
2022-10-13 10:30:00,266,266,266,266,0
2022-10-13 10:31:00,266,266,266,266,0
2022-10-13 10:32:00,266,266,266,266,0
2022-10-13 10:33:00,266,266,266,266,0
2022-10-13 10:34:00,254,254,254,254,2900
2022-10-13 10:35:00,254,254,254,254,0
2022-10-13 10:36:00,254,254,254,254,0
2022-10-13 10:37:00,254,254,254,254,0
2022-10-13 10:38:00,254,252,254,252,98900
2022-10-13 10:39:00,252,250,252,252,425000
2022-10-13 10:40:00,250,250,250,250,11600
2022-10-13 10:41:00,250,250,250,250,0
2022-10-13 10:42:00,250,248,250,248,577400
2022-10-13 10:43:00,250,248,250,248,0
2022-10-13 10:44:00,250,248,250,248,0
2022-10-13 10:45:00,250,248,250,248,0
2022-10-13 10:46:00,250,250,250,250,0
2022-10-13 10:47:00,250,250,250,250,0
2022-10-13 10:48:00,250,250,250,250,0
2022-10-13 10:49:00,250,250,250,250,44000
2022-10-13 10:50:00,252,252,252,252,0
2022-10-13 10:51:00,252,252,252,252,0
2022-10-13 10:52:00,256,256,256,256,200
2022-10-13 10:53:00,256,256,256,256,0
2022-10-13 10:54:00,256,256,256,256,13900
2022-10-13 10:55:00,256,256,256,256,7000
2022-10-13 10:56:00,258,258,260,260,800
2022-10-13 10:57:00,256,250,256,250,99900
2022-10-13 10:58:00,258,258,258,258,0
2022-10-13 10:59:00,256,256,256,256,0
2022-10-13 11:00:00,256,256,256,256,0
2022-10-13 11:01:00,256,256,256,256,0
2022-10-13 11:02:00,256,256,256,256,0
2022-10-13 11:03:00,256,256,256,256,0
2022-10-13 11:04:00,256,256,256,256,0
2022-10-13 11:05:00,256,256,256,256,0
2022-10-13 11:06:00,256,256,256,256,0
2022-10-13 11:07:00,256,256,256,256,0
2022-10-13 11:08:00,256,256,256,256,0
2022-10-13 11:09:00,256,256,256,256,0
2022-10-13 11:10:00,256,256,256,256,100
2022-10-13 11:11:00,256,256,256,256,0
2022-10-13 11:12:00,256,256,256,256,0
2022-10-13 11:13:00,256,256,256,256,0
2022-10-13 11:14:00,256,256,256,256,0
2022-10-13 11:15:00,256,256,256,256,0
2022-10-13 11:16:00,256,256,256,256,0
2022-10-13 11:17:00,256,256,256,256,400
2022-10-13 11:18:00,256,256,256,256,0
2022-10-13 11:19:00,256,256,256,256,0
2022-10-13 11:20:00,256,256,256,256,0
2022-10-13 11:21:00,256,256,256,256,0
2022-10-13 11:22:00,256,256,256,256,0
2022-10-13 11:23:00,256,256,256,256,0
2022-10-13 11:24:00,256,256,256,256,0
2022-10-13 11:25:00,256,256,256,256,0
2022-10-13 11:26:00,256,256,256,256,500
2022-10-13 11:27:00,256,256,256,256,0
2022-10-13 11:28:00,256,256,256,256,0
2022-10-13 11:29:00,256,256,256,256,0
2022-10-13 11:30:00,256,256,256,256,0
2022-10-13 11:31:00,256,256,256,256,0
2022-10-13 11:32:00,256,256,256,256,0
2022-10-13 11:33:00,256,256,256,256,0
2022-10-13 11:34:00,256,256,256,256,0
2022-10-13 11:35:00,256,256,256,256,0
2022-10-13 11:36:00,256,256,256,256,0
2022-10-13 11:37:00,256,256,256,256,0
2022-10-13 11:38:00,256,256,256,256,0
2022-10-13 11:39:00,256,256,256,256,0
2022-10-13 11:40:00,256,256,256,256,0
2022-10-13 11:41:00,256,256,256,256,0
2022-10-13 11:42:00,256,256,256,256,0
2022-10-13 11:43:00,256,256,256,256,0
2022-10-13 11:44:00,256,256,256,256,0
2022-10-13 11:45:00,256,256,256,256,0
2022-10-13 11:46:00,256,256,256,256,0
2022-10-13 11:47:00,256,256,256,256,0
2022-10-13 11:48:00,256,256,256,256,0
2022-10-13 11:49:00,256,256,256,256,0
2022-10-13 11:50:00,256,256,256,256,0
2022-10-13 11:51:00,256,256,256,256,0
2022-10-13 11:52:00,256,256,256,256,0
2022-10-13 11:53:00,256,256,256,256,0
2022-10-13 11:54:00,256,256,256,256,0
2022-10-13 11:55:00,256,256,256,256,0
2022-10-13 11:56:00,256,256,256,256,0
2022-10-13 11:57:00,256,256,256,256,0
2022-10-13 11:58:00,256,256,256,256,0
2022-10-13 11:59:00,256,256,256,256,0
2022-10-13 12:00:00,256,256,256,256,0
2022-10-13 12:01:00,256,256,256,256,0
2022-10-13 12:02:00,256,256,256,256,0
2022-10-13 12:03:00,256,256,256,256,0
2022-10-13 12:04:00,256,256,256,256,0
2022-10-13 12:05:00,256,256,256,256,0
2022-10-13 12:06:00,256,256,256,256,0
2022-10-13 12:07:00,256,256,256,256,0
2022-10-13 12:08:00,256,256,256,256,0
2022-10-13 12:09:00,256,256,256,256,0
2022-10-13 12:10:00,256,256,256,256,0
2022-10-13 12:11:00,256,256,256,256,0
2022-10-13 12:12:00,256,256,256,256,0
2022-10-13 12:13:00,256,256,256,256,0
2022-10-13 12:14:00,256,256,256,256,0
2022-10-13 12:15:00,256,256,256,256,0
2022-10-13 12:16:00,256,256,256,256,0
2022-10-13 12:17:00,256,256,256,256,0
2022-10-13 12:18:00,256,256,256,256,0
2022-10-13 12:19:00,256,256,256,256,0
2022-10-13 12:20:00,256,256,256,256,0
2022-10-13 12:21:00,256,256,256,256,0
2022-10-13 12:22:00,256,256,256,256,0
2022-10-13 12:23:00,256,256,256,256,0
2022-10-13 12:24:00,256,256,256,256,0
2022-10-13 12:25:00,256,256,256,256,0
2022-10-13 12:26:00,256,256,256,256,0
2022-10-13 12:27:00,256,256,256,256,0
2022-10-13 12:28:00,256,256,256,256,0
2022-10-13 12:29:00,256,256,256,256,0
2022-10-13 12:30:00,256,256,256,256,0
2022-10-13 12:31:00,256,256,256,256,0
2022-10-13 12:32:00,256,256,256,256,0
2022-10-13 12:33:00,256,256,256,256,0
2022-10-13 12:34:00,256,256,256,256,0
2022-10-13 12:35:00,256,256,256,256,0
2022-10-13 12:36:00,256,256,256,256,0
2022-10-13 12:37:00,256,256,256,256,0
2022-10-13 12:38:00,256,256,256,256,0
2022-10-13 12:39:00,256,256,256,256,0
2022-10-13 12:40:00,256,256,256,256,0
2022-10-13 12:41:00,256,256,256,256,0
2022-10-13 12:42:00,256,256,256,256,0
2022-10-13 12:43:00,256,256,256,256,0
2022-10-13 12:44:00,256,256,256,256,0
2022-10-13 12:45:00,256,256,256,256,0
2022-10-13 12:46:00,256,256,256,256,0
2022-10-13 12:47:00,256,256,256,256,0
2022-10-13 12:48:00,256,256,256,256,0
2022-10-13 12:49:00,256,256,256,256,0
2022-10-13 12:50:00,256,256,256,256,0
2022-10-13 12:51:00,256,256,256,256,0
2022-10-13 12:52:00,256,256,256,256,0
2022-10-13 12:53:00,256,256,256,256,0
2022-10-13 12:54:00,256,256,256,256,0
2022-10-13 12:55:00,256,256,256,256,0
2022-10-13 12:56:00,256,256,256,256,0
2022-10-13 12:57:00,256,256,256,256,0
2022-10-13 12:58:00,256,256,256,256,0
2022-10-13 12:59:00,256,256,256,256,0
2022-10-13 13:00:00,256,256,256,256,0
2022-10-13 13:01:00,256,256,256,256,0
2022-10-13 13:02:00,256,256,256,256,0
2022-10-13 13:03:00,256,256,256,256,0
2022-10-13 13:04:00,256,256,256,256,0
2022-10-13 13:05:00,256,256,256,256,0
2022-10-13 13:06:00,256,256,256,256,0
2022-10-13 13:07:00,256,256,256,256,0
2022-10-13 13:08:00,256,256,256,256,0
2022-10-13 13:09:00,256,256,256,256,0
2022-10-13 13:10:00,256,256,256,256,0
2022-10-13 13:11:00,256,256,256,256,0
2022-10-13 13:12:00,256,256,256,256,0
2022-10-13 13:13:00,256,256,256,256,0
2022-10-13 13:14:00,256,256,256,256,0
2022-10-13 13:15:00,256,256,256,256,0
2022-10-13 13:16:00,256,256,256,256,0
2022-10-13 13:17:00,256,256,256,256,0
2022-10-13 13:18:00,256,256,256,256,0
2022-10-13 13:19:00,256,256,256,256,0
2022-10-13 13:20:00,256,256,256,256,0
2022-10-13 13:21:00,256,256,256,256,0
2022-10-13 13:22:00,256,256,256,256,0
2022-10-13 13:23:00,256,256,256,256,0
2022-10-13 13:24:00,256,256,256,256,0
2022-10-13 13:25:00,256,256,256,256,0
2022-10-13 13:26:00,256,256,256,256,0
2022-10-13 13:27:00,256,256,256,256,0
2022-10-13 13:28:00,256,256,256,256,0
2022-10-13 13:29:00,256,256,256,256,0
2022-10-13 13:30:00,256,256,256,256,0
2022-10-13 13:31:00,256,256,256,256,0
2022-10-13 13:32:00,256,256,256,256,0
2022-10-13 13:33:00,256,256,256,256,0
2022-10-13 13:34:00,256,256,256,256,0
2022-10-13 13:35:00,256,252,256,252,600
2022-10-13 13:36:00,256,252,256,252,0
2022-10-13 13:37:00,256,252,256,252,0
2022-10-13 13:38:00,256,252,256,252,0
2022-10-13 13:39:00,256,252,256,252,0
2022-10-13 13:40:00,252,252,252,252,800
2022-10-13 13:41:00,252,252,252,252,0
2022-10-13 13:42:00,252,252,252,252,0
2022-10-13 13:43:00,252,252,252,252,0
2022-10-13 13:44:00,256,256,258,258,100
2022-10-13 13:45:00,256,256,258,258,0
2022-10-13 13:46:00,256,256,256,256,100
2022-10-13 13:47:00,256,256,256,256,0
2022-10-13 13:48:00,256,256,256,256,0
2022-10-13 13:49:00,256,256,256,256,0
2022-10-13 13:50:00,256,256,256,256,0
2022-10-13 13:51:00,256,256,256,256,0
2022-10-13 13:52:00,256,256,256,256,0
2022-10-13 13:53:00,256,256,256,256,0
2022-10-13 13:54:00,256,256,256,256,0
2022-10-13 13:55:00,256,256,258,258,900
2022-10-13 13:56:00,256,256,256,256,13600
2022-10-13 13:57:00,258,258,258,258,0
2022-10-13 13:58:00,258,258,260,260,2400
2022-10-13 13:59:00,260,260,260,260,4300
2022-10-13 14:00:00,262,262,266,266,2800
2022-10-13 14:01:00,264,264,266,264,3800
2022-10-13 14:02:00,264,264,266,266,28100
2022-10-13 14:03:00,266,266,266,266,0
2022-10-13 14:04:00,264,264,266,266,11500
2022-10-13 14:05:00,264,256,264,256,0
2022-10-13 14:06:00,264,256,264,256,0
2022-10-13 14:07:00,256,256,256,256,4000
2022-10-13 14:08:00,256,256,256,256,0
2022-10-13 14:09:00,256,256,256,256,0
2022-10-13 14:10:00,256,256,256,256,0
2022-10-13 14:11:00,264,264,264,264,100
2022-10-13 14:12:00,264,264,264,264,0
2022-10-13 14:13:00,264,264,264,264,0
2022-10-13 14:14:00,264,264,264,264,0
2022-10-13 14:15:00,264,264,264,264,0
2022-10-13 14:16:00,264,264,264,264,0
2022-10-13 14:17:00,264,264,264,264,0
2022-10-13 14:18:00,264,264,264,264,0
2022-10-13 14:19:00,264,264,264,264,0
2022-10-13 14:20:00,256,256,256,256,1000
2022-10-13 14:21:00,256,256,256,256,11000
2022-10-13 14:22:00,256,256,256,256,0
2022-10-13 14:23:00,256,256,256,256,0
2022-10-13 14:24:00,256,256,256,256,0
2022-10-13 14:25:00,256,256,264,264,500
2022-10-13 14:26:00,256,256,264,264,0
2022-10-13 14:27:00,256,256,264,264,0
2022-10-13 14:28:00,256,256,264,264,0
2022-10-13 14:29:00,256,256,264,264,0
2022-10-13 14:30:00,256,256,264,264,0
2022-10-13 14:31:00,256,256,256,256,300
2022-10-13 14:32:00,264,264,264,264,0
2022-10-13 14:33:00,264,264,264,264,0
2022-10-13 14:34:00,264,264,264,264,0
2022-10-13 14:35:00,264,264,264,264,0
2022-10-13 14:36:00,264,264,264,264,3000
2022-10-13 14:37:00,264,264,266,264,0
2022-10-13 14:38:00,266,266,266,266,0
2022-10-13 14:39:00,266,266,266,266,0
2022-10-13 14:40:00,266,266,266,266,0
2022-10-13 14:41:00,266,266,266,266,0
2022-10-13 14:42:00,256,256,256,256,2200
2022-10-13 14:43:00,262,262,262,262,0
2022-10-13 14:44:00,262,262,262,262,0
2022-10-13 14:45:00,256,254,256,254,8800
2022-10-13 14:46:00,262,262,262,262,0
2022-10-13 14:47:00,262,262,262,262,0
2022-10-13 14:48:00,262,262,262,262,0
2022-10-13 14:49:00,262,262,262,262,0
2022-10-13 14:50:00,262,262,262,262,0
2022-10-13 14:51:00,262,262,262,262,0
2022-10-13 14:52:00,262,262,262,262,0
2022-10-13 14:53:00,262,262,262,262,0
2022-10-13 14:54:00,262,262,262,262,0
2022-10-13 14:55:00,262,262,262,262,0
2022-10-13 14:56:00,262,262,262,262,0
2022-10-13 14:57:00,262,262,262,262,0
2022-10-13 14:58:00,262,262,262,262,0
2022-10-13 14:59:00,262,262,262,262,0
2022-10-13 15:00:00,256,256,256,256,5100
2022-10-13 15:01:00,256,256,256,256,0
2022-10-13 15:02:00,256,256,256,256,1434900
2022-10-13 15:03:00,256,256,256,256,0
2022-10-13 15:04:00,256,256,256,256,0
2022-10-13 15:05:00,256,256,256,256,0
2022-10-13 15:06:00,256,256,256,256,0
2022-10-13 15:07:00,256,256,256,256,0
2022-10-13 15:08:00,256,256,256,256,0
2022-10-13 15:09:00,256,256,256,256,0
2022-10-13 15:10:00,256,256,256,256,0
2022-10-13 15:11:00,256,256,256,256,0
2022-10-13 15:12:00,256,256,256,256,0
2022-10-13 15:13:00,256,256,256,256,0
2022-10-13 15:14:00,256,256,256,256,0
2022-10-13 15:15:00,256,256,256,256,0
2022-10-13 15:16:00,256,256,256,256,0
2022-10-13 15:17:00,256,256,256,256,0
2022-10-13 15:18:00,256,256,256,256,0
2022-10-13 15:19:00,256,256,256,256,0
2022-10-13 15:20:00,256,256,256,256,0
2022-10-13 15:21:00,256,256,256,256,0
2022-10-13 15:22:00,256,256,256,256,0
2022-10-13 15:23:00,256,256,256,256,0
2022-10-13 15:24:00,256,256,256,256,0
2022-10-13 15:25:00,256,256,256,256,0
2022-10-13 15:26:00,256,256,256,256,0
2022-10-13 15:27:00,256,256,256,256,0
2022-10-13 15:28:00,256,256,256,256,0
2022-10-13 15:29:00,256,256,256,256,0
2022-10-13 15:30:00,256,256,256,256,0
2022-10-13 15:31:00,256,256,256,256,0
2022-10-13 15:32:00,256,256,256,256,0
2022-10-13 15:33:00,256,256,256,256,0
2022-10-13 15:34:00,256,256,256,256,0
2022-10-13 15:35:00,256,256,256,256,0
2022-10-13 15:36:00,256,256,256,256,0
2022-10-13 15:37:00,256,256,256,256,0
2022-10-13 15:38:00,256,256,256,256,0
2022-10-13 15:39:00,256,256,256,256,0
2022-10-13 15:40:00,256,256,256,256,0
2022-10-13 15:41:00,256,256,256,256,0
2022-10-13 15:42:00,256,256,256,256,0
2022-10-13 15:43:00,256,256,256,256,0
2022-10-13 15:44:00,256,256,256,256,0
2022-10-13 15:45:00,256,256,256,256,0
2022-10-13 15:46:00,256,256,256,256,0
2022-10-13 15:47:00,256,256,256,256,0
2022-10-13 15:48:00,256,256,256,256,0
2022-10-13 15:49:00,256,256,256,256,0
2022-10-13 15:50:00,256,256,256,256,0
2022-10-13 15:51:00,256,256,256,256,0
2022-10-13 15:52:00,256,256,256,256,0
2022-10-13 15:53:00,256,256,256,256,0
2022-10-13 15:54:00,256,256,256,256,0
2022-10-13 15:55:00,256,256,256,256,0
2022-10-13 15:56:00,256,256,256,256,0
2022-10-13 15:57:00,256,256,256,256,0
2022-10-13 15:58:00,256,256,256,256,0
2022-10-13 15:59:00,256,256,256,256,0
2022-10-14 09:00:00,256,256,256,256,0
2022-10-14 09:01:00,256,256,268,268,0
2022-10-14 09:02:00,266,266,266,266,1700
2022-10-14 09:03:00,266,266,266,266,0
2022-10-14 09:04:00,266,266,266,266,0
2022-10-14 09:05:00,266,266,266,266,0
2022-10-14 09:06:00,266,266,266,266,0
2022-10-14 09:07:00,266,266,266,266,0
2022-10-14 09:08:00,266,266,266,266,0
2022-10-14 09:09:00,256,256,256,256,18600
2022-10-14 09:10:00,262,262,262,262,1700
2022-10-14 09:11:00,262,262,262,262,500
2022-10-14 09:12:00,262,262,262,262,0
2022-10-14 09:13:00,262,262,262,262,0
2022-10-14 09:14:00,262,262,262,262,0
2022-10-14 09:15:00,262,262,262,262,0
2022-10-14 09:16:00,262,262,262,262,100
2022-10-14 09:17:00,262,262,262,262,0
2022-10-14 09:18:00,262,262,262,262,0
2022-10-14 09:19:00,262,262,262,262,0
2022-10-14 09:20:00,262,262,262,262,0
2022-10-14 09:21:00,262,262,262,262,0
2022-10-14 09:22:00,262,262,262,262,0
2022-10-14 09:23:00,262,262,262,262,0
2022-10-14 09:24:00,262,262,262,262,0
2022-10-14 09:25:00,256,256,260,260,1000
2022-10-14 09:26:00,260,260,260,260,3100
2022-10-14 09:27:00,256,254,256,254,6800
2022-10-14 09:28:00,256,254,256,254,0
2022-10-14 09:29:00,256,254,256,254,0
2022-10-14 09:30:00,256,254,256,254,0
2022-10-14 09:31:00,256,254,256,254,0
2022-10-14 09:32:00,254,254,254,254,0
2022-10-14 09:33:00,254,254,254,254,1700
2022-10-14 09:34:00,254,254,254,254,0
2022-10-14 09:35:00,254,254,254,254,0
2022-10-14 09:36:00,254,254,254,254,0
2022-10-14 09:37:00,254,254,254,254,0
2022-10-14 09:38:00,254,254,254,254,0
2022-10-14 09:39:00,254,254,254,254,0
2022-10-14 09:40:00,254,254,254,254,0
2022-10-14 09:41:00,254,254,254,254,0
2022-10-14 09:42:00,254,254,254,254,0
2022-10-14 09:43:00,256,256,256,256,1000
2022-10-14 09:44:00,256,256,256,256,0
2022-10-14 09:45:00,256,256,256,256,0
2022-10-14 09:46:00,256,256,256,256,0
2022-10-14 09:47:00,256,256,256,256,0
2022-10-14 09:48:00,256,256,256,256,0
2022-10-14 09:49:00,260,260,260,260,0
2022-10-14 09:50:00,260,260,260,260,0
2022-10-14 09:51:00,260,260,260,260,0
2022-10-14 09:52:00,260,260,260,260,200
2022-10-14 09:53:00,260,260,260,260,0
2022-10-14 09:54:00,260,260,260,260,0
2022-10-14 09:55:00,260,260,260,260,1700
2022-10-14 09:56:00,258,256,258,256,11200
2022-10-14 09:57:00,258,256,258,256,0
2022-10-14 09:58:00,258,256,258,256,0
2022-10-14 09:59:00,258,256,258,256,0
2022-10-14 10:00:00,262,262,262,262,0
2022-10-14 10:01:00,262,262,262,262,0
2022-10-14 10:02:00,262,262,262,262,0
2022-10-14 10:03:00,262,262,262,262,0
2022-10-14 10:04:00,262,262,262,262,0
2022-10-14 10:05:00,262,262,262,262,0
2022-10-14 10:06:00,262,262,262,262,0
2022-10-14 10:07:00,262,262,262,262,0
2022-10-14 10:08:00,262,262,262,262,0
2022-10-14 10:09:00,262,262,262,262,0
2022-10-14 10:10:00,262,262,262,262,0
2022-10-14 10:11:00,262,262,262,262,0
2022-10-14 10:12:00,262,262,262,262,0
2022-10-14 10:13:00,262,262,262,262,0
2022-10-14 10:14:00,262,262,262,262,0
2022-10-14 10:15:00,262,262,262,262,0
2022-10-14 10:16:00,262,262,262,262,0
2022-10-14 10:17:00,262,262,262,262,0
2022-10-14 10:18:00,262,262,262,262,0
2022-10-14 10:19:00,262,262,262,262,0
2022-10-14 10:20:00,262,262,262,262,0
2022-10-14 10:21:00,260,260,260,260,600
2022-10-14 10:22:00,260,260,260,260,0
2022-10-14 10:23:00,260,260,260,260,0
2022-10-14 10:24:00,260,260,260,260,0
2022-10-14 10:25:00,260,260,260,260,0
2022-10-14 10:26:00,260,260,260,260,0
2022-10-14 10:27:00,260,260,260,260,0
2022-10-14 10:28:00,260,260,260,260,0
2022-10-14 10:29:00,260,260,260,260,0
2022-10-14 10:30:00,260,260,260,260,0
2022-10-14 10:31:00,260,260,260,260,0
2022-10-14 10:32:00,260,260,260,260,0
2022-10-14 10:33:00,260,260,260,260,0
2022-10-14 10:34:00,260,260,260,260,0
2022-10-14 10:35:00,260,260,260,260,0
2022-10-14 10:36:00,260,260,260,260,0
2022-10-14 10:37:00,260,260,260,260,0
2022-10-14 10:38:00,260,260,260,260,0
2022-10-14 10:39:00,260,260,260,260,0
2022-10-14 10:40:00,260,260,260,260,0
2022-10-14 10:41:00,260,260,260,260,0
2022-10-14 10:42:00,260,260,260,260,0
2022-10-14 10:43:00,260,260,260,260,0
2022-10-14 10:44:00,260,260,260,260,0
2022-10-14 10:45:00,260,260,260,260,0
2022-10-14 10:46:00,260,260,260,260,0
2022-10-14 10:47:00,260,260,260,260,0
2022-10-14 10:48:00,260,260,260,260,0
2022-10-14 10:49:00,260,260,260,260,0
2022-10-14 10:50:00,260,260,260,260,0
2022-10-14 10:51:00,260,260,260,260,0
2022-10-14 10:52:00,260,260,260,260,0
2022-10-14 10:53:00,260,260,260,260,0
2022-10-14 10:54:00,260,260,260,260,0
2022-10-14 10:55:00,260,260,260,260,0
2022-10-14 10:56:00,256,256,256,256,200
2022-10-14 10:57:00,256,256,256,256,0
2022-10-14 10:58:00,256,256,256,256,0
2022-10-14 10:59:00,256,256,256,256,0
2022-10-14 11:00:00,256,256,256,256,0
2022-10-14 11:01:00,256,256,256,256,0
2022-10-14 11:02:00,256,256,256,256,0
2022-10-14 11:03:00,256,256,256,256,0
2022-10-14 11:04:00,256,256,256,256,0
2022-10-14 11:05:00,256,256,256,256,0
2022-10-14 11:06:00,256,256,256,256,0
2022-10-14 11:07:00,256,256,256,256,0
2022-10-14 11:08:00,256,256,256,256,0
2022-10-14 11:09:00,256,256,256,256,0
2022-10-14 11:10:00,256,256,256,256,0
2022-10-14 11:11:00,256,256,256,256,0
2022-10-14 11:12:00,256,256,256,256,0
2022-10-14 11:13:00,256,256,256,256,600
2022-10-14 11:14:00,256,256,256,256,0
2022-10-14 11:15:00,256,256,256,256,0
2022-10-14 11:16:00,256,256,256,256,0
2022-10-14 11:17:00,256,256,256,256,0
2022-10-14 11:18:00,254,254,254,254,0
2022-10-14 11:19:00,254,254,254,254,0
2022-10-14 11:20:00,256,256,256,256,0
2022-10-14 11:21:00,256,256,256,256,0
2022-10-14 11:22:00,256,256,256,256,100
2022-10-14 11:23:00,256,256,256,256,0
2022-10-14 11:24:00,256,256,256,256,0
2022-10-14 11:25:00,256,256,256,256,0
2022-10-14 11:26:00,256,256,256,256,0
2022-10-14 11:27:00,256,256,256,256,0
2022-10-14 11:28:00,256,256,256,256,0
2022-10-14 11:29:00,256,256,256,256,0
2022-10-14 11:30:00,256,256,256,256,0
2022-10-14 11:31:00,256,256,256,256,0
2022-10-14 11:32:00,256,256,256,256,0
2022-10-14 11:33:00,256,256,256,256,0
2022-10-14 11:34:00,256,256,256,256,0
2022-10-14 11:35:00,256,256,256,256,0
2022-10-14 11:36:00,256,256,256,256,0
2022-10-14 11:37:00,256,256,256,256,0
2022-10-14 11:38:00,256,256,256,256,0
2022-10-14 11:39:00,256,256,256,256,0
2022-10-14 11:40:00,256,256,256,256,0
2022-10-14 11:41:00,256,256,256,256,0
2022-10-14 11:42:00,256,256,256,256,0
2022-10-14 11:43:00,256,256,256,256,0
2022-10-14 11:44:00,256,256,256,256,0
2022-10-14 11:45:00,256,256,256,256,0
2022-10-14 11:46:00,256,256,256,256,0
2022-10-14 11:47:00,256,256,256,256,0
2022-10-14 11:48:00,256,256,256,256,0
2022-10-14 11:49:00,256,256,256,256,0
2022-10-14 11:50:00,256,256,256,256,0
2022-10-14 11:51:00,256,256,256,256,0
2022-10-14 11:52:00,256,256,256,256,0
2022-10-14 11:53:00,256,256,256,256,0
2022-10-14 11:54:00,256,256,256,256,0
2022-10-14 11:55:00,256,256,256,256,0
2022-10-14 11:56:00,256,256,256,256,0
2022-10-14 11:57:00,256,256,256,256,0
2022-10-14 11:58:00,256,256,256,256,0
2022-10-14 11:59:00,256,256,256,256,0
2022-10-14 12:00:00,256,256,256,256,0
2022-10-14 12:01:00,256,256,256,256,0
2022-10-14 12:02:00,256,256,256,256,0
2022-10-14 12:03:00,256,256,256,256,0
2022-10-14 12:04:00,256,256,256,256,0
2022-10-14 12:05:00,256,256,256,256,0
2022-10-14 12:06:00,256,256,256,256,0
2022-10-14 12:07:00,256,256,256,256,0
2022-10-14 12:08:00,256,256,256,256,0
2022-10-14 12:09:00,256,256,256,256,0
2022-10-14 12:10:00,256,256,256,256,0
2022-10-14 12:11:00,256,256,256,256,0
2022-10-14 12:12:00,256,256,256,256,0
2022-10-14 12:13:00,256,256,256,256,0
2022-10-14 12:14:00,256,256,256,256,0
2022-10-14 12:15:00,256,256,256,256,0
2022-10-14 12:16:00,256,256,256,256,0
2022-10-14 12:17:00,256,256,256,256,0
2022-10-14 12:18:00,256,256,256,256,0
2022-10-14 12:19:00,256,256,256,256,0
2022-10-14 12:20:00,256,256,256,256,0
2022-10-14 12:21:00,256,256,256,256,0
2022-10-14 12:22:00,256,256,256,256,0
2022-10-14 12:23:00,256,256,256,256,0
2022-10-14 12:24:00,256,256,256,256,0
2022-10-14 12:25:00,256,256,256,256,0
2022-10-14 12:26:00,256,256,256,256,0
2022-10-14 12:27:00,256,256,256,256,0
2022-10-14 12:28:00,256,256,256,256,0
2022-10-14 12:29:00,256,256,256,256,0
2022-10-14 12:30:00,256,256,256,256,0
2022-10-14 12:31:00,256,256,256,256,0
2022-10-14 12:32:00,256,256,256,256,0
2022-10-14 12:33:00,256,256,256,256,0
2022-10-14 12:34:00,256,256,256,256,0
2022-10-14 12:35:00,256,256,256,256,0
2022-10-14 12:36:00,256,256,256,256,0
2022-10-14 12:37:00,256,256,256,256,0
2022-10-14 12:38:00,256,256,256,256,0
2022-10-14 12:39:00,256,256,256,256,0
2022-10-14 12:40:00,256,256,256,256,0
2022-10-14 12:41:00,256,256,256,256,0
2022-10-14 12:42:00,256,256,256,256,0
2022-10-14 12:43:00,256,256,256,256,0
2022-10-14 12:44:00,256,256,256,256,0
2022-10-14 12:45:00,256,256,256,256,0
2022-10-14 12:46:00,256,256,256,256,0
2022-10-14 12:47:00,256,256,256,256,0
2022-10-14 12:48:00,256,256,256,256,0
2022-10-14 12:49:00,256,256,256,256,0
2022-10-14 12:50:00,256,256,256,256,0
2022-10-14 12:51:00,256,256,256,256,0
2022-10-14 12:52:00,256,256,256,256,0
2022-10-14 12:53:00,256,256,256,256,0
2022-10-14 12:54:00,256,256,256,256,0
2022-10-14 12:55:00,256,256,256,256,0
2022-10-14 12:56:00,256,256,256,256,0
2022-10-14 12:57:00,256,256,256,256,0
2022-10-14 12:58:00,256,256,256,256,0
2022-10-14 12:59:00,256,256,256,256,0
2022-10-14 13:00:00,256,256,256,256,0
2022-10-14 13:01:00,256,256,256,256,0
2022-10-14 13:02:00,256,256,256,256,0
2022-10-14 13:03:00,256,256,256,256,0
2022-10-14 13:04:00,256,256,256,256,0
2022-10-14 13:05:00,256,256,256,256,0
2022-10-14 13:06:00,256,256,256,256,0
2022-10-14 13:07:00,256,256,256,256,0
2022-10-14 13:08:00,256,256,256,256,0
2022-10-14 13:09:00,256,256,256,256,0
2022-10-14 13:10:00,256,256,256,256,0
2022-10-14 13:11:00,256,256,256,256,0
2022-10-14 13:12:00,256,256,256,256,0
2022-10-14 13:13:00,256,256,256,256,0
2022-10-14 13:14:00,256,256,256,256,0
2022-10-14 13:15:00,256,256,256,256,0
2022-10-14 13:16:00,256,256,256,256,0
2022-10-14 13:17:00,256,256,256,256,0
2022-10-14 13:18:00,256,256,256,256,0
2022-10-14 13:19:00,256,256,256,256,0
2022-10-14 13:20:00,256,256,256,256,0
2022-10-14 13:21:00,256,256,256,256,0
2022-10-14 13:22:00,256,256,256,256,0
2022-10-14 13:23:00,256,256,256,256,0
2022-10-14 13:24:00,256,256,256,256,0
2022-10-14 13:25:00,256,256,256,256,0
2022-10-14 13:26:00,256,256,256,256,0
2022-10-14 13:27:00,256,256,256,256,0
2022-10-14 13:28:00,256,256,256,256,0
2022-10-14 13:29:00,256,256,256,256,0
2022-10-14 13:30:00,256,256,256,256,0
2022-10-14 13:31:00,256,256,256,256,0
2022-10-14 13:32:00,254,248,254,248,99800
2022-10-14 13:33:00,248,248,248,248,500
2022-10-14 13:34:00,250,250,250,250,0
2022-10-14 13:35:00,250,250,250,250,0
2022-10-14 13:36:00,250,250,250,250,0
2022-10-14 13:37:00,256,256,256,256,100
2022-10-14 13:38:00,256,256,256,256,0
2022-10-14 13:39:00,256,256,256,256,0
2022-10-14 13:40:00,256,256,256,256,0
2022-10-14 13:41:00,256,256,256,256,0
2022-10-14 13:42:00,256,256,256,256,0
2022-10-14 13:43:00,256,256,256,256,0
2022-10-14 13:44:00,256,256,256,256,0
2022-10-14 13:45:00,256,256,256,256,0
2022-10-14 13:46:00,256,256,256,256,0
2022-10-14 13:47:00,256,256,256,256,0
2022-10-14 13:48:00,256,256,256,256,100
2022-10-14 13:49:00,256,256,256,256,0
2022-10-14 13:50:00,256,256,256,256,0
2022-10-14 13:51:00,256,256,256,256,0
2022-10-14 13:52:00,256,256,256,256,0
2022-10-14 13:53:00,256,256,256,256,0
2022-10-14 13:54:00,256,256,256,256,0
2022-10-14 13:55:00,256,256,256,256,300
2022-10-14 13:56:00,256,256,256,256,0
2022-10-14 13:57:00,256,256,256,256,0
2022-10-14 13:58:00,256,256,256,256,0
2022-10-14 13:59:00,256,256,256,256,0
2022-10-14 14:00:00,256,256,256,256,0
2022-10-14 14:01:00,256,256,256,256,0
2022-10-14 14:02:00,256,256,256,256,0
2022-10-14 14:03:00,256,256,256,256,0
2022-10-14 14:04:00,256,256,256,256,0
2022-10-14 14:05:00,256,256,256,256,0
2022-10-14 14:06:00,254,254,254,254,400
2022-10-14 14:07:00,254,254,254,254,300
2022-10-14 14:08:00,254,254,254,254,0
2022-10-14 14:09:00,254,254,254,254,0
2022-10-14 14:10:00,254,254,254,254,0
2022-10-14 14:11:00,254,254,254,254,1600
2022-10-14 14:12:00,254,254,254,254,0
2022-10-14 14:13:00,250,250,250,250,1800
2022-10-14 14:14:00,250,250,250,250,0
2022-10-14 14:15:00,250,250,250,250,0
2022-10-14 14:16:00,250,250,250,250,0
2022-10-14 14:17:00,250,250,250,250,2100
2022-10-14 14:18:00,250,250,250,250,0
2022-10-14 14:19:00,250,250,250,250,0
2022-10-14 14:20:00,250,250,250,250,0
2022-10-14 14:21:00,250,250,250,250,0
2022-10-14 14:22:00,250,250,250,250,0
2022-10-14 14:23:00,250,250,250,250,0
2022-10-14 14:24:00,250,250,250,250,0
2022-10-14 14:25:00,250,248,250,248,22300
2022-10-14 14:26:00,250,248,250,248,0
2022-10-14 14:27:00,250,248,250,248,0
2022-10-14 14:28:00,250,248,250,248,0
2022-10-14 14:29:00,250,248,250,248,0
2022-10-14 14:30:00,250,248,250,248,0
2022-10-14 14:31:00,250,248,250,248,0
2022-10-14 14:32:00,250,248,250,248,0
2022-10-14 14:33:00,250,248,250,248,0
2022-10-14 14:34:00,250,248,250,248,0
2022-10-14 14:35:00,250,248,250,248,0
2022-10-14 14:36:00,250,248,250,248,0
2022-10-14 14:37:00,250,248,250,248,0
2022-10-14 14:38:00,250,248,250,248,0
2022-10-14 14:39:00,250,248,250,248,0
2022-10-14 14:40:00,250,246,250,248,21400
2022-10-14 14:41:00,250,246,250,248,0
2022-10-14 14:42:00,250,246,250,248,0
2022-10-14 14:43:00,246,246,246,246,2900
2022-10-14 14:44:00,246,246,246,246,0
2022-10-14 14:45:00,246,246,246,246,2800
2022-10-14 14:46:00,246,246,246,246,4400
2022-10-14 14:47:00,254,254,254,254,0
2022-10-14 14:48:00,254,254,254,254,0
2022-10-14 14:49:00,254,254,254,254,0
2022-10-14 14:50:00,254,254,254,254,0
2022-10-14 14:51:00,254,254,254,254,0
2022-10-14 14:52:00,254,254,254,254,0
2022-10-14 14:53:00,254,254,254,254,0
2022-10-14 14:54:00,254,254,254,254,0
2022-10-14 14:55:00,254,254,254,254,0
2022-10-14 14:56:00,254,254,254,254,0
2022-10-14 14:57:00,254,254,254,254,0
2022-10-14 14:58:00,254,254,254,254,0
2022-10-14 14:59:00,254,254,254,254,0
2022-10-14 15:00:00,254,254,254,254,200
2022-10-14 15:01:00,254,254,254,254,0
2022-10-14 15:02:00,254,254,254,254,0
2022-10-14 15:03:00,254,254,254,254,0
2022-10-14 15:04:00,254,254,254,254,0
2022-10-14 15:05:00,254,254,254,254,0
2022-10-14 15:06:00,254,254,254,254,0
2022-10-14 15:07:00,254,254,254,254,0
2022-10-14 15:08:00,254,254,254,254,0
2022-10-14 15:09:00,254,254,254,254,0
2022-10-14 15:10:00,254,254,254,254,0
2022-10-14 15:11:00,254,254,254,254,0
2022-10-14 15:12:00,254,254,254,254,0
2022-10-14 15:13:00,254,254,254,254,0
2022-10-14 15:14:00,254,254,254,254,0
2022-10-14 15:15:00,254,254,254,254,0
2022-10-14 15:16:00,254,254,254,254,0
2022-10-14 15:17:00,254,254,254,254,0
2022-10-14 15:18:00,254,254,254,254,0
2022-10-14 15:19:00,254,254,254,254,0
2022-10-14 15:20:00,254,254,254,254,0
2022-10-14 15:21:00,254,254,254,254,0
2022-10-14 15:22:00,254,254,254,254,0
2022-10-14 15:23:00,254,254,254,254,0
2022-10-14 15:24:00,254,254,254,254,0
2022-10-14 15:25:00,254,254,254,254,0
2022-10-14 15:26:00,254,254,254,254,0
2022-10-14 15:27:00,254,254,254,254,0
2022-10-14 15:28:00,254,254,254,254,0
2022-10-14 15:29:00,254,254,254,254,0
2022-10-14 15:30:00,254,254,254,254,0
2022-10-14 15:31:00,254,254,254,254,0
2022-10-14 15:32:00,254,254,254,254,0
2022-10-14 15:33:00,254,254,254,254,0
2022-10-14 15:34:00,254,254,254,254,0
2022-10-14 15:35:00,254,254,254,254,0
2022-10-14 15:36:00,254,254,254,254,0
2022-10-14 15:37:00,254,254,254,254,0
2022-10-14 15:38:00,254,254,254,254,0
2022-10-14 15:39:00,254,254,254,254,0
2022-10-14 15:40:00,254,254,254,254,0
2022-10-14 15:41:00,254,254,254,254,0
2022-10-14 15:42:00,254,254,254,254,0
2022-10-14 15:43:00,254,254,254,254,0
2022-10-14 15:44:00,254,254,254,254,0
2022-10-14 15:45:00,254,254,254,254,0
2022-10-14 15:46:00,254,254,254,254,0
2022-10-14 15:47:00,254,254,254,254,0
2022-10-14 15:48:00,254,254,254,254,0
2022-10-14 15:49:00,254,254,254,254,0
2022-10-14 15:50:00,254,254,254,254,0
2022-10-14 15:51:00,254,254,254,254,0
2022-10-14 15:52:00,254,254,254,254,0
2022-10-14 15:53:00,254,254,254,254,0
2022-10-14 15:54:00,254,254,254,254,0
2022-10-14 15:55:00,254,254,254,254,0
2022-10-14 15:56:00,254,254,254,254,0
2022-10-14 15:57:00,254,254,254,254,0
2022-10-14 15:58:00,254,254,254,254,0
2022-10-14 15:59:00,254,254,254,254,0
2022-10-17 09:00:00,260,260,260,260,0
2022-10-17 09:01:00,260,260,260,260,0
2022-10-17 09:02:00,260,260,260,260,0
2022-10-17 09:03:00,260,260,260,260,0
2022-10-17 09:04:00,260,260,260,260,0
2022-10-17 09:05:00,260,260,260,260,0
2022-10-17 09:06:00,260,260,260,260,0
2022-10-17 09:07:00,260,260,260,260,0
2022-10-17 09:08:00,254,254,254,254,8600
2022-10-17 09:09:00,254,254,254,254,0
2022-10-17 09:10:00,254,254,254,254,0
2022-10-17 09:11:00,254,254,254,254,0
2022-10-17 09:12:00,254,254,254,254,0
2022-10-17 09:13:00,252,252,252,252,200
2022-10-17 09:14:00,250,248,250,248,8300
2022-10-17 09:15:00,250,248,250,248,0
2022-10-17 09:16:00,250,248,250,248,0
2022-10-17 09:17:00,246,246,246,246,4100
2022-10-17 09:18:00,246,246,246,246,0
2022-10-17 09:19:00,246,246,246,246,800
2022-10-17 09:20:00,248,248,248,248,1300
2022-10-17 09:21:00,248,248,248,248,0
2022-10-17 09:22:00,246,246,246,246,0
2022-10-17 09:23:00,246,246,246,246,6000
2022-10-17 09:24:00,246,246,246,246,0
2022-10-17 09:25:00,248,248,248,248,300
2022-10-17 09:26:00,246,246,246,246,0
2022-10-17 09:27:00,246,246,246,246,0
2022-10-17 09:28:00,246,246,246,246,0
2022-10-17 09:29:00,246,246,246,246,0
2022-10-17 09:30:00,246,246,246,246,0
2022-10-17 09:31:00,248,248,248,248,300
2022-10-17 09:32:00,248,248,248,248,0
2022-10-17 09:33:00,248,248,248,248,500
2022-10-17 09:34:00,248,248,248,248,0
2022-10-17 09:35:00,248,248,248,248,0
2022-10-17 09:36:00,246,244,246,244,54100
2022-10-17 09:37:00,244,244,244,244,0
2022-10-17 09:38:00,244,244,244,244,0
2022-10-17 09:39:00,244,244,244,244,0
2022-10-17 09:40:00,244,244,244,244,0
2022-10-17 09:41:00,244,244,244,244,0
2022-10-17 09:42:00,244,244,244,244,0
2022-10-17 09:43:00,244,244,244,244,0
2022-10-17 09:44:00,244,244,244,244,0
2022-10-17 09:45:00,244,244,244,244,800
2022-10-17 09:46:00,244,244,244,244,0
2022-10-17 09:47:00,244,244,244,244,0
2022-10-17 09:48:00,244,244,244,244,0
2022-10-17 09:49:00,244,244,244,244,0
2022-10-17 09:50:00,244,244,244,244,0
2022-10-17 09:51:00,244,244,244,244,0
2022-10-17 09:52:00,244,244,244,244,0
2022-10-17 09:53:00,244,244,244,244,0
2022-10-17 09:54:00,244,244,244,244,0
2022-10-17 09:55:00,244,244,244,244,0
2022-10-17 09:56:00,250,250,250,250,10000
2022-10-17 09:57:00,250,250,250,250,0
2022-10-17 09:58:00,250,250,250,250,0
2022-10-17 09:59:00,250,250,250,250,0
2022-10-17 10:00:00,250,250,250,250,0
2022-10-17 10:01:00,250,250,250,250,0
2022-10-17 10:02:00,250,250,250,250,0
2022-10-17 10:03:00,250,250,250,250,0
2022-10-17 10:04:00,252,252,252,252,0
2022-10-17 10:05:00,254,254,254,254,0
2022-10-17 10:06:00,254,254,254,254,0
2022-10-17 10:07:00,254,254,254,254,0
2022-10-17 10:08:00,254,254,254,254,0
2022-10-17 10:09:00,254,254,254,254,0
2022-10-17 10:10:00,254,254,254,254,0
2022-10-17 10:11:00,254,254,254,254,0
2022-10-17 10:12:00,254,254,254,254,0
2022-10-17 10:13:00,254,254,254,254,0
2022-10-17 10:14:00,254,254,254,254,0
2022-10-17 10:15:00,254,254,254,254,0
2022-10-17 10:16:00,254,254,254,254,0
2022-10-17 10:17:00,254,254,254,254,0
2022-10-17 10:18:00,254,254,254,254,0
2022-10-17 10:19:00,254,254,254,254,0
2022-10-17 10:20:00,254,254,254,254,0
2022-10-17 10:21:00,254,254,254,254,0
2022-10-17 10:22:00,254,254,254,254,0
2022-10-17 10:23:00,254,254,254,254,0
2022-10-17 10:24:00,254,254,254,254,0
2022-10-17 10:25:00,254,254,254,254,0
2022-10-17 10:26:00,254,254,254,254,0
2022-10-17 10:27:00,254,254,254,254,0
2022-10-17 10:28:00,254,254,254,254,0
2022-10-17 10:29:00,254,254,254,254,0
2022-10-17 10:30:00,254,254,254,254,0
2022-10-17 10:31:00,254,254,254,254,0
2022-10-17 10:32:00,254,254,254,254,0
2022-10-17 10:33:00,254,254,254,254,0
2022-10-17 10:34:00,254,254,254,254,0
2022-10-17 10:35:00,254,254,254,254,0
2022-10-17 10:36:00,254,254,254,254,0
2022-10-17 10:37:00,254,254,254,254,0
2022-10-17 10:38:00,254,254,254,254,0
2022-10-17 10:39:00,254,254,254,254,0
2022-10-17 10:40:00,254,254,254,254,0
2022-10-17 10:41:00,254,254,254,254,0
2022-10-17 10:42:00,254,254,254,254,0
2022-10-17 10:43:00,254,254,254,254,100
2022-10-17 10:44:00,254,254,254,254,0
2022-10-17 10:45:00,254,254,254,254,0
2022-10-17 10:46:00,254,254,254,254,0
2022-10-17 10:47:00,254,254,254,254,0
2022-10-17 10:48:00,254,254,254,254,0
2022-10-17 10:49:00,254,254,254,254,0
2022-10-17 10:50:00,254,254,254,254,0
2022-10-17 10:51:00,254,254,254,254,0
2022-10-17 10:52:00,254,254,254,254,0
2022-10-17 10:53:00,254,254,254,254,0
2022-10-17 10:54:00,254,254,254,254,0
2022-10-17 10:55:00,254,254,254,254,0
2022-10-17 10:56:00,254,254,254,254,0
2022-10-17 10:57:00,254,254,254,254,0
2022-10-17 10:58:00,254,254,254,254,0
2022-10-17 10:59:00,254,254,254,254,0
2022-10-17 11:00:00,254,254,254,254,0
2022-10-17 11:01:00,254,254,254,254,0
2022-10-17 11:02:00,254,254,254,254,0
2022-10-17 11:03:00,254,254,254,254,0
2022-10-17 11:04:00,254,254,254,254,0
2022-10-17 11:05:00,252,252,254,254,1000
2022-10-17 11:06:00,252,252,254,254,0
2022-10-17 11:07:00,252,252,254,254,0
2022-10-17 11:08:00,252,252,254,254,0
2022-10-17 11:09:00,252,252,254,254,0
2022-10-17 11:10:00,252,252,254,254,0
2022-10-17 11:11:00,252,252,254,254,0
2022-10-17 11:12:00,252,252,254,254,0
2022-10-17 11:13:00,250,250,250,250,4000
2022-10-17 11:14:00,250,250,250,250,0
2022-10-17 11:15:00,250,250,250,250,0
2022-10-17 11:16:00,246,246,246,246,500
2022-10-17 11:17:00,246,246,246,246,0
2022-10-17 11:18:00,246,246,246,246,0
2022-10-17 11:19:00,246,246,246,246,0
2022-10-17 11:20:00,246,246,246,246,0
2022-10-17 11:21:00,246,246,246,246,0
2022-10-17 11:22:00,246,246,246,246,0
2022-10-17 11:23:00,246,246,246,246,0
2022-10-17 11:24:00,246,246,246,246,0
2022-10-17 11:25:00,246,246,246,246,0
2022-10-17 11:26:00,246,246,246,246,0
2022-10-17 11:27:00,246,246,246,246,0
2022-10-17 11:28:00,246,246,246,246,0
2022-10-17 11:29:00,246,246,246,246,0
2022-10-17 11:30:00,246,246,246,246,0
2022-10-17 11:31:00,246,246,246,246,0
2022-10-17 11:32:00,246,246,246,246,0
2022-10-17 11:33:00,246,246,246,246,0
2022-10-17 11:34:00,246,246,246,246,0
2022-10-17 11:35:00,246,246,246,246,0
2022-10-17 11:36:00,246,246,246,246,0
2022-10-17 11:37:00,246,246,246,246,0
2022-10-17 11:38:00,246,246,246,246,0
2022-10-17 11:39:00,246,246,246,246,0
2022-10-17 11:40:00,246,246,246,246,0
2022-10-17 11:41:00,246,246,246,246,0
2022-10-17 11:42:00,246,246,246,246,0
2022-10-17 11:43:00,246,246,246,246,0
2022-10-17 11:44:00,246,246,246,246,0
2022-10-17 11:45:00,246,246,246,246,0
2022-10-17 11:46:00,246,246,246,246,0
2022-10-17 11:47:00,246,246,246,246,0
2022-10-17 11:48:00,246,246,246,246,0
2022-10-17 11:49:00,246,246,246,246,0
2022-10-17 11:50:00,246,246,246,246,0
2022-10-17 11:51:00,246,246,246,246,0
2022-10-17 11:52:00,246,246,246,246,0
2022-10-17 11:53:00,246,246,246,246,0
2022-10-17 11:54:00,246,246,246,246,0
2022-10-17 11:55:00,246,246,246,246,0
2022-10-17 11:56:00,246,246,246,246,0
2022-10-17 11:57:00,246,246,246,246,0
2022-10-17 11:58:00,246,246,246,246,0
2022-10-17 11:59:00,246,246,246,246,0
2022-10-17 12:00:00,246,246,246,246,0
2022-10-17 12:01:00,246,246,246,246,0
2022-10-17 12:02:00,246,246,246,246,0
2022-10-17 12:03:00,246,246,246,246,0
2022-10-17 12:04:00,246,246,246,246,0
2022-10-17 12:05:00,246,246,246,246,0
2022-10-17 12:06:00,246,246,246,246,0
2022-10-17 12:07:00,246,246,246,246,0
2022-10-17 12:08:00,246,246,246,246,0
2022-10-17 12:09:00,246,246,246,246,0
2022-10-17 12:10:00,246,246,246,246,0
2022-10-17 12:11:00,246,246,246,246,0
2022-10-17 12:12:00,246,246,246,246,0
2022-10-17 12:13:00,246,246,246,246,0
2022-10-17 12:14:00,246,246,246,246,0
2022-10-17 12:15:00,246,246,246,246,0
2022-10-17 12:16:00,246,246,246,246,0
2022-10-17 12:17:00,246,246,246,246,0
2022-10-17 12:18:00,246,246,246,246,0
2022-10-17 12:19:00,246,246,246,246,0
2022-10-17 12:20:00,246,246,246,246,0
2022-10-17 12:21:00,246,246,246,246,0
2022-10-17 12:22:00,246,246,246,246,0
2022-10-17 12:23:00,246,246,246,246,0
2022-10-17 12:24:00,246,246,246,246,0
2022-10-17 12:25:00,246,246,246,246,0
2022-10-17 12:26:00,246,246,246,246,0
2022-10-17 12:27:00,246,246,246,246,0
2022-10-17 12:28:00,246,246,246,246,0
2022-10-17 12:29:00,246,246,246,246,0
2022-10-17 12:30:00,246,246,246,246,0
2022-10-17 12:31:00,246,246,246,246,0
2022-10-17 12:32:00,246,246,246,246,0
2022-10-17 12:33:00,246,246,246,246,0
2022-10-17 12:34:00,246,246,246,246,0
2022-10-17 12:35:00,246,246,246,246,0
2022-10-17 12:36:00,246,246,246,246,0
2022-10-17 12:37:00,246,246,246,246,0
2022-10-17 12:38:00,246,246,246,246,0
2022-10-17 12:39:00,246,246,246,246,0
2022-10-17 12:40:00,246,246,246,246,0
2022-10-17 12:41:00,246,246,246,246,0
2022-10-17 12:42:00,246,246,246,246,0
2022-10-17 12:43:00,246,246,246,246,0
2022-10-17 12:44:00,246,246,246,246,0
2022-10-17 12:45:00,246,246,246,246,0
2022-10-17 12:46:00,246,246,246,246,0
2022-10-17 12:47:00,246,246,246,246,0
2022-10-17 12:48:00,246,246,246,246,0
2022-10-17 12:49:00,246,246,246,246,0
2022-10-17 12:50:00,246,246,246,246,0
2022-10-17 12:51:00,246,246,246,246,0
2022-10-17 12:52:00,246,246,246,246,0
2022-10-17 12:53:00,246,246,246,246,0
2022-10-17 12:54:00,246,246,246,246,0
2022-10-17 12:55:00,246,246,246,246,0
2022-10-17 12:56:00,246,246,246,246,0
2022-10-17 12:57:00,246,246,246,246,0
2022-10-17 12:58:00,246,246,246,246,0
2022-10-17 12:59:00,246,246,246,246,0
2022-10-17 13:00:00,246,246,246,246,0
2022-10-17 13:01:00,246,246,246,246,0
2022-10-17 13:02:00,246,246,246,246,0
2022-10-17 13:03:00,246,246,246,246,0
2022-10-17 13:04:00,246,246,246,246,0
2022-10-17 13:05:00,246,246,246,246,0
2022-10-17 13:06:00,246,246,246,246,0
2022-10-17 13:07:00,246,246,246,246,0
2022-10-17 13:08:00,246,246,246,246,0
2022-10-17 13:09:00,246,246,246,246,0
2022-10-17 13:10:00,246,246,246,246,0
2022-10-17 13:11:00,246,246,246,246,0
2022-10-17 13:12:00,246,246,246,246,0
2022-10-17 13:13:00,246,246,246,246,0
2022-10-17 13:14:00,246,246,246,246,0
2022-10-17 13:15:00,246,246,246,246,0
2022-10-17 13:16:00,246,246,246,246,0
2022-10-17 13:17:00,246,246,246,246,0
2022-10-17 13:18:00,246,246,246,246,0
2022-10-17 13:19:00,246,246,246,246,0
2022-10-17 13:20:00,246,246,246,246,0
2022-10-17 13:21:00,246,246,246,246,0
2022-10-17 13:22:00,246,246,246,246,0
2022-10-17 13:23:00,246,246,246,246,0
2022-10-17 13:24:00,246,246,246,246,0
2022-10-17 13:25:00,246,246,246,246,0
2022-10-17 13:26:00,246,246,246,246,0
2022-10-17 13:27:00,246,246,246,246,0
2022-10-17 13:28:00,246,246,246,246,0
2022-10-17 13:29:00,246,246,246,246,0
2022-10-17 13:30:00,246,246,246,246,0
2022-10-17 13:31:00,246,246,246,246,0
2022-10-17 13:32:00,246,246,246,246,0
2022-10-17 13:33:00,246,246,246,246,0
2022-10-17 13:34:00,246,246,246,246,0
2022-10-17 13:35:00,246,246,246,246,0
2022-10-17 13:36:00,246,246,246,246,0
2022-10-17 13:37:00,246,246,246,246,0
2022-10-17 13:38:00,246,246,246,246,0
2022-10-17 13:39:00,246,246,246,246,0
2022-10-17 13:40:00,246,246,246,246,0
2022-10-17 13:41:00,246,246,246,246,0
2022-10-17 13:42:00,246,246,246,246,0
2022-10-17 13:43:00,246,246,246,246,0
2022-10-17 13:44:00,246,246,246,246,0
2022-10-17 13:45:00,246,246,246,246,0
2022-10-17 13:46:00,246,246,246,246,0
2022-10-17 13:47:00,246,246,246,246,0
2022-10-17 13:48:00,246,246,246,246,0
2022-10-17 13:49:00,246,246,246,246,0
2022-10-17 13:50:00,246,246,246,246,0
2022-10-17 13:51:00,246,246,246,246,0
2022-10-17 13:52:00,246,246,246,246,0
2022-10-17 13:53:00,246,246,246,246,0
2022-10-17 13:54:00,246,246,246,246,0
2022-10-17 13:55:00,246,246,246,246,0
2022-10-17 13:56:00,246,246,246,246,0
2022-10-17 13:57:00,246,246,246,246,0
2022-10-17 13:58:00,246,246,246,246,0
2022-10-17 13:59:00,246,246,246,246,0
2022-10-17 14:00:00,252,252,252,252,2100
2022-10-17 14:01:00,252,252,252,252,0
2022-10-17 14:02:00,252,252,252,252,0
2022-10-17 14:03:00,252,252,252,252,0
2022-10-17 14:04:00,252,252,252,252,0
2022-10-17 14:05:00,252,252,252,252,0
2022-10-17 14:06:00,252,252,252,252,0
2022-10-17 14:07:00,252,252,252,252,0
2022-10-17 14:08:00,252,252,252,252,0
2022-10-17 14:09:00,252,252,252,252,0
2022-10-17 14:10:00,252,252,252,252,0
2022-10-17 14:11:00,252,252,252,252,0
2022-10-17 14:12:00,252,252,252,252,0
2022-10-17 14:13:00,252,252,252,252,0
2022-10-17 14:14:00,252,252,252,252,0
2022-10-17 14:15:00,252,252,252,252,0
2022-10-17 14:16:00,252,252,252,252,0
2022-10-17 14:17:00,250,250,250,250,7000
2022-10-17 14:18:00,252,252,252,252,0
2022-10-17 14:19:00,252,252,252,252,0
2022-10-17 14:20:00,252,252,252,252,0
2022-10-17 14:21:00,252,252,252,252,0
2022-10-17 14:22:00,252,252,252,252,0
2022-10-17 14:23:00,252,252,252,252,0
2022-10-17 14:24:00,252,252,252,252,0
2022-10-17 14:25:00,252,252,252,252,0
2022-10-17 14:26:00,252,252,252,252,0
2022-10-17 14:27:00,252,252,252,252,0
2022-10-17 14:28:00,252,252,252,252,0
2022-10-17 14:29:00,252,252,252,252,0
2022-10-17 14:30:00,252,252,252,252,0
2022-10-17 14:31:00,252,252,252,252,0
2022-10-17 14:32:00,252,252,252,252,0
2022-10-17 14:33:00,252,252,252,252,0
2022-10-17 14:34:00,252,252,252,252,0
2022-10-17 14:35:00,252,252,252,252,0
2022-10-17 14:36:00,252,252,252,252,0
2022-10-17 14:37:00,252,252,252,252,0
2022-10-17 14:38:00,252,252,254,254,5500
2022-10-17 14:39:00,252,252,254,254,0
2022-10-17 14:40:00,252,252,254,254,0
2022-10-17 14:41:00,252,252,254,254,0
2022-10-17 14:42:00,252,252,254,254,0
2022-10-17 14:43:00,252,252,254,254,0
2022-10-17 14:44:00,252,252,254,254,0
2022-10-17 14:45:00,252,252,254,254,0
2022-10-17 14:46:00,252,252,254,254,0
2022-10-17 14:47:00,252,252,252,252,9500
2022-10-17 14:48:00,252,252,252,252,0
2022-10-17 14:49:00,250,250,250,250,0
2022-10-17 14:50:00,250,250,250,250,0
2022-10-17 14:51:00,250,250,250,250,0
2022-10-17 14:52:00,250,250,250,250,0
2022-10-17 14:53:00,250,250,250,250,0
2022-10-17 14:54:00,250,250,250,250,0
2022-10-17 14:55:00,250,250,250,250,0
2022-10-17 14:56:00,250,250,250,250,0
2022-10-17 14:57:00,250,250,250,250,0
2022-10-17 14:58:00,250,250,250,250,0
2022-10-17 14:59:00,250,250,250,250,0
2022-10-17 15:00:00,252,252,252,252,111800
2022-10-17 15:01:00,252,252,252,252,0
2022-10-17 15:02:00,252,252,252,252,0
2022-10-17 15:03:00,252,252,252,252,0
2022-10-17 15:04:00,252,252,252,252,0
2022-10-17 15:05:00,252,252,252,252,0
2022-10-17 15:06:00,252,252,252,252,0
2022-10-17 15:07:00,252,252,252,252,0
2022-10-17 15:08:00,252,252,252,252,0
2022-10-17 15:09:00,252,252,252,252,0
2022-10-17 15:10:00,252,252,252,252,0
2022-10-17 15:11:00,252,252,252,252,0
2022-10-17 15:12:00,252,252,252,252,0
2022-10-17 15:13:00,252,252,252,252,0
2022-10-17 15:14:00,252,252,252,252,0
2022-10-17 15:15:00,252,252,252,252,0
2022-10-17 15:16:00,252,252,252,252,0
2022-10-17 15:17:00,252,252,252,252,0
2022-10-17 15:18:00,252,252,252,252,0
2022-10-17 15:19:00,252,252,252,252,0
2022-10-17 15:20:00,252,252,252,252,0
2022-10-17 15:21:00,252,252,252,252,0
2022-10-17 15:22:00,252,252,252,252,0
2022-10-17 15:23:00,252,252,252,252,0
2022-10-17 15:24:00,252,252,252,252,0
2022-10-17 15:25:00,252,252,252,252,0
2022-10-17 15:26:00,252,252,252,252,0
2022-10-17 15:27:00,252,252,252,252,0
2022-10-17 15:28:00,252,252,252,252,0
2022-10-17 15:29:00,252,252,252,252,0
2022-10-17 15:30:00,252,252,252,252,0
2022-10-17 15:31:00,252,252,252,252,0
2022-10-17 15:32:00,252,252,252,252,0
2022-10-17 15:33:00,252,252,252,252,0
2022-10-17 15:34:00,252,252,252,252,0
2022-10-17 15:35:00,252,252,252,252,0
2022-10-17 15:36:00,252,252,252,252,0
2022-10-17 15:37:00,252,252,252,252,0
2022-10-17 15:38:00,252,252,252,252,0
2022-10-17 15:39:00,252,252,252,252,0
2022-10-17 15:40:00,252,252,252,252,0
2022-10-17 15:41:00,252,252,252,252,0
2022-10-17 15:42:00,252,252,252,252,0
2022-10-17 15:43:00,252,252,252,252,0
2022-10-17 15:44:00,252,252,252,252,0
2022-10-17 15:45:00,252,252,252,252,0
2022-10-17 15:46:00,252,252,252,252,0
2022-10-17 15:47:00,252,252,252,252,0
2022-10-17 15:48:00,252,252,252,252,0
2022-10-17 15:49:00,252,252,252,252,0
2022-10-17 15:50:00,252,252,252,252,0
2022-10-17 15:51:00,252,252,252,252,0
2022-10-17 15:52:00,252,252,252,252,0
2022-10-17 15:53:00,252,252,252,252,0
2022-10-17 15:54:00,252,252,252,252,0
2022-10-17 15:55:00,252,252,252,252,0
2022-10-17 15:56:00,252,252,252,252,0
2022-10-17 15:57:00,252,252,252,252,0
2022-10-17 15:58:00,252,252,252,252,0
2022-10-17 15:59:00,252,252,252,252,0
2022-10-18 09:00:00,252,252,252,252,0
2022-10-18 09:01:00,254,254,262,262,0
2022-10-18 09:02:00,254,254,262,262,0
2022-10-18 09:03:00,260,260,262,262,3100
2022-10-18 09:04:00,260,260,262,262,0
2022-10-18 09:05:00,260,260,260,260,1700
2022-10-18 09:06:00,262,262,262,262,100
2022-10-18 09:07:00,262,262,264,264,1500
2022-10-18 09:08:00,262,262,262,262,400
2022-10-18 09:09:00,262,262,262,262,2200
2022-10-18 09:10:00,262,262,262,262,0
2022-10-18 09:11:00,262,262,262,262,0
2022-10-18 09:12:00,262,262,262,262,0
2022-10-18 09:13:00,262,262,262,262,0
2022-10-18 09:14:00,262,262,262,262,0
2022-10-18 09:15:00,262,262,262,262,400
2022-10-18 09:16:00,262,262,262,262,0
2022-10-18 09:17:00,262,262,262,262,0
2022-10-18 09:18:00,262,262,262,262,0
2022-10-18 09:19:00,262,262,262,262,0
2022-10-18 09:20:00,262,262,262,262,0
2022-10-18 09:21:00,262,262,262,262,0
2022-10-18 09:22:00,262,262,262,262,0
2022-10-18 09:23:00,262,262,262,262,0
2022-10-18 09:24:00,262,262,262,262,0
2022-10-18 09:25:00,262,262,262,262,0
2022-10-18 09:26:00,262,262,262,262,0
2022-10-18 09:27:00,262,262,262,262,0
2022-10-18 09:28:00,262,262,262,262,0
2022-10-18 09:29:00,262,262,262,262,0
2022-10-18 09:30:00,262,262,262,262,0
2022-10-18 09:31:00,262,262,262,262,0
2022-10-18 09:32:00,262,262,262,262,0
2022-10-18 09:33:00,262,262,262,262,0
2022-10-18 09:34:00,262,262,262,262,0
2022-10-18 09:35:00,262,262,262,262,0
2022-10-18 09:36:00,256,254,256,254,4700
2022-10-18 09:37:00,254,254,254,254,1900
2022-10-18 09:38:00,254,254,254,254,0
2022-10-18 09:39:00,254,254,254,254,0
2022-10-18 09:40:00,254,254,254,254,0
2022-10-18 09:41:00,254,254,254,254,0
2022-10-18 09:42:00,254,254,254,254,0
2022-10-18 09:43:00,256,256,256,256,1200
2022-10-18 09:44:00,256,256,256,256,0
2022-10-18 09:45:00,256,256,256,256,0
2022-10-18 09:46:00,256,256,256,256,0
2022-10-18 09:47:00,256,256,256,256,0
2022-10-18 09:48:00,256,256,256,256,0
2022-10-18 09:49:00,256,252,256,252,11500
2022-10-18 09:50:00,250,250,250,250,0
2022-10-18 09:51:00,250,250,250,250,0
2022-10-18 09:52:00,250,250,250,250,31800
2022-10-18 09:53:00,250,250,250,250,4000
2022-10-18 09:54:00,250,250,250,250,0
2022-10-18 09:55:00,250,250,250,250,0
2022-10-18 09:56:00,250,250,250,250,0
2022-10-18 09:57:00,250,250,250,250,0
2022-10-18 09:58:00,250,250,258,258,19400
2022-10-18 09:59:00,250,250,258,258,0
2022-10-18 10:00:00,250,250,258,258,0
2022-10-18 10:01:00,250,250,258,258,0
2022-10-18 10:02:00,258,258,258,258,1400
2022-10-18 10:03:00,258,258,258,258,0
2022-10-18 10:04:00,250,250,250,250,900
2022-10-18 10:05:00,250,250,250,250,0
2022-10-18 10:06:00,250,250,250,250,0
2022-10-18 10:07:00,250,250,250,250,0
2022-10-18 10:08:00,250,250,250,250,0
2022-10-18 10:09:00,250,250,250,250,0
2022-10-18 10:10:00,250,250,250,250,0
2022-10-18 10:11:00,250,250,250,250,0
2022-10-18 10:12:00,250,250,250,250,0
2022-10-18 10:13:00,250,250,250,250,0
2022-10-18 10:14:00,250,250,250,250,100
2022-10-18 10:15:00,250,250,250,250,0
2022-10-18 10:16:00,250,250,250,250,0
2022-10-18 10:17:00,250,250,250,250,0
2022-10-18 10:18:00,250,250,250,250,0
2022-10-18 10:19:00,250,250,250,250,0
2022-10-18 10:20:00,250,250,250,250,0
2022-10-18 10:21:00,250,250,250,250,0
2022-10-18 10:22:00,250,250,250,250,0
2022-10-18 10:23:00,250,250,250,250,0
2022-10-18 10:24:00,250,250,250,250,500
2022-10-18 10:25:00,250,250,250,250,0
2022-10-18 10:26:00,250,250,250,250,0
2022-10-18 10:27:00,250,250,250,250,400
2022-10-18 10:28:00,250,250,250,250,0
2022-10-18 10:29:00,250,250,250,250,0
2022-10-18 10:30:00,250,250,250,250,0
2022-10-18 10:31:00,250,250,250,250,0
2022-10-18 10:32:00,250,250,250,250,0
2022-10-18 10:33:00,250,250,250,250,0
2022-10-18 10:34:00,250,250,250,250,0
2022-10-18 10:35:00,250,250,250,250,0
2022-10-18 10:36:00,250,250,250,250,0
2022-10-18 10:37:00,250,250,250,250,0
2022-10-18 10:38:00,250,250,250,250,0
2022-10-18 10:39:00,250,250,250,250,0
2022-10-18 10:40:00,250,250,250,250,0
2022-10-18 10:41:00,250,250,250,250,0
2022-10-18 10:42:00,250,250,250,250,0
2022-10-18 10:43:00,250,250,250,250,0
2022-10-18 10:44:00,252,252,252,252,3000
2022-10-18 10:45:00,252,252,252,252,0
2022-10-18 10:46:00,252,252,252,252,0
2022-10-18 10:47:00,252,252,252,252,0
2022-10-18 10:48:00,252,252,252,252,0
2022-10-18 10:49:00,252,252,252,252,0
2022-10-18 10:50:00,252,252,252,252,0
2022-10-18 10:51:00,252,252,252,252,0
2022-10-18 10:52:00,252,252,252,252,0
2022-10-18 10:53:00,252,252,252,252,0
2022-10-18 10:54:00,252,252,252,252,0
2022-10-18 10:55:00,252,252,252,252,0
2022-10-18 10:56:00,252,252,252,252,0
2022-10-18 10:57:00,252,252,252,252,0
2022-10-18 10:58:00,252,252,252,252,0
2022-10-18 10:59:00,252,252,252,252,0
2022-10-18 11:00:00,252,252,252,252,0
2022-10-18 11:01:00,252,252,252,252,0
2022-10-18 11:02:00,252,252,252,252,0
2022-10-18 11:03:00,252,252,252,252,0
2022-10-18 11:04:00,252,252,252,252,0
2022-10-18 11:05:00,252,252,252,252,0
2022-10-18 11:06:00,252,252,252,252,0
2022-10-18 11:07:00,252,252,252,252,0
2022-10-18 11:08:00,252,252,252,252,0
2022-10-18 11:09:00,252,252,252,252,0
2022-10-18 11:10:00,252,252,252,252,0
2022-10-18 11:11:00,252,252,252,252,0
2022-10-18 11:12:00,252,252,252,252,0
2022-10-18 11:13:00,252,252,252,252,0
2022-10-18 11:14:00,252,252,252,252,0
2022-10-18 11:15:00,252,252,252,252,0
2022-10-18 11:16:00,252,252,252,252,0
2022-10-18 11:17:00,252,252,252,252,0
2022-10-18 11:18:00,252,252,252,252,0
2022-10-18 11:19:00,252,252,252,252,0
2022-10-18 11:20:00,252,252,252,252,0
2022-10-18 11:21:00,252,252,252,252,0
2022-10-18 11:22:00,252,252,252,252,0
2022-10-18 11:23:00,252,252,252,252,0
2022-10-18 11:24:00,252,252,252,252,0
2022-10-18 11:25:00,252,252,252,252,0
2022-10-18 11:26:00,252,252,252,252,0
2022-10-18 11:27:00,252,252,252,252,0
2022-10-18 11:28:00,252,252,252,252,0
2022-10-18 11:29:00,252,252,252,252,0
2022-10-18 11:30:00,252,252,252,252,0
2022-10-18 11:31:00,252,252,252,252,0
2022-10-18 11:32:00,252,252,252,252,0
2022-10-18 11:33:00,252,252,252,252,0
2022-10-18 11:34:00,252,252,252,252,0
2022-10-18 11:35:00,252,252,252,252,0
2022-10-18 11:36:00,252,252,252,252,0
2022-10-18 11:37:00,252,252,252,252,0
2022-10-18 11:38:00,252,252,252,252,0
2022-10-18 11:39:00,252,252,252,252,0
2022-10-18 11:40:00,252,252,252,252,0
2022-10-18 11:41:00,252,252,252,252,0
2022-10-18 11:42:00,252,252,252,252,0
2022-10-18 11:43:00,252,252,252,252,0
2022-10-18 11:44:00,252,252,252,252,0
2022-10-18 11:45:00,252,252,252,252,0
2022-10-18 11:46:00,252,252,252,252,0
2022-10-18 11:47:00,252,252,252,252,0
2022-10-18 11:48:00,252,252,252,252,0
2022-10-18 11:49:00,252,252,252,252,0
2022-10-18 11:50:00,252,252,252,252,0
2022-10-18 11:51:00,252,252,252,252,0
2022-10-18 11:52:00,252,252,252,252,0
2022-10-18 11:53:00,252,252,252,252,0
2022-10-18 11:54:00,252,252,252,252,0
2022-10-18 11:55:00,252,252,252,252,0
2022-10-18 11:56:00,252,252,252,252,0
2022-10-18 11:57:00,252,252,252,252,0
2022-10-18 11:58:00,252,252,252,252,0
2022-10-18 11:59:00,252,252,252,252,0
2022-10-18 12:00:00,252,252,252,252,0
2022-10-18 12:01:00,252,252,252,252,0
2022-10-18 12:02:00,252,252,252,252,0
2022-10-18 12:03:00,252,252,252,252,0
2022-10-18 12:04:00,252,252,252,252,0
2022-10-18 12:05:00,252,252,252,252,0
2022-10-18 12:06:00,252,252,252,252,0
2022-10-18 12:07:00,252,252,252,252,0
2022-10-18 12:08:00,252,252,252,252,0
2022-10-18 12:09:00,252,252,252,252,0
2022-10-18 12:10:00,252,252,252,252,0
2022-10-18 12:11:00,252,252,252,252,0
2022-10-18 12:12:00,252,252,252,252,0
2022-10-18 12:13:00,252,252,252,252,0
2022-10-18 12:14:00,252,252,252,252,0
2022-10-18 12:15:00,252,252,252,252,0
2022-10-18 12:16:00,252,252,252,252,0
2022-10-18 12:17:00,252,252,252,252,0
2022-10-18 12:18:00,252,252,252,252,0
2022-10-18 12:19:00,252,252,252,252,0
2022-10-18 12:20:00,252,252,252,252,0
2022-10-18 12:21:00,252,252,252,252,0
2022-10-18 12:22:00,252,252,252,252,0
2022-10-18 12:23:00,252,252,252,252,0
2022-10-18 12:24:00,252,252,252,252,0
2022-10-18 12:25:00,252,252,252,252,0
2022-10-18 12:26:00,252,252,252,252,0
2022-10-18 12:27:00,252,252,252,252,0
2022-10-18 12:28:00,252,252,252,252,0
2022-10-18 12:29:00,252,252,252,252,0
2022-10-18 12:30:00,252,252,252,252,0
2022-10-18 12:31:00,252,252,252,252,0
2022-10-18 12:32:00,252,252,252,252,0
2022-10-18 12:33:00,252,252,252,252,0
2022-10-18 12:34:00,252,252,252,252,0
2022-10-18 12:35:00,252,252,252,252,0
2022-10-18 12:36:00,252,252,252,252,0
2022-10-18 12:37:00,252,252,252,252,0
2022-10-18 12:38:00,252,252,252,252,0
2022-10-18 12:39:00,252,252,252,252,0
2022-10-18 12:40:00,252,252,252,252,0
2022-10-18 12:41:00,252,252,252,252,0
2022-10-18 12:42:00,252,252,252,252,0
2022-10-18 12:43:00,252,252,252,252,0
2022-10-18 12:44:00,252,252,252,252,0
2022-10-18 12:45:00,252,252,252,252,0
2022-10-18 12:46:00,252,252,252,252,0
2022-10-18 12:47:00,252,252,252,252,0
2022-10-18 12:48:00,252,252,252,252,0
2022-10-18 12:49:00,252,252,252,252,0
2022-10-18 12:50:00,252,252,252,252,0
2022-10-18 12:51:00,252,252,252,252,0
2022-10-18 12:52:00,252,252,252,252,0
2022-10-18 12:53:00,252,252,252,252,0
2022-10-18 12:54:00,252,252,252,252,0
2022-10-18 12:55:00,252,252,252,252,0
2022-10-18 12:56:00,252,252,252,252,0
2022-10-18 12:57:00,252,252,252,252,0
2022-10-18 12:58:00,252,252,252,252,0
2022-10-18 12:59:00,252,252,252,252,0
2022-10-18 13:00:00,252,252,252,252,0
2022-10-18 13:01:00,252,252,252,252,0
2022-10-18 13:02:00,252,252,252,252,0
2022-10-18 13:03:00,252,252,252,252,0
2022-10-18 13:04:00,252,252,252,252,0
2022-10-18 13:05:00,252,252,252,252,0
2022-10-18 13:06:00,252,252,252,252,0
2022-10-18 13:07:00,252,252,252,252,0
2022-10-18 13:08:00,252,252,252,252,0
2022-10-18 13:09:00,252,252,252,252,0
2022-10-18 13:10:00,252,252,252,252,0
2022-10-18 13:11:00,252,252,252,252,0
2022-10-18 13:12:00,252,252,252,252,0
2022-10-18 13:13:00,252,252,252,252,0
2022-10-18 13:14:00,252,252,252,252,0
2022-10-18 13:15:00,252,252,252,252,0
2022-10-18 13:16:00,252,252,252,252,0
2022-10-18 13:17:00,252,252,252,252,0
2022-10-18 13:18:00,252,252,252,252,0
2022-10-18 13:19:00,252,252,252,252,0
2022-10-18 13:20:00,252,252,252,252,0
2022-10-18 13:21:00,252,252,252,252,0
2022-10-18 13:22:00,252,252,252,252,0
2022-10-18 13:23:00,252,252,252,252,0
2022-10-18 13:24:00,252,252,252,252,0
2022-10-18 13:25:00,252,252,252,252,0
2022-10-18 13:26:00,252,252,252,252,0
2022-10-18 13:27:00,252,252,252,252,0
2022-10-18 13:28:00,252,252,252,252,0
2022-10-18 13:29:00,252,252,252,252,0
2022-10-18 13:30:00,256,256,256,256,100
2022-10-18 13:31:00,256,256,256,256,0
2022-10-18 13:32:00,256,256,256,256,0
2022-10-18 13:33:00,256,256,256,256,0
2022-10-18 13:34:00,256,256,256,256,0
2022-10-18 13:35:00,256,256,256,256,0
2022-10-18 13:36:00,256,256,256,256,0
2022-10-18 13:37:00,256,256,256,256,0
2022-10-18 13:38:00,256,256,256,256,0
2022-10-18 13:39:00,256,256,256,256,0
2022-10-18 13:40:00,256,256,256,256,0
2022-10-18 13:41:00,256,256,256,256,0
2022-10-18 13:42:00,256,256,256,256,0
2022-10-18 13:43:00,256,256,256,256,0
2022-10-18 13:44:00,256,256,256,256,0
2022-10-18 13:45:00,256,256,256,256,0
2022-10-18 13:46:00,256,256,256,256,0
2022-10-18 13:47:00,256,256,256,256,0
2022-10-18 13:48:00,256,256,256,256,0
2022-10-18 13:49:00,256,256,256,256,0
2022-10-18 13:50:00,256,256,256,256,0
2022-10-18 13:51:00,256,256,256,256,0
2022-10-18 13:52:00,256,256,256,256,0
2022-10-18 13:53:00,256,256,256,256,0
2022-10-18 13:54:00,256,256,256,256,0
2022-10-18 13:55:00,252,252,252,252,4000
2022-10-18 13:56:00,252,252,252,252,0
2022-10-18 13:57:00,252,252,252,252,0
2022-10-18 13:58:00,252,252,252,252,0
2022-10-18 13:59:00,252,252,252,252,0
2022-10-18 14:00:00,252,252,252,252,0
2022-10-18 14:01:00,252,252,252,252,2400
2022-10-18 14:02:00,252,252,252,252,0
2022-10-18 14:03:00,252,252,252,252,0
2022-10-18 14:04:00,252,252,252,252,0
2022-10-18 14:05:00,252,252,252,252,0
2022-10-18 14:06:00,252,252,252,252,0
2022-10-18 14:07:00,252,252,252,252,0
2022-10-18 14:08:00,252,252,252,252,0
2022-10-18 14:09:00,252,252,252,252,0
2022-10-18 14:10:00,252,252,252,252,0
2022-10-18 14:11:00,252,252,252,252,0
2022-10-18 14:12:00,256,256,256,256,600
2022-10-18 14:13:00,256,256,256,256,0
2022-10-18 14:14:00,256,256,256,256,0
2022-10-18 14:15:00,256,256,256,256,0
2022-10-18 14:16:00,256,256,256,256,0
2022-10-18 14:17:00,256,256,256,256,0
2022-10-18 14:18:00,256,256,256,256,0
2022-10-18 14:19:00,256,256,256,256,0
2022-10-18 14:20:00,256,256,256,256,0
2022-10-18 14:21:00,256,256,256,256,0
2022-10-18 14:22:00,256,256,256,256,0
2022-10-18 14:23:00,256,256,256,256,0
2022-10-18 14:24:00,256,256,256,256,0
2022-10-18 14:25:00,256,256,256,256,0
2022-10-18 14:26:00,256,256,256,256,0
2022-10-18 14:27:00,256,256,256,256,0
2022-10-18 14:28:00,256,256,256,256,0
2022-10-18 14:29:00,256,256,256,256,0
2022-10-18 14:30:00,256,256,256,256,0
2022-10-18 14:31:00,256,256,256,256,0
2022-10-18 14:32:00,256,256,256,256,0
2022-10-18 14:33:00,256,256,256,256,0
2022-10-18 14:34:00,256,256,256,256,0
2022-10-18 14:35:00,256,256,256,256,0
2022-10-18 14:36:00,256,256,256,256,0
2022-10-18 14:37:00,256,256,256,256,0
2022-10-18 14:38:00,252,250,252,250,22500
2022-10-18 14:39:00,252,250,252,250,0
2022-10-18 14:40:00,252,250,252,250,0
2022-10-18 14:41:00,252,250,252,250,0
2022-10-18 14:42:00,252,250,252,250,0
2022-10-18 14:43:00,252,250,252,250,0
2022-10-18 14:44:00,252,250,252,250,0
2022-10-18 14:45:00,252,250,252,250,0
2022-10-18 14:46:00,252,250,252,250,0
2022-10-18 14:47:00,252,250,252,250,0
2022-10-18 14:48:00,252,250,252,250,0
2022-10-18 14:49:00,252,250,252,250,0
2022-10-18 14:50:00,252,250,252,250,0
2022-10-18 14:51:00,252,250,252,250,0
2022-10-18 14:52:00,252,250,252,250,0
2022-10-18 14:53:00,252,250,252,250,0
2022-10-18 14:54:00,252,250,252,250,0
2022-10-18 14:55:00,252,250,252,250,0
2022-10-18 14:56:00,252,250,252,250,0
2022-10-18 14:57:00,252,250,252,250,0
2022-10-18 14:58:00,252,250,252,250,0
2022-10-18 14:59:00,252,250,252,250,0
2022-10-18 15:00:00,256,256,256,256,113900
2022-10-18 15:01:00,256,256,256,256,0
2022-10-18 15:02:00,256,256,256,256,0
2022-10-18 15:03:00,256,256,256,256,0
2022-10-18 15:04:00,256,256,256,256,0
2022-10-18 15:05:00,256,256,256,256,0
2022-10-18 15:06:00,256,256,256,256,0
2022-10-18 15:07:00,256,256,256,256,0
2022-10-18 15:08:00,256,256,256,256,0
2022-10-18 15:09:00,256,256,256,256,0
2022-10-18 15:10:00,256,256,256,256,0
2022-10-18 15:11:00,256,256,256,256,0
2022-10-18 15:12:00,256,256,256,256,0
2022-10-18 15:13:00,256,256,256,256,0
2022-10-18 15:14:00,256,256,256,256,0
2022-10-18 15:15:00,256,256,256,256,0
2022-10-18 15:16:00,256,256,256,256,0
2022-10-18 15:17:00,256,256,256,256,0
2022-10-18 15:18:00,256,256,256,256,0
2022-10-18 15:19:00,256,256,256,256,0
2022-10-18 15:20:00,256,256,256,256,0
2022-10-18 15:21:00,256,256,256,256,0
2022-10-18 15:22:00,256,256,256,256,0
2022-10-18 15:23:00,256,256,256,256,0
2022-10-18 15:24:00,256,256,256,256,0
2022-10-18 15:25:00,256,256,256,256,0
2022-10-18 15:26:00,256,256,256,256,0
2022-10-18 15:27:00,256,256,256,256,0
2022-10-18 15:28:00,256,256,256,256,0
2022-10-18 15:29:00,256,256,256,256,0
2022-10-18 15:30:00,256,256,256,256,0
2022-10-18 15:31:00,256,256,256,256,0
2022-10-18 15:32:00,256,256,256,256,0
2022-10-18 15:33:00,256,256,256,256,0
2022-10-18 15:34:00,256,256,256,256,0
2022-10-18 15:35:00,256,256,256,256,0
2022-10-18 15:36:00,256,256,256,256,0
2022-10-18 15:37:00,256,256,256,256,0
2022-10-18 15:38:00,256,256,256,256,0
2022-10-18 15:39:00,256,256,256,256,0
2022-10-18 15:40:00,256,256,256,256,0
2022-10-18 15:41:00,256,256,256,256,0
2022-10-18 15:42:00,256,256,256,256,0
2022-10-18 15:43:00,256,256,256,256,0
2022-10-18 15:44:00,256,256,256,256,0
2022-10-18 15:45:00,256,256,256,256,0
2022-10-18 15:46:00,256,256,256,256,0
2022-10-18 15:47:00,256,256,256,256,0
2022-10-18 15:48:00,256,256,256,256,0
2022-10-18 15:49:00,256,256,256,256,0
2022-10-18 15:50:00,256,256,256,256,0
2022-10-18 15:51:00,256,256,256,256,0
2022-10-18 15:52:00,256,256,256,256,0
2022-10-18 15:53:00,256,256,256,256,0
2022-10-18 15:54:00,256,256,256,256,0
2022-10-18 15:55:00,256,256,256,256,0
2022-10-18 15:56:00,256,256,256,256,0
2022-10-18 15:57:00,256,256,256,256,0
2022-10-18 15:58:00,256,256,256,256,0
2022-10-18 15:59:00,256,256,256,256,0
2022-10-19 09:00:00,256,256,256,256,0
2022-10-19 09:01:00,256,256,256,256,0
2022-10-19 09:02:00,258,252,260,252,0
2022-10-19 09:03:00,258,252,260,252,0
2022-10-19 09:04:00,258,252,260,252,0
2022-10-19 09:05:00,258,252,260,252,0
2022-10-19 09:06:00,258,252,260,252,0
2022-10-19 09:07:00,258,252,260,252,0
2022-10-19 09:08:00,258,252,260,252,0
2022-10-19 09:09:00,258,252,260,252,0
2022-10-19 09:10:00,258,252,260,252,0
2022-10-19 09:11:00,258,252,260,252,0
2022-10-19 09:12:00,258,252,260,252,0
2022-10-19 09:13:00,254,252,254,252,1000
2022-10-19 09:14:00,254,252,254,252,0
2022-10-19 09:15:00,254,252,254,252,0
2022-10-19 09:16:00,254,252,254,252,0
2022-10-19 09:17:00,254,252,254,252,0
2022-10-19 09:18:00,254,252,254,252,0
2022-10-19 09:19:00,254,252,254,252,0
2022-10-19 09:20:00,254,252,254,252,0
2022-10-19 09:21:00,254,252,254,252,0
2022-10-19 09:22:00,254,252,254,252,0
2022-10-19 09:23:00,254,252,254,252,0
2022-10-19 09:24:00,254,252,254,252,0
2022-10-19 09:25:00,252,252,252,252,500
2022-10-19 09:26:00,252,252,252,252,200
2022-10-19 09:27:00,252,252,252,252,0
2022-10-19 09:28:00,252,252,252,252,0
2022-10-19 09:29:00,252,252,252,252,0
2022-10-19 09:30:00,252,252,252,252,0
2022-10-19 09:31:00,252,252,252,252,0
2022-10-19 09:32:00,252,252,252,252,0
2022-10-19 09:33:00,252,252,252,252,0
2022-10-19 09:34:00,252,252,252,252,0
2022-10-19 09:35:00,252,252,252,252,0
2022-10-19 09:36:00,252,252,252,252,0
2022-10-19 09:37:00,252,252,252,252,0
2022-10-19 09:38:00,252,252,252,252,0
2022-10-19 09:39:00,252,252,252,252,0
2022-10-19 09:40:00,252,252,252,252,0
2022-10-19 09:41:00,252,252,252,252,0
2022-10-19 09:42:00,252,252,252,252,0
2022-10-19 09:43:00,252,252,252,252,0
2022-10-19 09:44:00,252,252,252,252,0
2022-10-19 09:45:00,252,252,252,252,0
2022-10-19 09:46:00,252,252,252,252,0
2022-10-19 09:47:00,252,252,252,252,0
2022-10-19 09:48:00,252,252,252,252,0
2022-10-19 09:49:00,252,252,252,252,0
2022-10-19 09:50:00,252,252,252,252,0
2022-10-19 09:51:00,252,252,252,252,0
2022-10-19 09:52:00,252,252,252,252,3500
2022-10-19 09:53:00,252,252,252,252,0
2022-10-19 09:54:00,252,252,252,252,0
2022-10-19 09:55:00,252,252,252,252,0
2022-10-19 09:56:00,252,252,252,252,0
2022-10-19 09:57:00,252,252,252,252,0
2022-10-19 09:58:00,252,252,252,252,0
2022-10-19 09:59:00,252,252,252,252,0
2022-10-19 10:00:00,252,252,252,252,0
2022-10-19 10:01:00,252,252,252,252,0
2022-10-19 10:02:00,252,252,252,252,0
2022-10-19 10:03:00,252,252,252,252,0
2022-10-19 10:04:00,252,252,252,252,1600
2022-10-19 10:05:00,252,252,252,252,0
2022-10-19 10:06:00,252,252,252,252,32600
2022-10-19 10:07:00,252,252,252,252,0
2022-10-19 10:08:00,252,252,252,252,0
2022-10-19 10:09:00,252,252,252,252,0
2022-10-19 10:10:00,252,252,252,252,0
2022-10-19 10:11:00,258,258,258,258,0
2022-10-19 10:12:00,258,258,258,258,0
2022-10-19 10:13:00,258,258,258,258,0
2022-10-19 10:14:00,258,258,258,258,0
2022-10-19 10:15:00,258,258,258,258,0
2022-10-19 10:16:00,258,258,258,258,0
2022-10-19 10:17:00,258,258,258,258,0
2022-10-19 10:18:00,258,258,258,258,0
2022-10-19 10:19:00,258,258,258,258,0
2022-10-19 10:20:00,258,258,258,258,0
2022-10-19 10:21:00,258,258,258,258,0
2022-10-19 10:22:00,258,258,258,258,0
2022-10-19 10:23:00,258,258,258,258,0
2022-10-19 10:24:00,258,258,258,258,0
2022-10-19 10:25:00,258,258,258,258,0
2022-10-19 10:26:00,258,258,258,258,0
2022-10-19 10:27:00,258,258,258,258,0
2022-10-19 10:28:00,258,258,258,258,0
2022-10-19 10:29:00,258,258,258,258,0
2022-10-19 10:30:00,258,258,258,258,0
2022-10-19 10:31:00,258,258,258,258,0
2022-10-19 10:32:00,258,258,258,258,0
2022-10-19 10:33:00,258,258,258,258,0
2022-10-19 10:34:00,258,258,258,258,0
2022-10-19 10:35:00,258,258,258,258,0
2022-10-19 10:36:00,258,258,258,258,0
2022-10-19 10:37:00,258,258,258,258,0
2022-10-19 10:38:00,258,258,258,258,0
2022-10-19 10:39:00,258,258,258,258,0
2022-10-19 10:40:00,258,258,258,258,0
2022-10-19 10:41:00,258,258,258,258,0
2022-10-19 10:42:00,258,258,258,258,0
2022-10-19 10:43:00,258,258,258,258,0
2022-10-19 10:44:00,258,258,258,258,0
2022-10-19 10:45:00,258,258,258,258,0
2022-10-19 10:46:00,258,258,258,258,0
2022-10-19 10:47:00,258,258,258,258,0
2022-10-19 10:48:00,258,258,258,258,0
2022-10-19 10:49:00,258,258,258,258,0
2022-10-19 10:50:00,258,258,258,258,0
2022-10-19 10:51:00,258,258,258,258,0
2022-10-19 10:52:00,258,258,258,258,0
2022-10-19 10:53:00,258,258,258,258,0
2022-10-19 10:54:00,258,258,258,258,0
2022-10-19 10:55:00,258,258,258,258,0
2022-10-19 10:56:00,258,258,258,258,0
2022-10-19 10:57:00,258,258,258,258,0
2022-10-19 10:58:00,258,258,258,258,0
2022-10-19 10:59:00,258,258,258,258,0
2022-10-19 11:00:00,258,258,258,258,0
2022-10-19 11:01:00,258,258,258,258,0
2022-10-19 11:02:00,258,258,258,258,0
2022-10-19 11:03:00,258,258,258,258,0
2022-10-19 11:04:00,258,258,258,258,0
2022-10-19 11:05:00,258,258,258,258,0
2022-10-19 11:06:00,258,258,258,258,0
2022-10-19 11:07:00,258,258,258,258,0
2022-10-19 11:08:00,258,258,258,258,0
2022-10-19 11:09:00,258,258,258,258,0
2022-10-19 11:10:00,258,258,258,258,0
2022-10-19 11:11:00,258,258,258,258,0
2022-10-19 11:12:00,258,258,258,258,0
2022-10-19 11:13:00,258,258,258,258,0
2022-10-19 11:14:00,258,258,258,258,0
2022-10-19 11:15:00,258,258,258,258,0
2022-10-19 11:16:00,258,258,258,258,0
2022-10-19 11:17:00,258,258,258,258,0
2022-10-19 11:18:00,258,258,258,258,0
2022-10-19 11:19:00,258,258,258,258,0
2022-10-19 11:20:00,250,250,250,250,400
2022-10-19 11:21:00,250,250,250,250,0
2022-10-19 11:22:00,250,250,250,250,0
2022-10-19 11:23:00,250,250,250,250,0
2022-10-19 11:24:00,250,250,250,250,0
2022-10-19 11:25:00,250,250,250,250,0
2022-10-19 11:26:00,250,250,250,250,0
2022-10-19 11:27:00,250,250,250,250,0
2022-10-19 11:28:00,250,250,250,250,0
2022-10-19 11:29:00,250,250,250,250,0
2022-10-19 11:30:00,250,250,250,250,0
2022-10-19 11:31:00,250,250,250,250,0
2022-10-19 11:32:00,250,250,250,250,0
2022-10-19 11:33:00,250,250,250,250,0
2022-10-19 11:34:00,250,250,250,250,0
2022-10-19 11:35:00,250,250,250,250,0
2022-10-19 11:36:00,250,250,250,250,0
2022-10-19 11:37:00,250,250,250,250,0
2022-10-19 11:38:00,250,250,250,250,0
2022-10-19 11:39:00,250,250,250,250,0
2022-10-19 11:40:00,250,250,250,250,0
2022-10-19 11:41:00,250,250,250,250,0
2022-10-19 11:42:00,250,250,250,250,0
2022-10-19 11:43:00,250,250,250,250,0
2022-10-19 11:44:00,250,250,250,250,0
2022-10-19 11:45:00,250,250,250,250,0
2022-10-19 11:46:00,250,250,250,250,0
2022-10-19 11:47:00,250,250,250,250,0
2022-10-19 11:48:00,250,250,250,250,0
2022-10-19 11:49:00,250,250,250,250,0
2022-10-19 11:50:00,250,250,250,250,0
2022-10-19 11:51:00,250,250,250,250,0
2022-10-19 11:52:00,250,250,250,250,0
2022-10-19 11:53:00,250,250,250,250,0
2022-10-19 11:54:00,250,250,250,250,0
2022-10-19 11:55:00,250,250,250,250,0
2022-10-19 11:56:00,250,250,250,250,0
2022-10-19 11:57:00,250,250,250,250,0
2022-10-19 11:58:00,250,250,250,250,0
2022-10-19 11:59:00,250,250,250,250,0
2022-10-19 12:00:00,250,250,250,250,0
2022-10-19 12:01:00,250,250,250,250,0
2022-10-19 12:02:00,250,250,250,250,0
2022-10-19 12:03:00,250,250,250,250,0
2022-10-19 12:04:00,250,250,250,250,0
2022-10-19 12:05:00,250,250,250,250,0
2022-10-19 12:06:00,250,250,250,250,0
2022-10-19 12:07:00,250,250,250,250,0
2022-10-19 12:08:00,250,250,250,250,0
2022-10-19 12:09:00,250,250,250,250,0
2022-10-19 12:10:00,250,250,250,250,0
2022-10-19 12:11:00,250,250,250,250,0
2022-10-19 12:12:00,250,250,250,250,0
2022-10-19 12:13:00,250,250,250,250,0
2022-10-19 12:14:00,250,250,250,250,0
2022-10-19 12:15:00,250,250,250,250,0
2022-10-19 12:16:00,250,250,250,250,0
2022-10-19 12:17:00,250,250,250,250,0
2022-10-19 12:18:00,250,250,250,250,0
2022-10-19 12:19:00,250,250,250,250,0
2022-10-19 12:20:00,250,250,250,250,0
2022-10-19 12:21:00,250,250,250,250,0
2022-10-19 12:22:00,250,250,250,250,0
2022-10-19 12:23:00,250,250,250,250,0
2022-10-19 12:24:00,250,250,250,250,0
2022-10-19 12:25:00,250,250,250,250,0
2022-10-19 12:26:00,250,250,250,250,0
2022-10-19 12:27:00,250,250,250,250,0
2022-10-19 12:28:00,250,250,250,250,0
2022-10-19 12:29:00,250,250,250,250,0
2022-10-19 12:30:00,250,250,250,250,0
2022-10-19 12:31:00,250,250,250,250,0
2022-10-19 12:32:00,250,250,250,250,0
2022-10-19 12:33:00,250,250,250,250,0
2022-10-19 12:34:00,250,250,250,250,0
2022-10-19 12:35:00,250,250,250,250,0
2022-10-19 12:36:00,250,250,250,250,0
2022-10-19 12:37:00,250,250,250,250,0
2022-10-19 12:38:00,250,250,250,250,0
2022-10-19 12:39:00,250,250,250,250,0
2022-10-19 12:40:00,250,250,250,250,0
2022-10-19 12:41:00,250,250,250,250,0
2022-10-19 12:42:00,250,250,250,250,0
2022-10-19 12:43:00,250,250,250,250,0
2022-10-19 12:44:00,250,250,250,250,0
2022-10-19 12:45:00,250,250,250,250,0
2022-10-19 12:46:00,250,250,250,250,0
2022-10-19 12:47:00,250,250,250,250,0
2022-10-19 12:48:00,250,250,250,250,0
2022-10-19 12:49:00,250,250,250,250,0
2022-10-19 12:50:00,250,250,250,250,0
2022-10-19 12:51:00,250,250,250,250,0
2022-10-19 12:52:00,250,250,250,250,0
2022-10-19 12:53:00,250,250,250,250,0
2022-10-19 12:54:00,250,250,250,250,0
2022-10-19 12:55:00,250,250,250,250,0
2022-10-19 12:56:00,250,250,250,250,0
2022-10-19 12:57:00,250,250,250,250,0
2022-10-19 12:58:00,250,250,250,250,0
2022-10-19 12:59:00,250,250,250,250,0
2022-10-19 13:00:00,250,250,250,250,0
2022-10-19 13:01:00,250,250,250,250,0
2022-10-19 13:02:00,250,250,250,250,0
2022-10-19 13:03:00,250,250,250,250,0
2022-10-19 13:04:00,250,250,250,250,0
2022-10-19 13:05:00,250,250,250,250,0
2022-10-19 13:06:00,250,250,250,250,0
2022-10-19 13:07:00,250,250,250,250,0
2022-10-19 13:08:00,250,250,250,250,0
2022-10-19 13:09:00,250,250,250,250,0
2022-10-19 13:10:00,250,250,250,250,0
2022-10-19 13:11:00,250,250,250,250,0
2022-10-19 13:12:00,250,250,250,250,0
2022-10-19 13:13:00,250,250,250,250,0
2022-10-19 13:14:00,250,250,250,250,0
2022-10-19 13:15:00,250,250,250,250,0
2022-10-19 13:16:00,250,250,250,250,0
2022-10-19 13:17:00,250,250,250,250,0
2022-10-19 13:18:00,250,250,250,250,0
2022-10-19 13:19:00,250,250,250,250,0
2022-10-19 13:20:00,250,250,250,250,0
2022-10-19 13:21:00,250,250,250,250,0
2022-10-19 13:22:00,250,250,250,250,0
2022-10-19 13:23:00,250,250,250,250,0
2022-10-19 13:24:00,250,250,250,250,0
2022-10-19 13:25:00,250,250,250,250,0
2022-10-19 13:26:00,250,250,250,250,0
2022-10-19 13:27:00,250,250,250,250,0
2022-10-19 13:28:00,250,250,250,250,0
2022-10-19 13:29:00,250,250,250,250,0
2022-10-19 13:30:00,250,250,250,250,0
2022-10-19 13:31:00,250,250,250,250,0
2022-10-19 13:32:00,250,250,250,250,0
2022-10-19 13:33:00,250,250,250,250,0
2022-10-19 13:34:00,250,250,250,250,0
2022-10-19 13:35:00,250,250,250,250,0
2022-10-19 13:36:00,250,250,250,250,0
2022-10-19 13:37:00,258,258,258,258,100
2022-10-19 13:38:00,258,258,258,258,0
2022-10-19 13:39:00,258,258,258,258,0
2022-10-19 13:40:00,250,248,250,248,6900
2022-10-19 13:41:00,250,248,250,248,0
2022-10-19 13:42:00,250,248,250,248,0
2022-10-19 13:43:00,250,248,250,248,0
2022-10-19 13:44:00,250,248,250,248,0
2022-10-19 13:45:00,250,248,250,248,0
2022-10-19 13:46:00,248,248,248,248,200
2022-10-19 13:47:00,248,248,248,248,0
2022-10-19 13:48:00,248,248,248,248,0
2022-10-19 13:49:00,248,248,248,248,0
2022-10-19 13:50:00,248,248,248,248,0
2022-10-19 13:51:00,248,248,248,248,0
2022-10-19 13:52:00,248,248,248,248,0
2022-10-19 13:53:00,248,248,248,248,0
2022-10-19 13:54:00,248,248,248,248,0
2022-10-19 13:55:00,248,248,248,248,0
2022-10-19 13:56:00,248,248,248,248,0
2022-10-19 13:57:00,248,248,248,248,0
2022-10-19 13:58:00,248,248,248,248,0
2022-10-19 13:59:00,248,248,248,248,0
2022-10-19 14:00:00,248,248,248,248,0
2022-10-19 14:01:00,248,248,248,248,0
2022-10-19 14:02:00,248,248,248,248,1100
2022-10-19 14:03:00,248,248,248,248,0
2022-10-19 14:04:00,248,248,248,248,0
2022-10-19 14:05:00,248,248,248,248,0
2022-10-19 14:06:00,248,248,248,248,0
2022-10-19 14:07:00,248,248,248,248,0
2022-10-19 14:08:00,248,248,248,248,0
2022-10-19 14:09:00,248,248,248,248,0
2022-10-19 14:10:00,248,248,248,248,0
2022-10-19 14:11:00,248,248,248,248,0
2022-10-19 14:12:00,248,248,248,248,0
2022-10-19 14:13:00,248,248,248,248,0
2022-10-19 14:14:00,248,248,248,248,0
2022-10-19 14:15:00,248,248,248,248,0
2022-10-19 14:16:00,248,248,248,248,0
2022-10-19 14:17:00,248,248,248,248,0
2022-10-19 14:18:00,248,248,248,248,0
2022-10-19 14:19:00,248,248,248,248,0
2022-10-19 14:20:00,248,248,248,248,0
2022-10-19 14:21:00,248,248,248,248,0
2022-10-19 14:22:00,248,248,248,248,0
2022-10-19 14:23:00,248,248,248,248,0
2022-10-19 14:24:00,248,248,248,248,0
2022-10-19 14:25:00,248,248,248,248,0
2022-10-19 14:26:00,248,248,248,248,0
2022-10-19 14:27:00,248,248,248,248,0
2022-10-19 14:28:00,248,248,248,248,700
2022-10-19 14:29:00,248,248,248,248,100
2022-10-19 14:30:00,248,248,248,248,0
2022-10-19 14:31:00,248,248,248,248,0
2022-10-19 14:32:00,248,248,248,248,0
2022-10-19 14:33:00,248,248,248,248,0
2022-10-19 14:34:00,248,248,248,248,0
2022-10-19 14:35:00,248,248,248,248,5700
2022-10-19 14:36:00,248,248,248,248,0
2022-10-19 14:37:00,248,248,248,248,0
2022-10-19 14:38:00,248,248,248,248,0
2022-10-19 14:39:00,248,248,248,248,0
2022-10-19 14:40:00,248,248,248,248,0
2022-10-19 14:41:00,248,248,248,248,0
2022-10-19 14:42:00,248,248,248,248,0
2022-10-19 14:43:00,248,248,248,248,0
2022-10-19 14:44:00,258,258,258,258,200
2022-10-19 14:45:00,258,258,258,258,3500
2022-10-19 14:46:00,260,260,260,260,3100
2022-10-19 14:47:00,260,260,260,260,0
2022-10-19 14:48:00,260,260,260,260,0
2022-10-19 14:49:00,260,260,260,260,0
2022-10-19 14:50:00,260,260,260,260,0
2022-10-19 14:51:00,260,260,260,260,0
2022-10-19 14:52:00,260,260,260,260,0
2022-10-19 14:53:00,260,260,260,260,0
2022-10-19 14:54:00,260,260,260,260,0
2022-10-19 14:55:00,260,260,260,260,0
2022-10-19 14:56:00,260,260,260,260,0
2022-10-19 14:57:00,260,260,260,260,0
2022-10-19 14:58:00,260,260,260,260,0
2022-10-19 14:59:00,260,260,260,260,0
2022-10-19 15:00:00,260,260,260,260,46500
2022-10-19 15:01:00,260,260,260,260,0
2022-10-19 15:02:00,260,260,260,260,0
2022-10-19 15:03:00,260,260,260,260,0
2022-10-19 15:04:00,260,260,260,260,0
2022-10-19 15:05:00,260,260,260,260,0
2022-10-19 15:06:00,260,260,260,260,0
2022-10-19 15:07:00,260,260,260,260,0
2022-10-19 15:08:00,260,260,260,260,0
2022-10-19 15:09:00,260,260,260,260,0
2022-10-19 15:10:00,260,260,260,260,0
2022-10-19 15:11:00,260,260,260,260,0
2022-10-19 15:12:00,260,260,260,260,0
2022-10-19 15:13:00,260,260,260,260,0
2022-10-19 15:14:00,260,260,260,260,0
2022-10-19 15:15:00,260,260,260,260,0
2022-10-19 15:16:00,260,260,260,260,0
2022-10-19 15:17:00,260,260,260,260,0
2022-10-19 15:18:00,260,260,260,260,0
2022-10-19 15:19:00,260,260,260,260,0
2022-10-19 15:20:00,260,260,260,260,0
2022-10-19 15:21:00,260,260,260,260,0
2022-10-19 15:22:00,260,260,260,260,0
2022-10-19 15:23:00,260,260,260,260,0
2022-10-19 15:24:00,260,260,260,260,0
2022-10-19 15:25:00,260,260,260,260,0
2022-10-19 15:26:00,260,260,260,260,0
2022-10-19 15:27:00,260,260,260,260,0
2022-10-19 15:28:00,260,260,260,260,0
2022-10-19 15:29:00,260,260,260,260,0
2022-10-19 15:30:00,260,260,260,260,0
2022-10-19 15:31:00,260,260,260,260,0
2022-10-19 15:32:00,260,260,260,260,0
2022-10-19 15:33:00,260,260,260,260,0
2022-10-19 15:34:00,260,260,260,260,0
2022-10-19 15:35:00,260,260,260,260,0
2022-10-19 15:36:00,260,260,260,260,0
2022-10-19 15:37:00,260,260,260,260,0
2022-10-19 15:38:00,260,260,260,260,0
2022-10-19 15:39:00,260,260,260,260,0
2022-10-19 15:40:00,260,260,260,260,0
2022-10-19 15:41:00,260,260,260,260,0
2022-10-19 15:42:00,260,260,260,260,0
2022-10-19 15:43:00,260,260,260,260,0
2022-10-19 15:44:00,260,260,260,260,0
2022-10-19 15:45:00,260,260,260,260,0
2022-10-19 15:46:00,260,260,260,260,0
2022-10-19 15:47:00,260,260,260,260,0
2022-10-19 15:48:00,260,260,260,260,0
2022-10-19 15:49:00,260,260,260,260,0
2022-10-19 15:50:00,260,260,260,260,0
2022-10-19 15:51:00,260,260,260,260,0
2022-10-19 15:52:00,260,260,260,260,0
2022-10-19 15:53:00,260,260,260,260,0
2022-10-19 15:54:00,260,260,260,260,0
2022-10-19 15:55:00,260,260,260,260,0
2022-10-19 15:56:00,260,260,260,260,0
2022-10-19 15:57:00,260,260,260,260,0
2022-10-19 15:58:00,260,260,260,260,0
2022-10-19 15:59:00,260,260,260,260,0
2022-10-20 09:00:00,266,266,266,266,0
2022-10-20 09:01:00,266,266,266,266,0
2022-10-20 09:02:00,266,266,266,266,0
2022-10-20 09:03:00,264,264,264,264,2900
2022-10-20 09:04:00,264,264,264,264,0
2022-10-20 09:05:00,264,264,264,264,0
2022-10-20 09:06:00,264,264,264,264,0
2022-10-20 09:07:00,264,264,264,264,0
2022-10-20 09:08:00,264,264,264,264,0
2022-10-20 09:09:00,264,264,264,264,0
2022-10-20 09:10:00,264,264,264,264,0
2022-10-20 09:11:00,264,264,264,264,0
2022-10-20 09:12:00,264,264,264,264,0
2022-10-20 09:13:00,262,262,262,262,200
2022-10-20 09:14:00,262,262,262,262,0
2022-10-20 09:15:00,262,262,262,262,0
2022-10-20 09:16:00,262,262,262,262,0
2022-10-20 09:17:00,262,262,262,262,0
2022-10-20 09:18:00,262,262,262,262,0
2022-10-20 09:19:00,262,262,262,262,0
2022-10-20 09:20:00,262,262,262,262,0
2022-10-20 09:21:00,262,262,262,262,0
2022-10-20 09:22:00,262,262,262,262,0
2022-10-20 09:23:00,262,262,262,262,0
2022-10-20 09:24:00,262,262,262,262,0
2022-10-20 09:25:00,262,262,262,262,0
2022-10-20 09:26:00,262,262,270,270,23900
2022-10-20 09:27:00,270,268,270,268,16500
2022-10-20 09:28:00,260,260,260,260,0
2022-10-20 09:29:00,260,260,260,260,0
2022-10-20 09:30:00,260,260,260,260,4400
2022-10-20 09:31:00,260,260,260,260,0
2022-10-20 09:32:00,260,260,260,260,0
2022-10-20 09:33:00,268,268,268,268,0
2022-10-20 09:34:00,260,258,260,258,6900
2022-10-20 09:35:00,260,258,260,258,0
2022-10-20 09:36:00,260,258,260,258,0
2022-10-20 09:37:00,260,260,260,260,400
2022-10-20 09:38:00,260,260,260,260,0
2022-10-20 09:39:00,260,260,260,260,0
2022-10-20 09:40:00,260,260,260,260,0
2022-10-20 09:41:00,260,260,260,260,0
2022-10-20 09:42:00,260,260,260,260,0
2022-10-20 09:43:00,260,260,260,260,2000
2022-10-20 09:44:00,260,260,260,260,0
2022-10-20 09:45:00,260,260,260,260,0
2022-10-20 09:46:00,260,260,260,260,0
2022-10-20 09:47:00,268,268,268,268,0
2022-10-20 09:48:00,268,268,268,268,0
2022-10-20 09:49:00,268,268,268,268,0
2022-10-20 09:50:00,268,268,268,268,0
2022-10-20 09:51:00,268,268,268,268,0
2022-10-20 09:52:00,268,268,268,268,0
2022-10-20 09:53:00,264,264,264,264,100
2022-10-20 09:54:00,264,264,264,264,0
2022-10-20 09:55:00,264,264,264,264,0
2022-10-20 09:56:00,264,264,264,264,0
2022-10-20 09:57:00,264,264,264,264,0
2022-10-20 09:58:00,264,264,264,264,0
2022-10-20 09:59:00,264,264,264,264,0
2022-10-20 10:00:00,264,264,264,264,0
2022-10-20 10:01:00,264,264,264,264,0
2022-10-20 10:02:00,264,264,264,264,0
2022-10-20 10:03:00,264,264,264,264,0
2022-10-20 10:04:00,264,264,264,264,0
2022-10-20 10:05:00,258,258,264,264,300
2022-10-20 10:06:00,258,258,264,264,0
2022-10-20 10:07:00,258,258,264,264,0
2022-10-20 10:08:00,258,258,264,264,0
2022-10-20 10:09:00,258,258,264,264,0
2022-10-20 10:10:00,258,258,264,264,0
2022-10-20 10:11:00,258,258,264,264,0
2022-10-20 10:12:00,258,258,264,264,0
2022-10-20 10:13:00,258,258,264,264,0
2022-10-20 10:14:00,258,258,264,264,0
2022-10-20 10:15:00,258,258,264,264,0
2022-10-20 10:16:00,258,258,264,264,0
2022-10-20 10:17:00,258,258,264,264,0
2022-10-20 10:18:00,258,258,264,264,0
2022-10-20 10:19:00,258,258,264,264,0
2022-10-20 10:20:00,258,258,264,264,0
2022-10-20 10:21:00,258,258,264,264,0
2022-10-20 10:22:00,258,258,264,264,0
2022-10-20 10:23:00,258,258,264,264,0
2022-10-20 10:24:00,258,258,264,264,0
2022-10-20 10:25:00,258,258,264,264,0
2022-10-20 10:26:00,258,258,264,264,0
2022-10-20 10:27:00,258,258,264,264,0
2022-10-20 10:28:00,258,258,264,264,0
2022-10-20 10:29:00,258,258,264,264,0
2022-10-20 10:30:00,258,258,264,264,0
2022-10-20 10:31:00,258,258,264,264,0
2022-10-20 10:32:00,258,258,264,264,0
2022-10-20 10:33:00,258,258,264,264,0
2022-10-20 10:34:00,258,258,264,264,0
2022-10-20 10:35:00,258,258,264,264,0
2022-10-20 10:36:00,258,258,264,264,0
2022-10-20 10:37:00,262,262,262,262,1100
2022-10-20 10:38:00,262,262,262,262,0
2022-10-20 10:39:00,262,262,262,262,0
2022-10-20 10:40:00,262,262,262,262,0
2022-10-20 10:41:00,262,262,262,262,0
2022-10-20 10:42:00,262,262,262,262,0
2022-10-20 10:43:00,262,262,262,262,0
2022-10-20 10:44:00,262,262,262,262,0
2022-10-20 10:45:00,262,262,262,262,0
2022-10-20 10:46:00,262,262,262,262,7400
2022-10-20 10:47:00,262,262,262,262,0
2022-10-20 10:48:00,262,262,262,262,0
2022-10-20 10:49:00,262,262,262,262,0
2022-10-20 10:50:00,262,262,262,262,0
2022-10-20 10:51:00,262,262,262,262,0
2022-10-20 10:52:00,262,262,262,262,0
2022-10-20 10:53:00,262,262,262,262,0
2022-10-20 10:54:00,262,262,262,262,0
2022-10-20 10:55:00,262,262,262,262,0
2022-10-20 10:56:00,262,262,262,262,0
2022-10-20 10:57:00,262,262,262,262,0
2022-10-20 10:58:00,262,262,262,262,0
2022-10-20 10:59:00,262,262,262,262,0
2022-10-20 11:00:00,262,262,262,262,0
2022-10-20 11:01:00,258,258,258,258,3200
2022-10-20 11:02:00,258,258,258,258,0
2022-10-20 11:03:00,258,258,258,258,0
2022-10-20 11:04:00,258,258,258,258,0
2022-10-20 11:05:00,258,258,258,258,0
2022-10-20 11:06:00,258,258,258,258,0
2022-10-20 11:07:00,258,258,258,258,0
2022-10-20 11:08:00,258,258,258,258,0
2022-10-20 11:09:00,262,262,264,264,5100
2022-10-20 11:10:00,266,266,266,266,0
2022-10-20 11:11:00,264,264,264,264,400
2022-10-20 11:12:00,266,266,268,268,8700
2022-10-20 11:13:00,268,268,272,272,3600
2022-10-20 11:14:00,268,268,272,272,0
2022-10-20 11:15:00,270,270,272,272,1100
2022-10-20 11:16:00,272,272,272,272,4900
2022-10-20 11:17:00,272,272,272,272,0
2022-10-20 11:18:00,260,260,260,260,1600
2022-10-20 11:19:00,260,260,270,270,3000
2022-10-20 11:20:00,270,270,272,272,2000
2022-10-20 11:21:00,270,270,272,272,0
2022-10-20 11:22:00,270,270,272,272,0
2022-10-20 11:23:00,260,260,260,260,5900
2022-10-20 11:24:00,260,260,260,260,0
2022-10-20 11:25:00,260,260,260,260,1800
2022-10-20 11:26:00,260,260,260,260,0
2022-10-20 11:27:00,260,260,260,260,0
2022-10-20 11:28:00,260,260,260,260,0
2022-10-20 11:29:00,258,258,270,270,2300
2022-10-20 11:30:00,258,258,270,270,0
2022-10-20 11:31:00,258,258,270,270,0
2022-10-20 11:32:00,258,258,270,270,0
2022-10-20 11:33:00,258,258,270,270,0
2022-10-20 11:34:00,258,258,270,270,0
2022-10-20 11:35:00,258,258,270,270,0
2022-10-20 11:36:00,258,258,270,270,0
2022-10-20 11:37:00,258,258,270,270,0
2022-10-20 11:38:00,258,258,270,270,0
2022-10-20 11:39:00,258,258,270,270,0
2022-10-20 11:40:00,258,258,270,270,0
2022-10-20 11:41:00,258,258,270,270,0
2022-10-20 11:42:00,258,258,270,270,0
2022-10-20 11:43:00,258,258,270,270,0
2022-10-20 11:44:00,258,258,270,270,0
2022-10-20 11:45:00,258,258,270,270,0
2022-10-20 11:46:00,258,258,270,270,0
2022-10-20 11:47:00,258,258,270,270,0
2022-10-20 11:48:00,258,258,270,270,0
2022-10-20 11:49:00,258,258,270,270,0
2022-10-20 11:50:00,258,258,270,270,0
2022-10-20 11:51:00,258,258,270,270,0
2022-10-20 11:52:00,258,258,270,270,0
2022-10-20 11:53:00,258,258,270,270,0
2022-10-20 11:54:00,258,258,270,270,0
2022-10-20 11:55:00,258,258,270,270,0
2022-10-20 11:56:00,258,258,270,270,0
2022-10-20 11:57:00,258,258,270,270,0
2022-10-20 11:58:00,258,258,270,270,0
2022-10-20 11:59:00,258,258,270,270,0
2022-10-20 12:00:00,258,258,270,270,0
2022-10-20 12:01:00,258,258,270,270,0
2022-10-20 12:02:00,258,258,270,270,0
2022-10-20 12:03:00,258,258,270,270,0
2022-10-20 12:04:00,258,258,270,270,0
2022-10-20 12:05:00,258,258,270,270,0
2022-10-20 12:06:00,258,258,270,270,0
2022-10-20 12:07:00,258,258,270,270,0
2022-10-20 12:08:00,258,258,270,270,0
2022-10-20 12:09:00,258,258,270,270,0
2022-10-20 12:10:00,258,258,270,270,0
2022-10-20 12:11:00,258,258,270,270,0
2022-10-20 12:12:00,258,258,270,270,0
2022-10-20 12:13:00,258,258,270,270,0
2022-10-20 12:14:00,258,258,270,270,0
2022-10-20 12:15:00,258,258,270,270,0
2022-10-20 12:16:00,258,258,270,270,0
2022-10-20 12:17:00,258,258,270,270,0
2022-10-20 12:18:00,258,258,270,270,0
2022-10-20 12:19:00,258,258,270,270,0
2022-10-20 12:20:00,258,258,270,270,0
2022-10-20 12:21:00,258,258,270,270,0
2022-10-20 12:22:00,258,258,270,270,0
2022-10-20 12:23:00,258,258,270,270,0
2022-10-20 12:24:00,258,258,270,270,0
2022-10-20 12:25:00,258,258,270,270,0
2022-10-20 12:26:00,258,258,270,270,0
2022-10-20 12:27:00,258,258,270,270,0
2022-10-20 12:28:00,258,258,270,270,0
2022-10-20 12:29:00,258,258,270,270,0
2022-10-20 12:30:00,258,258,270,270,0
2022-10-20 12:31:00,258,258,270,270,0
2022-10-20 12:32:00,258,258,270,270,0
2022-10-20 12:33:00,258,258,270,270,0
2022-10-20 12:34:00,258,258,270,270,0
2022-10-20 12:35:00,258,258,270,270,0
2022-10-20 12:36:00,258,258,270,270,0
2022-10-20 12:37:00,258,258,270,270,0
2022-10-20 12:38:00,258,258,270,270,0
2022-10-20 12:39:00,258,258,270,270,0
2022-10-20 12:40:00,258,258,270,270,0
2022-10-20 12:41:00,258,258,270,270,0
2022-10-20 12:42:00,258,258,270,270,0
2022-10-20 12:43:00,258,258,270,270,0
2022-10-20 12:44:00,258,258,270,270,0
2022-10-20 12:45:00,258,258,270,270,0
2022-10-20 12:46:00,258,258,270,270,0
2022-10-20 12:47:00,258,258,270,270,0
2022-10-20 12:48:00,258,258,270,270,0
2022-10-20 12:49:00,258,258,270,270,0
2022-10-20 12:50:00,258,258,270,270,0
2022-10-20 12:51:00,258,258,270,270,0
2022-10-20 12:52:00,258,258,270,270,0
2022-10-20 12:53:00,258,258,270,270,0
2022-10-20 12:54:00,258,258,270,270,0
2022-10-20 12:55:00,258,258,270,270,0
2022-10-20 12:56:00,258,258,270,270,0
2022-10-20 12:57:00,258,258,270,270,0
2022-10-20 12:58:00,258,258,270,270,0
2022-10-20 12:59:00,258,258,270,270,0
2022-10-20 13:00:00,258,258,270,270,0
2022-10-20 13:01:00,258,258,270,270,0
2022-10-20 13:02:00,258,258,270,270,0
2022-10-20 13:03:00,258,258,270,270,0
2022-10-20 13:04:00,258,258,270,270,0
2022-10-20 13:05:00,258,258,270,270,0
2022-10-20 13:06:00,258,258,270,270,0
2022-10-20 13:07:00,258,258,270,270,0
2022-10-20 13:08:00,258,258,270,270,0
2022-10-20 13:09:00,258,258,270,270,0
2022-10-20 13:10:00,258,258,270,270,0
2022-10-20 13:11:00,258,258,270,270,0
2022-10-20 13:12:00,258,258,270,270,0
2022-10-20 13:13:00,258,258,270,270,0
2022-10-20 13:14:00,258,258,270,270,0
2022-10-20 13:15:00,258,258,270,270,0
2022-10-20 13:16:00,258,258,270,270,0
2022-10-20 13:17:00,258,258,270,270,0
2022-10-20 13:18:00,258,258,270,270,0
2022-10-20 13:19:00,258,258,270,270,0
2022-10-20 13:20:00,258,258,270,270,0
2022-10-20 13:21:00,258,258,270,270,0
2022-10-20 13:22:00,258,258,270,270,0
2022-10-20 13:23:00,258,258,270,270,0
2022-10-20 13:24:00,258,258,270,270,0
2022-10-20 13:25:00,258,258,270,270,0
2022-10-20 13:26:00,258,258,270,270,0
2022-10-20 13:27:00,258,258,270,270,0
2022-10-20 13:28:00,258,258,270,270,0
2022-10-20 13:29:00,258,258,270,270,0
2022-10-20 13:30:00,258,258,270,270,0
2022-10-20 13:31:00,258,258,270,270,0
2022-10-20 13:32:00,258,258,270,270,0
2022-10-20 13:33:00,258,258,270,270,0
2022-10-20 13:34:00,258,258,270,270,0
2022-10-20 13:35:00,258,258,270,270,0
2022-10-20 13:36:00,258,258,270,270,0
2022-10-20 13:37:00,258,258,270,270,0
2022-10-20 13:38:00,258,258,270,270,0
2022-10-20 13:39:00,268,268,268,268,200
2022-10-20 13:40:00,268,268,268,268,0
2022-10-20 13:41:00,268,268,268,268,0
2022-10-20 13:42:00,268,268,268,268,0
2022-10-20 13:43:00,268,268,268,268,0
2022-10-20 13:44:00,268,268,268,268,0
2022-10-20 13:45:00,268,268,268,268,100
2022-10-20 13:46:00,268,268,268,268,0
2022-10-20 13:47:00,268,268,268,268,0
2022-10-20 13:48:00,268,268,268,268,0
2022-10-20 13:49:00,268,268,268,268,0
2022-10-20 13:50:00,268,268,268,268,0
2022-10-20 13:51:00,268,268,268,268,200
2022-10-20 13:52:00,268,268,270,270,1000
2022-10-20 13:53:00,268,268,270,270,0
2022-10-20 13:54:00,268,268,270,270,0
2022-10-20 13:55:00,268,268,270,270,0
2022-10-20 13:56:00,260,260,260,260,7500
2022-10-20 13:57:00,270,270,270,270,0
2022-10-20 13:58:00,270,270,270,270,0
2022-10-20 13:59:00,270,270,270,270,0
2022-10-20 14:00:00,270,270,270,270,0
2022-10-20 14:01:00,270,270,270,270,0
2022-10-20 14:02:00,270,270,270,270,0
2022-10-20 14:03:00,270,270,270,270,0
2022-10-20 14:04:00,270,270,270,270,0
2022-10-20 14:05:00,270,270,270,270,0
2022-10-20 14:06:00,270,270,270,270,0
2022-10-20 14:07:00,270,270,270,270,0
2022-10-20 14:08:00,270,260,270,260,300
2022-10-20 14:09:00,270,260,270,260,0
2022-10-20 14:10:00,260,260,260,260,400
2022-10-20 14:11:00,260,260,260,260,0
2022-10-20 14:12:00,260,260,260,260,0
2022-10-20 14:13:00,260,260,260,260,0
2022-10-20 14:14:00,260,260,260,260,24100
2022-10-20 14:15:00,268,268,268,268,0
2022-10-20 14:16:00,268,268,268,268,0
2022-10-20 14:17:00,268,268,268,268,0
2022-10-20 14:18:00,268,268,268,268,0
2022-10-20 14:19:00,268,268,268,268,0
2022-10-20 14:20:00,268,268,268,268,0
2022-10-20 14:21:00,268,268,268,268,0
2022-10-20 14:22:00,268,268,268,268,0
2022-10-20 14:23:00,258,258,258,258,10000
2022-10-20 14:24:00,258,258,258,258,0
2022-10-20 14:25:00,260,260,260,260,3700
2022-10-20 14:26:00,260,260,260,260,0
2022-10-20 14:27:00,260,260,260,260,0
2022-10-20 14:28:00,258,258,258,258,3600
2022-10-20 14:29:00,266,266,266,266,0
2022-10-20 14:30:00,260,260,260,260,3900
2022-10-20 14:31:00,260,260,260,260,0
2022-10-20 14:32:00,260,260,260,260,0
2022-10-20 14:33:00,258,258,258,258,19300
2022-10-20 14:34:00,258,258,258,258,1400
2022-10-20 14:35:00,260,260,260,260,1600
2022-10-20 14:36:00,258,256,258,256,9000
2022-10-20 14:37:00,256,256,256,256,0
2022-10-20 14:38:00,260,260,260,260,0
2022-10-20 14:39:00,260,260,260,260,0
2022-10-20 14:40:00,260,260,260,260,0
2022-10-20 14:41:00,260,260,260,260,0
2022-10-20 14:42:00,260,260,260,260,0
2022-10-20 14:43:00,260,260,260,260,0
2022-10-20 14:44:00,260,260,260,260,0
2022-10-20 14:45:00,260,260,260,260,0
2022-10-20 14:46:00,260,260,260,260,0
2022-10-20 14:47:00,260,260,260,260,0
2022-10-20 14:48:00,260,260,260,260,0
2022-10-20 14:49:00,254,254,254,254,1000
2022-10-20 14:50:00,254,254,254,254,0
2022-10-20 14:51:00,254,254,254,254,0
2022-10-20 14:52:00,254,254,254,254,0
2022-10-20 14:53:00,254,254,254,254,0
2022-10-20 14:54:00,254,254,254,254,0
2022-10-20 14:55:00,254,254,254,254,0
2022-10-20 14:56:00,254,254,254,254,0
2022-10-20 14:57:00,254,254,254,254,0
2022-10-20 14:58:00,254,254,254,254,0
2022-10-20 14:59:00,254,254,254,254,0
2022-10-20 15:00:00,258,258,258,258,100
2022-10-20 15:01:00,258,258,258,258,0
2022-10-20 15:02:00,258,258,258,258,0
2022-10-20 15:03:00,258,258,258,258,0
2022-10-20 15:04:00,258,258,258,258,0
2022-10-20 15:05:00,258,258,258,258,0
2022-10-20 15:06:00,258,258,258,258,0
2022-10-20 15:07:00,258,258,258,258,0
2022-10-20 15:08:00,258,258,258,258,165800
2022-10-20 15:09:00,258,258,258,258,0
2022-10-20 15:10:00,258,258,258,258,0
2022-10-20 15:11:00,258,258,258,258,0
2022-10-20 15:12:00,258,258,258,258,0
2022-10-20 15:13:00,258,258,258,258,0
2022-10-20 15:14:00,258,258,258,258,0
2022-10-20 15:15:00,258,258,258,258,0
2022-10-20 15:16:00,258,258,258,258,0
2022-10-20 15:17:00,258,258,258,258,0
2022-10-20 15:18:00,258,258,258,258,0
2022-10-20 15:19:00,258,258,258,258,0
2022-10-20 15:20:00,258,258,258,258,0
2022-10-20 15:21:00,258,258,258,258,0
2022-10-20 15:22:00,258,258,258,258,0
2022-10-20 15:23:00,258,258,258,258,0
2022-10-20 15:24:00,258,258,258,258,0
2022-10-20 15:25:00,258,258,258,258,0
2022-10-20 15:26:00,258,258,258,258,0
2022-10-20 15:27:00,258,258,258,258,0
2022-10-20 15:28:00,258,258,258,258,0
2022-10-20 15:29:00,258,258,258,258,0
2022-10-20 15:30:00,258,258,258,258,0
2022-10-20 15:31:00,258,258,258,258,0
2022-10-20 15:32:00,258,258,258,258,0
2022-10-20 15:33:00,258,258,258,258,0
2022-10-20 15:34:00,258,258,258,258,0
2022-10-20 15:35:00,258,258,258,258,0
2022-10-20 15:36:00,258,258,258,258,0
2022-10-20 15:37:00,258,258,258,258,0
2022-10-20 15:38:00,258,258,258,258,0
2022-10-20 15:39:00,258,258,258,258,0
2022-10-20 15:40:00,258,258,258,258,0
2022-10-20 15:41:00,258,258,258,258,0
2022-10-20 15:42:00,258,258,258,258,0
2022-10-20 15:43:00,258,258,258,258,0
2022-10-20 15:44:00,258,258,258,258,0
2022-10-20 15:45:00,258,258,258,258,0
2022-10-20 15:46:00,258,258,258,258,0
2022-10-20 15:47:00,258,258,258,258,0
2022-10-20 15:48:00,258,258,258,258,0
2022-10-20 15:49:00,258,258,258,258,0
2022-10-20 15:50:00,258,258,258,258,0
2022-10-20 15:51:00,258,258,258,258,0
2022-10-20 15:52:00,258,258,258,258,0
2022-10-20 15:53:00,258,258,258,258,0
2022-10-20 15:54:00,258,258,258,258,0
2022-10-20 15:55:00,258,258,258,258,0
2022-10-20 15:56:00,258,258,258,258,0
2022-10-20 15:57:00,258,258,258,258,0
2022-10-20 15:58:00,258,258,258,258,0
2022-10-20 15:59:00,258,258,258,258,0
2022-10-21 09:00:00,258,258,258,258,0
2022-10-21 09:01:00,258,258,258,258,0
2022-10-21 09:02:00,258,258,258,258,0
2022-10-21 09:03:00,258,258,258,258,0
2022-10-21 09:04:00,258,258,258,258,0
2022-10-21 09:05:00,262,262,266,266,0
2022-10-21 09:06:00,262,262,266,266,0
2022-10-21 09:07:00,262,262,266,266,0
2022-10-21 09:08:00,260,260,260,260,2900
2022-10-21 09:09:00,260,260,260,260,0
2022-10-21 09:10:00,260,260,260,260,0
2022-10-21 09:11:00,260,260,260,260,0
2022-10-21 09:12:00,260,260,260,260,0
2022-10-21 09:13:00,260,260,260,260,0
2022-10-21 09:14:00,260,260,260,260,0
2022-10-21 09:15:00,260,260,260,260,0
2022-10-21 09:16:00,260,260,260,260,0
2022-10-21 09:17:00,260,260,260,260,0
2022-10-21 09:18:00,260,260,260,260,0
2022-10-21 09:19:00,260,260,260,260,0
2022-10-21 09:20:00,260,260,260,260,0
2022-10-21 09:21:00,260,260,260,260,0
2022-10-21 09:22:00,260,260,260,260,0
2022-10-21 09:23:00,260,260,260,260,0
2022-10-21 09:24:00,260,260,260,260,0
2022-10-21 09:25:00,260,260,260,260,0
2022-10-21 09:26:00,260,260,260,260,0
2022-10-21 09:27:00,260,260,260,260,0
2022-10-21 09:28:00,260,260,260,260,0
2022-10-21 09:29:00,260,260,260,260,0
2022-10-21 09:30:00,260,260,260,260,0
2022-10-21 09:31:00,260,260,260,260,0
2022-10-21 09:32:00,260,260,260,260,0
2022-10-21 09:33:00,260,260,260,260,0
2022-10-21 09:34:00,260,260,260,260,0
2022-10-21 09:35:00,260,260,260,260,0
2022-10-21 09:36:00,260,260,260,260,0
2022-10-21 09:37:00,260,260,260,260,0
2022-10-21 09:38:00,260,260,260,260,0
2022-10-21 09:39:00,260,260,260,260,3000
2022-10-21 09:40:00,260,260,260,260,0
2022-10-21 09:41:00,260,260,260,260,0
2022-10-21 09:42:00,260,260,260,260,0
2022-10-21 09:43:00,260,260,260,260,0
2022-10-21 09:44:00,260,260,260,260,0
2022-10-21 09:45:00,260,260,260,260,0
2022-10-21 09:46:00,260,260,260,260,0
2022-10-21 09:47:00,260,260,260,260,0
2022-10-21 09:48:00,260,260,260,260,0
2022-10-21 09:49:00,260,260,260,260,0
2022-10-21 09:50:00,260,260,260,260,0
2022-10-21 09:51:00,260,260,260,260,0
2022-10-21 09:52:00,254,254,254,254,100
2022-10-21 09:53:00,254,254,254,254,0
2022-10-21 09:54:00,254,254,254,254,0
2022-10-21 09:55:00,254,254,254,254,0
2022-10-21 09:56:00,254,254,254,254,0
2022-10-21 09:57:00,254,254,254,254,0
2022-10-21 09:58:00,254,254,254,254,0
2022-10-21 09:59:00,254,254,254,254,0
2022-10-21 10:00:00,254,254,254,254,0
2022-10-21 10:01:00,254,254,254,254,0
2022-10-21 10:02:00,254,254,254,254,0
2022-10-21 10:03:00,254,254,254,254,0
2022-10-21 10:04:00,254,254,254,254,0
2022-10-21 10:05:00,254,254,254,254,0
2022-10-21 10:06:00,254,254,254,254,0
2022-10-21 10:07:00,254,254,254,254,0
2022-10-21 10:08:00,254,254,254,254,0
2022-10-21 10:09:00,254,254,254,254,0
2022-10-21 10:10:00,254,254,254,254,0
2022-10-21 10:11:00,254,254,254,254,0
2022-10-21 10:12:00,254,254,254,254,0
2022-10-21 10:13:00,254,254,254,254,0
2022-10-21 10:14:00,254,254,254,254,0
2022-10-21 10:15:00,254,254,254,254,0
2022-10-21 10:16:00,254,254,254,254,0
2022-10-21 10:17:00,254,254,254,254,0
2022-10-21 10:18:00,254,254,254,254,0
2022-10-21 10:19:00,254,254,254,254,0
2022-10-21 10:20:00,254,254,254,254,0
2022-10-21 10:21:00,254,254,254,254,0
2022-10-21 10:22:00,254,254,254,254,0
2022-10-21 10:23:00,254,254,254,254,0
2022-10-21 10:24:00,256,256,256,256,300
2022-10-21 10:25:00,256,256,256,256,0
2022-10-21 10:26:00,256,256,256,256,0
2022-10-21 10:27:00,256,256,256,256,0
2022-10-21 10:28:00,256,256,256,256,0
2022-10-21 10:29:00,256,256,256,256,0
2022-10-21 10:30:00,256,256,256,256,0
2022-10-21 10:31:00,256,256,256,256,0
2022-10-21 10:32:00,256,256,256,256,0
2022-10-21 10:33:00,256,256,256,256,0
2022-10-21 10:34:00,256,256,256,256,0
2022-10-21 10:35:00,256,256,256,256,0
2022-10-21 10:36:00,256,256,256,256,2000
2022-10-21 10:37:00,256,256,256,256,0
2022-10-21 10:38:00,256,256,256,256,0
2022-10-21 10:39:00,256,256,256,256,0
2022-10-21 10:40:00,256,256,256,256,0
2022-10-21 10:41:00,262,262,262,262,100
2022-10-21 10:42:00,262,262,262,262,0
2022-10-21 10:43:00,262,262,262,262,0
2022-10-21 10:44:00,262,262,262,262,0
2022-10-21 10:45:00,262,262,262,262,0
2022-10-21 10:46:00,262,262,262,262,0
2022-10-21 10:47:00,262,262,262,262,0
2022-10-21 10:48:00,262,262,262,262,0
2022-10-21 10:49:00,262,262,262,262,0
2022-10-21 10:50:00,262,262,262,262,0
2022-10-21 10:51:00,262,262,262,262,0
2022-10-21 10:52:00,262,262,262,262,0
2022-10-21 10:53:00,262,262,262,262,0
2022-10-21 10:54:00,262,262,262,262,0
2022-10-21 10:55:00,262,262,262,262,0
2022-10-21 10:56:00,262,262,262,262,0
2022-10-21 10:57:00,262,262,262,262,0
2022-10-21 10:58:00,262,262,262,262,0
2022-10-21 10:59:00,262,262,262,262,0
2022-10-21 11:00:00,262,262,262,262,0
2022-10-21 11:01:00,262,262,262,262,0
2022-10-21 11:02:00,262,262,262,262,0
2022-10-21 11:03:00,262,262,262,262,0
2022-10-21 11:04:00,262,262,262,262,0
2022-10-21 11:05:00,262,262,262,262,0
2022-10-21 11:06:00,262,262,262,262,0
2022-10-21 11:07:00,262,262,262,262,0
2022-10-21 11:08:00,262,262,262,262,0
2022-10-21 11:09:00,262,262,262,262,0
2022-10-21 11:10:00,262,262,262,262,0
2022-10-21 11:11:00,262,262,262,262,0
2022-10-21 11:12:00,262,262,262,262,0
2022-10-21 11:13:00,262,262,262,262,0
2022-10-21 11:14:00,262,262,262,262,0
2022-10-21 11:15:00,262,262,262,262,0
2022-10-21 11:16:00,262,262,262,262,0
2022-10-21 11:17:00,262,262,262,262,0
2022-10-21 11:18:00,262,262,262,262,0
2022-10-21 11:19:00,262,262,262,262,0
2022-10-21 11:20:00,262,262,262,262,0
2022-10-21 11:21:00,262,262,262,262,0
2022-10-21 11:22:00,262,262,262,262,0
2022-10-21 11:23:00,262,262,262,262,0
2022-10-21 11:24:00,262,262,262,262,0
2022-10-21 11:25:00,262,262,262,262,0
2022-10-21 11:26:00,262,262,262,262,0
2022-10-21 11:27:00,262,262,262,262,0
2022-10-21 11:28:00,262,262,262,262,0
2022-10-21 11:29:00,262,262,262,262,0
2022-10-21 11:30:00,262,262,262,262,0
2022-10-21 11:31:00,262,262,262,262,0
2022-10-21 11:32:00,262,262,262,262,0
2022-10-21 11:33:00,262,262,262,262,0
2022-10-21 11:34:00,262,262,262,262,0
2022-10-21 11:35:00,262,262,262,262,0
2022-10-21 11:36:00,262,262,262,262,0
2022-10-21 11:37:00,262,262,262,262,0
2022-10-21 11:38:00,262,262,262,262,0
2022-10-21 11:39:00,262,262,262,262,0
2022-10-21 11:40:00,262,262,262,262,0
2022-10-21 11:41:00,262,262,262,262,0
2022-10-21 11:42:00,262,262,262,262,0
2022-10-21 11:43:00,262,262,262,262,0
2022-10-21 11:44:00,262,262,262,262,0
2022-10-21 11:45:00,262,262,262,262,0
2022-10-21 11:46:00,262,262,262,262,0
2022-10-21 11:47:00,262,262,262,262,0
2022-10-21 11:48:00,262,262,262,262,0
2022-10-21 11:49:00,262,262,262,262,0
2022-10-21 11:50:00,262,262,262,262,0
2022-10-21 11:51:00,262,262,262,262,0
2022-10-21 11:52:00,262,262,262,262,0
2022-10-21 11:53:00,262,262,262,262,0
2022-10-21 11:54:00,262,262,262,262,0
2022-10-21 11:55:00,262,262,262,262,0
2022-10-21 11:56:00,262,262,262,262,0
2022-10-21 11:57:00,262,262,262,262,0
2022-10-21 11:58:00,262,262,262,262,0
2022-10-21 11:59:00,262,262,262,262,0
2022-10-21 12:00:00,262,262,262,262,0
2022-10-21 12:01:00,262,262,262,262,0
2022-10-21 12:02:00,262,262,262,262,0
2022-10-21 12:03:00,262,262,262,262,0
2022-10-21 12:04:00,262,262,262,262,0
2022-10-21 12:05:00,262,262,262,262,0
2022-10-21 12:06:00,262,262,262,262,0
2022-10-21 12:07:00,262,262,262,262,0
2022-10-21 12:08:00,262,262,262,262,0
2022-10-21 12:09:00,262,262,262,262,0
2022-10-21 12:10:00,262,262,262,262,0
2022-10-21 12:11:00,262,262,262,262,0
2022-10-21 12:12:00,262,262,262,262,0
2022-10-21 12:13:00,262,262,262,262,0
2022-10-21 12:14:00,262,262,262,262,0
2022-10-21 12:15:00,262,262,262,262,0
2022-10-21 12:16:00,262,262,262,262,0
2022-10-21 12:17:00,262,262,262,262,0
2022-10-21 12:18:00,262,262,262,262,0
2022-10-21 12:19:00,262,262,262,262,0
2022-10-21 12:20:00,262,262,262,262,0
2022-10-21 12:21:00,262,262,262,262,0
2022-10-21 12:22:00,262,262,262,262,0
2022-10-21 12:23:00,262,262,262,262,0
2022-10-21 12:24:00,262,262,262,262,0
2022-10-21 12:25:00,262,262,262,262,0
2022-10-21 12:26:00,262,262,262,262,0
2022-10-21 12:27:00,262,262,262,262,0
2022-10-21 12:28:00,262,262,262,262,0
2022-10-21 12:29:00,262,262,262,262,0
2022-10-21 12:30:00,262,262,262,262,0
2022-10-21 12:31:00,262,262,262,262,0
2022-10-21 12:32:00,262,262,262,262,0
2022-10-21 12:33:00,262,262,262,262,0
2022-10-21 12:34:00,262,262,262,262,0
2022-10-21 12:35:00,262,262,262,262,0
2022-10-21 12:36:00,262,262,262,262,0
2022-10-21 12:37:00,262,262,262,262,0
2022-10-21 12:38:00,262,262,262,262,0
2022-10-21 12:39:00,262,262,262,262,0
2022-10-21 12:40:00,262,262,262,262,0
2022-10-21 12:41:00,262,262,262,262,0
2022-10-21 12:42:00,262,262,262,262,0
2022-10-21 12:43:00,262,262,262,262,0
2022-10-21 12:44:00,262,262,262,262,0
2022-10-21 12:45:00,262,262,262,262,0
2022-10-21 12:46:00,262,262,262,262,0
2022-10-21 12:47:00,262,262,262,262,0
2022-10-21 12:48:00,262,262,262,262,0
2022-10-21 12:49:00,262,262,262,262,0
2022-10-21 12:50:00,262,262,262,262,0
2022-10-21 12:51:00,262,262,262,262,0
2022-10-21 12:52:00,262,262,262,262,0
2022-10-21 12:53:00,262,262,262,262,0
2022-10-21 12:54:00,262,262,262,262,0
2022-10-21 12:55:00,262,262,262,262,0
2022-10-21 12:56:00,262,262,262,262,0
2022-10-21 12:57:00,262,262,262,262,0
2022-10-21 12:58:00,262,262,262,262,0
2022-10-21 12:59:00,262,262,262,262,0
2022-10-21 13:00:00,262,262,262,262,0
2022-10-21 13:01:00,262,262,262,262,0
2022-10-21 13:02:00,262,262,262,262,0
2022-10-21 13:03:00,262,262,262,262,0
2022-10-21 13:04:00,262,262,262,262,0
2022-10-21 13:05:00,262,262,262,262,0
2022-10-21 13:06:00,262,262,262,262,0
2022-10-21 13:07:00,262,262,262,262,0
2022-10-21 13:08:00,262,262,262,262,0
2022-10-21 13:09:00,262,262,262,262,0
2022-10-21 13:10:00,262,262,262,262,0
2022-10-21 13:11:00,262,262,262,262,0
2022-10-21 13:12:00,262,262,262,262,0
2022-10-21 13:13:00,262,262,262,262,0
2022-10-21 13:14:00,262,262,262,262,0
2022-10-21 13:15:00,262,262,262,262,0
2022-10-21 13:16:00,262,262,262,262,0
2022-10-21 13:17:00,262,262,262,262,0
2022-10-21 13:18:00,262,262,262,262,0
2022-10-21 13:19:00,262,262,262,262,0
2022-10-21 13:20:00,262,262,262,262,0
2022-10-21 13:21:00,262,262,262,262,0
2022-10-21 13:22:00,262,262,262,262,0
2022-10-21 13:23:00,262,262,262,262,0
2022-10-21 13:24:00,262,262,262,262,0
2022-10-21 13:25:00,262,262,262,262,0
2022-10-21 13:26:00,262,262,262,262,0
2022-10-21 13:27:00,262,262,262,262,0
2022-10-21 13:28:00,262,262,262,262,0
2022-10-21 13:29:00,262,262,262,262,0
2022-10-21 13:30:00,260,260,260,260,100
2022-10-21 13:31:00,260,260,260,260,0
2022-10-21 13:32:00,260,260,260,260,0
2022-10-21 13:33:00,260,260,260,260,0
2022-10-21 13:34:00,260,260,260,260,0
2022-10-21 13:35:00,260,260,260,260,0
2022-10-21 13:36:00,260,260,260,260,0
2022-10-21 13:37:00,260,260,260,260,0
2022-10-21 13:38:00,260,260,260,260,0
2022-10-21 13:39:00,260,260,260,260,0
2022-10-21 13:40:00,260,260,260,260,0
2022-10-21 13:41:00,260,260,260,260,0
2022-10-21 13:42:00,260,260,260,260,0
2022-10-21 13:43:00,260,260,260,260,0
2022-10-21 13:44:00,260,260,260,260,0
2022-10-21 13:45:00,260,260,260,260,0
2022-10-21 13:46:00,260,260,260,260,0
2022-10-21 13:47:00,260,260,260,260,0
2022-10-21 13:48:00,260,260,260,260,0
2022-10-21 13:49:00,260,260,260,260,0
2022-10-21 13:50:00,260,260,260,260,0
2022-10-21 13:51:00,260,260,260,260,0
2022-10-21 13:52:00,260,260,260,260,0
2022-10-21 13:53:00,260,260,260,260,0
2022-10-21 13:54:00,260,260,260,260,0
2022-10-21 13:55:00,260,260,260,260,0
2022-10-21 13:56:00,258,258,258,258,1000
2022-10-21 13:57:00,258,258,258,258,0
2022-10-21 13:58:00,258,258,258,258,0
2022-10-21 13:59:00,258,258,258,258,0
2022-10-21 14:00:00,258,258,258,258,0
2022-10-21 14:01:00,258,258,258,258,0
2022-10-21 14:02:00,258,258,258,258,0
2022-10-21 14:03:00,258,258,258,258,0
2022-10-21 14:04:00,258,258,258,258,0
2022-10-21 14:05:00,258,258,258,258,0
2022-10-21 14:06:00,254,254,254,254,100
2022-10-21 14:07:00,254,254,254,254,0
2022-10-21 14:08:00,254,254,254,254,0
2022-10-21 14:09:00,254,254,254,254,0
2022-10-21 14:10:00,254,254,254,254,0
2022-10-21 14:11:00,254,254,254,254,0
2022-10-21 14:12:00,254,254,254,254,0
2022-10-21 14:13:00,254,254,254,254,0
2022-10-21 14:14:00,254,254,254,254,0
2022-10-21 14:15:00,254,254,254,254,0
2022-10-21 14:16:00,254,254,254,254,0
2022-10-21 14:17:00,254,254,254,254,0
2022-10-21 14:18:00,254,254,254,254,0
2022-10-21 14:19:00,254,254,254,254,0
2022-10-21 14:20:00,254,254,254,254,0
2022-10-21 14:21:00,254,254,254,254,0
2022-10-21 14:22:00,254,254,254,254,0
2022-10-21 14:23:00,254,254,254,254,0
2022-10-21 14:24:00,254,254,254,254,0
2022-10-21 14:25:00,254,254,254,254,0
2022-10-21 14:26:00,254,254,254,254,0
2022-10-21 14:27:00,254,254,254,254,0
2022-10-21 14:28:00,254,254,254,254,0
2022-10-21 14:29:00,254,254,254,254,0
2022-10-21 14:30:00,254,254,254,254,0
2022-10-21 14:31:00,254,254,254,254,0
2022-10-21 14:32:00,254,254,254,254,0
2022-10-21 14:33:00,260,260,260,260,100
2022-10-21 14:34:00,260,260,260,260,0
2022-10-21 14:35:00,260,260,260,260,0
2022-10-21 14:36:00,260,260,260,260,0
2022-10-21 14:37:00,260,260,260,260,0
2022-10-21 14:38:00,260,260,260,260,0
2022-10-21 14:39:00,260,260,260,260,0
2022-10-21 14:40:00,260,260,260,260,0
2022-10-21 14:41:00,260,260,260,260,0
2022-10-21 14:42:00,260,260,260,260,0
2022-10-21 14:43:00,260,260,260,260,0
2022-10-21 14:44:00,260,260,260,260,0
2022-10-21 14:45:00,260,260,260,260,0
2022-10-21 14:46:00,260,260,260,260,0
2022-10-21 14:47:00,256,256,256,256,2000
2022-10-21 14:48:00,260,260,260,260,0
2022-10-21 14:49:00,260,260,260,260,0
2022-10-21 14:50:00,260,260,260,260,0
2022-10-21 14:51:00,260,260,260,260,0
2022-10-21 14:52:00,260,260,260,260,0
2022-10-21 14:53:00,260,260,260,260,0
2022-10-21 14:54:00,260,260,260,260,0
2022-10-21 14:55:00,260,260,260,260,0
2022-10-21 14:56:00,260,260,260,260,0
2022-10-21 14:57:00,260,260,260,260,0
2022-10-21 14:58:00,260,260,260,260,0
2022-10-21 14:59:00,260,260,260,260,0
2022-10-21 15:00:00,260,260,260,260,0
2022-10-21 15:01:00,260,260,260,260,0
2022-10-21 15:02:00,260,260,260,260,0
2022-10-21 15:03:00,260,260,260,260,0
2022-10-21 15:04:00,260,260,260,260,0
2022-10-21 15:05:00,260,260,260,260,0
2022-10-21 15:06:00,260,260,260,260,0
2022-10-21 15:07:00,260,260,260,260,0
2022-10-21 15:08:00,260,260,260,260,0
2022-10-21 15:09:00,260,260,260,260,0
2022-10-21 15:10:00,260,260,260,260,0
2022-10-21 15:11:00,260,260,260,260,0
2022-10-21 15:12:00,260,260,260,260,0
2022-10-21 15:13:00,260,260,260,260,0
2022-10-21 15:14:00,260,260,260,260,0
2022-10-21 15:15:00,260,260,260,260,0
2022-10-21 15:16:00,260,260,260,260,0
2022-10-21 15:17:00,260,260,260,260,0
2022-10-21 15:18:00,260,260,260,260,0
2022-10-21 15:19:00,260,260,260,260,0
2022-10-21 15:20:00,260,260,260,260,0
2022-10-21 15:21:00,260,260,260,260,0
2022-10-21 15:22:00,260,260,260,260,0
2022-10-21 15:23:00,260,260,260,260,0
2022-10-21 15:24:00,260,260,260,260,0
2022-10-21 15:25:00,260,260,260,260,0
2022-10-21 15:26:00,260,260,260,260,0
2022-10-21 15:27:00,260,260,260,260,0
2022-10-21 15:28:00,260,260,260,260,0
2022-10-21 15:29:00,260,260,260,260,0
2022-10-21 15:30:00,260,260,260,260,0
2022-10-21 15:31:00,260,260,260,260,0
2022-10-21 15:32:00,260,260,260,260,0
2022-10-21 15:33:00,260,260,260,260,0
2022-10-21 15:34:00,260,260,260,260,0
2022-10-21 15:35:00,260,260,260,260,0
2022-10-21 15:36:00,260,260,260,260,0
2022-10-21 15:37:00,260,260,260,260,0
2022-10-21 15:38:00,260,260,260,260,0
2022-10-21 15:39:00,260,260,260,260,0
2022-10-21 15:40:00,260,260,260,260,0
2022-10-21 15:41:00,260,260,260,260,0
2022-10-21 15:42:00,260,260,260,260,0
2022-10-21 15:43:00,260,260,260,260,0
2022-10-21 15:44:00,260,260,260,260,0
2022-10-21 15:45:00,260,260,260,260,0
2022-10-21 15:46:00,260,260,260,260,0
2022-10-21 15:47:00,260,260,260,260,0
2022-10-21 15:48:00,260,260,260,260,0
2022-10-21 15:49:00,260,260,260,260,0
2022-10-21 15:50:00,260,260,260,260,0
2022-10-21 15:51:00,260,260,260,260,0
2022-10-21 15:52:00,260,260,260,260,0
2022-10-21 15:53:00,260,260,260,260,0
2022-10-21 15:54:00,260,260,260,260,0
2022-10-21 15:55:00,260,260,260,260,0
2022-10-21 15:56:00,260,260,260,260,0
2022-10-21 15:57:00,260,260,260,260,0
2022-10-21 15:58:00,260,260,260,260,0
2022-10-21 15:59:00,260,260,260,260,0
2022-10-24 09:00:00,270,270,270,270,0
2022-10-24 09:01:00,270,270,270,270,0
2022-10-24 09:02:00,270,270,270,270,0
2022-10-24 09:03:00,270,270,270,270,0
2022-10-24 09:04:00,270,270,270,270,0
2022-10-24 09:05:00,270,270,270,270,0
2022-10-24 09:06:00,270,270,270,270,0
2022-10-24 09:07:00,270,270,270,270,0
2022-10-24 09:08:00,270,270,270,270,0
2022-10-24 09:09:00,270,270,270,270,0
2022-10-24 09:10:00,270,270,270,270,0
2022-10-24 09:11:00,270,270,270,270,0
2022-10-24 09:12:00,270,270,270,270,0
2022-10-24 09:13:00,270,270,270,270,0
2022-10-24 09:14:00,270,270,270,270,0
2022-10-24 09:15:00,270,270,270,270,0
2022-10-24 09:16:00,270,270,270,270,0
2022-10-24 09:17:00,270,270,270,270,0
2022-10-24 09:18:00,270,270,270,270,0
2022-10-24 09:19:00,270,270,270,270,0
2022-10-24 09:20:00,270,270,270,270,0
2022-10-24 09:21:00,270,270,270,270,0
2022-10-24 09:22:00,270,270,270,270,0
2022-10-24 09:23:00,270,270,270,270,0
2022-10-24 09:24:00,270,270,270,270,0
2022-10-24 09:25:00,270,270,270,270,0
2022-10-24 09:26:00,270,270,270,270,0
2022-10-24 09:27:00,270,270,270,270,0
2022-10-24 09:28:00,266,266,266,266,200
2022-10-24 09:29:00,266,266,266,266,100
2022-10-24 09:30:00,266,266,266,266,300
2022-10-24 09:31:00,266,266,266,266,0
2022-10-24 09:32:00,254,252,254,252,2100
2022-10-24 09:33:00,254,252,254,252,0
2022-10-24 09:34:00,254,252,254,252,0
2022-10-24 09:35:00,254,252,254,252,0
2022-10-24 09:36:00,254,252,254,252,0
2022-10-24 09:37:00,254,252,254,252,0
2022-10-24 09:38:00,262,262,262,262,600
2022-10-24 09:39:00,262,262,262,262,0
2022-10-24 09:40:00,262,262,262,262,4700
2022-10-24 09:41:00,262,262,262,262,14800
2022-10-24 09:42:00,262,262,262,262,0
2022-10-24 09:43:00,262,262,262,262,0
2022-10-24 09:44:00,262,262,262,262,0
2022-10-24 09:45:00,262,262,262,262,0
2022-10-24 09:46:00,262,262,262,262,0
2022-10-24 09:47:00,262,262,262,262,0
2022-10-24 09:48:00,262,262,262,262,0
2022-10-24 09:49:00,262,262,262,262,0
2022-10-24 09:50:00,262,262,262,262,0
2022-10-24 09:51:00,262,262,262,262,0
2022-10-24 09:52:00,262,262,262,262,0
2022-10-24 09:53:00,262,262,262,262,0
2022-10-24 09:54:00,262,262,262,262,0
2022-10-24 09:55:00,262,262,262,262,0
2022-10-24 09:56:00,262,262,262,262,0
2022-10-24 09:57:00,262,262,262,262,0
2022-10-24 09:58:00,262,262,262,262,0
2022-10-24 09:59:00,262,262,262,262,0
2022-10-24 10:00:00,262,262,262,262,0
2022-10-24 10:01:00,262,262,262,262,0
2022-10-24 10:02:00,262,262,262,262,0
2022-10-24 10:03:00,262,262,262,262,0
2022-10-24 10:04:00,262,262,262,262,0
2022-10-24 10:05:00,262,262,262,262,0
2022-10-24 10:06:00,262,262,262,262,0
2022-10-24 10:07:00,262,262,262,262,0
2022-10-24 10:08:00,262,262,262,262,0
2022-10-24 10:09:00,262,262,262,262,0
2022-10-24 10:10:00,262,262,262,262,0
2022-10-24 10:11:00,262,262,262,262,0
2022-10-24 10:12:00,262,262,262,262,0
2022-10-24 10:13:00,262,262,262,262,0
2022-10-24 10:14:00,262,262,262,262,0
2022-10-24 10:15:00,262,262,262,262,0
2022-10-24 10:16:00,262,262,262,262,0
2022-10-24 10:17:00,262,262,262,262,0
2022-10-24 10:18:00,262,262,262,262,0
2022-10-24 10:19:00,262,262,262,262,0
2022-10-24 10:20:00,262,262,262,262,0
2022-10-24 10:21:00,262,262,262,262,0
2022-10-24 10:22:00,262,262,262,262,0
2022-10-24 10:23:00,262,262,262,262,0
2022-10-24 10:24:00,262,262,262,262,0
2022-10-24 10:25:00,262,262,262,262,0
2022-10-24 10:26:00,264,264,264,264,100
2022-10-24 10:27:00,264,264,264,264,0
2022-10-24 10:28:00,264,264,264,264,0
2022-10-24 10:29:00,264,264,264,264,0
2022-10-24 10:30:00,264,264,264,264,0
2022-10-24 10:31:00,264,264,264,264,0
2022-10-24 10:32:00,264,264,264,264,0
2022-10-24 10:33:00,264,264,264,264,0
2022-10-24 10:34:00,264,264,264,264,0
2022-10-24 10:35:00,264,264,264,264,0
2022-10-24 10:36:00,264,264,264,264,0
2022-10-24 10:37:00,264,264,264,264,0
2022-10-24 10:38:00,264,264,264,264,0
2022-10-24 10:39:00,264,264,264,264,0
2022-10-24 10:40:00,264,264,264,264,0
2022-10-24 10:41:00,264,264,264,264,0
2022-10-24 10:42:00,264,264,264,264,0
2022-10-24 10:43:00,264,264,264,264,0
2022-10-24 10:44:00,264,264,264,264,0
2022-10-24 10:45:00,264,264,264,264,0
2022-10-24 10:46:00,264,264,264,264,0
2022-10-24 10:47:00,264,264,264,264,0
2022-10-24 10:48:00,264,264,264,264,0
2022-10-24 10:49:00,264,264,264,264,0
2022-10-24 10:50:00,264,264,264,264,0
2022-10-24 10:51:00,264,264,264,264,0
2022-10-24 10:52:00,264,264,264,264,0
2022-10-24 10:53:00,264,264,264,264,0
2022-10-24 10:54:00,264,264,264,264,0
2022-10-24 10:55:00,264,264,264,264,0
2022-10-24 10:56:00,264,264,264,264,0
2022-10-24 10:57:00,264,264,264,264,0
2022-10-24 10:58:00,264,264,264,264,0
2022-10-24 10:59:00,264,264,264,264,0
2022-10-24 11:00:00,264,264,264,264,0
2022-10-24 11:01:00,264,264,264,264,0
2022-10-24 11:02:00,264,264,264,264,0
2022-10-24 11:03:00,264,264,264,264,0
2022-10-24 11:04:00,264,264,264,264,0
2022-10-24 11:05:00,264,264,264,264,0
2022-10-24 11:06:00,264,264,264,264,0
2022-10-24 11:07:00,264,264,264,264,0
2022-10-24 11:08:00,264,264,264,264,0
2022-10-24 11:09:00,264,264,264,264,0
2022-10-24 11:10:00,264,264,264,264,0
2022-10-24 11:11:00,264,264,264,264,0
2022-10-24 11:12:00,264,264,264,264,0
2022-10-24 11:13:00,264,264,264,264,0
2022-10-24 11:14:00,264,264,264,264,0
2022-10-24 11:15:00,264,264,264,264,0
2022-10-24 11:16:00,264,264,264,264,0
2022-10-24 11:17:00,264,264,264,264,0
2022-10-24 11:18:00,264,264,264,264,0
2022-10-24 11:19:00,264,264,264,264,0
2022-10-24 11:20:00,264,264,264,264,0
2022-10-24 11:21:00,264,264,264,264,0
2022-10-24 11:22:00,264,264,264,264,0
2022-10-24 11:23:00,264,264,264,264,0
2022-10-24 11:24:00,264,264,264,264,0
2022-10-24 11:25:00,264,264,264,264,0
2022-10-24 11:26:00,264,264,264,264,0
2022-10-24 11:27:00,264,264,264,264,0
2022-10-24 11:28:00,264,264,264,264,0
2022-10-24 11:29:00,264,264,264,264,0
2022-10-24 11:30:00,264,264,264,264,0
2022-10-24 11:31:00,264,264,264,264,0
2022-10-24 11:32:00,264,264,264,264,0
2022-10-24 11:33:00,264,264,264,264,0
2022-10-24 11:34:00,264,264,264,264,0
2022-10-24 11:35:00,264,264,264,264,0
2022-10-24 11:36:00,264,264,264,264,0
2022-10-24 11:37:00,264,264,264,264,0
2022-10-24 11:38:00,264,264,264,264,0
2022-10-24 11:39:00,264,264,264,264,0
2022-10-24 11:40:00,264,264,264,264,0
2022-10-24 11:41:00,264,264,264,264,0
2022-10-24 11:42:00,264,264,264,264,0
2022-10-24 11:43:00,264,264,264,264,0
2022-10-24 11:44:00,264,264,264,264,0
2022-10-24 11:45:00,264,264,264,264,0
2022-10-24 11:46:00,264,264,264,264,0
2022-10-24 11:47:00,264,264,264,264,0
2022-10-24 11:48:00,264,264,264,264,0
2022-10-24 11:49:00,264,264,264,264,0
2022-10-24 11:50:00,264,264,264,264,0
2022-10-24 11:51:00,264,264,264,264,0
2022-10-24 11:52:00,264,264,264,264,0
2022-10-24 11:53:00,264,264,264,264,0
2022-10-24 11:54:00,264,264,264,264,0
2022-10-24 11:55:00,264,264,264,264,0
2022-10-24 11:56:00,264,264,264,264,0
2022-10-24 11:57:00,264,264,264,264,0
2022-10-24 11:58:00,264,264,264,264,0
2022-10-24 11:59:00,264,264,264,264,0
2022-10-24 12:00:00,264,264,264,264,0
2022-10-24 12:01:00,264,264,264,264,0
2022-10-24 12:02:00,264,264,264,264,0
2022-10-24 12:03:00,264,264,264,264,0
2022-10-24 12:04:00,264,264,264,264,0
2022-10-24 12:05:00,264,264,264,264,0
2022-10-24 12:06:00,264,264,264,264,0
2022-10-24 12:07:00,264,264,264,264,0
2022-10-24 12:08:00,264,264,264,264,0
2022-10-24 12:09:00,264,264,264,264,0
2022-10-24 12:10:00,264,264,264,264,0
2022-10-24 12:11:00,264,264,264,264,0
2022-10-24 12:12:00,264,264,264,264,0
2022-10-24 12:13:00,264,264,264,264,0
2022-10-24 12:14:00,264,264,264,264,0
2022-10-24 12:15:00,264,264,264,264,0
2022-10-24 12:16:00,264,264,264,264,0
2022-10-24 12:17:00,264,264,264,264,0
2022-10-24 12:18:00,264,264,264,264,0
2022-10-24 12:19:00,264,264,264,264,0
2022-10-24 12:20:00,264,264,264,264,0
2022-10-24 12:21:00,264,264,264,264,0
2022-10-24 12:22:00,264,264,264,264,0
2022-10-24 12:23:00,264,264,264,264,0
2022-10-24 12:24:00,264,264,264,264,0
2022-10-24 12:25:00,264,264,264,264,0
2022-10-24 12:26:00,264,264,264,264,0
2022-10-24 12:27:00,264,264,264,264,0
2022-10-24 12:28:00,264,264,264,264,0
2022-10-24 12:29:00,264,264,264,264,0
2022-10-24 12:30:00,264,264,264,264,0
2022-10-24 12:31:00,264,264,264,264,0
2022-10-24 12:32:00,264,264,264,264,0
2022-10-24 12:33:00,264,264,264,264,0
2022-10-24 12:34:00,264,264,264,264,0
2022-10-24 12:35:00,264,264,264,264,0
2022-10-24 12:36:00,264,264,264,264,0
2022-10-24 12:37:00,264,264,264,264,0
2022-10-24 12:38:00,264,264,264,264,0
2022-10-24 12:39:00,264,264,264,264,0
2022-10-24 12:40:00,264,264,264,264,0
2022-10-24 12:41:00,264,264,264,264,0
2022-10-24 12:42:00,264,264,264,264,0
2022-10-24 12:43:00,264,264,264,264,0
2022-10-24 12:44:00,264,264,264,264,0
2022-10-24 12:45:00,264,264,264,264,0
2022-10-24 12:46:00,264,264,264,264,0
2022-10-24 12:47:00,264,264,264,264,0
2022-10-24 12:48:00,264,264,264,264,0
2022-10-24 12:49:00,264,264,264,264,0
2022-10-24 12:50:00,264,264,264,264,0
2022-10-24 12:51:00,264,264,264,264,0
2022-10-24 12:52:00,264,264,264,264,0
2022-10-24 12:53:00,264,264,264,264,0
2022-10-24 12:54:00,264,264,264,264,0
2022-10-24 12:55:00,264,264,264,264,0
2022-10-24 12:56:00,264,264,264,264,0
2022-10-24 12:57:00,264,264,264,264,0
2022-10-24 12:58:00,264,264,264,264,0
2022-10-24 12:59:00,264,264,264,264,0
2022-10-24 13:00:00,264,264,264,264,0
2022-10-24 13:01:00,264,264,264,264,0
2022-10-24 13:02:00,264,264,264,264,0
2022-10-24 13:03:00,264,264,264,264,0
2022-10-24 13:04:00,264,264,264,264,0
2022-10-24 13:05:00,264,264,264,264,0
2022-10-24 13:06:00,264,264,264,264,0
2022-10-24 13:07:00,264,264,264,264,0
2022-10-24 13:08:00,264,264,264,264,0
2022-10-24 13:09:00,264,264,264,264,0
2022-10-24 13:10:00,264,264,264,264,0
2022-10-24 13:11:00,264,264,264,264,0
2022-10-24 13:12:00,264,264,264,264,0
2022-10-24 13:13:00,264,264,264,264,0
2022-10-24 13:14:00,264,264,264,264,0
2022-10-24 13:15:00,264,264,264,264,0
2022-10-24 13:16:00,264,264,264,264,0
2022-10-24 13:17:00,264,264,264,264,0
2022-10-24 13:18:00,264,264,264,264,0
2022-10-24 13:19:00,264,264,264,264,0
2022-10-24 13:20:00,264,264,264,264,0
2022-10-24 13:21:00,264,264,264,264,0
2022-10-24 13:22:00,264,264,264,264,0
2022-10-24 13:23:00,264,264,264,264,0
2022-10-24 13:24:00,264,264,264,264,0
2022-10-24 13:25:00,264,264,264,264,0
2022-10-24 13:26:00,264,264,264,264,0
2022-10-24 13:27:00,264,264,264,264,0
2022-10-24 13:28:00,264,264,264,264,0
2022-10-24 13:29:00,264,264,264,264,0
2022-10-24 13:30:00,264,264,264,264,0
2022-10-24 13:31:00,264,264,264,264,0
2022-10-24 13:32:00,264,264,264,264,0
2022-10-24 13:33:00,264,264,264,264,0
2022-10-24 13:34:00,264,264,264,264,0
2022-10-24 13:35:00,264,264,264,264,0
2022-10-24 13:36:00,264,264,264,264,0
2022-10-24 13:37:00,264,264,264,264,0
2022-10-24 13:38:00,256,256,256,256,400
2022-10-24 13:39:00,256,256,256,256,0
2022-10-24 13:40:00,256,256,256,256,8300
2022-10-24 13:41:00,256,256,256,256,0
2022-10-24 13:42:00,256,256,256,256,0
2022-10-24 13:43:00,256,256,256,256,0
2022-10-24 13:44:00,256,256,256,256,0
2022-10-24 13:45:00,256,256,256,256,0
2022-10-24 13:46:00,256,256,256,256,0
2022-10-24 13:47:00,256,256,256,256,0
2022-10-24 13:48:00,256,256,256,256,0
2022-10-24 13:49:00,256,256,256,256,0
2022-10-24 13:50:00,256,256,256,256,0
2022-10-24 13:51:00,256,256,256,256,0
2022-10-24 13:52:00,256,256,256,256,10600
2022-10-24 13:53:00,256,256,256,256,0
2022-10-24 13:54:00,256,256,256,256,0
2022-10-24 13:55:00,256,256,256,256,0
2022-10-24 13:56:00,256,256,256,256,0
2022-10-24 13:57:00,256,256,256,256,0
2022-10-24 13:58:00,256,256,256,256,0
2022-10-24 13:59:00,256,256,256,256,0
2022-10-24 14:00:00,256,256,256,256,0
2022-10-24 14:01:00,256,256,256,256,0
2022-10-24 14:02:00,256,256,256,256,0
2022-10-24 14:03:00,256,256,256,256,0
2022-10-24 14:04:00,256,256,256,256,0
2022-10-24 14:05:00,254,254,254,254,10600
2022-10-24 14:06:00,254,254,254,254,0
2022-10-24 14:07:00,252,252,260,260,53700
2022-10-24 14:08:00,252,252,260,260,0
2022-10-24 14:09:00,252,252,260,260,0
2022-10-24 14:10:00,252,252,260,260,0
2022-10-24 14:11:00,252,252,260,260,0
2022-10-24 14:12:00,252,252,260,260,0
2022-10-24 14:13:00,252,252,260,260,0
2022-10-24 14:14:00,252,252,260,260,0
2022-10-24 14:15:00,252,252,260,260,0
2022-10-24 14:16:00,252,252,260,260,0
2022-10-24 14:17:00,252,252,260,260,0
2022-10-24 14:18:00,252,252,260,260,0
2022-10-24 14:19:00,252,252,260,260,0
2022-10-24 14:20:00,252,252,260,260,0
2022-10-24 14:21:00,252,252,260,260,0
2022-10-24 14:22:00,252,252,260,260,0
2022-10-24 14:23:00,252,252,260,260,0
2022-10-24 14:24:00,252,252,260,260,0
2022-10-24 14:25:00,252,252,260,260,0
2022-10-24 14:26:00,252,252,260,260,0
2022-10-24 14:27:00,252,252,260,260,0
2022-10-24 14:28:00,252,252,260,260,0
2022-10-24 14:29:00,252,252,260,260,0
2022-10-24 14:30:00,252,252,260,260,0
2022-10-24 14:31:00,252,252,260,260,0
2022-10-24 14:32:00,252,252,260,260,0
2022-10-24 14:33:00,252,252,260,260,0
2022-10-24 14:34:00,252,252,260,260,0
2022-10-24 14:35:00,252,252,260,260,0
2022-10-24 14:36:00,252,252,260,260,0
2022-10-24 14:37:00,252,252,260,260,0
2022-10-24 14:38:00,252,252,260,260,0
2022-10-24 14:39:00,252,252,260,260,0
2022-10-24 14:40:00,252,252,260,260,0
2022-10-24 14:41:00,252,252,260,260,0
2022-10-24 14:42:00,252,252,260,260,0
2022-10-24 14:43:00,252,252,260,260,0
2022-10-24 14:44:00,252,252,260,260,0
2022-10-24 14:45:00,252,252,260,260,0
2022-10-24 14:46:00,252,252,260,260,0
2022-10-24 14:47:00,252,252,260,260,0
2022-10-24 14:48:00,252,252,260,260,0
2022-10-24 14:49:00,252,252,260,260,0
2022-10-24 14:50:00,252,252,260,260,0
2022-10-24 14:51:00,252,252,260,260,0
2022-10-24 14:52:00,252,252,260,260,0
2022-10-24 14:53:00,252,252,260,260,0
2022-10-24 14:54:00,252,252,260,260,0
2022-10-24 14:55:00,252,252,260,260,0
2022-10-24 14:56:00,252,252,260,260,0
2022-10-24 14:57:00,252,252,260,260,0
2022-10-24 14:58:00,252,252,260,260,0
2022-10-24 14:59:00,252,252,260,260,0
2022-10-24 15:00:00,252,252,260,260,0
2022-10-24 15:01:00,252,252,260,260,0
2022-10-24 15:02:00,252,252,260,260,0
2022-10-24 15:03:00,252,252,260,260,0
2022-10-24 15:04:00,252,252,260,260,0
2022-10-24 15:05:00,252,252,260,260,0
2022-10-24 15:06:00,252,252,260,260,0
2022-10-24 15:07:00,252,252,260,260,0
2022-10-24 15:08:00,252,252,260,260,0
2022-10-24 15:09:00,252,252,260,260,0
2022-10-24 15:10:00,252,252,260,260,0
2022-10-24 15:11:00,252,252,260,260,0
2022-10-24 15:12:00,252,252,260,260,0
2022-10-24 15:13:00,252,252,260,260,0
2022-10-24 15:14:00,252,252,260,260,0
2022-10-24 15:15:00,252,252,260,260,0
2022-10-24 15:16:00,252,252,260,260,0
2022-10-24 15:17:00,252,252,260,260,0
2022-10-24 15:18:00,252,252,260,260,0
2022-10-24 15:19:00,252,252,260,260,0
2022-10-24 15:20:00,252,252,260,260,0
2022-10-24 15:21:00,252,252,260,260,0
2022-10-24 15:22:00,252,252,260,260,0
2022-10-24 15:23:00,252,252,260,260,0
2022-10-24 15:24:00,252,252,260,260,0
2022-10-24 15:25:00,252,252,260,260,0
2022-10-24 15:26:00,252,252,260,260,0
2022-10-24 15:27:00,252,252,260,260,0
2022-10-24 15:28:00,252,252,260,260,0
2022-10-24 15:29:00,252,252,260,260,0
2022-10-24 15:30:00,252,252,260,260,0
2022-10-24 15:31:00,252,252,260,260,0
2022-10-24 15:32:00,252,252,260,260,0
2022-10-24 15:33:00,252,252,260,260,0
2022-10-24 15:34:00,252,252,260,260,0
2022-10-24 15:35:00,252,252,260,260,0
2022-10-24 15:36:00,252,252,260,260,0
2022-10-24 15:37:00,252,252,260,260,0
2022-10-24 15:38:00,252,252,260,260,0
2022-10-24 15:39:00,252,252,260,260,0
2022-10-24 15:40:00,252,252,260,260,0
2022-10-24 15:41:00,252,252,260,260,0
2022-10-24 15:42:00,252,252,260,260,0
2022-10-24 15:43:00,252,252,260,260,0
2022-10-24 15:44:00,252,252,260,260,0
2022-10-24 15:45:00,252,252,260,260,0
2022-10-24 15:46:00,252,252,260,260,0
2022-10-24 15:47:00,252,252,260,260,0
2022-10-24 15:48:00,252,252,260,260,0
2022-10-24 15:49:00,252,252,260,260,0
2022-10-24 15:50:00,252,252,260,260,0
2022-10-24 15:51:00,252,252,260,260,0
2022-10-24 15:52:00,252,252,260,260,0
2022-10-24 15:53:00,252,252,260,260,0
2022-10-24 15:54:00,252,252,260,260,0
2022-10-24 15:55:00,252,252,260,260,0
2022-10-24 15:56:00,252,252,260,260,0
2022-10-24 15:57:00,252,252,260,260,0
2022-10-24 15:58:00,252,252,260,260,0
2022-10-24 15:59:00,252,252,260,260,0
2022-10-25 09:00:00,252,252,260,260,0
2022-10-25 09:01:00,268,268,268,268,0
2022-10-25 09:02:00,268,268,268,268,0
2022-10-25 09:03:00,262,262,262,262,600
2022-10-25 09:04:00,262,262,262,262,0
2022-10-25 09:05:00,262,262,262,262,0
2022-10-25 09:06:00,262,262,262,262,0
2022-10-25 09:07:00,262,262,262,262,0
2022-10-25 09:08:00,262,262,262,262,0
2022-10-25 09:09:00,262,262,262,262,0
2022-10-25 09:10:00,262,262,262,262,0
2022-10-25 09:11:00,262,262,262,262,0
2022-10-25 09:12:00,262,262,262,262,0
2022-10-25 09:13:00,262,262,262,262,0
2022-10-25 09:14:00,262,262,262,262,0
2022-10-25 09:15:00,262,262,262,262,0
2022-10-25 09:16:00,262,262,262,262,0
2022-10-25 09:17:00,262,262,262,262,0
2022-10-25 09:18:00,262,262,262,262,0
2022-10-25 09:19:00,262,262,262,262,0
2022-10-25 09:20:00,262,262,262,262,0
2022-10-25 09:21:00,262,262,262,262,0
2022-10-25 09:22:00,262,262,262,262,0
2022-10-25 09:23:00,262,262,262,262,0
2022-10-25 09:24:00,262,262,262,262,0
2022-10-25 09:25:00,262,262,262,262,0
2022-10-25 09:26:00,262,262,262,262,0
2022-10-25 09:27:00,262,262,262,262,0
2022-10-25 09:28:00,262,262,262,262,0
2022-10-25 09:29:00,262,262,262,262,0
2022-10-25 09:30:00,262,262,262,262,0
2022-10-25 09:31:00,262,262,262,262,0
2022-10-25 09:32:00,262,262,262,262,0
2022-10-25 09:33:00,262,262,262,262,0
2022-10-25 09:34:00,260,260,260,260,400
2022-10-25 09:35:00,260,260,260,260,0
2022-10-25 09:36:00,260,260,260,260,0
2022-10-25 09:37:00,260,260,260,260,0
2022-10-25 09:38:00,260,260,260,260,0
2022-10-25 09:39:00,260,260,260,260,0
2022-10-25 09:40:00,260,260,260,260,0
2022-10-25 09:41:00,260,260,260,260,0
2022-10-25 09:42:00,260,260,260,260,0
2022-10-25 09:43:00,260,260,260,260,700
2022-10-25 09:44:00,260,260,260,260,0
2022-10-25 09:45:00,260,260,260,260,0
2022-10-25 09:46:00,260,260,260,260,0
2022-10-25 09:47:00,260,260,260,260,0
2022-10-25 09:48:00,260,260,260,260,0
2022-10-25 09:49:00,260,260,260,260,0
2022-10-25 09:50:00,260,260,260,260,0
2022-10-25 09:51:00,260,260,260,260,0
2022-10-25 09:52:00,260,260,260,260,0
2022-10-25 09:53:00,260,260,260,260,0
2022-10-25 09:54:00,260,260,260,260,0
2022-10-25 09:55:00,260,260,260,260,0
2022-10-25 09:56:00,260,260,260,260,0
2022-10-25 09:57:00,260,260,260,260,0
2022-10-25 09:58:00,260,260,260,260,0
2022-10-25 09:59:00,260,260,260,260,0
2022-10-25 10:00:00,260,260,260,260,0
2022-10-25 10:01:00,260,260,260,260,0
2022-10-25 10:02:00,260,260,260,260,0
2022-10-25 10:03:00,260,260,260,260,0
2022-10-25 10:04:00,260,260,260,260,0
2022-10-25 10:05:00,260,260,260,260,0
2022-10-25 10:06:00,260,260,260,260,0
2022-10-25 10:07:00,260,260,260,260,0
2022-10-25 10:08:00,260,260,260,260,0
2022-10-25 10:09:00,260,260,260,260,0
2022-10-25 10:10:00,260,260,260,260,0
2022-10-25 10:11:00,260,260,260,260,0
2022-10-25 10:12:00,260,260,260,260,0
2022-10-25 10:13:00,260,260,260,260,0
2022-10-25 10:14:00,260,260,260,260,0
2022-10-25 10:15:00,260,260,260,260,0
2022-10-25 10:16:00,260,260,260,260,0
2022-10-25 10:17:00,260,260,260,260,0
2022-10-25 10:18:00,260,260,260,260,0
2022-10-25 10:19:00,260,260,260,260,0
2022-10-25 10:20:00,260,260,260,260,0
2022-10-25 10:21:00,260,260,260,260,0
2022-10-25 10:22:00,260,260,260,260,0
2022-10-25 10:23:00,260,260,260,260,0
2022-10-25 10:24:00,260,260,260,260,0
2022-10-25 10:25:00,260,260,260,260,0
2022-10-25 10:26:00,260,260,260,260,0
2022-10-25 10:27:00,260,260,260,260,0
2022-10-25 10:28:00,260,260,260,260,0
2022-10-25 10:29:00,260,260,260,260,0
2022-10-25 10:30:00,260,260,260,260,0
2022-10-25 10:31:00,260,260,260,260,0
2022-10-25 10:32:00,260,260,260,260,0
2022-10-25 10:33:00,260,260,260,260,0
2022-10-25 10:34:00,260,260,260,260,0
2022-10-25 10:35:00,260,260,260,260,0
2022-10-25 10:36:00,260,260,260,260,0
2022-10-25 10:37:00,260,260,260,260,0
2022-10-25 10:38:00,260,260,260,260,0
2022-10-25 10:39:00,260,260,260,260,0
2022-10-25 10:40:00,260,260,260,260,0
2022-10-25 10:41:00,260,260,260,260,300
2022-10-25 10:42:00,260,260,260,260,0
2022-10-25 10:43:00,260,260,260,260,0
2022-10-25 10:44:00,260,260,260,260,0
2022-10-25 10:45:00,260,260,260,260,0
2022-10-25 10:46:00,260,260,260,260,0
2022-10-25 10:47:00,260,260,260,260,0
2022-10-25 10:48:00,260,260,260,260,0
2022-10-25 10:49:00,260,260,260,260,0
2022-10-25 10:50:00,260,260,260,260,0
2022-10-25 10:51:00,260,260,260,260,0
2022-10-25 10:52:00,260,260,260,260,0
2022-10-25 10:53:00,260,260,260,260,0
2022-10-25 10:54:00,260,260,260,260,0
2022-10-25 10:55:00,260,260,260,260,0
2022-10-25 10:56:00,260,260,260,260,0
2022-10-25 10:57:00,260,260,260,260,0
2022-10-25 10:58:00,260,260,260,260,0
2022-10-25 10:59:00,260,260,260,260,0
2022-10-25 11:00:00,260,260,260,260,200
2022-10-25 11:01:00,260,260,260,260,0
2022-10-25 11:02:00,260,260,260,260,0
2022-10-25 11:03:00,260,260,260,260,0
2022-10-25 11:04:00,260,260,260,260,0
2022-10-25 11:05:00,260,260,260,260,0
2022-10-25 11:06:00,260,260,260,260,0
2022-10-25 11:07:00,260,260,260,260,0
2022-10-25 11:08:00,260,260,260,260,0
2022-10-25 11:09:00,260,260,260,260,0
2022-10-25 11:10:00,260,260,260,260,0
2022-10-25 11:11:00,260,260,260,260,0
2022-10-25 11:12:00,260,260,260,260,0
2022-10-25 11:13:00,260,260,260,260,0
2022-10-25 11:14:00,260,260,260,260,0
2022-10-25 11:15:00,260,260,260,260,0
2022-10-25 11:16:00,260,260,260,260,0
2022-10-25 11:17:00,260,260,260,260,0
2022-10-25 11:18:00,260,260,260,260,0
2022-10-25 11:19:00,260,260,260,260,0
2022-10-25 11:20:00,260,260,260,260,0
2022-10-25 11:21:00,260,260,260,260,0
2022-10-25 11:22:00,260,260,260,260,0
2022-10-25 11:23:00,260,260,260,260,0
2022-10-25 11:24:00,260,260,260,260,0
2022-10-25 11:25:00,260,260,260,260,0
2022-10-25 11:26:00,260,260,260,260,0
2022-10-25 11:27:00,256,256,256,256,2000
2022-10-25 11:28:00,256,256,256,256,0
2022-10-25 11:29:00,256,256,256,256,0
2022-10-25 11:30:00,256,256,256,256,0
2022-10-25 11:31:00,256,256,256,256,0
2022-10-25 11:32:00,256,256,256,256,0
2022-10-25 11:33:00,256,256,256,256,0
2022-10-25 11:34:00,256,256,256,256,0
2022-10-25 11:35:00,256,256,256,256,0
2022-10-25 11:36:00,256,256,256,256,0
2022-10-25 11:37:00,256,256,256,256,0
2022-10-25 11:38:00,256,256,256,256,0
2022-10-25 11:39:00,256,256,256,256,0
2022-10-25 11:40:00,256,256,256,256,0
2022-10-25 11:41:00,256,256,256,256,0
2022-10-25 11:42:00,256,256,256,256,0
2022-10-25 11:43:00,256,256,256,256,0
2022-10-25 11:44:00,256,256,256,256,0
2022-10-25 11:45:00,256,256,256,256,0
2022-10-25 11:46:00,256,256,256,256,0
2022-10-25 11:47:00,256,256,256,256,0
2022-10-25 11:48:00,256,256,256,256,0
2022-10-25 11:49:00,256,256,256,256,0
2022-10-25 11:50:00,256,256,256,256,0
2022-10-25 11:51:00,256,256,256,256,0
2022-10-25 11:52:00,256,256,256,256,0
2022-10-25 11:53:00,256,256,256,256,0
2022-10-25 11:54:00,256,256,256,256,0
2022-10-25 11:55:00,256,256,256,256,0
2022-10-25 11:56:00,256,256,256,256,0
2022-10-25 11:57:00,256,256,256,256,0
2022-10-25 11:58:00,256,256,256,256,0
2022-10-25 11:59:00,256,256,256,256,0
2022-10-25 12:00:00,256,256,256,256,0
2022-10-25 12:01:00,256,256,256,256,0
2022-10-25 12:02:00,256,256,256,256,0
2022-10-25 12:03:00,256,256,256,256,0
2022-10-25 12:04:00,256,256,256,256,0
2022-10-25 12:05:00,256,256,256,256,0
2022-10-25 12:06:00,256,256,256,256,0
2022-10-25 12:07:00,256,256,256,256,0
2022-10-25 12:08:00,256,256,256,256,0
2022-10-25 12:09:00,256,256,256,256,0
2022-10-25 12:10:00,256,256,256,256,0
2022-10-25 12:11:00,256,256,256,256,0
2022-10-25 12:12:00,256,256,256,256,0
2022-10-25 12:13:00,256,256,256,256,0
2022-10-25 12:14:00,256,256,256,256,0
2022-10-25 12:15:00,256,256,256,256,0
2022-10-25 12:16:00,256,256,256,256,0
2022-10-25 12:17:00,256,256,256,256,0
2022-10-25 12:18:00,256,256,256,256,0
2022-10-25 12:19:00,256,256,256,256,0
2022-10-25 12:20:00,256,256,256,256,0
2022-10-25 12:21:00,256,256,256,256,0
2022-10-25 12:22:00,256,256,256,256,0
2022-10-25 12:23:00,256,256,256,256,0
2022-10-25 12:24:00,256,256,256,256,0
2022-10-25 12:25:00,256,256,256,256,0
2022-10-25 12:26:00,256,256,256,256,0
2022-10-25 12:27:00,256,256,256,256,0
2022-10-25 12:28:00,256,256,256,256,0
2022-10-25 12:29:00,256,256,256,256,0
2022-10-25 12:30:00,256,256,256,256,0
2022-10-25 12:31:00,256,256,256,256,0
2022-10-25 12:32:00,256,256,256,256,0
2022-10-25 12:33:00,256,256,256,256,0
2022-10-25 12:34:00,256,256,256,256,0
2022-10-25 12:35:00,256,256,256,256,0
2022-10-25 12:36:00,256,256,256,256,0
2022-10-25 12:37:00,256,256,256,256,0
2022-10-25 12:38:00,256,256,256,256,0
2022-10-25 12:39:00,256,256,256,256,0
2022-10-25 12:40:00,256,256,256,256,0
2022-10-25 12:41:00,256,256,256,256,0
2022-10-25 12:42:00,256,256,256,256,0
2022-10-25 12:43:00,256,256,256,256,0
2022-10-25 12:44:00,256,256,256,256,0
2022-10-25 12:45:00,256,256,256,256,0
2022-10-25 12:46:00,256,256,256,256,0
2022-10-25 12:47:00,256,256,256,256,0
2022-10-25 12:48:00,256,256,256,256,0
2022-10-25 12:49:00,256,256,256,256,0
2022-10-25 12:50:00,256,256,256,256,0
2022-10-25 12:51:00,256,256,256,256,0
2022-10-25 12:52:00,256,256,256,256,0
2022-10-25 12:53:00,256,256,256,256,0
2022-10-25 12:54:00,256,256,256,256,0
2022-10-25 12:55:00,256,256,256,256,0
2022-10-25 12:56:00,256,256,256,256,0
2022-10-25 12:57:00,256,256,256,256,0
2022-10-25 12:58:00,256,256,256,256,0
2022-10-25 12:59:00,256,256,256,256,0
2022-10-25 13:00:00,256,256,256,256,0
2022-10-25 13:01:00,256,256,256,256,0
2022-10-25 13:02:00,256,256,256,256,0
2022-10-25 13:03:00,256,256,256,256,0
2022-10-25 13:04:00,256,256,256,256,0
2022-10-25 13:05:00,256,256,256,256,0
2022-10-25 13:06:00,256,256,256,256,0
2022-10-25 13:07:00,256,256,256,256,0
2022-10-25 13:08:00,256,256,256,256,0
2022-10-25 13:09:00,256,256,256,256,0
2022-10-25 13:10:00,256,256,256,256,0
2022-10-25 13:11:00,256,256,256,256,0
2022-10-25 13:12:00,256,256,256,256,0
2022-10-25 13:13:00,256,256,256,256,0
2022-10-25 13:14:00,256,256,256,256,0
2022-10-25 13:15:00,256,256,256,256,0
2022-10-25 13:16:00,256,256,256,256,0
2022-10-25 13:17:00,256,256,256,256,0
2022-10-25 13:18:00,256,256,256,256,0
2022-10-25 13:19:00,256,256,256,256,0
2022-10-25 13:20:00,256,256,256,256,0
2022-10-25 13:21:00,256,256,256,256,0
2022-10-25 13:22:00,256,256,256,256,0
2022-10-25 13:23:00,256,256,256,256,0
2022-10-25 13:24:00,256,256,256,256,0
2022-10-25 13:25:00,256,256,256,256,0
2022-10-25 13:26:00,256,256,256,256,0
2022-10-25 13:27:00,256,256,256,256,0
2022-10-25 13:28:00,256,256,256,256,0
2022-10-25 13:29:00,256,256,256,256,0
2022-10-25 13:30:00,256,254,256,254,1400
2022-10-25 13:31:00,256,254,256,254,0
2022-10-25 13:32:00,256,254,256,254,0
2022-10-25 13:33:00,256,254,256,254,0
2022-10-25 13:34:00,256,254,256,254,0
2022-10-25 13:35:00,256,254,256,254,0
2022-10-25 13:36:00,256,254,256,254,0
2022-10-25 13:37:00,256,254,256,254,0
2022-10-25 13:38:00,256,256,256,256,900
2022-10-25 13:39:00,256,256,256,256,0
2022-10-25 13:40:00,256,256,256,256,0
2022-10-25 13:41:00,256,256,256,256,0
2022-10-25 13:42:00,256,256,256,256,0
2022-10-25 13:43:00,256,256,256,256,0
2022-10-25 13:44:00,260,260,260,260,1200
2022-10-25 13:45:00,260,260,260,260,0
2022-10-25 13:46:00,260,260,260,260,0
2022-10-25 13:47:00,260,260,260,260,0
2022-10-25 13:48:00,260,260,260,260,0
2022-10-25 13:49:00,260,260,260,260,0
2022-10-25 13:50:00,256,256,256,256,0
2022-10-25 13:51:00,254,254,254,254,1800
2022-10-25 13:52:00,254,254,254,254,0
2022-10-25 13:53:00,254,254,254,254,100
2022-10-25 13:54:00,254,254,254,254,0
2022-10-25 13:55:00,254,254,254,254,0
2022-10-25 13:56:00,254,254,254,254,0
2022-10-25 13:57:00,254,254,254,254,0
2022-10-25 13:58:00,254,254,254,254,0
2022-10-25 13:59:00,254,254,254,254,0
2022-10-25 14:00:00,254,254,254,254,0
2022-10-25 14:01:00,254,254,254,254,0
2022-10-25 14:02:00,254,254,254,254,0
2022-10-25 14:03:00,254,254,254,254,0
2022-10-25 14:04:00,254,254,254,254,0
2022-10-25 14:05:00,254,254,254,254,0
2022-10-25 14:06:00,254,254,254,254,0
2022-10-25 14:07:00,254,254,254,254,0
2022-10-25 14:08:00,254,254,254,254,0
2022-10-25 14:09:00,254,254,254,254,0
2022-10-25 14:10:00,254,254,254,254,0
2022-10-25 14:11:00,254,254,254,254,0
2022-10-25 14:12:00,254,254,254,254,0
2022-10-25 14:13:00,254,254,254,254,0
2022-10-25 14:14:00,254,254,254,254,0
2022-10-25 14:15:00,254,254,254,254,0
2022-10-25 14:16:00,254,254,254,254,0
2022-10-25 14:17:00,254,254,254,254,0
2022-10-25 14:18:00,254,254,254,254,0
2022-10-25 14:19:00,254,254,254,254,0
2022-10-25 14:20:00,254,254,254,254,0
2022-10-25 14:21:00,254,254,254,254,0
2022-10-25 14:22:00,254,254,254,254,0
2022-10-25 14:23:00,254,254,254,254,0
2022-10-25 14:24:00,256,256,256,256,2700
2022-10-25 14:25:00,256,256,256,256,0
2022-10-25 14:26:00,256,256,256,256,0
2022-10-25 14:27:00,256,256,256,256,0
2022-10-25 14:28:00,256,256,256,256,0
2022-10-25 14:29:00,256,256,256,256,0
2022-10-25 14:30:00,256,256,256,256,4300
2022-10-25 14:31:00,256,256,256,256,0
2022-10-25 14:32:00,256,256,256,256,0
2022-10-25 14:33:00,256,256,256,256,0
2022-10-25 14:34:00,256,256,256,256,1200
2022-10-25 14:35:00,256,256,256,256,0
2022-10-25 14:36:00,256,256,256,256,0
2022-10-25 14:37:00,256,256,256,256,0
2022-10-25 14:38:00,256,256,256,256,0
2022-10-25 14:39:00,256,256,256,256,0
2022-10-25 14:40:00,256,256,256,256,0
2022-10-25 14:41:00,256,256,256,256,0
2022-10-25 14:42:00,256,256,256,256,0
2022-10-25 14:43:00,256,256,256,256,0
2022-10-25 14:44:00,256,256,256,256,0
2022-10-25 14:45:00,256,256,256,256,0
2022-10-25 14:46:00,256,256,256,256,0
2022-10-25 14:47:00,256,256,256,256,0
2022-10-25 14:48:00,256,256,256,256,0
2022-10-25 14:49:00,256,256,256,256,0
2022-10-25 14:50:00,256,256,256,256,0
2022-10-25 14:51:00,256,256,256,256,0
2022-10-25 14:52:00,256,256,256,256,0
2022-10-25 14:53:00,256,256,256,256,0
2022-10-25 14:54:00,256,256,256,256,0
2022-10-25 14:55:00,256,256,256,256,0
2022-10-25 14:56:00,256,256,256,256,0
2022-10-25 14:57:00,256,256,256,256,0
2022-10-25 14:58:00,256,256,256,256,0
2022-10-25 14:59:00,256,256,256,256,0
2022-10-25 15:00:00,258,258,258,258,4700
2022-10-25 15:01:00,258,258,258,258,0
2022-10-25 15:02:00,258,258,258,258,0
2022-10-25 15:03:00,258,258,258,258,0
2022-10-25 15:04:00,258,258,258,258,0
2022-10-25 15:05:00,258,258,258,258,0
2022-10-25 15:06:00,258,258,258,258,0
2022-10-25 15:07:00,258,258,258,258,0
2022-10-25 15:08:00,258,258,258,258,0
2022-10-25 15:09:00,258,258,258,258,0
2022-10-25 15:10:00,258,258,258,258,0
2022-10-25 15:11:00,258,258,258,258,0
2022-10-25 15:12:00,258,258,258,258,0
2022-10-25 15:13:00,258,258,258,258,0
2022-10-25 15:14:00,258,258,258,258,3600
2022-10-25 15:15:00,258,258,258,258,0
2022-10-25 15:16:00,258,258,258,258,0
2022-10-25 15:17:00,258,258,258,258,0
2022-10-25 15:18:00,258,258,258,258,0
2022-10-25 15:19:00,258,258,258,258,0
2022-10-25 15:20:00,258,258,258,258,0
2022-10-25 15:21:00,258,258,258,258,0
2022-10-25 15:22:00,258,258,258,258,0
2022-10-25 15:23:00,258,258,258,258,0
2022-10-25 15:24:00,258,258,258,258,0
2022-10-25 15:25:00,258,258,258,258,0
2022-10-25 15:26:00,258,258,258,258,0
2022-10-25 15:27:00,258,258,258,258,0
2022-10-25 15:28:00,258,258,258,258,0
2022-10-25 15:29:00,258,258,258,258,0
2022-10-25 15:30:00,258,258,258,258,0
2022-10-25 15:31:00,258,258,258,258,0
2022-10-25 15:32:00,258,258,258,258,0
2022-10-25 15:33:00,258,258,258,258,0
2022-10-25 15:34:00,258,258,258,258,0
2022-10-25 15:35:00,258,258,258,258,0
2022-10-25 15:36:00,258,258,258,258,0
2022-10-25 15:37:00,258,258,258,258,0
2022-10-25 15:38:00,258,258,258,258,0
2022-10-25 15:39:00,258,258,258,258,0
2022-10-25 15:40:00,258,258,258,258,0
2022-10-25 15:41:00,258,258,258,258,0
2022-10-25 15:42:00,258,258,258,258,0
2022-10-25 15:43:00,258,258,258,258,0
2022-10-25 15:44:00,258,258,258,258,0
2022-10-25 15:45:00,258,258,258,258,0
2022-10-25 15:46:00,258,258,258,258,0
2022-10-25 15:47:00,258,258,258,258,0
2022-10-25 15:48:00,258,258,258,258,0
2022-10-25 15:49:00,258,258,258,258,0
2022-10-25 15:50:00,258,258,258,258,0
2022-10-25 15:51:00,258,258,258,258,0
2022-10-25 15:52:00,258,258,258,258,0
2022-10-25 15:53:00,258,258,258,258,0
2022-10-25 15:54:00,258,258,258,258,0
2022-10-25 15:55:00,258,258,258,258,0
2022-10-25 15:56:00,258,258,258,258,0
2022-10-25 15:57:00,258,258,258,258,0
2022-10-25 15:58:00,258,258,258,258,0
2022-10-25 15:59:00,258,258,258,258,0
2022-10-26 09:00:00,258,258,258,258,0
2022-10-26 09:01:00,258,258,258,258,0
2022-10-26 09:02:00,258,258,258,258,0
2022-10-26 09:03:00,258,258,258,258,0
2022-10-26 09:04:00,260,260,260,260,0
2022-10-26 09:05:00,260,260,260,260,0
2022-10-26 09:06:00,260,260,260,260,0
2022-10-26 09:07:00,260,260,260,260,0
2022-10-26 09:08:00,260,260,260,260,0
2022-10-26 09:09:00,258,258,258,258,10300
2022-10-26 09:10:00,258,258,258,258,0
2022-10-26 09:11:00,258,258,258,258,0
2022-10-26 09:12:00,258,258,260,260,0
2022-10-26 09:13:00,260,260,260,260,1100
2022-10-26 09:14:00,260,260,260,260,0
2022-10-26 09:15:00,260,260,260,260,0
2022-10-26 09:16:00,260,260,260,260,0
2022-10-26 09:17:00,260,260,260,260,0
2022-10-26 09:18:00,260,260,260,260,0
2022-10-26 09:19:00,260,260,260,260,0
2022-10-26 09:20:00,260,260,260,260,0
2022-10-26 09:21:00,260,260,260,260,0
2022-10-26 09:22:00,260,260,260,260,0
2022-10-26 09:23:00,260,260,260,260,0
2022-10-26 09:24:00,260,260,260,260,0
2022-10-26 09:25:00,260,260,260,260,0
2022-10-26 09:26:00,260,260,260,260,0
2022-10-26 09:27:00,260,260,260,260,0
2022-10-26 09:28:00,260,260,260,260,0
2022-10-26 09:29:00,260,260,260,260,0
2022-10-26 09:30:00,260,260,260,260,0
2022-10-26 09:31:00,260,260,260,260,0
2022-10-26 09:32:00,254,254,254,254,2900
2022-10-26 09:33:00,252,252,252,252,12000
2022-10-26 09:34:00,252,252,252,252,0
2022-10-26 09:35:00,252,252,252,252,0
2022-10-26 09:36:00,252,252,252,252,0
2022-10-26 09:37:00,252,252,252,252,0
2022-10-26 09:38:00,252,252,252,252,0
2022-10-26 09:39:00,252,252,252,252,0
2022-10-26 09:40:00,252,252,252,252,0
2022-10-26 09:41:00,252,252,252,252,0
2022-10-26 09:42:00,252,252,252,252,0
2022-10-26 09:43:00,252,252,252,252,0
2022-10-26 09:44:00,252,252,252,252,0
2022-10-26 09:45:00,252,252,252,252,0
2022-10-26 09:46:00,252,252,252,252,0
2022-10-26 09:47:00,252,252,252,252,0
2022-10-26 09:48:00,252,252,252,252,0
2022-10-26 09:49:00,252,252,252,252,0
2022-10-26 09:50:00,252,252,252,252,0
2022-10-26 09:51:00,252,252,252,252,0
2022-10-26 09:52:00,252,252,252,252,0
2022-10-26 09:53:00,252,252,252,252,3800
2022-10-26 09:54:00,252,252,252,252,0
2022-10-26 09:55:00,252,252,252,252,0
2022-10-26 09:56:00,252,252,252,252,0
2022-10-26 09:57:00,252,252,252,252,0
2022-10-26 09:58:00,252,252,252,252,0
2022-10-26 09:59:00,252,252,252,252,0
2022-10-26 10:00:00,252,252,252,252,0
2022-10-26 10:01:00,252,252,252,252,0
2022-10-26 10:02:00,252,252,252,252,0
2022-10-26 10:03:00,252,252,252,252,0
2022-10-26 10:04:00,252,252,252,252,0
2022-10-26 10:05:00,252,252,252,252,0
2022-10-26 10:06:00,252,252,252,252,0
2022-10-26 10:07:00,252,252,252,252,0
2022-10-26 10:08:00,252,252,252,252,0
2022-10-26 10:09:00,252,252,252,252,0
2022-10-26 10:10:00,252,252,252,252,0
2022-10-26 10:11:00,252,252,252,252,0
2022-10-26 10:12:00,252,252,252,252,0
2022-10-26 10:13:00,252,252,252,252,0
2022-10-26 10:14:00,252,252,252,252,0
2022-10-26 10:15:00,252,252,252,252,0
2022-10-26 10:16:00,252,252,252,252,0
2022-10-26 10:17:00,252,252,252,252,0
2022-10-26 10:18:00,252,252,252,252,0
2022-10-26 10:19:00,252,252,252,252,0
2022-10-26 10:20:00,252,252,252,252,0
2022-10-26 10:21:00,252,252,252,252,0
2022-10-26 10:22:00,252,252,252,252,0
2022-10-26 10:23:00,252,252,252,252,0
2022-10-26 10:24:00,252,252,252,252,0
2022-10-26 10:25:00,252,252,252,252,0
2022-10-26 10:26:00,252,252,252,252,0
2022-10-26 10:27:00,252,252,252,252,0
2022-10-26 10:28:00,252,252,252,252,0
2022-10-26 10:29:00,260,260,260,260,100
2022-10-26 10:30:00,260,260,260,260,0
2022-10-26 10:31:00,260,260,260,260,0
2022-10-26 10:32:00,260,260,260,260,0
2022-10-26 10:33:00,260,260,260,260,0
2022-10-26 10:34:00,260,260,260,260,0
2022-10-26 10:35:00,260,260,260,260,0
2022-10-26 10:36:00,260,260,260,260,0
2022-10-26 10:37:00,260,260,260,260,0
2022-10-26 10:38:00,260,260,260,260,0
2022-10-26 10:39:00,260,260,260,260,0
2022-10-26 10:40:00,260,260,260,260,0
2022-10-26 10:41:00,260,260,260,260,0
2022-10-26 10:42:00,260,260,260,260,0
2022-10-26 10:43:00,260,260,260,260,0
2022-10-26 10:44:00,260,260,260,260,0
2022-10-26 10:45:00,260,260,260,260,0
2022-10-26 10:46:00,260,260,260,260,300
2022-10-26 10:47:00,260,260,260,260,0
2022-10-26 10:48:00,260,260,260,260,0
2022-10-26 10:49:00,260,260,260,260,0
2022-10-26 10:50:00,260,260,260,260,0
2022-10-26 10:51:00,260,260,260,260,0
2022-10-26 10:52:00,260,260,260,260,0
2022-10-26 10:53:00,260,260,260,260,0
2022-10-26 10:54:00,260,260,260,260,0
2022-10-26 10:55:00,260,260,260,260,3200
2022-10-26 10:56:00,260,260,260,260,0
2022-10-26 10:57:00,260,260,260,260,2300
2022-10-26 10:58:00,260,260,260,260,0
2022-10-26 10:59:00,260,260,260,260,0
2022-10-26 11:00:00,260,260,260,260,0
2022-10-26 11:01:00,260,260,260,260,0
2022-10-26 11:02:00,260,260,260,260,0
2022-10-26 11:03:00,260,260,260,260,0
2022-10-26 11:04:00,260,260,260,260,0
2022-10-26 11:05:00,260,260,260,260,0
2022-10-26 11:06:00,260,260,260,260,0
2022-10-26 11:07:00,260,260,260,260,0
2022-10-26 11:08:00,260,260,260,260,0
2022-10-26 11:09:00,260,260,260,260,0
2022-10-26 11:10:00,260,260,260,260,0
2022-10-26 11:11:00,260,260,260,260,0
2022-10-26 11:12:00,260,260,260,260,0
2022-10-26 11:13:00,260,260,260,260,0
2022-10-26 11:14:00,260,260,260,260,0
2022-10-26 11:15:00,260,260,260,260,0
2022-10-26 11:16:00,260,260,260,260,0
2022-10-26 11:17:00,260,260,260,260,0
2022-10-26 11:18:00,260,260,260,260,0
2022-10-26 11:19:00,260,260,260,260,0
2022-10-26 11:20:00,260,260,260,260,0
2022-10-26 11:21:00,260,260,260,260,0
2022-10-26 11:22:00,260,260,260,260,0
2022-10-26 11:23:00,260,260,260,260,0
2022-10-26 11:24:00,260,260,260,260,0
2022-10-26 11:25:00,260,260,260,260,0
2022-10-26 11:26:00,260,260,260,260,0
2022-10-26 11:27:00,260,260,260,260,0
2022-10-26 11:28:00,260,260,260,260,0
2022-10-26 11:29:00,260,260,260,260,0
2022-10-26 11:30:00,260,260,260,260,0
2022-10-26 11:31:00,260,260,260,260,0
2022-10-26 11:32:00,260,260,260,260,0
2022-10-26 11:33:00,260,260,260,260,0
2022-10-26 11:34:00,260,260,260,260,0
2022-10-26 11:35:00,260,260,260,260,0
2022-10-26 11:36:00,260,260,260,260,0
2022-10-26 11:37:00,260,260,260,260,0
2022-10-26 11:38:00,260,260,260,260,0
2022-10-26 11:39:00,260,260,260,260,0
2022-10-26 11:40:00,260,260,260,260,0
2022-10-26 11:41:00,260,260,260,260,0
2022-10-26 11:42:00,260,260,260,260,0
2022-10-26 11:43:00,260,260,260,260,0
2022-10-26 11:44:00,260,260,260,260,0
2022-10-26 11:45:00,260,260,260,260,0
2022-10-26 11:46:00,260,260,260,260,0
2022-10-26 11:47:00,260,260,260,260,0
2022-10-26 11:48:00,260,260,260,260,0
2022-10-26 11:49:00,260,260,260,260,0
2022-10-26 11:50:00,260,260,260,260,0
2022-10-26 11:51:00,260,260,260,260,0
2022-10-26 11:52:00,260,260,260,260,0
2022-10-26 11:53:00,260,260,260,260,0
2022-10-26 11:54:00,260,260,260,260,0
2022-10-26 11:55:00,260,260,260,260,0
2022-10-26 11:56:00,260,260,260,260,0
2022-10-26 11:57:00,260,260,260,260,0
2022-10-26 11:58:00,260,260,260,260,0
2022-10-26 11:59:00,260,260,260,260,0
2022-10-26 12:00:00,260,260,260,260,0
2022-10-26 12:01:00,260,260,260,260,0
2022-10-26 12:02:00,260,260,260,260,0
2022-10-26 12:03:00,260,260,260,260,0
2022-10-26 12:04:00,260,260,260,260,0
2022-10-26 12:05:00,260,260,260,260,0
2022-10-26 12:06:00,260,260,260,260,0
2022-10-26 12:07:00,260,260,260,260,0
2022-10-26 12:08:00,260,260,260,260,0
2022-10-26 12:09:00,260,260,260,260,0
2022-10-26 12:10:00,260,260,260,260,0
2022-10-26 12:11:00,260,260,260,260,0
2022-10-26 12:12:00,260,260,260,260,0
2022-10-26 12:13:00,260,260,260,260,0
2022-10-26 12:14:00,260,260,260,260,0
2022-10-26 12:15:00,260,260,260,260,0
2022-10-26 12:16:00,260,260,260,260,0
2022-10-26 12:17:00,260,260,260,260,0
2022-10-26 12:18:00,260,260,260,260,0
2022-10-26 12:19:00,260,260,260,260,0
2022-10-26 12:20:00,260,260,260,260,0
2022-10-26 12:21:00,260,260,260,260,0
2022-10-26 12:22:00,260,260,260,260,0
2022-10-26 12:23:00,260,260,260,260,0
2022-10-26 12:24:00,260,260,260,260,0
2022-10-26 12:25:00,260,260,260,260,0
2022-10-26 12:26:00,260,260,260,260,0
2022-10-26 12:27:00,260,260,260,260,0
2022-10-26 12:28:00,260,260,260,260,0
2022-10-26 12:29:00,260,260,260,260,0
2022-10-26 12:30:00,260,260,260,260,0
2022-10-26 12:31:00,260,260,260,260,0
2022-10-26 12:32:00,260,260,260,260,0
2022-10-26 12:33:00,260,260,260,260,0
2022-10-26 12:34:00,260,260,260,260,0
2022-10-26 12:35:00,260,260,260,260,0
2022-10-26 12:36:00,260,260,260,260,0
2022-10-26 12:37:00,260,260,260,260,0
2022-10-26 12:38:00,260,260,260,260,0
2022-10-26 12:39:00,260,260,260,260,0
2022-10-26 12:40:00,260,260,260,260,0
2022-10-26 12:41:00,260,260,260,260,0
2022-10-26 12:42:00,260,260,260,260,0
2022-10-26 12:43:00,260,260,260,260,0
2022-10-26 12:44:00,260,260,260,260,0
2022-10-26 12:45:00,260,260,260,260,0
2022-10-26 12:46:00,260,260,260,260,0
2022-10-26 12:47:00,260,260,260,260,0
2022-10-26 12:48:00,260,260,260,260,0
2022-10-26 12:49:00,260,260,260,260,0
2022-10-26 12:50:00,260,260,260,260,0
2022-10-26 12:51:00,260,260,260,260,0
2022-10-26 12:52:00,260,260,260,260,0
2022-10-26 12:53:00,260,260,260,260,0
2022-10-26 12:54:00,260,260,260,260,0
2022-10-26 12:55:00,260,260,260,260,0
2022-10-26 12:56:00,260,260,260,260,0
2022-10-26 12:57:00,260,260,260,260,0
2022-10-26 12:58:00,260,260,260,260,0
2022-10-26 12:59:00,260,260,260,260,0
2022-10-26 13:00:00,260,260,260,260,0
2022-10-26 13:01:00,260,260,260,260,0
2022-10-26 13:02:00,260,260,260,260,0
2022-10-26 13:03:00,260,260,260,260,0
2022-10-26 13:04:00,260,260,260,260,0
2022-10-26 13:05:00,260,260,260,260,0
2022-10-26 13:06:00,260,260,260,260,0
2022-10-26 13:07:00,260,260,260,260,0
2022-10-26 13:08:00,260,260,260,260,0
2022-10-26 13:09:00,260,260,260,260,0
2022-10-26 13:10:00,260,260,260,260,0
2022-10-26 13:11:00,260,260,260,260,0
2022-10-26 13:12:00,260,260,260,260,0
2022-10-26 13:13:00,260,260,260,260,0
2022-10-26 13:14:00,260,260,260,260,0
2022-10-26 13:15:00,260,260,260,260,0
2022-10-26 13:16:00,260,260,260,260,0
2022-10-26 13:17:00,260,260,260,260,0
2022-10-26 13:18:00,260,260,260,260,0
2022-10-26 13:19:00,260,260,260,260,0
2022-10-26 13:20:00,260,260,260,260,0
2022-10-26 13:21:00,260,260,260,260,0
2022-10-26 13:22:00,260,260,260,260,0
2022-10-26 13:23:00,260,260,260,260,0
2022-10-26 13:24:00,260,260,260,260,0
2022-10-26 13:25:00,260,260,260,260,0
2022-10-26 13:26:00,260,260,260,260,0
2022-10-26 13:27:00,260,260,260,260,0
2022-10-26 13:28:00,260,260,260,260,0
2022-10-26 13:29:00,260,260,260,260,0
2022-10-26 13:30:00,256,256,256,256,1600
2022-10-26 13:31:00,256,256,256,256,0
2022-10-26 13:32:00,256,256,256,256,0
2022-10-26 13:33:00,256,256,256,256,0
2022-10-26 13:34:00,260,260,260,260,0
2022-10-26 13:35:00,260,260,260,260,0
2022-10-26 13:36:00,260,260,260,260,0
2022-10-26 13:37:00,260,260,260,260,0
2022-10-26 13:38:00,260,260,260,260,0
2022-10-26 13:39:00,260,260,260,260,0
2022-10-26 13:40:00,260,260,260,260,0
2022-10-26 13:41:00,260,260,260,260,0
2022-10-26 13:42:00,260,260,260,260,0
2022-10-26 13:43:00,260,260,260,260,0
2022-10-26 13:44:00,260,260,260,260,0
2022-10-26 13:45:00,260,260,260,260,0
2022-10-26 13:46:00,260,260,260,260,0
2022-10-26 13:47:00,260,260,260,260,0
2022-10-26 13:48:00,260,260,260,260,0
2022-10-26 13:49:00,260,260,260,260,0
2022-10-26 13:50:00,260,260,260,260,0
2022-10-26 13:51:00,260,260,260,260,700
2022-10-26 13:52:00,260,260,260,260,0
2022-10-26 13:53:00,260,260,260,260,0
2022-10-26 13:54:00,260,260,260,260,0
2022-10-26 13:55:00,260,260,260,260,0
2022-10-26 13:56:00,260,260,260,260,0
2022-10-26 13:57:00,260,260,260,260,0
2022-10-26 13:58:00,260,260,260,260,0
2022-10-26 13:59:00,260,260,260,260,0
2022-10-26 14:00:00,260,260,260,260,0
2022-10-26 14:01:00,260,260,260,260,0
2022-10-26 14:02:00,260,260,260,260,0
2022-10-26 14:03:00,260,260,260,260,0
2022-10-26 14:04:00,260,260,260,260,0
2022-10-26 14:05:00,260,260,260,260,0
2022-10-26 14:06:00,260,260,262,262,4800
2022-10-26 14:07:00,260,260,262,262,0
2022-10-26 14:08:00,260,260,260,260,700
2022-10-26 14:09:00,260,260,260,260,0
2022-10-26 14:10:00,260,260,260,260,0
2022-10-26 14:11:00,260,260,260,260,3600
2022-10-26 14:12:00,260,260,260,260,0
2022-10-26 14:13:00,260,260,260,260,0
2022-10-26 14:14:00,260,260,260,260,0
2022-10-26 14:15:00,258,258,258,258,0
2022-10-26 14:16:00,258,258,258,258,0
2022-10-26 14:17:00,258,258,258,258,0
2022-10-26 14:18:00,258,258,258,258,0
2022-10-26 14:19:00,258,258,258,258,0
2022-10-26 14:20:00,258,258,258,258,0
2022-10-26 14:21:00,258,258,258,258,0
2022-10-26 14:22:00,258,258,258,258,0
2022-10-26 14:23:00,258,258,258,258,0
2022-10-26 14:24:00,260,260,260,260,100
2022-10-26 14:25:00,260,260,260,260,0
2022-10-26 14:26:00,260,260,260,260,0
2022-10-26 14:27:00,260,260,260,260,0
2022-10-26 14:28:00,260,260,260,260,0
2022-10-26 14:29:00,260,260,260,260,0
2022-10-26 14:30:00,260,260,260,260,0
2022-10-26 14:31:00,260,260,260,260,0
2022-10-26 14:32:00,260,260,260,260,7200
2022-10-26 14:33:00,260,260,260,260,0
2022-10-26 14:34:00,260,260,260,260,0
2022-10-26 14:35:00,260,260,260,260,0
2022-10-26 14:36:00,260,260,260,260,0
2022-10-26 14:37:00,260,260,260,260,100
2022-10-26 14:38:00,260,260,260,260,0
2022-10-26 14:39:00,260,260,260,260,0
2022-10-26 14:40:00,260,260,260,260,0
2022-10-26 14:41:00,260,260,260,260,53900
2022-10-26 14:42:00,260,260,260,260,0
2022-10-26 14:43:00,260,260,260,260,0
2022-10-26 14:44:00,260,260,260,260,0
2022-10-26 14:45:00,260,260,260,260,0
2022-10-26 14:46:00,260,260,260,260,0
2022-10-26 14:47:00,260,260,260,260,0
2022-10-26 14:48:00,260,260,260,260,0
2022-10-26 14:49:00,260,260,260,260,0
2022-10-26 14:50:00,260,260,260,260,0
2022-10-26 14:51:00,260,260,260,260,0
2022-10-26 14:52:00,260,260,260,260,0
2022-10-26 14:53:00,260,260,260,260,0
2022-10-26 14:54:00,260,260,260,260,0
2022-10-26 14:55:00,260,260,260,260,0
2022-10-26 14:56:00,260,260,260,260,0
2022-10-26 14:57:00,260,260,260,260,0
2022-10-26 14:58:00,260,260,260,260,0
2022-10-26 14:59:00,260,260,260,260,0
2022-10-26 15:00:00,260,260,260,260,0
2022-10-26 15:01:00,260,260,260,260,0
2022-10-26 15:02:00,260,260,260,260,0
2022-10-26 15:03:00,260,260,260,260,0
2022-10-26 15:04:00,260,260,260,260,0
2022-10-26 15:05:00,260,260,260,260,0
2022-10-26 15:06:00,260,260,260,260,0
2022-10-26 15:07:00,260,260,260,260,0
2022-10-26 15:08:00,260,260,260,260,0
2022-10-26 15:09:00,260,260,260,260,0
2022-10-26 15:10:00,260,260,260,260,0
2022-10-26 15:11:00,260,260,260,260,0
2022-10-26 15:12:00,260,260,260,260,0
2022-10-26 15:13:00,260,260,260,260,0
2022-10-26 15:14:00,260,260,260,260,0
2022-10-26 15:15:00,260,260,260,260,0
2022-10-26 15:16:00,260,260,260,260,0
2022-10-26 15:17:00,260,260,260,260,0
2022-10-26 15:18:00,260,260,260,260,0
2022-10-26 15:19:00,260,260,260,260,0
2022-10-26 15:20:00,260,260,260,260,0
2022-10-26 15:21:00,260,260,260,260,0
2022-10-26 15:22:00,260,260,260,260,0
2022-10-26 15:23:00,260,260,260,260,0
2022-10-26 15:24:00,260,260,260,260,0
2022-10-26 15:25:00,260,260,260,260,0
2022-10-26 15:26:00,260,260,260,260,0
2022-10-26 15:27:00,260,260,260,260,0
2022-10-26 15:28:00,260,260,260,260,0
2022-10-26 15:29:00,260,260,260,260,0
2022-10-26 15:30:00,260,260,260,260,0
2022-10-26 15:31:00,260,260,260,260,0
2022-10-26 15:32:00,260,260,260,260,0
2022-10-26 15:33:00,260,260,260,260,0
2022-10-26 15:34:00,260,260,260,260,0
2022-10-26 15:35:00,260,260,260,260,0
2022-10-26 15:36:00,260,260,260,260,0
2022-10-26 15:37:00,260,260,260,260,0
2022-10-26 15:38:00,260,260,260,260,0
2022-10-26 15:39:00,260,260,260,260,0
2022-10-26 15:40:00,260,260,260,260,0
2022-10-26 15:41:00,260,260,260,260,0
2022-10-26 15:42:00,260,260,260,260,0
2022-10-26 15:43:00,260,260,260,260,0
2022-10-26 15:44:00,260,260,260,260,0
2022-10-26 15:45:00,260,260,260,260,0
2022-10-26 15:46:00,260,260,260,260,0
2022-10-26 15:47:00,260,260,260,260,0
2022-10-26 15:48:00,260,260,260,260,0
2022-10-26 15:49:00,260,260,260,260,0
2022-10-26 15:50:00,260,260,260,260,0
2022-10-26 15:51:00,260,260,260,260,0
2022-10-26 15:52:00,260,260,260,260,0
2022-10-26 15:53:00,260,260,260,260,0
2022-10-26 15:54:00,260,260,260,260,0
2022-10-26 15:55:00,260,260,260,260,0
2022-10-26 15:56:00,260,260,260,260,0
2022-10-26 15:57:00,260,260,260,260,0
2022-10-26 15:58:00,260,260,260,260,0
2022-10-26 15:59:00,260,260,260,260,0
2022-10-27 09:00:00,262,262,262,262,0
2022-10-27 09:01:00,262,262,262,262,800
2022-10-27 09:02:00,262,262,262,262,0
2022-10-27 09:03:00,262,262,262,262,0
2022-10-27 09:04:00,262,262,262,262,0
2022-10-27 09:05:00,262,262,262,262,0
2022-10-27 09:06:00,262,262,262,262,0
2022-10-27 09:07:00,262,262,262,262,0
2022-10-27 09:08:00,262,262,262,262,0
2022-10-27 09:09:00,260,260,260,260,800
2022-10-27 09:10:00,260,260,260,260,0
2022-10-27 09:11:00,260,260,260,260,0
2022-10-27 09:12:00,262,262,264,264,700
2022-10-27 09:13:00,262,262,264,264,0
2022-10-27 09:14:00,262,262,264,264,0
2022-10-27 09:15:00,262,262,264,264,0
2022-10-27 09:16:00,262,262,264,264,0
2022-10-27 09:17:00,262,262,264,264,0
2022-10-27 09:18:00,262,262,264,264,0
2022-10-27 09:19:00,262,262,264,264,0
2022-10-27 09:20:00,262,262,264,264,0
2022-10-27 09:21:00,262,262,264,264,0
2022-10-27 09:22:00,262,262,264,264,0
2022-10-27 09:23:00,262,262,264,264,0
2022-10-27 09:24:00,262,262,264,264,0
2022-10-27 09:25:00,262,262,264,264,0
2022-10-27 09:26:00,262,262,264,264,0
2022-10-27 09:27:00,262,262,264,264,0
2022-10-27 09:28:00,262,262,264,264,0
2022-10-27 09:29:00,262,262,264,264,0
2022-10-27 09:30:00,262,262,264,264,0
2022-10-27 09:31:00,262,262,264,264,0
2022-10-27 09:32:00,262,262,264,264,0
2022-10-27 09:33:00,262,262,264,264,0
2022-10-27 09:34:00,262,262,264,264,0
2022-10-27 09:35:00,260,260,260,260,400
2022-10-27 09:36:00,260,260,260,260,0
2022-10-27 09:37:00,260,260,260,260,0
2022-10-27 09:38:00,260,260,260,260,0
2022-10-27 09:39:00,260,260,260,260,0
2022-10-27 09:40:00,260,260,260,260,0
2022-10-27 09:41:00,260,260,260,260,0
2022-10-27 09:42:00,260,260,260,260,0
2022-10-27 09:43:00,260,260,260,260,0
2022-10-27 09:44:00,260,260,260,260,0
2022-10-27 09:45:00,260,260,260,260,0
2022-10-27 09:46:00,260,260,260,260,0
2022-10-27 09:47:00,260,260,260,260,0
2022-10-27 09:48:00,260,260,260,260,0
2022-10-27 09:49:00,260,260,260,260,0
2022-10-27 09:50:00,260,260,260,260,0
2022-10-27 09:51:00,260,260,260,260,0
2022-10-27 09:52:00,260,260,260,260,0
2022-10-27 09:53:00,260,260,260,260,0
2022-10-27 09:54:00,260,260,260,260,0
2022-10-27 09:55:00,260,260,260,260,0
2022-10-27 09:56:00,260,260,260,260,0
2022-10-27 09:57:00,260,260,260,260,0
2022-10-27 09:58:00,260,260,260,260,0
2022-10-27 09:59:00,262,262,262,262,200
2022-10-27 10:00:00,262,262,262,262,0
2022-10-27 10:01:00,262,262,262,262,0
2022-10-27 10:02:00,262,262,262,262,0
2022-10-27 10:03:00,262,262,262,262,0
2022-10-27 10:04:00,262,262,262,262,0
2022-10-27 10:05:00,262,262,262,262,0
2022-10-27 10:06:00,262,262,262,262,2700
2022-10-27 10:07:00,262,262,264,264,7100
2022-10-27 10:08:00,262,262,264,264,0
2022-10-27 10:09:00,262,262,264,264,0
2022-10-27 10:10:00,262,262,264,264,0
2022-10-27 10:11:00,262,262,264,264,0
2022-10-27 10:12:00,262,262,264,264,0
2022-10-27 10:13:00,262,262,264,264,0
2022-10-27 10:14:00,262,262,264,264,0
2022-10-27 10:15:00,264,264,266,266,500
2022-10-27 10:16:00,264,264,266,266,0
2022-10-27 10:17:00,264,264,266,266,0
2022-10-27 10:18:00,264,264,266,266,0
2022-10-27 10:19:00,264,264,266,266,0
2022-10-27 10:20:00,264,264,266,266,0
2022-10-27 10:21:00,264,264,266,266,0
2022-10-27 10:22:00,264,264,266,266,0
2022-10-27 10:23:00,264,264,266,266,0
2022-10-27 10:24:00,264,264,266,266,0
2022-10-27 10:25:00,264,264,266,266,0
2022-10-27 10:26:00,264,264,266,266,0
2022-10-27 10:27:00,264,264,266,266,0
2022-10-27 10:28:00,264,264,266,266,0
2022-10-27 10:29:00,264,264,266,266,0
2022-10-27 10:30:00,264,264,266,266,0
2022-10-27 10:31:00,264,264,266,266,0
2022-10-27 10:32:00,264,264,266,266,0
2022-10-27 10:33:00,264,264,266,266,0
2022-10-27 10:34:00,264,264,266,266,0
2022-10-27 10:35:00,264,264,266,266,0
2022-10-27 10:36:00,264,264,266,266,0
2022-10-27 10:37:00,264,264,266,266,0
2022-10-27 10:38:00,264,264,266,266,0
2022-10-27 10:39:00,264,264,266,266,0
2022-10-27 10:40:00,264,264,266,266,0
2022-10-27 10:41:00,264,264,266,266,0
2022-10-27 10:42:00,264,264,266,266,0
2022-10-27 10:43:00,264,264,266,266,0
2022-10-27 10:44:00,264,264,266,266,0
2022-10-27 10:45:00,264,264,266,266,0
2022-10-27 10:46:00,264,264,266,266,0
2022-10-27 10:47:00,264,264,266,266,0
2022-10-27 10:48:00,264,264,266,266,0
2022-10-27 10:49:00,264,264,266,266,0
2022-10-27 10:50:00,264,264,264,264,1600
2022-10-27 10:51:00,264,264,264,264,0
2022-10-27 10:52:00,264,264,264,264,0
2022-10-27 10:53:00,264,264,264,264,1100
2022-10-27 10:54:00,264,264,264,264,0
2022-10-27 10:55:00,264,264,264,264,0
2022-10-27 10:56:00,264,264,264,264,0
2022-10-27 10:57:00,264,264,264,264,0
2022-10-27 10:58:00,264,264,264,264,0
2022-10-27 10:59:00,264,264,264,264,0
2022-10-27 11:00:00,264,264,264,264,0
2022-10-27 11:01:00,264,264,264,264,0
2022-10-27 11:02:00,264,264,264,264,0
2022-10-27 11:03:00,266,266,268,268,23000
2022-10-27 11:04:00,266,266,268,268,0
2022-10-27 11:05:00,268,268,268,268,2500
2022-10-27 11:06:00,268,268,268,268,0
2022-10-27 11:07:00,268,268,268,268,0
2022-10-27 11:08:00,268,268,270,270,6400
2022-10-27 11:09:00,268,268,270,270,0
2022-10-27 11:10:00,268,268,270,270,0
2022-10-27 11:11:00,268,268,270,270,0
2022-10-27 11:12:00,268,268,270,270,0
2022-10-27 11:13:00,268,268,270,270,0
2022-10-27 11:14:00,268,268,270,270,0
2022-10-27 11:15:00,268,268,270,270,0
2022-10-27 11:16:00,270,270,270,270,1000
2022-10-27 11:17:00,270,270,270,270,0
2022-10-27 11:18:00,270,270,270,270,0
2022-10-27 11:19:00,270,270,270,270,0
2022-10-27 11:20:00,268,268,268,268,500
2022-10-27 11:21:00,268,268,268,268,0
2022-10-27 11:22:00,268,268,268,268,1000
2022-10-27 11:23:00,268,268,268,268,0
2022-10-27 11:24:00,268,268,268,268,0
2022-10-27 11:25:00,268,268,268,268,0
2022-10-27 11:26:00,268,268,268,268,0
2022-10-27 11:27:00,268,268,268,268,0
2022-10-27 11:28:00,268,268,268,268,0
2022-10-27 11:29:00,268,268,268,268,0
2022-10-27 11:30:00,268,268,268,268,0
2022-10-27 11:31:00,268,268,268,268,0
2022-10-27 11:32:00,268,268,268,268,0
2022-10-27 11:33:00,268,268,268,268,0
2022-10-27 11:34:00,268,268,268,268,0
2022-10-27 11:35:00,268,268,268,268,0
2022-10-27 11:36:00,268,268,268,268,0
2022-10-27 11:37:00,268,268,268,268,0
2022-10-27 11:38:00,268,268,268,268,0
2022-10-27 11:39:00,268,268,268,268,0
2022-10-27 11:40:00,268,268,268,268,0
2022-10-27 11:41:00,268,268,268,268,0
2022-10-27 11:42:00,268,268,268,268,0
2022-10-27 11:43:00,268,268,268,268,0
2022-10-27 11:44:00,268,268,268,268,0
2022-10-27 11:45:00,268,268,268,268,0
2022-10-27 11:46:00,268,268,268,268,0
2022-10-27 11:47:00,268,268,268,268,0
2022-10-27 11:48:00,268,268,268,268,0
2022-10-27 11:49:00,268,268,268,268,0
2022-10-27 11:50:00,268,268,268,268,0
2022-10-27 11:51:00,268,268,268,268,0
2022-10-27 11:52:00,268,268,268,268,0
2022-10-27 11:53:00,268,268,268,268,0
2022-10-27 11:54:00,268,268,268,268,0
2022-10-27 11:55:00,268,268,268,268,0
2022-10-27 11:56:00,268,268,268,268,0
2022-10-27 11:57:00,268,268,268,268,0
2022-10-27 11:58:00,268,268,268,268,0
2022-10-27 11:59:00,268,268,268,268,0
2022-10-27 12:00:00,268,268,268,268,0
2022-10-27 12:01:00,268,268,268,268,0
2022-10-27 12:02:00,268,268,268,268,0
2022-10-27 12:03:00,268,268,268,268,0
2022-10-27 12:04:00,268,268,268,268,0
2022-10-27 12:05:00,268,268,268,268,0
2022-10-27 12:06:00,268,268,268,268,0
2022-10-27 12:07:00,268,268,268,268,0
2022-10-27 12:08:00,268,268,268,268,0
2022-10-27 12:09:00,268,268,268,268,0
2022-10-27 12:10:00,268,268,268,268,0
2022-10-27 12:11:00,268,268,268,268,0
2022-10-27 12:12:00,268,268,268,268,0
2022-10-27 12:13:00,268,268,268,268,0
2022-10-27 12:14:00,268,268,268,268,0
2022-10-27 12:15:00,268,268,268,268,0
2022-10-27 12:16:00,268,268,268,268,0
2022-10-27 12:17:00,268,268,268,268,0
2022-10-27 12:18:00,268,268,268,268,0
2022-10-27 12:19:00,268,268,268,268,0
2022-10-27 12:20:00,268,268,268,268,0
2022-10-27 12:21:00,268,268,268,268,0
2022-10-27 12:22:00,268,268,268,268,0
2022-10-27 12:23:00,268,268,268,268,0
2022-10-27 12:24:00,268,268,268,268,0
2022-10-27 12:25:00,268,268,268,268,0
2022-10-27 12:26:00,268,268,268,268,0
2022-10-27 12:27:00,268,268,268,268,0
2022-10-27 12:28:00,268,268,268,268,0
2022-10-27 12:29:00,268,268,268,268,0
2022-10-27 12:30:00,268,268,268,268,0
2022-10-27 12:31:00,268,268,268,268,0
2022-10-27 12:32:00,268,268,268,268,0
2022-10-27 12:33:00,268,268,268,268,0
2022-10-27 12:34:00,268,268,268,268,0
2022-10-27 12:35:00,268,268,268,268,0
2022-10-27 12:36:00,268,268,268,268,0
2022-10-27 12:37:00,268,268,268,268,0
2022-10-27 12:38:00,268,268,268,268,0
2022-10-27 12:39:00,268,268,268,268,0
2022-10-27 12:40:00,268,268,268,268,0
2022-10-27 12:41:00,268,268,268,268,0
2022-10-27 12:42:00,268,268,268,268,0
2022-10-27 12:43:00,268,268,268,268,0
2022-10-27 12:44:00,268,268,268,268,0
2022-10-27 12:45:00,268,268,268,268,0
2022-10-27 12:46:00,268,268,268,268,0
2022-10-27 12:47:00,268,268,268,268,0
2022-10-27 12:48:00,268,268,268,268,0
2022-10-27 12:49:00,268,268,268,268,0
2022-10-27 12:50:00,268,268,268,268,0
2022-10-27 12:51:00,268,268,268,268,0
2022-10-27 12:52:00,268,268,268,268,0
2022-10-27 12:53:00,268,268,268,268,0
2022-10-27 12:54:00,268,268,268,268,0
2022-10-27 12:55:00,268,268,268,268,0
2022-10-27 12:56:00,268,268,268,268,0
2022-10-27 12:57:00,268,268,268,268,0
2022-10-27 12:58:00,268,268,268,268,0
2022-10-27 12:59:00,268,268,268,268,0
2022-10-27 13:00:00,268,268,268,268,0
2022-10-27 13:01:00,268,268,268,268,0
2022-10-27 13:02:00,268,268,268,268,0
2022-10-27 13:03:00,268,268,268,268,0
2022-10-27 13:04:00,268,268,268,268,0
2022-10-27 13:05:00,268,268,268,268,0
2022-10-27 13:06:00,268,268,268,268,0
2022-10-27 13:07:00,268,268,268,268,0
2022-10-27 13:08:00,268,268,268,268,0
2022-10-27 13:09:00,268,268,268,268,0
2022-10-27 13:10:00,268,268,268,268,0
2022-10-27 13:11:00,268,268,268,268,0
2022-10-27 13:12:00,268,268,268,268,0
2022-10-27 13:13:00,268,268,268,268,0
2022-10-27 13:14:00,268,268,268,268,0
2022-10-27 13:15:00,268,268,268,268,0
2022-10-27 13:16:00,268,268,268,268,0
2022-10-27 13:17:00,268,268,268,268,0
2022-10-27 13:18:00,268,268,268,268,0
2022-10-27 13:19:00,268,268,268,268,0
2022-10-27 13:20:00,268,268,268,268,0
2022-10-27 13:21:00,268,268,268,268,0
2022-10-27 13:22:00,268,268,268,268,0
2022-10-27 13:23:00,268,268,268,268,0
2022-10-27 13:24:00,268,268,268,268,0
2022-10-27 13:25:00,268,268,268,268,0
2022-10-27 13:26:00,268,268,268,268,0
2022-10-27 13:27:00,268,268,268,268,0
2022-10-27 13:28:00,268,268,268,268,0
2022-10-27 13:29:00,268,268,268,268,0
2022-10-27 13:30:00,266,266,266,266,1000
2022-10-27 13:31:00,266,266,266,266,0
2022-10-27 13:32:00,266,266,266,266,0
2022-10-27 13:33:00,266,266,266,266,0
2022-10-27 13:34:00,266,266,266,266,0
2022-10-27 13:35:00,266,266,266,266,0
2022-10-27 13:36:00,266,266,266,266,0
2022-10-27 13:37:00,266,266,266,266,0
2022-10-27 13:38:00,264,264,264,264,1200
2022-10-27 13:39:00,264,264,264,264,0
2022-10-27 13:40:00,264,264,264,264,0
2022-10-27 13:41:00,266,266,268,268,200
2022-10-27 13:42:00,266,266,268,268,0
2022-10-27 13:43:00,266,266,268,268,0
2022-10-27 13:44:00,266,266,268,268,0
2022-10-27 13:45:00,266,266,268,268,0
2022-10-27 13:46:00,266,266,268,268,0
2022-10-27 13:47:00,266,266,268,268,0
2022-10-27 13:48:00,266,266,268,268,0
2022-10-27 13:49:00,266,266,268,268,0
2022-10-27 13:50:00,266,266,268,268,0
2022-10-27 13:51:00,266,266,268,268,0
2022-10-27 13:52:00,266,266,268,268,0
2022-10-27 13:53:00,266,266,268,268,0
2022-10-27 13:54:00,266,266,268,268,0
2022-10-27 13:55:00,266,266,268,268,0
2022-10-27 13:56:00,268,268,268,268,4400
2022-10-27 13:57:00,268,268,268,268,0
2022-10-27 13:58:00,268,268,268,268,0
2022-10-27 13:59:00,268,268,268,268,0
2022-10-27 14:00:00,268,268,268,268,0
2022-10-27 14:01:00,268,268,268,268,0
2022-10-27 14:02:00,268,268,268,268,0
2022-10-27 14:03:00,268,268,268,268,0
2022-10-27 14:04:00,268,268,268,268,0
2022-10-27 14:05:00,268,268,268,268,0
2022-10-27 14:06:00,268,268,268,268,0
2022-10-27 14:07:00,268,268,268,268,0
2022-10-27 14:08:00,268,268,268,268,0
2022-10-27 14:09:00,268,268,268,268,0
2022-10-27 14:10:00,268,268,268,268,0
2022-10-27 14:11:00,268,268,268,268,0
2022-10-27 14:12:00,268,268,268,268,0
2022-10-27 14:13:00,268,268,268,268,0
2022-10-27 14:14:00,268,268,268,268,0
2022-10-27 14:15:00,268,268,268,268,0
2022-10-27 14:16:00,268,268,268,268,0
2022-10-27 14:17:00,262,262,262,262,5000
2022-10-27 14:18:00,262,262,262,262,0
2022-10-27 14:19:00,262,262,262,262,0
2022-10-27 14:20:00,262,262,262,262,0
2022-10-27 14:21:00,262,260,262,260,1300
2022-10-27 14:22:00,262,260,262,260,0
2022-10-27 14:23:00,262,260,262,260,0
2022-10-27 14:24:00,262,260,262,260,0
2022-10-27 14:25:00,262,260,262,260,0
2022-10-27 14:26:00,262,260,262,260,0
2022-10-27 14:27:00,262,260,262,260,0
2022-10-27 14:28:00,266,266,266,266,200
2022-10-27 14:29:00,266,266,266,266,1500
2022-10-27 14:30:00,262,262,262,262,200
2022-10-27 14:31:00,262,260,262,260,3800
2022-10-27 14:32:00,262,260,262,260,0
2022-10-27 14:33:00,266,260,266,266,6000
2022-10-27 14:34:00,266,260,266,266,0
2022-10-27 14:35:00,266,260,266,266,0
2022-10-27 14:36:00,266,260,266,266,0
2022-10-27 14:37:00,266,260,266,266,0
2022-10-27 14:38:00,266,260,266,266,0
2022-10-27 14:39:00,266,260,266,266,0
2022-10-27 14:40:00,266,260,266,266,0
2022-10-27 14:41:00,266,260,266,266,0
2022-10-27 14:42:00,266,260,266,266,0
2022-10-27 14:43:00,266,260,266,266,0
2022-10-27 14:44:00,266,260,266,266,0
2022-10-27 14:45:00,266,260,266,266,0
2022-10-27 14:46:00,266,260,266,266,0
2022-10-27 14:47:00,262,262,262,262,5600
2022-10-27 14:48:00,264,264,264,264,7700
2022-10-27 14:49:00,262,262,268,268,400
2022-10-27 14:50:00,262,262,268,268,0
2022-10-27 14:51:00,262,262,268,268,0
2022-10-27 14:52:00,262,262,268,268,0
2022-10-27 14:53:00,262,262,268,268,0
2022-10-27 14:54:00,262,262,268,268,0
2022-10-27 14:55:00,262,262,268,268,0
2022-10-27 14:56:00,262,262,268,268,0
2022-10-27 14:57:00,262,262,268,268,0
2022-10-27 14:58:00,262,262,268,268,0
2022-10-27 14:59:00,262,262,268,268,0
2022-10-27 15:00:00,266,266,266,266,1000
2022-10-27 15:01:00,266,266,266,266,2000
2022-10-27 15:02:00,266,266,266,266,0
2022-10-27 15:03:00,266,266,266,266,0
2022-10-27 15:04:00,266,266,266,266,0
2022-10-27 15:05:00,266,266,266,266,0
2022-10-27 15:06:00,266,266,266,266,0
2022-10-27 15:07:00,266,266,266,266,0
2022-10-27 15:08:00,266,266,266,266,0
2022-10-27 15:09:00,266,266,266,266,0
2022-10-27 15:10:00,266,266,266,266,90200
2022-10-27 15:11:00,266,266,266,266,0
2022-10-27 15:12:00,266,266,266,266,0
2022-10-27 15:13:00,266,266,266,266,0
2022-10-27 15:14:00,266,266,266,266,0
2022-10-27 15:15:00,266,266,266,266,0
2022-10-27 15:16:00,266,266,266,266,0
2022-10-27 15:17:00,266,266,266,266,0
2022-10-27 15:18:00,266,266,266,266,0
2022-10-27 15:19:00,266,266,266,266,0
2022-10-27 15:20:00,266,266,266,266,0
2022-10-27 15:21:00,266,266,266,266,0
2022-10-27 15:22:00,266,266,266,266,0
2022-10-27 15:23:00,266,266,266,266,0
2022-10-27 15:24:00,266,266,266,266,0
2022-10-27 15:25:00,266,266,266,266,0
2022-10-27 15:26:00,266,266,266,266,0
2022-10-27 15:27:00,266,266,266,266,0
2022-10-27 15:28:00,266,266,266,266,0
2022-10-27 15:29:00,266,266,266,266,0
2022-10-27 15:30:00,266,266,266,266,0
2022-10-27 15:31:00,266,266,266,266,0
2022-10-27 15:32:00,266,266,266,266,0
2022-10-27 15:33:00,266,266,266,266,0
2022-10-27 15:34:00,266,266,266,266,0
2022-10-27 15:35:00,266,266,266,266,0
2022-10-27 15:36:00,266,266,266,266,0
2022-10-27 15:37:00,266,266,266,266,0
2022-10-27 15:38:00,266,266,266,266,0
2022-10-27 15:39:00,266,266,266,266,0
2022-10-27 15:40:00,266,266,266,266,0
2022-10-27 15:41:00,266,266,266,266,0
2022-10-27 15:42:00,266,266,266,266,0
2022-10-27 15:43:00,266,266,266,266,0
2022-10-27 15:44:00,266,266,266,266,0
2022-10-27 15:45:00,266,266,266,266,0
2022-10-27 15:46:00,266,266,266,266,0
2022-10-27 15:47:00,266,266,266,266,0
2022-10-27 15:48:00,266,266,266,266,0
2022-10-27 15:49:00,266,266,266,266,0
2022-10-27 15:50:00,266,266,266,266,0
2022-10-27 15:51:00,266,266,266,266,0
2022-10-27 15:52:00,266,266,266,266,0
2022-10-27 15:53:00,266,266,266,266,0
2022-10-27 15:54:00,266,266,266,266,0
2022-10-27 15:55:00,266,266,266,266,0
2022-10-27 15:56:00,266,266,266,266,0
2022-10-27 15:57:00,266,266,266,266,0
2022-10-27 15:58:00,266,266,266,266,0
2022-10-27 15:59:00,266,266,266,266,0
2022-10-28 09:00:00,266,266,266,266,0
2022-10-28 09:01:00,266,266,266,266,0
2022-10-28 09:02:00,266,266,266,266,0
2022-10-28 09:03:00,266,266,266,266,0
2022-10-28 09:04:00,266,266,266,266,0
2022-10-28 09:05:00,266,266,266,266,0
2022-10-28 09:06:00,266,266,266,266,0
2022-10-28 09:07:00,266,266,266,266,0
2022-10-28 09:08:00,266,266,266,266,0
2022-10-28 09:09:00,266,266,266,266,0
2022-10-28 09:10:00,266,266,266,266,0
2022-10-28 09:11:00,266,266,266,266,0
2022-10-28 09:12:00,266,266,266,266,0
2022-10-28 09:13:00,266,266,266,266,0
2022-10-28 09:14:00,268,268,268,268,0
2022-10-28 09:15:00,268,268,268,268,0
2022-10-28 09:16:00,268,268,268,268,0
2022-10-28 09:17:00,268,268,268,268,0
2022-10-28 09:18:00,268,268,268,268,0
2022-10-28 09:19:00,268,268,268,268,0
2022-10-28 09:20:00,268,268,268,268,0
2022-10-28 09:21:00,268,268,268,268,0
2022-10-28 09:22:00,268,268,268,268,0
2022-10-28 09:23:00,268,268,268,268,0
2022-10-28 09:24:00,268,268,268,268,0
2022-10-28 09:25:00,268,268,268,268,0
2022-10-28 09:26:00,268,268,268,268,0
2022-10-28 09:27:00,268,268,268,268,0
2022-10-28 09:28:00,268,268,268,268,0
2022-10-28 09:29:00,268,268,268,268,0
2022-10-28 09:30:00,268,268,268,268,0
2022-10-28 09:31:00,268,268,268,268,0
2022-10-28 09:32:00,266,266,266,266,2000
2022-10-28 09:33:00,266,266,266,266,0
2022-10-28 09:34:00,266,266,266,266,0
2022-10-28 09:35:00,266,266,266,266,0
2022-10-28 09:36:00,266,266,266,266,0
2022-10-28 09:37:00,260,260,260,260,0
2022-10-28 09:38:00,260,260,260,260,0
2022-10-28 09:39:00,260,260,260,260,0
2022-10-28 09:40:00,260,260,260,260,0
2022-10-28 09:41:00,260,260,260,260,0
2022-10-28 09:42:00,260,260,260,260,0
2022-10-28 09:43:00,260,260,260,260,0
2022-10-28 09:44:00,260,260,260,260,0
2022-10-28 09:45:00,260,260,260,260,0
2022-10-28 09:46:00,260,260,260,260,0
2022-10-28 09:47:00,260,260,260,260,0
2022-10-28 09:48:00,260,260,260,260,0
2022-10-28 09:49:00,260,260,260,260,0
2022-10-28 09:50:00,260,260,260,260,0
2022-10-28 09:51:00,260,260,260,260,0
2022-10-28 09:52:00,260,260,260,260,100
2022-10-28 09:53:00,260,260,260,260,0
2022-10-28 09:54:00,260,260,260,260,0
2022-10-28 09:55:00,260,260,260,260,0
2022-10-28 09:56:00,260,260,260,260,0
2022-10-28 09:57:00,260,260,260,260,0
2022-10-28 09:58:00,260,260,260,260,0
2022-10-28 09:59:00,260,260,260,260,0
2022-10-28 10:00:00,260,260,260,260,0
2022-10-28 10:01:00,260,260,260,260,0
2022-10-28 10:02:00,260,260,260,260,0
2022-10-28 10:03:00,260,260,260,260,0
2022-10-28 10:04:00,260,260,260,260,0
2022-10-28 10:05:00,260,260,260,260,0
2022-10-28 10:06:00,260,260,260,260,0
2022-10-28 10:07:00,260,256,260,256,8800
2022-10-28 10:08:00,260,256,260,256,0
2022-10-28 10:09:00,260,256,260,256,0
2022-10-28 10:10:00,260,256,260,256,0
2022-10-28 10:11:00,262,262,262,262,200
2022-10-28 10:12:00,262,262,262,262,0
2022-10-28 10:13:00,262,262,262,262,0
2022-10-28 10:14:00,262,262,262,262,0
2022-10-28 10:15:00,262,262,262,262,0
2022-10-28 10:16:00,262,262,262,262,0
2022-10-28 10:17:00,256,256,256,256,100
2022-10-28 10:18:00,256,256,256,256,0
2022-10-28 10:19:00,256,256,256,256,0
2022-10-28 10:20:00,256,256,256,256,0
2022-10-28 10:21:00,262,262,262,262,0
2022-10-28 10:22:00,262,262,262,262,0
2022-10-28 10:23:00,262,262,262,262,0
2022-10-28 10:24:00,262,262,262,262,0
2022-10-28 10:25:00,262,262,262,262,0
2022-10-28 10:26:00,262,262,262,262,0
2022-10-28 10:27:00,262,262,262,262,0
2022-10-28 10:28:00,262,262,262,262,0
2022-10-28 10:29:00,262,262,262,262,0
2022-10-28 10:30:00,262,262,262,262,0
2022-10-28 10:31:00,262,262,262,262,0
2022-10-28 10:32:00,262,262,262,262,0
2022-10-28 10:33:00,262,262,262,262,0
2022-10-28 10:34:00,262,262,262,262,0
2022-10-28 10:35:00,262,262,262,262,0
2022-10-28 10:36:00,262,262,262,262,0
2022-10-28 10:37:00,262,262,262,262,0
2022-10-28 10:38:00,262,262,262,262,0
2022-10-28 10:39:00,262,262,262,262,0
2022-10-28 10:40:00,262,262,262,262,0
2022-10-28 10:41:00,262,262,262,262,0
2022-10-28 10:42:00,262,262,262,262,0
2022-10-28 10:43:00,262,262,262,262,0
2022-10-28 10:44:00,262,262,262,262,0
2022-10-28 10:45:00,262,262,262,262,0
2022-10-28 10:46:00,262,262,262,262,0
2022-10-28 10:47:00,262,262,262,262,0
2022-10-28 10:48:00,262,262,262,262,0
2022-10-28 10:49:00,262,262,262,262,0
2022-10-28 10:50:00,262,262,262,262,0
2022-10-28 10:51:00,262,262,262,262,0
2022-10-28 10:52:00,262,262,262,262,0
2022-10-28 10:53:00,262,262,262,262,0
2022-10-28 10:54:00,262,262,262,262,0
2022-10-28 10:55:00,262,262,262,262,0
2022-10-28 10:56:00,262,262,262,262,0
2022-10-28 10:57:00,262,262,262,262,0
2022-10-28 10:58:00,262,262,262,262,0
2022-10-28 10:59:00,262,262,262,262,0
2022-10-28 11:00:00,262,262,262,262,0
2022-10-28 11:01:00,262,262,262,262,0
2022-10-28 11:02:00,262,262,262,262,0
2022-10-28 11:03:00,262,262,262,262,0
2022-10-28 11:04:00,262,262,262,262,0
2022-10-28 11:05:00,262,262,262,262,0
2022-10-28 11:06:00,262,262,262,262,0
2022-10-28 11:07:00,262,262,262,262,0
2022-10-28 11:08:00,262,262,262,262,0
2022-10-28 11:09:00,262,262,262,262,0
2022-10-28 11:10:00,262,262,262,262,0
2022-10-28 11:11:00,262,262,262,262,0
2022-10-28 11:12:00,262,262,262,262,0
2022-10-28 11:13:00,262,262,262,262,0
2022-10-28 11:14:00,262,262,262,262,0
2022-10-28 11:15:00,262,262,262,262,0
2022-10-28 11:16:00,262,262,262,262,0
2022-10-28 11:17:00,262,262,262,262,0
2022-10-28 11:18:00,262,262,262,262,0
2022-10-28 11:19:00,262,262,262,262,0
2022-10-28 11:20:00,262,262,262,262,0
2022-10-28 11:21:00,262,262,262,262,0
2022-10-28 11:22:00,262,262,262,262,0
2022-10-28 11:23:00,262,262,262,262,0
2022-10-28 11:24:00,262,262,262,262,0
2022-10-28 11:25:00,262,262,262,262,0
2022-10-28 11:26:00,262,262,262,262,0
2022-10-28 11:27:00,262,262,262,262,0
2022-10-28 11:28:00,262,262,262,262,0
2022-10-28 11:29:00,262,262,262,262,0
2022-10-28 11:30:00,262,262,262,262,0
2022-10-28 11:31:00,262,262,262,262,0
2022-10-28 11:32:00,262,262,262,262,0
2022-10-28 11:33:00,262,262,262,262,0
2022-10-28 11:34:00,262,262,262,262,0
2022-10-28 11:35:00,262,262,262,262,0
2022-10-28 11:36:00,262,262,262,262,0
2022-10-28 11:37:00,262,262,262,262,0
2022-10-28 11:38:00,262,262,262,262,0
2022-10-28 11:39:00,262,262,262,262,0
2022-10-28 11:40:00,262,262,262,262,0
2022-10-28 11:41:00,262,262,262,262,0
2022-10-28 11:42:00,262,262,262,262,0
2022-10-28 11:43:00,262,262,262,262,0
2022-10-28 11:44:00,262,262,262,262,0
2022-10-28 11:45:00,262,262,262,262,0
2022-10-28 11:46:00,262,262,262,262,0
2022-10-28 11:47:00,262,262,262,262,0
2022-10-28 11:48:00,262,262,262,262,0
2022-10-28 11:49:00,262,262,262,262,0
2022-10-28 11:50:00,262,262,262,262,0
2022-10-28 11:51:00,262,262,262,262,0
2022-10-28 11:52:00,262,262,262,262,0
2022-10-28 11:53:00,262,262,262,262,0
2022-10-28 11:54:00,262,262,262,262,0
2022-10-28 11:55:00,262,262,262,262,0
2022-10-28 11:56:00,262,262,262,262,0
2022-10-28 11:57:00,262,262,262,262,0
2022-10-28 11:58:00,262,262,262,262,0
2022-10-28 11:59:00,262,262,262,262,0
2022-10-28 12:00:00,262,262,262,262,0
2022-10-28 12:01:00,262,262,262,262,0
2022-10-28 12:02:00,262,262,262,262,0
2022-10-28 12:03:00,262,262,262,262,0
2022-10-28 12:04:00,262,262,262,262,0
2022-10-28 12:05:00,262,262,262,262,0
2022-10-28 12:06:00,262,262,262,262,0
2022-10-28 12:07:00,262,262,262,262,0
2022-10-28 12:08:00,262,262,262,262,0
2022-10-28 12:09:00,262,262,262,262,0
2022-10-28 12:10:00,262,262,262,262,0
2022-10-28 12:11:00,262,262,262,262,0
2022-10-28 12:12:00,262,262,262,262,0
2022-10-28 12:13:00,262,262,262,262,0
2022-10-28 12:14:00,262,262,262,262,0
2022-10-28 12:15:00,262,262,262,262,0
2022-10-28 12:16:00,262,262,262,262,0
2022-10-28 12:17:00,262,262,262,262,0
2022-10-28 12:18:00,262,262,262,262,0
2022-10-28 12:19:00,262,262,262,262,0
2022-10-28 12:20:00,262,262,262,262,0
2022-10-28 12:21:00,262,262,262,262,0
2022-10-28 12:22:00,262,262,262,262,0
2022-10-28 12:23:00,262,262,262,262,0
2022-10-28 12:24:00,262,262,262,262,0
2022-10-28 12:25:00,262,262,262,262,0
2022-10-28 12:26:00,262,262,262,262,0
2022-10-28 12:27:00,262,262,262,262,0
2022-10-28 12:28:00,262,262,262,262,0
2022-10-28 12:29:00,262,262,262,262,0
2022-10-28 12:30:00,262,262,262,262,0
2022-10-28 12:31:00,262,262,262,262,0
2022-10-28 12:32:00,262,262,262,262,0
2022-10-28 12:33:00,262,262,262,262,0
2022-10-28 12:34:00,262,262,262,262,0
2022-10-28 12:35:00,262,262,262,262,0
2022-10-28 12:36:00,262,262,262,262,0
2022-10-28 12:37:00,262,262,262,262,0
2022-10-28 12:38:00,262,262,262,262,0
2022-10-28 12:39:00,262,262,262,262,0
2022-10-28 12:40:00,262,262,262,262,0
2022-10-28 12:41:00,262,262,262,262,0
2022-10-28 12:42:00,262,262,262,262,0
2022-10-28 12:43:00,262,262,262,262,0
2022-10-28 12:44:00,262,262,262,262,0
2022-10-28 12:45:00,262,262,262,262,0
2022-10-28 12:46:00,262,262,262,262,0
2022-10-28 12:47:00,262,262,262,262,0
2022-10-28 12:48:00,262,262,262,262,0
2022-10-28 12:49:00,262,262,262,262,0
2022-10-28 12:50:00,262,262,262,262,0
2022-10-28 12:51:00,262,262,262,262,0
2022-10-28 12:52:00,262,262,262,262,0
2022-10-28 12:53:00,262,262,262,262,0
2022-10-28 12:54:00,262,262,262,262,0
2022-10-28 12:55:00,262,262,262,262,0
2022-10-28 12:56:00,262,262,262,262,0
2022-10-28 12:57:00,262,262,262,262,0
2022-10-28 12:58:00,262,262,262,262,0
2022-10-28 12:59:00,262,262,262,262,0
2022-10-28 13:00:00,262,262,262,262,0
2022-10-28 13:01:00,262,262,262,262,0
2022-10-28 13:02:00,262,262,262,262,0
2022-10-28 13:03:00,262,262,262,262,0
2022-10-28 13:04:00,262,262,262,262,0
2022-10-28 13:05:00,262,262,262,262,0
2022-10-28 13:06:00,262,262,262,262,0
2022-10-28 13:07:00,262,262,262,262,0
2022-10-28 13:08:00,262,262,262,262,0
2022-10-28 13:09:00,262,262,262,262,0
2022-10-28 13:10:00,262,262,262,262,0
2022-10-28 13:11:00,262,262,262,262,0
2022-10-28 13:12:00,262,262,262,262,0
2022-10-28 13:13:00,262,262,262,262,0
2022-10-28 13:14:00,262,262,262,262,0
2022-10-28 13:15:00,262,262,262,262,0
2022-10-28 13:16:00,262,262,262,262,0
2022-10-28 13:17:00,262,262,262,262,0
2022-10-28 13:18:00,262,262,262,262,0
2022-10-28 13:19:00,262,262,262,262,0
2022-10-28 13:20:00,262,262,262,262,0
2022-10-28 13:21:00,262,262,262,262,0
2022-10-28 13:22:00,262,262,262,262,0
2022-10-28 13:23:00,262,262,262,262,0
2022-10-28 13:24:00,262,262,262,262,0
2022-10-28 13:25:00,262,262,262,262,0
2022-10-28 13:26:00,262,262,262,262,0
2022-10-28 13:27:00,262,262,262,262,0
2022-10-28 13:28:00,262,262,262,262,0
2022-10-28 13:29:00,262,262,262,262,0
2022-10-28 13:30:00,262,262,262,262,0
2022-10-28 13:31:00,262,262,262,262,0
2022-10-28 13:32:00,262,262,262,262,0
2022-10-28 13:33:00,262,262,262,262,0
2022-10-28 13:34:00,262,262,262,262,0
2022-10-28 13:35:00,262,262,262,262,0
2022-10-28 13:36:00,262,262,262,262,0
2022-10-28 13:37:00,262,262,262,262,0
2022-10-28 13:38:00,262,262,262,262,0
2022-10-28 13:39:00,262,262,262,262,0
2022-10-28 13:40:00,262,262,262,262,0
2022-10-28 13:41:00,262,262,262,262,0
2022-10-28 13:42:00,262,262,262,262,0
2022-10-28 13:43:00,262,262,262,262,0
2022-10-28 13:44:00,258,258,258,258,9100
2022-10-28 13:45:00,258,258,258,258,0
2022-10-28 13:46:00,258,258,258,258,0
2022-10-28 13:47:00,258,258,258,258,0
2022-10-28 13:48:00,258,258,258,258,0
2022-10-28 13:49:00,258,258,258,258,0
2022-10-28 13:50:00,258,258,258,258,0
2022-10-28 13:51:00,258,258,258,258,0
2022-10-28 13:52:00,258,258,258,258,0
2022-10-28 13:53:00,258,258,258,258,0
2022-10-28 13:54:00,258,258,258,258,0
2022-10-28 13:55:00,258,258,258,258,4000
2022-10-28 13:56:00,258,258,258,258,0
2022-10-28 13:57:00,258,258,258,258,0
2022-10-28 13:58:00,258,258,258,258,0
2022-10-28 13:59:00,258,258,258,258,0
2022-10-28 14:00:00,258,258,258,258,0
2022-10-28 14:01:00,258,258,258,258,0
2022-10-28 14:02:00,258,258,258,258,0
2022-10-28 14:03:00,258,258,258,258,0
2022-10-28 14:04:00,258,258,258,258,0
2022-10-28 14:05:00,258,258,258,258,0
2022-10-28 14:06:00,258,258,258,258,0
2022-10-28 14:07:00,258,258,258,258,0
2022-10-28 14:08:00,258,258,258,258,0
2022-10-28 14:09:00,258,258,258,258,0
2022-10-28 14:10:00,258,258,258,258,0
2022-10-28 14:11:00,258,258,258,258,0
2022-10-28 14:12:00,258,256,258,256,10000
2022-10-28 14:13:00,258,256,258,256,0
2022-10-28 14:14:00,258,256,258,256,0
2022-10-28 14:15:00,258,256,258,256,0
2022-10-28 14:16:00,258,256,258,256,0
2022-10-28 14:17:00,258,256,258,256,0
2022-10-28 14:18:00,258,256,258,256,0
2022-10-28 14:19:00,258,256,258,256,0
2022-10-28 14:20:00,258,256,258,256,0
2022-10-28 14:21:00,258,256,258,256,0
2022-10-28 14:22:00,258,256,258,256,0
2022-10-28 14:23:00,258,256,258,256,0
2022-10-28 14:24:00,258,256,258,256,0
2022-10-28 14:25:00,258,256,258,256,0
2022-10-28 14:26:00,258,256,258,256,0
2022-10-28 14:27:00,258,256,258,256,0
2022-10-28 14:28:00,258,256,258,256,0
2022-10-28 14:29:00,258,256,258,256,0
2022-10-28 14:30:00,258,256,258,256,0
2022-10-28 14:31:00,258,256,258,256,0
2022-10-28 14:32:00,258,256,258,256,0
2022-10-28 14:33:00,258,256,258,256,0
2022-10-28 14:34:00,258,256,258,256,0
2022-10-28 14:35:00,258,256,258,256,0
2022-10-28 14:36:00,258,256,258,256,0
2022-10-28 14:37:00,258,256,258,256,0
2022-10-28 14:38:00,258,256,258,256,0
2022-10-28 14:39:00,258,256,258,256,0
2022-10-28 14:40:00,258,256,258,256,0
2022-10-28 14:41:00,258,256,258,256,0
2022-10-28 14:42:00,258,256,258,256,0
2022-10-28 14:43:00,258,256,258,256,0
2022-10-28 14:44:00,258,256,258,256,0
2022-10-28 14:45:00,258,256,258,256,0
2022-10-28 14:46:00,258,256,258,256,0
2022-10-28 14:47:00,258,256,258,256,0
2022-10-28 14:48:00,256,256,256,256,22000
2022-10-28 14:49:00,256,256,256,256,0
2022-10-28 14:50:00,256,256,256,256,0
2022-10-28 14:51:00,256,256,256,256,0
2022-10-28 14:52:00,256,256,256,256,0
2022-10-28 14:53:00,256,256,256,256,0
2022-10-28 14:54:00,256,256,256,256,0
2022-10-28 14:55:00,256,256,256,256,0
2022-10-28 14:56:00,256,256,256,256,0
2022-10-28 14:57:00,256,256,256,256,0
2022-10-28 14:58:00,256,256,256,256,0
2022-10-28 14:59:00,256,256,256,256,0
2022-10-28 15:00:00,256,256,256,256,0
2022-10-28 15:01:00,256,256,256,256,0
2022-10-28 15:02:00,256,256,256,256,0
2022-10-28 15:03:00,256,256,256,256,0
2022-10-28 15:04:00,256,256,256,256,0
2022-10-28 15:05:00,256,256,256,256,0
2022-10-28 15:06:00,256,256,256,256,0
2022-10-28 15:07:00,256,256,256,256,0
2022-10-28 15:08:00,256,256,256,256,0
2022-10-28 15:09:00,256,256,256,256,0
2022-10-28 15:10:00,256,256,256,256,0
2022-10-28 15:11:00,256,256,256,256,0
2022-10-28 15:12:00,256,256,256,256,0
2022-10-28 15:13:00,256,256,256,256,0
2022-10-28 15:14:00,256,256,256,256,0
2022-10-28 15:15:00,256,256,256,256,0
2022-10-28 15:16:00,256,256,256,256,0
2022-10-28 15:17:00,256,256,256,256,0
2022-10-28 15:18:00,256,256,256,256,0
2022-10-28 15:19:00,256,256,256,256,0
2022-10-28 15:20:00,256,256,256,256,0
2022-10-28 15:21:00,256,256,256,256,0
2022-10-28 15:22:00,256,256,256,256,0
2022-10-28 15:23:00,256,256,256,256,0
2022-10-28 15:24:00,256,256,256,256,0
2022-10-28 15:25:00,256,256,256,256,0
2022-10-28 15:26:00,256,256,256,256,0
2022-10-28 15:27:00,256,256,256,256,0
2022-10-28 15:28:00,256,256,256,256,0
2022-10-28 15:29:00,256,256,256,256,0
2022-10-28 15:30:00,256,256,256,256,0
2022-10-28 15:31:00,256,256,256,256,0
2022-10-28 15:32:00,256,256,256,256,0
2022-10-28 15:33:00,256,256,256,256,0
2022-10-28 15:34:00,256,256,256,256,0
2022-10-28 15:35:00,256,256,256,256,0
2022-10-28 15:36:00,256,256,256,256,0
2022-10-28 15:37:00,256,256,256,256,0
2022-10-28 15:38:00,256,256,256,256,0
2022-10-28 15:39:00,256,256,256,256,0
2022-10-28 15:40:00,256,256,256,256,0
2022-10-28 15:41:00,256,256,256,256,0
2022-10-28 15:42:00,256,256,256,256,0
2022-10-28 15:43:00,256,256,256,256,0
2022-10-28 15:44:00,256,256,256,256,0
2022-10-28 15:45:00,256,256,256,256,0
2022-10-28 15:46:00,256,256,256,256,0
2022-10-28 15:47:00,256,256,256,256,0
2022-10-28 15:48:00,256,256,256,256,0
2022-10-28 15:49:00,256,256,256,256,0
2022-10-28 15:50:00,256,256,256,256,0
2022-10-28 15:51:00,256,256,256,256,0
2022-10-28 15:52:00,256,256,256,256,0
2022-10-28 15:53:00,256,256,256,256,0
2022-10-28 15:54:00,256,256,256,256,0
2022-10-28 15:55:00,256,256,256,256,0
2022-10-28 15:56:00,256,256,256,256,0
2022-10-28 15:57:00,256,256,256,256,0
2022-10-28 15:58:00,256,256,256,256,0
2022-10-28 15:59:00,256,256,256,256,0
2022-10-31 09:00:00,262,262,262,262,0
2022-10-31 09:01:00,262,262,262,262,0
2022-10-31 09:02:00,262,262,262,262,0
2022-10-31 09:03:00,262,262,262,262,0
2022-10-31 09:04:00,262,262,262,262,0
2022-10-31 09:05:00,262,262,262,262,0
2022-10-31 09:06:00,262,262,262,262,0
2022-10-31 09:07:00,262,262,262,262,0
2022-10-31 09:08:00,262,262,262,262,0
2022-10-31 09:09:00,262,262,262,262,0
2022-10-31 09:10:00,262,262,262,262,0
2022-10-31 09:11:00,262,262,262,262,0
2022-10-31 09:12:00,262,262,262,262,0
2022-10-31 09:13:00,262,262,262,262,0
2022-10-31 09:14:00,262,262,262,262,0
2022-10-31 09:15:00,262,262,262,262,0
2022-10-31 09:16:00,262,262,262,262,0
2022-10-31 09:17:00,262,262,262,262,0
2022-10-31 09:18:00,262,262,262,262,0
2022-10-31 09:19:00,262,262,262,262,0
2022-10-31 09:20:00,262,262,262,262,0
2022-10-31 09:21:00,262,262,262,262,0
2022-10-31 09:22:00,262,262,262,262,0
2022-10-31 09:23:00,262,262,264,264,2600
2022-10-31 09:24:00,262,262,264,264,0
2022-10-31 09:25:00,262,262,264,264,0
2022-10-31 09:26:00,264,264,264,264,15100
2022-10-31 09:27:00,264,264,264,264,19600
2022-10-31 09:28:00,264,264,264,264,5000
2022-10-31 09:29:00,262,262,262,262,0
2022-10-31 09:30:00,262,262,262,262,0
2022-10-31 09:31:00,262,262,262,262,0
2022-10-31 09:32:00,262,262,262,262,0
2022-10-31 09:33:00,262,262,262,262,0
2022-10-31 09:34:00,262,262,262,262,0
2022-10-31 09:35:00,262,262,262,262,0
2022-10-31 09:36:00,262,262,262,262,0
2022-10-31 09:37:00,262,262,262,262,400
2022-10-31 09:38:00,262,262,262,262,0
2022-10-31 09:39:00,262,262,262,262,0
2022-10-31 09:40:00,262,262,262,262,0
2022-10-31 09:41:00,262,262,262,262,0
2022-10-31 09:42:00,262,262,262,262,0
2022-10-31 09:43:00,262,262,262,262,0
2022-10-31 09:44:00,262,262,262,262,0
2022-10-31 09:45:00,262,262,262,262,0
2022-10-31 09:46:00,262,262,262,262,0
2022-10-31 09:47:00,262,262,262,262,0
2022-10-31 09:48:00,260,260,260,260,17400
2022-10-31 09:49:00,262,262,262,262,0
2022-10-31 09:50:00,264,264,266,266,900
2022-10-31 09:51:00,264,264,266,266,0
2022-10-31 09:52:00,264,264,266,266,0
2022-10-31 09:53:00,264,264,266,266,0
2022-10-31 09:54:00,264,264,266,266,0
2022-10-31 09:55:00,264,264,266,266,0
2022-10-31 09:56:00,264,264,266,266,0
2022-10-31 09:57:00,264,264,266,266,0
2022-10-31 09:58:00,264,264,266,266,0
2022-10-31 09:59:00,264,264,266,266,0
2022-10-31 10:00:00,264,264,266,266,0
2022-10-31 10:01:00,264,264,266,266,0
2022-10-31 10:02:00,264,264,266,266,0
2022-10-31 10:03:00,264,264,266,266,0
2022-10-31 10:04:00,264,264,266,266,0
2022-10-31 10:05:00,264,264,266,266,0
2022-10-31 10:06:00,264,264,266,266,0
2022-10-31 10:07:00,264,264,266,266,0
2022-10-31 10:08:00,264,264,266,266,0
2022-10-31 10:09:00,264,264,266,266,0
2022-10-31 10:10:00,264,264,266,266,0
2022-10-31 10:11:00,264,264,266,266,0
2022-10-31 10:12:00,264,264,266,266,0
2022-10-31 10:13:00,264,264,266,266,0
2022-10-31 10:14:00,264,264,266,266,0
2022-10-31 10:15:00,264,264,266,266,0
2022-10-31 10:16:00,264,264,266,266,0
2022-10-31 10:17:00,264,264,266,266,0
2022-10-31 10:18:00,264,264,266,266,0
2022-10-31 10:19:00,264,264,266,266,0
2022-10-31 10:20:00,264,264,266,266,0
2022-10-31 10:21:00,264,264,266,266,0
2022-10-31 10:22:00,264,264,266,266,0
2022-10-31 10:23:00,264,264,266,266,0
2022-10-31 10:24:00,264,264,266,266,0
2022-10-31 10:25:00,264,264,266,266,0
2022-10-31 10:26:00,264,264,266,266,0
2022-10-31 10:27:00,264,264,266,266,0
2022-10-31 10:28:00,264,264,266,266,0
2022-10-31 10:29:00,264,264,266,266,0
2022-10-31 10:30:00,264,264,266,266,0
2022-10-31 10:31:00,264,264,266,266,0
2022-10-31 10:32:00,264,264,266,266,0
2022-10-31 10:33:00,264,264,266,266,0
2022-10-31 10:34:00,264,264,266,266,0
2022-10-31 10:35:00,264,264,266,266,0
2022-10-31 10:36:00,264,264,266,266,0
2022-10-31 10:37:00,264,264,266,266,0
2022-10-31 10:38:00,264,264,266,266,0
2022-10-31 10:39:00,264,264,266,266,0
2022-10-31 10:40:00,264,264,266,266,0
2022-10-31 10:41:00,264,264,266,266,0
2022-10-31 10:42:00,264,264,266,266,0
2022-10-31 10:43:00,264,264,266,266,0
2022-10-31 10:44:00,264,264,266,266,0
2022-10-31 10:45:00,264,264,266,266,0
2022-10-31 10:46:00,264,264,266,266,0
2022-10-31 10:47:00,264,264,266,266,0
2022-10-31 10:48:00,264,264,266,266,0
2022-10-31 10:49:00,264,264,266,266,0
2022-10-31 10:50:00,264,264,266,266,0
2022-10-31 10:51:00,264,264,266,266,0
2022-10-31 10:52:00,264,264,266,266,0
2022-10-31 10:53:00,264,264,266,266,0
2022-10-31 10:54:00,264,264,266,266,0
2022-10-31 10:55:00,264,264,266,266,0
2022-10-31 10:56:00,264,264,266,266,0
2022-10-31 10:57:00,264,264,266,266,0
2022-10-31 10:58:00,264,264,266,266,0
2022-10-31 10:59:00,264,264,266,266,0
2022-10-31 11:00:00,264,264,266,266,0
2022-10-31 11:01:00,264,264,266,266,0
2022-10-31 11:02:00,264,264,266,266,0
2022-10-31 11:03:00,264,264,266,266,0
2022-10-31 11:04:00,264,264,266,266,0
2022-10-31 11:05:00,264,264,266,266,0
2022-10-31 11:06:00,264,264,266,266,0
2022-10-31 11:07:00,264,264,266,266,0
2022-10-31 11:08:00,264,264,266,266,0
2022-10-31 11:09:00,264,264,266,266,0
2022-10-31 11:10:00,264,264,266,266,0
2022-10-31 11:11:00,264,264,266,266,0
2022-10-31 11:12:00,264,264,266,266,0
2022-10-31 11:13:00,264,264,266,266,0
2022-10-31 11:14:00,264,264,266,266,0
2022-10-31 11:15:00,264,264,266,266,0
2022-10-31 11:16:00,266,266,266,266,100
2022-10-31 11:17:00,266,266,266,266,0
2022-10-31 11:18:00,266,266,266,266,0
2022-10-31 11:19:00,266,266,266,266,0
2022-10-31 11:20:00,266,266,266,266,0
2022-10-31 11:21:00,266,266,266,266,0
2022-10-31 11:22:00,266,266,266,266,0
2022-10-31 11:23:00,266,266,266,266,0
2022-10-31 11:24:00,266,266,266,266,0
2022-10-31 11:25:00,266,266,266,266,0
2022-10-31 11:26:00,266,266,266,266,0
2022-10-31 11:27:00,266,266,266,266,0
2022-10-31 11:28:00,266,266,266,266,0
2022-10-31 11:29:00,266,266,266,266,0
2022-10-31 11:30:00,266,266,266,266,0
2022-10-31 11:31:00,266,266,266,266,0
2022-10-31 11:32:00,266,266,266,266,0
2022-10-31 11:33:00,266,266,266,266,0
2022-10-31 11:34:00,266,266,266,266,0
2022-10-31 11:35:00,266,266,266,266,0
2022-10-31 11:36:00,266,266,266,266,0
2022-10-31 11:37:00,266,266,266,266,0
2022-10-31 11:38:00,266,266,266,266,0
2022-10-31 11:39:00,266,266,266,266,0
2022-10-31 11:40:00,266,266,266,266,0
2022-10-31 11:41:00,266,266,266,266,0
2022-10-31 11:42:00,266,266,266,266,0
2022-10-31 11:43:00,266,266,266,266,0
2022-10-31 11:44:00,266,266,266,266,0
2022-10-31 11:45:00,266,266,266,266,0
2022-10-31 11:46:00,266,266,266,266,0
2022-10-31 11:47:00,266,266,266,266,0
2022-10-31 11:48:00,266,266,266,266,0
2022-10-31 11:49:00,266,266,266,266,0
2022-10-31 11:50:00,266,266,266,266,0
2022-10-31 11:51:00,266,266,266,266,0
2022-10-31 11:52:00,266,266,266,266,0
2022-10-31 11:53:00,266,266,266,266,0
2022-10-31 11:54:00,266,266,266,266,0
2022-10-31 11:55:00,266,266,266,266,0
2022-10-31 11:56:00,266,266,266,266,0
2022-10-31 11:57:00,266,266,266,266,0
2022-10-31 11:58:00,266,266,266,266,0
2022-10-31 11:59:00,266,266,266,266,0
2022-10-31 12:00:00,266,266,266,266,0
2022-10-31 12:01:00,266,266,266,266,0
2022-10-31 12:02:00,266,266,266,266,0
2022-10-31 12:03:00,266,266,266,266,0
2022-10-31 12:04:00,266,266,266,266,0
2022-10-31 12:05:00,266,266,266,266,0
2022-10-31 12:06:00,266,266,266,266,0
2022-10-31 12:07:00,266,266,266,266,0
2022-10-31 12:08:00,266,266,266,266,0
2022-10-31 12:09:00,266,266,266,266,0
2022-10-31 12:10:00,266,266,266,266,0
2022-10-31 12:11:00,266,266,266,266,0
2022-10-31 12:12:00,266,266,266,266,0
2022-10-31 12:13:00,266,266,266,266,0
2022-10-31 12:14:00,266,266,266,266,0
2022-10-31 12:15:00,266,266,266,266,0
2022-10-31 12:16:00,266,266,266,266,0
2022-10-31 12:17:00,266,266,266,266,0
2022-10-31 12:18:00,266,266,266,266,0
2022-10-31 12:19:00,266,266,266,266,0
2022-10-31 12:20:00,266,266,266,266,0
2022-10-31 12:21:00,266,266,266,266,0
2022-10-31 12:22:00,266,266,266,266,0
2022-10-31 12:23:00,266,266,266,266,0
2022-10-31 12:24:00,266,266,266,266,0
2022-10-31 12:25:00,266,266,266,266,0
2022-10-31 12:26:00,266,266,266,266,0
2022-10-31 12:27:00,266,266,266,266,0
2022-10-31 12:28:00,266,266,266,266,0
2022-10-31 12:29:00,266,266,266,266,0
2022-10-31 12:30:00,266,266,266,266,0
2022-10-31 12:31:00,266,266,266,266,0
2022-10-31 12:32:00,266,266,266,266,0
2022-10-31 12:33:00,266,266,266,266,0
2022-10-31 12:34:00,266,266,266,266,0
2022-10-31 12:35:00,266,266,266,266,0
2022-10-31 12:36:00,266,266,266,266,0
2022-10-31 12:37:00,266,266,266,266,0
2022-10-31 12:38:00,266,266,266,266,0
2022-10-31 12:39:00,266,266,266,266,0
2022-10-31 12:40:00,266,266,266,266,0
2022-10-31 12:41:00,266,266,266,266,0
2022-10-31 12:42:00,266,266,266,266,0
2022-10-31 12:43:00,266,266,266,266,0
2022-10-31 12:44:00,266,266,266,266,0
2022-10-31 12:45:00,266,266,266,266,0
2022-10-31 12:46:00,266,266,266,266,0
2022-10-31 12:47:00,266,266,266,266,0
2022-10-31 12:48:00,266,266,266,266,0
2022-10-31 12:49:00,266,266,266,266,0
2022-10-31 12:50:00,266,266,266,266,0
2022-10-31 12:51:00,266,266,266,266,0
2022-10-31 12:52:00,266,266,266,266,0
2022-10-31 12:53:00,266,266,266,266,0
2022-10-31 12:54:00,266,266,266,266,0
2022-10-31 12:55:00,266,266,266,266,0
2022-10-31 12:56:00,266,266,266,266,0
2022-10-31 12:57:00,266,266,266,266,0
2022-10-31 12:58:00,266,266,266,266,0
2022-10-31 12:59:00,266,266,266,266,0
2022-10-31 13:00:00,266,266,266,266,0
2022-10-31 13:01:00,266,266,266,266,0
2022-10-31 13:02:00,266,266,266,266,0
2022-10-31 13:03:00,266,266,266,266,0
2022-10-31 13:04:00,266,266,266,266,0
2022-10-31 13:05:00,266,266,266,266,0
2022-10-31 13:06:00,266,266,266,266,0
2022-10-31 13:07:00,266,266,266,266,0
2022-10-31 13:08:00,266,266,266,266,0
2022-10-31 13:09:00,266,266,266,266,0
2022-10-31 13:10:00,266,266,266,266,0
2022-10-31 13:11:00,266,266,266,266,0
2022-10-31 13:12:00,266,266,266,266,0
2022-10-31 13:13:00,266,266,266,266,0
2022-10-31 13:14:00,266,266,266,266,0
2022-10-31 13:15:00,266,266,266,266,0
2022-10-31 13:16:00,266,266,266,266,0
2022-10-31 13:17:00,266,266,266,266,0
2022-10-31 13:18:00,266,266,266,266,0
2022-10-31 13:19:00,266,266,266,266,0
2022-10-31 13:20:00,266,266,266,266,0
2022-10-31 13:21:00,266,266,266,266,0
2022-10-31 13:22:00,266,266,266,266,0
2022-10-31 13:23:00,266,266,266,266,0
2022-10-31 13:24:00,266,266,266,266,0
2022-10-31 13:25:00,266,266,266,266,0
2022-10-31 13:26:00,266,266,266,266,0
2022-10-31 13:27:00,266,266,266,266,0
2022-10-31 13:28:00,266,266,266,266,0
2022-10-31 13:29:00,266,266,266,266,0
2022-10-31 13:30:00,266,266,266,266,800
2022-10-31 13:31:00,266,266,266,266,0
2022-10-31 13:32:00,266,266,266,266,0
2022-10-31 13:33:00,266,266,266,266,0
2022-10-31 13:34:00,266,266,268,268,600
2022-10-31 13:35:00,266,266,268,268,0
2022-10-31 13:36:00,266,266,268,268,0
2022-10-31 13:37:00,266,266,268,268,0
2022-10-31 13:38:00,266,266,268,268,0
2022-10-31 13:39:00,266,266,268,268,0
2022-10-31 13:40:00,266,266,268,268,0
2022-10-31 13:41:00,266,266,268,268,0
2022-10-31 13:42:00,266,266,268,268,0
2022-10-31 13:43:00,260,260,260,260,100
2022-10-31 13:44:00,260,260,260,260,0
2022-10-31 13:45:00,260,260,260,260,0
2022-10-31 13:46:00,260,260,260,260,0
2022-10-31 13:47:00,260,260,260,260,0
2022-10-31 13:48:00,260,260,260,260,0
2022-10-31 13:49:00,260,260,260,260,0
2022-10-31 13:50:00,260,260,260,260,0
2022-10-31 13:51:00,260,260,260,260,0
2022-10-31 13:52:00,260,260,260,260,0
2022-10-31 13:53:00,260,260,260,260,0
2022-10-31 13:54:00,260,260,260,260,0
2022-10-31 13:55:00,260,260,260,260,0
2022-10-31 13:56:00,260,260,260,260,0
2022-10-31 13:57:00,260,260,260,260,0
2022-10-31 13:58:00,260,260,260,260,0
2022-10-31 13:59:00,260,260,260,260,0
2022-10-31 14:00:00,260,260,260,260,0
2022-10-31 14:01:00,260,260,260,260,0
2022-10-31 14:02:00,260,260,260,260,0
2022-10-31 14:03:00,260,260,260,260,0
2022-10-31 14:04:00,260,260,260,260,0
2022-10-31 14:05:00,260,260,260,260,0
2022-10-31 14:06:00,260,260,260,260,0
2022-10-31 14:07:00,260,260,260,260,0
2022-10-31 14:08:00,260,260,260,260,0
2022-10-31 14:09:00,260,260,260,260,0
2022-10-31 14:10:00,260,260,260,260,0
2022-10-31 14:11:00,260,260,260,260,0
2022-10-31 14:12:00,260,260,260,260,0
2022-10-31 14:13:00,260,260,260,260,0
2022-10-31 14:14:00,260,260,260,260,0
2022-10-31 14:15:00,260,260,260,260,0
2022-10-31 14:16:00,260,260,260,260,0
2022-10-31 14:17:00,260,260,260,260,0
2022-10-31 14:18:00,260,260,260,260,0
2022-10-31 14:19:00,260,260,260,260,0
2022-10-31 14:20:00,260,260,260,260,0
2022-10-31 14:21:00,260,260,260,260,0
2022-10-31 14:22:00,260,260,260,260,0
2022-10-31 14:23:00,260,260,260,260,0
2022-10-31 14:24:00,260,260,260,260,0
2022-10-31 14:25:00,260,260,260,260,0
2022-10-31 14:26:00,260,260,260,260,0
2022-10-31 14:27:00,260,260,260,260,0
2022-10-31 14:28:00,260,260,260,260,0
2022-10-31 14:29:00,260,260,260,260,0
2022-10-31 14:30:00,260,260,260,260,0
2022-10-31 14:31:00,260,260,260,260,0
2022-10-31 14:32:00,260,260,260,260,0
2022-10-31 14:33:00,260,260,260,260,0
2022-10-31 14:34:00,260,260,260,260,0
2022-10-31 14:35:00,260,260,260,260,0
2022-10-31 14:36:00,260,260,260,260,0
2022-10-31 14:37:00,260,260,260,260,0
2022-10-31 14:38:00,260,260,260,260,2500
2022-10-31 14:39:00,260,260,260,260,0
2022-10-31 14:40:00,260,260,260,260,0
2022-10-31 14:41:00,260,260,260,260,0
2022-10-31 14:42:00,260,260,260,260,5000
2022-10-31 14:43:00,260,260,260,260,0
2022-10-31 14:44:00,260,260,260,260,0
2022-10-31 14:45:00,260,260,260,260,0
2022-10-31 14:46:00,260,260,260,260,0
2022-10-31 14:47:00,260,260,260,260,0
2022-10-31 14:48:00,260,260,260,260,1000
2022-10-31 14:49:00,260,260,260,260,0
2022-10-31 14:50:00,260,260,260,260,0
2022-10-31 14:51:00,260,260,260,260,0
2022-10-31 14:52:00,260,260,260,260,0
2022-10-31 14:53:00,260,260,260,260,0
2022-10-31 14:54:00,260,260,260,260,0
2022-10-31 14:55:00,260,260,260,260,0
2022-10-31 14:56:00,260,260,260,260,0
2022-10-31 14:57:00,260,260,260,260,0
2022-10-31 14:58:00,260,260,260,260,0
2022-10-31 14:59:00,260,260,260,260,0
2022-10-31 15:00:00,268,268,268,268,100
2022-10-31 15:01:00,268,268,268,268,0
2022-10-31 15:02:00,268,268,268,268,0
2022-10-31 15:03:00,268,268,268,268,0
2022-10-31 15:04:00,268,268,268,268,7200
2022-10-31 15:05:00,268,268,268,268,0
2022-10-31 15:06:00,268,268,268,268,0
2022-10-31 15:07:00,268,268,268,268,77800
2022-10-31 15:08:00,268,268,268,268,0
2022-10-31 15:09:00,268,268,268,268,0
2022-10-31 15:10:00,268,268,268,268,0
2022-10-31 15:11:00,268,268,268,268,0
2022-10-31 15:12:00,268,268,268,268,0
2022-10-31 15:13:00,268,268,268,268,0
2022-10-31 15:14:00,268,268,268,268,0
2022-10-31 15:15:00,268,268,268,268,0
2022-10-31 15:16:00,268,268,268,268,0
2022-10-31 15:17:00,268,268,268,268,0
2022-10-31 15:18:00,268,268,268,268,0
2022-10-31 15:19:00,268,268,268,268,0
2022-10-31 15:20:00,268,268,268,268,0
2022-10-31 15:21:00,268,268,268,268,0
2022-10-31 15:22:00,268,268,268,268,0
2022-10-31 15:23:00,268,268,268,268,0
2022-10-31 15:24:00,268,268,268,268,0
2022-10-31 15:25:00,268,268,268,268,0
2022-10-31 15:26:00,268,268,268,268,0
2022-10-31 15:27:00,268,268,268,268,0
2022-10-31 15:28:00,268,268,268,268,0
2022-10-31 15:29:00,268,268,268,268,0
2022-10-31 15:30:00,268,268,268,268,0
2022-10-31 15:31:00,268,268,268,268,0
2022-10-31 15:32:00,268,268,268,268,0
2022-10-31 15:33:00,268,268,268,268,0
2022-10-31 15:34:00,268,268,268,268,0
2022-10-31 15:35:00,268,268,268,268,0
2022-10-31 15:36:00,268,268,268,268,0
2022-10-31 15:37:00,268,268,268,268,0
2022-10-31 15:38:00,268,268,268,268,0
2022-10-31 15:39:00,268,268,268,268,0
2022-10-31 15:40:00,268,268,268,268,0
2022-10-31 15:41:00,268,268,268,268,0
2022-10-31 15:42:00,268,268,268,268,0
2022-10-31 15:43:00,268,268,268,268,0
2022-10-31 15:44:00,268,268,268,268,0
2022-10-31 15:45:00,268,268,268,268,0
2022-10-31 15:46:00,268,268,268,268,0
2022-10-31 15:47:00,268,268,268,268,0
2022-10-31 15:48:00,268,268,268,268,0
2022-10-31 15:49:00,268,268,268,268,0
2022-10-31 15:50:00,268,268,268,268,0
2022-10-31 15:51:00,268,268,268,268,0
2022-10-31 15:52:00,268,268,268,268,0
2022-10-31 15:53:00,268,268,268,268,0
2022-10-31 15:54:00,268,268,268,268,0
2022-10-31 15:55:00,268,268,268,268,0
2022-10-31 15:56:00,268,268,268,268,0
2022-10-31 15:57:00,268,268,268,268,0
2022-10-31 15:58:00,268,268,268,268,0
2022-10-31 15:59:00,268,268,268,268,0
2022-11-01 09:00:00,268,268,268,268,0
2022-11-01 09:01:00,268,268,268,268,0
2022-11-01 09:02:00,270,268,270,268,0
2022-11-01 09:03:00,270,268,270,268,0
2022-11-01 09:04:00,270,268,270,268,0
2022-11-01 09:05:00,270,268,270,268,0
2022-11-01 09:06:00,270,268,270,268,0
2022-11-01 09:07:00,270,268,270,268,0
2022-11-01 09:08:00,264,264,264,264,3700
2022-11-01 09:09:00,264,264,264,264,0
2022-11-01 09:10:00,264,264,264,264,0
2022-11-01 09:11:00,264,264,264,264,0
2022-11-01 09:12:00,264,264,264,264,0
2022-11-01 09:13:00,264,264,264,264,0
2022-11-01 09:14:00,264,264,264,264,200
2022-11-01 09:15:00,264,264,264,264,0
2022-11-01 09:16:00,264,264,264,264,0
2022-11-01 09:17:00,268,268,270,270,400
2022-11-01 09:18:00,268,268,270,270,0
2022-11-01 09:19:00,268,268,270,270,0
2022-11-01 09:20:00,268,268,270,270,0
2022-11-01 09:21:00,268,268,270,270,0
2022-11-01 09:22:00,268,268,270,270,0
2022-11-01 09:23:00,268,268,270,270,0
2022-11-01 09:24:00,268,268,270,270,0
2022-11-01 09:25:00,268,268,270,270,0
2022-11-01 09:26:00,268,268,270,270,0
2022-11-01 09:27:00,268,268,270,270,0
2022-11-01 09:28:00,268,268,270,270,0
2022-11-01 09:29:00,268,268,270,270,0
2022-11-01 09:30:00,268,268,270,270,0
2022-11-01 09:31:00,268,268,270,270,0
2022-11-01 09:32:00,268,268,270,270,0
2022-11-01 09:33:00,268,268,270,270,0
2022-11-01 09:34:00,268,268,270,270,0
2022-11-01 09:35:00,268,268,270,270,0
2022-11-01 09:36:00,268,268,270,270,0
2022-11-01 09:37:00,268,268,270,270,0
2022-11-01 09:38:00,268,268,270,270,0
2022-11-01 09:39:00,268,268,270,270,0
2022-11-01 09:40:00,268,268,270,270,0
2022-11-01 09:41:00,268,268,270,270,0
2022-11-01 09:42:00,268,268,270,270,0
2022-11-01 09:43:00,268,268,270,270,0
2022-11-01 09:44:00,268,268,270,270,0
2022-11-01 09:45:00,268,268,270,270,0
2022-11-01 09:46:00,268,268,270,270,0
2022-11-01 09:47:00,268,268,270,270,0
2022-11-01 09:48:00,268,268,270,270,0
2022-11-01 09:49:00,268,268,270,270,0
2022-11-01 09:50:00,268,268,270,270,0
2022-11-01 09:51:00,268,268,270,270,0
2022-11-01 09:52:00,268,268,270,270,0
2022-11-01 09:53:00,268,268,270,270,0
2022-11-01 09:54:00,268,268,270,270,0
2022-11-01 09:55:00,268,268,270,270,0
2022-11-01 09:56:00,268,268,268,268,900
2022-11-01 09:57:00,268,268,268,268,0
2022-11-01 09:58:00,268,268,268,268,0
2022-11-01 09:59:00,268,268,268,268,0
2022-11-01 10:00:00,268,268,268,268,0
2022-11-01 10:01:00,268,268,268,268,0
2022-11-01 10:02:00,268,268,268,268,0
2022-11-01 10:03:00,268,268,268,268,0
2022-11-01 10:04:00,268,268,268,268,0
2022-11-01 10:05:00,268,268,268,268,0
2022-11-01 10:06:00,268,268,268,268,0
2022-11-01 10:07:00,268,268,268,268,0
2022-11-01 10:08:00,268,268,268,268,0
2022-11-01 10:09:00,268,268,268,268,0
2022-11-01 10:10:00,268,268,268,268,0
2022-11-01 10:11:00,268,268,268,268,0
2022-11-01 10:12:00,268,268,268,268,0
2022-11-01 10:13:00,268,268,268,268,0
2022-11-01 10:14:00,268,268,268,268,0
2022-11-01 10:15:00,268,268,268,268,0
2022-11-01 10:16:00,268,268,268,268,0
2022-11-01 10:17:00,262,260,262,260,20400
2022-11-01 10:18:00,260,260,260,260,0
2022-11-01 10:19:00,260,260,260,260,0
2022-11-01 10:20:00,260,260,260,260,0
2022-11-01 10:21:00,260,260,260,260,0
2022-11-01 10:22:00,260,260,260,260,0
2022-11-01 10:23:00,260,260,260,260,0
2022-11-01 10:24:00,260,260,260,260,0
2022-11-01 10:25:00,260,260,260,260,0
2022-11-01 10:26:00,260,260,260,260,0
2022-11-01 10:27:00,260,260,260,260,0
2022-11-01 10:28:00,260,258,260,258,20300
2022-11-01 10:29:00,260,258,260,258,0
2022-11-01 10:30:00,260,258,260,258,0
2022-11-01 10:31:00,260,258,260,258,0
2022-11-01 10:32:00,260,258,260,258,0
2022-11-01 10:33:00,260,258,260,258,0
2022-11-01 10:34:00,260,258,260,258,0
2022-11-01 10:35:00,260,258,260,258,0
2022-11-01 10:36:00,260,258,260,258,0
2022-11-01 10:37:00,260,258,260,258,0
2022-11-01 10:38:00,260,258,260,258,0
2022-11-01 10:39:00,260,258,260,258,0
2022-11-01 10:40:00,260,258,260,258,0
2022-11-01 10:41:00,260,258,260,258,0
2022-11-01 10:42:00,260,258,260,258,0
2022-11-01 10:43:00,260,258,260,258,0
2022-11-01 10:44:00,260,258,260,258,0
2022-11-01 10:45:00,260,258,260,258,0
2022-11-01 10:46:00,260,258,260,258,0
2022-11-01 10:47:00,260,258,260,258,0
2022-11-01 10:48:00,260,258,260,258,0
2022-11-01 10:49:00,260,258,260,258,0
2022-11-01 10:50:00,260,258,260,258,0
2022-11-01 10:51:00,260,258,260,258,0
2022-11-01 10:52:00,260,258,260,258,0
2022-11-01 10:53:00,260,258,260,258,0
2022-11-01 10:54:00,260,258,260,258,0
2022-11-01 10:55:00,260,258,260,258,0
2022-11-01 10:56:00,260,258,260,258,0
2022-11-01 10:57:00,260,258,260,258,0
2022-11-01 10:58:00,260,258,260,258,0
2022-11-01 10:59:00,260,258,260,258,0
2022-11-01 11:00:00,260,258,260,258,0
2022-11-01 11:01:00,260,258,260,258,0
2022-11-01 11:02:00,260,258,260,258,0
2022-11-01 11:03:00,260,258,260,258,0
2022-11-01 11:04:00,260,258,260,258,0
2022-11-01 11:05:00,260,258,260,258,0
2022-11-01 11:06:00,260,258,260,258,0
2022-11-01 11:07:00,260,258,260,258,0
2022-11-01 11:08:00,260,258,260,258,0
2022-11-01 11:09:00,260,258,260,258,0
2022-11-01 11:10:00,260,258,260,258,0
2022-11-01 11:11:00,260,258,260,258,0
2022-11-01 11:12:00,260,258,260,258,0
2022-11-01 11:13:00,260,258,260,258,0
2022-11-01 11:14:00,260,258,260,258,0
2022-11-01 11:15:00,260,258,260,258,0
2022-11-01 11:16:00,260,258,260,258,0
2022-11-01 11:17:00,260,258,260,258,0
2022-11-01 11:18:00,260,258,260,258,0
2022-11-01 11:19:00,260,258,260,258,0
2022-11-01 11:20:00,260,258,260,258,0
2022-11-01 11:21:00,260,258,260,258,0
2022-11-01 11:22:00,260,258,260,258,0
2022-11-01 11:23:00,260,258,260,258,0
2022-11-01 11:24:00,260,258,260,258,0
2022-11-01 11:25:00,260,258,260,258,0
2022-11-01 11:26:00,260,258,260,258,0
2022-11-01 11:27:00,266,266,268,268,200
2022-11-01 11:28:00,266,266,268,268,0
2022-11-01 11:29:00,266,266,268,268,0
2022-11-01 11:30:00,266,266,268,268,0
2022-11-01 11:31:00,266,266,268,268,0
2022-11-01 11:32:00,266,266,268,268,0
2022-11-01 11:33:00,266,266,268,268,0
2022-11-01 11:34:00,266,266,268,268,0
2022-11-01 11:35:00,266,266,268,268,0
2022-11-01 11:36:00,266,266,268,268,0
2022-11-01 11:37:00,266,266,268,268,0
2022-11-01 11:38:00,266,266,268,268,0
2022-11-01 11:39:00,266,266,268,268,0
2022-11-01 11:40:00,266,266,268,268,0
2022-11-01 11:41:00,266,266,268,268,0
2022-11-01 11:42:00,266,266,268,268,0
2022-11-01 11:43:00,266,266,268,268,0
2022-11-01 11:44:00,266,266,268,268,0
2022-11-01 11:45:00,266,266,268,268,0
2022-11-01 11:46:00,266,266,268,268,0
2022-11-01 11:47:00,266,266,268,268,0
2022-11-01 11:48:00,266,266,268,268,0
2022-11-01 11:49:00,266,266,268,268,0
2022-11-01 11:50:00,266,266,268,268,0
2022-11-01 11:51:00,266,266,268,268,0
2022-11-01 11:52:00,266,266,268,268,0
2022-11-01 11:53:00,266,266,268,268,0
2022-11-01 11:54:00,266,266,268,268,0
2022-11-01 11:55:00,266,266,268,268,0
2022-11-01 11:56:00,266,266,268,268,0
2022-11-01 11:57:00,266,266,268,268,0
2022-11-01 11:58:00,266,266,268,268,0
2022-11-01 11:59:00,266,266,268,268,0
2022-11-01 12:00:00,266,266,268,268,0
2022-11-01 12:01:00,266,266,268,268,0
2022-11-01 12:02:00,266,266,268,268,0
2022-11-01 12:03:00,266,266,268,268,0
2022-11-01 12:04:00,266,266,268,268,0
2022-11-01 12:05:00,266,266,268,268,0
2022-11-01 12:06:00,266,266,268,268,0
2022-11-01 12:07:00,266,266,268,268,0
2022-11-01 12:08:00,266,266,268,268,0
2022-11-01 12:09:00,266,266,268,268,0
2022-11-01 12:10:00,266,266,268,268,0
2022-11-01 12:11:00,266,266,268,268,0
2022-11-01 12:12:00,266,266,268,268,0
2022-11-01 12:13:00,266,266,268,268,0
2022-11-01 12:14:00,266,266,268,268,0
2022-11-01 12:15:00,266,266,268,268,0
2022-11-01 12:16:00,266,266,268,268,0
2022-11-01 12:17:00,266,266,268,268,0
2022-11-01 12:18:00,266,266,268,268,0
2022-11-01 12:19:00,266,266,268,268,0
2022-11-01 12:20:00,266,266,268,268,0
2022-11-01 12:21:00,266,266,268,268,0
2022-11-01 12:22:00,266,266,268,268,0
2022-11-01 12:23:00,266,266,268,268,0
2022-11-01 12:24:00,266,266,268,268,0
2022-11-01 12:25:00,266,266,268,268,0
2022-11-01 12:26:00,266,266,268,268,0
2022-11-01 12:27:00,266,266,268,268,0
2022-11-01 12:28:00,266,266,268,268,0
2022-11-01 12:29:00,266,266,268,268,0
2022-11-01 12:30:00,266,266,268,268,0
2022-11-01 12:31:00,266,266,268,268,0
2022-11-01 12:32:00,266,266,268,268,0
2022-11-01 12:33:00,266,266,268,268,0
2022-11-01 12:34:00,266,266,268,268,0
2022-11-01 12:35:00,266,266,268,268,0
2022-11-01 12:36:00,266,266,268,268,0
2022-11-01 12:37:00,266,266,268,268,0
2022-11-01 12:38:00,266,266,268,268,0
2022-11-01 12:39:00,266,266,268,268,0
2022-11-01 12:40:00,266,266,268,268,0
2022-11-01 12:41:00,266,266,268,268,0
2022-11-01 12:42:00,266,266,268,268,0
2022-11-01 12:43:00,266,266,268,268,0
2022-11-01 12:44:00,266,266,268,268,0
2022-11-01 12:45:00,266,266,268,268,0
2022-11-01 12:46:00,266,266,268,268,0
2022-11-01 12:47:00,266,266,268,268,0
2022-11-01 12:48:00,266,266,268,268,0
2022-11-01 12:49:00,266,266,268,268,0
2022-11-01 12:50:00,266,266,268,268,0
2022-11-01 12:51:00,266,266,268,268,0
2022-11-01 12:52:00,266,266,268,268,0
2022-11-01 12:53:00,266,266,268,268,0
2022-11-01 12:54:00,266,266,268,268,0
2022-11-01 12:55:00,266,266,268,268,0
2022-11-01 12:56:00,266,266,268,268,0
2022-11-01 12:57:00,266,266,268,268,0
2022-11-01 12:58:00,266,266,268,268,0
2022-11-01 12:59:00,266,266,268,268,0
2022-11-01 13:00:00,266,266,268,268,0
2022-11-01 13:01:00,266,266,268,268,0
2022-11-01 13:02:00,266,266,268,268,0
2022-11-01 13:03:00,266,266,268,268,0
2022-11-01 13:04:00,266,266,268,268,0
2022-11-01 13:05:00,266,266,268,268,0
2022-11-01 13:06:00,266,266,268,268,0
2022-11-01 13:07:00,266,266,268,268,0
2022-11-01 13:08:00,266,266,268,268,0
2022-11-01 13:09:00,266,266,268,268,0
2022-11-01 13:10:00,266,266,268,268,0
2022-11-01 13:11:00,266,266,268,268,0
2022-11-01 13:12:00,266,266,268,268,0
2022-11-01 13:13:00,266,266,268,268,0
2022-11-01 13:14:00,266,266,268,268,0
2022-11-01 13:15:00,266,266,268,268,0
2022-11-01 13:16:00,266,266,268,268,0
2022-11-01 13:17:00,266,266,268,268,0
2022-11-01 13:18:00,266,266,268,268,0
2022-11-01 13:19:00,266,266,268,268,0
2022-11-01 13:20:00,266,266,268,268,0
2022-11-01 13:21:00,266,266,268,268,0
2022-11-01 13:22:00,266,266,268,268,0
2022-11-01 13:23:00,266,266,268,268,0
2022-11-01 13:24:00,266,266,268,268,0
2022-11-01 13:25:00,266,266,268,268,0
2022-11-01 13:26:00,266,266,268,268,0
2022-11-01 13:27:00,266,266,268,268,0
2022-11-01 13:28:00,266,266,268,268,0
2022-11-01 13:29:00,266,266,268,268,0
2022-11-01 13:30:00,266,266,268,268,0
2022-11-01 13:31:00,266,266,268,268,0
2022-11-01 13:32:00,266,266,268,268,0
2022-11-01 13:33:00,266,266,268,268,0
2022-11-01 13:34:00,258,258,258,258,5600
2022-11-01 13:35:00,258,258,258,258,0
2022-11-01 13:36:00,258,258,258,258,0
2022-11-01 13:37:00,258,258,258,258,0
2022-11-01 13:38:00,258,258,258,258,0
2022-11-01 13:39:00,258,258,258,258,0
2022-11-01 13:40:00,258,258,258,258,0
2022-11-01 13:41:00,258,258,258,258,0
2022-11-01 13:42:00,258,258,258,258,0
2022-11-01 13:43:00,256,256,256,256,100
2022-11-01 13:44:00,256,256,256,256,0
2022-11-01 13:45:00,256,256,256,256,0
2022-11-01 13:46:00,256,256,256,256,0
2022-11-01 13:47:00,256,256,256,256,0
2022-11-01 13:48:00,256,256,256,256,0
2022-11-01 13:49:00,256,256,256,256,0
2022-11-01 13:50:00,256,256,256,256,0
2022-11-01 13:51:00,256,256,256,256,0
2022-11-01 13:52:00,266,266,266,266,100
2022-11-01 13:53:00,266,266,266,266,0
2022-11-01 13:54:00,266,266,266,266,0
2022-11-01 13:55:00,266,266,266,266,0
2022-11-01 13:56:00,266,266,266,266,0
2022-11-01 13:57:00,266,266,266,266,0
2022-11-01 13:58:00,266,266,266,266,0
2022-11-01 13:59:00,266,266,266,266,0
2022-11-01 14:00:00,266,266,266,266,0
2022-11-01 14:01:00,266,266,266,266,0
2022-11-01 14:02:00,266,266,266,266,0
2022-11-01 14:03:00,266,266,266,266,0
2022-11-01 14:04:00,266,266,266,266,0
2022-11-01 14:05:00,266,266,266,266,0
2022-11-01 14:06:00,266,266,266,266,0
2022-11-01 14:07:00,266,266,266,266,0
2022-11-01 14:08:00,266,266,266,266,0
2022-11-01 14:09:00,266,266,266,266,0
2022-11-01 14:10:00,266,266,266,266,0
2022-11-01 14:11:00,266,266,266,266,0
2022-11-01 14:12:00,266,266,266,266,0
2022-11-01 14:13:00,266,266,266,266,0
2022-11-01 14:14:00,266,266,266,266,0
2022-11-01 14:15:00,266,266,266,266,0
2022-11-01 14:16:00,266,266,266,266,0
2022-11-01 14:17:00,266,266,266,266,0
2022-11-01 14:18:00,266,266,266,266,0
2022-11-01 14:19:00,266,266,266,266,0
2022-11-01 14:20:00,266,266,266,266,0
2022-11-01 14:21:00,266,266,266,266,0
2022-11-01 14:22:00,266,266,266,266,0
2022-11-01 14:23:00,266,266,266,266,0
2022-11-01 14:24:00,266,266,266,266,0
2022-11-01 14:25:00,266,266,266,266,0
2022-11-01 14:26:00,266,266,266,266,0
2022-11-01 14:27:00,266,266,266,266,100
2022-11-01 14:28:00,266,266,266,266,0
2022-11-01 14:29:00,266,266,266,266,0
2022-11-01 14:30:00,266,266,266,266,0
2022-11-01 14:31:00,266,266,266,266,0
2022-11-01 14:32:00,266,266,266,266,0
2022-11-01 14:33:00,266,266,266,266,0
2022-11-01 14:34:00,266,266,266,266,0
2022-11-01 14:35:00,266,266,266,266,0
2022-11-01 14:36:00,266,266,266,266,0
2022-11-01 14:37:00,266,266,266,266,0
2022-11-01 14:38:00,266,266,266,266,0
2022-11-01 14:39:00,266,266,266,266,0
2022-11-01 14:40:00,266,266,266,266,0
2022-11-01 14:41:00,266,266,266,266,0
2022-11-01 14:42:00,266,266,266,266,0
2022-11-01 14:43:00,266,266,266,266,0
2022-11-01 14:44:00,266,266,266,266,0
2022-11-01 14:45:00,266,266,266,266,0
2022-11-01 14:46:00,266,266,266,266,0
2022-11-01 14:47:00,266,266,266,266,0
2022-11-01 14:48:00,266,266,266,266,0
2022-11-01 14:49:00,266,266,266,266,0
2022-11-01 14:50:00,266,266,266,266,0
2022-11-01 14:51:00,266,266,266,266,0
2022-11-01 14:52:00,266,266,266,266,0
2022-11-01 14:53:00,266,266,266,266,0
2022-11-01 14:54:00,266,266,266,266,0
2022-11-01 14:55:00,266,266,266,266,0
2022-11-01 14:56:00,266,266,266,266,0
2022-11-01 14:57:00,266,266,266,266,0
2022-11-01 14:58:00,266,266,266,266,0
2022-11-01 14:59:00,266,266,266,266,0
2022-11-01 15:00:00,266,266,266,266,0
2022-11-01 15:01:00,266,266,266,266,100
2022-11-01 15:02:00,266,266,266,266,0
2022-11-01 15:03:00,266,266,266,266,0
2022-11-01 15:04:00,266,266,266,266,0
2022-11-01 15:05:00,266,266,266,266,0
2022-11-01 15:06:00,266,266,266,266,0
2022-11-01 15:07:00,266,266,266,266,0
2022-11-01 15:08:00,266,266,266,266,0
2022-11-01 15:09:00,266,266,266,266,0
2022-11-01 15:10:00,266,266,266,266,0
2022-11-01 15:11:00,266,266,266,266,0
2022-11-01 15:12:00,266,266,266,266,0
2022-11-01 15:13:00,266,266,266,266,0
2022-11-01 15:14:00,266,266,266,266,0
2022-11-01 15:15:00,266,266,266,266,0
2022-11-01 15:16:00,266,266,266,266,0
2022-11-01 15:17:00,266,266,266,266,0
2022-11-01 15:18:00,266,266,266,266,0
2022-11-01 15:19:00,266,266,266,266,0
2022-11-01 15:20:00,266,266,266,266,0
2022-11-01 15:21:00,266,266,266,266,0
2022-11-01 15:22:00,266,266,266,266,0
2022-11-01 15:23:00,266,266,266,266,0
2022-11-01 15:24:00,266,266,266,266,0
2022-11-01 15:25:00,266,266,266,266,0
2022-11-01 15:26:00,266,266,266,266,0
2022-11-01 15:27:00,266,266,266,266,0
2022-11-01 15:28:00,266,266,266,266,0
2022-11-01 15:29:00,266,266,266,266,0
2022-11-01 15:30:00,266,266,266,266,0
2022-11-01 15:31:00,266,266,266,266,0
2022-11-01 15:32:00,266,266,266,266,0
2022-11-01 15:33:00,266,266,266,266,0
2022-11-01 15:34:00,266,266,266,266,0
2022-11-01 15:35:00,266,266,266,266,0
2022-11-01 15:36:00,266,266,266,266,0
2022-11-01 15:37:00,266,266,266,266,0
2022-11-01 15:38:00,266,266,266,266,0
2022-11-01 15:39:00,266,266,266,266,0
2022-11-01 15:40:00,266,266,266,266,0
2022-11-01 15:41:00,266,266,266,266,0
2022-11-01 15:42:00,266,266,266,266,0
2022-11-01 15:43:00,266,266,266,266,0
2022-11-01 15:44:00,266,266,266,266,0
2022-11-01 15:45:00,266,266,266,266,0
2022-11-01 15:46:00,266,266,266,266,0
2022-11-01 15:47:00,266,266,266,266,0
2022-11-01 15:48:00,266,266,266,266,0
2022-11-01 15:49:00,266,266,266,266,0
2022-11-01 15:50:00,266,266,266,266,0
2022-11-01 15:51:00,266,266,266,266,0
2022-11-01 15:52:00,266,266,266,266,0
2022-11-01 15:53:00,266,266,266,266,0
2022-11-01 15:54:00,266,266,266,266,0
2022-11-01 15:55:00,266,266,266,266,0
2022-11-01 15:56:00,266,266,266,266,0
2022-11-01 15:57:00,266,266,266,266,0
2022-11-01 15:58:00,266,266,266,266,0
2022-11-01 15:59:00,266,266,266,266,0
2022-11-02 09:00:00,266,266,266,266,0
2022-11-02 09:01:00,266,266,266,266,0
2022-11-02 09:02:00,266,266,266,266,200
2022-11-02 09:03:00,266,266,266,266,0
2022-11-02 09:04:00,266,266,266,266,0
2022-11-02 09:05:00,266,266,266,266,0
2022-11-02 09:06:00,266,266,266,266,0
2022-11-02 09:07:00,266,266,266,266,0
2022-11-02 09:08:00,266,266,266,266,0
2022-11-02 09:09:00,266,266,266,266,0
2022-11-02 09:10:00,266,266,266,266,0
2022-11-02 09:11:00,266,266,266,266,0
2022-11-02 09:12:00,266,266,266,266,0
2022-11-02 09:13:00,266,266,266,266,0
2022-11-02 09:14:00,266,266,266,266,0
2022-11-02 09:15:00,266,266,266,266,0
2022-11-02 09:16:00,266,266,266,266,0
2022-11-02 09:17:00,258,256,258,256,5200
2022-11-02 09:18:00,258,256,258,256,0
2022-11-02 09:19:00,258,256,258,256,0
2022-11-02 09:20:00,258,256,258,256,0
2022-11-02 09:21:00,258,256,258,256,0
2022-11-02 09:22:00,258,256,258,256,0
2022-11-02 09:23:00,264,264,266,266,300
2022-11-02 09:24:00,264,264,266,266,0
2022-11-02 09:25:00,264,264,266,266,0
2022-11-02 09:26:00,264,264,266,266,0
2022-11-02 09:27:00,264,264,266,266,0
2022-11-02 09:28:00,264,264,266,266,0
2022-11-02 09:29:00,258,258,258,258,700
2022-11-02 09:30:00,258,258,258,258,0
2022-11-02 09:31:00,258,258,258,258,0
2022-11-02 09:32:00,258,258,258,258,0
2022-11-02 09:33:00,258,258,258,258,0
2022-11-02 09:34:00,258,258,258,258,0
2022-11-02 09:35:00,258,258,258,258,0
2022-11-02 09:36:00,258,258,258,258,0
2022-11-02 09:37:00,258,258,258,258,0
2022-11-02 09:38:00,258,258,258,258,0
2022-11-02 09:39:00,258,258,258,258,0
2022-11-02 09:40:00,258,258,258,258,0
2022-11-02 09:41:00,258,258,258,258,0
2022-11-02 09:42:00,258,258,258,258,0
2022-11-02 09:43:00,258,258,258,258,0
2022-11-02 09:44:00,258,258,258,258,0
2022-11-02 09:45:00,258,258,258,258,0
2022-11-02 09:46:00,258,258,258,258,0
2022-11-02 09:47:00,258,258,258,258,0
2022-11-02 09:48:00,258,258,258,258,0
2022-11-02 09:49:00,258,258,258,258,0
2022-11-02 09:50:00,258,258,258,258,0
2022-11-02 09:51:00,258,258,258,258,0
2022-11-02 09:52:00,258,258,258,258,0
2022-11-02 09:53:00,258,258,258,258,0
2022-11-02 09:54:00,258,258,258,258,0
2022-11-02 09:55:00,258,258,258,258,0
2022-11-02 09:56:00,258,258,258,258,0
2022-11-02 09:57:00,258,258,258,258,0
2022-11-02 09:58:00,258,258,258,258,0
2022-11-02 09:59:00,258,258,258,258,0
2022-11-02 10:00:00,258,258,258,258,0
2022-11-02 10:01:00,258,258,258,258,0
2022-11-02 10:02:00,258,258,258,258,0
2022-11-02 10:03:00,258,258,258,258,0
2022-11-02 10:04:00,258,258,258,258,0
2022-11-02 10:05:00,258,258,258,258,0
2022-11-02 10:06:00,258,258,258,258,0
2022-11-02 10:07:00,258,258,258,258,0
2022-11-02 10:08:00,258,258,258,258,0
2022-11-02 10:09:00,258,258,258,258,0
2022-11-02 10:10:00,258,258,258,258,0
2022-11-02 10:11:00,266,266,266,266,600
2022-11-02 10:12:00,266,266,266,266,0
2022-11-02 10:13:00,266,266,266,266,0
2022-11-02 10:14:00,266,266,266,266,0
2022-11-02 10:15:00,266,266,266,266,0
2022-11-02 10:16:00,266,266,266,266,0
2022-11-02 10:17:00,266,266,266,266,0
2022-11-02 10:18:00,266,266,266,266,0
2022-11-02 10:19:00,266,266,266,266,0
2022-11-02 10:20:00,266,266,266,266,0
2022-11-02 10:21:00,266,266,266,266,0
2022-11-02 10:22:00,266,266,266,266,0
2022-11-02 10:23:00,266,266,266,266,0
2022-11-02 10:24:00,266,266,266,266,0
2022-11-02 10:25:00,266,266,266,266,0
2022-11-02 10:26:00,266,266,266,266,0
2022-11-02 10:27:00,266,266,266,266,0
2022-11-02 10:28:00,266,266,266,266,0
2022-11-02 10:29:00,266,266,266,266,0
2022-11-02 10:30:00,266,266,266,266,0
2022-11-02 10:31:00,266,266,266,266,0
2022-11-02 10:32:00,266,266,266,266,0
2022-11-02 10:33:00,266,266,266,266,0
2022-11-02 10:34:00,266,266,266,266,0
2022-11-02 10:35:00,266,266,266,266,0
2022-11-02 10:36:00,266,266,266,266,0
2022-11-02 10:37:00,266,266,266,266,0
2022-11-02 10:38:00,266,266,266,266,0
2022-11-02 10:39:00,266,266,266,266,0
2022-11-02 10:40:00,266,266,266,266,0
2022-11-02 10:41:00,266,266,266,266,0
2022-11-02 10:42:00,266,266,266,266,0
2022-11-02 10:43:00,266,266,266,266,0
2022-11-02 10:44:00,266,266,266,266,0
2022-11-02 10:45:00,266,266,266,266,0
2022-11-02 10:46:00,266,266,266,266,0
2022-11-02 10:47:00,266,266,266,266,0
2022-11-02 10:48:00,266,266,266,266,0
2022-11-02 10:49:00,266,266,266,266,0
2022-11-02 10:50:00,266,266,266,266,0
2022-11-02 10:51:00,266,266,266,266,0
2022-11-02 10:52:00,266,266,266,266,0
2022-11-02 10:53:00,266,266,266,266,0
2022-11-02 10:54:00,266,266,266,266,0
2022-11-02 10:55:00,266,266,266,266,0
2022-11-02 10:56:00,266,266,266,266,0
2022-11-02 10:57:00,266,266,266,266,0
2022-11-02 10:58:00,266,266,266,266,0
2022-11-02 10:59:00,266,266,266,266,0
2022-11-02 11:00:00,266,266,266,266,0
2022-11-02 11:01:00,266,266,266,266,0
2022-11-02 11:02:00,266,266,266,266,0
2022-11-02 11:03:00,266,266,266,266,0
2022-11-02 11:04:00,266,266,266,266,0
2022-11-02 11:05:00,266,266,266,266,0
2022-11-02 11:06:00,266,266,266,266,0
2022-11-02 11:07:00,266,266,266,266,0
2022-11-02 11:08:00,266,266,266,266,0
2022-11-02 11:09:00,266,266,266,266,0
2022-11-02 11:10:00,266,266,266,266,0
2022-11-02 11:11:00,266,266,266,266,0
2022-11-02 11:12:00,266,266,266,266,0
2022-11-02 11:13:00,266,266,266,266,0
2022-11-02 11:14:00,266,266,266,266,0
2022-11-02 11:15:00,266,266,266,266,0
2022-11-02 11:16:00,266,266,266,266,0
2022-11-02 11:17:00,266,266,266,266,0
2022-11-02 11:18:00,260,260,260,260,4500
2022-11-02 11:19:00,260,260,260,260,0
2022-11-02 11:20:00,260,260,260,260,0
2022-11-02 11:21:00,260,260,260,260,0
2022-11-02 11:22:00,260,260,260,260,10000
2022-11-02 11:23:00,260,260,260,260,0
2022-11-02 11:24:00,260,260,260,260,0
2022-11-02 11:25:00,260,260,260,260,2500
2022-11-02 11:26:00,260,260,260,260,0
2022-11-02 11:27:00,260,260,260,260,0
2022-11-02 11:28:00,260,260,260,260,0
2022-11-02 11:29:00,260,260,260,260,0
2022-11-02 11:30:00,260,260,260,260,0
2022-11-02 11:31:00,260,260,260,260,0
2022-11-02 11:32:00,260,260,260,260,0
2022-11-02 11:33:00,260,260,260,260,0
2022-11-02 11:34:00,260,260,260,260,0
2022-11-02 11:35:00,260,260,260,260,0
2022-11-02 11:36:00,260,260,260,260,0
2022-11-02 11:37:00,260,260,260,260,0
2022-11-02 11:38:00,260,260,260,260,0
2022-11-02 11:39:00,260,260,260,260,0
2022-11-02 11:40:00,260,260,260,260,0
2022-11-02 11:41:00,260,260,260,260,0
2022-11-02 11:42:00,260,260,260,260,0
2022-11-02 11:43:00,260,260,260,260,0
2022-11-02 11:44:00,260,260,260,260,0
2022-11-02 11:45:00,260,260,260,260,0
2022-11-02 11:46:00,260,260,260,260,0
2022-11-02 11:47:00,260,260,260,260,0
2022-11-02 11:48:00,260,260,260,260,0
2022-11-02 11:49:00,260,260,260,260,0
2022-11-02 11:50:00,260,260,260,260,0
2022-11-02 11:51:00,260,260,260,260,0
2022-11-02 11:52:00,260,260,260,260,0
2022-11-02 11:53:00,260,260,260,260,0
2022-11-02 11:54:00,260,260,260,260,0
2022-11-02 11:55:00,260,260,260,260,0
2022-11-02 11:56:00,260,260,260,260,0
2022-11-02 11:57:00,260,260,260,260,0
2022-11-02 11:58:00,260,260,260,260,0
2022-11-02 11:59:00,260,260,260,260,0
2022-11-02 12:00:00,260,260,260,260,0
2022-11-02 12:01:00,260,260,260,260,0
2022-11-02 12:02:00,260,260,260,260,0
2022-11-02 12:03:00,260,260,260,260,0
2022-11-02 12:04:00,260,260,260,260,0
2022-11-02 12:05:00,260,260,260,260,0
2022-11-02 12:06:00,260,260,260,260,0
2022-11-02 12:07:00,260,260,260,260,0
2022-11-02 12:08:00,260,260,260,260,0
2022-11-02 12:09:00,260,260,260,260,0
2022-11-02 12:10:00,260,260,260,260,0
2022-11-02 12:11:00,260,260,260,260,0
2022-11-02 12:12:00,260,260,260,260,0
2022-11-02 12:13:00,260,260,260,260,0
2022-11-02 12:14:00,260,260,260,260,0
2022-11-02 12:15:00,260,260,260,260,0
2022-11-02 12:16:00,260,260,260,260,0
2022-11-02 12:17:00,260,260,260,260,0
2022-11-02 12:18:00,260,260,260,260,0
2022-11-02 12:19:00,260,260,260,260,0
2022-11-02 12:20:00,260,260,260,260,0
2022-11-02 12:21:00,260,260,260,260,0
2022-11-02 12:22:00,260,260,260,260,0
2022-11-02 12:23:00,260,260,260,260,0
2022-11-02 12:24:00,260,260,260,260,0
2022-11-02 12:25:00,260,260,260,260,0
2022-11-02 12:26:00,260,260,260,260,0
2022-11-02 12:27:00,260,260,260,260,0
2022-11-02 12:28:00,260,260,260,260,0
2022-11-02 12:29:00,260,260,260,260,0
2022-11-02 12:30:00,260,260,260,260,0
2022-11-02 12:31:00,260,260,260,260,0
2022-11-02 12:32:00,260,260,260,260,0
2022-11-02 12:33:00,260,260,260,260,0
2022-11-02 12:34:00,260,260,260,260,0
2022-11-02 12:35:00,260,260,260,260,0
2022-11-02 12:36:00,260,260,260,260,0
2022-11-02 12:37:00,260,260,260,260,0
2022-11-02 12:38:00,260,260,260,260,0
2022-11-02 12:39:00,260,260,260,260,0
2022-11-02 12:40:00,260,260,260,260,0
2022-11-02 12:41:00,260,260,260,260,0
2022-11-02 12:42:00,260,260,260,260,0
2022-11-02 12:43:00,260,260,260,260,0
2022-11-02 12:44:00,260,260,260,260,0
2022-11-02 12:45:00,260,260,260,260,0
2022-11-02 12:46:00,260,260,260,260,0
2022-11-02 12:47:00,260,260,260,260,0
2022-11-02 12:48:00,260,260,260,260,0
2022-11-02 12:49:00,260,260,260,260,0
2022-11-02 12:50:00,260,260,260,260,0
2022-11-02 12:51:00,260,260,260,260,0
2022-11-02 12:52:00,260,260,260,260,0
2022-11-02 12:53:00,260,260,260,260,0
2022-11-02 12:54:00,260,260,260,260,0
2022-11-02 12:55:00,260,260,260,260,0
2022-11-02 12:56:00,260,260,260,260,0
2022-11-02 12:57:00,260,260,260,260,0
2022-11-02 12:58:00,260,260,260,260,0
2022-11-02 12:59:00,260,260,260,260,0
2022-11-02 13:00:00,260,260,260,260,0
2022-11-02 13:01:00,260,260,260,260,0
2022-11-02 13:02:00,260,260,260,260,0
2022-11-02 13:03:00,260,260,260,260,0
2022-11-02 13:04:00,260,260,260,260,0
2022-11-02 13:05:00,260,260,260,260,0
2022-11-02 13:06:00,260,260,260,260,0
2022-11-02 13:07:00,260,260,260,260,0
2022-11-02 13:08:00,260,260,260,260,0
2022-11-02 13:09:00,260,260,260,260,0
2022-11-02 13:10:00,260,260,260,260,0
2022-11-02 13:11:00,260,260,260,260,0
2022-11-02 13:12:00,260,260,260,260,0
2022-11-02 13:13:00,260,260,260,260,0
2022-11-02 13:14:00,260,260,260,260,0
2022-11-02 13:15:00,260,260,260,260,0
2022-11-02 13:16:00,260,260,260,260,0
2022-11-02 13:17:00,260,260,260,260,0
2022-11-02 13:18:00,260,260,260,260,0
2022-11-02 13:19:00,260,260,260,260,0
2022-11-02 13:20:00,260,260,260,260,0
2022-11-02 13:21:00,260,260,260,260,0
2022-11-02 13:22:00,260,260,260,260,0
2022-11-02 13:23:00,260,260,260,260,0
2022-11-02 13:24:00,260,260,260,260,0
2022-11-02 13:25:00,260,260,260,260,0
2022-11-02 13:26:00,260,260,260,260,0
2022-11-02 13:27:00,260,260,260,260,0
2022-11-02 13:28:00,260,260,260,260,0
2022-11-02 13:29:00,260,260,260,260,0
2022-11-02 13:30:00,260,260,260,260,0
2022-11-02 13:31:00,260,260,260,260,0
2022-11-02 13:32:00,260,260,260,260,0
2022-11-02 13:33:00,260,260,260,260,0
2022-11-02 13:34:00,260,260,260,260,0
2022-11-02 13:35:00,260,260,260,260,0
2022-11-02 13:36:00,260,260,260,260,0
2022-11-02 13:37:00,260,260,260,260,0
2022-11-02 13:38:00,260,260,260,260,0
2022-11-02 13:39:00,260,260,260,260,0
2022-11-02 13:40:00,260,260,260,260,0
2022-11-02 13:41:00,260,260,260,260,0
2022-11-02 13:42:00,260,260,260,260,0
2022-11-02 13:43:00,260,260,260,260,0
2022-11-02 13:44:00,260,260,260,260,0
2022-11-02 13:45:00,260,260,260,260,0
2022-11-02 13:46:00,260,260,260,260,0
2022-11-02 13:47:00,260,260,260,260,0
2022-11-02 13:48:00,260,260,260,260,0
2022-11-02 13:49:00,260,260,260,260,0
2022-11-02 13:50:00,260,260,260,260,0
2022-11-02 13:51:00,260,260,260,260,0
2022-11-02 13:52:00,260,260,260,260,0
2022-11-02 13:53:00,260,260,260,260,0
2022-11-02 13:54:00,260,260,260,260,0
2022-11-02 13:55:00,260,260,260,260,0
2022-11-02 13:56:00,260,260,260,260,0
2022-11-02 13:57:00,260,260,260,260,0
2022-11-02 13:58:00,260,260,260,260,0
2022-11-02 13:59:00,260,260,260,260,0
2022-11-02 14:00:00,260,260,260,260,0
2022-11-02 14:01:00,260,260,260,260,0
2022-11-02 14:02:00,260,260,260,260,0
2022-11-02 14:03:00,260,260,260,260,0
2022-11-02 14:04:00,260,260,260,260,0
2022-11-02 14:05:00,260,260,260,260,0
2022-11-02 14:06:00,260,260,260,260,0
2022-11-02 14:07:00,260,260,260,260,0
2022-11-02 14:08:00,260,260,260,260,0
2022-11-02 14:09:00,260,260,260,260,0
2022-11-02 14:10:00,260,260,260,260,0
2022-11-02 14:11:00,260,260,260,260,0
2022-11-02 14:12:00,260,260,260,260,0
2022-11-02 14:13:00,260,260,260,260,0
2022-11-02 14:14:00,260,260,260,260,0
2022-11-02 14:15:00,260,260,260,260,0
2022-11-02 14:16:00,260,260,260,260,0
2022-11-02 14:17:00,260,260,260,260,0
2022-11-02 14:18:00,260,260,260,260,0
2022-11-02 14:19:00,260,260,260,260,0
2022-11-02 14:20:00,260,260,260,260,0
2022-11-02 14:21:00,260,260,260,260,0
2022-11-02 14:22:00,260,260,260,260,0
2022-11-02 14:23:00,260,260,260,260,0
2022-11-02 14:24:00,260,260,260,260,0
2022-11-02 14:25:00,260,260,260,260,0
2022-11-02 14:26:00,260,260,260,260,0
2022-11-02 14:27:00,260,260,260,260,0
2022-11-02 14:28:00,260,260,260,260,1000
2022-11-02 14:29:00,260,260,260,260,0
2022-11-02 14:30:00,260,260,260,260,0
2022-11-02 14:31:00,260,260,260,260,0
2022-11-02 14:32:00,260,260,260,260,0
2022-11-02 14:33:00,260,260,260,260,0
2022-11-02 14:34:00,260,260,260,260,0
2022-11-02 14:35:00,260,260,260,260,0
2022-11-02 14:36:00,260,260,260,260,0
2022-11-02 14:37:00,260,260,260,260,0
2022-11-02 14:38:00,260,260,260,260,0
2022-11-02 14:39:00,260,260,260,260,0
2022-11-02 14:40:00,260,260,260,260,1600
2022-11-02 14:41:00,260,260,260,260,0
2022-11-02 14:42:00,260,260,260,260,0
2022-11-02 14:43:00,260,260,260,260,0
2022-11-02 14:44:00,260,260,260,260,0
2022-11-02 14:45:00,260,260,260,260,0
2022-11-02 14:46:00,260,260,260,260,3400
2022-11-02 14:47:00,260,260,260,260,0
2022-11-02 14:48:00,260,260,260,260,0
2022-11-02 14:49:00,260,260,260,260,0
2022-11-02 14:50:00,260,260,260,260,0
2022-11-02 14:51:00,260,260,260,260,0
2022-11-02 14:52:00,260,260,260,260,0
2022-11-02 14:53:00,260,260,260,260,0
2022-11-02 14:54:00,260,260,260,260,0
2022-11-02 14:55:00,260,260,260,260,0
2022-11-02 14:56:00,260,260,260,260,0
2022-11-02 14:57:00,260,260,260,260,0
2022-11-02 14:58:00,260,260,260,260,0
2022-11-02 14:59:00,260,260,260,260,0
2022-11-02 15:00:00,264,264,264,264,25800
2022-11-02 15:01:00,264,264,264,264,0
2022-11-02 15:02:00,264,264,264,264,0
2022-11-02 15:03:00,264,264,264,264,0
2022-11-02 15:04:00,264,264,264,264,0
2022-11-02 15:05:00,264,264,264,264,0
2022-11-02 15:06:00,264,264,264,264,0
2022-11-02 15:07:00,264,264,264,264,0
2022-11-02 15:08:00,264,264,264,264,0
2022-11-02 15:09:00,264,264,264,264,0
2022-11-02 15:10:00,264,264,264,264,0
2022-11-02 15:11:00,264,264,264,264,0
2022-11-02 15:12:00,264,264,264,264,0
2022-11-02 15:13:00,264,264,264,264,0
2022-11-02 15:14:00,264,264,264,264,0
2022-11-02 15:15:00,264,264,264,264,0
2022-11-02 15:16:00,264,264,264,264,0
2022-11-02 15:17:00,264,264,264,264,0
2022-11-02 15:18:00,264,264,264,264,0
2022-11-02 15:19:00,264,264,264,264,0
2022-11-02 15:20:00,264,264,264,264,0
2022-11-02 15:21:00,264,264,264,264,0
2022-11-02 15:22:00,264,264,264,264,0
2022-11-02 15:23:00,264,264,264,264,0
2022-11-02 15:24:00,264,264,264,264,0
2022-11-02 15:25:00,264,264,264,264,0
2022-11-02 15:26:00,264,264,264,264,0
2022-11-02 15:27:00,264,264,264,264,0
2022-11-02 15:28:00,264,264,264,264,0
2022-11-02 15:29:00,264,264,264,264,0
2022-11-02 15:30:00,264,264,264,264,0
2022-11-02 15:31:00,264,264,264,264,0
2022-11-02 15:32:00,264,264,264,264,0
2022-11-02 15:33:00,264,264,264,264,0
2022-11-02 15:34:00,264,264,264,264,0
2022-11-02 15:35:00,264,264,264,264,0
2022-11-02 15:36:00,264,264,264,264,0
2022-11-02 15:37:00,264,264,264,264,0
2022-11-02 15:38:00,264,264,264,264,0
2022-11-02 15:39:00,264,264,264,264,0
2022-11-02 15:40:00,264,264,264,264,0
2022-11-02 15:41:00,264,264,264,264,0
2022-11-02 15:42:00,264,264,264,264,0
2022-11-02 15:43:00,264,264,264,264,0
2022-11-02 15:44:00,264,264,264,264,0
2022-11-02 15:45:00,264,264,264,264,0
2022-11-02 15:46:00,264,264,264,264,0
2022-11-02 15:47:00,264,264,264,264,0
2022-11-02 15:48:00,264,264,264,264,0
2022-11-02 15:49:00,264,264,264,264,0
2022-11-02 15:50:00,264,264,264,264,0
2022-11-02 15:51:00,264,264,264,264,0
2022-11-02 15:52:00,264,264,264,264,0
2022-11-02 15:53:00,264,264,264,264,0
2022-11-02 15:54:00,264,264,264,264,0
2022-11-02 15:55:00,264,264,264,264,0
2022-11-02 15:56:00,264,264,264,264,0
2022-11-02 15:57:00,264,264,264,264,0
2022-11-02 15:58:00,264,264,264,264,0
2022-11-02 15:59:00,264,264,264,264,0
2022-11-03 09:00:00,264,264,264,264,0
2022-11-03 09:01:00,264,264,264,264,0
2022-11-03 09:02:00,264,264,264,264,0
2022-11-03 09:03:00,264,264,264,264,0
2022-11-03 09:04:00,264,264,264,264,0
2022-11-03 09:05:00,264,264,264,264,0
2022-11-03 09:06:00,264,264,264,264,0
2022-11-03 09:07:00,264,264,264,264,0
2022-11-03 09:08:00,264,264,264,264,0
2022-11-03 09:09:00,264,264,264,264,0
2022-11-03 09:10:00,266,266,266,266,100
2022-11-03 09:11:00,266,266,266,266,0
2022-11-03 09:12:00,266,266,266,266,0
2022-11-03 09:13:00,266,266,266,266,0
2022-11-03 09:14:00,266,266,266,266,0
2022-11-03 09:15:00,266,266,266,266,0
2022-11-03 09:16:00,266,266,266,266,0
2022-11-03 09:17:00,266,266,266,266,0
2022-11-03 09:18:00,266,266,266,266,0
2022-11-03 09:19:00,266,266,266,266,0
2022-11-03 09:20:00,266,266,266,266,0
2022-11-03 09:21:00,262,262,262,262,1000
2022-11-03 09:22:00,262,262,262,262,0
2022-11-03 09:23:00,262,262,262,262,0
2022-11-03 09:24:00,262,262,262,262,0
2022-11-03 09:25:00,262,262,262,262,0
2022-11-03 09:26:00,262,262,262,262,0
2022-11-03 09:27:00,262,262,262,262,0
2022-11-03 09:28:00,262,262,262,262,0
2022-11-03 09:29:00,262,262,262,262,0
2022-11-03 09:30:00,262,262,262,262,0
2022-11-03 09:31:00,262,262,262,262,0
2022-11-03 09:32:00,262,262,262,262,0
2022-11-03 09:33:00,262,262,262,262,0
2022-11-03 09:34:00,262,262,262,262,0
2022-11-03 09:35:00,262,262,262,262,0
2022-11-03 09:36:00,262,262,262,262,0
2022-11-03 09:37:00,262,262,262,262,0
2022-11-03 09:38:00,262,262,262,262,0
2022-11-03 09:39:00,262,262,262,262,0
2022-11-03 09:40:00,262,262,262,262,0
2022-11-03 09:41:00,262,262,262,262,0
2022-11-03 09:42:00,262,262,262,262,0
2022-11-03 09:43:00,262,262,262,262,0
2022-11-03 09:44:00,262,262,262,262,0
2022-11-03 09:45:00,262,262,262,262,0
2022-11-03 09:46:00,262,262,262,262,0
2022-11-03 09:47:00,262,262,262,262,0
2022-11-03 09:48:00,262,262,262,262,0
2022-11-03 09:49:00,262,262,262,262,0
2022-11-03 09:50:00,262,262,262,262,0
2022-11-03 09:51:00,262,262,262,262,0
2022-11-03 09:52:00,262,262,262,262,0
2022-11-03 09:53:00,262,262,262,262,0
2022-11-03 09:54:00,262,262,262,262,0
2022-11-03 09:55:00,262,262,262,262,0
2022-11-03 09:56:00,262,262,262,262,0
2022-11-03 09:57:00,262,262,262,262,0
2022-11-03 09:58:00,262,262,262,262,0
2022-11-03 09:59:00,262,262,262,262,0
2022-11-03 10:00:00,262,262,262,262,0
2022-11-03 10:01:00,262,262,262,262,400
2022-11-03 10:02:00,262,262,262,262,0
2022-11-03 10:03:00,260,260,260,260,900
2022-11-03 10:04:00,260,260,260,260,0
2022-11-03 10:05:00,262,262,262,262,300
2022-11-03 10:06:00,262,262,262,262,0
2022-11-03 10:07:00,262,262,262,262,0
2022-11-03 10:08:00,262,262,262,262,0
2022-11-03 10:09:00,262,262,262,262,0
2022-11-03 10:10:00,262,262,262,262,0
2022-11-03 10:11:00,262,262,262,262,0
2022-11-03 10:12:00,262,262,262,262,0
2022-11-03 10:13:00,262,262,262,262,0
2022-11-03 10:14:00,262,262,262,262,0
2022-11-03 10:15:00,262,262,262,262,0
2022-11-03 10:16:00,262,262,262,262,0
2022-11-03 10:17:00,262,262,262,262,0
2022-11-03 10:18:00,262,262,262,262,0
2022-11-03 10:19:00,262,262,262,262,0
2022-11-03 10:20:00,262,262,262,262,0
2022-11-03 10:21:00,262,262,262,262,0
2022-11-03 10:22:00,262,262,262,262,0
2022-11-03 10:23:00,262,262,262,262,0
2022-11-03 10:24:00,262,262,262,262,0
2022-11-03 10:25:00,262,262,262,262,0
2022-11-03 10:26:00,262,262,262,262,0
2022-11-03 10:27:00,262,262,262,262,0
2022-11-03 10:28:00,262,262,262,262,0
2022-11-03 10:29:00,262,262,262,262,0
2022-11-03 10:30:00,262,262,262,262,0
2022-11-03 10:31:00,262,262,262,262,0
2022-11-03 10:32:00,262,262,262,262,0
2022-11-03 10:33:00,262,262,262,262,0
2022-11-03 10:34:00,262,262,262,262,0
2022-11-03 10:35:00,262,262,262,262,0
2022-11-03 10:36:00,262,262,262,262,0
2022-11-03 10:37:00,262,262,262,262,0
2022-11-03 10:38:00,262,262,262,262,0
2022-11-03 10:39:00,262,262,262,262,0
2022-11-03 10:40:00,262,262,262,262,0
2022-11-03 10:41:00,262,262,262,262,0
2022-11-03 10:42:00,262,262,262,262,0
2022-11-03 10:43:00,262,262,262,262,0
2022-11-03 10:44:00,262,262,262,262,0
2022-11-03 10:45:00,262,262,262,262,0
2022-11-03 10:46:00,262,262,262,262,0
2022-11-03 10:47:00,262,262,262,262,0
2022-11-03 10:48:00,262,262,262,262,0
2022-11-03 10:49:00,262,262,262,262,0
2022-11-03 10:50:00,262,262,262,262,0
2022-11-03 10:51:00,262,262,262,262,0
2022-11-03 10:52:00,264,264,264,264,1500
2022-11-03 10:53:00,264,264,264,264,0
2022-11-03 10:54:00,264,264,264,264,0
2022-11-03 10:55:00,264,264,264,264,0
2022-11-03 10:56:00,264,264,264,264,0
2022-11-03 10:57:00,264,264,264,264,0
2022-11-03 10:58:00,264,264,264,264,0
2022-11-03 10:59:00,264,264,264,264,0
2022-11-03 11:00:00,264,264,264,264,0
2022-11-03 11:01:00,264,264,264,264,0
2022-11-03 11:02:00,264,264,264,264,0
2022-11-03 11:03:00,264,264,264,264,0
2022-11-03 11:04:00,264,264,264,264,0
2022-11-03 11:05:00,264,264,264,264,0
2022-11-03 11:06:00,264,264,264,264,0
2022-11-03 11:07:00,264,264,264,264,0
2022-11-03 11:08:00,264,264,264,264,0
2022-11-03 11:09:00,264,264,264,264,0
2022-11-03 11:10:00,264,264,264,264,0
2022-11-03 11:11:00,264,264,264,264,0
2022-11-03 11:12:00,264,264,264,264,100
2022-11-03 11:13:00,264,264,264,264,0
2022-11-03 11:14:00,264,264,264,264,0
2022-11-03 11:15:00,264,264,264,264,0
2022-11-03 11:16:00,264,264,264,264,0
2022-11-03 11:17:00,264,264,264,264,0
2022-11-03 11:18:00,264,264,264,264,0
2022-11-03 11:19:00,264,264,264,264,0
2022-11-03 11:20:00,264,264,264,264,0
2022-11-03 11:21:00,264,264,264,264,0
2022-11-03 11:22:00,264,264,266,266,10000
2022-11-03 11:23:00,264,264,266,266,0
2022-11-03 11:24:00,264,264,266,266,0
2022-11-03 11:25:00,264,264,266,266,0
2022-11-03 11:26:00,264,264,266,266,0
2022-11-03 11:27:00,264,264,266,266,0
2022-11-03 11:28:00,264,264,266,266,0
2022-11-03 11:29:00,264,264,266,266,0
2022-11-03 11:30:00,264,264,266,266,0
2022-11-03 11:31:00,264,264,266,266,0
2022-11-03 11:32:00,264,264,266,266,0
2022-11-03 11:33:00,264,264,266,266,0
2022-11-03 11:34:00,264,264,266,266,0
2022-11-03 11:35:00,264,264,266,266,0
2022-11-03 11:36:00,264,264,266,266,0
2022-11-03 11:37:00,264,264,266,266,0
2022-11-03 11:38:00,264,264,266,266,0
2022-11-03 11:39:00,264,264,266,266,0
2022-11-03 11:40:00,264,264,266,266,0
2022-11-03 11:41:00,264,264,266,266,0
2022-11-03 11:42:00,264,264,266,266,0
2022-11-03 11:43:00,264,264,266,266,0
2022-11-03 11:44:00,264,264,266,266,0
2022-11-03 11:45:00,264,264,266,266,0
2022-11-03 11:46:00,264,264,266,266,0
2022-11-03 11:47:00,264,264,266,266,0
2022-11-03 11:48:00,264,264,266,266,0
2022-11-03 11:49:00,264,264,266,266,0
2022-11-03 11:50:00,264,264,266,266,0
2022-11-03 11:51:00,264,264,266,266,0
2022-11-03 11:52:00,264,264,266,266,0
2022-11-03 11:53:00,264,264,266,266,0
2022-11-03 11:54:00,264,264,266,266,0
2022-11-03 11:55:00,264,264,266,266,0
2022-11-03 11:56:00,264,264,266,266,0
2022-11-03 11:57:00,264,264,266,266,0
2022-11-03 11:58:00,264,264,266,266,0
2022-11-03 11:59:00,264,264,266,266,0
2022-11-03 12:00:00,264,264,266,266,0
2022-11-03 12:01:00,264,264,266,266,0
2022-11-03 12:02:00,264,264,266,266,0
2022-11-03 12:03:00,264,264,266,266,0
2022-11-03 12:04:00,264,264,266,266,0
2022-11-03 12:05:00,264,264,266,266,0
2022-11-03 12:06:00,264,264,266,266,0
2022-11-03 12:07:00,264,264,266,266,0
2022-11-03 12:08:00,264,264,266,266,0
2022-11-03 12:09:00,264,264,266,266,0
2022-11-03 12:10:00,264,264,266,266,0
2022-11-03 12:11:00,264,264,266,266,0
2022-11-03 12:12:00,264,264,266,266,0
2022-11-03 12:13:00,264,264,266,266,0
2022-11-03 12:14:00,264,264,266,266,0
2022-11-03 12:15:00,264,264,266,266,0
2022-11-03 12:16:00,264,264,266,266,0
2022-11-03 12:17:00,264,264,266,266,0
2022-11-03 12:18:00,264,264,266,266,0
2022-11-03 12:19:00,264,264,266,266,0
2022-11-03 12:20:00,264,264,266,266,0
2022-11-03 12:21:00,264,264,266,266,0
2022-11-03 12:22:00,264,264,266,266,0
2022-11-03 12:23:00,264,264,266,266,0
2022-11-03 12:24:00,264,264,266,266,0
2022-11-03 12:25:00,264,264,266,266,0
2022-11-03 12:26:00,264,264,266,266,0
2022-11-03 12:27:00,264,264,266,266,0
2022-11-03 12:28:00,264,264,266,266,0
2022-11-03 12:29:00,264,264,266,266,0
2022-11-03 12:30:00,264,264,266,266,0
2022-11-03 12:31:00,264,264,266,266,0
2022-11-03 12:32:00,264,264,266,266,0
2022-11-03 12:33:00,264,264,266,266,0
2022-11-03 12:34:00,264,264,266,266,0
2022-11-03 12:35:00,264,264,266,266,0
2022-11-03 12:36:00,264,264,266,266,0
2022-11-03 12:37:00,264,264,266,266,0
2022-11-03 12:38:00,264,264,266,266,0
2022-11-03 12:39:00,264,264,266,266,0
2022-11-03 12:40:00,264,264,266,266,0
2022-11-03 12:41:00,264,264,266,266,0
2022-11-03 12:42:00,264,264,266,266,0
2022-11-03 12:43:00,264,264,266,266,0
2022-11-03 12:44:00,264,264,266,266,0
2022-11-03 12:45:00,264,264,266,266,0
2022-11-03 12:46:00,264,264,266,266,0
2022-11-03 12:47:00,264,264,266,266,0
2022-11-03 12:48:00,264,264,266,266,0
2022-11-03 12:49:00,264,264,266,266,0
2022-11-03 12:50:00,264,264,266,266,0
2022-11-03 12:51:00,264,264,266,266,0
2022-11-03 12:52:00,264,264,266,266,0
2022-11-03 12:53:00,264,264,266,266,0
2022-11-03 12:54:00,264,264,266,266,0
2022-11-03 12:55:00,264,264,266,266,0
2022-11-03 12:56:00,264,264,266,266,0
2022-11-03 12:57:00,264,264,266,266,0
2022-11-03 12:58:00,264,264,266,266,0
2022-11-03 12:59:00,264,264,266,266,0
2022-11-03 13:00:00,264,264,266,266,0
2022-11-03 13:01:00,264,264,266,266,0
2022-11-03 13:02:00,264,264,266,266,0
2022-11-03 13:03:00,264,264,266,266,0
2022-11-03 13:04:00,264,264,266,266,0
2022-11-03 13:05:00,264,264,266,266,0
2022-11-03 13:06:00,264,264,266,266,0
2022-11-03 13:07:00,264,264,266,266,0
2022-11-03 13:08:00,264,264,266,266,0
2022-11-03 13:09:00,264,264,266,266,0
2022-11-03 13:10:00,264,264,266,266,0
2022-11-03 13:11:00,264,264,266,266,0
2022-11-03 13:12:00,264,264,266,266,0
2022-11-03 13:13:00,264,264,266,266,0
2022-11-03 13:14:00,264,264,266,266,0
2022-11-03 13:15:00,264,264,266,266,0
2022-11-03 13:16:00,264,264,266,266,0
2022-11-03 13:17:00,264,264,266,266,0
2022-11-03 13:18:00,264,264,266,266,0
2022-11-03 13:19:00,264,264,266,266,0
2022-11-03 13:20:00,264,264,266,266,0
2022-11-03 13:21:00,264,264,266,266,0
2022-11-03 13:22:00,264,264,266,266,0
2022-11-03 13:23:00,264,264,266,266,0
2022-11-03 13:24:00,264,264,266,266,0
2022-11-03 13:25:00,264,264,266,266,0
2022-11-03 13:26:00,264,264,266,266,0
2022-11-03 13:27:00,264,264,266,266,0
2022-11-03 13:28:00,264,264,266,266,0
2022-11-03 13:29:00,264,264,266,266,0
2022-11-03 13:30:00,264,264,266,266,0
2022-11-03 13:31:00,264,264,264,264,7700
2022-11-03 13:32:00,264,264,264,264,0
2022-11-03 13:33:00,264,264,264,264,0
2022-11-03 13:34:00,264,264,266,266,14800
2022-11-03 13:35:00,264,264,266,266,0
2022-11-03 13:36:00,264,264,266,266,0
2022-11-03 13:37:00,266,266,268,268,5000
2022-11-03 13:38:00,266,266,268,268,0
2022-11-03 13:39:00,264,264,264,264,600
2022-11-03 13:40:00,262,262,262,262,3000
2022-11-03 13:41:00,262,262,262,262,0
2022-11-03 13:42:00,262,262,262,262,0
2022-11-03 13:43:00,262,262,262,262,0
2022-11-03 13:44:00,262,262,262,262,0
2022-11-03 13:45:00,262,262,262,262,0
2022-11-03 13:46:00,268,268,268,268,0
2022-11-03 13:47:00,268,268,268,268,0
2022-11-03 13:48:00,268,268,268,268,0
2022-11-03 13:49:00,268,268,268,268,0
2022-11-03 13:50:00,268,268,268,268,0
2022-11-03 13:51:00,268,268,268,268,0
2022-11-03 13:52:00,268,268,268,268,0
2022-11-03 13:53:00,268,268,268,268,0
2022-11-03 13:54:00,268,268,268,268,0
2022-11-03 13:55:00,268,268,268,268,0
2022-11-03 13:56:00,268,268,268,268,0
2022-11-03 13:57:00,268,268,268,268,0
2022-11-03 13:58:00,268,268,268,268,0
2022-11-03 13:59:00,268,268,268,268,0
2022-11-03 14:00:00,268,268,268,268,0
2022-11-03 14:01:00,268,268,268,268,0
2022-11-03 14:02:00,268,268,268,268,400
2022-11-03 14:03:00,268,268,268,268,0
2022-11-03 14:04:00,268,268,268,268,0
2022-11-03 14:05:00,268,268,268,268,0
2022-11-03 14:06:00,268,268,268,268,0
2022-11-03 14:07:00,268,268,268,268,0
2022-11-03 14:08:00,268,268,268,268,0
2022-11-03 14:09:00,268,268,268,268,0
2022-11-03 14:10:00,268,268,268,268,0
2022-11-03 14:11:00,268,268,268,268,0
2022-11-03 14:12:00,268,268,268,268,0
2022-11-03 14:13:00,268,268,268,268,0
2022-11-03 14:14:00,268,268,268,268,0
2022-11-03 14:15:00,268,268,268,268,0
2022-11-03 14:16:00,266,266,266,266,3200
2022-11-03 14:17:00,266,266,266,266,15400
2022-11-03 14:18:00,268,268,270,270,10200
2022-11-03 14:19:00,270,270,270,270,0
2022-11-03 14:20:00,270,270,270,270,0
2022-11-03 14:21:00,270,270,270,270,0
2022-11-03 14:22:00,270,270,270,270,0
2022-11-03 14:23:00,270,270,270,270,0
2022-11-03 14:24:00,270,270,270,270,0
2022-11-03 14:25:00,270,270,270,270,0
2022-11-03 14:26:00,270,270,270,270,1600
2022-11-03 14:27:00,270,270,270,270,0
2022-11-03 14:28:00,270,270,270,270,0
2022-11-03 14:29:00,270,270,270,270,0
2022-11-03 14:30:00,268,268,268,268,6300
2022-11-03 14:31:00,268,268,268,268,0
2022-11-03 14:32:00,268,268,268,268,0
2022-11-03 14:33:00,268,268,268,268,0
2022-11-03 14:34:00,268,268,268,268,0
2022-11-03 14:35:00,268,268,268,268,0
2022-11-03 14:36:00,268,268,268,268,4400
2022-11-03 14:37:00,268,268,268,268,0
2022-11-03 14:38:00,270,268,270,270,0
2022-11-03 14:39:00,270,268,270,270,0
2022-11-03 14:40:00,270,268,270,270,0
2022-11-03 14:41:00,270,268,270,270,0
2022-11-03 14:42:00,270,268,270,270,0
2022-11-03 14:43:00,270,268,270,270,0
2022-11-03 14:44:00,270,268,270,270,0
2022-11-03 14:45:00,270,268,270,270,0
2022-11-03 14:46:00,270,268,270,270,0
2022-11-03 14:47:00,268,268,268,268,13200
2022-11-03 14:48:00,270,270,308,308,14300
2022-11-03 14:49:00,288,288,288,288,0
2022-11-03 14:50:00,288,288,288,288,0
2022-11-03 14:51:00,288,288,288,288,0
2022-11-03 14:52:00,288,288,288,288,0
2022-11-03 14:53:00,288,288,288,288,0
2022-11-03 14:54:00,288,288,288,288,0
2022-11-03 14:55:00,288,288,288,288,0
2022-11-03 14:56:00,288,288,288,288,0
2022-11-03 14:57:00,288,288,288,288,0
2022-11-03 14:58:00,288,288,288,288,0
2022-11-03 14:59:00,288,288,288,288,0
2022-11-03 15:00:00,280,280,280,280,1900
2022-11-03 15:01:00,280,280,280,280,4100
2022-11-03 15:02:00,280,280,280,280,3000
2022-11-03 15:03:00,280,280,280,280,0
2022-11-03 15:04:00,280,280,280,280,0
2022-11-03 15:05:00,280,280,280,280,0
2022-11-03 15:06:00,280,280,280,280,0
2022-11-03 15:07:00,280,280,280,280,0
2022-11-03 15:08:00,280,280,280,280,0
2022-11-03 15:09:00,280,280,280,280,0
2022-11-03 15:10:00,280,280,280,280,0
2022-11-03 15:11:00,280,280,280,280,0
2022-11-03 15:12:00,280,280,280,280,0
2022-11-03 15:13:00,280,280,280,280,0
2022-11-03 15:14:00,280,280,280,280,0
2022-11-03 15:15:00,280,280,280,280,0
2022-11-03 15:16:00,280,280,280,280,0
2022-11-03 15:17:00,280,280,280,280,0
2022-11-03 15:18:00,280,280,280,280,0
2022-11-03 15:19:00,280,280,280,280,0
2022-11-03 15:20:00,280,280,280,280,0
2022-11-03 15:21:00,280,280,280,280,0
2022-11-03 15:22:00,280,280,280,280,0
2022-11-03 15:23:00,280,280,280,280,0
2022-11-03 15:24:00,280,280,280,280,0
2022-11-03 15:25:00,280,280,280,280,0
2022-11-03 15:26:00,280,280,280,280,0
2022-11-03 15:27:00,280,280,280,280,0
2022-11-03 15:28:00,280,280,280,280,0
2022-11-03 15:29:00,280,280,280,280,0
2022-11-03 15:30:00,280,280,280,280,0
2022-11-03 15:31:00,280,280,280,280,0
2022-11-03 15:32:00,280,280,280,280,0
2022-11-03 15:33:00,280,280,280,280,0
2022-11-03 15:34:00,280,280,280,280,0
2022-11-03 15:35:00,280,280,280,280,0
2022-11-03 15:36:00,280,280,280,280,0
2022-11-03 15:37:00,280,280,280,280,0
2022-11-03 15:38:00,280,280,280,280,0
2022-11-03 15:39:00,280,280,280,280,0
2022-11-03 15:40:00,280,280,280,280,0
2022-11-03 15:41:00,280,280,280,280,0
2022-11-03 15:42:00,280,280,280,280,0
2022-11-03 15:43:00,280,280,280,280,0
2022-11-03 15:44:00,280,280,280,280,0
2022-11-03 15:45:00,280,280,280,280,0
2022-11-03 15:46:00,280,280,280,280,0
2022-11-03 15:47:00,280,280,280,280,0
2022-11-03 15:48:00,280,280,280,280,0
2022-11-03 15:49:00,280,280,280,280,0
2022-11-03 15:50:00,280,280,280,280,0
2022-11-03 15:51:00,280,280,280,280,0
2022-11-03 15:52:00,280,280,280,280,0
2022-11-03 15:53:00,280,280,280,280,0
2022-11-03 15:54:00,280,280,280,280,0
2022-11-03 15:55:00,280,280,280,280,0
2022-11-03 15:56:00,280,280,280,280,0
2022-11-03 15:57:00,280,280,280,280,0
2022-11-03 15:58:00,280,280,280,280,0
2022-11-03 15:59:00,280,280,280,280,0
2022-11-04 09:00:00,280,280,280,280,100
2022-11-04 09:01:00,280,280,280,280,0
2022-11-04 09:02:00,280,280,280,280,0
2022-11-04 09:03:00,280,280,280,280,0
2022-11-04 09:04:00,280,280,280,280,0
2022-11-04 09:05:00,280,280,280,280,0
2022-11-04 09:06:00,280,280,280,280,0
2022-11-04 09:07:00,280,280,280,280,0
2022-11-04 09:08:00,280,280,280,280,0
2022-11-04 09:09:00,280,280,280,280,0
2022-11-04 09:10:00,280,280,280,280,0
2022-11-04 09:11:00,280,280,280,280,0
2022-11-04 09:12:00,280,280,280,280,0
2022-11-04 09:13:00,280,280,280,280,0
2022-11-04 09:14:00,280,280,280,280,0
2022-11-04 09:15:00,280,280,280,280,0
2022-11-04 09:16:00,280,280,280,280,0
2022-11-04 09:17:00,280,280,280,280,0
2022-11-04 09:18:00,280,280,280,280,0
2022-11-04 09:19:00,270,270,270,270,1000
2022-11-04 09:20:00,270,270,270,270,0
2022-11-04 09:21:00,270,270,270,270,0
2022-11-04 09:22:00,270,270,270,270,0
2022-11-04 09:23:00,270,270,270,270,2200
2022-11-04 09:24:00,270,270,270,270,1100
2022-11-04 09:25:00,270,270,270,270,0
2022-11-04 09:26:00,270,270,270,270,0
2022-11-04 09:27:00,270,270,270,270,0
2022-11-04 09:28:00,270,270,270,270,900
2022-11-04 09:29:00,270,270,270,270,0
2022-11-04 09:30:00,270,270,270,270,0
2022-11-04 09:31:00,270,270,270,270,0
2022-11-04 09:32:00,270,270,270,270,0
2022-11-04 09:33:00,270,270,270,270,0
2022-11-04 09:34:00,270,270,270,270,0
2022-11-04 09:35:00,270,270,270,270,0
2022-11-04 09:36:00,270,270,270,270,0
2022-11-04 09:37:00,270,270,270,270,0
2022-11-04 09:38:00,270,270,270,270,0
2022-11-04 09:39:00,270,270,270,270,0
2022-11-04 09:40:00,270,270,270,270,1000
2022-11-04 09:41:00,270,270,270,270,0
2022-11-04 09:42:00,270,270,270,270,0
2022-11-04 09:43:00,270,270,270,270,0
2022-11-04 09:44:00,270,270,270,270,0
2022-11-04 09:45:00,270,270,270,270,0
2022-11-04 09:46:00,270,270,270,270,0
2022-11-04 09:47:00,270,270,270,270,0
2022-11-04 09:48:00,270,270,270,270,0
2022-11-04 09:49:00,270,270,270,270,0
2022-11-04 09:50:00,270,270,270,270,0
2022-11-04 09:51:00,270,270,270,270,0
2022-11-04 09:52:00,270,270,270,270,0
2022-11-04 09:53:00,270,270,270,270,0
2022-11-04 09:54:00,270,270,270,270,0
2022-11-04 09:55:00,270,270,270,270,0
2022-11-04 09:56:00,270,270,270,270,0
2022-11-04 09:57:00,270,270,270,270,0
2022-11-04 09:58:00,270,270,270,270,0
2022-11-04 09:59:00,268,268,268,268,100900
2022-11-04 10:00:00,268,268,268,268,0
2022-11-04 10:01:00,268,268,268,268,0
2022-11-04 10:02:00,268,268,268,268,0
2022-11-04 10:03:00,268,268,268,268,0
2022-11-04 10:04:00,268,268,268,268,0
2022-11-04 10:05:00,270,270,270,270,0
2022-11-04 10:06:00,270,270,270,270,0
2022-11-04 10:07:00,270,270,270,270,0
2022-11-04 10:08:00,270,270,270,270,0
2022-11-04 10:09:00,270,270,270,270,0
2022-11-04 10:10:00,270,270,270,270,0
2022-11-04 10:11:00,270,270,270,270,0
2022-11-04 10:12:00,270,270,270,270,0
2022-11-04 10:13:00,270,270,270,270,0
2022-11-04 10:14:00,270,270,270,270,0
2022-11-04 10:15:00,270,270,270,270,0
2022-11-04 10:16:00,270,270,270,270,0
2022-11-04 10:17:00,270,270,270,270,0
2022-11-04 10:18:00,270,270,270,270,0
2022-11-04 10:19:00,270,270,270,270,0
2022-11-04 10:20:00,270,270,270,270,0
2022-11-04 10:21:00,270,270,270,270,0
2022-11-04 10:22:00,270,270,270,270,0
2022-11-04 10:23:00,270,270,270,270,0
2022-11-04 10:24:00,270,270,270,270,0
2022-11-04 10:25:00,270,270,270,270,0
2022-11-04 10:26:00,270,270,270,270,0
2022-11-04 10:27:00,270,270,270,270,0
2022-11-04 10:28:00,270,270,270,270,0
2022-11-04 10:29:00,270,270,270,270,0
2022-11-04 10:30:00,270,270,270,270,0
2022-11-04 10:31:00,270,270,270,270,0
2022-11-04 10:32:00,270,270,270,270,0
2022-11-04 10:33:00,270,270,270,270,0
2022-11-04 10:34:00,270,270,270,270,0
2022-11-04 10:35:00,270,270,270,270,0
2022-11-04 10:36:00,270,270,270,270,0
2022-11-04 10:37:00,270,270,270,270,0
2022-11-04 10:38:00,270,270,270,270,0
2022-11-04 10:39:00,270,270,270,270,0
2022-11-04 10:40:00,270,270,270,270,0
2022-11-04 10:41:00,270,270,270,270,0
2022-11-04 10:42:00,270,270,270,270,0
2022-11-04 10:43:00,270,270,270,270,0
2022-11-04 10:44:00,270,270,270,270,0
2022-11-04 10:45:00,270,270,270,270,0
2022-11-04 10:46:00,270,270,270,270,0
2022-11-04 10:47:00,270,270,270,270,0
2022-11-04 10:48:00,270,270,270,270,0
2022-11-04 10:49:00,270,270,270,270,0
2022-11-04 10:50:00,270,270,270,270,0
2022-11-04 10:51:00,270,270,270,270,0
2022-11-04 10:52:00,270,270,270,270,0
2022-11-04 10:53:00,270,270,270,270,0
2022-11-04 10:54:00,270,270,270,270,0
2022-11-04 10:55:00,270,270,270,270,0
2022-11-04 10:56:00,270,270,270,270,0
2022-11-04 10:57:00,270,270,270,270,0
2022-11-04 10:58:00,270,270,270,270,0
2022-11-04 10:59:00,270,270,270,270,0
2022-11-04 11:00:00,270,270,270,270,0
2022-11-04 11:01:00,270,270,270,270,0
2022-11-04 11:02:00,270,270,270,270,0
2022-11-04 11:03:00,270,270,270,270,0
2022-11-04 11:04:00,270,270,270,270,0
2022-11-04 11:05:00,270,270,270,270,0
2022-11-04 11:06:00,270,270,270,270,0
2022-11-04 11:07:00,270,270,270,270,0
2022-11-04 11:08:00,270,270,270,270,0
2022-11-04 11:09:00,270,270,270,270,0
2022-11-04 11:10:00,270,270,270,270,0
2022-11-04 11:11:00,270,270,270,270,0
2022-11-04 11:12:00,270,270,270,270,0
2022-11-04 11:13:00,270,270,270,270,0
2022-11-04 11:14:00,270,270,270,270,0
2022-11-04 11:15:00,270,270,270,270,400
2022-11-04 11:16:00,270,270,270,270,400
2022-11-04 11:17:00,270,270,270,270,0
2022-11-04 11:18:00,270,270,270,270,0
2022-11-04 11:19:00,270,270,270,270,0
2022-11-04 11:20:00,270,270,270,270,0
2022-11-04 11:21:00,270,270,270,270,0
2022-11-04 11:22:00,270,270,270,270,0
2022-11-04 11:23:00,270,270,270,270,0
2022-11-04 11:24:00,270,270,270,270,0
2022-11-04 11:25:00,270,270,270,270,0
2022-11-04 11:26:00,270,270,270,270,0
2022-11-04 11:27:00,270,270,270,270,0
2022-11-04 11:28:00,270,270,270,270,0
2022-11-04 11:29:00,270,270,270,270,0
2022-11-04 11:30:00,270,270,270,270,0
2022-11-04 11:31:00,270,270,270,270,0
2022-11-04 11:32:00,270,270,270,270,0
2022-11-04 11:33:00,270,270,270,270,0
2022-11-04 11:34:00,270,270,270,270,0
2022-11-04 11:35:00,270,270,270,270,0
2022-11-04 11:36:00,270,270,270,270,0
2022-11-04 11:37:00,270,270,270,270,0
2022-11-04 11:38:00,270,270,270,270,0
2022-11-04 11:39:00,270,270,270,270,0
2022-11-04 11:40:00,270,270,270,270,0
2022-11-04 11:41:00,270,270,270,270,0
2022-11-04 11:42:00,270,270,270,270,0
2022-11-04 11:43:00,270,270,270,270,0
2022-11-04 11:44:00,270,270,270,270,0
2022-11-04 11:45:00,270,270,270,270,0
2022-11-04 11:46:00,270,270,270,270,0
2022-11-04 11:47:00,270,270,270,270,0
2022-11-04 11:48:00,270,270,270,270,0
2022-11-04 11:49:00,270,270,270,270,0
2022-11-04 11:50:00,270,270,270,270,0
2022-11-04 11:51:00,270,270,270,270,0
2022-11-04 11:52:00,270,270,270,270,0
2022-11-04 11:53:00,270,270,270,270,0
2022-11-04 11:54:00,270,270,270,270,0
2022-11-04 11:55:00,270,270,270,270,0
2022-11-04 11:56:00,270,270,270,270,0
2022-11-04 11:57:00,270,270,270,270,0
2022-11-04 11:58:00,270,270,270,270,0
2022-11-04 11:59:00,270,270,270,270,0
2022-11-04 12:00:00,270,270,270,270,0
2022-11-04 12:01:00,270,270,270,270,0
2022-11-04 12:02:00,270,270,270,270,0
2022-11-04 12:03:00,270,270,270,270,0
2022-11-04 12:04:00,270,270,270,270,0
2022-11-04 12:05:00,270,270,270,270,0
2022-11-04 12:06:00,270,270,270,270,0
2022-11-04 12:07:00,270,270,270,270,0
2022-11-04 12:08:00,270,270,270,270,0
2022-11-04 12:09:00,270,270,270,270,0
2022-11-04 12:10:00,270,270,270,270,0
2022-11-04 12:11:00,270,270,270,270,0
2022-11-04 12:12:00,270,270,270,270,0
2022-11-04 12:13:00,270,270,270,270,0
2022-11-04 12:14:00,270,270,270,270,0
2022-11-04 12:15:00,270,270,270,270,0
2022-11-04 12:16:00,270,270,270,270,0
2022-11-04 12:17:00,270,270,270,270,0
2022-11-04 12:18:00,270,270,270,270,0
2022-11-04 12:19:00,270,270,270,270,0
2022-11-04 12:20:00,270,270,270,270,0
2022-11-04 12:21:00,270,270,270,270,0
2022-11-04 12:22:00,270,270,270,270,0
2022-11-04 12:23:00,270,270,270,270,0
2022-11-04 12:24:00,270,270,270,270,0
2022-11-04 12:25:00,270,270,270,270,0
2022-11-04 12:26:00,270,270,270,270,0
2022-11-04 12:27:00,270,270,270,270,0
2022-11-04 12:28:00,270,270,270,270,0
2022-11-04 12:29:00,270,270,270,270,0
2022-11-04 12:30:00,270,270,270,270,0
2022-11-04 12:31:00,270,270,270,270,0
2022-11-04 12:32:00,270,270,270,270,0
2022-11-04 12:33:00,270,270,270,270,0
2022-11-04 12:34:00,270,270,270,270,0
2022-11-04 12:35:00,270,270,270,270,0
2022-11-04 12:36:00,270,270,270,270,0
2022-11-04 12:37:00,270,270,270,270,0
2022-11-04 12:38:00,270,270,270,270,0
2022-11-04 12:39:00,270,270,270,270,0
2022-11-04 12:40:00,270,270,270,270,0
2022-11-04 12:41:00,270,270,270,270,0
2022-11-04 12:42:00,270,270,270,270,0
2022-11-04 12:43:00,270,270,270,270,0
2022-11-04 12:44:00,270,270,270,270,0
2022-11-04 12:45:00,270,270,270,270,0
2022-11-04 12:46:00,270,270,270,270,0
2022-11-04 12:47:00,270,270,270,270,0
2022-11-04 12:48:00,270,270,270,270,0
2022-11-04 12:49:00,270,270,270,270,0
2022-11-04 12:50:00,270,270,270,270,0
2022-11-04 12:51:00,270,270,270,270,0
2022-11-04 12:52:00,270,270,270,270,0
2022-11-04 12:53:00,270,270,270,270,0
2022-11-04 12:54:00,270,270,270,270,0
2022-11-04 12:55:00,270,270,270,270,0
2022-11-04 12:56:00,270,270,270,270,0
2022-11-04 12:57:00,270,270,270,270,0
2022-11-04 12:58:00,270,270,270,270,0
2022-11-04 12:59:00,270,270,270,270,0
2022-11-04 13:00:00,270,270,270,270,0
2022-11-04 13:01:00,270,270,270,270,0
2022-11-04 13:02:00,270,270,270,270,0
2022-11-04 13:03:00,270,270,270,270,0
2022-11-04 13:04:00,270,270,270,270,0
2022-11-04 13:05:00,270,270,270,270,0
2022-11-04 13:06:00,270,270,270,270,0
2022-11-04 13:07:00,270,270,270,270,0
2022-11-04 13:08:00,270,270,270,270,0
2022-11-04 13:09:00,270,270,270,270,0
2022-11-04 13:10:00,270,270,270,270,0
2022-11-04 13:11:00,270,270,270,270,0
2022-11-04 13:12:00,270,270,270,270,0
2022-11-04 13:13:00,270,270,270,270,0
2022-11-04 13:14:00,270,270,270,270,0
2022-11-04 13:15:00,270,270,270,270,0
2022-11-04 13:16:00,270,270,270,270,0
2022-11-04 13:17:00,270,270,270,270,0
2022-11-04 13:18:00,270,270,270,270,0
2022-11-04 13:19:00,270,270,270,270,0
2022-11-04 13:20:00,270,270,270,270,0
2022-11-04 13:21:00,270,270,270,270,0
2022-11-04 13:22:00,270,270,270,270,0
2022-11-04 13:23:00,270,270,270,270,0
2022-11-04 13:24:00,270,270,270,270,0
2022-11-04 13:25:00,270,270,270,270,0
2022-11-04 13:26:00,270,270,270,270,0
2022-11-04 13:27:00,270,270,270,270,0
2022-11-04 13:28:00,270,270,270,270,0
2022-11-04 13:29:00,270,270,270,270,0
2022-11-04 13:30:00,268,268,270,270,10300
2022-11-04 13:31:00,268,268,270,270,0
2022-11-04 13:32:00,268,268,270,270,0
2022-11-04 13:33:00,268,268,270,270,0
2022-11-04 13:34:00,268,268,270,270,0
2022-11-04 13:35:00,268,268,270,270,0
2022-11-04 13:36:00,268,268,270,270,0
2022-11-04 13:37:00,268,268,270,270,0
2022-11-04 13:38:00,268,268,270,270,0
2022-11-04 13:39:00,268,268,270,270,0
2022-11-04 13:40:00,268,268,270,270,0
2022-11-04 13:41:00,268,268,270,270,0
2022-11-04 13:42:00,268,268,270,270,0
2022-11-04 13:43:00,270,270,270,270,1400
2022-11-04 13:44:00,270,270,270,270,0
2022-11-04 13:45:00,270,270,270,270,0
2022-11-04 13:46:00,270,270,270,270,0
2022-11-04 13:47:00,270,270,270,270,0
2022-11-04 13:48:00,270,270,270,270,0
2022-11-04 13:49:00,270,270,270,270,0
2022-11-04 13:50:00,270,270,270,270,0
2022-11-04 13:51:00,270,270,270,270,0
2022-11-04 13:52:00,270,270,270,270,0
2022-11-04 13:53:00,270,270,270,270,0
2022-11-04 13:54:00,270,270,270,270,0
2022-11-04 13:55:00,270,270,270,270,0
2022-11-04 13:56:00,270,270,270,270,0
2022-11-04 13:57:00,270,270,270,270,0
2022-11-04 13:58:00,270,270,270,270,0
2022-11-04 13:59:00,270,270,270,270,0
2022-11-04 14:00:00,270,270,270,270,0
2022-11-04 14:01:00,270,270,270,270,0
2022-11-04 14:02:00,270,270,270,270,0
2022-11-04 14:03:00,270,270,270,270,0
2022-11-04 14:04:00,270,270,270,270,0
2022-11-04 14:05:00,270,270,270,270,0
2022-11-04 14:06:00,270,270,270,270,0
2022-11-04 14:07:00,270,270,270,270,0
2022-11-04 14:08:00,270,270,270,270,0
2022-11-04 14:09:00,270,270,270,270,0
2022-11-04 14:10:00,270,270,270,270,0
2022-11-04 14:11:00,270,270,270,270,0
2022-11-04 14:12:00,270,270,270,270,0
2022-11-04 14:13:00,270,270,270,270,0
2022-11-04 14:14:00,270,270,270,270,0
2022-11-04 14:15:00,270,270,270,270,0
2022-11-04 14:16:00,270,270,270,270,0
2022-11-04 14:17:00,270,270,270,270,0
2022-11-04 14:18:00,270,270,270,270,0
2022-11-04 14:19:00,270,270,270,270,0
2022-11-04 14:20:00,270,270,270,270,0
2022-11-04 14:21:00,268,268,268,268,1000
2022-11-04 14:22:00,268,268,268,268,0
2022-11-04 14:23:00,268,268,268,268,0
2022-11-04 14:24:00,268,268,268,268,0
2022-11-04 14:25:00,268,268,268,268,0
2022-11-04 14:26:00,268,268,268,268,100
2022-11-04 14:27:00,268,268,268,268,0
2022-11-04 14:28:00,268,268,268,268,0
2022-11-04 14:29:00,268,268,268,268,0
2022-11-04 14:30:00,268,268,268,268,0
2022-11-04 14:31:00,268,268,268,268,0
2022-11-04 14:32:00,268,268,268,268,0
2022-11-04 14:33:00,268,268,268,268,0
2022-11-04 14:34:00,268,268,268,268,0
2022-11-04 14:35:00,268,268,268,268,0
2022-11-04 14:36:00,268,268,268,268,0
2022-11-04 14:37:00,268,268,268,268,0
2022-11-04 14:38:00,268,268,268,268,0
2022-11-04 14:39:00,268,268,268,268,0
2022-11-04 14:40:00,268,268,268,268,0
2022-11-04 14:41:00,268,268,268,268,0
2022-11-04 14:42:00,268,268,268,268,0
2022-11-04 14:43:00,268,268,268,268,0
2022-11-04 14:44:00,268,268,268,268,0
2022-11-04 14:45:00,268,268,268,268,0
2022-11-04 14:46:00,268,268,268,268,0
2022-11-04 14:47:00,268,268,268,268,0
2022-11-04 14:48:00,270,270,284,284,28200
2022-11-04 14:49:00,270,270,284,284,0
2022-11-04 14:50:00,270,270,284,284,0
2022-11-04 14:51:00,270,270,284,284,0
2022-11-04 14:52:00,270,270,284,284,0
2022-11-04 14:53:00,270,270,284,284,0
2022-11-04 14:54:00,270,270,284,284,0
2022-11-04 14:55:00,270,270,284,284,0
2022-11-04 14:56:00,270,270,284,284,0
2022-11-04 14:57:00,270,270,284,284,0
2022-11-04 14:58:00,270,270,284,284,0
2022-11-04 14:59:00,270,270,284,284,0
2022-11-04 15:00:00,270,270,284,284,0
2022-11-04 15:01:00,270,270,284,284,0
2022-11-04 15:02:00,270,270,284,284,0
2022-11-04 15:03:00,270,270,284,284,0
2022-11-04 15:04:00,270,270,284,284,0
2022-11-04 15:05:00,270,270,284,284,0
2022-11-04 15:06:00,270,270,284,284,0
2022-11-04 15:07:00,270,270,284,284,0
2022-11-04 15:08:00,270,270,284,284,0
2022-11-04 15:09:00,270,270,284,284,0
2022-11-04 15:10:00,270,270,284,284,0
2022-11-04 15:11:00,270,270,284,284,0
2022-11-04 15:12:00,270,270,284,284,0
2022-11-04 15:13:00,270,270,284,284,0
2022-11-04 15:14:00,270,270,284,284,0
2022-11-04 15:15:00,270,270,284,284,0
2022-11-04 15:16:00,270,270,284,284,0
2022-11-04 15:17:00,270,270,284,284,0
2022-11-04 15:18:00,270,270,284,284,0
2022-11-04 15:19:00,270,270,284,284,0
2022-11-04 15:20:00,270,270,284,284,0
2022-11-04 15:21:00,270,270,284,284,0
2022-11-04 15:22:00,270,270,284,284,0
2022-11-04 15:23:00,270,270,284,284,0
2022-11-04 15:24:00,270,270,284,284,0
2022-11-04 15:25:00,270,270,284,284,0
2022-11-04 15:26:00,270,270,284,284,0
2022-11-04 15:27:00,270,270,284,284,0
2022-11-04 15:28:00,270,270,284,284,0
2022-11-04 15:29:00,270,270,284,284,0
2022-11-04 15:30:00,270,270,284,284,0
2022-11-04 15:31:00,270,270,284,284,0
2022-11-04 15:32:00,270,270,284,284,0
2022-11-04 15:33:00,270,270,284,284,0
2022-11-04 15:34:00,270,270,284,284,0
2022-11-04 15:35:00,270,270,284,284,0
2022-11-04 15:36:00,270,270,284,284,0
2022-11-04 15:37:00,270,270,284,284,0
2022-11-04 15:38:00,270,270,284,284,0
2022-11-04 15:39:00,270,270,284,284,0
2022-11-04 15:40:00,270,270,284,284,0
2022-11-04 15:41:00,270,270,284,284,0
2022-11-04 15:42:00,270,270,284,284,0
2022-11-04 15:43:00,270,270,284,284,0
2022-11-04 15:44:00,270,270,284,284,0
2022-11-04 15:45:00,270,270,284,284,0
2022-11-04 15:46:00,270,270,284,284,0
2022-11-04 15:47:00,270,270,284,284,0
2022-11-04 15:48:00,270,270,284,284,0
2022-11-04 15:49:00,270,270,284,284,0
2022-11-04 15:50:00,270,270,284,284,0
2022-11-04 15:51:00,270,270,284,284,0
2022-11-04 15:52:00,270,270,284,284,0
2022-11-04 15:53:00,270,270,284,284,0
2022-11-04 15:54:00,270,270,284,284,0
2022-11-04 15:55:00,270,270,284,284,0
2022-11-04 15:56:00,270,270,284,284,0
2022-11-04 15:57:00,270,270,284,284,0
2022-11-04 15:58:00,270,270,284,284,0
2022-11-04 15:59:00,270,270,284,284,0
2022-11-07 09:00:00,266,266,266,266,0
2022-11-07 09:01:00,266,266,266,266,0
2022-11-07 09:02:00,266,266,266,266,0
2022-11-07 09:03:00,266,266,266,266,0
2022-11-07 09:04:00,266,266,266,266,0
2022-11-07 09:05:00,266,266,266,266,0
2022-11-07 09:06:00,266,266,266,266,0
2022-11-07 09:07:00,266,266,266,266,0
2022-11-07 09:08:00,266,266,266,266,0
2022-11-07 09:09:00,266,266,266,266,0
2022-11-07 09:10:00,266,266,266,266,0
2022-11-07 09:11:00,266,266,266,266,0
2022-11-07 09:12:00,266,266,266,266,0
2022-11-07 09:13:00,266,266,266,266,0
2022-11-07 09:14:00,266,266,266,266,0
2022-11-07 09:15:00,266,266,266,266,0
2022-11-07 09:16:00,266,266,266,266,0
2022-11-07 09:17:00,266,266,266,266,0
2022-11-07 09:18:00,266,266,266,266,0
2022-11-07 09:19:00,266,266,266,266,0
2022-11-07 09:20:00,266,266,266,266,0
2022-11-07 09:21:00,266,266,266,266,0
2022-11-07 09:22:00,266,266,266,266,0
2022-11-07 09:23:00,266,266,266,266,0
2022-11-07 09:24:00,266,266,266,266,0
2022-11-07 09:25:00,266,266,266,266,0
2022-11-07 09:26:00,266,266,266,266,0
2022-11-07 09:27:00,266,266,266,266,0
2022-11-07 09:28:00,266,266,266,266,0
2022-11-07 09:29:00,266,266,266,266,0
2022-11-07 09:30:00,266,266,266,266,0
2022-11-07 09:31:00,266,266,266,266,0
2022-11-07 09:32:00,266,266,266,266,0
2022-11-07 09:33:00,266,266,266,266,0
2022-11-07 09:34:00,266,266,266,266,0
2022-11-07 09:35:00,266,266,266,266,0
2022-11-07 09:36:00,266,266,266,266,0
2022-11-07 09:37:00,266,266,266,266,0
2022-11-07 09:38:00,266,266,266,266,0
2022-11-07 09:39:00,266,266,266,266,0
2022-11-07 09:40:00,266,266,266,266,0
2022-11-07 09:41:00,266,266,266,266,0
2022-11-07 09:42:00,266,266,266,266,0
2022-11-07 09:43:00,266,266,266,266,0
2022-11-07 09:44:00,266,266,266,266,0
2022-11-07 09:45:00,266,266,266,266,0
2022-11-07 09:46:00,266,266,266,266,0
2022-11-07 09:47:00,266,266,266,266,0
2022-11-07 09:48:00,266,266,266,266,0
2022-11-07 09:49:00,266,266,266,266,0
2022-11-07 09:50:00,266,266,266,266,0
2022-11-07 09:51:00,266,266,266,266,0
2022-11-07 09:52:00,266,266,266,266,0
2022-11-07 09:53:00,266,266,266,266,0
2022-11-07 09:54:00,266,266,266,266,0
2022-11-07 09:55:00,266,266,266,266,0
2022-11-07 09:56:00,266,266,266,266,0
2022-11-07 09:57:00,266,266,266,266,0
2022-11-07 09:58:00,266,266,266,266,0
2022-11-07 09:59:00,266,266,266,266,0
2022-11-07 10:00:00,266,266,266,266,0
2022-11-07 10:01:00,266,266,266,266,0
2022-11-07 10:02:00,266,266,266,266,0
2022-11-07 10:03:00,266,266,266,266,0
2022-11-07 10:04:00,266,266,266,266,0
2022-11-07 10:05:00,266,266,266,266,0
2022-11-07 10:06:00,266,266,266,266,0
2022-11-07 10:07:00,266,266,266,266,0
2022-11-07 10:08:00,266,266,266,266,0
2022-11-07 10:09:00,266,266,266,266,0
2022-11-07 10:10:00,266,266,266,266,0
2022-11-07 10:11:00,266,266,266,266,0
2022-11-07 10:12:00,266,266,266,266,0
2022-11-07 10:13:00,266,266,266,266,0
2022-11-07 10:14:00,266,266,266,266,0
2022-11-07 10:15:00,266,266,266,266,0
2022-11-07 10:16:00,266,266,266,266,0
2022-11-07 10:17:00,266,266,266,266,0
2022-11-07 10:18:00,266,266,266,266,0
2022-11-07 10:19:00,266,266,266,266,0
2022-11-07 10:20:00,266,266,266,266,0
2022-11-07 10:21:00,266,266,266,266,0
2022-11-07 10:22:00,266,266,266,266,0
2022-11-07 10:23:00,266,266,266,266,0
2022-11-07 10:24:00,266,266,266,266,0
2022-11-07 10:25:00,266,266,266,266,0
2022-11-07 10:26:00,266,266,266,266,0
2022-11-07 10:27:00,266,266,266,266,0
2022-11-07 10:28:00,266,266,266,266,0
2022-11-07 10:29:00,266,266,266,266,0
2022-11-07 10:30:00,266,266,266,266,0
2022-11-07 10:31:00,266,266,266,266,0
2022-11-07 10:32:00,266,266,266,266,0
2022-11-07 10:33:00,266,266,266,266,0
2022-11-07 10:34:00,266,266,266,266,0
2022-11-07 10:35:00,266,266,266,266,0
2022-11-07 10:36:00,266,266,266,266,0
2022-11-07 10:37:00,266,266,266,266,0
2022-11-07 10:38:00,266,266,266,266,0
2022-11-07 10:39:00,266,266,266,266,0
2022-11-07 10:40:00,266,266,266,266,0
2022-11-07 10:41:00,266,266,266,266,0
2022-11-07 10:42:00,266,266,266,266,0
2022-11-07 10:43:00,266,266,266,266,0
2022-11-07 10:44:00,266,266,266,266,0
2022-11-07 10:45:00,266,266,266,266,0
2022-11-07 10:46:00,266,266,266,266,0
2022-11-07 10:47:00,266,266,266,266,0
2022-11-07 10:48:00,266,266,266,266,0
2022-11-07 10:49:00,266,266,266,266,0
2022-11-07 10:50:00,266,266,266,266,0
2022-11-07 10:51:00,266,266,266,266,0
2022-11-07 10:52:00,266,266,266,266,0
2022-11-07 10:53:00,266,266,266,266,0
2022-11-07 10:54:00,266,266,266,266,0
2022-11-07 10:55:00,266,266,266,266,0
2022-11-07 10:56:00,266,266,266,266,0
2022-11-07 10:57:00,266,266,266,266,0
2022-11-07 10:58:00,266,266,266,266,0
2022-11-07 10:59:00,266,266,266,266,0
2022-11-07 11:00:00,266,266,266,266,0
2022-11-07 11:01:00,266,266,266,266,0
2022-11-07 11:02:00,266,266,266,266,0
2022-11-07 11:03:00,266,266,266,266,0
2022-11-07 11:04:00,266,266,266,266,0
2022-11-07 11:05:00,266,266,266,266,0
2022-11-07 11:06:00,266,266,266,266,0
2022-11-07 11:07:00,266,266,266,266,0
2022-11-07 11:08:00,266,266,266,266,0
2022-11-07 11:09:00,266,266,266,266,0
2022-11-07 11:10:00,266,266,266,266,0
2022-11-07 11:11:00,266,266,266,266,0
2022-11-07 11:12:00,266,266,266,266,0
2022-11-07 11:13:00,266,266,266,266,0
2022-11-07 11:14:00,266,266,266,266,0
2022-11-07 11:15:00,266,266,266,266,0
2022-11-07 11:16:00,266,266,266,266,0
2022-11-07 11:17:00,266,266,266,266,0
2022-11-07 11:18:00,266,266,266,266,0
2022-11-07 11:19:00,266,266,266,266,0
2022-11-07 11:20:00,266,266,266,266,0
2022-11-07 11:21:00,266,266,266,266,0
2022-11-07 11:22:00,266,266,266,266,0
2022-11-07 11:23:00,266,266,266,266,0
2022-11-07 11:24:00,266,266,266,266,0
2022-11-07 11:25:00,266,266,266,266,0
2022-11-07 11:26:00,266,266,266,266,0
2022-11-07 11:27:00,266,266,266,266,0
2022-11-07 11:28:00,266,266,266,266,0
2022-11-07 11:29:00,266,266,266,266,0
2022-11-07 11:30:00,266,266,266,266,0
2022-11-07 11:31:00,266,266,266,266,0
2022-11-07 11:32:00,266,266,266,266,0
2022-11-07 11:33:00,266,266,266,266,0
2022-11-07 11:34:00,266,266,266,266,0
2022-11-07 11:35:00,266,266,266,266,0
2022-11-07 11:36:00,266,266,266,266,0
2022-11-07 11:37:00,266,266,266,266,0
2022-11-07 11:38:00,266,266,266,266,0
2022-11-07 11:39:00,266,266,266,266,0
2022-11-07 11:40:00,266,266,266,266,0
2022-11-07 11:41:00,266,266,266,266,0
2022-11-07 11:42:00,266,266,266,266,0
2022-11-07 11:43:00,266,266,266,266,0
2022-11-07 11:44:00,266,266,266,266,0
2022-11-07 11:45:00,266,266,266,266,0
2022-11-07 11:46:00,266,266,266,266,0
2022-11-07 11:47:00,266,266,266,266,0
2022-11-07 11:48:00,266,266,266,266,0
2022-11-07 11:49:00,266,266,266,266,0
2022-11-07 11:50:00,266,266,266,266,0
2022-11-07 11:51:00,266,266,266,266,0
2022-11-07 11:52:00,266,266,266,266,0
2022-11-07 11:53:00,266,266,266,266,0
2022-11-07 11:54:00,266,266,266,266,0
2022-11-07 11:55:00,266,266,266,266,0
2022-11-07 11:56:00,266,266,266,266,0
2022-11-07 11:57:00,266,266,266,266,0
2022-11-07 11:58:00,266,266,266,266,0
2022-11-07 11:59:00,266,266,266,266,0
2022-11-07 12:00:00,266,266,266,266,0
2022-11-07 12:01:00,266,266,266,266,0
2022-11-07 12:02:00,266,266,266,266,0
2022-11-07 12:03:00,266,266,266,266,0
2022-11-07 12:04:00,266,266,266,266,0
2022-11-07 12:05:00,266,266,266,266,0
2022-11-07 12:06:00,266,266,266,266,0
2022-11-07 12:07:00,266,266,266,266,0
2022-11-07 12:08:00,266,266,266,266,0
2022-11-07 12:09:00,266,266,266,266,0
2022-11-07 12:10:00,266,266,266,266,0
2022-11-07 12:11:00,266,266,266,266,0
2022-11-07 12:12:00,266,266,266,266,0
2022-11-07 12:13:00,266,266,266,266,0
2022-11-07 12:14:00,266,266,266,266,0
2022-11-07 12:15:00,266,266,266,266,0
2022-11-07 12:16:00,266,266,266,266,0
2022-11-07 12:17:00,266,266,266,266,0
2022-11-07 12:18:00,266,266,266,266,0
2022-11-07 12:19:00,266,266,266,266,0
2022-11-07 12:20:00,266,266,266,266,0
2022-11-07 12:21:00,266,266,266,266,0
2022-11-07 12:22:00,266,266,266,266,0
2022-11-07 12:23:00,266,266,266,266,0
2022-11-07 12:24:00,266,266,266,266,0
2022-11-07 12:25:00,266,266,266,266,0
2022-11-07 12:26:00,266,266,266,266,0
2022-11-07 12:27:00,266,266,266,266,0
2022-11-07 12:28:00,266,266,266,266,0
2022-11-07 12:29:00,266,266,266,266,0
2022-11-07 12:30:00,266,266,266,266,0
2022-11-07 12:31:00,266,266,266,266,0
2022-11-07 12:32:00,266,266,266,266,0
2022-11-07 12:33:00,266,266,266,266,0
2022-11-07 12:34:00,266,266,266,266,0
2022-11-07 12:35:00,266,266,266,266,0
2022-11-07 12:36:00,266,266,266,266,0
2022-11-07 12:37:00,266,266,266,266,0
2022-11-07 12:38:00,266,266,266,266,0
2022-11-07 12:39:00,266,266,266,266,0
2022-11-07 12:40:00,266,266,266,266,0
2022-11-07 12:41:00,266,266,266,266,0
2022-11-07 12:42:00,266,266,266,266,0
2022-11-07 12:43:00,266,266,266,266,0
2022-11-07 12:44:00,266,266,266,266,0
2022-11-07 12:45:00,266,266,266,266,0
2022-11-07 12:46:00,266,266,266,266,0
2022-11-07 12:47:00,266,266,266,266,0
2022-11-07 12:48:00,266,266,266,266,0
2022-11-07 12:49:00,266,266,266,266,0
2022-11-07 12:50:00,266,266,266,266,0
2022-11-07 12:51:00,266,266,266,266,0
2022-11-07 12:52:00,266,266,266,266,0
2022-11-07 12:53:00,266,266,266,266,0
2022-11-07 12:54:00,266,266,266,266,0
2022-11-07 12:55:00,266,266,266,266,0
2022-11-07 12:56:00,266,266,266,266,0
2022-11-07 12:57:00,266,266,266,266,0
2022-11-07 12:58:00,266,266,266,266,0
2022-11-07 12:59:00,266,266,266,266,0
2022-11-07 13:00:00,266,266,266,266,0
2022-11-07 13:01:00,266,266,266,266,0
2022-11-07 13:02:00,266,266,266,266,0
2022-11-07 13:03:00,266,266,266,266,0
2022-11-07 13:04:00,266,266,266,266,0
2022-11-07 13:05:00,266,266,266,266,0
2022-11-07 13:06:00,266,266,266,266,0
2022-11-07 13:07:00,266,266,266,266,0
2022-11-07 13:08:00,266,266,266,266,0
2022-11-07 13:09:00,266,266,266,266,0
2022-11-07 13:10:00,266,266,266,266,0
2022-11-07 13:11:00,266,266,266,266,0
2022-11-07 13:12:00,266,266,266,266,0
2022-11-07 13:13:00,266,266,266,266,0
2022-11-07 13:14:00,266,266,266,266,0
2022-11-07 13:15:00,266,266,266,266,0
2022-11-07 13:16:00,266,266,266,266,0
2022-11-07 13:17:00,266,266,266,266,0
2022-11-07 13:18:00,266,266,266,266,0
2022-11-07 13:19:00,266,266,266,266,0
2022-11-07 13:20:00,266,266,266,266,0
2022-11-07 13:21:00,266,266,266,266,0
2022-11-07 13:22:00,266,266,266,266,0
2022-11-07 13:23:00,266,266,266,266,0
2022-11-07 13:24:00,266,266,266,266,0
2022-11-07 13:25:00,266,266,266,266,0
2022-11-07 13:26:00,266,266,266,266,0
2022-11-07 13:27:00,266,266,266,266,0
2022-11-07 13:28:00,266,266,266,266,0
2022-11-07 13:29:00,266,266,266,266,0
2022-11-07 13:30:00,266,266,266,266,0
2022-11-07 13:31:00,266,266,266,266,0
2022-11-07 13:32:00,266,266,266,266,0
2022-11-07 13:33:00,266,266,266,266,0
2022-11-07 13:34:00,266,266,266,266,0
2022-11-07 13:35:00,266,266,266,266,0
2022-11-07 13:36:00,266,266,266,266,0
2022-11-07 13:37:00,266,266,266,266,0
2022-11-07 13:38:00,266,266,266,266,0
2022-11-07 13:39:00,266,266,266,266,0
2022-11-07 13:40:00,266,266,266,266,0
2022-11-07 13:41:00,266,266,266,266,0
2022-11-07 13:42:00,266,266,266,266,0
2022-11-07 13:43:00,266,266,266,266,0
2022-11-07 13:44:00,266,266,266,266,0
2022-11-07 13:45:00,266,266,266,266,0
2022-11-07 13:46:00,266,266,266,266,0
2022-11-07 13:47:00,266,266,266,266,0
2022-11-07 13:48:00,266,266,266,266,0
2022-11-07 13:49:00,266,266,266,266,0
2022-11-07 13:50:00,266,266,266,266,0
2022-11-07 13:51:00,266,266,266,266,0
2022-11-07 13:52:00,266,266,266,266,0
2022-11-07 13:53:00,266,266,266,266,0
2022-11-07 13:54:00,266,266,266,266,0
2022-11-07 13:55:00,266,266,266,266,0
2022-11-07 13:56:00,266,266,266,266,0
2022-11-07 13:57:00,266,266,266,266,0
2022-11-07 13:58:00,266,266,266,266,0
2022-11-07 13:59:00,266,266,266,266,0
2022-11-07 14:00:00,266,266,266,266,0
2022-11-07 14:01:00,266,266,266,266,0
2022-11-07 14:02:00,266,266,266,266,0
2022-11-07 14:03:00,266,266,266,266,0
2022-11-07 14:04:00,266,266,266,266,0
2022-11-07 14:05:00,266,266,266,266,0
2022-11-07 14:06:00,266,266,266,266,0
2022-11-07 14:07:00,266,266,266,266,0
2022-11-07 14:08:00,266,266,266,266,0
2022-11-07 14:09:00,266,266,266,266,0
2022-11-07 14:10:00,266,266,266,266,0
2022-11-07 14:11:00,266,266,266,266,0
2022-11-07 14:12:00,266,266,266,266,0
2022-11-07 14:13:00,266,266,266,266,0
2022-11-07 14:14:00,266,266,266,266,0
2022-11-07 14:15:00,266,266,266,266,0
2022-11-07 14:16:00,266,266,266,266,0
2022-11-07 14:17:00,266,266,266,266,0
2022-11-07 14:18:00,266,266,266,266,0
2022-11-07 14:19:00,266,266,266,266,0
2022-11-07 14:20:00,266,266,266,266,0
2022-11-07 14:21:00,266,266,266,266,0
2022-11-07 14:22:00,266,266,266,266,0
2022-11-07 14:23:00,266,266,266,266,0
2022-11-07 14:24:00,266,266,266,266,0
2022-11-07 14:25:00,266,266,266,266,0
2022-11-07 14:26:00,266,266,266,266,0
2022-11-07 14:27:00,266,266,266,266,0
2022-11-07 14:28:00,266,266,266,266,0
2022-11-07 14:29:00,266,266,266,266,0
2022-11-07 14:30:00,266,266,266,266,0
2022-11-07 14:31:00,266,266,266,266,0
2022-11-07 14:32:00,266,266,266,266,0
2022-11-07 14:33:00,266,266,266,266,0
2022-11-07 14:34:00,266,266,266,266,0
2022-11-07 14:35:00,266,266,266,266,0
2022-11-07 14:36:00,266,266,266,266,0
2022-11-07 14:37:00,266,266,266,266,0
2022-11-07 14:38:00,266,266,266,266,0
2022-11-07 14:39:00,266,266,266,266,0
2022-11-07 14:40:00,266,266,266,266,0
2022-11-07 14:41:00,266,266,266,266,0
2022-11-07 14:42:00,266,266,266,266,0
2022-11-07 14:43:00,266,266,266,266,0
2022-11-07 14:44:00,266,266,266,266,0
2022-11-07 14:45:00,266,266,266,266,0
2022-11-07 14:46:00,266,266,266,266,0
2022-11-07 14:47:00,266,266,266,266,0
2022-11-07 14:48:00,266,266,266,266,0
2022-11-07 14:49:00,266,266,266,266,0
2022-11-07 14:50:00,266,266,266,266,0
2022-11-07 14:51:00,266,266,266,266,0
2022-11-07 14:52:00,266,266,266,266,0
2022-11-07 14:53:00,266,266,266,266,0
2022-11-07 14:54:00,266,266,266,266,0
2022-11-07 14:55:00,266,266,266,266,0
2022-11-07 14:56:00,266,266,266,266,0
2022-11-07 14:57:00,266,266,266,266,0
2022-11-07 14:58:00,266,266,266,266,0
2022-11-07 14:59:00,266,266,266,266,0
2022-11-07 15:00:00,266,266,266,266,0
2022-11-07 15:01:00,266,266,266,266,0
2022-11-07 15:02:00,266,266,266,266,0
2022-11-07 15:03:00,266,266,266,266,0
2022-11-07 15:04:00,266,266,266,266,0
2022-11-07 15:05:00,266,266,266,266,0
2022-11-07 15:06:00,266,266,266,266,0
2022-11-07 15:07:00,266,266,266,266,0
2022-11-07 15:08:00,266,266,266,266,0
2022-11-07 15:09:00,266,266,266,266,0
2022-11-07 15:10:00,266,266,266,266,0
2022-11-07 15:11:00,266,266,266,266,0
2022-11-07 15:12:00,266,266,266,266,0
2022-11-07 15:13:00,266,266,266,266,0
2022-11-07 15:14:00,266,266,266,266,0
2022-11-07 15:15:00,266,266,266,266,0
2022-11-07 15:16:00,266,266,266,266,0
2022-11-07 15:17:00,266,266,266,266,0
2022-11-07 15:18:00,266,266,266,266,0
2022-11-07 15:19:00,266,266,266,266,0
2022-11-07 15:20:00,266,266,266,266,0
2022-11-07 15:21:00,266,266,266,266,0
2022-11-07 15:22:00,266,266,266,266,0
2022-11-07 15:23:00,266,266,266,266,0
2022-11-07 15:24:00,266,266,266,266,0
2022-11-07 15:25:00,266,266,266,266,0
2022-11-07 15:26:00,266,266,266,266,0
2022-11-07 15:27:00,266,266,266,266,0
2022-11-07 15:28:00,266,266,266,266,0
2022-11-07 15:29:00,266,266,266,266,0
2022-11-07 15:30:00,266,266,266,266,0
2022-11-07 15:31:00,266,266,266,266,0
2022-11-07 15:32:00,266,266,266,266,0
2022-11-07 15:33:00,266,266,266,266,0
2022-11-07 15:34:00,266,266,266,266,0
2022-11-07 15:35:00,266,266,266,266,0
2022-11-07 15:36:00,266,266,266,266,0
2022-11-07 15:37:00,266,266,266,266,0
2022-11-07 15:38:00,266,266,266,266,0
2022-11-07 15:39:00,266,266,266,266,0
2022-11-07 15:40:00,266,266,266,266,0
2022-11-07 15:41:00,266,266,266,266,0
2022-11-07 15:42:00,266,266,266,266,0
2022-11-07 15:43:00,266,266,266,266,0
2022-11-07 15:44:00,266,266,266,266,0
2022-11-07 15:45:00,266,266,266,266,0
2022-11-07 15:46:00,266,266,266,266,0
2022-11-07 15:47:00,266,266,266,266,0
2022-11-07 15:48:00,266,266,266,266,0
2022-11-07 15:49:00,266,266,266,266,0
2022-11-07 15:50:00,266,266,266,266,0
2022-11-07 15:51:00,266,266,266,266,0
2022-11-07 15:52:00,266,266,266,266,0
2022-11-07 15:53:00,266,266,266,266,0
2022-11-07 15:54:00,266,266,266,266,0
2022-11-07 15:55:00,266,266,266,266,0
2022-11-07 15:56:00,266,266,266,266,0
2022-11-07 15:57:00,266,266,266,266,0
2022-11-07 15:58:00,266,266,266,266,0
2022-11-07 15:59:00,266,266,266,266,0
2022-11-08 09:00:00,266,266,266,266,0
2022-11-08 09:01:00,266,266,266,266,0
2022-11-08 09:02:00,266,266,266,266,0
2022-11-08 09:03:00,266,266,266,266,0
2022-11-08 09:04:00,266,266,266,266,0
2022-11-08 09:05:00,266,266,266,266,0
2022-11-08 09:06:00,266,266,266,266,0
2022-11-08 09:07:00,266,266,266,266,0
2022-11-08 09:08:00,266,266,266,266,0
2022-11-08 09:09:00,266,266,266,266,0
2022-11-08 09:10:00,266,266,266,266,0
2022-11-08 09:11:00,266,266,266,266,0
2022-11-08 09:12:00,266,266,266,266,0
2022-11-08 09:13:00,266,266,266,266,0
2022-11-08 09:14:00,266,266,266,266,0
2022-11-08 09:15:00,266,266,266,266,0
2022-11-08 09:16:00,266,266,266,266,0
2022-11-08 09:17:00,266,266,266,266,0
2022-11-08 09:18:00,266,266,266,266,0
2022-11-08 09:19:00,266,266,266,266,0
2022-11-08 09:20:00,266,266,266,266,0
2022-11-08 09:21:00,266,266,266,266,0
2022-11-08 09:22:00,266,266,266,266,0
2022-11-08 09:23:00,266,266,266,266,0
2022-11-08 09:24:00,266,266,266,266,0
2022-11-08 09:25:00,266,266,266,266,0
2022-11-08 09:26:00,266,266,266,266,0
2022-11-08 09:27:00,266,266,266,266,0
2022-11-08 09:28:00,266,266,266,266,0
2022-11-08 09:29:00,266,266,266,266,0
2022-11-08 09:30:00,266,266,266,266,0
2022-11-08 09:31:00,266,266,266,266,0
2022-11-08 09:32:00,266,266,266,266,0
2022-11-08 09:33:00,266,266,266,266,0
2022-11-08 09:34:00,266,266,266,266,0
2022-11-08 09:35:00,266,266,266,266,0
2022-11-08 09:36:00,266,266,266,266,0
2022-11-08 09:37:00,266,266,266,266,0
2022-11-08 09:38:00,266,266,266,266,0
2022-11-08 09:39:00,266,266,266,266,0
2022-11-08 09:40:00,266,266,266,266,0
2022-11-08 09:41:00,266,266,266,266,0
2022-11-08 09:42:00,266,266,266,266,0
2022-11-08 09:43:00,266,266,266,266,0
2022-11-08 09:44:00,266,266,266,266,0
2022-11-08 09:45:00,266,266,266,266,0
2022-11-08 09:46:00,266,266,266,266,0
2022-11-08 09:47:00,266,266,266,266,0
2022-11-08 09:48:00,266,266,266,266,0
2022-11-08 09:49:00,266,266,266,266,0
2022-11-08 09:50:00,266,266,266,266,0
2022-11-08 09:51:00,266,266,266,266,0
2022-11-08 09:52:00,266,266,266,266,0
2022-11-08 09:53:00,266,266,266,266,0
2022-11-08 09:54:00,266,266,266,266,0
2022-11-08 09:55:00,266,266,266,266,0
2022-11-08 09:56:00,266,266,266,266,0
2022-11-08 09:57:00,266,266,266,266,0
2022-11-08 09:58:00,266,266,266,266,0
2022-11-08 09:59:00,266,266,266,266,0
2022-11-08 10:00:00,266,266,266,266,0
2022-11-08 10:01:00,266,266,266,266,0
2022-11-08 10:02:00,266,266,266,266,0
2022-11-08 10:03:00,266,266,266,266,0
2022-11-08 10:04:00,266,266,266,266,0
2022-11-08 10:05:00,266,266,266,266,0
2022-11-08 10:06:00,266,266,266,266,0
2022-11-08 10:07:00,266,266,266,266,0
2022-11-08 10:08:00,266,266,266,266,0
2022-11-08 10:09:00,266,266,266,266,0
2022-11-08 10:10:00,266,266,266,266,0
2022-11-08 10:11:00,266,266,266,266,0
2022-11-08 10:12:00,266,266,266,266,0
2022-11-08 10:13:00,266,266,266,266,0
2022-11-08 10:14:00,266,266,266,266,0
2022-11-08 10:15:00,266,266,266,266,0
2022-11-08 10:16:00,266,266,266,266,0
2022-11-08 10:17:00,266,266,266,266,0
2022-11-08 10:18:00,266,266,266,266,0
2022-11-08 10:19:00,266,266,266,266,0
2022-11-08 10:20:00,266,266,266,266,0
2022-11-08 10:21:00,266,266,266,266,0
2022-11-08 10:22:00,266,266,266,266,0
2022-11-08 10:23:00,266,266,266,266,0
2022-11-08 10:24:00,266,266,266,266,0
2022-11-08 10:25:00,266,266,266,266,0
2022-11-08 10:26:00,266,266,266,266,0
2022-11-08 10:27:00,266,266,266,266,0
2022-11-08 10:28:00,266,266,266,266,0
2022-11-08 10:29:00,266,266,266,266,0
2022-11-08 10:30:00,266,266,266,266,0
2022-11-08 10:31:00,266,266,266,266,0
2022-11-08 10:32:00,266,266,266,266,0
2022-11-08 10:33:00,266,266,266,266,0
2022-11-08 10:34:00,266,266,266,266,0
2022-11-08 10:35:00,266,266,266,266,0
2022-11-08 10:36:00,266,266,266,266,0
2022-11-08 10:37:00,266,266,266,266,0
2022-11-08 10:38:00,266,266,266,266,0
2022-11-08 10:39:00,266,266,266,266,0
2022-11-08 10:40:00,266,266,266,266,0
2022-11-08 10:41:00,266,266,266,266,0
2022-11-08 10:42:00,266,266,266,266,0
2022-11-08 10:43:00,266,266,266,266,0
2022-11-08 10:44:00,266,266,266,266,0
2022-11-08 10:45:00,266,266,266,266,0
2022-11-08 10:46:00,266,266,266,266,0
2022-11-08 10:47:00,266,266,266,266,0
2022-11-08 10:48:00,266,266,266,266,0
2022-11-08 10:49:00,266,266,266,266,0
2022-11-08 10:50:00,266,266,266,266,0
2022-11-08 10:51:00,266,266,266,266,0
2022-11-08 10:52:00,266,266,266,266,0
2022-11-08 10:53:00,266,266,266,266,0
2022-11-08 10:54:00,266,266,266,266,0
2022-11-08 10:55:00,266,266,266,266,0
2022-11-08 10:56:00,266,266,266,266,0
2022-11-08 10:57:00,266,266,266,266,0
2022-11-08 10:58:00,266,266,266,266,0
2022-11-08 10:59:00,266,266,266,266,0
2022-11-08 11:00:00,266,266,266,266,0
2022-11-08 11:01:00,266,266,266,266,0
2022-11-08 11:02:00,266,266,266,266,0
2022-11-08 11:03:00,266,266,266,266,0
2022-11-08 11:04:00,266,266,266,266,0
2022-11-08 11:05:00,266,266,266,266,0
2022-11-08 11:06:00,266,266,266,266,0
2022-11-08 11:07:00,266,266,266,266,0
2022-11-08 11:08:00,266,266,266,266,0
2022-11-08 11:09:00,266,266,266,266,0
2022-11-08 11:10:00,266,266,266,266,0
2022-11-08 11:11:00,266,266,266,266,0
2022-11-08 11:12:00,266,266,266,266,0
2022-11-08 11:13:00,266,266,266,266,0
2022-11-08 11:14:00,266,266,266,266,0
2022-11-08 11:15:00,266,266,266,266,0
2022-11-08 11:16:00,266,266,266,266,0
2022-11-08 11:17:00,266,266,266,266,0
2022-11-08 11:18:00,266,266,266,266,0
2022-11-08 11:19:00,266,266,266,266,0
2022-11-08 11:20:00,266,266,266,266,0
2022-11-08 11:21:00,266,266,266,266,0
2022-11-08 11:22:00,266,266,266,266,0
2022-11-08 11:23:00,266,266,266,266,0
2022-11-08 11:24:00,266,266,266,266,0
2022-11-08 11:25:00,266,266,266,266,0
2022-11-08 11:26:00,266,266,266,266,0
2022-11-08 11:27:00,266,266,266,266,0
2022-11-08 11:28:00,266,266,266,266,0
2022-11-08 11:29:00,266,266,266,266,0
2022-11-08 11:30:00,266,266,266,266,0
2022-11-08 11:31:00,266,266,266,266,0
2022-11-08 11:32:00,266,266,266,266,0
2022-11-08 11:33:00,266,266,266,266,0
2022-11-08 11:34:00,266,266,266,266,0
2022-11-08 11:35:00,266,266,266,266,0
2022-11-08 11:36:00,266,266,266,266,0
2022-11-08 11:37:00,266,266,266,266,0
2022-11-08 11:38:00,266,266,266,266,0
2022-11-08 11:39:00,266,266,266,266,0
2022-11-08 11:40:00,266,266,266,266,0
2022-11-08 11:41:00,266,266,266,266,0
2022-11-08 11:42:00,266,266,266,266,0
2022-11-08 11:43:00,266,266,266,266,0
2022-11-08 11:44:00,266,266,266,266,0
2022-11-08 11:45:00,266,266,266,266,0
2022-11-08 11:46:00,266,266,266,266,0
2022-11-08 11:47:00,266,266,266,266,0
2022-11-08 11:48:00,266,266,266,266,0
2022-11-08 11:49:00,266,266,266,266,0
2022-11-08 11:50:00,266,266,266,266,0
2022-11-08 11:51:00,266,266,266,266,0
2022-11-08 11:52:00,266,266,266,266,0
2022-11-08 11:53:00,266,266,266,266,0
2022-11-08 11:54:00,266,266,266,266,0
2022-11-08 11:55:00,266,266,266,266,0
2022-11-08 11:56:00,266,266,266,266,0
2022-11-08 11:57:00,266,266,266,266,0
2022-11-08 11:58:00,266,266,266,266,0
2022-11-08 11:59:00,266,266,266,266,0
2022-11-08 12:00:00,266,266,266,266,0
2022-11-08 12:01:00,266,266,266,266,0
2022-11-08 12:02:00,266,266,266,266,0
2022-11-08 12:03:00,266,266,266,266,0
2022-11-08 12:04:00,266,266,266,266,0
2022-11-08 12:05:00,266,266,266,266,0
2022-11-08 12:06:00,266,266,266,266,0
2022-11-08 12:07:00,266,266,266,266,0
2022-11-08 12:08:00,266,266,266,266,0
2022-11-08 12:09:00,266,266,266,266,0
2022-11-08 12:10:00,266,266,266,266,0
2022-11-08 12:11:00,266,266,266,266,0
2022-11-08 12:12:00,266,266,266,266,0
2022-11-08 12:13:00,266,266,266,266,0
2022-11-08 12:14:00,266,266,266,266,0
2022-11-08 12:15:00,266,266,266,266,0
2022-11-08 12:16:00,266,266,266,266,0
2022-11-08 12:17:00,266,266,266,266,0
2022-11-08 12:18:00,266,266,266,266,0
2022-11-08 12:19:00,266,266,266,266,0
2022-11-08 12:20:00,266,266,266,266,0
2022-11-08 12:21:00,266,266,266,266,0
2022-11-08 12:22:00,266,266,266,266,0
2022-11-08 12:23:00,266,266,266,266,0
2022-11-08 12:24:00,266,266,266,266,0
2022-11-08 12:25:00,266,266,266,266,0
2022-11-08 12:26:00,266,266,266,266,0
2022-11-08 12:27:00,266,266,266,266,0
2022-11-08 12:28:00,266,266,266,266,0
2022-11-08 12:29:00,266,266,266,266,0
2022-11-08 12:30:00,266,266,266,266,0
2022-11-08 12:31:00,266,266,266,266,0
2022-11-08 12:32:00,266,266,266,266,0
2022-11-08 12:33:00,266,266,266,266,0
2022-11-08 12:34:00,266,266,266,266,0
2022-11-08 12:35:00,266,266,266,266,0
2022-11-08 12:36:00,266,266,266,266,0
2022-11-08 12:37:00,266,266,266,266,0
2022-11-08 12:38:00,266,266,266,266,0
2022-11-08 12:39:00,266,266,266,266,0
2022-11-08 12:40:00,266,266,266,266,0
2022-11-08 12:41:00,266,266,266,266,0
2022-11-08 12:42:00,266,266,266,266,0
2022-11-08 12:43:00,266,266,266,266,0
2022-11-08 12:44:00,266,266,266,266,0
2022-11-08 12:45:00,266,266,266,266,0
2022-11-08 12:46:00,266,266,266,266,0
2022-11-08 12:47:00,266,266,266,266,0
2022-11-08 12:48:00,266,266,266,266,0
2022-11-08 12:49:00,266,266,266,266,0
2022-11-08 12:50:00,266,266,266,266,0
2022-11-08 12:51:00,266,266,266,266,0
2022-11-08 12:52:00,266,266,266,266,0
2022-11-08 12:53:00,266,266,266,266,0
2022-11-08 12:54:00,266,266,266,266,0
2022-11-08 12:55:00,266,266,266,266,0
2022-11-08 12:56:00,266,266,266,266,0
2022-11-08 12:57:00,266,266,266,266,0
2022-11-08 12:58:00,266,266,266,266,0
2022-11-08 12:59:00,266,266,266,266,0
2022-11-08 13:00:00,266,266,266,266,0
2022-11-08 13:01:00,266,266,266,266,0
2022-11-08 13:02:00,266,266,266,266,0
2022-11-08 13:03:00,266,266,266,266,0
2022-11-08 13:04:00,266,266,266,266,0
2022-11-08 13:05:00,266,266,266,266,0
2022-11-08 13:06:00,266,266,266,266,0
2022-11-08 13:07:00,266,266,266,266,0
2022-11-08 13:08:00,266,266,266,266,0
2022-11-08 13:09:00,266,266,266,266,0
2022-11-08 13:10:00,266,266,266,266,0
2022-11-08 13:11:00,266,266,266,266,0
2022-11-08 13:12:00,266,266,266,266,0
2022-11-08 13:13:00,266,266,266,266,0
2022-11-08 13:14:00,266,266,266,266,0
2022-11-08 13:15:00,266,266,266,266,0
2022-11-08 13:16:00,266,266,266,266,0
2022-11-08 13:17:00,266,266,266,266,0
2022-11-08 13:18:00,266,266,266,266,0
2022-11-08 13:19:00,266,266,266,266,0
2022-11-08 13:20:00,266,266,266,266,0
2022-11-08 13:21:00,266,266,266,266,0
2022-11-08 13:22:00,266,266,266,266,0
2022-11-08 13:23:00,266,266,266,266,0
2022-11-08 13:24:00,266,266,266,266,0
2022-11-08 13:25:00,266,266,266,266,0
2022-11-08 13:26:00,266,266,266,266,0
2022-11-08 13:27:00,266,266,266,266,0
2022-11-08 13:28:00,266,266,266,266,0
2022-11-08 13:29:00,266,266,266,266,0
2022-11-08 13:30:00,266,266,266,266,0
2022-11-08 13:31:00,266,266,266,266,0
2022-11-08 13:32:00,266,266,266,266,0
2022-11-08 13:33:00,266,266,266,266,0
2022-11-08 13:34:00,266,266,266,266,0
2022-11-08 13:35:00,266,266,266,266,0
2022-11-08 13:36:00,266,266,266,266,0
2022-11-08 13:37:00,266,266,266,266,0
2022-11-08 13:38:00,266,266,266,266,0
2022-11-08 13:39:00,266,266,266,266,0
2022-11-08 13:40:00,266,266,266,266,0
2022-11-08 13:41:00,266,266,266,266,0
2022-11-08 13:42:00,266,266,266,266,0
2022-11-08 13:43:00,266,266,266,266,0
2022-11-08 13:44:00,266,266,266,266,0
2022-11-08 13:45:00,266,266,266,266,0
2022-11-08 13:46:00,266,266,266,266,0
2022-11-08 13:47:00,266,266,266,266,0
2022-11-08 13:48:00,266,266,266,266,0
2022-11-08 13:49:00,266,266,266,266,0
2022-11-08 13:50:00,266,266,266,266,0
2022-11-08 13:51:00,266,266,266,266,0
2022-11-08 13:52:00,266,266,266,266,0
2022-11-08 13:53:00,266,266,266,266,0
2022-11-08 13:54:00,266,266,266,266,0
2022-11-08 13:55:00,266,266,266,266,0
2022-11-08 13:56:00,266,266,266,266,0
2022-11-08 13:57:00,266,266,266,266,0
2022-11-08 13:58:00,266,266,266,266,0
2022-11-08 13:59:00,266,266,266,266,0
2022-11-08 14:00:00,266,266,266,266,0
2022-11-08 14:01:00,266,266,266,266,0
2022-11-08 14:02:00,266,266,266,266,0
2022-11-08 14:03:00,266,266,266,266,0
2022-11-08 14:04:00,266,266,266,266,0
2022-11-08 14:05:00,266,266,266,266,0
2022-11-08 14:06:00,266,266,266,266,0
2022-11-08 14:07:00,266,266,266,266,0
2022-11-08 14:08:00,266,266,266,266,0
2022-11-08 14:09:00,266,266,266,266,0
2022-11-08 14:10:00,266,266,266,266,0
2022-11-08 14:11:00,266,266,266,266,0
2022-11-08 14:12:00,266,266,266,266,0
2022-11-08 14:13:00,266,266,266,266,0
2022-11-08 14:14:00,266,266,266,266,0
2022-11-08 14:15:00,266,266,266,266,0
2022-11-08 14:16:00,266,266,266,266,0
2022-11-08 14:17:00,266,266,266,266,0
2022-11-08 14:18:00,266,266,266,266,0
2022-11-08 14:19:00,266,266,266,266,0
2022-11-08 14:20:00,266,266,266,266,0
2022-11-08 14:21:00,266,266,266,266,0
2022-11-08 14:22:00,266,266,266,266,0
2022-11-08 14:23:00,266,266,266,266,0
2022-11-08 14:24:00,266,266,266,266,0
2022-11-08 14:25:00,266,266,266,266,0
2022-11-08 14:26:00,266,266,266,266,0
2022-11-08 14:27:00,266,266,266,266,0
2022-11-08 14:28:00,266,266,266,266,0
2022-11-08 14:29:00,266,266,266,266,0
2022-11-08 14:30:00,266,266,266,266,0
2022-11-08 14:31:00,266,266,266,266,0
2022-11-08 14:32:00,266,266,266,266,0
2022-11-08 14:33:00,266,266,266,266,0
2022-11-08 14:34:00,266,266,266,266,0
2022-11-08 14:35:00,266,266,266,266,0
2022-11-08 14:36:00,266,266,266,266,0
2022-11-08 14:37:00,266,266,266,266,0
2022-11-08 14:38:00,266,266,266,266,0
2022-11-08 14:39:00,266,266,266,266,0
2022-11-08 14:40:00,266,266,266,266,0
2022-11-08 14:41:00,266,266,266,266,0
2022-11-08 14:42:00,266,266,266,266,0
2022-11-08 14:43:00,266,266,266,266,0
2022-11-08 14:44:00,266,266,266,266,0
2022-11-08 14:45:00,266,266,266,266,0
2022-11-08 14:46:00,266,266,266,266,0
2022-11-08 14:47:00,266,266,266,266,0
2022-11-08 14:48:00,266,266,266,266,0
2022-11-08 14:49:00,266,266,266,266,0
2022-11-08 14:50:00,266,266,266,266,0
2022-11-08 14:51:00,266,266,266,266,0
2022-11-08 14:52:00,266,266,266,266,0
2022-11-08 14:53:00,266,266,266,266,0
2022-11-08 14:54:00,266,266,266,266,0
2022-11-08 14:55:00,266,266,266,266,0
2022-11-08 14:56:00,266,266,266,266,0
2022-11-08 14:57:00,266,266,266,266,0
2022-11-08 14:58:00,266,266,266,266,0
2022-11-08 14:59:00,266,266,266,266,0
2022-11-08 15:00:00,266,266,266,266,0
2022-11-08 15:01:00,266,266,266,266,0
2022-11-08 15:02:00,266,266,266,266,0
2022-11-08 15:03:00,266,266,266,266,0
2022-11-08 15:04:00,266,266,266,266,0
2022-11-08 15:05:00,266,266,266,266,0
2022-11-08 15:06:00,266,266,266,266,0
2022-11-08 15:07:00,266,266,266,266,0
2022-11-08 15:08:00,266,266,266,266,0
2022-11-08 15:09:00,266,266,266,266,0
2022-11-08 15:10:00,266,266,266,266,0
2022-11-08 15:11:00,266,266,266,266,0
2022-11-08 15:12:00,266,266,266,266,0
2022-11-08 15:13:00,266,266,266,266,0
2022-11-08 15:14:00,266,266,266,266,0
2022-11-08 15:15:00,266,266,266,266,0
2022-11-08 15:16:00,266,266,266,266,0
2022-11-08 15:17:00,266,266,266,266,0
2022-11-08 15:18:00,266,266,266,266,0
2022-11-08 15:19:00,266,266,266,266,0
2022-11-08 15:20:00,266,266,266,266,0
2022-11-08 15:21:00,266,266,266,266,0
2022-11-08 15:22:00,266,266,266,266,0
2022-11-08 15:23:00,266,266,266,266,0
2022-11-08 15:24:00,266,266,266,266,0
2022-11-08 15:25:00,266,266,266,266,0
2022-11-08 15:26:00,266,266,266,266,0
2022-11-08 15:27:00,266,266,266,266,0
2022-11-08 15:28:00,266,266,266,266,0
2022-11-08 15:29:00,266,266,266,266,0
2022-11-08 15:30:00,266,266,266,266,0
2022-11-08 15:31:00,266,266,266,266,0
2022-11-08 15:32:00,266,266,266,266,0
2022-11-08 15:33:00,266,266,266,266,0
2022-11-08 15:34:00,266,266,266,266,0
2022-11-08 15:35:00,266,266,266,266,0
2022-11-08 15:36:00,266,266,266,266,0
2022-11-08 15:37:00,266,266,266,266,0
2022-11-08 15:38:00,266,266,266,266,0
2022-11-08 15:39:00,266,266,266,266,0
2022-11-08 15:40:00,266,266,266,266,0
2022-11-08 15:41:00,266,266,266,266,0
2022-11-08 15:42:00,266,266,266,266,0
2022-11-08 15:43:00,266,266,266,266,0
2022-11-08 15:44:00,266,266,266,266,0
2022-11-08 15:45:00,266,266,266,266,0
2022-11-08 15:46:00,266,266,266,266,0
2022-11-08 15:47:00,266,266,266,266,0
2022-11-08 15:48:00,266,266,266,266,0
2022-11-08 15:49:00,266,266,266,266,0
2022-11-08 15:50:00,266,266,266,266,0
2022-11-08 15:51:00,266,266,266,266,0
2022-11-08 15:52:00,266,266,266,266,0
2022-11-08 15:53:00,266,266,266,266,0
2022-11-08 15:54:00,266,266,266,266,0
2022-11-08 15:55:00,266,266,266,266,0
2022-11-08 15:56:00,266,266,266,266,0
2022-11-08 15:57:00,266,266,266,266,0
2022-11-08 15:58:00,266,266,266,266,0
2022-11-08 15:59:00,266,266,266,266,0
2022-11-09 09:00:00,266,266,266,266,0
2022-11-09 09:01:00,266,266,266,266,0
2022-11-09 09:02:00,266,266,266,266,0
2022-11-09 09:03:00,266,266,266,266,0
2022-11-09 09:04:00,266,266,266,266,0
2022-11-09 09:05:00,266,266,266,266,0
2022-11-09 09:06:00,270,270,270,270,0
2022-11-09 09:07:00,270,270,270,270,0
2022-11-09 09:08:00,270,270,270,270,0
2022-11-09 09:09:00,270,270,270,270,0
2022-11-09 09:10:00,270,270,270,270,0
2022-11-09 09:11:00,270,270,270,270,0
2022-11-09 09:12:00,270,270,270,270,0
2022-11-09 09:13:00,270,270,270,270,0
2022-11-09 09:14:00,270,270,270,270,0
2022-11-09 09:15:00,270,270,270,270,0
2022-11-09 09:16:00,268,268,268,268,100
2022-11-09 09:17:00,268,268,268,268,0
2022-11-09 09:18:00,268,268,268,268,0
2022-11-09 09:19:00,268,268,268,268,0
2022-11-09 09:20:00,268,268,268,268,0
2022-11-09 09:21:00,268,268,268,268,0
2022-11-09 09:22:00,268,268,268,268,0
2022-11-09 09:23:00,268,268,268,268,14400
2022-11-09 09:24:00,268,268,268,268,0
2022-11-09 09:25:00,268,268,268,268,0
2022-11-09 09:26:00,268,268,268,268,0
2022-11-09 09:27:00,268,268,268,268,0
2022-11-09 09:28:00,268,268,268,268,0
2022-11-09 09:29:00,268,268,268,268,0
2022-11-09 09:30:00,268,268,268,268,200
2022-11-09 09:31:00,268,268,268,268,0
2022-11-09 09:32:00,268,268,268,268,100
2022-11-09 09:33:00,268,268,268,268,0
2022-11-09 09:34:00,268,268,270,270,200
2022-11-09 09:35:00,268,268,270,270,0
2022-11-09 09:36:00,268,268,270,270,0
2022-11-09 09:37:00,268,268,270,270,0
2022-11-09 09:38:00,268,268,270,270,0
2022-11-09 09:39:00,268,268,270,270,0
2022-11-09 09:40:00,268,268,270,270,0
2022-11-09 09:41:00,268,268,270,270,0
2022-11-09 09:42:00,268,268,270,270,0
2022-11-09 09:43:00,268,268,270,270,0
2022-11-09 09:44:00,268,268,270,270,0
2022-11-09 09:45:00,268,268,270,270,0
2022-11-09 09:46:00,268,268,270,270,0
2022-11-09 09:47:00,268,268,270,270,0
2022-11-09 09:48:00,268,268,270,270,0
2022-11-09 09:49:00,268,268,270,270,0
2022-11-09 09:50:00,268,268,270,270,0
2022-11-09 09:51:00,268,268,270,270,0
2022-11-09 09:52:00,268,268,270,270,0
2022-11-09 09:53:00,268,268,270,270,0
2022-11-09 09:54:00,268,268,270,270,0
2022-11-09 09:55:00,268,268,270,270,0
2022-11-09 09:56:00,268,268,270,270,0
2022-11-09 09:57:00,268,268,270,270,0
2022-11-09 09:58:00,268,268,270,270,0
2022-11-09 09:59:00,268,268,270,270,0
2022-11-09 10:00:00,268,268,270,270,0
2022-11-09 10:01:00,268,268,270,270,0
2022-11-09 10:02:00,268,268,270,270,0
2022-11-09 10:03:00,268,268,270,270,0
2022-11-09 10:04:00,268,268,270,270,0
2022-11-09 10:05:00,268,268,270,270,0
2022-11-09 10:06:00,268,268,270,270,0
2022-11-09 10:07:00,268,268,270,270,0
2022-11-09 10:08:00,268,268,270,270,0
2022-11-09 10:09:00,270,270,270,270,15000
2022-11-09 10:10:00,270,270,270,270,1000
2022-11-09 10:11:00,272,272,272,272,0
2022-11-09 10:12:00,272,272,272,272,0
2022-11-09 10:13:00,272,272,272,272,0
2022-11-09 10:14:00,272,272,272,272,0
2022-11-09 10:15:00,272,272,272,272,0
2022-11-09 10:16:00,272,272,272,272,0
2022-11-09 10:17:00,272,272,272,272,0
2022-11-09 10:18:00,272,272,272,272,0
2022-11-09 10:19:00,272,272,272,272,0
2022-11-09 10:20:00,272,272,272,272,0
2022-11-09 10:21:00,272,272,272,272,0
2022-11-09 10:22:00,272,272,272,272,0
2022-11-09 10:23:00,272,272,272,272,0
2022-11-09 10:24:00,272,272,272,272,0
2022-11-09 10:25:00,272,272,272,272,0
2022-11-09 10:26:00,272,272,272,272,0
2022-11-09 10:27:00,272,272,272,272,0
2022-11-09 10:28:00,272,272,272,272,0
2022-11-09 10:29:00,272,272,272,272,0
2022-11-09 10:30:00,272,272,272,272,0
2022-11-09 10:31:00,272,272,272,272,0
2022-11-09 10:32:00,272,272,272,272,0
2022-11-09 10:33:00,272,272,272,272,0
2022-11-09 10:34:00,272,272,272,272,0
2022-11-09 10:35:00,272,272,272,272,0
2022-11-09 10:36:00,272,272,272,272,0
2022-11-09 10:37:00,272,272,272,272,0
2022-11-09 10:38:00,272,272,272,272,0
2022-11-09 10:39:00,272,272,272,272,0
2022-11-09 10:40:00,272,272,272,272,0
2022-11-09 10:41:00,272,272,272,272,0
2022-11-09 10:42:00,272,272,272,272,0
2022-11-09 10:43:00,272,272,272,272,0
2022-11-09 10:44:00,272,272,272,272,0
2022-11-09 10:45:00,272,272,272,272,0
2022-11-09 10:46:00,270,270,270,270,9000
2022-11-09 10:47:00,272,272,272,272,0
2022-11-09 10:48:00,272,272,272,272,0
2022-11-09 10:49:00,272,272,272,272,0
2022-11-09 10:50:00,272,272,272,272,0
2022-11-09 10:51:00,272,272,272,272,0
2022-11-09 10:52:00,272,272,272,272,0
2022-11-09 10:53:00,272,272,272,272,0
2022-11-09 10:54:00,272,272,272,272,0
2022-11-09 10:55:00,272,272,272,272,0
2022-11-09 10:56:00,272,272,272,272,0
2022-11-09 10:57:00,272,272,272,272,0
2022-11-09 10:58:00,272,272,272,272,0
2022-11-09 10:59:00,272,272,272,272,0
2022-11-09 11:00:00,272,272,272,272,0
2022-11-09 11:01:00,272,272,272,272,0
2022-11-09 11:02:00,272,272,272,272,0
2022-11-09 11:03:00,272,272,272,272,0
2022-11-09 11:04:00,272,272,272,272,0
2022-11-09 11:05:00,272,272,272,272,0
2022-11-09 11:06:00,272,272,272,272,0
2022-11-09 11:07:00,272,272,272,272,0
2022-11-09 11:08:00,272,272,272,272,0
2022-11-09 11:09:00,272,272,272,272,0
2022-11-09 11:10:00,272,272,272,272,0
2022-11-09 11:11:00,272,272,272,272,0
2022-11-09 11:12:00,272,272,272,272,0
2022-11-09 11:13:00,272,272,272,272,0
2022-11-09 11:14:00,272,272,272,272,0
2022-11-09 11:15:00,272,272,272,272,0
2022-11-09 11:16:00,272,272,272,272,0
2022-11-09 11:17:00,272,272,272,272,0
2022-11-09 11:18:00,272,272,272,272,0
2022-11-09 11:19:00,272,272,272,272,0
2022-11-09 11:20:00,272,272,272,272,0
2022-11-09 11:21:00,272,272,272,272,0
2022-11-09 11:22:00,272,272,272,272,0
2022-11-09 11:23:00,272,272,272,272,0
2022-11-09 11:24:00,272,272,272,272,0
2022-11-09 11:25:00,272,272,272,272,0
2022-11-09 11:26:00,272,272,272,272,0
2022-11-09 11:27:00,272,272,272,272,0
2022-11-09 11:28:00,272,272,272,272,0
2022-11-09 11:29:00,272,272,272,272,0
2022-11-09 11:30:00,272,272,272,272,0
2022-11-09 11:31:00,272,272,272,272,0
2022-11-09 11:32:00,272,272,272,272,0
2022-11-09 11:33:00,272,272,272,272,0
2022-11-09 11:34:00,272,272,272,272,0
2022-11-09 11:35:00,272,272,272,272,0
2022-11-09 11:36:00,272,272,272,272,0
2022-11-09 11:37:00,272,272,272,272,0
2022-11-09 11:38:00,272,272,272,272,0
2022-11-09 11:39:00,272,272,272,272,0
2022-11-09 11:40:00,272,272,272,272,0
2022-11-09 11:41:00,272,272,272,272,0
2022-11-09 11:42:00,272,272,272,272,0
2022-11-09 11:43:00,272,272,272,272,0
2022-11-09 11:44:00,272,272,272,272,0
2022-11-09 11:45:00,272,272,272,272,0
2022-11-09 11:46:00,272,272,272,272,0
2022-11-09 11:47:00,272,272,272,272,0
2022-11-09 11:48:00,272,272,272,272,0
2022-11-09 11:49:00,272,272,272,272,0
2022-11-09 11:50:00,272,272,272,272,0
2022-11-09 11:51:00,272,272,272,272,0
2022-11-09 11:52:00,272,272,272,272,0
2022-11-09 11:53:00,272,272,272,272,0
2022-11-09 11:54:00,272,272,272,272,0
2022-11-09 11:55:00,272,272,272,272,0
2022-11-09 11:56:00,272,272,272,272,0
2022-11-09 11:57:00,272,272,272,272,0
2022-11-09 11:58:00,272,272,272,272,0
2022-11-09 11:59:00,272,272,272,272,0
2022-11-09 12:00:00,272,272,272,272,0
2022-11-09 12:01:00,272,272,272,272,0
2022-11-09 12:02:00,272,272,272,272,0
2022-11-09 12:03:00,272,272,272,272,0
2022-11-09 12:04:00,272,272,272,272,0
2022-11-09 12:05:00,272,272,272,272,0
2022-11-09 12:06:00,272,272,272,272,0
2022-11-09 12:07:00,272,272,272,272,0
2022-11-09 12:08:00,272,272,272,272,0
2022-11-09 12:09:00,272,272,272,272,0
2022-11-09 12:10:00,272,272,272,272,0
2022-11-09 12:11:00,272,272,272,272,0
2022-11-09 12:12:00,272,272,272,272,0
2022-11-09 12:13:00,272,272,272,272,0
2022-11-09 12:14:00,272,272,272,272,0
2022-11-09 12:15:00,272,272,272,272,0
2022-11-09 12:16:00,272,272,272,272,0
2022-11-09 12:17:00,272,272,272,272,0
2022-11-09 12:18:00,272,272,272,272,0
2022-11-09 12:19:00,272,272,272,272,0
2022-11-09 12:20:00,272,272,272,272,0
2022-11-09 12:21:00,272,272,272,272,0
2022-11-09 12:22:00,272,272,272,272,0
2022-11-09 12:23:00,272,272,272,272,0
2022-11-09 12:24:00,272,272,272,272,0
2022-11-09 12:25:00,272,272,272,272,0
2022-11-09 12:26:00,272,272,272,272,0
2022-11-09 12:27:00,272,272,272,272,0
2022-11-09 12:28:00,272,272,272,272,0
2022-11-09 12:29:00,272,272,272,272,0
2022-11-09 12:30:00,272,272,272,272,0
2022-11-09 12:31:00,272,272,272,272,0
2022-11-09 12:32:00,272,272,272,272,0
2022-11-09 12:33:00,272,272,272,272,0
2022-11-09 12:34:00,272,272,272,272,0
2022-11-09 12:35:00,272,272,272,272,0
2022-11-09 12:36:00,272,272,272,272,0
2022-11-09 12:37:00,272,272,272,272,0
2022-11-09 12:38:00,272,272,272,272,0
2022-11-09 12:39:00,272,272,272,272,0
2022-11-09 12:40:00,272,272,272,272,0
2022-11-09 12:41:00,272,272,272,272,0
2022-11-09 12:42:00,272,272,272,272,0
2022-11-09 12:43:00,272,272,272,272,0
2022-11-09 12:44:00,272,272,272,272,0
2022-11-09 12:45:00,272,272,272,272,0
2022-11-09 12:46:00,272,272,272,272,0
2022-11-09 12:47:00,272,272,272,272,0
2022-11-09 12:48:00,272,272,272,272,0
2022-11-09 12:49:00,272,272,272,272,0
2022-11-09 12:50:00,272,272,272,272,0
2022-11-09 12:51:00,272,272,272,272,0
2022-11-09 12:52:00,272,272,272,272,0
2022-11-09 12:53:00,272,272,272,272,0
2022-11-09 12:54:00,272,272,272,272,0
2022-11-09 12:55:00,272,272,272,272,0
2022-11-09 12:56:00,272,272,272,272,0
2022-11-09 12:57:00,272,272,272,272,0
2022-11-09 12:58:00,272,272,272,272,0
2022-11-09 12:59:00,272,272,272,272,0
2022-11-09 13:00:00,272,272,272,272,0
2022-11-09 13:01:00,272,272,272,272,0
2022-11-09 13:02:00,272,272,272,272,0
2022-11-09 13:03:00,272,272,272,272,0
2022-11-09 13:04:00,272,272,272,272,0
2022-11-09 13:05:00,272,272,272,272,0
2022-11-09 13:06:00,272,272,272,272,0
2022-11-09 13:07:00,272,272,272,272,0
2022-11-09 13:08:00,272,272,272,272,0
2022-11-09 13:09:00,272,272,272,272,0
2022-11-09 13:10:00,272,272,272,272,0
2022-11-09 13:11:00,272,272,272,272,0
2022-11-09 13:12:00,272,272,272,272,0
2022-11-09 13:13:00,272,272,272,272,0
2022-11-09 13:14:00,272,272,272,272,0
2022-11-09 13:15:00,272,272,272,272,0
2022-11-09 13:16:00,272,272,272,272,0
2022-11-09 13:17:00,272,272,272,272,0
2022-11-09 13:18:00,272,272,272,272,0
2022-11-09 13:19:00,272,272,272,272,0
2022-11-09 13:20:00,272,272,272,272,0
2022-11-09 13:21:00,272,272,272,272,0
2022-11-09 13:22:00,272,272,272,272,0
2022-11-09 13:23:00,272,272,272,272,0
2022-11-09 13:24:00,272,272,272,272,0
2022-11-09 13:25:00,272,272,272,272,0
2022-11-09 13:26:00,272,272,272,272,0
2022-11-09 13:27:00,272,272,272,272,0
2022-11-09 13:28:00,272,272,272,272,0
2022-11-09 13:29:00,272,272,272,272,0
2022-11-09 13:30:00,272,272,272,272,0
2022-11-09 13:31:00,272,272,272,272,0
2022-11-09 13:32:00,272,272,272,272,0
2022-11-09 13:33:00,272,272,272,272,0
2022-11-09 13:34:00,272,272,272,272,0
2022-11-09 13:35:00,272,272,272,272,0
2022-11-09 13:36:00,272,272,272,272,0
2022-11-09 13:37:00,272,272,272,272,0
2022-11-09 13:38:00,272,272,272,272,0
2022-11-09 13:39:00,272,272,272,272,0
2022-11-09 13:40:00,272,272,272,272,0
2022-11-09 13:41:00,272,272,272,272,0
2022-11-09 13:42:00,272,272,272,272,0
2022-11-09 13:43:00,272,272,272,272,0
2022-11-09 13:44:00,272,272,272,272,0
2022-11-09 13:45:00,272,272,272,272,0
2022-11-09 13:46:00,272,272,272,272,0
2022-11-09 13:47:00,272,272,272,272,0
2022-11-09 13:48:00,272,272,272,272,0
2022-11-09 13:49:00,272,272,272,272,0
2022-11-09 13:50:00,272,272,272,272,0
2022-11-09 13:51:00,272,272,272,272,0
2022-11-09 13:52:00,272,272,272,272,0
2022-11-09 13:53:00,272,272,272,272,0
2022-11-09 13:54:00,272,272,272,272,0
2022-11-09 13:55:00,272,272,272,272,0
2022-11-09 13:56:00,272,272,272,272,0
2022-11-09 13:57:00,272,272,272,272,0
2022-11-09 13:58:00,272,272,272,272,0
2022-11-09 13:59:00,272,272,272,272,0
2022-11-09 14:00:00,272,272,272,272,0
2022-11-09 14:01:00,272,272,272,272,0
2022-11-09 14:02:00,272,272,272,272,0
2022-11-09 14:03:00,272,272,272,272,0
2022-11-09 14:04:00,272,272,272,272,0
2022-11-09 14:05:00,272,272,272,272,0
2022-11-09 14:06:00,272,272,272,272,0
2022-11-09 14:07:00,272,272,272,272,0
2022-11-09 14:08:00,272,272,272,272,0
2022-11-09 14:09:00,272,272,272,272,0
2022-11-09 14:10:00,272,272,272,272,0
2022-11-09 14:11:00,272,272,272,272,0
2022-11-09 14:12:00,272,272,272,272,0
2022-11-09 14:13:00,272,272,272,272,0
2022-11-09 14:14:00,272,272,272,272,0
2022-11-09 14:15:00,272,272,272,272,0
2022-11-09 14:16:00,272,272,272,272,0
2022-11-09 14:17:00,272,272,272,272,0
2022-11-09 14:18:00,270,270,270,270,81100
2022-11-09 14:19:00,270,270,270,270,0
2022-11-09 14:20:00,270,270,270,270,0
2022-11-09 14:21:00,270,270,270,270,0
2022-11-09 14:22:00,270,270,270,270,0
2022-11-09 14:23:00,270,270,270,270,0
2022-11-09 14:24:00,270,270,270,270,0
2022-11-09 14:25:00,270,270,270,270,0
2022-11-09 14:26:00,270,270,270,270,0
2022-11-09 14:27:00,270,270,270,270,0
2022-11-09 14:28:00,270,270,270,270,0
2022-11-09 14:29:00,270,270,270,270,0
2022-11-09 14:30:00,270,270,270,270,0
2022-11-09 14:31:00,270,270,270,270,0
2022-11-09 14:32:00,270,270,270,270,0
2022-11-09 14:33:00,270,270,270,270,0
2022-11-09 14:34:00,270,270,270,270,0
2022-11-09 14:35:00,270,270,270,270,0
2022-11-09 14:36:00,270,270,270,270,0
2022-11-09 14:37:00,270,270,270,270,0
2022-11-09 14:38:00,270,270,270,270,0
2022-11-09 14:39:00,270,270,270,270,0
2022-11-09 14:40:00,270,270,270,270,0
2022-11-09 14:41:00,270,270,270,270,0
2022-11-09 14:42:00,270,270,270,270,0
2022-11-09 14:43:00,270,270,270,270,0
2022-11-09 14:44:00,270,270,270,270,0
2022-11-09 14:45:00,270,270,270,270,0
2022-11-09 14:46:00,270,270,270,270,0
2022-11-09 14:47:00,270,270,270,270,0
2022-11-09 14:48:00,270,270,270,270,0
2022-11-09 14:49:00,270,270,270,270,0
2022-11-09 14:50:00,270,270,270,270,0
2022-11-09 14:51:00,270,270,270,270,0
2022-11-09 14:52:00,270,270,270,270,0
2022-11-09 14:53:00,270,270,270,270,0
2022-11-09 14:54:00,270,270,270,270,0
2022-11-09 14:55:00,270,270,270,270,0
2022-11-09 14:56:00,270,270,270,270,0
2022-11-09 14:57:00,270,270,270,270,0
2022-11-09 14:58:00,270,270,270,270,0
2022-11-09 14:59:00,270,270,270,270,0
2022-11-09 15:00:00,270,270,270,270,0
2022-11-09 15:01:00,270,270,270,270,0
2022-11-09 15:02:00,270,270,270,270,0
2022-11-09 15:03:00,270,270,270,270,0
2022-11-09 15:04:00,270,270,270,270,0
2022-11-09 15:05:00,270,270,270,270,0
2022-11-09 15:06:00,270,270,270,270,0
2022-11-09 15:07:00,270,270,270,270,0
2022-11-09 15:08:00,270,270,270,270,0
2022-11-09 15:09:00,270,270,270,270,0
2022-11-09 15:10:00,270,270,270,270,0
2022-11-09 15:11:00,270,270,270,270,0
2022-11-09 15:12:00,270,270,270,270,0
2022-11-09 15:13:00,270,270,270,270,0
2022-11-09 15:14:00,270,270,270,270,0
2022-11-09 15:15:00,270,270,270,270,0
2022-11-09 15:16:00,270,270,270,270,0
2022-11-09 15:17:00,270,270,270,270,0
2022-11-09 15:18:00,270,270,270,270,0
2022-11-09 15:19:00,270,270,270,270,0
2022-11-09 15:20:00,270,270,270,270,0
2022-11-09 15:21:00,270,270,270,270,0
2022-11-09 15:22:00,270,270,270,270,0
2022-11-09 15:23:00,270,270,270,270,0
2022-11-09 15:24:00,270,270,270,270,0
2022-11-09 15:25:00,270,270,270,270,0
2022-11-09 15:26:00,270,270,270,270,0
2022-11-09 15:27:00,270,270,270,270,0
2022-11-09 15:28:00,270,270,270,270,0
2022-11-09 15:29:00,270,270,270,270,0
2022-11-09 15:30:00,270,270,270,270,0
2022-11-09 15:31:00,270,270,270,270,0
2022-11-09 15:32:00,270,270,270,270,0
2022-11-09 15:33:00,270,270,270,270,0
2022-11-09 15:34:00,270,270,270,270,0
2022-11-09 15:35:00,270,270,270,270,0
2022-11-09 15:36:00,270,270,270,270,0
2022-11-09 15:37:00,270,270,270,270,0
2022-11-09 15:38:00,270,270,270,270,0
2022-11-09 15:39:00,270,270,270,270,0
2022-11-09 15:40:00,270,270,270,270,0
2022-11-09 15:41:00,270,270,270,270,0
2022-11-09 15:42:00,270,270,270,270,0
2022-11-09 15:43:00,270,270,270,270,0
2022-11-09 15:44:00,270,270,270,270,0
2022-11-09 15:45:00,270,270,270,270,0
2022-11-09 15:46:00,270,270,270,270,0
2022-11-09 15:47:00,270,270,270,270,0
2022-11-09 15:48:00,270,270,270,270,0
2022-11-09 15:49:00,270,270,270,270,0
2022-11-09 15:50:00,270,270,270,270,0
2022-11-09 15:51:00,270,270,270,270,0
2022-11-09 15:52:00,270,270,270,270,0
2022-11-09 15:53:00,270,270,270,270,0
2022-11-09 15:54:00,270,270,270,270,0
2022-11-09 15:55:00,270,270,270,270,0
2022-11-09 15:56:00,270,270,270,270,0
2022-11-09 15:57:00,270,270,270,270,0
2022-11-09 15:58:00,270,270,270,270,0
2022-11-09 15:59:00,270,270,270,270,0
2022-11-10 09:00:00,270,270,274,274,0
2022-11-10 09:01:00,270,270,270,270,3500
2022-11-10 09:02:00,270,270,270,270,0
2022-11-10 09:03:00,270,270,270,270,2200
2022-11-10 09:04:00,270,270,270,270,0
2022-11-10 09:05:00,270,270,270,270,0
2022-11-10 09:06:00,270,270,270,270,0
2022-11-10 09:07:00,270,270,270,270,0
2022-11-10 09:08:00,270,270,270,270,0
2022-11-10 09:09:00,270,270,270,270,0
2022-11-10 09:10:00,270,270,270,270,0
2022-11-10 09:11:00,270,270,270,270,0
2022-11-10 09:12:00,270,270,270,270,0
2022-11-10 09:13:00,268,268,268,268,200
2022-11-10 09:14:00,268,268,268,268,0
2022-11-10 09:15:00,268,268,268,268,0
2022-11-10 09:16:00,268,268,268,268,0
2022-11-10 09:17:00,266,260,266,260,18300
2022-11-10 09:18:00,266,260,266,260,0
2022-11-10 09:19:00,266,260,266,260,0
2022-11-10 09:20:00,266,260,266,260,0
2022-11-10 09:21:00,266,260,266,260,0
2022-11-10 09:22:00,266,260,266,260,0
2022-11-10 09:23:00,266,260,266,260,0
2022-11-10 09:24:00,266,260,266,260,0
2022-11-10 09:25:00,260,260,260,260,8100
2022-11-10 09:26:00,260,260,260,260,0
2022-11-10 09:27:00,260,260,260,260,0
2022-11-10 09:28:00,260,256,260,256,4500
2022-11-10 09:29:00,256,252,256,252,23900
2022-11-10 09:30:00,252,252,252,252,1800
2022-11-10 09:31:00,252,252,252,252,12800
2022-11-10 09:32:00,252,252,252,252,0
2022-11-10 09:33:00,252,252,252,252,0
2022-11-10 09:34:00,252,252,252,252,0
2022-11-10 09:35:00,252,252,252,252,0
2022-11-10 09:36:00,252,252,252,252,700
2022-11-10 09:37:00,252,252,252,252,0
2022-11-10 09:38:00,252,252,252,252,0
2022-11-10 09:39:00,252,252,252,252,0
2022-11-10 09:40:00,252,252,252,252,0
2022-11-10 09:41:00,252,252,252,252,0
2022-11-10 09:42:00,252,252,252,252,0
2022-11-10 09:43:00,252,252,252,252,0
2022-11-10 09:44:00,252,252,252,252,0
2022-11-10 09:45:00,252,252,252,252,0
2022-11-10 09:46:00,252,252,252,252,0
2022-11-10 09:47:00,252,252,252,252,0
2022-11-10 09:48:00,254,254,254,254,5000
2022-11-10 09:49:00,254,254,254,254,0
2022-11-10 09:50:00,254,254,254,254,0
2022-11-10 09:51:00,254,254,254,254,0
2022-11-10 09:52:00,254,254,254,254,0
2022-11-10 09:53:00,254,254,254,254,0
2022-11-10 09:54:00,254,254,254,254,0
2022-11-10 09:55:00,254,254,254,254,0
2022-11-10 09:56:00,254,254,254,254,100
2022-11-10 09:57:00,254,254,254,254,0
2022-11-10 09:58:00,254,254,254,254,0
2022-11-10 09:59:00,254,254,254,254,0
2022-11-10 10:00:00,254,254,254,254,0
2022-11-10 10:01:00,254,254,254,254,0
2022-11-10 10:02:00,254,254,254,254,0
2022-11-10 10:03:00,254,254,254,254,0
2022-11-10 10:04:00,254,254,254,254,0
2022-11-10 10:05:00,254,254,254,254,0
2022-11-10 10:06:00,254,254,254,254,0
2022-11-10 10:07:00,254,254,254,254,0
2022-11-10 10:08:00,254,254,254,254,0
2022-11-10 10:09:00,254,254,254,254,0
2022-11-10 10:10:00,254,254,254,254,0
2022-11-10 10:11:00,254,254,254,254,0
2022-11-10 10:12:00,256,256,256,256,200
2022-11-10 10:13:00,256,256,256,256,0
2022-11-10 10:14:00,256,256,256,256,0
2022-11-10 10:15:00,256,256,256,256,0
2022-11-10 10:16:00,256,256,256,256,0
2022-11-10 10:17:00,256,256,256,256,0
2022-11-10 10:18:00,256,256,256,256,0
2022-11-10 10:19:00,256,256,256,256,0
2022-11-10 10:20:00,262,262,262,262,0
2022-11-10 10:21:00,262,262,262,262,0
2022-11-10 10:22:00,262,262,262,262,0
2022-11-10 10:23:00,262,262,262,262,0
2022-11-10 10:24:00,262,262,262,262,0
2022-11-10 10:25:00,260,260,260,260,100
2022-11-10 10:26:00,260,260,260,260,0
2022-11-10 10:27:00,260,260,260,260,0
2022-11-10 10:28:00,260,260,260,260,0
2022-11-10 10:29:00,260,260,260,260,0
2022-11-10 10:30:00,260,260,260,260,0
2022-11-10 10:31:00,260,260,260,260,0
2022-11-10 10:32:00,260,260,260,260,0
2022-11-10 10:33:00,260,260,260,260,0
2022-11-10 10:34:00,260,260,260,260,0
2022-11-10 10:35:00,260,260,260,260,0
2022-11-10 10:36:00,260,260,260,260,0
2022-11-10 10:37:00,260,260,260,260,0
2022-11-10 10:38:00,260,260,260,260,0
2022-11-10 10:39:00,260,260,260,260,0
2022-11-10 10:40:00,260,260,260,260,0
2022-11-10 10:41:00,260,260,260,260,0
2022-11-10 10:42:00,260,260,260,260,0
2022-11-10 10:43:00,260,260,260,260,0
2022-11-10 10:44:00,260,260,260,260,0
2022-11-10 10:45:00,260,260,260,260,0
2022-11-10 10:46:00,260,260,260,260,0
2022-11-10 10:47:00,260,260,260,260,0
2022-11-10 10:48:00,256,256,256,256,100
2022-11-10 10:49:00,256,256,256,256,0
2022-11-10 10:50:00,256,256,256,256,0
2022-11-10 10:51:00,256,256,256,256,0
2022-11-10 10:52:00,256,256,256,256,0
2022-11-10 10:53:00,256,256,256,256,0
2022-11-10 10:54:00,256,256,256,256,0
2022-11-10 10:55:00,260,260,260,260,2200
2022-11-10 10:56:00,260,260,260,260,0
2022-11-10 10:57:00,260,260,260,260,0
2022-11-10 10:58:00,260,260,260,260,0
2022-11-10 10:59:00,260,260,260,260,1000
2022-11-10 11:00:00,260,260,260,260,0
2022-11-10 11:01:00,258,258,258,258,1400
2022-11-10 11:02:00,258,258,258,258,0
2022-11-10 11:03:00,258,258,258,258,0
2022-11-10 11:04:00,258,258,258,258,0
2022-11-10 11:05:00,256,256,256,256,0
2022-11-10 11:06:00,256,256,256,256,0
2022-11-10 11:07:00,256,256,256,256,0
2022-11-10 11:08:00,256,256,256,256,0
2022-11-10 11:09:00,256,256,256,256,0
2022-11-10 11:10:00,256,256,256,256,0
2022-11-10 11:11:00,256,256,256,256,1400
2022-11-10 11:12:00,256,256,256,256,0
2022-11-10 11:13:00,256,256,256,256,16900
2022-11-10 11:14:00,256,256,256,256,0
2022-11-10 11:15:00,256,256,256,256,0
2022-11-10 11:16:00,256,256,256,256,0
2022-11-10 11:17:00,256,256,256,256,0
2022-11-10 11:18:00,256,256,256,256,0
2022-11-10 11:19:00,256,256,256,256,900
2022-11-10 11:20:00,256,256,256,256,0
2022-11-10 11:21:00,256,256,256,256,500
2022-11-10 11:22:00,256,256,256,256,0
2022-11-10 11:23:00,256,256,256,256,0
2022-11-10 11:24:00,256,256,256,256,0
2022-11-10 11:25:00,256,256,256,256,0
2022-11-10 11:26:00,256,256,256,256,0
2022-11-10 11:27:00,256,256,256,256,0
2022-11-10 11:28:00,256,256,256,256,0
2022-11-10 11:29:00,256,256,256,256,0
2022-11-10 11:30:00,256,256,256,256,0
2022-11-10 11:31:00,256,256,256,256,0
2022-11-10 11:32:00,256,256,256,256,0
2022-11-10 11:33:00,256,256,256,256,0
2022-11-10 11:34:00,256,256,256,256,0
2022-11-10 11:35:00,256,256,256,256,0
2022-11-10 11:36:00,256,256,256,256,0
2022-11-10 11:37:00,256,256,256,256,0
2022-11-10 11:38:00,256,256,256,256,0
2022-11-10 11:39:00,256,256,256,256,0
2022-11-10 11:40:00,256,256,256,256,0
2022-11-10 11:41:00,256,256,256,256,0
2022-11-10 11:42:00,256,256,256,256,0
2022-11-10 11:43:00,256,256,256,256,0
2022-11-10 11:44:00,256,256,256,256,0
2022-11-10 11:45:00,256,256,256,256,0
2022-11-10 11:46:00,256,256,256,256,0
2022-11-10 11:47:00,256,256,256,256,0
2022-11-10 11:48:00,256,256,256,256,0
2022-11-10 11:49:00,256,256,256,256,0
2022-11-10 11:50:00,256,256,256,256,0
2022-11-10 11:51:00,256,256,256,256,0
2022-11-10 11:52:00,256,256,256,256,0
2022-11-10 11:53:00,256,256,256,256,0
2022-11-10 11:54:00,256,256,256,256,0
2022-11-10 11:55:00,256,256,256,256,0
2022-11-10 11:56:00,256,256,256,256,0
2022-11-10 11:57:00,256,256,256,256,0
2022-11-10 11:58:00,256,256,256,256,0
2022-11-10 11:59:00,256,256,256,256,0
2022-11-10 12:00:00,256,256,256,256,0
2022-11-10 12:01:00,256,256,256,256,0
2022-11-10 12:02:00,256,256,256,256,0
2022-11-10 12:03:00,256,256,256,256,0
2022-11-10 12:04:00,256,256,256,256,0
2022-11-10 12:05:00,256,256,256,256,0
2022-11-10 12:06:00,256,256,256,256,0
2022-11-10 12:07:00,256,256,256,256,0
2022-11-10 12:08:00,256,256,256,256,0
2022-11-10 12:09:00,256,256,256,256,0
2022-11-10 12:10:00,256,256,256,256,0
2022-11-10 12:11:00,256,256,256,256,0
2022-11-10 12:12:00,256,256,256,256,0
2022-11-10 12:13:00,256,256,256,256,0
2022-11-10 12:14:00,256,256,256,256,0
2022-11-10 12:15:00,256,256,256,256,0
2022-11-10 12:16:00,256,256,256,256,0
2022-11-10 12:17:00,256,256,256,256,0
2022-11-10 12:18:00,256,256,256,256,0
2022-11-10 12:19:00,256,256,256,256,0
2022-11-10 12:20:00,256,256,256,256,0
2022-11-10 12:21:00,256,256,256,256,0
2022-11-10 12:22:00,256,256,256,256,0
2022-11-10 12:23:00,256,256,256,256,0
2022-11-10 12:24:00,256,256,256,256,0
2022-11-10 12:25:00,256,256,256,256,0
2022-11-10 12:26:00,256,256,256,256,0
2022-11-10 12:27:00,256,256,256,256,0
2022-11-10 12:28:00,256,256,256,256,0
2022-11-10 12:29:00,256,256,256,256,0
2022-11-10 12:30:00,256,256,256,256,0
2022-11-10 12:31:00,256,256,256,256,0
2022-11-10 12:32:00,256,256,256,256,0
2022-11-10 12:33:00,256,256,256,256,0
2022-11-10 12:34:00,256,256,256,256,0
2022-11-10 12:35:00,256,256,256,256,0
2022-11-10 12:36:00,256,256,256,256,0
2022-11-10 12:37:00,256,256,256,256,0
2022-11-10 12:38:00,256,256,256,256,0
2022-11-10 12:39:00,256,256,256,256,0
2022-11-10 12:40:00,256,256,256,256,0
2022-11-10 12:41:00,256,256,256,256,0
2022-11-10 12:42:00,256,256,256,256,0
2022-11-10 12:43:00,256,256,256,256,0
2022-11-10 12:44:00,256,256,256,256,0
2022-11-10 12:45:00,256,256,256,256,0
2022-11-10 12:46:00,256,256,256,256,0
2022-11-10 12:47:00,256,256,256,256,0
2022-11-10 12:48:00,256,256,256,256,0
2022-11-10 12:49:00,256,256,256,256,0
2022-11-10 12:50:00,256,256,256,256,0
2022-11-10 12:51:00,256,256,256,256,0
2022-11-10 12:52:00,256,256,256,256,0
2022-11-10 12:53:00,256,256,256,256,0
2022-11-10 12:54:00,256,256,256,256,0
2022-11-10 12:55:00,256,256,256,256,0
2022-11-10 12:56:00,256,256,256,256,0
2022-11-10 12:57:00,256,256,256,256,0
2022-11-10 12:58:00,256,256,256,256,0
2022-11-10 12:59:00,256,256,256,256,0
2022-11-10 13:00:00,256,256,256,256,0
2022-11-10 13:01:00,256,256,256,256,0
2022-11-10 13:02:00,256,256,256,256,0
2022-11-10 13:03:00,256,256,256,256,0
2022-11-10 13:04:00,256,256,256,256,0
2022-11-10 13:05:00,256,256,256,256,0
2022-11-10 13:06:00,256,256,256,256,0
2022-11-10 13:07:00,256,256,256,256,0
2022-11-10 13:08:00,256,256,256,256,0
2022-11-10 13:09:00,256,256,256,256,0
2022-11-10 13:10:00,256,256,256,256,0
2022-11-10 13:11:00,256,256,256,256,0
2022-11-10 13:12:00,256,256,256,256,0
2022-11-10 13:13:00,256,256,256,256,0
2022-11-10 13:14:00,256,256,256,256,0
2022-11-10 13:15:00,256,256,256,256,0
2022-11-10 13:16:00,256,256,256,256,0
2022-11-10 13:17:00,256,256,256,256,0
2022-11-10 13:18:00,256,256,256,256,0
2022-11-10 13:19:00,256,256,256,256,0
2022-11-10 13:20:00,256,256,256,256,0
2022-11-10 13:21:00,256,256,256,256,0
2022-11-10 13:22:00,256,256,256,256,0
2022-11-10 13:23:00,256,256,256,256,0
2022-11-10 13:24:00,256,256,256,256,0
2022-11-10 13:25:00,256,256,256,256,0
2022-11-10 13:26:00,256,256,256,256,0
2022-11-10 13:27:00,256,256,256,256,0
2022-11-10 13:28:00,256,256,256,256,0
2022-11-10 13:29:00,256,256,256,256,0
2022-11-10 13:30:00,258,258,258,258,1200
2022-11-10 13:31:00,258,258,258,258,0
2022-11-10 13:32:00,256,256,256,256,0
2022-11-10 13:33:00,256,256,256,256,900
2022-11-10 13:34:00,256,256,256,256,0
2022-11-10 13:35:00,256,256,256,256,0
2022-11-10 13:36:00,256,256,256,256,1000
2022-11-10 13:37:00,256,256,256,256,0
2022-11-10 13:38:00,256,256,256,256,0
2022-11-10 13:39:00,256,256,256,256,0
2022-11-10 13:40:00,256,256,256,256,0
2022-11-10 13:41:00,256,256,256,256,0
2022-11-10 13:42:00,254,254,254,254,200
2022-11-10 13:43:00,254,254,254,254,0
2022-11-10 13:44:00,254,254,254,254,0
2022-11-10 13:45:00,254,254,254,254,0
2022-11-10 13:46:00,254,254,254,254,0
2022-11-10 13:47:00,254,254,254,254,0
2022-11-10 13:48:00,254,254,254,254,0
2022-11-10 13:49:00,254,254,254,254,0
2022-11-10 13:50:00,254,254,254,254,0
2022-11-10 13:51:00,258,258,258,258,1200
2022-11-10 13:52:00,256,256,256,256,0
2022-11-10 13:53:00,256,256,256,256,0
2022-11-10 13:54:00,256,256,256,256,0
2022-11-10 13:55:00,256,256,256,256,0
2022-11-10 13:56:00,256,256,256,256,0
2022-11-10 13:57:00,256,256,256,256,0
2022-11-10 13:58:00,256,256,256,256,0
2022-11-10 13:59:00,256,256,256,256,500
2022-11-10 14:00:00,256,256,256,256,0
2022-11-10 14:01:00,256,256,256,256,0
2022-11-10 14:02:00,256,256,256,256,0
2022-11-10 14:03:00,256,256,256,256,0
2022-11-10 14:04:00,256,256,256,256,0
2022-11-10 14:05:00,256,256,256,256,0
2022-11-10 14:06:00,256,256,256,256,0
2022-11-10 14:07:00,256,256,256,256,0
2022-11-10 14:08:00,256,256,256,256,0
2022-11-10 14:09:00,256,256,256,256,0
2022-11-10 14:10:00,256,256,256,256,0
2022-11-10 14:11:00,256,256,256,256,0
2022-11-10 14:12:00,256,256,256,256,0
2022-11-10 14:13:00,256,256,256,256,0
2022-11-10 14:14:00,256,256,256,256,0
2022-11-10 14:15:00,256,256,256,256,0
2022-11-10 14:16:00,256,256,256,256,0
2022-11-10 14:17:00,256,256,256,256,0
2022-11-10 14:18:00,256,256,256,256,0
2022-11-10 14:19:00,256,256,256,256,0
2022-11-10 14:20:00,256,256,256,256,0
2022-11-10 14:21:00,256,256,256,256,0
2022-11-10 14:22:00,256,256,256,256,0
2022-11-10 14:23:00,256,252,256,252,90100
2022-11-10 14:24:00,252,252,252,252,0
2022-11-10 14:25:00,252,252,252,252,0
2022-11-10 14:26:00,252,252,252,252,0
2022-11-10 14:27:00,252,252,252,252,0
2022-11-10 14:28:00,252,252,252,252,0
2022-11-10 14:29:00,252,252,252,252,0
2022-11-10 14:30:00,252,252,252,252,0
2022-11-10 14:31:00,252,252,252,252,0
2022-11-10 14:32:00,252,252,252,252,0
2022-11-10 14:33:00,252,252,252,252,0
2022-11-10 14:34:00,252,252,252,252,0
2022-11-10 14:35:00,252,252,252,252,0
2022-11-10 14:36:00,252,252,252,252,0
2022-11-10 14:37:00,252,252,252,252,0
2022-11-10 14:38:00,252,252,252,252,0
2022-11-10 14:39:00,252,252,252,252,0
2022-11-10 14:40:00,252,252,252,252,0
2022-11-10 14:41:00,252,252,252,252,0
2022-11-10 14:42:00,252,252,252,252,0
2022-11-10 14:43:00,252,252,252,252,0
2022-11-10 14:44:00,254,254,254,254,1500
2022-11-10 14:45:00,254,254,254,254,0
2022-11-10 14:46:00,254,254,254,254,0
2022-11-10 14:47:00,254,254,254,254,0
2022-11-10 14:48:00,254,254,254,254,0
2022-11-10 14:49:00,254,254,254,254,0
2022-11-10 14:50:00,254,254,254,254,0
2022-11-10 14:51:00,254,254,254,254,0
2022-11-10 14:52:00,254,254,254,254,0
2022-11-10 14:53:00,254,254,254,254,0
2022-11-10 14:54:00,254,254,254,254,0
2022-11-10 14:55:00,254,254,254,254,0
2022-11-10 14:56:00,254,254,254,254,0
2022-11-10 14:57:00,254,254,254,254,0
2022-11-10 14:58:00,254,254,254,254,0
2022-11-10 14:59:00,254,254,254,254,0
2022-11-10 15:00:00,258,258,258,258,1000
2022-11-10 15:01:00,258,258,258,258,0
2022-11-10 15:02:00,258,258,258,258,0
2022-11-10 15:03:00,258,258,258,258,0
2022-11-10 15:04:00,258,258,258,258,20000
2022-11-10 15:05:00,258,258,258,258,228200
2022-11-10 15:06:00,258,258,258,258,0
2022-11-10 15:07:00,258,258,258,258,0
2022-11-10 15:08:00,258,258,258,258,0
2022-11-10 15:09:00,258,258,258,258,0
2022-11-10 15:10:00,258,258,258,258,0
2022-11-10 15:11:00,258,258,258,258,0
2022-11-10 15:12:00,258,258,258,258,0
2022-11-10 15:13:00,258,258,258,258,0
2022-11-10 15:14:00,258,258,258,258,0
2022-11-10 15:15:00,258,258,258,258,0
2022-11-10 15:16:00,258,258,258,258,0
2022-11-10 15:17:00,258,258,258,258,0
2022-11-10 15:18:00,258,258,258,258,0
2022-11-10 15:19:00,258,258,258,258,0
2022-11-10 15:20:00,258,258,258,258,0
2022-11-10 15:21:00,258,258,258,258,0
2022-11-10 15:22:00,258,258,258,258,0
2022-11-10 15:23:00,258,258,258,258,0
2022-11-10 15:24:00,258,258,258,258,0
2022-11-10 15:25:00,258,258,258,258,0
2022-11-10 15:26:00,258,258,258,258,0
2022-11-10 15:27:00,258,258,258,258,0
2022-11-10 15:28:00,258,258,258,258,0
2022-11-10 15:29:00,258,258,258,258,0
2022-11-10 15:30:00,258,258,258,258,0
2022-11-10 15:31:00,258,258,258,258,0
2022-11-10 15:32:00,258,258,258,258,0
2022-11-10 15:33:00,258,258,258,258,0
2022-11-10 15:34:00,258,258,258,258,0
2022-11-10 15:35:00,258,258,258,258,0
2022-11-10 15:36:00,258,258,258,258,0
2022-11-10 15:37:00,258,258,258,258,0
2022-11-10 15:38:00,258,258,258,258,0
2022-11-10 15:39:00,258,258,258,258,0
2022-11-10 15:40:00,258,258,258,258,0
2022-11-10 15:41:00,258,258,258,258,0
2022-11-10 15:42:00,258,258,258,258,0
2022-11-10 15:43:00,258,258,258,258,0
2022-11-10 15:44:00,258,258,258,258,0
2022-11-10 15:45:00,258,258,258,258,0
2022-11-10 15:46:00,258,258,258,258,0
2022-11-10 15:47:00,258,258,258,258,0
2022-11-10 15:48:00,258,258,258,258,0
2022-11-10 15:49:00,258,258,258,258,0
2022-11-10 15:50:00,258,258,258,258,0
2022-11-10 15:51:00,258,258,258,258,0
2022-11-10 15:52:00,258,258,258,258,0
2022-11-10 15:53:00,258,258,258,258,0
2022-11-10 15:54:00,258,258,258,258,0
2022-11-10 15:55:00,258,258,258,258,0
2022-11-10 15:56:00,258,258,258,258,0
2022-11-10 15:57:00,258,258,258,258,0
2022-11-10 15:58:00,258,258,258,258,0
2022-11-10 15:59:00,258,258,258,258,0
2022-11-11 09:00:00,258,258,258,258,0
2022-11-11 09:01:00,258,258,258,258,0
2022-11-11 09:02:00,258,258,258,258,0
2022-11-11 09:03:00,258,258,258,258,0
2022-11-11 09:04:00,258,258,258,258,0
2022-11-11 09:05:00,258,258,258,258,0
2022-11-11 09:06:00,258,258,258,258,0
2022-11-11 09:07:00,258,258,258,258,0
2022-11-11 09:08:00,258,258,258,258,0
2022-11-11 09:09:00,258,258,258,258,0
2022-11-11 09:10:00,258,258,258,258,0
2022-11-11 09:11:00,258,258,258,258,0
2022-11-11 09:12:00,258,258,258,258,0
2022-11-11 09:13:00,258,258,258,258,0
2022-11-11 09:14:00,258,258,258,258,0
2022-11-11 09:15:00,258,258,258,258,0
2022-11-11 09:16:00,258,258,258,258,0
2022-11-11 09:17:00,258,258,258,258,0
2022-11-11 09:18:00,258,258,258,258,0
2022-11-11 09:19:00,258,258,258,258,0
2022-11-11 09:20:00,258,258,258,258,0
2022-11-11 09:21:00,258,258,258,258,0
2022-11-11 09:22:00,256,256,256,256,0
2022-11-11 09:23:00,256,256,256,256,0
2022-11-11 09:24:00,256,256,256,256,0
2022-11-11 09:25:00,256,256,256,256,0
2022-11-11 09:26:00,256,256,256,256,0
2022-11-11 09:27:00,256,256,256,256,0
2022-11-11 09:28:00,256,256,256,256,0
2022-11-11 09:29:00,256,256,256,256,0
2022-11-11 09:30:00,256,256,256,256,0
2022-11-11 09:31:00,256,256,256,256,0
2022-11-11 09:32:00,256,256,256,256,0
2022-11-11 09:33:00,256,256,256,256,0
2022-11-11 09:34:00,256,256,256,256,0
2022-11-11 09:35:00,256,256,256,256,0
2022-11-11 09:36:00,256,256,256,256,100
2022-11-11 09:37:00,256,256,256,256,0
2022-11-11 09:38:00,256,256,256,256,0
2022-11-11 09:39:00,258,258,258,258,100
2022-11-11 09:40:00,258,258,258,258,0
2022-11-11 09:41:00,258,258,258,258,0
2022-11-11 09:42:00,258,258,258,258,0
2022-11-11 09:43:00,258,258,258,258,0
2022-11-11 09:44:00,258,258,258,258,0
2022-11-11 09:45:00,258,258,258,258,0
2022-11-11 09:46:00,258,258,258,258,0
2022-11-11 09:47:00,258,258,258,258,0
2022-11-11 09:48:00,258,258,258,258,0
2022-11-11 09:49:00,258,258,258,258,0
2022-11-11 09:50:00,258,258,258,258,0
2022-11-11 09:51:00,258,258,258,258,0
2022-11-11 09:52:00,258,258,258,258,0
2022-11-11 09:53:00,258,258,258,258,0
2022-11-11 09:54:00,258,258,258,258,0
2022-11-11 09:55:00,258,258,258,258,0
2022-11-11 09:56:00,258,258,258,258,0
2022-11-11 09:57:00,258,258,258,258,0
2022-11-11 09:58:00,258,258,258,258,0
2022-11-11 09:59:00,258,258,258,258,0
2022-11-11 10:00:00,258,258,258,258,0
2022-11-11 10:01:00,258,258,258,258,0
2022-11-11 10:02:00,258,258,258,258,0
2022-11-11 10:03:00,258,258,258,258,0
2022-11-11 10:04:00,258,258,258,258,0
2022-11-11 10:05:00,258,258,258,258,0
2022-11-11 10:06:00,258,258,258,258,0
2022-11-11 10:07:00,256,256,256,256,400
2022-11-11 10:08:00,256,256,256,256,0
2022-11-11 10:09:00,256,256,256,256,0
2022-11-11 10:10:00,256,256,256,256,1200
2022-11-11 10:11:00,256,256,256,256,0
2022-11-11 10:12:00,256,256,256,256,100
2022-11-11 10:13:00,256,256,256,256,0
2022-11-11 10:14:00,256,256,256,256,0
2022-11-11 10:15:00,256,256,256,256,0
2022-11-11 10:16:00,256,256,256,256,0
2022-11-11 10:17:00,256,256,256,256,0
2022-11-11 10:18:00,256,256,256,256,0
2022-11-11 10:19:00,256,256,256,256,0
2022-11-11 10:20:00,256,256,256,256,0
2022-11-11 10:21:00,256,256,256,256,0
2022-11-11 10:22:00,256,256,256,256,0
2022-11-11 10:23:00,256,256,256,256,0
2022-11-11 10:24:00,256,256,256,256,0
2022-11-11 10:25:00,256,256,256,256,0
2022-11-11 10:26:00,256,256,256,256,0
2022-11-11 10:27:00,256,256,256,256,0
2022-11-11 10:28:00,256,256,256,256,0
2022-11-11 10:29:00,256,256,256,256,0
2022-11-11 10:30:00,256,256,256,256,0
2022-11-11 10:31:00,256,256,256,256,0
2022-11-11 10:32:00,256,256,256,256,0
2022-11-11 10:33:00,256,256,256,256,0
2022-11-11 10:34:00,256,256,256,256,0
2022-11-11 10:35:00,256,256,256,256,0
2022-11-11 10:36:00,256,256,256,256,0
2022-11-11 10:37:00,256,256,256,256,0
2022-11-11 10:38:00,256,256,256,256,0
2022-11-11 10:39:00,256,256,256,256,0
2022-11-11 10:40:00,256,256,256,256,0
2022-11-11 10:41:00,256,256,256,256,0
2022-11-11 10:42:00,256,256,256,256,0
2022-11-11 10:43:00,256,256,256,256,0
2022-11-11 10:44:00,256,256,256,256,100
2022-11-11 10:45:00,256,256,256,256,0
2022-11-11 10:46:00,256,256,256,256,0
2022-11-11 10:47:00,256,256,256,256,0
2022-11-11 10:48:00,256,256,256,256,0
2022-11-11 10:49:00,256,256,256,256,0
2022-11-11 10:50:00,256,256,256,256,0
2022-11-11 10:51:00,256,256,256,256,0
2022-11-11 10:52:00,256,256,256,256,0
2022-11-11 10:53:00,256,256,256,256,0
2022-11-11 10:54:00,256,256,256,256,0
2022-11-11 10:55:00,256,256,256,256,0
2022-11-11 10:56:00,256,256,256,256,0
2022-11-11 10:57:00,256,256,256,256,0
2022-11-11 10:58:00,256,256,256,256,0
2022-11-11 10:59:00,256,256,256,256,0
2022-11-11 11:00:00,256,256,256,256,0
2022-11-11 11:01:00,256,256,256,256,0
2022-11-11 11:02:00,256,256,256,256,0
2022-11-11 11:03:00,256,256,256,256,0
2022-11-11 11:04:00,256,256,256,256,0
2022-11-11 11:05:00,256,256,256,256,0
2022-11-11 11:06:00,256,256,256,256,0
2022-11-11 11:07:00,256,256,256,256,0
2022-11-11 11:08:00,256,256,256,256,0
2022-11-11 11:09:00,256,256,256,256,0
2022-11-11 11:10:00,256,256,256,256,0
2022-11-11 11:11:00,256,256,256,256,900
2022-11-11 11:12:00,256,256,256,256,0
2022-11-11 11:13:00,256,256,256,256,0
2022-11-11 11:14:00,256,256,256,256,0
2022-11-11 11:15:00,256,256,256,256,0
2022-11-11 11:16:00,256,256,256,256,0
2022-11-11 11:17:00,256,256,256,256,0
2022-11-11 11:18:00,256,256,256,256,0
2022-11-11 11:19:00,256,256,256,256,0
2022-11-11 11:20:00,256,256,256,256,0
2022-11-11 11:21:00,256,256,256,256,0
2022-11-11 11:22:00,256,256,256,256,0
2022-11-11 11:23:00,256,256,256,256,0
2022-11-11 11:24:00,256,256,256,256,0
2022-11-11 11:25:00,256,256,256,256,0
2022-11-11 11:26:00,256,256,256,256,0
2022-11-11 11:27:00,256,256,256,256,0
2022-11-11 11:28:00,256,256,256,256,0
2022-11-11 11:29:00,256,256,256,256,0
2022-11-11 11:30:00,256,256,256,256,0
2022-11-11 11:31:00,256,256,256,256,0
2022-11-11 11:32:00,256,256,256,256,0
2022-11-11 11:33:00,256,256,256,256,0
2022-11-11 11:34:00,256,256,256,256,0
2022-11-11 11:35:00,256,256,256,256,0
2022-11-11 11:36:00,256,256,256,256,0
2022-11-11 11:37:00,256,256,256,256,0
2022-11-11 11:38:00,256,256,256,256,0
2022-11-11 11:39:00,256,256,256,256,0
2022-11-11 11:40:00,256,256,256,256,0
2022-11-11 11:41:00,256,256,256,256,0
2022-11-11 11:42:00,256,256,256,256,0
2022-11-11 11:43:00,256,256,256,256,0
2022-11-11 11:44:00,256,256,256,256,0
2022-11-11 11:45:00,256,256,256,256,0
2022-11-11 11:46:00,256,256,256,256,0
2022-11-11 11:47:00,256,256,256,256,0
2022-11-11 11:48:00,256,256,256,256,0
2022-11-11 11:49:00,256,256,256,256,0
2022-11-11 11:50:00,256,256,256,256,0
2022-11-11 11:51:00,256,256,256,256,0
2022-11-11 11:52:00,256,256,256,256,0
2022-11-11 11:53:00,256,256,256,256,0
2022-11-11 11:54:00,256,256,256,256,0
2022-11-11 11:55:00,256,256,256,256,0
2022-11-11 11:56:00,256,256,256,256,0
2022-11-11 11:57:00,256,256,256,256,0
2022-11-11 11:58:00,256,256,256,256,0
2022-11-11 11:59:00,256,256,256,256,0
2022-11-11 12:00:00,256,256,256,256,0
2022-11-11 12:01:00,256,256,256,256,0
2022-11-11 12:02:00,256,256,256,256,0
2022-11-11 12:03:00,256,256,256,256,0
2022-11-11 12:04:00,256,256,256,256,0
2022-11-11 12:05:00,256,256,256,256,0
2022-11-11 12:06:00,256,256,256,256,0
2022-11-11 12:07:00,256,256,256,256,0
2022-11-11 12:08:00,256,256,256,256,0
2022-11-11 12:09:00,256,256,256,256,0
2022-11-11 12:10:00,256,256,256,256,0
2022-11-11 12:11:00,256,256,256,256,0
2022-11-11 12:12:00,256,256,256,256,0
2022-11-11 12:13:00,256,256,256,256,0
2022-11-11 12:14:00,256,256,256,256,0
2022-11-11 12:15:00,256,256,256,256,0
2022-11-11 12:16:00,256,256,256,256,0
2022-11-11 12:17:00,256,256,256,256,0
2022-11-11 12:18:00,256,256,256,256,0
2022-11-11 12:19:00,256,256,256,256,0
2022-11-11 12:20:00,256,256,256,256,0
2022-11-11 12:21:00,256,256,256,256,0
2022-11-11 12:22:00,256,256,256,256,0
2022-11-11 12:23:00,256,256,256,256,0
2022-11-11 12:24:00,256,256,256,256,0
2022-11-11 12:25:00,256,256,256,256,0
2022-11-11 12:26:00,256,256,256,256,0
2022-11-11 12:27:00,256,256,256,256,0
2022-11-11 12:28:00,256,256,256,256,0
2022-11-11 12:29:00,256,256,256,256,0
2022-11-11 12:30:00,256,256,256,256,0
2022-11-11 12:31:00,256,256,256,256,0
2022-11-11 12:32:00,256,256,256,256,0
2022-11-11 12:33:00,256,256,256,256,0
2022-11-11 12:34:00,256,256,256,256,0
2022-11-11 12:35:00,256,256,256,256,0
2022-11-11 12:36:00,256,256,256,256,0
2022-11-11 12:37:00,256,256,256,256,0
2022-11-11 12:38:00,256,256,256,256,0
2022-11-11 12:39:00,256,256,256,256,0
2022-11-11 12:40:00,256,256,256,256,0
2022-11-11 12:41:00,256,256,256,256,0
2022-11-11 12:42:00,256,256,256,256,0
2022-11-11 12:43:00,256,256,256,256,0
2022-11-11 12:44:00,256,256,256,256,0
2022-11-11 12:45:00,256,256,256,256,0
2022-11-11 12:46:00,256,256,256,256,0
2022-11-11 12:47:00,256,256,256,256,0
2022-11-11 12:48:00,256,256,256,256,0
2022-11-11 12:49:00,256,256,256,256,0
2022-11-11 12:50:00,256,256,256,256,0
2022-11-11 12:51:00,256,256,256,256,0
2022-11-11 12:52:00,256,256,256,256,0
2022-11-11 12:53:00,256,256,256,256,0
2022-11-11 12:54:00,256,256,256,256,0
2022-11-11 12:55:00,256,256,256,256,0
2022-11-11 12:56:00,256,256,256,256,0
2022-11-11 12:57:00,256,256,256,256,0
2022-11-11 12:58:00,256,256,256,256,0
2022-11-11 12:59:00,256,256,256,256,0
2022-11-11 13:00:00,256,256,256,256,0
2022-11-11 13:01:00,256,256,256,256,0
2022-11-11 13:02:00,256,256,256,256,0
2022-11-11 13:03:00,256,256,256,256,0
2022-11-11 13:04:00,256,256,256,256,0
2022-11-11 13:05:00,256,256,256,256,0
2022-11-11 13:06:00,256,256,256,256,0
2022-11-11 13:07:00,256,256,256,256,0
2022-11-11 13:08:00,256,256,256,256,0
2022-11-11 13:09:00,256,256,256,256,0
2022-11-11 13:10:00,256,256,256,256,0
2022-11-11 13:11:00,256,256,256,256,0
2022-11-11 13:12:00,256,256,256,256,0
2022-11-11 13:13:00,256,256,256,256,0
2022-11-11 13:14:00,256,256,256,256,0
2022-11-11 13:15:00,256,256,256,256,0
2022-11-11 13:16:00,256,256,256,256,0
2022-11-11 13:17:00,256,256,256,256,0
2022-11-11 13:18:00,256,256,256,256,0
2022-11-11 13:19:00,256,256,256,256,0
2022-11-11 13:20:00,256,256,256,256,0
2022-11-11 13:21:00,256,256,256,256,0
2022-11-11 13:22:00,256,256,256,256,0
2022-11-11 13:23:00,256,256,256,256,0
2022-11-11 13:24:00,256,256,256,256,0
2022-11-11 13:25:00,256,256,256,256,0
2022-11-11 13:26:00,256,256,256,256,0
2022-11-11 13:27:00,256,256,256,256,0
2022-11-11 13:28:00,256,256,256,256,0
2022-11-11 13:29:00,256,256,256,256,0
2022-11-11 13:30:00,254,254,254,254,1400
2022-11-11 13:31:00,254,254,254,254,0
2022-11-11 13:32:00,254,254,254,254,0
2022-11-11 13:33:00,254,254,254,254,0
2022-11-11 13:34:00,254,254,254,254,0
2022-11-11 13:35:00,254,254,254,254,0
2022-11-11 13:36:00,254,254,254,254,0
2022-11-11 13:37:00,254,254,254,254,0
2022-11-11 13:38:00,254,254,254,254,0
2022-11-11 13:39:00,254,254,254,254,0
2022-11-11 13:40:00,254,254,254,254,0
2022-11-11 13:41:00,254,254,254,254,0
2022-11-11 13:42:00,254,254,254,254,0
2022-11-11 13:43:00,254,254,254,254,0
2022-11-11 13:44:00,254,254,254,254,0
2022-11-11 13:45:00,254,254,254,254,0
2022-11-11 13:46:00,254,254,254,254,0
2022-11-11 13:47:00,254,254,254,254,0
2022-11-11 13:48:00,254,254,254,254,0
2022-11-11 13:49:00,254,254,254,254,0
2022-11-11 13:50:00,254,254,254,254,0
2022-11-11 13:51:00,254,254,254,254,0
2022-11-11 13:52:00,254,254,254,254,0
2022-11-11 13:53:00,254,254,254,254,0
2022-11-11 13:54:00,254,254,254,254,0
2022-11-11 13:55:00,254,254,254,254,0
2022-11-11 13:56:00,254,254,254,254,0
2022-11-11 13:57:00,254,254,254,254,0
2022-11-11 13:58:00,254,254,254,254,0
2022-11-11 13:59:00,254,254,254,254,0
2022-11-11 14:00:00,254,254,254,254,0
2022-11-11 14:01:00,252,252,252,252,1600
2022-11-11 14:02:00,252,252,252,252,0
2022-11-11 14:03:00,252,252,252,252,0
2022-11-11 14:04:00,252,252,252,252,0
2022-11-11 14:05:00,252,252,252,252,0
2022-11-11 14:06:00,252,252,252,252,0
2022-11-11 14:07:00,252,252,252,252,0
2022-11-11 14:08:00,252,252,252,252,0
2022-11-11 14:09:00,254,254,254,254,100
2022-11-11 14:10:00,258,258,258,258,200
2022-11-11 14:11:00,258,258,258,258,0
2022-11-11 14:12:00,258,258,258,258,1000
2022-11-11 14:13:00,258,258,258,258,0
2022-11-11 14:14:00,258,258,258,258,0
2022-11-11 14:15:00,258,258,258,258,0
2022-11-11 14:16:00,258,258,258,258,0
2022-11-11 14:17:00,258,258,258,258,0
2022-11-11 14:18:00,258,258,258,258,0
2022-11-11 14:19:00,258,258,258,258,0
2022-11-11 14:20:00,258,258,258,258,0
2022-11-11 14:21:00,258,258,258,258,0
2022-11-11 14:22:00,258,258,258,258,0
2022-11-11 14:23:00,258,258,258,258,0
2022-11-11 14:24:00,256,254,256,254,2800
2022-11-11 14:25:00,256,254,256,254,0
2022-11-11 14:26:00,256,254,256,254,0
2022-11-11 14:27:00,256,254,256,254,0
2022-11-11 14:28:00,254,254,254,254,300
2022-11-11 14:29:00,254,254,254,254,0
2022-11-11 14:30:00,254,254,254,254,0
2022-11-11 14:31:00,254,254,254,254,0
2022-11-11 14:32:00,254,254,254,254,0
2022-11-11 14:33:00,254,254,254,254,0
2022-11-11 14:34:00,254,254,254,254,0
2022-11-11 14:35:00,254,254,254,254,0
2022-11-11 14:36:00,254,254,254,254,0
2022-11-11 14:37:00,254,254,254,254,0
2022-11-11 14:38:00,254,254,254,254,0
2022-11-11 14:39:00,254,254,254,254,0
2022-11-11 14:40:00,254,254,254,254,0
2022-11-11 14:41:00,254,254,254,254,0
2022-11-11 14:42:00,254,254,254,254,800
2022-11-11 14:43:00,254,254,254,254,0
2022-11-11 14:44:00,254,254,254,254,0
2022-11-11 14:45:00,254,254,254,254,0
2022-11-11 14:46:00,254,254,254,254,0
2022-11-11 14:47:00,254,254,254,254,0
2022-11-11 14:48:00,254,254,254,254,0
2022-11-11 14:49:00,254,254,254,254,0
2022-11-11 14:50:00,254,254,254,254,0
2022-11-11 14:51:00,254,254,254,254,0
2022-11-11 14:52:00,254,254,254,254,0
2022-11-11 14:53:00,254,254,254,254,0
2022-11-11 14:54:00,254,254,254,254,0
2022-11-11 14:55:00,254,254,254,254,0
2022-11-11 14:56:00,254,254,254,254,0
2022-11-11 14:57:00,254,254,254,254,0
2022-11-11 14:58:00,254,254,254,254,0
2022-11-11 14:59:00,254,254,254,254,0
2022-11-11 15:00:00,254,254,254,254,0
2022-11-11 15:01:00,254,254,254,254,0
2022-11-11 15:02:00,254,254,254,254,0
2022-11-11 15:03:00,254,254,254,254,0
2022-11-11 15:04:00,254,254,254,254,0
2022-11-11 15:05:00,254,254,254,254,0
2022-11-11 15:06:00,254,254,254,254,0
2022-11-11 15:07:00,254,254,254,254,0
2022-11-11 15:08:00,254,254,254,254,0
2022-11-11 15:09:00,254,254,254,254,0
2022-11-11 15:10:00,254,254,254,254,0
2022-11-11 15:11:00,254,254,254,254,600
2022-11-11 15:12:00,254,254,254,254,13000
2022-11-11 15:13:00,254,254,254,254,0
2022-11-11 15:14:00,254,254,254,254,0
2022-11-11 15:15:00,254,254,254,254,0
2022-11-11 15:16:00,254,254,254,254,0
2022-11-11 15:17:00,254,254,254,254,0
2022-11-11 15:18:00,254,254,254,254,0
2022-11-11 15:19:00,254,254,254,254,0
2022-11-11 15:20:00,254,254,254,254,0
2022-11-11 15:21:00,254,254,254,254,0
2022-11-11 15:22:00,254,254,254,254,0
2022-11-11 15:23:00,254,254,254,254,0
2022-11-11 15:24:00,254,254,254,254,0
2022-11-11 15:25:00,254,254,254,254,0
2022-11-11 15:26:00,254,254,254,254,0
2022-11-11 15:27:00,254,254,254,254,0
2022-11-11 15:28:00,254,254,254,254,0
2022-11-11 15:29:00,254,254,254,254,0
2022-11-11 15:30:00,254,254,254,254,0
2022-11-11 15:31:00,254,254,254,254,0
2022-11-11 15:32:00,254,254,254,254,0
2022-11-11 15:33:00,254,254,254,254,0
2022-11-11 15:34:00,254,254,254,254,0
2022-11-11 15:35:00,254,254,254,254,0
2022-11-11 15:36:00,254,254,254,254,0
2022-11-11 15:37:00,254,254,254,254,0
2022-11-11 15:38:00,254,254,254,254,0
2022-11-11 15:39:00,254,254,254,254,0
2022-11-11 15:40:00,254,254,254,254,0
2022-11-11 15:41:00,254,254,254,254,0
2022-11-11 15:42:00,254,254,254,254,0
2022-11-11 15:43:00,254,254,254,254,0
2022-11-11 15:44:00,254,254,254,254,0
2022-11-11 15:45:00,254,254,254,254,0
2022-11-11 15:46:00,254,254,254,254,0
2022-11-11 15:47:00,254,254,254,254,0
2022-11-11 15:48:00,254,254,254,254,0
2022-11-11 15:49:00,254,254,254,254,0
2022-11-11 15:50:00,254,254,254,254,0
2022-11-11 15:51:00,254,254,254,254,0
2022-11-11 15:52:00,254,254,254,254,0
2022-11-11 15:53:00,254,254,254,254,0
2022-11-11 15:54:00,254,254,254,254,0
2022-11-11 15:55:00,254,254,254,254,0
2022-11-11 15:56:00,254,254,254,254,0
2022-11-11 15:57:00,254,254,254,254,0
2022-11-11 15:58:00,254,254,254,254,0
2022-11-11 15:59:00,254,254,254,254,0
2022-11-14 09:00:00,258,258,258,258,0
2022-11-14 09:01:00,258,258,258,258,0
2022-11-14 09:02:00,258,258,258,258,0
2022-11-14 09:03:00,258,258,258,258,0
2022-11-14 09:04:00,258,258,258,258,0
2022-11-14 09:05:00,258,258,258,258,0
2022-11-14 09:06:00,258,258,258,258,0
2022-11-14 09:07:00,258,258,258,258,0
2022-11-14 09:08:00,258,258,258,258,0
2022-11-14 09:09:00,258,258,258,258,0
2022-11-14 09:10:00,258,258,258,258,0
2022-11-14 09:11:00,258,258,258,258,0
2022-11-14 09:12:00,258,258,258,258,0
2022-11-14 09:13:00,258,258,258,258,0
2022-11-14 09:14:00,258,258,258,258,0
2022-11-14 09:15:00,256,256,256,256,400
2022-11-14 09:16:00,256,256,256,256,0
2022-11-14 09:17:00,254,254,254,254,0
2022-11-14 09:18:00,254,254,254,254,0
2022-11-14 09:19:00,254,254,254,254,0
2022-11-14 09:20:00,254,254,254,254,0
2022-11-14 09:21:00,254,254,254,254,0
2022-11-14 09:22:00,254,254,254,254,0
2022-11-14 09:23:00,254,254,254,254,0
2022-11-14 09:24:00,256,256,256,256,900
2022-11-14 09:25:00,256,256,256,256,0
2022-11-14 09:26:00,256,256,256,256,0
2022-11-14 09:27:00,256,256,256,256,0
2022-11-14 09:28:00,256,256,256,256,0
2022-11-14 09:29:00,256,256,256,256,0
2022-11-14 09:30:00,256,256,256,256,0
2022-11-14 09:31:00,256,256,256,256,0
2022-11-14 09:32:00,256,256,256,256,0
2022-11-14 09:33:00,256,256,256,256,0
2022-11-14 09:34:00,256,256,256,256,0
2022-11-14 09:35:00,256,256,256,256,0
2022-11-14 09:36:00,256,256,256,256,0
2022-11-14 09:37:00,256,256,256,256,0
2022-11-14 09:38:00,256,256,256,256,0
2022-11-14 09:39:00,256,256,256,256,0
2022-11-14 09:40:00,256,256,256,256,0
2022-11-14 09:41:00,256,256,256,256,0
2022-11-14 09:42:00,256,256,256,256,2800
2022-11-14 09:43:00,256,256,256,256,0
2022-11-14 09:44:00,256,256,256,256,0
2022-11-14 09:45:00,256,256,256,256,0
2022-11-14 09:46:00,256,256,256,256,0
2022-11-14 09:47:00,256,256,256,256,0
2022-11-14 09:48:00,256,256,256,256,0
2022-11-14 09:49:00,256,256,256,256,0
2022-11-14 09:50:00,256,256,256,256,0
2022-11-14 09:51:00,256,256,256,256,8500
2022-11-14 09:52:00,256,256,256,256,0
2022-11-14 09:53:00,256,256,256,256,0
2022-11-14 09:54:00,256,256,256,256,0
2022-11-14 09:55:00,256,256,256,256,0
2022-11-14 09:56:00,256,256,256,256,0
2022-11-14 09:57:00,256,256,256,256,0
2022-11-14 09:58:00,256,256,256,256,0
2022-11-14 09:59:00,256,256,256,256,0
2022-11-14 10:00:00,256,256,256,256,0
2022-11-14 10:01:00,256,256,256,256,0
2022-11-14 10:02:00,256,256,256,256,0
2022-11-14 10:03:00,256,256,256,256,0
2022-11-14 10:04:00,256,256,256,256,0
2022-11-14 10:05:00,256,256,256,256,0
2022-11-14 10:06:00,256,256,256,256,0
2022-11-14 10:07:00,256,256,256,256,0
2022-11-14 10:08:00,256,256,256,256,0
2022-11-14 10:09:00,256,256,256,256,0
2022-11-14 10:10:00,256,256,256,256,0
2022-11-14 10:11:00,256,256,256,256,0
2022-11-14 10:12:00,256,256,256,256,0
2022-11-14 10:13:00,256,256,256,256,0
2022-11-14 10:14:00,256,256,256,256,0
2022-11-14 10:15:00,256,256,256,256,0
2022-11-14 10:16:00,256,256,256,256,0
2022-11-14 10:17:00,256,256,256,256,0
2022-11-14 10:18:00,256,256,256,256,0
2022-11-14 10:19:00,256,256,256,256,0
2022-11-14 10:20:00,256,256,256,256,0
2022-11-14 10:21:00,256,256,256,256,0
2022-11-14 10:22:00,256,256,256,256,0
2022-11-14 10:23:00,256,256,256,256,0
2022-11-14 10:24:00,256,256,256,256,0
2022-11-14 10:25:00,256,256,256,256,0
2022-11-14 10:26:00,256,256,256,256,0
2022-11-14 10:27:00,256,256,256,256,0
2022-11-14 10:28:00,256,256,256,256,0
2022-11-14 10:29:00,256,256,256,256,0
2022-11-14 10:30:00,256,256,256,256,0
2022-11-14 10:31:00,256,256,256,256,0
2022-11-14 10:32:00,256,256,256,256,0
2022-11-14 10:33:00,256,256,256,256,0
2022-11-14 10:34:00,256,256,256,256,0
2022-11-14 10:35:00,256,256,256,256,0
2022-11-14 10:36:00,256,256,256,256,0
2022-11-14 10:37:00,256,256,256,256,0
2022-11-14 10:38:00,256,256,256,256,0
2022-11-14 10:39:00,256,256,256,256,0
2022-11-14 10:40:00,256,256,256,256,0
2022-11-14 10:41:00,256,256,256,256,0
2022-11-14 10:42:00,256,256,256,256,0
2022-11-14 10:43:00,256,256,256,256,0
2022-11-14 10:44:00,256,256,256,256,0
2022-11-14 10:45:00,256,256,256,256,0
2022-11-14 10:46:00,256,256,256,256,0
2022-11-14 10:47:00,256,256,256,256,0
2022-11-14 10:48:00,256,256,256,256,0
2022-11-14 10:49:00,256,256,256,256,0
2022-11-14 10:50:00,256,256,256,256,0
2022-11-14 10:51:00,256,256,256,256,0
2022-11-14 10:52:00,256,256,256,256,0
2022-11-14 10:53:00,256,256,256,256,0
2022-11-14 10:54:00,256,256,256,256,0
2022-11-14 10:55:00,256,256,256,256,0
2022-11-14 10:56:00,256,256,256,256,0
2022-11-14 10:57:00,256,256,256,256,0
2022-11-14 10:58:00,256,256,256,256,0
2022-11-14 10:59:00,256,256,256,256,0
2022-11-14 11:00:00,256,256,256,256,0
2022-11-14 11:01:00,256,256,256,256,0
2022-11-14 11:02:00,256,256,256,256,0
2022-11-14 11:03:00,256,256,256,256,0
2022-11-14 11:04:00,256,256,256,256,0
2022-11-14 11:05:00,256,256,256,256,0
2022-11-14 11:06:00,252,252,252,252,700
2022-11-14 11:07:00,252,252,252,252,0
2022-11-14 11:08:00,252,252,252,252,0
2022-11-14 11:09:00,252,252,252,252,0
2022-11-14 11:10:00,252,252,252,252,0
2022-11-14 11:11:00,252,252,252,252,0
2022-11-14 11:12:00,252,252,252,252,300
2022-11-14 11:13:00,252,252,252,252,0
2022-11-14 11:14:00,252,252,252,252,0
2022-11-14 11:15:00,252,252,252,252,0
2022-11-14 11:16:00,252,252,252,252,0
2022-11-14 11:17:00,252,252,252,252,0
2022-11-14 11:18:00,252,252,252,252,0
2022-11-14 11:19:00,252,252,252,252,0
2022-11-14 11:20:00,252,252,252,252,0
2022-11-14 11:21:00,252,252,252,252,0
2022-11-14 11:22:00,252,252,252,252,0
2022-11-14 11:23:00,252,252,252,252,0
2022-11-14 11:24:00,252,252,252,252,0
2022-11-14 11:25:00,252,252,252,252,0
2022-11-14 11:26:00,252,252,252,252,0
2022-11-14 11:27:00,252,252,252,252,0
2022-11-14 11:28:00,252,252,252,252,0
2022-11-14 11:29:00,252,252,252,252,0
2022-11-14 11:30:00,252,252,252,252,0
2022-11-14 11:31:00,252,252,252,252,0
2022-11-14 11:32:00,252,252,252,252,0
2022-11-14 11:33:00,252,252,252,252,0
2022-11-14 11:34:00,252,252,252,252,0
2022-11-14 11:35:00,252,252,252,252,0
2022-11-14 11:36:00,252,252,252,252,0
2022-11-14 11:37:00,252,252,252,252,0
2022-11-14 11:38:00,252,252,252,252,0
2022-11-14 11:39:00,252,252,252,252,0
2022-11-14 11:40:00,252,252,252,252,0
2022-11-14 11:41:00,252,252,252,252,0
2022-11-14 11:42:00,252,252,252,252,0
2022-11-14 11:43:00,252,252,252,252,0
2022-11-14 11:44:00,252,252,252,252,0
2022-11-14 11:45:00,252,252,252,252,0
2022-11-14 11:46:00,252,252,252,252,0
2022-11-14 11:47:00,252,252,252,252,0
2022-11-14 11:48:00,252,252,252,252,0
2022-11-14 11:49:00,252,252,252,252,0
2022-11-14 11:50:00,252,252,252,252,0
2022-11-14 11:51:00,252,252,252,252,0
2022-11-14 11:52:00,252,252,252,252,0
2022-11-14 11:53:00,252,252,252,252,0
2022-11-14 11:54:00,252,252,252,252,0
2022-11-14 11:55:00,252,252,252,252,0
2022-11-14 11:56:00,252,252,252,252,0
2022-11-14 11:57:00,252,252,252,252,0
2022-11-14 11:58:00,252,252,252,252,0
2022-11-14 11:59:00,252,252,252,252,0
2022-11-14 12:00:00,252,252,252,252,0
2022-11-14 12:01:00,252,252,252,252,0
2022-11-14 12:02:00,252,252,252,252,0
2022-11-14 12:03:00,252,252,252,252,0
2022-11-14 12:04:00,252,252,252,252,0
2022-11-14 12:05:00,252,252,252,252,0
2022-11-14 12:06:00,252,252,252,252,0
2022-11-14 12:07:00,252,252,252,252,0
2022-11-14 12:08:00,252,252,252,252,0
2022-11-14 12:09:00,252,252,252,252,0
2022-11-14 12:10:00,252,252,252,252,0
2022-11-14 12:11:00,252,252,252,252,0
2022-11-14 12:12:00,252,252,252,252,0
2022-11-14 12:13:00,252,252,252,252,0
2022-11-14 12:14:00,252,252,252,252,0
2022-11-14 12:15:00,252,252,252,252,0
2022-11-14 12:16:00,252,252,252,252,0
2022-11-14 12:17:00,252,252,252,252,0
2022-11-14 12:18:00,252,252,252,252,0
2022-11-14 12:19:00,252,252,252,252,0
2022-11-14 12:20:00,252,252,252,252,0
2022-11-14 12:21:00,252,252,252,252,0
2022-11-14 12:22:00,252,252,252,252,0
2022-11-14 12:23:00,252,252,252,252,0
2022-11-14 12:24:00,252,252,252,252,0
2022-11-14 12:25:00,252,252,252,252,0
2022-11-14 12:26:00,252,252,252,252,0
2022-11-14 12:27:00,252,252,252,252,0
2022-11-14 12:28:00,252,252,252,252,0
2022-11-14 12:29:00,252,252,252,252,0
2022-11-14 12:30:00,252,252,252,252,0
2022-11-14 12:31:00,252,252,252,252,0
2022-11-14 12:32:00,252,252,252,252,0
2022-11-14 12:33:00,252,252,252,252,0
2022-11-14 12:34:00,252,252,252,252,0
2022-11-14 12:35:00,252,252,252,252,0
2022-11-14 12:36:00,252,252,252,252,0
2022-11-14 12:37:00,252,252,252,252,0
2022-11-14 12:38:00,252,252,252,252,0
2022-11-14 12:39:00,252,252,252,252,0
2022-11-14 12:40:00,252,252,252,252,0
2022-11-14 12:41:00,252,252,252,252,0
2022-11-14 12:42:00,252,252,252,252,0
2022-11-14 12:43:00,252,252,252,252,0
2022-11-14 12:44:00,252,252,252,252,0
2022-11-14 12:45:00,252,252,252,252,0
2022-11-14 12:46:00,252,252,252,252,0
2022-11-14 12:47:00,252,252,252,252,0
2022-11-14 12:48:00,252,252,252,252,0
2022-11-14 12:49:00,252,252,252,252,0
2022-11-14 12:50:00,252,252,252,252,0
2022-11-14 12:51:00,252,252,252,252,0
2022-11-14 12:52:00,252,252,252,252,0
2022-11-14 12:53:00,252,252,252,252,0
2022-11-14 12:54:00,252,252,252,252,0
2022-11-14 12:55:00,252,252,252,252,0
2022-11-14 12:56:00,252,252,252,252,0
2022-11-14 12:57:00,252,252,252,252,0
2022-11-14 12:58:00,252,252,252,252,0
2022-11-14 12:59:00,252,252,252,252,0
2022-11-14 13:00:00,252,252,252,252,0
2022-11-14 13:01:00,252,252,252,252,0
2022-11-14 13:02:00,252,252,252,252,0
2022-11-14 13:03:00,252,252,252,252,0
2022-11-14 13:04:00,252,252,252,252,0
2022-11-14 13:05:00,252,252,252,252,0
2022-11-14 13:06:00,252,252,252,252,0
2022-11-14 13:07:00,252,252,252,252,0
2022-11-14 13:08:00,252,252,252,252,0
2022-11-14 13:09:00,252,252,252,252,0
2022-11-14 13:10:00,252,252,252,252,0
2022-11-14 13:11:00,252,252,252,252,0
2022-11-14 13:12:00,252,252,252,252,0
2022-11-14 13:13:00,252,252,252,252,0
2022-11-14 13:14:00,252,252,252,252,0
2022-11-14 13:15:00,252,252,252,252,0
2022-11-14 13:16:00,252,252,252,252,0
2022-11-14 13:17:00,252,252,252,252,0
2022-11-14 13:18:00,252,252,252,252,0
2022-11-14 13:19:00,252,252,252,252,0
2022-11-14 13:20:00,252,252,252,252,0
2022-11-14 13:21:00,252,252,252,252,0
2022-11-14 13:22:00,252,252,252,252,0
2022-11-14 13:23:00,252,252,252,252,0
2022-11-14 13:24:00,252,252,252,252,0
2022-11-14 13:25:00,252,252,252,252,0
2022-11-14 13:26:00,252,252,252,252,0
2022-11-14 13:27:00,252,252,252,252,0
2022-11-14 13:28:00,252,252,252,252,0
2022-11-14 13:29:00,252,252,252,252,0
2022-11-14 13:30:00,252,252,252,252,0
2022-11-14 13:31:00,252,252,252,252,0
2022-11-14 13:32:00,252,252,252,252,0
2022-11-14 13:33:00,252,252,252,252,0
2022-11-14 13:34:00,252,252,252,252,0
2022-11-14 13:35:00,252,252,252,252,0
2022-11-14 13:36:00,252,252,252,252,0
2022-11-14 13:37:00,252,252,252,252,0
2022-11-14 13:38:00,252,252,252,252,0
2022-11-14 13:39:00,252,252,252,252,0
2022-11-14 13:40:00,252,252,252,252,0
2022-11-14 13:41:00,252,252,252,252,0
2022-11-14 13:42:00,252,252,252,252,0
2022-11-14 13:43:00,252,252,252,252,0
2022-11-14 13:44:00,252,252,252,252,0
2022-11-14 13:45:00,250,250,250,250,2000
2022-11-14 13:46:00,250,250,250,250,0
2022-11-14 13:47:00,250,250,250,250,0
2022-11-14 13:48:00,250,250,250,250,0
2022-11-14 13:49:00,250,250,250,250,0
2022-11-14 13:50:00,250,250,250,250,0
2022-11-14 13:51:00,250,250,250,250,0
2022-11-14 13:52:00,250,250,250,250,0
2022-11-14 13:53:00,252,252,252,252,1000
2022-11-14 13:54:00,252,252,252,252,0
2022-11-14 13:55:00,252,252,252,252,0
2022-11-14 13:56:00,252,252,252,252,0
2022-11-14 13:57:00,252,252,252,252,0
2022-11-14 13:58:00,252,252,252,252,0
2022-11-14 13:59:00,252,252,252,252,0
2022-11-14 14:00:00,254,254,254,254,100
2022-11-14 14:01:00,254,254,254,254,0
2022-11-14 14:02:00,254,254,254,254,0
2022-11-14 14:03:00,254,254,254,254,0
2022-11-14 14:04:00,254,254,254,254,0
2022-11-14 14:05:00,254,254,254,254,0
2022-11-14 14:06:00,254,254,254,254,0
2022-11-14 14:07:00,254,254,254,254,0
2022-11-14 14:08:00,254,254,254,254,0
2022-11-14 14:09:00,254,254,254,254,0
2022-11-14 14:10:00,254,254,254,254,0
2022-11-14 14:11:00,254,254,254,254,0
2022-11-14 14:12:00,254,254,254,254,0
2022-11-14 14:13:00,254,254,254,254,0
2022-11-14 14:14:00,254,254,254,254,0
2022-11-14 14:15:00,254,254,254,254,0
2022-11-14 14:16:00,254,254,254,254,0
2022-11-14 14:17:00,254,254,254,254,0
2022-11-14 14:18:00,254,254,254,254,0
2022-11-14 14:19:00,254,254,254,254,0
2022-11-14 14:20:00,254,254,254,254,0
2022-11-14 14:21:00,254,254,254,254,0
2022-11-14 14:22:00,254,254,254,254,0
2022-11-14 14:23:00,254,254,254,254,0
2022-11-14 14:24:00,254,254,254,254,0
2022-11-14 14:25:00,254,254,254,254,0
2022-11-14 14:26:00,254,254,254,254,0
2022-11-14 14:27:00,254,254,254,254,0
2022-11-14 14:28:00,254,254,254,254,0
2022-11-14 14:29:00,254,254,254,254,0
2022-11-14 14:30:00,254,254,254,254,0
2022-11-14 14:31:00,254,254,254,254,0
2022-11-14 14:32:00,254,254,254,254,0
2022-11-14 14:33:00,254,254,254,254,0
2022-11-14 14:34:00,254,254,254,254,0
2022-11-14 14:35:00,254,254,254,254,0
2022-11-14 14:36:00,254,254,254,254,0
2022-11-14 14:37:00,254,254,254,254,0
2022-11-14 14:38:00,254,254,254,254,0
2022-11-14 14:39:00,254,254,254,254,0
2022-11-14 14:40:00,254,254,254,254,0
2022-11-14 14:41:00,254,254,254,254,0
2022-11-14 14:42:00,254,254,254,254,0
2022-11-14 14:43:00,254,254,254,254,0
2022-11-14 14:44:00,254,254,254,254,0
2022-11-14 14:45:00,254,254,254,254,0
2022-11-14 14:46:00,254,254,254,254,0
2022-11-14 14:47:00,254,254,254,254,0
2022-11-14 14:48:00,254,254,254,254,0
2022-11-14 14:49:00,254,254,254,254,0
2022-11-14 14:50:00,254,254,254,254,0
2022-11-14 14:51:00,254,254,254,254,0
2022-11-14 14:52:00,254,254,254,254,0
2022-11-14 14:53:00,254,254,254,254,0
2022-11-14 14:54:00,254,254,254,254,0
2022-11-14 14:55:00,254,254,254,254,0
2022-11-14 14:56:00,254,254,254,254,0
2022-11-14 14:57:00,254,254,254,254,0
2022-11-14 14:58:00,254,254,254,254,0
2022-11-14 14:59:00,254,254,254,254,0
2022-11-14 15:00:00,254,254,254,254,0
2022-11-14 15:01:00,254,254,254,254,0
2022-11-14 15:02:00,254,254,254,254,0
2022-11-14 15:03:00,254,254,254,254,0
2022-11-14 15:04:00,254,254,254,254,0
2022-11-14 15:05:00,254,254,254,254,0
2022-11-14 15:06:00,254,254,254,254,0
2022-11-14 15:07:00,254,254,254,254,0
2022-11-14 15:08:00,254,254,254,254,16000
2022-11-14 15:09:00,254,254,254,254,0
2022-11-14 15:10:00,254,254,254,254,0
2022-11-14 15:11:00,254,254,254,254,0
2022-11-14 15:12:00,254,254,254,254,0
2022-11-14 15:13:00,254,254,254,254,0
2022-11-14 15:14:00,254,254,254,254,0
2022-11-14 15:15:00,254,254,254,254,0
2022-11-14 15:16:00,254,254,254,254,0
2022-11-14 15:17:00,254,254,254,254,0
2022-11-14 15:18:00,254,254,254,254,0
2022-11-14 15:19:00,254,254,254,254,0
2022-11-14 15:20:00,254,254,254,254,0
2022-11-14 15:21:00,254,254,254,254,0
2022-11-14 15:22:00,254,254,254,254,0
2022-11-14 15:23:00,254,254,254,254,0
2022-11-14 15:24:00,254,254,254,254,0
2022-11-14 15:25:00,254,254,254,254,0
2022-11-14 15:26:00,254,254,254,254,0
2022-11-14 15:27:00,254,254,254,254,0
2022-11-14 15:28:00,254,254,254,254,0
2022-11-14 15:29:00,254,254,254,254,0
2022-11-14 15:30:00,254,254,254,254,0
2022-11-14 15:31:00,254,254,254,254,0
2022-11-14 15:32:00,254,254,254,254,0
2022-11-14 15:33:00,254,254,254,254,0
2022-11-14 15:34:00,254,254,254,254,0
2022-11-14 15:35:00,254,254,254,254,0
2022-11-14 15:36:00,254,254,254,254,0
2022-11-14 15:37:00,254,254,254,254,0
2022-11-14 15:38:00,254,254,254,254,0
2022-11-14 15:39:00,254,254,254,254,0
2022-11-14 15:40:00,254,254,254,254,0
2022-11-14 15:41:00,254,254,254,254,0
2022-11-14 15:42:00,254,254,254,254,0
2022-11-14 15:43:00,254,254,254,254,0
2022-11-14 15:44:00,254,254,254,254,0
2022-11-14 15:45:00,254,254,254,254,0
2022-11-14 15:46:00,254,254,254,254,0
2022-11-14 15:47:00,254,254,254,254,0
2022-11-14 15:48:00,254,254,254,254,0
2022-11-14 15:49:00,254,254,254,254,0
2022-11-14 15:50:00,254,254,254,254,0
2022-11-14 15:51:00,254,254,254,254,0
2022-11-14 15:52:00,254,254,254,254,0
2022-11-14 15:53:00,254,254,254,254,0
2022-11-14 15:54:00,254,254,254,254,0
2022-11-14 15:55:00,254,254,254,254,0
2022-11-14 15:56:00,254,254,254,254,0
2022-11-14 15:57:00,254,254,254,254,0
2022-11-14 15:58:00,254,254,254,254,0
2022-11-14 15:59:00,254,254,254,254,0
2022-11-15 09:00:00,254,254,254,254,0
2022-11-15 09:01:00,254,254,254,254,0
2022-11-15 09:02:00,254,254,254,254,0
2022-11-15 09:03:00,254,254,254,254,0
2022-11-15 09:04:00,254,254,254,254,0
2022-11-15 09:05:00,254,254,254,254,0
2022-11-15 09:06:00,254,254,254,254,0
2022-11-15 09:07:00,254,254,254,254,4800
2022-11-15 09:08:00,254,254,254,254,0
2022-11-15 09:09:00,254,254,254,254,0
2022-11-15 09:10:00,254,254,254,254,0
2022-11-15 09:11:00,254,254,254,254,0
2022-11-15 09:12:00,254,254,254,254,0
2022-11-15 09:13:00,254,254,254,254,0
2022-11-15 09:14:00,254,254,254,254,0
2022-11-15 09:15:00,254,254,254,254,0
2022-11-15 09:16:00,254,254,254,254,0
2022-11-15 09:17:00,250,250,250,250,200
2022-11-15 09:18:00,250,250,250,250,0
2022-11-15 09:19:00,250,250,250,250,0
2022-11-15 09:20:00,250,250,250,250,0
2022-11-15 09:21:00,250,250,250,250,0
2022-11-15 09:22:00,250,250,250,250,0
2022-11-15 09:23:00,250,250,250,250,0
2022-11-15 09:24:00,250,250,250,250,0
2022-11-15 09:25:00,250,250,250,250,0
2022-11-15 09:26:00,250,250,250,250,0
2022-11-15 09:27:00,256,256,256,256,2900
2022-11-15 09:28:00,256,256,256,256,0
2022-11-15 09:29:00,250,250,250,250,4800
2022-11-15 09:30:00,250,250,250,250,0
2022-11-15 09:31:00,250,250,250,250,0
2022-11-15 09:32:00,250,250,250,250,0
2022-11-15 09:33:00,250,250,250,250,0
2022-11-15 09:34:00,250,250,250,250,0
2022-11-15 09:35:00,250,250,250,250,0
2022-11-15 09:36:00,250,250,250,250,0
2022-11-15 09:37:00,250,250,250,250,0
2022-11-15 09:38:00,250,250,250,250,0
2022-11-15 09:39:00,250,250,250,250,0
2022-11-15 09:40:00,256,256,256,256,700
2022-11-15 09:41:00,256,256,256,256,0
2022-11-15 09:42:00,256,256,256,256,0
2022-11-15 09:43:00,256,256,256,256,0
2022-11-15 09:44:00,256,256,256,256,0
2022-11-15 09:45:00,256,256,256,256,0
2022-11-15 09:46:00,256,256,256,256,0
2022-11-15 09:47:00,256,256,256,256,0
2022-11-15 09:48:00,256,256,256,256,0
2022-11-15 09:49:00,256,256,256,256,0
2022-11-15 09:50:00,256,256,256,256,0
2022-11-15 09:51:00,256,256,256,256,0
2022-11-15 09:52:00,256,256,256,256,0
2022-11-15 09:53:00,256,256,256,256,0
2022-11-15 09:54:00,256,256,256,256,0
2022-11-15 09:55:00,256,256,256,256,0
2022-11-15 09:56:00,256,256,256,256,0
2022-11-15 09:57:00,256,256,256,256,0
2022-11-15 09:58:00,256,256,256,256,0
2022-11-15 09:59:00,256,256,256,256,0
2022-11-15 10:00:00,256,256,256,256,0
2022-11-15 10:01:00,256,256,256,256,0
2022-11-15 10:02:00,256,256,256,256,0
2022-11-15 10:03:00,256,256,256,256,0
2022-11-15 10:04:00,256,256,256,256,0
2022-11-15 10:05:00,256,256,256,256,0
2022-11-15 10:06:00,256,256,256,256,0
2022-11-15 10:07:00,256,256,256,256,0
2022-11-15 10:08:00,256,256,256,256,0
2022-11-15 10:09:00,256,256,256,256,0
2022-11-15 10:10:00,256,256,256,256,0
2022-11-15 10:11:00,256,256,256,256,0
2022-11-15 10:12:00,256,256,256,256,0
2022-11-15 10:13:00,256,256,256,256,0
2022-11-15 10:14:00,256,256,256,256,0
2022-11-15 10:15:00,256,256,256,256,0
2022-11-15 10:16:00,256,256,256,256,0
2022-11-15 10:17:00,256,256,256,256,0
2022-11-15 10:18:00,256,256,256,256,0
2022-11-15 10:19:00,256,256,256,256,0
2022-11-15 10:20:00,256,256,256,256,0
2022-11-15 10:21:00,256,256,256,256,0
2022-11-15 10:22:00,256,256,256,256,0
2022-11-15 10:23:00,256,256,256,256,0
2022-11-15 10:24:00,256,256,256,256,0
2022-11-15 10:25:00,256,256,256,256,0
2022-11-15 10:26:00,256,256,256,256,0
2022-11-15 10:27:00,256,256,256,256,0
2022-11-15 10:28:00,256,256,256,256,0
2022-11-15 10:29:00,256,256,256,256,0
2022-11-15 10:30:00,256,256,256,256,0
2022-11-15 10:31:00,256,256,256,256,0
2022-11-15 10:32:00,256,256,256,256,0
2022-11-15 10:33:00,256,256,256,256,0
2022-11-15 10:34:00,256,256,256,256,0
2022-11-15 10:35:00,256,256,256,256,0
2022-11-15 10:36:00,256,256,256,256,0
2022-11-15 10:37:00,256,256,256,256,0
2022-11-15 10:38:00,256,256,256,256,0
2022-11-15 10:39:00,256,256,256,256,0
2022-11-15 10:40:00,256,256,256,256,0
2022-11-15 10:41:00,256,256,256,256,0
2022-11-15 10:42:00,256,256,256,256,0
2022-11-15 10:43:00,256,256,256,256,0
2022-11-15 10:44:00,256,256,256,256,0
2022-11-15 10:45:00,256,256,256,256,0
2022-11-15 10:46:00,256,256,256,256,0
2022-11-15 10:47:00,256,256,256,256,0
2022-11-15 10:48:00,256,256,256,256,0
2022-11-15 10:49:00,256,256,256,256,0
2022-11-15 10:50:00,256,256,256,256,0
2022-11-15 10:51:00,256,256,256,256,0
2022-11-15 10:52:00,256,256,256,256,0
2022-11-15 10:53:00,252,252,252,252,300
2022-11-15 10:54:00,252,252,252,252,0
2022-11-15 10:55:00,252,252,252,252,0
2022-11-15 10:56:00,252,250,252,250,8300
2022-11-15 10:57:00,252,250,252,250,0
2022-11-15 10:58:00,252,250,252,250,0
2022-11-15 10:59:00,252,250,252,250,0
2022-11-15 11:00:00,252,250,252,250,0
2022-11-15 11:01:00,252,250,252,250,0
2022-11-15 11:02:00,252,250,252,250,0
2022-11-15 11:03:00,250,250,250,250,500
2022-11-15 11:04:00,250,250,250,250,0
2022-11-15 11:05:00,250,250,250,250,0
2022-11-15 11:06:00,250,250,250,250,0
2022-11-15 11:07:00,250,250,250,250,0
2022-11-15 11:08:00,250,250,250,250,0
2022-11-15 11:09:00,250,250,250,250,0
2022-11-15 11:10:00,250,250,250,250,0
2022-11-15 11:11:00,250,250,250,250,0
2022-11-15 11:12:00,250,250,250,250,0
2022-11-15 11:13:00,250,250,250,250,1000
2022-11-15 11:14:00,250,250,250,250,0
2022-11-15 11:15:00,250,250,250,250,0
2022-11-15 11:16:00,250,250,250,250,0
2022-11-15 11:17:00,250,250,250,250,0
2022-11-15 11:18:00,250,250,250,250,0
2022-11-15 11:19:00,250,250,250,250,0
2022-11-15 11:20:00,250,250,250,250,0
2022-11-15 11:21:00,250,250,250,250,0
2022-11-15 11:22:00,250,250,250,250,0
2022-11-15 11:23:00,250,250,250,250,0
2022-11-15 11:24:00,250,250,250,250,0
2022-11-15 11:25:00,250,250,250,250,0
2022-11-15 11:26:00,250,250,250,250,0
2022-11-15 11:27:00,250,250,250,250,0
2022-11-15 11:28:00,248,248,248,248,1800
2022-11-15 11:29:00,248,248,248,248,0
2022-11-15 11:30:00,248,248,248,248,0
2022-11-15 11:31:00,248,248,248,248,0
2022-11-15 11:32:00,248,248,248,248,0
2022-11-15 11:33:00,248,248,248,248,0
2022-11-15 11:34:00,248,248,248,248,0
2022-11-15 11:35:00,248,248,248,248,0
2022-11-15 11:36:00,248,248,248,248,0
2022-11-15 11:37:00,248,248,248,248,0
2022-11-15 11:38:00,248,248,248,248,0
2022-11-15 11:39:00,248,248,248,248,0
2022-11-15 11:40:00,248,248,248,248,0
2022-11-15 11:41:00,248,248,248,248,0
2022-11-15 11:42:00,248,248,248,248,0
2022-11-15 11:43:00,248,248,248,248,0
2022-11-15 11:44:00,248,248,248,248,0
2022-11-15 11:45:00,248,248,248,248,0
2022-11-15 11:46:00,248,248,248,248,0
2022-11-15 11:47:00,248,248,248,248,0
2022-11-15 11:48:00,248,248,248,248,0
2022-11-15 11:49:00,248,248,248,248,0
2022-11-15 11:50:00,248,248,248,248,0
2022-11-15 11:51:00,248,248,248,248,0
2022-11-15 11:52:00,248,248,248,248,0
2022-11-15 11:53:00,248,248,248,248,0
2022-11-15 11:54:00,248,248,248,248,0
2022-11-15 11:55:00,248,248,248,248,0
2022-11-15 11:56:00,248,248,248,248,0
2022-11-15 11:57:00,248,248,248,248,0
2022-11-15 11:58:00,248,248,248,248,0
2022-11-15 11:59:00,248,248,248,248,0
2022-11-15 12:00:00,248,248,248,248,0
2022-11-15 12:01:00,248,248,248,248,0
2022-11-15 12:02:00,248,248,248,248,0
2022-11-15 12:03:00,248,248,248,248,0
2022-11-15 12:04:00,248,248,248,248,0
2022-11-15 12:05:00,248,248,248,248,0
2022-11-15 12:06:00,248,248,248,248,0
2022-11-15 12:07:00,248,248,248,248,0
2022-11-15 12:08:00,248,248,248,248,0
2022-11-15 12:09:00,248,248,248,248,0
2022-11-15 12:10:00,248,248,248,248,0
2022-11-15 12:11:00,248,248,248,248,0
2022-11-15 12:12:00,248,248,248,248,0
2022-11-15 12:13:00,248,248,248,248,0
2022-11-15 12:14:00,248,248,248,248,0
2022-11-15 12:15:00,248,248,248,248,0
2022-11-15 12:16:00,248,248,248,248,0
2022-11-15 12:17:00,248,248,248,248,0
2022-11-15 12:18:00,248,248,248,248,0
2022-11-15 12:19:00,248,248,248,248,0
2022-11-15 12:20:00,248,248,248,248,0
2022-11-15 12:21:00,248,248,248,248,0
2022-11-15 12:22:00,248,248,248,248,0
2022-11-15 12:23:00,248,248,248,248,0
2022-11-15 12:24:00,248,248,248,248,0
2022-11-15 12:25:00,248,248,248,248,0
2022-11-15 12:26:00,248,248,248,248,0
2022-11-15 12:27:00,248,248,248,248,0
2022-11-15 12:28:00,248,248,248,248,0
2022-11-15 12:29:00,248,248,248,248,0
2022-11-15 12:30:00,248,248,248,248,0
2022-11-15 12:31:00,248,248,248,248,0
2022-11-15 12:32:00,248,248,248,248,0
2022-11-15 12:33:00,248,248,248,248,0
2022-11-15 12:34:00,248,248,248,248,0
2022-11-15 12:35:00,248,248,248,248,0
2022-11-15 12:36:00,248,248,248,248,0
2022-11-15 12:37:00,248,248,248,248,0
2022-11-15 12:38:00,248,248,248,248,0
2022-11-15 12:39:00,248,248,248,248,0
2022-11-15 12:40:00,248,248,248,248,0
2022-11-15 12:41:00,248,248,248,248,0
2022-11-15 12:42:00,248,248,248,248,0
2022-11-15 12:43:00,248,248,248,248,0
2022-11-15 12:44:00,248,248,248,248,0
2022-11-15 12:45:00,248,248,248,248,0
2022-11-15 12:46:00,248,248,248,248,0
2022-11-15 12:47:00,248,248,248,248,0
2022-11-15 12:48:00,248,248,248,248,0
2022-11-15 12:49:00,248,248,248,248,0
2022-11-15 12:50:00,248,248,248,248,0
2022-11-15 12:51:00,248,248,248,248,0
2022-11-15 12:52:00,248,248,248,248,0
2022-11-15 12:53:00,248,248,248,248,0
2022-11-15 12:54:00,248,248,248,248,0
2022-11-15 12:55:00,248,248,248,248,0
2022-11-15 12:56:00,248,248,248,248,0
2022-11-15 12:57:00,248,248,248,248,0
2022-11-15 12:58:00,248,248,248,248,0
2022-11-15 12:59:00,248,248,248,248,0
2022-11-15 13:00:00,248,248,248,248,0
2022-11-15 13:01:00,248,248,248,248,0
2022-11-15 13:02:00,248,248,248,248,0
2022-11-15 13:03:00,248,248,248,248,0
2022-11-15 13:04:00,248,248,248,248,0
2022-11-15 13:05:00,248,248,248,248,0
2022-11-15 13:06:00,248,248,248,248,0
2022-11-15 13:07:00,248,248,248,248,0
2022-11-15 13:08:00,248,248,248,248,0
2022-11-15 13:09:00,248,248,248,248,0
2022-11-15 13:10:00,248,248,248,248,0
2022-11-15 13:11:00,248,248,248,248,0
2022-11-15 13:12:00,248,248,248,248,0
2022-11-15 13:13:00,248,248,248,248,0
2022-11-15 13:14:00,248,248,248,248,0
2022-11-15 13:15:00,248,248,248,248,0
2022-11-15 13:16:00,248,248,248,248,0
2022-11-15 13:17:00,248,248,248,248,0
2022-11-15 13:18:00,248,248,248,248,0
2022-11-15 13:19:00,248,248,248,248,0
2022-11-15 13:20:00,248,248,248,248,0
2022-11-15 13:21:00,248,248,248,248,0
2022-11-15 13:22:00,248,248,248,248,0
2022-11-15 13:23:00,248,248,248,248,0
2022-11-15 13:24:00,248,248,248,248,0
2022-11-15 13:25:00,248,248,248,248,0
2022-11-15 13:26:00,248,248,248,248,0
2022-11-15 13:27:00,248,248,248,248,0
2022-11-15 13:28:00,248,248,248,248,0
2022-11-15 13:29:00,248,248,248,248,0
2022-11-15 13:30:00,250,250,250,250,4200
2022-11-15 13:31:00,250,250,250,250,0
2022-11-15 13:32:00,250,250,250,250,0
2022-11-15 13:33:00,250,250,250,250,0
2022-11-15 13:34:00,250,250,250,250,0
2022-11-15 13:35:00,250,250,250,250,0
2022-11-15 13:36:00,250,250,250,250,0
2022-11-15 13:37:00,250,250,250,250,0
2022-11-15 13:38:00,250,250,250,250,0
2022-11-15 13:39:00,250,250,250,250,1000
2022-11-15 13:40:00,250,250,250,250,0
2022-11-15 13:41:00,250,250,250,250,0
2022-11-15 13:42:00,250,250,250,250,0
2022-11-15 13:43:00,250,250,250,250,0
2022-11-15 13:44:00,250,250,250,250,0
2022-11-15 13:45:00,250,250,250,250,0
2022-11-15 13:46:00,250,250,250,250,0
2022-11-15 13:47:00,250,250,250,250,0
2022-11-15 13:48:00,250,250,250,250,0
2022-11-15 13:49:00,250,250,250,250,100
2022-11-15 13:50:00,250,250,250,250,0
2022-11-15 13:51:00,250,250,250,250,1000
2022-11-15 13:52:00,250,250,250,250,0
2022-11-15 13:53:00,250,250,250,250,0
2022-11-15 13:54:00,250,250,250,250,0
2022-11-15 13:55:00,250,250,250,250,0
2022-11-15 13:56:00,250,250,250,250,0
2022-11-15 13:57:00,250,250,250,250,0
2022-11-15 13:58:00,250,250,250,250,3500
2022-11-15 13:59:00,250,250,250,250,0
2022-11-15 14:00:00,250,250,250,250,200
2022-11-15 14:01:00,250,250,250,250,0
2022-11-15 14:02:00,250,250,250,250,3900
2022-11-15 14:03:00,250,250,250,250,0
2022-11-15 14:04:00,250,250,250,250,0
2022-11-15 14:05:00,250,250,250,250,0
2022-11-15 14:06:00,250,250,250,250,0
2022-11-15 14:07:00,248,248,248,248,1000
2022-11-15 14:08:00,248,248,248,248,0
2022-11-15 14:09:00,248,248,248,248,0
2022-11-15 14:10:00,250,250,256,256,0
2022-11-15 14:11:00,250,250,256,256,0
2022-11-15 14:12:00,250,250,256,256,0
2022-11-15 14:13:00,250,250,256,256,0
2022-11-15 14:14:00,250,250,256,256,0
2022-11-15 14:15:00,250,250,256,256,0
2022-11-15 14:16:00,250,250,256,256,0
2022-11-15 14:17:00,250,250,256,256,0
2022-11-15 14:18:00,250,250,256,256,0
2022-11-15 14:19:00,250,250,256,256,0
2022-11-15 14:20:00,250,250,256,256,0
2022-11-15 14:21:00,250,250,256,256,0
2022-11-15 14:22:00,250,250,256,256,0
2022-11-15 14:23:00,250,250,256,256,0
2022-11-15 14:24:00,250,250,256,256,0
2022-11-15 14:25:00,250,250,256,256,0
2022-11-15 14:26:00,250,250,256,256,0
2022-11-15 14:27:00,250,250,256,256,0
2022-11-15 14:28:00,250,250,256,256,0
2022-11-15 14:29:00,250,250,256,256,0
2022-11-15 14:30:00,254,254,254,254,800
2022-11-15 14:31:00,254,254,254,254,0
2022-11-15 14:32:00,254,254,254,254,0
2022-11-15 14:33:00,250,250,250,250,100
2022-11-15 14:34:00,250,250,250,250,0
2022-11-15 14:35:00,252,252,252,252,100
2022-11-15 14:36:00,252,252,252,252,0
2022-11-15 14:37:00,252,252,252,252,0
2022-11-15 14:38:00,252,252,252,252,0
2022-11-15 14:39:00,252,252,252,252,0
2022-11-15 14:40:00,252,252,252,252,0
2022-11-15 14:41:00,252,252,252,252,0
2022-11-15 14:42:00,252,252,252,252,0
2022-11-15 14:43:00,252,252,252,252,0
2022-11-15 14:44:00,252,252,252,252,0
2022-11-15 14:45:00,252,252,252,252,0
2022-11-15 14:46:00,252,252,252,252,0
2022-11-15 14:47:00,252,252,252,252,0
2022-11-15 14:48:00,252,252,254,254,42300
2022-11-15 14:49:00,252,252,254,254,0
2022-11-15 14:50:00,252,252,254,254,0
2022-11-15 14:51:00,252,252,254,254,0
2022-11-15 14:52:00,252,252,254,254,0
2022-11-15 14:53:00,252,252,254,254,0
2022-11-15 14:54:00,252,252,254,254,0
2022-11-15 14:55:00,252,252,254,254,0
2022-11-15 14:56:00,252,252,254,254,0
2022-11-15 14:57:00,252,252,254,254,0
2022-11-15 14:58:00,252,252,254,254,0
2022-11-15 14:59:00,252,252,254,254,0
2022-11-15 15:00:00,252,252,254,254,0
2022-11-15 15:01:00,252,252,254,254,0
2022-11-15 15:02:00,252,252,254,254,0
2022-11-15 15:03:00,252,252,254,254,0
2022-11-15 15:04:00,252,252,254,254,0
2022-11-15 15:05:00,252,252,254,254,0
2022-11-15 15:06:00,252,252,254,254,0
2022-11-15 15:07:00,252,252,254,254,0
2022-11-15 15:08:00,252,252,254,254,0
2022-11-15 15:09:00,252,252,254,254,0
2022-11-15 15:10:00,252,252,254,254,0
2022-11-15 15:11:00,252,252,254,254,0
2022-11-15 15:12:00,252,252,254,254,0
2022-11-15 15:13:00,252,252,254,254,0
2022-11-15 15:14:00,252,252,254,254,0
2022-11-15 15:15:00,252,252,254,254,0
2022-11-15 15:16:00,252,252,254,254,0
2022-11-15 15:17:00,252,252,254,254,0
2022-11-15 15:18:00,252,252,254,254,0
2022-11-15 15:19:00,252,252,254,254,0
2022-11-15 15:20:00,252,252,254,254,0
2022-11-15 15:21:00,252,252,254,254,0
2022-11-15 15:22:00,252,252,254,254,0
2022-11-15 15:23:00,252,252,254,254,0
2022-11-15 15:24:00,252,252,254,254,0
2022-11-15 15:25:00,252,252,254,254,0
2022-11-15 15:26:00,252,252,254,254,0
2022-11-15 15:27:00,252,252,254,254,0
2022-11-15 15:28:00,252,252,254,254,0
2022-11-15 15:29:00,252,252,254,254,0
2022-11-15 15:30:00,252,252,254,254,0
2022-11-15 15:31:00,252,252,254,254,0
2022-11-15 15:32:00,252,252,254,254,0
2022-11-15 15:33:00,252,252,254,254,0
2022-11-15 15:34:00,252,252,254,254,0
2022-11-15 15:35:00,252,252,254,254,0
2022-11-15 15:36:00,252,252,254,254,0
2022-11-15 15:37:00,252,252,254,254,0
2022-11-15 15:38:00,252,252,254,254,0
2022-11-15 15:39:00,252,252,254,254,0
2022-11-15 15:40:00,252,252,254,254,0
2022-11-15 15:41:00,252,252,254,254,0
2022-11-15 15:42:00,252,252,254,254,0
2022-11-15 15:43:00,252,252,254,254,0
2022-11-15 15:44:00,252,252,254,254,0
2022-11-15 15:45:00,252,252,254,254,0
2022-11-15 15:46:00,252,252,254,254,0
2022-11-15 15:47:00,252,252,254,254,0
2022-11-15 15:48:00,252,252,254,254,0
2022-11-15 15:49:00,252,252,254,254,0
2022-11-15 15:50:00,252,252,254,254,0
2022-11-15 15:51:00,252,252,254,254,0
2022-11-15 15:52:00,252,252,254,254,0
2022-11-15 15:53:00,252,252,254,254,0
2022-11-15 15:54:00,252,252,254,254,0
2022-11-15 15:55:00,252,252,254,254,0
2022-11-15 15:56:00,252,252,254,254,0
2022-11-15 15:57:00,252,252,254,254,0
2022-11-15 15:58:00,252,252,254,254,0
2022-11-15 15:59:00,252,252,254,254,0
2022-11-16 09:00:00,252,252,254,254,0
2022-11-16 09:01:00,252,252,254,254,0
2022-11-16 09:02:00,252,252,254,254,0
2022-11-16 09:03:00,252,252,254,254,0
2022-11-16 09:04:00,254,254,254,254,0
2022-11-16 09:05:00,248,248,248,248,0
2022-11-16 09:06:00,248,248,248,248,1500
2022-11-16 09:07:00,248,248,248,248,0
2022-11-16 09:08:00,248,248,248,248,0
2022-11-16 09:09:00,248,248,248,248,0
2022-11-16 09:10:00,248,248,248,248,0
2022-11-16 09:11:00,248,248,248,248,0
2022-11-16 09:12:00,248,248,248,248,0
2022-11-16 09:13:00,248,248,248,248,0
2022-11-16 09:14:00,248,248,248,248,0
2022-11-16 09:15:00,248,248,248,248,0
2022-11-16 09:16:00,248,248,248,248,0
2022-11-16 09:17:00,248,248,248,248,0
2022-11-16 09:18:00,248,248,248,248,0
2022-11-16 09:19:00,248,248,248,248,0
2022-11-16 09:20:00,248,248,248,248,0
2022-11-16 09:21:00,250,250,250,250,1000
2022-11-16 09:22:00,250,250,250,250,0
2022-11-16 09:23:00,250,250,250,250,0
2022-11-16 09:24:00,250,250,250,250,0
2022-11-16 09:25:00,250,250,250,250,0
2022-11-16 09:26:00,250,250,250,250,0
2022-11-16 09:27:00,250,250,250,250,0
2022-11-16 09:28:00,250,250,250,250,0
2022-11-16 09:29:00,250,250,250,250,0
2022-11-16 09:30:00,250,250,250,250,0
2022-11-16 09:31:00,250,250,250,250,0
2022-11-16 09:32:00,250,250,250,250,0
2022-11-16 09:33:00,250,250,250,250,0
2022-11-16 09:34:00,250,250,250,250,0
2022-11-16 09:35:00,250,250,250,250,0
2022-11-16 09:36:00,250,250,250,250,0
2022-11-16 09:37:00,250,250,250,250,0
2022-11-16 09:38:00,250,250,250,250,0
2022-11-16 09:39:00,250,250,250,250,0
2022-11-16 09:40:00,250,250,250,250,0
2022-11-16 09:41:00,250,250,250,250,500
2022-11-16 09:42:00,250,250,250,250,0
2022-11-16 09:43:00,250,250,250,250,0
2022-11-16 09:44:00,250,250,250,250,0
2022-11-16 09:45:00,250,250,250,250,0
2022-11-16 09:46:00,250,250,250,250,0
2022-11-16 09:47:00,250,250,250,250,0
2022-11-16 09:48:00,250,250,250,250,0
2022-11-16 09:49:00,250,250,250,250,0
2022-11-16 09:50:00,250,250,250,250,0
2022-11-16 09:51:00,250,250,250,250,0
2022-11-16 09:52:00,250,250,250,250,0
2022-11-16 09:53:00,250,250,250,250,0
2022-11-16 09:54:00,250,250,250,250,800
2022-11-16 09:55:00,250,250,250,250,0
2022-11-16 09:56:00,250,250,250,250,0
2022-11-16 09:57:00,250,250,250,250,0
2022-11-16 09:58:00,250,250,250,250,0
2022-11-16 09:59:00,250,250,250,250,0
2022-11-16 10:00:00,250,250,250,250,0
2022-11-16 10:01:00,250,250,250,250,0
2022-11-16 10:02:00,250,250,250,250,0
2022-11-16 10:03:00,250,250,250,250,0
2022-11-16 10:04:00,250,250,250,250,0
2022-11-16 10:05:00,250,250,250,250,0
2022-11-16 10:06:00,250,250,250,250,0
2022-11-16 10:07:00,250,250,250,250,0
2022-11-16 10:08:00,250,250,250,250,0
2022-11-16 10:09:00,250,250,250,250,0
2022-11-16 10:10:00,250,250,250,250,0
2022-11-16 10:11:00,250,250,250,250,0
2022-11-16 10:12:00,250,250,250,250,0
2022-11-16 10:13:00,250,250,250,250,0
2022-11-16 10:14:00,250,250,250,250,0
2022-11-16 10:15:00,250,250,250,250,0
2022-11-16 10:16:00,250,250,250,250,0
2022-11-16 10:17:00,250,250,250,250,0
2022-11-16 10:18:00,250,250,250,250,0
2022-11-16 10:19:00,250,250,250,250,0
2022-11-16 10:20:00,250,250,250,250,0
2022-11-16 10:21:00,250,250,250,250,0
2022-11-16 10:22:00,250,250,250,250,0
2022-11-16 10:23:00,250,250,250,250,0
2022-11-16 10:24:00,250,250,250,250,0
2022-11-16 10:25:00,250,250,250,250,0
2022-11-16 10:26:00,250,250,250,250,0
2022-11-16 10:27:00,250,250,250,250,0
2022-11-16 10:28:00,250,250,250,250,0
2022-11-16 10:29:00,250,250,250,250,0
2022-11-16 10:30:00,250,250,250,250,0
2022-11-16 10:31:00,250,250,250,250,0
2022-11-16 10:32:00,250,250,250,250,0
2022-11-16 10:33:00,250,250,250,250,0
2022-11-16 10:34:00,250,250,250,250,0
2022-11-16 10:35:00,250,250,250,250,0
2022-11-16 10:36:00,250,250,250,250,0
2022-11-16 10:37:00,250,250,250,250,0
2022-11-16 10:38:00,250,250,250,250,0
2022-11-16 10:39:00,250,250,250,250,0
2022-11-16 10:40:00,250,250,250,250,0
2022-11-16 10:41:00,250,250,250,250,0
2022-11-16 10:42:00,250,250,250,250,0
2022-11-16 10:43:00,250,250,250,250,0
2022-11-16 10:44:00,250,250,250,250,0
2022-11-16 10:45:00,250,250,250,250,0
2022-11-16 10:46:00,250,250,250,250,0
2022-11-16 10:47:00,250,250,250,250,0
2022-11-16 10:48:00,250,250,250,250,0
2022-11-16 10:49:00,250,250,250,250,0
2022-11-16 10:50:00,250,250,250,250,0
2022-11-16 10:51:00,250,250,250,250,0
2022-11-16 10:52:00,250,250,250,250,0
2022-11-16 10:53:00,250,250,250,250,0
2022-11-16 10:54:00,250,250,250,250,0
2022-11-16 10:55:00,250,250,250,250,0
2022-11-16 10:56:00,250,250,250,250,0
2022-11-16 10:57:00,250,250,250,250,0
2022-11-16 10:58:00,250,250,250,250,0
2022-11-16 10:59:00,250,250,250,250,0
2022-11-16 11:00:00,250,250,250,250,0
2022-11-16 11:01:00,250,250,250,250,0
2022-11-16 11:02:00,250,250,250,250,0
2022-11-16 11:03:00,250,250,250,250,0
2022-11-16 11:04:00,250,250,250,250,0
2022-11-16 11:05:00,250,250,250,250,0
2022-11-16 11:06:00,250,250,250,250,0
2022-11-16 11:07:00,250,250,250,250,0
2022-11-16 11:08:00,250,250,250,250,0
2022-11-16 11:09:00,250,250,250,250,0
2022-11-16 11:10:00,250,250,250,250,0
2022-11-16 11:11:00,250,250,250,250,0
2022-11-16 11:12:00,250,250,250,250,0
2022-11-16 11:13:00,250,250,250,250,0
2022-11-16 11:14:00,250,250,250,250,0
2022-11-16 11:15:00,250,250,250,250,0
2022-11-16 11:16:00,250,250,250,250,0
2022-11-16 11:17:00,250,250,250,250,0
2022-11-16 11:18:00,250,250,250,250,0
2022-11-16 11:19:00,250,250,250,250,0
2022-11-16 11:20:00,250,250,250,250,0
2022-11-16 11:21:00,250,250,250,250,0
2022-11-16 11:22:00,250,250,250,250,0
2022-11-16 11:23:00,250,250,250,250,0
2022-11-16 11:24:00,250,250,250,250,0
2022-11-16 11:25:00,250,250,250,250,0
2022-11-16 11:26:00,248,248,248,248,7700
2022-11-16 11:27:00,248,248,248,248,0
2022-11-16 11:28:00,248,248,248,248,0
2022-11-16 11:29:00,248,248,248,248,0
2022-11-16 11:30:00,248,248,248,248,0
2022-11-16 11:31:00,248,248,248,248,0
2022-11-16 11:32:00,248,248,248,248,0
2022-11-16 11:33:00,248,248,248,248,0
2022-11-16 11:34:00,248,248,248,248,0
2022-11-16 11:35:00,248,248,248,248,0
2022-11-16 11:36:00,248,248,248,248,0
2022-11-16 11:37:00,248,248,248,248,0
2022-11-16 11:38:00,248,248,248,248,0
2022-11-16 11:39:00,248,248,248,248,0
2022-11-16 11:40:00,248,248,248,248,0
2022-11-16 11:41:00,248,248,248,248,0
2022-11-16 11:42:00,248,248,248,248,0
2022-11-16 11:43:00,248,248,248,248,0
2022-11-16 11:44:00,248,248,248,248,0
2022-11-16 11:45:00,248,248,248,248,0
2022-11-16 11:46:00,248,248,248,248,0
2022-11-16 11:47:00,248,248,248,248,0
2022-11-16 11:48:00,248,248,248,248,0
2022-11-16 11:49:00,248,248,248,248,0
2022-11-16 11:50:00,248,248,248,248,0
2022-11-16 11:51:00,248,248,248,248,0
2022-11-16 11:52:00,248,248,248,248,0
2022-11-16 11:53:00,248,248,248,248,0
2022-11-16 11:54:00,248,248,248,248,0
2022-11-16 11:55:00,248,248,248,248,0
2022-11-16 11:56:00,248,248,248,248,0
2022-11-16 11:57:00,248,248,248,248,0
2022-11-16 11:58:00,248,248,248,248,0
2022-11-16 11:59:00,248,248,248,248,0
2022-11-16 12:00:00,248,248,248,248,0
2022-11-16 12:01:00,248,248,248,248,0
2022-11-16 12:02:00,248,248,248,248,0
2022-11-16 12:03:00,248,248,248,248,0
2022-11-16 12:04:00,248,248,248,248,0
2022-11-16 12:05:00,248,248,248,248,0
2022-11-16 12:06:00,248,248,248,248,0
2022-11-16 12:07:00,248,248,248,248,0
2022-11-16 12:08:00,248,248,248,248,0
2022-11-16 12:09:00,248,248,248,248,0
2022-11-16 12:10:00,248,248,248,248,0
2022-11-16 12:11:00,248,248,248,248,0
2022-11-16 12:12:00,248,248,248,248,0
2022-11-16 12:13:00,248,248,248,248,0
2022-11-16 12:14:00,248,248,248,248,0
2022-11-16 12:15:00,248,248,248,248,0
2022-11-16 12:16:00,248,248,248,248,0
2022-11-16 12:17:00,248,248,248,248,0
2022-11-16 12:18:00,248,248,248,248,0
2022-11-16 12:19:00,248,248,248,248,0
2022-11-16 12:20:00,248,248,248,248,0
2022-11-16 12:21:00,248,248,248,248,0
2022-11-16 12:22:00,248,248,248,248,0
2022-11-16 12:23:00,248,248,248,248,0
2022-11-16 12:24:00,248,248,248,248,0
2022-11-16 12:25:00,248,248,248,248,0
2022-11-16 12:26:00,248,248,248,248,0
2022-11-16 12:27:00,248,248,248,248,0
2022-11-16 12:28:00,248,248,248,248,0
2022-11-16 12:29:00,248,248,248,248,0
2022-11-16 12:30:00,248,248,248,248,0
2022-11-16 12:31:00,248,248,248,248,0
2022-11-16 12:32:00,248,248,248,248,0
2022-11-16 12:33:00,248,248,248,248,0
2022-11-16 12:34:00,248,248,248,248,0
2022-11-16 12:35:00,248,248,248,248,0
2022-11-16 12:36:00,248,248,248,248,0
2022-11-16 12:37:00,248,248,248,248,0
2022-11-16 12:38:00,248,248,248,248,0
2022-11-16 12:39:00,248,248,248,248,0
2022-11-16 12:40:00,248,248,248,248,0
2022-11-16 12:41:00,248,248,248,248,0
2022-11-16 12:42:00,248,248,248,248,0
2022-11-16 12:43:00,248,248,248,248,0
2022-11-16 12:44:00,248,248,248,248,0
2022-11-16 12:45:00,248,248,248,248,0
2022-11-16 12:46:00,248,248,248,248,0
2022-11-16 12:47:00,248,248,248,248,0
2022-11-16 12:48:00,248,248,248,248,0
2022-11-16 12:49:00,248,248,248,248,0
2022-11-16 12:50:00,248,248,248,248,0
2022-11-16 12:51:00,248,248,248,248,0
2022-11-16 12:52:00,248,248,248,248,0
2022-11-16 12:53:00,248,248,248,248,0
2022-11-16 12:54:00,248,248,248,248,0
2022-11-16 12:55:00,248,248,248,248,0
2022-11-16 12:56:00,248,248,248,248,0
2022-11-16 12:57:00,248,248,248,248,0
2022-11-16 12:58:00,248,248,248,248,0
2022-11-16 12:59:00,248,248,248,248,0
2022-11-16 13:00:00,248,248,248,248,0
2022-11-16 13:01:00,248,248,248,248,0
2022-11-16 13:02:00,248,248,248,248,0
2022-11-16 13:03:00,248,248,248,248,0
2022-11-16 13:04:00,248,248,248,248,0
2022-11-16 13:05:00,248,248,248,248,0
2022-11-16 13:06:00,248,248,248,248,0
2022-11-16 13:07:00,248,248,248,248,0
2022-11-16 13:08:00,248,248,248,248,0
2022-11-16 13:09:00,248,248,248,248,0
2022-11-16 13:10:00,248,248,248,248,0
2022-11-16 13:11:00,248,248,248,248,0
2022-11-16 13:12:00,248,248,248,248,0
2022-11-16 13:13:00,248,248,248,248,0
2022-11-16 13:14:00,248,248,248,248,0
2022-11-16 13:15:00,248,248,248,248,0
2022-11-16 13:16:00,248,248,248,248,0
2022-11-16 13:17:00,248,248,248,248,0
2022-11-16 13:18:00,248,248,248,248,0
2022-11-16 13:19:00,248,248,248,248,0
2022-11-16 13:20:00,248,248,248,248,0
2022-11-16 13:21:00,248,248,248,248,0
2022-11-16 13:22:00,248,248,248,248,0
2022-11-16 13:23:00,248,248,248,248,0
2022-11-16 13:24:00,248,248,248,248,0
2022-11-16 13:25:00,248,248,248,248,0
2022-11-16 13:26:00,248,248,248,248,0
2022-11-16 13:27:00,248,248,248,248,0
2022-11-16 13:28:00,248,248,248,248,0
2022-11-16 13:29:00,248,248,248,248,0
2022-11-16 13:30:00,248,248,248,248,0
2022-11-16 13:31:00,248,248,248,248,0
2022-11-16 13:32:00,248,248,248,248,0
2022-11-16 13:33:00,248,248,248,248,0
2022-11-16 13:34:00,248,248,248,248,0
2022-11-16 13:35:00,248,248,248,248,0
2022-11-16 13:36:00,248,248,248,248,0
2022-11-16 13:37:00,248,248,248,248,0
2022-11-16 13:38:00,248,248,248,248,0
2022-11-16 13:39:00,248,248,248,248,0
2022-11-16 13:40:00,248,248,248,248,0
2022-11-16 13:41:00,248,248,248,248,0
2022-11-16 13:42:00,248,248,248,248,0
2022-11-16 13:43:00,248,248,248,248,0
2022-11-16 13:44:00,248,248,248,248,0
2022-11-16 13:45:00,248,248,248,248,0
2022-11-16 13:46:00,248,248,248,248,0
2022-11-16 13:47:00,248,248,248,248,0
2022-11-16 13:48:00,248,248,248,248,0
2022-11-16 13:49:00,248,248,248,248,0
2022-11-16 13:50:00,248,248,248,248,0
2022-11-16 13:51:00,248,248,248,248,0
2022-11-16 13:52:00,248,248,248,248,0
2022-11-16 13:53:00,248,248,248,248,0
2022-11-16 13:54:00,248,248,248,248,0
2022-11-16 13:55:00,248,248,248,248,0
2022-11-16 13:56:00,248,248,248,248,0
2022-11-16 13:57:00,248,248,248,248,0
2022-11-16 13:58:00,248,248,248,248,0
2022-11-16 13:59:00,248,248,248,248,0
2022-11-16 14:00:00,248,248,248,248,0
2022-11-16 14:01:00,248,248,248,248,0
2022-11-16 14:02:00,248,248,248,248,0
2022-11-16 14:03:00,248,248,248,248,0
2022-11-16 14:04:00,248,248,248,248,0
2022-11-16 14:05:00,248,248,248,248,0
2022-11-16 14:06:00,248,248,248,248,0
2022-11-16 14:07:00,248,248,248,248,0
2022-11-16 14:08:00,248,248,248,248,0
2022-11-16 14:09:00,248,248,248,248,0
2022-11-16 14:10:00,248,248,248,248,0
2022-11-16 14:11:00,248,248,248,248,0
2022-11-16 14:12:00,248,248,248,248,0
2022-11-16 14:13:00,248,248,248,248,0
2022-11-16 14:14:00,248,248,248,248,0
2022-11-16 14:15:00,248,248,248,248,0
2022-11-16 14:16:00,248,248,248,248,0
2022-11-16 14:17:00,248,248,248,248,0
2022-11-16 14:18:00,248,248,248,248,0
2022-11-16 14:19:00,248,248,248,248,0
2022-11-16 14:20:00,248,248,248,248,0
2022-11-16 14:21:00,248,248,248,248,0
2022-11-16 14:22:00,248,248,248,248,0
2022-11-16 14:23:00,254,254,254,254,100
2022-11-16 14:24:00,254,254,254,254,0
2022-11-16 14:25:00,254,254,254,254,0
2022-11-16 14:26:00,254,254,254,254,0
2022-11-16 14:27:00,254,254,254,254,0
2022-11-16 14:28:00,254,254,254,254,0
2022-11-16 14:29:00,254,254,254,254,0
2022-11-16 14:30:00,254,254,254,254,0
2022-11-16 14:31:00,254,254,254,254,0
2022-11-16 14:32:00,254,254,254,254,0
2022-11-16 14:33:00,254,254,254,254,0
2022-11-16 14:34:00,254,254,254,254,0
2022-11-16 14:35:00,254,254,254,254,0
2022-11-16 14:36:00,254,254,254,254,0
2022-11-16 14:37:00,254,254,254,254,0
2022-11-16 14:38:00,254,254,254,254,0
2022-11-16 14:39:00,254,254,254,254,0
2022-11-16 14:40:00,254,254,254,254,0
2022-11-16 14:41:00,254,254,254,254,0
2022-11-16 14:42:00,254,254,254,254,0
2022-11-16 14:43:00,254,254,254,254,0
2022-11-16 14:44:00,254,254,254,254,0
2022-11-16 14:45:00,254,254,254,254,0
2022-11-16 14:46:00,254,254,254,254,0
2022-11-16 14:47:00,254,254,254,254,0
2022-11-16 14:48:00,254,254,254,254,0
2022-11-16 14:49:00,254,254,254,254,0
2022-11-16 14:50:00,254,254,254,254,0
2022-11-16 14:51:00,254,254,254,254,0
2022-11-16 14:52:00,254,254,254,254,0
2022-11-16 14:53:00,254,254,254,254,0
2022-11-16 14:54:00,254,254,254,254,0
2022-11-16 14:55:00,254,254,254,254,0
2022-11-16 14:56:00,254,254,254,254,0
2022-11-16 14:57:00,254,254,254,254,0
2022-11-16 14:58:00,254,254,254,254,0
2022-11-16 14:59:00,254,254,254,254,0
2022-11-16 15:00:00,254,254,254,254,18500
2022-11-16 15:01:00,254,254,254,254,0
2022-11-16 15:02:00,254,254,254,254,0
2022-11-16 15:03:00,254,254,254,254,0
2022-11-16 15:04:00,254,254,254,254,0
2022-11-16 15:05:00,254,254,254,254,0
2022-11-16 15:06:00,254,254,254,254,0
2022-11-16 15:07:00,254,254,254,254,0
2022-11-16 15:08:00,254,254,254,254,0
2022-11-16 15:09:00,254,254,254,254,0
2022-11-16 15:10:00,254,254,254,254,0
2022-11-16 15:11:00,254,254,254,254,0
2022-11-16 15:12:00,254,254,254,254,0
2022-11-16 15:13:00,254,254,254,254,0
2022-11-16 15:14:00,254,254,254,254,0
2022-11-16 15:15:00,254,254,254,254,0
2022-11-16 15:16:00,254,254,254,254,0
2022-11-16 15:17:00,254,254,254,254,0
2022-11-16 15:18:00,254,254,254,254,0
2022-11-16 15:19:00,254,254,254,254,0
2022-11-16 15:20:00,254,254,254,254,0
2022-11-16 15:21:00,254,254,254,254,0
2022-11-16 15:22:00,254,254,254,254,0
2022-11-16 15:23:00,254,254,254,254,0
2022-11-16 15:24:00,254,254,254,254,0
2022-11-16 15:25:00,254,254,254,254,0
2022-11-16 15:26:00,254,254,254,254,0
2022-11-16 15:27:00,254,254,254,254,0
2022-11-16 15:28:00,254,254,254,254,0
2022-11-16 15:29:00,254,254,254,254,0
2022-11-16 15:30:00,254,254,254,254,0
2022-11-16 15:31:00,254,254,254,254,0
2022-11-16 15:32:00,254,254,254,254,0
2022-11-16 15:33:00,254,254,254,254,0
2022-11-16 15:34:00,254,254,254,254,0
2022-11-16 15:35:00,254,254,254,254,0
2022-11-16 15:36:00,254,254,254,254,0
2022-11-16 15:37:00,254,254,254,254,0
2022-11-16 15:38:00,254,254,254,254,0
2022-11-16 15:39:00,254,254,254,254,0
2022-11-16 15:40:00,254,254,254,254,0
2022-11-16 15:41:00,254,254,254,254,0
2022-11-16 15:42:00,254,254,254,254,0
2022-11-16 15:43:00,254,254,254,254,0
2022-11-16 15:44:00,254,254,254,254,0
2022-11-16 15:45:00,254,254,254,254,0
2022-11-16 15:46:00,254,254,254,254,0
2022-11-16 15:47:00,254,254,254,254,0
2022-11-16 15:48:00,254,254,254,254,0
2022-11-16 15:49:00,254,254,254,254,0
2022-11-16 15:50:00,254,254,254,254,0
2022-11-16 15:51:00,254,254,254,254,0
2022-11-16 15:52:00,254,254,254,254,0
2022-11-16 15:53:00,254,254,254,254,0
2022-11-16 15:54:00,254,254,254,254,0
2022-11-16 15:55:00,254,254,254,254,0
2022-11-16 15:56:00,254,254,254,254,0
2022-11-16 15:57:00,254,254,254,254,0
2022-11-16 15:58:00,254,254,254,254,0
2022-11-16 15:59:00,254,254,254,254,0
2022-11-17 09:00:00,254,254,254,254,0
2022-11-17 09:01:00,254,254,254,254,0
2022-11-17 09:02:00,254,254,254,254,0
2022-11-17 09:03:00,254,254,254,254,0
2022-11-17 09:04:00,254,254,254,254,0
2022-11-17 09:05:00,254,254,254,254,0
2022-11-17 09:06:00,254,254,254,254,0
2022-11-17 09:07:00,254,254,254,254,0
2022-11-17 09:08:00,254,254,254,254,0
2022-11-17 09:09:00,254,254,254,254,0
2022-11-17 09:10:00,254,254,254,254,0
2022-11-17 09:11:00,254,254,254,254,0
2022-11-17 09:12:00,254,254,254,254,0
2022-11-17 09:13:00,254,254,254,254,0
2022-11-17 09:14:00,254,254,254,254,0
2022-11-17 09:15:00,254,254,254,254,0
2022-11-17 09:16:00,254,254,254,254,0
2022-11-17 09:17:00,254,254,254,254,0
2022-11-17 09:18:00,254,254,254,254,0
2022-11-17 09:19:00,254,254,254,254,0
2022-11-17 09:20:00,254,254,254,254,0
2022-11-17 09:21:00,254,254,254,254,0
2022-11-17 09:22:00,254,254,254,254,0
2022-11-17 09:23:00,254,254,254,254,0
2022-11-17 09:24:00,254,254,254,254,0
2022-11-17 09:25:00,254,254,254,254,0
2022-11-17 09:26:00,254,254,254,254,0
2022-11-17 09:27:00,254,254,254,254,0
2022-11-17 09:28:00,254,254,254,254,0
2022-11-17 09:29:00,248,248,248,248,0
2022-11-17 09:30:00,248,248,256,256,0
2022-11-17 09:31:00,248,248,256,256,0
2022-11-17 09:32:00,248,248,256,256,0
2022-11-17 09:33:00,248,248,256,256,0
2022-11-17 09:34:00,248,248,256,256,0
2022-11-17 09:35:00,248,248,256,256,0
2022-11-17 09:36:00,248,248,256,256,0
2022-11-17 09:37:00,248,248,256,256,0
2022-11-17 09:38:00,248,248,256,256,0
2022-11-17 09:39:00,248,248,256,256,0
2022-11-17 09:40:00,248,248,256,256,0
2022-11-17 09:41:00,248,248,256,256,0
2022-11-17 09:42:00,248,248,256,256,0
2022-11-17 09:43:00,248,248,256,256,0
2022-11-17 09:44:00,248,248,256,256,0
2022-11-17 09:45:00,248,248,256,256,0
2022-11-17 09:46:00,248,248,256,256,0
2022-11-17 09:47:00,248,248,256,256,0
2022-11-17 09:48:00,248,248,256,256,0
2022-11-17 09:49:00,248,248,256,256,0
2022-11-17 09:50:00,248,248,256,256,0
2022-11-17 09:51:00,248,248,256,256,0
2022-11-17 09:52:00,248,248,256,256,0
2022-11-17 09:53:00,248,248,256,256,0
2022-11-17 09:54:00,248,248,256,256,0
2022-11-17 09:55:00,248,248,256,256,0
2022-11-17 09:56:00,248,248,256,256,0
2022-11-17 09:57:00,248,248,256,256,0
2022-11-17 09:58:00,248,248,256,256,0
2022-11-17 09:59:00,248,248,256,256,0
2022-11-17 10:00:00,248,248,256,256,0
2022-11-17 10:01:00,248,248,256,256,0
2022-11-17 10:02:00,248,248,256,256,0
2022-11-17 10:03:00,248,248,256,256,0
2022-11-17 10:04:00,248,248,256,256,0
2022-11-17 10:05:00,248,248,256,256,0
2022-11-17 10:06:00,248,248,256,256,0
2022-11-17 10:07:00,248,248,256,256,0
2022-11-17 10:08:00,248,248,256,256,0
2022-11-17 10:09:00,248,248,256,256,0
2022-11-17 10:10:00,248,248,256,256,0
2022-11-17 10:11:00,248,248,256,256,0
2022-11-17 10:12:00,248,248,256,256,0
2022-11-17 10:13:00,248,248,256,256,0
2022-11-17 10:14:00,248,248,256,256,0
2022-11-17 10:15:00,248,248,256,256,0
2022-11-17 10:16:00,248,248,256,256,0
2022-11-17 10:17:00,248,248,256,256,0
2022-11-17 10:18:00,248,248,256,256,0
2022-11-17 10:19:00,248,248,256,256,0
2022-11-17 10:20:00,248,248,256,256,0
2022-11-17 10:21:00,248,248,256,256,0
2022-11-17 10:22:00,248,248,256,256,0
2022-11-17 10:23:00,248,248,256,256,0
2022-11-17 10:24:00,248,248,256,256,0
2022-11-17 10:25:00,248,248,256,256,0
2022-11-17 10:26:00,248,248,256,256,0
2022-11-17 10:27:00,248,248,256,256,0
2022-11-17 10:28:00,248,248,256,256,0
2022-11-17 10:29:00,248,248,256,256,0
2022-11-17 10:30:00,248,248,256,256,0
2022-11-17 10:31:00,248,248,256,256,0
2022-11-17 10:32:00,248,248,256,256,0
2022-11-17 10:33:00,248,248,256,256,0
2022-11-17 10:34:00,248,248,256,256,0
2022-11-17 10:35:00,248,248,256,256,0
2022-11-17 10:36:00,248,248,256,256,0
2022-11-17 10:37:00,248,248,256,256,0
2022-11-17 10:38:00,248,248,256,256,0
2022-11-17 10:39:00,248,248,256,256,0
2022-11-17 10:40:00,248,248,256,256,0
2022-11-17 10:41:00,248,248,256,256,0
2022-11-17 10:42:00,248,248,256,256,0
2022-11-17 10:43:00,248,248,256,256,0
2022-11-17 10:44:00,248,248,256,256,0
2022-11-17 10:45:00,248,248,256,256,0
2022-11-17 10:46:00,248,248,256,256,0
2022-11-17 10:47:00,248,248,256,256,0
2022-11-17 10:48:00,248,248,256,256,0
2022-11-17 10:49:00,248,248,256,256,0
2022-11-17 10:50:00,248,248,256,256,0
2022-11-17 10:51:00,248,248,256,256,0
2022-11-17 10:52:00,248,248,256,256,0
2022-11-17 10:53:00,248,248,256,256,0
2022-11-17 10:54:00,248,248,256,256,0
2022-11-17 10:55:00,248,248,256,256,0
2022-11-17 10:56:00,248,248,256,256,0
2022-11-17 10:57:00,248,248,256,256,0
2022-11-17 10:58:00,248,248,256,256,0
2022-11-17 10:59:00,248,248,256,256,0
2022-11-17 11:00:00,248,248,256,256,0
2022-11-17 11:01:00,248,248,256,256,0
2022-11-17 11:02:00,248,248,256,256,0
2022-11-17 11:03:00,248,248,256,256,0
2022-11-17 11:04:00,248,248,256,256,0
2022-11-17 11:05:00,248,248,256,256,0
2022-11-17 11:06:00,248,248,256,256,0
2022-11-17 11:07:00,248,248,256,256,0
2022-11-17 11:08:00,248,248,256,256,0
2022-11-17 11:09:00,248,248,256,256,0
2022-11-17 11:10:00,248,248,256,256,0
2022-11-17 11:11:00,248,248,256,256,0
2022-11-17 11:12:00,248,248,256,256,0
2022-11-17 11:13:00,248,248,256,256,0
2022-11-17 11:14:00,248,248,256,256,0
2022-11-17 11:15:00,248,248,256,256,0
2022-11-17 11:16:00,248,248,256,256,0
2022-11-17 11:17:00,248,248,256,256,0
2022-11-17 11:18:00,248,248,256,256,0
2022-11-17 11:19:00,248,248,256,256,0
2022-11-17 11:20:00,248,248,256,256,0
2022-11-17 11:21:00,248,248,256,256,0
2022-11-17 11:22:00,248,248,256,256,0
2022-11-17 11:23:00,248,248,256,256,0
2022-11-17 11:24:00,248,248,256,256,0
2022-11-17 11:25:00,248,248,256,256,0
2022-11-17 11:26:00,248,248,256,256,0
2022-11-17 11:27:00,248,248,256,256,0
2022-11-17 11:28:00,248,248,256,256,0
2022-11-17 11:29:00,248,248,256,256,0
2022-11-17 11:30:00,248,248,256,256,0
2022-11-17 11:31:00,248,248,256,256,0
2022-11-17 11:32:00,248,248,256,256,0
2022-11-17 11:33:00,248,248,256,256,0
2022-11-17 11:34:00,248,248,256,256,0
2022-11-17 11:35:00,248,248,256,256,0
2022-11-17 11:36:00,248,248,256,256,0
2022-11-17 11:37:00,248,248,256,256,0
2022-11-17 11:38:00,248,248,256,256,0
2022-11-17 11:39:00,248,248,256,256,0
2022-11-17 11:40:00,248,248,256,256,0
2022-11-17 11:41:00,248,248,256,256,0
2022-11-17 11:42:00,248,248,256,256,0
2022-11-17 11:43:00,248,248,256,256,0
2022-11-17 11:44:00,248,248,256,256,0
2022-11-17 11:45:00,248,248,256,256,0
2022-11-17 11:46:00,248,248,256,256,0
2022-11-17 11:47:00,248,248,256,256,0
2022-11-17 11:48:00,248,248,256,256,0
2022-11-17 11:49:00,248,248,256,256,0
2022-11-17 11:50:00,248,248,256,256,0
2022-11-17 11:51:00,248,248,256,256,0
2022-11-17 11:52:00,248,248,256,256,0
2022-11-17 11:53:00,248,248,256,256,0
2022-11-17 11:54:00,248,248,256,256,0
2022-11-17 11:55:00,248,248,256,256,0
2022-11-17 11:56:00,248,248,256,256,0
2022-11-17 11:57:00,248,248,256,256,0
2022-11-17 11:58:00,248,248,256,256,0
2022-11-17 11:59:00,248,248,256,256,0
2022-11-17 12:00:00,248,248,256,256,0
2022-11-17 12:01:00,248,248,256,256,0
2022-11-17 12:02:00,248,248,256,256,0
2022-11-17 12:03:00,248,248,256,256,0
2022-11-17 12:04:00,248,248,256,256,0
2022-11-17 12:05:00,248,248,256,256,0
2022-11-17 12:06:00,248,248,256,256,0
2022-11-17 12:07:00,248,248,256,256,0
2022-11-17 12:08:00,248,248,256,256,0
2022-11-17 12:09:00,248,248,256,256,0
2022-11-17 12:10:00,248,248,256,256,0
2022-11-17 12:11:00,248,248,256,256,0
2022-11-17 12:12:00,248,248,256,256,0
2022-11-17 12:13:00,248,248,256,256,0
2022-11-17 12:14:00,248,248,256,256,0
2022-11-17 12:15:00,248,248,256,256,0
2022-11-17 12:16:00,248,248,256,256,0
2022-11-17 12:17:00,248,248,256,256,0
2022-11-17 12:18:00,248,248,256,256,0
2022-11-17 12:19:00,248,248,256,256,0
2022-11-17 12:20:00,248,248,256,256,0
2022-11-17 12:21:00,248,248,256,256,0
2022-11-17 12:22:00,248,248,256,256,0
2022-11-17 12:23:00,248,248,256,256,0
2022-11-17 12:24:00,248,248,256,256,0
2022-11-17 12:25:00,248,248,256,256,0
2022-11-17 12:26:00,248,248,256,256,0
2022-11-17 12:27:00,248,248,256,256,0
2022-11-17 12:28:00,248,248,256,256,0
2022-11-17 12:29:00,248,248,256,256,0
2022-11-17 12:30:00,248,248,256,256,0
2022-11-17 12:31:00,248,248,256,256,0
2022-11-17 12:32:00,248,248,256,256,0
2022-11-17 12:33:00,248,248,256,256,0
2022-11-17 12:34:00,248,248,256,256,0
2022-11-17 12:35:00,248,248,256,256,0
2022-11-17 12:36:00,248,248,256,256,0
2022-11-17 12:37:00,248,248,256,256,0
2022-11-17 12:38:00,248,248,256,256,0
2022-11-17 12:39:00,248,248,256,256,0
2022-11-17 12:40:00,248,248,256,256,0
2022-11-17 12:41:00,248,248,256,256,0
2022-11-17 12:42:00,248,248,256,256,0
2022-11-17 12:43:00,248,248,256,256,0
2022-11-17 12:44:00,248,248,256,256,0
2022-11-17 12:45:00,248,248,256,256,0
2022-11-17 12:46:00,248,248,256,256,0
2022-11-17 12:47:00,248,248,256,256,0
2022-11-17 12:48:00,248,248,256,256,0
2022-11-17 12:49:00,248,248,256,256,0
2022-11-17 12:50:00,248,248,256,256,0
2022-11-17 12:51:00,248,248,256,256,0
2022-11-17 12:52:00,248,248,256,256,0
2022-11-17 12:53:00,248,248,256,256,0
2022-11-17 12:54:00,248,248,256,256,0
2022-11-17 12:55:00,248,248,256,256,0
2022-11-17 12:56:00,248,248,256,256,0
2022-11-17 12:57:00,248,248,256,256,0
2022-11-17 12:58:00,248,248,256,256,0
2022-11-17 12:59:00,248,248,256,256,0
2022-11-17 13:00:00,248,248,256,256,0
2022-11-17 13:01:00,248,248,256,256,0
2022-11-17 13:02:00,248,248,256,256,0
2022-11-17 13:03:00,248,248,256,256,0
2022-11-17 13:04:00,248,248,256,256,0
2022-11-17 13:05:00,248,248,256,256,0
2022-11-17 13:06:00,248,248,256,256,0
2022-11-17 13:07:00,248,248,256,256,0
2022-11-17 13:08:00,248,248,256,256,0
2022-11-17 13:09:00,248,248,256,256,0
2022-11-17 13:10:00,248,248,256,256,0
2022-11-17 13:11:00,248,248,256,256,0
2022-11-17 13:12:00,248,248,256,256,0
2022-11-17 13:13:00,248,248,256,256,0
2022-11-17 13:14:00,248,248,256,256,0
2022-11-17 13:15:00,248,248,256,256,0
2022-11-17 13:16:00,248,248,256,256,0
2022-11-17 13:17:00,248,248,256,256,0
2022-11-17 13:18:00,248,248,256,256,0
2022-11-17 13:19:00,248,248,256,256,0
2022-11-17 13:20:00,248,248,256,256,0
2022-11-17 13:21:00,248,248,256,256,0
2022-11-17 13:22:00,248,248,256,256,0
2022-11-17 13:23:00,248,248,256,256,0
2022-11-17 13:24:00,248,248,256,256,0
2022-11-17 13:25:00,248,248,256,256,0
2022-11-17 13:26:00,248,248,256,256,0
2022-11-17 13:27:00,248,248,256,256,0
2022-11-17 13:28:00,248,248,256,256,0
2022-11-17 13:29:00,248,248,256,256,0
2022-11-17 13:30:00,248,248,256,256,0
2022-11-17 13:31:00,248,248,256,256,0
2022-11-17 13:32:00,248,248,256,256,0
2022-11-17 13:33:00,248,248,256,256,0
2022-11-17 13:34:00,248,248,256,256,0
2022-11-17 13:35:00,248,248,256,256,0
2022-11-17 13:36:00,248,248,256,256,0
2022-11-17 13:37:00,248,248,256,256,0
2022-11-17 13:38:00,248,248,256,256,0
2022-11-17 13:39:00,248,248,256,256,0
2022-11-17 13:40:00,248,248,256,256,0
2022-11-17 13:41:00,248,248,256,256,0
2022-11-17 13:42:00,248,248,256,256,0
2022-11-17 13:43:00,248,248,256,256,0
2022-11-17 13:44:00,250,250,250,250,500
2022-11-17 13:45:00,250,250,250,250,0
2022-11-17 13:46:00,250,250,250,250,0
2022-11-17 13:47:00,250,250,250,250,0
2022-11-17 13:48:00,250,250,250,250,0
2022-11-17 13:49:00,250,250,250,250,0
2022-11-17 13:50:00,250,250,250,250,0
2022-11-17 13:51:00,250,250,250,250,0
2022-11-17 13:52:00,250,250,250,250,0
2022-11-17 13:53:00,250,250,250,250,0
2022-11-17 13:54:00,250,250,250,250,0
2022-11-17 13:55:00,250,250,250,250,0
2022-11-17 13:56:00,250,250,250,250,0
2022-11-17 13:57:00,250,250,250,250,0
2022-11-17 13:58:00,250,250,250,250,400
2022-11-17 13:59:00,250,250,250,250,0
2022-11-17 14:00:00,250,250,250,250,0
2022-11-17 14:01:00,250,250,250,250,1300
2022-11-17 14:02:00,250,250,250,250,0
2022-11-17 14:03:00,250,250,250,250,0
2022-11-17 14:04:00,250,250,250,250,0
2022-11-17 14:05:00,250,250,250,250,0
2022-11-17 14:06:00,250,250,250,250,0
2022-11-17 14:07:00,250,250,250,250,0
2022-11-17 14:08:00,250,250,250,250,0
2022-11-17 14:09:00,250,250,250,250,0
2022-11-17 14:10:00,250,250,250,250,0
2022-11-17 14:11:00,250,250,250,250,0
2022-11-17 14:12:00,250,250,250,250,0
2022-11-17 14:13:00,250,250,250,250,0
2022-11-17 14:14:00,250,250,250,250,0
2022-11-17 14:15:00,254,254,254,254,100
2022-11-17 14:16:00,254,254,254,254,0
2022-11-17 14:17:00,254,254,254,254,0
2022-11-17 14:18:00,254,254,254,254,0
2022-11-17 14:19:00,254,254,254,254,0
2022-11-17 14:20:00,254,254,254,254,0
2022-11-17 14:21:00,254,254,254,254,0
2022-11-17 14:22:00,254,254,254,254,0
2022-11-17 14:23:00,254,254,254,254,0
2022-11-17 14:24:00,254,254,254,254,0
2022-11-17 14:25:00,250,250,250,250,300
2022-11-17 14:26:00,250,250,250,250,0
2022-11-17 14:27:00,250,250,250,250,0
2022-11-17 14:28:00,250,250,250,250,0
2022-11-17 14:29:00,250,250,250,250,0
2022-11-17 14:30:00,250,250,250,250,0
2022-11-17 14:31:00,250,250,250,250,0
2022-11-17 14:32:00,250,250,250,250,0
2022-11-17 14:33:00,250,250,250,250,0
2022-11-17 14:34:00,250,250,250,250,0
2022-11-17 14:35:00,250,250,250,250,0
2022-11-17 14:36:00,250,250,250,250,0
2022-11-17 14:37:00,250,250,250,250,0
2022-11-17 14:38:00,250,250,250,250,0
2022-11-17 14:39:00,250,250,250,250,0
2022-11-17 14:40:00,250,250,250,250,0
2022-11-17 14:41:00,250,250,250,250,0
2022-11-17 14:42:00,250,250,250,250,0
2022-11-17 14:43:00,250,250,250,250,0
2022-11-17 14:44:00,250,250,250,250,0
2022-11-17 14:45:00,250,250,250,250,0
2022-11-17 14:46:00,250,250,250,250,3100
2022-11-17 14:47:00,250,250,250,250,0
2022-11-17 14:48:00,250,250,250,250,0
2022-11-17 14:49:00,250,250,250,250,0
2022-11-17 14:50:00,250,250,250,250,0
2022-11-17 14:51:00,250,250,250,250,0
2022-11-17 14:52:00,250,250,250,250,0
2022-11-17 14:53:00,250,250,250,250,0
2022-11-17 14:54:00,250,250,250,250,0
2022-11-17 14:55:00,250,250,250,250,0
2022-11-17 14:56:00,250,250,250,250,0
2022-11-17 14:57:00,250,250,250,250,0
2022-11-17 14:58:00,250,250,250,250,0
2022-11-17 14:59:00,250,250,250,250,0
2022-11-17 15:00:00,250,250,250,250,0
2022-11-17 15:01:00,250,250,250,250,0
2022-11-17 15:02:00,250,250,250,250,0
2022-11-17 15:03:00,250,250,250,250,0
2022-11-17 15:04:00,250,250,250,250,0
2022-11-17 15:05:00,250,250,250,250,0
2022-11-17 15:06:00,250,250,250,250,7900
2022-11-17 15:07:00,250,250,250,250,0
2022-11-17 15:08:00,250,250,250,250,0
2022-11-17 15:09:00,250,250,250,250,0
2022-11-17 15:10:00,250,250,250,250,0
2022-11-17 15:11:00,250,250,250,250,0
2022-11-17 15:12:00,250,250,250,250,0
2022-11-17 15:13:00,250,250,250,250,0
2022-11-17 15:14:00,250,250,250,250,0
2022-11-17 15:15:00,250,250,250,250,0
2022-11-17 15:16:00,250,250,250,250,0
2022-11-17 15:17:00,250,250,250,250,0
2022-11-17 15:18:00,250,250,250,250,0
2022-11-17 15:19:00,250,250,250,250,0
2022-11-17 15:20:00,250,250,250,250,0
2022-11-17 15:21:00,250,250,250,250,0
2022-11-17 15:22:00,250,250,250,250,0
2022-11-17 15:23:00,250,250,250,250,0
2022-11-17 15:24:00,250,250,250,250,0
2022-11-17 15:25:00,250,250,250,250,0
2022-11-17 15:26:00,250,250,250,250,0
2022-11-17 15:27:00,250,250,250,250,0
2022-11-17 15:28:00,250,250,250,250,0
2022-11-17 15:29:00,250,250,250,250,0
2022-11-17 15:30:00,250,250,250,250,0
2022-11-17 15:31:00,250,250,250,250,0
2022-11-17 15:32:00,250,250,250,250,0
2022-11-17 15:33:00,250,250,250,250,0
2022-11-17 15:34:00,250,250,250,250,0
2022-11-17 15:35:00,250,250,250,250,0
2022-11-17 15:36:00,250,250,250,250,0
2022-11-17 15:37:00,250,250,250,250,0
2022-11-17 15:38:00,250,250,250,250,0
2022-11-17 15:39:00,250,250,250,250,0
2022-11-17 15:40:00,250,250,250,250,0
2022-11-17 15:41:00,250,250,250,250,0
2022-11-17 15:42:00,250,250,250,250,0
2022-11-17 15:43:00,250,250,250,250,0
2022-11-17 15:44:00,250,250,250,250,0
2022-11-17 15:45:00,250,250,250,250,0
2022-11-17 15:46:00,250,250,250,250,0
2022-11-17 15:47:00,250,250,250,250,0
2022-11-17 15:48:00,250,250,250,250,0
2022-11-17 15:49:00,250,250,250,250,0
2022-11-17 15:50:00,250,250,250,250,0
2022-11-17 15:51:00,250,250,250,250,0
2022-11-17 15:52:00,250,250,250,250,0
2022-11-17 15:53:00,250,250,250,250,0
2022-11-17 15:54:00,250,250,250,250,0
2022-11-17 15:55:00,250,250,250,250,0
2022-11-17 15:56:00,250,250,250,250,0
2022-11-17 15:57:00,250,250,250,250,0
2022-11-17 15:58:00,250,250,250,250,0
2022-11-17 15:59:00,250,250,250,250,0
2022-11-18 09:00:00,250,250,250,250,0
2022-11-18 09:01:00,250,250,250,250,0
2022-11-18 09:02:00,250,250,250,250,0
2022-11-18 09:03:00,250,250,250,250,0
2022-11-18 09:04:00,250,250,250,250,0
2022-11-18 09:05:00,250,250,250,250,0
2022-11-18 09:06:00,250,250,250,250,0
2022-11-18 09:07:00,250,250,250,250,0
2022-11-18 09:08:00,250,250,250,250,0
2022-11-18 09:09:00,250,250,250,250,0
2022-11-18 09:10:00,250,250,250,250,0
2022-11-18 09:11:00,250,250,250,250,0
2022-11-18 09:12:00,250,250,250,250,0
2022-11-18 09:13:00,250,250,250,250,0
2022-11-18 09:14:00,250,250,250,250,0
2022-11-18 09:15:00,250,250,250,250,0
2022-11-18 09:16:00,250,250,250,250,0
2022-11-18 09:17:00,250,250,250,250,0
2022-11-18 09:18:00,250,250,250,250,0
2022-11-18 09:19:00,250,250,250,250,0
2022-11-18 09:20:00,250,250,250,250,0
2022-11-18 09:21:00,250,250,250,250,0
2022-11-18 09:22:00,250,250,250,250,0
2022-11-18 09:23:00,250,250,250,250,0
2022-11-18 09:24:00,250,250,250,250,0
2022-11-18 09:25:00,250,250,250,250,0
2022-11-18 09:26:00,250,250,250,250,0
2022-11-18 09:27:00,250,250,250,250,0
2022-11-18 09:28:00,250,250,250,250,0
2022-11-18 09:29:00,250,250,250,250,0
2022-11-18 09:30:00,250,250,250,250,0
2022-11-18 09:31:00,250,250,250,250,0
2022-11-18 09:32:00,250,250,250,250,0
2022-11-18 09:33:00,250,250,250,250,0
2022-11-18 09:34:00,250,250,250,250,0
2022-11-18 09:35:00,250,250,250,250,0
2022-11-18 09:36:00,250,250,250,250,0
2022-11-18 09:37:00,250,250,250,250,0
2022-11-18 09:38:00,250,250,250,250,0
2022-11-18 09:39:00,250,250,250,250,0
2022-11-18 09:40:00,250,250,250,250,0
2022-11-18 09:41:00,250,250,250,250,0
2022-11-18 09:42:00,250,250,250,250,0
2022-11-18 09:43:00,250,250,250,250,0
2022-11-18 09:44:00,250,250,250,250,0
2022-11-18 09:45:00,250,250,250,250,0
2022-11-18 09:46:00,250,250,250,250,0
2022-11-18 09:47:00,250,250,250,250,0
2022-11-18 09:48:00,250,250,250,250,0
2022-11-18 09:49:00,254,254,254,254,0
2022-11-18 09:50:00,254,254,254,254,0
2022-11-18 09:51:00,254,254,254,254,0
2022-11-18 09:52:00,254,254,254,254,0
2022-11-18 09:53:00,254,254,254,254,0
2022-11-18 09:54:00,254,254,254,254,0
2022-11-18 09:55:00,254,254,254,254,0
2022-11-18 09:56:00,254,254,254,254,0
2022-11-18 09:57:00,254,254,254,254,0
2022-11-18 09:58:00,254,254,254,254,0
2022-11-18 09:59:00,254,254,254,254,0
2022-11-18 10:00:00,254,254,254,254,0
2022-11-18 10:01:00,254,254,254,254,0
2022-11-18 10:02:00,254,254,254,254,0
2022-11-18 10:03:00,254,254,254,254,0
2022-11-18 10:04:00,254,254,254,254,0
2022-11-18 10:05:00,254,254,254,254,0
2022-11-18 10:06:00,254,254,254,254,0
2022-11-18 10:07:00,254,254,254,254,0
2022-11-18 10:08:00,254,254,254,254,0
2022-11-18 10:09:00,254,254,254,254,0
2022-11-18 10:10:00,254,254,254,254,0
2022-11-18 10:11:00,254,254,254,254,0
2022-11-18 10:12:00,254,254,254,254,0
2022-11-18 10:13:00,254,254,254,254,0
2022-11-18 10:14:00,254,254,254,254,0
2022-11-18 10:15:00,254,254,254,254,0
2022-11-18 10:16:00,254,254,254,254,0
2022-11-18 10:17:00,254,254,254,254,0
2022-11-18 10:18:00,254,254,254,254,0
2022-11-18 10:19:00,254,254,254,254,0
2022-11-18 10:20:00,254,254,254,254,0
2022-11-18 10:21:00,254,254,254,254,0
2022-11-18 10:22:00,254,254,254,254,0
2022-11-18 10:23:00,254,254,254,254,0
2022-11-18 10:24:00,254,254,254,254,0
2022-11-18 10:25:00,254,254,254,254,0
2022-11-18 10:26:00,254,254,254,254,0
2022-11-18 10:27:00,254,254,254,254,0
2022-11-18 10:28:00,254,254,254,254,0
2022-11-18 10:29:00,254,254,254,254,0
2022-11-18 10:30:00,254,254,254,254,0
2022-11-18 10:31:00,254,254,254,254,0
2022-11-18 10:32:00,254,254,254,254,0
2022-11-18 10:33:00,254,254,254,254,0
2022-11-18 10:34:00,254,254,254,254,0
2022-11-18 10:35:00,254,254,254,254,0
2022-11-18 10:36:00,254,254,254,254,0
2022-11-18 10:37:00,254,254,254,254,0
2022-11-18 10:38:00,254,254,254,254,0
2022-11-18 10:39:00,254,254,254,254,0
2022-11-18 10:40:00,254,254,254,254,0
2022-11-18 10:41:00,254,254,254,254,0
2022-11-18 10:42:00,254,254,254,254,0
2022-11-18 10:43:00,254,254,254,254,0
2022-11-18 10:44:00,254,254,254,254,0
2022-11-18 10:45:00,254,254,254,254,0
2022-11-18 10:46:00,254,254,254,254,0
2022-11-18 10:47:00,254,254,254,254,0
2022-11-18 10:48:00,254,254,254,254,0
2022-11-18 10:49:00,254,254,254,254,0
2022-11-18 10:50:00,254,254,254,254,0
2022-11-18 10:51:00,254,254,254,254,0
2022-11-18 10:52:00,254,254,254,254,0
2022-11-18 10:53:00,254,254,254,254,0
2022-11-18 10:54:00,254,254,254,254,0
2022-11-18 10:55:00,254,254,254,254,0
2022-11-18 10:56:00,254,254,254,254,0
2022-11-18 10:57:00,254,254,254,254,0
2022-11-18 10:58:00,254,254,254,254,0
2022-11-18 10:59:00,254,254,254,254,0
2022-11-18 11:00:00,254,254,254,254,0
2022-11-18 11:01:00,254,254,254,254,0
2022-11-18 11:02:00,254,254,254,254,0
2022-11-18 11:03:00,254,254,254,254,0
2022-11-18 11:04:00,254,254,254,254,0
2022-11-18 11:05:00,254,254,254,254,0
2022-11-18 11:06:00,254,254,254,254,0
2022-11-18 11:07:00,254,254,254,254,0
2022-11-18 11:08:00,254,254,254,254,0
2022-11-18 11:09:00,254,254,254,254,0
2022-11-18 11:10:00,254,254,254,254,0
2022-11-18 11:11:00,248,248,248,248,200
2022-11-18 11:12:00,248,248,248,248,0
2022-11-18 11:13:00,248,248,248,248,0
2022-11-18 11:14:00,248,248,248,248,0
2022-11-18 11:15:00,248,248,248,248,0
2022-11-18 11:16:00,248,248,248,248,0
2022-11-18 11:17:00,248,248,248,248,0
2022-11-18 11:18:00,252,252,252,252,0
2022-11-18 11:19:00,252,252,252,252,0
2022-11-18 11:20:00,252,252,252,252,0
2022-11-18 11:21:00,252,252,252,252,0
2022-11-18 11:22:00,252,252,252,252,0
2022-11-18 11:23:00,252,252,252,252,0
2022-11-18 11:24:00,252,252,252,252,0
2022-11-18 11:25:00,252,252,252,252,0
2022-11-18 11:26:00,252,252,252,252,0
2022-11-18 11:27:00,252,252,252,252,0
2022-11-18 11:28:00,252,252,252,252,0
2022-11-18 11:29:00,252,252,252,252,0
2022-11-18 11:30:00,252,252,252,252,0
2022-11-18 11:31:00,252,252,252,252,0
2022-11-18 11:32:00,252,252,252,252,0
2022-11-18 11:33:00,252,252,252,252,0
2022-11-18 11:34:00,252,252,252,252,0
2022-11-18 11:35:00,252,252,252,252,0
2022-11-18 11:36:00,252,252,252,252,0
2022-11-18 11:37:00,252,252,252,252,0
2022-11-18 11:38:00,252,252,252,252,0
2022-11-18 11:39:00,252,252,252,252,0
2022-11-18 11:40:00,252,252,252,252,0
2022-11-18 11:41:00,252,252,252,252,0
2022-11-18 11:42:00,252,252,252,252,0
2022-11-18 11:43:00,252,252,252,252,0
2022-11-18 11:44:00,252,252,252,252,0
2022-11-18 11:45:00,252,252,252,252,0
2022-11-18 11:46:00,252,252,252,252,0
2022-11-18 11:47:00,252,252,252,252,0
2022-11-18 11:48:00,252,252,252,252,0
2022-11-18 11:49:00,252,252,252,252,0
2022-11-18 11:50:00,252,252,252,252,0
2022-11-18 11:51:00,252,252,252,252,0
2022-11-18 11:52:00,252,252,252,252,0
2022-11-18 11:53:00,252,252,252,252,0
2022-11-18 11:54:00,252,252,252,252,0
2022-11-18 11:55:00,252,252,252,252,0
2022-11-18 11:56:00,252,252,252,252,0
2022-11-18 11:57:00,252,252,252,252,0
2022-11-18 11:58:00,252,252,252,252,0
2022-11-18 11:59:00,252,252,252,252,0
2022-11-18 12:00:00,252,252,252,252,0
2022-11-18 12:01:00,252,252,252,252,0
2022-11-18 12:02:00,252,252,252,252,0
2022-11-18 12:03:00,252,252,252,252,0
2022-11-18 12:04:00,252,252,252,252,0
2022-11-18 12:05:00,252,252,252,252,0
2022-11-18 12:06:00,252,252,252,252,0
2022-11-18 12:07:00,252,252,252,252,0
2022-11-18 12:08:00,252,252,252,252,0
2022-11-18 12:09:00,252,252,252,252,0
2022-11-18 12:10:00,252,252,252,252,0
2022-11-18 12:11:00,252,252,252,252,0
2022-11-18 12:12:00,252,252,252,252,0
2022-11-18 12:13:00,252,252,252,252,0
2022-11-18 12:14:00,252,252,252,252,0
2022-11-18 12:15:00,252,252,252,252,0
2022-11-18 12:16:00,252,252,252,252,0
2022-11-18 12:17:00,252,252,252,252,0
2022-11-18 12:18:00,252,252,252,252,0
2022-11-18 12:19:00,252,252,252,252,0
2022-11-18 12:20:00,252,252,252,252,0
2022-11-18 12:21:00,252,252,252,252,0
2022-11-18 12:22:00,252,252,252,252,0
2022-11-18 12:23:00,252,252,252,252,0
2022-11-18 12:24:00,252,252,252,252,0
2022-11-18 12:25:00,252,252,252,252,0
2022-11-18 12:26:00,252,252,252,252,0
2022-11-18 12:27:00,252,252,252,252,0
2022-11-18 12:28:00,252,252,252,252,0
2022-11-18 12:29:00,252,252,252,252,0
2022-11-18 12:30:00,252,252,252,252,0
2022-11-18 12:31:00,252,252,252,252,0
2022-11-18 12:32:00,252,252,252,252,0
2022-11-18 12:33:00,252,252,252,252,0
2022-11-18 12:34:00,252,252,252,252,0
2022-11-18 12:35:00,252,252,252,252,0
2022-11-18 12:36:00,252,252,252,252,0
2022-11-18 12:37:00,252,252,252,252,0
2022-11-18 12:38:00,252,252,252,252,0
2022-11-18 12:39:00,252,252,252,252,0
2022-11-18 12:40:00,252,252,252,252,0
2022-11-18 12:41:00,252,252,252,252,0
2022-11-18 12:42:00,252,252,252,252,0
2022-11-18 12:43:00,252,252,252,252,0
2022-11-18 12:44:00,252,252,252,252,0
2022-11-18 12:45:00,252,252,252,252,0
2022-11-18 12:46:00,252,252,252,252,0
2022-11-18 12:47:00,252,252,252,252,0
2022-11-18 12:48:00,252,252,252,252,0
2022-11-18 12:49:00,252,252,252,252,0
2022-11-18 12:50:00,252,252,252,252,0
2022-11-18 12:51:00,252,252,252,252,0
2022-11-18 12:52:00,252,252,252,252,0
2022-11-18 12:53:00,252,252,252,252,0
2022-11-18 12:54:00,252,252,252,252,0
2022-11-18 12:55:00,252,252,252,252,0
2022-11-18 12:56:00,252,252,252,252,0
2022-11-18 12:57:00,252,252,252,252,0
2022-11-18 12:58:00,252,252,252,252,0
2022-11-18 12:59:00,252,252,252,252,0
2022-11-18 13:00:00,252,252,252,252,0
2022-11-18 13:01:00,252,252,252,252,0
2022-11-18 13:02:00,252,252,252,252,0
2022-11-18 13:03:00,252,252,252,252,0
2022-11-18 13:04:00,252,252,252,252,0
2022-11-18 13:05:00,252,252,252,252,0
2022-11-18 13:06:00,252,252,252,252,0
2022-11-18 13:07:00,252,252,252,252,0
2022-11-18 13:08:00,252,252,252,252,0
2022-11-18 13:09:00,252,252,252,252,0
2022-11-18 13:10:00,252,252,252,252,0
2022-11-18 13:11:00,252,252,252,252,0
2022-11-18 13:12:00,252,252,252,252,0
2022-11-18 13:13:00,252,252,252,252,0
2022-11-18 13:14:00,252,252,252,252,0
2022-11-18 13:15:00,252,252,252,252,0
2022-11-18 13:16:00,252,252,252,252,0
2022-11-18 13:17:00,252,252,252,252,0
2022-11-18 13:18:00,252,252,252,252,0
2022-11-18 13:19:00,252,252,252,252,0
2022-11-18 13:20:00,252,252,252,252,0
2022-11-18 13:21:00,252,252,252,252,0
2022-11-18 13:22:00,252,252,252,252,0
2022-11-18 13:23:00,252,252,252,252,0
2022-11-18 13:24:00,252,252,252,252,0
2022-11-18 13:25:00,252,252,252,252,0
2022-11-18 13:26:00,252,252,252,252,0
2022-11-18 13:27:00,252,252,252,252,0
2022-11-18 13:28:00,252,252,252,252,0
2022-11-18 13:29:00,252,252,252,252,0
2022-11-18 13:30:00,252,252,252,252,100
2022-11-18 13:31:00,252,252,252,252,0
2022-11-18 13:32:00,252,252,252,252,0
2022-11-18 13:33:00,252,252,252,252,0
2022-11-18 13:34:00,252,252,252,252,0
2022-11-18 13:35:00,252,252,252,252,0
2022-11-18 13:36:00,252,252,252,252,0
2022-11-18 13:37:00,252,252,252,252,0
2022-11-18 13:38:00,252,252,252,252,0
2022-11-18 13:39:00,252,252,252,252,0
2022-11-18 13:40:00,252,252,252,252,0
2022-11-18 13:41:00,252,252,252,252,0
2022-11-18 13:42:00,252,252,252,252,0
2022-11-18 13:43:00,252,252,252,252,0
2022-11-18 13:44:00,252,252,252,252,0
2022-11-18 13:45:00,252,252,252,252,0
2022-11-18 13:46:00,252,252,252,252,0
2022-11-18 13:47:00,252,252,252,252,0
2022-11-18 13:48:00,252,252,252,252,0
2022-11-18 13:49:00,252,252,252,252,0
2022-11-18 13:50:00,252,252,252,252,0
2022-11-18 13:51:00,252,252,252,252,0
2022-11-18 13:52:00,252,252,252,252,0
2022-11-18 13:53:00,252,252,252,252,0
2022-11-18 13:54:00,252,252,252,252,0
2022-11-18 13:55:00,248,248,248,248,200
2022-11-18 13:56:00,248,248,248,248,0
2022-11-18 13:57:00,248,248,248,248,0
2022-11-18 13:58:00,248,248,248,248,0
2022-11-18 13:59:00,248,248,248,248,0
2022-11-18 14:00:00,248,248,248,248,0
2022-11-18 14:01:00,248,248,248,248,0
2022-11-18 14:02:00,250,248,250,248,1900
2022-11-18 14:03:00,250,248,250,248,0
2022-11-18 14:04:00,250,248,250,248,0
2022-11-18 14:05:00,250,248,250,248,0
2022-11-18 14:06:00,250,248,250,248,0
2022-11-18 14:07:00,250,248,250,248,0
2022-11-18 14:08:00,250,248,250,248,0
2022-11-18 14:09:00,250,248,250,248,0
2022-11-18 14:10:00,250,248,250,248,0
2022-11-18 14:11:00,250,248,250,248,0
2022-11-18 14:12:00,250,248,250,248,0
2022-11-18 14:13:00,250,248,250,248,0
2022-11-18 14:14:00,250,248,250,248,0
2022-11-18 14:15:00,250,248,250,248,0
2022-11-18 14:16:00,250,248,250,248,0
2022-11-18 14:17:00,250,248,250,248,0
2022-11-18 14:18:00,250,248,250,248,0
2022-11-18 14:19:00,250,248,250,248,0
2022-11-18 14:20:00,250,248,250,248,0
2022-11-18 14:21:00,250,248,250,248,0
2022-11-18 14:22:00,250,248,250,248,0
2022-11-18 14:23:00,250,248,250,248,0
2022-11-18 14:24:00,250,248,250,248,0
2022-11-18 14:25:00,250,248,250,248,0
2022-11-18 14:26:00,250,248,250,248,0
2022-11-18 14:27:00,250,248,250,248,0
2022-11-18 14:28:00,250,248,250,248,0
2022-11-18 14:29:00,250,248,250,248,0
2022-11-18 14:30:00,250,248,250,248,0
2022-11-18 14:31:00,250,248,250,248,0
2022-11-18 14:32:00,250,248,250,248,0
2022-11-18 14:33:00,250,248,250,248,0
2022-11-18 14:34:00,250,248,250,248,0
2022-11-18 14:35:00,250,248,250,248,0
2022-11-18 14:36:00,250,248,250,248,0
2022-11-18 14:37:00,250,248,250,248,0
2022-11-18 14:38:00,250,248,250,248,0
2022-11-18 14:39:00,250,248,250,248,0
2022-11-18 14:40:00,250,248,250,248,0
2022-11-18 14:41:00,250,248,250,248,0
2022-11-18 14:42:00,250,248,250,248,0
2022-11-18 14:43:00,250,248,250,248,0
2022-11-18 14:44:00,250,250,250,250,1000
2022-11-18 14:45:00,250,250,250,250,0
2022-11-18 14:46:00,250,250,250,250,0
2022-11-18 14:47:00,250,250,250,250,0
2022-11-18 14:48:00,250,250,250,250,0
2022-11-18 14:49:00,250,250,250,250,0
2022-11-18 14:50:00,250,250,250,250,0
2022-11-18 14:51:00,250,250,250,250,0
2022-11-18 14:52:00,250,250,250,250,0
2022-11-18 14:53:00,250,250,250,250,0
2022-11-18 14:54:00,250,250,250,250,0
2022-11-18 14:55:00,250,250,250,250,0
2022-11-18 14:56:00,250,250,250,250,0
2022-11-18 14:57:00,250,250,250,250,0
2022-11-18 14:58:00,250,250,250,250,0
2022-11-18 14:59:00,250,250,250,250,0
2022-11-18 15:00:00,250,250,250,250,0
2022-11-18 15:01:00,250,250,250,250,0
2022-11-18 15:02:00,250,250,250,250,0
2022-11-18 15:03:00,250,250,250,250,0
2022-11-18 15:04:00,250,250,250,250,0
2022-11-18 15:05:00,250,250,250,250,0
2022-11-18 15:06:00,250,250,250,250,0
2022-11-18 15:07:00,250,250,250,250,0
2022-11-18 15:08:00,250,250,250,250,0
2022-11-18 15:09:00,250,250,250,250,0
2022-11-18 15:10:00,250,250,250,250,0
2022-11-18 15:11:00,250,250,250,250,0
2022-11-18 15:12:00,250,250,250,250,0
2022-11-18 15:13:00,250,250,250,250,0
2022-11-18 15:14:00,250,250,250,250,0
2022-11-18 15:15:00,250,250,250,250,0
2022-11-18 15:16:00,250,250,250,250,0
2022-11-18 15:17:00,250,250,250,250,0
2022-11-18 15:18:00,250,250,250,250,0
2022-11-18 15:19:00,250,250,250,250,0
2022-11-18 15:20:00,250,250,250,250,0
2022-11-18 15:21:00,250,250,250,250,0
2022-11-18 15:22:00,250,250,250,250,0
2022-11-18 15:23:00,250,250,250,250,0
2022-11-18 15:24:00,250,250,250,250,0
2022-11-18 15:25:00,250,250,250,250,0
2022-11-18 15:26:00,250,250,250,250,0
2022-11-18 15:27:00,250,250,250,250,0
2022-11-18 15:28:00,250,250,250,250,0
2022-11-18 15:29:00,250,250,250,250,0
2022-11-18 15:30:00,250,250,250,250,0
2022-11-18 15:31:00,250,250,250,250,0
2022-11-18 15:32:00,250,250,250,250,0
2022-11-18 15:33:00,250,250,250,250,0
2022-11-18 15:34:00,250,250,250,250,0
2022-11-18 15:35:00,250,250,250,250,0
2022-11-18 15:36:00,250,250,250,250,0
2022-11-18 15:37:00,250,250,250,250,0
2022-11-18 15:38:00,250,250,250,250,0
2022-11-18 15:39:00,250,250,250,250,0
2022-11-18 15:40:00,250,250,250,250,0
2022-11-18 15:41:00,250,250,250,250,0
2022-11-18 15:42:00,250,250,250,250,0
2022-11-18 15:43:00,250,250,250,250,0
2022-11-18 15:44:00,250,250,250,250,0
2022-11-18 15:45:00,250,250,250,250,0
2022-11-18 15:46:00,250,250,250,250,0
2022-11-18 15:47:00,250,250,250,250,0
2022-11-18 15:48:00,250,250,250,250,0
2022-11-18 15:49:00,250,250,250,250,0
2022-11-18 15:50:00,250,250,250,250,0
2022-11-18 15:51:00,250,250,250,250,0
2022-11-18 15:52:00,250,250,250,250,0
2022-11-18 15:53:00,250,250,250,250,0
2022-11-18 15:54:00,250,250,250,250,0
2022-11-18 15:55:00,250,250,250,250,0
2022-11-18 15:56:00,250,250,250,250,0
2022-11-18 15:57:00,250,250,250,250,0
2022-11-18 15:58:00,250,250,250,250,0
2022-11-18 15:59:00,250,250,250,250,0
2022-11-21 09:00:00,248,248,248,248,0
2022-11-21 09:01:00,248,248,248,248,0
2022-11-21 09:02:00,248,248,248,248,0
2022-11-21 09:03:00,248,248,248,248,0
2022-11-21 09:04:00,248,248,248,248,0
2022-11-21 09:05:00,248,248,248,248,0
2022-11-21 09:06:00,248,248,248,248,0
2022-11-21 09:07:00,248,248,248,248,0
2022-11-21 09:08:00,248,248,248,248,0
2022-11-21 09:09:00,248,248,248,248,0
2022-11-21 09:10:00,248,248,248,248,0
2022-11-21 09:11:00,248,248,248,248,0
2022-11-21 09:12:00,248,248,248,248,0
2022-11-21 09:13:00,248,248,248,248,0
2022-11-21 09:14:00,248,248,248,248,0
2022-11-21 09:15:00,248,248,248,248,0
2022-11-21 09:16:00,248,248,248,248,0
2022-11-21 09:17:00,248,248,248,248,0
2022-11-21 09:18:00,248,248,248,248,0
2022-11-21 09:19:00,248,248,248,248,0
2022-11-21 09:20:00,248,248,248,248,0
2022-11-21 09:21:00,248,248,248,248,0
2022-11-21 09:22:00,248,248,248,248,0
2022-11-21 09:23:00,248,248,248,248,0
2022-11-21 09:24:00,248,248,248,248,0
2022-11-21 09:25:00,248,248,248,248,0
2022-11-21 09:26:00,248,248,248,248,0
2022-11-21 09:27:00,248,248,248,248,1600
2022-11-21 09:28:00,248,248,248,248,2300
2022-11-21 09:29:00,248,248,248,248,0
2022-11-21 09:30:00,248,248,248,248,0
2022-11-21 09:31:00,248,248,248,248,0
2022-11-21 09:32:00,248,248,248,248,0
2022-11-21 09:33:00,248,248,248,248,0
2022-11-21 09:34:00,248,248,248,248,0
2022-11-21 09:35:00,248,248,248,248,0
2022-11-21 09:36:00,248,248,248,248,0
2022-11-21 09:37:00,248,248,248,248,0
2022-11-21 09:38:00,248,248,248,248,0
2022-11-21 09:39:00,248,248,248,248,0
2022-11-21 09:40:00,248,248,248,248,0
2022-11-21 09:41:00,248,248,248,248,0
2022-11-21 09:42:00,248,248,248,248,0
2022-11-21 09:43:00,248,248,248,248,0
2022-11-21 09:44:00,248,248,248,248,0
2022-11-21 09:45:00,248,248,248,248,0
2022-11-21 09:46:00,248,248,248,248,0
2022-11-21 09:47:00,248,248,248,248,0
2022-11-21 09:48:00,248,248,248,248,0
2022-11-21 09:49:00,248,248,248,248,0
2022-11-21 09:50:00,248,248,248,248,0
2022-11-21 09:51:00,248,248,248,248,0
2022-11-21 09:52:00,248,248,248,248,0
2022-11-21 09:53:00,248,248,248,248,0
2022-11-21 09:54:00,248,248,248,248,0
2022-11-21 09:55:00,248,248,248,248,0
2022-11-21 09:56:00,248,248,248,248,0
2022-11-21 09:57:00,248,248,248,248,0
2022-11-21 09:58:00,248,248,248,248,0
2022-11-21 09:59:00,248,248,248,248,0
2022-11-21 10:00:00,248,248,248,248,0
2022-11-21 10:01:00,248,248,248,248,0
2022-11-21 10:02:00,248,248,248,248,0
2022-11-21 10:03:00,248,248,248,248,0
2022-11-21 10:04:00,248,248,248,248,0
2022-11-21 10:05:00,248,248,248,248,0
2022-11-21 10:06:00,248,248,248,248,0
2022-11-21 10:07:00,248,248,248,248,0
2022-11-21 10:08:00,248,248,248,248,0
2022-11-21 10:09:00,248,248,248,248,0
2022-11-21 10:10:00,248,248,248,248,0
2022-11-21 10:11:00,248,248,248,248,0
2022-11-21 10:12:00,248,248,248,248,0
2022-11-21 10:13:00,248,248,248,248,0
2022-11-21 10:14:00,248,248,248,248,0
2022-11-21 10:15:00,248,248,248,248,0
2022-11-21 10:16:00,248,248,248,248,0
2022-11-21 10:17:00,248,248,248,248,0
2022-11-21 10:18:00,248,248,248,248,0
2022-11-21 10:19:00,248,248,248,248,0
2022-11-21 10:20:00,248,248,248,248,0
2022-11-21 10:21:00,248,248,248,248,0
2022-11-21 10:22:00,248,248,248,248,0
2022-11-21 10:23:00,248,248,248,248,0
2022-11-21 10:24:00,248,248,248,248,0
2022-11-21 10:25:00,248,248,248,248,0
2022-11-21 10:26:00,248,248,248,248,0
2022-11-21 10:27:00,248,248,248,248,0
2022-11-21 10:28:00,248,248,248,248,0
2022-11-21 10:29:00,248,248,248,248,0
2022-11-21 10:30:00,248,248,248,248,0
2022-11-21 10:31:00,248,248,248,248,0
2022-11-21 10:32:00,248,248,248,248,0
2022-11-21 10:33:00,248,248,248,248,0
2022-11-21 10:34:00,248,248,248,248,0
2022-11-21 10:35:00,248,248,248,248,0
2022-11-21 10:36:00,248,248,248,248,3300
2022-11-21 10:37:00,248,248,248,248,0
2022-11-21 10:38:00,248,248,248,248,0
2022-11-21 10:39:00,248,248,248,248,0
2022-11-21 10:40:00,248,248,248,248,0
2022-11-21 10:41:00,248,248,248,248,0
2022-11-21 10:42:00,248,248,248,248,0
2022-11-21 10:43:00,248,248,248,248,0
2022-11-21 10:44:00,248,248,248,248,0
2022-11-21 10:45:00,248,248,248,248,0
2022-11-21 10:46:00,248,248,248,248,0
2022-11-21 10:47:00,248,248,248,248,0
2022-11-21 10:48:00,248,248,248,248,0
2022-11-21 10:49:00,248,248,248,248,0
2022-11-21 10:50:00,248,248,248,248,0
2022-11-21 10:51:00,248,248,248,248,0
2022-11-21 10:52:00,248,248,248,248,0
2022-11-21 10:53:00,248,248,248,248,0
2022-11-21 10:54:00,248,248,248,248,0
2022-11-21 10:55:00,248,248,248,248,0
2022-11-21 10:56:00,248,248,248,248,2200
2022-11-21 10:57:00,248,248,248,248,0
2022-11-21 10:58:00,248,248,248,248,0
2022-11-21 10:59:00,248,248,248,248,0
2022-11-21 11:00:00,248,248,248,248,0
2022-11-21 11:01:00,248,248,248,248,0
2022-11-21 11:02:00,248,248,248,248,0
2022-11-21 11:03:00,248,248,248,248,0
2022-11-21 11:04:00,248,248,248,248,0
2022-11-21 11:05:00,248,248,248,248,0
2022-11-21 11:06:00,248,248,248,248,0
2022-11-21 11:07:00,248,248,248,248,0
2022-11-21 11:08:00,248,248,248,248,0
2022-11-21 11:09:00,248,248,248,248,0
2022-11-21 11:10:00,248,248,248,248,0
2022-11-21 11:11:00,248,248,248,248,0
2022-11-21 11:12:00,248,248,248,248,0
2022-11-21 11:13:00,248,248,248,248,0
2022-11-21 11:14:00,248,248,248,248,0
2022-11-21 11:15:00,248,248,248,248,0
2022-11-21 11:16:00,248,248,248,248,0
2022-11-21 11:17:00,248,248,248,248,0
2022-11-21 11:18:00,248,248,248,248,0
2022-11-21 11:19:00,248,248,248,248,0
2022-11-21 11:20:00,248,248,248,248,0
2022-11-21 11:21:00,248,248,248,248,0
2022-11-21 11:22:00,248,248,248,248,0
2022-11-21 11:23:00,248,248,248,248,0
2022-11-21 11:24:00,248,248,248,248,0
2022-11-21 11:25:00,248,248,248,248,0
2022-11-21 11:26:00,248,248,248,248,0
2022-11-21 11:27:00,248,248,248,248,0
2022-11-21 11:28:00,248,248,248,248,0
2022-11-21 11:29:00,248,248,248,248,0
2022-11-21 11:30:00,248,248,248,248,0
2022-11-21 11:31:00,248,248,248,248,0
2022-11-21 11:32:00,248,248,248,248,0
2022-11-21 11:33:00,248,248,248,248,0
2022-11-21 11:34:00,248,248,248,248,0
2022-11-21 11:35:00,248,248,248,248,0
2022-11-21 11:36:00,248,248,248,248,0
2022-11-21 11:37:00,248,248,248,248,0
2022-11-21 11:38:00,248,248,248,248,0
2022-11-21 11:39:00,248,248,248,248,0
2022-11-21 11:40:00,248,248,248,248,0
2022-11-21 11:41:00,248,248,248,248,0
2022-11-21 11:42:00,248,248,248,248,0
2022-11-21 11:43:00,248,248,248,248,0
2022-11-21 11:44:00,248,248,248,248,0
2022-11-21 11:45:00,248,248,248,248,0
2022-11-21 11:46:00,248,248,248,248,0
2022-11-21 11:47:00,248,248,248,248,0
2022-11-21 11:48:00,248,248,248,248,0
2022-11-21 11:49:00,248,248,248,248,0
2022-11-21 11:50:00,248,248,248,248,0
2022-11-21 11:51:00,248,248,248,248,0
2022-11-21 11:52:00,248,248,248,248,0
2022-11-21 11:53:00,248,248,248,248,0
2022-11-21 11:54:00,248,248,248,248,0
2022-11-21 11:55:00,248,248,248,248,0
2022-11-21 11:56:00,248,248,248,248,0
2022-11-21 11:57:00,248,248,248,248,0
2022-11-21 11:58:00,248,248,248,248,0
2022-11-21 11:59:00,248,248,248,248,0
2022-11-21 12:00:00,248,248,248,248,0
2022-11-21 12:01:00,248,248,248,248,0
2022-11-21 12:02:00,248,248,248,248,0
2022-11-21 12:03:00,248,248,248,248,0
2022-11-21 12:04:00,248,248,248,248,0
2022-11-21 12:05:00,248,248,248,248,0
2022-11-21 12:06:00,248,248,248,248,0
2022-11-21 12:07:00,248,248,248,248,0
2022-11-21 12:08:00,248,248,248,248,0
2022-11-21 12:09:00,248,248,248,248,0
2022-11-21 12:10:00,248,248,248,248,0
2022-11-21 12:11:00,248,248,248,248,0
2022-11-21 12:12:00,248,248,248,248,0
2022-11-21 12:13:00,248,248,248,248,0
2022-11-21 12:14:00,248,248,248,248,0
2022-11-21 12:15:00,248,248,248,248,0
2022-11-21 12:16:00,248,248,248,248,0
2022-11-21 12:17:00,248,248,248,248,0
2022-11-21 12:18:00,248,248,248,248,0
2022-11-21 12:19:00,248,248,248,248,0
2022-11-21 12:20:00,248,248,248,248,0
2022-11-21 12:21:00,248,248,248,248,0
2022-11-21 12:22:00,248,248,248,248,0
2022-11-21 12:23:00,248,248,248,248,0
2022-11-21 12:24:00,248,248,248,248,0
2022-11-21 12:25:00,248,248,248,248,0
2022-11-21 12:26:00,248,248,248,248,0
2022-11-21 12:27:00,248,248,248,248,0
2022-11-21 12:28:00,248,248,248,248,0
2022-11-21 12:29:00,248,248,248,248,0
2022-11-21 12:30:00,248,248,248,248,0
2022-11-21 12:31:00,248,248,248,248,0
2022-11-21 12:32:00,248,248,248,248,0
2022-11-21 12:33:00,248,248,248,248,0
2022-11-21 12:34:00,248,248,248,248,0
2022-11-21 12:35:00,248,248,248,248,0
2022-11-21 12:36:00,248,248,248,248,0
2022-11-21 12:37:00,248,248,248,248,0
2022-11-21 12:38:00,248,248,248,248,0
2022-11-21 12:39:00,248,248,248,248,0
2022-11-21 12:40:00,248,248,248,248,0
2022-11-21 12:41:00,248,248,248,248,0
2022-11-21 12:42:00,248,248,248,248,0
2022-11-21 12:43:00,248,248,248,248,0
2022-11-21 12:44:00,248,248,248,248,0
2022-11-21 12:45:00,248,248,248,248,0
2022-11-21 12:46:00,248,248,248,248,0
2022-11-21 12:47:00,248,248,248,248,0
2022-11-21 12:48:00,248,248,248,248,0
2022-11-21 12:49:00,248,248,248,248,0
2022-11-21 12:50:00,248,248,248,248,0
2022-11-21 12:51:00,248,248,248,248,0
2022-11-21 12:52:00,248,248,248,248,0
2022-11-21 12:53:00,248,248,248,248,0
2022-11-21 12:54:00,248,248,248,248,0
2022-11-21 12:55:00,248,248,248,248,0
2022-11-21 12:56:00,248,248,248,248,0
2022-11-21 12:57:00,248,248,248,248,0
2022-11-21 12:58:00,248,248,248,248,0
2022-11-21 12:59:00,248,248,248,248,0
2022-11-21 13:00:00,248,248,248,248,0
2022-11-21 13:01:00,248,248,248,248,0
2022-11-21 13:02:00,248,248,248,248,0
2022-11-21 13:03:00,248,248,248,248,0
2022-11-21 13:04:00,248,248,248,248,0
2022-11-21 13:05:00,248,248,248,248,0
2022-11-21 13:06:00,248,248,248,248,0
2022-11-21 13:07:00,248,248,248,248,0
2022-11-21 13:08:00,248,248,248,248,0
2022-11-21 13:09:00,248,248,248,248,0
2022-11-21 13:10:00,248,248,248,248,0
2022-11-21 13:11:00,248,248,248,248,0
2022-11-21 13:12:00,248,248,248,248,0
2022-11-21 13:13:00,248,248,248,248,0
2022-11-21 13:14:00,248,248,248,248,0
2022-11-21 13:15:00,248,248,248,248,0
2022-11-21 13:16:00,248,248,248,248,0
2022-11-21 13:17:00,248,248,248,248,0
2022-11-21 13:18:00,248,248,248,248,0
2022-11-21 13:19:00,248,248,248,248,0
2022-11-21 13:20:00,248,248,248,248,0
2022-11-21 13:21:00,248,248,248,248,0
2022-11-21 13:22:00,248,248,248,248,0
2022-11-21 13:23:00,248,248,248,248,0
2022-11-21 13:24:00,248,248,248,248,0
2022-11-21 13:25:00,248,248,248,248,0
2022-11-21 13:26:00,248,248,248,248,0
2022-11-21 13:27:00,248,248,248,248,0
2022-11-21 13:28:00,248,248,248,248,0
2022-11-21 13:29:00,248,248,248,248,0
2022-11-21 13:30:00,248,248,248,248,100
2022-11-21 13:31:00,248,248,248,248,0
2022-11-21 13:32:00,248,248,248,248,0
2022-11-21 13:33:00,248,248,248,248,0
2022-11-21 13:34:00,248,248,248,248,0
2022-11-21 13:35:00,248,248,248,248,0
2022-11-21 13:36:00,248,248,248,248,0
2022-11-21 13:37:00,248,248,248,248,0
2022-11-21 13:38:00,248,248,248,248,0
2022-11-21 13:39:00,248,248,248,248,0
2022-11-21 13:40:00,248,248,248,248,0
2022-11-21 13:41:00,248,248,248,248,0
2022-11-21 13:42:00,248,248,248,248,0
2022-11-21 13:43:00,248,248,248,248,0
2022-11-21 13:44:00,248,248,248,248,0
2022-11-21 13:45:00,248,248,248,248,0
2022-11-21 13:46:00,248,248,248,248,0
2022-11-21 13:47:00,248,248,248,248,0
2022-11-21 13:48:00,248,248,248,248,0
2022-11-21 13:49:00,248,248,248,248,0
2022-11-21 13:50:00,248,248,248,248,0
2022-11-21 13:51:00,248,248,248,248,0
2022-11-21 13:52:00,248,248,248,248,0
2022-11-21 13:53:00,248,248,248,248,0
2022-11-21 13:54:00,248,248,248,248,0
2022-11-21 13:55:00,248,248,248,248,0
2022-11-21 13:56:00,248,248,248,248,0
2022-11-21 13:57:00,248,248,248,248,0
2022-11-21 13:58:00,248,248,248,248,0
2022-11-21 13:59:00,248,248,248,248,0
2022-11-21 14:00:00,248,248,248,248,0
2022-11-21 14:01:00,248,248,248,248,0
2022-11-21 14:02:00,248,248,248,248,0
2022-11-21 14:03:00,248,248,248,248,0
2022-11-21 14:04:00,248,248,248,248,0
2022-11-21 14:05:00,248,248,248,248,0
2022-11-21 14:06:00,248,248,248,248,0
2022-11-21 14:07:00,248,248,248,248,0
2022-11-21 14:08:00,248,248,248,248,0
2022-11-21 14:09:00,248,248,248,248,0
2022-11-21 14:10:00,248,248,248,248,0
2022-11-21 14:11:00,248,248,248,248,0
2022-11-21 14:12:00,248,248,248,248,0
2022-11-21 14:13:00,248,248,248,248,0
2022-11-21 14:14:00,248,248,248,248,0
2022-11-21 14:15:00,248,248,248,248,0
2022-11-21 14:16:00,248,248,248,248,0
2022-11-21 14:17:00,248,248,248,248,0
2022-11-21 14:18:00,248,248,248,248,0
2022-11-21 14:19:00,248,248,248,248,0
2022-11-21 14:20:00,248,248,248,248,0
2022-11-21 14:21:00,248,248,248,248,0
2022-11-21 14:22:00,248,248,248,248,0
2022-11-21 14:23:00,248,248,248,248,0
2022-11-21 14:24:00,248,248,248,248,0
2022-11-21 14:25:00,248,248,248,248,0
2022-11-21 14:26:00,248,248,248,248,0
2022-11-21 14:27:00,248,248,248,248,10800
2022-11-21 14:28:00,248,248,248,248,0
2022-11-21 14:29:00,248,248,248,248,0
2022-11-21 14:30:00,248,248,248,248,0
2022-11-21 14:31:00,248,248,248,248,0
2022-11-21 14:32:00,248,248,248,248,0
2022-11-21 14:33:00,248,248,248,248,0
2022-11-21 14:34:00,248,248,248,248,0
2022-11-21 14:35:00,248,248,248,248,0
2022-11-21 14:36:00,248,248,248,248,0
2022-11-21 14:37:00,248,248,248,248,0
2022-11-21 14:38:00,248,248,248,248,0
2022-11-21 14:39:00,248,248,248,248,0
2022-11-21 14:40:00,248,248,248,248,0
2022-11-21 14:41:00,248,248,248,248,0
2022-11-21 14:42:00,248,248,248,248,0
2022-11-21 14:43:00,248,248,248,248,0
2022-11-21 14:44:00,248,248,248,248,0
2022-11-21 14:45:00,248,248,248,248,0
2022-11-21 14:46:00,248,248,248,248,0
2022-11-21 14:47:00,248,248,248,248,0
2022-11-21 14:48:00,248,248,248,248,0
2022-11-21 14:49:00,248,248,248,248,0
2022-11-21 14:50:00,248,248,248,248,0
2022-11-21 14:51:00,248,248,248,248,0
2022-11-21 14:52:00,248,248,248,248,0
2022-11-21 14:53:00,248,248,248,248,0
2022-11-21 14:54:00,248,248,248,248,0
2022-11-21 14:55:00,248,248,248,248,0
2022-11-21 14:56:00,248,248,248,248,0
2022-11-21 14:57:00,248,248,248,248,0
2022-11-21 14:58:00,248,248,248,248,0
2022-11-21 14:59:00,248,248,248,248,0
2022-11-21 15:00:00,248,248,248,248,0
2022-11-21 15:01:00,248,248,248,248,0
2022-11-21 15:02:00,248,248,248,248,0
2022-11-21 15:03:00,248,248,248,248,0
2022-11-21 15:04:00,248,248,248,248,0
2022-11-21 15:05:00,248,248,248,248,0
2022-11-21 15:06:00,248,248,248,248,0
2022-11-21 15:07:00,248,248,248,248,0
2022-11-21 15:08:00,248,248,248,248,0
2022-11-21 15:09:00,248,248,248,248,0
2022-11-21 15:10:00,248,248,248,248,0
2022-11-21 15:11:00,248,248,248,248,0
2022-11-21 15:12:00,248,248,248,248,0
2022-11-21 15:13:00,248,248,248,248,0
2022-11-21 15:14:00,248,248,248,248,0
2022-11-21 15:15:00,248,248,248,248,0
2022-11-21 15:16:00,248,248,248,248,0
2022-11-21 15:17:00,248,248,248,248,0
2022-11-21 15:18:00,248,248,248,248,0
2022-11-21 15:19:00,248,248,248,248,0
2022-11-21 15:20:00,248,248,248,248,0
2022-11-21 15:21:00,248,248,248,248,0
2022-11-21 15:22:00,248,248,248,248,0
2022-11-21 15:23:00,248,248,248,248,0
2022-11-21 15:24:00,248,248,248,248,0
2022-11-21 15:25:00,248,248,248,248,0
2022-11-21 15:26:00,248,248,248,248,0
2022-11-21 15:27:00,248,248,248,248,0
2022-11-21 15:28:00,248,248,248,248,0
2022-11-21 15:29:00,248,248,248,248,0
2022-11-21 15:30:00,248,248,248,248,0
2022-11-21 15:31:00,248,248,248,248,0
2022-11-21 15:32:00,248,248,248,248,0
2022-11-21 15:33:00,248,248,248,248,0
2022-11-21 15:34:00,248,248,248,248,0
2022-11-21 15:35:00,248,248,248,248,0
2022-11-21 15:36:00,248,248,248,248,0
2022-11-21 15:37:00,248,248,248,248,0
2022-11-21 15:38:00,248,248,248,248,0
2022-11-21 15:39:00,248,248,248,248,0
2022-11-21 15:40:00,248,248,248,248,0
2022-11-21 15:41:00,248,248,248,248,0
2022-11-21 15:42:00,248,248,248,248,0
2022-11-21 15:43:00,248,248,248,248,0
2022-11-21 15:44:00,248,248,248,248,0
2022-11-21 15:45:00,248,248,248,248,0
2022-11-21 15:46:00,248,248,248,248,0
2022-11-21 15:47:00,248,248,248,248,0
2022-11-21 15:48:00,248,248,248,248,0
2022-11-21 15:49:00,248,248,248,248,0
2022-11-21 15:50:00,248,248,248,248,0
2022-11-21 15:51:00,248,248,248,248,0
2022-11-21 15:52:00,248,248,248,248,0
2022-11-21 15:53:00,248,248,248,248,0
2022-11-21 15:54:00,248,248,248,248,0
2022-11-21 15:55:00,248,248,248,248,0
2022-11-21 15:56:00,248,248,248,248,0
2022-11-21 15:57:00,248,248,248,248,0
2022-11-21 15:58:00,248,248,248,248,0
2022-11-21 15:59:00,248,248,248,248,0
2022-11-22 09:00:00,254,254,264,264,2700
2022-11-22 09:01:00,266,266,278,272,15600
2022-11-22 09:02:00,272,264,272,264,19500
2022-11-22 09:03:00,272,272,272,272,2000
2022-11-22 09:04:00,270,260,270,260,16000
2022-11-22 09:05:00,258,258,260,260,22000
2022-11-22 09:06:00,258,258,258,258,0
2022-11-22 09:07:00,258,258,258,258,0
2022-11-22 09:08:00,258,258,258,258,800
2022-11-22 09:09:00,258,258,258,258,2300
2022-11-22 09:10:00,258,258,258,258,6700
2022-11-22 09:11:00,260,260,270,268,35500
2022-11-22 09:12:00,268,268,268,268,4100
2022-11-22 09:13:00,266,266,266,266,0
2022-11-22 09:14:00,266,264,266,264,300
2022-11-22 09:15:00,264,264,264,264,4100
2022-11-22 09:16:00,264,264,264,264,0
2022-11-22 09:17:00,264,264,264,264,0
2022-11-22 09:18:00,264,264,264,264,0
2022-11-22 09:19:00,260,260,260,260,5300
2022-11-22 09:20:00,260,260,260,260,100
2022-11-22 09:21:00,260,260,260,260,0
2022-11-22 09:22:00,260,260,260,260,0
2022-11-22 09:23:00,260,260,260,260,0
2022-11-22 09:24:00,260,260,260,260,0
2022-11-22 09:25:00,260,260,260,260,16900
2022-11-22 09:26:00,260,260,260,260,0
2022-11-22 09:27:00,260,260,260,260,0
2022-11-22 09:28:00,260,260,260,260,400
2022-11-22 09:29:00,260,260,260,260,800
2022-11-22 09:30:00,258,258,258,258,0
2022-11-22 09:31:00,258,258,258,258,7700
2022-11-22 09:32:00,258,258,258,258,0
2022-11-22 09:33:00,258,258,258,258,0
2022-11-22 09:34:00,258,258,258,258,0
2022-11-22 09:35:00,258,258,258,258,0
2022-11-22 09:36:00,258,258,260,260,32400
2022-11-22 09:37:00,260,260,260,260,500
2022-11-22 09:38:00,260,260,260,260,0
2022-11-22 09:39:00,260,260,260,260,0
2022-11-22 09:40:00,260,260,260,260,0
2022-11-22 09:41:00,260,260,260,260,0
2022-11-22 09:42:00,260,260,260,260,0
2022-11-22 09:43:00,264,250,264,250,184300
2022-11-22 09:44:00,252,250,252,250,32500
2022-11-22 09:45:00,250,250,256,256,34700
2022-11-22 09:46:00,250,248,260,260,1500
2022-11-22 09:47:00,250,248,260,260,0
2022-11-22 09:48:00,250,248,260,260,0
2022-11-22 09:49:00,258,258,258,258,100
2022-11-22 09:50:00,258,258,258,258,0
2022-11-22 09:51:00,258,258,258,258,0
2022-11-22 09:52:00,256,256,256,256,17300
2022-11-22 09:53:00,256,256,256,256,2600
2022-11-22 09:54:00,256,256,256,256,0
2022-11-22 09:55:00,256,256,256,256,700
2022-11-22 09:56:00,256,256,256,256,0
2022-11-22 09:57:00,256,256,256,256,0
2022-11-22 09:58:00,256,256,256,256,0
2022-11-22 09:59:00,256,256,256,256,0
2022-11-22 10:00:00,256,256,256,256,3600
2022-11-22 10:01:00,256,256,256,256,0
2022-11-22 10:02:00,256,256,256,256,0
2022-11-22 10:03:00,256,256,256,256,0
2022-11-22 10:04:00,256,256,256,256,0
2022-11-22 10:05:00,256,256,256,256,0
2022-11-22 10:06:00,256,256,256,256,0
2022-11-22 10:07:00,256,256,256,256,0
2022-11-22 10:08:00,256,256,256,256,0
2022-11-22 10:09:00,256,256,256,256,0
2022-11-22 10:10:00,256,256,256,256,0
2022-11-22 10:11:00,256,256,256,256,0
2022-11-22 10:12:00,258,258,258,258,1200
2022-11-22 10:13:00,258,258,258,258,0
2022-11-22 10:14:00,258,258,258,258,0
2022-11-22 10:15:00,258,258,258,258,0
2022-11-22 10:16:00,258,258,258,258,0
2022-11-22 10:17:00,258,258,258,258,0
2022-11-22 10:18:00,258,258,258,258,0
2022-11-22 10:19:00,258,258,258,258,0
2022-11-22 10:20:00,258,258,258,258,0
2022-11-22 10:21:00,258,258,258,258,0
2022-11-22 10:22:00,258,258,258,258,0
2022-11-22 10:23:00,258,258,258,258,0
2022-11-22 10:24:00,258,258,258,258,100
2022-11-22 10:25:00,258,258,258,258,0
2022-11-22 10:26:00,258,258,258,258,0
2022-11-22 10:27:00,258,258,258,258,0
2022-11-22 10:28:00,258,258,258,258,0
2022-11-22 10:29:00,258,258,258,258,0
2022-11-22 10:30:00,258,258,258,258,0
2022-11-22 10:31:00,258,258,258,258,0
2022-11-22 10:32:00,258,258,258,258,0
2022-11-22 10:33:00,256,256,256,256,3800
2022-11-22 10:34:00,256,256,256,256,1400
2022-11-22 10:35:00,256,256,256,256,0
2022-11-22 10:36:00,256,256,256,256,0
2022-11-22 10:37:00,256,256,256,256,0
2022-11-22 10:38:00,256,256,256,256,0
2022-11-22 10:39:00,256,256,256,256,0
2022-11-22 10:40:00,256,256,256,256,0
2022-11-22 10:41:00,256,256,256,256,0
2022-11-22 10:42:00,256,256,256,256,0
2022-11-22 10:43:00,254,254,254,254,7600
2022-11-22 10:44:00,254,254,254,254,0
2022-11-22 10:45:00,254,254,254,254,0
2022-11-22 10:46:00,254,254,254,254,0
2022-11-22 10:47:00,254,254,254,254,0
2022-11-22 10:48:00,254,254,254,254,0
2022-11-22 10:49:00,254,254,254,254,0
2022-11-22 10:50:00,254,254,254,254,0
2022-11-22 10:51:00,254,254,254,254,0
2022-11-22 10:52:00,256,256,256,256,23200
2022-11-22 10:53:00,256,256,256,256,0
2022-11-22 10:54:00,256,256,256,256,22800
2022-11-22 10:55:00,256,256,256,256,0
2022-11-22 10:56:00,256,256,256,256,0
2022-11-22 10:57:00,256,256,256,256,0
2022-11-22 10:58:00,256,256,256,256,0
2022-11-22 10:59:00,256,256,256,256,0
2022-11-22 11:00:00,256,256,256,256,0
2022-11-22 11:01:00,256,256,256,256,0
2022-11-22 11:02:00,256,256,256,256,0
2022-11-22 11:03:00,256,256,256,256,0
2022-11-22 11:04:00,256,256,256,256,0
2022-11-22 11:05:00,256,256,256,256,0
2022-11-22 11:06:00,256,256,256,256,0
2022-11-22 11:07:00,256,256,256,256,0
2022-11-22 11:08:00,256,256,256,256,0
2022-11-22 11:09:00,256,256,256,256,0
2022-11-22 11:10:00,256,256,256,256,0
2022-11-22 11:11:00,256,256,256,256,0
2022-11-22 11:12:00,256,256,256,256,0
2022-11-22 11:13:00,256,256,256,256,0
2022-11-22 11:14:00,256,256,256,256,0
2022-11-22 11:15:00,256,256,256,256,1500
2022-11-22 11:16:00,256,256,256,256,0
2022-11-22 11:17:00,256,256,256,256,0
2022-11-22 11:18:00,256,256,256,256,0
2022-11-22 11:19:00,256,256,256,256,0
2022-11-22 11:20:00,256,256,256,256,0
2022-11-22 11:21:00,256,256,256,256,0
2022-11-22 11:22:00,256,256,256,256,0
2022-11-22 11:23:00,256,256,256,256,0
2022-11-22 11:24:00,256,256,256,256,0
2022-11-22 11:25:00,256,256,256,256,0
2022-11-22 11:26:00,256,256,256,256,0
2022-11-22 11:27:00,256,256,256,256,0
2022-11-22 11:28:00,256,256,256,256,0
2022-11-22 11:29:00,256,256,256,256,0
2022-11-22 11:30:00,256,256,256,256,0
2022-11-22 11:31:00,256,256,256,256,0
2022-11-22 11:32:00,256,256,256,256,0
2022-11-22 11:33:00,256,256,256,256,0
2022-11-22 11:34:00,256,256,256,256,0
2022-11-22 11:35:00,256,256,256,256,0
2022-11-22 11:36:00,256,256,256,256,0
2022-11-22 11:37:00,256,256,256,256,0
2022-11-22 11:38:00,256,256,256,256,0
2022-11-22 11:39:00,256,256,256,256,0
2022-11-22 11:40:00,256,256,256,256,0
2022-11-22 11:41:00,256,256,256,256,0
2022-11-22 11:42:00,256,256,256,256,0
2022-11-22 11:43:00,256,256,256,256,0
2022-11-22 11:44:00,256,256,256,256,0
2022-11-22 11:45:00,256,256,256,256,0
2022-11-22 11:46:00,256,256,256,256,0
2022-11-22 11:47:00,256,256,256,256,0
2022-11-22 11:48:00,256,256,256,256,0
2022-11-22 11:49:00,256,256,256,256,0
2022-11-22 11:50:00,256,256,256,256,0
2022-11-22 11:51:00,256,256,256,256,0
2022-11-22 11:52:00,256,256,256,256,0
2022-11-22 11:53:00,256,256,256,256,0
2022-11-22 11:54:00,256,256,256,256,0
2022-11-22 11:55:00,256,256,256,256,0
2022-11-22 11:56:00,256,256,256,256,0
2022-11-22 11:57:00,256,256,256,256,0
2022-11-22 11:58:00,256,256,256,256,0
2022-11-22 11:59:00,256,256,256,256,0
2022-11-22 12:00:00,256,256,256,256,0
2022-11-22 12:01:00,256,256,256,256,0
2022-11-22 12:02:00,256,256,256,256,0
2022-11-22 12:03:00,256,256,256,256,0
2022-11-22 12:04:00,256,256,256,256,0
2022-11-22 12:05:00,256,256,256,256,0
2022-11-22 12:06:00,256,256,256,256,0
2022-11-22 12:07:00,256,256,256,256,0
2022-11-22 12:08:00,256,256,256,256,0
2022-11-22 12:09:00,256,256,256,256,0
2022-11-22 12:10:00,256,256,256,256,0
2022-11-22 12:11:00,256,256,256,256,0
2022-11-22 12:12:00,256,256,256,256,0
2022-11-22 12:13:00,256,256,256,256,0
2022-11-22 12:14:00,256,256,256,256,0
2022-11-22 12:15:00,256,256,256,256,0
2022-11-22 12:16:00,256,256,256,256,0
2022-11-22 12:17:00,256,256,256,256,0
2022-11-22 12:18:00,256,256,256,256,0
2022-11-22 12:19:00,256,256,256,256,0
2022-11-22 12:20:00,256,256,256,256,0
2022-11-22 12:21:00,256,256,256,256,0
2022-11-22 12:22:00,256,256,256,256,0
2022-11-22 12:23:00,256,256,256,256,0
2022-11-22 12:24:00,256,256,256,256,0
2022-11-22 12:25:00,256,256,256,256,0
2022-11-22 12:26:00,256,256,256,256,0
2022-11-22 12:27:00,256,256,256,256,0
2022-11-22 12:28:00,256,256,256,256,0
2022-11-22 12:29:00,256,256,256,256,0
2022-11-22 12:30:00,256,256,256,256,0
2022-11-22 12:31:00,256,256,256,256,0
2022-11-22 12:32:00,256,256,256,256,0
2022-11-22 12:33:00,256,256,256,256,0
2022-11-22 12:34:00,256,256,256,256,0
2022-11-22 12:35:00,256,256,256,256,0
2022-11-22 12:36:00,256,256,256,256,0
2022-11-22 12:37:00,256,256,256,256,0
2022-11-22 12:38:00,256,256,256,256,0
2022-11-22 12:39:00,256,256,256,256,0
2022-11-22 12:40:00,256,256,256,256,0
2022-11-22 12:41:00,256,256,256,256,0
2022-11-22 12:42:00,256,256,256,256,0
2022-11-22 12:43:00,256,256,256,256,0
2022-11-22 12:44:00,256,256,256,256,0
2022-11-22 12:45:00,256,256,256,256,0
2022-11-22 12:46:00,256,256,256,256,0
2022-11-22 12:47:00,256,256,256,256,0
2022-11-22 12:48:00,256,256,256,256,0
2022-11-22 12:49:00,256,256,256,256,0
2022-11-22 12:50:00,256,256,256,256,0
2022-11-22 12:51:00,256,256,256,256,0
2022-11-22 12:52:00,256,256,256,256,0
2022-11-22 12:53:00,256,256,256,256,0
2022-11-22 12:54:00,256,256,256,256,0
2022-11-22 12:55:00,256,256,256,256,0
2022-11-22 12:56:00,256,256,256,256,0
2022-11-22 12:57:00,256,256,256,256,0
2022-11-22 12:58:00,256,256,256,256,0
2022-11-22 12:59:00,256,256,256,256,0
2022-11-22 13:00:00,256,256,256,256,0
2022-11-22 13:01:00,256,256,256,256,0
2022-11-22 13:02:00,256,256,256,256,0
2022-11-22 13:03:00,256,256,256,256,0
2022-11-22 13:04:00,256,256,256,256,0
2022-11-22 13:05:00,256,256,256,256,0
2022-11-22 13:06:00,256,256,256,256,0
2022-11-22 13:07:00,256,256,256,256,0
2022-11-22 13:08:00,256,256,256,256,0
2022-11-22 13:09:00,256,256,256,256,0
2022-11-22 13:10:00,256,256,256,256,0
2022-11-22 13:11:00,256,256,256,256,0
2022-11-22 13:12:00,256,256,256,256,0
2022-11-22 13:13:00,256,256,256,256,0
2022-11-22 13:14:00,256,256,256,256,0
2022-11-22 13:15:00,256,256,256,256,0
2022-11-22 13:16:00,256,256,256,256,0
2022-11-22 13:17:00,256,256,256,256,0
2022-11-22 13:18:00,256,256,256,256,0
2022-11-22 13:19:00,256,256,256,256,0
2022-11-22 13:20:00,256,256,256,256,0
2022-11-22 13:21:00,256,256,256,256,0
2022-11-22 13:22:00,256,256,256,256,0
2022-11-22 13:23:00,256,256,256,256,0
2022-11-22 13:24:00,256,256,256,256,0
2022-11-22 13:25:00,256,256,256,256,0
2022-11-22 13:26:00,256,256,256,256,0
2022-11-22 13:27:00,256,256,256,256,0
2022-11-22 13:28:00,256,256,256,256,0
2022-11-22 13:29:00,256,256,256,256,0
2022-11-22 13:30:00,256,256,256,256,0
2022-11-22 13:31:00,256,256,256,256,0
2022-11-22 13:32:00,250,250,250,250,181900
2022-11-22 13:33:00,250,250,250,250,21000
2022-11-22 13:34:00,250,250,250,250,0
2022-11-22 13:35:00,260,260,260,260,0
2022-11-22 13:36:00,260,260,260,260,0
2022-11-22 13:37:00,260,260,260,260,0
2022-11-22 13:38:00,260,260,260,260,0
2022-11-22 13:39:00,260,260,260,260,0
2022-11-22 13:40:00,260,260,260,260,0
2022-11-22 13:41:00,260,260,260,260,0
2022-11-22 13:42:00,260,260,260,260,0
2022-11-22 13:43:00,258,250,258,250,200
2022-11-22 13:44:00,258,250,258,250,0
2022-11-22 13:45:00,258,250,258,250,0
2022-11-22 13:46:00,258,250,258,250,0
2022-11-22 13:47:00,258,250,258,250,0
2022-11-22 13:48:00,258,250,258,250,0
2022-11-22 13:49:00,258,250,258,250,0
2022-11-22 13:50:00,258,250,258,250,0
2022-11-22 13:51:00,258,250,258,250,0
2022-11-22 13:52:00,258,250,258,250,0
2022-11-22 13:53:00,258,250,258,250,0
2022-11-22 13:54:00,258,250,258,250,0
2022-11-22 13:55:00,258,250,258,250,0
2022-11-22 13:56:00,258,250,258,250,0
2022-11-22 13:57:00,258,250,258,250,0
2022-11-22 13:58:00,250,250,250,250,50600
2022-11-22 13:59:00,250,250,250,250,0
2022-11-22 14:00:00,250,250,250,250,0
2022-11-22 14:01:00,250,250,250,250,12300
2022-11-22 14:02:00,250,250,250,250,0
2022-11-22 14:03:00,250,250,250,250,0
2022-11-22 14:04:00,250,250,250,250,0
2022-11-22 14:05:00,250,250,250,250,400
2022-11-22 14:06:00,250,250,250,250,300
2022-11-22 14:07:00,248,248,248,248,100
2022-11-22 14:08:00,248,248,248,248,0
2022-11-22 14:09:00,248,248,248,248,0
2022-11-22 14:10:00,248,248,248,248,0
2022-11-22 14:11:00,248,248,248,248,0
2022-11-22 14:12:00,248,248,248,248,0
2022-11-22 14:13:00,248,248,248,248,0
2022-11-22 14:14:00,250,250,250,250,4000
2022-11-22 14:15:00,250,250,250,250,0
2022-11-22 14:16:00,250,250,250,250,0
2022-11-22 14:17:00,250,250,250,250,8000
2022-11-22 14:18:00,250,250,250,250,0
2022-11-22 14:19:00,250,250,250,250,0
2022-11-22 14:20:00,250,250,250,250,0
2022-11-22 14:21:00,250,250,250,250,0
2022-11-22 14:22:00,250,250,250,250,0
2022-11-22 14:23:00,250,250,250,250,300
2022-11-22 14:24:00,250,250,250,250,1000
2022-11-22 14:25:00,250,250,250,250,0
2022-11-22 14:26:00,250,250,250,250,1000
2022-11-22 14:27:00,250,250,250,250,3500
2022-11-22 14:28:00,250,250,250,250,6200
2022-11-22 14:29:00,250,250,250,250,0
2022-11-22 14:30:00,250,250,250,250,0
2022-11-22 14:31:00,250,250,250,250,5800
2022-11-22 14:32:00,250,250,250,250,0
2022-11-22 14:33:00,250,250,250,250,0
2022-11-22 14:34:00,248,248,248,248,0
2022-11-22 14:35:00,248,248,248,248,0
2022-11-22 14:36:00,248,248,248,248,0
2022-11-22 14:37:00,248,248,248,248,0
2022-11-22 14:38:00,248,248,248,248,0
2022-11-22 14:39:00,250,250,250,250,45000
2022-11-22 14:40:00,250,250,250,250,0
2022-11-22 14:41:00,250,250,250,250,1000
2022-11-22 14:42:00,250,250,250,250,7000
2022-11-22 14:43:00,250,250,250,250,0
2022-11-22 14:44:00,250,250,250,250,0
2022-11-22 14:45:00,250,250,250,250,0
2022-11-22 14:46:00,250,250,250,250,0
2022-11-22 14:47:00,250,250,250,250,0
2022-11-22 14:48:00,250,250,250,250,0
2022-11-22 14:49:00,250,250,250,250,0
2022-11-22 14:50:00,250,250,250,250,0
2022-11-22 14:51:00,250,250,250,250,0
2022-11-22 14:52:00,250,250,250,250,0
2022-11-22 14:53:00,250,250,250,250,0
2022-11-22 14:54:00,250,250,250,250,0
2022-11-22 14:55:00,250,250,250,250,0
2022-11-22 14:56:00,250,250,250,250,0
2022-11-22 14:57:00,250,250,250,250,0
2022-11-22 14:58:00,250,250,250,250,0
2022-11-22 14:59:00,250,250,250,250,0
2022-11-22 15:00:00,252,252,252,252,8300
2022-11-22 15:01:00,252,252,252,252,0
2022-11-22 15:02:00,252,252,252,252,0
2022-11-22 15:03:00,252,252,252,252,0
2022-11-22 15:04:00,252,252,252,252,5000
2022-11-22 15:05:00,252,252,252,252,0
2022-11-22 15:06:00,252,252,252,252,0
2022-11-22 15:07:00,252,252,252,252,0
2022-11-22 15:08:00,252,252,252,252,0
2022-11-22 15:09:00,252,252,252,252,0
2022-11-22 15:10:00,252,252,252,252,0
2022-11-22 15:11:00,252,252,252,252,0
2022-11-22 15:12:00,252,252,252,252,0
2022-11-22 15:13:00,252,252,252,252,0
2022-11-22 15:14:00,252,252,252,252,903500
2022-11-22 15:15:00,252,252,252,252,0
2022-11-22 15:16:00,252,252,252,252,0
2022-11-22 15:17:00,252,252,252,252,0
2022-11-22 15:18:00,252,252,252,252,0
2022-11-22 15:19:00,252,252,252,252,0
2022-11-22 15:20:00,252,252,252,252,0
2022-11-22 15:21:00,252,252,252,252,0
2022-11-22 15:22:00,252,252,252,252,0
2022-11-22 15:23:00,252,252,252,252,0
2022-11-22 15:24:00,252,252,252,252,0
2022-11-22 15:25:00,252,252,252,252,0
2022-11-22 15:26:00,252,252,252,252,0
2022-11-22 15:27:00,252,252,252,252,0
2022-11-22 15:28:00,252,252,252,252,0
2022-11-22 15:29:00,252,252,252,252,0
2022-11-22 15:30:00,252,252,252,252,0
2022-11-22 15:31:00,252,252,252,252,0
2022-11-22 15:32:00,252,252,252,252,0
2022-11-22 15:33:00,252,252,252,252,0
2022-11-22 15:34:00,252,252,252,252,0
2022-11-22 15:35:00,252,252,252,252,0
2022-11-22 15:36:00,252,252,252,252,0
2022-11-22 15:37:00,252,252,252,252,0
2022-11-22 15:38:00,252,252,252,252,0
2022-11-22 15:39:00,252,252,252,252,0
2022-11-22 15:40:00,252,252,252,252,0
2022-11-22 15:41:00,252,252,252,252,0
2022-11-22 15:42:00,252,252,252,252,0
2022-11-22 15:43:00,252,252,252,252,0
2022-11-22 15:44:00,252,252,252,252,0
2022-11-22 15:45:00,252,252,252,252,0
2022-11-22 15:46:00,252,252,252,252,0
2022-11-22 15:47:00,252,252,252,252,0
2022-11-22 15:48:00,252,252,252,252,0
2022-11-22 15:49:00,252,252,252,252,0
2022-11-22 15:50:00,252,252,252,252,0
2022-11-22 15:51:00,252,252,252,252,0
2022-11-22 15:52:00,252,252,252,252,0
2022-11-22 15:53:00,252,252,252,252,0
2022-11-22 15:54:00,252,252,252,252,0
2022-11-22 15:55:00,252,252,252,252,0
2022-11-22 15:56:00,252,252,252,252,0
2022-11-22 15:57:00,252,252,252,252,0
2022-11-22 15:58:00,252,252,252,252,0
2022-11-22 15:59:00,252,252,252,252,0
2022-11-23 09:00:00,254,254,258,258,0
2022-11-23 09:01:00,258,258,260,258,5100
2022-11-23 09:02:00,258,258,260,258,0
2022-11-23 09:03:00,258,258,260,258,0
2022-11-23 09:04:00,258,258,258,258,4100
2022-11-23 09:05:00,258,258,258,258,0
2022-11-23 09:06:00,258,258,258,258,900
2022-11-23 09:07:00,258,258,258,258,0
2022-11-23 09:08:00,256,256,258,256,8100
2022-11-23 09:09:00,256,256,258,256,0
2022-11-23 09:10:00,256,256,256,256,600
2022-11-23 09:11:00,256,256,256,256,3600
2022-11-23 09:12:00,256,256,256,256,1000
2022-11-23 09:13:00,256,256,256,256,8500
2022-11-23 09:14:00,256,256,256,256,5500
2022-11-23 09:15:00,256,256,256,256,0
2022-11-23 09:16:00,258,258,258,258,0
2022-11-23 09:17:00,258,258,258,258,0
2022-11-23 09:18:00,258,258,258,258,1800
2022-11-23 09:19:00,258,258,258,258,0
2022-11-23 09:20:00,258,258,258,258,0
2022-11-23 09:21:00,258,258,258,258,0
2022-11-23 09:22:00,258,258,258,258,0
2022-11-23 09:23:00,258,258,258,258,1100
2022-11-23 09:24:00,258,258,258,258,0
2022-11-23 09:25:00,258,258,258,258,0
2022-11-23 09:26:00,258,258,258,258,0
2022-11-23 09:27:00,258,258,258,258,10000
2022-11-23 09:28:00,258,258,258,258,0
2022-11-23 09:29:00,258,258,258,258,0
2022-11-23 09:30:00,258,258,258,258,0
2022-11-23 09:31:00,258,258,258,258,0
2022-11-23 09:32:00,256,256,256,256,0
2022-11-23 09:33:00,256,256,256,256,3000
2022-11-23 09:34:00,256,256,256,256,0
2022-11-23 09:35:00,256,256,256,256,0
2022-11-23 09:36:00,256,256,256,256,7600
2022-11-23 09:37:00,256,256,256,256,2400
2022-11-23 09:38:00,256,256,258,258,9200
2022-11-23 09:39:00,258,258,258,258,1000
2022-11-23 09:40:00,258,258,258,258,100
2022-11-23 09:41:00,258,258,258,258,2000
2022-11-23 09:42:00,258,258,258,258,0
2022-11-23 09:43:00,258,258,258,258,0
2022-11-23 09:44:00,258,258,258,258,0
2022-11-23 09:45:00,258,258,258,258,0
2022-11-23 09:46:00,258,258,258,258,100
2022-11-23 09:47:00,258,258,258,258,0
2022-11-23 09:48:00,258,258,258,258,200
2022-11-23 09:49:00,258,258,258,258,0
2022-11-23 09:50:00,258,258,258,258,0
2022-11-23 09:51:00,258,258,258,258,0
2022-11-23 09:52:00,256,256,256,256,21200
2022-11-23 09:53:00,256,256,256,256,0
2022-11-23 09:54:00,258,258,258,258,3400
2022-11-23 09:55:00,258,258,258,258,0
2022-11-23 09:56:00,258,258,258,258,0
2022-11-23 09:57:00,258,258,258,258,0
2022-11-23 09:58:00,258,258,258,258,0
2022-11-23 09:59:00,258,258,258,258,13500
2022-11-23 10:00:00,258,258,258,258,0
2022-11-23 10:01:00,258,258,258,258,0
2022-11-23 10:02:00,258,258,258,258,0
2022-11-23 10:03:00,258,258,258,258,0
2022-11-23 10:04:00,258,258,258,258,0
2022-11-23 10:05:00,258,258,258,258,0
2022-11-23 10:06:00,258,258,258,258,0
2022-11-23 10:07:00,258,258,258,258,100
2022-11-23 10:08:00,258,258,258,258,0
2022-11-23 10:09:00,258,258,258,258,0
2022-11-23 10:10:00,258,258,258,258,0
2022-11-23 10:11:00,258,258,258,258,0
2022-11-23 10:12:00,258,258,258,258,0
2022-11-23 10:13:00,258,258,258,258,13400
2022-11-23 10:14:00,258,258,258,258,0
2022-11-23 10:15:00,258,258,258,258,0
2022-11-23 10:16:00,258,258,258,258,0
2022-11-23 10:17:00,258,258,258,258,0
2022-11-23 10:18:00,258,258,258,258,0
2022-11-23 10:19:00,258,258,258,258,0
2022-11-23 10:20:00,258,258,258,258,0
2022-11-23 10:21:00,258,258,258,258,0
2022-11-23 10:22:00,258,258,258,258,0
2022-11-23 10:23:00,258,258,258,258,0
2022-11-23 10:24:00,258,258,258,258,0
2022-11-23 10:25:00,258,258,258,258,0
2022-11-23 10:26:00,260,260,260,260,3800
2022-11-23 10:27:00,260,260,260,260,4100
2022-11-23 10:28:00,260,260,260,260,0
2022-11-23 10:29:00,260,260,260,260,0
2022-11-23 10:30:00,260,260,260,260,0
2022-11-23 10:31:00,258,258,260,260,3000
2022-11-23 10:32:00,260,260,260,260,0
2022-11-23 10:33:00,260,260,260,260,0
2022-11-23 10:34:00,260,260,260,260,0
2022-11-23 10:35:00,260,260,260,260,0
2022-11-23 10:36:00,260,260,260,260,0
2022-11-23 10:37:00,260,260,260,260,0
2022-11-23 10:38:00,260,260,260,260,0
2022-11-23 10:39:00,260,260,260,260,0
2022-11-23 10:40:00,260,260,260,260,0
2022-11-23 10:41:00,260,260,260,260,0
2022-11-23 10:42:00,260,260,260,260,0
2022-11-23 10:43:00,260,260,260,260,0
2022-11-23 10:44:00,260,260,260,260,0
2022-11-23 10:45:00,260,260,260,260,0
2022-11-23 10:46:00,260,260,260,260,0
2022-11-23 10:47:00,260,260,260,260,0
2022-11-23 10:48:00,260,260,260,260,0
2022-11-23 10:49:00,260,260,260,260,0
2022-11-23 10:50:00,260,260,260,260,0
2022-11-23 10:51:00,260,260,260,260,0
2022-11-23 10:52:00,260,260,260,260,6200
2022-11-23 10:53:00,260,260,260,260,1200
2022-11-23 10:54:00,260,260,260,260,0
2022-11-23 10:55:00,260,260,260,260,0
2022-11-23 10:56:00,262,262,262,262,4400
2022-11-23 10:57:00,262,262,262,262,2000
2022-11-23 10:58:00,262,262,262,262,0
2022-11-23 10:59:00,262,262,262,262,0
2022-11-23 11:00:00,260,260,260,260,14900
2022-11-23 11:01:00,260,260,260,260,0
2022-11-23 11:02:00,260,260,260,260,0
2022-11-23 11:03:00,260,260,260,260,0
2022-11-23 11:04:00,260,260,260,260,2400
2022-11-23 11:05:00,260,260,260,260,0
2022-11-23 11:06:00,260,260,260,260,0
2022-11-23 11:07:00,260,260,260,260,0
2022-11-23 11:08:00,260,260,260,260,0
2022-11-23 11:09:00,260,260,260,260,0
2022-11-23 11:10:00,260,260,260,260,0
2022-11-23 11:11:00,260,260,260,260,0
2022-11-23 11:12:00,260,260,260,260,8300
2022-11-23 11:13:00,260,260,260,260,0
2022-11-23 11:14:00,260,260,260,260,0
2022-11-23 11:15:00,260,260,260,260,0
2022-11-23 11:16:00,260,260,260,260,0
2022-11-23 11:17:00,260,260,260,260,0
2022-11-23 11:18:00,260,260,260,260,0
2022-11-23 11:19:00,260,260,260,260,700
2022-11-23 11:20:00,260,260,260,260,0
2022-11-23 11:21:00,260,260,260,260,0
2022-11-23 11:22:00,260,260,260,260,200
2022-11-23 11:23:00,260,260,260,260,0
2022-11-23 11:24:00,260,260,260,260,0
2022-11-23 11:25:00,260,260,260,260,0
2022-11-23 11:26:00,260,260,260,260,0
2022-11-23 11:27:00,260,260,260,260,0
2022-11-23 11:28:00,260,260,260,260,0
2022-11-23 11:29:00,260,260,260,260,0
2022-11-23 11:30:00,260,260,260,260,0
2022-11-23 11:31:00,260,260,260,260,0
2022-11-23 11:32:00,260,260,260,260,0
2022-11-23 11:33:00,260,260,260,260,0
2022-11-23 11:34:00,260,260,260,260,0
2022-11-23 11:35:00,260,260,260,260,0
2022-11-23 11:36:00,260,260,260,260,0
2022-11-23 11:37:00,260,260,260,260,0
2022-11-23 11:38:00,260,260,260,260,0
2022-11-23 11:39:00,260,260,260,260,0
2022-11-23 11:40:00,260,260,260,260,0
2022-11-23 11:41:00,260,260,260,260,0
2022-11-23 11:42:00,260,260,260,260,0
2022-11-23 11:43:00,260,260,260,260,0
2022-11-23 11:44:00,260,260,260,260,0
2022-11-23 11:45:00,260,260,260,260,0
2022-11-23 11:46:00,260,260,260,260,0
2022-11-23 11:47:00,260,260,260,260,0
2022-11-23 11:48:00,260,260,260,260,0
2022-11-23 11:49:00,260,260,260,260,0
2022-11-23 11:50:00,260,260,260,260,0
2022-11-23 11:51:00,260,260,260,260,0
2022-11-23 11:52:00,260,260,260,260,0
2022-11-23 11:53:00,260,260,260,260,0
2022-11-23 11:54:00,260,260,260,260,0
2022-11-23 11:55:00,260,260,260,260,0
2022-11-23 11:56:00,260,260,260,260,0
2022-11-23 11:57:00,260,260,260,260,0
2022-11-23 11:58:00,260,260,260,260,0
2022-11-23 11:59:00,260,260,260,260,0
2022-11-23 12:00:00,260,260,260,260,0
2022-11-23 12:01:00,260,260,260,260,0
2022-11-23 12:02:00,260,260,260,260,0
2022-11-23 12:03:00,260,260,260,260,0
2022-11-23 12:04:00,260,260,260,260,0
2022-11-23 12:05:00,260,260,260,260,0
2022-11-23 12:06:00,260,260,260,260,0
2022-11-23 12:07:00,260,260,260,260,0
2022-11-23 12:08:00,260,260,260,260,0
2022-11-23 12:09:00,260,260,260,260,0
2022-11-23 12:10:00,260,260,260,260,0
2022-11-23 12:11:00,260,260,260,260,0
2022-11-23 12:12:00,260,260,260,260,0
2022-11-23 12:13:00,260,260,260,260,0
2022-11-23 12:14:00,260,260,260,260,0
2022-11-23 12:15:00,260,260,260,260,0
2022-11-23 12:16:00,260,260,260,260,0
2022-11-23 12:17:00,260,260,260,260,0
2022-11-23 12:18:00,260,260,260,260,0
2022-11-23 12:19:00,260,260,260,260,0
2022-11-23 12:20:00,260,260,260,260,0
2022-11-23 12:21:00,260,260,260,260,0
2022-11-23 12:22:00,260,260,260,260,0
2022-11-23 12:23:00,260,260,260,260,0
2022-11-23 12:24:00,260,260,260,260,0
2022-11-23 12:25:00,260,260,260,260,0
2022-11-23 12:26:00,260,260,260,260,0
2022-11-23 12:27:00,260,260,260,260,0
2022-11-23 12:28:00,260,260,260,260,0
2022-11-23 12:29:00,260,260,260,260,0
2022-11-23 12:30:00,260,260,260,260,0
2022-11-23 12:31:00,260,260,260,260,0
2022-11-23 12:32:00,260,260,260,260,0
2022-11-23 12:33:00,260,260,260,260,0
2022-11-23 12:34:00,260,260,260,260,0
2022-11-23 12:35:00,260,260,260,260,0
2022-11-23 12:36:00,260,260,260,260,0
2022-11-23 12:37:00,260,260,260,260,0
2022-11-23 12:38:00,260,260,260,260,0
2022-11-23 12:39:00,260,260,260,260,0
2022-11-23 12:40:00,260,260,260,260,0
2022-11-23 12:41:00,260,260,260,260,0
2022-11-23 12:42:00,260,260,260,260,0
2022-11-23 12:43:00,260,260,260,260,0
2022-11-23 12:44:00,260,260,260,260,0
2022-11-23 12:45:00,260,260,260,260,0
2022-11-23 12:46:00,260,260,260,260,0
2022-11-23 12:47:00,260,260,260,260,0
2022-11-23 12:48:00,260,260,260,260,0
2022-11-23 12:49:00,260,260,260,260,0
2022-11-23 12:50:00,260,260,260,260,0
2022-11-23 12:51:00,260,260,260,260,0
2022-11-23 12:52:00,260,260,260,260,0
2022-11-23 12:53:00,260,260,260,260,0
2022-11-23 12:54:00,260,260,260,260,0
2022-11-23 12:55:00,260,260,260,260,0
2022-11-23 12:56:00,260,260,260,260,0
2022-11-23 12:57:00,260,260,260,260,0
2022-11-23 12:58:00,260,260,260,260,0
2022-11-23 12:59:00,260,260,260,260,0
2022-11-23 13:00:00,260,260,260,260,0
2022-11-23 13:01:00,260,260,260,260,0
2022-11-23 13:02:00,260,260,260,260,0
2022-11-23 13:03:00,260,260,260,260,0
2022-11-23 13:04:00,260,260,260,260,0
2022-11-23 13:05:00,260,260,260,260,0
2022-11-23 13:06:00,260,260,260,260,0
2022-11-23 13:07:00,260,260,260,260,0
2022-11-23 13:08:00,260,260,260,260,0
2022-11-23 13:09:00,260,260,260,260,0
2022-11-23 13:10:00,260,260,260,260,0
2022-11-23 13:11:00,260,260,260,260,0
2022-11-23 13:12:00,260,260,260,260,0
2022-11-23 13:13:00,260,260,260,260,0
2022-11-23 13:14:00,260,260,260,260,0
2022-11-23 13:15:00,260,260,260,260,0
2022-11-23 13:16:00,260,260,260,260,0
2022-11-23 13:17:00,260,260,260,260,0
2022-11-23 13:18:00,260,260,260,260,0
2022-11-23 13:19:00,260,260,260,260,0
2022-11-23 13:20:00,260,260,260,260,0
2022-11-23 13:21:00,260,260,260,260,0
2022-11-23 13:22:00,260,260,260,260,0
2022-11-23 13:23:00,260,260,260,260,0
2022-11-23 13:24:00,260,260,260,260,0
2022-11-23 13:25:00,260,260,260,260,0
2022-11-23 13:26:00,260,260,260,260,0
2022-11-23 13:27:00,260,260,260,260,0
2022-11-23 13:28:00,260,260,260,260,0
2022-11-23 13:29:00,260,260,260,260,0
2022-11-23 13:30:00,260,260,260,260,1300
2022-11-23 13:31:00,260,260,260,260,0
2022-11-23 13:32:00,260,260,260,260,0
2022-11-23 13:33:00,262,262,262,262,200
2022-11-23 13:34:00,262,262,262,262,0
2022-11-23 13:35:00,262,262,262,262,0
2022-11-23 13:36:00,260,260,260,260,200
2022-11-23 13:37:00,260,260,260,260,0
2022-11-23 13:38:00,260,260,260,260,1900
2022-11-23 13:39:00,260,260,260,260,0
2022-11-23 13:40:00,260,260,260,260,0
2022-11-23 13:41:00,260,260,260,260,0
2022-11-23 13:42:00,260,260,260,260,0
2022-11-23 13:43:00,260,260,260,260,0
2022-11-23 13:44:00,260,260,260,260,0
2022-11-23 13:45:00,262,262,262,262,200
2022-11-23 13:46:00,262,262,262,262,0
2022-11-23 13:47:00,260,260,260,260,300
2022-11-23 13:48:00,260,260,260,260,9800
2022-11-23 13:49:00,260,260,260,260,0
2022-11-23 13:50:00,260,260,260,260,0
2022-11-23 13:51:00,260,260,260,260,0
2022-11-23 13:52:00,260,260,260,260,0
2022-11-23 13:53:00,260,260,260,260,0
2022-11-23 13:54:00,260,260,260,260,0
2022-11-23 13:55:00,262,262,262,262,4600
2022-11-23 13:56:00,262,262,262,262,0
2022-11-23 13:57:00,262,262,262,262,4500
2022-11-23 13:58:00,262,262,262,262,0
2022-11-23 13:59:00,262,262,262,262,0
2022-11-23 14:00:00,262,262,262,262,0
2022-11-23 14:01:00,262,262,262,262,0
2022-11-23 14:02:00,262,262,262,262,0
2022-11-23 14:03:00,262,262,262,262,0
2022-11-23 14:04:00,262,262,262,262,30000
2022-11-23 14:05:00,262,262,262,262,45800
2022-11-23 14:06:00,262,262,262,262,0
2022-11-23 14:07:00,264,264,264,264,0
2022-11-23 14:08:00,264,264,264,264,0
2022-11-23 14:09:00,264,264,264,264,0
2022-11-23 14:10:00,264,264,264,264,800
2022-11-23 14:11:00,264,264,264,264,200
2022-11-23 14:12:00,264,264,264,264,0
2022-11-23 14:13:00,264,264,264,264,1600
2022-11-23 14:14:00,264,264,264,264,200
2022-11-23 14:15:00,264,264,264,264,0
2022-11-23 14:16:00,264,264,266,266,10700
2022-11-23 14:17:00,268,268,270,270,12200
2022-11-23 14:18:00,268,268,270,268,47800
2022-11-23 14:19:00,266,266,266,266,0
2022-11-23 14:20:00,266,266,266,266,0
2022-11-23 14:21:00,266,266,266,266,1900
2022-11-23 14:22:00,264,264,264,264,19200
2022-11-23 14:23:00,264,262,264,262,2400
2022-11-23 14:24:00,264,262,264,262,0
2022-11-23 14:25:00,262,262,262,262,6800
2022-11-23 14:26:00,262,262,262,262,0
2022-11-23 14:27:00,262,262,262,262,0
2022-11-23 14:28:00,264,264,264,264,0
2022-11-23 14:29:00,264,264,264,264,0
2022-11-23 14:30:00,264,264,264,264,3400
2022-11-23 14:31:00,264,264,264,264,0
2022-11-23 14:32:00,264,264,264,264,0
2022-11-23 14:33:00,264,264,264,264,0
2022-11-23 14:34:00,264,264,264,264,0
2022-11-23 14:35:00,264,264,264,264,0
2022-11-23 14:36:00,264,264,264,264,0
2022-11-23 14:37:00,262,262,262,262,800
2022-11-23 14:38:00,262,262,262,262,6300
2022-11-23 14:39:00,262,262,262,262,0
2022-11-23 14:40:00,262,262,262,262,0
2022-11-23 14:41:00,262,260,262,260,25300
2022-11-23 14:42:00,262,260,262,260,0
2022-11-23 14:43:00,262,260,262,260,0
2022-11-23 14:44:00,262,260,262,260,0
2022-11-23 14:45:00,262,260,262,260,0
2022-11-23 14:46:00,260,260,260,260,4600
2022-11-23 14:47:00,260,260,260,260,3000
2022-11-23 14:48:00,260,260,260,260,0
2022-11-23 14:49:00,260,260,260,260,0
2022-11-23 14:50:00,260,260,260,260,0
2022-11-23 14:51:00,260,260,260,260,0
2022-11-23 14:52:00,260,260,260,260,0
2022-11-23 14:53:00,260,260,260,260,0
2022-11-23 14:54:00,260,260,260,260,0
2022-11-23 14:55:00,260,260,260,260,0
2022-11-23 14:56:00,260,260,260,260,0
2022-11-23 14:57:00,260,260,260,260,0
2022-11-23 14:58:00,260,260,260,260,0
2022-11-23 14:59:00,260,260,260,260,0
2022-11-23 15:00:00,260,260,260,260,2500
2022-11-23 15:01:00,260,260,260,260,0
2022-11-23 15:02:00,260,260,260,260,10400
2022-11-23 15:03:00,260,260,260,260,397600
2022-11-23 15:04:00,260,260,260,260,0
2022-11-23 15:05:00,260,260,260,260,0
2022-11-23 15:06:00,260,260,260,260,0
2022-11-23 15:07:00,260,260,260,260,0
2022-11-23 15:08:00,260,260,260,260,0
2022-11-23 15:09:00,260,260,260,260,0
2022-11-23 15:10:00,260,260,260,260,0
2022-11-23 15:11:00,260,260,260,260,0
2022-11-23 15:12:00,260,260,260,260,0
2022-11-23 15:13:00,260,260,260,260,0
2022-11-23 15:14:00,260,260,260,260,0
2022-11-23 15:15:00,260,260,260,260,0
2022-11-23 15:16:00,260,260,260,260,0
2022-11-23 15:17:00,260,260,260,260,0
2022-11-23 15:18:00,260,260,260,260,0
2022-11-23 15:19:00,260,260,260,260,0
2022-11-23 15:20:00,260,260,260,260,0
2022-11-23 15:21:00,260,260,260,260,0
2022-11-23 15:22:00,260,260,260,260,0
2022-11-23 15:23:00,260,260,260,260,0
2022-11-23 15:24:00,260,260,260,260,0
2022-11-23 15:25:00,260,260,260,260,0
2022-11-23 15:26:00,260,260,260,260,0
2022-11-23 15:27:00,260,260,260,260,0
2022-11-23 15:28:00,260,260,260,260,0
2022-11-23 15:29:00,260,260,260,260,0
2022-11-23 15:30:00,260,260,260,260,0
2022-11-23 15:31:00,260,260,260,260,0
2022-11-23 15:32:00,260,260,260,260,0
2022-11-23 15:33:00,260,260,260,260,0
2022-11-23 15:34:00,260,260,260,260,0
2022-11-23 15:35:00,260,260,260,260,0
2022-11-23 15:36:00,260,260,260,260,0
2022-11-23 15:37:00,260,260,260,260,0
2022-11-23 15:38:00,260,260,260,260,0
2022-11-23 15:39:00,260,260,260,260,0
2022-11-23 15:40:00,260,260,260,260,0
2022-11-23 15:41:00,260,260,260,260,0
2022-11-23 15:42:00,260,260,260,260,0
2022-11-23 15:43:00,260,260,260,260,0
2022-11-23 15:44:00,260,260,260,260,0
2022-11-23 15:45:00,260,260,260,260,0
2022-11-23 15:46:00,260,260,260,260,0
2022-11-23 15:47:00,260,260,260,260,0
2022-11-23 15:48:00,260,260,260,260,0
2022-11-23 15:49:00,260,260,260,260,0
2022-11-23 15:50:00,260,260,260,260,0
2022-11-23 15:51:00,260,260,260,260,0
2022-11-23 15:52:00,260,260,260,260,0
2022-11-23 15:53:00,260,260,260,260,0
2022-11-23 15:54:00,260,260,260,260,0
2022-11-23 15:55:00,260,260,260,260,0
2022-11-23 15:56:00,260,260,260,260,0
2022-11-23 15:57:00,260,260,260,260,0
2022-11-23 15:58:00,260,260,260,260,0
2022-11-23 15:59:00,260,260,260,260,0
2022-11-24 09:00:00,262,262,262,262,0
2022-11-24 09:01:00,264,264,266,266,2500
2022-11-24 09:02:00,264,264,266,266,0
2022-11-24 09:03:00,266,266,266,266,12200
2022-11-24 09:04:00,266,264,266,264,3600
2022-11-24 09:05:00,264,264,266,266,1200
2022-11-24 09:06:00,264,264,264,264,4300
2022-11-24 09:07:00,264,264,264,264,200
2022-11-24 09:08:00,264,264,264,264,0
2022-11-24 09:09:00,262,262,262,262,100
2022-11-24 09:10:00,262,262,262,262,0
2022-11-24 09:11:00,262,262,262,262,0
2022-11-24 09:12:00,262,262,262,262,0
2022-11-24 09:13:00,262,262,262,262,0
2022-11-24 09:14:00,262,262,262,262,0
2022-11-24 09:15:00,262,262,262,262,0
2022-11-24 09:16:00,262,262,262,262,0
2022-11-24 09:17:00,262,262,262,262,19400
2022-11-24 09:18:00,262,262,262,262,0
2022-11-24 09:19:00,262,262,262,262,13600
2022-11-24 09:20:00,264,264,264,264,0
2022-11-24 09:21:00,264,264,264,264,0
2022-11-24 09:22:00,264,264,264,264,0
2022-11-24 09:23:00,264,264,264,264,0
2022-11-24 09:24:00,264,264,264,264,8900
2022-11-24 09:25:00,264,262,266,266,3200
2022-11-24 09:26:00,264,262,266,266,0
2022-11-24 09:27:00,264,262,264,262,4100
2022-11-24 09:28:00,264,262,264,262,0
2022-11-24 09:29:00,264,262,264,262,0
2022-11-24 09:30:00,264,262,264,262,0
2022-11-24 09:31:00,264,262,264,262,0
2022-11-24 09:32:00,264,262,264,262,0
2022-11-24 09:33:00,264,262,264,262,0
2022-11-24 09:34:00,262,262,262,262,11500
2022-11-24 09:35:00,262,262,262,262,0
2022-11-24 09:36:00,262,262,262,262,0
2022-11-24 09:37:00,262,262,262,262,0
2022-11-24 09:38:00,262,262,262,262,0
2022-11-24 09:39:00,262,262,262,262,12400
2022-11-24 09:40:00,262,262,262,262,0
2022-11-24 09:41:00,262,262,262,262,0
2022-11-24 09:42:00,262,262,262,262,0
2022-11-24 09:43:00,262,262,262,262,0
2022-11-24 09:44:00,262,262,262,262,0
2022-11-24 09:45:00,262,262,262,262,0
2022-11-24 09:46:00,262,262,262,262,0
2022-11-24 09:47:00,262,262,262,262,0
2022-11-24 09:48:00,262,262,262,262,0
2022-11-24 09:49:00,262,262,262,262,0
2022-11-24 09:50:00,262,262,262,262,0
2022-11-24 09:51:00,262,262,262,262,0
2022-11-24 09:52:00,262,262,262,262,0
2022-11-24 09:53:00,262,262,262,262,0
2022-11-24 09:54:00,262,262,262,262,0
2022-11-24 09:55:00,262,262,262,262,0
2022-11-24 09:56:00,262,262,262,262,0
2022-11-24 09:57:00,262,262,262,262,0
2022-11-24 09:58:00,262,262,262,262,0
2022-11-24 09:59:00,262,262,262,262,0
2022-11-24 10:00:00,262,262,262,262,0
2022-11-24 10:01:00,264,264,264,264,200
2022-11-24 10:02:00,264,264,264,264,0
2022-11-24 10:03:00,264,264,264,264,0
2022-11-24 10:04:00,264,264,264,264,0
2022-11-24 10:05:00,264,264,264,264,0
2022-11-24 10:06:00,264,264,264,264,0
2022-11-24 10:07:00,264,264,264,264,100
2022-11-24 10:08:00,264,264,264,264,0
2022-11-24 10:09:00,264,264,264,264,0
2022-11-24 10:10:00,264,264,264,264,0
2022-11-24 10:11:00,264,264,264,264,0
2022-11-24 10:12:00,264,264,264,264,0
2022-11-24 10:13:00,264,264,264,264,0
2022-11-24 10:14:00,264,264,264,264,0
2022-11-24 10:15:00,264,264,264,264,0
2022-11-24 10:16:00,264,264,264,264,0
2022-11-24 10:17:00,264,264,264,264,0
2022-11-24 10:18:00,264,264,264,264,0
2022-11-24 10:19:00,264,264,264,264,200
2022-11-24 10:20:00,264,264,264,264,1900
2022-11-24 10:21:00,264,264,264,264,200
2022-11-24 10:22:00,264,264,264,264,0
2022-11-24 10:23:00,264,264,264,264,0
2022-11-24 10:24:00,264,264,264,264,0
2022-11-24 10:25:00,262,262,262,262,10200
2022-11-24 10:26:00,262,262,262,262,0
2022-11-24 10:27:00,262,262,262,262,0
2022-11-24 10:28:00,262,262,262,262,0
2022-11-24 10:29:00,262,262,262,262,0
2022-11-24 10:30:00,262,262,262,262,0
2022-11-24 10:31:00,262,262,262,262,0
2022-11-24 10:32:00,262,262,262,262,0
2022-11-24 10:33:00,262,262,262,262,0
2022-11-24 10:34:00,262,262,262,262,0
2022-11-24 10:35:00,262,262,262,262,0
2022-11-24 10:36:00,262,262,262,262,0
2022-11-24 10:37:00,262,262,262,262,0
2022-11-24 10:38:00,262,262,262,262,0
2022-11-24 10:39:00,262,262,262,262,0
2022-11-24 10:40:00,262,262,262,262,0
2022-11-24 10:41:00,262,262,262,262,0
2022-11-24 10:42:00,262,262,262,262,0
2022-11-24 10:43:00,262,262,262,262,0
2022-11-24 10:44:00,262,262,262,262,0
2022-11-24 10:45:00,262,262,262,262,0
2022-11-24 10:46:00,262,262,262,262,20100
2022-11-24 10:47:00,262,262,262,262,0
2022-11-24 10:48:00,264,264,264,264,0
2022-11-24 10:49:00,264,264,264,264,0
2022-11-24 10:50:00,264,264,264,264,0
2022-11-24 10:51:00,264,264,264,264,0
2022-11-24 10:52:00,264,264,264,264,0
2022-11-24 10:53:00,264,264,264,264,0
2022-11-24 10:54:00,264,264,264,264,0
2022-11-24 10:55:00,264,264,264,264,0
2022-11-24 10:56:00,264,264,264,264,0
2022-11-24 10:57:00,264,264,264,264,0
2022-11-24 10:58:00,264,264,264,264,0
2022-11-24 10:59:00,264,264,264,264,0
2022-11-24 11:00:00,264,264,264,264,0
2022-11-24 11:01:00,264,264,264,264,0
2022-11-24 11:02:00,264,264,264,264,0
2022-11-24 11:03:00,264,264,264,264,0
2022-11-24 11:04:00,264,264,264,264,0
2022-11-24 11:05:00,264,264,264,264,0
2022-11-24 11:06:00,264,264,264,264,0
2022-11-24 11:07:00,264,264,264,264,0
2022-11-24 11:08:00,264,264,264,264,0
2022-11-24 11:09:00,264,264,264,264,0
2022-11-24 11:10:00,264,264,264,264,0
2022-11-24 11:11:00,264,264,264,264,200
2022-11-24 11:12:00,264,264,264,264,0
2022-11-24 11:13:00,264,264,264,264,0
2022-11-24 11:14:00,264,264,264,264,0
2022-11-24 11:15:00,264,264,264,264,0
2022-11-24 11:16:00,264,264,264,264,0
2022-11-24 11:17:00,264,264,264,264,0
2022-11-24 11:18:00,264,264,264,264,0
2022-11-24 11:19:00,264,264,264,264,0
2022-11-24 11:20:00,264,264,264,264,1000
2022-11-24 11:21:00,264,264,264,264,0
2022-11-24 11:22:00,264,264,264,264,0
2022-11-24 11:23:00,264,264,264,264,0
2022-11-24 11:24:00,264,264,264,264,0
2022-11-24 11:25:00,264,264,264,264,0
2022-11-24 11:26:00,264,264,264,264,0
2022-11-24 11:27:00,264,264,264,264,0
2022-11-24 11:28:00,264,264,264,264,0
2022-11-24 11:29:00,264,260,264,260,100000
2022-11-24 11:30:00,264,260,264,260,0
2022-11-24 11:31:00,264,260,264,260,0
2022-11-24 11:32:00,264,260,264,260,0
2022-11-24 11:33:00,264,260,264,260,0
2022-11-24 11:34:00,264,260,264,260,0
2022-11-24 11:35:00,264,260,264,260,0
2022-11-24 11:36:00,264,260,264,260,0
2022-11-24 11:37:00,264,260,264,260,0
2022-11-24 11:38:00,264,260,264,260,0
2022-11-24 11:39:00,264,260,264,260,0
2022-11-24 11:40:00,264,260,264,260,0
2022-11-24 11:41:00,264,260,264,260,0
2022-11-24 11:42:00,264,260,264,260,0
2022-11-24 11:43:00,264,260,264,260,0
2022-11-24 11:44:00,264,260,264,260,0
2022-11-24 11:45:00,264,260,264,260,0
2022-11-24 11:46:00,264,260,264,260,0
2022-11-24 11:47:00,264,260,264,260,0
2022-11-24 11:48:00,264,260,264,260,0
2022-11-24 11:49:00,264,260,264,260,0
2022-11-24 11:50:00,264,260,264,260,0
2022-11-24 11:51:00,264,260,264,260,0
2022-11-24 11:52:00,264,260,264,260,0
2022-11-24 11:53:00,264,260,264,260,0
2022-11-24 11:54:00,264,260,264,260,0
2022-11-24 11:55:00,264,260,264,260,0
2022-11-24 11:56:00,264,260,264,260,0
2022-11-24 11:57:00,264,260,264,260,0
2022-11-24 11:58:00,264,260,264,260,0
2022-11-24 11:59:00,264,260,264,260,0
2022-11-24 12:00:00,264,260,264,260,0
2022-11-24 12:01:00,264,260,264,260,0
2022-11-24 12:02:00,264,260,264,260,0
2022-11-24 12:03:00,264,260,264,260,0
2022-11-24 12:04:00,264,260,264,260,0
2022-11-24 12:05:00,264,260,264,260,0
2022-11-24 12:06:00,264,260,264,260,0
2022-11-24 12:07:00,264,260,264,260,0
2022-11-24 12:08:00,264,260,264,260,0
2022-11-24 12:09:00,264,260,264,260,0
2022-11-24 12:10:00,264,260,264,260,0
2022-11-24 12:11:00,264,260,264,260,0
2022-11-24 12:12:00,264,260,264,260,0
2022-11-24 12:13:00,264,260,264,260,0
2022-11-24 12:14:00,264,260,264,260,0
2022-11-24 12:15:00,264,260,264,260,0
2022-11-24 12:16:00,264,260,264,260,0
2022-11-24 12:17:00,264,260,264,260,0
2022-11-24 12:18:00,264,260,264,260,0
2022-11-24 12:19:00,264,260,264,260,0
2022-11-24 12:20:00,264,260,264,260,0
2022-11-24 12:21:00,264,260,264,260,0
2022-11-24 12:22:00,264,260,264,260,0
2022-11-24 12:23:00,264,260,264,260,0
2022-11-24 12:24:00,264,260,264,260,0
2022-11-24 12:25:00,264,260,264,260,0
2022-11-24 12:26:00,264,260,264,260,0
2022-11-24 12:27:00,264,260,264,260,0
2022-11-24 12:28:00,264,260,264,260,0
2022-11-24 12:29:00,264,260,264,260,0
2022-11-24 12:30:00,264,260,264,260,0
2022-11-24 12:31:00,264,260,264,260,0
2022-11-24 12:32:00,264,260,264,260,0
2022-11-24 12:33:00,264,260,264,260,0
2022-11-24 12:34:00,264,260,264,260,0
2022-11-24 12:35:00,264,260,264,260,0
2022-11-24 12:36:00,264,260,264,260,0
2022-11-24 12:37:00,264,260,264,260,0
2022-11-24 12:38:00,264,260,264,260,0
2022-11-24 12:39:00,264,260,264,260,0
2022-11-24 12:40:00,264,260,264,260,0
2022-11-24 12:41:00,264,260,264,260,0
2022-11-24 12:42:00,264,260,264,260,0
2022-11-24 12:43:00,264,260,264,260,0
2022-11-24 12:44:00,264,260,264,260,0
2022-11-24 12:45:00,264,260,264,260,0
2022-11-24 12:46:00,264,260,264,260,0
2022-11-24 12:47:00,264,260,264,260,0
2022-11-24 12:48:00,264,260,264,260,0
2022-11-24 12:49:00,264,260,264,260,0
2022-11-24 12:50:00,264,260,264,260,0
2022-11-24 12:51:00,264,260,264,260,0
2022-11-24 12:52:00,264,260,264,260,0
2022-11-24 12:53:00,264,260,264,260,0
2022-11-24 12:54:00,264,260,264,260,0
2022-11-24 12:55:00,264,260,264,260,0
2022-11-24 12:56:00,264,260,264,260,0
2022-11-24 12:57:00,264,260,264,260,0
2022-11-24 12:58:00,264,260,264,260,0
2022-11-24 12:59:00,264,260,264,260,0
2022-11-24 13:00:00,264,260,264,260,0
2022-11-24 13:01:00,264,260,264,260,0
2022-11-24 13:02:00,264,260,264,260,0
2022-11-24 13:03:00,264,260,264,260,0
2022-11-24 13:04:00,264,260,264,260,0
2022-11-24 13:05:00,264,260,264,260,0
2022-11-24 13:06:00,264,260,264,260,0
2022-11-24 13:07:00,264,260,264,260,0
2022-11-24 13:08:00,264,260,264,260,0
2022-11-24 13:09:00,264,260,264,260,0
2022-11-24 13:10:00,264,260,264,260,0
2022-11-24 13:11:00,264,260,264,260,0
2022-11-24 13:12:00,264,260,264,260,0
2022-11-24 13:13:00,264,260,264,260,0
2022-11-24 13:14:00,264,260,264,260,0
2022-11-24 13:15:00,264,260,264,260,0
2022-11-24 13:16:00,264,260,264,260,0
2022-11-24 13:17:00,264,260,264,260,0
2022-11-24 13:18:00,264,260,264,260,0
2022-11-24 13:19:00,264,260,264,260,0
2022-11-24 13:20:00,264,260,264,260,0
2022-11-24 13:21:00,264,260,264,260,0
2022-11-24 13:22:00,264,260,264,260,0
2022-11-24 13:23:00,264,260,264,260,0
2022-11-24 13:24:00,264,260,264,260,0
2022-11-24 13:25:00,264,260,264,260,0
2022-11-24 13:26:00,264,260,264,260,0
2022-11-24 13:27:00,264,260,264,260,0
2022-11-24 13:28:00,264,260,264,260,0
2022-11-24 13:29:00,264,260,264,260,0
2022-11-24 13:30:00,260,260,260,260,17500
2022-11-24 13:31:00,260,260,260,260,0
2022-11-24 13:32:00,260,260,260,260,0
2022-11-24 13:33:00,260,260,260,260,0
2022-11-24 13:34:00,260,260,260,260,0
2022-11-24 13:35:00,260,260,260,260,0
2022-11-24 13:36:00,260,260,260,260,0
2022-11-24 13:37:00,260,260,260,260,0
2022-11-24 13:38:00,260,260,260,260,0
2022-11-24 13:39:00,260,260,260,260,0
2022-11-24 13:40:00,260,260,260,260,0
2022-11-24 13:41:00,260,260,260,260,0
2022-11-24 13:42:00,260,260,260,260,0
2022-11-24 13:43:00,260,260,260,260,0
2022-11-24 13:44:00,260,260,260,260,0
2022-11-24 13:45:00,260,260,260,260,0
2022-11-24 13:46:00,260,260,260,260,0
2022-11-24 13:47:00,260,260,260,260,0
2022-11-24 13:48:00,260,260,260,260,0
2022-11-24 13:49:00,260,260,260,260,0
2022-11-24 13:50:00,260,260,260,260,0
2022-11-24 13:51:00,260,260,260,260,0
2022-11-24 13:52:00,262,262,262,262,200
2022-11-24 13:53:00,262,262,262,262,0
2022-11-24 13:54:00,262,262,262,262,0
2022-11-24 13:55:00,262,262,262,262,0
2022-11-24 13:56:00,262,262,262,262,0
2022-11-24 13:57:00,262,262,262,262,0
2022-11-24 13:58:00,264,264,264,264,200
2022-11-24 13:59:00,264,264,264,264,0
2022-11-24 14:00:00,264,264,264,264,0
2022-11-24 14:01:00,264,264,264,264,0
2022-11-24 14:02:00,264,264,264,264,0
2022-11-24 14:03:00,264,264,264,264,0
2022-11-24 14:04:00,264,264,264,264,0
2022-11-24 14:05:00,264,264,264,264,31300
2022-11-24 14:06:00,264,264,264,264,0
2022-11-24 14:07:00,264,264,264,264,0
2022-11-24 14:08:00,264,264,264,264,0
2022-11-24 14:09:00,264,264,264,264,0
2022-11-24 14:10:00,264,264,264,264,0
2022-11-24 14:11:00,264,264,264,264,5000
2022-11-24 14:12:00,264,264,264,264,0
2022-11-24 14:13:00,264,264,264,264,0
2022-11-24 14:14:00,264,264,264,264,0
2022-11-24 14:15:00,264,264,264,264,0
2022-11-24 14:16:00,264,264,264,264,0
2022-11-24 14:17:00,264,264,264,264,0
2022-11-24 14:18:00,264,264,264,264,0
2022-11-24 14:19:00,264,264,264,264,0
2022-11-24 14:20:00,264,264,264,264,0
2022-11-24 14:21:00,264,264,264,264,0
2022-11-24 14:22:00,266,266,266,266,5000
2022-11-24 14:23:00,266,266,266,266,0
2022-11-24 14:24:00,266,266,266,266,0
2022-11-24 14:25:00,266,266,266,266,0
2022-11-24 14:26:00,266,266,266,266,0
2022-11-24 14:27:00,264,264,264,264,3800
2022-11-24 14:28:00,264,264,264,264,0
2022-11-24 14:29:00,264,264,264,264,0
2022-11-24 14:30:00,264,264,264,264,0
2022-11-24 14:31:00,264,264,264,264,0
2022-11-24 14:32:00,264,264,264,264,0
2022-11-24 14:33:00,266,266,266,266,200
2022-11-24 14:34:00,266,266,266,266,0
2022-11-24 14:35:00,266,266,266,266,1000
2022-11-24 14:36:00,266,266,266,266,2100
2022-11-24 14:37:00,266,266,266,266,0
2022-11-24 14:38:00,266,266,266,266,0
2022-11-24 14:39:00,266,266,266,266,0
2022-11-24 14:40:00,264,250,264,250,371600
2022-11-24 14:41:00,250,250,250,250,31800
2022-11-24 14:42:00,250,250,250,250,0
2022-11-24 14:43:00,256,256,256,256,0
2022-11-24 14:44:00,256,256,256,256,1800
2022-11-24 14:45:00,256,250,256,250,69700
2022-11-24 14:46:00,250,250,250,250,31300
2022-11-24 14:47:00,250,250,250,250,0
2022-11-24 14:48:00,256,256,260,260,2100
2022-11-24 14:49:00,256,256,260,260,0
2022-11-24 14:50:00,256,256,260,260,0
2022-11-24 14:51:00,256,256,260,260,0
2022-11-24 14:52:00,256,256,260,260,0
2022-11-24 14:53:00,256,256,260,260,0
2022-11-24 14:54:00,256,256,260,260,0
2022-11-24 14:55:00,256,256,260,260,0
2022-11-24 14:56:00,256,256,260,260,0
2022-11-24 14:57:00,256,256,260,260,0
2022-11-24 14:58:00,256,256,260,260,0
2022-11-24 14:59:00,256,256,260,260,0
2022-11-24 15:00:00,250,250,250,250,20000
2022-11-24 15:01:00,250,250,250,250,0
2022-11-24 15:02:00,250,250,250,250,0
2022-11-24 15:03:00,250,250,250,250,0
2022-11-24 15:04:00,250,250,250,250,5400
2022-11-24 15:05:00,250,250,250,250,803100
2022-11-24 15:06:00,250,250,250,250,0
2022-11-24 15:07:00,250,250,250,250,0
2022-11-24 15:08:00,250,250,250,250,0
2022-11-24 15:09:00,250,250,250,250,0
2022-11-24 15:10:00,250,250,250,250,0
2022-11-24 15:11:00,250,250,250,250,0
2022-11-24 15:12:00,250,250,250,250,0
2022-11-24 15:13:00,250,250,250,250,0
2022-11-24 15:14:00,250,250,250,250,0
2022-11-24 15:15:00,250,250,250,250,0
2022-11-24 15:16:00,250,250,250,250,0
2022-11-24 15:17:00,250,250,250,250,0
2022-11-24 15:18:00,250,250,250,250,0
2022-11-24 15:19:00,250,250,250,250,0
2022-11-24 15:20:00,250,250,250,250,0
2022-11-24 15:21:00,250,250,250,250,0
2022-11-24 15:22:00,250,250,250,250,0
2022-11-24 15:23:00,250,250,250,250,0
2022-11-24 15:24:00,250,250,250,250,0
2022-11-24 15:25:00,250,250,250,250,0
2022-11-24 15:26:00,250,250,250,250,0
2022-11-24 15:27:00,250,250,250,250,0
2022-11-24 15:28:00,250,250,250,250,0
2022-11-24 15:29:00,250,250,250,250,0
2022-11-24 15:30:00,250,250,250,250,0
2022-11-24 15:31:00,250,250,250,250,0
2022-11-24 15:32:00,250,250,250,250,0
2022-11-24 15:33:00,250,250,250,250,0
2022-11-24 15:34:00,250,250,250,250,0
2022-11-24 15:35:00,250,250,250,250,0
2022-11-24 15:36:00,250,250,250,250,0
2022-11-24 15:37:00,250,250,250,250,0
2022-11-24 15:38:00,250,250,250,250,0
2022-11-24 15:39:00,250,250,250,250,0
2022-11-24 15:40:00,250,250,250,250,0
2022-11-24 15:41:00,250,250,250,250,0
2022-11-24 15:42:00,250,250,250,250,0
2022-11-24 15:43:00,250,250,250,250,0
2022-11-24 15:44:00,250,250,250,250,0
2022-11-24 15:45:00,250,250,250,250,0
2022-11-24 15:46:00,250,250,250,250,0
2022-11-24 15:47:00,250,250,250,250,0
2022-11-24 15:48:00,250,250,250,250,0
2022-11-24 15:49:00,250,250,250,250,0
2022-11-24 15:50:00,250,250,250,250,0
2022-11-24 15:51:00,250,250,250,250,0
2022-11-24 15:52:00,250,250,250,250,0
2022-11-24 15:53:00,250,250,250,250,0
2022-11-24 15:54:00,250,250,250,250,0
2022-11-24 15:55:00,250,250,250,250,0
2022-11-24 15:56:00,250,250,250,250,0
2022-11-24 15:57:00,250,250,250,250,0
2022-11-24 15:58:00,250,250,250,250,0
2022-11-24 15:59:00,250,250,250,250,0
2022-11-25 09:00:00,252,252,252,252,0
2022-11-25 09:01:00,252,252,252,252,0
2022-11-25 09:02:00,252,252,252,252,3700
2022-11-25 09:03:00,256,256,256,256,0
2022-11-25 09:04:00,256,256,256,256,6700
2022-11-25 09:05:00,256,256,256,256,0
2022-11-25 09:06:00,256,256,256,256,0
2022-11-25 09:07:00,256,256,256,256,900
2022-11-25 09:08:00,256,256,256,256,1800
2022-11-25 09:09:00,256,256,256,256,700
2022-11-25 09:10:00,256,256,256,256,0
2022-11-25 09:11:00,256,256,256,256,0
2022-11-25 09:12:00,256,256,256,256,2400
2022-11-25 09:13:00,256,256,256,256,700
2022-11-25 09:14:00,256,256,256,256,0
2022-11-25 09:15:00,256,256,256,256,9000
2022-11-25 09:16:00,256,256,256,256,0
2022-11-25 09:17:00,258,258,258,258,0
2022-11-25 09:18:00,258,258,258,258,0
2022-11-25 09:19:00,258,258,258,258,15100
2022-11-25 09:20:00,258,258,258,258,0
2022-11-25 09:21:00,258,258,258,258,300
2022-11-25 09:22:00,258,258,258,258,0
2022-11-25 09:23:00,258,258,258,258,0
2022-11-25 09:24:00,258,258,258,258,0
2022-11-25 09:25:00,258,258,258,258,0
2022-11-25 09:26:00,258,258,258,258,0
2022-11-25 09:27:00,258,258,258,258,0
2022-11-25 09:28:00,258,258,258,258,0
2022-11-25 09:29:00,258,258,258,258,0
2022-11-25 09:30:00,258,258,258,258,0
2022-11-25 09:31:00,258,258,258,258,0
2022-11-25 09:32:00,258,258,258,258,0
2022-11-25 09:33:00,258,258,258,258,0
2022-11-25 09:34:00,258,258,258,258,0
2022-11-25 09:35:00,258,258,258,258,0
2022-11-25 09:36:00,258,258,258,258,0
2022-11-25 09:37:00,258,258,258,258,0
2022-11-25 09:38:00,256,256,256,256,14500
2022-11-25 09:39:00,256,256,256,256,0
2022-11-25 09:40:00,256,256,256,256,0
2022-11-25 09:41:00,256,256,256,256,0
2022-11-25 09:42:00,256,256,256,256,2000
2022-11-25 09:43:00,256,256,256,256,0
2022-11-25 09:44:00,256,256,256,256,0
2022-11-25 09:45:00,256,256,256,256,100
2022-11-25 09:46:00,256,256,256,256,0
2022-11-25 09:47:00,256,256,256,256,0
2022-11-25 09:48:00,256,256,256,256,0
2022-11-25 09:49:00,256,256,256,256,3300
2022-11-25 09:50:00,256,256,256,256,0
2022-11-25 09:51:00,256,256,256,256,0
2022-11-25 09:52:00,256,256,256,256,0
2022-11-25 09:53:00,256,256,256,256,200
2022-11-25 09:54:00,256,256,256,256,0
2022-11-25 09:55:00,256,256,256,256,1200
2022-11-25 09:56:00,256,256,256,256,0
2022-11-25 09:57:00,258,258,258,258,4300
2022-11-25 09:58:00,258,258,258,258,0
2022-11-25 09:59:00,258,258,258,258,0
2022-11-25 10:00:00,258,258,258,258,0
2022-11-25 10:01:00,256,256,256,256,0
2022-11-25 10:02:00,256,256,256,256,1900
2022-11-25 10:03:00,256,256,256,256,0
2022-11-25 10:04:00,256,256,256,256,0
2022-11-25 10:05:00,256,256,256,256,0
2022-11-25 10:06:00,256,256,256,256,0
2022-11-25 10:07:00,256,256,256,256,8200
2022-11-25 10:08:00,256,256,256,256,0
2022-11-25 10:09:00,256,256,256,256,0
2022-11-25 10:10:00,256,256,256,256,0
2022-11-25 10:11:00,256,256,256,256,1900
2022-11-25 10:12:00,256,256,256,256,0
2022-11-25 10:13:00,256,256,256,256,0
2022-11-25 10:14:00,256,256,256,256,0
2022-11-25 10:15:00,256,256,256,256,0
2022-11-25 10:16:00,256,256,256,256,0
2022-11-25 10:17:00,256,256,256,256,0
2022-11-25 10:18:00,258,256,258,256,400
2022-11-25 10:19:00,258,258,258,258,0
2022-11-25 10:20:00,258,258,258,258,0
2022-11-25 10:21:00,258,258,258,258,0
2022-11-25 10:22:00,258,258,258,258,0
2022-11-25 10:23:00,256,256,256,256,2200
2022-11-25 10:24:00,256,256,256,256,0
2022-11-25 10:25:00,256,256,256,256,0
2022-11-25 10:26:00,256,256,256,256,0
2022-11-25 10:27:00,256,256,256,256,400
2022-11-25 10:28:00,256,256,256,256,1200
2022-11-25 10:29:00,256,256,256,256,0
2022-11-25 10:30:00,256,256,256,256,0
2022-11-25 10:31:00,256,256,256,256,0
2022-11-25 10:32:00,256,256,256,256,0
2022-11-25 10:33:00,256,256,256,256,0
2022-11-25 10:34:00,256,256,256,256,8500
2022-11-25 10:35:00,256,256,256,256,0
2022-11-25 10:36:00,256,256,256,256,0
2022-11-25 10:37:00,256,254,256,254,27200
2022-11-25 10:38:00,258,258,258,258,0
2022-11-25 10:39:00,258,258,258,258,0
2022-11-25 10:40:00,258,258,258,258,8600
2022-11-25 10:41:00,258,258,258,258,0
2022-11-25 10:42:00,258,258,258,258,0
2022-11-25 10:43:00,258,258,258,258,900
2022-11-25 10:44:00,258,258,258,258,29500
2022-11-25 10:45:00,258,258,258,258,0
2022-11-25 10:46:00,258,258,258,258,0
2022-11-25 10:47:00,258,258,258,258,0
2022-11-25 10:48:00,258,258,258,258,0
2022-11-25 10:49:00,258,258,258,258,0
2022-11-25 10:50:00,258,258,258,258,0
2022-11-25 10:51:00,258,258,258,258,0
2022-11-25 10:52:00,258,258,258,258,0
2022-11-25 10:53:00,258,258,258,258,0
2022-11-25 10:54:00,258,258,258,258,0
2022-11-25 10:55:00,258,258,258,258,0
2022-11-25 10:56:00,258,258,258,258,0
2022-11-25 10:57:00,258,258,258,258,200
2022-11-25 10:58:00,258,258,258,258,0
2022-11-25 10:59:00,258,258,258,258,300
2022-11-25 11:00:00,258,258,258,258,0
2022-11-25 11:01:00,258,258,258,258,0
2022-11-25 11:02:00,258,258,258,258,0
2022-11-25 11:03:00,258,258,258,258,0
2022-11-25 11:04:00,258,258,258,258,0
2022-11-25 11:05:00,258,258,258,258,0
2022-11-25 11:06:00,258,258,258,258,0
2022-11-25 11:07:00,258,258,258,258,0
2022-11-25 11:08:00,258,258,258,258,0
2022-11-25 11:09:00,258,258,258,258,0
2022-11-25 11:10:00,258,258,258,258,0
2022-11-25 11:11:00,258,258,258,258,0
2022-11-25 11:12:00,258,258,258,258,300
2022-11-25 11:13:00,258,258,258,258,0
2022-11-25 11:14:00,258,258,258,258,0
2022-11-25 11:15:00,258,258,258,258,0
2022-11-25 11:16:00,258,258,258,258,0
2022-11-25 11:17:00,258,258,258,258,0
2022-11-25 11:18:00,258,258,258,258,0
2022-11-25 11:19:00,258,258,258,258,0
2022-11-25 11:20:00,258,258,258,258,0
2022-11-25 11:21:00,258,258,258,258,0
2022-11-25 11:22:00,258,258,258,258,300
2022-11-25 11:23:00,258,258,258,258,0
2022-11-25 11:24:00,258,258,258,258,0
2022-11-25 11:25:00,258,258,258,258,0
2022-11-25 11:26:00,258,258,258,258,200
2022-11-25 11:27:00,258,258,258,258,1100
2022-11-25 11:28:00,258,258,258,258,0
2022-11-25 11:29:00,258,258,258,258,0
2022-11-25 11:30:00,258,258,258,258,0
2022-11-25 11:31:00,258,258,258,258,0
2022-11-25 11:32:00,258,258,258,258,0
2022-11-25 11:33:00,258,258,258,258,0
2022-11-25 11:34:00,258,258,258,258,0
2022-11-25 11:35:00,258,258,258,258,0
2022-11-25 11:36:00,258,258,258,258,0
2022-11-25 11:37:00,258,258,258,258,0
2022-11-25 11:38:00,258,258,258,258,0
2022-11-25 11:39:00,258,258,258,258,0
2022-11-25 11:40:00,258,258,258,258,0
2022-11-25 11:41:00,258,258,258,258,0
2022-11-25 11:42:00,258,258,258,258,0
2022-11-25 11:43:00,258,258,258,258,0
2022-11-25 11:44:00,258,258,258,258,0
2022-11-25 11:45:00,258,258,258,258,0
2022-11-25 11:46:00,258,258,258,258,0
2022-11-25 11:47:00,258,258,258,258,0
2022-11-25 11:48:00,258,258,258,258,0
2022-11-25 11:49:00,258,258,258,258,0
2022-11-25 11:50:00,258,258,258,258,0
2022-11-25 11:51:00,258,258,258,258,0
2022-11-25 11:52:00,258,258,258,258,0
2022-11-25 11:53:00,258,258,258,258,0
2022-11-25 11:54:00,258,258,258,258,0
2022-11-25 11:55:00,258,258,258,258,0
2022-11-25 11:56:00,258,258,258,258,0
2022-11-25 11:57:00,258,258,258,258,0
2022-11-25 11:58:00,258,258,258,258,0
2022-11-25 11:59:00,258,258,258,258,0
2022-11-25 12:00:00,258,258,258,258,0
2022-11-25 12:01:00,258,258,258,258,0
2022-11-25 12:02:00,258,258,258,258,0
2022-11-25 12:03:00,258,258,258,258,0
2022-11-25 12:04:00,258,258,258,258,0
2022-11-25 12:05:00,258,258,258,258,0
2022-11-25 12:06:00,258,258,258,258,0
2022-11-25 12:07:00,258,258,258,258,0
2022-11-25 12:08:00,258,258,258,258,0
2022-11-25 12:09:00,258,258,258,258,0
2022-11-25 12:10:00,258,258,258,258,0
2022-11-25 12:11:00,258,258,258,258,0
2022-11-25 12:12:00,258,258,258,258,0
2022-11-25 12:13:00,258,258,258,258,0
2022-11-25 12:14:00,258,258,258,258,0
2022-11-25 12:15:00,258,258,258,258,0
2022-11-25 12:16:00,258,258,258,258,0
2022-11-25 12:17:00,258,258,258,258,0
2022-11-25 12:18:00,258,258,258,258,0
2022-11-25 12:19:00,258,258,258,258,0
2022-11-25 12:20:00,258,258,258,258,0
2022-11-25 12:21:00,258,258,258,258,0
2022-11-25 12:22:00,258,258,258,258,0
2022-11-25 12:23:00,258,258,258,258,0
2022-11-25 12:24:00,258,258,258,258,0
2022-11-25 12:25:00,258,258,258,258,0
2022-11-25 12:26:00,258,258,258,258,0
2022-11-25 12:27:00,258,258,258,258,0
2022-11-25 12:28:00,258,258,258,258,0
2022-11-25 12:29:00,258,258,258,258,0
2022-11-25 12:30:00,258,258,258,258,0
2022-11-25 12:31:00,258,258,258,258,0
2022-11-25 12:32:00,258,258,258,258,0
2022-11-25 12:33:00,258,258,258,258,0
2022-11-25 12:34:00,258,258,258,258,0
2022-11-25 12:35:00,258,258,258,258,0
2022-11-25 12:36:00,258,258,258,258,0
2022-11-25 12:37:00,258,258,258,258,0
2022-11-25 12:38:00,258,258,258,258,0
2022-11-25 12:39:00,258,258,258,258,0
2022-11-25 12:40:00,258,258,258,258,0
2022-11-25 12:41:00,258,258,258,258,0
2022-11-25 12:42:00,258,258,258,258,0
2022-11-25 12:43:00,258,258,258,258,0
2022-11-25 12:44:00,258,258,258,258,0
2022-11-25 12:45:00,258,258,258,258,0
2022-11-25 12:46:00,258,258,258,258,0
2022-11-25 12:47:00,258,258,258,258,0
2022-11-25 12:48:00,258,258,258,258,0
2022-11-25 12:49:00,258,258,258,258,0
2022-11-25 12:50:00,258,258,258,258,0
2022-11-25 12:51:00,258,258,258,258,0
2022-11-25 12:52:00,258,258,258,258,0
2022-11-25 12:53:00,258,258,258,258,0
2022-11-25 12:54:00,258,258,258,258,0
2022-11-25 12:55:00,258,258,258,258,0
2022-11-25 12:56:00,258,258,258,258,0
2022-11-25 12:57:00,258,258,258,258,0
2022-11-25 12:58:00,258,258,258,258,0
2022-11-25 12:59:00,258,258,258,258,0
2022-11-25 13:00:00,258,258,258,258,0
2022-11-25 13:01:00,258,258,258,258,0
2022-11-25 13:02:00,258,258,258,258,0
2022-11-25 13:03:00,258,258,258,258,0
2022-11-25 13:04:00,258,258,258,258,0
2022-11-25 13:05:00,258,258,258,258,0
2022-11-25 13:06:00,258,258,258,258,0
2022-11-25 13:07:00,258,258,258,258,0
2022-11-25 13:08:00,258,258,258,258,0
2022-11-25 13:09:00,258,258,258,258,0
2022-11-25 13:10:00,258,258,258,258,0
2022-11-25 13:11:00,258,258,258,258,0
2022-11-25 13:12:00,258,258,258,258,0
2022-11-25 13:13:00,258,258,258,258,0
2022-11-25 13:14:00,258,258,258,258,0
2022-11-25 13:15:00,258,258,258,258,0
2022-11-25 13:16:00,258,258,258,258,0
2022-11-25 13:17:00,258,258,258,258,0
2022-11-25 13:18:00,258,258,258,258,0
2022-11-25 13:19:00,258,258,258,258,0
2022-11-25 13:20:00,258,258,258,258,0
2022-11-25 13:21:00,258,258,258,258,0
2022-11-25 13:22:00,258,258,258,258,0
2022-11-25 13:23:00,258,258,258,258,0
2022-11-25 13:24:00,258,258,258,258,0
2022-11-25 13:25:00,258,258,258,258,0
2022-11-25 13:26:00,258,258,258,258,0
2022-11-25 13:27:00,258,258,258,258,0
2022-11-25 13:28:00,258,258,258,258,0
2022-11-25 13:29:00,258,258,258,258,0
2022-11-25 13:30:00,256,256,258,258,25700
2022-11-25 13:31:00,256,256,258,258,0
2022-11-25 13:32:00,256,256,258,258,0
2022-11-25 13:33:00,256,256,258,258,0
2022-11-25 13:34:00,256,254,256,254,900
2022-11-25 13:35:00,254,252,254,252,17900
2022-11-25 13:36:00,254,252,254,252,0
2022-11-25 13:37:00,252,252,252,252,0
2022-11-25 13:38:00,252,252,252,252,0
2022-11-25 13:39:00,252,252,252,252,0
2022-11-25 13:40:00,252,252,252,252,0
2022-11-25 13:41:00,252,252,252,252,0
2022-11-25 13:42:00,252,252,252,252,0
2022-11-25 13:43:00,256,256,256,256,200
2022-11-25 13:44:00,258,258,258,258,100
2022-11-25 13:45:00,258,258,258,258,0
2022-11-25 13:46:00,258,258,258,258,100
2022-11-25 13:47:00,254,254,254,254,100
2022-11-25 13:48:00,256,256,256,256,0
2022-11-25 13:49:00,256,256,256,256,0
2022-11-25 13:50:00,256,256,256,256,0
2022-11-25 13:51:00,256,256,256,256,0
2022-11-25 13:52:00,256,256,256,256,0
2022-11-25 13:53:00,256,256,256,256,0
2022-11-25 13:54:00,256,256,256,256,0
2022-11-25 13:55:00,256,256,256,256,2300
2022-11-25 13:56:00,256,256,256,256,0
2022-11-25 13:57:00,256,256,256,256,0
2022-11-25 13:58:00,256,256,256,256,0
2022-11-25 13:59:00,256,256,256,256,0
2022-11-25 14:00:00,256,256,256,256,0
2022-11-25 14:01:00,256,256,256,256,0
2022-11-25 14:02:00,256,256,256,256,0
2022-11-25 14:03:00,256,256,256,256,0
2022-11-25 14:04:00,256,256,256,256,0
2022-11-25 14:05:00,256,256,256,256,4000
2022-11-25 14:06:00,256,256,256,256,0
2022-11-25 14:07:00,256,256,256,256,0
2022-11-25 14:08:00,256,256,256,256,0
2022-11-25 14:09:00,256,256,256,256,0
2022-11-25 14:10:00,256,256,256,256,0
2022-11-25 14:11:00,256,256,256,256,1600
2022-11-25 14:12:00,256,256,256,256,0
2022-11-25 14:13:00,256,256,256,256,0
2022-11-25 14:14:00,256,256,256,256,0
2022-11-25 14:15:00,256,256,256,256,0
2022-11-25 14:16:00,256,256,256,256,0
2022-11-25 14:17:00,256,256,256,256,0
2022-11-25 14:18:00,256,256,256,256,0
2022-11-25 14:19:00,254,254,254,254,1400
2022-11-25 14:20:00,254,254,254,254,0
2022-11-25 14:21:00,254,254,254,254,0
2022-11-25 14:22:00,254,254,254,254,0
2022-11-25 14:23:00,254,254,254,254,0
2022-11-25 14:24:00,254,254,254,254,0
2022-11-25 14:25:00,254,254,254,254,0
2022-11-25 14:26:00,254,254,254,254,0
2022-11-25 14:27:00,254,254,254,254,0
2022-11-25 14:28:00,254,254,254,254,6400
2022-11-25 14:29:00,254,254,254,254,0
2022-11-25 14:30:00,254,254,254,254,0
2022-11-25 14:31:00,254,254,254,254,0
2022-11-25 14:32:00,254,254,254,254,0
2022-11-25 14:33:00,254,254,254,254,0
2022-11-25 14:34:00,254,254,254,254,0
2022-11-25 14:35:00,254,254,254,254,0
2022-11-25 14:36:00,254,254,254,254,0
2022-11-25 14:37:00,254,254,254,254,0
2022-11-25 14:38:00,254,254,254,254,0
2022-11-25 14:39:00,254,254,254,254,0
2022-11-25 14:40:00,254,254,254,254,0
2022-11-25 14:41:00,254,254,254,254,0
2022-11-25 14:42:00,254,254,254,254,0
2022-11-25 14:43:00,254,254,254,254,200
2022-11-25 14:44:00,254,250,254,250,942900
2022-11-25 14:45:00,250,250,250,250,500
2022-11-25 14:46:00,250,250,250,250,21000
2022-11-25 14:47:00,250,250,250,250,0
2022-11-25 14:48:00,250,250,250,250,3800
2022-11-25 14:49:00,250,250,250,250,7400
2022-11-25 14:50:00,250,250,250,250,0
2022-11-25 14:51:00,250,250,250,250,0
2022-11-25 14:52:00,250,250,250,250,0
2022-11-25 14:53:00,250,250,250,250,0
2022-11-25 14:54:00,250,250,250,250,0
2022-11-25 14:55:00,250,250,250,250,0
2022-11-25 14:56:00,250,250,250,250,0
2022-11-25 14:57:00,250,250,250,250,0
2022-11-25 14:58:00,250,250,250,250,0
2022-11-25 14:59:00,250,250,250,250,0
2022-11-25 15:00:00,248,248,248,248,16400
2022-11-25 15:01:00,248,248,248,248,0
2022-11-25 15:02:00,248,248,248,248,0
2022-11-25 15:03:00,248,248,248,248,0
2022-11-25 15:04:00,248,248,248,248,0
2022-11-25 15:05:00,248,248,248,248,0
2022-11-25 15:06:00,248,248,248,248,0
2022-11-25 15:07:00,248,248,248,248,4900
2022-11-25 15:08:00,248,248,248,248,0
2022-11-25 15:09:00,248,248,248,248,0
2022-11-25 15:10:00,248,248,248,248,0
2022-11-25 15:11:00,248,248,248,248,0
2022-11-25 15:12:00,248,248,248,248,0
2022-11-25 15:13:00,248,248,248,248,0
2022-11-25 15:14:00,248,248,248,248,0
2022-11-25 15:15:00,248,248,248,248,0
2022-11-25 15:16:00,248,248,248,248,0
2022-11-25 15:17:00,248,248,248,248,0
2022-11-25 15:18:00,248,248,248,248,0
2022-11-25 15:19:00,248,248,248,248,0
2022-11-25 15:20:00,248,248,248,248,0
2022-11-25 15:21:00,248,248,248,248,0
2022-11-25 15:22:00,248,248,248,248,0
2022-11-25 15:23:00,248,248,248,248,0
2022-11-25 15:24:00,248,248,248,248,0
2022-11-25 15:25:00,248,248,248,248,0
2022-11-25 15:26:00,248,248,248,248,0
2022-11-25 15:27:00,248,248,248,248,0
2022-11-25 15:28:00,248,248,248,248,0
2022-11-25 15:29:00,248,248,248,248,0
2022-11-25 15:30:00,248,248,248,248,0
2022-11-25 15:31:00,248,248,248,248,0
2022-11-25 15:32:00,248,248,248,248,0
2022-11-25 15:33:00,248,248,248,248,0
2022-11-25 15:34:00,248,248,248,248,0
2022-11-25 15:35:00,248,248,248,248,0
2022-11-25 15:36:00,248,248,248,248,0
2022-11-25 15:37:00,248,248,248,248,0
2022-11-25 15:38:00,248,248,248,248,0
2022-11-25 15:39:00,248,248,248,248,0
2022-11-25 15:40:00,248,248,248,248,0
2022-11-25 15:41:00,248,248,248,248,0
2022-11-25 15:42:00,248,248,248,248,0
2022-11-25 15:43:00,248,248,248,248,0
2022-11-25 15:44:00,248,248,248,248,0
2022-11-25 15:45:00,248,248,248,248,0
2022-11-25 15:46:00,248,248,248,248,0
2022-11-25 15:47:00,248,248,248,248,0
2022-11-25 15:48:00,248,248,248,248,0
2022-11-25 15:49:00,248,248,248,248,0
2022-11-25 15:50:00,248,248,248,248,0
2022-11-25 15:51:00,248,248,248,248,0
2022-11-25 15:52:00,248,248,248,248,0
2022-11-25 15:53:00,248,248,248,248,0
2022-11-25 15:54:00,248,248,248,248,0
2022-11-25 15:55:00,248,248,248,248,0
2022-11-25 15:56:00,248,248,248,248,0
2022-11-25 15:57:00,248,248,248,248,0
2022-11-25 15:58:00,248,248,248,248,0
2022-11-25 15:59:00,248,248,248,248,0
2022-11-28 09:00:00,250,250,252,252,0
2022-11-28 09:01:00,252,252,252,252,0
2022-11-28 09:02:00,252,252,252,252,3400
2022-11-28 09:03:00,252,252,252,252,0
2022-11-28 09:04:00,254,254,254,254,0
2022-11-28 09:05:00,254,254,254,254,0
2022-11-28 09:06:00,254,254,254,254,1000
2022-11-28 09:07:00,254,254,254,254,0
2022-11-28 09:08:00,254,254,254,254,0
2022-11-28 09:09:00,254,254,254,254,0
2022-11-28 09:10:00,254,254,254,254,400
2022-11-28 09:11:00,254,254,254,254,0
2022-11-28 09:12:00,254,254,254,254,600
2022-11-28 09:13:00,254,254,256,256,2800
2022-11-28 09:14:00,256,256,256,256,4600
2022-11-28 09:15:00,256,256,256,256,0
2022-11-28 09:16:00,256,256,256,256,0
2022-11-28 09:17:00,256,256,256,256,0
2022-11-28 09:18:00,258,258,258,258,35800
2022-11-28 09:19:00,260,258,260,258,2900
2022-11-28 09:20:00,258,258,258,258,11800
2022-11-28 09:21:00,258,258,258,258,3700
2022-11-28 09:22:00,258,258,260,260,4900
2022-11-28 09:23:00,260,260,260,260,24800
2022-11-28 09:24:00,260,260,260,260,3400
2022-11-28 09:25:00,260,260,260,260,0
2022-11-28 09:26:00,260,260,262,262,10200
2022-11-28 09:27:00,262,262,262,262,200
2022-11-28 09:28:00,260,252,260,252,125100
2022-11-28 09:29:00,254,254,254,254,0
2022-11-28 09:30:00,254,254,254,254,0
2022-11-28 09:31:00,254,254,254,254,0
2022-11-28 09:32:00,254,254,254,254,0
2022-11-28 09:33:00,254,254,256,256,1400
2022-11-28 09:34:00,254,254,256,256,0
2022-11-28 09:35:00,254,254,256,256,0
2022-11-28 09:36:00,256,256,256,256,0
2022-11-28 09:37:00,258,258,258,258,2000
2022-11-28 09:38:00,256,256,258,258,8300
2022-11-28 09:39:00,258,258,258,258,0
2022-11-28 09:40:00,260,260,260,260,2800
2022-11-28 09:41:00,260,260,260,260,5400
2022-11-28 09:42:00,258,258,260,260,4700
2022-11-28 09:43:00,258,258,258,258,13500
2022-11-28 09:44:00,258,258,258,258,0
2022-11-28 09:45:00,258,258,258,258,0
2022-11-28 09:46:00,258,258,258,258,10300
2022-11-28 09:47:00,258,258,258,258,4800
2022-11-28 09:48:00,258,256,258,256,1500
2022-11-28 09:49:00,256,256,256,256,4000
2022-11-28 09:50:00,258,258,258,258,0
2022-11-28 09:51:00,258,258,258,258,0
2022-11-28 09:52:00,258,258,258,258,5300
2022-11-28 09:53:00,258,258,258,258,0
2022-11-28 09:54:00,258,258,258,258,0
2022-11-28 09:55:00,258,256,258,256,9400
2022-11-28 09:56:00,256,256,256,256,1600
2022-11-28 09:57:00,256,256,256,256,0
2022-11-28 09:58:00,258,258,258,258,5000
2022-11-28 09:59:00,258,258,258,258,0
2022-11-28 10:00:00,258,258,258,258,3200
2022-11-28 10:01:00,258,258,258,258,0
2022-11-28 10:02:00,256,256,256,256,1600
2022-11-28 10:03:00,256,256,256,256,10100
2022-11-28 10:04:00,256,256,256,256,0
2022-11-28 10:05:00,256,256,256,256,0
2022-11-28 10:06:00,256,256,256,256,0
2022-11-28 10:07:00,256,256,256,256,0
2022-11-28 10:08:00,256,256,256,256,6000
2022-11-28 10:09:00,256,256,256,256,0
2022-11-28 10:10:00,258,258,258,258,900
2022-11-28 10:11:00,258,258,258,258,0
2022-11-28 10:12:00,258,258,258,258,5600
2022-11-28 10:13:00,258,258,260,260,46000
2022-11-28 10:14:00,258,258,260,260,0
2022-11-28 10:15:00,260,260,260,260,500
2022-11-28 10:16:00,260,258,260,260,81400
2022-11-28 10:17:00,260,260,260,260,100
2022-11-28 10:18:00,258,258,258,258,200
2022-11-28 10:19:00,258,258,258,258,0
2022-11-28 10:20:00,258,258,258,258,0
2022-11-28 10:21:00,258,258,258,258,0
2022-11-28 10:22:00,260,260,260,260,5100
2022-11-28 10:23:00,260,260,260,260,0
2022-11-28 10:24:00,260,260,260,260,2200
2022-11-28 10:25:00,260,260,260,260,0
2022-11-28 10:26:00,260,260,260,260,0
2022-11-28 10:27:00,260,260,260,260,0
2022-11-28 10:28:00,260,260,260,260,0
2022-11-28 10:29:00,260,260,260,260,1200
2022-11-28 10:30:00,260,260,260,260,0
2022-11-28 10:31:00,258,258,258,258,1600
2022-11-28 10:32:00,258,258,260,260,30000
2022-11-28 10:33:00,258,258,260,260,0
2022-11-28 10:34:00,258,258,260,260,0
2022-11-28 10:35:00,258,258,258,258,9200
2022-11-28 10:36:00,258,258,258,258,44000
2022-11-28 10:37:00,260,260,260,260,0
2022-11-28 10:38:00,260,260,260,260,0
2022-11-28 10:39:00,258,258,258,258,1700
2022-11-28 10:40:00,258,258,258,258,200
2022-11-28 10:41:00,258,258,258,258,0
2022-11-28 10:42:00,258,258,258,258,0
2022-11-28 10:43:00,258,258,258,258,0
2022-11-28 10:44:00,258,258,258,258,0
2022-11-28 10:45:00,258,258,258,258,800
2022-11-28 10:46:00,258,258,258,258,0
2022-11-28 10:47:00,258,258,258,258,9600
2022-11-28 10:48:00,258,258,258,258,0
2022-11-28 10:49:00,258,258,258,258,0
2022-11-28 10:50:00,258,258,258,258,0
2022-11-28 10:51:00,258,258,258,258,0
2022-11-28 10:52:00,258,258,258,258,0
2022-11-28 10:53:00,258,258,258,258,0
2022-11-28 10:54:00,258,258,258,258,1200
2022-11-28 10:55:00,258,258,258,258,0
2022-11-28 10:56:00,258,258,258,258,4000
2022-11-28 10:57:00,258,258,258,258,0
2022-11-28 10:58:00,258,258,258,258,7800
2022-11-28 10:59:00,258,258,258,258,0
2022-11-28 11:00:00,258,258,258,258,0
2022-11-28 11:01:00,258,258,258,258,0
2022-11-28 11:02:00,258,258,258,258,0
2022-11-28 11:03:00,258,258,258,258,0
2022-11-28 11:04:00,258,258,258,258,0
2022-11-28 11:05:00,258,258,258,258,0
2022-11-28 11:06:00,258,258,258,258,0
2022-11-28 11:07:00,258,258,258,258,10000
2022-11-28 11:08:00,258,258,258,258,0
2022-11-28 11:09:00,258,258,258,258,0
2022-11-28 11:10:00,258,258,258,258,35500
2022-11-28 11:11:00,258,258,258,258,0
2022-11-28 11:12:00,258,258,258,258,0
2022-11-28 11:13:00,258,258,258,258,0
2022-11-28 11:14:00,258,258,258,258,0
2022-11-28 11:15:00,258,258,258,258,0
2022-11-28 11:16:00,258,258,258,258,0
2022-11-28 11:17:00,256,256,256,256,1700
2022-11-28 11:18:00,256,256,256,256,0
2022-11-28 11:19:00,256,256,256,256,0
2022-11-28 11:20:00,256,256,256,256,0
2022-11-28 11:21:00,256,256,256,256,0
2022-11-28 11:22:00,256,256,256,256,0
2022-11-28 11:23:00,256,256,256,256,0
2022-11-28 11:24:00,256,256,256,256,0
2022-11-28 11:25:00,256,256,256,256,0
2022-11-28 11:26:00,258,258,258,258,1200
2022-11-28 11:27:00,258,258,258,258,0
2022-11-28 11:28:00,258,258,258,258,0
2022-11-28 11:29:00,258,258,258,258,0
2022-11-28 11:30:00,258,258,258,258,0
2022-11-28 11:31:00,258,258,258,258,0
2022-11-28 11:32:00,258,258,258,258,0
2022-11-28 11:33:00,258,258,258,258,0
2022-11-28 11:34:00,258,258,258,258,0
2022-11-28 11:35:00,258,258,258,258,0
2022-11-28 11:36:00,258,258,258,258,0
2022-11-28 11:37:00,258,258,258,258,0
2022-11-28 11:38:00,258,258,258,258,0
2022-11-28 11:39:00,258,258,258,258,0
2022-11-28 11:40:00,258,258,258,258,0
2022-11-28 11:41:00,258,258,258,258,0
2022-11-28 11:42:00,258,258,258,258,0
2022-11-28 11:43:00,258,258,258,258,0
2022-11-28 11:44:00,258,258,258,258,0
2022-11-28 11:45:00,258,258,258,258,0
2022-11-28 11:46:00,258,258,258,258,0
2022-11-28 11:47:00,258,258,258,258,0
2022-11-28 11:48:00,258,258,258,258,0
2022-11-28 11:49:00,258,258,258,258,0
2022-11-28 11:50:00,258,258,258,258,0
2022-11-28 11:51:00,258,258,258,258,0
2022-11-28 11:52:00,258,258,258,258,0
2022-11-28 11:53:00,258,258,258,258,0
2022-11-28 11:54:00,258,258,258,258,0
2022-11-28 11:55:00,258,258,258,258,0
2022-11-28 11:56:00,258,258,258,258,0
2022-11-28 11:57:00,258,258,258,258,0
2022-11-28 11:58:00,258,258,258,258,0
2022-11-28 11:59:00,258,258,258,258,0
2022-11-28 12:00:00,258,258,258,258,0
2022-11-28 12:01:00,258,258,258,258,0
2022-11-28 12:02:00,258,258,258,258,0
2022-11-28 12:03:00,258,258,258,258,0
2022-11-28 12:04:00,258,258,258,258,0
2022-11-28 12:05:00,258,258,258,258,0
2022-11-28 12:06:00,258,258,258,258,0
2022-11-28 12:07:00,258,258,258,258,0
2022-11-28 12:08:00,258,258,258,258,0
2022-11-28 12:09:00,258,258,258,258,0
2022-11-28 12:10:00,258,258,258,258,0
2022-11-28 12:11:00,258,258,258,258,0
2022-11-28 12:12:00,258,258,258,258,0
2022-11-28 12:13:00,258,258,258,258,0
2022-11-28 12:14:00,258,258,258,258,0
2022-11-28 12:15:00,258,258,258,258,0
2022-11-28 12:16:00,258,258,258,258,0
2022-11-28 12:17:00,258,258,258,258,0
2022-11-28 12:18:00,258,258,258,258,0
2022-11-28 12:19:00,258,258,258,258,0
2022-11-28 12:20:00,258,258,258,258,0
2022-11-28 12:21:00,258,258,258,258,0
2022-11-28 12:22:00,258,258,258,258,0
2022-11-28 12:23:00,258,258,258,258,0
2022-11-28 12:24:00,258,258,258,258,0
2022-11-28 12:25:00,258,258,258,258,0
2022-11-28 12:26:00,258,258,258,258,0
2022-11-28 12:27:00,258,258,258,258,0
2022-11-28 12:28:00,258,258,258,258,0
2022-11-28 12:29:00,258,258,258,258,0
2022-11-28 12:30:00,258,258,258,258,0
2022-11-28 12:31:00,258,258,258,258,0
2022-11-28 12:32:00,258,258,258,258,0
2022-11-28 12:33:00,258,258,258,258,0
2022-11-28 12:34:00,258,258,258,258,0
2022-11-28 12:35:00,258,258,258,258,0
2022-11-28 12:36:00,258,258,258,258,0
2022-11-28 12:37:00,258,258,258,258,0
2022-11-28 12:38:00,258,258,258,258,0
2022-11-28 12:39:00,258,258,258,258,0
2022-11-28 12:40:00,258,258,258,258,0
2022-11-28 12:41:00,258,258,258,258,0
2022-11-28 12:42:00,258,258,258,258,0
2022-11-28 12:43:00,258,258,258,258,0
2022-11-28 12:44:00,258,258,258,258,0
2022-11-28 12:45:00,258,258,258,258,0
2022-11-28 12:46:00,258,258,258,258,0
2022-11-28 12:47:00,258,258,258,258,0
2022-11-28 12:48:00,258,258,258,258,0
2022-11-28 12:49:00,258,258,258,258,0
2022-11-28 12:50:00,258,258,258,258,0
2022-11-28 12:51:00,258,258,258,258,0
2022-11-28 12:52:00,258,258,258,258,0
2022-11-28 12:53:00,258,258,258,258,0
2022-11-28 12:54:00,258,258,258,258,0
2022-11-28 12:55:00,258,258,258,258,0
2022-11-28 12:56:00,258,258,258,258,0
2022-11-28 12:57:00,258,258,258,258,0
2022-11-28 12:58:00,258,258,258,258,0
2022-11-28 12:59:00,258,258,258,258,0
2022-11-28 13:00:00,258,258,258,258,0
2022-11-28 13:01:00,258,258,258,258,0
2022-11-28 13:02:00,258,258,258,258,0
2022-11-28 13:03:00,258,258,258,258,0
2022-11-28 13:04:00,258,258,258,258,0
2022-11-28 13:05:00,258,258,258,258,0
2022-11-28 13:06:00,258,258,258,258,0
2022-11-28 13:07:00,258,258,258,258,0
2022-11-28 13:08:00,258,258,258,258,0
2022-11-28 13:09:00,258,258,258,258,0
2022-11-28 13:10:00,258,258,258,258,0
2022-11-28 13:11:00,258,258,258,258,0
2022-11-28 13:12:00,258,258,258,258,0
2022-11-28 13:13:00,258,258,258,258,0
2022-11-28 13:14:00,258,258,258,258,0
2022-11-28 13:15:00,258,258,258,258,0
2022-11-28 13:16:00,258,258,258,258,0
2022-11-28 13:17:00,258,258,258,258,0
2022-11-28 13:18:00,258,258,258,258,0
2022-11-28 13:19:00,258,258,258,258,0
2022-11-28 13:20:00,258,258,258,258,0
2022-11-28 13:21:00,258,258,258,258,0
2022-11-28 13:22:00,258,258,258,258,0
2022-11-28 13:23:00,258,258,258,258,0
2022-11-28 13:24:00,258,258,258,258,0
2022-11-28 13:25:00,258,258,258,258,0
2022-11-28 13:26:00,258,258,258,258,0
2022-11-28 13:27:00,258,258,258,258,0
2022-11-28 13:28:00,258,258,258,258,0
2022-11-28 13:29:00,258,258,258,258,0
2022-11-28 13:30:00,260,260,260,260,5100
2022-11-28 13:31:00,260,260,260,260,0
2022-11-28 13:32:00,260,260,260,260,0
2022-11-28 13:33:00,260,260,260,260,900
2022-11-28 13:34:00,260,260,260,260,0
2022-11-28 13:35:00,258,258,260,260,4500
2022-11-28 13:36:00,260,260,260,260,2200
2022-11-28 13:37:00,260,260,260,260,0
2022-11-28 13:38:00,260,260,260,260,0
2022-11-28 13:39:00,260,260,260,260,1700
2022-11-28 13:40:00,258,258,258,258,800
2022-11-28 13:41:00,258,258,258,258,1400
2022-11-28 13:42:00,258,258,258,258,0
2022-11-28 13:43:00,256,256,256,256,0
2022-11-28 13:44:00,256,256,256,256,0
2022-11-28 13:45:00,258,258,258,258,900
2022-11-28 13:46:00,258,258,258,258,0
2022-11-28 13:47:00,258,258,258,258,0
2022-11-28 13:48:00,258,258,258,258,0
2022-11-28 13:49:00,258,258,258,258,0
2022-11-28 13:50:00,256,256,256,256,15700
2022-11-28 13:51:00,256,256,256,256,0
2022-11-28 13:52:00,256,256,256,256,0
2022-11-28 13:53:00,256,256,256,256,0
2022-11-28 13:54:00,256,256,256,256,0
2022-11-28 13:55:00,256,256,256,256,0
2022-11-28 13:56:00,256,256,256,256,0
2022-11-28 13:57:00,256,256,256,256,0
2022-11-28 13:58:00,256,256,256,256,0
2022-11-28 13:59:00,256,256,256,256,0
2022-11-28 14:00:00,256,256,256,256,0
2022-11-28 14:01:00,256,256,256,256,0
2022-11-28 14:02:00,256,256,256,256,0
2022-11-28 14:03:00,256,256,256,256,0
2022-11-28 14:04:00,256,256,256,256,0
2022-11-28 14:05:00,256,256,256,256,0
2022-11-28 14:06:00,258,258,258,258,1900
2022-11-28 14:07:00,258,258,258,258,0
2022-11-28 14:08:00,258,258,258,258,0
2022-11-28 14:09:00,258,258,258,258,0
2022-11-28 14:10:00,258,258,258,258,0
2022-11-28 14:11:00,258,258,258,258,2200
2022-11-28 14:12:00,258,258,258,258,0
2022-11-28 14:13:00,258,258,258,258,0
2022-11-28 14:14:00,258,258,258,258,0
2022-11-28 14:15:00,258,258,258,258,0
2022-11-28 14:16:00,258,258,258,258,0
2022-11-28 14:17:00,258,258,258,258,1100
2022-11-28 14:18:00,258,258,258,258,0
2022-11-28 14:19:00,258,258,258,258,0
2022-11-28 14:20:00,258,258,258,258,0
2022-11-28 14:21:00,258,258,258,258,0
2022-11-28 14:22:00,258,258,258,258,34400
2022-11-28 14:23:00,258,258,258,258,0
2022-11-28 14:24:00,258,258,258,258,0
2022-11-28 14:25:00,258,258,260,260,3000
2022-11-28 14:26:00,258,258,260,260,0
2022-11-28 14:27:00,258,258,258,258,100
2022-11-28 14:28:00,258,258,258,258,0
2022-11-28 14:29:00,258,258,258,258,0
2022-11-28 14:30:00,258,258,258,258,0
2022-11-28 14:31:00,258,258,258,258,0
2022-11-28 14:32:00,258,258,258,258,0
2022-11-28 14:33:00,258,258,258,258,0
2022-11-28 14:34:00,256,256,256,256,0
2022-11-28 14:35:00,256,256,256,256,0
2022-11-28 14:36:00,256,256,256,256,0
2022-11-28 14:37:00,256,254,256,254,30000
2022-11-28 14:38:00,256,254,256,254,0
2022-11-28 14:39:00,256,254,256,254,0
2022-11-28 14:40:00,256,254,256,254,0
2022-11-28 14:41:00,258,258,258,258,400
2022-11-28 14:42:00,258,258,258,258,800
2022-11-28 14:43:00,258,258,258,258,0
2022-11-28 14:44:00,258,258,258,258,0
2022-11-28 14:45:00,258,258,258,258,0
2022-11-28 14:46:00,258,258,258,258,100
2022-11-28 14:47:00,256,256,256,256,700
2022-11-28 14:48:00,256,256,256,256,0
2022-11-28 14:49:00,256,256,256,256,0
2022-11-28 14:50:00,256,256,256,256,0
2022-11-28 14:51:00,256,256,256,256,0
2022-11-28 14:52:00,256,256,256,256,0
2022-11-28 14:53:00,256,256,256,256,0
2022-11-28 14:54:00,256,256,256,256,0
2022-11-28 14:55:00,256,256,256,256,0
2022-11-28 14:56:00,256,256,256,256,0
2022-11-28 14:57:00,256,256,256,256,0
2022-11-28 14:58:00,256,256,256,256,0
2022-11-28 14:59:00,256,256,256,256,0
2022-11-28 15:00:00,254,254,254,254,759700
2022-11-28 15:01:00,254,254,254,254,0
2022-11-28 15:02:00,254,254,254,254,0
2022-11-28 15:03:00,254,254,254,254,0
2022-11-28 15:04:00,254,254,254,254,0
2022-11-28 15:05:00,254,254,254,254,0
2022-11-28 15:06:00,254,254,254,254,0
2022-11-28 15:07:00,254,254,254,254,0
2022-11-28 15:08:00,254,254,254,254,0
2022-11-28 15:09:00,254,254,254,254,0
2022-11-28 15:10:00,254,254,254,254,0
2022-11-28 15:11:00,254,254,254,254,0
2022-11-28 15:12:00,254,254,254,254,0
2022-11-28 15:13:00,254,254,254,254,0
2022-11-28 15:14:00,254,254,254,254,0
2022-11-28 15:15:00,254,254,254,254,0
2022-11-28 15:16:00,254,254,254,254,0
2022-11-28 15:17:00,254,254,254,254,0
2022-11-28 15:18:00,254,254,254,254,0
2022-11-28 15:19:00,254,254,254,254,0
2022-11-28 15:20:00,254,254,254,254,0
2022-11-28 15:21:00,254,254,254,254,0
2022-11-28 15:22:00,254,254,254,254,0
2022-11-28 15:23:00,254,254,254,254,0
2022-11-28 15:24:00,254,254,254,254,0
2022-11-28 15:25:00,254,254,254,254,0
2022-11-28 15:26:00,254,254,254,254,0
2022-11-28 15:27:00,254,254,254,254,0
2022-11-28 15:28:00,254,254,254,254,0
2022-11-28 15:29:00,254,254,254,254,0
2022-11-28 15:30:00,254,254,254,254,0
2022-11-28 15:31:00,254,254,254,254,0
2022-11-28 15:32:00,254,254,254,254,0
2022-11-28 15:33:00,254,254,254,254,0
2022-11-28 15:34:00,254,254,254,254,0
2022-11-28 15:35:00,254,254,254,254,0
2022-11-28 15:36:00,254,254,254,254,0
2022-11-28 15:37:00,254,254,254,254,0
2022-11-28 15:38:00,254,254,254,254,0
2022-11-28 15:39:00,254,254,254,254,0
2022-11-28 15:40:00,254,254,254,254,0
2022-11-28 15:41:00,254,254,254,254,0
2022-11-28 15:42:00,254,254,254,254,0
2022-11-28 15:43:00,254,254,254,254,0
2022-11-28 15:44:00,254,254,254,254,0
2022-11-28 15:45:00,254,254,254,254,0
2022-11-28 15:46:00,254,254,254,254,0
2022-11-28 15:47:00,254,254,254,254,0
2022-11-28 15:48:00,254,254,254,254,0
2022-11-28 15:49:00,254,254,254,254,0
2022-11-28 15:50:00,254,254,254,254,0
2022-11-28 15:51:00,254,254,254,254,0
2022-11-28 15:52:00,254,254,254,254,0
2022-11-28 15:53:00,254,254,254,254,0
2022-11-28 15:54:00,254,254,254,254,0
2022-11-28 15:55:00,254,254,254,254,0
2022-11-28 15:56:00,254,254,254,254,0
2022-11-28 15:57:00,254,254,254,254,0
2022-11-28 15:58:00,254,254,254,254,0
2022-11-28 15:59:00,254,254,254,254,0
2022-11-29 09:00:00,254,254,254,254,0
2022-11-29 09:01:00,254,254,254,254,0
2022-11-29 09:02:00,258,258,258,258,0
2022-11-29 09:03:00,258,258,258,258,0
2022-11-29 09:04:00,258,258,258,258,0
2022-11-29 09:05:00,258,258,258,258,0
2022-11-29 09:06:00,258,258,258,258,0
2022-11-29 09:07:00,260,260,260,260,900
2022-11-29 09:08:00,260,260,260,260,1400
2022-11-29 09:09:00,260,260,260,260,0
2022-11-29 09:10:00,260,260,260,260,0
2022-11-29 09:11:00,260,260,260,260,10000
2022-11-29 09:12:00,260,260,260,260,0
2022-11-29 09:13:00,260,260,260,260,200
2022-11-29 09:14:00,260,260,260,260,0
2022-11-29 09:15:00,260,260,260,260,300
2022-11-29 09:16:00,260,260,260,260,400
2022-11-29 09:17:00,260,260,260,260,0
2022-11-29 09:18:00,260,260,260,260,500
2022-11-29 09:19:00,260,260,260,260,0
2022-11-29 09:20:00,260,260,260,260,600
2022-11-29 09:21:00,260,260,260,260,0
2022-11-29 09:22:00,260,260,260,260,3900
2022-11-29 09:23:00,260,260,260,260,0
2022-11-29 09:24:00,260,260,260,260,0
2022-11-29 09:25:00,260,260,260,260,0
2022-11-29 09:26:00,260,260,260,260,0
2022-11-29 09:27:00,258,250,258,250,593900
2022-11-29 09:28:00,250,250,252,252,6300
2022-11-29 09:29:00,250,250,252,252,0
2022-11-29 09:30:00,254,254,254,254,4400
2022-11-29 09:31:00,254,254,254,254,100
2022-11-29 09:32:00,254,254,254,254,10400
2022-11-29 09:33:00,254,254,254,254,0
2022-11-29 09:34:00,254,254,254,254,0
2022-11-29 09:35:00,254,254,254,254,500
2022-11-29 09:36:00,254,254,254,254,0
2022-11-29 09:37:00,254,254,254,254,0
2022-11-29 09:38:00,254,254,254,254,4800
2022-11-29 09:39:00,254,254,254,254,0
2022-11-29 09:40:00,254,254,254,254,0
2022-11-29 09:41:00,254,254,254,254,0
2022-11-29 09:42:00,254,254,254,254,2200
2022-11-29 09:43:00,254,254,254,254,0
2022-11-29 09:44:00,254,254,254,254,0
2022-11-29 09:45:00,254,254,254,254,0
2022-11-29 09:46:00,254,254,254,254,0
2022-11-29 09:47:00,254,254,254,254,0
2022-11-29 09:48:00,254,254,254,254,0
2022-11-29 09:49:00,254,254,254,254,0
2022-11-29 09:50:00,254,254,254,254,0
2022-11-29 09:51:00,254,254,254,254,0
2022-11-29 09:52:00,254,254,254,254,0
2022-11-29 09:53:00,256,256,256,256,100
2022-11-29 09:54:00,256,256,256,256,0
2022-11-29 09:55:00,256,256,256,256,0
2022-11-29 09:56:00,256,256,256,256,2100
2022-11-29 09:57:00,256,256,256,256,0
2022-11-29 09:58:00,256,256,256,256,0
2022-11-29 09:59:00,256,256,256,256,0
2022-11-29 10:00:00,256,256,256,256,5700
2022-11-29 10:01:00,256,256,256,256,0
2022-11-29 10:02:00,256,256,256,256,0
2022-11-29 10:03:00,256,256,256,256,0
2022-11-29 10:04:00,256,256,256,256,0
2022-11-29 10:05:00,256,256,256,256,0
2022-11-29 10:06:00,256,256,256,256,0
2022-11-29 10:07:00,256,256,256,256,0
2022-11-29 10:08:00,256,256,256,256,0
2022-11-29 10:09:00,256,256,256,256,0
2022-11-29 10:10:00,256,254,256,254,2800
2022-11-29 10:11:00,256,254,256,254,0
2022-11-29 10:12:00,256,254,256,254,0
2022-11-29 10:13:00,256,254,256,254,0
2022-11-29 10:14:00,256,254,256,254,0
2022-11-29 10:15:00,256,254,256,254,0
2022-11-29 10:16:00,254,254,254,254,5000
2022-11-29 10:17:00,254,254,254,254,0
2022-11-29 10:18:00,254,254,254,254,0
2022-11-29 10:19:00,256,256,256,256,0
2022-11-29 10:20:00,256,256,256,256,0
2022-11-29 10:21:00,256,256,256,256,0
2022-11-29 10:22:00,254,254,254,254,4800
2022-11-29 10:23:00,254,254,254,254,0
2022-11-29 10:24:00,254,254,254,254,0
2022-11-29 10:25:00,256,256,256,256,1400
2022-11-29 10:26:00,256,256,256,256,0
2022-11-29 10:27:00,256,256,256,256,0
2022-11-29 10:28:00,256,256,256,256,0
2022-11-29 10:29:00,254,254,254,254,2700
2022-11-29 10:30:00,254,254,254,254,0
2022-11-29 10:31:00,254,254,254,254,0
2022-11-29 10:32:00,254,254,254,254,0
2022-11-29 10:33:00,254,254,254,254,0
2022-11-29 10:34:00,254,254,254,254,0
2022-11-29 10:35:00,254,254,254,254,0
2022-11-29 10:36:00,254,254,254,254,0
2022-11-29 10:37:00,254,254,254,254,0
2022-11-29 10:38:00,256,256,256,256,6700
2022-11-29 10:39:00,256,256,256,256,2000
2022-11-29 10:40:00,256,256,256,256,0
2022-11-29 10:41:00,256,256,256,256,0
2022-11-29 10:42:00,256,256,256,256,0
2022-11-29 10:43:00,256,256,256,256,0
2022-11-29 10:44:00,256,256,256,256,0
2022-11-29 10:45:00,256,256,256,256,0
2022-11-29 10:46:00,256,256,256,256,0
2022-11-29 10:47:00,256,256,256,256,21200
2022-11-29 10:48:00,256,256,256,256,0
2022-11-29 10:49:00,256,256,256,256,0
2022-11-29 10:50:00,256,256,256,256,0
2022-11-29 10:51:00,256,256,256,256,0
2022-11-29 10:52:00,256,256,256,256,0
2022-11-29 10:53:00,256,256,256,256,0
2022-11-29 10:54:00,256,256,256,256,0
2022-11-29 10:55:00,256,256,256,256,0
2022-11-29 10:56:00,256,256,256,256,14600
2022-11-29 10:57:00,256,256,256,256,0
2022-11-29 10:58:00,256,256,256,256,0
2022-11-29 10:59:00,256,256,256,256,0
2022-11-29 11:00:00,256,256,256,256,0
2022-11-29 11:01:00,256,256,256,256,0
2022-11-29 11:02:00,256,256,256,256,0
2022-11-29 11:03:00,256,256,256,256,0
2022-11-29 11:04:00,256,256,256,256,0
2022-11-29 11:05:00,256,256,256,256,0
2022-11-29 11:06:00,256,256,256,256,0
2022-11-29 11:07:00,256,256,256,256,0
2022-11-29 11:08:00,256,256,256,256,0
2022-11-29 11:09:00,254,250,254,250,343100
2022-11-29 11:10:00,250,250,250,250,100
2022-11-29 11:11:00,250,250,250,250,4600
2022-11-29 11:12:00,250,250,250,250,4500
2022-11-29 11:13:00,254,250,254,254,0
2022-11-29 11:14:00,254,254,254,254,0
2022-11-29 11:15:00,254,250,254,250,1300
2022-11-29 11:16:00,254,250,254,250,0
2022-11-29 11:17:00,254,254,254,254,600
2022-11-29 11:18:00,254,254,254,254,0
2022-11-29 11:19:00,254,254,254,254,900
2022-11-29 11:20:00,254,254,254,254,300
2022-11-29 11:21:00,254,254,254,254,0
2022-11-29 11:22:00,254,254,254,254,0
2022-11-29 11:23:00,254,254,254,254,0
2022-11-29 11:24:00,254,254,254,254,0
2022-11-29 11:25:00,254,254,254,254,0
2022-11-29 11:26:00,254,254,254,254,0
2022-11-29 11:27:00,254,254,254,254,200
2022-11-29 11:28:00,254,254,254,254,0
2022-11-29 11:29:00,254,254,254,254,0
2022-11-29 11:30:00,254,254,254,254,0
2022-11-29 11:31:00,254,254,254,254,0
2022-11-29 11:32:00,254,254,254,254,0
2022-11-29 11:33:00,254,254,254,254,0
2022-11-29 11:34:00,254,254,254,254,0
2022-11-29 11:35:00,254,254,254,254,0
2022-11-29 11:36:00,254,254,254,254,0
2022-11-29 11:37:00,254,254,254,254,0
2022-11-29 11:38:00,254,254,254,254,0
2022-11-29 11:39:00,254,254,254,254,0
2022-11-29 11:40:00,254,254,254,254,0
2022-11-29 11:41:00,254,254,254,254,0
2022-11-29 11:42:00,254,254,254,254,0
2022-11-29 11:43:00,254,254,254,254,0
2022-11-29 11:44:00,254,254,254,254,0
2022-11-29 11:45:00,254,254,254,254,0
2022-11-29 11:46:00,254,254,254,254,0
2022-11-29 11:47:00,254,254,254,254,0
2022-11-29 11:48:00,254,254,254,254,0
2022-11-29 11:49:00,254,254,254,254,0
2022-11-29 11:50:00,254,254,254,254,0
2022-11-29 11:51:00,254,254,254,254,0
2022-11-29 11:52:00,254,254,254,254,0
2022-11-29 11:53:00,254,254,254,254,0
2022-11-29 11:54:00,254,254,254,254,0
2022-11-29 11:55:00,254,254,254,254,0
2022-11-29 11:56:00,254,254,254,254,0
2022-11-29 11:57:00,254,254,254,254,0
2022-11-29 11:58:00,254,254,254,254,0
2022-11-29 11:59:00,254,254,254,254,0
2022-11-29 12:00:00,254,254,254,254,0
2022-11-29 12:01:00,254,254,254,254,0
2022-11-29 12:02:00,254,254,254,254,0
2022-11-29 12:03:00,254,254,254,254,0
2022-11-29 12:04:00,254,254,254,254,0
2022-11-29 12:05:00,254,254,254,254,0
2022-11-29 12:06:00,254,254,254,254,0
2022-11-29 12:07:00,254,254,254,254,0
2022-11-29 12:08:00,254,254,254,254,0
2022-11-29 12:09:00,254,254,254,254,0
2022-11-29 12:10:00,254,254,254,254,0
2022-11-29 12:11:00,254,254,254,254,0
2022-11-29 12:12:00,254,254,254,254,0
2022-11-29 12:13:00,254,254,254,254,0
2022-11-29 12:14:00,254,254,254,254,0
2022-11-29 12:15:00,254,254,254,254,0
2022-11-29 12:16:00,254,254,254,254,0
2022-11-29 12:17:00,254,254,254,254,0
2022-11-29 12:18:00,254,254,254,254,0
2022-11-29 12:19:00,254,254,254,254,0
2022-11-29 12:20:00,254,254,254,254,0
2022-11-29 12:21:00,254,254,254,254,0
2022-11-29 12:22:00,254,254,254,254,0
2022-11-29 12:23:00,254,254,254,254,0
2022-11-29 12:24:00,254,254,254,254,0
2022-11-29 12:25:00,254,254,254,254,0
2022-11-29 12:26:00,254,254,254,254,0
2022-11-29 12:27:00,254,254,254,254,0
2022-11-29 12:28:00,254,254,254,254,0
2022-11-29 12:29:00,254,254,254,254,0
2022-11-29 12:30:00,254,254,254,254,0
2022-11-29 12:31:00,254,254,254,254,0
2022-11-29 12:32:00,254,254,254,254,0
2022-11-29 12:33:00,254,254,254,254,0
2022-11-29 12:34:00,254,254,254,254,0
2022-11-29 12:35:00,254,254,254,254,0
2022-11-29 12:36:00,254,254,254,254,0
2022-11-29 12:37:00,254,254,254,254,0
2022-11-29 12:38:00,254,254,254,254,0
2022-11-29 12:39:00,254,254,254,254,0
2022-11-29 12:40:00,254,254,254,254,0
2022-11-29 12:41:00,254,254,254,254,0
2022-11-29 12:42:00,254,254,254,254,0
2022-11-29 12:43:00,254,254,254,254,0
2022-11-29 12:44:00,254,254,254,254,0
2022-11-29 12:45:00,254,254,254,254,0
2022-11-29 12:46:00,254,254,254,254,0
2022-11-29 12:47:00,254,254,254,254,0
2022-11-29 12:48:00,254,254,254,254,0
2022-11-29 12:49:00,254,254,254,254,0
2022-11-29 12:50:00,254,254,254,254,0
2022-11-29 12:51:00,254,254,254,254,0
2022-11-29 12:52:00,254,254,254,254,0
2022-11-29 12:53:00,254,254,254,254,0
2022-11-29 12:54:00,254,254,254,254,0
2022-11-29 12:55:00,254,254,254,254,0
2022-11-29 12:56:00,254,254,254,254,0
2022-11-29 12:57:00,254,254,254,254,0
2022-11-29 12:58:00,254,254,254,254,0
2022-11-29 12:59:00,254,254,254,254,0
2022-11-29 13:00:00,254,254,254,254,0
2022-11-29 13:01:00,254,254,254,254,0
2022-11-29 13:02:00,254,254,254,254,0
2022-11-29 13:03:00,254,254,254,254,0
2022-11-29 13:04:00,254,254,254,254,0
2022-11-29 13:05:00,254,254,254,254,0
2022-11-29 13:06:00,254,254,254,254,0
2022-11-29 13:07:00,254,254,254,254,0
2022-11-29 13:08:00,254,254,254,254,0
2022-11-29 13:09:00,254,254,254,254,0
2022-11-29 13:10:00,254,254,254,254,0
2022-11-29 13:11:00,254,254,254,254,0
2022-11-29 13:12:00,254,254,254,254,0
2022-11-29 13:13:00,254,254,254,254,0
2022-11-29 13:14:00,254,254,254,254,0
2022-11-29 13:15:00,254,254,254,254,0
2022-11-29 13:16:00,254,254,254,254,0
2022-11-29 13:17:00,254,254,254,254,0
2022-11-29 13:18:00,254,254,254,254,0
2022-11-29 13:19:00,254,254,254,254,0
2022-11-29 13:20:00,254,254,254,254,0
2022-11-29 13:21:00,254,254,254,254,0
2022-11-29 13:22:00,254,254,254,254,0
2022-11-29 13:23:00,254,254,254,254,0
2022-11-29 13:24:00,254,254,254,254,0
2022-11-29 13:25:00,254,254,254,254,0
2022-11-29 13:26:00,254,254,254,254,0
2022-11-29 13:27:00,254,254,254,254,0
2022-11-29 13:28:00,254,254,254,254,0
2022-11-29 13:29:00,254,254,254,254,0
2022-11-29 13:30:00,252,252,254,254,18900
2022-11-29 13:31:00,252,252,254,254,0
2022-11-29 13:32:00,252,252,254,254,0
2022-11-29 13:33:00,252,252,254,254,0
2022-11-29 13:34:00,252,252,254,254,0
2022-11-29 13:35:00,254,254,254,254,400
2022-11-29 13:36:00,254,254,254,254,0
2022-11-29 13:37:00,254,254,254,254,0
2022-11-29 13:38:00,254,254,254,254,0
2022-11-29 13:39:00,254,254,254,254,0
2022-11-29 13:40:00,254,254,254,254,0
2022-11-29 13:41:00,254,254,254,254,400
2022-11-29 13:42:00,254,254,254,254,0
2022-11-29 13:43:00,254,254,254,254,11200
2022-11-29 13:44:00,254,254,254,254,0
2022-11-29 13:45:00,256,256,256,256,0
2022-11-29 13:46:00,256,256,256,256,0
2022-11-29 13:47:00,256,256,256,256,0
2022-11-29 13:48:00,256,256,256,256,0
2022-11-29 13:49:00,256,256,256,256,0
2022-11-29 13:50:00,256,256,256,256,0
2022-11-29 13:51:00,254,254,254,254,1400
2022-11-29 13:52:00,254,254,254,254,100
2022-11-29 13:53:00,256,256,256,256,300
2022-11-29 13:54:00,256,256,256,256,500
2022-11-29 13:55:00,256,256,256,256,2200
2022-11-29 13:56:00,256,256,256,256,0
2022-11-29 13:57:00,256,256,256,256,0
2022-11-29 13:58:00,256,254,256,254,0
2022-11-29 13:59:00,256,254,256,254,0
2022-11-29 14:00:00,256,254,256,254,0
2022-11-29 14:01:00,256,254,256,254,0
2022-11-29 14:02:00,256,254,256,254,0
2022-11-29 14:03:00,256,254,256,254,0
2022-11-29 14:04:00,256,254,256,254,0
2022-11-29 14:05:00,256,254,256,254,0
2022-11-29 14:06:00,256,254,256,254,0
2022-11-29 14:07:00,256,254,256,254,0
2022-11-29 14:08:00,256,254,256,254,0
2022-11-29 14:09:00,256,254,256,254,0
2022-11-29 14:10:00,256,254,256,254,0
2022-11-29 14:11:00,256,254,256,254,0
2022-11-29 14:12:00,256,254,256,254,0
2022-11-29 14:13:00,256,254,256,254,0
2022-11-29 14:14:00,256,254,256,254,0
2022-11-29 14:15:00,256,254,256,254,0
2022-11-29 14:16:00,256,254,256,254,0
2022-11-29 14:17:00,256,256,256,256,2000
2022-11-29 14:18:00,256,256,256,256,200
2022-11-29 14:19:00,256,256,256,256,1500
2022-11-29 14:20:00,256,256,256,256,600
2022-11-29 14:21:00,256,256,256,256,100
2022-11-29 14:22:00,256,256,256,256,0
2022-11-29 14:23:00,256,256,256,256,0
2022-11-29 14:24:00,256,256,256,256,0
2022-11-29 14:25:00,256,256,256,256,0
2022-11-29 14:26:00,254,254,254,254,200
2022-11-29 14:27:00,254,254,254,254,0
2022-11-29 14:28:00,254,254,254,254,0
2022-11-29 14:29:00,256,256,256,256,1700
2022-11-29 14:30:00,256,256,256,256,19800
2022-11-29 14:31:00,256,256,256,256,3300
2022-11-29 14:32:00,256,256,256,256,3400
2022-11-29 14:33:00,256,256,256,256,0
2022-11-29 14:34:00,258,258,258,258,1100
2022-11-29 14:35:00,258,258,258,258,0
2022-11-29 14:36:00,258,258,258,258,0
2022-11-29 14:37:00,258,258,258,258,0
2022-11-29 14:38:00,258,258,258,258,4500
2022-11-29 14:39:00,258,250,258,250,347400
2022-11-29 14:40:00,250,250,250,250,0
2022-11-29 14:41:00,250,250,250,250,300
2022-11-29 14:42:00,250,250,250,250,37000
2022-11-29 14:43:00,250,250,250,250,31700
2022-11-29 14:44:00,250,250,250,250,11300
2022-11-29 14:45:00,250,250,252,252,0
2022-11-29 14:46:00,252,252,252,252,0
2022-11-29 14:47:00,252,252,252,252,5600
2022-11-29 14:48:00,252,252,252,252,0
2022-11-29 14:49:00,252,252,252,252,1400
2022-11-29 14:50:00,252,252,252,252,0
2022-11-29 14:51:00,252,252,252,252,0
2022-11-29 14:52:00,252,252,252,252,0
2022-11-29 14:53:00,252,252,252,252,0
2022-11-29 14:54:00,252,252,252,252,0
2022-11-29 14:55:00,252,252,252,252,0
2022-11-29 14:56:00,252,252,252,252,0
2022-11-29 14:57:00,252,252,252,252,0
2022-11-29 14:58:00,252,252,252,252,0
2022-11-29 14:59:00,252,252,252,252,0
2022-11-29 15:00:00,252,252,252,252,6700
2022-11-29 15:01:00,252,252,252,252,0
2022-11-29 15:02:00,252,252,252,252,0
2022-11-29 15:03:00,252,252,252,252,0
2022-11-29 15:04:00,252,252,252,252,0
2022-11-29 15:05:00,252,252,252,252,0
2022-11-29 15:06:00,252,252,252,252,0
2022-11-29 15:07:00,252,252,252,252,0
2022-11-29 15:08:00,252,252,252,252,0
2022-11-29 15:09:00,252,252,252,252,0
2022-11-29 15:10:00,252,252,252,252,0
2022-11-29 15:11:00,252,252,252,252,0
2022-11-29 15:12:00,252,252,252,252,0
2022-11-29 15:13:00,252,252,252,252,0
2022-11-29 15:14:00,252,252,252,252,0
2022-11-29 15:15:00,252,252,252,252,0
2022-11-29 15:16:00,252,252,252,252,0
2022-11-29 15:17:00,252,252,252,252,0
2022-11-29 15:18:00,252,252,252,252,0
2022-11-29 15:19:00,252,252,252,252,0
2022-11-29 15:20:00,252,252,252,252,0
2022-11-29 15:21:00,252,252,252,252,0
2022-11-29 15:22:00,252,252,252,252,0
2022-11-29 15:23:00,252,252,252,252,0
2022-11-29 15:24:00,252,252,252,252,0
2022-11-29 15:25:00,252,252,252,252,0
2022-11-29 15:26:00,252,252,252,252,0
2022-11-29 15:27:00,252,252,252,252,0
2022-11-29 15:28:00,252,252,252,252,0
2022-11-29 15:29:00,252,252,252,252,0
2022-11-29 15:30:00,252,252,252,252,0
2022-11-29 15:31:00,252,252,252,252,0
2022-11-29 15:32:00,252,252,252,252,0
2022-11-29 15:33:00,252,252,252,252,0
2022-11-29 15:34:00,252,252,252,252,0
2022-11-29 15:35:00,252,252,252,252,0
2022-11-29 15:36:00,252,252,252,252,0
2022-11-29 15:37:00,252,252,252,252,0
2022-11-29 15:38:00,252,252,252,252,0
2022-11-29 15:39:00,252,252,252,252,0
2022-11-29 15:40:00,252,252,252,252,0
2022-11-29 15:41:00,252,252,252,252,0
2022-11-29 15:42:00,252,252,252,252,0
2022-11-29 15:43:00,252,252,252,252,0
2022-11-29 15:44:00,252,252,252,252,0
2022-11-29 15:45:00,252,252,252,252,0
2022-11-29 15:46:00,252,252,252,252,0
2022-11-29 15:47:00,252,252,252,252,0
2022-11-29 15:48:00,252,252,252,252,0
2022-11-29 15:49:00,252,252,252,252,0
2022-11-29 15:50:00,252,252,252,252,0
2022-11-29 15:51:00,252,252,252,252,0
2022-11-29 15:52:00,252,252,252,252,0
2022-11-29 15:53:00,252,252,252,252,0
2022-11-29 15:54:00,252,252,252,252,0
2022-11-29 15:55:00,252,252,252,252,0
2022-11-29 15:56:00,252,252,252,252,0
2022-11-29 15:57:00,252,252,252,252,0
2022-11-29 15:58:00,252,252,252,252,0
2022-11-29 15:59:00,252,252,252,252,0
2022-11-30 09:00:00,248,242,248,242,23800
2022-11-30 09:01:00,242,242,244,242,65900
2022-11-30 09:02:00,242,242,242,242,0
2022-11-30 09:03:00,242,242,242,242,0
2022-11-30 09:04:00,242,238,242,240,12500
2022-11-30 09:05:00,240,240,240,240,5300
2022-11-30 09:06:00,240,238,240,238,9500
2022-11-30 09:07:00,238,238,240,240,47100
2022-11-30 09:08:00,240,240,242,240,5600
2022-11-30 09:09:00,240,240,242,242,8000
2022-11-30 09:10:00,240,240,242,242,6200
2022-11-30 09:11:00,242,242,242,242,0
2022-11-30 09:12:00,240,240,240,240,21500
2022-11-30 09:13:00,240,240,240,240,0
2022-11-30 09:14:00,240,240,240,240,0
2022-11-30 09:15:00,240,240,240,240,0
2022-11-30 09:16:00,240,240,240,240,2400
2022-11-30 09:17:00,240,238,240,238,4000
2022-11-30 09:18:00,240,238,240,238,0
2022-11-30 09:19:00,238,238,238,238,7000
2022-11-30 09:20:00,238,238,238,238,6700
2022-11-30 09:21:00,238,238,238,238,0
2022-11-30 09:22:00,238,238,238,238,7500
2022-11-30 09:23:00,238,238,238,238,0
2022-11-30 09:24:00,238,238,238,238,0
2022-11-30 09:25:00,238,238,238,238,0
2022-11-30 09:26:00,238,238,238,238,0
2022-11-30 09:27:00,238,238,238,238,20000
2022-11-30 09:28:00,238,238,240,238,6100
2022-11-30 09:29:00,240,240,240,240,1600
2022-11-30 09:30:00,240,240,240,240,0
2022-11-30 09:31:00,240,240,240,240,0
2022-11-30 09:32:00,240,240,240,240,0
2022-11-30 09:33:00,240,240,240,240,0
2022-11-30 09:34:00,240,240,240,240,0
2022-11-30 09:35:00,240,240,240,240,400
2022-11-30 09:36:00,240,240,240,240,0
2022-11-30 09:37:00,240,240,240,240,0
2022-11-30 09:38:00,238,238,238,238,9000
2022-11-30 09:39:00,238,238,238,238,9200
2022-11-30 09:40:00,238,238,238,238,0
2022-11-30 09:41:00,240,240,240,240,0
2022-11-30 09:42:00,240,240,240,240,0
2022-11-30 09:43:00,240,240,240,240,0
2022-11-30 09:44:00,240,240,240,240,0
2022-11-30 09:45:00,240,240,240,240,0
2022-11-30 09:46:00,240,240,240,240,0
2022-11-30 09:47:00,238,238,238,238,13900
2022-11-30 09:48:00,238,238,238,238,0
2022-11-30 09:49:00,238,238,238,238,0
2022-11-30 09:50:00,238,238,238,238,0
2022-11-30 09:51:00,238,238,238,238,0
2022-11-30 09:52:00,240,240,240,240,100
2022-11-30 09:53:00,240,240,240,240,0
2022-11-30 09:54:00,240,240,240,240,0
2022-11-30 09:55:00,240,240,240,240,0
2022-11-30 09:56:00,240,240,240,240,0
2022-11-30 09:57:00,240,240,240,240,100
2022-11-30 09:58:00,240,240,240,240,0
2022-11-30 09:59:00,240,240,240,240,0
2022-11-30 10:00:00,240,240,240,240,0
2022-11-30 10:01:00,240,240,240,240,0
2022-11-30 10:02:00,240,240,240,240,0
2022-11-30 10:03:00,240,238,240,238,1300
2022-11-30 10:04:00,240,238,240,238,0
2022-11-30 10:05:00,240,238,240,238,0
2022-11-30 10:06:00,240,238,240,238,0
2022-11-30 10:07:00,240,238,240,238,0
2022-11-30 10:08:00,238,238,238,238,0
2022-11-30 10:09:00,238,238,238,238,0
2022-11-30 10:10:00,238,238,238,238,0
2022-11-30 10:11:00,238,238,238,238,0
2022-11-30 10:12:00,238,238,238,238,0
2022-11-30 10:13:00,238,238,238,238,0
2022-11-30 10:14:00,238,238,238,238,0
2022-11-30 10:15:00,238,238,238,238,0
2022-11-30 10:16:00,238,238,238,238,0
2022-11-30 10:17:00,238,238,238,238,0
2022-11-30 10:18:00,238,238,238,238,5700
2022-11-30 10:19:00,238,238,238,238,0
2022-11-30 10:20:00,238,238,238,238,9400
2022-11-30 10:21:00,238,238,238,238,0
2022-11-30 10:22:00,240,240,240,240,500
2022-11-30 10:23:00,240,240,240,240,0
2022-11-30 10:24:00,240,240,240,240,0
2022-11-30 10:25:00,240,240,240,240,0
2022-11-30 10:26:00,240,240,240,240,0
2022-11-30 10:27:00,240,240,240,240,0
2022-11-30 10:28:00,238,238,238,238,1100
2022-11-30 10:29:00,238,238,238,238,0
2022-11-30 10:30:00,238,238,238,238,0
2022-11-30 10:31:00,238,238,238,238,0
2022-11-30 10:32:00,238,238,238,238,0
2022-11-30 10:33:00,238,238,238,238,0
2022-11-30 10:34:00,238,238,238,238,0
2022-11-30 10:35:00,238,238,238,238,0
2022-11-30 10:36:00,238,238,238,238,0
2022-11-30 10:37:00,238,238,238,238,0
2022-11-30 10:38:00,238,238,238,238,0
2022-11-30 10:39:00,238,238,238,238,0
2022-11-30 10:40:00,238,238,238,238,0
2022-11-30 10:41:00,238,238,238,238,0
2022-11-30 10:42:00,238,238,238,238,0
2022-11-30 10:43:00,238,238,238,238,0
2022-11-30 10:44:00,238,238,238,238,0
2022-11-30 10:45:00,238,238,238,238,41400
2022-11-30 10:46:00,238,238,238,238,0
2022-11-30 10:47:00,238,238,238,238,0
2022-11-30 10:48:00,238,238,238,238,0
2022-11-30 10:49:00,238,238,238,238,0
2022-11-30 10:50:00,238,238,238,238,0
2022-11-30 10:51:00,238,238,238,238,200
2022-11-30 10:52:00,238,238,238,238,0
2022-11-30 10:53:00,238,238,238,238,0
2022-11-30 10:54:00,238,238,238,238,1400
2022-11-30 10:55:00,238,238,238,238,0
2022-11-30 10:56:00,238,238,238,238,0
2022-11-30 10:57:00,238,238,238,238,0
2022-11-30 10:58:00,238,238,238,238,0
2022-11-30 10:59:00,238,238,238,238,0
2022-11-30 11:00:00,240,240,240,240,500
2022-11-30 11:01:00,240,240,240,240,0
2022-11-30 11:02:00,240,240,240,240,4100
2022-11-30 11:03:00,240,240,240,240,0
2022-11-30 11:04:00,240,240,240,240,0
2022-11-30 11:05:00,240,240,240,240,0
2022-11-30 11:06:00,240,240,240,240,0
2022-11-30 11:07:00,240,240,240,240,0
2022-11-30 11:08:00,240,240,240,240,0
2022-11-30 11:09:00,240,240,240,240,0
2022-11-30 11:10:00,240,240,240,240,0
2022-11-30 11:11:00,240,240,240,240,0
2022-11-30 11:12:00,240,240,240,240,0
2022-11-30 11:13:00,238,238,240,240,7800
2022-11-30 11:14:00,238,238,240,240,0
2022-11-30 11:15:00,240,240,240,240,0
2022-11-30 11:16:00,240,240,240,240,0
2022-11-30 11:17:00,240,240,240,240,0
2022-11-30 11:18:00,240,240,240,240,0
2022-11-30 11:19:00,240,240,240,240,0
2022-11-30 11:20:00,240,240,240,240,0
2022-11-30 11:21:00,240,240,240,240,0
2022-11-30 11:22:00,240,240,240,240,10000
2022-11-30 11:23:00,240,240,240,240,0
2022-11-30 11:24:00,240,240,240,240,0
2022-11-30 11:25:00,240,240,240,240,0
2022-11-30 11:26:00,240,240,240,240,0
2022-11-30 11:27:00,240,240,240,240,0
2022-11-30 11:28:00,240,240,240,240,0
2022-11-30 11:29:00,238,238,238,238,100
2022-11-30 11:30:00,238,238,238,238,0
2022-11-30 11:31:00,238,238,238,238,0
2022-11-30 11:32:00,238,238,238,238,0
2022-11-30 11:33:00,238,238,238,238,0
2022-11-30 11:34:00,238,238,238,238,0
2022-11-30 11:35:00,238,238,238,238,0
2022-11-30 11:36:00,238,238,238,238,0
2022-11-30 11:37:00,238,238,238,238,0
2022-11-30 11:38:00,238,238,238,238,0
2022-11-30 11:39:00,238,238,238,238,0
2022-11-30 11:40:00,238,238,238,238,0
2022-11-30 11:41:00,238,238,238,238,0
2022-11-30 11:42:00,238,238,238,238,0
2022-11-30 11:43:00,238,238,238,238,0
2022-11-30 11:44:00,238,238,238,238,0
2022-11-30 11:45:00,238,238,238,238,0
2022-11-30 11:46:00,238,238,238,238,0
2022-11-30 11:47:00,238,238,238,238,0
2022-11-30 11:48:00,238,238,238,238,0
2022-11-30 11:49:00,238,238,238,238,0
2022-11-30 11:50:00,238,238,238,238,0
2022-11-30 11:51:00,238,238,238,238,0
2022-11-30 11:52:00,238,238,238,238,0
2022-11-30 11:53:00,238,238,238,238,0
2022-11-30 11:54:00,238,238,238,238,0
2022-11-30 11:55:00,238,238,238,238,0
2022-11-30 11:56:00,238,238,238,238,0
2022-11-30 11:57:00,238,238,238,238,0
2022-11-30 11:58:00,238,238,238,238,0
2022-11-30 11:59:00,238,238,238,238,0
2022-11-30 12:00:00,238,238,238,238,0
2022-11-30 12:01:00,238,238,238,238,0
2022-11-30 12:02:00,238,238,238,238,0
2022-11-30 12:03:00,238,238,238,238,0
2022-11-30 12:04:00,238,238,238,238,0
2022-11-30 12:05:00,238,238,238,238,0
2022-11-30 12:06:00,238,238,238,238,0
2022-11-30 12:07:00,238,238,238,238,0
2022-11-30 12:08:00,238,238,238,238,0
2022-11-30 12:09:00,238,238,238,238,0
2022-11-30 12:10:00,238,238,238,238,0
2022-11-30 12:11:00,238,238,238,238,0
2022-11-30 12:12:00,238,238,238,238,0
2022-11-30 12:13:00,238,238,238,238,0
2022-11-30 12:14:00,238,238,238,238,0
2022-11-30 12:15:00,238,238,238,238,0
2022-11-30 12:16:00,238,238,238,238,0
2022-11-30 12:17:00,238,238,238,238,0
2022-11-30 12:18:00,238,238,238,238,0
2022-11-30 12:19:00,238,238,238,238,0
2022-11-30 12:20:00,238,238,238,238,0
2022-11-30 12:21:00,238,238,238,238,0
2022-11-30 12:22:00,238,238,238,238,0
2022-11-30 12:23:00,238,238,238,238,0
2022-11-30 12:24:00,238,238,238,238,0
2022-11-30 12:25:00,238,238,238,238,0
2022-11-30 12:26:00,238,238,238,238,0
2022-11-30 12:27:00,238,238,238,238,0
2022-11-30 12:28:00,238,238,238,238,0
2022-11-30 12:29:00,238,238,238,238,0
2022-11-30 12:30:00,238,238,238,238,0
2022-11-30 12:31:00,238,238,238,238,0
2022-11-30 12:32:00,238,238,238,238,0
2022-11-30 12:33:00,238,238,238,238,0
2022-11-30 12:34:00,238,238,238,238,0
2022-11-30 12:35:00,238,238,238,238,0
2022-11-30 12:36:00,238,238,238,238,0
2022-11-30 12:37:00,238,238,238,238,0
2022-11-30 12:38:00,238,238,238,238,0
2022-11-30 12:39:00,238,238,238,238,0
2022-11-30 12:40:00,238,238,238,238,0
2022-11-30 12:41:00,238,238,238,238,0
2022-11-30 12:42:00,238,238,238,238,0
2022-11-30 12:43:00,238,238,238,238,0
2022-11-30 12:44:00,238,238,238,238,0
2022-11-30 12:45:00,238,238,238,238,0
2022-11-30 12:46:00,238,238,238,238,0
2022-11-30 12:47:00,238,238,238,238,0
2022-11-30 12:48:00,238,238,238,238,0
2022-11-30 12:49:00,238,238,238,238,0
2022-11-30 12:50:00,238,238,238,238,0
2022-11-30 12:51:00,238,238,238,238,0
2022-11-30 12:52:00,238,238,238,238,0
2022-11-30 12:53:00,238,238,238,238,0
2022-11-30 12:54:00,238,238,238,238,0
2022-11-30 12:55:00,238,238,238,238,0
2022-11-30 12:56:00,238,238,238,238,0
2022-11-30 12:57:00,238,238,238,238,0
2022-11-30 12:58:00,238,238,238,238,0
2022-11-30 12:59:00,238,238,238,238,0
2022-11-30 13:00:00,238,238,238,238,0
2022-11-30 13:01:00,238,238,238,238,0
2022-11-30 13:02:00,238,238,238,238,0
2022-11-30 13:03:00,238,238,238,238,0
2022-11-30 13:04:00,238,238,238,238,0
2022-11-30 13:05:00,238,238,238,238,0
2022-11-30 13:06:00,238,238,238,238,0
2022-11-30 13:07:00,238,238,238,238,0
2022-11-30 13:08:00,238,238,238,238,0
2022-11-30 13:09:00,238,238,238,238,0
2022-11-30 13:10:00,238,238,238,238,0
2022-11-30 13:11:00,238,238,238,238,0
2022-11-30 13:12:00,238,238,238,238,0
2022-11-30 13:13:00,238,238,238,238,0
2022-11-30 13:14:00,238,238,238,238,0
2022-11-30 13:15:00,238,238,238,238,0
2022-11-30 13:16:00,238,238,238,238,0
2022-11-30 13:17:00,238,238,238,238,0
2022-11-30 13:18:00,238,238,238,238,0
2022-11-30 13:19:00,238,238,238,238,0
2022-11-30 13:20:00,238,238,238,238,0
2022-11-30 13:21:00,238,238,238,238,0
2022-11-30 13:22:00,238,238,238,238,0
2022-11-30 13:23:00,238,238,238,238,0
2022-11-30 13:24:00,238,238,238,238,0
2022-11-30 13:25:00,238,238,238,238,0
2022-11-30 13:26:00,238,238,238,238,0
2022-11-30 13:27:00,238,238,238,238,0
2022-11-30 13:28:00,238,238,238,238,0
2022-11-30 13:29:00,238,238,238,238,0
2022-11-30 13:30:00,238,238,238,238,10000
2022-11-30 13:31:00,238,238,238,238,0
2022-11-30 13:32:00,238,238,238,238,4000
2022-11-30 13:33:00,238,238,238,238,16600
2022-11-30 13:34:00,238,238,238,238,0
2022-11-30 13:35:00,238,238,238,238,0
2022-11-30 13:36:00,238,238,238,238,12800
2022-11-30 13:37:00,238,238,238,238,0
2022-11-30 13:38:00,236,236,236,236,14300
2022-11-30 13:39:00,236,236,236,236,0
2022-11-30 13:40:00,238,238,238,238,0
2022-11-30 13:41:00,238,238,238,238,0
2022-11-30 13:42:00,238,238,238,238,0
2022-11-30 13:43:00,238,238,238,238,0
2022-11-30 13:44:00,238,238,238,238,0
2022-11-30 13:45:00,238,238,238,238,0
2022-11-30 13:46:00,238,238,238,238,100
2022-11-30 13:47:00,238,238,238,238,0
2022-11-30 13:48:00,238,238,238,238,0
2022-11-30 13:49:00,238,238,238,238,0
2022-11-30 13:50:00,238,238,238,238,0
2022-11-30 13:51:00,238,238,238,238,0
2022-11-30 13:52:00,238,238,238,238,0
2022-11-30 13:53:00,238,238,238,238,0
2022-11-30 13:54:00,238,238,238,238,0
2022-11-30 13:55:00,238,238,238,238,0
2022-11-30 13:56:00,236,236,236,236,7200
2022-11-30 13:57:00,236,236,236,236,0
2022-11-30 13:58:00,236,236,236,236,0
2022-11-30 13:59:00,236,236,236,236,0
2022-11-30 14:00:00,236,236,236,236,6600
2022-11-30 14:01:00,236,236,236,236,0
2022-11-30 14:02:00,238,238,238,238,800
2022-11-30 14:03:00,238,238,238,238,0
2022-11-30 14:04:00,238,238,238,238,0
2022-11-30 14:05:00,238,238,238,238,0
2022-11-30 14:06:00,238,238,238,238,0
2022-11-30 14:07:00,238,238,238,238,1800
2022-11-30 14:08:00,238,238,238,238,1900
2022-11-30 14:09:00,238,238,238,238,0
2022-11-30 14:10:00,238,238,238,238,0
2022-11-30 14:11:00,238,238,238,238,0
2022-11-30 14:12:00,238,238,238,238,0
2022-11-30 14:13:00,238,238,238,238,200
2022-11-30 14:14:00,238,238,238,238,0
2022-11-30 14:15:00,236,236,236,236,200
2022-11-30 14:16:00,238,236,238,236,3400
2022-11-30 14:17:00,238,236,238,236,0
2022-11-30 14:18:00,238,238,238,238,0
2022-11-30 14:19:00,236,236,236,236,27200
2022-11-30 14:20:00,236,236,236,236,0
2022-11-30 14:21:00,236,236,236,236,0
2022-11-30 14:22:00,236,236,236,236,0
2022-11-30 14:23:00,238,238,238,238,0
2022-11-30 14:24:00,238,236,238,236,900
2022-11-30 14:25:00,238,236,238,236,0
2022-11-30 14:26:00,238,236,238,236,0
2022-11-30 14:27:00,238,236,238,236,0
2022-11-30 14:28:00,238,238,238,238,3000
2022-11-30 14:29:00,238,238,238,238,0
2022-11-30 14:30:00,238,238,238,238,0
2022-11-30 14:31:00,238,238,238,238,0
2022-11-30 14:32:00,238,238,238,238,0
2022-11-30 14:33:00,238,238,238,238,0
2022-11-30 14:34:00,238,238,238,238,0
2022-11-30 14:35:00,238,238,238,238,0
2022-11-30 14:36:00,238,238,238,238,0
2022-11-30 14:37:00,238,238,238,238,0
2022-11-30 14:38:00,238,238,238,238,0
2022-11-30 14:39:00,238,238,238,238,4900
2022-11-30 14:40:00,238,238,238,238,0
2022-11-30 14:41:00,238,238,238,238,0
2022-11-30 14:42:00,238,238,238,238,3000
2022-11-30 14:43:00,236,236,236,236,0
2022-11-30 14:44:00,236,236,236,236,0
2022-11-30 14:45:00,236,236,236,236,0
2022-11-30 14:46:00,236,236,236,236,0
2022-11-30 14:47:00,236,236,236,236,200
2022-11-30 14:48:00,236,236,236,236,0
2022-11-30 14:49:00,236,236,236,236,0
2022-11-30 14:50:00,236,236,236,236,0
2022-11-30 14:51:00,236,236,236,236,0
2022-11-30 14:52:00,236,236,236,236,0
2022-11-30 14:53:00,236,236,236,236,0
2022-11-30 14:54:00,236,236,236,236,0
2022-11-30 14:55:00,236,236,236,236,0
2022-11-30 14:56:00,236,236,236,236,0
2022-11-30 14:57:00,236,236,236,236,0
2022-11-30 14:58:00,236,236,236,236,0
2022-11-30 14:59:00,236,236,236,236,0
2022-11-30 15:00:00,236,236,236,236,1500
2022-11-30 15:01:00,236,236,236,236,16800
2022-11-30 15:02:00,236,236,236,236,0
2022-11-30 15:03:00,236,236,236,236,0
2022-11-30 15:04:00,236,236,236,236,0
2022-11-30 15:05:00,236,236,236,236,0
2022-11-30 15:06:00,236,236,236,236,0
2022-11-30 15:07:00,236,236,236,236,0
2022-11-30 15:08:00,236,236,236,236,0
2022-11-30 15:09:00,236,236,236,236,0
2022-11-30 15:10:00,236,236,236,236,0
2022-11-30 15:11:00,236,236,236,236,0
2022-11-30 15:12:00,236,236,236,236,479300
2022-11-30 15:13:00,236,236,236,236,0
2022-11-30 15:14:00,236,236,236,236,0
2022-11-30 15:15:00,236,236,236,236,0
2022-11-30 15:16:00,236,236,236,236,0
2022-11-30 15:17:00,236,236,236,236,0
2022-11-30 15:18:00,236,236,236,236,0
2022-11-30 15:19:00,236,236,236,236,0
2022-11-30 15:20:00,236,236,236,236,0
2022-11-30 15:21:00,236,236,236,236,0
2022-11-30 15:22:00,236,236,236,236,0
2022-11-30 15:23:00,236,236,236,236,0
2022-11-30 15:24:00,236,236,236,236,0
2022-11-30 15:25:00,236,236,236,236,0
2022-11-30 15:26:00,236,236,236,236,0
2022-11-30 15:27:00,236,236,236,236,0
2022-11-30 15:28:00,236,236,236,236,0
2022-11-30 15:29:00,236,236,236,236,0
2022-11-30 15:30:00,236,236,236,236,0
2022-11-30 15:31:00,236,236,236,236,0
2022-11-30 15:32:00,236,236,236,236,0
2022-11-30 15:33:00,236,236,236,236,0
2022-11-30 15:34:00,236,236,236,236,0
2022-11-30 15:35:00,236,236,236,236,0
2022-11-30 15:36:00,236,236,236,236,0
2022-11-30 15:37:00,236,236,236,236,0
2022-11-30 15:38:00,236,236,236,236,0
2022-11-30 15:39:00,236,236,236,236,0
2022-11-30 15:40:00,236,236,236,236,0
2022-11-30 15:41:00,236,236,236,236,0
2022-11-30 15:42:00,236,236,236,236,0
2022-11-30 15:43:00,236,236,236,236,0
2022-11-30 15:44:00,236,236,236,236,0
2022-11-30 15:45:00,236,236,236,236,0
2022-11-30 15:46:00,236,236,236,236,0
2022-11-30 15:47:00,236,236,236,236,0
2022-11-30 15:48:00,236,236,236,236,0
2022-11-30 15:49:00,236,236,236,236,0
2022-11-30 15:50:00,236,236,236,236,0
2022-11-30 15:51:00,236,236,236,236,0
2022-11-30 15:52:00,236,236,236,236,0
2022-11-30 15:53:00,236,236,236,236,0
2022-11-30 15:54:00,236,236,236,236,0
2022-11-30 15:55:00,236,236,236,236,0
2022-11-30 15:56:00,236,236,236,236,0
2022-11-30 15:57:00,236,236,236,236,0
2022-11-30 15:58:00,236,236,236,236,0
2022-11-30 15:59:00,236,236,236,236,0
2022-12-01 09:00:00,236,236,236,236,0
2022-12-01 09:01:00,236,236,236,236,0
2022-12-01 09:02:00,236,236,236,236,0
2022-12-01 09:03:00,236,236,236,236,12800
2022-12-01 09:04:00,236,236,236,236,0
2022-12-01 09:05:00,236,236,236,236,0
2022-12-01 09:06:00,234,234,234,234,600
2022-12-01 09:07:00,234,234,234,234,0
2022-12-01 09:08:00,234,234,234,234,0
2022-12-01 09:09:00,234,234,234,234,0
2022-12-01 09:10:00,234,234,234,234,4800
2022-12-01 09:11:00,234,234,234,234,0
2022-12-01 09:12:00,234,234,234,234,0
2022-12-01 09:13:00,232,232,232,232,1900
2022-12-01 09:14:00,232,232,232,232,4400
2022-12-01 09:15:00,232,232,232,232,5000
2022-12-01 09:16:00,230,230,230,230,16300
2022-12-01 09:17:00,230,230,230,230,0
2022-12-01 09:18:00,230,230,230,230,0
2022-12-01 09:19:00,230,230,230,230,0
2022-12-01 09:20:00,230,230,230,230,0
2022-12-01 09:21:00,232,232,232,232,0
2022-12-01 09:22:00,232,232,232,232,0
2022-12-01 09:23:00,230,230,232,232,1900
2022-12-01 09:24:00,232,232,232,232,300
2022-12-01 09:25:00,232,232,232,232,0
2022-12-01 09:26:00,232,232,232,232,0
2022-12-01 09:27:00,232,232,232,232,0
2022-12-01 09:28:00,232,232,232,232,0
2022-12-01 09:29:00,232,232,232,232,0
2022-12-01 09:30:00,232,232,232,232,0
2022-12-01 09:31:00,232,232,232,232,0
2022-12-01 09:32:00,232,232,232,232,0
2022-12-01 09:33:00,232,232,232,232,0
2022-12-01 09:34:00,230,230,232,232,3200
2022-12-01 09:35:00,230,230,232,232,0
2022-12-01 09:36:00,230,230,232,232,0
2022-12-01 09:37:00,232,232,232,232,2000
2022-12-01 09:38:00,232,232,232,232,0
2022-12-01 09:39:00,232,232,232,232,0
2022-12-01 09:40:00,232,232,232,232,0
2022-12-01 09:41:00,232,232,232,232,0
2022-12-01 09:42:00,230,230,230,230,5500
2022-12-01 09:43:00,230,230,230,230,0
2022-12-01 09:44:00,230,230,230,230,0
2022-12-01 09:45:00,230,230,230,230,0
2022-12-01 09:46:00,230,230,230,230,0
2022-12-01 09:47:00,230,230,230,230,2900
2022-12-01 09:48:00,230,230,230,230,0
2022-12-01 09:49:00,230,230,230,230,0
2022-12-01 09:50:00,230,230,230,230,4700
2022-12-01 09:51:00,230,230,230,230,0
2022-12-01 09:52:00,230,230,230,230,0
2022-12-01 09:53:00,230,230,230,230,0
2022-12-01 09:54:00,230,230,230,230,1600
2022-12-01 09:55:00,230,230,230,230,1900
2022-12-01 09:56:00,230,230,230,230,0
2022-12-01 09:57:00,230,230,230,230,0
2022-12-01 09:58:00,230,230,230,230,0
2022-12-01 09:59:00,230,230,230,230,0
2022-12-01 10:00:00,230,230,230,230,0
2022-12-01 10:01:00,230,230,230,230,0
2022-12-01 10:02:00,230,230,230,230,0
2022-12-01 10:03:00,230,230,230,230,0
2022-12-01 10:04:00,230,230,230,230,3000
2022-12-01 10:05:00,230,230,230,230,0
2022-12-01 10:06:00,230,230,230,230,0
2022-12-01 10:07:00,230,230,230,230,0
2022-12-01 10:08:00,230,230,230,230,300
2022-12-01 10:09:00,230,230,230,230,0
2022-12-01 10:10:00,230,230,230,230,0
2022-12-01 10:11:00,230,230,230,230,0
2022-12-01 10:12:00,230,230,230,230,0
2022-12-01 10:13:00,230,230,230,230,0
2022-12-01 10:14:00,230,230,230,230,0
2022-12-01 10:15:00,230,230,230,230,0
2022-12-01 10:16:00,230,230,230,230,0
2022-12-01 10:17:00,230,230,230,230,0
2022-12-01 10:18:00,230,230,230,230,0
2022-12-01 10:19:00,230,230,230,230,0
2022-12-01 10:20:00,230,230,230,230,0
2022-12-01 10:21:00,230,230,230,230,0
2022-12-01 10:22:00,230,230,230,230,0
2022-12-01 10:23:00,230,230,230,230,0
2022-12-01 10:24:00,230,230,230,230,2000
2022-12-01 10:25:00,230,230,230,230,5000
2022-12-01 10:26:00,230,230,230,230,0
2022-12-01 10:27:00,230,230,230,230,0
2022-12-01 10:28:00,230,230,230,230,0
2022-12-01 10:29:00,230,230,230,230,0
2022-12-01 10:30:00,230,230,230,230,0
2022-12-01 10:31:00,230,230,230,230,20500
2022-12-01 10:32:00,230,230,230,230,0
2022-12-01 10:33:00,230,230,230,230,0
2022-12-01 10:34:00,230,230,230,230,0
2022-12-01 10:35:00,230,230,230,230,0
2022-12-01 10:36:00,230,230,230,230,0
2022-12-01 10:37:00,230,230,230,230,0
2022-12-01 10:38:00,230,230,230,230,0
2022-12-01 10:39:00,230,230,230,230,0
2022-12-01 10:40:00,230,230,230,230,0
2022-12-01 10:41:00,230,230,230,230,0
2022-12-01 10:42:00,230,230,230,230,0
2022-12-01 10:43:00,230,230,230,230,0
2022-12-01 10:44:00,230,230,230,230,0
2022-12-01 10:45:00,230,230,230,230,0
2022-12-01 10:46:00,230,230,230,230,0
2022-12-01 10:47:00,230,230,230,230,0
2022-12-01 10:48:00,230,230,230,230,0
2022-12-01 10:49:00,230,230,230,230,200
2022-12-01 10:50:00,230,230,230,230,0
2022-12-01 10:51:00,230,230,230,230,0
2022-12-01 10:52:00,230,230,230,230,0
2022-12-01 10:53:00,230,230,230,230,0
2022-12-01 10:54:00,230,230,230,230,0
2022-12-01 10:55:00,230,230,230,230,0
2022-12-01 10:56:00,230,230,230,230,0
2022-12-01 10:57:00,230,230,230,230,600
2022-12-01 10:58:00,230,230,230,230,0
2022-12-01 10:59:00,230,230,230,230,1300
2022-12-01 11:00:00,230,230,230,230,0
2022-12-01 11:01:00,230,230,230,230,0
2022-12-01 11:02:00,230,230,230,230,0
2022-12-01 11:03:00,230,230,230,230,3500
2022-12-01 11:04:00,230,230,230,230,0
2022-12-01 11:05:00,230,230,230,230,0
2022-12-01 11:06:00,230,230,230,230,0
2022-12-01 11:07:00,230,230,230,230,200
2022-12-01 11:08:00,230,230,230,230,1000
2022-12-01 11:09:00,230,230,230,230,0
2022-12-01 11:10:00,232,232,252,252,225300
2022-12-01 11:11:00,252,252,252,252,0
2022-12-01 11:12:00,252,250,252,250,21000
2022-12-01 11:13:00,250,250,250,250,8400
2022-12-01 11:14:00,250,250,250,250,0
2022-12-01 11:15:00,250,250,250,250,0
2022-12-01 11:16:00,250,250,250,250,0
2022-12-01 11:17:00,240,240,240,240,400
2022-12-01 11:18:00,232,232,232,232,3400
2022-12-01 11:19:00,234,234,236,236,2600
2022-12-01 11:20:00,236,232,236,232,0
2022-12-01 11:21:00,236,232,236,232,0
2022-12-01 11:22:00,236,232,236,232,0
2022-12-01 11:23:00,236,232,236,232,0
2022-12-01 11:24:00,236,232,236,232,0
2022-12-01 11:25:00,236,232,236,232,0
2022-12-01 11:26:00,236,232,236,232,0
2022-12-01 11:27:00,236,232,236,232,0
2022-12-01 11:28:00,236,232,236,232,0
2022-12-01 11:29:00,236,232,236,232,0
2022-12-01 11:30:00,236,232,236,232,0
2022-12-01 11:31:00,236,232,236,232,0
2022-12-01 11:32:00,236,232,236,232,0
2022-12-01 11:33:00,236,232,236,232,0
2022-12-01 11:34:00,236,232,236,232,0
2022-12-01 11:35:00,236,232,236,232,0
2022-12-01 11:36:00,236,232,236,232,0
2022-12-01 11:37:00,236,232,236,232,0
2022-12-01 11:38:00,236,232,236,232,0
2022-12-01 11:39:00,236,232,236,232,0
2022-12-01 11:40:00,236,232,236,232,0
2022-12-01 11:41:00,236,232,236,232,0
2022-12-01 11:42:00,236,232,236,232,0
2022-12-01 11:43:00,236,232,236,232,0
2022-12-01 11:44:00,236,232,236,232,0
2022-12-01 11:45:00,236,232,236,232,0
2022-12-01 11:46:00,236,232,236,232,0
2022-12-01 11:47:00,236,232,236,232,0
2022-12-01 11:48:00,236,232,236,232,0
2022-12-01 11:49:00,236,232,236,232,0
2022-12-01 11:50:00,236,232,236,232,0
2022-12-01 11:51:00,236,232,236,232,0
2022-12-01 11:52:00,236,232,236,232,0
2022-12-01 11:53:00,236,232,236,232,0
2022-12-01 11:54:00,236,232,236,232,0
2022-12-01 11:55:00,236,232,236,232,0
2022-12-01 11:56:00,236,232,236,232,0
2022-12-01 11:57:00,236,232,236,232,0
2022-12-01 11:58:00,236,232,236,232,0
2022-12-01 11:59:00,236,232,236,232,0
2022-12-01 12:00:00,236,232,236,232,0
2022-12-01 12:01:00,236,232,236,232,0
2022-12-01 12:02:00,236,232,236,232,0
2022-12-01 12:03:00,236,232,236,232,0
2022-12-01 12:04:00,236,232,236,232,0
2022-12-01 12:05:00,236,232,236,232,0
2022-12-01 12:06:00,236,232,236,232,0
2022-12-01 12:07:00,236,232,236,232,0
2022-12-01 12:08:00,236,232,236,232,0
2022-12-01 12:09:00,236,232,236,232,0
2022-12-01 12:10:00,236,232,236,232,0
2022-12-01 12:11:00,236,232,236,232,0
2022-12-01 12:12:00,236,232,236,232,0
2022-12-01 12:13:00,236,232,236,232,0
2022-12-01 12:14:00,236,232,236,232,0
2022-12-01 12:15:00,236,232,236,232,0
2022-12-01 12:16:00,236,232,236,232,0
2022-12-01 12:17:00,236,232,236,232,0
2022-12-01 12:18:00,236,232,236,232,0
2022-12-01 12:19:00,236,232,236,232,0
2022-12-01 12:20:00,236,232,236,232,0
2022-12-01 12:21:00,236,232,236,232,0
2022-12-01 12:22:00,236,232,236,232,0
2022-12-01 12:23:00,236,232,236,232,0
2022-12-01 12:24:00,236,232,236,232,0
2022-12-01 12:25:00,236,232,236,232,0
2022-12-01 12:26:00,236,232,236,232,0
2022-12-01 12:27:00,236,232,236,232,0
2022-12-01 12:28:00,236,232,236,232,0
2022-12-01 12:29:00,236,232,236,232,0
2022-12-01 12:30:00,236,232,236,232,0
2022-12-01 12:31:00,236,232,236,232,0
2022-12-01 12:32:00,236,232,236,232,0
2022-12-01 12:33:00,236,232,236,232,0
2022-12-01 12:34:00,236,232,236,232,0
2022-12-01 12:35:00,236,232,236,232,0
2022-12-01 12:36:00,236,232,236,232,0
2022-12-01 12:37:00,236,232,236,232,0
2022-12-01 12:38:00,236,232,236,232,0
2022-12-01 12:39:00,236,232,236,232,0
2022-12-01 12:40:00,236,232,236,232,0
2022-12-01 12:41:00,236,232,236,232,0
2022-12-01 12:42:00,236,232,236,232,0
2022-12-01 12:43:00,236,232,236,232,0
2022-12-01 12:44:00,236,232,236,232,0
2022-12-01 12:45:00,236,232,236,232,0
2022-12-01 12:46:00,236,232,236,232,0
2022-12-01 12:47:00,236,232,236,232,0
2022-12-01 12:48:00,236,232,236,232,0
2022-12-01 12:49:00,236,232,236,232,0
2022-12-01 12:50:00,236,232,236,232,0
2022-12-01 12:51:00,236,232,236,232,0
2022-12-01 12:52:00,236,232,236,232,0
2022-12-01 12:53:00,236,232,236,232,0
2022-12-01 12:54:00,236,232,236,232,0
2022-12-01 12:55:00,236,232,236,232,0
2022-12-01 12:56:00,236,232,236,232,0
2022-12-01 12:57:00,236,232,236,232,0
2022-12-01 12:58:00,236,232,236,232,0
2022-12-01 12:59:00,236,232,236,232,0
2022-12-01 13:00:00,236,232,236,232,0
2022-12-01 13:01:00,236,232,236,232,0
2022-12-01 13:02:00,236,232,236,232,0
2022-12-01 13:03:00,236,232,236,232,0
2022-12-01 13:04:00,236,232,236,232,0
2022-12-01 13:05:00,236,232,236,232,0
2022-12-01 13:06:00,236,232,236,232,0
2022-12-01 13:07:00,236,232,236,232,0
2022-12-01 13:08:00,236,232,236,232,0
2022-12-01 13:09:00,236,232,236,232,0
2022-12-01 13:10:00,236,232,236,232,0
2022-12-01 13:11:00,236,232,236,232,0
2022-12-01 13:12:00,236,232,236,232,0
2022-12-01 13:13:00,236,232,236,232,0
2022-12-01 13:14:00,236,232,236,232,0
2022-12-01 13:15:00,236,232,236,232,0
2022-12-01 13:16:00,236,232,236,232,0
2022-12-01 13:17:00,236,232,236,232,0
2022-12-01 13:18:00,236,232,236,232,0
2022-12-01 13:19:00,236,232,236,232,0
2022-12-01 13:20:00,236,232,236,232,0
2022-12-01 13:21:00,236,232,236,232,0
2022-12-01 13:22:00,236,232,236,232,0
2022-12-01 13:23:00,236,232,236,232,0
2022-12-01 13:24:00,236,232,236,232,0
2022-12-01 13:25:00,236,232,236,232,0
2022-12-01 13:26:00,236,232,236,232,0
2022-12-01 13:27:00,236,232,236,232,0
2022-12-01 13:28:00,236,232,236,232,0
2022-12-01 13:29:00,236,232,236,232,0
2022-12-01 13:30:00,236,232,236,232,0
2022-12-01 13:31:00,236,232,236,232,0
2022-12-01 13:32:00,236,232,236,232,0
2022-12-01 13:33:00,236,232,236,232,0
2022-12-01 13:34:00,236,232,236,232,0
2022-12-01 13:35:00,236,232,236,232,0
2022-12-01 13:36:00,236,232,236,232,0
2022-12-01 13:37:00,236,232,236,232,0
2022-12-01 13:38:00,236,236,236,236,800
2022-12-01 13:39:00,236,236,236,236,0
2022-12-01 13:40:00,234,234,234,234,2100
2022-12-01 13:41:00,234,234,234,234,0
2022-12-01 13:42:00,234,234,234,234,0
2022-12-01 13:43:00,234,234,234,234,0
2022-12-01 13:44:00,234,234,234,234,0
2022-12-01 13:45:00,234,234,234,234,0
2022-12-01 13:46:00,234,234,234,234,0
2022-12-01 13:47:00,234,234,234,234,0
2022-12-01 13:48:00,234,234,234,234,0
2022-12-01 13:49:00,236,236,236,236,0
2022-12-01 13:50:00,236,236,236,236,0
2022-12-01 13:51:00,236,236,236,236,0
2022-12-01 13:52:00,236,236,236,236,0
2022-12-01 13:53:00,236,236,236,236,0
2022-12-01 13:54:00,236,236,236,236,0
2022-12-01 13:55:00,236,236,236,236,0
2022-12-01 13:56:00,236,236,236,236,0
2022-12-01 13:57:00,236,236,236,236,0
2022-12-01 13:58:00,236,236,236,236,0
2022-12-01 13:59:00,236,236,236,236,0
2022-12-01 14:00:00,236,236,236,236,0
2022-12-01 14:01:00,236,236,236,236,200
2022-12-01 14:02:00,236,236,236,236,0
2022-12-01 14:03:00,236,236,236,236,0
2022-12-01 14:04:00,236,236,236,236,0
2022-12-01 14:05:00,236,236,236,236,200
2022-12-01 14:06:00,236,236,236,236,100
2022-12-01 14:07:00,236,236,236,236,0
2022-12-01 14:08:00,236,236,236,236,0
2022-12-01 14:09:00,236,236,236,236,0
2022-12-01 14:10:00,236,236,236,236,0
2022-12-01 14:11:00,236,236,236,236,0
2022-12-01 14:12:00,236,236,236,236,0
2022-12-01 14:13:00,236,236,236,236,0
2022-12-01 14:14:00,236,236,236,236,0
2022-12-01 14:15:00,236,236,236,236,0
2022-12-01 14:16:00,236,236,236,236,0
2022-12-01 14:17:00,236,236,236,236,0
2022-12-01 14:18:00,236,236,236,236,0
2022-12-01 14:19:00,236,236,236,236,0
2022-12-01 14:20:00,236,236,236,236,0
2022-12-01 14:21:00,236,236,236,236,0
2022-12-01 14:22:00,236,236,236,236,0
2022-12-01 14:23:00,234,234,234,234,1100
2022-12-01 14:24:00,234,234,234,234,0
2022-12-01 14:25:00,234,234,234,234,0
2022-12-01 14:26:00,234,234,234,234,0
2022-12-01 14:27:00,234,234,234,234,0
2022-12-01 14:28:00,234,234,234,234,0
2022-12-01 14:29:00,234,234,234,234,0
2022-12-01 14:30:00,234,234,234,234,0
2022-12-01 14:31:00,234,234,234,234,0
2022-12-01 14:32:00,234,234,234,234,0
2022-12-01 14:33:00,234,234,234,234,0
2022-12-01 14:34:00,234,234,234,234,0
2022-12-01 14:35:00,234,234,234,234,0
2022-12-01 14:36:00,234,234,234,234,0
2022-12-01 14:37:00,234,234,234,234,0
2022-12-01 14:38:00,234,234,234,234,0
2022-12-01 14:39:00,234,234,234,234,0
2022-12-01 14:40:00,234,234,234,234,0
2022-12-01 14:41:00,234,234,234,234,0
2022-12-01 14:42:00,234,234,234,234,0
2022-12-01 14:43:00,234,234,234,234,0
2022-12-01 14:44:00,236,236,236,236,3500
2022-12-01 14:45:00,236,236,236,236,0
2022-12-01 14:46:00,236,236,236,236,0
2022-12-01 14:47:00,236,236,236,236,0
2022-12-01 14:48:00,236,236,236,236,0
2022-12-01 14:49:00,236,236,236,236,0
2022-12-01 14:50:00,236,236,236,236,0
2022-12-01 14:51:00,236,236,236,236,0
2022-12-01 14:52:00,236,236,236,236,0
2022-12-01 14:53:00,236,236,236,236,0
2022-12-01 14:54:00,236,236,236,236,0
2022-12-01 14:55:00,236,236,236,236,0
2022-12-01 14:56:00,236,236,236,236,0
2022-12-01 14:57:00,236,236,236,236,0
2022-12-01 14:58:00,236,236,236,236,0
2022-12-01 14:59:00,236,236,236,236,0
2022-12-01 15:00:00,234,234,234,234,381500
2022-12-01 15:01:00,234,234,234,234,0
2022-12-01 15:02:00,234,234,234,234,0
2022-12-01 15:03:00,234,234,234,234,0
2022-12-01 15:04:00,234,234,234,234,0
2022-12-01 15:05:00,234,234,234,234,0
2022-12-01 15:06:00,234,234,234,234,0
2022-12-01 15:07:00,234,234,234,234,0
2022-12-01 15:08:00,234,234,234,234,0
2022-12-01 15:09:00,234,234,234,234,0
2022-12-01 15:10:00,234,234,234,234,0
2022-12-01 15:11:00,234,234,234,234,0
2022-12-01 15:12:00,234,234,234,234,0
2022-12-01 15:13:00,234,234,234,234,0
2022-12-01 15:14:00,234,234,234,234,0
2022-12-01 15:15:00,234,234,234,234,0
2022-12-01 15:16:00,234,234,234,234,0
2022-12-01 15:17:00,234,234,234,234,0
2022-12-01 15:18:00,234,234,234,234,0
2022-12-01 15:19:00,234,234,234,234,0
2022-12-01 15:20:00,234,234,234,234,0
2022-12-01 15:21:00,234,234,234,234,0
2022-12-01 15:22:00,234,234,234,234,0
2022-12-01 15:23:00,234,234,234,234,0
2022-12-01 15:24:00,234,234,234,234,0
2022-12-01 15:25:00,234,234,234,234,0
2022-12-01 15:26:00,234,234,234,234,0
2022-12-01 15:27:00,234,234,234,234,0
2022-12-01 15:28:00,234,234,234,234,0
2022-12-01 15:29:00,234,234,234,234,0
2022-12-01 15:30:00,234,234,234,234,0
2022-12-01 15:31:00,234,234,234,234,0
2022-12-01 15:32:00,234,234,234,234,0
2022-12-01 15:33:00,234,234,234,234,0
2022-12-01 15:34:00,234,234,234,234,0
2022-12-01 15:35:00,234,234,234,234,0
2022-12-01 15:36:00,234,234,234,234,0
2022-12-01 15:37:00,234,234,234,234,0
2022-12-01 15:38:00,234,234,234,234,0
2022-12-01 15:39:00,234,234,234,234,0
2022-12-01 15:40:00,234,234,234,234,0
2022-12-01 15:41:00,234,234,234,234,0
2022-12-01 15:42:00,234,234,234,234,0
2022-12-01 15:43:00,234,234,234,234,0
2022-12-01 15:44:00,234,234,234,234,0
2022-12-01 15:45:00,234,234,234,234,0
2022-12-01 15:46:00,234,234,234,234,0
2022-12-01 15:47:00,234,234,234,234,0
2022-12-01 15:48:00,234,234,234,234,0
2022-12-01 15:49:00,234,234,234,234,0
2022-12-01 15:50:00,234,234,234,234,0
2022-12-01 15:51:00,234,234,234,234,0
2022-12-01 15:52:00,234,234,234,234,0
2022-12-01 15:53:00,234,234,234,234,0
2022-12-01 15:54:00,234,234,234,234,0
2022-12-01 15:55:00,234,234,234,234,0
2022-12-01 15:56:00,234,234,234,234,0
2022-12-01 15:57:00,234,234,234,234,0
2022-12-01 15:58:00,234,234,234,234,0
2022-12-01 15:59:00,234,234,234,234,0
2022-12-02 09:00:00,234,234,234,234,0
2022-12-02 09:01:00,234,234,234,234,0
2022-12-02 09:02:00,236,236,244,244,0
2022-12-02 09:03:00,244,244,244,244,900
2022-12-02 09:04:00,244,242,244,242,1200
2022-12-02 09:05:00,242,242,242,242,4000
2022-12-02 09:06:00,242,242,242,242,2000
2022-12-02 09:07:00,242,242,242,242,0
2022-12-02 09:08:00,242,242,242,242,400
2022-12-02 09:09:00,242,242,242,242,0
2022-12-02 09:10:00,238,238,238,238,1200
2022-12-02 09:11:00,238,238,238,238,100
2022-12-02 09:12:00,238,238,238,238,0
2022-12-02 09:13:00,238,238,238,238,0
2022-12-02 09:14:00,238,238,238,238,200
2022-12-02 09:15:00,238,238,238,238,0
2022-12-02 09:16:00,238,238,238,238,0
2022-12-02 09:17:00,238,238,238,238,300
2022-12-02 09:18:00,238,238,238,238,600
2022-12-02 09:19:00,238,238,238,238,4000
2022-12-02 09:20:00,238,238,238,238,0
2022-12-02 09:21:00,238,238,238,238,2200
2022-12-02 09:22:00,240,240,240,240,0
2022-12-02 09:23:00,240,240,240,240,0
2022-12-02 09:24:00,240,238,240,238,1600
2022-12-02 09:25:00,240,238,240,238,0
2022-12-02 09:26:00,240,238,240,238,0
2022-12-02 09:27:00,240,238,240,238,0
2022-12-02 09:28:00,240,238,240,238,0
2022-12-02 09:29:00,240,238,240,238,0
2022-12-02 09:30:00,240,238,240,238,0
2022-12-02 09:31:00,238,238,238,238,800
2022-12-02 09:32:00,240,240,240,240,19200
2022-12-02 09:33:00,240,240,240,240,0
2022-12-02 09:34:00,240,240,240,240,0
2022-12-02 09:35:00,240,240,240,240,0
2022-12-02 09:36:00,238,238,238,238,0
2022-12-02 09:37:00,238,238,238,238,0
2022-12-02 09:38:00,238,238,238,238,1100
2022-12-02 09:39:00,238,238,238,238,0
2022-12-02 09:40:00,238,238,238,238,0
2022-12-02 09:41:00,238,238,238,238,0
2022-12-02 09:42:00,238,238,238,238,0
2022-12-02 09:43:00,238,238,238,238,0
2022-12-02 09:44:00,238,238,238,238,2200
2022-12-02 09:45:00,238,238,238,238,0
2022-12-02 09:46:00,238,238,238,238,1100
2022-12-02 09:47:00,238,238,238,238,0
2022-12-02 09:48:00,238,238,238,238,0
2022-12-02 09:49:00,238,238,238,238,0
2022-12-02 09:50:00,238,238,238,238,0
2022-12-02 09:51:00,238,238,238,238,0
2022-12-02 09:52:00,238,238,238,238,0
2022-12-02 09:53:00,238,238,240,240,0
2022-12-02 09:54:00,238,238,240,240,0
2022-12-02 09:55:00,238,238,240,240,0
2022-12-02 09:56:00,240,238,240,238,200
2022-12-02 09:57:00,240,238,240,238,0
2022-12-02 09:58:00,240,238,240,238,0
2022-12-02 09:59:00,240,238,240,238,0
2022-12-02 10:00:00,240,238,240,238,0
2022-12-02 10:01:00,240,238,240,238,0
2022-12-02 10:02:00,240,238,240,238,0
2022-12-02 10:03:00,240,238,240,238,0
2022-12-02 10:04:00,240,238,240,238,0
2022-12-02 10:05:00,240,238,240,238,0
2022-12-02 10:06:00,240,238,240,238,0
2022-12-02 10:07:00,240,238,240,238,0
2022-12-02 10:08:00,240,238,240,238,0
2022-12-02 10:09:00,240,238,240,238,0
2022-12-02 10:10:00,240,238,240,238,0
2022-12-02 10:11:00,240,238,240,238,0
2022-12-02 10:12:00,240,238,240,238,0
2022-12-02 10:13:00,240,238,240,238,0
2022-12-02 10:14:00,240,238,240,238,0
2022-12-02 10:15:00,240,238,240,238,0
2022-12-02 10:16:00,240,238,240,238,0
2022-12-02 10:17:00,240,238,240,238,0
2022-12-02 10:18:00,240,238,240,238,0
2022-12-02 10:19:00,240,238,240,238,0
2022-12-02 10:20:00,240,238,240,238,0
2022-12-02 10:21:00,240,238,240,238,0
2022-12-02 10:22:00,240,238,240,238,0
2022-12-02 10:23:00,240,238,240,238,0
2022-12-02 10:24:00,240,238,240,238,0
2022-12-02 10:25:00,240,238,240,238,0
2022-12-02 10:26:00,238,238,238,238,5800
2022-12-02 10:27:00,238,238,238,238,0
2022-12-02 10:28:00,238,238,238,238,1100
2022-12-02 10:29:00,238,238,238,238,0
2022-12-02 10:30:00,238,238,238,238,0
2022-12-02 10:31:00,238,238,238,238,0
2022-12-02 10:32:00,238,238,238,238,0
2022-12-02 10:33:00,238,238,238,238,0
2022-12-02 10:34:00,238,238,238,238,0
2022-12-02 10:35:00,238,238,238,238,0
2022-12-02 10:36:00,238,238,238,238,0
2022-12-02 10:37:00,238,238,238,238,0
2022-12-02 10:38:00,238,238,238,238,0
2022-12-02 10:39:00,238,238,238,238,0
2022-12-02 10:40:00,238,238,238,238,0
2022-12-02 10:41:00,238,238,238,238,0
2022-12-02 10:42:00,238,238,238,238,0
2022-12-02 10:43:00,238,238,238,238,0
2022-12-02 10:44:00,238,238,238,238,0
2022-12-02 10:45:00,238,238,238,238,0
2022-12-02 10:46:00,238,238,238,238,0
2022-12-02 10:47:00,238,238,238,238,0
2022-12-02 10:48:00,238,238,238,238,0
2022-12-02 10:49:00,238,238,238,238,0
2022-12-02 10:50:00,238,238,238,238,0
2022-12-02 10:51:00,238,238,238,238,0
2022-12-02 10:52:00,238,238,238,238,0
2022-12-02 10:53:00,238,238,238,238,0
2022-12-02 10:54:00,238,238,238,238,0
2022-12-02 10:55:00,238,238,238,238,0
2022-12-02 10:56:00,238,238,238,238,0
2022-12-02 10:57:00,238,238,238,238,0
2022-12-02 10:58:00,238,238,238,238,0
2022-12-02 10:59:00,238,238,238,238,0
2022-12-02 11:00:00,238,238,238,238,0
2022-12-02 11:01:00,238,238,238,238,0
2022-12-02 11:02:00,238,238,238,238,0
2022-12-02 11:03:00,238,238,238,238,0
2022-12-02 11:04:00,238,238,238,238,0
2022-12-02 11:05:00,238,238,238,238,0
2022-12-02 11:06:00,238,238,238,238,0
2022-12-02 11:07:00,238,238,238,238,0
2022-12-02 11:08:00,238,238,238,238,0
2022-12-02 11:09:00,240,240,240,240,2200
2022-12-02 11:10:00,240,240,240,240,200
2022-12-02 11:11:00,240,240,240,240,700
2022-12-02 11:12:00,240,240,240,240,0
2022-12-02 11:13:00,238,238,238,238,600
2022-12-02 11:14:00,238,238,238,238,0
2022-12-02 11:15:00,238,238,238,238,0
2022-12-02 11:16:00,238,238,238,238,500
2022-12-02 11:17:00,238,238,238,238,0
2022-12-02 11:18:00,238,238,238,238,0
2022-12-02 11:19:00,238,238,238,238,0
2022-12-02 11:20:00,238,238,238,238,0
2022-12-02 11:21:00,238,238,238,238,0
2022-12-02 11:22:00,240,240,240,240,500
2022-12-02 11:23:00,240,240,240,240,0
2022-12-02 11:24:00,240,240,240,240,0
2022-12-02 11:25:00,238,238,238,238,1100
2022-12-02 11:26:00,238,238,238,238,0
2022-12-02 11:27:00,238,238,238,238,0
2022-12-02 11:28:00,238,238,238,238,0
2022-12-02 11:29:00,238,238,238,238,0
2022-12-02 11:30:00,238,238,238,238,0
2022-12-02 11:31:00,238,238,238,238,0
2022-12-02 11:32:00,238,238,238,238,0
2022-12-02 11:33:00,238,238,238,238,0
2022-12-02 11:34:00,238,238,238,238,0
2022-12-02 11:35:00,238,238,238,238,0
2022-12-02 11:36:00,238,238,238,238,0
2022-12-02 11:37:00,238,238,238,238,0
2022-12-02 11:38:00,238,238,238,238,0
2022-12-02 11:39:00,238,238,238,238,0
2022-12-02 11:40:00,238,238,238,238,0
2022-12-02 11:41:00,238,238,238,238,0
2022-12-02 11:42:00,238,238,238,238,0
2022-12-02 11:43:00,238,238,238,238,0
2022-12-02 11:44:00,238,238,238,238,0
2022-12-02 11:45:00,238,238,238,238,0
2022-12-02 11:46:00,238,238,238,238,0
2022-12-02 11:47:00,238,238,238,238,0
2022-12-02 11:48:00,238,238,238,238,0
2022-12-02 11:49:00,238,238,238,238,0
2022-12-02 11:50:00,238,238,238,238,0
2022-12-02 11:51:00,238,238,238,238,0
2022-12-02 11:52:00,238,238,238,238,0
2022-12-02 11:53:00,238,238,238,238,0
2022-12-02 11:54:00,238,238,238,238,0
2022-12-02 11:55:00,238,238,238,238,0
2022-12-02 11:56:00,238,238,238,238,0
2022-12-02 11:57:00,238,238,238,238,0
2022-12-02 11:58:00,238,238,238,238,0
2022-12-02 11:59:00,238,238,238,238,0
2022-12-02 12:00:00,238,238,238,238,0
2022-12-02 12:01:00,238,238,238,238,0
2022-12-02 12:02:00,238,238,238,238,0
2022-12-02 12:03:00,238,238,238,238,0
2022-12-02 12:04:00,238,238,238,238,0
2022-12-02 12:05:00,238,238,238,238,0
2022-12-02 12:06:00,238,238,238,238,0
2022-12-02 12:07:00,238,238,238,238,0
2022-12-02 12:08:00,238,238,238,238,0
2022-12-02 12:09:00,238,238,238,238,0
2022-12-02 12:10:00,238,238,238,238,0
2022-12-02 12:11:00,238,238,238,238,0
2022-12-02 12:12:00,238,238,238,238,0
2022-12-02 12:13:00,238,238,238,238,0
2022-12-02 12:14:00,238,238,238,238,0
2022-12-02 12:15:00,238,238,238,238,0
2022-12-02 12:16:00,238,238,238,238,0
2022-12-02 12:17:00,238,238,238,238,0
2022-12-02 12:18:00,238,238,238,238,0
2022-12-02 12:19:00,238,238,238,238,0
2022-12-02 12:20:00,238,238,238,238,0
2022-12-02 12:21:00,238,238,238,238,0
2022-12-02 12:22:00,238,238,238,238,0
2022-12-02 12:23:00,238,238,238,238,0
2022-12-02 12:24:00,238,238,238,238,0
2022-12-02 12:25:00,238,238,238,238,0
2022-12-02 12:26:00,238,238,238,238,0
2022-12-02 12:27:00,238,238,238,238,0
2022-12-02 12:28:00,238,238,238,238,0
2022-12-02 12:29:00,238,238,238,238,0
2022-12-02 12:30:00,238,238,238,238,0
2022-12-02 12:31:00,238,238,238,238,0
2022-12-02 12:32:00,238,238,238,238,0
2022-12-02 12:33:00,238,238,238,238,0
2022-12-02 12:34:00,238,238,238,238,0
2022-12-02 12:35:00,238,238,238,238,0
2022-12-02 12:36:00,238,238,238,238,0
2022-12-02 12:37:00,238,238,238,238,0
2022-12-02 12:38:00,238,238,238,238,0
2022-12-02 12:39:00,238,238,238,238,0
2022-12-02 12:40:00,238,238,238,238,0
2022-12-02 12:41:00,238,238,238,238,0
2022-12-02 12:42:00,238,238,238,238,0
2022-12-02 12:43:00,238,238,238,238,0
2022-12-02 12:44:00,238,238,238,238,0
2022-12-02 12:45:00,238,238,238,238,0
2022-12-02 12:46:00,238,238,238,238,0
2022-12-02 12:47:00,238,238,238,238,0
2022-12-02 12:48:00,238,238,238,238,0
2022-12-02 12:49:00,238,238,238,238,0
2022-12-02 12:50:00,238,238,238,238,0
2022-12-02 12:51:00,238,238,238,238,0
2022-12-02 12:52:00,238,238,238,238,0
2022-12-02 12:53:00,238,238,238,238,0
2022-12-02 12:54:00,238,238,238,238,0
2022-12-02 12:55:00,238,238,238,238,0
2022-12-02 12:56:00,238,238,238,238,0
2022-12-02 12:57:00,238,238,238,238,0
2022-12-02 12:58:00,238,238,238,238,0
2022-12-02 12:59:00,238,238,238,238,0
2022-12-02 13:00:00,238,238,238,238,0
2022-12-02 13:01:00,238,238,238,238,0
2022-12-02 13:02:00,238,238,238,238,0
2022-12-02 13:03:00,238,238,238,238,0
2022-12-02 13:04:00,238,238,238,238,0
2022-12-02 13:05:00,238,238,238,238,0
2022-12-02 13:06:00,238,238,238,238,0
2022-12-02 13:07:00,238,238,238,238,0
2022-12-02 13:08:00,238,238,238,238,0
2022-12-02 13:09:00,238,238,238,238,0
2022-12-02 13:10:00,238,238,238,238,0
2022-12-02 13:11:00,238,238,238,238,0
2022-12-02 13:12:00,238,238,238,238,0
2022-12-02 13:13:00,238,238,238,238,0
2022-12-02 13:14:00,238,238,238,238,0
2022-12-02 13:15:00,238,238,238,238,0
2022-12-02 13:16:00,238,238,238,238,0
2022-12-02 13:17:00,238,238,238,238,0
2022-12-02 13:18:00,238,238,238,238,0
2022-12-02 13:19:00,238,238,238,238,0
2022-12-02 13:20:00,238,238,238,238,0
2022-12-02 13:21:00,238,238,238,238,0
2022-12-02 13:22:00,238,238,238,238,0
2022-12-02 13:23:00,238,238,238,238,0
2022-12-02 13:24:00,238,238,238,238,0
2022-12-02 13:25:00,238,238,238,238,0
2022-12-02 13:26:00,238,238,238,238,0
2022-12-02 13:27:00,238,238,238,238,0
2022-12-02 13:28:00,238,238,238,238,0
2022-12-02 13:29:00,238,238,238,238,0
2022-12-02 13:30:00,238,238,238,238,200
2022-12-02 13:31:00,238,238,238,238,0
2022-12-02 13:32:00,238,238,238,238,0
2022-12-02 13:33:00,238,238,238,238,0
2022-12-02 13:34:00,238,238,238,238,0
2022-12-02 13:35:00,238,238,238,238,29900
2022-12-02 13:36:00,238,238,238,238,0
2022-12-02 13:37:00,238,238,238,238,0
2022-12-02 13:38:00,238,238,238,238,17700
2022-12-02 13:39:00,238,238,238,238,0
2022-12-02 13:40:00,238,238,238,238,0
2022-12-02 13:41:00,238,238,238,238,0
2022-12-02 13:42:00,238,238,238,238,0
2022-12-02 13:43:00,238,238,238,238,0
2022-12-02 13:44:00,238,238,238,238,0
2022-12-02 13:45:00,238,238,238,238,0
2022-12-02 13:46:00,238,238,238,238,1300
2022-12-02 13:47:00,238,238,238,238,0
2022-12-02 13:48:00,238,238,238,238,0
2022-12-02 13:49:00,238,238,238,238,0
2022-12-02 13:50:00,238,238,238,238,0
2022-12-02 13:51:00,238,238,238,238,0
2022-12-02 13:52:00,238,238,238,238,0
2022-12-02 13:53:00,238,238,238,238,1100
2022-12-02 13:54:00,238,238,238,238,0
2022-12-02 13:55:00,238,238,238,238,0
2022-12-02 13:56:00,238,238,238,238,0
2022-12-02 13:57:00,238,238,238,238,0
2022-12-02 13:58:00,238,238,238,238,10000
2022-12-02 13:59:00,240,240,240,240,0
2022-12-02 14:00:00,240,240,240,240,0
2022-12-02 14:01:00,240,240,240,240,0
2022-12-02 14:02:00,240,240,240,240,0
2022-12-02 14:03:00,240,240,240,240,0
2022-12-02 14:04:00,240,240,240,240,0
2022-12-02 14:05:00,240,240,240,240,0
2022-12-02 14:06:00,240,240,240,240,2000
2022-12-02 14:07:00,240,240,240,240,0
2022-12-02 14:08:00,240,240,240,240,0
2022-12-02 14:09:00,240,240,240,240,0
2022-12-02 14:10:00,240,240,240,240,0
2022-12-02 14:11:00,240,240,240,240,0
2022-12-02 14:12:00,240,240,240,240,0
2022-12-02 14:13:00,240,240,240,240,0
2022-12-02 14:14:00,240,240,240,240,0
2022-12-02 14:15:00,240,240,240,240,0
2022-12-02 14:16:00,240,240,240,240,0
2022-12-02 14:17:00,240,240,240,240,0
2022-12-02 14:18:00,240,240,240,240,0
2022-12-02 14:19:00,240,240,240,240,0
2022-12-02 14:20:00,240,240,240,240,0
2022-12-02 14:21:00,240,240,240,240,0
2022-12-02 14:22:00,240,240,240,240,0
2022-12-02 14:23:00,240,240,240,240,0
2022-12-02 14:24:00,238,238,238,238,2200
2022-12-02 14:25:00,238,238,238,238,0
2022-12-02 14:26:00,238,238,238,238,0
2022-12-02 14:27:00,238,238,238,238,0
2022-12-02 14:28:00,238,238,238,238,0
2022-12-02 14:29:00,238,238,238,238,0
2022-12-02 14:30:00,238,238,238,238,0
2022-12-02 14:31:00,238,238,238,238,0
2022-12-02 14:32:00,238,238,238,238,0
2022-12-02 14:33:00,238,238,238,238,0
2022-12-02 14:34:00,238,238,238,238,0
2022-12-02 14:35:00,238,238,238,238,2000
2022-12-02 14:36:00,238,238,238,238,0
2022-12-02 14:37:00,240,240,240,240,0
2022-12-02 14:38:00,240,240,240,240,0
2022-12-02 14:39:00,240,240,240,240,0
2022-12-02 14:40:00,240,240,240,240,0
2022-12-02 14:41:00,240,240,240,240,0
2022-12-02 14:42:00,240,240,240,240,0
2022-12-02 14:43:00,240,240,240,240,0
2022-12-02 14:44:00,240,240,240,240,0
2022-12-02 14:45:00,240,240,240,240,0
2022-12-02 14:46:00,240,240,240,240,0
2022-12-02 14:47:00,240,240,240,240,0
2022-12-02 14:48:00,240,240,240,240,0
2022-12-02 14:49:00,240,240,240,240,0
2022-12-02 14:50:00,240,240,240,240,0
2022-12-02 14:51:00,240,240,240,240,0
2022-12-02 14:52:00,240,240,240,240,0
2022-12-02 14:53:00,240,240,240,240,0
2022-12-02 14:54:00,240,240,240,240,0
2022-12-02 14:55:00,240,240,240,240,0
2022-12-02 14:56:00,240,240,240,240,0
2022-12-02 14:57:00,240,240,240,240,0
2022-12-02 14:58:00,240,240,240,240,0
2022-12-02 14:59:00,240,240,240,240,0
2022-12-02 15:00:00,238,238,238,238,7000
2022-12-02 15:01:00,238,238,238,238,0
2022-12-02 15:02:00,238,238,238,238,0
2022-12-02 15:03:00,238,238,238,238,0
2022-12-02 15:04:00,238,238,238,238,0
2022-12-02 15:05:00,238,238,238,238,0
2022-12-02 15:06:00,238,238,238,238,0
2022-12-02 15:07:00,238,238,238,238,0
2022-12-02 15:08:00,238,238,238,238,0
2022-12-02 15:09:00,238,238,238,238,0
2022-12-02 15:10:00,238,238,238,238,0
2022-12-02 15:11:00,238,238,238,238,0
2022-12-02 15:12:00,238,238,238,238,0
2022-12-02 15:13:00,238,238,238,238,0
2022-12-02 15:14:00,238,238,238,238,0
2022-12-02 15:15:00,238,238,238,238,0
2022-12-02 15:16:00,238,238,238,238,0
2022-12-02 15:17:00,238,238,238,238,0
2022-12-02 15:18:00,238,238,238,238,0
2022-12-02 15:19:00,238,238,238,238,0
2022-12-02 15:20:00,238,238,238,238,0
2022-12-02 15:21:00,238,238,238,238,0
2022-12-02 15:22:00,238,238,238,238,0
2022-12-02 15:23:00,238,238,238,238,0
2022-12-02 15:24:00,238,238,238,238,0
2022-12-02 15:25:00,238,238,238,238,0
2022-12-02 15:26:00,238,238,238,238,0
2022-12-02 15:27:00,238,238,238,238,0
2022-12-02 15:28:00,238,238,238,238,0
2022-12-02 15:29:00,238,238,238,238,0
2022-12-02 15:30:00,238,238,238,238,0
2022-12-02 15:31:00,238,238,238,238,0
2022-12-02 15:32:00,238,238,238,238,0
2022-12-02 15:33:00,238,238,238,238,0
2022-12-02 15:34:00,238,238,238,238,0
2022-12-02 15:35:00,238,238,238,238,0
2022-12-02 15:36:00,238,238,238,238,0
2022-12-02 15:37:00,238,238,238,238,0
2022-12-02 15:38:00,238,238,238,238,0
2022-12-02 15:39:00,238,238,238,238,0
2022-12-02 15:40:00,238,238,238,238,0
2022-12-02 15:41:00,238,238,238,238,0
2022-12-02 15:42:00,238,238,238,238,0
2022-12-02 15:43:00,238,238,238,238,0
2022-12-02 15:44:00,238,238,238,238,0
2022-12-02 15:45:00,238,238,238,238,0
2022-12-02 15:46:00,238,238,238,238,0
2022-12-02 15:47:00,238,238,238,238,0
2022-12-02 15:48:00,238,238,238,238,0
2022-12-02 15:49:00,238,238,238,238,0
2022-12-02 15:50:00,238,238,238,238,0
2022-12-02 15:51:00,238,238,238,238,0
2022-12-02 15:52:00,238,238,238,238,0
2022-12-02 15:53:00,238,238,238,238,0
2022-12-02 15:54:00,238,238,238,238,0
2022-12-02 15:55:00,238,238,238,238,0
2022-12-02 15:56:00,238,238,238,238,0
2022-12-02 15:57:00,238,238,238,238,0
2022-12-02 15:58:00,238,238,238,238,0
2022-12-02 15:59:00,238,238,238,238,0
2022-12-05 09:00:00,242,242,242,242,0
2022-12-05 09:01:00,242,242,242,242,0
2022-12-05 09:02:00,242,242,242,242,2000
2022-12-05 09:03:00,242,242,244,244,2500
2022-12-05 09:04:00,242,242,244,244,0
2022-12-05 09:05:00,242,242,242,242,200
2022-12-05 09:06:00,242,242,242,242,900
2022-12-05 09:07:00,242,242,242,242,4000
2022-12-05 09:08:00,242,242,242,242,20400
2022-12-05 09:09:00,242,242,242,242,0
2022-12-05 09:10:00,242,242,242,242,0
2022-12-05 09:11:00,242,242,242,242,0
2022-12-05 09:12:00,242,242,242,242,0
2022-12-05 09:13:00,242,242,242,242,400
2022-12-05 09:14:00,240,240,240,240,3800
2022-12-05 09:15:00,238,238,238,238,10500
2022-12-05 09:16:00,238,238,238,238,0
2022-12-05 09:17:00,238,238,238,238,0
2022-12-05 09:18:00,236,236,236,236,4000
2022-12-05 09:19:00,234,234,234,234,199000
2022-12-05 09:20:00,234,234,234,234,0
2022-12-05 09:21:00,234,234,234,234,0
2022-12-05 09:22:00,234,234,234,234,0
2022-12-05 09:23:00,234,234,234,234,0
2022-12-05 09:24:00,234,234,234,234,0
2022-12-05 09:25:00,238,238,238,238,100
2022-12-05 09:26:00,238,238,238,238,0
2022-12-05 09:27:00,238,238,238,238,2000
2022-12-05 09:28:00,238,238,238,238,0
2022-12-05 09:29:00,238,238,238,238,0
2022-12-05 09:30:00,238,238,238,238,0
2022-12-05 09:31:00,238,238,238,238,0
2022-12-05 09:32:00,238,238,238,238,0
2022-12-05 09:33:00,238,238,238,238,0
2022-12-05 09:34:00,238,238,238,238,0
2022-12-05 09:35:00,238,238,238,238,0
2022-12-05 09:36:00,238,238,238,238,0
2022-12-05 09:37:00,238,238,238,238,0
2022-12-05 09:38:00,238,238,238,238,0
2022-12-05 09:39:00,238,238,238,238,0
2022-12-05 09:40:00,238,238,238,238,0
2022-12-05 09:41:00,238,238,238,238,0
2022-12-05 09:42:00,238,238,238,238,0
2022-12-05 09:43:00,238,238,238,238,0
2022-12-05 09:44:00,238,238,238,238,0
2022-12-05 09:45:00,238,238,238,238,0
2022-12-05 09:46:00,238,238,238,238,0
2022-12-05 09:47:00,238,238,238,238,0
2022-12-05 09:48:00,236,236,236,236,500
2022-12-05 09:49:00,236,236,236,236,0
2022-12-05 09:50:00,236,236,236,236,0
2022-12-05 09:51:00,236,236,236,236,0
2022-12-05 09:52:00,236,236,236,236,0
2022-12-05 09:53:00,236,236,236,236,0
2022-12-05 09:54:00,236,236,236,236,1000
2022-12-05 09:55:00,236,236,236,236,0
2022-12-05 09:56:00,236,236,236,236,3000
2022-12-05 09:57:00,236,236,236,236,0
2022-12-05 09:58:00,236,236,236,236,0
2022-12-05 09:59:00,236,236,236,236,0
2022-12-05 10:00:00,236,236,236,236,0
2022-12-05 10:01:00,236,236,236,236,0
2022-12-05 10:02:00,236,236,236,236,0
2022-12-05 10:03:00,236,236,236,236,0
2022-12-05 10:04:00,236,236,236,236,0
2022-12-05 10:05:00,236,236,236,236,0
2022-12-05 10:06:00,236,236,236,236,0
2022-12-05 10:07:00,236,236,236,236,0
2022-12-05 10:08:00,236,236,236,236,0
2022-12-05 10:09:00,236,236,236,236,0
2022-12-05 10:10:00,236,236,236,236,0
2022-12-05 10:11:00,236,236,236,236,0
2022-12-05 10:12:00,236,236,236,236,200
2022-12-05 10:13:00,236,236,236,236,0
2022-12-05 10:14:00,236,232,236,232,14800
2022-12-05 10:15:00,236,232,236,232,0
2022-12-05 10:16:00,236,232,236,232,0
2022-12-05 10:17:00,236,232,236,232,0
2022-12-05 10:18:00,236,232,236,232,0
2022-12-05 10:19:00,234,232,234,232,19800
2022-12-05 10:20:00,232,232,232,232,0
2022-12-05 10:21:00,232,230,232,232,3000
2022-12-05 10:22:00,232,232,232,232,3800
2022-12-05 10:23:00,232,232,232,232,0
2022-12-05 10:24:00,230,230,230,230,2100
2022-12-05 10:25:00,230,230,230,230,0
2022-12-05 10:26:00,228,228,228,228,8500
2022-12-05 10:27:00,228,228,228,228,0
2022-12-05 10:28:00,228,228,228,228,0
2022-12-05 10:29:00,228,228,228,228,0
2022-12-05 10:30:00,232,232,232,232,1800
2022-12-05 10:31:00,230,230,232,232,600
2022-12-05 10:32:00,230,230,232,232,0
2022-12-05 10:33:00,230,230,232,232,0
2022-12-05 10:34:00,230,230,232,232,0
2022-12-05 10:35:00,232,230,232,230,1300
2022-12-05 10:36:00,232,230,232,230,0
2022-12-05 10:37:00,232,230,232,230,0
2022-12-05 10:38:00,232,230,232,230,0
2022-12-05 10:39:00,232,230,232,230,0
2022-12-05 10:40:00,232,230,232,230,0
2022-12-05 10:41:00,232,230,232,230,0
2022-12-05 10:42:00,232,230,232,230,0
2022-12-05 10:43:00,232,230,232,230,0
2022-12-05 10:44:00,230,230,230,230,200
2022-12-05 10:45:00,230,230,230,230,0
2022-12-05 10:46:00,230,230,230,230,0
2022-12-05 10:47:00,230,230,230,230,0
2022-12-05 10:48:00,230,230,230,230,1200
2022-12-05 10:49:00,232,232,232,232,0
2022-12-05 10:50:00,232,232,232,232,0
2022-12-05 10:51:00,232,232,232,232,0
2022-12-05 10:52:00,232,232,232,232,0
2022-12-05 10:53:00,232,232,232,232,0
2022-12-05 10:54:00,232,232,232,232,0
2022-12-05 10:55:00,232,232,232,232,0
2022-12-05 10:56:00,232,232,232,232,0
2022-12-05 10:57:00,232,232,232,232,0
2022-12-05 10:58:00,232,232,232,232,0
2022-12-05 10:59:00,232,232,232,232,0
2022-12-05 11:00:00,232,232,232,232,400
2022-12-05 11:01:00,232,232,232,232,100
2022-12-05 11:02:00,232,232,232,232,0
2022-12-05 11:03:00,232,232,232,232,0
2022-12-05 11:04:00,232,232,232,232,0
2022-12-05 11:05:00,232,232,232,232,0
2022-12-05 11:06:00,232,232,232,232,0
2022-12-05 11:07:00,232,232,232,232,0
2022-12-05 11:08:00,232,232,232,232,0
2022-12-05 11:09:00,232,232,232,232,0
2022-12-05 11:10:00,232,232,232,232,0
2022-12-05 11:11:00,232,232,232,232,2200
2022-12-05 11:12:00,232,232,232,232,0
2022-12-05 11:13:00,232,232,232,232,0
2022-12-05 11:14:00,232,232,232,232,0
2022-12-05 11:15:00,232,232,232,232,2300
2022-12-05 11:16:00,232,232,232,232,0
2022-12-05 11:17:00,232,232,232,232,0
2022-12-05 11:18:00,232,232,232,232,0
2022-12-05 11:19:00,230,230,230,230,0
2022-12-05 11:20:00,230,230,230,230,0
2022-12-05 11:21:00,230,230,230,230,0
2022-12-05 11:22:00,230,230,230,230,0
2022-12-05 11:23:00,230,230,230,230,0
2022-12-05 11:24:00,230,230,230,230,0
2022-12-05 11:25:00,230,230,230,230,0
2022-12-05 11:26:00,232,232,232,232,300
2022-12-05 11:27:00,232,232,232,232,0
2022-12-05 11:28:00,232,232,232,232,0
2022-12-05 11:29:00,232,232,232,232,0
2022-12-05 11:30:00,232,232,232,232,0
2022-12-05 11:31:00,232,232,232,232,0
2022-12-05 11:32:00,232,232,232,232,0
2022-12-05 11:33:00,232,232,232,232,0
2022-12-05 11:34:00,232,232,232,232,0
2022-12-05 11:35:00,232,232,232,232,0
2022-12-05 11:36:00,232,232,232,232,0
2022-12-05 11:37:00,232,232,232,232,0
2022-12-05 11:38:00,232,232,232,232,0
2022-12-05 11:39:00,232,232,232,232,0
2022-12-05 11:40:00,232,232,232,232,0
2022-12-05 11:41:00,232,232,232,232,0
2022-12-05 11:42:00,232,232,232,232,0
2022-12-05 11:43:00,232,232,232,232,0
2022-12-05 11:44:00,232,232,232,232,0
2022-12-05 11:45:00,232,232,232,232,0
2022-12-05 11:46:00,232,232,232,232,0
2022-12-05 11:47:00,232,232,232,232,0
2022-12-05 11:48:00,232,232,232,232,0
2022-12-05 11:49:00,232,232,232,232,0
2022-12-05 11:50:00,232,232,232,232,0
2022-12-05 11:51:00,232,232,232,232,0
2022-12-05 11:52:00,232,232,232,232,0
2022-12-05 11:53:00,232,232,232,232,0
2022-12-05 11:54:00,232,232,232,232,0
2022-12-05 11:55:00,232,232,232,232,0
2022-12-05 11:56:00,232,232,232,232,0
2022-12-05 11:57:00,232,232,232,232,0
2022-12-05 11:58:00,232,232,232,232,0
2022-12-05 11:59:00,232,232,232,232,0
2022-12-05 12:00:00,232,232,232,232,0
2022-12-05 12:01:00,232,232,232,232,0
2022-12-05 12:02:00,232,232,232,232,0
2022-12-05 12:03:00,232,232,232,232,0
2022-12-05 12:04:00,232,232,232,232,0
2022-12-05 12:05:00,232,232,232,232,0
2022-12-05 12:06:00,232,232,232,232,0
2022-12-05 12:07:00,232,232,232,232,0
2022-12-05 12:08:00,232,232,232,232,0
2022-12-05 12:09:00,232,232,232,232,0
2022-12-05 12:10:00,232,232,232,232,0
2022-12-05 12:11:00,232,232,232,232,0
2022-12-05 12:12:00,232,232,232,232,0
2022-12-05 12:13:00,232,232,232,232,0
2022-12-05 12:14:00,232,232,232,232,0
2022-12-05 12:15:00,232,232,232,232,0
2022-12-05 12:16:00,232,232,232,232,0
2022-12-05 12:17:00,232,232,232,232,0
2022-12-05 12:18:00,232,232,232,232,0
2022-12-05 12:19:00,232,232,232,232,0
2022-12-05 12:20:00,232,232,232,232,0
2022-12-05 12:21:00,232,232,232,232,0
2022-12-05 12:22:00,232,232,232,232,0
2022-12-05 12:23:00,232,232,232,232,0
2022-12-05 12:24:00,232,232,232,232,0
2022-12-05 12:25:00,232,232,232,232,0
2022-12-05 12:26:00,232,232,232,232,0
2022-12-05 12:27:00,232,232,232,232,0
2022-12-05 12:28:00,232,232,232,232,0
2022-12-05 12:29:00,232,232,232,232,0
2022-12-05 12:30:00,232,232,232,232,0
2022-12-05 12:31:00,232,232,232,232,0
2022-12-05 12:32:00,232,232,232,232,0
2022-12-05 12:33:00,232,232,232,232,0
2022-12-05 12:34:00,232,232,232,232,0
2022-12-05 12:35:00,232,232,232,232,0
2022-12-05 12:36:00,232,232,232,232,0
2022-12-05 12:37:00,232,232,232,232,0
2022-12-05 12:38:00,232,232,232,232,0
2022-12-05 12:39:00,232,232,232,232,0
2022-12-05 12:40:00,232,232,232,232,0
2022-12-05 12:41:00,232,232,232,232,0
2022-12-05 12:42:00,232,232,232,232,0
2022-12-05 12:43:00,232,232,232,232,0
2022-12-05 12:44:00,232,232,232,232,0
2022-12-05 12:45:00,232,232,232,232,0
2022-12-05 12:46:00,232,232,232,232,0
2022-12-05 12:47:00,232,232,232,232,0
2022-12-05 12:48:00,232,232,232,232,0
2022-12-05 12:49:00,232,232,232,232,0
2022-12-05 12:50:00,232,232,232,232,0
2022-12-05 12:51:00,232,232,232,232,0
2022-12-05 12:52:00,232,232,232,232,0
2022-12-05 12:53:00,232,232,232,232,0
2022-12-05 12:54:00,232,232,232,232,0
2022-12-05 12:55:00,232,232,232,232,0
2022-12-05 12:56:00,232,232,232,232,0
2022-12-05 12:57:00,232,232,232,232,0
2022-12-05 12:58:00,232,232,232,232,0
2022-12-05 12:59:00,232,232,232,232,0
2022-12-05 13:00:00,232,232,232,232,0
2022-12-05 13:01:00,232,232,232,232,0
2022-12-05 13:02:00,232,232,232,232,0
2022-12-05 13:03:00,232,232,232,232,0
2022-12-05 13:04:00,232,232,232,232,0
2022-12-05 13:05:00,232,232,232,232,0
2022-12-05 13:06:00,232,232,232,232,0
2022-12-05 13:07:00,232,232,232,232,0
2022-12-05 13:08:00,232,232,232,232,0
2022-12-05 13:09:00,232,232,232,232,0
2022-12-05 13:10:00,232,232,232,232,0
2022-12-05 13:11:00,232,232,232,232,0
2022-12-05 13:12:00,232,232,232,232,0
2022-12-05 13:13:00,232,232,232,232,0
2022-12-05 13:14:00,232,232,232,232,0
2022-12-05 13:15:00,232,232,232,232,0
2022-12-05 13:16:00,232,232,232,232,0
2022-12-05 13:17:00,232,232,232,232,0
2022-12-05 13:18:00,232,232,232,232,0
2022-12-05 13:19:00,232,232,232,232,0
2022-12-05 13:20:00,232,232,232,232,0
2022-12-05 13:21:00,232,232,232,232,0
2022-12-05 13:22:00,232,232,232,232,0
2022-12-05 13:23:00,232,232,232,232,0
2022-12-05 13:24:00,232,232,232,232,0
2022-12-05 13:25:00,232,232,232,232,0
2022-12-05 13:26:00,232,232,232,232,0
2022-12-05 13:27:00,232,232,232,232,0
2022-12-05 13:28:00,232,232,232,232,0
2022-12-05 13:29:00,232,232,232,232,0
2022-12-05 13:30:00,232,230,232,232,5500
2022-12-05 13:31:00,232,230,232,232,0
2022-12-05 13:32:00,232,230,232,232,0
2022-12-05 13:33:00,232,232,232,232,4400
2022-12-05 13:34:00,232,232,232,232,0
2022-12-05 13:35:00,232,232,232,232,0
2022-12-05 13:36:00,232,232,232,232,0
2022-12-05 13:37:00,232,232,232,232,0
2022-12-05 13:38:00,232,232,232,232,0
2022-12-05 13:39:00,232,232,232,232,8800
2022-12-05 13:40:00,232,232,232,232,0
2022-12-05 13:41:00,230,230,230,230,25000
2022-12-05 13:42:00,228,228,228,228,32400
2022-12-05 13:43:00,228,228,228,228,0
2022-12-05 13:44:00,228,228,228,228,1800
2022-12-05 13:45:00,226,226,226,226,11000
2022-12-05 13:46:00,226,226,226,226,0
2022-12-05 13:47:00,228,228,228,228,0
2022-12-05 13:48:00,228,228,228,228,0
2022-12-05 13:49:00,228,228,228,228,0
2022-12-05 13:50:00,228,228,228,228,0
2022-12-05 13:51:00,226,226,226,226,4300
2022-12-05 13:52:00,226,226,226,226,100
2022-12-05 13:53:00,226,226,226,226,0
2022-12-05 13:54:00,226,226,226,226,8700
2022-12-05 13:55:00,226,226,226,226,100
2022-12-05 13:56:00,224,224,224,224,2900
2022-12-05 13:57:00,224,224,226,226,1300
2022-12-05 13:58:00,226,226,226,226,44200
2022-12-05 13:59:00,226,226,226,226,0
2022-12-05 14:00:00,226,226,226,226,0
2022-12-05 14:01:00,226,226,226,226,0
2022-12-05 14:02:00,228,228,228,228,0
2022-12-05 14:03:00,228,228,228,228,0
2022-12-05 14:04:00,228,228,228,228,0
2022-12-05 14:05:00,228,228,228,228,0
2022-12-05 14:06:00,228,228,228,228,0
2022-12-05 14:07:00,228,228,228,228,0
2022-12-05 14:08:00,228,228,228,228,0
2022-12-05 14:09:00,228,228,228,228,0
2022-12-05 14:10:00,226,226,226,226,22500
2022-12-05 14:11:00,226,226,226,226,0
2022-12-05 14:12:00,226,226,226,226,0
2022-12-05 14:13:00,226,226,226,226,0
2022-12-05 14:14:00,226,226,226,226,0
2022-12-05 14:15:00,226,226,226,226,6600
2022-12-05 14:16:00,226,226,226,226,0
2022-12-05 14:17:00,226,226,226,226,0
2022-12-05 14:18:00,226,226,226,226,0
2022-12-05 14:19:00,226,226,226,226,0
2022-12-05 14:20:00,224,224,224,224,9100
2022-12-05 14:21:00,224,224,224,224,0
2022-12-05 14:22:00,224,224,224,224,0
2022-12-05 14:23:00,224,224,224,224,1300
2022-12-05 14:24:00,224,224,224,224,0
2022-12-05 14:25:00,224,224,224,224,0
2022-12-05 14:26:00,228,228,228,228,2700
2022-12-05 14:27:00,228,228,228,228,0
2022-12-05 14:28:00,228,228,228,228,0
2022-12-05 14:29:00,228,228,228,228,0
2022-12-05 14:30:00,228,228,228,228,0
2022-12-05 14:31:00,228,228,228,228,0
2022-12-05 14:32:00,228,228,228,228,0
2022-12-05 14:33:00,228,228,228,228,0
2022-12-05 14:34:00,228,228,228,228,0
2022-12-05 14:35:00,228,228,228,228,0
2022-12-05 14:36:00,228,228,228,228,0
2022-12-05 14:37:00,228,228,228,228,0
2022-12-05 14:38:00,228,228,228,228,0
2022-12-05 14:39:00,228,228,228,228,0
2022-12-05 14:40:00,228,228,228,228,0
2022-12-05 14:41:00,228,228,228,228,0
2022-12-05 14:42:00,228,228,228,228,0
2022-12-05 14:43:00,228,228,228,228,0
2022-12-05 14:44:00,228,228,228,228,0
2022-12-05 14:45:00,228,228,228,228,0
2022-12-05 14:46:00,228,228,228,228,0
2022-12-05 14:47:00,228,228,228,228,2000
2022-12-05 14:48:00,228,228,228,228,0
2022-12-05 14:49:00,228,228,228,228,1000
2022-12-05 14:50:00,228,228,228,228,0
2022-12-05 14:51:00,228,228,228,228,0
2022-12-05 14:52:00,228,228,228,228,0
2022-12-05 14:53:00,228,228,228,228,0
2022-12-05 14:54:00,228,228,228,228,0
2022-12-05 14:55:00,228,228,228,228,0
2022-12-05 14:56:00,228,228,228,228,0
2022-12-05 14:57:00,228,228,228,228,0
2022-12-05 14:58:00,228,228,228,228,0
2022-12-05 14:59:00,228,228,228,228,0
2022-12-05 15:00:00,226,226,226,226,393100
2022-12-05 15:01:00,226,226,226,226,0
2022-12-05 15:02:00,226,226,226,226,0
2022-12-05 15:03:00,226,226,226,226,0
2022-12-05 15:04:00,226,226,226,226,0
2022-12-05 15:05:00,226,226,226,226,0
2022-12-05 15:06:00,226,226,226,226,0
2022-12-05 15:07:00,226,226,226,226,0
2022-12-05 15:08:00,226,226,226,226,0
2022-12-05 15:09:00,226,226,226,226,0
2022-12-05 15:10:00,226,226,226,226,0
2022-12-05 15:11:00,226,226,226,226,0
2022-12-05 15:12:00,226,226,226,226,0
2022-12-05 15:13:00,226,226,226,226,0
2022-12-05 15:14:00,226,226,226,226,0
2022-12-05 15:15:00,226,226,226,226,0
2022-12-05 15:16:00,226,226,226,226,0
2022-12-05 15:17:00,226,226,226,226,0
2022-12-05 15:18:00,226,226,226,226,0
2022-12-05 15:19:00,226,226,226,226,0
2022-12-05 15:20:00,226,226,226,226,0
2022-12-05 15:21:00,226,226,226,226,0
2022-12-05 15:22:00,226,226,226,226,0
2022-12-05 15:23:00,226,226,226,226,0
2022-12-05 15:24:00,226,226,226,226,0
2022-12-05 15:25:00,226,226,226,226,0
2022-12-05 15:26:00,226,226,226,226,0
2022-12-05 15:27:00,226,226,226,226,0
2022-12-05 15:28:00,226,226,226,226,0
2022-12-05 15:29:00,226,226,226,226,0
2022-12-05 15:30:00,226,226,226,226,0
2022-12-05 15:31:00,226,226,226,226,0
2022-12-05 15:32:00,226,226,226,226,0
2022-12-05 15:33:00,226,226,226,226,0
2022-12-05 15:34:00,226,226,226,226,0
2022-12-05 15:35:00,226,226,226,226,0
2022-12-05 15:36:00,226,226,226,226,0
2022-12-05 15:37:00,226,226,226,226,0
2022-12-05 15:38:00,226,226,226,226,0
2022-12-05 15:39:00,226,226,226,226,0
2022-12-05 15:40:00,226,226,226,226,0
2022-12-05 15:41:00,226,226,226,226,0
2022-12-05 15:42:00,226,226,226,226,0
2022-12-05 15:43:00,226,226,226,226,0
2022-12-05 15:44:00,226,226,226,226,0
2022-12-05 15:45:00,226,226,226,226,0
2022-12-05 15:46:00,226,226,226,226,0
2022-12-05 15:47:00,226,226,226,226,0
2022-12-05 15:48:00,226,226,226,226,0
2022-12-05 15:49:00,226,226,226,226,0
2022-12-05 15:50:00,226,226,226,226,0
2022-12-05 15:51:00,226,226,226,226,0
2022-12-05 15:52:00,226,226,226,226,0
2022-12-05 15:53:00,226,226,226,226,0
2022-12-05 15:54:00,226,226,226,226,0
2022-12-05 15:55:00,226,226,226,226,0
2022-12-05 15:56:00,226,226,226,226,0
2022-12-05 15:57:00,226,226,226,226,0
2022-12-05 15:58:00,226,226,226,226,0
2022-12-05 15:59:00,226,226,226,226,0
2022-12-06 09:00:00,224,224,224,224,0
2022-12-06 09:01:00,224,224,224,224,0
2022-12-06 09:02:00,224,224,224,224,0
2022-12-06 09:03:00,224,224,224,224,1900
2022-12-06 09:04:00,224,224,224,224,0
2022-12-06 09:05:00,226,226,226,226,0
2022-12-06 09:06:00,226,226,226,226,0
2022-12-06 09:07:00,226,226,226,226,14000
2022-12-06 09:08:00,224,224,224,224,0
2022-12-06 09:09:00,224,224,224,224,0
2022-12-06 09:10:00,226,226,226,226,100
2022-12-06 09:11:00,226,226,226,226,0
2022-12-06 09:12:00,226,226,226,226,0
2022-12-06 09:13:00,226,226,226,226,0
2022-12-06 09:14:00,226,226,226,226,0
2022-12-06 09:15:00,226,226,226,226,0
2022-12-06 09:16:00,226,226,226,226,0
2022-12-06 09:17:00,226,226,226,226,0
2022-12-06 09:18:00,226,226,226,226,0
2022-12-06 09:19:00,226,226,226,226,0
2022-12-06 09:20:00,226,226,226,226,0
2022-12-06 09:21:00,226,226,226,226,0
2022-12-06 09:22:00,226,226,226,226,0
2022-12-06 09:23:00,226,226,226,226,0
2022-12-06 09:24:00,224,224,224,224,2600
2022-12-06 09:25:00,224,224,224,224,0
2022-12-06 09:26:00,224,224,224,224,0
2022-12-06 09:27:00,224,224,224,224,0
2022-12-06 09:28:00,224,224,224,224,0
2022-12-06 09:29:00,224,224,224,224,0
2022-12-06 09:30:00,224,224,224,224,0
2022-12-06 09:31:00,224,224,224,224,800
2022-12-06 09:32:00,224,224,224,224,0
2022-12-06 09:33:00,222,222,222,222,700
2022-12-06 09:34:00,222,222,222,222,0
2022-12-06 09:35:00,222,222,222,222,0
2022-12-06 09:36:00,222,222,222,222,0
2022-12-06 09:37:00,222,222,222,222,0
2022-12-06 09:38:00,222,222,222,222,0
2022-12-06 09:39:00,222,222,222,222,0
2022-12-06 09:40:00,222,222,222,222,0
2022-12-06 09:41:00,222,222,222,222,0
2022-12-06 09:42:00,222,222,222,222,0
2022-12-06 09:43:00,222,222,222,222,0
2022-12-06 09:44:00,222,222,222,222,0
2022-12-06 09:45:00,222,222,222,222,0
2022-12-06 09:46:00,222,222,222,222,0
2022-12-06 09:47:00,222,222,222,222,0
2022-12-06 09:48:00,222,222,222,222,0
2022-12-06 09:49:00,224,224,224,224,200
2022-12-06 09:50:00,224,224,224,224,0
2022-12-06 09:51:00,224,224,224,224,0
2022-12-06 09:52:00,224,224,224,224,0
2022-12-06 09:53:00,224,224,224,224,0
2022-12-06 09:54:00,224,224,224,224,0
2022-12-06 09:55:00,224,224,224,224,0
2022-12-06 09:56:00,224,224,224,224,0
2022-12-06 09:57:00,224,224,224,224,0
2022-12-06 09:58:00,224,224,224,224,0
2022-12-06 09:59:00,224,224,224,224,0
2022-12-06 10:00:00,224,224,224,224,0
2022-12-06 10:01:00,224,224,224,224,0
2022-12-06 10:02:00,224,224,224,224,0
2022-12-06 10:03:00,222,222,222,222,7400
2022-12-06 10:04:00,222,222,222,222,0
2022-12-06 10:05:00,224,224,224,224,0
2022-12-06 10:06:00,224,224,224,224,0
2022-12-06 10:07:00,224,224,224,224,0
2022-12-06 10:08:00,224,224,224,224,0
2022-12-06 10:09:00,224,224,224,224,0
2022-12-06 10:10:00,224,224,224,224,0
2022-12-06 10:11:00,224,224,224,224,0
2022-12-06 10:12:00,224,224,224,224,0
2022-12-06 10:13:00,224,224,224,224,0
2022-12-06 10:14:00,224,224,224,224,0
2022-12-06 10:15:00,224,224,224,224,0
2022-12-06 10:16:00,224,224,224,224,0
2022-12-06 10:17:00,224,224,224,224,0
2022-12-06 10:18:00,224,224,224,224,0
2022-12-06 10:19:00,224,224,224,224,5100
2022-12-06 10:20:00,224,224,224,224,0
2022-12-06 10:21:00,224,224,224,224,0
2022-12-06 10:22:00,224,224,224,224,0
2022-12-06 10:23:00,224,224,224,224,0
2022-12-06 10:24:00,224,224,224,224,0
2022-12-06 10:25:00,222,222,222,222,1700
2022-12-06 10:26:00,222,222,222,222,0
2022-12-06 10:27:00,222,222,222,222,0
2022-12-06 10:28:00,222,222,222,222,1500
2022-12-06 10:29:00,222,222,222,222,0
2022-12-06 10:30:00,222,222,222,222,0
2022-12-06 10:31:00,222,222,222,222,0
2022-12-06 10:32:00,222,222,222,222,0
2022-12-06 10:33:00,222,222,222,222,0
2022-12-06 10:34:00,222,222,222,222,0
2022-12-06 10:35:00,222,222,222,222,0
2022-12-06 10:36:00,222,222,222,222,0
2022-12-06 10:37:00,222,222,222,222,0
2022-12-06 10:38:00,222,222,222,222,0
2022-12-06 10:39:00,222,222,222,222,0
2022-12-06 10:40:00,222,222,222,222,0
2022-12-06 10:41:00,222,222,222,222,0
2022-12-06 10:42:00,222,222,222,222,0
2022-12-06 10:43:00,222,222,222,222,0
2022-12-06 10:44:00,224,224,224,224,3300
2022-12-06 10:45:00,224,224,224,224,0
2022-12-06 10:46:00,224,224,224,224,0
2022-12-06 10:47:00,224,224,224,224,0
2022-12-06 10:48:00,224,224,224,224,0
2022-12-06 10:49:00,224,224,224,224,0
2022-12-06 10:50:00,224,224,224,224,0
2022-12-06 10:51:00,224,224,224,224,0
2022-12-06 10:52:00,224,224,224,224,0
2022-12-06 10:53:00,224,224,224,224,0
2022-12-06 10:54:00,224,224,224,224,0
2022-12-06 10:55:00,224,224,224,224,0
2022-12-06 10:56:00,224,224,224,224,0
2022-12-06 10:57:00,224,224,224,224,0
2022-12-06 10:58:00,224,224,224,224,0
2022-12-06 10:59:00,224,224,224,224,0
2022-12-06 11:00:00,224,224,224,224,0
2022-12-06 11:01:00,224,224,224,224,0
2022-12-06 11:02:00,224,224,224,224,18500
2022-12-06 11:03:00,224,224,224,224,0
2022-12-06 11:04:00,224,224,224,224,0
2022-12-06 11:05:00,224,224,224,224,0
2022-12-06 11:06:00,224,224,224,224,0
2022-12-06 11:07:00,224,224,224,224,0
2022-12-06 11:08:00,224,224,224,224,0
2022-12-06 11:09:00,224,224,224,224,0
2022-12-06 11:10:00,224,224,224,224,0
2022-12-06 11:11:00,224,224,224,224,0
2022-12-06 11:12:00,224,224,224,224,0
2022-12-06 11:13:00,222,222,222,222,200
2022-12-06 11:14:00,224,224,224,224,0
2022-12-06 11:15:00,224,224,224,224,0
2022-12-06 11:16:00,224,224,224,224,0
2022-12-06 11:17:00,224,224,224,224,0
2022-12-06 11:18:00,224,224,224,224,0
2022-12-06 11:19:00,224,224,224,224,0
2022-12-06 11:20:00,224,224,224,224,0
2022-12-06 11:21:00,224,224,224,224,0
2022-12-06 11:22:00,224,224,224,224,0
2022-12-06 11:23:00,224,224,224,224,100
2022-12-06 11:24:00,224,224,224,224,0
2022-12-06 11:25:00,224,224,224,224,200
2022-12-06 11:26:00,224,224,224,224,100
2022-12-06 11:27:00,224,224,224,224,200
2022-12-06 11:28:00,224,224,224,224,0
2022-12-06 11:29:00,224,224,224,224,100
2022-12-06 11:30:00,224,224,224,224,0
2022-12-06 11:31:00,224,224,224,224,0
2022-12-06 11:32:00,224,224,224,224,0
2022-12-06 11:33:00,224,224,224,224,0
2022-12-06 11:34:00,224,224,224,224,0
2022-12-06 11:35:00,224,224,224,224,0
2022-12-06 11:36:00,224,224,224,224,0
2022-12-06 11:37:00,224,224,224,224,0
2022-12-06 11:38:00,224,224,224,224,0
2022-12-06 11:39:00,224,224,224,224,0
2022-12-06 11:40:00,224,224,224,224,0
2022-12-06 11:41:00,224,224,224,224,0
2022-12-06 11:42:00,224,224,224,224,0
2022-12-06 11:43:00,224,224,224,224,0
2022-12-06 11:44:00,224,224,224,224,0
2022-12-06 11:45:00,224,224,224,224,0
2022-12-06 11:46:00,224,224,224,224,0
2022-12-06 11:47:00,224,224,224,224,0
2022-12-06 11:48:00,224,224,224,224,0
2022-12-06 11:49:00,224,224,224,224,0
2022-12-06 11:50:00,224,224,224,224,0
2022-12-06 11:51:00,224,224,224,224,0
2022-12-06 11:52:00,224,224,224,224,0
2022-12-06 11:53:00,224,224,224,224,0
2022-12-06 11:54:00,224,224,224,224,0
2022-12-06 11:55:00,224,224,224,224,0
2022-12-06 11:56:00,224,224,224,224,0
2022-12-06 11:57:00,224,224,224,224,0
2022-12-06 11:58:00,224,224,224,224,0
2022-12-06 11:59:00,224,224,224,224,0
2022-12-06 12:00:00,224,224,224,224,0
2022-12-06 12:01:00,224,224,224,224,0
2022-12-06 12:02:00,224,224,224,224,0
2022-12-06 12:03:00,224,224,224,224,0
2022-12-06 12:04:00,224,224,224,224,0
2022-12-06 12:05:00,224,224,224,224,0
2022-12-06 12:06:00,224,224,224,224,0
2022-12-06 12:07:00,224,224,224,224,0
2022-12-06 12:08:00,224,224,224,224,0
2022-12-06 12:09:00,224,224,224,224,0
2022-12-06 12:10:00,224,224,224,224,0
2022-12-06 12:11:00,224,224,224,224,0
2022-12-06 12:12:00,224,224,224,224,0
2022-12-06 12:13:00,224,224,224,224,0
2022-12-06 12:14:00,224,224,224,224,0
2022-12-06 12:15:00,224,224,224,224,0
2022-12-06 12:16:00,224,224,224,224,0
2022-12-06 12:17:00,224,224,224,224,0
2022-12-06 12:18:00,224,224,224,224,0
2022-12-06 12:19:00,224,224,224,224,0
2022-12-06 12:20:00,224,224,224,224,0
2022-12-06 12:21:00,224,224,224,224,0
2022-12-06 12:22:00,224,224,224,224,0
2022-12-06 12:23:00,224,224,224,224,0
2022-12-06 12:24:00,224,224,224,224,0
2022-12-06 12:25:00,224,224,224,224,0
2022-12-06 12:26:00,224,224,224,224,0
2022-12-06 12:27:00,224,224,224,224,0
2022-12-06 12:28:00,224,224,224,224,0
2022-12-06 12:29:00,224,224,224,224,0
2022-12-06 12:30:00,224,224,224,224,0
2022-12-06 12:31:00,224,224,224,224,0
2022-12-06 12:32:00,224,224,224,224,0
2022-12-06 12:33:00,224,224,224,224,0
2022-12-06 12:34:00,224,224,224,224,0
2022-12-06 12:35:00,224,224,224,224,0
2022-12-06 12:36:00,224,224,224,224,0
2022-12-06 12:37:00,224,224,224,224,0
2022-12-06 12:38:00,224,224,224,224,0
2022-12-06 12:39:00,224,224,224,224,0
2022-12-06 12:40:00,224,224,224,224,0
2022-12-06 12:41:00,224,224,224,224,0
2022-12-06 12:42:00,224,224,224,224,0
2022-12-06 12:43:00,224,224,224,224,0
2022-12-06 12:44:00,224,224,224,224,0
2022-12-06 12:45:00,224,224,224,224,0
2022-12-06 12:46:00,224,224,224,224,0
2022-12-06 12:47:00,224,224,224,224,0
2022-12-06 12:48:00,224,224,224,224,0
2022-12-06 12:49:00,224,224,224,224,0
2022-12-06 12:50:00,224,224,224,224,0
2022-12-06 12:51:00,224,224,224,224,0
2022-12-06 12:52:00,224,224,224,224,0
2022-12-06 12:53:00,224,224,224,224,0
2022-12-06 12:54:00,224,224,224,224,0
2022-12-06 12:55:00,224,224,224,224,0
2022-12-06 12:56:00,224,224,224,224,0
2022-12-06 12:57:00,224,224,224,224,0
2022-12-06 12:58:00,224,224,224,224,0
2022-12-06 12:59:00,224,224,224,224,0
2022-12-06 13:00:00,224,224,224,224,0
2022-12-06 13:01:00,224,224,224,224,0
2022-12-06 13:02:00,224,224,224,224,0
2022-12-06 13:03:00,224,224,224,224,0
2022-12-06 13:04:00,224,224,224,224,0
2022-12-06 13:05:00,224,224,224,224,0
2022-12-06 13:06:00,224,224,224,224,0
2022-12-06 13:07:00,224,224,224,224,0
2022-12-06 13:08:00,224,224,224,224,0
2022-12-06 13:09:00,224,224,224,224,0
2022-12-06 13:10:00,224,224,224,224,0
2022-12-06 13:11:00,224,224,224,224,0
2022-12-06 13:12:00,224,224,224,224,0
2022-12-06 13:13:00,224,224,224,224,0
2022-12-06 13:14:00,224,224,224,224,0
2022-12-06 13:15:00,224,224,224,224,0
2022-12-06 13:16:00,224,224,224,224,0
2022-12-06 13:17:00,224,224,224,224,0
2022-12-06 13:18:00,224,224,224,224,0
2022-12-06 13:19:00,224,224,224,224,0
2022-12-06 13:20:00,224,224,224,224,0
2022-12-06 13:21:00,224,224,224,224,0
2022-12-06 13:22:00,224,224,224,224,0
2022-12-06 13:23:00,224,224,224,224,0
2022-12-06 13:24:00,224,224,224,224,0
2022-12-06 13:25:00,224,224,224,224,0
2022-12-06 13:26:00,224,224,224,224,0
2022-12-06 13:27:00,224,224,224,224,0
2022-12-06 13:28:00,224,224,224,224,0
2022-12-06 13:29:00,224,224,224,224,0
2022-12-06 13:30:00,224,224,224,224,0
2022-12-06 13:31:00,224,224,224,224,0
2022-12-06 13:32:00,224,224,224,224,0
2022-12-06 13:33:00,224,224,224,224,0
2022-12-06 13:34:00,224,224,224,224,0
2022-12-06 13:35:00,224,224,224,224,0
2022-12-06 13:36:00,224,224,224,224,300
2022-12-06 13:37:00,224,224,224,224,0
2022-12-06 13:38:00,224,224,224,224,0
2022-12-06 13:39:00,224,224,224,224,900
2022-12-06 13:40:00,224,224,224,224,0
2022-12-06 13:41:00,224,224,224,224,0
2022-12-06 13:42:00,224,224,224,224,0
2022-12-06 13:43:00,224,224,224,224,800
2022-12-06 13:44:00,224,224,224,224,0
2022-12-06 13:45:00,224,224,224,224,0
2022-12-06 13:46:00,224,224,224,224,0
2022-12-06 13:47:00,224,224,224,224,0
2022-12-06 13:48:00,222,222,222,222,1100
2022-12-06 13:49:00,222,222,222,222,0
2022-12-06 13:50:00,224,224,224,224,1000
2022-12-06 13:51:00,222,222,222,222,3900
2022-12-06 13:52:00,222,222,222,222,0
2022-12-06 13:53:00,222,222,222,222,0
2022-12-06 13:54:00,224,224,224,224,0
2022-12-06 13:55:00,224,224,224,224,0
2022-12-06 13:56:00,224,224,224,224,0
2022-12-06 13:57:00,224,224,224,224,0
2022-12-06 13:58:00,224,224,224,224,0
2022-12-06 13:59:00,224,224,224,224,0
2022-12-06 14:00:00,224,224,224,224,0
2022-12-06 14:01:00,224,224,224,224,0
2022-12-06 14:02:00,224,224,224,224,0
2022-12-06 14:03:00,224,224,224,224,0
2022-12-06 14:04:00,224,224,224,224,0
2022-12-06 14:05:00,224,224,224,224,0
2022-12-06 14:06:00,224,224,224,224,0
2022-12-06 14:07:00,224,224,224,224,0
2022-12-06 14:08:00,224,224,224,224,0
2022-12-06 14:09:00,224,224,224,224,100
2022-12-06 14:10:00,224,224,224,224,0
2022-12-06 14:11:00,224,224,224,224,0
2022-12-06 14:12:00,224,224,224,224,0
2022-12-06 14:13:00,224,224,224,224,0
2022-12-06 14:14:00,224,224,224,224,0
2022-12-06 14:15:00,224,224,224,224,0
2022-12-06 14:16:00,224,224,224,224,0
2022-12-06 14:17:00,224,224,224,224,0
2022-12-06 14:18:00,224,224,224,224,0
2022-12-06 14:19:00,224,224,224,224,0
2022-12-06 14:20:00,224,224,224,224,0
2022-12-06 14:21:00,224,224,224,224,0
2022-12-06 14:22:00,224,224,224,224,0
2022-12-06 14:23:00,224,224,224,224,0
2022-12-06 14:24:00,224,224,224,224,0
2022-12-06 14:25:00,224,224,224,224,0
2022-12-06 14:26:00,224,224,224,224,0
2022-12-06 14:27:00,224,224,224,224,0
2022-12-06 14:28:00,224,224,224,224,0
2022-12-06 14:29:00,224,224,224,224,0
2022-12-06 14:30:00,224,224,224,224,0
2022-12-06 14:31:00,222,222,222,222,20000
2022-12-06 14:32:00,222,222,222,222,0
2022-12-06 14:33:00,222,222,222,222,0
2022-12-06 14:34:00,222,222,222,222,0
2022-12-06 14:35:00,222,222,222,222,0
2022-12-06 14:36:00,222,222,222,222,0
2022-12-06 14:37:00,222,222,222,222,0
2022-12-06 14:38:00,222,222,222,222,12200
2022-12-06 14:39:00,222,222,222,222,0
2022-12-06 14:40:00,222,222,222,222,0
2022-12-06 14:41:00,222,222,222,222,0
2022-12-06 14:42:00,222,222,222,222,0
2022-12-06 14:43:00,222,222,222,222,0
2022-12-06 14:44:00,222,222,222,222,0
2022-12-06 14:45:00,222,222,222,222,0
2022-12-06 14:46:00,222,222,222,222,0
2022-12-06 14:47:00,222,222,222,222,0
2022-12-06 14:48:00,222,222,222,222,0
2022-12-06 14:49:00,222,222,222,222,0
2022-12-06 14:50:00,222,222,222,222,0
2022-12-06 14:51:00,222,222,222,222,0
2022-12-06 14:52:00,222,222,222,222,0
2022-12-06 14:53:00,222,222,222,222,0
2022-12-06 14:54:00,222,222,222,222,0
2022-12-06 14:55:00,222,222,222,222,0
2022-12-06 14:56:00,222,222,222,222,0
2022-12-06 14:57:00,222,222,222,222,0
2022-12-06 14:58:00,222,222,222,222,0
2022-12-06 14:59:00,222,222,222,222,0
2022-12-06 15:00:00,222,222,222,222,82200
2022-12-06 15:01:00,222,222,222,222,0
2022-12-06 15:02:00,222,222,222,222,0
2022-12-06 15:03:00,222,222,222,222,0
2022-12-06 15:04:00,222,222,222,222,0
2022-12-06 15:05:00,222,222,222,222,0
2022-12-06 15:06:00,222,222,222,222,0
2022-12-06 15:07:00,222,222,222,222,0
2022-12-06 15:08:00,222,222,222,222,0
2022-12-06 15:09:00,222,222,222,222,0
2022-12-06 15:10:00,222,222,222,222,0
2022-12-06 15:11:00,222,222,222,222,0
2022-12-06 15:12:00,222,222,222,222,0
2022-12-06 15:13:00,222,222,222,222,0
2022-12-06 15:14:00,222,222,222,222,0
2022-12-06 15:15:00,222,222,222,222,0
2022-12-06 15:16:00,222,222,222,222,0
2022-12-06 15:17:00,222,222,222,222,0
2022-12-06 15:18:00,222,222,222,222,0
2022-12-06 15:19:00,222,222,222,222,0
2022-12-06 15:20:00,222,222,222,222,0
2022-12-06 15:21:00,222,222,222,222,0
2022-12-06 15:22:00,222,222,222,222,0
2022-12-06 15:23:00,222,222,222,222,0
2022-12-06 15:24:00,222,222,222,222,0
2022-12-06 15:25:00,222,222,222,222,0
2022-12-06 15:26:00,222,222,222,222,0
2022-12-06 15:27:00,222,222,222,222,0
2022-12-06 15:28:00,222,222,222,222,0
2022-12-06 15:29:00,222,222,222,222,0
2022-12-06 15:30:00,222,222,222,222,0
2022-12-06 15:31:00,222,222,222,222,0
2022-12-06 15:32:00,222,222,222,222,0
2022-12-06 15:33:00,222,222,222,222,0
2022-12-06 15:34:00,222,222,222,222,0
2022-12-06 15:35:00,222,222,222,222,0
2022-12-06 15:36:00,222,222,222,222,0
2022-12-06 15:37:00,222,222,222,222,0
2022-12-06 15:38:00,222,222,222,222,0
2022-12-06 15:39:00,222,222,222,222,0
2022-12-06 15:40:00,222,222,222,222,0
2022-12-06 15:41:00,222,222,222,222,0
2022-12-06 15:42:00,222,222,222,222,0
2022-12-06 15:43:00,222,222,222,222,0
2022-12-06 15:44:00,222,222,222,222,0
2022-12-06 15:45:00,222,222,222,222,0
2022-12-06 15:46:00,222,222,222,222,0
2022-12-06 15:47:00,222,222,222,222,0
2022-12-06 15:48:00,222,222,222,222,0
2022-12-06 15:49:00,222,222,222,222,0
2022-12-06 15:50:00,222,222,222,222,0
2022-12-06 15:51:00,222,222,222,222,0
2022-12-06 15:52:00,222,222,222,222,0
2022-12-06 15:53:00,222,222,222,222,0
2022-12-06 15:54:00,222,222,222,222,0
2022-12-06 15:55:00,222,222,222,222,0
2022-12-06 15:56:00,222,222,222,222,0
2022-12-06 15:57:00,222,222,222,222,0
2022-12-06 15:58:00,222,222,222,222,0
2022-12-06 15:59:00,222,222,222,222,0
2022-12-07 09:00:00,222,222,222,222,0
2022-12-07 09:01:00,222,222,222,222,0
2022-12-07 09:02:00,222,222,222,222,0
2022-12-07 09:03:00,222,222,222,222,0
2022-12-07 09:04:00,222,222,222,222,2100
2022-12-07 09:05:00,222,222,222,222,10600
2022-12-07 09:06:00,222,222,222,222,0
2022-12-07 09:07:00,226,224,228,226,200
2022-12-07 09:08:00,228,224,228,224,2400
2022-12-07 09:09:00,228,224,228,224,0
2022-12-07 09:10:00,228,224,228,224,0
2022-12-07 09:11:00,228,224,228,224,0
2022-12-07 09:12:00,228,224,228,224,0
2022-12-07 09:13:00,228,224,228,224,0
2022-12-07 09:14:00,228,224,228,224,0
2022-12-07 09:15:00,228,224,228,224,0
2022-12-07 09:16:00,228,224,228,224,0
2022-12-07 09:17:00,220,220,224,224,300
2022-12-07 09:18:00,220,220,224,224,0
2022-12-07 09:19:00,218,218,218,218,3600
2022-12-07 09:20:00,218,218,218,218,28200
2022-12-07 09:21:00,216,216,216,216,0
2022-12-07 09:22:00,212,212,212,212,0
2022-12-07 09:23:00,212,212,212,212,16300
2022-12-07 09:24:00,210,210,210,210,5500
2022-12-07 09:25:00,208,208,210,210,22100
2022-12-07 09:26:00,210,210,210,210,800
2022-12-07 09:27:00,210,210,210,210,13600
2022-12-07 09:28:00,210,210,210,210,19900
2022-12-07 09:29:00,210,210,210,210,10000
2022-12-07 09:30:00,210,210,210,210,0
2022-12-07 09:31:00,210,210,210,210,0
2022-12-07 09:32:00,210,210,210,210,0
2022-12-07 09:33:00,210,210,210,210,0
2022-12-07 09:34:00,210,210,210,210,0
2022-12-07 09:35:00,210,210,210,210,0
2022-12-07 09:36:00,210,210,210,210,500
2022-12-07 09:37:00,210,208,210,208,49200
2022-12-07 09:38:00,208,208,208,208,0
2022-12-07 09:39:00,208,208,208,208,0
2022-12-07 09:40:00,208,208,208,208,0
2022-12-07 09:41:00,208,208,208,208,2900
2022-12-07 09:42:00,208,208,208,208,5600
2022-12-07 09:43:00,208,208,208,208,0
2022-12-07 09:44:00,208,208,208,208,29900
2022-12-07 09:45:00,208,208,208,208,0
2022-12-07 09:46:00,208,208,208,208,0
2022-12-07 09:47:00,208,208,208,208,6300
2022-12-07 09:48:00,210,210,210,210,1200
2022-12-07 09:49:00,210,210,210,210,500
2022-12-07 09:50:00,210,210,210,210,9500
2022-12-07 09:51:00,210,210,210,210,1900
2022-12-07 09:52:00,210,210,210,210,0
2022-12-07 09:53:00,210,210,210,210,0
2022-12-07 09:54:00,210,210,210,210,0
2022-12-07 09:55:00,210,210,210,210,0
2022-12-07 09:56:00,210,210,210,210,0
2022-12-07 09:57:00,210,210,210,210,0
2022-12-07 09:58:00,210,210,210,210,0
2022-12-07 09:59:00,208,208,220,220,73000
2022-12-07 10:00:00,220,218,248,248,79200
2022-12-07 10:01:00,250,250,250,250,153200
2022-12-07 10:02:00,248,248,248,248,0
2022-12-07 10:03:00,244,244,246,246,200
2022-12-07 10:04:00,244,244,246,246,0
2022-12-07 10:05:00,244,244,246,246,0
2022-12-07 10:06:00,240,240,240,240,900
2022-12-07 10:07:00,238,238,238,238,1500
2022-12-07 10:08:00,218,218,218,218,0
2022-12-07 10:09:00,218,218,218,218,0
2022-12-07 10:10:00,218,218,218,218,0
2022-12-07 10:11:00,220,218,220,218,4100
2022-12-07 10:12:00,220,218,220,218,0
2022-12-07 10:13:00,220,218,220,218,0
2022-12-07 10:14:00,220,218,220,218,0
2022-12-07 10:15:00,220,218,220,218,0
2022-12-07 10:16:00,220,220,220,220,8700
2022-12-07 10:17:00,220,220,220,220,0
2022-12-07 10:18:00,220,220,220,220,0
2022-12-07 10:19:00,220,220,220,220,0
2022-12-07 10:20:00,220,220,220,220,0
2022-12-07 10:21:00,220,220,220,220,0
2022-12-07 10:22:00,220,220,220,220,2100
2022-12-07 10:23:00,220,220,220,220,0
2022-12-07 10:24:00,220,220,220,220,7000
2022-12-07 10:25:00,218,218,218,218,1000
2022-12-07 10:26:00,218,218,218,218,0
2022-12-07 10:27:00,220,218,220,218,16600
2022-12-07 10:28:00,220,218,220,218,0
2022-12-07 10:29:00,220,220,220,220,0
2022-12-07 10:30:00,220,220,220,220,0
2022-12-07 10:31:00,220,220,220,220,0
2022-12-07 10:32:00,220,220,220,220,0
2022-12-07 10:33:00,220,220,220,220,0
2022-12-07 10:34:00,220,220,220,220,0
2022-12-07 10:35:00,220,220,220,220,0
2022-12-07 10:36:00,220,220,220,220,0
2022-12-07 10:37:00,220,220,220,220,0
2022-12-07 10:38:00,220,220,220,220,0
2022-12-07 10:39:00,220,220,220,220,100
2022-12-07 10:40:00,220,220,220,220,0
2022-12-07 10:41:00,218,218,218,218,2000
2022-12-07 10:42:00,218,218,218,218,0
2022-12-07 10:43:00,218,218,218,218,0
2022-12-07 10:44:00,218,218,218,218,0
2022-12-07 10:45:00,218,218,218,218,0
2022-12-07 10:46:00,218,218,218,218,19900
2022-12-07 10:47:00,218,218,218,218,0
2022-12-07 10:48:00,216,216,216,216,0
2022-12-07 10:49:00,216,216,216,216,0
2022-12-07 10:50:00,216,216,216,216,0
2022-12-07 10:51:00,216,216,216,216,0
2022-12-07 10:52:00,216,216,216,216,0
2022-12-07 10:53:00,216,216,216,216,0
2022-12-07 10:54:00,216,216,216,216,0
2022-12-07 10:55:00,216,216,216,216,0
2022-12-07 10:56:00,216,216,216,216,200
2022-12-07 10:57:00,216,216,216,216,0
2022-12-07 10:58:00,216,216,216,216,0
2022-12-07 10:59:00,216,216,216,216,0
2022-12-07 11:00:00,216,216,216,216,0
2022-12-07 11:01:00,216,216,216,216,0
2022-12-07 11:02:00,216,216,216,216,0
2022-12-07 11:03:00,216,216,216,216,1400
2022-12-07 11:04:00,216,216,216,216,0
2022-12-07 11:05:00,216,216,216,216,0
2022-12-07 11:06:00,216,216,216,216,0
2022-12-07 11:07:00,216,216,216,216,0
2022-12-07 11:08:00,216,216,216,216,0
2022-12-07 11:09:00,216,216,216,216,0
2022-12-07 11:10:00,216,216,216,216,0
2022-12-07 11:11:00,216,216,216,216,0
2022-12-07 11:12:00,216,216,216,216,0
2022-12-07 11:13:00,216,216,216,216,0
2022-12-07 11:14:00,216,216,216,216,0
2022-12-07 11:15:00,216,216,216,216,0
2022-12-07 11:16:00,216,216,216,216,0
2022-12-07 11:17:00,216,216,236,236,45400
2022-12-07 11:18:00,236,236,252,252,148500
2022-12-07 11:19:00,250,250,250,250,12300
2022-12-07 11:20:00,252,250,252,252,5700
2022-12-07 11:21:00,250,250,250,250,20000
2022-12-07 11:22:00,250,250,250,250,8600
2022-12-07 11:23:00,250,250,250,250,5200
2022-12-07 11:24:00,248,248,248,248,900
2022-12-07 11:25:00,244,244,244,244,400
2022-12-07 11:26:00,238,236,238,236,12300
2022-12-07 11:27:00,238,236,238,236,0
2022-12-07 11:28:00,234,234,234,234,13100
2022-12-07 11:29:00,234,230,234,230,5800
2022-12-07 11:30:00,234,230,234,230,0
2022-12-07 11:31:00,234,230,234,230,0
2022-12-07 11:32:00,234,230,234,230,0
2022-12-07 11:33:00,234,230,234,230,0
2022-12-07 11:34:00,234,230,234,230,0
2022-12-07 11:35:00,234,230,234,230,0
2022-12-07 11:36:00,234,230,234,230,0
2022-12-07 11:37:00,234,230,234,230,0
2022-12-07 11:38:00,234,230,234,230,0
2022-12-07 11:39:00,234,230,234,230,0
2022-12-07 11:40:00,234,230,234,230,0
2022-12-07 11:41:00,234,230,234,230,0
2022-12-07 11:42:00,234,230,234,230,0
2022-12-07 11:43:00,234,230,234,230,0
2022-12-07 11:44:00,234,230,234,230,0
2022-12-07 11:45:00,234,230,234,230,0
2022-12-07 11:46:00,234,230,234,230,0
2022-12-07 11:47:00,234,230,234,230,0
2022-12-07 11:48:00,234,230,234,230,0
2022-12-07 11:49:00,234,230,234,230,0
2022-12-07 11:50:00,234,230,234,230,0
2022-12-07 11:51:00,234,230,234,230,0
2022-12-07 11:52:00,234,230,234,230,0
2022-12-07 11:53:00,234,230,234,230,0
2022-12-07 11:54:00,234,230,234,230,0
2022-12-07 11:55:00,234,230,234,230,0
2022-12-07 11:56:00,234,230,234,230,0
2022-12-07 11:57:00,234,230,234,230,0
2022-12-07 11:58:00,234,230,234,230,0
2022-12-07 11:59:00,234,230,234,230,0
2022-12-07 12:00:00,234,230,234,230,0
2022-12-07 12:01:00,234,230,234,230,0
2022-12-07 12:02:00,234,230,234,230,0
2022-12-07 12:03:00,234,230,234,230,0
2022-12-07 12:04:00,234,230,234,230,0
2022-12-07 12:05:00,234,230,234,230,0
2022-12-07 12:06:00,234,230,234,230,0
2022-12-07 12:07:00,234,230,234,230,0
2022-12-07 12:08:00,234,230,234,230,0
2022-12-07 12:09:00,234,230,234,230,0
2022-12-07 12:10:00,234,230,234,230,0
2022-12-07 12:11:00,234,230,234,230,0
2022-12-07 12:12:00,234,230,234,230,0
2022-12-07 12:13:00,234,230,234,230,0
2022-12-07 12:14:00,234,230,234,230,0
2022-12-07 12:15:00,234,230,234,230,0
2022-12-07 12:16:00,234,230,234,230,0
2022-12-07 12:17:00,234,230,234,230,0
2022-12-07 12:18:00,234,230,234,230,0
2022-12-07 12:19:00,234,230,234,230,0
2022-12-07 12:20:00,234,230,234,230,0
2022-12-07 12:21:00,234,230,234,230,0
2022-12-07 12:22:00,234,230,234,230,0
2022-12-07 12:23:00,234,230,234,230,0
2022-12-07 12:24:00,234,230,234,230,0
2022-12-07 12:25:00,234,230,234,230,0
2022-12-07 12:26:00,234,230,234,230,0
2022-12-07 12:27:00,234,230,234,230,0
2022-12-07 12:28:00,234,230,234,230,0
2022-12-07 12:29:00,234,230,234,230,0
2022-12-07 12:30:00,234,230,234,230,0
2022-12-07 12:31:00,234,230,234,230,0
2022-12-07 12:32:00,234,230,234,230,0
2022-12-07 12:33:00,234,230,234,230,0
2022-12-07 12:34:00,234,230,234,230,0
2022-12-07 12:35:00,234,230,234,230,0
2022-12-07 12:36:00,234,230,234,230,0
2022-12-07 12:37:00,234,230,234,230,0
2022-12-07 12:38:00,234,230,234,230,0
2022-12-07 12:39:00,234,230,234,230,0
2022-12-07 12:40:00,234,230,234,230,0
2022-12-07 12:41:00,234,230,234,230,0
2022-12-07 12:42:00,234,230,234,230,0
2022-12-07 12:43:00,234,230,234,230,0
2022-12-07 12:44:00,234,230,234,230,0
2022-12-07 12:45:00,234,230,234,230,0
2022-12-07 12:46:00,234,230,234,230,0
2022-12-07 12:47:00,234,230,234,230,0
2022-12-07 12:48:00,234,230,234,230,0
2022-12-07 12:49:00,234,230,234,230,0
2022-12-07 12:50:00,234,230,234,230,0
2022-12-07 12:51:00,234,230,234,230,0
2022-12-07 12:52:00,234,230,234,230,0
2022-12-07 12:53:00,234,230,234,230,0
2022-12-07 12:54:00,234,230,234,230,0
2022-12-07 12:55:00,234,230,234,230,0
2022-12-07 12:56:00,234,230,234,230,0
2022-12-07 12:57:00,234,230,234,230,0
2022-12-07 12:58:00,234,230,234,230,0
2022-12-07 12:59:00,234,230,234,230,0
2022-12-07 13:00:00,234,230,234,230,0
2022-12-07 13:01:00,234,230,234,230,0
2022-12-07 13:02:00,234,230,234,230,0
2022-12-07 13:03:00,234,230,234,230,0
2022-12-07 13:04:00,234,230,234,230,0
2022-12-07 13:05:00,234,230,234,230,0
2022-12-07 13:06:00,234,230,234,230,0
2022-12-07 13:07:00,234,230,234,230,0
2022-12-07 13:08:00,234,230,234,230,0
2022-12-07 13:09:00,234,230,234,230,0
2022-12-07 13:10:00,234,230,234,230,0
2022-12-07 13:11:00,234,230,234,230,0
2022-12-07 13:12:00,234,230,234,230,0
2022-12-07 13:13:00,234,230,234,230,0
2022-12-07 13:14:00,234,230,234,230,0
2022-12-07 13:15:00,234,230,234,230,0
2022-12-07 13:16:00,234,230,234,230,0
2022-12-07 13:17:00,234,230,234,230,0
2022-12-07 13:18:00,234,230,234,230,0
2022-12-07 13:19:00,234,230,234,230,0
2022-12-07 13:20:00,234,230,234,230,0
2022-12-07 13:21:00,234,230,234,230,0
2022-12-07 13:22:00,234,230,234,230,0
2022-12-07 13:23:00,234,230,234,230,0
2022-12-07 13:24:00,234,230,234,230,0
2022-12-07 13:25:00,234,230,234,230,0
2022-12-07 13:26:00,234,230,234,230,0
2022-12-07 13:27:00,234,230,234,230,0
2022-12-07 13:28:00,234,230,234,230,0
2022-12-07 13:29:00,234,230,234,230,0
2022-12-07 13:30:00,226,226,226,226,1100
2022-12-07 13:31:00,226,226,226,226,0
2022-12-07 13:32:00,226,226,226,226,0
2022-12-07 13:33:00,226,226,226,226,0
2022-12-07 13:34:00,226,226,226,226,0
2022-12-07 13:35:00,226,226,226,226,0
2022-12-07 13:36:00,226,226,226,226,0
2022-12-07 13:37:00,226,226,226,226,0
2022-12-07 13:38:00,226,226,226,226,0
2022-12-07 13:39:00,226,226,226,226,0
2022-12-07 13:40:00,226,226,226,226,0
2022-12-07 13:41:00,228,226,228,226,16700
2022-12-07 13:42:00,226,226,226,226,1700
2022-12-07 13:43:00,226,226,226,226,0
2022-12-07 13:44:00,226,226,226,226,0
2022-12-07 13:45:00,226,226,226,226,0
2022-12-07 13:46:00,226,226,226,226,0
2022-12-07 13:47:00,226,226,226,226,0
2022-12-07 13:48:00,226,226,226,226,0
2022-12-07 13:49:00,226,226,226,226,6600
2022-12-07 13:50:00,226,226,226,226,0
2022-12-07 13:51:00,230,230,230,230,1000
2022-12-07 13:52:00,232,232,232,232,0
2022-12-07 13:53:00,232,232,232,232,0
2022-12-07 13:54:00,232,232,232,232,0
2022-12-07 13:55:00,230,230,230,230,4200
2022-12-07 13:56:00,230,230,230,230,0
2022-12-07 13:57:00,230,230,230,230,0
2022-12-07 13:58:00,230,230,232,232,11900
2022-12-07 13:59:00,230,230,232,232,0
2022-12-07 14:00:00,232,232,232,232,6200
2022-12-07 14:01:00,232,232,232,232,0
2022-12-07 14:02:00,232,232,232,232,0
2022-12-07 14:03:00,232,232,232,232,0
2022-12-07 14:04:00,232,232,232,232,44600
2022-12-07 14:05:00,232,232,232,232,0
2022-12-07 14:06:00,232,232,232,232,800
2022-12-07 14:07:00,232,232,232,232,0
2022-12-07 14:08:00,232,232,232,232,0
2022-12-07 14:09:00,232,232,232,232,0
2022-12-07 14:10:00,232,232,232,232,0
2022-12-07 14:11:00,232,232,232,232,0
2022-12-07 14:12:00,232,232,232,232,0
2022-12-07 14:13:00,232,232,232,232,0
2022-12-07 14:14:00,232,232,232,232,0
2022-12-07 14:15:00,232,232,232,232,0
2022-12-07 14:16:00,232,232,232,232,0
2022-12-07 14:17:00,232,232,232,232,0
2022-12-07 14:18:00,232,232,232,232,0
2022-12-07 14:19:00,232,232,232,232,0
2022-12-07 14:20:00,232,232,232,232,0
2022-12-07 14:21:00,232,232,232,232,0
2022-12-07 14:22:00,232,232,232,232,0
2022-12-07 14:23:00,232,232,232,232,0
2022-12-07 14:24:00,232,232,232,232,0
2022-12-07 14:25:00,232,232,232,232,0
2022-12-07 14:26:00,232,232,232,232,0
2022-12-07 14:27:00,232,232,232,232,0
2022-12-07 14:28:00,232,232,232,232,0
2022-12-07 14:29:00,232,232,232,232,0
2022-12-07 14:30:00,232,232,232,232,0
2022-12-07 14:31:00,232,232,232,232,0
2022-12-07 14:32:00,232,232,232,232,0
2022-12-07 14:33:00,232,232,232,232,0
2022-12-07 14:34:00,232,232,232,232,0
2022-12-07 14:35:00,232,232,232,232,0
2022-12-07 14:36:00,232,232,232,232,0
2022-12-07 14:37:00,232,232,232,232,0
2022-12-07 14:38:00,232,232,232,232,0
2022-12-07 14:39:00,232,232,232,232,0
2022-12-07 14:40:00,230,230,250,250,78800
2022-12-07 14:41:00,244,244,244,244,0
2022-12-07 14:42:00,244,240,246,240,61500
2022-12-07 14:43:00,238,238,238,238,0
2022-12-07 14:44:00,234,232,234,232,2100
2022-12-07 14:45:00,236,236,236,236,100
2022-12-07 14:46:00,236,236,236,236,500
2022-12-07 14:47:00,236,236,238,238,0
2022-12-07 14:48:00,238,238,248,246,36500
2022-12-07 14:49:00,246,246,248,246,0
2022-12-07 14:50:00,246,246,248,246,0
2022-12-07 14:51:00,246,246,248,246,0
2022-12-07 14:52:00,246,246,248,246,0
2022-12-07 14:53:00,246,246,248,246,0
2022-12-07 14:54:00,246,246,248,246,0
2022-12-07 14:55:00,246,246,248,246,0
2022-12-07 14:56:00,246,246,248,246,0
2022-12-07 14:57:00,246,246,248,246,0
2022-12-07 14:58:00,246,246,248,246,0
2022-12-07 14:59:00,246,246,248,246,0
2022-12-07 15:00:00,250,250,250,250,106200
2022-12-07 15:01:00,250,250,250,250,10500
2022-12-07 15:02:00,250,250,250,250,200
2022-12-07 15:03:00,250,250,250,250,0
2022-12-07 15:04:00,250,250,250,250,1900
2022-12-07 15:05:00,250,250,250,250,0
2022-12-07 15:06:00,250,250,250,250,0
2022-12-07 15:07:00,250,250,250,250,1000
2022-12-07 15:08:00,250,250,250,250,0
2022-12-07 15:09:00,250,250,250,250,0
2022-12-07 15:10:00,250,250,250,250,60000
2022-12-07 15:11:00,250,250,250,250,0
2022-12-07 15:12:00,250,250,250,250,0
2022-12-07 15:13:00,250,250,250,250,0
2022-12-07 15:14:00,250,250,250,250,0
2022-12-07 15:15:00,250,250,250,250,0
2022-12-07 15:16:00,250,250,250,250,0
2022-12-07 15:17:00,250,250,250,250,0
2022-12-07 15:18:00,250,250,250,250,0
2022-12-07 15:19:00,250,250,250,250,0
2022-12-07 15:20:00,250,250,250,250,0
2022-12-07 15:21:00,250,250,250,250,0
2022-12-07 15:22:00,250,250,250,250,0
2022-12-07 15:23:00,250,250,250,250,0
2022-12-07 15:24:00,250,250,250,250,0
2022-12-07 15:25:00,250,250,250,250,0
2022-12-07 15:26:00,250,250,250,250,0
2022-12-07 15:27:00,250,250,250,250,0
2022-12-07 15:28:00,250,250,250,250,0
2022-12-07 15:29:00,250,250,250,250,0
2022-12-07 15:30:00,250,250,250,250,0
2022-12-07 15:31:00,250,250,250,250,0
2022-12-07 15:32:00,250,250,250,250,0
2022-12-07 15:33:00,250,250,250,250,0
2022-12-07 15:34:00,250,250,250,250,0
2022-12-07 15:35:00,250,250,250,250,0
2022-12-07 15:36:00,250,250,250,250,0
2022-12-07 15:37:00,250,250,250,250,0
2022-12-07 15:38:00,250,250,250,250,0
2022-12-07 15:39:00,250,250,250,250,0
2022-12-07 15:40:00,250,250,250,250,0
2022-12-07 15:41:00,250,250,250,250,0
2022-12-07 15:42:00,250,250,250,250,0
2022-12-07 15:43:00,250,250,250,250,0
2022-12-07 15:44:00,250,250,250,250,0
2022-12-07 15:45:00,250,250,250,250,0
2022-12-07 15:46:00,250,250,250,250,0
2022-12-07 15:47:00,250,250,250,250,0
2022-12-07 15:48:00,250,250,250,250,0
2022-12-07 15:49:00,250,250,250,250,0
2022-12-07 15:50:00,250,250,250,250,0
2022-12-07 15:51:00,250,250,250,250,0
2022-12-07 15:52:00,250,250,250,250,0
2022-12-07 15:53:00,250,250,250,250,0
2022-12-07 15:54:00,250,250,250,250,0
2022-12-07 15:55:00,250,250,250,250,0
2022-12-07 15:56:00,250,250,250,250,0
2022-12-07 15:57:00,250,250,250,250,0
2022-12-07 15:58:00,250,250,250,250,0
2022-12-07 15:59:00,250,250,250,250,0
2022-12-08 09:00:00,246,246,246,246,0
2022-12-08 09:01:00,240,240,240,240,0
2022-12-08 09:02:00,242,242,242,242,0
2022-12-08 09:03:00,242,242,242,242,0
2022-12-08 09:04:00,248,248,248,248,2900
2022-12-08 09:05:00,248,248,248,248,0
2022-12-08 09:06:00,248,248,248,248,6000
2022-12-08 09:07:00,248,248,248,248,0
2022-12-08 09:08:00,246,246,246,246,0
2022-12-08 09:09:00,246,246,246,246,0
2022-12-08 09:10:00,246,246,246,246,400
2022-12-08 09:11:00,248,246,248,246,600
2022-12-08 09:12:00,248,248,248,248,2900
2022-12-08 09:13:00,248,248,248,248,100
2022-12-08 09:14:00,248,248,248,248,0
2022-12-08 09:15:00,242,242,248,248,1900
2022-12-08 09:16:00,242,242,248,248,0
2022-12-08 09:17:00,242,242,248,248,0
2022-12-08 09:18:00,242,242,248,248,0
2022-12-08 09:19:00,246,246,246,246,300
2022-12-08 09:20:00,246,246,246,246,0
2022-12-08 09:21:00,244,244,244,244,1000
2022-12-08 09:22:00,242,242,242,242,2300
2022-12-08 09:23:00,242,242,242,242,1200
2022-12-08 09:24:00,242,242,242,242,0
2022-12-08 09:25:00,242,242,242,242,4900
2022-12-08 09:26:00,242,242,242,242,0
2022-12-08 09:27:00,242,242,242,242,0
2022-12-08 09:28:00,242,242,242,242,0
2022-12-08 09:29:00,242,242,242,242,0
2022-12-08 09:30:00,242,242,242,242,0
2022-12-08 09:31:00,242,242,242,242,2000
2022-12-08 09:32:00,242,242,242,242,0
2022-12-08 09:33:00,242,242,242,242,0
2022-12-08 09:34:00,242,242,242,242,0
2022-12-08 09:35:00,242,242,242,242,0
2022-12-08 09:36:00,242,242,242,242,0
2022-12-08 09:37:00,242,242,242,242,0
2022-12-08 09:38:00,242,242,242,242,0
2022-12-08 09:39:00,242,242,242,242,0
2022-12-08 09:40:00,242,242,242,242,0
2022-12-08 09:41:00,242,242,242,242,0
2022-12-08 09:42:00,242,242,242,242,0
2022-12-08 09:43:00,242,242,242,242,0
2022-12-08 09:44:00,242,242,242,242,2200
2022-12-08 09:45:00,242,242,242,242,0
2022-12-08 09:46:00,244,244,260,260,186400
2022-12-08 09:47:00,260,260,260,260,18700
2022-12-08 09:48:00,260,260,260,260,93200
2022-12-08 09:49:00,260,260,260,260,0
2022-12-08 09:50:00,254,252,254,252,0
2022-12-08 09:51:00,252,252,252,252,400
2022-12-08 09:52:00,252,252,252,252,0
2022-12-08 09:53:00,252,252,252,252,600
2022-12-08 09:54:00,248,248,248,248,1000
2022-12-08 09:55:00,248,248,248,248,0
2022-12-08 09:56:00,248,248,248,248,300
2022-12-08 09:57:00,248,248,248,248,0
2022-12-08 09:58:00,248,248,248,248,0
2022-12-08 09:59:00,248,248,248,248,0
2022-12-08 10:00:00,248,248,248,248,0
2022-12-08 10:01:00,246,246,246,246,1900
2022-12-08 10:02:00,246,246,246,246,0
2022-12-08 10:03:00,246,246,246,246,0
2022-12-08 10:04:00,246,246,246,246,0
2022-12-08 10:05:00,246,246,246,246,0
2022-12-08 10:06:00,246,246,246,246,0
2022-12-08 10:07:00,246,246,246,246,0
2022-12-08 10:08:00,246,246,246,246,0
2022-12-08 10:09:00,246,246,246,246,0
2022-12-08 10:10:00,246,246,246,246,0
2022-12-08 10:11:00,246,246,246,246,0
2022-12-08 10:12:00,246,246,246,246,0
2022-12-08 10:13:00,246,246,246,246,0
2022-12-08 10:14:00,246,246,246,246,0
2022-12-08 10:15:00,246,246,246,246,0
2022-12-08 10:16:00,246,246,246,246,0
2022-12-08 10:17:00,244,244,244,244,200
2022-12-08 10:18:00,244,244,244,244,0
2022-12-08 10:19:00,244,244,244,244,0
2022-12-08 10:20:00,244,244,244,244,3200
2022-12-08 10:21:00,244,244,244,244,0
2022-12-08 10:22:00,244,244,244,244,0
2022-12-08 10:23:00,244,244,244,244,2000
2022-12-08 10:24:00,244,244,244,244,0
2022-12-08 10:25:00,244,244,244,244,200
2022-12-08 10:26:00,244,244,244,244,0
2022-12-08 10:27:00,244,244,244,244,0
2022-12-08 10:28:00,244,244,244,244,0
2022-12-08 10:29:00,244,244,244,244,0
2022-12-08 10:30:00,244,244,244,244,0
2022-12-08 10:31:00,244,244,244,244,0
2022-12-08 10:32:00,244,244,244,244,0
2022-12-08 10:33:00,244,244,244,244,0
2022-12-08 10:34:00,244,244,244,244,0
2022-12-08 10:35:00,244,244,244,244,0
2022-12-08 10:36:00,244,244,244,244,0
2022-12-08 10:37:00,244,244,244,244,0
2022-12-08 10:38:00,244,244,244,244,0
2022-12-08 10:39:00,244,244,244,244,0
2022-12-08 10:40:00,244,244,244,244,0
2022-12-08 10:41:00,244,244,244,244,0
2022-12-08 10:42:00,244,244,244,244,0
2022-12-08 10:43:00,244,244,244,244,3200
2022-12-08 10:44:00,244,244,244,244,0
2022-12-08 10:45:00,244,244,244,244,0
2022-12-08 10:46:00,244,244,244,244,0
2022-12-08 10:47:00,244,244,244,244,0
2022-12-08 10:48:00,244,244,244,244,0
2022-12-08 10:49:00,244,244,244,244,0
2022-12-08 10:50:00,244,244,244,244,0
2022-12-08 10:51:00,244,244,244,244,0
2022-12-08 10:52:00,244,244,244,244,0
2022-12-08 10:53:00,244,244,244,244,0
2022-12-08 10:54:00,244,244,244,244,0
2022-12-08 10:55:00,244,244,244,244,0
2022-12-08 10:56:00,244,244,244,244,0
2022-12-08 10:57:00,244,244,244,244,0
2022-12-08 10:58:00,244,244,244,244,0
2022-12-08 10:59:00,244,244,244,244,0
2022-12-08 11:00:00,244,244,244,244,0
2022-12-08 11:01:00,244,244,244,244,0
2022-12-08 11:02:00,244,244,244,244,0
2022-12-08 11:03:00,244,244,244,244,0
2022-12-08 11:04:00,242,242,242,242,100
2022-12-08 11:05:00,242,242,242,242,0
2022-12-08 11:06:00,242,242,242,242,0
2022-12-08 11:07:00,242,242,242,242,0
2022-12-08 11:08:00,242,242,242,242,0
2022-12-08 11:09:00,242,242,242,242,0
2022-12-08 11:10:00,242,242,242,242,300
2022-12-08 11:11:00,242,242,242,242,1500
2022-12-08 11:12:00,242,242,242,242,0
2022-12-08 11:13:00,242,242,242,242,0
2022-12-08 11:14:00,242,242,242,242,0
2022-12-08 11:15:00,242,242,242,242,0
2022-12-08 11:16:00,242,242,242,242,0
2022-12-08 11:17:00,242,242,242,242,0
2022-12-08 11:18:00,242,242,242,242,0
2022-12-08 11:19:00,242,242,242,242,0
2022-12-08 11:20:00,242,242,242,242,0
2022-12-08 11:21:00,242,242,242,242,0
2022-12-08 11:22:00,242,242,242,242,0
2022-12-08 11:23:00,242,242,242,242,0
2022-12-08 11:24:00,242,242,242,242,0
2022-12-08 11:25:00,242,242,242,242,0
2022-12-08 11:26:00,242,242,242,242,0
2022-12-08 11:27:00,242,242,242,242,2300
2022-12-08 11:28:00,242,242,242,242,0
2022-12-08 11:29:00,242,242,242,242,0
2022-12-08 11:30:00,242,242,242,242,0
2022-12-08 11:31:00,242,242,242,242,0
2022-12-08 11:32:00,242,242,242,242,0
2022-12-08 11:33:00,242,242,242,242,0
2022-12-08 11:34:00,242,242,242,242,0
2022-12-08 11:35:00,242,242,242,242,0
2022-12-08 11:36:00,242,242,242,242,0
2022-12-08 11:37:00,242,242,242,242,0
2022-12-08 11:38:00,242,242,242,242,0
2022-12-08 11:39:00,242,242,242,242,0
2022-12-08 11:40:00,242,242,242,242,0
2022-12-08 11:41:00,242,242,242,242,0
2022-12-08 11:42:00,242,242,242,242,0
2022-12-08 11:43:00,242,242,242,242,0
2022-12-08 11:44:00,242,242,242,242,0
2022-12-08 11:45:00,242,242,242,242,0
2022-12-08 11:46:00,242,242,242,242,0
2022-12-08 11:47:00,242,242,242,242,0
2022-12-08 11:48:00,242,242,242,242,0
2022-12-08 11:49:00,242,242,242,242,0
2022-12-08 11:50:00,242,242,242,242,0
2022-12-08 11:51:00,242,242,242,242,0
2022-12-08 11:52:00,242,242,242,242,0
2022-12-08 11:53:00,242,242,242,242,0
2022-12-08 11:54:00,242,242,242,242,0
2022-12-08 11:55:00,242,242,242,242,0
2022-12-08 11:56:00,242,242,242,242,0
2022-12-08 11:57:00,242,242,242,242,0
2022-12-08 11:58:00,242,242,242,242,0
2022-12-08 11:59:00,242,242,242,242,0
2022-12-08 12:00:00,242,242,242,242,0
2022-12-08 12:01:00,242,242,242,242,0
2022-12-08 12:02:00,242,242,242,242,0
2022-12-08 12:03:00,242,242,242,242,0
2022-12-08 12:04:00,242,242,242,242,0
2022-12-08 12:05:00,242,242,242,242,0
2022-12-08 12:06:00,242,242,242,242,0
2022-12-08 12:07:00,242,242,242,242,0
2022-12-08 12:08:00,242,242,242,242,0
2022-12-08 12:09:00,242,242,242,242,0
2022-12-08 12:10:00,242,242,242,242,0
2022-12-08 12:11:00,242,242,242,242,0
2022-12-08 12:12:00,242,242,242,242,0
2022-12-08 12:13:00,242,242,242,242,0
2022-12-08 12:14:00,242,242,242,242,0
2022-12-08 12:15:00,242,242,242,242,0
2022-12-08 12:16:00,242,242,242,242,0
2022-12-08 12:17:00,242,242,242,242,0
2022-12-08 12:18:00,242,242,242,242,0
2022-12-08 12:19:00,242,242,242,242,0
2022-12-08 12:20:00,242,242,242,242,0
2022-12-08 12:21:00,242,242,242,242,0
2022-12-08 12:22:00,242,242,242,242,0
2022-12-08 12:23:00,242,242,242,242,0
2022-12-08 12:24:00,242,242,242,242,0
2022-12-08 12:25:00,242,242,242,242,0
2022-12-08 12:26:00,242,242,242,242,0
2022-12-08 12:27:00,242,242,242,242,0
2022-12-08 12:28:00,242,242,242,242,0
2022-12-08 12:29:00,242,242,242,242,0
2022-12-08 12:30:00,242,242,242,242,0
2022-12-08 12:31:00,242,242,242,242,0
2022-12-08 12:32:00,242,242,242,242,0
2022-12-08 12:33:00,242,242,242,242,0
2022-12-08 12:34:00,242,242,242,242,0
2022-12-08 12:35:00,242,242,242,242,0
2022-12-08 12:36:00,242,242,242,242,0
2022-12-08 12:37:00,242,242,242,242,0
2022-12-08 12:38:00,242,242,242,242,0
2022-12-08 12:39:00,242,242,242,242,0
2022-12-08 12:40:00,242,242,242,242,0
2022-12-08 12:41:00,242,242,242,242,0
2022-12-08 12:42:00,242,242,242,242,0
2022-12-08 12:43:00,242,242,242,242,0
2022-12-08 12:44:00,242,242,242,242,0
2022-12-08 12:45:00,242,242,242,242,0
2022-12-08 12:46:00,242,242,242,242,0
2022-12-08 12:47:00,242,242,242,242,0
2022-12-08 12:48:00,242,242,242,242,0
2022-12-08 12:49:00,242,242,242,242,0
2022-12-08 12:50:00,242,242,242,242,0
2022-12-08 12:51:00,242,242,242,242,0
2022-12-08 12:52:00,242,242,242,242,0
2022-12-08 12:53:00,242,242,242,242,0
2022-12-08 12:54:00,242,242,242,242,0
2022-12-08 12:55:00,242,242,242,242,0
2022-12-08 12:56:00,242,242,242,242,0
2022-12-08 12:57:00,242,242,242,242,0
2022-12-08 12:58:00,242,242,242,242,0
2022-12-08 12:59:00,242,242,242,242,0
2022-12-08 13:00:00,242,242,242,242,0
2022-12-08 13:01:00,242,242,242,242,0
2022-12-08 13:02:00,242,242,242,242,0
2022-12-08 13:03:00,242,242,242,242,0
2022-12-08 13:04:00,242,242,242,242,0
2022-12-08 13:05:00,242,242,242,242,0
2022-12-08 13:06:00,242,242,242,242,0
2022-12-08 13:07:00,242,242,242,242,0
2022-12-08 13:08:00,242,242,242,242,0
2022-12-08 13:09:00,242,242,242,242,0
2022-12-08 13:10:00,242,242,242,242,0
2022-12-08 13:11:00,242,242,242,242,0
2022-12-08 13:12:00,242,242,242,242,0
2022-12-08 13:13:00,242,242,242,242,0
2022-12-08 13:14:00,242,242,242,242,0
2022-12-08 13:15:00,242,242,242,242,0
2022-12-08 13:16:00,242,242,242,242,0
2022-12-08 13:17:00,242,242,242,242,0
2022-12-08 13:18:00,242,242,242,242,0
2022-12-08 13:19:00,242,242,242,242,0
2022-12-08 13:20:00,242,242,242,242,0
2022-12-08 13:21:00,242,242,242,242,0
2022-12-08 13:22:00,242,242,242,242,0
2022-12-08 13:23:00,242,242,242,242,0
2022-12-08 13:24:00,242,242,242,242,0
2022-12-08 13:25:00,242,242,242,242,0
2022-12-08 13:26:00,242,242,242,242,0
2022-12-08 13:27:00,242,242,242,242,0
2022-12-08 13:28:00,242,242,242,242,0
2022-12-08 13:29:00,242,242,242,242,0
2022-12-08 13:30:00,242,242,242,242,0
2022-12-08 13:31:00,242,242,242,242,0
2022-12-08 13:32:00,242,242,242,242,0
2022-12-08 13:33:00,242,242,242,242,0
2022-12-08 13:34:00,242,242,242,242,0
2022-12-08 13:35:00,242,242,242,242,0
2022-12-08 13:36:00,242,242,242,242,0
2022-12-08 13:37:00,242,242,242,242,0
2022-12-08 13:38:00,242,242,242,242,0
2022-12-08 13:39:00,244,244,244,244,0
2022-12-08 13:40:00,244,244,244,244,0
2022-12-08 13:41:00,244,244,244,244,0
2022-12-08 13:42:00,244,244,244,244,0
2022-12-08 13:43:00,244,244,244,244,3200
2022-12-08 13:44:00,244,244,244,244,0
2022-12-08 13:45:00,244,244,244,244,0
2022-12-08 13:46:00,244,244,244,244,0
2022-12-08 13:47:00,244,244,244,244,0
2022-12-08 13:48:00,244,244,244,244,0
2022-12-08 13:49:00,244,244,244,244,0
2022-12-08 13:50:00,244,244,244,244,0
2022-12-08 13:51:00,244,244,244,244,0
2022-12-08 13:52:00,244,244,244,244,100
2022-12-08 13:53:00,244,244,244,244,0
2022-12-08 13:54:00,244,244,244,244,0
2022-12-08 13:55:00,244,244,244,244,0
2022-12-08 13:56:00,244,244,244,244,0
2022-12-08 13:57:00,244,244,244,244,0
2022-12-08 13:58:00,244,244,244,244,0
2022-12-08 13:59:00,244,244,244,244,0
2022-12-08 14:00:00,244,244,244,244,0
2022-12-08 14:01:00,244,244,244,244,0
2022-12-08 14:02:00,244,244,244,244,0
2022-12-08 14:03:00,244,244,244,244,0
2022-12-08 14:04:00,244,244,244,244,0
2022-12-08 14:05:00,244,244,244,244,0
2022-12-08 14:06:00,242,242,242,242,500
2022-12-08 14:07:00,242,242,242,242,0
2022-12-08 14:08:00,242,242,242,242,0
2022-12-08 14:09:00,242,242,242,242,0
2022-12-08 14:10:00,242,242,242,242,0
2022-12-08 14:11:00,242,242,242,242,0
2022-12-08 14:12:00,242,242,242,242,0
2022-12-08 14:13:00,242,242,242,242,0
2022-12-08 14:14:00,242,242,242,242,0
2022-12-08 14:15:00,242,242,242,242,0
2022-12-08 14:16:00,242,242,242,242,0
2022-12-08 14:17:00,242,242,242,242,0
2022-12-08 14:18:00,242,242,242,242,0
2022-12-08 14:19:00,242,242,242,242,0
2022-12-08 14:20:00,242,242,242,242,0
2022-12-08 14:21:00,242,242,242,242,0
2022-12-08 14:22:00,242,242,242,242,0
2022-12-08 14:23:00,242,242,242,242,0
2022-12-08 14:24:00,242,242,242,242,0
2022-12-08 14:25:00,242,242,242,242,0
2022-12-08 14:26:00,242,242,242,242,0
2022-12-08 14:27:00,242,242,242,242,0
2022-12-08 14:28:00,242,242,242,242,0
2022-12-08 14:29:00,242,242,242,242,0
2022-12-08 14:30:00,242,242,242,242,0
2022-12-08 14:31:00,244,244,244,244,2000
2022-12-08 14:32:00,244,244,244,244,0
2022-12-08 14:33:00,244,244,244,244,0
2022-12-08 14:34:00,244,244,244,244,0
2022-12-08 14:35:00,244,244,244,244,0
2022-12-08 14:36:00,244,244,244,244,0
2022-12-08 14:37:00,244,244,244,244,0
2022-12-08 14:38:00,244,244,244,244,0
2022-12-08 14:39:00,244,244,244,244,0
2022-12-08 14:40:00,244,244,244,244,0
2022-12-08 14:41:00,244,244,244,244,0
2022-12-08 14:42:00,244,244,244,244,0
2022-12-08 14:43:00,244,244,244,244,0
2022-12-08 14:44:00,244,244,244,244,0
2022-12-08 14:45:00,244,244,244,244,0
2022-12-08 14:46:00,244,244,244,244,0
2022-12-08 14:47:00,244,244,244,244,0
2022-12-08 14:48:00,244,244,244,244,0
2022-12-08 14:49:00,244,244,244,244,0
2022-12-08 14:50:00,244,244,244,244,0
2022-12-08 14:51:00,244,244,244,244,0
2022-12-08 14:52:00,244,244,244,244,0
2022-12-08 14:53:00,244,244,244,244,0
2022-12-08 14:54:00,244,244,244,244,0
2022-12-08 14:55:00,244,244,244,244,0
2022-12-08 14:56:00,244,244,244,244,0
2022-12-08 14:57:00,244,244,244,244,0
2022-12-08 14:58:00,244,244,244,244,0
2022-12-08 14:59:00,244,244,244,244,0
2022-12-08 15:00:00,244,244,244,244,0
2022-12-08 15:01:00,244,244,244,244,0
2022-12-08 15:02:00,244,244,244,244,200
2022-12-08 15:03:00,244,244,244,244,0
2022-12-08 15:04:00,244,244,244,244,310500
2022-12-08 15:05:00,244,244,244,244,0
2022-12-08 15:06:00,244,244,244,244,0
2022-12-08 15:07:00,244,244,244,244,0
2022-12-08 15:08:00,244,244,244,244,0
2022-12-08 15:09:00,244,244,244,244,0
2022-12-08 15:10:00,244,244,244,244,0
2022-12-08 15:11:00,244,244,244,244,0
2022-12-08 15:12:00,244,244,244,244,0
2022-12-08 15:13:00,244,244,244,244,0
2022-12-08 15:14:00,244,244,244,244,0
2022-12-08 15:15:00,244,244,244,244,0
2022-12-08 15:16:00,244,244,244,244,0
2022-12-08 15:17:00,244,244,244,244,0
2022-12-08 15:18:00,244,244,244,244,0
2022-12-08 15:19:00,244,244,244,244,0
2022-12-08 15:20:00,244,244,244,244,0
2022-12-08 15:21:00,244,244,244,244,0
2022-12-08 15:22:00,244,244,244,244,0
2022-12-08 15:23:00,244,244,244,244,0
2022-12-08 15:24:00,244,244,244,244,0
2022-12-08 15:25:00,244,244,244,244,0
2022-12-08 15:26:00,244,244,244,244,0
2022-12-08 15:27:00,244,244,244,244,0
2022-12-08 15:28:00,244,244,244,244,0
2022-12-08 15:29:00,244,244,244,244,0
2022-12-08 15:30:00,244,244,244,244,0
2022-12-08 15:31:00,244,244,244,244,0
2022-12-08 15:32:00,244,244,244,244,0
2022-12-08 15:33:00,244,244,244,244,0
2022-12-08 15:34:00,244,244,244,244,0
2022-12-08 15:35:00,244,244,244,244,0
2022-12-08 15:36:00,244,244,244,244,0
2022-12-08 15:37:00,244,244,244,244,0
2022-12-08 15:38:00,244,244,244,244,0
2022-12-08 15:39:00,244,244,244,244,0
2022-12-08 15:40:00,244,244,244,244,0
2022-12-08 15:41:00,244,244,244,244,0
2022-12-08 15:42:00,244,244,244,244,0
2022-12-08 15:43:00,244,244,244,244,0
2022-12-08 15:44:00,244,244,244,244,0
2022-12-08 15:45:00,244,244,244,244,0
2022-12-08 15:46:00,244,244,244,244,0
2022-12-08 15:47:00,244,244,244,244,0
2022-12-08 15:48:00,244,244,244,244,0
2022-12-08 15:49:00,244,244,244,244,0
2022-12-08 15:50:00,244,244,244,244,0
2022-12-08 15:51:00,244,244,244,244,0
2022-12-08 15:52:00,244,244,244,244,0
2022-12-08 15:53:00,244,244,244,244,0
2022-12-08 15:54:00,244,244,244,244,0
2022-12-08 15:55:00,244,244,244,244,0
2022-12-08 15:56:00,244,244,244,244,0
2022-12-08 15:57:00,244,244,244,244,0
2022-12-08 15:58:00,244,244,244,244,0
2022-12-08 15:59:00,244,244,244,244,0
2022-12-09 09:00:00,244,244,244,244,0
2022-12-09 09:01:00,250,250,250,250,0
2022-12-09 09:02:00,250,250,250,250,0
2022-12-09 09:03:00,250,250,250,250,0
2022-12-09 09:04:00,250,250,250,250,0
2022-12-09 09:05:00,250,250,250,250,0
2022-12-09 09:06:00,242,240,242,240,2100
2022-12-09 09:07:00,242,242,242,242,0
2022-12-09 09:08:00,242,242,242,242,0
2022-12-09 09:09:00,242,242,242,242,0
2022-12-09 09:10:00,242,242,242,242,0
2022-12-09 09:11:00,242,242,242,242,0
2022-12-09 09:12:00,242,242,242,242,0
2022-12-09 09:13:00,242,242,242,242,0
2022-12-09 09:14:00,242,242,242,242,0
2022-12-09 09:15:00,242,242,242,242,0
2022-12-09 09:16:00,242,242,242,242,0
2022-12-09 09:17:00,242,242,242,242,0
2022-12-09 09:18:00,242,242,242,242,0
2022-12-09 09:19:00,242,242,242,242,0
2022-12-09 09:20:00,242,242,242,242,0
2022-12-09 09:21:00,244,244,254,254,96100
2022-12-09 09:22:00,254,254,254,254,0
2022-12-09 09:23:00,254,254,254,254,20100
2022-12-09 09:24:00,254,254,254,254,5500
2022-12-09 09:25:00,254,254,254,254,0
2022-12-09 09:26:00,254,254,254,254,600
2022-12-09 09:27:00,254,254,254,254,600
2022-12-09 09:28:00,254,254,254,254,100
2022-12-09 09:29:00,250,250,250,250,3300
2022-12-09 09:30:00,250,250,250,250,0
2022-12-09 09:31:00,250,250,250,250,0
2022-12-09 09:32:00,250,250,250,250,0
2022-12-09 09:33:00,250,250,250,250,0
2022-12-09 09:34:00,248,246,248,246,1700
2022-12-09 09:35:00,248,246,248,246,0
2022-12-09 09:36:00,248,246,248,246,0
2022-12-09 09:37:00,248,246,248,246,0
2022-12-09 09:38:00,248,246,248,246,0
2022-12-09 09:39:00,248,246,248,246,0
2022-12-09 09:40:00,248,246,248,246,0
2022-12-09 09:41:00,248,246,248,246,0
2022-12-09 09:42:00,248,246,248,246,0
2022-12-09 09:43:00,246,246,246,246,2400
2022-12-09 09:44:00,246,246,246,246,0
2022-12-09 09:45:00,246,246,246,246,0
2022-12-09 09:46:00,246,246,246,246,0
2022-12-09 09:47:00,246,246,246,246,0
2022-12-09 09:48:00,246,246,246,246,0
2022-12-09 09:49:00,246,246,246,246,0
2022-12-09 09:50:00,246,246,246,246,0
2022-12-09 09:51:00,246,246,246,246,700
2022-12-09 09:52:00,246,246,246,246,0
2022-12-09 09:53:00,246,246,246,246,0
2022-12-09 09:54:00,246,246,246,246,0
2022-12-09 09:55:00,246,246,246,246,900
2022-12-09 09:56:00,246,246,246,246,0
2022-12-09 09:57:00,246,246,246,246,0
2022-12-09 09:58:00,246,246,246,246,0
2022-12-09 09:59:00,246,246,246,246,0
2022-12-09 10:00:00,246,246,246,246,0
2022-12-09 10:01:00,246,246,246,246,0
2022-12-09 10:02:00,246,246,246,246,0
2022-12-09 10:03:00,246,246,246,246,0
2022-12-09 10:04:00,246,246,246,246,300
2022-12-09 10:05:00,246,246,246,246,0
2022-12-09 10:06:00,246,246,246,246,0
2022-12-09 10:07:00,246,246,246,246,0
2022-12-09 10:08:00,246,246,246,246,0
2022-12-09 10:09:00,246,246,246,246,0
2022-12-09 10:10:00,246,246,246,246,0
2022-12-09 10:11:00,246,246,246,246,0
2022-12-09 10:12:00,246,246,246,246,0
2022-12-09 10:13:00,246,246,246,246,0
2022-12-09 10:14:00,246,246,246,246,0
2022-12-09 10:15:00,246,246,246,246,0
2022-12-09 10:16:00,246,246,246,246,0
2022-12-09 10:17:00,246,246,246,246,0
2022-12-09 10:18:00,246,246,246,246,0
2022-12-09 10:19:00,242,242,242,242,1100
2022-12-09 10:20:00,242,242,242,242,0
2022-12-09 10:21:00,242,242,242,242,0
2022-12-09 10:22:00,242,242,242,242,0
2022-12-09 10:23:00,242,242,242,242,0
2022-12-09 10:24:00,244,244,244,244,1100
2022-12-09 10:25:00,244,244,244,244,0
2022-12-09 10:26:00,244,244,244,244,0
2022-12-09 10:27:00,244,244,244,244,0
2022-12-09 10:28:00,244,244,244,244,0
2022-12-09 10:29:00,244,244,244,244,0
2022-12-09 10:30:00,244,244,244,244,0
2022-12-09 10:31:00,242,240,242,240,1600
2022-12-09 10:32:00,242,240,242,240,0
2022-12-09 10:33:00,242,240,242,240,0
2022-12-09 10:34:00,242,240,242,240,0
2022-12-09 10:35:00,240,240,240,240,500
2022-12-09 10:36:00,240,240,240,240,0
2022-12-09 10:37:00,240,240,240,240,0
2022-12-09 10:38:00,240,240,240,240,0
2022-12-09 10:39:00,240,240,240,240,0
2022-12-09 10:40:00,240,240,240,240,0
2022-12-09 10:41:00,240,240,240,240,0
2022-12-09 10:42:00,240,240,240,240,0
2022-12-09 10:43:00,240,240,240,240,0
2022-12-09 10:44:00,240,240,240,240,0
2022-12-09 10:45:00,240,240,240,240,0
2022-12-09 10:46:00,240,240,240,240,0
2022-12-09 10:47:00,240,240,240,240,0
2022-12-09 10:48:00,240,240,240,240,0
2022-12-09 10:49:00,240,240,240,240,0
2022-12-09 10:50:00,240,240,240,240,14100
2022-12-09 10:51:00,240,240,240,240,0
2022-12-09 10:52:00,240,240,240,240,0
2022-12-09 10:53:00,240,240,240,240,100
2022-12-09 10:54:00,240,240,240,240,0
2022-12-09 10:55:00,240,240,240,240,0
2022-12-09 10:56:00,240,240,240,240,0
2022-12-09 10:57:00,240,240,240,240,0
2022-12-09 10:58:00,240,240,240,240,0
2022-12-09 10:59:00,240,240,240,240,0
2022-12-09 11:00:00,240,240,240,240,10000
2022-12-09 11:01:00,240,240,240,240,0
2022-12-09 11:02:00,240,240,240,240,0
2022-12-09 11:03:00,240,240,240,240,0
2022-12-09 11:04:00,240,240,240,240,0
2022-12-09 11:05:00,240,240,240,240,0
2022-12-09 11:06:00,240,240,240,240,0
2022-12-09 11:07:00,240,240,240,240,0
2022-12-09 11:08:00,240,240,240,240,0
2022-12-09 11:09:00,238,238,238,238,5000
2022-12-09 11:10:00,238,238,238,238,0
2022-12-09 11:11:00,238,238,238,238,0
2022-12-09 11:12:00,238,238,238,238,0
2022-12-09 11:13:00,238,238,238,238,0
2022-12-09 11:14:00,238,238,238,238,0
2022-12-09 11:15:00,238,238,238,238,0
2022-12-09 11:16:00,238,238,238,238,0
2022-12-09 11:17:00,238,238,238,238,0
2022-12-09 11:18:00,238,238,238,238,0
2022-12-09 11:19:00,238,238,238,238,0
2022-12-09 11:20:00,238,238,238,238,0
2022-12-09 11:21:00,238,238,238,238,0
2022-12-09 11:22:00,238,238,238,238,0
2022-12-09 11:23:00,238,238,238,238,0
2022-12-09 11:24:00,238,238,238,238,0
2022-12-09 11:25:00,238,238,238,238,0
2022-12-09 11:26:00,238,238,238,238,0
2022-12-09 11:27:00,238,238,238,238,0
2022-12-09 11:28:00,238,238,238,238,0
2022-12-09 11:29:00,238,238,238,238,0
2022-12-09 11:30:00,238,238,238,238,0
2022-12-09 11:31:00,238,238,238,238,0
2022-12-09 11:32:00,238,238,238,238,0
2022-12-09 11:33:00,238,238,238,238,0
2022-12-09 11:34:00,238,238,238,238,0
2022-12-09 11:35:00,238,238,238,238,0
2022-12-09 11:36:00,238,238,238,238,0
2022-12-09 11:37:00,238,238,238,238,0
2022-12-09 11:38:00,238,238,238,238,0
2022-12-09 11:39:00,238,238,238,238,0
2022-12-09 11:40:00,238,238,238,238,0
2022-12-09 11:41:00,238,238,238,238,0
2022-12-09 11:42:00,238,238,238,238,0
2022-12-09 11:43:00,238,238,238,238,0
2022-12-09 11:44:00,238,238,238,238,0
2022-12-09 11:45:00,238,238,238,238,0
2022-12-09 11:46:00,238,238,238,238,0
2022-12-09 11:47:00,238,238,238,238,0
2022-12-09 11:48:00,238,238,238,238,0
2022-12-09 11:49:00,238,238,238,238,0
2022-12-09 11:50:00,238,238,238,238,0
2022-12-09 11:51:00,238,238,238,238,0
2022-12-09 11:52:00,238,238,238,238,0
2022-12-09 11:53:00,238,238,238,238,0
2022-12-09 11:54:00,238,238,238,238,0
2022-12-09 11:55:00,238,238,238,238,0
2022-12-09 11:56:00,238,238,238,238,0
2022-12-09 11:57:00,238,238,238,238,0
2022-12-09 11:58:00,238,238,238,238,0
2022-12-09 11:59:00,238,238,238,238,0
2022-12-09 12:00:00,238,238,238,238,0
2022-12-09 12:01:00,238,238,238,238,0
2022-12-09 12:02:00,238,238,238,238,0
2022-12-09 12:03:00,238,238,238,238,0
2022-12-09 12:04:00,238,238,238,238,0
2022-12-09 12:05:00,238,238,238,238,0
2022-12-09 12:06:00,238,238,238,238,0
2022-12-09 12:07:00,238,238,238,238,0
2022-12-09 12:08:00,238,238,238,238,0
2022-12-09 12:09:00,238,238,238,238,0
2022-12-09 12:10:00,238,238,238,238,0
2022-12-09 12:11:00,238,238,238,238,0
2022-12-09 12:12:00,238,238,238,238,0
2022-12-09 12:13:00,238,238,238,238,0
2022-12-09 12:14:00,238,238,238,238,0
2022-12-09 12:15:00,238,238,238,238,0
2022-12-09 12:16:00,238,238,238,238,0
2022-12-09 12:17:00,238,238,238,238,0
2022-12-09 12:18:00,238,238,238,238,0
2022-12-09 12:19:00,238,238,238,238,0
2022-12-09 12:20:00,238,238,238,238,0
2022-12-09 12:21:00,238,238,238,238,0
2022-12-09 12:22:00,238,238,238,238,0
2022-12-09 12:23:00,238,238,238,238,0
2022-12-09 12:24:00,238,238,238,238,0
2022-12-09 12:25:00,238,238,238,238,0
2022-12-09 12:26:00,238,238,238,238,0
2022-12-09 12:27:00,238,238,238,238,0
2022-12-09 12:28:00,238,238,238,238,0
2022-12-09 12:29:00,238,238,238,238,0
2022-12-09 12:30:00,238,238,238,238,0
2022-12-09 12:31:00,238,238,238,238,0
2022-12-09 12:32:00,238,238,238,238,0
2022-12-09 12:33:00,238,238,238,238,0
2022-12-09 12:34:00,238,238,238,238,0
2022-12-09 12:35:00,238,238,238,238,0
2022-12-09 12:36:00,238,238,238,238,0
2022-12-09 12:37:00,238,238,238,238,0
2022-12-09 12:38:00,238,238,238,238,0
2022-12-09 12:39:00,238,238,238,238,0
2022-12-09 12:40:00,238,238,238,238,0
2022-12-09 12:41:00,238,238,238,238,0
2022-12-09 12:42:00,238,238,238,238,0
2022-12-09 12:43:00,238,238,238,238,0
2022-12-09 12:44:00,238,238,238,238,0
2022-12-09 12:45:00,238,238,238,238,0
2022-12-09 12:46:00,238,238,238,238,0
2022-12-09 12:47:00,238,238,238,238,0
2022-12-09 12:48:00,238,238,238,238,0
2022-12-09 12:49:00,238,238,238,238,0
2022-12-09 12:50:00,238,238,238,238,0
2022-12-09 12:51:00,238,238,238,238,0
2022-12-09 12:52:00,238,238,238,238,0
2022-12-09 12:53:00,238,238,238,238,0
2022-12-09 12:54:00,238,238,238,238,0
2022-12-09 12:55:00,238,238,238,238,0
2022-12-09 12:56:00,238,238,238,238,0
2022-12-09 12:57:00,238,238,238,238,0
2022-12-09 12:58:00,238,238,238,238,0
2022-12-09 12:59:00,238,238,238,238,0
2022-12-09 13:00:00,238,238,238,238,0
2022-12-09 13:01:00,238,238,238,238,0
2022-12-09 13:02:00,238,238,238,238,0
2022-12-09 13:03:00,238,238,238,238,0
2022-12-09 13:04:00,238,238,238,238,0
2022-12-09 13:05:00,238,238,238,238,0
2022-12-09 13:06:00,238,238,238,238,0
2022-12-09 13:07:00,238,238,238,238,0
2022-12-09 13:08:00,238,238,238,238,0
2022-12-09 13:09:00,238,238,238,238,0
2022-12-09 13:10:00,238,238,238,238,0
2022-12-09 13:11:00,238,238,238,238,0
2022-12-09 13:12:00,238,238,238,238,0
2022-12-09 13:13:00,238,238,238,238,0
2022-12-09 13:14:00,238,238,238,238,0
2022-12-09 13:15:00,238,238,238,238,0
2022-12-09 13:16:00,238,238,238,238,0
2022-12-09 13:17:00,238,238,238,238,0
2022-12-09 13:18:00,238,238,238,238,0
2022-12-09 13:19:00,238,238,238,238,0
2022-12-09 13:20:00,238,238,238,238,0
2022-12-09 13:21:00,238,238,238,238,0
2022-12-09 13:22:00,238,238,238,238,0
2022-12-09 13:23:00,238,238,238,238,0
2022-12-09 13:24:00,238,238,238,238,0
2022-12-09 13:25:00,238,238,238,238,0
2022-12-09 13:26:00,238,238,238,238,0
2022-12-09 13:27:00,238,238,238,238,0
2022-12-09 13:28:00,238,238,238,238,0
2022-12-09 13:29:00,238,238,238,238,0
2022-12-09 13:30:00,238,238,238,238,0
2022-12-09 13:31:00,238,238,238,238,0
2022-12-09 13:32:00,238,238,238,238,0
2022-12-09 13:33:00,238,238,238,238,0
2022-12-09 13:34:00,238,238,238,238,0
2022-12-09 13:35:00,238,238,238,238,0
2022-12-09 13:36:00,238,238,238,238,0
2022-12-09 13:37:00,238,238,238,238,0
2022-12-09 13:38:00,238,238,238,238,0
2022-12-09 13:39:00,240,240,240,240,100
2022-12-09 13:40:00,240,240,240,240,0
2022-12-09 13:41:00,240,240,240,240,0
2022-12-09 13:42:00,240,240,240,240,0
2022-12-09 13:43:00,240,240,240,240,0
2022-12-09 13:44:00,240,240,240,240,0
2022-12-09 13:45:00,240,240,240,240,200
2022-12-09 13:46:00,240,240,240,240,10800
2022-12-09 13:47:00,240,240,240,240,0
2022-12-09 13:48:00,240,240,240,240,0
2022-12-09 13:49:00,240,240,240,240,0
2022-12-09 13:50:00,240,240,240,240,0
2022-12-09 13:51:00,240,240,240,240,0
2022-12-09 13:52:00,240,240,240,240,0
2022-12-09 13:53:00,240,240,240,240,0
2022-12-09 13:54:00,240,240,240,240,0
2022-12-09 13:55:00,240,240,240,240,0
2022-12-09 13:56:00,240,240,240,240,0
2022-12-09 13:57:00,240,240,240,240,0
2022-12-09 13:58:00,240,240,240,240,27500
2022-12-09 13:59:00,240,240,240,240,0
2022-12-09 14:00:00,240,240,240,240,0
2022-12-09 14:01:00,240,240,240,240,0
2022-12-09 14:02:00,240,240,240,240,0
2022-12-09 14:03:00,240,240,240,240,0
2022-12-09 14:04:00,240,240,240,240,0
2022-12-09 14:05:00,240,240,240,240,0
2022-12-09 14:06:00,240,240,240,240,0
2022-12-09 14:07:00,240,240,240,240,0
2022-12-09 14:08:00,240,240,240,240,0
2022-12-09 14:09:00,240,240,240,240,0
2022-12-09 14:10:00,240,240,240,240,0
2022-12-09 14:11:00,240,240,240,240,0
2022-12-09 14:12:00,240,240,240,240,0
2022-12-09 14:13:00,240,240,240,240,0
2022-12-09 14:14:00,240,240,240,240,0
2022-12-09 14:15:00,240,240,240,240,0
2022-12-09 14:16:00,240,240,240,240,0
2022-12-09 14:17:00,240,240,240,240,0
2022-12-09 14:18:00,240,240,240,240,0
2022-12-09 14:19:00,240,240,240,240,0
2022-12-09 14:20:00,240,240,240,240,0
2022-12-09 14:21:00,240,240,240,240,0
2022-12-09 14:22:00,240,240,240,240,0
2022-12-09 14:23:00,240,240,240,240,0
2022-12-09 14:24:00,240,240,240,240,0
2022-12-09 14:25:00,240,240,240,240,0
2022-12-09 14:26:00,240,240,240,240,0
2022-12-09 14:27:00,240,240,240,240,0
2022-12-09 14:28:00,240,240,240,240,0
2022-12-09 14:29:00,240,240,240,240,0
2022-12-09 14:30:00,240,240,240,240,0
2022-12-09 14:31:00,240,240,240,240,0
2022-12-09 14:32:00,240,240,240,240,0
2022-12-09 14:33:00,240,240,240,240,0
2022-12-09 14:34:00,240,240,240,240,0
2022-12-09 14:35:00,240,240,240,240,0
2022-12-09 14:36:00,240,240,240,240,0
2022-12-09 14:37:00,240,240,240,240,0
2022-12-09 14:38:00,240,240,240,240,0
2022-12-09 14:39:00,240,240,240,240,0
2022-12-09 14:40:00,240,240,240,240,0
2022-12-09 14:41:00,242,242,242,242,1600
2022-12-09 14:42:00,242,242,242,242,0
2022-12-09 14:43:00,246,246,246,246,0
2022-12-09 14:44:00,246,246,246,246,400
2022-12-09 14:45:00,246,246,248,248,700
2022-12-09 14:46:00,246,246,248,248,0
2022-12-09 14:47:00,246,246,248,248,0
2022-12-09 14:48:00,248,248,254,254,149900
2022-12-09 14:49:00,248,248,254,254,0
2022-12-09 14:50:00,248,248,254,254,0
2022-12-09 14:51:00,248,248,254,254,0
2022-12-09 14:52:00,248,248,254,254,0
2022-12-09 14:53:00,248,248,254,254,0
2022-12-09 14:54:00,248,248,254,254,0
2022-12-09 14:55:00,248,248,254,254,0
2022-12-09 14:56:00,248,248,254,254,0
2022-12-09 14:57:00,248,248,254,254,0
2022-12-09 14:58:00,248,248,254,254,0
2022-12-09 14:59:00,248,248,254,254,0
2022-12-09 15:00:00,252,252,252,252,100
2022-12-09 15:01:00,252,252,252,252,2000
2022-12-09 15:02:00,252,252,252,252,29100
2022-12-09 15:03:00,252,252,252,252,0
2022-12-09 15:04:00,252,252,252,252,7200
2022-12-09 15:05:00,252,252,252,252,0
2022-12-09 15:06:00,252,252,252,252,0
2022-12-09 15:07:00,252,252,252,252,6300
2022-12-09 15:08:00,252,252,252,252,0
2022-12-09 15:09:00,252,252,252,252,26100
2022-12-09 15:10:00,252,252,252,252,0
2022-12-09 15:11:00,252,252,252,252,0
2022-12-09 15:12:00,252,252,252,252,0
2022-12-09 15:13:00,252,252,252,252,0
2022-12-09 15:14:00,252,252,252,252,0
2022-12-09 15:15:00,252,252,252,252,0
2022-12-09 15:16:00,252,252,252,252,0
2022-12-09 15:17:00,252,252,252,252,0
2022-12-09 15:18:00,252,252,252,252,0
2022-12-09 15:19:00,252,252,252,252,0
2022-12-09 15:20:00,252,252,252,252,0
2022-12-09 15:21:00,252,252,252,252,0
2022-12-09 15:22:00,252,252,252,252,0
2022-12-09 15:23:00,252,252,252,252,0
2022-12-09 15:24:00,252,252,252,252,0
2022-12-09 15:25:00,252,252,252,252,0
2022-12-09 15:26:00,252,252,252,252,0
2022-12-09 15:27:00,252,252,252,252,0
2022-12-09 15:28:00,252,252,252,252,0
2022-12-09 15:29:00,252,252,252,252,0
2022-12-09 15:30:00,252,252,252,252,0
2022-12-09 15:31:00,252,252,252,252,0
2022-12-09 15:32:00,252,252,252,252,0
2022-12-09 15:33:00,252,252,252,252,0
2022-12-09 15:34:00,252,252,252,252,0
2022-12-09 15:35:00,252,252,252,252,0
2022-12-09 15:36:00,252,252,252,252,0
2022-12-09 15:37:00,252,252,252,252,0
2022-12-09 15:38:00,252,252,252,252,0
2022-12-09 15:39:00,252,252,252,252,0
2022-12-09 15:40:00,252,252,252,252,0
2022-12-09 15:41:00,252,252,252,252,0
2022-12-09 15:42:00,252,252,252,252,0
2022-12-09 15:43:00,252,252,252,252,0
2022-12-09 15:44:00,252,252,252,252,0
2022-12-09 15:45:00,252,252,252,252,0
2022-12-09 15:46:00,252,252,252,252,0
2022-12-09 15:47:00,252,252,252,252,0
2022-12-09 15:48:00,252,252,252,252,0
2022-12-09 15:49:00,252,252,252,252,0
2022-12-09 15:50:00,252,252,252,252,0
2022-12-09 15:51:00,252,252,252,252,0
2022-12-09 15:52:00,252,252,252,252,0
2022-12-09 15:53:00,252,252,252,252,0
2022-12-09 15:54:00,252,252,252,252,0
2022-12-09 15:55:00,252,252,252,252,0
2022-12-09 15:56:00,252,252,252,252,0
2022-12-09 15:57:00,252,252,252,252,0
2022-12-09 15:58:00,252,252,252,252,0
2022-12-09 15:59:00,252,252,252,252,0
2022-12-12 09:01:00,252,252,252,252,0
2022-12-12 09:02:00,252,252,252,252,200
2022-12-12 09:03:00,0,0,0,0,0
2022-12-12 09:04:00,0,0,0,0,0
2022-12-12 09:05:00,0,0,0,0,0
2022-12-12 09:06:00,0,0,0,0,0
2022-12-12 09:07:00,0,0,0,0,0
2022-12-12 09:08:00,0,0,0,0,0
2022-12-12 09:09:00,0,0,0,0,0
2022-12-12 09:10:00,0,0,0,0,0
2022-12-12 09:11:00,0,0,0,0,0
2022-12-12 09:12:00,0,0,0,0,0
2022-12-12 09:13:00,0,0,0,0,0
2022-12-12 09:14:00,0,0,0,0,0
2022-12-12 09:15:00,0,0,0,0,0
2022-12-12 09:16:00,0,0,0,0,0
2022-12-12 09:17:00,0,0,0,0,0
2022-12-12 09:18:00,250,250,250,250,200
2022-12-12 09:19:00,0,0,0,0,0
2022-12-12 09:20:00,0,0,0,0,0
2022-12-12 09:21:00,0,0,0,0,0
2022-12-12 09:22:00,0,0,0,0,0
2022-12-12 09:23:00,0,0,0,0,0
2022-12-12 09:24:00,0,0,0,0,0
2022-12-12 09:25:00,0,0,0,0,0
2022-12-12 09:26:00,0,0,0,0,0
2022-12-12 09:27:00,0,0,0,0,0
2022-12-12 09:28:00,0,0,0,0,0
2022-12-12 09:29:00,250,250,250,250,800
2022-12-12 09:30:00,250,250,250,250,200
2022-12-12 09:31:00,0,0,0,0,0
2022-12-12 09:32:00,0,0,0,0,0
2022-12-12 09:33:00,0,0,0,0,0
2022-12-12 09:34:00,0,0,0,0,0
2022-12-12 09:35:00,0,0,0,0,0
2022-12-12 09:36:00,0,0,0,0,0
2022-12-12 09:37:00,0,0,0,0,0
2022-12-12 09:38:00,0,0,0,0,0
2022-12-12 09:39:00,246,246,246,246,400
2022-12-12 09:40:00,0,0,0,0,0
2022-12-12 09:41:00,0,0,0,0,0
2022-12-12 09:42:00,0,0,0,0,0
2022-12-12 09:43:00,0,0,0,0,0
2022-12-12 09:44:00,0,0,0,0,0
2022-12-12 09:45:00,0,0,0,0,0
2022-12-12 09:46:00,0,0,0,0,0
2022-12-12 09:47:00,0,0,0,0,0
2022-12-12 09:48:00,0,0,0,0,0
2022-12-12 09:49:00,250,250,250,250,6000
2022-12-12 09:50:00,0,0,0,0,0
2022-12-12 09:51:00,0,0,0,0,0
2022-12-12 09:52:00,0,0,0,0,0
2022-12-12 09:53:00,0,0,0,0,0
2022-12-12 09:54:00,0,0,0,0,0
2022-12-12 09:55:00,0,0,0,0,0
2022-12-12 09:56:00,0,0,0,0,0
2022-12-12 09:57:00,0,0,0,0,0
2022-12-12 09:58:00,0,0,0,0,0
2022-12-12 09:59:00,0,0,0,0,0
2022-12-12 10:00:00,0,0,0,0,0
2022-12-12 10:01:00,0,0,0,0,0
2022-12-12 10:02:00,0,0,0,0,0
2022-12-12 10:03:00,0,0,0,0,0
2022-12-12 10:04:00,0,0,0,0,0
2022-12-12 10:05:00,0,0,0,0,0
2022-12-12 10:06:00,0,0,0,0,0
2022-12-12 10:07:00,0,0,0,0,0
2022-12-12 10:08:00,0,0,0,0,0
2022-12-12 10:09:00,0,0,0,0,0
2022-12-12 10:10:00,0,0,0,0,0
2022-12-12 10:11:00,0,0,0,0,0
2022-12-12 10:12:00,0,0,0,0,0
2022-12-12 10:13:00,0,0,0,0,0
2022-12-12 10:14:00,0,0,0,0,0
2022-12-12 10:15:00,0,0,0,0,0
2022-12-12 10:16:00,246,246,246,246,500
2022-12-12 10:17:00,0,0,0,0,0
2022-12-12 10:18:00,0,0,0,0,0
2022-12-12 10:19:00,0,0,0,0,0
2022-12-12 10:20:00,0,0,0,0,0
2022-12-12 10:21:00,0,0,0,0,0
2022-12-12 10:22:00,0,0,0,0,0
2022-12-12 10:23:00,0,0,0,0,0
2022-12-12 10:24:00,0,0,0,0,0
2022-12-12 10:25:00,0,0,0,0,0
2022-12-12 10:26:00,246,246,246,246,2000
2022-12-12 10:27:00,246,246,246,246,1900
2022-12-12 10:28:00,0,0,0,0,0
2022-12-12 10:29:00,0,0,0,0,0
2022-12-12 10:30:00,0,0,0,0,0
2022-12-12 10:31:00,0,0,0,0,0
2022-12-12 10:32:00,0,0,0,0,0
2022-12-12 10:33:00,0,0,0,0,0
2022-12-12 10:34:00,0,0,0,0,0
2022-12-12 10:35:00,0,0,0,0,0
2022-12-12 10:36:00,0,0,0,0,0
2022-12-12 10:37:00,0,0,0,0,0
2022-12-12 10:38:00,0,0,0,0,0
2022-12-12 10:39:00,0,0,0,0,0
2022-12-12 10:40:00,0,0,0,0,0
2022-12-12 10:41:00,0,0,0,0,0
2022-12-12 10:42:00,0,0,0,0,0
2022-12-12 10:43:00,0,0,0,0,0
2022-12-12 10:44:00,0,0,0,0,0
2022-12-12 10:45:00,0,0,0,0,0
2022-12-12 10:46:00,0,0,0,0,0
2022-12-12 10:47:00,0,0,0,0,0
2022-12-12 10:48:00,0,0,0,0,0
2022-12-12 10:49:00,0,0,0,0,0
2022-12-12 10:50:00,0,0,0,0,0
2022-12-12 10:51:00,0,0,0,0,0
2022-12-12 10:52:00,0,0,0,0,0
2022-12-12 10:53:00,0,0,0,0,0
2022-12-12 10:54:00,0,0,0,0,0
2022-12-12 10:55:00,0,0,0,0,0
2022-12-12 10:56:00,0,0,0,0,0
2022-12-12 10:57:00,0,0,0,0,0
2022-12-12 10:58:00,0,0,0,0,0
2022-12-12 10:59:00,0,0,0,0,0
2022-12-12 11:00:00,0,0,0,0,0
2022-12-12 11:01:00,0,0,0,0,0
2022-12-12 11:02:00,0,0,0,0,0
2022-12-12 11:03:00,0,0,0,0,0
2022-12-12 11:04:00,0,0,0,0,0
2022-12-12 11:05:00,0,0,0,0,0
2022-12-12 11:06:00,0,0,0,0,0
2022-12-12 11:07:00,0,0,0,0,0
2022-12-12 11:08:00,0,0,0,0,0
2022-12-12 11:09:00,0,0,0,0,0
2022-12-12 11:10:00,246,246,246,246,200
2022-12-12 11:11:00,0,0,0,0,0
2022-12-12 11:12:00,0,0,0,0,0
2022-12-12 11:13:00,0,0,0,0,0
2022-12-12 11:14:00,0,0,0,0,0
2022-12-12 11:15:00,0,0,0,0,0
2022-12-12 11:16:00,244,244,244,244,0
2022-12-12 11:17:00,0,0,0,0,0
2022-12-12 11:18:00,0,0,0,0,0
2022-12-12 11:19:00,0,0,0,0,0
2022-12-12 11:20:00,0,0,0,0,0
2022-12-12 11:21:00,0,0,0,0,0
2022-12-12 11:22:00,0,0,0,0,0
2022-12-12 11:23:00,0,0,0,0,0
2022-12-12 11:24:00,0,0,0,0,0
2022-12-12 11:25:00,0,0,0,0,0
2022-12-12 11:26:00,0,0,0,0,0
2022-12-12 11:27:00,0,0,0,0,0
2022-12-12 11:28:00,0,0,0,0,0
2022-12-12 11:29:00,0,0,0,0,0
2022-12-12 11:30:00,0,0,0,0,0
2022-12-12 11:31:00,0,0,0,0,0
2022-12-12 11:32:00,0,0,0,0,0
2022-12-12 11:33:00,0,0,0,0,0
2022-12-12 11:34:00,0,0,0,0,0
2022-12-12 11:35:00,0,0,0,0,0
2022-12-12 11:36:00,0,0,0,0,0
2022-12-12 11:37:00,0,0,0,0,0
2022-12-12 11:38:00,0,0,0,0,0
2022-12-12 11:39:00,0,0,0,0,0
2022-12-12 11:40:00,0,0,0,0,0
2022-12-12 11:41:00,0,0,0,0,0
2022-12-12 11:42:00,0,0,0,0,0
2022-12-12 11:43:00,0,0,0,0,0
2022-12-12 11:44:00,0,0,0,0,0
2022-12-12 11:45:00,0,0,0,0,0
2022-12-12 11:46:00,0,0,0,0,0
2022-12-12 11:47:00,0,0,0,0,0
2022-12-12 11:48:00,0,0,0,0,0
2022-12-12 11:49:00,0,0,0,0,0
2022-12-12 11:50:00,0,0,0,0,0
2022-12-12 11:51:00,0,0,0,0,0
2022-12-12 11:52:00,0,0,0,0,0
2022-12-12 11:53:00,0,0,0,0,0
2022-12-12 11:54:00,0,0,0,0,0
2022-12-12 11:55:00,0,0,0,0,0
2022-12-12 11:56:00,0,0,0,0,0
2022-12-12 11:57:00,0,0,0,0,0
2022-12-12 11:58:00,0,0,0,0,0
2022-12-12 11:59:00,0,0,0,0,0
2022-12-12 12:00:00,0,0,0,0,0
2022-12-12 12:01:00,0,0,0,0,0
2022-12-12 12:02:00,0,0,0,0,0
2022-12-12 12:03:00,0,0,0,0,0
2022-12-12 12:04:00,0,0,0,0,0
2022-12-12 12:05:00,0,0,0,0,0
2022-12-12 12:06:00,0,0,0,0,0
2022-12-12 12:07:00,0,0,0,0,0
2022-12-12 12:08:00,0,0,0,0,0
2022-12-12 12:09:00,0,0,0,0,0
2022-12-12 12:10:00,0,0,0,0,0
2022-12-12 12:11:00,0,0,0,0,0
2022-12-12 12:12:00,0,0,0,0,0
2022-12-12 12:13:00,0,0,0,0,0
2022-12-12 12:14:00,0,0,0,0,0
2022-12-12 12:15:00,0,0,0,0,0
2022-12-12 12:16:00,0,0,0,0,0
2022-12-12 12:17:00,0,0,0,0,0
2022-12-12 12:18:00,0,0,0,0,0
2022-12-12 12:19:00,0,0,0,0,0
2022-12-12 12:20:00,0,0,0,0,0
2022-12-12 12:21:00,0,0,0,0,0
2022-12-12 12:22:00,0,0,0,0,0
2022-12-12 12:23:00,0,0,0,0,0
2022-12-12 12:24:00,0,0,0,0,0
2022-12-12 12:25:00,0,0,0,0,0
2022-12-12 12:26:00,0,0,0,0,0
2022-12-12 12:27:00,0,0,0,0,0
2022-12-12 12:28:00,0,0,0,0,0
2022-12-12 12:29:00,0,0,0,0,0
2022-12-12 12:30:00,0,0,0,0,0
2022-12-12 12:31:00,0,0,0,0,0
2022-12-12 12:32:00,0,0,0,0,0
2022-12-12 12:33:00,0,0,0,0,0
2022-12-12 12:34:00,0,0,0,0,0
2022-12-12 12:35:00,0,0,0,0,0
2022-12-12 12:36:00,0,0,0,0,0
2022-12-12 12:37:00,0,0,0,0,0
2022-12-12 12:38:00,0,0,0,0,0
2022-12-12 12:39:00,0,0,0,0,0
2022-12-12 12:40:00,0,0,0,0,0
2022-12-12 12:41:00,0,0,0,0,0
2022-12-12 12:42:00,0,0,0,0,0
2022-12-12 12:43:00,0,0,0,0,0
2022-12-12 12:44:00,0,0,0,0,0
2022-12-12 12:45:00,0,0,0,0,0
2022-12-12 12:46:00,0,0,0,0,0
2022-12-12 12:47:00,0,0,0,0,0
2022-12-12 12:48:00,0,0,0,0,0
2022-12-12 12:49:00,0,0,0,0,0
2022-12-12 12:50:00,0,0,0,0,0
2022-12-12 12:51:00,0,0,0,0,0
2022-12-12 12:52:00,0,0,0,0,0
2022-12-12 12:53:00,0,0,0,0,0
2022-12-12 12:54:00,0,0,0,0,0
2022-12-12 12:55:00,0,0,0,0,0
2022-12-12 12:56:00,0,0,0,0,0
2022-12-12 12:57:00,0,0,0,0,0
2022-12-12 12:58:00,0,0,0,0,0
2022-12-12 12:59:00,0,0,0,0,0
2022-12-12 13:00:00,0,0,0,0,0
2022-12-12 13:01:00,0,0,0,0,0
2022-12-12 13:02:00,0,0,0,0,0
2022-12-12 13:03:00,0,0,0,0,0
2022-12-12 13:04:00,0,0,0,0,0
2022-12-12 13:05:00,0,0,0,0,0
2022-12-12 13:06:00,0,0,0,0,0
2022-12-12 13:07:00,0,0,0,0,0
2022-12-12 13:08:00,0,0,0,0,0
2022-12-12 13:09:00,0,0,0,0,0
2022-12-12 13:10:00,0,0,0,0,0
2022-12-12 13:11:00,0,0,0,0,0
2022-12-12 13:12:00,0,0,0,0,0
2022-12-12 13:13:00,0,0,0,0,0
2022-12-12 13:14:00,0,0,0,0,0
2022-12-12 13:15:00,0,0,0,0,0
2022-12-12 13:16:00,0,0,0,0,0
2022-12-12 13:17:00,0,0,0,0,0
2022-12-12 13:18:00,0,0,0,0,0
2022-12-12 13:19:00,0,0,0,0,0
2022-12-12 13:20:00,0,0,0,0,0
2022-12-12 13:21:00,0,0,0,0,0
2022-12-12 13:22:00,0,0,0,0,0
2022-12-12 13:23:00,0,0,0,0,0
2022-12-12 13:24:00,0,0,0,0,0
2022-12-12 13:25:00,0,0,0,0,0
2022-12-12 13:26:00,0,0,0,0,0
2022-12-12 13:27:00,0,0,0,0,0
2022-12-12 13:28:00,0,0,0,0,0
2022-12-12 13:29:00,0,0,0,0,0
2022-12-12 13:30:00,0,0,0,0,0
2022-12-12 13:31:00,0,0,0,0,0
2022-12-12 13:32:00,0,0,0,0,0
2022-12-12 13:33:00,0,0,0,0,0
2022-12-12 13:34:00,0,0,0,0,0
2022-12-12 13:35:00,0,0,0,0,0
2022-12-12 13:36:00,0,0,0,0,0
2022-12-12 13:37:00,244,244,244,244,12400
2022-12-12 13:38:00,0,0,0,0,0
2022-12-12 13:39:00,0,0,0,0,0
2022-12-12 13:40:00,0,0,0,0,0
2022-12-12 13:41:00,0,0,0,0,0
2022-12-12 13:42:00,0,0,0,0,0
2022-12-12 13:43:00,0,0,0,0,0
2022-12-12 13:44:00,0,0,0,0,0
2022-12-12 13:45:00,0,0,0,0,0
2022-12-12 13:46:00,0,0,0,0,0
2022-12-12 13:47:00,0,0,0,0,0
2022-12-12 13:48:00,244,244,244,244,400
2022-12-12 13:49:00,0,0,0,0,0
2022-12-12 13:50:00,0,0,0,0,0
2022-12-12 13:51:00,0,0,0,0,0
2022-12-12 13:52:00,0,0,0,0,0
2022-12-12 13:53:00,0,0,0,0,0
2022-12-12 13:54:00,0,0,0,0,0
2022-12-12 13:55:00,0,0,0,0,0
2022-12-12 13:56:00,0,0,0,0,0
2022-12-12 13:57:00,0,0,0,0,0
2022-12-12 13:58:00,0,0,0,0,0
2022-12-12 13:59:00,0,0,0,0,0
2022-12-12 14:00:00,0,0,0,0,0
2022-12-12 14:01:00,0,0,0,0,0
2022-12-12 14:02:00,0,0,0,0,0
2022-12-12 14:03:00,0,0,0,0,0
2022-12-12 14:04:00,0,0,0,0,0
2022-12-12 14:05:00,0,0,0,0,0
2022-12-12 14:06:00,244,244,244,244,200
2022-12-12 14:07:00,0,0,0,0,0
2022-12-12 14:08:00,0,0,0,0,0
2022-12-12 14:09:00,0,0,0,0,0
2022-12-12 14:10:00,0,0,0,0,0
2022-12-12 14:11:00,0,0,0,0,0
2022-12-12 14:12:00,0,0,0,0,0
2022-12-12 14:13:00,0,0,0,0,0
2022-12-12 14:14:00,0,0,0,0,0
2022-12-12 14:15:00,0,0,0,0,0
2022-12-12 14:16:00,0,0,0,0,0
2022-12-12 14:17:00,0,0,0,0,0
2022-12-12 14:18:00,244,244,244,244,100
2022-12-12 14:19:00,0,0,0,0,0
2022-12-12 14:20:00,0,0,0,0,0
2022-12-12 14:21:00,0,0,0,0,0
2022-12-12 14:22:00,0,0,0,0,0
2022-12-12 14:23:00,0,0,0,0,0
2022-12-12 14:24:00,0,0,0,0,0
2022-12-12 14:25:00,0,0,0,0,0
2022-12-12 14:26:00,242,242,242,242,5000
2022-12-12 14:27:00,0,0,0,0,0
2022-12-12 14:28:00,0,0,0,0,0
2022-12-12 14:29:00,0,0,0,0,0
2022-12-12 14:30:00,0,0,0,0,0
2022-12-12 14:31:00,0,0,0,0,0
2022-12-12 14:32:00,0,0,0,0,0
2022-12-12 14:33:00,0,0,0,0,0
2022-12-12 14:34:00,242,242,242,242,0
2022-12-12 14:35:00,0,0,0,0,0
2022-12-12 14:36:00,0,0,0,0,0
2022-12-12 14:37:00,0,0,0,0,0
2022-12-12 14:38:00,0,0,0,0,0
2022-12-12 14:39:00,244,244,244,244,30800
2022-12-12 14:40:00,0,0,0,0,0
2022-12-12 14:41:00,0,0,0,0,0
2022-12-12 14:42:00,0,0,0,0,0
2022-12-12 14:43:00,0,0,0,0,0
2022-12-12 14:44:00,0,0,0,0,0
2022-12-12 14:45:00,0,0,0,0,0
2022-12-12 14:46:00,0,0,0,0,0
2022-12-12 14:47:00,0,0,0,0,0
2022-12-12 14:48:00,0,0,0,0,0
2022-12-12 14:49:00,0,0,0,0,0
2022-12-12 14:50:00,0,0,0,0,0
2022-12-12 14:51:00,0,0,0,0,0
2022-12-12 14:52:00,0,0,0,0,0
2022-12-12 14:53:00,0,0,0,0,0
2022-12-12 14:54:00,0,0,0,0,0
2022-12-12 14:55:00,0,0,0,0,0
2022-12-12 14:56:00,0,0,0,0,0
2022-12-12 14:57:00,0,0,0,0,0
2022-12-12 14:58:00,0,0,0,0,0
2022-12-12 14:59:00,0,0,0,0,0
2022-12-12 15:00:00,0,0,0,0,0
2022-12-12 15:01:00,0,0,0,0,0
2022-12-12 15:02:00,0,0,0,0,0
2022-12-12 15:03:00,0,0,0,0,0
2022-12-12 15:04:00,0,0,0,0,0
2022-12-12 15:05:00,0,0,0,0,0
2022-12-12 15:06:00,0,0,0,0,0
2022-12-12 15:07:00,0,0,0,0,0
2022-12-12 15:08:00,0,0,0,0,0
2022-12-12 15:09:00,0,0,0,0,0
2022-12-12 15:10:00,0,0,0,0,0
2022-12-12 15:11:00,0,0,0,0,0
2022-12-12 15:12:00,0,0,0,0,0
2022-12-12 15:13:00,0,0,0,0,0
2022-12-12 15:14:00,0,0,0,0,0
2022-12-12 15:15:00,0,0,0,0,0
2022-12-12 15:16:00,0,0,0,0,0
2022-12-12 15:17:00,0,0,0,0,0
2022-12-12 15:18:00,0,0,0,0,0
2022-12-12 15:19:00,0,0,0,0,0
2022-12-12 15:20:00,0,0,0,0,0
2022-12-12 15:21:00,0,0,0,0,0
2022-12-12 15:22:00,0,0,0,0,0
2022-12-12 15:23:00,0,0,0,0,0
2022-12-12 15:24:00,0,0,0,0,0
2022-12-12 15:25:00,0,0,0,0,0
2022-12-12 15:26:00,0,0,0,0,0
2022-12-12 15:27:00,0,0,0,0,0
2022-12-12 15:28:00,0,0,0,0,0
2022-12-12 15:29:00,0,0,0,0,0
2022-12-12 15:30:00,0,0,0,0,0
2022-12-12 15:31:00,0,0,0,0,0
2022-12-12 15:32:00,0,0,0,0,0
2022-12-12 15:33:00,0,0,0,0,0
2022-12-12 15:34:00,0,0,0,0,0
2022-12-12 15:35:00,0,0,0,0,0
2022-12-12 15:36:00,0,0,0,0,0
2022-12-12 15:37:00,0,0,0,0,0
2022-12-12 15:38:00,0,0,0,0,0
2022-12-12 15:39:00,0,0,0,0,0
2022-12-12 15:40:00,0,0,0,0,0
2022-12-12 15:41:00,0,0,0,0,0
2022-12-12 15:42:00,0,0,0,0,0
2022-12-12 15:43:00,0,0,0,0,0
2022-12-12 15:44:00,0,0,0,0,0
2022-12-12 15:45:00,0,0,0,0,0
2022-12-12 15:46:00,0,0,0,0,0
2022-12-12 15:47:00,0,0,0,0,0
2022-12-12 15:48:00,0,0,0,0,0
2022-12-12 15:49:00,0,0,0,0,0
2022-12-12 15:50:00,0,0,0,0,0
2022-12-12 15:51:00,0,0,0,0,0
2022-12-12 15:52:00,0,0,0,0,0
2022-12-12 15:53:00,0,0,0,0,0
2022-12-12 15:54:00,0,0,0,0,0
2022-12-12 15:55:00,0,0,0,0,0
2022-12-12 15:56:00,0,0,0,0,0
2022-12-12 15:57:00,0,0,0,0,0
2022-12-12 15:58:00,0,0,0,0,0
2022-12-12 15:59:00,0,0,0,0,0
2022-12-13 09:00:00,0,0,0,0,0
2022-12-13 09:01:00,250,250,254,254,0
2022-12-13 09:02:00,0,0,0,0,0
2022-12-13 09:03:00,0,0,0,0,0
2022-12-13 09:04:00,254,254,254,254,600
2022-12-13 09:05:00,0,0,0,0,0
2022-12-13 09:06:00,0,0,0,0,0
2022-12-13 09:07:00,252,252,252,252,0
2022-12-13 09:08:00,0,0,0,0,0
2022-12-13 09:09:00,0,0,0,0,0
2022-12-13 09:10:00,0,0,0,0,0
2022-12-13 09:11:00,0,0,0,0,0
2022-12-13 09:12:00,0,0,0,0,0
2022-12-13 09:13:00,0,0,0,0,0
2022-12-13 09:14:00,0,0,0,0,0
2022-12-13 09:15:00,0,0,0,0,0
2022-12-13 09:16:00,0,0,0,0,0
2022-12-13 09:17:00,0,0,0,0,0
2022-12-13 09:18:00,0,0,0,0,0
2022-12-13 09:19:00,0,0,0,0,0
2022-12-13 09:20:00,0,0,0,0,0
2022-12-13 09:21:00,0,0,0,0,0
2022-12-13 09:22:00,0,0,0,0,0
2022-12-13 09:23:00,0,0,0,0,0
2022-12-13 09:24:00,0,0,0,0,0
2022-12-13 09:25:00,250,250,250,250,100
2022-12-13 09:26:00,0,0,0,0,0
2022-12-13 09:27:00,0,0,0,0,0
2022-12-13 09:28:00,0,0,0,0,0
2022-12-13 09:29:00,0,0,0,0,0
2022-12-13 09:30:00,0,0,0,0,0
2022-12-13 09:31:00,0,0,0,0,0
2022-12-13 09:32:00,0,0,0,0,0
2022-12-13 09:33:00,0,0,0,0,0
2022-12-13 09:34:00,0,0,0,0,0
2022-12-13 09:35:00,0,0,0,0,0
2022-12-13 09:36:00,244,244,244,244,200
2022-12-13 09:37:00,0,0,0,0,0
2022-12-13 09:38:00,244,244,244,244,10100
2022-12-13 09:39:00,0,0,0,0,0
2022-12-13 09:40:00,0,0,0,0,0
2022-12-13 09:41:00,0,0,0,0,0
2022-12-13 09:42:00,0,0,0,0,0
2022-12-13 09:43:00,0,0,0,0,0
2022-12-13 09:44:00,0,0,0,0,0
2022-12-13 09:45:00,0,0,0,0,0
2022-12-13 09:46:00,0,0,0,0,0
2022-12-13 09:47:00,0,0,0,0,0
2022-12-13 09:48:00,0,0,0,0,0
2022-12-13 09:49:00,0,0,0,0,0
2022-12-13 09:50:00,0,0,0,0,0
2022-12-13 09:51:00,0,0,0,0,0
2022-12-13 09:52:00,0,0,0,0,0
2022-12-13 09:53:00,0,0,0,0,0
2022-12-13 09:54:00,0,0,0,0,0
2022-12-13 09:55:00,0,0,0,0,0
2022-12-13 09:56:00,0,0,0,0,0
2022-12-13 09:57:00,0,0,0,0,0
2022-12-13 09:58:00,0,0,0,0,0
2022-12-13 09:59:00,0,0,0,0,0
2022-12-13 10:00:00,0,0,0,0,0
2022-12-13 10:01:00,0,0,0,0,0
2022-12-13 10:02:00,0,0,0,0,0
2022-12-13 10:03:00,0,0,0,0,0
2022-12-13 10:04:00,0,0,0,0,0
2022-12-13 10:05:00,0,0,0,0,0
2022-12-13 10:06:00,0,0,0,0,0
2022-12-13 10:07:00,242,242,242,242,500
2022-12-13 10:08:00,0,0,0,0,0
2022-12-13 10:09:00,0,0,0,0,0
2022-12-13 10:10:00,0,0,0,0,0
2022-12-13 10:11:00,0,0,0,0,0
2022-12-13 10:12:00,0,0,0,0,0
2022-12-13 10:13:00,242,242,242,242,600
2022-12-13 10:14:00,0,0,0,0,0
2022-12-13 10:15:00,0,0,0,0,0
2022-12-13 10:16:00,0,0,0,0,0
2022-12-13 10:17:00,0,0,0,0,0
2022-12-13 10:18:00,0,0,0,0,0
2022-12-13 10:19:00,0,0,0,0,0
2022-12-13 10:20:00,0,0,0,0,0
2022-12-13 10:21:00,0,0,0,0,0
2022-12-13 10:22:00,0,0,0,0,0
2022-12-13 10:23:00,0,0,0,0,0
2022-12-13 10:24:00,0,0,0,0,0
2022-12-13 10:25:00,0,0,0,0,0
2022-12-13 10:26:00,0,0,0,0,0
2022-12-13 10:27:00,0,0,0,0,0
2022-12-13 10:28:00,0,0,0,0,0
2022-12-13 10:29:00,0,0,0,0,0
2022-12-13 10:30:00,0,0,0,0,0
2022-12-13 10:31:00,0,0,0,0,0
2022-12-13 10:32:00,0,0,0,0,0
2022-12-13 10:33:00,0,0,0,0,0
2022-12-13 10:34:00,0,0,0,0,0
2022-12-13 10:35:00,0,0,0,0,0
2022-12-13 10:36:00,0,0,0,0,0
2022-12-13 10:37:00,0,0,0,0,0
2022-12-13 10:38:00,0,0,0,0,0
2022-12-13 10:39:00,0,0,0,0,0
2022-12-13 10:40:00,0,0,0,0,0
2022-12-13 10:41:00,0,0,0,0,0
2022-12-13 10:42:00,0,0,0,0,0
2022-12-13 10:43:00,0,0,0,0,0
2022-12-13 10:44:00,0,0,0,0,0
2022-12-13 10:45:00,0,0,0,0,0
2022-12-13 10:46:00,0,0,0,0,0
2022-12-13 10:47:00,0,0,0,0,0
2022-12-13 10:48:00,0,0,0,0,0
2022-12-13 10:49:00,0,0,0,0,0
2022-12-13 10:50:00,0,0,0,0,0
2022-12-13 10:51:00,0,0,0,0,0
2022-12-13 10:52:00,0,0,0,0,0
2022-12-13 10:53:00,0,0,0,0,0
2022-12-13 10:54:00,0,0,0,0,0
2022-12-13 10:55:00,0,0,0,0,0
2022-12-13 10:56:00,0,0,0,0,0
2022-12-13 10:57:00,0,0,0,0,0
2022-12-13 10:58:00,0,0,0,0,0
2022-12-13 10:59:00,0,0,0,0,0
2022-12-13 11:00:00,0,0,0,0,0
2022-12-13 11:01:00,0,0,0,0,0
2022-12-13 11:02:00,242,242,242,242,500
2022-12-13 11:03:00,0,0,0,0,0
2022-12-13 11:04:00,0,0,0,0,0
2022-12-13 11:05:00,0,0,0,0,0
2022-12-13 11:06:00,0,0,0,0,0
2022-12-13 11:07:00,0,0,0,0,0
2022-12-13 11:08:00,242,242,242,242,2500
2022-12-13 11:09:00,0,0,0,0,0
2022-12-13 11:10:00,0,0,0,0,0
2022-12-13 11:11:00,0,0,0,0,0
2022-12-13 11:12:00,0,0,0,0,0
2022-12-13 11:13:00,0,0,0,0,0
2022-12-13 11:14:00,0,0,0,0,0
2022-12-13 11:15:00,0,0,0,0,0
2022-12-13 11:16:00,0,0,0,0,0
2022-12-13 11:17:00,0,0,0,0,0
2022-12-13 11:18:00,0,0,0,0,0
2022-12-13 11:19:00,0,0,0,0,0
2022-12-13 11:20:00,0,0,0,0,0
2022-12-13 11:21:00,0,0,0,0,0
2022-12-13 11:22:00,0,0,0,0,0
2022-12-13 11:23:00,0,0,0,0,0
2022-12-13 11:24:00,244,244,244,244,100
2022-12-13 11:25:00,0,0,0,0,0
2022-12-13 11:26:00,0,0,0,0,0
2022-12-13 11:27:00,0,0,0,0,0
2022-12-13 11:28:00,0,0,0,0,0
2022-12-13 11:29:00,0,0,0,0,0
2022-12-13 11:30:00,0,0,0,0,0
2022-12-13 11:31:00,0,0,0,0,0
2022-12-13 11:32:00,0,0,0,0,0
2022-12-13 11:33:00,0,0,0,0,0
2022-12-13 11:34:00,0,0,0,0,0
2022-12-13 11:35:00,0,0,0,0,0
2022-12-13 11:36:00,0,0,0,0,0
2022-12-13 11:37:00,0,0,0,0,0
2022-12-13 11:38:00,0,0,0,0,0
2022-12-13 11:39:00,0,0,0,0,0
2022-12-13 11:40:00,0,0,0,0,0
2022-12-13 11:41:00,0,0,0,0,0
2022-12-13 11:42:00,0,0,0,0,0
2022-12-13 11:43:00,0,0,0,0,0
2022-12-13 11:44:00,0,0,0,0,0
2022-12-13 11:45:00,0,0,0,0,0
2022-12-13 11:46:00,0,0,0,0,0
2022-12-13 11:47:00,0,0,0,0,0
2022-12-13 11:48:00,0,0,0,0,0
2022-12-13 11:49:00,0,0,0,0,0
2022-12-13 11:50:00,0,0,0,0,0
2022-12-13 11:51:00,0,0,0,0,0
2022-12-13 11:52:00,0,0,0,0,0
2022-12-13 11:53:00,0,0,0,0,0
2022-12-13 11:54:00,0,0,0,0,0
2022-12-13 11:55:00,0,0,0,0,0
2022-12-13 11:56:00,0,0,0,0,0
2022-12-13 11:57:00,0,0,0,0,0
2022-12-13 11:58:00,0,0,0,0,0
2022-12-13 11:59:00,0,0,0,0,0
2022-12-13 12:00:00,0,0,0,0,0
2022-12-13 12:01:00,0,0,0,0,0
2022-12-13 12:02:00,0,0,0,0,0
2022-12-13 12:03:00,0,0,0,0,0
2022-12-13 12:04:00,0,0,0,0,0
2022-12-13 12:05:00,0,0,0,0,0
2022-12-13 12:06:00,0,0,0,0,0
2022-12-13 12:07:00,0,0,0,0,0
2022-12-13 12:08:00,0,0,0,0,0
2022-12-13 12:09:00,0,0,0,0,0
2022-12-13 12:10:00,0,0,0,0,0
2022-12-13 12:11:00,0,0,0,0,0
2022-12-13 12:12:00,0,0,0,0,0
2022-12-13 12:13:00,0,0,0,0,0
2022-12-13 12:14:00,0,0,0,0,0
2022-12-13 12:15:00,0,0,0,0,0
2022-12-13 12:16:00,0,0,0,0,0
2022-12-13 12:17:00,0,0,0,0,0
2022-12-13 12:18:00,0,0,0,0,0
2022-12-13 12:19:00,0,0,0,0,0
2022-12-13 12:20:00,0,0,0,0,0
2022-12-13 12:21:00,0,0,0,0,0
2022-12-13 12:22:00,0,0,0,0,0
2022-12-13 12:23:00,0,0,0,0,0
2022-12-13 12:24:00,0,0,0,0,0
2022-12-13 12:25:00,0,0,0,0,0
2022-12-13 12:26:00,0,0,0,0,0
2022-12-13 12:27:00,0,0,0,0,0
2022-12-13 12:28:00,0,0,0,0,0
2022-12-13 12:29:00,0,0,0,0,0
2022-12-13 12:30:00,0,0,0,0,0
2022-12-13 12:31:00,0,0,0,0,0
2022-12-13 12:32:00,0,0,0,0,0
2022-12-13 12:33:00,0,0,0,0,0
2022-12-13 12:34:00,0,0,0,0,0
2022-12-13 12:35:00,0,0,0,0,0
2022-12-13 12:36:00,0,0,0,0,0
2022-12-13 12:37:00,0,0,0,0,0
2022-12-13 12:38:00,0,0,0,0,0
2022-12-13 12:39:00,0,0,0,0,0
2022-12-13 12:40:00,0,0,0,0,0
2022-12-13 12:41:00,0,0,0,0,0
2022-12-13 12:42:00,0,0,0,0,0
2022-12-13 12:43:00,0,0,0,0,0
2022-12-13 12:44:00,0,0,0,0,0
2022-12-13 12:45:00,0,0,0,0,0
2022-12-13 12:46:00,0,0,0,0,0
2022-12-13 12:47:00,0,0,0,0,0
2022-12-13 12:48:00,0,0,0,0,0
2022-12-13 12:49:00,0,0,0,0,0
2022-12-13 12:50:00,0,0,0,0,0
2022-12-13 12:51:00,0,0,0,0,0
2022-12-13 12:52:00,0,0,0,0,0
2022-12-13 12:53:00,0,0,0,0,0
2022-12-13 12:54:00,0,0,0,0,0
2022-12-13 12:55:00,0,0,0,0,0
2022-12-13 12:56:00,0,0,0,0,0
2022-12-13 12:57:00,0,0,0,0,0
2022-12-13 12:58:00,0,0,0,0,0
2022-12-13 12:59:00,0,0,0,0,0
2022-12-13 13:00:00,0,0,0,0,0
2022-12-13 13:01:00,0,0,0,0,0
2022-12-13 13:02:00,0,0,0,0,0
2022-12-13 13:03:00,0,0,0,0,0
2022-12-13 13:04:00,0,0,0,0,0
2022-12-13 13:05:00,0,0,0,0,0
2022-12-13 13:06:00,0,0,0,0,0
2022-12-13 13:07:00,0,0,0,0,0
2022-12-13 13:08:00,0,0,0,0,0
2022-12-13 13:09:00,0,0,0,0,0
2022-12-13 13:10:00,0,0,0,0,0
2022-12-13 13:11:00,0,0,0,0,0
2022-12-13 13:12:00,0,0,0,0,0
2022-12-13 13:13:00,0,0,0,0,0
2022-12-13 13:14:00,0,0,0,0,0
2022-12-13 13:15:00,0,0,0,0,0
2022-12-13 13:16:00,0,0,0,0,0
2022-12-13 13:17:00,0,0,0,0,0
2022-12-13 13:18:00,0,0,0,0,0
2022-12-13 13:19:00,0,0,0,0,0
2022-12-13 13:20:00,0,0,0,0,0
2022-12-13 13:21:00,0,0,0,0,0
2022-12-13 13:22:00,0,0,0,0,0
2022-12-13 13:23:00,0,0,0,0,0
2022-12-13 13:24:00,0,0,0,0,0
2022-12-13 13:25:00,0,0,0,0,0
2022-12-13 13:26:00,0,0,0,0,0
2022-12-13 13:27:00,0,0,0,0,0
2022-12-13 13:28:00,0,0,0,0,0
2022-12-13 13:29:00,0,0,0,0,0
2022-12-13 13:30:00,0,0,0,0,0
2022-12-13 13:31:00,0,0,0,0,0
2022-12-13 13:32:00,0,0,0,0,0
2022-12-13 13:33:00,0,0,0,0,0
2022-12-13 13:34:00,0,0,0,0,0
2022-12-13 13:35:00,242,242,242,242,3700
2022-12-13 13:36:00,0,0,0,0,0
2022-12-13 13:37:00,0,0,0,0,0
2022-12-13 13:38:00,0,0,0,0,0
2022-12-13 13:39:00,0,0,0,0,0
2022-12-13 13:40:00,0,0,0,0,0
2022-12-13 13:41:00,242,242,242,242,200
2022-12-13 13:42:00,0,0,0,0,0
2022-12-13 13:43:00,244,244,254,254,650700
2022-12-13 13:44:00,0,0,0,0,0
2022-12-13 13:45:00,0,0,0,0,0
2022-12-13 13:46:00,252,252,252,252,9200
2022-12-13 13:47:00,0,0,0,0,0
2022-12-13 13:48:00,252,252,252,252,10900
2022-12-13 13:49:00,0,0,0,0,0
2022-12-13 13:50:00,0,0,0,0,0
2022-12-13 13:51:00,252,252,252,252,58000
2022-12-13 13:52:00,252,252,252,252,0
2022-12-13 13:53:00,0,0,0,0,0
2022-12-13 13:54:00,244,244,244,244,400
2022-12-13 13:55:00,0,0,0,0,0
2022-12-13 13:56:00,244,244,244,244,721800
2022-12-13 13:57:00,0,0,0,0,0
2022-12-13 13:58:00,0,0,0,0,0
2022-12-13 13:59:00,0,0,0,0,0
2022-12-13 14:00:00,0,0,0,0,0
2022-12-13 14:01:00,0,0,0,0,0
2022-12-13 14:02:00,0,0,0,0,0
2022-12-13 14:03:00,0,0,0,0,0
2022-12-13 14:04:00,0,0,0,0,0
2022-12-13 14:05:00,0,0,0,0,0
2022-12-13 14:06:00,0,0,0,0,0
2022-12-13 14:07:00,0,0,0,0,0
2022-12-13 14:08:00,0,0,0,0,0
2022-12-13 14:09:00,0,0,0,0,0
2022-12-13 14:10:00,0,0,0,0,0
2022-12-13 14:11:00,0,0,0,0,0
2022-12-13 14:12:00,0,0,0,0,0
2022-12-13 14:13:00,0,0,0,0,0
2022-12-13 14:14:00,0,0,0,0,0
2022-12-13 14:15:00,0,0,0,0,0
2022-12-13 14:16:00,0,0,0,0,0
2022-12-13 14:17:00,0,0,0,0,0
2022-12-13 14:18:00,0,0,0,0,0
2022-12-13 14:19:00,0,0,0,0,0
2022-12-13 14:20:00,0,0,0,0,0
2022-12-13 14:21:00,0,0,0,0,0
2022-12-13 14:22:00,0,0,0,0,0
2022-12-13 14:23:00,0,0,0,0,0
2022-12-13 14:24:00,0,0,0,0,0
2022-12-13 14:25:00,0,0,0,0,0
2022-12-13 14:26:00,0,0,0,0,0
2022-12-13 14:27:00,0,0,0,0,0
2022-12-13 14:28:00,0,0,0,0,0
2022-12-13 14:29:00,0,0,0,0,0
2022-12-13 14:30:00,0,0,0,0,0
2022-12-13 14:31:00,0,0,0,0,0
2022-12-13 14:32:00,0,0,0,0,0
2022-12-13 14:33:00,0,0,0,0,0
2022-12-13 14:34:00,0,0,0,0,0
2022-12-13 14:35:00,0,0,0,0,0
2022-12-13 14:36:00,0,0,0,0,0
2022-12-13 14:37:00,0,0,0,0,0
2022-12-13 14:38:00,0,0,0,0,0
2022-12-13 14:39:00,0,0,0,0,0
2022-12-13 14:40:00,0,0,0,0,0
2022-12-13 14:41:00,0,0,0,0,0
2022-12-13 14:42:00,0,0,0,0,0
2022-12-13 14:43:00,0,0,0,0,0
2022-12-13 14:44:00,0,0,0,0,0
2022-12-13 14:45:00,0,0,0,0,0
2022-12-13 14:46:00,0,0,0,0,0
2022-12-13 14:47:00,0,0,0,0,0
2022-12-13 14:48:00,0,0,0,0,0
2022-12-13 14:49:00,0,0,0,0,0
2022-12-13 14:50:00,0,0,0,0,0
2022-12-13 14:51:00,0,0,0,0,0
2022-12-13 14:52:00,0,0,0,0,0
2022-12-13 14:53:00,0,0,0,0,0
2022-12-13 14:54:00,0,0,0,0,0
2022-12-13 14:55:00,0,0,0,0,0
2022-12-13 14:56:00,0,0,0,0,0
2022-12-13 14:57:00,0,0,0,0,0
2022-12-13 14:58:00,0,0,0,0,0
2022-12-13 14:59:00,0,0,0,0,0
2022-12-13 15:00:00,0,0,0,0,0
2022-12-13 15:01:00,0,0,0,0,0
2022-12-13 15:02:00,0,0,0,0,0
2022-12-13 15:03:00,0,0,0,0,0
2022-12-13 15:04:00,0,0,0,0,0
2022-12-13 15:05:00,0,0,0,0,0
2022-12-13 15:06:00,0,0,0,0,0
2022-12-13 15:07:00,0,0,0,0,0
2022-12-13 15:08:00,0,0,0,0,0
2022-12-13 15:09:00,0,0,0,0,0
2022-12-13 15:10:00,0,0,0,0,0
2022-12-13 15:11:00,0,0,0,0,0
2022-12-13 15:12:00,0,0,0,0,0
2022-12-13 15:13:00,0,0,0,0,0
2022-12-13 15:14:00,0,0,0,0,0
2022-12-13 15:15:00,0,0,0,0,0
2022-12-13 15:16:00,0,0,0,0,0
2022-12-13 15:17:00,0,0,0,0,0
2022-12-13 15:18:00,0,0,0,0,0
2022-12-13 15:19:00,0,0,0,0,0
2022-12-13 15:20:00,0,0,0,0,0
2022-12-13 15:21:00,0,0,0,0,0
2022-12-13 15:22:00,0,0,0,0,0
2022-12-13 15:23:00,0,0,0,0,0
2022-12-13 15:24:00,0,0,0,0,0
2022-12-13 15:25:00,0,0,0,0,0
2022-12-13 15:26:00,0,0,0,0,0
2022-12-13 15:27:00,0,0,0,0,0
2022-12-13 15:28:00,0,0,0,0,0
2022-12-13 15:29:00,0,0,0,0,0
2022-12-13 15:30:00,0,0,0,0,0
2022-12-13 15:31:00,0,0,0,0,0
2022-12-13 15:32:00,0,0,0,0,0
2022-12-13 15:33:00,0,0,0,0,0
2022-12-13 15:34:00,0,0,0,0,0
2022-12-13 15:35:00,0,0,0,0,0
2022-12-13 15:36:00,0,0,0,0,0
2022-12-13 15:37:00,0,0,0,0,0
2022-12-13 15:38:00,0,0,0,0,0
2022-12-13 15:39:00,0,0,0,0,0
2022-12-13 15:40:00,0,0,0,0,0
2022-12-13 15:41:00,0,0,0,0,0
2022-12-13 15:42:00,0,0,0,0,0
2022-12-13 15:43:00,0,0,0,0,0
2022-12-13 15:44:00,0,0,0,0,0
2022-12-13 15:45:00,0,0,0,0,0
2022-12-13 15:46:00,0,0,0,0,0
2022-12-13 15:47:00,0,0,0,0,0
2022-12-13 15:48:00,0,0,0,0,0
2022-12-13 15:49:00,0,0,0,0,0
2022-12-13 15:50:00,0,0,0,0,0
2022-12-13 15:51:00,0,0,0,0,0
2022-12-13 15:52:00,0,0,0,0,0
2022-12-13 15:53:00,0,0,0,0,0
2022-12-13 15:54:00,0,0,0,0,0
2022-12-13 15:55:00,0,0,0,0,0
2022-12-13 15:56:00,0,0,0,0,0
2022-12-13 15:57:00,0,0,0,0,0
2022-12-13 15:58:00,0,0,0,0,0
2022-12-13 15:59:00,0,0,0,0,0
2022-12-14 09:00:00,0,0,0,0,0
2022-12-14 09:01:00,0,0,0,0,0
2022-12-14 09:02:00,0,0,0,0,0
2022-12-14 09:03:00,0,0,0,0,0
2022-12-14 09:04:00,0,0,0,0,0
2022-12-14 09:05:00,252,252,252,252,0
2022-12-14 09:06:00,0,0,0,0,0
2022-12-14 09:07:00,0,0,0,0,0
2022-12-14 09:08:00,0,0,0,0,0
2022-12-14 09:09:00,0,0,0,0,0
2022-12-14 09:10:00,0,0,0,0,0
2022-12-14 09:11:00,0,0,0,0,0
2022-12-14 09:12:00,0,0,0,0,0
2022-12-14 09:13:00,244,244,244,244,100
2022-12-14 09:14:00,0,0,0,0,0
2022-12-14 09:15:00,0,0,0,0,0
2022-12-14 09:16:00,0,0,0,0,0
2022-12-14 09:17:00,0,0,0,0,0
2022-12-14 09:18:00,0,0,0,0,0
2022-12-14 09:19:00,0,0,0,0,0
2022-12-14 09:20:00,0,0,0,0,0
2022-12-14 09:21:00,0,0,0,0,0
2022-12-14 09:22:00,0,0,0,0,0
2022-12-14 09:23:00,0,0,0,0,0
2022-12-14 09:24:00,244,244,244,244,1000
2022-12-14 09:25:00,0,0,0,0,0
2022-12-14 09:26:00,244,244,244,244,0
2022-12-14 09:27:00,0,0,0,0,0
2022-12-14 09:28:00,0,0,0,0,0
2022-12-14 09:29:00,0,0,0,0,0
2022-12-14 09:30:00,0,0,0,0,0
2022-12-14 09:31:00,0,0,0,0,0
2022-12-14 09:32:00,0,0,0,0,0
2022-12-14 09:33:00,0,0,0,0,0
2022-12-14 09:34:00,0,0,0,0,0
2022-12-14 09:35:00,0,0,0,0,0
2022-12-14 09:36:00,0,0,0,0,0
2022-12-14 09:37:00,0,0,0,0,0
2022-12-14 09:38:00,0,0,0,0,0
2022-12-14 09:39:00,0,0,0,0,0
2022-12-14 09:40:00,0,0,0,0,0
2022-12-14 09:41:00,0,0,0,0,0
2022-12-14 09:42:00,0,0,0,0,0
2022-12-14 09:43:00,0,0,0,0,0
2022-12-14 09:44:00,0,0,0,0,0
2022-12-14 09:45:00,0,0,0,0,0
2022-12-14 09:46:00,0,0,0,0,0
2022-12-14 09:47:00,0,0,0,0,0
2022-12-14 09:48:00,0,0,0,0,0
2022-12-14 09:49:00,0,0,0,0,0
2022-12-14 09:50:00,0,0,0,0,0
2022-12-14 09:51:00,0,0,0,0,0
2022-12-14 09:52:00,0,0,0,0,0
2022-12-14 09:53:00,0,0,0,0,0
2022-12-14 09:54:00,244,244,244,244,100
2022-12-14 09:55:00,0,0,0,0,0
2022-12-14 09:56:00,0,0,0,0,0
2022-12-14 09:57:00,0,0,0,0,0
2022-12-14 09:58:00,0,0,0,0,0
2022-12-14 09:59:00,0,0,0,0,0
2022-12-14 10:00:00,0,0,0,0,0
2022-12-14 10:01:00,0,0,0,0,0
2022-12-14 10:02:00,0,0,0,0,0
2022-12-14 10:03:00,0,0,0,0,0
2022-12-14 10:04:00,0,0,0,0,0
2022-12-14 10:05:00,0,0,0,0,0
2022-12-14 10:06:00,0,0,0,0,0
2022-12-14 10:07:00,0,0,0,0,0
2022-12-14 10:08:00,0,0,0,0,0
2022-12-14 10:09:00,0,0,0,0,0
2022-12-14 10:10:00,0,0,0,0,0
2022-12-14 10:11:00,0,0,0,0,0
2022-12-14 10:12:00,0,0,0,0,0
2022-12-14 10:13:00,0,0,0,0,0
2022-12-14 10:14:00,0,0,0,0,0
2022-12-14 10:15:00,0,0,0,0,0
2022-12-14 10:16:00,0,0,0,0,0
2022-12-14 10:17:00,0,0,0,0,0
2022-12-14 10:18:00,0,0,0,0,0
2022-12-14 10:19:00,0,0,0,0,0
2022-12-14 10:20:00,0,0,0,0,0
2022-12-14 10:21:00,0,0,0,0,0
2022-12-14 10:22:00,0,0,0,0,0
2022-12-14 10:23:00,0,0,0,0,0
2022-12-14 10:24:00,0,0,0,0,0
2022-12-14 10:25:00,0,0,0,0,0
2022-12-14 10:26:00,0,0,0,0,0
2022-12-14 10:27:00,0,0,0,0,0
2022-12-14 10:28:00,0,0,0,0,0
2022-12-14 10:29:00,0,0,0,0,0
2022-12-14 10:30:00,0,0,0,0,0
2022-12-14 10:31:00,0,0,0,0,0
2022-12-14 10:32:00,0,0,0,0,0
2022-12-14 10:33:00,0,0,0,0,0
2022-12-14 10:34:00,0,0,0,0,0
2022-12-14 10:35:00,0,0,0,0,0
2022-12-14 10:36:00,0,0,0,0,0
2022-12-14 10:37:00,0,0,0,0,0
2022-12-14 10:38:00,0,0,0,0,0
2022-12-14 10:39:00,0,0,0,0,0
2022-12-14 10:40:00,0,0,0,0,0
2022-12-14 10:41:00,0,0,0,0,0
2022-12-14 10:42:00,0,0,0,0,0
2022-12-14 10:43:00,0,0,0,0,0
2022-12-14 10:44:00,0,0,0,0,0
2022-12-14 10:45:00,0,0,0,0,0
2022-12-14 10:46:00,244,244,244,244,9000
2022-12-14 10:47:00,0,0,0,0,0
2022-12-14 10:48:00,0,0,0,0,0
2022-12-14 10:49:00,0,0,0,0,0
2022-12-14 10:50:00,0,0,0,0,0
2022-12-14 10:51:00,0,0,0,0,0
2022-12-14 10:52:00,0,0,0,0,0
2022-12-14 10:53:00,244,244,244,244,1500
2022-12-14 10:54:00,0,0,0,0,0
2022-12-14 10:55:00,0,0,0,0,0
2022-12-14 10:56:00,244,242,244,242,59500
2022-12-14 10:57:00,240,228,240,228,189300
2022-12-14 10:58:00,230,228,230,228,51400
2022-12-14 10:59:00,228,228,228,228,83600
2022-12-14 11:00:00,228,228,228,228,13600
2022-12-14 11:01:00,0,0,0,0,0
2022-12-14 11:02:00,228,228,228,228,0
2022-12-14 11:03:00,228,228,228,228,0
2022-12-14 11:04:00,228,228,228,228,300
2022-12-14 11:05:00,0,0,0,0,0
2022-12-14 11:06:00,228,228,228,228,1900
2022-12-14 11:07:00,0,0,0,0,0
2022-12-14 11:08:00,0,0,0,0,0
2022-12-14 11:09:00,0,0,0,0,0
2022-12-14 11:10:00,228,228,228,228,3600
2022-12-14 11:11:00,228,228,228,228,8300
2022-12-14 11:12:00,228,228,228,228,1100
2022-12-14 11:13:00,228,228,228,228,0
2022-12-14 11:14:00,0,0,0,0,0
2022-12-14 11:15:00,0,0,0,0,0
2022-12-14 11:16:00,0,0,0,0,0
2022-12-14 11:17:00,228,228,228,228,19900
2022-12-14 11:18:00,228,228,228,228,10000
2022-12-14 11:19:00,228,228,228,228,0
2022-12-14 11:20:00,0,0,0,0,0
2022-12-14 11:21:00,0,0,0,0,0
2022-12-14 11:22:00,0,0,0,0,0
2022-12-14 11:23:00,228,228,228,228,200
2022-12-14 11:24:00,228,228,228,228,800
2022-12-14 11:25:00,0,0,0,0,0
2022-12-14 11:26:00,228,228,228,228,2000
2022-12-14 11:27:00,228,228,228,228,5900
2022-12-14 11:28:00,228,228,228,228,7000
2022-12-14 11:29:00,228,228,228,228,6600
2022-12-14 11:30:00,0,0,0,0,0
2022-12-14 11:31:00,0,0,0,0,0
2022-12-14 11:32:00,0,0,0,0,0
2022-12-14 11:33:00,0,0,0,0,0
2022-12-14 11:34:00,0,0,0,0,0
2022-12-14 11:35:00,0,0,0,0,0
2022-12-14 11:36:00,0,0,0,0,0
2022-12-14 11:37:00,0,0,0,0,0
2022-12-14 11:38:00,0,0,0,0,0
2022-12-14 11:39:00,0,0,0,0,0
2022-12-14 11:40:00,0,0,0,0,0
2022-12-14 11:41:00,0,0,0,0,0
2022-12-14 11:42:00,0,0,0,0,0
2022-12-14 11:43:00,0,0,0,0,0
2022-12-14 11:44:00,0,0,0,0,0
2022-12-14 11:45:00,0,0,0,0,0
2022-12-14 11:46:00,0,0,0,0,0
2022-12-14 11:47:00,0,0,0,0,0
2022-12-14 11:48:00,0,0,0,0,0
2022-12-14 11:49:00,0,0,0,0,0
2022-12-14 11:50:00,0,0,0,0,0
2022-12-14 11:51:00,0,0,0,0,0
2022-12-14 11:52:00,0,0,0,0,0
2022-12-14 11:53:00,0,0,0,0,0
2022-12-14 11:54:00,0,0,0,0,0
2022-12-14 11:55:00,0,0,0,0,0
2022-12-14 11:56:00,0,0,0,0,0
2022-12-14 11:57:00,0,0,0,0,0
2022-12-14 11:58:00,0,0,0,0,0
2022-12-14 11:59:00,0,0,0,0,0
2022-12-14 12:00:00,0,0,0,0,0
2022-12-14 12:01:00,0,0,0,0,0
2022-12-14 12:02:00,0,0,0,0,0
2022-12-14 12:03:00,0,0,0,0,0
2022-12-14 12:04:00,0,0,0,0,0
2022-12-14 12:05:00,0,0,0,0,0
2022-12-14 12:06:00,0,0,0,0,0
2022-12-14 12:07:00,0,0,0,0,0
2022-12-14 12:08:00,0,0,0,0,0
2022-12-14 12:09:00,0,0,0,0,0
2022-12-14 12:10:00,0,0,0,0,0
2022-12-14 12:11:00,0,0,0,0,0
2022-12-14 12:12:00,0,0,0,0,0
2022-12-14 12:13:00,0,0,0,0,0
2022-12-14 12:14:00,0,0,0,0,0
2022-12-14 12:15:00,0,0,0,0,0
2022-12-14 12:16:00,0,0,0,0,0
2022-12-14 12:17:00,0,0,0,0,0
2022-12-14 12:18:00,0,0,0,0,0
2022-12-14 12:19:00,0,0,0,0,0
2022-12-14 12:20:00,0,0,0,0,0
2022-12-14 12:21:00,0,0,0,0,0
2022-12-14 12:22:00,0,0,0,0,0
2022-12-14 12:23:00,0,0,0,0,0
2022-12-14 12:24:00,0,0,0,0,0
2022-12-14 12:25:00,0,0,0,0,0
2022-12-14 12:26:00,0,0,0,0,0
2022-12-14 12:27:00,0,0,0,0,0
2022-12-14 12:28:00,0,0,0,0,0
2022-12-14 12:29:00,0,0,0,0,0
2022-12-14 12:30:00,0,0,0,0,0
2022-12-14 12:31:00,0,0,0,0,0
2022-12-14 12:32:00,0,0,0,0,0
2022-12-14 12:33:00,0,0,0,0,0
2022-12-14 12:34:00,0,0,0,0,0
2022-12-14 12:35:00,0,0,0,0,0
2022-12-14 12:36:00,0,0,0,0,0
2022-12-14 12:37:00,0,0,0,0,0
2022-12-14 12:38:00,0,0,0,0,0
2022-12-14 12:39:00,0,0,0,0,0
2022-12-14 12:40:00,0,0,0,0,0
2022-12-14 12:41:00,0,0,0,0,0
2022-12-14 12:42:00,0,0,0,0,0
2022-12-14 12:43:00,0,0,0,0,0
2022-12-14 12:44:00,0,0,0,0,0
2022-12-14 12:45:00,0,0,0,0,0
2022-12-14 12:46:00,0,0,0,0,0
2022-12-14 12:47:00,0,0,0,0,0
2022-12-14 12:48:00,0,0,0,0,0
2022-12-14 12:49:00,0,0,0,0,0
2022-12-14 12:50:00,0,0,0,0,0
2022-12-14 12:51:00,0,0,0,0,0
2022-12-14 12:52:00,0,0,0,0,0
2022-12-14 12:53:00,0,0,0,0,0
2022-12-14 12:54:00,0,0,0,0,0
2022-12-14 12:55:00,0,0,0,0,0
2022-12-14 12:56:00,0,0,0,0,0
2022-12-14 12:57:00,0,0,0,0,0
2022-12-14 12:58:00,0,0,0,0,0
2022-12-14 12:59:00,0,0,0,0,0
2022-12-14 13:00:00,0,0,0,0,0
2022-12-14 13:01:00,0,0,0,0,0
2022-12-14 13:02:00,0,0,0,0,0
2022-12-14 13:03:00,0,0,0,0,0
2022-12-14 13:04:00,0,0,0,0,0
2022-12-14 13:05:00,0,0,0,0,0
2022-12-14 13:06:00,0,0,0,0,0
2022-12-14 13:07:00,0,0,0,0,0
2022-12-14 13:08:00,0,0,0,0,0
2022-12-14 13:09:00,0,0,0,0,0
2022-12-14 13:10:00,0,0,0,0,0
2022-12-14 13:11:00,0,0,0,0,0
2022-12-14 13:12:00,0,0,0,0,0
2022-12-14 13:13:00,0,0,0,0,0
2022-12-14 13:14:00,0,0,0,0,0
2022-12-14 13:15:00,0,0,0,0,0
2022-12-14 13:16:00,0,0,0,0,0
2022-12-14 13:17:00,0,0,0,0,0
2022-12-14 13:18:00,0,0,0,0,0
2022-12-14 13:19:00,0,0,0,0,0
2022-12-14 13:20:00,0,0,0,0,0
2022-12-14 13:21:00,0,0,0,0,0
2022-12-14 13:22:00,0,0,0,0,0
2022-12-14 13:23:00,0,0,0,0,0
2022-12-14 13:24:00,0,0,0,0,0
2022-12-14 13:25:00,0,0,0,0,0
2022-12-14 13:26:00,0,0,0,0,0
2022-12-14 13:27:00,0,0,0,0,0
2022-12-14 13:28:00,0,0,0,0,0
2022-12-14 13:29:00,0,0,0,0,0
2022-12-14 13:30:00,228,228,228,228,30300
2022-12-14 13:31:00,228,228,228,228,81900
2022-12-14 13:32:00,228,228,230,230,0
2022-12-14 13:33:00,230,230,230,230,700
2022-12-14 13:34:00,0,0,0,0,0
2022-12-14 13:35:00,0,0,0,0,0
2022-12-14 13:36:00,0,0,0,0,0
2022-12-14 13:37:00,0,0,0,0,0
2022-12-14 13:38:00,230,230,230,230,10000
2022-12-14 13:39:00,230,230,230,230,0
2022-12-14 13:40:00,0,0,0,0,0
2022-12-14 13:41:00,0,0,0,0,0
2022-12-14 13:42:00,230,230,230,230,7600
2022-12-14 13:43:00,230,230,230,230,0
2022-12-14 13:44:00,230,230,230,230,900
2022-12-14 13:45:00,0,0,0,0,0
2022-12-14 13:46:00,228,228,228,228,17000
2022-12-14 13:47:00,230,230,230,230,0
2022-12-14 13:48:00,230,230,230,230,200
2022-12-14 13:49:00,234,234,234,234,0
2022-12-14 13:50:00,234,234,236,236,9000
2022-12-14 13:51:00,0,0,0,0,0
2022-12-14 13:52:00,236,236,236,236,19100
2022-12-14 13:53:00,0,0,0,0,0
2022-12-14 13:54:00,0,0,0,0,0
2022-12-14 13:55:00,0,0,0,0,0
2022-12-14 13:56:00,0,0,0,0,0
2022-12-14 13:57:00,0,0,0,0,0
2022-12-14 13:58:00,0,0,0,0,0
2022-12-14 13:59:00,0,0,0,0,0
2022-12-14 14:00:00,0,0,0,0,0
2022-12-14 14:01:00,0,0,0,0,0
2022-12-14 14:02:00,0,0,0,0,0
2022-12-14 14:03:00,0,0,0,0,0
2022-12-14 14:04:00,234,234,234,234,100
2022-12-14 14:05:00,0,0,0,0,0
2022-12-14 14:06:00,0,0,0,0,0
2022-12-14 14:07:00,0,0,0,0,0
2022-12-14 14:08:00,0,0,0,0,0
2022-12-14 14:09:00,0,0,0,0,0
2022-12-14 14:10:00,0,0,0,0,0
2022-12-14 14:11:00,0,0,0,0,0
2022-12-14 14:12:00,234,234,234,234,300
2022-12-14 14:13:00,0,0,0,0,0
2022-12-14 14:14:00,0,0,0,0,0
2022-12-14 14:15:00,0,0,0,0,0
2022-12-14 14:16:00,0,0,0,0,0
2022-12-14 14:17:00,234,234,234,234,1100
2022-12-14 14:18:00,0,0,0,0,0
2022-12-14 14:19:00,0,0,0,0,0
2022-12-14 14:20:00,0,0,0,0,0
2022-12-14 14:21:00,0,0,0,0,0
2022-12-14 14:22:00,234,234,234,234,800
2022-12-14 14:23:00,0,0,0,0,0
2022-12-14 14:24:00,0,0,0,0,0
2022-12-14 14:25:00,230,230,230,230,300
2022-12-14 14:26:00,0,0,0,0,0
2022-12-14 14:27:00,0,0,0,0,0
2022-12-14 14:28:00,0,0,0,0,0
2022-12-14 14:29:00,0,0,0,0,0
2022-12-14 14:30:00,0,0,0,0,0
2022-12-14 14:31:00,0,0,0,0,0
2022-12-14 14:32:00,0,0,0,0,0
2022-12-14 14:33:00,0,0,0,0,0
2022-12-14 14:34:00,0,0,0,0,0
2022-12-14 14:35:00,0,0,0,0,0
2022-12-14 14:36:00,0,0,0,0,0
2022-12-14 14:37:00,0,0,0,0,0
2022-12-14 14:38:00,0,0,0,0,0
2022-12-14 14:39:00,0,0,0,0,0
2022-12-14 14:40:00,0,0,0,0,0
2022-12-14 14:41:00,0,0,0,0,0
2022-12-14 14:42:00,0,0,0,0,0
2022-12-14 14:43:00,230,230,230,230,7200
2022-12-14 14:44:00,0,0,0,0,0
2022-12-14 14:45:00,0,0,0,0,0
2022-12-14 14:46:00,234,234,234,234,2800
2022-12-14 14:47:00,0,0,0,0,0
2022-12-14 14:48:00,0,0,0,0,0
2022-12-14 14:49:00,0,0,0,0,0
2022-12-14 14:50:00,0,0,0,0,0
2022-12-14 14:51:00,0,0,0,0,0
2022-12-14 14:52:00,0,0,0,0,0
2022-12-14 14:53:00,0,0,0,0,0
2022-12-14 14:54:00,0,0,0,0,0
2022-12-14 14:55:00,0,0,0,0,0
2022-12-14 14:56:00,0,0,0,0,0
2022-12-14 14:57:00,0,0,0,0,0
2022-12-14 14:58:00,0,0,0,0,0
2022-12-14 14:59:00,0,0,0,0,0
2022-12-14 15:00:00,228,228,228,228,2000
2022-12-14 15:01:00,228,228,228,228,24300
2022-12-14 15:02:00,0,0,0,0,0
2022-12-14 15:03:00,0,0,0,0,0
2022-12-14 15:04:00,0,0,0,0,0
2022-12-14 15:05:00,228,228,228,228,660400
2022-12-14 15:06:00,0,0,0,0,0
2022-12-14 15:07:00,0,0,0,0,0
2022-12-14 15:08:00,0,0,0,0,0
2022-12-14 15:09:00,0,0,0,0,0
2022-12-14 15:10:00,0,0,0,0,0
2022-12-14 15:11:00,0,0,0,0,0
2022-12-14 15:12:00,0,0,0,0,0
2022-12-14 15:13:00,0,0,0,0,0
2022-12-14 15:14:00,0,0,0,0,0
2022-12-14 15:15:00,0,0,0,0,0
2022-12-14 15:16:00,0,0,0,0,0
2022-12-14 15:17:00,0,0,0,0,0
2022-12-14 15:18:00,0,0,0,0,0
2022-12-14 15:19:00,0,0,0,0,0
2022-12-14 15:20:00,0,0,0,0,0
2022-12-14 15:21:00,0,0,0,0,0
2022-12-14 15:22:00,0,0,0,0,0
2022-12-14 15:23:00,0,0,0,0,0
2022-12-14 15:24:00,0,0,0,0,0
2022-12-14 15:25:00,0,0,0,0,0
2022-12-14 15:26:00,0,0,0,0,0
2022-12-14 15:27:00,0,0,0,0,0
2022-12-14 15:28:00,0,0,0,0,0
2022-12-14 15:29:00,0,0,0,0,0
2022-12-14 15:30:00,0,0,0,0,0
2022-12-14 15:31:00,0,0,0,0,0
2022-12-14 15:32:00,0,0,0,0,0
2022-12-14 15:33:00,0,0,0,0,0
2022-12-14 15:34:00,0,0,0,0,0
2022-12-14 15:35:00,0,0,0,0,0
2022-12-14 15:36:00,0,0,0,0,0
2022-12-14 15:37:00,0,0,0,0,0
2022-12-14 15:38:00,0,0,0,0,0
2022-12-14 15:39:00,0,0,0,0,0
2022-12-14 15:40:00,0,0,0,0,0
2022-12-14 15:41:00,0,0,0,0,0
2022-12-14 15:42:00,0,0,0,0,0
2022-12-14 15:43:00,0,0,0,0,0
2022-12-14 15:44:00,0,0,0,0,0
2022-12-14 15:45:00,0,0,0,0,0
2022-12-14 15:46:00,0,0,0,0,0
2022-12-14 15:47:00,0,0,0,0,0
2022-12-14 15:48:00,0,0,0,0,0
2022-12-14 15:49:00,0,0,0,0,0
2022-12-14 15:50:00,0,0,0,0,0
2022-12-14 15:51:00,0,0,0,0,0
2022-12-14 15:52:00,0,0,0,0,0
2022-12-14 15:53:00,0,0,0,0,0
2022-12-14 15:54:00,0,0,0,0,0
2022-12-14 15:55:00,0,0,0,0,0
2022-12-14 15:56:00,0,0,0,0,0
2022-12-14 15:57:00,0,0,0,0,0
2022-12-14 15:58:00,0,0,0,0,0
2022-12-14 15:59:00,0,0,0,0,0
2022-12-15 09:00:00,0,0,0,0,0
2022-12-15 09:01:00,0,0,0,0,0
2022-12-15 09:02:00,0,0,0,0,0
2022-12-15 09:03:00,238,238,238,238,0
2022-12-15 09:04:00,0,0,0,0,0
2022-12-15 09:05:00,0,0,0,0,0
2022-12-15 09:06:00,0,0,0,0,0
2022-12-15 09:07:00,0,0,0,0,0
2022-12-15 09:08:00,0,0,0,0,0
2022-12-15 09:09:00,0,0,0,0,0
2022-12-15 09:10:00,236,236,236,236,200
2022-12-15 09:11:00,0,0,0,0,0
2022-12-15 09:12:00,0,0,0,0,0
2022-12-15 09:13:00,0,0,0,0,0
2022-12-15 09:14:00,232,230,232,230,300
2022-12-15 09:15:00,0,0,0,0,0
2022-12-15 09:16:00,0,0,0,0,0
2022-12-15 09:17:00,0,0,0,0,0
2022-12-15 09:18:00,0,0,0,0,0
2022-12-15 09:19:00,0,0,0,0,0
2022-12-15 09:20:00,0,0,0,0,0
2022-12-15 09:21:00,0,0,0,0,0
2022-12-15 09:22:00,0,0,0,0,0
2022-12-15 09:23:00,0,0,0,0,0
2022-12-15 09:24:00,0,0,0,0,0
2022-12-15 09:25:00,0,0,0,0,0
2022-12-15 09:26:00,230,230,230,230,300
2022-12-15 09:27:00,0,0,0,0,0
2022-12-15 09:28:00,0,0,0,0,0
2022-12-15 09:29:00,0,0,0,0,0
2022-12-15 09:30:00,0,0,0,0,0
2022-12-15 09:31:00,0,0,0,0,0
2022-12-15 09:32:00,0,0,0,0,0
2022-12-15 09:33:00,234,234,234,234,4000
2022-12-15 09:34:00,236,236,236,236,8000
2022-12-15 09:35:00,0,0,0,0,0
2022-12-15 09:36:00,0,0,0,0,0
2022-12-15 09:37:00,0,0,0,0,0
2022-12-15 09:38:00,0,0,0,0,0
2022-12-15 09:39:00,0,0,0,0,0
2022-12-15 09:40:00,0,0,0,0,0
2022-12-15 09:41:00,0,0,0,0,0
2022-12-15 09:42:00,0,0,0,0,0
2022-12-15 09:43:00,0,0,0,0,0
2022-12-15 09:44:00,0,0,0,0,0
2022-12-15 09:45:00,0,0,0,0,0
2022-12-15 09:46:00,0,0,0,0,0
2022-12-15 09:47:00,0,0,0,0,0
2022-12-15 09:48:00,0,0,0,0,0
2022-12-15 09:49:00,0,0,0,0,0
2022-12-15 09:50:00,0,0,0,0,0
2022-12-15 09:51:00,0,0,0,0,0
2022-12-15 09:52:00,0,0,0,0,0
2022-12-15 09:53:00,0,0,0,0,0
2022-12-15 09:54:00,0,0,0,0,0
2022-12-15 09:55:00,230,230,230,230,1000
2022-12-15 09:56:00,0,0,0,0,0
2022-12-15 09:57:00,0,0,0,0,0
2022-12-15 09:58:00,230,230,230,230,15600
2022-12-15 09:59:00,0,0,0,0,0
2022-12-15 10:00:00,0,0,0,0,0
2022-12-15 10:01:00,230,230,230,230,0
2022-12-15 10:02:00,0,0,0,0,0
2022-12-15 10:03:00,230,230,230,230,14400
2022-12-15 10:04:00,0,0,0,0,0
2022-12-15 10:05:00,0,0,0,0,0
2022-12-15 10:06:00,0,0,0,0,0
2022-12-15 10:07:00,0,0,0,0,0
2022-12-15 10:08:00,0,0,0,0,0
2022-12-15 10:09:00,0,0,0,0,0
2022-12-15 10:10:00,0,0,0,0,0
2022-12-15 10:11:00,0,0,0,0,0
2022-12-15 10:12:00,0,0,0,0,0
2022-12-15 10:13:00,0,0,0,0,0
2022-12-15 10:14:00,0,0,0,0,0
2022-12-15 10:15:00,0,0,0,0,0
2022-12-15 10:16:00,0,0,0,0,0
2022-12-15 10:17:00,0,0,0,0,0
2022-12-15 10:18:00,0,0,0,0,0
2022-12-15 10:19:00,0,0,0,0,0
2022-12-15 10:20:00,0,0,0,0,0
2022-12-15 10:21:00,0,0,0,0,0
2022-12-15 10:22:00,0,0,0,0,0
2022-12-15 10:23:00,0,0,0,0,0
2022-12-15 10:24:00,0,0,0,0,0
2022-12-15 10:25:00,0,0,0,0,0
2022-12-15 10:26:00,0,0,0,0,0
2022-12-15 10:27:00,0,0,0,0,0
2022-12-15 10:28:00,0,0,0,0,0
2022-12-15 10:29:00,0,0,0,0,0
2022-12-15 10:30:00,0,0,0,0,0
2022-12-15 10:31:00,0,0,0,0,0
2022-12-15 10:32:00,0,0,0,0,0
2022-12-15 10:33:00,0,0,0,0,0
2022-12-15 10:34:00,0,0,0,0,0
2022-12-15 10:35:00,0,0,0,0,0
2022-12-15 10:36:00,0,0,0,0,0
2022-12-15 10:37:00,0,0,0,0,0
2022-12-15 10:38:00,0,0,0,0,0
2022-12-15 10:39:00,0,0,0,0,0
2022-12-15 10:40:00,0,0,0,0,0
2022-12-15 10:41:00,0,0,0,0,0
2022-12-15 10:42:00,0,0,0,0,0
2022-12-15 10:43:00,0,0,0,0,0
2022-12-15 10:44:00,0,0,0,0,0
2022-12-15 10:45:00,0,0,0,0,0
2022-12-15 10:46:00,0,0,0,0,0
2022-12-15 10:47:00,0,0,0,0,0
2022-12-15 10:48:00,0,0,0,0,0
2022-12-15 10:49:00,0,0,0,0,0
2022-12-15 10:50:00,0,0,0,0,0
2022-12-15 10:51:00,0,0,0,0,0
2022-12-15 10:52:00,0,0,0,0,0
2022-12-15 10:53:00,0,0,0,0,0
2022-12-15 10:54:00,0,0,0,0,0
2022-12-15 10:55:00,0,0,0,0,0
2022-12-15 10:56:00,0,0,0,0,0
2022-12-15 10:57:00,0,0,0,0,0
2022-12-15 10:58:00,230,230,230,230,13000
2022-12-15 10:59:00,230,230,230,230,15000
2022-12-15 11:00:00,0,0,0,0,0
2022-12-15 11:01:00,0,0,0,0,0
2022-12-15 11:02:00,0,0,0,0,0
2022-12-15 11:03:00,0,0,0,0,0
2022-12-15 11:04:00,0,0,0,0,0
2022-12-15 11:05:00,230,230,230,230,0
2022-12-15 11:06:00,0,0,0,0,0
2022-12-15 11:07:00,0,0,0,0,0
2022-12-15 11:08:00,0,0,0,0,0
2022-12-15 11:09:00,0,0,0,0,0
2022-12-15 11:10:00,0,0,0,0,0
2022-12-15 11:11:00,0,0,0,0,0
2022-12-15 11:12:00,0,0,0,0,0
2022-12-15 11:13:00,0,0,0,0,0
2022-12-15 11:14:00,0,0,0,0,0
2022-12-15 11:15:00,0,0,0,0,0
2022-12-15 11:16:00,0,0,0,0,0
2022-12-15 11:17:00,0,0,0,0,0
2022-12-15 11:18:00,0,0,0,0,0
2022-12-15 11:19:00,0,0,0,0,0
2022-12-15 11:20:00,0,0,0,0,0
2022-12-15 11:21:00,0,0,0,0,0
2022-12-15 11:22:00,0,0,0,0,0
2022-12-15 11:23:00,0,0,0,0,0
2022-12-15 11:24:00,0,0,0,0,0
2022-12-15 11:25:00,0,0,0,0,0
2022-12-15 11:26:00,0,0,0,0,0
2022-12-15 11:27:00,0,0,0,0,0
2022-12-15 11:28:00,0,0,0,0,0
2022-12-15 11:29:00,0,0,0,0,0
2022-12-15 11:30:00,0,0,0,0,0
2022-12-15 11:31:00,0,0,0,0,0
2022-12-15 11:32:00,0,0,0,0,0
2022-12-15 11:33:00,0,0,0,0,0
2022-12-15 11:34:00,0,0,0,0,0
2022-12-15 11:35:00,0,0,0,0,0
2022-12-15 11:36:00,0,0,0,0,0
2022-12-15 11:37:00,0,0,0,0,0
2022-12-15 11:38:00,0,0,0,0,0
2022-12-15 11:39:00,0,0,0,0,0
2022-12-15 11:40:00,0,0,0,0,0
2022-12-15 11:41:00,0,0,0,0,0
2022-12-15 11:42:00,0,0,0,0,0
2022-12-15 11:43:00,0,0,0,0,0
2022-12-15 11:44:00,0,0,0,0,0
2022-12-15 11:45:00,0,0,0,0,0
2022-12-15 11:46:00,0,0,0,0,0
2022-12-15 11:47:00,0,0,0,0,0
2022-12-15 11:48:00,0,0,0,0,0
2022-12-15 11:49:00,0,0,0,0,0
2022-12-15 11:50:00,0,0,0,0,0
2022-12-15 11:51:00,0,0,0,0,0
2022-12-15 11:52:00,0,0,0,0,0
2022-12-15 11:53:00,0,0,0,0,0
2022-12-15 11:54:00,0,0,0,0,0
2022-12-15 11:55:00,0,0,0,0,0
2022-12-15 11:56:00,0,0,0,0,0
2022-12-15 11:57:00,0,0,0,0,0
2022-12-15 11:58:00,0,0,0,0,0
2022-12-15 11:59:00,0,0,0,0,0
2022-12-15 12:00:00,0,0,0,0,0
2022-12-15 12:01:00,0,0,0,0,0
2022-12-15 12:02:00,0,0,0,0,0
2022-12-15 12:03:00,0,0,0,0,0
2022-12-15 12:04:00,0,0,0,0,0
2022-12-15 12:05:00,0,0,0,0,0
2022-12-15 12:06:00,0,0,0,0,0
2022-12-15 12:07:00,0,0,0,0,0
2022-12-15 12:08:00,0,0,0,0,0
2022-12-15 12:09:00,0,0,0,0,0
2022-12-15 12:10:00,0,0,0,0,0
2022-12-15 12:11:00,0,0,0,0,0
2022-12-15 12:12:00,0,0,0,0,0
2022-12-15 12:13:00,0,0,0,0,0
2022-12-15 12:14:00,0,0,0,0,0
2022-12-15 12:15:00,0,0,0,0,0
2022-12-15 12:16:00,0,0,0,0,0
2022-12-15 12:17:00,0,0,0,0,0
2022-12-15 12:18:00,0,0,0,0,0
2022-12-15 12:19:00,0,0,0,0,0
2022-12-15 12:20:00,0,0,0,0,0
2022-12-15 12:21:00,0,0,0,0,0
2022-12-15 12:22:00,0,0,0,0,0
2022-12-15 12:23:00,0,0,0,0,0
2022-12-15 12:24:00,0,0,0,0,0
2022-12-15 12:25:00,0,0,0,0,0
2022-12-15 12:26:00,0,0,0,0,0
2022-12-15 12:27:00,0,0,0,0,0
2022-12-15 12:28:00,0,0,0,0,0
2022-12-15 12:29:00,0,0,0,0,0
2022-12-15 12:30:00,0,0,0,0,0
2022-12-15 12:31:00,0,0,0,0,0
2022-12-15 12:32:00,0,0,0,0,0
2022-12-15 12:33:00,0,0,0,0,0
2022-12-15 12:34:00,0,0,0,0,0
2022-12-15 12:35:00,0,0,0,0,0
2022-12-15 12:36:00,0,0,0,0,0
2022-12-15 12:37:00,0,0,0,0,0
2022-12-15 12:38:00,0,0,0,0,0
2022-12-15 12:39:00,0,0,0,0,0
2022-12-15 12:40:00,0,0,0,0,0
2022-12-15 12:41:00,0,0,0,0,0
2022-12-15 12:42:00,0,0,0,0,0
2022-12-15 12:43:00,0,0,0,0,0
2022-12-15 12:44:00,0,0,0,0,0
2022-12-15 12:45:00,0,0,0,0,0
2022-12-15 12:46:00,0,0,0,0,0
2022-12-15 12:47:00,0,0,0,0,0
2022-12-15 12:48:00,0,0,0,0,0
2022-12-15 12:49:00,0,0,0,0,0
2022-12-15 12:50:00,0,0,0,0,0
2022-12-15 12:51:00,0,0,0,0,0
2022-12-15 12:52:00,0,0,0,0,0
2022-12-15 12:53:00,0,0,0,0,0
2022-12-15 12:54:00,0,0,0,0,0
2022-12-15 12:55:00,0,0,0,0,0
2022-12-15 12:56:00,0,0,0,0,0
2022-12-15 12:57:00,0,0,0,0,0
2022-12-15 12:58:00,0,0,0,0,0
2022-12-15 12:59:00,0,0,0,0,0
2022-12-15 13:00:00,0,0,0,0,0
2022-12-15 13:01:00,0,0,0,0,0
2022-12-15 13:02:00,0,0,0,0,0
2022-12-15 13:03:00,0,0,0,0,0
2022-12-15 13:04:00,0,0,0,0,0
2022-12-15 13:05:00,0,0,0,0,0
2022-12-15 13:06:00,0,0,0,0,0
2022-12-15 13:07:00,0,0,0,0,0
2022-12-15 13:08:00,0,0,0,0,0
2022-12-15 13:09:00,0,0,0,0,0
2022-12-15 13:10:00,0,0,0,0,0
2022-12-15 13:11:00,0,0,0,0,0
2022-12-15 13:12:00,0,0,0,0,0
2022-12-15 13:13:00,0,0,0,0,0
2022-12-15 13:14:00,0,0,0,0,0
2022-12-15 13:15:00,0,0,0,0,0
2022-12-15 13:16:00,0,0,0,0,0
2022-12-15 13:17:00,0,0,0,0,0
2022-12-15 13:18:00,0,0,0,0,0
2022-12-15 13:19:00,0,0,0,0,0
2022-12-15 13:20:00,0,0,0,0,0
2022-12-15 13:21:00,0,0,0,0,0
2022-12-15 13:22:00,0,0,0,0,0
2022-12-15 13:23:00,0,0,0,0,0
2022-12-15 13:24:00,0,0,0,0,0
2022-12-15 13:25:00,0,0,0,0,0
2022-12-15 13:26:00,0,0,0,0,0
2022-12-15 13:27:00,0,0,0,0,0
2022-12-15 13:28:00,0,0,0,0,0
2022-12-15 13:29:00,0,0,0,0,0
2022-12-15 13:30:00,0,0,0,0,0
2022-12-15 13:31:00,0,0,0,0,0
2022-12-15 13:32:00,0,0,0,0,0
2022-12-15 13:33:00,0,0,0,0,0
2022-12-15 13:34:00,0,0,0,0,0
2022-12-15 13:35:00,0,0,0,0,0
2022-12-15 13:36:00,0,0,0,0,0
2022-12-15 13:37:00,0,0,0,0,0
2022-12-15 13:38:00,0,0,0,0,0
2022-12-15 13:39:00,0,0,0,0,0
2022-12-15 13:40:00,0,0,0,0,0
2022-12-15 13:41:00,0,0,0,0,0
2022-12-15 13:42:00,0,0,0,0,0
2022-12-15 13:43:00,0,0,0,0,0
2022-12-15 13:44:00,0,0,0,0,0
2022-12-15 13:45:00,0,0,0,0,0
2022-12-15 13:46:00,0,0,0,0,0
2022-12-15 13:47:00,0,0,0,0,0
2022-12-15 13:48:00,0,0,0,0,0
2022-12-15 13:49:00,230,230,230,230,1000
2022-12-15 13:50:00,0,0,0,0,0
2022-12-15 13:51:00,0,0,0,0,0
2022-12-15 13:52:00,0,0,0,0,0
2022-12-15 13:53:00,0,0,0,0,0
2022-12-15 13:54:00,0,0,0,0,0
2022-12-15 13:55:00,0,0,0,0,0
2022-12-15 13:56:00,0,0,0,0,0
2022-12-15 13:57:00,0,0,0,0,0
2022-12-15 13:58:00,0,0,0,0,0
2022-12-15 13:59:00,0,0,0,0,0
2022-12-15 14:00:00,0,0,0,0,0
2022-12-15 14:01:00,0,0,0,0,0
2022-12-15 14:02:00,0,0,0,0,0
2022-12-15 14:03:00,0,0,0,0,0
2022-12-15 14:04:00,0,0,0,0,0
2022-12-15 14:05:00,0,0,0,0,0
2022-12-15 14:06:00,0,0,0,0,0
2022-12-15 14:07:00,0,0,0,0,0
2022-12-15 14:08:00,0,0,0,0,0
2022-12-15 14:09:00,0,0,0,0,0
2022-12-15 14:10:00,0,0,0,0,0
2022-12-15 14:11:00,0,0,0,0,0
2022-12-15 14:12:00,0,0,0,0,0
2022-12-15 14:13:00,0,0,0,0,0
2022-12-15 14:14:00,0,0,0,0,0
2022-12-15 14:15:00,0,0,0,0,0
2022-12-15 14:16:00,230,230,230,230,100
2022-12-15 14:17:00,0,0,0,0,0
2022-12-15 14:18:00,0,0,0,0,0
2022-12-15 14:19:00,0,0,0,0,0
2022-12-15 14:20:00,0,0,0,0,0
2022-12-15 14:21:00,0,0,0,0,0
2022-12-15 14:22:00,0,0,0,0,0
2022-12-15 14:23:00,0,0,0,0,0
2022-12-15 14:24:00,0,0,0,0,0
2022-12-15 14:25:00,0,0,0,0,0
2022-12-15 14:26:00,230,230,230,230,600
2022-12-15 14:27:00,0,0,0,0,0
2022-12-15 14:28:00,0,0,0,0,0
2022-12-15 14:29:00,0,0,0,0,0
2022-12-15 14:30:00,0,0,0,0,0
2022-12-15 14:31:00,0,0,0,0,0
2022-12-15 14:32:00,230,230,230,230,500
2022-12-15 14:33:00,0,0,0,0,0
2022-12-15 14:34:00,0,0,0,0,0
2022-12-15 14:35:00,0,0,0,0,0
2022-12-15 14:36:00,0,0,0,0,0
2022-12-15 14:37:00,0,0,0,0,0
2022-12-15 14:38:00,0,0,0,0,0
2022-12-15 14:39:00,0,0,0,0,0
2022-12-15 14:40:00,0,0,0,0,0
2022-12-15 14:41:00,0,0,0,0,0
2022-12-15 14:42:00,0,0,0,0,0
2022-12-15 14:43:00,0,0,0,0,0
2022-12-15 14:44:00,230,230,230,230,76600
2022-12-15 14:45:00,0,0,0,0,0
2022-12-15 14:46:00,0,0,0,0,0
2022-12-15 14:47:00,0,0,0,0,0
2022-12-15 14:48:00,0,0,0,0,0
2022-12-15 14:49:00,0,0,0,0,0
2022-12-15 14:50:00,0,0,0,0,0
2022-12-15 14:51:00,0,0,0,0,0
2022-12-15 14:52:00,0,0,0,0,0
2022-12-15 14:53:00,0,0,0,0,0
2022-12-15 14:54:00,0,0,0,0,0
2022-12-15 14:55:00,0,0,0,0,0
2022-12-15 14:56:00,0,0,0,0,0
2022-12-15 14:57:00,0,0,0,0,0
2022-12-15 14:58:00,0,0,0,0,0
2022-12-15 14:59:00,0,0,0,0,0
2022-12-15 15:00:00,0,0,0,0,0
2022-12-15 15:01:00,0,0,0,0,0
2022-12-15 15:02:00,0,0,0,0,0
2022-12-15 15:03:00,0,0,0,0,0
2022-12-15 15:04:00,0,0,0,0,0
2022-12-15 15:05:00,0,0,0,0,0
2022-12-15 15:06:00,0,0,0,0,0
2022-12-15 15:07:00,0,0,0,0,0
2022-12-15 15:08:00,0,0,0,0,0
2022-12-15 15:09:00,0,0,0,0,0
2022-12-15 15:10:00,0,0,0,0,0
2022-12-15 15:11:00,0,0,0,0,0
2022-12-15 15:12:00,0,0,0,0,0
2022-12-15 15:13:00,0,0,0,0,0
2022-12-15 15:14:00,0,0,0,0,0
2022-12-15 15:15:00,0,0,0,0,0
2022-12-15 15:16:00,0,0,0,0,0
2022-12-15 15:17:00,0,0,0,0,0
2022-12-15 15:18:00,0,0,0,0,0
2022-12-15 15:19:00,0,0,0,0,0
2022-12-15 15:20:00,0,0,0,0,0
2022-12-15 15:21:00,0,0,0,0,0
2022-12-15 15:22:00,0,0,0,0,0
2022-12-15 15:23:00,0,0,0,0,0
2022-12-15 15:24:00,0,0,0,0,0
2022-12-15 15:25:00,0,0,0,0,0
2022-12-15 15:26:00,0,0,0,0,0
2022-12-15 15:27:00,0,0,0,0,0
2022-12-15 15:28:00,0,0,0,0,0
2022-12-15 15:29:00,0,0,0,0,0
2022-12-15 15:30:00,0,0,0,0,0
2022-12-15 15:31:00,0,0,0,0,0
2022-12-15 15:32:00,0,0,0,0,0
2022-12-15 15:33:00,0,0,0,0,0
2022-12-15 15:34:00,0,0,0,0,0
2022-12-15 15:35:00,0,0,0,0,0
2022-12-15 15:36:00,0,0,0,0,0
2022-12-15 15:37:00,0,0,0,0,0
2022-12-15 15:38:00,0,0,0,0,0
2022-12-15 15:39:00,0,0,0,0,0
2022-12-15 15:40:00,0,0,0,0,0
2022-12-15 15:41:00,0,0,0,0,0
2022-12-15 15:42:00,0,0,0,0,0
2022-12-15 15:43:00,0,0,0,0,0
2022-12-15 15:44:00,0,0,0,0,0
2022-12-15 15:45:00,0,0,0,0,0
2022-12-15 15:46:00,0,0,0,0,0
2022-12-15 15:47:00,0,0,0,0,0
2022-12-15 15:48:00,0,0,0,0,0
2022-12-15 15:49:00,0,0,0,0,0
2022-12-15 15:50:00,0,0,0,0,0
2022-12-15 15:51:00,0,0,0,0,0
2022-12-15 15:52:00,0,0,0,0,0
2022-12-15 15:53:00,0,0,0,0,0
2022-12-15 15:54:00,0,0,0,0,0
2022-12-15 15:55:00,0,0,0,0,0
2022-12-15 15:56:00,0,0,0,0,0
2022-12-15 15:57:00,0,0,0,0,0
2022-12-15 15:58:00,0,0,0,0,0
2022-12-15 15:59:00,0,0,0,0,0
2022-12-16 09:00:00,0,0,0,0,0
2022-12-16 09:01:00,0,0,0,0,0
2022-12-16 09:02:00,0,0,0,0,0
2022-12-16 09:03:00,0,0,0,0,0
2022-12-16 09:04:00,0,0,0,0,0
2022-12-16 09:05:00,0,0,0,0,0
2022-12-16 09:06:00,0,0,0,0,0
2022-12-16 09:07:00,0,0,0,0,0
2022-12-16 09:08:00,228,228,228,228,0
2022-12-16 09:09:00,0,0,0,0,0
2022-12-16 09:10:00,0,0,0,0,0
2022-12-16 09:11:00,228,228,228,228,900
2022-12-16 09:12:00,0,0,0,0,0
2022-12-16 09:13:00,0,0,0,0,0
2022-12-16 09:14:00,0,0,0,0,0
2022-12-16 09:15:00,0,0,0,0,0
2022-12-16 09:16:00,0,0,0,0,0
2022-12-16 09:17:00,0,0,0,0,0
2022-12-16 09:18:00,0,0,0,0,0
2022-12-16 09:19:00,0,0,0,0,0
2022-12-16 09:20:00,0,0,0,0,0
2022-12-16 09:21:00,0,0,0,0,0
2022-12-16 09:22:00,228,228,228,228,2000
2022-12-16 09:23:00,0,0,0,0,0
2022-12-16 09:24:00,0,0,0,0,0
2022-12-16 09:25:00,0,0,0,0,0
2022-12-16 09:26:00,0,0,0,0,0
2022-12-16 09:27:00,0,0,0,0,0
2022-12-16 09:28:00,0,0,0,0,0
2022-12-16 09:29:00,0,0,0,0,0
2022-12-16 09:30:00,0,0,0,0,0
2022-12-16 09:31:00,0,0,0,0,0
2022-12-16 09:32:00,0,0,0,0,0
2022-12-16 09:33:00,0,0,0,0,0
2022-12-16 09:34:00,0,0,0,0,0
2022-12-16 09:35:00,0,0,0,0,0
2022-12-16 09:36:00,0,0,0,0,0
2022-12-16 09:37:00,0,0,0,0,0
2022-12-16 09:38:00,0,0,0,0,0
2022-12-16 09:39:00,0,0,0,0,0
2022-12-16 09:40:00,0,0,0,0,0
2022-12-16 09:41:00,0,0,0,0,0
2022-12-16 09:42:00,228,228,228,228,200
2022-12-16 09:43:00,0,0,0,0,0
2022-12-16 09:44:00,0,0,0,0,0
2022-12-16 09:45:00,0,0,0,0,0
2022-12-16 09:46:00,0,0,0,0,0
2022-12-16 09:47:00,0,0,0,0,0
2022-12-16 09:48:00,228,228,228,228,2000
2022-12-16 09:49:00,228,228,228,228,1700
2022-12-16 09:50:00,0,0,0,0,0
2022-12-16 09:51:00,0,0,0,0,0
2022-12-16 09:52:00,0,0,0,0,0
2022-12-16 09:53:00,228,228,228,228,1000
2022-12-16 09:54:00,0,0,0,0,0
2022-12-16 09:55:00,0,0,0,0,0
2022-12-16 09:56:00,0,0,0,0,0
2022-12-16 09:57:00,0,0,0,0,0
2022-12-16 09:58:00,0,0,0,0,0
2022-12-16 09:59:00,0,0,0,0,0
2022-12-16 10:00:00,0,0,0,0,0
2022-12-16 10:01:00,0,0,0,0,0
2022-12-16 10:02:00,0,0,0,0,0
2022-12-16 10:03:00,0,0,0,0,0
2022-12-16 10:04:00,0,0,0,0,0
2022-12-16 10:05:00,0,0,0,0,0
2022-12-16 10:06:00,0,0,0,0,0
2022-12-16 10:07:00,0,0,0,0,0
2022-12-16 10:08:00,0,0,0,0,0
2022-12-16 10:09:00,0,0,0,0,0
2022-12-16 10:10:00,0,0,0,0,0
2022-12-16 10:11:00,0,0,0,0,0
2022-12-16 10:12:00,0,0,0,0,0
2022-12-16 10:13:00,0,0,0,0,0
2022-12-16 10:14:00,0,0,0,0,0
2022-12-16 10:15:00,0,0,0,0,0
2022-12-16 10:16:00,0,0,0,0,0
2022-12-16 10:17:00,0,0,0,0,0
2022-12-16 10:18:00,0,0,0,0,0
2022-12-16 10:19:00,0,0,0,0,0
2022-12-16 10:20:00,0,0,0,0,0
2022-12-16 10:21:00,0,0,0,0,0
2022-12-16 10:22:00,0,0,0,0,0
2022-12-16 10:23:00,0,0,0,0,0
2022-12-16 10:24:00,228,228,228,228,3500
2022-12-16 10:25:00,0,0,0,0,0
2022-12-16 10:26:00,0,0,0,0,0
2022-12-16 10:27:00,0,0,0,0,0
2022-12-16 10:28:00,0,0,0,0,0
2022-12-16 10:29:00,0,0,0,0,0
2022-12-16 10:30:00,0,0,0,0,0
2022-12-16 10:31:00,0,0,0,0,0
2022-12-16 10:32:00,0,0,0,0,0
2022-12-16 10:33:00,0,0,0,0,0
2022-12-16 10:34:00,0,0,0,0,0
2022-12-16 10:35:00,0,0,0,0,0
2022-12-16 10:36:00,0,0,0,0,0
2022-12-16 10:37:00,0,0,0,0,0
2022-12-16 10:38:00,0,0,0,0,0
2022-12-16 10:39:00,0,0,0,0,0
2022-12-16 10:40:00,0,0,0,0,0
2022-12-16 10:41:00,228,228,248,248,86800
2022-12-16 10:42:00,250,248,250,248,28200
2022-12-16 10:43:00,248,240,248,240,17400
2022-12-16 10:44:00,240,240,240,240,0
2022-12-16 10:45:00,0,0,0,0,0
2022-12-16 10:46:00,0,0,0,0,0
2022-12-16 10:47:00,0,0,0,0,0
2022-12-16 10:48:00,0,0,0,0,0
2022-12-16 10:49:00,0,0,0,0,0
2022-12-16 10:50:00,0,0,0,0,0
2022-12-16 10:51:00,0,0,0,0,0
2022-12-16 10:52:00,0,0,0,0,0
2022-12-16 10:53:00,0,0,0,0,0
2022-12-16 10:54:00,0,0,0,0,0
2022-12-16 10:55:00,0,0,0,0,0
2022-12-16 10:56:00,0,0,0,0,0
2022-12-16 10:57:00,0,0,0,0,0
2022-12-16 10:58:00,0,0,0,0,0
2022-12-16 10:59:00,0,0,0,0,0
2022-12-16 11:00:00,236,236,236,236,200
2022-12-16 11:01:00,0,0,0,0,0
2022-12-16 11:02:00,0,0,0,0,0
2022-12-16 11:03:00,238,238,238,238,800
2022-12-16 11:04:00,238,238,238,238,400
2022-12-16 11:05:00,0,0,0,0,0
2022-12-16 11:06:00,238,238,238,238,700
2022-12-16 11:07:00,0,0,0,0,0
2022-12-16 11:08:00,0,0,0,0,0
2022-12-16 11:09:00,0,0,0,0,0
2022-12-16 11:10:00,236,236,236,236,2100
2022-12-16 11:11:00,234,232,234,232,3000
2022-12-16 11:12:00,0,0,0,0,0
2022-12-16 11:13:00,0,0,0,0,0
2022-12-16 11:14:00,0,0,0,0,0
2022-12-16 11:15:00,0,0,0,0,0
2022-12-16 11:16:00,0,0,0,0,0
2022-12-16 11:17:00,0,0,0,0,0
2022-12-16 11:18:00,0,0,0,0,0
2022-12-16 11:19:00,0,0,0,0,0
2022-12-16 11:20:00,0,0,0,0,0
2022-12-16 11:21:00,0,0,0,0,0
2022-12-16 11:22:00,0,0,0,0,0
2022-12-16 11:23:00,0,0,0,0,0
2022-12-16 11:24:00,0,0,0,0,0
2022-12-16 11:25:00,0,0,0,0,0
2022-12-16 11:26:00,0,0,0,0,0
2022-12-16 11:27:00,0,0,0,0,0
2022-12-16 11:28:00,0,0,0,0,0
2022-12-16 11:29:00,0,0,0,0,0
2022-12-16 11:30:00,0,0,0,0,0
2022-12-16 11:31:00,0,0,0,0,0
2022-12-16 11:32:00,0,0,0,0,0
2022-12-16 11:33:00,0,0,0,0,0
2022-12-16 11:34:00,0,0,0,0,0
2022-12-16 11:35:00,0,0,0,0,0
2022-12-16 11:36:00,0,0,0,0,0
2022-12-16 11:37:00,0,0,0,0,0
2022-12-16 11:38:00,0,0,0,0,0
2022-12-16 11:39:00,0,0,0,0,0
2022-12-16 11:40:00,0,0,0,0,0
2022-12-16 11:41:00,0,0,0,0,0
2022-12-16 11:42:00,0,0,0,0,0
2022-12-16 11:43:00,0,0,0,0,0
2022-12-16 11:44:00,0,0,0,0,0
2022-12-16 11:45:00,0,0,0,0,0
2022-12-16 11:46:00,0,0,0,0,0
2022-12-16 11:47:00,0,0,0,0,0
2022-12-16 11:48:00,0,0,0,0,0
2022-12-16 11:49:00,0,0,0,0,0
2022-12-16 11:50:00,0,0,0,0,0
2022-12-16 11:51:00,0,0,0,0,0
2022-12-16 11:52:00,0,0,0,0,0
2022-12-16 11:53:00,0,0,0,0,0
2022-12-16 11:54:00,0,0,0,0,0
2022-12-16 11:55:00,0,0,0,0,0
2022-12-16 11:56:00,0,0,0,0,0
2022-12-16 11:57:00,0,0,0,0,0
2022-12-16 11:58:00,0,0,0,0,0
2022-12-16 11:59:00,0,0,0,0,0
2022-12-16 12:00:00,0,0,0,0,0
2022-12-16 12:01:00,0,0,0,0,0
2022-12-16 12:02:00,0,0,0,0,0
2022-12-16 12:03:00,0,0,0,0,0
2022-12-16 12:04:00,0,0,0,0,0
2022-12-16 12:05:00,0,0,0,0,0
2022-12-16 12:06:00,0,0,0,0,0
2022-12-16 12:07:00,0,0,0,0,0
2022-12-16 12:08:00,0,0,0,0,0
2022-12-16 12:09:00,0,0,0,0,0
2022-12-16 12:10:00,0,0,0,0,0
2022-12-16 12:11:00,0,0,0,0,0
2022-12-16 12:12:00,0,0,0,0,0
2022-12-16 12:13:00,0,0,0,0,0
2022-12-16 12:14:00,0,0,0,0,0
2022-12-16 12:15:00,0,0,0,0,0
2022-12-16 12:16:00,0,0,0,0,0
2022-12-16 12:17:00,0,0,0,0,0
2022-12-16 12:18:00,0,0,0,0,0
2022-12-16 12:19:00,0,0,0,0,0
2022-12-16 12:20:00,0,0,0,0,0
2022-12-16 12:21:00,0,0,0,0,0
2022-12-16 12:22:00,0,0,0,0,0
2022-12-16 12:23:00,0,0,0,0,0
2022-12-16 12:24:00,0,0,0,0,0
2022-12-16 12:25:00,0,0,0,0,0
2022-12-16 12:26:00,0,0,0,0,0
2022-12-16 12:27:00,0,0,0,0,0
2022-12-16 12:28:00,0,0,0,0,0
2022-12-16 12:29:00,0,0,0,0,0
2022-12-16 12:30:00,0,0,0,0,0
2022-12-16 12:31:00,0,0,0,0,0
2022-12-16 12:32:00,0,0,0,0,0
2022-12-16 12:33:00,0,0,0,0,0
2022-12-16 12:34:00,0,0,0,0,0
2022-12-16 12:35:00,0,0,0,0,0
2022-12-16 12:36:00,0,0,0,0,0
2022-12-16 12:37:00,0,0,0,0,0
2022-12-16 12:38:00,0,0,0,0,0
2022-12-16 12:39:00,0,0,0,0,0
2022-12-16 12:40:00,0,0,0,0,0
2022-12-16 12:41:00,0,0,0,0,0
2022-12-16 12:42:00,0,0,0,0,0
2022-12-16 12:43:00,0,0,0,0,0
2022-12-16 12:44:00,0,0,0,0,0
2022-12-16 12:45:00,0,0,0,0,0
2022-12-16 12:46:00,0,0,0,0,0
2022-12-16 12:47:00,0,0,0,0,0
2022-12-16 12:48:00,0,0,0,0,0
2022-12-16 12:49:00,0,0,0,0,0
2022-12-16 12:50:00,0,0,0,0,0
2022-12-16 12:51:00,0,0,0,0,0
2022-12-16 12:52:00,0,0,0,0,0
2022-12-16 12:53:00,0,0,0,0,0
2022-12-16 12:54:00,0,0,0,0,0
2022-12-16 12:55:00,0,0,0,0,0
2022-12-16 12:56:00,0,0,0,0,0
2022-12-16 12:57:00,0,0,0,0,0
2022-12-16 12:58:00,0,0,0,0,0
2022-12-16 12:59:00,0,0,0,0,0
2022-12-16 13:00:00,0,0,0,0,0
2022-12-16 13:01:00,0,0,0,0,0
2022-12-16 13:02:00,0,0,0,0,0
2022-12-16 13:03:00,0,0,0,0,0
2022-12-16 13:04:00,0,0,0,0,0
2022-12-16 13:05:00,0,0,0,0,0
2022-12-16 13:06:00,0,0,0,0,0
2022-12-16 13:07:00,0,0,0,0,0
2022-12-16 13:08:00,0,0,0,0,0
2022-12-16 13:09:00,0,0,0,0,0
2022-12-16 13:10:00,0,0,0,0,0
2022-12-16 13:11:00,0,0,0,0,0
2022-12-16 13:12:00,0,0,0,0,0
2022-12-16 13:13:00,0,0,0,0,0
2022-12-16 13:14:00,0,0,0,0,0
2022-12-16 13:15:00,0,0,0,0,0
2022-12-16 13:16:00,0,0,0,0,0
2022-12-16 13:17:00,0,0,0,0,0
2022-12-16 13:18:00,0,0,0,0,0
2022-12-16 13:19:00,0,0,0,0,0
2022-12-16 13:20:00,0,0,0,0,0
2022-12-16 13:21:00,0,0,0,0,0
2022-12-16 13:22:00,0,0,0,0,0
2022-12-16 13:23:00,0,0,0,0,0
2022-12-16 13:24:00,0,0,0,0,0
2022-12-16 13:25:00,0,0,0,0,0
2022-12-16 13:26:00,0,0,0,0,0
2022-12-16 13:27:00,0,0,0,0,0
2022-12-16 13:28:00,0,0,0,0,0
2022-12-16 13:29:00,0,0,0,0,0
2022-12-16 13:30:00,240,240,240,240,200
2022-12-16 13:31:00,0,0,0,0,0
2022-12-16 13:32:00,238,238,238,238,200
2022-12-16 13:33:00,0,0,0,0,0
2022-12-16 13:34:00,0,0,0,0,0
2022-12-16 13:35:00,0,0,0,0,0
2022-12-16 13:36:00,0,0,0,0,0
2022-12-16 13:37:00,0,0,0,0,0
2022-12-16 13:38:00,0,0,0,0,0
2022-12-16 13:39:00,0,0,0,0,0
2022-12-16 13:40:00,0,0,0,0,0
2022-12-16 13:41:00,0,0,0,0,0
2022-12-16 13:42:00,0,0,0,0,0
2022-12-16 13:43:00,0,0,0,0,0
2022-12-16 13:44:00,0,0,0,0,0
2022-12-16 13:45:00,0,0,0,0,0
2022-12-16 13:46:00,238,238,238,238,200
2022-12-16 13:47:00,0,0,0,0,0
2022-12-16 13:48:00,0,0,0,0,0
2022-12-16 13:49:00,0,0,0,0,0
2022-12-16 13:50:00,0,0,0,0,0
2022-12-16 13:51:00,0,0,0,0,0
2022-12-16 13:52:00,236,236,236,236,300
2022-12-16 13:53:00,0,0,0,0,0
2022-12-16 13:54:00,0,0,0,0,0
2022-12-16 13:55:00,236,236,236,236,200
2022-12-16 13:56:00,0,0,0,0,0
2022-12-16 13:57:00,0,0,0,0,0
2022-12-16 13:58:00,0,0,0,0,0
2022-12-16 13:59:00,236,236,236,236,100
2022-12-16 14:00:00,0,0,0,0,0
2022-12-16 14:01:00,0,0,0,0,0
2022-12-16 14:02:00,0,0,0,0,0
2022-12-16 14:03:00,0,0,0,0,0
2022-12-16 14:04:00,0,0,0,0,0
2022-12-16 14:05:00,0,0,0,0,0
2022-12-16 14:06:00,0,0,0,0,0
2022-12-16 14:07:00,0,0,0,0,0
2022-12-16 14:08:00,0,0,0,0,0
2022-12-16 14:09:00,0,0,0,0,0
2022-12-16 14:10:00,0,0,0,0,0
2022-12-16 14:11:00,0,0,0,0,0
2022-12-16 14:12:00,0,0,0,0,0
2022-12-16 14:13:00,0,0,0,0,0
2022-12-16 14:14:00,0,0,0,0,0
2022-12-16 14:15:00,0,0,0,0,0
2022-12-16 14:16:00,0,0,0,0,0
2022-12-16 14:17:00,0,0,0,0,0
2022-12-16 14:18:00,238,238,238,238,1000
2022-12-16 14:19:00,0,0,0,0,0
2022-12-16 14:20:00,0,0,0,0,0
2022-12-16 14:21:00,0,0,0,0,0
2022-12-16 14:22:00,0,0,0,0,0
2022-12-16 14:23:00,0,0,0,0,0
2022-12-16 14:24:00,0,0,0,0,0
2022-12-16 14:25:00,0,0,0,0,0
2022-12-16 14:26:00,0,0,0,0,0
2022-12-16 14:27:00,0,0,0,0,0
2022-12-16 14:28:00,0,0,0,0,0
2022-12-16 14:29:00,0,0,0,0,0
2022-12-16 14:30:00,0,0,0,0,0
2022-12-16 14:31:00,0,0,0,0,0
2022-12-16 14:32:00,0,0,0,0,0
2022-12-16 14:33:00,0,0,0,0,0
2022-12-16 14:34:00,0,0,0,0,0
2022-12-16 14:35:00,0,0,0,0,0
2022-12-16 14:36:00,0,0,0,0,0
2022-12-16 14:37:00,0,0,0,0,0
2022-12-16 14:38:00,0,0,0,0,0
2022-12-16 14:39:00,0,0,0,0,0
2022-12-16 14:40:00,0,0,0,0,0
2022-12-16 14:41:00,0,0,0,0,0
2022-12-16 14:42:00,0,0,0,0,0
2022-12-16 14:43:00,0,0,0,0,0
2022-12-16 14:44:00,0,0,0,0,0
2022-12-16 14:45:00,0,0,0,0,0
2022-12-16 14:46:00,234,234,234,234,173500
2022-12-16 14:47:00,0,0,0,0,0
2022-12-16 14:48:00,0,0,0,0,0
2022-12-16 14:49:00,0,0,0,0,0
2022-12-16 14:50:00,0,0,0,0,0
2022-12-16 14:51:00,0,0,0,0,0
2022-12-16 14:52:00,0,0,0,0,0
2022-12-16 14:53:00,0,0,0,0,0
2022-12-16 14:54:00,0,0,0,0,0
2022-12-16 14:55:00,0,0,0,0,0
2022-12-16 14:56:00,0,0,0,0,0
2022-12-16 14:57:00,0,0,0,0,0
2022-12-16 14:58:00,0,0,0,0,0
2022-12-16 14:59:00,0,0,0,0,0
2022-12-16 15:00:00,0,0,0,0,0
2022-12-16 15:01:00,0,0,0,0,0
2022-12-16 15:02:00,0,0,0,0,0
2022-12-16 15:03:00,0,0,0,0,0
2022-12-16 15:04:00,0,0,0,0,0
2022-12-16 15:05:00,0,0,0,0,0
2022-12-16 15:06:00,0,0,0,0,0
2022-12-16 15:07:00,0,0,0,0,0
2022-12-16 15:08:00,0,0,0,0,0
2022-12-16 15:09:00,0,0,0,0,0
2022-12-16 15:10:00,0,0,0,0,0
2022-12-16 15:11:00,0,0,0,0,0
2022-12-16 15:12:00,0,0,0,0,0
2022-12-16 15:13:00,0,0,0,0,0
2022-12-16 15:14:00,0,0,0,0,0
2022-12-16 15:15:00,0,0,0,0,0
2022-12-16 15:16:00,0,0,0,0,0
2022-12-16 15:17:00,0,0,0,0,0
2022-12-16 15:18:00,0,0,0,0,0
2022-12-16 15:19:00,0,0,0,0,0
2022-12-16 15:20:00,0,0,0,0,0
2022-12-16 15:21:00,0,0,0,0,0
2022-12-16 15:22:00,0,0,0,0,0
2022-12-16 15:23:00,0,0,0,0,0
2022-12-16 15:24:00,0,0,0,0,0
2022-12-16 15:25:00,0,0,0,0,0
2022-12-16 15:26:00,0,0,0,0,0
2022-12-16 15:27:00,0,0,0,0,0
2022-12-16 15:28:00,0,0,0,0,0
2022-12-16 15:29:00,0,0,0,0,0
2022-12-16 15:30:00,0,0,0,0,0
2022-12-16 15:31:00,0,0,0,0,0
2022-12-16 15:32:00,0,0,0,0,0
2022-12-16 15:33:00,0,0,0,0,0
2022-12-16 15:34:00,0,0,0,0,0
2022-12-16 15:35:00,0,0,0,0,0
2022-12-16 15:36:00,0,0,0,0,0
2022-12-16 15:37:00,0,0,0,0,0
2022-12-16 15:38:00,0,0,0,0,0
2022-12-16 15:39:00,0,0,0,0,0
2022-12-16 15:40:00,0,0,0,0,0
2022-12-16 15:41:00,0,0,0,0,0
2022-12-16 15:42:00,0,0,0,0,0
2022-12-16 15:43:00,0,0,0,0,0
2022-12-16 15:44:00,0,0,0,0,0
2022-12-16 15:45:00,0,0,0,0,0
2022-12-16 15:46:00,0,0,0,0,0
2022-12-16 15:47:00,0,0,0,0,0
2022-12-16 15:48:00,0,0,0,0,0
2022-12-16 15:49:00,0,0,0,0,0
2022-12-16 15:50:00,0,0,0,0,0
2022-12-16 15:51:00,0,0,0,0,0
2022-12-16 15:52:00,0,0,0,0,0
2022-12-16 15:53:00,0,0,0,0,0
2022-12-16 15:54:00,0,0,0,0,0
2022-12-16 15:55:00,0,0,0,0,0
2022-12-16 15:56:00,0,0,0,0,0
2022-12-16 15:57:00,0,0,0,0,0
2022-12-16 15:58:00,0,0,0,0,0
2022-12-16 15:59:00,0,0,0,0,0
2022-12-19 09:00:00,0,0,0,0,0
2022-12-19 09:01:00,0,0,0,0,0
2022-12-19 09:02:00,238,238,238,238,0
2022-12-19 09:03:00,0,0,0,0,0
2022-12-19 09:04:00,0,0,0,0,0
2022-12-19 09:05:00,0,0,0,0,0
2022-12-19 09:06:00,0,0,0,0,0
2022-12-19 09:07:00,0,0,0,0,0
2022-12-19 09:08:00,0,0,0,0,0
2022-12-19 09:09:00,0,0,0,0,0
2022-12-19 09:10:00,0,0,0,0,0
2022-12-19 09:11:00,0,0,0,0,0
2022-12-19 09:12:00,0,0,0,0,0
2022-12-19 09:13:00,0,0,0,0,0
2022-12-19 09:14:00,0,0,0,0,0
2022-12-19 09:15:00,0,0,0,0,0
2022-12-19 09:16:00,0,0,0,0,0
2022-12-19 09:17:00,0,0,0,0,0
2022-12-19 09:18:00,0,0,0,0,0
2022-12-19 09:19:00,0,0,0,0,0
2022-12-19 09:20:00,0,0,0,0,0
2022-12-19 09:21:00,0,0,0,0,0
2022-12-19 09:22:00,0,0,0,0,0
2022-12-19 09:23:00,0,0,0,0,0
2022-12-19 09:24:00,0,0,0,0,0
2022-12-19 09:25:00,0,0,0,0,0
2022-12-19 09:26:00,0,0,0,0,0
2022-12-19 09:27:00,0,0,0,0,0
2022-12-19 09:28:00,0,0,0,0,0
2022-12-19 09:29:00,0,0,0,0,0
2022-12-19 09:30:00,0,0,0,0,0
2022-12-19 09:31:00,0,0,0,0,0
2022-12-19 09:32:00,0,0,0,0,0
2022-12-19 09:33:00,0,0,0,0,0
2022-12-19 09:34:00,0,0,0,0,0
2022-12-19 09:35:00,0,0,0,0,0
2022-12-19 09:36:00,0,0,0,0,0
2022-12-19 09:37:00,0,0,0,0,0
2022-12-19 09:38:00,0,0,0,0,0
2022-12-19 09:39:00,230,230,230,230,200
2022-12-19 09:40:00,0,0,0,0,0
2022-12-19 09:41:00,230,230,230,230,0
2022-12-19 09:42:00,0,0,0,0,0
2022-12-19 09:43:00,0,0,0,0,0
2022-12-19 09:44:00,0,0,0,0,0
2022-12-19 09:45:00,0,0,0,0,0
2022-12-19 09:46:00,0,0,0,0,0
2022-12-19 09:47:00,0,0,0,0,0
2022-12-19 09:48:00,0,0,0,0,0
2022-12-19 09:49:00,0,0,0,0,0
2022-12-19 09:50:00,0,0,0,0,0
2022-12-19 09:51:00,0,0,0,0,0
2022-12-19 09:52:00,230,230,230,230,1000
2022-12-19 09:53:00,0,0,0,0,0
2022-12-19 09:54:00,0,0,0,0,0
2022-12-19 09:55:00,0,0,0,0,0
2022-12-19 09:56:00,0,0,0,0,0
2022-12-19 09:57:00,0,0,0,0,0
2022-12-19 09:58:00,0,0,0,0,0
2022-12-19 09:59:00,0,0,0,0,0
2022-12-19 10:00:00,0,0,0,0,0
2022-12-19 10:01:00,0,0,0,0,0
2022-12-19 10:02:00,0,0,0,0,0
2022-12-19 10:03:00,0,0,0,0,0
2022-12-19 10:04:00,0,0,0,0,0
2022-12-19 10:05:00,0,0,0,0,0
2022-12-19 10:06:00,0,0,0,0,0
2022-12-19 10:07:00,0,0,0,0,0
2022-12-19 10:08:00,0,0,0,0,0
2022-12-19 10:09:00,0,0,0,0,0
2022-12-19 10:10:00,0,0,0,0,0
2022-12-19 10:11:00,0,0,0,0,0
2022-12-19 10:12:00,0,0,0,0,0
2022-12-19 10:13:00,0,0,0,0,0
2022-12-19 10:14:00,0,0,0,0,0
2022-12-19 10:15:00,0,0,0,0,0
2022-12-19 10:16:00,0,0,0,0,0
2022-12-19 10:17:00,0,0,0,0,0
2022-12-19 10:18:00,0,0,0,0,0
2022-12-19 10:19:00,0,0,0,0,0
2022-12-19 10:20:00,0,0,0,0,0
2022-12-19 10:21:00,0,0,0,0,0
2022-12-19 10:22:00,0,0,0,0,0
2022-12-19 10:23:00,0,0,0,0,0
2022-12-19 10:24:00,0,0,0,0,0
2022-12-19 10:25:00,0,0,0,0,0
2022-12-19 10:26:00,0,0,0,0,0
2022-12-19 10:27:00,0,0,0,0,0
2022-12-19 10:28:00,0,0,0,0,0
2022-12-19 10:29:00,0,0,0,0,0
2022-12-19 10:30:00,0,0,0,0,0
2022-12-19 10:31:00,0,0,0,0,0
2022-12-19 10:32:00,0,0,0,0,0
2022-12-19 10:33:00,0,0,0,0,0
2022-12-19 10:34:00,0,0,0,0,0
2022-12-19 10:35:00,0,0,0,0,0
2022-12-19 10:36:00,0,0,0,0,0
2022-12-19 10:37:00,0,0,0,0,0
2022-12-19 10:38:00,0,0,0,0,0
2022-12-19 10:39:00,0,0,0,0,0
2022-12-19 10:40:00,0,0,0,0,0
2022-12-19 10:41:00,0,0,0,0,0
2022-12-19 10:42:00,0,0,0,0,0
2022-12-19 10:43:00,0,0,0,0,0
2022-12-19 10:44:00,0,0,0,0,0
2022-12-19 10:45:00,0,0,0,0,0
2022-12-19 10:46:00,0,0,0,0,0
2022-12-19 10:47:00,0,0,0,0,0
2022-12-19 10:48:00,0,0,0,0,0
2022-12-19 10:49:00,0,0,0,0,0
2022-12-19 10:50:00,0,0,0,0,0
2022-12-19 10:51:00,0,0,0,0,0
2022-12-19 10:52:00,0,0,0,0,0
2022-12-19 10:53:00,0,0,0,0,0
2022-12-19 10:54:00,0,0,0,0,0
2022-12-19 10:55:00,0,0,0,0,0
2022-12-19 10:56:00,0,0,0,0,0
2022-12-19 10:57:00,0,0,0,0,0
2022-12-19 10:58:00,0,0,0,0,0
2022-12-19 10:59:00,0,0,0,0,0
2022-12-19 11:00:00,0,0,0,0,0
2022-12-19 11:01:00,0,0,0,0,0
2022-12-19 11:02:00,0,0,0,0,0
2022-12-19 11:03:00,0,0,0,0,0
2022-12-19 11:04:00,230,230,230,230,2500
2022-12-19 11:05:00,0,0,0,0,0
2022-12-19 11:06:00,0,0,0,0,0
2022-12-19 11:07:00,0,0,0,0,0
2022-12-19 11:08:00,0,0,0,0,0
2022-12-19 11:09:00,0,0,0,0,0
2022-12-19 11:10:00,0,0,0,0,0
2022-12-19 11:11:00,0,0,0,0,0
2022-12-19 11:12:00,232,232,232,232,400
2022-12-19 11:12:27,232,232,232,232,0
2022-12-19 11:13:00,0,0,0,0,0
2022-12-19 11:14:00,0,0,0,0,0
2022-12-19 11:15:00,0,0,0,0,0
2022-12-19 11:16:00,0,0,0,0,0
2022-12-19 11:17:00,0,0,0,0,0
2022-12-19 11:18:00,0,0,0,0,0
2022-12-19 11:19:00,0,0,0,0,0
2022-12-19 11:20:00,0,0,0,0,0
2022-12-19 11:21:00,0,0,0,0,0
2022-12-19 11:22:00,0,0,0,0,0
2022-12-19 11:23:00,0,0,0,0,0
2022-12-19 11:24:00,0,0,0,0,0
2022-12-19 11:25:00,0,0,0,0,0
2022-12-19 11:26:00,0,0,0,0,0
2022-12-19 11:27:00,0,0,0,0,0
2022-12-19 11:28:00,0,0,0,0,0
2022-12-19 11:29:00,0,0,0,0,0
2022-12-19 11:30:00,0,0,0,0,0
2022-12-19 11:31:00,0,0,0,0,0
2022-12-19 11:32:00,0,0,0,0,0
2022-12-19 11:33:00,0,0,0,0,0
2022-12-19 11:34:00,0,0,0,0,0
2022-12-19 11:35:00,0,0,0,0,0
2022-12-19 11:36:00,0,0,0,0,0
2022-12-19 11:37:00,0,0,0,0,0
2022-12-19 11:38:00,0,0,0,0,0
2022-12-19 11:39:00,0,0,0,0,0
2022-12-19 11:40:00,0,0,0,0,0
2022-12-19 11:41:00,0,0,0,0,0
2022-12-19 11:42:00,0,0,0,0,0
2022-12-19 11:43:00,0,0,0,0,0
2022-12-19 11:44:00,0,0,0,0,0
2022-12-19 11:45:00,0,0,0,0,0
2022-12-19 11:46:00,0,0,0,0,0
2022-12-19 11:47:00,0,0,0,0,0
2022-12-19 11:48:00,0,0,0,0,0
2022-12-19 11:49:00,0,0,0,0,0
2022-12-19 11:50:00,0,0,0,0,0
2022-12-19 11:51:00,0,0,0,0,0
2022-12-19 11:52:00,0,0,0,0,0
2022-12-19 11:53:00,0,0,0,0,0
2022-12-19 11:54:00,0,0,0,0,0
2022-12-19 11:55:00,0,0,0,0,0
2022-12-19 11:56:00,0,0,0,0,0
2022-12-19 11:57:00,0,0,0,0,0
2022-12-19 11:58:00,0,0,0,0,0
2022-12-19 11:59:00,0,0,0,0,0
2022-12-19 12:00:00,0,0,0,0,0
2022-12-19 12:01:00,0,0,0,0,0
2022-12-19 12:02:00,0,0,0,0,0
2022-12-19 12:03:00,0,0,0,0,0
2022-12-19 12:04:00,0,0,0,0,0
2022-12-19 12:05:00,0,0,0,0,0
2022-12-19 12:06:00,0,0,0,0,0
2022-12-19 12:07:00,0,0,0,0,0
2022-12-19 12:08:00,0,0,0,0,0
2022-12-19 12:09:00,0,0,0,0,0
2022-12-19 12:10:00,0,0,0,0,0
2022-12-19 12:11:00,0,0,0,0,0
2022-12-19 12:12:00,0,0,0,0,0
2022-12-19 12:13:00,0,0,0,0,0
2022-12-19 12:14:00,0,0,0,0,0
2022-12-19 12:15:00,0,0,0,0,0
2022-12-19 12:16:00,0,0,0,0,0
2022-12-19 12:17:00,0,0,0,0,0
2022-12-19 12:18:00,0,0,0,0,0
2022-12-19 12:19:00,0,0,0,0,0
2022-12-19 12:20:00,0,0,0,0,0
2022-12-19 12:21:00,0,0,0,0,0
2022-12-19 12:22:00,0,0,0,0,0
2022-12-19 12:23:00,0,0,0,0,0
2022-12-19 12:24:00,0,0,0,0,0
2022-12-19 12:25:00,0,0,0,0,0
2022-12-19 12:26:00,0,0,0,0,0
2022-12-19 12:27:00,0,0,0,0,0
2022-12-19 12:28:00,0,0,0,0,0
2022-12-19 12:29:00,0,0,0,0,0
2022-12-19 12:30:00,0,0,0,0,0
2022-12-19 12:31:00,0,0,0,0,0
2022-12-19 12:32:00,0,0,0,0,0
2022-12-19 12:33:00,0,0,0,0,0
2022-12-19 12:34:00,0,0,0,0,0
2022-12-19 12:35:00,0,0,0,0,0
2022-12-19 12:36:00,0,0,0,0,0
2022-12-19 12:37:00,0,0,0,0,0
2022-12-19 12:38:00,0,0,0,0,0
2022-12-19 12:39:00,0,0,0,0,0
2022-12-19 12:40:00,0,0,0,0,0
2022-12-19 12:41:00,0,0,0,0,0
2022-12-19 12:42:00,0,0,0,0,0
2022-12-19 12:43:00,0,0,0,0,0
2022-12-19 12:44:00,0,0,0,0,0
2022-12-19 12:45:00,0,0,0,0,0
2022-12-19 12:46:00,0,0,0,0,0
2022-12-19 12:47:00,0,0,0,0,0
2022-12-19 12:48:00,0,0,0,0,0
2022-12-19 12:49:00,0,0,0,0,0
2022-12-19 12:50:00,0,0,0,0,0
2022-12-19 12:51:00,0,0,0,0,0
2022-12-19 12:52:00,0,0,0,0,0
2022-12-19 12:53:00,0,0,0,0,0
2022-12-19 12:54:00,0,0,0,0,0
2022-12-19 12:55:00,0,0,0,0,0
2022-12-19 12:56:00,0,0,0,0,0
2022-12-19 12:57:00,0,0,0,0,0
2022-12-19 12:58:00,0,0,0,0,0
2022-12-19 12:59:00,0,0,0,0,0
2022-12-19 13:00:00,0,0,0,0,0
2022-12-19 13:01:00,0,0,0,0,0
2022-12-19 13:02:00,0,0,0,0,0
2022-12-19 13:03:00,0,0,0,0,0
2022-12-19 13:04:00,0,0,0,0,0
2022-12-19 13:05:00,0,0,0,0,0
2022-12-19 13:06:00,0,0,0,0,0
2022-12-19 13:07:00,0,0,0,0,0
2022-12-19 13:08:00,0,0,0,0,0
2022-12-19 13:09:00,0,0,0,0,0
2022-12-19 13:10:00,0,0,0,0,0
2022-12-19 13:11:00,0,0,0,0,0
2022-12-19 13:12:00,0,0,0,0,0
2022-12-19 13:13:00,0,0,0,0,0
2022-12-19 13:14:00,0,0,0,0,0
2022-12-19 13:15:00,0,0,0,0,0
2022-12-19 13:16:00,0,0,0,0,0
2022-12-19 13:17:00,0,0,0,0,0
2022-12-19 13:18:00,0,0,0,0,0
2022-12-19 13:19:00,0,0,0,0,0
2022-12-19 13:20:00,0,0,0,0,0
2022-12-19 13:21:00,0,0,0,0,0
2022-12-19 13:22:00,0,0,0,0,0
2022-12-19 13:23:00,0,0,0,0,0
2022-12-19 13:24:00,0,0,0,0,0
2022-12-19 13:25:00,0,0,0,0,0
2022-12-19 13:26:00,0,0,0,0,0
2022-12-19 13:27:00,0,0,0,0,0
2022-12-19 13:28:00,0,0,0,0,0
2022-12-19 13:29:00,0,0,0,0,0
2022-12-19 13:30:00,0,0,0,0,0
2022-12-19 13:31:00,0,0,0,0,0
2022-12-19 13:32:00,0,0,0,0,0
2022-12-19 13:33:00,0,0,0,0,0
2022-12-19 13:34:00,0,0,0,0,0
2022-12-19 13:35:00,0,0,0,0,0
2022-12-19 13:36:00,0,0,0,0,0
2022-12-19 13:37:00,0,0,0,0,0
2022-12-19 13:38:00,0,0,0,0,0
2022-12-19 13:39:00,0,0,0,0,0
2022-12-19 13:40:00,0,0,0,0,0
2022-12-19 13:41:00,0,0,0,0,0
2022-12-19 13:42:00,0,0,0,0,0
2022-12-19 13:43:00,0,0,0,0,0
2022-12-19 13:44:00,0,0,0,0,0
2022-12-19 13:45:00,0,0,0,0,0
2022-12-19 13:46:00,232,230,232,230,9400
2022-12-19 13:47:00,0,0,0,0,0
2022-12-19 13:48:00,0,0,0,0,0
2022-12-19 13:49:00,0,0,0,0,0
2022-12-19 13:50:00,0,0,0,0,0
2022-12-19 13:51:00,0,0,0,0,0
2022-12-19 13:52:00,0,0,0,0,0
2022-12-19 13:53:00,0,0,0,0,0
2022-12-19 13:54:00,0,0,0,0,0
2022-12-19 13:55:00,0,0,0,0,0
2022-12-19 13:56:00,0,0,0,0,0
2022-12-19 13:57:00,0,0,0,0,0
2022-12-19 13:58:00,0,0,0,0,0
2022-12-19 13:59:00,0,0,0,0,0
2022-12-19 14:00:00,0,0,0,0,0
2022-12-19 14:01:00,230,230,230,230,300
2022-12-19 14:02:00,0,0,0,0,0
2022-12-19 14:03:00,0,0,0,0,0
2022-12-19 14:04:00,0,0,0,0,0
2022-12-19 14:05:00,0,0,0,0,0
2022-12-19 14:06:00,0,0,0,0,0
2022-12-19 14:07:00,0,0,0,0,0
2022-12-19 14:08:00,0,0,0,0,0
2022-12-19 14:09:00,0,0,0,0,0
2022-12-19 14:10:00,0,0,0,0,0
2022-12-19 14:11:00,0,0,0,0,0
2022-12-19 14:12:00,0,0,0,0,0
2022-12-19 14:13:00,0,0,0,0,0
2022-12-19 14:14:00,0,0,0,0,0
2022-12-19 14:15:00,0,0,0,0,0
2022-12-19 14:16:00,0,0,0,0,0
2022-12-19 14:17:00,0,0,0,0,0
2022-12-19 14:18:00,0,0,0,0,0
2022-12-19 14:19:00,0,0,0,0,0
2022-12-19 14:20:00,0,0,0,0,0
2022-12-19 14:21:00,0,0,0,0,0
2022-12-19 14:22:00,0,0,0,0,0
2022-12-19 14:23:00,0,0,0,0,0
2022-12-19 14:24:00,232,232,232,232,100
2022-12-19 14:25:00,0,0,0,0,0
2022-12-19 14:26:00,0,0,0,0,0
2022-12-19 14:27:00,0,0,0,0,0
2022-12-19 14:28:00,0,0,0,0,0
2022-12-19 14:29:00,0,0,0,0,0
2022-12-19 14:30:00,0,0,0,0,0
2022-12-19 14:31:00,0,0,0,0,0
2022-12-19 14:32:00,0,0,0,0,0
2022-12-19 14:33:00,0,0,0,0,0
2022-12-19 14:34:00,0,0,0,0,0
2022-12-19 14:35:00,0,0,0,0,0
2022-12-19 14:36:00,0,0,0,0,0
2022-12-19 14:37:00,0,0,0,0,0
2022-12-19 14:38:00,0,0,0,0,0
2022-12-19 14:39:00,0,0,0,0,0
2022-12-19 14:40:00,0,0,0,0,0
2022-12-19 14:41:00,0,0,0,0,0
2022-12-19 14:42:00,0,0,0,0,0
2022-12-19 14:43:00,0,0,0,0,0
2022-12-19 14:44:00,0,0,0,0,0
2022-12-19 14:45:00,0,0,0,0,0
2022-12-19 14:46:00,230,230,230,230,200
2022-12-19 14:47:00,236,236,236,236,0
2022-12-19 14:48:00,0,0,0,0,0
2022-12-19 14:49:00,0,0,0,0,0
2022-12-19 14:50:00,0,0,0,0,0
2022-12-19 14:51:00,0,0,0,0,0
2022-12-19 14:52:00,0,0,0,0,0
2022-12-19 14:53:00,0,0,0,0,0
2022-12-19 14:54:00,0,0,0,0,0
2022-12-19 14:55:00,0,0,0,0,0
2022-12-19 14:56:00,0,0,0,0,0
2022-12-19 14:57:00,0,0,0,0,0
2022-12-19 14:58:00,0,0,0,0,0
2022-12-19 14:59:00,0,0,0,0,0
2022-12-19 15:00:00,236,236,236,236,14300
2022-12-19 15:01:00,0,0,0,0,0
2022-12-19 15:02:00,0,0,0,0,0
2022-12-19 15:03:00,0,0,0,0,0
2022-12-19 15:04:00,0,0,0,0,0
2022-12-19 15:05:00,0,0,0,0,0
2022-12-19 15:06:00,0,0,0,0,0
2022-12-19 15:07:00,0,0,0,0,0
2022-12-19 15:08:00,0,0,0,0,0
2022-12-19 15:09:00,0,0,0,0,0
2022-12-19 15:10:00,0,0,0,0,0
2022-12-19 15:11:00,0,0,0,0,0
2022-12-19 15:12:00,0,0,0,0,0
2022-12-19 15:13:00,0,0,0,0,0
2022-12-19 15:14:00,0,0,0,0,0
2022-12-19 15:15:00,0,0,0,0,0
2022-12-19 15:16:00,0,0,0,0,0
2022-12-19 15:17:00,0,0,0,0,0
2022-12-19 15:18:00,0,0,0,0,0
2022-12-19 15:19:00,0,0,0,0,0
2022-12-19 15:20:00,0,0,0,0,0
2022-12-19 15:21:00,0,0,0,0,0
2022-12-19 15:22:00,0,0,0,0,0
2022-12-19 15:23:00,0,0,0,0,0
2022-12-19 15:24:00,0,0,0,0,0
2022-12-19 15:25:00,0,0,0,0,0
2022-12-19 15:26:00,0,0,0,0,0
2022-12-19 15:27:00,0,0,0,0,0
2022-12-19 15:28:00,0,0,0,0,0
2022-12-19 15:29:00,0,0,0,0,0
2022-12-19 15:30:00,0,0,0,0,0
2022-12-19 15:31:00,0,0,0,0,0
2022-12-19 15:32:00,0,0,0,0,0
2022-12-19 15:33:00,0,0,0,0,0
2022-12-19 15:34:00,0,0,0,0,0
2022-12-19 15:35:00,0,0,0,0,0
2022-12-19 15:36:00,0,0,0,0,0
2022-12-19 15:37:00,0,0,0,0,0
2022-12-19 15:38:00,0,0,0,0,0
2022-12-19 15:39:00,0,0,0,0,0
2022-12-19 15:40:00,0,0,0,0,0
2022-12-19 15:41:00,0,0,0,0,0
2022-12-19 15:42:00,0,0,0,0,0
2022-12-19 15:43:00,0,0,0,0,0
2022-12-19 15:44:00,0,0,0,0,0
2022-12-19 15:45:00,0,0,0,0,0
2022-12-19 15:46:00,0,0,0,0,0
2022-12-19 15:47:00,0,0,0,0,0
2022-12-19 15:48:00,0,0,0,0,0
2022-12-19 15:49:00,0,0,0,0,0
2022-12-19 15:50:00,0,0,0,0,0
2022-12-19 15:51:00,0,0,0,0,0
2022-12-19 15:52:00,0,0,0,0,0
2022-12-19 15:53:00,0,0,0,0,0
2022-12-19 15:54:00,0,0,0,0,0
2022-12-19 15:55:00,0,0,0,0,0
2022-12-19 15:56:00,0,0,0,0,0
2022-12-19 15:57:00,0,0,0,0,0
2022-12-19 15:58:00,0,0,0,0,0
2022-12-19 15:59:00,0,0,0,0,0
2022-12-20 09:00:00,0,0,0,0,0
2022-12-20 09:01:00,0,0,0,0,0
2022-12-20 09:02:00,0,0,0,0,0
2022-12-20 09:03:00,0,0,0,0,0
2022-12-20 09:04:00,0,0,0,0,0
2022-12-20 09:05:00,0,0,0,0,0
2022-12-20 09:06:00,0,0,0,0,0
2022-12-20 09:07:00,0,0,0,0,0
2022-12-20 09:08:00,0,0,0,0,0
2022-12-20 09:09:00,0,0,0,0,0
2022-12-20 09:10:00,0,0,0,0,0
2022-12-20 09:11:00,0,0,0,0,0
2022-12-20 09:12:00,0,0,0,0,0
2022-12-20 09:13:00,0,0,0,0,0
2022-12-20 09:14:00,0,0,0,0,0
2022-12-20 09:15:00,0,0,0,0,0
2022-12-20 09:16:00,0,0,0,0,0
2022-12-20 09:17:00,0,0,0,0,0
2022-12-20 09:18:00,0,0,0,0,0
2022-12-20 09:19:00,0,0,0,0,0
2022-12-20 09:20:00,0,0,0,0,0
2022-12-20 09:21:00,0,0,0,0,0
2022-12-20 09:22:00,0,0,0,0,0
2022-12-20 09:23:00,0,0,0,0,0
2022-12-20 09:24:00,0,0,0,0,0
2022-12-20 09:25:00,0,0,0,0,0
2022-12-20 09:26:00,0,0,0,0,0
2022-12-20 09:27:00,0,0,0,0,0
2022-12-20 09:28:00,0,0,0,0,0
2022-12-20 09:29:00,0,0,0,0,0
2022-12-20 09:30:00,0,0,0,0,0
2022-12-20 09:31:00,0,0,0,0,0
2022-12-20 09:32:00,0,0,0,0,0
2022-12-20 09:33:00,0,0,0,0,0
2022-12-20 09:34:00,0,0,0,0,0
2022-12-20 09:35:00,0,0,0,0,0
2022-12-20 09:36:00,0,0,0,0,0
2022-12-20 09:37:00,0,0,0,0,0
2022-12-20 09:38:00,0,0,0,0,0
2022-12-20 09:39:00,0,0,0,0,0
2022-12-20 09:40:00,0,0,0,0,0
2022-12-20 09:41:00,0,0,0,0,0
2022-12-20 09:42:00,234,234,234,234,0
2022-12-20 09:43:00,0,0,0,0,0
2022-12-20 09:44:00,0,0,0,0,0
2022-12-20 09:45:00,0,0,0,0,0
2022-12-20 09:46:00,0,0,0,0,0
2022-12-20 09:47:00,0,0,0,0,0
2022-12-20 09:48:00,0,0,0,0,0
2022-12-20 09:49:00,0,0,0,0,0
2022-12-20 09:50:00,0,0,0,0,0
2022-12-20 09:51:00,0,0,0,0,0
2022-12-20 09:52:00,0,0,0,0,0
2022-12-20 09:53:00,0,0,0,0,0
2022-12-20 09:54:00,0,0,0,0,0
2022-12-20 09:55:00,0,0,0,0,0
2022-12-20 09:56:00,234,234,234,234,500
2022-12-20 09:57:00,0,0,0,0,0
2022-12-20 09:58:00,0,0,0,0,0
2022-12-20 09:59:00,0,0,0,0,0
2022-12-20 10:00:00,0,0,0,0,0
2022-12-20 10:01:00,232,232,232,232,2000
2022-12-20 10:02:00,0,0,0,0,0
2022-12-20 10:03:00,0,0,0,0,0
2022-12-20 10:04:00,236,236,236,236,0
2022-12-20 10:05:00,230,230,230,230,900
2022-12-20 10:06:00,0,0,0,0,0
2022-12-20 10:07:00,0,0,0,0,0
2022-12-20 10:08:00,0,0,0,0,0
2022-12-20 10:09:00,0,0,0,0,0
2022-12-20 10:10:00,0,0,0,0,0
2022-12-20 10:11:00,0,0,0,0,0
2022-12-20 10:12:00,0,0,0,0,0
2022-12-20 10:13:00,0,0,0,0,0
2022-12-20 10:14:00,0,0,0,0,0
2022-12-20 10:15:00,0,0,0,0,0
2022-12-20 10:16:00,0,0,0,0,0
2022-12-20 10:17:00,0,0,0,0,0
2022-12-20 10:18:00,0,0,0,0,0
2022-12-20 10:19:00,0,0,0,0,0
2022-12-20 10:20:00,0,0,0,0,0
2022-12-20 10:21:00,0,0,0,0,0
2022-12-20 10:22:00,0,0,0,0,0
2022-12-20 10:23:00,0,0,0,0,0
2022-12-20 10:24:00,0,0,0,0,0
2022-12-20 10:25:00,0,0,0,0,0
2022-12-20 10:26:00,0,0,0,0,0
2022-12-20 10:27:00,0,0,0,0,0
2022-12-20 10:28:00,0,0,0,0,0
2022-12-20 10:29:00,0,0,0,0,0
2022-12-20 10:30:00,0,0,0,0,0
2022-12-20 10:31:00,0,0,0,0,0
2022-12-20 10:32:00,0,0,0,0,0
2022-12-20 10:33:00,236,236,236,236,100
2022-12-20 10:34:00,0,0,0,0,0
2022-12-20 10:35:00,0,0,0,0,0
2022-12-20 10:36:00,0,0,0,0,0
2022-12-20 10:37:00,0,0,0,0,0
2022-12-20 10:38:00,0,0,0,0,0
2022-12-20 10:39:00,0,0,0,0,0
2022-12-20 10:40:00,0,0,0,0,0
2022-12-20 10:41:00,0,0,0,0,0
2022-12-20 10:42:00,0,0,0,0,0
2022-12-20 10:43:00,0,0,0,0,0
2022-12-20 10:44:00,0,0,0,0,0
2022-12-20 10:45:00,0,0,0,0,0
2022-12-20 10:46:00,0,0,0,0,0
2022-12-20 10:47:00,0,0,0,0,0
2022-12-20 10:48:00,0,0,0,0,0
2022-12-20 10:49:00,0,0,0,0,0
2022-12-20 10:50:00,0,0,0,0,0
2022-12-20 10:51:00,0,0,0,0,0
2022-12-20 10:52:00,0,0,0,0,0
2022-12-20 10:53:00,0,0,0,0,0
2022-12-20 10:54:00,0,0,0,0,0
2022-12-20 10:55:00,0,0,0,0,0
2022-12-20 10:56:00,0,0,0,0,0
2022-12-20 10:57:00,0,0,0,0,0
2022-12-20 10:58:00,0,0,0,0,0
2022-12-20 10:59:00,0,0,0,0,0
2022-12-20 11:00:00,0,0,0,0,0
2022-12-20 11:01:00,0,0,0,0,0
2022-12-20 11:02:00,0,0,0,0,0
2022-12-20 11:03:00,0,0,0,0,0
2022-12-20 11:04:00,0,0,0,0,0
2022-12-20 11:05:00,0,0,0,0,0
2022-12-20 11:06:00,0,0,0,0,0
2022-12-20 11:07:00,230,230,230,230,5500
2022-12-20 11:08:00,0,0,0,0,0
2022-12-20 11:09:00,0,0,0,0,0
2022-12-20 11:10:00,0,0,0,0,0
2022-12-20 11:11:00,0,0,0,0,0
2022-12-20 11:12:00,236,236,252,252,132500
2022-12-20 11:13:00,254,254,254,254,0
2022-12-20 11:14:00,254,254,254,254,6200
2022-12-20 11:15:00,0,0,0,0,0
2022-12-20 11:16:00,0,0,0,0,0
2022-12-20 11:17:00,252,252,252,252,29500
2022-12-20 11:18:00,0,0,0,0,0
2022-12-20 11:19:00,0,0,0,0,0
2022-12-20 11:20:00,246,246,246,246,100
2022-12-20 11:21:00,0,0,0,0,0
2022-12-20 11:22:00,0,0,0,0,0
2022-12-20 11:23:00,246,246,246,246,1200
2022-12-20 11:24:00,0,0,0,0,0
2022-12-20 11:25:00,0,0,0,0,0
2022-12-20 11:26:00,0,0,0,0,0
2022-12-20 11:27:00,246,246,246,246,300
2022-12-20 11:28:00,0,0,0,0,0
2022-12-20 11:29:00,0,0,0,0,0
2022-12-20 11:30:00,0,0,0,0,0
2022-12-20 11:31:00,0,0,0,0,0
2022-12-20 11:32:00,0,0,0,0,0
2022-12-20 11:33:00,0,0,0,0,0
2022-12-20 11:34:00,0,0,0,0,0
2022-12-20 11:35:00,0,0,0,0,0
2022-12-20 11:36:00,0,0,0,0,0
2022-12-20 11:37:00,0,0,0,0,0
2022-12-20 11:38:00,0,0,0,0,0
2022-12-20 11:39:00,0,0,0,0,0
2022-12-20 11:40:00,0,0,0,0,0
2022-12-20 11:41:00,0,0,0,0,0
2022-12-20 11:42:00,0,0,0,0,0
2022-12-20 11:43:00,0,0,0,0,0
2022-12-20 11:44:00,0,0,0,0,0
2022-12-20 11:45:00,0,0,0,0,0
2022-12-20 11:46:00,0,0,0,0,0
2022-12-20 11:47:00,0,0,0,0,0
2022-12-20 11:48:00,0,0,0,0,0
2022-12-20 11:49:00,0,0,0,0,0
2022-12-20 11:50:00,0,0,0,0,0
2022-12-20 11:51:00,0,0,0,0,0
2022-12-20 11:52:00,0,0,0,0,0
2022-12-20 11:53:00,0,0,0,0,0
2022-12-20 11:54:00,0,0,0,0,0
2022-12-20 11:55:00,0,0,0,0,0
2022-12-20 11:56:00,0,0,0,0,0
2022-12-20 11:57:00,0,0,0,0,0
2022-12-20 11:58:00,0,0,0,0,0
2022-12-20 11:59:00,0,0,0,0,0
2022-12-20 12:00:00,0,0,0,0,0
2022-12-20 12:01:00,0,0,0,0,0
2022-12-20 12:02:00,0,0,0,0,0
2022-12-20 12:03:00,0,0,0,0,0
2022-12-20 12:04:00,0,0,0,0,0
2022-12-20 12:05:00,0,0,0,0,0
2022-12-20 12:06:00,0,0,0,0,0
2022-12-20 12:07:00,0,0,0,0,0
2022-12-20 12:08:00,0,0,0,0,0
2022-12-20 12:09:00,0,0,0,0,0
2022-12-20 12:10:00,0,0,0,0,0
2022-12-20 12:11:00,0,0,0,0,0
2022-12-20 12:12:00,0,0,0,0,0
2022-12-20 12:13:00,0,0,0,0,0
2022-12-20 12:14:00,0,0,0,0,0
2022-12-20 12:15:00,0,0,0,0,0
2022-12-20 12:16:00,0,0,0,0,0
2022-12-20 12:17:00,0,0,0,0,0
2022-12-20 12:18:00,0,0,0,0,0
2022-12-20 12:19:00,0,0,0,0,0
2022-12-20 12:20:00,0,0,0,0,0
2022-12-20 12:21:00,0,0,0,0,0
2022-12-20 12:22:00,0,0,0,0,0
2022-12-20 12:23:00,0,0,0,0,0
2022-12-20 12:24:00,0,0,0,0,0
2022-12-20 12:25:00,0,0,0,0,0
2022-12-20 12:26:00,0,0,0,0,0
2022-12-20 12:27:00,0,0,0,0,0
2022-12-20 12:28:00,0,0,0,0,0
2022-12-20 12:29:00,0,0,0,0,0
2022-12-20 12:30:00,0,0,0,0,0
2022-12-20 12:31:00,0,0,0,0,0
2022-12-20 12:32:00,0,0,0,0,0
2022-12-20 12:33:00,0,0,0,0,0
2022-12-20 12:34:00,0,0,0,0,0
2022-12-20 12:35:00,0,0,0,0,0
2022-12-20 12:36:00,0,0,0,0,0
2022-12-20 12:37:00,0,0,0,0,0
2022-12-20 12:38:00,0,0,0,0,0
2022-12-20 12:39:00,0,0,0,0,0
2022-12-20 12:40:00,0,0,0,0,0
2022-12-20 12:41:00,0,0,0,0,0
2022-12-20 12:42:00,0,0,0,0,0
2022-12-20 12:43:00,0,0,0,0,0
2022-12-20 12:44:00,0,0,0,0,0
2022-12-20 12:45:00,0,0,0,0,0
2022-12-20 12:46:00,0,0,0,0,0
2022-12-20 12:47:00,0,0,0,0,0
2022-12-20 12:48:00,0,0,0,0,0
2022-12-20 12:49:00,0,0,0,0,0
2022-12-20 12:50:00,0,0,0,0,0
2022-12-20 12:51:00,0,0,0,0,0
2022-12-20 12:52:00,0,0,0,0,0
2022-12-20 12:53:00,0,0,0,0,0
2022-12-20 12:54:00,0,0,0,0,0
2022-12-20 12:55:00,0,0,0,0,0
2022-12-20 12:56:00,0,0,0,0,0
2022-12-20 12:57:00,0,0,0,0,0
2022-12-20 12:58:00,0,0,0,0,0
2022-12-20 12:59:00,0,0,0,0,0
2022-12-20 13:00:00,0,0,0,0,0
2022-12-20 13:01:00,0,0,0,0,0
2022-12-20 13:02:00,0,0,0,0,0
2022-12-20 13:03:00,0,0,0,0,0
2022-12-20 13:04:00,0,0,0,0,0
2022-12-20 13:05:00,0,0,0,0,0
2022-12-20 13:06:00,0,0,0,0,0
2022-12-20 13:07:00,0,0,0,0,0
2022-12-20 13:08:00,0,0,0,0,0
2022-12-20 13:09:00,0,0,0,0,0
2022-12-20 13:10:00,0,0,0,0,0
2022-12-20 13:11:00,0,0,0,0,0
2022-12-20 13:12:00,0,0,0,0,0
2022-12-20 13:13:00,0,0,0,0,0
2022-12-20 13:14:00,0,0,0,0,0
2022-12-20 13:15:00,0,0,0,0,0
2022-12-20 13:16:00,0,0,0,0,0
2022-12-20 13:17:00,0,0,0,0,0
2022-12-20 13:18:00,0,0,0,0,0
2022-12-20 13:19:00,0,0,0,0,0
2022-12-20 13:20:00,0,0,0,0,0
2022-12-20 13:21:00,0,0,0,0,0
2022-12-20 13:22:00,0,0,0,0,0
2022-12-20 13:23:00,0,0,0,0,0
2022-12-20 13:24:00,0,0,0,0,0
2022-12-20 13:25:00,0,0,0,0,0
2022-12-20 13:26:00,0,0,0,0,0
2022-12-20 13:27:00,0,0,0,0,0
2022-12-20 13:28:00,0,0,0,0,0
2022-12-20 13:29:00,0,0,0,0,0
2022-12-20 13:30:00,0,0,0,0,0
2022-12-20 13:31:00,0,0,0,0,0
2022-12-20 13:32:00,0,0,0,0,0
2022-12-20 13:33:00,240,240,240,240,4000
2022-12-20 13:34:00,0,0,0,0,0
2022-12-20 13:35:00,0,0,0,0,0
2022-12-20 13:36:00,236,234,236,234,300
2022-12-20 13:37:00,0,0,0,0,0
2022-12-20 13:38:00,236,236,236,236,1900
2022-12-20 13:39:00,0,0,0,0,0
2022-12-20 13:40:00,0,0,0,0,0
2022-12-20 13:41:00,0,0,0,0,0
2022-12-20 13:42:00,0,0,0,0,0
2022-12-20 13:43:00,0,0,0,0,0
2022-12-20 13:44:00,0,0,0,0,0
2022-12-20 13:45:00,0,0,0,0,0
2022-12-20 13:46:00,0,0,0,0,0
2022-12-20 13:47:00,0,0,0,0,0
2022-12-20 13:48:00,0,0,0,0,0
2022-12-20 13:49:00,0,0,0,0,0
2022-12-20 13:50:00,0,0,0,0,0
2022-12-20 13:51:00,0,0,0,0,0
2022-12-20 13:52:00,0,0,0,0,0
2022-12-20 13:53:00,0,0,0,0,0
2022-12-20 13:54:00,0,0,0,0,0
2022-12-20 13:55:00,0,0,0,0,0
2022-12-20 13:56:00,0,0,0,0,0
2022-12-20 13:57:00,0,0,0,0,0
2022-12-20 13:58:00,0,0,0,0,0
2022-12-20 13:59:00,0,0,0,0,0
2022-12-20 14:00:00,0,0,0,0,0
2022-12-20 14:01:00,236,236,236,236,1000
2022-12-20 14:02:00,0,0,0,0,0
2022-12-20 14:03:00,0,0,0,0,0
2022-12-20 14:04:00,0,0,0,0,0
2022-12-20 14:05:00,0,0,0,0,0
2022-12-20 14:06:00,0,0,0,0,0
2022-12-20 14:07:00,0,0,0,0,0
2022-12-20 14:08:00,0,0,0,0,0
2022-12-20 14:09:00,0,0,0,0,0
2022-12-20 14:10:00,0,0,0,0,0
2022-12-20 14:11:00,0,0,0,0,0
2022-12-20 14:12:00,0,0,0,0,0
2022-12-20 14:13:00,0,0,0,0,0
2022-12-20 14:14:00,0,0,0,0,0
2022-12-20 14:15:00,0,0,0,0,0
2022-12-20 14:16:00,0,0,0,0,0
2022-12-20 14:17:00,0,0,0,0,0
2022-12-20 14:18:00,0,0,0,0,0
2022-12-20 14:19:00,0,0,0,0,0
2022-12-20 14:20:00,0,0,0,0,0
2022-12-20 14:21:00,0,0,0,0,0
2022-12-20 14:22:00,0,0,0,0,0
2022-12-20 14:23:00,0,0,0,0,0
2022-12-20 14:24:00,0,0,0,0,0
2022-12-20 14:25:00,0,0,0,0,0
2022-12-20 14:26:00,0,0,0,0,0
2022-12-20 14:27:00,0,0,0,0,0
2022-12-20 14:28:00,0,0,0,0,0
2022-12-20 14:29:00,0,0,0,0,0
2022-12-20 14:30:00,0,0,0,0,0
2022-12-20 14:31:00,0,0,0,0,0
2022-12-20 14:32:00,234,228,234,228,46100
2022-12-20 14:33:00,224,224,234,234,14900
2022-12-20 14:34:00,0,0,0,0,0
2022-12-20 14:35:00,0,0,0,0,0
2022-12-20 14:36:00,0,0,0,0,0
2022-12-20 14:37:00,0,0,0,0,0
2022-12-20 14:38:00,234,234,234,234,1200
2022-12-20 14:39:00,234,234,234,234,400
2022-12-20 14:40:00,0,0,0,0,0
2022-12-20 14:41:00,0,0,0,0,0
2022-12-20 14:42:00,0,0,0,0,0
2022-12-20 14:43:00,0,0,0,0,0
2022-12-20 14:44:00,234,234,234,234,200
2022-12-20 14:45:00,226,226,226,226,100
2022-12-20 14:46:00,226,226,236,236,1000
2022-12-20 14:47:00,0,0,0,0,0
2022-12-20 14:48:00,0,0,0,0,0
2022-12-20 14:49:00,0,0,0,0,0
2022-12-20 14:50:00,0,0,0,0,0
2022-12-20 14:51:00,0,0,0,0,0
2022-12-20 14:52:00,0,0,0,0,0
2022-12-20 14:53:00,0,0,0,0,0
2022-12-20 14:54:00,0,0,0,0,0
2022-12-20 14:55:00,0,0,0,0,0
2022-12-20 14:56:00,0,0,0,0,0
2022-12-20 14:57:00,0,0,0,0,0
2022-12-20 14:58:00,0,0,0,0,0
2022-12-20 14:59:00,0,0,0,0,0
2022-12-20 15:00:00,244,244,244,244,230100
2022-12-20 15:01:00,0,0,0,0,0
2022-12-20 15:02:00,0,0,0,0,0
2022-12-20 15:03:00,0,0,0,0,0
2022-12-20 15:04:00,0,0,0,0,0
2022-12-20 15:05:00,0,0,0,0,0
2022-12-20 15:06:00,0,0,0,0,0
2022-12-20 15:07:00,0,0,0,0,0
2022-12-20 15:08:00,0,0,0,0,0
2022-12-20 15:09:00,0,0,0,0,0
2022-12-20 15:10:00,0,0,0,0,0
2022-12-20 15:11:00,0,0,0,0,0
2022-12-20 15:12:00,0,0,0,0,0
2022-12-20 15:13:00,0,0,0,0,0
2022-12-20 15:14:00,0,0,0,0,0
2022-12-20 15:15:00,0,0,0,0,0
2022-12-20 15:16:00,0,0,0,0,0
2022-12-20 15:17:00,0,0,0,0,0
2022-12-20 15:18:00,0,0,0,0,0
2022-12-20 15:19:00,0,0,0,0,0
2022-12-20 15:20:00,0,0,0,0,0
2022-12-20 15:21:00,0,0,0,0,0
2022-12-20 15:22:00,0,0,0,0,0
2022-12-20 15:23:00,0,0,0,0,0
2022-12-20 15:24:00,0,0,0,0,0
2022-12-20 15:25:00,0,0,0,0,0
2022-12-20 15:26:00,0,0,0,0,0
2022-12-20 15:27:00,0,0,0,0,0
2022-12-20 15:28:00,0,0,0,0,0
2022-12-20 15:29:00,0,0,0,0,0
2022-12-20 15:30:00,0,0,0,0,0
2022-12-20 15:31:00,0,0,0,0,0
2022-12-20 15:32:00,0,0,0,0,0
2022-12-20 15:33:00,0,0,0,0,0
2022-12-20 15:34:00,0,0,0,0,0
2022-12-20 15:35:00,0,0,0,0,0
2022-12-20 15:36:00,0,0,0,0,0
2022-12-20 15:37:00,0,0,0,0,0
2022-12-20 15:38:00,0,0,0,0,0
2022-12-20 15:39:00,0,0,0,0,0
2022-12-20 15:40:00,0,0,0,0,0
2022-12-20 15:41:00,0,0,0,0,0
2022-12-20 15:42:00,0,0,0,0,0
2022-12-20 15:43:00,0,0,0,0,0
2022-12-20 15:44:00,0,0,0,0,0
2022-12-20 15:45:00,0,0,0,0,0
2022-12-20 15:46:00,0,0,0,0,0
2022-12-20 15:47:00,0,0,0,0,0
2022-12-20 15:48:00,0,0,0,0,0
2022-12-20 15:49:00,0,0,0,0,0
2022-12-20 15:50:00,0,0,0,0,0
2022-12-20 15:51:00,0,0,0,0,0
2022-12-20 15:52:00,0,0,0,0,0
2022-12-20 15:53:00,0,0,0,0,0
2022-12-20 15:54:00,0,0,0,0,0
2022-12-20 15:55:00,0,0,0,0,0
2022-12-20 15:56:00,0,0,0,0,0
2022-12-20 15:57:00,0,0,0,0,0
2022-12-20 15:58:00,0,0,0,0,0
2022-12-20 15:59:00,0,0,0,0,0
2022-12-21 09:00:00,0,0,0,0,0
2022-12-21 09:01:00,242,242,242,242,0
2022-12-21 09:02:00,0,0,0,0,0
2022-12-21 09:03:00,0,0,0,0,0
2022-12-21 09:04:00,240,240,240,240,2000
2022-12-21 09:05:00,0,0,0,0,0
2022-12-21 09:06:00,238,238,240,240,2200
2022-12-21 09:07:00,0,0,0,0,0
2022-12-21 09:08:00,240,240,240,240,0
2022-12-21 09:09:00,0,0,0,0,0
2022-12-21 09:10:00,0,0,0,0,0
2022-12-21 09:11:00,0,0,0,0,0
2022-12-21 09:12:00,0,0,0,0,0
2022-12-21 09:13:00,0,0,0,0,0
2022-12-21 09:14:00,0,0,0,0,0
2022-12-21 09:15:00,0,0,0,0,0
2022-12-21 09:16:00,0,0,0,0,0
2022-12-21 09:17:00,0,0,0,0,0
2022-12-21 09:18:00,0,0,0,0,0
2022-12-21 09:19:00,0,0,0,0,0
2022-12-21 09:20:00,0,0,0,0,0
2022-12-21 09:21:00,0,0,0,0,0
2022-12-21 09:22:00,0,0,0,0,0
2022-12-21 09:23:00,0,0,0,0,0
2022-12-21 09:24:00,0,0,0,0,0
2022-12-21 09:25:00,0,0,0,0,0
2022-12-21 09:26:00,0,0,0,0,0
2022-12-21 09:27:00,0,0,0,0,0
2022-12-21 09:28:00,0,0,0,0,0
2022-12-21 09:29:00,0,0,0,0,0
2022-12-21 09:30:00,0,0,0,0,0
2022-12-21 09:31:00,242,242,242,242,200
2022-12-21 09:32:00,0,0,0,0,0
2022-12-21 09:33:00,242,242,242,242,1900
2022-12-21 09:34:00,0,0,0,0,0
2022-12-21 09:35:00,240,240,240,240,0
2022-12-21 09:36:00,0,0,0,0,0
2022-12-21 09:37:00,0,0,0,0,0
2022-12-21 09:38:00,0,0,0,0,0
2022-12-21 09:39:00,0,0,0,0,0
2022-12-21 09:40:00,0,0,0,0,0
2022-12-21 09:41:00,0,0,0,0,0
2022-12-21 09:42:00,240,240,240,240,200
2022-12-21 09:43:00,0,0,0,0,0
2022-12-21 09:44:00,0,0,0,0,0
2022-12-21 09:45:00,0,0,0,0,0
2022-12-21 09:46:00,0,0,0,0,0
2022-12-21 09:47:00,0,0,0,0,0
2022-12-21 09:48:00,0,0,0,0,0
2022-12-21 09:49:00,0,0,0,0,0
2022-12-21 09:50:00,0,0,0,0,0
2022-12-21 09:51:00,240,240,240,240,0
2022-12-21 09:52:00,0,0,0,0,0
2022-12-21 09:53:00,0,0,0,0,0
2022-12-21 09:54:00,0,0,0,0,0
2022-12-21 09:55:00,242,242,242,242,300
2022-12-21 09:56:00,0,0,0,0,0
2022-12-21 09:57:00,0,0,0,0,0
2022-12-21 09:58:00,0,0,0,0,0
2022-12-21 09:59:00,0,0,0,0,0
2022-12-21 10:00:00,0,0,0,0,0
2022-12-21 10:01:00,242,242,242,242,600
2022-12-21 10:02:00,0,0,0,0,0
2022-12-21 10:03:00,0,0,0,0,0
2022-12-21 10:04:00,0,0,0,0,0
2022-12-21 10:05:00,0,0,0,0,0
2022-12-21 10:06:00,0,0,0,0,0
2022-12-21 10:07:00,0,0,0,0,0
2022-12-21 10:08:00,0,0,0,0,0
2022-12-21 10:09:00,242,242,242,242,700
2022-12-21 10:10:00,0,0,0,0,0
2022-12-21 10:11:00,242,242,242,242,2000
2022-12-21 10:12:00,242,242,242,242,900
2022-12-21 10:13:00,0,0,0,0,0
2022-12-21 10:14:00,0,0,0,0,0
2022-12-21 10:15:00,0,0,0,0,0
2022-12-21 10:16:00,0,0,0,0,0
2022-12-21 10:17:00,0,0,0,0,0
2022-12-21 10:18:00,0,0,0,0,0
2022-12-21 10:19:00,0,0,0,0,0
2022-12-21 10:20:00,0,0,0,0,0
2022-12-21 10:21:00,0,0,0,0,0
2022-12-21 10:22:00,0,0,0,0,0
2022-12-21 10:23:00,0,0,0,0,0
2022-12-21 10:24:00,0,0,0,0,0
2022-12-21 10:25:00,0,0,0,0,0
2022-12-21 10:26:00,0,0,0,0,0
2022-12-21 10:27:00,0,0,0,0,0
2022-12-21 10:28:00,0,0,0,0,0
2022-12-21 10:29:00,0,0,0,0,0
2022-12-21 10:30:00,0,0,0,0,0
2022-12-21 10:31:00,0,0,0,0,0
2022-12-21 10:32:00,0,0,0,0,0
2022-12-21 10:33:00,0,0,0,0,0
2022-12-21 10:34:00,0,0,0,0,0
2022-12-21 10:35:00,0,0,0,0,0
2022-12-21 10:36:00,0,0,0,0,0
2022-12-21 10:37:00,0,0,0,0,0
2022-12-21 10:38:00,0,0,0,0,0
2022-12-21 10:39:00,0,0,0,0,0
2022-12-21 10:40:00,0,0,0,0,0
2022-12-21 10:41:00,0,0,0,0,0
2022-12-21 10:42:00,0,0,0,0,0
2022-12-21 10:43:00,0,0,0,0,0
2022-12-21 10:44:00,0,0,0,0,0
2022-12-21 10:45:00,0,0,0,0,0
2022-12-21 10:46:00,0,0,0,0,0
2022-12-21 10:47:00,0,0,0,0,0
2022-12-21 10:48:00,240,240,240,240,200
2022-12-21 10:49:00,0,0,0,0,0
2022-12-21 10:50:00,0,0,0,0,0
2022-12-21 10:51:00,0,0,0,0,0
2022-12-21 10:52:00,0,0,0,0,0
2022-12-21 10:53:00,238,238,238,238,1100
2022-12-21 10:54:00,0,0,0,0,0
2022-12-21 10:55:00,0,0,0,0,0
2022-12-21 10:56:00,0,0,0,0,0
2022-12-21 10:57:00,0,0,0,0,0
2022-12-21 10:58:00,0,0,0,0,0
2022-12-21 10:59:00,0,0,0,0,0
2022-12-21 11:00:00,0,0,0,0,0
2022-12-21 11:01:00,0,0,0,0,0
2022-12-21 11:02:00,0,0,0,0,0
2022-12-21 11:03:00,0,0,0,0,0
2022-12-21 11:04:00,0,0,0,0,0
2022-12-21 11:05:00,0,0,0,0,0
2022-12-21 11:06:00,0,0,0,0,0
2022-12-21 11:07:00,0,0,0,0,0
2022-12-21 11:08:00,0,0,0,0,0
2022-12-21 11:09:00,0,0,0,0,0
2022-12-21 11:10:00,0,0,0,0,0
2022-12-21 11:11:00,0,0,0,0,0
2022-12-21 11:12:00,0,0,0,0,0
2022-12-21 11:13:00,0,0,0,0,0
2022-12-21 11:14:00,0,0,0,0,0
2022-12-21 11:15:00,0,0,0,0,0
2022-12-21 11:16:00,0,0,0,0,0
2022-12-21 11:17:00,0,0,0,0,0
2022-12-21 11:18:00,0,0,0,0,0
2022-12-21 11:19:00,0,0,0,0,0
2022-12-21 11:20:00,0,0,0,0,0
2022-12-21 11:21:00,0,0,0,0,0
2022-12-21 11:22:00,0,0,0,0,0
2022-12-21 11:23:00,0,0,0,0,0
2022-12-21 11:24:00,0,0,0,0,0
2022-12-21 11:25:00,0,0,0,0,0
2022-12-21 11:26:00,0,0,0,0,0
2022-12-21 11:27:00,0,0,0,0,0
2022-12-21 11:28:00,0,0,0,0,0
2022-12-21 11:29:00,0,0,0,0,0
2022-12-21 11:30:00,0,0,0,0,0
2022-12-21 11:31:00,0,0,0,0,0
2022-12-21 11:32:00,0,0,0,0,0
2022-12-21 11:33:00,0,0,0,0,0
2022-12-21 11:34:00,0,0,0,0,0
2022-12-21 11:35:00,0,0,0,0,0
2022-12-21 11:36:00,0,0,0,0,0
2022-12-21 11:37:00,0,0,0,0,0
2022-12-21 11:38:00,0,0,0,0,0
2022-12-21 11:39:00,0,0,0,0,0
2022-12-21 11:40:00,0,0,0,0,0
2022-12-21 11:41:00,0,0,0,0,0
2022-12-21 11:42:00,0,0,0,0,0
2022-12-21 11:43:00,0,0,0,0,0
2022-12-21 11:44:00,0,0,0,0,0
2022-12-21 11:45:00,0,0,0,0,0
2022-12-21 11:46:00,0,0,0,0,0
2022-12-21 11:47:00,0,0,0,0,0
2022-12-21 11:48:00,0,0,0,0,0
2022-12-21 11:49:00,0,0,0,0,0
2022-12-21 11:50:00,0,0,0,0,0
2022-12-21 11:51:00,0,0,0,0,0
2022-12-21 11:52:00,0,0,0,0,0
2022-12-21 11:53:00,0,0,0,0,0
2022-12-21 11:54:00,0,0,0,0,0
2022-12-21 11:55:00,0,0,0,0,0
2022-12-21 11:56:00,0,0,0,0,0
2022-12-21 11:57:00,0,0,0,0,0
2022-12-21 11:58:00,0,0,0,0,0
2022-12-21 11:59:00,0,0,0,0,0
2022-12-21 12:00:00,0,0,0,0,0
2022-12-21 12:01:00,0,0,0,0,0
2022-12-21 12:02:00,0,0,0,0,0
2022-12-21 12:03:00,0,0,0,0,0
2022-12-21 12:04:00,0,0,0,0,0
2022-12-21 12:05:00,0,0,0,0,0
2022-12-21 12:06:00,0,0,0,0,0
2022-12-21 12:07:00,0,0,0,0,0
2022-12-21 12:08:00,0,0,0,0,0
2022-12-21 12:09:00,0,0,0,0,0
2022-12-21 12:10:00,0,0,0,0,0
2022-12-21 12:11:00,0,0,0,0,0
2022-12-21 12:12:00,0,0,0,0,0
2022-12-21 12:13:00,0,0,0,0,0
2022-12-21 12:14:00,0,0,0,0,0
2022-12-21 12:15:00,0,0,0,0,0
2022-12-21 12:16:00,0,0,0,0,0
2022-12-21 12:17:00,0,0,0,0,0
2022-12-21 12:18:00,0,0,0,0,0
2022-12-21 12:19:00,0,0,0,0,0
2022-12-21 12:20:00,0,0,0,0,0
2022-12-21 12:21:00,0,0,0,0,0
2022-12-21 12:22:00,0,0,0,0,0
2022-12-21 12:23:00,0,0,0,0,0
2022-12-21 12:24:00,0,0,0,0,0
2022-12-21 12:25:00,0,0,0,0,0
2022-12-21 12:26:00,0,0,0,0,0
2022-12-21 12:27:00,0,0,0,0,0
2022-12-21 12:28:00,0,0,0,0,0
2022-12-21 12:29:00,0,0,0,0,0
2022-12-21 12:30:00,0,0,0,0,0
2022-12-21 12:31:00,0,0,0,0,0
2022-12-21 12:32:00,0,0,0,0,0
2022-12-21 12:33:00,0,0,0,0,0
2022-12-21 12:34:00,0,0,0,0,0
2022-12-21 12:35:00,0,0,0,0,0
2022-12-21 12:36:00,0,0,0,0,0
2022-12-21 12:37:00,0,0,0,0,0
2022-12-21 12:38:00,0,0,0,0,0
2022-12-21 12:39:00,0,0,0,0,0
2022-12-21 12:40:00,0,0,0,0,0
2022-12-21 12:41:00,0,0,0,0,0
2022-12-21 12:42:00,0,0,0,0,0
2022-12-21 12:43:00,0,0,0,0,0
2022-12-21 12:44:00,0,0,0,0,0
2022-12-21 12:45:00,0,0,0,0,0
2022-12-21 12:46:00,0,0,0,0,0
2022-12-21 12:47:00,0,0,0,0,0
2022-12-21 12:48:00,0,0,0,0,0
2022-12-21 12:49:00,0,0,0,0,0
2022-12-21 12:50:00,0,0,0,0,0
2022-12-21 12:51:00,0,0,0,0,0
2022-12-21 12:52:00,0,0,0,0,0
2022-12-21 12:53:00,0,0,0,0,0
2022-12-21 12:54:00,0,0,0,0,0
2022-12-21 12:55:00,0,0,0,0,0
2022-12-21 12:56:00,0,0,0,0,0
2022-12-21 12:57:00,0,0,0,0,0
2022-12-21 12:58:00,0,0,0,0,0
2022-12-21 12:59:00,0,0,0,0,0
2022-12-21 13:00:00,0,0,0,0,0
2022-12-21 13:01:00,0,0,0,0,0
2022-12-21 13:02:00,0,0,0,0,0
2022-12-21 13:03:00,0,0,0,0,0
2022-12-21 13:04:00,0,0,0,0,0
2022-12-21 13:05:00,0,0,0,0,0
2022-12-21 13:06:00,0,0,0,0,0
2022-12-21 13:07:00,0,0,0,0,0
2022-12-21 13:08:00,0,0,0,0,0
2022-12-21 13:09:00,0,0,0,0,0
2022-12-21 13:10:00,0,0,0,0,0
2022-12-21 13:11:00,0,0,0,0,0
2022-12-21 13:12:00,0,0,0,0,0
2022-12-21 13:13:00,0,0,0,0,0
2022-12-21 13:14:00,0,0,0,0,0
2022-12-21 13:15:00,0,0,0,0,0
2022-12-21 13:16:00,0,0,0,0,0
2022-12-21 13:17:00,0,0,0,0,0
2022-12-21 13:18:00,0,0,0,0,0
2022-12-21 13:19:00,0,0,0,0,0
2022-12-21 13:20:00,0,0,0,0,0
2022-12-21 13:21:00,0,0,0,0,0
2022-12-21 13:22:00,0,0,0,0,0
2022-12-21 13:23:00,0,0,0,0,0
2022-12-21 13:24:00,0,0,0,0,0
2022-12-21 13:25:00,0,0,0,0,0
2022-12-21 13:26:00,0,0,0,0,0
2022-12-21 13:27:00,0,0,0,0,0
2022-12-21 13:28:00,0,0,0,0,0
2022-12-21 13:29:00,0,0,0,0,0
2022-12-21 13:30:00,0,0,0,0,0
2022-12-21 13:31:00,0,0,0,0,0
2022-12-21 13:32:00,0,0,0,0,0
2022-12-21 13:33:00,0,0,0,0,0
2022-12-21 13:34:00,0,0,0,0,0
2022-12-21 13:35:00,0,0,0,0,0
2022-12-21 13:36:00,0,0,0,0,0
2022-12-21 13:37:00,0,0,0,0,0
2022-12-21 13:38:00,0,0,0,0,0
2022-12-21 13:39:00,0,0,0,0,0
2022-12-21 13:40:00,0,0,0,0,0
2022-12-21 13:41:00,238,236,238,236,7000
2022-12-21 13:42:00,0,0,0,0,0
2022-12-21 13:43:00,234,228,234,228,50900
2022-12-21 13:44:00,0,0,0,0,0
2022-12-21 13:45:00,230,230,230,230,0
2022-12-21 13:46:00,0,0,0,0,0
2022-12-21 13:47:00,0,0,0,0,0
2022-12-21 13:48:00,0,0,0,0,0
2022-12-21 13:49:00,0,0,0,0,0
2022-12-21 13:50:00,0,0,0,0,0
2022-12-21 13:51:00,242,242,256,256,150100
2022-12-21 13:52:00,256,256,256,256,24000
2022-12-21 13:53:00,256,256,256,256,26900
2022-12-21 13:54:00,0,0,0,0,0
2022-12-21 13:55:00,0,0,0,0,0
2022-12-21 13:56:00,0,0,0,0,0
2022-12-21 13:57:00,0,0,0,0,0
2022-12-21 13:58:00,0,0,0,0,0
2022-12-21 13:59:00,0,0,0,0,0
2022-12-21 14:00:00,0,0,0,0,0
2022-12-21 14:01:00,0,0,0,0,0
2022-12-21 14:02:00,0,0,0,0,0
2022-12-21 14:03:00,0,0,0,0,0
2022-12-21 14:04:00,0,0,0,0,0
2022-12-21 14:05:00,0,0,0,0,0
2022-12-21 14:06:00,0,0,0,0,0
2022-12-21 14:07:00,0,0,0,0,0
2022-12-21 14:08:00,0,0,0,0,0
2022-12-21 14:09:00,0,0,0,0,0
2022-12-21 14:10:00,0,0,0,0,0
2022-12-21 14:11:00,0,0,0,0,0
2022-12-21 14:12:00,0,0,0,0,0
2022-12-21 14:13:00,0,0,0,0,0
2022-12-21 14:14:00,0,0,0,0,0
2022-12-21 14:15:00,0,0,0,0,0
2022-12-21 14:16:00,0,0,0,0,0
2022-12-21 14:17:00,0,0,0,0,0
2022-12-21 14:18:00,0,0,0,0,0
2022-12-21 14:19:00,0,0,0,0,0
2022-12-21 14:20:00,0,0,0,0,0
2022-12-21 14:21:00,0,0,0,0,0
2022-12-21 14:22:00,0,0,0,0,0
2022-12-21 14:23:00,0,0,0,0,0
2022-12-21 14:24:00,0,0,0,0,0
2022-12-21 14:25:00,0,0,0,0,0
2022-12-21 14:26:00,0,0,0,0,0
2022-12-21 14:27:00,0,0,0,0,0
2022-12-21 14:28:00,0,0,0,0,0
2022-12-21 14:29:00,248,248,260,260,459700
2022-12-21 14:30:00,260,260,260,260,600
2022-12-21 14:31:00,260,260,260,260,3100
2022-12-21 14:32:00,0,0,0,0,0
2022-12-21 14:33:00,0,0,0,0,0
2022-12-21 14:34:00,0,0,0,0,0
2022-12-21 14:35:00,0,0,0,0,0
2022-12-21 14:36:00,0,0,0,0,0
2022-12-21 14:37:00,0,0,0,0,0
2022-12-21 14:38:00,0,0,0,0,0
2022-12-21 14:39:00,0,0,0,0,0
2022-12-21 14:40:00,0,0,0,0,0
2022-12-21 14:41:00,258,258,266,266,102200
2022-12-21 14:42:00,0,0,0,0,0
2022-12-21 14:43:00,0,0,0,0,0
2022-12-21 14:44:00,0,0,0,0,0
2022-12-21 14:45:00,0,0,0,0,0
2022-12-21 14:46:00,0,0,0,0,0
2022-12-21 14:47:00,0,0,0,0,0
2022-12-21 14:48:00,248,248,248,248,0
2022-12-21 14:49:00,0,0,0,0,0
2022-12-21 14:50:00,0,0,0,0,0
2022-12-21 14:51:00,0,0,0,0,0
2022-12-21 14:52:00,0,0,0,0,0
2022-12-21 14:53:00,0,0,0,0,0
2022-12-21 14:54:00,0,0,0,0,0
2022-12-21 14:55:00,0,0,0,0,0
2022-12-21 14:56:00,0,0,0,0,0
2022-12-21 14:57:00,0,0,0,0,0
2022-12-21 14:58:00,0,0,0,0,0
2022-12-21 14:59:00,0,0,0,0,0
2022-12-21 15:00:00,268,268,268,268,947200
2022-12-21 15:01:00,0,0,0,0,0
2022-12-21 15:02:00,0,0,0,0,0
2022-12-21 15:03:00,0,0,0,0,0
2022-12-21 15:04:00,0,0,0,0,0
2022-12-21 15:05:00,0,0,0,0,0
2022-12-21 15:06:00,0,0,0,0,0
2022-12-21 15:07:00,0,0,0,0,0
2022-12-21 15:08:00,0,0,0,0,0
2022-12-21 15:09:00,0,0,0,0,0
2022-12-21 15:10:00,0,0,0,0,0
2022-12-21 15:11:00,0,0,0,0,0
2022-12-21 15:12:00,0,0,0,0,0
2022-12-21 15:13:00,0,0,0,0,0
2022-12-21 15:14:00,0,0,0,0,0
2022-12-21 15:15:00,0,0,0,0,0
2022-12-21 15:16:00,0,0,0,0,0
2022-12-21 15:17:00,0,0,0,0,0
2022-12-21 15:18:00,0,0,0,0,0
2022-12-21 15:19:00,0,0,0,0,0
2022-12-21 15:20:00,0,0,0,0,0
2022-12-21 15:21:00,0,0,0,0,0
2022-12-21 15:22:00,0,0,0,0,0
2022-12-21 15:23:00,0,0,0,0,0
2022-12-21 15:24:00,0,0,0,0,0
2022-12-21 15:25:00,0,0,0,0,0
2022-12-21 15:26:00,0,0,0,0,0
2022-12-21 15:27:00,0,0,0,0,0
2022-12-21 15:28:00,0,0,0,0,0
2022-12-21 15:29:00,0,0,0,0,0
2022-12-21 15:30:00,0,0,0,0,0
2022-12-21 15:31:00,0,0,0,0,0
2022-12-21 15:32:00,0,0,0,0,0
2022-12-21 15:33:00,0,0,0,0,0
2022-12-21 15:34:00,0,0,0,0,0
2022-12-21 15:35:00,0,0,0,0,0
2022-12-21 15:36:00,0,0,0,0,0
2022-12-21 15:37:00,0,0,0,0,0
2022-12-21 15:38:00,0,0,0,0,0
2022-12-21 15:39:00,0,0,0,0,0
2022-12-21 15:40:00,0,0,0,0,0
2022-12-21 15:41:00,0,0,0,0,0
2022-12-21 15:42:00,0,0,0,0,0
2022-12-21 15:43:00,0,0,0,0,0
2022-12-21 15:44:00,0,0,0,0,0
2022-12-21 15:45:00,0,0,0,0,0
2022-12-21 15:46:00,0,0,0,0,0
2022-12-21 15:47:00,0,0,0,0,0
2022-12-21 15:48:00,0,0,0,0,0
2022-12-21 15:49:00,0,0,0,0,0
2022-12-21 15:50:00,0,0,0,0,0
2022-12-21 15:51:00,0,0,0,0,0
2022-12-21 15:52:00,0,0,0,0,0
2022-12-21 15:53:00,0,0,0,0,0
2022-12-21 15:54:00,0,0,0,0,0
2022-12-21 15:55:00,0,0,0,0,0
2022-12-21 15:56:00,0,0,0,0,0
2022-12-21 15:57:00,0,0,0,0,0
2022-12-21 15:58:00,0,0,0,0,0
2022-12-21 15:59:00,0,0,0,0,0
2022-12-22 09:00:00,272,260,272,260,0
2022-12-22 09:01:00,260,258,260,258,9100
2022-12-22 09:02:00,258,258,258,258,1900
2022-12-22 09:03:00,258,258,258,258,0
2022-12-22 09:04:00,0,0,0,0,0
2022-12-22 09:05:00,0,0,0,0,0
2022-12-22 09:06:00,0,0,0,0,0
2022-12-22 09:07:00,258,258,258,258,0
2022-12-22 09:08:00,258,258,258,258,2500
2022-12-22 09:09:00,0,0,0,0,0
2022-12-22 09:10:00,0,0,0,0,0
2022-12-22 09:11:00,258,258,258,258,200
2022-12-22 09:12:00,258,258,258,258,2700
2022-12-22 09:13:00,0,0,0,0,0
2022-12-22 09:14:00,0,0,0,0,0
2022-12-22 09:15:00,258,258,258,258,800
2022-12-22 09:16:00,0,0,0,0,0
2022-12-22 09:17:00,0,0,0,0,0
2022-12-22 09:18:00,256,256,256,256,0
2022-12-22 09:19:00,256,256,256,256,100
2022-12-22 09:20:00,256,256,256,256,200
2022-12-22 09:21:00,0,0,0,0,0
2022-12-22 09:22:00,0,0,0,0,0
2022-12-22 09:23:00,0,0,0,0,0
2022-12-22 09:24:00,0,0,0,0,0
2022-12-22 09:25:00,256,256,256,256,700
2022-12-22 09:26:00,254,254,254,254,8100
2022-12-22 09:27:00,256,256,256,256,1400
2022-12-22 09:28:00,0,0,0,0,0
2022-12-22 09:29:00,0,0,0,0,0
2022-12-22 09:30:00,0,0,0,0,0
2022-12-22 09:31:00,256,256,256,256,0
2022-12-22 09:32:00,0,0,0,0,0
2022-12-22 09:33:00,0,0,0,0,0
2022-12-22 09:34:00,0,0,0,0,0
2022-12-22 09:35:00,256,256,256,256,200
2022-12-22 09:36:00,254,252,254,252,2600
2022-12-22 09:37:00,0,0,0,0,0
2022-12-22 09:38:00,0,0,0,0,0
2022-12-22 09:39:00,0,0,0,0,0
2022-12-22 09:40:00,0,0,0,0,0
2022-12-22 09:41:00,0,0,0,0,0
2022-12-22 09:42:00,0,0,0,0,0
2022-12-22 09:43:00,0,0,0,0,0
2022-12-22 09:44:00,0,0,0,0,0
2022-12-22 09:45:00,0,0,0,0,0
2022-12-22 09:46:00,0,0,0,0,0
2022-12-22 09:47:00,0,0,0,0,0
2022-12-22 09:48:00,254,254,254,254,0
2022-12-22 09:49:00,0,0,0,0,0
2022-12-22 09:50:00,0,0,0,0,0
2022-12-22 09:51:00,0,0,0,0,0
2022-12-22 09:52:00,0,0,0,0,0
2022-12-22 09:53:00,254,252,254,252,10400
2022-12-22 09:54:00,0,0,0,0,0
2022-12-22 09:55:00,0,0,0,0,0
2022-12-22 09:56:00,0,0,0,0,0
2022-12-22 09:57:00,0,0,0,0,0
2022-12-22 09:58:00,252,252,252,252,18000
2022-12-22 09:59:00,0,0,0,0,0
2022-12-22 10:00:00,252,252,252,252,0
2022-12-22 10:01:00,0,0,0,0,0
2022-12-22 10:02:00,0,0,0,0,0
2022-12-22 10:03:00,0,0,0,0,0
2022-12-22 10:04:00,0,0,0,0,0
2022-12-22 10:05:00,0,0,0,0,0
2022-12-22 10:06:00,0,0,0,0,0
2022-12-22 10:07:00,0,0,0,0,0
2022-12-22 10:08:00,0,0,0,0,0
2022-12-22 10:09:00,0,0,0,0,0
2022-12-22 10:10:00,0,0,0,0,0
2022-12-22 10:11:00,252,252,252,252,18600
2022-12-22 10:12:00,0,0,0,0,0
2022-12-22 10:13:00,258,258,258,258,0
2022-12-22 10:14:00,0,0,0,0,0
2022-12-22 10:15:00,0,0,0,0,0
2022-12-22 10:16:00,0,0,0,0,0
2022-12-22 10:17:00,0,0,0,0,0
2022-12-22 10:18:00,0,0,0,0,0
2022-12-22 10:19:00,0,0,0,0,0
2022-12-22 10:20:00,0,0,0,0,0
2022-12-22 10:21:00,252,252,252,252,100
2022-12-22 10:22:00,0,0,0,0,0
2022-12-22 10:23:00,0,0,0,0,0
2022-12-22 10:24:00,0,0,0,0,0
2022-12-22 10:25:00,0,0,0,0,0
2022-12-22 10:26:00,0,0,0,0,0
2022-12-22 10:27:00,0,0,0,0,0
2022-12-22 10:28:00,0,0,0,0,0
2022-12-22 10:29:00,0,0,0,0,0
2022-12-22 10:30:00,0,0,0,0,0
2022-12-22 10:31:00,0,0,0,0,0
2022-12-22 10:32:00,0,0,0,0,0
2022-12-22 10:33:00,0,0,0,0,0
2022-12-22 10:34:00,0,0,0,0,0
2022-12-22 10:35:00,0,0,0,0,0
2022-12-22 10:36:00,0,0,0,0,0
2022-12-22 10:37:00,0,0,0,0,0
2022-12-22 10:38:00,0,0,0,0,0
2022-12-22 10:39:00,0,0,0,0,0
2022-12-22 10:40:00,0,0,0,0,0
2022-12-22 10:41:00,0,0,0,0,0
2022-12-22 10:42:00,0,0,0,0,0
2022-12-22 10:43:00,0,0,0,0,0
2022-12-22 10:44:00,0,0,0,0,0
2022-12-22 10:45:00,0,0,0,0,0
2022-12-22 10:46:00,0,0,0,0,0
2022-12-22 10:47:00,254,254,254,254,200
2022-12-22 10:48:00,0,0,0,0,0
2022-12-22 10:49:00,0,0,0,0,0
2022-12-22 10:50:00,0,0,0,0,0
2022-12-22 10:51:00,0,0,0,0,0
2022-12-22 10:52:00,0,0,0,0,0
2022-12-22 10:53:00,0,0,0,0,0
2022-12-22 10:54:00,0,0,0,0,0
2022-12-22 10:55:00,0,0,0,0,0
2022-12-22 10:56:00,0,0,0,0,0
2022-12-22 10:57:00,0,0,0,0,0
2022-12-22 10:58:00,252,252,252,252,1000
2022-12-22 10:59:00,0,0,0,0,0
2022-12-22 11:00:00,252,252,252,252,800
2022-12-22 11:01:00,0,0,0,0,0
2022-12-22 11:02:00,0,0,0,0,0
2022-12-22 11:03:00,0,0,0,0,0
2022-12-22 11:04:00,0,0,0,0,0
2022-12-22 11:05:00,0,0,0,0,0
2022-12-22 11:06:00,0,0,0,0,0
2022-12-22 11:07:00,0,0,0,0,0
2022-12-22 11:08:00,256,256,258,258,1100
2022-12-22 11:09:00,0,0,0,0,0
2022-12-22 11:10:00,0,0,0,0,0
2022-12-22 11:11:00,256,256,256,256,200
2022-12-22 11:12:00,258,258,258,258,100
2022-12-22 11:13:00,0,0,0,0,0
2022-12-22 11:14:00,0,0,0,0,0
2022-12-22 11:15:00,258,258,258,258,3300
2022-12-22 11:16:00,0,0,0,0,0
2022-12-22 11:17:00,258,258,258,258,0
2022-12-22 11:18:00,0,0,0,0,0
2022-12-22 11:19:00,0,0,0,0,0
2022-12-22 11:20:00,0,0,0,0,0
2022-12-22 11:21:00,0,0,0,0,0
2022-12-22 11:22:00,258,258,268,268,95800
2022-12-22 11:23:00,268,268,280,280,134600
2022-12-22 11:24:00,280,280,280,280,0
2022-12-22 11:25:00,280,280,280,280,18800
2022-12-22 11:26:00,280,280,280,280,49200
2022-12-22 11:27:00,280,278,280,278,0
2022-12-22 11:28:00,278,278,278,278,1400
2022-12-22 11:29:00,0,0,0,0,0
2022-12-22 11:30:00,0,0,0,0,0
2022-12-22 11:31:00,0,0,0,0,0
2022-12-22 11:32:00,0,0,0,0,0
2022-12-22 11:33:00,0,0,0,0,0
2022-12-22 11:34:00,0,0,0,0,0
2022-12-22 11:35:00,0,0,0,0,0
2022-12-22 11:36:00,0,0,0,0,0
2022-12-22 11:37:00,0,0,0,0,0
2022-12-22 11:38:00,0,0,0,0,0
2022-12-22 11:39:00,0,0,0,0,0
2022-12-22 11:40:00,0,0,0,0,0
2022-12-22 11:41:00,0,0,0,0,0
2022-12-22 11:42:00,0,0,0,0,0
2022-12-22 11:43:00,0,0,0,0,0
2022-12-22 11:44:00,0,0,0,0,0
2022-12-22 11:45:00,0,0,0,0,0
2022-12-22 11:46:00,0,0,0,0,0
2022-12-22 11:47:00,0,0,0,0,0
2022-12-22 11:48:00,0,0,0,0,0
2022-12-22 11:49:00,0,0,0,0,0
2022-12-22 11:50:00,0,0,0,0,0
2022-12-22 11:51:00,0,0,0,0,0
2022-12-22 11:52:00,0,0,0,0,0
2022-12-22 11:53:00,0,0,0,0,0
2022-12-22 11:54:00,0,0,0,0,0
2022-12-22 11:55:00,0,0,0,0,0
2022-12-22 11:56:00,0,0,0,0,0
2022-12-22 11:57:00,0,0,0,0,0
2022-12-22 11:58:00,0,0,0,0,0
2022-12-22 11:59:00,0,0,0,0,0
2022-12-22 12:00:00,0,0,0,0,0
2022-12-22 12:01:00,0,0,0,0,0
2022-12-22 12:02:00,0,0,0,0,0
2022-12-22 12:03:00,0,0,0,0,0
2022-12-22 12:04:00,0,0,0,0,0
2022-12-22 12:05:00,0,0,0,0,0
2022-12-22 12:06:00,0,0,0,0,0
2022-12-22 12:07:00,0,0,0,0,0
2022-12-22 12:08:00,0,0,0,0,0
2022-12-22 12:09:00,0,0,0,0,0
2022-12-22 12:10:00,0,0,0,0,0
2022-12-22 12:11:00,0,0,0,0,0
2022-12-22 12:12:00,0,0,0,0,0
2022-12-22 12:13:00,0,0,0,0,0
2022-12-22 12:14:00,0,0,0,0,0
2022-12-22 12:15:00,0,0,0,0,0
2022-12-22 12:16:00,0,0,0,0,0
2022-12-22 12:17:00,0,0,0,0,0
2022-12-22 12:18:00,0,0,0,0,0
2022-12-22 12:19:00,0,0,0,0,0
2022-12-22 12:20:00,0,0,0,0,0
2022-12-22 12:21:00,0,0,0,0,0
2022-12-22 12:22:00,0,0,0,0,0
2022-12-22 12:23:00,0,0,0,0,0
2022-12-22 12:24:00,0,0,0,0,0
2022-12-22 12:25:00,0,0,0,0,0
2022-12-22 12:26:00,0,0,0,0,0
2022-12-22 12:27:00,0,0,0,0,0
2022-12-22 12:28:00,0,0,0,0,0
2022-12-22 12:29:00,0,0,0,0,0
2022-12-22 12:30:00,0,0,0,0,0
2022-12-22 12:31:00,0,0,0,0,0
2022-12-22 12:32:00,0,0,0,0,0
2022-12-22 12:33:00,0,0,0,0,0
2022-12-22 12:34:00,0,0,0,0,0
2022-12-22 12:35:00,0,0,0,0,0
2022-12-22 12:36:00,0,0,0,0,0
2022-12-22 12:37:00,0,0,0,0,0
2022-12-22 12:38:00,0,0,0,0,0
2022-12-22 12:39:00,0,0,0,0,0
2022-12-22 12:40:00,0,0,0,0,0
2022-12-22 12:41:00,0,0,0,0,0
2022-12-22 12:42:00,0,0,0,0,0
2022-12-22 12:43:00,0,0,0,0,0
2022-12-22 12:44:00,0,0,0,0,0
2022-12-22 12:45:00,0,0,0,0,0
2022-12-22 12:46:00,0,0,0,0,0
2022-12-22 12:47:00,0,0,0,0,0
2022-12-22 12:48:00,0,0,0,0,0
2022-12-22 12:49:00,0,0,0,0,0
2022-12-22 12:50:00,0,0,0,0,0
2022-12-22 12:51:00,0,0,0,0,0
2022-12-22 12:52:00,0,0,0,0,0
2022-12-22 12:53:00,0,0,0,0,0
2022-12-22 12:54:00,0,0,0,0,0
2022-12-22 12:55:00,0,0,0,0,0
2022-12-22 12:56:00,0,0,0,0,0
2022-12-22 12:57:00,0,0,0,0,0
2022-12-22 12:58:00,0,0,0,0,0
2022-12-22 12:59:00,0,0,0,0,0
2022-12-22 13:00:00,0,0,0,0,0
2022-12-22 13:01:00,0,0,0,0,0
2022-12-22 13:02:00,0,0,0,0,0
2022-12-22 13:03:00,0,0,0,0,0
2022-12-22 13:04:00,0,0,0,0,0
2022-12-22 13:05:00,0,0,0,0,0
2022-12-22 13:06:00,0,0,0,0,0
2022-12-22 13:07:00,0,0,0,0,0
2022-12-22 13:08:00,0,0,0,0,0
2022-12-22 13:09:00,0,0,0,0,0
2022-12-22 13:10:00,0,0,0,0,0
2022-12-22 13:11:00,0,0,0,0,0
2022-12-22 13:12:00,0,0,0,0,0
2022-12-22 13:13:00,0,0,0,0,0
2022-12-22 13:14:00,0,0,0,0,0
2022-12-22 13:15:00,0,0,0,0,0
2022-12-22 13:16:00,0,0,0,0,0
2022-12-22 13:17:00,0,0,0,0,0
2022-12-22 13:18:00,0,0,0,0,0
2022-12-22 13:19:00,0,0,0,0,0
2022-12-22 13:20:00,0,0,0,0,0
2022-12-22 13:21:00,0,0,0,0,0
2022-12-22 13:22:00,0,0,0,0,0
2022-12-22 13:23:00,0,0,0,0,0
2022-12-22 13:24:00,0,0,0,0,0
2022-12-22 13:25:00,0,0,0,0,0
2022-12-22 13:26:00,0,0,0,0,0
2022-12-22 13:27:00,0,0,0,0,0
2022-12-22 13:28:00,0,0,0,0,0
2022-12-22 13:29:00,0,0,0,0,0
2022-12-22 13:30:00,262,262,262,262,1400
2022-12-22 13:31:00,262,262,262,262,0
2022-12-22 13:32:00,0,0,0,0,0
2022-12-22 13:33:00,0,0,0,0,0
2022-12-22 13:34:00,0,0,0,0,0
2022-12-22 13:35:00,0,0,0,0,0
2022-12-22 13:36:00,262,262,262,262,1200
2022-12-22 13:37:00,0,0,0,0,0
2022-12-22 13:38:00,0,0,0,0,0
2022-12-22 13:39:00,0,0,0,0,0
2022-12-22 13:40:00,0,0,0,0,0
2022-12-22 13:41:00,0,0,0,0,0
2022-12-22 13:42:00,0,0,0,0,0
2022-12-22 13:43:00,0,0,0,0,0
2022-12-22 13:44:00,0,0,0,0,0
2022-12-22 13:45:00,0,0,0,0,0
2022-12-22 13:46:00,0,0,0,0,0
2022-12-22 13:47:00,260,260,260,260,2900
2022-12-22 13:48:00,0,0,0,0,0
2022-12-22 13:49:00,0,0,0,0,0
2022-12-22 13:50:00,260,260,260,260,800
2022-12-22 13:51:00,0,0,0,0,0
2022-12-22 13:52:00,0,0,0,0,0
2022-12-22 13:53:00,0,0,0,0,0
2022-12-22 13:54:00,0,0,0,0,0
2022-12-22 13:55:00,0,0,0,0,0
2022-12-22 13:56:00,264,264,266,266,1300
2022-12-22 13:57:00,0,0,0,0,0
2022-12-22 13:58:00,0,0,0,0,0
2022-12-22 13:59:00,266,266,266,266,0
2022-12-22 14:00:00,0,0,0,0,0
2022-12-22 14:01:00,0,0,0,0,0
2022-12-22 14:02:00,0,0,0,0,0
2022-12-22 14:03:00,0,0,0,0,0
2022-12-22 14:04:00,0,0,0,0,0
2022-12-22 14:05:00,264,264,264,264,400
2022-12-22 14:06:00,262,262,262,262,200
2022-12-22 14:07:00,262,262,262,262,400
2022-12-22 14:08:00,0,0,0,0,0
2022-12-22 14:09:00,260,260,260,260,800
2022-12-22 14:10:00,260,260,260,260,800
2022-12-22 14:11:00,262,262,262,262,0
2022-12-22 14:12:00,0,0,0,0,0
2022-12-22 14:13:00,0,0,0,0,0
2022-12-22 14:14:00,262,262,262,262,700
2022-12-22 14:15:00,0,0,0,0,0
2022-12-22 14:16:00,0,0,0,0,0
2022-12-22 14:17:00,0,0,0,0,0
2022-12-22 14:18:00,262,262,262,262,0
2022-12-22 14:19:00,0,0,0,0,0
2022-12-22 14:20:00,0,0,0,0,0
2022-12-22 14:21:00,262,262,262,262,13200
2022-12-22 14:22:00,0,0,0,0,0
2022-12-22 14:23:00,0,0,0,0,0
2022-12-22 14:24:00,264,264,274,274,53400
2022-12-22 14:25:00,0,0,0,0,0
2022-12-22 14:26:00,0,0,0,0,0
2022-12-22 14:27:00,0,0,0,0,0
2022-12-22 14:28:00,0,0,0,0,0
2022-12-22 14:29:00,0,0,0,0,0
2022-12-22 14:30:00,264,262,264,262,3900
2022-12-22 14:31:00,0,0,0,0,0
2022-12-22 14:32:00,0,0,0,0,0
2022-12-22 14:33:00,0,0,0,0,0
2022-12-22 14:34:00,0,0,0,0,0
2022-12-22 14:35:00,0,0,0,0,0
2022-12-22 14:36:00,0,0,0,0,0
2022-12-22 14:37:00,0,0,0,0,0
2022-12-22 14:38:00,0,0,0,0,0
2022-12-22 14:39:00,0,0,0,0,0
2022-12-22 14:40:00,0,0,0,0,0
2022-12-22 14:41:00,0,0,0,0,0
2022-12-22 14:42:00,270,270,270,270,0
2022-12-22 14:43:00,0,0,0,0,0
2022-12-22 14:44:00,0,0,0,0,0
2022-12-22 14:45:00,0,0,0,0,0
2022-12-22 14:46:00,0,0,0,0,0
2022-12-22 14:47:00,0,0,0,0,0
2022-12-22 14:48:00,270,270,270,270,446500
2022-12-22 14:49:00,270,270,270,270,100
2022-12-22 14:50:00,0,0,0,0,0
2022-12-22 14:51:00,0,0,0,0,0
2022-12-22 14:52:00,0,0,0,0,0
2022-12-22 14:53:00,0,0,0,0,0
2022-12-22 14:54:00,0,0,0,0,0
2022-12-22 14:55:00,0,0,0,0,0
2022-12-22 14:56:00,0,0,0,0,0
2022-12-22 14:57:00,0,0,0,0,0
2022-12-22 14:58:00,0,0,0,0,0
2022-12-22 14:59:00,0,0,0,0,0
2022-12-22 15:00:00,278,278,278,278,85000
2022-12-22 15:01:00,0,0,0,0,0
2022-12-22 15:02:00,278,278,278,278,100
2022-12-22 15:03:00,0,0,0,0,0
2022-12-22 15:04:00,0,0,0,0,0
2022-12-22 15:05:00,0,0,0,0,0
2022-12-22 15:06:00,0,0,0,0,0
2022-12-22 15:07:00,0,0,0,0,0
2022-12-22 15:08:00,0,0,0,0,0
2022-12-22 15:09:00,0,0,0,0,0
2022-12-22 15:10:00,0,0,0,0,0
2022-12-22 15:11:00,278,278,278,278,14800
2022-12-22 15:12:00,278,278,278,278,539200
2022-12-22 15:13:00,0,0,0,0,0
2022-12-22 15:14:00,0,0,0,0,0
2022-12-22 15:15:00,0,0,0,0,0
2022-12-22 15:16:00,0,0,0,0,0
2022-12-22 15:17:00,0,0,0,0,0
2022-12-22 15:18:00,0,0,0,0,0
2022-12-22 15:19:00,0,0,0,0,0
2022-12-22 15:20:00,0,0,0,0,0
2022-12-22 15:21:00,0,0,0,0,0
2022-12-22 15:22:00,0,0,0,0,0
2022-12-22 15:23:00,0,0,0,0,0
2022-12-22 15:24:00,0,0,0,0,0
2022-12-22 15:25:00,0,0,0,0,0
2022-12-22 15:26:00,0,0,0,0,0
2022-12-22 15:27:00,0,0,0,0,0
2022-12-22 15:28:00,0,0,0,0,0
2022-12-22 15:29:00,0,0,0,0,0
2022-12-22 15:30:00,0,0,0,0,0
2022-12-22 15:31:00,0,0,0,0,0
2022-12-22 15:32:00,0,0,0,0,0
2022-12-22 15:33:00,0,0,0,0,0
2022-12-22 15:34:00,0,0,0,0,0
2022-12-22 15:35:00,0,0,0,0,0
2022-12-22 15:36:00,0,0,0,0,0
2022-12-22 15:37:00,0,0,0,0,0
2022-12-22 15:38:00,0,0,0,0,0
2022-12-22 15:39:00,0,0,0,0,0
2022-12-22 15:40:00,0,0,0,0,0
2022-12-22 15:41:00,0,0,0,0,0
2022-12-22 15:42:00,0,0,0,0,0
2022-12-22 15:43:00,0,0,0,0,0
2022-12-22 15:44:00,0,0,0,0,0
2022-12-22 15:45:00,0,0,0,0,0
2022-12-22 15:46:00,0,0,0,0,0
2022-12-22 15:47:00,0,0,0,0,0
2022-12-22 15:48:00,0,0,0,0,0
2022-12-22 15:49:00,0,0,0,0,0
2022-12-22 15:50:00,0,0,0,0,0
2022-12-22 15:51:00,0,0,0,0,0
2022-12-22 15:52:00,0,0,0,0,0
2022-12-22 15:53:00,0,0,0,0,0
2022-12-22 15:54:00,0,0,0,0,0
2022-12-22 15:55:00,0,0,0,0,0
2022-12-22 15:56:00,0,0,0,0,0
2022-12-22 15:57:00,0,0,0,0,0
2022-12-22 15:58:00,0,0,0,0,0
2022-12-22 15:59:00,0,0,0,0,0
2022-12-23 09:00:00,278,270,278,270,0
2022-12-23 09:01:00,272,270,272,270,400
2022-12-23 09:02:00,272,272,272,272,400
2022-12-23 09:03:00,272,272,272,272,1800
2022-12-23 09:04:00,272,270,272,270,20000
2022-12-23 09:05:00,268,268,268,268,13000
2022-12-23 09:06:00,268,268,268,268,1900
2022-12-23 09:07:00,268,268,268,268,0
2022-12-23 09:08:00,0,0,0,0,0
2022-12-23 09:09:00,0,0,0,0,0
2022-12-23 09:10:00,270,270,270,270,1800
2022-12-23 09:11:00,268,268,268,268,0
2022-12-23 09:12:00,0,0,0,0,0
2022-12-23 09:13:00,268,268,268,268,200
2022-12-23 09:14:00,0,0,0,0,0
2022-12-23 09:15:00,0,0,0,0,0
2022-12-23 09:16:00,0,0,0,0,0
2022-12-23 09:17:00,268,268,268,268,26000
2022-12-23 09:18:00,0,0,0,0,0
2022-12-23 09:19:00,268,268,268,268,1900
2022-12-23 09:20:00,268,268,268,268,0
2022-12-23 09:21:00,268,268,268,268,700
2022-12-23 09:22:00,0,0,0,0,0
2022-12-23 09:23:00,270,270,270,270,100
2022-12-23 09:24:00,0,0,0,0,0
2022-12-23 09:25:00,0,0,0,0,0
2022-12-23 09:26:00,0,0,0,0,0
2022-12-23 09:27:00,0,0,0,0,0
2022-12-23 09:28:00,0,0,0,0,0
2022-12-23 09:29:00,0,0,0,0,0
2022-12-23 09:30:00,0,0,0,0,0
2022-12-23 09:31:00,0,0,0,0,0
2022-12-23 09:32:00,0,0,0,0,0
2022-12-23 09:33:00,0,0,0,0,0
2022-12-23 09:34:00,270,268,270,268,4200
2022-12-23 09:35:00,0,0,0,0,0
2022-12-23 09:36:00,268,268,268,268,0
2022-12-23 09:37:00,268,268,274,274,300
2022-12-23 09:38:00,0,0,0,0,0
2022-12-23 09:39:00,0,0,0,0,0
2022-12-23 09:40:00,0,0,0,0,0
2022-12-23 09:41:00,0,0,0,0,0
2022-12-23 09:42:00,0,0,0,0,0
2022-12-23 09:43:00,268,268,268,268,300
2022-12-23 09:44:00,0,0,0,0,0
2022-12-23 09:45:00,0,0,0,0,0
2022-12-23 09:46:00,0,0,0,0,0
2022-12-23 09:47:00,0,0,0,0,0
2022-12-23 09:48:00,268,268,268,268,9900
2022-12-23 09:49:00,0,0,0,0,0
2022-12-23 09:50:00,0,0,0,0,0
2022-12-23 09:51:00,0,0,0,0,0
2022-12-23 09:52:00,0,0,0,0,0
2022-12-23 09:53:00,0,0,0,0,0
2022-12-23 09:54:00,0,0,0,0,0
2022-12-23 09:55:00,0,0,0,0,0
2022-12-23 09:56:00,0,0,0,0,0
2022-12-23 09:57:00,0,0,0,0,0
2022-12-23 09:58:00,0,0,0,0,0
2022-12-23 09:59:00,0,0,0,0,0
2022-12-23 10:00:00,0,0,0,0,0
2022-12-23 10:01:00,0,0,0,0,0
2022-12-23 10:02:00,0,0,0,0,0
2022-12-23 10:03:00,0,0,0,0,0
2022-12-23 10:04:00,0,0,0,0,0
2022-12-23 10:05:00,0,0,0,0,0
2022-12-23 10:06:00,0,0,0,0,0
2022-12-23 10:07:00,0,0,0,0,0
2022-12-23 10:08:00,0,0,0,0,0
2022-12-23 10:09:00,0,0,0,0,0
2022-12-23 10:10:00,0,0,0,0,0
2022-12-23 10:11:00,0,0,0,0,0
2022-12-23 10:12:00,0,0,0,0,0
2022-12-23 10:13:00,0,0,0,0,0
2022-12-23 10:14:00,0,0,0,0,0
2022-12-23 10:15:00,0,0,0,0,0
2022-12-23 10:16:00,0,0,0,0,0
2022-12-23 10:17:00,0,0,0,0,0
2022-12-23 10:18:00,270,270,270,270,300
2022-12-23 10:19:00,0,0,0,0,0
2022-12-23 10:20:00,0,0,0,0,0
2022-12-23 10:21:00,268,268,268,268,8500
2022-12-23 10:22:00,0,0,0,0,0
2022-12-23 10:23:00,0,0,0,0,0
2022-12-23 10:24:00,270,270,270,270,0
2022-12-23 10:25:00,0,0,0,0,0
2022-12-23 10:26:00,0,0,0,0,0
2022-12-23 10:27:00,0,0,0,0,0
2022-12-23 10:28:00,270,270,270,270,7000
2022-12-23 10:29:00,0,0,0,0,0
2022-12-23 10:30:00,0,0,0,0,0
2022-12-23 10:31:00,0,0,0,0,0
2022-12-23 10:32:00,0,0,0,0,0
2022-12-23 10:33:00,0,0,0,0,0
2022-12-23 10:34:00,0,0,0,0,0
2022-12-23 10:35:00,0,0,0,0,0
2022-12-23 10:36:00,0,0,0,0,0
2022-12-23 10:37:00,0,0,0,0,0
2022-12-23 10:38:00,0,0,0,0,0
2022-12-23 10:39:00,0,0,0,0,0
2022-12-23 10:40:00,0,0,0,0,0
2022-12-23 10:41:00,0,0,0,0,0
2022-12-23 10:42:00,0,0,0,0,0
2022-12-23 10:43:00,0,0,0,0,0
2022-12-23 10:44:00,0,0,0,0,0
2022-12-23 10:45:00,0,0,0,0,0
2022-12-23 10:46:00,0,0,0,0,0
2022-12-23 10:47:00,0,0,0,0,0
2022-12-23 10:48:00,0,0,0,0,0
2022-12-23 10:49:00,0,0,0,0,0
2022-12-23 10:50:00,0,0,0,0,0
2022-12-23 10:51:00,0,0,0,0,0
2022-12-23 10:52:00,0,0,0,0,0
2022-12-23 10:53:00,0,0,0,0,0
2022-12-23 10:54:00,0,0,0,0,0
2022-12-23 10:55:00,0,0,0,0,0
2022-12-23 10:56:00,0,0,0,0,0
2022-12-23 10:57:00,0,0,0,0,0
2022-12-23 10:58:00,0,0,0,0,0
2022-12-23 10:59:00,0,0,0,0,0
2022-12-23 11:00:00,0,0,0,0,0
2022-12-23 11:01:00,0,0,0,0,0
2022-12-23 11:02:00,0,0,0,0,0
2022-12-23 11:03:00,0,0,0,0,0
2022-12-23 11:04:00,0,0,0,0,0
2022-12-23 11:05:00,0,0,0,0,0
2022-12-23 11:06:00,0,0,0,0,0
2022-12-23 11:07:00,0,0,0,0,0
2022-12-23 11:08:00,0,0,0,0,0
2022-12-23 11:09:00,0,0,0,0,0
2022-12-23 11:10:00,0,0,0,0,0
2022-12-23 11:11:00,0,0,0,0,0
2022-12-23 11:12:00,0,0,0,0,0
2022-12-23 11:13:00,268,268,268,268,20000
2022-12-23 11:14:00,268,268,268,268,0
2022-12-23 11:15:00,0,0,0,0,0
2022-12-23 11:16:00,0,0,0,0,0
2022-12-23 11:17:00,0,0,0,0,0
2022-12-23 11:18:00,0,0,0,0,0
2022-12-23 11:19:00,0,0,0,0,0
2022-12-23 11:20:00,0,0,0,0,0
2022-12-23 11:21:00,0,0,0,0,0
2022-12-23 11:22:00,0,0,0,0,0
2022-12-23 11:23:00,0,0,0,0,0
2022-12-23 11:24:00,0,0,0,0,0
2022-12-23 11:25:00,0,0,0,0,0
2022-12-23 11:26:00,0,0,0,0,0
2022-12-23 11:27:00,0,0,0,0,0
2022-12-23 11:28:00,0,0,0,0,0
2022-12-23 11:29:00,0,0,0,0,0
2022-12-23 11:30:00,0,0,0,0,0
2022-12-23 11:31:00,0,0,0,0,0
2022-12-23 11:32:00,0,0,0,0,0
2022-12-23 11:33:00,0,0,0,0,0
2022-12-23 11:34:00,0,0,0,0,0
2022-12-23 11:35:00,0,0,0,0,0
2022-12-23 11:36:00,0,0,0,0,0
2022-12-23 11:37:00,0,0,0,0,0
2022-12-23 11:38:00,0,0,0,0,0
2022-12-23 11:39:00,0,0,0,0,0
2022-12-23 11:40:00,0,0,0,0,0
2022-12-23 11:41:00,0,0,0,0,0
2022-12-23 11:42:00,0,0,0,0,0
2022-12-23 11:43:00,0,0,0,0,0
2022-12-23 11:44:00,0,0,0,0,0
2022-12-23 11:45:00,0,0,0,0,0
2022-12-23 11:46:00,0,0,0,0,0
2022-12-23 11:47:00,0,0,0,0,0
2022-12-23 11:48:00,0,0,0,0,0
2022-12-23 11:49:00,0,0,0,0,0
2022-12-23 11:50:00,0,0,0,0,0
2022-12-23 11:51:00,0,0,0,0,0
2022-12-23 11:52:00,0,0,0,0,0
2022-12-23 11:53:00,0,0,0,0,0
2022-12-23 11:54:00,0,0,0,0,0
2022-12-23 11:55:00,0,0,0,0,0
2022-12-23 11:56:00,0,0,0,0,0
2022-12-23 11:57:00,0,0,0,0,0
2022-12-23 11:58:00,0,0,0,0,0
2022-12-23 11:59:00,0,0,0,0,0
2022-12-23 12:00:00,0,0,0,0,0
2022-12-23 12:01:00,0,0,0,0,0
2022-12-23 12:02:00,0,0,0,0,0
2022-12-23 12:03:00,0,0,0,0,0
2022-12-23 12:04:00,0,0,0,0,0
2022-12-23 12:05:00,0,0,0,0,0
2022-12-23 12:06:00,0,0,0,0,0
2022-12-23 12:07:00,0,0,0,0,0
2022-12-23 12:08:00,0,0,0,0,0
2022-12-23 12:09:00,0,0,0,0,0
2022-12-23 12:10:00,0,0,0,0,0
2022-12-23 12:11:00,0,0,0,0,0
2022-12-23 12:12:00,0,0,0,0,0
2022-12-23 12:13:00,0,0,0,0,0
2022-12-23 12:14:00,0,0,0,0,0
2022-12-23 12:15:00,0,0,0,0,0
2022-12-23 12:16:00,0,0,0,0,0
2022-12-23 12:17:00,0,0,0,0,0
2022-12-23 12:18:00,0,0,0,0,0
2022-12-23 12:19:00,0,0,0,0,0
2022-12-23 12:20:00,0,0,0,0,0
2022-12-23 12:21:00,0,0,0,0,0
2022-12-23 12:22:00,0,0,0,0,0
2022-12-23 12:23:00,0,0,0,0,0
2022-12-23 12:24:00,0,0,0,0,0
2022-12-23 12:25:00,0,0,0,0,0
2022-12-23 12:26:00,0,0,0,0,0
2022-12-23 12:27:00,0,0,0,0,0
2022-12-23 12:28:00,0,0,0,0,0
2022-12-23 12:29:00,0,0,0,0,0
2022-12-23 12:30:00,0,0,0,0,0
2022-12-23 12:31:00,0,0,0,0,0
2022-12-23 12:32:00,0,0,0,0,0
2022-12-23 12:33:00,0,0,0,0,0
2022-12-23 12:34:00,0,0,0,0,0
2022-12-23 12:35:00,0,0,0,0,0
2022-12-23 12:36:00,0,0,0,0,0
2022-12-23 12:37:00,0,0,0,0,0
2022-12-23 12:38:00,0,0,0,0,0
2022-12-23 12:39:00,0,0,0,0,0
2022-12-23 12:40:00,0,0,0,0,0
2022-12-23 12:41:00,0,0,0,0,0
2022-12-23 12:42:00,0,0,0,0,0
2022-12-23 12:43:00,0,0,0,0,0
2022-12-23 12:44:00,0,0,0,0,0
2022-12-23 12:45:00,0,0,0,0,0
2022-12-23 12:46:00,0,0,0,0,0
2022-12-23 12:47:00,0,0,0,0,0
2022-12-23 12:48:00,0,0,0,0,0
2022-12-23 12:49:00,0,0,0,0,0
2022-12-23 12:50:00,0,0,0,0,0
2022-12-23 12:51:00,0,0,0,0,0
2022-12-23 12:52:00,0,0,0,0,0
2022-12-23 12:53:00,0,0,0,0,0
2022-12-23 12:54:00,0,0,0,0,0
2022-12-23 12:55:00,0,0,0,0,0
2022-12-23 12:56:00,0,0,0,0,0
2022-12-23 12:57:00,0,0,0,0,0
2022-12-23 12:58:00,0,0,0,0,0
2022-12-23 12:59:00,0,0,0,0,0
2022-12-23 13:00:00,0,0,0,0,0
2022-12-23 13:01:00,0,0,0,0,0
2022-12-23 13:02:00,0,0,0,0,0
2022-12-23 13:03:00,0,0,0,0,0
2022-12-23 13:04:00,0,0,0,0,0
2022-12-23 13:05:00,0,0,0,0,0
2022-12-23 13:06:00,0,0,0,0,0
2022-12-23 13:07:00,0,0,0,0,0
2022-12-23 13:08:00,0,0,0,0,0
2022-12-23 13:09:00,0,0,0,0,0
2022-12-23 13:10:00,0,0,0,0,0
2022-12-23 13:11:00,0,0,0,0,0
2022-12-23 13:12:00,0,0,0,0,0
2022-12-23 13:13:00,0,0,0,0,0
2022-12-23 13:14:00,0,0,0,0,0
2022-12-23 13:15:00,0,0,0,0,0
2022-12-23 13:16:00,0,0,0,0,0
2022-12-23 13:17:00,0,0,0,0,0
2022-12-23 13:18:00,0,0,0,0,0
2022-12-23 13:19:00,0,0,0,0,0
2022-12-23 13:20:00,0,0,0,0,0
2022-12-23 13:21:00,0,0,0,0,0
2022-12-23 13:22:00,0,0,0,0,0
2022-12-23 13:23:00,0,0,0,0,0
2022-12-23 13:24:00,0,0,0,0,0
2022-12-23 13:25:00,0,0,0,0,0
2022-12-23 13:26:00,0,0,0,0,0
2022-12-23 13:27:00,0,0,0,0,0
2022-12-23 13:28:00,0,0,0,0,0
2022-12-23 13:29:00,0,0,0,0,0
2022-12-23 13:30:00,268,268,274,268,11000
2022-12-23 13:31:00,0,0,0,0,0
2022-12-23 13:32:00,268,268,268,268,100
2022-12-23 13:33:00,0,0,0,0,0
2022-12-23 13:34:00,0,0,0,0,0
2022-12-23 13:35:00,270,270,280,280,74900
2022-12-23 13:36:00,0,0,0,0,0
2022-12-23 13:37:00,0,0,0,0,0
2022-12-23 13:38:00,0,0,0,0,0
2022-12-23 13:39:00,0,0,0,0,0
2022-12-23 13:40:00,0,0,0,0,0
2022-12-23 13:41:00,0,0,0,0,0
2022-12-23 13:42:00,0,0,0,0,0
2022-12-23 13:43:00,0,0,0,0,0
2022-12-23 13:44:00,0,0,0,0,0
2022-12-23 13:45:00,0,0,0,0,0
2022-12-23 13:46:00,0,0,0,0,0
2022-12-23 13:47:00,0,0,0,0,0
2022-12-23 13:48:00,0,0,0,0,0
2022-12-23 13:49:00,0,0,0,0,0
2022-12-23 13:50:00,268,268,268,268,300
2022-12-23 13:51:00,0,0,0,0,0
2022-12-23 13:52:00,0,0,0,0,0
2022-12-23 13:53:00,0,0,0,0,0
2022-12-23 13:54:00,0,0,0,0,0
2022-12-23 13:55:00,268,268,268,268,8000
2022-12-23 13:56:00,0,0,0,0,0
2022-12-23 13:57:00,0,0,0,0,0
2022-12-23 13:58:00,0,0,0,0,0
2022-12-23 13:59:00,0,0,0,0,0
2022-12-23 14:00:00,266,266,266,266,1800
2022-12-23 14:01:00,266,266,266,266,600
2022-12-23 14:02:00,0,0,0,0,0
2022-12-23 14:03:00,278,278,278,278,0
2022-12-23 14:04:00,0,0,0,0,0
2022-12-23 14:05:00,0,0,0,0,0
2022-12-23 14:06:00,274,274,280,280,46600
2022-12-23 14:07:00,280,280,288,288,43900
2022-12-23 14:08:00,288,288,288,288,0
2022-12-23 14:09:00,0,0,0,0,0
2022-12-23 14:10:00,0,0,0,0,0
2022-12-23 14:11:00,0,0,0,0,0
2022-12-23 14:12:00,0,0,0,0,0
2022-12-23 14:13:00,0,0,0,0,0
2022-12-23 14:14:00,0,0,0,0,0
2022-12-23 14:15:00,0,0,0,0,0
2022-12-23 14:16:00,0,0,0,0,0
2022-12-23 14:17:00,0,0,0,0,0
2022-12-23 14:18:00,0,0,0,0,0
2022-12-23 14:19:00,0,0,0,0,0
2022-12-23 14:20:00,0,0,0,0,0
2022-12-23 14:21:00,0,0,0,0,0
2022-12-23 14:22:00,0,0,0,0,0
2022-12-23 14:23:00,0,0,0,0,0
2022-12-23 14:24:00,0,0,0,0,0
2022-12-23 14:25:00,0,0,0,0,0
2022-12-23 14:26:00,0,0,0,0,0
2022-12-23 14:27:00,0,0,0,0,0
2022-12-23 14:28:00,0,0,0,0,0
2022-12-23 14:29:00,0,0,0,0,0
2022-12-23 14:30:00,284,284,292,292,126000
2022-12-23 14:31:00,292,292,292,292,19000
2022-12-23 14:32:00,292,292,292,292,16500
2022-12-23 14:33:00,0,0,0,0,0
2022-12-23 14:34:00,290,290,290,290,0
2022-12-23 14:35:00,0,0,0,0,0
2022-12-23 14:36:00,0,0,0,0,0
2022-12-23 14:37:00,0,0,0,0,0
2022-12-23 14:38:00,288,288,288,288,100
2022-12-23 14:39:00,0,0,0,0,0
2022-12-23 14:40:00,0,0,0,0,0
2022-12-23 14:41:00,0,0,0,0,0
2022-12-23 14:42:00,0,0,0,0,0
2022-12-23 14:43:00,286,286,286,286,1000
2022-12-23 14:44:00,286,284,286,284,21000
2022-12-23 14:45:00,0,0,0,0,0
2022-12-23 14:46:00,0,0,0,0,0
2022-12-23 14:47:00,0,0,0,0,0
2022-12-23 14:48:00,0,0,0,0,0
2022-12-23 14:49:00,284,284,284,284,0
2022-12-23 14:50:00,0,0,0,0,0
2022-12-23 14:51:00,0,0,0,0,0
2022-12-23 14:52:00,0,0,0,0,0
2022-12-23 14:53:00,0,0,0,0,0
2022-12-23 14:54:00,0,0,0,0,0
2022-12-23 14:55:00,0,0,0,0,0
2022-12-23 14:56:00,0,0,0,0,0
2022-12-23 14:57:00,0,0,0,0,0
2022-12-23 14:58:00,0,0,0,0,0
2022-12-23 14:59:00,0,0,0,0,0
2022-12-23 15:00:00,300,300,300,300,130000
2022-12-23 15:01:00,0,0,0,0,0
2022-12-23 15:02:00,0,0,0,0,0
2022-12-23 15:03:00,0,0,0,0,0
2022-12-23 15:04:00,0,0,0,0,0
2022-12-23 15:05:00,0,0,0,0,0
2022-12-23 15:06:00,0,0,0,0,0
2022-12-23 15:07:00,0,0,0,0,0
2022-12-23 15:08:00,0,0,0,0,0
2022-12-23 15:09:00,0,0,0,0,0
2022-12-23 15:10:00,0,0,0,0,0
2022-12-23 15:11:00,0,0,0,0,0
2022-12-23 15:12:00,0,0,0,0,0
2022-12-23 15:13:00,300,300,300,300,4000
2022-12-23 15:14:00,300,300,300,300,0
2022-12-23 15:15:00,0,0,0,0,0
2022-12-23 15:16:00,0,0,0,0,0
2022-12-23 15:17:00,0,0,0,0,0
2022-12-23 15:18:00,0,0,0,0,0
2022-12-23 15:19:00,0,0,0,0,0
2022-12-23 15:20:00,0,0,0,0,0
2022-12-23 15:21:00,0,0,0,0,0
2022-12-23 15:22:00,0,0,0,0,0
2022-12-23 15:23:00,0,0,0,0,0
2022-12-23 15:24:00,0,0,0,0,0
2022-12-23 15:25:00,0,0,0,0,0
2022-12-23 15:26:00,0,0,0,0,0
2022-12-23 15:27:00,0,0,0,0,0
2022-12-23 15:28:00,0,0,0,0,0
2022-12-23 15:29:00,0,0,0,0,0
2022-12-23 15:30:00,0,0,0,0,0
2022-12-23 15:31:00,0,0,0,0,0
2022-12-23 15:32:00,0,0,0,0,0
2022-12-23 15:33:00,0,0,0,0,0
2022-12-23 15:34:00,0,0,0,0,0
2022-12-23 15:35:00,0,0,0,0,0
2022-12-23 15:36:00,0,0,0,0,0
2022-12-23 15:37:00,0,0,0,0,0
2022-12-23 15:38:00,0,0,0,0,0
2022-12-23 15:39:00,0,0,0,0,0
2022-12-23 15:40:00,0,0,0,0,0
2022-12-23 15:41:00,0,0,0,0,0
2022-12-23 15:42:00,0,0,0,0,0
2022-12-23 15:43:00,0,0,0,0,0
2022-12-23 15:44:00,0,0,0,0,0
2022-12-23 15:45:00,0,0,0,0,0
2022-12-23 15:46:00,0,0,0,0,0
2022-12-23 15:47:00,0,0,0,0,0
2022-12-23 15:48:00,0,0,0,0,0
2022-12-23 15:49:00,0,0,0,0,0
2022-12-23 15:50:00,0,0,0,0,0
2022-12-23 15:51:00,0,0,0,0,0
2022-12-23 15:52:00,0,0,0,0,0
2022-12-23 15:53:00,0,0,0,0,0
2022-12-23 15:54:00,0,0,0,0,0
2022-12-23 15:55:00,0,0,0,0,0
2022-12-23 15:56:00,0,0,0,0,0
2022-12-23 15:57:00,0,0,0,0,0
2022-12-23 15:58:00,0,0,0,0,0
2022-12-23 15:59:00,0,0,0,0,0
2022-12-26 09:00:00,300,300,302,302,0
2022-12-26 09:01:00,302,302,302,302,800
2022-12-26 09:02:00,0,0,0,0,0
2022-12-26 09:03:00,300,300,300,300,0
2022-12-26 09:04:00,300,300,300,300,5100
2022-12-26 09:05:00,300,300,300,300,0
2022-12-26 09:06:00,0,0,0,0,0
2022-12-26 09:07:00,0,0,0,0,0
2022-12-26 09:08:00,0,0,0,0,0
2022-12-26 09:09:00,0,0,0,0,0
2022-12-26 09:10:00,0,0,0,0,0
2022-12-26 09:11:00,300,300,304,304,2700
2022-12-26 09:12:00,308,308,308,308,11400
2022-12-26 09:13:00,308,308,310,310,1400
2022-12-26 09:14:00,0,0,0,0,0
2022-12-26 09:15:00,310,310,310,310,19900
2022-12-26 09:16:00,310,310,310,310,0
2022-12-26 09:17:00,0,0,0,0,0
2022-12-26 09:18:00,0,0,0,0,0
2022-12-26 09:19:00,0,0,0,0,0
2022-12-26 09:20:00,310,310,310,310,14200
2022-12-26 09:21:00,310,308,310,308,1400
2022-12-26 09:22:00,0,0,0,0,0
2022-12-26 09:23:00,308,308,308,308,200
2022-12-26 09:24:00,310,310,310,310,2900
2022-12-26 09:25:00,308,308,308,308,900
2022-12-26 09:26:00,0,0,0,0,0
2022-12-26 09:27:00,308,308,308,308,6000
2022-12-26 09:28:00,308,308,308,308,5400
2022-12-26 09:29:00,0,0,0,0,0
2022-12-26 09:30:00,0,0,0,0,0
2022-12-26 09:31:00,0,0,0,0,0
2022-12-26 09:32:00,0,0,0,0,0
2022-12-26 09:33:00,0,0,0,0,0
2022-12-26 09:34:00,0,0,0,0,0
2022-12-26 09:35:00,0,0,0,0,0
2022-12-26 09:36:00,306,306,306,306,200
2022-12-26 09:37:00,0,0,0,0,0
2022-12-26 09:38:00,0,0,0,0,0
2022-12-26 09:39:00,0,0,0,0,0
2022-12-26 09:40:00,0,0,0,0,0
2022-12-26 09:41:00,0,0,0,0,0
2022-12-26 09:42:00,0,0,0,0,0
2022-12-26 09:43:00,0,0,0,0,0
2022-12-26 09:44:00,300,300,300,300,2400
2022-12-26 09:45:00,300,300,300,300,1600
2022-12-26 09:46:00,300,300,300,300,10100
2022-12-26 09:47:00,0,0,0,0,0
2022-12-26 09:48:00,0,0,0,0,0
2022-12-26 09:49:00,0,0,0,0,0
2022-12-26 09:50:00,0,0,0,0,0
2022-12-26 09:51:00,300,300,300,300,0
2022-12-26 09:52:00,0,0,0,0,0
2022-12-26 09:53:00,0,0,0,0,0
2022-12-26 09:54:00,0,0,0,0,0
2022-12-26 09:55:00,300,300,300,300,1200
2022-12-26 09:56:00,300,300,300,300,2000
2022-12-26 09:57:00,0,0,0,0,0
2022-12-26 09:58:00,300,300,300,300,0
2022-12-26 09:59:00,0,0,0,0,0
2022-12-26 10:00:00,0,0,0,0,0
2022-12-26 10:01:00,0,0,0,0,0
2022-12-26 10:02:00,0,0,0,0,0
2022-12-26 10:03:00,0,0,0,0,0
2022-12-26 10:04:00,300,300,300,300,0
2022-12-26 10:05:00,0,0,0,0,0
2022-12-26 10:06:00,0,0,0,0,0
2022-12-26 10:07:00,0,0,0,0,0
2022-12-26 10:08:00,0,0,0,0,0
2022-12-26 10:09:00,0,0,0,0,0
2022-12-26 10:10:00,300,300,300,300,4000
2022-12-26 10:11:00,304,304,304,304,1000
2022-12-26 10:12:00,0,0,0,0,0
2022-12-26 10:13:00,0,0,0,0,0
2022-12-26 10:14:00,0,0,0,0,0
2022-12-26 10:15:00,0,0,0,0,0
2022-12-26 10:16:00,300,300,300,300,100
2022-12-26 10:17:00,304,304,304,304,0
2022-12-26 10:18:00,0,0,0,0,0
2022-12-26 10:19:00,0,0,0,0,0
2022-12-26 10:20:00,0,0,0,0,0
2022-12-26 10:21:00,0,0,0,0,0
2022-12-26 10:22:00,0,0,0,0,0
2022-12-26 10:23:00,0,0,0,0,0
2022-12-26 10:24:00,0,0,0,0,0
2022-12-26 10:25:00,0,0,0,0,0
2022-12-26 10:26:00,0,0,0,0,0
2022-12-26 10:27:00,0,0,0,0,0
2022-12-26 10:28:00,304,304,314,314,34000
2022-12-26 10:29:00,314,314,318,318,29900
2022-12-26 10:30:00,320,302,320,302,18000
2022-12-26 10:31:00,0,0,0,0,0
2022-12-26 10:32:00,0,0,0,0,0
2022-12-26 10:33:00,304,304,304,304,0
2022-12-26 10:34:00,306,306,308,308,800
2022-12-26 10:35:00,308,306,308,306,500
2022-12-26 10:36:00,0,0,0,0,0
2022-12-26 10:37:00,308,308,308,308,1000
2022-12-26 10:38:00,0,0,0,0,0
2022-12-26 10:39:00,308,304,308,304,2100
2022-12-26 10:40:00,308,308,308,308,1200
2022-12-26 10:41:00,0,0,0,0,0
2022-12-26 10:42:00,0,0,0,0,0
2022-12-26 10:43:00,0,0,0,0,0
2022-12-26 10:44:00,0,0,0,0,0
2022-12-26 10:45:00,318,318,318,318,200
2022-12-26 10:46:00,308,308,308,308,1000
2022-12-26 10:47:00,0,0,0,0,0
2022-12-26 10:48:00,0,0,0,0,0
2022-12-26 10:49:00,318,318,318,318,30700
2022-12-26 10:50:00,320,320,320,320,0
2022-12-26 10:51:00,0,0,0,0,0
2022-12-26 10:52:00,322,322,328,328,500
2022-12-26 10:53:00,0,0,0,0,0
2022-12-26 10:54:00,320,320,328,328,1900
2022-12-26 10:55:00,0,0,0,0,0
2022-12-26 10:56:00,0,0,0,0,0
2022-12-26 10:57:00,328,328,330,330,19800
2022-12-26 10:58:00,332,330,332,330,12100
2022-12-26 10:59:00,0,0,0,0,0
2022-12-26 11:00:00,330,320,330,320,5600
2022-12-26 11:01:00,320,320,320,320,1400
2022-12-26 11:02:00,322,320,322,320,6800
2022-12-26 11:03:00,0,0,0,0,0
2022-12-26 11:04:00,0,0,0,0,0
2022-12-26 11:05:00,314,314,314,314,100
2022-12-26 11:06:00,0,0,0,0,0
2022-12-26 11:07:00,0,0,0,0,0
2022-12-26 11:08:00,0,0,0,0,0
2022-12-26 11:09:00,314,314,314,314,200
2022-12-26 11:10:00,318,318,318,318,200
2022-12-26 11:11:00,0,0,0,0,0
2022-12-26 11:12:00,0,0,0,0,0
2022-12-26 11:13:00,314,314,314,314,1100
2022-12-26 11:14:00,0,0,0,0,0
2022-12-26 11:15:00,0,0,0,0,0
2022-12-26 11:16:00,318,318,318,318,0
2022-12-26 11:17:00,0,0,0,0,0
2022-12-26 11:18:00,318,318,318,318,0
2022-12-26 11:19:00,0,0,0,0,0
2022-12-26 11:20:00,0,0,0,0,0
2022-12-26 11:21:00,0,0,0,0,0
2022-12-26 11:22:00,0,0,0,0,0
2022-12-26 11:23:00,0,0,0,0,0
2022-12-26 11:24:00,0,0,0,0,0
2022-12-26 11:25:00,0,0,0,0,0
2022-12-26 11:26:00,0,0,0,0,0
2022-12-26 11:27:00,0,0,0,0,0
2022-12-26 11:28:00,0,0,0,0,0
2022-12-26 11:29:00,0,0,0,0,0
2022-12-26 11:30:00,0,0,0,0,0
2022-12-26 11:31:00,0,0,0,0,0
2022-12-26 11:32:00,0,0,0,0,0
2022-12-26 11:33:00,0,0,0,0,0
2022-12-26 11:34:00,0,0,0,0,0
2022-12-26 11:35:00,0,0,0,0,0
2022-12-26 11:36:00,0,0,0,0,0
2022-12-26 11:37:00,0,0,0,0,0
2022-12-26 11:38:00,0,0,0,0,0
2022-12-26 11:39:00,0,0,0,0,0
2022-12-26 11:40:00,0,0,0,0,0
2022-12-26 11:41:00,0,0,0,0,0
2022-12-26 11:42:00,0,0,0,0,0
2022-12-26 11:43:00,0,0,0,0,0
2022-12-26 11:44:00,0,0,0,0,0
2022-12-26 11:45:00,0,0,0,0,0
2022-12-26 11:46:00,0,0,0,0,0
2022-12-26 11:47:00,0,0,0,0,0
2022-12-26 11:48:00,0,0,0,0,0
2022-12-26 11:49:00,0,0,0,0,0
2022-12-26 11:50:00,0,0,0,0,0
2022-12-26 11:51:00,0,0,0,0,0
2022-12-26 11:52:00,0,0,0,0,0
2022-12-26 11:53:00,0,0,0,0,0
2022-12-26 11:54:00,0,0,0,0,0
2022-12-26 11:55:00,0,0,0,0,0
2022-12-26 11:56:00,0,0,0,0,0
2022-12-26 11:57:00,0,0,0,0,0
2022-12-26 11:58:00,0,0,0,0,0
2022-12-26 11:59:00,0,0,0,0,0
2022-12-26 12:00:00,0,0,0,0,0
2022-12-26 12:01:00,0,0,0,0,0
2022-12-26 12:02:00,0,0,0,0,0
2022-12-26 12:03:00,0,0,0,0,0
2022-12-26 12:04:00,0,0,0,0,0
2022-12-26 12:05:00,0,0,0,0,0
2022-12-26 12:06:00,0,0,0,0,0
2022-12-26 12:07:00,0,0,0,0,0
2022-12-26 12:08:00,0,0,0,0,0
2022-12-26 12:09:00,0,0,0,0,0
2022-12-26 12:10:00,0,0,0,0,0
2022-12-26 12:11:00,0,0,0,0,0
2022-12-26 12:12:00,0,0,0,0,0
2022-12-26 12:13:00,0,0,0,0,0
2022-12-26 12:14:00,0,0,0,0,0
2022-12-26 12:15:00,0,0,0,0,0
2022-12-26 12:16:00,0,0,0,0,0
2022-12-26 12:17:00,0,0,0,0,0
2022-12-26 12:18:00,0,0,0,0,0
2022-12-26 12:19:00,0,0,0,0,0
2022-12-26 12:20:00,0,0,0,0,0
2022-12-26 12:21:00,0,0,0,0,0
2022-12-26 12:22:00,0,0,0,0,0
2022-12-26 12:23:00,0,0,0,0,0
2022-12-26 12:24:00,0,0,0,0,0
2022-12-26 12:25:00,0,0,0,0,0
2022-12-26 12:26:00,0,0,0,0,0
2022-12-26 12:27:00,0,0,0,0,0
2022-12-26 12:28:00,0,0,0,0,0
2022-12-26 12:29:00,0,0,0,0,0
2022-12-26 12:30:00,0,0,0,0,0
2022-12-26 12:31:00,0,0,0,0,0
2022-12-26 12:32:00,0,0,0,0,0
2022-12-26 12:33:00,0,0,0,0,0
2022-12-26 12:34:00,0,0,0,0,0
2022-12-26 12:35:00,0,0,0,0,0
2022-12-26 12:36:00,0,0,0,0,0
2022-12-26 12:37:00,0,0,0,0,0
2022-12-26 12:38:00,0,0,0,0,0
2022-12-26 12:39:00,0,0,0,0,0
2022-12-26 12:40:00,0,0,0,0,0
2022-12-26 12:41:00,0,0,0,0,0
2022-12-26 12:42:00,0,0,0,0,0
2022-12-26 12:43:00,0,0,0,0,0
2022-12-26 12:44:00,0,0,0,0,0
2022-12-26 12:45:00,0,0,0,0,0
2022-12-26 12:46:00,0,0,0,0,0
2022-12-26 12:47:00,0,0,0,0,0
2022-12-26 12:48:00,0,0,0,0,0
2022-12-26 12:49:00,0,0,0,0,0
2022-12-26 12:50:00,0,0,0,0,0
2022-12-26 12:51:00,0,0,0,0,0
2022-12-26 12:52:00,0,0,0,0,0
2022-12-26 12:53:00,0,0,0,0,0
2022-12-26 12:54:00,0,0,0,0,0
2022-12-26 12:55:00,0,0,0,0,0
2022-12-26 12:56:00,0,0,0,0,0
2022-12-26 12:57:00,0,0,0,0,0
2022-12-26 12:58:00,0,0,0,0,0
2022-12-26 12:59:00,0,0,0,0,0
2022-12-26 13:00:00,0,0,0,0,0
2022-12-26 13:01:00,0,0,0,0,0
2022-12-26 13:02:00,0,0,0,0,0
2022-12-26 13:03:00,0,0,0,0,0
2022-12-26 13:04:00,0,0,0,0,0
2022-12-26 13:05:00,0,0,0,0,0
2022-12-26 13:06:00,0,0,0,0,0
2022-12-26 13:07:00,0,0,0,0,0
2022-12-26 13:08:00,0,0,0,0,0
2022-12-26 13:09:00,0,0,0,0,0
2022-12-26 13:10:00,0,0,0,0,0
2022-12-26 13:11:00,0,0,0,0,0
2022-12-26 13:12:00,0,0,0,0,0
2022-12-26 13:13:00,0,0,0,0,0
2022-12-26 13:14:00,0,0,0,0,0
2022-12-26 13:15:00,0,0,0,0,0
2022-12-26 13:16:00,0,0,0,0,0
2022-12-26 13:17:00,0,0,0,0,0
2022-12-26 13:18:00,0,0,0,0,0
2022-12-26 13:19:00,0,0,0,0,0
2022-12-26 13:20:00,0,0,0,0,0
2022-12-26 13:21:00,0,0,0,0,0
2022-12-26 13:22:00,0,0,0,0,0
2022-12-26 13:23:00,0,0,0,0,0
2022-12-26 13:24:00,0,0,0,0,0
2022-12-26 13:25:00,0,0,0,0,0
2022-12-26 13:26:00,0,0,0,0,0
2022-12-26 13:27:00,0,0,0,0,0
2022-12-26 13:28:00,0,0,0,0,0
2022-12-26 13:29:00,0,0,0,0,0
2022-12-26 13:30:00,308,308,318,318,1300
2022-12-26 13:31:00,0,0,0,0,0
2022-12-26 13:32:00,0,0,0,0,0
2022-12-26 13:33:00,0,0,0,0,0
2022-12-26 13:34:00,0,0,0,0,0
2022-12-26 13:35:00,0,0,0,0,0
2022-12-26 13:36:00,0,0,0,0,0
2022-12-26 13:37:00,0,0,0,0,0
2022-12-26 13:38:00,0,0,0,0,0
2022-12-26 13:39:00,0,0,0,0,0
2022-12-26 13:40:00,318,318,318,318,200
2022-12-26 13:41:00,318,318,320,320,70800
2022-12-26 13:42:00,0,0,0,0,0
2022-12-26 13:43:00,0,0,0,0,0
2022-12-26 13:44:00,320,320,320,320,0
2022-12-26 13:45:00,308,308,308,308,0
2022-12-26 13:46:00,0,0,0,0,0
2022-12-26 13:47:00,0,0,0,0,0
2022-12-26 13:48:00,0,0,0,0,0
2022-12-26 13:49:00,0,0,0,0,0
2022-12-26 13:50:00,0,0,0,0,0
2022-12-26 13:51:00,0,0,0,0,0
2022-12-26 13:52:00,0,0,0,0,0
2022-12-26 13:53:00,0,0,0,0,0
2022-12-26 13:54:00,0,0,0,0,0
2022-12-26 13:55:00,0,0,0,0,0
2022-12-26 13:56:00,0,0,0,0,0
2022-12-26 13:57:00,0,0,0,0,0
2022-12-26 13:58:00,0,0,0,0,0
2022-12-26 13:59:00,0,0,0,0,0
2022-12-26 14:00:00,0,0,0,0,0
2022-12-26 14:01:00,0,0,0,0,0
2022-12-26 14:02:00,0,0,0,0,0
2022-12-26 14:03:00,0,0,0,0,0
2022-12-26 14:04:00,0,0,0,0,0
2022-12-26 14:05:00,310,310,310,310,100
2022-12-26 14:06:00,308,308,308,308,200
2022-12-26 14:07:00,0,0,0,0,0
2022-12-26 14:08:00,308,308,308,308,300
2022-12-26 14:09:00,0,0,0,0,0
2022-12-26 14:10:00,306,306,306,306,500
2022-12-26 14:11:00,0,0,0,0,0
2022-12-26 14:12:00,0,0,0,0,0
2022-12-26 14:13:00,0,0,0,0,0
2022-12-26 14:14:00,0,0,0,0,0
2022-12-26 14:15:00,0,0,0,0,0
2022-12-26 14:16:00,0,0,0,0,0
2022-12-26 14:17:00,0,0,0,0,0
2022-12-26 14:18:00,0,0,0,0,0
2022-12-26 14:19:00,0,0,0,0,0
2022-12-26 14:20:00,306,306,306,306,1000
2022-12-26 14:21:00,0,0,0,0,0
2022-12-26 14:22:00,0,0,0,0,0
2022-12-26 14:23:00,308,308,308,308,3500
2022-12-26 14:24:00,308,308,308,308,0
2022-12-26 14:25:00,0,0,0,0,0
2022-12-26 14:26:00,0,0,0,0,0
2022-12-26 14:27:00,0,0,0,0,0
2022-12-26 14:28:00,0,0,0,0,0
2022-12-26 14:29:00,0,0,0,0,0
2022-12-26 14:30:00,308,308,308,308,3900
2022-12-26 14:31:00,0,0,0,0,0
2022-12-26 14:32:00,0,0,0,0,0
2022-12-26 14:33:00,0,0,0,0,0
2022-12-26 14:34:00,0,0,0,0,0
2022-12-26 14:35:00,306,306,306,306,200
2022-12-26 14:36:00,0,0,0,0,0
2022-12-26 14:37:00,0,0,0,0,0
2022-12-26 14:38:00,0,0,0,0,0
2022-12-26 14:39:00,0,0,0,0,0
2022-12-26 14:40:00,0,0,0,0,0
2022-12-26 14:41:00,308,308,330,330,129700
2022-12-26 14:42:00,330,330,330,330,9100
2022-12-26 14:43:00,330,330,330,330,0
2022-12-26 14:44:00,330,330,330,330,4600
2022-12-26 14:45:00,330,330,330,330,3900
2022-12-26 14:46:00,0,0,0,0,0
2022-12-26 14:47:00,330,330,330,330,19600
2022-12-26 14:48:00,332,332,332,332,0
2022-12-26 14:49:00,332,332,332,332,0
2022-12-26 14:50:00,0,0,0,0,0
2022-12-26 14:51:00,0,0,0,0,0
2022-12-26 14:52:00,0,0,0,0,0
2022-12-26 14:53:00,0,0,0,0,0
2022-12-26 14:54:00,0,0,0,0,0
2022-12-26 14:55:00,0,0,0,0,0
2022-12-26 14:56:00,0,0,0,0,0
2022-12-26 14:57:00,0,0,0,0,0
2022-12-26 14:58:00,0,0,0,0,0
2022-12-26 14:59:00,0,0,0,0,0
2022-12-26 15:00:00,332,332,332,332,39900
2022-12-26 15:01:00,332,332,332,332,4000
2022-12-26 15:02:00,332,332,332,332,516900
2022-12-26 15:03:00,0,0,0,0,0
2022-12-26 15:04:00,0,0,0,0,0
2022-12-26 15:05:00,0,0,0,0,0
2022-12-26 15:06:00,0,0,0,0,0
2022-12-26 15:07:00,0,0,0,0,0
2022-12-26 15:08:00,0,0,0,0,0
2022-12-26 15:09:00,0,0,0,0,0
2022-12-26 15:10:00,0,0,0,0,0
2022-12-26 15:11:00,0,0,0,0,0
2022-12-26 15:12:00,0,0,0,0,0
2022-12-26 15:13:00,0,0,0,0,0
2022-12-26 15:14:00,0,0,0,0,0
2022-12-26 15:15:00,0,0,0,0,0
2022-12-26 15:16:00,0,0,0,0,0
2022-12-26 15:17:00,0,0,0,0,0
2022-12-26 15:18:00,0,0,0,0,0
2022-12-26 15:19:00,0,0,0,0,0
2022-12-26 15:20:00,0,0,0,0,0
2022-12-26 15:21:00,0,0,0,0,0
2022-12-26 15:22:00,0,0,0,0,0
2022-12-26 15:23:00,0,0,0,0,0
2022-12-26 15:24:00,0,0,0,0,0
2022-12-26 15:25:00,0,0,0,0,0
2022-12-26 15:26:00,0,0,0,0,0
2022-12-26 15:27:00,0,0,0,0,0
2022-12-26 15:28:00,0,0,0,0,0
2022-12-26 15:29:00,0,0,0,0,0
2022-12-26 15:30:00,0,0,0,0,0
2022-12-26 15:31:00,0,0,0,0,0
2022-12-26 15:32:00,0,0,0,0,0
2022-12-26 15:33:00,0,0,0,0,0
2022-12-26 15:34:00,0,0,0,0,0
2022-12-26 15:35:00,0,0,0,0,0
2022-12-26 15:36:00,0,0,0,0,0
2022-12-26 15:37:00,0,0,0,0,0
2022-12-26 15:38:00,0,0,0,0,0
2022-12-26 15:39:00,0,0,0,0,0
2022-12-26 15:40:00,0,0,0,0,0
2022-12-26 15:41:00,0,0,0,0,0
2022-12-26 15:42:00,0,0,0,0,0
2022-12-26 15:43:00,0,0,0,0,0
2022-12-26 15:44:00,0,0,0,0,0
2022-12-26 15:45:00,0,0,0,0,0
2022-12-26 15:46:00,0,0,0,0,0
2022-12-26 15:47:00,0,0,0,0,0
2022-12-26 15:48:00,0,0,0,0,0
2022-12-26 15:49:00,0,0,0,0,0
2022-12-26 15:50:00,0,0,0,0,0
2022-12-26 15:51:00,0,0,0,0,0
2022-12-26 15:52:00,0,0,0,0,0
2022-12-26 15:53:00,0,0,0,0,0
2022-12-26 15:54:00,0,0,0,0,0
2022-12-26 15:55:00,0,0,0,0,0
2022-12-26 15:56:00,0,0,0,0,0
2022-12-26 15:57:00,0,0,0,0,0
2022-12-26 15:58:00,0,0,0,0,0
2022-12-26 15:59:00,0,0,0,0,0
2022-12-27 09:00:00,340,332,340,332,0
2022-12-27 09:01:00,0,0,0,0,0
2022-12-27 09:02:00,340,336,340,336,100
2022-12-27 09:03:00,0,0,0,0,0
2022-12-27 09:04:00,332,332,332,332,8800
2022-12-27 09:05:00,332,332,332,332,4200
2022-12-27 09:06:00,340,340,340,340,0
2022-12-27 09:07:00,340,340,340,340,2900
2022-12-27 09:08:00,0,0,0,0,0
2022-12-27 09:09:00,0,0,0,0,0
2022-12-27 09:10:00,0,0,0,0,0
2022-12-27 09:11:00,334,334,334,334,4200
2022-12-27 09:12:00,334,334,334,334,26100
2022-12-27 09:13:00,0,0,0,0,0
2022-12-27 09:14:00,0,0,0,0,0
2022-12-27 09:15:00,0,0,0,0,0
2022-12-27 09:16:00,332,332,332,332,20000
2022-12-27 09:17:00,332,330,332,330,50000
2022-12-27 09:18:00,330,330,330,330,2400
2022-12-27 09:19:00,320,320,320,320,3700
2022-12-27 09:20:00,320,320,320,320,2300
2022-12-27 09:21:00,316,316,316,316,1100
2022-12-27 09:22:00,320,320,320,320,0
2022-12-27 09:23:00,320,320,320,320,600
2022-12-27 09:24:00,0,0,0,0,0
2022-12-27 09:25:00,322,322,322,322,500
2022-12-27 09:26:00,0,0,0,0,0
2022-12-27 09:27:00,322,322,322,322,1000
2022-12-27 09:28:00,0,0,0,0,0
2022-12-27 09:29:00,322,322,322,322,1500
2022-12-27 09:30:00,322,322,322,322,1000
2022-12-27 09:31:00,0,0,0,0,0
2022-12-27 09:32:00,322,322,322,322,3700
2022-12-27 09:33:00,0,0,0,0,0
2022-12-27 09:34:00,0,0,0,0,0
2022-12-27 09:35:00,0,0,0,0,0
2022-12-27 09:36:00,0,0,0,0,0
2022-12-27 09:37:00,0,0,0,0,0
2022-12-27 09:38:00,0,0,0,0,0
2022-12-27 09:39:00,330,318,330,318,2700
2022-12-27 09:40:00,0,0,0,0,0
2022-12-27 09:41:00,0,0,0,0,0
2022-12-27 09:42:00,318,318,318,318,200
2022-12-27 09:43:00,330,330,330,330,1100
2022-12-27 09:44:00,330,330,330,330,800
2022-12-27 09:45:00,0,0,0,0,0
2022-12-27 09:46:00,0,0,0,0,0
2022-12-27 09:47:00,318,318,318,318,38900
2022-12-27 09:48:00,0,0,0,0,0
2022-12-27 09:49:00,0,0,0,0,0
2022-12-27 09:50:00,0,0,0,0,0
2022-12-27 09:51:00,318,318,318,318,0
2022-12-27 09:52:00,0,0,0,0,0
2022-12-27 09:53:00,0,0,0,0,0
2022-12-27 09:54:00,0,0,0,0,0
2022-12-27 09:55:00,0,0,0,0,0
2022-12-27 09:56:00,320,320,320,320,400
2022-12-27 09:57:00,0,0,0,0,0
2022-12-27 09:58:00,320,320,320,320,12200
2022-12-27 09:59:00,0,0,0,0,0
2022-12-27 10:00:00,0,0,0,0,0
2022-12-27 10:01:00,0,0,0,0,0
2022-12-27 10:02:00,0,0,0,0,0
2022-12-27 10:03:00,320,320,320,320,0
2022-12-27 10:04:00,328,328,328,328,0
2022-12-27 10:05:00,0,0,0,0,0
2022-12-27 10:06:00,0,0,0,0,0
2022-12-27 10:07:00,0,0,0,0,0
2022-12-27 10:08:00,0,0,0,0,0
2022-12-27 10:09:00,0,0,0,0,0
2022-12-27 10:10:00,0,0,0,0,0
2022-12-27 10:11:00,0,0,0,0,0
2022-12-27 10:12:00,0,0,0,0,0
2022-12-27 10:13:00,0,0,0,0,0
2022-12-27 10:14:00,0,0,0,0,0
2022-12-27 10:15:00,0,0,0,0,0
2022-12-27 10:16:00,0,0,0,0,0
2022-12-27 10:17:00,0,0,0,0,0
2022-12-27 10:18:00,0,0,0,0,0
2022-12-27 10:19:00,0,0,0,0,0
2022-12-27 10:20:00,0,0,0,0,0
2022-12-27 10:21:00,0,0,0,0,0
2022-12-27 10:22:00,0,0,0,0,0
2022-12-27 10:23:00,328,328,328,328,1000
2022-12-27 10:24:00,0,0,0,0,0
2022-12-27 10:25:00,0,0,0,0,0
2022-12-27 10:26:00,0,0,0,0,0
2022-12-27 10:27:00,0,0,0,0,0
2022-12-27 10:28:00,0,0,0,0,0
2022-12-27 10:29:00,0,0,0,0,0
2022-12-27 10:30:00,0,0,0,0,0
2022-12-27 10:31:00,0,0,0,0,0
2022-12-27 10:32:00,0,0,0,0,0
2022-12-27 10:33:00,328,328,328,328,100
2022-12-27 10:34:00,0,0,0,0,0
2022-12-27 10:35:00,0,0,0,0,0
2022-12-27 10:36:00,0,0,0,0,0
2022-12-27 10:37:00,320,320,320,320,1600
2022-12-27 10:38:00,0,0,0,0,0
2022-12-27 10:39:00,320,320,320,320,0
2022-12-27 10:40:00,0,0,0,0,0
2022-12-27 10:41:00,0,0,0,0,0
2022-12-27 10:42:00,0,0,0,0,0
2022-12-27 10:43:00,0,0,0,0,0
2022-12-27 10:44:00,320,320,320,320,3000
2022-12-27 10:45:00,320,320,320,320,0
2022-12-27 10:46:00,0,0,0,0,0
2022-12-27 10:47:00,0,0,0,0,0
2022-12-27 10:48:00,0,0,0,0,0
2022-12-27 10:49:00,0,0,0,0,0
2022-12-27 10:50:00,0,0,0,0,0
2022-12-27 10:51:00,0,0,0,0,0
2022-12-27 10:52:00,0,0,0,0,0
2022-12-27 10:53:00,0,0,0,0,0
2022-12-27 10:54:00,0,0,0,0,0
2022-12-27 10:55:00,0,0,0,0,0
2022-12-27 10:56:00,0,0,0,0,0
2022-12-27 10:57:00,0,0,0,0,0
2022-12-27 10:58:00,0,0,0,0,0
2022-12-27 10:59:00,320,320,320,320,5600
2022-12-27 11:00:00,318,318,318,318,24100
2022-12-27 11:01:00,0,0,0,0,0
2022-12-27 11:02:00,0,0,0,0,0
2022-12-27 11:03:00,0,0,0,0,0
2022-12-27 11:04:00,318,318,318,318,0
2022-12-27 11:05:00,0,0,0,0,0
2022-12-27 11:06:00,0,0,0,0,0
2022-12-27 11:07:00,0,0,0,0,0
2022-12-27 11:08:00,0,0,0,0,0
2022-12-27 11:09:00,0,0,0,0,0
2022-12-27 11:10:00,0,0,0,0,0
2022-12-27 11:11:00,0,0,0,0,0
2022-12-27 11:12:00,0,0,0,0,0
2022-12-27 11:13:00,0,0,0,0,0
2022-12-27 11:14:00,0,0,0,0,0
2022-12-27 11:15:00,0,0,0,0,0
2022-12-27 11:16:00,0,0,0,0,0
2022-12-27 11:17:00,0,0,0,0,0
2022-12-27 11:18:00,0,0,0,0,0
2022-12-27 11:19:00,0,0,0,0,0
2022-12-27 11:20:00,0,0,0,0,0
2022-12-27 11:21:00,0,0,0,0,0
2022-12-27 11:22:00,0,0,0,0,0
2022-12-27 11:23:00,318,318,318,318,300
2022-12-27 11:24:00,0,0,0,0,0
2022-12-27 11:25:00,0,0,0,0,0
2022-12-27 11:26:00,0,0,0,0,0
2022-12-27 11:27:00,0,0,0,0,0
2022-12-27 11:28:00,320,320,320,320,100
2022-12-27 11:29:00,0,0,0,0,0
2022-12-27 11:30:00,0,0,0,0,0
2022-12-27 11:31:00,0,0,0,0,0
2022-12-27 11:32:00,0,0,0,0,0
2022-12-27 11:33:00,0,0,0,0,0
2022-12-27 11:34:00,0,0,0,0,0
2022-12-27 11:35:00,0,0,0,0,0
2022-12-27 11:36:00,0,0,0,0,0
2022-12-27 11:37:00,0,0,0,0,0
2022-12-27 11:38:00,0,0,0,0,0
2022-12-27 11:39:00,0,0,0,0,0
2022-12-27 11:40:00,0,0,0,0,0
2022-12-27 11:41:00,0,0,0,0,0
2022-12-27 11:42:00,0,0,0,0,0
2022-12-27 11:43:00,0,0,0,0,0
2022-12-27 11:44:00,0,0,0,0,0
2022-12-27 11:45:00,0,0,0,0,0
2022-12-27 11:46:00,0,0,0,0,0
2022-12-27 11:47:00,0,0,0,0,0
2022-12-27 11:48:00,0,0,0,0,0
2022-12-27 11:49:00,0,0,0,0,0
2022-12-27 11:50:00,0,0,0,0,0
2022-12-27 11:51:00,0,0,0,0,0
2022-12-27 11:52:00,0,0,0,0,0
2022-12-27 11:53:00,0,0,0,0,0
2022-12-27 11:54:00,0,0,0,0,0
2022-12-27 11:55:00,0,0,0,0,0
2022-12-27 11:56:00,0,0,0,0,0
2022-12-27 11:57:00,0,0,0,0,0
2022-12-27 11:58:00,0,0,0,0,0
2022-12-27 11:59:00,0,0,0,0,0
2022-12-27 12:00:00,0,0,0,0,0
2022-12-27 12:01:00,0,0,0,0,0
2022-12-27 12:02:00,0,0,0,0,0
2022-12-27 12:03:00,0,0,0,0,0
2022-12-27 12:04:00,0,0,0,0,0
2022-12-27 12:05:00,0,0,0,0,0
2022-12-27 12:06:00,0,0,0,0,0
2022-12-27 12:07:00,0,0,0,0,0
2022-12-27 12:08:00,0,0,0,0,0
2022-12-27 12:09:00,0,0,0,0,0
2022-12-27 12:10:00,0,0,0,0,0
2022-12-27 12:11:00,0,0,0,0,0
2022-12-27 12:12:00,0,0,0,0,0
2022-12-27 12:13:00,0,0,0,0,0
2022-12-27 12:14:00,0,0,0,0,0
2022-12-27 12:15:00,0,0,0,0,0
2022-12-27 12:16:00,0,0,0,0,0
2022-12-27 12:17:00,0,0,0,0,0
2022-12-27 12:18:00,0,0,0,0,0
2022-12-27 12:19:00,0,0,0,0,0
2022-12-27 12:20:00,0,0,0,0,0
2022-12-27 12:21:00,0,0,0,0,0
2022-12-27 12:22:00,0,0,0,0,0
2022-12-27 12:23:00,0,0,0,0,0
2022-12-27 12:24:00,0,0,0,0,0
2022-12-27 12:25:00,0,0,0,0,0
2022-12-27 12:26:00,0,0,0,0,0
2022-12-27 12:27:00,0,0,0,0,0
2022-12-27 12:28:00,0,0,0,0,0
2022-12-27 12:29:00,0,0,0,0,0
2022-12-27 12:30:00,0,0,0,0,0
2022-12-27 12:31:00,0,0,0,0,0
2022-12-27 12:32:00,0,0,0,0,0
2022-12-27 12:33:00,0,0,0,0,0
2022-12-27 12:34:00,0,0,0,0,0
2022-12-27 12:35:00,0,0,0,0,0
2022-12-27 12:36:00,0,0,0,0,0
2022-12-27 12:37:00,0,0,0,0,0
2022-12-27 12:38:00,0,0,0,0,0
2022-12-27 12:39:00,0,0,0,0,0
2022-12-27 12:40:00,0,0,0,0,0
2022-12-27 12:41:00,0,0,0,0,0
2022-12-27 12:42:00,0,0,0,0,0
2022-12-27 12:43:00,0,0,0,0,0
2022-12-27 12:44:00,0,0,0,0,0
2022-12-27 12:45:00,0,0,0,0,0
2022-12-27 12:46:00,0,0,0,0,0
2022-12-27 12:47:00,0,0,0,0,0
2022-12-27 12:48:00,0,0,0,0,0
2022-12-27 12:49:00,0,0,0,0,0
2022-12-27 12:50:00,0,0,0,0,0
2022-12-27 12:51:00,0,0,0,0,0
2022-12-27 12:52:00,0,0,0,0,0
2022-12-27 12:53:00,0,0,0,0,0
2022-12-27 12:54:00,0,0,0,0,0
2022-12-27 12:55:00,0,0,0,0,0
2022-12-27 12:56:00,0,0,0,0,0
2022-12-27 12:57:00,0,0,0,0,0
2022-12-27 12:58:00,0,0,0,0,0
2022-12-27 12:59:00,0,0,0,0,0
2022-12-27 13:00:00,0,0,0,0,0
2022-12-27 13:01:00,0,0,0,0,0
2022-12-27 13:02:00,0,0,0,0,0
2022-12-27 13:03:00,0,0,0,0,0
2022-12-27 13:04:00,0,0,0,0,0
2022-12-27 13:05:00,0,0,0,0,0
2022-12-27 13:06:00,0,0,0,0,0
2022-12-27 13:07:00,0,0,0,0,0
2022-12-27 13:08:00,0,0,0,0,0
2022-12-27 13:09:00,0,0,0,0,0
2022-12-27 13:10:00,0,0,0,0,0
2022-12-27 13:11:00,0,0,0,0,0
2022-12-27 13:12:00,0,0,0,0,0
2022-12-27 13:13:00,0,0,0,0,0
2022-12-27 13:14:00,0,0,0,0,0
2022-12-27 13:15:00,0,0,0,0,0
2022-12-27 13:16:00,0,0,0,0,0
2022-12-27 13:17:00,0,0,0,0,0
2022-12-27 13:18:00,0,0,0,0,0
2022-12-27 13:19:00,0,0,0,0,0
2022-12-27 13:20:00,0,0,0,0,0
2022-12-27 13:21:00,0,0,0,0,0
2022-12-27 13:22:00,0,0,0,0,0
2022-12-27 13:23:00,0,0,0,0,0
2022-12-27 13:24:00,0,0,0,0,0
2022-12-27 13:25:00,0,0,0,0,0
2022-12-27 13:26:00,0,0,0,0,0
2022-12-27 13:27:00,0,0,0,0,0
2022-12-27 13:28:00,0,0,0,0,0
2022-12-27 13:29:00,0,0,0,0,0
2022-12-27 13:30:00,0,0,0,0,0
2022-12-27 13:31:00,0,0,0,0,0
2022-12-27 13:32:00,326,326,326,326,200
2022-12-27 13:33:00,0,0,0,0,0
2022-12-27 13:34:00,326,326,326,326,3000
2022-12-27 13:35:00,0,0,0,0,0
2022-12-27 13:36:00,326,326,326,326,600
2022-12-27 13:37:00,0,0,0,0,0
2022-12-27 13:38:00,0,0,0,0,0
2022-12-27 13:39:00,328,328,328,328,0
2022-12-27 13:40:00,0,0,0,0,0
2022-12-27 13:41:00,0,0,0,0,0
2022-12-27 13:42:00,0,0,0,0,0
2022-12-27 13:43:00,0,0,0,0,0
2022-12-27 13:44:00,0,0,0,0,0
2022-12-27 13:45:00,0,0,0,0,0
2022-12-27 13:46:00,0,0,0,0,0
2022-12-27 13:47:00,0,0,0,0,0
2022-12-27 13:48:00,0,0,0,0,0
2022-12-27 13:49:00,0,0,0,0,0
2022-12-27 13:50:00,0,0,0,0,0
2022-12-27 13:51:00,0,0,0,0,0
2022-12-27 13:52:00,326,326,326,326,1000
2022-12-27 13:53:00,0,0,0,0,0
2022-12-27 13:54:00,0,0,0,0,0
2022-12-27 13:55:00,0,0,0,0,0
2022-12-27 13:56:00,0,0,0,0,0
2022-12-27 13:57:00,0,0,0,0,0
2022-12-27 13:58:00,326,326,326,326,1000
2022-12-27 13:59:00,0,0,0,0,0
2022-12-27 14:00:00,0,0,0,0,0
2022-12-27 14:01:00,0,0,0,0,0
2022-12-27 14:02:00,0,0,0,0,0
2022-12-27 14:03:00,0,0,0,0,0
2022-12-27 14:04:00,0,0,0,0,0
2022-12-27 14:05:00,0,0,0,0,0
2022-12-27 14:06:00,0,0,0,0,0
2022-12-27 14:07:00,0,0,0,0,0
2022-12-27 14:08:00,326,326,328,328,200
2022-12-27 14:09:00,0,0,0,0,0
2022-12-27 14:10:00,0,0,0,0,0
2022-12-27 14:11:00,0,0,0,0,0
2022-12-27 14:12:00,0,0,0,0,0
2022-12-27 14:13:00,0,0,0,0,0
2022-12-27 14:14:00,0,0,0,0,0
2022-12-27 14:15:00,0,0,0,0,0
2022-12-27 14:16:00,0,0,0,0,0
2022-12-27 14:17:00,0,0,0,0,0
2022-12-27 14:18:00,0,0,0,0,0
2022-12-27 14:19:00,0,0,0,0,0
2022-12-27 14:20:00,0,0,0,0,0
2022-12-27 14:21:00,0,0,0,0,0
2022-12-27 14:22:00,0,0,0,0,0
2022-12-27 14:23:00,0,0,0,0,0
2022-12-27 14:24:00,0,0,0,0,0
2022-12-27 14:25:00,0,0,0,0,0
2022-12-27 14:26:00,0,0,0,0,0
2022-12-27 14:27:00,326,326,326,326,400
2022-12-27 14:28:00,0,0,0,0,0
2022-12-27 14:29:00,0,0,0,0,0
2022-12-27 14:30:00,0,0,0,0,0
2022-12-27 14:31:00,0,0,0,0,0
2022-12-27 14:32:00,0,0,0,0,0
2022-12-27 14:33:00,0,0,0,0,0
2022-12-27 14:34:00,0,0,0,0,0
2022-12-27 14:35:00,0,0,0,0,0
2022-12-27 14:36:00,0,0,0,0,0
2022-12-27 14:37:00,0,0,0,0,0
2022-12-27 14:38:00,0,0,0,0,0
2022-12-27 14:39:00,0,0,0,0,0
2022-12-27 14:40:00,0,0,0,0,0
2022-12-27 14:41:00,322,322,328,328,800
2022-12-27 14:42:00,326,326,326,326,4700
2022-12-27 14:43:00,0,0,0,0,0
2022-12-27 14:44:00,0,0,0,0,0
2022-12-27 14:45:00,328,328,328,328,0
2022-12-27 14:46:00,0,0,0,0,0
2022-12-27 14:47:00,326,326,326,326,2000
2022-12-27 14:48:00,0,0,0,0,0
2022-12-27 14:49:00,0,0,0,0,0
2022-12-27 14:50:00,0,0,0,0,0
2022-12-27 14:51:00,0,0,0,0,0
2022-12-27 14:52:00,0,0,0,0,0
2022-12-27 14:53:00,0,0,0,0,0
2022-12-27 14:54:00,0,0,0,0,0
2022-12-27 14:55:00,0,0,0,0,0
2022-12-27 14:56:00,0,0,0,0,0
2022-12-27 14:57:00,0,0,0,0,0
2022-12-27 14:58:00,0,0,0,0,0
2022-12-27 14:59:00,0,0,0,0,0
2022-12-27 15:00:00,322,322,322,322,700
2022-12-27 15:01:00,0,0,0,0,0
2022-12-27 15:02:00,0,0,0,0,0
2022-12-27 15:03:00,0,0,0,0,0
2022-12-27 15:04:00,322,322,322,322,221000
2022-12-27 15:05:00,0,0,0,0,0
2022-12-27 15:06:00,0,0,0,0,0
2022-12-27 15:07:00,0,0,0,0,0
2022-12-27 15:08:00,0,0,0,0,0
2022-12-27 15:09:00,0,0,0,0,0
2022-12-27 15:10:00,0,0,0,0,0
2022-12-27 15:11:00,0,0,0,0,0
2022-12-27 15:12:00,0,0,0,0,0
2022-12-27 15:13:00,0,0,0,0,0
2022-12-27 15:14:00,0,0,0,0,0
2022-12-27 15:15:00,0,0,0,0,0
2022-12-27 15:16:00,0,0,0,0,0
2022-12-27 15:17:00,0,0,0,0,0
2022-12-27 15:18:00,0,0,0,0,0
2022-12-27 15:19:00,0,0,0,0,0
2022-12-27 15:20:00,0,0,0,0,0
2022-12-27 15:21:00,0,0,0,0,0
2022-12-27 15:22:00,0,0,0,0,0
2022-12-27 15:23:00,0,0,0,0,0
2022-12-27 15:24:00,0,0,0,0,0
2022-12-27 15:25:00,0,0,0,0,0
2022-12-27 15:26:00,0,0,0,0,0
2022-12-27 15:27:00,0,0,0,0,0
2022-12-27 15:28:00,0,0,0,0,0
2022-12-27 15:29:00,0,0,0,0,0
2022-12-27 15:30:00,0,0,0,0,0
2022-12-27 15:31:00,0,0,0,0,0
2022-12-27 15:32:00,0,0,0,0,0
2022-12-27 15:33:00,0,0,0,0,0
2022-12-27 15:34:00,0,0,0,0,0
2022-12-27 15:35:00,0,0,0,0,0
2022-12-27 15:36:00,0,0,0,0,0
2022-12-27 15:37:00,0,0,0,0,0
2022-12-27 15:38:00,0,0,0,0,0
2022-12-27 15:39:00,0,0,0,0,0
2022-12-27 15:40:00,0,0,0,0,0
2022-12-27 15:41:00,0,0,0,0,0
2022-12-27 15:42:00,0,0,0,0,0
2022-12-27 15:43:00,0,0,0,0,0
2022-12-27 15:44:00,0,0,0,0,0
2022-12-27 15:45:00,0,0,0,0,0
2022-12-27 15:46:00,0,0,0,0,0
2022-12-27 15:47:00,0,0,0,0,0
2022-12-27 15:48:00,0,0,0,0,0
2022-12-27 15:49:00,0,0,0,0,0
2022-12-27 15:50:00,0,0,0,0,0
2022-12-27 15:51:00,0,0,0,0,0
2022-12-27 15:52:00,0,0,0,0,0
2022-12-27 15:53:00,0,0,0,0,0
2022-12-27 15:54:00,0,0,0,0,0
2022-12-27 15:55:00,0,0,0,0,0
2022-12-27 15:56:00,0,0,0,0,0
2022-12-27 15:57:00,0,0,0,0,0
2022-12-27 15:58:00,0,0,0,0,0
2022-12-27 15:59:00,0,0,0,0,0
2022-12-28 09:00:00,322,322,322,322,0
2022-12-28 09:01:00,0,0,0,0,0
2022-12-28 09:02:00,0,0,0,0,0
2022-12-28 09:03:00,0,0,0,0,0
2022-12-28 09:04:00,0,0,0,0,0
2022-12-28 09:05:00,318,310,318,310,46400
2022-12-28 09:06:00,0,0,0,0,0
2022-12-28 09:07:00,310,310,310,310,1900
2022-12-28 09:08:00,310,310,310,310,4500
2022-12-28 09:09:00,0,0,0,0,0
2022-12-28 09:10:00,0,0,0,0,0
2022-12-28 09:11:00,0,0,0,0,0
2022-12-28 09:12:00,306,300,306,300,1200
2022-12-28 09:13:00,300,300,300,300,4300
2022-12-28 09:14:00,0,0,0,0,0
2022-12-28 09:15:00,310,310,310,310,4800
2022-12-28 09:16:00,0,0,0,0,0
2022-12-28 09:17:00,310,310,310,310,2500
2022-12-28 09:18:00,0,0,0,0,0
2022-12-28 09:19:00,302,302,302,302,0
2022-12-28 09:20:00,300,300,300,300,4500
2022-12-28 09:21:00,302,300,302,300,6600
2022-12-28 09:22:00,0,0,0,0,0
2022-12-28 09:23:00,0,0,0,0,0
2022-12-28 09:24:00,0,0,0,0,0
2022-12-28 09:25:00,0,0,0,0,0
2022-12-28 09:26:00,0,0,0,0,0
2022-12-28 09:27:00,0,0,0,0,0
2022-12-28 09:28:00,0,0,0,0,0
2022-12-28 09:29:00,0,0,0,0,0
2022-12-28 09:30:00,0,0,0,0,0
2022-12-28 09:31:00,304,300,304,300,5700
2022-12-28 09:32:00,0,0,0,0,0
2022-12-28 09:33:00,0,0,0,0,0
2022-12-28 09:34:00,300,300,300,300,1700
2022-12-28 09:35:00,0,0,0,0,0
2022-12-28 09:36:00,0,0,0,0,0
2022-12-28 09:37:00,0,0,0,0,0
2022-12-28 09:38:00,0,0,0,0,0
2022-12-28 09:39:00,0,0,0,0,0
2022-12-28 09:40:00,0,0,0,0,0
2022-12-28 09:41:00,300,300,300,300,500
2022-12-28 09:42:00,300,300,300,300,0
2022-12-28 09:43:00,0,0,0,0,0
2022-12-28 09:44:00,0,0,0,0,0
2022-12-28 09:45:00,0,0,0,0,0
2022-12-28 09:46:00,0,0,0,0,0
2022-12-28 09:47:00,300,300,300,300,500
2022-12-28 09:48:00,0,0,0,0,0
2022-12-28 09:49:00,0,0,0,0,0
2022-12-28 09:50:00,0,0,0,0,0
2022-12-28 09:51:00,0,0,0,0,0
2022-12-28 09:52:00,0,0,0,0,0
2022-12-28 09:53:00,310,310,310,310,100
2022-12-28 09:54:00,0,0,0,0,0
2022-12-28 09:55:00,0,0,0,0,0
2022-12-28 09:56:00,0,0,0,0,0
2022-12-28 09:57:00,0,0,0,0,0
2022-12-28 09:58:00,0,0,0,0,0
2022-12-28 09:59:00,0,0,0,0,0
2022-12-28 10:00:00,0,0,0,0,0
2022-12-28 10:01:00,0,0,0,0,0
2022-12-28 10:02:00,0,0,0,0,0
2022-12-28 10:03:00,0,0,0,0,0
2022-12-28 10:04:00,0,0,0,0,0
2022-12-28 10:05:00,0,0,0,0,0
2022-12-28 10:06:00,0,0,0,0,0
2022-12-28 10:07:00,0,0,0,0,0
2022-12-28 10:08:00,0,0,0,0,0
2022-12-28 10:09:00,0,0,0,0,0
2022-12-28 10:10:00,0,0,0,0,0
2022-12-28 10:11:00,0,0,0,0,0
2022-12-28 10:12:00,0,0,0,0,0
2022-12-28 10:13:00,0,0,0,0,0
2022-12-28 10:14:00,0,0,0,0,0
2022-12-28 10:15:00,0,0,0,0,0
2022-12-28 10:16:00,0,0,0,0,0
2022-12-28 10:17:00,0,0,0,0,0
2022-12-28 10:18:00,0,0,0,0,0
2022-12-28 10:19:00,0,0,0,0,0
2022-12-28 10:20:00,0,0,0,0,0
2022-12-28 10:21:00,0,0,0,0,0
2022-12-28 10:22:00,0,0,0,0,0
2022-12-28 10:23:00,0,0,0,0,0
2022-12-28 10:24:00,0,0,0,0,0
2022-12-28 10:25:00,300,300,300,300,600
2022-12-28 10:26:00,0,0,0,0,0
2022-12-28 10:27:00,0,0,0,0,0
2022-12-28 10:28:00,0,0,0,0,0
2022-12-28 10:29:00,0,0,0,0,0
2022-12-28 10:30:00,0,0,0,0,0
2022-12-28 10:31:00,0,0,0,0,0
2022-12-28 10:32:00,0,0,0,0,0
2022-12-28 10:33:00,0,0,0,0,0
2022-12-28 10:34:00,302,300,302,300,6100
2022-12-28 10:35:00,0,0,0,0,0
2022-12-28 10:36:00,300,300,300,300,0
2022-12-28 10:37:00,0,0,0,0,0
2022-12-28 10:38:00,0,0,0,0,0
2022-12-28 10:39:00,0,0,0,0,0
2022-12-28 10:40:00,0,0,0,0,0
2022-12-28 10:41:00,0,0,0,0,0
2022-12-28 10:42:00,0,0,0,0,0
2022-12-28 10:43:00,0,0,0,0,0
2022-12-28 10:44:00,0,0,0,0,0
2022-12-28 10:45:00,0,0,0,0,0
2022-12-28 10:46:00,0,0,0,0,0
2022-12-28 10:47:00,0,0,0,0,0
2022-12-28 10:48:00,0,0,0,0,0
2022-12-28 10:49:00,0,0,0,0,0
2022-12-28 10:50:00,0,0,0,0,0
2022-12-28 10:51:00,0,0,0,0,0
2022-12-28 10:52:00,0,0,0,0,0
2022-12-28 10:53:00,0,0,0,0,0
2022-12-28 10:54:00,0,0,0,0,0
2022-12-28 10:55:00,0,0,0,0,0
2022-12-28 10:56:00,0,0,0,0,0
2022-12-28 10:57:00,0,0,0,0,0
2022-12-28 10:58:00,0,0,0,0,0
2022-12-28 10:59:00,0,0,0,0,0
2022-12-28 11:00:00,0,0,0,0,0
2022-12-28 11:01:00,0,0,0,0,0
2022-12-28 11:02:00,0,0,0,0,0
2022-12-28 11:03:00,0,0,0,0,0
2022-12-28 11:04:00,0,0,0,0,0
2022-12-28 11:05:00,0,0,0,0,0
2022-12-28 11:06:00,0,0,0,0,0
2022-12-28 11:07:00,0,0,0,0,0
2022-12-28 11:08:00,0,0,0,0,0
2022-12-28 11:09:00,300,300,300,300,0
2022-12-28 11:10:00,0,0,0,0,0
2022-12-28 11:11:00,0,0,0,0,0
2022-12-28 11:12:00,0,0,0,0,0
2022-12-28 11:13:00,0,0,0,0,0
2022-12-28 11:14:00,0,0,0,0,0
2022-12-28 11:15:00,0,0,0,0,0
2022-12-28 11:16:00,0,0,0,0,0
2022-12-28 11:17:00,0,0,0,0,0
2022-12-28 11:18:00,0,0,0,0,0
2022-12-28 11:19:00,0,0,0,0,0
2022-12-28 11:20:00,0,0,0,0,0
2022-12-28 11:21:00,0,0,0,0,0
2022-12-28 11:22:00,0,0,0,0,0
2022-12-28 11:23:00,0,0,0,0,0
2022-12-28 11:24:00,0,0,0,0,0
2022-12-28 11:25:00,0,0,0,0,0
2022-12-28 11:26:00,0,0,0,0,0
2022-12-28 11:27:00,0,0,0,0,0
2022-12-28 11:28:00,0,0,0,0,0
2022-12-28 11:29:00,0,0,0,0,0
2022-12-28 11:30:00,0,0,0,0,0
2022-12-28 11:31:00,0,0,0,0,0
2022-12-28 11:32:00,0,0,0,0,0
2022-12-28 11:33:00,0,0,0,0,0
2022-12-28 11:34:00,0,0,0,0,0
2022-12-28 11:35:00,0,0,0,0,0
2022-12-28 11:36:00,0,0,0,0,0
2022-12-28 11:37:00,0,0,0,0,0
2022-12-28 11:38:00,0,0,0,0,0
2022-12-28 11:39:00,0,0,0,0,0
2022-12-28 11:40:00,0,0,0,0,0
2022-12-28 11:41:00,0,0,0,0,0
2022-12-28 11:42:00,0,0,0,0,0
2022-12-28 11:43:00,0,0,0,0,0
2022-12-28 11:44:00,0,0,0,0,0
2022-12-28 11:45:00,0,0,0,0,0
2022-12-28 11:46:00,0,0,0,0,0
2022-12-28 11:47:00,0,0,0,0,0
2022-12-28 11:48:00,0,0,0,0,0
2022-12-28 11:49:00,0,0,0,0,0
2022-12-28 11:50:00,0,0,0,0,0
2022-12-28 11:51:00,0,0,0,0,0
2022-12-28 11:52:00,0,0,0,0,0
2022-12-28 11:53:00,0,0,0,0,0
2022-12-28 11:54:00,0,0,0,0,0
2022-12-28 11:55:00,0,0,0,0,0
2022-12-28 11:56:00,0,0,0,0,0
2022-12-28 11:57:00,0,0,0,0,0
2022-12-28 11:58:00,0,0,0,0,0
2022-12-28 11:59:00,0,0,0,0,0
2022-12-28 12:00:00,0,0,0,0,0
2022-12-28 12:01:00,0,0,0,0,0
2022-12-28 12:02:00,0,0,0,0,0
2022-12-28 12:03:00,0,0,0,0,0
2022-12-28 12:04:00,0,0,0,0,0
2022-12-28 12:05:00,0,0,0,0,0
2022-12-28 12:06:00,0,0,0,0,0
2022-12-28 12:07:00,0,0,0,0,0
2022-12-28 12:08:00,0,0,0,0,0
2022-12-28 12:09:00,0,0,0,0,0
2022-12-28 12:10:00,0,0,0,0,0
2022-12-28 12:11:00,0,0,0,0,0
2022-12-28 12:12:00,0,0,0,0,0
2022-12-28 12:13:00,0,0,0,0,0
2022-12-28 12:14:00,0,0,0,0,0
2022-12-28 12:15:00,0,0,0,0,0
2022-12-28 12:16:00,0,0,0,0,0
2022-12-28 12:17:00,0,0,0,0,0
2022-12-28 12:18:00,0,0,0,0,0
2022-12-28 12:19:00,0,0,0,0,0
2022-12-28 12:20:00,0,0,0,0,0
2022-12-28 12:21:00,0,0,0,0,0
2022-12-28 12:22:00,0,0,0,0,0
2022-12-28 12:23:00,0,0,0,0,0
2022-12-28 12:24:00,0,0,0,0,0
2022-12-28 12:25:00,0,0,0,0,0
2022-12-28 12:26:00,0,0,0,0,0
2022-12-28 12:27:00,0,0,0,0,0
2022-12-28 12:28:00,0,0,0,0,0
2022-12-28 12:29:00,0,0,0,0,0
2022-12-28 12:30:00,0,0,0,0,0
2022-12-28 12:31:00,0,0,0,0,0
2022-12-28 12:32:00,0,0,0,0,0
2022-12-28 12:33:00,0,0,0,0,0
2022-12-28 12:34:00,0,0,0,0,0
2022-12-28 12:35:00,0,0,0,0,0
2022-12-28 12:36:00,0,0,0,0,0
2022-12-28 12:37:00,0,0,0,0,0
2022-12-28 12:38:00,0,0,0,0,0
2022-12-28 12:39:00,0,0,0,0,0
2022-12-28 12:40:00,0,0,0,0,0
2022-12-28 12:41:00,0,0,0,0,0
2022-12-28 12:42:00,0,0,0,0,0
2022-12-28 12:43:00,0,0,0,0,0
2022-12-28 12:44:00,0,0,0,0,0
2022-12-28 12:45:00,0,0,0,0,0
2022-12-28 12:46:00,0,0,0,0,0
2022-12-28 12:47:00,0,0,0,0,0
2022-12-28 12:48:00,0,0,0,0,0
2022-12-28 12:49:00,0,0,0,0,0
2022-12-28 12:50:00,0,0,0,0,0
2022-12-28 12:51:00,0,0,0,0,0
2022-12-28 12:52:00,0,0,0,0,0
2022-12-28 12:53:00,0,0,0,0,0
2022-12-28 12:54:00,0,0,0,0,0
2022-12-28 12:55:00,0,0,0,0,0
2022-12-28 12:56:00,0,0,0,0,0
2022-12-28 12:57:00,0,0,0,0,0
2022-12-28 12:58:00,0,0,0,0,0
2022-12-28 12:59:00,0,0,0,0,0
2022-12-28 13:00:00,0,0,0,0,0
2022-12-28 13:01:00,0,0,0,0,0
2022-12-28 13:02:00,0,0,0,0,0
2022-12-28 13:03:00,0,0,0,0,0
2022-12-28 13:04:00,0,0,0,0,0
2022-12-28 13:05:00,0,0,0,0,0
2022-12-28 13:06:00,0,0,0,0,0
2022-12-28 13:07:00,0,0,0,0,0
2022-12-28 13:08:00,0,0,0,0,0
2022-12-28 13:09:00,0,0,0,0,0
2022-12-28 13:10:00,0,0,0,0,0
2022-12-28 13:11:00,0,0,0,0,0
2022-12-28 13:12:00,0,0,0,0,0
2022-12-28 13:13:00,0,0,0,0,0
2022-12-28 13:14:00,0,0,0,0,0
2022-12-28 13:15:00,0,0,0,0,0
2022-12-28 13:16:00,0,0,0,0,0
2022-12-28 13:17:00,0,0,0,0,0
2022-12-28 13:18:00,0,0,0,0,0
2022-12-28 13:19:00,0,0,0,0,0
2022-12-28 13:20:00,0,0,0,0,0
2022-12-28 13:21:00,0,0,0,0,0
2022-12-28 13:22:00,0,0,0,0,0
2022-12-28 13:23:00,0,0,0,0,0
2022-12-28 13:24:00,0,0,0,0,0
2022-12-28 13:25:00,0,0,0,0,0
2022-12-28 13:26:00,0,0,0,0,0
2022-12-28 13:27:00,0,0,0,0,0
2022-12-28 13:28:00,0,0,0,0,0
2022-12-28 13:29:00,0,0,0,0,0
2022-12-28 13:30:00,0,0,0,0,0
2022-12-28 13:31:00,0,0,0,0,0
2022-12-28 13:32:00,0,0,0,0,0
2022-12-28 13:33:00,300,300,300,300,24600
2022-12-28 13:34:00,0,0,0,0,0
2022-12-28 13:35:00,0,0,0,0,0
2022-12-28 13:36:00,0,0,0,0,0
2022-12-28 13:37:00,0,0,0,0,0
2022-12-28 13:38:00,300,300,300,300,4800
2022-12-28 13:39:00,300,300,300,300,3200
2022-12-28 13:40:00,0,0,0,0,0
2022-12-28 13:41:00,0,0,0,0,0
2022-12-28 13:42:00,0,0,0,0,0
2022-12-28 13:43:00,0,0,0,0,0
2022-12-28 13:44:00,0,0,0,0,0
2022-12-28 13:45:00,0,0,0,0,0
2022-12-28 13:46:00,0,0,0,0,0
2022-12-28 13:47:00,0,0,0,0,0
2022-12-28 13:48:00,0,0,0,0,0
2022-12-28 13:49:00,0,0,0,0,0
2022-12-28 13:50:00,0,0,0,0,0
2022-12-28 13:51:00,0,0,0,0,0
2022-12-28 13:52:00,0,0,0,0,0
2022-12-28 13:53:00,0,0,0,0,0
2022-12-28 13:54:00,0,0,0,0,0
2022-12-28 13:55:00,0,0,0,0,0
2022-12-28 13:56:00,0,0,0,0,0
2022-12-28 13:57:00,0,0,0,0,0
2022-12-28 13:58:00,0,0,0,0,0
2022-12-28 13:59:00,0,0,0,0,0
2022-12-28 14:00:00,0,0,0,0,0
2022-12-28 14:01:00,0,0,0,0,0
2022-12-28 14:02:00,0,0,0,0,0
2022-12-28 14:03:00,0,0,0,0,0
2022-12-28 14:04:00,0,0,0,0,0
2022-12-28 14:05:00,0,0,0,0,0
2022-12-28 14:06:00,0,0,0,0,0
2022-12-28 14:07:00,0,0,0,0,0
2022-12-28 14:08:00,0,0,0,0,0
2022-12-28 14:09:00,0,0,0,0,0
2022-12-28 14:10:00,0,0,0,0,0
2022-12-28 14:11:00,0,0,0,0,0
2022-12-28 14:12:00,0,0,0,0,0
2022-12-28 14:13:00,0,0,0,0,0
2022-12-28 14:14:00,0,0,0,0,0
2022-12-28 14:15:00,0,0,0,0,0
2022-12-28 14:16:00,0,0,0,0,0
2022-12-28 14:17:00,0,0,0,0,0
2022-12-28 14:18:00,0,0,0,0,0
2022-12-28 14:19:00,0,0,0,0,0
2022-12-28 14:20:00,0,0,0,0,0
2022-12-28 14:21:00,0,0,0,0,0
2022-12-28 14:22:00,0,0,0,0,0
2022-12-28 14:23:00,0,0,0,0,0
2022-12-28 14:24:00,300,300,300,300,1000
2022-12-28 14:25:00,0,0,0,0,0
2022-12-28 14:26:00,0,0,0,0,0
2022-12-28 14:27:00,0,0,0,0,0
2022-12-28 14:28:00,0,0,0,0,0
2022-12-28 14:29:00,0,0,0,0,0
2022-12-28 14:30:00,0,0,0,0,0
2022-12-28 14:31:00,0,0,0,0,0
2022-12-28 14:32:00,0,0,0,0,0
2022-12-28 14:33:00,0,0,0,0,0
2022-12-28 14:34:00,0,0,0,0,0
2022-12-28 14:35:00,0,0,0,0,0
2022-12-28 14:36:00,0,0,0,0,0
2022-12-28 14:37:00,0,0,0,0,0
2022-12-28 14:38:00,0,0,0,0,0
2022-12-28 14:39:00,0,0,0,0,0
2022-12-28 14:40:00,0,0,0,0,0
2022-12-28 14:41:00,0,0,0,0,0
2022-12-28 14:42:00,0,0,0,0,0
2022-12-28 14:43:00,0,0,0,0,0
2022-12-28 14:44:00,0,0,0,0,0
2022-12-28 14:45:00,0,0,0,0,0
2022-12-28 14:46:00,0,0,0,0,0
2022-12-28 14:47:00,0,0,0,0,0
2022-12-28 14:48:00,0,0,0,0,0
2022-12-28 14:49:00,300,300,322,322,65600
2022-12-28 14:50:00,0,0,0,0,0
2022-12-28 14:51:00,0,0,0,0,0
2022-12-28 14:52:00,0,0,0,0,0
2022-12-28 14:53:00,0,0,0,0,0
2022-12-28 14:54:00,0,0,0,0,0
2022-12-28 14:55:00,0,0,0,0,0
2022-12-28 14:56:00,0,0,0,0,0
2022-12-28 14:57:00,0,0,0,0,0
2022-12-28 14:58:00,0,0,0,0,0
2022-12-28 14:59:00,0,0,0,0,0
2022-12-28 15:00:00,322,322,322,322,211700
2022-12-28 15:01:00,0,0,0,0,0
2022-12-28 15:02:00,0,0,0,0,0
2022-12-28 15:03:00,0,0,0,0,0
2022-12-28 15:04:00,0,0,0,0,0
2022-12-28 15:05:00,0,0,0,0,0
2022-12-28 15:06:00,0,0,0,0,0
2022-12-28 15:07:00,0,0,0,0,0
2022-12-28 15:08:00,0,0,0,0,0
2022-12-28 15:09:00,0,0,0,0,0
2022-12-28 15:10:00,0,0,0,0,0
2022-12-28 15:11:00,0,0,0,0,0
2022-12-28 15:12:00,0,0,0,0,0
2022-12-28 15:13:00,0,0,0,0,0
2022-12-28 15:14:00,0,0,0,0,0
2022-12-28 15:15:00,0,0,0,0,0
2022-12-28 15:16:00,0,0,0,0,0
2022-12-28 15:17:00,0,0,0,0,0
2022-12-28 15:18:00,0,0,0,0,0
2022-12-28 15:19:00,0,0,0,0,0
2022-12-28 15:20:00,0,0,0,0,0
2022-12-28 15:21:00,0,0,0,0,0
2022-12-28 15:22:00,0,0,0,0,0
2022-12-28 15:23:00,0,0,0,0,0
2022-12-28 15:24:00,0,0,0,0,0
2022-12-28 15:25:00,0,0,0,0,0
2022-12-28 15:26:00,0,0,0,0,0
2022-12-28 15:27:00,0,0,0,0,0
2022-12-28 15:28:00,0,0,0,0,0
2022-12-28 15:29:00,0,0,0,0,0
2022-12-28 15:30:00,0,0,0,0,0
2022-12-28 15:31:00,0,0,0,0,0
2022-12-28 15:32:00,0,0,0,0,0
2022-12-28 15:33:00,0,0,0,0,0
2022-12-28 15:34:00,0,0,0,0,0
2022-12-28 15:35:00,0,0,0,0,0
2022-12-28 15:36:00,0,0,0,0,0
2022-12-28 15:37:00,0,0,0,0,0
2022-12-28 15:38:00,0,0,0,0,0
2022-12-28 15:39:00,0,0,0,0,0
2022-12-28 15:40:00,0,0,0,0,0
2022-12-28 15:41:00,0,0,0,0,0
2022-12-28 15:42:00,0,0,0,0,0
2022-12-28 15:43:00,0,0,0,0,0
2022-12-28 15:44:00,0,0,0,0,0
2022-12-28 15:45:00,0,0,0,0,0
2022-12-28 15:46:00,0,0,0,0,0
2022-12-28 15:47:00,0,0,0,0,0
2022-12-28 15:48:00,0,0,0,0,0
2022-12-28 15:49:00,0,0,0,0,0
2022-12-28 15:50:00,0,0,0,0,0
2022-12-28 15:51:00,0,0,0,0,0
2022-12-28 15:52:00,0,0,0,0,0
2022-12-28 15:53:00,0,0,0,0,0
2022-12-28 15:54:00,0,0,0,0,0
2022-12-28 15:55:00,0,0,0,0,0
2022-12-28 15:56:00,0,0,0,0,0
2022-12-28 15:57:00,0,0,0,0,0
2022-12-28 15:58:00,0,0,0,0,0
2022-12-28 15:59:00,0,0,0,0,0
2022-12-29 09:00:00,0,0,0,0,0
2022-12-29 09:01:00,0,0,0,0,0
2022-12-29 09:02:00,0,0,0,0,0
2022-12-29 09:03:00,316,316,316,316,0
2022-12-29 09:04:00,0,0,0,0,0
2022-12-29 09:05:00,316,316,316,316,300
2022-12-29 09:06:00,0,0,0,0,0
2022-12-29 09:07:00,0,0,0,0,0
2022-12-29 09:08:00,0,0,0,0,0
2022-12-29 09:09:00,0,0,0,0,0
2022-12-29 09:10:00,0,0,0,0,0
2022-12-29 09:11:00,316,316,316,316,1500
2022-12-29 09:12:00,0,0,0,0,0
2022-12-29 09:13:00,0,0,0,0,0
2022-12-29 09:14:00,0,0,0,0,0
2022-12-29 09:15:00,0,0,0,0,0
2022-12-29 09:16:00,0,0,0,0,0
2022-12-29 09:17:00,0,0,0,0,0
2022-12-29 09:18:00,0,0,0,0,0
2022-12-29 09:19:00,0,0,0,0,0
2022-12-29 09:20:00,0,0,0,0,0
2022-12-29 09:21:00,0,0,0,0,0
2022-12-29 09:22:00,0,0,0,0,0
2022-12-29 09:23:00,0,0,0,0,0
2022-12-29 09:24:00,0,0,0,0,0
2022-12-29 09:25:00,0,0,0,0,0
2022-12-29 09:26:00,0,0,0,0,0
2022-12-29 09:27:00,0,0,0,0,0
2022-12-29 09:28:00,0,0,0,0,0
2022-12-29 09:29:00,0,0,0,0,0
2022-12-29 09:30:00,0,0,0,0,0
2022-12-29 09:31:00,0,0,0,0,0
2022-12-29 09:32:00,0,0,0,0,0
2022-12-29 09:33:00,0,0,0,0,0
2022-12-29 09:34:00,0,0,0,0,0
2022-12-29 09:35:00,0,0,0,0,0
2022-12-29 09:36:00,0,0,0,0,0
2022-12-29 09:37:00,0,0,0,0,0
2022-12-29 09:38:00,0,0,0,0,0
2022-12-29 09:39:00,0,0,0,0,0
2022-12-29 09:40:00,0,0,0,0,0
2022-12-29 09:41:00,0,0,0,0,0
2022-12-29 09:42:00,0,0,0,0,0
2022-12-29 09:43:00,0,0,0,0,0
2022-12-29 09:44:00,0,0,0,0,0
2022-12-29 09:45:00,0,0,0,0,0
2022-12-29 09:46:00,0,0,0,0,0
2022-12-29 09:47:00,0,0,0,0,0
2022-12-29 09:48:00,0,0,0,0,0
2022-12-29 09:49:00,0,0,0,0,0
2022-12-29 09:50:00,0,0,0,0,0
2022-12-29 09:51:00,0,0,0,0,0
2022-12-29 09:52:00,0,0,0,0,0
2022-12-29 09:53:00,0,0,0,0,0
2022-12-29 09:54:00,304,302,304,302,600
2022-12-29 09:55:00,0,0,0,0,0
2022-12-29 09:56:00,0,0,0,0,0
2022-12-29 09:57:00,0,0,0,0,0
2022-12-29 09:58:00,0,0,0,0,0
2022-12-29 09:59:00,0,0,0,0,0
2022-12-29 10:00:00,304,304,304,304,400
2022-12-29 10:01:00,0,0,0,0,0
2022-12-29 10:02:00,304,304,304,304,200
2022-12-29 10:03:00,314,314,314,314,0
2022-12-29 10:04:00,0,0,0,0,0
2022-12-29 10:05:00,0,0,0,0,0
2022-12-29 10:06:00,0,0,0,0,0
2022-12-29 10:07:00,0,0,0,0,0
2022-12-29 10:08:00,304,300,304,300,30000
2022-12-29 10:09:00,0,0,0,0,0
2022-12-29 10:10:00,0,0,0,0,0
2022-12-29 10:11:00,0,0,0,0,0
2022-12-29 10:12:00,0,0,0,0,0
2022-12-29 10:13:00,0,0,0,0,0
2022-12-29 10:14:00,0,0,0,0,0
2022-12-29 10:15:00,0,0,0,0,0
2022-12-29 10:16:00,0,0,0,0,0
2022-12-29 10:17:00,0,0,0,0,0
2022-12-29 10:18:00,314,314,316,316,1000
2022-12-29 10:19:00,0,0,0,0,0
2022-12-29 10:20:00,0,0,0,0,0
2022-12-29 10:21:00,0,0,0,0,0
2022-12-29 10:22:00,0,0,0,0,0
2022-12-29 10:23:00,0,0,0,0,0
2022-12-29 10:24:00,304,300,304,300,20100
2022-12-29 10:25:00,0,0,0,0,0
2022-12-29 10:26:00,0,0,0,0,0
2022-12-29 10:27:00,0,0,0,0,0
2022-12-29 10:28:00,0,0,0,0,0
2022-12-29 10:29:00,0,0,0,0,0
2022-12-29 10:30:00,0,0,0,0,0
2022-12-29 10:31:00,0,0,0,0,0
2022-12-29 10:32:00,300,300,300,300,2000
2022-12-29 10:33:00,0,0,0,0,0
2022-12-29 10:34:00,300,300,300,300,0
2022-12-29 10:35:00,0,0,0,0,0
2022-12-29 10:36:00,0,0,0,0,0
2022-12-29 10:37:00,0,0,0,0,0
2022-12-29 10:38:00,0,0,0,0,0
2022-12-29 10:39:00,0,0,0,0,0
2022-12-29 10:40:00,0,0,0,0,0
2022-12-29 10:41:00,0,0,0,0,0
2022-12-29 10:42:00,0,0,0,0,0
2022-12-29 10:43:00,0,0,0,0,0
2022-12-29 10:44:00,0,0,0,0,0
2022-12-29 10:45:00,0,0,0,0,0
2022-12-29 10:46:00,0,0,0,0,0
2022-12-29 10:47:00,0,0,0,0,0
2022-12-29 10:48:00,0,0,0,0,0
2022-12-29 10:49:00,0,0,0,0,0
2022-12-29 10:50:00,0,0,0,0,0
2022-12-29 10:51:00,0,0,0,0,0
2022-12-29 10:52:00,0,0,0,0,0
2022-12-29 10:53:00,300,300,300,300,15600
2022-12-29 10:54:00,0,0,0,0,0
2022-12-29 10:55:00,0,0,0,0,0
2022-12-29 10:56:00,0,0,0,0,0
2022-12-29 10:57:00,0,0,0,0,0
2022-12-29 10:58:00,0,0,0,0,0
2022-12-29 10:59:00,0,0,0,0,0
2022-12-29 11:00:00,0,0,0,0,0
2022-12-29 11:01:00,0,0,0,0,0
2022-12-29 11:02:00,0,0,0,0,0
2022-12-29 11:03:00,0,0,0,0,0
2022-12-29 11:04:00,300,300,300,300,800
2022-12-29 11:05:00,0,0,0,0,0
2022-12-29 11:06:00,0,0,0,0,0
2022-12-29 11:07:00,0,0,0,0,0
2022-12-29 11:08:00,0,0,0,0,0
2022-12-29 11:09:00,300,300,300,300,1500
2022-12-29 11:10:00,0,0,0,0,0
2022-12-29 11:11:00,0,0,0,0,0
2022-12-29 11:12:00,0,0,0,0,0
2022-12-29 11:13:00,0,0,0,0,0
2022-12-29 11:14:00,0,0,0,0,0
2022-12-29 11:15:00,0,0,0,0,0
2022-12-29 11:16:00,0,0,0,0,0
2022-12-29 11:17:00,0,0,0,0,0
2022-12-29 11:18:00,0,0,0,0,0
2022-12-29 11:19:00,0,0,0,0,0
2022-12-29 11:20:00,0,0,0,0,0
2022-12-29 11:21:00,0,0,0,0,0
2022-12-29 11:22:00,0,0,0,0,0
2022-12-29 11:23:00,300,300,300,300,200
2022-12-29 11:24:00,0,0,0,0,0
2022-12-29 11:25:00,0,0,0,0,0
2022-12-29 11:26:00,0,0,0,0,0
2022-12-29 11:27:00,0,0,0,0,0
2022-12-29 11:28:00,0,0,0,0,0
2022-12-29 11:29:00,0,0,0,0,0
2022-12-29 11:30:00,0,0,0,0,0
2022-12-29 11:31:00,0,0,0,0,0
2022-12-29 11:32:00,0,0,0,0,0
2022-12-29 11:33:00,0,0,0,0,0
2022-12-29 11:34:00,0,0,0,0,0
2022-12-29 11:35:00,0,0,0,0,0
2022-12-29 11:36:00,0,0,0,0,0
2022-12-29 11:37:00,0,0,0,0,0
2022-12-29 11:38:00,0,0,0,0,0
2022-12-29 11:39:00,0,0,0,0,0
2022-12-29 11:40:00,0,0,0,0,0
2022-12-29 11:41:00,0,0,0,0,0
2022-12-29 11:42:00,0,0,0,0,0
2022-12-29 11:43:00,0,0,0,0,0
2022-12-29 11:44:00,0,0,0,0,0
2022-12-29 11:45:00,0,0,0,0,0
2022-12-29 11:46:00,0,0,0,0,0
2022-12-29 11:47:00,0,0,0,0,0
2022-12-29 11:48:00,0,0,0,0,0
2022-12-29 11:49:00,0,0,0,0,0
2022-12-29 11:50:00,0,0,0,0,0
2022-12-29 11:51:00,0,0,0,0,0
2022-12-29 11:52:00,0,0,0,0,0
2022-12-29 11:53:00,0,0,0,0,0
2022-12-29 11:54:00,0,0,0,0,0
2022-12-29 11:55:00,0,0,0,0,0
2022-12-29 11:56:00,0,0,0,0,0
2022-12-29 11:57:00,0,0,0,0,0
2022-12-29 11:58:00,0,0,0,0,0
2022-12-29 11:59:00,0,0,0,0,0
2022-12-29 12:00:00,0,0,0,0,0
2022-12-29 12:01:00,0,0,0,0,0
2022-12-29 12:02:00,0,0,0,0,0
2022-12-29 12:03:00,0,0,0,0,0
2022-12-29 12:04:00,0,0,0,0,0
2022-12-29 12:05:00,0,0,0,0,0
2022-12-29 12:06:00,0,0,0,0,0
2022-12-29 12:07:00,0,0,0,0,0
2022-12-29 12:08:00,0,0,0,0,0
2022-12-29 12:09:00,0,0,0,0,0
2022-12-29 12:10:00,0,0,0,0,0
2022-12-29 12:11:00,0,0,0,0,0
2022-12-29 12:12:00,0,0,0,0,0
2022-12-29 12:13:00,0,0,0,0,0
2022-12-29 12:14:00,0,0,0,0,0
2022-12-29 12:15:00,0,0,0,0,0
2022-12-29 12:16:00,0,0,0,0,0
2022-12-29 12:17:00,0,0,0,0,0
2022-12-29 12:18:00,0,0,0,0,0
2022-12-29 12:19:00,0,0,0,0,0
2022-12-29 12:20:00,0,0,0,0,0
2022-12-29 12:21:00,0,0,0,0,0
2022-12-29 12:22:00,0,0,0,0,0
2022-12-29 12:23:00,0,0,0,0,0
2022-12-29 12:24:00,0,0,0,0,0
2022-12-29 12:25:00,0,0,0,0,0
2022-12-29 12:26:00,0,0,0,0,0
2022-12-29 12:27:00,0,0,0,0,0
2022-12-29 12:28:00,0,0,0,0,0
2022-12-29 12:29:00,0,0,0,0,0
2022-12-29 12:30:00,0,0,0,0,0
2022-12-29 12:31:00,0,0,0,0,0
2022-12-29 12:32:00,0,0,0,0,0
2022-12-29 12:33:00,0,0,0,0,0
2022-12-29 12:34:00,0,0,0,0,0
2022-12-29 12:35:00,0,0,0,0,0
2022-12-29 12:36:00,0,0,0,0,0
2022-12-29 12:37:00,0,0,0,0,0
2022-12-29 12:38:00,0,0,0,0,0
2022-12-29 12:39:00,0,0,0,0,0
2022-12-29 12:40:00,0,0,0,0,0
2022-12-29 12:41:00,0,0,0,0,0
2022-12-29 12:42:00,0,0,0,0,0
2022-12-29 12:43:00,0,0,0,0,0
2022-12-29 12:44:00,0,0,0,0,0
2022-12-29 12:45:00,0,0,0,0,0
2022-12-29 12:46:00,0,0,0,0,0
2022-12-29 12:47:00,0,0,0,0,0
2022-12-29 12:48:00,0,0,0,0,0
2022-12-29 12:49:00,0,0,0,0,0
2022-12-29 12:50:00,0,0,0,0,0
2022-12-29 12:51:00,0,0,0,0,0
2022-12-29 12:52:00,0,0,0,0,0
2022-12-29 12:53:00,0,0,0,0,0
2022-12-29 12:54:00,0,0,0,0,0
2022-12-29 12:55:00,0,0,0,0,0
2022-12-29 12:56:00,0,0,0,0,0
2022-12-29 12:57:00,0,0,0,0,0
2022-12-29 12:58:00,0,0,0,0,0
2022-12-29 12:59:00,0,0,0,0,0
2022-12-29 13:00:00,0,0,0,0,0
2022-12-29 13:01:00,0,0,0,0,0
2022-12-29 13:02:00,0,0,0,0,0
2022-12-29 13:03:00,0,0,0,0,0
2022-12-29 13:04:00,0,0,0,0,0
2022-12-29 13:05:00,0,0,0,0,0
2022-12-29 13:06:00,0,0,0,0,0
2022-12-29 13:07:00,0,0,0,0,0
2022-12-29 13:08:00,0,0,0,0,0
2022-12-29 13:09:00,0,0,0,0,0
2022-12-29 13:10:00,0,0,0,0,0
2022-12-29 13:11:00,0,0,0,0,0
2022-12-29 13:12:00,0,0,0,0,0
2022-12-29 13:13:00,0,0,0,0,0
2022-12-29 13:14:00,0,0,0,0,0
2022-12-29 13:15:00,0,0,0,0,0
2022-12-29 13:16:00,0,0,0,0,0
2022-12-29 13:17:00,0,0,0,0,0
2022-12-29 13:18:00,0,0,0,0,0
2022-12-29 13:19:00,0,0,0,0,0
2022-12-29 13:20:00,0,0,0,0,0
2022-12-29 13:21:00,0,0,0,0,0
2022-12-29 13:22:00,0,0,0,0,0
2022-12-29 13:23:00,0,0,0,0,0
2022-12-29 13:24:00,0,0,0,0,0
2022-12-29 13:25:00,0,0,0,0,0
2022-12-29 13:26:00,0,0,0,0,0
2022-12-29 13:27:00,0,0,0,0,0
2022-12-29 13:28:00,0,0,0,0,0
2022-12-29 13:29:00,0,0,0,0,0
2022-12-29 13:30:00,300,300,300,300,6100
2022-12-29 13:31:00,0,0,0,0,0
2022-12-29 13:32:00,0,0,0,0,0
2022-12-29 13:33:00,0,0,0,0,0
2022-12-29 13:34:00,0,0,0,0,0
2022-12-29 13:35:00,0,0,0,0,0
2022-12-29 13:36:00,0,0,0,0,0
2022-12-29 13:37:00,0,0,0,0,0
2022-12-29 13:38:00,0,0,0,0,0
2022-12-29 13:39:00,0,0,0,0,0
2022-12-29 13:40:00,0,0,0,0,0
2022-12-29 13:41:00,0,0,0,0,0
2022-12-29 13:42:00,0,0,0,0,0
2022-12-29 13:43:00,0,0,0,0,0
2022-12-29 13:44:00,0,0,0,0,0
2022-12-29 13:45:00,0,0,0,0,0
2022-12-29 13:46:00,0,0,0,0,0
2022-12-29 13:47:00,300,300,300,300,100
2022-12-29 13:48:00,0,0,0,0,0
2022-12-29 13:49:00,0,0,0,0,0
2022-12-29 13:50:00,0,0,0,0,0
2022-12-29 13:51:00,0,0,0,0,0
2022-12-29 13:52:00,0,0,0,0,0
2022-12-29 13:53:00,0,0,0,0,0
2022-12-29 13:54:00,0,0,0,0,0
2022-12-29 13:55:00,0,0,0,0,0
2022-12-29 13:56:00,0,0,0,0,0
2022-12-29 13:57:00,0,0,0,0,0
2022-12-29 13:58:00,0,0,0,0,0
2022-12-29 13:59:00,0,0,0,0,0
2022-12-29 14:00:00,0,0,0,0,0
2022-12-29 14:01:00,0,0,0,0,0
2022-12-29 14:02:00,0,0,0,0,0
2022-12-29 14:03:00,0,0,0,0,0
2022-12-29 14:04:00,0,0,0,0,0
2022-12-29 14:05:00,0,0,0,0,0
2022-12-29 14:06:00,0,0,0,0,0
2022-12-29 14:07:00,0,0,0,0,0
2022-12-29 14:08:00,0,0,0,0,0
2022-12-29 14:09:00,0,0,0,0,0
2022-12-29 14:10:00,0,0,0,0,0
2022-12-29 14:11:00,0,0,0,0,0
2022-12-29 14:12:00,0,0,0,0,0
2022-12-29 14:13:00,0,0,0,0,0
2022-12-29 14:14:00,0,0,0,0,0
2022-12-29 14:15:00,0,0,0,0,0
2022-12-29 14:16:00,0,0,0,0,0
2022-12-29 14:17:00,0,0,0,0,0
2022-12-29 14:18:00,0,0,0,0,0
2022-12-29 14:19:00,300,300,300,300,2800
2022-12-29 14:20:00,300,300,300,300,0
2022-12-29 14:21:00,0,0,0,0,0
2022-12-29 14:22:00,0,0,0,0,0
2022-12-29 14:23:00,0,0,0,0,0
2022-12-29 14:24:00,300,300,300,300,200
2022-12-29 14:25:00,300,300,300,300,500
2022-12-29 14:26:00,0,0,0,0,0
2022-12-29 14:27:00,0,0,0,0,0
2022-12-29 14:28:00,0,0,0,0,0
2022-12-29 14:29:00,0,0,0,0,0
2022-12-29 14:30:00,0,0,0,0,0
2022-12-29 14:31:00,0,0,0,0,0
2022-12-29 14:32:00,0,0,0,0,0
2022-12-29 14:33:00,0,0,0,0,0
2022-12-29 14:34:00,0,0,0,0,0
2022-12-29 14:35:00,0,0,0,0,0
2022-12-29 14:36:00,0,0,0,0,0
2022-12-29 14:37:00,0,0,0,0,0
2022-12-29 14:38:00,0,0,0,0,0
2022-12-29 14:39:00,0,0,0,0,0
2022-12-29 14:40:00,300,300,300,300,3400
2022-12-29 14:41:00,310,310,312,312,300
2022-12-29 14:42:00,312,312,312,312,500
2022-12-29 14:43:00,0,0,0,0,0
2022-12-29 14:44:00,0,0,0,0,0
2022-12-29 14:45:00,0,0,0,0,0
2022-12-29 14:46:00,302,302,302,302,400
2022-12-29 14:47:00,0,0,0,0,0
2022-12-29 14:48:00,0,0,0,0,0
2022-12-29 14:49:00,0,0,0,0,0
2022-12-29 14:50:00,0,0,0,0,0
2022-12-29 14:51:00,0,0,0,0,0
2022-12-29 14:52:00,0,0,0,0,0
2022-12-29 14:53:00,0,0,0,0,0
2022-12-29 14:54:00,0,0,0,0,0
2022-12-29 14:55:00,0,0,0,0,0
2022-12-29 14:56:00,0,0,0,0,0
2022-12-29 14:57:00,0,0,0,0,0
2022-12-29 14:58:00,0,0,0,0,0
2022-12-29 14:59:00,0,0,0,0,0
2022-12-29 15:00:00,0,0,0,0,0
2022-12-29 15:01:00,0,0,0,0,0
2022-12-29 15:02:00,0,0,0,0,0
2022-12-29 15:03:00,0,0,0,0,0
2022-12-29 15:04:00,0,0,0,0,0
2022-12-29 15:05:00,0,0,0,0,0
2022-12-29 15:06:00,0,0,0,0,0
2022-12-29 15:07:00,0,0,0,0,0
2022-12-29 15:08:00,0,0,0,0,0
2022-12-29 15:09:00,0,0,0,0,0
2022-12-29 15:10:00,0,0,0,0,0
2022-12-29 15:11:00,302,302,302,302,128200
2022-12-29 15:12:00,0,0,0,0,0
2022-12-29 15:13:00,0,0,0,0,0
2022-12-29 15:14:00,0,0,0,0,0
2022-12-29 15:15:00,0,0,0,0,0
2022-12-29 15:16:00,0,0,0,0,0
2022-12-29 15:17:00,0,0,0,0,0
2022-12-29 15:18:00,0,0,0,0,0
2022-12-29 15:19:00,0,0,0,0,0
2022-12-29 15:20:00,0,0,0,0,0
2022-12-29 15:21:00,0,0,0,0,0
2022-12-29 15:22:00,0,0,0,0,0
2022-12-29 15:23:00,0,0,0,0,0
2022-12-29 15:24:00,0,0,0,0,0
2022-12-29 15:25:00,0,0,0,0,0
2022-12-29 15:26:00,0,0,0,0,0
2022-12-29 15:27:00,0,0,0,0,0
2022-12-29 15:28:00,0,0,0,0,0
2022-12-29 15:29:00,0,0,0,0,0
2022-12-29 15:30:00,0,0,0,0,0
2022-12-29 15:31:00,0,0,0,0,0
2022-12-29 15:32:00,0,0,0,0,0
2022-12-29 15:33:00,0,0,0,0,0
2022-12-29 15:34:00,0,0,0,0,0
2022-12-29 15:35:00,0,0,0,0,0
2022-12-29 15:36:00,0,0,0,0,0
2022-12-29 15:37:00,0,0,0,0,0
2022-12-29 15:38:00,0,0,0,0,0
2022-12-29 15:39:00,0,0,0,0,0
2022-12-29 15:40:00,0,0,0,0,0
2022-12-29 15:41:00,0,0,0,0,0
2022-12-29 15:42:00,0,0,0,0,0
2022-12-29 15:43:00,0,0,0,0,0
2022-12-29 15:44:00,0,0,0,0,0
2022-12-29 15:45:00,0,0,0,0,0
2022-12-29 15:46:00,0,0,0,0,0
2022-12-29 15:47:00,0,0,0,0,0
2022-12-29 15:48:00,0,0,0,0,0
2022-12-29 15:49:00,0,0,0,0,0
2022-12-29 15:50:00,0,0,0,0,0
2022-12-29 15:51:00,0,0,0,0,0
2022-12-29 15:52:00,0,0,0,0,0
2022-12-29 15:53:00,0,0,0,0,0
2022-12-29 15:54:00,0,0,0,0,0
2022-12-29 15:55:00,0,0,0,0,0
2022-12-29 15:56:00,0,0,0,0,0
2022-12-29 15:57:00,0,0,0,0,0
2022-12-29 15:58:00,0,0,0,0,0
2022-12-29 15:59:00,0,0,0,0,0
2022-12-30 09:00:00,322,322,322,322,0
2022-12-30 09:01:00,300,282,300,282,5600
2022-12-30 09:02:00,282,282,282,282,4700
2022-12-30 09:03:00,282,282,282,282,9100
2022-12-30 09:04:00,282,282,282,282,22200
2022-12-30 09:05:00,282,282,282,282,0
2022-12-30 09:06:00,282,282,294,294,0
2022-12-30 09:07:00,294,294,294,294,200
2022-12-30 09:08:00,0,0,0,0,0
2022-12-30 09:09:00,300,300,300,300,4100
2022-12-30 09:10:00,300,300,302,302,14500
2022-12-30 09:11:00,310,300,310,310,1900
2022-12-30 09:12:00,300,300,300,300,0
2022-12-30 09:13:00,0,0,0,0,0
2022-12-30 09:14:00,300,300,300,300,600
2022-12-30 09:15:00,0,0,0,0,0
2022-12-30 09:16:00,0,0,0,0,0
2022-12-30 09:17:00,0,0,0,0,0
2022-12-30 09:18:00,286,284,286,284,8500
2022-12-30 09:19:00,282,282,282,282,0
2022-12-30 09:20:00,0,0,0,0,0
2022-12-30 09:21:00,284,284,284,284,1600
2022-12-30 09:22:00,298,298,298,298,0
2022-12-30 09:23:00,0,0,0,0,0
2022-12-30 09:24:00,0,0,0,0,0
2022-12-30 09:25:00,284,284,284,284,200
2022-12-30 09:26:00,0,0,0,0,0
2022-12-30 09:27:00,0,0,0,0,0
2022-12-30 09:28:00,0,0,0,0,0
2022-12-30 09:29:00,0,0,0,0,0
2022-12-30 09:30:00,0,0,0,0,0
2022-12-30 09:31:00,0,0,0,0,0
2022-12-30 09:32:00,0,0,0,0,0
2022-12-30 09:33:00,0,0,0,0,0
2022-12-30 09:34:00,0,0,0,0,0
2022-12-30 09:35:00,0,0,0,0,0
2022-12-30 09:36:00,284,284,284,284,300
2022-12-30 09:37:00,0,0,0,0,0
2022-12-30 09:38:00,0,0,0,0,0
2022-12-30 09:39:00,0,0,0,0,0
2022-12-30 09:40:00,0,0,0,0,0
2022-12-30 09:41:00,0,0,0,0,0
2022-12-30 09:42:00,0,0,0,0,0
2022-12-30 09:43:00,0,0,0,0,0
2022-12-30 09:44:00,284,284,284,284,2000
2022-12-30 09:45:00,0,0,0,0,0
2022-12-30 09:46:00,298,298,298,298,0
2022-12-30 09:47:00,0,0,0,0,0
2022-12-30 09:48:00,0,0,0,0,0
2022-12-30 09:49:00,0,0,0,0,0
2022-12-30 09:50:00,0,0,0,0,0
2022-12-30 09:51:00,0,0,0,0,0
2022-12-30 09:52:00,0,0,0,0,0
2022-12-30 09:53:00,0,0,0,0,0
2022-12-30 09:54:00,0,0,0,0,0
2022-12-30 09:55:00,0,0,0,0,0
2022-12-30 09:56:00,0,0,0,0,0
2022-12-30 09:57:00,0,0,0,0,0
2022-12-30 09:58:00,0,0,0,0,0
2022-12-30 09:59:00,0,0,0,0,0
2022-12-30 10:00:00,0,0,0,0,0
2022-12-30 10:01:00,0,0,0,0,0
2022-12-30 10:02:00,0,0,0,0,0
2022-12-30 10:03:00,0,0,0,0,0
2022-12-30 10:04:00,0,0,0,0,0
2022-12-30 10:05:00,0,0,0,0,0
2022-12-30 10:06:00,0,0,0,0,0
2022-12-30 10:07:00,0,0,0,0,0
2022-12-30 10:08:00,0,0,0,0,0
2022-12-30 10:09:00,0,0,0,0,0
2022-12-30 10:10:00,0,0,0,0,0
2022-12-30 10:11:00,0,0,0,0,0
2022-12-30 10:12:00,284,284,284,284,700
2022-12-30 10:13:00,284,284,284,284,900
2022-12-30 10:14:00,0,0,0,0,0
2022-12-30 10:15:00,0,0,0,0,0
2022-12-30 10:16:00,0,0,0,0,0
2022-12-30 10:17:00,0,0,0,0,0
2022-12-30 10:18:00,0,0,0,0,0
2022-12-30 10:19:00,0,0,0,0,0
2022-12-30 10:20:00,0,0,0,0,0
2022-12-30 10:21:00,0,0,0,0,0
2022-12-30 10:22:00,0,0,0,0,0
2022-12-30 10:23:00,0,0,0,0,0
2022-12-30 10:24:00,0,0,0,0,0
2022-12-30 10:25:00,0,0,0,0,0
2022-12-30 10:26:00,0,0,0,0,0
2022-12-30 10:27:00,0,0,0,0,0
2022-12-30 10:28:00,0,0,0,0,0
2022-12-30 10:29:00,0,0,0,0,0
2022-12-30 10:30:00,298,298,298,298,300
2022-12-30 10:31:00,0,0,0,0,0
2022-12-30 10:32:00,0,0,0,0,0
2022-12-30 10:33:00,0,0,0,0,0
2022-12-30 10:34:00,0,0,0,0,0
2022-12-30 10:35:00,0,0,0,0,0
2022-12-30 10:36:00,0,0,0,0,0
2022-12-30 10:37:00,0,0,0,0,0
2022-12-30 10:38:00,0,0,0,0,0
2022-12-30 10:39:00,0,0,0,0,0
2022-12-30 10:40:00,0,0,0,0,0
2022-12-30 10:41:00,0,0,0,0,0
2022-12-30 10:42:00,0,0,0,0,0
2022-12-30 10:43:00,0,0,0,0,0
2022-12-30 10:44:00,0,0,0,0,0
2022-12-30 10:45:00,0,0,0,0,0
2022-12-30 10:46:00,0,0,0,0,0
2022-12-30 10:47:00,0,0,0,0,0
2022-12-30 10:48:00,0,0,0,0,0
2022-12-30 10:49:00,0,0,0,0,0
2022-12-30 10:50:00,0,0,0,0,0
2022-12-30 10:51:00,0,0,0,0,0
2022-12-30 10:52:00,0,0,0,0,0
2022-12-30 10:53:00,0,0,0,0,0
2022-12-30 10:54:00,0,0,0,0,0
2022-12-30 10:55:00,0,0,0,0,0
2022-12-30 10:56:00,0,0,0,0,0
2022-12-30 10:57:00,0,0,0,0,0
2022-12-30 10:58:00,0,0,0,0,0
2022-12-30 10:59:00,0,0,0,0,0
2022-12-30 11:00:00,0,0,0,0,0
2022-12-30 11:01:00,0,0,0,0,0
2022-12-30 11:02:00,0,0,0,0,0
2022-12-30 11:03:00,0,0,0,0,0
2022-12-30 11:04:00,296,296,296,296,100
2022-12-30 11:05:00,0,0,0,0,0
2022-12-30 11:06:00,0,0,0,0,0
2022-12-30 11:07:00,0,0,0,0,0
2022-12-30 11:08:00,0,0,0,0,0
2022-12-30 11:09:00,0,0,0,0,0
2022-12-30 11:10:00,0,0,0,0,0
2022-12-30 11:11:00,0,0,0,0,0
2022-12-30 11:12:00,0,0,0,0,0
2022-12-30 11:13:00,0,0,0,0,0
2022-12-30 11:14:00,0,0,0,0,0
2022-12-30 11:15:00,0,0,0,0,0
2022-12-30 11:16:00,0,0,0,0,0
2022-12-30 11:17:00,0,0,0,0,0
2022-12-30 11:18:00,0,0,0,0,0
2022-12-30 11:19:00,0,0,0,0,0
2022-12-30 11:20:00,0,0,0,0,0
2022-12-30 11:21:00,0,0,0,0,0
2022-12-30 11:22:00,0,0,0,0,0
2022-12-30 11:23:00,0,0,0,0,0
2022-12-30 11:24:00,0,0,0,0,0
2022-12-30 11:25:00,0,0,0,0,0
2022-12-30 11:26:00,0,0,0,0,0
2022-12-30 11:27:00,0,0,0,0,0
2022-12-30 11:28:00,0,0,0,0,0
2022-12-30 11:29:00,0,0,0,0,0
2022-12-30 11:30:00,0,0,0,0,0
2022-12-30 11:31:00,0,0,0,0,0
2022-12-30 11:32:00,0,0,0,0,0
2022-12-30 11:33:00,0,0,0,0,0
2022-12-30 11:34:00,0,0,0,0,0
2022-12-30 11:35:00,0,0,0,0,0
2022-12-30 11:36:00,0,0,0,0,0
2022-12-30 11:37:00,0,0,0,0,0
2022-12-30 11:38:00,0,0,0,0,0
2022-12-30 11:39:00,0,0,0,0,0
2022-12-30 11:40:00,0,0,0,0,0
2022-12-30 11:41:00,0,0,0,0,0
2022-12-30 11:42:00,0,0,0,0,0
2022-12-30 11:43:00,0,0,0,0,0
2022-12-30 11:44:00,0,0,0,0,0
2022-12-30 11:45:00,0,0,0,0,0
2022-12-30 11:46:00,0,0,0,0,0
2022-12-30 11:47:00,0,0,0,0,0
2022-12-30 11:48:00,0,0,0,0,0
2022-12-30 11:49:00,0,0,0,0,0
2022-12-30 11:50:00,0,0,0,0,0
2022-12-30 11:51:00,0,0,0,0,0
2022-12-30 11:52:00,0,0,0,0,0
2022-12-30 11:53:00,0,0,0,0,0
2022-12-30 11:54:00,0,0,0,0,0
2022-12-30 11:55:00,0,0,0,0,0
2022-12-30 11:56:00,0,0,0,0,0
2022-12-30 11:57:00,0,0,0,0,0
2022-12-30 11:58:00,0,0,0,0,0
2022-12-30 11:59:00,0,0,0,0,0
2022-12-30 12:00:00,0,0,0,0,0
2022-12-30 12:01:00,0,0,0,0,0
2022-12-30 12:02:00,0,0,0,0,0
2022-12-30 12:03:00,0,0,0,0,0
2022-12-30 12:04:00,0,0,0,0,0
2022-12-30 12:05:00,0,0,0,0,0
2022-12-30 12:06:00,0,0,0,0,0
2022-12-30 12:07:00,0,0,0,0,0
2022-12-30 12:08:00,0,0,0,0,0
2022-12-30 12:09:00,0,0,0,0,0
2022-12-30 12:10:00,0,0,0,0,0
2022-12-30 12:11:00,0,0,0,0,0
2022-12-30 12:12:00,0,0,0,0,0
2022-12-30 12:13:00,0,0,0,0,0
2022-12-30 12:14:00,0,0,0,0,0
2022-12-30 12:15:00,0,0,0,0,0
2022-12-30 12:16:00,0,0,0,0,0
2022-12-30 12:17:00,0,0,0,0,0
2022-12-30 12:18:00,0,0,0,0,0
2022-12-30 12:19:00,0,0,0,0,0
2022-12-30 12:20:00,0,0,0,0,0
2022-12-30 12:21:00,0,0,0,0,0
2022-12-30 12:22:00,0,0,0,0,0
2022-12-30 12:23:00,0,0,0,0,0
2022-12-30 12:24:00,0,0,0,0,0
2022-12-30 12:25:00,0,0,0,0,0
2022-12-30 12:26:00,0,0,0,0,0
2022-12-30 12:27:00,0,0,0,0,0
2022-12-30 12:28:00,0,0,0,0,0
2022-12-30 12:29:00,0,0,0,0,0
2022-12-30 12:30:00,0,0,0,0,0
2022-12-30 12:31:00,0,0,0,0,0
2022-12-30 12:32:00,0,0,0,0,0
2022-12-30 12:33:00,0,0,0,0,0
2022-12-30 12:34:00,0,0,0,0,0
2022-12-30 12:35:00,0,0,0,0,0
2022-12-30 12:36:00,0,0,0,0,0
2022-12-30 12:37:00,0,0,0,0,0
2022-12-30 12:38:00,0,0,0,0,0
2022-12-30 12:39:00,0,0,0,0,0
2022-12-30 12:40:00,0,0,0,0,0
2022-12-30 12:41:00,0,0,0,0,0
2022-12-30 12:42:00,0,0,0,0,0
2022-12-30 12:43:00,0,0,0,0,0
2022-12-30 12:44:00,0,0,0,0,0
2022-12-30 12:45:00,0,0,0,0,0
2022-12-30 12:46:00,0,0,0,0,0
2022-12-30 12:47:00,0,0,0,0,0
2022-12-30 12:48:00,0,0,0,0,0
2022-12-30 12:49:00,0,0,0,0,0
2022-12-30 12:50:00,0,0,0,0,0
2022-12-30 12:51:00,0,0,0,0,0
2022-12-30 12:52:00,0,0,0,0,0
2022-12-30 12:53:00,0,0,0,0,0
2022-12-30 12:54:00,0,0,0,0,0
2022-12-30 12:55:00,0,0,0,0,0
2022-12-30 12:56:00,0,0,0,0,0
2022-12-30 12:57:00,0,0,0,0,0
2022-12-30 12:58:00,0,0,0,0,0
2022-12-30 12:59:00,0,0,0,0,0
2022-12-30 13:00:00,0,0,0,0,0
2022-12-30 13:01:00,0,0,0,0,0
2022-12-30 13:02:00,0,0,0,0,0
2022-12-30 13:03:00,0,0,0,0,0
2022-12-30 13:04:00,0,0,0,0,0
2022-12-30 13:05:00,0,0,0,0,0
2022-12-30 13:06:00,0,0,0,0,0
2022-12-30 13:07:00,0,0,0,0,0
2022-12-30 13:08:00,0,0,0,0,0
2022-12-30 13:09:00,0,0,0,0,0
2022-12-30 13:10:00,0,0,0,0,0
2022-12-30 13:11:00,0,0,0,0,0
2022-12-30 13:12:00,0,0,0,0,0
2022-12-30 13:13:00,0,0,0,0,0
2022-12-30 13:14:00,0,0,0,0,0
2022-12-30 13:15:00,0,0,0,0,0
2022-12-30 13:16:00,0,0,0,0,0
2022-12-30 13:17:00,0,0,0,0,0
2022-12-30 13:18:00,0,0,0,0,0
2022-12-30 13:19:00,0,0,0,0,0
2022-12-30 13:20:00,0,0,0,0,0
2022-12-30 13:21:00,0,0,0,0,0
2022-12-30 13:22:00,0,0,0,0,0
2022-12-30 13:23:00,0,0,0,0,0
2022-12-30 13:24:00,0,0,0,0,0
2022-12-30 13:25:00,0,0,0,0,0
2022-12-30 13:26:00,0,0,0,0,0
2022-12-30 13:27:00,0,0,0,0,0
2022-12-30 13:28:00,0,0,0,0,0
2022-12-30 13:29:00,0,0,0,0,0
2022-12-30 13:30:00,296,296,300,300,21200
2022-12-30 13:31:00,0,0,0,0,0
2022-12-30 13:32:00,302,302,302,302,0
2022-12-30 13:33:00,304,302,304,302,700
2022-12-30 13:34:00,0,0,0,0,0
2022-12-30 13:35:00,0,0,0,0,0
2022-12-30 13:36:00,0,0,0,0,0
2022-12-30 13:37:00,0,0,0,0,0
2022-12-30 13:38:00,302,302,302,302,1200
2022-12-30 13:39:00,0,0,0,0,0
2022-12-30 13:40:00,0,0,0,0,0
2022-12-30 13:41:00,0,0,0,0,0
2022-12-30 13:42:00,0,0,0,0,0
2022-12-30 13:43:00,0,0,0,0,0
2022-12-30 13:44:00,0,0,0,0,0
2022-12-30 13:45:00,0,0,0,0,0
2022-12-30 13:46:00,0,0,0,0,0
2022-12-30 13:47:00,0,0,0,0,0
2022-12-30 13:48:00,0,0,0,0,0
2022-12-30 13:49:00,0,0,0,0,0
2022-12-30 13:50:00,0,0,0,0,0
2022-12-30 13:51:00,0,0,0,0,0
2022-12-30 13:52:00,302,302,302,302,1000
2022-12-30 13:53:00,0,0,0,0,0
2022-12-30 13:54:00,0,0,0,0,0
2022-12-30 13:55:00,0,0,0,0,0
2022-12-30 13:56:00,0,0,0,0,0
2022-12-30 13:57:00,302,302,302,302,16900
2022-12-30 13:58:00,0,0,0,0,0
2022-12-30 13:59:00,0,0,0,0,0
2022-12-30 14:00:00,0,0,0,0,0
2022-12-30 14:01:00,302,300,302,300,4100
2022-12-30 14:02:00,0,0,0,0,0
2022-12-30 14:03:00,300,300,300,300,0
2022-12-30 14:04:00,300,300,300,300,0
2022-12-30 14:05:00,300,300,300,300,200
2022-12-30 14:06:00,0,0,0,0,0
2022-12-30 14:07:00,0,0,0,0,0
2022-12-30 14:08:00,0,0,0,0,0
2022-12-30 14:09:00,0,0,0,0,0
2022-12-30 14:10:00,0,0,0,0,0
2022-12-30 14:11:00,0,0,0,0,0
2022-12-30 14:12:00,0,0,0,0,0
2022-12-30 14:13:00,304,288,304,288,400
2022-12-30 14:14:00,304,304,304,304,0
2022-12-30 14:15:00,0,0,0,0,0
2022-12-30 14:16:00,0,0,0,0,0
2022-12-30 14:17:00,0,0,0,0,0
2022-12-30 14:18:00,0,0,0,0,0
2022-12-30 14:19:00,0,0,0,0,0
2022-12-30 14:20:00,0,0,0,0,0
2022-12-30 14:21:00,0,0,0,0,0
2022-12-30 14:22:00,302,302,302,302,200
2022-12-30 14:23:00,302,302,302,302,200
2022-12-30 14:24:00,302,302,302,302,0
2022-12-30 14:25:00,0,0,0,0,0
2022-12-30 14:26:00,0,0,0,0,0
2022-12-30 14:27:00,0,0,0,0,0
2022-12-30 14:28:00,0,0,0,0,0
2022-12-30 14:29:00,0,0,0,0,0
2022-12-30 14:30:00,0,0,0,0,0
2022-12-30 14:31:00,0,0,0,0,0
2022-12-30 14:32:00,288,286,288,286,1300
2022-12-30 14:33:00,0,0,0,0,0
2022-12-30 14:34:00,0,0,0,0,0
2022-12-30 14:35:00,0,0,0,0,0
2022-12-30 14:36:00,0,0,0,0,0
2022-12-30 14:37:00,0,0,0,0,0
2022-12-30 14:38:00,0,0,0,0,0
2022-12-30 14:39:00,0,0,0,0,0
2022-12-30 14:40:00,286,286,286,286,800
2022-12-30 14:41:00,0,0,0,0,0
2022-12-30 14:42:00,0,0,0,0,0
2022-12-30 14:43:00,302,302,302,302,53400
2022-12-30 14:44:00,302,302,316,316,24200
2022-12-30 14:45:00,316,314,316,316,0
2022-12-30 14:46:00,316,314,316,314,4000
2022-12-30 14:47:00,314,314,314,314,21200
2022-12-30 14:48:00,314,314,314,314,0
2022-12-30 14:49:00,0,0,0,0,0
2022-12-30 14:50:00,0,0,0,0,0
2022-12-30 14:51:00,0,0,0,0,0
2022-12-30 14:52:00,0,0,0,0,0
2022-12-30 14:53:00,0,0,0,0,0
2022-12-30 14:54:00,0,0,0,0,0
2022-12-30 14:55:00,0,0,0,0,0
2022-12-30 14:56:00,0,0,0,0,0
2022-12-30 14:57:00,0,0,0,0,0
2022-12-30 14:58:00,0,0,0,0,0
2022-12-30 14:59:00,0,0,0,0,0
2022-12-30 15:00:00,0,0,0,0,0
2022-12-30 15:01:00,0,0,0,0,0
2022-12-30 15:02:00,0,0,0,0,0
2022-12-30 15:03:00,0,0,0,0,0
2022-12-30 15:04:00,0,0,0,0,0
2022-12-30 15:05:00,0,0,0,0,0
2022-12-30 15:06:00,0,0,0,0,0
2022-12-30 15:07:00,0,0,0,0,0
2022-12-30 15:08:00,0,0,0,0,0
2022-12-30 15:09:00,0,0,0,0,0
2022-12-30 15:10:00,0,0,0,0,0
2022-12-30 15:11:00,0,0,0,0,0
2022-12-30 15:12:00,0,0,0,0,0
2022-12-30 15:13:00,0,0,0,0,0
2022-12-30 15:14:00,0,0,0,0,0
2022-12-30 15:15:00,0,0,0,0,0
2022-12-30 15:16:00,0,0,0,0,0
2022-12-30 15:17:00,0,0,0,0,0
2022-12-30 15:18:00,0,0,0,0,0
2022-12-30 15:19:00,0,0,0,0,0
2022-12-30 15:20:00,0,0,0,0,0
2022-12-30 15:21:00,0,0,0,0,0
2022-12-30 15:22:00,0,0,0,0,0
2022-12-30 15:23:00,0,0,0,0,0
2022-12-30 15:24:00,0,0,0,0,0
2022-12-30 15:25:00,0,0,0,0,0
2022-12-30 15:26:00,0,0,0,0,0
2022-12-30 15:27:00,0,0,0,0,0
2022-12-30 15:28:00,0,0,0,0,0
2022-12-30 15:29:00,0,0,0,0,0
2022-12-30 15:30:00,0,0,0,0,0
2022-12-30 15:31:00,0,0,0,0,0
2022-12-30 15:32:00,0,0,0,0,0
2022-12-30 15:33:00,0,0,0,0,0
2022-12-30 15:34:00,0,0,0,0,0
2022-12-30 15:35:00,0,0,0,0,0
2022-12-30 15:36:00,0,0,0,0,0
2022-12-30 15:37:00,0,0,0,0,0
2022-12-30 15:38:00,0,0,0,0,0
2022-12-30 15:39:00,0,0,0,0,0
2022-12-30 15:40:00,0,0,0,0,0
2022-12-30 15:41:00,0,0,0,0,0
2022-12-30 15:42:00,0,0,0,0,0
2022-12-30 15:43:00,0,0,0,0,0
2022-12-30 15:44:00,0,0,0,0,0
2022-12-30 15:45:00,0,0,0,0,0
2022-12-30 15:46:00,0,0,0,0,0
2022-12-30 15:47:00,0,0,0,0,0
2022-12-30 15:48:00,0,0,0,0,0
2022-12-30 15:49:00,0,0,0,0,0
2022-12-30 15:50:00,0,0,0,0,0
2022-12-30 15:51:00,0,0,0,0,0
2022-12-30 15:52:00,0,0,0,0,0
2022-12-30 15:53:00,0,0,0,0,0
2022-12-30 15:54:00,0,0,0,0,0
2022-12-30 15:55:00,0,0,0,0,0
2022-12-30 15:56:00,0,0,0,0,0
2022-12-30 15:57:00,0,0,0,0,0
2022-12-30 15:58:00,0,0,0,0,0
2022-12-30 15:59:00,0,0,0,0,0
2023-01-02 09:00:00,314,314,314,314,0
2023-01-02 09:01:00,0,0,0,0,0
2023-01-02 09:02:00,0,0,0,0,0
2023-01-02 09:03:00,0,0,0,0,0
2023-01-02 09:04:00,0,0,0,0,0
2023-01-02 09:05:00,0,0,0,0,0
2023-01-02 09:06:00,0,0,0,0,0
2023-01-02 09:07:00,0,0,0,0,0
2023-01-02 09:08:00,0,0,0,0,0
2023-01-02 09:09:00,0,0,0,0,0
2023-01-02 09:10:00,0,0,0,0,0
2023-01-02 09:11:00,0,0,0,0,0
2023-01-02 09:12:00,0,0,0,0,0
2023-01-02 09:13:00,0,0,0,0,0
2023-01-02 09:14:00,0,0,0,0,0
2023-01-02 09:15:00,0,0,0,0,0
2023-01-02 09:16:00,0,0,0,0,0
2023-01-02 09:17:00,0,0,0,0,0
2023-01-02 09:18:00,0,0,0,0,0
2023-01-02 09:19:00,0,0,0,0,0
2023-01-02 09:20:00,0,0,0,0,0
2023-01-02 09:21:00,0,0,0,0,0
2023-01-02 09:22:00,0,0,0,0,0
2023-01-02 09:23:00,0,0,0,0,0
2023-01-02 09:24:00,0,0,0,0,0
2023-01-02 09:25:00,0,0,0,0,0
2023-01-02 09:26:00,0,0,0,0,0
2023-01-02 09:27:00,0,0,0,0,0
2023-01-02 09:28:00,0,0,0,0,0
2023-01-02 09:29:00,0,0,0,0,0
2023-01-02 09:30:00,0,0,0,0,0
2023-01-02 09:31:00,0,0,0,0,0
2023-01-02 09:32:00,0,0,0,0,0
2023-01-02 09:33:00,0,0,0,0,0
2023-01-02 09:34:00,310,310,310,310,100
2023-01-02 09:35:00,0,0,0,0,0
2023-01-02 09:36:00,0,0,0,0,0
2023-01-02 09:37:00,0,0,0,0,0
2023-01-02 09:38:00,0,0,0,0,0
2023-01-02 09:39:00,0,0,0,0,0
2023-01-02 09:40:00,300,300,300,300,1000
2023-01-02 09:41:00,0,0,0,0,0
2023-01-02 09:42:00,0,0,0,0,0
2023-01-02 09:43:00,0,0,0,0,0
2023-01-02 09:44:00,300,300,300,300,800
2023-01-02 09:45:00,0,0,0,0,0
2023-01-02 09:46:00,0,0,0,0,0
2023-01-02 09:47:00,0,0,0,0,0
2023-01-02 09:48:00,0,0,0,0,0
2023-01-02 09:49:00,0,0,0,0,0
2023-01-02 09:50:00,0,0,0,0,0
2023-01-02 09:51:00,0,0,0,0,0
2023-01-02 09:52:00,0,0,0,0,0
2023-01-02 09:53:00,0,0,0,0,0
2023-01-02 09:54:00,0,0,0,0,0
2023-01-02 09:55:00,0,0,0,0,0
2023-01-02 09:56:00,0,0,0,0,0
2023-01-02 09:57:00,0,0,0,0,0
2023-01-02 09:58:00,0,0,0,0,0
2023-01-02 09:59:00,0,0,0,0,0
2023-01-02 10:00:00,0,0,0,0,0
2023-01-02 10:01:00,0,0,0,0,0
2023-01-02 10:02:00,0,0,0,0,0
2023-01-02 10:03:00,0,0,0,0,0
2023-01-02 10:04:00,0,0,0,0,0
2023-01-02 10:05:00,0,0,0,0,0
2023-01-02 10:06:00,0,0,0,0,0
2023-01-02 10:07:00,0,0,0,0,0
2023-01-02 10:08:00,0,0,0,0,0
2023-01-02 10:09:00,0,0,0,0,0
2023-01-02 10:10:00,0,0,0,0,0
2023-01-02 10:11:00,0,0,0,0,0
2023-01-02 10:12:00,0,0,0,0,0
2023-01-02 10:13:00,0,0,0,0,0
2023-01-02 10:14:00,0,0,0,0,0
2023-01-02 10:15:00,0,0,0,0,0
2023-01-02 10:16:00,0,0,0,0,0
2023-01-02 10:17:00,302,302,302,302,200
2023-01-02 10:18:00,0,0,0,0,0
2023-01-02 10:19:00,0,0,0,0,0
2023-01-02 10:20:00,0,0,0,0,0
2023-01-02 10:21:00,0,0,0,0,0
2023-01-02 10:22:00,0,0,0,0,0
2023-01-02 10:23:00,0,0,0,0,0
2023-01-02 10:24:00,0,0,0,0,0
2023-01-02 10:25:00,0,0,0,0,0
2023-01-02 10:26:00,0,0,0,0,0
2023-01-02 10:27:00,0,0,0,0,0
2023-01-02 10:28:00,0,0,0,0,0
2023-01-02 10:29:00,0,0,0,0,0
2023-01-02 10:30:00,0,0,0,0,0
2023-01-02 10:31:00,0,0,0,0,0
2023-01-02 10:32:00,0,0,0,0,0
2023-01-02 10:33:00,0,0,0,0,0
2023-01-02 10:34:00,0,0,0,0,0
2023-01-02 10:35:00,0,0,0,0,0
2023-01-02 10:36:00,302,302,302,302,200
2023-01-02 10:37:00,0,0,0,0,0
2023-01-02 10:38:00,0,0,0,0,0
2023-01-02 10:39:00,0,0,0,0,0
2023-01-02 10:40:00,0,0,0,0,0
2023-01-02 10:41:00,0,0,0,0,0
2023-01-02 10:42:00,302,300,302,300,16800
2023-01-02 10:43:00,0,0,0,0,0
2023-01-02 10:44:00,0,0,0,0,0
2023-01-02 10:45:00,0,0,0,0,0
2023-01-02 10:46:00,0,0,0,0,0
2023-01-02 10:47:00,0,0,0,0,0
2023-01-02 10:48:00,300,300,300,300,6000
2023-01-02 10:49:00,0,0,0,0,0
2023-01-02 10:50:00,0,0,0,0,0
2023-01-02 10:51:00,0,0,0,0,0
2023-01-02 10:52:00,0,0,0,0,0
2023-01-02 10:53:00,0,0,0,0,0
2023-01-02 10:54:00,0,0,0,0,0
2023-01-02 10:55:00,0,0,0,0,0
2023-01-02 10:56:00,296,296,296,296,200
2023-01-02 10:57:00,0,0,0,0,0
2023-01-02 10:58:00,0,0,0,0,0
2023-01-02 10:59:00,0,0,0,0,0
2023-01-02 11:00:00,0,0,0,0,0
2023-01-02 11:01:00,0,0,0,0,0
2023-01-02 11:02:00,0,0,0,0,0
2023-01-02 11:03:00,0,0,0,0,0
2023-01-02 11:04:00,0,0,0,0,0
2023-01-02 11:05:00,0,0,0,0,0
2023-01-02 11:06:00,0,0,0,0,0
2023-01-02 11:07:00,0,0,0,0,0
2023-01-02 11:08:00,0,0,0,0,0
2023-01-02 11:09:00,0,0,0,0,0
2023-01-02 11:10:00,0,0,0,0,0
2023-01-02 11:11:00,0,0,0,0,0
2023-01-02 11:12:00,0,0,0,0,0
2023-01-02 11:13:00,0,0,0,0,0
2023-01-02 11:14:00,0,0,0,0,0
2023-01-02 11:15:00,0,0,0,0,0
2023-01-02 11:16:00,0,0,0,0,0
2023-01-02 11:17:00,0,0,0,0,0
2023-01-02 11:18:00,0,0,0,0,0
2023-01-02 11:19:00,0,0,0,0,0
2023-01-02 11:20:00,0,0,0,0,0
2023-01-02 11:21:00,0,0,0,0,0
2023-01-02 11:22:00,0,0,0,0,0
2023-01-02 11:23:00,0,0,0,0,0
2023-01-02 11:24:00,0,0,0,0,0
2023-01-02 11:25:00,0,0,0,0,0
2023-01-02 11:26:00,0,0,0,0,0
2023-01-02 11:27:00,0,0,0,0,0
2023-01-02 11:28:00,0,0,0,0,0
2023-01-02 11:29:00,0,0,0,0,0
2023-01-02 11:30:00,0,0,0,0,0
2023-01-02 11:31:00,0,0,0,0,0
2023-01-02 11:32:00,0,0,0,0,0
2023-01-02 11:33:00,0,0,0,0,0
2023-01-02 11:34:00,0,0,0,0,0
2023-01-02 11:35:00,0,0,0,0,0
2023-01-02 11:36:00,0,0,0,0,0
2023-01-02 11:37:00,0,0,0,0,0
2023-01-02 11:38:00,0,0,0,0,0
2023-01-02 11:39:00,0,0,0,0,0
2023-01-02 11:40:00,0,0,0,0,0
2023-01-02 11:41:00,0,0,0,0,0
2023-01-02 11:42:00,0,0,0,0,0
2023-01-02 11:43:00,0,0,0,0,0
2023-01-02 11:44:00,0,0,0,0,0
2023-01-02 11:45:00,0,0,0,0,0
2023-01-02 11:46:00,0,0,0,0,0
2023-01-02 11:47:00,0,0,0,0,0
2023-01-02 11:48:00,0,0,0,0,0
2023-01-02 11:49:00,0,0,0,0,0
2023-01-02 11:50:00,0,0,0,0,0
2023-01-02 11:51:00,0,0,0,0,0
2023-01-02 11:52:00,0,0,0,0,0
2023-01-02 11:53:00,0,0,0,0,0
2023-01-02 11:54:00,0,0,0,0,0
2023-01-02 11:55:00,0,0,0,0,0
2023-01-02 11:56:00,0,0,0,0,0
2023-01-02 11:57:00,0,0,0,0,0
2023-01-02 11:58:00,0,0,0,0,0
2023-01-02 11:59:00,0,0,0,0,0
2023-01-02 12:00:00,0,0,0,0,0
2023-01-02 12:01:00,0,0,0,0,0
2023-01-02 12:02:00,0,0,0,0,0
2023-01-02 12:03:00,0,0,0,0,0
2023-01-02 12:04:00,0,0,0,0,0
2023-01-02 12:05:00,0,0,0,0,0
2023-01-02 12:06:00,0,0,0,0,0
2023-01-02 12:07:00,0,0,0,0,0
2023-01-02 12:08:00,0,0,0,0,0
2023-01-02 12:09:00,0,0,0,0,0
2023-01-02 12:10:00,0,0,0,0,0
2023-01-02 12:11:00,0,0,0,0,0
2023-01-02 12:12:00,0,0,0,0,0
2023-01-02 12:13:00,0,0,0,0,0
2023-01-02 12:14:00,0,0,0,0,0
2023-01-02 12:15:00,0,0,0,0,0
2023-01-02 12:16:00,0,0,0,0,0
2023-01-02 12:17:00,0,0,0,0,0
2023-01-02 12:18:00,0,0,0,0,0
2023-01-02 12:19:00,0,0,0,0,0
2023-01-02 12:20:00,0,0,0,0,0
2023-01-02 12:21:00,0,0,0,0,0
2023-01-02 12:22:00,0,0,0,0,0
2023-01-02 12:23:00,0,0,0,0,0
2023-01-02 12:24:00,0,0,0,0,0
2023-01-02 12:25:00,0,0,0,0,0
2023-01-02 12:26:00,0,0,0,0,0
2023-01-02 12:27:00,0,0,0,0,0
2023-01-02 12:28:00,0,0,0,0,0
2023-01-02 12:29:00,0,0,0,0,0
2023-01-02 12:30:00,0,0,0,0,0
2023-01-02 12:31:00,0,0,0,0,0
2023-01-02 12:32:00,0,0,0,0,0
2023-01-02 12:33:00,0,0,0,0,0
2023-01-02 12:34:00,0,0,0,0,0
2023-01-02 12:35:00,0,0,0,0,0
2023-01-02 12:36:00,0,0,0,0,0
2023-01-02 12:37:00,0,0,0,0,0
2023-01-02 12:38:00,0,0,0,0,0
2023-01-02 12:39:00,0,0,0,0,0
2023-01-02 12:40:00,0,0,0,0,0
2023-01-02 12:41:00,0,0,0,0,0
2023-01-02 12:42:00,0,0,0,0,0
2023-01-02 12:43:00,0,0,0,0,0
2023-01-02 12:44:00,0,0,0,0,0
2023-01-02 12:45:00,0,0,0,0,0
2023-01-02 12:46:00,0,0,0,0,0
2023-01-02 12:47:00,0,0,0,0,0
2023-01-02 12:48:00,0,0,0,0,0
2023-01-02 12:49:00,0,0,0,0,0
2023-01-02 12:50:00,0,0,0,0,0
2023-01-02 12:51:00,0,0,0,0,0
2023-01-02 12:52:00,0,0,0,0,0
2023-01-02 12:53:00,0,0,0,0,0
2023-01-02 12:54:00,0,0,0,0,0
2023-01-02 12:55:00,0,0,0,0,0
2023-01-02 12:56:00,0,0,0,0,0
2023-01-02 12:57:00,0,0,0,0,0
2023-01-02 12:58:00,0,0,0,0,0
2023-01-02 12:59:00,0,0,0,0,0
2023-01-02 13:00:00,0,0,0,0,0
2023-01-02 13:01:00,0,0,0,0,0
2023-01-02 13:02:00,0,0,0,0,0
2023-01-02 13:03:00,0,0,0,0,0
2023-01-02 13:04:00,0,0,0,0,0
2023-01-02 13:05:00,0,0,0,0,0
2023-01-02 13:06:00,0,0,0,0,0
2023-01-02 13:07:00,0,0,0,0,0
2023-01-02 13:08:00,0,0,0,0,0
2023-01-02 13:09:00,0,0,0,0,0
2023-01-02 13:10:00,0,0,0,0,0
2023-01-02 13:11:00,0,0,0,0,0
2023-01-02 13:12:00,0,0,0,0,0
2023-01-02 13:13:00,0,0,0,0,0
2023-01-02 13:14:00,0,0,0,0,0
2023-01-02 13:15:00,0,0,0,0,0
2023-01-02 13:16:00,0,0,0,0,0
2023-01-02 13:17:00,0,0,0,0,0
2023-01-02 13:18:00,0,0,0,0,0
2023-01-02 13:19:00,0,0,0,0,0
2023-01-02 13:20:00,0,0,0,0,0
2023-01-02 13:21:00,0,0,0,0,0
2023-01-02 13:22:00,0,0,0,0,0
2023-01-02 13:23:00,0,0,0,0,0
2023-01-02 13:24:00,0,0,0,0,0
2023-01-02 13:25:00,0,0,0,0,0
2023-01-02 13:26:00,0,0,0,0,0
2023-01-02 13:27:00,0,0,0,0,0
2023-01-02 13:28:00,0,0,0,0,0
2023-01-02 13:29:00,0,0,0,0,0
2023-01-02 13:30:00,306,306,306,306,25600
2023-01-02 13:31:00,0,0,0,0,0
2023-01-02 13:32:00,0,0,0,0,0
2023-01-02 13:33:00,0,0,0,0,0
2023-01-02 13:34:00,0,0,0,0,0
2023-01-02 13:35:00,0,0,0,0,0
2023-01-02 13:36:00,0,0,0,0,0
2023-01-02 13:37:00,0,0,0,0,0
2023-01-02 13:38:00,0,0,0,0,0
2023-01-02 13:39:00,0,0,0,0,0
2023-01-02 13:40:00,0,0,0,0,0
2023-01-02 13:41:00,0,0,0,0,0
2023-01-02 13:42:00,0,0,0,0,0
2023-01-02 13:43:00,0,0,0,0,0
2023-01-02 13:44:00,0,0,0,0,0
2023-01-02 13:45:00,0,0,0,0,0
2023-01-02 13:46:00,0,0,0,0,0
2023-01-02 13:47:00,0,0,0,0,0
2023-01-02 13:48:00,0,0,0,0,0
2023-01-02 13:49:00,0,0,0,0,0
2023-01-02 13:50:00,0,0,0,0,0
2023-01-02 13:51:00,0,0,0,0,0
2023-01-02 13:52:00,0,0,0,0,0
2023-01-02 13:53:00,0,0,0,0,0
2023-01-02 13:54:00,0,0,0,0,0
2023-01-02 13:55:00,0,0,0,0,0
2023-01-02 13:56:00,0,0,0,0,0
2023-01-02 13:57:00,0,0,0,0,0
2023-01-02 13:58:00,0,0,0,0,0
2023-01-02 13:59:00,0,0,0,0,0
2023-01-02 14:00:00,0,0,0,0,0
2023-01-02 14:01:00,0,0,0,0,0
2023-01-02 14:02:00,0,0,0,0,0
2023-01-02 14:03:00,0,0,0,0,0
2023-01-02 14:04:00,0,0,0,0,0
2023-01-02 14:05:00,0,0,0,0,0
2023-01-02 14:06:00,0,0,0,0,0
2023-01-02 14:07:00,0,0,0,0,0
2023-01-02 14:08:00,0,0,0,0,0
2023-01-02 14:09:00,0,0,0,0,0
2023-01-02 14:10:00,0,0,0,0,0
2023-01-02 14:11:00,0,0,0,0,0
2023-01-02 14:12:00,0,0,0,0,0
2023-01-02 14:13:00,0,0,0,0,0
2023-01-02 14:14:00,0,0,0,0,0
2023-01-02 14:15:00,0,0,0,0,0
2023-01-02 14:16:00,0,0,0,0,0
2023-01-02 14:17:00,0,0,0,0,0
2023-01-02 14:18:00,0,0,0,0,0
2023-01-02 14:19:00,0,0,0,0,0
2023-01-02 14:20:00,0,0,0,0,0
2023-01-02 14:21:00,0,0,0,0,0
2023-01-02 14:22:00,0,0,0,0,0
2023-01-02 14:23:00,0,0,0,0,0
2023-01-02 14:24:00,0,0,0,0,0
2023-01-02 14:25:00,0,0,0,0,0
2023-01-02 14:26:00,0,0,0,0,0
2023-01-02 14:27:00,0,0,0,0,0
2023-01-02 14:28:00,0,0,0,0,0
2023-01-02 14:29:00,0,0,0,0,0
2023-01-02 14:30:00,0,0,0,0,0
2023-01-02 14:31:00,0,0,0,0,0
2023-01-02 14:32:00,0,0,0,0,0
2023-01-02 14:33:00,0,0,0,0,0
2023-01-02 14:34:00,0,0,0,0,0
2023-01-02 14:35:00,0,0,0,0,0
2023-01-02 14:36:00,0,0,0,0,0
2023-01-02 14:37:00,0,0,0,0,0
2023-01-02 14:38:00,0,0,0,0,0
2023-01-02 14:39:00,0,0,0,0,0
2023-01-02 14:40:00,0,0,0,0,0
2023-01-02 14:41:00,0,0,0,0,0
2023-01-02 14:42:00,0,0,0,0,0
2023-01-02 14:43:00,0,0,0,0,0
2023-01-02 14:44:00,0,0,0,0,0
2023-01-02 14:45:00,0,0,0,0,0
2023-01-02 14:46:00,0,0,0,0,0
2023-01-02 14:47:00,0,0,0,0,0
2023-01-02 14:48:00,0,0,0,0,0
2023-01-02 14:49:00,0,0,0,0,0
2023-01-02 14:50:00,0,0,0,0,0
2023-01-02 14:51:00,0,0,0,0,0
2023-01-02 14:52:00,0,0,0,0,0
2023-01-02 14:53:00,0,0,0,0,0
2023-01-02 14:54:00,0,0,0,0,0
2023-01-02 14:55:00,0,0,0,0,0
2023-01-02 14:56:00,0,0,0,0,0
2023-01-02 14:57:00,0,0,0,0,0
2023-01-02 14:58:00,0,0,0,0,0
2023-01-02 14:59:00,0,0,0,0,0
2023-01-02 15:00:00,0,0,0,0,0
2023-01-02 15:01:00,0,0,0,0,0
2023-01-02 15:02:00,0,0,0,0,0
2023-01-02 15:03:00,0,0,0,0,0
2023-01-02 15:04:00,0,0,0,0,0
2023-01-02 15:05:00,0,0,0,0,0
2023-01-02 15:06:00,0,0,0,0,0
2023-01-02 15:07:00,0,0,0,0,0
2023-01-02 15:08:00,0,0,0,0,0
2023-01-02 15:09:00,0,0,0,0,0
2023-01-02 15:10:00,0,0,0,0,0
2023-01-02 15:11:00,0,0,0,0,0
2023-01-02 15:12:00,0,0,0,0,0
2023-01-02 15:13:00,0,0,0,0,0
2023-01-02 15:14:00,0,0,0,0,0
2023-01-02 15:15:00,0,0,0,0,0
2023-01-02 15:16:00,0,0,0,0,0
2023-01-02 15:17:00,0,0,0,0,0
2023-01-02 15:18:00,0,0,0,0,0
2023-01-02 15:19:00,0,0,0,0,0
2023-01-02 15:20:00,0,0,0,0,0
2023-01-02 15:21:00,0,0,0,0,0
2023-01-02 15:22:00,0,0,0,0,0
2023-01-02 15:23:00,0,0,0,0,0
2023-01-02 15:24:00,0,0,0,0,0
2023-01-02 15:25:00,0,0,0,0,0
2023-01-02 15:26:00,0,0,0,0,0
2023-01-02 15:27:00,0,0,0,0,0
2023-01-02 15:28:00,0,0,0,0,0
2023-01-02 15:29:00,0,0,0,0,0
2023-01-02 15:30:00,0,0,0,0,0
2023-01-02 15:31:00,0,0,0,0,0
2023-01-02 15:32:00,0,0,0,0,0
2023-01-02 15:33:00,0,0,0,0,0
2023-01-02 15:34:00,0,0,0,0,0
2023-01-02 15:35:00,0,0,0,0,0
2023-01-02 15:36:00,0,0,0,0,0
2023-01-02 15:37:00,0,0,0,0,0
2023-01-02 15:38:00,0,0,0,0,0
2023-01-02 15:39:00,0,0,0,0,0
2023-01-02 15:40:00,0,0,0,0,0
2023-01-02 15:41:00,0,0,0,0,0
2023-01-02 15:42:00,0,0,0,0,0
2023-01-02 15:43:00,0,0,0,0,0
2023-01-02 15:44:00,0,0,0,0,0
2023-01-02 15:45:00,0,0,0,0,0
2023-01-02 15:46:00,0,0,0,0,0
2023-01-02 15:47:00,0,0,0,0,0
2023-01-02 15:48:00,0,0,0,0,0
2023-01-02 15:49:00,0,0,0,0,0
2023-01-02 15:50:00,0,0,0,0,0
2023-01-02 15:51:00,0,0,0,0,0
2023-01-02 15:52:00,0,0,0,0,0
2023-01-02 15:53:00,0,0,0,0,0
2023-01-02 15:54:00,0,0,0,0,0
2023-01-02 15:55:00,0,0,0,0,0
2023-01-02 15:56:00,0,0,0,0,0
2023-01-02 15:57:00,0,0,0,0,0
2023-01-02 15:58:00,0,0,0,0,0
2023-01-02 15:59:00,0,0,0,0,0
2023-01-03 09:00:00,296,296,296,296,0
2023-01-03 09:01:00,0,0,0,0,0
2023-01-03 09:02:00,0,0,0,0,0
2023-01-03 09:03:00,0,0,0,0,0
2023-01-03 09:04:00,0,0,0,0,0
2023-01-03 09:05:00,316,316,316,316,0
2023-01-03 09:06:00,0,0,0,0,0
2023-01-03 09:07:00,0,0,0,0,0
2023-01-03 09:08:00,0,0,0,0,0
2023-01-03 09:09:00,0,0,0,0,0
2023-01-03 09:10:00,0,0,0,0,0
2023-01-03 09:11:00,0,0,0,0,0
2023-01-03 09:12:00,0,0,0,0,0
2023-01-03 09:13:00,0,0,0,0,0
2023-01-03 09:14:00,0,0,0,0,0
2023-01-03 09:15:00,0,0,0,0,0
2023-01-03 09:16:00,0,0,0,0,0
2023-01-03 09:17:00,0,0,0,0,0
2023-01-03 09:18:00,0,0,0,0,0
2023-01-03 09:19:00,0,0,0,0,0
2023-01-03 09:20:00,0,0,0,0,0
2023-01-03 09:21:00,0,0,0,0,0
2023-01-03 09:22:00,0,0,0,0,0
2023-01-03 09:23:00,0,0,0,0,0
2023-01-03 09:24:00,0,0,0,0,0
2023-01-03 09:25:00,0,0,0,0,0
2023-01-03 09:26:00,0,0,0,0,0
2023-01-03 09:27:00,0,0,0,0,0
2023-01-03 09:28:00,0,0,0,0,0
2023-01-03 09:29:00,0,0,0,0,0
2023-01-03 09:30:00,0,0,0,0,0
2023-01-03 09:31:00,0,0,0,0,0
2023-01-03 09:32:00,310,310,310,310,300
2023-01-03 09:33:00,312,312,312,312,300
2023-01-03 09:34:00,0,0,0,0,0
2023-01-03 09:35:00,0,0,0,0,0
2023-01-03 09:36:00,0,0,0,0,0
2023-01-03 09:37:00,0,0,0,0,0
2023-01-03 09:38:00,0,0,0,0,0
2023-01-03 09:39:00,0,0,0,0,0
2023-01-03 09:40:00,0,0,0,0,0
2023-01-03 09:41:00,0,0,0,0,0
2023-01-03 09:42:00,0,0,0,0,0
2023-01-03 09:43:00,0,0,0,0,0
2023-01-03 09:44:00,0,0,0,0,0
2023-01-03 09:45:00,0,0,0,0,0
2023-01-03 09:46:00,298,298,298,298,1400
2023-01-03 09:47:00,0,0,0,0,0
2023-01-03 09:48:00,0,0,0,0,0
2023-01-03 09:49:00,0,0,0,0,0
2023-01-03 09:50:00,0,0,0,0,0
2023-01-03 09:51:00,0,0,0,0,0
2023-01-03 09:52:00,0,0,0,0,0
2023-01-03 09:53:00,0,0,0,0,0
2023-01-03 09:54:00,0,0,0,0,0
2023-01-03 09:55:00,0,0,0,0,0
2023-01-03 09:56:00,0,0,0,0,0
2023-01-03 09:57:00,0,0,0,0,0
2023-01-03 09:58:00,0,0,0,0,0
2023-01-03 09:59:00,312,312,312,312,100
2023-01-03 10:00:00,0,0,0,0,0
2023-01-03 10:01:00,0,0,0,0,0
2023-01-03 10:02:00,0,0,0,0,0
2023-01-03 10:03:00,0,0,0,0,0
2023-01-03 10:04:00,0,0,0,0,0
2023-01-03 10:05:00,0,0,0,0,0
2023-01-03 10:06:00,0,0,0,0,0
2023-01-03 10:07:00,0,0,0,0,0
2023-01-03 10:08:00,0,0,0,0,0
2023-01-03 10:09:00,0,0,0,0,0
2023-01-03 10:10:00,0,0,0,0,0
2023-01-03 10:11:00,0,0,0,0,0
2023-01-03 10:12:00,0,0,0,0,0
2023-01-03 10:13:00,0,0,0,0,0
2023-01-03 10:14:00,0,0,0,0,0
2023-01-03 10:15:00,0,0,0,0,0
2023-01-03 10:16:00,0,0,0,0,0
2023-01-03 10:17:00,0,0,0,0,0
2023-01-03 10:18:00,0,0,0,0,0
2023-01-03 10:19:00,0,0,0,0,0
2023-01-03 10:20:00,0,0,0,0,0
2023-01-03 10:21:00,0,0,0,0,0
2023-01-03 10:22:00,0,0,0,0,0
2023-01-03 10:23:00,0,0,0,0,0
2023-01-03 10:24:00,0,0,0,0,0
2023-01-03 10:25:00,310,310,310,310,100
2023-01-03 10:26:00,0,0,0,0,0
2023-01-03 10:27:00,0,0,0,0,0
2023-01-03 10:28:00,0,0,0,0,0
2023-01-03 10:29:00,0,0,0,0,0
2023-01-03 10:30:00,0,0,0,0,0
2023-01-03 10:31:00,0,0,0,0,0
2023-01-03 10:32:00,0,0,0,0,0
2023-01-03 10:33:00,0,0,0,0,0
2023-01-03 10:34:00,0,0,0,0,0
2023-01-03 10:35:00,0,0,0,0,0
2023-01-03 10:36:00,0,0,0,0,0
2023-01-03 10:37:00,0,0,0,0,0
2023-01-03 10:38:00,0,0,0,0,0
2023-01-03 10:39:00,0,0,0,0,0
2023-01-03 10:40:00,0,0,0,0,0
2023-01-03 10:41:00,0,0,0,0,0
2023-01-03 10:42:00,0,0,0,0,0
2023-01-03 10:43:00,0,0,0,0,0
2023-01-03 10:44:00,0,0,0,0,0
2023-01-03 10:45:00,0,0,0,0,0
2023-01-03 10:46:00,0,0,0,0,0
2023-01-03 10:47:00,0,0,0,0,0
2023-01-03 10:48:00,0,0,0,0,0
2023-01-03 10:49:00,0,0,0,0,0
2023-01-03 10:50:00,0,0,0,0,0
2023-01-03 10:51:00,0,0,0,0,0
2023-01-03 10:52:00,0,0,0,0,0
2023-01-03 10:53:00,0,0,0,0,0
2023-01-03 10:54:00,0,0,0,0,0
2023-01-03 10:55:00,0,0,0,0,0
2023-01-03 10:56:00,0,0,0,0,0
2023-01-03 10:57:00,0,0,0,0,0
2023-01-03 10:58:00,0,0,0,0,0
2023-01-03 10:59:00,0,0,0,0,0
2023-01-03 11:00:00,0,0,0,0,0
2023-01-03 11:01:00,0,0,0,0,0
2023-01-03 11:02:00,0,0,0,0,0
2023-01-03 11:03:00,0,0,0,0,0
2023-01-03 11:04:00,0,0,0,0,0
2023-01-03 11:05:00,0,0,0,0,0
2023-01-03 11:06:00,0,0,0,0,0
2023-01-03 11:07:00,0,0,0,0,0
2023-01-03 11:08:00,0,0,0,0,0
2023-01-03 11:09:00,0,0,0,0,0
2023-01-03 11:10:00,0,0,0,0,0
2023-01-03 11:11:00,0,0,0,0,0
2023-01-03 11:12:00,0,0,0,0,0
2023-01-03 11:13:00,0,0,0,0,0
2023-01-03 11:14:00,0,0,0,0,0
2023-01-03 11:15:00,0,0,0,0,0
2023-01-03 11:16:00,0,0,0,0,0
2023-01-03 11:17:00,0,0,0,0,0
2023-01-03 11:18:00,0,0,0,0,0
2023-01-03 11:19:00,0,0,0,0,0
2023-01-03 11:20:00,0,0,0,0,0
2023-01-03 11:21:00,0,0,0,0,0
2023-01-03 11:22:00,0,0,0,0,0
2023-01-03 11:23:00,0,0,0,0,0
2023-01-03 11:24:00,0,0,0,0,0
2023-01-03 11:25:00,0,0,0,0,0
2023-01-03 11:26:00,0,0,0,0,0
2023-01-03 11:27:00,0,0,0,0,0
2023-01-03 11:28:00,0,0,0,0,0
2023-01-03 11:29:00,0,0,0,0,0
2023-01-03 11:30:00,0,0,0,0,0
2023-01-03 11:31:00,0,0,0,0,0
2023-01-03 11:32:00,0,0,0,0,0
2023-01-03 11:33:00,0,0,0,0,0
2023-01-03 11:34:00,0,0,0,0,0
2023-01-03 11:35:00,0,0,0,0,0
2023-01-03 11:36:00,0,0,0,0,0
2023-01-03 11:37:00,0,0,0,0,0
2023-01-03 11:38:00,0,0,0,0,0
2023-01-03 11:39:00,0,0,0,0,0
2023-01-03 11:40:00,0,0,0,0,0
2023-01-03 11:41:00,0,0,0,0,0
2023-01-03 11:42:00,0,0,0,0,0
2023-01-03 11:43:00,0,0,0,0,0
2023-01-03 11:44:00,0,0,0,0,0
2023-01-03 11:45:00,0,0,0,0,0
2023-01-03 11:46:00,0,0,0,0,0
2023-01-03 11:47:00,0,0,0,0,0
2023-01-03 11:48:00,0,0,0,0,0
2023-01-03 11:49:00,0,0,0,0,0
2023-01-03 11:50:00,0,0,0,0,0
2023-01-03 11:51:00,0,0,0,0,0
2023-01-03 11:52:00,0,0,0,0,0
2023-01-03 11:53:00,0,0,0,0,0
2023-01-03 11:54:00,0,0,0,0,0
2023-01-03 11:55:00,0,0,0,0,0
2023-01-03 11:56:00,0,0,0,0,0
2023-01-03 11:57:00,0,0,0,0,0
2023-01-03 11:58:00,0,0,0,0,0
2023-01-03 11:59:00,0,0,0,0,0
2023-01-03 12:00:00,0,0,0,0,0
2023-01-03 12:01:00,0,0,0,0,0
2023-01-03 12:02:00,0,0,0,0,0
2023-01-03 12:03:00,0,0,0,0,0
2023-01-03 12:04:00,0,0,0,0,0
2023-01-03 12:05:00,0,0,0,0,0
2023-01-03 12:06:00,0,0,0,0,0
2023-01-03 12:07:00,0,0,0,0,0
2023-01-03 12:08:00,0,0,0,0,0
2023-01-03 12:09:00,0,0,0,0,0
2023-01-03 12:10:00,0,0,0,0,0
2023-01-03 12:11:00,0,0,0,0,0
2023-01-03 12:12:00,0,0,0,0,0
2023-01-03 12:13:00,0,0,0,0,0
2023-01-03 12:14:00,0,0,0,0,0
2023-01-03 12:15:00,0,0,0,0,0
2023-01-03 12:16:00,0,0,0,0,0
2023-01-03 12:17:00,0,0,0,0,0
2023-01-03 12:18:00,0,0,0,0,0
2023-01-03 12:19:00,0,0,0,0,0
2023-01-03 12:20:00,0,0,0,0,0
2023-01-03 12:21:00,0,0,0,0,0
2023-01-03 12:22:00,0,0,0,0,0
2023-01-03 12:23:00,0,0,0,0,0
2023-01-03 12:24:00,0,0,0,0,0
2023-01-03 12:25:00,0,0,0,0,0
2023-01-03 12:26:00,0,0,0,0,0
2023-01-03 12:27:00,0,0,0,0,0
2023-01-03 12:28:00,0,0,0,0,0
2023-01-03 12:29:00,0,0,0,0,0
2023-01-03 12:30:00,0,0,0,0,0
2023-01-03 12:31:00,0,0,0,0,0
2023-01-03 12:32:00,0,0,0,0,0
2023-01-03 12:33:00,0,0,0,0,0
2023-01-03 12:34:00,0,0,0,0,0
2023-01-03 12:35:00,0,0,0,0,0
2023-01-03 12:36:00,0,0,0,0,0
2023-01-03 12:37:00,0,0,0,0,0
2023-01-03 12:38:00,0,0,0,0,0
2023-01-03 12:39:00,0,0,0,0,0
2023-01-03 12:40:00,0,0,0,0,0
2023-01-03 12:41:00,0,0,0,0,0
2023-01-03 12:42:00,0,0,0,0,0
2023-01-03 12:43:00,0,0,0,0,0
2023-01-03 12:44:00,0,0,0,0,0
2023-01-03 12:45:00,0,0,0,0,0
2023-01-03 12:46:00,0,0,0,0,0
2023-01-03 12:47:00,0,0,0,0,0
2023-01-03 12:48:00,0,0,0,0,0
2023-01-03 12:49:00,0,0,0,0,0
2023-01-03 12:50:00,0,0,0,0,0
2023-01-03 12:51:00,0,0,0,0,0
2023-01-03 12:52:00,0,0,0,0,0
2023-01-03 12:53:00,0,0,0,0,0
2023-01-03 12:54:00,0,0,0,0,0
2023-01-03 12:55:00,0,0,0,0,0
2023-01-03 12:56:00,0,0,0,0,0
2023-01-03 12:57:00,0,0,0,0,0
2023-01-03 12:58:00,0,0,0,0,0
2023-01-03 12:59:00,0,0,0,0,0
2023-01-03 13:00:00,0,0,0,0,0
2023-01-03 13:01:00,0,0,0,0,0
2023-01-03 13:02:00,0,0,0,0,0
2023-01-03 13:03:00,0,0,0,0,0
2023-01-03 13:04:00,0,0,0,0,0
2023-01-03 13:05:00,0,0,0,0,0
2023-01-03 13:06:00,0,0,0,0,0
2023-01-03 13:07:00,0,0,0,0,0
2023-01-03 13:08:00,0,0,0,0,0
2023-01-03 13:09:00,0,0,0,0,0
2023-01-03 13:10:00,0,0,0,0,0
2023-01-03 13:11:00,0,0,0,0,0
2023-01-03 13:12:00,0,0,0,0,0
2023-01-03 13:13:00,0,0,0,0,0
2023-01-03 13:14:00,0,0,0,0,0
2023-01-03 13:15:00,0,0,0,0,0
2023-01-03 13:16:00,0,0,0,0,0
2023-01-03 13:17:00,0,0,0,0,0
2023-01-03 13:18:00,0,0,0,0,0
2023-01-03 13:19:00,0,0,0,0,0
2023-01-03 13:20:00,0,0,0,0,0
2023-01-03 13:21:00,0,0,0,0,0
2023-01-03 13:22:00,0,0,0,0,0
2023-01-03 13:23:00,0,0,0,0,0
2023-01-03 13:24:00,0,0,0,0,0
2023-01-03 13:25:00,0,0,0,0,0
2023-01-03 13:26:00,0,0,0,0,0
2023-01-03 13:27:00,0,0,0,0,0
2023-01-03 13:28:00,0,0,0,0,0
2023-01-03 13:29:00,0,0,0,0,0
2023-01-03 13:30:00,306,306,306,306,500
2023-01-03 13:31:00,0,0,0,0,0
2023-01-03 13:32:00,0,0,0,0,0
2023-01-03 13:33:00,0,0,0,0,0
2023-01-03 13:34:00,0,0,0,0,0
2023-01-03 13:35:00,0,0,0,0,0
2023-01-03 13:36:00,0,0,0,0,0
2023-01-03 13:37:00,0,0,0,0,0
2023-01-03 13:38:00,0,0,0,0,0
2023-01-03 13:39:00,0,0,0,0,0
2023-01-03 13:40:00,0,0,0,0,0
2023-01-03 13:41:00,0,0,0,0,0
2023-01-03 13:42:00,0,0,0,0,0
2023-01-03 13:43:00,0,0,0,0,0
2023-01-03 13:44:00,0,0,0,0,0
2023-01-03 13:45:00,0,0,0,0,0
2023-01-03 13:46:00,0,0,0,0,0
2023-01-03 13:47:00,0,0,0,0,0
2023-01-03 13:48:00,0,0,0,0,0
2023-01-03 13:49:00,0,0,0,0,0
2023-01-03 13:50:00,0,0,0,0,0
2023-01-03 13:51:00,0,0,0,0,0
2023-01-03 13:52:00,0,0,0,0,0
2023-01-03 13:53:00,0,0,0,0,0
2023-01-03 13:54:00,0,0,0,0,0
2023-01-03 13:55:00,0,0,0,0,0
2023-01-03 13:56:00,0,0,0,0,0
2023-01-03 13:57:00,0,0,0,0,0
2023-01-03 13:58:00,0,0,0,0,0
2023-01-03 13:59:00,0,0,0,0,0
2023-01-03 14:00:00,0,0,0,0,0
2023-01-03 14:01:00,0,0,0,0,0
2023-01-03 14:02:00,0,0,0,0,0
2023-01-03 14:03:00,0,0,0,0,0
2023-01-03 14:04:00,0,0,0,0,0
2023-01-03 14:05:00,0,0,0,0,0
2023-01-03 14:06:00,0,0,0,0,0
2023-01-03 14:07:00,0,0,0,0,0
2023-01-03 14:08:00,0,0,0,0,0
2023-01-03 14:09:00,0,0,0,0,0
2023-01-03 14:10:00,0,0,0,0,0
2023-01-03 14:11:00,0,0,0,0,0
2023-01-03 14:12:00,0,0,0,0,0
2023-01-03 14:13:00,0,0,0,0,0
2023-01-03 14:14:00,0,0,0,0,0
2023-01-03 14:15:00,0,0,0,0,0
2023-01-03 14:16:00,0,0,0,0,0
2023-01-03 14:17:00,0,0,0,0,0
2023-01-03 14:18:00,0,0,0,0,0
2023-01-03 14:19:00,302,302,302,302,100
2023-01-03 14:20:00,0,0,0,0,0
2023-01-03 14:21:00,0,0,0,0,0
2023-01-03 14:22:00,302,302,302,302,4300
2023-01-03 14:23:00,0,0,0,0,0
2023-01-03 14:24:00,0,0,0,0,0
2023-01-03 14:25:00,0,0,0,0,0
2023-01-03 14:26:00,0,0,0,0,0
2023-01-03 14:27:00,0,0,0,0,0
2023-01-03 14:28:00,0,0,0,0,0
2023-01-03 14:29:00,0,0,0,0,0
2023-01-03 14:30:00,0,0,0,0,0
2023-01-03 14:31:00,0,0,0,0,0
2023-01-03 14:32:00,0,0,0,0,0
2023-01-03 14:33:00,0,0,0,0,0
2023-01-03 14:34:00,0,0,0,0,0
2023-01-03 14:35:00,0,0,0,0,0
2023-01-03 14:36:00,0,0,0,0,0
2023-01-03 14:37:00,0,0,0,0,0
2023-01-03 14:38:00,0,0,0,0,0
2023-01-03 14:39:00,0,0,0,0,0
2023-01-03 14:40:00,0,0,0,0,0
2023-01-03 14:41:00,0,0,0,0,0
2023-01-03 14:42:00,0,0,0,0,0
2023-01-03 14:43:00,0,0,0,0,0
2023-01-03 14:44:00,0,0,0,0,0
2023-01-03 14:45:00,0,0,0,0,0
2023-01-03 14:46:00,0,0,0,0,0
2023-01-03 14:47:00,0,0,0,0,0
2023-01-03 14:48:00,0,0,0,0,0
2023-01-03 14:49:00,0,0,0,0,0
2023-01-03 14:50:00,0,0,0,0,0
2023-01-03 14:51:00,0,0,0,0,0
2023-01-03 14:52:00,0,0,0,0,0
2023-01-03 14:53:00,0,0,0,0,0
2023-01-03 14:54:00,0,0,0,0,0
2023-01-03 14:55:00,0,0,0,0,0
2023-01-03 14:56:00,0,0,0,0,0
2023-01-03 14:57:00,0,0,0,0,0
2023-01-03 14:58:00,0,0,0,0,0
2023-01-03 14:59:00,0,0,0,0,0
2023-01-03 15:00:00,0,0,0,0,0
2023-01-03 15:01:00,0,0,0,0,0
2023-01-03 15:02:00,0,0,0,0,0
2023-01-03 15:03:00,0,0,0,0,0
2023-01-03 15:04:00,0,0,0,0,0
2023-01-03 15:05:00,0,0,0,0,0
2023-01-03 15:06:00,0,0,0,0,0
2023-01-03 15:07:00,0,0,0,0,0
2023-01-03 15:08:00,0,0,0,0,0
2023-01-03 15:09:00,0,0,0,0,0
2023-01-03 15:10:00,0,0,0,0,0
2023-01-03 15:11:00,0,0,0,0,0
2023-01-03 15:12:00,0,0,0,0,0
2023-01-03 15:13:00,0,0,0,0,0
2023-01-03 15:14:00,0,0,0,0,0
2023-01-03 15:15:00,0,0,0,0,0
2023-01-03 15:16:00,0,0,0,0,0
2023-01-03 15:17:00,0,0,0,0,0
2023-01-03 15:18:00,0,0,0,0,0
2023-01-03 15:19:00,0,0,0,0,0
2023-01-03 15:20:00,0,0,0,0,0
2023-01-03 15:21:00,0,0,0,0,0
2023-01-03 15:22:00,0,0,0,0,0
2023-01-03 15:23:00,0,0,0,0,0
2023-01-03 15:24:00,0,0,0,0,0
2023-01-03 15:25:00,0,0,0,0,0
2023-01-03 15:26:00,0,0,0,0,0
2023-01-03 15:27:00,0,0,0,0,0
2023-01-03 15:28:00,0,0,0,0,0
2023-01-03 15:29:00,0,0,0,0,0
2023-01-03 15:30:00,0,0,0,0,0
2023-01-03 15:31:00,0,0,0,0,0
2023-01-03 15:32:00,0,0,0,0,0
2023-01-03 15:33:00,0,0,0,0,0
2023-01-03 15:34:00,0,0,0,0,0
2023-01-03 15:35:00,0,0,0,0,0
2023-01-03 15:36:00,0,0,0,0,0
2023-01-03 15:37:00,0,0,0,0,0
2023-01-03 15:38:00,0,0,0,0,0
2023-01-03 15:39:00,0,0,0,0,0
2023-01-03 15:40:00,0,0,0,0,0
2023-01-03 15:41:00,0,0,0,0,0
2023-01-03 15:42:00,0,0,0,0,0
2023-01-03 15:43:00,0,0,0,0,0
2023-01-03 15:44:00,0,0,0,0,0
2023-01-03 15:45:00,0,0,0,0,0
2023-01-03 15:46:00,0,0,0,0,0
2023-01-03 15:47:00,0,0,0,0,0
2023-01-03 15:48:00,0,0,0,0,0
2023-01-03 15:49:00,0,0,0,0,0
2023-01-03 15:50:00,0,0,0,0,0
2023-01-03 15:51:00,0,0,0,0,0
2023-01-03 15:52:00,0,0,0,0,0
2023-01-03 15:53:00,0,0,0,0,0
2023-01-03 15:54:00,0,0,0,0,0
2023-01-03 15:55:00,0,0,0,0,0
2023-01-03 15:56:00,0,0,0,0,0
2023-01-03 15:57:00,0,0,0,0,0
2023-01-03 15:58:00,0,0,0,0,0
2023-01-03 15:59:00,0,0,0,0,0
2023-01-04 09:00:00,0,0,0,0,0
2023-01-04 09:01:00,0,0,0,0,0
2023-01-04 09:02:00,0,0,0,0,0
2023-01-04 09:03:00,0,0,0,0,0
2023-01-04 09:04:00,0,0,0,0,0
2023-01-04 09:05:00,304,304,314,314,0
2023-01-04 09:06:00,0,0,0,0,0
2023-01-04 09:07:00,0,0,0,0,0
2023-01-04 09:08:00,0,0,0,0,0
2023-01-04 09:09:00,0,0,0,0,0
2023-01-04 09:10:00,0,0,0,0,0
2023-01-04 09:11:00,302,302,302,302,5400
2023-01-04 09:12:00,0,0,0,0,0
2023-01-04 09:13:00,0,0,0,0,0
2023-01-04 09:14:00,0,0,0,0,0
2023-01-04 09:15:00,0,0,0,0,0
2023-01-04 09:16:00,300,296,300,296,6900
2023-01-04 09:17:00,0,0,0,0,0
2023-01-04 09:18:00,0,0,0,0,0
2023-01-04 09:19:00,0,0,0,0,0
2023-01-04 09:20:00,0,0,0,0,0
2023-01-04 09:21:00,0,0,0,0,0
2023-01-04 09:22:00,0,0,0,0,0
2023-01-04 09:23:00,0,0,0,0,0
2023-01-04 09:24:00,0,0,0,0,0
2023-01-04 09:25:00,0,0,0,0,0
2023-01-04 09:26:00,0,0,0,0,0
2023-01-04 09:27:00,0,0,0,0,0
2023-01-04 09:28:00,0,0,0,0,0
2023-01-04 09:29:00,0,0,0,0,0
2023-01-04 09:30:00,0,0,0,0,0
2023-01-04 09:31:00,0,0,0,0,0
2023-01-04 09:32:00,0,0,0,0,0
2023-01-04 09:33:00,0,0,0,0,0
2023-01-04 09:34:00,0,0,0,0,0
2023-01-04 09:35:00,0,0,0,0,0
2023-01-04 09:36:00,0,0,0,0,0
2023-01-04 09:37:00,0,0,0,0,0
2023-01-04 09:38:00,0,0,0,0,0
2023-01-04 09:39:00,0,0,0,0,0
2023-01-04 09:40:00,0,0,0,0,0
2023-01-04 09:41:00,0,0,0,0,0
2023-01-04 09:42:00,0,0,0,0,0
2023-01-04 09:43:00,0,0,0,0,0
2023-01-04 09:44:00,0,0,0,0,0
2023-01-04 09:45:00,0,0,0,0,0
2023-01-04 09:46:00,0,0,0,0,0
2023-01-04 09:47:00,0,0,0,0,0
2023-01-04 09:48:00,0,0,0,0,0
2023-01-04 09:49:00,0,0,0,0,0
2023-01-04 09:50:00,0,0,0,0,0
2023-01-04 09:51:00,0,0,0,0,0
2023-01-04 09:52:00,296,296,296,296,2400
2023-01-04 09:53:00,0,0,0,0,0
2023-01-04 09:54:00,0,0,0,0,0
2023-01-04 09:55:00,0,0,0,0,0
2023-01-04 09:56:00,0,0,0,0,0
2023-01-04 09:57:00,0,0,0,0,0
2023-01-04 09:58:00,0,0,0,0,0
2023-01-04 09:59:00,0,0,0,0,0
2023-01-04 10:00:00,0,0,0,0,0
2023-01-04 10:01:00,0,0,0,0,0
2023-01-04 10:02:00,0,0,0,0,0
2023-01-04 10:03:00,0,0,0,0,0
2023-01-04 10:04:00,0,0,0,0,0
2023-01-04 10:05:00,0,0,0,0,0
2023-01-04 10:06:00,0,0,0,0,0
2023-01-04 10:07:00,0,0,0,0,0
2023-01-04 10:08:00,0,0,0,0,0
2023-01-04 10:09:00,0,0,0,0,0
2023-01-04 10:10:00,0,0,0,0,0
2023-01-04 10:11:00,0,0,0,0,0
2023-01-04 10:12:00,0,0,0,0,0
2023-01-04 10:13:00,306,306,306,306,0
2023-01-04 10:14:00,0,0,0,0,0
2023-01-04 10:15:00,0,0,0,0,0
2023-01-04 10:16:00,0,0,0,0,0
2023-01-04 10:17:00,0,0,0,0,0
2023-01-04 10:18:00,0,0,0,0,0
2023-01-04 10:19:00,0,0,0,0,0
2023-01-04 10:20:00,0,0,0,0,0
2023-01-04 10:21:00,0,0,0,0,0
2023-01-04 10:22:00,0,0,0,0,0
2023-01-04 10:23:00,0,0,0,0,0
2023-01-04 10:24:00,0,0,0,0,0
2023-01-04 10:25:00,0,0,0,0,0
2023-01-04 10:26:00,0,0,0,0,0
2023-01-04 10:27:00,0,0,0,0,0
2023-01-04 10:28:00,0,0,0,0,0
2023-01-04 10:29:00,0,0,0,0,0
2023-01-04 10:30:00,0,0,0,0,0
2023-01-04 10:31:00,0,0,0,0,0
2023-01-04 10:32:00,0,0,0,0,0
2023-01-04 10:33:00,0,0,0,0,0
2023-01-04 10:34:00,0,0,0,0,0
2023-01-04 10:35:00,0,0,0,0,0
2023-01-04 10:36:00,0,0,0,0,0
2023-01-04 10:37:00,0,0,0,0,0
2023-01-04 10:38:00,0,0,0,0,0
2023-01-04 10:39:00,0,0,0,0,0
2023-01-04 10:40:00,0,0,0,0,0
2023-01-04 10:41:00,0,0,0,0,0
2023-01-04 10:42:00,0,0,0,0,0
2023-01-04 10:43:00,0,0,0,0,0
2023-01-04 10:44:00,0,0,0,0,0
2023-01-04 10:45:00,0,0,0,0,0
2023-01-04 10:46:00,0,0,0,0,0
2023-01-04 10:47:00,0,0,0,0,0
2023-01-04 10:48:00,0,0,0,0,0
2023-01-04 10:49:00,0,0,0,0,0
2023-01-04 10:50:00,0,0,0,0,0
2023-01-04 10:51:00,0,0,0,0,0
2023-01-04 10:52:00,0,0,0,0,0
2023-01-04 10:53:00,0,0,0,0,0
2023-01-04 10:54:00,0,0,0,0,0
2023-01-04 10:55:00,0,0,0,0,0
2023-01-04 10:56:00,0,0,0,0,0
2023-01-04 10:57:00,0,0,0,0,0
2023-01-04 10:58:00,0,0,0,0,0
2023-01-04 10:59:00,0,0,0,0,0
2023-01-04 11:00:00,0,0,0,0,0
2023-01-04 11:01:00,0,0,0,0,0
2023-01-04 11:02:00,0,0,0,0,0
2023-01-04 11:03:00,0,0,0,0,0
2023-01-04 11:04:00,0,0,0,0,0
2023-01-04 11:05:00,0,0,0,0,0
2023-01-04 11:06:00,0,0,0,0,0
2023-01-04 11:07:00,0,0,0,0,0
2023-01-04 11:08:00,0,0,0,0,0
2023-01-04 11:09:00,0,0,0,0,0
2023-01-04 11:10:00,0,0,0,0,0
2023-01-04 11:11:00,0,0,0,0,0
2023-01-04 11:12:00,0,0,0,0,0
2023-01-04 11:13:00,0,0,0,0,0
2023-01-04 11:14:00,0,0,0,0,0
2023-01-04 11:15:00,0,0,0,0,0
2023-01-04 11:16:00,0,0,0,0,0
2023-01-04 11:17:00,0,0,0,0,0
2023-01-04 11:18:00,0,0,0,0,0
2023-01-04 11:19:00,0,0,0,0,0
2023-01-04 11:20:00,0,0,0,0,0
2023-01-04 11:21:00,0,0,0,0,0
2023-01-04 11:22:00,0,0,0,0,0
2023-01-04 11:23:00,0,0,0,0,0
2023-01-04 11:24:00,0,0,0,0,0
2023-01-04 11:25:00,0,0,0,0,0
2023-01-04 11:26:00,0,0,0,0,0
2023-01-04 11:27:00,0,0,0,0,0
2023-01-04 11:28:00,0,0,0,0,0
2023-01-04 11:29:00,0,0,0,0,0
2023-01-04 11:30:00,0,0,0,0,0
2023-01-04 11:31:00,0,0,0,0,0
2023-01-04 11:32:00,0,0,0,0,0
2023-01-04 11:33:00,0,0,0,0,0
2023-01-04 11:34:00,0,0,0,0,0
2023-01-04 11:35:00,0,0,0,0,0
2023-01-04 11:36:00,0,0,0,0,0
2023-01-04 11:37:00,0,0,0,0,0
2023-01-04 11:38:00,0,0,0,0,0
2023-01-04 11:39:00,0,0,0,0,0
2023-01-04 11:40:00,0,0,0,0,0
2023-01-04 11:41:00,0,0,0,0,0
2023-01-04 11:42:00,0,0,0,0,0
2023-01-04 11:43:00,0,0,0,0,0
2023-01-04 11:44:00,0,0,0,0,0
2023-01-04 11:45:00,0,0,0,0,0
2023-01-04 11:46:00,0,0,0,0,0
2023-01-04 11:47:00,0,0,0,0,0
2023-01-04 11:48:00,0,0,0,0,0
2023-01-04 11:49:00,0,0,0,0,0
2023-01-04 11:50:00,0,0,0,0,0
2023-01-04 11:51:00,0,0,0,0,0
2023-01-04 11:52:00,0,0,0,0,0
2023-01-04 11:53:00,0,0,0,0,0
2023-01-04 11:54:00,0,0,0,0,0
2023-01-04 11:55:00,0,0,0,0,0
2023-01-04 11:56:00,0,0,0,0,0
2023-01-04 11:57:00,0,0,0,0,0
2023-01-04 11:58:00,0,0,0,0,0
2023-01-04 11:59:00,0,0,0,0,0
2023-01-04 12:00:00,0,0,0,0,0
2023-01-04 12:01:00,0,0,0,0,0
2023-01-04 12:02:00,0,0,0,0,0
2023-01-04 12:03:00,0,0,0,0,0
2023-01-04 12:04:00,0,0,0,0,0
2023-01-04 12:05:00,0,0,0,0,0
2023-01-04 12:06:00,0,0,0,0,0
2023-01-04 12:07:00,0,0,0,0,0
2023-01-04 12:08:00,0,0,0,0,0
2023-01-04 12:09:00,0,0,0,0,0
2023-01-04 12:10:00,0,0,0,0,0
2023-01-04 12:11:00,0,0,0,0,0
2023-01-04 12:12:00,0,0,0,0,0
2023-01-04 12:13:00,0,0,0,0,0
2023-01-04 12:14:00,0,0,0,0,0
2023-01-04 12:15:00,0,0,0,0,0
2023-01-04 12:16:00,0,0,0,0,0
2023-01-04 12:17:00,0,0,0,0,0
2023-01-04 12:18:00,0,0,0,0,0
2023-01-04 12:19:00,0,0,0,0,0
2023-01-04 12:20:00,0,0,0,0,0
2023-01-04 12:21:00,0,0,0,0,0
2023-01-04 12:22:00,0,0,0,0,0
2023-01-04 12:23:00,0,0,0,0,0
2023-01-04 12:24:00,0,0,0,0,0
2023-01-04 12:25:00,0,0,0,0,0
2023-01-04 12:26:00,0,0,0,0,0
2023-01-04 12:27:00,0,0,0,0,0
2023-01-04 12:28:00,0,0,0,0,0
2023-01-04 12:29:00,0,0,0,0,0
2023-01-04 12:30:00,0,0,0,0,0
2023-01-04 12:31:00,0,0,0,0,0
2023-01-04 12:32:00,0,0,0,0,0
2023-01-04 12:33:00,0,0,0,0,0
2023-01-04 12:34:00,0,0,0,0,0
2023-01-04 12:35:00,0,0,0,0,0
2023-01-04 12:36:00,0,0,0,0,0
2023-01-04 12:37:00,0,0,0,0,0
2023-01-04 12:38:00,0,0,0,0,0
2023-01-04 12:39:00,0,0,0,0,0
2023-01-04 12:40:00,0,0,0,0,0
2023-01-04 12:41:00,0,0,0,0,0
2023-01-04 12:42:00,0,0,0,0,0
2023-01-04 12:43:00,0,0,0,0,0
2023-01-04 12:44:00,0,0,0,0,0
2023-01-04 12:45:00,0,0,0,0,0
2023-01-04 12:46:00,0,0,0,0,0
2023-01-04 12:47:00,0,0,0,0,0
2023-01-04 12:48:00,0,0,0,0,0
2023-01-04 12:49:00,0,0,0,0,0
2023-01-04 12:50:00,0,0,0,0,0
2023-01-04 12:51:00,0,0,0,0,0
2023-01-04 12:52:00,0,0,0,0,0
2023-01-04 12:53:00,0,0,0,0,0
2023-01-04 12:54:00,0,0,0,0,0
2023-01-04 12:55:00,0,0,0,0,0
2023-01-04 12:56:00,0,0,0,0,0
2023-01-04 12:57:00,0,0,0,0,0
2023-01-04 12:58:00,0,0,0,0,0
2023-01-04 12:59:00,0,0,0,0,0
2023-01-04 13:00:00,0,0,0,0,0
2023-01-04 13:01:00,0,0,0,0,0
2023-01-04 13:02:00,0,0,0,0,0
2023-01-04 13:03:00,0,0,0,0,0
2023-01-04 13:04:00,0,0,0,0,0
2023-01-04 13:05:00,0,0,0,0,0
2023-01-04 13:06:00,0,0,0,0,0
2023-01-04 13:07:00,0,0,0,0,0
2023-01-04 13:08:00,0,0,0,0,0
2023-01-04 13:09:00,0,0,0,0,0
2023-01-04 13:10:00,0,0,0,0,0
2023-01-04 13:11:00,0,0,0,0,0
2023-01-04 13:12:00,0,0,0,0,0
2023-01-04 13:13:00,0,0,0,0,0
2023-01-04 13:14:00,0,0,0,0,0
2023-01-04 13:15:00,0,0,0,0,0
2023-01-04 13:16:00,0,0,0,0,0
2023-01-04 13:17:00,0,0,0,0,0
2023-01-04 13:18:00,0,0,0,0,0
2023-01-04 13:19:00,0,0,0,0,0
2023-01-04 13:20:00,0,0,0,0,0
2023-01-04 13:21:00,0,0,0,0,0
2023-01-04 13:22:00,0,0,0,0,0
2023-01-04 13:23:00,0,0,0,0,0
2023-01-04 13:24:00,0,0,0,0,0
2023-01-04 13:25:00,0,0,0,0,0
2023-01-04 13:26:00,0,0,0,0,0
2023-01-04 13:27:00,0,0,0,0,0
2023-01-04 13:28:00,0,0,0,0,0
2023-01-04 13:29:00,0,0,0,0,0
2023-01-04 13:30:00,0,0,0,0,0
2023-01-04 13:31:00,0,0,0,0,0
2023-01-04 13:32:00,0,0,0,0,0
2023-01-04 13:33:00,0,0,0,0,0
2023-01-04 13:34:00,0,0,0,0,0
2023-01-04 13:35:00,0,0,0,0,0
2023-01-04 13:36:00,0,0,0,0,0
2023-01-04 13:37:00,0,0,0,0,0
2023-01-04 13:38:00,0,0,0,0,0
2023-01-04 13:39:00,0,0,0,0,0
2023-01-04 13:40:00,0,0,0,0,0
2023-01-04 13:41:00,0,0,0,0,0
2023-01-04 13:42:00,0,0,0,0,0
2023-01-04 13:43:00,0,0,0,0,0
2023-01-04 13:44:00,0,0,0,0,0
2023-01-04 13:45:00,0,0,0,0,0
2023-01-04 13:46:00,0,0,0,0,0
2023-01-04 13:47:00,0,0,0,0,0
2023-01-04 13:48:00,0,0,0,0,0
2023-01-04 13:49:00,300,300,300,300,200
2023-01-04 13:50:00,298,296,298,296,30000
2023-01-04 13:51:00,0,0,0,0,0
2023-01-04 13:52:00,0,0,0,0,0
2023-01-04 13:53:00,294,294,296,296,1600
2023-01-04 13:54:00,0,0,0,0,0
2023-01-04 13:55:00,0,0,0,0,0
2023-01-04 13:56:00,0,0,0,0,0
2023-01-04 13:57:00,0,0,0,0,0
2023-01-04 13:58:00,0,0,0,0,0
2023-01-04 13:59:00,0,0,0,0,0
2023-01-04 14:00:00,0,0,0,0,0
2023-01-04 14:01:00,0,0,0,0,0
2023-01-04 14:02:00,0,0,0,0,0
2023-01-04 14:03:00,0,0,0,0,0
2023-01-04 14:04:00,0,0,0,0,0
2023-01-04 14:05:00,0,0,0,0,0
2023-01-04 14:06:00,0,0,0,0,0
2023-01-04 14:07:00,0,0,0,0,0
2023-01-04 14:08:00,0,0,0,0,0
2023-01-04 14:09:00,0,0,0,0,0
2023-01-04 14:10:00,0,0,0,0,0
2023-01-04 14:11:00,0,0,0,0,0
2023-01-04 14:12:00,0,0,0,0,0
2023-01-04 14:13:00,0,0,0,0,0
2023-01-04 14:14:00,0,0,0,0,0
2023-01-04 14:15:00,0,0,0,0,0
2023-01-04 14:16:00,0,0,0,0,0
2023-01-04 14:17:00,0,0,0,0,0
2023-01-04 14:18:00,0,0,0,0,0
2023-01-04 14:19:00,0,0,0,0,0
2023-01-04 14:20:00,0,0,0,0,0
2023-01-04 14:21:00,0,0,0,0,0
2023-01-04 14:22:00,0,0,0,0,0
2023-01-04 14:23:00,0,0,0,0,0
2023-01-04 14:24:00,0,0,0,0,0
2023-01-04 14:25:00,0,0,0,0,0
2023-01-04 14:26:00,0,0,0,0,0
2023-01-04 14:27:00,294,294,294,294,1000
2023-01-04 14:28:00,0,0,0,0,0
2023-01-04 14:29:00,0,0,0,0,0
2023-01-04 14:30:00,0,0,0,0,0
2023-01-04 14:31:00,0,0,0,0,0
2023-01-04 14:32:00,0,0,0,0,0
2023-01-04 14:33:00,0,0,0,0,0
2023-01-04 14:34:00,290,290,290,290,800
2023-01-04 14:35:00,288,288,288,288,6000
2023-01-04 14:36:00,288,288,288,288,0
2023-01-04 14:37:00,0,0,0,0,0
2023-01-04 14:38:00,286,286,286,286,3000
2023-01-04 14:39:00,0,0,0,0,0
2023-01-04 14:40:00,286,286,286,286,7000
2023-01-04 14:41:00,0,0,0,0,0
2023-01-04 14:42:00,0,0,0,0,0
2023-01-04 14:43:00,286,286,286,286,9200
2023-01-04 14:44:00,0,0,0,0,0
2023-01-04 14:45:00,0,0,0,0,0
2023-01-04 14:46:00,0,0,0,0,0
2023-01-04 14:47:00,286,286,286,286,0
2023-01-04 14:48:00,0,0,0,0,0
2023-01-04 14:49:00,0,0,0,0,0
2023-01-04 14:50:00,0,0,0,0,0
2023-01-04 14:51:00,0,0,0,0,0
2023-01-04 14:52:00,0,0,0,0,0
2023-01-04 14:53:00,0,0,0,0,0
2023-01-04 14:54:00,0,0,0,0,0
2023-01-04 14:55:00,0,0,0,0,0
2023-01-04 14:56:00,0,0,0,0,0
2023-01-04 14:57:00,0,0,0,0,0
2023-01-04 14:58:00,0,0,0,0,0
2023-01-04 14:59:00,0,0,0,0,0
2023-01-04 15:00:00,282,282,282,282,18500
2023-01-04 15:01:00,0,0,0,0,0
2023-01-04 15:02:00,0,0,0,0,0
2023-01-04 15:03:00,0,0,0,0,0
2023-01-04 15:04:00,0,0,0,0,0
2023-01-04 15:05:00,0,0,0,0,0
2023-01-04 15:06:00,0,0,0,0,0
2023-01-04 15:07:00,0,0,0,0,0
2023-01-04 15:08:00,0,0,0,0,0
2023-01-04 15:09:00,282,282,282,282,103700
2023-01-04 15:10:00,0,0,0,0,0
2023-01-04 15:11:00,0,0,0,0,0
2023-01-04 15:12:00,0,0,0,0,0
2023-01-04 15:13:00,0,0,0,0,0
2023-01-04 15:14:00,0,0,0,0,0
2023-01-04 15:15:00,0,0,0,0,0
2023-01-04 15:16:00,0,0,0,0,0
2023-01-04 15:17:00,0,0,0,0,0
2023-01-04 15:18:00,0,0,0,0,0
2023-01-04 15:19:00,0,0,0,0,0
2023-01-04 15:20:00,0,0,0,0,0
2023-01-04 15:21:00,0,0,0,0,0
2023-01-04 15:22:00,0,0,0,0,0
2023-01-04 15:23:00,0,0,0,0,0
2023-01-04 15:24:00,0,0,0,0,0
2023-01-04 15:25:00,0,0,0,0,0
2023-01-04 15:26:00,0,0,0,0,0
2023-01-04 15:27:00,0,0,0,0,0
2023-01-04 15:28:00,0,0,0,0,0
2023-01-04 15:29:00,0,0,0,0,0
2023-01-04 15:30:00,0,0,0,0,0
2023-01-04 15:31:00,0,0,0,0,0
2023-01-04 15:32:00,0,0,0,0,0
2023-01-04 15:33:00,0,0,0,0,0
2023-01-04 15:34:00,0,0,0,0,0
2023-01-04 15:35:00,0,0,0,0,0
2023-01-04 15:36:00,0,0,0,0,0
2023-01-04 15:37:00,0,0,0,0,0
2023-01-04 15:38:00,0,0,0,0,0
2023-01-04 15:39:00,0,0,0,0,0
2023-01-04 15:40:00,0,0,0,0,0
2023-01-04 15:41:00,0,0,0,0,0
2023-01-04 15:42:00,0,0,0,0,0
2023-01-04 15:43:00,0,0,0,0,0
2023-01-04 15:44:00,0,0,0,0,0
2023-01-04 15:45:00,0,0,0,0,0
2023-01-04 15:46:00,0,0,0,0,0
2023-01-04 15:47:00,0,0,0,0,0
2023-01-04 15:48:00,0,0,0,0,0
2023-01-04 15:49:00,0,0,0,0,0
2023-01-04 15:50:00,0,0,0,0,0
2023-01-04 15:51:00,0,0,0,0,0
2023-01-04 15:52:00,0,0,0,0,0
2023-01-04 15:53:00,0,0,0,0,0
2023-01-04 15:54:00,0,0,0,0,0
2023-01-04 15:55:00,0,0,0,0,0
2023-01-04 15:56:00,0,0,0,0,0
2023-01-04 15:57:00,0,0,0,0,0
2023-01-04 15:58:00,0,0,0,0,0
2023-01-04 15:59:00,0,0,0,0,0
2023-01-05 09:00:00,0,0,0,0,0
2023-01-05 09:01:00,0,0,0,0,0
2023-01-05 09:02:00,0,0,0,0,0
2023-01-05 09:03:00,0,0,0,0,0
2023-01-05 09:04:00,0,0,0,0,0
2023-01-05 09:05:00,0,0,0,0,0
2023-01-05 09:06:00,0,0,0,0,0
2023-01-05 09:07:00,0,0,0,0,0
2023-01-05 09:08:00,0,0,0,0,0
2023-01-05 09:09:00,0,0,0,0,0
2023-01-05 09:10:00,0,0,0,0,0
2023-01-05 09:11:00,0,0,0,0,0
2023-01-05 09:12:00,0,0,0,0,0
2023-01-05 09:13:00,0,0,0,0,0
2023-01-05 09:14:00,0,0,0,0,0
2023-01-05 09:15:00,0,0,0,0,0
2023-01-05 09:16:00,0,0,0,0,0
2023-01-05 09:17:00,0,0,0,0,0
2023-01-05 09:18:00,0,0,0,0,0
2023-01-05 09:19:00,270,270,270,270,0
2023-01-05 09:20:00,270,270,270,270,700
2023-01-05 09:21:00,0,0,0,0,0
2023-01-05 09:22:00,0,0,0,0,0
2023-01-05 09:23:00,0,0,0,0,0
2023-01-05 09:24:00,0,0,0,0,0
2023-01-05 09:25:00,0,0,0,0,0
2023-01-05 09:26:00,0,0,0,0,0
2023-01-05 09:27:00,0,0,0,0,0
2023-01-05 09:28:00,0,0,0,0,0
2023-01-05 09:29:00,0,0,0,0,0
2023-01-05 09:30:00,0,0,0,0,0
2023-01-05 09:31:00,270,270,270,270,1700
2023-01-05 09:32:00,0,0,0,0,0
2023-01-05 09:33:00,0,0,0,0,0
2023-01-05 09:34:00,268,268,268,268,9500
2023-01-05 09:35:00,270,270,270,270,0
2023-01-05 09:36:00,0,0,0,0,0
2023-01-05 09:37:00,0,0,0,0,0
2023-01-05 09:38:00,270,270,270,270,200
2023-01-05 09:39:00,0,0,0,0,0
2023-01-05 09:40:00,270,270,270,270,0
2023-01-05 09:41:00,0,0,0,0,0
2023-01-05 09:42:00,0,0,0,0,0
2023-01-05 09:43:00,268,268,268,268,4900
2023-01-05 09:44:00,270,270,270,270,0
2023-01-05 09:45:00,0,0,0,0,0
2023-01-05 09:46:00,0,0,0,0,0
2023-01-05 09:47:00,268,268,268,268,100
2023-01-05 09:48:00,268,268,268,268,2600
2023-01-05 09:49:00,0,0,0,0,0
2023-01-05 09:50:00,0,0,0,0,0
2023-01-05 09:51:00,0,0,0,0,0
2023-01-05 09:52:00,0,0,0,0,0
2023-01-05 09:53:00,0,0,0,0,0
2023-01-05 09:54:00,0,0,0,0,0
2023-01-05 09:55:00,268,268,268,268,300
2023-01-05 09:56:00,0,0,0,0,0
2023-01-05 09:57:00,0,0,0,0,0
2023-01-05 09:58:00,0,0,0,0,0
2023-01-05 09:59:00,266,264,266,264,4700
2023-01-05 10:00:00,0,0,0,0,0
2023-01-05 10:01:00,0,0,0,0,0
2023-01-05 10:02:00,0,0,0,0,0
2023-01-05 10:03:00,0,0,0,0,0
2023-01-05 10:04:00,0,0,0,0,0
2023-01-05 10:05:00,0,0,0,0,0
2023-01-05 10:06:00,0,0,0,0,0
2023-01-05 10:07:00,264,264,264,264,30000
2023-01-05 10:08:00,0,0,0,0,0
2023-01-05 10:09:00,0,0,0,0,0
2023-01-05 10:10:00,0,0,0,0,0
2023-01-05 10:11:00,266,266,266,266,400
2023-01-05 10:12:00,0,0,0,0,0
2023-01-05 10:13:00,266,266,266,266,400
2023-01-05 10:14:00,0,0,0,0,0
2023-01-05 10:15:00,0,0,0,0,0
2023-01-05 10:16:00,0,0,0,0,0
2023-01-05 10:17:00,0,0,0,0,0
2023-01-05 10:18:00,0,0,0,0,0
2023-01-05 10:19:00,0,0,0,0,0
2023-01-05 10:20:00,266,266,266,266,600
2023-01-05 10:21:00,0,0,0,0,0
2023-01-05 10:22:00,0,0,0,0,0
2023-01-05 10:23:00,266,266,266,266,4100
2023-01-05 10:24:00,266,266,266,266,11700
2023-01-05 10:25:00,0,0,0,0,0
2023-01-05 10:26:00,0,0,0,0,0
2023-01-05 10:27:00,0,0,0,0,0
2023-01-05 10:28:00,0,0,0,0,0
2023-01-05 10:29:00,0,0,0,0,0
2023-01-05 10:30:00,0,0,0,0,0
2023-01-05 10:31:00,0,0,0,0,0
2023-01-05 10:32:00,0,0,0,0,0
2023-01-05 10:33:00,0,0,0,0,0
2023-01-05 10:34:00,0,0,0,0,0
2023-01-05 10:35:00,0,0,0,0,0
2023-01-05 10:36:00,0,0,0,0,0
2023-01-05 10:37:00,0,0,0,0,0
2023-01-05 10:38:00,0,0,0,0,0
2023-01-05 10:39:00,266,266,266,266,2400
2023-01-05 10:40:00,0,0,0,0,0
2023-01-05 10:41:00,0,0,0,0,0
2023-01-05 10:42:00,0,0,0,0,0
2023-01-05 10:43:00,0,0,0,0,0
2023-01-05 10:44:00,0,0,0,0,0
2023-01-05 10:45:00,0,0,0,0,0
2023-01-05 10:46:00,0,0,0,0,0
2023-01-05 10:47:00,0,0,0,0,0
2023-01-05 10:48:00,268,268,268,268,5200
2023-01-05 10:49:00,0,0,0,0,0
2023-01-05 10:50:00,0,0,0,0,0
2023-01-05 10:51:00,0,0,0,0,0
2023-01-05 10:52:00,0,0,0,0,0
2023-01-05 10:53:00,0,0,0,0,0
2023-01-05 10:54:00,0,0,0,0,0
2023-01-05 10:55:00,0,0,0,0,0
2023-01-05 10:56:00,0,0,0,0,0
2023-01-05 10:57:00,0,0,0,0,0
2023-01-05 10:58:00,0,0,0,0,0
2023-01-05 10:59:00,280,280,280,280,0
2023-01-05 11:00:00,0,0,0,0,0
2023-01-05 11:01:00,280,280,280,280,100
2023-01-05 11:02:00,0,0,0,0,0
2023-01-05 11:03:00,0,0,0,0,0
2023-01-05 11:04:00,0,0,0,0,0
2023-01-05 11:05:00,0,0,0,0,0
2023-01-05 11:06:00,0,0,0,0,0
2023-01-05 11:07:00,0,0,0,0,0
2023-01-05 11:08:00,0,0,0,0,0
2023-01-05 11:09:00,272,272,272,272,2500
2023-01-05 11:10:00,0,0,0,0,0
2023-01-05 11:11:00,0,0,0,0,0
2023-01-05 11:12:00,0,0,0,0,0
2023-01-05 11:13:00,0,0,0,0,0
2023-01-05 11:14:00,0,0,0,0,0
2023-01-05 11:15:00,0,0,0,0,0
2023-01-05 11:16:00,0,0,0,0,0
2023-01-05 11:17:00,0,0,0,0,0
2023-01-05 11:18:00,0,0,0,0,0
2023-01-05 11:19:00,272,272,272,272,1700
2023-01-05 11:20:00,0,0,0,0,0
2023-01-05 11:21:00,0,0,0,0,0
2023-01-05 11:22:00,0,0,0,0,0
2023-01-05 11:23:00,0,0,0,0,0
2023-01-05 11:24:00,0,0,0,0,0
2023-01-05 11:25:00,0,0,0,0,0
2023-01-05 11:26:00,0,0,0,0,0
2023-01-05 11:27:00,0,0,0,0,0
2023-01-05 11:28:00,0,0,0,0,0
2023-01-05 11:29:00,0,0,0,0,0
2023-01-05 11:30:00,0,0,0,0,0
2023-01-05 11:31:00,0,0,0,0,0
2023-01-05 11:32:00,0,0,0,0,0
2023-01-05 11:33:00,0,0,0,0,0
2023-01-05 11:34:00,0,0,0,0,0
2023-01-05 11:35:00,0,0,0,0,0
2023-01-05 11:36:00,0,0,0,0,0
2023-01-05 11:37:00,0,0,0,0,0
2023-01-05 11:38:00,0,0,0,0,0
2023-01-05 11:39:00,0,0,0,0,0
2023-01-05 11:40:00,0,0,0,0,0
2023-01-05 11:41:00,0,0,0,0,0
2023-01-05 11:42:00,0,0,0,0,0
2023-01-05 11:43:00,0,0,0,0,0
2023-01-05 11:44:00,0,0,0,0,0
2023-01-05 11:45:00,0,0,0,0,0
2023-01-05 11:46:00,0,0,0,0,0
2023-01-05 11:47:00,0,0,0,0,0
2023-01-05 11:48:00,0,0,0,0,0
2023-01-05 11:49:00,0,0,0,0,0
2023-01-05 11:50:00,0,0,0,0,0
2023-01-05 11:51:00,0,0,0,0,0
2023-01-05 11:52:00,0,0,0,0,0
2023-01-05 11:53:00,0,0,0,0,0
2023-01-05 11:54:00,0,0,0,0,0
2023-01-05 11:55:00,0,0,0,0,0
2023-01-05 11:56:00,0,0,0,0,0
2023-01-05 11:57:00,0,0,0,0,0
2023-01-05 11:58:00,0,0,0,0,0
2023-01-05 11:59:00,0,0,0,0,0
2023-01-05 12:00:00,0,0,0,0,0
2023-01-05 12:01:00,0,0,0,0,0
2023-01-05 12:02:00,0,0,0,0,0
2023-01-05 12:03:00,0,0,0,0,0
2023-01-05 12:04:00,0,0,0,0,0
2023-01-05 12:05:00,0,0,0,0,0
2023-01-05 12:06:00,0,0,0,0,0
2023-01-05 12:07:00,0,0,0,0,0
2023-01-05 12:08:00,0,0,0,0,0
2023-01-05 12:09:00,0,0,0,0,0
2023-01-05 12:10:00,0,0,0,0,0
2023-01-05 12:11:00,0,0,0,0,0
2023-01-05 12:12:00,0,0,0,0,0
2023-01-05 12:13:00,0,0,0,0,0
2023-01-05 12:14:00,0,0,0,0,0
2023-01-05 12:15:00,0,0,0,0,0
2023-01-05 12:16:00,0,0,0,0,0
2023-01-05 12:17:00,0,0,0,0,0
2023-01-05 12:18:00,0,0,0,0,0
2023-01-05 12:19:00,0,0,0,0,0
2023-01-05 12:20:00,0,0,0,0,0
2023-01-05 12:21:00,0,0,0,0,0
2023-01-05 12:22:00,0,0,0,0,0
2023-01-05 12:23:00,0,0,0,0,0
2023-01-05 12:24:00,0,0,0,0,0
2023-01-05 12:25:00,0,0,0,0,0
2023-01-05 12:26:00,0,0,0,0,0
2023-01-05 12:27:00,0,0,0,0,0
2023-01-05 12:28:00,0,0,0,0,0
2023-01-05 12:29:00,0,0,0,0,0
2023-01-05 12:30:00,0,0,0,0,0
2023-01-05 12:31:00,0,0,0,0,0
2023-01-05 12:32:00,0,0,0,0,0
2023-01-05 12:33:00,0,0,0,0,0
2023-01-05 12:34:00,0,0,0,0,0
2023-01-05 12:35:00,0,0,0,0,0
2023-01-05 12:36:00,0,0,0,0,0
2023-01-05 12:37:00,0,0,0,0,0
2023-01-05 12:38:00,0,0,0,0,0
2023-01-05 12:39:00,0,0,0,0,0
2023-01-05 12:40:00,0,0,0,0,0
2023-01-05 12:41:00,0,0,0,0,0
2023-01-05 12:42:00,0,0,0,0,0
2023-01-05 12:43:00,0,0,0,0,0
2023-01-05 12:44:00,0,0,0,0,0
2023-01-05 12:45:00,0,0,0,0,0
2023-01-05 12:46:00,0,0,0,0,0
2023-01-05 12:47:00,0,0,0,0,0
2023-01-05 12:48:00,0,0,0,0,0
2023-01-05 12:49:00,0,0,0,0,0
2023-01-05 12:50:00,0,0,0,0,0
2023-01-05 12:51:00,0,0,0,0,0
2023-01-05 12:52:00,0,0,0,0,0
2023-01-05 12:53:00,0,0,0,0,0
2023-01-05 12:54:00,0,0,0,0,0
2023-01-05 12:55:00,0,0,0,0,0
2023-01-05 12:56:00,0,0,0,0,0
2023-01-05 12:57:00,0,0,0,0,0
2023-01-05 12:58:00,0,0,0,0,0
2023-01-05 12:59:00,0,0,0,0,0
2023-01-05 13:00:00,0,0,0,0,0
2023-01-05 13:01:00,0,0,0,0,0
2023-01-05 13:02:00,0,0,0,0,0
2023-01-05 13:03:00,0,0,0,0,0
2023-01-05 13:04:00,0,0,0,0,0
2023-01-05 13:05:00,0,0,0,0,0
2023-01-05 13:06:00,0,0,0,0,0
2023-01-05 13:07:00,0,0,0,0,0
2023-01-05 13:08:00,0,0,0,0,0
2023-01-05 13:09:00,0,0,0,0,0
2023-01-05 13:10:00,0,0,0,0,0
2023-01-05 13:11:00,0,0,0,0,0
2023-01-05 13:12:00,0,0,0,0,0
2023-01-05 13:13:00,0,0,0,0,0
2023-01-05 13:14:00,0,0,0,0,0
2023-01-05 13:15:00,0,0,0,0,0
2023-01-05 13:16:00,0,0,0,0,0
2023-01-05 13:17:00,0,0,0,0,0
2023-01-05 13:18:00,0,0,0,0,0
2023-01-05 13:19:00,0,0,0,0,0
2023-01-05 13:20:00,0,0,0,0,0
2023-01-05 13:21:00,0,0,0,0,0
2023-01-05 13:22:00,0,0,0,0,0
2023-01-05 13:23:00,0,0,0,0,0
2023-01-05 13:24:00,0,0,0,0,0
2023-01-05 13:25:00,0,0,0,0,0
2023-01-05 13:26:00,0,0,0,0,0
2023-01-05 13:27:00,0,0,0,0,0
2023-01-05 13:28:00,0,0,0,0,0
2023-01-05 13:29:00,0,0,0,0,0
2023-01-05 13:30:00,272,272,272,272,14800
2023-01-05 13:31:00,0,0,0,0,0
2023-01-05 13:32:00,0,0,0,0,0
2023-01-05 13:33:00,0,0,0,0,0
2023-01-05 13:34:00,0,0,0,0,0
2023-01-05 13:35:00,272,272,272,272,0
2023-01-05 13:36:00,0,0,0,0,0
2023-01-05 13:37:00,0,0,0,0,0
2023-01-05 13:38:00,272,272,272,272,200
2023-01-05 13:39:00,0,0,0,0,0
2023-01-05 13:40:00,0,0,0,0,0
2023-01-05 13:41:00,0,0,0,0,0
2023-01-05 13:42:00,0,0,0,0,0
2023-01-05 13:43:00,0,0,0,0,0
2023-01-05 13:44:00,0,0,0,0,0
2023-01-05 13:45:00,0,0,0,0,0
2023-01-05 13:46:00,0,0,0,0,0
2023-01-05 13:47:00,0,0,0,0,0
2023-01-05 13:48:00,0,0,0,0,0
2023-01-05 13:49:00,0,0,0,0,0
2023-01-05 13:50:00,0,0,0,0,0
2023-01-05 13:51:00,0,0,0,0,0
2023-01-05 13:52:00,0,0,0,0,0
2023-01-05 13:53:00,0,0,0,0,0
2023-01-05 13:54:00,0,0,0,0,0
2023-01-05 13:55:00,0,0,0,0,0
2023-01-05 13:56:00,0,0,0,0,0
2023-01-05 13:57:00,0,0,0,0,0
2023-01-05 13:58:00,0,0,0,0,0
2023-01-05 13:59:00,0,0,0,0,0
2023-01-05 14:00:00,0,0,0,0,0
2023-01-05 14:01:00,0,0,0,0,0
2023-01-05 14:02:00,0,0,0,0,0
2023-01-05 14:03:00,0,0,0,0,0
2023-01-05 14:04:00,0,0,0,0,0
2023-01-05 14:05:00,0,0,0,0,0
2023-01-05 14:06:00,0,0,0,0,0
2023-01-05 14:07:00,0,0,0,0,0
2023-01-05 14:08:00,0,0,0,0,0
2023-01-05 14:09:00,0,0,0,0,0
2023-01-05 14:10:00,0,0,0,0,0
2023-01-05 14:11:00,0,0,0,0,0
2023-01-05 14:12:00,0,0,0,0,0
2023-01-05 14:13:00,0,0,0,0,0
2023-01-05 14:14:00,0,0,0,0,0
2023-01-05 14:15:00,0,0,0,0,0
2023-01-05 14:16:00,0,0,0,0,0
2023-01-05 14:17:00,0,0,0,0,0
2023-01-05 14:18:00,0,0,0,0,0
2023-01-05 14:19:00,0,0,0,0,0
2023-01-05 14:20:00,0,0,0,0,0
2023-01-05 14:21:00,0,0,0,0,0
2023-01-05 14:22:00,0,0,0,0,0
2023-01-05 14:23:00,272,272,272,272,1800
2023-01-05 14:24:00,0,0,0,0,0
2023-01-05 14:25:00,0,0,0,0,0
2023-01-05 14:26:00,0,0,0,0,0
2023-01-05 14:27:00,0,0,0,0,0
2023-01-05 14:28:00,0,0,0,0,0
2023-01-05 14:29:00,0,0,0,0,0
2023-01-05 14:30:00,0,0,0,0,0
2023-01-05 14:31:00,0,0,0,0,0
2023-01-05 14:32:00,0,0,0,0,0
2023-01-05 14:33:00,0,0,0,0,0
2023-01-05 14:34:00,0,0,0,0,0
2023-01-05 14:35:00,0,0,0,0,0
2023-01-05 14:36:00,0,0,0,0,0
2023-01-05 14:37:00,0,0,0,0,0
2023-01-05 14:38:00,268,268,268,268,2900
2023-01-05 14:39:00,268,268,268,268,0
2023-01-05 14:40:00,266,266,266,266,1500
2023-01-05 14:41:00,0,0,0,0,0
2023-01-05 14:42:00,0,0,0,0,0
2023-01-05 14:43:00,0,0,0,0,0
2023-01-05 14:44:00,0,0,0,0,0
2023-01-05 14:45:00,0,0,0,0,0
2023-01-05 14:46:00,0,0,0,0,0
2023-01-05 14:47:00,0,0,0,0,0
2023-01-05 14:48:00,0,0,0,0,0
2023-01-05 14:49:00,0,0,0,0,0
2023-01-05 14:50:00,0,0,0,0,0
2023-01-05 14:51:00,0,0,0,0,0
2023-01-05 14:52:00,0,0,0,0,0
2023-01-05 14:53:00,0,0,0,0,0
2023-01-05 14:54:00,0,0,0,0,0
2023-01-05 14:55:00,0,0,0,0,0
2023-01-05 14:56:00,0,0,0,0,0
2023-01-05 14:57:00,0,0,0,0,0
2023-01-05 14:58:00,0,0,0,0,0
2023-01-05 14:59:00,0,0,0,0,0
2023-01-05 15:00:00,270,270,270,270,96500
2023-01-05 15:01:00,0,0,0,0,0
2023-01-05 15:02:00,0,0,0,0,0
2023-01-05 15:03:00,0,0,0,0,0
2023-01-05 15:04:00,0,0,0,0,0
2023-01-05 15:05:00,0,0,0,0,0
2023-01-05 15:06:00,0,0,0,0,0
2023-01-05 15:07:00,0,0,0,0,0
2023-01-05 15:08:00,0,0,0,0,0
2023-01-05 15:09:00,0,0,0,0,0
2023-01-05 15:10:00,0,0,0,0,0
2023-01-05 15:11:00,0,0,0,0,0
2023-01-05 15:12:00,0,0,0,0,0
2023-01-05 15:13:00,0,0,0,0,0
2023-01-05 15:14:00,0,0,0,0,0
2023-01-05 15:15:00,0,0,0,0,0
2023-01-05 15:16:00,0,0,0,0,0
2023-01-05 15:17:00,0,0,0,0,0
2023-01-05 15:18:00,0,0,0,0,0
2023-01-05 15:19:00,0,0,0,0,0
2023-01-05 15:20:00,0,0,0,0,0
2023-01-05 15:21:00,0,0,0,0,0
2023-01-05 15:22:00,0,0,0,0,0
2023-01-05 15:23:00,0,0,0,0,0
2023-01-05 15:24:00,0,0,0,0,0
2023-01-05 15:25:00,0,0,0,0,0
2023-01-05 15:26:00,0,0,0,0,0
2023-01-05 15:27:00,0,0,0,0,0
2023-01-05 15:28:00,0,0,0,0,0
2023-01-05 15:29:00,0,0,0,0,0
2023-01-05 15:30:00,0,0,0,0,0
2023-01-05 15:31:00,0,0,0,0,0
2023-01-05 15:32:00,0,0,0,0,0
2023-01-05 15:33:00,0,0,0,0,0
2023-01-05 15:34:00,0,0,0,0,0
2023-01-05 15:35:00,0,0,0,0,0
2023-01-05 15:36:00,0,0,0,0,0
2023-01-05 15:37:00,0,0,0,0,0
2023-01-05 15:38:00,0,0,0,0,0
2023-01-05 15:39:00,0,0,0,0,0
2023-01-05 15:40:00,0,0,0,0,0
2023-01-05 15:41:00,0,0,0,0,0
2023-01-05 15:42:00,0,0,0,0,0
2023-01-05 15:43:00,0,0,0,0,0
2023-01-05 15:44:00,0,0,0,0,0
2023-01-05 15:45:00,0,0,0,0,0
2023-01-05 15:46:00,0,0,0,0,0
2023-01-05 15:47:00,0,0,0,0,0
2023-01-05 15:48:00,0,0,0,0,0
2023-01-05 15:49:00,0,0,0,0,0
2023-01-05 15:50:00,0,0,0,0,0
2023-01-05 15:51:00,0,0,0,0,0
2023-01-05 15:52:00,0,0,0,0,0
2023-01-05 15:53:00,0,0,0,0,0
2023-01-05 15:54:00,0,0,0,0,0
2023-01-05 15:55:00,0,0,0,0,0
2023-01-05 15:56:00,0,0,0,0,0
2023-01-05 15:57:00,0,0,0,0,0
2023-01-05 15:58:00,0,0,0,0,0
2023-01-05 15:59:00,0,0,0,0,0
2023-01-06 09:00:00,0,0,0,0,0
2023-01-06 09:01:00,0,0,0,0,0
2023-01-06 09:02:00,0,0,0,0,0
2023-01-06 09:03:00,0,0,0,0,0
2023-01-06 09:04:00,0,0,0,0,0
2023-01-06 09:05:00,0,0,0,0,0
2023-01-06 09:06:00,0,0,0,0,0
2023-01-06 09:07:00,0,0,0,0,0
2023-01-06 09:08:00,0,0,0,0,0
2023-01-06 09:09:00,0,0,0,0,0
2023-01-06 09:10:00,0,0,0,0,0
2023-01-06 09:11:00,0,0,0,0,0
2023-01-06 09:12:00,0,0,0,0,0
2023-01-06 09:13:00,0,0,0,0,0
2023-01-06 09:14:00,0,0,0,0,0
2023-01-06 09:15:00,0,0,0,0,0
2023-01-06 09:16:00,276,276,280,280,0
2023-01-06 09:17:00,0,0,0,0,0
2023-01-06 09:18:00,0,0,0,0,0
2023-01-06 09:19:00,0,0,0,0,0
2023-01-06 09:20:00,0,0,0,0,0
2023-01-06 09:21:00,0,0,0,0,0
2023-01-06 09:22:00,0,0,0,0,0
2023-01-06 09:23:00,0,0,0,0,0
2023-01-06 09:24:00,0,0,0,0,0
2023-01-06 09:25:00,0,0,0,0,0
2023-01-06 09:26:00,0,0,0,0,0
2023-01-06 09:27:00,0,0,0,0,0
2023-01-06 09:28:00,0,0,0,0,0
2023-01-06 09:29:00,0,0,0,0,0
2023-01-06 09:30:00,0,0,0,0,0
2023-01-06 09:31:00,0,0,0,0,0
2023-01-06 09:32:00,0,0,0,0,0
2023-01-06 09:33:00,0,0,0,0,0
2023-01-06 09:34:00,0,0,0,0,0
2023-01-06 09:35:00,258,258,258,258,100
2023-01-06 09:36:00,0,0,0,0,0
2023-01-06 09:37:00,0,0,0,0,0
2023-01-06 09:38:00,0,0,0,0,0
2023-01-06 09:39:00,0,0,0,0,0
2023-01-06 09:40:00,0,0,0,0,0
2023-01-06 09:41:00,0,0,0,0,0
2023-01-06 09:42:00,278,278,278,278,100
2023-01-06 09:43:00,0,0,0,0,0
2023-01-06 09:44:00,0,0,0,0,0
2023-01-06 09:45:00,0,0,0,0,0
2023-01-06 09:46:00,0,0,0,0,0
2023-01-06 09:47:00,0,0,0,0,0
2023-01-06 09:48:00,0,0,0,0,0
2023-01-06 09:49:00,0,0,0,0,0
2023-01-06 09:50:00,0,0,0,0,0
2023-01-06 09:51:00,0,0,0,0,0
2023-01-06 09:52:00,0,0,0,0,0
2023-01-06 09:53:00,0,0,0,0,0
2023-01-06 09:54:00,0,0,0,0,0
2023-01-06 09:55:00,0,0,0,0,0
2023-01-06 09:56:00,0,0,0,0,0
2023-01-06 09:57:00,0,0,0,0,0
2023-01-06 09:58:00,0,0,0,0,0
2023-01-06 09:59:00,0,0,0,0,0
2023-01-06 10:00:00,0,0,0,0,0
2023-01-06 10:01:00,0,0,0,0,0
2023-01-06 10:02:00,0,0,0,0,0
2023-01-06 10:03:00,0,0,0,0,0
2023-01-06 10:04:00,0,0,0,0,0
2023-01-06 10:05:00,0,0,0,0,0
2023-01-06 10:06:00,0,0,0,0,0
2023-01-06 10:07:00,0,0,0,0,0
2023-01-06 10:08:00,0,0,0,0,0
2023-01-06 10:09:00,0,0,0,0,0
2023-01-06 10:10:00,0,0,0,0,0
2023-01-06 10:11:00,0,0,0,0,0
2023-01-06 10:12:00,0,0,0,0,0
2023-01-06 10:13:00,0,0,0,0,0
2023-01-06 10:14:00,274,274,274,274,100
2023-01-06 10:15:00,0,0,0,0,0
2023-01-06 10:16:00,0,0,0,0,0
2023-01-06 10:17:00,0,0,0,0,0
2023-01-06 10:18:00,0,0,0,0,0
2023-01-06 10:19:00,0,0,0,0,0
2023-01-06 10:20:00,0,0,0,0,0
2023-01-06 10:21:00,0,0,0,0,0
2023-01-06 10:22:00,0,0,0,0,0
2023-01-06 10:23:00,0,0,0,0,0
2023-01-06 10:24:00,0,0,0,0,0
2023-01-06 10:25:00,0,0,0,0,0
2023-01-06 10:26:00,0,0,0,0,0
2023-01-06 10:27:00,0,0,0,0,0
2023-01-06 10:28:00,0,0,0,0,0
2023-01-06 10:29:00,0,0,0,0,0
2023-01-06 10:30:00,0,0,0,0,0
2023-01-06 10:31:00,0,0,0,0,0
2023-01-06 10:32:00,0,0,0,0,0
2023-01-06 10:33:00,0,0,0,0,0
2023-01-06 10:34:00,0,0,0,0,0
2023-01-06 10:35:00,0,0,0,0,0
2023-01-06 10:36:00,0,0,0,0,0
2023-01-06 10:37:00,0,0,0,0,0
2023-01-06 10:38:00,0,0,0,0,0
2023-01-06 10:39:00,0,0,0,0,0
2023-01-06 10:40:00,0,0,0,0,0
2023-01-06 10:41:00,0,0,0,0,0
2023-01-06 10:42:00,270,270,270,270,20000
2023-01-06 10:43:00,0,0,0,0,0
2023-01-06 10:44:00,0,0,0,0,0
2023-01-06 10:45:00,0,0,0,0,0
2023-01-06 10:46:00,0,0,0,0,0
2023-01-06 10:47:00,0,0,0,0,0
2023-01-06 10:48:00,0,0,0,0,0
2023-01-06 10:49:00,0,0,0,0,0
2023-01-06 10:50:00,0,0,0,0,0
2023-01-06 10:51:00,0,0,0,0,0
2023-01-06 10:52:00,0,0,0,0,0
2023-01-06 10:53:00,0,0,0,0,0
2023-01-06 10:54:00,0,0,0,0,0
2023-01-06 10:55:00,0,0,0,0,0
2023-01-06 10:56:00,0,0,0,0,0
2023-01-06 10:57:00,0,0,0,0,0
2023-01-06 10:58:00,0,0,0,0,0
2023-01-06 10:59:00,0,0,0,0,0
2023-01-06 11:00:00,0,0,0,0,0
2023-01-06 11:01:00,0,0,0,0,0
2023-01-06 11:02:00,0,0,0,0,0
2023-01-06 11:03:00,0,0,0,0,0
2023-01-06 11:04:00,0,0,0,0,0
2023-01-06 11:05:00,0,0,0,0,0
2023-01-06 11:06:00,0,0,0,0,0
2023-01-06 11:07:00,0,0,0,0,0
2023-01-06 11:08:00,0,0,0,0,0
2023-01-06 11:09:00,0,0,0,0,0
2023-01-06 11:10:00,268,268,268,268,3000
2023-01-06 11:11:00,0,0,0,0,0
2023-01-06 11:12:00,0,0,0,0,0
2023-01-06 11:13:00,0,0,0,0,0
2023-01-06 11:14:00,0,0,0,0,0
2023-01-06 11:15:00,0,0,0,0,0
2023-01-06 11:16:00,0,0,0,0,0
2023-01-06 11:17:00,0,0,0,0,0
2023-01-06 11:18:00,0,0,0,0,0
2023-01-06 11:19:00,0,0,0,0,0
2023-01-06 11:20:00,0,0,0,0,0
2023-01-06 11:21:00,0,0,0,0,0
2023-01-06 11:22:00,0,0,0,0,0
2023-01-06 11:23:00,0,0,0,0,0
2023-01-06 11:24:00,0,0,0,0,0
2023-01-06 11:25:00,0,0,0,0,0
2023-01-06 11:26:00,0,0,0,0,0
2023-01-06 11:27:00,0,0,0,0,0
2023-01-06 11:28:00,0,0,0,0,0
2023-01-06 11:29:00,0,0,0,0,0
2023-01-06 11:30:00,0,0,0,0,0
2023-01-06 11:31:00,0,0,0,0,0
2023-01-06 11:32:00,0,0,0,0,0
2023-01-06 11:33:00,0,0,0,0,0
2023-01-06 11:34:00,0,0,0,0,0
2023-01-06 11:35:00,0,0,0,0,0
2023-01-06 11:36:00,0,0,0,0,0
2023-01-06 11:37:00,0,0,0,0,0
2023-01-06 11:38:00,0,0,0,0,0
2023-01-06 11:39:00,0,0,0,0,0
2023-01-06 11:40:00,0,0,0,0,0
2023-01-06 11:41:00,0,0,0,0,0
2023-01-06 11:42:00,0,0,0,0,0
2023-01-06 11:43:00,0,0,0,0,0
2023-01-06 11:44:00,0,0,0,0,0
2023-01-06 11:45:00,0,0,0,0,0
2023-01-06 11:46:00,0,0,0,0,0
2023-01-06 11:47:00,0,0,0,0,0
2023-01-06 11:48:00,0,0,0,0,0
2023-01-06 11:49:00,0,0,0,0,0
2023-01-06 11:50:00,0,0,0,0,0
2023-01-06 11:51:00,0,0,0,0,0
2023-01-06 11:52:00,0,0,0,0,0
2023-01-06 11:53:00,0,0,0,0,0
2023-01-06 11:54:00,0,0,0,0,0
2023-01-06 11:55:00,0,0,0,0,0
2023-01-06 11:56:00,0,0,0,0,0
2023-01-06 11:57:00,0,0,0,0,0
2023-01-06 11:58:00,0,0,0,0,0
2023-01-06 11:59:00,0,0,0,0,0
2023-01-06 12:00:00,0,0,0,0,0
2023-01-06 12:01:00,0,0,0,0,0
2023-01-06 12:02:00,0,0,0,0,0
2023-01-06 12:03:00,0,0,0,0,0
2023-01-06 12:04:00,0,0,0,0,0
2023-01-06 12:05:00,0,0,0,0,0
2023-01-06 12:06:00,0,0,0,0,0
2023-01-06 12:07:00,0,0,0,0,0
2023-01-06 12:08:00,0,0,0,0,0
2023-01-06 12:09:00,0,0,0,0,0
2023-01-06 12:10:00,0,0,0,0,0
2023-01-06 12:11:00,0,0,0,0,0
2023-01-06 12:12:00,0,0,0,0,0
2023-01-06 12:13:00,0,0,0,0,0
2023-01-06 12:14:00,0,0,0,0,0
2023-01-06 12:15:00,0,0,0,0,0
2023-01-06 12:16:00,0,0,0,0,0
2023-01-06 12:17:00,0,0,0,0,0
2023-01-06 12:18:00,0,0,0,0,0
2023-01-06 12:19:00,0,0,0,0,0
2023-01-06 12:20:00,0,0,0,0,0
2023-01-06 12:21:00,0,0,0,0,0
2023-01-06 12:22:00,0,0,0,0,0
2023-01-06 12:23:00,0,0,0,0,0
2023-01-06 12:24:00,0,0,0,0,0
2023-01-06 12:25:00,0,0,0,0,0
2023-01-06 12:26:00,0,0,0,0,0
2023-01-06 12:27:00,0,0,0,0,0
2023-01-06 12:28:00,0,0,0,0,0
2023-01-06 12:29:00,0,0,0,0,0
2023-01-06 12:30:00,0,0,0,0,0
2023-01-06 12:31:00,0,0,0,0,0
2023-01-06 12:32:00,0,0,0,0,0
2023-01-06 12:33:00,0,0,0,0,0
2023-01-06 12:34:00,0,0,0,0,0
2023-01-06 12:35:00,0,0,0,0,0
2023-01-06 12:36:00,0,0,0,0,0
2023-01-06 12:37:00,0,0,0,0,0
2023-01-06 12:38:00,0,0,0,0,0
2023-01-06 12:39:00,0,0,0,0,0
2023-01-06 12:40:00,0,0,0,0,0
2023-01-06 12:41:00,0,0,0,0,0
2023-01-06 12:42:00,0,0,0,0,0
2023-01-06 12:43:00,0,0,0,0,0
2023-01-06 12:44:00,0,0,0,0,0
2023-01-06 12:45:00,0,0,0,0,0
2023-01-06 12:46:00,0,0,0,0,0
2023-01-06 12:47:00,0,0,0,0,0
2023-01-06 12:48:00,0,0,0,0,0
2023-01-06 12:49:00,0,0,0,0,0
2023-01-06 12:50:00,0,0,0,0,0
2023-01-06 12:51:00,0,0,0,0,0
2023-01-06 12:52:00,0,0,0,0,0
2023-01-06 12:53:00,0,0,0,0,0
2023-01-06 12:54:00,0,0,0,0,0
2023-01-06 12:55:00,0,0,0,0,0
2023-01-06 12:56:00,0,0,0,0,0
2023-01-06 12:57:00,0,0,0,0,0
2023-01-06 12:58:00,0,0,0,0,0
2023-01-06 12:59:00,0,0,0,0,0
2023-01-06 13:00:00,0,0,0,0,0
2023-01-06 13:01:00,0,0,0,0,0
2023-01-06 13:02:00,0,0,0,0,0
2023-01-06 13:03:00,0,0,0,0,0
2023-01-06 13:04:00,0,0,0,0,0
2023-01-06 13:05:00,0,0,0,0,0
2023-01-06 13:06:00,0,0,0,0,0
2023-01-06 13:07:00,0,0,0,0,0
2023-01-06 13:08:00,0,0,0,0,0
2023-01-06 13:09:00,0,0,0,0,0
2023-01-06 13:10:00,0,0,0,0,0
2023-01-06 13:11:00,0,0,0,0,0
2023-01-06 13:12:00,0,0,0,0,0
2023-01-06 13:13:00,0,0,0,0,0
2023-01-06 13:14:00,0,0,0,0,0
2023-01-06 13:15:00,0,0,0,0,0
2023-01-06 13:16:00,0,0,0,0,0
2023-01-06 13:17:00,0,0,0,0,0
2023-01-06 13:18:00,0,0,0,0,0
2023-01-06 13:19:00,0,0,0,0,0
2023-01-06 13:20:00,0,0,0,0,0
2023-01-06 13:21:00,0,0,0,0,0
2023-01-06 13:22:00,0,0,0,0,0
2023-01-06 13:23:00,0,0,0,0,0
2023-01-06 13:24:00,0,0,0,0,0
2023-01-06 13:25:00,0,0,0,0,0
2023-01-06 13:26:00,0,0,0,0,0
2023-01-06 13:27:00,0,0,0,0,0
2023-01-06 13:28:00,0,0,0,0,0
2023-01-06 13:29:00,0,0,0,0,0
2023-01-06 13:30:00,0,0,0,0,0
2023-01-06 13:31:00,0,0,0,0,0
2023-01-06 13:32:00,0,0,0,0,0
2023-01-06 13:33:00,0,0,0,0,0
2023-01-06 13:34:00,0,0,0,0,0
2023-01-06 13:35:00,0,0,0,0,0
2023-01-06 13:36:00,0,0,0,0,0
2023-01-06 13:37:00,0,0,0,0,0
2023-01-06 13:38:00,0,0,0,0,0
2023-01-06 13:39:00,0,0,0,0,0
2023-01-06 13:40:00,0,0,0,0,0
2023-01-06 13:41:00,0,0,0,0,0
2023-01-06 13:42:00,0,0,0,0,0
2023-01-06 13:43:00,0,0,0,0,0
2023-01-06 13:44:00,0,0,0,0,0
2023-01-06 13:45:00,0,0,0,0,0
2023-01-06 13:46:00,0,0,0,0,0
2023-01-06 13:47:00,0,0,0,0,0
2023-01-06 13:48:00,0,0,0,0,0
2023-01-06 13:49:00,0,0,0,0,0
2023-01-06 13:50:00,0,0,0,0,0
2023-01-06 13:51:00,0,0,0,0,0
2023-01-06 13:52:00,0,0,0,0,0
2023-01-06 13:53:00,0,0,0,0,0
2023-01-06 13:54:00,0,0,0,0,0
2023-01-06 13:55:00,0,0,0,0,0
2023-01-06 13:56:00,0,0,0,0,0
2023-01-06 13:57:00,0,0,0,0,0
2023-01-06 13:58:00,0,0,0,0,0
2023-01-06 13:59:00,0,0,0,0,0
2023-01-06 14:00:00,0,0,0,0,0
2023-01-06 14:01:00,0,0,0,0,0
2023-01-06 14:02:00,0,0,0,0,0
2023-01-06 14:03:00,0,0,0,0,0
2023-01-06 14:04:00,270,270,270,270,100
2023-01-06 14:05:00,0,0,0,0,0
2023-01-06 14:06:00,0,0,0,0,0
2023-01-06 14:07:00,0,0,0,0,0
2023-01-06 14:08:00,0,0,0,0,0
2023-01-06 14:09:00,0,0,0,0,0
2023-01-06 14:10:00,0,0,0,0,0
2023-01-06 14:11:00,0,0,0,0,0
2023-01-06 14:12:00,0,0,0,0,0
2023-01-06 14:13:00,0,0,0,0,0
2023-01-06 14:14:00,0,0,0,0,0
2023-01-06 14:15:00,0,0,0,0,0
2023-01-06 14:16:00,0,0,0,0,0
2023-01-06 14:17:00,0,0,0,0,0
2023-01-06 14:18:00,0,0,0,0,0
2023-01-06 14:19:00,0,0,0,0,0
2023-01-06 14:20:00,0,0,0,0,0
2023-01-06 14:21:00,0,0,0,0,0
2023-01-06 14:22:00,0,0,0,0,0
2023-01-06 14:23:00,0,0,0,0,0
2023-01-06 14:24:00,0,0,0,0,0
2023-01-06 14:25:00,0,0,0,0,0
2023-01-06 14:26:00,0,0,0,0,0
2023-01-06 14:27:00,0,0,0,0,0
2023-01-06 14:28:00,0,0,0,0,0
2023-01-06 14:29:00,0,0,0,0,0
2023-01-06 14:30:00,0,0,0,0,0
2023-01-06 14:31:00,0,0,0,0,0
2023-01-06 14:32:00,0,0,0,0,0
2023-01-06 14:33:00,268,268,268,268,600
2023-01-06 14:34:00,0,0,0,0,0
2023-01-06 14:35:00,0,0,0,0,0
2023-01-06 14:36:00,0,0,0,0,0
2023-01-06 14:37:00,0,0,0,0,0
2023-01-06 14:38:00,0,0,0,0,0
2023-01-06 14:39:00,0,0,0,0,0
2023-01-06 14:40:00,0,0,0,0,0
2023-01-06 14:41:00,0,0,0,0,0
2023-01-06 14:42:00,0,0,0,0,0
2023-01-06 14:43:00,0,0,0,0,0
2023-01-06 14:44:00,0,0,0,0,0
2023-01-06 14:45:00,0,0,0,0,0
2023-01-06 14:46:00,0,0,0,0,0
2023-01-06 14:47:00,0,0,0,0,0
2023-01-06 14:48:00,0,0,0,0,0
2023-01-06 14:49:00,0,0,0,0,0
2023-01-06 14:50:00,0,0,0,0,0
2023-01-06 14:51:00,0,0,0,0,0
2023-01-06 14:52:00,0,0,0,0,0
2023-01-06 14:53:00,0,0,0,0,0
2023-01-06 14:54:00,0,0,0,0,0
2023-01-06 14:55:00,0,0,0,0,0
2023-01-06 14:56:00,0,0,0,0,0
2023-01-06 14:57:00,0,0,0,0,0
2023-01-06 14:58:00,0,0,0,0,0
2023-01-06 14:59:00,0,0,0,0,0
2023-01-06 15:00:00,268,268,268,268,4700
2023-01-06 15:01:00,0,0,0,0,0
2023-01-06 15:02:00,0,0,0,0,0
2023-01-06 15:03:00,0,0,0,0,0
2023-01-06 15:04:00,0,0,0,0,0
2023-01-06 15:05:00,0,0,0,0,0
2023-01-06 15:06:00,0,0,0,0,0
2023-01-06 15:07:00,0,0,0,0,0
2023-01-06 15:08:00,268,268,268,268,11800
2023-01-06 15:09:00,0,0,0,0,0
2023-01-06 15:10:00,0,0,0,0,0
2023-01-06 15:11:00,0,0,0,0,0
2023-01-06 15:12:00,0,0,0,0,0
2023-01-06 15:13:00,0,0,0,0,0
2023-01-06 15:14:00,0,0,0,0,0
2023-01-06 15:15:00,0,0,0,0,0
2023-01-06 15:16:00,0,0,0,0,0
2023-01-06 15:17:00,0,0,0,0,0
2023-01-06 15:18:00,0,0,0,0,0
2023-01-06 15:19:00,0,0,0,0,0
2023-01-06 15:20:00,0,0,0,0,0
2023-01-06 15:21:00,0,0,0,0,0
2023-01-06 15:22:00,0,0,0,0,0
2023-01-06 15:23:00,0,0,0,0,0
2023-01-06 15:24:00,0,0,0,0,0
2023-01-06 15:25:00,0,0,0,0,0
2023-01-06 15:26:00,0,0,0,0,0
2023-01-06 15:27:00,0,0,0,0,0
2023-01-06 15:28:00,0,0,0,0,0
2023-01-06 15:29:00,0,0,0,0,0
2023-01-06 15:30:00,0,0,0,0,0
2023-01-06 15:31:00,0,0,0,0,0
2023-01-06 15:32:00,0,0,0,0,0
2023-01-06 15:33:00,0,0,0,0,0
2023-01-06 15:34:00,0,0,0,0,0
2023-01-06 15:35:00,0,0,0,0,0
2023-01-06 15:36:00,0,0,0,0,0
2023-01-06 15:37:00,0,0,0,0,0
2023-01-06 15:38:00,0,0,0,0,0
2023-01-06 15:39:00,0,0,0,0,0
2023-01-06 15:40:00,0,0,0,0,0
2023-01-06 15:41:00,0,0,0,0,0
2023-01-06 15:42:00,0,0,0,0,0
2023-01-06 15:43:00,0,0,0,0,0
2023-01-06 15:44:00,0,0,0,0,0
2023-01-06 15:45:00,0,0,0,0,0
2023-01-06 15:46:00,0,0,0,0,0
2023-01-06 15:47:00,0,0,0,0,0
2023-01-06 15:48:00,0,0,0,0,0
2023-01-06 15:49:00,0,0,0,0,0
2023-01-06 15:50:00,0,0,0,0,0
2023-01-06 15:51:00,0,0,0,0,0
2023-01-06 15:52:00,0,0,0,0,0
2023-01-06 15:53:00,0,0,0,0,0
2023-01-06 15:54:00,0,0,0,0,0
2023-01-06 15:55:00,0,0,0,0,0
2023-01-06 15:56:00,0,0,0,0,0
2023-01-06 15:57:00,0,0,0,0,0
2023-01-06 15:58:00,0,0,0,0,0
2023-01-06 15:59:00,0,0,0,0,0
