timestamp,open,low,high,close,volume
2021-11-01 09:00:00,2000,2000,2000,2000,0
2021-11-01 09:01:00,2000,2000,2000,2000,0
2021-11-01 09:02:00,2000,2000,2000,2000,0
2021-11-01 09:03:00,2000,2000,2000,2000,0
2021-11-01 09:04:00,2000,2000,2000,2000,0
2021-11-01 09:05:00,2000,2000,2000,2000,0
2021-11-01 09:06:00,2000,2000,2000,2000,0
2021-11-01 09:07:00,2000,2000,2000,2000,0
2021-11-01 09:08:00,2000,2000,2000,2000,0
2021-11-01 09:09:00,2000,2000,2000,2000,0
2021-11-01 09:10:00,2000,2000,2000,2000,0
2021-11-01 09:11:00,2000,2000,2000,2000,0
2021-11-01 09:12:00,2000,2000,2000,2000,0
2021-11-01 09:13:00,2000,2000,2000,2000,0
2021-11-01 09:14:00,2000,2000,2000,2000,0
2021-11-01 09:15:00,2000,2000,2000,2000,0
2021-11-01 09:16:00,2000,2000,2000,2000,0
2021-11-01 09:17:00,2000,2000,2000,2000,0
2021-11-01 09:18:00,2000,2000,2000,2000,0
2021-11-01 09:19:00,2000,2000,2000,2000,0
2021-11-01 09:20:00,2000,2000,2000,2000,0
2021-11-01 09:21:00,2000,2000,2000,2000,0
2021-11-01 09:22:00,2000,2000,2000,2000,0
2021-11-01 09:23:00,2000,2000,2000,2000,0
2021-11-01 09:24:00,2000,2000,2000,2000,0
2021-11-01 09:25:00,2000,2000,2000,2000,0
2021-11-01 09:26:00,2000,2000,2000,2000,0
2021-11-01 09:27:00,2000,2000,2000,2000,0
2021-11-01 09:28:00,2000,2000,2000,2000,0
2021-11-01 09:29:00,2000,2000,2000,2000,0
2021-11-01 09:30:00,2000,2000,2000,2000,0
2021-11-01 09:31:00,2000,2000,2000,2000,0
2021-11-01 09:32:00,2000,2000,2000,2000,0
2021-11-01 09:33:00,2000,2000,2000,2000,0
2021-11-01 09:34:00,2000,2000,2000,2000,0
2021-11-01 09:35:00,2000,2000,2000,2000,0
2021-11-01 09:36:00,2000,2000,2000,2000,0
2021-11-01 09:37:00,2000,2000,2000,2000,0
2021-11-01 09:38:00,2000,2000,2000,2000,0
2021-11-01 09:39:00,2000,2000,2000,2000,0
2021-11-01 09:40:00,2000,2000,2000,2000,0
2021-11-01 09:41:00,2000,2000,2000,2000,0
2021-11-01 09:42:00,2000,2000,2000,2000,0
2021-11-01 09:43:00,2000,2000,2000,2000,0
2021-11-01 09:44:00,2000,2000,2000,2000,0
2021-11-01 09:45:00,2000,2000,2000,2000,0
2021-11-01 09:46:00,2000,2000,2000,2000,0
2021-11-01 09:47:00,2000,2000,2000,2000,0
2021-11-01 09:48:00,2000,2000,2000,2000,0
2021-11-01 09:49:00,2000,2000,2000,2000,0
2021-11-01 09:50:00,2000,2000,2000,2000,0
2021-11-01 09:51:00,2000,2000,2000,2000,0
2021-11-01 09:52:00,2000,2000,2000,2000,0
2021-11-01 09:53:00,2000,2000,2000,2000,0
2021-11-01 09:54:00,2000,2000,2000,2000,0
2021-11-01 09:55:00,2000,2000,2000,2000,0
2021-11-01 09:56:00,2000,2000,2000,2000,0
2021-11-01 09:57:00,2000,2000,2000,2000,0
2021-11-01 09:58:00,2000,2000,2000,2000,0
2021-11-01 09:59:00,2000,2000,2000,2000,0
2021-11-01 10:00:00,2000,2000,2000,2000,0
2021-11-01 10:01:00,2000,2000,2000,2000,0
2021-11-01 10:02:00,2000,2000,2000,2000,0
2021-11-01 10:03:00,2000,2000,2000,2000,0
2021-11-01 10:04:00,2000,2000,2000,2000,0
2021-11-01 10:05:00,2000,2000,2000,2000,0
2021-11-01 10:06:00,2000,2000,2000,2000,0
2021-11-01 10:07:00,2000,2000,2000,2000,0
2021-11-01 10:08:00,2000,2000,2000,2000,0
2021-11-01 10:09:00,2000,2000,2000,2000,0
2021-11-01 10:10:00,2000,2000,2000,2000,0
2021-11-01 10:11:00,2000,2000,2000,2000,0
2021-11-01 10:12:00,2000,2000,2000,2000,0
2021-11-01 10:13:00,2000,2000,2000,2000,0
2021-11-01 10:14:00,2000,2000,2000,2000,0
2021-11-01 10:15:00,2000,2000,2000,2000,0
2021-11-01 10:16:00,2000,2000,2000,2000,0
2021-11-01 10:17:00,2000,2000,2000,2000,0
2021-11-01 10:18:00,2000,2000,2000,2000,0
2021-11-01 10:19:00,2000,2000,2000,2000,0
2021-11-01 10:20:00,2000,2000,2000,2000,0
2021-11-01 10:21:00,2000,2000,2000,2000,0
2021-11-01 10:22:00,2000,2000,2000,2000,0
2021-11-01 10:23:00,2000,2000,2000,2000,0
2021-11-01 10:24:00,2000,2000,2000,2000,0
2021-11-01 10:25:00,2000,2000,2000,2000,0
2021-11-01 10:26:00,2000,2000,2000,2000,0
2021-11-01 10:27:00,2000,2000,2000,2000,0
2021-11-01 10:28:00,2000,2000,2000,2000,0
2021-11-01 10:29:00,2000,2000,2000,2000,0
2021-11-01 10:30:00,2000,2000,2000,2000,0
2021-11-01 10:31:00,2000,2000,2000,2000,0
2021-11-01 10:32:00,2000,2000,2000,2000,0
2021-11-01 10:33:00,2000,2000,2000,2000,0
2021-11-01 10:34:00,2000,2000,2000,2000,0
2021-11-01 10:35:00,2000,2000,2000,2000,0
2021-11-01 10:36:00,2000,2000,2000,2000,0
2021-11-01 10:37:00,2000,2000,2000,2000,0
2021-11-01 10:38:00,2000,2000,2000,2000,0
2021-11-01 10:39:00,2000,2000,2000,2000,0
2021-11-01 10:40:00,2000,2000,2000,2000,0
2021-11-01 10:41:00,2000,2000,2000,2000,0
2021-11-01 10:42:00,2000,2000,2000,2000,0
2021-11-01 10:43:00,2000,2000,2000,2000,0
2021-11-01 10:44:00,2000,2000,2000,2000,0
2021-11-01 10:45:00,2000,2000,2000,2000,0
2021-11-01 10:46:00,2000,2000,2000,2000,0
2021-11-01 10:47:00,2000,2000,2000,2000,0
2021-11-01 10:48:00,2000,2000,2000,2000,0
2021-11-01 10:49:00,2000,2000,2000,2000,0
2021-11-01 10:50:00,2000,2000,2000,2000,0
2021-11-01 10:51:00,2000,2000,2000,2000,0
2021-11-01 10:52:00,2000,2000,2000,2000,0
2021-11-01 10:53:00,2000,2000,2000,2000,0
2021-11-01 10:54:00,2000,2000,2000,2000,0
2021-11-01 10:55:00,2000,2000,2000,2000,0
2021-11-01 10:56:00,2000,2000,2000,2000,0
2021-11-01 10:57:00,2000,2000,2000,2000,0
2021-11-01 10:58:00,2000,2000,2000,2000,0
2021-11-01 10:59:00,2000,2000,2000,2000,0
2021-11-01 11:00:00,2000,2000,2000,2000,0
2021-11-01 11:01:00,2000,2000,2000,2000,0
2021-11-01 11:02:00,2000,2000,2000,2000,0
2021-11-01 11:03:00,2000,2000,2000,2000,0
2021-11-01 11:04:00,2000,2000,2000,2000,0
2021-11-01 11:05:00,2000,2000,2000,2000,0
2021-11-01 11:06:00,2000,2000,2000,2000,0
2021-11-01 11:07:00,2000,2000,2000,2000,0
2021-11-01 11:08:00,2000,2000,2000,2000,0
2021-11-01 11:09:00,2000,2000,2000,2000,0
2021-11-01 11:10:00,2000,2000,2000,2000,0
2021-11-01 11:11:00,2000,2000,2000,2000,0
2021-11-01 11:12:00,2000,2000,2000,2000,0
2021-11-01 11:13:00,2000,2000,2000,2000,0
2021-11-01 11:14:00,2000,2000,2000,2000,0
2021-11-01 11:15:00,2000,2000,2000,2000,0
2021-11-01 11:16:00,2000,2000,2000,2000,0
2021-11-01 11:17:00,2000,2000,2000,2000,0
2021-11-01 11:18:00,2000,2000,2000,2000,0
2021-11-01 11:19:00,2000,2000,2000,2000,0
2021-11-01 11:20:00,2000,2000,2000,2000,0
2021-11-01 11:21:00,2000,2000,2000,2000,0
2021-11-01 11:22:00,2000,2000,2000,2000,0
2021-11-01 11:23:00,2000,2000,2000,2000,0
2021-11-01 11:24:00,2000,2000,2000,2000,0
2021-11-01 11:25:00,2000,2000,2000,2000,0
2021-11-01 11:26:00,2000,2000,2000,2000,0
2021-11-01 11:27:00,2000,2000,2000,2000,0
2021-11-01 11:28:00,2000,2000,2000,2000,0
2021-11-01 11:29:00,2000,2000,2000,2000,0
2021-11-01 11:30:00,2000,2000,2000,2000,0
2021-11-01 11:31:00,2000,2000,2000,2000,0
2021-11-01 11:32:00,2000,2000,2000,2000,0
2021-11-01 11:33:00,2000,2000,2000,2000,0
2021-11-01 11:34:00,2000,2000,2000,2000,0
2021-11-01 11:35:00,2000,2000,2000,2000,0
2021-11-01 11:36:00,2000,2000,2000,2000,0
2021-11-01 11:37:00,2000,2000,2000,2000,0
2021-11-01 11:38:00,2000,2000,2000,2000,0
2021-11-01 11:39:00,2000,2000,2000,2000,0
2021-11-01 11:40:00,2000,2000,2000,2000,0
2021-11-01 11:41:00,2000,2000,2000,2000,0
2021-11-01 11:42:00,2000,2000,2000,2000,0
2021-11-01 11:43:00,2000,2000,2000,2000,0
2021-11-01 11:44:00,2000,2000,2000,2000,0
2021-11-01 11:45:00,2000,2000,2000,2000,0
2021-11-01 11:46:00,2000,2000,2000,2000,0
2021-11-01 11:47:00,2000,2000,2000,2000,0
2021-11-01 11:48:00,2000,2000,2000,2000,0
2021-11-01 11:49:00,2000,2000,2000,2000,0
2021-11-01 11:50:00,2000,2000,2000,2000,0
2021-11-01 11:51:00,2000,2000,2000,2000,0
2021-11-01 11:52:00,2000,2000,2000,2000,0
2021-11-01 11:53:00,2000,2000,2000,2000,0
2021-11-01 11:54:00,2000,2000,2000,2000,0
2021-11-01 11:55:00,2000,2000,2000,2000,0
2021-11-01 11:56:00,2000,2000,2000,2000,0
2021-11-01 11:57:00,2000,2000,2000,2000,0
2021-11-01 11:58:00,2000,2000,2000,2000,0
2021-11-01 11:59:00,2000,2000,2000,2000,0
2021-11-01 12:00:00,2000,2000,2000,2000,0
2021-11-01 12:01:00,2000,2000,2000,2000,0
2021-11-01 12:02:00,2000,2000,2000,2000,0
2021-11-01 12:03:00,2000,2000,2000,2000,0
2021-11-01 12:04:00,2000,2000,2000,2000,0
2021-11-01 12:05:00,2000,2000,2000,2000,0
2021-11-01 12:06:00,2000,2000,2000,2000,0
2021-11-01 12:07:00,2000,2000,2000,2000,0
2021-11-01 12:08:00,2000,2000,2000,2000,0
2021-11-01 12:09:00,2000,2000,2000,2000,0
2021-11-01 12:10:00,2000,2000,2000,2000,0
2021-11-01 12:11:00,2000,2000,2000,2000,0
2021-11-01 12:12:00,2000,2000,2000,2000,0
2021-11-01 12:13:00,2000,2000,2000,2000,0
2021-11-01 12:14:00,2000,2000,2000,2000,0
2021-11-01 12:15:00,2000,2000,2000,2000,0
2021-11-01 12:16:00,2000,2000,2000,2000,0
2021-11-01 12:17:00,2000,2000,2000,2000,0
2021-11-01 12:18:00,2000,2000,2000,2000,0
2021-11-01 12:19:00,2000,2000,2000,2000,0
2021-11-01 12:20:00,2000,2000,2000,2000,0
2021-11-01 12:21:00,2000,2000,2000,2000,0
2021-11-01 12:22:00,2000,2000,2000,2000,0
2021-11-01 12:23:00,2000,2000,2000,2000,0
2021-11-01 12:24:00,2000,2000,2000,2000,0
2021-11-01 12:25:00,2000,2000,2000,2000,0
2021-11-01 12:26:00,2000,2000,2000,2000,0
2021-11-01 12:27:00,2000,2000,2000,2000,0
2021-11-01 12:28:00,2000,2000,2000,2000,0
2021-11-01 12:29:00,2000,2000,2000,2000,0
2021-11-01 12:30:00,2000,2000,2000,2000,0
2021-11-01 12:31:00,2000,2000,2000,2000,0
2021-11-01 12:32:00,2000,2000,2000,2000,0
2021-11-01 12:33:00,2000,2000,2000,2000,0
2021-11-01 12:34:00,2000,2000,2000,2000,0
2021-11-01 12:35:00,2000,2000,2000,2000,0
2021-11-01 12:36:00,2000,2000,2000,2000,0
2021-11-01 12:37:00,2000,2000,2000,2000,0
2021-11-01 12:38:00,2000,2000,2000,2000,0
2021-11-01 12:39:00,2000,2000,2000,2000,0
2021-11-01 12:40:00,2000,2000,2000,2000,0
2021-11-01 12:41:00,2000,2000,2000,2000,0
2021-11-01 12:42:00,2000,2000,2000,2000,0
2021-11-01 12:43:00,2000,2000,2000,2000,0
2021-11-01 12:44:00,2000,2000,2000,2000,0
2021-11-01 12:45:00,2000,2000,2000,2000,0
2021-11-01 12:46:00,2000,2000,2000,2000,0
2021-11-01 12:47:00,2000,2000,2000,2000,0
2021-11-01 12:48:00,2000,2000,2000,2000,0
2021-11-01 12:49:00,2000,2000,2000,2000,0
2021-11-01 12:50:00,2000,2000,2000,2000,0
2021-11-01 12:51:00,2000,2000,2000,2000,0
2021-11-01 12:52:00,2000,2000,2000,2000,0
2021-11-01 12:53:00,2000,2000,2000,2000,0
2021-11-01 12:54:00,2000,2000,2000,2000,0
2021-11-01 12:55:00,2000,2000,2000,2000,0
2021-11-01 12:56:00,2000,2000,2000,2000,0
2021-11-01 12:57:00,2000,2000,2000,2000,0
2021-11-01 12:58:00,2000,2000,2000,2000,0
2021-11-01 12:59:00,2000,2000,2000,2000,0
2021-11-01 13:00:00,2000,2000,2000,2000,0
2021-11-01 13:01:00,2000,2000,2000,2000,0
2021-11-01 13:02:00,2000,2000,2000,2000,0
2021-11-01 13:03:00,2000,2000,2000,2000,0
2021-11-01 13:04:00,2000,2000,2000,2000,0
2021-11-01 13:05:00,2000,2000,2000,2000,0
2021-11-01 13:06:00,2000,2000,2000,2000,0
2021-11-01 13:07:00,2000,2000,2000,2000,0
2021-11-01 13:08:00,2000,2000,2000,2000,0
2021-11-01 13:09:00,2000,2000,2000,2000,0
2021-11-01 13:10:00,2000,2000,2000,2000,0
2021-11-01 13:11:00,2000,2000,2000,2000,0
2021-11-01 13:12:00,2000,2000,2000,2000,0
2021-11-01 13:13:00,2000,2000,2000,2000,0
2021-11-01 13:14:00,2000,2000,2000,2000,0
2021-11-01 13:15:00,2000,2000,2000,2000,0
2021-11-01 13:16:00,2000,2000,2000,2000,0
2021-11-01 13:17:00,2000,2000,2000,2000,0
2021-11-01 13:18:00,2000,2000,2000,2000,0
2021-11-01 13:19:00,2000,2000,2000,2000,0
2021-11-01 13:20:00,2000,2000,2000,2000,0
2021-11-01 13:21:00,2000,2000,2000,2000,0
2021-11-01 13:22:00,2000,2000,2000,2000,0
2021-11-01 13:23:00,2000,2000,2000,2000,0
2021-11-01 13:24:00,2000,2000,2000,2000,0
2021-11-01 13:25:00,2000,2000,2000,2000,0
2021-11-01 13:26:00,2000,2000,2000,2000,0
2021-11-01 13:27:00,2000,2000,2000,2000,0
2021-11-01 13:28:00,2000,2000,2000,2000,0
2021-11-01 13:29:00,2000,2000,2000,2000,0
2021-11-01 13:30:00,2000,2000,2000,2000,0
2021-11-01 13:31:00,2000,2000,2000,2000,0
2021-11-01 13:32:00,2000,2000,2000,2000,0
2021-11-01 13:33:00,2000,2000,2000,2000,0
2021-11-01 13:34:00,2000,2000,2000,2000,0
2021-11-01 13:35:00,2000,2000,2000,2000,0
2021-11-01 13:36:00,2000,2000,2000,2000,0
2021-11-01 13:37:00,2000,2000,2000,2000,0
2021-11-01 13:38:00,2000,2000,2000,2000,0
2021-11-01 13:39:00,2000,2000,2000,2000,0
2021-11-01 13:40:00,2000,2000,2000,2000,0
2021-11-01 13:41:00,2000,2000,2000,2000,0
2021-11-01 13:42:00,2000,2000,2000,2000,0
2021-11-01 13:43:00,2000,2000,2000,2000,0
2021-11-01 13:44:00,2000,2000,2000,2000,0
2021-11-01 13:45:00,2000,2000,2000,2000,0
2021-11-01 13:46:00,2000,2000,2000,2000,0
2021-11-01 13:47:00,2000,2000,2000,2000,0
2021-11-01 13:48:00,2000,2000,2000,2000,0
2021-11-01 13:49:00,2000,2000,2000,2000,0
2021-11-01 13:50:00,2000,2000,2000,2000,0
2021-11-01 13:51:00,2000,2000,2000,2000,0
2021-11-01 13:52:00,2000,2000,2000,2000,0
2021-11-01 13:53:00,2000,2000,2000,2000,0
2021-11-01 13:54:00,2000,2000,2000,2000,0
2021-11-01 13:55:00,2000,2000,2000,2000,0
2021-11-01 13:56:00,2000,2000,2000,2000,0
2021-11-01 13:57:00,2000,2000,2000,2000,0
2021-11-01 13:58:00,2000,2000,2000,2000,0
2021-11-01 13:59:00,2000,2000,2000,2000,0
2021-11-01 14:00:00,2000,2000,2000,2000,0
2021-11-01 14:01:00,2000,2000,2000,2000,0
2021-11-01 14:02:00,2000,2000,2000,2000,0
2021-11-01 14:03:00,2000,2000,2000,2000,0
2021-11-01 14:04:00,2000,2000,2000,2000,0
2021-11-01 14:05:00,2000,2000,2000,2000,0
2021-11-01 14:06:00,2000,2000,2000,2000,0
2021-11-01 14:07:00,2000,2000,2000,2000,0
2021-11-01 14:08:00,2000,2000,2000,2000,0
2021-11-01 14:09:00,2000,2000,2000,2000,0
2021-11-01 14:10:00,2000,2000,2000,2000,0
2021-11-01 14:11:00,2000,2000,2000,2000,0
2021-11-01 14:12:00,2000,2000,2000,2000,0
2021-11-01 14:13:00,2000,2000,2000,2000,0
2021-11-01 14:14:00,2000,2000,2000,2000,0
2021-11-01 14:15:00,2000,2000,2000,2000,0
2021-11-01 14:16:00,2000,2000,2000,2000,0
2021-11-01 14:17:00,2000,2000,2000,2000,0
2021-11-01 14:18:00,2000,2000,2000,2000,0
2021-11-01 14:19:00,2000,2000,2000,2000,0
2021-11-01 14:20:00,2000,2000,2000,2000,0
2021-11-01 14:21:00,2000,2000,2000,2000,0
2021-11-01 14:22:00,2000,2000,2000,2000,0
2021-11-01 14:23:00,2000,2000,2000,2000,0
2021-11-01 14:24:00,2000,2000,2000,2000,0
2021-11-01 14:25:00,2000,2000,2000,2000,0
2021-11-01 14:26:00,2000,2000,2000,2000,0
2021-11-01 14:27:00,2000,2000,2000,2000,0
2021-11-01 14:28:00,2000,2000,2000,2000,0
2021-11-01 14:29:00,2000,2000,2000,2000,0
2021-11-01 14:30:00,2000,2000,2000,2000,0
2021-11-01 14:31:00,2000,2000,2000,2000,0
2021-11-01 14:32:00,2000,2000,2000,2000,0
2021-11-01 14:33:00,2000,2000,2000,2000,0
2021-11-01 14:34:00,2000,2000,2000,2000,0
2021-11-01 14:35:00,2000,2000,2000,2000,0
2021-11-01 14:36:00,2000,2000,2000,2000,0
2021-11-01 14:37:00,2000,2000,2000,2000,0
2021-11-01 14:38:00,2000,2000,2000,2000,0
2021-11-01 14:39:00,2000,2000,2000,2000,0
2021-11-01 14:40:00,2000,2000,2000,2000,0
2021-11-01 14:41:00,2000,2000,2000,2000,0
2021-11-01 14:42:00,2000,2000,2000,2000,0
2021-11-01 14:43:00,2000,2000,2000,2000,0
2021-11-01 14:44:00,2000,2000,2000,2000,0
2021-11-01 14:45:00,2000,2000,2000,2000,0
2021-11-01 14:46:00,2000,2000,2000,2000,0
2021-11-01 14:47:00,2000,2000,2000,2000,0
2021-11-01 14:48:00,2000,2000,2000,2000,0
2021-11-01 14:49:00,2000,2000,2000,2000,0
2021-11-01 14:50:00,2000,2000,2000,2000,0
2021-11-01 14:51:00,2000,2000,2000,2000,0
2021-11-01 14:52:00,2000,2000,2000,2000,0
2021-11-01 14:53:00,2000,2000,2000,2000,0
2021-11-01 14:54:00,2000,2000,2000,2000,0
2021-11-01 14:55:00,2000,2000,2000,2000,0
2021-11-01 14:56:00,2000,2000,2000,2000,0
2021-11-01 14:57:00,2000,2000,2000,2000,0
2021-11-01 14:58:00,2000,2000,2000,2000,0
2021-11-01 14:59:00,2000,2000,2000,2000,0
2021-11-01 15:00:00,2000,2000,2000,2000,0
2021-11-01 15:01:00,2000,2000,2000,2000,0
2021-11-01 15:02:00,2000,2000,2000,2000,0
2021-11-01 15:03:00,2000,2000,2000,2000,0
2021-11-01 15:04:00,2000,2000,2000,2000,0
2021-11-01 15:05:00,2000,2000,2000,2000,0
2021-11-01 15:06:00,2000,2000,2000,2000,0
2021-11-01 15:07:00,2000,2000,2000,2000,0
2021-11-01 15:08:00,2000,2000,2000,2000,0
2021-11-01 15:09:00,2000,2000,2000,2000,0
2021-11-01 15:10:00,2000,2000,2000,2000,0
2021-11-01 15:11:00,2000,2000,2000,2000,0
2021-11-01 15:12:00,2000,2000,2000,2000,0
2021-11-01 15:13:00,2000,2000,2000,2000,0
2021-11-01 15:14:00,2000,2000,2000,2000,0
2021-11-01 15:15:00,2000,2000,2000,2000,0
2021-11-01 15:16:00,2000,2000,2000,2000,0
2021-11-01 15:17:00,2000,2000,2000,2000,0
2021-11-01 15:18:00,2000,2000,2000,2000,0
2021-11-01 15:19:00,2000,2000,2000,2000,0
2021-11-01 15:20:00,2000,2000,2000,2000,0
2021-11-01 15:21:00,2000,2000,2000,2000,0
2021-11-01 15:22:00,2000,2000,2000,2000,0
2021-11-01 15:23:00,2000,2000,2000,2000,0
2021-11-01 15:24:00,2000,2000,2000,2000,0
2021-11-01 15:25:00,2000,2000,2000,2000,0
2021-11-01 15:26:00,2000,2000,2000,2000,0
2021-11-01 15:27:00,2000,2000,2000,2000,0
2021-11-01 15:28:00,2000,2000,2000,2000,0
2021-11-01 15:29:00,2000,2000,2000,2000,0
2021-11-01 15:30:00,2000,2000,2000,2000,0
2021-11-01 15:31:00,2000,2000,2000,2000,0
2021-11-01 15:32:00,2000,2000,2000,2000,0
2021-11-01 15:33:00,2000,2000,2000,2000,0
2021-11-01 15:34:00,2000,2000,2000,2000,0
2021-11-01 15:35:00,2000,2000,2000,2000,0
2021-11-01 15:36:00,2000,2000,2000,2000,0
2021-11-01 15:37:00,2000,2000,2000,2000,0
2021-11-01 15:38:00,2000,2000,2000,2000,0
2021-11-01 15:39:00,2000,2000,2000,2000,0
2021-11-01 15:40:00,2000,2000,2000,2000,0
2021-11-01 15:41:00,2000,2000,2000,2000,0
2021-11-01 15:42:00,2000,2000,2000,2000,0
2021-11-01 15:43:00,2000,2000,2000,2000,0
2021-11-01 15:44:00,2000,2000,2000,2000,0
2021-11-01 15:45:00,2000,2000,2000,2000,0
2021-11-01 15:46:00,2000,2000,2000,2000,0
2021-11-01 15:47:00,2000,2000,2000,2000,0
2021-11-01 15:48:00,2000,2000,2000,2000,0
2021-11-01 15:49:00,2000,2000,2000,2000,0
2021-11-01 15:50:00,2000,2000,2000,2000,0
2021-11-01 15:51:00,2000,2000,2000,2000,0
2021-11-01 15:52:00,2000,2000,2000,2000,0
2021-11-01 15:53:00,2000,2000,2000,2000,0
2021-11-01 15:54:00,2000,2000,2000,2000,0
2021-11-01 15:55:00,2000,2000,2000,2000,0
2021-11-01 15:56:00,2000,2000,2000,2000,0
2021-11-01 15:57:00,2000,2000,2000,2000,0
2021-11-01 15:58:00,2000,2000,2000,2000,0
2021-11-01 15:59:00,2000,2000,2000,2000,0
2021-11-02 09:00:00,2000,2000,2000,2000,0
2021-11-02 09:01:00,2000,2000,2000,2000,0
2021-11-02 09:02:00,2000,2000,2000,2000,0
2021-11-02 09:03:00,2000,2000,2000,2000,0
2021-11-02 09:04:00,2000,2000,2000,2000,0
2021-11-02 09:05:00,2000,2000,2000,2000,0
2021-11-02 09:06:00,2000,2000,2000,2000,0
2021-11-02 09:07:00,2000,2000,2000,2000,0
2021-11-02 09:08:00,2000,2000,2000,2000,0
2021-11-02 09:09:00,2000,2000,2000,2000,0
2021-11-02 09:10:00,2000,2000,2000,2000,0
2021-11-02 09:11:00,2000,2000,2000,2000,0
2021-11-02 09:12:00,2000,2000,2000,2000,0
2021-11-02 09:13:00,2000,2000,2000,2000,0
2021-11-02 09:14:00,2000,2000,2000,2000,0
2021-11-02 09:15:00,2000,2000,2000,2000,0
2021-11-02 09:16:00,2000,2000,2000,2000,0
2021-11-02 09:17:00,2000,2000,2000,2000,0
2021-11-02 09:18:00,2000,2000,2000,2000,0
2021-11-02 09:19:00,2000,2000,2000,2000,0
2021-11-02 09:20:00,2000,2000,2000,2000,0
2021-11-02 09:21:00,2000,2000,2000,2000,0
2021-11-02 09:22:00,2000,2000,2000,2000,0
2021-11-02 09:23:00,2000,2000,2000,2000,0
2021-11-02 09:24:00,2000,2000,2000,2000,0
2021-11-02 09:25:00,2000,2000,2000,2000,0
2021-11-02 09:26:00,2000,2000,2000,2000,0
2021-11-02 09:27:00,2000,2000,2000,2000,0
2021-11-02 09:28:00,2000,2000,2000,2000,0
2021-11-02 09:29:00,2000,2000,2000,2000,0
2021-11-02 09:30:00,2000,2000,2000,2000,0
2021-11-02 09:31:00,2000,2000,2000,2000,0
2021-11-02 09:32:00,2000,2000,2000,2000,0
2021-11-02 09:33:00,2000,2000,2000,2000,0
2021-11-02 09:34:00,2000,2000,2000,2000,0
2021-11-02 09:35:00,2000,2000,2000,2000,0
2021-11-02 09:36:00,2000,2000,2000,2000,0
2021-11-02 09:37:00,2000,2000,2000,2000,0
2021-11-02 09:38:00,2000,2000,2000,2000,0
2021-11-02 09:39:00,2000,2000,2000,2000,0
2021-11-02 09:40:00,2000,2000,2000,2000,0
2021-11-02 09:41:00,2000,2000,2000,2000,0
2021-11-02 09:42:00,2000,2000,2000,2000,0
2021-11-02 09:43:00,2000,2000,2000,2000,0
2021-11-02 09:44:00,2000,2000,2000,2000,0
2021-11-02 09:45:00,2000,2000,2000,2000,0
2021-11-02 09:46:00,2000,2000,2000,2000,0
2021-11-02 09:47:00,2000,2000,2000,2000,0
2021-11-02 09:48:00,2000,2000,2000,2000,0
2021-11-02 09:49:00,2000,2000,2000,2000,0
2021-11-02 09:50:00,2000,2000,2000,2000,0
2021-11-02 09:51:00,2000,2000,2000,2000,0
2021-11-02 09:52:00,2000,2000,2000,2000,0
2021-11-02 09:53:00,2000,2000,2000,2000,0
2021-11-02 09:54:00,2000,2000,2000,2000,0
2021-11-02 09:55:00,2000,2000,2000,2000,0
2021-11-02 09:56:00,2000,2000,2000,2000,0
2021-11-02 09:57:00,2000,2000,2000,2000,0
2021-11-02 09:58:00,2000,2000,2000,2000,0
2021-11-02 09:59:00,2000,2000,2000,2000,0
2021-11-02 10:00:00,2000,2000,2000,2000,0
2021-11-02 10:01:00,2000,2000,2000,2000,0
2021-11-02 10:02:00,2000,2000,2000,2000,0
2021-11-02 10:03:00,2000,2000,2000,2000,0
2021-11-02 10:04:00,2000,2000,2000,2000,0
2021-11-02 10:05:00,2000,2000,2000,2000,0
2021-11-02 10:06:00,2000,2000,2000,2000,0
2021-11-02 10:07:00,2000,2000,2000,2000,0
2021-11-02 10:08:00,2000,2000,2000,2000,0
2021-11-02 10:09:00,2000,2000,2000,2000,0
2021-11-02 10:10:00,2000,2000,2000,2000,0
2021-11-02 10:11:00,2000,2000,2000,2000,0
2021-11-02 10:12:00,2000,2000,2000,2000,0
2021-11-02 10:13:00,2000,2000,2000,2000,0
2021-11-02 10:14:00,2000,2000,2000,2000,0
2021-11-02 10:15:00,2000,2000,2000,2000,0
2021-11-02 10:16:00,2000,2000,2000,2000,0
2021-11-02 10:17:00,2000,2000,2000,2000,0
2021-11-02 10:18:00,2000,2000,2000,2000,0
2021-11-02 10:19:00,2000,2000,2000,2000,0
2021-11-02 10:20:00,2000,2000,2000,2000,0
2021-11-02 10:21:00,2000,2000,2000,2000,0
2021-11-02 10:22:00,2000,2000,2000,2000,0
2021-11-02 10:23:00,2000,2000,2000,2000,0
2021-11-02 10:24:00,2000,2000,2000,2000,0
2021-11-02 10:25:00,2000,2000,2000,2000,0
2021-11-02 10:26:00,2000,2000,2000,2000,0
2021-11-02 10:27:00,2000,2000,2000,2000,0
2021-11-02 10:28:00,2000,2000,2000,2000,0
2021-11-02 10:29:00,2000,2000,2000,2000,0
2021-11-02 10:30:00,2000,2000,2000,2000,0
2021-11-02 10:31:00,2000,2000,2000,2000,0
2021-11-02 10:32:00,2000,2000,2000,2000,0
2021-11-02 10:33:00,2000,2000,2000,2000,0
2021-11-02 10:34:00,2000,2000,2000,2000,0
2021-11-02 10:35:00,2000,2000,2000,2000,0
2021-11-02 10:36:00,2000,2000,2000,2000,0
2021-11-02 10:37:00,2000,2000,2000,2000,0
2021-11-02 10:38:00,2000,2000,2000,2000,0
2021-11-02 10:39:00,2000,2000,2000,2000,0
2021-11-02 10:40:00,2000,2000,2000,2000,0
2021-11-02 10:41:00,2000,2000,2000,2000,0
2021-11-02 10:42:00,2000,2000,2000,2000,0
2021-11-02 10:43:00,2000,2000,2000,2000,0
2021-11-02 10:44:00,2000,2000,2000,2000,0
2021-11-02 10:45:00,2000,2000,2000,2000,0
2021-11-02 10:46:00,2000,2000,2000,2000,0
2021-11-02 10:47:00,2000,2000,2000,2000,0
2021-11-02 10:48:00,2000,2000,2000,2000,0
2021-11-02 10:49:00,2000,2000,2000,2000,0
2021-11-02 10:50:00,2000,2000,2000,2000,0
2021-11-02 10:51:00,2000,2000,2000,2000,0
2021-11-02 10:52:00,2000,2000,2000,2000,0
2021-11-02 10:53:00,2000,2000,2000,2000,0
2021-11-02 10:54:00,2000,2000,2000,2000,0
2021-11-02 10:55:00,2000,2000,2000,2000,0
2021-11-02 10:56:00,2000,2000,2000,2000,0
2021-11-02 10:57:00,2000,2000,2000,2000,0
2021-11-02 10:58:00,2000,2000,2000,2000,0
2021-11-02 10:59:00,2000,2000,2000,2000,0
2021-11-02 11:00:00,2000,2000,2000,2000,0
2021-11-02 11:01:00,2000,2000,2000,2000,0
2021-11-02 11:02:00,2000,2000,2000,2000,0
2021-11-02 11:03:00,2000,2000,2000,2000,0
2021-11-02 11:04:00,2000,2000,2000,2000,0
2021-11-02 11:05:00,2000,2000,2000,2000,0
2021-11-02 11:06:00,2000,2000,2000,2000,0
2021-11-02 11:07:00,2000,2000,2000,2000,0
2021-11-02 11:08:00,2000,2000,2000,2000,0
2021-11-02 11:09:00,2000,2000,2000,2000,0
2021-11-02 11:10:00,2000,2000,2000,2000,0
2021-11-02 11:11:00,2000,2000,2000,2000,0
2021-11-02 11:12:00,2000,2000,2000,2000,0
2021-11-02 11:13:00,2000,2000,2000,2000,0
2021-11-02 11:14:00,2000,2000,2000,2000,0
2021-11-02 11:15:00,2000,2000,2000,2000,0
2021-11-02 11:16:00,2000,2000,2000,2000,0
2021-11-02 11:17:00,2000,2000,2000,2000,0
2021-11-02 11:18:00,2000,2000,2000,2000,0
2021-11-02 11:19:00,2000,2000,2000,2000,0
2021-11-02 11:20:00,2000,2000,2000,2000,0
2021-11-02 11:21:00,2000,2000,2000,2000,0
2021-11-02 11:22:00,2000,2000,2000,2000,0
2021-11-02 11:23:00,2000,2000,2000,2000,0
2021-11-02 11:24:00,2000,2000,2000,2000,0
2021-11-02 11:25:00,2000,2000,2000,2000,0
2021-11-02 11:26:00,2000,2000,2000,2000,0
2021-11-02 11:27:00,2000,2000,2000,2000,0
2021-11-02 11:28:00,2000,2000,2000,2000,0
2021-11-02 11:29:00,2000,2000,2000,2000,0
2021-11-02 11:30:00,2000,2000,2000,2000,0
2021-11-02 11:31:00,2000,2000,2000,2000,0
2021-11-02 11:32:00,2000,2000,2000,2000,0
2021-11-02 11:33:00,2000,2000,2000,2000,0
2021-11-02 11:34:00,2000,2000,2000,2000,0
2021-11-02 11:35:00,2000,2000,2000,2000,0
2021-11-02 11:36:00,2000,2000,2000,2000,0
2021-11-02 11:37:00,2000,2000,2000,2000,0
2021-11-02 11:38:00,2000,2000,2000,2000,0
2021-11-02 11:39:00,2000,2000,2000,2000,0
2021-11-02 11:40:00,2000,2000,2000,2000,0
2021-11-02 11:41:00,2000,2000,2000,2000,0
2021-11-02 11:42:00,2000,2000,2000,2000,0
2021-11-02 11:43:00,2000,2000,2000,2000,0
2021-11-02 11:44:00,2000,2000,2000,2000,0
2021-11-02 11:45:00,2000,2000,2000,2000,0
2021-11-02 11:46:00,2000,2000,2000,2000,0
2021-11-02 11:47:00,2000,2000,2000,2000,0
2021-11-02 11:48:00,2000,2000,2000,2000,0
2021-11-02 11:49:00,2000,2000,2000,2000,0
2021-11-02 11:50:00,2000,2000,2000,2000,0
2021-11-02 11:51:00,2000,2000,2000,2000,0
2021-11-02 11:52:00,2000,2000,2000,2000,0
2021-11-02 11:53:00,2000,2000,2000,2000,0
2021-11-02 11:54:00,2000,2000,2000,2000,0
2021-11-02 11:55:00,2000,2000,2000,2000,0
2021-11-02 11:56:00,2000,2000,2000,2000,0
2021-11-02 11:57:00,2000,2000,2000,2000,0
2021-11-02 11:58:00,2000,2000,2000,2000,0
2021-11-02 11:59:00,2000,2000,2000,2000,0
2021-11-02 12:00:00,2000,2000,2000,2000,0
2021-11-02 12:01:00,2000,2000,2000,2000,0
2021-11-02 12:02:00,2000,2000,2000,2000,0
2021-11-02 12:03:00,2000,2000,2000,2000,0
2021-11-02 12:04:00,2000,2000,2000,2000,0
2021-11-02 12:05:00,2000,2000,2000,2000,0
2021-11-02 12:06:00,2000,2000,2000,2000,0
2021-11-02 12:07:00,2000,2000,2000,2000,0
2021-11-02 12:08:00,2000,2000,2000,2000,0
2021-11-02 12:09:00,2000,2000,2000,2000,0
2021-11-02 12:10:00,2000,2000,2000,2000,0
2021-11-02 12:11:00,2000,2000,2000,2000,0
2021-11-02 12:12:00,2000,2000,2000,2000,0
2021-11-02 12:13:00,2000,2000,2000,2000,0
2021-11-02 12:14:00,2000,2000,2000,2000,0
2021-11-02 12:15:00,2000,2000,2000,2000,0
2021-11-02 12:16:00,2000,2000,2000,2000,0
2021-11-02 12:17:00,2000,2000,2000,2000,0
2021-11-02 12:18:00,2000,2000,2000,2000,0
2021-11-02 12:19:00,2000,2000,2000,2000,0
2021-11-02 12:20:00,2000,2000,2000,2000,0
2021-11-02 12:21:00,2000,2000,2000,2000,0
2021-11-02 12:22:00,2000,2000,2000,2000,0
2021-11-02 12:23:00,2000,2000,2000,2000,0
2021-11-02 12:24:00,2000,2000,2000,2000,0
2021-11-02 12:25:00,2000,2000,2000,2000,0
2021-11-02 12:26:00,2000,2000,2000,2000,0
2021-11-02 12:27:00,2000,2000,2000,2000,0
2021-11-02 12:28:00,2000,2000,2000,2000,0
2021-11-02 12:29:00,2000,2000,2000,2000,0
2021-11-02 12:30:00,2000,2000,2000,2000,0
2021-11-02 12:31:00,2000,2000,2000,2000,0
2021-11-02 12:32:00,2000,2000,2000,2000,0
2021-11-02 12:33:00,2000,2000,2000,2000,0
2021-11-02 12:34:00,2000,2000,2000,2000,0
2021-11-02 12:35:00,2000,2000,2000,2000,0
2021-11-02 12:36:00,2000,2000,2000,2000,0
2021-11-02 12:37:00,2000,2000,2000,2000,0
2021-11-02 12:38:00,2000,2000,2000,2000,0
2021-11-02 12:39:00,2000,2000,2000,2000,0
2021-11-02 12:40:00,2000,2000,2000,2000,0
2021-11-02 12:41:00,2000,2000,2000,2000,0
2021-11-02 12:42:00,2000,2000,2000,2000,0
2021-11-02 12:43:00,2000,2000,2000,2000,0
2021-11-02 12:44:00,2000,2000,2000,2000,0
2021-11-02 12:45:00,2000,2000,2000,2000,0
2021-11-02 12:46:00,2000,2000,2000,2000,0
2021-11-02 12:47:00,2000,2000,2000,2000,0
2021-11-02 12:48:00,2000,2000,2000,2000,0
2021-11-02 12:49:00,2000,2000,2000,2000,0
2021-11-02 12:50:00,2000,2000,2000,2000,0
2021-11-02 12:51:00,2000,2000,2000,2000,0
2021-11-02 12:52:00,2000,2000,2000,2000,0
2021-11-02 12:53:00,2000,2000,2000,2000,0
2021-11-02 12:54:00,2000,2000,2000,2000,0
2021-11-02 12:55:00,2000,2000,2000,2000,0
2021-11-02 12:56:00,2000,2000,2000,2000,0
2021-11-02 12:57:00,2000,2000,2000,2000,0
2021-11-02 12:58:00,2000,2000,2000,2000,0
2021-11-02 12:59:00,2000,2000,2000,2000,0
2021-11-02 13:00:00,2000,2000,2000,2000,0
2021-11-02 13:01:00,2000,2000,2000,2000,0
2021-11-02 13:02:00,2000,2000,2000,2000,0
2021-11-02 13:03:00,2000,2000,2000,2000,0
2021-11-02 13:04:00,2000,2000,2000,2000,0
2021-11-02 13:05:00,2000,2000,2000,2000,0
2021-11-02 13:06:00,2000,2000,2000,2000,0
2021-11-02 13:07:00,2000,2000,2000,2000,0
2021-11-02 13:08:00,2000,2000,2000,2000,0
2021-11-02 13:09:00,2000,2000,2000,2000,0
2021-11-02 13:10:00,2000,2000,2000,2000,0
2021-11-02 13:11:00,2000,2000,2000,2000,0
2021-11-02 13:12:00,2000,2000,2000,2000,0
2021-11-02 13:13:00,2000,2000,2000,2000,0
2021-11-02 13:14:00,2000,2000,2000,2000,0
2021-11-02 13:15:00,2000,2000,2000,2000,0
2021-11-02 13:16:00,2000,2000,2000,2000,0
2021-11-02 13:17:00,2000,2000,2000,2000,0
2021-11-02 13:18:00,2000,2000,2000,2000,0
2021-11-02 13:19:00,2000,2000,2000,2000,0
2021-11-02 13:20:00,2000,2000,2000,2000,0
2021-11-02 13:21:00,2000,2000,2000,2000,0
2021-11-02 13:22:00,2000,2000,2000,2000,0
2021-11-02 13:23:00,2000,2000,2000,2000,0
2021-11-02 13:24:00,2000,2000,2000,2000,0
2021-11-02 13:25:00,2000,2000,2000,2000,0
2021-11-02 13:26:00,2000,2000,2000,2000,0
2021-11-02 13:27:00,2000,2000,2000,2000,0
2021-11-02 13:28:00,2000,2000,2000,2000,0
2021-11-02 13:29:00,2000,2000,2000,2000,0
2021-11-02 13:30:00,2000,2000,2000,2000,0
2021-11-02 13:31:00,2000,2000,2000,2000,0
2021-11-02 13:32:00,2000,2000,2000,2000,0
2021-11-02 13:33:00,2000,2000,2000,2000,0
2021-11-02 13:34:00,2000,2000,2000,2000,0
2021-11-02 13:35:00,2000,2000,2000,2000,0
2021-11-02 13:36:00,2000,2000,2000,2000,0
2021-11-02 13:37:00,2000,2000,2000,2000,0
2021-11-02 13:38:00,2000,2000,2000,2000,0
2021-11-02 13:39:00,2000,2000,2000,2000,0
2021-11-02 13:40:00,2000,2000,2000,2000,0
2021-11-02 13:41:00,2000,2000,2000,2000,0
2021-11-02 13:42:00,2000,2000,2000,2000,0
2021-11-02 13:43:00,2000,2000,2000,2000,0
2021-11-02 13:44:00,2000,2000,2000,2000,0
2021-11-02 13:45:00,2000,2000,2000,2000,0
2021-11-02 13:46:00,2000,2000,2000,2000,0
2021-11-02 13:47:00,2000,2000,2000,2000,0
2021-11-02 13:48:00,2000,2000,2000,2000,0
2021-11-02 13:49:00,2000,2000,2000,2000,0
2021-11-02 13:50:00,2000,2000,2000,2000,0
2021-11-02 13:51:00,2000,2000,2000,2000,0
2021-11-02 13:52:00,2000,2000,2000,2000,0
2021-11-02 13:53:00,2000,2000,2000,2000,0
2021-11-02 13:54:00,2000,2000,2000,2000,0
2021-11-02 13:55:00,2000,2000,2000,2000,0
2021-11-02 13:56:00,2000,2000,2000,2000,0
2021-11-02 13:57:00,2000,2000,2000,2000,0
2021-11-02 13:58:00,2000,2000,2000,2000,0
2021-11-02 13:59:00,2000,2000,2000,2000,0
2021-11-02 14:00:00,2000,2000,2000,2000,0
2021-11-02 14:01:00,2000,2000,2000,2000,0
2021-11-02 14:02:00,2000,2000,2000,2000,0
2021-11-02 14:03:00,2000,2000,2000,2000,0
2021-11-02 14:04:00,2000,2000,2000,2000,0
2021-11-02 14:05:00,2000,2000,2000,2000,0
2021-11-02 14:06:00,2000,2000,2000,2000,0
2021-11-02 14:07:00,2000,2000,2000,2000,0
2021-11-02 14:08:00,2000,2000,2000,2000,0
2021-11-02 14:09:00,2000,2000,2000,2000,0
2021-11-02 14:10:00,2000,2000,2000,2000,0
2021-11-02 14:11:00,2000,2000,2000,2000,0
2021-11-02 14:12:00,2000,2000,2000,2000,0
2021-11-02 14:13:00,2000,2000,2000,2000,0
2021-11-02 14:14:00,2000,2000,2000,2000,0
2021-11-02 14:15:00,2000,2000,2000,2000,0
2021-11-02 14:16:00,2000,2000,2000,2000,0
2021-11-02 14:17:00,2000,2000,2000,2000,0
2021-11-02 14:18:00,2000,2000,2000,2000,0
2021-11-02 14:19:00,2000,2000,2000,2000,0
2021-11-02 14:20:00,2000,2000,2000,2000,0
2021-11-02 14:21:00,2000,2000,2000,2000,0
2021-11-02 14:22:00,2000,2000,2000,2000,0
2021-11-02 14:23:00,2000,2000,2000,2000,0
2021-11-02 14:24:00,2000,2000,2000,2000,0
2021-11-02 14:25:00,2000,2000,2000,2000,0
2021-11-02 14:26:00,2000,2000,2000,2000,0
2021-11-02 14:27:00,2000,2000,2000,2000,0
2021-11-02 14:28:00,2000,2000,2000,2000,0
2021-11-02 14:29:00,2000,2000,2000,2000,0
2021-11-02 14:30:00,2000,2000,2000,2000,0
2021-11-02 14:31:00,2000,2000,2000,2000,0
2021-11-02 14:32:00,2000,2000,2000,2000,0
2021-11-02 14:33:00,2000,2000,2000,2000,0
2021-11-02 14:34:00,2000,2000,2000,2000,0
2021-11-02 14:35:00,2000,2000,2000,2000,0
2021-11-02 14:36:00,2000,2000,2000,2000,0
2021-11-02 14:37:00,2000,2000,2000,2000,0
2021-11-02 14:38:00,2000,2000,2000,2000,0
2021-11-02 14:39:00,2000,2000,2000,2000,0
2021-11-02 14:40:00,2000,2000,2000,2000,0
2021-11-02 14:41:00,2000,2000,2000,2000,0
2021-11-02 14:42:00,2000,2000,2000,2000,0
2021-11-02 14:43:00,2000,2000,2000,2000,0
2021-11-02 14:44:00,2000,2000,2000,2000,0
2021-11-02 14:45:00,2000,2000,2000,2000,0
2021-11-02 14:46:00,2000,2000,2000,2000,0
2021-11-02 14:47:00,2000,2000,2000,2000,0
2021-11-02 14:48:00,2000,2000,2000,2000,0
2021-11-02 14:49:00,2000,2000,2000,2000,0
2021-11-02 14:50:00,2000,2000,2000,2000,0
2021-11-02 14:51:00,2000,2000,2000,2000,0
2021-11-02 14:52:00,2000,2000,2000,2000,0
2021-11-02 14:53:00,2000,2000,2000,2000,0
2021-11-02 14:54:00,2000,2000,2000,2000,0
2021-11-02 14:55:00,2000,2000,2000,2000,0
2021-11-02 14:56:00,2000,2000,2000,2000,0
2021-11-02 14:57:00,2000,2000,2000,2000,0
2021-11-02 14:58:00,2000,2000,2000,2000,0
2021-11-02 14:59:00,2000,2000,2000,2000,0
2021-11-02 15:00:00,2000,2000,2000,2000,0
2021-11-02 15:01:00,2000,2000,2000,2000,0
2021-11-02 15:02:00,2000,2000,2000,2000,0
2021-11-02 15:03:00,2000,2000,2000,2000,0
2021-11-02 15:04:00,2000,2000,2000,2000,0
2021-11-02 15:05:00,2000,2000,2000,2000,0
2021-11-02 15:06:00,2000,2000,2000,2000,0
2021-11-02 15:07:00,2000,2000,2000,2000,0
2021-11-02 15:08:00,2000,2000,2000,2000,0
2021-11-02 15:09:00,2000,2000,2000,2000,0
2021-11-02 15:10:00,2000,2000,2000,2000,0
2021-11-02 15:11:00,2000,2000,2000,2000,0
2021-11-02 15:12:00,2000,2000,2000,2000,0
2021-11-02 15:13:00,2000,2000,2000,2000,0
2021-11-02 15:14:00,2000,2000,2000,2000,0
2021-11-02 15:15:00,2000,2000,2000,2000,0
2021-11-02 15:16:00,2000,2000,2000,2000,0
2021-11-02 15:17:00,2000,2000,2000,2000,0
2021-11-02 15:18:00,2000,2000,2000,2000,0
2021-11-02 15:19:00,2000,2000,2000,2000,0
2021-11-02 15:20:00,2000,2000,2000,2000,0
2021-11-02 15:21:00,2000,2000,2000,2000,0
2021-11-02 15:22:00,2000,2000,2000,2000,0
2021-11-02 15:23:00,2000,2000,2000,2000,0
2021-11-02 15:24:00,2000,2000,2000,2000,0
2021-11-02 15:25:00,2000,2000,2000,2000,0
2021-11-02 15:26:00,2000,2000,2000,2000,0
2021-11-02 15:27:00,2000,2000,2000,2000,0
2021-11-02 15:28:00,2000,2000,2000,2000,0
2021-11-02 15:29:00,2000,2000,2000,2000,0
2021-11-02 15:30:00,2000,2000,2000,2000,0
2021-11-02 15:31:00,2000,2000,2000,2000,0
2021-11-02 15:32:00,2000,2000,2000,2000,0
2021-11-02 15:33:00,2000,2000,2000,2000,0
2021-11-02 15:34:00,2000,2000,2000,2000,0
2021-11-02 15:35:00,2000,2000,2000,2000,0
2021-11-02 15:36:00,2000,2000,2000,2000,0
2021-11-02 15:37:00,2000,2000,2000,2000,0
2021-11-02 15:38:00,2000,2000,2000,2000,0
2021-11-02 15:39:00,2000,2000,2000,2000,0
2021-11-02 15:40:00,2000,2000,2000,2000,0
2021-11-02 15:41:00,2000,2000,2000,2000,0
2021-11-02 15:42:00,2000,2000,2000,2000,0
2021-11-02 15:43:00,2000,2000,2000,2000,0
2021-11-02 15:44:00,2000,2000,2000,2000,0
2021-11-02 15:45:00,2000,2000,2000,2000,0
2021-11-02 15:46:00,2000,2000,2000,2000,0
2021-11-02 15:47:00,2000,2000,2000,2000,0
2021-11-02 15:48:00,2000,2000,2000,2000,0
2021-11-02 15:49:00,2000,2000,2000,2000,0
2021-11-02 15:50:00,2000,2000,2000,2000,0
2021-11-02 15:51:00,2000,2000,2000,2000,0
2021-11-02 15:52:00,2000,2000,2000,2000,0
2021-11-02 15:53:00,2000,2000,2000,2000,0
2021-11-02 15:54:00,2000,2000,2000,2000,0
2021-11-02 15:55:00,2000,2000,2000,2000,0
2021-11-02 15:56:00,2000,2000,2000,2000,0
2021-11-02 15:57:00,2000,2000,2000,2000,0
2021-11-02 15:58:00,2000,2000,2000,2000,0
2021-11-02 15:59:00,2000,2000,2000,2000,0
2021-11-03 09:00:00,2000,2000,2000,2000,0
2021-11-03 09:01:00,2000,2000,2000,2000,0
2021-11-03 09:02:00,2000,2000,2000,2000,0
2021-11-03 09:03:00,2000,2000,2000,2000,0
2021-11-03 09:04:00,2000,2000,2000,2000,0
2021-11-03 09:05:00,2000,2000,2000,2000,0
2021-11-03 09:06:00,2000,2000,2000,2000,0
2021-11-03 09:07:00,2000,2000,2000,2000,0
2021-11-03 09:08:00,2000,2000,2000,2000,0
2021-11-03 09:09:00,2000,2000,2000,2000,0
2021-11-03 09:10:00,2000,2000,2000,2000,0
2021-11-03 09:11:00,2000,2000,2000,2000,0
2021-11-03 09:12:00,2000,2000,2000,2000,0
2021-11-03 09:13:00,2000,2000,2000,2000,0
2021-11-03 09:14:00,2000,2000,2000,2000,0
2021-11-03 09:15:00,2000,2000,2000,2000,0
2021-11-03 09:16:00,2000,2000,2000,2000,0
2021-11-03 09:17:00,2000,2000,2000,2000,0
2021-11-03 09:18:00,2000,2000,2000,2000,0
2021-11-03 09:19:00,2000,2000,2000,2000,0
2021-11-03 09:20:00,2000,2000,2000,2000,0
2021-11-03 09:21:00,2000,2000,2000,2000,0
2021-11-03 09:22:00,2000,2000,2000,2000,0
2021-11-03 09:23:00,2000,2000,2000,2000,0
2021-11-03 09:24:00,2000,2000,2000,2000,0
2021-11-03 09:25:00,2000,2000,2000,2000,0
2021-11-03 09:26:00,2000,2000,2000,2000,0
2021-11-03 09:27:00,2000,2000,2000,2000,0
2021-11-03 09:28:00,2000,2000,2000,2000,0
2021-11-03 09:29:00,2000,2000,2000,2000,0
2021-11-03 09:30:00,2000,2000,2000,2000,0
2021-11-03 09:31:00,2000,2000,2000,2000,0
2021-11-03 09:32:00,2000,2000,2000,2000,0
2021-11-03 09:33:00,2000,2000,2000,2000,0
2021-11-03 09:34:00,2000,2000,2000,2000,0
2021-11-03 09:35:00,2000,2000,2000,2000,0
2021-11-03 09:36:00,2000,2000,2000,2000,0
2021-11-03 09:37:00,2000,2000,2000,2000,0
2021-11-03 09:38:00,2000,2000,2000,2000,0
2021-11-03 09:39:00,2000,2000,2000,2000,0
2021-11-03 09:40:00,2000,2000,2000,2000,0
2021-11-03 09:41:00,2000,2000,2000,2000,0
2021-11-03 09:42:00,2000,2000,2000,2000,0
2021-11-03 09:43:00,2000,2000,2000,2000,0
2021-11-03 09:44:00,2000,2000,2000,2000,0
2021-11-03 09:45:00,2000,2000,2000,2000,0
2021-11-03 09:46:00,2000,2000,2000,2000,0
2021-11-03 09:47:00,2000,2000,2000,2000,0
2021-11-03 09:48:00,2000,2000,2000,2000,0
2021-11-03 09:49:00,2000,2000,2000,2000,0
2021-11-03 09:50:00,2000,2000,2000,2000,0
2021-11-03 09:51:00,2000,2000,2000,2000,0
2021-11-03 09:52:00,2000,2000,2000,2000,0
2021-11-03 09:53:00,2000,2000,2000,2000,0
2021-11-03 09:54:00,2000,2000,2000,2000,0
2021-11-03 09:55:00,2000,2000,2000,2000,0
2021-11-03 09:56:00,2000,2000,2000,2000,0
2021-11-03 09:57:00,2000,2000,2000,2000,0
2021-11-03 09:58:00,2000,2000,2000,2000,0
2021-11-03 09:59:00,2000,2000,2000,2000,0
2021-11-03 10:00:00,2000,2000,2000,2000,0
2021-11-03 10:01:00,2000,2000,2000,2000,0
2021-11-03 10:02:00,2000,2000,2000,2000,0
2021-11-03 10:03:00,2000,2000,2000,2000,0
2021-11-03 10:04:00,2000,2000,2000,2000,0
2021-11-03 10:05:00,2000,2000,2000,2000,0
2021-11-03 10:06:00,2000,2000,2000,2000,0
2021-11-03 10:07:00,2000,2000,2000,2000,0
2021-11-03 10:08:00,2000,2000,2000,2000,0
2021-11-03 10:09:00,2000,2000,2000,2000,0
2021-11-03 10:10:00,2000,2000,2000,2000,0
2021-11-03 10:11:00,2000,2000,2000,2000,0
2021-11-03 10:12:00,2000,2000,2000,2000,0
2021-11-03 10:13:00,2000,2000,2000,2000,0
2021-11-03 10:14:00,2000,2000,2000,2000,0
2021-11-03 10:15:00,2000,2000,2000,2000,0
2021-11-03 10:16:00,2000,2000,2000,2000,0
2021-11-03 10:17:00,2000,2000,2000,2000,0
2021-11-03 10:18:00,2000,2000,2000,2000,0
2021-11-03 10:19:00,2000,2000,2000,2000,0
2021-11-03 10:20:00,2000,2000,2000,2000,0
2021-11-03 10:21:00,2000,2000,2000,2000,0
2021-11-03 10:22:00,2000,2000,2000,2000,0
2021-11-03 10:23:00,2000,2000,2000,2000,0
2021-11-03 10:24:00,2000,2000,2000,2000,0
2021-11-03 10:25:00,2000,2000,2000,2000,0
2021-11-03 10:26:00,2000,2000,2000,2000,0
2021-11-03 10:27:00,2000,2000,2000,2000,0
2021-11-03 10:28:00,2000,2000,2000,2000,0
2021-11-03 10:29:00,2000,2000,2000,2000,0
2021-11-03 10:30:00,2000,2000,2000,2000,0
2021-11-03 10:31:00,2000,2000,2000,2000,0
2021-11-03 10:32:00,1900,1900,1900,1900,100
2021-11-03 10:33:00,1900,1900,1900,1900,0
2021-11-03 10:34:00,1950,1950,1950,1950,100
2021-11-03 10:35:00,1950,1950,1950,1950,0
2021-11-03 10:36:00,1950,1950,1950,1950,0
2021-11-03 10:37:00,1950,1950,1950,1950,0
2021-11-03 10:38:00,1950,1950,1950,1950,0
2021-11-03 10:39:00,1950,1950,1950,1950,0
2021-11-03 10:40:00,1950,1950,1950,1950,0
2021-11-03 10:41:00,1950,1950,1950,1950,0
2021-11-03 10:42:00,1950,1950,1950,1950,0
2021-11-03 10:43:00,1950,1950,1950,1950,0
2021-11-03 10:44:00,1950,1950,1950,1950,0
2021-11-03 10:45:00,1950,1950,1950,1950,100
2021-11-03 10:46:00,1950,1950,1950,1950,0
2021-11-03 10:47:00,1950,1950,1950,1950,0
2021-11-03 10:48:00,1950,1950,1950,1950,0
2021-11-03 10:49:00,1950,1950,1950,1950,0
2021-11-03 10:50:00,1950,1950,1950,1950,0
2021-11-03 10:51:00,1950,1950,1950,1950,0
2021-11-03 10:52:00,1950,1950,1950,1950,0
2021-11-03 10:53:00,1950,1950,1950,1950,0
2021-11-03 10:54:00,1950,1950,1950,1950,0
2021-11-03 10:55:00,1950,1950,1950,1950,0
2021-11-03 10:56:00,1950,1950,1950,1950,0
2021-11-03 10:57:00,1950,1950,1950,1950,0
2021-11-03 10:58:00,1950,1950,1950,1950,0
2021-11-03 10:59:00,1950,1950,1950,1950,0
2021-11-03 11:00:00,1950,1950,1950,1950,0
2021-11-03 11:01:00,1950,1950,1950,1950,0
2021-11-03 11:02:00,1950,1950,1950,1950,0
2021-11-03 11:03:00,1950,1950,1950,1950,0
2021-11-03 11:04:00,1950,1950,1950,1950,0
2021-11-03 11:05:00,1950,1950,1950,1950,0
2021-11-03 11:06:00,1950,1950,1950,1950,0
2021-11-03 11:07:00,1950,1950,1950,1950,0
2021-11-03 11:08:00,1950,1950,1950,1950,0
2021-11-03 11:09:00,1950,1950,1950,1950,0
2021-11-03 11:10:00,1950,1950,1950,1950,0
2021-11-03 11:11:00,1950,1950,1950,1950,0
2021-11-03 11:12:00,1950,1950,1950,1950,0
2021-11-03 11:13:00,1950,1950,1950,1950,0
2021-11-03 11:14:00,1950,1950,1950,1950,0
2021-11-03 11:15:00,1950,1950,1950,1950,0
2021-11-03 11:16:00,1950,1950,1950,1950,0
2021-11-03 11:17:00,1950,1950,1950,1950,0
2021-11-03 11:18:00,1950,1950,1950,1950,0
2021-11-03 11:19:00,1950,1950,1950,1950,0
2021-11-03 11:20:00,1950,1950,1950,1950,0
2021-11-03 11:21:00,1950,1950,1950,1950,0
2021-11-03 11:22:00,1950,1950,1950,1950,0
2021-11-03 11:23:00,1950,1950,1950,1950,0
2021-11-03 11:24:00,1950,1950,1950,1950,0
2021-11-03 11:25:00,1950,1950,1950,1950,0
2021-11-03 11:26:00,1950,1950,1950,1950,0
2021-11-03 11:27:00,1950,1950,1950,1950,0
2021-11-03 11:28:00,1950,1950,1950,1950,0
2021-11-03 11:29:00,1950,1950,1950,1950,0
2021-11-03 11:30:00,1950,1950,1950,1950,0
2021-11-03 11:31:00,1950,1950,1950,1950,0
2021-11-03 11:32:00,1950,1950,1950,1950,0
2021-11-03 11:33:00,1950,1950,1950,1950,0
2021-11-03 11:34:00,1950,1950,1950,1950,0
2021-11-03 11:35:00,1950,1950,1950,1950,0
2021-11-03 11:36:00,1950,1950,1950,1950,0
2021-11-03 11:37:00,1950,1950,1950,1950,0
2021-11-03 11:38:00,1950,1950,1950,1950,0
2021-11-03 11:39:00,1950,1950,1950,1950,0
2021-11-03 11:40:00,1950,1950,1950,1950,0
2021-11-03 11:41:00,1950,1950,1950,1950,0
2021-11-03 11:42:00,1950,1950,1950,1950,0
2021-11-03 11:43:00,1950,1950,1950,1950,0
2021-11-03 11:44:00,1950,1950,1950,1950,0
2021-11-03 11:45:00,1950,1950,1950,1950,0
2021-11-03 11:46:00,1950,1950,1950,1950,0
2021-11-03 11:47:00,1950,1950,1950,1950,0
2021-11-03 11:48:00,1950,1950,1950,1950,0
2021-11-03 11:49:00,1950,1950,1950,1950,0
2021-11-03 11:50:00,1950,1950,1950,1950,0
2021-11-03 11:51:00,1950,1950,1950,1950,0
2021-11-03 11:52:00,1950,1950,1950,1950,0
2021-11-03 11:53:00,1950,1950,1950,1950,0
2021-11-03 11:54:00,1950,1950,1950,1950,0
2021-11-03 11:55:00,1950,1950,1950,1950,0
2021-11-03 11:56:00,1950,1950,1950,1950,0
2021-11-03 11:57:00,1950,1950,1950,1950,0
2021-11-03 11:58:00,1950,1950,1950,1950,0
2021-11-03 11:59:00,1950,1950,1950,1950,0
2021-11-03 12:00:00,1950,1950,1950,1950,0
2021-11-03 12:01:00,1950,1950,1950,1950,0
2021-11-03 12:02:00,1950,1950,1950,1950,0
2021-11-03 12:03:00,1950,1950,1950,1950,0
2021-11-03 12:04:00,1950,1950,1950,1950,0
2021-11-03 12:05:00,1950,1950,1950,1950,0
2021-11-03 12:06:00,1950,1950,1950,1950,0
2021-11-03 12:07:00,1950,1950,1950,1950,0
2021-11-03 12:08:00,1950,1950,1950,1950,0
2021-11-03 12:09:00,1950,1950,1950,1950,0
2021-11-03 12:10:00,1950,1950,1950,1950,0
2021-11-03 12:11:00,1950,1950,1950,1950,0
2021-11-03 12:12:00,1950,1950,1950,1950,0
2021-11-03 12:13:00,1950,1950,1950,1950,0
2021-11-03 12:14:00,1950,1950,1950,1950,0
2021-11-03 12:15:00,1950,1950,1950,1950,0
2021-11-03 12:16:00,1950,1950,1950,1950,0
2021-11-03 12:17:00,1950,1950,1950,1950,0
2021-11-03 12:18:00,1950,1950,1950,1950,0
2021-11-03 12:19:00,1950,1950,1950,1950,0
2021-11-03 12:20:00,1950,1950,1950,1950,0
2021-11-03 12:21:00,1950,1950,1950,1950,0
2021-11-03 12:22:00,1950,1950,1950,1950,0
2021-11-03 12:23:00,1950,1950,1950,1950,0
2021-11-03 12:24:00,1950,1950,1950,1950,0
2021-11-03 12:25:00,1950,1950,1950,1950,0
2021-11-03 12:26:00,1950,1950,1950,1950,0
2021-11-03 12:27:00,1950,1950,1950,1950,0
2021-11-03 12:28:00,1950,1950,1950,1950,0
2021-11-03 12:29:00,1950,1950,1950,1950,0
2021-11-03 12:30:00,1950,1950,1950,1950,0
2021-11-03 12:31:00,1950,1950,1950,1950,0
2021-11-03 12:32:00,1950,1950,1950,1950,0
2021-11-03 12:33:00,1950,1950,1950,1950,0
2021-11-03 12:34:00,1950,1950,1950,1950,0
2021-11-03 12:35:00,1950,1950,1950,1950,0
2021-11-03 12:36:00,1950,1950,1950,1950,0
2021-11-03 12:37:00,1950,1950,1950,1950,0
2021-11-03 12:38:00,1950,1950,1950,1950,0
2021-11-03 12:39:00,1950,1950,1950,1950,0
2021-11-03 12:40:00,1950,1950,1950,1950,0
2021-11-03 12:41:00,1950,1950,1950,1950,0
2021-11-03 12:42:00,1950,1950,1950,1950,0
2021-11-03 12:43:00,1950,1950,1950,1950,0
2021-11-03 12:44:00,1950,1950,1950,1950,0
2021-11-03 12:45:00,1950,1950,1950,1950,0
2021-11-03 12:46:00,1950,1950,1950,1950,0
2021-11-03 12:47:00,1950,1950,1950,1950,0
2021-11-03 12:48:00,1950,1950,1950,1950,0
2021-11-03 12:49:00,1950,1950,1950,1950,0
2021-11-03 12:50:00,1950,1950,1950,1950,0
2021-11-03 12:51:00,1950,1950,1950,1950,0
2021-11-03 12:52:00,1950,1950,1950,1950,0
2021-11-03 12:53:00,1950,1950,1950,1950,0
2021-11-03 12:54:00,1950,1950,1950,1950,0
2021-11-03 12:55:00,1950,1950,1950,1950,0
2021-11-03 12:56:00,1950,1950,1950,1950,0
2021-11-03 12:57:00,1950,1950,1950,1950,0
2021-11-03 12:58:00,1950,1950,1950,1950,0
2021-11-03 12:59:00,1950,1950,1950,1950,0
2021-11-03 13:00:00,1950,1950,1950,1950,0
2021-11-03 13:01:00,1950,1950,1950,1950,0
2021-11-03 13:02:00,1950,1950,1950,1950,0
2021-11-03 13:03:00,1950,1950,1950,1950,0
2021-11-03 13:04:00,1950,1950,1950,1950,0
2021-11-03 13:05:00,1950,1950,1950,1950,0
2021-11-03 13:06:00,1950,1950,1950,1950,0
2021-11-03 13:07:00,1950,1950,1950,1950,0
2021-11-03 13:08:00,1950,1950,1950,1950,0
2021-11-03 13:09:00,1950,1950,1950,1950,0
2021-11-03 13:10:00,1950,1950,1950,1950,0
2021-11-03 13:11:00,1950,1950,1950,1950,0
2021-11-03 13:12:00,1950,1950,1950,1950,0
2021-11-03 13:13:00,1950,1950,1950,1950,0
2021-11-03 13:14:00,1950,1950,1950,1950,0
2021-11-03 13:15:00,1950,1950,1950,1950,0
2021-11-03 13:16:00,1950,1950,1950,1950,0
2021-11-03 13:17:00,1950,1950,1950,1950,0
2021-11-03 13:18:00,1950,1950,1950,1950,0
2021-11-03 13:19:00,1950,1950,1950,1950,0
2021-11-03 13:20:00,1950,1950,1950,1950,0
2021-11-03 13:21:00,1950,1950,1950,1950,0
2021-11-03 13:22:00,1950,1950,1950,1950,0
2021-11-03 13:23:00,1950,1950,1950,1950,0
2021-11-03 13:24:00,1950,1950,1950,1950,0
2021-11-03 13:25:00,1950,1950,1950,1950,0
2021-11-03 13:26:00,1950,1950,1950,1950,0
2021-11-03 13:27:00,1950,1950,1950,1950,0
2021-11-03 13:28:00,1950,1950,1950,1950,0
2021-11-03 13:29:00,1950,1950,1950,1950,0
2021-11-03 13:30:00,1950,1950,1950,1950,0
2021-11-03 13:31:00,1950,1950,1950,1950,0
2021-11-03 13:32:00,1950,1950,1950,1950,0
2021-11-03 13:33:00,1950,1950,1950,1950,0
2021-11-03 13:34:00,1950,1950,1950,1950,0
2021-11-03 13:35:00,1950,1950,1950,1950,0
2021-11-03 13:36:00,1950,1950,1950,1950,0
2021-11-03 13:37:00,1950,1950,1950,1950,0
2021-11-03 13:38:00,1950,1950,1950,1950,0
2021-11-03 13:39:00,1950,1950,1950,1950,0
2021-11-03 13:40:00,1950,1950,1950,1950,0
2021-11-03 13:41:00,1950,1950,1950,1950,0
2021-11-03 13:42:00,1950,1950,1950,1950,0
2021-11-03 13:43:00,1950,1950,1950,1950,0
2021-11-03 13:44:00,1950,1950,1950,1950,0
2021-11-03 13:45:00,1950,1950,1950,1950,0
2021-11-03 13:46:00,1950,1950,1950,1950,0
2021-11-03 13:47:00,1950,1950,1950,1950,0
2021-11-03 13:48:00,1950,1950,1950,1950,0
2021-11-03 13:49:00,1950,1950,1950,1950,0
2021-11-03 13:50:00,1950,1950,1950,1950,0
2021-11-03 13:51:00,1950,1950,1950,1950,0
2021-11-03 13:52:00,1950,1950,1950,1950,0
2021-11-03 13:53:00,1950,1950,1950,1950,0
2021-11-03 13:54:00,1950,1950,1950,1950,0
2021-11-03 13:55:00,1950,1950,1950,1950,0
2021-11-03 13:56:00,1950,1950,1950,1950,0
2021-11-03 13:57:00,1950,1950,1950,1950,0
2021-11-03 13:58:00,1950,1950,1950,1950,0
2021-11-03 13:59:00,1950,1950,1950,1950,0
2021-11-03 14:00:00,1950,1950,1950,1950,0
2021-11-03 14:01:00,1950,1950,1950,1950,0
2021-11-03 14:02:00,1950,1950,1950,1950,0
2021-11-03 14:03:00,1950,1950,1950,1950,0
2021-11-03 14:04:00,1950,1950,1950,1950,0
2021-11-03 14:05:00,1950,1950,1950,1950,0
2021-11-03 14:06:00,1950,1950,1950,1950,0
2021-11-03 14:07:00,1950,1950,1950,1950,0
2021-11-03 14:08:00,1950,1950,1950,1950,0
2021-11-03 14:09:00,1950,1950,1950,1950,0
2021-11-03 14:10:00,1950,1950,1950,1950,0
2021-11-03 14:11:00,1950,1950,1950,1950,0
2021-11-03 14:12:00,1950,1950,1950,1950,0
2021-11-03 14:13:00,1950,1950,1950,1950,0
2021-11-03 14:14:00,1950,1950,1950,1950,0
2021-11-03 14:15:00,1950,1950,1950,1950,0
2021-11-03 14:16:00,1950,1950,1950,1950,0
2021-11-03 14:17:00,1950,1950,1950,1950,0
2021-11-03 14:18:00,1950,1950,1950,1950,0
2021-11-03 14:19:00,1950,1950,1950,1950,0
2021-11-03 14:20:00,1950,1950,1950,1950,0
2021-11-03 14:21:00,1950,1950,1950,1950,0
2021-11-03 14:22:00,1950,1950,1950,1950,0
2021-11-03 14:23:00,1950,1950,1950,1950,0
2021-11-03 14:24:00,1950,1950,1950,1950,0
2021-11-03 14:25:00,1950,1950,1950,1950,0
2021-11-03 14:26:00,1950,1950,1950,1950,0
2021-11-03 14:27:00,1950,1950,1950,1950,0
2021-11-03 14:28:00,1950,1950,1950,1950,0
2021-11-03 14:29:00,1950,1950,1950,1950,0
2021-11-03 14:30:00,1950,1950,1950,1950,0
2021-11-03 14:31:00,1950,1950,1950,1950,0
2021-11-03 14:32:00,1950,1950,1950,1950,0
2021-11-03 14:33:00,1950,1950,1950,1950,0
2021-11-03 14:34:00,1950,1950,1950,1950,0
2021-11-03 14:35:00,1950,1950,1950,1950,0
2021-11-03 14:36:00,1950,1950,1950,1950,0
2021-11-03 14:37:00,1950,1950,1950,1950,0
2021-11-03 14:38:00,1950,1950,1950,1950,0
2021-11-03 14:39:00,1950,1950,1950,1950,0
2021-11-03 14:40:00,1950,1950,1950,1950,0
2021-11-03 14:41:00,1950,1950,1950,1950,0
2021-11-03 14:42:00,1950,1950,1950,1950,0
2021-11-03 14:43:00,1945,1945,1945,1945,200
2021-11-03 14:44:00,1950,1950,1950,1950,300
2021-11-03 14:45:00,1950,1950,1950,1950,0
2021-11-03 14:46:00,1950,1950,1950,1950,0
2021-11-03 14:47:00,1950,1950,1950,1950,0
2021-11-03 14:48:00,1950,1950,1950,1950,0
2021-11-03 14:49:00,1950,1950,1950,1950,0
2021-11-03 14:50:00,1950,1950,1950,1950,0
2021-11-03 14:51:00,1950,1950,1950,1950,0
2021-11-03 14:52:00,1950,1950,1950,1950,0
2021-11-03 14:53:00,1950,1950,1950,1950,0
2021-11-03 14:54:00,1950,1950,1950,1950,0
2021-11-03 14:55:00,1950,1950,1950,1950,0
2021-11-03 14:56:00,1950,1950,1950,1950,0
2021-11-03 14:57:00,1950,1950,1950,1950,0
2021-11-03 14:58:00,1950,1950,1950,1950,0
2021-11-03 14:59:00,1950,1950,1950,1950,0
2021-11-03 15:00:00,2000,2000,2000,2000,100
2021-11-03 15:01:00,2000,2000,2000,2000,0
2021-11-03 15:02:00,2000,2000,2000,2000,0
2021-11-03 15:03:00,2000,2000,2000,2000,0
2021-11-03 15:04:00,2000,2000,2000,2000,0
2021-11-03 15:05:00,2000,2000,2000,2000,0
2021-11-03 15:06:00,2000,2000,2000,2000,0
2021-11-03 15:07:00,2000,2000,2000,2000,0
2021-11-03 15:08:00,2000,2000,2000,2000,0
2021-11-03 15:09:00,2000,2000,2000,2000,0
2021-11-03 15:10:00,2000,2000,2000,2000,0
2021-11-03 15:11:00,2000,2000,2000,2000,0
2021-11-03 15:12:00,2000,2000,2000,2000,0
2021-11-03 15:13:00,2000,2000,2000,2000,0
2021-11-03 15:14:00,2000,2000,2000,2000,0
2021-11-03 15:15:00,2000,2000,2000,2000,0
2021-11-03 15:16:00,2000,2000,2000,2000,0
2021-11-03 15:17:00,2000,2000,2000,2000,0
2021-11-03 15:18:00,2000,2000,2000,2000,0
2021-11-03 15:19:00,2000,2000,2000,2000,0
2021-11-03 15:20:00,2000,2000,2000,2000,0
2021-11-03 15:21:00,2000,2000,2000,2000,0
2021-11-03 15:22:00,2000,2000,2000,2000,0
2021-11-03 15:23:00,2000,2000,2000,2000,0
2021-11-03 15:24:00,2000,2000,2000,2000,0
2021-11-03 15:25:00,2000,2000,2000,2000,0
2021-11-03 15:26:00,2000,2000,2000,2000,0
2021-11-03 15:27:00,2000,2000,2000,2000,0
2021-11-03 15:28:00,2000,2000,2000,2000,0
2021-11-03 15:29:00,2000,2000,2000,2000,0
2021-11-03 15:30:00,2000,2000,2000,2000,0
2021-11-03 15:31:00,2000,2000,2000,2000,0
2021-11-03 15:32:00,2000,2000,2000,2000,0
2021-11-03 15:33:00,2000,2000,2000,2000,0
2021-11-03 15:34:00,2000,2000,2000,2000,0
2021-11-03 15:35:00,2000,2000,2000,2000,0
2021-11-03 15:36:00,2000,2000,2000,2000,0
2021-11-03 15:37:00,2000,2000,2000,2000,0
2021-11-03 15:38:00,2000,2000,2000,2000,0
2021-11-03 15:39:00,2000,2000,2000,2000,0
2021-11-03 15:40:00,2000,2000,2000,2000,0
2021-11-03 15:41:00,2000,2000,2000,2000,0
2021-11-03 15:42:00,2000,2000,2000,2000,0
2021-11-03 15:43:00,2000,2000,2000,2000,0
2021-11-03 15:44:00,2000,2000,2000,2000,0
2021-11-03 15:45:00,2000,2000,2000,2000,0
2021-11-03 15:46:00,2000,2000,2000,2000,0
2021-11-03 15:47:00,2000,2000,2000,2000,0
2021-11-03 15:48:00,2000,2000,2000,2000,0
2021-11-03 15:49:00,2000,2000,2000,2000,0
2021-11-03 15:50:00,2000,2000,2000,2000,0
2021-11-03 15:51:00,2000,2000,2000,2000,0
2021-11-03 15:52:00,2000,2000,2000,2000,0
2021-11-03 15:53:00,2000,2000,2000,2000,0
2021-11-03 15:54:00,2000,2000,2000,2000,0
2021-11-03 15:55:00,2000,2000,2000,2000,0
2021-11-03 15:56:00,2000,2000,2000,2000,0
2021-11-03 15:57:00,2000,2000,2000,2000,0
2021-11-03 15:58:00,2000,2000,2000,2000,0
2021-11-03 15:59:00,2000,2000,2000,2000,0
2021-11-04 09:00:00,2000,2000,2000,2000,0
2021-11-04 09:01:00,2000,2000,2000,2000,0
2021-11-04 09:02:00,2000,2000,2000,2000,0
2021-11-04 09:03:00,2000,2000,2000,2000,0
2021-11-04 09:04:00,2000,2000,2000,2000,0
2021-11-04 09:05:00,2000,2000,2000,2000,0
2021-11-04 09:06:00,2000,2000,2000,2000,0
2021-11-04 09:07:00,2000,2000,2000,2000,0
2021-11-04 09:08:00,2000,2000,2000,2000,0
2021-11-04 09:09:00,2000,2000,2000,2000,0
2021-11-04 09:10:00,2000,2000,2000,2000,0
2021-11-04 09:11:00,2000,2000,2000,2000,0
2021-11-04 09:12:00,2000,2000,2000,2000,0
2021-11-04 09:13:00,2000,2000,2000,2000,0
2021-11-04 09:14:00,2000,2000,2000,2000,0
2021-11-04 09:15:00,2000,2000,2000,2000,0
2021-11-04 09:16:00,2000,2000,2000,2000,0
2021-11-04 09:17:00,2000,2000,2000,2000,0
2021-11-04 09:18:00,2000,2000,2000,2000,0
2021-11-04 09:19:00,2000,2000,2000,2000,0
2021-11-04 09:20:00,2000,2000,2000,2000,0
2021-11-04 09:21:00,2000,2000,2000,2000,0
2021-11-04 09:22:00,2000,2000,2000,2000,0
2021-11-04 09:23:00,2000,2000,2000,2000,0
2021-11-04 09:24:00,2000,2000,2000,2000,0
2021-11-04 09:25:00,2000,2000,2000,2000,0
2021-11-04 09:26:00,2000,2000,2000,2000,0
2021-11-04 09:27:00,2000,2000,2000,2000,0
2021-11-04 09:28:00,2000,2000,2000,2000,0
2021-11-04 09:29:00,2000,2000,2000,2000,0
2021-11-04 09:30:00,2000,2000,2000,2000,0
2021-11-04 09:31:00,2000,2000,2000,2000,0
2021-11-04 09:32:00,2000,2000,2000,2000,0
2021-11-04 09:33:00,2000,2000,2000,2000,0
2021-11-04 09:34:00,2000,2000,2000,2000,0
2021-11-04 09:35:00,2000,2000,2000,2000,0
2021-11-04 09:36:00,2000,2000,2000,2000,0
2021-11-04 09:37:00,2000,2000,2000,2000,0
2021-11-04 09:38:00,2000,2000,2000,2000,0
2021-11-04 09:39:00,2000,2000,2000,2000,0
2021-11-04 09:40:00,2000,2000,2000,2000,0
2021-11-04 09:41:00,2000,2000,2000,2000,0
2021-11-04 09:42:00,2000,2000,2000,2000,0
2021-11-04 09:43:00,2000,2000,2000,2000,0
2021-11-04 09:44:00,2000,2000,2000,2000,0
2021-11-04 09:45:00,2000,2000,2000,2000,0
2021-11-04 09:46:00,2000,2000,2000,2000,0
2021-11-04 09:47:00,2000,2000,2000,2000,0
2021-11-04 09:48:00,2000,2000,2000,2000,0
2021-11-04 09:49:00,2000,2000,2000,2000,0
2021-11-04 09:50:00,2000,2000,2000,2000,0
2021-11-04 09:51:00,2000,2000,2000,2000,0
2021-11-04 09:52:00,2000,2000,2000,2000,0
2021-11-04 09:53:00,2000,2000,2000,2000,0
2021-11-04 09:54:00,2000,2000,2000,2000,0
2021-11-04 09:55:00,2000,2000,2000,2000,0
2021-11-04 09:56:00,2000,2000,2000,2000,0
2021-11-04 09:57:00,2000,2000,2000,2000,0
2021-11-04 09:58:00,2000,2000,2000,2000,0
2021-11-04 09:59:00,2000,2000,2000,2000,0
2021-11-04 10:00:00,2000,2000,2000,2000,0
2021-11-04 10:01:00,2000,2000,2000,2000,0
2021-11-04 10:02:00,2000,2000,2000,2000,0
2021-11-04 10:03:00,2000,2000,2000,2000,0
2021-11-04 10:04:00,2000,2000,2000,2000,0
2021-11-04 10:05:00,2000,2000,2000,2000,0
2021-11-04 10:06:00,2000,2000,2000,2000,0
2021-11-04 10:07:00,2000,2000,2000,2000,0
2021-11-04 10:08:00,2000,2000,2000,2000,0
2021-11-04 10:09:00,2000,2000,2000,2000,0
2021-11-04 10:10:00,2000,2000,2000,2000,0
2021-11-04 10:11:00,2000,2000,2000,2000,0
2021-11-04 10:12:00,2000,2000,2000,2000,0
2021-11-04 10:13:00,2000,2000,2000,2000,0
2021-11-04 10:14:00,2000,2000,2000,2000,0
2021-11-04 10:15:00,2000,2000,2000,2000,0
2021-11-04 10:16:00,2000,2000,2000,2000,0
2021-11-04 10:17:00,2000,2000,2000,2000,0
2021-11-04 10:18:00,2000,2000,2000,2000,0
2021-11-04 10:19:00,2000,2000,2000,2000,0
2021-11-04 10:20:00,2000,2000,2000,2000,0
2021-11-04 10:21:00,2000,2000,2000,2000,0
2021-11-04 10:22:00,2000,2000,2000,2000,0
2021-11-04 10:23:00,2000,2000,2000,2000,0
2021-11-04 10:24:00,2000,2000,2000,2000,0
2021-11-04 10:25:00,2000,2000,2000,2000,0
2021-11-04 10:26:00,2000,2000,2000,2000,0
2021-11-04 10:27:00,2000,2000,2000,2000,0
2021-11-04 10:28:00,2000,2000,2000,2000,0
2021-11-04 10:29:00,2000,2000,2000,2000,0
2021-11-04 10:30:00,2000,2000,2000,2000,0
2021-11-04 10:31:00,2000,2000,2000,2000,0
2021-11-04 10:32:00,2000,2000,2000,2000,0
2021-11-04 10:33:00,2000,2000,2000,2000,0
2021-11-04 10:34:00,2000,2000,2000,2000,0
2021-11-04 10:35:00,2000,2000,2000,2000,0
2021-11-04 10:36:00,2000,2000,2000,2000,0
2021-11-04 10:37:00,2000,2000,2000,2000,0
2021-11-04 10:38:00,2000,2000,2000,2000,0
2021-11-04 10:39:00,2000,2000,2000,2000,0
2021-11-04 10:40:00,2000,2000,2000,2000,0
2021-11-04 10:41:00,2000,2000,2000,2000,0
2021-11-04 10:42:00,2000,2000,2000,2000,0
2021-11-04 10:43:00,2000,2000,2000,2000,0
2021-11-04 10:44:00,2000,2000,2000,2000,0
2021-11-04 10:45:00,2000,2000,2000,2000,0
2021-11-04 10:46:00,2000,2000,2000,2000,0
2021-11-04 10:47:00,2000,2000,2000,2000,0
2021-11-04 10:48:00,2000,2000,2000,2000,0
2021-11-04 10:49:00,2000,2000,2000,2000,0
2021-11-04 10:50:00,2000,2000,2000,2000,0
2021-11-04 10:51:00,2000,2000,2000,2000,0
2021-11-04 10:52:00,2000,2000,2000,2000,0
2021-11-04 10:53:00,2000,2000,2000,2000,0
2021-11-04 10:54:00,2000,2000,2000,2000,0
2021-11-04 10:55:00,2000,2000,2000,2000,0
2021-11-04 10:56:00,2000,2000,2000,2000,0
2021-11-04 10:57:00,2000,2000,2000,2000,0
2021-11-04 10:58:00,2000,2000,2000,2000,0
2021-11-04 10:59:00,2000,2000,2000,2000,0
2021-11-04 11:00:00,2000,2000,2000,2000,0
2021-11-04 11:01:00,2000,2000,2000,2000,0
2021-11-04 11:02:00,2000,2000,2000,2000,0
2021-11-04 11:03:00,2000,2000,2000,2000,0
2021-11-04 11:04:00,2000,2000,2000,2000,0
2021-11-04 11:05:00,2000,2000,2000,2000,0
2021-11-04 11:06:00,2000,2000,2000,2000,0
2021-11-04 11:07:00,2000,2000,2000,2000,0
2021-11-04 11:08:00,2000,2000,2000,2000,0
2021-11-04 11:09:00,2000,2000,2000,2000,0
2021-11-04 11:10:00,2000,2000,2000,2000,0
2021-11-04 11:11:00,2000,2000,2000,2000,0
2021-11-04 11:12:00,2000,2000,2000,2000,0
2021-11-04 11:13:00,2000,2000,2000,2000,0
2021-11-04 11:14:00,2000,2000,2000,2000,0
2021-11-04 11:15:00,2000,2000,2000,2000,0
2021-11-04 11:16:00,2000,2000,2000,2000,0
2021-11-04 11:17:00,2000,2000,2000,2000,0
2021-11-04 11:18:00,2000,2000,2000,2000,0
2021-11-04 11:19:00,2000,2000,2000,2000,0
2021-11-04 11:20:00,2000,2000,2000,2000,0
2021-11-04 11:21:00,2000,2000,2000,2000,0
2021-11-04 11:22:00,2000,2000,2000,2000,0
2021-11-04 11:23:00,2000,2000,2000,2000,0
2021-11-04 11:24:00,2000,2000,2000,2000,0
2021-11-04 11:25:00,2000,2000,2000,2000,0
2021-11-04 11:26:00,2000,2000,2000,2000,0
2021-11-04 11:27:00,2000,2000,2000,2000,0
2021-11-04 11:28:00,2000,2000,2000,2000,0
2021-11-04 11:29:00,2000,2000,2000,2000,0
2021-11-04 11:30:00,2000,2000,2000,2000,0
2021-11-04 11:31:00,2000,2000,2000,2000,0
2021-11-04 11:32:00,2000,2000,2000,2000,0
2021-11-04 11:33:00,2000,2000,2000,2000,0
2021-11-04 11:34:00,2000,2000,2000,2000,0
2021-11-04 11:35:00,2000,2000,2000,2000,0
2021-11-04 11:36:00,2000,2000,2000,2000,0
2021-11-04 11:37:00,2000,2000,2000,2000,0
2021-11-04 11:38:00,2000,2000,2000,2000,0
2021-11-04 11:39:00,2000,2000,2000,2000,0
2021-11-04 11:40:00,2000,2000,2000,2000,0
2021-11-04 11:41:00,2000,2000,2000,2000,0
2021-11-04 11:42:00,2000,2000,2000,2000,0
2021-11-04 11:43:00,2000,2000,2000,2000,0
2021-11-04 11:44:00,2000,2000,2000,2000,0
2021-11-04 11:45:00,2000,2000,2000,2000,0
2021-11-04 11:46:00,2000,2000,2000,2000,0
2021-11-04 11:47:00,2000,2000,2000,2000,0
2021-11-04 11:48:00,2000,2000,2000,2000,0
2021-11-04 11:49:00,2000,2000,2000,2000,0
2021-11-04 11:50:00,2000,2000,2000,2000,0
2021-11-04 11:51:00,2000,2000,2000,2000,0
2021-11-04 11:52:00,2000,2000,2000,2000,0
2021-11-04 11:53:00,2000,2000,2000,2000,0
2021-11-04 11:54:00,2000,2000,2000,2000,0
2021-11-04 11:55:00,2000,2000,2000,2000,0
2021-11-04 11:56:00,2000,2000,2000,2000,0
2021-11-04 11:57:00,2000,2000,2000,2000,0
2021-11-04 11:58:00,2000,2000,2000,2000,0
2021-11-04 11:59:00,2000,2000,2000,2000,0
2021-11-04 12:00:00,2000,2000,2000,2000,0
2021-11-04 12:01:00,2000,2000,2000,2000,0
2021-11-04 12:02:00,2000,2000,2000,2000,0
2021-11-04 12:03:00,2000,2000,2000,2000,0
2021-11-04 12:04:00,2000,2000,2000,2000,0
2021-11-04 12:05:00,2000,2000,2000,2000,0
2021-11-04 12:06:00,2000,2000,2000,2000,0
2021-11-04 12:07:00,2000,2000,2000,2000,0
2021-11-04 12:08:00,2000,2000,2000,2000,0
2021-11-04 12:09:00,2000,2000,2000,2000,0
2021-11-04 12:10:00,2000,2000,2000,2000,0
2021-11-04 12:11:00,2000,2000,2000,2000,0
2021-11-04 12:12:00,2000,2000,2000,2000,0
2021-11-04 12:13:00,2000,2000,2000,2000,0
2021-11-04 12:14:00,2000,2000,2000,2000,0
2021-11-04 12:15:00,2000,2000,2000,2000,0
2021-11-04 12:16:00,2000,2000,2000,2000,0
2021-11-04 12:17:00,2000,2000,2000,2000,0
2021-11-04 12:18:00,2000,2000,2000,2000,0
2021-11-04 12:19:00,2000,2000,2000,2000,0
2021-11-04 12:20:00,2000,2000,2000,2000,0
2021-11-04 12:21:00,2000,2000,2000,2000,0
2021-11-04 12:22:00,2000,2000,2000,2000,0
2021-11-04 12:23:00,2000,2000,2000,2000,0
2021-11-04 12:24:00,2000,2000,2000,2000,0
2021-11-04 12:25:00,2000,2000,2000,2000,0
2021-11-04 12:26:00,2000,2000,2000,2000,0
2021-11-04 12:27:00,2000,2000,2000,2000,0
2021-11-04 12:28:00,2000,2000,2000,2000,0
2021-11-04 12:29:00,2000,2000,2000,2000,0
2021-11-04 12:30:00,2000,2000,2000,2000,0
2021-11-04 12:31:00,2000,2000,2000,2000,0
2021-11-04 12:32:00,2000,2000,2000,2000,0
2021-11-04 12:33:00,2000,2000,2000,2000,0
2021-11-04 12:34:00,2000,2000,2000,2000,0
2021-11-04 12:35:00,2000,2000,2000,2000,0
2021-11-04 12:36:00,2000,2000,2000,2000,0
2021-11-04 12:37:00,2000,2000,2000,2000,0
2021-11-04 12:38:00,2000,2000,2000,2000,0
2021-11-04 12:39:00,2000,2000,2000,2000,0
2021-11-04 12:40:00,2000,2000,2000,2000,0
2021-11-04 12:41:00,2000,2000,2000,2000,0
2021-11-04 12:42:00,2000,2000,2000,2000,0
2021-11-04 12:43:00,2000,2000,2000,2000,0
2021-11-04 12:44:00,2000,2000,2000,2000,0
2021-11-04 12:45:00,2000,2000,2000,2000,0
2021-11-04 12:46:00,2000,2000,2000,2000,0
2021-11-04 12:47:00,2000,2000,2000,2000,0
2021-11-04 12:48:00,2000,2000,2000,2000,0
2021-11-04 12:49:00,2000,2000,2000,2000,0
2021-11-04 12:50:00,2000,2000,2000,2000,0
2021-11-04 12:51:00,2000,2000,2000,2000,0
2021-11-04 12:52:00,2000,2000,2000,2000,0
2021-11-04 12:53:00,2000,2000,2000,2000,0
2021-11-04 12:54:00,2000,2000,2000,2000,0
2021-11-04 12:55:00,2000,2000,2000,2000,0
2021-11-04 12:56:00,2000,2000,2000,2000,0
2021-11-04 12:57:00,2000,2000,2000,2000,0
2021-11-04 12:58:00,2000,2000,2000,2000,0
2021-11-04 12:59:00,2000,2000,2000,2000,0
2021-11-04 13:00:00,2000,2000,2000,2000,0
2021-11-04 13:01:00,2000,2000,2000,2000,0
2021-11-04 13:02:00,2000,2000,2000,2000,0
2021-11-04 13:03:00,2000,2000,2000,2000,0
2021-11-04 13:04:00,2000,2000,2000,2000,0
2021-11-04 13:05:00,2000,2000,2000,2000,0
2021-11-04 13:06:00,2000,2000,2000,2000,0
2021-11-04 13:07:00,2000,2000,2000,2000,0
2021-11-04 13:08:00,2000,2000,2000,2000,0
2021-11-04 13:09:00,2000,2000,2000,2000,0
2021-11-04 13:10:00,2000,2000,2000,2000,0
2021-11-04 13:11:00,2000,2000,2000,2000,0
2021-11-04 13:12:00,2000,2000,2000,2000,0
2021-11-04 13:13:00,2000,2000,2000,2000,0
2021-11-04 13:14:00,2000,2000,2000,2000,0
2021-11-04 13:15:00,2000,2000,2000,2000,0
2021-11-04 13:16:00,2000,2000,2000,2000,0
2021-11-04 13:17:00,2000,2000,2000,2000,0
2021-11-04 13:18:00,2000,2000,2000,2000,0
2021-11-04 13:19:00,2000,2000,2000,2000,0
2021-11-04 13:20:00,2000,2000,2000,2000,0
2021-11-04 13:21:00,2000,2000,2000,2000,0
2021-11-04 13:22:00,2000,2000,2000,2000,0
2021-11-04 13:23:00,2000,2000,2000,2000,0
2021-11-04 13:24:00,2000,2000,2000,2000,0
2021-11-04 13:25:00,2000,2000,2000,2000,0
2021-11-04 13:26:00,2000,2000,2000,2000,0
2021-11-04 13:27:00,2000,2000,2000,2000,0
2021-11-04 13:28:00,2000,2000,2000,2000,0
2021-11-04 13:29:00,2000,2000,2000,2000,0
2021-11-04 13:30:00,2000,2000,2000,2000,0
2021-11-04 13:31:00,2000,2000,2000,2000,0
2021-11-04 13:32:00,2000,2000,2000,2000,0
2021-11-04 13:33:00,2000,2000,2000,2000,0
2021-11-04 13:34:00,2000,2000,2000,2000,0
2021-11-04 13:35:00,2000,2000,2000,2000,0
2021-11-04 13:36:00,2000,2000,2000,2000,0
2021-11-04 13:37:00,2000,2000,2000,2000,0
2021-11-04 13:38:00,2000,2000,2000,2000,0
2021-11-04 13:39:00,2000,2000,2000,2000,0
2021-11-04 13:40:00,2000,2000,2000,2000,0
2021-11-04 13:41:00,2000,2000,2000,2000,0
2021-11-04 13:42:00,2000,2000,2000,2000,0
2021-11-04 13:43:00,2000,2000,2000,2000,0
2021-11-04 13:44:00,2000,2000,2000,2000,0
2021-11-04 13:45:00,2000,2000,2000,2000,0
2021-11-04 13:46:00,2000,2000,2000,2000,0
2021-11-04 13:47:00,2000,2000,2000,2000,0
2021-11-04 13:48:00,2000,2000,2000,2000,0
2021-11-04 13:49:00,2000,2000,2000,2000,0
2021-11-04 13:50:00,2000,2000,2000,2000,0
2021-11-04 13:51:00,2000,2000,2000,2000,0
2021-11-04 13:52:00,2000,2000,2000,2000,0
2021-11-04 13:53:00,2000,2000,2000,2000,0
2021-11-04 13:54:00,2000,2000,2000,2000,0
2021-11-04 13:55:00,2000,2000,2000,2000,0
2021-11-04 13:56:00,2000,2000,2000,2000,0
2021-11-04 13:57:00,2000,2000,2000,2000,0
2021-11-04 13:58:00,2000,2000,2000,2000,0
2021-11-04 13:59:00,2000,2000,2000,2000,0
2021-11-04 14:00:00,2000,2000,2000,2000,0
2021-11-04 14:01:00,2000,2000,2000,2000,0
2021-11-04 14:02:00,2000,2000,2000,2000,0
2021-11-04 14:03:00,2000,2000,2000,2000,0
2021-11-04 14:04:00,2000,2000,2000,2000,0
2021-11-04 14:05:00,2000,2000,2000,2000,0
2021-11-04 14:06:00,2000,2000,2000,2000,0
2021-11-04 14:07:00,2000,2000,2000,2000,0
2021-11-04 14:08:00,2000,2000,2000,2000,0
2021-11-04 14:09:00,2000,2000,2000,2000,0
2021-11-04 14:10:00,2000,2000,2000,2000,0
2021-11-04 14:11:00,2000,2000,2000,2000,0
2021-11-04 14:12:00,2000,2000,2000,2000,0
2021-11-04 14:13:00,2000,2000,2000,2000,0
2021-11-04 14:14:00,2000,2000,2000,2000,0
2021-11-04 14:15:00,2000,2000,2000,2000,0
2021-11-04 14:16:00,2000,2000,2000,2000,0
2021-11-04 14:17:00,2000,2000,2000,2000,0
2021-11-04 14:18:00,2000,2000,2000,2000,0
2021-11-04 14:19:00,2000,2000,2000,2000,0
2021-11-04 14:20:00,2000,2000,2000,2000,0
2021-11-04 14:21:00,2000,2000,2000,2000,0
2021-11-04 14:22:00,2000,2000,2000,2000,0
2021-11-04 14:23:00,2000,2000,2000,2000,0
2021-11-04 14:24:00,2000,2000,2000,2000,0
2021-11-04 14:25:00,2000,2000,2000,2000,0
2021-11-04 14:26:00,2000,2000,2000,2000,0
2021-11-04 14:27:00,2000,2000,2000,2000,0
2021-11-04 14:28:00,2000,2000,2000,2000,0
2021-11-04 14:29:00,2000,2000,2000,2000,0
2021-11-04 14:30:00,2000,2000,2000,2000,0
2021-11-04 14:31:00,2000,2000,2000,2000,0
2021-11-04 14:32:00,2000,2000,2000,2000,0
2021-11-04 14:33:00,2000,2000,2000,2000,0
2021-11-04 14:34:00,2000,2000,2000,2000,0
2021-11-04 14:35:00,2000,2000,2000,2000,0
2021-11-04 14:36:00,2000,2000,2000,2000,0
2021-11-04 14:37:00,2000,2000,2000,2000,0
2021-11-04 14:38:00,2000,2000,2000,2000,0
2021-11-04 14:39:00,2000,2000,2000,2000,0
2021-11-04 14:40:00,2000,2000,2000,2000,0
2021-11-04 14:41:00,2000,2000,2000,2000,0
2021-11-04 14:42:00,2000,2000,2000,2000,0
2021-11-04 14:43:00,2000,2000,2000,2000,0
2021-11-04 14:44:00,2000,2000,2000,2000,0
2021-11-04 14:45:00,2000,2000,2000,2000,0
2021-11-04 14:46:00,2000,2000,2000,2000,0
2021-11-04 14:47:00,2000,2000,2000,2000,0
2021-11-04 14:48:00,2000,2000,2000,2000,0
2021-11-04 14:49:00,2000,2000,2000,2000,0
2021-11-04 14:50:00,2000,2000,2000,2000,0
2021-11-04 14:51:00,2000,2000,2000,2000,0
2021-11-04 14:52:00,2000,2000,2000,2000,0
2021-11-04 14:53:00,2000,2000,2000,2000,0
2021-11-04 14:54:00,2000,2000,2000,2000,0
2021-11-04 14:55:00,2000,2000,2000,2000,0
2021-11-04 14:56:00,2000,2000,2000,2000,0
2021-11-04 14:57:00,2000,2000,2000,2000,0
2021-11-04 14:58:00,2000,2000,2000,2000,0
2021-11-04 14:59:00,2000,2000,2000,2000,0
2021-11-04 15:00:00,2000,2000,2000,2000,0
2021-11-04 15:01:00,2000,2000,2000,2000,0
2021-11-04 15:02:00,2000,2000,2000,2000,0
2021-11-04 15:03:00,2000,2000,2000,2000,0
2021-11-04 15:04:00,2000,2000,2000,2000,0
2021-11-04 15:05:00,2000,2000,2000,2000,0
2021-11-04 15:06:00,2000,2000,2000,2000,0
2021-11-04 15:07:00,2000,2000,2000,2000,0
2021-11-04 15:08:00,2000,2000,2000,2000,0
2021-11-04 15:09:00,2000,2000,2000,2000,0
2021-11-04 15:10:00,2000,2000,2000,2000,0
2021-11-04 15:11:00,2000,2000,2000,2000,0
2021-11-04 15:12:00,2000,2000,2000,2000,0
2021-11-04 15:13:00,2000,2000,2000,2000,0
2021-11-04 15:14:00,2000,2000,2000,2000,0
2021-11-04 15:15:00,2000,2000,2000,2000,0
2021-11-04 15:16:00,2000,2000,2000,2000,0
2021-11-04 15:17:00,2000,2000,2000,2000,0
2021-11-04 15:18:00,2000,2000,2000,2000,0
2021-11-04 15:19:00,2000,2000,2000,2000,0
2021-11-04 15:20:00,2000,2000,2000,2000,0
2021-11-04 15:21:00,2000,2000,2000,2000,0
2021-11-04 15:22:00,2000,2000,2000,2000,0
2021-11-04 15:23:00,2000,2000,2000,2000,0
2021-11-04 15:24:00,2000,2000,2000,2000,0
2021-11-04 15:25:00,2000,2000,2000,2000,0
2021-11-04 15:26:00,2000,2000,2000,2000,0
2021-11-04 15:27:00,2000,2000,2000,2000,0
2021-11-04 15:28:00,2000,2000,2000,2000,0
2021-11-04 15:29:00,2000,2000,2000,2000,0
2021-11-04 15:30:00,2000,2000,2000,2000,0
2021-11-04 15:31:00,2000,2000,2000,2000,0
2021-11-04 15:32:00,2000,2000,2000,2000,0
2021-11-04 15:33:00,2000,2000,2000,2000,0
2021-11-04 15:34:00,2000,2000,2000,2000,0
2021-11-04 15:35:00,2000,2000,2000,2000,0
2021-11-04 15:36:00,2000,2000,2000,2000,0
2021-11-04 15:37:00,2000,2000,2000,2000,0
2021-11-04 15:38:00,2000,2000,2000,2000,0
2021-11-04 15:39:00,2000,2000,2000,2000,0
2021-11-04 15:40:00,2000,2000,2000,2000,0
2021-11-04 15:41:00,2000,2000,2000,2000,0
2021-11-04 15:42:00,2000,2000,2000,2000,0
2021-11-04 15:43:00,2000,2000,2000,2000,0
2021-11-04 15:44:00,2000,2000,2000,2000,0
2021-11-04 15:45:00,2000,2000,2000,2000,0
2021-11-04 15:46:00,2000,2000,2000,2000,0
2021-11-04 15:47:00,2000,2000,2000,2000,0
2021-11-04 15:48:00,2000,2000,2000,2000,0
2021-11-04 15:49:00,2000,2000,2000,2000,0
2021-11-04 15:50:00,2000,2000,2000,2000,0
2021-11-04 15:51:00,2000,2000,2000,2000,0
2021-11-04 15:52:00,2000,2000,2000,2000,0
2021-11-04 15:53:00,2000,2000,2000,2000,0
2021-11-04 15:54:00,2000,2000,2000,2000,0
2021-11-04 15:55:00,2000,2000,2000,2000,0
2021-11-04 15:56:00,2000,2000,2000,2000,0
2021-11-04 15:57:00,2000,2000,2000,2000,0
2021-11-04 15:58:00,2000,2000,2000,2000,0
2021-11-04 15:59:00,2000,2000,2000,2000,0
2021-11-05 09:00:00,2000,2000,2000,2000,0
2021-11-05 09:01:00,2000,2000,2000,2000,0
2021-11-05 09:02:00,2000,2000,2000,2000,0
2021-11-05 09:03:00,2000,2000,2000,2000,0
2021-11-05 09:04:00,2000,2000,2000,2000,0
2021-11-05 09:05:00,2000,2000,2000,2000,0
2021-11-05 09:06:00,2000,2000,2000,2000,0
2021-11-05 09:07:00,2000,2000,2000,2000,0
2021-11-05 09:08:00,2000,2000,2000,2000,0
2021-11-05 09:09:00,2000,2000,2000,2000,0
2021-11-05 09:10:00,2000,2000,2000,2000,0
2021-11-05 09:11:00,2000,2000,2000,2000,0
2021-11-05 09:12:00,2000,2000,2000,2000,0
2021-11-05 09:13:00,2000,2000,2000,2000,0
2021-11-05 09:14:00,2000,2000,2000,2000,0
2021-11-05 09:15:00,2000,2000,2000,2000,0
2021-11-05 09:16:00,2000,2000,2000,2000,0
2021-11-05 09:17:00,2000,2000,2000,2000,0
2021-11-05 09:18:00,2000,2000,2000,2000,0
2021-11-05 09:19:00,2000,2000,2000,2000,0
2021-11-05 09:20:00,2000,2000,2000,2000,0
2021-11-05 09:21:00,2000,2000,2000,2000,0
2021-11-05 09:22:00,2000,2000,2000,2000,0
2021-11-05 09:23:00,2000,2000,2000,2000,0
2021-11-05 09:24:00,2000,2000,2000,2000,0
2021-11-05 09:25:00,2000,2000,2000,2000,0
2021-11-05 09:26:00,2000,2000,2000,2000,0
2021-11-05 09:27:00,2000,2000,2000,2000,0
2021-11-05 09:28:00,2000,2000,2000,2000,0
2021-11-05 09:29:00,2000,2000,2000,2000,0
2021-11-05 09:30:00,2000,2000,2000,2000,0
2021-11-05 09:31:00,2000,2000,2000,2000,0
2021-11-05 09:32:00,2000,2000,2000,2000,0
2021-11-05 09:33:00,2000,2000,2000,2000,0
2021-11-05 09:34:00,2000,2000,2000,2000,0
2021-11-05 09:35:00,2000,2000,2000,2000,0
2021-11-05 09:36:00,2000,2000,2000,2000,0
2021-11-05 09:37:00,2000,2000,2000,2000,0
2021-11-05 09:38:00,2000,2000,2000,2000,0
2021-11-05 09:39:00,2000,2000,2000,2000,0
2021-11-05 09:40:00,2000,2000,2000,2000,0
2021-11-05 09:41:00,2000,2000,2000,2000,0
2021-11-05 09:42:00,2000,2000,2000,2000,0
2021-11-05 09:43:00,2000,2000,2000,2000,0
2021-11-05 09:44:00,2000,2000,2000,2000,0
2021-11-05 09:45:00,2000,2000,2000,2000,0
2021-11-05 09:46:00,2000,2000,2000,2000,0
2021-11-05 09:47:00,2000,2000,2000,2000,0
2021-11-05 09:48:00,2000,2000,2000,2000,0
2021-11-05 09:49:00,2000,2000,2000,2000,0
2021-11-05 09:50:00,2000,2000,2000,2000,0
2021-11-05 09:51:00,2000,2000,2000,2000,0
2021-11-05 09:52:00,2000,2000,2000,2000,0
2021-11-05 09:53:00,2000,2000,2000,2000,0
2021-11-05 09:54:00,2000,2000,2000,2000,0
2021-11-05 09:55:00,2000,2000,2000,2000,0
2021-11-05 09:56:00,2000,2000,2000,2000,0
2021-11-05 09:57:00,2000,2000,2000,2000,0
2021-11-05 09:58:00,2000,2000,2000,2000,0
2021-11-05 09:59:00,2000,2000,2000,2000,0
2021-11-05 10:00:00,2000,2000,2000,2000,0
2021-11-05 10:01:00,2000,2000,2000,2000,0
2021-11-05 10:02:00,2000,2000,2000,2000,0
2021-11-05 10:03:00,2000,2000,2000,2000,0
2021-11-05 10:04:00,2000,2000,2000,2000,0
2021-11-05 10:05:00,2000,2000,2000,2000,0
2021-11-05 10:06:00,2000,2000,2000,2000,0
2021-11-05 10:07:00,2000,2000,2000,2000,0
2021-11-05 10:08:00,2000,2000,2000,2000,0
2021-11-05 10:09:00,2000,2000,2000,2000,0
2021-11-05 10:10:00,2000,2000,2000,2000,0
2021-11-05 10:11:00,2000,2000,2000,2000,0
2021-11-05 10:12:00,2000,2000,2000,2000,0
2021-11-05 10:13:00,2000,2000,2000,2000,0
2021-11-05 10:14:00,2000,2000,2000,2000,0
2021-11-05 10:15:00,2000,2000,2000,2000,0
2021-11-05 10:16:00,2000,2000,2000,2000,0
2021-11-05 10:17:00,2000,2000,2000,2000,0
2021-11-05 10:18:00,2000,2000,2000,2000,0
2021-11-05 10:19:00,2000,2000,2000,2000,0
2021-11-05 10:20:00,2000,2000,2000,2000,0
2021-11-05 10:21:00,2000,2000,2000,2000,0
2021-11-05 10:22:00,2000,2000,2000,2000,0
2021-11-05 10:23:00,2000,2000,2000,2000,0
2021-11-05 10:24:00,2000,2000,2000,2000,0
2021-11-05 10:25:00,2000,2000,2000,2000,0
2021-11-05 10:26:00,2000,2000,2000,2000,0
2021-11-05 10:27:00,2000,2000,2000,2000,0
2021-11-05 10:28:00,2000,2000,2000,2000,0
2021-11-05 10:29:00,2000,2000,2000,2000,0
2021-11-05 10:30:00,2000,2000,2000,2000,0
2021-11-05 10:31:00,2000,2000,2000,2000,0
2021-11-05 10:32:00,2000,2000,2000,2000,0
2021-11-05 10:33:00,2000,2000,2000,2000,0
2021-11-05 10:34:00,2000,2000,2000,2000,0
2021-11-05 10:35:00,2000,2000,2000,2000,0
2021-11-05 10:36:00,2000,2000,2000,2000,0
2021-11-05 10:37:00,2000,2000,2000,2000,0
2021-11-05 10:38:00,2000,2000,2000,2000,0
2021-11-05 10:39:00,2000,2000,2000,2000,0
2021-11-05 10:40:00,2000,2000,2000,2000,0
2021-11-05 10:41:00,2000,2000,2000,2000,0
2021-11-05 10:42:00,2000,2000,2000,2000,0
2021-11-05 10:43:00,2000,2000,2000,2000,0
2021-11-05 10:44:00,2000,2000,2000,2000,0
2021-11-05 10:45:00,2000,2000,2000,2000,0
2021-11-05 10:46:00,2000,2000,2000,2000,0
2021-11-05 10:47:00,2000,2000,2000,2000,0
2021-11-05 10:48:00,2000,2000,2000,2000,0
2021-11-05 10:49:00,2000,2000,2000,2000,0
2021-11-05 10:50:00,2000,2000,2000,2000,0
2021-11-05 10:51:00,2000,2000,2000,2000,0
2021-11-05 10:52:00,2000,2000,2000,2000,0
2021-11-05 10:53:00,2000,2000,2000,2000,0
2021-11-05 10:54:00,2000,2000,2000,2000,0
2021-11-05 10:55:00,2000,2000,2000,2000,0
2021-11-05 10:56:00,2000,2000,2000,2000,0
2021-11-05 10:57:00,2000,2000,2000,2000,0
2021-11-05 10:58:00,2000,2000,2000,2000,0
2021-11-05 10:59:00,2000,2000,2000,2000,0
2021-11-05 11:00:00,2000,2000,2000,2000,0
2021-11-05 11:01:00,2000,2000,2000,2000,0
2021-11-05 11:02:00,2000,2000,2000,2000,0
2021-11-05 11:03:00,2000,2000,2000,2000,0
2021-11-05 11:04:00,2000,2000,2000,2000,0
2021-11-05 11:05:00,2000,2000,2000,2000,0
2021-11-05 11:06:00,2000,2000,2000,2000,0
2021-11-05 11:07:00,2000,2000,2000,2000,0
2021-11-05 11:08:00,2000,2000,2000,2000,0
2021-11-05 11:09:00,2000,2000,2000,2000,0
2021-11-05 11:10:00,2000,2000,2000,2000,0
2021-11-05 11:11:00,2000,2000,2000,2000,0
2021-11-05 11:12:00,2000,2000,2000,2000,0
2021-11-05 11:13:00,2000,2000,2000,2000,0
2021-11-05 11:14:00,2000,2000,2000,2000,0
2021-11-05 11:15:00,2000,2000,2000,2000,0
2021-11-05 11:16:00,2000,2000,2000,2000,0
2021-11-05 11:17:00,2000,2000,2000,2000,0
2021-11-05 11:18:00,2000,2000,2000,2000,0
2021-11-05 11:19:00,2000,2000,2000,2000,0
2021-11-05 11:20:00,2000,2000,2000,2000,0
2021-11-05 11:21:00,2000,2000,2000,2000,0
2021-11-05 11:22:00,2000,2000,2000,2000,0
2021-11-05 11:23:00,2000,2000,2000,2000,0
2021-11-05 11:24:00,2000,2000,2000,2000,0
2021-11-05 11:25:00,2000,2000,2000,2000,0
2021-11-05 11:26:00,2000,2000,2000,2000,0
2021-11-05 11:27:00,2000,2000,2000,2000,0
2021-11-05 11:28:00,2000,2000,2000,2000,0
2021-11-05 11:29:00,2000,2000,2000,2000,0
2021-11-05 11:30:00,2000,2000,2000,2000,0
2021-11-05 11:31:00,2000,2000,2000,2000,0
2021-11-05 11:32:00,2000,2000,2000,2000,0
2021-11-05 11:33:00,2000,2000,2000,2000,0
2021-11-05 11:34:00,2000,2000,2000,2000,0
2021-11-05 11:35:00,2000,2000,2000,2000,0
2021-11-05 11:36:00,2000,2000,2000,2000,0
2021-11-05 11:37:00,2000,2000,2000,2000,0
2021-11-05 11:38:00,2000,2000,2000,2000,0
2021-11-05 11:39:00,2000,2000,2000,2000,0
2021-11-05 11:40:00,2000,2000,2000,2000,0
2021-11-05 11:41:00,2000,2000,2000,2000,0
2021-11-05 11:42:00,2000,2000,2000,2000,0
2021-11-05 11:43:00,2000,2000,2000,2000,0
2021-11-05 11:44:00,2000,2000,2000,2000,0
2021-11-05 11:45:00,2000,2000,2000,2000,0
2021-11-05 11:46:00,2000,2000,2000,2000,0
2021-11-05 11:47:00,2000,2000,2000,2000,0
2021-11-05 11:48:00,2000,2000,2000,2000,0
2021-11-05 11:49:00,2000,2000,2000,2000,0
2021-11-05 11:50:00,2000,2000,2000,2000,0
2021-11-05 11:51:00,2000,2000,2000,2000,0
2021-11-05 11:52:00,2000,2000,2000,2000,0
2021-11-05 11:53:00,2000,2000,2000,2000,0
2021-11-05 11:54:00,2000,2000,2000,2000,0
2021-11-05 11:55:00,2000,2000,2000,2000,0
2021-11-05 11:56:00,2000,2000,2000,2000,0
2021-11-05 11:57:00,2000,2000,2000,2000,0
2021-11-05 11:58:00,2000,2000,2000,2000,0
2021-11-05 11:59:00,2000,2000,2000,2000,0
2021-11-05 12:00:00,2000,2000,2000,2000,0
2021-11-05 12:01:00,2000,2000,2000,2000,0
2021-11-05 12:02:00,2000,2000,2000,2000,0
2021-11-05 12:03:00,2000,2000,2000,2000,0
2021-11-05 12:04:00,2000,2000,2000,2000,0
2021-11-05 12:05:00,2000,2000,2000,2000,0
2021-11-05 12:06:00,2000,2000,2000,2000,0
2021-11-05 12:07:00,2000,2000,2000,2000,0
2021-11-05 12:08:00,2000,2000,2000,2000,0
2021-11-05 12:09:00,2000,2000,2000,2000,0
2021-11-05 12:10:00,2000,2000,2000,2000,0
2021-11-05 12:11:00,2000,2000,2000,2000,0
2021-11-05 12:12:00,2000,2000,2000,2000,0
2021-11-05 12:13:00,2000,2000,2000,2000,0
2021-11-05 12:14:00,2000,2000,2000,2000,0
2021-11-05 12:15:00,2000,2000,2000,2000,0
2021-11-05 12:16:00,2000,2000,2000,2000,0
2021-11-05 12:17:00,2000,2000,2000,2000,0
2021-11-05 12:18:00,2000,2000,2000,2000,0
2021-11-05 12:19:00,2000,2000,2000,2000,0
2021-11-05 12:20:00,2000,2000,2000,2000,0
2021-11-05 12:21:00,2000,2000,2000,2000,0
2021-11-05 12:22:00,2000,2000,2000,2000,0
2021-11-05 12:23:00,2000,2000,2000,2000,0
2021-11-05 12:24:00,2000,2000,2000,2000,0
2021-11-05 12:25:00,2000,2000,2000,2000,0
2021-11-05 12:26:00,2000,2000,2000,2000,0
2021-11-05 12:27:00,2000,2000,2000,2000,0
2021-11-05 12:28:00,2000,2000,2000,2000,0
2021-11-05 12:29:00,2000,2000,2000,2000,0
2021-11-05 12:30:00,2000,2000,2000,2000,0
2021-11-05 12:31:00,2000,2000,2000,2000,0
2021-11-05 12:32:00,2000,2000,2000,2000,0
2021-11-05 12:33:00,2000,2000,2000,2000,0
2021-11-05 12:34:00,2000,2000,2000,2000,0
2021-11-05 12:35:00,2000,2000,2000,2000,0
2021-11-05 12:36:00,2000,2000,2000,2000,0
2021-11-05 12:37:00,2000,2000,2000,2000,0
2021-11-05 12:38:00,2000,2000,2000,2000,0
2021-11-05 12:39:00,2000,2000,2000,2000,0
2021-11-05 12:40:00,2000,2000,2000,2000,0
2021-11-05 12:41:00,2000,2000,2000,2000,0
2021-11-05 12:42:00,2000,2000,2000,2000,0
2021-11-05 12:43:00,2000,2000,2000,2000,0
2021-11-05 12:44:00,2000,2000,2000,2000,0
2021-11-05 12:45:00,2000,2000,2000,2000,0
2021-11-05 12:46:00,2000,2000,2000,2000,0
2021-11-05 12:47:00,2000,2000,2000,2000,0
2021-11-05 12:48:00,2000,2000,2000,2000,0
2021-11-05 12:49:00,2000,2000,2000,2000,0
2021-11-05 12:50:00,2000,2000,2000,2000,0
2021-11-05 12:51:00,2000,2000,2000,2000,0
2021-11-05 12:52:00,2000,2000,2000,2000,0
2021-11-05 12:53:00,2000,2000,2000,2000,0
2021-11-05 12:54:00,2000,2000,2000,2000,0
2021-11-05 12:55:00,2000,2000,2000,2000,0
2021-11-05 12:56:00,2000,2000,2000,2000,0
2021-11-05 12:57:00,2000,2000,2000,2000,0
2021-11-05 12:58:00,2000,2000,2000,2000,0
2021-11-05 12:59:00,2000,2000,2000,2000,0
2021-11-05 13:00:00,2000,2000,2000,2000,0
2021-11-05 13:01:00,2000,2000,2000,2000,0
2021-11-05 13:02:00,2000,2000,2000,2000,0
2021-11-05 13:03:00,2000,2000,2000,2000,0
2021-11-05 13:04:00,2000,2000,2000,2000,0
2021-11-05 13:05:00,2000,2000,2000,2000,0
2021-11-05 13:06:00,2000,2000,2000,2000,0
2021-11-05 13:07:00,2000,2000,2000,2000,0
2021-11-05 13:08:00,2000,2000,2000,2000,0
2021-11-05 13:09:00,2000,2000,2000,2000,0
2021-11-05 13:10:00,2000,2000,2000,2000,0
2021-11-05 13:11:00,2000,2000,2000,2000,0
2021-11-05 13:12:00,2000,2000,2000,2000,0
2021-11-05 13:13:00,2000,2000,2000,2000,0
2021-11-05 13:14:00,2000,2000,2000,2000,0
2021-11-05 13:15:00,2000,2000,2000,2000,0
2021-11-05 13:16:00,2000,2000,2000,2000,0
2021-11-05 13:17:00,2000,2000,2000,2000,0
2021-11-05 13:18:00,2000,2000,2000,2000,0
2021-11-05 13:19:00,2000,2000,2000,2000,0
2021-11-05 13:20:00,2000,2000,2000,2000,0
2021-11-05 13:21:00,2000,2000,2000,2000,0
2021-11-05 13:22:00,2000,2000,2000,2000,0
2021-11-05 13:23:00,2000,2000,2000,2000,0
2021-11-05 13:24:00,2000,2000,2000,2000,0
2021-11-05 13:25:00,2000,2000,2000,2000,0
2021-11-05 13:26:00,2000,2000,2000,2000,0
2021-11-05 13:27:00,2000,2000,2000,2000,0
2021-11-05 13:28:00,2000,2000,2000,2000,0
2021-11-05 13:29:00,2000,2000,2000,2000,0
2021-11-05 13:30:00,2000,2000,2000,2000,0
2021-11-05 13:31:00,2000,2000,2000,2000,0
2021-11-05 13:32:00,2000,2000,2000,2000,0
2021-11-05 13:33:00,2000,2000,2000,2000,0
2021-11-05 13:34:00,2000,2000,2000,2000,0
2021-11-05 13:35:00,2000,2000,2000,2000,0
2021-11-05 13:36:00,2000,2000,2000,2000,0
2021-11-05 13:37:00,2000,2000,2000,2000,0
2021-11-05 13:38:00,2000,2000,2000,2000,0
2021-11-05 13:39:00,2000,2000,2000,2000,0
2021-11-05 13:40:00,2000,2000,2000,2000,0
2021-11-05 13:41:00,2000,2000,2000,2000,0
2021-11-05 13:42:00,2000,2000,2000,2000,0
2021-11-05 13:43:00,2000,2000,2000,2000,0
2021-11-05 13:44:00,2000,2000,2000,2000,0
2021-11-05 13:45:00,2000,2000,2000,2000,0
2021-11-05 13:46:00,2000,2000,2000,2000,0
2021-11-05 13:47:00,2000,2000,2000,2000,0
2021-11-05 13:48:00,2000,2000,2000,2000,0
2021-11-05 13:49:00,2000,2000,2000,2000,0
2021-11-05 13:50:00,2000,2000,2000,2000,0
2021-11-05 13:51:00,2000,2000,2000,2000,0
2021-11-05 13:52:00,2000,2000,2000,2000,0
2021-11-05 13:53:00,2000,2000,2000,2000,0
2021-11-05 13:54:00,2000,2000,2000,2000,0
2021-11-05 13:55:00,2000,2000,2000,2000,0
2021-11-05 13:56:00,2000,2000,2000,2000,0
2021-11-05 13:57:00,2000,2000,2000,2000,0
2021-11-05 13:58:00,2000,2000,2000,2000,0
2021-11-05 13:59:00,2000,2000,2000,2000,0
2021-11-05 14:00:00,2000,2000,2000,2000,0
2021-11-05 14:01:00,2000,2000,2000,2000,0
2021-11-05 14:02:00,2000,2000,2000,2000,0
2021-11-05 14:03:00,2000,2000,2000,2000,0
2021-11-05 14:04:00,2000,2000,2000,2000,0
2021-11-05 14:05:00,2000,2000,2000,2000,0
2021-11-05 14:06:00,2000,2000,2000,2000,0
2021-11-05 14:07:00,1995,1995,1995,1995,200
2021-11-05 14:08:00,1995,1995,1995,1995,0
2021-11-05 14:09:00,1995,1995,1995,1995,0
2021-11-05 14:10:00,1995,1995,1995,1995,0
2021-11-05 14:11:00,1995,1995,1995,1995,0
2021-11-05 14:12:00,1960,1955,1990,1990,800
2021-11-05 14:13:00,1950,1950,1990,1990,400
2021-11-05 14:14:00,1950,1950,1990,1950,600
2021-11-05 14:15:00,1990,1950,1990,1950,800
2021-11-05 14:16:00,1990,1950,1990,1990,600
2021-11-05 14:17:00,1945,1940,1990,1990,800
2021-11-05 14:18:00,1940,1940,1990,1940,600
2021-11-05 14:19:00,1990,1940,1990,1990,1000
2021-11-05 14:20:00,1940,1940,1990,1940,600
2021-11-05 14:21:00,1990,1940,1990,1940,1200
2021-11-05 14:22:00,1990,1940,1990,1940,400
2021-11-05 14:23:00,1990,1940,1990,1940,0
2021-11-05 14:24:00,1990,1940,1990,1940,0
2021-11-05 14:25:00,1990,1940,1990,1940,0
2021-11-05 14:26:00,1990,1940,1990,1940,0
2021-11-05 14:27:00,1990,1940,1990,1940,0
2021-11-05 14:28:00,1990,1940,1990,1940,0
2021-11-05 14:29:00,1990,1940,1990,1940,0
2021-11-05 14:30:00,1990,1940,1990,1940,0
2021-11-05 14:31:00,1990,1940,1990,1940,0
2021-11-05 14:32:00,1990,1940,1990,1940,0
2021-11-05 14:33:00,1990,1940,1990,1940,0
2021-11-05 14:34:00,1990,1940,1990,1940,0
2021-11-05 14:35:00,1990,1940,1990,1940,0
2021-11-05 14:36:00,1990,1940,1990,1940,0
2021-11-05 14:37:00,1990,1940,1990,1940,0
2021-11-05 14:38:00,1990,1940,1990,1940,0
2021-11-05 14:39:00,1990,1940,1990,1940,0
2021-11-05 14:40:00,1990,1940,1990,1940,0
2021-11-05 14:41:00,1990,1940,1990,1940,0
2021-11-05 14:42:00,1990,1940,1990,1940,0
2021-11-05 14:43:00,1990,1940,1990,1940,0
2021-11-05 14:44:00,1990,1940,1990,1940,0
2021-11-05 14:45:00,1990,1940,1990,1940,0
2021-11-05 14:46:00,1990,1940,1990,1940,0
2021-11-05 14:47:00,1990,1940,1990,1940,0
2021-11-05 14:48:00,1990,1940,1990,1940,0
2021-11-05 14:49:00,1990,1940,1990,1940,0
2021-11-05 14:50:00,1990,1940,1990,1940,0
2021-11-05 14:51:00,1990,1940,1990,1940,0
2021-11-05 14:52:00,1990,1940,1990,1940,0
2021-11-05 14:53:00,1990,1940,1990,1940,0
2021-11-05 14:54:00,1990,1940,1990,1940,0
2021-11-05 14:55:00,1990,1940,1990,1940,0
2021-11-05 14:56:00,1990,1940,1990,1940,0
2021-11-05 14:57:00,1990,1940,1990,1940,0
2021-11-05 14:58:00,1990,1940,1990,1940,0
2021-11-05 14:59:00,1990,1940,1990,1940,0
2021-11-05 15:00:00,1990,1940,1990,1940,0
2021-11-05 15:01:00,1990,1940,1990,1940,0
2021-11-05 15:02:00,1990,1940,1990,1940,0
2021-11-05 15:03:00,1990,1940,1990,1940,0
2021-11-05 15:04:00,1990,1940,1990,1940,0
2021-11-05 15:05:00,1990,1940,1990,1940,0
2021-11-05 15:06:00,1990,1940,1990,1940,0
2021-11-05 15:07:00,1990,1940,1990,1940,0
2021-11-05 15:08:00,1990,1940,1990,1940,0
2021-11-05 15:09:00,1990,1940,1990,1940,0
2021-11-05 15:10:00,1990,1940,1990,1940,0
2021-11-05 15:11:00,1990,1940,1990,1940,0
2021-11-05 15:12:00,1990,1940,1990,1940,0
2021-11-05 15:13:00,1990,1940,1990,1940,0
2021-11-05 15:14:00,1990,1940,1990,1940,0
2021-11-05 15:15:00,1990,1940,1990,1940,0
2021-11-05 15:16:00,1990,1940,1990,1940,0
2021-11-05 15:17:00,1990,1940,1990,1940,0
2021-11-05 15:18:00,1990,1940,1990,1940,0
2021-11-05 15:19:00,1990,1940,1990,1940,0
2021-11-05 15:20:00,1990,1940,1990,1940,0
2021-11-05 15:21:00,1990,1940,1990,1940,0
2021-11-05 15:22:00,1990,1940,1990,1940,0
2021-11-05 15:23:00,1990,1940,1990,1940,0
2021-11-05 15:24:00,1990,1940,1990,1940,0
2021-11-05 15:25:00,1990,1940,1990,1940,0
2021-11-05 15:26:00,1990,1940,1990,1940,0
2021-11-05 15:27:00,1990,1940,1990,1940,0
2021-11-05 15:28:00,1990,1940,1990,1940,0
2021-11-05 15:29:00,1990,1940,1990,1940,0
2021-11-05 15:30:00,1990,1940,1990,1940,0
2021-11-05 15:31:00,1990,1940,1990,1940,0
2021-11-05 15:32:00,1990,1940,1990,1940,0
2021-11-05 15:33:00,1990,1940,1990,1940,0
2021-11-05 15:34:00,1990,1940,1990,1940,0
2021-11-05 15:35:00,1990,1940,1990,1940,0
2021-11-05 15:36:00,1990,1940,1990,1940,0
2021-11-05 15:37:00,1990,1940,1990,1940,0
2021-11-05 15:38:00,1990,1940,1990,1940,0
2021-11-05 15:39:00,1990,1940,1990,1940,0
2021-11-05 15:40:00,1990,1940,1990,1940,0
2021-11-05 15:41:00,1990,1940,1990,1940,0
2021-11-05 15:42:00,1990,1940,1990,1940,0
2021-11-05 15:43:00,1990,1940,1990,1940,0
2021-11-05 15:44:00,1990,1940,1990,1940,0
2021-11-05 15:45:00,1990,1940,1990,1940,0
2021-11-05 15:46:00,1990,1940,1990,1940,0
2021-11-05 15:47:00,1990,1940,1990,1940,0
2021-11-05 15:48:00,1990,1940,1990,1940,0
2021-11-05 15:49:00,1990,1940,1990,1940,0
2021-11-05 15:50:00,1990,1940,1990,1940,0
2021-11-05 15:51:00,1990,1940,1990,1940,0
2021-11-05 15:52:00,1990,1940,1990,1940,0
2021-11-05 15:53:00,1990,1940,1990,1940,0
2021-11-05 15:54:00,1990,1940,1990,1940,0
2021-11-05 15:55:00,1990,1940,1990,1940,0
2021-11-05 15:56:00,1990,1940,1990,1940,0
2021-11-05 15:57:00,1990,1940,1990,1940,0
2021-11-05 15:58:00,1990,1940,1990,1940,0
2021-11-05 15:59:00,1990,1940,1990,1940,0
2021-11-08 09:00:00,1940,1940,1940,1940,0
2021-11-08 09:01:00,1940,1940,1940,1940,0
2021-11-08 09:02:00,1940,1940,1940,1940,0
2021-11-08 09:03:00,1940,1940,1940,1940,0
2021-11-08 09:04:00,1940,1940,1940,1940,0
2021-11-08 09:05:00,1940,1940,1940,1940,0
2021-11-08 09:06:00,1940,1940,1940,1940,0
2021-11-08 09:07:00,1940,1940,1940,1940,0
2021-11-08 09:08:00,1940,1940,1940,1940,0
2021-11-08 09:09:00,1940,1940,1940,1940,0
2021-11-08 09:10:00,1940,1940,1940,1940,0
2021-11-08 09:11:00,1940,1940,1940,1940,0
2021-11-08 09:12:00,1940,1940,1940,1940,0
2021-11-08 09:13:00,1940,1940,1940,1940,0
2021-11-08 09:14:00,1940,1940,1940,1940,0
2021-11-08 09:15:00,1940,1940,1940,1940,0
2021-11-08 09:16:00,1940,1940,1940,1940,0
2021-11-08 09:17:00,1940,1940,1940,1940,0
2021-11-08 09:18:00,1940,1940,1940,1940,0
2021-11-08 09:19:00,1940,1940,1940,1940,0
2021-11-08 09:20:00,1940,1940,1940,1940,0
2021-11-08 09:21:00,1940,1940,1940,1940,0
2021-11-08 09:22:00,1940,1940,1940,1940,0
2021-11-08 09:23:00,1940,1940,1940,1940,0
2021-11-08 09:24:00,1940,1940,1940,1940,0
2021-11-08 09:25:00,1940,1940,1940,1940,0
2021-11-08 09:26:00,1940,1940,1940,1940,0
2021-11-08 09:27:00,1940,1940,1940,1940,0
2021-11-08 09:28:00,1940,1940,1940,1940,0
2021-11-08 09:29:00,1940,1940,1940,1940,0
2021-11-08 09:30:00,1940,1940,1940,1940,0
2021-11-08 09:31:00,1940,1940,1940,1940,0
2021-11-08 09:32:00,1940,1940,1940,1940,0
2021-11-08 09:33:00,1940,1940,1940,1940,0
2021-11-08 09:34:00,1940,1940,1940,1940,0
2021-11-08 09:35:00,1940,1940,1940,1940,0
2021-11-08 09:36:00,1940,1940,1940,1940,0
2021-11-08 09:37:00,1940,1940,1940,1940,0
2021-11-08 09:38:00,1940,1940,1940,1940,0
2021-11-08 09:39:00,1940,1940,1940,1940,0
2021-11-08 09:40:00,1940,1940,1940,1940,0
2021-11-08 09:41:00,1940,1940,1940,1940,0
2021-11-08 09:42:00,1940,1940,1940,1940,0
2021-11-08 09:43:00,1940,1940,1940,1940,0
2021-11-08 09:44:00,1940,1940,1940,1940,0
2021-11-08 09:45:00,1940,1940,1940,1940,0
2021-11-08 09:46:00,1940,1940,1940,1940,0
2021-11-08 09:47:00,1940,1940,1940,1940,0
2021-11-08 09:48:00,1940,1940,1940,1940,0
2021-11-08 09:49:00,1940,1940,1940,1940,0
2021-11-08 09:50:00,1940,1940,1940,1940,0
2021-11-08 09:51:00,1940,1940,1940,1940,0
2021-11-08 09:52:00,1940,1940,1940,1940,0
2021-11-08 09:53:00,1940,1940,1940,1940,0
2021-11-08 09:54:00,1940,1940,1940,1940,0
2021-11-08 09:55:00,1940,1940,1940,1940,0
2021-11-08 09:56:00,1940,1940,1940,1940,0
2021-11-08 09:57:00,1940,1940,1940,1940,0
2021-11-08 09:58:00,1940,1940,1940,1940,0
2021-11-08 09:59:00,1940,1940,1940,1940,0
2021-11-08 10:00:00,1940,1940,1940,1940,0
2021-11-08 10:01:00,1940,1940,1940,1940,0
2021-11-08 10:02:00,1940,1940,1940,1940,0
2021-11-08 10:03:00,1940,1940,1940,1940,0
2021-11-08 10:04:00,1940,1940,1940,1940,0
2021-11-08 10:05:00,1940,1940,1940,1940,0
2021-11-08 10:06:00,1940,1940,1940,1940,0
2021-11-08 10:07:00,1940,1940,1940,1940,0
2021-11-08 10:08:00,1940,1940,1940,1940,0
2021-11-08 10:09:00,1940,1940,1940,1940,0
2021-11-08 10:10:00,1940,1940,1940,1940,0
2021-11-08 10:11:00,1940,1940,1940,1940,0
2021-11-08 10:12:00,1940,1940,1940,1940,0
2021-11-08 10:13:00,1940,1940,1940,1940,0
2021-11-08 10:14:00,1940,1940,1940,1940,0
2021-11-08 10:15:00,1940,1940,1940,1940,0
2021-11-08 10:16:00,1940,1940,1940,1940,0
2021-11-08 10:17:00,1940,1940,1940,1940,0
2021-11-08 10:18:00,1940,1940,1940,1940,0
2021-11-08 10:19:00,1940,1940,1940,1940,0
2021-11-08 10:20:00,1940,1940,1940,1940,0
2021-11-08 10:21:00,1940,1940,1940,1940,0
2021-11-08 10:22:00,1940,1940,1940,1940,0
2021-11-08 10:23:00,1940,1940,1940,1940,0
2021-11-08 10:24:00,1940,1940,1940,1940,0
2021-11-08 10:25:00,1940,1940,1940,1940,0
2021-11-08 10:26:00,1940,1940,1940,1940,0
2021-11-08 10:27:00,1940,1940,1940,1940,0
2021-11-08 10:28:00,1940,1940,1940,1940,0
2021-11-08 10:29:00,1940,1940,1940,1940,0
2021-11-08 10:30:00,1940,1940,1940,1940,0
2021-11-08 10:31:00,1940,1940,1940,1940,0
2021-11-08 10:32:00,1940,1940,1940,1940,0
2021-11-08 10:33:00,1940,1940,1940,1940,0
2021-11-08 10:34:00,1940,1940,1940,1940,0
2021-11-08 10:35:00,1940,1940,1940,1940,0
2021-11-08 10:36:00,1940,1940,1940,1940,0
2021-11-08 10:37:00,1940,1940,1940,1940,0
2021-11-08 10:38:00,1940,1940,1940,1940,0
2021-11-08 10:39:00,1940,1940,1940,1940,0
2021-11-08 10:40:00,1940,1940,1940,1940,0
2021-11-08 10:41:00,1940,1940,1940,1940,0
2021-11-08 10:42:00,1940,1940,1940,1940,0
2021-11-08 10:43:00,1940,1940,1940,1940,0
2021-11-08 10:44:00,1940,1940,1940,1940,0
2021-11-08 10:45:00,1940,1940,1940,1940,0
2021-11-08 10:46:00,1940,1940,1940,1940,0
2021-11-08 10:47:00,1940,1940,1940,1940,0
2021-11-08 10:48:00,1940,1940,1940,1940,0
2021-11-08 10:49:00,1940,1940,1940,1940,0
2021-11-08 10:50:00,1940,1940,1940,1940,0
2021-11-08 10:51:00,1940,1940,1940,1940,0
2021-11-08 10:52:00,1940,1940,1940,1940,0
2021-11-08 10:53:00,1940,1940,1940,1940,0
2021-11-08 10:54:00,1940,1940,1940,1940,0
2021-11-08 10:55:00,1940,1940,1940,1940,0
2021-11-08 10:56:00,1940,1940,1940,1940,0
2021-11-08 10:57:00,1940,1940,1940,1940,0
2021-11-08 10:58:00,1940,1940,1940,1940,0
2021-11-08 10:59:00,1940,1940,1940,1940,0
2021-11-08 11:00:00,1940,1940,1940,1940,0
2021-11-08 11:01:00,1940,1940,1940,1940,0
2021-11-08 11:02:00,1940,1940,1940,1940,0
2021-11-08 11:03:00,1940,1940,1940,1940,0
2021-11-08 11:04:00,1940,1940,1940,1940,0
2021-11-08 11:05:00,1940,1940,1940,1940,0
2021-11-08 11:06:00,1940,1940,1940,1940,0
2021-11-08 11:07:00,1940,1940,1940,1940,0
2021-11-08 11:08:00,1940,1940,1940,1940,0
2021-11-08 11:09:00,1940,1940,1940,1940,0
2021-11-08 11:10:00,1940,1940,1940,1940,0
2021-11-08 11:11:00,1940,1940,1940,1940,0
2021-11-08 11:12:00,1940,1940,1940,1940,0
2021-11-08 11:13:00,1940,1940,1940,1940,0
2021-11-08 11:14:00,1940,1940,1940,1940,0
2021-11-08 11:15:00,1940,1940,1940,1940,0
2021-11-08 11:16:00,1940,1940,1940,1940,0
2021-11-08 11:17:00,1940,1940,1940,1940,0
2021-11-08 11:18:00,1940,1940,1940,1940,0
2021-11-08 11:19:00,1940,1940,1940,1940,0
2021-11-08 11:20:00,1940,1940,1940,1940,0
2021-11-08 11:21:00,1940,1940,1940,1940,0
2021-11-08 11:22:00,1940,1940,1940,1940,0
2021-11-08 11:23:00,1940,1940,1940,1940,0
2021-11-08 11:24:00,1940,1940,1940,1940,0
2021-11-08 11:25:00,1940,1940,1940,1940,1300
2021-11-08 11:26:00,1940,1940,1940,1940,0
2021-11-08 11:27:00,1940,1940,1940,1940,0
2021-11-08 11:28:00,1940,1940,1940,1940,0
2021-11-08 11:29:00,1940,1940,1940,1940,0
2021-11-08 11:30:00,1940,1940,1940,1940,0
2021-11-08 11:31:00,1940,1940,1940,1940,0
2021-11-08 11:32:00,1940,1940,1940,1940,0
2021-11-08 11:33:00,1940,1940,1940,1940,0
2021-11-08 11:34:00,1940,1940,1940,1940,0
2021-11-08 11:35:00,1940,1940,1940,1940,0
2021-11-08 11:36:00,1940,1940,1940,1940,0
2021-11-08 11:37:00,1940,1940,1940,1940,0
2021-11-08 11:38:00,1940,1940,1940,1940,0
2021-11-08 11:39:00,1940,1940,1940,1940,0
2021-11-08 11:40:00,1940,1940,1940,1940,0
2021-11-08 11:41:00,1940,1940,1940,1940,0
2021-11-08 11:42:00,1940,1940,1940,1940,0
2021-11-08 11:43:00,1940,1940,1940,1940,0
2021-11-08 11:44:00,1940,1940,1940,1940,0
2021-11-08 11:45:00,1940,1940,1940,1940,0
2021-11-08 11:46:00,1940,1940,1940,1940,0
2021-11-08 11:47:00,1940,1940,1940,1940,0
2021-11-08 11:48:00,1940,1940,1940,1940,0
2021-11-08 11:49:00,1940,1940,1940,1940,0
2021-11-08 11:50:00,1940,1940,1940,1940,0
2021-11-08 11:51:00,1940,1940,1940,1940,0
2021-11-08 11:52:00,1940,1940,1940,1940,0
2021-11-08 11:53:00,1940,1940,1940,1940,0
2021-11-08 11:54:00,1940,1940,1940,1940,0
2021-11-08 11:55:00,1940,1940,1940,1940,0
2021-11-08 11:56:00,1940,1940,1940,1940,0
2021-11-08 11:57:00,1940,1940,1940,1940,0
2021-11-08 11:58:00,1940,1940,1940,1940,0
2021-11-08 11:59:00,1940,1940,1940,1940,0
2021-11-08 12:00:00,1940,1940,1940,1940,0
2021-11-08 12:01:00,1940,1940,1940,1940,0
2021-11-08 12:02:00,1940,1940,1940,1940,0
2021-11-08 12:03:00,1940,1940,1940,1940,0
2021-11-08 12:04:00,1940,1940,1940,1940,0
2021-11-08 12:05:00,1940,1940,1940,1940,0
2021-11-08 12:06:00,1940,1940,1940,1940,0
2021-11-08 12:07:00,1940,1940,1940,1940,0
2021-11-08 12:08:00,1940,1940,1940,1940,0
2021-11-08 12:09:00,1940,1940,1940,1940,0
2021-11-08 12:10:00,1940,1940,1940,1940,0
2021-11-08 12:11:00,1940,1940,1940,1940,0
2021-11-08 12:12:00,1940,1940,1940,1940,0
2021-11-08 12:13:00,1940,1940,1940,1940,0
2021-11-08 12:14:00,1940,1940,1940,1940,0
2021-11-08 12:15:00,1940,1940,1940,1940,0
2021-11-08 12:16:00,1940,1940,1940,1940,0
2021-11-08 12:17:00,1940,1940,1940,1940,0
2021-11-08 12:18:00,1940,1940,1940,1940,0
2021-11-08 12:19:00,1940,1940,1940,1940,0
2021-11-08 12:20:00,1940,1940,1940,1940,0
2021-11-08 12:21:00,1940,1940,1940,1940,0
2021-11-08 12:22:00,1940,1940,1940,1940,0
2021-11-08 12:23:00,1940,1940,1940,1940,0
2021-11-08 12:24:00,1940,1940,1940,1940,0
2021-11-08 12:25:00,1940,1940,1940,1940,0
2021-11-08 12:26:00,1940,1940,1940,1940,0
2021-11-08 12:27:00,1940,1940,1940,1940,0
2021-11-08 12:28:00,1940,1940,1940,1940,0
2021-11-08 12:29:00,1940,1940,1940,1940,0
2021-11-08 12:30:00,1940,1940,1940,1940,0
2021-11-08 12:31:00,1940,1940,1940,1940,0
2021-11-08 12:32:00,1940,1940,1940,1940,0
2021-11-08 12:33:00,1940,1940,1940,1940,0
2021-11-08 12:34:00,1940,1940,1940,1940,0
2021-11-08 12:35:00,1940,1940,1940,1940,0
2021-11-08 12:36:00,1940,1940,1940,1940,0
2021-11-08 12:37:00,1940,1940,1940,1940,0
2021-11-08 12:38:00,1940,1940,1940,1940,0
2021-11-08 12:39:00,1940,1940,1940,1940,0
2021-11-08 12:40:00,1940,1940,1940,1940,0
2021-11-08 12:41:00,1940,1940,1940,1940,0
2021-11-08 12:42:00,1940,1940,1940,1940,0
2021-11-08 12:43:00,1940,1940,1940,1940,0
2021-11-08 12:44:00,1940,1940,1940,1940,0
2021-11-08 12:45:00,1940,1940,1940,1940,0
2021-11-08 12:46:00,1940,1940,1940,1940,0
2021-11-08 12:47:00,1940,1940,1940,1940,0
2021-11-08 12:48:00,1940,1940,1940,1940,0
2021-11-08 12:49:00,1940,1940,1940,1940,0
2021-11-08 12:50:00,1940,1940,1940,1940,0
2021-11-08 12:51:00,1940,1940,1940,1940,0
2021-11-08 12:52:00,1940,1940,1940,1940,0
2021-11-08 12:53:00,1940,1940,1940,1940,0
2021-11-08 12:54:00,1940,1940,1940,1940,0
2021-11-08 12:55:00,1940,1940,1940,1940,0
2021-11-08 12:56:00,1940,1940,1940,1940,0
2021-11-08 12:57:00,1940,1940,1940,1940,0
2021-11-08 12:58:00,1940,1940,1940,1940,0
2021-11-08 12:59:00,1940,1940,1940,1940,0
2021-11-08 13:00:00,1940,1940,1940,1940,0
2021-11-08 13:01:00,1940,1940,1940,1940,0
2021-11-08 13:02:00,1940,1940,1940,1940,0
2021-11-08 13:03:00,1940,1940,1940,1940,0
2021-11-08 13:04:00,1940,1940,1940,1940,0
2021-11-08 13:05:00,1940,1940,1940,1940,0
2021-11-08 13:06:00,1940,1940,1940,1940,0
2021-11-08 13:07:00,1940,1940,1940,1940,0
2021-11-08 13:08:00,1940,1940,1940,1940,0
2021-11-08 13:09:00,1940,1940,1940,1940,0
2021-11-08 13:10:00,1940,1940,1940,1940,0
2021-11-08 13:11:00,1940,1940,1940,1940,0
2021-11-08 13:12:00,1940,1940,1940,1940,0
2021-11-08 13:13:00,1940,1940,1940,1940,0
2021-11-08 13:14:00,1940,1940,1940,1940,0
2021-11-08 13:15:00,1940,1940,1940,1940,0
2021-11-08 13:16:00,1940,1940,1940,1940,0
2021-11-08 13:17:00,1940,1940,1940,1940,0
2021-11-08 13:18:00,1940,1940,1940,1940,0
2021-11-08 13:19:00,1940,1940,1940,1940,0
2021-11-08 13:20:00,1940,1940,1940,1940,0
2021-11-08 13:21:00,1940,1940,1940,1940,0
2021-11-08 13:22:00,1940,1940,1940,1940,0
2021-11-08 13:23:00,1940,1940,1940,1940,0
2021-11-08 13:24:00,1940,1940,1940,1940,0
2021-11-08 13:25:00,1940,1940,1940,1940,0
2021-11-08 13:26:00,1940,1940,1940,1940,0
2021-11-08 13:27:00,1940,1940,1940,1940,0
2021-11-08 13:28:00,1940,1940,1940,1940,0
2021-11-08 13:29:00,1940,1940,1940,1940,0
2021-11-08 13:30:00,1940,1940,1940,1940,0
2021-11-08 13:31:00,1940,1940,1940,1940,0
2021-11-08 13:32:00,1940,1940,1940,1940,0
2021-11-08 13:33:00,1940,1940,1940,1940,0
2021-11-08 13:34:00,1940,1940,1940,1940,0
2021-11-08 13:35:00,1940,1940,1940,1940,0
2021-11-08 13:36:00,1940,1940,1940,1940,0
2021-11-08 13:37:00,1940,1940,1940,1940,0
2021-11-08 13:38:00,1940,1940,1940,1940,0
2021-11-08 13:39:00,1940,1940,1940,1940,0
2021-11-08 13:40:00,1940,1940,1940,1940,0
2021-11-08 13:41:00,1940,1940,1940,1940,0
2021-11-08 13:42:00,1940,1940,1940,1940,0
2021-11-08 13:43:00,1940,1940,1940,1940,0
2021-11-08 13:44:00,1940,1940,1940,1940,0
2021-11-08 13:45:00,1940,1940,1940,1940,0
2021-11-08 13:46:00,1940,1940,1940,1940,0
2021-11-08 13:47:00,1940,1940,1940,1940,0
2021-11-08 13:48:00,1940,1940,1940,1940,0
2021-11-08 13:49:00,1940,1940,1940,1940,0
2021-11-08 13:50:00,1940,1940,1940,1940,0
2021-11-08 13:51:00,1940,1940,1940,1940,0
2021-11-08 13:52:00,1940,1940,1940,1940,0
2021-11-08 13:53:00,1940,1940,1940,1940,0
2021-11-08 13:54:00,1940,1940,1940,1940,0
2021-11-08 13:55:00,1940,1940,1940,1940,0
2021-11-08 13:56:00,1940,1940,1940,1940,0
2021-11-08 13:57:00,1940,1940,1940,1940,0
2021-11-08 13:58:00,1940,1940,1940,1940,0
2021-11-08 13:59:00,1940,1940,1940,1940,0
2021-11-08 14:00:00,1940,1940,1940,1940,0
2021-11-08 14:01:00,1940,1940,1940,1940,0
2021-11-08 14:02:00,1940,1940,1940,1940,0
2021-11-08 14:03:00,1940,1940,1940,1940,0
2021-11-08 14:04:00,1940,1940,1940,1940,0
2021-11-08 14:05:00,1940,1940,1940,1940,0
2021-11-08 14:06:00,1940,1940,1940,1940,0
2021-11-08 14:07:00,1940,1940,1940,1940,0
2021-11-08 14:08:00,1940,1940,1940,1940,0
2021-11-08 14:09:00,1940,1940,1940,1940,0
2021-11-08 14:10:00,1940,1940,1940,1940,0
2021-11-08 14:11:00,1940,1940,1940,1940,0
2021-11-08 14:12:00,1940,1940,1940,1940,0
2021-11-08 14:13:00,1940,1940,1940,1940,0
2021-11-08 14:14:00,1940,1940,1940,1940,0
2021-11-08 14:15:00,1940,1940,1940,1940,0
2021-11-08 14:16:00,1940,1940,1940,1940,0
2021-11-08 14:17:00,1940,1940,1940,1940,0
2021-11-08 14:18:00,1940,1940,1940,1940,0
2021-11-08 14:19:00,1940,1940,1940,1940,0
2021-11-08 14:20:00,1940,1940,1940,1940,0
2021-11-08 14:21:00,1940,1940,1940,1940,0
2021-11-08 14:22:00,1940,1940,1940,1940,0
2021-11-08 14:23:00,1940,1940,1940,1940,0
2021-11-08 14:24:00,1940,1940,1940,1940,0
2021-11-08 14:25:00,1940,1940,1940,1940,0
2021-11-08 14:26:00,1940,1940,1940,1940,0
2021-11-08 14:27:00,1940,1940,1940,1940,0
2021-11-08 14:28:00,1940,1940,1940,1940,0
2021-11-08 14:29:00,1940,1940,1940,1940,0
2021-11-08 14:30:00,1940,1940,1940,1940,0
2021-11-08 14:31:00,1940,1940,1940,1940,0
2021-11-08 14:32:00,1940,1940,1940,1940,0
2021-11-08 14:33:00,1940,1940,1940,1940,0
2021-11-08 14:34:00,1940,1940,1940,1940,0
2021-11-08 14:35:00,1940,1940,1940,1940,100
2021-11-08 14:36:00,1940,1940,1940,1940,0
2021-11-08 14:37:00,1940,1940,1940,1940,0
2021-11-08 14:38:00,1940,1940,1940,1940,0
2021-11-08 14:39:00,1940,1940,1940,1940,0
2021-11-08 14:40:00,1940,1940,1940,1940,0
2021-11-08 14:41:00,1940,1940,1940,1940,0
2021-11-08 14:42:00,1940,1940,1940,1940,0
2021-11-08 14:43:00,1940,1940,1940,1940,0
2021-11-08 14:44:00,1940,1940,1940,1940,0
2021-11-08 14:45:00,1940,1940,1940,1940,0
2021-11-08 14:46:00,1940,1940,1940,1940,0
2021-11-08 14:47:00,1940,1940,1940,1940,0
2021-11-08 14:48:00,1940,1940,1940,1940,0
2021-11-08 14:49:00,1940,1940,1940,1940,0
2021-11-08 14:50:00,1940,1940,1940,1940,0
2021-11-08 14:51:00,1940,1940,1940,1940,0
2021-11-08 14:52:00,1940,1940,1940,1940,0
2021-11-08 14:53:00,1940,1940,1940,1940,0
2021-11-08 14:54:00,1940,1940,1940,1940,0
2021-11-08 14:55:00,1940,1940,1940,1940,0
2021-11-08 14:56:00,1940,1940,1940,1940,0
2021-11-08 14:57:00,1940,1940,1940,1940,0
2021-11-08 14:58:00,1940,1940,1940,1940,0
2021-11-08 14:59:00,1940,1940,1940,1940,0
2021-11-08 15:00:00,1940,1940,1940,1940,0
2021-11-08 15:01:00,1940,1940,1940,1940,0
2021-11-08 15:02:00,1940,1940,1940,1940,0
2021-11-08 15:03:00,1940,1940,1940,1940,0
2021-11-08 15:04:00,1940,1940,1940,1940,0
2021-11-08 15:05:00,1940,1940,1940,1940,0
2021-11-08 15:06:00,1940,1940,1940,1940,0
2021-11-08 15:07:00,1940,1940,1940,1940,0
2021-11-08 15:08:00,1940,1940,1940,1940,0
2021-11-08 15:09:00,1940,1940,1940,1940,0
2021-11-08 15:10:00,1940,1940,1940,1940,0
2021-11-08 15:11:00,1940,1940,1940,1940,0
2021-11-08 15:12:00,1940,1940,1940,1940,0
2021-11-08 15:13:00,1940,1940,1940,1940,0
2021-11-08 15:14:00,1940,1940,1940,1940,0
2021-11-08 15:15:00,1940,1940,1940,1940,0
2021-11-08 15:16:00,1940,1940,1940,1940,0
2021-11-08 15:17:00,1940,1940,1940,1940,0
2021-11-08 15:18:00,1940,1940,1940,1940,0
2021-11-08 15:19:00,1940,1940,1940,1940,0
2021-11-08 15:20:00,1940,1940,1940,1940,0
2021-11-08 15:21:00,1940,1940,1940,1940,0
2021-11-08 15:22:00,1940,1940,1940,1940,0
2021-11-08 15:23:00,1940,1940,1940,1940,0
2021-11-08 15:24:00,1940,1940,1940,1940,0
2021-11-08 15:25:00,1940,1940,1940,1940,0
2021-11-08 15:26:00,1940,1940,1940,1940,0
2021-11-08 15:27:00,1940,1940,1940,1940,0
2021-11-08 15:28:00,1940,1940,1940,1940,0
2021-11-08 15:29:00,1940,1940,1940,1940,0
2021-11-08 15:30:00,1940,1940,1940,1940,0
2021-11-08 15:31:00,1940,1940,1940,1940,0
2021-11-08 15:32:00,1940,1940,1940,1940,0
2021-11-08 15:33:00,1940,1940,1940,1940,0
2021-11-08 15:34:00,1940,1940,1940,1940,0
2021-11-08 15:35:00,1940,1940,1940,1940,0
2021-11-08 15:36:00,1940,1940,1940,1940,0
2021-11-08 15:37:00,1940,1940,1940,1940,0
2021-11-08 15:38:00,1940,1940,1940,1940,0
2021-11-08 15:39:00,1940,1940,1940,1940,0
2021-11-08 15:40:00,1940,1940,1940,1940,0
2021-11-08 15:41:00,1940,1940,1940,1940,0
2021-11-08 15:42:00,1940,1940,1940,1940,0
2021-11-08 15:43:00,1940,1940,1940,1940,0
2021-11-08 15:44:00,1940,1940,1940,1940,0
2021-11-08 15:45:00,1940,1940,1940,1940,0
2021-11-08 15:46:00,1940,1940,1940,1940,0
2021-11-08 15:47:00,1940,1940,1940,1940,0
2021-11-08 15:48:00,1940,1940,1940,1940,0
2021-11-08 15:49:00,1940,1940,1940,1940,0
2021-11-08 15:50:00,1940,1940,1940,1940,0
2021-11-08 15:51:00,1940,1940,1940,1940,0
2021-11-08 15:52:00,1940,1940,1940,1940,0
2021-11-08 15:53:00,1940,1940,1940,1940,0
2021-11-08 15:54:00,1940,1940,1940,1940,0
2021-11-08 15:55:00,1940,1940,1940,1940,0
2021-11-08 15:56:00,1940,1940,1940,1940,0
2021-11-08 15:57:00,1940,1940,1940,1940,0
2021-11-08 15:58:00,1940,1940,1940,1940,0
2021-11-08 15:59:00,1940,1940,1940,1940,0
2021-11-09 09:00:00,1940,1940,1940,1940,0
2021-11-09 09:01:00,1940,1940,1940,1940,0
2021-11-09 09:02:00,1940,1940,1940,1940,0
2021-11-09 09:03:00,1940,1940,1940,1940,0
2021-11-09 09:04:00,1940,1940,1940,1940,0
2021-11-09 09:05:00,1940,1940,1940,1940,0
2021-11-09 09:06:00,1940,1940,1940,1940,0
2021-11-09 09:07:00,1940,1940,1940,1940,0
2021-11-09 09:08:00,1940,1940,1940,1940,0
2021-11-09 09:09:00,1940,1940,1940,1940,0
2021-11-09 09:10:00,1940,1940,1940,1940,0
2021-11-09 09:11:00,1940,1940,1940,1940,0
2021-11-09 09:12:00,1940,1940,1940,1940,0
2021-11-09 09:13:00,1940,1940,1940,1940,0
2021-11-09 09:14:00,1940,1940,1940,1940,0
2021-11-09 09:15:00,1940,1940,1940,1940,0
2021-11-09 09:16:00,1940,1940,1940,1940,0
2021-11-09 09:17:00,1940,1940,1940,1940,0
2021-11-09 09:18:00,1940,1940,1940,1940,0
2021-11-09 09:19:00,1940,1940,1940,1940,0
2021-11-09 09:20:00,1940,1940,1940,1940,0
2021-11-09 09:21:00,1940,1940,1940,1940,0
2021-11-09 09:22:00,1940,1940,1940,1940,0
2021-11-09 09:23:00,1940,1940,1940,1940,0
2021-11-09 09:24:00,1940,1940,1940,1940,0
2021-11-09 09:25:00,1940,1940,1940,1940,0
2021-11-09 09:26:00,1940,1940,1940,1940,0
2021-11-09 09:27:00,1940,1940,1940,1940,0
2021-11-09 09:28:00,1940,1940,1940,1940,0
2021-11-09 09:29:00,1940,1940,1940,1940,0
2021-11-09 09:30:00,1940,1940,1940,1940,0
2021-11-09 09:31:00,1940,1940,1940,1940,0
2021-11-09 09:32:00,1940,1940,1940,1940,0
2021-11-09 09:33:00,1940,1940,1940,1940,0
2021-11-09 09:34:00,1940,1940,1940,1940,0
2021-11-09 09:35:00,1940,1940,1940,1940,0
2021-11-09 09:36:00,1940,1940,1940,1940,0
2021-11-09 09:37:00,1940,1940,1940,1940,0
2021-11-09 09:38:00,1940,1940,1940,1940,0
2021-11-09 09:39:00,1940,1940,1940,1940,0
2021-11-09 09:40:00,1940,1940,1940,1940,0
2021-11-09 09:41:00,1940,1940,1940,1940,0
2021-11-09 09:42:00,1940,1940,1940,1940,0
2021-11-09 09:43:00,1940,1940,1940,1940,0
2021-11-09 09:44:00,1940,1940,1940,1940,0
2021-11-09 09:45:00,1940,1940,1940,1940,0
2021-11-09 09:46:00,1940,1940,1940,1940,0
2021-11-09 09:47:00,1940,1940,1940,1940,0
2021-11-09 09:48:00,1940,1940,1940,1940,0
2021-11-09 09:49:00,1940,1940,1940,1940,0
2021-11-09 09:50:00,1940,1940,1940,1940,0
2021-11-09 09:51:00,1940,1940,1940,1940,0
2021-11-09 09:52:00,1940,1940,1940,1940,0
2021-11-09 09:53:00,1940,1940,1940,1940,0
2021-11-09 09:54:00,1940,1940,1940,1940,0
2021-11-09 09:55:00,1940,1940,1940,1940,0
2021-11-09 09:56:00,1940,1940,1940,1940,0
2021-11-09 09:57:00,1940,1940,1940,1940,0
2021-11-09 09:58:00,1940,1940,1940,1940,0
2021-11-09 09:59:00,1940,1940,1940,1940,0
2021-11-09 10:00:00,1940,1940,1940,1940,0
2021-11-09 10:01:00,1940,1940,1940,1940,0
2021-11-09 10:02:00,1940,1940,1940,1940,0
2021-11-09 10:03:00,1940,1940,1940,1940,0
2021-11-09 10:04:00,1940,1940,1940,1940,0
2021-11-09 10:05:00,1940,1940,1940,1940,0
2021-11-09 10:06:00,1940,1940,1940,1940,0
2021-11-09 10:07:00,1940,1940,1940,1940,0
2021-11-09 10:08:00,1940,1940,1940,1940,0
2021-11-09 10:09:00,1940,1940,1940,1940,0
2021-11-09 10:10:00,1940,1940,1940,1940,0
2021-11-09 10:11:00,1940,1940,1940,1940,0
2021-11-09 10:12:00,1940,1940,1940,1940,0
2021-11-09 10:13:00,1940,1940,1940,1940,0
2021-11-09 10:14:00,1940,1940,1940,1940,0
2021-11-09 10:15:00,1940,1940,1940,1940,0
2021-11-09 10:16:00,1940,1940,1940,1940,0
2021-11-09 10:17:00,1940,1940,1940,1940,0
2021-11-09 10:18:00,1940,1940,1940,1940,0
2021-11-09 10:19:00,1940,1940,1940,1940,0
2021-11-09 10:20:00,1940,1940,1940,1940,0
2021-11-09 10:21:00,1940,1940,1940,1940,0
2021-11-09 10:22:00,1940,1940,1940,1940,0
2021-11-09 10:23:00,1940,1940,1940,1940,0
2021-11-09 10:24:00,1940,1940,1940,1940,0
2021-11-09 10:25:00,1940,1940,1940,1940,0
2021-11-09 10:26:00,1940,1940,1940,1940,0
2021-11-09 10:27:00,1940,1940,1940,1940,0
2021-11-09 10:28:00,1940,1940,1940,1940,0
2021-11-09 10:29:00,1940,1940,1940,1940,0
2021-11-09 10:30:00,1940,1940,1940,1940,0
2021-11-09 10:31:00,1940,1940,1940,1940,0
2021-11-09 10:32:00,1940,1940,1940,1940,0
2021-11-09 10:33:00,1940,1940,1940,1940,0
2021-11-09 10:34:00,1940,1940,1940,1940,0
2021-11-09 10:35:00,1940,1940,1940,1940,0
2021-11-09 10:36:00,1940,1940,1940,1940,0
2021-11-09 10:37:00,1940,1940,1940,1940,0
2021-11-09 10:38:00,1940,1940,1940,1940,0
2021-11-09 10:39:00,1940,1940,1940,1940,0
2021-11-09 10:40:00,1940,1940,1940,1940,0
2021-11-09 10:41:00,1940,1940,1940,1940,0
2021-11-09 10:42:00,1940,1940,1940,1940,0
2021-11-09 10:43:00,1940,1940,1940,1940,0
2021-11-09 10:44:00,1940,1940,1940,1940,0
2021-11-09 10:45:00,1940,1940,1940,1940,0
2021-11-09 10:46:00,1940,1940,1940,1940,0
2021-11-09 10:47:00,1940,1940,1940,1940,0
2021-11-09 10:48:00,1940,1940,1940,1940,0
2021-11-09 10:49:00,1940,1940,1940,1940,0
2021-11-09 10:50:00,1940,1940,1940,1940,0
2021-11-09 10:51:00,1940,1940,1940,1940,0
2021-11-09 10:52:00,1940,1940,1940,1940,0
2021-11-09 10:53:00,1940,1940,1940,1940,0
2021-11-09 10:54:00,1940,1940,1940,1940,0
2021-11-09 10:55:00,1940,1940,1940,1940,0
2021-11-09 10:56:00,1940,1940,1940,1940,0
2021-11-09 10:57:00,1940,1940,1940,1940,0
2021-11-09 10:58:00,1940,1940,1940,1940,0
2021-11-09 10:59:00,1940,1940,1940,1940,0
2021-11-09 11:00:00,1940,1940,1940,1940,0
2021-11-09 11:01:00,1940,1940,1940,1940,0
2021-11-09 11:02:00,1940,1940,1940,1940,0
2021-11-09 11:03:00,1940,1940,1940,1940,0
2021-11-09 11:04:00,1940,1940,1940,1940,0
2021-11-09 11:05:00,1940,1940,1940,1940,0
2021-11-09 11:06:00,1940,1940,1940,1940,0
2021-11-09 11:07:00,1940,1940,1940,1940,0
2021-11-09 11:08:00,1940,1940,1940,1940,0
2021-11-09 11:09:00,1940,1940,1940,1940,0
2021-11-09 11:10:00,1940,1940,1940,1940,0
2021-11-09 11:11:00,1940,1940,1940,1940,0
2021-11-09 11:12:00,1940,1940,1940,1940,0
2021-11-09 11:13:00,1940,1940,1940,1940,0
2021-11-09 11:14:00,1940,1940,1940,1940,0
2021-11-09 11:15:00,1940,1940,1940,1940,0
2021-11-09 11:16:00,1940,1940,1940,1940,0
2021-11-09 11:17:00,1940,1940,1940,1940,0
2021-11-09 11:18:00,1940,1940,1940,1940,0
2021-11-09 11:19:00,1940,1940,1940,1940,0
2021-11-09 11:20:00,1940,1940,1940,1940,0
2021-11-09 11:21:00,1940,1940,1940,1940,0
2021-11-09 11:22:00,1940,1940,1940,1940,0
2021-11-09 11:23:00,1940,1940,1940,1940,0
2021-11-09 11:24:00,1940,1940,1940,1940,0
2021-11-09 11:25:00,1940,1940,1940,1940,0
2021-11-09 11:26:00,1940,1940,1940,1940,0
2021-11-09 11:27:00,1940,1940,1940,1940,0
2021-11-09 11:28:00,1900,1900,1900,1900,100
2021-11-09 11:29:00,1900,1900,1900,1900,0
2021-11-09 11:30:00,1900,1900,1900,1900,0
2021-11-09 11:31:00,1900,1900,1900,1900,0
2021-11-09 11:32:00,1900,1900,1900,1900,0
2021-11-09 11:33:00,1900,1900,1900,1900,0
2021-11-09 11:34:00,1900,1900,1900,1900,0
2021-11-09 11:35:00,1900,1900,1900,1900,0
2021-11-09 11:36:00,1900,1900,1900,1900,0
2021-11-09 11:37:00,1900,1900,1900,1900,0
2021-11-09 11:38:00,1900,1900,1900,1900,0
2021-11-09 11:39:00,1900,1900,1900,1900,0
2021-11-09 11:40:00,1900,1900,1900,1900,0
2021-11-09 11:41:00,1900,1900,1900,1900,0
2021-11-09 11:42:00,1900,1900,1900,1900,0
2021-11-09 11:43:00,1900,1900,1900,1900,0
2021-11-09 11:44:00,1900,1900,1900,1900,0
2021-11-09 11:45:00,1900,1900,1900,1900,0
2021-11-09 11:46:00,1900,1900,1900,1900,0
2021-11-09 11:47:00,1900,1900,1900,1900,0
2021-11-09 11:48:00,1900,1900,1900,1900,0
2021-11-09 11:49:00,1900,1900,1900,1900,0
2021-11-09 11:50:00,1900,1900,1900,1900,0
2021-11-09 11:51:00,1900,1900,1900,1900,0
2021-11-09 11:52:00,1900,1900,1900,1900,0
2021-11-09 11:53:00,1900,1900,1900,1900,0
2021-11-09 11:54:00,1900,1900,1900,1900,0
2021-11-09 11:55:00,1900,1900,1900,1900,0
2021-11-09 11:56:00,1900,1900,1900,1900,0
2021-11-09 11:57:00,1900,1900,1900,1900,0
2021-11-09 11:58:00,1900,1900,1900,1900,0
2021-11-09 11:59:00,1900,1900,1900,1900,0
2021-11-09 12:00:00,1900,1900,1900,1900,0
2021-11-09 12:01:00,1900,1900,1900,1900,0
2021-11-09 12:02:00,1900,1900,1900,1900,0
2021-11-09 12:03:00,1900,1900,1900,1900,0
2021-11-09 12:04:00,1900,1900,1900,1900,0
2021-11-09 12:05:00,1900,1900,1900,1900,0
2021-11-09 12:06:00,1900,1900,1900,1900,0
2021-11-09 12:07:00,1900,1900,1900,1900,0
2021-11-09 12:08:00,1900,1900,1900,1900,0
2021-11-09 12:09:00,1900,1900,1900,1900,0
2021-11-09 12:10:00,1900,1900,1900,1900,0
2021-11-09 12:11:00,1900,1900,1900,1900,0
2021-11-09 12:12:00,1900,1900,1900,1900,0
2021-11-09 12:13:00,1900,1900,1900,1900,0
2021-11-09 12:14:00,1900,1900,1900,1900,0
2021-11-09 12:15:00,1900,1900,1900,1900,0
2021-11-09 12:16:00,1900,1900,1900,1900,0
2021-11-09 12:17:00,1900,1900,1900,1900,0
2021-11-09 12:18:00,1900,1900,1900,1900,0
2021-11-09 12:19:00,1900,1900,1900,1900,0
2021-11-09 12:20:00,1900,1900,1900,1900,0
2021-11-09 12:21:00,1900,1900,1900,1900,0
2021-11-09 12:22:00,1900,1900,1900,1900,0
2021-11-09 12:23:00,1900,1900,1900,1900,0
2021-11-09 12:24:00,1900,1900,1900,1900,0
2021-11-09 12:25:00,1900,1900,1900,1900,0
2021-11-09 12:26:00,1900,1900,1900,1900,0
2021-11-09 12:27:00,1900,1900,1900,1900,0
2021-11-09 12:28:00,1900,1900,1900,1900,0
2021-11-09 12:29:00,1900,1900,1900,1900,0
2021-11-09 12:30:00,1900,1900,1900,1900,0
2021-11-09 12:31:00,1900,1900,1900,1900,0
2021-11-09 12:32:00,1900,1900,1900,1900,0
2021-11-09 12:33:00,1900,1900,1900,1900,0
2021-11-09 12:34:00,1900,1900,1900,1900,0
2021-11-09 12:35:00,1900,1900,1900,1900,0
2021-11-09 12:36:00,1900,1900,1900,1900,0
2021-11-09 12:37:00,1900,1900,1900,1900,0
2021-11-09 12:38:00,1900,1900,1900,1900,0
2021-11-09 12:39:00,1900,1900,1900,1900,0
2021-11-09 12:40:00,1900,1900,1900,1900,0
2021-11-09 12:41:00,1900,1900,1900,1900,0
2021-11-09 12:42:00,1900,1900,1900,1900,0
2021-11-09 12:43:00,1900,1900,1900,1900,0
2021-11-09 12:44:00,1900,1900,1900,1900,0
2021-11-09 12:45:00,1900,1900,1900,1900,0
2021-11-09 12:46:00,1900,1900,1900,1900,0
2021-11-09 12:47:00,1900,1900,1900,1900,0
2021-11-09 12:48:00,1900,1900,1900,1900,0
2021-11-09 12:49:00,1900,1900,1900,1900,0
2021-11-09 12:50:00,1900,1900,1900,1900,0
2021-11-09 12:51:00,1900,1900,1900,1900,0
2021-11-09 12:52:00,1900,1900,1900,1900,0
2021-11-09 12:53:00,1900,1900,1900,1900,0
2021-11-09 12:54:00,1900,1900,1900,1900,0
2021-11-09 12:55:00,1900,1900,1900,1900,0
2021-11-09 12:56:00,1900,1900,1900,1900,0
2021-11-09 12:57:00,1900,1900,1900,1900,0
2021-11-09 12:58:00,1900,1900,1900,1900,0
2021-11-09 12:59:00,1900,1900,1900,1900,0
2021-11-09 13:00:00,1900,1900,1900,1900,0
2021-11-09 13:01:00,1900,1900,1900,1900,0
2021-11-09 13:02:00,1900,1900,1900,1900,0
2021-11-09 13:03:00,1900,1900,1900,1900,0
2021-11-09 13:04:00,1900,1900,1900,1900,0
2021-11-09 13:05:00,1900,1900,1900,1900,0
2021-11-09 13:06:00,1900,1900,1900,1900,0
2021-11-09 13:07:00,1900,1900,1900,1900,0
2021-11-09 13:08:00,1900,1900,1900,1900,0
2021-11-09 13:09:00,1900,1900,1900,1900,0
2021-11-09 13:10:00,1900,1900,1900,1900,0
2021-11-09 13:11:00,1900,1900,1900,1900,0
2021-11-09 13:12:00,1900,1900,1900,1900,0
2021-11-09 13:13:00,1900,1900,1900,1900,0
2021-11-09 13:14:00,1900,1900,1900,1900,0
2021-11-09 13:15:00,1900,1900,1900,1900,0
2021-11-09 13:16:00,1900,1900,1900,1900,0
2021-11-09 13:17:00,1900,1900,1900,1900,0
2021-11-09 13:18:00,1900,1900,1900,1900,0
2021-11-09 13:19:00,1900,1900,1900,1900,0
2021-11-09 13:20:00,1900,1900,1900,1900,0
2021-11-09 13:21:00,1900,1900,1900,1900,0
2021-11-09 13:22:00,1900,1900,1900,1900,0
2021-11-09 13:23:00,1900,1900,1900,1900,0
2021-11-09 13:24:00,1900,1900,1900,1900,0
2021-11-09 13:25:00,1900,1900,1900,1900,0
2021-11-09 13:26:00,1900,1900,1900,1900,0
2021-11-09 13:27:00,1900,1900,1900,1900,0
2021-11-09 13:28:00,1900,1900,1900,1900,0
2021-11-09 13:29:00,1900,1900,1900,1900,0
2021-11-09 13:30:00,1900,1900,1900,1900,0
2021-11-09 13:31:00,1900,1900,1900,1900,0
2021-11-09 13:32:00,1900,1900,1900,1900,0
2021-11-09 13:33:00,1900,1900,1900,1900,0
2021-11-09 13:34:00,1900,1900,1900,1900,0
2021-11-09 13:35:00,1900,1900,1900,1900,0
2021-11-09 13:36:00,1900,1900,1900,1900,0
2021-11-09 13:37:00,1900,1900,1900,1900,0
2021-11-09 13:38:00,1900,1900,1900,1900,0
2021-11-09 13:39:00,1900,1900,1900,1900,0
2021-11-09 13:40:00,1900,1900,1900,1900,0
2021-11-09 13:41:00,1900,1900,1900,1900,0
2021-11-09 13:42:00,1900,1900,1900,1900,0
2021-11-09 13:43:00,1900,1900,1900,1900,0
2021-11-09 13:44:00,1900,1900,1900,1900,0
2021-11-09 13:45:00,1900,1900,1900,1900,0
2021-11-09 13:46:00,1900,1900,1900,1900,0
2021-11-09 13:47:00,1900,1900,1900,1900,0
2021-11-09 13:48:00,1900,1900,1900,1900,0
2021-11-09 13:49:00,1900,1900,1900,1900,0
2021-11-09 13:50:00,1900,1900,1900,1900,0
2021-11-09 13:51:00,1900,1900,1900,1900,0
2021-11-09 13:52:00,1900,1900,1900,1900,0
2021-11-09 13:53:00,1900,1900,1900,1900,0
2021-11-09 13:54:00,1900,1900,1900,1900,0
2021-11-09 13:55:00,1900,1900,1900,1900,0
2021-11-09 13:56:00,1900,1900,1900,1900,0
2021-11-09 13:57:00,1900,1900,1900,1900,0
2021-11-09 13:58:00,1900,1900,1900,1900,0
2021-11-09 13:59:00,1900,1900,1900,1900,0
2021-11-09 14:00:00,1900,1900,1900,1900,0
2021-11-09 14:01:00,1900,1900,1900,1900,0
2021-11-09 14:02:00,1900,1900,1900,1900,0
2021-11-09 14:03:00,1900,1900,1900,1900,0
2021-11-09 14:04:00,1900,1900,1900,1900,0
2021-11-09 14:05:00,1900,1900,1900,1900,0
2021-11-09 14:06:00,1900,1900,1900,1900,0
2021-11-09 14:07:00,1900,1900,1900,1900,0
2021-11-09 14:08:00,1900,1900,1900,1900,0
2021-11-09 14:09:00,1900,1900,1900,1900,0
2021-11-09 14:10:00,1900,1900,1900,1900,0
2021-11-09 14:11:00,1900,1900,1900,1900,0
2021-11-09 14:12:00,1900,1900,1900,1900,0
2021-11-09 14:13:00,1900,1900,1900,1900,0
2021-11-09 14:14:00,1900,1900,1900,1900,0
2021-11-09 14:15:00,1900,1900,1900,1900,0
2021-11-09 14:16:00,1900,1900,1900,1900,0
2021-11-09 14:17:00,1900,1900,1900,1900,0
2021-11-09 14:18:00,1900,1900,1900,1900,0
2021-11-09 14:19:00,1900,1900,1900,1900,0
2021-11-09 14:20:00,1900,1900,1900,1900,0
2021-11-09 14:21:00,1900,1900,1900,1900,0
2021-11-09 14:22:00,1900,1900,1900,1900,0
2021-11-09 14:23:00,1900,1900,1900,1900,0
2021-11-09 14:24:00,1900,1900,1900,1900,0
2021-11-09 14:25:00,1900,1900,1900,1900,0
2021-11-09 14:26:00,1900,1900,1900,1900,0
2021-11-09 14:27:00,1900,1900,1900,1900,0
2021-11-09 14:28:00,1900,1900,1900,1900,0
2021-11-09 14:29:00,1900,1900,1900,1900,0
2021-11-09 14:30:00,1900,1900,1900,1900,0
2021-11-09 14:31:00,1900,1900,1900,1900,0
2021-11-09 14:32:00,1900,1900,1900,1900,0
2021-11-09 14:33:00,1900,1900,1900,1900,0
2021-11-09 14:34:00,1900,1900,1900,1900,0
2021-11-09 14:35:00,1900,1900,1900,1900,0
2021-11-09 14:36:00,1900,1900,1900,1900,0
2021-11-09 14:37:00,1900,1900,1900,1900,0
2021-11-09 14:38:00,1900,1900,1900,1900,0
2021-11-09 14:39:00,1900,1900,1900,1900,0
2021-11-09 14:40:00,1900,1900,1900,1900,0
2021-11-09 14:41:00,1900,1900,1900,1900,0
2021-11-09 14:42:00,1900,1900,1900,1900,0
2021-11-09 14:43:00,1900,1900,1900,1900,0
2021-11-09 14:44:00,1900,1900,1900,1900,0
2021-11-09 14:45:00,1900,1900,1900,1900,0
2021-11-09 14:46:00,1900,1900,1900,1900,0
2021-11-09 14:47:00,1900,1900,1900,1900,0
2021-11-09 14:48:00,1900,1900,1900,1900,0
2021-11-09 14:49:00,1900,1900,1900,1900,0
2021-11-09 14:50:00,1900,1900,1900,1900,0
2021-11-09 14:51:00,1900,1900,1900,1900,0
2021-11-09 14:52:00,1900,1900,1900,1900,0
2021-11-09 14:53:00,1900,1900,1900,1900,0
2021-11-09 14:54:00,1900,1900,1900,1900,0
2021-11-09 14:55:00,1900,1900,1900,1900,0
2021-11-09 14:56:00,1900,1900,1900,1900,0
2021-11-09 14:57:00,1900,1900,1900,1900,0
2021-11-09 14:58:00,1900,1900,1900,1900,0
2021-11-09 14:59:00,1900,1900,1900,1900,0
2021-11-09 15:00:00,1900,1900,1900,1900,0
2021-11-09 15:01:00,1900,1900,1900,1900,0
2021-11-09 15:02:00,1900,1900,1900,1900,0
2021-11-09 15:03:00,1900,1900,1900,1900,0
2021-11-09 15:04:00,1900,1900,1900,1900,0
2021-11-09 15:05:00,1900,1900,1900,1900,0
2021-11-09 15:06:00,1900,1900,1900,1900,0
2021-11-09 15:07:00,1900,1900,1900,1900,0
2021-11-09 15:08:00,1900,1900,1900,1900,0
2021-11-09 15:09:00,1900,1900,1900,1900,0
2021-11-09 15:10:00,1900,1900,1900,1900,0
2021-11-09 15:11:00,1900,1900,1900,1900,0
2021-11-09 15:12:00,1900,1900,1900,1900,0
2021-11-09 15:13:00,1900,1900,1900,1900,0
2021-11-09 15:14:00,1900,1900,1900,1900,0
2021-11-09 15:15:00,1900,1900,1900,1900,0
2021-11-09 15:16:00,1900,1900,1900,1900,0
2021-11-09 15:17:00,1900,1900,1900,1900,0
2021-11-09 15:18:00,1900,1900,1900,1900,0
2021-11-09 15:19:00,1900,1900,1900,1900,0
2021-11-09 15:20:00,1900,1900,1900,1900,0
2021-11-09 15:21:00,1900,1900,1900,1900,0
2021-11-09 15:22:00,1900,1900,1900,1900,0
2021-11-09 15:23:00,1900,1900,1900,1900,0
2021-11-09 15:24:00,1900,1900,1900,1900,0
2021-11-09 15:25:00,1900,1900,1900,1900,0
2021-11-09 15:26:00,1900,1900,1900,1900,0
2021-11-09 15:27:00,1900,1900,1900,1900,0
2021-11-09 15:28:00,1900,1900,1900,1900,0
2021-11-09 15:29:00,1900,1900,1900,1900,0
2021-11-09 15:30:00,1900,1900,1900,1900,0
2021-11-09 15:31:00,1900,1900,1900,1900,0
2021-11-09 15:32:00,1900,1900,1900,1900,0
2021-11-09 15:33:00,1900,1900,1900,1900,0
2021-11-09 15:34:00,1900,1900,1900,1900,0
2021-11-09 15:35:00,1900,1900,1900,1900,0
2021-11-09 15:36:00,1900,1900,1900,1900,0
2021-11-09 15:37:00,1900,1900,1900,1900,0
2021-11-09 15:38:00,1900,1900,1900,1900,0
2021-11-09 15:39:00,1900,1900,1900,1900,0
2021-11-09 15:40:00,1900,1900,1900,1900,0
2021-11-09 15:41:00,1900,1900,1900,1900,0
2021-11-09 15:42:00,1900,1900,1900,1900,0
2021-11-09 15:43:00,1900,1900,1900,1900,0
2021-11-09 15:44:00,1900,1900,1900,1900,0
2021-11-09 15:45:00,1900,1900,1900,1900,0
2021-11-09 15:46:00,1900,1900,1900,1900,0
2021-11-09 15:47:00,1900,1900,1900,1900,0
2021-11-09 15:48:00,1900,1900,1900,1900,0
2021-11-09 15:49:00,1900,1900,1900,1900,0
2021-11-09 15:50:00,1900,1900,1900,1900,0
2021-11-09 15:51:00,1900,1900,1900,1900,0
2021-11-09 15:52:00,1900,1900,1900,1900,0
2021-11-09 15:53:00,1900,1900,1900,1900,0
2021-11-09 15:54:00,1900,1900,1900,1900,0
2021-11-09 15:55:00,1900,1900,1900,1900,0
2021-11-09 15:56:00,1900,1900,1900,1900,0
2021-11-09 15:57:00,1900,1900,1900,1900,0
2021-11-09 15:58:00,1900,1900,1900,1900,0
2021-11-09 15:59:00,1900,1900,1900,1900,0
2021-11-10 09:00:00,1900,1900,1900,1900,0
2021-11-10 09:01:00,1900,1900,1900,1900,0
2021-11-10 09:02:00,1900,1900,1900,1900,0
2021-11-10 09:03:00,1900,1900,1900,1900,0
2021-11-10 09:04:00,1900,1900,1900,1900,0
2021-11-10 09:05:00,1900,1900,1900,1900,0
2021-11-10 09:06:00,1900,1900,1900,1900,0
2021-11-10 09:07:00,1900,1900,1900,1900,0
2021-11-10 09:08:00,1900,1900,1900,1900,0
2021-11-10 09:09:00,1900,1900,1900,1900,0
2021-11-10 09:10:00,1900,1900,1900,1900,0
2021-11-10 09:11:00,1900,1900,1900,1900,0
2021-11-10 09:12:00,1900,1900,1900,1900,0
2021-11-10 09:13:00,1900,1900,1900,1900,0
2021-11-10 09:14:00,1900,1900,1900,1900,0
2021-11-10 09:15:00,1900,1900,1900,1900,0
2021-11-10 09:16:00,1900,1900,1900,1900,0
2021-11-10 09:17:00,1900,1900,1900,1900,0
2021-11-10 09:18:00,1900,1900,1900,1900,0
2021-11-10 09:19:00,1900,1900,1900,1900,0
2021-11-10 09:20:00,1900,1900,1900,1900,0
2021-11-10 09:21:00,1900,1900,1900,1900,0
2021-11-10 09:22:00,1900,1900,1900,1900,0
2021-11-10 09:23:00,1900,1900,1900,1900,0
2021-11-10 09:24:00,1900,1900,1900,1900,0
2021-11-10 09:25:00,1900,1900,1900,1900,0
2021-11-10 09:26:00,1900,1900,1900,1900,0
2021-11-10 09:27:00,1900,1900,1900,1900,0
2021-11-10 09:28:00,1900,1900,1900,1900,0
2021-11-10 09:29:00,1900,1900,1900,1900,0
2021-11-10 09:30:00,1900,1900,1900,1900,0
2021-11-10 09:31:00,1900,1900,1900,1900,0
2021-11-10 09:32:00,1900,1900,1900,1900,0
2021-11-10 09:33:00,1900,1900,1900,1900,0
2021-11-10 09:34:00,1900,1900,1900,1900,0
2021-11-10 09:35:00,1900,1900,1900,1900,0
2021-11-10 09:36:00,1900,1900,1900,1900,0
2021-11-10 09:37:00,1900,1900,1900,1900,0
2021-11-10 09:38:00,1900,1900,1900,1900,0
2021-11-10 09:39:00,1900,1900,1900,1900,0
2021-11-10 09:40:00,1900,1900,1900,1900,0
2021-11-10 09:41:00,1900,1900,1900,1900,0
2021-11-10 09:42:00,1900,1900,1900,1900,0
2021-11-10 09:43:00,1900,1900,1900,1900,0
2021-11-10 09:44:00,1900,1900,1900,1900,0
2021-11-10 09:45:00,1900,1900,1900,1900,0
2021-11-10 09:46:00,1900,1900,1900,1900,0
2021-11-10 09:47:00,1900,1900,1900,1900,0
2021-11-10 09:48:00,1900,1900,1900,1900,0
2021-11-10 09:49:00,1900,1900,1900,1900,0
2021-11-10 09:50:00,1900,1900,1900,1900,0
2021-11-10 09:51:00,1900,1900,1900,1900,0
2021-11-10 09:52:00,1900,1900,1900,1900,0
2021-11-10 09:53:00,1900,1900,1900,1900,0
2021-11-10 09:54:00,1900,1900,1900,1900,0
2021-11-10 09:55:00,1900,1900,1900,1900,0
2021-11-10 09:56:00,1900,1900,1900,1900,0
2021-11-10 09:57:00,1900,1900,1900,1900,0
2021-11-10 09:58:00,1900,1900,1900,1900,0
2021-11-10 09:59:00,1900,1900,1900,1900,0
2021-11-10 10:00:00,1900,1900,1900,1900,0
2021-11-10 10:01:00,1900,1900,1900,1900,0
2021-11-10 10:02:00,1900,1900,1900,1900,0
2021-11-10 10:03:00,1900,1900,1900,1900,0
2021-11-10 10:04:00,1900,1900,1900,1900,0
2021-11-10 10:05:00,1900,1900,1900,1900,0
2021-11-10 10:06:00,1900,1900,1900,1900,0
2021-11-10 10:07:00,1900,1900,1900,1900,0
2021-11-10 10:08:00,1900,1900,1900,1900,0
2021-11-10 10:09:00,1900,1900,1900,1900,0
2021-11-10 10:10:00,1900,1900,1900,1900,0
2021-11-10 10:11:00,1900,1900,1900,1900,0
2021-11-10 10:12:00,1900,1900,1900,1900,0
2021-11-10 10:13:00,1900,1900,1900,1900,0
2021-11-10 10:14:00,1900,1900,1900,1900,0
2021-11-10 10:15:00,1900,1900,1900,1900,0
2021-11-10 10:16:00,1900,1900,1900,1900,0
2021-11-10 10:17:00,1900,1900,1900,1900,0
2021-11-10 10:18:00,1900,1900,1900,1900,0
2021-11-10 10:19:00,1900,1900,1900,1900,0
2021-11-10 10:20:00,1900,1900,1900,1900,0
2021-11-10 10:21:00,1900,1900,1900,1900,0
2021-11-10 10:22:00,1900,1900,1900,1900,0
2021-11-10 10:23:00,1900,1900,1900,1900,0
2021-11-10 10:24:00,1900,1900,1900,1900,0
2021-11-10 10:25:00,1900,1900,1900,1900,0
2021-11-10 10:26:00,1900,1900,1900,1900,0
2021-11-10 10:27:00,1900,1900,1900,1900,0
2021-11-10 10:28:00,1900,1900,1900,1900,0
2021-11-10 10:29:00,1900,1900,1900,1900,0
2021-11-10 10:30:00,1900,1900,1900,1900,0
2021-11-10 10:31:00,1900,1900,1900,1900,0
2021-11-10 10:32:00,1900,1900,1900,1900,0
2021-11-10 10:33:00,1900,1900,1900,1900,0
2021-11-10 10:34:00,1900,1900,1900,1900,0
2021-11-10 10:35:00,1900,1900,1900,1900,0
2021-11-10 10:36:00,1900,1900,1900,1900,0
2021-11-10 10:37:00,1900,1900,1900,1900,0
2021-11-10 10:38:00,1900,1900,1900,1900,0
2021-11-10 10:39:00,1900,1900,1900,1900,0
2021-11-10 10:40:00,1900,1900,1900,1900,0
2021-11-10 10:41:00,1900,1900,1900,1900,0
2021-11-10 10:42:00,1900,1900,1900,1900,0
2021-11-10 10:43:00,1900,1900,1900,1900,0
2021-11-10 10:44:00,1900,1900,1900,1900,0
2021-11-10 10:45:00,1900,1900,1900,1900,0
2021-11-10 10:46:00,1900,1900,1900,1900,0
2021-11-10 10:47:00,1900,1900,1900,1900,0
2021-11-10 10:48:00,1900,1900,1900,1900,0
2021-11-10 10:49:00,1900,1900,1900,1900,0
2021-11-10 10:50:00,1900,1900,1900,1900,0
2021-11-10 10:51:00,1900,1900,1900,1900,0
2021-11-10 10:52:00,1900,1900,1900,1900,0
2021-11-10 10:53:00,1900,1900,1900,1900,0
2021-11-10 10:54:00,1900,1900,1900,1900,0
2021-11-10 10:55:00,1900,1900,1900,1900,0
2021-11-10 10:56:00,1900,1900,1900,1900,0
2021-11-10 10:57:00,1900,1900,1900,1900,0
2021-11-10 10:58:00,1900,1900,1900,1900,0
2021-11-10 10:59:00,1900,1900,1900,1900,0
2021-11-10 11:00:00,1900,1900,1900,1900,0
2021-11-10 11:01:00,1900,1900,1900,1900,0
2021-11-10 11:02:00,1900,1900,1900,1900,0
2021-11-10 11:03:00,1900,1900,1900,1900,0
2021-11-10 11:04:00,1900,1900,1900,1900,0
2021-11-10 11:05:00,1900,1900,1900,1900,0
2021-11-10 11:06:00,1900,1900,1900,1900,0
2021-11-10 11:07:00,1900,1900,1900,1900,0
2021-11-10 11:08:00,1900,1900,1900,1900,0
2021-11-10 11:09:00,1900,1900,1900,1900,0
2021-11-10 11:10:00,1900,1900,1900,1900,0
2021-11-10 11:11:00,1900,1900,1900,1900,0
2021-11-10 11:12:00,1900,1900,1900,1900,0
2021-11-10 11:13:00,1900,1900,1900,1900,0
2021-11-10 11:14:00,1900,1900,1900,1900,0
2021-11-10 11:15:00,1900,1900,1900,1900,0
2021-11-10 11:16:00,1900,1900,1900,1900,0
2021-11-10 11:17:00,1900,1900,1900,1900,0
2021-11-10 11:18:00,1900,1900,1900,1900,0
2021-11-10 11:19:00,1900,1900,1900,1900,0
2021-11-10 11:20:00,1900,1900,1900,1900,0
2021-11-10 11:21:00,1900,1900,1900,1900,0
2021-11-10 11:22:00,1900,1900,1900,1900,0
2021-11-10 11:23:00,1900,1900,1900,1900,0
2021-11-10 11:24:00,1900,1900,1900,1900,0
2021-11-10 11:25:00,1900,1900,1900,1900,0
2021-11-10 11:26:00,1900,1900,1900,1900,0
2021-11-10 11:27:00,1900,1900,1900,1900,0
2021-11-10 11:28:00,1900,1900,1900,1900,0
2021-11-10 11:29:00,1900,1900,1900,1900,0
2021-11-10 11:30:00,1900,1900,1900,1900,0
2021-11-10 11:31:00,1900,1900,1900,1900,0
2021-11-10 11:32:00,1900,1900,1900,1900,0
2021-11-10 11:33:00,1900,1900,1900,1900,0
2021-11-10 11:34:00,1900,1900,1900,1900,0
2021-11-10 11:35:00,1900,1900,1900,1900,0
2021-11-10 11:36:00,1900,1900,1900,1900,0
2021-11-10 11:37:00,1900,1900,1900,1900,0
2021-11-10 11:38:00,1900,1900,1900,1900,0
2021-11-10 11:39:00,1900,1900,1900,1900,0
2021-11-10 11:40:00,1900,1900,1900,1900,0
2021-11-10 11:41:00,1900,1900,1900,1900,0
2021-11-10 11:42:00,1900,1900,1900,1900,0
2021-11-10 11:43:00,1900,1900,1900,1900,0
2021-11-10 11:44:00,1900,1900,1900,1900,0
2021-11-10 11:45:00,1900,1900,1900,1900,0
2021-11-10 11:46:00,1900,1900,1900,1900,0
2021-11-10 11:47:00,1900,1900,1900,1900,0
2021-11-10 11:48:00,1900,1900,1900,1900,0
2021-11-10 11:49:00,1900,1900,1900,1900,0
2021-11-10 11:50:00,1900,1900,1900,1900,0
2021-11-10 11:51:00,1900,1900,1900,1900,0
2021-11-10 11:52:00,1900,1900,1900,1900,0
2021-11-10 11:53:00,1900,1900,1900,1900,0
2021-11-10 11:54:00,1900,1900,1900,1900,0
2021-11-10 11:55:00,1900,1900,1900,1900,0
2021-11-10 11:56:00,1900,1900,1900,1900,0
2021-11-10 11:57:00,1900,1900,1900,1900,0
2021-11-10 11:58:00,1900,1900,1900,1900,0
2021-11-10 11:59:00,1900,1900,1900,1900,0
2021-11-10 12:00:00,1900,1900,1900,1900,0
2021-11-10 12:01:00,1900,1900,1900,1900,0
2021-11-10 12:02:00,1900,1900,1900,1900,0
2021-11-10 12:03:00,1900,1900,1900,1900,0
2021-11-10 12:04:00,1900,1900,1900,1900,0
2021-11-10 12:05:00,1900,1900,1900,1900,0
2021-11-10 12:06:00,1900,1900,1900,1900,0
2021-11-10 12:07:00,1900,1900,1900,1900,0
2021-11-10 12:08:00,1900,1900,1900,1900,0
2021-11-10 12:09:00,1900,1900,1900,1900,0
2021-11-10 12:10:00,1900,1900,1900,1900,0
2021-11-10 12:11:00,1900,1900,1900,1900,0
2021-11-10 12:12:00,1900,1900,1900,1900,0
2021-11-10 12:13:00,1900,1900,1900,1900,0
2021-11-10 12:14:00,1900,1900,1900,1900,0
2021-11-10 12:15:00,1900,1900,1900,1900,0
2021-11-10 12:16:00,1900,1900,1900,1900,0
2021-11-10 12:17:00,1900,1900,1900,1900,0
2021-11-10 12:18:00,1900,1900,1900,1900,0
2021-11-10 12:19:00,1900,1900,1900,1900,0
2021-11-10 12:20:00,1900,1900,1900,1900,0
2021-11-10 12:21:00,1900,1900,1900,1900,0
2021-11-10 12:22:00,1900,1900,1900,1900,0
2021-11-10 12:23:00,1900,1900,1900,1900,0
2021-11-10 12:24:00,1900,1900,1900,1900,0
2021-11-10 12:25:00,1900,1900,1900,1900,0
2021-11-10 12:26:00,1900,1900,1900,1900,0
2021-11-10 12:27:00,1900,1900,1900,1900,0
2021-11-10 12:28:00,1900,1900,1900,1900,0
2021-11-10 12:29:00,1900,1900,1900,1900,0
2021-11-10 12:30:00,1900,1900,1900,1900,0
2021-11-10 12:31:00,1900,1900,1900,1900,0
2021-11-10 12:32:00,1900,1900,1900,1900,0
2021-11-10 12:33:00,1900,1900,1900,1900,0
2021-11-10 12:34:00,1900,1900,1900,1900,0
2021-11-10 12:35:00,1900,1900,1900,1900,0
2021-11-10 12:36:00,1900,1900,1900,1900,0
2021-11-10 12:37:00,1900,1900,1900,1900,0
2021-11-10 12:38:00,1900,1900,1900,1900,0
2021-11-10 12:39:00,1900,1900,1900,1900,0
2021-11-10 12:40:00,1900,1900,1900,1900,0
2021-11-10 12:41:00,1900,1900,1900,1900,0
2021-11-10 12:42:00,1900,1900,1900,1900,0
2021-11-10 12:43:00,1900,1900,1900,1900,0
2021-11-10 12:44:00,1900,1900,1900,1900,0
2021-11-10 12:45:00,1900,1900,1900,1900,0
2021-11-10 12:46:00,1900,1900,1900,1900,0
2021-11-10 12:47:00,1900,1900,1900,1900,0
2021-11-10 12:48:00,1900,1900,1900,1900,0
2021-11-10 12:49:00,1900,1900,1900,1900,0
2021-11-10 12:50:00,1900,1900,1900,1900,0
2021-11-10 12:51:00,1900,1900,1900,1900,0
2021-11-10 12:52:00,1900,1900,1900,1900,0
2021-11-10 12:53:00,1900,1900,1900,1900,0
2021-11-10 12:54:00,1900,1900,1900,1900,0
2021-11-10 12:55:00,1900,1900,1900,1900,0
2021-11-10 12:56:00,1900,1900,1900,1900,0
2021-11-10 12:57:00,1900,1900,1900,1900,0
2021-11-10 12:58:00,1900,1900,1900,1900,0
2021-11-10 12:59:00,1900,1900,1900,1900,0
2021-11-10 13:00:00,1900,1900,1900,1900,0
2021-11-10 13:01:00,1900,1900,1900,1900,0
2021-11-10 13:02:00,1900,1900,1900,1900,0
2021-11-10 13:03:00,1900,1900,1900,1900,0
2021-11-10 13:04:00,1900,1900,1900,1900,0
2021-11-10 13:05:00,1900,1900,1900,1900,0
2021-11-10 13:06:00,1900,1900,1900,1900,0
2021-11-10 13:07:00,1900,1900,1900,1900,0
2021-11-10 13:08:00,1900,1900,1900,1900,0
2021-11-10 13:09:00,1900,1900,1900,1900,0
2021-11-10 13:10:00,1900,1900,1900,1900,0
2021-11-10 13:11:00,1900,1900,1900,1900,0
2021-11-10 13:12:00,1900,1900,1900,1900,0
2021-11-10 13:13:00,1900,1900,1900,1900,0
2021-11-10 13:14:00,1900,1900,1900,1900,0
2021-11-10 13:15:00,1900,1900,1900,1900,0
2021-11-10 13:16:00,1900,1900,1900,1900,0
2021-11-10 13:17:00,1900,1900,1900,1900,0
2021-11-10 13:18:00,1900,1900,1900,1900,0
2021-11-10 13:19:00,1900,1900,1900,1900,0
2021-11-10 13:20:00,1900,1900,1900,1900,0
2021-11-10 13:21:00,1900,1900,1900,1900,0
2021-11-10 13:22:00,1900,1900,1900,1900,0
2021-11-10 13:23:00,1900,1900,1900,1900,0
2021-11-10 13:24:00,1900,1900,1900,1900,0
2021-11-10 13:25:00,1900,1900,1900,1900,0
2021-11-10 13:26:00,1900,1900,1900,1900,0
2021-11-10 13:27:00,1900,1900,1900,1900,0
2021-11-10 13:28:00,1900,1900,1900,1900,0
2021-11-10 13:29:00,1900,1900,1900,1900,0
2021-11-10 13:30:00,1900,1900,1900,1900,0
2021-11-10 13:31:00,1900,1900,1900,1900,0
2021-11-10 13:32:00,1900,1900,1900,1900,0
2021-11-10 13:33:00,1900,1900,1900,1900,0
2021-11-10 13:34:00,1900,1900,1900,1900,0
2021-11-10 13:35:00,1900,1900,1900,1900,0
2021-11-10 13:36:00,1900,1900,1900,1900,0
2021-11-10 13:37:00,1900,1900,1900,1900,0
2021-11-10 13:38:00,1900,1900,1900,1900,0
2021-11-10 13:39:00,1900,1900,1900,1900,0
2021-11-10 13:40:00,1900,1900,1900,1900,0
2021-11-10 13:41:00,1900,1900,1900,1900,0
2021-11-10 13:42:00,1900,1900,1900,1900,0
2021-11-10 13:43:00,1900,1900,1900,1900,0
2021-11-10 13:44:00,1900,1900,1900,1900,0
2021-11-10 13:45:00,1900,1900,1900,1900,0
2021-11-10 13:46:00,1900,1900,1900,1900,0
2021-11-10 13:47:00,1900,1900,1900,1900,0
2021-11-10 13:48:00,1900,1900,1900,1900,0
2021-11-10 13:49:00,1900,1900,1900,1900,0
2021-11-10 13:50:00,1900,1900,1900,1900,0
2021-11-10 13:51:00,1900,1900,1900,1900,0
2021-11-10 13:52:00,1900,1900,1900,1900,0
2021-11-10 13:53:00,1900,1900,1900,1900,0
2021-11-10 13:54:00,1900,1900,1900,1900,0
2021-11-10 13:55:00,1900,1900,1900,1900,0
2021-11-10 13:56:00,1900,1900,1900,1900,0
2021-11-10 13:57:00,1900,1900,1900,1900,0
2021-11-10 13:58:00,1900,1900,1900,1900,0
2021-11-10 13:59:00,1900,1900,1900,1900,0
2021-11-10 14:00:00,1900,1900,1900,1900,0
2021-11-10 14:01:00,1900,1900,1900,1900,0
2021-11-10 14:02:00,1900,1900,1900,1900,0
2021-11-10 14:03:00,1900,1900,1900,1900,0
2021-11-10 14:04:00,1900,1900,1900,1900,0
2021-11-10 14:05:00,1900,1900,1900,1900,0
2021-11-10 14:06:00,1900,1900,1900,1900,0
2021-11-10 14:07:00,1900,1900,1900,1900,0
2021-11-10 14:08:00,1900,1900,1900,1900,0
2021-11-10 14:09:00,1900,1900,1900,1900,0
2021-11-10 14:10:00,1900,1900,1900,1900,0
2021-11-10 14:11:00,1900,1900,1900,1900,0
2021-11-10 14:12:00,1900,1900,1900,1900,0
2021-11-10 14:13:00,1900,1900,1900,1900,0
2021-11-10 14:14:00,1900,1900,1900,1900,0
2021-11-10 14:15:00,1900,1900,1900,1900,0
2021-11-10 14:16:00,1900,1900,1900,1900,0
2021-11-10 14:17:00,1900,1900,1900,1900,0
2021-11-10 14:18:00,1900,1900,1900,1900,0
2021-11-10 14:19:00,1900,1900,1900,1900,0
2021-11-10 14:20:00,1900,1900,1900,1900,0
2021-11-10 14:21:00,1900,1900,1900,1900,0
2021-11-10 14:22:00,1900,1900,1900,1900,0
2021-11-10 14:23:00,1900,1900,1900,1900,0
2021-11-10 14:24:00,1900,1900,1900,1900,0
2021-11-10 14:25:00,1900,1900,1900,1900,0
2021-11-10 14:26:00,1900,1900,1900,1900,0
2021-11-10 14:27:00,1900,1900,1900,1900,0
2021-11-10 14:28:00,1900,1900,1900,1900,0
2021-11-10 14:29:00,1900,1900,1900,1900,0
2021-11-10 14:30:00,1900,1900,1900,1900,0
2021-11-10 14:31:00,1900,1900,1900,1900,0
2021-11-10 14:32:00,1900,1900,1900,1900,0
2021-11-10 14:33:00,1900,1900,1900,1900,0
2021-11-10 14:34:00,1900,1900,1900,1900,0
2021-11-10 14:35:00,1900,1900,1900,1900,0
2021-11-10 14:36:00,1900,1900,1900,1900,0
2021-11-10 14:37:00,1900,1900,1900,1900,0
2021-11-10 14:38:00,1900,1900,1900,1900,0
2021-11-10 14:39:00,1900,1900,1900,1900,0
2021-11-10 14:40:00,1900,1900,1900,1900,0
2021-11-10 14:41:00,1900,1900,1900,1900,0
2021-11-10 14:42:00,1900,1900,1900,1900,0
2021-11-10 14:43:00,1900,1900,1900,1900,0
2021-11-10 14:44:00,1900,1900,1900,1900,0
2021-11-10 14:45:00,1900,1900,1900,1900,0
2021-11-10 14:46:00,1900,1900,1900,1900,0
2021-11-10 14:47:00,1900,1900,1900,1900,0
2021-11-10 14:48:00,1900,1900,1900,1900,0
2021-11-10 14:49:00,1900,1900,1900,1900,0
2021-11-10 14:50:00,1900,1900,1900,1900,0
2021-11-10 14:51:00,1900,1900,1900,1900,0
2021-11-10 14:52:00,1900,1900,1900,1900,0
2021-11-10 14:53:00,1900,1900,1900,1900,0
2021-11-10 14:54:00,1900,1900,1900,1900,0
2021-11-10 14:55:00,1900,1900,1900,1900,0
2021-11-10 14:56:00,1900,1900,1900,1900,0
2021-11-10 14:57:00,1900,1900,1900,1900,0
2021-11-10 14:58:00,1900,1900,1900,1900,0
2021-11-10 14:59:00,1900,1900,1900,1900,0
2021-11-10 15:00:00,1900,1900,1900,1900,0
2021-11-10 15:01:00,1900,1900,1900,1900,0
2021-11-10 15:02:00,1900,1900,1900,1900,0
2021-11-10 15:03:00,1900,1900,1900,1900,0
2021-11-10 15:04:00,1900,1900,1900,1900,0
2021-11-10 15:05:00,1900,1900,1900,1900,0
2021-11-10 15:06:00,1900,1900,1900,1900,0
2021-11-10 15:07:00,1900,1900,1900,1900,0
2021-11-10 15:08:00,1900,1900,1900,1900,0
2021-11-10 15:09:00,1900,1900,1900,1900,0
2021-11-10 15:10:00,1900,1900,1900,1900,0
2021-11-10 15:11:00,1900,1900,1900,1900,0
2021-11-10 15:12:00,1900,1900,1900,1900,0
2021-11-10 15:13:00,1900,1900,1900,1900,0
2021-11-10 15:14:00,1900,1900,1900,1900,0
2021-11-10 15:15:00,1900,1900,1900,1900,0
2021-11-10 15:16:00,1900,1900,1900,1900,0
2021-11-10 15:17:00,1900,1900,1900,1900,0
2021-11-10 15:18:00,1900,1900,1900,1900,0
2021-11-10 15:19:00,1900,1900,1900,1900,0
2021-11-10 15:20:00,1900,1900,1900,1900,0
2021-11-10 15:21:00,1900,1900,1900,1900,0
2021-11-10 15:22:00,1900,1900,1900,1900,0
2021-11-10 15:23:00,1900,1900,1900,1900,0
2021-11-10 15:24:00,1900,1900,1900,1900,0
2021-11-10 15:25:00,1900,1900,1900,1900,0
2021-11-10 15:26:00,1900,1900,1900,1900,0
2021-11-10 15:27:00,1900,1900,1900,1900,0
2021-11-10 15:28:00,1900,1900,1900,1900,0
2021-11-10 15:29:00,1900,1900,1900,1900,0
2021-11-10 15:30:00,1900,1900,1900,1900,0
2021-11-10 15:31:00,1900,1900,1900,1900,0
2021-11-10 15:32:00,1900,1900,1900,1900,0
2021-11-10 15:33:00,1900,1900,1900,1900,0
2021-11-10 15:34:00,1900,1900,1900,1900,0
2021-11-10 15:35:00,1900,1900,1900,1900,0
2021-11-10 15:36:00,1900,1900,1900,1900,0
2021-11-10 15:37:00,1900,1900,1900,1900,0
2021-11-10 15:38:00,1900,1900,1900,1900,0
2021-11-10 15:39:00,1900,1900,1900,1900,0
2021-11-10 15:40:00,1900,1900,1900,1900,0
2021-11-10 15:41:00,1900,1900,1900,1900,0
2021-11-10 15:42:00,1900,1900,1900,1900,0
2021-11-10 15:43:00,1900,1900,1900,1900,0
2021-11-10 15:44:00,1900,1900,1900,1900,0
2021-11-10 15:45:00,1900,1900,1900,1900,0
2021-11-10 15:46:00,1900,1900,1900,1900,0
2021-11-10 15:47:00,1900,1900,1900,1900,0
2021-11-10 15:48:00,1900,1900,1900,1900,0
2021-11-10 15:49:00,1900,1900,1900,1900,0
2021-11-10 15:50:00,1900,1900,1900,1900,0
2021-11-10 15:51:00,1900,1900,1900,1900,0
2021-11-10 15:52:00,1900,1900,1900,1900,0
2021-11-10 15:53:00,1900,1900,1900,1900,0
2021-11-10 15:54:00,1900,1900,1900,1900,0
2021-11-10 15:55:00,1900,1900,1900,1900,0
2021-11-10 15:56:00,1900,1900,1900,1900,0
2021-11-10 15:57:00,1900,1900,1900,1900,0
2021-11-10 15:58:00,1900,1900,1900,1900,0
2021-11-10 15:59:00,1900,1900,1900,1900,0
2021-11-11 09:00:00,1900,1900,1900,1900,0
2021-11-11 09:01:00,1900,1900,1900,1900,0
2021-11-11 09:02:00,1900,1900,1900,1900,0
2021-11-11 09:03:00,1900,1900,1900,1900,0
2021-11-11 09:04:00,1900,1900,1900,1900,0
2021-11-11 09:05:00,1900,1900,1900,1900,0
2021-11-11 09:06:00,1900,1900,1900,1900,0
2021-11-11 09:07:00,1900,1900,1900,1900,0
2021-11-11 09:08:00,1900,1900,1900,1900,0
2021-11-11 09:09:00,1900,1900,1900,1900,0
2021-11-11 09:10:00,1900,1900,1900,1900,0
2021-11-11 09:11:00,1900,1900,1900,1900,0
2021-11-11 09:12:00,1900,1900,1900,1900,0
2021-11-11 09:13:00,1900,1900,1900,1900,0
2021-11-11 09:14:00,1900,1900,1900,1900,0
2021-11-11 09:15:00,1900,1900,1900,1900,0
2021-11-11 09:16:00,1900,1900,1900,1900,0
2021-11-11 09:17:00,1900,1900,1900,1900,0
2021-11-11 09:18:00,1900,1900,1900,1900,0
2021-11-11 09:19:00,1900,1900,1900,1900,0
2021-11-11 09:20:00,1900,1900,1900,1900,0
2021-11-11 09:21:00,1900,1900,1900,1900,0
2021-11-11 09:22:00,1900,1900,1900,1900,0
2021-11-11 09:23:00,1900,1900,1900,1900,0
2021-11-11 09:24:00,1900,1900,1900,1900,0
2021-11-11 09:25:00,1900,1900,1900,1900,0
2021-11-11 09:26:00,1900,1900,1900,1900,0
2021-11-11 09:27:00,1900,1900,1900,1900,0
2021-11-11 09:28:00,1900,1900,1900,1900,0
2021-11-11 09:29:00,1900,1900,1900,1900,0
2021-11-11 09:30:00,1900,1900,1900,1900,0
2021-11-11 09:31:00,1950,1950,2000,2000,0
2021-11-11 09:32:00,1950,1950,2000,2000,0
2021-11-11 09:33:00,1950,1950,2000,2000,0
2021-11-11 09:34:00,1950,1950,2000,2000,0
2021-11-11 09:35:00,1950,1950,2000,2000,0
2021-11-11 09:36:00,1950,1950,2000,2000,0
2021-11-11 09:37:00,1950,1950,2000,2000,0
2021-11-11 09:38:00,1950,1950,2000,2000,0
2021-11-11 09:39:00,1950,1950,2000,2000,0
2021-11-11 09:40:00,1950,1950,2000,2000,0
2021-11-11 09:41:00,1950,1950,2000,2000,0
2021-11-11 09:42:00,1950,1950,2000,2000,0
2021-11-11 09:43:00,1950,1950,2000,2000,0
2021-11-11 09:44:00,1950,1950,2000,2000,0
2021-11-11 09:45:00,1950,1950,2000,2000,0
2021-11-11 09:46:00,1950,1950,2000,2000,0
2021-11-11 09:47:00,1950,1950,2000,2000,0
2021-11-11 09:48:00,1950,1950,2000,2000,0
2021-11-11 09:49:00,1950,1950,2000,2000,0
2021-11-11 09:50:00,1950,1950,2000,2000,0
2021-11-11 09:51:00,1950,1950,2000,2000,0
2021-11-11 09:52:00,1950,1950,2000,2000,0
2021-11-11 09:53:00,1950,1950,2000,2000,0
2021-11-11 09:54:00,1950,1950,2000,2000,0
2021-11-11 09:55:00,1950,1950,2000,2000,0
2021-11-11 09:56:00,1950,1950,2000,2000,0
2021-11-11 09:57:00,2000,2000,2000,2000,100
2021-11-11 09:58:00,2000,2000,2000,2000,0
2021-11-11 09:59:00,2000,2000,2000,2000,0
2021-11-11 10:00:00,2000,2000,2000,2000,0
2021-11-11 10:01:00,2000,2000,2000,2000,0
2021-11-11 10:02:00,2000,2000,2000,2000,0
2021-11-11 10:03:00,2000,2000,2000,2000,0
2021-11-11 10:04:00,2000,2000,2000,2000,0
2021-11-11 10:05:00,2000,2000,2000,2000,0
2021-11-11 10:06:00,2000,2000,2000,2000,0
2021-11-11 10:07:00,2000,2000,2000,2000,0
2021-11-11 10:08:00,2000,2000,2000,2000,0
2021-11-11 10:09:00,2000,2000,2000,2000,0
2021-11-11 10:10:00,2000,2000,2000,2000,0
2021-11-11 10:11:00,2000,2000,2000,2000,0
2021-11-11 10:12:00,2000,2000,2000,2000,0
2021-11-11 10:13:00,2000,2000,2000,2000,0
2021-11-11 10:14:00,2000,2000,2000,2000,0
2021-11-11 10:15:00,2000,2000,2000,2000,0
2021-11-11 10:16:00,2000,2000,2000,2000,0
2021-11-11 10:17:00,2000,2000,2000,2000,0
2021-11-11 10:18:00,2000,2000,2000,2000,0
2021-11-11 10:19:00,2000,2000,2000,2000,0
2021-11-11 10:20:00,2000,2000,2000,2000,0
2021-11-11 10:21:00,2000,2000,2000,2000,0
2021-11-11 10:22:00,2000,2000,2000,2000,0
2021-11-11 10:23:00,2000,2000,2000,2000,0
2021-11-11 10:24:00,2000,2000,2000,2000,0
2021-11-11 10:25:00,2000,2000,2000,2000,0
2021-11-11 10:26:00,2000,2000,2000,2000,0
2021-11-11 10:27:00,2000,2000,2000,2000,0
2021-11-11 10:28:00,2000,2000,2000,2000,0
2021-11-11 10:29:00,2000,2000,2000,2000,0
2021-11-11 10:30:00,2000,2000,2000,2000,0
2021-11-11 10:31:00,2000,2000,2000,2000,0
2021-11-11 10:32:00,2000,2000,2000,2000,0
2021-11-11 10:33:00,2000,2000,2000,2000,0
2021-11-11 10:34:00,2000,2000,2000,2000,0
2021-11-11 10:35:00,2000,2000,2000,2000,0
2021-11-11 10:36:00,2000,2000,2000,2000,0
2021-11-11 10:37:00,2000,2000,2000,2000,0
2021-11-11 10:38:00,2000,2000,2000,2000,0
2021-11-11 10:39:00,2000,2000,2000,2000,0
2021-11-11 10:40:00,2000,2000,2000,2000,0
2021-11-11 10:41:00,2000,2000,2000,2000,0
2021-11-11 10:42:00,2000,2000,2000,2000,0
2021-11-11 10:43:00,2000,2000,2000,2000,0
2021-11-11 10:44:00,2000,2000,2000,2000,0
2021-11-11 10:45:00,2000,2000,2000,2000,0
2021-11-11 10:46:00,2000,2000,2000,2000,0
2021-11-11 10:47:00,2000,2000,2000,2000,0
2021-11-11 10:48:00,2000,2000,2000,2000,0
2021-11-11 10:49:00,2000,2000,2000,2000,0
2021-11-11 10:50:00,2000,2000,2000,2000,0
2021-11-11 10:51:00,2000,2000,2000,2000,0
2021-11-11 10:52:00,2000,2000,2000,2000,0
2021-11-11 10:53:00,2000,2000,2000,2000,0
2021-11-11 10:54:00,2000,2000,2000,2000,0
2021-11-11 10:55:00,2000,2000,2000,2000,0
2021-11-11 10:56:00,2000,2000,2000,2000,0
2021-11-11 10:57:00,2000,2000,2000,2000,0
2021-11-11 10:58:00,2000,2000,2000,2000,0
2021-11-11 10:59:00,2000,2000,2000,2000,0
2021-11-11 11:00:00,2000,2000,2000,2000,0
2021-11-11 11:01:00,2000,2000,2000,2000,0
2021-11-11 11:02:00,2000,2000,2000,2000,0
2021-11-11 11:03:00,2000,2000,2000,2000,0
2021-11-11 11:04:00,2000,2000,2000,2000,0
2021-11-11 11:05:00,2000,2000,2000,2000,0
2021-11-11 11:06:00,2000,2000,2000,2000,0
2021-11-11 11:07:00,2000,2000,2000,2000,0
2021-11-11 11:08:00,2000,2000,2000,2000,0
2021-11-11 11:09:00,2000,2000,2000,2000,0
2021-11-11 11:10:00,2000,2000,2000,2000,0
2021-11-11 11:11:00,2000,2000,2000,2000,0
2021-11-11 11:12:00,2000,2000,2000,2000,0
2021-11-11 11:13:00,2000,2000,2000,2000,0
2021-11-11 11:14:00,2000,2000,2000,2000,0
2021-11-11 11:15:00,2000,2000,2000,2000,0
2021-11-11 11:16:00,2000,2000,2000,2000,0
2021-11-11 11:17:00,2000,2000,2000,2000,0
2021-11-11 11:18:00,2000,2000,2000,2000,0
2021-11-11 11:19:00,2000,2000,2000,2000,0
2021-11-11 11:20:00,2000,2000,2000,2000,0
2021-11-11 11:21:00,2000,2000,2000,2000,0
2021-11-11 11:22:00,2000,2000,2000,2000,0
2021-11-11 11:23:00,2000,2000,2000,2000,0
2021-11-11 11:24:00,2000,2000,2000,2000,0
2021-11-11 11:25:00,2000,2000,2000,2000,0
2021-11-11 11:26:00,2000,2000,2000,2000,0
2021-11-11 11:27:00,2000,2000,2000,2000,0
2021-11-11 11:28:00,2000,2000,2000,2000,0
2021-11-11 11:29:00,2000,2000,2000,2000,0
2021-11-11 11:30:00,2000,2000,2000,2000,0
2021-11-11 11:31:00,2000,2000,2000,2000,0
2021-11-11 11:32:00,2000,2000,2000,2000,0
2021-11-11 11:33:00,2000,2000,2000,2000,0
2021-11-11 11:34:00,2000,2000,2000,2000,0
2021-11-11 11:35:00,2000,2000,2000,2000,0
2021-11-11 11:36:00,2000,2000,2000,2000,0
2021-11-11 11:37:00,2000,2000,2000,2000,0
2021-11-11 11:38:00,2000,2000,2000,2000,0
2021-11-11 11:39:00,2000,2000,2000,2000,0
2021-11-11 11:40:00,2000,2000,2000,2000,0
2021-11-11 11:41:00,2000,2000,2000,2000,0
2021-11-11 11:42:00,2000,2000,2000,2000,0
2021-11-11 11:43:00,2000,2000,2000,2000,0
2021-11-11 11:44:00,2000,2000,2000,2000,0
2021-11-11 11:45:00,2000,2000,2000,2000,0
2021-11-11 11:46:00,2000,2000,2000,2000,0
2021-11-11 11:47:00,2000,2000,2000,2000,0
2021-11-11 11:48:00,2000,2000,2000,2000,0
2021-11-11 11:49:00,2000,2000,2000,2000,0
2021-11-11 11:50:00,2000,2000,2000,2000,0
2021-11-11 11:51:00,2000,2000,2000,2000,0
2021-11-11 11:52:00,2000,2000,2000,2000,0
2021-11-11 11:53:00,2000,2000,2000,2000,0
2021-11-11 11:54:00,2000,2000,2000,2000,0
2021-11-11 11:55:00,2000,2000,2000,2000,0
2021-11-11 11:56:00,2000,2000,2000,2000,0
2021-11-11 11:57:00,2000,2000,2000,2000,0
2021-11-11 11:58:00,2000,2000,2000,2000,0
2021-11-11 11:59:00,2000,2000,2000,2000,0
2021-11-11 12:00:00,2000,2000,2000,2000,0
2021-11-11 12:01:00,2000,2000,2000,2000,0
2021-11-11 12:02:00,2000,2000,2000,2000,0
2021-11-11 12:03:00,2000,2000,2000,2000,0
2021-11-11 12:04:00,2000,2000,2000,2000,0
2021-11-11 12:05:00,2000,2000,2000,2000,0
2021-11-11 12:06:00,2000,2000,2000,2000,0
2021-11-11 12:07:00,2000,2000,2000,2000,0
2021-11-11 12:08:00,2000,2000,2000,2000,0
2021-11-11 12:09:00,2000,2000,2000,2000,0
2021-11-11 12:10:00,2000,2000,2000,2000,0
2021-11-11 12:11:00,2000,2000,2000,2000,0
2021-11-11 12:12:00,2000,2000,2000,2000,0
2021-11-11 12:13:00,2000,2000,2000,2000,0
2021-11-11 12:14:00,2000,2000,2000,2000,0
2021-11-11 12:15:00,2000,2000,2000,2000,0
2021-11-11 12:16:00,2000,2000,2000,2000,0
2021-11-11 12:17:00,2000,2000,2000,2000,0
2021-11-11 12:18:00,2000,2000,2000,2000,0
2021-11-11 12:19:00,2000,2000,2000,2000,0
2021-11-11 12:20:00,2000,2000,2000,2000,0
2021-11-11 12:21:00,2000,2000,2000,2000,0
2021-11-11 12:22:00,2000,2000,2000,2000,0
2021-11-11 12:23:00,2000,2000,2000,2000,0
2021-11-11 12:24:00,2000,2000,2000,2000,0
2021-11-11 12:25:00,2000,2000,2000,2000,0
2021-11-11 12:26:00,2000,2000,2000,2000,0
2021-11-11 12:27:00,2000,2000,2000,2000,0
2021-11-11 12:28:00,2000,2000,2000,2000,0
2021-11-11 12:29:00,2000,2000,2000,2000,0
2021-11-11 12:30:00,2000,2000,2000,2000,0
2021-11-11 12:31:00,2000,2000,2000,2000,0
2021-11-11 12:32:00,2000,2000,2000,2000,0
2021-11-11 12:33:00,2000,2000,2000,2000,0
2021-11-11 12:34:00,2000,2000,2000,2000,0
2021-11-11 12:35:00,2000,2000,2000,2000,0
2021-11-11 12:36:00,2000,2000,2000,2000,0
2021-11-11 12:37:00,2000,2000,2000,2000,0
2021-11-11 12:38:00,2000,2000,2000,2000,0
2021-11-11 12:39:00,2000,2000,2000,2000,0
2021-11-11 12:40:00,2000,2000,2000,2000,0
2021-11-11 12:41:00,2000,2000,2000,2000,0
2021-11-11 12:42:00,2000,2000,2000,2000,0
2021-11-11 12:43:00,2000,2000,2000,2000,0
2021-11-11 12:44:00,2000,2000,2000,2000,0
2021-11-11 12:45:00,2000,2000,2000,2000,0
2021-11-11 12:46:00,2000,2000,2000,2000,0
2021-11-11 12:47:00,2000,2000,2000,2000,0
2021-11-11 12:48:00,2000,2000,2000,2000,0
2021-11-11 12:49:00,2000,2000,2000,2000,0
2021-11-11 12:50:00,2000,2000,2000,2000,0
2021-11-11 12:51:00,2000,2000,2000,2000,0
2021-11-11 12:52:00,2000,2000,2000,2000,0
2021-11-11 12:53:00,2000,2000,2000,2000,0
2021-11-11 12:54:00,2000,2000,2000,2000,0
2021-11-11 12:55:00,2000,2000,2000,2000,0
2021-11-11 12:56:00,2000,2000,2000,2000,0
2021-11-11 12:57:00,2000,2000,2000,2000,0
2021-11-11 12:58:00,2000,2000,2000,2000,0
2021-11-11 12:59:00,2000,2000,2000,2000,0
2021-11-11 13:00:00,2000,2000,2000,2000,0
2021-11-11 13:01:00,2000,2000,2000,2000,0
2021-11-11 13:02:00,2000,2000,2000,2000,0
2021-11-11 13:03:00,2000,2000,2000,2000,0
2021-11-11 13:04:00,2000,2000,2000,2000,0
2021-11-11 13:05:00,2000,2000,2000,2000,0
2021-11-11 13:06:00,2000,2000,2000,2000,0
2021-11-11 13:07:00,2000,2000,2000,2000,0
2021-11-11 13:08:00,2000,2000,2000,2000,0
2021-11-11 13:09:00,2000,2000,2000,2000,0
2021-11-11 13:10:00,2000,2000,2000,2000,0
2021-11-11 13:11:00,2000,2000,2000,2000,0
2021-11-11 13:12:00,2000,2000,2000,2000,0
2021-11-11 13:13:00,2000,2000,2000,2000,0
2021-11-11 13:14:00,2000,2000,2000,2000,0
2021-11-11 13:15:00,2000,2000,2000,2000,0
2021-11-11 13:16:00,2000,2000,2000,2000,0
2021-11-11 13:17:00,2000,2000,2000,2000,0
2021-11-11 13:18:00,2000,2000,2000,2000,0
2021-11-11 13:19:00,2000,2000,2000,2000,0
2021-11-11 13:20:00,2000,2000,2000,2000,0
2021-11-11 13:21:00,2000,2000,2000,2000,0
2021-11-11 13:22:00,2000,2000,2000,2000,0
2021-11-11 13:23:00,2000,2000,2000,2000,0
2021-11-11 13:24:00,2000,2000,2000,2000,0
2021-11-11 13:25:00,2000,2000,2000,2000,0
2021-11-11 13:26:00,2000,2000,2000,2000,0
2021-11-11 13:27:00,2000,2000,2000,2000,0
2021-11-11 13:28:00,2000,2000,2000,2000,0
2021-11-11 13:29:00,2000,2000,2000,2000,0
2021-11-11 13:30:00,2000,2000,2000,2000,0
2021-11-11 13:31:00,2000,2000,2000,2000,0
2021-11-11 13:32:00,2000,2000,2000,2000,0
2021-11-11 13:33:00,2000,2000,2000,2000,0
2021-11-11 13:34:00,2000,2000,2000,2000,0
2021-11-11 13:35:00,2000,2000,2000,2000,0
2021-11-11 13:36:00,2000,2000,2000,2000,0
2021-11-11 13:37:00,2000,2000,2000,2000,0
2021-11-11 13:38:00,2000,2000,2000,2000,0
2021-11-11 13:39:00,2000,2000,2000,2000,0
2021-11-11 13:40:00,2000,2000,2000,2000,0
2021-11-11 13:41:00,2000,2000,2000,2000,0
2021-11-11 13:42:00,2000,2000,2000,2000,0
2021-11-11 13:43:00,2000,2000,2000,2000,0
2021-11-11 13:44:00,2000,2000,2000,2000,0
2021-11-11 13:45:00,2000,2000,2000,2000,0
2021-11-11 13:46:00,2000,2000,2000,2000,0
2021-11-11 13:47:00,2000,2000,2000,2000,0
2021-11-11 13:48:00,2000,2000,2000,2000,0
2021-11-11 13:49:00,2000,2000,2000,2000,0
2021-11-11 13:50:00,2000,2000,2000,2000,0
2021-11-11 13:51:00,2000,2000,2000,2000,0
2021-11-11 13:52:00,2000,2000,2000,2000,0
2021-11-11 13:53:00,2000,2000,2000,2000,0
2021-11-11 13:54:00,2000,2000,2000,2000,0
2021-11-11 13:55:00,2000,2000,2000,2000,0
2021-11-11 13:56:00,2000,2000,2000,2000,0
2021-11-11 13:57:00,2000,2000,2000,2000,0
2021-11-11 13:58:00,2000,2000,2000,2000,0
2021-11-11 13:59:00,2000,2000,2000,2000,0
2021-11-11 14:00:00,2000,2000,2000,2000,0
2021-11-11 14:01:00,2000,2000,2000,2000,0
2021-11-11 14:02:00,2000,2000,2000,2000,0
2021-11-11 14:03:00,2000,2000,2000,2000,0
2021-11-11 14:04:00,2000,2000,2000,2000,0
2021-11-11 14:05:00,2000,2000,2000,2000,0
2021-11-11 14:06:00,2000,2000,2000,2000,0
2021-11-11 14:07:00,2000,2000,2000,2000,0
2021-11-11 14:08:00,2000,2000,2000,2000,0
2021-11-11 14:09:00,2000,2000,2000,2000,0
2021-11-11 14:10:00,2000,2000,2000,2000,0
2021-11-11 14:11:00,2000,2000,2000,2000,0
2021-11-11 14:12:00,2000,2000,2000,2000,0
2021-11-11 14:13:00,2000,2000,2000,2000,0
2021-11-11 14:14:00,2000,2000,2000,2000,0
2021-11-11 14:15:00,2000,2000,2000,2000,0
2021-11-11 14:16:00,2000,2000,2000,2000,0
2021-11-11 14:17:00,2000,2000,2000,2000,0
2021-11-11 14:18:00,2000,2000,2000,2000,0
2021-11-11 14:19:00,2000,2000,2000,2000,0
2021-11-11 14:20:00,2000,2000,2000,2000,0
2021-11-11 14:21:00,2000,2000,2000,2000,0
2021-11-11 14:22:00,2000,2000,2000,2000,0
2021-11-11 14:23:00,2000,2000,2000,2000,0
2021-11-11 14:24:00,2000,2000,2000,2000,0
2021-11-11 14:25:00,2000,2000,2000,2000,0
2021-11-11 14:26:00,2000,2000,2000,2000,0
2021-11-11 14:27:00,2000,2000,2000,2000,0
2021-11-11 14:28:00,2000,2000,2000,2000,0
2021-11-11 14:29:00,2000,2000,2000,2000,0
2021-11-11 14:30:00,2000,2000,2000,2000,0
2021-11-11 14:31:00,2000,2000,2000,2000,0
2021-11-11 14:32:00,2000,2000,2000,2000,0
2021-11-11 14:33:00,2000,2000,2000,2000,0
2021-11-11 14:34:00,2000,2000,2000,2000,0
2021-11-11 14:35:00,2000,2000,2000,2000,0
2021-11-11 14:36:00,2000,2000,2000,2000,0
2021-11-11 14:37:00,2000,2000,2000,2000,0
2021-11-11 14:38:00,2000,2000,2000,2000,0
2021-11-11 14:39:00,2000,2000,2000,2000,0
2021-11-11 14:40:00,2000,2000,2000,2000,0
2021-11-11 14:41:00,2000,2000,2000,2000,0
2021-11-11 14:42:00,2000,2000,2000,2000,0
2021-11-11 14:43:00,2000,2000,2000,2000,0
2021-11-11 14:44:00,2000,2000,2000,2000,0
2021-11-11 14:45:00,2000,2000,2000,2000,0
2021-11-11 14:46:00,2000,2000,2000,2000,0
2021-11-11 14:47:00,2000,2000,2000,2000,0
2021-11-11 14:48:00,2000,2000,2000,2000,0
2021-11-11 14:49:00,2000,2000,2000,2000,0
2021-11-11 14:50:00,2000,2000,2000,2000,0
2021-11-11 14:51:00,2000,2000,2000,2000,0
2021-11-11 14:52:00,2000,2000,2000,2000,0
2021-11-11 14:53:00,2000,2000,2000,2000,0
2021-11-11 14:54:00,2000,2000,2000,2000,0
2021-11-11 14:55:00,2000,2000,2000,2000,0
2021-11-11 14:56:00,2000,2000,2000,2000,0
2021-11-11 14:57:00,2000,2000,2000,2000,0
2021-11-11 14:58:00,2000,2000,2000,2000,0
2021-11-11 14:59:00,2000,2000,2000,2000,0
2021-11-11 15:00:00,2000,2000,2000,2000,0
2021-11-11 15:01:00,2000,2000,2000,2000,0
2021-11-11 15:02:00,2000,2000,2000,2000,0
2021-11-11 15:03:00,2000,2000,2000,2000,0
2021-11-11 15:04:00,2000,2000,2000,2000,0
2021-11-11 15:05:00,2000,2000,2000,2000,0
2021-11-11 15:06:00,2000,2000,2000,2000,0
2021-11-11 15:07:00,2000,2000,2000,2000,0
2021-11-11 15:08:00,2000,2000,2000,2000,0
2021-11-11 15:09:00,2000,2000,2000,2000,0
2021-11-11 15:10:00,2000,2000,2000,2000,0
2021-11-11 15:11:00,2000,2000,2000,2000,0
2021-11-11 15:12:00,2000,2000,2000,2000,0
2021-11-11 15:13:00,2000,2000,2000,2000,0
2021-11-11 15:14:00,2000,2000,2000,2000,0
2021-11-11 15:15:00,2000,2000,2000,2000,0
2021-11-11 15:16:00,2000,2000,2000,2000,0
2021-11-11 15:17:00,2000,2000,2000,2000,0
2021-11-11 15:18:00,2000,2000,2000,2000,0
2021-11-11 15:19:00,2000,2000,2000,2000,0
2021-11-11 15:20:00,2000,2000,2000,2000,0
2021-11-11 15:21:00,2000,2000,2000,2000,0
2021-11-11 15:22:00,2000,2000,2000,2000,0
2021-11-11 15:23:00,2000,2000,2000,2000,0
2021-11-11 15:24:00,2000,2000,2000,2000,0
2021-11-11 15:25:00,2000,2000,2000,2000,0
2021-11-11 15:26:00,2000,2000,2000,2000,0
2021-11-11 15:27:00,2000,2000,2000,2000,0
2021-11-11 15:28:00,2000,2000,2000,2000,0
2021-11-11 15:29:00,2000,2000,2000,2000,0
2021-11-11 15:30:00,2000,2000,2000,2000,0
2021-11-11 15:31:00,2000,2000,2000,2000,0
2021-11-11 15:32:00,2000,2000,2000,2000,0
2021-11-11 15:33:00,2000,2000,2000,2000,0
2021-11-11 15:34:00,2000,2000,2000,2000,0
2021-11-11 15:35:00,2000,2000,2000,2000,0
2021-11-11 15:36:00,2000,2000,2000,2000,0
2021-11-11 15:37:00,2000,2000,2000,2000,0
2021-11-11 15:38:00,2000,2000,2000,2000,0
2021-11-11 15:39:00,2000,2000,2000,2000,0
2021-11-11 15:40:00,2000,2000,2000,2000,0
2021-11-11 15:41:00,2000,2000,2000,2000,0
2021-11-11 15:42:00,2000,2000,2000,2000,0
2021-11-11 15:43:00,2000,2000,2000,2000,0
2021-11-11 15:44:00,2000,2000,2000,2000,0
2021-11-11 15:45:00,2000,2000,2000,2000,0
2021-11-11 15:46:00,2000,2000,2000,2000,0
2021-11-11 15:47:00,2000,2000,2000,2000,0
2021-11-11 15:48:00,2000,2000,2000,2000,0
2021-11-11 15:49:00,2000,2000,2000,2000,0
2021-11-11 15:50:00,2000,2000,2000,2000,0
2021-11-11 15:51:00,2000,2000,2000,2000,0
2021-11-11 15:52:00,2000,2000,2000,2000,0
2021-11-11 15:53:00,2000,2000,2000,2000,0
2021-11-11 15:54:00,2000,2000,2000,2000,0
2021-11-11 15:55:00,2000,2000,2000,2000,0
2021-11-11 15:56:00,2000,2000,2000,2000,0
2021-11-11 15:57:00,2000,2000,2000,2000,0
2021-11-11 15:58:00,2000,2000,2000,2000,0
2021-11-11 15:59:00,2000,2000,2000,2000,0
2021-11-12 09:00:00,2000,2000,2000,2000,0
2021-11-12 09:01:00,2000,2000,2000,2000,0
2021-11-12 09:02:00,2000,2000,2000,2000,0
2021-11-12 09:03:00,2000,2000,2000,2000,0
2021-11-12 09:04:00,2000,2000,2000,2000,0
2021-11-12 09:05:00,2000,2000,2000,2000,0
2021-11-12 09:06:00,2000,2000,2000,2000,0
2021-11-12 09:07:00,2000,2000,2000,2000,0
2021-11-12 09:08:00,2000,2000,2000,2000,0
2021-11-12 09:09:00,2000,2000,2000,2000,0
2021-11-12 09:10:00,2000,2000,2000,2000,0
2021-11-12 09:11:00,2000,2000,2000,2000,0
2021-11-12 09:12:00,2000,2000,2000,2000,0
2021-11-12 09:13:00,2000,2000,2000,2000,0
2021-11-12 09:14:00,2000,2000,2000,2000,0
2021-11-12 09:15:00,2000,2000,2000,2000,0
2021-11-12 09:16:00,2000,2000,2000,2000,0
2021-11-12 09:17:00,2000,2000,2000,2000,0
2021-11-12 09:18:00,2000,2000,2000,2000,0
2021-11-12 09:19:00,2000,2000,2000,2000,0
2021-11-12 09:20:00,2000,2000,2000,2000,0
2021-11-12 09:21:00,2000,2000,2000,2000,0
2021-11-12 09:22:00,2000,2000,2000,2000,0
2021-11-12 09:23:00,2000,2000,2000,2000,0
2021-11-12 09:24:00,2000,2000,2000,2000,0
2021-11-12 09:25:00,2000,2000,2000,2000,0
2021-11-12 09:26:00,2000,2000,2000,2000,0
2021-11-12 09:27:00,2000,2000,2000,2000,0
2021-11-12 09:28:00,2000,2000,2000,2000,0
2021-11-12 09:29:00,2000,2000,2000,2000,0
2021-11-12 09:30:00,2000,2000,2000,2000,0
2021-11-12 09:31:00,2000,2000,2000,2000,0
2021-11-12 09:32:00,2000,2000,2000,2000,0
2021-11-12 09:33:00,2000,2000,2000,2000,0
2021-11-12 09:34:00,2000,2000,2000,2000,0
2021-11-12 09:35:00,2000,2000,2000,2000,0
2021-11-12 09:36:00,2000,2000,2000,2000,0
2021-11-12 09:37:00,2000,2000,2000,2000,0
2021-11-12 09:38:00,2000,2000,2000,2000,0
2021-11-12 09:39:00,2000,2000,2000,2000,0
2021-11-12 09:40:00,2000,2000,2000,2000,0
2021-11-12 09:41:00,2000,2000,2000,2000,0
2021-11-12 09:42:00,2000,2000,2000,2000,0
2021-11-12 09:43:00,2000,2000,2000,2000,0
2021-11-12 09:44:00,2000,2000,2000,2000,0
2021-11-12 09:45:00,2000,2000,2000,2000,0
2021-11-12 09:46:00,2000,2000,2000,2000,0
2021-11-12 09:47:00,2000,2000,2000,2000,0
2021-11-12 09:48:00,2000,2000,2000,2000,0
2021-11-12 09:49:00,2000,2000,2000,2000,0
2021-11-12 09:50:00,2000,2000,2000,2000,0
2021-11-12 09:51:00,2000,2000,2000,2000,0
2021-11-12 09:52:00,2000,2000,2000,2000,0
2021-11-12 09:53:00,2000,2000,2000,2000,0
2021-11-12 09:54:00,2000,2000,2000,2000,0
2021-11-12 09:55:00,2000,2000,2000,2000,0
2021-11-12 09:56:00,2000,2000,2000,2000,0
2021-11-12 09:57:00,2000,2000,2000,2000,0
2021-11-12 09:58:00,2000,2000,2000,2000,0
2021-11-12 09:59:00,2000,2000,2000,2000,0
2021-11-12 10:00:00,2000,2000,2000,2000,0
2021-11-12 10:01:00,2000,2000,2000,2000,0
2021-11-12 10:02:00,2000,2000,2000,2000,0
2021-11-12 10:03:00,2000,2000,2000,2000,0
2021-11-12 10:04:00,2000,2000,2000,2000,0
2021-11-12 10:05:00,2000,2000,2000,2000,0
2021-11-12 10:06:00,2000,2000,2000,2000,0
2021-11-12 10:07:00,2000,2000,2000,2000,0
2021-11-12 10:08:00,2000,2000,2000,2000,0
2021-11-12 10:09:00,2000,2000,2000,2000,0
2021-11-12 10:10:00,2000,2000,2000,2000,0
2021-11-12 10:11:00,2000,2000,2000,2000,0
2021-11-12 10:12:00,2000,2000,2000,2000,0
2021-11-12 10:13:00,2000,2000,2000,2000,0
2021-11-12 10:14:00,2000,2000,2000,2000,0
2021-11-12 10:15:00,2000,2000,2000,2000,0
2021-11-12 10:16:00,2000,2000,2000,2000,0
2021-11-12 10:17:00,2000,2000,2000,2000,0
2021-11-12 10:18:00,2000,2000,2000,2000,0
2021-11-12 10:19:00,2000,2000,2000,2000,0
2021-11-12 10:20:00,2000,2000,2000,2000,0
2021-11-12 10:21:00,2000,2000,2000,2000,0
2021-11-12 10:22:00,2000,2000,2000,2000,0
2021-11-12 10:23:00,2000,2000,2000,2000,0
2021-11-12 10:24:00,2000,2000,2000,2000,0
2021-11-12 10:25:00,2000,2000,2000,2000,0
2021-11-12 10:26:00,2000,2000,2000,2000,0
2021-11-12 10:27:00,2000,2000,2000,2000,0
2021-11-12 10:28:00,2000,2000,2000,2000,0
2021-11-12 10:29:00,2000,2000,2000,2000,0
2021-11-12 10:30:00,2000,2000,2000,2000,0
2021-11-12 10:31:00,2000,2000,2000,2000,0
2021-11-12 10:32:00,2000,2000,2000,2000,0
2021-11-12 10:33:00,2000,2000,2000,2000,0
2021-11-12 10:34:00,2000,2000,2000,2000,0
2021-11-12 10:35:00,2000,2000,2000,2000,0
2021-11-12 10:36:00,2000,2000,2000,2000,0
2021-11-12 10:37:00,2000,2000,2000,2000,0
2021-11-12 10:38:00,2000,2000,2000,2000,0
2021-11-12 10:39:00,2000,2000,2000,2000,0
2021-11-12 10:40:00,2000,2000,2000,2000,0
2021-11-12 10:41:00,2000,2000,2000,2000,0
2021-11-12 10:42:00,2000,2000,2000,2000,0
2021-11-12 10:43:00,2000,2000,2000,2000,0
2021-11-12 10:44:00,2000,2000,2000,2000,0
2021-11-12 10:45:00,2000,2000,2000,2000,0
2021-11-12 10:46:00,2000,2000,2000,2000,0
2021-11-12 10:47:00,2000,2000,2000,2000,0
2021-11-12 10:48:00,2000,2000,2000,2000,0
2021-11-12 10:49:00,2000,2000,2000,2000,0
2021-11-12 10:50:00,2000,2000,2000,2000,0
2021-11-12 10:51:00,2000,2000,2000,2000,0
2021-11-12 10:52:00,2000,2000,2000,2000,0
2021-11-12 10:53:00,2000,2000,2000,2000,0
2021-11-12 10:54:00,2000,2000,2000,2000,0
2021-11-12 10:55:00,2000,2000,2000,2000,0
2021-11-12 10:56:00,2000,2000,2000,2000,0
2021-11-12 10:57:00,2000,2000,2000,2000,0
2021-11-12 10:58:00,2000,2000,2000,2000,0
2021-11-12 10:59:00,2000,2000,2000,2000,0
2021-11-12 11:00:00,2000,2000,2000,2000,0
2021-11-12 11:01:00,2000,2000,2000,2000,0
2021-11-12 11:02:00,2000,2000,2000,2000,0
2021-11-12 11:03:00,2000,2000,2000,2000,0
2021-11-12 11:04:00,2000,2000,2000,2000,0
2021-11-12 11:05:00,2000,2000,2000,2000,0
2021-11-12 11:06:00,2000,2000,2000,2000,0
2021-11-12 11:07:00,2000,2000,2000,2000,0
2021-11-12 11:08:00,2000,2000,2000,2000,0
2021-11-12 11:09:00,2000,2000,2000,2000,0
2021-11-12 11:10:00,2000,2000,2000,2000,0
2021-11-12 11:11:00,2000,2000,2000,2000,0
2021-11-12 11:12:00,2000,2000,2000,2000,0
2021-11-12 11:13:00,2000,2000,2000,2000,0
2021-11-12 11:14:00,2000,2000,2000,2000,0
2021-11-12 11:15:00,2000,2000,2000,2000,0
2021-11-12 11:16:00,2000,2000,2000,2000,0
2021-11-12 11:17:00,2000,2000,2000,2000,0
2021-11-12 11:18:00,2000,2000,2000,2000,0
2021-11-12 11:19:00,2000,2000,2000,2000,0
2021-11-12 11:20:00,2000,2000,2000,2000,0
2021-11-12 11:21:00,2000,2000,2000,2000,0
2021-11-12 11:22:00,2000,2000,2000,2000,0
2021-11-12 11:23:00,2000,2000,2000,2000,0
2021-11-12 11:24:00,2000,2000,2000,2000,0
2021-11-12 11:25:00,2000,2000,2000,2000,0
2021-11-12 11:26:00,2000,2000,2000,2000,0
2021-11-12 11:27:00,2000,2000,2000,2000,0
2021-11-12 11:28:00,2000,2000,2000,2000,0
2021-11-12 11:29:00,2000,2000,2000,2000,0
2021-11-12 11:30:00,2000,2000,2000,2000,0
2021-11-12 11:31:00,2000,2000,2000,2000,0
2021-11-12 11:32:00,2000,2000,2000,2000,0
2021-11-12 11:33:00,2000,2000,2000,2000,0
2021-11-12 11:34:00,2000,2000,2000,2000,0
2021-11-12 11:35:00,2000,2000,2000,2000,0
2021-11-12 11:36:00,2000,2000,2000,2000,0
2021-11-12 11:37:00,2000,2000,2000,2000,0
2021-11-12 11:38:00,2000,2000,2000,2000,0
2021-11-12 11:39:00,2000,2000,2000,2000,0
2021-11-12 11:40:00,2000,2000,2000,2000,0
2021-11-12 11:41:00,2000,2000,2000,2000,0
2021-11-12 11:42:00,2000,2000,2000,2000,0
2021-11-12 11:43:00,2000,2000,2000,2000,0
2021-11-12 11:44:00,2000,2000,2000,2000,0
2021-11-12 11:45:00,2000,2000,2000,2000,0
2021-11-12 11:46:00,2000,2000,2000,2000,0
2021-11-12 11:47:00,2000,2000,2000,2000,0
2021-11-12 11:48:00,2000,2000,2000,2000,0
2021-11-12 11:49:00,2000,2000,2000,2000,0
2021-11-12 11:50:00,2000,2000,2000,2000,0
2021-11-12 11:51:00,2000,2000,2000,2000,0
2021-11-12 11:52:00,2000,2000,2000,2000,0
2021-11-12 11:53:00,2000,2000,2000,2000,0
2021-11-12 11:54:00,2000,2000,2000,2000,0
2021-11-12 11:55:00,2000,2000,2000,2000,0
2021-11-12 11:56:00,2000,2000,2000,2000,0
2021-11-12 11:57:00,2000,2000,2000,2000,0
2021-11-12 11:58:00,2000,2000,2000,2000,0
2021-11-12 11:59:00,2000,2000,2000,2000,0
2021-11-12 12:00:00,2000,2000,2000,2000,0
2021-11-12 12:01:00,2000,2000,2000,2000,0
2021-11-12 12:02:00,2000,2000,2000,2000,0
2021-11-12 12:03:00,2000,2000,2000,2000,0
2021-11-12 12:04:00,2000,2000,2000,2000,0
2021-11-12 12:05:00,2000,2000,2000,2000,0
2021-11-12 12:06:00,2000,2000,2000,2000,0
2021-11-12 12:07:00,2000,2000,2000,2000,0
2021-11-12 12:08:00,2000,2000,2000,2000,0
2021-11-12 12:09:00,2000,2000,2000,2000,0
2021-11-12 12:10:00,2000,2000,2000,2000,0
2021-11-12 12:11:00,2000,2000,2000,2000,0
2021-11-12 12:12:00,2000,2000,2000,2000,0
2021-11-12 12:13:00,2000,2000,2000,2000,0
2021-11-12 12:14:00,2000,2000,2000,2000,0
2021-11-12 12:15:00,2000,2000,2000,2000,0
2021-11-12 12:16:00,2000,2000,2000,2000,0
2021-11-12 12:17:00,2000,2000,2000,2000,0
2021-11-12 12:18:00,2000,2000,2000,2000,0
2021-11-12 12:19:00,2000,2000,2000,2000,0
2021-11-12 12:20:00,2000,2000,2000,2000,0
2021-11-12 12:21:00,2000,2000,2000,2000,0
2021-11-12 12:22:00,2000,2000,2000,2000,0
2021-11-12 12:23:00,2000,2000,2000,2000,0
2021-11-12 12:24:00,2000,2000,2000,2000,0
2021-11-12 12:25:00,2000,2000,2000,2000,0
2021-11-12 12:26:00,2000,2000,2000,2000,0
2021-11-12 12:27:00,2000,2000,2000,2000,0
2021-11-12 12:28:00,2000,2000,2000,2000,0
2021-11-12 12:29:00,2000,2000,2000,2000,0
2021-11-12 12:30:00,2000,2000,2000,2000,0
2021-11-12 12:31:00,2000,2000,2000,2000,0
2021-11-12 12:32:00,2000,2000,2000,2000,0
2021-11-12 12:33:00,2000,2000,2000,2000,0
2021-11-12 12:34:00,2000,2000,2000,2000,0
2021-11-12 12:35:00,2000,2000,2000,2000,0
2021-11-12 12:36:00,2000,2000,2000,2000,0
2021-11-12 12:37:00,2000,2000,2000,2000,0
2021-11-12 12:38:00,2000,2000,2000,2000,0
2021-11-12 12:39:00,2000,2000,2000,2000,0
2021-11-12 12:40:00,2000,2000,2000,2000,0
2021-11-12 12:41:00,2000,2000,2000,2000,0
2021-11-12 12:42:00,2000,2000,2000,2000,0
2021-11-12 12:43:00,2000,2000,2000,2000,0
2021-11-12 12:44:00,2000,2000,2000,2000,0
2021-11-12 12:45:00,2000,2000,2000,2000,0
2021-11-12 12:46:00,2000,2000,2000,2000,0
2021-11-12 12:47:00,2000,2000,2000,2000,0
2021-11-12 12:48:00,2000,2000,2000,2000,0
2021-11-12 12:49:00,2000,2000,2000,2000,0
2021-11-12 12:50:00,2000,2000,2000,2000,0
2021-11-12 12:51:00,2000,2000,2000,2000,0
2021-11-12 12:52:00,2000,2000,2000,2000,0
2021-11-12 12:53:00,2000,2000,2000,2000,0
2021-11-12 12:54:00,2000,2000,2000,2000,0
2021-11-12 12:55:00,2000,2000,2000,2000,0
2021-11-12 12:56:00,2000,2000,2000,2000,0
2021-11-12 12:57:00,2000,2000,2000,2000,0
2021-11-12 12:58:00,2000,2000,2000,2000,0
2021-11-12 12:59:00,2000,2000,2000,2000,0
2021-11-12 13:00:00,2000,2000,2000,2000,0
2021-11-12 13:01:00,2000,2000,2000,2000,0
2021-11-12 13:02:00,2000,2000,2000,2000,0
2021-11-12 13:03:00,2000,2000,2000,2000,0
2021-11-12 13:04:00,2000,2000,2000,2000,0
2021-11-12 13:05:00,2000,2000,2000,2000,0
2021-11-12 13:06:00,2000,2000,2000,2000,0
2021-11-12 13:07:00,2000,2000,2000,2000,0
2021-11-12 13:08:00,2000,2000,2000,2000,0
2021-11-12 13:09:00,2000,2000,2000,2000,0
2021-11-12 13:10:00,2000,2000,2000,2000,0
2021-11-12 13:11:00,2000,2000,2000,2000,0
2021-11-12 13:12:00,2000,2000,2000,2000,0
2021-11-12 13:13:00,2000,2000,2000,2000,0
2021-11-12 13:14:00,2000,2000,2000,2000,0
2021-11-12 13:15:00,2000,2000,2000,2000,0
2021-11-12 13:16:00,2000,2000,2000,2000,0
2021-11-12 13:17:00,2000,2000,2000,2000,0
2021-11-12 13:18:00,2000,2000,2000,2000,0
2021-11-12 13:19:00,2000,2000,2000,2000,0
2021-11-12 13:20:00,2000,2000,2000,2000,0
2021-11-12 13:21:00,2000,2000,2000,2000,0
2021-11-12 13:22:00,2000,2000,2000,2000,0
2021-11-12 13:23:00,2000,2000,2000,2000,0
2021-11-12 13:24:00,2000,2000,2000,2000,0
2021-11-12 13:25:00,2000,2000,2000,2000,0
2021-11-12 13:26:00,2000,2000,2000,2000,0
2021-11-12 13:27:00,2000,2000,2000,2000,0
2021-11-12 13:28:00,2000,2000,2000,2000,0
2021-11-12 13:29:00,2000,2000,2000,2000,0
2021-11-12 13:30:00,2000,2000,2000,2000,0
2021-11-12 13:31:00,2000,2000,2000,2000,0
2021-11-12 13:32:00,2000,2000,2000,2000,0
2021-11-12 13:33:00,2000,2000,2000,2000,0
2021-11-12 13:34:00,2000,2000,2000,2000,0
2021-11-12 13:35:00,2000,2000,2000,2000,0
2021-11-12 13:36:00,2000,2000,2000,2000,0
2021-11-12 13:37:00,2000,2000,2000,2000,0
2021-11-12 13:38:00,2000,2000,2000,2000,0
2021-11-12 13:39:00,2000,2000,2000,2000,0
2021-11-12 13:40:00,2000,2000,2000,2000,0
2021-11-12 13:41:00,2000,2000,2000,2000,0
2021-11-12 13:42:00,2000,2000,2000,2000,0
2021-11-12 13:43:00,2000,2000,2000,2000,0
2021-11-12 13:44:00,2000,2000,2000,2000,0
2021-11-12 13:45:00,2000,2000,2000,2000,0
2021-11-12 13:46:00,2000,2000,2000,2000,0
2021-11-12 13:47:00,2000,2000,2000,2000,0
2021-11-12 13:48:00,2000,2000,2000,2000,0
2021-11-12 13:49:00,2000,2000,2000,2000,0
2021-11-12 13:50:00,2000,2000,2000,2000,0
2021-11-12 13:51:00,2000,2000,2000,2000,0
2021-11-12 13:52:00,2000,2000,2000,2000,0
2021-11-12 13:53:00,2000,2000,2000,2000,0
2021-11-12 13:54:00,2000,2000,2000,2000,0
2021-11-12 13:55:00,2000,2000,2000,2000,0
2021-11-12 13:56:00,2000,2000,2000,2000,0
2021-11-12 13:57:00,2000,2000,2000,2000,0
2021-11-12 13:58:00,2000,2000,2000,2000,0
2021-11-12 13:59:00,2000,2000,2000,2000,0
2021-11-12 14:00:00,2000,2000,2000,2000,0
2021-11-12 14:01:00,2000,2000,2000,2000,0
2021-11-12 14:02:00,2000,2000,2000,2000,0
2021-11-12 14:03:00,2000,2000,2000,2000,0
2021-11-12 14:04:00,2000,2000,2000,2000,0
2021-11-12 14:05:00,2000,2000,2000,2000,0
2021-11-12 14:06:00,2000,2000,2000,2000,0
2021-11-12 14:07:00,2000,2000,2000,2000,0
2021-11-12 14:08:00,2000,2000,2000,2000,0
2021-11-12 14:09:00,2000,2000,2000,2000,0
2021-11-12 14:10:00,2000,2000,2000,2000,0
2021-11-12 14:11:00,2000,2000,2000,2000,0
2021-11-12 14:12:00,2000,2000,2000,2000,0
2021-11-12 14:13:00,2000,2000,2000,2000,0
2021-11-12 14:14:00,2000,2000,2000,2000,0
2021-11-12 14:15:00,2000,2000,2000,2000,0
2021-11-12 14:16:00,2000,2000,2000,2000,0
2021-11-12 14:17:00,2000,2000,2000,2000,0
2021-11-12 14:18:00,2000,2000,2000,2000,0
2021-11-12 14:19:00,2000,2000,2000,2000,0
2021-11-12 14:20:00,2000,2000,2000,2000,0
2021-11-12 14:21:00,2000,2000,2000,2000,0
2021-11-12 14:22:00,2000,2000,2000,2000,0
2021-11-12 14:23:00,2000,2000,2000,2000,0
2021-11-12 14:24:00,2000,2000,2000,2000,0
2021-11-12 14:25:00,2000,2000,2000,2000,0
2021-11-12 14:26:00,2000,2000,2000,2000,0
2021-11-12 14:27:00,2000,2000,2000,2000,0
2021-11-12 14:28:00,2000,2000,2000,2000,0
2021-11-12 14:29:00,2000,2000,2000,2000,0
2021-11-12 14:30:00,2000,2000,2000,2000,0
2021-11-12 14:31:00,2000,2000,2000,2000,0
2021-11-12 14:32:00,2000,2000,2000,2000,0
2021-11-12 14:33:00,2000,2000,2000,2000,0
2021-11-12 14:34:00,2000,2000,2000,2000,0
2021-11-12 14:35:00,2000,2000,2000,2000,0
2021-11-12 14:36:00,2000,2000,2000,2000,0
2021-11-12 14:37:00,2000,2000,2000,2000,0
2021-11-12 14:38:00,2000,2000,2000,2000,0
2021-11-12 14:39:00,2000,2000,2000,2000,0
2021-11-12 14:40:00,2000,2000,2000,2000,0
2021-11-12 14:41:00,2000,2000,2000,2000,0
2021-11-12 14:42:00,2000,2000,2000,2000,0
2021-11-12 14:43:00,2000,2000,2000,2000,0
2021-11-12 14:44:00,2000,2000,2000,2000,0
2021-11-12 14:45:00,2000,2000,2000,2000,0
2021-11-12 14:46:00,2000,2000,2000,2000,0
2021-11-12 14:47:00,2000,2000,2000,2000,0
2021-11-12 14:48:00,2000,2000,2000,2000,0
2021-11-12 14:49:00,2000,2000,2000,2000,0
2021-11-12 14:50:00,2000,2000,2000,2000,0
2021-11-12 14:51:00,2000,2000,2000,2000,0
2021-11-12 14:52:00,2000,2000,2000,2000,0
2021-11-12 14:53:00,2000,2000,2000,2000,0
2021-11-12 14:54:00,2000,2000,2000,2000,0
2021-11-12 14:55:00,2000,2000,2000,2000,0
2021-11-12 14:56:00,2000,2000,2000,2000,0
2021-11-12 14:57:00,2000,2000,2000,2000,0
2021-11-12 14:58:00,2000,2000,2000,2000,0
2021-11-12 14:59:00,2000,2000,2000,2000,0
2021-11-12 15:00:00,2000,2000,2000,2000,0
2021-11-12 15:01:00,2000,2000,2000,2000,0
2021-11-12 15:02:00,2000,2000,2000,2000,0
2021-11-12 15:03:00,2000,2000,2000,2000,0
2021-11-12 15:04:00,2000,2000,2000,2000,0
2021-11-12 15:05:00,2000,2000,2000,2000,0
2021-11-12 15:06:00,2000,2000,2000,2000,0
2021-11-12 15:07:00,2000,2000,2000,2000,0
2021-11-12 15:08:00,2000,2000,2000,2000,0
2021-11-12 15:09:00,2000,2000,2000,2000,0
2021-11-12 15:10:00,2000,2000,2000,2000,0
2021-11-12 15:11:00,2000,2000,2000,2000,0
2021-11-12 15:12:00,2000,2000,2000,2000,0
2021-11-12 15:13:00,2000,2000,2000,2000,0
2021-11-12 15:14:00,2000,2000,2000,2000,0
2021-11-12 15:15:00,2000,2000,2000,2000,0
2021-11-12 15:16:00,2000,2000,2000,2000,0
2021-11-12 15:17:00,2000,2000,2000,2000,0
2021-11-12 15:18:00,2000,2000,2000,2000,0
2021-11-12 15:19:00,2000,2000,2000,2000,0
2021-11-12 15:20:00,2000,2000,2000,2000,0
2021-11-12 15:21:00,2000,2000,2000,2000,0
2021-11-12 15:22:00,2000,2000,2000,2000,0
2021-11-12 15:23:00,2000,2000,2000,2000,0
2021-11-12 15:24:00,2000,2000,2000,2000,0
2021-11-12 15:25:00,2000,2000,2000,2000,0
2021-11-12 15:26:00,2000,2000,2000,2000,0
2021-11-12 15:27:00,2000,2000,2000,2000,0
2021-11-12 15:28:00,2000,2000,2000,2000,0
2021-11-12 15:29:00,2000,2000,2000,2000,0
2021-11-12 15:30:00,2000,2000,2000,2000,0
2021-11-12 15:31:00,2000,2000,2000,2000,0
2021-11-12 15:32:00,2000,2000,2000,2000,0
2021-11-12 15:33:00,2000,2000,2000,2000,0
2021-11-12 15:34:00,2000,2000,2000,2000,0
2021-11-12 15:35:00,2000,2000,2000,2000,0
2021-11-12 15:36:00,2000,2000,2000,2000,0
2021-11-12 15:37:00,2000,2000,2000,2000,0
2021-11-12 15:38:00,2000,2000,2000,2000,0
2021-11-12 15:39:00,2000,2000,2000,2000,0
2021-11-12 15:40:00,2000,2000,2000,2000,0
2021-11-12 15:41:00,2000,2000,2000,2000,0
2021-11-12 15:42:00,2000,2000,2000,2000,0
2021-11-12 15:43:00,2000,2000,2000,2000,0
2021-11-12 15:44:00,2000,2000,2000,2000,0
2021-11-12 15:45:00,2000,2000,2000,2000,0
2021-11-12 15:46:00,2000,2000,2000,2000,0
2021-11-12 15:47:00,2000,2000,2000,2000,0
2021-11-12 15:48:00,2000,2000,2000,2000,0
2021-11-12 15:49:00,2000,2000,2000,2000,0
2021-11-12 15:50:00,2000,2000,2000,2000,0
2021-11-12 15:51:00,2000,2000,2000,2000,0
2021-11-12 15:52:00,2000,2000,2000,2000,0
2021-11-12 15:53:00,2000,2000,2000,2000,0
2021-11-12 15:54:00,2000,2000,2000,2000,0
2021-11-12 15:55:00,2000,2000,2000,2000,0
2021-11-12 15:56:00,2000,2000,2000,2000,0
2021-11-12 15:57:00,2000,2000,2000,2000,0
2021-11-12 15:58:00,2000,2000,2000,2000,0
2021-11-12 15:59:00,2000,2000,2000,2000,0
2021-11-22 09:00:00,2000,2000,2000,2000,0
2021-11-22 09:01:00,2000,2000,2000,2000,0
2021-11-22 09:02:00,2000,2000,2000,2000,0
2021-11-22 09:03:00,2000,2000,2000,2000,0
2021-11-22 09:04:00,2000,2000,2000,2000,0
2021-11-22 09:05:00,2000,2000,2000,2000,0
2021-11-22 09:06:00,2000,2000,2000,2000,0
2021-11-22 09:07:00,2000,2000,2000,2000,0
2021-11-22 09:08:00,2000,2000,2000,2000,0
2021-11-22 09:09:00,2000,2000,2000,2000,0
2021-11-22 09:10:00,2000,2000,2000,2000,0
2021-11-22 09:11:00,2000,2000,2000,2000,0
2021-11-22 09:12:00,2000,2000,2000,2000,0
2021-11-22 09:13:00,2000,2000,2000,2000,0
2021-11-22 09:14:00,2000,2000,2000,2000,0
2021-11-22 09:15:00,2000,2000,2000,2000,0
2021-11-22 09:16:00,2000,2000,2000,2000,0
2021-11-22 09:17:00,2000,2000,2000,2000,0
2021-11-22 09:18:00,2000,2000,2000,2000,0
2021-11-22 09:19:00,2000,2000,2000,2000,0
2021-11-22 09:20:00,2000,2000,2000,2000,0
2021-11-22 09:21:00,2000,2000,2000,2000,0
2021-11-22 09:22:00,2000,2000,2000,2000,0
2021-11-22 09:23:00,2000,2000,2000,2000,0
2021-11-22 09:24:00,2000,2000,2000,2000,0
2021-11-22 09:25:00,2000,2000,2000,2000,0
2021-11-22 09:26:00,2000,2000,2000,2000,0
2021-11-22 09:27:00,2000,2000,2000,2000,0
2021-11-22 09:28:00,2000,2000,2000,2000,0
2021-11-22 09:29:00,2000,2000,2000,2000,0
2021-11-22 09:30:00,2000,2000,2000,2000,0
2021-11-22 09:31:00,2000,2000,2000,2000,0
2021-11-22 09:32:00,2000,2000,2000,2000,0
2021-11-22 09:33:00,2000,2000,2000,2000,0
2021-11-22 09:34:00,2000,2000,2000,2000,0
2021-11-22 09:35:00,2000,2000,2000,2000,0
2021-11-22 09:36:00,2000,2000,2000,2000,0
2021-11-22 09:37:00,2000,2000,2000,2000,0
2021-11-22 09:38:00,2000,2000,2000,2000,0
2021-11-22 09:39:00,2000,2000,2000,2000,0
2021-11-22 09:40:00,2000,2000,2000,2000,0
2021-11-22 09:41:00,2000,2000,2000,2000,0
2021-11-22 09:42:00,2000,2000,2000,2000,0
2021-11-22 09:43:00,2000,2000,2000,2000,0
2021-11-22 09:44:00,2000,2000,2000,2000,0
2021-11-22 09:45:00,2000,2000,2000,2000,0
2021-11-22 09:46:00,2000,2000,2000,2000,0
2021-11-22 09:47:00,2000,2000,2000,2000,0
2021-11-22 09:48:00,2000,2000,2000,2000,0
2021-11-22 09:49:00,2000,2000,2000,2000,0
2021-11-22 09:50:00,2000,2000,2000,2000,0
2021-11-22 09:51:00,2000,2000,2000,2000,0
2021-11-22 09:52:00,2000,2000,2000,2000,0
2021-11-22 09:53:00,2000,2000,2000,2000,0
2021-11-22 09:54:00,2000,2000,2000,2000,0
2021-11-22 09:55:00,2000,2000,2000,2000,0
2021-11-22 09:56:00,2000,2000,2000,2000,0
2021-11-22 09:57:00,2000,2000,2000,2000,0
2021-11-22 09:58:00,2000,2000,2000,2000,0
2021-11-22 09:59:00,2000,2000,2000,2000,0
2021-11-22 10:00:00,2000,2000,2000,2000,0
2021-11-22 10:01:00,2000,2000,2000,2000,0
2021-11-22 10:02:00,2000,2000,2000,2000,0
2021-11-22 10:03:00,2000,2000,2000,2000,0
2021-11-22 10:04:00,2000,2000,2000,2000,0
2021-11-22 10:05:00,2000,2000,2000,2000,0
2021-11-22 10:06:00,2000,2000,2000,2000,0
2021-11-22 10:07:00,2000,2000,2000,2000,0
2021-11-22 10:08:00,2000,2000,2000,2000,0
2021-11-22 10:09:00,2000,2000,2000,2000,0
2021-11-22 10:10:00,2000,2000,2000,2000,0
2021-11-22 10:11:00,2000,2000,2000,2000,0
2021-11-22 10:12:00,2000,2000,2000,2000,0
2021-11-22 10:13:00,2000,2000,2000,2000,0
2021-11-22 10:14:00,2000,2000,2000,2000,0
2021-11-22 10:15:00,2000,2000,2000,2000,0
2021-11-22 10:16:00,2000,2000,2000,2000,0
2021-11-22 10:17:00,2000,2000,2000,2000,0
2021-11-22 10:18:00,2000,2000,2000,2000,0
2021-11-22 10:19:00,2000,2000,2000,2000,0
2021-11-22 10:20:00,2000,2000,2000,2000,0
2021-11-22 10:21:00,2000,2000,2000,2000,0
2021-11-22 10:22:00,2000,2000,2000,2000,0
2021-11-22 10:23:00,2000,2000,2000,2000,0
2021-11-22 10:24:00,2000,2000,2000,2000,0
2021-11-22 10:25:00,2000,2000,2000,2000,0
2021-11-22 10:26:00,2000,2000,2000,2000,0
2021-11-22 10:27:00,2000,2000,2000,2000,0
2021-11-22 10:28:00,2000,2000,2000,2000,0
2021-11-22 10:29:00,2000,2000,2000,2000,0
2021-11-22 10:30:00,2000,2000,2000,2000,0
2021-11-22 10:31:00,2000,2000,2000,2000,0
2021-11-22 10:32:00,2000,2000,2000,2000,0
2021-11-22 10:33:00,2000,2000,2000,2000,0
2021-11-22 10:34:00,2000,2000,2000,2000,0
2021-11-22 10:35:00,2000,2000,2000,2000,0
2021-11-22 10:36:00,2000,2000,2000,2000,0
2021-11-22 10:37:00,2000,2000,2000,2000,0
2021-11-22 10:38:00,2000,2000,2000,2000,0
2021-11-22 10:39:00,2000,2000,2000,2000,0
2021-11-22 10:40:00,2000,2000,2000,2000,0
2021-11-22 10:41:00,2000,2000,2000,2000,0
2021-11-22 10:42:00,2000,2000,2000,2000,0
2021-11-22 10:43:00,2000,2000,2000,2000,0
2021-11-22 10:44:00,2000,2000,2000,2000,0
2021-11-22 10:45:00,2000,2000,2000,2000,0
2021-11-22 10:46:00,2000,2000,2000,2000,0
2021-11-22 10:47:00,2000,2000,2000,2000,0
2021-11-22 10:48:00,2000,2000,2000,2000,0
2021-11-22 10:49:00,2000,2000,2000,2000,0
2021-11-22 10:50:00,2000,2000,2000,2000,0
2021-11-22 10:51:00,2000,2000,2000,2000,0
2021-11-22 10:52:00,2000,2000,2000,2000,0
2021-11-22 10:53:00,2000,2000,2000,2000,0
2021-11-22 10:54:00,2000,2000,2000,2000,0
2021-11-22 10:55:00,2000,2000,2000,2000,0
2021-11-22 10:56:00,2000,2000,2000,2000,0
2021-11-22 10:57:00,2000,2000,2000,2000,0
2021-11-22 10:58:00,2000,2000,2000,2000,0
2021-11-22 10:59:00,2000,2000,2000,2000,0
2021-11-22 11:00:00,2000,2000,2000,2000,0
2021-11-22 11:01:00,2000,2000,2000,2000,0
2021-11-22 11:02:00,2000,2000,2000,2000,0
2021-11-22 11:03:00,2000,2000,2000,2000,0
2021-11-22 11:04:00,2000,2000,2000,2000,0
2021-11-22 11:05:00,2000,2000,2000,2000,0
2021-11-22 11:06:00,2000,2000,2000,2000,0
2021-11-22 11:07:00,2000,2000,2000,2000,0
2021-11-22 11:08:00,2000,2000,2000,2000,0
2021-11-22 11:09:00,2000,2000,2000,2000,0
2021-11-22 11:10:00,2000,2000,2000,2000,0
2021-11-22 11:11:00,2000,2000,2000,2000,0
2021-11-22 11:12:00,2000,2000,2000,2000,0
2021-11-22 11:13:00,2000,2000,2000,2000,0
2021-11-22 11:14:00,2000,2000,2000,2000,0
2021-11-22 11:15:00,2000,2000,2000,2000,0
2021-11-22 11:16:00,2000,2000,2000,2000,0
2021-11-22 11:17:00,2000,2000,2000,2000,0
2021-11-22 11:18:00,2000,2000,2000,2000,0
2021-11-22 11:19:00,2000,2000,2000,2000,0
2021-11-22 11:20:00,2000,2000,2000,2000,0
2021-11-22 11:21:00,2000,2000,2000,2000,0
2021-11-22 11:22:00,2000,2000,2000,2000,0
2021-11-22 11:23:00,2000,2000,2000,2000,0
2021-11-22 11:24:00,2000,2000,2000,2000,0
2021-11-22 11:25:00,2000,2000,2000,2000,0
2021-11-22 11:26:00,2000,2000,2000,2000,0
2021-11-22 11:27:00,2000,2000,2000,2000,0
2021-11-22 11:28:00,2000,2000,2000,2000,0
2021-11-22 11:29:00,2000,2000,2000,2000,0
2021-11-22 11:30:00,2000,2000,2000,2000,0
2021-11-22 11:31:00,2000,2000,2000,2000,0
2021-11-22 11:32:00,2000,2000,2000,2000,0
2021-11-22 11:33:00,2000,2000,2000,2000,0
2021-11-22 11:34:00,2000,2000,2000,2000,0
2021-11-22 11:35:00,2000,2000,2000,2000,0
2021-11-22 11:36:00,2000,2000,2000,2000,0
2021-11-22 11:37:00,2000,2000,2000,2000,0
2021-11-22 11:38:00,2000,2000,2000,2000,0
2021-11-22 11:39:00,2000,2000,2000,2000,0
2021-11-22 11:40:00,2000,2000,2000,2000,0
2021-11-22 11:41:00,2000,2000,2000,2000,0
2021-11-22 11:42:00,2000,2000,2000,2000,0
2021-11-22 11:43:00,2000,2000,2000,2000,0
2021-11-22 11:44:00,2000,2000,2000,2000,0
2021-11-22 11:45:00,2000,2000,2000,2000,0
2021-11-22 11:46:00,2000,2000,2000,2000,0
2021-11-22 11:47:00,2000,2000,2000,2000,0
2021-11-22 11:48:00,2000,2000,2000,2000,0
2021-11-22 11:49:00,2000,2000,2000,2000,0
2021-11-22 11:50:00,2000,2000,2000,2000,0
2021-11-22 11:51:00,2000,2000,2000,2000,0
2021-11-22 11:52:00,2000,2000,2000,2000,0
2021-11-22 11:53:00,2000,2000,2000,2000,0
2021-11-22 11:54:00,2000,2000,2000,2000,0
2021-11-22 11:55:00,2000,2000,2000,2000,0
2021-11-22 11:56:00,2000,2000,2000,2000,0
2021-11-22 11:57:00,2000,2000,2000,2000,0
2021-11-22 11:58:00,2000,2000,2000,2000,0
2021-11-22 11:59:00,2000,2000,2000,2000,0
2021-11-22 12:00:00,2000,2000,2000,2000,0
2021-11-22 12:01:00,2000,2000,2000,2000,0
2021-11-22 12:02:00,2000,2000,2000,2000,0
2021-11-22 12:03:00,2000,2000,2000,2000,0
2021-11-22 12:04:00,2000,2000,2000,2000,0
2021-11-22 12:05:00,2000,2000,2000,2000,0
2021-11-22 12:06:00,2000,2000,2000,2000,0
2021-11-22 12:07:00,2000,2000,2000,2000,0
2021-11-22 12:08:00,2000,2000,2000,2000,0
2021-11-22 12:09:00,2000,2000,2000,2000,0
2021-11-22 12:10:00,2000,2000,2000,2000,0
2021-11-22 12:11:00,2000,2000,2000,2000,0
2021-11-22 12:12:00,2000,2000,2000,2000,0
2021-11-22 12:13:00,2000,2000,2000,2000,0
2021-11-22 12:14:00,2000,2000,2000,2000,0
2021-11-22 12:15:00,2000,2000,2000,2000,0
2021-11-22 12:16:00,2000,2000,2000,2000,0
2021-11-22 12:17:00,2000,2000,2000,2000,0
2021-11-22 12:18:00,2000,2000,2000,2000,0
2021-11-22 12:19:00,2000,2000,2000,2000,0
2021-11-22 12:20:00,2000,2000,2000,2000,0
2021-11-22 12:21:00,2000,2000,2000,2000,0
2021-11-22 12:22:00,2000,2000,2000,2000,0
2021-11-22 12:23:00,2000,2000,2000,2000,0
2021-11-22 12:24:00,2000,2000,2000,2000,0
2021-11-22 12:25:00,2000,2000,2000,2000,0
2021-11-22 12:26:00,2000,2000,2000,2000,0
2021-11-22 12:27:00,2000,2000,2000,2000,0
2021-11-22 12:28:00,2000,2000,2000,2000,0
2021-11-22 12:29:00,2000,2000,2000,2000,0
2021-11-22 12:30:00,2000,2000,2000,2000,0
2021-11-22 12:31:00,2000,2000,2000,2000,0
2021-11-22 12:32:00,2000,2000,2000,2000,0
2021-11-22 12:33:00,2000,2000,2000,2000,0
2021-11-22 12:34:00,2000,2000,2000,2000,0
2021-11-22 12:35:00,2000,2000,2000,2000,0
2021-11-22 12:36:00,2000,2000,2000,2000,0
2021-11-22 12:37:00,2000,2000,2000,2000,0
2021-11-22 12:38:00,2000,2000,2000,2000,0
2021-11-22 12:39:00,2000,2000,2000,2000,0
2021-11-22 12:40:00,2000,2000,2000,2000,0
2021-11-22 12:41:00,2000,2000,2000,2000,0
2021-11-22 12:42:00,2000,2000,2000,2000,0
2021-11-22 12:43:00,2000,2000,2000,2000,0
2021-11-22 12:44:00,2000,2000,2000,2000,0
2021-11-22 12:45:00,2000,2000,2000,2000,0
2021-11-22 12:46:00,2000,2000,2000,2000,0
2021-11-22 12:47:00,2000,2000,2000,2000,0
2021-11-22 12:48:00,2000,2000,2000,2000,0
2021-11-22 12:49:00,2000,2000,2000,2000,0
2021-11-22 12:50:00,2000,2000,2000,2000,0
2021-11-22 12:51:00,2000,2000,2000,2000,0
2021-11-22 12:52:00,2000,2000,2000,2000,0
2021-11-22 12:53:00,2000,2000,2000,2000,0
2021-11-22 12:54:00,2000,2000,2000,2000,0
2021-11-22 12:55:00,2000,2000,2000,2000,0
2021-11-22 12:56:00,2000,2000,2000,2000,0
2021-11-22 12:57:00,2000,2000,2000,2000,0
2021-11-22 12:58:00,2000,2000,2000,2000,0
2021-11-22 12:59:00,2000,2000,2000,2000,0
2021-11-22 13:00:00,2000,2000,2000,2000,0
2021-11-22 13:01:00,2000,2000,2000,2000,0
2021-11-22 13:02:00,2000,2000,2000,2000,0
2021-11-22 13:03:00,2000,2000,2000,2000,0
2021-11-22 13:04:00,2000,2000,2000,2000,0
2021-11-22 13:05:00,2000,2000,2000,2000,0
2021-11-22 13:06:00,2000,2000,2000,2000,0
2021-11-22 13:07:00,2000,2000,2000,2000,0
2021-11-22 13:08:00,2000,2000,2000,2000,0
2021-11-22 13:09:00,2000,2000,2000,2000,0
2021-11-22 13:10:00,2000,2000,2000,2000,0
2021-11-22 13:11:00,2000,2000,2000,2000,0
2021-11-22 13:12:00,2000,2000,2000,2000,0
2021-11-22 13:13:00,2000,2000,2000,2000,0
2021-11-22 13:14:00,2000,2000,2000,2000,0
2021-11-22 13:15:00,2000,2000,2000,2000,0
2021-11-22 13:16:00,2000,2000,2000,2000,0
2021-11-22 13:17:00,2000,2000,2000,2000,0
2021-11-22 13:18:00,2000,2000,2000,2000,0
2021-11-22 13:19:00,2000,2000,2000,2000,0
2021-11-22 13:20:00,2000,2000,2000,2000,0
2021-11-22 13:21:00,2000,2000,2000,2000,0
2021-11-22 13:22:00,2000,2000,2000,2000,0
2021-11-22 13:23:00,2000,2000,2000,2000,0
2021-11-22 13:24:00,2000,2000,2000,2000,0
2021-11-22 13:25:00,2000,2000,2000,2000,0
2021-11-22 13:26:00,2000,2000,2000,2000,0
2021-11-22 13:27:00,2000,2000,2000,2000,0
2021-11-22 13:28:00,2000,2000,2000,2000,0
2021-11-22 13:29:00,2000,2000,2000,2000,0
2021-11-22 13:30:00,2000,2000,2000,2000,0
2021-11-22 13:31:00,2000,2000,2000,2000,0
2021-11-22 13:32:00,2000,2000,2000,2000,0
2021-11-22 13:33:00,2000,2000,2000,2000,0
2021-11-22 13:34:00,2000,2000,2000,2000,0
2021-11-22 13:35:00,2000,2000,2000,2000,0
2021-11-22 13:36:00,2000,2000,2000,2000,0
2021-11-22 13:37:00,2000,2000,2000,2000,0
2021-11-22 13:38:00,2000,2000,2000,2000,0
2021-11-22 13:39:00,2000,2000,2000,2000,0
2021-11-22 13:40:00,2000,2000,2000,2000,0
2021-11-22 13:41:00,2000,2000,2000,2000,0
2021-11-22 13:42:00,2000,2000,2000,2000,0
2021-11-22 13:43:00,2000,2000,2000,2000,0
2021-11-22 13:44:00,2000,2000,2000,2000,0
2021-11-22 13:45:00,2000,2000,2000,2000,0
2021-11-22 13:46:00,2000,2000,2000,2000,0
2021-11-22 13:47:00,2000,2000,2000,2000,0
2021-11-22 13:48:00,2000,2000,2000,2000,0
2021-11-22 13:49:00,2000,2000,2000,2000,0
2021-11-22 13:50:00,2000,2000,2000,2000,0
2021-11-22 13:51:00,2000,2000,2000,2000,0
2021-11-22 13:52:00,2000,2000,2000,2000,0
2021-11-22 13:53:00,2000,2000,2000,2000,0
2021-11-22 13:54:00,2000,2000,2000,2000,0
2021-11-22 13:55:00,2000,2000,2000,2000,0
2021-11-22 13:56:00,2000,2000,2000,2000,0
2021-11-22 13:57:00,2000,2000,2000,2000,0
2021-11-22 13:58:00,2000,2000,2000,2000,0
2021-11-22 13:59:00,2000,2000,2000,2000,0
2021-11-22 14:00:00,2000,2000,2000,2000,0
2021-11-22 14:01:00,2000,2000,2000,2000,0
2021-11-22 14:02:00,2000,2000,2000,2000,0
2021-11-22 14:03:00,2000,2000,2000,2000,0
2021-11-22 14:04:00,2000,2000,2000,2000,0
2021-11-22 14:05:00,2000,2000,2000,2000,0
2021-11-22 14:06:00,2000,2000,2000,2000,0
2021-11-22 14:07:00,2000,2000,2000,2000,0
2021-11-22 14:08:00,2000,2000,2000,2000,0
2021-11-22 14:09:00,2000,2000,2000,2000,0
2021-11-22 14:10:00,2000,2000,2000,2000,0
2021-11-22 14:11:00,2000,2000,2000,2000,0
2021-11-22 14:12:00,2000,2000,2000,2000,0
2021-11-22 14:13:00,2000,2000,2000,2000,0
2021-11-22 14:14:00,2000,2000,2000,2000,0
2021-11-22 14:15:00,2000,2000,2000,2000,0
2021-11-22 14:16:00,2000,2000,2000,2000,0
2021-11-22 14:17:00,2000,2000,2000,2000,0
2021-11-22 14:18:00,2000,2000,2000,2000,0
2021-11-22 14:19:00,2000,2000,2000,2000,0
2021-11-22 14:20:00,2000,2000,2000,2000,0
2021-11-22 14:21:00,2000,2000,2000,2000,0
2021-11-22 14:22:00,2000,2000,2000,2000,0
2021-11-22 14:23:00,2000,2000,2000,2000,0
2021-11-22 14:24:00,2000,2000,2000,2000,0
2021-11-22 14:25:00,2000,2000,2000,2000,0
2021-11-22 14:26:00,2000,2000,2000,2000,0
2021-11-22 14:27:00,2000,2000,2000,2000,0
2021-11-22 14:28:00,2000,2000,2000,2000,0
2021-11-22 14:29:00,2000,2000,2000,2000,0
2021-11-22 14:30:00,2000,2000,2000,2000,0
2021-11-22 14:31:00,2000,2000,2000,2000,0
2021-11-22 14:32:00,2000,2000,2000,2000,0
2021-11-22 14:33:00,2000,2000,2000,2000,0
2021-11-22 14:34:00,2000,2000,2000,2000,0
2021-11-22 14:35:00,2000,2000,2000,2000,0
2021-11-22 14:36:00,2000,2000,2000,2000,0
2021-11-22 14:37:00,2000,2000,2000,2000,0
2021-11-22 14:38:00,2000,2000,2000,2000,0
2021-11-22 14:39:00,2000,2000,2000,2000,0
2021-11-22 14:40:00,2000,2000,2000,2000,0
2021-11-22 14:41:00,2000,2000,2000,2000,0
2021-11-22 14:42:00,2000,2000,2000,2000,0
2021-11-22 14:43:00,2000,2000,2000,2000,0
2021-11-22 14:44:00,2000,2000,2000,2000,0
2021-11-22 14:45:00,2000,2000,2000,2000,0
2021-11-22 14:46:00,2000,2000,2000,2000,0
2021-11-22 14:47:00,2000,2000,2000,2000,0
2021-11-22 14:48:00,2000,2000,2000,2000,0
2021-11-22 14:49:00,2000,2000,2000,2000,0
2021-11-22 14:50:00,2000,2000,2000,2000,0
2021-11-22 14:51:00,2000,2000,2000,2000,0
2021-11-22 14:52:00,2000,2000,2000,2000,0
2021-11-22 14:53:00,2000,2000,2000,2000,0
2021-11-22 14:54:00,2000,2000,2000,2000,0
2021-11-22 14:55:00,2000,2000,2000,2000,0
2021-11-22 14:56:00,2000,2000,2000,2000,0
2021-11-22 14:57:00,2000,2000,2000,2000,0
2021-11-22 14:58:00,2000,2000,2000,2000,0
2021-11-22 14:59:00,2000,2000,2000,2000,0
2021-11-22 15:00:00,2000,2000,2000,2000,0
2021-11-22 15:01:00,2000,2000,2000,2000,0
2021-11-22 15:02:00,2000,2000,2000,2000,0
2021-11-22 15:03:00,2000,2000,2000,2000,0
2021-11-22 15:04:00,2000,2000,2000,2000,0
2021-11-22 15:05:00,2000,2000,2000,2000,0
2021-11-22 15:06:00,2000,2000,2000,2000,0
2021-11-22 15:07:00,2000,2000,2000,2000,0
2021-11-22 15:08:00,2000,2000,2000,2000,0
2021-11-22 15:09:00,2000,2000,2000,2000,0
2021-11-22 15:10:00,2000,2000,2000,2000,0
2021-11-22 15:11:00,2000,2000,2000,2000,0
2021-11-22 15:12:00,2000,2000,2000,2000,0
2021-11-22 15:13:00,2000,2000,2000,2000,0
2021-11-22 15:14:00,2000,2000,2000,2000,0
2021-11-22 15:15:00,2000,2000,2000,2000,0
2021-11-22 15:16:00,2000,2000,2000,2000,0
2021-11-22 15:17:00,2000,2000,2000,2000,0
2021-11-22 15:18:00,2000,2000,2000,2000,0
2021-11-22 15:19:00,2000,2000,2000,2000,0
2021-11-22 15:20:00,2000,2000,2000,2000,0
2021-11-22 15:21:00,2000,2000,2000,2000,0
2021-11-22 15:22:00,2000,2000,2000,2000,0
2021-11-22 15:23:00,2000,2000,2000,2000,0
2021-11-22 15:24:00,2000,2000,2000,2000,0
2021-11-22 15:25:00,2000,2000,2000,2000,0
2021-11-22 15:26:00,2000,2000,2000,2000,0
2021-11-22 15:27:00,2000,2000,2000,2000,0
2021-11-22 15:28:00,2000,2000,2000,2000,0
2021-11-22 15:29:00,2000,2000,2000,2000,0
2021-11-22 15:30:00,2000,2000,2000,2000,0
2021-11-22 15:31:00,2000,2000,2000,2000,0
2021-11-22 15:32:00,2000,2000,2000,2000,0
2021-11-22 15:33:00,2000,2000,2000,2000,0
2021-11-22 15:34:00,2000,2000,2000,2000,0
2021-11-22 15:35:00,2000,2000,2000,2000,0
2021-11-22 15:36:00,2000,2000,2000,2000,0
2021-11-22 15:37:00,2000,2000,2000,2000,0
2021-11-22 15:38:00,2000,2000,2000,2000,0
2021-11-22 15:39:00,2000,2000,2000,2000,0
2021-11-22 15:40:00,2000,2000,2000,2000,0
2021-11-22 15:41:00,2000,2000,2000,2000,0
2021-11-22 15:42:00,2000,2000,2000,2000,0
2021-11-22 15:43:00,2000,2000,2000,2000,0
2021-11-22 15:44:00,2000,2000,2000,2000,0
2021-11-22 15:45:00,2000,2000,2000,2000,0
2021-11-22 15:46:00,2000,2000,2000,2000,0
2021-11-22 15:47:00,2000,2000,2000,2000,0
2021-11-22 15:48:00,2000,2000,2000,2000,0
2021-11-22 15:49:00,2000,2000,2000,2000,0
2021-11-22 15:50:00,2000,2000,2000,2000,0
2021-11-22 15:51:00,2000,2000,2000,2000,0
2021-11-22 15:52:00,2000,2000,2000,2000,0
2021-11-22 15:53:00,2000,2000,2000,2000,0
2021-11-22 15:54:00,2000,2000,2000,2000,0
2021-11-22 15:55:00,2000,2000,2000,2000,0
2021-11-22 15:56:00,2000,2000,2000,2000,0
2021-11-22 15:57:00,2000,2000,2000,2000,0
2021-11-22 15:58:00,2000,2000,2000,2000,0
2021-11-22 15:59:00,2000,2000,2000,2000,0
2021-11-23 09:00:00,2000,2000,2000,2000,0
2021-11-23 09:01:00,2000,2000,2000,2000,0
2021-11-23 09:02:00,2000,2000,2000,2000,0
2021-11-23 09:03:00,2000,2000,2000,2000,0
2021-11-23 09:04:00,2000,2000,2000,2000,0
2021-11-23 09:05:00,2000,2000,2000,2000,0
2021-11-23 09:06:00,2000,2000,2000,2000,0
2021-11-23 09:07:00,2000,2000,2000,2000,0
2021-11-23 09:08:00,2000,2000,2000,2000,0
2021-11-23 09:09:00,2000,2000,2000,2000,0
2021-11-23 09:10:00,2000,2000,2000,2000,0
2021-11-23 09:11:00,2000,2000,2000,2000,0
2021-11-23 09:12:00,2000,2000,2000,2000,0
2021-11-23 09:13:00,2000,2000,2000,2000,0
2021-11-23 09:14:00,2000,2000,2000,2000,0
2021-11-23 09:15:00,2000,2000,2000,2000,0
2021-11-23 09:16:00,2000,2000,2000,2000,0
2021-11-23 09:17:00,2000,2000,2000,2000,0
2021-11-23 09:18:00,2000,2000,2000,2000,0
2021-11-23 09:19:00,2000,2000,2000,2000,0
2021-11-23 09:20:00,2000,2000,2000,2000,0
2021-11-23 09:21:00,2000,2000,2000,2000,0
2021-11-23 09:22:00,2000,2000,2000,2000,0
2021-11-23 09:23:00,2000,2000,2000,2000,0
2021-11-23 09:24:00,2000,2000,2000,2000,0
2021-11-23 09:25:00,2000,2000,2000,2000,0
2021-11-23 09:26:00,2000,2000,2000,2000,0
2021-11-23 09:27:00,2000,2000,2000,2000,0
2021-11-23 09:28:00,2000,2000,2000,2000,0
2021-11-23 09:29:00,2000,2000,2000,2000,0
2021-11-23 09:30:00,2000,2000,2000,2000,0
2021-11-23 09:31:00,2000,2000,2000,2000,0
2021-11-23 09:32:00,2000,2000,2000,2000,0
2021-11-23 09:33:00,2000,2000,2000,2000,0
2021-11-23 09:34:00,2000,2000,2000,2000,0
2021-11-23 09:35:00,2000,2000,2000,2000,0
2021-11-23 09:36:00,2000,2000,2000,2000,0
2021-11-23 09:37:00,2000,2000,2000,2000,0
2021-11-23 09:38:00,2000,2000,2000,2000,0
2021-11-23 09:39:00,2000,2000,2000,2000,0
2021-11-23 09:40:00,2000,2000,2000,2000,0
2021-11-23 09:41:00,2000,2000,2000,2000,0
2021-11-23 09:42:00,2000,2000,2000,2000,0
2021-11-23 09:43:00,2000,2000,2000,2000,0
2021-11-23 09:44:00,2000,2000,2000,2000,0
2021-11-23 09:45:00,2000,2000,2000,2000,0
2021-11-23 09:46:00,2000,2000,2000,2000,0
2021-11-23 09:47:00,2000,2000,2000,2000,0
2021-11-23 09:48:00,2000,2000,2000,2000,0
2021-11-23 09:49:00,2000,2000,2000,2000,0
2021-11-23 09:50:00,2000,2000,2000,2000,0
2021-11-23 09:51:00,2000,2000,2000,2000,0
2021-11-23 09:52:00,2000,2000,2000,2000,0
2021-11-23 09:53:00,2000,2000,2000,2000,0
2021-11-23 09:54:00,2000,2000,2000,2000,0
2021-11-23 09:55:00,2000,2000,2000,2000,0
2021-11-23 09:56:00,2000,2000,2000,2000,0
2021-11-23 09:57:00,2000,2000,2000,2000,0
2021-11-23 09:58:00,2000,2000,2000,2000,0
2021-11-23 09:59:00,2000,2000,2000,2000,0
2021-11-23 10:00:00,2000,2000,2000,2000,0
2021-11-23 10:01:00,2000,2000,2000,2000,0
2021-11-23 10:02:00,2000,2000,2000,2000,0
2021-11-23 10:03:00,2000,2000,2000,2000,0
2021-11-23 10:04:00,2000,2000,2000,2000,0
2021-11-23 10:05:00,2000,2000,2000,2000,0
2021-11-23 10:06:00,2000,2000,2000,2000,0
2021-11-23 10:07:00,2000,2000,2000,2000,0
2021-11-23 10:08:00,2000,2000,2000,2000,0
2021-11-23 10:09:00,2000,2000,2000,2000,0
2021-11-23 10:10:00,2000,2000,2000,2000,0
2021-11-23 10:11:00,2000,2000,2000,2000,0
2021-11-23 10:12:00,2000,2000,2000,2000,0
2021-11-23 10:13:00,2000,2000,2000,2000,0
2021-11-23 10:14:00,2000,2000,2000,2000,0
2021-11-23 10:15:00,2000,2000,2000,2000,0
2021-11-23 10:16:00,2000,2000,2000,2000,0
2021-11-23 10:17:00,2000,2000,2000,2000,0
2021-11-23 10:18:00,2000,2000,2000,2000,0
2021-11-23 10:19:00,2000,2000,2000,2000,0
2021-11-23 10:20:00,2000,2000,2000,2000,0
2021-11-23 10:21:00,2000,2000,2000,2000,0
2021-11-23 10:22:00,2000,2000,2000,2000,0
2021-11-23 10:23:00,2000,2000,2000,2000,0
2021-11-23 10:24:00,2000,2000,2000,2000,0
2021-11-23 10:25:00,2000,2000,2000,2000,0
2021-11-23 10:26:00,2000,2000,2000,2000,0
2021-11-23 10:27:00,2000,2000,2000,2000,0
2021-11-23 10:28:00,2000,2000,2000,2000,0
2021-11-23 10:29:00,2000,2000,2000,2000,0
2021-11-23 10:30:00,2000,2000,2000,2000,0
2021-11-23 10:31:00,2000,2000,2000,2000,0
2021-11-23 10:32:00,2000,2000,2000,2000,0
2021-11-23 10:33:00,2000,2000,2000,2000,0
2021-11-23 10:34:00,2000,2000,2000,2000,0
2021-11-23 10:35:00,2000,2000,2000,2000,0
2021-11-23 10:36:00,2000,2000,2000,2000,0
2021-11-23 10:37:00,2000,2000,2000,2000,0
2021-11-23 10:38:00,2000,2000,2000,2000,0
2021-11-23 10:39:00,2000,2000,2000,2000,0
2021-11-23 10:40:00,2000,2000,2000,2000,0
2021-11-23 10:41:00,2000,2000,2000,2000,0
2021-11-23 10:42:00,2000,2000,2000,2000,0
2021-11-23 10:43:00,2000,2000,2000,2000,0
2021-11-23 10:44:00,2000,2000,2000,2000,0
2021-11-23 10:45:00,2000,2000,2000,2000,0
2021-11-23 10:46:00,2000,2000,2000,2000,0
2021-11-23 10:47:00,2000,2000,2000,2000,0
2021-11-23 10:48:00,2000,2000,2000,2000,0
2021-11-23 10:49:00,2000,2000,2000,2000,0
2021-11-23 10:50:00,2000,2000,2000,2000,0
2021-11-23 10:51:00,2000,2000,2000,2000,0
2021-11-23 10:52:00,2000,2000,2000,2000,0
2021-11-23 10:53:00,2000,2000,2000,2000,0
2021-11-23 10:54:00,2000,2000,2000,2000,0
2021-11-23 10:55:00,2000,2000,2000,2000,0
2021-11-23 10:56:00,2000,2000,2000,2000,0
2021-11-23 10:57:00,2000,2000,2000,2000,0
2021-11-23 10:58:00,2000,2000,2000,2000,0
2021-11-23 10:59:00,2000,2000,2000,2000,0
2021-11-23 11:00:00,2000,2000,2000,2000,0
2021-11-23 11:01:00,2000,2000,2000,2000,0
2021-11-23 11:02:00,2000,2000,2000,2000,0
2021-11-23 11:03:00,2000,2000,2000,2000,0
2021-11-23 11:04:00,2000,2000,2000,2000,0
2021-11-23 11:05:00,2000,2000,2000,2000,0
2021-11-23 11:06:00,2000,2000,2000,2000,0
2021-11-23 11:07:00,2000,2000,2000,2000,0
2021-11-23 11:08:00,2000,2000,2000,2000,0
2021-11-23 11:09:00,2000,2000,2000,2000,0
2021-11-23 11:10:00,2000,2000,2000,2000,0
2021-11-23 11:11:00,2000,2000,2000,2000,0
2021-11-23 11:12:00,2000,2000,2000,2000,0
2021-11-23 11:13:00,2000,2000,2000,2000,0
2021-11-23 11:14:00,2000,2000,2000,2000,0
2021-11-23 11:15:00,2000,2000,2000,2000,0
2021-11-23 11:16:00,2000,2000,2000,2000,0
2021-11-23 11:17:00,2000,2000,2000,2000,0
2021-11-23 11:18:00,2000,2000,2000,2000,0
2021-11-23 11:19:00,2000,2000,2000,2000,0
2021-11-23 11:20:00,2000,2000,2000,2000,0
2021-11-23 11:21:00,2000,2000,2000,2000,0
2021-11-23 11:22:00,2000,2000,2000,2000,0
2021-11-23 11:23:00,2000,2000,2000,2000,0
2021-11-23 11:24:00,2000,2000,2000,2000,0
2021-11-23 11:25:00,2000,2000,2000,2000,0
2021-11-23 11:26:00,2000,2000,2000,2000,0
2021-11-23 11:27:00,2000,2000,2000,2000,0
2021-11-23 11:28:00,2000,2000,2000,2000,0
2021-11-23 11:29:00,2000,2000,2000,2000,0
2021-11-23 11:30:00,2000,2000,2000,2000,0
2021-11-23 11:31:00,2000,2000,2000,2000,0
2021-11-23 11:32:00,2000,2000,2000,2000,0
2021-11-23 11:33:00,2000,2000,2000,2000,0
2021-11-23 11:34:00,2000,2000,2000,2000,0
2021-11-23 11:35:00,2000,2000,2000,2000,0
2021-11-23 11:36:00,2000,2000,2000,2000,0
2021-11-23 11:37:00,2000,2000,2000,2000,0
2021-11-23 11:38:00,2000,2000,2000,2000,0
2021-11-23 11:39:00,2000,2000,2000,2000,0
2021-11-23 11:40:00,2000,2000,2000,2000,0
2021-11-23 11:41:00,2000,2000,2000,2000,0
2021-11-23 11:42:00,2000,2000,2000,2000,0
2021-11-23 11:43:00,2000,2000,2000,2000,0
2021-11-23 11:44:00,2000,2000,2000,2000,0
2021-11-23 11:45:00,2000,2000,2000,2000,0
2021-11-23 11:46:00,2000,2000,2000,2000,0
2021-11-23 11:47:00,2000,2000,2000,2000,0
2021-11-23 11:48:00,2000,2000,2000,2000,0
2021-11-23 11:49:00,2000,2000,2000,2000,0
2021-11-23 11:50:00,2000,2000,2000,2000,0
2021-11-23 11:51:00,2000,2000,2000,2000,0
2021-11-23 11:52:00,2000,2000,2000,2000,0
2021-11-23 11:53:00,2000,2000,2000,2000,0
2021-11-23 11:54:00,2000,2000,2000,2000,0
2021-11-23 11:55:00,2000,2000,2000,2000,0
2021-11-23 11:56:00,2000,2000,2000,2000,0
2021-11-23 11:57:00,2000,2000,2000,2000,0
2021-11-23 11:58:00,2000,2000,2000,2000,0
2021-11-23 11:59:00,2000,2000,2000,2000,0
2021-11-23 12:00:00,2000,2000,2000,2000,0
2021-11-23 12:01:00,2000,2000,2000,2000,0
2021-11-23 12:02:00,2000,2000,2000,2000,0
2021-11-23 12:03:00,2000,2000,2000,2000,0
2021-11-23 12:04:00,2000,2000,2000,2000,0
2021-11-23 12:05:00,2000,2000,2000,2000,0
2021-11-23 12:06:00,2000,2000,2000,2000,0
2021-11-23 12:07:00,2000,2000,2000,2000,0
2021-11-23 12:08:00,2000,2000,2000,2000,0
2021-11-23 12:09:00,2000,2000,2000,2000,0
2021-11-23 12:10:00,2000,2000,2000,2000,0
2021-11-23 12:11:00,2000,2000,2000,2000,0
2021-11-23 12:12:00,2000,2000,2000,2000,0
2021-11-23 12:13:00,2000,2000,2000,2000,0
2021-11-23 12:14:00,2000,2000,2000,2000,0
2021-11-23 12:15:00,2000,2000,2000,2000,0
2021-11-23 12:16:00,2000,2000,2000,2000,0
2021-11-23 12:17:00,2000,2000,2000,2000,0
2021-11-23 12:18:00,2000,2000,2000,2000,0
2021-11-23 12:19:00,2000,2000,2000,2000,0
2021-11-23 12:20:00,2000,2000,2000,2000,0
2021-11-23 12:21:00,2000,2000,2000,2000,0
2021-11-23 12:22:00,2000,2000,2000,2000,0
2021-11-23 12:23:00,2000,2000,2000,2000,0
2021-11-23 12:24:00,2000,2000,2000,2000,0
2021-11-23 12:25:00,2000,2000,2000,2000,0
2021-11-23 12:26:00,2000,2000,2000,2000,0
2021-11-23 12:27:00,2000,2000,2000,2000,0
2021-11-23 12:28:00,2000,2000,2000,2000,0
2021-11-23 12:29:00,2000,2000,2000,2000,0
2021-11-23 12:30:00,2000,2000,2000,2000,0
2021-11-23 12:31:00,2000,2000,2000,2000,0
2021-11-23 12:32:00,2000,2000,2000,2000,0
2021-11-23 12:33:00,2000,2000,2000,2000,0
2021-11-23 12:34:00,2000,2000,2000,2000,0
2021-11-23 12:35:00,2000,2000,2000,2000,0
2021-11-23 12:36:00,2000,2000,2000,2000,0
2021-11-23 12:37:00,2000,2000,2000,2000,0
2021-11-23 12:38:00,2000,2000,2000,2000,0
2021-11-23 12:39:00,2000,2000,2000,2000,0
2021-11-23 12:40:00,2000,2000,2000,2000,0
2021-11-23 12:41:00,2000,2000,2000,2000,0
2021-11-23 12:42:00,2000,2000,2000,2000,0
2021-11-23 12:43:00,2000,2000,2000,2000,0
2021-11-23 12:44:00,2000,2000,2000,2000,0
2021-11-23 12:45:00,2000,2000,2000,2000,0
2021-11-23 12:46:00,2000,2000,2000,2000,0
2021-11-23 12:47:00,2000,2000,2000,2000,0
2021-11-23 12:48:00,2000,2000,2000,2000,0
2021-11-23 12:49:00,2000,2000,2000,2000,0
2021-11-23 12:50:00,2000,2000,2000,2000,0
2021-11-23 12:51:00,2000,2000,2000,2000,0
2021-11-23 12:52:00,2000,2000,2000,2000,0
2021-11-23 12:53:00,2000,2000,2000,2000,0
2021-11-23 12:54:00,2000,2000,2000,2000,0
2021-11-23 12:55:00,2000,2000,2000,2000,0
2021-11-23 12:56:00,2000,2000,2000,2000,0
2021-11-23 12:57:00,2000,2000,2000,2000,0
2021-11-23 12:58:00,2000,2000,2000,2000,0
2021-11-23 12:59:00,2000,2000,2000,2000,0
2021-11-23 13:00:00,2000,2000,2000,2000,0
2021-11-23 13:01:00,2000,2000,2000,2000,0
2021-11-23 13:02:00,2000,2000,2000,2000,0
2021-11-23 13:03:00,2000,2000,2000,2000,0
2021-11-23 13:04:00,2000,2000,2000,2000,0
2021-11-23 13:05:00,2000,2000,2000,2000,0
2021-11-23 13:06:00,2000,2000,2000,2000,0
2021-11-23 13:07:00,2000,2000,2000,2000,0
2021-11-23 13:08:00,2000,2000,2000,2000,0
2021-11-23 13:09:00,2000,2000,2000,2000,0
2021-11-23 13:10:00,2000,2000,2000,2000,0
2021-11-23 13:11:00,2000,2000,2000,2000,0
2021-11-23 13:12:00,2000,2000,2000,2000,0
2021-11-23 13:13:00,2000,2000,2000,2000,0
2021-11-23 13:14:00,2000,2000,2000,2000,0
2021-11-23 13:15:00,2000,2000,2000,2000,0
2021-11-23 13:16:00,2000,2000,2000,2000,0
2021-11-23 13:17:00,2000,2000,2000,2000,0
2021-11-23 13:18:00,2000,2000,2000,2000,0
2021-11-23 13:19:00,2000,2000,2000,2000,0
2021-11-23 13:20:00,2000,2000,2000,2000,0
2021-11-23 13:21:00,2000,2000,2000,2000,0
2021-11-23 13:22:00,2000,2000,2000,2000,0
2021-11-23 13:23:00,2000,2000,2000,2000,0
2021-11-23 13:24:00,2000,2000,2000,2000,0
2021-11-23 13:25:00,2000,2000,2000,2000,0
2021-11-23 13:26:00,2000,2000,2000,2000,0
2021-11-23 13:27:00,2000,2000,2000,2000,0
2021-11-23 13:28:00,2000,2000,2000,2000,0
2021-11-23 13:29:00,2000,2000,2000,2000,0
2021-11-23 13:30:00,2000,2000,2000,2000,0
2021-11-23 13:31:00,2000,2000,2000,2000,0
2021-11-23 13:32:00,2000,2000,2000,2000,0
2021-11-23 13:33:00,2000,2000,2000,2000,0
2021-11-23 13:34:00,2000,2000,2000,2000,0
2021-11-23 13:35:00,2000,2000,2000,2000,0
2021-11-23 13:36:00,2000,2000,2000,2000,0
2021-11-23 13:37:00,2000,2000,2000,2000,0
2021-11-23 13:38:00,2000,2000,2000,2000,0
2021-11-23 13:39:00,2000,2000,2000,2000,0
2021-11-23 13:40:00,2000,2000,2000,2000,0
2021-11-23 13:41:00,2000,2000,2000,2000,0
2021-11-23 13:42:00,2000,2000,2000,2000,0
2021-11-23 13:43:00,2000,2000,2000,2000,0
2021-11-23 13:44:00,2000,2000,2000,2000,0
2021-11-23 13:45:00,2000,2000,2000,2000,0
2021-11-23 13:46:00,2000,2000,2000,2000,0
2021-11-23 13:47:00,2000,2000,2000,2000,0
2021-11-23 13:48:00,2000,2000,2000,2000,0
2021-11-23 13:49:00,2000,2000,2000,2000,0
2021-11-23 13:50:00,2000,2000,2000,2000,0
2021-11-23 13:51:00,2000,2000,2000,2000,0
2021-11-23 13:52:00,2000,2000,2000,2000,0
2021-11-23 13:53:00,2000,2000,2000,2000,0
2021-11-23 13:54:00,2000,2000,2000,2000,0
2021-11-23 13:55:00,2000,2000,2000,2000,0
2021-11-23 13:56:00,2000,2000,2000,2000,0
2021-11-23 13:57:00,2000,2000,2000,2000,0
2021-11-23 13:58:00,2000,2000,2000,2000,0
2021-11-23 13:59:00,2000,2000,2000,2000,0
2021-11-23 14:00:00,2000,2000,2000,2000,0
2021-11-23 14:01:00,2000,2000,2000,2000,0
2021-11-23 14:02:00,2000,2000,2000,2000,0
2021-11-23 14:03:00,2000,2000,2000,2000,0
2021-11-23 14:04:00,2000,2000,2000,2000,0
2021-11-23 14:05:00,2000,2000,2000,2000,0
2021-11-23 14:06:00,2000,2000,2000,2000,0
2021-11-23 14:07:00,2000,2000,2000,2000,0
2021-11-23 14:08:00,2000,2000,2000,2000,0
2021-11-23 14:09:00,2000,2000,2000,2000,0
2021-11-23 14:10:00,2000,2000,2000,2000,0
2021-11-23 14:11:00,2000,2000,2000,2000,0
2021-11-23 14:12:00,2000,2000,2000,2000,0
2021-11-23 14:13:00,2000,2000,2000,2000,0
2021-11-23 14:14:00,2000,2000,2000,2000,0
2021-11-23 14:15:00,2000,2000,2000,2000,0
2021-11-23 14:16:00,2000,2000,2000,2000,0
2021-11-23 14:17:00,2000,2000,2000,2000,0
2021-11-23 14:18:00,2000,2000,2000,2000,0
2021-11-23 14:19:00,2000,2000,2000,2000,0
2021-11-23 14:20:00,2000,2000,2000,2000,0
2021-11-23 14:21:00,2000,2000,2000,2000,0
2021-11-23 14:22:00,2000,2000,2000,2000,0
2021-11-23 14:23:00,2000,2000,2000,2000,0
2021-11-23 14:24:00,2000,2000,2000,2000,0
2021-11-23 14:25:00,2000,2000,2000,2000,0
2021-11-23 14:26:00,2000,2000,2000,2000,0
2021-11-23 14:27:00,2000,2000,2000,2000,0
2021-11-23 14:28:00,2000,2000,2000,2000,0
2021-11-23 14:29:00,2000,2000,2000,2000,0
2021-11-23 14:30:00,2000,2000,2000,2000,0
2021-11-23 14:31:00,2000,2000,2000,2000,0
2021-11-23 14:32:00,2000,2000,2000,2000,0
2021-11-23 14:33:00,2000,2000,2000,2000,0
2021-11-23 14:34:00,2000,2000,2000,2000,0
2021-11-23 14:35:00,2000,2000,2000,2000,0
2021-11-23 14:36:00,2000,2000,2000,2000,0
2021-11-23 14:37:00,2000,2000,2000,2000,0
2021-11-23 14:38:00,2000,2000,2000,2000,200
2021-11-23 14:39:00,2000,2000,2000,2000,0
2021-11-23 14:40:00,2000,2000,2000,2000,0
2021-11-23 14:41:00,2000,2000,2000,2000,0
2021-11-23 14:42:00,2000,2000,2000,2000,0
2021-11-23 14:43:00,2000,2000,2000,2000,0
2021-11-23 14:44:00,2000,2000,2000,2000,0
2021-11-23 14:45:00,2000,2000,2000,2000,0
2021-11-23 14:46:00,2000,2000,2000,2000,0
2021-11-23 14:47:00,2000,2000,2000,2000,0
2021-11-23 14:48:00,2000,2000,2000,2000,0
2021-11-23 14:49:00,2000,2000,2000,2000,0
2021-11-23 14:50:00,2000,2000,2000,2000,0
2021-11-23 14:51:00,2000,2000,2000,2000,0
2021-11-23 14:52:00,2000,2000,2000,2000,0
2021-11-23 14:53:00,2000,2000,2000,2000,0
2021-11-23 14:54:00,2000,2000,2000,2000,0
2021-11-23 14:55:00,2000,2000,2000,2000,0
2021-11-23 14:56:00,2000,2000,2000,2000,0
2021-11-23 14:57:00,2000,2000,2000,2000,0
2021-11-23 14:58:00,2000,2000,2000,2000,0
2021-11-23 14:59:00,2000,2000,2000,2000,0
2021-11-23 15:00:00,2000,2000,2000,2000,0
2021-11-23 15:01:00,2000,2000,2000,2000,0
2021-11-23 15:02:00,2000,2000,2000,2000,0
2021-11-23 15:03:00,2000,2000,2000,2000,0
2021-11-23 15:04:00,2000,2000,2000,2000,0
2021-11-23 15:05:00,2000,2000,2000,2000,0
2021-11-23 15:06:00,2000,2000,2000,2000,0
2021-11-23 15:07:00,2000,2000,2000,2000,0
2021-11-23 15:08:00,2000,2000,2000,2000,0
2021-11-23 15:09:00,2000,2000,2000,2000,0
2021-11-23 15:10:00,2000,2000,2000,2000,0
2021-11-23 15:11:00,2000,2000,2000,2000,0
2021-11-23 15:12:00,2000,2000,2000,2000,0
2021-11-23 15:13:00,2000,2000,2000,2000,0
2021-11-23 15:14:00,2000,2000,2000,2000,0
2021-11-23 15:15:00,2000,2000,2000,2000,0
2021-11-23 15:16:00,2000,2000,2000,2000,0
2021-11-23 15:17:00,2000,2000,2000,2000,0
2021-11-23 15:18:00,2000,2000,2000,2000,0
2021-11-23 15:19:00,2000,2000,2000,2000,0
2021-11-23 15:20:00,2000,2000,2000,2000,0
2021-11-23 15:21:00,2000,2000,2000,2000,0
2021-11-23 15:22:00,2000,2000,2000,2000,0
2021-11-23 15:23:00,2000,2000,2000,2000,0
2021-11-23 15:24:00,2000,2000,2000,2000,0
2021-11-23 15:25:00,2000,2000,2000,2000,0
2021-11-23 15:26:00,2000,2000,2000,2000,0
2021-11-23 15:27:00,2000,2000,2000,2000,0
2021-11-23 15:28:00,2000,2000,2000,2000,0
2021-11-23 15:29:00,2000,2000,2000,2000,0
2021-11-23 15:30:00,2000,2000,2000,2000,0
2021-11-23 15:31:00,2000,2000,2000,2000,0
2021-11-23 15:32:00,2000,2000,2000,2000,0
2021-11-23 15:33:00,2000,2000,2000,2000,0
2021-11-23 15:34:00,2000,2000,2000,2000,0
2021-11-23 15:35:00,2000,2000,2000,2000,0
2021-11-23 15:36:00,2000,2000,2000,2000,0
2021-11-23 15:37:00,2000,2000,2000,2000,0
2021-11-23 15:38:00,2000,2000,2000,2000,0
2021-11-23 15:39:00,2000,2000,2000,2000,0
2021-11-23 15:40:00,2000,2000,2000,2000,0
2021-11-23 15:41:00,2000,2000,2000,2000,0
2021-11-23 15:42:00,2000,2000,2000,2000,0
2021-11-23 15:43:00,2000,2000,2000,2000,0
2021-11-23 15:44:00,2000,2000,2000,2000,0
2021-11-23 15:45:00,2000,2000,2000,2000,0
2021-11-23 15:46:00,2000,2000,2000,2000,0
2021-11-23 15:47:00,2000,2000,2000,2000,0
2021-11-23 15:48:00,2000,2000,2000,2000,0
2021-11-23 15:49:00,2000,2000,2000,2000,0
2021-11-23 15:50:00,2000,2000,2000,2000,0
2021-11-23 15:51:00,2000,2000,2000,2000,0
2021-11-23 15:52:00,2000,2000,2000,2000,0
2021-11-23 15:53:00,2000,2000,2000,2000,0
2021-11-23 15:54:00,2000,2000,2000,2000,0
2021-11-23 15:55:00,2000,2000,2000,2000,0
2021-11-23 15:56:00,2000,2000,2000,2000,0
2021-11-23 15:57:00,2000,2000,2000,2000,0
2021-11-23 15:58:00,2000,2000,2000,2000,0
2021-11-23 15:59:00,2000,2000,2000,2000,0
2021-11-24 09:00:00,2000,2000,2000,2000,0
2021-11-24 09:01:00,2000,2000,2000,2000,0
2021-11-24 09:02:00,2000,2000,2000,2000,0
2021-11-24 09:03:00,2000,2000,2000,2000,0
2021-11-24 09:04:00,2000,2000,2000,2000,0
2021-11-24 09:05:00,2000,2000,2000,2000,0
2021-11-24 09:06:00,2000,2000,2000,2000,0
2021-11-24 09:07:00,2000,2000,2000,2000,0
2021-11-24 09:08:00,2000,2000,2000,2000,0
2021-11-24 09:09:00,2000,2000,2000,2000,0
2021-11-24 09:10:00,2000,2000,2000,2000,0
2021-11-24 09:11:00,2000,2000,2000,2000,0
2021-11-24 09:12:00,2000,2000,2000,2000,0
2021-11-24 09:13:00,2000,2000,2000,2000,0
2021-11-24 09:14:00,2000,2000,2000,2000,0
2021-11-24 09:15:00,2000,2000,2000,2000,0
2021-11-24 09:16:00,2000,2000,2000,2000,0
2021-11-24 09:17:00,2000,2000,2000,2000,0
2021-11-24 09:18:00,2000,2000,2000,2000,0
2021-11-24 09:19:00,2000,2000,2000,2000,0
2021-11-24 09:20:00,2000,2000,2000,2000,0
2021-11-24 09:21:00,2000,2000,2000,2000,0
2021-11-24 09:22:00,2000,2000,2000,2000,0
2021-11-24 09:23:00,2000,2000,2000,2000,0
2021-11-24 09:24:00,2000,2000,2000,2000,0
2021-11-24 09:25:00,2000,2000,2000,2000,0
2021-11-24 09:26:00,2000,2000,2000,2000,0
2021-11-24 09:27:00,2000,2000,2000,2000,0
2021-11-24 09:28:00,1865,1865,1865,1865,0
2021-11-24 09:29:00,1865,1865,1865,1865,0
2021-11-24 09:30:00,1865,1865,1865,1865,0
2021-11-24 09:31:00,1865,1865,1865,1865,0
2021-11-24 09:32:00,1865,1865,1865,1865,0
2021-11-24 09:33:00,1865,1865,1865,1865,0
2021-11-24 09:34:00,1865,1865,1865,1865,0
2021-11-24 09:35:00,1865,1865,1865,1865,0
2021-11-24 09:36:00,1865,1865,1865,1865,0
2021-11-24 09:37:00,1865,1865,1865,1865,0
2021-11-24 09:38:00,1865,1865,1865,1865,0
2021-11-24 09:39:00,1865,1865,1865,1865,0
2021-11-24 09:40:00,1865,1865,1865,1865,0
2021-11-24 09:41:00,1865,1865,1865,1865,0
2021-11-24 09:42:00,1865,1865,1865,1865,0
2021-11-24 09:43:00,1865,1865,1865,1865,0
2021-11-24 09:44:00,1865,1865,1865,1865,0
2021-11-24 09:45:00,1865,1865,1865,1865,0
2021-11-24 09:46:00,1865,1865,1865,1865,0
2021-11-24 09:47:00,1865,1865,1865,1865,0
2021-11-24 09:48:00,1865,1865,1865,1865,0
2021-11-24 09:49:00,1865,1865,1865,1865,0
2021-11-24 09:50:00,1865,1865,1865,1865,0
2021-11-24 09:51:00,1865,1865,1865,1865,0
2021-11-24 09:52:00,1865,1865,1865,1865,0
2021-11-24 09:53:00,1865,1865,1865,1865,0
2021-11-24 09:54:00,1865,1865,1865,1865,0
2021-11-24 09:55:00,1865,1865,1865,1865,0
2021-11-24 09:56:00,1865,1865,1865,1865,0
2021-11-24 09:57:00,1865,1865,1865,1865,0
2021-11-24 09:58:00,1865,1865,1865,1865,0
2021-11-24 09:59:00,1865,1865,1865,1865,0
2021-11-24 10:00:00,1865,1865,1865,1865,0
2021-11-24 10:01:00,1865,1865,1865,1865,0
2021-11-24 10:02:00,1865,1865,1865,1865,0
2021-11-24 10:03:00,1865,1865,1865,1865,0
2021-11-24 10:04:00,1865,1865,1865,1865,0
2021-11-24 10:05:00,1865,1865,1865,1865,0
2021-11-24 10:06:00,1865,1865,1865,1865,0
2021-11-24 10:07:00,1865,1865,1865,1865,0
2021-11-24 10:08:00,1865,1865,1865,1865,0
2021-11-24 10:09:00,1865,1865,1865,1865,0
2021-11-24 10:10:00,1865,1865,1865,1865,0
2021-11-24 10:11:00,1865,1865,1865,1865,0
2021-11-24 10:12:00,1865,1865,1865,1865,0
2021-11-24 10:13:00,1865,1865,1865,1865,0
2021-11-24 10:14:00,1865,1865,1865,1865,0
2021-11-24 10:15:00,1865,1865,1865,1865,0
2021-11-24 10:16:00,1865,1865,1865,1865,0
2021-11-24 10:17:00,1865,1865,1865,1865,0
2021-11-24 10:18:00,1865,1865,1865,1865,0
2021-11-24 10:19:00,1865,1865,1865,1865,0
2021-11-24 10:20:00,1865,1865,1865,1865,0
2021-11-24 10:21:00,1865,1865,1865,1865,0
2021-11-24 10:22:00,1865,1865,1865,1865,0
2021-11-24 10:23:00,1870,1870,1870,1870,100
2021-11-24 10:24:00,1865,1865,1865,1865,400
2021-11-24 10:25:00,1865,1865,1865,1865,0
2021-11-24 10:26:00,1865,1865,1865,1865,0
2021-11-24 10:27:00,1865,1865,1865,1865,0
2021-11-24 10:28:00,1865,1865,1865,1865,0
2021-11-24 10:29:00,1865,1865,1865,1865,0
2021-11-24 10:30:00,1865,1865,1865,1865,0
2021-11-24 10:31:00,1865,1865,1865,1865,0
2021-11-24 10:32:00,1865,1865,1865,1865,0
2021-11-24 10:33:00,1865,1865,1865,1865,0
2021-11-24 10:34:00,1865,1865,1865,1865,0
2021-11-24 10:35:00,1865,1865,1865,1865,0
2021-11-24 10:36:00,1865,1865,1865,1865,0
2021-11-24 10:37:00,1865,1865,1865,1865,0
2021-11-24 10:38:00,1865,1865,1865,1865,0
2021-11-24 10:39:00,1865,1865,1865,1865,0
2021-11-24 10:40:00,1865,1865,1865,1865,0
2021-11-24 10:41:00,1865,1865,1865,1865,0
2021-11-24 10:42:00,1875,1875,1875,1875,100
2021-11-24 10:43:00,1875,1875,1875,1875,0
2021-11-24 10:44:00,1875,1875,1875,1875,0
2021-11-24 10:45:00,1875,1875,1875,1875,0
2021-11-24 10:46:00,1875,1875,1875,1875,0
2021-11-24 10:47:00,1875,1875,1875,1875,0
2021-11-24 10:48:00,1875,1875,1875,1875,0
2021-11-24 10:49:00,1875,1875,1875,1875,0
2021-11-24 10:50:00,1875,1875,1875,1875,0
2021-11-24 10:51:00,1875,1875,1875,1875,0
2021-11-24 10:52:00,1875,1875,1875,1875,0
2021-11-24 10:53:00,1875,1875,1875,1875,0
2021-11-24 10:54:00,1875,1875,1875,1875,0
2021-11-24 10:55:00,1875,1875,1875,1875,0
2021-11-24 10:56:00,1875,1875,1875,1875,0
2021-11-24 10:57:00,1875,1875,1875,1875,0
2021-11-24 10:58:00,1875,1875,1875,1875,0
2021-11-24 10:59:00,1875,1875,1875,1875,0
2021-11-24 11:00:00,1875,1875,1875,1875,0
2021-11-24 11:01:00,1875,1875,1875,1875,0
2021-11-24 11:02:00,1875,1875,1875,1875,0
2021-11-24 11:03:00,1875,1875,1875,1875,0
2021-11-24 11:04:00,1875,1875,1875,1875,0
2021-11-24 11:05:00,1875,1875,1875,1875,0
2021-11-24 11:06:00,1875,1875,1875,1875,0
2021-11-24 11:07:00,1875,1875,1875,1875,0
2021-11-24 11:08:00,1875,1875,1875,1875,0
2021-11-24 11:09:00,1875,1875,1875,1875,0
2021-11-24 11:10:00,1875,1875,1875,1875,0
2021-11-24 11:11:00,1875,1875,1875,1875,0
2021-11-24 11:12:00,1875,1875,1875,1875,0
2021-11-24 11:13:00,1875,1875,1875,1875,0
2021-11-24 11:14:00,1875,1875,1875,1875,0
2021-11-24 11:15:00,1875,1875,1875,1875,0
2021-11-24 11:16:00,1875,1875,1875,1875,0
2021-11-24 11:17:00,1875,1875,1875,1875,0
2021-11-24 11:18:00,1875,1875,1875,1875,0
2021-11-24 11:19:00,1875,1875,1875,1875,0
2021-11-24 11:20:00,1875,1875,1875,1875,0
2021-11-24 11:21:00,1875,1875,1875,1875,0
2021-11-24 11:22:00,1875,1875,1875,1875,0
2021-11-24 11:23:00,1875,1875,1875,1875,0
2021-11-24 11:24:00,1875,1875,1875,1875,0
2021-11-24 11:25:00,1875,1875,1875,1875,0
2021-11-24 11:26:00,1875,1875,1875,1875,0
2021-11-24 11:27:00,1875,1875,1875,1875,0
2021-11-24 11:28:00,1875,1875,1875,1875,0
2021-11-24 11:29:00,1875,1875,1875,1875,0
2021-11-24 11:30:00,1875,1875,1875,1875,0
2021-11-24 11:31:00,1875,1875,1875,1875,0
2021-11-24 11:32:00,1875,1875,1875,1875,0
2021-11-24 11:33:00,1875,1875,1875,1875,0
2021-11-24 11:34:00,1875,1875,1875,1875,0
2021-11-24 11:35:00,1875,1875,1875,1875,0
2021-11-24 11:36:00,1875,1875,1875,1875,0
2021-11-24 11:37:00,1875,1875,1875,1875,0
2021-11-24 11:38:00,1875,1875,1875,1875,0
2021-11-24 11:39:00,1875,1875,1875,1875,0
2021-11-24 11:40:00,1875,1875,1875,1875,0
2021-11-24 11:41:00,1875,1875,1875,1875,0
2021-11-24 11:42:00,1875,1875,1875,1875,0
2021-11-24 11:43:00,1875,1875,1875,1875,0
2021-11-24 11:44:00,1875,1875,1875,1875,0
2021-11-24 11:45:00,1875,1875,1875,1875,0
2021-11-24 11:46:00,1875,1875,1875,1875,0
2021-11-24 11:47:00,1875,1875,1875,1875,0
2021-11-24 11:48:00,1875,1875,1875,1875,0
2021-11-24 11:49:00,1875,1875,1875,1875,0
2021-11-24 11:50:00,1875,1875,1875,1875,0
2021-11-24 11:51:00,1875,1875,1875,1875,0
2021-11-24 11:52:00,1875,1875,1875,1875,0
2021-11-24 11:53:00,1875,1875,1875,1875,0
2021-11-24 11:54:00,1875,1875,1875,1875,0
2021-11-24 11:55:00,1875,1875,1875,1875,0
2021-11-24 11:56:00,1875,1875,1875,1875,0
2021-11-24 11:57:00,1875,1875,1875,1875,0
2021-11-24 11:58:00,1875,1875,1875,1875,0
2021-11-24 11:59:00,1875,1875,1875,1875,0
2021-11-24 12:00:00,1875,1875,1875,1875,0
2021-11-24 12:01:00,1875,1875,1875,1875,0
2021-11-24 12:02:00,1875,1875,1875,1875,0
2021-11-24 12:03:00,1875,1875,1875,1875,0
2021-11-24 12:04:00,1875,1875,1875,1875,0
2021-11-24 12:05:00,1875,1875,1875,1875,0
2021-11-24 12:06:00,1875,1875,1875,1875,0
2021-11-24 12:07:00,1875,1875,1875,1875,0
2021-11-24 12:08:00,1875,1875,1875,1875,0
2021-11-24 12:09:00,1875,1875,1875,1875,0
2021-11-24 12:10:00,1875,1875,1875,1875,0
2021-11-24 12:11:00,1875,1875,1875,1875,0
2021-11-24 12:12:00,1875,1875,1875,1875,0
2021-11-24 12:13:00,1875,1875,1875,1875,0
2021-11-24 12:14:00,1875,1875,1875,1875,0
2021-11-24 12:15:00,1875,1875,1875,1875,0
2021-11-24 12:16:00,1875,1875,1875,1875,0
2021-11-24 12:17:00,1875,1875,1875,1875,0
2021-11-24 12:18:00,1875,1875,1875,1875,0
2021-11-24 12:19:00,1875,1875,1875,1875,0
2021-11-24 12:20:00,1875,1875,1875,1875,0
2021-11-24 12:21:00,1875,1875,1875,1875,0
2021-11-24 12:22:00,1875,1875,1875,1875,0
2021-11-24 12:23:00,1875,1875,1875,1875,0
2021-11-24 12:24:00,1875,1875,1875,1875,0
2021-11-24 12:25:00,1875,1875,1875,1875,0
2021-11-24 12:26:00,1875,1875,1875,1875,0
2021-11-24 12:27:00,1875,1875,1875,1875,0
2021-11-24 12:28:00,1875,1875,1875,1875,0
2021-11-24 12:29:00,1875,1875,1875,1875,0
2021-11-24 12:30:00,1875,1875,1875,1875,0
2021-11-24 12:31:00,1875,1875,1875,1875,0
2021-11-24 12:32:00,1875,1875,1875,1875,0
2021-11-24 12:33:00,1875,1875,1875,1875,0
2021-11-24 12:34:00,1875,1875,1875,1875,0
2021-11-24 12:35:00,1875,1875,1875,1875,0
2021-11-24 12:36:00,1875,1875,1875,1875,0
2021-11-24 12:37:00,1875,1875,1875,1875,0
2021-11-24 12:38:00,1875,1875,1875,1875,0
2021-11-24 12:39:00,1875,1875,1875,1875,0
2021-11-24 12:40:00,1875,1875,1875,1875,0
2021-11-24 12:41:00,1875,1875,1875,1875,0
2021-11-24 12:42:00,1875,1875,1875,1875,0
2021-11-24 12:43:00,1875,1875,1875,1875,0
2021-11-24 12:44:00,1875,1875,1875,1875,0
2021-11-24 12:45:00,1875,1875,1875,1875,0
2021-11-24 12:46:00,1875,1875,1875,1875,0
2021-11-24 12:47:00,1875,1875,1875,1875,0
2021-11-24 12:48:00,1875,1875,1875,1875,0
2021-11-24 12:49:00,1875,1875,1875,1875,0
2021-11-24 12:50:00,1875,1875,1875,1875,0
2021-11-24 12:51:00,1875,1875,1875,1875,0
2021-11-24 12:52:00,1875,1875,1875,1875,0
2021-11-24 12:53:00,1875,1875,1875,1875,0
2021-11-24 12:54:00,1875,1875,1875,1875,0
2021-11-24 12:55:00,1875,1875,1875,1875,0
2021-11-24 12:56:00,1875,1875,1875,1875,0
2021-11-24 12:57:00,1875,1875,1875,1875,0
2021-11-24 12:58:00,1875,1875,1875,1875,0
2021-11-24 12:59:00,1875,1875,1875,1875,0
2021-11-24 13:00:00,1875,1875,1875,1875,0
2021-11-24 13:01:00,1875,1875,1875,1875,0
2021-11-24 13:02:00,1875,1875,1875,1875,0
2021-11-24 13:03:00,1875,1875,1875,1875,0
2021-11-24 13:04:00,1875,1875,1875,1875,0
2021-11-24 13:05:00,1875,1875,1875,1875,0
2021-11-24 13:06:00,1875,1875,1875,1875,0
2021-11-24 13:07:00,1875,1875,1875,1875,0
2021-11-24 13:08:00,1875,1875,1875,1875,0
2021-11-24 13:09:00,1875,1875,1875,1875,0
2021-11-24 13:10:00,1875,1875,1875,1875,0
2021-11-24 13:11:00,1875,1875,1875,1875,0
2021-11-24 13:12:00,1875,1875,1875,1875,0
2021-11-24 13:13:00,1875,1875,1875,1875,0
2021-11-24 13:14:00,1875,1875,1875,1875,0
2021-11-24 13:15:00,1875,1875,1875,1875,0
2021-11-24 13:16:00,1875,1875,1875,1875,0
2021-11-24 13:17:00,1875,1875,1875,1875,0
2021-11-24 13:18:00,1875,1875,1875,1875,0
2021-11-24 13:19:00,1875,1875,1875,1875,0
2021-11-24 13:20:00,1875,1875,1875,1875,0
2021-11-24 13:21:00,1875,1875,1875,1875,0
2021-11-24 13:22:00,1875,1875,1875,1875,0
2021-11-24 13:23:00,1875,1875,1875,1875,0
2021-11-24 13:24:00,1875,1875,1875,1875,0
2021-11-24 13:25:00,1875,1875,1875,1875,0
2021-11-24 13:26:00,1875,1875,1875,1875,0
2021-11-24 13:27:00,1875,1875,1875,1875,0
2021-11-24 13:28:00,1875,1875,1875,1875,0
2021-11-24 13:29:00,1875,1875,1875,1875,0
2021-11-24 13:30:00,1880,1880,1880,1880,100
2021-11-24 13:31:00,1880,1880,1880,1880,0
2021-11-24 13:32:00,1880,1880,1880,1880,0
2021-11-24 13:33:00,1880,1880,1880,1880,0
2021-11-24 13:34:00,1880,1880,1880,1880,0
2021-11-24 13:35:00,1880,1880,1880,1880,0
2021-11-24 13:36:00,1880,1880,1880,1880,0
2021-11-24 13:37:00,1880,1880,1880,1880,0
2021-11-24 13:38:00,1880,1880,1880,1880,0
2021-11-24 13:39:00,1875,1875,1875,1875,100
2021-11-24 13:40:00,1875,1875,1875,1875,0
2021-11-24 13:41:00,1875,1875,1875,1875,0
2021-11-24 13:42:00,1875,1875,1875,1875,0
2021-11-24 13:43:00,1995,1995,2000,2000,200
2021-11-24 13:44:00,1995,1995,2000,2000,0
2021-11-24 13:45:00,1880,1880,1880,1880,100
2021-11-24 13:46:00,1880,1880,1880,1880,0
2021-11-24 13:47:00,1880,1880,1880,1880,0
2021-11-24 13:48:00,1880,1880,1880,1880,0
2021-11-24 13:49:00,1880,1880,1880,1880,0
2021-11-24 13:50:00,1880,1880,1880,1880,0
2021-11-24 13:51:00,1880,1880,1880,1880,0
2021-11-24 13:52:00,1880,1880,1880,1880,0
2021-11-24 13:53:00,1880,1880,1880,1880,0
2021-11-24 13:54:00,1880,1880,1880,1880,0
2021-11-24 13:55:00,1880,1880,1880,1880,0
2021-11-24 13:56:00,1880,1880,1880,1880,0
2021-11-24 13:57:00,1880,1880,1880,1880,0
2021-11-24 13:58:00,1880,1880,1880,1880,0
2021-11-24 13:59:00,1880,1880,1880,1880,0
2021-11-24 14:00:00,1880,1880,1880,1880,0
2021-11-24 14:01:00,1880,1880,1880,1880,100
2021-11-24 14:02:00,1880,1880,1880,1880,0
2021-11-24 14:03:00,1880,1880,1880,1880,0
2021-11-24 14:04:00,1880,1880,1880,1880,0
2021-11-24 14:05:00,1950,1950,1950,1950,100
2021-11-24 14:06:00,1950,1950,1950,1950,0
2021-11-24 14:07:00,1950,1950,1950,1950,0
2021-11-24 14:08:00,1995,1995,1995,1995,100
2021-11-24 14:09:00,1995,1995,1995,1995,0
2021-11-24 14:10:00,1995,1995,1995,1995,0
2021-11-24 14:11:00,1995,1995,1995,1995,0
2021-11-24 14:12:00,1895,1895,1895,1895,100
2021-11-24 14:13:00,1895,1895,1895,1895,0
2021-11-24 14:14:00,1895,1895,1895,1895,0
2021-11-24 14:15:00,1895,1895,1895,1895,0
2021-11-24 14:16:00,1895,1895,1895,1895,0
2021-11-24 14:17:00,1895,1895,1895,1895,0
2021-11-24 14:18:00,1895,1895,1895,1895,0
2021-11-24 14:19:00,1895,1895,1895,1895,0
2021-11-24 14:20:00,1885,1885,1885,1885,100
2021-11-24 14:21:00,1885,1885,1885,1885,0
2021-11-24 14:22:00,1885,1885,1885,1885,0
2021-11-24 14:23:00,1885,1885,1885,1885,0
2021-11-24 14:24:00,1885,1885,1885,1885,0
2021-11-24 14:25:00,1885,1885,1885,1885,0
2021-11-24 14:26:00,1885,1885,1885,1885,0
2021-11-24 14:27:00,1885,1885,1885,1885,0
2021-11-24 14:28:00,1885,1885,1885,1885,0
2021-11-24 14:29:00,1885,1885,1885,1885,0
2021-11-24 14:30:00,1885,1885,1885,1885,0
2021-11-24 14:31:00,1885,1885,1885,1885,0
2021-11-24 14:32:00,1885,1885,1885,1885,0
2021-11-24 14:33:00,1885,1885,1885,1885,0
2021-11-24 14:34:00,1885,1885,1885,1885,0
2021-11-24 14:35:00,1885,1885,1885,1885,0
2021-11-24 14:36:00,1885,1885,1885,1885,0
2021-11-24 14:37:00,1885,1885,1885,1885,0
2021-11-24 14:38:00,1885,1885,1885,1885,0
2021-11-24 14:39:00,1885,1885,1885,1885,0
2021-11-24 14:40:00,1885,1885,1885,1885,0
2021-11-24 14:41:00,1885,1885,1885,1885,0
2021-11-24 14:42:00,1885,1885,1885,1885,0
2021-11-24 14:43:00,1885,1885,1885,1885,0
2021-11-24 14:44:00,1885,1885,1885,1885,0
2021-11-24 14:45:00,1885,1885,1885,1885,0
2021-11-24 14:46:00,1885,1885,1885,1885,0
2021-11-24 14:47:00,1885,1885,1885,1885,0
2021-11-24 14:48:00,1885,1885,1885,1885,0
2021-11-24 14:49:00,1885,1885,1885,1885,0
2021-11-24 14:50:00,1885,1885,1885,1885,0
2021-11-24 14:51:00,1885,1885,1885,1885,0
2021-11-24 14:52:00,1885,1885,1885,1885,0
2021-11-24 14:53:00,1885,1885,1885,1885,0
2021-11-24 14:54:00,1885,1885,1885,1885,0
2021-11-24 14:55:00,1885,1885,1885,1885,0
2021-11-24 14:56:00,1885,1885,1885,1885,0
2021-11-24 14:57:00,1885,1885,1885,1885,0
2021-11-24 14:58:00,1885,1885,1885,1885,0
2021-11-24 14:59:00,1885,1885,1885,1885,0
2021-11-24 15:00:00,2000,2000,2000,2000,500
2021-11-24 15:01:00,2000,2000,2000,2000,0
2021-11-24 15:02:00,2000,2000,2000,2000,0
2021-11-24 15:03:00,2000,2000,2000,2000,0
2021-11-24 15:04:00,2000,2000,2000,2000,0
2021-11-24 15:05:00,2000,2000,2000,2000,0
2021-11-24 15:06:00,2000,2000,2000,2000,0
2021-11-24 15:07:00,2000,2000,2000,2000,0
2021-11-24 15:08:00,2000,2000,2000,2000,0
2021-11-24 15:09:00,2000,2000,2000,2000,0
2021-11-24 15:10:00,2000,2000,2000,2000,0
2021-11-24 15:11:00,2000,2000,2000,2000,0
2021-11-24 15:12:00,2000,2000,2000,2000,0
2021-11-24 15:13:00,2000,2000,2000,2000,0
2021-11-24 15:14:00,2000,2000,2000,2000,0
2021-11-24 15:15:00,2000,2000,2000,2000,0
2021-11-24 15:16:00,2000,2000,2000,2000,0
2021-11-24 15:17:00,2000,2000,2000,2000,0
2021-11-24 15:18:00,2000,2000,2000,2000,0
2021-11-24 15:19:00,2000,2000,2000,2000,0
2021-11-24 15:20:00,2000,2000,2000,2000,0
2021-11-24 15:21:00,2000,2000,2000,2000,0
2021-11-24 15:22:00,2000,2000,2000,2000,0
2021-11-24 15:23:00,2000,2000,2000,2000,0
2021-11-24 15:24:00,2000,2000,2000,2000,0
2021-11-24 15:25:00,2000,2000,2000,2000,0
2021-11-24 15:26:00,2000,2000,2000,2000,0
2021-11-24 15:27:00,2000,2000,2000,2000,0
2021-11-24 15:28:00,2000,2000,2000,2000,0
2021-11-24 15:29:00,2000,2000,2000,2000,0
2021-11-24 15:30:00,2000,2000,2000,2000,0
2021-11-24 15:31:00,2000,2000,2000,2000,0
2021-11-24 15:32:00,2000,2000,2000,2000,0
2021-11-24 15:33:00,2000,2000,2000,2000,0
2021-11-24 15:34:00,2000,2000,2000,2000,0
2021-11-24 15:35:00,2000,2000,2000,2000,0
2021-11-24 15:36:00,2000,2000,2000,2000,0
2021-11-24 15:37:00,2000,2000,2000,2000,0
2021-11-24 15:38:00,2000,2000,2000,2000,0
2021-11-24 15:39:00,2000,2000,2000,2000,0
2021-11-24 15:40:00,2000,2000,2000,2000,0
2021-11-24 15:41:00,2000,2000,2000,2000,0
2021-11-24 15:42:00,2000,2000,2000,2000,0
2021-11-24 15:43:00,2000,2000,2000,2000,0
2021-11-24 15:44:00,2000,2000,2000,2000,0
2021-11-24 15:45:00,2000,2000,2000,2000,0
2021-11-24 15:46:00,2000,2000,2000,2000,0
2021-11-24 15:47:00,2000,2000,2000,2000,0
2021-11-24 15:48:00,2000,2000,2000,2000,0
2021-11-24 15:49:00,2000,2000,2000,2000,0
2021-11-24 15:50:00,2000,2000,2000,2000,0
2021-11-24 15:51:00,2000,2000,2000,2000,0
2021-11-24 15:52:00,2000,2000,2000,2000,0
2021-11-24 15:53:00,2000,2000,2000,2000,0
2021-11-24 15:54:00,2000,2000,2000,2000,0
2021-11-24 15:55:00,2000,2000,2000,2000,0
2021-11-24 15:56:00,2000,2000,2000,2000,0
2021-11-24 15:57:00,2000,2000,2000,2000,0
2021-11-24 15:58:00,2000,2000,2000,2000,0
2021-11-24 15:59:00,2000,2000,2000,2000,0
2021-11-25 09:00:00,2000,2000,2000,2000,0
2021-11-25 09:01:00,2000,2000,2000,2000,0
2021-11-25 09:02:00,2000,2000,2000,2000,0
2021-11-25 09:03:00,2000,2000,2000,2000,0
2021-11-25 09:04:00,2000,2000,2000,2000,0
2021-11-25 09:05:00,2000,2000,2000,2000,0
2021-11-25 09:06:00,2000,2000,2000,2000,0
2021-11-25 09:07:00,2000,2000,2000,2000,0
2021-11-25 09:08:00,2000,2000,2000,2000,0
2021-11-25 09:09:00,2000,2000,2000,2000,0
2021-11-25 09:10:00,2000,2000,2000,2000,0
2021-11-25 09:11:00,2000,2000,2000,2000,0
2021-11-25 09:12:00,2000,2000,2000,2000,0
2021-11-25 09:13:00,2000,2000,2000,2000,0
2021-11-25 09:14:00,2000,2000,2000,2000,0
2021-11-25 09:15:00,2000,2000,2000,2000,0
2021-11-25 09:16:00,2000,2000,2000,2000,0
2021-11-25 09:17:00,2000,2000,2000,2000,0
2021-11-25 09:18:00,2000,2000,2000,2000,0
2021-11-25 09:19:00,2000,2000,2000,2000,0
2021-11-25 09:20:00,2000,2000,2000,2000,0
2021-11-25 09:21:00,2000,2000,2000,2000,0
2021-11-25 09:22:00,2000,2000,2000,2000,0
2021-11-25 09:23:00,2000,2000,2000,2000,0
2021-11-25 09:24:00,2000,2000,2000,2000,0
2021-11-25 09:25:00,2000,2000,2000,2000,0
2021-11-25 09:26:00,2000,2000,2000,2000,0
2021-11-25 09:27:00,2000,2000,2000,2000,0
2021-11-25 09:28:00,2000,2000,2000,2000,0
2021-11-25 09:29:00,2000,2000,2000,2000,0
2021-11-25 09:30:00,2000,2000,2000,2000,0
2021-11-25 09:31:00,2000,2000,2000,2000,0
2021-11-25 09:32:00,2000,2000,2000,2000,0
2021-11-25 09:33:00,2000,2000,2000,2000,0
2021-11-25 09:34:00,2000,2000,2000,2000,0
2021-11-25 09:35:00,2000,2000,2000,2000,0
2021-11-25 09:36:00,2000,2000,2000,2000,0
2021-11-25 09:37:00,2000,2000,2000,2000,0
2021-11-25 09:38:00,2000,2000,2000,2000,0
2021-11-25 09:39:00,2000,2000,2000,2000,0
2021-11-25 09:40:00,2000,2000,2000,2000,0
2021-11-25 09:41:00,2000,2000,2000,2000,0
2021-11-25 09:42:00,2000,2000,2000,2000,0
2021-11-25 09:43:00,2000,2000,2000,2000,0
2021-11-25 09:44:00,2000,2000,2000,2000,0
2021-11-25 09:45:00,2000,2000,2000,2000,0
2021-11-25 09:46:00,2000,2000,2000,2000,0
2021-11-25 09:47:00,2000,2000,2000,2000,0
2021-11-25 09:48:00,2000,2000,2000,2000,0
2021-11-25 09:49:00,2000,2000,2000,2000,0
2021-11-25 09:50:00,2000,2000,2000,2000,0
2021-11-25 09:51:00,2000,2000,2000,2000,0
2021-11-25 09:52:00,2000,2000,2000,2000,0
2021-11-25 09:53:00,2000,2000,2000,2000,0
2021-11-25 09:54:00,2000,2000,2000,2000,0
2021-11-25 09:55:00,2000,2000,2000,2000,0
2021-11-25 09:56:00,2000,2000,2000,2000,0
2021-11-25 09:57:00,2000,2000,2000,2000,0
2021-11-25 09:58:00,2000,2000,2000,2000,0
2021-11-25 09:59:00,2000,2000,2000,2000,0
2021-11-25 10:00:00,2000,2000,2000,2000,0
2021-11-25 10:01:00,2000,2000,2000,2000,0
2021-11-25 10:02:00,2000,2000,2000,2000,0
2021-11-25 10:03:00,2000,2000,2000,2000,0
2021-11-25 10:04:00,2000,2000,2000,2000,0
2021-11-25 10:05:00,2000,2000,2000,2000,0
2021-11-25 10:06:00,2000,2000,2000,2000,0
2021-11-25 10:07:00,2000,2000,2000,2000,0
2021-11-25 10:08:00,2000,2000,2000,2000,0
2021-11-25 10:09:00,2000,2000,2000,2000,0
2021-11-25 10:10:00,2000,2000,2000,2000,0
2021-11-25 10:11:00,2000,2000,2000,2000,0
2021-11-25 10:12:00,2000,2000,2000,2000,0
2021-11-25 10:13:00,2000,2000,2000,2000,0
2021-11-25 10:14:00,2000,2000,2000,2000,0
2021-11-25 10:15:00,2000,2000,2000,2000,0
2021-11-25 10:16:00,2000,2000,2000,2000,0
2021-11-25 10:17:00,2000,2000,2000,2000,0
2021-11-25 10:18:00,2000,2000,2000,2000,0
2021-11-25 10:19:00,2000,2000,2000,2000,0
2021-11-25 10:20:00,2000,2000,2000,2000,0
2021-11-25 10:21:00,2000,2000,2000,2000,0
2021-11-25 10:22:00,2000,2000,2000,2000,0
2021-11-25 10:23:00,2000,2000,2000,2000,0
2021-11-25 10:24:00,2000,2000,2000,2000,0
2021-11-25 10:25:00,2000,2000,2000,2000,0
2021-11-25 10:26:00,2000,2000,2000,2000,0
2021-11-25 10:27:00,2000,2000,2000,2000,0
2021-11-25 10:28:00,2000,2000,2000,2000,0
2021-11-25 10:29:00,2000,2000,2000,2000,0
2021-11-25 10:30:00,2000,2000,2000,2000,0
2021-11-25 10:31:00,2000,2000,2000,2000,0
2021-11-25 10:32:00,2000,2000,2000,2000,0
2021-11-25 10:33:00,2000,2000,2000,2000,0
2021-11-25 10:34:00,2000,2000,2000,2000,0
2021-11-25 10:35:00,2000,2000,2000,2000,0
2021-11-25 10:36:00,2000,2000,2000,2000,0
2021-11-25 10:37:00,2000,2000,2000,2000,0
2021-11-25 10:38:00,2000,2000,2000,2000,0
2021-11-25 10:39:00,2000,2000,2000,2000,0
2021-11-25 10:40:00,2000,2000,2000,2000,0
2021-11-25 10:41:00,2000,2000,2000,2000,0
2021-11-25 10:42:00,2000,2000,2000,2000,0
2021-11-25 10:43:00,2000,2000,2000,2000,0
2021-11-25 10:44:00,2000,2000,2000,2000,0
2021-11-25 10:45:00,2000,2000,2000,2000,0
2021-11-25 10:46:00,2000,2000,2000,2000,0
2021-11-25 10:47:00,2000,2000,2000,2000,0
2021-11-25 10:48:00,2000,2000,2000,2000,0
2021-11-25 10:49:00,2000,2000,2000,2000,0
2021-11-25 10:50:00,2000,2000,2000,2000,0
2021-11-25 10:51:00,2000,2000,2000,2000,0
2021-11-25 10:52:00,2000,2000,2000,2000,0
2021-11-25 10:53:00,2000,2000,2000,2000,0
2021-11-25 10:54:00,2000,2000,2000,2000,0
2021-11-25 10:55:00,2000,2000,2000,2000,0
2021-11-25 10:56:00,2000,2000,2000,2000,0
2021-11-25 10:57:00,2000,2000,2000,2000,0
2021-11-25 10:58:00,2000,2000,2000,2000,0
2021-11-25 10:59:00,2000,2000,2000,2000,0
2021-11-25 11:00:00,2000,2000,2000,2000,0
2021-11-25 11:01:00,2000,2000,2000,2000,0
2021-11-25 11:02:00,2000,2000,2000,2000,0
2021-11-25 11:03:00,2000,2000,2000,2000,0
2021-11-25 11:04:00,2000,2000,2000,2000,0
2021-11-25 11:05:00,2000,2000,2000,2000,0
2021-11-25 11:06:00,2000,2000,2000,2000,0
2021-11-25 11:07:00,2000,2000,2000,2000,0
2021-11-25 11:08:00,2000,2000,2000,2000,0
2021-11-25 11:09:00,2000,2000,2000,2000,0
2021-11-25 11:10:00,2000,2000,2000,2000,0
2021-11-25 11:11:00,2000,2000,2000,2000,0
2021-11-25 11:12:00,2000,2000,2000,2000,0
2021-11-25 11:13:00,2000,2000,2000,2000,0
2021-11-25 11:14:00,2000,2000,2000,2000,0
2021-11-25 11:15:00,2000,2000,2000,2000,0
2021-11-25 11:16:00,2000,2000,2000,2000,0
2021-11-25 11:17:00,2000,2000,2000,2000,0
2021-11-25 11:18:00,2000,2000,2000,2000,0
2021-11-25 11:19:00,2000,2000,2000,2000,0
2021-11-25 11:20:00,2000,2000,2000,2000,0
2021-11-25 11:21:00,2000,2000,2000,2000,0
2021-11-25 11:22:00,2000,2000,2000,2000,0
2021-11-25 11:23:00,2000,2000,2000,2000,0
2021-11-25 11:24:00,2000,2000,2000,2000,0
2021-11-25 11:25:00,2000,2000,2000,2000,0
2021-11-25 11:26:00,2000,2000,2000,2000,0
2021-11-25 11:27:00,2000,2000,2000,2000,0
2021-11-25 11:28:00,2000,2000,2000,2000,0
2021-11-25 11:29:00,2000,2000,2000,2000,0
2021-11-25 11:30:00,2000,2000,2000,2000,0
2021-11-25 11:31:00,2000,2000,2000,2000,0
2021-11-25 11:32:00,2000,2000,2000,2000,0
2021-11-25 11:33:00,2000,2000,2000,2000,0
2021-11-25 11:34:00,2000,2000,2000,2000,0
2021-11-25 11:35:00,2000,2000,2000,2000,0
2021-11-25 11:36:00,2000,2000,2000,2000,0
2021-11-25 11:37:00,2000,2000,2000,2000,0
2021-11-25 11:38:00,2000,2000,2000,2000,0
2021-11-25 11:39:00,2000,2000,2000,2000,0
2021-11-25 11:40:00,2000,2000,2000,2000,0
2021-11-25 11:41:00,2000,2000,2000,2000,0
2021-11-25 11:42:00,2000,2000,2000,2000,0
2021-11-25 11:43:00,2000,2000,2000,2000,0
2021-11-25 11:44:00,2000,2000,2000,2000,0
2021-11-25 11:45:00,2000,2000,2000,2000,0
2021-11-25 11:46:00,2000,2000,2000,2000,0
2021-11-25 11:47:00,2000,2000,2000,2000,0
2021-11-25 11:48:00,2000,2000,2000,2000,0
2021-11-25 11:49:00,2000,2000,2000,2000,0
2021-11-25 11:50:00,2000,2000,2000,2000,0
2021-11-25 11:51:00,2000,2000,2000,2000,0
2021-11-25 11:52:00,2000,2000,2000,2000,0
2021-11-25 11:53:00,2000,2000,2000,2000,0
2021-11-25 11:54:00,2000,2000,2000,2000,0
2021-11-25 11:55:00,2000,2000,2000,2000,0
2021-11-25 11:56:00,2000,2000,2000,2000,0
2021-11-25 11:57:00,2000,2000,2000,2000,0
2021-11-25 11:58:00,2000,2000,2000,2000,0
2021-11-25 11:59:00,2000,2000,2000,2000,0
2021-11-25 12:00:00,2000,2000,2000,2000,0
2021-11-25 12:01:00,2000,2000,2000,2000,0
2021-11-25 12:02:00,2000,2000,2000,2000,0
2021-11-25 12:03:00,2000,2000,2000,2000,0
2021-11-25 12:04:00,2000,2000,2000,2000,0
2021-11-25 12:05:00,2000,2000,2000,2000,0
2021-11-25 12:06:00,2000,2000,2000,2000,0
2021-11-25 12:07:00,2000,2000,2000,2000,0
2021-11-25 12:08:00,2000,2000,2000,2000,0
2021-11-25 12:09:00,2000,2000,2000,2000,0
2021-11-25 12:10:00,2000,2000,2000,2000,0
2021-11-25 12:11:00,2000,2000,2000,2000,0
2021-11-25 12:12:00,2000,2000,2000,2000,0
2021-11-25 12:13:00,2000,2000,2000,2000,0
2021-11-25 12:14:00,2000,2000,2000,2000,0
2021-11-25 12:15:00,2000,2000,2000,2000,0
2021-11-25 12:16:00,2000,2000,2000,2000,0
2021-11-25 12:17:00,2000,2000,2000,2000,0
2021-11-25 12:18:00,2000,2000,2000,2000,0
2021-11-25 12:19:00,2000,2000,2000,2000,0
2021-11-25 12:20:00,2000,2000,2000,2000,0
2021-11-25 12:21:00,2000,2000,2000,2000,0
2021-11-25 12:22:00,2000,2000,2000,2000,0
2021-11-25 12:23:00,2000,2000,2000,2000,0
2021-11-25 12:24:00,2000,2000,2000,2000,0
2021-11-25 12:25:00,2000,2000,2000,2000,0
2021-11-25 12:26:00,2000,2000,2000,2000,0
2021-11-25 12:27:00,2000,2000,2000,2000,0
2021-11-25 12:28:00,2000,2000,2000,2000,0
2021-11-25 12:29:00,2000,2000,2000,2000,0
2021-11-25 12:30:00,2000,2000,2000,2000,0
2021-11-25 12:31:00,2000,2000,2000,2000,0
2021-11-25 12:32:00,2000,2000,2000,2000,0
2021-11-25 12:33:00,2000,2000,2000,2000,0
2021-11-25 12:34:00,2000,2000,2000,2000,0
2021-11-25 12:35:00,2000,2000,2000,2000,0
2021-11-25 12:36:00,2000,2000,2000,2000,0
2021-11-25 12:37:00,2000,2000,2000,2000,0
2021-11-25 12:38:00,2000,2000,2000,2000,0
2021-11-25 12:39:00,2000,2000,2000,2000,0
2021-11-25 12:40:00,2000,2000,2000,2000,0
2021-11-25 12:41:00,2000,2000,2000,2000,0
2021-11-25 12:42:00,2000,2000,2000,2000,0
2021-11-25 12:43:00,2000,2000,2000,2000,0
2021-11-25 12:44:00,2000,2000,2000,2000,0
2021-11-25 12:45:00,2000,2000,2000,2000,0
2021-11-25 12:46:00,2000,2000,2000,2000,0
2021-11-25 12:47:00,2000,2000,2000,2000,0
2021-11-25 12:48:00,2000,2000,2000,2000,0
2021-11-25 12:49:00,2000,2000,2000,2000,0
2021-11-25 12:50:00,2000,2000,2000,2000,0
2021-11-25 12:51:00,2000,2000,2000,2000,0
2021-11-25 12:52:00,2000,2000,2000,2000,0
2021-11-25 12:53:00,2000,2000,2000,2000,0
2021-11-25 12:54:00,2000,2000,2000,2000,0
2021-11-25 12:55:00,2000,2000,2000,2000,0
2021-11-25 12:56:00,2000,2000,2000,2000,0
2021-11-25 12:57:00,2000,2000,2000,2000,0
2021-11-25 12:58:00,2000,2000,2000,2000,0
2021-11-25 12:59:00,2000,2000,2000,2000,0
2021-11-25 13:00:00,2000,2000,2000,2000,0
2021-11-25 13:01:00,2000,2000,2000,2000,0
2021-11-25 13:02:00,2000,2000,2000,2000,0
2021-11-25 13:03:00,2000,2000,2000,2000,0
2021-11-25 13:04:00,2000,2000,2000,2000,0
2021-11-25 13:05:00,2000,2000,2000,2000,0
2021-11-25 13:06:00,2000,2000,2000,2000,0
2021-11-25 13:07:00,2000,2000,2000,2000,0
2021-11-25 13:08:00,2000,2000,2000,2000,0
2021-11-25 13:09:00,2000,2000,2000,2000,0
2021-11-25 13:10:00,2000,2000,2000,2000,0
2021-11-25 13:11:00,2000,2000,2000,2000,0
2021-11-25 13:12:00,2000,2000,2000,2000,0
2021-11-25 13:13:00,2000,2000,2000,2000,0
2021-11-25 13:14:00,2000,2000,2000,2000,0
2021-11-25 13:15:00,2000,2000,2000,2000,0
2021-11-25 13:16:00,2000,2000,2000,2000,0
2021-11-25 13:17:00,2000,2000,2000,2000,0
2021-11-25 13:18:00,2000,2000,2000,2000,0
2021-11-25 13:19:00,2000,2000,2000,2000,0
2021-11-25 13:20:00,2000,2000,2000,2000,0
2021-11-25 13:21:00,2000,2000,2000,2000,0
2021-11-25 13:22:00,2000,2000,2000,2000,0
2021-11-25 13:23:00,2000,2000,2000,2000,0
2021-11-25 13:24:00,2000,2000,2000,2000,0
2021-11-25 13:25:00,2000,2000,2000,2000,0
2021-11-25 13:26:00,2000,2000,2000,2000,0
2021-11-25 13:27:00,2000,2000,2000,2000,0
2021-11-25 13:28:00,2000,2000,2000,2000,0
2021-11-25 13:29:00,2000,2000,2000,2000,0
2021-11-25 13:30:00,2000,2000,2000,2000,0
2021-11-25 13:31:00,2000,2000,2000,2000,0
2021-11-25 13:32:00,2000,2000,2000,2000,0
2021-11-25 13:33:00,2000,2000,2000,2000,0
2021-11-25 13:34:00,2000,2000,2000,2000,0
2021-11-25 13:35:00,2000,2000,2000,2000,0
2021-11-25 13:36:00,2000,2000,2000,2000,0
2021-11-25 13:37:00,2000,2000,2000,2000,0
2021-11-25 13:38:00,2000,2000,2000,2000,0
2021-11-25 13:39:00,2000,2000,2000,2000,0
2021-11-25 13:40:00,2000,2000,2000,2000,0
2021-11-25 13:41:00,2000,2000,2000,2000,0
2021-11-25 13:42:00,2000,2000,2000,2000,0
2021-11-25 13:43:00,2000,2000,2000,2000,0
2021-11-25 13:44:00,2000,2000,2000,2000,0
2021-11-25 13:45:00,2000,2000,2000,2000,0
2021-11-25 13:46:00,2000,2000,2000,2000,0
2021-11-25 13:47:00,2000,2000,2000,2000,0
2021-11-25 13:48:00,2000,2000,2000,2000,0
2021-11-25 13:49:00,2000,2000,2000,2000,0
2021-11-25 13:50:00,2000,2000,2000,2000,0
2021-11-25 13:51:00,2000,2000,2000,2000,0
2021-11-25 13:52:00,2000,2000,2000,2000,0
2021-11-25 13:53:00,2000,2000,2000,2000,0
2021-11-25 13:54:00,2000,2000,2000,2000,0
2021-11-25 13:55:00,2000,2000,2000,2000,0
2021-11-25 13:56:00,2000,2000,2000,2000,0
2021-11-25 13:57:00,2000,2000,2000,2000,0
2021-11-25 13:58:00,2000,2000,2000,2000,0
2021-11-25 13:59:00,2000,2000,2000,2000,0
2021-11-25 14:00:00,2000,2000,2000,2000,0
2021-11-25 14:01:00,2000,2000,2000,2000,0
2021-11-25 14:02:00,2000,2000,2000,2000,0
2021-11-25 14:03:00,2000,2000,2000,2000,0
2021-11-25 14:04:00,2000,2000,2000,2000,0
2021-11-25 14:05:00,2000,2000,2000,2000,0
2021-11-25 14:06:00,2000,2000,2000,2000,0
2021-11-25 14:07:00,2000,2000,2000,2000,0
2021-11-25 14:08:00,2000,2000,2000,2000,0
2021-11-25 14:09:00,2000,2000,2000,2000,0
2021-11-25 14:10:00,2000,2000,2000,2000,0
2021-11-25 14:11:00,2000,2000,2000,2000,0
2021-11-25 14:12:00,2000,2000,2000,2000,0
2021-11-25 14:13:00,2000,2000,2000,2000,0
2021-11-25 14:14:00,2000,2000,2000,2000,0
2021-11-25 14:15:00,2000,2000,2000,2000,0
2021-11-25 14:16:00,2000,2000,2000,2000,0
2021-11-25 14:17:00,2000,2000,2000,2000,0
2021-11-25 14:18:00,2000,2000,2000,2000,0
2021-11-25 14:19:00,2000,2000,2000,2000,0
2021-11-25 14:20:00,2000,2000,2000,2000,0
2021-11-25 14:21:00,2000,2000,2000,2000,0
2021-11-25 14:22:00,2000,2000,2000,2000,0
2021-11-25 14:23:00,2000,2000,2000,2000,0
2021-11-25 14:24:00,2000,2000,2000,2000,0
2021-11-25 14:25:00,2000,2000,2000,2000,0
2021-11-25 14:26:00,2000,2000,2000,2000,0
2021-11-25 14:27:00,2000,2000,2000,2000,0
2021-11-25 14:28:00,2000,2000,2000,2000,0
2021-11-25 14:29:00,2000,2000,2000,2000,0
2021-11-25 14:30:00,2000,2000,2000,2000,0
2021-11-25 14:31:00,2000,2000,2000,2000,0
2021-11-25 14:32:00,2000,2000,2000,2000,0
2021-11-25 14:33:00,2000,2000,2000,2000,0
2021-11-25 14:34:00,2000,2000,2000,2000,0
2021-11-25 14:35:00,2000,2000,2000,2000,0
2021-11-25 14:36:00,2000,2000,2000,2000,0
2021-11-25 14:37:00,2000,2000,2000,2000,0
2021-11-25 14:38:00,2000,2000,2000,2000,0
2021-11-25 14:39:00,2000,2000,2000,2000,0
2021-11-25 14:40:00,2000,2000,2000,2000,0
2021-11-25 14:41:00,2000,2000,2000,2000,0
2021-11-25 14:42:00,2000,2000,2000,2000,0
2021-11-25 14:43:00,2000,2000,2000,2000,0
2021-11-25 14:44:00,2000,2000,2000,2000,0
2021-11-25 14:45:00,2000,2000,2000,2000,0
2021-11-25 14:46:00,2000,2000,2000,2000,0
2021-11-25 14:47:00,2000,2000,2000,2000,0
2021-11-25 14:48:00,2000,2000,2000,2000,0
2021-11-25 14:49:00,2000,2000,2000,2000,0
2021-11-25 14:50:00,2000,2000,2000,2000,0
2021-11-25 14:51:00,2000,2000,2000,2000,0
2021-11-25 14:52:00,2000,2000,2000,2000,0
2021-11-25 14:53:00,2000,2000,2000,2000,0
2021-11-25 14:54:00,2000,2000,2000,2000,0
2021-11-25 14:55:00,2000,2000,2000,2000,0
2021-11-25 14:56:00,2000,2000,2000,2000,0
2021-11-25 14:57:00,2000,2000,2000,2000,0
2021-11-25 14:58:00,2000,2000,2000,2000,0
2021-11-25 14:59:00,2000,2000,2000,2000,0
2021-11-25 15:00:00,2000,2000,2000,2000,0
2021-11-25 15:01:00,2000,2000,2000,2000,0
2021-11-25 15:02:00,2000,2000,2000,2000,0
2021-11-25 15:03:00,2000,2000,2000,2000,0
2021-11-25 15:04:00,2000,2000,2000,2000,0
2021-11-25 15:05:00,2000,2000,2000,2000,0
2021-11-25 15:06:00,2000,2000,2000,2000,0
2021-11-25 15:07:00,2000,2000,2000,2000,0
2021-11-25 15:08:00,2000,2000,2000,2000,0
2021-11-25 15:09:00,2000,2000,2000,2000,0
2021-11-25 15:10:00,2000,2000,2000,2000,0
2021-11-25 15:11:00,2000,2000,2000,2000,0
2021-11-25 15:12:00,2000,2000,2000,2000,0
2021-11-25 15:13:00,2000,2000,2000,2000,0
2021-11-25 15:14:00,2000,2000,2000,2000,0
2021-11-25 15:15:00,2000,2000,2000,2000,0
2021-11-25 15:16:00,2000,2000,2000,2000,0
2021-11-25 15:17:00,2000,2000,2000,2000,0
2021-11-25 15:18:00,2000,2000,2000,2000,0
2021-11-25 15:19:00,2000,2000,2000,2000,0
2021-11-25 15:20:00,2000,2000,2000,2000,0
2021-11-25 15:21:00,2000,2000,2000,2000,0
2021-11-25 15:22:00,2000,2000,2000,2000,0
2021-11-25 15:23:00,2000,2000,2000,2000,0
2021-11-25 15:24:00,2000,2000,2000,2000,0
2021-11-25 15:25:00,2000,2000,2000,2000,0
2021-11-25 15:26:00,2000,2000,2000,2000,0
2021-11-25 15:27:00,2000,2000,2000,2000,0
2021-11-25 15:28:00,2000,2000,2000,2000,0
2021-11-25 15:29:00,2000,2000,2000,2000,0
2021-11-25 15:30:00,2000,2000,2000,2000,0
2021-11-25 15:31:00,2000,2000,2000,2000,0
2021-11-25 15:32:00,2000,2000,2000,2000,0
2021-11-25 15:33:00,2000,2000,2000,2000,0
2021-11-25 15:34:00,2000,2000,2000,2000,0
2021-11-25 15:35:00,2000,2000,2000,2000,0
2021-11-25 15:36:00,2000,2000,2000,2000,0
2021-11-25 15:37:00,2000,2000,2000,2000,0
2021-11-25 15:38:00,2000,2000,2000,2000,0
2021-11-25 15:39:00,2000,2000,2000,2000,0
2021-11-25 15:40:00,2000,2000,2000,2000,0
2021-11-25 15:41:00,2000,2000,2000,2000,0
2021-11-25 15:42:00,2000,2000,2000,2000,0
2021-11-25 15:43:00,2000,2000,2000,2000,0
2021-11-25 15:44:00,2000,2000,2000,2000,0
2021-11-25 15:45:00,2000,2000,2000,2000,0
2021-11-25 15:46:00,2000,2000,2000,2000,0
2021-11-25 15:47:00,2000,2000,2000,2000,0
2021-11-25 15:48:00,2000,2000,2000,2000,0
2021-11-25 15:49:00,2000,2000,2000,2000,0
2021-11-25 15:50:00,2000,2000,2000,2000,0
2021-11-25 15:51:00,2000,2000,2000,2000,0
2021-11-25 15:52:00,2000,2000,2000,2000,0
2021-11-25 15:53:00,2000,2000,2000,2000,0
2021-11-25 15:54:00,2000,2000,2000,2000,0
2021-11-25 15:55:00,2000,2000,2000,2000,0
2021-11-25 15:56:00,2000,2000,2000,2000,0
2021-11-25 15:57:00,2000,2000,2000,2000,0
2021-11-25 15:58:00,2000,2000,2000,2000,0
2021-11-25 15:59:00,2000,2000,2000,2000,0
2021-11-26 09:00:00,2000,2000,2000,2000,0
2021-11-26 09:01:00,2000,2000,2000,2000,0
2021-11-26 09:02:00,2000,2000,2000,2000,0
2021-11-26 09:03:00,2000,2000,2000,2000,0
2021-11-26 09:04:00,2000,2000,2000,2000,0
2021-11-26 09:05:00,2000,2000,2000,2000,0
2021-11-26 09:06:00,2000,2000,2000,2000,0
2021-11-26 09:07:00,2000,2000,2000,2000,0
2021-11-26 09:08:00,2000,2000,2000,2000,0
2021-11-26 09:09:00,2000,2000,2000,2000,0
2021-11-26 09:10:00,2000,2000,2000,2000,0
2021-11-26 09:11:00,2000,2000,2000,2000,0
2021-11-26 09:12:00,2000,2000,2000,2000,0
2021-11-26 09:13:00,2000,2000,2000,2000,0
2021-11-26 09:14:00,2000,2000,2000,2000,0
2021-11-26 09:15:00,2000,2000,2000,2000,0
2021-11-26 09:16:00,2000,2000,2000,2000,0
2021-11-26 09:17:00,2000,2000,2000,2000,0
2021-11-26 09:18:00,2000,2000,2000,2000,0
2021-11-26 09:19:00,2000,2000,2000,2000,0
2021-11-26 09:20:00,2000,2000,2000,2000,0
2021-11-26 09:21:00,2000,2000,2000,2000,0
2021-11-26 09:22:00,2000,2000,2000,2000,0
2021-11-26 09:23:00,2000,2000,2000,2000,0
2021-11-26 09:24:00,2000,2000,2000,2000,0
2021-11-26 09:25:00,2000,2000,2000,2000,0
2021-11-26 09:26:00,2000,2000,2000,2000,0
2021-11-26 09:27:00,2000,2000,2000,2000,0
2021-11-26 09:28:00,2000,2000,2000,2000,0
2021-11-26 09:29:00,2000,2000,2000,2000,0
2021-11-26 09:30:00,2000,2000,2000,2000,0
2021-11-26 09:31:00,2000,2000,2000,2000,0
2021-11-26 09:32:00,2000,2000,2000,2000,0
2021-11-26 09:33:00,2000,2000,2000,2000,0
2021-11-26 09:34:00,2000,2000,2000,2000,0
2021-11-26 09:35:00,2000,2000,2000,2000,0
2021-11-26 09:36:00,2000,2000,2000,2000,0
2021-11-26 09:37:00,2000,2000,2000,2000,0
2021-11-26 09:38:00,2000,2000,2000,2000,0
2021-11-26 09:39:00,2000,2000,2000,2000,0
2021-11-26 09:40:00,2000,2000,2000,2000,0
2021-11-26 09:41:00,2000,2000,2000,2000,0
2021-11-26 09:42:00,2000,2000,2000,2000,0
2021-11-26 09:43:00,2000,2000,2000,2000,0
2021-11-26 09:44:00,2000,2000,2000,2000,0
2021-11-26 09:45:00,2000,2000,2000,2000,0
2021-11-26 09:46:00,2000,2000,2000,2000,0
2021-11-26 09:47:00,2000,2000,2000,2000,0
2021-11-26 09:48:00,2000,2000,2000,2000,0
2021-11-26 09:49:00,2000,2000,2000,2000,0
2021-11-26 09:50:00,2000,2000,2000,2000,0
2021-11-26 09:51:00,2000,2000,2000,2000,0
2021-11-26 09:52:00,2000,2000,2000,2000,0
2021-11-26 09:53:00,2000,2000,2000,2000,0
2021-11-26 09:54:00,2000,2000,2000,2000,0
2021-11-26 09:55:00,2000,2000,2000,2000,0
2021-11-26 09:56:00,2000,2000,2000,2000,0
2021-11-26 09:57:00,2000,2000,2000,2000,0
2021-11-26 09:58:00,2000,2000,2000,2000,0
2021-11-26 09:59:00,2000,2000,2000,2000,0
2021-11-26 10:00:00,2000,2000,2000,2000,0
2021-11-26 10:01:00,2000,2000,2000,2000,0
2021-11-26 10:02:00,2000,2000,2000,2000,0
2021-11-26 10:03:00,2000,2000,2000,2000,0
2021-11-26 10:04:00,2000,2000,2000,2000,0
2021-11-26 10:05:00,2000,2000,2000,2000,0
2021-11-26 10:06:00,2000,2000,2000,2000,0
2021-11-26 10:07:00,2000,2000,2000,2000,0
2021-11-26 10:08:00,2000,2000,2000,2000,0
2021-11-26 10:09:00,2000,2000,2000,2000,0
2021-11-26 10:10:00,2000,2000,2000,2000,0
2021-11-26 10:11:00,2000,2000,2000,2000,0
2021-11-26 10:12:00,2000,2000,2000,2000,0
2021-11-26 10:13:00,2000,2000,2000,2000,0
2021-11-26 10:14:00,2000,2000,2000,2000,0
2021-11-26 10:15:00,2000,2000,2000,2000,0
2021-11-26 10:16:00,2000,2000,2000,2000,0
2021-11-26 10:17:00,2000,2000,2000,2000,0
2021-11-26 10:18:00,2000,2000,2000,2000,0
2021-11-26 10:19:00,2000,2000,2000,2000,0
2021-11-26 10:20:00,2000,2000,2000,2000,0
2021-11-26 10:21:00,2000,2000,2000,2000,0
2021-11-26 10:22:00,2000,2000,2000,2000,0
2021-11-26 10:23:00,2000,2000,2000,2000,0
2021-11-26 10:24:00,2000,2000,2000,2000,0
2021-11-26 10:25:00,2000,2000,2000,2000,0
2021-11-26 10:26:00,2000,2000,2000,2000,0
2021-11-26 10:27:00,2000,2000,2000,2000,0
2021-11-26 10:28:00,2000,2000,2000,2000,0
2021-11-26 10:29:00,2000,2000,2000,2000,0
2021-11-26 10:30:00,2000,2000,2000,2000,0
2021-11-26 10:31:00,2000,2000,2000,2000,0
2021-11-26 10:32:00,2000,2000,2000,2000,0
2021-11-26 10:33:00,2000,2000,2000,2000,0
2021-11-26 10:34:00,2000,2000,2000,2000,0
2021-11-26 10:35:00,2000,2000,2000,2000,0
2021-11-26 10:36:00,2000,2000,2000,2000,0
2021-11-26 10:37:00,2000,2000,2000,2000,0
2021-11-26 10:38:00,2000,2000,2000,2000,0
2021-11-26 10:39:00,2000,2000,2000,2000,0
2021-11-26 10:40:00,2000,2000,2000,2000,0
2021-11-26 10:41:00,2000,2000,2000,2000,0
2021-11-26 10:42:00,2000,2000,2000,2000,0
2021-11-26 10:43:00,2000,2000,2000,2000,0
2021-11-26 10:44:00,2000,2000,2000,2000,0
2021-11-26 10:45:00,2000,2000,2000,2000,0
2021-11-26 10:46:00,2000,2000,2000,2000,0
2021-11-26 10:47:00,2000,2000,2000,2000,0
2021-11-26 10:48:00,2000,2000,2000,2000,0
2021-11-26 10:49:00,2000,2000,2000,2000,0
2021-11-26 10:50:00,2000,2000,2000,2000,0
2021-11-26 10:51:00,2000,2000,2000,2000,0
2021-11-26 10:52:00,2000,2000,2000,2000,0
2021-11-26 10:53:00,2000,2000,2000,2000,0
2021-11-26 10:54:00,2000,2000,2000,2000,0
2021-11-26 10:55:00,2000,2000,2000,2000,0
2021-11-26 10:56:00,2000,2000,2000,2000,0
2021-11-26 10:57:00,2000,2000,2000,2000,0
2021-11-26 10:58:00,2000,2000,2000,2000,0
2021-11-26 10:59:00,2000,2000,2000,2000,0
2021-11-26 11:00:00,2000,2000,2000,2000,0
2021-11-26 11:01:00,2000,2000,2000,2000,0
2021-11-26 11:02:00,2000,2000,2000,2000,0
2021-11-26 11:03:00,2000,2000,2000,2000,0
2021-11-26 11:04:00,2000,2000,2000,2000,0
2021-11-26 11:05:00,2000,2000,2000,2000,0
2021-11-26 11:06:00,2000,2000,2000,2000,0
2021-11-26 11:07:00,2000,2000,2000,2000,0
2021-11-26 11:08:00,2000,2000,2000,2000,0
2021-11-26 11:09:00,2000,2000,2000,2000,0
2021-11-26 11:10:00,2000,2000,2000,2000,0
2021-11-26 11:11:00,2000,2000,2000,2000,0
2021-11-26 11:12:00,2000,2000,2000,2000,0
2021-11-26 11:13:00,2000,2000,2000,2000,0
2021-11-26 11:14:00,2000,2000,2000,2000,0
2021-11-26 11:15:00,2000,2000,2000,2000,0
2021-11-26 11:16:00,2000,2000,2000,2000,0
2021-11-26 11:17:00,2000,2000,2000,2000,0
2021-11-26 11:18:00,2000,2000,2000,2000,0
2021-11-26 11:19:00,2000,2000,2000,2000,0
2021-11-26 11:20:00,2000,2000,2000,2000,0
2021-11-26 11:21:00,2000,2000,2000,2000,0
2021-11-26 11:22:00,2000,2000,2000,2000,0
2021-11-26 11:23:00,2000,2000,2000,2000,0
2021-11-26 11:24:00,2000,2000,2000,2000,0
2021-11-26 11:25:00,2000,2000,2000,2000,0
2021-11-26 11:26:00,2000,2000,2000,2000,0
2021-11-26 11:27:00,2000,2000,2000,2000,0
2021-11-26 11:28:00,2000,2000,2000,2000,0
2021-11-26 11:29:00,2000,2000,2000,2000,0
2021-11-26 11:30:00,2000,2000,2000,2000,0
2021-11-26 11:31:00,2000,2000,2000,2000,0
2021-11-26 11:32:00,2000,2000,2000,2000,0
2021-11-26 11:33:00,2000,2000,2000,2000,0
2021-11-26 11:34:00,2000,2000,2000,2000,0
2021-11-26 11:35:00,2000,2000,2000,2000,0
2021-11-26 11:36:00,2000,2000,2000,2000,0
2021-11-26 11:37:00,2000,2000,2000,2000,0
2021-11-26 11:38:00,2000,2000,2000,2000,0
2021-11-26 11:39:00,2000,2000,2000,2000,0
2021-11-26 11:40:00,2000,2000,2000,2000,0
2021-11-26 11:41:00,2000,2000,2000,2000,0
2021-11-26 11:42:00,2000,2000,2000,2000,0
2021-11-26 11:43:00,2000,2000,2000,2000,0
2021-11-26 11:44:00,2000,2000,2000,2000,0
2021-11-26 11:45:00,2000,2000,2000,2000,0
2021-11-26 11:46:00,2000,2000,2000,2000,0
2021-11-26 11:47:00,2000,2000,2000,2000,0
2021-11-26 11:48:00,2000,2000,2000,2000,0
2021-11-26 11:49:00,2000,2000,2000,2000,0
2021-11-26 11:50:00,2000,2000,2000,2000,0
2021-11-26 11:51:00,2000,2000,2000,2000,0
2021-11-26 11:52:00,2000,2000,2000,2000,0
2021-11-26 11:53:00,2000,2000,2000,2000,0
2021-11-26 11:54:00,2000,2000,2000,2000,0
2021-11-26 11:55:00,2000,2000,2000,2000,0
2021-11-26 11:56:00,2000,2000,2000,2000,0
2021-11-26 11:57:00,2000,2000,2000,2000,0
2021-11-26 11:58:00,2000,2000,2000,2000,0
2021-11-26 11:59:00,2000,2000,2000,2000,0
2021-11-26 12:00:00,2000,2000,2000,2000,0
2021-11-26 12:01:00,2000,2000,2000,2000,0
2021-11-26 12:02:00,2000,2000,2000,2000,0
2021-11-26 12:03:00,2000,2000,2000,2000,0
2021-11-26 12:04:00,2000,2000,2000,2000,0
2021-11-26 12:05:00,2000,2000,2000,2000,0
2021-11-26 12:06:00,2000,2000,2000,2000,0
2021-11-26 12:07:00,2000,2000,2000,2000,0
2021-11-26 12:08:00,2000,2000,2000,2000,0
2021-11-26 12:09:00,2000,2000,2000,2000,0
2021-11-26 12:10:00,2000,2000,2000,2000,0
2021-11-26 12:11:00,2000,2000,2000,2000,0
2021-11-26 12:12:00,2000,2000,2000,2000,0
2021-11-26 12:13:00,2000,2000,2000,2000,0
2021-11-26 12:14:00,2000,2000,2000,2000,0
2021-11-26 12:15:00,2000,2000,2000,2000,0
2021-11-26 12:16:00,2000,2000,2000,2000,0
2021-11-26 12:17:00,2000,2000,2000,2000,0
2021-11-26 12:18:00,2000,2000,2000,2000,0
2021-11-26 12:19:00,2000,2000,2000,2000,0
2021-11-26 12:20:00,2000,2000,2000,2000,0
2021-11-26 12:21:00,2000,2000,2000,2000,0
2021-11-26 12:22:00,2000,2000,2000,2000,0
2021-11-26 12:23:00,2000,2000,2000,2000,0
2021-11-26 12:24:00,2000,2000,2000,2000,0
2021-11-26 12:25:00,2000,2000,2000,2000,0
2021-11-26 12:26:00,2000,2000,2000,2000,0
2021-11-26 12:27:00,2000,2000,2000,2000,0
2021-11-26 12:28:00,2000,2000,2000,2000,0
2021-11-26 12:29:00,2000,2000,2000,2000,0
2021-11-26 12:30:00,2000,2000,2000,2000,0
2021-11-26 12:31:00,2000,2000,2000,2000,0
2021-11-26 12:32:00,2000,2000,2000,2000,0
2021-11-26 12:33:00,2000,2000,2000,2000,0
2021-11-26 12:34:00,2000,2000,2000,2000,0
2021-11-26 12:35:00,2000,2000,2000,2000,0
2021-11-26 12:36:00,2000,2000,2000,2000,0
2021-11-26 12:37:00,2000,2000,2000,2000,0
2021-11-26 12:38:00,2000,2000,2000,2000,0
2021-11-26 12:39:00,2000,2000,2000,2000,0
2021-11-26 12:40:00,2000,2000,2000,2000,0
2021-11-26 12:41:00,2000,2000,2000,2000,0
2021-11-26 12:42:00,2000,2000,2000,2000,0
2021-11-26 12:43:00,2000,2000,2000,2000,0
2021-11-26 12:44:00,2000,2000,2000,2000,0
2021-11-26 12:45:00,2000,2000,2000,2000,0
2021-11-26 12:46:00,2000,2000,2000,2000,0
2021-11-26 12:47:00,2000,2000,2000,2000,0
2021-11-26 12:48:00,2000,2000,2000,2000,0
2021-11-26 12:49:00,2000,2000,2000,2000,0
2021-11-26 12:50:00,2000,2000,2000,2000,0
2021-11-26 12:51:00,2000,2000,2000,2000,0
2021-11-26 12:52:00,2000,2000,2000,2000,0
2021-11-26 12:53:00,2000,2000,2000,2000,0
2021-11-26 12:54:00,2000,2000,2000,2000,0
2021-11-26 12:55:00,2000,2000,2000,2000,0
2021-11-26 12:56:00,2000,2000,2000,2000,0
2021-11-26 12:57:00,2000,2000,2000,2000,0
2021-11-26 12:58:00,2000,2000,2000,2000,0
2021-11-26 12:59:00,2000,2000,2000,2000,0
2021-11-26 13:00:00,2000,2000,2000,2000,0
2021-11-26 13:01:00,2000,2000,2000,2000,0
2021-11-26 13:02:00,2000,2000,2000,2000,0
2021-11-26 13:03:00,2000,2000,2000,2000,0
2021-11-26 13:04:00,2000,2000,2000,2000,0
2021-11-26 13:05:00,2000,2000,2000,2000,0
2021-11-26 13:06:00,2000,2000,2000,2000,0
2021-11-26 13:07:00,2000,2000,2000,2000,0
2021-11-26 13:08:00,2000,2000,2000,2000,0
2021-11-26 13:09:00,2000,2000,2000,2000,0
2021-11-26 13:10:00,2000,2000,2000,2000,0
2021-11-26 13:11:00,2000,2000,2000,2000,0
2021-11-26 13:12:00,2000,2000,2000,2000,0
2021-11-26 13:13:00,2000,2000,2000,2000,0
2021-11-26 13:14:00,2000,2000,2000,2000,0
2021-11-26 13:15:00,2000,2000,2000,2000,0
2021-11-26 13:16:00,2000,2000,2000,2000,0
2021-11-26 13:17:00,2000,2000,2000,2000,0
2021-11-26 13:18:00,2000,2000,2000,2000,0
2021-11-26 13:19:00,2000,2000,2000,2000,0
2021-11-26 13:20:00,2000,2000,2000,2000,0
2021-11-26 13:21:00,2000,2000,2000,2000,0
2021-11-26 13:22:00,2000,2000,2000,2000,0
2021-11-26 13:23:00,2000,2000,2000,2000,0
2021-11-26 13:24:00,2000,2000,2000,2000,0
2021-11-26 13:25:00,2000,2000,2000,2000,0
2021-11-26 13:26:00,2000,2000,2000,2000,0
2021-11-26 13:27:00,2000,2000,2000,2000,0
2021-11-26 13:28:00,2000,2000,2000,2000,0
2021-11-26 13:29:00,2000,2000,2000,2000,0
2021-11-26 13:30:00,2000,2000,2000,2000,0
2021-11-26 13:31:00,2000,2000,2000,2000,0
2021-11-26 13:32:00,2000,2000,2000,2000,0
2021-11-26 13:33:00,2000,2000,2000,2000,0
2021-11-26 13:34:00,2000,2000,2000,2000,0
2021-11-26 13:35:00,2000,2000,2000,2000,0
2021-11-26 13:36:00,2000,2000,2000,2000,0
2021-11-26 13:37:00,2000,2000,2000,2000,0
2021-11-26 13:38:00,2000,2000,2000,2000,0
2021-11-26 13:39:00,2000,2000,2000,2000,0
2021-11-26 13:40:00,2000,2000,2000,2000,0
2021-11-26 13:41:00,2000,2000,2000,2000,0
2021-11-26 13:42:00,2000,2000,2000,2000,0
2021-11-26 13:43:00,2000,2000,2000,2000,0
2021-11-26 13:44:00,2000,2000,2000,2000,0
2021-11-26 13:45:00,2000,2000,2000,2000,0
2021-11-26 13:46:00,2000,2000,2000,2000,0
2021-11-26 13:47:00,2000,2000,2000,2000,0
2021-11-26 13:48:00,2000,2000,2000,2000,0
2021-11-26 13:49:00,2000,2000,2000,2000,0
2021-11-26 13:50:00,2000,2000,2000,2000,0
2021-11-26 13:51:00,2000,2000,2000,2000,0
2021-11-26 13:52:00,2000,2000,2000,2000,0
2021-11-26 13:53:00,2000,2000,2000,2000,0
2021-11-26 13:54:00,2000,2000,2000,2000,0
2021-11-26 13:55:00,2000,2000,2000,2000,0
2021-11-26 13:56:00,2000,2000,2000,2000,0
2021-11-26 13:57:00,2000,2000,2000,2000,0
2021-11-26 13:58:00,2000,2000,2000,2000,0
2021-11-26 13:59:00,2000,2000,2000,2000,0
2021-11-26 14:00:00,2000,2000,2000,2000,0
2021-11-26 14:01:00,2000,2000,2000,2000,0
2021-11-26 14:02:00,2000,2000,2000,2000,0
2021-11-26 14:03:00,2000,2000,2000,2000,0
2021-11-26 14:04:00,2000,2000,2000,2000,0
2021-11-26 14:05:00,2000,2000,2000,2000,0
2021-11-26 14:06:00,2000,2000,2000,2000,0
2021-11-26 14:07:00,2000,2000,2000,2000,0
2021-11-26 14:08:00,2000,2000,2000,2000,0
2021-11-26 14:09:00,2000,2000,2000,2000,0
2021-11-26 14:10:00,2000,2000,2000,2000,0
2021-11-26 14:11:00,2000,2000,2000,2000,0
2021-11-26 14:12:00,2000,2000,2000,2000,0
2021-11-26 14:13:00,2000,2000,2000,2000,0
2021-11-26 14:14:00,2000,2000,2000,2000,0
2021-11-26 14:15:00,2000,2000,2000,2000,0
2021-11-26 14:16:00,2000,2000,2000,2000,0
2021-11-26 14:17:00,2000,2000,2000,2000,0
2021-11-26 14:18:00,2000,2000,2000,2000,0
2021-11-26 14:19:00,2000,2000,2000,2000,0
2021-11-26 14:20:00,2000,2000,2000,2000,0
2021-11-26 14:21:00,2000,2000,2000,2000,0
2021-11-26 14:22:00,2000,2000,2000,2000,0
2021-11-26 14:23:00,2000,2000,2000,2000,0
2021-11-26 14:24:00,2000,2000,2000,2000,0
2021-11-26 14:25:00,2000,2000,2000,2000,0
2021-11-26 14:26:00,2000,2000,2000,2000,0
2021-11-26 14:27:00,2000,2000,2000,2000,0
2021-11-26 14:28:00,2000,2000,2000,2000,0
2021-11-26 14:29:00,2000,2000,2000,2000,0
2021-11-26 14:30:00,2000,2000,2000,2000,0
2021-11-26 14:31:00,2000,2000,2000,2000,0
2021-11-26 14:32:00,2000,2000,2000,2000,0
2021-11-26 14:33:00,2000,2000,2000,2000,0
2021-11-26 14:34:00,2000,2000,2000,2000,0
2021-11-26 14:35:00,2000,2000,2000,2000,0
2021-11-26 14:36:00,2000,2000,2000,2000,0
2021-11-26 14:37:00,2000,2000,2000,2000,0
2021-11-26 14:38:00,2000,2000,2000,2000,0
2021-11-26 14:39:00,2000,2000,2000,2000,0
2021-11-26 14:40:00,2000,2000,2000,2000,0
2021-11-26 14:41:00,2000,2000,2000,2000,0
2021-11-26 14:42:00,2000,2000,2000,2000,0
2021-11-26 14:43:00,2000,2000,2000,2000,0
2021-11-26 14:44:00,2000,2000,2000,2000,0
2021-11-26 14:45:00,2000,2000,2000,2000,0
2021-11-26 14:46:00,2000,2000,2000,2000,0
2021-11-26 14:47:00,2000,2000,2000,2000,0
2021-11-26 14:48:00,2000,2000,2000,2000,0
2021-11-26 14:49:00,2000,2000,2000,2000,0
2021-11-26 14:50:00,2000,2000,2000,2000,0
2021-11-26 14:51:00,2000,2000,2000,2000,0
2021-11-26 14:52:00,2000,2000,2000,2000,0
2021-11-26 14:53:00,2000,2000,2000,2000,0
2021-11-26 14:54:00,2000,2000,2000,2000,0
2021-11-26 14:55:00,2000,2000,2000,2000,0
2021-11-26 14:56:00,2000,2000,2000,2000,0
2021-11-26 14:57:00,2000,2000,2000,2000,0
2021-11-26 14:58:00,2000,2000,2000,2000,0
2021-11-26 14:59:00,2000,2000,2000,2000,0
2021-11-26 15:00:00,2000,2000,2000,2000,0
2021-11-26 15:01:00,2000,2000,2000,2000,0
2021-11-26 15:02:00,2000,2000,2000,2000,0
2021-11-26 15:03:00,2000,2000,2000,2000,0
2021-11-26 15:04:00,2000,2000,2000,2000,0
2021-11-26 15:05:00,2000,2000,2000,2000,0
2021-11-26 15:06:00,2000,2000,2000,2000,0
2021-11-26 15:07:00,2000,2000,2000,2000,0
2021-11-26 15:08:00,2000,2000,2000,2000,0
2021-11-26 15:09:00,2000,2000,2000,2000,0
2021-11-26 15:10:00,2000,2000,2000,2000,0
2021-11-26 15:11:00,2000,2000,2000,2000,0
2021-11-26 15:12:00,2000,2000,2000,2000,0
2021-11-26 15:13:00,2000,2000,2000,2000,0
2021-11-26 15:14:00,2000,2000,2000,2000,0
2021-11-26 15:15:00,2000,2000,2000,2000,0
2021-11-26 15:16:00,2000,2000,2000,2000,0
2021-11-26 15:17:00,2000,2000,2000,2000,0
2021-11-26 15:18:00,2000,2000,2000,2000,0
2021-11-26 15:19:00,2000,2000,2000,2000,0
2021-11-26 15:20:00,2000,2000,2000,2000,0
2021-11-26 15:21:00,2000,2000,2000,2000,0
2021-11-26 15:22:00,2000,2000,2000,2000,0
2021-11-26 15:23:00,2000,2000,2000,2000,0
2021-11-26 15:24:00,2000,2000,2000,2000,0
2021-11-26 15:25:00,2000,2000,2000,2000,0
2021-11-26 15:26:00,2000,2000,2000,2000,0
2021-11-26 15:27:00,2000,2000,2000,2000,0
2021-11-26 15:28:00,2000,2000,2000,2000,0
2021-11-26 15:29:00,2000,2000,2000,2000,0
2021-11-26 15:30:00,2000,2000,2000,2000,0
2021-11-26 15:31:00,2000,2000,2000,2000,0
2021-11-26 15:32:00,2000,2000,2000,2000,0
2021-11-26 15:33:00,2000,2000,2000,2000,0
2021-11-26 15:34:00,2000,2000,2000,2000,0
2021-11-26 15:35:00,2000,2000,2000,2000,0
2021-11-26 15:36:00,2000,2000,2000,2000,0
2021-11-26 15:37:00,2000,2000,2000,2000,0
2021-11-26 15:38:00,2000,2000,2000,2000,0
2021-11-26 15:39:00,2000,2000,2000,2000,0
2021-11-26 15:40:00,2000,2000,2000,2000,0
2021-11-26 15:41:00,2000,2000,2000,2000,0
2021-11-26 15:42:00,2000,2000,2000,2000,0
2021-11-26 15:43:00,2000,2000,2000,2000,0
2021-11-26 15:44:00,2000,2000,2000,2000,0
2021-11-26 15:45:00,2000,2000,2000,2000,0
2021-11-26 15:46:00,2000,2000,2000,2000,0
2021-11-26 15:47:00,2000,2000,2000,2000,0
2021-11-26 15:48:00,2000,2000,2000,2000,0
2021-11-26 15:49:00,2000,2000,2000,2000,0
2021-11-26 15:50:00,2000,2000,2000,2000,0
2021-11-26 15:51:00,2000,2000,2000,2000,0
2021-11-26 15:52:00,2000,2000,2000,2000,0
2021-11-26 15:53:00,2000,2000,2000,2000,0
2021-11-26 15:54:00,2000,2000,2000,2000,0
2021-11-26 15:55:00,2000,2000,2000,2000,0
2021-11-26 15:56:00,2000,2000,2000,2000,0
2021-11-26 15:57:00,2000,2000,2000,2000,0
2021-11-26 15:58:00,2000,2000,2000,2000,0
2021-11-26 15:59:00,2000,2000,2000,2000,0
2021-12-06 09:00:00,1960,1960,1960,1960,0
2021-12-06 09:01:00,1960,1960,1960,1960,0
2021-12-06 09:02:00,1960,1960,1960,1960,0
2021-12-06 09:03:00,1960,1960,1960,1960,0
2021-12-06 09:04:00,1960,1960,1960,1960,0
2021-12-06 09:05:00,1960,1960,1960,1960,0
2021-12-06 09:06:00,1960,1960,1960,1960,0
2021-12-06 09:07:00,1960,1960,1960,1960,0
2021-12-06 09:08:00,1960,1960,1960,1960,0
2021-12-06 09:09:00,1960,1960,1960,1960,0
2021-12-06 09:10:00,1960,1960,1960,1960,0
2021-12-06 09:11:00,1960,1960,1960,1960,0
2021-12-06 09:12:00,1960,1960,1960,1960,0
2021-12-06 09:13:00,1960,1960,1960,1960,0
2021-12-06 09:14:00,1960,1960,1960,1960,0
2021-12-06 09:15:00,1960,1960,1960,1960,0
2021-12-06 09:16:00,1960,1960,1960,1960,0
2021-12-06 09:17:00,1960,1960,1960,1960,0
2021-12-06 09:18:00,1960,1960,1960,1960,0
2021-12-06 09:19:00,1960,1960,1960,1960,0
2021-12-06 09:20:00,1960,1960,1960,1960,0
2021-12-06 09:21:00,1960,1960,1960,1960,0
2021-12-06 09:22:00,1960,1960,1960,1960,0
2021-12-06 09:23:00,1960,1960,1960,1960,0
2021-12-06 09:24:00,1960,1960,1960,1960,0
2021-12-06 09:25:00,1960,1960,1960,1960,0
2021-12-06 09:26:00,1960,1960,1960,1960,0
2021-12-06 09:27:00,1960,1960,1960,1960,0
2021-12-06 09:28:00,1960,1960,1960,1960,0
2021-12-06 09:29:00,1960,1960,1960,1960,0
2021-12-06 09:30:00,1960,1960,1960,1960,0
2021-12-06 09:31:00,1960,1960,1960,1960,0
2021-12-06 09:32:00,1960,1960,1960,1960,0
2021-12-06 09:33:00,1960,1960,1960,1960,0
2021-12-06 09:34:00,1960,1960,1960,1960,0
2021-12-06 09:35:00,1960,1960,1960,1960,0
2021-12-06 09:36:00,1960,1960,1960,1960,0
2021-12-06 09:37:00,1960,1960,1960,1960,0
2021-12-06 09:38:00,1960,1960,1960,1960,0
2021-12-06 09:39:00,1960,1960,1960,1960,0
2021-12-06 09:40:00,1960,1960,1960,1960,0
2021-12-06 09:41:00,1960,1960,1960,1960,0
2021-12-06 09:42:00,1960,1960,1960,1960,0
2021-12-06 09:43:00,1960,1960,1960,1960,0
2021-12-06 09:44:00,1960,1960,1960,1960,0
2021-12-06 09:45:00,1960,1960,1960,1960,0
2021-12-06 09:46:00,1960,1960,1960,1960,0
2021-12-06 09:47:00,1960,1960,1960,1960,0
2021-12-06 09:48:00,1960,1960,1960,1960,0
2021-12-06 09:49:00,1960,1960,1960,1960,0
2021-12-06 09:50:00,1960,1960,1960,1960,0
2021-12-06 09:51:00,1960,1960,1960,1960,0
2021-12-06 09:52:00,1960,1960,1960,1960,0
2021-12-06 09:53:00,1960,1960,1960,1960,0
2021-12-06 09:54:00,1960,1960,1960,1960,0
2021-12-06 09:55:00,1960,1960,1960,1960,0
2021-12-06 09:56:00,1960,1960,1960,1960,0
2021-12-06 09:57:00,1960,1960,1960,1960,0
2021-12-06 09:58:00,1960,1960,1960,1960,0
2021-12-06 09:59:00,1960,1960,1960,1960,0
2021-12-06 10:00:00,1960,1960,1960,1960,0
2021-12-06 10:01:00,1960,1960,1960,1960,0
2021-12-06 10:02:00,1960,1960,1960,1960,0
2021-12-06 10:03:00,1960,1960,1960,1960,0
2021-12-06 10:04:00,1960,1960,1960,1960,0
2021-12-06 10:05:00,1960,1960,1960,1960,0
2021-12-06 10:06:00,1960,1960,1960,1960,0
2021-12-06 10:07:00,1960,1960,1960,1960,0
2021-12-06 10:08:00,1960,1960,1960,1960,0
2021-12-06 10:09:00,1960,1960,1960,1960,0
2021-12-06 10:10:00,1960,1960,1960,1960,0
2021-12-06 10:11:00,1960,1960,1960,1960,0
2021-12-06 10:12:00,1960,1960,1960,1960,0
2021-12-06 10:13:00,1960,1960,1960,1960,0
2021-12-06 10:14:00,1960,1960,1960,1960,0
2021-12-06 10:15:00,1960,1960,1960,1960,0
2021-12-06 10:16:00,1960,1960,1960,1960,0
2021-12-06 10:17:00,1960,1960,1960,1960,0
2021-12-06 10:18:00,1960,1960,1960,1960,0
2021-12-06 10:19:00,1960,1960,1960,1960,0
2021-12-06 10:20:00,1960,1960,1960,1960,0
2021-12-06 10:21:00,1960,1960,1960,1960,0
2021-12-06 10:22:00,1960,1960,1960,1960,0
2021-12-06 10:23:00,1960,1960,1960,1960,0
2021-12-06 10:24:00,1960,1960,1960,1960,0
2021-12-06 10:25:00,1960,1960,1960,1960,0
2021-12-06 10:26:00,1960,1960,1960,1960,0
2021-12-06 10:27:00,1960,1960,1960,1960,0
2021-12-06 10:28:00,1960,1960,1960,1960,0
2021-12-06 10:29:00,1960,1960,1960,1960,0
2021-12-06 10:30:00,1960,1960,1960,1960,0
2021-12-06 10:31:00,1960,1960,1960,1960,0
2021-12-06 10:32:00,1960,1960,1960,1960,0
2021-12-06 10:33:00,1960,1960,1960,1960,0
2021-12-06 10:34:00,1960,1960,1960,1960,0
2021-12-06 10:35:00,1960,1960,1960,1960,0
2021-12-06 10:36:00,1960,1960,1960,1960,0
2021-12-06 10:37:00,1960,1960,1960,1960,0
2021-12-06 10:38:00,1960,1960,1960,1960,0
2021-12-06 10:39:00,1960,1960,1960,1960,0
2021-12-06 10:40:00,1960,1960,1960,1960,0
2021-12-06 10:41:00,1960,1960,1960,1960,0
2021-12-06 10:42:00,1960,1960,1960,1960,0
2021-12-06 10:43:00,1960,1960,1960,1960,0
2021-12-06 10:44:00,1960,1960,1960,1960,0
2021-12-06 10:45:00,1960,1960,1960,1960,0
2021-12-06 10:46:00,1960,1960,1960,1960,0
2021-12-06 10:47:00,1960,1960,1960,1960,0
2021-12-06 10:48:00,1960,1960,1960,1960,0
2021-12-06 10:49:00,1960,1960,1960,1960,0
2021-12-06 10:50:00,1960,1960,1960,1960,0
2021-12-06 10:51:00,1960,1960,1960,1960,0
2021-12-06 10:52:00,1960,1960,1960,1960,0
2021-12-06 10:53:00,1960,1960,1960,1960,0
2021-12-06 10:54:00,1960,1960,1960,1960,0
2021-12-06 10:55:00,1960,1960,1960,1960,0
2021-12-06 10:56:00,1960,1960,1960,1960,0
2021-12-06 10:57:00,1960,1960,1960,1960,0
2021-12-06 10:58:00,1960,1960,1960,1960,0
2021-12-06 10:59:00,1960,1960,1960,1960,0
2021-12-06 11:00:00,1960,1960,1960,1960,0
2021-12-06 11:01:00,1960,1960,1960,1960,0
2021-12-06 11:02:00,1960,1960,1960,1960,0
2021-12-06 11:03:00,1960,1960,1960,1960,0
2021-12-06 11:04:00,1960,1960,1960,1960,0
2021-12-06 11:05:00,1960,1960,1960,1960,0
2021-12-06 11:06:00,1960,1960,1960,1960,0
2021-12-06 11:07:00,1960,1960,1960,1960,0
2021-12-06 11:08:00,1960,1960,1960,1960,0
2021-12-06 11:09:00,1960,1960,1960,1960,0
2021-12-06 11:10:00,1960,1960,1960,1960,0
2021-12-06 11:11:00,1960,1960,1960,1960,0
2021-12-06 11:12:00,1960,1960,1960,1960,0
2021-12-06 11:13:00,1960,1960,1960,1960,0
2021-12-06 11:14:00,1960,1960,1960,1960,0
2021-12-06 11:15:00,1960,1960,1960,1960,0
2021-12-06 11:16:00,1960,1960,1960,1960,0
2021-12-06 11:17:00,1960,1960,1960,1960,0
2021-12-06 11:18:00,1960,1960,1960,1960,0
2021-12-06 11:19:00,1960,1960,1960,1960,0
2021-12-06 11:20:00,1960,1960,1960,1960,0
2021-12-06 11:21:00,1960,1960,1960,1960,0
2021-12-06 11:22:00,1960,1960,1960,1960,0
2021-12-06 11:23:00,1960,1960,1960,1960,0
2021-12-06 11:24:00,1960,1960,1960,1960,0
2021-12-06 11:25:00,1960,1960,1960,1960,0
2021-12-06 11:26:00,1960,1960,1960,1960,0
2021-12-06 11:27:00,1960,1960,1960,1960,0
2021-12-06 11:28:00,1960,1960,1960,1960,0
2021-12-06 11:29:00,1960,1960,1960,1960,0
2021-12-06 11:30:00,1960,1960,1960,1960,0
2021-12-06 11:31:00,1960,1960,1960,1960,0
2021-12-06 11:32:00,1960,1960,1960,1960,0
2021-12-06 11:33:00,1960,1960,1960,1960,0
2021-12-06 11:34:00,1960,1960,1960,1960,0
2021-12-06 11:35:00,1960,1960,1960,1960,0
2021-12-06 11:36:00,1960,1960,1960,1960,0
2021-12-06 11:37:00,1960,1960,1960,1960,0
2021-12-06 11:38:00,1960,1960,1960,1960,0
2021-12-06 11:39:00,1960,1960,1960,1960,0
2021-12-06 11:40:00,1960,1960,1960,1960,0
2021-12-06 11:41:00,1960,1960,1960,1960,0
2021-12-06 11:42:00,1960,1960,1960,1960,0
2021-12-06 11:43:00,1960,1960,1960,1960,0
2021-12-06 11:44:00,1960,1960,1960,1960,0
2021-12-06 11:45:00,1960,1960,1960,1960,0
2021-12-06 11:46:00,1960,1960,1960,1960,0
2021-12-06 11:47:00,1960,1960,1960,1960,0
2021-12-06 11:48:00,1960,1960,1960,1960,0
2021-12-06 11:49:00,1960,1960,1960,1960,0
2021-12-06 11:50:00,1960,1960,1960,1960,0
2021-12-06 11:51:00,1960,1960,1960,1960,0
2021-12-06 11:52:00,1960,1960,1960,1960,0
2021-12-06 11:53:00,1960,1960,1960,1960,0
2021-12-06 11:54:00,1960,1960,1960,1960,0
2021-12-06 11:55:00,1960,1960,1960,1960,0
2021-12-06 11:56:00,1960,1960,1960,1960,0
2021-12-06 11:57:00,1960,1960,1960,1960,0
2021-12-06 11:58:00,1960,1960,1960,1960,0
2021-12-06 11:59:00,1960,1960,1960,1960,0
2021-12-06 12:00:00,1960,1960,1960,1960,0
2021-12-06 12:01:00,1960,1960,1960,1960,0
2021-12-06 12:02:00,1960,1960,1960,1960,0
2021-12-06 12:03:00,1960,1960,1960,1960,0
2021-12-06 12:04:00,1960,1960,1960,1960,0
2021-12-06 12:05:00,1960,1960,1960,1960,0
2021-12-06 12:06:00,1960,1960,1960,1960,0
2021-12-06 12:07:00,1960,1960,1960,1960,0
2021-12-06 12:08:00,1960,1960,1960,1960,0
2021-12-06 12:09:00,1960,1960,1960,1960,0
2021-12-06 12:10:00,1960,1960,1960,1960,0
2021-12-06 12:11:00,1960,1960,1960,1960,0
2021-12-06 12:12:00,1960,1960,1960,1960,0
2021-12-06 12:13:00,1960,1960,1960,1960,0
2021-12-06 12:14:00,1960,1960,1960,1960,0
2021-12-06 12:15:00,1960,1960,1960,1960,0
2021-12-06 12:16:00,1960,1960,1960,1960,0
2021-12-06 12:17:00,1960,1960,1960,1960,0
2021-12-06 12:18:00,1960,1960,1960,1960,0
2021-12-06 12:19:00,1960,1960,1960,1960,0
2021-12-06 12:20:00,1960,1960,1960,1960,0
2021-12-06 12:21:00,1960,1960,1960,1960,0
2021-12-06 12:22:00,1960,1960,1960,1960,0
2021-12-06 12:23:00,1960,1960,1960,1960,0
2021-12-06 12:24:00,1960,1960,1960,1960,0
2021-12-06 12:25:00,1960,1960,1960,1960,0
2021-12-06 12:26:00,1960,1960,1960,1960,0
2021-12-06 12:27:00,1960,1960,1960,1960,0
2021-12-06 12:28:00,1960,1960,1960,1960,0
2021-12-06 12:29:00,1960,1960,1960,1960,0
2021-12-06 12:30:00,1960,1960,1960,1960,0
2021-12-06 12:31:00,1960,1960,1960,1960,0
2021-12-06 12:32:00,1960,1960,1960,1960,0
2021-12-06 12:33:00,1960,1960,1960,1960,0
2021-12-06 12:34:00,1960,1960,1960,1960,0
2021-12-06 12:35:00,1960,1960,1960,1960,0
2021-12-06 12:36:00,1960,1960,1960,1960,0
2021-12-06 12:37:00,1960,1960,1960,1960,0
2021-12-06 12:38:00,1960,1960,1960,1960,0
2021-12-06 12:39:00,1960,1960,1960,1960,0
2021-12-06 12:40:00,1960,1960,1960,1960,0
2021-12-06 12:41:00,1960,1960,1960,1960,0
2021-12-06 12:42:00,1960,1960,1960,1960,0
2021-12-06 12:43:00,1960,1960,1960,1960,0
2021-12-06 12:44:00,1960,1960,1960,1960,0
2021-12-06 12:45:00,1960,1960,1960,1960,0
2021-12-06 12:46:00,1960,1960,1960,1960,0
2021-12-06 12:47:00,1960,1960,1960,1960,0
2021-12-06 12:48:00,1960,1960,1960,1960,0
2021-12-06 12:49:00,1960,1960,1960,1960,0
2021-12-06 12:50:00,1960,1960,1960,1960,0
2021-12-06 12:51:00,1960,1960,1960,1960,0
2021-12-06 12:52:00,1960,1960,1960,1960,0
2021-12-06 12:53:00,1960,1960,1960,1960,0
2021-12-06 12:54:00,1960,1960,1960,1960,0
2021-12-06 12:55:00,1960,1960,1960,1960,0
2021-12-06 12:56:00,1960,1960,1960,1960,0
2021-12-06 12:57:00,1960,1960,1960,1960,0
2021-12-06 12:58:00,1960,1960,1960,1960,0
2021-12-06 12:59:00,1960,1960,1960,1960,0
2021-12-06 13:00:00,1960,1960,1960,1960,0
2021-12-06 13:01:00,1960,1960,1960,1960,0
2021-12-06 13:02:00,1960,1960,1960,1960,0
2021-12-06 13:03:00,1960,1960,1960,1960,0
2021-12-06 13:04:00,1960,1960,1960,1960,0
2021-12-06 13:05:00,1960,1960,1960,1960,0
2021-12-06 13:06:00,1960,1960,1960,1960,0
2021-12-06 13:07:00,1960,1960,1960,1960,0
2021-12-06 13:08:00,1960,1960,1960,1960,0
2021-12-06 13:09:00,1960,1960,1960,1960,0
2021-12-06 13:10:00,1960,1960,1960,1960,0
2021-12-06 13:11:00,1960,1960,1960,1960,0
2021-12-06 13:12:00,1960,1960,1960,1960,0
2021-12-06 13:13:00,1960,1960,1960,1960,0
2021-12-06 13:14:00,1960,1960,1960,1960,0
2021-12-06 13:15:00,1960,1960,1960,1960,0
2021-12-06 13:16:00,1960,1960,1960,1960,0
2021-12-06 13:17:00,1960,1960,1960,1960,0
2021-12-06 13:18:00,1960,1960,1960,1960,0
2021-12-06 13:19:00,1960,1960,1960,1960,0
2021-12-06 13:20:00,1960,1960,1960,1960,0
2021-12-06 13:21:00,1960,1960,1960,1960,0
2021-12-06 13:22:00,1960,1960,1960,1960,0
2021-12-06 13:23:00,1960,1960,1960,1960,0
2021-12-06 13:24:00,1960,1960,1960,1960,0
2021-12-06 13:25:00,1960,1960,1960,1960,0
2021-12-06 13:26:00,1960,1960,1960,1960,0
2021-12-06 13:27:00,1960,1960,1960,1960,0
2021-12-06 13:28:00,1960,1960,1960,1960,0
2021-12-06 13:29:00,1960,1960,1960,1960,0
2021-12-06 13:30:00,1960,1960,1960,1960,0
2021-12-06 13:31:00,1960,1960,1960,1960,0
2021-12-06 13:32:00,1960,1960,1960,1960,0
2021-12-06 13:33:00,1960,1960,1960,1960,0
2021-12-06 13:34:00,1960,1960,1960,1960,0
2021-12-06 13:35:00,1960,1960,1960,1960,0
2021-12-06 13:36:00,1960,1960,1960,1960,0
2021-12-06 13:37:00,1960,1960,1960,1960,0
2021-12-06 13:38:00,1960,1960,1960,1960,0
2021-12-06 13:39:00,1960,1960,1960,1960,0
2021-12-06 13:40:00,1960,1960,1960,1960,0
2021-12-06 13:41:00,1960,1960,1960,1960,0
2021-12-06 13:42:00,1960,1960,1960,1960,0
2021-12-06 13:43:00,1960,1960,1960,1960,0
2021-12-06 13:44:00,1960,1960,1960,1960,0
2021-12-06 13:45:00,1960,1960,1960,1960,0
2021-12-06 13:46:00,1960,1960,1960,1960,0
2021-12-06 13:47:00,1960,1960,1960,1960,0
2021-12-06 13:48:00,1960,1960,1960,1960,0
2021-12-06 13:49:00,1960,1960,1960,1960,0
2021-12-06 13:50:00,1960,1960,1960,1960,0
2021-12-06 13:51:00,1960,1960,1960,1960,0
2021-12-06 13:52:00,1960,1960,1960,1960,0
2021-12-06 13:53:00,1960,1960,1960,1960,0
2021-12-06 13:54:00,1960,1960,1960,1960,0
2021-12-06 13:55:00,1960,1960,1960,1960,0
2021-12-06 13:56:00,1960,1960,1960,1960,0
2021-12-06 13:57:00,1960,1960,1960,1960,0
2021-12-06 13:58:00,1960,1960,1960,1960,0
2021-12-06 13:59:00,1960,1960,1960,1960,0
2021-12-06 14:00:00,1960,1960,1960,1960,0
2021-12-06 14:01:00,1960,1960,1960,1960,0
2021-12-06 14:02:00,1960,1960,1960,1960,0
2021-12-06 14:03:00,1960,1960,1960,1960,0
2021-12-06 14:04:00,1960,1960,1960,1960,0
2021-12-06 14:05:00,1960,1960,1960,1960,0
2021-12-06 14:06:00,1960,1960,1960,1960,0
2021-12-06 14:07:00,1960,1960,1960,1960,0
2021-12-06 14:08:00,1960,1960,1960,1960,0
2021-12-06 14:09:00,1960,1960,1960,1960,0
2021-12-06 14:10:00,1960,1960,1960,1960,0
2021-12-06 14:11:00,1960,1960,1960,1960,0
2021-12-06 14:12:00,1960,1960,1960,1960,0
2021-12-06 14:13:00,1960,1960,1960,1960,0
2021-12-06 14:14:00,1960,1960,1960,1960,0
2021-12-06 14:15:00,1960,1960,1960,1960,0
2021-12-06 14:16:00,1960,1960,1960,1960,0
2021-12-06 14:17:00,1960,1960,1960,1960,0
2021-12-06 14:18:00,1960,1960,1960,1960,0
2021-12-06 14:19:00,1960,1960,1960,1960,0
2021-12-06 14:20:00,1960,1960,1960,1960,0
2021-12-06 14:21:00,1960,1960,1960,1960,0
2021-12-06 14:22:00,1960,1960,1960,1960,0
2021-12-06 14:23:00,1960,1960,1960,1960,0
2021-12-06 14:24:00,1960,1960,1960,1960,0
2021-12-06 14:25:00,1960,1960,1960,1960,0
2021-12-06 14:26:00,1960,1960,1960,1960,0
2021-12-06 14:27:00,1960,1960,1960,1960,100
2021-12-06 14:28:00,1960,1960,1960,1960,0
2021-12-06 14:29:00,1960,1960,1960,1960,0
2021-12-06 14:30:00,1960,1960,1960,1960,0
2021-12-06 14:31:00,1960,1960,1960,1960,0
2021-12-06 14:32:00,1960,1960,1960,1960,0
2021-12-06 14:33:00,1960,1960,1960,1960,0
2021-12-06 14:34:00,1960,1960,1960,1960,0
2021-12-06 14:35:00,1960,1960,1960,1960,0
2021-12-06 14:36:00,1960,1960,1960,1960,0
2021-12-06 14:37:00,1960,1960,1960,1960,0
2021-12-06 14:38:00,1960,1960,1960,1960,0
2021-12-06 14:39:00,1960,1960,1960,1960,0
2021-12-06 14:40:00,1960,1960,1960,1960,0
2021-12-06 14:41:00,1960,1960,1960,1960,0
2021-12-06 14:42:00,1960,1960,1960,1960,0
2021-12-06 14:43:00,1960,1960,1960,1960,0
2021-12-06 14:44:00,1960,1960,1960,1960,0
2021-12-06 14:45:00,1960,1960,1960,1960,0
2021-12-06 14:46:00,1960,1960,1960,1960,0
2021-12-06 14:47:00,1960,1960,1960,1960,0
2021-12-06 14:48:00,1960,1960,1960,1960,0
2021-12-06 14:49:00,1960,1960,1960,1960,0
2021-12-06 14:50:00,1960,1960,1960,1960,0
2021-12-06 14:51:00,1960,1960,1960,1960,0
2021-12-06 14:52:00,1960,1960,1960,1960,0
2021-12-06 14:53:00,1960,1960,1960,1960,0
2021-12-06 14:54:00,1960,1960,1960,1960,0
2021-12-06 14:55:00,1960,1960,1960,1960,0
2021-12-06 14:56:00,1960,1960,1960,1960,0
2021-12-06 14:57:00,1960,1960,1960,1960,0
2021-12-06 14:58:00,1960,1960,1960,1960,0
2021-12-06 14:59:00,1960,1960,1960,1960,0
2021-12-06 15:00:00,1960,1960,1960,1960,0
2021-12-06 15:01:00,1960,1960,1960,1960,0
2021-12-06 15:02:00,1960,1960,1960,1960,0
2021-12-06 15:03:00,1960,1960,1960,1960,0
2021-12-06 15:04:00,1960,1960,1960,1960,0
2021-12-06 15:05:00,1960,1960,1960,1960,0
2021-12-06 15:06:00,1960,1960,1960,1960,0
2021-12-06 15:07:00,1960,1960,1960,1960,0
2021-12-06 15:08:00,1960,1960,1960,1960,0
2021-12-06 15:09:00,1960,1960,1960,1960,0
2021-12-06 15:10:00,1960,1960,1960,1960,0
2021-12-06 15:11:00,1960,1960,1960,1960,0
2021-12-06 15:12:00,1960,1960,1960,1960,0
2021-12-06 15:13:00,1960,1960,1960,1960,0
2021-12-06 15:14:00,1960,1960,1960,1960,0
2021-12-06 15:15:00,1960,1960,1960,1960,0
2021-12-06 15:16:00,1960,1960,1960,1960,0
2021-12-06 15:17:00,1960,1960,1960,1960,0
2021-12-06 15:18:00,1960,1960,1960,1960,0
2021-12-06 15:19:00,1960,1960,1960,1960,0
2021-12-06 15:20:00,1960,1960,1960,1960,0
2021-12-06 15:21:00,1960,1960,1960,1960,0
2021-12-06 15:22:00,1960,1960,1960,1960,0
2021-12-06 15:23:00,1960,1960,1960,1960,0
2021-12-06 15:24:00,1960,1960,1960,1960,0
2021-12-06 15:25:00,1960,1960,1960,1960,0
2021-12-06 15:26:00,1960,1960,1960,1960,0
2021-12-06 15:27:00,1960,1960,1960,1960,0
2021-12-06 15:28:00,1960,1960,1960,1960,0
2021-12-06 15:29:00,1960,1960,1960,1960,0
2021-12-06 15:30:00,1960,1960,1960,1960,0
2021-12-06 15:31:00,1960,1960,1960,1960,0
2021-12-06 15:32:00,1960,1960,1960,1960,0
2021-12-06 15:33:00,1960,1960,1960,1960,0
2021-12-06 15:34:00,1960,1960,1960,1960,0
2021-12-06 15:35:00,1960,1960,1960,1960,0
2021-12-06 15:36:00,1960,1960,1960,1960,0
2021-12-06 15:37:00,1960,1960,1960,1960,0
2021-12-06 15:38:00,1960,1960,1960,1960,0
2021-12-06 15:39:00,1960,1960,1960,1960,0
2021-12-06 15:40:00,1960,1960,1960,1960,0
2021-12-06 15:41:00,1960,1960,1960,1960,0
2021-12-06 15:42:00,1960,1960,1960,1960,0
2021-12-06 15:43:00,1960,1960,1960,1960,0
2021-12-06 15:44:00,1960,1960,1960,1960,0
2021-12-06 15:45:00,1960,1960,1960,1960,0
2021-12-06 15:46:00,1960,1960,1960,1960,0
2021-12-06 15:47:00,1960,1960,1960,1960,0
2021-12-06 15:48:00,1960,1960,1960,1960,0
2021-12-06 15:49:00,1960,1960,1960,1960,0
2021-12-06 15:50:00,1960,1960,1960,1960,0
2021-12-06 15:51:00,1960,1960,1960,1960,0
2021-12-06 15:52:00,1960,1960,1960,1960,0
2021-12-06 15:53:00,1960,1960,1960,1960,0
2021-12-06 15:54:00,1960,1960,1960,1960,0
2021-12-06 15:55:00,1960,1960,1960,1960,0
2021-12-06 15:56:00,1960,1960,1960,1960,0
2021-12-06 15:57:00,1960,1960,1960,1960,0
2021-12-06 15:58:00,1960,1960,1960,1960,0
2021-12-06 15:59:00,1960,1960,1960,1960,0
2021-12-07 09:00:00,1960,1960,1960,1960,0
2021-12-07 09:01:00,1960,1960,1960,1960,0
2021-12-07 09:02:00,1960,1960,1960,1960,0
2021-12-07 09:03:00,1960,1960,1960,1960,0
2021-12-07 09:04:00,1960,1960,1960,1960,0
2021-12-07 09:05:00,1960,1960,1960,1960,0
2021-12-07 09:06:00,1960,1960,1960,1960,100
2021-12-07 09:07:00,1960,1960,1960,1960,0
2021-12-07 09:08:00,1960,1960,1960,1960,0
2021-12-07 09:09:00,1960,1960,1960,1960,0
2021-12-07 09:10:00,1960,1960,1960,1960,0
2021-12-07 09:11:00,1960,1960,1960,1960,0
2021-12-07 09:12:00,1960,1960,1960,1960,0
2021-12-07 09:13:00,2000,2000,2000,2000,100
2021-12-07 09:14:00,2000,2000,2000,2000,0
2021-12-07 09:15:00,2000,2000,2000,2000,0
2021-12-07 09:16:00,2000,2000,2000,2000,0
2021-12-07 09:17:00,2000,2000,2000,2000,0
2021-12-07 09:18:00,2000,2000,2000,2000,0
2021-12-07 09:19:00,2000,2000,2000,2000,0
2021-12-07 09:20:00,2000,2000,2000,2000,0
2021-12-07 09:21:00,2000,2000,2000,2000,0
2021-12-07 09:22:00,2000,2000,2000,2000,0
2021-12-07 09:23:00,2000,2000,2000,2000,0
2021-12-07 09:24:00,2000,2000,2000,2000,0
2021-12-07 09:25:00,2000,2000,2000,2000,0
2021-12-07 09:26:00,2000,2000,2000,2000,0
2021-12-07 09:27:00,2000,2000,2000,2000,0
2021-12-07 09:28:00,2000,2000,2000,2000,0
2021-12-07 09:29:00,2000,2000,2000,2000,0
2021-12-07 09:30:00,2000,2000,2000,2000,0
2021-12-07 09:31:00,2000,2000,2000,2000,0
2021-12-07 09:32:00,2000,2000,2000,2000,0
2021-12-07 09:33:00,1830,1830,1830,1830,200
2021-12-07 09:34:00,1830,1830,1830,1830,0
2021-12-07 09:35:00,1830,1830,1830,1830,0
2021-12-07 09:36:00,1830,1830,1830,1830,0
2021-12-07 09:37:00,1830,1830,1830,1830,0
2021-12-07 09:38:00,1830,1830,1830,1830,0
2021-12-07 09:39:00,1830,1830,1830,1830,0
2021-12-07 09:40:00,1830,1830,1830,1830,0
2021-12-07 09:41:00,1830,1830,1830,1830,0
2021-12-07 09:42:00,1830,1830,1830,1830,0
2021-12-07 09:43:00,1830,1830,1830,1830,0
2021-12-07 09:44:00,1830,1830,1830,1830,0
2021-12-07 09:45:00,1830,1830,1830,1830,0
2021-12-07 09:46:00,1830,1830,1830,1830,0
2021-12-07 09:47:00,1830,1830,1830,1830,0
2021-12-07 09:48:00,1830,1830,1830,1830,0
2021-12-07 09:49:00,1830,1830,1830,1830,0
2021-12-07 09:50:00,1830,1830,1830,1830,0
2021-12-07 09:51:00,1830,1830,1830,1830,0
2021-12-07 09:52:00,1830,1830,1830,1830,0
2021-12-07 09:53:00,1830,1830,1830,1830,0
2021-12-07 09:54:00,1830,1830,1830,1830,0
2021-12-07 09:55:00,1830,1830,1830,1830,0
2021-12-07 09:56:00,1830,1830,1830,1830,0
2021-12-07 09:57:00,1830,1830,1830,1830,0
2021-12-07 09:58:00,1830,1830,1830,1830,0
2021-12-07 09:59:00,1830,1830,1830,1830,0
2021-12-07 10:00:00,1830,1830,1830,1830,0
2021-12-07 10:01:00,1830,1830,1830,1830,0
2021-12-07 10:02:00,1830,1830,1830,1830,0
2021-12-07 10:03:00,1830,1830,1830,1830,0
2021-12-07 10:04:00,1830,1830,1830,1830,0
2021-12-07 10:05:00,1830,1830,1830,1830,0
2021-12-07 10:06:00,1830,1830,1830,1830,0
2021-12-07 10:07:00,1830,1830,1830,1830,0
2021-12-07 10:08:00,1830,1830,1830,1830,0
2021-12-07 10:09:00,1830,1830,1830,1830,0
2021-12-07 10:10:00,1830,1830,1830,1830,0
2021-12-07 10:11:00,1830,1830,1830,1830,0
2021-12-07 10:12:00,1830,1830,1830,1830,0
2021-12-07 10:13:00,1830,1830,1830,1830,0
2021-12-07 10:14:00,1830,1830,1830,1830,0
2021-12-07 10:15:00,1830,1830,1830,1830,0
2021-12-07 10:16:00,1830,1830,1830,1830,0
2021-12-07 10:17:00,1830,1830,1830,1830,0
2021-12-07 10:18:00,1830,1830,1830,1830,0
2021-12-07 10:19:00,1830,1830,1830,1830,0
2021-12-07 10:20:00,1830,1830,1830,1830,0
2021-12-07 10:21:00,1830,1830,1830,1830,0
2021-12-07 10:22:00,1830,1830,1830,1830,0
2021-12-07 10:23:00,1830,1830,1830,1830,0
2021-12-07 10:24:00,1830,1830,1830,1830,0
2021-12-07 10:25:00,1830,1830,1830,1830,0
2021-12-07 10:26:00,1830,1830,1830,1830,0
2021-12-07 10:27:00,1830,1830,1830,1830,0
2021-12-07 10:28:00,1830,1830,1830,1830,0
2021-12-07 10:29:00,1830,1830,1830,1830,0
2021-12-07 10:30:00,1830,1830,1830,1830,0
2021-12-07 10:31:00,1830,1830,1830,1830,0
2021-12-07 10:32:00,1830,1830,1830,1830,0
2021-12-07 10:33:00,1830,1830,1830,1830,0
2021-12-07 10:34:00,1830,1830,1830,1830,0
2021-12-07 10:35:00,1830,1830,1830,1830,0
2021-12-07 10:36:00,1830,1830,1830,1830,0
2021-12-07 10:37:00,1830,1830,1830,1830,0
2021-12-07 10:38:00,1830,1830,1830,1830,0
2021-12-07 10:39:00,1830,1830,1830,1830,0
2021-12-07 10:40:00,1830,1830,1830,1830,0
2021-12-07 10:41:00,1830,1830,1830,1830,0
2021-12-07 10:42:00,1830,1830,1830,1830,0
2021-12-07 10:43:00,1830,1830,1830,1830,0
2021-12-07 10:44:00,1830,1830,1830,1830,0
2021-12-07 10:45:00,1830,1830,1830,1830,0
2021-12-07 10:46:00,1830,1830,1830,1830,0
2021-12-07 10:47:00,1830,1830,1830,1830,0
2021-12-07 10:48:00,1830,1830,1830,1830,0
2021-12-07 10:49:00,1830,1830,1830,1830,0
2021-12-07 10:50:00,1830,1830,1830,1830,0
2021-12-07 10:51:00,1830,1830,1830,1830,0
2021-12-07 10:52:00,1830,1830,1830,1830,0
2021-12-07 10:53:00,1830,1830,1830,1830,0
2021-12-07 10:54:00,1830,1830,1830,1830,0
2021-12-07 10:55:00,1830,1830,1830,1830,0
2021-12-07 10:56:00,1830,1830,1830,1830,0
2021-12-07 10:57:00,1830,1830,1830,1830,0
2021-12-07 10:58:00,1830,1830,1830,1830,0
2021-12-07 10:59:00,1830,1830,1830,1830,0
2021-12-07 11:00:00,1830,1830,1830,1830,0
2021-12-07 11:01:00,1830,1830,1830,1830,0
2021-12-07 11:02:00,1830,1830,1830,1830,0
2021-12-07 11:03:00,1830,1830,1830,1830,0
2021-12-07 11:04:00,1830,1830,1830,1830,0
2021-12-07 11:05:00,1830,1830,1830,1830,0
2021-12-07 11:06:00,1830,1830,1830,1830,0
2021-12-07 11:07:00,1830,1830,1830,1830,0
2021-12-07 11:08:00,1830,1830,1830,1830,0
2021-12-07 11:09:00,1830,1830,1830,1830,0
2021-12-07 11:10:00,1830,1830,1830,1830,0
2021-12-07 11:11:00,1830,1830,1830,1830,0
2021-12-07 11:12:00,1830,1830,1830,1830,0
2021-12-07 11:13:00,1830,1830,1830,1830,0
2021-12-07 11:14:00,1830,1830,1830,1830,0
2021-12-07 11:15:00,1830,1830,1830,1830,0
2021-12-07 11:16:00,1830,1830,1830,1830,0
2021-12-07 11:17:00,1830,1830,1830,1830,0
2021-12-07 11:18:00,1830,1830,1830,1830,0
2021-12-07 11:19:00,1830,1830,1830,1830,0
2021-12-07 11:20:00,1830,1830,1830,1830,0
2021-12-07 11:21:00,1830,1830,1830,1830,0
2021-12-07 11:22:00,1830,1830,1830,1830,0
2021-12-07 11:23:00,1830,1830,1830,1830,0
2021-12-07 11:24:00,1830,1830,1830,1830,0
2021-12-07 11:25:00,1830,1830,1830,1830,0
2021-12-07 11:26:00,1830,1830,1830,1830,0
2021-12-07 11:27:00,1830,1830,1830,1830,0
2021-12-07 11:28:00,1830,1830,1830,1830,0
2021-12-07 11:29:00,1830,1830,1830,1830,0
2021-12-07 11:30:00,1830,1830,1830,1830,0
2021-12-07 11:31:00,1830,1830,1830,1830,0
2021-12-07 11:32:00,1830,1830,1830,1830,0
2021-12-07 11:33:00,1830,1830,1830,1830,0
2021-12-07 11:34:00,1830,1830,1830,1830,0
2021-12-07 11:35:00,1830,1830,1830,1830,0
2021-12-07 11:36:00,1830,1830,1830,1830,0
2021-12-07 11:37:00,1830,1830,1830,1830,0
2021-12-07 11:38:00,1830,1830,1830,1830,0
2021-12-07 11:39:00,1830,1830,1830,1830,0
2021-12-07 11:40:00,1830,1830,1830,1830,0
2021-12-07 11:41:00,1830,1830,1830,1830,0
2021-12-07 11:42:00,1830,1830,1830,1830,0
2021-12-07 11:43:00,1830,1830,1830,1830,0
2021-12-07 11:44:00,1830,1830,1830,1830,0
2021-12-07 11:45:00,1830,1830,1830,1830,0
2021-12-07 11:46:00,1830,1830,1830,1830,0
2021-12-07 11:47:00,1830,1830,1830,1830,0
2021-12-07 11:48:00,1830,1830,1830,1830,0
2021-12-07 11:49:00,1830,1830,1830,1830,0
2021-12-07 11:50:00,1830,1830,1830,1830,0
2021-12-07 11:51:00,1830,1830,1830,1830,0
2021-12-07 11:52:00,1830,1830,1830,1830,0
2021-12-07 11:53:00,1830,1830,1830,1830,0
2021-12-07 11:54:00,1830,1830,1830,1830,0
2021-12-07 11:55:00,1830,1830,1830,1830,0
2021-12-07 11:56:00,1830,1830,1830,1830,0
2021-12-07 11:57:00,1830,1830,1830,1830,0
2021-12-07 11:58:00,1830,1830,1830,1830,0
2021-12-07 11:59:00,1830,1830,1830,1830,0
2021-12-07 12:00:00,1830,1830,1830,1830,0
2021-12-07 12:01:00,1830,1830,1830,1830,0
2021-12-07 12:02:00,1830,1830,1830,1830,0
2021-12-07 12:03:00,1830,1830,1830,1830,0
2021-12-07 12:04:00,1830,1830,1830,1830,0
2021-12-07 12:05:00,1830,1830,1830,1830,0
2021-12-07 12:06:00,1830,1830,1830,1830,0
2021-12-07 12:07:00,1830,1830,1830,1830,0
2021-12-07 12:08:00,1830,1830,1830,1830,0
2021-12-07 12:09:00,1830,1830,1830,1830,0
2021-12-07 12:10:00,1830,1830,1830,1830,0
2021-12-07 12:11:00,1830,1830,1830,1830,0
2021-12-07 12:12:00,1830,1830,1830,1830,0
2021-12-07 12:13:00,1830,1830,1830,1830,0
2021-12-07 12:14:00,1830,1830,1830,1830,0
2021-12-07 12:15:00,1830,1830,1830,1830,0
2021-12-07 12:16:00,1830,1830,1830,1830,0
2021-12-07 12:17:00,1830,1830,1830,1830,0
2021-12-07 12:18:00,1830,1830,1830,1830,0
2021-12-07 12:19:00,1830,1830,1830,1830,0
2021-12-07 12:20:00,1830,1830,1830,1830,0
2021-12-07 12:21:00,1830,1830,1830,1830,0
2021-12-07 12:22:00,1830,1830,1830,1830,0
2021-12-07 12:23:00,1830,1830,1830,1830,0
2021-12-07 12:24:00,1830,1830,1830,1830,0
2021-12-07 12:25:00,1830,1830,1830,1830,0
2021-12-07 12:26:00,1830,1830,1830,1830,0
2021-12-07 12:27:00,1830,1830,1830,1830,0
2021-12-07 12:28:00,1830,1830,1830,1830,0
2021-12-07 12:29:00,1830,1830,1830,1830,0
2021-12-07 12:30:00,1830,1830,1830,1830,0
2021-12-07 12:31:00,1830,1830,1830,1830,0
2021-12-07 12:32:00,1830,1830,1830,1830,0
2021-12-07 12:33:00,1830,1830,1830,1830,0
2021-12-07 12:34:00,1830,1830,1830,1830,0
2021-12-07 12:35:00,1830,1830,1830,1830,0
2021-12-07 12:36:00,1830,1830,1830,1830,0
2021-12-07 12:37:00,1830,1830,1830,1830,0
2021-12-07 12:38:00,1830,1830,1830,1830,0
2021-12-07 12:39:00,1830,1830,1830,1830,0
2021-12-07 12:40:00,1830,1830,1830,1830,0
2021-12-07 12:41:00,1830,1830,1830,1830,0
2021-12-07 12:42:00,1830,1830,1830,1830,0
2021-12-07 12:43:00,1830,1830,1830,1830,0
2021-12-07 12:44:00,1830,1830,1830,1830,0
2021-12-07 12:45:00,1830,1830,1830,1830,0
2021-12-07 12:46:00,1830,1830,1830,1830,0
2021-12-07 12:47:00,1830,1830,1830,1830,0
2021-12-07 12:48:00,1830,1830,1830,1830,0
2021-12-07 12:49:00,1830,1830,1830,1830,0
2021-12-07 12:50:00,1830,1830,1830,1830,0
2021-12-07 12:51:00,1830,1830,1830,1830,0
2021-12-07 12:52:00,1830,1830,1830,1830,0
2021-12-07 12:53:00,1830,1830,1830,1830,0
2021-12-07 12:54:00,1830,1830,1830,1830,0
2021-12-07 12:55:00,1830,1830,1830,1830,0
2021-12-07 12:56:00,1830,1830,1830,1830,0
2021-12-07 12:57:00,1830,1830,1830,1830,0
2021-12-07 12:58:00,1830,1830,1830,1830,0
2021-12-07 12:59:00,1830,1830,1830,1830,0
2021-12-07 13:00:00,1830,1830,1830,1830,0
2021-12-07 13:01:00,1830,1830,1830,1830,0
2021-12-07 13:02:00,1830,1830,1830,1830,0
2021-12-07 13:03:00,1830,1830,1830,1830,0
2021-12-07 13:04:00,1830,1830,1830,1830,0
2021-12-07 13:05:00,1830,1830,1830,1830,0
2021-12-07 13:06:00,1830,1830,1830,1830,0
2021-12-07 13:07:00,1830,1830,1830,1830,0
2021-12-07 13:08:00,1830,1830,1830,1830,0
2021-12-07 13:09:00,1830,1830,1830,1830,0
2021-12-07 13:10:00,1830,1830,1830,1830,0
2021-12-07 13:11:00,1830,1830,1830,1830,0
2021-12-07 13:12:00,1830,1830,1830,1830,0
2021-12-07 13:13:00,1830,1830,1830,1830,0
2021-12-07 13:14:00,1830,1830,1830,1830,0
2021-12-07 13:15:00,1830,1830,1830,1830,0
2021-12-07 13:16:00,1830,1830,1830,1830,0
2021-12-07 13:17:00,1830,1830,1830,1830,0
2021-12-07 13:18:00,1830,1830,1830,1830,0
2021-12-07 13:19:00,1830,1830,1830,1830,0
2021-12-07 13:20:00,1830,1830,1830,1830,0
2021-12-07 13:21:00,1830,1830,1830,1830,0
2021-12-07 13:22:00,1830,1830,1830,1830,0
2021-12-07 13:23:00,1830,1830,1830,1830,0
2021-12-07 13:24:00,1830,1830,1830,1830,0
2021-12-07 13:25:00,1830,1830,1830,1830,0
2021-12-07 13:26:00,1830,1830,1830,1830,0
2021-12-07 13:27:00,1830,1830,1830,1830,0
2021-12-07 13:28:00,1830,1830,1830,1830,0
2021-12-07 13:29:00,1830,1830,1830,1830,0
2021-12-07 13:30:00,1830,1830,1830,1830,0
2021-12-07 13:31:00,1830,1830,1830,1830,0
2021-12-07 13:32:00,1830,1830,1830,1830,0
2021-12-07 13:33:00,1830,1830,1830,1830,0
2021-12-07 13:34:00,1830,1830,1830,1830,0
2021-12-07 13:35:00,1830,1830,1830,1830,0
2021-12-07 13:36:00,1890,1890,1890,1890,600
2021-12-07 13:37:00,1890,1890,1890,1890,0
2021-12-07 13:38:00,1890,1890,1890,1890,0
2021-12-07 13:39:00,1890,1890,1890,1890,0
2021-12-07 13:40:00,1890,1890,1890,1890,0
2021-12-07 13:41:00,1890,1890,1890,1890,0
2021-12-07 13:42:00,1890,1890,1890,1890,0
2021-12-07 13:43:00,1890,1890,1890,1890,0
2021-12-07 13:44:00,1890,1890,1890,1890,0
2021-12-07 13:45:00,1890,1890,1890,1890,0
2021-12-07 13:46:00,1890,1890,1890,1890,0
2021-12-07 13:47:00,1890,1890,1890,1890,0
2021-12-07 13:48:00,1890,1890,1890,1890,0
2021-12-07 13:49:00,1890,1890,1890,1890,0
2021-12-07 13:50:00,1890,1890,1890,1890,0
2021-12-07 13:51:00,1890,1890,1890,1890,0
2021-12-07 13:52:00,1890,1890,1890,1890,0
2021-12-07 13:53:00,1890,1890,1890,1890,0
2021-12-07 13:54:00,1890,1890,1890,1890,0
2021-12-07 13:55:00,1890,1890,1890,1890,0
2021-12-07 13:56:00,1890,1890,1890,1890,0
2021-12-07 13:57:00,1890,1890,1890,1890,0
2021-12-07 13:58:00,1890,1890,1890,1890,0
2021-12-07 13:59:00,1890,1890,1890,1890,0
2021-12-07 14:00:00,1890,1890,1890,1890,0
2021-12-07 14:01:00,1890,1890,1890,1890,0
2021-12-07 14:02:00,1890,1890,1890,1890,0
2021-12-07 14:03:00,1890,1890,1890,1890,0
2021-12-07 14:04:00,1890,1890,1890,1890,0
2021-12-07 14:05:00,1890,1890,1890,1890,0
2021-12-07 14:06:00,1890,1890,1890,1890,0
2021-12-07 14:07:00,1890,1890,1890,1890,0
2021-12-07 14:08:00,1890,1890,1890,1890,0
2021-12-07 14:09:00,1890,1890,1890,1890,0
2021-12-07 14:10:00,1890,1890,1890,1890,0
2021-12-07 14:11:00,1890,1890,1890,1890,0
2021-12-07 14:12:00,1890,1890,1890,1890,0
2021-12-07 14:13:00,1890,1890,1890,1890,0
2021-12-07 14:14:00,1890,1890,1890,1890,0
2021-12-07 14:15:00,1890,1890,1890,1890,0
2021-12-07 14:16:00,1890,1890,1890,1890,0
2021-12-07 14:17:00,1890,1890,1890,1890,0
2021-12-07 14:18:00,1890,1890,1890,1890,0
2021-12-07 14:19:00,1890,1890,1890,1890,0
2021-12-07 14:20:00,1890,1890,1890,1890,0
2021-12-07 14:21:00,1890,1890,1890,1890,0
2021-12-07 14:22:00,1890,1890,1890,1890,0
2021-12-07 14:23:00,1890,1890,1890,1890,0
2021-12-07 14:24:00,1890,1890,1890,1890,0
2021-12-07 14:25:00,1890,1890,1890,1890,0
2021-12-07 14:26:00,1890,1890,1890,1890,0
2021-12-07 14:27:00,1890,1890,1890,1890,0
2021-12-07 14:28:00,1890,1890,1890,1890,0
2021-12-07 14:29:00,1890,1890,1890,1890,0
2021-12-07 14:30:00,1890,1890,1890,1890,0
2021-12-07 14:31:00,1890,1890,1890,1890,0
2021-12-07 14:32:00,1890,1890,1890,1890,0
2021-12-07 14:33:00,1890,1890,1890,1890,0
2021-12-07 14:34:00,1890,1890,1890,1890,0
2021-12-07 14:35:00,1890,1890,1890,1890,0
2021-12-07 14:36:00,1890,1890,1890,1890,0
2021-12-07 14:37:00,1890,1890,1890,1890,0
2021-12-07 14:38:00,1890,1890,1890,1890,0
2021-12-07 14:39:00,1890,1890,1890,1890,0
2021-12-07 14:40:00,1890,1890,1890,1890,0
2021-12-07 14:41:00,1890,1890,1890,1890,0
2021-12-07 14:42:00,1890,1890,1890,1890,0
2021-12-07 14:43:00,1890,1890,1890,1890,0
2021-12-07 14:44:00,1890,1890,1890,1890,0
2021-12-07 14:45:00,1890,1890,1890,1890,0
2021-12-07 14:46:00,1890,1890,1890,1890,0
2021-12-07 14:47:00,1890,1890,1890,1890,0
2021-12-07 14:48:00,1890,1890,1890,1890,0
2021-12-07 14:49:00,1890,1890,1890,1890,0
2021-12-07 14:50:00,1890,1890,1890,1890,0
2021-12-07 14:51:00,1890,1890,1890,1890,0
2021-12-07 14:52:00,1890,1890,1890,1890,0
2021-12-07 14:53:00,1890,1890,1890,1890,0
2021-12-07 14:54:00,1890,1890,1890,1890,0
2021-12-07 14:55:00,1890,1890,1890,1890,0
2021-12-07 14:56:00,1890,1890,1890,1890,0
2021-12-07 14:57:00,1890,1890,1890,1890,0
2021-12-07 14:58:00,1890,1890,1890,1890,0
2021-12-07 14:59:00,1890,1890,1890,1890,0
2021-12-07 15:00:00,1890,1890,1890,1890,0
2021-12-07 15:01:00,1890,1890,1890,1890,0
2021-12-07 15:02:00,1890,1890,1890,1890,0
2021-12-07 15:03:00,1890,1890,1890,1890,0
2021-12-07 15:04:00,1890,1890,1890,1890,0
2021-12-07 15:05:00,1890,1890,1890,1890,0
2021-12-07 15:06:00,1890,1890,1890,1890,0
2021-12-07 15:07:00,1890,1890,1890,1890,0
2021-12-07 15:08:00,1890,1890,1890,1890,0
2021-12-07 15:09:00,1890,1890,1890,1890,0
2021-12-07 15:10:00,1890,1890,1890,1890,0
2021-12-07 15:11:00,1890,1890,1890,1890,0
2021-12-07 15:12:00,1890,1890,1890,1890,0
2021-12-07 15:13:00,1890,1890,1890,1890,0
2021-12-07 15:14:00,1890,1890,1890,1890,0
2021-12-07 15:15:00,1890,1890,1890,1890,0
2021-12-07 15:16:00,1890,1890,1890,1890,0
2021-12-07 15:17:00,1890,1890,1890,1890,0
2021-12-07 15:18:00,1890,1890,1890,1890,0
2021-12-07 15:19:00,1890,1890,1890,1890,0
2021-12-07 15:20:00,1890,1890,1890,1890,0
2021-12-07 15:21:00,1890,1890,1890,1890,0
2021-12-07 15:22:00,1890,1890,1890,1890,0
2021-12-07 15:23:00,1890,1890,1890,1890,0
2021-12-07 15:24:00,1890,1890,1890,1890,0
2021-12-07 15:25:00,1890,1890,1890,1890,0
2021-12-07 15:26:00,1890,1890,1890,1890,0
2021-12-07 15:27:00,1890,1890,1890,1890,0
2021-12-07 15:28:00,1890,1890,1890,1890,0
2021-12-07 15:29:00,1890,1890,1890,1890,0
2021-12-07 15:30:00,1890,1890,1890,1890,0
2021-12-07 15:31:00,1890,1890,1890,1890,0
2021-12-07 15:32:00,1890,1890,1890,1890,0
2021-12-07 15:33:00,1890,1890,1890,1890,0
2021-12-07 15:34:00,1890,1890,1890,1890,0
2021-12-07 15:35:00,1890,1890,1890,1890,0
2021-12-07 15:36:00,1890,1890,1890,1890,0
2021-12-07 15:37:00,1890,1890,1890,1890,0
2021-12-07 15:38:00,1890,1890,1890,1890,0
2021-12-07 15:39:00,1890,1890,1890,1890,0
2021-12-07 15:40:00,1890,1890,1890,1890,0
2021-12-07 15:41:00,1890,1890,1890,1890,0
2021-12-07 15:42:00,1890,1890,1890,1890,0
2021-12-07 15:43:00,1890,1890,1890,1890,0
2021-12-07 15:44:00,1890,1890,1890,1890,0
2021-12-07 15:45:00,1890,1890,1890,1890,0
2021-12-07 15:46:00,1890,1890,1890,1890,0
2021-12-07 15:47:00,1890,1890,1890,1890,0
2021-12-07 15:48:00,1890,1890,1890,1890,0
2021-12-07 15:49:00,1890,1890,1890,1890,0
2021-12-07 15:50:00,1890,1890,1890,1890,0
2021-12-07 15:51:00,1890,1890,1890,1890,0
2021-12-07 15:52:00,1890,1890,1890,1890,0
2021-12-07 15:53:00,1890,1890,1890,1890,0
2021-12-07 15:54:00,1890,1890,1890,1890,0
2021-12-07 15:55:00,1890,1890,1890,1890,0
2021-12-07 15:56:00,1890,1890,1890,1890,0
2021-12-07 15:57:00,1890,1890,1890,1890,0
2021-12-07 15:58:00,1890,1890,1890,1890,0
2021-12-07 15:59:00,1890,1890,1890,1890,0
2021-12-08 09:00:00,1890,1890,1890,1890,0
2021-12-08 09:01:00,1890,1890,1890,1890,0
2021-12-08 09:02:00,1890,1890,1890,1890,0
2021-12-08 09:03:00,1890,1890,1890,1890,0
2021-12-08 09:04:00,1890,1890,1890,1890,0
2021-12-08 09:05:00,1890,1890,1890,1890,0
2021-12-08 09:06:00,1890,1890,1890,1890,0
2021-12-08 09:07:00,1890,1890,1890,1890,0
2021-12-08 09:08:00,1890,1890,1890,1890,0
2021-12-08 09:09:00,1890,1890,1890,1890,0
2021-12-08 09:10:00,1890,1890,1890,1890,0
2021-12-08 09:11:00,1890,1890,1890,1890,0
2021-12-08 09:12:00,1890,1890,1890,1890,0
2021-12-08 09:13:00,1890,1890,1890,1890,0
2021-12-08 09:14:00,1890,1890,1890,1890,0
2021-12-08 09:15:00,1890,1890,1890,1890,0
2021-12-08 09:16:00,1890,1890,1890,1890,0
2021-12-08 09:17:00,1890,1890,1890,1890,0
2021-12-08 09:18:00,1890,1890,1890,1890,0
2021-12-08 09:19:00,1890,1890,1890,1890,0
2021-12-08 09:20:00,1890,1890,1890,1890,0
2021-12-08 09:21:00,1890,1890,1890,1890,0
2021-12-08 09:22:00,1890,1890,1890,1890,0
2021-12-08 09:23:00,1890,1890,1890,1890,0
2021-12-08 09:24:00,1890,1890,1890,1890,0
2021-12-08 09:25:00,1890,1890,1890,1890,0
2021-12-08 09:26:00,1890,1890,1890,1890,0
2021-12-08 09:27:00,1890,1890,1890,1890,0
2021-12-08 09:28:00,1890,1890,1890,1890,0
2021-12-08 09:29:00,1890,1890,1890,1890,0
2021-12-08 09:30:00,1890,1890,1890,1890,0
2021-12-08 09:31:00,1890,1890,1890,1890,0
2021-12-08 09:32:00,1890,1890,1890,1890,0
2021-12-08 09:33:00,1890,1890,1890,1890,0
2021-12-08 09:34:00,1890,1890,1890,1890,0
2021-12-08 09:35:00,1890,1890,1890,1890,0
2021-12-08 09:36:00,1890,1890,1890,1890,0
2021-12-08 09:37:00,1890,1890,1890,1890,0
2021-12-08 09:38:00,1890,1890,1890,1890,0
2021-12-08 09:39:00,1890,1890,1890,1890,0
2021-12-08 09:40:00,1890,1890,1890,1890,0
2021-12-08 09:41:00,1890,1890,1890,1890,0
2021-12-08 09:42:00,1890,1890,1890,1890,0
2021-12-08 09:43:00,1890,1890,1890,1890,0
2021-12-08 09:44:00,1890,1890,1890,1890,0
2021-12-08 09:45:00,1890,1890,1890,1890,0
2021-12-08 09:46:00,1890,1890,1890,1890,0
2021-12-08 09:47:00,1890,1890,1890,1890,0
2021-12-08 09:48:00,1890,1890,1890,1890,0
2021-12-08 09:49:00,1890,1890,1890,1890,0
2021-12-08 09:50:00,1890,1890,1890,1890,0
2021-12-08 09:51:00,1890,1890,1890,1890,0
2021-12-08 09:52:00,1890,1890,1890,1890,0
2021-12-08 09:53:00,1890,1890,1890,1890,0
2021-12-08 09:54:00,1890,1890,1890,1890,0
2021-12-08 09:55:00,1890,1890,1890,1890,0
2021-12-08 09:56:00,1890,1890,1890,1890,0
2021-12-08 09:57:00,1890,1890,1890,1890,0
2021-12-08 09:58:00,1890,1890,1890,1890,0
2021-12-08 09:59:00,1890,1890,1890,1890,0
2021-12-08 10:00:00,1890,1890,1890,1890,0
2021-12-08 10:01:00,1890,1890,1890,1890,0
2021-12-08 10:02:00,1890,1890,1890,1890,0
2021-12-08 10:03:00,1890,1890,1890,1890,0
2021-12-08 10:04:00,1890,1890,1890,1890,0
2021-12-08 10:05:00,1890,1890,1890,1890,0
2021-12-08 10:06:00,1890,1890,1890,1890,0
2021-12-08 10:07:00,1890,1890,1890,1890,0
2021-12-08 10:08:00,1890,1890,1890,1890,0
2021-12-08 10:09:00,1890,1890,1890,1890,0
2021-12-08 10:10:00,1890,1890,1890,1890,0
2021-12-08 10:11:00,1890,1890,1890,1890,0
2021-12-08 10:12:00,1890,1890,1890,1890,0
2021-12-08 10:13:00,1890,1890,1890,1890,0
2021-12-08 10:14:00,1890,1890,1890,1890,0
2021-12-08 10:15:00,1890,1890,1890,1890,0
2021-12-08 10:16:00,1890,1890,1890,1890,0
2021-12-08 10:17:00,1890,1890,1890,1890,0
2021-12-08 10:18:00,1890,1890,1890,1890,0
2021-12-08 10:19:00,1890,1890,1890,1890,0
2021-12-08 10:20:00,1890,1890,1890,1890,0
2021-12-08 10:21:00,1890,1890,1890,1890,0
2021-12-08 10:22:00,1890,1890,1890,1890,0
2021-12-08 10:23:00,1890,1890,1890,1890,0
2021-12-08 10:24:00,1890,1890,1890,1890,0
2021-12-08 10:25:00,1890,1890,1890,1890,0
2021-12-08 10:26:00,1890,1890,1890,1890,0
2021-12-08 10:27:00,1890,1890,1890,1890,0
2021-12-08 10:28:00,1890,1890,1890,1890,0
2021-12-08 10:29:00,1890,1890,1890,1890,0
2021-12-08 10:30:00,1890,1890,1890,1890,0
2021-12-08 10:31:00,1890,1890,1890,1890,0
2021-12-08 10:32:00,1890,1890,1890,1890,0
2021-12-08 10:33:00,1890,1890,1890,1890,0
2021-12-08 10:34:00,1890,1890,1890,1890,0
2021-12-08 10:35:00,1890,1890,1890,1890,0
2021-12-08 10:36:00,1890,1890,1890,1890,0
2021-12-08 10:37:00,1890,1890,1890,1890,0
2021-12-08 10:38:00,1890,1890,1890,1890,0
2021-12-08 10:39:00,1890,1890,1890,1890,0
2021-12-08 10:40:00,1890,1890,1890,1890,0
2021-12-08 10:41:00,1890,1890,1890,1890,0
2021-12-08 10:42:00,1890,1890,1890,1890,0
2021-12-08 10:43:00,1890,1890,1890,1890,0
2021-12-08 10:44:00,1890,1890,1890,1890,0
2021-12-08 10:45:00,1890,1890,1890,1890,0
2021-12-08 10:46:00,1890,1890,1890,1890,0
2021-12-08 10:47:00,1890,1890,1890,1890,0
2021-12-08 10:48:00,1890,1890,1890,1890,0
2021-12-08 10:49:00,1890,1890,1890,1890,0
2021-12-08 10:50:00,1890,1890,1890,1890,0
2021-12-08 10:51:00,1890,1890,1890,1890,0
2021-12-08 10:52:00,1890,1890,1890,1890,0
2021-12-08 10:53:00,1890,1890,1890,1890,0
2021-12-08 10:54:00,1890,1890,1890,1890,0
2021-12-08 10:55:00,1890,1890,1890,1890,0
2021-12-08 10:56:00,1890,1890,1890,1890,0
2021-12-08 10:57:00,1890,1890,1890,1890,0
2021-12-08 10:58:00,1890,1890,1890,1890,0
2021-12-08 10:59:00,1890,1890,1890,1890,0
2021-12-08 11:00:00,1890,1890,1890,1890,0
2021-12-08 11:01:00,1890,1890,1890,1890,0
2021-12-08 11:02:00,1890,1890,1890,1890,0
2021-12-08 11:03:00,1890,1890,1890,1890,0
2021-12-08 11:04:00,1890,1890,1890,1890,0
2021-12-08 11:05:00,1890,1890,1890,1890,0
2021-12-08 11:06:00,1890,1890,1890,1890,0
2021-12-08 11:07:00,1890,1890,1890,1890,0
2021-12-08 11:08:00,1890,1890,1890,1890,0
2021-12-08 11:09:00,1890,1890,1890,1890,0
2021-12-08 11:10:00,1890,1890,1890,1890,0
2021-12-08 11:11:00,1890,1890,1890,1890,0
2021-12-08 11:12:00,1890,1890,1890,1890,0
2021-12-08 11:13:00,1890,1890,1890,1890,0
2021-12-08 11:14:00,1890,1890,1890,1890,0
2021-12-08 11:15:00,1890,1890,1890,1890,0
2021-12-08 11:16:00,1890,1890,1890,1890,0
2021-12-08 11:17:00,1890,1890,1890,1890,0
2021-12-08 11:18:00,1890,1890,1890,1890,0
2021-12-08 11:19:00,1890,1890,1890,1890,0
2021-12-08 11:20:00,1890,1890,1890,1890,0
2021-12-08 11:21:00,1890,1890,1890,1890,0
2021-12-08 11:22:00,1890,1890,1890,1890,0
2021-12-08 11:23:00,1890,1890,1890,1890,0
2021-12-08 11:24:00,1890,1890,1890,1890,0
2021-12-08 11:25:00,1890,1890,1890,1890,0
2021-12-08 11:26:00,1890,1890,1890,1890,0
2021-12-08 11:27:00,1890,1890,1890,1890,0
2021-12-08 11:28:00,1890,1890,1890,1890,0
2021-12-08 11:29:00,1890,1890,1890,1890,0
2021-12-08 11:30:00,1890,1890,1890,1890,0
2021-12-08 11:31:00,1890,1890,1890,1890,0
2021-12-08 11:32:00,1890,1890,1890,1890,0
2021-12-08 11:33:00,1890,1890,1890,1890,0
2021-12-08 11:34:00,1890,1890,1890,1890,0
2021-12-08 11:35:00,1890,1890,1890,1890,0
2021-12-08 11:36:00,1890,1890,1890,1890,0
2021-12-08 11:37:00,1890,1890,1890,1890,0
2021-12-08 11:38:00,1890,1890,1890,1890,0
2021-12-08 11:39:00,1890,1890,1890,1890,0
2021-12-08 11:40:00,1890,1890,1890,1890,0
2021-12-08 11:41:00,1890,1890,1890,1890,0
2021-12-08 11:42:00,1890,1890,1890,1890,0
2021-12-08 11:43:00,1890,1890,1890,1890,0
2021-12-08 11:44:00,1890,1890,1890,1890,0
2021-12-08 11:45:00,1890,1890,1890,1890,0
2021-12-08 11:46:00,1890,1890,1890,1890,0
2021-12-08 11:47:00,1890,1890,1890,1890,0
2021-12-08 11:48:00,1890,1890,1890,1890,0
2021-12-08 11:49:00,1890,1890,1890,1890,0
2021-12-08 11:50:00,1890,1890,1890,1890,0
2021-12-08 11:51:00,1890,1890,1890,1890,0
2021-12-08 11:52:00,1890,1890,1890,1890,0
2021-12-08 11:53:00,1890,1890,1890,1890,0
2021-12-08 11:54:00,1890,1890,1890,1890,0
2021-12-08 11:55:00,1890,1890,1890,1890,0
2021-12-08 11:56:00,1890,1890,1890,1890,0
2021-12-08 11:57:00,1890,1890,1890,1890,0
2021-12-08 11:58:00,1890,1890,1890,1890,0
2021-12-08 11:59:00,1890,1890,1890,1890,0
2021-12-08 12:00:00,1890,1890,1890,1890,0
2021-12-08 12:01:00,1890,1890,1890,1890,0
2021-12-08 12:02:00,1890,1890,1890,1890,0
2021-12-08 12:03:00,1890,1890,1890,1890,0
2021-12-08 12:04:00,1890,1890,1890,1890,0
2021-12-08 12:05:00,1890,1890,1890,1890,0
2021-12-08 12:06:00,1890,1890,1890,1890,0
2021-12-08 12:07:00,1890,1890,1890,1890,0
2021-12-08 12:08:00,1890,1890,1890,1890,0
2021-12-08 12:09:00,1890,1890,1890,1890,0
2021-12-08 12:10:00,1890,1890,1890,1890,0
2021-12-08 12:11:00,1890,1890,1890,1890,0
2021-12-08 12:12:00,1890,1890,1890,1890,0
2021-12-08 12:13:00,1890,1890,1890,1890,0
2021-12-08 12:14:00,1890,1890,1890,1890,0
2021-12-08 12:15:00,1890,1890,1890,1890,0
2021-12-08 12:16:00,1890,1890,1890,1890,0
2021-12-08 12:17:00,1890,1890,1890,1890,0
2021-12-08 12:18:00,1890,1890,1890,1890,0
2021-12-08 12:19:00,1890,1890,1890,1890,0
2021-12-08 12:20:00,1890,1890,1890,1890,0
2021-12-08 12:21:00,1890,1890,1890,1890,0
2021-12-08 12:22:00,1890,1890,1890,1890,0
2021-12-08 12:23:00,1890,1890,1890,1890,0
2021-12-08 12:24:00,1890,1890,1890,1890,0
2021-12-08 12:25:00,1890,1890,1890,1890,0
2021-12-08 12:26:00,1890,1890,1890,1890,0
2021-12-08 12:27:00,1890,1890,1890,1890,0
2021-12-08 12:28:00,1890,1890,1890,1890,0
2021-12-08 12:29:00,1890,1890,1890,1890,0
2021-12-08 12:30:00,1890,1890,1890,1890,0
2021-12-08 12:31:00,1890,1890,1890,1890,0
2021-12-08 12:32:00,1890,1890,1890,1890,0
2021-12-08 12:33:00,1890,1890,1890,1890,0
2021-12-08 12:34:00,1890,1890,1890,1890,0
2021-12-08 12:35:00,1890,1890,1890,1890,0
2021-12-08 12:36:00,1890,1890,1890,1890,0
2021-12-08 12:37:00,1890,1890,1890,1890,0
2021-12-08 12:38:00,1890,1890,1890,1890,0
2021-12-08 12:39:00,1890,1890,1890,1890,0
2021-12-08 12:40:00,1890,1890,1890,1890,0
2021-12-08 12:41:00,1890,1890,1890,1890,0
2021-12-08 12:42:00,1890,1890,1890,1890,0
2021-12-08 12:43:00,1890,1890,1890,1890,0
2021-12-08 12:44:00,1890,1890,1890,1890,0
2021-12-08 12:45:00,1890,1890,1890,1890,0
2021-12-08 12:46:00,1890,1890,1890,1890,0
2021-12-08 12:47:00,1890,1890,1890,1890,0
2021-12-08 12:48:00,1890,1890,1890,1890,0
2021-12-08 12:49:00,1890,1890,1890,1890,0
2021-12-08 12:50:00,1890,1890,1890,1890,0
2021-12-08 12:51:00,1890,1890,1890,1890,0
2021-12-08 12:52:00,1890,1890,1890,1890,0
2021-12-08 12:53:00,1890,1890,1890,1890,0
2021-12-08 12:54:00,1890,1890,1890,1890,0
2021-12-08 12:55:00,1890,1890,1890,1890,0
2021-12-08 12:56:00,1890,1890,1890,1890,0
2021-12-08 12:57:00,1890,1890,1890,1890,0
2021-12-08 12:58:00,1890,1890,1890,1890,0
2021-12-08 12:59:00,1890,1890,1890,1890,0
2021-12-08 13:00:00,1890,1890,1890,1890,0
2021-12-08 13:01:00,1890,1890,1890,1890,0
2021-12-08 13:02:00,1890,1890,1890,1890,0
2021-12-08 13:03:00,1890,1890,1890,1890,0
2021-12-08 13:04:00,1890,1890,1890,1890,0
2021-12-08 13:05:00,1890,1890,1890,1890,0
2021-12-08 13:06:00,1890,1890,1890,1890,0
2021-12-08 13:07:00,1890,1890,1890,1890,0
2021-12-08 13:08:00,1890,1890,1890,1890,0
2021-12-08 13:09:00,1890,1890,1890,1890,0
2021-12-08 13:10:00,1890,1890,1890,1890,0
2021-12-08 13:11:00,1890,1890,1890,1890,0
2021-12-08 13:12:00,1890,1890,1890,1890,0
2021-12-08 13:13:00,1890,1890,1890,1890,0
2021-12-08 13:14:00,1890,1890,1890,1890,0
2021-12-08 13:15:00,1890,1890,1890,1890,0
2021-12-08 13:16:00,1890,1890,1890,1890,0
2021-12-08 13:17:00,1890,1890,1890,1890,0
2021-12-08 13:18:00,1890,1890,1890,1890,0
2021-12-08 13:19:00,1890,1890,1890,1890,0
2021-12-08 13:20:00,1890,1890,1890,1890,0
2021-12-08 13:21:00,1890,1890,1890,1890,0
2021-12-08 13:22:00,1890,1890,1890,1890,0
2021-12-08 13:23:00,1890,1890,1890,1890,0
2021-12-08 13:24:00,1890,1890,1890,1890,0
2021-12-08 13:25:00,1890,1890,1890,1890,0
2021-12-08 13:26:00,1890,1890,1890,1890,0
2021-12-08 13:27:00,1890,1890,1890,1890,0
2021-12-08 13:28:00,1890,1890,1890,1890,0
2021-12-08 13:29:00,1890,1890,1890,1890,0
2021-12-08 13:30:00,1890,1890,1890,1890,0
2021-12-08 13:31:00,1890,1890,1890,1890,0
2021-12-08 13:32:00,1890,1890,1890,1890,0
2021-12-08 13:33:00,1890,1890,1890,1890,0
2021-12-08 13:34:00,1890,1890,1890,1890,0
2021-12-08 13:35:00,1890,1890,1890,1890,0
2021-12-08 13:36:00,1890,1890,1890,1890,0
2021-12-08 13:37:00,1890,1890,1890,1890,0
2021-12-08 13:38:00,1890,1890,1890,1890,0
2021-12-08 13:39:00,1890,1890,1890,1890,0
2021-12-08 13:40:00,1890,1890,1890,1890,0
2021-12-08 13:41:00,1890,1890,1890,1890,0
2021-12-08 13:42:00,1890,1890,1890,1890,0
2021-12-08 13:43:00,1890,1890,1890,1890,0
2021-12-08 13:44:00,1890,1890,1890,1890,0
2021-12-08 13:45:00,1890,1890,1890,1890,0
2021-12-08 13:46:00,1890,1890,1890,1890,0
2021-12-08 13:47:00,1890,1890,1890,1890,0
2021-12-08 13:48:00,1890,1890,1890,1890,0
2021-12-08 13:49:00,1890,1890,1890,1890,0
2021-12-08 13:50:00,1890,1890,1890,1890,0
2021-12-08 13:51:00,1890,1890,1890,1890,0
2021-12-08 13:52:00,1890,1890,1890,1890,0
2021-12-08 13:53:00,1890,1890,1890,1890,0
2021-12-08 13:54:00,1890,1890,1890,1890,0
2021-12-08 13:55:00,1890,1890,1890,1890,0
2021-12-08 13:56:00,1890,1890,1890,1890,0
2021-12-08 13:57:00,1890,1890,1890,1890,0
2021-12-08 13:58:00,1890,1890,1890,1890,0
2021-12-08 13:59:00,1890,1890,1890,1890,0
2021-12-08 14:00:00,1890,1890,1890,1890,0
2021-12-08 14:01:00,1890,1890,1890,1890,0
2021-12-08 14:02:00,1890,1890,1890,1890,0
2021-12-08 14:03:00,1890,1890,1890,1890,0
2021-12-08 14:04:00,1890,1890,1890,1890,0
2021-12-08 14:05:00,1890,1890,1890,1890,0
2021-12-08 14:06:00,1890,1890,1890,1890,0
2021-12-08 14:07:00,1890,1890,1890,1890,0
2021-12-08 14:08:00,1890,1890,1890,1890,0
2021-12-08 14:09:00,1890,1890,1890,1890,0
2021-12-08 14:10:00,1890,1890,1890,1890,0
2021-12-08 14:11:00,1890,1890,1890,1890,0
2021-12-08 14:12:00,1890,1890,1890,1890,0
2021-12-08 14:13:00,1890,1890,1890,1890,0
2021-12-08 14:14:00,1890,1890,1890,1890,0
2021-12-08 14:15:00,1890,1890,1890,1890,0
2021-12-08 14:16:00,1890,1890,1890,1890,0
2021-12-08 14:17:00,1890,1890,1890,1890,0
2021-12-08 14:18:00,1890,1890,1890,1890,0
2021-12-08 14:19:00,1890,1890,1890,1890,0
2021-12-08 14:20:00,1890,1890,1890,1890,0
2021-12-08 14:21:00,1890,1890,1890,1890,0
2021-12-08 14:22:00,1890,1890,1890,1890,0
2021-12-08 14:23:00,1890,1890,1890,1890,0
2021-12-08 14:24:00,1890,1890,1890,1890,0
2021-12-08 14:25:00,1890,1890,1890,1890,0
2021-12-08 14:26:00,1890,1890,1890,1890,0
2021-12-08 14:27:00,1890,1890,1890,1890,0
2021-12-08 14:28:00,1890,1890,1890,1890,0
2021-12-08 14:29:00,1890,1890,1890,1890,0
2021-12-08 14:30:00,1890,1890,1890,1890,0
2021-12-08 14:31:00,1890,1890,1890,1890,0
2021-12-08 14:32:00,1890,1890,1890,1890,0
2021-12-08 14:33:00,1890,1890,1890,1890,0
2021-12-08 14:34:00,1890,1890,1890,1890,0
2021-12-08 14:35:00,1890,1890,1890,1890,0
2021-12-08 14:36:00,1890,1890,1890,1890,0
2021-12-08 14:37:00,1890,1890,1890,1890,0
2021-12-08 14:38:00,1890,1890,1890,1890,0
2021-12-08 14:39:00,1890,1890,1890,1890,0
2021-12-08 14:40:00,1890,1890,1890,1890,0
2021-12-08 14:41:00,1890,1890,1890,1890,0
2021-12-08 14:42:00,1890,1890,1890,1890,0
2021-12-08 14:43:00,1890,1890,1890,1890,0
2021-12-08 14:44:00,1890,1890,1890,1890,0
2021-12-08 14:45:00,1890,1890,1890,1890,0
2021-12-08 14:46:00,1890,1890,1890,1890,0
2021-12-08 14:47:00,1890,1890,1890,1890,0
2021-12-08 14:48:00,1890,1890,1890,1890,0
2021-12-08 14:49:00,1890,1890,1890,1890,0
2021-12-08 14:50:00,1890,1890,1890,1890,0
2021-12-08 14:51:00,1890,1890,1890,1890,0
2021-12-08 14:52:00,1890,1890,1890,1890,0
2021-12-08 14:53:00,1890,1890,1890,1890,0
2021-12-08 14:54:00,1890,1890,1890,1890,0
2021-12-08 14:55:00,1890,1890,1890,1890,0
2021-12-08 14:56:00,1890,1890,1890,1890,0
2021-12-08 14:57:00,1890,1890,1890,1890,0
2021-12-08 14:58:00,1890,1890,1890,1890,0
2021-12-08 14:59:00,1890,1890,1890,1890,0
2021-12-08 15:00:00,1890,1890,1890,1890,0
2021-12-08 15:01:00,1890,1890,1890,1890,0
2021-12-08 15:02:00,1890,1890,1890,1890,0
2021-12-08 15:03:00,1890,1890,1890,1890,0
2021-12-08 15:04:00,1890,1890,1890,1890,0
2021-12-08 15:05:00,1890,1890,1890,1890,0
2021-12-08 15:06:00,1890,1890,1890,1890,0
2021-12-08 15:07:00,1890,1890,1890,1890,0
2021-12-08 15:08:00,1890,1890,1890,1890,0
2021-12-08 15:09:00,1890,1890,1890,1890,0
2021-12-08 15:10:00,1890,1890,1890,1890,0
2021-12-08 15:11:00,1890,1890,1890,1890,0
2021-12-08 15:12:00,1890,1890,1890,1890,0
2021-12-08 15:13:00,1890,1890,1890,1890,0
2021-12-08 15:14:00,1890,1890,1890,1890,0
2021-12-08 15:15:00,1890,1890,1890,1890,0
2021-12-08 15:16:00,1890,1890,1890,1890,0
2021-12-08 15:17:00,1890,1890,1890,1890,0
2021-12-08 15:18:00,1890,1890,1890,1890,0
2021-12-08 15:19:00,1890,1890,1890,1890,0
2021-12-08 15:20:00,1890,1890,1890,1890,0
2021-12-08 15:21:00,1890,1890,1890,1890,0
2021-12-08 15:22:00,1890,1890,1890,1890,0
2021-12-08 15:23:00,1890,1890,1890,1890,0
2021-12-08 15:24:00,1890,1890,1890,1890,0
2021-12-08 15:25:00,1890,1890,1890,1890,0
2021-12-08 15:26:00,1890,1890,1890,1890,0
2021-12-08 15:27:00,1890,1890,1890,1890,0
2021-12-08 15:28:00,1890,1890,1890,1890,0
2021-12-08 15:29:00,1890,1890,1890,1890,0
2021-12-08 15:30:00,1890,1890,1890,1890,0
2021-12-08 15:31:00,1890,1890,1890,1890,0
2021-12-08 15:32:00,1890,1890,1890,1890,0
2021-12-08 15:33:00,1890,1890,1890,1890,0
2021-12-08 15:34:00,1890,1890,1890,1890,0
2021-12-08 15:35:00,1890,1890,1890,1890,0
2021-12-08 15:36:00,1890,1890,1890,1890,0
2021-12-08 15:37:00,1890,1890,1890,1890,0
2021-12-08 15:38:00,1890,1890,1890,1890,0
2021-12-08 15:39:00,1890,1890,1890,1890,0
2021-12-08 15:40:00,1890,1890,1890,1890,0
2021-12-08 15:41:00,1890,1890,1890,1890,0
2021-12-08 15:42:00,1890,1890,1890,1890,0
2021-12-08 15:43:00,1890,1890,1890,1890,0
2021-12-08 15:44:00,1890,1890,1890,1890,0
2021-12-08 15:45:00,1890,1890,1890,1890,0
2021-12-08 15:46:00,1890,1890,1890,1890,0
2021-12-08 15:47:00,1890,1890,1890,1890,0
2021-12-08 15:48:00,1890,1890,1890,1890,0
2021-12-08 15:49:00,1890,1890,1890,1890,0
2021-12-08 15:50:00,1890,1890,1890,1890,0
2021-12-08 15:51:00,1890,1890,1890,1890,0
2021-12-08 15:52:00,1890,1890,1890,1890,0
2021-12-08 15:53:00,1890,1890,1890,1890,0
2021-12-08 15:54:00,1890,1890,1890,1890,0
2021-12-08 15:55:00,1890,1890,1890,1890,0
2021-12-08 15:56:00,1890,1890,1890,1890,0
2021-12-08 15:57:00,1890,1890,1890,1890,0
2021-12-08 15:58:00,1890,1890,1890,1890,0
2021-12-08 15:59:00,1890,1890,1890,1890,0
2021-12-09 09:00:00,1890,1890,1890,1890,0
2021-12-09 09:01:00,1890,1890,1890,1890,0
2021-12-09 09:02:00,1890,1890,1890,1890,0
2021-12-09 09:03:00,1890,1890,1890,1890,0
2021-12-09 09:04:00,1890,1890,1890,1890,0
2021-12-09 09:05:00,1890,1890,1890,1890,0
2021-12-09 09:06:00,1890,1890,1890,1890,0
2021-12-09 09:07:00,1890,1890,1890,1890,0
2021-12-09 09:08:00,1890,1890,1890,1890,0
2021-12-09 09:09:00,1890,1890,1890,1890,0
2021-12-09 09:10:00,1890,1890,1890,1890,0
2021-12-09 09:11:00,1890,1890,1890,1890,0
2021-12-09 09:12:00,1890,1890,1890,1890,0
2021-12-09 09:13:00,1890,1890,1890,1890,0
2021-12-09 09:14:00,1890,1890,1890,1890,0
2021-12-09 09:15:00,1890,1890,1890,1890,0
2021-12-09 09:16:00,1890,1890,1890,1890,0
2021-12-09 09:17:00,1890,1890,1890,1890,0
2021-12-09 09:18:00,1890,1890,1890,1890,0
2021-12-09 09:19:00,1890,1890,1890,1890,0
2021-12-09 09:20:00,1890,1890,1890,1890,0
2021-12-09 09:21:00,1890,1890,1890,1890,0
2021-12-09 09:22:00,1890,1890,1890,1890,0
2021-12-09 09:23:00,1890,1890,1890,1890,0
2021-12-09 09:24:00,1890,1890,1890,1890,0
2021-12-09 09:25:00,1890,1890,1890,1890,0
2021-12-09 09:26:00,1890,1890,1890,1890,0
2021-12-09 09:27:00,1890,1890,1890,1890,0
2021-12-09 09:28:00,1890,1890,1890,1890,0
2021-12-09 09:29:00,1890,1890,1890,1890,0
2021-12-09 09:30:00,1890,1890,1890,1890,0
2021-12-09 09:31:00,1890,1890,1890,1890,0
2021-12-09 09:32:00,1890,1890,1890,1890,0
2021-12-09 09:33:00,1890,1890,1890,1890,0
2021-12-09 09:34:00,1890,1890,1890,1890,0
2021-12-09 09:35:00,1890,1890,1890,1890,0
2021-12-09 09:36:00,1890,1890,1890,1890,0
2021-12-09 09:37:00,1890,1890,1890,1890,0
2021-12-09 09:38:00,1890,1890,1890,1890,0
2021-12-09 09:39:00,1890,1890,1890,1890,0
2021-12-09 09:40:00,1890,1890,1890,1890,0
2021-12-09 09:41:00,1890,1890,1890,1890,0
2021-12-09 09:42:00,1890,1890,1890,1890,0
2021-12-09 09:43:00,1890,1890,1890,1890,0
2021-12-09 09:44:00,1890,1890,1890,1890,0
2021-12-09 09:45:00,1890,1890,1890,1890,0
2021-12-09 09:46:00,1890,1890,1890,1890,0
2021-12-09 09:47:00,1890,1890,1890,1890,0
2021-12-09 09:48:00,1890,1890,1890,1890,0
2021-12-09 09:49:00,1890,1890,1890,1890,0
2021-12-09 09:50:00,1890,1890,1890,1890,0
2021-12-09 09:51:00,1890,1890,1890,1890,0
2021-12-09 09:52:00,1890,1890,1890,1890,0
2021-12-09 09:53:00,1890,1890,1890,1890,0
2021-12-09 09:54:00,1890,1890,1890,1890,0
2021-12-09 09:55:00,1890,1890,1890,1890,0
2021-12-09 09:56:00,1890,1890,1890,1890,0
2021-12-09 09:57:00,1890,1890,1890,1890,0
2021-12-09 09:58:00,1890,1890,1890,1890,0
2021-12-09 09:59:00,1890,1890,1890,1890,0
2021-12-09 10:00:00,1890,1890,1890,1890,0
2021-12-09 10:01:00,1890,1890,1890,1890,0
2021-12-09 10:02:00,1890,1890,1890,1890,0
2021-12-09 10:03:00,1890,1890,1890,1890,0
2021-12-09 10:04:00,1890,1890,1890,1890,0
2021-12-09 10:05:00,1890,1890,1890,1890,0
2021-12-09 10:06:00,1890,1890,1890,1890,0
2021-12-09 10:07:00,1890,1890,1890,1890,0
2021-12-09 10:08:00,1890,1890,1890,1890,0
2021-12-09 10:09:00,1890,1890,1890,1890,0
2021-12-09 10:10:00,1890,1890,1890,1890,0
2021-12-09 10:11:00,1890,1890,1890,1890,0
2021-12-09 10:12:00,1890,1890,1890,1890,0
2021-12-09 10:13:00,1890,1890,1890,1890,0
2021-12-09 10:14:00,1890,1890,1890,1890,0
2021-12-09 10:15:00,1890,1890,1890,1890,0
2021-12-09 10:16:00,1890,1890,1890,1890,0
2021-12-09 10:17:00,1890,1890,1890,1890,0
2021-12-09 10:18:00,1890,1890,1890,1890,0
2021-12-09 10:19:00,1890,1890,1890,1890,0
2021-12-09 10:20:00,1890,1890,1890,1890,0
2021-12-09 10:21:00,1890,1890,1890,1890,0
2021-12-09 10:22:00,1890,1890,1890,1890,0
2021-12-09 10:23:00,1890,1890,1890,1890,0
2021-12-09 10:24:00,1890,1890,1890,1890,0
2021-12-09 10:25:00,1890,1890,1890,1890,0
2021-12-09 10:26:00,1890,1890,1890,1890,0
2021-12-09 10:27:00,1890,1890,1890,1890,0
2021-12-09 10:28:00,1890,1890,1890,1890,0
2021-12-09 10:29:00,1890,1890,1890,1890,0
2021-12-09 10:30:00,1890,1890,1890,1890,0
2021-12-09 10:31:00,1890,1890,1890,1890,0
2021-12-09 10:32:00,1890,1890,1890,1890,0
2021-12-09 10:33:00,1890,1890,1890,1890,0
2021-12-09 10:34:00,1890,1890,1890,1890,0
2021-12-09 10:35:00,1890,1890,1890,1890,0
2021-12-09 10:36:00,1890,1890,1890,1890,0
2021-12-09 10:37:00,1890,1890,1890,1890,0
2021-12-09 10:38:00,1890,1890,1890,1890,0
2021-12-09 10:39:00,1890,1890,1890,1890,0
2021-12-09 10:40:00,1890,1890,1890,1890,0
2021-12-09 10:41:00,1890,1890,1890,1890,0
2021-12-09 10:42:00,1890,1890,1890,1890,0
2021-12-09 10:43:00,1890,1890,1890,1890,0
2021-12-09 10:44:00,1890,1890,1890,1890,0
2021-12-09 10:45:00,1890,1890,1890,1890,0
2021-12-09 10:46:00,1890,1890,1890,1890,0
2021-12-09 10:47:00,1890,1890,1890,1890,0
2021-12-09 10:48:00,1890,1890,1890,1890,0
2021-12-09 10:49:00,1890,1890,1890,1890,0
2021-12-09 10:50:00,1895,1895,1895,1895,100
2021-12-09 10:51:00,1895,1895,1895,1895,0
2021-12-09 10:52:00,1895,1895,1895,1895,0
2021-12-09 10:53:00,1895,1895,1895,1895,0
2021-12-09 10:54:00,1895,1895,1895,1895,0
2021-12-09 10:55:00,1895,1895,1895,1895,0
2021-12-09 10:56:00,1895,1895,1895,1895,0
2021-12-09 10:57:00,1895,1895,1895,1895,0
2021-12-09 10:58:00,1895,1895,1895,1895,0
2021-12-09 10:59:00,1895,1895,1895,1895,0
2021-12-09 11:00:00,1895,1895,1895,1895,0
2021-12-09 11:01:00,1895,1895,1895,1895,0
2021-12-09 11:02:00,1895,1895,1895,1895,0
2021-12-09 11:03:00,1895,1895,1895,1895,0
2021-12-09 11:04:00,1895,1895,1895,1895,0
2021-12-09 11:05:00,1895,1895,1895,1895,0
2021-12-09 11:06:00,1895,1895,1895,1895,0
2021-12-09 11:07:00,1895,1895,1895,1895,0
2021-12-09 11:08:00,1895,1895,1895,1895,0
2021-12-09 11:09:00,1895,1895,1895,1895,0
2021-12-09 11:10:00,1895,1895,1895,1895,0
2021-12-09 11:11:00,1895,1895,1895,1895,0
2021-12-09 11:12:00,1895,1895,1895,1895,0
2021-12-09 11:13:00,1895,1895,1895,1895,0
2021-12-09 11:14:00,1895,1895,1895,1895,0
2021-12-09 11:15:00,1895,1895,1895,1895,0
2021-12-09 11:16:00,1895,1895,1895,1895,0
2021-12-09 11:17:00,1895,1895,1895,1895,0
2021-12-09 11:18:00,1895,1895,1895,1895,0
2021-12-09 11:19:00,1895,1895,1895,1895,0
2021-12-09 11:20:00,1895,1895,1895,1895,0
2021-12-09 11:21:00,1895,1895,1895,1895,0
2021-12-09 11:22:00,1895,1895,1895,1895,0
2021-12-09 11:23:00,1895,1895,1895,1895,0
2021-12-09 11:24:00,1895,1895,1895,1895,0
2021-12-09 11:25:00,1895,1895,1895,1895,0
2021-12-09 11:26:00,1895,1895,1895,1895,0
2021-12-09 11:27:00,1895,1895,1895,1895,0
2021-12-09 11:28:00,1895,1895,1895,1895,0
2021-12-09 11:29:00,1895,1895,1895,1895,0
2021-12-09 11:30:00,1895,1895,1895,1895,0
2021-12-09 11:31:00,1895,1895,1895,1895,0
2021-12-09 11:32:00,1895,1895,1895,1895,0
2021-12-09 11:33:00,1895,1895,1895,1895,0
2021-12-09 11:34:00,1895,1895,1895,1895,0
2021-12-09 11:35:00,1895,1895,1895,1895,0
2021-12-09 11:36:00,1895,1895,1895,1895,0
2021-12-09 11:37:00,1895,1895,1895,1895,0
2021-12-09 11:38:00,1895,1895,1895,1895,0
2021-12-09 11:39:00,1895,1895,1895,1895,0
2021-12-09 11:40:00,1895,1895,1895,1895,0
2021-12-09 11:41:00,1895,1895,1895,1895,0
2021-12-09 11:42:00,1895,1895,1895,1895,0
2021-12-09 11:43:00,1895,1895,1895,1895,0
2021-12-09 11:44:00,1895,1895,1895,1895,0
2021-12-09 11:45:00,1895,1895,1895,1895,0
2021-12-09 11:46:00,1895,1895,1895,1895,0
2021-12-09 11:47:00,1895,1895,1895,1895,0
2021-12-09 11:48:00,1895,1895,1895,1895,0
2021-12-09 11:49:00,1895,1895,1895,1895,0
2021-12-09 11:50:00,1895,1895,1895,1895,0
2021-12-09 11:51:00,1895,1895,1895,1895,0
2021-12-09 11:52:00,1895,1895,1895,1895,0
2021-12-09 11:53:00,1895,1895,1895,1895,0
2021-12-09 11:54:00,1895,1895,1895,1895,0
2021-12-09 11:55:00,1895,1895,1895,1895,0
2021-12-09 11:56:00,1895,1895,1895,1895,0
2021-12-09 11:57:00,1895,1895,1895,1895,0
2021-12-09 11:58:00,1895,1895,1895,1895,0
2021-12-09 11:59:00,1895,1895,1895,1895,0
2021-12-09 12:00:00,1895,1895,1895,1895,0
2021-12-09 12:01:00,1895,1895,1895,1895,0
2021-12-09 12:02:00,1895,1895,1895,1895,0
2021-12-09 12:03:00,1895,1895,1895,1895,0
2021-12-09 12:04:00,1895,1895,1895,1895,0
2021-12-09 12:05:00,1895,1895,1895,1895,0
2021-12-09 12:06:00,1895,1895,1895,1895,0
2021-12-09 12:07:00,1895,1895,1895,1895,0
2021-12-09 12:08:00,1895,1895,1895,1895,0
2021-12-09 12:09:00,1895,1895,1895,1895,0
2021-12-09 12:10:00,1895,1895,1895,1895,0
2021-12-09 12:11:00,1895,1895,1895,1895,0
2021-12-09 12:12:00,1895,1895,1895,1895,0
2021-12-09 12:13:00,1895,1895,1895,1895,0
2021-12-09 12:14:00,1895,1895,1895,1895,0
2021-12-09 12:15:00,1895,1895,1895,1895,0
2021-12-09 12:16:00,1895,1895,1895,1895,0
2021-12-09 12:17:00,1895,1895,1895,1895,0
2021-12-09 12:18:00,1895,1895,1895,1895,0
2021-12-09 12:19:00,1895,1895,1895,1895,0
2021-12-09 12:20:00,1895,1895,1895,1895,0
2021-12-09 12:21:00,1895,1895,1895,1895,0
2021-12-09 12:22:00,1895,1895,1895,1895,0
2021-12-09 12:23:00,1895,1895,1895,1895,0
2021-12-09 12:24:00,1895,1895,1895,1895,0
2021-12-09 12:25:00,1895,1895,1895,1895,0
2021-12-09 12:26:00,1895,1895,1895,1895,0
2021-12-09 12:27:00,1895,1895,1895,1895,0
2021-12-09 12:28:00,1895,1895,1895,1895,0
2021-12-09 12:29:00,1895,1895,1895,1895,0
2021-12-09 12:30:00,1895,1895,1895,1895,0
2021-12-09 12:31:00,1895,1895,1895,1895,0
2021-12-09 12:32:00,1895,1895,1895,1895,0
2021-12-09 12:33:00,1895,1895,1895,1895,0
2021-12-09 12:34:00,1895,1895,1895,1895,0
2021-12-09 12:35:00,1895,1895,1895,1895,0
2021-12-09 12:36:00,1895,1895,1895,1895,0
2021-12-09 12:37:00,1895,1895,1895,1895,0
2021-12-09 12:38:00,1895,1895,1895,1895,0
2021-12-09 12:39:00,1895,1895,1895,1895,0
2021-12-09 12:40:00,1895,1895,1895,1895,0
2021-12-09 12:41:00,1895,1895,1895,1895,0
2021-12-09 12:42:00,1895,1895,1895,1895,0
2021-12-09 12:43:00,1895,1895,1895,1895,0
2021-12-09 12:44:00,1895,1895,1895,1895,0
2021-12-09 12:45:00,1895,1895,1895,1895,0
2021-12-09 12:46:00,1895,1895,1895,1895,0
2021-12-09 12:47:00,1895,1895,1895,1895,0
2021-12-09 12:48:00,1895,1895,1895,1895,0
2021-12-09 12:49:00,1895,1895,1895,1895,0
2021-12-09 12:50:00,1895,1895,1895,1895,0
2021-12-09 12:51:00,1895,1895,1895,1895,0
2021-12-09 12:52:00,1895,1895,1895,1895,0
2021-12-09 12:53:00,1895,1895,1895,1895,0
2021-12-09 12:54:00,1895,1895,1895,1895,0
2021-12-09 12:55:00,1895,1895,1895,1895,0
2021-12-09 12:56:00,1895,1895,1895,1895,0
2021-12-09 12:57:00,1895,1895,1895,1895,0
2021-12-09 12:58:00,1895,1895,1895,1895,0
2021-12-09 12:59:00,1895,1895,1895,1895,0
2021-12-09 13:00:00,1895,1895,1895,1895,0
2021-12-09 13:01:00,1895,1895,1895,1895,0
2021-12-09 13:02:00,1895,1895,1895,1895,0
2021-12-09 13:03:00,1895,1895,1895,1895,0
2021-12-09 13:04:00,1895,1895,1895,1895,0
2021-12-09 13:05:00,1895,1895,1895,1895,0
2021-12-09 13:06:00,1895,1895,1895,1895,0
2021-12-09 13:07:00,1895,1895,1895,1895,0
2021-12-09 13:08:00,1895,1895,1895,1895,0
2021-12-09 13:09:00,1895,1895,1895,1895,0
2021-12-09 13:10:00,1895,1895,1895,1895,0
2021-12-09 13:11:00,1895,1895,1895,1895,0
2021-12-09 13:12:00,1895,1895,1895,1895,0
2021-12-09 13:13:00,1895,1895,1895,1895,0
2021-12-09 13:14:00,1895,1895,1895,1895,0
2021-12-09 13:15:00,1895,1895,1895,1895,0
2021-12-09 13:16:00,1895,1895,1895,1895,0
2021-12-09 13:17:00,1895,1895,1895,1895,0
2021-12-09 13:18:00,1895,1895,1895,1895,0
2021-12-09 13:19:00,1895,1895,1895,1895,0
2021-12-09 13:20:00,1895,1895,1895,1895,0
2021-12-09 13:21:00,1895,1895,1895,1895,0
2021-12-09 13:22:00,1895,1895,1895,1895,0
2021-12-09 13:23:00,1895,1895,1895,1895,0
2021-12-09 13:24:00,1895,1895,1895,1895,0
2021-12-09 13:25:00,1895,1895,1895,1895,0
2021-12-09 13:26:00,1895,1895,1895,1895,0
2021-12-09 13:27:00,1895,1895,1895,1895,0
2021-12-09 13:28:00,1895,1895,1895,1895,0
2021-12-09 13:29:00,1895,1895,1895,1895,0
2021-12-09 13:30:00,1895,1895,1895,1895,0
2021-12-09 13:31:00,1895,1895,1895,1895,0
2021-12-09 13:32:00,1895,1895,1895,1895,0
2021-12-09 13:33:00,1895,1895,1895,1895,0
2021-12-09 13:34:00,1895,1895,1895,1895,0
2021-12-09 13:35:00,1895,1895,1895,1895,0
2021-12-09 13:36:00,1895,1895,1895,1895,0
2021-12-09 13:37:00,1895,1895,1895,1895,0
2021-12-09 13:38:00,1895,1895,1895,1895,0
2021-12-09 13:39:00,1895,1895,1895,1895,0
2021-12-09 13:40:00,1895,1895,1895,1895,0
2021-12-09 13:41:00,1895,1895,1895,1895,0
2021-12-09 13:42:00,1895,1895,1895,1895,0
2021-12-09 13:43:00,1895,1895,1895,1895,0
2021-12-09 13:44:00,1895,1895,1895,1895,0
2021-12-09 13:45:00,1895,1895,1895,1895,0
2021-12-09 13:46:00,1895,1895,1895,1895,0
2021-12-09 13:47:00,1895,1895,1895,1895,0
2021-12-09 13:48:00,1895,1895,1895,1895,0
2021-12-09 13:49:00,1895,1895,1895,1895,0
2021-12-09 13:50:00,1895,1895,1895,1895,0
2021-12-09 13:51:00,1895,1895,1895,1895,0
2021-12-09 13:52:00,1895,1895,1895,1895,0
2021-12-09 13:53:00,1895,1895,1895,1895,0
2021-12-09 13:54:00,1895,1895,1895,1895,0
2021-12-09 13:55:00,1895,1895,1895,1895,0
2021-12-09 13:56:00,1895,1895,1895,1895,0
2021-12-09 13:57:00,1895,1895,1895,1895,0
2021-12-09 13:58:00,1895,1895,1895,1895,0
2021-12-09 13:59:00,1895,1895,1895,1895,0
2021-12-09 14:00:00,1895,1895,1895,1895,0
2021-12-09 14:01:00,1895,1895,1895,1895,0
2021-12-09 14:02:00,1895,1895,1895,1895,0
2021-12-09 14:03:00,1895,1895,1895,1895,0
2021-12-09 14:04:00,1895,1895,1895,1895,0
2021-12-09 14:05:00,1895,1895,1895,1895,0
2021-12-09 14:06:00,1895,1895,1895,1895,0
2021-12-09 14:07:00,1895,1895,1895,1895,0
2021-12-09 14:08:00,1895,1895,1895,1895,0
2021-12-09 14:09:00,1895,1895,1895,1895,0
2021-12-09 14:10:00,1895,1895,1895,1895,0
2021-12-09 14:11:00,1895,1895,1895,1895,0
2021-12-09 14:12:00,1895,1895,1895,1895,0
2021-12-09 14:13:00,1895,1895,1895,1895,0
2021-12-09 14:14:00,1895,1895,1895,1895,0
2021-12-09 14:15:00,1895,1895,1895,1895,0
2021-12-09 14:16:00,1895,1895,1895,1895,0
2021-12-09 14:17:00,1895,1895,1895,1895,0
2021-12-09 14:18:00,1895,1895,1895,1895,0
2021-12-09 14:19:00,1895,1895,1895,1895,0
2021-12-09 14:20:00,1895,1895,1895,1895,0
2021-12-09 14:21:00,1895,1895,1895,1895,0
2021-12-09 14:22:00,1895,1895,1895,1895,0
2021-12-09 14:23:00,1895,1895,1895,1895,0
2021-12-09 14:24:00,1895,1895,1895,1895,0
2021-12-09 14:25:00,1895,1895,1895,1895,0
2021-12-09 14:26:00,1895,1895,1895,1895,0
2021-12-09 14:27:00,1895,1895,1895,1895,0
2021-12-09 14:28:00,1895,1895,1895,1895,0
2021-12-09 14:29:00,1895,1895,1895,1895,0
2021-12-09 14:30:00,1895,1895,1895,1895,0
2021-12-09 14:31:00,1895,1895,1895,1895,0
2021-12-09 14:32:00,1895,1895,1895,1895,0
2021-12-09 14:33:00,1895,1895,1895,1895,0
2021-12-09 14:34:00,1895,1895,1895,1895,0
2021-12-09 14:35:00,1895,1895,1895,1895,0
2021-12-09 14:36:00,1895,1895,1895,1895,0
2021-12-09 14:37:00,1895,1895,1895,1895,0
2021-12-09 14:38:00,1895,1895,1895,1895,0
2021-12-09 14:39:00,1895,1895,1895,1895,0
2021-12-09 14:40:00,1895,1895,1895,1895,0
2021-12-09 14:41:00,1895,1895,1895,1895,0
2021-12-09 14:42:00,1895,1895,1895,1895,0
2021-12-09 14:43:00,1895,1895,1895,1895,0
2021-12-09 14:44:00,1895,1895,1895,1895,0
2021-12-09 14:45:00,1895,1895,1895,1895,0
2021-12-09 14:46:00,1895,1895,1895,1895,0
2021-12-09 14:47:00,1895,1895,1895,1895,0
2021-12-09 14:48:00,1895,1895,1895,1895,0
2021-12-09 14:49:00,1895,1895,1895,1895,0
2021-12-09 14:50:00,1895,1895,1895,1895,0
2021-12-09 14:51:00,1895,1895,1895,1895,0
2021-12-09 14:52:00,1895,1895,1895,1895,0
2021-12-09 14:53:00,1895,1895,1895,1895,0
2021-12-09 14:54:00,1895,1895,1895,1895,0
2021-12-09 14:55:00,1895,1895,1895,1895,0
2021-12-09 14:56:00,1895,1895,1895,1895,0
2021-12-09 14:57:00,1895,1895,1895,1895,0
2021-12-09 14:58:00,1895,1895,1895,1895,0
2021-12-09 14:59:00,1895,1895,1895,1895,0
2021-12-09 15:00:00,1895,1895,1895,1895,0
2021-12-09 15:01:00,1895,1895,1895,1895,0
2021-12-09 15:02:00,1895,1895,1895,1895,0
2021-12-09 15:03:00,1895,1895,1895,1895,0
2021-12-09 15:04:00,1895,1895,1895,1895,0
2021-12-09 15:05:00,1895,1895,1895,1895,0
2021-12-09 15:06:00,1895,1895,1895,1895,0
2021-12-09 15:07:00,1895,1895,1895,1895,0
2021-12-09 15:08:00,1895,1895,1895,1895,0
2021-12-09 15:09:00,1895,1895,1895,1895,0
2021-12-09 15:10:00,1895,1895,1895,1895,0
2021-12-09 15:11:00,1895,1895,1895,1895,0
2021-12-09 15:12:00,1895,1895,1895,1895,0
2021-12-09 15:13:00,1895,1895,1895,1895,0
2021-12-09 15:14:00,1895,1895,1895,1895,0
2021-12-09 15:15:00,1895,1895,1895,1895,0
2021-12-09 15:16:00,1895,1895,1895,1895,0
2021-12-09 15:17:00,1895,1895,1895,1895,0
2021-12-09 15:18:00,1895,1895,1895,1895,0
2021-12-09 15:19:00,1895,1895,1895,1895,0
2021-12-09 15:20:00,1895,1895,1895,1895,0
2021-12-09 15:21:00,1895,1895,1895,1895,0
2021-12-09 15:22:00,1895,1895,1895,1895,0
2021-12-09 15:23:00,1895,1895,1895,1895,0
2021-12-09 15:24:00,1895,1895,1895,1895,0
2021-12-09 15:25:00,1895,1895,1895,1895,0
2021-12-09 15:26:00,1895,1895,1895,1895,0
2021-12-09 15:27:00,1895,1895,1895,1895,0
2021-12-09 15:28:00,1895,1895,1895,1895,0
2021-12-09 15:29:00,1895,1895,1895,1895,0
2021-12-09 15:30:00,1895,1895,1895,1895,0
2021-12-09 15:31:00,1895,1895,1895,1895,0
2021-12-09 15:32:00,1895,1895,1895,1895,0
2021-12-09 15:33:00,1895,1895,1895,1895,0
2021-12-09 15:34:00,1895,1895,1895,1895,0
2021-12-09 15:35:00,1895,1895,1895,1895,0
2021-12-09 15:36:00,1895,1895,1895,1895,0
2021-12-09 15:37:00,1895,1895,1895,1895,0
2021-12-09 15:38:00,1895,1895,1895,1895,0
2021-12-09 15:39:00,1895,1895,1895,1895,0
2021-12-09 15:40:00,1895,1895,1895,1895,0
2021-12-09 15:41:00,1895,1895,1895,1895,0
2021-12-09 15:42:00,1895,1895,1895,1895,0
2021-12-09 15:43:00,1895,1895,1895,1895,0
2021-12-09 15:44:00,1895,1895,1895,1895,0
2021-12-09 15:45:00,1895,1895,1895,1895,0
2021-12-09 15:46:00,1895,1895,1895,1895,0
2021-12-09 15:47:00,1895,1895,1895,1895,0
2021-12-09 15:48:00,1895,1895,1895,1895,0
2021-12-09 15:49:00,1895,1895,1895,1895,0
2021-12-09 15:50:00,1895,1895,1895,1895,0
2021-12-09 15:51:00,1895,1895,1895,1895,0
2021-12-09 15:52:00,1895,1895,1895,1895,0
2021-12-09 15:53:00,1895,1895,1895,1895,0
2021-12-09 15:54:00,1895,1895,1895,1895,0
2021-12-09 15:55:00,1895,1895,1895,1895,0
2021-12-09 15:56:00,1895,1895,1895,1895,0
2021-12-09 15:57:00,1895,1895,1895,1895,0
2021-12-09 15:58:00,1895,1895,1895,1895,0
2021-12-09 15:59:00,1895,1895,1895,1895,0
2021-12-10 09:00:00,1895,1895,1895,1895,0
2021-12-10 09:01:00,1895,1895,1895,1895,0
2021-12-10 09:02:00,1895,1895,1895,1895,0
2021-12-10 09:03:00,1895,1895,1895,1895,0
2021-12-10 09:04:00,1895,1895,1895,1895,0
2021-12-10 09:05:00,1895,1895,1895,1895,0
2021-12-10 09:06:00,1895,1895,1895,1895,0
2021-12-10 09:07:00,1895,1895,1895,1895,0
2021-12-10 09:08:00,1895,1895,1895,1895,0
2021-12-10 09:09:00,1895,1895,1895,1895,0
2021-12-10 09:10:00,1895,1895,1895,1895,0
2021-12-10 09:11:00,1895,1895,1895,1895,0
2021-12-10 09:12:00,1895,1895,1895,1895,0
2021-12-10 09:13:00,1895,1895,1895,1895,0
2021-12-10 09:14:00,1895,1895,1895,1895,0
2021-12-10 09:15:00,1895,1895,1895,1895,0
2021-12-10 09:16:00,1895,1895,1895,1895,0
2021-12-10 09:17:00,1895,1895,1895,1895,0
2021-12-10 09:18:00,1895,1895,1895,1895,0
2021-12-10 09:19:00,1895,1895,1895,1895,0
2021-12-10 09:20:00,1895,1895,1895,1895,0
2021-12-10 09:21:00,1895,1895,1895,1895,0
2021-12-10 09:22:00,1895,1895,1895,1895,0
2021-12-10 09:23:00,1895,1895,1895,1895,0
2021-12-10 09:24:00,1895,1895,1895,1895,0
2021-12-10 09:25:00,1895,1895,1895,1895,0
2021-12-10 09:26:00,1895,1895,1895,1895,0
2021-12-10 09:27:00,1895,1895,1895,1895,0
2021-12-10 09:28:00,1895,1895,1895,1895,0
2021-12-10 09:29:00,1895,1895,1895,1895,0
2021-12-10 09:30:00,1895,1895,1895,1895,0
2021-12-10 09:31:00,1895,1895,1895,1895,0
2021-12-10 09:32:00,1895,1895,1895,1895,0
2021-12-10 09:33:00,1895,1895,1895,1895,0
2021-12-10 09:34:00,1895,1895,1895,1895,0
2021-12-10 09:35:00,1895,1895,1895,1895,0
2021-12-10 09:36:00,1895,1895,1895,1895,0
2021-12-10 09:37:00,1895,1895,1895,1895,0
2021-12-10 09:38:00,1895,1895,1895,1895,0
2021-12-10 09:39:00,1895,1895,1895,1895,0
2021-12-10 09:40:00,1895,1895,1895,1895,0
2021-12-10 09:41:00,1895,1895,1895,1895,0
2021-12-10 09:42:00,1895,1895,1895,1895,0
2021-12-10 09:43:00,1895,1895,1895,1895,0
2021-12-10 09:44:00,1895,1895,1895,1895,0
2021-12-10 09:45:00,1895,1895,1895,1895,0
2021-12-10 09:46:00,1895,1895,1895,1895,0
2021-12-10 09:47:00,1895,1895,1895,1895,0
2021-12-10 09:48:00,1895,1895,1895,1895,0
2021-12-10 09:49:00,1895,1895,1895,1895,0
2021-12-10 09:50:00,1895,1895,1895,1895,0
2021-12-10 09:51:00,1895,1895,1895,1895,0
2021-12-10 09:52:00,1895,1895,1895,1895,0
2021-12-10 09:53:00,1895,1895,1895,1895,0
2021-12-10 09:54:00,1895,1895,1895,1895,0
2021-12-10 09:55:00,1895,1895,1895,1895,0
2021-12-10 09:56:00,1895,1895,1895,1895,0
2021-12-10 09:57:00,1895,1895,1895,1895,0
2021-12-10 09:58:00,1895,1895,1895,1895,0
2021-12-10 09:59:00,1895,1895,1895,1895,0
2021-12-10 10:00:00,1895,1895,1895,1895,0
2021-12-10 10:01:00,1895,1895,1895,1895,0
2021-12-10 10:02:00,1895,1895,1895,1895,0
2021-12-10 10:03:00,1895,1895,1895,1895,0
2021-12-10 10:04:00,1895,1895,1895,1895,0
2021-12-10 10:05:00,1895,1895,1895,1895,0
2021-12-10 10:06:00,1895,1895,1895,1895,0
2021-12-10 10:07:00,1895,1895,1895,1895,0
2021-12-10 10:08:00,1895,1895,1895,1895,0
2021-12-10 10:09:00,1895,1895,1895,1895,0
2021-12-10 10:10:00,1895,1895,1895,1895,0
2021-12-10 10:11:00,1895,1895,1895,1895,0
2021-12-10 10:12:00,1895,1895,1895,1895,0
2021-12-10 10:13:00,1895,1895,1895,1895,0
2021-12-10 10:14:00,1895,1895,1895,1895,0
2021-12-10 10:15:00,1895,1895,1895,1895,0
2021-12-10 10:16:00,1895,1895,1895,1895,0
2021-12-10 10:17:00,1895,1895,1895,1895,0
2021-12-10 10:18:00,1895,1895,1895,1895,0
2021-12-10 10:19:00,1895,1895,1895,1895,0
2021-12-10 10:20:00,1895,1895,1895,1895,0
2021-12-10 10:21:00,1895,1895,1895,1895,0
2021-12-10 10:22:00,1895,1895,1895,1895,0
2021-12-10 10:23:00,1895,1895,1895,1895,0
2021-12-10 10:24:00,1895,1895,1895,1895,0
2021-12-10 10:25:00,1895,1895,1895,1895,0
2021-12-10 10:26:00,1895,1895,1895,1895,0
2021-12-10 10:27:00,1895,1895,1895,1895,0
2021-12-10 10:28:00,1895,1895,1895,1895,0
2021-12-10 10:29:00,1895,1895,1895,1895,0
2021-12-10 10:30:00,1895,1895,1895,1895,0
2021-12-10 10:31:00,1895,1895,1895,1895,0
2021-12-10 10:32:00,1895,1895,1895,1895,0
2021-12-10 10:33:00,1895,1895,1895,1895,0
2021-12-10 10:34:00,1895,1895,1895,1895,0
2021-12-10 10:35:00,1895,1895,1895,1895,0
2021-12-10 10:36:00,1895,1895,1895,1895,0
2021-12-10 10:37:00,1895,1895,1895,1895,0
2021-12-10 10:38:00,1895,1895,1895,1895,0
2021-12-10 10:39:00,1895,1895,1895,1895,0
2021-12-10 10:40:00,1895,1895,1895,1895,0
2021-12-10 10:41:00,1895,1895,1895,1895,0
2021-12-10 10:42:00,1895,1895,1895,1895,0
2021-12-10 10:43:00,1895,1895,1895,1895,0
2021-12-10 10:44:00,1895,1895,1895,1895,0
2021-12-10 10:45:00,1895,1895,1895,1895,0
2021-12-10 10:46:00,1895,1895,1895,1895,0
2021-12-10 10:47:00,1895,1895,1895,1895,0
2021-12-10 10:48:00,1895,1895,1895,1895,0
2021-12-10 10:49:00,1895,1895,1895,1895,0
2021-12-10 10:50:00,1895,1895,1895,1895,0
2021-12-10 10:51:00,1895,1895,1895,1895,0
2021-12-10 10:52:00,1895,1895,1895,1895,0
2021-12-10 10:53:00,1895,1895,1895,1895,0
2021-12-10 10:54:00,1895,1895,1895,1895,0
2021-12-10 10:55:00,1895,1895,1895,1895,0
2021-12-10 10:56:00,1895,1895,1895,1895,0
2021-12-10 10:57:00,1895,1895,1895,1895,0
2021-12-10 10:58:00,1895,1895,1895,1895,0
2021-12-10 10:59:00,1895,1895,1895,1895,0
2021-12-10 11:00:00,1895,1895,1895,1895,0
2021-12-10 11:01:00,1895,1895,1895,1895,0
2021-12-10 11:02:00,1895,1895,1895,1895,0
2021-12-10 11:03:00,1895,1895,1895,1895,0
2021-12-10 11:04:00,1895,1895,1895,1895,0
2021-12-10 11:05:00,1895,1895,1895,1895,0
2021-12-10 11:06:00,1895,1895,1895,1895,0
2021-12-10 11:07:00,1895,1895,1895,1895,0
2021-12-10 11:08:00,1895,1895,1895,1895,0
2021-12-10 11:09:00,1895,1895,1895,1895,0
2021-12-10 11:10:00,1895,1895,1895,1895,0
2021-12-10 11:11:00,1895,1895,1895,1895,0
2021-12-10 11:12:00,1895,1895,1895,1895,0
2021-12-10 11:13:00,1895,1895,1895,1895,0
2021-12-10 11:14:00,1895,1895,1895,1895,0
2021-12-10 11:15:00,1895,1895,1895,1895,0
2021-12-10 11:16:00,1895,1895,1895,1895,0
2021-12-10 11:17:00,1895,1895,1895,1895,0
2021-12-10 11:18:00,1895,1895,1895,1895,0
2021-12-10 11:19:00,1895,1895,1895,1895,0
2021-12-10 11:20:00,1895,1895,1895,1895,0
2021-12-10 11:21:00,1895,1895,1895,1895,0
2021-12-10 11:22:00,1895,1895,1895,1895,0
2021-12-10 11:23:00,1895,1895,1895,1895,0
2021-12-10 11:24:00,1895,1895,1895,1895,0
2021-12-10 11:25:00,1895,1895,1895,1895,0
2021-12-10 11:26:00,1895,1895,1895,1895,0
2021-12-10 11:27:00,1895,1895,1895,1895,0
2021-12-10 11:28:00,1895,1895,1895,1895,0
2021-12-10 11:29:00,1895,1895,1895,1895,0
2021-12-10 11:30:00,1895,1895,1895,1895,0
2021-12-10 11:31:00,1895,1895,1895,1895,0
2021-12-10 11:32:00,1895,1895,1895,1895,0
2021-12-10 11:33:00,1895,1895,1895,1895,0
2021-12-10 11:34:00,1895,1895,1895,1895,0
2021-12-10 11:35:00,1895,1895,1895,1895,0
2021-12-10 11:36:00,1895,1895,1895,1895,0
2021-12-10 11:37:00,1895,1895,1895,1895,0
2021-12-10 11:38:00,1895,1895,1895,1895,0
2021-12-10 11:39:00,1895,1895,1895,1895,0
2021-12-10 11:40:00,1895,1895,1895,1895,0
2021-12-10 11:41:00,1895,1895,1895,1895,0
2021-12-10 11:42:00,1895,1895,1895,1895,0
2021-12-10 11:43:00,1895,1895,1895,1895,0
2021-12-10 11:44:00,1895,1895,1895,1895,0
2021-12-10 11:45:00,1895,1895,1895,1895,0
2021-12-10 11:46:00,1895,1895,1895,1895,0
2021-12-10 11:47:00,1895,1895,1895,1895,0
2021-12-10 11:48:00,1895,1895,1895,1895,0
2021-12-10 11:49:00,1895,1895,1895,1895,0
2021-12-10 11:50:00,1895,1895,1895,1895,0
2021-12-10 11:51:00,1895,1895,1895,1895,0
2021-12-10 11:52:00,1895,1895,1895,1895,0
2021-12-10 11:53:00,1895,1895,1895,1895,0
2021-12-10 11:54:00,1895,1895,1895,1895,0
2021-12-10 11:55:00,1895,1895,1895,1895,0
2021-12-10 11:56:00,1895,1895,1895,1895,0
2021-12-10 11:57:00,1895,1895,1895,1895,0
2021-12-10 11:58:00,1895,1895,1895,1895,0
2021-12-10 11:59:00,1895,1895,1895,1895,0
2021-12-10 12:00:00,1895,1895,1895,1895,0
2021-12-10 12:01:00,1895,1895,1895,1895,0
2021-12-10 12:02:00,1895,1895,1895,1895,0
2021-12-10 12:03:00,1895,1895,1895,1895,0
2021-12-10 12:04:00,1895,1895,1895,1895,0
2021-12-10 12:05:00,1895,1895,1895,1895,0
2021-12-10 12:06:00,1895,1895,1895,1895,0
2021-12-10 12:07:00,1895,1895,1895,1895,0
2021-12-10 12:08:00,1895,1895,1895,1895,0
2021-12-10 12:09:00,1895,1895,1895,1895,0
2021-12-10 12:10:00,1895,1895,1895,1895,0
2021-12-10 12:11:00,1895,1895,1895,1895,0
2021-12-10 12:12:00,1895,1895,1895,1895,0
2021-12-10 12:13:00,1895,1895,1895,1895,0
2021-12-10 12:14:00,1895,1895,1895,1895,0
2021-12-10 12:15:00,1895,1895,1895,1895,0
2021-12-10 12:16:00,1895,1895,1895,1895,0
2021-12-10 12:17:00,1895,1895,1895,1895,0
2021-12-10 12:18:00,1895,1895,1895,1895,0
2021-12-10 12:19:00,1895,1895,1895,1895,0
2021-12-10 12:20:00,1895,1895,1895,1895,0
2021-12-10 12:21:00,1895,1895,1895,1895,0
2021-12-10 12:22:00,1895,1895,1895,1895,0
2021-12-10 12:23:00,1895,1895,1895,1895,0
2021-12-10 12:24:00,1895,1895,1895,1895,0
2021-12-10 12:25:00,1895,1895,1895,1895,0
2021-12-10 12:26:00,1895,1895,1895,1895,0
2021-12-10 12:27:00,1895,1895,1895,1895,0
2021-12-10 12:28:00,1895,1895,1895,1895,0
2021-12-10 12:29:00,1895,1895,1895,1895,0
2021-12-10 12:30:00,1895,1895,1895,1895,0
2021-12-10 12:31:00,1895,1895,1895,1895,0
2021-12-10 12:32:00,1895,1895,1895,1895,0
2021-12-10 12:33:00,1895,1895,1895,1895,0
2021-12-10 12:34:00,1895,1895,1895,1895,0
2021-12-10 12:35:00,1895,1895,1895,1895,0
2021-12-10 12:36:00,1895,1895,1895,1895,0
2021-12-10 12:37:00,1895,1895,1895,1895,0
2021-12-10 12:38:00,1895,1895,1895,1895,0
2021-12-10 12:39:00,1895,1895,1895,1895,0
2021-12-10 12:40:00,1895,1895,1895,1895,0
2021-12-10 12:41:00,1895,1895,1895,1895,0
2021-12-10 12:42:00,1895,1895,1895,1895,0
2021-12-10 12:43:00,1895,1895,1895,1895,0
2021-12-10 12:44:00,1895,1895,1895,1895,0
2021-12-10 12:45:00,1895,1895,1895,1895,0
2021-12-10 12:46:00,1895,1895,1895,1895,0
2021-12-10 12:47:00,1895,1895,1895,1895,0
2021-12-10 12:48:00,1895,1895,1895,1895,0
2021-12-10 12:49:00,1895,1895,1895,1895,0
2021-12-10 12:50:00,1895,1895,1895,1895,0
2021-12-10 12:51:00,1895,1895,1895,1895,0
2021-12-10 12:52:00,1895,1895,1895,1895,0
2021-12-10 12:53:00,1895,1895,1895,1895,0
2021-12-10 12:54:00,1895,1895,1895,1895,0
2021-12-10 12:55:00,1895,1895,1895,1895,0
2021-12-10 12:56:00,1895,1895,1895,1895,0
2021-12-10 12:57:00,1895,1895,1895,1895,0
2021-12-10 12:58:00,1895,1895,1895,1895,0
2021-12-10 12:59:00,1895,1895,1895,1895,0
2021-12-10 13:00:00,1895,1895,1895,1895,0
2021-12-10 13:01:00,1895,1895,1895,1895,0
2021-12-10 13:02:00,1895,1895,1895,1895,0
2021-12-10 13:03:00,1895,1895,1895,1895,0
2021-12-10 13:04:00,1895,1895,1895,1895,0
2021-12-10 13:05:00,1895,1895,1895,1895,0
2021-12-10 13:06:00,1895,1895,1895,1895,0
2021-12-10 13:07:00,1895,1895,1895,1895,0
2021-12-10 13:08:00,1895,1895,1895,1895,0
2021-12-10 13:09:00,1895,1895,1895,1895,0
2021-12-10 13:10:00,1895,1895,1895,1895,0
2021-12-10 13:11:00,1895,1895,1895,1895,0
2021-12-10 13:12:00,1895,1895,1895,1895,0
2021-12-10 13:13:00,1895,1895,1895,1895,0
2021-12-10 13:14:00,1895,1895,1895,1895,0
2021-12-10 13:15:00,1895,1895,1895,1895,0
2021-12-10 13:16:00,1895,1895,1895,1895,0
2021-12-10 13:17:00,1895,1895,1895,1895,0
2021-12-10 13:18:00,1895,1895,1895,1895,0
2021-12-10 13:19:00,1895,1895,1895,1895,0
2021-12-10 13:20:00,1895,1895,1895,1895,0
2021-12-10 13:21:00,1895,1895,1895,1895,0
2021-12-10 13:22:00,1895,1895,1895,1895,0
2021-12-10 13:23:00,1895,1895,1895,1895,0
2021-12-10 13:24:00,1895,1895,1895,1895,0
2021-12-10 13:25:00,1895,1895,1895,1895,0
2021-12-10 13:26:00,1895,1895,1895,1895,0
2021-12-10 13:27:00,1895,1895,1895,1895,0
2021-12-10 13:28:00,1895,1895,1895,1895,0
2021-12-10 13:29:00,1895,1895,1895,1895,0
2021-12-10 13:30:00,1895,1895,1895,1895,0
2021-12-10 13:31:00,1895,1895,1895,1895,0
2021-12-10 13:32:00,1895,1895,1895,1895,0
2021-12-10 13:33:00,1895,1895,1895,1895,0
2021-12-10 13:34:00,1895,1895,1895,1895,0
2021-12-10 13:35:00,1895,1895,1895,1895,0
2021-12-10 13:36:00,1895,1895,1895,1895,0
2021-12-10 13:37:00,1895,1895,1895,1895,0
2021-12-10 13:38:00,1895,1895,1895,1895,0
2021-12-10 13:39:00,1895,1895,1895,1895,0
2021-12-10 13:40:00,1895,1895,1895,1895,0
2021-12-10 13:41:00,1895,1895,1895,1895,0
2021-12-10 13:42:00,1895,1895,1895,1895,0
2021-12-10 13:43:00,1895,1895,1895,1895,0
2021-12-10 13:44:00,1895,1895,1895,1895,0
2021-12-10 13:45:00,1895,1895,1895,1895,0
2021-12-10 13:46:00,1895,1895,1895,1895,0
2021-12-10 13:47:00,1895,1895,1895,1895,0
2021-12-10 13:48:00,1895,1895,1895,1895,0
2021-12-10 13:49:00,1895,1895,1895,1895,0
2021-12-10 13:50:00,1895,1895,1895,1895,0
2021-12-10 13:51:00,1895,1895,1895,1895,0
2021-12-10 13:52:00,1895,1895,1895,1895,0
2021-12-10 13:53:00,1895,1895,1895,1895,0
2021-12-10 13:54:00,1895,1895,1895,1895,0
2021-12-10 13:55:00,1895,1895,1895,1895,0
2021-12-10 13:56:00,1895,1895,1895,1895,0
2021-12-10 13:57:00,1895,1895,1895,1895,0
2021-12-10 13:58:00,1895,1895,1895,1895,0
2021-12-10 13:59:00,1895,1895,1895,1895,0
2021-12-10 14:00:00,1895,1895,1895,1895,0
2021-12-10 14:01:00,1895,1895,1895,1895,0
2021-12-10 14:02:00,1895,1895,1895,1895,0
2021-12-10 14:03:00,1895,1895,1895,1895,0
2021-12-10 14:04:00,1895,1895,1895,1895,0
2021-12-10 14:05:00,1895,1895,1895,1895,0
2021-12-10 14:06:00,1895,1895,1895,1895,0
2021-12-10 14:07:00,1895,1895,1895,1895,0
2021-12-10 14:08:00,1895,1895,1895,1895,0
2021-12-10 14:09:00,1895,1895,1895,1895,0
2021-12-10 14:10:00,1895,1895,1895,1895,0
2021-12-10 14:11:00,1895,1895,1895,1895,0
2021-12-10 14:12:00,1895,1895,1895,1895,0
2021-12-10 14:13:00,1895,1895,1895,1895,0
2021-12-10 14:14:00,1895,1895,1895,1895,0
2021-12-10 14:15:00,1895,1895,1895,1895,0
2021-12-10 14:16:00,1900,1900,1900,1900,100
2021-12-10 14:17:00,1900,1900,1900,1900,0
2021-12-10 14:18:00,1950,1950,1995,1995,200
2021-12-10 14:19:00,1995,1995,2000,2000,100
2021-12-10 14:20:00,1995,1995,2000,2000,0
2021-12-10 14:21:00,1995,1995,2000,2000,0
2021-12-10 14:22:00,1995,1995,2000,2000,0
2021-12-10 14:23:00,1995,1995,2000,2000,0
2021-12-10 14:24:00,1995,1995,2000,2000,0
2021-12-10 14:25:00,1995,1995,2000,2000,0
2021-12-10 14:26:00,1995,1995,2000,2000,0
2021-12-10 14:27:00,1995,1995,2000,2000,0
2021-12-10 14:28:00,1995,1995,2000,2000,0
2021-12-10 14:29:00,1995,1995,2000,2000,0
2021-12-10 14:30:00,1995,1995,2000,2000,0
2021-12-10 14:31:00,1995,1995,2000,2000,0
2021-12-10 14:32:00,1995,1995,2000,2000,0
2021-12-10 14:33:00,1995,1995,2000,2000,0
2021-12-10 14:34:00,1995,1995,2000,2000,0
2021-12-10 14:35:00,1995,1995,2000,2000,0
2021-12-10 14:36:00,1995,1995,2000,2000,0
2021-12-10 14:37:00,1995,1995,2000,2000,0
2021-12-10 14:38:00,1995,1995,2000,2000,0
2021-12-10 14:39:00,1995,1995,2000,2000,0
2021-12-10 14:40:00,1995,1995,2000,2000,0
2021-12-10 14:41:00,1995,1995,2000,2000,0
2021-12-10 14:42:00,1995,1995,2000,2000,0
2021-12-10 14:43:00,1995,1995,2000,2000,0
2021-12-10 14:44:00,1995,1995,2000,2000,0
2021-12-10 14:45:00,1995,1995,2000,2000,0
2021-12-10 14:46:00,1995,1995,2000,2000,0
2021-12-10 14:47:00,1995,1995,2000,2000,0
2021-12-10 14:48:00,1995,1995,2000,2000,0
2021-12-10 14:49:00,1995,1995,2000,2000,0
2021-12-10 14:50:00,1995,1995,2000,2000,0
2021-12-10 14:51:00,1995,1995,2000,2000,0
2021-12-10 14:52:00,1995,1995,2000,2000,0
2021-12-10 14:53:00,1995,1995,2000,2000,0
2021-12-10 14:54:00,1995,1995,2000,2000,0
2021-12-10 14:55:00,1995,1995,2000,2000,0
2021-12-10 14:56:00,1995,1995,2000,2000,0
2021-12-10 14:57:00,1995,1995,2000,2000,0
2021-12-10 14:58:00,1995,1995,2000,2000,0
2021-12-10 14:59:00,1995,1995,2000,2000,0
2021-12-10 15:00:00,1995,1995,2000,2000,0
2021-12-10 15:01:00,1995,1995,2000,2000,0
2021-12-10 15:02:00,1995,1995,2000,2000,0
2021-12-10 15:03:00,1995,1995,2000,2000,0
2021-12-10 15:04:00,1995,1995,2000,2000,0
2021-12-10 15:05:00,1995,1995,2000,2000,0
2021-12-10 15:06:00,1995,1995,2000,2000,0
2021-12-10 15:07:00,1995,1995,2000,2000,0
2021-12-10 15:08:00,1995,1995,2000,2000,0
2021-12-10 15:09:00,1995,1995,2000,2000,0
2021-12-10 15:10:00,1995,1995,2000,2000,0
2021-12-10 15:11:00,1995,1995,2000,2000,0
2021-12-10 15:12:00,1995,1995,2000,2000,0
2021-12-10 15:13:00,1995,1995,2000,2000,0
2021-12-10 15:14:00,1995,1995,2000,2000,0
2021-12-10 15:15:00,1995,1995,2000,2000,0
2021-12-10 15:16:00,1995,1995,2000,2000,0
2021-12-10 15:17:00,1995,1995,2000,2000,0
2021-12-10 15:18:00,1995,1995,2000,2000,0
2021-12-10 15:19:00,1995,1995,2000,2000,0
2021-12-10 15:20:00,1995,1995,2000,2000,0
2021-12-10 15:21:00,1995,1995,2000,2000,0
2021-12-10 15:22:00,1995,1995,2000,2000,0
2021-12-10 15:23:00,1995,1995,2000,2000,0
2021-12-10 15:24:00,1995,1995,2000,2000,0
2021-12-10 15:25:00,1995,1995,2000,2000,0
2021-12-10 15:26:00,1995,1995,2000,2000,0
2021-12-10 15:27:00,1995,1995,2000,2000,0
2021-12-10 15:28:00,1995,1995,2000,2000,0
2021-12-10 15:29:00,1995,1995,2000,2000,0
2021-12-10 15:30:00,1995,1995,2000,2000,0
2021-12-10 15:31:00,1995,1995,2000,2000,0
2021-12-10 15:32:00,1995,1995,2000,2000,0
2021-12-10 15:33:00,1995,1995,2000,2000,0
2021-12-10 15:34:00,1995,1995,2000,2000,0
2021-12-10 15:35:00,1995,1995,2000,2000,0
2021-12-10 15:36:00,1995,1995,2000,2000,0
2021-12-10 15:37:00,1995,1995,2000,2000,0
2021-12-10 15:38:00,1995,1995,2000,2000,0
2021-12-10 15:39:00,1995,1995,2000,2000,0
2021-12-10 15:40:00,1995,1995,2000,2000,0
2021-12-10 15:41:00,1995,1995,2000,2000,0
2021-12-10 15:42:00,1995,1995,2000,2000,0
2021-12-10 15:43:00,1995,1995,2000,2000,0
2021-12-10 15:44:00,1995,1995,2000,2000,0
2021-12-10 15:45:00,1995,1995,2000,2000,0
2021-12-10 15:46:00,1995,1995,2000,2000,0
2021-12-10 15:47:00,1995,1995,2000,2000,0
2021-12-10 15:48:00,1995,1995,2000,2000,0
2021-12-10 15:49:00,1995,1995,2000,2000,0
2021-12-10 15:50:00,1995,1995,2000,2000,0
2021-12-10 15:51:00,1995,1995,2000,2000,0
2021-12-10 15:52:00,1995,1995,2000,2000,0
2021-12-10 15:53:00,1995,1995,2000,2000,0
2021-12-10 15:54:00,1995,1995,2000,2000,0
2021-12-10 15:55:00,1995,1995,2000,2000,0
2021-12-10 15:56:00,1995,1995,2000,2000,0
2021-12-10 15:57:00,1995,1995,2000,2000,0
2021-12-10 15:58:00,1995,1995,2000,2000,0
2021-12-10 15:59:00,1995,1995,2000,2000,0
2021-12-13 09:00:00,2000,2000,2000,2000,0
2021-12-13 09:01:00,2000,2000,2000,2000,0
2021-12-13 09:02:00,2000,2000,2000,2000,0
2021-12-13 09:03:00,2000,2000,2000,2000,0
2021-12-13 09:04:00,2000,2000,2000,2000,0
2021-12-13 09:05:00,2000,2000,2000,2000,0
2021-12-13 09:06:00,2000,2000,2000,2000,0
2021-12-13 09:07:00,2000,2000,2000,2000,0
2021-12-13 09:08:00,2000,2000,2000,2000,0
2021-12-13 09:09:00,2000,2000,2000,2000,0
2021-12-13 09:10:00,2000,2000,2000,2000,0
2021-12-13 09:11:00,2000,2000,2000,2000,0
2021-12-13 09:12:00,2000,2000,2000,2000,0
2021-12-13 09:13:00,2000,2000,2000,2000,0
2021-12-13 09:14:00,2000,2000,2000,2000,0
2021-12-13 09:15:00,2000,2000,2000,2000,0
2021-12-13 09:16:00,2000,2000,2000,2000,0
2021-12-13 09:17:00,2000,2000,2000,2000,0
2021-12-13 09:18:00,2000,2000,2000,2000,0
2021-12-13 09:19:00,2000,2000,2000,2000,0
2021-12-13 09:20:00,2000,2000,2000,2000,0
2021-12-13 09:21:00,2000,2000,2000,2000,0
2021-12-13 09:22:00,2000,2000,2000,2000,0
2021-12-13 09:23:00,2000,2000,2000,2000,0
2021-12-13 09:24:00,2000,2000,2000,2000,0
2021-12-13 09:25:00,2000,2000,2000,2000,0
2021-12-13 09:26:00,2000,2000,2000,2000,0
2021-12-13 09:27:00,2000,2000,2000,2000,0
2021-12-13 09:28:00,2000,2000,2000,2000,0
2021-12-13 09:29:00,2000,2000,2000,2000,0
2021-12-13 09:30:00,2000,2000,2000,2000,0
2021-12-13 09:31:00,2000,2000,2000,2000,0
2021-12-13 09:32:00,2000,2000,2000,2000,0
2021-12-13 09:33:00,2000,2000,2000,2000,0
2021-12-13 09:34:00,2000,2000,2000,2000,0
2021-12-13 09:35:00,2000,2000,2000,2000,0
2021-12-13 09:36:00,2000,2000,2000,2000,0
2021-12-13 09:37:00,2000,2000,2000,2000,0
2021-12-13 09:38:00,2000,2000,2000,2000,0
2021-12-13 09:39:00,2000,2000,2000,2000,0
2021-12-13 09:40:00,2000,2000,2000,2000,0
2021-12-13 09:41:00,2000,2000,2000,2000,0
2021-12-13 09:42:00,2000,2000,2000,2000,0
2021-12-13 09:43:00,2000,2000,2000,2000,0
2021-12-13 09:44:00,2000,2000,2000,2000,0
2021-12-13 09:45:00,2000,2000,2000,2000,0
2021-12-13 09:46:00,2000,2000,2000,2000,0
2021-12-13 09:47:00,2000,2000,2000,2000,0
2021-12-13 09:48:00,2000,2000,2000,2000,0
2021-12-13 09:49:00,2000,2000,2000,2000,0
2021-12-13 09:50:00,2000,2000,2000,2000,0
2021-12-13 09:51:00,2000,2000,2000,2000,0
2021-12-13 09:52:00,2000,2000,2000,2000,0
2021-12-13 09:53:00,2000,2000,2000,2000,0
2021-12-13 09:54:00,2000,2000,2000,2000,0
2021-12-13 09:55:00,2000,2000,2000,2000,0
2021-12-13 09:56:00,2000,2000,2000,2000,0
2021-12-13 09:57:00,2000,2000,2000,2000,0
2021-12-13 09:58:00,2000,2000,2000,2000,0
2021-12-13 09:59:00,2000,2000,2000,2000,0
2021-12-13 10:00:00,2000,2000,2000,2000,0
2021-12-13 10:01:00,2000,2000,2000,2000,0
2021-12-13 10:02:00,2000,2000,2000,2000,0
2021-12-13 10:03:00,2000,2000,2000,2000,0
2021-12-13 10:04:00,2000,2000,2000,2000,0
2021-12-13 10:05:00,2000,2000,2000,2000,0
2021-12-13 10:06:00,2000,2000,2000,2000,0
2021-12-13 10:07:00,2000,2000,2000,2000,0
2021-12-13 10:08:00,2000,2000,2000,2000,0
2021-12-13 10:09:00,2000,2000,2000,2000,0
2021-12-13 10:10:00,2000,2000,2000,2000,0
2021-12-13 10:11:00,2000,2000,2000,2000,0
2021-12-13 10:12:00,2000,2000,2000,2000,0
2021-12-13 10:13:00,2000,2000,2000,2000,0
2021-12-13 10:14:00,2000,2000,2000,2000,0
2021-12-13 10:15:00,2000,2000,2000,2000,0
2021-12-13 10:16:00,2000,2000,2000,2000,0
2021-12-13 10:17:00,2000,2000,2000,2000,0
2021-12-13 10:18:00,2000,2000,2000,2000,0
2021-12-13 10:19:00,2000,2000,2000,2000,0
2021-12-13 10:20:00,2000,2000,2000,2000,0
2021-12-13 10:21:00,2000,2000,2000,2000,0
2021-12-13 10:22:00,2000,2000,2000,2000,0
2021-12-13 10:23:00,2000,2000,2000,2000,0
2021-12-13 10:24:00,2000,2000,2000,2000,0
2021-12-13 10:25:00,2000,2000,2000,2000,0
2021-12-13 10:26:00,2000,2000,2000,2000,0
2021-12-13 10:27:00,2000,2000,2000,2000,0
2021-12-13 10:28:00,2000,2000,2000,2000,0
2021-12-13 10:29:00,2000,2000,2000,2000,0
2021-12-13 10:30:00,2000,2000,2000,2000,0
2021-12-13 10:31:00,2000,2000,2000,2000,0
2021-12-13 10:32:00,2000,2000,2000,2000,0
2021-12-13 10:33:00,2000,2000,2000,2000,0
2021-12-13 10:34:00,2000,2000,2000,2000,0
2021-12-13 10:35:00,2000,2000,2000,2000,0
2021-12-13 10:36:00,2000,2000,2000,2000,0
2021-12-13 10:37:00,2000,2000,2000,2000,0
2021-12-13 10:38:00,2000,2000,2000,2000,0
2021-12-13 10:39:00,2000,2000,2000,2000,0
2021-12-13 10:40:00,2000,2000,2000,2000,0
2021-12-13 10:41:00,2000,2000,2000,2000,0
2021-12-13 10:42:00,2000,2000,2000,2000,0
2021-12-13 10:43:00,2000,2000,2000,2000,0
2021-12-13 10:44:00,2000,2000,2000,2000,0
2021-12-13 10:45:00,2000,2000,2000,2000,0
2021-12-13 10:46:00,2000,2000,2000,2000,0
2021-12-13 10:47:00,2000,2000,2000,2000,0
2021-12-13 10:48:00,2000,2000,2000,2000,0
2021-12-13 10:49:00,2000,2000,2000,2000,0
2021-12-13 10:50:00,2000,2000,2000,2000,0
2021-12-13 10:51:00,2000,2000,2000,2000,0
2021-12-13 10:52:00,2000,2000,2000,2000,0
2021-12-13 10:53:00,2000,2000,2000,2000,0
2021-12-13 10:54:00,2000,2000,2000,2000,0
2021-12-13 10:55:00,2000,2000,2000,2000,0
2021-12-13 10:56:00,2000,2000,2000,2000,0
2021-12-13 10:57:00,2000,2000,2000,2000,0
2021-12-13 10:58:00,2000,2000,2000,2000,0
2021-12-13 10:59:00,2000,2000,2000,2000,0
2021-12-13 11:00:00,2000,2000,2000,2000,0
2021-12-13 11:01:00,2000,2000,2000,2000,0
2021-12-13 11:02:00,2000,2000,2000,2000,0
2021-12-13 11:03:00,2000,2000,2000,2000,0
2021-12-13 11:04:00,2000,2000,2000,2000,0
2021-12-13 11:05:00,2000,2000,2000,2000,0
2021-12-13 11:06:00,2000,2000,2000,2000,0
2021-12-13 11:07:00,2000,2000,2000,2000,0
2021-12-13 11:08:00,2000,2000,2000,2000,0
2021-12-13 11:09:00,2000,2000,2000,2000,0
2021-12-13 11:10:00,2000,2000,2000,2000,0
2021-12-13 11:11:00,2000,2000,2000,2000,0
2021-12-13 11:12:00,2000,2000,2000,2000,0
2021-12-13 11:13:00,2000,2000,2000,2000,0
2021-12-13 11:14:00,2000,2000,2000,2000,0
2021-12-13 11:15:00,2000,2000,2000,2000,0
2021-12-13 11:16:00,2000,2000,2000,2000,0
2021-12-13 11:17:00,2000,2000,2000,2000,0
2021-12-13 11:18:00,2000,2000,2000,2000,0
2021-12-13 11:19:00,2000,2000,2000,2000,0
2021-12-13 11:20:00,2000,2000,2000,2000,0
2021-12-13 11:21:00,2000,2000,2000,2000,0
2021-12-13 11:22:00,2000,2000,2000,2000,0
2021-12-13 11:23:00,2000,2000,2000,2000,0
2021-12-13 11:24:00,2000,2000,2000,2000,0
2021-12-13 11:25:00,2000,2000,2000,2000,0
2021-12-13 11:26:00,2000,2000,2000,2000,0
2021-12-13 11:27:00,2000,2000,2000,2000,0
2021-12-13 11:28:00,2000,2000,2000,2000,0
2021-12-13 11:29:00,2000,2000,2000,2000,0
2021-12-13 11:30:00,2000,2000,2000,2000,0
2021-12-13 11:31:00,2000,2000,2000,2000,0
2021-12-13 11:32:00,2000,2000,2000,2000,0
2021-12-13 11:33:00,2000,2000,2000,2000,0
2021-12-13 11:34:00,2000,2000,2000,2000,0
2021-12-13 11:35:00,2000,2000,2000,2000,0
2021-12-13 11:36:00,2000,2000,2000,2000,0
2021-12-13 11:37:00,2000,2000,2000,2000,0
2021-12-13 11:38:00,2000,2000,2000,2000,0
2021-12-13 11:39:00,2000,2000,2000,2000,0
2021-12-13 11:40:00,2000,2000,2000,2000,0
2021-12-13 11:41:00,2000,2000,2000,2000,0
2021-12-13 11:42:00,2000,2000,2000,2000,0
2021-12-13 11:43:00,2000,2000,2000,2000,0
2021-12-13 11:44:00,2000,2000,2000,2000,0
2021-12-13 11:45:00,2000,2000,2000,2000,0
2021-12-13 11:46:00,2000,2000,2000,2000,0
2021-12-13 11:47:00,2000,2000,2000,2000,0
2021-12-13 11:48:00,2000,2000,2000,2000,0
2021-12-13 11:49:00,2000,2000,2000,2000,0
2021-12-13 11:50:00,2000,2000,2000,2000,0
2021-12-13 11:51:00,2000,2000,2000,2000,0
2021-12-13 11:52:00,2000,2000,2000,2000,0
2021-12-13 11:53:00,2000,2000,2000,2000,0
2021-12-13 11:54:00,2000,2000,2000,2000,0
2021-12-13 11:55:00,2000,2000,2000,2000,0
2021-12-13 11:56:00,2000,2000,2000,2000,0
2021-12-13 11:57:00,2000,2000,2000,2000,0
2021-12-13 11:58:00,2000,2000,2000,2000,0
2021-12-13 11:59:00,2000,2000,2000,2000,0
2021-12-13 12:00:00,2000,2000,2000,2000,0
2021-12-13 12:01:00,2000,2000,2000,2000,0
2021-12-13 12:02:00,2000,2000,2000,2000,0
2021-12-13 12:03:00,2000,2000,2000,2000,0
2021-12-13 12:04:00,2000,2000,2000,2000,0
2021-12-13 12:05:00,2000,2000,2000,2000,0
2021-12-13 12:06:00,2000,2000,2000,2000,0
2021-12-13 12:07:00,2000,2000,2000,2000,0
2021-12-13 12:08:00,2000,2000,2000,2000,0
2021-12-13 12:09:00,2000,2000,2000,2000,0
2021-12-13 12:10:00,2000,2000,2000,2000,0
2021-12-13 12:11:00,2000,2000,2000,2000,0
2021-12-13 12:12:00,2000,2000,2000,2000,0
2021-12-13 12:13:00,2000,2000,2000,2000,0
2021-12-13 12:14:00,2000,2000,2000,2000,0
2021-12-13 12:15:00,2000,2000,2000,2000,0
2021-12-13 12:16:00,2000,2000,2000,2000,0
2021-12-13 12:17:00,2000,2000,2000,2000,0
2021-12-13 12:18:00,2000,2000,2000,2000,0
2021-12-13 12:19:00,2000,2000,2000,2000,0
2021-12-13 12:20:00,2000,2000,2000,2000,0
2021-12-13 12:21:00,2000,2000,2000,2000,0
2021-12-13 12:22:00,2000,2000,2000,2000,0
2021-12-13 12:23:00,2000,2000,2000,2000,0
2021-12-13 12:24:00,2000,2000,2000,2000,0
2021-12-13 12:25:00,2000,2000,2000,2000,0
2021-12-13 12:26:00,2000,2000,2000,2000,0
2021-12-13 12:27:00,2000,2000,2000,2000,0
2021-12-13 12:28:00,2000,2000,2000,2000,0
2021-12-13 12:29:00,2000,2000,2000,2000,0
2021-12-13 12:30:00,2000,2000,2000,2000,0
2021-12-13 12:31:00,2000,2000,2000,2000,0
2021-12-13 12:32:00,2000,2000,2000,2000,0
2021-12-13 12:33:00,2000,2000,2000,2000,0
2021-12-13 12:34:00,2000,2000,2000,2000,0
2021-12-13 12:35:00,2000,2000,2000,2000,0
2021-12-13 12:36:00,2000,2000,2000,2000,0
2021-12-13 12:37:00,2000,2000,2000,2000,0
2021-12-13 12:38:00,2000,2000,2000,2000,0
2021-12-13 12:39:00,2000,2000,2000,2000,0
2021-12-13 12:40:00,2000,2000,2000,2000,0
2021-12-13 12:41:00,2000,2000,2000,2000,0
2021-12-13 12:42:00,2000,2000,2000,2000,0
2021-12-13 12:43:00,2000,2000,2000,2000,0
2021-12-13 12:44:00,2000,2000,2000,2000,0
2021-12-13 12:45:00,2000,2000,2000,2000,0
2021-12-13 12:46:00,2000,2000,2000,2000,0
2021-12-13 12:47:00,2000,2000,2000,2000,0
2021-12-13 12:48:00,2000,2000,2000,2000,0
2021-12-13 12:49:00,2000,2000,2000,2000,0
2021-12-13 12:50:00,2000,2000,2000,2000,0
2021-12-13 12:51:00,2000,2000,2000,2000,0
2021-12-13 12:52:00,2000,2000,2000,2000,0
2021-12-13 12:53:00,2000,2000,2000,2000,0
2021-12-13 12:54:00,2000,2000,2000,2000,0
2021-12-13 12:55:00,2000,2000,2000,2000,0
2021-12-13 12:56:00,2000,2000,2000,2000,0
2021-12-13 12:57:00,2000,2000,2000,2000,0
2021-12-13 12:58:00,2000,2000,2000,2000,0
2021-12-13 12:59:00,2000,2000,2000,2000,0
2021-12-13 13:00:00,2000,2000,2000,2000,0
2021-12-13 13:01:00,2000,2000,2000,2000,0
2021-12-13 13:02:00,2000,2000,2000,2000,0
2021-12-13 13:03:00,2000,2000,2000,2000,0
2021-12-13 13:04:00,2000,2000,2000,2000,0
2021-12-13 13:05:00,2000,2000,2000,2000,0
2021-12-13 13:06:00,2000,2000,2000,2000,0
2021-12-13 13:07:00,2000,2000,2000,2000,0
2021-12-13 13:08:00,2000,2000,2000,2000,0
2021-12-13 13:09:00,2000,2000,2000,2000,0
2021-12-13 13:10:00,2000,2000,2000,2000,0
2021-12-13 13:11:00,2000,2000,2000,2000,0
2021-12-13 13:12:00,2000,2000,2000,2000,0
2021-12-13 13:13:00,2000,2000,2000,2000,0
2021-12-13 13:14:00,2000,2000,2000,2000,0
2021-12-13 13:15:00,2000,2000,2000,2000,0
2021-12-13 13:16:00,2000,2000,2000,2000,0
2021-12-13 13:17:00,2000,2000,2000,2000,0
2021-12-13 13:18:00,2000,2000,2000,2000,0
2021-12-13 13:19:00,2000,2000,2000,2000,0
2021-12-13 13:20:00,2000,2000,2000,2000,0
2021-12-13 13:21:00,2000,2000,2000,2000,0
2021-12-13 13:22:00,2000,2000,2000,2000,0
2021-12-13 13:23:00,2000,2000,2000,2000,0
2021-12-13 13:24:00,2000,2000,2000,2000,0
2021-12-13 13:25:00,2000,2000,2000,2000,0
2021-12-13 13:26:00,2000,2000,2000,2000,0
2021-12-13 13:27:00,2000,2000,2000,2000,0
2021-12-13 13:28:00,2000,2000,2000,2000,0
2021-12-13 13:29:00,2000,2000,2000,2000,0
2021-12-13 13:30:00,2000,2000,2000,2000,0
2021-12-13 13:31:00,2000,2000,2000,2000,0
2021-12-13 13:32:00,2000,2000,2000,2000,0
2021-12-13 13:33:00,2000,2000,2000,2000,0
2021-12-13 13:34:00,2000,2000,2000,2000,0
2021-12-13 13:35:00,2000,2000,2000,2000,0
2021-12-13 13:36:00,2000,2000,2000,2000,0
2021-12-13 13:37:00,2000,2000,2000,2000,0
2021-12-13 13:38:00,2000,2000,2000,2000,0
2021-12-13 13:39:00,2000,2000,2000,2000,0
2021-12-13 13:40:00,2000,2000,2000,2000,0
2021-12-13 13:41:00,2000,2000,2000,2000,0
2021-12-13 13:42:00,2000,2000,2000,2000,0
2021-12-13 13:43:00,2000,2000,2000,2000,0
2021-12-13 13:44:00,2000,2000,2000,2000,0
2021-12-13 13:45:00,2000,2000,2000,2000,0
2021-12-13 13:46:00,2000,2000,2000,2000,0
2021-12-13 13:47:00,2000,2000,2000,2000,0
2021-12-13 13:48:00,2000,2000,2000,2000,0
2021-12-13 13:49:00,2000,2000,2000,2000,0
2021-12-13 13:50:00,2000,2000,2000,2000,0
2021-12-13 13:51:00,2000,2000,2000,2000,0
2021-12-13 13:52:00,2000,2000,2000,2000,0
2021-12-13 13:53:00,2000,2000,2000,2000,0
2021-12-13 13:54:00,2000,2000,2000,2000,0
2021-12-13 13:55:00,2000,2000,2000,2000,0
2021-12-13 13:56:00,2000,2000,2000,2000,0
2021-12-13 13:57:00,2000,2000,2000,2000,0
2021-12-13 13:58:00,2000,2000,2000,2000,0
2021-12-13 13:59:00,2000,2000,2000,2000,0
2021-12-13 14:00:00,2000,2000,2000,2000,0
2021-12-13 14:01:00,2000,2000,2000,2000,0
2021-12-13 14:02:00,2000,2000,2000,2000,0
2021-12-13 14:03:00,2000,2000,2000,2000,0
2021-12-13 14:04:00,2000,2000,2000,2000,0
2021-12-13 14:05:00,2000,2000,2000,2000,0
2021-12-13 14:06:00,2000,2000,2000,2000,0
2021-12-13 14:07:00,2000,2000,2000,2000,0
2021-12-13 14:08:00,2000,2000,2000,2000,0
2021-12-13 14:09:00,2000,2000,2000,2000,0
2021-12-13 14:10:00,2000,2000,2000,2000,0
2021-12-13 14:11:00,2000,2000,2000,2000,0
2021-12-13 14:12:00,2000,2000,2000,2000,0
2021-12-13 14:13:00,2000,2000,2000,2000,0
2021-12-13 14:14:00,2000,2000,2000,2000,0
2021-12-13 14:15:00,2000,2000,2000,2000,0
2021-12-13 14:16:00,2000,2000,2000,2000,0
2021-12-13 14:17:00,2000,2000,2000,2000,0
2021-12-13 14:18:00,2000,2000,2000,2000,0
2021-12-13 14:19:00,2000,2000,2000,2000,0
2021-12-13 14:20:00,2000,2000,2000,2000,0
2021-12-13 14:21:00,2000,2000,2000,2000,0
2021-12-13 14:22:00,2000,2000,2000,2000,0
2021-12-13 14:23:00,2000,2000,2000,2000,0
2021-12-13 14:24:00,2000,2000,2000,2000,0
2021-12-13 14:25:00,2000,2000,2000,2000,0
2021-12-13 14:26:00,2000,2000,2000,2000,0
2021-12-13 14:27:00,2000,2000,2000,2000,0
2021-12-13 14:28:00,2000,2000,2000,2000,0
2021-12-13 14:29:00,2000,2000,2000,2000,0
2021-12-13 14:30:00,2000,2000,2000,2000,0
2021-12-13 14:31:00,2000,2000,2000,2000,0
2021-12-13 14:32:00,2000,2000,2000,2000,0
2021-12-13 14:33:00,2000,2000,2000,2000,0
2021-12-13 14:34:00,2000,2000,2000,2000,0
2021-12-13 14:35:00,2000,2000,2000,2000,0
2021-12-13 14:36:00,2000,2000,2000,2000,0
2021-12-13 14:37:00,2000,2000,2000,2000,0
2021-12-13 14:38:00,2000,2000,2000,2000,0
2021-12-13 14:39:00,2000,2000,2000,2000,0
2021-12-13 14:40:00,2000,2000,2000,2000,0
2021-12-13 14:41:00,2000,2000,2000,2000,0
2021-12-13 14:42:00,2000,2000,2000,2000,0
2021-12-13 14:43:00,2000,2000,2000,2000,0
2021-12-13 14:44:00,2000,2000,2000,2000,0
2021-12-13 14:45:00,2000,2000,2000,2000,0
2021-12-13 14:46:00,2000,2000,2000,2000,0
2021-12-13 14:47:00,2000,2000,2000,2000,0
2021-12-13 14:48:00,2000,2000,2000,2000,0
2021-12-13 14:49:00,2000,2000,2000,2000,0
2021-12-13 14:50:00,2000,2000,2000,2000,0
2021-12-13 14:51:00,2000,2000,2000,2000,0
2021-12-13 14:52:00,2000,2000,2000,2000,0
2021-12-13 14:53:00,2000,2000,2000,2000,0
2021-12-13 14:54:00,2000,2000,2000,2000,0
2021-12-13 14:55:00,2000,2000,2000,2000,0
2021-12-13 14:56:00,2000,2000,2000,2000,0
2021-12-13 14:57:00,2000,2000,2000,2000,0
2021-12-13 14:58:00,2000,2000,2000,2000,0
2021-12-13 14:59:00,2000,2000,2000,2000,0
2021-12-13 15:00:00,2000,2000,2000,2000,0
2021-12-13 15:01:00,2000,2000,2000,2000,0
2021-12-13 15:02:00,2000,2000,2000,2000,0
2021-12-13 15:03:00,2000,2000,2000,2000,0
2021-12-13 15:04:00,2000,2000,2000,2000,0
2021-12-13 15:05:00,2000,2000,2000,2000,0
2021-12-13 15:06:00,2000,2000,2000,2000,0
2021-12-13 15:07:00,2000,2000,2000,2000,0
2021-12-13 15:08:00,2000,2000,2000,2000,0
2021-12-13 15:09:00,2000,2000,2000,2000,0
2021-12-13 15:10:00,2000,2000,2000,2000,0
2021-12-13 15:11:00,2000,2000,2000,2000,0
2021-12-13 15:12:00,2000,2000,2000,2000,0
2021-12-13 15:13:00,2000,2000,2000,2000,0
2021-12-13 15:14:00,2000,2000,2000,2000,0
2021-12-13 15:15:00,2000,2000,2000,2000,0
2021-12-13 15:16:00,2000,2000,2000,2000,0
2021-12-13 15:17:00,2000,2000,2000,2000,0
2021-12-13 15:18:00,2000,2000,2000,2000,0
2021-12-13 15:19:00,2000,2000,2000,2000,0
2021-12-13 15:20:00,2000,2000,2000,2000,0
2021-12-13 15:21:00,2000,2000,2000,2000,0
2021-12-13 15:22:00,2000,2000,2000,2000,0
2021-12-13 15:23:00,2000,2000,2000,2000,0
2021-12-13 15:24:00,2000,2000,2000,2000,0
2021-12-13 15:25:00,2000,2000,2000,2000,0
2021-12-13 15:26:00,2000,2000,2000,2000,0
2021-12-13 15:27:00,2000,2000,2000,2000,0
2021-12-13 15:28:00,2000,2000,2000,2000,0
2021-12-13 15:29:00,2000,2000,2000,2000,0
2021-12-13 15:30:00,2000,2000,2000,2000,0
2021-12-13 15:31:00,2000,2000,2000,2000,0
2021-12-13 15:32:00,2000,2000,2000,2000,0
2021-12-13 15:33:00,2000,2000,2000,2000,0
2021-12-13 15:34:00,2000,2000,2000,2000,0
2021-12-13 15:35:00,2000,2000,2000,2000,0
2021-12-13 15:36:00,2000,2000,2000,2000,0
2021-12-13 15:37:00,2000,2000,2000,2000,0
2021-12-13 15:38:00,2000,2000,2000,2000,0
2021-12-13 15:39:00,2000,2000,2000,2000,0
2021-12-13 15:40:00,2000,2000,2000,2000,0
2021-12-13 15:41:00,2000,2000,2000,2000,0
2021-12-13 15:42:00,2000,2000,2000,2000,0
2021-12-13 15:43:00,2000,2000,2000,2000,0
2021-12-13 15:44:00,2000,2000,2000,2000,0
2021-12-13 15:45:00,2000,2000,2000,2000,0
2021-12-13 15:46:00,2000,2000,2000,2000,0
2021-12-13 15:47:00,2000,2000,2000,2000,0
2021-12-13 15:48:00,2000,2000,2000,2000,0
2021-12-13 15:49:00,2000,2000,2000,2000,0
2021-12-13 15:50:00,2000,2000,2000,2000,0
2021-12-13 15:51:00,2000,2000,2000,2000,0
2021-12-13 15:52:00,2000,2000,2000,2000,0
2021-12-13 15:53:00,2000,2000,2000,2000,0
2021-12-13 15:54:00,2000,2000,2000,2000,0
2021-12-13 15:55:00,2000,2000,2000,2000,0
2021-12-13 15:56:00,2000,2000,2000,2000,0
2021-12-13 15:57:00,2000,2000,2000,2000,0
2021-12-13 15:58:00,2000,2000,2000,2000,0
2021-12-13 15:59:00,2000,2000,2000,2000,0
2021-12-14 09:00:00,2000,2000,2000,2000,0
2021-12-14 09:01:00,2000,2000,2000,2000,0
2021-12-14 09:02:00,2000,2000,2000,2000,0
2021-12-14 09:03:00,2000,2000,2000,2000,0
2021-12-14 09:04:00,2000,2000,2000,2000,0
2021-12-14 09:05:00,2000,2000,2000,2000,0
2021-12-14 09:06:00,2000,2000,2000,2000,0
2021-12-14 09:07:00,2000,2000,2000,2000,0
2021-12-14 09:08:00,2000,2000,2000,2000,0
2021-12-14 09:09:00,2000,2000,2000,2000,0
2021-12-14 09:10:00,2000,2000,2000,2000,0
2021-12-14 09:11:00,2000,2000,2000,2000,0
2021-12-14 09:12:00,2000,2000,2000,2000,0
2021-12-14 09:13:00,2000,2000,2000,2000,0
2021-12-14 09:14:00,2000,2000,2000,2000,0
2021-12-14 09:15:00,2000,2000,2000,2000,0
2021-12-14 09:16:00,2000,2000,2000,2000,0
2021-12-14 09:17:00,2000,2000,2000,2000,0
2021-12-14 09:18:00,2000,2000,2000,2000,0
2021-12-14 09:19:00,2000,2000,2000,2000,0
2021-12-14 09:20:00,2000,2000,2000,2000,0
2021-12-14 09:21:00,2000,2000,2000,2000,0
2021-12-14 09:22:00,2000,2000,2000,2000,0
2021-12-14 09:23:00,2000,2000,2000,2000,0
2021-12-14 09:24:00,2000,2000,2000,2000,0
2021-12-14 09:25:00,2000,2000,2000,2000,0
2021-12-14 09:26:00,2000,2000,2000,2000,0
2021-12-14 09:27:00,2000,2000,2000,2000,0
2021-12-14 09:28:00,2000,2000,2000,2000,0
2021-12-14 09:29:00,2000,2000,2000,2000,0
2021-12-14 09:30:00,2000,2000,2000,2000,0
2021-12-14 09:31:00,2000,2000,2000,2000,200
2021-12-14 09:32:00,2000,2000,2000,2000,0
2021-12-14 09:33:00,2000,2000,2000,2000,0
2021-12-14 09:34:00,2000,2000,2000,2000,0
2021-12-14 09:35:00,2000,2000,2000,2000,0
2021-12-14 09:36:00,2000,2000,2000,2000,0
2021-12-14 09:37:00,2000,2000,2000,2000,0
2021-12-14 09:38:00,2000,2000,2000,2000,0
2021-12-14 09:39:00,2000,2000,2000,2000,0
2021-12-14 09:40:00,2000,2000,2000,2000,0
2021-12-14 09:41:00,2000,2000,2000,2000,0
2021-12-14 09:42:00,2000,2000,2000,2000,0
2021-12-14 09:43:00,2000,2000,2000,2000,100
2021-12-14 09:44:00,2000,2000,2000,2000,0
2021-12-14 09:45:00,2000,2000,2000,2000,0
2021-12-14 09:46:00,2000,2000,2000,2000,0
2021-12-14 09:47:00,2000,2000,2000,2000,0
2021-12-14 09:48:00,2000,2000,2000,2000,0
2021-12-14 09:49:00,2000,2000,2000,2000,0
2021-12-14 09:50:00,2000,2000,2000,2000,0
2021-12-14 09:51:00,2000,2000,2000,2000,0
2021-12-14 09:52:00,2000,2000,2000,2000,0
2021-12-14 09:53:00,2000,2000,2000,2000,0
2021-12-14 09:54:00,2000,2000,2000,2000,0
2021-12-14 09:55:00,2000,2000,2000,2000,0
2021-12-14 09:56:00,2000,2000,2000,2000,100
2021-12-14 09:57:00,2000,2000,2000,2000,0
2021-12-14 09:58:00,2000,2000,2000,2000,0
2021-12-14 09:59:00,2000,2000,2000,2000,0
2021-12-14 10:00:00,2000,2000,2000,2000,0
2021-12-14 10:01:00,2000,2000,2000,2000,0
2021-12-14 10:02:00,2000,2000,2000,2000,0
2021-12-14 10:03:00,2000,2000,2000,2000,0
2021-12-14 10:04:00,2000,2000,2000,2000,0
2021-12-14 10:05:00,2000,2000,2000,2000,0
2021-12-14 10:06:00,2000,2000,2000,2000,0
2021-12-14 10:07:00,2000,2000,2000,2000,0
2021-12-14 10:08:00,2000,2000,2000,2000,0
2021-12-14 10:09:00,2000,2000,2000,2000,0
2021-12-14 10:10:00,2000,2000,2000,2000,0
2021-12-14 10:11:00,2000,2000,2000,2000,100
2021-12-14 10:12:00,2000,2000,2000,2000,0
2021-12-14 10:13:00,2000,2000,2000,2000,0
2021-12-14 10:14:00,2000,2000,2000,2000,0
2021-12-14 10:15:00,2000,2000,2000,2000,0
2021-12-14 10:16:00,2000,2000,2000,2000,0
2021-12-14 10:17:00,2000,2000,2000,2000,0
2021-12-14 10:18:00,2000,2000,2000,2000,0
2021-12-14 10:19:00,2000,2000,2000,2000,0
2021-12-14 10:20:00,2000,2000,2000,2000,0
2021-12-14 10:21:00,2000,2000,2000,2000,0
2021-12-14 10:22:00,2000,2000,2000,2000,0
2021-12-14 10:23:00,2000,2000,2000,2000,0
2021-12-14 10:24:00,2000,2000,2000,2000,0
2021-12-14 10:25:00,2000,2000,2000,2000,0
2021-12-14 10:26:00,2000,2000,2000,2000,0
2021-12-14 10:27:00,2000,2000,2000,2000,0
2021-12-14 10:28:00,2000,2000,2000,2000,0
2021-12-14 10:29:00,2000,2000,2000,2000,0
2021-12-14 10:30:00,2000,2000,2000,2000,0
2021-12-14 10:31:00,2000,2000,2000,2000,0
2021-12-14 10:32:00,2000,2000,2000,2000,0
2021-12-14 10:33:00,2000,2000,2000,2000,0
2021-12-14 10:34:00,2000,2000,2000,2000,0
2021-12-14 10:35:00,2000,2000,2000,2000,0
2021-12-14 10:36:00,2000,2000,2000,2000,0
2021-12-14 10:37:00,2000,2000,2000,2000,0
2021-12-14 10:38:00,2000,2000,2000,2000,0
2021-12-14 10:39:00,2000,2000,2000,2000,0
2021-12-14 10:40:00,2000,2000,2000,2000,0
2021-12-14 10:41:00,2000,2000,2000,2000,0
2021-12-14 10:42:00,2000,2000,2000,2000,0
2021-12-14 10:43:00,2000,2000,2000,2000,0
2021-12-14 10:44:00,2000,2000,2000,2000,0
2021-12-14 10:45:00,2000,2000,2000,2000,0
2021-12-14 10:46:00,2000,2000,2000,2000,0
2021-12-14 10:47:00,2000,2000,2000,2000,0
2021-12-14 10:48:00,2000,2000,2000,2000,0
2021-12-14 10:49:00,2000,2000,2000,2000,0
2021-12-14 10:50:00,2000,2000,2000,2000,0
2021-12-14 10:51:00,2000,2000,2000,2000,0
2021-12-14 10:52:00,2000,2000,2000,2000,0
2021-12-14 10:53:00,2000,2000,2000,2000,100
2021-12-14 10:54:00,2000,2000,2000,2000,0
2021-12-14 10:55:00,2000,2000,2000,2000,0
2021-12-14 10:56:00,2000,2000,2000,2000,0
2021-12-14 10:57:00,2000,2000,2000,2000,0
2021-12-14 10:58:00,2000,2000,2000,2000,0
2021-12-14 10:59:00,2000,2000,2000,2000,0
2021-12-14 11:00:00,2000,2000,2000,2000,0
2021-12-14 11:01:00,2000,2000,2000,2000,0
2021-12-14 11:02:00,2000,2000,2000,2000,0
2021-12-14 11:03:00,2000,2000,2000,2000,0
2021-12-14 11:04:00,2000,2000,2000,2000,0
2021-12-14 11:05:00,2000,2000,2000,2000,0
2021-12-14 11:06:00,2000,2000,2000,2000,0
2021-12-14 11:07:00,2000,2000,2000,2000,0
2021-12-14 11:08:00,2000,2000,2000,2000,0
2021-12-14 11:09:00,2000,2000,2000,2000,0
2021-12-14 11:10:00,2000,2000,2000,2000,0
2021-12-14 11:11:00,2000,2000,2000,2000,0
2021-12-14 11:12:00,2000,2000,2000,2000,0
2021-12-14 11:13:00,2000,2000,2000,2000,0
2021-12-14 11:14:00,2000,2000,2000,2000,0
2021-12-14 11:15:00,2000,2000,2000,2000,0
2021-12-14 11:16:00,2000,2000,2000,2000,0
2021-12-14 11:17:00,2000,2000,2000,2000,0
2021-12-14 11:18:00,2000,2000,2000,2000,0
2021-12-14 11:19:00,2000,2000,2000,2000,0
2021-12-14 11:20:00,2000,2000,2000,2000,0
2021-12-14 11:21:00,2000,2000,2000,2000,0
2021-12-14 11:22:00,2000,2000,2000,2000,0
2021-12-14 11:23:00,2000,2000,2000,2000,0
2021-12-14 11:24:00,2000,2000,2000,2000,0
2021-12-14 11:25:00,2000,2000,2000,2000,0
2021-12-14 11:26:00,2000,2000,2000,2000,0
2021-12-14 11:27:00,2000,2000,2000,2000,0
2021-12-14 11:28:00,2000,2000,2000,2000,0
2021-12-14 11:29:00,2000,2000,2000,2000,0
2021-12-14 11:30:00,2000,2000,2000,2000,0
2021-12-14 11:31:00,2000,2000,2000,2000,0
2021-12-14 11:32:00,2000,2000,2000,2000,0
2021-12-14 11:33:00,2000,2000,2000,2000,0
2021-12-14 11:34:00,2000,2000,2000,2000,0
2021-12-14 11:35:00,2000,2000,2000,2000,0
2021-12-14 11:36:00,2000,2000,2000,2000,0
2021-12-14 11:37:00,2000,2000,2000,2000,0
2021-12-14 11:38:00,2000,2000,2000,2000,0
2021-12-14 11:39:00,2000,2000,2000,2000,0
2021-12-14 11:40:00,2000,2000,2000,2000,0
2021-12-14 11:41:00,2000,2000,2000,2000,0
2021-12-14 11:42:00,2000,2000,2000,2000,0
2021-12-14 11:43:00,2000,2000,2000,2000,0
2021-12-14 11:44:00,2000,2000,2000,2000,0
2021-12-14 11:45:00,2000,2000,2000,2000,0
2021-12-14 11:46:00,2000,2000,2000,2000,0
2021-12-14 11:47:00,2000,2000,2000,2000,0
2021-12-14 11:48:00,2000,2000,2000,2000,0
2021-12-14 11:49:00,2000,2000,2000,2000,0
2021-12-14 11:50:00,2000,2000,2000,2000,0
2021-12-14 11:51:00,2000,2000,2000,2000,0
2021-12-14 11:52:00,2000,2000,2000,2000,0
2021-12-14 11:53:00,2000,2000,2000,2000,0
2021-12-14 11:54:00,2000,2000,2000,2000,0
2021-12-14 11:55:00,2000,2000,2000,2000,0
2021-12-14 11:56:00,2000,2000,2000,2000,0
2021-12-14 11:57:00,2000,2000,2000,2000,0
2021-12-14 11:58:00,2000,2000,2000,2000,0
2021-12-14 11:59:00,2000,2000,2000,2000,0
2021-12-14 12:00:00,2000,2000,2000,2000,0
2021-12-14 12:01:00,2000,2000,2000,2000,0
2021-12-14 12:02:00,2000,2000,2000,2000,0
2021-12-14 12:03:00,2000,2000,2000,2000,0
2021-12-14 12:04:00,2000,2000,2000,2000,0
2021-12-14 12:05:00,2000,2000,2000,2000,0
2021-12-14 12:06:00,2000,2000,2000,2000,0
2021-12-14 12:07:00,2000,2000,2000,2000,0
2021-12-14 12:08:00,2000,2000,2000,2000,0
2021-12-14 12:09:00,2000,2000,2000,2000,0
2021-12-14 12:10:00,2000,2000,2000,2000,0
2021-12-14 12:11:00,2000,2000,2000,2000,0
2021-12-14 12:12:00,2000,2000,2000,2000,0
2021-12-14 12:13:00,2000,2000,2000,2000,0
2021-12-14 12:14:00,2000,2000,2000,2000,0
2021-12-14 12:15:00,2000,2000,2000,2000,0
2021-12-14 12:16:00,2000,2000,2000,2000,0
2021-12-14 12:17:00,2000,2000,2000,2000,0
2021-12-14 12:18:00,2000,2000,2000,2000,0
2021-12-14 12:19:00,2000,2000,2000,2000,0
2021-12-14 12:20:00,2000,2000,2000,2000,0
2021-12-14 12:21:00,2000,2000,2000,2000,0
2021-12-14 12:22:00,2000,2000,2000,2000,0
2021-12-14 12:23:00,2000,2000,2000,2000,0
2021-12-14 12:24:00,2000,2000,2000,2000,0
2021-12-14 12:25:00,2000,2000,2000,2000,0
2021-12-14 12:26:00,2000,2000,2000,2000,0
2021-12-14 12:27:00,2000,2000,2000,2000,0
2021-12-14 12:28:00,2000,2000,2000,2000,0
2021-12-14 12:29:00,2000,2000,2000,2000,0
2021-12-14 12:30:00,2000,2000,2000,2000,0
2021-12-14 12:31:00,2000,2000,2000,2000,0
2021-12-14 12:32:00,2000,2000,2000,2000,0
2021-12-14 12:33:00,2000,2000,2000,2000,0
2021-12-14 12:34:00,2000,2000,2000,2000,0
2021-12-14 12:35:00,2000,2000,2000,2000,0
2021-12-14 12:36:00,2000,2000,2000,2000,0
2021-12-14 12:37:00,2000,2000,2000,2000,0
2021-12-14 12:38:00,2000,2000,2000,2000,0
2021-12-14 12:39:00,2000,2000,2000,2000,0
2021-12-14 12:40:00,2000,2000,2000,2000,0
2021-12-14 12:41:00,2000,2000,2000,2000,0
2021-12-14 12:42:00,2000,2000,2000,2000,0
2021-12-14 12:43:00,2000,2000,2000,2000,0
2021-12-14 12:44:00,2000,2000,2000,2000,0
2021-12-14 12:45:00,2000,2000,2000,2000,0
2021-12-14 12:46:00,2000,2000,2000,2000,0
2021-12-14 12:47:00,2000,2000,2000,2000,0
2021-12-14 12:48:00,2000,2000,2000,2000,0
2021-12-14 12:49:00,2000,2000,2000,2000,0
2021-12-14 12:50:00,2000,2000,2000,2000,0
2021-12-14 12:51:00,2000,2000,2000,2000,0
2021-12-14 12:52:00,2000,2000,2000,2000,0
2021-12-14 12:53:00,2000,2000,2000,2000,0
2021-12-14 12:54:00,2000,2000,2000,2000,0
2021-12-14 12:55:00,2000,2000,2000,2000,0
2021-12-14 12:56:00,2000,2000,2000,2000,0
2021-12-14 12:57:00,2000,2000,2000,2000,0
2021-12-14 12:58:00,2000,2000,2000,2000,0
2021-12-14 12:59:00,2000,2000,2000,2000,0
2021-12-14 13:00:00,2000,2000,2000,2000,0
2021-12-14 13:01:00,2000,2000,2000,2000,0
2021-12-14 13:02:00,2000,2000,2000,2000,0
2021-12-14 13:03:00,2000,2000,2000,2000,0
2021-12-14 13:04:00,2000,2000,2000,2000,0
2021-12-14 13:05:00,2000,2000,2000,2000,0
2021-12-14 13:06:00,2000,2000,2000,2000,0
2021-12-14 13:07:00,2000,2000,2000,2000,0
2021-12-14 13:08:00,2000,2000,2000,2000,0
2021-12-14 13:09:00,2000,2000,2000,2000,0
2021-12-14 13:10:00,2000,2000,2000,2000,0
2021-12-14 13:11:00,2000,2000,2000,2000,0
2021-12-14 13:12:00,2000,2000,2000,2000,0
2021-12-14 13:13:00,2000,2000,2000,2000,0
2021-12-14 13:14:00,2000,2000,2000,2000,0
2021-12-14 13:15:00,2000,2000,2000,2000,0
2021-12-14 13:16:00,2000,2000,2000,2000,0
2021-12-14 13:17:00,2000,2000,2000,2000,0
2021-12-14 13:18:00,2000,2000,2000,2000,0
2021-12-14 13:19:00,2000,2000,2000,2000,0
2021-12-14 13:20:00,2000,2000,2000,2000,0
2021-12-14 13:21:00,2000,2000,2000,2000,0
2021-12-14 13:22:00,2000,2000,2000,2000,0
2021-12-14 13:23:00,2000,2000,2000,2000,0
2021-12-14 13:24:00,2000,2000,2000,2000,0
2021-12-14 13:25:00,2000,2000,2000,2000,0
2021-12-14 13:26:00,2000,2000,2000,2000,0
2021-12-14 13:27:00,2000,2000,2000,2000,0
2021-12-14 13:28:00,2000,2000,2000,2000,0
2021-12-14 13:29:00,2000,2000,2000,2000,0
2021-12-14 13:30:00,2000,2000,2000,2000,1000
2021-12-14 13:31:00,2000,1995,2000,1995,400
2021-12-14 13:32:00,2000,1990,2000,1990,400
2021-12-14 13:33:00,2000,1990,2000,1990,0
2021-12-14 13:34:00,2000,1990,2000,1990,0
2021-12-14 13:35:00,2000,1990,2000,1990,0
2021-12-14 13:36:00,2000,1990,2000,1990,0
2021-12-14 13:37:00,2000,1990,2000,1990,0
2021-12-14 13:38:00,2000,1990,2000,1990,0
2021-12-14 13:39:00,1980,1980,1980,1980,200
2021-12-14 13:40:00,1980,1980,1980,1980,0
2021-12-14 13:41:00,1980,1980,1980,1980,200
2021-12-14 13:42:00,1980,1980,1980,1980,0
2021-12-14 13:43:00,1980,1980,1980,1980,0
2021-12-14 13:44:00,1980,1980,1980,1980,0
2021-12-14 13:45:00,1980,1980,1980,1980,100
2021-12-14 13:46:00,1980,1980,1980,1980,0
2021-12-14 13:47:00,1980,1980,1980,1980,100
2021-12-14 13:48:00,1980,1980,1980,1980,0
2021-12-14 13:49:00,1980,1980,1980,1980,100
2021-12-14 13:50:00,1980,1980,1980,1980,100
2021-12-14 13:51:00,1980,1980,1980,1980,0
2021-12-14 13:52:00,1980,1980,1980,1980,200
2021-12-14 13:53:00,1980,1980,1980,1980,0
2021-12-14 13:54:00,1980,1980,1980,1980,100
2021-12-14 13:55:00,1980,1980,1980,1980,100
2021-12-14 13:56:00,1980,1980,1980,1980,100
2021-12-14 13:57:00,1980,1980,1980,1980,0
2021-12-14 13:58:00,1980,1980,1980,1980,0
2021-12-14 13:59:00,1990,1990,1990,1990,200
2021-12-14 14:00:00,1990,1990,1990,1990,0
2021-12-14 14:01:00,1990,1990,1990,1990,0
2021-12-14 14:02:00,1990,1990,1990,1990,0
2021-12-14 14:03:00,1990,1990,1990,1990,0
2021-12-14 14:04:00,1990,1990,1990,1990,0
2021-12-14 14:05:00,1985,1985,1985,1985,200
2021-12-14 14:06:00,1980,1980,1980,1980,100
2021-12-14 14:07:00,1980,1980,1980,1980,0
2021-12-14 14:08:00,1980,1980,1980,1980,100
2021-12-14 14:09:00,1980,1980,1980,1980,0
2021-12-14 14:10:00,1980,1980,1980,1980,0
2021-12-14 14:11:00,1980,1980,1980,1980,0
2021-12-14 14:12:00,1980,1980,1980,1980,100
2021-12-14 14:13:00,1980,1980,1980,1980,0
2021-12-14 14:14:00,1980,1980,1980,1980,0
2021-12-14 14:15:00,1980,1980,1980,1980,0
2021-12-14 14:16:00,1980,1980,1980,1980,0
2021-12-14 14:17:00,1980,1980,1980,1980,0
2021-12-14 14:18:00,1980,1980,1980,1980,0
2021-12-14 14:19:00,1980,1980,1980,1980,0
2021-12-14 14:20:00,1980,1980,1980,1980,100
2021-12-14 14:21:00,1980,1980,1980,1980,0
2021-12-14 14:22:00,1980,1980,1980,1980,0
2021-12-14 14:23:00,1980,1980,1980,1980,0
2021-12-14 14:24:00,1980,1980,1980,1980,0
2021-12-14 14:25:00,1980,1980,1980,1980,0
2021-12-14 14:26:00,1980,1980,1980,1980,100
2021-12-14 14:27:00,1975,1975,1975,1975,100
2021-12-14 14:28:00,1975,1975,1975,1975,0
2021-12-14 14:29:00,1975,1975,1975,1975,0
2021-12-14 14:30:00,1975,1975,1975,1975,0
2021-12-14 14:31:00,1975,1975,1975,1975,0
2021-12-14 14:32:00,1975,1975,1975,1975,0
2021-12-14 14:33:00,1975,1975,1975,1975,100
2021-12-14 14:34:00,1975,1975,1975,1975,0
2021-12-14 14:35:00,1975,1975,1975,1975,0
2021-12-14 14:36:00,1975,1975,1975,1975,0
2021-12-14 14:37:00,1975,1975,1975,1975,0
2021-12-14 14:38:00,1975,1975,1975,1975,0
2021-12-14 14:39:00,1975,1975,1975,1975,100
2021-12-14 14:40:00,1975,1975,1975,1975,0
2021-12-14 14:41:00,1975,1975,1975,1975,0
2021-12-14 14:42:00,1975,1975,1975,1975,0
2021-12-14 14:43:00,1975,1975,1975,1975,0
2021-12-14 14:44:00,1975,1975,1975,1975,0
2021-12-14 14:45:00,1975,1975,1975,1975,0
2021-12-14 14:46:00,1975,1975,1975,1975,100
2021-12-14 14:47:00,1975,1975,1975,1975,0
2021-12-14 14:48:00,1975,1975,1975,1975,0
2021-12-14 14:49:00,1975,1975,1975,1975,0
2021-12-14 14:50:00,1975,1975,1975,1975,0
2021-12-14 14:51:00,1975,1975,1975,1975,0
2021-12-14 14:52:00,1975,1975,1975,1975,0
2021-12-14 14:53:00,1975,1975,1975,1975,0
2021-12-14 14:54:00,1975,1975,1975,1975,0
2021-12-14 14:55:00,1975,1975,1975,1975,0
2021-12-14 14:56:00,1975,1975,1975,1975,0
2021-12-14 14:57:00,1975,1975,1975,1975,0
2021-12-14 14:58:00,1975,1975,1975,1975,0
2021-12-14 14:59:00,1975,1975,1975,1975,0
2021-12-14 15:00:00,1975,1975,1975,1975,5200
2021-12-14 15:01:00,1975,1975,1975,1975,0
2021-12-14 15:02:00,1975,1975,1975,1975,0
2021-12-14 15:03:00,1975,1975,1975,1975,0
2021-12-14 15:04:00,1975,1975,1975,1975,0
2021-12-14 15:05:00,1975,1975,1975,1975,0
2021-12-14 15:06:00,1975,1975,1975,1975,0
2021-12-14 15:07:00,1975,1975,1975,1975,0
2021-12-14 15:08:00,1975,1975,1975,1975,0
2021-12-14 15:09:00,1975,1975,1975,1975,0
2021-12-14 15:10:00,1975,1975,1975,1975,0
2021-12-14 15:11:00,1975,1975,1975,1975,0
2021-12-14 15:12:00,1975,1975,1975,1975,0
2021-12-14 15:13:00,1975,1975,1975,1975,0
2021-12-14 15:14:00,1975,1975,1975,1975,0
2021-12-14 15:15:00,1975,1975,1975,1975,0
2021-12-14 15:16:00,1975,1975,1975,1975,0
2021-12-14 15:17:00,1975,1975,1975,1975,0
2021-12-14 15:18:00,1975,1975,1975,1975,0
2021-12-14 15:19:00,1975,1975,1975,1975,0
2021-12-14 15:20:00,1975,1975,1975,1975,0
2021-12-14 15:21:00,1975,1975,1975,1975,0
2021-12-14 15:22:00,1975,1975,1975,1975,0
2021-12-14 15:23:00,1975,1975,1975,1975,0
2021-12-14 15:24:00,1975,1975,1975,1975,0
2021-12-14 15:25:00,1975,1975,1975,1975,0
2021-12-14 15:26:00,1975,1975,1975,1975,0
2021-12-14 15:27:00,1975,1975,1975,1975,0
2021-12-14 15:28:00,1975,1975,1975,1975,0
2021-12-14 15:29:00,1975,1975,1975,1975,0
2021-12-14 15:30:00,1975,1975,1975,1975,0
2021-12-14 15:31:00,1975,1975,1975,1975,0
2021-12-14 15:32:00,1975,1975,1975,1975,0
2021-12-14 15:33:00,1975,1975,1975,1975,0
2021-12-14 15:34:00,1975,1975,1975,1975,0
2021-12-14 15:35:00,1975,1975,1975,1975,0
2021-12-14 15:36:00,1975,1975,1975,1975,0
2021-12-14 15:37:00,1975,1975,1975,1975,0
2021-12-14 15:38:00,1975,1975,1975,1975,0
2021-12-14 15:39:00,1975,1975,1975,1975,0
2021-12-14 15:40:00,1975,1975,1975,1975,0
2021-12-14 15:41:00,1975,1975,1975,1975,0
2021-12-14 15:42:00,1975,1975,1975,1975,0
2021-12-14 15:43:00,1975,1975,1975,1975,0
2021-12-14 15:44:00,1975,1975,1975,1975,0
2021-12-14 15:45:00,1975,1975,1975,1975,0
2021-12-14 15:46:00,1975,1975,1975,1975,0
2021-12-14 15:47:00,1975,1975,1975,1975,0
2021-12-14 15:48:00,1975,1975,1975,1975,0
2021-12-14 15:49:00,1975,1975,1975,1975,0
2021-12-14 15:50:00,1975,1975,1975,1975,0
2021-12-14 15:51:00,1975,1975,1975,1975,0
2021-12-14 15:52:00,1975,1975,1975,1975,0
2021-12-14 15:53:00,1975,1975,1975,1975,0
2021-12-14 15:54:00,1975,1975,1975,1975,0
2021-12-14 15:55:00,1975,1975,1975,1975,0
2021-12-14 15:56:00,1975,1975,1975,1975,0
2021-12-14 15:57:00,1975,1975,1975,1975,0
2021-12-14 15:58:00,1975,1975,1975,1975,0
2021-12-14 15:59:00,1975,1975,1975,1975,0
2021-12-15 09:00:00,1975,1975,1975,1975,0
2021-12-15 09:01:00,1995,1995,1995,1995,0
2021-12-15 09:02:00,1995,1995,1995,1995,0
2021-12-15 09:03:00,1975,1975,1975,1975,100
2021-12-15 09:04:00,1975,1975,1975,1975,0
2021-12-15 09:05:00,1975,1975,1975,1975,100
2021-12-15 09:06:00,1975,1975,1975,1975,0
2021-12-15 09:07:00,1975,1975,1975,1975,0
2021-12-15 09:08:00,1975,1975,1975,1975,100
2021-12-15 09:09:00,1975,1975,1975,1975,0
2021-12-15 09:10:00,1975,1975,1975,1975,0
2021-12-15 09:11:00,1975,1975,1975,1975,0
2021-12-15 09:12:00,1965,1965,1965,1965,0
2021-12-15 09:13:00,1965,1965,1965,1965,0
2021-12-15 09:14:00,1965,1965,1965,1965,0
2021-12-15 09:15:00,1965,1965,1965,1965,0
2021-12-15 09:16:00,1965,1965,1965,1965,0
2021-12-15 09:17:00,1965,1965,1965,1965,0
2021-12-15 09:18:00,1965,1965,1965,1965,0
2021-12-15 09:19:00,1965,1965,1965,1965,0
2021-12-15 09:20:00,1965,1965,1965,1965,0
2021-12-15 09:21:00,1965,1965,1965,1965,0
2021-12-15 09:22:00,1965,1965,1965,1965,0
2021-12-15 09:23:00,1960,1960,1960,1960,600
2021-12-15 09:24:00,1960,1960,1960,1960,0
2021-12-15 09:25:00,1960,1960,1960,1960,0
2021-12-15 09:26:00,1960,1960,1960,1960,0
2021-12-15 09:27:00,1960,1960,1960,1960,0
2021-12-15 09:28:00,1960,1960,1960,1960,0
2021-12-15 09:29:00,1960,1960,1960,1960,100
2021-12-15 09:30:00,1960,1960,1960,1960,100
2021-12-15 09:31:00,1960,1960,1960,1960,0
2021-12-15 09:32:00,1960,1960,1960,1960,0
2021-12-15 09:33:00,1960,1960,1960,1960,0
2021-12-15 09:34:00,1960,1960,1960,1960,0
2021-12-15 09:35:00,1960,1960,1960,1960,100
2021-12-15 09:36:00,1960,1960,1960,1960,200
2021-12-15 09:37:00,1960,1960,1960,1960,0
2021-12-15 09:38:00,1960,1960,1960,1960,0
2021-12-15 09:39:00,1960,1960,1960,1960,0
2021-12-15 09:40:00,1960,1960,1960,1960,0
2021-12-15 09:41:00,1950,1950,1950,1950,100
2021-12-15 09:42:00,1950,1950,1950,1950,0
2021-12-15 09:43:00,1950,1950,1950,1950,0
2021-12-15 09:44:00,1950,1950,1950,1950,0
2021-12-15 09:45:00,1950,1950,1950,1950,0
2021-12-15 09:46:00,1950,1950,1950,1950,0
2021-12-15 09:47:00,1950,1950,1950,1950,100
2021-12-15 09:48:00,1950,1950,1950,1950,0
2021-12-15 09:49:00,1940,1940,1950,1950,100
2021-12-15 09:50:00,1940,1940,1950,1950,0
2021-12-15 09:51:00,1950,1950,1950,1950,100
2021-12-15 09:52:00,1950,1950,1950,1950,0
2021-12-15 09:53:00,1950,1950,1950,1950,0
2021-12-15 09:54:00,1950,1950,1950,1950,0
2021-12-15 09:55:00,1950,1950,1950,1950,0
2021-12-15 09:56:00,1950,1950,1950,1950,0
2021-12-15 09:57:00,1950,1950,1950,1950,0
2021-12-15 09:58:00,1950,1950,1950,1950,0
2021-12-15 09:59:00,1950,1950,1950,1950,0
2021-12-15 10:00:00,1950,1950,1950,1950,0
2021-12-15 10:01:00,1950,1950,1950,1950,0
2021-12-15 10:02:00,1950,1950,1950,1950,0
2021-12-15 10:03:00,1950,1950,1950,1950,0
2021-12-15 10:04:00,1950,1950,1950,1950,0
2021-12-15 10:05:00,1950,1950,1950,1950,0
2021-12-15 10:06:00,1950,1950,1950,1950,0
2021-12-15 10:07:00,1950,1950,1950,1950,0
2021-12-15 10:08:00,1950,1950,1950,1950,0
2021-12-15 10:09:00,1950,1950,1950,1950,0
2021-12-15 10:10:00,1950,1950,1950,1950,0
2021-12-15 10:11:00,1950,1950,1950,1950,0
2021-12-15 10:12:00,1950,1950,1950,1950,0
2021-12-15 10:13:00,1950,1950,1950,1950,0
2021-12-15 10:14:00,1940,1940,1940,1940,100
2021-12-15 10:15:00,1940,1940,1940,1940,0
2021-12-15 10:16:00,1940,1940,1940,1940,0
2021-12-15 10:17:00,1940,1940,1940,1940,0
2021-12-15 10:18:00,1940,1940,1940,1940,0
2021-12-15 10:19:00,1940,1940,1940,1940,0
2021-12-15 10:20:00,1940,1940,1940,1940,0
2021-12-15 10:21:00,1940,1940,1940,1940,0
2021-12-15 10:22:00,1940,1940,1940,1940,0
2021-12-15 10:23:00,1940,1940,1940,1940,0
2021-12-15 10:24:00,1940,1940,1940,1940,0
2021-12-15 10:25:00,1940,1940,1940,1940,200
2021-12-15 10:26:00,1940,1940,1940,1940,0
2021-12-15 10:27:00,1940,1940,1940,1940,0
2021-12-15 10:28:00,1940,1940,1940,1940,100
2021-12-15 10:29:00,1940,1940,1940,1940,0
2021-12-15 10:30:00,1940,1940,1940,1940,0
2021-12-15 10:31:00,1940,1905,1940,1905,200
2021-12-15 10:32:00,1940,1905,1940,1905,0
2021-12-15 10:33:00,1915,1915,1915,1915,100
2021-12-15 10:34:00,1915,1915,1915,1915,0
2021-12-15 10:35:00,1915,1915,1915,1915,0
2021-12-15 10:36:00,1915,1915,1915,1915,0
2021-12-15 10:37:00,1910,1910,1910,1910,100
2021-12-15 10:38:00,1910,1910,1910,1910,0
2021-12-15 10:39:00,1910,1910,1910,1910,0
2021-12-15 10:40:00,1910,1910,1910,1910,0
2021-12-15 10:41:00,1910,1910,1910,1910,0
2021-12-15 10:42:00,1910,1910,1910,1910,0
2021-12-15 10:43:00,1910,1910,1910,1910,0
2021-12-15 10:44:00,1910,1910,1910,1910,0
2021-12-15 10:45:00,1910,1910,1910,1910,0
2021-12-15 10:46:00,1910,1910,1910,1910,0
2021-12-15 10:47:00,1910,1910,1910,1910,0
2021-12-15 10:48:00,1910,1910,1910,1910,0
2021-12-15 10:49:00,1910,1910,1910,1910,0
2021-12-15 10:50:00,1910,1910,1910,1910,0
2021-12-15 10:51:00,1910,1910,1910,1910,0
2021-12-15 10:52:00,1910,1910,1910,1910,0
2021-12-15 10:53:00,1910,1910,1910,1910,0
2021-12-15 10:54:00,1910,1910,1910,1910,0
2021-12-15 10:55:00,1910,1910,1910,1910,0
2021-12-15 10:56:00,1910,1910,1910,1910,0
2021-12-15 10:57:00,1910,1910,1910,1910,0
2021-12-15 10:58:00,1910,1910,1910,1910,0
2021-12-15 10:59:00,1910,1910,1910,1910,0
2021-12-15 11:00:00,1910,1910,1910,1910,0
2021-12-15 11:01:00,1910,1910,1910,1910,0
2021-12-15 11:02:00,1910,1910,1910,1910,0
2021-12-15 11:03:00,1910,1910,1910,1910,0
2021-12-15 11:04:00,1910,1910,1910,1910,0
2021-12-15 11:05:00,1910,1910,1910,1910,0
2021-12-15 11:06:00,1910,1910,1910,1910,100
2021-12-15 11:07:00,1910,1910,1910,1910,0
2021-12-15 11:08:00,1910,1910,1910,1910,0
2021-12-15 11:09:00,1910,1910,1910,1910,0
2021-12-15 11:10:00,1910,1910,1910,1910,0
2021-12-15 11:11:00,1910,1910,1910,1910,0
2021-12-15 11:12:00,1910,1910,1910,1910,0
2021-12-15 11:13:00,1910,1910,1910,1910,0
2021-12-15 11:14:00,1910,1910,1910,1910,0
2021-12-15 11:15:00,1910,1910,1910,1910,0
2021-12-15 11:16:00,1910,1910,1910,1910,0
2021-12-15 11:17:00,1910,1910,1910,1910,0
2021-12-15 11:18:00,1910,1910,1910,1910,0
2021-12-15 11:19:00,1910,1910,1910,1910,0
2021-12-15 11:20:00,1910,1910,1910,1910,0
2021-12-15 11:21:00,1910,1910,1910,1910,0
2021-12-15 11:22:00,1910,1910,1910,1910,0
2021-12-15 11:23:00,1910,1910,1910,1910,0
2021-12-15 11:24:00,1910,1910,1910,1910,0
2021-12-15 11:25:00,1910,1910,1910,1910,0
2021-12-15 11:26:00,1910,1910,1910,1910,0
2021-12-15 11:27:00,1910,1910,1910,1910,0
2021-12-15 11:28:00,1910,1910,1910,1910,0
2021-12-15 11:29:00,1910,1910,1910,1910,0
2021-12-15 11:30:00,1910,1910,1910,1910,0
2021-12-15 11:31:00,1910,1910,1910,1910,0
2021-12-15 11:32:00,1910,1910,1910,1910,0
2021-12-15 11:33:00,1910,1910,1910,1910,0
2021-12-15 11:34:00,1910,1910,1910,1910,0
2021-12-15 11:35:00,1910,1910,1910,1910,0
2021-12-15 11:36:00,1910,1910,1910,1910,0
2021-12-15 11:37:00,1910,1910,1910,1910,0
2021-12-15 11:38:00,1910,1910,1910,1910,0
2021-12-15 11:39:00,1910,1910,1910,1910,0
2021-12-15 11:40:00,1910,1910,1910,1910,0
2021-12-15 11:41:00,1910,1910,1910,1910,0
2021-12-15 11:42:00,1910,1910,1910,1910,0
2021-12-15 11:43:00,1910,1910,1910,1910,0
2021-12-15 11:44:00,1910,1910,1910,1910,0
2021-12-15 11:45:00,1910,1910,1910,1910,0
2021-12-15 11:46:00,1910,1910,1910,1910,0
2021-12-15 11:47:00,1910,1910,1910,1910,0
2021-12-15 11:48:00,1910,1910,1910,1910,0
2021-12-15 11:49:00,1910,1910,1910,1910,0
2021-12-15 11:50:00,1910,1910,1910,1910,0
2021-12-15 11:51:00,1910,1910,1910,1910,0
2021-12-15 11:52:00,1910,1910,1910,1910,0
2021-12-15 11:53:00,1910,1910,1910,1910,0
2021-12-15 11:54:00,1910,1910,1910,1910,0
2021-12-15 11:55:00,1910,1910,1910,1910,0
2021-12-15 11:56:00,1910,1910,1910,1910,0
2021-12-15 11:57:00,1910,1910,1910,1910,0
2021-12-15 11:58:00,1910,1910,1910,1910,0
2021-12-15 11:59:00,1910,1910,1910,1910,0
2021-12-15 12:00:00,1910,1910,1910,1910,0
2021-12-15 12:01:00,1910,1910,1910,1910,0
2021-12-15 12:02:00,1910,1910,1910,1910,0
2021-12-15 12:03:00,1910,1910,1910,1910,0
2021-12-15 12:04:00,1910,1910,1910,1910,0
2021-12-15 12:05:00,1910,1910,1910,1910,0
2021-12-15 12:06:00,1910,1910,1910,1910,0
2021-12-15 12:07:00,1910,1910,1910,1910,0
2021-12-15 12:08:00,1910,1910,1910,1910,0
2021-12-15 12:09:00,1910,1910,1910,1910,0
2021-12-15 12:10:00,1910,1910,1910,1910,0
2021-12-15 12:11:00,1910,1910,1910,1910,0
2021-12-15 12:12:00,1910,1910,1910,1910,0
2021-12-15 12:13:00,1910,1910,1910,1910,0
2021-12-15 12:14:00,1910,1910,1910,1910,0
2021-12-15 12:15:00,1910,1910,1910,1910,0
2021-12-15 12:16:00,1910,1910,1910,1910,0
2021-12-15 12:17:00,1910,1910,1910,1910,0
2021-12-15 12:18:00,1910,1910,1910,1910,0
2021-12-15 12:19:00,1910,1910,1910,1910,0
2021-12-15 12:20:00,1910,1910,1910,1910,0
2021-12-15 12:21:00,1910,1910,1910,1910,0
2021-12-15 12:22:00,1910,1910,1910,1910,0
2021-12-15 12:23:00,1910,1910,1910,1910,0
2021-12-15 12:24:00,1910,1910,1910,1910,0
2021-12-15 12:25:00,1910,1910,1910,1910,0
2021-12-15 12:26:00,1910,1910,1910,1910,0
2021-12-15 12:27:00,1910,1910,1910,1910,0
2021-12-15 12:28:00,1910,1910,1910,1910,0
2021-12-15 12:29:00,1910,1910,1910,1910,0
2021-12-15 12:30:00,1910,1910,1910,1910,0
2021-12-15 12:31:00,1910,1910,1910,1910,0
2021-12-15 12:32:00,1910,1910,1910,1910,0
2021-12-15 12:33:00,1910,1910,1910,1910,0
2021-12-15 12:34:00,1910,1910,1910,1910,0
2021-12-15 12:35:00,1910,1910,1910,1910,0
2021-12-15 12:36:00,1910,1910,1910,1910,0
2021-12-15 12:37:00,1910,1910,1910,1910,0
2021-12-15 12:38:00,1910,1910,1910,1910,0
2021-12-15 12:39:00,1910,1910,1910,1910,0
2021-12-15 12:40:00,1910,1910,1910,1910,0
2021-12-15 12:41:00,1910,1910,1910,1910,0
2021-12-15 12:42:00,1910,1910,1910,1910,0
2021-12-15 12:43:00,1910,1910,1910,1910,0
2021-12-15 12:44:00,1910,1910,1910,1910,0
2021-12-15 12:45:00,1910,1910,1910,1910,0
2021-12-15 12:46:00,1910,1910,1910,1910,0
2021-12-15 12:47:00,1910,1910,1910,1910,0
2021-12-15 12:48:00,1910,1910,1910,1910,0
2021-12-15 12:49:00,1910,1910,1910,1910,0
2021-12-15 12:50:00,1910,1910,1910,1910,0
2021-12-15 12:51:00,1910,1910,1910,1910,0
2021-12-15 12:52:00,1910,1910,1910,1910,0
2021-12-15 12:53:00,1910,1910,1910,1910,0
2021-12-15 12:54:00,1910,1910,1910,1910,0
2021-12-15 12:55:00,1910,1910,1910,1910,0
2021-12-15 12:56:00,1910,1910,1910,1910,0
2021-12-15 12:57:00,1910,1910,1910,1910,0
2021-12-15 12:58:00,1910,1910,1910,1910,0
2021-12-15 12:59:00,1910,1910,1910,1910,0
2021-12-15 13:00:00,1910,1910,1910,1910,0
2021-12-15 13:01:00,1910,1910,1910,1910,0
2021-12-15 13:02:00,1910,1910,1910,1910,0
2021-12-15 13:03:00,1910,1910,1910,1910,0
2021-12-15 13:04:00,1910,1910,1910,1910,0
2021-12-15 13:05:00,1910,1910,1910,1910,0
2021-12-15 13:06:00,1910,1910,1910,1910,0
2021-12-15 13:07:00,1910,1910,1910,1910,0
2021-12-15 13:08:00,1910,1910,1910,1910,0
2021-12-15 13:09:00,1910,1910,1910,1910,0
2021-12-15 13:10:00,1910,1910,1910,1910,0
2021-12-15 13:11:00,1910,1910,1910,1910,0
2021-12-15 13:12:00,1910,1910,1910,1910,0
2021-12-15 13:13:00,1910,1910,1910,1910,0
2021-12-15 13:14:00,1910,1910,1910,1910,0
2021-12-15 13:15:00,1910,1910,1910,1910,0
2021-12-15 13:16:00,1910,1910,1910,1910,0
2021-12-15 13:17:00,1910,1910,1910,1910,0
2021-12-15 13:18:00,1910,1910,1910,1910,0
2021-12-15 13:19:00,1910,1910,1910,1910,0
2021-12-15 13:20:00,1910,1910,1910,1910,0
2021-12-15 13:21:00,1910,1910,1910,1910,0
2021-12-15 13:22:00,1910,1910,1910,1910,0
2021-12-15 13:23:00,1910,1910,1910,1910,0
2021-12-15 13:24:00,1910,1910,1910,1910,0
2021-12-15 13:25:00,1910,1910,1910,1910,0
2021-12-15 13:26:00,1910,1910,1910,1910,0
2021-12-15 13:27:00,1910,1910,1910,1910,0
2021-12-15 13:28:00,1910,1910,1910,1910,0
2021-12-15 13:29:00,1910,1910,1910,1910,0
2021-12-15 13:30:00,1910,1910,1910,1910,0
2021-12-15 13:31:00,1910,1910,1910,1910,0
2021-12-15 13:32:00,1910,1910,1910,1910,0
2021-12-15 13:33:00,1910,1910,1910,1910,0
2021-12-15 13:34:00,1910,1910,1910,1910,0
2021-12-15 13:35:00,1910,1910,1910,1910,0
2021-12-15 13:36:00,1910,1910,1910,1910,100
2021-12-15 13:37:00,1910,1910,1910,1910,0
2021-12-15 13:38:00,1910,1910,1910,1910,0
2021-12-15 13:39:00,1910,1910,1910,1910,0
2021-12-15 13:40:00,1910,1910,1910,1910,0
2021-12-15 13:41:00,1910,1910,1910,1910,0
2021-12-15 13:42:00,1910,1910,1910,1910,0
2021-12-15 13:43:00,1910,1910,1910,1910,0
2021-12-15 13:44:00,1910,1910,1910,1910,0
2021-12-15 13:45:00,1910,1910,1910,1910,0
2021-12-15 13:46:00,1910,1910,1910,1910,0
2021-12-15 13:47:00,1910,1910,1910,1910,0
2021-12-15 13:48:00,1910,1910,1910,1910,0
2021-12-15 13:49:00,1910,1910,1910,1910,0
2021-12-15 13:50:00,1910,1910,1910,1910,0
2021-12-15 13:51:00,1910,1910,1910,1910,0
2021-12-15 13:52:00,1910,1910,1910,1910,0
2021-12-15 13:53:00,1910,1910,1910,1910,100
2021-12-15 13:54:00,1910,1910,1910,1910,0
2021-12-15 13:55:00,1910,1910,1910,1910,0
2021-12-15 13:56:00,1910,1910,1910,1910,0
2021-12-15 13:57:00,1910,1910,1910,1910,0
2021-12-15 13:58:00,1910,1910,1910,1910,0
2021-12-15 13:59:00,1910,1910,1910,1910,0
2021-12-15 14:00:00,1910,1910,1910,1910,0
2021-12-15 14:01:00,1910,1910,1910,1910,0
2021-12-15 14:02:00,1910,1910,1910,1910,0
2021-12-15 14:03:00,1910,1910,1910,1910,0
2021-12-15 14:04:00,1910,1910,1910,1910,0
2021-12-15 14:05:00,1910,1910,1910,1910,0
2021-12-15 14:06:00,1910,1910,1910,1910,0
2021-12-15 14:07:00,1910,1910,1910,1910,0
2021-12-15 14:08:00,1910,1910,1910,1910,0
2021-12-15 14:09:00,1910,1910,1910,1910,0
2021-12-15 14:10:00,1910,1910,1910,1910,0
2021-12-15 14:11:00,1910,1910,1910,1910,0
2021-12-15 14:12:00,1910,1910,1910,1910,0
2021-12-15 14:13:00,1910,1910,1910,1910,0
2021-12-15 14:14:00,1910,1910,1910,1910,0
2021-12-15 14:15:00,1910,1910,1910,1910,0
2021-12-15 14:16:00,1910,1910,1910,1910,0
2021-12-15 14:17:00,1950,1950,1950,1950,100
2021-12-15 14:18:00,1950,1950,1950,1950,0
2021-12-15 14:19:00,1950,1950,1950,1950,0
2021-12-15 14:20:00,1950,1950,1950,1950,0
2021-12-15 14:21:00,1950,1950,1950,1950,0
2021-12-15 14:22:00,1950,1950,1950,1950,0
2021-12-15 14:23:00,1950,1950,1950,1950,0
2021-12-15 14:24:00,1950,1950,1950,1950,0
2021-12-15 14:25:00,1950,1950,1950,1950,0
2021-12-15 14:26:00,1910,1910,1910,1910,100
2021-12-15 14:27:00,1910,1910,1910,1910,0
2021-12-15 14:28:00,1910,1910,1910,1910,0
2021-12-15 14:29:00,1910,1910,1910,1910,0
2021-12-15 14:30:00,1910,1910,1910,1910,200
2021-12-15 14:31:00,1910,1910,1910,1910,0
2021-12-15 14:32:00,1910,1910,1910,1910,0
2021-12-15 14:33:00,1910,1910,1910,1910,0
2021-12-15 14:34:00,1910,1910,1910,1910,0
2021-12-15 14:35:00,1910,1910,1910,1910,0
2021-12-15 14:36:00,1910,1910,1910,1910,0
2021-12-15 14:37:00,1910,1910,1910,1910,0
2021-12-15 14:38:00,1910,1910,1910,1910,0
2021-12-15 14:39:00,1910,1910,1910,1910,3100
2021-12-15 14:40:00,1910,1910,1910,1910,0
2021-12-15 14:41:00,1910,1910,1910,1910,0
2021-12-15 14:42:00,1910,1910,1910,1910,0
2021-12-15 14:43:00,1910,1910,1910,1910,0
2021-12-15 14:44:00,1910,1910,1910,1910,0
2021-12-15 14:45:00,1910,1910,1910,1910,0
2021-12-15 14:46:00,1910,1910,1910,1910,0
2021-12-15 14:47:00,1910,1910,1910,1910,0
2021-12-15 14:48:00,1910,1910,1910,1910,0
2021-12-15 14:49:00,1910,1910,1910,1910,0
2021-12-15 14:50:00,1910,1910,1910,1910,0
2021-12-15 14:51:00,1910,1910,1910,1910,0
2021-12-15 14:52:00,1910,1910,1910,1910,0
2021-12-15 14:53:00,1910,1910,1910,1910,0
2021-12-15 14:54:00,1910,1910,1910,1910,0
2021-12-15 14:55:00,1910,1910,1910,1910,0
2021-12-15 14:56:00,1910,1910,1910,1910,0
2021-12-15 14:57:00,1910,1910,1910,1910,0
2021-12-15 14:58:00,1910,1910,1910,1910,0
2021-12-15 14:59:00,1910,1910,1910,1910,0
2021-12-15 15:00:00,1910,1910,1910,1910,0
2021-12-15 15:01:00,1910,1910,1910,1910,0
2021-12-15 15:02:00,1910,1910,1910,1910,0
2021-12-15 15:03:00,1910,1910,1910,1910,0
2021-12-15 15:04:00,1910,1910,1910,1910,0
2021-12-15 15:05:00,1910,1910,1910,1910,0
2021-12-15 15:06:00,1910,1910,1910,1910,0
2021-12-15 15:07:00,1910,1910,1910,1910,0
2021-12-15 15:08:00,1910,1910,1910,1910,0
2021-12-15 15:09:00,1910,1910,1910,1910,0
2021-12-15 15:10:00,1910,1910,1910,1910,0
2021-12-15 15:11:00,1910,1910,1910,1910,0
2021-12-15 15:12:00,1910,1910,1910,1910,0
2021-12-15 15:13:00,1910,1910,1910,1910,0
2021-12-15 15:14:00,1910,1910,1910,1910,0
2021-12-15 15:15:00,1910,1910,1910,1910,0
2021-12-15 15:16:00,1910,1910,1910,1910,0
2021-12-15 15:17:00,1910,1910,1910,1910,0
2021-12-15 15:18:00,1910,1910,1910,1910,0
2021-12-15 15:19:00,1910,1910,1910,1910,0
2021-12-15 15:20:00,1910,1910,1910,1910,0
2021-12-15 15:21:00,1910,1910,1910,1910,0
2021-12-15 15:22:00,1910,1910,1910,1910,0
2021-12-15 15:23:00,1910,1910,1910,1910,0
2021-12-15 15:24:00,1910,1910,1910,1910,0
2021-12-15 15:25:00,1910,1910,1910,1910,0
2021-12-15 15:26:00,1910,1910,1910,1910,0
2021-12-15 15:27:00,1910,1910,1910,1910,0
2021-12-15 15:28:00,1910,1910,1910,1910,0
2021-12-15 15:29:00,1910,1910,1910,1910,0
2021-12-15 15:30:00,1910,1910,1910,1910,0
2021-12-15 15:31:00,1910,1910,1910,1910,0
2021-12-15 15:32:00,1910,1910,1910,1910,0
2021-12-15 15:33:00,1910,1910,1910,1910,0
2021-12-15 15:34:00,1910,1910,1910,1910,0
2021-12-15 15:35:00,1910,1910,1910,1910,0
2021-12-15 15:36:00,1910,1910,1910,1910,0
2021-12-15 15:37:00,1910,1910,1910,1910,0
2021-12-15 15:38:00,1910,1910,1910,1910,0
2021-12-15 15:39:00,1910,1910,1910,1910,0
2021-12-15 15:40:00,1910,1910,1910,1910,0
2021-12-15 15:41:00,1910,1910,1910,1910,0
2021-12-15 15:42:00,1910,1910,1910,1910,0
2021-12-15 15:43:00,1910,1910,1910,1910,0
2021-12-15 15:44:00,1910,1910,1910,1910,0
2021-12-15 15:45:00,1910,1910,1910,1910,0
2021-12-15 15:46:00,1910,1910,1910,1910,0
2021-12-15 15:47:00,1910,1910,1910,1910,0
2021-12-15 15:48:00,1910,1910,1910,1910,0
2021-12-15 15:49:00,1910,1910,1910,1910,0
2021-12-15 15:50:00,1910,1910,1910,1910,0
2021-12-15 15:51:00,1910,1910,1910,1910,0
2021-12-15 15:52:00,1910,1910,1910,1910,0
2021-12-15 15:53:00,1910,1910,1910,1910,0
2021-12-15 15:54:00,1910,1910,1910,1910,0
2021-12-15 15:55:00,1910,1910,1910,1910,0
2021-12-15 15:56:00,1910,1910,1910,1910,0
2021-12-15 15:57:00,1910,1910,1910,1910,0
2021-12-15 15:58:00,1910,1910,1910,1910,0
2021-12-15 15:59:00,1910,1910,1910,1910,0
2021-12-16 09:00:00,1910,1910,1910,1910,0
2021-12-16 09:01:00,1910,1910,1910,1910,100
2021-12-16 09:02:00,1910,1910,1910,1910,0
2021-12-16 09:03:00,1910,1910,1910,1910,0
2021-12-16 09:04:00,1910,1910,1910,1910,0
2021-12-16 09:05:00,1910,1910,1910,1910,0
2021-12-16 09:06:00,1900,1900,1900,1900,100
2021-12-16 09:07:00,1900,1900,1900,1900,100
2021-12-16 09:08:00,1910,1910,1910,1910,100
2021-12-16 09:09:00,1910,1910,1910,1910,0
2021-12-16 09:10:00,1910,1910,1910,1910,0
2021-12-16 09:11:00,1910,1910,1910,1910,100
2021-12-16 09:12:00,1910,1910,1910,1910,0
2021-12-16 09:13:00,1910,1910,1910,1910,0
2021-12-16 09:14:00,1910,1910,1910,1910,100
2021-12-16 09:15:00,1910,1910,1910,1910,0
2021-12-16 09:16:00,1910,1910,1910,1910,100
2021-12-16 09:17:00,1910,1910,1910,1910,0
2021-12-16 09:18:00,1910,1910,1910,1910,0
2021-12-16 09:19:00,1910,1910,1910,1910,100
2021-12-16 09:20:00,1910,1910,1910,1910,0
2021-12-16 09:21:00,1910,1910,1910,1910,0
2021-12-16 09:22:00,1910,1910,1910,1910,0
2021-12-16 09:23:00,1910,1910,1910,1910,0
2021-12-16 09:24:00,1910,1910,1910,1910,0
2021-12-16 09:25:00,1910,1910,1910,1910,0
2021-12-16 09:26:00,1910,1910,1910,1910,0
2021-12-16 09:27:00,1910,1910,1910,1910,0
2021-12-16 09:28:00,1910,1910,1910,1910,0
2021-12-16 09:29:00,1910,1910,1910,1910,0
2021-12-16 09:30:00,1910,1910,1910,1910,0
2021-12-16 09:31:00,1910,1910,1910,1910,0
2021-12-16 09:32:00,1910,1910,1910,1910,0
2021-12-16 09:33:00,1910,1910,1910,1910,0
2021-12-16 09:34:00,1910,1910,1910,1910,0
2021-12-16 09:35:00,1910,1910,1910,1910,0
2021-12-16 09:36:00,1910,1910,1910,1910,0
2021-12-16 09:37:00,1910,1910,1910,1910,0
2021-12-16 09:38:00,1910,1910,1910,1910,0
2021-12-16 09:39:00,1910,1910,1910,1910,0
2021-12-16 09:40:00,1910,1910,1910,1910,0
2021-12-16 09:41:00,1910,1910,1910,1910,0
2021-12-16 09:42:00,1910,1910,1910,1910,0
2021-12-16 09:43:00,1910,1910,1910,1910,0
2021-12-16 09:44:00,1910,1910,1910,1910,0
2021-12-16 09:45:00,1910,1910,1910,1910,0
2021-12-16 09:46:00,1900,1900,1900,1900,100
2021-12-16 09:47:00,1900,1900,1900,1900,0
2021-12-16 09:48:00,1900,1900,1900,1900,0
2021-12-16 09:49:00,1900,1900,1900,1900,0
2021-12-16 09:50:00,1900,1900,1900,1900,0
2021-12-16 09:51:00,1900,1900,1900,1900,0
2021-12-16 09:52:00,1900,1900,1900,1900,100
2021-12-16 09:53:00,1900,1900,1900,1900,0
2021-12-16 09:54:00,1900,1900,1900,1900,0
2021-12-16 09:55:00,1900,1900,1900,1900,0
2021-12-16 09:56:00,1900,1900,1900,1900,0
2021-12-16 09:57:00,1900,1900,1900,1900,100
2021-12-16 09:58:00,1900,1900,1900,1900,100
2021-12-16 09:59:00,1900,1900,1900,1900,0
2021-12-16 10:00:00,1900,1900,1900,1900,0
2021-12-16 10:01:00,1900,1900,1900,1900,0
2021-12-16 10:02:00,1900,1900,1900,1900,0
2021-12-16 10:03:00,1900,1900,1900,1900,0
2021-12-16 10:04:00,1900,1900,1900,1900,0
2021-12-16 10:05:00,1900,1900,1900,1900,0
2021-12-16 10:06:00,1900,1900,1900,1900,0
2021-12-16 10:07:00,1900,1900,1900,1900,0
2021-12-16 10:08:00,1900,1900,1900,1900,0
2021-12-16 10:09:00,1900,1900,1900,1900,0
2021-12-16 10:10:00,1900,1900,1900,1900,0
2021-12-16 10:11:00,1900,1900,1900,1900,0
2021-12-16 10:12:00,1900,1900,1900,1900,0
2021-12-16 10:13:00,1900,1900,1900,1900,0
2021-12-16 10:14:00,1900,1900,1900,1900,0
2021-12-16 10:15:00,1900,1900,1900,1900,0
2021-12-16 10:16:00,1900,1900,1900,1900,0
2021-12-16 10:17:00,1900,1900,1900,1900,0
2021-12-16 10:18:00,1900,1900,1900,1900,0
2021-12-16 10:19:00,1900,1900,1900,1900,0
2021-12-16 10:20:00,1900,1900,1900,1900,0
2021-12-16 10:21:00,1900,1900,1900,1900,0
2021-12-16 10:22:00,1900,1900,1900,1900,0
2021-12-16 10:23:00,1900,1900,1900,1900,0
2021-12-16 10:24:00,1900,1900,1900,1900,0
2021-12-16 10:25:00,1900,1900,1900,1900,0
2021-12-16 10:26:00,1900,1900,1900,1900,0
2021-12-16 10:27:00,1900,1900,1900,1900,0
2021-12-16 10:28:00,1900,1900,1900,1900,0
2021-12-16 10:29:00,1900,1900,1900,1900,0
2021-12-16 10:30:00,1900,1900,1900,1900,0
2021-12-16 10:31:00,1900,1900,1900,1900,0
2021-12-16 10:32:00,1900,1900,1900,1900,0
2021-12-16 10:33:00,1900,1900,1900,1900,0
2021-12-16 10:34:00,1900,1900,1900,1900,0
2021-12-16 10:35:00,1900,1900,1900,1900,0
2021-12-16 10:36:00,1900,1900,1900,1900,0
2021-12-16 10:37:00,1900,1900,1900,1900,0
2021-12-16 10:38:00,1900,1900,1900,1900,100
2021-12-16 10:39:00,1900,1900,1900,1900,0
2021-12-16 10:40:00,1900,1900,1900,1900,0
2021-12-16 10:41:00,1900,1900,1900,1900,0
2021-12-16 10:42:00,1900,1900,1900,1900,0
2021-12-16 10:43:00,1900,1900,1900,1900,0
2021-12-16 10:44:00,1900,1900,1900,1900,0
2021-12-16 10:45:00,1900,1900,1900,1900,0
2021-12-16 10:46:00,1900,1900,1900,1900,0
2021-12-16 10:47:00,1900,1900,1900,1900,0
2021-12-16 10:48:00,1900,1900,1900,1900,0
2021-12-16 10:49:00,1900,1900,1900,1900,0
2021-12-16 10:50:00,1900,1900,1900,1900,0
2021-12-16 10:51:00,1900,1900,1900,1900,0
2021-12-16 10:52:00,1900,1900,1900,1900,0
2021-12-16 10:53:00,1900,1900,1900,1900,0
2021-12-16 10:54:00,1900,1900,1900,1900,0
2021-12-16 10:55:00,1900,1900,1900,1900,0
2021-12-16 10:56:00,1900,1900,1900,1900,0
2021-12-16 10:57:00,1900,1900,1900,1900,100
2021-12-16 10:58:00,1900,1900,1900,1900,0
2021-12-16 10:59:00,1900,1900,1900,1900,100
2021-12-16 11:00:00,1900,1900,1900,1900,0
2021-12-16 11:01:00,1900,1900,1900,1900,0
2021-12-16 11:02:00,1900,1900,1900,1900,0
2021-12-16 11:03:00,1900,1900,1900,1900,0
2021-12-16 11:04:00,1900,1900,1900,1900,0
2021-12-16 11:05:00,1900,1900,1900,1900,0
2021-12-16 11:06:00,1900,1900,1900,1900,0
2021-12-16 11:07:00,1900,1900,1900,1900,0
2021-12-16 11:08:00,1900,1900,1900,1900,0
2021-12-16 11:09:00,1900,1900,1900,1900,0
2021-12-16 11:10:00,1900,1900,1900,1900,0
2021-12-16 11:11:00,1900,1900,1900,1900,0
2021-12-16 11:12:00,1900,1900,1900,1900,0
2021-12-16 11:13:00,1900,1900,1900,1900,0
2021-12-16 11:14:00,1900,1900,1900,1900,0
2021-12-16 11:15:00,1900,1900,1900,1900,0
2021-12-16 11:16:00,1900,1900,1900,1900,0
2021-12-16 11:17:00,1900,1900,1900,1900,0
2021-12-16 11:18:00,1900,1900,1900,1900,0
2021-12-16 11:19:00,1900,1900,1900,1900,0
2021-12-16 11:20:00,1900,1900,1900,1900,0
2021-12-16 11:21:00,1900,1900,1900,1900,0
2021-12-16 11:22:00,1900,1900,1900,1900,0
2021-12-16 11:23:00,1900,1900,1900,1900,0
2021-12-16 11:24:00,1900,1900,1900,1900,0
2021-12-16 11:25:00,1900,1900,1900,1900,0
2021-12-16 11:26:00,1900,1900,1900,1900,0
2021-12-16 11:27:00,1900,1900,1900,1900,0
2021-12-16 11:28:00,1900,1900,1900,1900,0
2021-12-16 11:29:00,1900,1900,1900,1900,0
2021-12-16 11:30:00,1900,1900,1900,1900,0
2021-12-16 11:31:00,1900,1900,1900,1900,0
2021-12-16 11:32:00,1900,1900,1900,1900,0
2021-12-16 11:33:00,1900,1900,1900,1900,0
2021-12-16 11:34:00,1900,1900,1900,1900,0
2021-12-16 11:35:00,1900,1900,1900,1900,0
2021-12-16 11:36:00,1900,1900,1900,1900,0
2021-12-16 11:37:00,1900,1900,1900,1900,0
2021-12-16 11:38:00,1900,1900,1900,1900,0
2021-12-16 11:39:00,1900,1900,1900,1900,0
2021-12-16 11:40:00,1900,1900,1900,1900,0
2021-12-16 11:41:00,1900,1900,1900,1900,0
2021-12-16 11:42:00,1900,1900,1900,1900,0
2021-12-16 11:43:00,1900,1900,1900,1900,0
2021-12-16 11:44:00,1900,1900,1900,1900,0
2021-12-16 11:45:00,1900,1900,1900,1900,0
2021-12-16 11:46:00,1900,1900,1900,1900,0
2021-12-16 11:47:00,1900,1900,1900,1900,0
2021-12-16 11:48:00,1900,1900,1900,1900,0
2021-12-16 11:49:00,1900,1900,1900,1900,0
2021-12-16 11:50:00,1900,1900,1900,1900,0
2021-12-16 11:51:00,1900,1900,1900,1900,0
2021-12-16 11:52:00,1900,1900,1900,1900,0
2021-12-16 11:53:00,1900,1900,1900,1900,0
2021-12-16 11:54:00,1900,1900,1900,1900,0
2021-12-16 11:55:00,1900,1900,1900,1900,0
2021-12-16 11:56:00,1900,1900,1900,1900,0
2021-12-16 11:57:00,1900,1900,1900,1900,0
2021-12-16 11:58:00,1900,1900,1900,1900,0
2021-12-16 11:59:00,1900,1900,1900,1900,0
2021-12-16 12:00:00,1900,1900,1900,1900,0
2021-12-16 12:01:00,1900,1900,1900,1900,0
2021-12-16 12:02:00,1900,1900,1900,1900,0
2021-12-16 12:03:00,1900,1900,1900,1900,0
2021-12-16 12:04:00,1900,1900,1900,1900,0
2021-12-16 12:05:00,1900,1900,1900,1900,0
2021-12-16 12:06:00,1900,1900,1900,1900,0
2021-12-16 12:07:00,1900,1900,1900,1900,0
2021-12-16 12:08:00,1900,1900,1900,1900,0
2021-12-16 12:09:00,1900,1900,1900,1900,0
2021-12-16 12:10:00,1900,1900,1900,1900,0
2021-12-16 12:11:00,1900,1900,1900,1900,0
2021-12-16 12:12:00,1900,1900,1900,1900,0
2021-12-16 12:13:00,1900,1900,1900,1900,0
2021-12-16 12:14:00,1900,1900,1900,1900,0
2021-12-16 12:15:00,1900,1900,1900,1900,0
2021-12-16 12:16:00,1900,1900,1900,1900,0
2021-12-16 12:17:00,1900,1900,1900,1900,0
2021-12-16 12:18:00,1900,1900,1900,1900,0
2021-12-16 12:19:00,1900,1900,1900,1900,0
2021-12-16 12:20:00,1900,1900,1900,1900,0
2021-12-16 12:21:00,1900,1900,1900,1900,0
2021-12-16 12:22:00,1900,1900,1900,1900,0
2021-12-16 12:23:00,1900,1900,1900,1900,0
2021-12-16 12:24:00,1900,1900,1900,1900,0
2021-12-16 12:25:00,1900,1900,1900,1900,0
2021-12-16 12:26:00,1900,1900,1900,1900,0
2021-12-16 12:27:00,1900,1900,1900,1900,0
2021-12-16 12:28:00,1900,1900,1900,1900,0
2021-12-16 12:29:00,1900,1900,1900,1900,0
2021-12-16 12:30:00,1900,1900,1900,1900,0
2021-12-16 12:31:00,1900,1900,1900,1900,0
2021-12-16 12:32:00,1900,1900,1900,1900,0
2021-12-16 12:33:00,1900,1900,1900,1900,0
2021-12-16 12:34:00,1900,1900,1900,1900,0
2021-12-16 12:35:00,1900,1900,1900,1900,0
2021-12-16 12:36:00,1900,1900,1900,1900,0
2021-12-16 12:37:00,1900,1900,1900,1900,0
2021-12-16 12:38:00,1900,1900,1900,1900,0
2021-12-16 12:39:00,1900,1900,1900,1900,0
2021-12-16 12:40:00,1900,1900,1900,1900,0
2021-12-16 12:41:00,1900,1900,1900,1900,0
2021-12-16 12:42:00,1900,1900,1900,1900,0
2021-12-16 12:43:00,1900,1900,1900,1900,0
2021-12-16 12:44:00,1900,1900,1900,1900,0
2021-12-16 12:45:00,1900,1900,1900,1900,0
2021-12-16 12:46:00,1900,1900,1900,1900,0
2021-12-16 12:47:00,1900,1900,1900,1900,0
2021-12-16 12:48:00,1900,1900,1900,1900,0
2021-12-16 12:49:00,1900,1900,1900,1900,0
2021-12-16 12:50:00,1900,1900,1900,1900,0
2021-12-16 12:51:00,1900,1900,1900,1900,0
2021-12-16 12:52:00,1900,1900,1900,1900,0
2021-12-16 12:53:00,1900,1900,1900,1900,0
2021-12-16 12:54:00,1900,1900,1900,1900,0
2021-12-16 12:55:00,1900,1900,1900,1900,0
2021-12-16 12:56:00,1900,1900,1900,1900,0
2021-12-16 12:57:00,1900,1900,1900,1900,0
2021-12-16 12:58:00,1900,1900,1900,1900,0
2021-12-16 12:59:00,1900,1900,1900,1900,0
2021-12-16 13:00:00,1900,1900,1900,1900,0
2021-12-16 13:01:00,1900,1900,1900,1900,0
2021-12-16 13:02:00,1900,1900,1900,1900,0
2021-12-16 13:03:00,1900,1900,1900,1900,0
2021-12-16 13:04:00,1900,1900,1900,1900,0
2021-12-16 13:05:00,1900,1900,1900,1900,0
2021-12-16 13:06:00,1900,1900,1900,1900,0
2021-12-16 13:07:00,1900,1900,1900,1900,0
2021-12-16 13:08:00,1900,1900,1900,1900,0
2021-12-16 13:09:00,1900,1900,1900,1900,0
2021-12-16 13:10:00,1900,1900,1900,1900,0
2021-12-16 13:11:00,1900,1900,1900,1900,0
2021-12-16 13:12:00,1900,1900,1900,1900,0
2021-12-16 13:13:00,1900,1900,1900,1900,0
2021-12-16 13:14:00,1900,1900,1900,1900,0
2021-12-16 13:15:00,1900,1900,1900,1900,0
2021-12-16 13:16:00,1900,1900,1900,1900,0
2021-12-16 13:17:00,1900,1900,1900,1900,0
2021-12-16 13:18:00,1900,1900,1900,1900,0
2021-12-16 13:19:00,1900,1900,1900,1900,0
2021-12-16 13:20:00,1900,1900,1900,1900,0
2021-12-16 13:21:00,1900,1900,1900,1900,0
2021-12-16 13:22:00,1900,1900,1900,1900,0
2021-12-16 13:23:00,1900,1900,1900,1900,0
2021-12-16 13:24:00,1900,1900,1900,1900,0
2021-12-16 13:25:00,1900,1900,1900,1900,0
2021-12-16 13:26:00,1900,1900,1900,1900,0
2021-12-16 13:27:00,1900,1900,1900,1900,0
2021-12-16 13:28:00,1900,1900,1900,1900,0
2021-12-16 13:29:00,1900,1900,1900,1900,0
2021-12-16 13:30:00,1895,1895,1895,1895,100
2021-12-16 13:31:00,1900,1900,1900,1900,100
2021-12-16 13:32:00,1900,1900,1900,1900,0
2021-12-16 13:33:00,1900,1900,1900,1900,0
2021-12-16 13:34:00,1900,1900,1900,1900,0
2021-12-16 13:35:00,1900,1900,1900,1900,0
2021-12-16 13:36:00,1910,1910,1910,1910,100
2021-12-16 13:37:00,1910,1910,1910,1910,0
2021-12-16 13:38:00,1910,1910,1910,1910,100
2021-12-16 13:39:00,1900,1900,1900,1900,100
2021-12-16 13:40:00,1900,1900,1900,1900,0
2021-12-16 13:41:00,1900,1900,1900,1900,0
2021-12-16 13:42:00,1900,1900,1900,1900,0
2021-12-16 13:43:00,1900,1900,1900,1900,0
2021-12-16 13:44:00,1900,1900,1900,1900,0
2021-12-16 13:45:00,1900,1900,1900,1900,0
2021-12-16 13:46:00,1900,1900,1900,1900,0
2021-12-16 13:47:00,1900,1900,1900,1900,0
2021-12-16 13:48:00,1900,1900,1900,1900,0
2021-12-16 13:49:00,1900,1900,1900,1900,0
2021-12-16 13:50:00,1900,1900,1900,1900,0
2021-12-16 13:51:00,1900,1900,1900,1900,0
2021-12-16 13:52:00,1900,1900,1900,1900,0
2021-12-16 13:53:00,1900,1900,1900,1900,0
2021-12-16 13:54:00,1900,1900,1900,1900,0
2021-12-16 13:55:00,1900,1900,1900,1900,0
2021-12-16 13:56:00,1900,1900,1900,1900,0
2021-12-16 13:57:00,1900,1900,1900,1900,0
2021-12-16 13:58:00,1900,1900,1900,1900,0
2021-12-16 13:59:00,1900,1900,1900,1900,0
2021-12-16 14:00:00,1900,1900,1900,1900,0
2021-12-16 14:01:00,1900,1900,1900,1900,0
2021-12-16 14:02:00,1900,1900,1900,1900,0
2021-12-16 14:03:00,1900,1900,1900,1900,0
2021-12-16 14:04:00,1900,1900,1900,1900,0
2021-12-16 14:05:00,1900,1900,1900,1900,0
2021-12-16 14:06:00,1900,1900,1900,1900,0
2021-12-16 14:07:00,1900,1900,1900,1900,0
2021-12-16 14:08:00,1900,1900,1900,1900,0
2021-12-16 14:09:00,1900,1900,1900,1900,100
2021-12-16 14:10:00,1900,1900,1900,1900,0
2021-12-16 14:11:00,1900,1900,1900,1900,0
2021-12-16 14:12:00,1900,1900,1900,1900,0
2021-12-16 14:13:00,1900,1900,1900,1900,0
2021-12-16 14:14:00,1900,1900,1900,1900,0
2021-12-16 14:15:00,1900,1900,1900,1900,0
2021-12-16 14:16:00,1900,1900,1900,1900,0
2021-12-16 14:17:00,1900,1900,1900,1900,0
2021-12-16 14:18:00,1900,1900,1900,1900,0
2021-12-16 14:19:00,1900,1900,1900,1900,0
2021-12-16 14:20:00,1900,1900,1900,1900,0
2021-12-16 14:21:00,1900,1900,1900,1900,0
2021-12-16 14:22:00,1900,1900,1900,1900,0
2021-12-16 14:23:00,1900,1900,1900,1900,0
2021-12-16 14:24:00,1900,1900,1900,1900,0
2021-12-16 14:25:00,1900,1900,1900,1900,0
2021-12-16 14:26:00,1910,1910,1910,1910,100
2021-12-16 14:27:00,1910,1910,1910,1910,0
2021-12-16 14:28:00,1910,1910,1910,1910,0
2021-12-16 14:29:00,1910,1910,1910,1910,0
2021-12-16 14:30:00,1910,1910,1910,1910,0
2021-12-16 14:31:00,1910,1910,1910,1910,0
2021-12-16 14:32:00,1910,1910,1910,1910,0
2021-12-16 14:33:00,1910,1910,1910,1910,0
2021-12-16 14:34:00,1910,1910,1910,1910,0
2021-12-16 14:35:00,1910,1910,1910,1910,0
2021-12-16 14:36:00,1910,1910,1910,1910,0
2021-12-16 14:37:00,1910,1910,1910,1910,0
2021-12-16 14:38:00,1910,1910,1910,1910,0
2021-12-16 14:39:00,1910,1910,1910,1910,0
2021-12-16 14:40:00,1910,1910,1910,1910,0
2021-12-16 14:41:00,1910,1910,1910,1910,0
2021-12-16 14:42:00,1910,1910,1910,1910,0
2021-12-16 14:43:00,1910,1910,1910,1910,0
2021-12-16 14:44:00,1910,1910,1910,1910,0
2021-12-16 14:45:00,1910,1910,1910,1910,0
2021-12-16 14:46:00,1910,1910,1910,1910,0
2021-12-16 14:47:00,1910,1910,1910,1910,0
2021-12-16 14:48:00,1910,1910,1910,1910,0
2021-12-16 14:49:00,1910,1910,1910,1910,0
2021-12-16 14:50:00,1910,1910,1910,1910,0
2021-12-16 14:51:00,1910,1910,1910,1910,0
2021-12-16 14:52:00,1910,1910,1910,1910,0
2021-12-16 14:53:00,1910,1910,1910,1910,0
2021-12-16 14:54:00,1910,1910,1910,1910,0
2021-12-16 14:55:00,1910,1910,1910,1910,0
2021-12-16 14:56:00,1910,1910,1910,1910,0
2021-12-16 14:57:00,1910,1910,1910,1910,0
2021-12-16 14:58:00,1910,1910,1910,1910,0
2021-12-16 14:59:00,1910,1910,1910,1910,0
2021-12-16 15:00:00,2000,2000,2000,2000,2700
2021-12-16 15:01:00,2000,2000,2000,2000,0
2021-12-16 15:02:00,2000,2000,2000,2000,0
2021-12-16 15:03:00,2000,2000,2000,2000,0
2021-12-16 15:04:00,2000,2000,2000,2000,0
2021-12-16 15:05:00,2000,2000,2000,2000,0
2021-12-16 15:06:00,2000,2000,2000,2000,0
2021-12-16 15:07:00,2000,2000,2000,2000,0
2021-12-16 15:08:00,2000,2000,2000,2000,0
2021-12-16 15:09:00,2000,2000,2000,2000,0
2021-12-16 15:10:00,2000,2000,2000,2000,0
2021-12-16 15:11:00,2000,2000,2000,2000,0
2021-12-16 15:12:00,2000,2000,2000,2000,0
2021-12-16 15:13:00,2000,2000,2000,2000,0
2021-12-16 15:14:00,2000,2000,2000,2000,0
2021-12-16 15:15:00,2000,2000,2000,2000,0
2021-12-16 15:16:00,2000,2000,2000,2000,0
2021-12-16 15:17:00,2000,2000,2000,2000,0
2021-12-16 15:18:00,2000,2000,2000,2000,0
2021-12-16 15:19:00,2000,2000,2000,2000,0
2021-12-16 15:20:00,2000,2000,2000,2000,0
2021-12-16 15:21:00,2000,2000,2000,2000,0
2021-12-16 15:22:00,2000,2000,2000,2000,0
2021-12-16 15:23:00,2000,2000,2000,2000,0
2021-12-16 15:24:00,2000,2000,2000,2000,0
2021-12-16 15:25:00,2000,2000,2000,2000,0
2021-12-16 15:26:00,2000,2000,2000,2000,0
2021-12-16 15:27:00,2000,2000,2000,2000,0
2021-12-16 15:28:00,2000,2000,2000,2000,0
2021-12-16 15:29:00,2000,2000,2000,2000,0
2021-12-16 15:30:00,2000,2000,2000,2000,0
2021-12-16 15:31:00,2000,2000,2000,2000,0
2021-12-16 15:32:00,2000,2000,2000,2000,0
2021-12-16 15:33:00,2000,2000,2000,2000,0
2021-12-16 15:34:00,2000,2000,2000,2000,0
2021-12-16 15:35:00,2000,2000,2000,2000,0
2021-12-16 15:36:00,2000,2000,2000,2000,0
2021-12-16 15:37:00,2000,2000,2000,2000,0
2021-12-16 15:38:00,2000,2000,2000,2000,0
2021-12-16 15:39:00,2000,2000,2000,2000,0
2021-12-16 15:40:00,2000,2000,2000,2000,0
2021-12-16 15:41:00,2000,2000,2000,2000,0
2021-12-16 15:42:00,2000,2000,2000,2000,0
2021-12-16 15:43:00,2000,2000,2000,2000,0
2021-12-16 15:44:00,2000,2000,2000,2000,0
2021-12-16 15:45:00,2000,2000,2000,2000,0
2021-12-16 15:46:00,2000,2000,2000,2000,0
2021-12-16 15:47:00,2000,2000,2000,2000,0
2021-12-16 15:48:00,2000,2000,2000,2000,0
2021-12-16 15:49:00,2000,2000,2000,2000,0
2021-12-16 15:50:00,2000,2000,2000,2000,0
2021-12-16 15:51:00,2000,2000,2000,2000,0
2021-12-16 15:52:00,2000,2000,2000,2000,0
2021-12-16 15:53:00,2000,2000,2000,2000,0
2021-12-16 15:54:00,2000,2000,2000,2000,0
2021-12-16 15:55:00,2000,2000,2000,2000,0
2021-12-16 15:56:00,2000,2000,2000,2000,0
2021-12-16 15:57:00,2000,2000,2000,2000,0
2021-12-16 15:58:00,2000,2000,2000,2000,0
2021-12-16 15:59:00,2000,2000,2000,2000,0
2021-12-17 09:00:00,2000,2000,2000,2000,0
2021-12-17 09:01:00,1995,1995,1995,1995,100
2021-12-17 09:02:00,1995,1995,1995,1995,0
2021-12-17 09:03:00,1995,1995,1995,1995,0
2021-12-17 09:04:00,1995,1995,1995,1995,0
2021-12-17 09:05:00,1990,1990,1990,1990,100
2021-12-17 09:06:00,1990,1990,1990,1990,0
2021-12-17 09:07:00,1990,1990,1990,1990,0
2021-12-17 09:08:00,1990,1990,1990,1990,0
2021-12-17 09:09:00,1990,1990,1990,1990,0
2021-12-17 09:10:00,1990,1990,1990,1990,100
2021-12-17 09:11:00,1990,1990,1990,1990,0
2021-12-17 09:12:00,1990,1990,1990,1990,0
2021-12-17 09:13:00,1990,1990,1990,1990,0
2021-12-17 09:14:00,1990,1990,1990,1990,0
2021-12-17 09:15:00,1990,1990,1990,1990,0
2021-12-17 09:16:00,1990,1990,1990,1990,0
2021-12-17 09:17:00,1990,1990,1990,1990,0
2021-12-17 09:18:00,1990,1990,1990,1990,0
2021-12-17 09:19:00,1990,1990,1990,1990,0
2021-12-17 09:20:00,1990,1990,1990,1990,0
2021-12-17 09:21:00,1990,1990,1990,1990,0
2021-12-17 09:22:00,1990,1990,1990,1990,0
2021-12-17 09:23:00,1990,1990,1990,1990,0
2021-12-17 09:24:00,1990,1990,1990,1990,0
2021-12-17 09:25:00,1990,1990,1990,1990,0
2021-12-17 09:26:00,1990,1990,1990,1990,0
2021-12-17 09:27:00,1990,1990,1990,1990,0
2021-12-17 09:28:00,1990,1990,1990,1990,0
2021-12-17 09:29:00,1990,1990,1990,1990,0
2021-12-17 09:30:00,1990,1990,1990,1990,0
2021-12-17 09:31:00,1990,1990,1990,1990,0
2021-12-17 09:32:00,1990,1990,1990,1990,100
2021-12-17 09:33:00,1990,1990,1990,1990,0
2021-12-17 09:34:00,1990,1990,1990,1990,0
2021-12-17 09:35:00,1990,1990,1990,1990,0
2021-12-17 09:36:00,1990,1990,1990,1990,0
2021-12-17 09:37:00,1990,1990,1990,1990,100
2021-12-17 09:38:00,1990,1990,1990,1990,0
2021-12-17 09:39:00,1990,1990,1990,1990,0
2021-12-17 09:40:00,1990,1990,1990,1990,0
2021-12-17 09:41:00,1990,1990,1990,1990,0
2021-12-17 09:42:00,1990,1990,1990,1990,0
2021-12-17 09:43:00,1990,1990,1990,1990,0
2021-12-17 09:44:00,1990,1990,1990,1990,100
2021-12-17 09:45:00,1990,1990,1990,1990,0
2021-12-17 09:46:00,1990,1990,1990,1990,100
2021-12-17 09:47:00,1990,1990,1990,1990,0
2021-12-17 09:48:00,1990,1990,1990,1990,0
2021-12-17 09:49:00,1990,1990,1990,1990,0
2021-12-17 09:50:00,1990,1990,1990,1990,0
2021-12-17 09:51:00,1990,1990,1990,1990,0
2021-12-17 09:52:00,1990,1990,1990,1990,0
2021-12-17 09:53:00,1990,1990,1990,1990,0
2021-12-17 09:54:00,1990,1990,1990,1990,0
2021-12-17 09:55:00,1990,1990,1990,1990,0
2021-12-17 09:56:00,1990,1990,1990,1990,0
2021-12-17 09:57:00,1990,1990,1990,1990,0
2021-12-17 09:58:00,1990,1990,1990,1990,0
2021-12-17 09:59:00,1990,1990,1990,1990,0
2021-12-17 10:00:00,1990,1990,1990,1990,0
2021-12-17 10:01:00,1990,1990,1990,1990,0
2021-12-17 10:02:00,1990,1990,1990,1990,0
2021-12-17 10:03:00,1990,1990,1990,1990,0
2021-12-17 10:04:00,1990,1990,1990,1990,0
2021-12-17 10:05:00,1990,1990,1990,1990,0
2021-12-17 10:06:00,1990,1990,1990,1990,0
2021-12-17 10:07:00,1990,1990,1990,1990,0
2021-12-17 10:08:00,1990,1990,1990,1990,0
2021-12-17 10:09:00,1990,1990,1990,1990,0
2021-12-17 10:10:00,1990,1990,1990,1990,0
2021-12-17 10:11:00,1990,1990,1990,1990,0
2021-12-17 10:12:00,1990,1990,1990,1990,0
2021-12-17 10:13:00,1990,1990,1990,1990,0
2021-12-17 10:14:00,1990,1990,1990,1990,0
2021-12-17 10:15:00,1990,1990,1990,1990,0
2021-12-17 10:16:00,1990,1990,1990,1990,0
2021-12-17 10:17:00,1990,1990,1990,1990,0
2021-12-17 10:18:00,1990,1990,1990,1990,0
2021-12-17 10:19:00,1990,1990,1990,1990,0
2021-12-17 10:20:00,1990,1990,1990,1990,0
2021-12-17 10:21:00,1990,1990,1990,1990,0
2021-12-17 10:22:00,1990,1990,1990,1990,0
2021-12-17 10:23:00,1990,1990,1990,1990,0
2021-12-17 10:24:00,1990,1990,1990,1990,0
2021-12-17 10:25:00,1990,1990,1990,1990,0
2021-12-17 10:26:00,1990,1990,1990,1990,0
2021-12-17 10:27:00,1990,1990,1990,1990,0
2021-12-17 10:28:00,1990,1990,1990,1990,0
2021-12-17 10:29:00,1990,1990,1990,1990,0
2021-12-17 10:30:00,1990,1990,1990,1990,0
2021-12-17 10:31:00,1990,1990,1990,1990,0
2021-12-17 10:32:00,1990,1990,1990,1990,0
2021-12-17 10:33:00,1990,1990,1990,1990,0
2021-12-17 10:34:00,1990,1990,1990,1990,0
2021-12-17 10:35:00,1990,1990,1990,1990,0
2021-12-17 10:36:00,1990,1990,1990,1990,0
2021-12-17 10:37:00,1990,1990,1990,1990,0
2021-12-17 10:38:00,1990,1990,1990,1990,0
2021-12-17 10:39:00,1990,1990,1990,1990,0
2021-12-17 10:40:00,1990,1990,1990,1990,0
2021-12-17 10:41:00,1990,1990,1990,1990,0
2021-12-17 10:42:00,1990,1990,1990,1990,0
2021-12-17 10:43:00,1990,1990,1990,1990,0
2021-12-17 10:44:00,1990,1990,1990,1990,0
2021-12-17 10:45:00,1995,1995,1995,1995,100
2021-12-17 10:46:00,1995,1995,1995,1995,0
2021-12-17 10:47:00,1995,1995,1995,1995,0
2021-12-17 10:48:00,1995,1995,1995,1995,0
2021-12-17 10:49:00,1995,1995,1995,1995,0
2021-12-17 10:50:00,1995,1995,1995,1995,0
2021-12-17 10:51:00,1995,1995,1995,1995,0
2021-12-17 10:52:00,1995,1995,1995,1995,0
2021-12-17 10:53:00,1995,1995,1995,1995,0
2021-12-17 10:54:00,1995,1995,1995,1995,0
2021-12-17 10:55:00,1995,1995,1995,1995,0
2021-12-17 10:56:00,1995,1995,1995,1995,0
2021-12-17 10:57:00,1995,1995,1995,1995,0
2021-12-17 10:58:00,1995,1995,1995,1995,0
2021-12-17 10:59:00,1995,1995,1995,1995,0
2021-12-17 11:00:00,1995,1995,1995,1995,0
2021-12-17 11:01:00,1995,1995,1995,1995,0
2021-12-17 11:02:00,1995,1995,1995,1995,0
2021-12-17 11:03:00,1995,1995,1995,1995,0
2021-12-17 11:04:00,1995,1995,1995,1995,0
2021-12-17 11:05:00,1995,1995,1995,1995,0
2021-12-17 11:06:00,1995,1995,1995,1995,0
2021-12-17 11:07:00,1995,1995,1995,1995,0
2021-12-17 11:08:00,1995,1995,1995,1995,200
2021-12-17 11:09:00,1995,1995,1995,1995,0
2021-12-17 11:10:00,1995,1995,1995,1995,0
2021-12-17 11:11:00,1995,1995,1995,1995,0
2021-12-17 11:12:00,1990,1990,1990,1990,100
2021-12-17 11:13:00,1990,1990,1990,1990,0
2021-12-17 11:14:00,1990,1990,1990,1990,0
2021-12-17 11:15:00,1990,1990,1990,1990,0
2021-12-17 11:16:00,1990,1990,1990,1990,0
2021-12-17 11:17:00,1990,1990,1990,1990,0
2021-12-17 11:18:00,1990,1990,1990,1990,0
2021-12-17 11:19:00,1990,1990,1990,1990,0
2021-12-17 11:20:00,1990,1990,1990,1990,0
2021-12-17 11:21:00,1990,1990,1990,1990,0
2021-12-17 11:22:00,1990,1990,1990,1990,0
2021-12-17 11:23:00,1990,1990,1990,1990,100
2021-12-17 11:24:00,1990,1990,1990,1990,0
2021-12-17 11:25:00,1990,1990,1990,1990,0
2021-12-17 11:26:00,1990,1990,1990,1990,0
2021-12-17 11:27:00,1990,1990,1990,1990,0
2021-12-17 11:28:00,1990,1990,1990,1990,0
2021-12-17 11:29:00,1990,1990,1990,1990,0
2021-12-17 11:30:00,1990,1990,1990,1990,0
2021-12-17 11:31:00,1990,1990,1990,1990,0
2021-12-17 11:32:00,1990,1990,1990,1990,0
2021-12-17 11:33:00,1990,1990,1990,1990,0
2021-12-17 11:34:00,1990,1990,1990,1990,0
2021-12-17 11:35:00,1990,1990,1990,1990,0
2021-12-17 11:36:00,1990,1990,1990,1990,0
2021-12-17 11:37:00,1990,1990,1990,1990,0
2021-12-17 11:38:00,1990,1990,1990,1990,0
2021-12-17 11:39:00,1990,1990,1990,1990,0
2021-12-17 11:40:00,1990,1990,1990,1990,0
2021-12-17 11:41:00,1990,1990,1990,1990,0
2021-12-17 11:42:00,1990,1990,1990,1990,0
2021-12-17 11:43:00,1990,1990,1990,1990,0
2021-12-17 11:44:00,1990,1990,1990,1990,0
2021-12-17 11:45:00,1990,1990,1990,1990,0
2021-12-17 11:46:00,1990,1990,1990,1990,0
2021-12-17 11:47:00,1990,1990,1990,1990,0
2021-12-17 11:48:00,1990,1990,1990,1990,0
2021-12-17 11:49:00,1990,1990,1990,1990,0
2021-12-17 11:50:00,1990,1990,1990,1990,0
2021-12-17 11:51:00,1990,1990,1990,1990,0
2021-12-17 11:52:00,1990,1990,1990,1990,0
2021-12-17 11:53:00,1990,1990,1990,1990,0
2021-12-17 11:54:00,1990,1990,1990,1990,0
2021-12-17 11:55:00,1990,1990,1990,1990,0
2021-12-17 11:56:00,1990,1990,1990,1990,0
2021-12-17 11:57:00,1990,1990,1990,1990,0
2021-12-17 11:58:00,1990,1990,1990,1990,0
2021-12-17 11:59:00,1990,1990,1990,1990,0
2021-12-17 12:00:00,1990,1990,1990,1990,0
2021-12-17 12:01:00,1990,1990,1990,1990,0
2021-12-17 12:02:00,1990,1990,1990,1990,0
2021-12-17 12:03:00,1990,1990,1990,1990,0
2021-12-17 12:04:00,1990,1990,1990,1990,0
2021-12-17 12:05:00,1990,1990,1990,1990,0
2021-12-17 12:06:00,1990,1990,1990,1990,0
2021-12-17 12:07:00,1990,1990,1990,1990,0
2021-12-17 12:08:00,1990,1990,1990,1990,0
2021-12-17 12:09:00,1990,1990,1990,1990,0
2021-12-17 12:10:00,1990,1990,1990,1990,0
2021-12-17 12:11:00,1990,1990,1990,1990,0
2021-12-17 12:12:00,1990,1990,1990,1990,0
2021-12-17 12:13:00,1990,1990,1990,1990,0
2021-12-17 12:14:00,1990,1990,1990,1990,0
2021-12-17 12:15:00,1990,1990,1990,1990,0
2021-12-17 12:16:00,1990,1990,1990,1990,0
2021-12-17 12:17:00,1990,1990,1990,1990,0
2021-12-17 12:18:00,1990,1990,1990,1990,0
2021-12-17 12:19:00,1990,1990,1990,1990,0
2021-12-17 12:20:00,1990,1990,1990,1990,0
2021-12-17 12:21:00,1990,1990,1990,1990,0
2021-12-17 12:22:00,1990,1990,1990,1990,0
2021-12-17 12:23:00,1990,1990,1990,1990,0
2021-12-17 12:24:00,1990,1990,1990,1990,0
2021-12-17 12:25:00,1990,1990,1990,1990,0
2021-12-17 12:26:00,1990,1990,1990,1990,0
2021-12-17 12:27:00,1990,1990,1990,1990,0
2021-12-17 12:28:00,1990,1990,1990,1990,0
2021-12-17 12:29:00,1990,1990,1990,1990,0
2021-12-17 12:30:00,1990,1990,1990,1990,0
2021-12-17 12:31:00,1990,1990,1990,1990,0
2021-12-17 12:32:00,1990,1990,1990,1990,0
2021-12-17 12:33:00,1990,1990,1990,1990,0
2021-12-17 12:34:00,1990,1990,1990,1990,0
2021-12-17 12:35:00,1990,1990,1990,1990,0
2021-12-17 12:36:00,1990,1990,1990,1990,0
2021-12-17 12:37:00,1990,1990,1990,1990,0
2021-12-17 12:38:00,1990,1990,1990,1990,0
2021-12-17 12:39:00,1990,1990,1990,1990,0
2021-12-17 12:40:00,1990,1990,1990,1990,0
2021-12-17 12:41:00,1990,1990,1990,1990,0
2021-12-17 12:42:00,1990,1990,1990,1990,0
2021-12-17 12:43:00,1990,1990,1990,1990,0
2021-12-17 12:44:00,1990,1990,1990,1990,0
2021-12-17 12:45:00,1990,1990,1990,1990,0
2021-12-17 12:46:00,1990,1990,1990,1990,0
2021-12-17 12:47:00,1990,1990,1990,1990,0
2021-12-17 12:48:00,1990,1990,1990,1990,0
2021-12-17 12:49:00,1990,1990,1990,1990,0
2021-12-17 12:50:00,1990,1990,1990,1990,0
2021-12-17 12:51:00,1990,1990,1990,1990,0
2021-12-17 12:52:00,1990,1990,1990,1990,0
2021-12-17 12:53:00,1990,1990,1990,1990,0
2021-12-17 12:54:00,1990,1990,1990,1990,0
2021-12-17 12:55:00,1990,1990,1990,1990,0
2021-12-17 12:56:00,1990,1990,1990,1990,0
2021-12-17 12:57:00,1990,1990,1990,1990,0
2021-12-17 12:58:00,1990,1990,1990,1990,0
2021-12-17 12:59:00,1990,1990,1990,1990,0
2021-12-17 13:00:00,1990,1990,1990,1990,0
2021-12-17 13:01:00,1990,1990,1990,1990,0
2021-12-17 13:02:00,1990,1990,1990,1990,0
2021-12-17 13:03:00,1990,1990,1990,1990,0
2021-12-17 13:04:00,1990,1990,1990,1990,0
2021-12-17 13:05:00,1990,1990,1990,1990,0
2021-12-17 13:06:00,1990,1990,1990,1990,0
2021-12-17 13:07:00,1990,1990,1990,1990,0
2021-12-17 13:08:00,1990,1990,1990,1990,0
2021-12-17 13:09:00,1990,1990,1990,1990,0
2021-12-17 13:10:00,1990,1990,1990,1990,0
2021-12-17 13:11:00,1990,1990,1990,1990,0
2021-12-17 13:12:00,1990,1990,1990,1990,0
2021-12-17 13:13:00,1990,1990,1990,1990,0
2021-12-17 13:14:00,1990,1990,1990,1990,0
2021-12-17 13:15:00,1990,1990,1990,1990,0
2021-12-17 13:16:00,1990,1990,1990,1990,0
2021-12-17 13:17:00,1990,1990,1990,1990,0
2021-12-17 13:18:00,1990,1990,1990,1990,0
2021-12-17 13:19:00,1990,1990,1990,1990,0
2021-12-17 13:20:00,1990,1990,1990,1990,0
2021-12-17 13:21:00,1990,1990,1990,1990,0
2021-12-17 13:22:00,1990,1990,1990,1990,0
2021-12-17 13:23:00,1990,1990,1990,1990,0
2021-12-17 13:24:00,1990,1990,1990,1990,0
2021-12-17 13:25:00,1990,1990,1990,1990,0
2021-12-17 13:26:00,1990,1990,1990,1990,0
2021-12-17 13:27:00,1990,1990,1990,1990,0
2021-12-17 13:28:00,1990,1990,1990,1990,0
2021-12-17 13:29:00,1990,1990,1990,1990,0
2021-12-17 13:30:00,1990,1990,2000,2000,200
2021-12-17 13:31:00,1990,1990,2000,2000,0
2021-12-17 13:32:00,1990,1990,2000,2000,0
2021-12-17 13:33:00,1990,1990,2000,2000,0
2021-12-17 13:34:00,1990,1990,2000,2000,0
2021-12-17 13:35:00,2000,2000,2000,2000,100
2021-12-17 13:36:00,2000,2000,2000,2000,0
2021-12-17 13:37:00,2000,2000,2000,2000,0
2021-12-17 13:38:00,1990,1990,1990,1990,100
2021-12-17 13:39:00,1990,1990,1990,1990,0
2021-12-17 13:40:00,1990,1990,1990,1990,0
2021-12-17 13:41:00,1990,1990,1990,1990,0
2021-12-17 13:42:00,1990,1990,1990,1990,0
2021-12-17 13:43:00,1990,1990,1990,1990,0
2021-12-17 13:44:00,1990,1990,1990,1990,0
2021-12-17 13:45:00,1990,1990,1990,1990,0
2021-12-17 13:46:00,1990,1990,1990,1990,0
2021-12-17 13:47:00,1990,1990,1990,1990,0
2021-12-17 13:48:00,1990,1990,1990,1990,0
2021-12-17 13:49:00,2000,2000,2000,2000,100
2021-12-17 13:50:00,2000,2000,2000,2000,100
2021-12-17 13:51:00,2000,1995,2000,1995,300
2021-12-17 13:52:00,2000,1995,2000,1995,0
2021-12-17 13:53:00,2000,1995,2000,1995,0
2021-12-17 13:54:00,2000,1995,2000,1995,0
2021-12-17 13:55:00,2000,1995,2000,1995,0
2021-12-17 13:56:00,2000,2000,2000,2000,100
2021-12-17 13:57:00,2000,2000,2000,2000,0
2021-12-17 13:58:00,2000,2000,2000,2000,0
2021-12-17 13:59:00,2000,2000,2000,2000,0
2021-12-17 14:00:00,2000,2000,2000,2000,0
2021-12-17 14:01:00,2000,2000,2000,2000,0
2021-12-17 14:02:00,2000,2000,2000,2000,200
2021-12-17 14:03:00,2000,2000,2000,2000,0
2021-12-17 14:04:00,2000,2000,2000,2000,200
2021-12-17 14:05:00,2000,2000,2000,2000,0
2021-12-17 14:06:00,2000,2000,2000,2000,200
2021-12-17 14:07:00,2000,2000,2000,2000,100
2021-12-17 14:08:00,2000,2000,2000,2000,100
2021-12-17 14:09:00,2000,2000,2000,2000,100
2021-12-17 14:10:00,2000,2000,2000,2000,100
2021-12-17 14:11:00,2000,2000,2000,2000,100
2021-12-17 14:12:00,2000,2000,2000,2000,200
2021-12-17 14:13:00,2000,1990,2000,1990,300
2021-12-17 14:14:00,2000,1990,2000,1990,0
2021-12-17 14:15:00,2000,1990,2000,1990,0
2021-12-17 14:16:00,2000,1990,2000,1990,0
2021-12-17 14:17:00,2000,1990,2000,1990,0
2021-12-17 14:18:00,2000,2000,2000,2000,100
2021-12-17 14:19:00,2000,2000,2000,2000,0
2021-12-17 14:20:00,2000,2000,2000,2000,0
2021-12-17 14:21:00,2000,2000,2000,2000,200
2021-12-17 14:22:00,2000,2000,2000,2000,0
2021-12-17 14:23:00,2000,2000,2000,2000,0
2021-12-17 14:24:00,2000,2000,2000,2000,0
2021-12-17 14:25:00,2000,2000,2000,2000,0
2021-12-17 14:26:00,2000,2000,2000,2000,0
2021-12-17 14:27:00,2000,2000,2000,2000,0
2021-12-17 14:28:00,2000,2000,2000,2000,0
2021-12-17 14:29:00,2000,2000,2000,2000,0
2021-12-17 14:30:00,2000,2000,2000,2000,0
2021-12-17 14:31:00,2000,2000,2000,2000,0
2021-12-17 14:32:00,2000,2000,2000,2000,0
2021-12-17 14:33:00,2000,2000,2000,2000,0
2021-12-17 14:34:00,2000,2000,2000,2000,0
2021-12-17 14:35:00,2000,2000,2000,2000,0
2021-12-17 14:36:00,2000,2000,2000,2000,0
2021-12-17 14:37:00,2000,2000,2000,2000,0
2021-12-17 14:38:00,2000,2000,2000,2000,0
2021-12-17 14:39:00,2000,2000,2000,2000,0
2021-12-17 14:40:00,2000,2000,2000,2000,100
2021-12-17 14:41:00,2000,2000,2000,2000,200
2021-12-17 14:42:00,2000,2000,2000,2000,0
2021-12-17 14:43:00,2000,2000,2000,2000,0
2021-12-17 14:44:00,2000,2000,2000,2000,0
2021-12-17 14:45:00,2000,2000,2000,2000,0
2021-12-17 14:46:00,2000,2000,2000,2000,0
2021-12-17 14:47:00,2000,2000,2000,2000,0
2021-12-17 14:48:00,2010,2010,2010,2010,100
2021-12-17 14:49:00,2010,2010,2010,2010,0
2021-12-17 14:50:00,2010,2010,2010,2010,0
2021-12-17 14:51:00,2010,2010,2010,2010,0
2021-12-17 14:52:00,2010,2010,2010,2010,0
2021-12-17 14:53:00,2010,2010,2010,2010,0
2021-12-17 14:54:00,2010,2010,2010,2010,0
2021-12-17 14:55:00,2010,2010,2010,2010,0
2021-12-17 14:56:00,2010,2010,2010,2010,0
2021-12-17 14:57:00,2010,2010,2010,2010,0
2021-12-17 14:58:00,2010,2010,2010,2010,0
2021-12-17 14:59:00,2010,2010,2010,2010,0
2021-12-17 15:00:00,2010,2010,2010,2010,0
2021-12-17 15:01:00,2010,2010,2010,2010,0
2021-12-17 15:02:00,2010,2010,2010,2010,0
2021-12-17 15:03:00,2010,2010,2010,2010,0
2021-12-17 15:04:00,2010,2010,2010,2010,0
2021-12-17 15:05:00,2010,2010,2010,2010,0
2021-12-17 15:06:00,2010,2010,2010,2010,0
2021-12-17 15:07:00,2010,2010,2010,2010,0
2021-12-17 15:08:00,2010,2010,2010,2010,0
2021-12-17 15:09:00,2010,2010,2010,2010,0
2021-12-17 15:10:00,2010,2010,2010,2010,100
2021-12-17 15:11:00,2010,2010,2010,2010,100
2021-12-17 15:12:00,2010,2010,2010,2010,0
2021-12-17 15:13:00,2010,2010,2010,2010,0
2021-12-17 15:14:00,2010,2010,2010,2010,0
2021-12-17 15:15:00,2010,2010,2010,2010,0
2021-12-17 15:16:00,2010,2010,2010,2010,0
2021-12-17 15:17:00,2010,2010,2010,2010,0
2021-12-17 15:18:00,2010,2010,2010,2010,0
2021-12-17 15:19:00,2010,2010,2010,2010,0
2021-12-17 15:20:00,2010,2010,2010,2010,0
2021-12-17 15:21:00,2010,2010,2010,2010,0
2021-12-17 15:22:00,2010,2010,2010,2010,0
2021-12-17 15:23:00,2010,2010,2010,2010,0
2021-12-17 15:24:00,2010,2010,2010,2010,0
2021-12-17 15:25:00,2010,2010,2010,2010,0
2021-12-17 15:26:00,2010,2010,2010,2010,0
2021-12-17 15:27:00,2010,2010,2010,2010,0
2021-12-17 15:28:00,2010,2010,2010,2010,0
2021-12-17 15:29:00,2010,2010,2010,2010,0
2021-12-17 15:30:00,2010,2010,2010,2010,0
2021-12-17 15:31:00,2010,2010,2010,2010,0
2021-12-17 15:32:00,2010,2010,2010,2010,0
2021-12-17 15:33:00,2010,2010,2010,2010,0
2021-12-17 15:34:00,2010,2010,2010,2010,0
2021-12-17 15:35:00,2010,2010,2010,2010,0
2021-12-17 15:36:00,2010,2010,2010,2010,0
2021-12-17 15:37:00,2010,2010,2010,2010,0
2021-12-17 15:38:00,2010,2010,2010,2010,0
2021-12-17 15:39:00,2010,2010,2010,2010,0
2021-12-17 15:40:00,2010,2010,2010,2010,0
2021-12-17 15:41:00,2010,2010,2010,2010,0
2021-12-17 15:42:00,2010,2010,2010,2010,0
2021-12-17 15:43:00,2010,2010,2010,2010,0
2021-12-17 15:44:00,2010,2010,2010,2010,0
2021-12-17 15:45:00,2010,2010,2010,2010,0
2021-12-17 15:46:00,2010,2010,2010,2010,0
2021-12-17 15:47:00,2010,2010,2010,2010,0
2021-12-17 15:48:00,2010,2010,2010,2010,0
2021-12-17 15:49:00,2010,2010,2010,2010,0
2021-12-17 15:50:00,2010,2010,2010,2010,0
2021-12-17 15:51:00,2010,2010,2010,2010,0
2021-12-17 15:52:00,2010,2010,2010,2010,0
2021-12-17 15:53:00,2010,2010,2010,2010,0
2021-12-17 15:54:00,2010,2010,2010,2010,0
2021-12-17 15:55:00,2010,2010,2010,2010,0
2021-12-17 15:56:00,2010,2010,2010,2010,0
2021-12-17 15:57:00,2010,2010,2010,2010,0
2021-12-17 15:58:00,2010,2010,2010,2010,0
2021-12-17 15:59:00,2010,2010,2010,2010,0
2021-12-20 09:00:00,2010,2010,2010,2010,0
2021-12-20 09:01:00,2010,2010,2010,2010,0
2021-12-20 09:02:00,2010,2010,2010,2010,0
2021-12-20 09:03:00,2000,2000,2000,2000,100
2021-12-20 09:04:00,2000,2000,2000,2000,100
2021-12-20 09:05:00,2000,2000,2000,2000,100
2021-12-20 09:06:00,1995,1995,1995,1995,100
2021-12-20 09:07:00,1995,1995,1995,1995,0
2021-12-20 09:08:00,1995,1995,1995,1995,300
2021-12-20 09:09:00,1995,1985,1995,1985,300
2021-12-20 09:10:00,1995,1985,1995,1985,0
2021-12-20 09:11:00,1995,1985,1995,1985,0
2021-12-20 09:12:00,1995,1985,1995,1985,0
2021-12-20 09:13:00,1995,1985,1995,1985,0
2021-12-20 09:14:00,1995,1985,1995,1985,0
2021-12-20 09:15:00,1985,1985,1985,1985,100
2021-12-20 09:16:00,1985,1985,1985,1985,0
2021-12-20 09:17:00,1985,1985,1985,1985,0
2021-12-20 09:18:00,1985,1985,1985,1985,0
2021-12-20 09:19:00,1985,1985,1985,1985,100
2021-12-20 09:20:00,1985,1985,1985,1985,0
2021-12-20 09:21:00,1985,1985,1985,1985,0
2021-12-20 09:22:00,1985,1985,1985,1985,0
2021-12-20 09:23:00,1985,1985,1985,1985,0
2021-12-20 09:24:00,1985,1985,1985,1985,0
2021-12-20 09:25:00,1985,1985,1985,1985,0
2021-12-20 09:26:00,1985,1985,1985,1985,0
2021-12-20 09:27:00,1985,1985,1985,1985,0
2021-12-20 09:28:00,1985,1985,1985,1985,0
2021-12-20 09:29:00,1985,1985,1985,1985,0
2021-12-20 09:30:00,1985,1985,1985,1985,100
2021-12-20 09:31:00,1985,1985,1985,1985,0
2021-12-20 09:32:00,1985,1985,1985,1985,0
2021-12-20 09:33:00,1985,1985,1985,1985,0
2021-12-20 09:34:00,1985,1985,1985,1985,0
2021-12-20 09:35:00,1985,1985,1985,1985,0
2021-12-20 09:36:00,1985,1985,1985,1985,0
2021-12-20 09:37:00,1985,1985,1985,1985,0
2021-12-20 09:38:00,1985,1985,1985,1985,0
2021-12-20 09:39:00,1985,1985,1985,1985,0
2021-12-20 09:40:00,1985,1985,1985,1985,0
2021-12-20 09:41:00,1985,1985,1985,1985,0
2021-12-20 09:42:00,1985,1985,1985,1985,0
2021-12-20 09:43:00,1985,1985,1985,1985,0
2021-12-20 09:44:00,1985,1985,1985,1985,0
2021-12-20 09:45:00,1985,1985,1985,1985,0
2021-12-20 09:46:00,1985,1985,1985,1985,0
2021-12-20 09:47:00,1985,1985,1985,1985,400
2021-12-20 09:48:00,1985,1985,1985,1985,0
2021-12-20 09:49:00,1985,1985,1985,1985,0
2021-12-20 09:50:00,1985,1985,1985,1985,0
2021-12-20 09:51:00,1985,1985,1985,1985,0
2021-12-20 09:52:00,1985,1985,1985,1985,0
2021-12-20 09:53:00,1990,1990,1990,1990,200
2021-12-20 09:54:00,1990,1990,1990,1990,0
2021-12-20 09:55:00,1990,1990,1990,1990,0
2021-12-20 09:56:00,1990,1990,1990,1990,0
2021-12-20 09:57:00,1990,1990,1990,1990,0
2021-12-20 09:58:00,1990,1990,1990,1990,0
2021-12-20 09:59:00,1990,1990,1990,1990,0
2021-12-20 10:00:00,1990,1990,1990,1990,0
2021-12-20 10:01:00,1990,1990,1990,1990,0
2021-12-20 10:02:00,1990,1990,1990,1990,0
2021-12-20 10:03:00,1990,1990,1990,1990,0
2021-12-20 10:04:00,1990,1990,1990,1990,0
2021-12-20 10:05:00,1990,1990,1990,1990,0
2021-12-20 10:06:00,1990,1990,1990,1990,0
2021-12-20 10:07:00,1990,1990,1990,1990,0
2021-12-20 10:08:00,1990,1990,1990,1990,0
2021-12-20 10:09:00,1990,1990,1990,1990,0
2021-12-20 10:10:00,1990,1990,1990,1990,0
2021-12-20 10:11:00,1990,1990,1990,1990,0
2021-12-20 10:12:00,1990,1990,1990,1990,0
2021-12-20 10:13:00,1990,1990,1990,1990,0
2021-12-20 10:14:00,1990,1990,1990,1990,0
2021-12-20 10:15:00,1990,1990,1990,1990,0
2021-12-20 10:16:00,1990,1990,1990,1990,0
2021-12-20 10:17:00,1990,1990,1990,1990,0
2021-12-20 10:18:00,1990,1990,1990,1990,0
2021-12-20 10:19:00,1990,1990,1990,1990,0
2021-12-20 10:20:00,1990,1990,1990,1990,0
2021-12-20 10:21:00,1990,1990,1990,1990,0
2021-12-20 10:22:00,1990,1990,1990,1990,1000
2021-12-20 10:23:00,1990,1990,1990,1990,0
2021-12-20 10:24:00,1990,1990,1990,1990,0
2021-12-20 10:25:00,1990,1990,1990,1990,0
2021-12-20 10:26:00,1990,1990,1990,1990,100
2021-12-20 10:27:00,1990,1990,1990,1990,100
2021-12-20 10:28:00,1990,1990,1990,1990,0
2021-12-20 10:29:00,1990,1990,1990,1990,0
2021-12-20 10:30:00,1990,1990,1990,1990,0
2021-12-20 10:31:00,1990,1990,1990,1990,0
2021-12-20 10:32:00,1990,1990,1990,1990,0
2021-12-20 10:33:00,1990,1990,1990,1990,0
2021-12-20 10:34:00,1990,1990,1990,1990,0
2021-12-20 10:35:00,1990,1990,1990,1990,0
2021-12-20 10:36:00,1990,1990,1990,1990,0
2021-12-20 10:37:00,1990,1990,1990,1990,0
2021-12-20 10:38:00,1990,1990,1990,1990,0
2021-12-20 10:39:00,1990,1990,1990,1990,0
2021-12-20 10:40:00,1990,1990,1990,1990,0
2021-12-20 10:41:00,1990,1990,1990,1990,0
2021-12-20 10:42:00,1990,1990,1990,1990,0
2021-12-20 10:43:00,1990,1990,1990,1990,0
2021-12-20 10:44:00,1990,1990,1990,1990,0
2021-12-20 10:45:00,1990,1990,1990,1990,0
2021-12-20 10:46:00,1990,1990,1990,1990,0
2021-12-20 10:47:00,1990,1990,1990,1990,0
2021-12-20 10:48:00,1990,1990,1990,1990,0
2021-12-20 10:49:00,1990,1990,1990,1990,0
2021-12-20 10:50:00,1990,1990,1990,1990,0
2021-12-20 10:51:00,1990,1990,1990,1990,0
2021-12-20 10:52:00,1990,1990,1990,1990,0
2021-12-20 10:53:00,1990,1990,1990,1990,0
2021-12-20 10:54:00,1990,1990,1990,1990,0
2021-12-20 10:55:00,1990,1990,1990,1990,0
2021-12-20 10:56:00,1990,1990,1990,1990,0
2021-12-20 10:57:00,1990,1990,1990,1990,0
2021-12-20 10:58:00,1990,1990,1990,1990,0
2021-12-20 10:59:00,1990,1990,1990,1990,0
2021-12-20 11:00:00,1990,1990,1990,1990,0
2021-12-20 11:01:00,1990,1990,1990,1990,100
2021-12-20 11:02:00,1990,1990,1990,1990,0
2021-12-20 11:03:00,1990,1990,1990,1990,0
2021-12-20 11:04:00,1990,1990,1990,1990,0
2021-12-20 11:05:00,1990,1990,1990,1990,100
2021-12-20 11:06:00,1990,1990,1990,1990,0
2021-12-20 11:07:00,1980,1980,1980,1980,100
2021-12-20 11:08:00,1980,1980,1980,1980,0
2021-12-20 11:09:00,1980,1980,1980,1980,100
2021-12-20 11:10:00,1980,1980,1980,1980,100
2021-12-20 11:11:00,1980,1980,1980,1980,0
2021-12-20 11:12:00,1980,1980,1980,1980,0
2021-12-20 11:13:00,1980,1980,1980,1980,0
2021-12-20 11:14:00,1980,1980,1980,1980,0
2021-12-20 11:15:00,1980,1980,1980,1980,0
2021-12-20 11:16:00,1980,1980,1980,1980,0
2021-12-20 11:17:00,1980,1980,1980,1980,0
2021-12-20 11:18:00,1980,1980,1980,1980,0
2021-12-20 11:19:00,1980,1980,1980,1980,0
2021-12-20 11:20:00,1980,1980,1980,1980,0
2021-12-20 11:21:00,1980,1980,1980,1980,0
2021-12-20 11:22:00,1980,1980,1980,1980,0
2021-12-20 11:23:00,1980,1980,1980,1980,0
2021-12-20 11:24:00,1980,1980,1980,1980,0
2021-12-20 11:25:00,1980,1980,1980,1980,0
2021-12-20 11:26:00,1980,1980,1980,1980,0
2021-12-20 11:27:00,1980,1980,1980,1980,0
2021-12-20 11:28:00,1980,1980,1980,1980,0
2021-12-20 11:29:00,1980,1980,1980,1980,0
2021-12-20 11:30:00,1980,1980,1980,1980,0
2021-12-20 11:31:00,1980,1980,1980,1980,0
2021-12-20 11:32:00,1980,1980,1980,1980,0
2021-12-20 11:33:00,1980,1980,1980,1980,0
2021-12-20 11:34:00,1980,1980,1980,1980,0
2021-12-20 11:35:00,1980,1980,1980,1980,0
2021-12-20 11:36:00,1980,1980,1980,1980,0
2021-12-20 11:37:00,1980,1980,1980,1980,0
2021-12-20 11:38:00,1980,1980,1980,1980,0
2021-12-20 11:39:00,1980,1980,1980,1980,0
2021-12-20 11:40:00,1980,1980,1980,1980,0
2021-12-20 11:41:00,1980,1980,1980,1980,0
2021-12-20 11:42:00,1980,1980,1980,1980,0
2021-12-20 11:43:00,1980,1980,1980,1980,0
2021-12-20 11:44:00,1980,1980,1980,1980,0
2021-12-20 11:45:00,1980,1980,1980,1980,0
2021-12-20 11:46:00,1980,1980,1980,1980,0
2021-12-20 11:47:00,1980,1980,1980,1980,0
2021-12-20 11:48:00,1980,1980,1980,1980,0
2021-12-20 11:49:00,1980,1980,1980,1980,0
2021-12-20 11:50:00,1980,1980,1980,1980,0
2021-12-20 11:51:00,1980,1980,1980,1980,0
2021-12-20 11:52:00,1980,1980,1980,1980,0
2021-12-20 11:53:00,1980,1980,1980,1980,0
2021-12-20 11:54:00,1980,1980,1980,1980,0
2021-12-20 11:55:00,1980,1980,1980,1980,0
2021-12-20 11:56:00,1980,1980,1980,1980,0
2021-12-20 11:57:00,1980,1980,1980,1980,0
2021-12-20 11:58:00,1980,1980,1980,1980,0
2021-12-20 11:59:00,1980,1980,1980,1980,0
2021-12-20 12:00:00,1980,1980,1980,1980,0
2021-12-20 12:01:00,1980,1980,1980,1980,0
2021-12-20 12:02:00,1980,1980,1980,1980,0
2021-12-20 12:03:00,1980,1980,1980,1980,0
2021-12-20 12:04:00,1980,1980,1980,1980,0
2021-12-20 12:05:00,1980,1980,1980,1980,0
2021-12-20 12:06:00,1980,1980,1980,1980,0
2021-12-20 12:07:00,1980,1980,1980,1980,0
2021-12-20 12:08:00,1980,1980,1980,1980,0
2021-12-20 12:09:00,1980,1980,1980,1980,0
2021-12-20 12:10:00,1980,1980,1980,1980,0
2021-12-20 12:11:00,1980,1980,1980,1980,0
2021-12-20 12:12:00,1980,1980,1980,1980,0
2021-12-20 12:13:00,1980,1980,1980,1980,0
2021-12-20 12:14:00,1980,1980,1980,1980,0
2021-12-20 12:15:00,1980,1980,1980,1980,0
2021-12-20 12:16:00,1980,1980,1980,1980,0
2021-12-20 12:17:00,1980,1980,1980,1980,0
2021-12-20 12:18:00,1980,1980,1980,1980,0
2021-12-20 12:19:00,1980,1980,1980,1980,0
2021-12-20 12:20:00,1980,1980,1980,1980,0
2021-12-20 12:21:00,1980,1980,1980,1980,0
2021-12-20 12:22:00,1980,1980,1980,1980,0
2021-12-20 12:23:00,1980,1980,1980,1980,0
2021-12-20 12:24:00,1980,1980,1980,1980,0
2021-12-20 12:25:00,1980,1980,1980,1980,0
2021-12-20 12:26:00,1980,1980,1980,1980,0
2021-12-20 12:27:00,1980,1980,1980,1980,0
2021-12-20 12:28:00,1980,1980,1980,1980,0
2021-12-20 12:29:00,1980,1980,1980,1980,0
2021-12-20 12:30:00,1980,1980,1980,1980,0
2021-12-20 12:31:00,1980,1980,1980,1980,0
2021-12-20 12:32:00,1980,1980,1980,1980,0
2021-12-20 12:33:00,1980,1980,1980,1980,0
2021-12-20 12:34:00,1980,1980,1980,1980,0
2021-12-20 12:35:00,1980,1980,1980,1980,0
2021-12-20 12:36:00,1980,1980,1980,1980,0
2021-12-20 12:37:00,1980,1980,1980,1980,0
2021-12-20 12:38:00,1980,1980,1980,1980,0
2021-12-20 12:39:00,1980,1980,1980,1980,0
2021-12-20 12:40:00,1980,1980,1980,1980,0
2021-12-20 12:41:00,1980,1980,1980,1980,0
2021-12-20 12:42:00,1980,1980,1980,1980,0
2021-12-20 12:43:00,1980,1980,1980,1980,0
2021-12-20 12:44:00,1980,1980,1980,1980,0
2021-12-20 12:45:00,1980,1980,1980,1980,0
2021-12-20 12:46:00,1980,1980,1980,1980,0
2021-12-20 12:47:00,1980,1980,1980,1980,0
2021-12-20 12:48:00,1980,1980,1980,1980,0
2021-12-20 12:49:00,1980,1980,1980,1980,0
2021-12-20 12:50:00,1980,1980,1980,1980,0
2021-12-20 12:51:00,1980,1980,1980,1980,0
2021-12-20 12:52:00,1980,1980,1980,1980,0
2021-12-20 12:53:00,1980,1980,1980,1980,0
2021-12-20 12:54:00,1980,1980,1980,1980,0
2021-12-20 12:55:00,1980,1980,1980,1980,0
2021-12-20 12:56:00,1980,1980,1980,1980,0
2021-12-20 12:57:00,1980,1980,1980,1980,0
2021-12-20 12:58:00,1980,1980,1980,1980,0
2021-12-20 12:59:00,1980,1980,1980,1980,0
2021-12-20 13:00:00,1980,1980,1980,1980,0
2021-12-20 13:01:00,1980,1980,1980,1980,0
2021-12-20 13:02:00,1980,1980,1980,1980,0
2021-12-20 13:03:00,1980,1980,1980,1980,0
2021-12-20 13:04:00,1980,1980,1980,1980,0
2021-12-20 13:05:00,1980,1980,1980,1980,0
2021-12-20 13:06:00,1980,1980,1980,1980,0
2021-12-20 13:07:00,1980,1980,1980,1980,0
2021-12-20 13:08:00,1980,1980,1980,1980,0
2021-12-20 13:09:00,1980,1980,1980,1980,0
2021-12-20 13:10:00,1980,1980,1980,1980,0
2021-12-20 13:11:00,1980,1980,1980,1980,0
2021-12-20 13:12:00,1980,1980,1980,1980,0
2021-12-20 13:13:00,1980,1980,1980,1980,0
2021-12-20 13:14:00,1980,1980,1980,1980,0
2021-12-20 13:15:00,1980,1980,1980,1980,0
2021-12-20 13:16:00,1980,1980,1980,1980,0
2021-12-20 13:17:00,1980,1980,1980,1980,0
2021-12-20 13:18:00,1980,1980,1980,1980,0
2021-12-20 13:19:00,1980,1980,1980,1980,0
2021-12-20 13:20:00,1980,1980,1980,1980,0
2021-12-20 13:21:00,1980,1980,1980,1980,0
2021-12-20 13:22:00,1980,1980,1980,1980,0
2021-12-20 13:23:00,1980,1980,1980,1980,0
2021-12-20 13:24:00,1980,1980,1980,1980,0
2021-12-20 13:25:00,1980,1980,1980,1980,0
2021-12-20 13:26:00,1980,1980,1980,1980,0
2021-12-20 13:27:00,1980,1980,1980,1980,0
2021-12-20 13:28:00,1980,1980,1980,1980,0
2021-12-20 13:29:00,1980,1980,1980,1980,0
2021-12-20 13:30:00,1980,1980,1980,1980,100
2021-12-20 13:31:00,1980,1980,1980,1980,0
2021-12-20 13:32:00,1980,1980,1980,1980,0
2021-12-20 13:33:00,1980,1980,1980,1980,0
2021-12-20 13:34:00,1980,1980,1980,1980,0
2021-12-20 13:35:00,1980,1980,1980,1980,0
2021-12-20 13:36:00,1980,1980,1980,1980,0
2021-12-20 13:37:00,1980,1980,1980,1980,0
2021-12-20 13:38:00,1980,1980,1980,1980,0
2021-12-20 13:39:00,1980,1980,1980,1980,0
2021-12-20 13:40:00,1980,1980,1980,1980,0
2021-12-20 13:41:00,1980,1980,1980,1980,0
2021-12-20 13:42:00,1980,1980,1980,1980,0
2021-12-20 13:43:00,1980,1980,1980,1980,0
2021-12-20 13:44:00,1980,1980,1980,1980,0
2021-12-20 13:45:00,1980,1980,1980,1980,0
2021-12-20 13:46:00,1980,1980,1980,1980,0
2021-12-20 13:47:00,1980,1980,1980,1980,0
2021-12-20 13:48:00,1980,1980,1980,1980,0
2021-12-20 13:49:00,1980,1980,1980,1980,0
2021-12-20 13:50:00,1980,1980,1980,1980,0
2021-12-20 13:51:00,1980,1980,1980,1980,0
2021-12-20 13:52:00,1980,1980,1980,1980,0
2021-12-20 13:53:00,1980,1980,1980,1980,0
2021-12-20 13:54:00,1995,1995,1995,1995,100
2021-12-20 13:55:00,2000,2000,2000,2000,100
2021-12-20 13:56:00,2000,2000,2000,2000,100
2021-12-20 13:57:00,2000,2000,2000,2000,200
2021-12-20 13:58:00,2000,2000,2000,2000,0
2021-12-20 13:59:00,2000,2000,2000,2000,100
2021-12-20 14:00:00,2000,2000,2000,2000,100
2021-12-20 14:01:00,2000,2000,2000,2000,0
2021-12-20 14:02:00,2000,2000,2000,2000,100
2021-12-20 14:03:00,2000,2000,2000,2000,0
2021-12-20 14:04:00,2000,2000,2000,2000,0
2021-12-20 14:05:00,2000,2000,2000,2000,0
2021-12-20 14:06:00,2000,2000,2000,2000,0
2021-12-20 14:07:00,2000,2000,2000,2000,200
2021-12-20 14:08:00,2000,2000,2000,2000,200
2021-12-20 14:09:00,2000,2000,2000,2000,100
2021-12-20 14:10:00,2000,2000,2000,2000,100
2021-12-20 14:11:00,2000,2000,2000,2000,0
2021-12-20 14:12:00,2000,2000,2000,2000,0
2021-12-20 14:13:00,2000,2000,2000,2000,0
2021-12-20 14:14:00,2000,2000,2000,2000,0
2021-12-20 14:15:00,2000,2000,2000,2000,0
2021-12-20 14:16:00,2000,2000,2000,2000,0
2021-12-20 14:17:00,1990,1990,1990,1990,100
2021-12-20 14:18:00,1990,1990,1990,1990,0
2021-12-20 14:19:00,1990,1990,1990,1990,0
2021-12-20 14:20:00,1990,1990,1990,1990,0
2021-12-20 14:21:00,1990,1990,1990,1990,0
2021-12-20 14:22:00,1990,1990,1990,1990,0
2021-12-20 14:23:00,1990,1990,1990,1990,0
2021-12-20 14:24:00,1990,1990,1990,1990,0
2021-12-20 14:25:00,1990,1990,1990,1990,0
2021-12-20 14:26:00,1990,1990,1990,1990,0
2021-12-20 14:27:00,1990,1990,1990,1990,0
2021-12-20 14:28:00,1990,1990,1990,1990,0
2021-12-20 14:29:00,1990,1990,1990,1990,0
2021-12-20 14:30:00,1990,1990,1990,1990,0
2021-12-20 14:31:00,1990,1990,1990,1990,0
2021-12-20 14:32:00,1990,1990,1990,1990,0
2021-12-20 14:33:00,1990,1990,1990,1990,0
2021-12-20 14:34:00,1990,1990,1990,1990,0
2021-12-20 14:35:00,1990,1990,1990,1990,0
2021-12-20 14:36:00,1990,1990,1990,1990,0
2021-12-20 14:37:00,1990,1990,1990,1990,0
2021-12-20 14:38:00,1990,1990,1990,1990,0
2021-12-20 14:39:00,1995,1995,1995,1995,100
2021-12-20 14:40:00,1995,1995,1995,1995,0
2021-12-20 14:41:00,1995,1995,1995,1995,0
2021-12-20 14:42:00,2000,2000,2000,2000,200
2021-12-20 14:43:00,2000,2000,2000,2000,100
2021-12-20 14:44:00,2000,2000,2000,2000,0
2021-12-20 14:45:00,2000,2000,2000,2000,0
2021-12-20 14:46:00,2000,2000,2000,2000,0
2021-12-20 14:47:00,2000,2000,2000,2000,0
2021-12-20 14:48:00,2000,2000,2000,2000,0
2021-12-20 14:49:00,2000,2000,2000,2000,0
2021-12-20 14:50:00,2000,2000,2000,2000,0
2021-12-20 14:51:00,2000,2000,2000,2000,0
2021-12-20 14:52:00,2000,2000,2000,2000,0
2021-12-20 14:53:00,2000,2000,2000,2000,0
2021-12-20 14:54:00,2000,2000,2000,2000,0
2021-12-20 14:55:00,2000,2000,2000,2000,0
2021-12-20 14:56:00,2000,2000,2000,2000,0
2021-12-20 14:57:00,2000,2000,2000,2000,0
2021-12-20 14:58:00,2000,2000,2000,2000,0
2021-12-20 14:59:00,2000,2000,2000,2000,0
2021-12-20 15:00:00,2010,2010,2010,2010,100
2021-12-20 15:01:00,2010,2010,2010,2010,0
2021-12-20 15:02:00,2010,2010,2010,2010,0
2021-12-20 15:03:00,2010,2010,2010,2010,100
2021-12-20 15:04:00,2010,2010,2010,2010,0
2021-12-20 15:05:00,2010,2010,2010,2010,0
2021-12-20 15:06:00,2010,2010,2010,2010,0
2021-12-20 15:07:00,2010,2010,2010,2010,0
2021-12-20 15:08:00,2010,2010,2010,2010,0
2021-12-20 15:09:00,2010,2010,2010,2010,0
2021-12-20 15:10:00,2010,2010,2010,2010,0
2021-12-20 15:11:00,2010,2010,2010,2010,0
2021-12-20 15:12:00,2010,2010,2010,2010,0
2021-12-20 15:13:00,2010,2010,2010,2010,0
2021-12-20 15:14:00,2010,2010,2010,2010,0
2021-12-20 15:15:00,2010,2010,2010,2010,0
2021-12-20 15:16:00,2010,2010,2010,2010,0
2021-12-20 15:17:00,2010,2010,2010,2010,0
2021-12-20 15:18:00,2010,2010,2010,2010,0
2021-12-20 15:19:00,2010,2010,2010,2010,0
2021-12-20 15:20:00,2010,2010,2010,2010,0
2021-12-20 15:21:00,2010,2010,2010,2010,0
2021-12-20 15:22:00,2010,2010,2010,2010,0
2021-12-20 15:23:00,2010,2010,2010,2010,0
2021-12-20 15:24:00,2010,2010,2010,2010,0
2021-12-20 15:25:00,2010,2010,2010,2010,0
2021-12-20 15:26:00,2010,2010,2010,2010,0
2021-12-20 15:27:00,2010,2010,2010,2010,0
2021-12-20 15:28:00,2010,2010,2010,2010,0
2021-12-20 15:29:00,2010,2010,2010,2010,0
2021-12-20 15:30:00,2010,2010,2010,2010,0
2021-12-20 15:31:00,2010,2010,2010,2010,0
2021-12-20 15:32:00,2010,2010,2010,2010,0
2021-12-20 15:33:00,2010,2010,2010,2010,0
2021-12-20 15:34:00,2010,2010,2010,2010,0
2021-12-20 15:35:00,2010,2010,2010,2010,0
2021-12-20 15:36:00,2010,2010,2010,2010,0
2021-12-20 15:37:00,2010,2010,2010,2010,0
2021-12-20 15:38:00,2010,2010,2010,2010,0
2021-12-20 15:39:00,2010,2010,2010,2010,0
2021-12-20 15:40:00,2010,2010,2010,2010,0
2021-12-20 15:41:00,2010,2010,2010,2010,0
2021-12-20 15:42:00,2010,2010,2010,2010,0
2021-12-20 15:43:00,2010,2010,2010,2010,0
2021-12-20 15:44:00,2010,2010,2010,2010,0
2021-12-20 15:45:00,2010,2010,2010,2010,0
2021-12-20 15:46:00,2010,2010,2010,2010,0
2021-12-20 15:47:00,2010,2010,2010,2010,0
2021-12-20 15:48:00,2010,2010,2010,2010,0
2021-12-20 15:49:00,2010,2010,2010,2010,0
2021-12-20 15:50:00,2010,2010,2010,2010,0
2021-12-20 15:51:00,2010,2010,2010,2010,0
2021-12-20 15:52:00,2010,2010,2010,2010,0
2021-12-20 15:53:00,2010,2010,2010,2010,0
2021-12-20 15:54:00,2010,2010,2010,2010,0
2021-12-20 15:55:00,2010,2010,2010,2010,0
2021-12-20 15:56:00,2010,2010,2010,2010,0
2021-12-20 15:57:00,2010,2010,2010,2010,0
2021-12-20 15:58:00,2010,2010,2010,2010,0
2021-12-20 15:59:00,2010,2010,2010,2010,0
2021-12-21 09:00:00,2010,2010,2010,2010,0
2021-12-21 09:01:00,2010,2010,2010,2010,0
2021-12-21 09:02:00,2010,2010,2010,2010,0
2021-12-21 09:03:00,2010,2010,2010,2010,200
2021-12-21 09:04:00,2010,2010,2010,2010,100
2021-12-21 09:05:00,2010,2010,2010,2010,0
2021-12-21 09:06:00,2010,2010,2010,2010,100
2021-12-21 09:07:00,2010,2010,2010,2010,100
2021-12-21 09:08:00,2010,2010,2010,2010,100
2021-12-21 09:09:00,2010,2010,2010,2010,0
2021-12-21 09:10:00,2010,2010,2010,2010,0
2021-12-21 09:11:00,2010,2010,2010,2010,0
2021-12-21 09:12:00,2010,2010,2010,2010,0
2021-12-21 09:13:00,2010,2010,2010,2010,0
2021-12-21 09:14:00,2010,2010,2010,2010,0
2021-12-21 09:15:00,2010,2010,2010,2010,0
2021-12-21 09:16:00,2010,2010,2010,2010,0
2021-12-21 09:17:00,2010,2010,2010,2010,0
2021-12-21 09:18:00,2010,2010,2010,2010,0
2021-12-21 09:19:00,2010,2010,2010,2010,0
2021-12-21 09:20:00,2010,2010,2010,2010,0
2021-12-21 09:21:00,2010,2010,2010,2010,0
2021-12-21 09:22:00,2000,2000,2000,2000,100
2021-12-21 09:23:00,2000,2000,2000,2000,0
2021-12-21 09:24:00,2000,2000,2000,2000,0
2021-12-21 09:25:00,2000,2000,2000,2000,0
2021-12-21 09:26:00,2000,2000,2000,2000,0
2021-12-21 09:27:00,2000,2000,2000,2000,0
2021-12-21 09:28:00,2000,2000,2000,2000,0
2021-12-21 09:29:00,2000,2000,2000,2000,0
2021-12-21 09:30:00,2000,2000,2000,2000,0
2021-12-21 09:31:00,1990,1990,1990,1990,300
2021-12-21 09:32:00,1990,1990,1990,1990,0
2021-12-21 09:33:00,1990,1990,1990,1990,0
2021-12-21 09:34:00,1990,1990,1990,1990,0
2021-12-21 09:35:00,1990,1990,1990,1990,100
2021-12-21 09:36:00,1990,1990,1990,1990,0
2021-12-21 09:37:00,1990,1990,1990,1990,0
2021-12-21 09:38:00,1990,1990,1990,1990,0
2021-12-21 09:39:00,1990,1990,1990,1990,0
2021-12-21 09:40:00,1990,1990,1990,1990,0
2021-12-21 09:41:00,1990,1990,1990,1990,0
2021-12-21 09:42:00,1990,1990,1990,1990,0
2021-12-21 09:43:00,1990,1990,1990,1990,100
2021-12-21 09:44:00,1990,1990,1990,1990,0
2021-12-21 09:45:00,1990,1990,1990,1990,0
2021-12-21 09:46:00,1990,1990,1990,1990,0
2021-12-21 09:47:00,1990,1990,1990,1990,0
2021-12-21 09:48:00,1990,1990,1990,1990,0
2021-12-21 09:49:00,1990,1990,1990,1990,0
2021-12-21 09:50:00,1990,1990,1990,1990,0
2021-12-21 09:51:00,1990,1990,1990,1990,0
2021-12-21 09:52:00,1990,1990,1990,1990,0
2021-12-21 09:53:00,1990,1990,1990,1990,0
2021-12-21 09:54:00,1990,1990,1990,1990,0
2021-12-21 09:55:00,1990,1990,1990,1990,0
2021-12-21 09:56:00,1990,1990,1990,1990,0
2021-12-21 09:57:00,1990,1990,1990,1990,0
2021-12-21 09:58:00,1990,1990,1990,1990,0
2021-12-21 09:59:00,1990,1990,1990,1990,0
2021-12-21 10:00:00,1990,1990,1990,1990,0
2021-12-21 10:01:00,1990,1990,1990,1990,0
2021-12-21 10:02:00,1990,1990,1990,1990,0
2021-12-21 10:03:00,1990,1990,1990,1990,0
2021-12-21 10:04:00,1990,1990,1990,1990,0
2021-12-21 10:05:00,1990,1990,1990,1990,0
2021-12-21 10:06:00,1990,1990,1990,1990,0
2021-12-21 10:07:00,1990,1990,1990,1990,0
2021-12-21 10:08:00,1990,1990,1990,1990,0
2021-12-21 10:09:00,1990,1990,1990,1990,0
2021-12-21 10:10:00,1990,1990,1990,1990,0
2021-12-21 10:11:00,1990,1990,1990,1990,0
2021-12-21 10:12:00,1970,1970,1980,1980,300
2021-12-21 10:13:00,1970,1970,1980,1980,0
2021-12-21 10:14:00,1970,1970,1980,1980,0
2021-12-21 10:15:00,1970,1970,1980,1980,0
2021-12-21 10:16:00,1970,1970,1980,1980,0
2021-12-21 10:17:00,1970,1970,1980,1980,0
2021-12-21 10:18:00,1970,1970,1980,1980,0
2021-12-21 10:19:00,1970,1970,1980,1980,0
2021-12-21 10:20:00,1970,1970,1980,1980,0
2021-12-21 10:21:00,1970,1970,1980,1980,0
2021-12-21 10:22:00,1970,1970,1980,1980,0
2021-12-21 10:23:00,1980,1980,1980,1980,100
2021-12-21 10:24:00,1980,1980,1980,1980,0
2021-12-21 10:25:00,1980,1980,1980,1980,0
2021-12-21 10:26:00,1980,1980,1980,1980,100
2021-12-21 10:27:00,1980,1980,1980,1980,0
2021-12-21 10:28:00,1980,1980,1980,1980,0
2021-12-21 10:29:00,1980,1980,1980,1980,100
2021-12-21 10:30:00,1980,1980,1980,1980,0
2021-12-21 10:31:00,1980,1980,1980,1980,0
2021-12-21 10:32:00,1980,1980,1980,1980,0
2021-12-21 10:33:00,1980,1980,1980,1980,0
2021-12-21 10:34:00,1980,1980,1980,1980,0
2021-12-21 10:35:00,1980,1980,1980,1980,0
2021-12-21 10:36:00,1980,1980,1980,1980,0
2021-12-21 10:37:00,1980,1980,1980,1980,0
2021-12-21 10:38:00,1980,1980,1980,1980,100
2021-12-21 10:39:00,1980,1980,1980,1980,0
2021-12-21 10:40:00,1980,1980,1980,1980,0
2021-12-21 10:41:00,1990,1990,1990,1990,100
2021-12-21 10:42:00,1990,1990,1990,1990,0
2021-12-21 10:43:00,1990,1990,1990,1990,0
2021-12-21 10:44:00,1990,1990,1990,1990,0
2021-12-21 10:45:00,1990,1990,1990,1990,0
2021-12-21 10:46:00,1990,1990,1990,1990,0
2021-12-21 10:47:00,1990,1990,1990,1990,200
2021-12-21 10:48:00,1990,1990,1990,1990,0
2021-12-21 10:49:00,1990,1990,1990,1990,0
2021-12-21 10:50:00,1990,1990,1990,1990,0
2021-12-21 10:51:00,1990,1990,1990,1990,100
2021-12-21 10:52:00,1990,1990,1990,1990,100
2021-12-21 10:53:00,1990,1990,1990,1990,0
2021-12-21 10:54:00,1990,1990,1990,1990,0
2021-12-21 10:55:00,1990,1990,1990,1990,0
2021-12-21 10:56:00,1990,1990,1990,1990,0
2021-12-21 10:57:00,1990,1990,1990,1990,0
2021-12-21 10:58:00,1990,1990,1990,1990,0
2021-12-21 10:59:00,1990,1990,1990,1990,0
2021-12-21 11:00:00,1990,1990,1990,1990,0
2021-12-21 11:01:00,1990,1990,1990,1990,0
2021-12-21 11:02:00,1990,1990,1990,1990,0
2021-12-21 11:03:00,1990,1990,1990,1990,0
2021-12-21 11:04:00,1990,1990,1990,1990,0
2021-12-21 11:05:00,1990,1990,1990,1990,0
2021-12-21 11:06:00,1990,1990,1990,1990,0
2021-12-21 11:07:00,1990,1990,1990,1990,0
2021-12-21 11:08:00,1990,1990,1990,1990,100
2021-12-21 11:09:00,1990,1990,1990,1990,0
2021-12-21 11:10:00,1990,1990,1990,1990,0
2021-12-21 11:11:00,1990,1990,1990,1990,100
2021-12-21 11:12:00,1990,1990,1990,1990,0
2021-12-21 11:13:00,1990,1990,1990,1990,0
2021-12-21 11:14:00,1990,1990,1990,1990,0
2021-12-21 11:15:00,1990,1990,1990,1990,0
2021-12-21 11:16:00,1990,1990,1990,1990,0
2021-12-21 11:17:00,1990,1990,1990,1990,0
2021-12-21 11:18:00,1990,1990,1990,1990,0
2021-12-21 11:19:00,1990,1990,1990,1990,0
2021-12-21 11:20:00,1990,1990,1990,1990,0
2021-12-21 11:21:00,1990,1990,1990,1990,0
2021-12-21 11:22:00,1990,1990,1990,1990,0
2021-12-21 11:23:00,1990,1990,1990,1990,0
2021-12-21 11:24:00,1990,1990,1990,1990,0
2021-12-21 11:25:00,1990,1990,1990,1990,0
2021-12-21 11:26:00,1990,1990,1990,1990,0
2021-12-21 11:27:00,1990,1990,1990,1990,0
2021-12-21 11:28:00,1990,1990,1990,1990,0
2021-12-21 11:29:00,1990,1990,1990,1990,0
2021-12-21 11:30:00,1990,1990,1990,1990,0
2021-12-21 11:31:00,1990,1990,1990,1990,0
2021-12-21 11:32:00,1990,1990,1990,1990,0
2021-12-21 11:33:00,1990,1990,1990,1990,0
2021-12-21 11:34:00,1990,1990,1990,1990,0
2021-12-21 11:35:00,1990,1990,1990,1990,0
2021-12-21 11:36:00,1990,1990,1990,1990,0
2021-12-21 11:37:00,1990,1990,1990,1990,0
2021-12-21 11:38:00,1990,1990,1990,1990,0
2021-12-21 11:39:00,1990,1990,1990,1990,0
2021-12-21 11:40:00,1990,1990,1990,1990,0
2021-12-21 11:41:00,1990,1990,1990,1990,0
2021-12-21 11:42:00,1990,1990,1990,1990,0
2021-12-21 11:43:00,1990,1990,1990,1990,0
2021-12-21 11:44:00,1990,1990,1990,1990,0
2021-12-21 11:45:00,1990,1990,1990,1990,0
2021-12-21 11:46:00,1990,1990,1990,1990,0
2021-12-21 11:47:00,1990,1990,1990,1990,0
2021-12-21 11:48:00,1990,1990,1990,1990,0
2021-12-21 11:49:00,1990,1990,1990,1990,0
2021-12-21 11:50:00,1990,1990,1990,1990,0
2021-12-21 11:51:00,1990,1990,1990,1990,0
2021-12-21 11:52:00,1990,1990,1990,1990,0
2021-12-21 11:53:00,1990,1990,1990,1990,0
2021-12-21 11:54:00,1990,1990,1990,1990,0
2021-12-21 11:55:00,1990,1990,1990,1990,0
2021-12-21 11:56:00,1990,1990,1990,1990,0
2021-12-21 11:57:00,1990,1990,1990,1990,0
2021-12-21 11:58:00,1990,1990,1990,1990,0
2021-12-21 11:59:00,1990,1990,1990,1990,0
2021-12-21 12:00:00,1990,1990,1990,1990,0
2021-12-21 12:01:00,1990,1990,1990,1990,0
2021-12-21 12:02:00,1990,1990,1990,1990,0
2021-12-21 12:03:00,1990,1990,1990,1990,0
2021-12-21 12:04:00,1990,1990,1990,1990,0
2021-12-21 12:05:00,1990,1990,1990,1990,0
2021-12-21 12:06:00,1990,1990,1990,1990,0
2021-12-21 12:07:00,1990,1990,1990,1990,0
2021-12-21 12:08:00,1990,1990,1990,1990,0
2021-12-21 12:09:00,1990,1990,1990,1990,0
2021-12-21 12:10:00,1990,1990,1990,1990,0
2021-12-21 12:11:00,1990,1990,1990,1990,0
2021-12-21 12:12:00,1990,1990,1990,1990,0
2021-12-21 12:13:00,1990,1990,1990,1990,0
2021-12-21 12:14:00,1990,1990,1990,1990,0
2021-12-21 12:15:00,1990,1990,1990,1990,0
2021-12-21 12:16:00,1990,1990,1990,1990,0
2021-12-21 12:17:00,1990,1990,1990,1990,0
2021-12-21 12:18:00,1990,1990,1990,1990,0
2021-12-21 12:19:00,1990,1990,1990,1990,0
2021-12-21 12:20:00,1990,1990,1990,1990,0
2021-12-21 12:21:00,1990,1990,1990,1990,0
2021-12-21 12:22:00,1990,1990,1990,1990,0
2021-12-21 12:23:00,1990,1990,1990,1990,0
2021-12-21 12:24:00,1990,1990,1990,1990,0
2021-12-21 12:25:00,1990,1990,1990,1990,0
2021-12-21 12:26:00,1990,1990,1990,1990,0
2021-12-21 12:27:00,1990,1990,1990,1990,0
2021-12-21 12:28:00,1990,1990,1990,1990,0
2021-12-21 12:29:00,1990,1990,1990,1990,0
2021-12-21 12:30:00,1990,1990,1990,1990,0
2021-12-21 12:31:00,1990,1990,1990,1990,0
2021-12-21 12:32:00,1990,1990,1990,1990,0
2021-12-21 12:33:00,1990,1990,1990,1990,0
2021-12-21 12:34:00,1990,1990,1990,1990,0
2021-12-21 12:35:00,1990,1990,1990,1990,0
2021-12-21 12:36:00,1990,1990,1990,1990,0
2021-12-21 12:37:00,1990,1990,1990,1990,0
2021-12-21 12:38:00,1990,1990,1990,1990,0
2021-12-21 12:39:00,1990,1990,1990,1990,0
2021-12-21 12:40:00,1990,1990,1990,1990,0
2021-12-21 12:41:00,1990,1990,1990,1990,0
2021-12-21 12:42:00,1990,1990,1990,1990,0
2021-12-21 12:43:00,1990,1990,1990,1990,0
2021-12-21 12:44:00,1990,1990,1990,1990,0
2021-12-21 12:45:00,1990,1990,1990,1990,0
2021-12-21 12:46:00,1990,1990,1990,1990,0
2021-12-21 12:47:00,1990,1990,1990,1990,0
2021-12-21 12:48:00,1990,1990,1990,1990,0
2021-12-21 12:49:00,1990,1990,1990,1990,0
2021-12-21 12:50:00,1990,1990,1990,1990,0
2021-12-21 12:51:00,1990,1990,1990,1990,0
2021-12-21 12:52:00,1990,1990,1990,1990,0
2021-12-21 12:53:00,1990,1990,1990,1990,0
2021-12-21 12:54:00,1990,1990,1990,1990,0
2021-12-21 12:55:00,1990,1990,1990,1990,0
2021-12-21 12:56:00,1990,1990,1990,1990,0
2021-12-21 12:57:00,1990,1990,1990,1990,0
2021-12-21 12:58:00,1990,1990,1990,1990,0
2021-12-21 12:59:00,1990,1990,1990,1990,0
2021-12-21 13:00:00,1990,1990,1990,1990,0
2021-12-21 13:01:00,1990,1990,1990,1990,0
2021-12-21 13:02:00,1990,1990,1990,1990,0
2021-12-21 13:03:00,1990,1990,1990,1990,0
2021-12-21 13:04:00,1990,1990,1990,1990,0
2021-12-21 13:05:00,1990,1990,1990,1990,0
2021-12-21 13:06:00,1990,1990,1990,1990,0
2021-12-21 13:07:00,1990,1990,1990,1990,0
2021-12-21 13:08:00,1990,1990,1990,1990,0
2021-12-21 13:09:00,1990,1990,1990,1990,0
2021-12-21 13:10:00,1990,1990,1990,1990,0
2021-12-21 13:11:00,1990,1990,1990,1990,0
2021-12-21 13:12:00,1990,1990,1990,1990,0
2021-12-21 13:13:00,1990,1990,1990,1990,0
2021-12-21 13:14:00,1990,1990,1990,1990,0
2021-12-21 13:15:00,1990,1990,1990,1990,0
2021-12-21 13:16:00,1990,1990,1990,1990,0
2021-12-21 13:17:00,1990,1990,1990,1990,0
2021-12-21 13:18:00,1990,1990,1990,1990,0
2021-12-21 13:19:00,1990,1990,1990,1990,0
2021-12-21 13:20:00,1990,1990,1990,1990,0
2021-12-21 13:21:00,1990,1990,1990,1990,0
2021-12-21 13:22:00,1990,1990,1990,1990,0
2021-12-21 13:23:00,1990,1990,1990,1990,0
2021-12-21 13:24:00,1990,1990,1990,1990,0
2021-12-21 13:25:00,1990,1990,1990,1990,0
2021-12-21 13:26:00,1990,1990,1990,1990,0
2021-12-21 13:27:00,1990,1990,1990,1990,0
2021-12-21 13:28:00,1990,1990,1990,1990,0
2021-12-21 13:29:00,1990,1990,1990,1990,0
2021-12-21 13:30:00,1990,1980,1990,1990,700
2021-12-21 13:31:00,1985,1985,1985,1985,100
2021-12-21 13:32:00,1990,1990,1990,1990,200
2021-12-21 13:33:00,1990,1990,1990,1990,400
2021-12-21 13:34:00,1990,1990,1990,1990,0
2021-12-21 13:35:00,1990,1990,1990,1990,100
2021-12-21 13:36:00,1990,1990,1990,1990,0
2021-12-21 13:37:00,1990,1990,1990,1990,100
2021-12-21 13:38:00,1990,1990,1990,1990,0
2021-12-21 13:39:00,1990,1990,1990,1990,0
2021-12-21 13:40:00,1990,1990,1990,1990,0
2021-12-21 13:41:00,1990,1990,1990,1990,0
2021-12-21 13:42:00,1990,1990,1990,1990,0
2021-12-21 13:43:00,1990,1990,1990,1990,200
2021-12-21 13:44:00,1990,1990,1990,1990,0
2021-12-21 13:45:00,1990,1990,1990,1990,0
2021-12-21 13:46:00,1990,1990,1990,1990,0
2021-12-21 13:47:00,1990,1990,1990,1990,0
2021-12-21 13:48:00,1990,1990,1990,1990,0
2021-12-21 13:49:00,1990,1990,1990,1990,0
2021-12-21 13:50:00,1990,1990,1990,1990,0
2021-12-21 13:51:00,1990,1990,1990,1990,0
2021-12-21 13:52:00,1990,1990,1990,1990,0
2021-12-21 13:53:00,1990,1990,1990,1990,0
2021-12-21 13:54:00,1990,1990,1990,1990,0
2021-12-21 13:55:00,1990,1990,1990,1990,0
2021-12-21 13:56:00,1990,1990,1990,1990,0
2021-12-21 13:57:00,1990,1990,1990,1990,0
2021-12-21 13:58:00,1990,1990,1990,1990,0
2021-12-21 13:59:00,1990,1990,1990,1990,0
2021-12-21 14:00:00,1990,1990,1990,1990,0
2021-12-21 14:01:00,1990,1990,1990,1990,0
2021-12-21 14:02:00,1990,1990,1990,1990,100
2021-12-21 14:03:00,1990,1990,1990,1990,0
2021-12-21 14:04:00,1990,1990,1990,1990,0
2021-12-21 14:05:00,1990,1990,1990,1990,100
2021-12-21 14:06:00,1990,1990,1990,1990,0
2021-12-21 14:07:00,1990,1990,1990,1990,0
2021-12-21 14:08:00,1990,1990,1990,1990,0
2021-12-21 14:09:00,1990,1990,1990,1990,0
2021-12-21 14:10:00,1990,1990,1990,1990,0
2021-12-21 14:11:00,1990,1990,1990,1990,0
2021-12-21 14:12:00,1990,1990,1990,1990,0
2021-12-21 14:13:00,1990,1990,1990,1990,0
2021-12-21 14:14:00,1990,1990,1990,1990,0
2021-12-21 14:15:00,1990,1990,1990,1990,0
2021-12-21 14:16:00,1990,1990,1990,1990,0
2021-12-21 14:17:00,1990,1990,1990,1990,0
2021-12-21 14:18:00,1990,1990,1990,1990,0
2021-12-21 14:19:00,1990,1990,1990,1990,0
2021-12-21 14:20:00,1990,1990,1990,1990,0
2021-12-21 14:21:00,1990,1990,1990,1990,0
2021-12-21 14:22:00,1990,1990,1990,1990,0
2021-12-21 14:23:00,1990,1990,1990,1990,0
2021-12-21 14:24:00,1990,1990,1990,1990,0
2021-12-21 14:25:00,1990,1990,1990,1990,0
2021-12-21 14:26:00,1990,1990,1990,1990,0
2021-12-21 14:27:00,1990,1990,1990,1990,0
2021-12-21 14:28:00,1990,1990,1990,1990,0
2021-12-21 14:29:00,1990,1990,1990,1990,0
2021-12-21 14:30:00,1990,1990,1990,1990,0
2021-12-21 14:31:00,1990,1990,1990,1990,0
2021-12-21 14:32:00,1990,1990,1990,1990,0
2021-12-21 14:33:00,1990,1990,1990,1990,0
2021-12-21 14:34:00,1990,1990,1990,1990,0
2021-12-21 14:35:00,1990,1990,1990,1990,0
2021-12-21 14:36:00,1990,1990,1990,1990,0
2021-12-21 14:37:00,1990,1990,1990,1990,0
2021-12-21 14:38:00,1990,1990,1990,1990,0
2021-12-21 14:39:00,1990,1990,1990,1990,0
2021-12-21 14:40:00,1990,1990,1990,1990,0
2021-12-21 14:41:00,1990,1990,1990,1990,100
2021-12-21 14:42:00,1990,1990,1990,1990,0
2021-12-21 14:43:00,1990,1990,1990,1990,0
2021-12-21 14:44:00,1990,1990,1990,1990,0
2021-12-21 14:45:00,1990,1990,1990,1990,0
2021-12-21 14:46:00,1990,1990,1990,1990,0
2021-12-21 14:47:00,1990,1990,1990,1990,0
2021-12-21 14:48:00,1990,1990,1990,1990,0
2021-12-21 14:49:00,1990,1990,1990,1990,0
2021-12-21 14:50:00,1990,1990,1990,1990,0
2021-12-21 14:51:00,1990,1990,1990,1990,0
2021-12-21 14:52:00,1990,1990,1990,1990,0
2021-12-21 14:53:00,1990,1990,1990,1990,0
2021-12-21 14:54:00,1990,1990,1990,1990,0
2021-12-21 14:55:00,1990,1990,1990,1990,0
2021-12-21 14:56:00,1990,1990,1990,1990,0
2021-12-21 14:57:00,1990,1990,1990,1990,0
2021-12-21 14:58:00,1990,1990,1990,1990,0
2021-12-21 14:59:00,1990,1990,1990,1990,0
2021-12-21 15:00:00,1990,1990,1990,1990,0
2021-12-21 15:01:00,1990,1990,1990,1990,0
2021-12-21 15:02:00,1990,1990,1990,1990,0
2021-12-21 15:03:00,1990,1990,1990,1990,0
2021-12-21 15:04:00,1990,1990,1990,1990,0
2021-12-21 15:05:00,1990,1990,1990,1990,0
2021-12-21 15:06:00,1990,1990,1990,1990,0
2021-12-21 15:07:00,1990,1990,1990,1990,0
2021-12-21 15:08:00,1990,1990,1990,1990,0
2021-12-21 15:09:00,1990,1990,1990,1990,0
2021-12-21 15:10:00,1990,1990,1990,1990,0
2021-12-21 15:11:00,1990,1990,1990,1990,0
2021-12-21 15:12:00,1990,1990,1990,1990,0
2021-12-21 15:13:00,1990,1990,1990,1990,0
2021-12-21 15:14:00,1990,1990,1990,1990,0
2021-12-21 15:15:00,1990,1990,1990,1990,0
2021-12-21 15:16:00,1990,1990,1990,1990,0
2021-12-21 15:17:00,1990,1990,1990,1990,0
2021-12-21 15:18:00,1990,1990,1990,1990,0
2021-12-21 15:19:00,1990,1990,1990,1990,0
2021-12-21 15:20:00,1990,1990,1990,1990,0
2021-12-21 15:21:00,1990,1990,1990,1990,0
2021-12-21 15:22:00,1990,1990,1990,1990,0
2021-12-21 15:23:00,1990,1990,1990,1990,0
2021-12-21 15:24:00,1990,1990,1990,1990,0
2021-12-21 15:25:00,1990,1990,1990,1990,0
2021-12-21 15:26:00,1990,1990,1990,1990,0
2021-12-21 15:27:00,1990,1990,1990,1990,0
2021-12-21 15:28:00,1990,1990,1990,1990,0
2021-12-21 15:29:00,1990,1990,1990,1990,0
2021-12-21 15:30:00,1990,1990,1990,1990,0
2021-12-21 15:31:00,1990,1990,1990,1990,0
2021-12-21 15:32:00,1990,1990,1990,1990,0
2021-12-21 15:33:00,1990,1990,1990,1990,0
2021-12-21 15:34:00,1990,1990,1990,1990,0
2021-12-21 15:35:00,1990,1990,1990,1990,0
2021-12-21 15:36:00,1990,1990,1990,1990,0
2021-12-21 15:37:00,1990,1990,1990,1990,0
2021-12-21 15:38:00,1990,1990,1990,1990,0
2021-12-21 15:39:00,1990,1990,1990,1990,0
2021-12-21 15:40:00,1990,1990,1990,1990,0
2021-12-21 15:41:00,1990,1990,1990,1990,0
2021-12-21 15:42:00,1990,1990,1990,1990,0
2021-12-21 15:43:00,1990,1990,1990,1990,0
2021-12-21 15:44:00,1990,1990,1990,1990,0
2021-12-21 15:45:00,1990,1990,1990,1990,0
2021-12-21 15:46:00,1990,1990,1990,1990,0
2021-12-21 15:47:00,1990,1990,1990,1990,0
2021-12-21 15:48:00,1990,1990,1990,1990,0
2021-12-21 15:49:00,1990,1990,1990,1990,0
2021-12-21 15:50:00,1990,1990,1990,1990,0
2021-12-21 15:51:00,1990,1990,1990,1990,0
2021-12-21 15:52:00,1990,1990,1990,1990,0
2021-12-21 15:53:00,1990,1990,1990,1990,0
2021-12-21 15:54:00,1990,1990,1990,1990,0
2021-12-21 15:55:00,1990,1990,1990,1990,0
2021-12-21 15:56:00,1990,1990,1990,1990,0
2021-12-21 15:57:00,1990,1990,1990,1990,0
2021-12-21 15:58:00,1990,1990,1990,1990,0
2021-12-21 15:59:00,1990,1990,1990,1990,0
2021-12-22 09:00:00,1990,1990,2010,2010,0
2021-12-22 09:01:00,1990,1990,2010,2010,0
2021-12-22 09:02:00,1990,1990,1990,1990,200
2021-12-22 09:03:00,1990,1990,1990,1990,0
2021-12-22 09:04:00,1990,1990,1990,1990,0
2021-12-22 09:05:00,1990,1990,1990,1990,0
2021-12-22 09:06:00,1990,1990,1990,1990,0
2021-12-22 09:07:00,1990,1990,1990,1990,0
2021-12-22 09:08:00,1990,1990,1990,1990,0
2021-12-22 09:09:00,1990,1990,1990,1990,0
2021-12-22 09:10:00,1985,1985,1985,1985,100
2021-12-22 09:11:00,1985,1985,1985,1985,0
2021-12-22 09:12:00,1985,1985,1985,1985,0
2021-12-22 09:13:00,1985,1985,1985,1985,0
2021-12-22 09:14:00,1970,1970,1970,1970,100
2021-12-22 09:15:00,1970,1970,1970,1970,0
2021-12-22 09:16:00,1970,1970,1970,1970,0
2021-12-22 09:17:00,1970,1970,1970,1970,0
2021-12-22 09:18:00,1970,1970,1970,1970,100
2021-12-22 09:19:00,1970,1970,1970,1970,0
2021-12-22 09:20:00,1970,1970,1970,1970,100
2021-12-22 09:21:00,1970,1970,1970,1970,0
2021-12-22 09:22:00,1970,1970,1970,1970,0
2021-12-22 09:23:00,1970,1970,1970,1970,0
2021-12-22 09:24:00,1970,1970,1970,1970,0
2021-12-22 09:25:00,1970,1970,1970,1970,0
2021-12-22 09:26:00,1970,1970,1970,1970,0
2021-12-22 09:27:00,1970,1970,1970,1970,0
2021-12-22 09:28:00,1970,1970,1970,1970,0
2021-12-22 09:29:00,1970,1970,1970,1970,0
2021-12-22 09:30:00,1970,1970,1970,1970,0
2021-12-22 09:31:00,1970,1970,1970,1970,0
2021-12-22 09:32:00,1970,1970,1970,1970,0
2021-12-22 09:33:00,1970,1970,1970,1970,100
2021-12-22 09:34:00,1970,1970,1970,1970,0
2021-12-22 09:35:00,1970,1970,1970,1970,0
2021-12-22 09:36:00,1970,1970,1970,1970,0
2021-12-22 09:37:00,1960,1960,1960,1960,100
2021-12-22 09:38:00,1960,1960,1960,1960,0
2021-12-22 09:39:00,1960,1960,1960,1960,0
2021-12-22 09:40:00,1960,1960,1960,1960,0
2021-12-22 09:41:00,1950,1950,1950,1950,100
2021-12-22 09:42:00,1950,1950,1960,1960,200
2021-12-22 09:43:00,1950,1950,1960,1960,0
2021-12-22 09:44:00,1915,1915,1915,1915,100
2021-12-22 09:45:00,1915,1915,1915,1915,100
2021-12-22 09:46:00,1915,1915,1915,1915,0
2021-12-22 09:47:00,1915,1915,1915,1915,0
2021-12-22 09:48:00,1915,1915,1915,1915,100
2021-12-22 09:49:00,1915,1915,1915,1915,0
2021-12-22 09:50:00,1915,1915,1915,1915,0
2021-12-22 09:51:00,1915,1915,1915,1915,0
2021-12-22 09:52:00,1915,1915,1915,1915,0
2021-12-22 09:53:00,1915,1915,1915,1915,0
2021-12-22 09:54:00,1915,1915,1915,1915,0
2021-12-22 09:55:00,1915,1915,1915,1915,100
2021-12-22 09:56:00,1915,1915,1915,1915,0
2021-12-22 09:57:00,1915,1915,1915,1915,0
2021-12-22 09:58:00,1915,1915,1915,1915,100
2021-12-22 09:59:00,1915,1915,1915,1915,0
2021-12-22 10:00:00,1915,1915,1915,1915,0
2021-12-22 10:01:00,1915,1915,1915,1915,0
2021-12-22 10:02:00,1915,1915,1915,1915,0
2021-12-22 10:03:00,1915,1915,1915,1915,0
2021-12-22 10:04:00,1915,1915,1915,1915,0
2021-12-22 10:05:00,1915,1915,1915,1915,100
2021-12-22 10:06:00,1915,1915,1915,1915,0
2021-12-22 10:07:00,1915,1915,1915,1915,0
2021-12-22 10:08:00,1915,1915,1915,1915,0
2021-12-22 10:09:00,1915,1915,1915,1915,0
2021-12-22 10:10:00,1970,1970,1970,1970,100
2021-12-22 10:11:00,1970,1970,1970,1970,0
2021-12-22 10:12:00,1970,1970,1970,1970,0
2021-12-22 10:13:00,1920,1920,1920,1920,100
2021-12-22 10:14:00,1920,1920,1920,1920,0
2021-12-22 10:15:00,1920,1920,1920,1920,0
2021-12-22 10:16:00,1920,1920,1920,1920,0
2021-12-22 10:17:00,1920,1920,1920,1920,0
2021-12-22 10:18:00,1920,1920,1920,1920,0
2021-12-22 10:19:00,1920,1920,1920,1920,100
2021-12-22 10:20:00,1920,1920,1920,1920,0
2021-12-22 10:21:00,1920,1920,1920,1920,0
2021-12-22 10:22:00,1920,1920,1920,1920,100
2021-12-22 10:23:00,1920,1920,1920,1920,0
2021-12-22 10:24:00,1920,1920,1920,1920,0
2021-12-22 10:25:00,1920,1920,1920,1920,100
2021-12-22 10:26:00,1920,1920,1920,1920,0
2021-12-22 10:27:00,1915,1915,1915,1915,100
2021-12-22 10:28:00,1915,1915,1915,1915,0
2021-12-22 10:29:00,1915,1915,1915,1915,0
2021-12-22 10:30:00,1915,1915,1915,1915,0
2021-12-22 10:31:00,1915,1915,1915,1915,100
2021-12-22 10:32:00,1915,1915,1915,1915,0
2021-12-22 10:33:00,1915,1915,1915,1915,0
2021-12-22 10:34:00,1915,1915,1915,1915,0
2021-12-22 10:35:00,1915,1915,1915,1915,0
2021-12-22 10:36:00,1915,1915,1915,1915,0
2021-12-22 10:37:00,1915,1915,1915,1915,0
2021-12-22 10:38:00,1915,1915,1915,1915,0
2021-12-22 10:39:00,1915,1915,1915,1915,0
2021-12-22 10:40:00,1915,1915,1915,1915,0
2021-12-22 10:41:00,1915,1915,1915,1915,0
2021-12-22 10:42:00,1915,1915,1915,1915,0
2021-12-22 10:43:00,1915,1915,1915,1915,0
2021-12-22 10:44:00,1915,1915,1915,1915,0
2021-12-22 10:45:00,1915,1915,1915,1915,0
2021-12-22 10:46:00,1915,1915,1915,1915,0
2021-12-22 10:47:00,1915,1915,1915,1915,0
2021-12-22 10:48:00,1915,1915,1915,1915,0
2021-12-22 10:49:00,1915,1915,1915,1915,100
2021-12-22 10:50:00,1915,1915,1915,1915,0
2021-12-22 10:51:00,1915,1915,1915,1915,100
2021-12-22 10:52:00,1915,1915,1915,1915,200
2021-12-22 10:53:00,1915,1915,1915,1915,0
2021-12-22 10:54:00,1915,1915,1915,1915,0
2021-12-22 10:55:00,1915,1915,1915,1915,0
2021-12-22 10:56:00,1915,1915,1915,1915,0
2021-12-22 10:57:00,1915,1915,1915,1915,0
2021-12-22 10:58:00,1915,1915,1915,1915,0
2021-12-22 10:59:00,1915,1915,1915,1915,0
2021-12-22 11:00:00,1915,1915,1915,1915,0
2021-12-22 11:01:00,1915,1915,1915,1915,0
2021-12-22 11:02:00,1915,1915,1915,1915,0
2021-12-22 11:03:00,1915,1915,1915,1915,200
2021-12-22 11:04:00,1915,1915,1915,1915,0
2021-12-22 11:05:00,1915,1915,1915,1915,0
2021-12-22 11:06:00,1915,1915,1915,1915,0
2021-12-22 11:07:00,1915,1915,1915,1915,0
2021-12-22 11:08:00,1915,1915,1915,1915,0
2021-12-22 11:09:00,1915,1915,1915,1915,0
2021-12-22 11:10:00,1915,1915,1915,1915,0
2021-12-22 11:11:00,1915,1915,1915,1915,0
2021-12-22 11:12:00,1915,1915,1915,1915,0
2021-12-22 11:13:00,1915,1915,1915,1915,0
2021-12-22 11:14:00,1915,1915,1915,1915,0
2021-12-22 11:15:00,1915,1915,1915,1915,0
2021-12-22 11:16:00,1915,1915,1915,1915,0
2021-12-22 11:17:00,1915,1915,1915,1915,0
2021-12-22 11:18:00,1915,1915,1915,1915,0
2021-12-22 11:19:00,1915,1915,1915,1915,0
2021-12-22 11:20:00,1915,1915,1915,1915,0
2021-12-22 11:21:00,1915,1915,1915,1915,0
2021-12-22 11:22:00,1915,1915,1915,1915,100
2021-12-22 11:23:00,1915,1915,1915,1915,0
2021-12-22 11:24:00,1915,1915,1915,1915,0
2021-12-22 11:25:00,1915,1915,1915,1915,0
2021-12-22 11:26:00,1915,1915,1915,1915,0
2021-12-22 11:27:00,1915,1915,1915,1915,0
2021-12-22 11:28:00,1915,1915,1915,1915,0
2021-12-22 11:29:00,1915,1915,1915,1915,0
2021-12-22 11:30:00,1915,1915,1915,1915,0
2021-12-22 11:31:00,1915,1915,1915,1915,0
2021-12-22 11:32:00,1915,1915,1915,1915,0
2021-12-22 11:33:00,1915,1915,1915,1915,0
2021-12-22 11:34:00,1915,1915,1915,1915,0
2021-12-22 11:35:00,1915,1915,1915,1915,0
2021-12-22 11:36:00,1915,1915,1915,1915,0
2021-12-22 11:37:00,1915,1915,1915,1915,0
2021-12-22 11:38:00,1915,1915,1915,1915,0
2021-12-22 11:39:00,1915,1915,1915,1915,0
2021-12-22 11:40:00,1915,1915,1915,1915,0
2021-12-22 11:41:00,1915,1915,1915,1915,0
2021-12-22 11:42:00,1915,1915,1915,1915,0
2021-12-22 11:43:00,1915,1915,1915,1915,0
2021-12-22 11:44:00,1915,1915,1915,1915,0
2021-12-22 11:45:00,1915,1915,1915,1915,0
2021-12-22 11:46:00,1915,1915,1915,1915,0
2021-12-22 11:47:00,1915,1915,1915,1915,0
2021-12-22 11:48:00,1915,1915,1915,1915,0
2021-12-22 11:49:00,1915,1915,1915,1915,0
2021-12-22 11:50:00,1915,1915,1915,1915,0
2021-12-22 11:51:00,1915,1915,1915,1915,0
2021-12-22 11:52:00,1915,1915,1915,1915,0
2021-12-22 11:53:00,1915,1915,1915,1915,0
2021-12-22 11:54:00,1915,1915,1915,1915,0
2021-12-22 11:55:00,1915,1915,1915,1915,0
2021-12-22 11:56:00,1915,1915,1915,1915,0
2021-12-22 11:57:00,1915,1915,1915,1915,0
2021-12-22 11:58:00,1915,1915,1915,1915,0
2021-12-22 11:59:00,1915,1915,1915,1915,0
2021-12-22 12:00:00,1915,1915,1915,1915,0
2021-12-22 12:01:00,1915,1915,1915,1915,0
2021-12-22 12:02:00,1915,1915,1915,1915,0
2021-12-22 12:03:00,1915,1915,1915,1915,0
2021-12-22 12:04:00,1915,1915,1915,1915,0
2021-12-22 12:05:00,1915,1915,1915,1915,0
2021-12-22 12:06:00,1915,1915,1915,1915,0
2021-12-22 12:07:00,1915,1915,1915,1915,0
2021-12-22 12:08:00,1915,1915,1915,1915,0
2021-12-22 12:09:00,1915,1915,1915,1915,0
2021-12-22 12:10:00,1915,1915,1915,1915,0
2021-12-22 12:11:00,1915,1915,1915,1915,0
2021-12-22 12:12:00,1915,1915,1915,1915,0
2021-12-22 12:13:00,1915,1915,1915,1915,0
2021-12-22 12:14:00,1915,1915,1915,1915,0
2021-12-22 12:15:00,1915,1915,1915,1915,0
2021-12-22 12:16:00,1915,1915,1915,1915,0
2021-12-22 12:17:00,1915,1915,1915,1915,0
2021-12-22 12:18:00,1915,1915,1915,1915,0
2021-12-22 12:19:00,1915,1915,1915,1915,0
2021-12-22 12:20:00,1915,1915,1915,1915,0
2021-12-22 12:21:00,1915,1915,1915,1915,0
2021-12-22 12:22:00,1915,1915,1915,1915,0
2021-12-22 12:23:00,1915,1915,1915,1915,0
2021-12-22 12:24:00,1915,1915,1915,1915,0
2021-12-22 12:25:00,1915,1915,1915,1915,0
2021-12-22 12:26:00,1915,1915,1915,1915,0
2021-12-22 12:27:00,1915,1915,1915,1915,0
2021-12-22 12:28:00,1915,1915,1915,1915,0
2021-12-22 12:29:00,1915,1915,1915,1915,0
2021-12-22 12:30:00,1915,1915,1915,1915,0
2021-12-22 12:31:00,1915,1915,1915,1915,0
2021-12-22 12:32:00,1915,1915,1915,1915,0
2021-12-22 12:33:00,1915,1915,1915,1915,0
2021-12-22 12:34:00,1915,1915,1915,1915,0
2021-12-22 12:35:00,1915,1915,1915,1915,0
2021-12-22 12:36:00,1915,1915,1915,1915,0
2021-12-22 12:37:00,1915,1915,1915,1915,0
2021-12-22 12:38:00,1915,1915,1915,1915,0
2021-12-22 12:39:00,1915,1915,1915,1915,0
2021-12-22 12:40:00,1915,1915,1915,1915,0
2021-12-22 12:41:00,1915,1915,1915,1915,0
2021-12-22 12:42:00,1915,1915,1915,1915,0
2021-12-22 12:43:00,1915,1915,1915,1915,0
2021-12-22 12:44:00,1915,1915,1915,1915,0
2021-12-22 12:45:00,1915,1915,1915,1915,0
2021-12-22 12:46:00,1915,1915,1915,1915,0
2021-12-22 12:47:00,1915,1915,1915,1915,0
2021-12-22 12:48:00,1915,1915,1915,1915,0
2021-12-22 12:49:00,1915,1915,1915,1915,0
2021-12-22 12:50:00,1915,1915,1915,1915,0
2021-12-22 12:51:00,1915,1915,1915,1915,0
2021-12-22 12:52:00,1915,1915,1915,1915,0
2021-12-22 12:53:00,1915,1915,1915,1915,0
2021-12-22 12:54:00,1915,1915,1915,1915,0
2021-12-22 12:55:00,1915,1915,1915,1915,0
2021-12-22 12:56:00,1915,1915,1915,1915,0
2021-12-22 12:57:00,1915,1915,1915,1915,0
2021-12-22 12:58:00,1915,1915,1915,1915,0
2021-12-22 12:59:00,1915,1915,1915,1915,0
2021-12-22 13:00:00,1915,1915,1915,1915,0
2021-12-22 13:01:00,1915,1915,1915,1915,0
2021-12-22 13:02:00,1915,1915,1915,1915,0
2021-12-22 13:03:00,1915,1915,1915,1915,0
2021-12-22 13:04:00,1915,1915,1915,1915,0
2021-12-22 13:05:00,1915,1915,1915,1915,0
2021-12-22 13:06:00,1915,1915,1915,1915,0
2021-12-22 13:07:00,1915,1915,1915,1915,0
2021-12-22 13:08:00,1915,1915,1915,1915,0
2021-12-22 13:09:00,1915,1915,1915,1915,0
2021-12-22 13:10:00,1915,1915,1915,1915,0
2021-12-22 13:11:00,1915,1915,1915,1915,0
2021-12-22 13:12:00,1915,1915,1915,1915,0
2021-12-22 13:13:00,1915,1915,1915,1915,0
2021-12-22 13:14:00,1915,1915,1915,1915,0
2021-12-22 13:15:00,1915,1915,1915,1915,0
2021-12-22 13:16:00,1915,1915,1915,1915,0
2021-12-22 13:17:00,1915,1915,1915,1915,0
2021-12-22 13:18:00,1915,1915,1915,1915,0
2021-12-22 13:19:00,1915,1915,1915,1915,0
2021-12-22 13:20:00,1915,1915,1915,1915,0
2021-12-22 13:21:00,1915,1915,1915,1915,0
2021-12-22 13:22:00,1915,1915,1915,1915,0
2021-12-22 13:23:00,1915,1915,1915,1915,0
2021-12-22 13:24:00,1915,1915,1915,1915,0
2021-12-22 13:25:00,1915,1915,1915,1915,0
2021-12-22 13:26:00,1915,1915,1915,1915,0
2021-12-22 13:27:00,1915,1915,1915,1915,0
2021-12-22 13:28:00,1915,1915,1915,1915,0
2021-12-22 13:29:00,1915,1915,1915,1915,0
2021-12-22 13:30:00,1970,1970,1970,1970,100
2021-12-22 13:31:00,1970,1970,1970,1970,0
2021-12-22 13:32:00,1965,1965,1970,1970,200
2021-12-22 13:33:00,1965,1965,1970,1970,0
2021-12-22 13:34:00,1965,1965,1970,1970,0
2021-12-22 13:35:00,1965,1965,1970,1970,0
2021-12-22 13:36:00,1965,1965,1970,1970,0
2021-12-22 13:37:00,1965,1965,1970,1970,0
2021-12-22 13:38:00,1965,1965,1970,1970,0
2021-12-22 13:39:00,1965,1965,1970,1970,0
2021-12-22 13:40:00,1965,1965,1970,1970,0
2021-12-22 13:41:00,1965,1965,1970,1970,0
2021-12-22 13:42:00,1965,1965,1970,1970,0
2021-12-22 13:43:00,1965,1965,1970,1970,0
2021-12-22 13:44:00,1965,1965,1970,1970,0
2021-12-22 13:45:00,1965,1965,1970,1970,0
2021-12-22 13:46:00,1965,1965,1970,1970,0
2021-12-22 13:47:00,1915,1915,1915,1915,100
2021-12-22 13:48:00,1915,1915,1915,1915,0
2021-12-22 13:49:00,1915,1915,1915,1915,0
2021-12-22 13:50:00,1915,1915,1915,1915,100
2021-12-22 13:51:00,1915,1915,1915,1915,0
2021-12-22 13:52:00,1915,1915,1915,1915,0
2021-12-22 13:53:00,1955,1955,1955,1955,100
2021-12-22 13:54:00,1955,1955,1955,1955,0
2021-12-22 13:55:00,1955,1955,1955,1955,0
2021-12-22 13:56:00,1955,1955,1955,1955,0
2021-12-22 13:57:00,1970,1970,1970,1970,100
2021-12-22 13:58:00,1970,1970,1970,1970,0
2021-12-22 13:59:00,1970,1970,1970,1970,0
2021-12-22 14:00:00,1970,1970,1970,1970,100
2021-12-22 14:01:00,1970,1970,1970,1970,100
2021-12-22 14:02:00,1970,1970,1970,1970,0
2021-12-22 14:03:00,1970,1970,1970,1970,0
2021-12-22 14:04:00,1970,1970,1970,1970,0
2021-12-22 14:05:00,1985,1985,1985,1985,100
2021-12-22 14:06:00,1985,1985,1985,1985,100
2021-12-22 14:07:00,1985,1985,1985,1985,0
2021-12-22 14:08:00,1990,1990,1990,1990,100
2021-12-22 14:09:00,1990,1990,1990,1990,100
2021-12-22 14:10:00,1990,1990,1990,1990,0
2021-12-22 14:11:00,1990,1990,1990,1990,0
2021-12-22 14:12:00,1990,1990,1990,1990,0
2021-12-22 14:13:00,1990,1990,1990,1990,0
2021-12-22 14:14:00,1990,1990,1990,1990,0
2021-12-22 14:15:00,1990,1990,1990,1990,0
2021-12-22 14:16:00,1990,1990,1990,1990,100
2021-12-22 14:17:00,1990,1990,1990,1990,0
2021-12-22 14:18:00,1990,1990,1990,1990,0
2021-12-22 14:19:00,1990,1990,1990,1990,0
2021-12-22 14:20:00,1990,1990,1990,1990,0
2021-12-22 14:21:00,1990,1990,1990,1990,0
2021-12-22 14:22:00,1990,1990,1990,1990,0
2021-12-22 14:23:00,1985,1985,1985,1985,100
2021-12-22 14:24:00,1985,1985,1985,1985,0
2021-12-22 14:25:00,1985,1985,1985,1985,0
2021-12-22 14:26:00,1985,1985,1985,1985,0
2021-12-22 14:27:00,1985,1985,1985,1985,0
2021-12-22 14:28:00,1985,1985,1985,1985,0
2021-12-22 14:29:00,1985,1985,1985,1985,0
2021-12-22 14:30:00,1970,1970,1970,1970,100
2021-12-22 14:31:00,1970,1970,1970,1970,0
2021-12-22 14:32:00,1970,1970,1970,1970,0
2021-12-22 14:33:00,1970,1970,1970,1970,0
2021-12-22 14:34:00,1970,1970,1970,1970,0
2021-12-22 14:35:00,1970,1970,1970,1970,100
2021-12-22 14:36:00,1970,1970,1970,1970,0
2021-12-22 14:37:00,1970,1970,1970,1970,0
2021-12-22 14:38:00,1970,1970,1970,1970,0
2021-12-22 14:39:00,1970,1970,1970,1970,0
2021-12-22 14:40:00,1970,1970,1970,1970,0
2021-12-22 14:41:00,1970,1970,1970,1970,0
2021-12-22 14:42:00,1970,1970,1970,1970,0
2021-12-22 14:43:00,1970,1970,1970,1970,0
2021-12-22 14:44:00,1970,1970,1970,1970,100
2021-12-22 14:45:00,1970,1970,1970,1970,0
2021-12-22 14:46:00,1970,1970,1970,1970,0
2021-12-22 14:47:00,1970,1970,1970,1970,0
2021-12-22 14:48:00,1970,1970,1970,1970,0
2021-12-22 14:49:00,1970,1970,1970,1970,0
2021-12-22 14:50:00,1970,1970,1970,1970,0
2021-12-22 14:51:00,1970,1970,1970,1970,0
2021-12-22 14:52:00,1970,1970,1970,1970,0
2021-12-22 14:53:00,1970,1970,1970,1970,0
2021-12-22 14:54:00,1970,1970,1970,1970,0
2021-12-22 14:55:00,1970,1970,1970,1970,0
2021-12-22 14:56:00,1970,1970,1970,1970,0
2021-12-22 14:57:00,1970,1970,1970,1970,0
2021-12-22 14:58:00,1970,1970,1970,1970,0
2021-12-22 14:59:00,1970,1970,1970,1970,0
2021-12-22 15:00:00,1970,1970,1970,1970,5500
2021-12-22 15:01:00,1970,1970,1970,1970,0
2021-12-22 15:02:00,1970,1970,1970,1970,0
2021-12-22 15:03:00,1970,1970,1970,1970,0
2021-12-22 15:04:00,1970,1970,1970,1970,0
2021-12-22 15:05:00,1970,1970,1970,1970,200
2021-12-22 15:06:00,1970,1970,1970,1970,100
2021-12-22 15:07:00,1970,1970,1970,1970,0
2021-12-22 15:08:00,1970,1970,1970,1970,0
2021-12-22 15:09:00,1970,1970,1970,1970,0
2021-12-22 15:10:00,1970,1970,1970,1970,0
2021-12-22 15:11:00,1970,1970,1970,1970,0
2021-12-22 15:12:00,1970,1970,1970,1970,0
2021-12-22 15:13:00,1970,1970,1970,1970,0
2021-12-22 15:14:00,1970,1970,1970,1970,0
2021-12-22 15:15:00,1970,1970,1970,1970,0
2021-12-22 15:16:00,1970,1970,1970,1970,0
2021-12-22 15:17:00,1970,1970,1970,1970,0
2021-12-22 15:18:00,1970,1970,1970,1970,0
2021-12-22 15:19:00,1970,1970,1970,1970,0
2021-12-22 15:20:00,1970,1970,1970,1970,0
2021-12-22 15:21:00,1970,1970,1970,1970,0
2021-12-22 15:22:00,1970,1970,1970,1970,0
2021-12-22 15:23:00,1970,1970,1970,1970,0
2021-12-22 15:24:00,1970,1970,1970,1970,0
2021-12-22 15:25:00,1970,1970,1970,1970,0
2021-12-22 15:26:00,1970,1970,1970,1970,0
2021-12-22 15:27:00,1970,1970,1970,1970,0
2021-12-22 15:28:00,1970,1970,1970,1970,0
2021-12-22 15:29:00,1970,1970,1970,1970,0
2021-12-22 15:30:00,1970,1970,1970,1970,0
2021-12-22 15:31:00,1970,1970,1970,1970,0
2021-12-22 15:32:00,1970,1970,1970,1970,0
2021-12-22 15:33:00,1970,1970,1970,1970,0
2021-12-22 15:34:00,1970,1970,1970,1970,0
2021-12-22 15:35:00,1970,1970,1970,1970,0
2021-12-22 15:36:00,1970,1970,1970,1970,0
2021-12-22 15:37:00,1970,1970,1970,1970,0
2021-12-22 15:38:00,1970,1970,1970,1970,0
2021-12-22 15:39:00,1970,1970,1970,1970,0
2021-12-22 15:40:00,1970,1970,1970,1970,0
2021-12-22 15:41:00,1970,1970,1970,1970,0
2021-12-22 15:42:00,1970,1970,1970,1970,0
2021-12-22 15:43:00,1970,1970,1970,1970,0
2021-12-22 15:44:00,1970,1970,1970,1970,0
2021-12-22 15:45:00,1970,1970,1970,1970,0
2021-12-22 15:46:00,1970,1970,1970,1970,0
2021-12-22 15:47:00,1970,1970,1970,1970,0
2021-12-22 15:48:00,1970,1970,1970,1970,0
2021-12-22 15:49:00,1970,1970,1970,1970,0
2021-12-22 15:50:00,1970,1970,1970,1970,0
2021-12-22 15:51:00,1970,1970,1970,1970,0
2021-12-22 15:52:00,1970,1970,1970,1970,0
2021-12-22 15:53:00,1970,1970,1970,1970,0
2021-12-22 15:54:00,1970,1970,1970,1970,0
2021-12-22 15:55:00,1970,1970,1970,1970,0
2021-12-22 15:56:00,1970,1970,1970,1970,0
2021-12-22 15:57:00,1970,1970,1970,1970,0
2021-12-22 15:58:00,1970,1970,1970,1970,0
2021-12-22 15:59:00,1970,1970,1970,1970,0
2021-12-23 09:00:00,1970,1970,1970,1970,0
2021-12-23 09:01:00,1970,1970,1970,1970,100
2021-12-23 09:02:00,1970,1970,1970,1970,100
2021-12-23 09:03:00,1970,1970,1970,1970,0
2021-12-23 09:04:00,1970,1970,1970,1970,0
2021-12-23 09:05:00,1995,1995,1995,1995,100
2021-12-23 09:06:00,1995,1995,1995,1995,0
2021-12-23 09:07:00,1995,1995,1995,1995,0
2021-12-23 09:08:00,1995,1995,1995,1995,0
2021-12-23 09:09:00,1995,1995,1995,1995,0
2021-12-23 09:10:00,1985,1985,1985,1985,100
2021-12-23 09:11:00,1985,1985,1985,1985,0
2021-12-23 09:12:00,1985,1985,1985,1985,0
2021-12-23 09:13:00,1985,1985,1985,1985,0
2021-12-23 09:14:00,1985,1985,1985,1985,0
2021-12-23 09:15:00,1985,1985,1985,1985,0
2021-12-23 09:16:00,1985,1985,1985,1985,100
2021-12-23 09:17:00,1985,1985,1985,1985,0
2021-12-23 09:18:00,1985,1985,1985,1985,0
2021-12-23 09:19:00,1985,1985,1985,1985,100
2021-12-23 09:20:00,1985,1985,1985,1985,0
2021-12-23 09:21:00,1985,1985,1985,1985,0
2021-12-23 09:22:00,1985,1985,1985,1985,0
2021-12-23 09:23:00,1985,1985,1985,1985,0
2021-12-23 09:24:00,1985,1985,1985,1985,0
2021-12-23 09:25:00,1985,1985,1985,1985,200
2021-12-23 09:26:00,1985,1985,1985,1985,0
2021-12-23 09:27:00,1985,1985,1985,1985,0
2021-12-23 09:28:00,1985,1985,1985,1985,0
2021-12-23 09:29:00,1985,1985,1985,1985,0
2021-12-23 09:30:00,1985,1985,1985,1985,0
2021-12-23 09:31:00,1985,1985,1985,1985,0
2021-12-23 09:32:00,1985,1985,1985,1985,0
2021-12-23 09:33:00,1985,1985,1985,1985,100
2021-12-23 09:34:00,1985,1985,1985,1985,100
2021-12-23 09:35:00,1985,1985,1985,1985,0
2021-12-23 09:36:00,1985,1985,1985,1985,0
2021-12-23 09:37:00,1985,1985,1985,1985,0
2021-12-23 09:38:00,1985,1985,1985,1985,0
2021-12-23 09:39:00,1985,1985,1985,1985,0
2021-12-23 09:40:00,1985,1985,1985,1985,0
2021-12-23 09:41:00,1985,1985,1985,1985,0
2021-12-23 09:42:00,1985,1985,1985,1985,0
2021-12-23 09:43:00,1985,1985,1985,1985,0
2021-12-23 09:44:00,1985,1985,1985,1985,0
2021-12-23 09:45:00,1985,1985,1985,1985,0
2021-12-23 09:46:00,1985,1985,1985,1985,0
2021-12-23 09:47:00,1985,1985,1985,1985,0
2021-12-23 09:48:00,1985,1985,1985,1985,0
2021-12-23 09:49:00,1985,1985,1985,1985,0
2021-12-23 09:50:00,1985,1985,1985,1985,0
2021-12-23 09:51:00,1985,1985,1985,1985,0
2021-12-23 09:52:00,1985,1985,1985,1985,0
2021-12-23 09:53:00,1985,1985,1985,1985,0
2021-12-23 09:54:00,1985,1985,1985,1985,0
2021-12-23 09:55:00,1985,1985,1985,1985,0
2021-12-23 09:56:00,1985,1985,1985,1985,0
2021-12-23 09:57:00,1985,1985,1985,1985,0
2021-12-23 09:58:00,1985,1985,1985,1985,0
2021-12-23 09:59:00,1985,1985,1985,1985,0
2021-12-23 10:00:00,1985,1985,1985,1985,0
2021-12-23 10:01:00,1985,1985,1985,1985,0
2021-12-23 10:02:00,1985,1985,1985,1985,0
2021-12-23 10:03:00,1985,1985,1985,1985,0
2021-12-23 10:04:00,1985,1985,1985,1985,0
2021-12-23 10:05:00,1985,1985,1985,1985,0
2021-12-23 10:06:00,1985,1985,1985,1985,0
2021-12-23 10:07:00,1985,1985,1985,1985,0
2021-12-23 10:08:00,1985,1985,1985,1985,0
2021-12-23 10:09:00,1985,1985,1985,1985,0
2021-12-23 10:10:00,1985,1985,1985,1985,0
2021-12-23 10:11:00,1985,1985,1985,1985,0
2021-12-23 10:12:00,1985,1985,1985,1985,0
2021-12-23 10:13:00,1985,1985,1985,1985,0
2021-12-23 10:14:00,1985,1985,1985,1985,0
2021-12-23 10:15:00,1985,1985,1985,1985,0
2021-12-23 10:16:00,1985,1985,1985,1985,0
2021-12-23 10:17:00,1985,1985,1985,1985,0
2021-12-23 10:18:00,1985,1985,1985,1985,0
2021-12-23 10:19:00,1985,1985,1985,1985,0
2021-12-23 10:20:00,1985,1985,1985,1985,0
2021-12-23 10:21:00,1985,1985,1985,1985,0
2021-12-23 10:22:00,1985,1985,1985,1985,0
2021-12-23 10:23:00,1985,1985,1985,1985,0
2021-12-23 10:24:00,1985,1985,1985,1985,0
2021-12-23 10:25:00,1985,1985,1985,1985,0
2021-12-23 10:26:00,1985,1985,1985,1985,0
2021-12-23 10:27:00,1985,1985,1985,1985,0
2021-12-23 10:28:00,1985,1985,1985,1985,0
2021-12-23 10:29:00,1985,1985,1985,1985,0
2021-12-23 10:30:00,1985,1985,1985,1985,0
2021-12-23 10:31:00,1985,1985,1985,1985,0
2021-12-23 10:32:00,1985,1985,1985,1985,0
2021-12-23 10:33:00,1985,1985,1985,1985,0
2021-12-23 10:34:00,1985,1985,1985,1985,0
2021-12-23 10:35:00,1985,1985,1985,1985,100
2021-12-23 10:36:00,1985,1985,1985,1985,0
2021-12-23 10:37:00,1985,1985,1985,1985,100
2021-12-23 10:38:00,1985,1985,1985,1985,0
2021-12-23 10:39:00,1985,1985,1985,1985,0
2021-12-23 10:40:00,1985,1985,1985,1985,0
2021-12-23 10:41:00,1985,1985,1985,1985,0
2021-12-23 10:42:00,1985,1985,1985,1985,0
2021-12-23 10:43:00,1985,1985,1985,1985,0
2021-12-23 10:44:00,1985,1985,1985,1985,0
2021-12-23 10:45:00,1985,1985,1985,1985,0
2021-12-23 10:46:00,1985,1985,1985,1985,0
2021-12-23 10:47:00,1985,1985,1985,1985,0
2021-12-23 10:48:00,1985,1985,1985,1985,0
2021-12-23 10:49:00,1985,1985,1985,1985,0
2021-12-23 10:50:00,1985,1985,1985,1985,0
2021-12-23 10:51:00,1985,1985,1985,1985,0
2021-12-23 10:52:00,1985,1985,1985,1985,0
2021-12-23 10:53:00,1985,1985,1985,1985,0
2021-12-23 10:54:00,1985,1985,1985,1985,0
2021-12-23 10:55:00,1985,1985,1985,1985,0
2021-12-23 10:56:00,1985,1985,1985,1985,0
2021-12-23 10:57:00,1985,1985,1985,1985,0
2021-12-23 10:58:00,1985,1985,1985,1985,0
2021-12-23 10:59:00,1985,1985,1985,1985,0
2021-12-23 11:00:00,1985,1985,1985,1985,0
2021-12-23 11:01:00,1985,1985,1985,1985,100
2021-12-23 11:02:00,1985,1985,1985,1985,0
2021-12-23 11:03:00,1985,1985,1985,1985,0
2021-12-23 11:04:00,1985,1985,1985,1985,0
2021-12-23 11:05:00,1985,1985,1985,1985,0
2021-12-23 11:06:00,1985,1985,1985,1985,100
2021-12-23 11:07:00,1985,1985,1985,1985,0
2021-12-23 11:08:00,1985,1985,1985,1985,0
2021-12-23 11:09:00,1985,1985,1985,1985,300
2021-12-23 11:10:00,1985,1985,1985,1985,0
2021-12-23 11:11:00,1985,1985,1985,1985,0
2021-12-23 11:12:00,1985,1985,1985,1985,0
2021-12-23 11:13:00,1985,1985,1985,1985,0
2021-12-23 11:14:00,1985,1985,1985,1985,0
2021-12-23 11:15:00,1985,1985,1985,1985,0
2021-12-23 11:16:00,1985,1985,1985,1985,0
2021-12-23 11:17:00,1985,1985,1985,1985,0
2021-12-23 11:18:00,1985,1985,1985,1985,0
2021-12-23 11:19:00,1985,1985,1985,1985,0
2021-12-23 11:20:00,1985,1985,1985,1985,100
2021-12-23 11:21:00,1985,1985,1985,1985,0
2021-12-23 11:22:00,1985,1985,1985,1985,0
2021-12-23 11:23:00,1985,1985,1985,1985,0
2021-12-23 11:24:00,1985,1985,1985,1985,0
2021-12-23 11:25:00,1985,1985,1985,1985,0
2021-12-23 11:26:00,1985,1985,1985,1985,0
2021-12-23 11:27:00,1985,1985,1985,1985,0
2021-12-23 11:28:00,1985,1985,1985,1985,0
2021-12-23 11:29:00,1985,1985,1985,1985,0
2021-12-23 11:30:00,1985,1985,1985,1985,0
2021-12-23 11:31:00,1985,1985,1985,1985,0
2021-12-23 11:32:00,1985,1985,1985,1985,0
2021-12-23 11:33:00,1985,1985,1985,1985,0
2021-12-23 11:34:00,1985,1985,1985,1985,0
2021-12-23 11:35:00,1985,1985,1985,1985,0
2021-12-23 11:36:00,1985,1985,1985,1985,0
2021-12-23 11:37:00,1985,1985,1985,1985,0
2021-12-23 11:38:00,1985,1985,1985,1985,0
2021-12-23 11:39:00,1985,1985,1985,1985,0
2021-12-23 11:40:00,1985,1985,1985,1985,0
2021-12-23 11:41:00,1985,1985,1985,1985,0
2021-12-23 11:42:00,1985,1985,1985,1985,0
2021-12-23 11:43:00,1985,1985,1985,1985,0
2021-12-23 11:44:00,1985,1985,1985,1985,0
2021-12-23 11:45:00,1985,1985,1985,1985,0
2021-12-23 11:46:00,1985,1985,1985,1985,0
2021-12-23 11:47:00,1985,1985,1985,1985,0
2021-12-23 11:48:00,1985,1985,1985,1985,0
2021-12-23 11:49:00,1985,1985,1985,1985,0
2021-12-23 11:50:00,1985,1985,1985,1985,0
2021-12-23 11:51:00,1985,1985,1985,1985,0
2021-12-23 11:52:00,1985,1985,1985,1985,0
2021-12-23 11:53:00,1985,1985,1985,1985,0
2021-12-23 11:54:00,1985,1985,1985,1985,0
2021-12-23 11:55:00,1985,1985,1985,1985,0
2021-12-23 11:56:00,1985,1985,1985,1985,0
2021-12-23 11:57:00,1985,1985,1985,1985,0
2021-12-23 11:58:00,1985,1985,1985,1985,0
2021-12-23 11:59:00,1985,1985,1985,1985,0
2021-12-23 12:00:00,1985,1985,1985,1985,0
2021-12-23 12:01:00,1985,1985,1985,1985,0
2021-12-23 12:02:00,1985,1985,1985,1985,0
2021-12-23 12:03:00,1985,1985,1985,1985,0
2021-12-23 12:04:00,1985,1985,1985,1985,0
2021-12-23 12:05:00,1985,1985,1985,1985,0
2021-12-23 12:06:00,1985,1985,1985,1985,0
2021-12-23 12:07:00,1985,1985,1985,1985,0
2021-12-23 12:08:00,1985,1985,1985,1985,0
2021-12-23 12:09:00,1985,1985,1985,1985,0
2021-12-23 12:10:00,1985,1985,1985,1985,0
2021-12-23 12:11:00,1985,1985,1985,1985,0
2021-12-23 12:12:00,1985,1985,1985,1985,0
2021-12-23 12:13:00,1985,1985,1985,1985,0
2021-12-23 12:14:00,1985,1985,1985,1985,0
2021-12-23 12:15:00,1985,1985,1985,1985,0
2021-12-23 12:16:00,1985,1985,1985,1985,0
2021-12-23 12:17:00,1985,1985,1985,1985,0
2021-12-23 12:18:00,1985,1985,1985,1985,0
2021-12-23 12:19:00,1985,1985,1985,1985,0
2021-12-23 12:20:00,1985,1985,1985,1985,0
2021-12-23 12:21:00,1985,1985,1985,1985,0
2021-12-23 12:22:00,1985,1985,1985,1985,0
2021-12-23 12:23:00,1985,1985,1985,1985,0
2021-12-23 12:24:00,1985,1985,1985,1985,0
2021-12-23 12:25:00,1985,1985,1985,1985,0
2021-12-23 12:26:00,1985,1985,1985,1985,0
2021-12-23 12:27:00,1985,1985,1985,1985,0
2021-12-23 12:28:00,1985,1985,1985,1985,0
2021-12-23 12:29:00,1985,1985,1985,1985,0
2021-12-23 12:30:00,1985,1985,1985,1985,0
2021-12-23 12:31:00,1985,1985,1985,1985,0
2021-12-23 12:32:00,1985,1985,1985,1985,0
2021-12-23 12:33:00,1985,1985,1985,1985,0
2021-12-23 12:34:00,1985,1985,1985,1985,0
2021-12-23 12:35:00,1985,1985,1985,1985,0
2021-12-23 12:36:00,1985,1985,1985,1985,0
2021-12-23 12:37:00,1985,1985,1985,1985,0
2021-12-23 12:38:00,1985,1985,1985,1985,0
2021-12-23 12:39:00,1985,1985,1985,1985,0
2021-12-23 12:40:00,1985,1985,1985,1985,0
2021-12-23 12:41:00,1985,1985,1985,1985,0
2021-12-23 12:42:00,1985,1985,1985,1985,0
2021-12-23 12:43:00,1985,1985,1985,1985,0
2021-12-23 12:44:00,1985,1985,1985,1985,0
2021-12-23 12:45:00,1985,1985,1985,1985,0
2021-12-23 12:46:00,1985,1985,1985,1985,0
2021-12-23 12:47:00,1985,1985,1985,1985,0
2021-12-23 12:48:00,1985,1985,1985,1985,0
2021-12-23 12:49:00,1985,1985,1985,1985,0
2021-12-23 12:50:00,1985,1985,1985,1985,0
2021-12-23 12:51:00,1985,1985,1985,1985,0
2021-12-23 12:52:00,1985,1985,1985,1985,0
2021-12-23 12:53:00,1985,1985,1985,1985,0
2021-12-23 12:54:00,1985,1985,1985,1985,0
2021-12-23 12:55:00,1985,1985,1985,1985,0
2021-12-23 12:56:00,1985,1985,1985,1985,0
2021-12-23 12:57:00,1985,1985,1985,1985,0
2021-12-23 12:58:00,1985,1985,1985,1985,0
2021-12-23 12:59:00,1985,1985,1985,1985,0
2021-12-23 13:00:00,1985,1985,1985,1985,0
2021-12-23 13:01:00,1985,1985,1985,1985,0
2021-12-23 13:02:00,1985,1985,1985,1985,0
2021-12-23 13:03:00,1985,1985,1985,1985,0
2021-12-23 13:04:00,1985,1985,1985,1985,0
2021-12-23 13:05:00,1985,1985,1985,1985,0
2021-12-23 13:06:00,1985,1985,1985,1985,0
2021-12-23 13:07:00,1985,1985,1985,1985,0
2021-12-23 13:08:00,1985,1985,1985,1985,0
2021-12-23 13:09:00,1985,1985,1985,1985,0
2021-12-23 13:10:00,1985,1985,1985,1985,0
2021-12-23 13:11:00,1985,1985,1985,1985,0
2021-12-23 13:12:00,1985,1985,1985,1985,0
2021-12-23 13:13:00,1985,1985,1985,1985,0
2021-12-23 13:14:00,1985,1985,1985,1985,0
2021-12-23 13:15:00,1985,1985,1985,1985,0
2021-12-23 13:16:00,1985,1985,1985,1985,0
2021-12-23 13:17:00,1985,1985,1985,1985,0
2021-12-23 13:18:00,1985,1985,1985,1985,0
2021-12-23 13:19:00,1985,1985,1985,1985,0
2021-12-23 13:20:00,1985,1985,1985,1985,0
2021-12-23 13:21:00,1985,1985,1985,1985,0
2021-12-23 13:22:00,1985,1985,1985,1985,0
2021-12-23 13:23:00,1985,1985,1985,1985,0
2021-12-23 13:24:00,1985,1985,1985,1985,0
2021-12-23 13:25:00,1985,1985,1985,1985,0
2021-12-23 13:26:00,1985,1985,1985,1985,0
2021-12-23 13:27:00,1985,1985,1985,1985,0
2021-12-23 13:28:00,1985,1985,1985,1985,0
2021-12-23 13:29:00,1985,1985,1985,1985,0
2021-12-23 13:30:00,1985,1985,1985,1985,1000
2021-12-23 13:31:00,1985,1985,1985,1985,100
2021-12-23 13:32:00,1985,1985,1985,1985,0
2021-12-23 13:33:00,1985,1985,1985,1985,100
2021-12-23 13:34:00,1985,1985,1985,1985,100
2021-12-23 13:35:00,1985,1985,1985,1985,0
2021-12-23 13:36:00,1985,1985,1985,1985,100
2021-12-23 13:37:00,1985,1985,1985,1985,100
2021-12-23 13:38:00,1985,1985,1985,1985,0
2021-12-23 13:39:00,1985,1985,1985,1985,200
2021-12-23 13:40:00,1985,1985,1985,1985,0
2021-12-23 13:41:00,1985,1985,1985,1985,0
2021-12-23 13:42:00,1985,1985,1985,1985,0
2021-12-23 13:43:00,1985,1985,1985,1985,0
2021-12-23 13:44:00,1985,1985,1985,1985,100
2021-12-23 13:45:00,1985,1985,1985,1985,100
2021-12-23 13:46:00,1985,1985,1985,1985,100
2021-12-23 13:47:00,1985,1985,1985,1985,0
2021-12-23 13:48:00,1985,1985,1985,1985,0
2021-12-23 13:49:00,1985,1985,1985,1985,0
2021-12-23 13:50:00,1985,1985,1985,1985,0
2021-12-23 13:51:00,1985,1985,1985,1985,0
2021-12-23 13:52:00,1985,1985,1985,1985,0
2021-12-23 13:53:00,1985,1985,1985,1985,0
2021-12-23 13:54:00,1985,1985,1985,1985,0
2021-12-23 13:55:00,1985,1985,1985,1985,0
2021-12-23 13:56:00,1985,1985,1985,1985,0
2021-12-23 13:57:00,1985,1985,1985,1985,0
2021-12-23 13:58:00,1985,1985,1985,1985,0
2021-12-23 13:59:00,1985,1985,1985,1985,0
2021-12-23 14:00:00,1985,1985,1985,1985,0
2021-12-23 14:01:00,1985,1985,1985,1985,0
2021-12-23 14:02:00,1985,1985,1985,1985,0
2021-12-23 14:03:00,1985,1985,1985,1985,200
2021-12-23 14:04:00,1985,1985,1985,1985,0
2021-12-23 14:05:00,1985,1985,1985,1985,100
2021-12-23 14:06:00,1985,1985,1985,1985,0
2021-12-23 14:07:00,1985,1985,1985,1985,0
2021-12-23 14:08:00,1985,1985,1985,1985,100
2021-12-23 14:09:00,1985,1985,1985,1985,100
2021-12-23 14:10:00,1985,1985,1985,1985,0
2021-12-23 14:11:00,1985,1985,1985,1985,0
2021-12-23 14:12:00,1985,1985,1985,1985,0
2021-12-23 14:13:00,1985,1985,1985,1985,0
2021-12-23 14:14:00,1985,1985,1985,1985,0
2021-12-23 14:15:00,1985,1985,1985,1985,0
2021-12-23 14:16:00,1985,1985,1985,1985,0
2021-12-23 14:17:00,1985,1985,1985,1985,0
2021-12-23 14:18:00,1985,1985,1985,1985,0
2021-12-23 14:19:00,1985,1985,1985,1985,0
2021-12-23 14:20:00,1985,1985,1985,1985,0
2021-12-23 14:21:00,1985,1985,1985,1985,0
2021-12-23 14:22:00,1985,1985,1985,1985,0
2021-12-23 14:23:00,1985,1985,1985,1985,0
2021-12-23 14:24:00,1985,1985,1985,1985,0
2021-12-23 14:25:00,1960,1960,1985,1985,200
2021-12-23 14:26:00,1985,1985,1985,1985,100
2021-12-23 14:27:00,1985,1985,1985,1985,0
2021-12-23 14:28:00,1985,1985,1985,1985,0
2021-12-23 14:29:00,1985,1985,1985,1985,0
2021-12-23 14:30:00,1985,1985,1985,1985,0
2021-12-23 14:31:00,1985,1985,1985,1985,0
2021-12-23 14:32:00,1985,1985,1985,1985,0
2021-12-23 14:33:00,1985,1985,1985,1985,0
2021-12-23 14:34:00,1985,1985,1985,1985,0
2021-12-23 14:35:00,1985,1985,1985,1985,0
2021-12-23 14:36:00,1985,1985,1985,1985,0
2021-12-23 14:37:00,1985,1985,1985,1985,0
2021-12-23 14:38:00,1985,1985,1985,1985,0
2021-12-23 14:39:00,1985,1985,1985,1985,0
2021-12-23 14:40:00,1985,1985,1985,1985,0
2021-12-23 14:41:00,1985,1985,1985,1985,0
2021-12-23 14:42:00,1985,1985,1985,1985,0
2021-12-23 14:43:00,1985,1985,1985,1985,0
2021-12-23 14:44:00,1985,1985,1985,1985,0
2021-12-23 14:45:00,1985,1985,1985,1985,0
2021-12-23 14:46:00,1985,1985,1985,1985,0
2021-12-23 14:47:00,1985,1985,1985,1985,0
2021-12-23 14:48:00,1985,1985,1985,1985,0
2021-12-23 14:49:00,1985,1985,1985,1985,0
2021-12-23 14:50:00,1985,1985,1985,1985,0
2021-12-23 14:51:00,1985,1985,1985,1985,0
2021-12-23 14:52:00,1985,1985,1985,1985,0
2021-12-23 14:53:00,1985,1985,1985,1985,0
2021-12-23 14:54:00,1985,1985,1985,1985,0
2021-12-23 14:55:00,1985,1985,1985,1985,0
2021-12-23 14:56:00,1985,1985,1985,1985,0
2021-12-23 14:57:00,1985,1985,1985,1985,0
2021-12-23 14:58:00,1985,1985,1985,1985,0
2021-12-23 14:59:00,1985,1985,1985,1985,0
2021-12-23 15:00:00,1985,1985,1985,1985,200
2021-12-23 15:01:00,1985,1985,1985,1985,0
2021-12-23 15:02:00,1985,1985,1985,1985,0
2021-12-23 15:03:00,1985,1985,1985,1985,0
2021-12-23 15:04:00,1985,1985,1985,1985,0
2021-12-23 15:05:00,1985,1985,1985,1985,100
2021-12-23 15:06:00,1985,1985,1985,1985,0
2021-12-23 15:07:00,1985,1985,1985,1985,100
2021-12-23 15:08:00,1985,1985,1985,1985,100
2021-12-23 15:09:00,1985,1985,1985,1985,0
2021-12-23 15:10:00,1985,1985,1985,1985,0
2021-12-23 15:11:00,1985,1985,1985,1985,0
2021-12-23 15:12:00,1985,1985,1985,1985,0
2021-12-23 15:13:00,1985,1985,1985,1985,0
2021-12-23 15:14:00,1985,1985,1985,1985,0
2021-12-23 15:15:00,1985,1985,1985,1985,0
2021-12-23 15:16:00,1985,1985,1985,1985,0
2021-12-23 15:17:00,1985,1985,1985,1985,0
2021-12-23 15:18:00,1985,1985,1985,1985,0
2021-12-23 15:19:00,1985,1985,1985,1985,0
2021-12-23 15:20:00,1985,1985,1985,1985,0
2021-12-23 15:21:00,1985,1985,1985,1985,0
2021-12-23 15:22:00,1985,1985,1985,1985,0
2021-12-23 15:23:00,1985,1985,1985,1985,0
2021-12-23 15:24:00,1985,1985,1985,1985,0
2021-12-23 15:25:00,1985,1985,1985,1985,0
2021-12-23 15:26:00,1985,1985,1985,1985,0
2021-12-23 15:27:00,1985,1985,1985,1985,0
2021-12-23 15:28:00,1985,1985,1985,1985,0
2021-12-23 15:29:00,1985,1985,1985,1985,0
2021-12-23 15:30:00,1985,1985,1985,1985,0
2021-12-23 15:31:00,1985,1985,1985,1985,0
2021-12-23 15:32:00,1985,1985,1985,1985,0
2021-12-23 15:33:00,1985,1985,1985,1985,0
2021-12-23 15:34:00,1985,1985,1985,1985,0
2021-12-23 15:35:00,1985,1985,1985,1985,0
2021-12-23 15:36:00,1985,1985,1985,1985,0
2021-12-23 15:37:00,1985,1985,1985,1985,0
2021-12-23 15:38:00,1985,1985,1985,1985,0
2021-12-23 15:39:00,1985,1985,1985,1985,0
2021-12-23 15:40:00,1985,1985,1985,1985,0
2021-12-23 15:41:00,1985,1985,1985,1985,0
2021-12-23 15:42:00,1985,1985,1985,1985,0
2021-12-23 15:43:00,1985,1985,1985,1985,0
2021-12-23 15:44:00,1985,1985,1985,1985,0
2021-12-23 15:45:00,1985,1985,1985,1985,0
2021-12-23 15:46:00,1985,1985,1985,1985,0
2021-12-23 15:47:00,1985,1985,1985,1985,0
2021-12-23 15:48:00,1985,1985,1985,1985,0
2021-12-23 15:49:00,1985,1985,1985,1985,0
2021-12-23 15:50:00,1985,1985,1985,1985,0
2021-12-23 15:51:00,1985,1985,1985,1985,0
2021-12-23 15:52:00,1985,1985,1985,1985,0
2021-12-23 15:53:00,1985,1985,1985,1985,0
2021-12-23 15:54:00,1985,1985,1985,1985,0
2021-12-23 15:55:00,1985,1985,1985,1985,0
2021-12-23 15:56:00,1985,1985,1985,1985,0
2021-12-23 15:57:00,1985,1985,1985,1985,0
2021-12-23 15:58:00,1985,1985,1985,1985,0
2021-12-23 15:59:00,1985,1985,1985,1985,0
2021-12-24 09:00:00,1985,1985,1985,1985,0
2021-12-24 09:01:00,1985,1985,1985,1985,0
2021-12-24 09:02:00,1985,1985,1985,1985,0
2021-12-24 09:03:00,1985,1985,1985,1985,0
2021-12-24 09:04:00,1985,1985,1985,1985,0
2021-12-24 09:05:00,1985,1985,1985,1985,0
2021-12-24 09:06:00,1985,1985,1985,1985,0
2021-12-24 09:07:00,1985,1985,1985,1985,0
2021-12-24 09:08:00,1985,1985,1985,1985,0
2021-12-24 09:09:00,1985,1985,1985,1985,0
2021-12-24 09:10:00,1985,1985,1985,1985,0
2021-12-24 09:11:00,1985,1985,1985,1985,0
2021-12-24 09:12:00,1985,1985,1985,1985,0
2021-12-24 09:13:00,1985,1985,1985,1985,0
2021-12-24 09:14:00,1985,1985,1985,1985,0
2021-12-24 09:15:00,1985,1985,1985,1985,0
2021-12-24 09:16:00,1985,1985,1985,1985,0
2021-12-24 09:17:00,1965,1965,1965,1965,200
2021-12-24 09:18:00,1965,1965,1965,1965,0
2021-12-24 09:19:00,1965,1965,1965,1965,0
2021-12-24 09:20:00,1965,1965,1965,1965,0
2021-12-24 09:21:00,1965,1965,1965,1965,0
2021-12-24 09:22:00,1960,1960,1960,1960,100
2021-12-24 09:23:00,1960,1960,1960,1960,0
2021-12-24 09:24:00,1960,1960,1960,1960,0
2021-12-24 09:25:00,1960,1960,1960,1960,0
2021-12-24 09:26:00,1960,1960,1960,1960,0
2021-12-24 09:27:00,1960,1960,1960,1960,0
2021-12-24 09:28:00,1960,1960,1960,1960,0
2021-12-24 09:29:00,1960,1960,1960,1960,0
2021-12-24 09:30:00,1965,1965,1965,1965,100
2021-12-24 09:31:00,1965,1965,1965,1965,0
2021-12-24 09:32:00,1965,1965,1965,1965,0
2021-12-24 09:33:00,1965,1965,1965,1965,0
2021-12-24 09:34:00,1965,1965,1965,1965,100
2021-12-24 09:35:00,1965,1965,1965,1965,100
2021-12-24 09:36:00,1965,1965,1965,1965,0
2021-12-24 09:37:00,1965,1965,1965,1965,0
2021-12-24 09:38:00,1965,1965,1965,1965,0
2021-12-24 09:39:00,1965,1965,1965,1965,0
2021-12-24 09:40:00,1965,1965,1965,1965,100
2021-12-24 09:41:00,1965,1965,1965,1965,0
2021-12-24 09:42:00,1965,1965,1965,1965,0
2021-12-24 09:43:00,1965,1965,1965,1965,0
2021-12-24 09:44:00,1965,1965,1965,1965,0
2021-12-24 09:45:00,1965,1965,1965,1965,0
2021-12-24 09:46:00,1965,1965,1965,1965,0
2021-12-24 09:47:00,1965,1965,1965,1965,100
2021-12-24 09:48:00,1965,1965,1965,1965,0
2021-12-24 09:49:00,1965,1965,1965,1965,0
2021-12-24 09:50:00,1965,1965,1965,1965,100
2021-12-24 09:51:00,1965,1965,1965,1965,0
2021-12-24 09:52:00,1965,1965,1965,1965,0
2021-12-24 09:53:00,1960,1960,1960,1960,100
2021-12-24 09:54:00,1960,1960,1960,1960,0
2021-12-24 09:55:00,1960,1960,1960,1960,0
2021-12-24 09:56:00,1960,1960,1960,1960,0
2021-12-24 09:57:00,1960,1960,1960,1960,0
2021-12-24 09:58:00,1960,1960,1960,1960,0
2021-12-24 09:59:00,1960,1960,1960,1960,0
2021-12-24 10:00:00,1960,1960,1960,1960,0
2021-12-24 10:01:00,1960,1960,1960,1960,0
2021-12-24 10:02:00,1960,1960,1960,1960,0
2021-12-24 10:03:00,1960,1960,1960,1960,0
2021-12-24 10:04:00,1960,1960,1960,1960,0
2021-12-24 10:05:00,1960,1960,1960,1960,0
2021-12-24 10:06:00,1960,1960,1960,1960,0
2021-12-24 10:07:00,1960,1960,1960,1960,0
2021-12-24 10:08:00,1960,1960,1960,1960,0
2021-12-24 10:09:00,1960,1960,1960,1960,0
2021-12-24 10:10:00,1960,1960,1960,1960,0
2021-12-24 10:11:00,1960,1960,1960,1960,0
2021-12-24 10:12:00,1960,1960,1960,1960,0
2021-12-24 10:13:00,1960,1960,1960,1960,0
2021-12-24 10:14:00,1960,1960,1960,1960,0
2021-12-24 10:15:00,1960,1960,1960,1960,0
2021-12-24 10:16:00,1960,1960,1960,1960,0
2021-12-24 10:17:00,1960,1960,1960,1960,0
2021-12-24 10:18:00,1960,1960,1960,1960,0
2021-12-24 10:19:00,1960,1960,1960,1960,0
2021-12-24 10:20:00,1960,1960,1960,1960,100
2021-12-24 10:21:00,1960,1960,1960,1960,0
2021-12-24 10:22:00,1960,1960,1960,1960,0
2021-12-24 10:23:00,1960,1960,1960,1960,100
2021-12-24 10:24:00,1960,1960,1960,1960,0
2021-12-24 10:25:00,1960,1960,1960,1960,0
2021-12-24 10:26:00,1960,1960,1960,1960,100
2021-12-24 10:27:00,1960,1960,1960,1960,0
2021-12-24 10:28:00,1960,1960,1960,1960,0
2021-12-24 10:29:00,1960,1960,1960,1960,0
2021-12-24 10:30:00,1960,1960,1960,1960,0
2021-12-24 10:31:00,1960,1960,1960,1960,100
2021-12-24 10:32:00,1960,1960,1960,1960,0
2021-12-24 10:33:00,1960,1960,1960,1960,0
2021-12-24 10:34:00,1960,1960,1960,1960,0
2021-12-24 10:35:00,1960,1960,1960,1960,0
2021-12-24 10:36:00,1960,1960,1960,1960,0
2021-12-24 10:37:00,1960,1960,1960,1960,0
2021-12-24 10:38:00,1960,1960,1960,1960,0
2021-12-24 10:39:00,1960,1960,1960,1960,0
2021-12-24 10:40:00,1960,1960,1960,1960,0
2021-12-24 10:41:00,1960,1960,1960,1960,0
2021-12-24 10:42:00,1960,1960,1960,1960,0
2021-12-24 10:43:00,1960,1960,1960,1960,0
2021-12-24 10:44:00,1960,1960,1960,1960,0
2021-12-24 10:45:00,1970,1970,1970,1970,100
2021-12-24 10:46:00,1970,1970,1970,1970,0
2021-12-24 10:47:00,1970,1970,1970,1970,0
2021-12-24 10:48:00,1970,1970,1970,1970,0
2021-12-24 10:49:00,1970,1970,1970,1970,0
2021-12-24 10:50:00,1970,1970,1970,1970,0
2021-12-24 10:51:00,1970,1970,1970,1970,0
2021-12-24 10:52:00,1970,1970,1970,1970,0
2021-12-24 10:53:00,1970,1970,1970,1970,0
2021-12-24 10:54:00,1970,1970,1970,1970,0
2021-12-24 10:55:00,1970,1970,1970,1970,0
2021-12-24 10:56:00,1970,1970,1970,1970,0
2021-12-24 10:57:00,1970,1970,1970,1970,0
2021-12-24 10:58:00,1970,1970,1970,1970,0
2021-12-24 10:59:00,1970,1970,1970,1970,0
2021-12-24 11:00:00,1970,1970,1970,1970,0
2021-12-24 11:01:00,1970,1970,1970,1970,0
2021-12-24 11:02:00,1970,1970,1970,1970,0
2021-12-24 11:03:00,1970,1970,1970,1970,0
2021-12-24 11:04:00,1970,1970,1970,1970,0
2021-12-24 11:05:00,1970,1970,1970,1970,0
2021-12-24 11:06:00,1970,1970,1970,1970,0
2021-12-24 11:07:00,1970,1970,1970,1970,0
2021-12-24 11:08:00,1970,1970,1970,1970,0
2021-12-24 11:09:00,1970,1970,1970,1970,0
2021-12-24 11:10:00,1970,1970,1970,1970,0
2021-12-24 11:11:00,1970,1970,1970,1970,0
2021-12-24 11:12:00,1970,1970,1970,1970,0
2021-12-24 11:13:00,1970,1970,1970,1970,0
2021-12-24 11:14:00,1970,1970,1970,1970,0
2021-12-24 11:15:00,1970,1970,1970,1970,0
2021-12-24 11:16:00,1970,1970,1970,1970,0
2021-12-24 11:17:00,1970,1970,1970,1970,0
2021-12-24 11:18:00,1970,1970,1970,1970,0
2021-12-24 11:19:00,1970,1970,1970,1970,0
2021-12-24 11:20:00,1970,1970,1970,1970,0
2021-12-24 11:21:00,1970,1970,1970,1970,0
2021-12-24 11:22:00,1970,1970,1970,1970,0
2021-12-24 11:23:00,1970,1970,1970,1970,0
2021-12-24 11:24:00,1970,1970,1970,1970,0
2021-12-24 11:25:00,1970,1970,1970,1970,0
2021-12-24 11:26:00,1915,1915,1915,1915,100
2021-12-24 11:27:00,1915,1915,1915,1915,0
2021-12-24 11:28:00,1915,1915,1915,1915,0
2021-12-24 11:29:00,1915,1915,1915,1915,0
2021-12-24 11:30:00,1915,1915,1915,1915,0
2021-12-24 11:31:00,1915,1915,1915,1915,0
2021-12-24 11:32:00,1915,1915,1915,1915,0
2021-12-24 11:33:00,1915,1915,1915,1915,0
2021-12-24 11:34:00,1915,1915,1915,1915,0
2021-12-24 11:35:00,1915,1915,1915,1915,0
2021-12-24 11:36:00,1915,1915,1915,1915,0
2021-12-24 11:37:00,1915,1915,1915,1915,0
2021-12-24 11:38:00,1915,1915,1915,1915,0
2021-12-24 11:39:00,1915,1915,1915,1915,0
2021-12-24 11:40:00,1915,1915,1915,1915,0
2021-12-24 11:41:00,1915,1915,1915,1915,0
2021-12-24 11:42:00,1915,1915,1915,1915,0
2021-12-24 11:43:00,1915,1915,1915,1915,0
2021-12-24 11:44:00,1915,1915,1915,1915,0
2021-12-24 11:45:00,1915,1915,1915,1915,0
2021-12-24 11:46:00,1915,1915,1915,1915,0
2021-12-24 11:47:00,1915,1915,1915,1915,0
2021-12-24 11:48:00,1915,1915,1915,1915,0
2021-12-24 11:49:00,1915,1915,1915,1915,0
2021-12-24 11:50:00,1915,1915,1915,1915,0
2021-12-24 11:51:00,1915,1915,1915,1915,0
2021-12-24 11:52:00,1915,1915,1915,1915,0
2021-12-24 11:53:00,1915,1915,1915,1915,0
2021-12-24 11:54:00,1915,1915,1915,1915,0
2021-12-24 11:55:00,1915,1915,1915,1915,0
2021-12-24 11:56:00,1915,1915,1915,1915,0
2021-12-24 11:57:00,1915,1915,1915,1915,0
2021-12-24 11:58:00,1915,1915,1915,1915,0
2021-12-24 11:59:00,1915,1915,1915,1915,0
2021-12-24 12:00:00,1915,1915,1915,1915,0
2021-12-24 12:01:00,1915,1915,1915,1915,0
2021-12-24 12:02:00,1915,1915,1915,1915,0
2021-12-24 12:03:00,1915,1915,1915,1915,0
2021-12-24 12:04:00,1915,1915,1915,1915,0
2021-12-24 12:05:00,1915,1915,1915,1915,0
2021-12-24 12:06:00,1915,1915,1915,1915,0
2021-12-24 12:07:00,1915,1915,1915,1915,0
2021-12-24 12:08:00,1915,1915,1915,1915,0
2021-12-24 12:09:00,1915,1915,1915,1915,0
2021-12-24 12:10:00,1915,1915,1915,1915,0
2021-12-24 12:11:00,1915,1915,1915,1915,0
2021-12-24 12:12:00,1915,1915,1915,1915,0
2021-12-24 12:13:00,1915,1915,1915,1915,0
2021-12-24 12:14:00,1915,1915,1915,1915,0
2021-12-24 12:15:00,1915,1915,1915,1915,0
2021-12-24 12:16:00,1915,1915,1915,1915,0
2021-12-24 12:17:00,1915,1915,1915,1915,0
2021-12-24 12:18:00,1915,1915,1915,1915,0
2021-12-24 12:19:00,1915,1915,1915,1915,0
2021-12-24 12:20:00,1915,1915,1915,1915,0
2021-12-24 12:21:00,1915,1915,1915,1915,0
2021-12-24 12:22:00,1915,1915,1915,1915,0
2021-12-24 12:23:00,1915,1915,1915,1915,0
2021-12-24 12:24:00,1915,1915,1915,1915,0
2021-12-24 12:25:00,1915,1915,1915,1915,0
2021-12-24 12:26:00,1915,1915,1915,1915,0
2021-12-24 12:27:00,1915,1915,1915,1915,0
2021-12-24 12:28:00,1915,1915,1915,1915,0
2021-12-24 12:29:00,1915,1915,1915,1915,0
2021-12-24 12:30:00,1915,1915,1915,1915,0
2021-12-24 12:31:00,1915,1915,1915,1915,0
2021-12-24 12:32:00,1915,1915,1915,1915,0
2021-12-24 12:33:00,1915,1915,1915,1915,0
2021-12-24 12:34:00,1915,1915,1915,1915,0
2021-12-24 12:35:00,1915,1915,1915,1915,0
2021-12-24 12:36:00,1915,1915,1915,1915,0
2021-12-24 12:37:00,1915,1915,1915,1915,0
2021-12-24 12:38:00,1915,1915,1915,1915,0
2021-12-24 12:39:00,1915,1915,1915,1915,0
2021-12-24 12:40:00,1915,1915,1915,1915,0
2021-12-24 12:41:00,1915,1915,1915,1915,0
2021-12-24 12:42:00,1915,1915,1915,1915,0
2021-12-24 12:43:00,1915,1915,1915,1915,0
2021-12-24 12:44:00,1915,1915,1915,1915,0
2021-12-24 12:45:00,1915,1915,1915,1915,0
2021-12-24 12:46:00,1915,1915,1915,1915,0
2021-12-24 12:47:00,1915,1915,1915,1915,0
2021-12-24 12:48:00,1915,1915,1915,1915,0
2021-12-24 12:49:00,1915,1915,1915,1915,0
2021-12-24 12:50:00,1915,1915,1915,1915,0
2021-12-24 12:51:00,1915,1915,1915,1915,0
2021-12-24 12:52:00,1915,1915,1915,1915,0
2021-12-24 12:53:00,1915,1915,1915,1915,0
2021-12-24 12:54:00,1915,1915,1915,1915,0
2021-12-24 12:55:00,1915,1915,1915,1915,0
2021-12-24 12:56:00,1915,1915,1915,1915,0
2021-12-24 12:57:00,1915,1915,1915,1915,0
2021-12-24 12:58:00,1915,1915,1915,1915,0
2021-12-24 12:59:00,1915,1915,1915,1915,0
2021-12-24 13:00:00,1915,1915,1915,1915,0
2021-12-24 13:01:00,1915,1915,1915,1915,0
2021-12-24 13:02:00,1915,1915,1915,1915,0
2021-12-24 13:03:00,1915,1915,1915,1915,0
2021-12-24 13:04:00,1915,1915,1915,1915,0
2021-12-24 13:05:00,1915,1915,1915,1915,0
2021-12-24 13:06:00,1915,1915,1915,1915,0
2021-12-24 13:07:00,1915,1915,1915,1915,0
2021-12-24 13:08:00,1915,1915,1915,1915,0
2021-12-24 13:09:00,1915,1915,1915,1915,0
2021-12-24 13:10:00,1915,1915,1915,1915,0
2021-12-24 13:11:00,1915,1915,1915,1915,0
2021-12-24 13:12:00,1915,1915,1915,1915,0
2021-12-24 13:13:00,1915,1915,1915,1915,0
2021-12-24 13:14:00,1915,1915,1915,1915,0
2021-12-24 13:15:00,1915,1915,1915,1915,0
2021-12-24 13:16:00,1915,1915,1915,1915,0
2021-12-24 13:17:00,1915,1915,1915,1915,0
2021-12-24 13:18:00,1915,1915,1915,1915,0
2021-12-24 13:19:00,1915,1915,1915,1915,0
2021-12-24 13:20:00,1915,1915,1915,1915,0
2021-12-24 13:21:00,1915,1915,1915,1915,0
2021-12-24 13:22:00,1915,1915,1915,1915,0
2021-12-24 13:23:00,1915,1915,1915,1915,0
2021-12-24 13:24:00,1915,1915,1915,1915,0
2021-12-24 13:25:00,1915,1915,1915,1915,0
2021-12-24 13:26:00,1915,1915,1915,1915,0
2021-12-24 13:27:00,1915,1915,1915,1915,0
2021-12-24 13:28:00,1915,1915,1915,1915,0
2021-12-24 13:29:00,1915,1915,1915,1915,0
2021-12-24 13:30:00,1915,1915,1920,1915,300
2021-12-24 13:31:00,1915,1915,1915,1915,100
2021-12-24 13:32:00,1915,1915,1915,1915,0
2021-12-24 13:33:00,1915,1915,1915,1915,0
2021-12-24 13:34:00,1915,1915,1915,1915,0
2021-12-24 13:35:00,1915,1915,1915,1915,0
2021-12-24 13:36:00,1915,1915,1915,1915,0
2021-12-24 13:37:00,1915,1915,1915,1915,0
2021-12-24 13:38:00,1915,1915,1915,1915,100
2021-12-24 13:39:00,1915,1915,1915,1915,0
2021-12-24 13:40:00,1915,1915,1915,1915,0
2021-12-24 13:41:00,1915,1915,1915,1915,0
2021-12-24 13:42:00,1915,1915,1915,1915,0
2021-12-24 13:43:00,1915,1915,1915,1915,0
2021-12-24 13:44:00,1915,1915,1915,1915,0
2021-12-24 13:45:00,1915,1915,1915,1915,0
2021-12-24 13:46:00,1915,1915,1915,1915,0
2021-12-24 13:47:00,1915,1915,1915,1915,0
2021-12-24 13:48:00,1915,1915,1915,1915,0
2021-12-24 13:49:00,1915,1915,1915,1915,0
2021-12-24 13:50:00,1915,1915,1915,1915,0
2021-12-24 13:51:00,1915,1915,1915,1915,0
2021-12-24 13:52:00,1960,1960,1960,1960,100
2021-12-24 13:53:00,1970,1970,1970,1970,100
2021-12-24 13:54:00,1970,1970,1970,1970,0
2021-12-24 13:55:00,1970,1970,1970,1970,0
2021-12-24 13:56:00,1970,1970,1970,1970,0
2021-12-24 13:57:00,1980,1980,1980,1980,100
2021-12-24 13:58:00,1980,1980,1980,1980,0
2021-12-24 13:59:00,1980,1980,1980,1980,0
2021-12-24 14:00:00,1980,1980,1980,1980,0
2021-12-24 14:01:00,1980,1980,1980,1980,0
2021-12-24 14:02:00,1980,1980,1980,1980,0
2021-12-24 14:03:00,1980,1980,1980,1980,0
2021-12-24 14:04:00,1980,1980,1980,1980,100
2021-12-24 14:05:00,1980,1980,1980,1980,0
2021-12-24 14:06:00,1980,1980,1980,1980,0
2021-12-24 14:07:00,1980,1980,1980,1980,0
2021-12-24 14:08:00,1980,1980,1980,1980,0
2021-12-24 14:09:00,1980,1980,1980,1980,0
2021-12-24 14:10:00,1980,1980,1980,1980,0
2021-12-24 14:11:00,1980,1980,1980,1980,0
2021-12-24 14:12:00,1980,1980,1980,1980,0
2021-12-24 14:13:00,1980,1980,1980,1980,0
2021-12-24 14:14:00,1980,1980,1980,1980,0
2021-12-24 14:15:00,1970,1970,1970,1970,100
2021-12-24 14:16:00,1970,1970,1970,1970,0
2021-12-24 14:17:00,1970,1970,1970,1970,0
2021-12-24 14:18:00,1970,1970,1970,1970,0
2021-12-24 14:19:00,1970,1970,1970,1970,0
2021-12-24 14:20:00,1970,1970,1970,1970,0
2021-12-24 14:21:00,1970,1970,1970,1970,0
2021-12-24 14:22:00,1970,1970,1970,1970,0
2021-12-24 14:23:00,1970,1970,1970,1970,0
2021-12-24 14:24:00,1970,1970,1970,1970,0
2021-12-24 14:25:00,1970,1970,1970,1970,0
2021-12-24 14:26:00,1970,1970,1970,1970,0
2021-12-24 14:27:00,1970,1970,1970,1970,0
2021-12-24 14:28:00,1970,1970,1970,1970,0
2021-12-24 14:29:00,1970,1970,1970,1970,0
2021-12-24 14:30:00,1970,1970,1970,1970,0
2021-12-24 14:31:00,1970,1970,1970,1970,0
2021-12-24 14:32:00,1970,1970,1970,1970,0
2021-12-24 14:33:00,1970,1970,1970,1970,0
2021-12-24 14:34:00,1970,1970,1970,1970,0
2021-12-24 14:35:00,1970,1970,1970,1970,0
2021-12-24 14:36:00,1970,1970,1970,1970,0
2021-12-24 14:37:00,1970,1970,1970,1970,0
2021-12-24 14:38:00,1970,1970,1970,1970,0
2021-12-24 14:39:00,1970,1970,1970,1970,300
2021-12-24 14:40:00,1970,1970,1970,1970,0
2021-12-24 14:41:00,1970,1970,1970,1970,0
2021-12-24 14:42:00,1970,1970,1970,1970,0
2021-12-24 14:43:00,1970,1970,1970,1970,0
2021-12-24 14:44:00,1970,1970,1970,1970,0
2021-12-24 14:45:00,1970,1970,1970,1970,0
2021-12-24 14:46:00,1970,1970,1970,1970,0
2021-12-24 14:47:00,1970,1970,1970,1970,0
2021-12-24 14:48:00,1970,1970,1970,1970,0
2021-12-24 14:49:00,1970,1970,1970,1970,0
2021-12-24 14:50:00,1970,1970,1970,1970,0
2021-12-24 14:51:00,1970,1970,1970,1970,0
2021-12-24 14:52:00,1970,1970,1970,1970,0
2021-12-24 14:53:00,1970,1970,1970,1970,0
2021-12-24 14:54:00,1970,1970,1970,1970,0
2021-12-24 14:55:00,1970,1970,1970,1970,0
2021-12-24 14:56:00,1970,1970,1970,1970,0
2021-12-24 14:57:00,1970,1970,1970,1970,0
2021-12-24 14:58:00,1970,1970,1970,1970,0
2021-12-24 14:59:00,1970,1970,1970,1970,0
2021-12-24 15:00:00,1970,1970,1970,1970,600
2021-12-24 15:01:00,1970,1970,1970,1970,0
2021-12-24 15:02:00,1970,1970,1970,1970,0
2021-12-24 15:03:00,1970,1970,1970,1970,0
2021-12-24 15:04:00,1970,1970,1970,1970,0
2021-12-24 15:05:00,1970,1970,1970,1970,0
2021-12-24 15:06:00,1970,1970,1970,1970,0
2021-12-24 15:07:00,1970,1970,1970,1970,0
2021-12-24 15:08:00,1970,1970,1970,1970,0
2021-12-24 15:09:00,1970,1970,1970,1970,0
2021-12-24 15:10:00,1970,1970,1970,1970,0
2021-12-24 15:11:00,1970,1970,1970,1970,0
2021-12-24 15:12:00,1970,1970,1970,1970,0
2021-12-24 15:13:00,1970,1970,1970,1970,0
2021-12-24 15:14:00,1970,1970,1970,1970,0
2021-12-24 15:15:00,1970,1970,1970,1970,0
2021-12-24 15:16:00,1970,1970,1970,1970,0
2021-12-24 15:17:00,1970,1970,1970,1970,0
2021-12-24 15:18:00,1970,1970,1970,1970,0
2021-12-24 15:19:00,1970,1970,1970,1970,0
2021-12-24 15:20:00,1970,1970,1970,1970,0
2021-12-24 15:21:00,1970,1970,1970,1970,0
2021-12-24 15:22:00,1970,1970,1970,1970,0
2021-12-24 15:23:00,1970,1970,1970,1970,0
2021-12-24 15:24:00,1970,1970,1970,1970,0
2021-12-24 15:25:00,1970,1970,1970,1970,0
2021-12-24 15:26:00,1970,1970,1970,1970,0
2021-12-24 15:27:00,1970,1970,1970,1970,0
2021-12-24 15:28:00,1970,1970,1970,1970,0
2021-12-24 15:29:00,1970,1970,1970,1970,0
2021-12-24 15:30:00,1970,1970,1970,1970,0
2021-12-24 15:31:00,1970,1970,1970,1970,0
2021-12-24 15:32:00,1970,1970,1970,1970,0
2021-12-24 15:33:00,1970,1970,1970,1970,0
2021-12-24 15:34:00,1970,1970,1970,1970,0
2021-12-24 15:35:00,1970,1970,1970,1970,0
2021-12-24 15:36:00,1970,1970,1970,1970,0
2021-12-24 15:37:00,1970,1970,1970,1970,0
2021-12-24 15:38:00,1970,1970,1970,1970,0
2021-12-24 15:39:00,1970,1970,1970,1970,0
2021-12-24 15:40:00,1970,1970,1970,1970,0
2021-12-24 15:41:00,1970,1970,1970,1970,0
2021-12-24 15:42:00,1970,1970,1970,1970,0
2021-12-24 15:43:00,1970,1970,1970,1970,0
2021-12-24 15:44:00,1970,1970,1970,1970,0
2021-12-24 15:45:00,1970,1970,1970,1970,0
2021-12-24 15:46:00,1970,1970,1970,1970,0
2021-12-24 15:47:00,1970,1970,1970,1970,0
2021-12-24 15:48:00,1970,1970,1970,1970,0
2021-12-24 15:49:00,1970,1970,1970,1970,0
2021-12-24 15:50:00,1970,1970,1970,1970,0
2021-12-24 15:51:00,1970,1970,1970,1970,0
2021-12-24 15:52:00,1970,1970,1970,1970,0
2021-12-24 15:53:00,1970,1970,1970,1970,0
2021-12-24 15:54:00,1970,1970,1970,1970,0
2021-12-24 15:55:00,1970,1970,1970,1970,0
2021-12-24 15:56:00,1970,1970,1970,1970,0
2021-12-24 15:57:00,1970,1970,1970,1970,0
2021-12-24 15:58:00,1970,1970,1970,1970,0
2021-12-24 15:59:00,1970,1970,1970,1970,0
2021-12-27 09:00:00,1970,1970,1970,1970,0
2021-12-27 09:01:00,1970,1970,1970,1970,100
2021-12-27 09:02:00,1970,1970,1970,1970,100
2021-12-27 09:03:00,1970,1970,1970,1970,200
2021-12-27 09:04:00,1970,1970,1970,1970,100
2021-12-27 09:05:00,1970,1970,1970,1970,100
2021-12-27 09:06:00,1970,1970,1970,1970,200
2021-12-27 09:07:00,1965,1965,1965,1965,100
2021-12-27 09:08:00,1965,1965,1965,1965,0
2021-12-27 09:09:00,1965,1965,1965,1965,0
2021-12-27 09:10:00,1965,1965,1965,1965,0
2021-12-27 09:11:00,1965,1965,1965,1965,0
2021-12-27 09:12:00,1965,1965,1965,1965,0
2021-12-27 09:13:00,1965,1965,1965,1965,0
2021-12-27 09:14:00,1965,1965,1965,1965,100
2021-12-27 09:15:00,1965,1965,1965,1965,0
2021-12-27 09:16:00,1965,1965,1965,1965,0
2021-12-27 09:17:00,1970,1970,1970,1970,100
2021-12-27 09:18:00,1970,1970,1970,1970,0
2021-12-27 09:19:00,1970,1970,1970,1970,0
2021-12-27 09:20:00,1970,1970,1970,1970,0
2021-12-27 09:21:00,1970,1970,1970,1970,0
2021-12-27 09:22:00,1970,1970,1970,1970,100
2021-12-27 09:23:00,1970,1970,1970,1970,0
2021-12-27 09:24:00,1970,1970,1970,1970,0
2021-12-27 09:25:00,1970,1970,1970,1970,0
2021-12-27 09:26:00,1970,1970,1970,1970,0
2021-12-27 09:27:00,1970,1970,1970,1970,100
2021-12-27 09:28:00,1970,1970,1970,1970,0
2021-12-27 09:29:00,1970,1970,1970,1970,0
2021-12-27 09:30:00,1970,1970,1970,1970,0
2021-12-27 09:31:00,1970,1970,1970,1970,0
2021-12-27 09:32:00,1970,1970,1970,1970,0
2021-12-27 09:33:00,1970,1970,1970,1970,0
2021-12-27 09:34:00,1920,1920,1920,1920,100
2021-12-27 09:35:00,1920,1920,1920,1920,0
2021-12-27 09:36:00,1920,1920,1920,1920,0
2021-12-27 09:37:00,1920,1920,1920,1920,0
2021-12-27 09:38:00,1920,1920,1920,1920,0
2021-12-27 09:39:00,1920,1920,1920,1920,0
2021-12-27 09:40:00,1920,1920,1920,1920,0
2021-12-27 09:41:00,1920,1920,1920,1920,0
2021-12-27 09:42:00,1920,1920,1920,1920,0
2021-12-27 09:43:00,1920,1920,1920,1920,0
2021-12-27 09:44:00,1920,1920,1920,1920,0
2021-12-27 09:45:00,1920,1920,1920,1920,0
2021-12-27 09:46:00,1920,1920,1920,1920,0
2021-12-27 09:47:00,1915,1915,1915,1915,100
2021-12-27 09:48:00,1915,1915,1915,1915,0
2021-12-27 09:49:00,1915,1915,1915,1915,0
2021-12-27 09:50:00,1915,1915,1915,1915,0
2021-12-27 09:51:00,1915,1915,1915,1915,0
2021-12-27 09:52:00,1910,1910,1910,1910,100
2021-12-27 09:53:00,1910,1910,1910,1910,100
2021-12-27 09:54:00,1910,1910,1910,1910,0
2021-12-27 09:55:00,1910,1910,1910,1910,100
2021-12-27 09:56:00,1910,1910,1910,1910,0
2021-12-27 09:57:00,1910,1910,1910,1910,0
2021-12-27 09:58:00,1910,1910,1910,1910,0
2021-12-27 09:59:00,1910,1910,1910,1910,0
2021-12-27 10:00:00,1910,1910,1910,1910,0
2021-12-27 10:01:00,1910,1910,1910,1910,0
2021-12-27 10:02:00,1910,1910,1910,1910,0
2021-12-27 10:03:00,1910,1910,1910,1910,0
2021-12-27 10:04:00,1910,1910,1910,1910,0
2021-12-27 10:05:00,1910,1910,1910,1910,0
2021-12-27 10:06:00,1910,1910,1910,1910,100
2021-12-27 10:07:00,1910,1910,1910,1910,0
2021-12-27 10:08:00,1910,1910,1910,1910,0
2021-12-27 10:09:00,1910,1910,1910,1910,0
2021-12-27 10:10:00,1910,1910,1910,1910,0
2021-12-27 10:11:00,1910,1910,1910,1910,0
2021-12-27 10:12:00,1910,1910,1910,1910,0
2021-12-27 10:13:00,1910,1910,1910,1910,100
2021-12-27 10:14:00,1910,1910,1910,1910,0
2021-12-27 10:15:00,1910,1910,1910,1910,0
2021-12-27 10:16:00,1910,1910,1910,1910,0
2021-12-27 10:17:00,1910,1910,1910,1910,0
2021-12-27 10:18:00,1910,1910,1910,1910,0
2021-12-27 10:19:00,1910,1910,1910,1910,100
2021-12-27 10:20:00,1910,1910,1910,1910,0
2021-12-27 10:21:00,1910,1910,1910,1910,0
2021-12-27 10:22:00,1910,1910,1910,1910,0
2021-12-27 10:23:00,1910,1910,1910,1910,0
2021-12-27 10:24:00,1910,1910,1910,1910,0
2021-12-27 10:25:00,1910,1910,1910,1910,0
2021-12-27 10:26:00,1910,1910,1910,1910,0
2021-12-27 10:27:00,1910,1910,1910,1910,100
2021-12-27 10:28:00,1910,1910,1910,1910,0
2021-12-27 10:29:00,1910,1910,1910,1910,0
2021-12-27 10:30:00,1910,1910,1910,1910,0
2021-12-27 10:31:00,1910,1910,1910,1910,0
2021-12-27 10:32:00,1910,1910,1910,1910,0
2021-12-27 10:33:00,1910,1910,1910,1910,0
2021-12-27 10:34:00,1910,1910,1910,1910,0
2021-12-27 10:35:00,1910,1910,1910,1910,0
2021-12-27 10:36:00,1910,1910,1910,1910,0
2021-12-27 10:37:00,1910,1910,1910,1910,0
2021-12-27 10:38:00,1910,1910,1910,1910,0
2021-12-27 10:39:00,1910,1910,1910,1910,0
2021-12-27 10:40:00,1910,1910,1910,1910,0
2021-12-27 10:41:00,1910,1910,1910,1910,0
2021-12-27 10:42:00,1910,1910,1910,1910,100
2021-12-27 10:43:00,1910,1910,1910,1910,0
2021-12-27 10:44:00,1910,1910,1910,1910,0
2021-12-27 10:45:00,1910,1910,1910,1910,0
2021-12-27 10:46:00,1910,1910,1910,1910,0
2021-12-27 10:47:00,1910,1910,1910,1910,0
2021-12-27 10:48:00,1910,1910,1910,1910,0
2021-12-27 10:49:00,1910,1910,1910,1910,0
2021-12-27 10:50:00,1910,1910,1910,1910,0
2021-12-27 10:51:00,1910,1910,1910,1910,0
2021-12-27 10:52:00,1910,1910,1910,1910,0
2021-12-27 10:53:00,1910,1910,1910,1910,0
2021-12-27 10:54:00,1910,1910,1910,1910,0
2021-12-27 10:55:00,1910,1910,1910,1910,0
2021-12-27 10:56:00,1910,1910,1910,1910,0
2021-12-27 10:57:00,1910,1910,1910,1910,0
2021-12-27 10:58:00,1910,1910,1910,1910,0
2021-12-27 10:59:00,1910,1910,1910,1910,0
2021-12-27 11:00:00,1905,1905,1905,1905,100
2021-12-27 11:01:00,1905,1905,1905,1905,0
2021-12-27 11:02:00,1905,1905,1905,1905,0
2021-12-27 11:03:00,1905,1905,1905,1905,0
2021-12-27 11:04:00,1905,1905,1905,1905,0
2021-12-27 11:05:00,1905,1905,1905,1905,0
2021-12-27 11:06:00,1905,1905,1905,1905,0
2021-12-27 11:07:00,1905,1905,1905,1905,0
2021-12-27 11:08:00,1905,1905,1905,1905,0
2021-12-27 11:09:00,1905,1905,1905,1905,0
2021-12-27 11:10:00,1905,1905,1905,1905,0
2021-12-27 11:11:00,1905,1905,1905,1905,0
2021-12-27 11:12:00,1905,1905,1905,1905,0
2021-12-27 11:13:00,1905,1905,1905,1905,100
2021-12-27 11:14:00,1905,1905,1905,1905,0
2021-12-27 11:15:00,1905,1905,1905,1905,0
2021-12-27 11:16:00,1910,1910,1910,1910,200
2021-12-27 11:17:00,1910,1910,1910,1910,0
2021-12-27 11:18:00,1910,1910,1910,1910,0
2021-12-27 11:19:00,1910,1910,1910,1910,0
2021-12-27 11:20:00,1905,1905,1905,1905,100
2021-12-27 11:21:00,1905,1905,1905,1905,0
2021-12-27 11:22:00,1905,1905,1905,1905,0
2021-12-27 11:23:00,1905,1905,1905,1905,0
2021-12-27 11:24:00,1905,1905,1905,1905,0
2021-12-27 11:25:00,1905,1905,1905,1905,0
2021-12-27 11:26:00,1905,1905,1905,1905,0
2021-12-27 11:27:00,1905,1905,1905,1905,0
2021-12-27 11:28:00,1905,1905,1905,1905,0
2021-12-27 11:29:00,1905,1905,1905,1905,0
2021-12-27 11:30:00,1905,1905,1905,1905,0
2021-12-27 11:31:00,1905,1905,1905,1905,0
2021-12-27 11:32:00,1905,1905,1905,1905,0
2021-12-27 11:33:00,1905,1905,1905,1905,0
2021-12-27 11:34:00,1905,1905,1905,1905,0
2021-12-27 11:35:00,1905,1905,1905,1905,0
2021-12-27 11:36:00,1905,1905,1905,1905,0
2021-12-27 11:37:00,1905,1905,1905,1905,0
2021-12-27 11:38:00,1905,1905,1905,1905,0
2021-12-27 11:39:00,1905,1905,1905,1905,0
2021-12-27 11:40:00,1905,1905,1905,1905,0
2021-12-27 11:41:00,1905,1905,1905,1905,0
2021-12-27 11:42:00,1905,1905,1905,1905,0
2021-12-27 11:43:00,1905,1905,1905,1905,0
2021-12-27 11:44:00,1905,1905,1905,1905,0
2021-12-27 11:45:00,1905,1905,1905,1905,0
2021-12-27 11:46:00,1905,1905,1905,1905,0
2021-12-27 11:47:00,1905,1905,1905,1905,0
2021-12-27 11:48:00,1905,1905,1905,1905,0
2021-12-27 11:49:00,1905,1905,1905,1905,0
2021-12-27 11:50:00,1905,1905,1905,1905,0
2021-12-27 11:51:00,1905,1905,1905,1905,0
2021-12-27 11:52:00,1905,1905,1905,1905,0
2021-12-27 11:53:00,1905,1905,1905,1905,0
2021-12-27 11:54:00,1905,1905,1905,1905,0
2021-12-27 11:55:00,1905,1905,1905,1905,0
2021-12-27 11:56:00,1905,1905,1905,1905,0
2021-12-27 11:57:00,1905,1905,1905,1905,0
2021-12-27 11:58:00,1905,1905,1905,1905,0
2021-12-27 11:59:00,1905,1905,1905,1905,0
2021-12-27 12:00:00,1905,1905,1905,1905,0
2021-12-27 12:01:00,1905,1905,1905,1905,0
2021-12-27 12:02:00,1905,1905,1905,1905,0
2021-12-27 12:03:00,1905,1905,1905,1905,0
2021-12-27 12:04:00,1905,1905,1905,1905,0
2021-12-27 12:05:00,1905,1905,1905,1905,0
2021-12-27 12:06:00,1905,1905,1905,1905,0
2021-12-27 12:07:00,1905,1905,1905,1905,0
2021-12-27 12:08:00,1905,1905,1905,1905,0
2021-12-27 12:09:00,1905,1905,1905,1905,0
2021-12-27 12:10:00,1905,1905,1905,1905,0
2021-12-27 12:11:00,1905,1905,1905,1905,0
2021-12-27 12:12:00,1905,1905,1905,1905,0
2021-12-27 12:13:00,1905,1905,1905,1905,0
2021-12-27 12:14:00,1905,1905,1905,1905,0
2021-12-27 12:15:00,1905,1905,1905,1905,0
2021-12-27 12:16:00,1905,1905,1905,1905,0
2021-12-27 12:17:00,1905,1905,1905,1905,0
2021-12-27 12:18:00,1905,1905,1905,1905,0
2021-12-27 12:19:00,1905,1905,1905,1905,0
2021-12-27 12:20:00,1905,1905,1905,1905,0
2021-12-27 12:21:00,1905,1905,1905,1905,0
2021-12-27 12:22:00,1905,1905,1905,1905,0
2021-12-27 12:23:00,1905,1905,1905,1905,0
2021-12-27 12:24:00,1905,1905,1905,1905,0
2021-12-27 12:25:00,1905,1905,1905,1905,0
2021-12-27 12:26:00,1905,1905,1905,1905,0
2021-12-27 12:27:00,1905,1905,1905,1905,0
2021-12-27 12:28:00,1905,1905,1905,1905,0
2021-12-27 12:29:00,1905,1905,1905,1905,0
2021-12-27 12:30:00,1905,1905,1905,1905,0
2021-12-27 12:31:00,1905,1905,1905,1905,0
2021-12-27 12:32:00,1905,1905,1905,1905,0
2021-12-27 12:33:00,1905,1905,1905,1905,0
2021-12-27 12:34:00,1905,1905,1905,1905,0
2021-12-27 12:35:00,1905,1905,1905,1905,0
2021-12-27 12:36:00,1905,1905,1905,1905,0
2021-12-27 12:37:00,1905,1905,1905,1905,0
2021-12-27 12:38:00,1905,1905,1905,1905,0
2021-12-27 12:39:00,1905,1905,1905,1905,0
2021-12-27 12:40:00,1905,1905,1905,1905,0
2021-12-27 12:41:00,1905,1905,1905,1905,0
2021-12-27 12:42:00,1905,1905,1905,1905,0
2021-12-27 12:43:00,1905,1905,1905,1905,0
2021-12-27 12:44:00,1905,1905,1905,1905,0
2021-12-27 12:45:00,1905,1905,1905,1905,0
2021-12-27 12:46:00,1905,1905,1905,1905,0
2021-12-27 12:47:00,1905,1905,1905,1905,0
2021-12-27 12:48:00,1905,1905,1905,1905,0
2021-12-27 12:49:00,1905,1905,1905,1905,0
2021-12-27 12:50:00,1905,1905,1905,1905,0
2021-12-27 12:51:00,1905,1905,1905,1905,0
2021-12-27 12:52:00,1905,1905,1905,1905,0
2021-12-27 12:53:00,1905,1905,1905,1905,0
2021-12-27 12:54:00,1905,1905,1905,1905,0
2021-12-27 12:55:00,1905,1905,1905,1905,0
2021-12-27 12:56:00,1905,1905,1905,1905,0
2021-12-27 12:57:00,1905,1905,1905,1905,0
2021-12-27 12:58:00,1905,1905,1905,1905,0
2021-12-27 12:59:00,1905,1905,1905,1905,0
2021-12-27 13:00:00,1905,1905,1905,1905,0
2021-12-27 13:01:00,1905,1905,1905,1905,0
2021-12-27 13:02:00,1905,1905,1905,1905,0
2021-12-27 13:03:00,1905,1905,1905,1905,0
2021-12-27 13:04:00,1905,1905,1905,1905,0
2021-12-27 13:05:00,1905,1905,1905,1905,0
2021-12-27 13:06:00,1905,1905,1905,1905,0
2021-12-27 13:07:00,1905,1905,1905,1905,0
2021-12-27 13:08:00,1905,1905,1905,1905,0
2021-12-27 13:09:00,1905,1905,1905,1905,0
2021-12-27 13:10:00,1905,1905,1905,1905,0
2021-12-27 13:11:00,1905,1905,1905,1905,0
2021-12-27 13:12:00,1905,1905,1905,1905,0
2021-12-27 13:13:00,1905,1905,1905,1905,0
2021-12-27 13:14:00,1905,1905,1905,1905,0
2021-12-27 13:15:00,1905,1905,1905,1905,0
2021-12-27 13:16:00,1905,1905,1905,1905,0
2021-12-27 13:17:00,1905,1905,1905,1905,0
2021-12-27 13:18:00,1905,1905,1905,1905,0
2021-12-27 13:19:00,1905,1905,1905,1905,0
2021-12-27 13:20:00,1905,1905,1905,1905,0
2021-12-27 13:21:00,1905,1905,1905,1905,0
2021-12-27 13:22:00,1905,1905,1905,1905,0
2021-12-27 13:23:00,1905,1905,1905,1905,0
2021-12-27 13:24:00,1905,1905,1905,1905,0
2021-12-27 13:25:00,1905,1905,1905,1905,0
2021-12-27 13:26:00,1905,1905,1905,1905,0
2021-12-27 13:27:00,1905,1905,1905,1905,0
2021-12-27 13:28:00,1905,1905,1905,1905,0
2021-12-27 13:29:00,1905,1905,1905,1905,0
2021-12-27 13:30:00,1905,1905,1905,1905,300
2021-12-27 13:31:00,1905,1905,1905,1905,100
2021-12-27 13:32:00,1905,1905,1905,1905,0
2021-12-27 13:33:00,1905,1905,1905,1905,0
2021-12-27 13:34:00,1905,1905,1905,1905,0
2021-12-27 13:35:00,1905,1905,1905,1905,0
2021-12-27 13:36:00,1905,1905,1905,1905,100
2021-12-27 13:37:00,1905,1905,1905,1905,0
2021-12-27 13:38:00,1905,1905,1905,1905,0
2021-12-27 13:39:00,1905,1905,1905,1905,100
2021-12-27 13:40:00,1905,1905,1905,1905,0
2021-12-27 13:41:00,1905,1905,1905,1905,100
2021-12-27 13:42:00,1905,1905,1905,1905,0
2021-12-27 13:43:00,1905,1905,1905,1905,0
2021-12-27 13:44:00,1905,1905,1905,1905,0
2021-12-27 13:45:00,1905,1905,1905,1905,0
2021-12-27 13:46:00,1905,1905,1905,1905,0
2021-12-27 13:47:00,1905,1905,1905,1905,0
2021-12-27 13:48:00,1905,1905,1905,1905,0
2021-12-27 13:49:00,1905,1905,1905,1905,0
2021-12-27 13:50:00,1905,1905,1905,1905,0
2021-12-27 13:51:00,1905,1905,1905,1905,200
2021-12-27 13:52:00,1905,1905,1905,1905,0
2021-12-27 13:53:00,1905,1905,1905,1905,0
2021-12-27 13:54:00,1905,1905,1905,1905,0
2021-12-27 13:55:00,1905,1905,1905,1905,0
2021-12-27 13:56:00,1905,1905,1905,1905,0
2021-12-27 13:57:00,1905,1905,1905,1905,0
2021-12-27 13:58:00,1905,1905,1905,1905,0
2021-12-27 13:59:00,1905,1905,1905,1905,0
2021-12-27 14:00:00,1905,1905,1905,1905,0
2021-12-27 14:01:00,1905,1905,1905,1905,0
2021-12-27 14:02:00,1905,1905,1905,1905,0
2021-12-27 14:03:00,1905,1905,1905,1905,0
2021-12-27 14:04:00,1905,1905,1905,1905,0
2021-12-27 14:05:00,1905,1905,1905,1905,0
2021-12-27 14:06:00,1905,1905,1905,1905,200
2021-12-27 14:07:00,1905,1905,1905,1905,0
2021-12-27 14:08:00,1905,1905,1905,1905,0
2021-12-27 14:09:00,1905,1905,1905,1905,0
2021-12-27 14:10:00,1905,1905,1905,1905,0
2021-12-27 14:11:00,1905,1905,1905,1905,100
2021-12-27 14:12:00,1905,1905,1905,1905,0
2021-12-27 14:13:00,1905,1905,1905,1905,0
2021-12-27 14:14:00,1905,1905,1905,1905,0
2021-12-27 14:15:00,1905,1905,1905,1905,0
2021-12-27 14:16:00,1905,1905,1905,1905,0
2021-12-27 14:17:00,1905,1905,1905,1905,0
2021-12-27 14:18:00,1905,1905,1905,1905,0
2021-12-27 14:19:00,1905,1905,1905,1905,0
2021-12-27 14:20:00,1905,1905,1905,1905,0
2021-12-27 14:21:00,1905,1905,1905,1905,0
2021-12-27 14:22:00,1900,1900,1900,1900,100
2021-12-27 14:23:00,1900,1900,1900,1900,0
2021-12-27 14:24:00,1900,1900,1900,1900,0
2021-12-27 14:25:00,1900,1900,1900,1900,0
2021-12-27 14:26:00,1900,1900,1900,1900,0
2021-12-27 14:27:00,1900,1900,1900,1900,0
2021-12-27 14:28:00,1900,1900,1900,1900,0
2021-12-27 14:29:00,1900,1900,1900,1900,0
2021-12-27 14:30:00,1900,1900,1900,1900,0
2021-12-27 14:31:00,1900,1900,1900,1900,0
2021-12-27 14:32:00,1900,1900,1900,1900,0
2021-12-27 14:33:00,1900,1900,1900,1900,0
2021-12-27 14:34:00,1900,1900,1900,1900,0
2021-12-27 14:35:00,1900,1900,1900,1900,0
2021-12-27 14:36:00,1900,1900,1900,1900,0
2021-12-27 14:37:00,1905,1905,1905,1905,100
2021-12-27 14:38:00,1905,1905,1905,1905,0
2021-12-27 14:39:00,1905,1905,1905,1905,0
2021-12-27 14:40:00,1905,1905,1905,1905,0
2021-12-27 14:41:00,1905,1905,1905,1905,0
2021-12-27 14:42:00,1905,1905,1905,1905,0
2021-12-27 14:43:00,1905,1905,1905,1905,0
2021-12-27 14:44:00,1905,1905,1905,1905,0
2021-12-27 14:45:00,1905,1905,1905,1905,0
2021-12-27 14:46:00,1905,1905,1905,1905,0
2021-12-27 14:47:00,1905,1905,1905,1905,0
2021-12-27 14:48:00,1910,1910,1910,1910,100
2021-12-27 14:49:00,1915,1915,1920,1920,200
2021-12-27 14:50:00,1915,1915,1920,1920,0
2021-12-27 14:51:00,1915,1915,1920,1920,0
2021-12-27 14:52:00,1915,1915,1920,1920,0
2021-12-27 14:53:00,1915,1915,1920,1920,0
2021-12-27 14:54:00,1915,1915,1920,1920,0
2021-12-27 14:55:00,1915,1915,1920,1920,0
2021-12-27 14:56:00,1915,1915,1920,1920,0
2021-12-27 14:57:00,1915,1915,1920,1920,0
2021-12-27 14:58:00,1915,1915,1920,1920,0
2021-12-27 14:59:00,1915,1915,1920,1920,0
2021-12-27 15:00:00,2020,2020,2020,2020,1000
2021-12-27 15:01:00,2020,2020,2020,2020,0
2021-12-27 15:02:00,2020,2020,2020,2020,0
2021-12-27 15:03:00,2020,2020,2020,2020,0
2021-12-27 15:04:00,2020,2020,2020,2020,0
2021-12-27 15:05:00,2020,2020,2020,2020,0
2021-12-27 15:06:00,2020,2020,2020,2020,0
2021-12-27 15:07:00,2020,2020,2020,2020,0
2021-12-27 15:08:00,2020,2020,2020,2020,0
2021-12-27 15:09:00,2020,2020,2020,2020,0
2021-12-27 15:10:00,2020,2020,2020,2020,0
2021-12-27 15:11:00,2020,2020,2020,2020,0
2021-12-27 15:12:00,2020,2020,2020,2020,0
2021-12-27 15:13:00,2020,2020,2020,2020,0
2021-12-27 15:14:00,2020,2020,2020,2020,0
2021-12-27 15:15:00,2020,2020,2020,2020,0
2021-12-27 15:16:00,2020,2020,2020,2020,0
2021-12-27 15:17:00,2020,2020,2020,2020,0
2021-12-27 15:18:00,2020,2020,2020,2020,0
2021-12-27 15:19:00,2020,2020,2020,2020,0
2021-12-27 15:20:00,2020,2020,2020,2020,0
2021-12-27 15:21:00,2020,2020,2020,2020,0
2021-12-27 15:22:00,2020,2020,2020,2020,0
2021-12-27 15:23:00,2020,2020,2020,2020,0
2021-12-27 15:24:00,2020,2020,2020,2020,0
2021-12-27 15:25:00,2020,2020,2020,2020,0
2021-12-27 15:26:00,2020,2020,2020,2020,0
2021-12-27 15:27:00,2020,2020,2020,2020,0
2021-12-27 15:28:00,2020,2020,2020,2020,0
2021-12-27 15:29:00,2020,2020,2020,2020,0
2021-12-27 15:30:00,2020,2020,2020,2020,0
2021-12-27 15:31:00,2020,2020,2020,2020,0
2021-12-27 15:32:00,2020,2020,2020,2020,0
2021-12-27 15:33:00,2020,2020,2020,2020,0
2021-12-27 15:34:00,2020,2020,2020,2020,0
2021-12-27 15:35:00,2020,2020,2020,2020,0
2021-12-27 15:36:00,2020,2020,2020,2020,0
2021-12-27 15:37:00,2020,2020,2020,2020,0
2021-12-27 15:38:00,2020,2020,2020,2020,0
2021-12-27 15:39:00,2020,2020,2020,2020,0
2021-12-27 15:40:00,2020,2020,2020,2020,0
2021-12-27 15:41:00,2020,2020,2020,2020,0
2021-12-27 15:42:00,2020,2020,2020,2020,0
2021-12-27 15:43:00,2020,2020,2020,2020,0
2021-12-27 15:44:00,2020,2020,2020,2020,0
2021-12-27 15:45:00,2020,2020,2020,2020,0
2021-12-27 15:46:00,2020,2020,2020,2020,0
2021-12-27 15:47:00,2020,2020,2020,2020,0
2021-12-27 15:48:00,2020,2020,2020,2020,0
2021-12-27 15:49:00,2020,2020,2020,2020,0
2021-12-27 15:50:00,2020,2020,2020,2020,0
2021-12-27 15:51:00,2020,2020,2020,2020,0
2021-12-27 15:52:00,2020,2020,2020,2020,0
2021-12-27 15:53:00,2020,2020,2020,2020,0
2021-12-27 15:54:00,2020,2020,2020,2020,0
2021-12-27 15:55:00,2020,2020,2020,2020,0
2021-12-27 15:56:00,2020,2020,2020,2020,0
2021-12-27 15:57:00,2020,2020,2020,2020,0
2021-12-27 15:58:00,2020,2020,2020,2020,0
2021-12-27 15:59:00,2020,2020,2020,2020,0
2021-12-28 09:00:00,2020,2020,2020,2020,0
2021-12-28 09:01:00,2020,2020,2020,2020,0
2021-12-28 09:02:00,2020,2020,2020,2020,0
2021-12-28 09:03:00,1985,1985,1985,1985,100
2021-12-28 09:04:00,1990,1990,1990,1990,200
2021-12-28 09:05:00,1990,1990,1990,1990,0
2021-12-28 09:06:00,1990,1990,1990,1990,0
2021-12-28 09:07:00,1980,1980,1980,1980,100
2021-12-28 09:08:00,1980,1980,1980,1980,0
2021-12-28 09:09:00,1980,1980,1980,1980,0
2021-12-28 09:10:00,1980,1980,1980,1980,0
2021-12-28 09:11:00,1980,1980,1980,1980,0
2021-12-28 09:12:00,1980,1980,1980,1980,0
2021-12-28 09:13:00,1980,1980,1980,1980,0
2021-12-28 09:14:00,1980,1980,1980,1980,0
2021-12-28 09:15:00,1980,1980,1980,1980,0
2021-12-28 09:16:00,1980,1980,1980,1980,0
2021-12-28 09:17:00,1980,1980,1980,1980,0
2021-12-28 09:18:00,1980,1980,1980,1980,0
2021-12-28 09:19:00,1980,1980,1980,1980,0
2021-12-28 09:20:00,1980,1980,1980,1980,100
2021-12-28 09:21:00,1980,1980,1980,1980,100
2021-12-28 09:22:00,1980,1980,1980,1980,100
2021-12-28 09:23:00,1980,1980,1980,1980,0
2021-12-28 09:24:00,1980,1980,1980,1980,0
2021-12-28 09:25:00,1980,1980,1980,1980,0
2021-12-28 09:26:00,1980,1980,1980,1980,0
2021-12-28 09:27:00,1980,1980,1980,1980,0
2021-12-28 09:28:00,1980,1980,1980,1980,0
2021-12-28 09:29:00,1980,1980,1980,1980,0
2021-12-28 09:30:00,1980,1980,1980,1980,0
2021-12-28 09:31:00,1980,1980,1980,1980,0
2021-12-28 09:32:00,1980,1980,1980,1980,0
2021-12-28 09:33:00,1980,1980,1980,1980,100
2021-12-28 09:34:00,1980,1980,1980,1980,0
2021-12-28 09:35:00,1980,1980,1980,1980,0
2021-12-28 09:36:00,1980,1980,1980,1980,0
2021-12-28 09:37:00,1980,1980,1980,1980,100
2021-12-28 09:38:00,1980,1980,1980,1980,0
2021-12-28 09:39:00,1980,1980,1980,1980,0
2021-12-28 09:40:00,1980,1980,1980,1980,0
2021-12-28 09:41:00,1980,1980,1980,1980,0
2021-12-28 09:42:00,1980,1980,1980,1980,0
2021-12-28 09:43:00,1980,1980,1980,1980,0
2021-12-28 09:44:00,1980,1980,1980,1980,0
2021-12-28 09:45:00,1980,1980,1980,1980,0
2021-12-28 09:46:00,1980,1980,1980,1980,0
2021-12-28 09:47:00,1980,1980,1980,1980,0
2021-12-28 09:48:00,1980,1980,1980,1980,0
2021-12-28 09:49:00,1980,1980,1980,1980,0
2021-12-28 09:50:00,1980,1980,1980,1980,0
2021-12-28 09:51:00,1980,1980,1980,1980,0
2021-12-28 09:52:00,1980,1980,1980,1980,0
2021-12-28 09:53:00,1980,1980,1980,1980,0
2021-12-28 09:54:00,1980,1980,1980,1980,0
2021-12-28 09:55:00,1980,1980,1980,1980,0
2021-12-28 09:56:00,1980,1980,1980,1980,0
2021-12-28 09:57:00,1980,1980,1980,1980,0
2021-12-28 09:58:00,1980,1980,1980,1980,0
2021-12-28 09:59:00,1980,1980,1980,1980,0
2021-12-28 10:00:00,1980,1980,1980,1980,0
2021-12-28 10:01:00,1980,1980,1980,1980,0
2021-12-28 10:02:00,1980,1980,1980,1980,0
2021-12-28 10:03:00,1980,1980,1980,1980,0
2021-12-28 10:04:00,1980,1980,1980,1980,0
2021-12-28 10:05:00,1980,1980,1980,1980,0
2021-12-28 10:06:00,1980,1980,1980,1980,0
2021-12-28 10:07:00,1980,1980,1980,1980,0
2021-12-28 10:08:00,1980,1980,1980,1980,0
2021-12-28 10:09:00,1980,1980,1980,1980,0
2021-12-28 10:10:00,1980,1980,1980,1980,0
2021-12-28 10:11:00,1980,1980,1980,1980,0
2021-12-28 10:12:00,1980,1980,1980,1980,0
2021-12-28 10:13:00,1980,1980,1980,1980,0
2021-12-28 10:14:00,1980,1980,1980,1980,0
2021-12-28 10:15:00,1980,1980,1980,1980,0
2021-12-28 10:16:00,1975,1975,1975,1975,100
2021-12-28 10:17:00,1975,1975,1975,1975,0
2021-12-28 10:18:00,1975,1975,1975,1975,0
2021-12-28 10:19:00,1975,1975,1975,1975,0
2021-12-28 10:20:00,1975,1975,1975,1975,0
2021-12-28 10:21:00,1975,1975,1975,1975,0
2021-12-28 10:22:00,1975,1975,1975,1975,0
2021-12-28 10:23:00,1975,1975,1975,1975,0
2021-12-28 10:24:00,1975,1975,1975,1975,0
2021-12-28 10:25:00,1975,1975,1975,1975,0
2021-12-28 10:26:00,1975,1975,1975,1975,0
2021-12-28 10:27:00,1975,1975,1975,1975,0
2021-12-28 10:28:00,1975,1975,1975,1975,0
2021-12-28 10:29:00,1975,1975,1975,1975,0
2021-12-28 10:30:00,1975,1975,1975,1975,0
2021-12-28 10:31:00,1975,1975,1975,1975,0
2021-12-28 10:32:00,1975,1975,1975,1975,0
2021-12-28 10:33:00,1975,1975,1975,1975,0
2021-12-28 10:34:00,1975,1975,1975,1975,0
2021-12-28 10:35:00,1975,1975,1975,1975,0
2021-12-28 10:36:00,1975,1975,1975,1975,0
2021-12-28 10:37:00,1975,1975,1975,1975,0
2021-12-28 10:38:00,1975,1975,1975,1975,0
2021-12-28 10:39:00,1975,1975,1975,1975,0
2021-12-28 10:40:00,1975,1975,1975,1975,0
2021-12-28 10:41:00,1975,1975,1975,1975,0
2021-12-28 10:42:00,1975,1975,1975,1975,0
2021-12-28 10:43:00,1975,1975,1975,1975,0
2021-12-28 10:44:00,1975,1975,1975,1975,0
2021-12-28 10:45:00,1975,1975,1975,1975,0
2021-12-28 10:46:00,1975,1975,1975,1975,0
2021-12-28 10:47:00,1975,1975,1975,1975,0
2021-12-28 10:48:00,1975,1975,1975,1975,0
2021-12-28 10:49:00,1975,1975,1975,1975,0
2021-12-28 10:50:00,1975,1975,1975,1975,0
2021-12-28 10:51:00,1975,1975,1975,1975,0
2021-12-28 10:52:00,1975,1975,1975,1975,0
2021-12-28 10:53:00,1975,1975,1975,1975,0
2021-12-28 10:54:00,1975,1975,1975,1975,0
2021-12-28 10:55:00,1975,1975,1975,1975,0
2021-12-28 10:56:00,1975,1975,1975,1975,0
2021-12-28 10:57:00,1975,1975,1975,1975,0
2021-12-28 10:58:00,1975,1975,1975,1975,0
2021-12-28 10:59:00,1975,1975,1975,1975,0
2021-12-28 11:00:00,1975,1975,1975,1975,0
2021-12-28 11:01:00,1975,1975,1975,1975,0
2021-12-28 11:02:00,1975,1975,1975,1975,0
2021-12-28 11:03:00,1975,1975,1975,1975,0
2021-12-28 11:04:00,1975,1975,1975,1975,0
2021-12-28 11:05:00,1975,1975,1975,1975,0
2021-12-28 11:06:00,1975,1975,1975,1975,0
2021-12-28 11:07:00,1975,1975,1975,1975,0
2021-12-28 11:08:00,1975,1975,1975,1975,0
2021-12-28 11:09:00,1975,1975,1975,1975,0
2021-12-28 11:10:00,1975,1975,1975,1975,0
2021-12-28 11:11:00,1975,1975,1975,1975,0
2021-12-28 11:12:00,1975,1975,1975,1975,0
2021-12-28 11:13:00,1975,1975,1975,1975,0
2021-12-28 11:14:00,1975,1975,1975,1975,0
2021-12-28 11:15:00,1975,1975,1975,1975,0
2021-12-28 11:16:00,1975,1975,1975,1975,0
2021-12-28 11:17:00,1975,1975,1975,1975,0
2021-12-28 11:18:00,1975,1975,1975,1975,0
2021-12-28 11:19:00,1975,1975,1975,1975,0
2021-12-28 11:20:00,1975,1975,1975,1975,0
2021-12-28 11:21:00,1975,1975,1975,1975,0
2021-12-28 11:22:00,1975,1975,1975,1975,0
2021-12-28 11:23:00,1975,1975,1975,1975,0
2021-12-28 11:24:00,1975,1975,1975,1975,0
2021-12-28 11:25:00,1975,1975,1975,1975,0
2021-12-28 11:26:00,1975,1975,1975,1975,0
2021-12-28 11:27:00,1975,1975,1975,1975,0
2021-12-28 11:28:00,1975,1975,1975,1975,0
2021-12-28 11:29:00,1975,1975,1975,1975,0
2021-12-28 11:30:00,1975,1975,1975,1975,0
2021-12-28 11:31:00,1975,1975,1975,1975,0
2021-12-28 11:32:00,1975,1975,1975,1975,0
2021-12-28 11:33:00,1975,1975,1975,1975,0
2021-12-28 11:34:00,1975,1975,1975,1975,0
2021-12-28 11:35:00,1975,1975,1975,1975,0
2021-12-28 11:36:00,1975,1975,1975,1975,0
2021-12-28 11:37:00,1975,1975,1975,1975,0
2021-12-28 11:38:00,1975,1975,1975,1975,0
2021-12-28 11:39:00,1975,1975,1975,1975,0
2021-12-28 11:40:00,1975,1975,1975,1975,0
2021-12-28 11:41:00,1975,1975,1975,1975,0
2021-12-28 11:42:00,1975,1975,1975,1975,0
2021-12-28 11:43:00,1975,1975,1975,1975,0
2021-12-28 11:44:00,1975,1975,1975,1975,0
2021-12-28 11:45:00,1975,1975,1975,1975,0
2021-12-28 11:46:00,1975,1975,1975,1975,0
2021-12-28 11:47:00,1975,1975,1975,1975,0
2021-12-28 11:48:00,1975,1975,1975,1975,0
2021-12-28 11:49:00,1975,1975,1975,1975,0
2021-12-28 11:50:00,1975,1975,1975,1975,0
2021-12-28 11:51:00,1975,1975,1975,1975,0
2021-12-28 11:52:00,1975,1975,1975,1975,0
2021-12-28 11:53:00,1975,1975,1975,1975,0
2021-12-28 11:54:00,1975,1975,1975,1975,0
2021-12-28 11:55:00,1975,1975,1975,1975,0
2021-12-28 11:56:00,1975,1975,1975,1975,0
2021-12-28 11:57:00,1975,1975,1975,1975,0
2021-12-28 11:58:00,1975,1975,1975,1975,0
2021-12-28 11:59:00,1975,1975,1975,1975,0
2021-12-28 12:00:00,1975,1975,1975,1975,0
2021-12-28 12:01:00,1975,1975,1975,1975,0
2021-12-28 12:02:00,1975,1975,1975,1975,0
2021-12-28 12:03:00,1975,1975,1975,1975,0
2021-12-28 12:04:00,1975,1975,1975,1975,0
2021-12-28 12:05:00,1975,1975,1975,1975,0
2021-12-28 12:06:00,1975,1975,1975,1975,0
2021-12-28 12:07:00,1975,1975,1975,1975,0
2021-12-28 12:08:00,1975,1975,1975,1975,0
2021-12-28 12:09:00,1975,1975,1975,1975,0
2021-12-28 12:10:00,1975,1975,1975,1975,0
2021-12-28 12:11:00,1975,1975,1975,1975,0
2021-12-28 12:12:00,1975,1975,1975,1975,0
2021-12-28 12:13:00,1975,1975,1975,1975,0
2021-12-28 12:14:00,1975,1975,1975,1975,0
2021-12-28 12:15:00,1975,1975,1975,1975,0
2021-12-28 12:16:00,1975,1975,1975,1975,0
2021-12-28 12:17:00,1975,1975,1975,1975,0
2021-12-28 12:18:00,1975,1975,1975,1975,0
2021-12-28 12:19:00,1975,1975,1975,1975,0
2021-12-28 12:20:00,1975,1975,1975,1975,0
2021-12-28 12:21:00,1975,1975,1975,1975,0
2021-12-28 12:22:00,1975,1975,1975,1975,0
2021-12-28 12:23:00,1975,1975,1975,1975,0
2021-12-28 12:24:00,1975,1975,1975,1975,0
2021-12-28 12:25:00,1975,1975,1975,1975,0
2021-12-28 12:26:00,1975,1975,1975,1975,0
2021-12-28 12:27:00,1975,1975,1975,1975,0
2021-12-28 12:28:00,1975,1975,1975,1975,0
2021-12-28 12:29:00,1975,1975,1975,1975,0
2021-12-28 12:30:00,1975,1975,1975,1975,0
2021-12-28 12:31:00,1975,1975,1975,1975,0
2021-12-28 12:32:00,1975,1975,1975,1975,0
2021-12-28 12:33:00,1975,1975,1975,1975,0
2021-12-28 12:34:00,1975,1975,1975,1975,0
2021-12-28 12:35:00,1975,1975,1975,1975,0
2021-12-28 12:36:00,1975,1975,1975,1975,0
2021-12-28 12:37:00,1975,1975,1975,1975,0
2021-12-28 12:38:00,1975,1975,1975,1975,0
2021-12-28 12:39:00,1975,1975,1975,1975,0
2021-12-28 12:40:00,1975,1975,1975,1975,0
2021-12-28 12:41:00,1975,1975,1975,1975,0
2021-12-28 12:42:00,1975,1975,1975,1975,0
2021-12-28 12:43:00,1975,1975,1975,1975,0
2021-12-28 12:44:00,1975,1975,1975,1975,0
2021-12-28 12:45:00,1975,1975,1975,1975,0
2021-12-28 12:46:00,1975,1975,1975,1975,0
2021-12-28 12:47:00,1975,1975,1975,1975,0
2021-12-28 12:48:00,1975,1975,1975,1975,0
2021-12-28 12:49:00,1975,1975,1975,1975,0
2021-12-28 12:50:00,1975,1975,1975,1975,0
2021-12-28 12:51:00,1975,1975,1975,1975,0
2021-12-28 12:52:00,1975,1975,1975,1975,0
2021-12-28 12:53:00,1975,1975,1975,1975,0
2021-12-28 12:54:00,1975,1975,1975,1975,0
2021-12-28 12:55:00,1975,1975,1975,1975,0
2021-12-28 12:56:00,1975,1975,1975,1975,0
2021-12-28 12:57:00,1975,1975,1975,1975,0
2021-12-28 12:58:00,1975,1975,1975,1975,0
2021-12-28 12:59:00,1975,1975,1975,1975,0
2021-12-28 13:00:00,1975,1975,1975,1975,0
2021-12-28 13:01:00,1975,1975,1975,1975,0
2021-12-28 13:02:00,1975,1975,1975,1975,0
2021-12-28 13:03:00,1975,1975,1975,1975,0
2021-12-28 13:04:00,1975,1975,1975,1975,0
2021-12-28 13:05:00,1975,1975,1975,1975,0
2021-12-28 13:06:00,1975,1975,1975,1975,0
2021-12-28 13:07:00,1975,1975,1975,1975,0
2021-12-28 13:08:00,1975,1975,1975,1975,0
2021-12-28 13:09:00,1975,1975,1975,1975,0
2021-12-28 13:10:00,1975,1975,1975,1975,0
2021-12-28 13:11:00,1975,1975,1975,1975,0
2021-12-28 13:12:00,1975,1975,1975,1975,0
2021-12-28 13:13:00,1975,1975,1975,1975,0
2021-12-28 13:14:00,1975,1975,1975,1975,0
2021-12-28 13:15:00,1975,1975,1975,1975,0
2021-12-28 13:16:00,1975,1975,1975,1975,0
2021-12-28 13:17:00,1975,1975,1975,1975,0
2021-12-28 13:18:00,1975,1975,1975,1975,0
2021-12-28 13:19:00,1975,1975,1975,1975,0
2021-12-28 13:20:00,1975,1975,1975,1975,0
2021-12-28 13:21:00,1975,1975,1975,1975,0
2021-12-28 13:22:00,1975,1975,1975,1975,0
2021-12-28 13:23:00,1975,1975,1975,1975,0
2021-12-28 13:24:00,1975,1975,1975,1975,0
2021-12-28 13:25:00,1975,1975,1975,1975,0
2021-12-28 13:26:00,1975,1975,1975,1975,0
2021-12-28 13:27:00,1975,1975,1975,1975,0
2021-12-28 13:28:00,1975,1975,1975,1975,0
2021-12-28 13:29:00,1975,1975,1975,1975,0
2021-12-28 13:30:00,1975,1950,1975,1950,400
2021-12-28 13:31:00,1975,1950,1975,1950,0
2021-12-28 13:32:00,1975,1950,1975,1950,0
2021-12-28 13:33:00,1975,1950,1975,1950,0
2021-12-28 13:34:00,1975,1950,1975,1950,0
2021-12-28 13:35:00,1975,1950,1975,1950,0
2021-12-28 13:36:00,1975,1950,1975,1950,0
2021-12-28 13:37:00,1950,1950,1950,1950,100
2021-12-28 13:38:00,1950,1950,1950,1950,0
2021-12-28 13:39:00,1950,1950,1950,1950,0
2021-12-28 13:40:00,1950,1950,1950,1950,0
2021-12-28 13:41:00,1950,1950,1950,1950,0
2021-12-28 13:42:00,1950,1950,1950,1950,0
2021-12-28 13:43:00,1950,1950,1950,1950,0
2021-12-28 13:44:00,1950,1950,1950,1950,0
2021-12-28 13:45:00,1950,1950,1950,1950,0
2021-12-28 13:46:00,1950,1950,1950,1950,0
2021-12-28 13:47:00,1955,1950,1955,1950,200
2021-12-28 13:48:00,1955,1950,1955,1950,0
2021-12-28 13:49:00,1955,1950,1955,1950,0
2021-12-28 13:50:00,1955,1950,1955,1950,0
2021-12-28 13:51:00,1950,1950,1950,1950,100
2021-12-28 13:52:00,1950,1950,1950,1950,0
2021-12-28 13:53:00,1915,1915,1915,1915,100
2021-12-28 13:54:00,1915,1915,1915,1915,0
2021-12-28 13:55:00,1915,1915,1915,1915,0
2021-12-28 13:56:00,1905,1905,1905,1905,100
2021-12-28 13:57:00,1905,1905,1905,1905,0
2021-12-28 13:58:00,1905,1905,1905,1905,0
2021-12-28 13:59:00,1905,1905,1905,1905,0
2021-12-28 14:00:00,1905,1905,1905,1905,0
2021-12-28 14:01:00,1905,1905,1905,1905,0
2021-12-28 14:02:00,1905,1905,1905,1905,0
2021-12-28 14:03:00,1905,1905,1905,1905,0
2021-12-28 14:04:00,1905,1905,1905,1905,0
2021-12-28 14:05:00,1905,1905,1905,1905,0
2021-12-28 14:06:00,1905,1905,1905,1905,0
2021-12-28 14:07:00,1905,1905,1905,1905,0
2021-12-28 14:08:00,1905,1905,1905,1905,0
2021-12-28 14:09:00,1905,1905,1905,1905,0
2021-12-28 14:10:00,1905,1905,1905,1905,0
2021-12-28 14:11:00,1905,1905,1905,1905,0
2021-12-28 14:12:00,1905,1905,1905,1905,0
2021-12-28 14:13:00,1905,1905,1905,1905,0
2021-12-28 14:14:00,1905,1905,1905,1905,0
2021-12-28 14:15:00,1905,1905,1905,1905,0
2021-12-28 14:16:00,1905,1905,1905,1905,0
2021-12-28 14:17:00,1905,1905,1905,1905,0
2021-12-28 14:18:00,1905,1905,1905,1905,0
2021-12-28 14:19:00,1905,1905,1905,1905,0
2021-12-28 14:20:00,1905,1905,1905,1905,0
2021-12-28 14:21:00,1905,1905,1905,1905,0
2021-12-28 14:22:00,1905,1905,1905,1905,0
2021-12-28 14:23:00,1905,1905,1905,1905,0
2021-12-28 14:24:00,1905,1905,1905,1905,0
2021-12-28 14:25:00,1905,1905,1905,1905,0
2021-12-28 14:26:00,1905,1905,1905,1905,0
2021-12-28 14:27:00,1905,1905,1905,1905,0
2021-12-28 14:28:00,1905,1905,1905,1905,0
2021-12-28 14:29:00,1905,1905,1905,1905,0
2021-12-28 14:30:00,1905,1905,1905,1905,0
2021-12-28 14:31:00,1905,1905,1905,1905,0
2021-12-28 14:32:00,1905,1905,1905,1905,0
2021-12-28 14:33:00,1905,1905,1905,1905,0
2021-12-28 14:34:00,1905,1905,1905,1905,0
2021-12-28 14:35:00,1905,1905,1905,1905,0
2021-12-28 14:36:00,1905,1905,1905,1905,0
2021-12-28 14:37:00,1905,1905,1905,1905,0
2021-12-28 14:38:00,1905,1905,1905,1905,0
2021-12-28 14:39:00,1905,1905,1905,1905,0
2021-12-28 14:40:00,1905,1905,1905,1905,0
2021-12-28 14:41:00,1905,1905,1905,1905,0
2021-12-28 14:42:00,1905,1905,1905,1905,0
2021-12-28 14:43:00,1905,1905,1905,1905,0
2021-12-28 14:44:00,1905,1905,1905,1905,0
2021-12-28 14:45:00,1945,1945,1945,1945,100
2021-12-28 14:46:00,1945,1945,1945,1945,0
2021-12-28 14:47:00,1945,1945,1945,1945,0
2021-12-28 14:48:00,1945,1945,1945,1945,0
2021-12-28 14:49:00,1945,1945,1945,1945,0
2021-12-28 14:50:00,1945,1945,1945,1945,0
2021-12-28 14:51:00,1945,1945,1945,1945,0
2021-12-28 14:52:00,1945,1945,1945,1945,0
2021-12-28 14:53:00,1945,1945,1945,1945,0
2021-12-28 14:54:00,1945,1945,1945,1945,0
2021-12-28 14:55:00,1945,1945,1945,1945,0
2021-12-28 14:56:00,1945,1945,1945,1945,0
2021-12-28 14:57:00,1945,1945,1945,1945,0
2021-12-28 14:58:00,1945,1945,1945,1945,0
2021-12-28 14:59:00,1945,1945,1945,1945,0
2021-12-28 15:00:00,1975,1975,1975,1975,100
2021-12-28 15:01:00,1975,1975,1975,1975,0
2021-12-28 15:02:00,1975,1975,1975,1975,0
2021-12-28 15:03:00,1975,1975,1975,1975,0
2021-12-28 15:04:00,1975,1975,1975,1975,0
2021-12-28 15:05:00,1975,1975,1975,1975,0
2021-12-28 15:06:00,1975,1975,1975,1975,0
2021-12-28 15:07:00,1975,1975,1975,1975,0
2021-12-28 15:08:00,1975,1975,1975,1975,0
2021-12-28 15:09:00,1975,1975,1975,1975,0
2021-12-28 15:10:00,1975,1975,1975,1975,0
2021-12-28 15:11:00,1975,1975,1975,1975,0
2021-12-28 15:12:00,1975,1975,1975,1975,0
2021-12-28 15:13:00,1975,1975,1975,1975,0
2021-12-28 15:14:00,1975,1975,1975,1975,0
2021-12-28 15:15:00,1975,1975,1975,1975,0
2021-12-28 15:16:00,1975,1975,1975,1975,0
2021-12-28 15:17:00,1975,1975,1975,1975,0
2021-12-28 15:18:00,1975,1975,1975,1975,0
2021-12-28 15:19:00,1975,1975,1975,1975,0
2021-12-28 15:20:00,1975,1975,1975,1975,0
2021-12-28 15:21:00,1975,1975,1975,1975,0
2021-12-28 15:22:00,1975,1975,1975,1975,0
2021-12-28 15:23:00,1975,1975,1975,1975,0
2021-12-28 15:24:00,1975,1975,1975,1975,0
2021-12-28 15:25:00,1975,1975,1975,1975,0
2021-12-28 15:26:00,1975,1975,1975,1975,0
2021-12-28 15:27:00,1975,1975,1975,1975,0
2021-12-28 15:28:00,1975,1975,1975,1975,0
2021-12-28 15:29:00,1975,1975,1975,1975,0
2021-12-28 15:30:00,1975,1975,1975,1975,0
2021-12-28 15:31:00,1975,1975,1975,1975,0
2021-12-28 15:32:00,1975,1975,1975,1975,0
2021-12-28 15:33:00,1975,1975,1975,1975,0
2021-12-28 15:34:00,1975,1975,1975,1975,0
2021-12-28 15:35:00,1975,1975,1975,1975,0
2021-12-28 15:36:00,1975,1975,1975,1975,0
2021-12-28 15:37:00,1975,1975,1975,1975,0
2021-12-28 15:38:00,1975,1975,1975,1975,0
2021-12-28 15:39:00,1975,1975,1975,1975,0
2021-12-28 15:40:00,1975,1975,1975,1975,0
2021-12-28 15:41:00,1975,1975,1975,1975,0
2021-12-28 15:42:00,1975,1975,1975,1975,0
2021-12-28 15:43:00,1975,1975,1975,1975,0
2021-12-28 15:44:00,1975,1975,1975,1975,0
2021-12-28 15:45:00,1975,1975,1975,1975,0
2021-12-28 15:46:00,1975,1975,1975,1975,0
2021-12-28 15:47:00,1975,1975,1975,1975,0
2021-12-28 15:48:00,1975,1975,1975,1975,0
2021-12-28 15:49:00,1975,1975,1975,1975,0
2021-12-28 15:50:00,1975,1975,1975,1975,0
2021-12-28 15:51:00,1975,1975,1975,1975,0
2021-12-28 15:52:00,1975,1975,1975,1975,0
2021-12-28 15:53:00,1975,1975,1975,1975,0
2021-12-28 15:54:00,1975,1975,1975,1975,0
2021-12-28 15:55:00,1975,1975,1975,1975,0
2021-12-28 15:56:00,1975,1975,1975,1975,0
2021-12-28 15:57:00,1975,1975,1975,1975,0
2021-12-28 15:58:00,1975,1975,1975,1975,0
2021-12-28 15:59:00,1975,1975,1975,1975,0
2021-12-29 09:00:00,1975,1975,1975,1975,0
2021-12-29 09:01:00,1975,1975,1975,1975,0
2021-12-29 09:02:00,1975,1975,1975,1975,0
2021-12-29 09:03:00,1975,1975,1975,1975,100
2021-12-29 09:04:00,1975,1975,1975,1975,200
2021-12-29 09:05:00,1970,1970,1975,1975,200
2021-12-29 09:06:00,1970,1970,1975,1975,0
2021-12-29 09:07:00,1970,1970,1975,1975,0
2021-12-29 09:08:00,1970,1970,1975,1975,0
2021-12-29 09:09:00,1970,1970,1975,1975,0
2021-12-29 09:10:00,1970,1970,1975,1975,0
2021-12-29 09:11:00,1970,1970,1975,1975,0
2021-12-29 09:12:00,1970,1970,1975,1975,0
2021-12-29 09:13:00,1970,1970,1970,1970,100
2021-12-29 09:14:00,1970,1970,1970,1970,0
2021-12-29 09:15:00,1970,1970,1970,1970,0
2021-12-29 09:16:00,1970,1970,1970,1970,0
2021-12-29 09:17:00,1970,1970,1970,1970,0
2021-12-29 09:18:00,1970,1970,1970,1970,0
2021-12-29 09:19:00,1970,1970,1970,1970,0
2021-12-29 09:20:00,1970,1970,1970,1970,0
2021-12-29 09:21:00,1965,1965,1965,1965,100
2021-12-29 09:22:00,1965,1965,1965,1965,100
2021-12-29 09:23:00,1965,1965,1965,1965,0
2021-12-29 09:24:00,1965,1965,1965,1965,0
2021-12-29 09:25:00,1965,1965,1965,1965,0
2021-12-29 09:26:00,1965,1965,1965,1965,0
2021-12-29 09:27:00,1965,1965,1965,1965,100
2021-12-29 09:28:00,1965,1965,1965,1965,0
2021-12-29 09:29:00,1965,1965,1965,1965,0
2021-12-29 09:30:00,1965,1965,1965,1965,0
2021-12-29 09:31:00,1965,1965,1965,1965,0
2021-12-29 09:32:00,1965,1965,1965,1965,0
2021-12-29 09:33:00,1965,1965,1965,1965,0
2021-12-29 09:34:00,1965,1965,1965,1965,0
2021-12-29 09:35:00,1965,1965,1965,1965,0
2021-12-29 09:36:00,1965,1965,1965,1965,0
2021-12-29 09:37:00,1965,1965,1965,1965,0
2021-12-29 09:38:00,1965,1965,1965,1965,0
2021-12-29 09:39:00,1965,1965,1965,1965,0
2021-12-29 09:40:00,1965,1965,1965,1965,0
2021-12-29 09:41:00,1965,1965,1965,1965,0
2021-12-29 09:42:00,1965,1965,1965,1965,0
2021-12-29 09:43:00,1965,1965,1965,1965,0
2021-12-29 09:44:00,1965,1965,1965,1965,0
2021-12-29 09:45:00,1965,1965,1965,1965,200
2021-12-29 09:46:00,1965,1965,1965,1965,0
2021-12-29 09:47:00,1965,1965,1965,1965,0
2021-12-29 09:48:00,1965,1965,1965,1965,0
2021-12-29 09:49:00,1965,1965,1965,1965,0
2021-12-29 09:50:00,1965,1965,1965,1965,0
2021-12-29 09:51:00,1965,1965,1965,1965,0
2021-12-29 09:52:00,1965,1965,1965,1965,0
2021-12-29 09:53:00,1965,1965,1965,1965,0
2021-12-29 09:54:00,1965,1965,1965,1965,0
2021-12-29 09:55:00,1965,1965,1965,1965,0
2021-12-29 09:56:00,1965,1965,1965,1965,100
2021-12-29 09:57:00,1965,1965,1965,1965,100
2021-12-29 09:58:00,1965,1965,1965,1965,0
2021-12-29 09:59:00,1965,1965,1965,1965,0
2021-12-29 10:00:00,1965,1965,1965,1965,0
2021-12-29 10:01:00,1965,1965,1965,1965,0
2021-12-29 10:02:00,1965,1965,1965,1965,0
2021-12-29 10:03:00,1965,1965,1965,1965,0
2021-12-29 10:04:00,1965,1965,1965,1965,0
2021-12-29 10:05:00,1965,1965,1965,1965,0
2021-12-29 10:06:00,1965,1965,1965,1965,0
2021-12-29 10:07:00,1965,1965,1965,1965,0
2021-12-29 10:08:00,1965,1965,1965,1965,0
2021-12-29 10:09:00,1965,1965,1965,1965,0
2021-12-29 10:10:00,1965,1965,1965,1965,0
2021-12-29 10:11:00,1965,1965,1965,1965,0
2021-12-29 10:12:00,1965,1965,1965,1965,0
2021-12-29 10:13:00,1965,1965,1965,1965,0
2021-12-29 10:14:00,1965,1965,1965,1965,0
2021-12-29 10:15:00,1965,1965,1965,1965,0
2021-12-29 10:16:00,1965,1965,1965,1965,0
2021-12-29 10:17:00,1965,1965,1965,1965,0
2021-12-29 10:18:00,1965,1965,1965,1965,0
2021-12-29 10:19:00,1965,1965,1965,1965,0
2021-12-29 10:20:00,1965,1965,1965,1965,0
2021-12-29 10:21:00,1965,1965,1965,1965,0
2021-12-29 10:22:00,1965,1965,1965,1965,100
2021-12-29 10:23:00,1965,1965,1965,1965,0
2021-12-29 10:24:00,1965,1965,1965,1965,0
2021-12-29 10:25:00,1965,1965,1965,1965,0
2021-12-29 10:26:00,1965,1965,1965,1965,100
2021-12-29 10:27:00,1965,1965,1965,1965,0
2021-12-29 10:28:00,1965,1965,1965,1965,0
2021-12-29 10:29:00,1965,1965,1965,1965,0
2021-12-29 10:30:00,1965,1965,1965,1965,0
2021-12-29 10:31:00,1965,1965,1965,1965,0
2021-12-29 10:32:00,1965,1965,1965,1965,0
2021-12-29 10:33:00,1965,1965,1965,1965,0
2021-12-29 10:34:00,1965,1965,1965,1965,100
2021-12-29 10:35:00,1965,1965,1965,1965,0
2021-12-29 10:36:00,1965,1965,1965,1965,0
2021-12-29 10:37:00,1965,1965,1965,1965,0
2021-12-29 10:38:00,1965,1965,1965,1965,0
2021-12-29 10:39:00,1965,1965,1965,1965,0
2021-12-29 10:40:00,1965,1965,1965,1965,0
2021-12-29 10:41:00,1965,1965,1965,1965,0
2021-12-29 10:42:00,1965,1965,1965,1965,0
2021-12-29 10:43:00,1965,1965,1965,1965,0
2021-12-29 10:44:00,1965,1965,1965,1965,0
2021-12-29 10:45:00,1965,1965,1965,1965,0
2021-12-29 10:46:00,1965,1965,1965,1965,0
2021-12-29 10:47:00,1965,1965,1965,1965,0
2021-12-29 10:48:00,1965,1965,1965,1965,0
2021-12-29 10:49:00,1965,1965,1965,1965,0
2021-12-29 10:50:00,1965,1965,1965,1965,0
2021-12-29 10:51:00,1965,1965,1965,1965,0
2021-12-29 10:52:00,1965,1965,1965,1965,0
2021-12-29 10:53:00,1965,1965,1965,1965,0
2021-12-29 10:54:00,1965,1965,1965,1965,0
2021-12-29 10:55:00,1965,1965,1965,1965,0
2021-12-29 10:56:00,1965,1965,1965,1965,0
2021-12-29 10:57:00,1965,1965,1965,1965,0
2021-12-29 10:58:00,1965,1965,1965,1965,0
2021-12-29 10:59:00,1965,1965,1965,1965,0
2021-12-29 11:00:00,1965,1965,1965,1965,0
2021-12-29 11:01:00,1965,1965,1965,1965,0
2021-12-29 11:02:00,1965,1965,1965,1965,0
2021-12-29 11:03:00,1965,1965,1965,1965,0
2021-12-29 11:04:00,1965,1965,1965,1965,0
2021-12-29 11:05:00,1965,1965,1965,1965,0
2021-12-29 11:06:00,1965,1965,1965,1965,0
2021-12-29 11:07:00,1965,1965,1965,1965,0
2021-12-29 11:08:00,1965,1965,1965,1965,0
2021-12-29 11:09:00,1965,1965,1965,1965,0
2021-12-29 11:10:00,1965,1965,1965,1965,0
2021-12-29 11:11:00,1965,1965,1965,1965,0
2021-12-29 11:12:00,1965,1965,1965,1965,0
2021-12-29 11:13:00,1965,1965,1965,1965,0
2021-12-29 11:14:00,1965,1965,1965,1965,0
2021-12-29 11:15:00,1965,1965,1965,1965,0
2021-12-29 11:16:00,1965,1965,1965,1965,0
2021-12-29 11:17:00,1965,1965,1965,1965,0
2021-12-29 11:18:00,1965,1965,1965,1965,0
2021-12-29 11:19:00,1960,1960,1960,1960,100
2021-12-29 11:20:00,1960,1960,1960,1960,100
2021-12-29 11:21:00,1960,1960,1960,1960,0
2021-12-29 11:22:00,1960,1960,1960,1960,0
2021-12-29 11:23:00,1960,1960,1960,1960,0
2021-12-29 11:24:00,1955,1955,1955,1955,100
2021-12-29 11:25:00,1955,1955,1955,1955,0
2021-12-29 11:26:00,1955,1955,1955,1955,0
2021-12-29 11:27:00,1955,1955,1955,1955,0
2021-12-29 11:28:00,1955,1955,1955,1955,0
2021-12-29 11:29:00,1955,1955,1955,1955,0
2021-12-29 11:30:00,1955,1955,1955,1955,0
2021-12-29 11:31:00,1955,1955,1955,1955,0
2021-12-29 11:32:00,1955,1955,1955,1955,0
2021-12-29 11:33:00,1955,1955,1955,1955,0
2021-12-29 11:34:00,1955,1955,1955,1955,0
2021-12-29 11:35:00,1955,1955,1955,1955,0
2021-12-29 11:36:00,1955,1955,1955,1955,0
2021-12-29 11:37:00,1955,1955,1955,1955,0
2021-12-29 11:38:00,1955,1955,1955,1955,0
2021-12-29 11:39:00,1955,1955,1955,1955,0
2021-12-29 11:40:00,1955,1955,1955,1955,0
2021-12-29 11:41:00,1955,1955,1955,1955,0
2021-12-29 11:42:00,1955,1955,1955,1955,0
2021-12-29 11:43:00,1955,1955,1955,1955,0
2021-12-29 11:44:00,1955,1955,1955,1955,0
2021-12-29 11:45:00,1955,1955,1955,1955,0
2021-12-29 11:46:00,1955,1955,1955,1955,0
2021-12-29 11:47:00,1955,1955,1955,1955,0
2021-12-29 11:48:00,1955,1955,1955,1955,0
2021-12-29 11:49:00,1955,1955,1955,1955,0
2021-12-29 11:50:00,1955,1955,1955,1955,0
2021-12-29 11:51:00,1955,1955,1955,1955,0
2021-12-29 11:52:00,1955,1955,1955,1955,0
2021-12-29 11:53:00,1955,1955,1955,1955,0
2021-12-29 11:54:00,1955,1955,1955,1955,0
2021-12-29 11:55:00,1955,1955,1955,1955,0
2021-12-29 11:56:00,1955,1955,1955,1955,0
2021-12-29 11:57:00,1955,1955,1955,1955,0
2021-12-29 11:58:00,1955,1955,1955,1955,0
2021-12-29 11:59:00,1955,1955,1955,1955,0
2021-12-29 12:00:00,1955,1955,1955,1955,0
2021-12-29 12:01:00,1955,1955,1955,1955,0
2021-12-29 12:02:00,1955,1955,1955,1955,0
2021-12-29 12:03:00,1955,1955,1955,1955,0
2021-12-29 12:04:00,1955,1955,1955,1955,0
2021-12-29 12:05:00,1955,1955,1955,1955,0
2021-12-29 12:06:00,1955,1955,1955,1955,0
2021-12-29 12:07:00,1955,1955,1955,1955,0
2021-12-29 12:08:00,1955,1955,1955,1955,0
2021-12-29 12:09:00,1955,1955,1955,1955,0
2021-12-29 12:10:00,1955,1955,1955,1955,0
2021-12-29 12:11:00,1955,1955,1955,1955,0
2021-12-29 12:12:00,1955,1955,1955,1955,0
2021-12-29 12:13:00,1955,1955,1955,1955,0
2021-12-29 12:14:00,1955,1955,1955,1955,0
2021-12-29 12:15:00,1955,1955,1955,1955,0
2021-12-29 12:16:00,1955,1955,1955,1955,0
2021-12-29 12:17:00,1955,1955,1955,1955,0
2021-12-29 12:18:00,1955,1955,1955,1955,0
2021-12-29 12:19:00,1955,1955,1955,1955,0
2021-12-29 12:20:00,1955,1955,1955,1955,0
2021-12-29 12:21:00,1955,1955,1955,1955,0
2021-12-29 12:22:00,1955,1955,1955,1955,0
2021-12-29 12:23:00,1955,1955,1955,1955,0
2021-12-29 12:24:00,1955,1955,1955,1955,0
2021-12-29 12:25:00,1955,1955,1955,1955,0
2021-12-29 12:26:00,1955,1955,1955,1955,0
2021-12-29 12:27:00,1955,1955,1955,1955,0
2021-12-29 12:28:00,1955,1955,1955,1955,0
2021-12-29 12:29:00,1955,1955,1955,1955,0
2021-12-29 12:30:00,1955,1955,1955,1955,0
2021-12-29 12:31:00,1955,1955,1955,1955,0
2021-12-29 12:32:00,1955,1955,1955,1955,0
2021-12-29 12:33:00,1955,1955,1955,1955,0
2021-12-29 12:34:00,1955,1955,1955,1955,0
2021-12-29 12:35:00,1955,1955,1955,1955,0
2021-12-29 12:36:00,1955,1955,1955,1955,0
2021-12-29 12:37:00,1955,1955,1955,1955,0
2021-12-29 12:38:00,1955,1955,1955,1955,0
2021-12-29 12:39:00,1955,1955,1955,1955,0
2021-12-29 12:40:00,1955,1955,1955,1955,0
2021-12-29 12:41:00,1955,1955,1955,1955,0
2021-12-29 12:42:00,1955,1955,1955,1955,0
2021-12-29 12:43:00,1955,1955,1955,1955,0
2021-12-29 12:44:00,1955,1955,1955,1955,0
2021-12-29 12:45:00,1955,1955,1955,1955,0
2021-12-29 12:46:00,1955,1955,1955,1955,0
2021-12-29 12:47:00,1955,1955,1955,1955,0
2021-12-29 12:48:00,1955,1955,1955,1955,0
2021-12-29 12:49:00,1955,1955,1955,1955,0
2021-12-29 12:50:00,1955,1955,1955,1955,0
2021-12-29 12:51:00,1955,1955,1955,1955,0
2021-12-29 12:52:00,1955,1955,1955,1955,0
2021-12-29 12:53:00,1955,1955,1955,1955,0
2021-12-29 12:54:00,1955,1955,1955,1955,0
2021-12-29 12:55:00,1955,1955,1955,1955,0
2021-12-29 12:56:00,1955,1955,1955,1955,0
2021-12-29 12:57:00,1955,1955,1955,1955,0
2021-12-29 12:58:00,1955,1955,1955,1955,0
2021-12-29 12:59:00,1955,1955,1955,1955,0
2021-12-29 13:00:00,1955,1955,1955,1955,0
2021-12-29 13:01:00,1955,1955,1955,1955,0
2021-12-29 13:02:00,1955,1955,1955,1955,0
2021-12-29 13:03:00,1955,1955,1955,1955,0
2021-12-29 13:04:00,1955,1955,1955,1955,0
2021-12-29 13:05:00,1955,1955,1955,1955,0
2021-12-29 13:06:00,1955,1955,1955,1955,0
2021-12-29 13:07:00,1955,1955,1955,1955,0
2021-12-29 13:08:00,1955,1955,1955,1955,0
2021-12-29 13:09:00,1955,1955,1955,1955,0
2021-12-29 13:10:00,1955,1955,1955,1955,0
2021-12-29 13:11:00,1955,1955,1955,1955,0
2021-12-29 13:12:00,1955,1955,1955,1955,0
2021-12-29 13:13:00,1955,1955,1955,1955,0
2021-12-29 13:14:00,1955,1955,1955,1955,0
2021-12-29 13:15:00,1955,1955,1955,1955,0
2021-12-29 13:16:00,1955,1955,1955,1955,0
2021-12-29 13:17:00,1955,1955,1955,1955,0
2021-12-29 13:18:00,1955,1955,1955,1955,0
2021-12-29 13:19:00,1955,1955,1955,1955,0
2021-12-29 13:20:00,1955,1955,1955,1955,0
2021-12-29 13:21:00,1955,1955,1955,1955,0
2021-12-29 13:22:00,1955,1955,1955,1955,0
2021-12-29 13:23:00,1955,1955,1955,1955,0
2021-12-29 13:24:00,1955,1955,1955,1955,0
2021-12-29 13:25:00,1955,1955,1955,1955,0
2021-12-29 13:26:00,1955,1955,1955,1955,0
2021-12-29 13:27:00,1955,1955,1955,1955,0
2021-12-29 13:28:00,1955,1955,1955,1955,0
2021-12-29 13:29:00,1955,1955,1955,1955,0
2021-12-29 13:30:00,1955,1955,1955,1955,400
2021-12-29 13:31:00,1955,1955,1955,1955,0
2021-12-29 13:32:00,1955,1955,1955,1955,0
2021-12-29 13:33:00,1955,1955,1955,1955,300
2021-12-29 13:34:00,1955,1955,1955,1955,0
2021-12-29 13:35:00,1955,1955,1955,1955,0
2021-12-29 13:36:00,1955,1955,1955,1955,100
2021-12-29 13:37:00,1955,1955,1955,1955,0
2021-12-29 13:38:00,1955,1955,1955,1955,0
2021-12-29 13:39:00,1955,1955,1955,1955,0
2021-12-29 13:40:00,1955,1955,1955,1955,0
2021-12-29 13:41:00,1950,1950,1950,1950,100
2021-12-29 13:42:00,1950,1950,1950,1950,0
2021-12-29 13:43:00,1950,1950,1950,1950,0
2021-12-29 13:44:00,1950,1950,1950,1950,0
2021-12-29 13:45:00,1950,1950,1950,1950,0
2021-12-29 13:46:00,1950,1950,1950,1950,0
2021-12-29 13:47:00,1950,1950,1950,1950,0
2021-12-29 13:48:00,1950,1950,1950,1950,0
2021-12-29 13:49:00,1950,1950,1950,1950,0
2021-12-29 13:50:00,1950,1950,1950,1950,0
2021-12-29 13:51:00,1950,1950,1950,1950,0
2021-12-29 13:52:00,1950,1950,1950,1950,0
2021-12-29 13:53:00,1950,1950,1950,1950,0
2021-12-29 13:54:00,1950,1950,1950,1950,0
2021-12-29 13:55:00,1955,1955,1955,1955,200
2021-12-29 13:56:00,1955,1955,1955,1955,100
2021-12-29 13:57:00,1955,1955,1955,1955,0
2021-12-29 13:58:00,1955,1955,1955,1955,0
2021-12-29 13:59:00,1955,1955,1955,1955,0
2021-12-29 14:00:00,1955,1955,1955,1955,0
2021-12-29 14:01:00,1955,1955,1955,1955,0
2021-12-29 14:02:00,1955,1955,1955,1955,0
2021-12-29 14:03:00,1955,1955,1955,1955,0
2021-12-29 14:04:00,1955,1955,1955,1955,0
2021-12-29 14:05:00,1965,1965,1965,1965,200
2021-12-29 14:06:00,1975,1975,1975,1975,200
2021-12-29 14:07:00,1975,1975,1975,1975,0
2021-12-29 14:08:00,1975,1975,1975,1975,0
2021-12-29 14:09:00,1975,1975,1975,1975,0
2021-12-29 14:10:00,1975,1975,1975,1975,0
2021-12-29 14:11:00,1975,1975,1975,1975,0
2021-12-29 14:12:00,1975,1975,1975,1975,0
2021-12-29 14:13:00,1975,1975,1975,1975,0
2021-12-29 14:14:00,1975,1975,1975,1975,0
2021-12-29 14:15:00,1975,1975,1975,1975,0
2021-12-29 14:16:00,1975,1975,1975,1975,0
2021-12-29 14:17:00,1975,1975,1975,1975,0
2021-12-29 14:18:00,1975,1975,1975,1975,0
2021-12-29 14:19:00,1975,1975,1975,1975,0
2021-12-29 14:20:00,1975,1975,1975,1975,0
2021-12-29 14:21:00,1975,1975,1975,1975,0
2021-12-29 14:22:00,1975,1975,1975,1975,0
2021-12-29 14:23:00,1975,1975,1975,1975,0
2021-12-29 14:24:00,1975,1975,1975,1975,0
2021-12-29 14:25:00,1975,1975,1975,1975,0
2021-12-29 14:26:00,1975,1975,1975,1975,0
2021-12-29 14:27:00,1975,1975,1975,1975,0
2021-12-29 14:28:00,1975,1975,1975,1975,0
2021-12-29 14:29:00,1975,1975,1975,1975,0
2021-12-29 14:30:00,1975,1975,1975,1975,0
2021-12-29 14:31:00,1975,1975,1975,1975,0
2021-12-29 14:32:00,1975,1975,1975,1975,100
2021-12-29 14:33:00,1975,1975,1975,1975,0
2021-12-29 14:34:00,1975,1975,1975,1975,0
2021-12-29 14:35:00,1975,1975,1975,1975,0
2021-12-29 14:36:00,1975,1975,1975,1975,0
2021-12-29 14:37:00,1975,1975,1975,1975,0
2021-12-29 14:38:00,1975,1975,1975,1975,0
2021-12-29 14:39:00,1975,1975,1975,1975,0
2021-12-29 14:40:00,1975,1975,1975,1975,0
2021-12-29 14:41:00,1975,1975,1975,1975,0
2021-12-29 14:42:00,1975,1975,1975,1975,0
2021-12-29 14:43:00,1975,1975,1975,1975,0
2021-12-29 14:44:00,1975,1975,1975,1975,0
2021-12-29 14:45:00,1975,1975,1975,1975,0
2021-12-29 14:46:00,1975,1975,1975,1975,0
2021-12-29 14:47:00,1975,1975,1975,1975,200
2021-12-29 14:48:00,1975,1975,1975,1975,0
2021-12-29 14:49:00,1975,1975,1975,1975,0
2021-12-29 14:50:00,1975,1975,1975,1975,0
2021-12-29 14:51:00,1975,1975,1975,1975,0
2021-12-29 14:52:00,1975,1975,1975,1975,0
2021-12-29 14:53:00,1975,1975,1975,1975,0
2021-12-29 14:54:00,1975,1975,1975,1975,0
2021-12-29 14:55:00,1975,1975,1975,1975,0
2021-12-29 14:56:00,1975,1975,1975,1975,0
2021-12-29 14:57:00,1975,1975,1975,1975,0
2021-12-29 14:58:00,1975,1975,1975,1975,0
2021-12-29 14:59:00,1975,1975,1975,1975,0
2021-12-29 15:00:00,2000,2000,2000,2000,600
2021-12-29 15:01:00,2000,2000,2000,2000,0
2021-12-29 15:02:00,2000,2000,2000,2000,0
2021-12-29 15:03:00,2000,2000,2000,2000,0
2021-12-29 15:04:00,2000,2000,2000,2000,0
2021-12-29 15:05:00,2000,2000,2000,2000,0
2021-12-29 15:06:00,2000,2000,2000,2000,0
2021-12-29 15:07:00,2000,2000,2000,2000,0
2021-12-29 15:08:00,2000,2000,2000,2000,0
2021-12-29 15:09:00,2000,2000,2000,2000,0
2021-12-29 15:10:00,2000,2000,2000,2000,0
2021-12-29 15:11:00,2000,2000,2000,2000,0
2021-12-29 15:12:00,2000,2000,2000,2000,0
2021-12-29 15:13:00,2000,2000,2000,2000,0
2021-12-29 15:14:00,2000,2000,2000,2000,0
2021-12-29 15:15:00,2000,2000,2000,2000,0
2021-12-29 15:16:00,2000,2000,2000,2000,0
2021-12-29 15:17:00,2000,2000,2000,2000,0
2021-12-29 15:18:00,2000,2000,2000,2000,0
2021-12-29 15:19:00,2000,2000,2000,2000,0
2021-12-29 15:20:00,2000,2000,2000,2000,0
2021-12-29 15:21:00,2000,2000,2000,2000,0
2021-12-29 15:22:00,2000,2000,2000,2000,0
2021-12-29 15:23:00,2000,2000,2000,2000,0
2021-12-29 15:24:00,2000,2000,2000,2000,0
2021-12-29 15:25:00,2000,2000,2000,2000,0
2021-12-29 15:26:00,2000,2000,2000,2000,0
2021-12-29 15:27:00,2000,2000,2000,2000,0
2021-12-29 15:28:00,2000,2000,2000,2000,0
2021-12-29 15:29:00,2000,2000,2000,2000,0
2021-12-29 15:30:00,2000,2000,2000,2000,0
2021-12-29 15:31:00,2000,2000,2000,2000,0
2021-12-29 15:32:00,2000,2000,2000,2000,0
2021-12-29 15:33:00,2000,2000,2000,2000,0
2021-12-29 15:34:00,2000,2000,2000,2000,0
2021-12-29 15:35:00,2000,2000,2000,2000,0
2021-12-29 15:36:00,2000,2000,2000,2000,0
2021-12-29 15:37:00,2000,2000,2000,2000,0
2021-12-29 15:38:00,2000,2000,2000,2000,0
2021-12-29 15:39:00,2000,2000,2000,2000,0
2021-12-29 15:40:00,2000,2000,2000,2000,0
2021-12-29 15:41:00,2000,2000,2000,2000,0
2021-12-29 15:42:00,2000,2000,2000,2000,0
2021-12-29 15:43:00,2000,2000,2000,2000,0
2021-12-29 15:44:00,2000,2000,2000,2000,0
2021-12-29 15:45:00,2000,2000,2000,2000,0
2021-12-29 15:46:00,2000,2000,2000,2000,0
2021-12-29 15:47:00,2000,2000,2000,2000,0
2021-12-29 15:48:00,2000,2000,2000,2000,0
2021-12-29 15:49:00,2000,2000,2000,2000,0
2021-12-29 15:50:00,2000,2000,2000,2000,0
2021-12-29 15:51:00,2000,2000,2000,2000,0
2021-12-29 15:52:00,2000,2000,2000,2000,0
2021-12-29 15:53:00,2000,2000,2000,2000,0
2021-12-29 15:54:00,2000,2000,2000,2000,0
2021-12-29 15:55:00,2000,2000,2000,2000,0
2021-12-29 15:56:00,2000,2000,2000,2000,0
2021-12-29 15:57:00,2000,2000,2000,2000,0
2021-12-29 15:58:00,2000,2000,2000,2000,0
2021-12-29 15:59:00,2000,2000,2000,2000,0
2021-12-30 09:00:00,2000,2000,2000,2000,0
2021-12-30 09:01:00,2000,2000,2000,2000,0
2021-12-30 09:02:00,2000,2000,2000,2000,0
2021-12-30 09:03:00,2000,2000,2000,2000,0
2021-12-30 09:04:00,2000,2000,2000,2000,0
2021-12-30 09:05:00,2000,2000,2000,2000,0
2021-12-30 09:06:00,2000,2000,2000,2000,0
2021-12-30 09:07:00,2000,2000,2000,2000,0
2021-12-30 09:08:00,2000,2000,2000,2000,0
2021-12-30 09:09:00,1990,1990,1990,1990,100
2021-12-30 09:10:00,1990,1990,1990,1990,0
2021-12-30 09:11:00,1990,1990,1990,1990,100
2021-12-30 09:12:00,1990,1990,1990,1990,0
2021-12-30 09:13:00,1990,1990,1990,1990,0
2021-12-30 09:14:00,1990,1990,1990,1990,100
2021-12-30 09:15:00,1990,1990,1990,1990,0
2021-12-30 09:16:00,1990,1990,1990,1990,0
2021-12-30 09:17:00,1990,1990,1990,1990,0
2021-12-30 09:18:00,1990,1990,1990,1990,0
2021-12-30 09:19:00,1990,1990,1990,1990,0
2021-12-30 09:20:00,1990,1990,1990,1990,0
2021-12-30 09:21:00,1990,1990,1990,1990,0
2021-12-30 09:22:00,1990,1990,1990,1990,0
2021-12-30 09:23:00,1990,1990,1990,1990,0
2021-12-30 09:24:00,1990,1990,1990,1990,0
2021-12-30 09:25:00,1990,1990,1990,1990,0
2021-12-30 09:26:00,1990,1990,1990,1990,100
2021-12-30 09:27:00,1970,1970,1970,1970,100
2021-12-30 09:28:00,1990,1990,1990,1990,200
2021-12-30 09:29:00,1990,1990,1990,1990,0
2021-12-30 09:30:00,1990,1990,1990,1990,0
2021-12-30 09:31:00,1990,1990,1990,1990,0
2021-12-30 09:32:00,1990,1990,1990,1990,0
2021-12-30 09:33:00,1990,1990,1990,1990,0
2021-12-30 09:34:00,1990,1990,1990,1990,0
2021-12-30 09:35:00,1990,1990,1990,1990,0
2021-12-30 09:36:00,1990,1990,1990,1990,0
2021-12-30 09:37:00,1990,1990,1990,1990,0
2021-12-30 09:38:00,1990,1990,1990,1990,0
2021-12-30 09:39:00,1990,1990,1990,1990,100
2021-12-30 09:40:00,1990,1990,1990,1990,0
2021-12-30 09:41:00,1990,1990,1990,1990,0
2021-12-30 09:42:00,1990,1990,1990,1990,0
2021-12-30 09:43:00,1990,1990,1990,1990,0
2021-12-30 09:44:00,1990,1990,1990,1990,100
2021-12-30 09:45:00,1990,1990,1990,1990,0
2021-12-30 09:46:00,1990,1990,1990,1990,0
2021-12-30 09:47:00,1990,1990,1990,1990,0
2021-12-30 09:48:00,1990,1990,1990,1990,0
2021-12-30 09:49:00,1990,1990,1990,1990,0
2021-12-30 09:50:00,1990,1990,1990,1990,0
2021-12-30 09:51:00,1990,1990,1990,1990,100
2021-12-30 09:52:00,1990,1990,1990,1990,0
2021-12-30 09:53:00,1990,1990,1990,1990,0
2021-12-30 09:54:00,1990,1990,1990,1990,0
2021-12-30 09:55:00,1990,1990,1990,1990,0
2021-12-30 09:56:00,1990,1990,1990,1990,0
2021-12-30 09:57:00,1990,1990,1990,1990,0
2021-12-30 09:58:00,1990,1990,1990,1990,0
2021-12-30 09:59:00,1990,1990,1990,1990,0
2021-12-30 10:00:00,1990,1990,1990,1990,0
2021-12-30 10:01:00,1990,1990,1990,1990,0
2021-12-30 10:02:00,1990,1990,1990,1990,0
2021-12-30 10:03:00,1990,1990,1990,1990,0
2021-12-30 10:04:00,1990,1990,1990,1990,0
2021-12-30 10:05:00,1990,1990,1990,1990,0
2021-12-30 10:06:00,1990,1990,1990,1990,0
2021-12-30 10:07:00,1990,1990,1990,1990,0
2021-12-30 10:08:00,1990,1990,1990,1990,0
2021-12-30 10:09:00,1990,1990,1990,1990,100
2021-12-30 10:10:00,1990,1990,1990,1990,0
2021-12-30 10:11:00,1990,1990,1990,1990,0
2021-12-30 10:12:00,1990,1990,1990,1990,0
2021-12-30 10:13:00,1990,1990,1990,1990,0
2021-12-30 10:14:00,1990,1990,1990,1990,0
2021-12-30 10:15:00,1990,1990,1990,1990,0
2021-12-30 10:16:00,1990,1990,1990,1990,0
2021-12-30 10:17:00,1990,1990,1990,1990,0
2021-12-30 10:18:00,1990,1990,1990,1990,0
2021-12-30 10:19:00,1990,1990,1990,1990,0
2021-12-30 10:20:00,1990,1990,1990,1990,0
2021-12-30 10:21:00,1990,1990,1990,1990,0
2021-12-30 10:22:00,1990,1990,1990,1990,0
2021-12-30 10:23:00,1990,1990,1990,1990,0
2021-12-30 10:24:00,1990,1990,1990,1990,0
2021-12-30 10:25:00,1990,1990,1990,1990,0
2021-12-30 10:26:00,1990,1990,1990,1990,0
2021-12-30 10:27:00,1990,1990,1990,1990,0
2021-12-30 10:28:00,1990,1990,1990,1990,0
2021-12-30 10:29:00,1990,1990,1990,1990,0
2021-12-30 10:30:00,1990,1990,1990,1990,0
2021-12-30 10:31:00,1990,1990,1990,1990,0
2021-12-30 10:32:00,1990,1990,1990,1990,0
2021-12-30 10:33:00,1990,1990,1990,1990,0
2021-12-30 10:34:00,1990,1990,1990,1990,0
2021-12-30 10:35:00,1990,1990,1990,1990,0
2021-12-30 10:36:00,1990,1990,1990,1990,0
2021-12-30 10:37:00,1990,1990,1990,1990,0
2021-12-30 10:38:00,1990,1990,1990,1990,0
2021-12-30 10:39:00,1990,1990,1990,1990,0
2021-12-30 10:40:00,1990,1990,1990,1990,0
2021-12-30 10:41:00,1990,1990,1990,1990,0
2021-12-30 10:42:00,1990,1990,1990,1990,0
2021-12-30 10:43:00,1990,1990,1990,1990,0
2021-12-30 10:44:00,1990,1990,1990,1990,0
2021-12-30 10:45:00,1990,1990,1990,1990,0
2021-12-30 10:46:00,1985,1985,1985,1985,100
2021-12-30 10:47:00,1985,1985,1985,1985,0
2021-12-30 10:48:00,1985,1985,1985,1985,0
2021-12-30 10:49:00,1985,1985,1985,1985,0
2021-12-30 10:50:00,1985,1985,1985,1985,0
2021-12-30 10:51:00,1985,1985,1985,1985,0
2021-12-30 10:52:00,1985,1985,1985,1985,0
2021-12-30 10:53:00,1985,1985,1985,1985,0
2021-12-30 10:54:00,1985,1985,1985,1985,0
2021-12-30 10:55:00,1985,1985,1985,1985,0
2021-12-30 10:56:00,1985,1985,1985,1985,0
2021-12-30 10:57:00,1985,1985,1985,1985,0
2021-12-30 10:58:00,1985,1985,1985,1985,0
2021-12-30 10:59:00,1985,1985,1985,1985,0
2021-12-30 11:00:00,1985,1985,1985,1985,0
2021-12-30 11:01:00,1985,1985,1985,1985,0
2021-12-30 11:02:00,1985,1985,1985,1985,0
2021-12-30 11:03:00,1985,1985,1985,1985,0
2021-12-30 11:04:00,1985,1985,1985,1985,0
2021-12-30 11:05:00,1985,1985,1985,1985,0
2021-12-30 11:06:00,1985,1985,1985,1985,0
2021-12-30 11:07:00,1985,1985,1985,1985,0
2021-12-30 11:08:00,1985,1985,1985,1985,0
2021-12-30 11:09:00,1985,1985,1985,1985,0
2021-12-30 11:10:00,1985,1985,1985,1985,0
2021-12-30 11:11:00,1985,1985,1985,1985,0
2021-12-30 11:12:00,1985,1985,1985,1985,0
2021-12-30 11:13:00,1985,1985,1985,1985,0
2021-12-30 11:14:00,1985,1985,1985,1985,0
2021-12-30 11:15:00,1985,1985,1985,1985,0
2021-12-30 11:16:00,1985,1985,1985,1985,0
2021-12-30 11:17:00,1985,1985,1985,1985,0
2021-12-30 11:18:00,1985,1985,1985,1985,0
2021-12-30 11:19:00,1985,1985,1985,1985,0
2021-12-30 11:20:00,1985,1985,1985,1985,0
2021-12-30 11:21:00,1985,1985,1985,1985,0
2021-12-30 11:22:00,1985,1985,1985,1985,0
2021-12-30 11:23:00,1985,1985,1985,1985,0
2021-12-30 11:24:00,1985,1985,1985,1985,0
2021-12-30 11:25:00,1985,1985,1985,1985,0
2021-12-30 11:26:00,1985,1985,1985,1985,0
2021-12-30 11:27:00,1985,1985,1985,1985,0
2021-12-30 11:28:00,1985,1985,1985,1985,0
2021-12-30 11:29:00,1985,1985,1985,1985,0
2021-12-30 11:30:00,1985,1985,1985,1985,0
2021-12-30 11:31:00,1985,1985,1985,1985,0
2021-12-30 11:32:00,1985,1985,1985,1985,0
2021-12-30 11:33:00,1985,1985,1985,1985,0
2021-12-30 11:34:00,1985,1985,1985,1985,0
2021-12-30 11:35:00,1985,1985,1985,1985,0
2021-12-30 11:36:00,1985,1985,1985,1985,0
2021-12-30 11:37:00,1985,1985,1985,1985,0
2021-12-30 11:38:00,1985,1985,1985,1985,0
2021-12-30 11:39:00,1985,1985,1985,1985,0
2021-12-30 11:40:00,1985,1985,1985,1985,0
2021-12-30 11:41:00,1985,1985,1985,1985,0
2021-12-30 11:42:00,1985,1985,1985,1985,0
2021-12-30 11:43:00,1985,1985,1985,1985,0
2021-12-30 11:44:00,1985,1985,1985,1985,0
2021-12-30 11:45:00,1985,1985,1985,1985,0
2021-12-30 11:46:00,1985,1985,1985,1985,0
2021-12-30 11:47:00,1985,1985,1985,1985,0
2021-12-30 11:48:00,1985,1985,1985,1985,0
2021-12-30 11:49:00,1985,1985,1985,1985,0
2021-12-30 11:50:00,1985,1985,1985,1985,0
2021-12-30 11:51:00,1985,1985,1985,1985,0
2021-12-30 11:52:00,1985,1985,1985,1985,0
2021-12-30 11:53:00,1985,1985,1985,1985,0
2021-12-30 11:54:00,1985,1985,1985,1985,0
2021-12-30 11:55:00,1985,1985,1985,1985,0
2021-12-30 11:56:00,1985,1985,1985,1985,0
2021-12-30 11:57:00,1985,1985,1985,1985,0
2021-12-30 11:58:00,1985,1985,1985,1985,0
2021-12-30 11:59:00,1985,1985,1985,1985,0
2021-12-30 12:00:00,1985,1985,1985,1985,0
2021-12-30 12:01:00,1985,1985,1985,1985,0
2021-12-30 12:02:00,1985,1985,1985,1985,0
2021-12-30 12:03:00,1985,1985,1985,1985,0
2021-12-30 12:04:00,1985,1985,1985,1985,0
2021-12-30 12:05:00,1985,1985,1985,1985,0
2021-12-30 12:06:00,1985,1985,1985,1985,0
2021-12-30 12:07:00,1985,1985,1985,1985,0
2021-12-30 12:08:00,1985,1985,1985,1985,0
2021-12-30 12:09:00,1985,1985,1985,1985,0
2021-12-30 12:10:00,1985,1985,1985,1985,0
2021-12-30 12:11:00,1985,1985,1985,1985,0
2021-12-30 12:12:00,1985,1985,1985,1985,0
2021-12-30 12:13:00,1985,1985,1985,1985,0
2021-12-30 12:14:00,1985,1985,1985,1985,0
2021-12-30 12:15:00,1985,1985,1985,1985,0
2021-12-30 12:16:00,1985,1985,1985,1985,0
2021-12-30 12:17:00,1985,1985,1985,1985,0
2021-12-30 12:18:00,1985,1985,1985,1985,0
2021-12-30 12:19:00,1985,1985,1985,1985,0
2021-12-30 12:20:00,1985,1985,1985,1985,0
2021-12-30 12:21:00,1985,1985,1985,1985,0
2021-12-30 12:22:00,1985,1985,1985,1985,0
2021-12-30 12:23:00,1985,1985,1985,1985,0
2021-12-30 12:24:00,1985,1985,1985,1985,0
2021-12-30 12:25:00,1985,1985,1985,1985,0
2021-12-30 12:26:00,1985,1985,1985,1985,0
2021-12-30 12:27:00,1985,1985,1985,1985,0
2021-12-30 12:28:00,1985,1985,1985,1985,0
2021-12-30 12:29:00,1985,1985,1985,1985,0
2021-12-30 12:30:00,1985,1985,1985,1985,0
2021-12-30 12:31:00,1985,1985,1985,1985,0
2021-12-30 12:32:00,1985,1985,1985,1985,0
2021-12-30 12:33:00,1985,1985,1985,1985,0
2021-12-30 12:34:00,1985,1985,1985,1985,0
2021-12-30 12:35:00,1985,1985,1985,1985,0
2021-12-30 12:36:00,1985,1985,1985,1985,0
2021-12-30 12:37:00,1985,1985,1985,1985,0
2021-12-30 12:38:00,1985,1985,1985,1985,0
2021-12-30 12:39:00,1985,1985,1985,1985,0
2021-12-30 12:40:00,1985,1985,1985,1985,0
2021-12-30 12:41:00,1985,1985,1985,1985,0
2021-12-30 12:42:00,1985,1985,1985,1985,0
2021-12-30 12:43:00,1985,1985,1985,1985,0
2021-12-30 12:44:00,1985,1985,1985,1985,0
2021-12-30 12:45:00,1985,1985,1985,1985,0
2021-12-30 12:46:00,1985,1985,1985,1985,0
2021-12-30 12:47:00,1985,1985,1985,1985,0
2021-12-30 12:48:00,1985,1985,1985,1985,0
2021-12-30 12:49:00,1985,1985,1985,1985,0
2021-12-30 12:50:00,1985,1985,1985,1985,0
2021-12-30 12:51:00,1985,1985,1985,1985,0
2021-12-30 12:52:00,1985,1985,1985,1985,0
2021-12-30 12:53:00,1985,1985,1985,1985,0
2021-12-30 12:54:00,1985,1985,1985,1985,0
2021-12-30 12:55:00,1985,1985,1985,1985,0
2021-12-30 12:56:00,1985,1985,1985,1985,0
2021-12-30 12:57:00,1985,1985,1985,1985,0
2021-12-30 12:58:00,1985,1985,1985,1985,0
2021-12-30 12:59:00,1985,1985,1985,1985,0
2021-12-30 13:00:00,1985,1985,1985,1985,0
2021-12-30 13:01:00,1985,1985,1985,1985,0
2021-12-30 13:02:00,1985,1985,1985,1985,0
2021-12-30 13:03:00,1985,1985,1985,1985,0
2021-12-30 13:04:00,1985,1985,1985,1985,0
2021-12-30 13:05:00,1985,1985,1985,1985,0
2021-12-30 13:06:00,1985,1985,1985,1985,0
2021-12-30 13:07:00,1985,1985,1985,1985,0
2021-12-30 13:08:00,1985,1985,1985,1985,0
2021-12-30 13:09:00,1985,1985,1985,1985,0
2021-12-30 13:10:00,1985,1985,1985,1985,0
2021-12-30 13:11:00,1985,1985,1985,1985,0
2021-12-30 13:12:00,1985,1985,1985,1985,0
2021-12-30 13:13:00,1985,1985,1985,1985,0
2021-12-30 13:14:00,1985,1985,1985,1985,0
2021-12-30 13:15:00,1985,1985,1985,1985,0
2021-12-30 13:16:00,1985,1985,1985,1985,0
2021-12-30 13:17:00,1985,1985,1985,1985,0
2021-12-30 13:18:00,1985,1985,1985,1985,0
2021-12-30 13:19:00,1985,1985,1985,1985,0
2021-12-30 13:20:00,1985,1985,1985,1985,0
2021-12-30 13:21:00,1985,1985,1985,1985,0
2021-12-30 13:22:00,1985,1985,1985,1985,0
2021-12-30 13:23:00,1985,1985,1985,1985,0
2021-12-30 13:24:00,1985,1985,1985,1985,0
2021-12-30 13:25:00,1985,1985,1985,1985,0
2021-12-30 13:26:00,1985,1985,1985,1985,0
2021-12-30 13:27:00,1985,1985,1985,1985,0
2021-12-30 13:28:00,1985,1985,1985,1985,0
2021-12-30 13:29:00,1985,1985,1985,1985,0
2021-12-30 13:30:00,1985,1985,1985,1985,300
2021-12-30 13:31:00,1985,1985,1985,1985,100
2021-12-30 13:32:00,1985,1985,1985,1985,0
2021-12-30 13:33:00,1985,1985,1985,1985,0
2021-12-30 13:34:00,1985,1985,1985,1985,0
2021-12-30 13:35:00,1985,1985,1985,1985,0
2021-12-30 13:36:00,1985,1985,1985,1985,0
2021-12-30 13:37:00,1985,1985,1985,1985,100
2021-12-30 13:38:00,1985,1985,1985,1985,0
2021-12-30 13:39:00,1985,1985,1985,1985,0
2021-12-30 13:40:00,1985,1985,1985,1985,0
2021-12-30 13:41:00,1985,1985,1985,1985,0
2021-12-30 13:42:00,1985,1985,1985,1985,0
2021-12-30 13:43:00,1985,1985,1985,1985,0
2021-12-30 13:44:00,1985,1985,1985,1985,0
2021-12-30 13:45:00,1985,1985,1985,1985,0
2021-12-30 13:46:00,1985,1985,1985,1985,0
2021-12-30 13:47:00,1985,1985,1985,1985,0
2021-12-30 13:48:00,1985,1985,1985,1985,0
2021-12-30 13:49:00,1985,1985,1985,1985,0
2021-12-30 13:50:00,1985,1985,1985,1985,0
2021-12-30 13:51:00,1985,1985,1985,1985,0
2021-12-30 13:52:00,1985,1985,1985,1985,100
2021-12-30 13:53:00,1985,1985,1985,1985,100
2021-12-30 13:54:00,1985,1985,1985,1985,0
2021-12-30 13:55:00,1985,1985,1985,1985,0
2021-12-30 13:56:00,1985,1985,1985,1985,0
2021-12-30 13:57:00,1985,1985,1985,1985,0
2021-12-30 13:58:00,1985,1985,1985,1985,0
2021-12-30 13:59:00,1985,1985,1985,1985,100
2021-12-30 14:00:00,1985,1985,1985,1985,100
2021-12-30 14:01:00,1985,1985,1985,1985,0
2021-12-30 14:02:00,1985,1985,1985,1985,0
2021-12-30 14:03:00,1985,1985,1985,1985,0
2021-12-30 14:04:00,1985,1985,1985,1985,0
2021-12-30 14:05:00,1985,1985,1985,1985,0
2021-12-30 14:06:00,1985,1985,1985,1985,0
2021-12-30 14:07:00,1985,1985,1985,1985,0
2021-12-30 14:08:00,1985,1985,1985,1985,0
2021-12-30 14:09:00,1985,1985,1985,1985,0
2021-12-30 14:10:00,1985,1985,1985,1985,0
2021-12-30 14:11:00,1985,1985,1985,1985,0
2021-12-30 14:12:00,1985,1985,1985,1985,0
2021-12-30 14:13:00,1985,1985,1985,1985,0
2021-12-30 14:14:00,1985,1985,1985,1985,0
2021-12-30 14:15:00,1985,1985,1985,1985,0
2021-12-30 14:16:00,1985,1985,1985,1985,0
2021-12-30 14:17:00,1985,1985,1985,1985,0
2021-12-30 14:18:00,1985,1985,1985,1985,0
2021-12-30 14:19:00,1985,1985,1985,1985,0
2021-12-30 14:20:00,1985,1985,1985,1985,100
2021-12-30 14:21:00,1985,1985,1985,1985,0
2021-12-30 14:22:00,1985,1985,1985,1985,0
2021-12-30 14:23:00,1990,1990,1990,1990,200
2021-12-30 14:24:00,1990,1990,1990,1990,0
2021-12-30 14:25:00,1990,1990,1990,1990,0
2021-12-30 14:26:00,1990,1990,1990,1990,0
2021-12-30 14:27:00,1990,1990,1990,1990,0
2021-12-30 14:28:00,1990,1990,1990,1990,0
2021-12-30 14:29:00,1990,1990,1990,1990,0
2021-12-30 14:30:00,1990,1990,1990,1990,0
2021-12-30 14:31:00,1990,1990,1990,1990,0
2021-12-30 14:32:00,1990,1990,1990,1990,0
2021-12-30 14:33:00,1990,1990,1990,1990,0
2021-12-30 14:34:00,1990,1990,1990,1990,0
2021-12-30 14:35:00,1990,1990,1990,1990,0
2021-12-30 14:36:00,1990,1990,1990,1990,0
2021-12-30 14:37:00,1990,1990,1990,1990,0
2021-12-30 14:38:00,1990,1990,1990,1990,0
2021-12-30 14:39:00,1990,1990,1990,1990,0
2021-12-30 14:40:00,1990,1990,1990,1990,0
2021-12-30 14:41:00,1990,1990,1990,1990,0
2021-12-30 14:42:00,1990,1990,1990,1990,0
2021-12-30 14:43:00,1990,1990,1990,1990,0
2021-12-30 14:44:00,1990,1990,1990,1990,0
2021-12-30 14:45:00,1990,1990,1990,1990,100
2021-12-30 14:46:00,1990,1990,1990,1990,0
2021-12-30 14:47:00,1990,1990,1990,1990,0
2021-12-30 14:48:00,1990,1990,1990,1990,0
2021-12-30 14:49:00,1990,1990,1990,1990,0
2021-12-30 14:50:00,1990,1990,1990,1990,0
2021-12-30 14:51:00,1990,1990,1990,1990,0
2021-12-30 14:52:00,1990,1990,1990,1990,0
2021-12-30 14:53:00,1990,1990,1990,1990,0
2021-12-30 14:54:00,1990,1990,1990,1990,0
2021-12-30 14:55:00,1990,1990,1990,1990,0
2021-12-30 14:56:00,1990,1990,1990,1990,0
2021-12-30 14:57:00,1990,1990,1990,1990,0
2021-12-30 14:58:00,1990,1990,1990,1990,0
2021-12-30 14:59:00,1990,1990,1990,1990,0
2021-12-30 15:00:00,1990,1990,1990,1990,200
2021-12-30 15:01:00,1990,1990,1990,1990,0
2021-12-30 15:02:00,1990,1990,1990,1990,0
2021-12-30 15:03:00,1990,1990,1990,1990,0
2021-12-30 15:04:00,1990,1990,1990,1990,0
2021-12-30 15:05:00,1990,1990,1990,1990,0
2021-12-30 15:06:00,1990,1990,1990,1990,0
2021-12-30 15:07:00,1990,1990,1990,1990,0
2021-12-30 15:08:00,1990,1990,1990,1990,0
2021-12-30 15:09:00,1990,1990,1990,1990,0
2021-12-30 15:10:00,1990,1990,1990,1990,0
2021-12-30 15:11:00,1990,1990,1990,1990,0
2021-12-30 15:12:00,1990,1990,1990,1990,0
2021-12-30 15:13:00,1990,1990,1990,1990,0
2021-12-30 15:14:00,1990,1990,1990,1990,0
2021-12-30 15:15:00,1990,1990,1990,1990,0
2021-12-30 15:16:00,1990,1990,1990,1990,0
2021-12-30 15:17:00,1990,1990,1990,1990,0
2021-12-30 15:18:00,1990,1990,1990,1990,0
2021-12-30 15:19:00,1990,1990,1990,1990,0
2021-12-30 15:20:00,1990,1990,1990,1990,0
2021-12-30 15:21:00,1990,1990,1990,1990,0
2021-12-30 15:22:00,1990,1990,1990,1990,0
2021-12-30 15:23:00,1990,1990,1990,1990,0
2021-12-30 15:24:00,1990,1990,1990,1990,0
2021-12-30 15:25:00,1990,1990,1990,1990,0
2021-12-30 15:26:00,1990,1990,1990,1990,0
2021-12-30 15:27:00,1990,1990,1990,1990,0
2021-12-30 15:28:00,1990,1990,1990,1990,0
2021-12-30 15:29:00,1990,1990,1990,1990,0
2021-12-30 15:30:00,1990,1990,1990,1990,0
2021-12-30 15:31:00,1990,1990,1990,1990,0
2021-12-30 15:32:00,1990,1990,1990,1990,0
2021-12-30 15:33:00,1990,1990,1990,1990,0
2021-12-30 15:34:00,1990,1990,1990,1990,0
2021-12-30 15:35:00,1990,1990,1990,1990,0
2021-12-30 15:36:00,1990,1990,1990,1990,0
2021-12-30 15:37:00,1990,1990,1990,1990,0
2021-12-30 15:38:00,1990,1990,1990,1990,0
2021-12-30 15:39:00,1990,1990,1990,1990,0
2021-12-30 15:40:00,1990,1990,1990,1990,0
2021-12-30 15:41:00,1990,1990,1990,1990,0
2021-12-30 15:42:00,1990,1990,1990,1990,0
2021-12-30 15:43:00,1990,1990,1990,1990,0
2021-12-30 15:44:00,1990,1990,1990,1990,0
2021-12-30 15:45:00,1990,1990,1990,1990,0
2021-12-30 15:46:00,1990,1990,1990,1990,0
2021-12-30 15:47:00,1990,1990,1990,1990,0
2021-12-30 15:48:00,1990,1990,1990,1990,0
2021-12-30 15:49:00,1990,1990,1990,1990,0
2021-12-30 15:50:00,1990,1990,1990,1990,0
2021-12-30 15:51:00,1990,1990,1990,1990,0
2021-12-30 15:52:00,1990,1990,1990,1990,0
2021-12-30 15:53:00,1990,1990,1990,1990,0
2021-12-30 15:54:00,1990,1990,1990,1990,0
2021-12-30 15:55:00,1990,1990,1990,1990,0
2021-12-30 15:56:00,1990,1990,1990,1990,0
2021-12-30 15:57:00,1990,1990,1990,1990,0
2021-12-30 15:58:00,1990,1990,1990,1990,0
2021-12-30 15:59:00,1990,1990,1990,1990,0
2021-12-31 09:00:00,1990,1990,1990,1990,0
2021-12-31 09:01:00,1990,1990,1990,1990,0
2021-12-31 09:02:00,1990,1990,1990,1990,0
2021-12-31 09:03:00,1990,1990,1990,1990,0
2021-12-31 09:04:00,1990,1990,1990,1990,0
2021-12-31 09:05:00,1990,1990,1990,1990,0
2021-12-31 09:06:00,1990,1990,1990,1990,0
2021-12-31 09:07:00,1990,1990,1990,1990,0
2021-12-31 09:08:00,1990,1990,1990,1990,0
2021-12-31 09:09:00,1990,1990,1990,1990,0
2021-12-31 09:10:00,1990,1990,1990,1990,0
2021-12-31 09:11:00,1990,1990,1990,1990,0
2021-12-31 09:12:00,1990,1990,1990,1990,0
2021-12-31 09:13:00,1990,1990,1990,1990,0
2021-12-31 09:14:00,1990,1990,1990,1990,0
2021-12-31 09:15:00,1990,1990,1990,1990,0
2021-12-31 09:16:00,1990,1990,1990,1990,0
2021-12-31 09:17:00,1990,1990,1990,1990,0
2021-12-31 09:18:00,1990,1990,1990,1990,0
2021-12-31 09:19:00,1990,1990,1990,1990,0
2021-12-31 09:20:00,1990,1990,1990,1990,0
2021-12-31 09:21:00,1990,1990,1990,1990,0
2021-12-31 09:22:00,1990,1990,1990,1990,0
2021-12-31 09:23:00,1990,1990,1990,1990,0
2021-12-31 09:24:00,1990,1990,1990,1990,0
2021-12-31 09:25:00,1990,1990,1990,1990,0
2021-12-31 09:26:00,1990,1990,1990,1990,0
2021-12-31 09:27:00,1990,1990,1990,1990,0
2021-12-31 09:28:00,1990,1990,1990,1990,0
2021-12-31 09:29:00,1990,1990,1990,1990,0
2021-12-31 09:30:00,1990,1990,1990,1990,0
2021-12-31 09:31:00,1990,1990,1990,1990,0
2021-12-31 09:32:00,1990,1990,1990,1990,0
2021-12-31 09:33:00,1990,1990,1990,1990,0
2021-12-31 09:34:00,1990,1990,1990,1990,0
2021-12-31 09:35:00,1990,1990,1990,1990,0
2021-12-31 09:36:00,1990,1990,1990,1990,0
2021-12-31 09:37:00,1990,1990,1990,1990,0
2021-12-31 09:38:00,1990,1990,1990,1990,0
2021-12-31 09:39:00,1990,1990,1990,1990,0
2021-12-31 09:40:00,1990,1990,1990,1990,0
2021-12-31 09:41:00,1990,1990,1990,1990,0
2021-12-31 09:42:00,1990,1990,1990,1990,0
2021-12-31 09:43:00,1990,1990,1990,1990,0
2021-12-31 09:44:00,1990,1990,1990,1990,0
2021-12-31 09:45:00,1990,1990,1990,1990,0
2021-12-31 09:46:00,1990,1990,1990,1990,0
2021-12-31 09:47:00,1990,1990,1990,1990,0
2021-12-31 09:48:00,1990,1990,1990,1990,0
2021-12-31 09:49:00,1990,1990,1990,1990,0
2021-12-31 09:50:00,1990,1990,1990,1990,0
2021-12-31 09:51:00,1990,1990,1990,1990,0
2021-12-31 09:52:00,1990,1990,1990,1990,0
2021-12-31 09:53:00,1990,1990,1990,1990,0
2021-12-31 09:54:00,1990,1990,1990,1990,0
2021-12-31 09:55:00,1990,1990,1990,1990,0
2021-12-31 09:56:00,1990,1990,1990,1990,0
2021-12-31 09:57:00,1990,1990,1990,1990,0
2021-12-31 09:58:00,1990,1990,1990,1990,0
2021-12-31 09:59:00,1990,1990,1990,1990,0
2021-12-31 10:00:00,1990,1990,1990,1990,0
2021-12-31 10:01:00,1990,1990,1990,1990,0
2021-12-31 10:02:00,1990,1990,1990,1990,0
2021-12-31 10:03:00,1990,1990,1990,1990,0
2021-12-31 10:04:00,1990,1990,1990,1990,0
2021-12-31 10:05:00,1990,1990,1990,1990,0
2021-12-31 10:06:00,1990,1990,1990,1990,0
2021-12-31 10:07:00,1990,1990,1990,1990,0
2021-12-31 10:08:00,1990,1990,1990,1990,0
2021-12-31 10:09:00,1990,1990,1990,1990,0
2021-12-31 10:10:00,1990,1990,1990,1990,0
2021-12-31 10:11:00,1990,1990,1990,1990,0
2021-12-31 10:12:00,1990,1990,1990,1990,0
2021-12-31 10:13:00,1990,1990,1990,1990,0
2021-12-31 10:14:00,1990,1990,1990,1990,0
2021-12-31 10:15:00,1990,1990,1990,1990,0
2021-12-31 10:16:00,1990,1990,1990,1990,0
2021-12-31 10:17:00,1990,1990,1990,1990,0
2021-12-31 10:18:00,1990,1990,1990,1990,0
2021-12-31 10:19:00,1990,1990,1990,1990,0
2021-12-31 10:20:00,1990,1990,1990,1990,0
2021-12-31 10:21:00,1990,1990,1990,1990,0
2021-12-31 10:22:00,1990,1990,1990,1990,0
2021-12-31 10:23:00,1990,1990,1990,1990,0
2021-12-31 10:24:00,1990,1990,1990,1990,0
2021-12-31 10:25:00,1990,1990,1990,1990,0
2021-12-31 10:26:00,1990,1990,1990,1990,0
2021-12-31 10:27:00,1990,1990,1990,1990,0
2021-12-31 10:28:00,1990,1990,1990,1990,0
2021-12-31 10:29:00,1990,1990,1990,1990,0
2021-12-31 10:30:00,1990,1990,1990,1990,0
2021-12-31 10:31:00,1990,1990,1990,1990,0
2021-12-31 10:32:00,1990,1990,1990,1990,0
2021-12-31 10:33:00,1990,1990,1990,1990,0
2021-12-31 10:34:00,1990,1990,1990,1990,0
2021-12-31 10:35:00,1990,1990,1990,1990,0
2021-12-31 10:36:00,1990,1990,1990,1990,0
2021-12-31 10:37:00,1990,1990,1990,1990,0
2021-12-31 10:38:00,1990,1990,1990,1990,0
2021-12-31 10:39:00,1990,1990,1990,1990,0
2021-12-31 10:40:00,1990,1990,1990,1990,0
2021-12-31 10:41:00,1990,1990,1990,1990,0
2021-12-31 10:42:00,1990,1990,1990,1990,0
2021-12-31 10:43:00,1990,1990,1990,1990,0
2021-12-31 10:44:00,1990,1990,1990,1990,0
2021-12-31 10:45:00,1990,1990,1990,1990,0
2021-12-31 10:46:00,1990,1990,1990,1990,0
2021-12-31 10:47:00,1990,1990,1990,1990,0
2021-12-31 10:48:00,1990,1990,1990,1990,0
2021-12-31 10:49:00,1990,1990,1990,1990,0
2021-12-31 10:50:00,1990,1990,1990,1990,0
2021-12-31 10:51:00,1990,1990,1990,1990,0
2021-12-31 10:52:00,1990,1990,1990,1990,0
2021-12-31 10:53:00,1990,1990,1990,1990,0
2021-12-31 10:54:00,1990,1990,1990,1990,0
2021-12-31 10:55:00,1990,1990,1990,1990,0
2021-12-31 10:56:00,1990,1990,1990,1990,0
2021-12-31 10:57:00,1990,1990,1990,1990,0
2021-12-31 10:58:00,1990,1990,1990,1990,0
2021-12-31 10:59:00,1990,1990,1990,1990,0
2021-12-31 11:00:00,1990,1990,1990,1990,0
2021-12-31 11:01:00,1990,1990,1990,1990,0
2021-12-31 11:02:00,1990,1990,1990,1990,0
2021-12-31 11:03:00,1990,1990,1990,1990,0
2021-12-31 11:04:00,1990,1990,1990,1990,0
2021-12-31 11:05:00,1990,1990,1990,1990,0
2021-12-31 11:06:00,1990,1990,1990,1990,0
2021-12-31 11:07:00,1990,1990,1990,1990,0
2021-12-31 11:08:00,1990,1990,1990,1990,0
2021-12-31 11:09:00,1990,1990,1990,1990,0
2021-12-31 11:10:00,1990,1990,1990,1990,0
2021-12-31 11:11:00,1990,1990,1990,1990,0
2021-12-31 11:12:00,1990,1990,1990,1990,0
2021-12-31 11:13:00,1990,1990,1990,1990,0
2021-12-31 11:14:00,1990,1990,1990,1990,0
2021-12-31 11:15:00,1990,1990,1990,1990,0
2021-12-31 11:16:00,1990,1990,1990,1990,0
2021-12-31 11:17:00,1990,1990,1990,1990,0
2021-12-31 11:18:00,1990,1990,1990,1990,0
2021-12-31 11:19:00,1990,1990,1990,1990,0
2021-12-31 11:20:00,1990,1990,1990,1990,0
2021-12-31 11:21:00,1990,1990,1990,1990,0
2021-12-31 11:22:00,1990,1990,1990,1990,0
2021-12-31 11:23:00,1990,1990,1990,1990,0
2021-12-31 11:24:00,1990,1990,1990,1990,0
2021-12-31 11:25:00,1990,1990,1990,1990,0
2021-12-31 11:26:00,1990,1990,1990,1990,0
2021-12-31 11:27:00,1990,1990,1990,1990,0
2021-12-31 11:28:00,1990,1990,1990,1990,0
2021-12-31 11:29:00,1990,1990,1990,1990,0
2021-12-31 11:30:00,1990,1990,1990,1990,0
2021-12-31 11:31:00,1990,1990,1990,1990,0
2021-12-31 11:32:00,1990,1990,1990,1990,0
2021-12-31 11:33:00,1990,1990,1990,1990,0
2021-12-31 11:34:00,1990,1990,1990,1990,0
2021-12-31 11:35:00,1990,1990,1990,1990,0
2021-12-31 11:36:00,1990,1990,1990,1990,0
2021-12-31 11:37:00,1990,1990,1990,1990,0
2021-12-31 11:38:00,1990,1990,1990,1990,0
2021-12-31 11:39:00,1990,1990,1990,1990,0
2021-12-31 11:40:00,1990,1990,1990,1990,0
2021-12-31 11:41:00,1990,1990,1990,1990,0
2021-12-31 11:42:00,1990,1990,1990,1990,0
2021-12-31 11:43:00,1990,1990,1990,1990,0
2021-12-31 11:44:00,1990,1990,1990,1990,0
2021-12-31 11:45:00,1990,1990,1990,1990,0
2021-12-31 11:46:00,1990,1990,1990,1990,0
2021-12-31 11:47:00,1990,1990,1990,1990,0
2021-12-31 11:48:00,1990,1990,1990,1990,0
2021-12-31 11:49:00,1990,1990,1990,1990,0
2021-12-31 11:50:00,1990,1990,1990,1990,0
2021-12-31 11:51:00,1990,1990,1990,1990,0
2021-12-31 11:52:00,1990,1990,1990,1990,0
2021-12-31 11:53:00,1990,1990,1990,1990,0
2021-12-31 11:54:00,1990,1990,1990,1990,0
2021-12-31 11:55:00,1990,1990,1990,1990,0
2021-12-31 11:56:00,1990,1990,1990,1990,0
2021-12-31 11:57:00,1990,1990,1990,1990,0
2021-12-31 11:58:00,1990,1990,1990,1990,0
2021-12-31 11:59:00,1990,1990,1990,1990,0
2021-12-31 12:00:00,1990,1990,1990,1990,0
2021-12-31 12:01:00,1990,1990,1990,1990,0
2021-12-31 12:02:00,1990,1990,1990,1990,0
2021-12-31 12:03:00,1990,1990,1990,1990,0
2021-12-31 12:04:00,1990,1990,1990,1990,0
2021-12-31 12:05:00,1990,1990,1990,1990,0
2021-12-31 12:06:00,1990,1990,1990,1990,0
2021-12-31 12:07:00,1990,1990,1990,1990,0
2021-12-31 12:08:00,1990,1990,1990,1990,0
2021-12-31 12:09:00,1990,1990,1990,1990,0
2021-12-31 12:10:00,1990,1990,1990,1990,0
2021-12-31 12:11:00,1990,1990,1990,1990,0
2021-12-31 12:12:00,1990,1990,1990,1990,0
2021-12-31 12:13:00,1990,1990,1990,1990,0
2021-12-31 12:14:00,1990,1990,1990,1990,0
2021-12-31 12:15:00,1990,1990,1990,1990,0
2021-12-31 12:16:00,1990,1990,1990,1990,0
2021-12-31 12:17:00,1990,1990,1990,1990,0
2021-12-31 12:18:00,1990,1990,1990,1990,0
2021-12-31 12:19:00,1990,1990,1990,1990,0
2021-12-31 12:20:00,1990,1990,1990,1990,0
2021-12-31 12:21:00,1990,1990,1990,1990,0
2021-12-31 12:22:00,1990,1990,1990,1990,0
2021-12-31 12:23:00,1990,1990,1990,1990,0
2021-12-31 12:24:00,1990,1990,1990,1990,0
2021-12-31 12:25:00,1990,1990,1990,1990,0
2021-12-31 12:26:00,1990,1990,1990,1990,0
2021-12-31 12:27:00,1990,1990,1990,1990,0
2021-12-31 12:28:00,1990,1990,1990,1990,0
2021-12-31 12:29:00,1990,1990,1990,1990,0
2021-12-31 12:30:00,1990,1990,1990,1990,0
2021-12-31 12:31:00,1990,1990,1990,1990,0
2021-12-31 12:32:00,1990,1990,1990,1990,0
2021-12-31 12:33:00,1990,1990,1990,1990,0
2021-12-31 12:34:00,1990,1990,1990,1990,0
2021-12-31 12:35:00,1990,1990,1990,1990,0
2021-12-31 12:36:00,1990,1990,1990,1990,0
2021-12-31 12:37:00,1990,1990,1990,1990,0
2021-12-31 12:38:00,1990,1990,1990,1990,0
2021-12-31 12:39:00,1990,1990,1990,1990,0
2021-12-31 12:40:00,1990,1990,1990,1990,0
2021-12-31 12:41:00,1990,1990,1990,1990,0
2021-12-31 12:42:00,1990,1990,1990,1990,0
2021-12-31 12:43:00,1990,1990,1990,1990,0
2021-12-31 12:44:00,1990,1990,1990,1990,0
2021-12-31 12:45:00,1990,1990,1990,1990,0
2021-12-31 12:46:00,1990,1990,1990,1990,0
2021-12-31 12:47:00,1990,1990,1990,1990,0
2021-12-31 12:48:00,1990,1990,1990,1990,0
2021-12-31 12:49:00,1990,1990,1990,1990,0
2021-12-31 12:50:00,1990,1990,1990,1990,0
2021-12-31 12:51:00,1990,1990,1990,1990,0
2021-12-31 12:52:00,1990,1990,1990,1990,0
2021-12-31 12:53:00,1990,1990,1990,1990,0
2021-12-31 12:54:00,1990,1990,1990,1990,0
2021-12-31 12:55:00,1990,1990,1990,1990,0
2021-12-31 12:56:00,1990,1990,1990,1990,0
2021-12-31 12:57:00,1990,1990,1990,1990,0
2021-12-31 12:58:00,1990,1990,1990,1990,0
2021-12-31 12:59:00,1990,1990,1990,1990,0
2021-12-31 13:00:00,1990,1990,1990,1990,0
2021-12-31 13:01:00,1990,1990,1990,1990,0
2021-12-31 13:02:00,1990,1990,1990,1990,0
2021-12-31 13:03:00,1990,1990,1990,1990,0
2021-12-31 13:04:00,1990,1990,1990,1990,0
2021-12-31 13:05:00,1990,1990,1990,1990,0
2021-12-31 13:06:00,1990,1990,1990,1990,0
2021-12-31 13:07:00,1990,1990,1990,1990,0
2021-12-31 13:08:00,1990,1990,1990,1990,0
2021-12-31 13:09:00,1990,1990,1990,1990,0
2021-12-31 13:10:00,1990,1990,1990,1990,0
2021-12-31 13:11:00,1990,1990,1990,1990,0
2021-12-31 13:12:00,1990,1990,1990,1990,0
2021-12-31 13:13:00,1990,1990,1990,1990,0
2021-12-31 13:14:00,1990,1990,1990,1990,0
2021-12-31 13:15:00,1990,1990,1990,1990,0
2021-12-31 13:16:00,1990,1990,1990,1990,0
2021-12-31 13:17:00,1990,1990,1990,1990,0
2021-12-31 13:18:00,1990,1990,1990,1990,0
2021-12-31 13:19:00,1990,1990,1990,1990,0
2021-12-31 13:20:00,1990,1990,1990,1990,0
2021-12-31 13:21:00,1990,1990,1990,1990,0
2021-12-31 13:22:00,1990,1990,1990,1990,0
2021-12-31 13:23:00,1990,1990,1990,1990,0
2021-12-31 13:24:00,1990,1990,1990,1990,0
2021-12-31 13:25:00,1990,1990,1990,1990,0
2021-12-31 13:26:00,1990,1990,1990,1990,0
2021-12-31 13:27:00,1990,1990,1990,1990,0
2021-12-31 13:28:00,1990,1990,1990,1990,0
2021-12-31 13:29:00,1990,1990,1990,1990,0
2021-12-31 13:30:00,1990,1990,1990,1990,0
2021-12-31 13:31:00,1990,1990,1990,1990,0
2021-12-31 13:32:00,1990,1990,1990,1990,0
2021-12-31 13:33:00,1990,1990,1990,1990,0
2021-12-31 13:34:00,1990,1990,1990,1990,0
2021-12-31 13:35:00,1990,1990,1990,1990,0
2021-12-31 13:36:00,1990,1990,1990,1990,0
2021-12-31 13:37:00,1990,1990,1990,1990,0
2021-12-31 13:38:00,1990,1990,1990,1990,0
2021-12-31 13:39:00,1990,1990,1990,1990,0
2021-12-31 13:40:00,1990,1990,1990,1990,0
2021-12-31 13:41:00,1990,1990,1990,1990,0
2021-12-31 13:42:00,1990,1990,1990,1990,0
2021-12-31 13:43:00,1990,1990,1990,1990,0
2021-12-31 13:44:00,1990,1990,1990,1990,0
2021-12-31 13:45:00,1990,1990,1990,1990,0
2021-12-31 13:46:00,1990,1990,1990,1990,0
2021-12-31 13:47:00,1990,1990,1990,1990,0
2021-12-31 13:48:00,1990,1990,1990,1990,0
2021-12-31 13:49:00,1990,1990,1990,1990,0
2021-12-31 13:50:00,1990,1990,1990,1990,0
2021-12-31 13:51:00,1990,1990,1990,1990,0
2021-12-31 13:52:00,1990,1990,1990,1990,0
2021-12-31 13:53:00,1990,1990,1990,1990,0
2021-12-31 13:54:00,1990,1990,1990,1990,0
2021-12-31 13:55:00,1990,1990,1990,1990,0
2021-12-31 13:56:00,1990,1990,1990,1990,0
2021-12-31 13:57:00,1990,1990,1990,1990,0
2021-12-31 13:58:00,1990,1990,1990,1990,0
2021-12-31 13:59:00,1990,1990,1990,1990,0
2021-12-31 14:00:00,1990,1990,1990,1990,0
2021-12-31 14:01:00,1990,1990,1990,1990,0
2021-12-31 14:02:00,1990,1990,1990,1990,0
2021-12-31 14:03:00,1990,1990,1990,1990,0
2021-12-31 14:04:00,1990,1990,1990,1990,0
2021-12-31 14:05:00,1990,1990,1990,1990,0
2021-12-31 14:06:00,1990,1990,1990,1990,0
2021-12-31 14:07:00,1990,1990,1990,1990,0
2021-12-31 14:08:00,1990,1990,1990,1990,0
2021-12-31 14:09:00,1990,1990,1990,1990,0
2021-12-31 14:10:00,1990,1990,1990,1990,0
2021-12-31 14:11:00,1990,1990,1990,1990,0
2021-12-31 14:12:00,1990,1990,1990,1990,0
2021-12-31 14:13:00,1990,1990,1990,1990,0
2021-12-31 14:14:00,1990,1990,1990,1990,0
2021-12-31 14:15:00,1990,1990,1990,1990,0
2021-12-31 14:16:00,1990,1990,1990,1990,0
2021-12-31 14:17:00,1990,1990,1990,1990,0
2021-12-31 14:18:00,1990,1990,1990,1990,0
2021-12-31 14:19:00,1990,1990,1990,1990,0
2021-12-31 14:20:00,1990,1990,1990,1990,0
2021-12-31 14:21:00,1990,1990,1990,1990,0
2021-12-31 14:22:00,1990,1990,1990,1990,0
2021-12-31 14:23:00,1990,1990,1990,1990,0
2021-12-31 14:24:00,1990,1990,1990,1990,0
2021-12-31 14:25:00,1990,1990,1990,1990,0
2021-12-31 14:26:00,1990,1990,1990,1990,0
2021-12-31 14:27:00,1990,1990,1990,1990,0
2021-12-31 14:28:00,1990,1990,1990,1990,0
2021-12-31 14:29:00,1990,1990,1990,1990,0
2021-12-31 14:30:00,1990,1990,1990,1990,0
2021-12-31 14:31:00,1990,1990,1990,1990,0
2021-12-31 14:32:00,1990,1990,1990,1990,0
2021-12-31 14:33:00,1990,1990,1990,1990,0
2021-12-31 14:34:00,1990,1990,1990,1990,0
2021-12-31 14:35:00,1990,1990,1990,1990,0
2021-12-31 14:36:00,1990,1990,1990,1990,0
2021-12-31 14:37:00,1990,1990,1990,1990,0
2021-12-31 14:38:00,1990,1990,1990,1990,0
2021-12-31 14:39:00,1990,1990,1990,1990,0
2021-12-31 14:40:00,1990,1990,1990,1990,0
2021-12-31 14:41:00,1990,1990,1990,1990,0
2021-12-31 14:42:00,1990,1990,1990,1990,0
2021-12-31 14:43:00,1990,1990,1990,1990,0
2021-12-31 14:44:00,1990,1990,1990,1990,0
2021-12-31 14:45:00,1990,1990,1990,1990,0
2021-12-31 14:46:00,1990,1990,1990,1990,0
2021-12-31 14:47:00,1990,1990,1990,1990,0
2021-12-31 14:48:00,1990,1990,1990,1990,0
2021-12-31 14:49:00,1990,1990,1990,1990,0
2021-12-31 14:50:00,1990,1990,1990,1990,0
2021-12-31 14:51:00,1990,1990,1990,1990,0
2021-12-31 14:52:00,1990,1990,1990,1990,0
2021-12-31 14:53:00,1990,1990,1990,1990,0
2021-12-31 14:54:00,1990,1990,1990,1990,0
2021-12-31 14:55:00,1990,1990,1990,1990,0
2021-12-31 14:56:00,1990,1990,1990,1990,0
2021-12-31 14:57:00,1990,1990,1990,1990,0
2021-12-31 14:58:00,1990,1990,1990,1990,0
2021-12-31 14:59:00,1990,1990,1990,1990,0
2021-12-31 15:00:00,1990,1990,1990,1990,0
2021-12-31 15:01:00,1990,1990,1990,1990,0
2021-12-31 15:02:00,1990,1990,1990,1990,0
2021-12-31 15:03:00,1990,1990,1990,1990,0
2021-12-31 15:04:00,1990,1990,1990,1990,0
2021-12-31 15:05:00,1990,1990,1990,1990,0
2021-12-31 15:06:00,1990,1990,1990,1990,0
2021-12-31 15:07:00,1990,1990,1990,1990,0
2021-12-31 15:08:00,1990,1990,1990,1990,0
2021-12-31 15:09:00,1990,1990,1990,1990,0
2021-12-31 15:10:00,1990,1990,1990,1990,0
2021-12-31 15:11:00,1990,1990,1990,1990,0
2021-12-31 15:12:00,1990,1990,1990,1990,0
2021-12-31 15:13:00,1990,1990,1990,1990,0
2021-12-31 15:14:00,1990,1990,1990,1990,0
2021-12-31 15:15:00,1990,1990,1990,1990,0
2021-12-31 15:16:00,1990,1990,1990,1990,0
2021-12-31 15:17:00,1990,1990,1990,1990,0
2021-12-31 15:18:00,1990,1990,1990,1990,0
2021-12-31 15:19:00,1990,1990,1990,1990,0
2021-12-31 15:20:00,1990,1990,1990,1990,0
2021-12-31 15:21:00,1990,1990,1990,1990,0
2021-12-31 15:22:00,1990,1990,1990,1990,0
2021-12-31 15:23:00,1990,1990,1990,1990,0
2021-12-31 15:24:00,1990,1990,1990,1990,0
2021-12-31 15:25:00,1990,1990,1990,1990,0
2021-12-31 15:26:00,1990,1990,1990,1990,0
2021-12-31 15:27:00,1990,1990,1990,1990,0
2021-12-31 15:28:00,1990,1990,1990,1990,0
2021-12-31 15:29:00,1990,1990,1990,1990,0
2021-12-31 15:30:00,1990,1990,1990,1990,0
2021-12-31 15:31:00,1990,1990,1990,1990,0
2021-12-31 15:32:00,1990,1990,1990,1990,0
2021-12-31 15:33:00,1990,1990,1990,1990,0
2021-12-31 15:34:00,1990,1990,1990,1990,0
2021-12-31 15:35:00,1990,1990,1990,1990,0
2021-12-31 15:36:00,1990,1990,1990,1990,0
2021-12-31 15:37:00,1990,1990,1990,1990,0
2021-12-31 15:38:00,1990,1990,1990,1990,0
2021-12-31 15:39:00,1990,1990,1990,1990,0
2021-12-31 15:40:00,1990,1990,1990,1990,0
2021-12-31 15:41:00,1990,1990,1990,1990,0
2021-12-31 15:42:00,1990,1990,1990,1990,0
2021-12-31 15:43:00,1990,1990,1990,1990,0
2021-12-31 15:44:00,1990,1990,1990,1990,0
2021-12-31 15:45:00,1990,1990,1990,1990,0
2021-12-31 15:46:00,1990,1990,1990,1990,0
2021-12-31 15:47:00,1990,1990,1990,1990,0
2021-12-31 15:48:00,1990,1990,1990,1990,0
2021-12-31 15:49:00,1990,1990,1990,1990,0
2021-12-31 15:50:00,1990,1990,1990,1990,0
2021-12-31 15:51:00,1990,1990,1990,1990,0
2021-12-31 15:52:00,1990,1990,1990,1990,0
2021-12-31 15:53:00,1990,1990,1990,1990,0
2021-12-31 15:54:00,1990,1990,1990,1990,0
2021-12-31 15:55:00,1990,1990,1990,1990,0
2021-12-31 15:56:00,1990,1990,1990,1990,0
2021-12-31 15:57:00,1990,1990,1990,1990,0
2021-12-31 15:58:00,1990,1990,1990,1990,0
2021-12-31 15:59:00,1990,1990,1990,1990,0
2022-01-03 09:00:00,1990,1990,1990,1990,0
2022-01-03 09:01:00,1990,1990,1990,1990,0
2022-01-03 09:02:00,1980,1980,1980,1980,100
2022-01-03 09:03:00,1990,1990,1990,1990,200
2022-01-03 09:04:00,1990,1990,1990,1990,0
2022-01-03 09:05:00,1990,1990,1990,1990,0
2022-01-03 09:06:00,1990,1990,1990,1990,0
2022-01-03 09:07:00,1990,1990,1990,1990,0
2022-01-03 09:08:00,1990,1990,1990,1990,0
2022-01-03 09:09:00,1970,1970,1970,1970,100
2022-01-03 09:10:00,1970,1970,1970,1970,0
2022-01-03 09:11:00,1970,1970,1970,1970,0
2022-01-03 09:12:00,1970,1970,1970,1970,100
2022-01-03 09:13:00,1970,1970,1970,1970,0
2022-01-03 09:14:00,1970,1970,1970,1970,0
2022-01-03 09:15:00,1970,1970,1970,1970,0
2022-01-03 09:16:00,1970,1970,1970,1970,0
2022-01-03 09:17:00,1970,1970,1970,1970,0
2022-01-03 09:18:00,1970,1970,1970,1970,0
2022-01-03 09:19:00,1970,1970,1970,1970,0
2022-01-03 09:20:00,1970,1970,1970,1970,0
2022-01-03 09:21:00,1970,1970,1970,1970,0
2022-01-03 09:22:00,1970,1970,1970,1970,0
2022-01-03 09:23:00,1970,1970,1970,1970,0
2022-01-03 09:24:00,1970,1970,1970,1970,0
2022-01-03 09:25:00,1970,1970,1970,1970,0
2022-01-03 09:26:00,1970,1970,1970,1970,0
2022-01-03 09:27:00,1970,1970,1970,1970,0
2022-01-03 09:28:00,1970,1970,1970,1970,0
2022-01-03 09:29:00,1970,1970,1970,1970,0
2022-01-03 09:30:00,1970,1970,1970,1970,0
2022-01-03 09:31:00,1970,1970,1970,1970,0
2022-01-03 09:32:00,1970,1970,1970,1970,0
2022-01-03 09:33:00,1970,1970,1970,1970,0
2022-01-03 09:34:00,1970,1970,1970,1970,0
2022-01-03 09:35:00,1970,1970,1970,1970,0
2022-01-03 09:36:00,1970,1970,1970,1970,0
2022-01-03 09:37:00,1970,1970,1970,1970,0
2022-01-03 09:38:00,1970,1970,1970,1970,0
2022-01-03 09:39:00,1970,1970,1970,1970,0
2022-01-03 09:40:00,1970,1970,1970,1970,0
2022-01-03 09:41:00,1970,1970,1970,1970,0
2022-01-03 09:42:00,1970,1970,1970,1970,0
2022-01-03 09:43:00,1950,1950,1950,1950,100
2022-01-03 09:44:00,1915,1915,1915,1915,200
2022-01-03 09:45:00,1910,1910,1910,1910,100
2022-01-03 09:46:00,1910,1910,1910,1910,0
2022-01-03 09:47:00,1910,1910,1910,1910,0
2022-01-03 09:48:00,1910,1910,1910,1910,0
2022-01-03 09:49:00,1910,1910,1910,1910,0
2022-01-03 09:50:00,1910,1910,1910,1910,0
2022-01-03 09:51:00,1910,1910,1910,1910,0
2022-01-03 09:52:00,1910,1910,1910,1910,0
2022-01-03 09:53:00,1905,1905,1905,1905,1500
2022-01-03 09:54:00,1905,1900,1905,1900,200
2022-01-03 09:55:00,1910,1910,1910,1910,100
2022-01-03 09:56:00,1910,1910,1910,1910,0
2022-01-03 09:57:00,1910,1910,1910,1910,0
2022-01-03 09:58:00,1910,1910,1910,1910,0
2022-01-03 09:59:00,1910,1910,1910,1910,0
2022-01-03 10:00:00,1910,1910,1910,1910,0
2022-01-03 10:01:00,1910,1910,1910,1910,0
2022-01-03 10:02:00,1910,1910,1910,1910,0
2022-01-03 10:03:00,1910,1910,1910,1910,0
2022-01-03 10:04:00,1910,1910,1910,1910,0
2022-01-03 10:05:00,1910,1910,1910,1910,0
2022-01-03 10:06:00,1910,1910,1910,1910,0
2022-01-03 10:07:00,1910,1910,1910,1910,0
2022-01-03 10:08:00,1910,1910,1910,1910,0
2022-01-03 10:09:00,1910,1910,1910,1910,0
2022-01-03 10:10:00,1910,1910,1910,1910,0
2022-01-03 10:11:00,1910,1910,1910,1910,0
2022-01-03 10:12:00,1910,1910,1910,1910,100
2022-01-03 10:13:00,1910,1910,1910,1910,0
2022-01-03 10:14:00,1910,1910,1910,1910,0
2022-01-03 10:15:00,1910,1910,1910,1910,0
2022-01-03 10:16:00,1910,1910,1910,1910,0
2022-01-03 10:17:00,1910,1910,1910,1910,0
2022-01-03 10:18:00,1910,1910,1910,1910,0
2022-01-03 10:19:00,1910,1910,1910,1910,100
2022-01-03 10:20:00,1910,1910,1910,1910,0
2022-01-03 10:21:00,1910,1910,1910,1910,0
2022-01-03 10:22:00,1910,1910,1910,1910,0
2022-01-03 10:23:00,1910,1910,1910,1910,0
2022-01-03 10:24:00,1910,1910,1910,1910,0
2022-01-03 10:25:00,1910,1910,1910,1910,0
2022-01-03 10:26:00,1910,1910,1910,1910,0
2022-01-03 10:27:00,1910,1910,1910,1910,0
2022-01-03 10:28:00,1910,1910,1910,1910,0
2022-01-03 10:29:00,1910,1910,1910,1910,0
2022-01-03 10:30:00,1910,1910,1910,1910,0
2022-01-03 10:31:00,1910,1910,1910,1910,0
2022-01-03 10:32:00,1910,1910,1910,1910,0
2022-01-03 10:33:00,1910,1910,1910,1910,0
2022-01-03 10:34:00,1910,1910,1910,1910,0
2022-01-03 10:35:00,1910,1910,1910,1910,0
2022-01-03 10:36:00,1910,1910,1910,1910,0
2022-01-03 10:37:00,1910,1910,1910,1910,0
2022-01-03 10:38:00,1910,1910,1910,1910,0
2022-01-03 10:39:00,1910,1910,1910,1910,0
2022-01-03 10:40:00,1910,1910,1910,1910,0
2022-01-03 10:41:00,1910,1910,1910,1910,0
2022-01-03 10:42:00,1910,1910,1910,1910,0
2022-01-03 10:43:00,1910,1910,1910,1910,0
2022-01-03 10:44:00,1910,1910,1910,1910,0
2022-01-03 10:45:00,1910,1910,1910,1910,0
2022-01-03 10:46:00,1910,1910,1910,1910,0
2022-01-03 10:47:00,1910,1910,1910,1910,0
2022-01-03 10:48:00,1910,1910,1910,1910,0
2022-01-03 10:49:00,1910,1910,1910,1910,100
2022-01-03 10:50:00,1910,1910,1910,1910,0
2022-01-03 10:51:00,1910,1910,1910,1910,0
2022-01-03 10:52:00,1910,1910,1910,1910,0
2022-01-03 10:53:00,1910,1910,1910,1910,0
2022-01-03 10:54:00,1910,1910,1910,1910,0
2022-01-03 10:55:00,1910,1910,1910,1910,0
2022-01-03 10:56:00,1910,1910,1910,1910,0
2022-01-03 10:57:00,1910,1910,1910,1910,0
2022-01-03 10:58:00,1910,1910,1910,1910,0
2022-01-03 10:59:00,1910,1910,1910,1910,0
2022-01-03 11:00:00,1910,1910,1910,1910,0
2022-01-03 11:01:00,1910,1910,1910,1910,0
2022-01-03 11:02:00,1910,1910,1910,1910,0
2022-01-03 11:03:00,1910,1910,1910,1910,0
2022-01-03 11:04:00,1910,1910,1910,1910,0
2022-01-03 11:05:00,1910,1910,1910,1910,0
2022-01-03 11:06:00,1910,1910,1910,1910,0
2022-01-03 11:07:00,1910,1910,1910,1910,0
2022-01-03 11:08:00,1910,1910,1910,1910,0
2022-01-03 11:09:00,1910,1910,1910,1910,0
2022-01-03 11:10:00,1910,1910,1910,1910,0
2022-01-03 11:11:00,1910,1900,1910,1900,200
2022-01-03 11:12:00,1910,1900,1910,1900,0
2022-01-03 11:13:00,1900,1900,1900,1900,200
2022-01-03 11:14:00,1900,1900,1900,1900,0
2022-01-03 11:15:00,1900,1900,1900,1900,0
2022-01-03 11:16:00,1900,1900,1900,1900,0
2022-01-03 11:17:00,1900,1900,1900,1900,0
2022-01-03 11:18:00,1900,1900,1900,1900,0
2022-01-03 11:19:00,1900,1900,1900,1900,0
2022-01-03 11:20:00,1900,1900,1900,1900,0
2022-01-03 11:21:00,1900,1900,1900,1900,0
2022-01-03 11:22:00,1900,1900,1900,1900,0
2022-01-03 11:23:00,1900,1900,1900,1900,0
2022-01-03 11:24:00,1900,1900,1900,1900,0
2022-01-03 11:25:00,1900,1900,1900,1900,0
2022-01-03 11:26:00,1900,1900,1900,1900,0
2022-01-03 11:27:00,1900,1900,1900,1900,0
2022-01-03 11:28:00,1900,1900,1900,1900,0
2022-01-03 11:29:00,1900,1900,1900,1900,0
2022-01-03 11:30:00,1900,1900,1900,1900,0
2022-01-03 11:31:00,1900,1900,1900,1900,0
2022-01-03 11:32:00,1900,1900,1900,1900,0
2022-01-03 11:33:00,1900,1900,1900,1900,0
2022-01-03 11:34:00,1900,1900,1900,1900,0
2022-01-03 11:35:00,1900,1900,1900,1900,0
2022-01-03 11:36:00,1900,1900,1900,1900,0
2022-01-03 11:37:00,1900,1900,1900,1900,0
2022-01-03 11:38:00,1900,1900,1900,1900,0
2022-01-03 11:39:00,1900,1900,1900,1900,0
2022-01-03 11:40:00,1900,1900,1900,1900,0
2022-01-03 11:41:00,1900,1900,1900,1900,0
2022-01-03 11:42:00,1900,1900,1900,1900,0
2022-01-03 11:43:00,1900,1900,1900,1900,0
2022-01-03 11:44:00,1900,1900,1900,1900,0
2022-01-03 11:45:00,1900,1900,1900,1900,0
2022-01-03 11:46:00,1900,1900,1900,1900,0
2022-01-03 11:47:00,1900,1900,1900,1900,0
2022-01-03 11:48:00,1900,1900,1900,1900,0
2022-01-03 11:49:00,1900,1900,1900,1900,0
2022-01-03 11:50:00,1900,1900,1900,1900,0
2022-01-03 11:51:00,1900,1900,1900,1900,0
2022-01-03 11:52:00,1900,1900,1900,1900,0
2022-01-03 11:53:00,1900,1900,1900,1900,0
2022-01-03 11:54:00,1900,1900,1900,1900,0
2022-01-03 11:55:00,1900,1900,1900,1900,0
2022-01-03 11:56:00,1900,1900,1900,1900,0
2022-01-03 11:57:00,1900,1900,1900,1900,0
2022-01-03 11:58:00,1900,1900,1900,1900,0
2022-01-03 11:59:00,1900,1900,1900,1900,0
2022-01-03 12:00:00,1900,1900,1900,1900,0
2022-01-03 12:01:00,1900,1900,1900,1900,0
2022-01-03 12:02:00,1900,1900,1900,1900,0
2022-01-03 12:03:00,1900,1900,1900,1900,0
2022-01-03 12:04:00,1900,1900,1900,1900,0
2022-01-03 12:05:00,1900,1900,1900,1900,0
2022-01-03 12:06:00,1900,1900,1900,1900,0
2022-01-03 12:07:00,1900,1900,1900,1900,0
2022-01-03 12:08:00,1900,1900,1900,1900,0
2022-01-03 12:09:00,1900,1900,1900,1900,0
2022-01-03 12:10:00,1900,1900,1900,1900,0
2022-01-03 12:11:00,1900,1900,1900,1900,0
2022-01-03 12:12:00,1900,1900,1900,1900,0
2022-01-03 12:13:00,1900,1900,1900,1900,0
2022-01-03 12:14:00,1900,1900,1900,1900,0
2022-01-03 12:15:00,1900,1900,1900,1900,0
2022-01-03 12:16:00,1900,1900,1900,1900,0
2022-01-03 12:17:00,1900,1900,1900,1900,0
2022-01-03 12:18:00,1900,1900,1900,1900,0
2022-01-03 12:19:00,1900,1900,1900,1900,0
2022-01-03 12:20:00,1900,1900,1900,1900,0
2022-01-03 12:21:00,1900,1900,1900,1900,0
2022-01-03 12:22:00,1900,1900,1900,1900,0
2022-01-03 12:23:00,1900,1900,1900,1900,0
2022-01-03 12:24:00,1900,1900,1900,1900,0
2022-01-03 12:25:00,1900,1900,1900,1900,0
2022-01-03 12:26:00,1900,1900,1900,1900,0
2022-01-03 12:27:00,1900,1900,1900,1900,0
2022-01-03 12:28:00,1900,1900,1900,1900,0
2022-01-03 12:29:00,1900,1900,1900,1900,0
2022-01-03 12:30:00,1900,1900,1900,1900,0
2022-01-03 12:31:00,1900,1900,1900,1900,0
2022-01-03 12:32:00,1900,1900,1900,1900,0
2022-01-03 12:33:00,1900,1900,1900,1900,0
2022-01-03 12:34:00,1900,1900,1900,1900,0
2022-01-03 12:35:00,1900,1900,1900,1900,0
2022-01-03 12:36:00,1900,1900,1900,1900,0
2022-01-03 12:37:00,1900,1900,1900,1900,0
2022-01-03 12:38:00,1900,1900,1900,1900,0
2022-01-03 12:39:00,1900,1900,1900,1900,0
2022-01-03 12:40:00,1900,1900,1900,1900,0
2022-01-03 12:41:00,1900,1900,1900,1900,0
2022-01-03 12:42:00,1900,1900,1900,1900,0
2022-01-03 12:43:00,1900,1900,1900,1900,0
2022-01-03 12:44:00,1900,1900,1900,1900,0
2022-01-03 12:45:00,1900,1900,1900,1900,0
2022-01-03 12:46:00,1900,1900,1900,1900,0
2022-01-03 12:47:00,1900,1900,1900,1900,0
2022-01-03 12:48:00,1900,1900,1900,1900,0
2022-01-03 12:49:00,1900,1900,1900,1900,0
2022-01-03 12:50:00,1900,1900,1900,1900,0
2022-01-03 12:51:00,1900,1900,1900,1900,0
2022-01-03 12:52:00,1900,1900,1900,1900,0
2022-01-03 12:53:00,1900,1900,1900,1900,0
2022-01-03 12:54:00,1900,1900,1900,1900,0
2022-01-03 12:55:00,1900,1900,1900,1900,0
2022-01-03 12:56:00,1900,1900,1900,1900,0
2022-01-03 12:57:00,1900,1900,1900,1900,0
2022-01-03 12:58:00,1900,1900,1900,1900,0
2022-01-03 12:59:00,1900,1900,1900,1900,0
2022-01-03 13:00:00,1900,1900,1900,1900,0
2022-01-03 13:01:00,1900,1900,1900,1900,0
2022-01-03 13:02:00,1900,1900,1900,1900,0
2022-01-03 13:03:00,1900,1900,1900,1900,0
2022-01-03 13:04:00,1900,1900,1900,1900,0
2022-01-03 13:05:00,1900,1900,1900,1900,0
2022-01-03 13:06:00,1900,1900,1900,1900,0
2022-01-03 13:07:00,1900,1900,1900,1900,0
2022-01-03 13:08:00,1900,1900,1900,1900,0
2022-01-03 13:09:00,1900,1900,1900,1900,0
2022-01-03 13:10:00,1900,1900,1900,1900,0
2022-01-03 13:11:00,1900,1900,1900,1900,0
2022-01-03 13:12:00,1900,1900,1900,1900,0
2022-01-03 13:13:00,1900,1900,1900,1900,0
2022-01-03 13:14:00,1900,1900,1900,1900,0
2022-01-03 13:15:00,1900,1900,1900,1900,0
2022-01-03 13:16:00,1900,1900,1900,1900,0
2022-01-03 13:17:00,1900,1900,1900,1900,0
2022-01-03 13:18:00,1900,1900,1900,1900,0
2022-01-03 13:19:00,1900,1900,1900,1900,0
2022-01-03 13:20:00,1900,1900,1900,1900,0
2022-01-03 13:21:00,1900,1900,1900,1900,0
2022-01-03 13:22:00,1900,1900,1900,1900,0
2022-01-03 13:23:00,1900,1900,1900,1900,0
2022-01-03 13:24:00,1900,1900,1900,1900,0
2022-01-03 13:25:00,1900,1900,1900,1900,0
2022-01-03 13:26:00,1900,1900,1900,1900,0
2022-01-03 13:27:00,1900,1900,1900,1900,0
2022-01-03 13:28:00,1900,1900,1900,1900,0
2022-01-03 13:29:00,1900,1900,1900,1900,0
2022-01-03 13:30:00,1900,1900,1900,1900,100
2022-01-03 13:31:00,1900,1900,1900,1900,0
2022-01-03 13:32:00,1900,1900,1900,1900,100
2022-01-03 13:33:00,1900,1900,1900,1900,0
2022-01-03 13:34:00,1900,1900,1900,1900,0
2022-01-03 13:35:00,1900,1900,1900,1900,200
2022-01-03 13:36:00,1895,1895,1895,1895,100
2022-01-03 13:37:00,1895,1895,1895,1895,0
2022-01-03 13:38:00,1895,1895,1895,1895,0
2022-01-03 13:39:00,1895,1895,1895,1895,0
2022-01-03 13:40:00,1895,1895,1895,1895,100
2022-01-03 13:41:00,1895,1895,1895,1895,0
2022-01-03 13:42:00,1895,1895,1895,1895,0
2022-01-03 13:43:00,1895,1895,1895,1895,0
2022-01-03 13:44:00,1895,1895,1895,1895,100
2022-01-03 13:45:00,1895,1895,1895,1895,0
2022-01-03 13:46:00,1895,1895,1895,1895,100
2022-01-03 13:47:00,1895,1895,1895,1895,0
2022-01-03 13:48:00,1895,1895,1895,1895,0
2022-01-03 13:49:00,1895,1895,1895,1895,0
2022-01-03 13:50:00,1895,1895,1895,1895,0
2022-01-03 13:51:00,1895,1895,1895,1895,0
2022-01-03 13:52:00,1895,1895,1895,1895,100
2022-01-03 13:53:00,1895,1895,1895,1895,0
2022-01-03 13:54:00,1895,1895,1895,1895,0
2022-01-03 13:55:00,1895,1895,1895,1895,0
2022-01-03 13:56:00,1895,1895,1895,1895,100
2022-01-03 13:57:00,1895,1895,1895,1895,300
2022-01-03 13:58:00,1895,1895,1895,1895,0
2022-01-03 13:59:00,1895,1895,1895,1895,0
2022-01-03 14:00:00,1895,1895,1895,1895,0
2022-01-03 14:01:00,1895,1895,1895,1895,0
2022-01-03 14:02:00,1895,1895,1895,1895,0
2022-01-03 14:03:00,1895,1895,1895,1895,0
2022-01-03 14:04:00,1895,1895,1895,1895,0
2022-01-03 14:05:00,1895,1895,1895,1895,0
2022-01-03 14:06:00,1895,1895,1895,1895,0
2022-01-03 14:07:00,1895,1895,1895,1895,0
2022-01-03 14:08:00,1895,1895,1895,1895,0
2022-01-03 14:09:00,1895,1895,1895,1895,0
2022-01-03 14:10:00,1895,1895,1895,1895,0
2022-01-03 14:11:00,1895,1895,1895,1895,0
2022-01-03 14:12:00,1895,1895,1895,1895,0
2022-01-03 14:13:00,1895,1895,1895,1895,0
2022-01-03 14:14:00,1895,1895,1895,1895,100
2022-01-03 14:15:00,1895,1895,1895,1895,0
2022-01-03 14:16:00,1895,1895,1895,1895,0
2022-01-03 14:17:00,1895,1895,1895,1895,0
2022-01-03 14:18:00,1895,1895,1895,1895,0
2022-01-03 14:19:00,1895,1895,1895,1895,0
2022-01-03 14:20:00,1895,1895,1895,1895,0
2022-01-03 14:21:00,1895,1895,1895,1895,0
2022-01-03 14:22:00,1895,1895,1895,1895,0
2022-01-03 14:23:00,1895,1895,1895,1895,0
2022-01-03 14:24:00,1895,1895,1895,1895,0
2022-01-03 14:25:00,1895,1895,1895,1895,0
2022-01-03 14:26:00,1895,1895,1895,1895,0
2022-01-03 14:27:00,1895,1895,1895,1895,0
2022-01-03 14:28:00,1895,1895,1895,1895,0
2022-01-03 14:29:00,1895,1895,1895,1895,0
2022-01-03 14:30:00,1895,1895,1895,1895,0
2022-01-03 14:31:00,1895,1895,1895,1895,100
2022-01-03 14:32:00,1895,1895,1895,1895,0
2022-01-03 14:33:00,1895,1895,1895,1895,0
2022-01-03 14:34:00,1895,1895,1895,1895,0
2022-01-03 14:35:00,1895,1895,1895,1895,0
2022-01-03 14:36:00,1895,1895,1895,1895,0
2022-01-03 14:37:00,1895,1895,1895,1895,0
2022-01-03 14:38:00,1895,1895,1895,1895,0
2022-01-03 14:39:00,1895,1895,1895,1895,0
2022-01-03 14:40:00,1895,1895,1895,1895,0
2022-01-03 14:41:00,1895,1895,1895,1895,0
2022-01-03 14:42:00,1895,1895,1895,1895,0
2022-01-03 14:43:00,1895,1895,1895,1895,0
2022-01-03 14:44:00,1895,1895,1895,1895,0
2022-01-03 14:45:00,1895,1895,1895,1895,0
2022-01-03 14:46:00,1895,1895,1895,1895,0
2022-01-03 14:47:00,1895,1895,1895,1895,0
2022-01-03 14:48:00,1895,1895,1895,1895,0
2022-01-03 14:49:00,1895,1895,1895,1895,0
2022-01-03 14:50:00,1895,1895,1895,1895,0
2022-01-03 14:51:00,1895,1895,1895,1895,0
2022-01-03 14:52:00,1895,1895,1895,1895,0
2022-01-03 14:53:00,1895,1895,1895,1895,0
2022-01-03 14:54:00,1895,1895,1895,1895,0
2022-01-03 14:55:00,1895,1895,1895,1895,0
2022-01-03 14:56:00,1895,1895,1895,1895,0
2022-01-03 14:57:00,1895,1895,1895,1895,0
2022-01-03 14:58:00,1895,1895,1895,1895,0
2022-01-03 14:59:00,1895,1895,1895,1895,0
2022-01-03 15:00:00,2020,2020,2020,2020,2600
2022-01-03 15:01:00,2020,2020,2020,2020,0
2022-01-03 15:02:00,2020,2020,2020,2020,0
2022-01-03 15:03:00,2020,2020,2020,2020,0
2022-01-03 15:04:00,2020,2020,2020,2020,0
2022-01-03 15:05:00,2020,2020,2020,2020,0
2022-01-03 15:06:00,2020,2020,2020,2020,0
2022-01-03 15:07:00,2020,2020,2020,2020,0
2022-01-03 15:08:00,2020,2020,2020,2020,0
2022-01-03 15:09:00,2020,2020,2020,2020,0
2022-01-03 15:10:00,2020,2020,2020,2020,0
2022-01-03 15:11:00,2020,2020,2020,2020,0
2022-01-03 15:12:00,2020,2020,2020,2020,0
2022-01-03 15:13:00,2020,2020,2020,2020,0
2022-01-03 15:14:00,2020,2020,2020,2020,0
2022-01-03 15:15:00,2020,2020,2020,2020,0
2022-01-03 15:16:00,2020,2020,2020,2020,0
2022-01-03 15:17:00,2020,2020,2020,2020,0
2022-01-03 15:18:00,2020,2020,2020,2020,0
2022-01-03 15:19:00,2020,2020,2020,2020,0
2022-01-03 15:20:00,2020,2020,2020,2020,0
2022-01-03 15:21:00,2020,2020,2020,2020,0
2022-01-03 15:22:00,2020,2020,2020,2020,0
2022-01-03 15:23:00,2020,2020,2020,2020,0
2022-01-03 15:24:00,2020,2020,2020,2020,0
2022-01-03 15:25:00,2020,2020,2020,2020,0
2022-01-03 15:26:00,2020,2020,2020,2020,0
2022-01-03 15:27:00,2020,2020,2020,2020,0
2022-01-03 15:28:00,2020,2020,2020,2020,0
2022-01-03 15:29:00,2020,2020,2020,2020,0
2022-01-03 15:30:00,2020,2020,2020,2020,0
2022-01-03 15:31:00,2020,2020,2020,2020,0
2022-01-03 15:32:00,2020,2020,2020,2020,0
2022-01-03 15:33:00,2020,2020,2020,2020,0
2022-01-03 15:34:00,2020,2020,2020,2020,0
2022-01-03 15:35:00,2020,2020,2020,2020,0
2022-01-03 15:36:00,2020,2020,2020,2020,0
2022-01-03 15:37:00,2020,2020,2020,2020,0
2022-01-03 15:38:00,2020,2020,2020,2020,0
2022-01-03 15:39:00,2020,2020,2020,2020,0
2022-01-03 15:40:00,2020,2020,2020,2020,0
2022-01-03 15:41:00,2020,2020,2020,2020,0
2022-01-03 15:42:00,2020,2020,2020,2020,0
2022-01-03 15:43:00,2020,2020,2020,2020,0
2022-01-03 15:44:00,2020,2020,2020,2020,0
2022-01-03 15:45:00,2020,2020,2020,2020,0
2022-01-03 15:46:00,2020,2020,2020,2020,0
2022-01-03 15:47:00,2020,2020,2020,2020,0
2022-01-03 15:48:00,2020,2020,2020,2020,0
2022-01-03 15:49:00,2020,2020,2020,2020,0
2022-01-03 15:50:00,2020,2020,2020,2020,0
2022-01-03 15:51:00,2020,2020,2020,2020,0
2022-01-03 15:52:00,2020,2020,2020,2020,0
2022-01-03 15:53:00,2020,2020,2020,2020,0
2022-01-03 15:54:00,2020,2020,2020,2020,0
2022-01-03 15:55:00,2020,2020,2020,2020,0
2022-01-03 15:56:00,2020,2020,2020,2020,0
2022-01-03 15:57:00,2020,2020,2020,2020,0
2022-01-03 15:58:00,2020,2020,2020,2020,0
2022-01-03 15:59:00,2020,2020,2020,2020,0
2022-01-04 09:00:00,2020,2020,2020,2020,0
2022-01-04 09:01:00,2020,2020,2020,2020,0
2022-01-04 09:02:00,2020,2020,2020,2020,0
2022-01-04 09:03:00,2020,2020,2020,2020,0
2022-01-04 09:04:00,2020,2020,2020,2020,0
2022-01-04 09:05:00,2020,2020,2020,2020,0
2022-01-04 09:06:00,2020,2020,2020,2020,0
2022-01-04 09:07:00,2020,2020,2020,2020,0
2022-01-04 09:08:00,2020,2020,2020,2020,0
2022-01-04 09:09:00,2020,2020,2020,2020,0
2022-01-04 09:10:00,2020,2020,2020,2020,0
2022-01-04 09:11:00,2020,2020,2020,2020,100
2022-01-04 09:12:00,2020,2020,2020,2020,0
2022-01-04 09:13:00,2020,2020,2020,2020,0
2022-01-04 09:14:00,2020,2020,2020,2020,0
2022-01-04 09:15:00,2020,2020,2020,2020,0
2022-01-04 09:16:00,2020,2020,2020,2020,0
2022-01-04 09:17:00,2020,2020,2020,2020,0
2022-01-04 09:18:00,2020,2020,2020,2020,0
2022-01-04 09:19:00,2020,2020,2020,2020,0
2022-01-04 09:20:00,2020,2020,2020,2020,0
2022-01-04 09:21:00,2020,2020,2020,2020,0
2022-01-04 09:22:00,2020,2020,2020,2020,0
2022-01-04 09:23:00,2020,2020,2020,2020,0
2022-01-04 09:24:00,2020,2020,2020,2020,0
2022-01-04 09:25:00,2020,2020,2020,2020,0
2022-01-04 09:26:00,2000,2000,2000,2000,100
2022-01-04 09:27:00,2000,2000,2000,2000,100
2022-01-04 09:28:00,2000,2000,2000,2000,0
2022-01-04 09:29:00,2000,2000,2000,2000,0
2022-01-04 09:30:00,2000,2000,2000,2000,0
2022-01-04 09:31:00,1990,1990,1990,1990,100
2022-01-04 09:32:00,1990,1990,1990,1990,0
2022-01-04 09:33:00,1990,1990,1990,1990,0
2022-01-04 09:34:00,1990,1990,1990,1990,0
2022-01-04 09:35:00,1990,1990,1990,1990,0
2022-01-04 09:36:00,1990,1990,1990,1990,0
2022-01-04 09:37:00,1990,1990,1990,1990,0
2022-01-04 09:38:00,1990,1990,1990,1990,0
2022-01-04 09:39:00,1990,1990,1990,1990,0
2022-01-04 09:40:00,1990,1990,1990,1990,0
2022-01-04 09:41:00,1990,1990,1990,1990,0
2022-01-04 09:42:00,1990,1990,1990,1990,0
2022-01-04 09:43:00,1990,1990,1990,1990,0
2022-01-04 09:44:00,1990,1990,1990,1990,0
2022-01-04 09:45:00,1990,1990,1990,1990,0
2022-01-04 09:46:00,1990,1990,1990,1990,0
2022-01-04 09:47:00,1990,1990,1990,1990,0
2022-01-04 09:48:00,1990,1990,1990,1990,0
2022-01-04 09:49:00,1990,1990,1990,1990,0
2022-01-04 09:50:00,1990,1990,1990,1990,0
2022-01-04 09:51:00,1990,1990,1990,1990,0
2022-01-04 09:52:00,1990,1990,1990,1990,0
2022-01-04 09:53:00,1990,1990,1990,1990,0
2022-01-04 09:54:00,1990,1990,1990,1990,0
2022-01-04 09:55:00,1990,1990,1990,1990,0
2022-01-04 09:56:00,1990,1990,1990,1990,0
2022-01-04 09:57:00,1990,1990,1990,1990,0
2022-01-04 09:58:00,1990,1990,1990,1990,0
2022-01-04 09:59:00,1990,1990,1990,1990,0
2022-01-04 10:00:00,1990,1990,1990,1990,0
2022-01-04 10:01:00,1990,1990,1990,1990,0
2022-01-04 10:02:00,1985,1985,1985,1985,100
2022-01-04 10:03:00,1985,1985,1985,1985,0
2022-01-04 10:04:00,1985,1985,1985,1985,0
2022-01-04 10:05:00,1985,1985,1985,1985,0
2022-01-04 10:06:00,1985,1985,1985,1985,0
2022-01-04 10:07:00,1985,1985,1985,1985,0
2022-01-04 10:08:00,1950,1950,1950,1950,100
2022-01-04 10:09:00,1985,1985,1985,1985,100
2022-01-04 10:10:00,1985,1985,1985,1985,100
2022-01-04 10:11:00,1985,1985,1985,1985,0
2022-01-04 10:12:00,1985,1985,1985,1985,0
2022-01-04 10:13:00,1985,1985,1985,1985,100
2022-01-04 10:14:00,1985,1985,1985,1985,0
2022-01-04 10:15:00,1985,1985,1985,1985,0
2022-01-04 10:16:00,1985,1985,1985,1985,0
2022-01-04 10:17:00,1985,1985,1985,1985,0
2022-01-04 10:18:00,1985,1985,1985,1985,0
2022-01-04 10:19:00,1985,1985,1985,1985,0
2022-01-04 10:20:00,1990,1990,1990,1990,100
2022-01-04 10:21:00,1990,1990,1990,1990,0
2022-01-04 10:22:00,1990,1990,1990,1990,0
2022-01-04 10:23:00,1990,1990,1990,1990,100
2022-01-04 10:24:00,1990,1990,1990,1990,0
2022-01-04 10:25:00,1990,1990,1990,1990,0
2022-01-04 10:26:00,1990,1990,1990,1990,0
2022-01-04 10:27:00,1990,1990,1990,1990,0
2022-01-04 10:28:00,1990,1990,1990,1990,0
2022-01-04 10:29:00,1990,1990,1990,1990,0
2022-01-04 10:30:00,1990,1990,1990,1990,0
2022-01-04 10:31:00,1990,1990,1990,1990,0
2022-01-04 10:32:00,1990,1990,1990,1990,0
2022-01-04 10:33:00,1990,1990,1990,1990,0
2022-01-04 10:34:00,1990,1990,1990,1990,0
2022-01-04 10:35:00,1990,1990,1990,1990,0
2022-01-04 10:36:00,1990,1990,1990,1990,0
2022-01-04 10:37:00,1990,1990,1990,1990,0
2022-01-04 10:38:00,1990,1990,1990,1990,0
2022-01-04 10:39:00,1990,1990,1990,1990,0
2022-01-04 10:40:00,1990,1990,1990,1990,0
2022-01-04 10:41:00,1990,1990,1990,1990,100
2022-01-04 10:42:00,1990,1990,1990,1990,0
2022-01-04 10:43:00,1990,1990,1990,1990,0
2022-01-04 10:44:00,2000,2000,2000,2000,100
2022-01-04 10:45:00,2000,2000,2000,2000,0
2022-01-04 10:46:00,2000,2000,2000,2000,0
2022-01-04 10:47:00,2000,2000,2000,2000,0
2022-01-04 10:48:00,2000,2000,2000,2000,0
2022-01-04 10:49:00,2000,2000,2000,2000,0
2022-01-04 10:50:00,2000,2000,2000,2000,0
2022-01-04 10:51:00,2000,2000,2000,2000,0
2022-01-04 10:52:00,2000,2000,2000,2000,0
2022-01-04 10:53:00,2000,2000,2000,2000,0
2022-01-04 10:54:00,2000,2000,2000,2000,100
2022-01-04 10:55:00,2000,2000,2000,2000,0
2022-01-04 10:56:00,2000,2000,2000,2000,0
2022-01-04 10:57:00,2000,2000,2000,2000,0
2022-01-04 10:58:00,2000,2000,2000,2000,0
2022-01-04 10:59:00,2000,2000,2000,2000,0
2022-01-04 11:00:00,2000,2000,2000,2000,0
2022-01-04 11:01:00,2000,2000,2000,2000,0
2022-01-04 11:02:00,2000,2000,2000,2000,0
2022-01-04 11:03:00,2000,2000,2000,2000,0
2022-01-04 11:04:00,2000,2000,2000,2000,0
2022-01-04 11:05:00,2000,2000,2000,2000,0
2022-01-04 11:06:00,2000,2000,2000,2000,0
2022-01-04 11:07:00,2000,2000,2000,2000,0
2022-01-04 11:08:00,2000,2000,2000,2000,0
2022-01-04 11:09:00,2000,2000,2000,2000,0
2022-01-04 11:10:00,2000,2000,2000,2000,0
2022-01-04 11:11:00,2000,2000,2000,2000,0
2022-01-04 11:12:00,2000,2000,2000,2000,0
2022-01-04 11:13:00,2000,2000,2000,2000,0
2022-01-04 11:14:00,2000,2000,2000,2000,0
2022-01-04 11:15:00,2000,2000,2000,2000,0
2022-01-04 11:16:00,2000,2000,2000,2000,0
2022-01-04 11:17:00,2000,2000,2000,2000,0
2022-01-04 11:18:00,2000,2000,2000,2000,0
2022-01-04 11:19:00,2000,2000,2000,2000,0
2022-01-04 11:20:00,2000,2000,2000,2000,0
2022-01-04 11:21:00,2000,2000,2000,2000,0
2022-01-04 11:22:00,2000,2000,2000,2000,0
2022-01-04 11:23:00,2000,2000,2000,2000,0
2022-01-04 11:24:00,2000,2000,2000,2000,0
2022-01-04 11:25:00,2000,2000,2000,2000,0
2022-01-04 11:26:00,2000,2000,2000,2000,0
2022-01-04 11:27:00,2000,2000,2000,2000,0
2022-01-04 11:28:00,2000,2000,2000,2000,0
2022-01-04 11:29:00,2000,2000,2000,2000,0
2022-01-04 11:30:00,2000,2000,2000,2000,0
2022-01-04 11:31:00,2000,2000,2000,2000,0
2022-01-04 11:32:00,2000,2000,2000,2000,0
2022-01-04 11:33:00,2000,2000,2000,2000,0
2022-01-04 11:34:00,2000,2000,2000,2000,0
2022-01-04 11:35:00,2000,2000,2000,2000,0
2022-01-04 11:36:00,2000,2000,2000,2000,0
2022-01-04 11:37:00,2000,2000,2000,2000,0
2022-01-04 11:38:00,2000,2000,2000,2000,0
2022-01-04 11:39:00,2000,2000,2000,2000,0
2022-01-04 11:40:00,2000,2000,2000,2000,0
2022-01-04 11:41:00,2000,2000,2000,2000,0
2022-01-04 11:42:00,2000,2000,2000,2000,0
2022-01-04 11:43:00,2000,2000,2000,2000,0
2022-01-04 11:44:00,2000,2000,2000,2000,0
2022-01-04 11:45:00,2000,2000,2000,2000,0
2022-01-04 11:46:00,2000,2000,2000,2000,0
2022-01-04 11:47:00,2000,2000,2000,2000,0
2022-01-04 11:48:00,2000,2000,2000,2000,0
2022-01-04 11:49:00,2000,2000,2000,2000,0
2022-01-04 11:50:00,2000,2000,2000,2000,0
2022-01-04 11:51:00,2000,2000,2000,2000,0
2022-01-04 11:52:00,2000,2000,2000,2000,0
2022-01-04 11:53:00,2000,2000,2000,2000,0
2022-01-04 11:54:00,2000,2000,2000,2000,0
2022-01-04 11:55:00,2000,2000,2000,2000,0
2022-01-04 11:56:00,2000,2000,2000,2000,0
2022-01-04 11:57:00,2000,2000,2000,2000,0
2022-01-04 11:58:00,2000,2000,2000,2000,0
2022-01-04 11:59:00,2000,2000,2000,2000,0
2022-01-04 12:00:00,2000,2000,2000,2000,0
2022-01-04 12:01:00,2000,2000,2000,2000,0
2022-01-04 12:02:00,2000,2000,2000,2000,0
2022-01-04 12:03:00,2000,2000,2000,2000,0
2022-01-04 12:04:00,2000,2000,2000,2000,0
2022-01-04 12:05:00,2000,2000,2000,2000,0
2022-01-04 12:06:00,2000,2000,2000,2000,0
2022-01-04 12:07:00,2000,2000,2000,2000,0
2022-01-04 12:08:00,2000,2000,2000,2000,0
2022-01-04 12:09:00,2000,2000,2000,2000,0
2022-01-04 12:10:00,2000,2000,2000,2000,0
2022-01-04 12:11:00,2000,2000,2000,2000,0
2022-01-04 12:12:00,2000,2000,2000,2000,0
2022-01-04 12:13:00,2000,2000,2000,2000,0
2022-01-04 12:14:00,2000,2000,2000,2000,0
2022-01-04 12:15:00,2000,2000,2000,2000,0
2022-01-04 12:16:00,2000,2000,2000,2000,0
2022-01-04 12:17:00,2000,2000,2000,2000,0
2022-01-04 12:18:00,2000,2000,2000,2000,0
2022-01-04 12:19:00,2000,2000,2000,2000,0
2022-01-04 12:20:00,2000,2000,2000,2000,0
2022-01-04 12:21:00,2000,2000,2000,2000,0
2022-01-04 12:22:00,2000,2000,2000,2000,0
2022-01-04 12:23:00,2000,2000,2000,2000,0
2022-01-04 12:24:00,2000,2000,2000,2000,0
2022-01-04 12:25:00,2000,2000,2000,2000,0
2022-01-04 12:26:00,2000,2000,2000,2000,0
2022-01-04 12:27:00,2000,2000,2000,2000,0
2022-01-04 12:28:00,2000,2000,2000,2000,0
2022-01-04 12:29:00,2000,2000,2000,2000,0
2022-01-04 12:30:00,2000,2000,2000,2000,0
2022-01-04 12:31:00,2000,2000,2000,2000,0
2022-01-04 12:32:00,2000,2000,2000,2000,0
2022-01-04 12:33:00,2000,2000,2000,2000,0
2022-01-04 12:34:00,2000,2000,2000,2000,0
2022-01-04 12:35:00,2000,2000,2000,2000,0
2022-01-04 12:36:00,2000,2000,2000,2000,0
2022-01-04 12:37:00,2000,2000,2000,2000,0
2022-01-04 12:38:00,2000,2000,2000,2000,0
2022-01-04 12:39:00,2000,2000,2000,2000,0
2022-01-04 12:40:00,2000,2000,2000,2000,0
2022-01-04 12:41:00,2000,2000,2000,2000,0
2022-01-04 12:42:00,2000,2000,2000,2000,0
2022-01-04 12:43:00,2000,2000,2000,2000,0
2022-01-04 12:44:00,2000,2000,2000,2000,0
2022-01-04 12:45:00,2000,2000,2000,2000,0
2022-01-04 12:46:00,2000,2000,2000,2000,0
2022-01-04 12:47:00,2000,2000,2000,2000,0
2022-01-04 12:48:00,2000,2000,2000,2000,0
2022-01-04 12:49:00,2000,2000,2000,2000,0
2022-01-04 12:50:00,2000,2000,2000,2000,0
2022-01-04 12:51:00,2000,2000,2000,2000,0
2022-01-04 12:52:00,2000,2000,2000,2000,0
2022-01-04 12:53:00,2000,2000,2000,2000,0
2022-01-04 12:54:00,2000,2000,2000,2000,0
2022-01-04 12:55:00,2000,2000,2000,2000,0
2022-01-04 12:56:00,2000,2000,2000,2000,0
2022-01-04 12:57:00,2000,2000,2000,2000,0
2022-01-04 12:58:00,2000,2000,2000,2000,0
2022-01-04 12:59:00,2000,2000,2000,2000,0
2022-01-04 13:00:00,2000,2000,2000,2000,0
2022-01-04 13:01:00,2000,2000,2000,2000,0
2022-01-04 13:02:00,2000,2000,2000,2000,0
2022-01-04 13:03:00,2000,2000,2000,2000,0
2022-01-04 13:04:00,2000,2000,2000,2000,0
2022-01-04 13:05:00,2000,2000,2000,2000,0
2022-01-04 13:06:00,2000,2000,2000,2000,0
2022-01-04 13:07:00,2000,2000,2000,2000,0
2022-01-04 13:08:00,2000,2000,2000,2000,0
2022-01-04 13:09:00,2000,2000,2000,2000,0
2022-01-04 13:10:00,2000,2000,2000,2000,0
2022-01-04 13:11:00,2000,2000,2000,2000,0
2022-01-04 13:12:00,2000,2000,2000,2000,0
2022-01-04 13:13:00,2000,2000,2000,2000,0
2022-01-04 13:14:00,2000,2000,2000,2000,0
2022-01-04 13:15:00,2000,2000,2000,2000,0
2022-01-04 13:16:00,2000,2000,2000,2000,0
2022-01-04 13:17:00,2000,2000,2000,2000,0
2022-01-04 13:18:00,2000,2000,2000,2000,0
2022-01-04 13:19:00,2000,2000,2000,2000,0
2022-01-04 13:20:00,2000,2000,2000,2000,0
2022-01-04 13:21:00,2000,2000,2000,2000,0
2022-01-04 13:22:00,2000,2000,2000,2000,0
2022-01-04 13:23:00,2000,2000,2000,2000,0
2022-01-04 13:24:00,2000,2000,2000,2000,0
2022-01-04 13:25:00,2000,2000,2000,2000,0
2022-01-04 13:26:00,2000,2000,2000,2000,0
2022-01-04 13:27:00,2000,2000,2000,2000,0
2022-01-04 13:28:00,2000,2000,2000,2000,0
2022-01-04 13:29:00,2000,2000,2000,2000,0
2022-01-04 13:30:00,2000,2000,2000,2000,400
2022-01-04 13:31:00,2000,2000,2000,2000,0
2022-01-04 13:32:00,2000,2000,2000,2000,0
2022-01-04 13:33:00,2000,2000,2000,2000,0
2022-01-04 13:34:00,2000,2000,2000,2000,0
2022-01-04 13:35:00,1990,1990,1990,1990,100
2022-01-04 13:36:00,1990,1990,1990,1990,0
2022-01-04 13:37:00,1990,1990,1990,1990,0
2022-01-04 13:38:00,1990,1990,1990,1990,0
2022-01-04 13:39:00,1990,1990,1990,1990,0
2022-01-04 13:40:00,1990,1990,1990,1990,0
2022-01-04 13:41:00,1990,1990,1990,1990,0
2022-01-04 13:42:00,1990,1990,1990,1990,0
2022-01-04 13:43:00,1990,1990,1990,1990,0
2022-01-04 13:44:00,1990,1990,1990,1990,0
2022-01-04 13:45:00,1990,1990,1990,1990,0
2022-01-04 13:46:00,1990,1990,1990,1990,0
2022-01-04 13:47:00,1990,1990,1990,1990,0
2022-01-04 13:48:00,1990,1990,1990,1990,0
2022-01-04 13:49:00,1990,1990,1990,1990,0
2022-01-04 13:50:00,1990,1990,1990,1990,0
2022-01-04 13:51:00,1990,1990,1990,1990,0
2022-01-04 13:52:00,1990,1990,1990,1990,0
2022-01-04 13:53:00,1990,1990,1990,1990,100
2022-01-04 13:54:00,1990,1990,1990,1990,0
2022-01-04 13:55:00,1990,1990,1990,1990,0
2022-01-04 13:56:00,1990,1990,1990,1990,0
2022-01-04 13:57:00,1990,1990,1990,1990,0
2022-01-04 13:58:00,1990,1990,1990,1990,0
2022-01-04 13:59:00,1990,1990,1990,1990,0
2022-01-04 14:00:00,1990,1990,1990,1990,0
2022-01-04 14:01:00,1990,1990,1990,1990,0
2022-01-04 14:02:00,1990,1990,1990,1990,0
2022-01-04 14:03:00,1990,1990,1990,1990,0
2022-01-04 14:04:00,1990,1990,1990,1990,0
2022-01-04 14:05:00,1990,1990,1990,1990,0
2022-01-04 14:06:00,1990,1990,1990,1990,0
2022-01-04 14:07:00,1990,1990,1990,1990,0
2022-01-04 14:08:00,1990,1990,1990,1990,0
2022-01-04 14:09:00,1990,1990,1990,1990,0
2022-01-04 14:10:00,1990,1990,1990,1990,0
2022-01-04 14:11:00,1990,1990,1990,1990,100
2022-01-04 14:12:00,1990,1990,1990,1990,0
2022-01-04 14:13:00,1990,1990,1990,1990,0
2022-01-04 14:14:00,1990,1990,1990,1990,0
2022-01-04 14:15:00,1990,1990,1990,1990,0
2022-01-04 14:16:00,1990,1990,1990,1990,0
2022-01-04 14:17:00,1990,1990,1990,1990,0
2022-01-04 14:18:00,1990,1990,1990,1990,0
2022-01-04 14:19:00,1990,1990,1990,1990,0
2022-01-04 14:20:00,1990,1990,1990,1990,0
2022-01-04 14:21:00,1990,1990,1990,1990,0
2022-01-04 14:22:00,1990,1990,1990,1990,0
2022-01-04 14:23:00,1990,1990,1990,1990,0
2022-01-04 14:24:00,1990,1990,1990,1990,0
2022-01-04 14:25:00,1990,1990,1990,1990,0
2022-01-04 14:26:00,1990,1990,1990,1990,0
2022-01-04 14:27:00,1990,1990,1990,1990,0
2022-01-04 14:28:00,1990,1990,1990,1990,0
2022-01-04 14:29:00,1990,1990,1990,1990,0
2022-01-04 14:30:00,1990,1990,1990,1990,0
2022-01-04 14:31:00,1990,1990,1990,1990,0
2022-01-04 14:32:00,1990,1990,1990,1990,0
2022-01-04 14:33:00,1990,1990,1990,1990,0
2022-01-04 14:34:00,1990,1990,1990,1990,0
2022-01-04 14:35:00,1990,1990,1990,1990,0
2022-01-04 14:36:00,1990,1990,1990,1990,0
2022-01-04 14:37:00,1990,1990,1990,1990,0
2022-01-04 14:38:00,1990,1990,1990,1990,0
2022-01-04 14:39:00,1990,1990,1990,1990,0
2022-01-04 14:40:00,1990,1990,1990,1990,0
2022-01-04 14:41:00,1990,1990,1990,1990,0
2022-01-04 14:42:00,1990,1990,1990,1990,0
2022-01-04 14:43:00,1990,1990,1990,1990,0
2022-01-04 14:44:00,1990,1990,1990,1990,0
2022-01-04 14:45:00,1990,1990,1990,1990,0
2022-01-04 14:46:00,1990,1990,1990,1990,0
2022-01-04 14:47:00,1990,1990,1990,1990,0
2022-01-04 14:48:00,1990,1990,1990,1990,0
2022-01-04 14:49:00,1990,1990,1990,1990,0
2022-01-04 14:50:00,1990,1990,1990,1990,0
2022-01-04 14:51:00,1990,1990,1990,1990,0
2022-01-04 14:52:00,1990,1990,1990,1990,0
2022-01-04 14:53:00,1990,1990,1990,1990,0
2022-01-04 14:54:00,1990,1990,1990,1990,0
2022-01-04 14:55:00,1990,1990,1990,1990,0
2022-01-04 14:56:00,1990,1990,1990,1990,0
2022-01-04 14:57:00,1990,1990,1990,1990,0
2022-01-04 14:58:00,1990,1990,1990,1990,0
2022-01-04 14:59:00,1990,1990,1990,1990,0
2022-01-04 15:00:00,1990,1990,1990,1990,0
2022-01-04 15:01:00,1990,1990,1990,1990,0
2022-01-04 15:02:00,1990,1990,1990,1990,0
2022-01-04 15:03:00,1990,1990,1990,1990,0
2022-01-04 15:04:00,1990,1990,1990,1990,0
2022-01-04 15:05:00,1990,1990,1990,1990,0
2022-01-04 15:06:00,1990,1990,1990,1990,0
2022-01-04 15:07:00,1990,1990,1990,1990,0
2022-01-04 15:08:00,1990,1990,1990,1990,0
2022-01-04 15:09:00,1990,1990,1990,1990,0
2022-01-04 15:10:00,1990,1990,1990,1990,0
2022-01-04 15:11:00,1990,1990,1990,1990,0
2022-01-04 15:12:00,1990,1990,1990,1990,0
2022-01-04 15:13:00,1990,1990,1990,1990,0
2022-01-04 15:14:00,1990,1990,1990,1990,0
2022-01-04 15:15:00,1990,1990,1990,1990,0
2022-01-04 15:16:00,1990,1990,1990,1990,0
2022-01-04 15:17:00,1990,1990,1990,1990,0
2022-01-04 15:18:00,1990,1990,1990,1990,0
2022-01-04 15:19:00,1990,1990,1990,1990,0
2022-01-04 15:20:00,1990,1990,1990,1990,0
2022-01-04 15:21:00,1990,1990,1990,1990,0
2022-01-04 15:22:00,1990,1990,1990,1990,0
2022-01-04 15:23:00,1990,1990,1990,1990,0
2022-01-04 15:24:00,1990,1990,1990,1990,0
2022-01-04 15:25:00,1990,1990,1990,1990,0
2022-01-04 15:26:00,1990,1990,1990,1990,0
2022-01-04 15:27:00,1990,1990,1990,1990,0
2022-01-04 15:28:00,1990,1990,1990,1990,0
2022-01-04 15:29:00,1990,1990,1990,1990,0
2022-01-04 15:30:00,1990,1990,1990,1990,0
2022-01-04 15:31:00,1990,1990,1990,1990,0
2022-01-04 15:32:00,1990,1990,1990,1990,0
2022-01-04 15:33:00,1990,1990,1990,1990,0
2022-01-04 15:34:00,1990,1990,1990,1990,0
2022-01-04 15:35:00,1990,1990,1990,1990,0
2022-01-04 15:36:00,1990,1990,1990,1990,0
2022-01-04 15:37:00,1990,1990,1990,1990,0
2022-01-04 15:38:00,1990,1990,1990,1990,0
2022-01-04 15:39:00,1990,1990,1990,1990,0
2022-01-04 15:40:00,1990,1990,1990,1990,0
2022-01-04 15:41:00,1990,1990,1990,1990,0
2022-01-04 15:42:00,1990,1990,1990,1990,0
2022-01-04 15:43:00,1990,1990,1990,1990,0
2022-01-04 15:44:00,1990,1990,1990,1990,0
2022-01-04 15:45:00,1990,1990,1990,1990,0
2022-01-04 15:46:00,1990,1990,1990,1990,0
2022-01-04 15:47:00,1990,1990,1990,1990,0
2022-01-04 15:48:00,1990,1990,1990,1990,0
2022-01-04 15:49:00,1990,1990,1990,1990,0
2022-01-04 15:50:00,1990,1990,1990,1990,0
2022-01-04 15:51:00,1990,1990,1990,1990,0
2022-01-04 15:52:00,1990,1990,1990,1990,0
2022-01-04 15:53:00,1990,1990,1990,1990,0
2022-01-04 15:54:00,1990,1990,1990,1990,0
2022-01-04 15:55:00,1990,1990,1990,1990,0
2022-01-04 15:56:00,1990,1990,1990,1990,0
2022-01-04 15:57:00,1990,1990,1990,1990,0
2022-01-04 15:58:00,1990,1990,1990,1990,0
2022-01-04 15:59:00,1990,1990,1990,1990,0
2022-01-05 09:00:00,1990,1990,1990,1990,0
2022-01-05 09:01:00,1990,1990,1990,1990,0
2022-01-05 09:02:00,1990,1990,1990,1990,0
2022-01-05 09:03:00,1990,1990,1990,1990,0
2022-01-05 09:04:00,1990,1990,1990,1990,100
2022-01-05 09:05:00,1990,1990,1990,1990,0
2022-01-05 09:06:00,1990,1990,1990,1990,0
2022-01-05 09:07:00,1990,1990,1990,1990,0
2022-01-05 09:08:00,1990,1990,1990,1990,0
2022-01-05 09:09:00,1990,1990,1990,1990,0
2022-01-05 09:10:00,1990,1990,1990,1990,0
2022-01-05 09:11:00,1990,1990,1990,1990,0
2022-01-05 09:12:00,1990,1990,1990,1990,0
2022-01-05 09:13:00,1990,1990,1990,1990,0
2022-01-05 09:14:00,1990,1990,1990,1990,0
2022-01-05 09:15:00,1990,1990,1990,1990,0
2022-01-05 09:16:00,1990,1990,1990,1990,0
2022-01-05 09:17:00,1990,1990,1990,1990,0
2022-01-05 09:18:00,1990,1990,1990,1990,0
2022-01-05 09:19:00,1990,1990,1990,1990,0
2022-01-05 09:20:00,1990,1990,1990,1990,0
2022-01-05 09:21:00,1990,1990,1990,1990,0
2022-01-05 09:22:00,1990,1990,1990,1990,0
2022-01-05 09:23:00,1990,1990,1990,1990,0
2022-01-05 09:24:00,1990,1990,1990,1990,0
2022-01-05 09:25:00,1990,1990,1990,1990,0
2022-01-05 09:26:00,1990,1990,1990,1990,0
2022-01-05 09:27:00,1990,1990,1990,1990,0
2022-01-05 09:28:00,1990,1990,1990,1990,0
2022-01-05 09:29:00,1990,1990,1990,1990,0
2022-01-05 09:30:00,1990,1990,1990,1990,0
2022-01-05 09:31:00,1990,1990,1990,1990,0
2022-01-05 09:32:00,1990,1990,1990,1990,0
2022-01-05 09:33:00,1990,1990,1990,1990,0
2022-01-05 09:34:00,1990,1990,1990,1990,0
2022-01-05 09:35:00,1990,1990,1990,1990,0
2022-01-05 09:36:00,1990,1990,1990,1990,0
2022-01-05 09:37:00,1990,1990,1990,1990,0
2022-01-05 09:38:00,1985,1985,1985,1985,100
2022-01-05 09:39:00,1985,1985,1985,1985,0
2022-01-05 09:40:00,1985,1985,1985,1985,0
2022-01-05 09:41:00,1985,1985,1985,1985,0
2022-01-05 09:42:00,1985,1985,1985,1985,0
2022-01-05 09:43:00,1985,1985,1985,1985,0
2022-01-05 09:44:00,1985,1985,1985,1985,0
2022-01-05 09:45:00,1985,1985,1985,1985,0
2022-01-05 09:46:00,1985,1985,1985,1985,0
2022-01-05 09:47:00,1985,1985,1985,1985,0
2022-01-05 09:48:00,1985,1985,1985,1985,0
2022-01-05 09:49:00,1985,1985,1985,1985,0
2022-01-05 09:50:00,1985,1985,1985,1985,0
2022-01-05 09:51:00,1985,1985,1985,1985,0
2022-01-05 09:52:00,1985,1985,1985,1985,0
2022-01-05 09:53:00,1985,1985,1985,1985,0
2022-01-05 09:54:00,1985,1985,1985,1985,0
2022-01-05 09:55:00,1985,1985,1985,1985,0
2022-01-05 09:56:00,1985,1985,1985,1985,0
2022-01-05 09:57:00,1985,1985,1985,1985,0
2022-01-05 09:58:00,1985,1985,1985,1985,0
2022-01-05 09:59:00,1985,1985,1985,1985,0
2022-01-05 10:00:00,1985,1985,1985,1985,0
2022-01-05 10:01:00,1985,1985,1985,1985,0
2022-01-05 10:02:00,1985,1985,1985,1985,0
2022-01-05 10:03:00,1985,1985,1985,1985,0
2022-01-05 10:04:00,1985,1985,1985,1985,0
2022-01-05 10:05:00,1985,1985,1985,1985,0
2022-01-05 10:06:00,1985,1985,1985,1985,0
2022-01-05 10:07:00,1985,1985,1985,1985,0
2022-01-05 10:08:00,1985,1985,1985,1985,0
2022-01-05 10:09:00,1985,1985,1985,1985,0
2022-01-05 10:10:00,1985,1985,1985,1985,0
2022-01-05 10:11:00,1985,1985,1985,1985,0
2022-01-05 10:12:00,1985,1985,1985,1985,0
2022-01-05 10:13:00,1985,1985,1985,1985,0
2022-01-05 10:14:00,1985,1985,1985,1985,0
2022-01-05 10:15:00,1985,1985,1985,1985,200
2022-01-05 10:16:00,1985,1985,1985,1985,0
2022-01-05 10:17:00,1985,1985,1985,1985,0
2022-01-05 10:18:00,1985,1985,1985,1985,0
2022-01-05 10:19:00,1985,1985,1985,1985,0
2022-01-05 10:20:00,1985,1985,1985,1985,0
2022-01-05 10:21:00,1985,1985,1985,1985,0
2022-01-05 10:22:00,1985,1985,1985,1985,0
2022-01-05 10:23:00,1985,1985,1985,1985,0
2022-01-05 10:24:00,1985,1985,1985,1985,0
2022-01-05 10:25:00,1985,1985,1985,1985,0
2022-01-05 10:26:00,1985,1985,1985,1985,0
2022-01-05 10:27:00,1985,1985,1985,1985,0
2022-01-05 10:28:00,1985,1985,1985,1985,0
2022-01-05 10:29:00,1985,1985,1985,1985,0
2022-01-05 10:30:00,1985,1985,1985,1985,0
2022-01-05 10:31:00,1985,1985,1985,1985,100
2022-01-05 10:32:00,1985,1985,1985,1985,0
2022-01-05 10:33:00,1985,1985,1985,1985,0
2022-01-05 10:34:00,1985,1985,1985,1985,0
2022-01-05 10:35:00,1985,1985,1985,1985,0
2022-01-05 10:36:00,1985,1985,1985,1985,0
2022-01-05 10:37:00,1985,1985,1985,1985,0
2022-01-05 10:38:00,1985,1985,1985,1985,0
2022-01-05 10:39:00,1985,1985,1985,1985,0
2022-01-05 10:40:00,1985,1985,1985,1985,0
2022-01-05 10:41:00,1985,1985,1985,1985,0
2022-01-05 10:42:00,1985,1985,1985,1985,0
2022-01-05 10:43:00,1985,1985,1985,1985,0
2022-01-05 10:44:00,1985,1985,1985,1985,0
2022-01-05 10:45:00,1985,1985,1985,1985,0
2022-01-05 10:46:00,1985,1985,1985,1985,0
2022-01-05 10:47:00,1985,1985,1985,1985,0
2022-01-05 10:48:00,1985,1985,1985,1985,0
2022-01-05 10:49:00,1985,1985,1985,1985,0
2022-01-05 10:50:00,1985,1985,1985,1985,0
2022-01-05 10:51:00,1985,1985,1985,1985,0
2022-01-05 10:52:00,1985,1985,1985,1985,0
2022-01-05 10:53:00,1985,1985,1985,1985,0
2022-01-05 10:54:00,1985,1985,1985,1985,0
2022-01-05 10:55:00,1985,1985,1985,1985,0
2022-01-05 10:56:00,1985,1985,1985,1985,0
2022-01-05 10:57:00,1985,1985,1985,1985,0
2022-01-05 10:58:00,1985,1985,1985,1985,0
2022-01-05 10:59:00,1985,1985,1985,1985,0
2022-01-05 11:00:00,1985,1985,1985,1985,0
2022-01-05 11:01:00,1985,1985,1985,1985,0
2022-01-05 11:02:00,1985,1985,1985,1985,0
2022-01-05 11:03:00,1985,1985,1985,1985,0
2022-01-05 11:04:00,1985,1985,1985,1985,0
2022-01-05 11:05:00,1985,1985,1985,1985,0
2022-01-05 11:06:00,1985,1985,1985,1985,0
2022-01-05 11:07:00,1985,1985,1985,1985,0
2022-01-05 11:08:00,1985,1985,1985,1985,0
2022-01-05 11:09:00,1985,1985,1985,1985,0
2022-01-05 11:10:00,1985,1985,1985,1985,0
2022-01-05 11:11:00,1985,1985,1985,1985,0
2022-01-05 11:12:00,1985,1985,1985,1985,0
2022-01-05 11:13:00,1985,1985,1985,1985,0
2022-01-05 11:14:00,1985,1985,1985,1985,0
2022-01-05 11:15:00,1985,1985,1985,1985,0
2022-01-05 11:16:00,1985,1985,1985,1985,0
2022-01-05 11:17:00,1985,1985,1985,1985,0
2022-01-05 11:18:00,1985,1985,1985,1985,0
2022-01-05 11:19:00,1985,1985,1985,1985,0
2022-01-05 11:20:00,1985,1985,1985,1985,0
2022-01-05 11:21:00,1985,1985,1985,1985,0
2022-01-05 11:22:00,1985,1985,1985,1985,0
2022-01-05 11:23:00,1985,1985,1985,1985,0
2022-01-05 11:24:00,1985,1985,1985,1985,0
2022-01-05 11:25:00,1985,1985,1985,1985,0
2022-01-05 11:26:00,1985,1985,1985,1985,0
2022-01-05 11:27:00,1985,1985,1985,1985,0
2022-01-05 11:28:00,1985,1985,1985,1985,0
2022-01-05 11:29:00,1985,1985,1985,1985,0
2022-01-05 11:30:00,1985,1985,1985,1985,0
2022-01-05 11:31:00,1985,1985,1985,1985,0
2022-01-05 11:32:00,1985,1985,1985,1985,0
2022-01-05 11:33:00,1985,1985,1985,1985,0
2022-01-05 11:34:00,1985,1985,1985,1985,0
2022-01-05 11:35:00,1985,1985,1985,1985,0
2022-01-05 11:36:00,1985,1985,1985,1985,0
2022-01-05 11:37:00,1985,1985,1985,1985,0
2022-01-05 11:38:00,1985,1985,1985,1985,0
2022-01-05 11:39:00,1985,1985,1985,1985,0
2022-01-05 11:40:00,1985,1985,1985,1985,0
2022-01-05 11:41:00,1985,1985,1985,1985,0
2022-01-05 11:42:00,1985,1985,1985,1985,0
2022-01-05 11:43:00,1985,1985,1985,1985,0
2022-01-05 11:44:00,1985,1985,1985,1985,0
2022-01-05 11:45:00,1985,1985,1985,1985,0
2022-01-05 11:46:00,1985,1985,1985,1985,0
2022-01-05 11:47:00,1985,1985,1985,1985,0
2022-01-05 11:48:00,1985,1985,1985,1985,0
2022-01-05 11:49:00,1985,1985,1985,1985,0
2022-01-05 11:50:00,1985,1985,1985,1985,0
2022-01-05 11:51:00,1985,1985,1985,1985,0
2022-01-05 11:52:00,1985,1985,1985,1985,0
2022-01-05 11:53:00,1985,1985,1985,1985,0
2022-01-05 11:54:00,1985,1985,1985,1985,0
2022-01-05 11:55:00,1985,1985,1985,1985,0
2022-01-05 11:56:00,1985,1985,1985,1985,0
2022-01-05 11:57:00,1985,1985,1985,1985,0
2022-01-05 11:58:00,1985,1985,1985,1985,0
2022-01-05 11:59:00,1985,1985,1985,1985,0
2022-01-05 12:00:00,1985,1985,1985,1985,0
2022-01-05 12:01:00,1985,1985,1985,1985,0
2022-01-05 12:02:00,1985,1985,1985,1985,0
2022-01-05 12:03:00,1985,1985,1985,1985,0
2022-01-05 12:04:00,1985,1985,1985,1985,0
2022-01-05 12:05:00,1985,1985,1985,1985,0
2022-01-05 12:06:00,1985,1985,1985,1985,0
2022-01-05 12:07:00,1985,1985,1985,1985,0
2022-01-05 12:08:00,1985,1985,1985,1985,0
2022-01-05 12:09:00,1985,1985,1985,1985,0
2022-01-05 12:10:00,1985,1985,1985,1985,0
2022-01-05 12:11:00,1985,1985,1985,1985,0
2022-01-05 12:12:00,1985,1985,1985,1985,0
2022-01-05 12:13:00,1985,1985,1985,1985,0
2022-01-05 12:14:00,1985,1985,1985,1985,0
2022-01-05 12:15:00,1985,1985,1985,1985,0
2022-01-05 12:16:00,1985,1985,1985,1985,0
2022-01-05 12:17:00,1985,1985,1985,1985,0
2022-01-05 12:18:00,1985,1985,1985,1985,0
2022-01-05 12:19:00,1985,1985,1985,1985,0
2022-01-05 12:20:00,1985,1985,1985,1985,0
2022-01-05 12:21:00,1985,1985,1985,1985,0
2022-01-05 12:22:00,1985,1985,1985,1985,0
2022-01-05 12:23:00,1985,1985,1985,1985,0
2022-01-05 12:24:00,1985,1985,1985,1985,0
2022-01-05 12:25:00,1985,1985,1985,1985,0
2022-01-05 12:26:00,1985,1985,1985,1985,0
2022-01-05 12:27:00,1985,1985,1985,1985,0
2022-01-05 12:28:00,1985,1985,1985,1985,0
2022-01-05 12:29:00,1985,1985,1985,1985,0
2022-01-05 12:30:00,1985,1985,1985,1985,0
2022-01-05 12:31:00,1985,1985,1985,1985,0
2022-01-05 12:32:00,1985,1985,1985,1985,0
2022-01-05 12:33:00,1985,1985,1985,1985,0
2022-01-05 12:34:00,1985,1985,1985,1985,0
2022-01-05 12:35:00,1985,1985,1985,1985,0
2022-01-05 12:36:00,1985,1985,1985,1985,0
2022-01-05 12:37:00,1985,1985,1985,1985,0
2022-01-05 12:38:00,1985,1985,1985,1985,0
2022-01-05 12:39:00,1985,1985,1985,1985,0
2022-01-05 12:40:00,1985,1985,1985,1985,0
2022-01-05 12:41:00,1985,1985,1985,1985,0
2022-01-05 12:42:00,1985,1985,1985,1985,0
2022-01-05 12:43:00,1985,1985,1985,1985,0
2022-01-05 12:44:00,1985,1985,1985,1985,0
2022-01-05 12:45:00,1985,1985,1985,1985,0
2022-01-05 12:46:00,1985,1985,1985,1985,0
2022-01-05 12:47:00,1985,1985,1985,1985,0
2022-01-05 12:48:00,1985,1985,1985,1985,0
2022-01-05 12:49:00,1985,1985,1985,1985,0
2022-01-05 12:50:00,1985,1985,1985,1985,0
2022-01-05 12:51:00,1985,1985,1985,1985,0
2022-01-05 12:52:00,1985,1985,1985,1985,0
2022-01-05 12:53:00,1985,1985,1985,1985,0
2022-01-05 12:54:00,1985,1985,1985,1985,0
2022-01-05 12:55:00,1985,1985,1985,1985,0
2022-01-05 12:56:00,1985,1985,1985,1985,0
2022-01-05 12:57:00,1985,1985,1985,1985,0
2022-01-05 12:58:00,1985,1985,1985,1985,0
2022-01-05 12:59:00,1985,1985,1985,1985,0
2022-01-05 13:00:00,1985,1985,1985,1985,0
2022-01-05 13:01:00,1985,1985,1985,1985,0
2022-01-05 13:02:00,1985,1985,1985,1985,0
2022-01-05 13:03:00,1985,1985,1985,1985,0
2022-01-05 13:04:00,1985,1985,1985,1985,0
2022-01-05 13:05:00,1985,1985,1985,1985,0
2022-01-05 13:06:00,1985,1985,1985,1985,0
2022-01-05 13:07:00,1985,1985,1985,1985,0
2022-01-05 13:08:00,1985,1985,1985,1985,0
2022-01-05 13:09:00,1985,1985,1985,1985,0
2022-01-05 13:10:00,1985,1985,1985,1985,0
2022-01-05 13:11:00,1985,1985,1985,1985,0
2022-01-05 13:12:00,1985,1985,1985,1985,0
2022-01-05 13:13:00,1985,1985,1985,1985,0
2022-01-05 13:14:00,1985,1985,1985,1985,0
2022-01-05 13:15:00,1985,1985,1985,1985,0
2022-01-05 13:16:00,1985,1985,1985,1985,0
2022-01-05 13:17:00,1985,1985,1985,1985,0
2022-01-05 13:18:00,1985,1985,1985,1985,0
2022-01-05 13:19:00,1985,1985,1985,1985,0
2022-01-05 13:20:00,1985,1985,1985,1985,0
2022-01-05 13:21:00,1985,1985,1985,1985,0
2022-01-05 13:22:00,1985,1985,1985,1985,0
2022-01-05 13:23:00,1985,1985,1985,1985,0
2022-01-05 13:24:00,1985,1985,1985,1985,0
2022-01-05 13:25:00,1985,1985,1985,1985,0
2022-01-05 13:26:00,1985,1985,1985,1985,0
2022-01-05 13:27:00,1985,1985,1985,1985,0
2022-01-05 13:28:00,1985,1985,1985,1985,0
2022-01-05 13:29:00,1985,1985,1985,1985,0
2022-01-05 13:30:00,1985,1985,1985,1985,200
2022-01-05 13:31:00,1985,1985,1985,1985,0
2022-01-05 13:32:00,1985,1985,1985,1985,0
2022-01-05 13:33:00,1985,1985,1985,1985,0
2022-01-05 13:34:00,1985,1985,1985,1985,0
2022-01-05 13:35:00,1985,1985,1985,1985,0
2022-01-05 13:36:00,1985,1985,1985,1985,0
2022-01-05 13:37:00,1985,1985,1985,1985,0
2022-01-05 13:38:00,1985,1985,1985,1985,0
2022-01-05 13:39:00,1985,1985,1985,1985,0
2022-01-05 13:40:00,1985,1985,1985,1985,0
2022-01-05 13:41:00,1985,1985,1985,1985,0
2022-01-05 13:42:00,1985,1985,1985,1985,0
2022-01-05 13:43:00,1985,1985,1985,1985,0
2022-01-05 13:44:00,1985,1985,1985,1985,0
2022-01-05 13:45:00,1985,1985,1985,1985,0
2022-01-05 13:46:00,1985,1985,1985,1985,0
2022-01-05 13:47:00,1985,1985,1985,1985,0
2022-01-05 13:48:00,1985,1985,1985,1985,0
2022-01-05 13:49:00,1985,1985,1985,1985,0
2022-01-05 13:50:00,1985,1985,1985,1985,0
2022-01-05 13:51:00,1985,1985,1985,1985,0
2022-01-05 13:52:00,1985,1985,1985,1985,0
2022-01-05 13:53:00,1985,1985,1985,1985,0
2022-01-05 13:54:00,1985,1985,1985,1985,0
2022-01-05 13:55:00,1985,1985,1985,1985,0
2022-01-05 13:56:00,1985,1985,1985,1985,0
2022-01-05 13:57:00,1985,1985,1985,1985,0
2022-01-05 13:58:00,1985,1985,1985,1985,0
2022-01-05 13:59:00,1985,1985,1985,1985,0
2022-01-05 14:00:00,1985,1985,1985,1985,0
2022-01-05 14:01:00,1985,1985,1985,1985,0
2022-01-05 14:02:00,1985,1985,1985,1985,0
2022-01-05 14:03:00,1985,1985,1985,1985,0
2022-01-05 14:04:00,1985,1985,1985,1985,0
2022-01-05 14:05:00,1985,1985,1985,1985,0
2022-01-05 14:06:00,1985,1985,1985,1985,0
2022-01-05 14:07:00,1985,1985,1985,1985,0
2022-01-05 14:08:00,1985,1985,1985,1985,0
2022-01-05 14:09:00,1985,1985,1985,1985,0
2022-01-05 14:10:00,1985,1985,1985,1985,0
2022-01-05 14:11:00,1985,1985,1985,1985,0
2022-01-05 14:12:00,1985,1985,1985,1985,0
2022-01-05 14:13:00,1985,1985,1985,1985,0
2022-01-05 14:14:00,1985,1985,1985,1985,0
2022-01-05 14:15:00,1985,1985,1985,1985,0
2022-01-05 14:16:00,1985,1985,1985,1985,0
2022-01-05 14:17:00,1985,1985,1985,1985,0
2022-01-05 14:18:00,1985,1985,1985,1985,0
2022-01-05 14:19:00,1985,1985,1985,1985,0
2022-01-05 14:20:00,1985,1985,1985,1985,0
2022-01-05 14:21:00,1985,1985,1985,1985,0
2022-01-05 14:22:00,1985,1985,1985,1985,0
2022-01-05 14:23:00,1985,1985,1985,1985,0
2022-01-05 14:24:00,1985,1985,1985,1985,0
2022-01-05 14:25:00,1985,1985,1985,1985,0
2022-01-05 14:26:00,1985,1985,1985,1985,0
2022-01-05 14:27:00,1985,1985,1985,1985,0
2022-01-05 14:28:00,1985,1985,1985,1985,0
2022-01-05 14:29:00,1985,1985,1985,1985,0
2022-01-05 14:30:00,1985,1985,1985,1985,0
2022-01-05 14:31:00,1985,1985,1985,1985,0
2022-01-05 14:32:00,1985,1985,1985,1985,0
2022-01-05 14:33:00,1985,1985,1985,1985,0
2022-01-05 14:34:00,1985,1985,1985,1985,0
2022-01-05 14:35:00,1985,1985,1985,1985,0
2022-01-05 14:36:00,1985,1985,1985,1985,0
2022-01-05 14:37:00,1985,1985,1985,1985,0
2022-01-05 14:38:00,1985,1985,1985,1985,0
2022-01-05 14:39:00,1985,1985,1985,1985,0
2022-01-05 14:40:00,1985,1985,1985,1985,0
2022-01-05 14:41:00,1985,1985,1985,1985,0
2022-01-05 14:42:00,1985,1985,1985,1985,0
2022-01-05 14:43:00,1985,1985,1985,1985,0
2022-01-05 14:44:00,1985,1985,1985,1985,0
2022-01-05 14:45:00,1985,1985,1985,1985,0
2022-01-05 14:46:00,1985,1985,1985,1985,0
2022-01-05 14:47:00,1985,1985,1985,1985,0
2022-01-05 14:48:00,1985,1985,1985,1985,0
2022-01-05 14:49:00,1985,1985,1985,1985,0
2022-01-05 14:50:00,1985,1985,1985,1985,0
2022-01-05 14:51:00,1985,1985,1985,1985,0
2022-01-05 14:52:00,1985,1985,1985,1985,0
2022-01-05 14:53:00,1985,1985,1985,1985,0
2022-01-05 14:54:00,1985,1985,1985,1985,0
2022-01-05 14:55:00,1985,1985,1985,1985,0
2022-01-05 14:56:00,1985,1985,1985,1985,0
2022-01-05 14:57:00,1985,1985,1985,1985,0
2022-01-05 14:58:00,1985,1985,1985,1985,0
2022-01-05 14:59:00,1985,1985,1985,1985,0
2022-01-05 15:00:00,1985,1985,1985,1985,0
2022-01-05 15:01:00,1985,1985,1985,1985,0
2022-01-05 15:02:00,1985,1985,1985,1985,0
2022-01-05 15:03:00,1985,1985,1985,1985,0
2022-01-05 15:04:00,1985,1985,1985,1985,0
2022-01-05 15:05:00,1985,1985,1985,1985,0
2022-01-05 15:06:00,1985,1985,1985,1985,0
2022-01-05 15:07:00,1985,1985,1985,1985,0
2022-01-05 15:08:00,1985,1985,1985,1985,0
2022-01-05 15:09:00,1985,1985,1985,1985,0
2022-01-05 15:10:00,1985,1985,1985,1985,0
2022-01-05 15:11:00,1985,1985,1985,1985,0
2022-01-05 15:12:00,1985,1985,1985,1985,0
2022-01-05 15:13:00,1985,1985,1985,1985,0
2022-01-05 15:14:00,1985,1985,1985,1985,0
2022-01-05 15:15:00,1985,1985,1985,1985,0
2022-01-05 15:16:00,1985,1985,1985,1985,0
2022-01-05 15:17:00,1985,1985,1985,1985,0
2022-01-05 15:18:00,1985,1985,1985,1985,0
2022-01-05 15:19:00,1985,1985,1985,1985,0
2022-01-05 15:20:00,1985,1985,1985,1985,0
2022-01-05 15:21:00,1985,1985,1985,1985,0
2022-01-05 15:22:00,1985,1985,1985,1985,0
2022-01-05 15:23:00,1985,1985,1985,1985,0
2022-01-05 15:24:00,1985,1985,1985,1985,0
2022-01-05 15:25:00,1985,1985,1985,1985,0
2022-01-05 15:26:00,1985,1985,1985,1985,0
2022-01-05 15:27:00,1985,1985,1985,1985,0
2022-01-05 15:28:00,1985,1985,1985,1985,0
2022-01-05 15:29:00,1985,1985,1985,1985,0
2022-01-05 15:30:00,1985,1985,1985,1985,0
2022-01-05 15:31:00,1985,1985,1985,1985,0
2022-01-05 15:32:00,1985,1985,1985,1985,0
2022-01-05 15:33:00,1985,1985,1985,1985,0
2022-01-05 15:34:00,1985,1985,1985,1985,0
2022-01-05 15:35:00,1985,1985,1985,1985,0
2022-01-05 15:36:00,1985,1985,1985,1985,0
2022-01-05 15:37:00,1985,1985,1985,1985,0
2022-01-05 15:38:00,1985,1985,1985,1985,0
2022-01-05 15:39:00,1985,1985,1985,1985,0
2022-01-05 15:40:00,1985,1985,1985,1985,0
2022-01-05 15:41:00,1985,1985,1985,1985,0
2022-01-05 15:42:00,1985,1985,1985,1985,0
2022-01-05 15:43:00,1985,1985,1985,1985,0
2022-01-05 15:44:00,1985,1985,1985,1985,0
2022-01-05 15:45:00,1985,1985,1985,1985,0
2022-01-05 15:46:00,1985,1985,1985,1985,0
2022-01-05 15:47:00,1985,1985,1985,1985,0
2022-01-05 15:48:00,1985,1985,1985,1985,0
2022-01-05 15:49:00,1985,1985,1985,1985,0
2022-01-05 15:50:00,1985,1985,1985,1985,0
2022-01-05 15:51:00,1985,1985,1985,1985,0
2022-01-05 15:52:00,1985,1985,1985,1985,0
2022-01-05 15:53:00,1985,1985,1985,1985,0
2022-01-05 15:54:00,1985,1985,1985,1985,0
2022-01-05 15:55:00,1985,1985,1985,1985,0
2022-01-05 15:56:00,1985,1985,1985,1985,0
2022-01-05 15:57:00,1985,1985,1985,1985,0
2022-01-05 15:58:00,1985,1985,1985,1985,0
2022-01-05 15:59:00,1985,1985,1985,1985,0
2022-01-06 09:00:00,1985,1985,1985,1985,0
2022-01-06 09:01:00,1985,1985,1985,1985,0
2022-01-06 09:02:00,1985,1985,1985,1985,0
2022-01-06 09:03:00,1980,1980,1980,1980,100
2022-01-06 09:04:00,1980,1980,1980,1980,100
2022-01-06 09:05:00,1980,1980,1980,1980,100
2022-01-06 09:06:00,1980,1980,1980,1980,0
2022-01-06 09:07:00,1980,1980,1980,1980,0
2022-01-06 09:08:00,1980,1980,1980,1980,0
2022-01-06 09:09:00,1980,1980,1980,1980,0
2022-01-06 09:10:00,1980,1980,1980,1980,0
2022-01-06 09:11:00,1980,1980,1980,1980,0
2022-01-06 09:12:00,1980,1980,1980,1980,0
2022-01-06 09:13:00,1980,1980,1980,1980,0
2022-01-06 09:14:00,1980,1980,1980,1980,0
2022-01-06 09:15:00,1980,1980,1980,1980,0
2022-01-06 09:16:00,1980,1980,1980,1980,0
2022-01-06 09:17:00,1980,1980,1980,1980,0
2022-01-06 09:18:00,1980,1980,1980,1980,0
2022-01-06 09:19:00,1980,1980,1980,1980,0
2022-01-06 09:20:00,1980,1980,1980,1980,0
2022-01-06 09:21:00,1980,1980,1980,1980,0
2022-01-06 09:22:00,1980,1980,1980,1980,0
2022-01-06 09:23:00,1980,1980,1980,1980,0
2022-01-06 09:24:00,1980,1980,1980,1980,0
2022-01-06 09:25:00,1980,1980,1980,1980,0
2022-01-06 09:26:00,1980,1980,1980,1980,0
2022-01-06 09:27:00,1980,1980,1980,1980,0
2022-01-06 09:28:00,1980,1980,1980,1980,0
2022-01-06 09:29:00,1980,1980,1980,1980,100
2022-01-06 09:30:00,1980,1980,1980,1980,0
2022-01-06 09:31:00,1980,1980,1980,1980,0
2022-01-06 09:32:00,1980,1980,1980,1980,0
2022-01-06 09:33:00,1980,1980,1980,1980,0
2022-01-06 09:34:00,1980,1980,1980,1980,0
2022-01-06 09:35:00,1980,1980,1980,1980,0
2022-01-06 09:36:00,1980,1980,1980,1980,0
2022-01-06 09:37:00,1980,1980,1980,1980,0
2022-01-06 09:38:00,1980,1980,1980,1980,0
2022-01-06 09:39:00,1980,1980,1980,1980,0
2022-01-06 09:40:00,1980,1980,1980,1980,0
2022-01-06 09:41:00,1980,1980,1980,1980,0
2022-01-06 09:42:00,1980,1980,1980,1980,0
2022-01-06 09:43:00,1980,1980,1980,1980,0
2022-01-06 09:44:00,1980,1980,1980,1980,0
2022-01-06 09:45:00,1980,1980,1980,1980,0
2022-01-06 09:46:00,1980,1980,1980,1980,0
2022-01-06 09:47:00,1980,1980,1980,1980,0
2022-01-06 09:48:00,1980,1980,1980,1980,0
2022-01-06 09:49:00,1980,1980,1980,1980,0
2022-01-06 09:50:00,1980,1980,1980,1980,0
2022-01-06 09:51:00,1980,1980,1980,1980,0
2022-01-06 09:52:00,1980,1980,1980,1980,0
2022-01-06 09:53:00,1980,1980,1980,1980,0
2022-01-06 09:54:00,1980,1980,1980,1980,0
2022-01-06 09:55:00,1980,1980,1980,1980,0
2022-01-06 09:56:00,1980,1980,1980,1980,0
2022-01-06 09:57:00,1980,1980,1980,1980,0
2022-01-06 09:58:00,1980,1980,1980,1980,0
2022-01-06 09:59:00,1980,1980,1980,1980,0
2022-01-06 10:00:00,1980,1980,1980,1980,0
2022-01-06 10:01:00,1980,1980,1980,1980,0
2022-01-06 10:02:00,1980,1980,1980,1980,0
2022-01-06 10:03:00,1980,1980,1980,1980,0
2022-01-06 10:04:00,1980,1980,1980,1980,0
2022-01-06 10:05:00,1980,1980,1980,1980,0
2022-01-06 10:06:00,1980,1980,1980,1980,0
2022-01-06 10:07:00,1980,1980,1980,1980,0
2022-01-06 10:08:00,1980,1980,1980,1980,0
2022-01-06 10:09:00,1980,1980,1980,1980,0
2022-01-06 10:10:00,1980,1980,1980,1980,0
2022-01-06 10:11:00,1980,1980,1980,1980,0
2022-01-06 10:12:00,1980,1980,1980,1980,0
2022-01-06 10:13:00,1980,1980,1980,1980,0
2022-01-06 10:14:00,1980,1980,1980,1980,0
2022-01-06 10:15:00,1980,1980,1980,1980,0
2022-01-06 10:16:00,1980,1980,1980,1980,0
2022-01-06 10:17:00,1980,1980,1980,1980,0
2022-01-06 10:18:00,1980,1980,1980,1980,0
2022-01-06 10:19:00,1980,1980,1980,1980,0
2022-01-06 10:20:00,1980,1980,1980,1980,0
2022-01-06 10:21:00,1980,1980,1980,1980,0
2022-01-06 10:22:00,1980,1980,1980,1980,0
2022-01-06 10:23:00,1980,1980,1980,1980,0
2022-01-06 10:24:00,1980,1980,1980,1980,0
2022-01-06 10:25:00,1980,1980,1980,1980,0
2022-01-06 10:26:00,1980,1980,1980,1980,0
2022-01-06 10:27:00,1980,1980,1980,1980,0
2022-01-06 10:28:00,1980,1980,1980,1980,0
2022-01-06 10:29:00,1980,1980,1980,1980,0
2022-01-06 10:30:00,1980,1980,1980,1980,0
2022-01-06 10:31:00,1980,1980,1980,1980,0
2022-01-06 10:32:00,1980,1980,1980,1980,0
2022-01-06 10:33:00,1980,1980,1980,1980,0
2022-01-06 10:34:00,1980,1980,1980,1980,0
2022-01-06 10:35:00,1980,1980,1980,1980,0
2022-01-06 10:36:00,1980,1980,1980,1980,0
2022-01-06 10:37:00,1980,1980,1980,1980,0
2022-01-06 10:38:00,1980,1980,1980,1980,0
2022-01-06 10:39:00,1980,1980,1980,1980,0
2022-01-06 10:40:00,1980,1980,1980,1980,0
2022-01-06 10:41:00,1980,1980,1980,1980,0
2022-01-06 10:42:00,1980,1980,1980,1980,0
2022-01-06 10:43:00,1980,1980,1980,1980,0
2022-01-06 10:44:00,1980,1980,1980,1980,0
2022-01-06 10:45:00,1980,1980,1980,1980,0
2022-01-06 10:46:00,1980,1980,1980,1980,0
2022-01-06 10:47:00,1980,1980,1980,1980,0
2022-01-06 10:48:00,1980,1980,1980,1980,0
2022-01-06 10:49:00,1980,1980,1980,1980,0
2022-01-06 10:50:00,1980,1980,1980,1980,0
2022-01-06 10:51:00,1980,1980,1980,1980,0
2022-01-06 10:52:00,1980,1980,1980,1980,0
2022-01-06 10:53:00,1980,1980,1980,1980,0
2022-01-06 10:54:00,1980,1980,1980,1980,0
2022-01-06 10:55:00,1980,1980,1980,1980,0
2022-01-06 10:56:00,1980,1980,1980,1980,0
2022-01-06 10:57:00,1980,1980,1980,1980,0
2022-01-06 10:58:00,1980,1980,1980,1980,0
2022-01-06 10:59:00,1980,1980,1980,1980,0
2022-01-06 11:00:00,1980,1980,1980,1980,0
2022-01-06 11:01:00,1980,1980,1980,1980,0
2022-01-06 11:02:00,1980,1980,1980,1980,0
2022-01-06 11:03:00,1980,1980,1980,1980,0
2022-01-06 11:04:00,1980,1980,1980,1980,0
2022-01-06 11:05:00,1980,1980,1980,1980,0
2022-01-06 11:06:00,1980,1980,1980,1980,0
2022-01-06 11:07:00,1980,1980,1980,1980,0
2022-01-06 11:08:00,1980,1980,1980,1980,0
2022-01-06 11:09:00,1980,1980,1980,1980,0
2022-01-06 11:10:00,1980,1980,1980,1980,0
2022-01-06 11:11:00,1980,1980,1980,1980,0
2022-01-06 11:12:00,1980,1980,1980,1980,0
2022-01-06 11:13:00,1980,1980,1980,1980,0
2022-01-06 11:14:00,1980,1980,1980,1980,0
2022-01-06 11:15:00,1980,1980,1980,1980,0
2022-01-06 11:16:00,1980,1980,1980,1980,0
2022-01-06 11:17:00,1980,1980,1980,1980,0
2022-01-06 11:18:00,1980,1980,1980,1980,0
2022-01-06 11:19:00,1980,1980,1980,1980,0
2022-01-06 11:20:00,1980,1980,1980,1980,0
2022-01-06 11:21:00,1980,1980,1980,1980,0
2022-01-06 11:22:00,1980,1980,1980,1980,0
2022-01-06 11:23:00,1980,1980,1980,1980,0
2022-01-06 11:24:00,1980,1980,1980,1980,0
2022-01-06 11:25:00,1980,1980,1980,1980,0
2022-01-06 11:26:00,1980,1980,1980,1980,0
2022-01-06 11:27:00,1980,1980,1980,1980,0
2022-01-06 11:28:00,1980,1980,1980,1980,0
2022-01-06 11:29:00,1980,1980,1980,1980,0
2022-01-06 11:30:00,1980,1980,1980,1980,0
2022-01-06 11:31:00,1980,1980,1980,1980,0
2022-01-06 11:32:00,1980,1980,1980,1980,0
2022-01-06 11:33:00,1980,1980,1980,1980,0
2022-01-06 11:34:00,1980,1980,1980,1980,0
2022-01-06 11:35:00,1980,1980,1980,1980,0
2022-01-06 11:36:00,1980,1980,1980,1980,0
2022-01-06 11:37:00,1980,1980,1980,1980,0
2022-01-06 11:38:00,1980,1980,1980,1980,0
2022-01-06 11:39:00,1980,1980,1980,1980,0
2022-01-06 11:40:00,1980,1980,1980,1980,0
2022-01-06 11:41:00,1980,1980,1980,1980,0
2022-01-06 11:42:00,1980,1980,1980,1980,0
2022-01-06 11:43:00,1980,1980,1980,1980,0
2022-01-06 11:44:00,1980,1980,1980,1980,0
2022-01-06 11:45:00,1980,1980,1980,1980,0
2022-01-06 11:46:00,1980,1980,1980,1980,0
2022-01-06 11:47:00,1980,1980,1980,1980,0
2022-01-06 11:48:00,1980,1980,1980,1980,0
2022-01-06 11:49:00,1980,1980,1980,1980,0
2022-01-06 11:50:00,1980,1980,1980,1980,0
2022-01-06 11:51:00,1980,1980,1980,1980,0
2022-01-06 11:52:00,1980,1980,1980,1980,0
2022-01-06 11:53:00,1980,1980,1980,1980,0
2022-01-06 11:54:00,1980,1980,1980,1980,0
2022-01-06 11:55:00,1980,1980,1980,1980,0
2022-01-06 11:56:00,1980,1980,1980,1980,0
2022-01-06 11:57:00,1980,1980,1980,1980,0
2022-01-06 11:58:00,1980,1980,1980,1980,0
2022-01-06 11:59:00,1980,1980,1980,1980,0
2022-01-06 12:00:00,1980,1980,1980,1980,0
2022-01-06 12:01:00,1980,1980,1980,1980,0
2022-01-06 12:02:00,1980,1980,1980,1980,0
2022-01-06 12:03:00,1980,1980,1980,1980,0
2022-01-06 12:04:00,1980,1980,1980,1980,0
2022-01-06 12:05:00,1980,1980,1980,1980,0
2022-01-06 12:06:00,1980,1980,1980,1980,0
2022-01-06 12:07:00,1980,1980,1980,1980,0
2022-01-06 12:08:00,1980,1980,1980,1980,0
2022-01-06 12:09:00,1980,1980,1980,1980,0
2022-01-06 12:10:00,1980,1980,1980,1980,0
2022-01-06 12:11:00,1980,1980,1980,1980,0
2022-01-06 12:12:00,1980,1980,1980,1980,0
2022-01-06 12:13:00,1980,1980,1980,1980,0
2022-01-06 12:14:00,1980,1980,1980,1980,0
2022-01-06 12:15:00,1980,1980,1980,1980,0
2022-01-06 12:16:00,1980,1980,1980,1980,0
2022-01-06 12:17:00,1980,1980,1980,1980,0
2022-01-06 12:18:00,1980,1980,1980,1980,0
2022-01-06 12:19:00,1980,1980,1980,1980,0
2022-01-06 12:20:00,1980,1980,1980,1980,0
2022-01-06 12:21:00,1980,1980,1980,1980,0
2022-01-06 12:22:00,1980,1980,1980,1980,0
2022-01-06 12:23:00,1980,1980,1980,1980,0
2022-01-06 12:24:00,1980,1980,1980,1980,0
2022-01-06 12:25:00,1980,1980,1980,1980,0
2022-01-06 12:26:00,1980,1980,1980,1980,0
2022-01-06 12:27:00,1980,1980,1980,1980,0
2022-01-06 12:28:00,1980,1980,1980,1980,0
2022-01-06 12:29:00,1980,1980,1980,1980,0
2022-01-06 12:30:00,1980,1980,1980,1980,0
2022-01-06 12:31:00,1980,1980,1980,1980,0
2022-01-06 12:32:00,1980,1980,1980,1980,0
2022-01-06 12:33:00,1980,1980,1980,1980,0
2022-01-06 12:34:00,1980,1980,1980,1980,0
2022-01-06 12:35:00,1980,1980,1980,1980,0
2022-01-06 12:36:00,1980,1980,1980,1980,0
2022-01-06 12:37:00,1980,1980,1980,1980,0
2022-01-06 12:38:00,1980,1980,1980,1980,0
2022-01-06 12:39:00,1980,1980,1980,1980,0
2022-01-06 12:40:00,1980,1980,1980,1980,0
2022-01-06 12:41:00,1980,1980,1980,1980,0
2022-01-06 12:42:00,1980,1980,1980,1980,0
2022-01-06 12:43:00,1980,1980,1980,1980,0
2022-01-06 12:44:00,1980,1980,1980,1980,0
2022-01-06 12:45:00,1980,1980,1980,1980,0
2022-01-06 12:46:00,1980,1980,1980,1980,0
2022-01-06 12:47:00,1980,1980,1980,1980,0
2022-01-06 12:48:00,1980,1980,1980,1980,0
2022-01-06 12:49:00,1980,1980,1980,1980,0
2022-01-06 12:50:00,1980,1980,1980,1980,0
2022-01-06 12:51:00,1980,1980,1980,1980,0
2022-01-06 12:52:00,1980,1980,1980,1980,0
2022-01-06 12:53:00,1980,1980,1980,1980,0
2022-01-06 12:54:00,1980,1980,1980,1980,0
2022-01-06 12:55:00,1980,1980,1980,1980,0
2022-01-06 12:56:00,1980,1980,1980,1980,0
2022-01-06 12:57:00,1980,1980,1980,1980,0
2022-01-06 12:58:00,1980,1980,1980,1980,0
2022-01-06 12:59:00,1980,1980,1980,1980,0
2022-01-06 13:00:00,1980,1980,1980,1980,0
2022-01-06 13:01:00,1980,1980,1980,1980,0
2022-01-06 13:02:00,1980,1980,1980,1980,0
2022-01-06 13:03:00,1980,1980,1980,1980,0
2022-01-06 13:04:00,1980,1980,1980,1980,0
2022-01-06 13:05:00,1980,1980,1980,1980,0
2022-01-06 13:06:00,1980,1980,1980,1980,0
2022-01-06 13:07:00,1980,1980,1980,1980,0
2022-01-06 13:08:00,1980,1980,1980,1980,0
2022-01-06 13:09:00,1980,1980,1980,1980,0
2022-01-06 13:10:00,1980,1980,1980,1980,0
2022-01-06 13:11:00,1980,1980,1980,1980,0
2022-01-06 13:12:00,1980,1980,1980,1980,0
2022-01-06 13:13:00,1980,1980,1980,1980,0
2022-01-06 13:14:00,1980,1980,1980,1980,0
2022-01-06 13:15:00,1980,1980,1980,1980,0
2022-01-06 13:16:00,1980,1980,1980,1980,0
2022-01-06 13:17:00,1980,1980,1980,1980,0
2022-01-06 13:18:00,1980,1980,1980,1980,0
2022-01-06 13:19:00,1980,1980,1980,1980,0
2022-01-06 13:20:00,1980,1980,1980,1980,0
2022-01-06 13:21:00,1980,1980,1980,1980,0
2022-01-06 13:22:00,1980,1980,1980,1980,0
2022-01-06 13:23:00,1980,1980,1980,1980,0
2022-01-06 13:24:00,1980,1980,1980,1980,0
2022-01-06 13:25:00,1980,1980,1980,1980,0
2022-01-06 13:26:00,1980,1980,1980,1980,0
2022-01-06 13:27:00,1980,1980,1980,1980,0
2022-01-06 13:28:00,1980,1980,1980,1980,0
2022-01-06 13:29:00,1980,1980,1980,1980,0
2022-01-06 13:30:00,1930,1930,1930,1930,100
2022-01-06 13:31:00,1930,1930,1930,1930,0
2022-01-06 13:32:00,1930,1930,1930,1930,0
2022-01-06 13:33:00,1930,1930,1930,1930,0
2022-01-06 13:34:00,1930,1930,1930,1930,0
2022-01-06 13:35:00,1930,1930,1930,1930,0
2022-01-06 13:36:00,1930,1930,1930,1930,0
2022-01-06 13:37:00,1930,1930,1930,1930,0
2022-01-06 13:38:00,1930,1930,1930,1930,0
2022-01-06 13:39:00,1930,1930,1930,1930,0
2022-01-06 13:40:00,1930,1930,1930,1930,0
2022-01-06 13:41:00,1930,1930,1930,1930,0
2022-01-06 13:42:00,1930,1930,1930,1930,0
2022-01-06 13:43:00,1930,1930,1930,1930,0
2022-01-06 13:44:00,1930,1930,1930,1930,0
2022-01-06 13:45:00,1930,1930,1930,1930,0
2022-01-06 13:46:00,1930,1930,1930,1930,0
2022-01-06 13:47:00,1930,1930,1930,1930,0
2022-01-06 13:48:00,1930,1930,1930,1930,0
2022-01-06 13:49:00,1930,1930,1930,1930,0
2022-01-06 13:50:00,1930,1930,1930,1930,0
2022-01-06 13:51:00,1930,1930,1930,1930,0
2022-01-06 13:52:00,1930,1930,1930,1930,0
2022-01-06 13:53:00,1930,1930,1930,1930,0
2022-01-06 13:54:00,1930,1930,1930,1930,0
2022-01-06 13:55:00,1930,1930,1930,1930,0
2022-01-06 13:56:00,1930,1930,1930,1930,0
2022-01-06 13:57:00,1930,1930,1930,1930,0
2022-01-06 13:58:00,1930,1930,1930,1930,0
2022-01-06 13:59:00,1930,1930,1930,1930,0
2022-01-06 14:00:00,1930,1930,1930,1930,0
2022-01-06 14:01:00,1930,1930,1930,1930,0
2022-01-06 14:02:00,1930,1930,1930,1930,0
2022-01-06 14:03:00,1930,1930,1930,1930,0
2022-01-06 14:04:00,1930,1930,1930,1930,0
2022-01-06 14:05:00,1930,1930,1930,1930,0
2022-01-06 14:06:00,1930,1930,1930,1930,0
2022-01-06 14:07:00,1930,1930,1930,1930,0
2022-01-06 14:08:00,1930,1930,1930,1930,0
2022-01-06 14:09:00,1930,1930,1930,1930,0
2022-01-06 14:10:00,1930,1930,1930,1930,0
2022-01-06 14:11:00,1930,1930,1930,1930,0
2022-01-06 14:12:00,1930,1930,1930,1930,0
2022-01-06 14:13:00,1930,1930,1930,1930,0
2022-01-06 14:14:00,1930,1930,1930,1930,0
2022-01-06 14:15:00,1930,1930,1930,1930,0
2022-01-06 14:16:00,1930,1930,1930,1930,0
2022-01-06 14:17:00,1930,1930,1930,1930,0
2022-01-06 14:18:00,1930,1930,1930,1930,0
2022-01-06 14:19:00,1930,1930,1930,1930,0
2022-01-06 14:20:00,1930,1930,1930,1930,0
2022-01-06 14:21:00,1930,1930,1930,1930,0
2022-01-06 14:22:00,1930,1930,1930,1930,0
2022-01-06 14:23:00,1930,1930,1930,1930,0
2022-01-06 14:24:00,1930,1930,1930,1930,0
2022-01-06 14:25:00,1930,1930,1930,1930,0
2022-01-06 14:26:00,1930,1930,1930,1930,0
2022-01-06 14:27:00,1930,1930,1930,1930,0
2022-01-06 14:28:00,1930,1930,1930,1930,0
2022-01-06 14:29:00,1930,1930,1930,1930,0
2022-01-06 14:30:00,1930,1930,1930,1930,0
2022-01-06 14:31:00,1930,1930,1930,1930,0
2022-01-06 14:32:00,1930,1930,1930,1930,0
2022-01-06 14:33:00,1930,1930,1930,1930,0
2022-01-06 14:34:00,1930,1930,1930,1930,0
2022-01-06 14:35:00,1930,1930,1930,1930,0
2022-01-06 14:36:00,1930,1930,1930,1930,0
2022-01-06 14:37:00,1930,1930,1930,1930,0
2022-01-06 14:38:00,1930,1930,1930,1930,0
2022-01-06 14:39:00,1930,1930,1930,1930,0
2022-01-06 14:40:00,1930,1930,1930,1930,0
2022-01-06 14:41:00,1930,1930,1930,1930,0
2022-01-06 14:42:00,1930,1930,1930,1930,0
2022-01-06 14:43:00,1930,1930,1930,1930,0
2022-01-06 14:44:00,1930,1930,1930,1930,0
2022-01-06 14:45:00,1930,1930,1930,1930,0
2022-01-06 14:46:00,1930,1930,1930,1930,0
2022-01-06 14:47:00,1930,1930,1930,1930,0
2022-01-06 14:48:00,1930,1930,1930,1930,0
2022-01-06 14:49:00,1930,1930,1930,1930,0
2022-01-06 14:50:00,1930,1930,1930,1930,0
2022-01-06 14:51:00,1930,1930,1930,1930,0
2022-01-06 14:52:00,1930,1930,1930,1930,0
2022-01-06 14:53:00,1930,1930,1930,1930,0
2022-01-06 14:54:00,1930,1930,1930,1930,0
2022-01-06 14:55:00,1930,1930,1930,1930,0
2022-01-06 14:56:00,1930,1930,1930,1930,0
2022-01-06 14:57:00,1930,1930,1930,1930,0
2022-01-06 14:58:00,1930,1930,1930,1930,0
2022-01-06 14:59:00,1930,1930,1930,1930,0
2022-01-06 15:00:00,1930,1930,1930,1930,0
2022-01-06 15:01:00,1930,1930,1930,1930,0
2022-01-06 15:02:00,1930,1930,1930,1930,0
2022-01-06 15:03:00,1930,1930,1930,1930,0
2022-01-06 15:04:00,1930,1930,1930,1930,0
2022-01-06 15:05:00,1930,1930,1930,1930,0
2022-01-06 15:06:00,1930,1930,1930,1930,0
2022-01-06 15:07:00,1930,1930,1930,1930,0
2022-01-06 15:08:00,1930,1930,1930,1930,0
2022-01-06 15:09:00,1930,1930,1930,1930,0
2022-01-06 15:10:00,1930,1930,1930,1930,0
2022-01-06 15:11:00,1930,1930,1930,1930,0
2022-01-06 15:12:00,1930,1930,1930,1930,0
2022-01-06 15:13:00,1930,1930,1930,1930,0
2022-01-06 15:14:00,1930,1930,1930,1930,0
2022-01-06 15:15:00,1930,1930,1930,1930,0
2022-01-06 15:16:00,1930,1930,1930,1930,0
2022-01-06 15:17:00,1930,1930,1930,1930,0
2022-01-06 15:18:00,1930,1930,1930,1930,0
2022-01-06 15:19:00,1930,1930,1930,1930,0
2022-01-06 15:20:00,1930,1930,1930,1930,0
2022-01-06 15:21:00,1930,1930,1930,1930,0
2022-01-06 15:22:00,1930,1930,1930,1930,0
2022-01-06 15:23:00,1930,1930,1930,1930,0
2022-01-06 15:24:00,1930,1930,1930,1930,0
2022-01-06 15:25:00,1930,1930,1930,1930,0
2022-01-06 15:26:00,1930,1930,1930,1930,0
2022-01-06 15:27:00,1930,1930,1930,1930,0
2022-01-06 15:28:00,1930,1930,1930,1930,0
2022-01-06 15:29:00,1930,1930,1930,1930,0
2022-01-06 15:30:00,1930,1930,1930,1930,0
2022-01-06 15:31:00,1930,1930,1930,1930,0
2022-01-06 15:32:00,1930,1930,1930,1930,0
2022-01-06 15:33:00,1930,1930,1930,1930,0
2022-01-06 15:34:00,1930,1930,1930,1930,0
2022-01-06 15:35:00,1930,1930,1930,1930,0
2022-01-06 15:36:00,1930,1930,1930,1930,0
2022-01-06 15:37:00,1930,1930,1930,1930,0
2022-01-06 15:38:00,1930,1930,1930,1930,0
2022-01-06 15:39:00,1930,1930,1930,1930,0
2022-01-06 15:40:00,1930,1930,1930,1930,0
2022-01-06 15:41:00,1930,1930,1930,1930,0
2022-01-06 15:42:00,1930,1930,1930,1930,0
2022-01-06 15:43:00,1930,1930,1930,1930,0
2022-01-06 15:44:00,1930,1930,1930,1930,0
2022-01-06 15:45:00,1930,1930,1930,1930,0
2022-01-06 15:46:00,1930,1930,1930,1930,0
2022-01-06 15:47:00,1930,1930,1930,1930,0
2022-01-06 15:48:00,1930,1930,1930,1930,0
2022-01-06 15:49:00,1930,1930,1930,1930,0
2022-01-06 15:50:00,1930,1930,1930,1930,0
2022-01-06 15:51:00,1930,1930,1930,1930,0
2022-01-06 15:52:00,1930,1930,1930,1930,0
2022-01-06 15:53:00,1930,1930,1930,1930,0
2022-01-06 15:54:00,1930,1930,1930,1930,0
2022-01-06 15:55:00,1930,1930,1930,1930,0
2022-01-06 15:56:00,1930,1930,1930,1930,0
2022-01-06 15:57:00,1930,1930,1930,1930,0
2022-01-06 15:58:00,1930,1930,1930,1930,0
2022-01-06 15:59:00,1930,1930,1930,1930,0
2022-01-07 09:00:00,1930,1930,1930,1930,0
2022-01-07 09:01:00,1915,1915,1915,1915,100
2022-01-07 09:02:00,1915,1915,1915,1915,0
2022-01-07 09:03:00,1910,1910,1910,1910,100
2022-01-07 09:04:00,1910,1910,1910,1910,0
2022-01-07 09:05:00,1910,1910,1910,1910,0
2022-01-07 09:06:00,1910,1910,1910,1910,0
2022-01-07 09:07:00,1910,1910,1910,1910,0
2022-01-07 09:08:00,1910,1910,1910,1910,0
2022-01-07 09:09:00,1910,1910,1910,1910,100
2022-01-07 09:10:00,1910,1910,1910,1910,0
2022-01-07 09:11:00,1910,1910,1910,1910,100
2022-01-07 09:12:00,1910,1910,1910,1910,0
2022-01-07 09:13:00,1910,1910,1910,1910,0
2022-01-07 09:14:00,1910,1910,1910,1910,0
2022-01-07 09:15:00,1910,1910,1910,1910,0
2022-01-07 09:16:00,1910,1910,1910,1910,0
2022-01-07 09:17:00,1910,1910,1910,1910,0
2022-01-07 09:18:00,1910,1910,1910,1910,0
2022-01-07 09:19:00,1910,1910,1910,1910,0
2022-01-07 09:20:00,1910,1910,1910,1910,0
2022-01-07 09:21:00,1910,1910,1910,1910,0
2022-01-07 09:22:00,1910,1910,1910,1910,0
2022-01-07 09:23:00,1910,1910,1910,1910,0
2022-01-07 09:24:00,1910,1910,1910,1910,0
2022-01-07 09:25:00,1910,1910,1910,1910,0
2022-01-07 09:26:00,1905,1905,1905,1905,100
2022-01-07 09:27:00,1905,1905,1905,1905,0
2022-01-07 09:28:00,1905,1905,1905,1905,0
2022-01-07 09:29:00,1905,1905,1905,1905,0
2022-01-07 09:30:00,1905,1905,1905,1905,0
2022-01-07 09:31:00,1905,1905,1905,1905,0
2022-01-07 09:32:00,1905,1905,1905,1905,0
2022-01-07 09:33:00,1905,1905,1905,1905,0
2022-01-07 09:34:00,1905,1905,1905,1905,0
2022-01-07 09:35:00,1905,1905,1905,1905,0
2022-01-07 09:36:00,1905,1905,1905,1905,0
2022-01-07 09:37:00,1905,1905,1905,1905,0
2022-01-07 09:38:00,1905,1905,1905,1905,0
2022-01-07 09:39:00,1905,1905,1905,1905,0
2022-01-07 09:40:00,1905,1905,1905,1905,0
2022-01-07 09:41:00,1905,1905,1905,1905,0
2022-01-07 09:42:00,1905,1905,1905,1905,0
2022-01-07 09:43:00,1905,1905,1905,1905,0
2022-01-07 09:44:00,1905,1905,1905,1905,0
2022-01-07 09:45:00,1905,1905,1905,1905,0
2022-01-07 09:46:00,1905,1905,1905,1905,0
2022-01-07 09:47:00,1905,1905,1905,1905,0
2022-01-07 09:48:00,1905,1905,1905,1905,0
2022-01-07 09:49:00,1905,1905,1905,1905,0
2022-01-07 09:50:00,1905,1905,1905,1905,0
2022-01-07 09:51:00,1905,1905,1905,1905,0
2022-01-07 09:52:00,1905,1905,1905,1905,0
2022-01-07 09:53:00,1905,1905,1905,1905,0
2022-01-07 09:54:00,1905,1905,1905,1905,0
2022-01-07 09:55:00,1905,1905,1905,1905,0
2022-01-07 09:56:00,1905,1905,1905,1905,0
2022-01-07 09:57:00,1905,1905,1905,1905,0
2022-01-07 09:58:00,1905,1905,1905,1905,0
2022-01-07 09:59:00,1900,1900,1900,1900,100
2022-01-07 10:00:00,1900,1900,1900,1900,0
2022-01-07 10:01:00,1900,1900,1900,1900,0
2022-01-07 10:02:00,1900,1900,1900,1900,0
2022-01-07 10:03:00,1900,1900,1900,1900,0
2022-01-07 10:04:00,1900,1900,1900,1900,0
2022-01-07 10:05:00,1900,1900,1900,1900,0
2022-01-07 10:06:00,1900,1900,1900,1900,0
2022-01-07 10:07:00,1900,1900,1900,1900,0
2022-01-07 10:08:00,1900,1900,1900,1900,0
2022-01-07 10:09:00,1900,1900,1900,1900,0
2022-01-07 10:10:00,1900,1900,1900,1900,0
2022-01-07 10:11:00,1900,1900,1900,1900,0
2022-01-07 10:12:00,1900,1900,1900,1900,0
2022-01-07 10:13:00,1900,1900,1900,1900,0
2022-01-07 10:14:00,1900,1900,1900,1900,0
2022-01-07 10:15:00,1900,1900,1900,1900,0
2022-01-07 10:16:00,1900,1900,1900,1900,0
2022-01-07 10:17:00,1900,1900,1900,1900,0
2022-01-07 10:18:00,1900,1900,1900,1900,0
2022-01-07 10:19:00,1900,1900,1900,1900,0
2022-01-07 10:20:00,1900,1900,1900,1900,0
2022-01-07 10:21:00,1900,1900,1900,1900,0
2022-01-07 10:22:00,1900,1900,1900,1900,0
2022-01-07 10:23:00,1900,1900,1900,1900,0
2022-01-07 10:24:00,1900,1900,1900,1900,0
2022-01-07 10:25:00,1900,1900,1900,1900,0
2022-01-07 10:26:00,1900,1900,1900,1900,0
2022-01-07 10:27:00,1900,1900,1900,1900,0
2022-01-07 10:28:00,1900,1900,1900,1900,0
2022-01-07 10:29:00,1900,1900,1900,1900,0
2022-01-07 10:30:00,1900,1900,1900,1900,0
2022-01-07 10:31:00,1900,1900,1900,1900,0
2022-01-07 10:32:00,1900,1900,1900,1900,0
2022-01-07 10:33:00,1900,1900,1900,1900,0
2022-01-07 10:34:00,1900,1900,1900,1900,0
2022-01-07 10:35:00,1900,1900,1900,1900,0
2022-01-07 10:36:00,1900,1900,1900,1900,0
2022-01-07 10:37:00,1900,1900,1900,1900,0
2022-01-07 10:38:00,1900,1900,1900,1900,0
2022-01-07 10:39:00,1900,1900,1900,1900,0
2022-01-07 10:40:00,1900,1900,1900,1900,0
2022-01-07 10:41:00,1900,1900,1900,1900,0
2022-01-07 10:42:00,1900,1900,1900,1900,0
2022-01-07 10:43:00,1900,1900,1900,1900,0
2022-01-07 10:44:00,1900,1900,1900,1900,0
2022-01-07 10:45:00,1900,1900,1900,1900,0
2022-01-07 10:46:00,1900,1900,1900,1900,0
2022-01-07 10:47:00,1900,1900,1900,1900,0
2022-01-07 10:48:00,1900,1900,1900,1900,0
2022-01-07 10:49:00,1900,1900,1900,1900,0
2022-01-07 10:50:00,1900,1900,1900,1900,0
2022-01-07 10:51:00,1900,1900,1900,1900,0
2022-01-07 10:52:00,1900,1900,1900,1900,0
2022-01-07 10:53:00,1900,1900,1900,1900,0
2022-01-07 10:54:00,1900,1900,1900,1900,0
2022-01-07 10:55:00,1900,1900,1900,1900,0
2022-01-07 10:56:00,1900,1900,1900,1900,0
2022-01-07 10:57:00,1900,1900,1900,1900,0
2022-01-07 10:58:00,1900,1900,1900,1900,0
2022-01-07 10:59:00,1900,1900,1900,1900,0
2022-01-07 11:00:00,1900,1900,1900,1900,0
2022-01-07 11:01:00,1900,1900,1900,1900,0
2022-01-07 11:02:00,1900,1900,1900,1900,0
2022-01-07 11:03:00,1900,1900,1900,1900,0
2022-01-07 11:04:00,1900,1900,1900,1900,0
2022-01-07 11:05:00,1900,1900,1900,1900,0
2022-01-07 11:06:00,1900,1900,1900,1900,0
2022-01-07 11:07:00,1900,1900,1900,1900,0
2022-01-07 11:08:00,1900,1900,1900,1900,0
2022-01-07 11:09:00,1900,1900,1900,1900,0
2022-01-07 11:10:00,1900,1900,1900,1900,0
2022-01-07 11:11:00,1900,1900,1900,1900,0
2022-01-07 11:12:00,1900,1900,1900,1900,0
2022-01-07 11:13:00,1900,1900,1900,1900,0
2022-01-07 11:14:00,1900,1900,1900,1900,0
2022-01-07 11:15:00,1900,1900,1900,1900,0
2022-01-07 11:16:00,1900,1900,1900,1900,0
2022-01-07 11:17:00,1900,1900,1900,1900,0
2022-01-07 11:18:00,1900,1900,1900,1900,0
2022-01-07 11:19:00,1900,1900,1900,1900,0
2022-01-07 11:20:00,1900,1900,1900,1900,0
2022-01-07 11:21:00,1900,1900,1900,1900,0
2022-01-07 11:22:00,1900,1900,1900,1900,0
2022-01-07 11:23:00,1900,1900,1900,1900,0
2022-01-07 11:24:00,1900,1900,1900,1900,0
2022-01-07 11:25:00,1900,1900,1900,1900,0
2022-01-07 11:26:00,1900,1900,1900,1900,0
2022-01-07 11:27:00,1900,1900,1900,1900,0
2022-01-07 11:28:00,1900,1900,1900,1900,0
2022-01-07 11:29:00,1900,1900,1900,1900,0
2022-01-07 11:30:00,1900,1900,1900,1900,0
2022-01-07 11:31:00,1900,1900,1900,1900,0
2022-01-07 11:32:00,1900,1900,1900,1900,0
2022-01-07 11:33:00,1900,1900,1900,1900,0
2022-01-07 11:34:00,1900,1900,1900,1900,0
2022-01-07 11:35:00,1900,1900,1900,1900,0
2022-01-07 11:36:00,1900,1900,1900,1900,0
2022-01-07 11:37:00,1900,1900,1900,1900,0
2022-01-07 11:38:00,1900,1900,1900,1900,0
2022-01-07 11:39:00,1900,1900,1900,1900,0
2022-01-07 11:40:00,1900,1900,1900,1900,0
2022-01-07 11:41:00,1900,1900,1900,1900,0
2022-01-07 11:42:00,1900,1900,1900,1900,0
2022-01-07 11:43:00,1900,1900,1900,1900,0
2022-01-07 11:44:00,1900,1900,1900,1900,0
2022-01-07 11:45:00,1900,1900,1900,1900,0
2022-01-07 11:46:00,1900,1900,1900,1900,0
2022-01-07 11:47:00,1900,1900,1900,1900,0
2022-01-07 11:48:00,1900,1900,1900,1900,0
2022-01-07 11:49:00,1900,1900,1900,1900,0
2022-01-07 11:50:00,1900,1900,1900,1900,0
2022-01-07 11:51:00,1900,1900,1900,1900,0
2022-01-07 11:52:00,1900,1900,1900,1900,0
2022-01-07 11:53:00,1900,1900,1900,1900,0
2022-01-07 11:54:00,1900,1900,1900,1900,0
2022-01-07 11:55:00,1900,1900,1900,1900,0
2022-01-07 11:56:00,1900,1900,1900,1900,0
2022-01-07 11:57:00,1900,1900,1900,1900,0
2022-01-07 11:58:00,1900,1900,1900,1900,0
2022-01-07 11:59:00,1900,1900,1900,1900,0
2022-01-07 12:00:00,1900,1900,1900,1900,0
2022-01-07 12:01:00,1900,1900,1900,1900,0
2022-01-07 12:02:00,1900,1900,1900,1900,0
2022-01-07 12:03:00,1900,1900,1900,1900,0
2022-01-07 12:04:00,1900,1900,1900,1900,0
2022-01-07 12:05:00,1900,1900,1900,1900,0
2022-01-07 12:06:00,1900,1900,1900,1900,0
2022-01-07 12:07:00,1900,1900,1900,1900,0
2022-01-07 12:08:00,1900,1900,1900,1900,0
2022-01-07 12:09:00,1900,1900,1900,1900,0
2022-01-07 12:10:00,1900,1900,1900,1900,0
2022-01-07 12:11:00,1900,1900,1900,1900,0
2022-01-07 12:12:00,1900,1900,1900,1900,0
2022-01-07 12:13:00,1900,1900,1900,1900,0
2022-01-07 12:14:00,1900,1900,1900,1900,0
2022-01-07 12:15:00,1900,1900,1900,1900,0
2022-01-07 12:16:00,1900,1900,1900,1900,0
2022-01-07 12:17:00,1900,1900,1900,1900,0
2022-01-07 12:18:00,1900,1900,1900,1900,0
2022-01-07 12:19:00,1900,1900,1900,1900,0
2022-01-07 12:20:00,1900,1900,1900,1900,0
2022-01-07 12:21:00,1900,1900,1900,1900,0
2022-01-07 12:22:00,1900,1900,1900,1900,0
2022-01-07 12:23:00,1900,1900,1900,1900,0
2022-01-07 12:24:00,1900,1900,1900,1900,0
2022-01-07 12:25:00,1900,1900,1900,1900,0
2022-01-07 12:26:00,1900,1900,1900,1900,0
2022-01-07 12:27:00,1900,1900,1900,1900,0
2022-01-07 12:28:00,1900,1900,1900,1900,0
2022-01-07 12:29:00,1900,1900,1900,1900,0
2022-01-07 12:30:00,1900,1900,1900,1900,0
2022-01-07 12:31:00,1900,1900,1900,1900,0
2022-01-07 12:32:00,1900,1900,1900,1900,0
2022-01-07 12:33:00,1900,1900,1900,1900,0
2022-01-07 12:34:00,1900,1900,1900,1900,0
2022-01-07 12:35:00,1900,1900,1900,1900,0
2022-01-07 12:36:00,1900,1900,1900,1900,0
2022-01-07 12:37:00,1900,1900,1900,1900,0
2022-01-07 12:38:00,1900,1900,1900,1900,0
2022-01-07 12:39:00,1900,1900,1900,1900,0
2022-01-07 12:40:00,1900,1900,1900,1900,0
2022-01-07 12:41:00,1900,1900,1900,1900,0
2022-01-07 12:42:00,1900,1900,1900,1900,0
2022-01-07 12:43:00,1900,1900,1900,1900,0
2022-01-07 12:44:00,1900,1900,1900,1900,0
2022-01-07 12:45:00,1900,1900,1900,1900,0
2022-01-07 12:46:00,1900,1900,1900,1900,0
2022-01-07 12:47:00,1900,1900,1900,1900,0
2022-01-07 12:48:00,1900,1900,1900,1900,0
2022-01-07 12:49:00,1900,1900,1900,1900,0
2022-01-07 12:50:00,1900,1900,1900,1900,0
2022-01-07 12:51:00,1900,1900,1900,1900,0
2022-01-07 12:52:00,1900,1900,1900,1900,0
2022-01-07 12:53:00,1900,1900,1900,1900,0
2022-01-07 12:54:00,1900,1900,1900,1900,0
2022-01-07 12:55:00,1900,1900,1900,1900,0
2022-01-07 12:56:00,1900,1900,1900,1900,0
2022-01-07 12:57:00,1900,1900,1900,1900,0
2022-01-07 12:58:00,1900,1900,1900,1900,0
2022-01-07 12:59:00,1900,1900,1900,1900,0
2022-01-07 13:00:00,1900,1900,1900,1900,0
2022-01-07 13:01:00,1900,1900,1900,1900,0
2022-01-07 13:02:00,1900,1900,1900,1900,0
2022-01-07 13:03:00,1900,1900,1900,1900,0
2022-01-07 13:04:00,1900,1900,1900,1900,0
2022-01-07 13:05:00,1900,1900,1900,1900,0
2022-01-07 13:06:00,1900,1900,1900,1900,0
2022-01-07 13:07:00,1900,1900,1900,1900,0
2022-01-07 13:08:00,1900,1900,1900,1900,0
2022-01-07 13:09:00,1900,1900,1900,1900,0
2022-01-07 13:10:00,1900,1900,1900,1900,0
2022-01-07 13:11:00,1900,1900,1900,1900,0
2022-01-07 13:12:00,1900,1900,1900,1900,0
2022-01-07 13:13:00,1900,1900,1900,1900,0
2022-01-07 13:14:00,1900,1900,1900,1900,0
2022-01-07 13:15:00,1900,1900,1900,1900,0
2022-01-07 13:16:00,1900,1900,1900,1900,0
2022-01-07 13:17:00,1900,1900,1900,1900,0
2022-01-07 13:18:00,1900,1900,1900,1900,0
2022-01-07 13:19:00,1900,1900,1900,1900,0
2022-01-07 13:20:00,1900,1900,1900,1900,0
2022-01-07 13:21:00,1900,1900,1900,1900,0
2022-01-07 13:22:00,1900,1900,1900,1900,0
2022-01-07 13:23:00,1900,1900,1900,1900,0
2022-01-07 13:24:00,1900,1900,1900,1900,0
2022-01-07 13:25:00,1900,1900,1900,1900,0
2022-01-07 13:26:00,1900,1900,1900,1900,0
2022-01-07 13:27:00,1900,1900,1900,1900,0
2022-01-07 13:28:00,1900,1900,1900,1900,0
2022-01-07 13:29:00,1900,1900,1900,1900,0
2022-01-07 13:30:00,1900,1900,1900,1900,100
2022-01-07 13:31:00,1900,1900,1900,1900,0
2022-01-07 13:32:00,1900,1900,1900,1900,0
2022-01-07 13:33:00,1900,1900,1900,1900,0
2022-01-07 13:34:00,1900,1900,1900,1900,0
2022-01-07 13:35:00,1900,1900,1900,1900,0
2022-01-07 13:36:00,1900,1900,1900,1900,0
2022-01-07 13:37:00,1900,1900,1900,1900,0
2022-01-07 13:38:00,1900,1900,1900,1900,0
2022-01-07 13:39:00,1900,1900,1900,1900,0
2022-01-07 13:40:00,1900,1900,1900,1900,0
2022-01-07 13:41:00,1900,1900,1900,1900,0
2022-01-07 13:42:00,1900,1900,1900,1900,0
2022-01-07 13:43:00,1900,1900,1900,1900,0
2022-01-07 13:44:00,1900,1900,1900,1900,0
2022-01-07 13:45:00,1900,1900,1900,1900,0
2022-01-07 13:46:00,1900,1900,1900,1900,0
2022-01-07 13:47:00,1900,1900,1900,1900,0
2022-01-07 13:48:00,1900,1900,1900,1900,0
2022-01-07 13:49:00,1900,1900,1900,1900,0
2022-01-07 13:50:00,1900,1900,1900,1900,0
2022-01-07 13:51:00,1900,1900,1900,1900,0
2022-01-07 13:52:00,1900,1900,1900,1900,0
2022-01-07 13:53:00,1900,1900,1900,1900,0
2022-01-07 13:54:00,1900,1900,1900,1900,0
2022-01-07 13:55:00,1900,1900,1900,1900,0
2022-01-07 13:56:00,1900,1900,1900,1900,0
2022-01-07 13:57:00,1900,1900,1900,1900,0
2022-01-07 13:58:00,1900,1900,1900,1900,0
2022-01-07 13:59:00,1900,1900,1900,1900,0
2022-01-07 14:00:00,1900,1900,1900,1900,0
2022-01-07 14:01:00,1900,1900,1900,1900,0
2022-01-07 14:02:00,1900,1900,1900,1900,0
2022-01-07 14:03:00,1900,1900,1900,1900,0
2022-01-07 14:04:00,1900,1900,1900,1900,0
2022-01-07 14:05:00,1900,1900,1900,1900,0
2022-01-07 14:06:00,1900,1900,1900,1900,0
2022-01-07 14:07:00,1900,1900,1900,1900,0
2022-01-07 14:08:00,1900,1900,1900,1900,0
2022-01-07 14:09:00,1900,1900,1900,1900,0
2022-01-07 14:10:00,1900,1900,1900,1900,0
2022-01-07 14:11:00,1900,1900,1900,1900,0
2022-01-07 14:12:00,1900,1900,1900,1900,0
2022-01-07 14:13:00,1900,1900,1900,1900,0
2022-01-07 14:14:00,1900,1900,1900,1900,0
2022-01-07 14:15:00,1900,1900,1900,1900,0
2022-01-07 14:16:00,1900,1900,1900,1900,0
2022-01-07 14:17:00,1900,1900,1900,1900,0
2022-01-07 14:18:00,1900,1900,1900,1900,0
2022-01-07 14:19:00,1900,1900,1900,1900,0
2022-01-07 14:20:00,1900,1900,1900,1900,0
2022-01-07 14:21:00,1900,1900,1900,1900,0
2022-01-07 14:22:00,1900,1900,1900,1900,0
2022-01-07 14:23:00,1900,1900,1900,1900,0
2022-01-07 14:24:00,1900,1900,1900,1900,0
2022-01-07 14:25:00,1900,1900,1900,1900,0
2022-01-07 14:26:00,1900,1900,1900,1900,0
2022-01-07 14:27:00,1900,1900,1900,1900,0
2022-01-07 14:28:00,1900,1900,1900,1900,0
2022-01-07 14:29:00,1900,1900,1900,1900,0
2022-01-07 14:30:00,1900,1900,1900,1900,0
2022-01-07 14:31:00,1900,1900,1900,1900,0
2022-01-07 14:32:00,1900,1900,1900,1900,0
2022-01-07 14:33:00,1900,1900,1900,1900,0
2022-01-07 14:34:00,1900,1900,1900,1900,0
2022-01-07 14:35:00,1900,1900,1900,1900,0
2022-01-07 14:36:00,1900,1900,1900,1900,0
2022-01-07 14:37:00,1900,1900,1900,1900,0
2022-01-07 14:38:00,1900,1900,1900,1900,0
2022-01-07 14:39:00,1900,1900,1900,1900,0
2022-01-07 14:40:00,1900,1900,1900,1900,0
2022-01-07 14:41:00,1900,1900,1900,1900,0
2022-01-07 14:42:00,1900,1900,1900,1900,0
2022-01-07 14:43:00,1900,1900,1900,1900,0
2022-01-07 14:44:00,1900,1900,1900,1900,0
2022-01-07 14:45:00,1900,1900,1900,1900,0
2022-01-07 14:46:00,1900,1900,1900,1900,0
2022-01-07 14:47:00,1900,1900,1900,1900,0
2022-01-07 14:48:00,1900,1900,1900,1900,0
2022-01-07 14:49:00,1900,1900,1900,1900,0
2022-01-07 14:50:00,1900,1900,1900,1900,0
2022-01-07 14:51:00,1900,1900,1900,1900,0
2022-01-07 14:52:00,1900,1900,1900,1900,0
2022-01-07 14:53:00,1900,1900,1900,1900,0
2022-01-07 14:54:00,1900,1900,1900,1900,0
2022-01-07 14:55:00,1900,1900,1900,1900,0
2022-01-07 14:56:00,1900,1900,1900,1900,0
2022-01-07 14:57:00,1900,1900,1900,1900,0
2022-01-07 14:58:00,1900,1900,1900,1900,0
2022-01-07 14:59:00,1900,1900,1900,1900,0
2022-01-07 15:00:00,1850,1850,1850,1850,200
2022-01-07 15:01:00,1850,1850,1850,1850,0
2022-01-07 15:02:00,1850,1850,1850,1850,100
2022-01-07 15:03:00,1850,1850,1850,1850,0
2022-01-07 15:04:00,1850,1850,1850,1850,0
2022-01-07 15:05:00,1850,1850,1850,1850,0
2022-01-07 15:06:00,1850,1850,1850,1850,0
2022-01-07 15:07:00,1850,1850,1850,1850,0
2022-01-07 15:08:00,1850,1850,1850,1850,0
2022-01-07 15:09:00,1850,1850,1850,1850,0
2022-01-07 15:10:00,1850,1850,1850,1850,100
2022-01-07 15:11:00,1850,1850,1850,1850,0
2022-01-07 15:12:00,1850,1850,1850,1850,0
2022-01-07 15:13:00,1850,1850,1850,1850,0
2022-01-07 15:14:00,1850,1850,1850,1850,0
2022-01-07 15:15:00,1850,1850,1850,1850,0
2022-01-07 15:16:00,1850,1850,1850,1850,0
2022-01-07 15:17:00,1850,1850,1850,1850,0
2022-01-07 15:18:00,1850,1850,1850,1850,0
2022-01-07 15:19:00,1850,1850,1850,1850,0
2022-01-07 15:20:00,1850,1850,1850,1850,0
2022-01-07 15:21:00,1850,1850,1850,1850,0
2022-01-07 15:22:00,1850,1850,1850,1850,0
2022-01-07 15:23:00,1850,1850,1850,1850,0
2022-01-07 15:24:00,1850,1850,1850,1850,0
2022-01-07 15:25:00,1850,1850,1850,1850,0
2022-01-07 15:26:00,1850,1850,1850,1850,0
2022-01-07 15:27:00,1850,1850,1850,1850,0
2022-01-07 15:28:00,1850,1850,1850,1850,0
2022-01-07 15:29:00,1850,1850,1850,1850,0
2022-01-07 15:30:00,1850,1850,1850,1850,0
2022-01-07 15:31:00,1850,1850,1850,1850,0
2022-01-07 15:32:00,1850,1850,1850,1850,0
2022-01-07 15:33:00,1850,1850,1850,1850,0
2022-01-07 15:34:00,1850,1850,1850,1850,0
2022-01-07 15:35:00,1850,1850,1850,1850,0
2022-01-07 15:36:00,1850,1850,1850,1850,0
2022-01-07 15:37:00,1850,1850,1850,1850,0
2022-01-07 15:38:00,1850,1850,1850,1850,0
2022-01-07 15:39:00,1850,1850,1850,1850,0
2022-01-07 15:40:00,1850,1850,1850,1850,0
2022-01-07 15:41:00,1850,1850,1850,1850,0
2022-01-07 15:42:00,1850,1850,1850,1850,0
2022-01-07 15:43:00,1850,1850,1850,1850,0
2022-01-07 15:44:00,1850,1850,1850,1850,0
2022-01-07 15:45:00,1850,1850,1850,1850,0
2022-01-07 15:46:00,1850,1850,1850,1850,0
2022-01-07 15:47:00,1850,1850,1850,1850,0
2022-01-07 15:48:00,1850,1850,1850,1850,0
2022-01-07 15:49:00,1850,1850,1850,1850,0
2022-01-07 15:50:00,1850,1850,1850,1850,0
2022-01-07 15:51:00,1850,1850,1850,1850,0
2022-01-07 15:52:00,1850,1850,1850,1850,0
2022-01-07 15:53:00,1850,1850,1850,1850,0
2022-01-07 15:54:00,1850,1850,1850,1850,0
2022-01-07 15:55:00,1850,1850,1850,1850,0
2022-01-07 15:56:00,1850,1850,1850,1850,0
2022-01-07 15:57:00,1850,1850,1850,1850,0
2022-01-07 15:58:00,1850,1850,1850,1850,0
2022-01-07 15:59:00,1850,1850,1850,1850,0
2022-01-10 09:00:00,1850,1850,1850,1850,0
2022-01-10 09:01:00,1850,1850,1850,1850,0
2022-01-10 09:02:00,1850,1850,1850,1850,0
2022-01-10 09:03:00,1850,1850,1850,1850,0
2022-01-10 09:04:00,1850,1850,1850,1850,0
2022-01-10 09:05:00,1850,1850,1850,1850,0
2022-01-10 09:06:00,1850,1850,1850,1850,0
2022-01-10 09:07:00,1850,1850,1850,1850,0
2022-01-10 09:08:00,1850,1850,1850,1850,0
2022-01-10 09:09:00,1850,1850,1850,1850,0
2022-01-10 09:10:00,1850,1850,1850,1850,0
2022-01-10 09:11:00,1850,1850,1850,1850,200
2022-01-10 09:12:00,1850,1850,1850,1850,0
2022-01-10 09:13:00,1850,1850,1850,1850,0
2022-01-10 09:14:00,1850,1850,1850,1850,0
2022-01-10 09:15:00,1850,1850,1850,1850,0
2022-01-10 09:16:00,1850,1850,1850,1850,0
2022-01-10 09:17:00,1850,1850,1850,1850,0
2022-01-10 09:18:00,1850,1850,1850,1850,0
2022-01-10 09:19:00,1850,1850,1850,1850,0
2022-01-10 09:20:00,1850,1850,1850,1850,0
2022-01-10 09:21:00,1850,1850,1850,1850,0
2022-01-10 09:22:00,1850,1850,1850,1850,0
2022-01-10 09:23:00,1850,1850,1850,1850,0
2022-01-10 09:24:00,1850,1850,1850,1850,0
2022-01-10 09:25:00,1850,1850,1850,1850,0
2022-01-10 09:26:00,1850,1850,1850,1850,0
2022-01-10 09:27:00,1850,1850,1850,1850,0
2022-01-10 09:28:00,1850,1850,1850,1850,100
2022-01-10 09:29:00,1850,1850,1850,1850,0
2022-01-10 09:30:00,1850,1850,1850,1850,0
2022-01-10 09:31:00,1850,1850,1850,1850,0
2022-01-10 09:32:00,1850,1850,1850,1850,0
2022-01-10 09:33:00,1850,1850,1850,1850,0
2022-01-10 09:34:00,1850,1850,1850,1850,0
2022-01-10 09:35:00,1850,1850,1850,1850,0
2022-01-10 09:36:00,1850,1850,1850,1850,0
2022-01-10 09:37:00,1850,1850,1850,1850,0
2022-01-10 09:38:00,1850,1850,1850,1850,0
2022-01-10 09:39:00,1850,1850,1850,1850,0
2022-01-10 09:40:00,1850,1850,1850,1850,0
2022-01-10 09:41:00,1850,1850,1850,1850,0
2022-01-10 09:42:00,1850,1850,1850,1850,0
2022-01-10 09:43:00,1850,1850,1850,1850,0
2022-01-10 09:44:00,1850,1850,1850,1850,0
2022-01-10 09:45:00,1850,1850,1850,1850,0
2022-01-10 09:46:00,1850,1850,1850,1850,0
2022-01-10 09:47:00,1850,1850,1850,1850,0
2022-01-10 09:48:00,1850,1850,1850,1850,0
2022-01-10 09:49:00,1850,1850,1850,1850,100
2022-01-10 09:50:00,1850,1850,1850,1850,0
2022-01-10 09:51:00,1850,1850,1850,1850,0
2022-01-10 09:52:00,1850,1850,1850,1850,0
2022-01-10 09:53:00,1850,1850,1850,1850,0
2022-01-10 09:54:00,1850,1850,1850,1850,0
2022-01-10 09:55:00,1850,1850,1850,1850,0
2022-01-10 09:56:00,1850,1850,1850,1850,0
2022-01-10 09:57:00,1850,1850,1850,1850,0
2022-01-10 09:58:00,1850,1850,1850,1850,0
2022-01-10 09:59:00,1850,1850,1850,1850,0
2022-01-10 10:00:00,1850,1850,1850,1850,0
2022-01-10 10:01:00,1850,1850,1850,1850,0
2022-01-10 10:02:00,1850,1850,1850,1850,0
2022-01-10 10:03:00,1850,1850,1850,1850,0
2022-01-10 10:04:00,1850,1850,1850,1850,0
2022-01-10 10:05:00,1850,1850,1850,1850,0
2022-01-10 10:06:00,1850,1850,1850,1850,0
2022-01-10 10:07:00,1850,1850,1850,1850,0
2022-01-10 10:08:00,1850,1850,1850,1850,0
2022-01-10 10:09:00,1850,1850,1850,1850,0
2022-01-10 10:10:00,1850,1850,1850,1850,0
2022-01-10 10:11:00,1850,1850,1850,1850,0
2022-01-10 10:12:00,1850,1850,1850,1850,0
2022-01-10 10:13:00,1850,1850,1850,1850,0
2022-01-10 10:14:00,1850,1850,1850,1850,0
2022-01-10 10:15:00,1850,1850,1850,1850,0
2022-01-10 10:16:00,1850,1850,1850,1850,0
2022-01-10 10:17:00,1850,1850,1850,1850,0
2022-01-10 10:18:00,1850,1850,1850,1850,0
2022-01-10 10:19:00,1850,1850,1850,1850,0
2022-01-10 10:20:00,1850,1850,1850,1850,0
2022-01-10 10:21:00,1850,1850,1850,1850,0
2022-01-10 10:22:00,1850,1850,1850,1850,0
2022-01-10 10:23:00,1850,1850,1850,1850,0
2022-01-10 10:24:00,1850,1850,1850,1850,0
2022-01-10 10:25:00,1850,1850,1850,1850,0
2022-01-10 10:26:00,1850,1850,1850,1850,0
2022-01-10 10:27:00,1850,1850,1850,1850,0
2022-01-10 10:28:00,1850,1850,1850,1850,0
2022-01-10 10:29:00,1850,1850,1850,1850,0
2022-01-10 10:30:00,1850,1850,1850,1850,0
2022-01-10 10:31:00,1850,1850,1850,1850,0
2022-01-10 10:32:00,1850,1850,1850,1850,0
2022-01-10 10:33:00,1850,1850,1850,1850,0
2022-01-10 10:34:00,1850,1850,1850,1850,0
2022-01-10 10:35:00,1850,1850,1850,1850,0
2022-01-10 10:36:00,1850,1850,1850,1850,0
2022-01-10 10:37:00,1850,1850,1850,1850,0
2022-01-10 10:38:00,1850,1850,1850,1850,0
2022-01-10 10:39:00,1850,1850,1850,1850,0
2022-01-10 10:40:00,1850,1850,1850,1850,0
2022-01-10 10:41:00,1850,1850,1850,1850,0
2022-01-10 10:42:00,1850,1850,1850,1850,0
2022-01-10 10:43:00,1850,1850,1850,1850,0
2022-01-10 10:44:00,1850,1850,1850,1850,0
2022-01-10 10:45:00,1850,1850,1850,1850,0
2022-01-10 10:46:00,1850,1850,1850,1850,0
2022-01-10 10:47:00,1850,1850,1850,1850,0
2022-01-10 10:48:00,1850,1850,1850,1850,0
2022-01-10 10:49:00,1850,1850,1850,1850,0
2022-01-10 10:50:00,1850,1850,1850,1850,0
2022-01-10 10:51:00,1850,1850,1850,1850,0
2022-01-10 10:52:00,1850,1850,1850,1850,0
2022-01-10 10:53:00,1850,1850,1850,1850,0
2022-01-10 10:54:00,1850,1850,1850,1850,0
2022-01-10 10:55:00,1850,1850,1850,1850,0
2022-01-10 10:56:00,1850,1850,1850,1850,0
2022-01-10 10:57:00,1850,1850,1850,1850,0
2022-01-10 10:58:00,1850,1850,1850,1850,0
2022-01-10 10:59:00,1850,1850,1850,1850,0
2022-01-10 11:00:00,1850,1850,1850,1850,0
2022-01-10 11:01:00,1850,1850,1850,1850,0
2022-01-10 11:02:00,1850,1850,1850,1850,0
2022-01-10 11:03:00,1850,1850,1850,1850,0
2022-01-10 11:04:00,1850,1850,1850,1850,0
2022-01-10 11:05:00,1850,1850,1850,1850,0
2022-01-10 11:06:00,1850,1850,1850,1850,0
2022-01-10 11:07:00,1850,1850,1850,1850,0
2022-01-10 11:08:00,1850,1850,1850,1850,0
2022-01-10 11:09:00,1850,1850,1850,1850,0
2022-01-10 11:10:00,1850,1850,1850,1850,0
2022-01-10 11:11:00,1850,1850,1850,1850,0
2022-01-10 11:12:00,1850,1850,1850,1850,0
2022-01-10 11:13:00,1850,1850,1850,1850,0
2022-01-10 11:14:00,1850,1850,1850,1850,0
2022-01-10 11:15:00,1850,1850,1850,1850,0
2022-01-10 11:16:00,1850,1850,1850,1850,0
2022-01-10 11:17:00,1850,1850,1850,1850,0
2022-01-10 11:18:00,1850,1850,1850,1850,0
2022-01-10 11:19:00,1850,1850,1850,1850,0
2022-01-10 11:20:00,1850,1850,1850,1850,0
2022-01-10 11:21:00,1850,1850,1850,1850,0
2022-01-10 11:22:00,1850,1850,1850,1850,0
2022-01-10 11:23:00,1850,1850,1850,1850,0
2022-01-10 11:24:00,1850,1850,1850,1850,0
2022-01-10 11:25:00,1850,1850,1850,1850,0
2022-01-10 11:26:00,1850,1850,1850,1850,0
2022-01-10 11:27:00,1850,1850,1850,1850,0
2022-01-10 11:28:00,1850,1850,1850,1850,0
2022-01-10 11:29:00,1850,1850,1850,1850,0
2022-01-10 11:30:00,1850,1850,1850,1850,0
2022-01-10 11:31:00,1850,1850,1850,1850,0
2022-01-10 11:32:00,1850,1850,1850,1850,0
2022-01-10 11:33:00,1850,1850,1850,1850,0
2022-01-10 11:34:00,1850,1850,1850,1850,0
2022-01-10 11:35:00,1850,1850,1850,1850,0
2022-01-10 11:36:00,1850,1850,1850,1850,0
2022-01-10 11:37:00,1850,1850,1850,1850,0
2022-01-10 11:38:00,1850,1850,1850,1850,0
2022-01-10 11:39:00,1850,1850,1850,1850,0
2022-01-10 11:40:00,1850,1850,1850,1850,0
2022-01-10 11:41:00,1850,1850,1850,1850,0
2022-01-10 11:42:00,1850,1850,1850,1850,0
2022-01-10 11:43:00,1850,1850,1850,1850,0
2022-01-10 11:44:00,1850,1850,1850,1850,0
2022-01-10 11:45:00,1850,1850,1850,1850,0
2022-01-10 11:46:00,1850,1850,1850,1850,0
2022-01-10 11:47:00,1850,1850,1850,1850,0
2022-01-10 11:48:00,1850,1850,1850,1850,0
2022-01-10 11:49:00,1850,1850,1850,1850,0
2022-01-10 11:50:00,1850,1850,1850,1850,0
2022-01-10 11:51:00,1850,1850,1850,1850,0
2022-01-10 11:52:00,1850,1850,1850,1850,0
2022-01-10 11:53:00,1850,1850,1850,1850,0
2022-01-10 11:54:00,1850,1850,1850,1850,0
2022-01-10 11:55:00,1850,1850,1850,1850,0
2022-01-10 11:56:00,1850,1850,1850,1850,0
2022-01-10 11:57:00,1850,1850,1850,1850,0
2022-01-10 11:58:00,1850,1850,1850,1850,0
2022-01-10 11:59:00,1850,1850,1850,1850,0
2022-01-10 12:00:00,1850,1850,1850,1850,0
2022-01-10 12:01:00,1850,1850,1850,1850,0
2022-01-10 12:02:00,1850,1850,1850,1850,0
2022-01-10 12:03:00,1850,1850,1850,1850,0
2022-01-10 12:04:00,1850,1850,1850,1850,0
2022-01-10 12:05:00,1850,1850,1850,1850,0
2022-01-10 12:06:00,1850,1850,1850,1850,0
2022-01-10 12:07:00,1850,1850,1850,1850,0
2022-01-10 12:08:00,1850,1850,1850,1850,0
2022-01-10 12:09:00,1850,1850,1850,1850,0
2022-01-10 12:10:00,1850,1850,1850,1850,0
2022-01-10 12:11:00,1850,1850,1850,1850,0
2022-01-10 12:12:00,1850,1850,1850,1850,0
2022-01-10 12:13:00,1850,1850,1850,1850,0
2022-01-10 12:14:00,1850,1850,1850,1850,0
2022-01-10 12:15:00,1850,1850,1850,1850,0
2022-01-10 12:16:00,1850,1850,1850,1850,0
2022-01-10 12:17:00,1850,1850,1850,1850,0
2022-01-10 12:18:00,1850,1850,1850,1850,0
2022-01-10 12:19:00,1850,1850,1850,1850,0
2022-01-10 12:20:00,1850,1850,1850,1850,0
2022-01-10 12:21:00,1850,1850,1850,1850,0
2022-01-10 12:22:00,1850,1850,1850,1850,0
2022-01-10 12:23:00,1850,1850,1850,1850,0
2022-01-10 12:24:00,1850,1850,1850,1850,0
2022-01-10 12:25:00,1850,1850,1850,1850,0
2022-01-10 12:26:00,1850,1850,1850,1850,0
2022-01-10 12:27:00,1850,1850,1850,1850,0
2022-01-10 12:28:00,1850,1850,1850,1850,0
2022-01-10 12:29:00,1850,1850,1850,1850,0
2022-01-10 12:30:00,1850,1850,1850,1850,0
2022-01-10 12:31:00,1850,1850,1850,1850,0
2022-01-10 12:32:00,1850,1850,1850,1850,0
2022-01-10 12:33:00,1850,1850,1850,1850,0
2022-01-10 12:34:00,1850,1850,1850,1850,0
2022-01-10 12:35:00,1850,1850,1850,1850,0
2022-01-10 12:36:00,1850,1850,1850,1850,0
2022-01-10 12:37:00,1850,1850,1850,1850,0
2022-01-10 12:38:00,1850,1850,1850,1850,0
2022-01-10 12:39:00,1850,1850,1850,1850,0
2022-01-10 12:40:00,1850,1850,1850,1850,0
2022-01-10 12:41:00,1850,1850,1850,1850,0
2022-01-10 12:42:00,1850,1850,1850,1850,0
2022-01-10 12:43:00,1850,1850,1850,1850,0
2022-01-10 12:44:00,1850,1850,1850,1850,0
2022-01-10 12:45:00,1850,1850,1850,1850,0
2022-01-10 12:46:00,1850,1850,1850,1850,0
2022-01-10 12:47:00,1850,1850,1850,1850,0
2022-01-10 12:48:00,1850,1850,1850,1850,0
2022-01-10 12:49:00,1850,1850,1850,1850,0
2022-01-10 12:50:00,1850,1850,1850,1850,0
2022-01-10 12:51:00,1850,1850,1850,1850,0
2022-01-10 12:52:00,1850,1850,1850,1850,0
2022-01-10 12:53:00,1850,1850,1850,1850,0
2022-01-10 12:54:00,1850,1850,1850,1850,0
2022-01-10 12:55:00,1850,1850,1850,1850,0
2022-01-10 12:56:00,1850,1850,1850,1850,0
2022-01-10 12:57:00,1850,1850,1850,1850,0
2022-01-10 12:58:00,1850,1850,1850,1850,0
2022-01-10 12:59:00,1850,1850,1850,1850,0
2022-01-10 13:00:00,1850,1850,1850,1850,0
2022-01-10 13:01:00,1850,1850,1850,1850,0
2022-01-10 13:02:00,1850,1850,1850,1850,0
2022-01-10 13:03:00,1850,1850,1850,1850,0
2022-01-10 13:04:00,1850,1850,1850,1850,0
2022-01-10 13:05:00,1850,1850,1850,1850,0
2022-01-10 13:06:00,1850,1850,1850,1850,0
2022-01-10 13:07:00,1850,1850,1850,1850,0
2022-01-10 13:08:00,1850,1850,1850,1850,0
2022-01-10 13:09:00,1850,1850,1850,1850,0
2022-01-10 13:10:00,1850,1850,1850,1850,0
2022-01-10 13:11:00,1850,1850,1850,1850,0
2022-01-10 13:12:00,1850,1850,1850,1850,0
2022-01-10 13:13:00,1850,1850,1850,1850,0
2022-01-10 13:14:00,1850,1850,1850,1850,0
2022-01-10 13:15:00,1850,1850,1850,1850,0
2022-01-10 13:16:00,1850,1850,1850,1850,0
2022-01-10 13:17:00,1850,1850,1850,1850,0
2022-01-10 13:18:00,1850,1850,1850,1850,0
2022-01-10 13:19:00,1850,1850,1850,1850,0
2022-01-10 13:20:00,1850,1850,1850,1850,0
2022-01-10 13:21:00,1850,1850,1850,1850,0
2022-01-10 13:22:00,1850,1850,1850,1850,0
2022-01-10 13:23:00,1850,1850,1850,1850,0
2022-01-10 13:24:00,1850,1850,1850,1850,0
2022-01-10 13:25:00,1850,1850,1850,1850,0
2022-01-10 13:26:00,1850,1850,1850,1850,0
2022-01-10 13:27:00,1850,1850,1850,1850,0
2022-01-10 13:28:00,1850,1850,1850,1850,0
2022-01-10 13:29:00,1850,1850,1850,1850,0
2022-01-10 13:30:00,1850,1850,1850,1850,0
2022-01-10 13:31:00,1850,1850,1850,1850,0
2022-01-10 13:32:00,1850,1850,1850,1850,0
2022-01-10 13:33:00,1850,1850,1850,1850,0
2022-01-10 13:34:00,1850,1850,1850,1850,0
2022-01-10 13:35:00,1850,1850,1850,1850,0
2022-01-10 13:36:00,1850,1850,1850,1850,0
2022-01-10 13:37:00,1850,1850,1850,1850,0
2022-01-10 13:38:00,1850,1850,1850,1850,0
2022-01-10 13:39:00,1850,1850,1850,1850,0
2022-01-10 13:40:00,1850,1850,1850,1850,0
2022-01-10 13:41:00,1850,1850,1850,1850,0
2022-01-10 13:42:00,1850,1850,1850,1850,0
2022-01-10 13:43:00,1850,1850,1850,1850,0
2022-01-10 13:44:00,1850,1850,1850,1850,0
2022-01-10 13:45:00,1850,1850,1850,1850,0
2022-01-10 13:46:00,1850,1850,1850,1850,0
2022-01-10 13:47:00,1850,1850,1850,1850,0
2022-01-10 13:48:00,1850,1850,1850,1850,0
2022-01-10 13:49:00,1850,1850,1850,1850,0
2022-01-10 13:50:00,1850,1850,1850,1850,0
2022-01-10 13:51:00,1850,1850,1850,1850,0
2022-01-10 13:52:00,1850,1850,1850,1850,0
2022-01-10 13:53:00,1850,1850,1850,1850,0
2022-01-10 13:54:00,1850,1850,1850,1850,0
2022-01-10 13:55:00,1850,1850,1850,1850,0
2022-01-10 13:56:00,1850,1850,1850,1850,0
2022-01-10 13:57:00,1850,1850,1850,1850,0
2022-01-10 13:58:00,1850,1850,1850,1850,0
2022-01-10 13:59:00,1850,1850,1850,1850,0
2022-01-10 14:00:00,1850,1850,1850,1850,0
2022-01-10 14:01:00,1850,1850,1850,1850,0
2022-01-10 14:02:00,1850,1850,1850,1850,0
2022-01-10 14:03:00,1850,1850,1850,1850,0
2022-01-10 14:04:00,1850,1850,1850,1850,0
2022-01-10 14:05:00,1850,1850,1850,1850,0
2022-01-10 14:06:00,1850,1850,1850,1850,0
2022-01-10 14:07:00,1850,1850,1850,1850,0
2022-01-10 14:08:00,1850,1850,1850,1850,0
2022-01-10 14:09:00,1850,1850,1850,1850,0
2022-01-10 14:10:00,1850,1850,1850,1850,0
2022-01-10 14:11:00,1850,1850,1850,1850,0
2022-01-10 14:12:00,1850,1850,1850,1850,0
2022-01-10 14:13:00,1850,1850,1850,1850,0
2022-01-10 14:14:00,1850,1850,1850,1850,0
2022-01-10 14:15:00,1850,1850,1850,1850,0
2022-01-10 14:16:00,1850,1850,1850,1850,0
2022-01-10 14:17:00,1850,1850,1850,1850,0
2022-01-10 14:18:00,1850,1850,1850,1850,0
2022-01-10 14:19:00,1850,1850,1850,1850,0
2022-01-10 14:20:00,1850,1850,1850,1850,0
2022-01-10 14:21:00,1850,1850,1850,1850,0
2022-01-10 14:22:00,1850,1850,1850,1850,0
2022-01-10 14:23:00,1850,1850,1850,1850,0
2022-01-10 14:24:00,1850,1850,1850,1850,0
2022-01-10 14:25:00,1850,1850,1850,1850,0
2022-01-10 14:26:00,1850,1850,1850,1850,0
2022-01-10 14:27:00,1850,1850,1850,1850,0
2022-01-10 14:28:00,1850,1850,1850,1850,0
2022-01-10 14:29:00,1850,1850,1850,1850,0
2022-01-10 14:30:00,1850,1850,1850,1850,0
2022-01-10 14:31:00,1850,1850,1850,1850,0
2022-01-10 14:32:00,1850,1850,1850,1850,0
2022-01-10 14:33:00,1850,1850,1850,1850,0
2022-01-10 14:34:00,1850,1850,1850,1850,0
2022-01-10 14:35:00,1850,1850,1850,1850,0
2022-01-10 14:36:00,1850,1850,1850,1850,0
2022-01-10 14:37:00,1850,1850,1850,1850,0
2022-01-10 14:38:00,1850,1850,1850,1850,0
2022-01-10 14:39:00,1850,1850,1850,1850,0
2022-01-10 14:40:00,1850,1850,1850,1850,0
2022-01-10 14:41:00,1850,1850,1850,1850,0
2022-01-10 14:42:00,1850,1850,1850,1850,0
2022-01-10 14:43:00,1850,1850,1850,1850,0
2022-01-10 14:44:00,1850,1850,1850,1850,0
2022-01-10 14:45:00,1850,1850,1850,1850,0
2022-01-10 14:46:00,1850,1850,1850,1850,0
2022-01-10 14:47:00,1850,1850,1850,1850,0
2022-01-10 14:48:00,1850,1850,1850,1850,0
2022-01-10 14:49:00,1850,1850,1850,1850,0
2022-01-10 14:50:00,1850,1850,1850,1850,0
2022-01-10 14:51:00,1850,1850,1850,1850,0
2022-01-10 14:52:00,1850,1850,1850,1850,0
2022-01-10 14:53:00,1850,1850,1850,1850,0
2022-01-10 14:54:00,1850,1850,1850,1850,0
2022-01-10 14:55:00,1850,1850,1850,1850,0
2022-01-10 14:56:00,1850,1850,1850,1850,0
2022-01-10 14:57:00,1850,1850,1850,1850,0
2022-01-10 14:58:00,1850,1850,1850,1850,0
2022-01-10 14:59:00,1850,1850,1850,1850,0
2022-01-10 15:00:00,1850,1850,1850,1850,0
2022-01-10 15:01:00,1850,1850,1850,1850,0
2022-01-10 15:02:00,1850,1850,1850,1850,0
2022-01-10 15:03:00,1850,1850,1850,1850,0
2022-01-10 15:04:00,1850,1850,1850,1850,0
2022-01-10 15:05:00,1850,1850,1850,1850,0
2022-01-10 15:06:00,1850,1850,1850,1850,0
2022-01-10 15:07:00,1850,1850,1850,1850,0
2022-01-10 15:08:00,1850,1850,1850,1850,0
2022-01-10 15:09:00,1850,1850,1850,1850,0
2022-01-10 15:10:00,1850,1850,1850,1850,0
2022-01-10 15:11:00,1850,1850,1850,1850,0
2022-01-10 15:12:00,1850,1850,1850,1850,0
2022-01-10 15:13:00,1850,1850,1850,1850,0
2022-01-10 15:14:00,1850,1850,1850,1850,0
2022-01-10 15:15:00,1850,1850,1850,1850,0
2022-01-10 15:16:00,1850,1850,1850,1850,0
2022-01-10 15:17:00,1850,1850,1850,1850,0
2022-01-10 15:18:00,1850,1850,1850,1850,0
2022-01-10 15:19:00,1850,1850,1850,1850,0
2022-01-10 15:20:00,1850,1850,1850,1850,0
2022-01-10 15:21:00,1850,1850,1850,1850,0
2022-01-10 15:22:00,1850,1850,1850,1850,0
2022-01-10 15:23:00,1850,1850,1850,1850,0
2022-01-10 15:24:00,1850,1850,1850,1850,0
2022-01-10 15:25:00,1850,1850,1850,1850,0
2022-01-10 15:26:00,1850,1850,1850,1850,0
2022-01-10 15:27:00,1850,1850,1850,1850,0
2022-01-10 15:28:00,1850,1850,1850,1850,0
2022-01-10 15:29:00,1850,1850,1850,1850,0
2022-01-10 15:30:00,1850,1850,1850,1850,0
2022-01-10 15:31:00,1850,1850,1850,1850,0
2022-01-10 15:32:00,1850,1850,1850,1850,0
2022-01-10 15:33:00,1850,1850,1850,1850,0
2022-01-10 15:34:00,1850,1850,1850,1850,0
2022-01-10 15:35:00,1850,1850,1850,1850,0
2022-01-10 15:36:00,1850,1850,1850,1850,0
2022-01-10 15:37:00,1850,1850,1850,1850,0
2022-01-10 15:38:00,1850,1850,1850,1850,0
2022-01-10 15:39:00,1850,1850,1850,1850,0
2022-01-10 15:40:00,1850,1850,1850,1850,0
2022-01-10 15:41:00,1850,1850,1850,1850,0
2022-01-10 15:42:00,1850,1850,1850,1850,0
2022-01-10 15:43:00,1850,1850,1850,1850,0
2022-01-10 15:44:00,1850,1850,1850,1850,0
2022-01-10 15:45:00,1850,1850,1850,1850,0
2022-01-10 15:46:00,1850,1850,1850,1850,0
2022-01-10 15:47:00,1850,1850,1850,1850,0
2022-01-10 15:48:00,1850,1850,1850,1850,0
2022-01-10 15:49:00,1850,1850,1850,1850,0
2022-01-10 15:50:00,1850,1850,1850,1850,0
2022-01-10 15:51:00,1850,1850,1850,1850,0
2022-01-10 15:52:00,1850,1850,1850,1850,0
2022-01-10 15:53:00,1850,1850,1850,1850,0
2022-01-10 15:54:00,1850,1850,1850,1850,0
2022-01-10 15:55:00,1850,1850,1850,1850,0
2022-01-10 15:56:00,1850,1850,1850,1850,0
2022-01-10 15:57:00,1850,1850,1850,1850,0
2022-01-10 15:58:00,1850,1850,1850,1850,0
2022-01-10 15:59:00,1850,1850,1850,1850,0
2022-01-11 09:00:00,1850,1850,1850,1850,0
2022-01-11 09:01:00,1850,1850,1850,1850,0
2022-01-11 09:02:00,1850,1850,1850,1850,0
2022-01-11 09:03:00,1850,1850,1850,1850,0
2022-01-11 09:04:00,1850,1850,1850,1850,0
2022-01-11 09:05:00,1850,1850,1850,1850,0
2022-01-11 09:06:00,1850,1850,1850,1850,0
2022-01-11 09:07:00,1850,1850,1850,1850,0
2022-01-11 09:08:00,1850,1850,1850,1850,0
2022-01-11 09:09:00,1850,1850,1850,1850,0
2022-01-11 09:10:00,1850,1850,1850,1850,0
2022-01-11 09:11:00,1850,1850,1850,1850,0
2022-01-11 09:12:00,1850,1850,1850,1850,0
2022-01-11 09:13:00,1850,1850,1850,1850,0
2022-01-11 09:14:00,1850,1850,1850,1850,0
2022-01-11 09:15:00,1850,1850,1850,1850,0
2022-01-11 09:16:00,1850,1850,1850,1850,0
2022-01-11 09:17:00,1850,1850,1850,1850,0
2022-01-11 09:18:00,1850,1850,1850,1850,0
2022-01-11 09:19:00,1850,1850,1850,1850,0
2022-01-11 09:20:00,1850,1850,1850,1850,0
2022-01-11 09:21:00,1850,1850,1850,1850,0
2022-01-11 09:22:00,1850,1850,1850,1850,0
2022-01-11 09:23:00,1850,1850,1850,1850,0
2022-01-11 09:24:00,1850,1850,1850,1850,0
2022-01-11 09:25:00,1850,1850,1850,1850,0
2022-01-11 09:26:00,1850,1850,1850,1850,0
2022-01-11 09:27:00,1850,1850,1850,1850,0
2022-01-11 09:28:00,1850,1850,1850,1850,0
2022-01-11 09:29:00,1850,1850,1850,1850,0
2022-01-11 09:30:00,1850,1850,1850,1850,0
2022-01-11 09:31:00,1850,1850,1850,1850,0
2022-01-11 09:32:00,1850,1850,1850,1850,0
2022-01-11 09:33:00,1850,1850,1850,1850,0
2022-01-11 09:34:00,1850,1850,1850,1850,0
2022-01-11 09:35:00,1850,1850,1850,1850,0
2022-01-11 09:36:00,1850,1850,1850,1850,0
2022-01-11 09:37:00,1850,1850,1850,1850,0
2022-01-11 09:38:00,1850,1850,1850,1850,0
2022-01-11 09:39:00,1850,1850,1850,1850,0
2022-01-11 09:40:00,1850,1850,1850,1850,0
2022-01-11 09:41:00,1850,1850,1850,1850,0
2022-01-11 09:42:00,1850,1850,1850,1850,0
2022-01-11 09:43:00,1850,1850,1850,1850,0
2022-01-11 09:44:00,1850,1850,1850,1850,0
2022-01-11 09:45:00,1850,1850,1850,1850,0
2022-01-11 09:46:00,1850,1850,1850,1850,0
2022-01-11 09:47:00,1850,1850,1850,1850,0
2022-01-11 09:48:00,1850,1850,1850,1850,0
2022-01-11 09:49:00,1850,1850,1850,1850,0
2022-01-11 09:50:00,1850,1850,1850,1850,0
2022-01-11 09:51:00,1850,1850,1850,1850,0
2022-01-11 09:52:00,1850,1850,1850,1850,0
2022-01-11 09:53:00,1850,1850,1850,1850,0
2022-01-11 09:54:00,1850,1850,1850,1850,0
2022-01-11 09:55:00,1850,1850,1850,1850,0
2022-01-11 09:56:00,1850,1850,1850,1850,0
2022-01-11 09:57:00,1850,1850,1850,1850,0
2022-01-11 09:58:00,1850,1850,1850,1850,0
2022-01-11 09:59:00,1850,1850,1850,1850,0
2022-01-11 10:00:00,1850,1850,1850,1850,0
2022-01-11 10:01:00,1850,1850,1850,1850,0
2022-01-11 10:02:00,1850,1850,1850,1850,0
2022-01-11 10:03:00,1850,1850,1850,1850,0
2022-01-11 10:04:00,1850,1850,1850,1850,0
2022-01-11 10:05:00,1850,1850,1850,1850,0
2022-01-11 10:06:00,1850,1850,1850,1850,0
2022-01-11 10:07:00,1850,1850,1850,1850,0
2022-01-11 10:08:00,1850,1850,1850,1850,0
2022-01-11 10:09:00,1850,1850,1850,1850,0
2022-01-11 10:10:00,1850,1850,1850,1850,0
2022-01-11 10:11:00,1850,1850,1850,1850,0
2022-01-11 10:12:00,1850,1850,1850,1850,0
2022-01-11 10:13:00,1850,1850,1850,1850,0
2022-01-11 10:14:00,1850,1850,1850,1850,0
2022-01-11 10:15:00,1850,1850,1850,1850,0
2022-01-11 10:16:00,1850,1850,1850,1850,0
2022-01-11 10:17:00,1850,1850,1850,1850,0
2022-01-11 10:18:00,1850,1850,1850,1850,0
2022-01-11 10:19:00,1850,1850,1850,1850,0
2022-01-11 10:20:00,1850,1850,1850,1850,0
2022-01-11 10:21:00,1850,1850,1850,1850,0
2022-01-11 10:22:00,1850,1850,1850,1850,0
2022-01-11 10:23:00,1850,1850,1850,1850,0
2022-01-11 10:24:00,1850,1850,1850,1850,0
2022-01-11 10:25:00,1850,1850,1850,1850,0
2022-01-11 10:26:00,1850,1850,1850,1850,0
2022-01-11 10:27:00,1850,1850,1850,1850,0
2022-01-11 10:28:00,1850,1850,1850,1850,0
2022-01-11 10:29:00,1850,1850,1850,1850,0
2022-01-11 10:30:00,1850,1850,1850,1850,0
2022-01-11 10:31:00,1850,1850,1850,1850,0
2022-01-11 10:32:00,1850,1850,1850,1850,0
2022-01-11 10:33:00,1850,1850,1850,1850,0
2022-01-11 10:34:00,1850,1850,1850,1850,0
2022-01-11 10:35:00,1850,1850,1850,1850,0
2022-01-11 10:36:00,1850,1850,1850,1850,0
2022-01-11 10:37:00,1850,1850,1850,1850,0
2022-01-11 10:38:00,1850,1850,1850,1850,0
2022-01-11 10:39:00,1850,1850,1850,1850,0
2022-01-11 10:40:00,1850,1850,1850,1850,0
2022-01-11 10:41:00,1850,1850,1850,1850,0
2022-01-11 10:42:00,1850,1850,1850,1850,0
2022-01-11 10:43:00,1850,1850,1850,1850,0
2022-01-11 10:44:00,1850,1850,1850,1850,0
2022-01-11 10:45:00,1850,1850,1850,1850,0
2022-01-11 10:46:00,1850,1850,1850,1850,0
2022-01-11 10:47:00,1850,1850,1850,1850,0
2022-01-11 10:48:00,1850,1850,1850,1850,0
2022-01-11 10:49:00,1850,1850,1850,1850,0
2022-01-11 10:50:00,1850,1850,1850,1850,0
2022-01-11 10:51:00,1850,1850,1850,1850,0
2022-01-11 10:52:00,1850,1850,1850,1850,0
2022-01-11 10:53:00,1850,1850,1850,1850,0
2022-01-11 10:54:00,1850,1850,1850,1850,0
2022-01-11 10:55:00,1850,1850,1850,1850,0
2022-01-11 10:56:00,1850,1850,1850,1850,0
2022-01-11 10:57:00,1850,1850,1850,1850,0
2022-01-11 10:58:00,1850,1850,1850,1850,0
2022-01-11 10:59:00,1850,1850,1850,1850,0
2022-01-11 11:00:00,1850,1850,1850,1850,0
2022-01-11 11:01:00,1850,1850,1850,1850,0
2022-01-11 11:02:00,1850,1850,1850,1850,0
2022-01-11 11:03:00,1850,1850,1850,1850,0
2022-01-11 11:04:00,1850,1850,1850,1850,0
2022-01-11 11:05:00,1850,1850,1850,1850,0
2022-01-11 11:06:00,1850,1850,1850,1850,0
2022-01-11 11:07:00,1850,1850,1850,1850,0
2022-01-11 11:08:00,1850,1850,1850,1850,0
2022-01-11 11:09:00,1850,1850,1850,1850,0
2022-01-11 11:10:00,1850,1850,1850,1850,0
2022-01-11 11:11:00,1850,1850,1850,1850,0
2022-01-11 11:12:00,1850,1850,1850,1850,0
2022-01-11 11:13:00,1850,1850,1850,1850,0
2022-01-11 11:14:00,1835,1835,1835,1835,0
2022-01-11 11:15:00,1835,1835,1835,1835,0
2022-01-11 11:16:00,1835,1835,1835,1835,0
2022-01-11 11:17:00,1835,1835,1835,1835,0
2022-01-11 11:18:00,1835,1835,1835,1835,0
2022-01-11 11:19:00,1835,1835,1835,1835,0
2022-01-11 11:20:00,1835,1835,1835,1835,0
2022-01-11 11:21:00,1835,1835,1835,1835,0
2022-01-11 11:22:00,1835,1835,1835,1835,0
2022-01-11 11:23:00,1835,1835,1835,1835,0
2022-01-11 11:24:00,1835,1835,1835,1835,0
2022-01-11 11:25:00,1835,1835,1835,1835,0
2022-01-11 11:26:00,1835,1835,1835,1835,0
2022-01-11 11:27:00,1835,1835,1835,1835,0
2022-01-11 11:28:00,1835,1835,1835,1835,100
2022-01-11 11:29:00,1835,1835,1835,1835,0
2022-01-11 11:30:00,1835,1835,1835,1835,0
2022-01-11 11:31:00,1835,1835,1835,1835,0
2022-01-11 11:32:00,1835,1835,1835,1835,0
2022-01-11 11:33:00,1835,1835,1835,1835,0
2022-01-11 11:34:00,1835,1835,1835,1835,0
2022-01-11 11:35:00,1835,1835,1835,1835,0
2022-01-11 11:36:00,1835,1835,1835,1835,0
2022-01-11 11:37:00,1835,1835,1835,1835,0
2022-01-11 11:38:00,1835,1835,1835,1835,0
2022-01-11 11:39:00,1835,1835,1835,1835,0
2022-01-11 11:40:00,1835,1835,1835,1835,0
2022-01-11 11:41:00,1835,1835,1835,1835,0
2022-01-11 11:42:00,1835,1835,1835,1835,0
2022-01-11 11:43:00,1835,1835,1835,1835,0
2022-01-11 11:44:00,1835,1835,1835,1835,0
2022-01-11 11:45:00,1835,1835,1835,1835,0
2022-01-11 11:46:00,1835,1835,1835,1835,0
2022-01-11 11:47:00,1835,1835,1835,1835,0
2022-01-11 11:48:00,1835,1835,1835,1835,0
2022-01-11 11:49:00,1835,1835,1835,1835,0
2022-01-11 11:50:00,1835,1835,1835,1835,0
2022-01-11 11:51:00,1835,1835,1835,1835,0
2022-01-11 11:52:00,1835,1835,1835,1835,0
2022-01-11 11:53:00,1835,1835,1835,1835,0
2022-01-11 11:54:00,1835,1835,1835,1835,0
2022-01-11 11:55:00,1835,1835,1835,1835,0
2022-01-11 11:56:00,1835,1835,1835,1835,0
2022-01-11 11:57:00,1835,1835,1835,1835,0
2022-01-11 11:58:00,1835,1835,1835,1835,0
2022-01-11 11:59:00,1835,1835,1835,1835,0
2022-01-11 12:00:00,1835,1835,1835,1835,0
2022-01-11 12:01:00,1835,1835,1835,1835,0
2022-01-11 12:02:00,1835,1835,1835,1835,0
2022-01-11 12:03:00,1835,1835,1835,1835,0
2022-01-11 12:04:00,1835,1835,1835,1835,0
2022-01-11 12:05:00,1835,1835,1835,1835,0
2022-01-11 12:06:00,1835,1835,1835,1835,0
2022-01-11 12:07:00,1835,1835,1835,1835,0
2022-01-11 12:08:00,1835,1835,1835,1835,0
2022-01-11 12:09:00,1835,1835,1835,1835,0
2022-01-11 12:10:00,1835,1835,1835,1835,0
2022-01-11 12:11:00,1835,1835,1835,1835,0
2022-01-11 12:12:00,1835,1835,1835,1835,0
2022-01-11 12:13:00,1835,1835,1835,1835,0
2022-01-11 12:14:00,1835,1835,1835,1835,0
2022-01-11 12:15:00,1835,1835,1835,1835,0
2022-01-11 12:16:00,1835,1835,1835,1835,0
2022-01-11 12:17:00,1835,1835,1835,1835,0
2022-01-11 12:18:00,1835,1835,1835,1835,0
2022-01-11 12:19:00,1835,1835,1835,1835,0
2022-01-11 12:20:00,1835,1835,1835,1835,0
2022-01-11 12:21:00,1835,1835,1835,1835,0
2022-01-11 12:22:00,1835,1835,1835,1835,0
2022-01-11 12:23:00,1835,1835,1835,1835,0
2022-01-11 12:24:00,1835,1835,1835,1835,0
2022-01-11 12:25:00,1835,1835,1835,1835,0
2022-01-11 12:26:00,1835,1835,1835,1835,0
2022-01-11 12:27:00,1835,1835,1835,1835,0
2022-01-11 12:28:00,1835,1835,1835,1835,0
2022-01-11 12:29:00,1835,1835,1835,1835,0
2022-01-11 12:30:00,1835,1835,1835,1835,0
2022-01-11 12:31:00,1835,1835,1835,1835,0
2022-01-11 12:32:00,1835,1835,1835,1835,0
2022-01-11 12:33:00,1835,1835,1835,1835,0
2022-01-11 12:34:00,1835,1835,1835,1835,0
2022-01-11 12:35:00,1835,1835,1835,1835,0
2022-01-11 12:36:00,1835,1835,1835,1835,0
2022-01-11 12:37:00,1835,1835,1835,1835,0
2022-01-11 12:38:00,1835,1835,1835,1835,0
2022-01-11 12:39:00,1835,1835,1835,1835,0
2022-01-11 12:40:00,1835,1835,1835,1835,0
2022-01-11 12:41:00,1835,1835,1835,1835,0
2022-01-11 12:42:00,1835,1835,1835,1835,0
2022-01-11 12:43:00,1835,1835,1835,1835,0
2022-01-11 12:44:00,1835,1835,1835,1835,0
2022-01-11 12:45:00,1835,1835,1835,1835,0
2022-01-11 12:46:00,1835,1835,1835,1835,0
2022-01-11 12:47:00,1835,1835,1835,1835,0
2022-01-11 12:48:00,1835,1835,1835,1835,0
2022-01-11 12:49:00,1835,1835,1835,1835,0
2022-01-11 12:50:00,1835,1835,1835,1835,0
2022-01-11 12:51:00,1835,1835,1835,1835,0
2022-01-11 12:52:00,1835,1835,1835,1835,0
2022-01-11 12:53:00,1835,1835,1835,1835,0
2022-01-11 12:54:00,1835,1835,1835,1835,0
2022-01-11 12:55:00,1835,1835,1835,1835,0
2022-01-11 12:56:00,1835,1835,1835,1835,0
2022-01-11 12:57:00,1835,1835,1835,1835,0
2022-01-11 12:58:00,1835,1835,1835,1835,0
2022-01-11 12:59:00,1835,1835,1835,1835,0
2022-01-11 13:00:00,1835,1835,1835,1835,0
2022-01-11 13:01:00,1835,1835,1835,1835,0
2022-01-11 13:02:00,1835,1835,1835,1835,0
2022-01-11 13:03:00,1835,1835,1835,1835,0
2022-01-11 13:04:00,1835,1835,1835,1835,0
2022-01-11 13:05:00,1835,1835,1835,1835,0
2022-01-11 13:06:00,1835,1835,1835,1835,0
2022-01-11 13:07:00,1835,1835,1835,1835,0
2022-01-11 13:08:00,1835,1835,1835,1835,0
2022-01-11 13:09:00,1835,1835,1835,1835,0
2022-01-11 13:10:00,1835,1835,1835,1835,0
2022-01-11 13:11:00,1835,1835,1835,1835,0
2022-01-11 13:12:00,1835,1835,1835,1835,0
2022-01-11 13:13:00,1835,1835,1835,1835,0
2022-01-11 13:14:00,1835,1835,1835,1835,0
2022-01-11 13:15:00,1835,1835,1835,1835,0
2022-01-11 13:16:00,1835,1835,1835,1835,0
2022-01-11 13:17:00,1835,1835,1835,1835,0
2022-01-11 13:18:00,1835,1835,1835,1835,0
2022-01-11 13:19:00,1835,1835,1835,1835,0
2022-01-11 13:20:00,1835,1835,1835,1835,0
2022-01-11 13:21:00,1835,1835,1835,1835,0
2022-01-11 13:22:00,1835,1835,1835,1835,0
2022-01-11 13:23:00,1835,1835,1835,1835,0
2022-01-11 13:24:00,1835,1835,1835,1835,0
2022-01-11 13:25:00,1835,1835,1835,1835,0
2022-01-11 13:26:00,1835,1835,1835,1835,0
2022-01-11 13:27:00,1835,1835,1835,1835,0
2022-01-11 13:28:00,1835,1835,1835,1835,0
2022-01-11 13:29:00,1835,1835,1835,1835,0
2022-01-11 13:30:00,1835,1835,1835,1835,0
2022-01-11 13:31:00,1835,1835,1835,1835,0
2022-01-11 13:32:00,1835,1835,1835,1835,0
2022-01-11 13:33:00,1835,1835,1835,1835,0
2022-01-11 13:34:00,1835,1835,1835,1835,0
2022-01-11 13:35:00,1835,1835,1835,1835,0
2022-01-11 13:36:00,1835,1835,1835,1835,0
2022-01-11 13:37:00,1835,1835,1835,1835,0
2022-01-11 13:38:00,1835,1835,1835,1835,0
2022-01-11 13:39:00,1835,1835,1835,1835,0
2022-01-11 13:40:00,1835,1835,1835,1835,0
2022-01-11 13:41:00,1835,1835,1835,1835,0
2022-01-11 13:42:00,1835,1835,1835,1835,0
2022-01-11 13:43:00,1835,1835,1835,1835,0
2022-01-11 13:44:00,1835,1835,1835,1835,0
2022-01-11 13:45:00,1835,1835,1835,1835,0
2022-01-11 13:46:00,1835,1835,1835,1835,0
2022-01-11 13:47:00,1835,1835,1835,1835,0
2022-01-11 13:48:00,1835,1835,1835,1835,0
2022-01-11 13:49:00,1835,1835,1835,1835,0
2022-01-11 13:50:00,1835,1835,1835,1835,0
2022-01-11 13:51:00,1835,1835,1835,1835,0
2022-01-11 13:52:00,1835,1835,1835,1835,0
2022-01-11 13:53:00,1835,1835,1835,1835,0
2022-01-11 13:54:00,1835,1835,1835,1835,0
2022-01-11 13:55:00,1835,1835,1835,1835,0
2022-01-11 13:56:00,1835,1835,1835,1835,0
2022-01-11 13:57:00,1835,1835,1835,1835,0
2022-01-11 13:58:00,1835,1835,1835,1835,0
2022-01-11 13:59:00,1835,1835,1835,1835,0
2022-01-11 14:00:00,1835,1835,1835,1835,0
2022-01-11 14:01:00,1835,1835,1835,1835,0
2022-01-11 14:02:00,1835,1835,1835,1835,0
2022-01-11 14:03:00,1835,1835,1835,1835,0
2022-01-11 14:04:00,1835,1835,1835,1835,0
2022-01-11 14:05:00,1835,1835,1835,1835,0
2022-01-11 14:06:00,1835,1835,1835,1835,0
2022-01-11 14:07:00,1835,1835,1835,1835,0
2022-01-11 14:08:00,1835,1835,1835,1835,0
2022-01-11 14:09:00,1835,1835,1835,1835,0
2022-01-11 14:10:00,1835,1835,1835,1835,0
2022-01-11 14:11:00,1835,1835,1835,1835,0
2022-01-11 14:12:00,1835,1835,1835,1835,0
2022-01-11 14:13:00,1835,1835,1835,1835,0
2022-01-11 14:14:00,1835,1835,1835,1835,0
2022-01-11 14:15:00,1835,1835,1835,1835,0
2022-01-11 14:16:00,1835,1835,1835,1835,0
2022-01-11 14:17:00,1835,1835,1835,1835,0
2022-01-11 14:18:00,1835,1835,1835,1835,0
2022-01-11 14:19:00,1835,1835,1835,1835,0
2022-01-11 14:20:00,1835,1835,1835,1835,0
2022-01-11 14:21:00,1835,1835,1835,1835,0
2022-01-11 14:22:00,1835,1835,1835,1835,0
2022-01-11 14:23:00,1835,1835,1835,1835,0
2022-01-11 14:24:00,1835,1835,1835,1835,0
2022-01-11 14:25:00,1835,1835,1835,1835,0
2022-01-11 14:26:00,1835,1835,1835,1835,0
2022-01-11 14:27:00,1835,1835,1835,1835,0
2022-01-11 14:28:00,1835,1835,1835,1835,0
2022-01-11 14:29:00,1835,1835,1835,1835,0
2022-01-11 14:30:00,1835,1835,1835,1835,0
2022-01-11 14:31:00,1835,1835,1835,1835,0
2022-01-11 14:32:00,1835,1835,1835,1835,0
2022-01-11 14:33:00,1835,1835,1835,1835,0
2022-01-11 14:34:00,1835,1835,1835,1835,0
2022-01-11 14:35:00,1835,1835,1835,1835,0
2022-01-11 14:36:00,1835,1835,1835,1835,0
2022-01-11 14:37:00,1835,1835,1835,1835,0
2022-01-11 14:38:00,1835,1835,1835,1835,0
2022-01-11 14:39:00,1835,1835,1835,1835,0
2022-01-11 14:40:00,1835,1835,1835,1835,0
2022-01-11 14:41:00,1835,1835,1835,1835,0
2022-01-11 14:42:00,1835,1835,1835,1835,0
2022-01-11 14:43:00,1835,1835,1835,1835,0
2022-01-11 14:44:00,1835,1835,1835,1835,0
2022-01-11 14:45:00,1835,1835,1835,1835,0
2022-01-11 14:46:00,1835,1835,1835,1835,0
2022-01-11 14:47:00,1835,1835,1835,1835,0
2022-01-11 14:48:00,1835,1835,1835,1835,0
2022-01-11 14:49:00,1835,1835,1835,1835,0
2022-01-11 14:50:00,1835,1835,1835,1835,0
2022-01-11 14:51:00,1835,1835,1835,1835,0
2022-01-11 14:52:00,1835,1835,1835,1835,0
2022-01-11 14:53:00,1835,1835,1835,1835,0
2022-01-11 14:54:00,1835,1835,1835,1835,0
2022-01-11 14:55:00,1835,1835,1835,1835,0
2022-01-11 14:56:00,1835,1835,1835,1835,0
2022-01-11 14:57:00,1835,1835,1835,1835,0
2022-01-11 14:58:00,1835,1835,1835,1835,0
2022-01-11 14:59:00,1835,1835,1835,1835,0
2022-01-11 15:00:00,1835,1835,1835,1835,0
2022-01-11 15:01:00,1835,1835,1835,1835,0
2022-01-11 15:02:00,1835,1835,1835,1835,0
2022-01-11 15:03:00,1835,1835,1835,1835,0
2022-01-11 15:04:00,1835,1835,1835,1835,0
2022-01-11 15:05:00,1835,1835,1835,1835,0
2022-01-11 15:06:00,1835,1835,1835,1835,0
2022-01-11 15:07:00,1835,1835,1835,1835,0
2022-01-11 15:08:00,1835,1835,1835,1835,0
2022-01-11 15:09:00,1835,1835,1835,1835,0
2022-01-11 15:10:00,1835,1835,1835,1835,0
2022-01-11 15:11:00,1835,1835,1835,1835,0
2022-01-11 15:12:00,1835,1835,1835,1835,0
2022-01-11 15:13:00,1835,1835,1835,1835,0
2022-01-11 15:14:00,1835,1835,1835,1835,0
2022-01-11 15:15:00,1835,1835,1835,1835,0
2022-01-11 15:16:00,1835,1835,1835,1835,0
2022-01-11 15:17:00,1835,1835,1835,1835,0
2022-01-11 15:18:00,1835,1835,1835,1835,0
2022-01-11 15:19:00,1835,1835,1835,1835,0
2022-01-11 15:20:00,1835,1835,1835,1835,0
2022-01-11 15:21:00,1835,1835,1835,1835,0
2022-01-11 15:22:00,1835,1835,1835,1835,0
2022-01-11 15:23:00,1835,1835,1835,1835,0
2022-01-11 15:24:00,1835,1835,1835,1835,0
2022-01-11 15:25:00,1835,1835,1835,1835,0
2022-01-11 15:26:00,1835,1835,1835,1835,0
2022-01-11 15:27:00,1835,1835,1835,1835,0
2022-01-11 15:28:00,1835,1835,1835,1835,0
2022-01-11 15:29:00,1835,1835,1835,1835,0
2022-01-11 15:30:00,1835,1835,1835,1835,0
2022-01-11 15:31:00,1835,1835,1835,1835,0
2022-01-11 15:32:00,1835,1835,1835,1835,0
2022-01-11 15:33:00,1835,1835,1835,1835,0
2022-01-11 15:34:00,1835,1835,1835,1835,0
2022-01-11 15:35:00,1835,1835,1835,1835,0
2022-01-11 15:36:00,1835,1835,1835,1835,0
2022-01-11 15:37:00,1835,1835,1835,1835,0
2022-01-11 15:38:00,1835,1835,1835,1835,0
2022-01-11 15:39:00,1835,1835,1835,1835,0
2022-01-11 15:40:00,1835,1835,1835,1835,0
2022-01-11 15:41:00,1835,1835,1835,1835,0
2022-01-11 15:42:00,1835,1835,1835,1835,0
2022-01-11 15:43:00,1835,1835,1835,1835,0
2022-01-11 15:44:00,1835,1835,1835,1835,0
2022-01-11 15:45:00,1835,1835,1835,1835,0
2022-01-11 15:46:00,1835,1835,1835,1835,0
2022-01-11 15:47:00,1835,1835,1835,1835,0
2022-01-11 15:48:00,1835,1835,1835,1835,0
2022-01-11 15:49:00,1835,1835,1835,1835,0
2022-01-11 15:50:00,1835,1835,1835,1835,0
2022-01-11 15:51:00,1835,1835,1835,1835,0
2022-01-11 15:52:00,1835,1835,1835,1835,0
2022-01-11 15:53:00,1835,1835,1835,1835,0
2022-01-11 15:54:00,1835,1835,1835,1835,0
2022-01-11 15:55:00,1835,1835,1835,1835,0
2022-01-11 15:56:00,1835,1835,1835,1835,0
2022-01-11 15:57:00,1835,1835,1835,1835,0
2022-01-11 15:58:00,1835,1835,1835,1835,0
2022-01-11 15:59:00,1835,1835,1835,1835,0
2022-01-12 09:00:00,1835,1835,1835,1835,0
2022-01-12 09:01:00,1835,1835,1835,1835,0
2022-01-12 09:02:00,1835,1835,1835,1835,0
2022-01-12 09:03:00,1835,1835,1835,1835,0
2022-01-12 09:04:00,1835,1835,1835,1835,0
2022-01-12 09:05:00,1835,1835,1835,1835,0
2022-01-12 09:06:00,1835,1835,1835,1835,0
2022-01-12 09:07:00,1835,1835,1835,1835,0
2022-01-12 09:08:00,1835,1835,1835,1835,0
2022-01-12 09:09:00,1835,1835,1835,1835,0
2022-01-12 09:10:00,1835,1835,1835,1835,0
2022-01-12 09:11:00,1835,1835,1835,1835,0
2022-01-12 09:12:00,1835,1835,1835,1835,0
2022-01-12 09:13:00,1835,1835,1835,1835,0
2022-01-12 09:14:00,1835,1835,1835,1835,0
2022-01-12 09:15:00,1835,1835,1835,1835,0
2022-01-12 09:16:00,1835,1835,1835,1835,0
2022-01-12 09:17:00,1835,1835,1835,1835,0
2022-01-12 09:18:00,1835,1835,1835,1835,0
2022-01-12 09:19:00,1835,1835,1835,1835,0
2022-01-12 09:20:00,1835,1835,1835,1835,0
2022-01-12 09:21:00,1835,1835,1835,1835,0
2022-01-12 09:22:00,1835,1835,1835,1835,0
2022-01-12 09:23:00,1835,1835,1835,1835,0
2022-01-12 09:24:00,1835,1835,1835,1835,0
2022-01-12 09:25:00,1835,1835,1835,1835,0
2022-01-12 09:26:00,1835,1835,1835,1835,0
2022-01-12 09:27:00,1835,1835,1835,1835,0
2022-01-12 09:28:00,1835,1835,1835,1835,0
2022-01-12 09:29:00,1835,1835,1835,1835,0
2022-01-12 09:30:00,1835,1835,1835,1835,0
2022-01-12 09:31:00,1835,1835,1835,1835,0
2022-01-12 09:32:00,1835,1835,1835,1835,0
2022-01-12 09:33:00,1835,1835,1835,1835,0
2022-01-12 09:34:00,1835,1835,1835,1835,0
2022-01-12 09:35:00,1835,1835,1835,1835,0
2022-01-12 09:36:00,1835,1835,1835,1835,0
2022-01-12 09:37:00,1835,1835,1835,1835,0
2022-01-12 09:38:00,1835,1835,1835,1835,0
2022-01-12 09:39:00,1835,1835,1835,1835,0
2022-01-12 09:40:00,1835,1835,1835,1835,0
2022-01-12 09:41:00,1835,1835,1835,1835,0
2022-01-12 09:42:00,1835,1835,1835,1835,0
2022-01-12 09:43:00,1835,1835,1835,1835,0
2022-01-12 09:44:00,1835,1835,1835,1835,0
2022-01-12 09:45:00,1835,1835,1835,1835,0
2022-01-12 09:46:00,1835,1835,1835,1835,0
2022-01-12 09:47:00,1835,1835,1835,1835,0
2022-01-12 09:48:00,1835,1835,1835,1835,0
2022-01-12 09:49:00,1835,1835,1835,1835,0
2022-01-12 09:50:00,1835,1835,1835,1835,0
2022-01-12 09:51:00,1835,1835,1835,1835,0
2022-01-12 09:52:00,1835,1835,1835,1835,0
2022-01-12 09:53:00,1835,1835,1835,1835,0
2022-01-12 09:54:00,1835,1835,1835,1835,0
2022-01-12 09:55:00,1835,1835,1835,1835,0
2022-01-12 09:56:00,1835,1835,1835,1835,0
2022-01-12 09:57:00,1835,1835,1835,1835,0
2022-01-12 09:58:00,1835,1835,1835,1835,0
2022-01-12 09:59:00,1835,1835,1835,1835,0
2022-01-12 10:00:00,1835,1835,1835,1835,0
2022-01-12 10:01:00,1835,1835,1835,1835,0
2022-01-12 10:02:00,1835,1835,1835,1835,0
2022-01-12 10:03:00,1835,1835,1835,1835,0
2022-01-12 10:04:00,1835,1835,1835,1835,0
2022-01-12 10:05:00,1835,1835,1835,1835,0
2022-01-12 10:06:00,1835,1835,1835,1835,0
2022-01-12 10:07:00,1835,1835,1835,1835,0
2022-01-12 10:08:00,1835,1835,1835,1835,0
2022-01-12 10:09:00,1835,1835,1835,1835,0
2022-01-12 10:10:00,1835,1835,1835,1835,0
2022-01-12 10:11:00,1835,1835,1835,1835,0
2022-01-12 10:12:00,1835,1835,1835,1835,0
2022-01-12 10:13:00,1835,1835,1835,1835,0
2022-01-12 10:14:00,1835,1835,1835,1835,0
2022-01-12 10:15:00,1835,1835,1835,1835,0
2022-01-12 10:16:00,1835,1835,1835,1835,0
2022-01-12 10:17:00,1835,1835,1835,1835,0
2022-01-12 10:18:00,1835,1835,1835,1835,0
2022-01-12 10:19:00,1835,1835,1835,1835,0
2022-01-12 10:20:00,1835,1835,1835,1835,0
2022-01-12 10:21:00,1835,1835,1835,1835,0
2022-01-12 10:22:00,1835,1835,1835,1835,0
2022-01-12 10:23:00,1835,1835,1835,1835,0
2022-01-12 10:24:00,1835,1835,1835,1835,0
2022-01-12 10:25:00,1835,1835,1835,1835,0
2022-01-12 10:26:00,1835,1835,1835,1835,0
2022-01-12 10:27:00,1835,1835,1835,1835,0
2022-01-12 10:28:00,1835,1835,1835,1835,0
2022-01-12 10:29:00,1835,1835,1835,1835,0
2022-01-12 10:30:00,1835,1835,1835,1835,0
2022-01-12 10:31:00,1835,1835,1835,1835,0
2022-01-12 10:32:00,1835,1835,1835,1835,0
2022-01-12 10:33:00,1835,1835,1835,1835,0
2022-01-12 10:34:00,1835,1835,1835,1835,0
2022-01-12 10:35:00,1835,1835,1835,1835,0
2022-01-12 10:36:00,1835,1835,1835,1835,0
2022-01-12 10:37:00,1835,1835,1835,1835,0
2022-01-12 10:38:00,1835,1835,1835,1835,0
2022-01-12 10:39:00,1835,1835,1835,1835,0
2022-01-12 10:40:00,1835,1835,1835,1835,0
2022-01-12 10:41:00,1835,1835,1835,1835,0
2022-01-12 10:42:00,1835,1835,1835,1835,0
2022-01-12 10:43:00,1835,1835,1835,1835,0
2022-01-12 10:44:00,1835,1835,1835,1835,0
2022-01-12 10:45:00,1835,1835,1835,1835,0
2022-01-12 10:46:00,1835,1835,1835,1835,0
2022-01-12 10:47:00,1835,1835,1835,1835,0
2022-01-12 10:48:00,1835,1835,1835,1835,0
2022-01-12 10:49:00,1835,1835,1835,1835,0
2022-01-12 10:50:00,1835,1835,1835,1835,0
2022-01-12 10:51:00,1835,1835,1835,1835,0
2022-01-12 10:52:00,1835,1835,1835,1835,0
2022-01-12 10:53:00,1835,1835,1835,1835,0
2022-01-12 10:54:00,1835,1835,1835,1835,0
2022-01-12 10:55:00,1835,1835,1835,1835,0
2022-01-12 10:56:00,1835,1835,1835,1835,0
2022-01-12 10:57:00,1835,1835,1835,1835,0
2022-01-12 10:58:00,1835,1835,1835,1835,0
2022-01-12 10:59:00,1835,1835,1835,1835,0
2022-01-12 11:00:00,1835,1835,1835,1835,0
2022-01-12 11:01:00,1835,1835,1835,1835,0
2022-01-12 11:02:00,1835,1835,1835,1835,0
2022-01-12 11:03:00,1835,1835,1835,1835,0
2022-01-12 11:04:00,1835,1835,1835,1835,0
2022-01-12 11:05:00,1835,1835,1835,1835,0
2022-01-12 11:06:00,1835,1835,1835,1835,0
2022-01-12 11:07:00,1835,1835,1835,1835,0
2022-01-12 11:08:00,1835,1835,1835,1835,0
2022-01-12 11:09:00,1835,1835,1835,1835,0
2022-01-12 11:10:00,1835,1835,1835,1835,0
2022-01-12 11:11:00,1835,1835,1835,1835,0
2022-01-12 11:12:00,1835,1835,1835,1835,0
2022-01-12 11:13:00,1835,1835,1835,1835,0
2022-01-12 11:14:00,1835,1835,1835,1835,0
2022-01-12 11:15:00,1835,1835,1835,1835,0
2022-01-12 11:16:00,1835,1835,1835,1835,0
2022-01-12 11:17:00,1835,1835,1835,1835,0
2022-01-12 11:18:00,1835,1835,1835,1835,0
2022-01-12 11:19:00,1835,1835,1835,1835,0
2022-01-12 11:20:00,1835,1835,1835,1835,0
2022-01-12 11:21:00,1835,1835,1835,1835,0
2022-01-12 11:22:00,1835,1835,1835,1835,0
2022-01-12 11:23:00,1835,1835,1835,1835,0
2022-01-12 11:24:00,1835,1835,1835,1835,0
2022-01-12 11:25:00,1835,1835,1835,1835,0
2022-01-12 11:26:00,1835,1835,1835,1835,0
2022-01-12 11:27:00,1835,1835,1835,1835,0
2022-01-12 11:28:00,1835,1835,1835,1835,0
2022-01-12 11:29:00,1835,1835,1835,1835,0
2022-01-12 11:30:00,1835,1835,1835,1835,0
2022-01-12 11:31:00,1835,1835,1835,1835,0
2022-01-12 11:32:00,1835,1835,1835,1835,0
2022-01-12 11:33:00,1835,1835,1835,1835,0
2022-01-12 11:34:00,1835,1835,1835,1835,0
2022-01-12 11:35:00,1835,1835,1835,1835,0
2022-01-12 11:36:00,1835,1835,1835,1835,0
2022-01-12 11:37:00,1835,1835,1835,1835,0
2022-01-12 11:38:00,1835,1835,1835,1835,0
2022-01-12 11:39:00,1835,1835,1835,1835,0
2022-01-12 11:40:00,1835,1835,1835,1835,0
2022-01-12 11:41:00,1835,1835,1835,1835,0
2022-01-12 11:42:00,1835,1835,1835,1835,0
2022-01-12 11:43:00,1835,1835,1835,1835,0
2022-01-12 11:44:00,1835,1835,1835,1835,0
2022-01-12 11:45:00,1835,1835,1835,1835,0
2022-01-12 11:46:00,1835,1835,1835,1835,0
2022-01-12 11:47:00,1835,1835,1835,1835,0
2022-01-12 11:48:00,1835,1835,1835,1835,0
2022-01-12 11:49:00,1835,1835,1835,1835,0
2022-01-12 11:50:00,1835,1835,1835,1835,0
2022-01-12 11:51:00,1835,1835,1835,1835,0
2022-01-12 11:52:00,1835,1835,1835,1835,0
2022-01-12 11:53:00,1835,1835,1835,1835,0
2022-01-12 11:54:00,1835,1835,1835,1835,0
2022-01-12 11:55:00,1835,1835,1835,1835,0
2022-01-12 11:56:00,1835,1835,1835,1835,0
2022-01-12 11:57:00,1835,1835,1835,1835,0
2022-01-12 11:58:00,1835,1835,1835,1835,0
2022-01-12 11:59:00,1835,1835,1835,1835,0
2022-01-12 12:00:00,1835,1835,1835,1835,0
2022-01-12 12:01:00,1835,1835,1835,1835,0
2022-01-12 12:02:00,1835,1835,1835,1835,0
2022-01-12 12:03:00,1835,1835,1835,1835,0
2022-01-12 12:04:00,1835,1835,1835,1835,0
2022-01-12 12:05:00,1835,1835,1835,1835,0
2022-01-12 12:06:00,1835,1835,1835,1835,0
2022-01-12 12:07:00,1835,1835,1835,1835,0
2022-01-12 12:08:00,1835,1835,1835,1835,0
2022-01-12 12:09:00,1835,1835,1835,1835,0
2022-01-12 12:10:00,1835,1835,1835,1835,0
2022-01-12 12:11:00,1835,1835,1835,1835,0
2022-01-12 12:12:00,1835,1835,1835,1835,0
2022-01-12 12:13:00,1835,1835,1835,1835,0
2022-01-12 12:14:00,1835,1835,1835,1835,0
2022-01-12 12:15:00,1835,1835,1835,1835,0
2022-01-12 12:16:00,1835,1835,1835,1835,0
2022-01-12 12:17:00,1835,1835,1835,1835,0
2022-01-12 12:18:00,1835,1835,1835,1835,0
2022-01-12 12:19:00,1835,1835,1835,1835,0
2022-01-12 12:20:00,1835,1835,1835,1835,0
2022-01-12 12:21:00,1835,1835,1835,1835,0
2022-01-12 12:22:00,1835,1835,1835,1835,0
2022-01-12 12:23:00,1835,1835,1835,1835,0
2022-01-12 12:24:00,1835,1835,1835,1835,0
2022-01-12 12:25:00,1835,1835,1835,1835,0
2022-01-12 12:26:00,1835,1835,1835,1835,0
2022-01-12 12:27:00,1835,1835,1835,1835,0
2022-01-12 12:28:00,1835,1835,1835,1835,0
2022-01-12 12:29:00,1835,1835,1835,1835,0
2022-01-12 12:30:00,1835,1835,1835,1835,0
2022-01-12 12:31:00,1835,1835,1835,1835,0
2022-01-12 12:32:00,1835,1835,1835,1835,0
2022-01-12 12:33:00,1835,1835,1835,1835,0
2022-01-12 12:34:00,1835,1835,1835,1835,0
2022-01-12 12:35:00,1835,1835,1835,1835,0
2022-01-12 12:36:00,1835,1835,1835,1835,0
2022-01-12 12:37:00,1835,1835,1835,1835,0
2022-01-12 12:38:00,1835,1835,1835,1835,0
2022-01-12 12:39:00,1835,1835,1835,1835,0
2022-01-12 12:40:00,1835,1835,1835,1835,0
2022-01-12 12:41:00,1835,1835,1835,1835,0
2022-01-12 12:42:00,1835,1835,1835,1835,0
2022-01-12 12:43:00,1835,1835,1835,1835,0
2022-01-12 12:44:00,1835,1835,1835,1835,0
2022-01-12 12:45:00,1835,1835,1835,1835,0
2022-01-12 12:46:00,1835,1835,1835,1835,0
2022-01-12 12:47:00,1835,1835,1835,1835,0
2022-01-12 12:48:00,1835,1835,1835,1835,0
2022-01-12 12:49:00,1835,1835,1835,1835,0
2022-01-12 12:50:00,1835,1835,1835,1835,0
2022-01-12 12:51:00,1835,1835,1835,1835,0
2022-01-12 12:52:00,1835,1835,1835,1835,0
2022-01-12 12:53:00,1835,1835,1835,1835,0
2022-01-12 12:54:00,1835,1835,1835,1835,0
2022-01-12 12:55:00,1835,1835,1835,1835,0
2022-01-12 12:56:00,1835,1835,1835,1835,0
2022-01-12 12:57:00,1835,1835,1835,1835,0
2022-01-12 12:58:00,1835,1835,1835,1835,0
2022-01-12 12:59:00,1835,1835,1835,1835,0
2022-01-12 13:00:00,1835,1835,1835,1835,0
2022-01-12 13:01:00,1835,1835,1835,1835,0
2022-01-12 13:02:00,1835,1835,1835,1835,0
2022-01-12 13:03:00,1835,1835,1835,1835,0
2022-01-12 13:04:00,1835,1835,1835,1835,0
2022-01-12 13:05:00,1835,1835,1835,1835,0
2022-01-12 13:06:00,1835,1835,1835,1835,0
2022-01-12 13:07:00,1835,1835,1835,1835,0
2022-01-12 13:08:00,1835,1835,1835,1835,0
2022-01-12 13:09:00,1835,1835,1835,1835,0
2022-01-12 13:10:00,1835,1835,1835,1835,0
2022-01-12 13:11:00,1835,1835,1835,1835,0
2022-01-12 13:12:00,1835,1835,1835,1835,0
2022-01-12 13:13:00,1835,1835,1835,1835,0
2022-01-12 13:14:00,1835,1835,1835,1835,0
2022-01-12 13:15:00,1835,1835,1835,1835,0
2022-01-12 13:16:00,1835,1835,1835,1835,0
2022-01-12 13:17:00,1835,1835,1835,1835,0
2022-01-12 13:18:00,1835,1835,1835,1835,0
2022-01-12 13:19:00,1835,1835,1835,1835,0
2022-01-12 13:20:00,1835,1835,1835,1835,0
2022-01-12 13:21:00,1835,1835,1835,1835,0
2022-01-12 13:22:00,1835,1835,1835,1835,0
2022-01-12 13:23:00,1835,1835,1835,1835,0
2022-01-12 13:24:00,1835,1835,1835,1835,0
2022-01-12 13:25:00,1835,1835,1835,1835,0
2022-01-12 13:26:00,1835,1835,1835,1835,0
2022-01-12 13:27:00,1835,1835,1835,1835,0
2022-01-12 13:28:00,1835,1835,1835,1835,0
2022-01-12 13:29:00,1835,1835,1835,1835,0
2022-01-12 13:30:00,1835,1835,1835,1835,0
2022-01-12 13:31:00,1835,1835,1835,1835,0
2022-01-12 13:32:00,1835,1835,1835,1835,0
2022-01-12 13:33:00,1835,1835,1835,1835,0
2022-01-12 13:34:00,1835,1835,1835,1835,0
2022-01-12 13:35:00,1835,1835,1835,1835,0
2022-01-12 13:36:00,1835,1835,1835,1835,0
2022-01-12 13:37:00,1835,1835,1835,1835,0
2022-01-12 13:38:00,1835,1835,1835,1835,0
2022-01-12 13:39:00,1835,1835,1835,1835,0
2022-01-12 13:40:00,1835,1835,1835,1835,0
2022-01-12 13:41:00,1835,1835,1835,1835,0
2022-01-12 13:42:00,1835,1835,1835,1835,0
2022-01-12 13:43:00,1835,1835,1835,1835,0
2022-01-12 13:44:00,1835,1835,1835,1835,0
2022-01-12 13:45:00,1835,1835,1835,1835,0
2022-01-12 13:46:00,1835,1835,1835,1835,0
2022-01-12 13:47:00,1835,1835,1835,1835,0
2022-01-12 13:48:00,1835,1835,1835,1835,0
2022-01-12 13:49:00,1835,1835,1835,1835,0
2022-01-12 13:50:00,1835,1835,1835,1835,0
2022-01-12 13:51:00,1835,1835,1835,1835,0
2022-01-12 13:52:00,1835,1835,1835,1835,0
2022-01-12 13:53:00,1835,1835,1835,1835,0
2022-01-12 13:54:00,1835,1835,1835,1835,0
2022-01-12 13:55:00,1835,1835,1835,1835,0
2022-01-12 13:56:00,1835,1835,1835,1835,0
2022-01-12 13:57:00,1835,1835,1835,1835,0
2022-01-12 13:58:00,1835,1835,1835,1835,0
2022-01-12 13:59:00,1835,1835,1835,1835,0
2022-01-12 14:00:00,1835,1835,1835,1835,0
2022-01-12 14:01:00,1835,1835,1835,1835,0
2022-01-12 14:02:00,1835,1835,1835,1835,0
2022-01-12 14:03:00,1835,1835,1835,1835,0
2022-01-12 14:04:00,1835,1835,1835,1835,0
2022-01-12 14:05:00,1835,1835,1835,1835,0
2022-01-12 14:06:00,1835,1835,1835,1835,0
2022-01-12 14:07:00,1835,1835,1835,1835,0
2022-01-12 14:08:00,1835,1835,1835,1835,0
2022-01-12 14:09:00,1835,1835,1835,1835,0
2022-01-12 14:10:00,1835,1835,1835,1835,0
2022-01-12 14:11:00,1835,1835,1835,1835,0
2022-01-12 14:12:00,1835,1835,1835,1835,0
2022-01-12 14:13:00,1835,1835,1835,1835,0
2022-01-12 14:14:00,1835,1835,1835,1835,0
2022-01-12 14:15:00,1835,1835,1835,1835,0
2022-01-12 14:16:00,1835,1835,1835,1835,0
2022-01-12 14:17:00,1835,1835,1835,1835,0
2022-01-12 14:18:00,1835,1835,1835,1835,0
2022-01-12 14:19:00,1835,1835,1835,1835,0
2022-01-12 14:20:00,1835,1835,1835,1835,0
2022-01-12 14:21:00,1835,1835,1835,1835,0
2022-01-12 14:22:00,1835,1835,1835,1835,0
2022-01-12 14:23:00,1835,1835,1835,1835,0
2022-01-12 14:24:00,1835,1835,1835,1835,0
2022-01-12 14:25:00,1835,1835,1835,1835,0
2022-01-12 14:26:00,1835,1835,1835,1835,0
2022-01-12 14:27:00,1835,1835,1835,1835,0
2022-01-12 14:28:00,1835,1835,1835,1835,0
2022-01-12 14:29:00,1835,1835,1835,1835,0
2022-01-12 14:30:00,1835,1835,1835,1835,0
2022-01-12 14:31:00,1835,1835,1835,1835,0
2022-01-12 14:32:00,1835,1835,1835,1835,0
2022-01-12 14:33:00,1835,1835,1835,1835,0
2022-01-12 14:34:00,1835,1835,1835,1835,0
2022-01-12 14:35:00,1835,1835,1835,1835,0
2022-01-12 14:36:00,1835,1835,1835,1835,0
2022-01-12 14:37:00,1835,1835,1835,1835,0
2022-01-12 14:38:00,1835,1835,1835,1835,0
2022-01-12 14:39:00,1835,1835,1835,1835,0
2022-01-12 14:40:00,1835,1835,1835,1835,0
2022-01-12 14:41:00,1835,1835,1835,1835,0
2022-01-12 14:42:00,1835,1835,1835,1835,0
2022-01-12 14:43:00,1950,1950,1950,1950,0
2022-01-12 14:44:00,1950,1950,1950,1950,0
2022-01-12 14:45:00,1950,1950,1950,1950,0
2022-01-12 14:46:00,1950,1950,1950,1950,0
2022-01-12 14:47:00,1950,1950,1950,1950,0
2022-01-12 14:48:00,1950,1950,1950,1950,0
2022-01-12 14:49:00,1950,1950,1950,1950,0
2022-01-12 14:50:00,1950,1950,1950,1950,0
2022-01-12 14:51:00,1950,1950,1950,1950,0
2022-01-12 14:52:00,1950,1950,1950,1950,0
2022-01-12 14:53:00,1950,1950,1950,1950,0
2022-01-12 14:54:00,1950,1950,1950,1950,0
2022-01-12 14:55:00,1950,1950,1950,1950,0
2022-01-12 14:56:00,1950,1950,1950,1950,0
2022-01-12 14:57:00,1950,1950,1950,1950,0
2022-01-12 14:58:00,1950,1950,1950,1950,0
2022-01-12 14:59:00,1950,1950,1950,1950,0
2022-01-12 15:00:00,1950,1950,1950,1950,0
2022-01-12 15:01:00,1950,1950,1950,1950,0
2022-01-12 15:02:00,1950,1950,1950,1950,0
2022-01-12 15:03:00,1950,1950,1950,1950,0
2022-01-12 15:04:00,1950,1950,1950,1950,0
2022-01-12 15:05:00,1950,1950,1950,1950,0
2022-01-12 15:06:00,1950,1950,1950,1950,0
2022-01-12 15:07:00,1950,1950,1950,1950,0
2022-01-12 15:08:00,1950,1950,1950,1950,0
2022-01-12 15:09:00,1950,1950,1950,1950,0
2022-01-12 15:10:00,1950,1950,1950,1950,0
2022-01-12 15:11:00,1950,1950,1950,1950,0
2022-01-12 15:12:00,1950,1950,1950,1950,0
2022-01-12 15:13:00,1950,1950,1950,1950,0
2022-01-12 15:14:00,1950,1950,1950,1950,0
2022-01-12 15:15:00,1950,1950,1950,1950,0
2022-01-12 15:16:00,1950,1950,1950,1950,0
2022-01-12 15:17:00,1950,1950,1950,1950,0
2022-01-12 15:18:00,1950,1950,1950,1950,0
2022-01-12 15:19:00,1950,1950,1950,1950,0
2022-01-12 15:20:00,1950,1950,1950,1950,0
2022-01-12 15:21:00,1950,1950,1950,1950,0
2022-01-12 15:22:00,1950,1950,1950,1950,0
2022-01-12 15:23:00,1950,1950,1950,1950,0
2022-01-12 15:24:00,1950,1950,1950,1950,0
2022-01-12 15:25:00,1950,1950,1950,1950,0
2022-01-12 15:26:00,1950,1950,1950,1950,0
2022-01-12 15:27:00,1950,1950,1950,1950,0
2022-01-12 15:28:00,1950,1950,1950,1950,0
2022-01-12 15:29:00,1950,1950,1950,1950,0
2022-01-12 15:30:00,1950,1950,1950,1950,0
2022-01-12 15:31:00,1950,1950,1950,1950,0
2022-01-12 15:32:00,1950,1950,1950,1950,0
2022-01-12 15:33:00,1950,1950,1950,1950,0
2022-01-12 15:34:00,1950,1950,1950,1950,0
2022-01-12 15:35:00,1950,1950,1950,1950,0
2022-01-12 15:36:00,1950,1950,1950,1950,0
2022-01-12 15:37:00,1950,1950,1950,1950,0
2022-01-12 15:38:00,1950,1950,1950,1950,0
2022-01-12 15:39:00,1950,1950,1950,1950,0
2022-01-12 15:40:00,1950,1950,1950,1950,0
2022-01-12 15:41:00,1950,1950,1950,1950,0
2022-01-12 15:42:00,1950,1950,1950,1950,0
2022-01-12 15:43:00,1950,1950,1950,1950,0
2022-01-12 15:44:00,1950,1950,1950,1950,0
2022-01-12 15:45:00,1950,1950,1950,1950,0
2022-01-12 15:46:00,1950,1950,1950,1950,0
2022-01-12 15:47:00,1950,1950,1950,1950,0
2022-01-12 15:48:00,1950,1950,1950,1950,0
2022-01-12 15:49:00,1950,1950,1950,1950,0
2022-01-12 15:50:00,1950,1950,1950,1950,0
2022-01-12 15:51:00,1950,1950,1950,1950,0
2022-01-12 15:52:00,1950,1950,1950,1950,0
2022-01-12 15:53:00,1950,1950,1950,1950,0
2022-01-12 15:54:00,1950,1950,1950,1950,0
2022-01-12 15:55:00,1950,1950,1950,1950,0
2022-01-12 15:56:00,1950,1950,1950,1950,0
2022-01-12 15:57:00,1950,1950,1950,1950,0
2022-01-12 15:58:00,1950,1950,1950,1950,0
2022-01-12 15:59:00,1950,1950,1950,1950,0
2022-01-13 09:00:00,1950,1950,1950,1950,0
2022-01-13 09:01:00,1950,1950,1950,1950,0
2022-01-13 09:02:00,1950,1950,1950,1950,0
2022-01-13 09:03:00,1950,1950,1950,1950,0
2022-01-13 09:04:00,1950,1950,1950,1950,0
2022-01-13 09:05:00,1950,1950,1950,1950,0
2022-01-13 09:06:00,1950,1950,1950,1950,0
2022-01-13 09:07:00,1950,1950,1950,1950,0
2022-01-13 09:08:00,1950,1950,1950,1950,0
2022-01-13 09:09:00,1950,1950,1950,1950,0
2022-01-13 09:10:00,1950,1950,1950,1950,0
2022-01-13 09:11:00,1950,1950,1950,1950,0
2022-01-13 09:12:00,1950,1950,1950,1950,0
2022-01-13 09:13:00,1950,1950,1950,1950,0
2022-01-13 09:14:00,1950,1950,1950,1950,0
2022-01-13 09:15:00,1950,1950,1950,1950,0
2022-01-13 09:16:00,1950,1950,1950,1950,0
2022-01-13 09:17:00,1950,1950,1950,1950,0
2022-01-13 09:18:00,1950,1950,1950,1950,0
2022-01-13 09:19:00,1950,1950,1950,1950,0
2022-01-13 09:20:00,1950,1950,1950,1950,0
2022-01-13 09:21:00,1950,1950,1950,1950,0
2022-01-13 09:22:00,1950,1950,1950,1950,0
2022-01-13 09:23:00,1950,1950,1950,1950,0
2022-01-13 09:24:00,1950,1950,1950,1950,0
2022-01-13 09:25:00,1950,1950,1950,1950,0
2022-01-13 09:26:00,1950,1950,1950,1950,0
2022-01-13 09:27:00,1950,1950,1950,1950,0
2022-01-13 09:28:00,1950,1950,1950,1950,0
2022-01-13 09:29:00,1950,1950,1950,1950,0
2022-01-13 09:30:00,1950,1950,1950,1950,0
2022-01-13 09:31:00,1950,1950,1950,1950,0
2022-01-13 09:32:00,1950,1950,1950,1950,0
2022-01-13 09:33:00,1950,1950,1950,1950,0
2022-01-13 09:34:00,1950,1950,1950,1950,0
2022-01-13 09:35:00,1950,1950,1950,1950,0
2022-01-13 09:36:00,1950,1950,1950,1950,0
2022-01-13 09:37:00,1950,1950,1950,1950,0
2022-01-13 09:38:00,1950,1950,1950,1950,0
2022-01-13 09:39:00,1950,1950,1950,1950,0
2022-01-13 09:40:00,1950,1950,1950,1950,0
2022-01-13 09:41:00,1950,1950,1950,1950,0
2022-01-13 09:42:00,1950,1950,1950,1950,0
2022-01-13 09:43:00,1950,1950,1950,1950,0
2022-01-13 09:44:00,1950,1950,1950,1950,0
2022-01-13 09:45:00,1950,1950,1950,1950,0
2022-01-13 09:46:00,1950,1950,1950,1950,0
2022-01-13 09:47:00,1950,1950,1950,1950,0
2022-01-13 09:48:00,1950,1950,1950,1950,0
2022-01-13 09:49:00,1950,1950,1950,1950,0
2022-01-13 09:50:00,1950,1950,1950,1950,0
2022-01-13 09:51:00,1950,1950,1950,1950,0
2022-01-13 09:52:00,1950,1950,1950,1950,0
2022-01-13 09:53:00,1950,1950,1950,1950,0
2022-01-13 09:54:00,1950,1950,1950,1950,0
2022-01-13 09:55:00,1950,1950,1950,1950,0
2022-01-13 09:56:00,1950,1950,1950,1950,0
2022-01-13 09:57:00,1950,1950,1950,1950,0
2022-01-13 09:58:00,1950,1950,1950,1950,0
2022-01-13 09:59:00,1950,1950,1950,1950,0
2022-01-13 10:00:00,1950,1950,1950,1950,0
2022-01-13 10:01:00,1950,1950,1950,1950,0
2022-01-13 10:02:00,1950,1950,1950,1950,0
2022-01-13 10:03:00,1950,1950,1950,1950,0
2022-01-13 10:04:00,1950,1950,1950,1950,0
2022-01-13 10:05:00,1950,1950,1950,1950,0
2022-01-13 10:06:00,1950,1950,1950,1950,0
2022-01-13 10:07:00,1950,1950,1950,1950,0
2022-01-13 10:08:00,1950,1950,1950,1950,0
2022-01-13 10:09:00,1950,1950,1950,1950,0
2022-01-13 10:10:00,1950,1950,1950,1950,0
2022-01-13 10:11:00,1950,1950,1950,1950,0
2022-01-13 10:12:00,1950,1950,1950,1950,0
2022-01-13 10:13:00,1950,1950,1950,1950,0
2022-01-13 10:14:00,1950,1950,1950,1950,0
2022-01-13 10:15:00,1950,1950,1950,1950,0
2022-01-13 10:16:00,1950,1950,1950,1950,0
2022-01-13 10:17:00,1950,1950,1950,1950,0
2022-01-13 10:18:00,1950,1950,1950,1950,0
2022-01-13 10:19:00,1950,1950,1950,1950,0
2022-01-13 10:20:00,1950,1950,1950,1950,0
2022-01-13 10:21:00,1950,1950,1950,1950,0
2022-01-13 10:22:00,1950,1950,1950,1950,0
2022-01-13 10:23:00,1950,1950,1950,1950,0
2022-01-13 10:24:00,1950,1950,1950,1950,0
2022-01-13 10:25:00,1950,1950,1950,1950,0
2022-01-13 10:26:00,1950,1950,1950,1950,0
2022-01-13 10:27:00,1950,1950,1950,1950,0
2022-01-13 10:28:00,1950,1950,1950,1950,0
2022-01-13 10:29:00,1950,1950,1950,1950,0
2022-01-13 10:30:00,1950,1950,1950,1950,0
2022-01-13 10:31:00,1950,1950,1950,1950,0
2022-01-13 10:32:00,1950,1950,1950,1950,0
2022-01-13 10:33:00,1950,1950,1950,1950,0
2022-01-13 10:34:00,1950,1950,1950,1950,0
2022-01-13 10:35:00,1950,1950,1950,1950,0
2022-01-13 10:36:00,1950,1950,1950,1950,0
2022-01-13 10:37:00,1950,1950,1950,1950,0
2022-01-13 10:38:00,1950,1950,1950,1950,0
2022-01-13 10:39:00,1950,1950,1950,1950,0
2022-01-13 10:40:00,1950,1950,1950,1950,0
2022-01-13 10:41:00,1950,1950,1950,1950,0
2022-01-13 10:42:00,1950,1950,1950,1950,0
2022-01-13 10:43:00,1950,1950,1950,1950,0
2022-01-13 10:44:00,1950,1950,1950,1950,0
2022-01-13 10:45:00,1950,1950,1950,1950,0
2022-01-13 10:46:00,1950,1950,1950,1950,0
2022-01-13 10:47:00,1950,1950,1950,1950,0
2022-01-13 10:48:00,1950,1950,1950,1950,0
2022-01-13 10:49:00,1950,1950,1950,1950,0
2022-01-13 10:50:00,1950,1950,1950,1950,0
2022-01-13 10:51:00,1950,1950,1950,1950,0
2022-01-13 10:52:00,1950,1950,1950,1950,0
2022-01-13 10:53:00,1950,1950,1950,1950,0
2022-01-13 10:54:00,1950,1950,1950,1950,0
2022-01-13 10:55:00,1950,1950,1950,1950,0
2022-01-13 10:56:00,1950,1950,1950,1950,0
2022-01-13 10:57:00,1950,1950,1950,1950,0
2022-01-13 10:58:00,1950,1950,1950,1950,0
2022-01-13 10:59:00,1950,1950,1950,1950,0
2022-01-13 11:00:00,1950,1950,1950,1950,0
2022-01-13 11:01:00,1950,1950,1950,1950,0
2022-01-13 11:02:00,1950,1950,1950,1950,0
2022-01-13 11:03:00,1950,1950,1950,1950,0
2022-01-13 11:04:00,1950,1950,1950,1950,0
2022-01-13 11:05:00,1950,1950,1950,1950,0
2022-01-13 11:06:00,1950,1950,1950,1950,0
2022-01-13 11:07:00,1950,1950,1950,1950,0
2022-01-13 11:08:00,1950,1950,1950,1950,0
2022-01-13 11:09:00,1950,1950,1950,1950,0
2022-01-13 11:10:00,1950,1950,1950,1950,0
2022-01-13 11:11:00,1950,1950,1950,1950,0
2022-01-13 11:12:00,1950,1950,1950,1950,0
2022-01-13 11:13:00,1950,1950,1950,1950,0
2022-01-13 11:14:00,1950,1950,1950,1950,0
2022-01-13 11:15:00,1950,1950,1950,1950,0
2022-01-13 11:16:00,1950,1950,1950,1950,0
2022-01-13 11:17:00,1950,1950,1950,1950,0
2022-01-13 11:18:00,1950,1950,1950,1950,0
2022-01-13 11:19:00,1950,1950,1950,1950,0
2022-01-13 11:20:00,1950,1950,1950,1950,0
2022-01-13 11:21:00,1950,1950,1950,1950,0
2022-01-13 11:22:00,1950,1950,1950,1950,0
2022-01-13 11:23:00,1950,1950,1950,1950,0
2022-01-13 11:24:00,1950,1950,1950,1950,0
2022-01-13 11:25:00,1950,1950,1950,1950,0
2022-01-13 11:26:00,1950,1950,1950,1950,0
2022-01-13 11:27:00,1950,1950,1950,1950,0
2022-01-13 11:28:00,1950,1950,1950,1950,0
2022-01-13 11:29:00,1950,1950,1950,1950,0
2022-01-13 11:30:00,1950,1950,1950,1950,0
2022-01-13 11:31:00,1950,1950,1950,1950,0
2022-01-13 11:32:00,1950,1950,1950,1950,0
2022-01-13 11:33:00,1950,1950,1950,1950,0
2022-01-13 11:34:00,1950,1950,1950,1950,0
2022-01-13 11:35:00,1950,1950,1950,1950,0
2022-01-13 11:36:00,1950,1950,1950,1950,0
2022-01-13 11:37:00,1950,1950,1950,1950,0
2022-01-13 11:38:00,1950,1950,1950,1950,0
2022-01-13 11:39:00,1950,1950,1950,1950,0
2022-01-13 11:40:00,1950,1950,1950,1950,0
2022-01-13 11:41:00,1950,1950,1950,1950,0
2022-01-13 11:42:00,1950,1950,1950,1950,0
2022-01-13 11:43:00,1950,1950,1950,1950,0
2022-01-13 11:44:00,1950,1950,1950,1950,0
2022-01-13 11:45:00,1950,1950,1950,1950,0
2022-01-13 11:46:00,1950,1950,1950,1950,0
2022-01-13 11:47:00,1950,1950,1950,1950,0
2022-01-13 11:48:00,1950,1950,1950,1950,0
2022-01-13 11:49:00,1950,1950,1950,1950,0
2022-01-13 11:50:00,1950,1950,1950,1950,0
2022-01-13 11:51:00,1950,1950,1950,1950,0
2022-01-13 11:52:00,1950,1950,1950,1950,0
2022-01-13 11:53:00,1950,1950,1950,1950,0
2022-01-13 11:54:00,1950,1950,1950,1950,0
2022-01-13 11:55:00,1950,1950,1950,1950,0
2022-01-13 11:56:00,1950,1950,1950,1950,0
2022-01-13 11:57:00,1950,1950,1950,1950,0
2022-01-13 11:58:00,1950,1950,1950,1950,0
2022-01-13 11:59:00,1950,1950,1950,1950,0
2022-01-13 12:00:00,1950,1950,1950,1950,0
2022-01-13 12:01:00,1950,1950,1950,1950,0
2022-01-13 12:02:00,1950,1950,1950,1950,0
2022-01-13 12:03:00,1950,1950,1950,1950,0
2022-01-13 12:04:00,1950,1950,1950,1950,0
2022-01-13 12:05:00,1950,1950,1950,1950,0
2022-01-13 12:06:00,1950,1950,1950,1950,0
2022-01-13 12:07:00,1950,1950,1950,1950,0
2022-01-13 12:08:00,1950,1950,1950,1950,0
2022-01-13 12:09:00,1950,1950,1950,1950,0
2022-01-13 12:10:00,1950,1950,1950,1950,0
2022-01-13 12:11:00,1950,1950,1950,1950,0
2022-01-13 12:12:00,1950,1950,1950,1950,0
2022-01-13 12:13:00,1950,1950,1950,1950,0
2022-01-13 12:14:00,1950,1950,1950,1950,0
2022-01-13 12:15:00,1950,1950,1950,1950,0
2022-01-13 12:16:00,1950,1950,1950,1950,0
2022-01-13 12:17:00,1950,1950,1950,1950,0
2022-01-13 12:18:00,1950,1950,1950,1950,0
2022-01-13 12:19:00,1950,1950,1950,1950,0
2022-01-13 12:20:00,1950,1950,1950,1950,0
2022-01-13 12:21:00,1950,1950,1950,1950,0
2022-01-13 12:22:00,1950,1950,1950,1950,0
2022-01-13 12:23:00,1950,1950,1950,1950,0
2022-01-13 12:24:00,1950,1950,1950,1950,0
2022-01-13 12:25:00,1950,1950,1950,1950,0
2022-01-13 12:26:00,1950,1950,1950,1950,0
2022-01-13 12:27:00,1950,1950,1950,1950,0
2022-01-13 12:28:00,1950,1950,1950,1950,0
2022-01-13 12:29:00,1950,1950,1950,1950,0
2022-01-13 12:30:00,1950,1950,1950,1950,0
2022-01-13 12:31:00,1950,1950,1950,1950,0
2022-01-13 12:32:00,1950,1950,1950,1950,0
2022-01-13 12:33:00,1950,1950,1950,1950,0
2022-01-13 12:34:00,1950,1950,1950,1950,0
2022-01-13 12:35:00,1950,1950,1950,1950,0
2022-01-13 12:36:00,1950,1950,1950,1950,0
2022-01-13 12:37:00,1950,1950,1950,1950,0
2022-01-13 12:38:00,1950,1950,1950,1950,0
2022-01-13 12:39:00,1950,1950,1950,1950,0
2022-01-13 12:40:00,1950,1950,1950,1950,0
2022-01-13 12:41:00,1950,1950,1950,1950,0
2022-01-13 12:42:00,1950,1950,1950,1950,0
2022-01-13 12:43:00,1950,1950,1950,1950,0
2022-01-13 12:44:00,1950,1950,1950,1950,0
2022-01-13 12:45:00,1950,1950,1950,1950,0
2022-01-13 12:46:00,1950,1950,1950,1950,0
2022-01-13 12:47:00,1950,1950,1950,1950,0
2022-01-13 12:48:00,1950,1950,1950,1950,0
2022-01-13 12:49:00,1950,1950,1950,1950,0
2022-01-13 12:50:00,1950,1950,1950,1950,0
2022-01-13 12:51:00,1950,1950,1950,1950,0
2022-01-13 12:52:00,1950,1950,1950,1950,0
2022-01-13 12:53:00,1950,1950,1950,1950,0
2022-01-13 12:54:00,1950,1950,1950,1950,0
2022-01-13 12:55:00,1950,1950,1950,1950,0
2022-01-13 12:56:00,1950,1950,1950,1950,0
2022-01-13 12:57:00,1950,1950,1950,1950,0
2022-01-13 12:58:00,1950,1950,1950,1950,0
2022-01-13 12:59:00,1950,1950,1950,1950,0
2022-01-13 13:00:00,1950,1950,1950,1950,0
2022-01-13 13:01:00,1950,1950,1950,1950,0
2022-01-13 13:02:00,1950,1950,1950,1950,0
2022-01-13 13:03:00,1950,1950,1950,1950,0
2022-01-13 13:04:00,1950,1950,1950,1950,0
2022-01-13 13:05:00,1950,1950,1950,1950,0
2022-01-13 13:06:00,1950,1950,1950,1950,0
2022-01-13 13:07:00,1950,1950,1950,1950,0
2022-01-13 13:08:00,1950,1950,1950,1950,0
2022-01-13 13:09:00,1950,1950,1950,1950,0
2022-01-13 13:10:00,1950,1950,1950,1950,0
2022-01-13 13:11:00,1950,1950,1950,1950,0
2022-01-13 13:12:00,1950,1950,1950,1950,0
2022-01-13 13:13:00,1950,1950,1950,1950,0
2022-01-13 13:14:00,1950,1950,1950,1950,0
2022-01-13 13:15:00,1950,1950,1950,1950,0
2022-01-13 13:16:00,1950,1950,1950,1950,0
2022-01-13 13:17:00,1950,1950,1950,1950,0
2022-01-13 13:18:00,1950,1950,1950,1950,0
2022-01-13 13:19:00,1950,1950,1950,1950,0
2022-01-13 13:20:00,1950,1950,1950,1950,0
2022-01-13 13:21:00,1950,1950,1950,1950,0
2022-01-13 13:22:00,1950,1950,1950,1950,0
2022-01-13 13:23:00,1950,1950,1950,1950,0
2022-01-13 13:24:00,1950,1950,1950,1950,0
2022-01-13 13:25:00,1950,1950,1950,1950,0
2022-01-13 13:26:00,1950,1950,1950,1950,0
2022-01-13 13:27:00,1950,1950,1950,1950,0
2022-01-13 13:28:00,1950,1950,1950,1950,0
2022-01-13 13:29:00,1950,1950,1950,1950,0
2022-01-13 13:30:00,1950,1950,1950,1950,0
2022-01-13 13:31:00,1950,1950,1950,1950,0
2022-01-13 13:32:00,1950,1950,1950,1950,0
2022-01-13 13:33:00,1950,1950,1950,1950,0
2022-01-13 13:34:00,1950,1950,1950,1950,0
2022-01-13 13:35:00,1950,1950,1950,1950,0
2022-01-13 13:36:00,1950,1950,1950,1950,0
2022-01-13 13:37:00,1950,1950,1950,1950,0
2022-01-13 13:38:00,1950,1950,1950,1950,0
2022-01-13 13:39:00,1950,1950,1950,1950,0
2022-01-13 13:40:00,1950,1950,1950,1950,0
2022-01-13 13:41:00,1950,1950,1950,1950,0
2022-01-13 13:42:00,1950,1950,1950,1950,0
2022-01-13 13:43:00,1950,1950,1950,1950,0
2022-01-13 13:44:00,1950,1950,1950,1950,0
2022-01-13 13:45:00,1950,1950,1950,1950,0
2022-01-13 13:46:00,1950,1950,1950,1950,0
2022-01-13 13:47:00,1950,1950,1950,1950,0
2022-01-13 13:48:00,1950,1950,1950,1950,0
2022-01-13 13:49:00,1950,1950,1950,1950,0
2022-01-13 13:50:00,1950,1950,1950,1950,0
2022-01-13 13:51:00,1950,1950,1950,1950,0
2022-01-13 13:52:00,1950,1950,1950,1950,0
2022-01-13 13:53:00,1950,1950,1950,1950,0
2022-01-13 13:54:00,1950,1950,1950,1950,0
2022-01-13 13:55:00,1950,1950,1950,1950,0
2022-01-13 13:56:00,1950,1950,1950,1950,0
2022-01-13 13:57:00,1950,1950,1950,1950,0
2022-01-13 13:58:00,1950,1950,1950,1950,0
2022-01-13 13:59:00,1950,1950,1950,1950,0
2022-01-13 14:00:00,1950,1950,1950,1950,0
2022-01-13 14:01:00,1950,1950,1950,1950,0
2022-01-13 14:02:00,1950,1950,1950,1950,0
2022-01-13 14:03:00,1950,1950,1950,1950,0
2022-01-13 14:04:00,1950,1950,1950,1950,0
2022-01-13 14:05:00,1950,1950,1950,1950,0
2022-01-13 14:06:00,1950,1950,1950,1950,0
2022-01-13 14:07:00,1950,1950,1950,1950,0
2022-01-13 14:08:00,1950,1950,1950,1950,0
2022-01-13 14:09:00,1950,1950,1950,1950,0
2022-01-13 14:10:00,1950,1950,1950,1950,0
2022-01-13 14:11:00,1950,1950,1950,1950,0
2022-01-13 14:12:00,1950,1950,1950,1950,0
2022-01-13 14:13:00,1950,1950,1950,1950,0
2022-01-13 14:14:00,1950,1950,1950,1950,0
2022-01-13 14:15:00,1950,1950,1950,1950,0
2022-01-13 14:16:00,1950,1950,1950,1950,0
2022-01-13 14:17:00,1950,1950,1950,1950,0
2022-01-13 14:18:00,1950,1950,1950,1950,0
2022-01-13 14:19:00,1950,1950,1950,1950,0
2022-01-13 14:20:00,1950,1950,1950,1950,0
2022-01-13 14:21:00,1950,1950,1950,1950,0
2022-01-13 14:22:00,1950,1950,1950,1950,0
2022-01-13 14:23:00,1950,1950,1950,1950,0
2022-01-13 14:24:00,1950,1950,1950,1950,0
2022-01-13 14:25:00,1950,1950,1950,1950,0
2022-01-13 14:26:00,1950,1950,1950,1950,0
2022-01-13 14:27:00,1950,1950,1950,1950,0
2022-01-13 14:28:00,1950,1950,1950,1950,0
2022-01-13 14:29:00,1950,1950,1950,1950,0
2022-01-13 14:30:00,1950,1950,1950,1950,0
2022-01-13 14:31:00,1950,1950,1950,1950,0
2022-01-13 14:32:00,1950,1950,1950,1950,0
2022-01-13 14:33:00,1950,1950,1950,1950,0
2022-01-13 14:34:00,1950,1950,1950,1950,0
2022-01-13 14:35:00,1950,1950,1950,1950,0
2022-01-13 14:36:00,1950,1950,1950,1950,0
2022-01-13 14:37:00,1950,1950,1950,1950,0
2022-01-13 14:38:00,1950,1950,1950,1950,0
2022-01-13 14:39:00,1950,1950,1950,1950,0
2022-01-13 14:40:00,1950,1950,1950,1950,0
2022-01-13 14:41:00,1950,1950,1950,1950,0
2022-01-13 14:42:00,1950,1950,1950,1950,0
2022-01-13 14:43:00,1950,1950,1950,1950,0
2022-01-13 14:44:00,1950,1950,1950,1950,0
2022-01-13 14:45:00,1950,1950,1950,1950,0
2022-01-13 14:46:00,1950,1950,1950,1950,0
2022-01-13 14:47:00,1950,1950,1950,1950,0
2022-01-13 14:48:00,1950,1950,1950,1950,0
2022-01-13 14:49:00,1950,1950,1950,1950,0
2022-01-13 14:50:00,1950,1950,1950,1950,0
2022-01-13 14:51:00,1950,1950,1950,1950,0
2022-01-13 14:52:00,1950,1950,1950,1950,0
2022-01-13 14:53:00,1950,1950,1950,1950,0
2022-01-13 14:54:00,1950,1950,1950,1950,0
2022-01-13 14:55:00,1950,1950,1950,1950,0
2022-01-13 14:56:00,1950,1950,1950,1950,0
2022-01-13 14:57:00,1950,1950,1950,1950,0
2022-01-13 14:58:00,1950,1950,1950,1950,0
2022-01-13 14:59:00,1950,1950,1950,1950,0
2022-01-13 15:00:00,1950,1950,1950,1950,0
2022-01-13 15:01:00,1950,1950,1950,1950,0
2022-01-13 15:02:00,1950,1950,1950,1950,0
2022-01-13 15:03:00,1950,1950,1950,1950,0
2022-01-13 15:04:00,1950,1950,1950,1950,0
2022-01-13 15:05:00,1950,1950,1950,1950,0
2022-01-13 15:06:00,1950,1950,1950,1950,0
2022-01-13 15:07:00,1950,1950,1950,1950,0
2022-01-13 15:08:00,1950,1950,1950,1950,0
2022-01-13 15:09:00,1950,1950,1950,1950,0
2022-01-13 15:10:00,1950,1950,1950,1950,0
2022-01-13 15:11:00,1950,1950,1950,1950,0
2022-01-13 15:12:00,1950,1950,1950,1950,0
2022-01-13 15:13:00,1950,1950,1950,1950,0
2022-01-13 15:14:00,1950,1950,1950,1950,0
2022-01-13 15:15:00,1950,1950,1950,1950,0
2022-01-13 15:16:00,1950,1950,1950,1950,0
2022-01-13 15:17:00,1950,1950,1950,1950,0
2022-01-13 15:18:00,1950,1950,1950,1950,0
2022-01-13 15:19:00,1950,1950,1950,1950,0
2022-01-13 15:20:00,1950,1950,1950,1950,0
2022-01-13 15:21:00,1950,1950,1950,1950,0
2022-01-13 15:22:00,1950,1950,1950,1950,0
2022-01-13 15:23:00,1950,1950,1950,1950,0
2022-01-13 15:24:00,1950,1950,1950,1950,0
2022-01-13 15:25:00,1950,1950,1950,1950,0
2022-01-13 15:26:00,1950,1950,1950,1950,0
2022-01-13 15:27:00,1950,1950,1950,1950,0
2022-01-13 15:28:00,1950,1950,1950,1950,0
2022-01-13 15:29:00,1950,1950,1950,1950,0
2022-01-13 15:30:00,1950,1950,1950,1950,0
2022-01-13 15:31:00,1950,1950,1950,1950,0
2022-01-13 15:32:00,1950,1950,1950,1950,0
2022-01-13 15:33:00,1950,1950,1950,1950,0
2022-01-13 15:34:00,1950,1950,1950,1950,0
2022-01-13 15:35:00,1950,1950,1950,1950,0
2022-01-13 15:36:00,1950,1950,1950,1950,0
2022-01-13 15:37:00,1950,1950,1950,1950,0
2022-01-13 15:38:00,1950,1950,1950,1950,0
2022-01-13 15:39:00,1950,1950,1950,1950,0
2022-01-13 15:40:00,1950,1950,1950,1950,0
2022-01-13 15:41:00,1950,1950,1950,1950,0
2022-01-13 15:42:00,1950,1950,1950,1950,0
2022-01-13 15:43:00,1950,1950,1950,1950,0
2022-01-13 15:44:00,1950,1950,1950,1950,0
2022-01-13 15:45:00,1950,1950,1950,1950,0
2022-01-13 15:46:00,1950,1950,1950,1950,0
2022-01-13 15:47:00,1950,1950,1950,1950,0
2022-01-13 15:48:00,1950,1950,1950,1950,0
2022-01-13 15:49:00,1950,1950,1950,1950,0
2022-01-13 15:50:00,1950,1950,1950,1950,0
2022-01-13 15:51:00,1950,1950,1950,1950,0
2022-01-13 15:52:00,1950,1950,1950,1950,0
2022-01-13 15:53:00,1950,1950,1950,1950,0
2022-01-13 15:54:00,1950,1950,1950,1950,0
2022-01-13 15:55:00,1950,1950,1950,1950,0
2022-01-13 15:56:00,1950,1950,1950,1950,0
2022-01-13 15:57:00,1950,1950,1950,1950,0
2022-01-13 15:58:00,1950,1950,1950,1950,0
2022-01-13 15:59:00,1950,1950,1950,1950,0
2022-01-14 09:00:00,1950,1950,1950,1950,0
2022-01-14 09:01:00,1950,1950,1950,1950,0
2022-01-14 09:02:00,1950,1950,1950,1950,0
2022-01-14 09:03:00,1950,1950,1950,1950,0
2022-01-14 09:04:00,1950,1950,1950,1950,0
2022-01-14 09:05:00,1950,1950,1950,1950,0
2022-01-14 09:06:00,1950,1950,1950,1950,0
2022-01-14 09:07:00,1950,1950,1950,1950,0
2022-01-14 09:08:00,1950,1950,1950,1950,0
2022-01-14 09:09:00,1950,1950,1950,1950,0
2022-01-14 09:10:00,1950,1950,1950,1950,0
2022-01-14 09:11:00,1950,1950,1950,1950,0
2022-01-14 09:12:00,1950,1950,1950,1950,0
2022-01-14 09:13:00,1950,1950,1950,1950,0
2022-01-14 09:14:00,1950,1950,1950,1950,0
2022-01-14 09:15:00,1950,1950,1950,1950,0
2022-01-14 09:16:00,1950,1950,1950,1950,0
2022-01-14 09:17:00,1950,1950,1950,1950,0
2022-01-14 09:18:00,1950,1950,1950,1950,0
2022-01-14 09:19:00,1950,1950,1950,1950,0
2022-01-14 09:20:00,1950,1950,1950,1950,0
2022-01-14 09:21:00,1950,1950,1950,1950,0
2022-01-14 09:22:00,1950,1950,1950,1950,0
2022-01-14 09:23:00,1950,1950,1950,1950,0
2022-01-14 09:24:00,1950,1950,1950,1950,0
2022-01-14 09:25:00,1950,1950,1950,1950,0
2022-01-14 09:26:00,1950,1950,1950,1950,0
2022-01-14 09:27:00,1950,1950,1950,1950,0
2022-01-14 09:28:00,1950,1950,1950,1950,0
2022-01-14 09:29:00,1950,1950,1950,1950,0
2022-01-14 09:30:00,1950,1950,1950,1950,0
2022-01-14 09:31:00,1950,1950,1950,1950,0
2022-01-14 09:32:00,1950,1950,1950,1950,0
2022-01-14 09:33:00,1950,1950,1950,1950,0
2022-01-14 09:34:00,1950,1950,1950,1950,0
2022-01-14 09:35:00,1950,1950,1950,1950,0
2022-01-14 09:36:00,1950,1950,1950,1950,0
2022-01-14 09:37:00,1950,1950,1950,1950,0
2022-01-14 09:38:00,1950,1950,1950,1950,0
2022-01-14 09:39:00,1950,1950,1950,1950,0
2022-01-14 09:40:00,1950,1950,1950,1950,0
2022-01-14 09:41:00,1950,1950,1950,1950,0
2022-01-14 09:42:00,1950,1950,1950,1950,0
2022-01-14 09:43:00,1950,1950,1950,1950,0
2022-01-14 09:44:00,1950,1950,1950,1950,0
2022-01-14 09:45:00,1950,1950,1950,1950,0
2022-01-14 09:46:00,1950,1950,1950,1950,0
2022-01-14 09:47:00,1950,1950,1950,1950,0
2022-01-14 09:48:00,1950,1950,1950,1950,0
2022-01-14 09:49:00,1950,1950,1950,1950,0
2022-01-14 09:50:00,1950,1950,1950,1950,0
2022-01-14 09:51:00,1950,1950,1950,1950,0
2022-01-14 09:52:00,1950,1950,1950,1950,0
2022-01-14 09:53:00,1950,1950,1950,1950,0
2022-01-14 09:54:00,1950,1950,1950,1950,0
2022-01-14 09:55:00,1950,1950,1950,1950,0
2022-01-14 09:56:00,1950,1950,1950,1950,0
2022-01-14 09:57:00,1950,1950,1950,1950,0
2022-01-14 09:58:00,1950,1950,1950,1950,0
2022-01-14 09:59:00,1950,1950,1950,1950,0
2022-01-14 10:00:00,1950,1950,1950,1950,0
2022-01-14 10:01:00,1950,1950,1950,1950,0
2022-01-14 10:02:00,1950,1950,1950,1950,0
2022-01-14 10:03:00,1950,1950,1950,1950,0
2022-01-14 10:04:00,1950,1950,1950,1950,0
2022-01-14 10:05:00,1950,1950,1950,1950,0
2022-01-14 10:06:00,1950,1950,1950,1950,0
2022-01-14 10:07:00,1950,1950,1950,1950,0
2022-01-14 10:08:00,1950,1950,1950,1950,0
2022-01-14 10:09:00,1950,1950,1950,1950,0
2022-01-14 10:10:00,1950,1950,1950,1950,0
2022-01-14 10:11:00,1950,1950,1950,1950,0
2022-01-14 10:12:00,1950,1950,1950,1950,0
2022-01-14 10:13:00,1950,1950,1950,1950,0
2022-01-14 10:14:00,1950,1950,1950,1950,0
2022-01-14 10:15:00,1950,1950,1950,1950,0
2022-01-14 10:16:00,1950,1950,1950,1950,0
2022-01-14 10:17:00,1950,1950,1950,1950,0
2022-01-14 10:18:00,1950,1950,1950,1950,0
2022-01-14 10:19:00,1950,1950,1950,1950,0
2022-01-14 10:20:00,1950,1950,1950,1950,0
2022-01-14 10:21:00,1950,1950,1950,1950,0
2022-01-14 10:22:00,1950,1950,1950,1950,0
2022-01-14 10:23:00,1950,1950,1950,1950,0
2022-01-14 10:24:00,1950,1950,1950,1950,0
2022-01-14 10:25:00,1950,1950,1950,1950,0
2022-01-14 10:26:00,1950,1950,1950,1950,0
2022-01-14 10:27:00,1950,1950,1950,1950,0
2022-01-14 10:28:00,1950,1950,1950,1950,0
2022-01-14 10:29:00,1950,1950,1950,1950,0
2022-01-14 10:30:00,1950,1950,1950,1950,0
2022-01-14 10:31:00,1950,1950,1950,1950,0
2022-01-14 10:32:00,1950,1950,1950,1950,0
2022-01-14 10:33:00,1950,1950,1950,1950,0
2022-01-14 10:34:00,1950,1950,1950,1950,0
2022-01-14 10:35:00,1950,1950,1950,1950,0
2022-01-14 10:36:00,1950,1950,1950,1950,0
2022-01-14 10:37:00,1950,1950,1950,1950,0
2022-01-14 10:38:00,1950,1950,1950,1950,0
2022-01-14 10:39:00,1950,1950,1950,1950,0
2022-01-14 10:40:00,1950,1950,1950,1950,0
2022-01-14 10:41:00,1950,1950,1950,1950,0
2022-01-14 10:42:00,1950,1950,1950,1950,0
2022-01-14 10:43:00,1950,1950,1950,1950,0
2022-01-14 10:44:00,1950,1950,1950,1950,0
2022-01-14 10:45:00,1950,1950,1950,1950,0
2022-01-14 10:46:00,1950,1950,1950,1950,0
2022-01-14 10:47:00,1950,1950,1950,1950,0
2022-01-14 10:48:00,1950,1950,1950,1950,0
2022-01-14 10:49:00,1950,1950,1950,1950,0
2022-01-14 10:50:00,1950,1950,1950,1950,0
2022-01-14 10:51:00,1950,1950,1950,1950,0
2022-01-14 10:52:00,1950,1950,1950,1950,0
2022-01-14 10:53:00,1950,1950,1950,1950,0
2022-01-14 10:54:00,1950,1950,1950,1950,0
2022-01-14 10:55:00,1950,1950,1950,1950,0
2022-01-14 10:56:00,1950,1950,1950,1950,0
2022-01-14 10:57:00,1950,1950,1950,1950,0
2022-01-14 10:58:00,1950,1950,1950,1950,0
2022-01-14 10:59:00,1950,1950,1950,1950,0
2022-01-14 11:00:00,1950,1950,1950,1950,0
2022-01-14 11:01:00,1950,1950,1950,1950,0
2022-01-14 11:02:00,1950,1950,1950,1950,0
2022-01-14 11:03:00,1950,1950,1950,1950,0
2022-01-14 11:04:00,1950,1950,1950,1950,0
2022-01-14 11:05:00,1950,1950,1950,1950,0
2022-01-14 11:06:00,1950,1950,1950,1950,0
2022-01-14 11:07:00,1950,1950,1950,1950,0
2022-01-14 11:08:00,1950,1950,1950,1950,0
2022-01-14 11:09:00,1950,1950,1950,1950,0
2022-01-14 11:10:00,1950,1950,1950,1950,0
2022-01-14 11:11:00,1950,1950,1950,1950,0
2022-01-14 11:12:00,1950,1950,1950,1950,0
2022-01-14 11:13:00,1950,1950,1950,1950,0
2022-01-14 11:14:00,1950,1950,1950,1950,0
2022-01-14 11:15:00,1950,1950,1950,1950,0
2022-01-14 11:16:00,1950,1950,1950,1950,0
2022-01-14 11:17:00,1950,1950,1950,1950,0
2022-01-14 11:18:00,1950,1950,1950,1950,0
2022-01-14 11:19:00,1950,1950,1950,1950,0
2022-01-14 11:20:00,1950,1950,1950,1950,0
2022-01-14 11:21:00,1950,1950,1950,1950,0
2022-01-14 11:22:00,1950,1950,1950,1950,0
2022-01-14 11:23:00,1950,1950,1950,1950,0
2022-01-14 11:24:00,1950,1950,1950,1950,0
2022-01-14 11:25:00,1950,1950,1950,1950,0
2022-01-14 11:26:00,1950,1950,1950,1950,0
2022-01-14 11:27:00,1950,1950,1950,1950,0
2022-01-14 11:28:00,1950,1950,1950,1950,0
2022-01-14 11:29:00,1950,1950,1950,1950,0
2022-01-14 11:30:00,1950,1950,1950,1950,0
2022-01-14 11:31:00,1950,1950,1950,1950,0
2022-01-14 11:32:00,1950,1950,1950,1950,0
2022-01-14 11:33:00,1950,1950,1950,1950,0
2022-01-14 11:34:00,1950,1950,1950,1950,0
2022-01-14 11:35:00,1950,1950,1950,1950,0
2022-01-14 11:36:00,1950,1950,1950,1950,0
2022-01-14 11:37:00,1950,1950,1950,1950,0
2022-01-14 11:38:00,1950,1950,1950,1950,0
2022-01-14 11:39:00,1950,1950,1950,1950,0
2022-01-14 11:40:00,1950,1950,1950,1950,0
2022-01-14 11:41:00,1950,1950,1950,1950,0
2022-01-14 11:42:00,1950,1950,1950,1950,0
2022-01-14 11:43:00,1950,1950,1950,1950,0
2022-01-14 11:44:00,1950,1950,1950,1950,0
2022-01-14 11:45:00,1950,1950,1950,1950,0
2022-01-14 11:46:00,1950,1950,1950,1950,0
2022-01-14 11:47:00,1950,1950,1950,1950,0
2022-01-14 11:48:00,1950,1950,1950,1950,0
2022-01-14 11:49:00,1950,1950,1950,1950,0
2022-01-14 11:50:00,1950,1950,1950,1950,0
2022-01-14 11:51:00,1950,1950,1950,1950,0
2022-01-14 11:52:00,1950,1950,1950,1950,0
2022-01-14 11:53:00,1950,1950,1950,1950,0
2022-01-14 11:54:00,1950,1950,1950,1950,0
2022-01-14 11:55:00,1950,1950,1950,1950,0
2022-01-14 11:56:00,1950,1950,1950,1950,0
2022-01-14 11:57:00,1950,1950,1950,1950,0
2022-01-14 11:58:00,1950,1950,1950,1950,0
2022-01-14 11:59:00,1950,1950,1950,1950,0
2022-01-14 12:00:00,1950,1950,1950,1950,0
2022-01-14 12:01:00,1950,1950,1950,1950,0
2022-01-14 12:02:00,1950,1950,1950,1950,0
2022-01-14 12:03:00,1950,1950,1950,1950,0
2022-01-14 12:04:00,1950,1950,1950,1950,0
2022-01-14 12:05:00,1950,1950,1950,1950,0
2022-01-14 12:06:00,1950,1950,1950,1950,0
2022-01-14 12:07:00,1950,1950,1950,1950,0
2022-01-14 12:08:00,1950,1950,1950,1950,0
2022-01-14 12:09:00,1950,1950,1950,1950,0
2022-01-14 12:10:00,1950,1950,1950,1950,0
2022-01-14 12:11:00,1950,1950,1950,1950,0
2022-01-14 12:12:00,1950,1950,1950,1950,0
2022-01-14 12:13:00,1950,1950,1950,1950,0
2022-01-14 12:14:00,1950,1950,1950,1950,0
2022-01-14 12:15:00,1950,1950,1950,1950,0
2022-01-14 12:16:00,1950,1950,1950,1950,0
2022-01-14 12:17:00,1950,1950,1950,1950,0
2022-01-14 12:18:00,1950,1950,1950,1950,0
2022-01-14 12:19:00,1950,1950,1950,1950,0
2022-01-14 12:20:00,1950,1950,1950,1950,0
2022-01-14 12:21:00,1950,1950,1950,1950,0
2022-01-14 12:22:00,1950,1950,1950,1950,0
2022-01-14 12:23:00,1950,1950,1950,1950,0
2022-01-14 12:24:00,1950,1950,1950,1950,0
2022-01-14 12:25:00,1950,1950,1950,1950,0
2022-01-14 12:26:00,1950,1950,1950,1950,0
2022-01-14 12:27:00,1950,1950,1950,1950,0
2022-01-14 12:28:00,1950,1950,1950,1950,0
2022-01-14 12:29:00,1950,1950,1950,1950,0
2022-01-14 12:30:00,1950,1950,1950,1950,0
2022-01-14 12:31:00,1950,1950,1950,1950,0
2022-01-14 12:32:00,1950,1950,1950,1950,0
2022-01-14 12:33:00,1950,1950,1950,1950,0
2022-01-14 12:34:00,1950,1950,1950,1950,0
2022-01-14 12:35:00,1950,1950,1950,1950,0
2022-01-14 12:36:00,1950,1950,1950,1950,0
2022-01-14 12:37:00,1950,1950,1950,1950,0
2022-01-14 12:38:00,1950,1950,1950,1950,0
2022-01-14 12:39:00,1950,1950,1950,1950,0
2022-01-14 12:40:00,1950,1950,1950,1950,0
2022-01-14 12:41:00,1950,1950,1950,1950,0
2022-01-14 12:42:00,1950,1950,1950,1950,0
2022-01-14 12:43:00,1950,1950,1950,1950,0
2022-01-14 12:44:00,1950,1950,1950,1950,0
2022-01-14 12:45:00,1950,1950,1950,1950,0
2022-01-14 12:46:00,1950,1950,1950,1950,0
2022-01-14 12:47:00,1950,1950,1950,1950,0
2022-01-14 12:48:00,1950,1950,1950,1950,0
2022-01-14 12:49:00,1950,1950,1950,1950,0
2022-01-14 12:50:00,1950,1950,1950,1950,0
2022-01-14 12:51:00,1950,1950,1950,1950,0
2022-01-14 12:52:00,1950,1950,1950,1950,0
2022-01-14 12:53:00,1950,1950,1950,1950,0
2022-01-14 12:54:00,1950,1950,1950,1950,0
2022-01-14 12:55:00,1950,1950,1950,1950,0
2022-01-14 12:56:00,1950,1950,1950,1950,0
2022-01-14 12:57:00,1950,1950,1950,1950,0
2022-01-14 12:58:00,1950,1950,1950,1950,0
2022-01-14 12:59:00,1950,1950,1950,1950,0
2022-01-14 13:00:00,1950,1950,1950,1950,0
2022-01-14 13:01:00,1950,1950,1950,1950,0
2022-01-14 13:02:00,1950,1950,1950,1950,0
2022-01-14 13:03:00,1950,1950,1950,1950,0
2022-01-14 13:04:00,1950,1950,1950,1950,0
2022-01-14 13:05:00,1950,1950,1950,1950,0
2022-01-14 13:06:00,1950,1950,1950,1950,0
2022-01-14 13:07:00,1950,1950,1950,1950,0
2022-01-14 13:08:00,1950,1950,1950,1950,0
2022-01-14 13:09:00,1950,1950,1950,1950,0
2022-01-14 13:10:00,1950,1950,1950,1950,0
2022-01-14 13:11:00,1950,1950,1950,1950,0
2022-01-14 13:12:00,1950,1950,1950,1950,0
2022-01-14 13:13:00,1950,1950,1950,1950,0
2022-01-14 13:14:00,1950,1950,1950,1950,0
2022-01-14 13:15:00,1950,1950,1950,1950,0
2022-01-14 13:16:00,1950,1950,1950,1950,0
2022-01-14 13:17:00,1950,1950,1950,1950,0
2022-01-14 13:18:00,1950,1950,1950,1950,0
2022-01-14 13:19:00,1950,1950,1950,1950,0
2022-01-14 13:20:00,1950,1950,1950,1950,0
2022-01-14 13:21:00,1950,1950,1950,1950,0
2022-01-14 13:22:00,1950,1950,1950,1950,0
2022-01-14 13:23:00,1950,1950,1950,1950,0
2022-01-14 13:24:00,1950,1950,1950,1950,0
2022-01-14 13:25:00,1950,1950,1950,1950,0
2022-01-14 13:26:00,1950,1950,1950,1950,0
2022-01-14 13:27:00,1950,1950,1950,1950,0
2022-01-14 13:28:00,1950,1950,1950,1950,0
2022-01-14 13:29:00,1950,1950,1950,1950,0
2022-01-14 13:30:00,1950,1950,1950,1950,0
2022-01-14 13:31:00,1950,1950,1950,1950,0
2022-01-14 13:32:00,1950,1950,1950,1950,0
2022-01-14 13:33:00,1950,1950,1950,1950,0
2022-01-14 13:34:00,1950,1950,1950,1950,0
2022-01-14 13:35:00,1950,1950,1950,1950,0
2022-01-14 13:36:00,1950,1950,1950,1950,0
2022-01-14 13:37:00,1950,1950,1950,1950,0
2022-01-14 13:38:00,1950,1950,1950,1950,0
2022-01-14 13:39:00,1950,1950,1950,1950,0
2022-01-14 13:40:00,1950,1950,1950,1950,0
2022-01-14 13:41:00,1950,1950,1950,1950,0
2022-01-14 13:42:00,1950,1950,1950,1950,0
2022-01-14 13:43:00,1950,1950,1950,1950,0
2022-01-14 13:44:00,1950,1950,1950,1950,0
2022-01-14 13:45:00,1950,1950,1950,1950,0
2022-01-14 13:46:00,1950,1950,1950,1950,0
2022-01-14 13:47:00,1950,1950,1950,1950,0
2022-01-14 13:48:00,1950,1950,1950,1950,0
2022-01-14 13:49:00,1950,1950,1950,1950,0
2022-01-14 13:50:00,1950,1950,1950,1950,0
2022-01-14 13:51:00,1950,1950,1950,1950,0
2022-01-14 13:52:00,1950,1950,1950,1950,0
2022-01-14 13:53:00,1950,1950,1950,1950,0
2022-01-14 13:54:00,1950,1950,1950,1950,0
2022-01-14 13:55:00,1950,1950,1950,1950,0
2022-01-14 13:56:00,1950,1950,1950,1950,0
2022-01-14 13:57:00,1950,1950,1950,1950,0
2022-01-14 13:58:00,1950,1950,1950,1950,0
2022-01-14 13:59:00,1950,1950,1950,1950,0
2022-01-14 14:00:00,1950,1950,1950,1950,0
2022-01-14 14:01:00,1950,1950,1950,1950,0
2022-01-14 14:02:00,1950,1950,1950,1950,0
2022-01-14 14:03:00,1950,1950,1950,1950,0
2022-01-14 14:04:00,1950,1950,1950,1950,0
2022-01-14 14:05:00,1950,1950,1950,1950,0
2022-01-14 14:06:00,1950,1950,1950,1950,0
2022-01-14 14:07:00,1950,1950,1950,1950,0
2022-01-14 14:08:00,1950,1950,1950,1950,0
2022-01-14 14:09:00,1950,1950,1950,1950,0
2022-01-14 14:10:00,1950,1950,1950,1950,0
2022-01-14 14:11:00,1950,1950,1950,1950,0
2022-01-14 14:12:00,1950,1950,1950,1950,0
2022-01-14 14:13:00,1950,1950,1950,1950,0
2022-01-14 14:14:00,1950,1950,1950,1950,0
2022-01-14 14:15:00,1950,1950,1950,1950,0
2022-01-14 14:16:00,1950,1950,1950,1950,0
2022-01-14 14:17:00,1950,1950,1950,1950,0
2022-01-14 14:18:00,1950,1950,1950,1950,0
2022-01-14 14:19:00,1950,1950,1950,1950,0
2022-01-14 14:20:00,1950,1950,1950,1950,0
2022-01-14 14:21:00,1950,1950,1950,1950,0
2022-01-14 14:22:00,1950,1950,1950,1950,0
2022-01-14 14:23:00,1950,1950,1950,1950,0
2022-01-14 14:24:00,1950,1950,1950,1950,0
2022-01-14 14:25:00,1950,1950,1950,1950,0
2022-01-14 14:26:00,1950,1950,1950,1950,0
2022-01-14 14:27:00,1950,1950,1950,1950,0
2022-01-14 14:28:00,1950,1950,1950,1950,0
2022-01-14 14:29:00,1950,1950,1950,1950,0
2022-01-14 14:30:00,1950,1950,1950,1950,0
2022-01-14 14:31:00,1950,1950,1950,1950,0
2022-01-14 14:32:00,1950,1950,1950,1950,0
2022-01-14 14:33:00,1950,1950,1950,1950,0
2022-01-14 14:34:00,1950,1950,1950,1950,0
2022-01-14 14:35:00,1950,1950,1950,1950,0
2022-01-14 14:36:00,1950,1950,1950,1950,0
2022-01-14 14:37:00,1950,1950,1950,1950,0
2022-01-14 14:38:00,1950,1950,1950,1950,0
2022-01-14 14:39:00,1950,1950,1950,1950,0
2022-01-14 14:40:00,1950,1950,1950,1950,0
2022-01-14 14:41:00,1950,1950,1950,1950,0
2022-01-14 14:42:00,1950,1950,1950,1950,0
2022-01-14 14:43:00,1950,1950,1950,1950,0
2022-01-14 14:44:00,1950,1950,1950,1950,0
2022-01-14 14:45:00,1950,1950,1950,1950,0
2022-01-14 14:46:00,1950,1950,1950,1950,0
2022-01-14 14:47:00,1950,1950,1950,1950,0
2022-01-14 14:48:00,1950,1950,1950,1950,0
2022-01-14 14:49:00,1950,1950,1950,1950,0
2022-01-14 14:50:00,1950,1950,1950,1950,0
2022-01-14 14:51:00,1950,1950,1950,1950,0
2022-01-14 14:52:00,1950,1950,1950,1950,0
2022-01-14 14:53:00,1950,1950,1950,1950,0
2022-01-14 14:54:00,1950,1950,1950,1950,0
2022-01-14 14:55:00,1950,1950,1950,1950,0
2022-01-14 14:56:00,1950,1950,1950,1950,0
2022-01-14 14:57:00,1950,1950,1950,1950,0
2022-01-14 14:58:00,1950,1950,1950,1950,0
2022-01-14 14:59:00,1950,1950,1950,1950,0
2022-01-14 15:00:00,1950,1950,1950,1950,0
2022-01-14 15:01:00,1950,1950,1950,1950,0
2022-01-14 15:02:00,1950,1950,1950,1950,0
2022-01-14 15:03:00,1950,1950,1950,1950,0
2022-01-14 15:04:00,1950,1950,1950,1950,0
2022-01-14 15:05:00,1950,1950,1950,1950,0
2022-01-14 15:06:00,1950,1950,1950,1950,0
2022-01-14 15:07:00,1950,1950,1950,1950,0
2022-01-14 15:08:00,1950,1950,1950,1950,0
2022-01-14 15:09:00,1950,1950,1950,1950,0
2022-01-14 15:10:00,1950,1950,1950,1950,0
2022-01-14 15:11:00,1950,1950,1950,1950,0
2022-01-14 15:12:00,1950,1950,1950,1950,0
2022-01-14 15:13:00,1950,1950,1950,1950,0
2022-01-14 15:14:00,1950,1950,1950,1950,0
2022-01-14 15:15:00,1950,1950,1950,1950,0
2022-01-14 15:16:00,1950,1950,1950,1950,0
2022-01-14 15:17:00,1950,1950,1950,1950,0
2022-01-14 15:18:00,1950,1950,1950,1950,0
2022-01-14 15:19:00,1950,1950,1950,1950,0
2022-01-14 15:20:00,1950,1950,1950,1950,0
2022-01-14 15:21:00,1950,1950,1950,1950,0
2022-01-14 15:22:00,1950,1950,1950,1950,0
2022-01-14 15:23:00,1950,1950,1950,1950,0
2022-01-14 15:24:00,1950,1950,1950,1950,0
2022-01-14 15:25:00,1950,1950,1950,1950,0
2022-01-14 15:26:00,1950,1950,1950,1950,0
2022-01-14 15:27:00,1950,1950,1950,1950,0
2022-01-14 15:28:00,1950,1950,1950,1950,0
2022-01-14 15:29:00,1950,1950,1950,1950,0
2022-01-14 15:30:00,1950,1950,1950,1950,0
2022-01-14 15:31:00,1950,1950,1950,1950,0
2022-01-14 15:32:00,1950,1950,1950,1950,0
2022-01-14 15:33:00,1950,1950,1950,1950,0
2022-01-14 15:34:00,1950,1950,1950,1950,0
2022-01-14 15:35:00,1950,1950,1950,1950,0
2022-01-14 15:36:00,1950,1950,1950,1950,0
2022-01-14 15:37:00,1950,1950,1950,1950,0
2022-01-14 15:38:00,1950,1950,1950,1950,0
2022-01-14 15:39:00,1950,1950,1950,1950,0
2022-01-14 15:40:00,1950,1950,1950,1950,0
2022-01-14 15:41:00,1950,1950,1950,1950,0
2022-01-14 15:42:00,1950,1950,1950,1950,0
2022-01-14 15:43:00,1950,1950,1950,1950,0
2022-01-14 15:44:00,1950,1950,1950,1950,0
2022-01-14 15:45:00,1950,1950,1950,1950,0
2022-01-14 15:46:00,1950,1950,1950,1950,0
2022-01-14 15:47:00,1950,1950,1950,1950,0
2022-01-14 15:48:00,1950,1950,1950,1950,0
2022-01-14 15:49:00,1950,1950,1950,1950,0
2022-01-14 15:50:00,1950,1950,1950,1950,0
2022-01-14 15:51:00,1950,1950,1950,1950,0
2022-01-14 15:52:00,1950,1950,1950,1950,0
2022-01-14 15:53:00,1950,1950,1950,1950,0
2022-01-14 15:54:00,1950,1950,1950,1950,0
2022-01-14 15:55:00,1950,1950,1950,1950,0
2022-01-14 15:56:00,1950,1950,1950,1950,0
2022-01-14 15:57:00,1950,1950,1950,1950,0
2022-01-14 15:58:00,1950,1950,1950,1950,0
2022-01-14 15:59:00,1950,1950,1950,1950,0
2022-01-17 09:00:00,1935,1935,1935,1935,0
2022-01-17 09:01:00,1935,1935,1935,1935,0
2022-01-17 09:02:00,1935,1935,1935,1935,0
2022-01-17 09:03:00,1935,1935,1935,1935,0
2022-01-17 09:04:00,1935,1935,1935,1935,0
2022-01-17 09:05:00,1935,1935,1935,1935,0
2022-01-17 09:06:00,1935,1935,1935,1935,0
2022-01-17 09:07:00,1935,1935,1935,1935,0
2022-01-17 09:08:00,1935,1935,1935,1935,0
2022-01-17 09:09:00,1935,1935,1935,1935,0
2022-01-17 09:10:00,1935,1935,1935,1935,0
2022-01-17 09:11:00,1935,1935,1935,1935,0
2022-01-17 09:12:00,1935,1935,1935,1935,0
2022-01-17 09:13:00,1935,1935,1935,1935,0
2022-01-17 09:14:00,1935,1935,1935,1935,0
2022-01-17 09:15:00,1935,1935,1935,1935,0
2022-01-17 09:16:00,1935,1935,1935,1935,0
2022-01-17 09:17:00,1935,1935,1935,1935,0
2022-01-17 09:18:00,1935,1935,1935,1935,0
2022-01-17 09:19:00,1935,1935,1935,1935,0
2022-01-17 09:20:00,1935,1935,1935,1935,0
2022-01-17 09:21:00,1935,1935,1935,1935,0
2022-01-17 09:22:00,1935,1935,1935,1935,0
2022-01-17 09:23:00,1935,1935,1935,1935,0
2022-01-17 09:24:00,1935,1935,1935,1935,0
2022-01-17 09:25:00,1935,1935,1935,1935,0
2022-01-17 09:26:00,1935,1935,1935,1935,0
2022-01-17 09:27:00,1935,1935,1935,1935,0
2022-01-17 09:28:00,1935,1935,1935,1935,0
2022-01-17 09:29:00,1935,1935,1935,1935,0
2022-01-17 09:30:00,1935,1935,1935,1935,0
2022-01-17 09:31:00,1935,1935,1935,1935,0
2022-01-17 09:32:00,1935,1935,1935,1935,0
2022-01-17 09:33:00,1935,1935,1935,1935,0
2022-01-17 09:34:00,1935,1935,1935,1935,0
2022-01-17 09:35:00,1935,1935,1935,1935,0
2022-01-17 09:36:00,1935,1935,1935,1935,0
2022-01-17 09:37:00,1935,1935,1935,1935,0
2022-01-17 09:38:00,1935,1935,1935,1935,0
2022-01-17 09:39:00,1935,1935,1935,1935,0
2022-01-17 09:40:00,1935,1935,1935,1935,0
2022-01-17 09:41:00,1935,1935,1935,1935,0
2022-01-17 09:42:00,1935,1935,1935,1935,0
2022-01-17 09:43:00,1935,1935,1935,1935,0
2022-01-17 09:44:00,1935,1935,1935,1935,0
2022-01-17 09:45:00,1935,1935,1935,1935,0
2022-01-17 09:46:00,1935,1935,1935,1935,0
2022-01-17 09:47:00,1935,1935,1935,1935,0
2022-01-17 09:48:00,1935,1935,1935,1935,0
2022-01-17 09:49:00,1935,1935,1935,1935,0
2022-01-17 09:50:00,1935,1935,1935,1935,0
2022-01-17 09:51:00,1935,1935,1935,1935,0
2022-01-17 09:52:00,1935,1935,1935,1935,0
2022-01-17 09:53:00,1935,1935,1935,1935,0
2022-01-17 09:54:00,1935,1935,1935,1935,0
2022-01-17 09:55:00,1935,1935,1935,1935,0
2022-01-17 09:56:00,1935,1935,1935,1935,0
2022-01-17 09:57:00,1935,1935,1935,1935,0
2022-01-17 09:58:00,1935,1935,1935,1935,0
2022-01-17 09:59:00,1935,1935,1935,1935,0
2022-01-17 10:00:00,1935,1935,1935,1935,0
2022-01-17 10:01:00,1935,1935,1935,1935,0
2022-01-17 10:02:00,1935,1935,1935,1935,0
2022-01-17 10:03:00,1935,1935,1935,1935,0
2022-01-17 10:04:00,1935,1935,1935,1935,0
2022-01-17 10:05:00,1935,1935,1935,1935,0
2022-01-17 10:06:00,1935,1935,1935,1935,0
2022-01-17 10:07:00,1935,1935,1935,1935,0
2022-01-17 10:08:00,1935,1935,1935,1935,0
2022-01-17 10:09:00,1935,1935,1935,1935,0
2022-01-17 10:10:00,1935,1935,1935,1935,0
2022-01-17 10:11:00,1935,1935,1935,1935,0
2022-01-17 10:12:00,1935,1935,1935,1935,0
2022-01-17 10:13:00,1935,1935,1935,1935,0
2022-01-17 10:14:00,1935,1935,1935,1935,0
2022-01-17 10:15:00,1935,1935,1935,1935,0
2022-01-17 10:16:00,1935,1935,1935,1935,0
2022-01-17 10:17:00,1935,1935,1935,1935,0
2022-01-17 10:18:00,1935,1935,1935,1935,0
2022-01-17 10:19:00,1935,1935,1935,1935,0
2022-01-17 10:20:00,1935,1935,1935,1935,0
2022-01-17 10:21:00,1935,1935,1935,1935,0
2022-01-17 10:22:00,1935,1935,1935,1935,0
2022-01-17 10:23:00,1935,1935,1935,1935,0
2022-01-17 10:24:00,1935,1935,1935,1935,0
2022-01-17 10:25:00,1935,1935,1935,1935,0
2022-01-17 10:26:00,1935,1935,1935,1935,0
2022-01-17 10:27:00,1935,1935,1935,1935,0
2022-01-17 10:28:00,1935,1935,1935,1935,0
2022-01-17 10:29:00,1935,1935,1935,1935,0
2022-01-17 10:30:00,1935,1935,1935,1935,0
2022-01-17 10:31:00,1935,1935,1935,1935,0
2022-01-17 10:32:00,1935,1935,1935,1935,0
2022-01-17 10:33:00,1935,1935,1935,1935,0
2022-01-17 10:34:00,1935,1935,1935,1935,0
2022-01-17 10:35:00,1935,1935,1935,1935,0
2022-01-17 10:36:00,1935,1935,1935,1935,0
2022-01-17 10:37:00,1935,1935,1935,1935,0
2022-01-17 10:38:00,1935,1935,1935,1935,0
2022-01-17 10:39:00,1935,1935,1935,1935,0
2022-01-17 10:40:00,1935,1935,1935,1935,0
2022-01-17 10:41:00,1935,1935,1935,1935,0
2022-01-17 10:42:00,1935,1935,1935,1935,0
2022-01-17 10:43:00,1935,1935,1935,1935,0
2022-01-17 10:44:00,1935,1935,1935,1935,0
2022-01-17 10:45:00,1935,1935,1935,1935,0
2022-01-17 10:46:00,1935,1935,1935,1935,0
2022-01-17 10:47:00,1935,1935,1935,1935,0
2022-01-17 10:48:00,1935,1935,1935,1935,0
2022-01-17 10:49:00,1935,1935,1935,1935,0
2022-01-17 10:50:00,1935,1935,1935,1935,0
2022-01-17 10:51:00,1935,1935,1935,1935,0
2022-01-17 10:52:00,1935,1935,1935,1935,0
2022-01-17 10:53:00,1935,1935,1935,1935,0
2022-01-17 10:54:00,1935,1935,1935,1935,0
2022-01-17 10:55:00,1935,1935,1935,1935,0
2022-01-17 10:56:00,1935,1935,1935,1935,0
2022-01-17 10:57:00,1935,1935,1935,1935,0
2022-01-17 10:58:00,1935,1935,1935,1935,0
2022-01-17 10:59:00,1935,1935,1935,1935,0
2022-01-17 11:00:00,1935,1935,1935,1935,0
2022-01-17 11:01:00,1935,1935,1935,1935,0
2022-01-17 11:02:00,1935,1935,1935,1935,0
2022-01-17 11:03:00,1935,1935,1935,1935,0
2022-01-17 11:04:00,1935,1935,1935,1935,0
2022-01-17 11:05:00,1935,1935,1935,1935,0
2022-01-17 11:06:00,1935,1935,1935,1935,0
2022-01-17 11:07:00,1935,1935,1935,1935,0
2022-01-17 11:08:00,1935,1935,1935,1935,0
2022-01-17 11:09:00,1935,1935,1935,1935,0
2022-01-17 11:10:00,1935,1935,1935,1935,0
2022-01-17 11:11:00,1935,1935,1935,1935,0
2022-01-17 11:12:00,1935,1935,1935,1935,0
2022-01-17 11:13:00,1935,1935,1935,1935,0
2022-01-17 11:14:00,1935,1935,1935,1935,0
2022-01-17 11:15:00,1935,1935,1935,1935,0
2022-01-17 11:16:00,1935,1935,1935,1935,0
2022-01-17 11:17:00,1935,1935,1935,1935,0
2022-01-17 11:18:00,1935,1935,1935,1935,0
2022-01-17 11:19:00,1935,1935,1935,1935,0
2022-01-17 11:20:00,1935,1935,1935,1935,0
2022-01-17 11:21:00,1935,1935,1935,1935,0
2022-01-17 11:22:00,1935,1935,1935,1935,0
2022-01-17 11:23:00,1935,1935,1935,1935,0
2022-01-17 11:24:00,1935,1935,1935,1935,0
2022-01-17 11:25:00,1935,1935,1935,1935,0
2022-01-17 11:26:00,1935,1935,1935,1935,0
2022-01-17 11:27:00,1935,1935,1935,1935,0
2022-01-17 11:28:00,1935,1935,1935,1935,0
2022-01-17 11:29:00,1935,1935,1935,1935,0
2022-01-17 11:30:00,1935,1935,1935,1935,0
2022-01-17 11:31:00,1935,1935,1935,1935,0
2022-01-17 11:32:00,1935,1935,1935,1935,0
2022-01-17 11:33:00,1935,1935,1935,1935,0
2022-01-17 11:34:00,1935,1935,1935,1935,0
2022-01-17 11:35:00,1935,1935,1935,1935,0
2022-01-17 11:36:00,1935,1935,1935,1935,0
2022-01-17 11:37:00,1935,1935,1935,1935,0
2022-01-17 11:38:00,1935,1935,1935,1935,0
2022-01-17 11:39:00,1935,1935,1935,1935,0
2022-01-17 11:40:00,1935,1935,1935,1935,0
2022-01-17 11:41:00,1935,1935,1935,1935,0
2022-01-17 11:42:00,1935,1935,1935,1935,0
2022-01-17 11:43:00,1935,1935,1935,1935,0
2022-01-17 11:44:00,1935,1935,1935,1935,0
2022-01-17 11:45:00,1935,1935,1935,1935,0
2022-01-17 11:46:00,1935,1935,1935,1935,0
2022-01-17 11:47:00,1935,1935,1935,1935,0
2022-01-17 11:48:00,1935,1935,1935,1935,0
2022-01-17 11:49:00,1935,1935,1935,1935,0
2022-01-17 11:50:00,1935,1935,1935,1935,0
2022-01-17 11:51:00,1935,1935,1935,1935,0
2022-01-17 11:52:00,1935,1935,1935,1935,0
2022-01-17 11:53:00,1935,1935,1935,1935,0
2022-01-17 11:54:00,1935,1935,1935,1935,0
2022-01-17 11:55:00,1935,1935,1935,1935,0
2022-01-17 11:56:00,1935,1935,1935,1935,0
2022-01-17 11:57:00,1935,1935,1935,1935,0
2022-01-17 11:58:00,1935,1935,1935,1935,0
2022-01-17 11:59:00,1935,1935,1935,1935,0
2022-01-17 12:00:00,1935,1935,1935,1935,0
2022-01-17 12:01:00,1935,1935,1935,1935,0
2022-01-17 12:02:00,1935,1935,1935,1935,0
2022-01-17 12:03:00,1935,1935,1935,1935,0
2022-01-17 12:04:00,1935,1935,1935,1935,0
2022-01-17 12:05:00,1935,1935,1935,1935,0
2022-01-17 12:06:00,1935,1935,1935,1935,0
2022-01-17 12:07:00,1935,1935,1935,1935,0
2022-01-17 12:08:00,1935,1935,1935,1935,0
2022-01-17 12:09:00,1935,1935,1935,1935,0
2022-01-17 12:10:00,1935,1935,1935,1935,0
2022-01-17 12:11:00,1935,1935,1935,1935,0
2022-01-17 12:12:00,1935,1935,1935,1935,0
2022-01-17 12:13:00,1935,1935,1935,1935,0
2022-01-17 12:14:00,1935,1935,1935,1935,0
2022-01-17 12:15:00,1935,1935,1935,1935,0
2022-01-17 12:16:00,1935,1935,1935,1935,0
2022-01-17 12:17:00,1935,1935,1935,1935,0
2022-01-17 12:18:00,1935,1935,1935,1935,0
2022-01-17 12:19:00,1935,1935,1935,1935,0
2022-01-17 12:20:00,1935,1935,1935,1935,0
2022-01-17 12:21:00,1935,1935,1935,1935,0
2022-01-17 12:22:00,1935,1935,1935,1935,0
2022-01-17 12:23:00,1935,1935,1935,1935,0
2022-01-17 12:24:00,1935,1935,1935,1935,0
2022-01-17 12:25:00,1935,1935,1935,1935,0
2022-01-17 12:26:00,1935,1935,1935,1935,0
2022-01-17 12:27:00,1935,1935,1935,1935,0
2022-01-17 12:28:00,1935,1935,1935,1935,0
2022-01-17 12:29:00,1935,1935,1935,1935,0
2022-01-17 12:30:00,1935,1935,1935,1935,0
2022-01-17 12:31:00,1935,1935,1935,1935,0
2022-01-17 12:32:00,1935,1935,1935,1935,0
2022-01-17 12:33:00,1935,1935,1935,1935,0
2022-01-17 12:34:00,1935,1935,1935,1935,0
2022-01-17 12:35:00,1935,1935,1935,1935,0
2022-01-17 12:36:00,1935,1935,1935,1935,0
2022-01-17 12:37:00,1935,1935,1935,1935,0
2022-01-17 12:38:00,1935,1935,1935,1935,0
2022-01-17 12:39:00,1935,1935,1935,1935,0
2022-01-17 12:40:00,1935,1935,1935,1935,0
2022-01-17 12:41:00,1935,1935,1935,1935,0
2022-01-17 12:42:00,1935,1935,1935,1935,0
2022-01-17 12:43:00,1935,1935,1935,1935,0
2022-01-17 12:44:00,1935,1935,1935,1935,0
2022-01-17 12:45:00,1935,1935,1935,1935,0
2022-01-17 12:46:00,1935,1935,1935,1935,0
2022-01-17 12:47:00,1935,1935,1935,1935,0
2022-01-17 12:48:00,1935,1935,1935,1935,0
2022-01-17 12:49:00,1935,1935,1935,1935,0
2022-01-17 12:50:00,1935,1935,1935,1935,0
2022-01-17 12:51:00,1935,1935,1935,1935,0
2022-01-17 12:52:00,1935,1935,1935,1935,0
2022-01-17 12:53:00,1935,1935,1935,1935,0
2022-01-17 12:54:00,1935,1935,1935,1935,0
2022-01-17 12:55:00,1935,1935,1935,1935,0
2022-01-17 12:56:00,1935,1935,1935,1935,0
2022-01-17 12:57:00,1935,1935,1935,1935,0
2022-01-17 12:58:00,1935,1935,1935,1935,0
2022-01-17 12:59:00,1935,1935,1935,1935,0
2022-01-17 13:00:00,1935,1935,1935,1935,0
2022-01-17 13:01:00,1935,1935,1935,1935,0
2022-01-17 13:02:00,1935,1935,1935,1935,0
2022-01-17 13:03:00,1935,1935,1935,1935,0
2022-01-17 13:04:00,1935,1935,1935,1935,0
2022-01-17 13:05:00,1935,1935,1935,1935,0
2022-01-17 13:06:00,1935,1935,1935,1935,0
2022-01-17 13:07:00,1935,1935,1935,1935,0
2022-01-17 13:08:00,1935,1935,1935,1935,0
2022-01-17 13:09:00,1935,1935,1935,1935,0
2022-01-17 13:10:00,1935,1935,1935,1935,0
2022-01-17 13:11:00,1935,1935,1935,1935,0
2022-01-17 13:12:00,1935,1935,1935,1935,0
2022-01-17 13:13:00,1935,1935,1935,1935,0
2022-01-17 13:14:00,1935,1935,1935,1935,0
2022-01-17 13:15:00,1935,1935,1935,1935,0
2022-01-17 13:16:00,1935,1935,1935,1935,0
2022-01-17 13:17:00,1935,1935,1935,1935,0
2022-01-17 13:18:00,1935,1935,1935,1935,0
2022-01-17 13:19:00,1935,1935,1935,1935,0
2022-01-17 13:20:00,1935,1935,1935,1935,0
2022-01-17 13:21:00,1935,1935,1935,1935,0
2022-01-17 13:22:00,1935,1935,1935,1935,0
2022-01-17 13:23:00,1935,1935,1935,1935,0
2022-01-17 13:24:00,1935,1935,1935,1935,0
2022-01-17 13:25:00,1935,1935,1935,1935,0
2022-01-17 13:26:00,1935,1935,1935,1935,0
2022-01-17 13:27:00,1935,1935,1935,1935,0
2022-01-17 13:28:00,1935,1935,1935,1935,0
2022-01-17 13:29:00,1935,1935,1935,1935,0
2022-01-17 13:30:00,1935,1935,1935,1935,0
2022-01-17 13:31:00,1935,1935,1935,1935,0
2022-01-17 13:32:00,1935,1935,1935,1935,0
2022-01-17 13:33:00,1935,1935,1935,1935,0
2022-01-17 13:34:00,1935,1935,1935,1935,0
2022-01-17 13:35:00,1935,1935,1935,1935,0
2022-01-17 13:36:00,1935,1935,1935,1935,0
2022-01-17 13:37:00,1935,1935,1935,1935,0
2022-01-17 13:38:00,1935,1935,1935,1935,0
2022-01-17 13:39:00,1935,1935,1935,1935,0
2022-01-17 13:40:00,1935,1935,1935,1935,0
2022-01-17 13:41:00,1935,1935,1935,1935,0
2022-01-17 13:42:00,1935,1935,1935,1935,0
2022-01-17 13:43:00,1935,1935,1935,1935,0
2022-01-17 13:44:00,1935,1935,1935,1935,0
2022-01-17 13:45:00,1935,1935,1935,1935,0
2022-01-17 13:46:00,1935,1935,1935,1935,0
2022-01-17 13:47:00,1935,1935,1935,1935,0
2022-01-17 13:48:00,1935,1935,1935,1935,0
2022-01-17 13:49:00,1935,1935,1935,1935,0
2022-01-17 13:50:00,1935,1935,1935,1935,0
2022-01-17 13:51:00,1935,1935,1935,1935,0
2022-01-17 13:52:00,1935,1935,1935,1935,0
2022-01-17 13:53:00,1935,1935,1935,1935,0
2022-01-17 13:54:00,1935,1935,1935,1935,0
2022-01-17 13:55:00,1935,1935,1935,1935,0
2022-01-17 13:56:00,1935,1935,1935,1935,0
2022-01-17 13:57:00,1935,1935,1935,1935,0
2022-01-17 13:58:00,1935,1935,1935,1935,0
2022-01-17 13:59:00,1935,1935,1935,1935,0
2022-01-17 14:00:00,1935,1935,1935,1935,0
2022-01-17 14:01:00,1935,1935,1935,1935,0
2022-01-17 14:02:00,1935,1935,1935,1935,0
2022-01-17 14:03:00,1935,1935,1935,1935,0
2022-01-17 14:04:00,1935,1935,1935,1935,0
2022-01-17 14:05:00,1935,1935,1935,1935,0
2022-01-17 14:06:00,1935,1935,1935,1935,0
2022-01-17 14:07:00,1935,1935,1935,1935,0
2022-01-17 14:08:00,1935,1935,1935,1935,0
2022-01-17 14:09:00,1935,1935,1935,1935,0
2022-01-17 14:10:00,1935,1935,1935,1935,0
2022-01-17 14:11:00,1935,1935,1935,1935,0
2022-01-17 14:12:00,1935,1935,1935,1935,0
2022-01-17 14:13:00,1935,1935,1935,1935,0
2022-01-17 14:14:00,1935,1935,1935,1935,0
2022-01-17 14:15:00,1935,1935,1935,1935,0
2022-01-17 14:16:00,1935,1935,1935,1935,0
2022-01-17 14:17:00,1935,1935,1935,1935,0
2022-01-17 14:18:00,1935,1935,1935,1935,0
2022-01-17 14:19:00,1935,1935,1935,1935,0
2022-01-17 14:20:00,1935,1935,1935,1935,0
2022-01-17 14:21:00,1935,1935,1935,1935,0
2022-01-17 14:22:00,1935,1935,1935,1935,0
2022-01-17 14:23:00,1935,1935,1935,1935,0
2022-01-17 14:24:00,1935,1935,1935,1935,0
2022-01-17 14:25:00,1935,1935,1935,1935,0
2022-01-17 14:26:00,1935,1935,1935,1935,0
2022-01-17 14:27:00,1935,1935,1935,1935,0
2022-01-17 14:28:00,1935,1935,1935,1935,0
2022-01-17 14:29:00,1935,1935,1935,1935,0
2022-01-17 14:30:00,1935,1935,1935,1935,0
2022-01-17 14:31:00,1935,1935,1935,1935,0
2022-01-17 14:32:00,1935,1935,1935,1935,0
2022-01-17 14:33:00,1935,1935,1935,1935,0
2022-01-17 14:34:00,1935,1935,1935,1935,0
2022-01-17 14:35:00,1935,1935,1935,1935,0
2022-01-17 14:36:00,1935,1935,1935,1935,0
2022-01-17 14:37:00,1935,1935,1935,1935,0
2022-01-17 14:38:00,1935,1935,1935,1935,0
2022-01-17 14:39:00,1935,1935,1935,1935,0
2022-01-17 14:40:00,1935,1935,1935,1935,0
2022-01-17 14:41:00,1935,1935,1935,1935,0
2022-01-17 14:42:00,1935,1935,1935,1935,0
2022-01-17 14:43:00,1935,1935,1935,1935,0
2022-01-17 14:44:00,1935,1935,1935,1935,0
2022-01-17 14:45:00,1935,1935,1935,1935,0
2022-01-17 14:46:00,1935,1935,1935,1935,0
2022-01-17 14:47:00,1935,1935,1935,1935,0
2022-01-17 14:48:00,1935,1935,1935,1935,0
2022-01-17 14:49:00,1935,1935,1935,1935,0
2022-01-17 14:50:00,1935,1935,1935,1935,0
2022-01-17 14:51:00,1935,1935,1935,1935,0
2022-01-17 14:52:00,1935,1935,1935,1935,0
2022-01-17 14:53:00,1935,1935,1935,1935,0
2022-01-17 14:54:00,1935,1935,1935,1935,0
2022-01-17 14:55:00,1935,1935,1935,1935,0
2022-01-17 14:56:00,1935,1935,1935,1935,0
2022-01-17 14:57:00,1935,1935,1935,1935,0
2022-01-17 14:58:00,1935,1935,1935,1935,0
2022-01-17 14:59:00,1935,1935,1935,1935,0
2022-01-17 15:00:00,1935,1935,1935,1935,0
2022-01-17 15:01:00,1935,1935,1935,1935,0
2022-01-17 15:02:00,1935,1935,1935,1935,0
2022-01-17 15:03:00,1935,1935,1935,1935,0
2022-01-17 15:04:00,1935,1935,1935,1935,0
2022-01-17 15:05:00,1935,1935,1935,1935,0
2022-01-17 15:06:00,1935,1935,1935,1935,0
2022-01-17 15:07:00,1935,1935,1935,1935,0
2022-01-17 15:08:00,1935,1935,1935,1935,0
2022-01-17 15:09:00,1935,1935,1935,1935,0
2022-01-17 15:10:00,1935,1935,1935,1935,0
2022-01-17 15:11:00,1935,1935,1935,1935,0
2022-01-17 15:12:00,1935,1935,1935,1935,0
2022-01-17 15:13:00,1935,1935,1935,1935,0
2022-01-17 15:14:00,1935,1935,1935,1935,0
2022-01-17 15:15:00,1935,1935,1935,1935,0
2022-01-17 15:16:00,1935,1935,1935,1935,0
2022-01-17 15:17:00,1935,1935,1935,1935,0
2022-01-17 15:18:00,1935,1935,1935,1935,0
2022-01-17 15:19:00,1935,1935,1935,1935,0
2022-01-17 15:20:00,1935,1935,1935,1935,0
2022-01-17 15:21:00,1935,1935,1935,1935,0
2022-01-17 15:22:00,1935,1935,1935,1935,0
2022-01-17 15:23:00,1935,1935,1935,1935,0
2022-01-17 15:24:00,1935,1935,1935,1935,0
2022-01-17 15:25:00,1935,1935,1935,1935,0
2022-01-17 15:26:00,1935,1935,1935,1935,0
2022-01-17 15:27:00,1935,1935,1935,1935,0
2022-01-17 15:28:00,1935,1935,1935,1935,0
2022-01-17 15:29:00,1935,1935,1935,1935,0
2022-01-17 15:30:00,1935,1935,1935,1935,0
2022-01-17 15:31:00,1935,1935,1935,1935,0
2022-01-17 15:32:00,1935,1935,1935,1935,0
2022-01-17 15:33:00,1935,1935,1935,1935,0
2022-01-17 15:34:00,1935,1935,1935,1935,0
2022-01-17 15:35:00,1935,1935,1935,1935,0
2022-01-17 15:36:00,1935,1935,1935,1935,0
2022-01-17 15:37:00,1935,1935,1935,1935,0
2022-01-17 15:38:00,1935,1935,1935,1935,0
2022-01-17 15:39:00,1935,1935,1935,1935,0
2022-01-17 15:40:00,1935,1935,1935,1935,0
2022-01-17 15:41:00,1935,1935,1935,1935,0
2022-01-17 15:42:00,1935,1935,1935,1935,0
2022-01-17 15:43:00,1935,1935,1935,1935,0
2022-01-17 15:44:00,1935,1935,1935,1935,0
2022-01-17 15:45:00,1935,1935,1935,1935,0
2022-01-17 15:46:00,1935,1935,1935,1935,0
2022-01-17 15:47:00,1935,1935,1935,1935,0
2022-01-17 15:48:00,1935,1935,1935,1935,0
2022-01-17 15:49:00,1935,1935,1935,1935,0
2022-01-17 15:50:00,1935,1935,1935,1935,0
2022-01-17 15:51:00,1935,1935,1935,1935,0
2022-01-17 15:52:00,1935,1935,1935,1935,0
2022-01-17 15:53:00,1935,1935,1935,1935,0
2022-01-17 15:54:00,1935,1935,1935,1935,0
2022-01-17 15:55:00,1935,1935,1935,1935,0
2022-01-17 15:56:00,1935,1935,1935,1935,0
2022-01-17 15:57:00,1935,1935,1935,1935,0
2022-01-17 15:58:00,1935,1935,1935,1935,0
2022-01-17 15:59:00,1935,1935,1935,1935,0
2022-01-18 09:00:00,1935,1935,1935,1935,0
2022-01-18 09:01:00,1935,1935,1935,1935,0
2022-01-18 09:02:00,1935,1935,1935,1935,0
2022-01-18 09:03:00,1935,1935,1935,1935,0
2022-01-18 09:04:00,1935,1935,1935,1935,0
2022-01-18 09:05:00,1935,1935,1935,1935,0
2022-01-18 09:06:00,1935,1935,1935,1935,0
2022-01-18 09:07:00,1935,1935,1935,1935,0
2022-01-18 09:08:00,1935,1935,1935,1935,0
2022-01-18 09:09:00,1935,1935,1935,1935,0
2022-01-18 09:10:00,1935,1935,1935,1935,0
2022-01-18 09:11:00,1935,1935,1935,1935,0
2022-01-18 09:12:00,1935,1935,1935,1935,0
2022-01-18 09:13:00,1935,1935,1935,1935,0
2022-01-18 09:14:00,1935,1935,1935,1935,0
2022-01-18 09:15:00,1935,1935,1935,1935,0
2022-01-18 09:16:00,1935,1935,1935,1935,0
2022-01-18 09:17:00,1935,1935,1935,1935,0
2022-01-18 09:18:00,1935,1935,1935,1935,0
2022-01-18 09:19:00,1935,1935,1935,1935,0
2022-01-18 09:20:00,1935,1935,1935,1935,0
2022-01-18 09:21:00,1935,1935,1935,1935,0
2022-01-18 09:22:00,1935,1935,1935,1935,0
2022-01-18 09:23:00,1935,1935,1935,1935,0
2022-01-18 09:24:00,1935,1935,1935,1935,0
2022-01-18 09:25:00,1925,1925,1975,1975,1300
2022-01-18 09:26:00,1925,1925,1975,1975,0
2022-01-18 09:27:00,1925,1925,1975,1975,0
2022-01-18 09:28:00,1925,1925,1975,1975,0
2022-01-18 09:29:00,1925,1925,1975,1975,0
2022-01-18 09:30:00,1925,1925,1975,1975,0
2022-01-18 09:31:00,1925,1925,1975,1975,0
2022-01-18 09:32:00,1925,1925,1975,1975,0
2022-01-18 09:33:00,1925,1925,1975,1975,0
2022-01-18 09:34:00,1925,1925,1975,1975,0
2022-01-18 09:35:00,1925,1925,1975,1975,0
2022-01-18 09:36:00,1925,1925,1975,1975,0
2022-01-18 09:37:00,1925,1925,1975,1975,0
2022-01-18 09:38:00,1925,1925,1975,1975,0
2022-01-18 09:39:00,1925,1925,1975,1975,0
2022-01-18 09:40:00,1925,1925,1975,1975,0
2022-01-18 09:41:00,1925,1925,1975,1975,0
2022-01-18 09:42:00,1925,1925,1975,1975,0
2022-01-18 09:43:00,1925,1925,1975,1975,0
2022-01-18 09:44:00,1925,1925,1975,1975,0
2022-01-18 09:45:00,1925,1925,1975,1975,0
2022-01-18 09:46:00,1925,1925,1975,1975,0
2022-01-18 09:47:00,1925,1925,1975,1975,0
2022-01-18 09:48:00,1975,1975,2000,2000,500
2022-01-18 09:49:00,1975,1975,2000,2000,0
2022-01-18 09:50:00,1975,1975,2000,2000,0
2022-01-18 09:51:00,1975,1975,2000,2000,0
2022-01-18 09:52:00,1975,1975,2000,2000,0
2022-01-18 09:53:00,1975,1975,2000,2000,0
2022-01-18 09:54:00,1975,1975,2000,2000,0
2022-01-18 09:55:00,1975,1975,2000,2000,0
2022-01-18 09:56:00,1975,1975,2000,2000,0
2022-01-18 09:57:00,1975,1975,2000,2000,0
2022-01-18 09:58:00,1975,1975,2000,2000,0
2022-01-18 09:59:00,1975,1975,2000,2000,0
2022-01-18 10:00:00,1975,1975,2000,2000,0
2022-01-18 10:01:00,1975,1975,2000,2000,0
2022-01-18 10:02:00,1975,1975,2000,2000,0
2022-01-18 10:03:00,1975,1975,2000,2000,0
2022-01-18 10:04:00,1975,1975,2000,2000,0
2022-01-18 10:05:00,1975,1975,2000,2000,0
2022-01-18 10:06:00,1975,1975,2000,2000,0
2022-01-18 10:07:00,1975,1975,2000,2000,0
2022-01-18 10:08:00,1975,1975,2000,2000,0
2022-01-18 10:09:00,1975,1975,2000,2000,0
2022-01-18 10:10:00,1975,1975,2000,2000,0
2022-01-18 10:11:00,1975,1975,2000,2000,0
2022-01-18 10:12:00,1975,1975,2000,2000,0
2022-01-18 10:13:00,1975,1975,2000,2000,0
2022-01-18 10:14:00,1975,1975,2000,2000,0
2022-01-18 10:15:00,1975,1975,2000,2000,0
2022-01-18 10:16:00,1975,1975,2000,2000,0
2022-01-18 10:17:00,1975,1975,2000,2000,0
2022-01-18 10:18:00,1975,1975,2000,2000,0
2022-01-18 10:19:00,1975,1975,2000,2000,0
2022-01-18 10:20:00,1975,1975,2000,2000,0
2022-01-18 10:21:00,1975,1975,2000,2000,0
2022-01-18 10:22:00,1975,1975,2000,2000,0
2022-01-18 10:23:00,1975,1975,2000,2000,0
2022-01-18 10:24:00,1975,1975,2000,2000,0
2022-01-18 10:25:00,1975,1975,2000,2000,0
2022-01-18 10:26:00,1975,1975,2000,2000,0
2022-01-18 10:27:00,1975,1975,2000,2000,0
2022-01-18 10:28:00,1975,1975,2000,2000,0
2022-01-18 10:29:00,1975,1975,2000,2000,0
2022-01-18 10:30:00,1975,1975,2000,2000,0
2022-01-18 10:31:00,1975,1975,2000,2000,0
2022-01-18 10:32:00,1975,1975,2000,2000,0
2022-01-18 10:33:00,1975,1975,2000,2000,0
2022-01-18 10:34:00,1975,1975,2000,2000,0
2022-01-18 10:35:00,1975,1975,2000,2000,0
2022-01-18 10:36:00,1975,1975,2000,2000,0
2022-01-18 10:37:00,1975,1975,2000,2000,0
2022-01-18 10:38:00,1975,1975,2000,2000,0
2022-01-18 10:39:00,1975,1975,2000,2000,0
2022-01-18 10:40:00,1975,1975,2000,2000,0
2022-01-18 10:41:00,1975,1975,2000,2000,0
2022-01-18 10:42:00,1975,1975,2000,2000,0
2022-01-18 10:43:00,1975,1975,2000,2000,0
2022-01-18 10:44:00,1975,1975,2000,2000,0
2022-01-18 10:45:00,1975,1975,2000,2000,0
2022-01-18 10:46:00,1975,1975,2000,2000,0
2022-01-18 10:47:00,1975,1975,2000,2000,0
2022-01-18 10:48:00,1975,1975,2000,2000,0
2022-01-18 10:49:00,1975,1975,2000,2000,0
2022-01-18 10:50:00,1975,1975,2000,2000,0
2022-01-18 10:51:00,1975,1975,2000,2000,0
2022-01-18 10:52:00,1975,1975,2000,2000,0
2022-01-18 10:53:00,1975,1975,2000,2000,0
2022-01-18 10:54:00,1975,1975,2000,2000,0
2022-01-18 10:55:00,1975,1975,2000,2000,0
2022-01-18 10:56:00,1975,1975,2000,2000,0
2022-01-18 10:57:00,1975,1975,2000,2000,0
2022-01-18 10:58:00,1975,1975,2000,2000,0
2022-01-18 10:59:00,1975,1975,2000,2000,0
2022-01-18 11:00:00,1975,1975,2000,2000,0
2022-01-18 11:01:00,1975,1975,2000,2000,0
2022-01-18 11:02:00,1975,1975,2000,2000,0
2022-01-18 11:03:00,1975,1975,2000,2000,0
2022-01-18 11:04:00,1975,1975,2000,2000,0
2022-01-18 11:05:00,1975,1975,2000,2000,0
2022-01-18 11:06:00,1975,1975,2000,2000,0
2022-01-18 11:07:00,1975,1975,2000,2000,0
2022-01-18 11:08:00,1975,1975,2000,2000,0
2022-01-18 11:09:00,1975,1975,2000,2000,0
2022-01-18 11:10:00,1975,1975,2000,2000,0
2022-01-18 11:11:00,1975,1975,2000,2000,0
2022-01-18 11:12:00,1975,1975,2000,2000,0
2022-01-18 11:13:00,1975,1975,2000,2000,0
2022-01-18 11:14:00,1975,1975,2000,2000,0
2022-01-18 11:15:00,1975,1975,2000,2000,0
2022-01-18 11:16:00,1975,1975,2000,2000,0
2022-01-18 11:17:00,1975,1975,2000,2000,0
2022-01-18 11:18:00,1975,1975,2000,2000,0
2022-01-18 11:19:00,1975,1975,2000,2000,0
2022-01-18 11:20:00,1975,1975,2000,2000,0
2022-01-18 11:21:00,1975,1975,2000,2000,0
2022-01-18 11:22:00,1975,1975,2000,2000,0
2022-01-18 11:23:00,1975,1975,2000,2000,0
2022-01-18 11:24:00,1975,1975,2000,2000,0
2022-01-18 11:25:00,1975,1975,2000,2000,0
2022-01-18 11:26:00,1975,1975,2000,2000,0
2022-01-18 11:27:00,1975,1975,2000,2000,0
2022-01-18 11:28:00,1975,1975,2000,2000,0
2022-01-18 11:29:00,1975,1975,2000,2000,0
2022-01-18 11:30:00,1975,1975,2000,2000,0
2022-01-18 11:31:00,1975,1975,2000,2000,0
2022-01-18 11:32:00,1975,1975,2000,2000,0
2022-01-18 11:33:00,1975,1975,2000,2000,0
2022-01-18 11:34:00,1975,1975,2000,2000,0
2022-01-18 11:35:00,1975,1975,2000,2000,0
2022-01-18 11:36:00,1975,1975,2000,2000,0
2022-01-18 11:37:00,1975,1975,2000,2000,0
2022-01-18 11:38:00,1975,1975,2000,2000,0
2022-01-18 11:39:00,1975,1975,2000,2000,0
2022-01-18 11:40:00,1975,1975,2000,2000,0
2022-01-18 11:41:00,1975,1975,2000,2000,0
2022-01-18 11:42:00,1975,1975,2000,2000,0
2022-01-18 11:43:00,1975,1975,2000,2000,0
2022-01-18 11:44:00,1975,1975,2000,2000,0
2022-01-18 11:45:00,1975,1975,2000,2000,0
2022-01-18 11:46:00,1975,1975,2000,2000,0
2022-01-18 11:47:00,1975,1975,2000,2000,0
2022-01-18 11:48:00,1975,1975,2000,2000,0
2022-01-18 11:49:00,1975,1975,2000,2000,0
2022-01-18 11:50:00,1975,1975,2000,2000,0
2022-01-18 11:51:00,1975,1975,2000,2000,0
2022-01-18 11:52:00,1975,1975,2000,2000,0
2022-01-18 11:53:00,1975,1975,2000,2000,0
2022-01-18 11:54:00,1975,1975,2000,2000,0
2022-01-18 11:55:00,1975,1975,2000,2000,0
2022-01-18 11:56:00,1975,1975,2000,2000,0
2022-01-18 11:57:00,1975,1975,2000,2000,0
2022-01-18 11:58:00,1975,1975,2000,2000,0
2022-01-18 11:59:00,1975,1975,2000,2000,0
2022-01-18 12:00:00,1975,1975,2000,2000,0
2022-01-18 12:01:00,1975,1975,2000,2000,0
2022-01-18 12:02:00,1975,1975,2000,2000,0
2022-01-18 12:03:00,1975,1975,2000,2000,0
2022-01-18 12:04:00,1975,1975,2000,2000,0
2022-01-18 12:05:00,1975,1975,2000,2000,0
2022-01-18 12:06:00,1975,1975,2000,2000,0
2022-01-18 12:07:00,1975,1975,2000,2000,0
2022-01-18 12:08:00,1975,1975,2000,2000,0
2022-01-18 12:09:00,1975,1975,2000,2000,0
2022-01-18 12:10:00,1975,1975,2000,2000,0
2022-01-18 12:11:00,1975,1975,2000,2000,0
2022-01-18 12:12:00,1975,1975,2000,2000,0
2022-01-18 12:13:00,1975,1975,2000,2000,0
2022-01-18 12:14:00,1975,1975,2000,2000,0
2022-01-18 12:15:00,1975,1975,2000,2000,0
2022-01-18 12:16:00,1975,1975,2000,2000,0
2022-01-18 12:17:00,1975,1975,2000,2000,0
2022-01-18 12:18:00,1975,1975,2000,2000,0
2022-01-18 12:19:00,1975,1975,2000,2000,0
2022-01-18 12:20:00,1975,1975,2000,2000,0
2022-01-18 12:21:00,1975,1975,2000,2000,0
2022-01-18 12:22:00,1975,1975,2000,2000,0
2022-01-18 12:23:00,1975,1975,2000,2000,0
2022-01-18 12:24:00,1975,1975,2000,2000,0
2022-01-18 12:25:00,1975,1975,2000,2000,0
2022-01-18 12:26:00,1975,1975,2000,2000,0
2022-01-18 12:27:00,1975,1975,2000,2000,0
2022-01-18 12:28:00,1975,1975,2000,2000,0
2022-01-18 12:29:00,1975,1975,2000,2000,0
2022-01-18 12:30:00,1975,1975,2000,2000,0
2022-01-18 12:31:00,1975,1975,2000,2000,0
2022-01-18 12:32:00,1975,1975,2000,2000,0
2022-01-18 12:33:00,1975,1975,2000,2000,0
2022-01-18 12:34:00,1975,1975,2000,2000,0
2022-01-18 12:35:00,1975,1975,2000,2000,0
2022-01-18 12:36:00,1975,1975,2000,2000,0
2022-01-18 12:37:00,1975,1975,2000,2000,0
2022-01-18 12:38:00,1975,1975,2000,2000,0
2022-01-18 12:39:00,1975,1975,2000,2000,0
2022-01-18 12:40:00,1975,1975,2000,2000,0
2022-01-18 12:41:00,1975,1975,2000,2000,0
2022-01-18 12:42:00,1975,1975,2000,2000,0
2022-01-18 12:43:00,1975,1975,2000,2000,0
2022-01-18 12:44:00,1975,1975,2000,2000,0
2022-01-18 12:45:00,1975,1975,2000,2000,0
2022-01-18 12:46:00,1975,1975,2000,2000,0
2022-01-18 12:47:00,1975,1975,2000,2000,0
2022-01-18 12:48:00,1975,1975,2000,2000,0
2022-01-18 12:49:00,1975,1975,2000,2000,0
2022-01-18 12:50:00,1975,1975,2000,2000,0
2022-01-18 12:51:00,1975,1975,2000,2000,0
2022-01-18 12:52:00,1975,1975,2000,2000,0
2022-01-18 12:53:00,1975,1975,2000,2000,0
2022-01-18 12:54:00,1975,1975,2000,2000,0
2022-01-18 12:55:00,1975,1975,2000,2000,0
2022-01-18 12:56:00,1975,1975,2000,2000,0
2022-01-18 12:57:00,1975,1975,2000,2000,0
2022-01-18 12:58:00,1975,1975,2000,2000,0
2022-01-18 12:59:00,1975,1975,2000,2000,0
2022-01-18 13:00:00,1975,1975,2000,2000,0
2022-01-18 13:01:00,1975,1975,2000,2000,0
2022-01-18 13:02:00,1975,1975,2000,2000,0
2022-01-18 13:03:00,1975,1975,2000,2000,0
2022-01-18 13:04:00,1975,1975,2000,2000,0
2022-01-18 13:05:00,1975,1975,2000,2000,0
2022-01-18 13:06:00,1975,1975,2000,2000,0
2022-01-18 13:07:00,1975,1975,2000,2000,0
2022-01-18 13:08:00,1975,1975,2000,2000,0
2022-01-18 13:09:00,1975,1975,2000,2000,0
2022-01-18 13:10:00,1975,1975,2000,2000,0
2022-01-18 13:11:00,1975,1975,2000,2000,0
2022-01-18 13:12:00,1975,1975,2000,2000,0
2022-01-18 13:13:00,1975,1975,2000,2000,0
2022-01-18 13:14:00,1975,1975,2000,2000,0
2022-01-18 13:15:00,1975,1975,2000,2000,0
2022-01-18 13:16:00,1975,1975,2000,2000,0
2022-01-18 13:17:00,1975,1975,2000,2000,0
2022-01-18 13:18:00,1975,1975,2000,2000,0
2022-01-18 13:19:00,1975,1975,2000,2000,0
2022-01-18 13:20:00,1975,1975,2000,2000,0
2022-01-18 13:21:00,1975,1975,2000,2000,0
2022-01-18 13:22:00,1975,1975,2000,2000,0
2022-01-18 13:23:00,1975,1975,2000,2000,0
2022-01-18 13:24:00,1975,1975,2000,2000,0
2022-01-18 13:25:00,1975,1975,2000,2000,0
2022-01-18 13:26:00,1975,1975,2000,2000,0
2022-01-18 13:27:00,1975,1975,2000,2000,0
2022-01-18 13:28:00,1975,1975,2000,2000,0
2022-01-18 13:29:00,1975,1975,2000,2000,0
2022-01-18 13:30:00,1975,1975,2000,2000,0
2022-01-18 13:31:00,1975,1975,2000,2000,0
2022-01-18 13:32:00,1975,1975,2000,2000,0
2022-01-18 13:33:00,1975,1975,2000,2000,0
2022-01-18 13:34:00,1975,1975,2000,2000,0
2022-01-18 13:35:00,1975,1975,2000,2000,0
2022-01-18 13:36:00,1975,1975,2000,2000,0
2022-01-18 13:37:00,1975,1975,2000,2000,0
2022-01-18 13:38:00,1975,1975,2000,2000,0
2022-01-18 13:39:00,1975,1975,2000,2000,0
2022-01-18 13:40:00,1975,1975,2000,2000,0
2022-01-18 13:41:00,1975,1975,2000,2000,0
2022-01-18 13:42:00,1975,1975,2000,2000,0
2022-01-18 13:43:00,1975,1975,2000,2000,0
2022-01-18 13:44:00,1975,1975,2000,2000,0
2022-01-18 13:45:00,1975,1975,2000,2000,0
2022-01-18 13:46:00,1975,1975,2000,2000,0
2022-01-18 13:47:00,1975,1975,2000,2000,0
2022-01-18 13:48:00,1975,1975,2000,2000,0
2022-01-18 13:49:00,1975,1975,2000,2000,0
2022-01-18 13:50:00,1975,1975,2000,2000,0
2022-01-18 13:51:00,1975,1975,2000,2000,0
2022-01-18 13:52:00,1975,1975,2000,2000,0
2022-01-18 13:53:00,1975,1975,2000,2000,0
2022-01-18 13:54:00,1975,1975,2000,2000,0
2022-01-18 13:55:00,1975,1975,2000,2000,0
2022-01-18 13:56:00,1975,1975,2000,2000,0
2022-01-18 13:57:00,1975,1975,2000,2000,0
2022-01-18 13:58:00,1975,1975,2000,2000,0
2022-01-18 13:59:00,1975,1975,2000,2000,0
2022-01-18 14:00:00,1975,1975,2000,2000,0
2022-01-18 14:01:00,1975,1975,2000,2000,0
2022-01-18 14:02:00,1975,1975,2000,2000,0
2022-01-18 14:03:00,1975,1975,2000,2000,0
2022-01-18 14:04:00,1975,1975,2000,2000,0
2022-01-18 14:05:00,1975,1975,2000,2000,0
2022-01-18 14:06:00,1975,1975,2000,2000,0
2022-01-18 14:07:00,1975,1975,2000,2000,0
2022-01-18 14:08:00,1975,1975,2000,2000,0
2022-01-18 14:09:00,1975,1975,2000,2000,0
2022-01-18 14:10:00,1975,1975,2000,2000,0
2022-01-18 14:11:00,1975,1975,2000,2000,0
2022-01-18 14:12:00,1975,1975,2000,2000,0
2022-01-18 14:13:00,1975,1975,2000,2000,0
2022-01-18 14:14:00,1975,1975,2000,2000,0
2022-01-18 14:15:00,1975,1975,2000,2000,0
2022-01-18 14:16:00,1975,1975,2000,2000,0
2022-01-18 14:17:00,1975,1975,2000,2000,0
2022-01-18 14:18:00,1975,1975,2000,2000,0
2022-01-18 14:19:00,1975,1975,2000,2000,0
2022-01-18 14:20:00,1975,1975,2000,2000,0
2022-01-18 14:21:00,1975,1975,2000,2000,0
2022-01-18 14:22:00,1975,1975,2000,2000,0
2022-01-18 14:23:00,1975,1975,2000,2000,0
2022-01-18 14:24:00,1975,1975,2000,2000,0
2022-01-18 14:25:00,1975,1975,2000,2000,0
2022-01-18 14:26:00,1975,1975,2000,2000,0
2022-01-18 14:27:00,1975,1975,2000,2000,0
2022-01-18 14:28:00,1975,1975,2000,2000,0
2022-01-18 14:29:00,1975,1975,2000,2000,0
2022-01-18 14:30:00,1975,1975,2000,2000,0
2022-01-18 14:31:00,1975,1975,2000,2000,0
2022-01-18 14:32:00,1975,1975,2000,2000,0
2022-01-18 14:33:00,1975,1975,2000,2000,0
2022-01-18 14:34:00,1975,1975,2000,2000,0
2022-01-18 14:35:00,1975,1975,2000,2000,0
2022-01-18 14:36:00,1975,1975,2000,2000,0
2022-01-18 14:37:00,1975,1975,2000,2000,0
2022-01-18 14:38:00,1975,1975,2000,2000,0
2022-01-18 14:39:00,1985,1985,1985,1985,2000
2022-01-18 14:40:00,1985,1985,1985,1985,0
2022-01-18 14:41:00,1985,1985,1985,1985,0
2022-01-18 14:42:00,1985,1985,1985,1985,0
2022-01-18 14:43:00,1985,1985,1985,1985,0
2022-01-18 14:44:00,1985,1985,1985,1985,0
2022-01-18 14:45:00,1985,1985,1985,1985,0
2022-01-18 14:46:00,1985,1985,1985,1985,0
2022-01-18 14:47:00,1985,1985,1985,1985,0
2022-01-18 14:48:00,1985,1985,1985,1985,0
2022-01-18 14:49:00,1985,1985,1985,1985,0
2022-01-18 14:50:00,1985,1985,1985,1985,0
2022-01-18 14:51:00,1985,1985,1985,1985,0
2022-01-18 14:52:00,1985,1985,1985,1985,0
2022-01-18 14:53:00,1985,1985,1985,1985,0
2022-01-18 14:54:00,1985,1985,1985,1985,0
2022-01-18 14:55:00,1985,1985,1985,1985,0
2022-01-18 14:56:00,1985,1985,1985,1985,0
2022-01-18 14:57:00,1985,1985,1985,1985,0
2022-01-18 14:58:00,1985,1985,1985,1985,0
2022-01-18 14:59:00,1985,1985,1985,1985,0
2022-01-18 15:00:00,1985,1985,1985,1985,0
2022-01-18 15:01:00,1985,1985,1985,1985,0
2022-01-18 15:02:00,1985,1985,1985,1985,0
2022-01-18 15:03:00,1985,1985,1985,1985,0
2022-01-18 15:04:00,1985,1985,1985,1985,0
2022-01-18 15:05:00,1985,1985,1985,1985,0
2022-01-18 15:06:00,1985,1985,1985,1985,0
2022-01-18 15:07:00,1985,1985,1985,1985,0
2022-01-18 15:08:00,1985,1985,1985,1985,0
2022-01-18 15:09:00,1985,1985,1985,1985,0
2022-01-18 15:10:00,1985,1985,1985,1985,0
2022-01-18 15:11:00,1985,1985,1985,1985,0
2022-01-18 15:12:00,1985,1985,1985,1985,0
2022-01-18 15:13:00,1985,1985,1985,1985,0
2022-01-18 15:14:00,1985,1985,1985,1985,0
2022-01-18 15:15:00,1985,1985,1985,1985,0
2022-01-18 15:16:00,1985,1985,1985,1985,0
2022-01-18 15:17:00,1985,1985,1985,1985,0
2022-01-18 15:18:00,1985,1985,1985,1985,0
2022-01-18 15:19:00,1985,1985,1985,1985,0
2022-01-18 15:20:00,1985,1985,1985,1985,0
2022-01-18 15:21:00,1985,1985,1985,1985,0
2022-01-18 15:22:00,1985,1985,1985,1985,0
2022-01-18 15:23:00,1985,1985,1985,1985,0
2022-01-18 15:24:00,1985,1985,1985,1985,0
2022-01-18 15:25:00,1985,1985,1985,1985,0
2022-01-18 15:26:00,1985,1985,1985,1985,0
2022-01-18 15:27:00,1985,1985,1985,1985,0
2022-01-18 15:28:00,1985,1985,1985,1985,0
2022-01-18 15:29:00,1985,1985,1985,1985,0
2022-01-18 15:30:00,1985,1985,1985,1985,0
2022-01-18 15:31:00,1985,1985,1985,1985,0
2022-01-18 15:32:00,1985,1985,1985,1985,0
2022-01-18 15:33:00,1985,1985,1985,1985,0
2022-01-18 15:34:00,1985,1985,1985,1985,0
2022-01-18 15:35:00,1985,1985,1985,1985,0
2022-01-18 15:36:00,1985,1985,1985,1985,0
2022-01-18 15:37:00,1985,1985,1985,1985,0
2022-01-18 15:38:00,1985,1985,1985,1985,0
2022-01-18 15:39:00,1985,1985,1985,1985,0
2022-01-18 15:40:00,1985,1985,1985,1985,0
2022-01-18 15:41:00,1985,1985,1985,1985,0
2022-01-18 15:42:00,1985,1985,1985,1985,0
2022-01-18 15:43:00,1985,1985,1985,1985,0
2022-01-18 15:44:00,1985,1985,1985,1985,0
2022-01-18 15:45:00,1985,1985,1985,1985,0
2022-01-18 15:46:00,1985,1985,1985,1985,0
2022-01-18 15:47:00,1985,1985,1985,1985,0
2022-01-18 15:48:00,1985,1985,1985,1985,0
2022-01-18 15:49:00,1985,1985,1985,1985,0
2022-01-18 15:50:00,1985,1985,1985,1985,0
2022-01-18 15:51:00,1985,1985,1985,1985,0
2022-01-18 15:52:00,1985,1985,1985,1985,0
2022-01-18 15:53:00,1985,1985,1985,1985,0
2022-01-18 15:54:00,1985,1985,1985,1985,0
2022-01-18 15:55:00,1985,1985,1985,1985,0
2022-01-18 15:56:00,1985,1985,1985,1985,0
2022-01-18 15:57:00,1985,1985,1985,1985,0
2022-01-18 15:58:00,1985,1985,1985,1985,0
2022-01-18 15:59:00,1985,1985,1985,1985,0
2022-01-19 09:00:00,1985,1985,1985,1985,0
2022-01-19 09:01:00,1985,1985,1985,1985,0
2022-01-19 09:02:00,1985,1985,1985,1985,0
2022-01-19 09:03:00,1985,1985,1985,1985,0
2022-01-19 09:04:00,1985,1985,1985,1985,0
2022-01-19 09:05:00,1985,1985,1985,1985,0
2022-01-19 09:06:00,1985,1985,1985,1985,0
2022-01-19 09:07:00,1985,1985,1985,1985,0
2022-01-19 09:08:00,1985,1985,1985,1985,0
2022-01-19 09:09:00,1985,1985,1985,1985,0
2022-01-19 09:10:00,1985,1985,1985,1985,0
2022-01-19 09:11:00,1985,1985,1985,1985,0
2022-01-19 09:12:00,1985,1985,1985,1985,0
2022-01-19 09:13:00,1985,1985,1985,1985,0
2022-01-19 09:14:00,1985,1985,1985,1985,0
2022-01-19 09:15:00,1985,1985,1985,1985,0
2022-01-19 09:16:00,1985,1985,1985,1985,0
2022-01-19 09:17:00,1985,1985,1985,1985,0
2022-01-19 09:18:00,1985,1985,1985,1985,0
2022-01-19 09:19:00,1985,1985,1985,1985,0
2022-01-19 09:20:00,1985,1985,1985,1985,0
2022-01-19 09:21:00,1985,1985,1985,1985,0
2022-01-19 09:22:00,1985,1985,1985,1985,0
2022-01-19 09:23:00,1985,1985,1985,1985,0
2022-01-19 09:24:00,1985,1985,1985,1985,0
2022-01-19 09:25:00,1985,1985,1985,1985,0
2022-01-19 09:26:00,1985,1985,1985,1985,0
2022-01-19 09:27:00,1985,1985,1985,1985,0
2022-01-19 09:28:00,1985,1985,1985,1985,0
2022-01-19 09:29:00,1985,1985,1985,1985,0
2022-01-19 09:30:00,1985,1985,1985,1985,0
2022-01-19 09:31:00,1985,1985,1985,1985,0
2022-01-19 09:32:00,1985,1985,1985,1985,0
2022-01-19 09:33:00,1985,1985,1985,1985,0
2022-01-19 09:34:00,1985,1985,1985,1985,0
2022-01-19 09:35:00,1985,1985,1985,1985,0
2022-01-19 09:36:00,1985,1985,1985,1985,0
2022-01-19 09:37:00,1985,1985,1985,1985,0
2022-01-19 09:38:00,1985,1985,1985,1985,0
2022-01-19 09:39:00,1985,1985,1985,1985,0
2022-01-19 09:40:00,1985,1985,1985,1985,0
2022-01-19 09:41:00,1985,1985,1985,1985,0
2022-01-19 09:42:00,1985,1985,1985,1985,0
2022-01-19 09:43:00,1985,1985,1985,1985,0
2022-01-19 09:44:00,1985,1985,1985,1985,0
2022-01-19 09:45:00,1985,1985,1985,1985,0
2022-01-19 09:46:00,1985,1985,1985,1985,0
2022-01-19 09:47:00,1985,1985,1985,1985,0
2022-01-19 09:48:00,1985,1985,1985,1985,0
2022-01-19 09:49:00,1985,1985,1985,1985,0
2022-01-19 09:50:00,1985,1985,1985,1985,0
2022-01-19 09:51:00,1985,1985,1985,1985,0
2022-01-19 09:52:00,1985,1985,1985,1985,0
2022-01-19 09:53:00,1985,1985,1985,1985,0
2022-01-19 09:54:00,1985,1985,1985,1985,0
2022-01-19 09:55:00,1985,1985,1985,1985,0
2022-01-19 09:56:00,1985,1985,1985,1985,0
2022-01-19 09:57:00,1985,1985,1985,1985,0
2022-01-19 09:58:00,1985,1985,1985,1985,0
2022-01-19 09:59:00,1985,1985,1985,1985,0
2022-01-19 10:00:00,1985,1985,1985,1985,0
2022-01-19 10:01:00,1985,1985,1985,1985,0
2022-01-19 10:02:00,1985,1985,1985,1985,0
2022-01-19 10:03:00,1985,1985,1985,1985,0
2022-01-19 10:04:00,1985,1985,1985,1985,0
2022-01-19 10:05:00,1985,1985,1985,1985,0
2022-01-19 10:06:00,1985,1985,1985,1985,0
2022-01-19 10:07:00,1985,1985,1985,1985,0
2022-01-19 10:08:00,1985,1985,1985,1985,0
2022-01-19 10:09:00,1985,1985,1985,1985,0
2022-01-19 10:10:00,1985,1985,1985,1985,0
2022-01-19 10:11:00,1985,1985,1985,1985,0
2022-01-19 10:12:00,1985,1985,1985,1985,0
2022-01-19 10:13:00,1985,1985,1985,1985,0
2022-01-19 10:14:00,1985,1985,1985,1985,0
2022-01-19 10:15:00,1985,1985,1985,1985,0
2022-01-19 10:16:00,1985,1985,1985,1985,0
2022-01-19 10:17:00,1985,1985,1985,1985,0
2022-01-19 10:18:00,1985,1985,1985,1985,0
2022-01-19 10:19:00,1985,1985,1985,1985,0
2022-01-19 10:20:00,1985,1985,1985,1985,0
2022-01-19 10:21:00,1985,1985,1985,1985,0
2022-01-19 10:22:00,1985,1985,1985,1985,0
2022-01-19 10:23:00,1985,1985,1985,1985,0
2022-01-19 10:24:00,1985,1985,1985,1985,0
2022-01-19 10:25:00,1985,1985,1985,1985,0
2022-01-19 10:26:00,1985,1985,1985,1985,0
2022-01-19 10:27:00,1985,1985,1985,1985,0
2022-01-19 10:28:00,1985,1985,1985,1985,0
2022-01-19 10:29:00,1985,1985,1985,1985,0
2022-01-19 10:30:00,1985,1985,1985,1985,0
2022-01-19 10:31:00,1985,1985,1985,1985,0
2022-01-19 10:32:00,1985,1985,1985,1985,0
2022-01-19 10:33:00,1985,1985,1985,1985,0
2022-01-19 10:34:00,1985,1985,1985,1985,0
2022-01-19 10:35:00,1985,1985,1985,1985,0
2022-01-19 10:36:00,1985,1985,1985,1985,0
2022-01-19 10:37:00,1985,1985,1985,1985,0
2022-01-19 10:38:00,1985,1985,1985,1985,0
2022-01-19 10:39:00,1985,1985,1985,1985,0
2022-01-19 10:40:00,1985,1985,1985,1985,0
2022-01-19 10:41:00,1985,1985,1985,1985,0
2022-01-19 10:42:00,1985,1985,1985,1985,0
2022-01-19 10:43:00,1985,1985,1985,1985,0
2022-01-19 10:44:00,1985,1985,1985,1985,0
2022-01-19 10:45:00,1985,1985,1985,1985,0
2022-01-19 10:46:00,1985,1985,1985,1985,0
2022-01-19 10:47:00,1985,1985,1985,1985,0
2022-01-19 10:48:00,1985,1985,1985,1985,0
2022-01-19 10:49:00,1985,1985,1985,1985,0
2022-01-19 10:50:00,1985,1985,1985,1985,0
2022-01-19 10:51:00,1985,1985,1985,1985,0
2022-01-19 10:52:00,1985,1985,1985,1985,0
2022-01-19 10:53:00,1985,1985,1985,1985,0
2022-01-19 10:54:00,1985,1985,1985,1985,0
2022-01-19 10:55:00,1985,1985,1985,1985,0
2022-01-19 10:56:00,1985,1985,1985,1985,0
2022-01-19 10:57:00,1985,1985,1985,1985,0
2022-01-19 10:58:00,1985,1985,1985,1985,0
2022-01-19 10:59:00,1985,1985,1985,1985,0
2022-01-19 11:00:00,1985,1985,1985,1985,0
2022-01-19 11:01:00,1985,1985,1985,1985,0
2022-01-19 11:02:00,1985,1985,1985,1985,0
2022-01-19 11:03:00,1985,1985,1985,1985,0
2022-01-19 11:04:00,1985,1985,1985,1985,0
2022-01-19 11:05:00,1985,1985,1985,1985,0
2022-01-19 11:06:00,1985,1985,1985,1985,0
2022-01-19 11:07:00,1985,1985,1985,1985,0
2022-01-19 11:08:00,1985,1985,1985,1985,0
2022-01-19 11:09:00,1985,1985,1985,1985,0
2022-01-19 11:10:00,1985,1985,1985,1985,0
2022-01-19 11:11:00,1985,1985,1985,1985,0
2022-01-19 11:12:00,1985,1985,1985,1985,0
2022-01-19 11:13:00,1985,1985,1985,1985,0
2022-01-19 11:14:00,1985,1985,1985,1985,0
2022-01-19 11:15:00,1985,1985,1985,1985,0
2022-01-19 11:16:00,1985,1985,1985,1985,0
2022-01-19 11:17:00,1985,1985,1985,1985,0
2022-01-19 11:18:00,1985,1985,1985,1985,0
2022-01-19 11:19:00,1985,1985,1985,1985,0
2022-01-19 11:20:00,1985,1985,1985,1985,0
2022-01-19 11:21:00,1985,1985,1985,1985,0
2022-01-19 11:22:00,1985,1985,1985,1985,0
2022-01-19 11:23:00,1985,1985,1985,1985,0
2022-01-19 11:24:00,1985,1985,1985,1985,0
2022-01-19 11:25:00,1985,1985,1985,1985,0
2022-01-19 11:26:00,1985,1985,1985,1985,0
2022-01-19 11:27:00,1985,1985,1985,1985,0
2022-01-19 11:28:00,1985,1985,1985,1985,0
2022-01-19 11:29:00,1985,1985,1985,1985,0
2022-01-19 11:30:00,1985,1985,1985,1985,0
2022-01-19 11:31:00,1985,1985,1985,1985,0
2022-01-19 11:32:00,1985,1985,1985,1985,0
2022-01-19 11:33:00,1985,1985,1985,1985,0
2022-01-19 11:34:00,1985,1985,1985,1985,0
2022-01-19 11:35:00,1985,1985,1985,1985,0
2022-01-19 11:36:00,1985,1985,1985,1985,0
2022-01-19 11:37:00,1985,1985,1985,1985,0
2022-01-19 11:38:00,1985,1985,1985,1985,0
2022-01-19 11:39:00,1985,1985,1985,1985,0
2022-01-19 11:40:00,1985,1985,1985,1985,0
2022-01-19 11:41:00,1985,1985,1985,1985,0
2022-01-19 11:42:00,1985,1985,1985,1985,0
2022-01-19 11:43:00,1985,1985,1985,1985,0
2022-01-19 11:44:00,1985,1985,1985,1985,0
2022-01-19 11:45:00,1985,1985,1985,1985,0
2022-01-19 11:46:00,1985,1985,1985,1985,0
2022-01-19 11:47:00,1985,1985,1985,1985,0
2022-01-19 11:48:00,1985,1985,1985,1985,0
2022-01-19 11:49:00,1985,1985,1985,1985,0
2022-01-19 11:50:00,1985,1985,1985,1985,0
2022-01-19 11:51:00,1985,1985,1985,1985,0
2022-01-19 11:52:00,1985,1985,1985,1985,0
2022-01-19 11:53:00,1985,1985,1985,1985,0
2022-01-19 11:54:00,1985,1985,1985,1985,0
2022-01-19 11:55:00,1985,1985,1985,1985,0
2022-01-19 11:56:00,1985,1985,1985,1985,0
2022-01-19 11:57:00,1985,1985,1985,1985,0
2022-01-19 11:58:00,1985,1985,1985,1985,0
2022-01-19 11:59:00,1985,1985,1985,1985,0
2022-01-19 12:00:00,1985,1985,1985,1985,0
2022-01-19 12:01:00,1985,1985,1985,1985,0
2022-01-19 12:02:00,1985,1985,1985,1985,0
2022-01-19 12:03:00,1985,1985,1985,1985,0
2022-01-19 12:04:00,1985,1985,1985,1985,0
2022-01-19 12:05:00,1985,1985,1985,1985,0
2022-01-19 12:06:00,1985,1985,1985,1985,0
2022-01-19 12:07:00,1985,1985,1985,1985,0
2022-01-19 12:08:00,1985,1985,1985,1985,0
2022-01-19 12:09:00,1985,1985,1985,1985,0
2022-01-19 12:10:00,1985,1985,1985,1985,0
2022-01-19 12:11:00,1985,1985,1985,1985,0
2022-01-19 12:12:00,1985,1985,1985,1985,0
2022-01-19 12:13:00,1985,1985,1985,1985,0
2022-01-19 12:14:00,1985,1985,1985,1985,0
2022-01-19 12:15:00,1985,1985,1985,1985,0
2022-01-19 12:16:00,1985,1985,1985,1985,0
2022-01-19 12:17:00,1985,1985,1985,1985,0
2022-01-19 12:18:00,1985,1985,1985,1985,0
2022-01-19 12:19:00,1985,1985,1985,1985,0
2022-01-19 12:20:00,1985,1985,1985,1985,0
2022-01-19 12:21:00,1985,1985,1985,1985,0
2022-01-19 12:22:00,1985,1985,1985,1985,0
2022-01-19 12:23:00,1985,1985,1985,1985,0
2022-01-19 12:24:00,1985,1985,1985,1985,0
2022-01-19 12:25:00,1985,1985,1985,1985,0
2022-01-19 12:26:00,1985,1985,1985,1985,0
2022-01-19 12:27:00,1985,1985,1985,1985,0
2022-01-19 12:28:00,1985,1985,1985,1985,0
2022-01-19 12:29:00,1985,1985,1985,1985,0
2022-01-19 12:30:00,1985,1985,1985,1985,0
2022-01-19 12:31:00,1985,1985,1985,1985,0
2022-01-19 12:32:00,1985,1985,1985,1985,0
2022-01-19 12:33:00,1985,1985,1985,1985,0
2022-01-19 12:34:00,1985,1985,1985,1985,0
2022-01-19 12:35:00,1985,1985,1985,1985,0
2022-01-19 12:36:00,1985,1985,1985,1985,0
2022-01-19 12:37:00,1985,1985,1985,1985,0
2022-01-19 12:38:00,1985,1985,1985,1985,0
2022-01-19 12:39:00,1985,1985,1985,1985,0
2022-01-19 12:40:00,1985,1985,1985,1985,0
2022-01-19 12:41:00,1985,1985,1985,1985,0
2022-01-19 12:42:00,1985,1985,1985,1985,0
2022-01-19 12:43:00,1985,1985,1985,1985,0
2022-01-19 12:44:00,1985,1985,1985,1985,0
2022-01-19 12:45:00,1985,1985,1985,1985,0
2022-01-19 12:46:00,1985,1985,1985,1985,0
2022-01-19 12:47:00,1985,1985,1985,1985,0
2022-01-19 12:48:00,1985,1985,1985,1985,0
2022-01-19 12:49:00,1985,1985,1985,1985,0
2022-01-19 12:50:00,1985,1985,1985,1985,0
2022-01-19 12:51:00,1985,1985,1985,1985,0
2022-01-19 12:52:00,1985,1985,1985,1985,0
2022-01-19 12:53:00,1985,1985,1985,1985,0
2022-01-19 12:54:00,1985,1985,1985,1985,0
2022-01-19 12:55:00,1985,1985,1985,1985,0
2022-01-19 12:56:00,1985,1985,1985,1985,0
2022-01-19 12:57:00,1985,1985,1985,1985,0
2022-01-19 12:58:00,1985,1985,1985,1985,0
2022-01-19 12:59:00,1985,1985,1985,1985,0
2022-01-19 13:00:00,1985,1985,1985,1985,0
2022-01-19 13:01:00,1985,1985,1985,1985,0
2022-01-19 13:02:00,1985,1985,1985,1985,0
2022-01-19 13:03:00,1985,1985,1985,1985,0
2022-01-19 13:04:00,1985,1985,1985,1985,0
2022-01-19 13:05:00,1985,1985,1985,1985,0
2022-01-19 13:06:00,1985,1985,1985,1985,0
2022-01-19 13:07:00,1985,1985,1985,1985,0
2022-01-19 13:08:00,1985,1985,1985,1985,0
2022-01-19 13:09:00,1985,1985,1985,1985,0
2022-01-19 13:10:00,1985,1985,1985,1985,0
2022-01-19 13:11:00,1985,1985,1985,1985,0
2022-01-19 13:12:00,1985,1985,1985,1985,0
2022-01-19 13:13:00,1985,1985,1985,1985,0
2022-01-19 13:14:00,1985,1985,1985,1985,0
2022-01-19 13:15:00,1985,1985,1985,1985,0
2022-01-19 13:16:00,1985,1985,1985,1985,0
2022-01-19 13:17:00,1985,1985,1985,1985,0
2022-01-19 13:18:00,1985,1985,1985,1985,0
2022-01-19 13:19:00,1985,1985,1985,1985,0
2022-01-19 13:20:00,1985,1985,1985,1985,0
2022-01-19 13:21:00,1985,1985,1985,1985,0
2022-01-19 13:22:00,1985,1985,1985,1985,0
2022-01-19 13:23:00,1985,1985,1985,1985,0
2022-01-19 13:24:00,1985,1985,1985,1985,0
2022-01-19 13:25:00,1985,1985,1985,1985,0
2022-01-19 13:26:00,1985,1985,1985,1985,0
2022-01-19 13:27:00,1985,1985,1985,1985,0
2022-01-19 13:28:00,1985,1985,1985,1985,0
2022-01-19 13:29:00,1985,1985,1985,1985,0
2022-01-19 13:30:00,1980,1980,1980,1980,100
2022-01-19 13:31:00,1980,1980,1980,1980,0
2022-01-19 13:32:00,1980,1980,1980,1980,0
2022-01-19 13:33:00,1980,1980,1980,1980,0
2022-01-19 13:34:00,1980,1980,1980,1980,0
2022-01-19 13:35:00,1980,1980,1980,1980,0
2022-01-19 13:36:00,1980,1980,1980,1980,0
2022-01-19 13:37:00,1980,1980,1980,1980,0
2022-01-19 13:38:00,1980,1980,1980,1980,0
2022-01-19 13:39:00,1980,1980,1980,1980,0
2022-01-19 13:40:00,1980,1980,1980,1980,0
2022-01-19 13:41:00,1980,1980,1980,1980,0
2022-01-19 13:42:00,1980,1980,1980,1980,0
2022-01-19 13:43:00,1980,1980,1980,1980,0
2022-01-19 13:44:00,1980,1980,1980,1980,0
2022-01-19 13:45:00,1980,1980,1980,1980,0
2022-01-19 13:46:00,1980,1980,1980,1980,0
2022-01-19 13:47:00,1980,1980,1980,1980,0
2022-01-19 13:48:00,1980,1980,1980,1980,0
2022-01-19 13:49:00,1980,1980,1980,1980,0
2022-01-19 13:50:00,1980,1980,1980,1980,0
2022-01-19 13:51:00,1980,1980,1980,1980,0
2022-01-19 13:52:00,1980,1980,1980,1980,0
2022-01-19 13:53:00,1980,1980,1980,1980,0
2022-01-19 13:54:00,1980,1980,1980,1980,0
2022-01-19 13:55:00,1980,1980,1980,1980,0
2022-01-19 13:56:00,1980,1980,1980,1980,0
2022-01-19 13:57:00,1980,1980,1980,1980,0
2022-01-19 13:58:00,1980,1980,1980,1980,0
2022-01-19 13:59:00,1980,1980,1980,1980,0
2022-01-19 14:00:00,1980,1980,1980,1980,0
2022-01-19 14:01:00,1980,1980,1980,1980,0
2022-01-19 14:02:00,1980,1980,1980,1980,0
2022-01-19 14:03:00,1980,1980,1980,1980,0
2022-01-19 14:04:00,1980,1980,1980,1980,0
2022-01-19 14:05:00,1980,1980,1980,1980,0
2022-01-19 14:06:00,1980,1980,1980,1980,0
2022-01-19 14:07:00,1980,1980,1980,1980,0
2022-01-19 14:08:00,1980,1980,1980,1980,0
2022-01-19 14:09:00,1980,1980,1980,1980,0
2022-01-19 14:10:00,1980,1980,1980,1980,0
2022-01-19 14:11:00,1980,1980,1980,1980,0
2022-01-19 14:12:00,1980,1980,1980,1980,0
2022-01-19 14:13:00,1980,1980,1980,1980,0
2022-01-19 14:14:00,1980,1980,1980,1980,0
2022-01-19 14:15:00,1980,1980,1980,1980,0
2022-01-19 14:16:00,1980,1980,1980,1980,0
2022-01-19 14:17:00,1980,1980,1980,1980,0
2022-01-19 14:18:00,1980,1980,1980,1980,0
2022-01-19 14:19:00,1980,1980,1980,1980,0
2022-01-19 14:20:00,1980,1980,1980,1980,0
2022-01-19 14:21:00,1980,1980,1980,1980,0
2022-01-19 14:22:00,1980,1980,1980,1980,0
2022-01-19 14:23:00,1980,1980,1980,1980,0
2022-01-19 14:24:00,1980,1980,1980,1980,0
2022-01-19 14:25:00,1980,1980,1980,1980,0
2022-01-19 14:26:00,1980,1980,1980,1980,0
2022-01-19 14:27:00,1980,1980,1980,1980,0
2022-01-19 14:28:00,1980,1980,1980,1980,0
2022-01-19 14:29:00,1980,1980,1980,1980,0
2022-01-19 14:30:00,1980,1980,1980,1980,0
2022-01-19 14:31:00,1980,1980,1980,1980,0
2022-01-19 14:32:00,1980,1980,1980,1980,0
2022-01-19 14:33:00,1980,1980,1980,1980,0
2022-01-19 14:34:00,1980,1980,1980,1980,0
2022-01-19 14:35:00,1980,1980,1980,1980,0
2022-01-19 14:36:00,1980,1980,1980,1980,0
2022-01-19 14:37:00,1980,1980,1980,1980,0
2022-01-19 14:38:00,1980,1980,1980,1980,0
2022-01-19 14:39:00,1980,1980,1980,1980,0
2022-01-19 14:40:00,1980,1980,1980,1980,0
2022-01-19 14:41:00,1980,1980,1980,1980,0
2022-01-19 14:42:00,1980,1980,1980,1980,0
2022-01-19 14:43:00,1980,1980,1980,1980,0
2022-01-19 14:44:00,1980,1980,1980,1980,0
2022-01-19 14:45:00,1980,1980,1980,1980,0
2022-01-19 14:46:00,1980,1980,1980,1980,0
2022-01-19 14:47:00,1980,1980,1980,1980,0
2022-01-19 14:48:00,1980,1980,1980,1980,0
2022-01-19 14:49:00,1980,1980,1980,1980,0
2022-01-19 14:50:00,1980,1980,1980,1980,0
2022-01-19 14:51:00,1980,1980,1980,1980,0
2022-01-19 14:52:00,1980,1980,1980,1980,0
2022-01-19 14:53:00,1980,1980,1980,1980,0
2022-01-19 14:54:00,1980,1980,1980,1980,0
2022-01-19 14:55:00,1980,1980,1980,1980,0
2022-01-19 14:56:00,1980,1980,1980,1980,0
2022-01-19 14:57:00,1980,1980,1980,1980,0
2022-01-19 14:58:00,1980,1980,1980,1980,0
2022-01-19 14:59:00,1980,1980,1980,1980,0
2022-01-19 15:00:00,1980,1980,1980,1980,0
2022-01-19 15:01:00,1980,1980,1980,1980,0
2022-01-19 15:02:00,1980,1980,1980,1980,0
2022-01-19 15:03:00,1980,1980,1980,1980,0
2022-01-19 15:04:00,1980,1980,1980,1980,0
2022-01-19 15:05:00,1980,1980,1980,1980,0
2022-01-19 15:06:00,1980,1980,1980,1980,0
2022-01-19 15:07:00,1980,1980,1980,1980,0
2022-01-19 15:08:00,1980,1980,1980,1980,0
2022-01-19 15:09:00,1980,1980,1980,1980,0
2022-01-19 15:10:00,1980,1980,1980,1980,0
2022-01-19 15:11:00,1980,1980,1980,1980,0
2022-01-19 15:12:00,1980,1980,1980,1980,0
2022-01-19 15:13:00,1980,1980,1980,1980,0
2022-01-19 15:14:00,1980,1980,1980,1980,0
2022-01-19 15:15:00,1980,1980,1980,1980,0
2022-01-19 15:16:00,1980,1980,1980,1980,0
2022-01-19 15:17:00,1980,1980,1980,1980,0
2022-01-19 15:18:00,1980,1980,1980,1980,0
2022-01-19 15:19:00,1980,1980,1980,1980,0
2022-01-19 15:20:00,1980,1980,1980,1980,0
2022-01-19 15:21:00,1980,1980,1980,1980,0
2022-01-19 15:22:00,1980,1980,1980,1980,0
2022-01-19 15:23:00,1980,1980,1980,1980,0
2022-01-19 15:24:00,1980,1980,1980,1980,0
2022-01-19 15:25:00,1980,1980,1980,1980,0
2022-01-19 15:26:00,1980,1980,1980,1980,0
2022-01-19 15:27:00,1980,1980,1980,1980,0
2022-01-19 15:28:00,1980,1980,1980,1980,0
2022-01-19 15:29:00,1980,1980,1980,1980,0
2022-01-19 15:30:00,1980,1980,1980,1980,0
2022-01-19 15:31:00,1980,1980,1980,1980,0
2022-01-19 15:32:00,1980,1980,1980,1980,0
2022-01-19 15:33:00,1980,1980,1980,1980,0
2022-01-19 15:34:00,1980,1980,1980,1980,0
2022-01-19 15:35:00,1980,1980,1980,1980,0
2022-01-19 15:36:00,1980,1980,1980,1980,0
2022-01-19 15:37:00,1980,1980,1980,1980,0
2022-01-19 15:38:00,1980,1980,1980,1980,0
2022-01-19 15:39:00,1980,1980,1980,1980,0
2022-01-19 15:40:00,1980,1980,1980,1980,0
2022-01-19 15:41:00,1980,1980,1980,1980,0
2022-01-19 15:42:00,1980,1980,1980,1980,0
2022-01-19 15:43:00,1980,1980,1980,1980,0
2022-01-19 15:44:00,1980,1980,1980,1980,0
2022-01-19 15:45:00,1980,1980,1980,1980,0
2022-01-19 15:46:00,1980,1980,1980,1980,0
2022-01-19 15:47:00,1980,1980,1980,1980,0
2022-01-19 15:48:00,1980,1980,1980,1980,0
2022-01-19 15:49:00,1980,1980,1980,1980,0
2022-01-19 15:50:00,1980,1980,1980,1980,0
2022-01-19 15:51:00,1980,1980,1980,1980,0
2022-01-19 15:52:00,1980,1980,1980,1980,0
2022-01-19 15:53:00,1980,1980,1980,1980,0
2022-01-19 15:54:00,1980,1980,1980,1980,0
2022-01-19 15:55:00,1980,1980,1980,1980,0
2022-01-19 15:56:00,1980,1980,1980,1980,0
2022-01-19 15:57:00,1980,1980,1980,1980,0
2022-01-19 15:58:00,1980,1980,1980,1980,0
2022-01-19 15:59:00,1980,1980,1980,1980,0
2022-01-20 09:00:00,1980,1980,1980,1980,0
2022-01-20 09:01:00,1980,1980,1980,1980,0
2022-01-20 09:02:00,1980,1980,1980,1980,0
2022-01-20 09:03:00,1980,1980,1980,1980,0
2022-01-20 09:04:00,1980,1980,1980,1980,0
2022-01-20 09:05:00,1980,1980,1980,1980,0
2022-01-20 09:06:00,1980,1980,1980,1980,0
2022-01-20 09:07:00,1980,1980,1980,1980,0
2022-01-20 09:08:00,1980,1980,1980,1980,0
2022-01-20 09:09:00,1980,1980,1980,1980,0
2022-01-20 09:10:00,1980,1980,1980,1980,0
2022-01-20 09:11:00,1980,1980,1980,1980,0
2022-01-20 09:12:00,1980,1980,1980,1980,0
2022-01-20 09:13:00,1980,1980,1980,1980,0
2022-01-20 09:14:00,1980,1980,1980,1980,0
2022-01-20 09:15:00,1980,1980,1980,1980,0
2022-01-20 09:16:00,1980,1980,1980,1980,0
2022-01-20 09:17:00,1980,1980,1980,1980,0
2022-01-20 09:18:00,1980,1980,1980,1980,0
2022-01-20 09:19:00,1980,1980,1980,1980,0
2022-01-20 09:20:00,1980,1980,1980,1980,0
2022-01-20 09:21:00,1980,1980,1980,1980,0
2022-01-20 09:22:00,1980,1980,1980,1980,0
2022-01-20 09:23:00,1980,1980,1980,1980,0
2022-01-20 09:24:00,1980,1980,1980,1980,0
2022-01-20 09:25:00,1980,1980,1980,1980,0
2022-01-20 09:26:00,1980,1980,1980,1980,0
2022-01-20 09:27:00,1980,1980,1980,1980,0
2022-01-20 09:28:00,1980,1980,1980,1980,0
2022-01-20 09:29:00,1980,1980,1980,1980,0
2022-01-20 09:30:00,1980,1980,1980,1980,0
2022-01-20 09:31:00,1980,1980,1980,1980,0
2022-01-20 09:32:00,1980,1980,1980,1980,0
2022-01-20 09:33:00,1980,1980,1980,1980,0
2022-01-20 09:34:00,1980,1980,1980,1980,0
2022-01-20 09:35:00,1980,1980,1980,1980,0
2022-01-20 09:36:00,1980,1980,1980,1980,0
2022-01-20 09:37:00,1980,1980,1980,1980,0
2022-01-20 09:38:00,1980,1980,1980,1980,0
2022-01-20 09:39:00,1980,1980,1980,1980,0
2022-01-20 09:40:00,1980,1980,1980,1980,0
2022-01-20 09:41:00,1980,1980,1980,1980,0
2022-01-20 09:42:00,1980,1980,1980,1980,0
2022-01-20 09:43:00,1980,1980,1980,1980,0
2022-01-20 09:44:00,1980,1980,1980,1980,0
2022-01-20 09:45:00,1980,1980,1980,1980,0
2022-01-20 09:46:00,1980,1980,1980,1980,0
2022-01-20 09:47:00,1980,1980,1980,1980,0
2022-01-20 09:48:00,1980,1980,1980,1980,0
2022-01-20 09:49:00,1980,1980,1980,1980,0
2022-01-20 09:50:00,1980,1980,1980,1980,0
2022-01-20 09:51:00,1980,1980,1980,1980,0
2022-01-20 09:52:00,1980,1980,1980,1980,0
2022-01-20 09:53:00,1980,1980,1980,1980,0
2022-01-20 09:54:00,1980,1980,1980,1980,0
2022-01-20 09:55:00,1980,1980,1980,1980,0
2022-01-20 09:56:00,1980,1980,1980,1980,0
2022-01-20 09:57:00,1980,1980,1980,1980,0
2022-01-20 09:58:00,1980,1980,1980,1980,0
2022-01-20 09:59:00,1980,1980,1980,1980,0
2022-01-20 10:00:00,1980,1980,1980,1980,0
2022-01-20 10:01:00,1980,1980,1980,1980,0
2022-01-20 10:02:00,1980,1980,1980,1980,0
2022-01-20 10:03:00,1980,1980,1980,1980,0
2022-01-20 10:04:00,1980,1980,1980,1980,0
2022-01-20 10:05:00,1980,1980,1980,1980,0
2022-01-20 10:06:00,1980,1980,1980,1980,0
2022-01-20 10:07:00,1980,1980,1980,1980,0
2022-01-20 10:08:00,1980,1980,1980,1980,0
2022-01-20 10:09:00,1980,1980,1980,1980,0
2022-01-20 10:10:00,1980,1980,1980,1980,0
2022-01-20 10:11:00,1980,1980,1980,1980,0
2022-01-20 10:12:00,1980,1980,1980,1980,0
2022-01-20 10:13:00,1980,1980,1980,1980,0
2022-01-20 10:14:00,1980,1980,1980,1980,0
2022-01-20 10:15:00,1980,1980,1980,1980,0
2022-01-20 10:16:00,1980,1980,1980,1980,0
2022-01-20 10:17:00,1980,1980,1980,1980,0
2022-01-20 10:18:00,1980,1980,1980,1980,0
2022-01-20 10:19:00,1980,1980,1980,1980,0
2022-01-20 10:20:00,1980,1980,1980,1980,0
2022-01-20 10:21:00,1980,1980,1980,1980,0
2022-01-20 10:22:00,1980,1980,1980,1980,0
2022-01-20 10:23:00,1980,1980,1980,1980,0
2022-01-20 10:24:00,1980,1980,1980,1980,0
2022-01-20 10:25:00,1980,1980,1980,1980,0
2022-01-20 10:26:00,1980,1980,1980,1980,0
2022-01-20 10:27:00,1980,1980,1980,1980,0
2022-01-20 10:28:00,1980,1980,1980,1980,0
2022-01-20 10:29:00,1980,1980,1980,1980,0
2022-01-20 10:30:00,1980,1980,1980,1980,0
2022-01-20 10:31:00,1980,1980,1980,1980,0
2022-01-20 10:32:00,1980,1980,1980,1980,0
2022-01-20 10:33:00,1980,1980,1980,1980,0
2022-01-20 10:34:00,1980,1980,1980,1980,0
2022-01-20 10:35:00,1980,1980,1980,1980,0
2022-01-20 10:36:00,1980,1980,1980,1980,0
2022-01-20 10:37:00,1980,1980,1980,1980,0
2022-01-20 10:38:00,1980,1980,1980,1980,0
2022-01-20 10:39:00,1980,1980,1980,1980,0
2022-01-20 10:40:00,1980,1980,1980,1980,0
2022-01-20 10:41:00,1980,1980,1980,1980,0
2022-01-20 10:42:00,1980,1980,1980,1980,0
2022-01-20 10:43:00,1980,1980,1980,1980,0
2022-01-20 10:44:00,1980,1980,1980,1980,0
2022-01-20 10:45:00,1980,1980,1980,1980,0
2022-01-20 10:46:00,1980,1980,1980,1980,0
2022-01-20 10:47:00,1980,1980,1980,1980,0
2022-01-20 10:48:00,1980,1980,1980,1980,0
2022-01-20 10:49:00,1980,1980,1980,1980,0
2022-01-20 10:50:00,1980,1980,1980,1980,0
2022-01-20 10:51:00,1980,1980,1980,1980,0
2022-01-20 10:52:00,1980,1980,1980,1980,0
2022-01-20 10:53:00,1980,1980,1980,1980,0
2022-01-20 10:54:00,1980,1980,1980,1980,0
2022-01-20 10:55:00,1980,1980,1980,1980,0
2022-01-20 10:56:00,1980,1980,1980,1980,0
2022-01-20 10:57:00,1980,1980,1980,1980,0
2022-01-20 10:58:00,1980,1980,1980,1980,0
2022-01-20 10:59:00,1980,1980,1980,1980,0
2022-01-20 11:00:00,1980,1980,1980,1980,0
2022-01-20 11:01:00,1980,1980,1980,1980,0
2022-01-20 11:02:00,1980,1980,1980,1980,0
2022-01-20 11:03:00,1980,1980,1980,1980,0
2022-01-20 11:04:00,1980,1980,1980,1980,0
2022-01-20 11:05:00,1980,1980,1980,1980,0
2022-01-20 11:06:00,1980,1980,1980,1980,0
2022-01-20 11:07:00,1980,1980,1980,1980,0
2022-01-20 11:08:00,1980,1980,1980,1980,0
2022-01-20 11:09:00,1980,1980,1980,1980,0
2022-01-20 11:10:00,1980,1980,1980,1980,0
2022-01-20 11:11:00,1980,1980,1980,1980,0
2022-01-20 11:12:00,1980,1980,1980,1980,0
2022-01-20 11:13:00,1980,1980,1980,1980,0
2022-01-20 11:14:00,1980,1980,1980,1980,0
2022-01-20 11:15:00,1980,1980,1980,1980,0
2022-01-20 11:16:00,1980,1980,1980,1980,0
2022-01-20 11:17:00,1980,1980,1980,1980,0
2022-01-20 11:18:00,1980,1980,1980,1980,0
2022-01-20 11:19:00,1980,1980,1980,1980,0
2022-01-20 11:20:00,1980,1980,1980,1980,0
2022-01-20 11:21:00,1980,1980,1980,1980,0
2022-01-20 11:22:00,1980,1980,1980,1980,0
2022-01-20 11:23:00,1980,1980,1980,1980,0
2022-01-20 11:24:00,1980,1980,1980,1980,0
2022-01-20 11:25:00,1980,1980,1980,1980,0
2022-01-20 11:26:00,1980,1980,1980,1980,0
2022-01-20 11:27:00,1980,1980,1980,1980,0
2022-01-20 11:28:00,1980,1980,1980,1980,0
2022-01-20 11:29:00,1980,1980,1980,1980,0
2022-01-20 11:30:00,1980,1980,1980,1980,0
2022-01-20 11:31:00,1980,1980,1980,1980,0
2022-01-20 11:32:00,1980,1980,1980,1980,0
2022-01-20 11:33:00,1980,1980,1980,1980,0
2022-01-20 11:34:00,1980,1980,1980,1980,0
2022-01-20 11:35:00,1980,1980,1980,1980,0
2022-01-20 11:36:00,1980,1980,1980,1980,0
2022-01-20 11:37:00,1980,1980,1980,1980,0
2022-01-20 11:38:00,1980,1980,1980,1980,0
2022-01-20 11:39:00,1980,1980,1980,1980,0
2022-01-20 11:40:00,1980,1980,1980,1980,0
2022-01-20 11:41:00,1980,1980,1980,1980,0
2022-01-20 11:42:00,1980,1980,1980,1980,0
2022-01-20 11:43:00,1980,1980,1980,1980,0
2022-01-20 11:44:00,1980,1980,1980,1980,0
2022-01-20 11:45:00,1980,1980,1980,1980,0
2022-01-20 11:46:00,1980,1980,1980,1980,0
2022-01-20 11:47:00,1980,1980,1980,1980,0
2022-01-20 11:48:00,1980,1980,1980,1980,0
2022-01-20 11:49:00,1980,1980,1980,1980,0
2022-01-20 11:50:00,1980,1980,1980,1980,0
2022-01-20 11:51:00,1980,1980,1980,1980,0
2022-01-20 11:52:00,1980,1980,1980,1980,0
2022-01-20 11:53:00,1980,1980,1980,1980,0
2022-01-20 11:54:00,1980,1980,1980,1980,0
2022-01-20 11:55:00,1980,1980,1980,1980,0
2022-01-20 11:56:00,1980,1980,1980,1980,0
2022-01-20 11:57:00,1980,1980,1980,1980,0
2022-01-20 11:58:00,1980,1980,1980,1980,0
2022-01-20 11:59:00,1980,1980,1980,1980,0
2022-01-20 12:00:00,1980,1980,1980,1980,0
2022-01-20 12:01:00,1980,1980,1980,1980,0
2022-01-20 12:02:00,1980,1980,1980,1980,0
2022-01-20 12:03:00,1980,1980,1980,1980,0
2022-01-20 12:04:00,1980,1980,1980,1980,0
2022-01-20 12:05:00,1980,1980,1980,1980,0
2022-01-20 12:06:00,1980,1980,1980,1980,0
2022-01-20 12:07:00,1980,1980,1980,1980,0
2022-01-20 12:08:00,1980,1980,1980,1980,0
2022-01-20 12:09:00,1980,1980,1980,1980,0
2022-01-20 12:10:00,1980,1980,1980,1980,0
2022-01-20 12:11:00,1980,1980,1980,1980,0
2022-01-20 12:12:00,1980,1980,1980,1980,0
2022-01-20 12:13:00,1980,1980,1980,1980,0
2022-01-20 12:14:00,1980,1980,1980,1980,0
2022-01-20 12:15:00,1980,1980,1980,1980,0
2022-01-20 12:16:00,1980,1980,1980,1980,0
2022-01-20 12:17:00,1980,1980,1980,1980,0
2022-01-20 12:18:00,1980,1980,1980,1980,0
2022-01-20 12:19:00,1980,1980,1980,1980,0
2022-01-20 12:20:00,1980,1980,1980,1980,0
2022-01-20 12:21:00,1980,1980,1980,1980,0
2022-01-20 12:22:00,1980,1980,1980,1980,0
2022-01-20 12:23:00,1980,1980,1980,1980,0
2022-01-20 12:24:00,1980,1980,1980,1980,0
2022-01-20 12:25:00,1980,1980,1980,1980,0
2022-01-20 12:26:00,1980,1980,1980,1980,0
2022-01-20 12:27:00,1980,1980,1980,1980,0
2022-01-20 12:28:00,1980,1980,1980,1980,0
2022-01-20 12:29:00,1980,1980,1980,1980,0
2022-01-20 12:30:00,1980,1980,1980,1980,0
2022-01-20 12:31:00,1980,1980,1980,1980,0
2022-01-20 12:32:00,1980,1980,1980,1980,0
2022-01-20 12:33:00,1980,1980,1980,1980,0
2022-01-20 12:34:00,1980,1980,1980,1980,0
2022-01-20 12:35:00,1980,1980,1980,1980,0
2022-01-20 12:36:00,1980,1980,1980,1980,0
2022-01-20 12:37:00,1980,1980,1980,1980,0
2022-01-20 12:38:00,1980,1980,1980,1980,0
2022-01-20 12:39:00,1980,1980,1980,1980,0
2022-01-20 12:40:00,1980,1980,1980,1980,0
2022-01-20 12:41:00,1980,1980,1980,1980,0
2022-01-20 12:42:00,1980,1980,1980,1980,0
2022-01-20 12:43:00,1980,1980,1980,1980,0
2022-01-20 12:44:00,1980,1980,1980,1980,0
2022-01-20 12:45:00,1980,1980,1980,1980,0
2022-01-20 12:46:00,1980,1980,1980,1980,0
2022-01-20 12:47:00,1980,1980,1980,1980,0
2022-01-20 12:48:00,1980,1980,1980,1980,0
2022-01-20 12:49:00,1980,1980,1980,1980,0
2022-01-20 12:50:00,1980,1980,1980,1980,0
2022-01-20 12:51:00,1980,1980,1980,1980,0
2022-01-20 12:52:00,1980,1980,1980,1980,0
2022-01-20 12:53:00,1980,1980,1980,1980,0
2022-01-20 12:54:00,1980,1980,1980,1980,0
2022-01-20 12:55:00,1980,1980,1980,1980,0
2022-01-20 12:56:00,1980,1980,1980,1980,0
2022-01-20 12:57:00,1980,1980,1980,1980,0
2022-01-20 12:58:00,1980,1980,1980,1980,0
2022-01-20 12:59:00,1980,1980,1980,1980,0
2022-01-20 13:00:00,1980,1980,1980,1980,0
2022-01-20 13:01:00,1980,1980,1980,1980,0
2022-01-20 13:02:00,1980,1980,1980,1980,0
2022-01-20 13:03:00,1980,1980,1980,1980,0
2022-01-20 13:04:00,1980,1980,1980,1980,0
2022-01-20 13:05:00,1980,1980,1980,1980,0
2022-01-20 13:06:00,1980,1980,1980,1980,0
2022-01-20 13:07:00,1980,1980,1980,1980,0
2022-01-20 13:08:00,1980,1980,1980,1980,0
2022-01-20 13:09:00,1980,1980,1980,1980,0
2022-01-20 13:10:00,1980,1980,1980,1980,0
2022-01-20 13:11:00,1980,1980,1980,1980,0
2022-01-20 13:12:00,1980,1980,1980,1980,0
2022-01-20 13:13:00,1980,1980,1980,1980,0
2022-01-20 13:14:00,1980,1980,1980,1980,0
2022-01-20 13:15:00,1980,1980,1980,1980,0
2022-01-20 13:16:00,1980,1980,1980,1980,0
2022-01-20 13:17:00,1980,1980,1980,1980,0
2022-01-20 13:18:00,1980,1980,1980,1980,0
2022-01-20 13:19:00,1980,1980,1980,1980,0
2022-01-20 13:20:00,1980,1980,1980,1980,0
2022-01-20 13:21:00,1980,1980,1980,1980,0
2022-01-20 13:22:00,1980,1980,1980,1980,0
2022-01-20 13:23:00,1980,1980,1980,1980,0
2022-01-20 13:24:00,1980,1980,1980,1980,0
2022-01-20 13:25:00,1980,1980,1980,1980,0
2022-01-20 13:26:00,1980,1980,1980,1980,0
2022-01-20 13:27:00,1980,1980,1980,1980,0
2022-01-20 13:28:00,1980,1980,1980,1980,0
2022-01-20 13:29:00,1980,1980,1980,1980,0
2022-01-20 13:30:00,1980,1980,1980,1980,0
2022-01-20 13:31:00,1980,1980,1980,1980,0
2022-01-20 13:32:00,1980,1980,1980,1980,0
2022-01-20 13:33:00,1980,1980,1980,1980,0
2022-01-20 13:34:00,1980,1980,1980,1980,0
2022-01-20 13:35:00,1980,1980,1980,1980,0
2022-01-20 13:36:00,1980,1980,1980,1980,0
2022-01-20 13:37:00,1980,1980,1980,1980,0
2022-01-20 13:38:00,1980,1980,1980,1980,0
2022-01-20 13:39:00,1980,1980,1980,1980,0
2022-01-20 13:40:00,1980,1980,1980,1980,0
2022-01-20 13:41:00,1980,1980,1980,1980,0
2022-01-20 13:42:00,1980,1980,1980,1980,0
2022-01-20 13:43:00,1980,1980,1980,1980,0
2022-01-20 13:44:00,1980,1980,1980,1980,0
2022-01-20 13:45:00,1980,1980,1980,1980,0
2022-01-20 13:46:00,1980,1980,1980,1980,0
2022-01-20 13:47:00,1980,1980,1980,1980,0
2022-01-20 13:48:00,1980,1980,1980,1980,0
2022-01-20 13:49:00,1980,1980,1980,1980,0
2022-01-20 13:50:00,1980,1980,1980,1980,0
2022-01-20 13:51:00,1980,1980,1980,1980,0
2022-01-20 13:52:00,1980,1980,1980,1980,0
2022-01-20 13:53:00,1980,1980,1980,1980,0
2022-01-20 13:54:00,1980,1980,1980,1980,0
2022-01-20 13:55:00,1980,1980,1980,1980,0
2022-01-20 13:56:00,1980,1980,1980,1980,0
2022-01-20 13:57:00,1980,1980,1980,1980,0
2022-01-20 13:58:00,1980,1980,1980,1980,0
2022-01-20 13:59:00,1980,1980,1980,1980,0
2022-01-20 14:00:00,1980,1980,1980,1980,0
2022-01-20 14:01:00,1980,1980,1980,1980,0
2022-01-20 14:02:00,1980,1980,1980,1980,0
2022-01-20 14:03:00,1980,1980,1980,1980,0
2022-01-20 14:04:00,1980,1980,1980,1980,0
2022-01-20 14:05:00,1980,1980,1980,1980,0
2022-01-20 14:06:00,1980,1980,1980,1980,0
2022-01-20 14:07:00,1980,1980,1980,1980,0
2022-01-20 14:08:00,1980,1980,1980,1980,0
2022-01-20 14:09:00,1980,1980,1980,1980,0
2022-01-20 14:10:00,1980,1980,1980,1980,0
2022-01-20 14:11:00,1980,1980,1980,1980,0
2022-01-20 14:12:00,1980,1980,1980,1980,0
2022-01-20 14:13:00,1980,1980,1980,1980,0
2022-01-20 14:14:00,1980,1980,1980,1980,0
2022-01-20 14:15:00,1980,1980,1980,1980,0
2022-01-20 14:16:00,1980,1980,1980,1980,0
2022-01-20 14:17:00,1980,1980,1980,1980,0
2022-01-20 14:18:00,1980,1980,1980,1980,0
2022-01-20 14:19:00,1980,1980,1980,1980,0
2022-01-20 14:20:00,1980,1980,1980,1980,0
2022-01-20 14:21:00,1980,1980,1980,1980,0
2022-01-20 14:22:00,1980,1980,1980,1980,0
2022-01-20 14:23:00,1980,1980,1980,1980,0
2022-01-20 14:24:00,1980,1980,1980,1980,0
2022-01-20 14:25:00,1980,1980,1980,1980,0
2022-01-20 14:26:00,1980,1980,1980,1980,0
2022-01-20 14:27:00,1980,1980,1980,1980,0
2022-01-20 14:28:00,1980,1980,1980,1980,0
2022-01-20 14:29:00,1980,1980,1980,1980,0
2022-01-20 14:30:00,1980,1980,1980,1980,0
2022-01-20 14:31:00,1980,1980,1980,1980,0
2022-01-20 14:32:00,1980,1980,1980,1980,0
2022-01-20 14:33:00,1980,1980,1980,1980,0
2022-01-20 14:34:00,1980,1980,1980,1980,0
2022-01-20 14:35:00,1980,1980,1980,1980,0
2022-01-20 14:36:00,1980,1980,1980,1980,0
2022-01-20 14:37:00,1980,1980,1980,1980,0
2022-01-20 14:38:00,1980,1980,1980,1980,0
2022-01-20 14:39:00,1980,1980,1980,1980,0
2022-01-20 14:40:00,1980,1980,1980,1980,0
2022-01-20 14:41:00,1980,1980,1980,1980,0
2022-01-20 14:42:00,1980,1980,1980,1980,0
2022-01-20 14:43:00,1980,1980,1980,1980,0
2022-01-20 14:44:00,1980,1980,1980,1980,0
2022-01-20 14:45:00,1980,1980,1980,1980,0
2022-01-20 14:46:00,1980,1980,1980,1980,0
2022-01-20 14:47:00,1980,1980,1980,1980,0
2022-01-20 14:48:00,1980,1980,1980,1980,0
2022-01-20 14:49:00,1980,1980,1980,1980,0
2022-01-20 14:50:00,1980,1980,1980,1980,0
2022-01-20 14:51:00,1980,1980,1980,1980,0
2022-01-20 14:52:00,1980,1980,1980,1980,0
2022-01-20 14:53:00,1980,1980,1980,1980,0
2022-01-20 14:54:00,1980,1980,1980,1980,0
2022-01-20 14:55:00,1980,1980,1980,1980,0
2022-01-20 14:56:00,1980,1980,1980,1980,0
2022-01-20 14:57:00,1980,1980,1980,1980,0
2022-01-20 14:58:00,1980,1980,1980,1980,0
2022-01-20 14:59:00,1980,1980,1980,1980,0
2022-01-20 15:00:00,1980,1980,1980,1980,0
2022-01-20 15:01:00,1980,1980,1980,1980,0
2022-01-20 15:02:00,1980,1980,1980,1980,0
2022-01-20 15:03:00,1980,1980,1980,1980,0
2022-01-20 15:04:00,1980,1980,1980,1980,0
2022-01-20 15:05:00,1980,1980,1980,1980,0
2022-01-20 15:06:00,1980,1980,1980,1980,0
2022-01-20 15:07:00,1980,1980,1980,1980,0
2022-01-20 15:08:00,1980,1980,1980,1980,0
2022-01-20 15:09:00,1980,1980,1980,1980,0
2022-01-20 15:10:00,1980,1980,1980,1980,0
2022-01-20 15:11:00,1980,1980,1980,1980,0
2022-01-20 15:12:00,1980,1980,1980,1980,0
2022-01-20 15:13:00,1980,1980,1980,1980,0
2022-01-20 15:14:00,1980,1980,1980,1980,0
2022-01-20 15:15:00,1980,1980,1980,1980,0
2022-01-20 15:16:00,1980,1980,1980,1980,0
2022-01-20 15:17:00,1980,1980,1980,1980,0
2022-01-20 15:18:00,1980,1980,1980,1980,0
2022-01-20 15:19:00,1980,1980,1980,1980,0
2022-01-20 15:20:00,1980,1980,1980,1980,0
2022-01-20 15:21:00,1980,1980,1980,1980,0
2022-01-20 15:22:00,1980,1980,1980,1980,0
2022-01-20 15:23:00,1980,1980,1980,1980,0
2022-01-20 15:24:00,1980,1980,1980,1980,0
2022-01-20 15:25:00,1980,1980,1980,1980,0
2022-01-20 15:26:00,1980,1980,1980,1980,0
2022-01-20 15:27:00,1980,1980,1980,1980,0
2022-01-20 15:28:00,1980,1980,1980,1980,0
2022-01-20 15:29:00,1980,1980,1980,1980,0
2022-01-20 15:30:00,1980,1980,1980,1980,0
2022-01-20 15:31:00,1980,1980,1980,1980,0
2022-01-20 15:32:00,1980,1980,1980,1980,0
2022-01-20 15:33:00,1980,1980,1980,1980,0
2022-01-20 15:34:00,1980,1980,1980,1980,0
2022-01-20 15:35:00,1980,1980,1980,1980,0
2022-01-20 15:36:00,1980,1980,1980,1980,0
2022-01-20 15:37:00,1980,1980,1980,1980,0
2022-01-20 15:38:00,1980,1980,1980,1980,0
2022-01-20 15:39:00,1980,1980,1980,1980,0
2022-01-20 15:40:00,1980,1980,1980,1980,0
2022-01-20 15:41:00,1980,1980,1980,1980,0
2022-01-20 15:42:00,1980,1980,1980,1980,0
2022-01-20 15:43:00,1980,1980,1980,1980,0
2022-01-20 15:44:00,1980,1980,1980,1980,0
2022-01-20 15:45:00,1980,1980,1980,1980,0
2022-01-20 15:46:00,1980,1980,1980,1980,0
2022-01-20 15:47:00,1980,1980,1980,1980,0
2022-01-20 15:48:00,1980,1980,1980,1980,0
2022-01-20 15:49:00,1980,1980,1980,1980,0
2022-01-20 15:50:00,1980,1980,1980,1980,0
2022-01-20 15:51:00,1980,1980,1980,1980,0
2022-01-20 15:52:00,1980,1980,1980,1980,0
2022-01-20 15:53:00,1980,1980,1980,1980,0
2022-01-20 15:54:00,1980,1980,1980,1980,0
2022-01-20 15:55:00,1980,1980,1980,1980,0
2022-01-20 15:56:00,1980,1980,1980,1980,0
2022-01-20 15:57:00,1980,1980,1980,1980,0
2022-01-20 15:58:00,1980,1980,1980,1980,0
2022-01-20 15:59:00,1980,1980,1980,1980,0
2022-01-21 09:00:00,1980,1980,1980,1980,0
2022-01-21 09:01:00,1980,1980,1980,1980,0
2022-01-21 09:02:00,1980,1980,1980,1980,0
2022-01-21 09:03:00,1980,1980,1980,1980,0
2022-01-21 09:04:00,1980,1980,1980,1980,0
2022-01-21 09:05:00,1980,1980,1980,1980,0
2022-01-21 09:06:00,1980,1980,1980,1980,0
2022-01-21 09:07:00,1980,1980,1980,1980,0
2022-01-21 09:08:00,1980,1980,1980,1980,0
2022-01-21 09:09:00,1980,1980,1980,1980,0
2022-01-21 09:10:00,1980,1980,1980,1980,0
2022-01-21 09:11:00,1980,1980,1980,1980,0
2022-01-21 09:12:00,1980,1980,1980,1980,0
2022-01-21 09:13:00,1980,1980,1980,1980,0
2022-01-21 09:14:00,1980,1980,1980,1980,0
2022-01-21 09:15:00,1980,1980,1980,1980,0
2022-01-21 09:16:00,1980,1980,1980,1980,0
2022-01-21 09:17:00,1980,1980,1980,1980,0
2022-01-21 09:18:00,1980,1980,1980,1980,0
2022-01-21 09:19:00,1980,1980,1980,1980,0
2022-01-21 09:20:00,1980,1980,1980,1980,0
2022-01-21 09:21:00,1980,1980,1980,1980,0
2022-01-21 09:22:00,1980,1980,1980,1980,0
2022-01-21 09:23:00,1980,1980,1980,1980,0
2022-01-21 09:24:00,1980,1980,1980,1980,0
2022-01-21 09:25:00,1980,1980,1980,1980,0
2022-01-21 09:26:00,1980,1980,1980,1980,0
2022-01-21 09:27:00,1980,1980,1980,1980,0
2022-01-21 09:28:00,1980,1980,1980,1980,0
2022-01-21 09:29:00,1980,1980,1980,1980,0
2022-01-21 09:30:00,1980,1980,1980,1980,0
2022-01-21 09:31:00,1980,1980,1980,1980,0
2022-01-21 09:32:00,1980,1980,1980,1980,0
2022-01-21 09:33:00,1980,1980,1980,1980,0
2022-01-21 09:34:00,1980,1980,1980,1980,0
2022-01-21 09:35:00,1980,1980,1980,1980,0
2022-01-21 09:36:00,1980,1980,1980,1980,0
2022-01-21 09:37:00,1980,1980,1980,1980,0
2022-01-21 09:38:00,1980,1980,1980,1980,0
2022-01-21 09:39:00,1980,1980,1980,1980,0
2022-01-21 09:40:00,1980,1980,1980,1980,0
2022-01-21 09:41:00,1980,1980,1980,1980,0
2022-01-21 09:42:00,1980,1980,1980,1980,0
2022-01-21 09:43:00,1980,1980,1980,1980,0
2022-01-21 09:44:00,1980,1980,1980,1980,0
2022-01-21 09:45:00,1980,1980,1980,1980,0
2022-01-21 09:46:00,1980,1980,1980,1980,0
2022-01-21 09:47:00,1980,1980,1980,1980,0
2022-01-21 09:48:00,1980,1980,1980,1980,0
2022-01-21 09:49:00,1980,1980,1980,1980,0
2022-01-21 09:50:00,1980,1980,1980,1980,0
2022-01-21 09:51:00,1980,1980,1980,1980,0
2022-01-21 09:52:00,1980,1980,1980,1980,0
2022-01-21 09:53:00,1980,1980,1980,1980,0
2022-01-21 09:54:00,1980,1980,1980,1980,0
2022-01-21 09:55:00,1980,1980,1980,1980,0
2022-01-21 09:56:00,1980,1980,1980,1980,0
2022-01-21 09:57:00,1980,1980,1980,1980,0
2022-01-21 09:58:00,1980,1980,1980,1980,0
2022-01-21 09:59:00,1980,1980,1980,1980,0
2022-01-21 10:00:00,1980,1980,1980,1980,0
2022-01-21 10:01:00,1980,1980,1980,1980,0
2022-01-21 10:02:00,1980,1980,1980,1980,0
2022-01-21 10:03:00,1980,1980,1980,1980,0
2022-01-21 10:04:00,1980,1980,1980,1980,0
2022-01-21 10:05:00,1980,1980,1980,1980,0
2022-01-21 10:06:00,1980,1980,1980,1980,0
2022-01-21 10:07:00,1980,1980,1980,1980,0
2022-01-21 10:08:00,1980,1980,1980,1980,0
2022-01-21 10:09:00,1980,1980,1980,1980,0
2022-01-21 10:10:00,1980,1980,1980,1980,0
2022-01-21 10:11:00,1980,1980,1980,1980,0
2022-01-21 10:12:00,1980,1980,1980,1980,0
2022-01-21 10:13:00,1980,1980,1980,1980,0
2022-01-21 10:14:00,1980,1980,1980,1980,0
2022-01-21 10:15:00,1980,1980,1980,1980,0
2022-01-21 10:16:00,1980,1980,1980,1980,0
2022-01-21 10:17:00,1980,1980,1980,1980,0
2022-01-21 10:18:00,1980,1980,1980,1980,0
2022-01-21 10:19:00,1980,1980,1980,1980,0
2022-01-21 10:20:00,1980,1980,1980,1980,0
2022-01-21 10:21:00,1980,1980,1980,1980,0
2022-01-21 10:22:00,1980,1980,1980,1980,0
2022-01-21 10:23:00,1980,1980,1980,1980,0
2022-01-21 10:24:00,1980,1980,1980,1980,0
2022-01-21 10:25:00,1980,1980,1980,1980,0
2022-01-21 10:26:00,1980,1980,1980,1980,0
2022-01-21 10:27:00,1980,1980,1980,1980,0
2022-01-21 10:28:00,1980,1980,1980,1980,0
2022-01-21 10:29:00,1980,1980,1980,1980,0
2022-01-21 10:30:00,1980,1980,1980,1980,0
2022-01-21 10:31:00,1980,1980,1980,1980,0
2022-01-21 10:32:00,1980,1980,1980,1980,0
2022-01-21 10:33:00,1980,1980,1980,1980,0
2022-01-21 10:34:00,1980,1980,1980,1980,0
2022-01-21 10:35:00,1980,1980,1980,1980,0
2022-01-21 10:36:00,1980,1980,1980,1980,0
2022-01-21 10:37:00,1980,1980,1980,1980,0
2022-01-21 10:38:00,1980,1980,1980,1980,0
2022-01-21 10:39:00,1980,1980,1980,1980,0
2022-01-21 10:40:00,1980,1980,1980,1980,0
2022-01-21 10:41:00,1980,1980,1980,1980,0
2022-01-21 10:42:00,1980,1980,1980,1980,0
2022-01-21 10:43:00,1980,1980,1980,1980,0
2022-01-21 10:44:00,1980,1980,1980,1980,0
2022-01-21 10:45:00,1980,1980,1980,1980,0
2022-01-21 10:46:00,1980,1980,1980,1980,0
2022-01-21 10:47:00,1980,1980,1980,1980,0
2022-01-21 10:48:00,1980,1980,1980,1980,0
2022-01-21 10:49:00,1980,1980,1980,1980,0
2022-01-21 10:50:00,1980,1980,1980,1980,0
2022-01-21 10:51:00,1980,1980,1980,1980,0
2022-01-21 10:52:00,1980,1980,1980,1980,0
2022-01-21 10:53:00,1980,1980,1980,1980,0
2022-01-21 10:54:00,1980,1980,1980,1980,0
2022-01-21 10:55:00,1980,1980,1980,1980,0
2022-01-21 10:56:00,1980,1980,1980,1980,0
2022-01-21 10:57:00,1980,1980,1980,1980,0
2022-01-21 10:58:00,1980,1980,1980,1980,0
2022-01-21 10:59:00,1980,1980,1980,1980,0
2022-01-21 11:00:00,1980,1980,1980,1980,0
2022-01-21 11:01:00,1980,1980,1980,1980,0
2022-01-21 11:02:00,1980,1980,1980,1980,0
2022-01-21 11:03:00,1980,1980,1980,1980,0
2022-01-21 11:04:00,1980,1980,1980,1980,0
2022-01-21 11:05:00,1980,1980,1980,1980,0
2022-01-21 11:06:00,1980,1980,1980,1980,0
2022-01-21 11:07:00,1980,1980,1980,1980,0
2022-01-21 11:08:00,1980,1980,1980,1980,0
2022-01-21 11:09:00,1980,1980,1980,1980,0
2022-01-21 11:10:00,1980,1980,1980,1980,0
2022-01-21 11:11:00,1980,1980,1980,1980,0
2022-01-21 11:12:00,1980,1980,1980,1980,0
2022-01-21 11:13:00,1980,1980,1980,1980,0
2022-01-21 11:14:00,1980,1980,1980,1980,0
2022-01-21 11:15:00,1980,1980,1980,1980,0
2022-01-21 11:16:00,1980,1980,1980,1980,0
2022-01-21 11:17:00,1980,1980,1980,1980,0
2022-01-21 11:18:00,1980,1980,1980,1980,0
2022-01-21 11:19:00,1980,1980,1980,1980,0
2022-01-21 11:20:00,1980,1980,1980,1980,0
2022-01-21 11:21:00,1980,1980,1980,1980,0
2022-01-21 11:22:00,1980,1980,1980,1980,0
2022-01-21 11:23:00,1980,1980,1980,1980,0
2022-01-21 11:24:00,1980,1980,1980,1980,0
2022-01-21 11:25:00,1980,1980,1980,1980,0
2022-01-21 11:26:00,1980,1980,1980,1980,0
2022-01-21 11:27:00,1980,1980,1980,1980,0
2022-01-21 11:28:00,1980,1980,1980,1980,0
2022-01-21 11:29:00,1980,1980,1980,1980,0
2022-01-21 11:30:00,1980,1980,1980,1980,0
2022-01-21 11:31:00,1980,1980,1980,1980,0
2022-01-21 11:32:00,1980,1980,1980,1980,0
2022-01-21 11:33:00,1980,1980,1980,1980,0
2022-01-21 11:34:00,1980,1980,1980,1980,0
2022-01-21 11:35:00,1980,1980,1980,1980,0
2022-01-21 11:36:00,1980,1980,1980,1980,0
2022-01-21 11:37:00,1980,1980,1980,1980,0
2022-01-21 11:38:00,1980,1980,1980,1980,0
2022-01-21 11:39:00,1980,1980,1980,1980,0
2022-01-21 11:40:00,1980,1980,1980,1980,0
2022-01-21 11:41:00,1980,1980,1980,1980,0
2022-01-21 11:42:00,1980,1980,1980,1980,0
2022-01-21 11:43:00,1980,1980,1980,1980,0
2022-01-21 11:44:00,1980,1980,1980,1980,0
2022-01-21 11:45:00,1980,1980,1980,1980,0
2022-01-21 11:46:00,1980,1980,1980,1980,0
2022-01-21 11:47:00,1980,1980,1980,1980,0
2022-01-21 11:48:00,1980,1980,1980,1980,0
2022-01-21 11:49:00,1980,1980,1980,1980,0
2022-01-21 11:50:00,1980,1980,1980,1980,0
2022-01-21 11:51:00,1980,1980,1980,1980,0
2022-01-21 11:52:00,1980,1980,1980,1980,0
2022-01-21 11:53:00,1980,1980,1980,1980,0
2022-01-21 11:54:00,1980,1980,1980,1980,0
2022-01-21 11:55:00,1980,1980,1980,1980,0
2022-01-21 11:56:00,1980,1980,1980,1980,0
2022-01-21 11:57:00,1980,1980,1980,1980,0
2022-01-21 11:58:00,1980,1980,1980,1980,0
2022-01-21 11:59:00,1980,1980,1980,1980,0
2022-01-21 12:00:00,1980,1980,1980,1980,0
2022-01-21 12:01:00,1980,1980,1980,1980,0
2022-01-21 12:02:00,1980,1980,1980,1980,0
2022-01-21 12:03:00,1980,1980,1980,1980,0
2022-01-21 12:04:00,1980,1980,1980,1980,0
2022-01-21 12:05:00,1980,1980,1980,1980,0
2022-01-21 12:06:00,1980,1980,1980,1980,0
2022-01-21 12:07:00,1980,1980,1980,1980,0
2022-01-21 12:08:00,1980,1980,1980,1980,0
2022-01-21 12:09:00,1980,1980,1980,1980,0
2022-01-21 12:10:00,1980,1980,1980,1980,0
2022-01-21 12:11:00,1980,1980,1980,1980,0
2022-01-21 12:12:00,1980,1980,1980,1980,0
2022-01-21 12:13:00,1980,1980,1980,1980,0
2022-01-21 12:14:00,1980,1980,1980,1980,0
2022-01-21 12:15:00,1980,1980,1980,1980,0
2022-01-21 12:16:00,1980,1980,1980,1980,0
2022-01-21 12:17:00,1980,1980,1980,1980,0
2022-01-21 12:18:00,1980,1980,1980,1980,0
2022-01-21 12:19:00,1980,1980,1980,1980,0
2022-01-21 12:20:00,1980,1980,1980,1980,0
2022-01-21 12:21:00,1980,1980,1980,1980,0
2022-01-21 12:22:00,1980,1980,1980,1980,0
2022-01-21 12:23:00,1980,1980,1980,1980,0
2022-01-21 12:24:00,1980,1980,1980,1980,0
2022-01-21 12:25:00,1980,1980,1980,1980,0
2022-01-21 12:26:00,1980,1980,1980,1980,0
2022-01-21 12:27:00,1980,1980,1980,1980,0
2022-01-21 12:28:00,1980,1980,1980,1980,0
2022-01-21 12:29:00,1980,1980,1980,1980,0
2022-01-21 12:30:00,1980,1980,1980,1980,0
2022-01-21 12:31:00,1980,1980,1980,1980,0
2022-01-21 12:32:00,1980,1980,1980,1980,0
2022-01-21 12:33:00,1980,1980,1980,1980,0
2022-01-21 12:34:00,1980,1980,1980,1980,0
2022-01-21 12:35:00,1980,1980,1980,1980,0
2022-01-21 12:36:00,1980,1980,1980,1980,0
2022-01-21 12:37:00,1980,1980,1980,1980,0
2022-01-21 12:38:00,1980,1980,1980,1980,0
2022-01-21 12:39:00,1980,1980,1980,1980,0
2022-01-21 12:40:00,1980,1980,1980,1980,0
2022-01-21 12:41:00,1980,1980,1980,1980,0
2022-01-21 12:42:00,1980,1980,1980,1980,0
2022-01-21 12:43:00,1980,1980,1980,1980,0
2022-01-21 12:44:00,1980,1980,1980,1980,0
2022-01-21 12:45:00,1980,1980,1980,1980,0
2022-01-21 12:46:00,1980,1980,1980,1980,0
2022-01-21 12:47:00,1980,1980,1980,1980,0
2022-01-21 12:48:00,1980,1980,1980,1980,0
2022-01-21 12:49:00,1980,1980,1980,1980,0
2022-01-21 12:50:00,1980,1980,1980,1980,0
2022-01-21 12:51:00,1980,1980,1980,1980,0
2022-01-21 12:52:00,1980,1980,1980,1980,0
2022-01-21 12:53:00,1980,1980,1980,1980,0
2022-01-21 12:54:00,1980,1980,1980,1980,0
2022-01-21 12:55:00,1980,1980,1980,1980,0
2022-01-21 12:56:00,1980,1980,1980,1980,0
2022-01-21 12:57:00,1980,1980,1980,1980,0
2022-01-21 12:58:00,1980,1980,1980,1980,0
2022-01-21 12:59:00,1980,1980,1980,1980,0
2022-01-21 13:00:00,1980,1980,1980,1980,0
2022-01-21 13:01:00,1980,1980,1980,1980,0
2022-01-21 13:02:00,1980,1980,1980,1980,0
2022-01-21 13:03:00,1980,1980,1980,1980,0
2022-01-21 13:04:00,1980,1980,1980,1980,0
2022-01-21 13:05:00,1980,1980,1980,1980,0
2022-01-21 13:06:00,1980,1980,1980,1980,0
2022-01-21 13:07:00,1980,1980,1980,1980,0
2022-01-21 13:08:00,1980,1980,1980,1980,0
2022-01-21 13:09:00,1980,1980,1980,1980,0
2022-01-21 13:10:00,1980,1980,1980,1980,0
2022-01-21 13:11:00,1980,1980,1980,1980,0
2022-01-21 13:12:00,1980,1980,1980,1980,0
2022-01-21 13:13:00,1980,1980,1980,1980,0
2022-01-21 13:14:00,1980,1980,1980,1980,0
2022-01-21 13:15:00,1980,1980,1980,1980,0
2022-01-21 13:16:00,1980,1980,1980,1980,0
2022-01-21 13:17:00,1980,1980,1980,1980,0
2022-01-21 13:18:00,1980,1980,1980,1980,0
2022-01-21 13:19:00,1980,1980,1980,1980,0
2022-01-21 13:20:00,1980,1980,1980,1980,0
2022-01-21 13:21:00,1980,1980,1980,1980,0
2022-01-21 13:22:00,1980,1980,1980,1980,0
2022-01-21 13:23:00,1980,1980,1980,1980,0
2022-01-21 13:24:00,1980,1980,1980,1980,0
2022-01-21 13:25:00,1980,1980,1980,1980,0
2022-01-21 13:26:00,1980,1980,1980,1980,0
2022-01-21 13:27:00,1980,1980,1980,1980,0
2022-01-21 13:28:00,1980,1980,1980,1980,0
2022-01-21 13:29:00,1980,1980,1980,1980,0
2022-01-21 13:30:00,1980,1980,1980,1980,0
2022-01-21 13:31:00,1980,1980,1980,1980,0
2022-01-21 13:32:00,1980,1980,1980,1980,0
2022-01-21 13:33:00,1980,1980,1980,1980,0
2022-01-21 13:34:00,1980,1980,1980,1980,0
2022-01-21 13:35:00,1980,1980,1980,1980,0
2022-01-21 13:36:00,1980,1980,1980,1980,0
2022-01-21 13:37:00,1980,1980,1980,1980,0
2022-01-21 13:38:00,1980,1980,1980,1980,0
2022-01-21 13:39:00,1980,1980,1980,1980,0
2022-01-21 13:40:00,1980,1980,1980,1980,0
2022-01-21 13:41:00,1980,1980,1980,1980,0
2022-01-21 13:42:00,1980,1980,1980,1980,0
2022-01-21 13:43:00,1980,1980,1980,1980,0
2022-01-21 13:44:00,1980,1980,1980,1980,0
2022-01-21 13:45:00,1980,1980,1980,1980,0
2022-01-21 13:46:00,1980,1980,1980,1980,0
2022-01-21 13:47:00,1980,1980,1980,1980,0
2022-01-21 13:48:00,1980,1980,1980,1980,0
2022-01-21 13:49:00,1980,1980,1980,1980,0
2022-01-21 13:50:00,1980,1980,1980,1980,0
2022-01-21 13:51:00,1980,1980,1980,1980,0
2022-01-21 13:52:00,1980,1980,1980,1980,0
2022-01-21 13:53:00,1980,1980,1980,1980,0
2022-01-21 13:54:00,1980,1980,1980,1980,0
2022-01-21 13:55:00,1980,1980,1980,1980,0
2022-01-21 13:56:00,1980,1980,1980,1980,0
2022-01-21 13:57:00,1980,1980,1980,1980,0
2022-01-21 13:58:00,1980,1980,1980,1980,0
2022-01-21 13:59:00,1980,1980,1980,1980,0
2022-01-21 14:00:00,1980,1980,1980,1980,0
2022-01-21 14:01:00,1980,1980,1980,1980,0
2022-01-21 14:02:00,1980,1980,1980,1980,0
2022-01-21 14:03:00,1980,1980,1980,1980,0
2022-01-21 14:04:00,1980,1980,1980,1980,0
2022-01-21 14:05:00,1980,1980,1980,1980,0
2022-01-21 14:06:00,1980,1980,1980,1980,0
2022-01-21 14:07:00,1980,1980,1980,1980,0
2022-01-21 14:08:00,1980,1980,1980,1980,0
2022-01-21 14:09:00,1980,1980,1980,1980,0
2022-01-21 14:10:00,1980,1980,1980,1980,0
2022-01-21 14:11:00,1980,1980,1980,1980,0
2022-01-21 14:12:00,1980,1980,1980,1980,0
2022-01-21 14:13:00,1980,1980,1980,1980,0
2022-01-21 14:14:00,1980,1980,1980,1980,0
2022-01-21 14:15:00,1980,1980,1980,1980,0
2022-01-21 14:16:00,1980,1980,1980,1980,0
2022-01-21 14:17:00,1980,1980,1980,1980,0
2022-01-21 14:18:00,1980,1980,1980,1980,0
2022-01-21 14:19:00,1980,1980,1980,1980,0
2022-01-21 14:20:00,1980,1980,1980,1980,0
2022-01-21 14:21:00,1980,1980,1980,1980,0
2022-01-21 14:22:00,1980,1980,1980,1980,0
2022-01-21 14:23:00,1980,1980,1980,1980,0
2022-01-21 14:24:00,1980,1980,1980,1980,0
2022-01-21 14:25:00,1980,1980,1980,1980,0
2022-01-21 14:26:00,1980,1980,1980,1980,0
2022-01-21 14:27:00,1980,1980,1980,1980,0
2022-01-21 14:28:00,1980,1980,1980,1980,0
2022-01-21 14:29:00,1980,1980,1980,1980,0
2022-01-21 14:30:00,1980,1980,1980,1980,0
2022-01-21 14:31:00,1980,1980,1980,1980,0
2022-01-21 14:32:00,1980,1980,1980,1980,0
2022-01-21 14:33:00,1980,1980,1980,1980,0
2022-01-21 14:34:00,1980,1980,1980,1980,0
2022-01-21 14:35:00,1980,1980,1980,1980,0
2022-01-21 14:36:00,1980,1980,1980,1980,0
2022-01-21 14:37:00,1980,1980,1980,1980,0
2022-01-21 14:38:00,1980,1980,1980,1980,0
2022-01-21 14:39:00,1980,1980,1980,1980,0
2022-01-21 14:40:00,1980,1980,1980,1980,0
2022-01-21 14:41:00,1980,1980,1980,1980,0
2022-01-21 14:42:00,1980,1980,1980,1980,0
2022-01-21 14:43:00,1980,1980,1980,1980,0
2022-01-21 14:44:00,1980,1980,1980,1980,0
2022-01-21 14:45:00,1980,1980,1980,1980,0
2022-01-21 14:46:00,1980,1980,1980,1980,0
2022-01-21 14:47:00,1980,1980,1980,1980,0
2022-01-21 14:48:00,1980,1980,1980,1980,0
2022-01-21 14:49:00,1980,1980,1980,1980,0
2022-01-21 14:50:00,1980,1980,1980,1980,0
2022-01-21 14:51:00,1980,1980,1980,1980,0
2022-01-21 14:52:00,1980,1980,1980,1980,0
2022-01-21 14:53:00,1980,1980,1980,1980,0
2022-01-21 14:54:00,1980,1980,1980,1980,0
2022-01-21 14:55:00,1980,1980,1980,1980,0
2022-01-21 14:56:00,1980,1980,1980,1980,0
2022-01-21 14:57:00,1980,1980,1980,1980,0
2022-01-21 14:58:00,1980,1980,1980,1980,0
2022-01-21 14:59:00,1980,1980,1980,1980,0
2022-01-21 15:00:00,1980,1980,1980,1980,0
2022-01-21 15:01:00,1980,1980,1980,1980,0
2022-01-21 15:02:00,1980,1980,1980,1980,0
2022-01-21 15:03:00,1980,1980,1980,1980,0
2022-01-21 15:04:00,1980,1980,1980,1980,0
2022-01-21 15:05:00,1980,1980,1980,1980,0
2022-01-21 15:06:00,1980,1980,1980,1980,0
2022-01-21 15:07:00,1980,1980,1980,1980,0
2022-01-21 15:08:00,1980,1980,1980,1980,0
2022-01-21 15:09:00,1980,1980,1980,1980,0
2022-01-21 15:10:00,1980,1980,1980,1980,0
2022-01-21 15:11:00,1980,1980,1980,1980,0
2022-01-21 15:12:00,1980,1980,1980,1980,0
2022-01-21 15:13:00,1980,1980,1980,1980,0
2022-01-21 15:14:00,1980,1980,1980,1980,0
2022-01-21 15:15:00,1980,1980,1980,1980,0
2022-01-21 15:16:00,1980,1980,1980,1980,0
2022-01-21 15:17:00,1980,1980,1980,1980,0
2022-01-21 15:18:00,1980,1980,1980,1980,0
2022-01-21 15:19:00,1980,1980,1980,1980,0
2022-01-21 15:20:00,1980,1980,1980,1980,0
2022-01-21 15:21:00,1980,1980,1980,1980,0
2022-01-21 15:22:00,1980,1980,1980,1980,0
2022-01-21 15:23:00,1980,1980,1980,1980,0
2022-01-21 15:24:00,1980,1980,1980,1980,0
2022-01-21 15:25:00,1980,1980,1980,1980,0
2022-01-21 15:26:00,1980,1980,1980,1980,0
2022-01-21 15:27:00,1980,1980,1980,1980,0
2022-01-21 15:28:00,1980,1980,1980,1980,0
2022-01-21 15:29:00,1980,1980,1980,1980,0
2022-01-21 15:30:00,1980,1980,1980,1980,0
2022-01-21 15:31:00,1980,1980,1980,1980,0
2022-01-21 15:32:00,1980,1980,1980,1980,0
2022-01-21 15:33:00,1980,1980,1980,1980,0
2022-01-21 15:34:00,1980,1980,1980,1980,0
2022-01-21 15:35:00,1980,1980,1980,1980,0
2022-01-21 15:36:00,1980,1980,1980,1980,0
2022-01-21 15:37:00,1980,1980,1980,1980,0
2022-01-21 15:38:00,1980,1980,1980,1980,0
2022-01-21 15:39:00,1980,1980,1980,1980,0
2022-01-21 15:40:00,1980,1980,1980,1980,0
2022-01-21 15:41:00,1980,1980,1980,1980,0
2022-01-21 15:42:00,1980,1980,1980,1980,0
2022-01-21 15:43:00,1980,1980,1980,1980,0
2022-01-21 15:44:00,1980,1980,1980,1980,0
2022-01-21 15:45:00,1980,1980,1980,1980,0
2022-01-21 15:46:00,1980,1980,1980,1980,0
2022-01-21 15:47:00,1980,1980,1980,1980,0
2022-01-21 15:48:00,1980,1980,1980,1980,0
2022-01-21 15:49:00,1980,1980,1980,1980,0
2022-01-21 15:50:00,1980,1980,1980,1980,0
2022-01-21 15:51:00,1980,1980,1980,1980,0
2022-01-21 15:52:00,1980,1980,1980,1980,0
2022-01-21 15:53:00,1980,1980,1980,1980,0
2022-01-21 15:54:00,1980,1980,1980,1980,0
2022-01-21 15:55:00,1980,1980,1980,1980,0
2022-01-21 15:56:00,1980,1980,1980,1980,0
2022-01-21 15:57:00,1980,1980,1980,1980,0
2022-01-21 15:58:00,1980,1980,1980,1980,0
2022-01-21 15:59:00,1980,1980,1980,1980,0
2022-01-31 09:00:00,1975,1975,2020,2020,0
2022-01-31 09:01:00,1975,1975,2020,2020,0
2022-01-31 09:02:00,1975,1975,2020,2020,0
2022-01-31 09:03:00,1975,1975,2020,2020,0
2022-01-31 09:04:00,1975,1975,2020,2020,0
2022-01-31 09:05:00,1975,1975,2020,2020,0
2022-01-31 09:06:00,1975,1975,2020,2020,0
2022-01-31 09:07:00,1975,1975,2020,2020,0
2022-01-31 09:08:00,1975,1975,2020,2020,0
2022-01-31 09:09:00,1975,1975,2020,2020,0
2022-01-31 09:10:00,1975,1975,2020,2020,0
2022-01-31 09:11:00,1975,1975,2020,2020,0
2022-01-31 09:12:00,1975,1975,2020,2020,0
2022-01-31 09:13:00,1975,1975,2020,2020,0
2022-01-31 09:14:00,1975,1975,2020,2020,0
2022-01-31 09:15:00,1975,1975,2020,2020,0
2022-01-31 09:16:00,1975,1975,2020,2020,0
2022-01-31 09:17:00,1975,1975,2020,2020,0
2022-01-31 09:18:00,1975,1975,2020,2020,0
2022-01-31 09:19:00,1975,1975,2020,2020,0
2022-01-31 09:20:00,1975,1975,2020,2020,0
2022-01-31 09:21:00,1975,1975,2020,2020,0
2022-01-31 09:22:00,1975,1975,2020,2020,0
2022-01-31 09:23:00,1975,1975,2020,2020,0
2022-01-31 09:24:00,1975,1975,2020,2020,0
2022-01-31 09:25:00,1975,1975,2020,2020,0
2022-01-31 09:26:00,1975,1975,2020,2020,0
2022-01-31 09:27:00,1975,1975,2020,2020,0
2022-01-31 09:28:00,1975,1975,2020,2020,0
2022-01-31 09:29:00,1975,1975,2020,2020,0
2022-01-31 09:30:00,1975,1975,2020,2020,0
2022-01-31 09:31:00,1975,1975,2020,2020,0
2022-01-31 09:32:00,1975,1975,2020,2020,0
2022-01-31 09:33:00,1975,1975,2020,2020,0
2022-01-31 09:34:00,1975,1975,2020,2020,0
2022-01-31 09:35:00,1975,1975,2020,2020,0
2022-01-31 09:36:00,1975,1975,2020,2020,0
2022-01-31 09:37:00,1975,1975,2020,2020,0
2022-01-31 09:38:00,1975,1975,2020,2020,0
2022-01-31 09:39:00,1975,1975,2020,2020,0
2022-01-31 09:40:00,1975,1975,2020,2020,0
2022-01-31 09:41:00,1975,1975,2020,2020,0
2022-01-31 09:42:00,1975,1975,2020,2020,0
2022-01-31 09:43:00,1975,1975,2020,2020,0
2022-01-31 09:44:00,1975,1975,2020,2020,0
2022-01-31 09:45:00,1975,1975,2020,2020,0
2022-01-31 09:46:00,1975,1975,2020,2020,0
2022-01-31 09:47:00,1975,1975,2020,2020,0
2022-01-31 09:48:00,1975,1975,2020,2020,0
2022-01-31 09:49:00,1975,1975,2020,2020,0
2022-01-31 09:50:00,1975,1975,2020,2020,0
2022-01-31 09:51:00,1975,1975,2020,2020,0
2022-01-31 09:52:00,1975,1975,2020,2020,0
2022-01-31 09:53:00,1975,1975,2020,2020,0
2022-01-31 09:54:00,1975,1975,2020,2020,0
2022-01-31 09:55:00,1975,1975,2020,2020,0
2022-01-31 09:56:00,1975,1975,2020,2020,0
2022-01-31 09:57:00,1975,1975,2020,2020,0
2022-01-31 09:58:00,1975,1975,2020,2020,0
2022-01-31 09:59:00,1975,1975,2020,2020,0
2022-01-31 10:00:00,1975,1975,2020,2020,0
2022-01-31 10:01:00,1975,1975,2020,2020,0
2022-01-31 10:02:00,1975,1975,2020,2020,0
2022-01-31 10:03:00,1975,1975,2020,2020,0
2022-01-31 10:04:00,1975,1975,2020,2020,0
2022-01-31 10:05:00,1975,1975,2020,2020,0
2022-01-31 10:06:00,1975,1975,2020,2020,0
2022-01-31 10:07:00,1975,1975,2020,2020,0
2022-01-31 10:08:00,1975,1975,2020,2020,0
2022-01-31 10:09:00,1975,1975,2020,2020,0
2022-01-31 10:10:00,1975,1975,2020,2020,0
2022-01-31 10:11:00,1975,1975,2020,2020,0
2022-01-31 10:12:00,1975,1975,2020,2020,0
2022-01-31 10:13:00,1975,1975,2020,2020,0
2022-01-31 10:14:00,1975,1975,2020,2020,0
2022-01-31 10:15:00,1975,1975,2020,2020,0
2022-01-31 10:16:00,1975,1975,2020,2020,0
2022-01-31 10:17:00,1975,1975,2020,2020,0
2022-01-31 10:18:00,1975,1975,2020,2020,0
2022-01-31 10:19:00,1975,1975,2020,2020,0
2022-01-31 10:20:00,1975,1975,2020,2020,0
2022-01-31 10:21:00,1975,1975,2020,2020,0
2022-01-31 10:22:00,1975,1975,2020,2020,0
2022-01-31 10:23:00,1975,1975,2020,2020,0
2022-01-31 10:24:00,1975,1975,2020,2020,0
2022-01-31 10:25:00,1975,1975,2020,2020,0
2022-01-31 10:26:00,1975,1975,2020,2020,0
2022-01-31 10:27:00,1975,1975,2020,2020,0
2022-01-31 10:28:00,1975,1975,2020,2020,0
2022-01-31 10:29:00,1975,1975,2020,2020,0
2022-01-31 10:30:00,1975,1975,2020,2020,0
2022-01-31 10:31:00,1975,1975,2020,2020,0
2022-01-31 10:32:00,1975,1975,2020,2020,0
2022-01-31 10:33:00,1975,1975,2020,2020,0
2022-01-31 10:34:00,1975,1975,2020,2020,0
2022-01-31 10:35:00,1975,1975,2020,2020,0
2022-01-31 10:36:00,1975,1975,2020,2020,0
2022-01-31 10:37:00,1975,1975,2020,2020,0
2022-01-31 10:38:00,1975,1975,2020,2020,0
2022-01-31 10:39:00,1975,1975,2020,2020,0
2022-01-31 10:40:00,1975,1975,2020,2020,0
2022-01-31 10:41:00,1975,1975,2020,2020,0
2022-01-31 10:42:00,1975,1975,2020,2020,0
2022-01-31 10:43:00,1975,1975,2020,2020,0
2022-01-31 10:44:00,1975,1975,2020,2020,0
2022-01-31 10:45:00,1975,1975,2020,2020,0
2022-01-31 10:46:00,1975,1975,2020,2020,0
2022-01-31 10:47:00,1975,1975,2020,2020,0
2022-01-31 10:48:00,1975,1975,2020,2020,0
2022-01-31 10:49:00,1975,1975,2020,2020,0
2022-01-31 10:50:00,1975,1975,2020,2020,0
2022-01-31 10:51:00,1975,1975,2020,2020,0
2022-01-31 10:52:00,1975,1975,2020,2020,0
2022-01-31 10:53:00,1975,1975,2020,2020,0
2022-01-31 10:54:00,1975,1975,2020,2020,0
2022-01-31 10:55:00,1975,1975,2020,2020,0
2022-01-31 10:56:00,1975,1975,2020,2020,0
2022-01-31 10:57:00,1975,1975,2020,2020,0
2022-01-31 10:58:00,1975,1975,2020,2020,0
2022-01-31 10:59:00,1975,1975,2020,2020,0
2022-01-31 11:00:00,1975,1975,2020,2020,0
2022-01-31 11:01:00,1975,1975,2020,2020,0
2022-01-31 11:02:00,1975,1975,2020,2020,0
2022-01-31 11:03:00,1975,1975,2020,2020,0
2022-01-31 11:04:00,1975,1975,2020,2020,0
2022-01-31 11:05:00,1975,1975,2020,2020,0
2022-01-31 11:06:00,1975,1975,2020,2020,0
2022-01-31 11:07:00,1975,1975,2020,2020,0
2022-01-31 11:08:00,1975,1975,2020,2020,0
2022-01-31 11:09:00,1975,1975,2020,2020,0
2022-01-31 11:10:00,1975,1975,2020,2020,0
2022-01-31 11:11:00,1975,1975,2020,2020,0
2022-01-31 11:12:00,1975,1975,2020,2020,0
2022-01-31 11:13:00,1975,1975,2020,2020,0
2022-01-31 11:14:00,1975,1975,2020,2020,0
2022-01-31 11:15:00,1975,1975,2020,2020,0
2022-01-31 11:16:00,1975,1975,2020,2020,0
2022-01-31 11:17:00,1975,1975,2020,2020,0
2022-01-31 11:18:00,1975,1975,2020,2020,0
2022-01-31 11:19:00,1975,1975,2020,2020,0
2022-01-31 11:20:00,1975,1975,2020,2020,0
2022-01-31 11:21:00,1975,1975,2020,2020,0
2022-01-31 11:22:00,1975,1975,2020,2020,0
2022-01-31 11:23:00,1975,1975,2020,2020,0
2022-01-31 11:24:00,1975,1975,2020,2020,0
2022-01-31 11:25:00,1975,1975,2020,2020,0
2022-01-31 11:26:00,1975,1975,2020,2020,0
2022-01-31 11:27:00,1975,1975,2020,2020,0
2022-01-31 11:28:00,1975,1975,2020,2020,0
2022-01-31 11:29:00,1975,1975,2020,2020,0
2022-01-31 11:30:00,1975,1975,2020,2020,0
2022-01-31 11:31:00,1975,1975,2020,2020,0
2022-01-31 11:32:00,1975,1975,2020,2020,0
2022-01-31 11:33:00,1975,1975,2020,2020,0
2022-01-31 11:34:00,1975,1975,2020,2020,0
2022-01-31 11:35:00,1975,1975,2020,2020,0
2022-01-31 11:36:00,1975,1975,2020,2020,0
2022-01-31 11:37:00,1975,1975,2020,2020,0
2022-01-31 11:38:00,1975,1975,2020,2020,0
2022-01-31 11:39:00,1975,1975,2020,2020,0
2022-01-31 11:40:00,1975,1975,2020,2020,0
2022-01-31 11:41:00,1975,1975,2020,2020,0
2022-01-31 11:42:00,1975,1975,2020,2020,0
2022-01-31 11:43:00,1975,1975,2020,2020,0
2022-01-31 11:44:00,1975,1975,2020,2020,0
2022-01-31 11:45:00,1975,1975,2020,2020,0
2022-01-31 11:46:00,1975,1975,2020,2020,0
2022-01-31 11:47:00,1975,1975,2020,2020,0
2022-01-31 11:48:00,1975,1975,2020,2020,0
2022-01-31 11:49:00,1975,1975,2020,2020,0
2022-01-31 11:50:00,1975,1975,2020,2020,0
2022-01-31 11:51:00,1975,1975,2020,2020,0
2022-01-31 11:52:00,1975,1975,2020,2020,0
2022-01-31 11:53:00,1975,1975,2020,2020,0
2022-01-31 11:54:00,1975,1975,2020,2020,0
2022-01-31 11:55:00,1975,1975,2020,2020,0
2022-01-31 11:56:00,1975,1975,2020,2020,0
2022-01-31 11:57:00,1975,1975,2020,2020,0
2022-01-31 11:58:00,1975,1975,2020,2020,0
2022-01-31 11:59:00,1975,1975,2020,2020,0
2022-01-31 12:00:00,1975,1975,2020,2020,0
2022-01-31 12:01:00,1975,1975,2020,2020,0
2022-01-31 12:02:00,1975,1975,2020,2020,0
2022-01-31 12:03:00,1975,1975,2020,2020,0
2022-01-31 12:04:00,1975,1975,2020,2020,0
2022-01-31 12:05:00,1975,1975,2020,2020,0
2022-01-31 12:06:00,1975,1975,2020,2020,0
2022-01-31 12:07:00,1975,1975,2020,2020,0
2022-01-31 12:08:00,1975,1975,2020,2020,0
2022-01-31 12:09:00,1975,1975,2020,2020,0
2022-01-31 12:10:00,1975,1975,2020,2020,0
2022-01-31 12:11:00,1975,1975,2020,2020,0
2022-01-31 12:12:00,1975,1975,2020,2020,0
2022-01-31 12:13:00,1975,1975,2020,2020,0
2022-01-31 12:14:00,1975,1975,2020,2020,0
2022-01-31 12:15:00,1975,1975,2020,2020,0
2022-01-31 12:16:00,1975,1975,2020,2020,0
2022-01-31 12:17:00,1975,1975,2020,2020,0
2022-01-31 12:18:00,1975,1975,2020,2020,0
2022-01-31 12:19:00,1975,1975,2020,2020,0
2022-01-31 12:20:00,1975,1975,2020,2020,0
2022-01-31 12:21:00,1975,1975,2020,2020,0
2022-01-31 12:22:00,1975,1975,2020,2020,0
2022-01-31 12:23:00,1975,1975,2020,2020,0
2022-01-31 12:24:00,1975,1975,2020,2020,0
2022-01-31 12:25:00,1975,1975,2020,2020,0
2022-01-31 12:26:00,1975,1975,2020,2020,0
2022-01-31 12:27:00,1975,1975,2020,2020,0
2022-01-31 12:28:00,1975,1975,2020,2020,0
2022-01-31 12:29:00,1975,1975,2020,2020,0
2022-01-31 12:30:00,1975,1975,2020,2020,0
2022-01-31 12:31:00,1975,1975,2020,2020,0
2022-01-31 12:32:00,1975,1975,2020,2020,0
2022-01-31 12:33:00,1975,1975,2020,2020,0
2022-01-31 12:34:00,1975,1975,2020,2020,0
2022-01-31 12:35:00,1975,1975,2020,2020,0
2022-01-31 12:36:00,1975,1975,2020,2020,0
2022-01-31 12:37:00,1975,1975,2020,2020,0
2022-01-31 12:38:00,1975,1975,2020,2020,0
2022-01-31 12:39:00,1975,1975,2020,2020,0
2022-01-31 12:40:00,1975,1975,2020,2020,0
2022-01-31 12:41:00,1975,1975,2020,2020,0
2022-01-31 12:42:00,1975,1975,2020,2020,0
2022-01-31 12:43:00,1975,1975,2020,2020,0
2022-01-31 12:44:00,1975,1975,2020,2020,0
2022-01-31 12:45:00,1975,1975,2020,2020,0
2022-01-31 12:46:00,1975,1975,2020,2020,0
2022-01-31 12:47:00,1975,1975,2020,2020,0
2022-01-31 12:48:00,1975,1975,2020,2020,0
2022-01-31 12:49:00,1975,1975,2020,2020,0
2022-01-31 12:50:00,1975,1975,2020,2020,0
2022-01-31 12:51:00,1975,1975,2020,2020,0
2022-01-31 12:52:00,1975,1975,2020,2020,0
2022-01-31 12:53:00,1975,1975,2020,2020,0
2022-01-31 12:54:00,1975,1975,2020,2020,0
2022-01-31 12:55:00,1975,1975,2020,2020,0
2022-01-31 12:56:00,1975,1975,2020,2020,0
2022-01-31 12:57:00,1975,1975,2020,2020,0
2022-01-31 12:58:00,1975,1975,2020,2020,0
2022-01-31 12:59:00,1975,1975,2020,2020,0
2022-01-31 13:00:00,1975,1975,2020,2020,0
2022-01-31 13:01:00,1975,1975,2020,2020,0
2022-01-31 13:02:00,1975,1975,2020,2020,0
2022-01-31 13:03:00,1975,1975,2020,2020,0
2022-01-31 13:04:00,1975,1975,2020,2020,0
2022-01-31 13:05:00,1975,1975,2020,2020,0
2022-01-31 13:06:00,1975,1975,2020,2020,0
2022-01-31 13:07:00,1975,1975,2020,2020,0
2022-01-31 13:08:00,1975,1975,2020,2020,0
2022-01-31 13:09:00,1975,1975,2020,2020,0
2022-01-31 13:10:00,1975,1975,2020,2020,0
2022-01-31 13:11:00,1975,1975,2020,2020,0
2022-01-31 13:12:00,1975,1975,2020,2020,0
2022-01-31 13:13:00,1975,1975,2020,2020,0
2022-01-31 13:14:00,1975,1975,2020,2020,0
2022-01-31 13:15:00,1975,1975,2020,2020,0
2022-01-31 13:16:00,1975,1975,2020,2020,0
2022-01-31 13:17:00,1975,1975,2020,2020,0
2022-01-31 13:18:00,1975,1975,2020,2020,0
2022-01-31 13:19:00,1975,1975,2020,2020,0
2022-01-31 13:20:00,1975,1975,2020,2020,0
2022-01-31 13:21:00,1975,1975,2020,2020,0
2022-01-31 13:22:00,1975,1975,2020,2020,0
2022-01-31 13:23:00,1975,1975,2020,2020,0
2022-01-31 13:24:00,1975,1975,2020,2020,0
2022-01-31 13:25:00,1975,1975,2020,2020,0
2022-01-31 13:26:00,1975,1975,2020,2020,0
2022-01-31 13:27:00,1975,1975,2020,2020,0
2022-01-31 13:28:00,1975,1975,2020,2020,0
2022-01-31 13:29:00,1975,1975,2020,2020,0
2022-01-31 13:30:00,1975,1975,2020,2020,0
2022-01-31 13:31:00,1975,1975,2020,2020,0
2022-01-31 13:32:00,1975,1975,2020,2020,0
2022-01-31 13:33:00,1975,1975,2020,2020,0
2022-01-31 13:34:00,1975,1975,2020,2020,0
2022-01-31 13:35:00,1975,1975,2020,2020,0
2022-01-31 13:36:00,1975,1975,2020,2020,0
2022-01-31 13:37:00,1975,1975,2020,2020,0
2022-01-31 13:38:00,1975,1975,2020,2020,0
2022-01-31 13:39:00,1975,1975,2020,2020,0
2022-01-31 13:40:00,1975,1975,2020,2020,0
2022-01-31 13:41:00,1975,1975,2020,2020,0
2022-01-31 13:42:00,1975,1975,2020,2020,0
2022-01-31 13:43:00,1975,1975,2020,2020,0
2022-01-31 13:44:00,1975,1975,2020,2020,0
2022-01-31 13:45:00,1975,1975,2020,2020,0
2022-01-31 13:46:00,1975,1975,2020,2020,0
2022-01-31 13:47:00,1975,1975,2020,2020,0
2022-01-31 13:48:00,1975,1975,2020,2020,0
2022-01-31 13:49:00,1975,1975,2020,2020,0
2022-01-31 13:50:00,1975,1975,2020,2020,0
2022-01-31 13:51:00,1975,1975,2020,2020,0
2022-01-31 13:52:00,1975,1975,2020,2020,0
2022-01-31 13:53:00,1975,1975,2020,2020,0
2022-01-31 13:54:00,1975,1975,2020,2020,0
2022-01-31 13:55:00,1975,1975,2020,2020,0
2022-01-31 13:56:00,1975,1975,2020,2020,0
2022-01-31 13:57:00,1975,1975,2020,2020,0
2022-01-31 13:58:00,1975,1975,2020,2020,0
2022-01-31 13:59:00,1975,1975,2020,2020,0
2022-01-31 14:00:00,1975,1975,2020,2020,0
2022-01-31 14:01:00,1975,1975,2020,2020,0
2022-01-31 14:02:00,1975,1975,2020,2020,0
2022-01-31 14:03:00,1975,1975,2020,2020,0
2022-01-31 14:04:00,1975,1975,2020,2020,0
2022-01-31 14:05:00,1975,1975,2020,2020,0
2022-01-31 14:06:00,1975,1975,2020,2020,0
2022-01-31 14:07:00,1975,1975,2020,2020,0
2022-01-31 14:08:00,1975,1975,2020,2020,0
2022-01-31 14:09:00,1975,1975,2020,2020,0
2022-01-31 14:10:00,1975,1975,2020,2020,0
2022-01-31 14:11:00,1975,1975,2020,2020,0
2022-01-31 14:12:00,1975,1975,2020,2020,0
2022-01-31 14:13:00,1975,1975,2020,2020,0
2022-01-31 14:14:00,1975,1975,2020,2020,0
2022-01-31 14:15:00,1975,1975,2020,2020,0
2022-01-31 14:16:00,1975,1975,2020,2020,0
2022-01-31 14:17:00,1975,1975,2020,2020,0
2022-01-31 14:18:00,1975,1975,2020,2020,0
2022-01-31 14:19:00,1975,1975,2020,2020,0
2022-01-31 14:20:00,1975,1975,2020,2020,0
2022-01-31 14:21:00,1975,1975,2020,2020,0
2022-01-31 14:22:00,1975,1975,2020,2020,0
2022-01-31 14:23:00,1975,1975,2020,2020,0
2022-01-31 14:24:00,1975,1975,2020,2020,0
2022-01-31 14:25:00,1975,1975,2020,2020,0
2022-01-31 14:26:00,1975,1975,2020,2020,0
2022-01-31 14:27:00,1975,1975,2020,2020,0
2022-01-31 14:28:00,1975,1975,2020,2020,0
2022-01-31 14:29:00,1975,1975,2020,2020,0
2022-01-31 14:30:00,1975,1975,2020,2020,0
2022-01-31 14:31:00,1975,1975,2020,2020,0
2022-01-31 14:32:00,1975,1975,2020,2020,0
2022-01-31 14:33:00,1975,1975,2020,2020,0
2022-01-31 14:34:00,1975,1975,2020,2020,0
2022-01-31 14:35:00,1975,1975,2020,2020,0
2022-01-31 14:36:00,1975,1975,2020,2020,0
2022-01-31 14:37:00,1975,1975,2020,2020,0
2022-01-31 14:38:00,1975,1975,2020,2020,0
2022-01-31 14:39:00,1975,1975,2020,2020,0
2022-01-31 14:40:00,1975,1975,2020,2020,0
2022-01-31 14:41:00,1975,1975,2020,2020,0
2022-01-31 14:42:00,1975,1975,2020,2020,0
2022-01-31 14:43:00,1975,1975,2020,2020,0
2022-01-31 14:44:00,1975,1975,2020,2020,0
2022-01-31 14:45:00,1975,1975,2020,2020,0
2022-01-31 14:46:00,1975,1975,2020,2020,0
2022-01-31 14:47:00,1975,1975,2020,2020,0
2022-01-31 14:48:00,1975,1975,2020,2020,0
2022-01-31 14:49:00,1975,1975,2020,2020,0
2022-01-31 14:50:00,1975,1975,2020,2020,0
2022-01-31 14:51:00,1975,1975,2020,2020,0
2022-01-31 14:52:00,1975,1975,2020,2020,0
2022-01-31 14:53:00,1975,1975,2020,2020,0
2022-01-31 14:54:00,1975,1975,2020,2020,0
2022-01-31 14:55:00,1975,1975,2020,2020,0
2022-01-31 14:56:00,1975,1975,2020,2020,0
2022-01-31 14:57:00,1975,1975,2020,2020,0
2022-01-31 14:58:00,1975,1975,2020,2020,0
2022-01-31 14:59:00,1975,1975,2020,2020,0
2022-01-31 15:00:00,1975,1975,2020,2020,0
2022-01-31 15:01:00,1975,1975,2020,2020,0
2022-01-31 15:02:00,1975,1975,2020,2020,0
2022-01-31 15:03:00,1975,1975,2020,2020,0
2022-01-31 15:04:00,1975,1975,2020,2020,0
2022-01-31 15:05:00,1975,1975,2020,2020,0
2022-01-31 15:06:00,1975,1975,2020,2020,0
2022-01-31 15:07:00,1975,1975,2020,2020,0
2022-01-31 15:08:00,1975,1975,2020,2020,0
2022-01-31 15:09:00,1975,1975,2020,2020,0
2022-01-31 15:10:00,1975,1975,2020,2020,0
2022-01-31 15:11:00,1975,1975,2020,2020,0
2022-01-31 15:12:00,1975,1975,2020,2020,0
2022-01-31 15:13:00,1975,1975,2020,2020,0
2022-01-31 15:14:00,1975,1975,2020,2020,0
2022-01-31 15:15:00,1975,1975,2020,2020,0
2022-01-31 15:16:00,1975,1975,2020,2020,0
2022-01-31 15:17:00,1975,1975,2020,2020,0
2022-01-31 15:18:00,1975,1975,2020,2020,0
2022-01-31 15:19:00,1975,1975,2020,2020,0
2022-01-31 15:20:00,1975,1975,2020,2020,0
2022-01-31 15:21:00,1975,1975,2020,2020,0
2022-01-31 15:22:00,1975,1975,2020,2020,0
2022-01-31 15:23:00,1975,1975,2020,2020,0
2022-01-31 15:24:00,1975,1975,2020,2020,0
2022-01-31 15:25:00,1975,1975,2020,2020,0
2022-01-31 15:26:00,1975,1975,2020,2020,0
2022-01-31 15:27:00,1975,1975,2020,2020,0
2022-01-31 15:28:00,1975,1975,2020,2020,0
2022-01-31 15:29:00,1975,1975,2020,2020,0
2022-01-31 15:30:00,1975,1975,2020,2020,0
2022-01-31 15:31:00,1975,1975,2020,2020,0
2022-01-31 15:32:00,1975,1975,2020,2020,0
2022-01-31 15:33:00,1975,1975,2020,2020,0
2022-01-31 15:34:00,1975,1975,2020,2020,0
2022-01-31 15:35:00,1975,1975,2020,2020,0
2022-01-31 15:36:00,1975,1975,2020,2020,0
2022-01-31 15:37:00,1975,1975,2020,2020,0
2022-01-31 15:38:00,1975,1975,2020,2020,0
2022-01-31 15:39:00,1975,1975,2020,2020,0
2022-01-31 15:40:00,1975,1975,2020,2020,0
2022-01-31 15:41:00,1975,1975,2020,2020,0
2022-01-31 15:42:00,1975,1975,2020,2020,0
2022-01-31 15:43:00,1975,1975,2020,2020,0
2022-01-31 15:44:00,1975,1975,2020,2020,0
2022-01-31 15:45:00,1975,1975,2020,2020,0
2022-01-31 15:46:00,1975,1975,2020,2020,0
2022-01-31 15:47:00,1975,1975,2020,2020,0
2022-01-31 15:48:00,1975,1975,2020,2020,0
2022-01-31 15:49:00,1975,1975,2020,2020,0
2022-01-31 15:50:00,1975,1975,2020,2020,0
2022-01-31 15:51:00,1975,1975,2020,2020,0
2022-01-31 15:52:00,1975,1975,2020,2020,0
2022-01-31 15:53:00,1975,1975,2020,2020,0
2022-01-31 15:54:00,1975,1975,2020,2020,0
2022-01-31 15:55:00,1975,1975,2020,2020,0
2022-01-31 15:56:00,1975,1975,2020,2020,0
2022-01-31 15:57:00,1975,1975,2020,2020,0
2022-01-31 15:58:00,1975,1975,2020,2020,0
2022-01-31 15:59:00,1975,1975,2020,2020,0
2022-02-01 09:00:00,1975,1975,2020,2020,0
2022-02-01 09:01:00,1975,1975,2020,2020,0
2022-02-01 09:02:00,1975,1975,2020,2020,0
2022-02-01 09:03:00,1975,1975,2020,2020,0
2022-02-01 09:04:00,1975,1975,2020,2020,0
2022-02-01 09:05:00,1975,1975,2020,2020,0
2022-02-01 09:06:00,1975,1975,2020,2020,0
2022-02-01 09:07:00,1975,1975,2020,2020,0
2022-02-01 09:08:00,1975,1975,2020,2020,0
2022-02-01 09:09:00,1975,1975,2020,2020,0
2022-02-01 09:10:00,1975,1975,2020,2020,0
2022-02-01 09:11:00,1975,1975,2020,2020,0
2022-02-01 09:12:00,1975,1975,2020,2020,0
2022-02-01 09:13:00,1975,1975,2020,2020,0
2022-02-01 09:14:00,1975,1975,2020,2020,0
2022-02-01 09:15:00,1975,1975,2020,2020,0
2022-02-01 09:16:00,1975,1975,2020,2020,0
2022-02-01 09:17:00,1975,1975,2020,2020,0
2022-02-01 09:18:00,1975,1975,2020,2020,0
2022-02-01 09:19:00,1975,1975,2020,2020,0
2022-02-01 09:20:00,1975,1975,2020,2020,0
2022-02-01 09:21:00,1975,1975,2020,2020,0
2022-02-01 09:22:00,1975,1975,2020,2020,0
2022-02-01 09:23:00,1975,1975,2020,2020,0
2022-02-01 09:24:00,1975,1975,2020,2020,0
2022-02-01 09:25:00,1975,1975,2020,2020,0
2022-02-01 09:26:00,1975,1975,2020,2020,0
2022-02-01 09:27:00,1975,1975,2020,2020,0
2022-02-01 09:28:00,1975,1975,2020,2020,0
2022-02-01 09:29:00,1975,1975,2020,2020,0
2022-02-01 09:30:00,1975,1975,2020,2020,0
2022-02-01 09:31:00,1975,1975,2020,2020,0
2022-02-01 09:32:00,1975,1975,2020,2020,0
2022-02-01 09:33:00,1975,1975,2020,2020,0
2022-02-01 09:34:00,1975,1975,2020,2020,0
2022-02-01 09:35:00,1975,1975,2020,2020,0
2022-02-01 09:36:00,1975,1975,2020,2020,0
2022-02-01 09:37:00,1975,1975,2020,2020,0
2022-02-01 09:38:00,1975,1975,2020,2020,0
2022-02-01 09:39:00,1975,1975,2020,2020,0
2022-02-01 09:40:00,1975,1975,2020,2020,0
2022-02-01 09:41:00,1975,1975,2020,2020,0
2022-02-01 09:42:00,1975,1975,2020,2020,0
2022-02-01 09:43:00,1975,1975,2020,2020,0
2022-02-01 09:44:00,1975,1975,2020,2020,0
2022-02-01 09:45:00,1975,1975,2020,2020,0
2022-02-01 09:46:00,1975,1975,2020,2020,0
2022-02-01 09:47:00,1975,1975,2020,2020,0
2022-02-01 09:48:00,1975,1975,2020,2020,0
2022-02-01 09:49:00,1975,1975,2020,2020,0
2022-02-01 09:50:00,1975,1975,2020,2020,0
2022-02-01 09:51:00,1975,1975,2020,2020,0
2022-02-01 09:52:00,1975,1975,2020,2020,0
2022-02-01 09:53:00,1975,1975,2020,2020,0
2022-02-01 09:54:00,1975,1975,2020,2020,0
2022-02-01 09:55:00,1975,1975,2020,2020,0
2022-02-01 09:56:00,1975,1975,2020,2020,0
2022-02-01 09:57:00,1975,1975,2020,2020,0
2022-02-01 09:58:00,1975,1975,2020,2020,0
2022-02-01 09:59:00,1975,1975,2020,2020,0
2022-02-01 10:00:00,1975,1975,2020,2020,0
2022-02-01 10:01:00,1975,1975,2020,2020,0
2022-02-01 10:02:00,1975,1975,2020,2020,0
2022-02-01 10:03:00,1975,1975,2020,2020,0
2022-02-01 10:04:00,1975,1975,2020,2020,0
2022-02-01 10:05:00,1975,1975,2020,2020,0
2022-02-01 10:06:00,1975,1975,2020,2020,0
2022-02-01 10:07:00,1975,1975,2020,2020,0
2022-02-01 10:08:00,1975,1975,2020,2020,0
2022-02-01 10:09:00,1975,1975,2020,2020,0
2022-02-01 10:10:00,1975,1975,2020,2020,0
2022-02-01 10:11:00,1975,1975,2020,2020,0
2022-02-01 10:12:00,1975,1975,2020,2020,0
2022-02-01 10:13:00,1975,1975,2020,2020,0
2022-02-01 10:14:00,1975,1975,2020,2020,0
2022-02-01 10:15:00,1975,1975,2020,2020,0
2022-02-01 10:16:00,1975,1975,2020,2020,0
2022-02-01 10:17:00,1975,1975,2020,2020,0
2022-02-01 10:18:00,1975,1975,2020,2020,0
2022-02-01 10:19:00,1975,1975,2020,2020,0
2022-02-01 10:20:00,1975,1975,2020,2020,0
2022-02-01 10:21:00,1975,1975,2020,2020,0
2022-02-01 10:22:00,1975,1975,2020,2020,0
2022-02-01 10:23:00,1975,1975,2020,2020,0
2022-02-01 10:24:00,1975,1975,2020,2020,0
2022-02-01 10:25:00,1975,1975,2020,2020,0
2022-02-01 10:26:00,1975,1975,2020,2020,0
2022-02-01 10:27:00,1975,1975,2020,2020,0
2022-02-01 10:28:00,1975,1975,2020,2020,0
2022-02-01 10:29:00,1975,1975,2020,2020,0
2022-02-01 10:30:00,1975,1975,2020,2020,0
2022-02-01 10:31:00,1975,1975,2020,2020,0
2022-02-01 10:32:00,1975,1975,2020,2020,0
2022-02-01 10:33:00,1975,1975,2020,2020,0
2022-02-01 10:34:00,1975,1975,2020,2020,0
2022-02-01 10:35:00,1975,1975,2020,2020,0
2022-02-01 10:36:00,1975,1975,2020,2020,0
2022-02-01 10:37:00,1975,1975,2020,2020,0
2022-02-01 10:38:00,1975,1975,2020,2020,0
2022-02-01 10:39:00,1975,1975,2020,2020,0
2022-02-01 10:40:00,1975,1975,2020,2020,0
2022-02-01 10:41:00,1975,1975,2020,2020,0
2022-02-01 10:42:00,1975,1975,2020,2020,0
2022-02-01 10:43:00,1975,1975,2020,2020,0
2022-02-01 10:44:00,1975,1975,2020,2020,0
2022-02-01 10:45:00,1975,1975,2020,2020,0
2022-02-01 10:46:00,1975,1975,2020,2020,0
2022-02-01 10:47:00,1975,1975,2020,2020,0
2022-02-01 10:48:00,1975,1975,2020,2020,0
2022-02-01 10:49:00,1975,1975,2020,2020,0
2022-02-01 10:50:00,1975,1975,2020,2020,0
2022-02-01 10:51:00,1975,1975,2020,2020,0
2022-02-01 10:52:00,1975,1975,2020,2020,0
2022-02-01 10:53:00,1975,1975,2020,2020,0
2022-02-01 10:54:00,1975,1975,2020,2020,0
2022-02-01 10:55:00,1975,1975,2020,2020,0
2022-02-01 10:56:00,1975,1975,2020,2020,0
2022-02-01 10:57:00,1975,1975,2020,2020,0
2022-02-01 10:58:00,1975,1975,2020,2020,0
2022-02-01 10:59:00,1975,1975,2020,2020,0
2022-02-01 11:00:00,1975,1975,2020,2020,0
2022-02-01 11:01:00,1975,1975,2020,2020,0
2022-02-01 11:02:00,1975,1975,2020,2020,0
2022-02-01 11:03:00,1975,1975,2020,2020,0
2022-02-01 11:04:00,1975,1975,2020,2020,0
2022-02-01 11:05:00,1975,1975,2020,2020,0
2022-02-01 11:06:00,1975,1975,2020,2020,0
2022-02-01 11:07:00,1975,1975,2020,2020,0
2022-02-01 11:08:00,1975,1975,2020,2020,0
2022-02-01 11:09:00,1975,1975,2020,2020,0
2022-02-01 11:10:00,1975,1975,2020,2020,0
2022-02-01 11:11:00,1975,1975,2020,2020,0
2022-02-01 11:12:00,1975,1975,2020,2020,0
2022-02-01 11:13:00,1975,1975,2020,2020,0
2022-02-01 11:14:00,1975,1975,2020,2020,0
2022-02-01 11:15:00,1975,1975,2020,2020,0
2022-02-01 11:16:00,1975,1975,2020,2020,0
2022-02-01 11:17:00,1975,1975,2020,2020,0
2022-02-01 11:18:00,1975,1975,2020,2020,0
2022-02-01 11:19:00,1975,1975,2020,2020,0
2022-02-01 11:20:00,1975,1975,2020,2020,0
2022-02-01 11:21:00,1975,1975,2020,2020,0
2022-02-01 11:22:00,1975,1975,2020,2020,0
2022-02-01 11:23:00,1975,1975,2020,2020,0
2022-02-01 11:24:00,1975,1975,2020,2020,0
2022-02-01 11:25:00,1975,1975,2020,2020,0
2022-02-01 11:26:00,1975,1975,2020,2020,0
2022-02-01 11:27:00,1975,1975,2020,2020,0
2022-02-01 11:28:00,1975,1975,2020,2020,0
2022-02-01 11:29:00,1975,1975,2020,2020,0
2022-02-01 11:30:00,1975,1975,2020,2020,0
2022-02-01 11:31:00,1975,1975,2020,2020,0
2022-02-01 11:32:00,1975,1975,2020,2020,0
2022-02-01 11:33:00,1975,1975,2020,2020,0
2022-02-01 11:34:00,1975,1975,2020,2020,0
2022-02-01 11:35:00,1975,1975,2020,2020,0
2022-02-01 11:36:00,1975,1975,2020,2020,0
2022-02-01 11:37:00,1975,1975,2020,2020,0
2022-02-01 11:38:00,1975,1975,2020,2020,0
2022-02-01 11:39:00,1975,1975,2020,2020,0
2022-02-01 11:40:00,1975,1975,2020,2020,0
2022-02-01 11:41:00,1975,1975,2020,2020,0
2022-02-01 11:42:00,1975,1975,2020,2020,0
2022-02-01 11:43:00,1975,1975,2020,2020,0
2022-02-01 11:44:00,1975,1975,2020,2020,0
2022-02-01 11:45:00,1975,1975,2020,2020,0
2022-02-01 11:46:00,1975,1975,2020,2020,0
2022-02-01 11:47:00,1975,1975,2020,2020,0
2022-02-01 11:48:00,1975,1975,2020,2020,0
2022-02-01 11:49:00,1975,1975,2020,2020,0
2022-02-01 11:50:00,1975,1975,2020,2020,0
2022-02-01 11:51:00,1975,1975,2020,2020,0
2022-02-01 11:52:00,1975,1975,2020,2020,0
2022-02-01 11:53:00,1975,1975,2020,2020,0
2022-02-01 11:54:00,1975,1975,2020,2020,0
2022-02-01 11:55:00,1975,1975,2020,2020,0
2022-02-01 11:56:00,1975,1975,2020,2020,0
2022-02-01 11:57:00,1975,1975,2020,2020,0
2022-02-01 11:58:00,1975,1975,2020,2020,0
2022-02-01 11:59:00,1975,1975,2020,2020,0
2022-02-01 12:00:00,1975,1975,2020,2020,0
2022-02-01 12:01:00,1975,1975,2020,2020,0
2022-02-01 12:02:00,1975,1975,2020,2020,0
2022-02-01 12:03:00,1975,1975,2020,2020,0
2022-02-01 12:04:00,1975,1975,2020,2020,0
2022-02-01 12:05:00,1975,1975,2020,2020,0
2022-02-01 12:06:00,1975,1975,2020,2020,0
2022-02-01 12:07:00,1975,1975,2020,2020,0
2022-02-01 12:08:00,1975,1975,2020,2020,0
2022-02-01 12:09:00,1975,1975,2020,2020,0
2022-02-01 12:10:00,1975,1975,2020,2020,0
2022-02-01 12:11:00,1975,1975,2020,2020,0
2022-02-01 12:12:00,1975,1975,2020,2020,0
2022-02-01 12:13:00,1975,1975,2020,2020,0
2022-02-01 12:14:00,1975,1975,2020,2020,0
2022-02-01 12:15:00,1975,1975,2020,2020,0
2022-02-01 12:16:00,1975,1975,2020,2020,0
2022-02-01 12:17:00,1975,1975,2020,2020,0
2022-02-01 12:18:00,1975,1975,2020,2020,0
2022-02-01 12:19:00,1975,1975,2020,2020,0
2022-02-01 12:20:00,1975,1975,2020,2020,0
2022-02-01 12:21:00,1975,1975,2020,2020,0
2022-02-01 12:22:00,1975,1975,2020,2020,0
2022-02-01 12:23:00,1975,1975,2020,2020,0
2022-02-01 12:24:00,1975,1975,2020,2020,0
2022-02-01 12:25:00,1975,1975,2020,2020,0
2022-02-01 12:26:00,1975,1975,2020,2020,0
2022-02-01 12:27:00,1975,1975,2020,2020,0
2022-02-01 12:28:00,1975,1975,2020,2020,0
2022-02-01 12:29:00,1975,1975,2020,2020,0
2022-02-01 12:30:00,1975,1975,2020,2020,0
2022-02-01 12:31:00,1975,1975,2020,2020,0
2022-02-01 12:32:00,1975,1975,2020,2020,0
2022-02-01 12:33:00,1975,1975,2020,2020,0
2022-02-01 12:34:00,1975,1975,2020,2020,0
2022-02-01 12:35:00,1975,1975,2020,2020,0
2022-02-01 12:36:00,1975,1975,2020,2020,0
2022-02-01 12:37:00,1975,1975,2020,2020,0
2022-02-01 12:38:00,1975,1975,2020,2020,0
2022-02-01 12:39:00,1975,1975,2020,2020,0
2022-02-01 12:40:00,1975,1975,2020,2020,0
2022-02-01 12:41:00,1975,1975,2020,2020,0
2022-02-01 12:42:00,1975,1975,2020,2020,0
2022-02-01 12:43:00,1975,1975,2020,2020,0
2022-02-01 12:44:00,1975,1975,2020,2020,0
2022-02-01 12:45:00,1975,1975,2020,2020,0
2022-02-01 12:46:00,1975,1975,2020,2020,0
2022-02-01 12:47:00,1975,1975,2020,2020,0
2022-02-01 12:48:00,1975,1975,2020,2020,0
2022-02-01 12:49:00,1975,1975,2020,2020,0
2022-02-01 12:50:00,1975,1975,2020,2020,0
2022-02-01 12:51:00,1975,1975,2020,2020,0
2022-02-01 12:52:00,1975,1975,2020,2020,0
2022-02-01 12:53:00,1975,1975,2020,2020,0
2022-02-01 12:54:00,1975,1975,2020,2020,0
2022-02-01 12:55:00,1975,1975,2020,2020,0
2022-02-01 12:56:00,1975,1975,2020,2020,0
2022-02-01 12:57:00,1975,1975,2020,2020,0
2022-02-01 12:58:00,1975,1975,2020,2020,0
2022-02-01 12:59:00,1975,1975,2020,2020,0
2022-02-01 13:00:00,1975,1975,2020,2020,0
2022-02-01 13:01:00,1975,1975,2020,2020,0
2022-02-01 13:02:00,1975,1975,2020,2020,0
2022-02-01 13:03:00,1975,1975,2020,2020,0
2022-02-01 13:04:00,1975,1975,2020,2020,0
2022-02-01 13:05:00,1975,1975,2020,2020,0
2022-02-01 13:06:00,1975,1975,2020,2020,0
2022-02-01 13:07:00,1975,1975,2020,2020,0
2022-02-01 13:08:00,1975,1975,2020,2020,0
2022-02-01 13:09:00,1975,1975,2020,2020,0
2022-02-01 13:10:00,1975,1975,2020,2020,0
2022-02-01 13:11:00,1975,1975,2020,2020,0
2022-02-01 13:12:00,1975,1975,2020,2020,0
2022-02-01 13:13:00,1975,1975,2020,2020,0
2022-02-01 13:14:00,1975,1975,2020,2020,0
2022-02-01 13:15:00,1975,1975,2020,2020,0
2022-02-01 13:16:00,1975,1975,2020,2020,0
2022-02-01 13:17:00,1975,1975,2020,2020,0
2022-02-01 13:18:00,1975,1975,2020,2020,0
2022-02-01 13:19:00,1975,1975,2020,2020,0
2022-02-01 13:20:00,1975,1975,2020,2020,0
2022-02-01 13:21:00,1975,1975,2020,2020,0
2022-02-01 13:22:00,1975,1975,2020,2020,0
2022-02-01 13:23:00,1975,1975,2020,2020,0
2022-02-01 13:24:00,1975,1975,2020,2020,0
2022-02-01 13:25:00,1975,1975,2020,2020,0
2022-02-01 13:26:00,1975,1975,2020,2020,0
2022-02-01 13:27:00,1975,1975,2020,2020,0
2022-02-01 13:28:00,1975,1975,2020,2020,0
2022-02-01 13:29:00,1975,1975,2020,2020,0
2022-02-01 13:30:00,1975,1975,2020,2020,0
2022-02-01 13:31:00,1975,1975,2020,2020,0
2022-02-01 13:32:00,1975,1975,2020,2020,0
2022-02-01 13:33:00,1975,1975,2020,2020,0
2022-02-01 13:34:00,1975,1975,2020,2020,0
2022-02-01 13:35:00,1975,1975,2020,2020,0
2022-02-01 13:36:00,1975,1975,2020,2020,0
2022-02-01 13:37:00,1975,1975,2020,2020,0
2022-02-01 13:38:00,1975,1975,2020,2020,0
2022-02-01 13:39:00,1975,1975,2020,2020,0
2022-02-01 13:40:00,1975,1975,2020,2020,0
2022-02-01 13:41:00,1975,1975,2020,2020,0
2022-02-01 13:42:00,1975,1975,2020,2020,0
2022-02-01 13:43:00,1975,1975,2020,2020,0
2022-02-01 13:44:00,1975,1975,2020,2020,0
2022-02-01 13:45:00,1975,1975,2020,2020,0
2022-02-01 13:46:00,1975,1975,2020,2020,0
2022-02-01 13:47:00,1975,1975,2020,2020,0
2022-02-01 13:48:00,1975,1975,2020,2020,0
2022-02-01 13:49:00,1975,1975,2020,2020,0
2022-02-01 13:50:00,1975,1975,2020,2020,0
2022-02-01 13:51:00,1975,1975,2020,2020,0
2022-02-01 13:52:00,1975,1975,2020,2020,0
2022-02-01 13:53:00,1975,1975,2020,2020,0
2022-02-01 13:54:00,1975,1975,2020,2020,0
2022-02-01 13:55:00,1975,1975,2020,2020,0
2022-02-01 13:56:00,1975,1975,2020,2020,0
2022-02-01 13:57:00,1975,1975,2020,2020,0
2022-02-01 13:58:00,1975,1975,2020,2020,0
2022-02-01 13:59:00,1975,1975,2020,2020,0
2022-02-01 14:00:00,1975,1975,2020,2020,0
2022-02-01 14:01:00,1975,1975,2020,2020,0
2022-02-01 14:02:00,1975,1975,2020,2020,0
2022-02-01 14:03:00,1975,1975,2020,2020,0
2022-02-01 14:04:00,1975,1975,2020,2020,0
2022-02-01 14:05:00,1975,1975,2020,2020,0
2022-02-01 14:06:00,1975,1975,2020,2020,0
2022-02-01 14:07:00,1975,1975,2020,2020,0
2022-02-01 14:08:00,1975,1975,2020,2020,0
2022-02-01 14:09:00,1975,1975,2020,2020,0
2022-02-01 14:10:00,1975,1975,2020,2020,0
2022-02-01 14:11:00,1975,1975,2020,2020,0
2022-02-01 14:12:00,1975,1975,2020,2020,0
2022-02-01 14:13:00,1975,1975,2020,2020,0
2022-02-01 14:14:00,1975,1975,2020,2020,0
2022-02-01 14:15:00,1975,1975,2020,2020,0
2022-02-01 14:16:00,1975,1975,2020,2020,0
2022-02-01 14:17:00,1975,1975,2020,2020,0
2022-02-01 14:18:00,1975,1975,2020,2020,0
2022-02-01 14:19:00,1975,1975,2020,2020,0
2022-02-01 14:20:00,1975,1975,2020,2020,0
2022-02-01 14:21:00,1975,1975,2020,2020,0
2022-02-01 14:22:00,1975,1975,2020,2020,0
2022-02-01 14:23:00,1975,1975,2020,2020,0
2022-02-01 14:24:00,1975,1975,2020,2020,0
2022-02-01 14:25:00,1975,1975,2020,2020,0
2022-02-01 14:26:00,1975,1975,2020,2020,0
2022-02-01 14:27:00,1975,1975,2020,2020,0
2022-02-01 14:28:00,1975,1975,2020,2020,0
2022-02-01 14:29:00,1975,1975,2020,2020,0
2022-02-01 14:30:00,1975,1975,2020,2020,0
2022-02-01 14:31:00,1975,1975,2020,2020,0
2022-02-01 14:32:00,1975,1975,2020,2020,0
2022-02-01 14:33:00,1975,1975,2020,2020,0
2022-02-01 14:34:00,1975,1975,2020,2020,0
2022-02-01 14:35:00,1975,1975,2020,2020,0
2022-02-01 14:36:00,1975,1975,2020,2020,0
2022-02-01 14:37:00,1975,1975,2020,2020,0
2022-02-01 14:38:00,1975,1975,2020,2020,0
2022-02-01 14:39:00,1975,1975,2020,2020,0
2022-02-01 14:40:00,1975,1975,2020,2020,0
2022-02-01 14:41:00,1975,1975,2020,2020,0
2022-02-01 14:42:00,1975,1975,2020,2020,0
2022-02-01 14:43:00,1975,1975,2020,2020,0
2022-02-01 14:44:00,1975,1975,2020,2020,0
2022-02-01 14:45:00,1975,1975,2020,2020,0
2022-02-01 14:46:00,1975,1975,2020,2020,0
2022-02-01 14:47:00,1975,1975,2020,2020,0
2022-02-01 14:48:00,1975,1975,2020,2020,0
2022-02-01 14:49:00,1975,1975,2020,2020,0
2022-02-01 14:50:00,1975,1975,2020,2020,0
2022-02-01 14:51:00,1975,1975,2020,2020,0
2022-02-01 14:52:00,1975,1975,2020,2020,0
2022-02-01 14:53:00,1975,1975,2020,2020,0
2022-02-01 14:54:00,1975,1975,2020,2020,0
2022-02-01 14:55:00,1975,1975,2020,2020,0
2022-02-01 14:56:00,1975,1975,2020,2020,0
2022-02-01 14:57:00,1975,1975,2020,2020,0
2022-02-01 14:58:00,1975,1975,2020,2020,0
2022-02-01 14:59:00,1975,1975,2020,2020,0
2022-02-01 15:00:00,1975,1975,2020,2020,0
2022-02-01 15:01:00,1975,1975,2020,2020,0
2022-02-01 15:02:00,1975,1975,2020,2020,0
2022-02-01 15:03:00,1975,1975,2020,2020,0
2022-02-01 15:04:00,1975,1975,2020,2020,0
2022-02-01 15:05:00,1975,1975,2020,2020,0
2022-02-01 15:06:00,1975,1975,2020,2020,0
2022-02-01 15:07:00,1975,1975,2020,2020,0
2022-02-01 15:08:00,1975,1975,2020,2020,0
2022-02-01 15:09:00,1975,1975,2020,2020,0
2022-02-01 15:10:00,1975,1975,2020,2020,0
2022-02-01 15:11:00,1975,1975,2020,2020,0
2022-02-01 15:12:00,1975,1975,2020,2020,0
2022-02-01 15:13:00,1975,1975,2020,2020,0
2022-02-01 15:14:00,1975,1975,2020,2020,0
2022-02-01 15:15:00,1975,1975,2020,2020,0
2022-02-01 15:16:00,1975,1975,2020,2020,0
2022-02-01 15:17:00,1975,1975,2020,2020,0
2022-02-01 15:18:00,1975,1975,2020,2020,0
2022-02-01 15:19:00,1975,1975,2020,2020,0
2022-02-01 15:20:00,1975,1975,2020,2020,0
2022-02-01 15:21:00,1975,1975,2020,2020,0
2022-02-01 15:22:00,1975,1975,2020,2020,0
2022-02-01 15:23:00,1975,1975,2020,2020,0
2022-02-01 15:24:00,1975,1975,2020,2020,0
2022-02-01 15:25:00,1975,1975,2020,2020,0
2022-02-01 15:26:00,1975,1975,2020,2020,0
2022-02-01 15:27:00,1975,1975,2020,2020,0
2022-02-01 15:28:00,1975,1975,2020,2020,0
2022-02-01 15:29:00,1975,1975,2020,2020,0
2022-02-01 15:30:00,1975,1975,2020,2020,0
2022-02-01 15:31:00,1975,1975,2020,2020,0
2022-02-01 15:32:00,1975,1975,2020,2020,0
2022-02-01 15:33:00,1975,1975,2020,2020,0
2022-02-01 15:34:00,1975,1975,2020,2020,0
2022-02-01 15:35:00,1975,1975,2020,2020,0
2022-02-01 15:36:00,1975,1975,2020,2020,0
2022-02-01 15:37:00,1975,1975,2020,2020,0
2022-02-01 15:38:00,1975,1975,2020,2020,0
2022-02-01 15:39:00,1975,1975,2020,2020,0
2022-02-01 15:40:00,1975,1975,2020,2020,0
2022-02-01 15:41:00,1975,1975,2020,2020,0
2022-02-01 15:42:00,1975,1975,2020,2020,0
2022-02-01 15:43:00,1975,1975,2020,2020,0
2022-02-01 15:44:00,1975,1975,2020,2020,0
2022-02-01 15:45:00,1975,1975,2020,2020,0
2022-02-01 15:46:00,1975,1975,2020,2020,0
2022-02-01 15:47:00,1975,1975,2020,2020,0
2022-02-01 15:48:00,1975,1975,2020,2020,0
2022-02-01 15:49:00,1975,1975,2020,2020,0
2022-02-01 15:50:00,1975,1975,2020,2020,0
2022-02-01 15:51:00,1975,1975,2020,2020,0
2022-02-01 15:52:00,1975,1975,2020,2020,0
2022-02-01 15:53:00,1975,1975,2020,2020,0
2022-02-01 15:54:00,1975,1975,2020,2020,0
2022-02-01 15:55:00,1975,1975,2020,2020,0
2022-02-01 15:56:00,1975,1975,2020,2020,0
2022-02-01 15:57:00,1975,1975,2020,2020,0
2022-02-01 15:58:00,1975,1975,2020,2020,0
2022-02-01 15:59:00,1975,1975,2020,2020,0
2022-02-02 09:00:00,1975,1975,2020,2020,0
2022-02-02 09:01:00,1975,1975,2020,2020,0
2022-02-02 09:02:00,1975,1975,2020,2020,0
2022-02-02 09:03:00,1975,1975,2020,2020,0
2022-02-02 09:04:00,1975,1975,2020,2020,0
2022-02-02 09:05:00,1975,1975,2020,2020,0
2022-02-02 09:06:00,1975,1975,2020,2020,0
2022-02-02 09:07:00,1975,1975,2020,2020,0
2022-02-02 09:08:00,1975,1975,2020,2020,0
2022-02-02 09:09:00,1975,1975,2020,2020,0
2022-02-02 09:10:00,1975,1975,2020,2020,0
2022-02-02 09:11:00,1975,1975,2020,2020,0
2022-02-02 09:12:00,1975,1975,2020,2020,0
2022-02-02 09:13:00,1975,1975,2020,2020,0
2022-02-02 09:14:00,1975,1975,2020,2020,0
2022-02-02 09:15:00,1975,1975,2020,2020,0
2022-02-02 09:16:00,1975,1975,2020,2020,0
2022-02-02 09:17:00,1975,1975,2020,2020,0
2022-02-02 09:18:00,1975,1975,2020,2020,0
2022-02-02 09:19:00,1975,1975,2020,2020,0
2022-02-02 09:20:00,1975,1975,2020,2020,0
2022-02-02 09:21:00,1975,1975,2020,2020,0
2022-02-02 09:22:00,1975,1975,2020,2020,0
2022-02-02 09:23:00,1975,1975,2020,2020,0
2022-02-02 09:24:00,1975,1975,2020,2020,0
2022-02-02 09:25:00,1975,1975,2020,2020,0
2022-02-02 09:26:00,1975,1975,2020,2020,0
2022-02-02 09:27:00,1975,1975,2020,2020,0
2022-02-02 09:28:00,1975,1975,2020,2020,0
2022-02-02 09:29:00,1975,1975,2020,2020,0
2022-02-02 09:30:00,1975,1975,2020,2020,0
2022-02-02 09:31:00,1975,1975,2020,2020,0
2022-02-02 09:32:00,1975,1975,2020,2020,0
2022-02-02 09:33:00,1975,1975,2020,2020,0
2022-02-02 09:34:00,1975,1975,2020,2020,0
2022-02-02 09:35:00,1975,1975,2020,2020,0
2022-02-02 09:36:00,1975,1975,2020,2020,0
2022-02-02 09:37:00,1975,1975,2020,2020,0
2022-02-02 09:38:00,1975,1975,2020,2020,0
2022-02-02 09:39:00,1975,1975,2020,2020,0
2022-02-02 09:40:00,1975,1975,2020,2020,0
2022-02-02 09:41:00,1975,1975,2020,2020,0
2022-02-02 09:42:00,1975,1975,2020,2020,0
2022-02-02 09:43:00,1975,1975,2020,2020,0
2022-02-02 09:44:00,1975,1975,2020,2020,0
2022-02-02 09:45:00,1975,1975,2020,2020,0
2022-02-02 09:46:00,1975,1975,2020,2020,0
2022-02-02 09:47:00,1975,1975,2020,2020,0
2022-02-02 09:48:00,1975,1975,2020,2020,0
2022-02-02 09:49:00,1975,1975,2020,2020,0
2022-02-02 09:50:00,1975,1975,2020,2020,0
2022-02-02 09:51:00,1975,1975,2020,2020,0
2022-02-02 09:52:00,1975,1975,2020,2020,0
2022-02-02 09:53:00,1975,1975,2020,2020,0
2022-02-02 09:54:00,1975,1975,2020,2020,0
2022-02-02 09:55:00,1975,1975,2020,2020,0
2022-02-02 09:56:00,1975,1975,2020,2020,0
2022-02-02 09:57:00,1975,1975,2020,2020,0
2022-02-02 09:58:00,1975,1975,2020,2020,0
2022-02-02 09:59:00,1975,1975,2020,2020,0
2022-02-02 10:00:00,1975,1975,2020,2020,0
2022-02-02 10:01:00,1975,1975,2020,2020,0
2022-02-02 10:02:00,1975,1975,2020,2020,0
2022-02-02 10:03:00,1975,1975,2020,2020,0
2022-02-02 10:04:00,1975,1975,2020,2020,0
2022-02-02 10:05:00,1975,1975,2020,2020,0
2022-02-02 10:06:00,1975,1975,2020,2020,0
2022-02-02 10:07:00,1975,1975,2020,2020,0
2022-02-02 10:08:00,1975,1975,2020,2020,0
2022-02-02 10:09:00,1975,1975,2020,2020,0
2022-02-02 10:10:00,1975,1975,2020,2020,0
2022-02-02 10:11:00,1975,1975,2020,2020,0
2022-02-02 10:12:00,1975,1975,2020,2020,0
2022-02-02 10:13:00,1975,1975,2020,2020,0
2022-02-02 10:14:00,1975,1975,2020,2020,0
2022-02-02 10:15:00,1975,1975,2020,2020,0
2022-02-02 10:16:00,1975,1975,2020,2020,0
2022-02-02 10:17:00,1975,1975,2020,2020,0
2022-02-02 10:18:00,1975,1975,2020,2020,0
2022-02-02 10:19:00,1975,1975,2020,2020,0
2022-02-02 10:20:00,1975,1975,2020,2020,0
2022-02-02 10:21:00,1975,1975,2020,2020,0
2022-02-02 10:22:00,1975,1975,2020,2020,0
2022-02-02 10:23:00,1975,1975,2020,2020,0
2022-02-02 10:24:00,1975,1975,2020,2020,0
2022-02-02 10:25:00,1975,1975,2020,2020,0
2022-02-02 10:26:00,1975,1975,2020,2020,0
2022-02-02 10:27:00,1975,1975,2020,2020,0
2022-02-02 10:28:00,1975,1975,2020,2020,0
2022-02-02 10:29:00,1975,1975,2020,2020,0
2022-02-02 10:30:00,1975,1975,2020,2020,0
2022-02-02 10:31:00,1975,1975,2020,2020,0
2022-02-02 10:32:00,1975,1975,2020,2020,0
2022-02-02 10:33:00,1975,1975,2020,2020,0
2022-02-02 10:34:00,1975,1975,2020,2020,0
2022-02-02 10:35:00,1975,1975,2020,2020,0
2022-02-02 10:36:00,1975,1975,2020,2020,0
2022-02-02 10:37:00,1975,1975,2020,2020,0
2022-02-02 10:38:00,1975,1975,2020,2020,0
2022-02-02 10:39:00,1975,1975,2020,2020,0
2022-02-02 10:40:00,1975,1975,2020,2020,0
2022-02-02 10:41:00,1975,1975,2020,2020,0
2022-02-02 10:42:00,1975,1975,2020,2020,0
2022-02-02 10:43:00,1975,1975,2020,2020,0
2022-02-02 10:44:00,1975,1975,2020,2020,0
2022-02-02 10:45:00,1975,1975,2020,2020,0
2022-02-02 10:46:00,1975,1975,2020,2020,0
2022-02-02 10:47:00,1975,1975,2020,2020,0
2022-02-02 10:48:00,1975,1975,2020,2020,0
2022-02-02 10:49:00,1975,1975,2020,2020,0
2022-02-02 10:50:00,1975,1975,2020,2020,0
2022-02-02 10:51:00,1975,1975,2020,2020,0
2022-02-02 10:52:00,1975,1975,2020,2020,0
2022-02-02 10:53:00,1975,1975,2020,2020,0
2022-02-02 10:54:00,1975,1975,2020,2020,0
2022-02-02 10:55:00,1975,1975,2020,2020,0
2022-02-02 10:56:00,1975,1975,2020,2020,0
2022-02-02 10:57:00,1975,1975,2020,2020,0
2022-02-02 10:58:00,1975,1975,2020,2020,0
2022-02-02 10:59:00,1975,1975,2020,2020,0
2022-02-02 11:00:00,1975,1975,2020,2020,0
2022-02-02 11:01:00,1975,1975,2020,2020,0
2022-02-02 11:02:00,1975,1975,2020,2020,0
2022-02-02 11:03:00,1975,1975,2020,2020,0
2022-02-02 11:04:00,1975,1975,2020,2020,0
2022-02-02 11:05:00,1975,1975,2020,2020,0
2022-02-02 11:06:00,1975,1975,2020,2020,0
2022-02-02 11:07:00,1975,1975,2020,2020,0
2022-02-02 11:08:00,1975,1975,2020,2020,0
2022-02-02 11:09:00,1975,1975,2020,2020,0
2022-02-02 11:10:00,1975,1975,2020,2020,0
2022-02-02 11:11:00,1975,1975,2020,2020,0
2022-02-02 11:12:00,1975,1975,2020,2020,0
2022-02-02 11:13:00,1975,1975,2020,2020,0
2022-02-02 11:14:00,1975,1975,2020,2020,0
2022-02-02 11:15:00,1975,1975,2020,2020,0
2022-02-02 11:16:00,1975,1975,2020,2020,0
2022-02-02 11:17:00,1975,1975,2020,2020,0
2022-02-02 11:18:00,1975,1975,2020,2020,0
2022-02-02 11:19:00,1975,1975,2020,2020,0
2022-02-02 11:20:00,1975,1975,2020,2020,0
2022-02-02 11:21:00,1975,1975,2020,2020,0
2022-02-02 11:22:00,1975,1975,2020,2020,0
2022-02-02 11:23:00,1975,1975,2020,2020,0
2022-02-02 11:24:00,1975,1975,2020,2020,0
2022-02-02 11:25:00,1975,1975,2020,2020,0
2022-02-02 11:26:00,1975,1975,2020,2020,0
2022-02-02 11:27:00,1975,1975,2020,2020,0
2022-02-02 11:28:00,1975,1975,2020,2020,0
2022-02-02 11:29:00,1975,1975,2020,2020,0
2022-02-02 11:30:00,1975,1975,2020,2020,0
2022-02-02 11:31:00,1975,1975,2020,2020,0
2022-02-02 11:32:00,1975,1975,2020,2020,0
2022-02-02 11:33:00,1975,1975,2020,2020,0
2022-02-02 11:34:00,1975,1975,2020,2020,0
2022-02-02 11:35:00,1975,1975,2020,2020,0
2022-02-02 11:36:00,1975,1975,2020,2020,0
2022-02-02 11:37:00,1975,1975,2020,2020,0
2022-02-02 11:38:00,1975,1975,2020,2020,0
2022-02-02 11:39:00,1975,1975,2020,2020,0
2022-02-02 11:40:00,1975,1975,2020,2020,0
2022-02-02 11:41:00,1975,1975,2020,2020,0
2022-02-02 11:42:00,1975,1975,2020,2020,0
2022-02-02 11:43:00,1975,1975,2020,2020,0
2022-02-02 11:44:00,1975,1975,2020,2020,0
2022-02-02 11:45:00,1975,1975,2020,2020,0
2022-02-02 11:46:00,1975,1975,2020,2020,0
2022-02-02 11:47:00,1975,1975,2020,2020,0
2022-02-02 11:48:00,1975,1975,2020,2020,0
2022-02-02 11:49:00,1975,1975,2020,2020,0
2022-02-02 11:50:00,1975,1975,2020,2020,0
2022-02-02 11:51:00,1975,1975,2020,2020,0
2022-02-02 11:52:00,1975,1975,2020,2020,0
2022-02-02 11:53:00,1975,1975,2020,2020,0
2022-02-02 11:54:00,1975,1975,2020,2020,0
2022-02-02 11:55:00,1975,1975,2020,2020,0
2022-02-02 11:56:00,1975,1975,2020,2020,0
2022-02-02 11:57:00,1975,1975,2020,2020,0
2022-02-02 11:58:00,1975,1975,2020,2020,0
2022-02-02 11:59:00,1975,1975,2020,2020,0
2022-02-02 12:00:00,1975,1975,2020,2020,0
2022-02-02 12:01:00,1975,1975,2020,2020,0
2022-02-02 12:02:00,1975,1975,2020,2020,0
2022-02-02 12:03:00,1975,1975,2020,2020,0
2022-02-02 12:04:00,1975,1975,2020,2020,0
2022-02-02 12:05:00,1975,1975,2020,2020,0
2022-02-02 12:06:00,1975,1975,2020,2020,0
2022-02-02 12:07:00,1975,1975,2020,2020,0
2022-02-02 12:08:00,1975,1975,2020,2020,0
2022-02-02 12:09:00,1975,1975,2020,2020,0
2022-02-02 12:10:00,1975,1975,2020,2020,0
2022-02-02 12:11:00,1975,1975,2020,2020,0
2022-02-02 12:12:00,1975,1975,2020,2020,0
2022-02-02 12:13:00,1975,1975,2020,2020,0
2022-02-02 12:14:00,1975,1975,2020,2020,0
2022-02-02 12:15:00,1975,1975,2020,2020,0
2022-02-02 12:16:00,1975,1975,2020,2020,0
2022-02-02 12:17:00,1975,1975,2020,2020,0
2022-02-02 12:18:00,1975,1975,2020,2020,0
2022-02-02 12:19:00,1975,1975,2020,2020,0
2022-02-02 12:20:00,1975,1975,2020,2020,0
2022-02-02 12:21:00,1975,1975,2020,2020,0
2022-02-02 12:22:00,1975,1975,2020,2020,0
2022-02-02 12:23:00,1975,1975,2020,2020,0
2022-02-02 12:24:00,1975,1975,2020,2020,0
2022-02-02 12:25:00,1975,1975,2020,2020,0
2022-02-02 12:26:00,1975,1975,2020,2020,0
2022-02-02 12:27:00,1975,1975,2020,2020,0
2022-02-02 12:28:00,1975,1975,2020,2020,0
2022-02-02 12:29:00,1975,1975,2020,2020,0
2022-02-02 12:30:00,1975,1975,2020,2020,0
2022-02-02 12:31:00,1975,1975,2020,2020,0
2022-02-02 12:32:00,1975,1975,2020,2020,0
2022-02-02 12:33:00,1975,1975,2020,2020,0
2022-02-02 12:34:00,1975,1975,2020,2020,0
2022-02-02 12:35:00,1975,1975,2020,2020,0
2022-02-02 12:36:00,1975,1975,2020,2020,0
2022-02-02 12:37:00,1975,1975,2020,2020,0
2022-02-02 12:38:00,1975,1975,2020,2020,0
2022-02-02 12:39:00,1975,1975,2020,2020,0
2022-02-02 12:40:00,1975,1975,2020,2020,0
2022-02-02 12:41:00,1975,1975,2020,2020,0
2022-02-02 12:42:00,1975,1975,2020,2020,0
2022-02-02 12:43:00,1975,1975,2020,2020,0
2022-02-02 12:44:00,1975,1975,2020,2020,0
2022-02-02 12:45:00,1975,1975,2020,2020,0
2022-02-02 12:46:00,1975,1975,2020,2020,0
2022-02-02 12:47:00,1975,1975,2020,2020,0
2022-02-02 12:48:00,1975,1975,2020,2020,0
2022-02-02 12:49:00,1975,1975,2020,2020,0
2022-02-02 12:50:00,1975,1975,2020,2020,0
2022-02-02 12:51:00,1975,1975,2020,2020,0
2022-02-02 12:52:00,1975,1975,2020,2020,0
2022-02-02 12:53:00,1975,1975,2020,2020,0
2022-02-02 12:54:00,1975,1975,2020,2020,0
2022-02-02 12:55:00,1975,1975,2020,2020,0
2022-02-02 12:56:00,1975,1975,2020,2020,0
2022-02-02 12:57:00,1975,1975,2020,2020,0
2022-02-02 12:58:00,1975,1975,2020,2020,0
2022-02-02 12:59:00,1975,1975,2020,2020,0
2022-02-02 13:00:00,1975,1975,2020,2020,0
2022-02-02 13:01:00,1975,1975,2020,2020,0
2022-02-02 13:02:00,1975,1975,2020,2020,0
2022-02-02 13:03:00,1975,1975,2020,2020,0
2022-02-02 13:04:00,1975,1975,2020,2020,0
2022-02-02 13:05:00,1975,1975,2020,2020,0
2022-02-02 13:06:00,1975,1975,2020,2020,0
2022-02-02 13:07:00,1975,1975,2020,2020,0
2022-02-02 13:08:00,1975,1975,2020,2020,0
2022-02-02 13:09:00,1975,1975,2020,2020,0
2022-02-02 13:10:00,1975,1975,2020,2020,0
2022-02-02 13:11:00,1975,1975,2020,2020,0
2022-02-02 13:12:00,1975,1975,2020,2020,0
2022-02-02 13:13:00,1975,1975,2020,2020,0
2022-02-02 13:14:00,1975,1975,2020,2020,0
2022-02-02 13:15:00,1975,1975,2020,2020,0
2022-02-02 13:16:00,1975,1975,2020,2020,0
2022-02-02 13:17:00,1975,1975,2020,2020,0
2022-02-02 13:18:00,1975,1975,2020,2020,0
2022-02-02 13:19:00,1975,1975,2020,2020,0
2022-02-02 13:20:00,1975,1975,2020,2020,0
2022-02-02 13:21:00,1975,1975,2020,2020,0
2022-02-02 13:22:00,1975,1975,2020,2020,0
2022-02-02 13:23:00,1975,1975,2020,2020,0
2022-02-02 13:24:00,1975,1975,2020,2020,0
2022-02-02 13:25:00,1975,1975,2020,2020,0
2022-02-02 13:26:00,1975,1975,2020,2020,0
2022-02-02 13:27:00,1975,1975,2020,2020,0
2022-02-02 13:28:00,1975,1975,2020,2020,0
2022-02-02 13:29:00,1975,1975,2020,2020,0
2022-02-02 13:30:00,1975,1975,2020,2020,0
2022-02-02 13:31:00,1975,1975,2020,2020,0
2022-02-02 13:32:00,1975,1975,2020,2020,0
2022-02-02 13:33:00,1975,1975,2020,2020,0
2022-02-02 13:34:00,1975,1975,2020,2020,0
2022-02-02 13:35:00,1975,1975,2020,2020,0
2022-02-02 13:36:00,1975,1975,2020,2020,0
2022-02-02 13:37:00,1975,1975,2020,2020,0
2022-02-02 13:38:00,1975,1975,2020,2020,0
2022-02-02 13:39:00,1975,1975,2020,2020,0
2022-02-02 13:40:00,1975,1975,2020,2020,0
2022-02-02 13:41:00,1975,1975,2020,2020,0
2022-02-02 13:42:00,1975,1975,2020,2020,0
2022-02-02 13:43:00,1975,1975,2020,2020,0
2022-02-02 13:44:00,1975,1975,2020,2020,0
2022-02-02 13:45:00,1975,1975,2020,2020,0
2022-02-02 13:46:00,1975,1975,2020,2020,0
2022-02-02 13:47:00,1975,1975,2020,2020,0
2022-02-02 13:48:00,1975,1975,2020,2020,0
2022-02-02 13:49:00,1975,1975,2020,2020,0
2022-02-02 13:50:00,1975,1975,2020,2020,0
2022-02-02 13:51:00,1975,1975,2020,2020,0
2022-02-02 13:52:00,1975,1975,2020,2020,0
2022-02-02 13:53:00,1975,1975,2020,2020,0
2022-02-02 13:54:00,1975,1975,2020,2020,0
2022-02-02 13:55:00,1975,1975,2020,2020,0
2022-02-02 13:56:00,1975,1975,2020,2020,0
2022-02-02 13:57:00,1975,1975,2020,2020,0
2022-02-02 13:58:00,1975,1975,2020,2020,0
2022-02-02 13:59:00,1975,1975,2020,2020,0
2022-02-02 14:00:00,1975,1975,2020,2020,0
2022-02-02 14:01:00,1975,1975,2020,2020,0
2022-02-02 14:02:00,1975,1975,2020,2020,0
2022-02-02 14:03:00,1975,1975,2020,2020,0
2022-02-02 14:04:00,1975,1975,2020,2020,0
2022-02-02 14:05:00,1975,1975,2020,2020,0
2022-02-02 14:06:00,1975,1975,2020,2020,0
2022-02-02 14:07:00,1975,1975,2020,2020,0
2022-02-02 14:08:00,1975,1975,2020,2020,0
2022-02-02 14:09:00,1975,1975,2020,2020,0
2022-02-02 14:10:00,1975,1975,2020,2020,0
2022-02-02 14:11:00,1975,1975,2020,2020,0
2022-02-02 14:12:00,1975,1975,2020,2020,0
2022-02-02 14:13:00,1975,1975,2020,2020,0
2022-02-02 14:14:00,1975,1975,2020,2020,0
2022-02-02 14:15:00,1975,1975,2020,2020,0
2022-02-02 14:16:00,1975,1975,2020,2020,0
2022-02-02 14:17:00,1975,1975,2020,2020,0
2022-02-02 14:18:00,1975,1975,2020,2020,0
2022-02-02 14:19:00,1975,1975,2020,2020,0
2022-02-02 14:20:00,1975,1975,2020,2020,0
2022-02-02 14:21:00,1975,1975,2020,2020,0
2022-02-02 14:22:00,1975,1975,2020,2020,0
2022-02-02 14:23:00,1975,1975,2020,2020,0
2022-02-02 14:24:00,1975,1975,2020,2020,0
2022-02-02 14:25:00,1975,1975,2020,2020,0
2022-02-02 14:26:00,1975,1975,2020,2020,0
2022-02-02 14:27:00,1975,1975,2020,2020,0
2022-02-02 14:28:00,1975,1975,2020,2020,0
2022-02-02 14:29:00,1975,1975,2020,2020,0
2022-02-02 14:30:00,1975,1975,2020,2020,0
2022-02-02 14:31:00,1975,1975,2020,2020,0
2022-02-02 14:32:00,1975,1975,2020,2020,0
2022-02-02 14:33:00,1975,1975,2020,2020,0
2022-02-02 14:34:00,1975,1975,2020,2020,0
2022-02-02 14:35:00,1975,1975,2020,2020,0
2022-02-02 14:36:00,1975,1975,2020,2020,0
2022-02-02 14:37:00,1975,1975,2020,2020,0
2022-02-02 14:38:00,1975,1975,2020,2020,0
2022-02-02 14:39:00,1975,1975,2020,2020,0
2022-02-02 14:40:00,1975,1975,2020,2020,0
2022-02-02 14:41:00,1975,1975,2020,2020,0
2022-02-02 14:42:00,1975,1975,2020,2020,0
2022-02-02 14:43:00,1975,1975,2020,2020,0
2022-02-02 14:44:00,1975,1975,2020,2020,0
2022-02-02 14:45:00,1975,1975,2020,2020,0
2022-02-02 14:46:00,1975,1975,2020,2020,0
2022-02-02 14:47:00,1975,1975,2020,2020,0
2022-02-02 14:48:00,1975,1975,2020,2020,0
2022-02-02 14:49:00,1975,1975,2020,2020,0
2022-02-02 14:50:00,1975,1975,2020,2020,0
2022-02-02 14:51:00,1975,1975,2020,2020,0
2022-02-02 14:52:00,1975,1975,2020,2020,0
2022-02-02 14:53:00,1975,1975,2020,2020,0
2022-02-02 14:54:00,1975,1975,2020,2020,0
2022-02-02 14:55:00,1975,1975,2020,2020,0
2022-02-02 14:56:00,1975,1975,2020,2020,0
2022-02-02 14:57:00,1975,1975,2020,2020,0
2022-02-02 14:58:00,1975,1975,2020,2020,0
2022-02-02 14:59:00,1975,1975,2020,2020,0
2022-02-02 15:00:00,1975,1975,2020,2020,0
2022-02-02 15:01:00,1975,1975,2020,2020,0
2022-02-02 15:02:00,1975,1975,2020,2020,0
2022-02-02 15:03:00,1975,1975,2020,2020,0
2022-02-02 15:04:00,1975,1975,2020,2020,0
2022-02-02 15:05:00,1975,1975,2020,2020,0
2022-02-02 15:06:00,1975,1975,2020,2020,0
2022-02-02 15:07:00,1975,1975,2020,2020,0
2022-02-02 15:08:00,1975,1975,2020,2020,0
2022-02-02 15:09:00,1975,1975,2020,2020,0
2022-02-02 15:10:00,1975,1975,2020,2020,0
2022-02-02 15:11:00,1975,1975,2020,2020,0
2022-02-02 15:12:00,1975,1975,2020,2020,0
2022-02-02 15:13:00,1975,1975,2020,2020,0
2022-02-02 15:14:00,1975,1975,2020,2020,0
2022-02-02 15:15:00,1975,1975,2020,2020,0
2022-02-02 15:16:00,1975,1975,2020,2020,0
2022-02-02 15:17:00,1975,1975,2020,2020,0
2022-02-02 15:18:00,1975,1975,2020,2020,0
2022-02-02 15:19:00,1975,1975,2020,2020,0
2022-02-02 15:20:00,1975,1975,2020,2020,0
2022-02-02 15:21:00,1975,1975,2020,2020,0
2022-02-02 15:22:00,1975,1975,2020,2020,0
2022-02-02 15:23:00,1975,1975,2020,2020,0
2022-02-02 15:24:00,1975,1975,2020,2020,0
2022-02-02 15:25:00,1975,1975,2020,2020,0
2022-02-02 15:26:00,1975,1975,2020,2020,0
2022-02-02 15:27:00,1975,1975,2020,2020,0
2022-02-02 15:28:00,1975,1975,2020,2020,0
2022-02-02 15:29:00,1975,1975,2020,2020,0
2022-02-02 15:30:00,1975,1975,2020,2020,0
2022-02-02 15:31:00,1975,1975,2020,2020,0
2022-02-02 15:32:00,1975,1975,2020,2020,0
2022-02-02 15:33:00,1975,1975,2020,2020,0
2022-02-02 15:34:00,1975,1975,2020,2020,0
2022-02-02 15:35:00,1975,1975,2020,2020,0
2022-02-02 15:36:00,1975,1975,2020,2020,0
2022-02-02 15:37:00,1975,1975,2020,2020,0
2022-02-02 15:38:00,1975,1975,2020,2020,0
2022-02-02 15:39:00,1975,1975,2020,2020,0
2022-02-02 15:40:00,1975,1975,2020,2020,0
2022-02-02 15:41:00,1975,1975,2020,2020,0
2022-02-02 15:42:00,1975,1975,2020,2020,0
2022-02-02 15:43:00,1975,1975,2020,2020,0
2022-02-02 15:44:00,1975,1975,2020,2020,0
2022-02-02 15:45:00,1975,1975,2020,2020,0
2022-02-02 15:46:00,1975,1975,2020,2020,0
2022-02-02 15:47:00,1975,1975,2020,2020,0
2022-02-02 15:48:00,1975,1975,2020,2020,0
2022-02-02 15:49:00,1975,1975,2020,2020,0
2022-02-02 15:50:00,1975,1975,2020,2020,0
2022-02-02 15:51:00,1975,1975,2020,2020,0
2022-02-02 15:52:00,1975,1975,2020,2020,0
2022-02-02 15:53:00,1975,1975,2020,2020,0
2022-02-02 15:54:00,1975,1975,2020,2020,0
2022-02-02 15:55:00,1975,1975,2020,2020,0
2022-02-02 15:56:00,1975,1975,2020,2020,0
2022-02-02 15:57:00,1975,1975,2020,2020,0
2022-02-02 15:58:00,1975,1975,2020,2020,0
2022-02-02 15:59:00,1975,1975,2020,2020,0
2022-02-03 09:00:00,1975,1975,2020,2020,0
2022-02-03 09:01:00,1975,1975,2020,2020,0
2022-02-03 09:02:00,1975,1975,2020,2020,0
2022-02-03 09:03:00,1975,1975,2020,2020,0
2022-02-03 09:04:00,1975,1975,2020,2020,0
2022-02-03 09:05:00,1975,1975,2020,2020,0
2022-02-03 09:06:00,1975,1975,2020,2020,0
2022-02-03 09:07:00,1975,1975,2020,2020,0
2022-02-03 09:08:00,1975,1975,2020,2020,0
2022-02-03 09:09:00,1975,1975,2020,2020,0
2022-02-03 09:10:00,2010,2010,2010,2010,0
2022-02-03 09:11:00,2010,2010,2010,2010,0
2022-02-03 09:12:00,2010,2010,2010,2010,0
2022-02-03 09:13:00,2010,2010,2010,2010,0
2022-02-03 09:14:00,2010,2010,2010,2010,0
2022-02-03 09:15:00,2010,2010,2010,2010,0
2022-02-03 09:16:00,2010,2010,2010,2010,0
2022-02-03 09:17:00,2010,2010,2010,2010,0
2022-02-03 09:18:00,2010,2010,2010,2010,0
2022-02-03 09:19:00,2010,2010,2010,2010,0
2022-02-03 09:20:00,2010,2010,2010,2010,0
2022-02-03 09:21:00,2010,2010,2010,2010,0
2022-02-03 09:22:00,2010,2010,2010,2010,0
2022-02-03 09:23:00,2010,2010,2010,2010,0
2022-02-03 09:24:00,2010,2010,2010,2010,0
2022-02-03 09:25:00,2010,2010,2010,2010,0
2022-02-03 09:26:00,2010,2010,2010,2010,0
2022-02-03 09:27:00,2010,2010,2010,2010,0
2022-02-03 09:28:00,2010,2010,2010,2010,0
2022-02-03 09:29:00,2010,2010,2010,2010,0
2022-02-03 09:30:00,2010,2010,2010,2010,0
2022-02-03 09:31:00,2010,2010,2010,2010,0
2022-02-03 09:32:00,2010,2010,2010,2010,0
2022-02-03 09:33:00,2010,2010,2010,2010,0
2022-02-03 09:34:00,2010,2010,2010,2010,0
2022-02-03 09:35:00,2010,2010,2010,2010,0
2022-02-03 09:36:00,2010,2010,2010,2010,0
2022-02-03 09:37:00,2010,2010,2010,2010,0
2022-02-03 09:38:00,2010,2010,2010,2010,0
2022-02-03 09:39:00,2010,2010,2010,2010,0
2022-02-03 09:40:00,2010,2010,2010,2010,0
2022-02-03 09:41:00,2010,2010,2010,2010,0
2022-02-03 09:42:00,2010,2010,2010,2010,0
2022-02-03 09:43:00,2010,2010,2010,2010,0
2022-02-03 09:44:00,2010,2010,2010,2010,0
2022-02-03 09:45:00,2010,2010,2010,2010,0
2022-02-03 09:46:00,2010,2010,2010,2010,0
2022-02-03 09:47:00,2010,2010,2010,2010,0
2022-02-03 09:48:00,2010,2010,2010,2010,0
2022-02-03 09:49:00,2010,2010,2010,2010,0
2022-02-03 09:50:00,2010,2010,2010,2010,0
2022-02-03 09:51:00,2010,2010,2010,2010,0
2022-02-03 09:52:00,2010,2010,2010,2010,0
2022-02-03 09:53:00,2010,2010,2010,2010,0
2022-02-03 09:54:00,2010,2010,2010,2010,0
2022-02-03 09:55:00,1905,1905,1905,1905,100
2022-02-03 09:56:00,1905,1905,1905,1905,0
2022-02-03 09:57:00,1905,1905,1905,1905,0
2022-02-03 09:58:00,1905,1905,1905,1905,0
2022-02-03 09:59:00,1905,1905,1905,1905,0
2022-02-03 10:00:00,1905,1905,1905,1905,0
2022-02-03 10:01:00,1855,1855,1855,1855,100
2022-02-03 10:02:00,1855,1855,1855,1855,0
2022-02-03 10:03:00,1855,1855,1855,1855,0
2022-02-03 10:04:00,1855,1855,1855,1855,0
2022-02-03 10:05:00,1855,1855,1855,1855,0
2022-02-03 10:06:00,1855,1855,1855,1855,0
2022-02-03 10:07:00,1855,1855,1855,1855,0
2022-02-03 10:08:00,1855,1855,1855,1855,0
2022-02-03 10:09:00,1855,1855,1855,1855,0
2022-02-03 10:10:00,1855,1855,1855,1855,0
2022-02-03 10:11:00,1855,1855,1855,1855,0
2022-02-03 10:12:00,1855,1855,1855,1855,0
2022-02-03 10:13:00,1855,1855,1855,1855,0
2022-02-03 10:14:00,1855,1855,1855,1855,0
2022-02-03 10:15:00,1855,1855,1855,1855,0
2022-02-03 10:16:00,1855,1855,1855,1855,0
2022-02-03 10:17:00,1855,1855,1855,1855,0
2022-02-03 10:18:00,1855,1855,1855,1855,0
2022-02-03 10:19:00,1855,1855,1855,1855,0
2022-02-03 10:20:00,1855,1855,1855,1855,0
2022-02-03 10:21:00,1855,1855,1855,1855,0
2022-02-03 10:22:00,1855,1855,1855,1855,100
2022-02-03 10:23:00,1855,1855,1855,1855,0
2022-02-03 10:24:00,1855,1855,1855,1855,0
2022-02-03 10:25:00,1855,1855,1855,1855,0
2022-02-03 10:26:00,1855,1855,1855,1855,0
2022-02-03 10:27:00,1855,1855,1855,1855,0
2022-02-03 10:28:00,1855,1855,1855,1855,0
2022-02-03 10:29:00,1855,1855,1855,1855,0
2022-02-03 10:30:00,1855,1855,1855,1855,0
2022-02-03 10:31:00,1855,1855,1855,1855,0
2022-02-03 10:32:00,1855,1855,1855,1855,100
2022-02-03 10:33:00,1855,1855,1855,1855,0
2022-02-03 10:34:00,1855,1855,1855,1855,0
2022-02-03 10:35:00,1855,1855,1855,1855,0
2022-02-03 10:36:00,1855,1855,1855,1855,0
2022-02-03 10:37:00,1855,1855,1855,1855,0
2022-02-03 10:38:00,1855,1855,1855,1855,0
2022-02-03 10:39:00,1855,1855,1855,1855,0
2022-02-03 10:40:00,1855,1855,1855,1855,0
2022-02-03 10:41:00,1855,1855,1855,1855,0
2022-02-03 10:42:00,1855,1855,1855,1855,0
2022-02-03 10:43:00,1855,1855,1855,1855,0
2022-02-03 10:44:00,1855,1855,1855,1855,0
2022-02-03 10:45:00,1855,1855,1855,1855,0
2022-02-03 10:46:00,1855,1855,1855,1855,0
2022-02-03 10:47:00,1855,1855,1855,1855,0
2022-02-03 10:48:00,1855,1855,1855,1855,0
2022-02-03 10:49:00,1855,1855,1855,1855,0
2022-02-03 10:50:00,1855,1855,1855,1855,0
2022-02-03 10:51:00,1855,1855,1855,1855,0
2022-02-03 10:52:00,1855,1855,1855,1855,0
2022-02-03 10:53:00,1855,1855,1855,1855,0
2022-02-03 10:54:00,1855,1855,1855,1855,0
2022-02-03 10:55:00,1855,1855,1855,1855,0
2022-02-03 10:56:00,1855,1855,1855,1855,0
2022-02-03 10:57:00,1855,1855,1855,1855,0
2022-02-03 10:58:00,1855,1855,1855,1855,0
2022-02-03 10:59:00,1855,1855,1855,1855,0
2022-02-03 11:00:00,1855,1855,1855,1855,0
2022-02-03 11:01:00,1855,1855,1855,1855,0
2022-02-03 11:02:00,1855,1855,1855,1855,0
2022-02-03 11:03:00,1855,1855,1855,1855,0
2022-02-03 11:04:00,1855,1855,1855,1855,0
2022-02-03 11:05:00,1855,1855,1855,1855,0
2022-02-03 11:06:00,1855,1855,1855,1855,0
2022-02-03 11:07:00,1855,1855,1855,1855,0
2022-02-03 11:08:00,1855,1855,1855,1855,0
2022-02-03 11:09:00,1855,1855,1855,1855,0
2022-02-03 11:10:00,1855,1855,1855,1855,0
2022-02-03 11:11:00,1855,1855,1855,1855,0
2022-02-03 11:12:00,1855,1855,1855,1855,0
2022-02-03 11:13:00,1855,1855,1855,1855,0
2022-02-03 11:14:00,1900,1900,1900,1900,100
2022-02-03 11:15:00,1950,1950,1990,1990,200
2022-02-03 11:16:00,1950,1950,1990,1990,0
2022-02-03 11:17:00,1950,1950,1990,1990,0
2022-02-03 11:18:00,1950,1950,1990,1990,0
2022-02-03 11:19:00,1950,1950,1990,1990,0
2022-02-03 11:20:00,1950,1950,1990,1990,0
2022-02-03 11:21:00,1950,1950,1990,1990,0
2022-02-03 11:22:00,1950,1950,1990,1990,0
2022-02-03 11:23:00,1950,1950,1990,1990,0
2022-02-03 11:24:00,1950,1950,1990,1990,0
2022-02-03 11:25:00,1950,1950,1990,1990,0
2022-02-03 11:26:00,1950,1950,1990,1990,0
2022-02-03 11:27:00,1950,1950,1990,1990,0
2022-02-03 11:28:00,1950,1950,1990,1990,0
2022-02-03 11:29:00,1950,1950,1990,1990,0
2022-02-03 11:30:00,1950,1950,1990,1990,0
2022-02-03 11:31:00,1950,1950,1990,1990,0
2022-02-03 11:32:00,1950,1950,1990,1990,0
2022-02-03 11:33:00,1950,1950,1990,1990,0
2022-02-03 11:34:00,1950,1950,1990,1990,0
2022-02-03 11:35:00,1950,1950,1990,1990,0
2022-02-03 11:36:00,1950,1950,1990,1990,0
2022-02-03 11:37:00,1950,1950,1990,1990,0
2022-02-03 11:38:00,1950,1950,1990,1990,0
2022-02-03 11:39:00,1950,1950,1990,1990,0
2022-02-03 11:40:00,1950,1950,1990,1990,0
2022-02-03 11:41:00,1950,1950,1990,1990,0
2022-02-03 11:42:00,1950,1950,1990,1990,0
2022-02-03 11:43:00,1950,1950,1990,1990,0
2022-02-03 11:44:00,1950,1950,1990,1990,0
2022-02-03 11:45:00,1950,1950,1990,1990,0
2022-02-03 11:46:00,1950,1950,1990,1990,0
2022-02-03 11:47:00,1950,1950,1990,1990,0
2022-02-03 11:48:00,1950,1950,1990,1990,0
2022-02-03 11:49:00,1950,1950,1990,1990,0
2022-02-03 11:50:00,1950,1950,1990,1990,0
2022-02-03 11:51:00,1950,1950,1990,1990,0
2022-02-03 11:52:00,1950,1950,1990,1990,0
2022-02-03 11:53:00,1950,1950,1990,1990,0
2022-02-03 11:54:00,1950,1950,1990,1990,0
2022-02-03 11:55:00,1950,1950,1990,1990,0
2022-02-03 11:56:00,1950,1950,1990,1990,0
2022-02-03 11:57:00,1950,1950,1990,1990,0
2022-02-03 11:58:00,1950,1950,1990,1990,0
2022-02-03 11:59:00,1950,1950,1990,1990,0
2022-02-03 12:00:00,1950,1950,1990,1990,0
2022-02-03 12:01:00,1950,1950,1990,1990,0
2022-02-03 12:02:00,1950,1950,1990,1990,0
2022-02-03 12:03:00,1950,1950,1990,1990,0
2022-02-03 12:04:00,1950,1950,1990,1990,0
2022-02-03 12:05:00,1950,1950,1990,1990,0
2022-02-03 12:06:00,1950,1950,1990,1990,0
2022-02-03 12:07:00,1950,1950,1990,1990,0
2022-02-03 12:08:00,1950,1950,1990,1990,0
2022-02-03 12:09:00,1950,1950,1990,1990,0
2022-02-03 12:10:00,1950,1950,1990,1990,0
2022-02-03 12:11:00,1950,1950,1990,1990,0
2022-02-03 12:12:00,1950,1950,1990,1990,0
2022-02-03 12:13:00,1950,1950,1990,1990,0
2022-02-03 12:14:00,1950,1950,1990,1990,0
2022-02-03 12:15:00,1950,1950,1990,1990,0
2022-02-03 12:16:00,1950,1950,1990,1990,0
2022-02-03 12:17:00,1950,1950,1990,1990,0
2022-02-03 12:18:00,1950,1950,1990,1990,0
2022-02-03 12:19:00,1950,1950,1990,1990,0
2022-02-03 12:20:00,1950,1950,1990,1990,0
2022-02-03 12:21:00,1950,1950,1990,1990,0
2022-02-03 12:22:00,1950,1950,1990,1990,0
2022-02-03 12:23:00,1950,1950,1990,1990,0
2022-02-03 12:24:00,1950,1950,1990,1990,0
2022-02-03 12:25:00,1950,1950,1990,1990,0
2022-02-03 12:26:00,1950,1950,1990,1990,0
2022-02-03 12:27:00,1950,1950,1990,1990,0
2022-02-03 12:28:00,1950,1950,1990,1990,0
2022-02-03 12:29:00,1950,1950,1990,1990,0
2022-02-03 12:30:00,1950,1950,1990,1990,0
2022-02-03 12:31:00,1950,1950,1990,1990,0
2022-02-03 12:32:00,1950,1950,1990,1990,0
2022-02-03 12:33:00,1950,1950,1990,1990,0
2022-02-03 12:34:00,1950,1950,1990,1990,0
2022-02-03 12:35:00,1950,1950,1990,1990,0
2022-02-03 12:36:00,1950,1950,1990,1990,0
2022-02-03 12:37:00,1950,1950,1990,1990,0
2022-02-03 12:38:00,1950,1950,1990,1990,0
2022-02-03 12:39:00,1950,1950,1990,1990,0
2022-02-03 12:40:00,1950,1950,1990,1990,0
2022-02-03 12:41:00,1950,1950,1990,1990,0
2022-02-03 12:42:00,1950,1950,1990,1990,0
2022-02-03 12:43:00,1950,1950,1990,1990,0
2022-02-03 12:44:00,1950,1950,1990,1990,0
2022-02-03 12:45:00,1950,1950,1990,1990,0
2022-02-03 12:46:00,1950,1950,1990,1990,0
2022-02-03 12:47:00,1950,1950,1990,1990,0
2022-02-03 12:48:00,1950,1950,1990,1990,0
2022-02-03 12:49:00,1950,1950,1990,1990,0
2022-02-03 12:50:00,1950,1950,1990,1990,0
2022-02-03 12:51:00,1950,1950,1990,1990,0
2022-02-03 12:52:00,1950,1950,1990,1990,0
2022-02-03 12:53:00,1950,1950,1990,1990,0
2022-02-03 12:54:00,1950,1950,1990,1990,0
2022-02-03 12:55:00,1950,1950,1990,1990,0
2022-02-03 12:56:00,1950,1950,1990,1990,0
2022-02-03 12:57:00,1950,1950,1990,1990,0
2022-02-03 12:58:00,1950,1950,1990,1990,0
2022-02-03 12:59:00,1950,1950,1990,1990,0
2022-02-03 13:00:00,1950,1950,1990,1990,0
2022-02-03 13:01:00,1950,1950,1990,1990,0
2022-02-03 13:02:00,1950,1950,1990,1990,0
2022-02-03 13:03:00,1950,1950,1990,1990,0
2022-02-03 13:04:00,1950,1950,1990,1990,0
2022-02-03 13:05:00,1950,1950,1990,1990,0
2022-02-03 13:06:00,1950,1950,1990,1990,0
2022-02-03 13:07:00,1950,1950,1990,1990,0
2022-02-03 13:08:00,1950,1950,1990,1990,0
2022-02-03 13:09:00,1950,1950,1990,1990,0
2022-02-03 13:10:00,1950,1950,1990,1990,0
2022-02-03 13:11:00,1950,1950,1990,1990,0
2022-02-03 13:12:00,1950,1950,1990,1990,0
2022-02-03 13:13:00,1950,1950,1990,1990,0
2022-02-03 13:14:00,1950,1950,1990,1990,0
2022-02-03 13:15:00,1950,1950,1990,1990,0
2022-02-03 13:16:00,1950,1950,1990,1990,0
2022-02-03 13:17:00,1950,1950,1990,1990,0
2022-02-03 13:18:00,1950,1950,1990,1990,0
2022-02-03 13:19:00,1950,1950,1990,1990,0
2022-02-03 13:20:00,1950,1950,1990,1990,0
2022-02-03 13:21:00,1950,1950,1990,1990,0
2022-02-03 13:22:00,1950,1950,1990,1990,0
2022-02-03 13:23:00,1950,1950,1990,1990,0
2022-02-03 13:24:00,1950,1950,1990,1990,0
2022-02-03 13:25:00,1950,1950,1990,1990,0
2022-02-03 13:26:00,1950,1950,1990,1990,0
2022-02-03 13:27:00,1950,1950,1990,1990,0
2022-02-03 13:28:00,1950,1950,1990,1990,0
2022-02-03 13:29:00,1950,1950,1990,1990,0
2022-02-03 13:30:00,1950,1950,1990,1990,0
2022-02-03 13:31:00,1950,1950,1990,1990,0
2022-02-03 13:32:00,1950,1950,1990,1990,0
2022-02-03 13:33:00,1950,1950,1990,1990,0
2022-02-03 13:34:00,1950,1950,1990,1990,0
2022-02-03 13:35:00,1950,1950,1990,1990,0
2022-02-03 13:36:00,1950,1950,1990,1990,0
2022-02-03 13:37:00,1950,1950,1990,1990,0
2022-02-03 13:38:00,1950,1950,1990,1990,0
2022-02-03 13:39:00,1950,1950,1990,1990,0
2022-02-03 13:40:00,1950,1950,1990,1990,0
2022-02-03 13:41:00,1950,1950,1990,1990,0
2022-02-03 13:42:00,1950,1950,1990,1990,0
2022-02-03 13:43:00,1950,1950,1990,1990,0
2022-02-03 13:44:00,1950,1950,1990,1990,0
2022-02-03 13:45:00,1950,1950,1990,1990,0
2022-02-03 13:46:00,1950,1950,1990,1990,0
2022-02-03 13:47:00,1950,1950,1990,1990,0
2022-02-03 13:48:00,1950,1950,1990,1990,0
2022-02-03 13:49:00,1950,1950,1990,1990,0
2022-02-03 13:50:00,1950,1950,1990,1990,0
2022-02-03 13:51:00,1950,1950,1990,1990,0
2022-02-03 13:52:00,1950,1950,1990,1990,0
2022-02-03 13:53:00,1950,1950,1990,1990,0
2022-02-03 13:54:00,1950,1950,1990,1990,0
2022-02-03 13:55:00,1950,1950,1990,1990,0
2022-02-03 13:56:00,1950,1950,1990,1990,0
2022-02-03 13:57:00,1950,1950,1990,1990,0
2022-02-03 13:58:00,1950,1950,1990,1990,0
2022-02-03 13:59:00,1950,1950,1990,1990,0
2022-02-03 14:00:00,1950,1950,1990,1990,0
2022-02-03 14:01:00,1950,1950,1990,1990,0
2022-02-03 14:02:00,1950,1950,1990,1990,0
2022-02-03 14:03:00,1950,1950,1990,1990,0
2022-02-03 14:04:00,1950,1950,1990,1990,0
2022-02-03 14:05:00,1950,1950,1990,1990,0
2022-02-03 14:06:00,1950,1950,1990,1990,0
2022-02-03 14:07:00,1950,1950,1990,1990,0
2022-02-03 14:08:00,1950,1950,1990,1990,0
2022-02-03 14:09:00,1950,1950,1990,1990,0
2022-02-03 14:10:00,1950,1950,1990,1990,0
2022-02-03 14:11:00,1950,1950,1990,1990,0
2022-02-03 14:12:00,1950,1950,1990,1990,0
2022-02-03 14:13:00,1950,1950,1990,1990,0
2022-02-03 14:14:00,1950,1950,1990,1990,0
2022-02-03 14:15:00,1950,1950,1990,1990,0
2022-02-03 14:16:00,1950,1950,1990,1990,0
2022-02-03 14:17:00,1950,1950,1990,1990,0
2022-02-03 14:18:00,1950,1950,1990,1990,0
2022-02-03 14:19:00,1950,1950,1990,1990,0
2022-02-03 14:20:00,1950,1950,1990,1990,0
2022-02-03 14:21:00,1950,1950,1990,1990,0
2022-02-03 14:22:00,1950,1950,1990,1990,0
2022-02-03 14:23:00,1950,1950,1990,1990,0
2022-02-03 14:24:00,1950,1950,1990,1990,0
2022-02-03 14:25:00,1950,1950,1990,1990,0
2022-02-03 14:26:00,1950,1950,1990,1990,0
2022-02-03 14:27:00,1950,1950,1990,1990,0
2022-02-03 14:28:00,1950,1950,1990,1990,0
2022-02-03 14:29:00,1950,1950,1990,1990,0
2022-02-03 14:30:00,1950,1950,1990,1990,0
2022-02-03 14:31:00,1950,1950,1990,1990,0
2022-02-03 14:32:00,1950,1950,1990,1990,0
2022-02-03 14:33:00,1950,1950,1990,1990,0
2022-02-03 14:34:00,1950,1950,1990,1990,0
2022-02-03 14:35:00,1950,1950,1990,1990,0
2022-02-03 14:36:00,1950,1950,1990,1990,0
2022-02-03 14:37:00,1950,1950,1990,1990,0
2022-02-03 14:38:00,1950,1950,1990,1990,0
2022-02-03 14:39:00,1950,1950,1990,1990,0
2022-02-03 14:40:00,1950,1950,1990,1990,0
2022-02-03 14:41:00,1950,1950,1990,1990,0
2022-02-03 14:42:00,1950,1950,1990,1990,0
2022-02-03 14:43:00,1950,1950,1990,1990,0
2022-02-03 14:44:00,1950,1950,1990,1990,0
2022-02-03 14:45:00,1950,1950,1990,1990,0
2022-02-03 14:46:00,1950,1950,1990,1990,0
2022-02-03 14:47:00,1950,1950,1990,1990,0
2022-02-03 14:48:00,1950,1950,1990,1990,0
2022-02-03 14:49:00,1950,1950,1990,1990,0
2022-02-03 14:50:00,1950,1950,1990,1990,0
2022-02-03 14:51:00,1950,1950,1990,1990,0
2022-02-03 14:52:00,1950,1950,1990,1990,0
2022-02-03 14:53:00,1950,1950,1990,1990,0
2022-02-03 14:54:00,1950,1950,1990,1990,0
2022-02-03 14:55:00,1950,1950,1990,1990,0
2022-02-03 14:56:00,1950,1950,1990,1990,0
2022-02-03 14:57:00,1950,1950,1990,1990,0
2022-02-03 14:58:00,1950,1950,1990,1990,0
2022-02-03 14:59:00,1950,1950,1990,1990,0
2022-02-03 15:00:00,1950,1950,1990,1990,0
2022-02-03 15:01:00,1950,1950,1990,1990,0
2022-02-03 15:02:00,1950,1950,1990,1990,0
2022-02-03 15:03:00,1950,1950,1990,1990,0
2022-02-03 15:04:00,1950,1950,1990,1990,0
2022-02-03 15:05:00,1950,1950,1990,1990,0
2022-02-03 15:06:00,1950,1950,1990,1990,0
2022-02-03 15:07:00,1950,1950,1990,1990,0
2022-02-03 15:08:00,1950,1950,1990,1990,0
2022-02-03 15:09:00,1950,1950,1990,1990,0
2022-02-03 15:10:00,1950,1950,1990,1990,0
2022-02-03 15:11:00,1950,1950,1990,1990,0
2022-02-03 15:12:00,1950,1950,1990,1990,0
2022-02-03 15:13:00,1950,1950,1990,1990,0
2022-02-03 15:14:00,1950,1950,1990,1990,0
2022-02-03 15:15:00,1950,1950,1990,1990,0
2022-02-03 15:16:00,1950,1950,1990,1990,0
2022-02-03 15:17:00,1950,1950,1990,1990,0
2022-02-03 15:18:00,1950,1950,1990,1990,0
2022-02-03 15:19:00,1950,1950,1990,1990,0
2022-02-03 15:20:00,1950,1950,1990,1990,0
2022-02-03 15:21:00,1950,1950,1990,1990,0
2022-02-03 15:22:00,1950,1950,1990,1990,0
2022-02-03 15:23:00,1950,1950,1990,1990,0
2022-02-03 15:24:00,1950,1950,1990,1990,0
2022-02-03 15:25:00,1950,1950,1990,1990,0
2022-02-03 15:26:00,1950,1950,1990,1990,0
2022-02-03 15:27:00,1950,1950,1990,1990,0
2022-02-03 15:28:00,1950,1950,1990,1990,0
2022-02-03 15:29:00,1950,1950,1990,1990,0
2022-02-03 15:30:00,1950,1950,1990,1990,0
2022-02-03 15:31:00,1950,1950,1990,1990,0
2022-02-03 15:32:00,1950,1950,1990,1990,0
2022-02-03 15:33:00,1950,1950,1990,1990,0
2022-02-03 15:34:00,1950,1950,1990,1990,0
2022-02-03 15:35:00,1950,1950,1990,1990,0
2022-02-03 15:36:00,1950,1950,1990,1990,0
2022-02-03 15:37:00,1950,1950,1990,1990,0
2022-02-03 15:38:00,1950,1950,1990,1990,0
2022-02-03 15:39:00,1950,1950,1990,1990,0
2022-02-03 15:40:00,1950,1950,1990,1990,0
2022-02-03 15:41:00,1950,1950,1990,1990,0
2022-02-03 15:42:00,1950,1950,1990,1990,0
2022-02-03 15:43:00,1950,1950,1990,1990,0
2022-02-03 15:44:00,1950,1950,1990,1990,0
2022-02-03 15:45:00,1950,1950,1990,1990,0
2022-02-03 15:46:00,1950,1950,1990,1990,0
2022-02-03 15:47:00,1950,1950,1990,1990,0
2022-02-03 15:48:00,1950,1950,1990,1990,0
2022-02-03 15:49:00,1950,1950,1990,1990,0
2022-02-03 15:50:00,1950,1950,1990,1990,0
2022-02-03 15:51:00,1950,1950,1990,1990,0
2022-02-03 15:52:00,1950,1950,1990,1990,0
2022-02-03 15:53:00,1950,1950,1990,1990,0
2022-02-03 15:54:00,1950,1950,1990,1990,0
2022-02-03 15:55:00,1950,1950,1990,1990,0
2022-02-03 15:56:00,1950,1950,1990,1990,0
2022-02-03 15:57:00,1950,1950,1990,1990,0
2022-02-03 15:58:00,1950,1950,1990,1990,0
2022-02-03 15:59:00,1950,1950,1990,1990,0
2022-02-04 09:00:00,1950,1950,1990,1990,0
2022-02-04 09:01:00,1950,1950,1990,1990,0
2022-02-04 09:02:00,1950,1950,1990,1990,0
2022-02-04 09:03:00,1950,1950,1990,1990,0
2022-02-04 09:04:00,1950,1950,1990,1990,0
2022-02-04 09:05:00,1950,1950,1990,1990,0
2022-02-04 09:06:00,1950,1950,1990,1990,0
2022-02-04 09:07:00,1950,1950,1990,1990,0
2022-02-04 09:08:00,1950,1950,1990,1990,0
2022-02-04 09:09:00,1950,1950,1990,1990,0
2022-02-04 09:10:00,1950,1950,1990,1990,0
2022-02-04 09:11:00,1950,1950,1990,1990,0
2022-02-04 09:12:00,1950,1950,1990,1990,0
2022-02-04 09:13:00,1950,1950,1990,1990,0
2022-02-04 09:14:00,1950,1950,1990,1990,0
2022-02-04 09:15:00,1950,1950,1990,1990,0
2022-02-04 09:16:00,1950,1950,1990,1990,0
2022-02-04 09:17:00,1950,1950,1990,1990,0
2022-02-04 09:18:00,1950,1950,1990,1990,0
2022-02-04 09:19:00,1950,1950,1990,1990,0
2022-02-04 09:20:00,1950,1950,1990,1990,0
2022-02-04 09:21:00,1950,1950,1990,1990,0
2022-02-04 09:22:00,1950,1950,1990,1990,0
2022-02-04 09:23:00,1950,1950,1990,1990,0
2022-02-04 09:24:00,1950,1950,1990,1990,0
2022-02-04 09:25:00,1950,1950,1990,1990,0
2022-02-04 09:26:00,1950,1950,1990,1990,0
2022-02-04 09:27:00,1950,1950,1990,1990,0
2022-02-04 09:28:00,1950,1950,1990,1990,0
2022-02-04 09:29:00,1950,1950,1990,1990,0
2022-02-04 09:30:00,1950,1950,1990,1990,0
2022-02-04 09:31:00,1950,1950,1990,1990,0
2022-02-04 09:32:00,1950,1950,1990,1990,0
2022-02-04 09:33:00,1950,1950,1990,1990,0
2022-02-04 09:34:00,1950,1950,1990,1990,0
2022-02-04 09:35:00,1950,1950,1990,1990,0
2022-02-04 09:36:00,1950,1950,1990,1990,0
2022-02-04 09:37:00,1950,1950,1990,1990,0
2022-02-04 09:38:00,1950,1950,1990,1990,0
2022-02-04 09:39:00,1950,1950,1990,1990,0
2022-02-04 09:40:00,1950,1950,1990,1990,0
2022-02-04 09:41:00,1950,1950,1990,1990,0
2022-02-04 09:42:00,1950,1950,1990,1990,0
2022-02-04 09:43:00,1950,1950,1990,1990,0
2022-02-04 09:44:00,1950,1950,1990,1990,0
2022-02-04 09:45:00,1950,1950,1990,1990,0
2022-02-04 09:46:00,1950,1950,1990,1990,0
2022-02-04 09:47:00,1950,1950,1990,1990,0
2022-02-04 09:48:00,1950,1950,1990,1990,0
2022-02-04 09:49:00,1950,1950,1990,1990,0
2022-02-04 09:50:00,1950,1950,1990,1990,0
2022-02-04 09:51:00,1950,1950,1990,1990,0
2022-02-04 09:52:00,1950,1950,1990,1990,0
2022-02-04 09:53:00,1950,1950,1990,1990,0
2022-02-04 09:54:00,1950,1950,1990,1990,0
2022-02-04 09:55:00,1950,1950,1990,1990,0
2022-02-04 09:56:00,1950,1950,1990,1990,0
2022-02-04 09:57:00,1950,1950,1990,1990,0
2022-02-04 09:58:00,1950,1950,1990,1990,0
2022-02-04 09:59:00,1950,1950,1990,1990,0
2022-02-04 10:00:00,1950,1950,1990,1990,0
2022-02-04 10:01:00,1950,1950,1990,1990,0
2022-02-04 10:02:00,1950,1950,1990,1990,0
2022-02-04 10:03:00,1950,1950,1990,1990,0
2022-02-04 10:04:00,1950,1950,1990,1990,0
2022-02-04 10:05:00,1950,1950,1990,1990,0
2022-02-04 10:06:00,1950,1950,1990,1990,0
2022-02-04 10:07:00,1950,1950,1990,1990,0
2022-02-04 10:08:00,1950,1950,1990,1990,0
2022-02-04 10:09:00,1950,1950,1990,1990,0
2022-02-04 10:10:00,1950,1950,1990,1990,0
2022-02-04 10:11:00,1950,1950,1990,1990,0
2022-02-04 10:12:00,1950,1950,1990,1990,0
2022-02-04 10:13:00,1950,1950,1990,1990,0
2022-02-04 10:14:00,1950,1950,1990,1990,0
2022-02-04 10:15:00,1950,1950,1990,1990,0
2022-02-04 10:16:00,1950,1950,1990,1990,0
2022-02-04 10:17:00,1950,1950,1990,1990,0
2022-02-04 10:18:00,1950,1950,1990,1990,0
2022-02-04 10:19:00,1950,1950,1990,1990,0
2022-02-04 10:20:00,1950,1950,1990,1990,0
2022-02-04 10:21:00,1950,1950,1990,1990,0
2022-02-04 10:22:00,1950,1950,1990,1990,0
2022-02-04 10:23:00,1950,1950,1990,1990,0
2022-02-04 10:24:00,1950,1950,1990,1990,0
2022-02-04 10:25:00,1950,1950,1990,1990,0
2022-02-04 10:26:00,1950,1950,1990,1990,0
2022-02-04 10:27:00,1950,1950,1990,1990,0
2022-02-04 10:28:00,1950,1950,1990,1990,0
2022-02-04 10:29:00,1950,1950,1990,1990,0
2022-02-04 10:30:00,1950,1950,1990,1990,0
2022-02-04 10:31:00,1950,1950,1990,1990,0
2022-02-04 10:32:00,1950,1950,1990,1990,0
2022-02-04 10:33:00,1950,1950,1990,1990,0
2022-02-04 10:34:00,1950,1950,1990,1990,0
2022-02-04 10:35:00,1950,1950,1990,1990,0
2022-02-04 10:36:00,1950,1950,1990,1990,0
2022-02-04 10:37:00,1950,1950,1990,1990,0
2022-02-04 10:38:00,1950,1950,1990,1990,0
2022-02-04 10:39:00,1950,1950,1990,1990,0
2022-02-04 10:40:00,1950,1950,1990,1990,0
2022-02-04 10:41:00,1950,1950,1990,1990,0
2022-02-04 10:42:00,1950,1950,1990,1990,0
2022-02-04 10:43:00,1950,1950,1990,1990,0
2022-02-04 10:44:00,1950,1950,1990,1990,0
2022-02-04 10:45:00,1950,1950,1990,1990,0
2022-02-04 10:46:00,1950,1950,1990,1990,0
2022-02-04 10:47:00,1950,1950,1990,1990,0
2022-02-04 10:48:00,1950,1950,1990,1990,0
2022-02-04 10:49:00,1950,1950,1990,1990,0
2022-02-04 10:50:00,1950,1950,1990,1990,0
2022-02-04 10:51:00,1950,1950,1990,1990,0
2022-02-04 10:52:00,1950,1950,1990,1990,0
2022-02-04 10:53:00,1950,1950,1990,1990,0
2022-02-04 10:54:00,1950,1950,1990,1990,0
2022-02-04 10:55:00,1950,1950,1990,1990,0
2022-02-04 10:56:00,1950,1950,1990,1990,0
2022-02-04 10:57:00,1950,1950,1990,1990,0
2022-02-04 10:58:00,1950,1950,1990,1990,0
2022-02-04 10:59:00,1950,1950,1990,1990,0
2022-02-04 11:00:00,1950,1950,1990,1990,0
2022-02-04 11:01:00,1950,1950,1990,1990,0
2022-02-04 11:02:00,1950,1950,1990,1990,0
2022-02-04 11:03:00,1950,1950,1990,1990,0
2022-02-04 11:04:00,1950,1950,1990,1990,0
2022-02-04 11:05:00,1950,1950,1990,1990,0
2022-02-04 11:06:00,1950,1950,1990,1990,0
2022-02-04 11:07:00,1950,1950,1990,1990,0
2022-02-04 11:08:00,1950,1950,1990,1990,0
2022-02-04 11:09:00,1950,1950,1990,1990,0
2022-02-04 11:10:00,1950,1950,1990,1990,0
2022-02-04 11:11:00,1950,1950,1990,1990,0
2022-02-04 11:12:00,1950,1950,1990,1990,0
2022-02-04 11:13:00,1950,1950,1990,1990,0
2022-02-04 11:14:00,1950,1950,1990,1990,0
2022-02-04 11:15:00,1950,1950,1990,1990,0
2022-02-04 11:16:00,1950,1950,1990,1990,0
2022-02-04 11:17:00,1950,1950,1990,1990,0
2022-02-04 11:18:00,1950,1950,1990,1990,0
2022-02-04 11:19:00,1950,1950,1990,1990,0
2022-02-04 11:20:00,1950,1950,1990,1990,0
2022-02-04 11:21:00,1950,1950,1990,1990,0
2022-02-04 11:22:00,1950,1950,1990,1990,0
2022-02-04 11:23:00,1950,1950,1990,1990,0
2022-02-04 11:24:00,1950,1950,1990,1990,0
2022-02-04 11:25:00,1950,1950,1990,1990,0
2022-02-04 11:26:00,1950,1950,1990,1990,0
2022-02-04 11:27:00,1950,1950,1990,1990,0
2022-02-04 11:28:00,1950,1950,1990,1990,0
2022-02-04 11:29:00,1950,1950,1990,1990,0
2022-02-04 11:30:00,1950,1950,1990,1990,0
2022-02-04 11:31:00,1950,1950,1990,1990,0
2022-02-04 11:32:00,1950,1950,1990,1990,0
2022-02-04 11:33:00,1950,1950,1990,1990,0
2022-02-04 11:34:00,1950,1950,1990,1990,0
2022-02-04 11:35:00,1950,1950,1990,1990,0
2022-02-04 11:36:00,1950,1950,1990,1990,0
2022-02-04 11:37:00,1950,1950,1990,1990,0
2022-02-04 11:38:00,1950,1950,1990,1990,0
2022-02-04 11:39:00,1950,1950,1990,1990,0
2022-02-04 11:40:00,1950,1950,1990,1990,0
2022-02-04 11:41:00,1950,1950,1990,1990,0
2022-02-04 11:42:00,1950,1950,1990,1990,0
2022-02-04 11:43:00,1950,1950,1990,1990,0
2022-02-04 11:44:00,1950,1950,1990,1990,0
2022-02-04 11:45:00,1950,1950,1990,1990,0
2022-02-04 11:46:00,1950,1950,1990,1990,0
2022-02-04 11:47:00,1950,1950,1990,1990,0
2022-02-04 11:48:00,1950,1950,1990,1990,0
2022-02-04 11:49:00,1950,1950,1990,1990,0
2022-02-04 11:50:00,1950,1950,1990,1990,0
2022-02-04 11:51:00,1950,1950,1990,1990,0
2022-02-04 11:52:00,1950,1950,1990,1990,0
2022-02-04 11:53:00,1950,1950,1990,1990,0
2022-02-04 11:54:00,1950,1950,1990,1990,0
2022-02-04 11:55:00,1950,1950,1990,1990,0
2022-02-04 11:56:00,1950,1950,1990,1990,0
2022-02-04 11:57:00,1950,1950,1990,1990,0
2022-02-04 11:58:00,1950,1950,1990,1990,0
2022-02-04 11:59:00,1950,1950,1990,1990,0
2022-02-04 12:00:00,1950,1950,1990,1990,0
2022-02-04 12:01:00,1950,1950,1990,1990,0
2022-02-04 12:02:00,1950,1950,1990,1990,0
2022-02-04 12:03:00,1950,1950,1990,1990,0
2022-02-04 12:04:00,1950,1950,1990,1990,0
2022-02-04 12:05:00,1950,1950,1990,1990,0
2022-02-04 12:06:00,1950,1950,1990,1990,0
2022-02-04 12:07:00,1950,1950,1990,1990,0
2022-02-04 12:08:00,1950,1950,1990,1990,0
2022-02-04 12:09:00,1950,1950,1990,1990,0
2022-02-04 12:10:00,1950,1950,1990,1990,0
2022-02-04 12:11:00,1950,1950,1990,1990,0
2022-02-04 12:12:00,1950,1950,1990,1990,0
2022-02-04 12:13:00,1950,1950,1990,1990,0
2022-02-04 12:14:00,1950,1950,1990,1990,0
2022-02-04 12:15:00,1950,1950,1990,1990,0
2022-02-04 12:16:00,1950,1950,1990,1990,0
2022-02-04 12:17:00,1950,1950,1990,1990,0
2022-02-04 12:18:00,1950,1950,1990,1990,0
2022-02-04 12:19:00,1950,1950,1990,1990,0
2022-02-04 12:20:00,1950,1950,1990,1990,0
2022-02-04 12:21:00,1950,1950,1990,1990,0
2022-02-04 12:22:00,1950,1950,1990,1990,0
2022-02-04 12:23:00,1950,1950,1990,1990,0
2022-02-04 12:24:00,1950,1950,1990,1990,0
2022-02-04 12:25:00,1950,1950,1990,1990,0
2022-02-04 12:26:00,1950,1950,1990,1990,0
2022-02-04 12:27:00,1950,1950,1990,1990,0
2022-02-04 12:28:00,1950,1950,1990,1990,0
2022-02-04 12:29:00,1950,1950,1990,1990,0
2022-02-04 12:30:00,1950,1950,1990,1990,0
2022-02-04 12:31:00,1950,1950,1990,1990,0
2022-02-04 12:32:00,1950,1950,1990,1990,0
2022-02-04 12:33:00,1950,1950,1990,1990,0
2022-02-04 12:34:00,1950,1950,1990,1990,0
2022-02-04 12:35:00,1950,1950,1990,1990,0
2022-02-04 12:36:00,1950,1950,1990,1990,0
2022-02-04 12:37:00,1950,1950,1990,1990,0
2022-02-04 12:38:00,1950,1950,1990,1990,0
2022-02-04 12:39:00,1950,1950,1990,1990,0
2022-02-04 12:40:00,1950,1950,1990,1990,0
2022-02-04 12:41:00,1950,1950,1990,1990,0
2022-02-04 12:42:00,1950,1950,1990,1990,0
2022-02-04 12:43:00,1950,1950,1990,1990,0
2022-02-04 12:44:00,1950,1950,1990,1990,0
2022-02-04 12:45:00,1950,1950,1990,1990,0
2022-02-04 12:46:00,1950,1950,1990,1990,0
2022-02-04 12:47:00,1950,1950,1990,1990,0
2022-02-04 12:48:00,1950,1950,1990,1990,0
2022-02-04 12:49:00,1950,1950,1990,1990,0
2022-02-04 12:50:00,1950,1950,1990,1990,0
2022-02-04 12:51:00,1950,1950,1990,1990,0
2022-02-04 12:52:00,1950,1950,1990,1990,0
2022-02-04 12:53:00,1950,1950,1990,1990,0
2022-02-04 12:54:00,1950,1950,1990,1990,0
2022-02-04 12:55:00,1950,1950,1990,1990,0
2022-02-04 12:56:00,1950,1950,1990,1990,0
2022-02-04 12:57:00,1950,1950,1990,1990,0
2022-02-04 12:58:00,1950,1950,1990,1990,0
2022-02-04 12:59:00,1950,1950,1990,1990,0
2022-02-04 13:00:00,1950,1950,1990,1990,0
2022-02-04 13:01:00,1950,1950,1990,1990,0
2022-02-04 13:02:00,1950,1950,1990,1990,0
2022-02-04 13:03:00,1950,1950,1990,1990,0
2022-02-04 13:04:00,1950,1950,1990,1990,0
2022-02-04 13:05:00,1950,1950,1990,1990,0
2022-02-04 13:06:00,1950,1950,1990,1990,0
2022-02-04 13:07:00,1950,1950,1990,1990,0
2022-02-04 13:08:00,1950,1950,1990,1990,0
2022-02-04 13:09:00,1950,1950,1990,1990,0
2022-02-04 13:10:00,1950,1950,1990,1990,0
2022-02-04 13:11:00,1950,1950,1990,1990,0
2022-02-04 13:12:00,1950,1950,1990,1990,0
2022-02-04 13:13:00,1950,1950,1990,1990,0
2022-02-04 13:14:00,1950,1950,1990,1990,0
2022-02-04 13:15:00,1950,1950,1990,1990,0
2022-02-04 13:16:00,1950,1950,1990,1990,0
2022-02-04 13:17:00,1950,1950,1990,1990,0
2022-02-04 13:18:00,1950,1950,1990,1990,0
2022-02-04 13:19:00,1950,1950,1990,1990,0
2022-02-04 13:20:00,1950,1950,1990,1990,0
2022-02-04 13:21:00,1950,1950,1990,1990,0
2022-02-04 13:22:00,1950,1950,1990,1990,0
2022-02-04 13:23:00,1950,1950,1990,1990,0
2022-02-04 13:24:00,1950,1950,1990,1990,0
2022-02-04 13:25:00,1950,1950,1990,1990,0
2022-02-04 13:26:00,1950,1950,1990,1990,0
2022-02-04 13:27:00,1950,1950,1990,1990,0
2022-02-04 13:28:00,1950,1950,1990,1990,0
2022-02-04 13:29:00,1950,1950,1990,1990,0
2022-02-04 13:30:00,1950,1950,1990,1990,0
2022-02-04 13:31:00,1950,1950,1990,1990,0
2022-02-04 13:32:00,1950,1950,1990,1990,0
2022-02-04 13:33:00,1950,1950,1990,1990,0
2022-02-04 13:34:00,1950,1950,1990,1990,0
2022-02-04 13:35:00,1950,1950,1990,1990,0
2022-02-04 13:36:00,1950,1950,1990,1990,0
2022-02-04 13:37:00,1950,1950,1990,1990,0
2022-02-04 13:38:00,1950,1950,1990,1990,0
2022-02-04 13:39:00,1950,1950,1990,1990,0
2022-02-04 13:40:00,1950,1950,1990,1990,0
2022-02-04 13:41:00,1950,1950,1990,1990,0
2022-02-04 13:42:00,1950,1950,1990,1990,0
2022-02-04 13:43:00,1950,1950,1990,1990,0
2022-02-04 13:44:00,1950,1950,1990,1990,0
2022-02-04 13:45:00,1950,1950,1990,1990,0
2022-02-04 13:46:00,1950,1950,1990,1990,0
2022-02-04 13:47:00,1950,1950,1990,1990,0
2022-02-04 13:48:00,1950,1950,1990,1990,0
2022-02-04 13:49:00,1950,1950,1990,1990,0
2022-02-04 13:50:00,1950,1950,1990,1990,0
2022-02-04 13:51:00,1950,1950,1990,1990,0
2022-02-04 13:52:00,1950,1950,1990,1990,0
2022-02-04 13:53:00,1950,1950,1990,1990,0
2022-02-04 13:54:00,1950,1950,1990,1990,0
2022-02-04 13:55:00,1950,1950,1990,1990,0
2022-02-04 13:56:00,1950,1950,1990,1990,0
2022-02-04 13:57:00,1950,1950,1990,1990,0
2022-02-04 13:58:00,1950,1950,1990,1990,0
2022-02-04 13:59:00,1950,1950,1990,1990,0
2022-02-04 14:00:00,1950,1950,1990,1990,0
2022-02-04 14:01:00,1950,1950,1990,1990,0
2022-02-04 14:02:00,1950,1950,1990,1990,0
2022-02-04 14:03:00,1950,1950,1990,1990,0
2022-02-04 14:04:00,1950,1950,1990,1990,0
2022-02-04 14:05:00,1950,1950,1990,1990,0
2022-02-04 14:06:00,1950,1950,1990,1990,0
2022-02-04 14:07:00,1950,1950,1990,1990,0
2022-02-04 14:08:00,1950,1950,1990,1990,0
2022-02-04 14:09:00,1950,1950,1990,1990,0
2022-02-04 14:10:00,1950,1950,1990,1990,0
2022-02-04 14:11:00,1950,1950,1990,1990,0
2022-02-04 14:12:00,1950,1950,1990,1990,0
2022-02-04 14:13:00,1950,1950,1990,1990,0
2022-02-04 14:14:00,1950,1950,1990,1990,0
2022-02-04 14:15:00,1950,1950,1990,1990,0
2022-02-04 14:16:00,1950,1950,1990,1990,0
2022-02-04 14:17:00,1950,1950,1990,1990,0
2022-02-04 14:18:00,1950,1950,1990,1990,0
2022-02-04 14:19:00,1950,1950,1990,1990,0
2022-02-04 14:20:00,1950,1950,1990,1990,0
2022-02-04 14:21:00,1950,1950,1990,1990,0
2022-02-04 14:22:00,1950,1950,1990,1990,0
2022-02-04 14:23:00,1950,1950,1990,1990,0
2022-02-04 14:24:00,1950,1950,1990,1990,0
2022-02-04 14:25:00,1950,1950,1990,1990,0
2022-02-04 14:26:00,1950,1950,1990,1990,0
2022-02-04 14:27:00,1950,1950,1990,1990,0
2022-02-04 14:28:00,1950,1950,1990,1990,0
2022-02-04 14:29:00,1950,1950,1990,1990,0
2022-02-04 14:30:00,1950,1950,1990,1990,0
2022-02-04 14:31:00,1950,1950,1990,1990,0
2022-02-04 14:32:00,1950,1950,1990,1990,0
2022-02-04 14:33:00,1950,1950,1990,1990,0
2022-02-04 14:34:00,1950,1950,1990,1990,0
2022-02-04 14:35:00,1950,1950,1990,1990,0
2022-02-04 14:36:00,1950,1950,1990,1990,0
2022-02-04 14:37:00,1950,1950,1990,1990,0
2022-02-04 14:38:00,1950,1950,1990,1990,0
2022-02-04 14:39:00,1950,1950,1990,1990,0
2022-02-04 14:40:00,1950,1950,1990,1990,0
2022-02-04 14:41:00,1950,1950,1990,1990,0
2022-02-04 14:42:00,1950,1950,1990,1990,0
2022-02-04 14:43:00,1950,1950,1990,1990,0
2022-02-04 14:44:00,1950,1950,1990,1990,0
2022-02-04 14:45:00,1950,1950,1990,1990,0
2022-02-04 14:46:00,1950,1950,1990,1990,0
2022-02-04 14:47:00,1950,1950,1990,1990,0
2022-02-04 14:48:00,1950,1950,1990,1990,0
2022-02-04 14:49:00,1950,1950,1990,1990,0
2022-02-04 14:50:00,1950,1950,1990,1990,0
2022-02-04 14:51:00,1950,1950,1990,1990,0
2022-02-04 14:52:00,1950,1950,1990,1990,0
2022-02-04 14:53:00,1950,1950,1990,1990,0
2022-02-04 14:54:00,1950,1950,1990,1990,0
2022-02-04 14:55:00,1950,1950,1990,1990,0
2022-02-04 14:56:00,1950,1950,1990,1990,0
2022-02-04 14:57:00,1950,1950,1990,1990,0
2022-02-04 14:58:00,1950,1950,1990,1990,0
2022-02-04 14:59:00,1950,1950,1990,1990,0
2022-02-04 15:00:00,1950,1950,1990,1990,0
2022-02-04 15:01:00,1950,1950,1990,1990,0
2022-02-04 15:02:00,1950,1950,1990,1990,0
2022-02-04 15:03:00,1950,1950,1990,1990,0
2022-02-04 15:04:00,1950,1950,1990,1990,0
2022-02-04 15:05:00,1950,1950,1990,1990,0
2022-02-04 15:06:00,1950,1950,1990,1990,0
2022-02-04 15:07:00,1950,1950,1990,1990,0
2022-02-04 15:08:00,1950,1950,1990,1990,0
2022-02-04 15:09:00,1950,1950,1990,1990,0
2022-02-04 15:10:00,1950,1950,1990,1990,0
2022-02-04 15:11:00,1950,1950,1990,1990,0
2022-02-04 15:12:00,1950,1950,1990,1990,0
2022-02-04 15:13:00,1950,1950,1990,1990,0
2022-02-04 15:14:00,1950,1950,1990,1990,0
2022-02-04 15:15:00,1950,1950,1990,1990,0
2022-02-04 15:16:00,1950,1950,1990,1990,0
2022-02-04 15:17:00,1950,1950,1990,1990,0
2022-02-04 15:18:00,1950,1950,1990,1990,0
2022-02-04 15:19:00,1950,1950,1990,1990,0
2022-02-04 15:20:00,1950,1950,1990,1990,0
2022-02-04 15:21:00,1950,1950,1990,1990,0
2022-02-04 15:22:00,1950,1950,1990,1990,0
2022-02-04 15:23:00,1950,1950,1990,1990,0
2022-02-04 15:24:00,1950,1950,1990,1990,0
2022-02-04 15:25:00,1950,1950,1990,1990,0
2022-02-04 15:26:00,1950,1950,1990,1990,0
2022-02-04 15:27:00,1950,1950,1990,1990,0
2022-02-04 15:28:00,1950,1950,1990,1990,0
2022-02-04 15:29:00,1950,1950,1990,1990,0
2022-02-04 15:30:00,1950,1950,1990,1990,0
2022-02-04 15:31:00,1950,1950,1990,1990,0
2022-02-04 15:32:00,1950,1950,1990,1990,0
2022-02-04 15:33:00,1950,1950,1990,1990,0
2022-02-04 15:34:00,1950,1950,1990,1990,0
2022-02-04 15:35:00,1950,1950,1990,1990,0
2022-02-04 15:36:00,1950,1950,1990,1990,0
2022-02-04 15:37:00,1950,1950,1990,1990,0
2022-02-04 15:38:00,1950,1950,1990,1990,0
2022-02-04 15:39:00,1950,1950,1990,1990,0
2022-02-04 15:40:00,1950,1950,1990,1990,0
2022-02-04 15:41:00,1950,1950,1990,1990,0
2022-02-04 15:42:00,1950,1950,1990,1990,0
2022-02-04 15:43:00,1950,1950,1990,1990,0
2022-02-04 15:44:00,1950,1950,1990,1990,0
2022-02-04 15:45:00,1950,1950,1990,1990,0
2022-02-04 15:46:00,1950,1950,1990,1990,0
2022-02-04 15:47:00,1950,1950,1990,1990,0
2022-02-04 15:48:00,1950,1950,1990,1990,0
2022-02-04 15:49:00,1950,1950,1990,1990,0
2022-02-04 15:50:00,1950,1950,1990,1990,0
2022-02-04 15:51:00,1950,1950,1990,1990,0
2022-02-04 15:52:00,1950,1950,1990,1990,0
2022-02-04 15:53:00,1950,1950,1990,1990,0
2022-02-04 15:54:00,1950,1950,1990,1990,0
2022-02-04 15:55:00,1950,1950,1990,1990,0
2022-02-04 15:56:00,1950,1950,1990,1990,0
2022-02-04 15:57:00,1950,1950,1990,1990,0
2022-02-04 15:58:00,1950,1950,1990,1990,0
2022-02-04 15:59:00,1950,1950,1990,1990,0
2022-02-07 09:00:00,1970,1970,1970,1970,0
2022-02-07 09:01:00,1970,1970,1970,1970,0
2022-02-07 09:02:00,1970,1970,1970,1970,0
2022-02-07 09:03:00,1970,1970,1970,1970,0
2022-02-07 09:04:00,1970,1970,1970,1970,0
2022-02-07 09:05:00,1970,1970,1970,1970,0
2022-02-07 09:06:00,1970,1970,1970,1970,0
2022-02-07 09:07:00,1970,1970,1970,1970,0
2022-02-07 09:08:00,1970,1970,1970,1970,0
2022-02-07 09:09:00,1970,1970,1970,1970,0
2022-02-07 09:10:00,1970,1970,1970,1970,0
2022-02-07 09:11:00,1970,1970,1970,1970,0
2022-02-07 09:12:00,1970,1970,1970,1970,0
2022-02-07 09:13:00,1970,1970,1970,1970,0
2022-02-07 09:14:00,1970,1970,1970,1970,0
2022-02-07 09:15:00,1970,1970,1970,1970,0
2022-02-07 09:16:00,1970,1970,1970,1970,0
2022-02-07 09:17:00,1970,1970,1970,1970,0
2022-02-07 09:18:00,1970,1970,1970,1970,0
2022-02-07 09:19:00,1970,1970,1970,1970,0
2022-02-07 09:20:00,1970,1970,1970,1970,0
2022-02-07 09:21:00,1970,1970,1970,1970,0
2022-02-07 09:22:00,1970,1970,1970,1970,0
2022-02-07 09:23:00,1970,1970,1970,1970,0
2022-02-07 09:24:00,1970,1970,1970,1970,0
2022-02-07 09:25:00,1970,1970,1970,1970,0
2022-02-07 09:26:00,1970,1970,1970,1970,0
2022-02-07 09:27:00,1970,1970,1970,1970,0
2022-02-07 09:28:00,1970,1970,1970,1970,0
2022-02-07 09:29:00,1970,1970,1970,1970,0
2022-02-07 09:30:00,1970,1970,1970,1970,0
2022-02-07 09:31:00,1970,1970,1970,1970,0
2022-02-07 09:32:00,1970,1970,1970,1970,0
2022-02-07 09:33:00,1970,1970,1970,1970,0
2022-02-07 09:34:00,1970,1970,1970,1970,0
2022-02-07 09:35:00,1970,1970,1970,1970,0
2022-02-07 09:36:00,1970,1970,1970,1970,0
2022-02-07 09:37:00,1970,1970,1970,1970,0
2022-02-07 09:38:00,1970,1970,1970,1970,0
2022-02-07 09:39:00,1970,1970,1970,1970,0
2022-02-07 09:40:00,1970,1970,1970,1970,0
2022-02-07 09:41:00,1970,1970,1970,1970,0
2022-02-07 09:42:00,1970,1970,1970,1970,0
2022-02-07 09:43:00,1970,1970,1970,1970,0
2022-02-07 09:44:00,1970,1970,1970,1970,0
2022-02-07 09:45:00,1970,1970,1970,1970,0
2022-02-07 09:46:00,1970,1970,1970,1970,0
2022-02-07 09:47:00,1970,1970,1970,1970,0
2022-02-07 09:48:00,1970,1970,1970,1970,0
2022-02-07 09:49:00,1970,1970,1970,1970,0
2022-02-07 09:50:00,1970,1970,1970,1970,0
2022-02-07 09:51:00,1970,1970,1970,1970,0
2022-02-07 09:52:00,1970,1970,1970,1970,0
2022-02-07 09:53:00,1970,1970,1970,1970,0
2022-02-07 09:54:00,1970,1970,1970,1970,0
2022-02-07 09:55:00,1970,1970,1970,1970,0
2022-02-07 09:56:00,1970,1970,1970,1970,0
2022-02-07 09:57:00,1970,1970,1970,1970,0
2022-02-07 09:58:00,1970,1970,1970,1970,0
2022-02-07 09:59:00,1970,1970,1970,1970,0
2022-02-07 10:00:00,1970,1970,1970,1970,0
2022-02-07 10:01:00,1970,1970,1970,1970,0
2022-02-07 10:02:00,1970,1970,1970,1970,0
2022-02-07 10:03:00,1970,1970,1970,1970,0
2022-02-07 10:04:00,1970,1970,1970,1970,0
2022-02-07 10:05:00,1970,1970,1970,1970,0
2022-02-07 10:06:00,1970,1970,1970,1970,0
2022-02-07 10:07:00,1970,1970,1970,1970,0
2022-02-07 10:08:00,1970,1970,1970,1970,0
2022-02-07 10:09:00,1970,1970,1970,1970,0
2022-02-07 10:10:00,1970,1970,1970,1970,0
2022-02-07 10:11:00,1970,1970,1970,1970,0
2022-02-07 10:12:00,1970,1970,1970,1970,0
2022-02-07 10:13:00,1970,1970,1970,1970,0
2022-02-07 10:14:00,1970,1970,1970,1970,0
2022-02-07 10:15:00,1970,1970,1970,1970,0
2022-02-07 10:16:00,1970,1970,1970,1970,0
2022-02-07 10:17:00,1970,1970,1970,1970,0
2022-02-07 10:18:00,1970,1970,1970,1970,0
2022-02-07 10:19:00,1970,1970,1970,1970,0
2022-02-07 10:20:00,1970,1970,1970,1970,0
2022-02-07 10:21:00,1970,1970,1970,1970,0
2022-02-07 10:22:00,1970,1970,1970,1970,0
2022-02-07 10:23:00,1970,1970,1970,1970,0
2022-02-07 10:24:00,1970,1970,1970,1970,0
2022-02-07 10:25:00,1970,1970,1970,1970,0
2022-02-07 10:26:00,1970,1970,1970,1970,0
2022-02-07 10:27:00,1970,1970,1970,1970,0
2022-02-07 10:28:00,1970,1970,1970,1970,0
2022-02-07 10:29:00,1970,1970,1970,1970,0
2022-02-07 10:30:00,1970,1970,1970,1970,0
2022-02-07 10:31:00,1970,1970,1970,1970,0
2022-02-07 10:32:00,1970,1970,1970,1970,0
2022-02-07 10:33:00,1970,1970,1970,1970,0
2022-02-07 10:34:00,1970,1970,1970,1970,0
2022-02-07 10:35:00,1970,1970,1970,1970,0
2022-02-07 10:36:00,1970,1970,1970,1970,0
2022-02-07 10:37:00,1970,1970,1970,1970,0
2022-02-07 10:38:00,1970,1970,1970,1970,0
2022-02-07 10:39:00,1970,1970,1970,1970,0
2022-02-07 10:40:00,1970,1970,1970,1970,0
2022-02-07 10:41:00,1970,1970,1970,1970,0
2022-02-07 10:42:00,1970,1970,1970,1970,0
2022-02-07 10:43:00,1970,1970,1970,1970,0
2022-02-07 10:44:00,1970,1970,1970,1970,0
2022-02-07 10:45:00,1970,1970,1970,1970,0
2022-02-07 10:46:00,1970,1970,1970,1970,0
2022-02-07 10:47:00,1970,1970,1970,1970,0
2022-02-07 10:48:00,1970,1970,1970,1970,0
2022-02-07 10:49:00,1970,1970,1970,1970,0
2022-02-07 10:50:00,1970,1970,1970,1970,0
2022-02-07 10:51:00,1970,1970,1970,1970,0
2022-02-07 10:52:00,1970,1970,1970,1970,0
2022-02-07 10:53:00,1970,1970,1970,1970,0
2022-02-07 10:54:00,1970,1970,1970,1970,0
2022-02-07 10:55:00,1970,1970,1970,1970,0
2022-02-07 10:56:00,1970,1970,1970,1970,0
2022-02-07 10:57:00,1970,1970,1970,1970,0
2022-02-07 10:58:00,1970,1970,1970,1970,0
2022-02-07 10:59:00,1970,1970,1970,1970,0
2022-02-07 11:00:00,1970,1970,1970,1970,0
2022-02-07 11:01:00,1970,1970,1970,1970,0
2022-02-07 11:02:00,1970,1970,1970,1970,0
2022-02-07 11:03:00,1970,1970,1970,1970,0
2022-02-07 11:04:00,1970,1970,1970,1970,0
2022-02-07 11:05:00,1970,1970,1970,1970,0
2022-02-07 11:06:00,1970,1970,1970,1970,0
2022-02-07 11:07:00,1970,1970,1970,1970,0
2022-02-07 11:08:00,1970,1970,1970,1970,0
2022-02-07 11:09:00,1970,1970,1970,1970,0
2022-02-07 11:10:00,1970,1970,1970,1970,0
2022-02-07 11:11:00,1970,1970,1970,1970,0
2022-02-07 11:12:00,1970,1970,1970,1970,0
2022-02-07 11:13:00,1970,1970,1970,1970,0
2022-02-07 11:14:00,1970,1970,1970,1970,0
2022-02-07 11:15:00,1970,1970,1970,1970,0
2022-02-07 11:16:00,1970,1970,1970,1970,0
2022-02-07 11:17:00,1970,1970,1970,1970,0
2022-02-07 11:18:00,1970,1970,1970,1970,0
2022-02-07 11:19:00,1970,1970,1970,1970,0
2022-02-07 11:20:00,1970,1970,1970,1970,0
2022-02-07 11:21:00,1970,1970,1970,1970,0
2022-02-07 11:22:00,1970,1970,1970,1970,0
2022-02-07 11:23:00,1970,1970,1970,1970,0
2022-02-07 11:24:00,1970,1970,1970,1970,0
2022-02-07 11:25:00,1970,1970,1970,1970,0
2022-02-07 11:26:00,1970,1970,1970,1970,0
2022-02-07 11:27:00,1970,1970,1970,1970,0
2022-02-07 11:28:00,1970,1970,1970,1970,0
2022-02-07 11:29:00,1970,1970,1970,1970,0
2022-02-07 11:30:00,1970,1970,1970,1970,0
2022-02-07 11:31:00,1970,1970,1970,1970,0
2022-02-07 11:32:00,1970,1970,1970,1970,0
2022-02-07 11:33:00,1970,1970,1970,1970,0
2022-02-07 11:34:00,1970,1970,1970,1970,0
2022-02-07 11:35:00,1970,1970,1970,1970,0
2022-02-07 11:36:00,1970,1970,1970,1970,0
2022-02-07 11:37:00,1970,1970,1970,1970,0
2022-02-07 11:38:00,1970,1970,1970,1970,0
2022-02-07 11:39:00,1970,1970,1970,1970,0
2022-02-07 11:40:00,1970,1970,1970,1970,0
2022-02-07 11:41:00,1970,1970,1970,1970,0
2022-02-07 11:42:00,1970,1970,1970,1970,0
2022-02-07 11:43:00,1970,1970,1970,1970,0
2022-02-07 11:44:00,1970,1970,1970,1970,0
2022-02-07 11:45:00,1970,1970,1970,1970,0
2022-02-07 11:46:00,1970,1970,1970,1970,0
2022-02-07 11:47:00,1970,1970,1970,1970,0
2022-02-07 11:48:00,1970,1970,1970,1970,0
2022-02-07 11:49:00,1970,1970,1970,1970,0
2022-02-07 11:50:00,1970,1970,1970,1970,0
2022-02-07 11:51:00,1970,1970,1970,1970,0
2022-02-07 11:52:00,1970,1970,1970,1970,0
2022-02-07 11:53:00,1970,1970,1970,1970,0
2022-02-07 11:54:00,1970,1970,1970,1970,0
2022-02-07 11:55:00,1970,1970,1970,1970,0
2022-02-07 11:56:00,1970,1970,1970,1970,0
2022-02-07 11:57:00,1970,1970,1970,1970,0
2022-02-07 11:58:00,1970,1970,1970,1970,0
2022-02-07 11:59:00,1970,1970,1970,1970,0
2022-02-07 12:00:00,1970,1970,1970,1970,0
2022-02-07 12:01:00,1970,1970,1970,1970,0
2022-02-07 12:02:00,1970,1970,1970,1970,0
2022-02-07 12:03:00,1970,1970,1970,1970,0
2022-02-07 12:04:00,1970,1970,1970,1970,0
2022-02-07 12:05:00,1970,1970,1970,1970,0
2022-02-07 12:06:00,1970,1970,1970,1970,0
2022-02-07 12:07:00,1970,1970,1970,1970,0
2022-02-07 12:08:00,1970,1970,1970,1970,0
2022-02-07 12:09:00,1970,1970,1970,1970,0
2022-02-07 12:10:00,1970,1970,1970,1970,0
2022-02-07 12:11:00,1970,1970,1970,1970,0
2022-02-07 12:12:00,1970,1970,1970,1970,0
2022-02-07 12:13:00,1970,1970,1970,1970,0
2022-02-07 12:14:00,1970,1970,1970,1970,0
2022-02-07 12:15:00,1970,1970,1970,1970,0
2022-02-07 12:16:00,1970,1970,1970,1970,0
2022-02-07 12:17:00,1970,1970,1970,1970,0
2022-02-07 12:18:00,1970,1970,1970,1970,0
2022-02-07 12:19:00,1970,1970,1970,1970,0
2022-02-07 12:20:00,1970,1970,1970,1970,0
2022-02-07 12:21:00,1970,1970,1970,1970,0
2022-02-07 12:22:00,1970,1970,1970,1970,0
2022-02-07 12:23:00,1970,1970,1970,1970,0
2022-02-07 12:24:00,1970,1970,1970,1970,0
2022-02-07 12:25:00,1970,1970,1970,1970,0
2022-02-07 12:26:00,1970,1970,1970,1970,0
2022-02-07 12:27:00,1970,1970,1970,1970,0
2022-02-07 12:28:00,1970,1970,1970,1970,0
2022-02-07 12:29:00,1970,1970,1970,1970,0
2022-02-07 12:30:00,1970,1970,1970,1970,0
2022-02-07 12:31:00,1970,1970,1970,1970,0
2022-02-07 12:32:00,1970,1970,1970,1970,0
2022-02-07 12:33:00,1970,1970,1970,1970,0
2022-02-07 12:34:00,1970,1970,1970,1970,0
2022-02-07 12:35:00,1970,1970,1970,1970,0
2022-02-07 12:36:00,1970,1970,1970,1970,0
2022-02-07 12:37:00,1970,1970,1970,1970,0
2022-02-07 12:38:00,1970,1970,1970,1970,0
2022-02-07 12:39:00,1970,1970,1970,1970,0
2022-02-07 12:40:00,1970,1970,1970,1970,0
2022-02-07 12:41:00,1970,1970,1970,1970,0
2022-02-07 12:42:00,1970,1970,1970,1970,0
2022-02-07 12:43:00,1970,1970,1970,1970,0
2022-02-07 12:44:00,1970,1970,1970,1970,0
2022-02-07 12:45:00,1970,1970,1970,1970,0
2022-02-07 12:46:00,1970,1970,1970,1970,0
2022-02-07 12:47:00,1970,1970,1970,1970,0
2022-02-07 12:48:00,1970,1970,1970,1970,0
2022-02-07 12:49:00,1970,1970,1970,1970,0
2022-02-07 12:50:00,1970,1970,1970,1970,0
2022-02-07 12:51:00,1970,1970,1970,1970,0
2022-02-07 12:52:00,1970,1970,1970,1970,0
2022-02-07 12:53:00,1970,1970,1970,1970,0
2022-02-07 12:54:00,1970,1970,1970,1970,0
2022-02-07 12:55:00,1970,1970,1970,1970,0
2022-02-07 12:56:00,1970,1970,1970,1970,0
2022-02-07 12:57:00,1970,1970,1970,1970,0
2022-02-07 12:58:00,1970,1970,1970,1970,0
2022-02-07 12:59:00,1970,1970,1970,1970,0
2022-02-07 13:00:00,1970,1970,1970,1970,0
2022-02-07 13:01:00,1970,1970,1970,1970,0
2022-02-07 13:02:00,1970,1970,1970,1970,0
2022-02-07 13:03:00,1970,1970,1970,1970,0
2022-02-07 13:04:00,1970,1970,1970,1970,0
2022-02-07 13:05:00,1970,1970,1970,1970,0
2022-02-07 13:06:00,1970,1970,1970,1970,0
2022-02-07 13:07:00,1970,1970,1970,1970,0
2022-02-07 13:08:00,1970,1970,1970,1970,0
2022-02-07 13:09:00,1970,1970,1970,1970,0
2022-02-07 13:10:00,1970,1970,1970,1970,0
2022-02-07 13:11:00,1970,1970,1970,1970,0
2022-02-07 13:12:00,1970,1970,1970,1970,0
2022-02-07 13:13:00,1970,1970,1970,1970,0
2022-02-07 13:14:00,1970,1970,1970,1970,0
2022-02-07 13:15:00,1970,1970,1970,1970,0
2022-02-07 13:16:00,1970,1970,1970,1970,0
2022-02-07 13:17:00,1970,1970,1970,1970,0
2022-02-07 13:18:00,1970,1970,1970,1970,0
2022-02-07 13:19:00,1970,1970,1970,1970,0
2022-02-07 13:20:00,1970,1970,1970,1970,0
2022-02-07 13:21:00,1970,1970,1970,1970,0
2022-02-07 13:22:00,1970,1970,1970,1970,0
2022-02-07 13:23:00,1970,1970,1970,1970,0
2022-02-07 13:24:00,1970,1970,1970,1970,0
2022-02-07 13:25:00,1970,1970,1970,1970,0
2022-02-07 13:26:00,1970,1970,1970,1970,0
2022-02-07 13:27:00,1970,1970,1970,1970,0
2022-02-07 13:28:00,1970,1970,1970,1970,0
2022-02-07 13:29:00,1970,1970,1970,1970,0
2022-02-07 13:30:00,1970,1970,1970,1970,0
2022-02-07 13:31:00,1970,1970,1970,1970,0
2022-02-07 13:32:00,1970,1970,1970,1970,0
2022-02-07 13:33:00,1970,1970,1970,1970,0
2022-02-07 13:34:00,1970,1970,1970,1970,0
2022-02-07 13:35:00,1970,1970,1970,1970,0
2022-02-07 13:36:00,1970,1970,1970,1970,0
2022-02-07 13:37:00,1970,1970,1970,1970,0
2022-02-07 13:38:00,1970,1970,1970,1970,0
2022-02-07 13:39:00,1970,1970,1970,1970,0
2022-02-07 13:40:00,1970,1970,1970,1970,0
2022-02-07 13:41:00,1970,1970,1970,1970,0
2022-02-07 13:42:00,1970,1970,1970,1970,0
2022-02-07 13:43:00,1970,1970,1970,1970,0
2022-02-07 13:44:00,1970,1970,1970,1970,0
2022-02-07 13:45:00,1970,1970,1970,1970,0
2022-02-07 13:46:00,1970,1970,1970,1970,0
2022-02-07 13:47:00,1970,1970,1970,1970,0
2022-02-07 13:48:00,1970,1970,1970,1970,0
2022-02-07 13:49:00,1970,1970,1970,1970,0
2022-02-07 13:50:00,1970,1970,1970,1970,0
2022-02-07 13:51:00,1970,1970,1970,1970,0
2022-02-07 13:52:00,1970,1970,1970,1970,0
2022-02-07 13:53:00,1970,1970,1970,1970,0
2022-02-07 13:54:00,1970,1970,1970,1970,0
2022-02-07 13:55:00,1970,1970,1970,1970,0
2022-02-07 13:56:00,1970,1970,1970,1970,0
2022-02-07 13:57:00,1970,1970,1970,1970,0
2022-02-07 13:58:00,1970,1970,1970,1970,0
2022-02-07 13:59:00,1970,1970,1970,1970,0
2022-02-07 14:00:00,1970,1970,1970,1970,0
2022-02-07 14:01:00,1970,1970,1970,1970,0
2022-02-07 14:02:00,1970,1970,1970,1970,0
2022-02-07 14:03:00,1970,1970,1970,1970,0
2022-02-07 14:04:00,1970,1970,1970,1970,0
2022-02-07 14:05:00,1970,1970,1970,1970,0
2022-02-07 14:06:00,1970,1970,1970,1970,0
2022-02-07 14:07:00,1970,1970,1970,1970,0
2022-02-07 14:08:00,1970,1970,1970,1970,0
2022-02-07 14:09:00,1970,1970,1970,1970,0
2022-02-07 14:10:00,1970,1970,1970,1970,0
2022-02-07 14:11:00,1970,1970,1970,1970,0
2022-02-07 14:12:00,1970,1970,1970,1970,0
2022-02-07 14:13:00,1970,1970,1970,1970,0
2022-02-07 14:14:00,1970,1970,1970,1970,0
2022-02-07 14:15:00,1970,1970,1970,1970,0
2022-02-07 14:16:00,1970,1970,1970,1970,0
2022-02-07 14:17:00,1970,1970,1970,1970,0
2022-02-07 14:18:00,1970,1970,1970,1970,0
2022-02-07 14:19:00,1970,1970,1970,1970,0
2022-02-07 14:20:00,1970,1970,1970,1970,0
2022-02-07 14:21:00,1970,1970,1970,1970,0
2022-02-07 14:22:00,1970,1970,1970,1970,0
2022-02-07 14:23:00,1970,1970,1970,1970,0
2022-02-07 14:24:00,1970,1970,1970,1970,0
2022-02-07 14:25:00,1970,1970,1970,1970,0
2022-02-07 14:26:00,1970,1970,1970,1970,0
2022-02-07 14:27:00,1970,1970,1970,1970,0
2022-02-07 14:28:00,1970,1970,1970,1970,0
2022-02-07 14:29:00,1970,1970,1970,1970,0
2022-02-07 14:30:00,1970,1970,1970,1970,0
2022-02-07 14:31:00,1970,1970,1970,1970,0
2022-02-07 14:32:00,1970,1970,1970,1970,0
2022-02-07 14:33:00,1970,1970,1970,1970,0
2022-02-07 14:34:00,1970,1970,1970,1970,0
2022-02-07 14:35:00,1970,1970,1970,1970,0
2022-02-07 14:36:00,1970,1970,1970,1970,0
2022-02-07 14:37:00,1970,1970,1970,1970,0
2022-02-07 14:38:00,1970,1970,1970,1970,0
2022-02-07 14:39:00,1970,1970,1970,1970,0
2022-02-07 14:40:00,1970,1970,1970,1970,0
2022-02-07 14:41:00,1970,1970,1970,1970,0
2022-02-07 14:42:00,1970,1970,1970,1970,0
2022-02-07 14:43:00,1970,1970,1970,1970,0
2022-02-07 14:44:00,1970,1970,1970,1970,0
2022-02-07 14:45:00,1970,1970,1970,1970,0
2022-02-07 14:46:00,1970,1970,1970,1970,0
2022-02-07 14:47:00,1970,1970,1970,1970,0
2022-02-07 14:48:00,1970,1970,1970,1970,0
2022-02-07 14:49:00,1970,1970,1970,1970,0
2022-02-07 14:50:00,1970,1970,1970,1970,0
2022-02-07 14:51:00,1970,1970,1970,1970,0
2022-02-07 14:52:00,1970,1970,1970,1970,0
2022-02-07 14:53:00,1970,1970,1970,1970,0
2022-02-07 14:54:00,1970,1970,1970,1970,0
2022-02-07 14:55:00,1970,1970,1970,1970,0
2022-02-07 14:56:00,1970,1970,1970,1970,0
2022-02-07 14:57:00,1970,1970,1970,1970,0
2022-02-07 14:58:00,1970,1970,1970,1970,0
2022-02-07 14:59:00,1970,1970,1970,1970,0
2022-02-07 15:00:00,1970,1970,1970,1970,0
2022-02-07 15:01:00,1970,1970,1970,1970,0
2022-02-07 15:02:00,1970,1970,1970,1970,0
2022-02-07 15:03:00,1970,1970,1970,1970,0
2022-02-07 15:04:00,1970,1970,1970,1970,0
2022-02-07 15:05:00,1970,1970,1970,1970,0
2022-02-07 15:06:00,1970,1970,1970,1970,0
2022-02-07 15:07:00,1970,1970,1970,1970,0
2022-02-07 15:08:00,1970,1970,1970,1970,0
2022-02-07 15:09:00,1970,1970,1970,1970,0
2022-02-07 15:10:00,1970,1970,1970,1970,0
2022-02-07 15:11:00,1970,1970,1970,1970,0
2022-02-07 15:12:00,1970,1970,1970,1970,0
2022-02-07 15:13:00,1970,1970,1970,1970,0
2022-02-07 15:14:00,1970,1970,1970,1970,0
2022-02-07 15:15:00,1970,1970,1970,1970,0
2022-02-07 15:16:00,1970,1970,1970,1970,0
2022-02-07 15:17:00,1970,1970,1970,1970,0
2022-02-07 15:18:00,1970,1970,1970,1970,0
2022-02-07 15:19:00,1970,1970,1970,1970,0
2022-02-07 15:20:00,1970,1970,1970,1970,0
2022-02-07 15:21:00,1970,1970,1970,1970,0
2022-02-07 15:22:00,1970,1970,1970,1970,0
2022-02-07 15:23:00,1970,1970,1970,1970,0
2022-02-07 15:24:00,1970,1970,1970,1970,0
2022-02-07 15:25:00,1970,1970,1970,1970,0
2022-02-07 15:26:00,1970,1970,1970,1970,0
2022-02-07 15:27:00,1970,1970,1970,1970,0
2022-02-07 15:28:00,1970,1970,1970,1970,0
2022-02-07 15:29:00,1970,1970,1970,1970,0
2022-02-07 15:30:00,1970,1970,1970,1970,0
2022-02-07 15:31:00,1970,1970,1970,1970,0
2022-02-07 15:32:00,1970,1970,1970,1970,0
2022-02-07 15:33:00,1970,1970,1970,1970,0
2022-02-07 15:34:00,1970,1970,1970,1970,0
2022-02-07 15:35:00,1970,1970,1970,1970,0
2022-02-07 15:36:00,1970,1970,1970,1970,0
2022-02-07 15:37:00,1970,1970,1970,1970,0
2022-02-07 15:38:00,1970,1970,1970,1970,0
2022-02-07 15:39:00,1970,1970,1970,1970,0
2022-02-07 15:40:00,1970,1970,1970,1970,0
2022-02-07 15:41:00,1970,1970,1970,1970,0
2022-02-07 15:42:00,1970,1970,1970,1970,0
2022-02-07 15:43:00,1970,1970,1970,1970,0
2022-02-07 15:44:00,1970,1970,1970,1970,0
2022-02-07 15:45:00,1970,1970,1970,1970,0
2022-02-07 15:46:00,1970,1970,1970,1970,0
2022-02-07 15:47:00,1970,1970,1970,1970,0
2022-02-07 15:48:00,1970,1970,1970,1970,0
2022-02-07 15:49:00,1970,1970,1970,1970,0
2022-02-07 15:50:00,1970,1970,1970,1970,0
2022-02-07 15:51:00,1970,1970,1970,1970,0
2022-02-07 15:52:00,1970,1970,1970,1970,0
2022-02-07 15:53:00,1970,1970,1970,1970,0
2022-02-07 15:54:00,1970,1970,1970,1970,0
2022-02-07 15:55:00,1970,1970,1970,1970,0
2022-02-07 15:56:00,1970,1970,1970,1970,0
2022-02-07 15:57:00,1970,1970,1970,1970,0
2022-02-07 15:58:00,1970,1970,1970,1970,0
2022-02-07 15:59:00,1970,1970,1970,1970,0
2022-02-08 09:00:00,1970,1970,1970,1970,0
2022-02-08 09:01:00,1970,1970,1970,1970,0
2022-02-08 09:02:00,1970,1970,1970,1970,0
2022-02-08 09:03:00,1970,1970,1970,1970,0
2022-02-08 09:04:00,1970,1970,1970,1970,0
2022-02-08 09:05:00,1970,1970,1970,1970,0
2022-02-08 09:06:00,1970,1970,1970,1970,0
2022-02-08 09:07:00,1970,1970,1970,1970,0
2022-02-08 09:08:00,1970,1970,1970,1970,0
2022-02-08 09:09:00,1970,1970,1970,1970,0
2022-02-08 09:10:00,1970,1970,1970,1970,0
2022-02-08 09:11:00,1970,1970,1970,1970,0
2022-02-08 09:12:00,1970,1970,1970,1970,0
2022-02-08 09:13:00,1970,1970,1970,1970,0
2022-02-08 09:14:00,1970,1970,1970,1970,0
2022-02-08 09:15:00,1970,1970,1970,1970,0
2022-02-08 09:16:00,1970,1970,1970,1970,0
2022-02-08 09:17:00,1970,1970,1970,1970,0
2022-02-08 09:18:00,1970,1970,1970,1970,0
2022-02-08 09:19:00,1970,1970,1970,1970,0
2022-02-08 09:20:00,1970,1970,1970,1970,0
2022-02-08 09:21:00,1970,1970,1970,1970,0
2022-02-08 09:22:00,1970,1970,1970,1970,0
2022-02-08 09:23:00,1970,1970,1970,1970,0
2022-02-08 09:24:00,1970,1970,1970,1970,0
2022-02-08 09:25:00,1970,1970,1970,1970,0
2022-02-08 09:26:00,1970,1970,1970,1970,0
2022-02-08 09:27:00,1970,1970,1970,1970,0
2022-02-08 09:28:00,1960,1960,1960,1960,0
2022-02-08 09:29:00,1960,1960,1960,1960,0
2022-02-08 09:30:00,1960,1960,1960,1960,0
2022-02-08 09:31:00,1960,1960,1960,1960,0
2022-02-08 09:32:00,1960,1960,1960,1960,0
2022-02-08 09:33:00,1960,1960,1960,1960,0
2022-02-08 09:34:00,1960,1960,1960,1960,0
2022-02-08 09:35:00,1960,1960,1960,1960,0
2022-02-08 09:36:00,1960,1960,1960,1960,0
2022-02-08 09:37:00,1960,1960,1960,1960,0
2022-02-08 09:38:00,1960,1960,1960,1960,0
2022-02-08 09:39:00,1960,1960,1960,1960,0
2022-02-08 09:40:00,1960,1960,1960,1960,0
2022-02-08 09:41:00,1960,1960,1960,1960,0
2022-02-08 09:42:00,1960,1960,1960,1960,0
2022-02-08 09:43:00,1960,1960,1960,1960,0
2022-02-08 09:44:00,1960,1960,1960,1960,0
2022-02-08 09:45:00,1960,1960,1960,1960,0
2022-02-08 09:46:00,1960,1960,1960,1960,0
2022-02-08 09:47:00,1960,1960,1960,1960,0
2022-02-08 09:48:00,1960,1960,1960,1960,0
2022-02-08 09:49:00,1960,1960,1960,1960,0
2022-02-08 09:50:00,1960,1960,1960,1960,0
2022-02-08 09:51:00,1960,1960,1960,1960,0
2022-02-08 09:52:00,1960,1960,1960,1960,0
2022-02-08 09:53:00,1960,1960,1960,1960,0
2022-02-08 09:54:00,1960,1960,1960,1960,0
2022-02-08 09:55:00,1960,1960,1960,1960,0
2022-02-08 09:56:00,1960,1960,1960,1960,0
2022-02-08 09:57:00,1960,1960,1960,1960,0
2022-02-08 09:58:00,1960,1960,1960,1960,0
2022-02-08 09:59:00,1960,1960,1960,1960,0
2022-02-08 10:00:00,1960,1960,1960,1960,0
2022-02-08 10:01:00,1960,1960,1960,1960,0
2022-02-08 10:02:00,1960,1960,1960,1960,0
2022-02-08 10:03:00,1960,1960,1960,1960,0
2022-02-08 10:04:00,1960,1960,1960,1960,0
2022-02-08 10:05:00,1960,1960,1960,1960,0
2022-02-08 10:06:00,1960,1960,1960,1960,0
2022-02-08 10:07:00,1960,1960,1960,1960,0
2022-02-08 10:08:00,1960,1960,1960,1960,0
2022-02-08 10:09:00,1960,1960,1960,1960,0
2022-02-08 10:10:00,1960,1960,1960,1960,0
2022-02-08 10:11:00,1960,1960,1960,1960,0
2022-02-08 10:12:00,1960,1960,1960,1960,0
2022-02-08 10:13:00,1960,1960,1960,1960,0
2022-02-08 10:14:00,1960,1960,1960,1960,0
2022-02-08 10:15:00,1960,1960,1960,1960,0
2022-02-08 10:16:00,1960,1960,1960,1960,0
2022-02-08 10:17:00,1960,1960,1960,1960,0
2022-02-08 10:18:00,1960,1960,1960,1960,0
2022-02-08 10:19:00,1960,1960,1960,1960,0
2022-02-08 10:20:00,1960,1960,1960,1960,0
2022-02-08 10:21:00,1960,1960,1960,1960,0
2022-02-08 10:22:00,1960,1960,1960,1960,0
2022-02-08 10:23:00,1960,1960,1960,1960,0
2022-02-08 10:24:00,1960,1960,1960,1960,0
2022-02-08 10:25:00,1960,1960,1960,1960,0
2022-02-08 10:26:00,1960,1960,1960,1960,0
2022-02-08 10:27:00,1960,1960,1960,1960,0
2022-02-08 10:28:00,1960,1960,1960,1960,0
2022-02-08 10:29:00,1960,1960,1960,1960,0
2022-02-08 10:30:00,1960,1960,1960,1960,0
2022-02-08 10:31:00,1960,1960,1960,1960,0
2022-02-08 10:32:00,1960,1960,1960,1960,0
2022-02-08 10:33:00,1960,1960,1960,1960,0
2022-02-08 10:34:00,1960,1960,1960,1960,0
2022-02-08 10:35:00,1960,1960,1960,1960,0
2022-02-08 10:36:00,1960,1960,1960,1960,0
2022-02-08 10:37:00,1960,1960,1960,1960,0
2022-02-08 10:38:00,1960,1960,1960,1960,0
2022-02-08 10:39:00,1960,1960,1960,1960,0
2022-02-08 10:40:00,1960,1960,1960,1960,0
2022-02-08 10:41:00,1960,1960,1960,1960,0
2022-02-08 10:42:00,1960,1960,1960,1960,0
2022-02-08 10:43:00,1960,1960,1960,1960,0
2022-02-08 10:44:00,1960,1960,1960,1960,0
2022-02-08 10:45:00,1960,1960,1960,1960,0
2022-02-08 10:46:00,1960,1960,1960,1960,0
2022-02-08 10:47:00,1960,1960,1960,1960,0
2022-02-08 10:48:00,1960,1960,1960,1960,0
2022-02-08 10:49:00,1960,1960,1960,1960,0
2022-02-08 10:50:00,1960,1960,1960,1960,0
2022-02-08 10:51:00,1960,1960,1960,1960,0
2022-02-08 10:52:00,1960,1960,1960,1960,0
2022-02-08 10:53:00,1960,1960,1960,1960,0
2022-02-08 10:54:00,1960,1960,1960,1960,0
2022-02-08 10:55:00,1960,1960,1960,1960,0
2022-02-08 10:56:00,1960,1960,1960,1960,0
2022-02-08 10:57:00,1960,1960,1960,1960,0
2022-02-08 10:58:00,1960,1960,1960,1960,0
2022-02-08 10:59:00,1960,1960,1960,1960,0
2022-02-08 11:00:00,1960,1960,1960,1960,0
2022-02-08 11:01:00,1960,1960,1960,1960,0
2022-02-08 11:02:00,1960,1960,1960,1960,0
2022-02-08 11:03:00,1960,1960,1960,1960,0
2022-02-08 11:04:00,1960,1960,1960,1960,0
2022-02-08 11:05:00,1960,1960,1960,1960,0
2022-02-08 11:06:00,1960,1960,1960,1960,0
2022-02-08 11:07:00,1960,1960,1960,1960,0
2022-02-08 11:08:00,1960,1960,1960,1960,0
2022-02-08 11:09:00,1960,1960,1960,1960,0
2022-02-08 11:10:00,1960,1960,1960,1960,0
2022-02-08 11:11:00,1960,1960,1960,1960,0
2022-02-08 11:12:00,1960,1960,1960,1960,0
2022-02-08 11:13:00,1960,1960,1960,1960,0
2022-02-08 11:14:00,1960,1960,1960,1960,0
2022-02-08 11:15:00,1960,1960,1960,1960,0
2022-02-08 11:16:00,1960,1960,1960,1960,0
2022-02-08 11:17:00,1960,1960,1960,1960,0
2022-02-08 11:18:00,1960,1960,1960,1960,0
2022-02-08 11:19:00,1960,1960,1960,1960,0
2022-02-08 11:20:00,1960,1960,1960,1960,0
2022-02-08 11:21:00,1960,1960,1960,1960,0
2022-02-08 11:22:00,1960,1960,1960,1960,0
2022-02-08 11:23:00,1960,1960,1960,1960,0
2022-02-08 11:24:00,1960,1960,1960,1960,0
2022-02-08 11:25:00,1960,1960,1960,1960,0
2022-02-08 11:26:00,1960,1960,1960,1960,0
2022-02-08 11:27:00,1960,1960,1960,1960,0
2022-02-08 11:28:00,1960,1960,1960,1960,0
2022-02-08 11:29:00,1960,1960,1960,1960,0
2022-02-08 11:30:00,1960,1960,1960,1960,0
2022-02-08 11:31:00,1960,1960,1960,1960,0
2022-02-08 11:32:00,1960,1960,1960,1960,0
2022-02-08 11:33:00,1960,1960,1960,1960,0
2022-02-08 11:34:00,1960,1960,1960,1960,0
2022-02-08 11:35:00,1960,1960,1960,1960,0
2022-02-08 11:36:00,1960,1960,1960,1960,0
2022-02-08 11:37:00,1960,1960,1960,1960,0
2022-02-08 11:38:00,1960,1960,1960,1960,0
2022-02-08 11:39:00,1960,1960,1960,1960,0
2022-02-08 11:40:00,1960,1960,1960,1960,0
2022-02-08 11:41:00,1960,1960,1960,1960,0
2022-02-08 11:42:00,1960,1960,1960,1960,0
2022-02-08 11:43:00,1960,1960,1960,1960,0
2022-02-08 11:44:00,1960,1960,1960,1960,0
2022-02-08 11:45:00,1960,1960,1960,1960,0
2022-02-08 11:46:00,1960,1960,1960,1960,0
2022-02-08 11:47:00,1960,1960,1960,1960,0
2022-02-08 11:48:00,1960,1960,1960,1960,0
2022-02-08 11:49:00,1960,1960,1960,1960,0
2022-02-08 11:50:00,1960,1960,1960,1960,0
2022-02-08 11:51:00,1960,1960,1960,1960,0
2022-02-08 11:52:00,1960,1960,1960,1960,0
2022-02-08 11:53:00,1960,1960,1960,1960,0
2022-02-08 11:54:00,1960,1960,1960,1960,0
2022-02-08 11:55:00,1960,1960,1960,1960,0
2022-02-08 11:56:00,1960,1960,1960,1960,0
2022-02-08 11:57:00,1960,1960,1960,1960,0
2022-02-08 11:58:00,1960,1960,1960,1960,0
2022-02-08 11:59:00,1960,1960,1960,1960,0
2022-02-08 12:00:00,1960,1960,1960,1960,0
2022-02-08 12:01:00,1960,1960,1960,1960,0
2022-02-08 12:02:00,1960,1960,1960,1960,0
2022-02-08 12:03:00,1960,1960,1960,1960,0
2022-02-08 12:04:00,1960,1960,1960,1960,0
2022-02-08 12:05:00,1960,1960,1960,1960,0
2022-02-08 12:06:00,1960,1960,1960,1960,0
2022-02-08 12:07:00,1960,1960,1960,1960,0
2022-02-08 12:08:00,1960,1960,1960,1960,0
2022-02-08 12:09:00,1960,1960,1960,1960,0
2022-02-08 12:10:00,1960,1960,1960,1960,0
2022-02-08 12:11:00,1960,1960,1960,1960,0
2022-02-08 12:12:00,1960,1960,1960,1960,0
2022-02-08 12:13:00,1960,1960,1960,1960,0
2022-02-08 12:14:00,1960,1960,1960,1960,0
2022-02-08 12:15:00,1960,1960,1960,1960,0
2022-02-08 12:16:00,1960,1960,1960,1960,0
2022-02-08 12:17:00,1960,1960,1960,1960,0
2022-02-08 12:18:00,1960,1960,1960,1960,0
2022-02-08 12:19:00,1960,1960,1960,1960,0
2022-02-08 12:20:00,1960,1960,1960,1960,0
2022-02-08 12:21:00,1960,1960,1960,1960,0
2022-02-08 12:22:00,1960,1960,1960,1960,0
2022-02-08 12:23:00,1960,1960,1960,1960,0
2022-02-08 12:24:00,1960,1960,1960,1960,0
2022-02-08 12:25:00,1960,1960,1960,1960,0
2022-02-08 12:26:00,1960,1960,1960,1960,0
2022-02-08 12:27:00,1960,1960,1960,1960,0
2022-02-08 12:28:00,1960,1960,1960,1960,0
2022-02-08 12:29:00,1960,1960,1960,1960,0
2022-02-08 12:30:00,1960,1960,1960,1960,0
2022-02-08 12:31:00,1960,1960,1960,1960,0
2022-02-08 12:32:00,1960,1960,1960,1960,0
2022-02-08 12:33:00,1960,1960,1960,1960,0
2022-02-08 12:34:00,1960,1960,1960,1960,0
2022-02-08 12:35:00,1960,1960,1960,1960,0
2022-02-08 12:36:00,1960,1960,1960,1960,0
2022-02-08 12:37:00,1960,1960,1960,1960,0
2022-02-08 12:38:00,1960,1960,1960,1960,0
2022-02-08 12:39:00,1960,1960,1960,1960,0
2022-02-08 12:40:00,1960,1960,1960,1960,0
2022-02-08 12:41:00,1960,1960,1960,1960,0
2022-02-08 12:42:00,1960,1960,1960,1960,0
2022-02-08 12:43:00,1960,1960,1960,1960,0
2022-02-08 12:44:00,1960,1960,1960,1960,0
2022-02-08 12:45:00,1960,1960,1960,1960,0
2022-02-08 12:46:00,1960,1960,1960,1960,0
2022-02-08 12:47:00,1960,1960,1960,1960,0
2022-02-08 12:48:00,1960,1960,1960,1960,0
2022-02-08 12:49:00,1960,1960,1960,1960,0
2022-02-08 12:50:00,1960,1960,1960,1960,0
2022-02-08 12:51:00,1960,1960,1960,1960,0
2022-02-08 12:52:00,1960,1960,1960,1960,0
2022-02-08 12:53:00,1960,1960,1960,1960,0
2022-02-08 12:54:00,1960,1960,1960,1960,0
2022-02-08 12:55:00,1960,1960,1960,1960,0
2022-02-08 12:56:00,1960,1960,1960,1960,0
2022-02-08 12:57:00,1960,1960,1960,1960,0
2022-02-08 12:58:00,1960,1960,1960,1960,0
2022-02-08 12:59:00,1960,1960,1960,1960,0
2022-02-08 13:00:00,1960,1960,1960,1960,0
2022-02-08 13:01:00,1960,1960,1960,1960,0
2022-02-08 13:02:00,1960,1960,1960,1960,0
2022-02-08 13:03:00,1960,1960,1960,1960,0
2022-02-08 13:04:00,1960,1960,1960,1960,0
2022-02-08 13:05:00,1960,1960,1960,1960,0
2022-02-08 13:06:00,1960,1960,1960,1960,0
2022-02-08 13:07:00,1960,1960,1960,1960,0
2022-02-08 13:08:00,1960,1960,1960,1960,0
2022-02-08 13:09:00,1960,1960,1960,1960,0
2022-02-08 13:10:00,1960,1960,1960,1960,0
2022-02-08 13:11:00,1960,1960,1960,1960,0
2022-02-08 13:12:00,1960,1960,1960,1960,0
2022-02-08 13:13:00,1960,1960,1960,1960,0
2022-02-08 13:14:00,1960,1960,1960,1960,0
2022-02-08 13:15:00,1960,1960,1960,1960,0
2022-02-08 13:16:00,1960,1960,1960,1960,0
2022-02-08 13:17:00,1960,1960,1960,1960,0
2022-02-08 13:18:00,1960,1960,1960,1960,0
2022-02-08 13:19:00,1960,1960,1960,1960,0
2022-02-08 13:20:00,1960,1960,1960,1960,0
2022-02-08 13:21:00,1960,1960,1960,1960,0
2022-02-08 13:22:00,1960,1960,1960,1960,0
2022-02-08 13:23:00,1960,1960,1960,1960,0
2022-02-08 13:24:00,1960,1960,1960,1960,0
2022-02-08 13:25:00,1960,1960,1960,1960,0
2022-02-08 13:26:00,1960,1960,1960,1960,0
2022-02-08 13:27:00,1960,1960,1960,1960,0
2022-02-08 13:28:00,1960,1960,1960,1960,0
2022-02-08 13:29:00,1960,1960,1960,1960,0
2022-02-08 13:30:00,1960,1960,1960,1960,0
2022-02-08 13:31:00,1960,1960,1960,1960,0
2022-02-08 13:32:00,1960,1960,1960,1960,0
2022-02-08 13:33:00,1960,1960,1960,1960,0
2022-02-08 13:34:00,1960,1960,1960,1960,0
2022-02-08 13:35:00,1960,1960,1960,1960,0
2022-02-08 13:36:00,1960,1960,1960,1960,0
2022-02-08 13:37:00,1960,1960,1960,1960,0
2022-02-08 13:38:00,1960,1960,1960,1960,0
2022-02-08 13:39:00,1960,1960,1960,1960,0
2022-02-08 13:40:00,1960,1960,1960,1960,0
2022-02-08 13:41:00,1960,1960,1960,1960,0
2022-02-08 13:42:00,1960,1960,1960,1960,0
2022-02-08 13:43:00,1960,1960,1960,1960,0
2022-02-08 13:44:00,1960,1960,1960,1960,0
2022-02-08 13:45:00,1960,1960,1960,1960,0
2022-02-08 13:46:00,1960,1960,1960,1960,0
2022-02-08 13:47:00,1960,1960,1960,1960,0
2022-02-08 13:48:00,1960,1960,1960,1960,0
2022-02-08 13:49:00,1960,1960,1960,1960,0
2022-02-08 13:50:00,1960,1960,1960,1960,0
2022-02-08 13:51:00,1960,1960,1960,1960,0
2022-02-08 13:52:00,1960,1960,1960,1960,0
2022-02-08 13:53:00,1960,1960,1960,1960,0
2022-02-08 13:54:00,1960,1960,1960,1960,0
2022-02-08 13:55:00,1960,1960,1960,1960,0
2022-02-08 13:56:00,1960,1960,1960,1960,0
2022-02-08 13:57:00,1960,1960,1960,1960,0
2022-02-08 13:58:00,1960,1960,1960,1960,0
2022-02-08 13:59:00,1960,1960,1960,1960,0
2022-02-08 14:00:00,1960,1960,1960,1960,0
2022-02-08 14:01:00,1960,1960,1960,1960,0
2022-02-08 14:02:00,1960,1960,1960,1960,0
2022-02-08 14:03:00,1960,1960,1960,1960,0
2022-02-08 14:04:00,1960,1960,1960,1960,0
2022-02-08 14:05:00,1960,1960,1960,1960,0
2022-02-08 14:06:00,1960,1960,1960,1960,0
2022-02-08 14:07:00,1960,1960,1960,1960,0
2022-02-08 14:08:00,1960,1960,1960,1960,0
2022-02-08 14:09:00,1960,1960,1960,1960,0
2022-02-08 14:10:00,1960,1960,1960,1960,0
2022-02-08 14:11:00,1960,1960,1960,1960,0
2022-02-08 14:12:00,1960,1960,1960,1960,0
2022-02-08 14:13:00,1960,1960,1960,1960,0
2022-02-08 14:14:00,1960,1960,1960,1960,0
2022-02-08 14:15:00,1960,1960,1960,1960,0
2022-02-08 14:16:00,1960,1960,1960,1960,0
2022-02-08 14:17:00,1960,1960,1960,1960,0
2022-02-08 14:18:00,1960,1960,1960,1960,0
2022-02-08 14:19:00,1960,1960,1960,1960,0
2022-02-08 14:20:00,1960,1960,1960,1960,0
2022-02-08 14:21:00,1960,1960,1960,1960,0
2022-02-08 14:22:00,1960,1960,1960,1960,0
2022-02-08 14:23:00,1960,1960,1960,1960,0
2022-02-08 14:24:00,1960,1960,1960,1960,0
2022-02-08 14:25:00,1960,1960,1960,1960,0
2022-02-08 14:26:00,1960,1960,1960,1960,0
2022-02-08 14:27:00,1960,1960,1960,1960,0
2022-02-08 14:28:00,1960,1960,1960,1960,0
2022-02-08 14:29:00,1960,1960,1960,1960,0
2022-02-08 14:30:00,1960,1960,1960,1960,0
2022-02-08 14:31:00,1960,1960,1960,1960,0
2022-02-08 14:32:00,1960,1960,1960,1960,0
2022-02-08 14:33:00,1960,1960,1960,1960,0
2022-02-08 14:34:00,1960,1960,1960,1960,0
2022-02-08 14:35:00,1960,1960,1960,1960,0
2022-02-08 14:36:00,1960,1960,1960,1960,0
2022-02-08 14:37:00,1960,1960,1960,1960,0
2022-02-08 14:38:00,1960,1960,1960,1960,0
2022-02-08 14:39:00,1960,1960,1960,1960,0
2022-02-08 14:40:00,1960,1960,1960,1960,0
2022-02-08 14:41:00,1960,1960,1960,1960,0
2022-02-08 14:42:00,1960,1960,1960,1960,0
2022-02-08 14:43:00,1960,1960,1960,1960,0
2022-02-08 14:44:00,1960,1960,1960,1960,0
2022-02-08 14:45:00,1960,1960,1960,1960,0
2022-02-08 14:46:00,1960,1960,1960,1960,0
2022-02-08 14:47:00,1960,1960,1960,1960,0
2022-02-08 14:48:00,1960,1960,1960,1960,0
2022-02-08 14:49:00,1960,1960,1960,1960,0
2022-02-08 14:50:00,1960,1960,1960,1960,0
2022-02-08 14:51:00,1960,1960,1960,1960,0
2022-02-08 14:52:00,1960,1960,1960,1960,0
2022-02-08 14:53:00,1960,1960,1960,1960,0
2022-02-08 14:54:00,1960,1960,1960,1960,0
2022-02-08 14:55:00,1960,1960,1960,1960,0
2022-02-08 14:56:00,1960,1960,1960,1960,0
2022-02-08 14:57:00,1960,1960,1960,1960,0
2022-02-08 14:58:00,1960,1960,1960,1960,0
2022-02-08 14:59:00,1960,1960,1960,1960,0
2022-02-08 15:00:00,1960,1960,1960,1960,0
2022-02-08 15:01:00,1960,1960,1960,1960,0
2022-02-08 15:02:00,1960,1960,1960,1960,0
2022-02-08 15:03:00,1960,1960,1960,1960,0
2022-02-08 15:04:00,1960,1960,1960,1960,0
2022-02-08 15:05:00,1960,1960,1960,1960,0
2022-02-08 15:06:00,1960,1960,1960,1960,0
2022-02-08 15:07:00,1960,1960,1960,1960,0
2022-02-08 15:08:00,1960,1960,1960,1960,0
2022-02-08 15:09:00,1960,1960,1960,1960,0
2022-02-08 15:10:00,1960,1960,1960,1960,0
2022-02-08 15:11:00,1960,1960,1960,1960,0
2022-02-08 15:12:00,1960,1960,1960,1960,0
2022-02-08 15:13:00,1960,1960,1960,1960,0
2022-02-08 15:14:00,1960,1960,1960,1960,0
2022-02-08 15:15:00,1960,1960,1960,1960,0
2022-02-08 15:16:00,1960,1960,1960,1960,0
2022-02-08 15:17:00,1960,1960,1960,1960,0
2022-02-08 15:18:00,1960,1960,1960,1960,0
2022-02-08 15:19:00,1960,1960,1960,1960,0
2022-02-08 15:20:00,1960,1960,1960,1960,0
2022-02-08 15:21:00,1960,1960,1960,1960,0
2022-02-08 15:22:00,1960,1960,1960,1960,0
2022-02-08 15:23:00,1960,1960,1960,1960,0
2022-02-08 15:24:00,1960,1960,1960,1960,0
2022-02-08 15:25:00,1960,1960,1960,1960,0
2022-02-08 15:26:00,1960,1960,1960,1960,0
2022-02-08 15:27:00,1960,1960,1960,1960,0
2022-02-08 15:28:00,1960,1960,1960,1960,0
2022-02-08 15:29:00,1960,1960,1960,1960,0
2022-02-08 15:30:00,1960,1960,1960,1960,0
2022-02-08 15:31:00,1960,1960,1960,1960,0
2022-02-08 15:32:00,1960,1960,1960,1960,0
2022-02-08 15:33:00,1960,1960,1960,1960,0
2022-02-08 15:34:00,1960,1960,1960,1960,0
2022-02-08 15:35:00,1960,1960,1960,1960,0
2022-02-08 15:36:00,1960,1960,1960,1960,0
2022-02-08 15:37:00,1960,1960,1960,1960,0
2022-02-08 15:38:00,1960,1960,1960,1960,0
2022-02-08 15:39:00,1960,1960,1960,1960,0
2022-02-08 15:40:00,1960,1960,1960,1960,0
2022-02-08 15:41:00,1960,1960,1960,1960,0
2022-02-08 15:42:00,1960,1960,1960,1960,0
2022-02-08 15:43:00,1960,1960,1960,1960,0
2022-02-08 15:44:00,1960,1960,1960,1960,0
2022-02-08 15:45:00,1960,1960,1960,1960,0
2022-02-08 15:46:00,1960,1960,1960,1960,0
2022-02-08 15:47:00,1960,1960,1960,1960,0
2022-02-08 15:48:00,1960,1960,1960,1960,0
2022-02-08 15:49:00,1960,1960,1960,1960,0
2022-02-08 15:50:00,1960,1960,1960,1960,0
2022-02-08 15:51:00,1960,1960,1960,1960,0
2022-02-08 15:52:00,1960,1960,1960,1960,0
2022-02-08 15:53:00,1960,1960,1960,1960,0
2022-02-08 15:54:00,1960,1960,1960,1960,0
2022-02-08 15:55:00,1960,1960,1960,1960,0
2022-02-08 15:56:00,1960,1960,1960,1960,0
2022-02-08 15:57:00,1960,1960,1960,1960,0
2022-02-08 15:58:00,1960,1960,1960,1960,0
2022-02-08 15:59:00,1960,1960,1960,1960,0
2022-02-09 09:00:00,1960,1960,1960,1960,100
2022-02-09 09:01:00,1960,1960,1960,1960,0
2022-02-09 09:02:00,1960,1960,1960,1960,0
2022-02-09 09:03:00,1960,1960,1960,1960,0
2022-02-09 09:04:00,1960,1960,1960,1960,0
2022-02-09 09:05:00,1960,1960,1960,1960,0
2022-02-09 09:06:00,1960,1960,1960,1960,0
2022-02-09 09:07:00,1960,1960,1960,1960,0
2022-02-09 09:08:00,1960,1960,1960,1960,0
2022-02-09 09:09:00,1960,1960,1960,1960,0
2022-02-09 09:10:00,1960,1960,1960,1960,0
2022-02-09 09:11:00,1960,1960,1960,1960,0
2022-02-09 09:12:00,1960,1960,1960,1960,0
2022-02-09 09:13:00,1960,1960,1960,1960,0
2022-02-09 09:14:00,1960,1960,1960,1960,0
2022-02-09 09:15:00,1960,1960,1960,1960,0
2022-02-09 09:16:00,1960,1960,1960,1960,0
2022-02-09 09:17:00,1960,1960,1960,1960,0
2022-02-09 09:18:00,1960,1960,1960,1960,0
2022-02-09 09:19:00,1960,1960,1960,1960,0
2022-02-09 09:20:00,1960,1960,1960,1960,0
2022-02-09 09:21:00,1960,1960,1960,1960,0
2022-02-09 09:22:00,1960,1960,1960,1960,0
2022-02-09 09:23:00,1960,1960,1960,1960,0
2022-02-09 09:24:00,1960,1960,1960,1960,0
2022-02-09 09:25:00,1960,1960,1960,1960,0
2022-02-09 09:26:00,1960,1960,1960,1960,0
2022-02-09 09:27:00,1960,1960,1960,1960,0
2022-02-09 09:28:00,1960,1960,1960,1960,0
2022-02-09 09:29:00,1960,1960,1960,1960,0
2022-02-09 09:30:00,1960,1960,1960,1960,0
2022-02-09 09:31:00,1960,1960,1960,1960,0
2022-02-09 09:32:00,1960,1960,1960,1960,0
2022-02-09 09:33:00,1960,1960,1960,1960,0
2022-02-09 09:34:00,1960,1960,1960,1960,0
2022-02-09 09:35:00,1960,1960,1960,1960,0
2022-02-09 09:36:00,1960,1960,1960,1960,0
2022-02-09 09:37:00,1960,1960,1960,1960,0
2022-02-09 09:38:00,1960,1960,1960,1960,0
2022-02-09 09:39:00,1960,1960,1960,1960,0
2022-02-09 09:40:00,1960,1960,1960,1960,0
2022-02-09 09:41:00,1960,1960,1960,1960,0
2022-02-09 09:42:00,1960,1960,1960,1960,0
2022-02-09 09:43:00,1960,1960,1960,1960,0
2022-02-09 09:44:00,1960,1960,1960,1960,0
2022-02-09 09:45:00,1960,1960,1960,1960,0
2022-02-09 09:46:00,1960,1960,1960,1960,0
2022-02-09 09:47:00,1960,1960,1960,1960,0
2022-02-09 09:48:00,1960,1960,1960,1960,0
2022-02-09 09:49:00,1960,1960,1960,1960,0
2022-02-09 09:50:00,1960,1960,1960,1960,0
2022-02-09 09:51:00,1960,1960,1960,1960,0
2022-02-09 09:52:00,1960,1960,1960,1960,0
2022-02-09 09:53:00,1960,1960,1960,1960,0
2022-02-09 09:54:00,1960,1960,1960,1960,0
2022-02-09 09:55:00,1960,1960,1960,1960,0
2022-02-09 09:56:00,1960,1960,1960,1960,0
2022-02-09 09:57:00,1960,1960,1960,1960,0
2022-02-09 09:58:00,1960,1960,1960,1960,0
2022-02-09 09:59:00,1960,1960,1960,1960,0
2022-02-09 10:00:00,1960,1960,1960,1960,0
2022-02-09 10:01:00,1960,1960,1960,1960,0
2022-02-09 10:02:00,1960,1960,1960,1960,0
2022-02-09 10:03:00,1960,1960,1960,1960,0
2022-02-09 10:04:00,1960,1960,1960,1960,0
2022-02-09 10:05:00,1960,1960,1960,1960,0
2022-02-09 10:06:00,1960,1960,1960,1960,0
2022-02-09 10:07:00,1960,1960,1960,1960,0
2022-02-09 10:08:00,1960,1960,1960,1960,0
2022-02-09 10:09:00,1960,1960,1960,1960,0
2022-02-09 10:10:00,1960,1960,1960,1960,0
2022-02-09 10:11:00,1960,1960,1960,1960,0
2022-02-09 10:12:00,1960,1960,1960,1960,0
2022-02-09 10:13:00,1960,1960,1960,1960,0
2022-02-09 10:14:00,1960,1960,1960,1960,0
2022-02-09 10:15:00,1960,1960,1960,1960,0
2022-02-09 10:16:00,1960,1960,1960,1960,0
2022-02-09 10:17:00,1960,1960,1960,1960,0
2022-02-09 10:18:00,1960,1960,1960,1960,0
2022-02-09 10:19:00,1960,1960,1960,1960,0
2022-02-09 10:20:00,1960,1960,1960,1960,0
2022-02-09 10:21:00,1960,1960,1960,1960,0
2022-02-09 10:22:00,1960,1960,1960,1960,0
2022-02-09 10:23:00,1960,1960,1960,1960,0
2022-02-09 10:24:00,1960,1960,1960,1960,0
2022-02-09 10:25:00,1960,1960,1960,1960,0
2022-02-09 10:26:00,1960,1960,1960,1960,0
2022-02-09 10:27:00,1960,1960,1960,1960,0
2022-02-09 10:28:00,1960,1960,1960,1960,0
2022-02-09 10:29:00,1960,1960,1960,1960,0
2022-02-09 10:30:00,1960,1960,1960,1960,0
2022-02-09 10:31:00,1960,1960,1960,1960,0
2022-02-09 10:32:00,1960,1960,1960,1960,0
2022-02-09 10:33:00,1960,1960,1960,1960,0
2022-02-09 10:34:00,1960,1960,1960,1960,0
2022-02-09 10:35:00,1960,1960,1960,1960,0
2022-02-09 10:36:00,1960,1960,1960,1960,0
2022-02-09 10:37:00,1960,1960,1960,1960,0
2022-02-09 10:38:00,1960,1960,1960,1960,0
2022-02-09 10:39:00,1960,1960,1960,1960,0
2022-02-09 10:40:00,1960,1960,1960,1960,0
2022-02-09 10:41:00,1960,1960,1960,1960,0
2022-02-09 10:42:00,1960,1960,1960,1960,0
2022-02-09 10:43:00,1960,1960,1960,1960,0
2022-02-09 10:44:00,1960,1960,1960,1960,0
2022-02-09 10:45:00,1960,1960,1960,1960,0
2022-02-09 10:46:00,1960,1960,1960,1960,0
2022-02-09 10:47:00,1960,1960,1960,1960,0
2022-02-09 10:48:00,1960,1960,1960,1960,0
2022-02-09 10:49:00,1960,1960,1960,1960,0
2022-02-09 10:50:00,1960,1960,1960,1960,0
2022-02-09 10:51:00,1960,1960,1960,1960,0
2022-02-09 10:52:00,1960,1960,1960,1960,0
2022-02-09 10:53:00,1960,1960,1960,1960,0
2022-02-09 10:54:00,1960,1960,1960,1960,0
2022-02-09 10:55:00,1960,1960,1960,1960,0
2022-02-09 10:56:00,1960,1960,1960,1960,0
2022-02-09 10:57:00,1960,1960,1960,1960,0
2022-02-09 10:58:00,1960,1960,1960,1960,0
2022-02-09 10:59:00,1960,1960,1960,1960,0
2022-02-09 11:00:00,1960,1960,1960,1960,0
2022-02-09 11:01:00,1960,1960,1960,1960,0
2022-02-09 11:02:00,1960,1960,1960,1960,0
2022-02-09 11:03:00,1960,1960,1960,1960,0
2022-02-09 11:04:00,1960,1960,1960,1960,0
2022-02-09 11:05:00,1960,1960,1960,1960,0
2022-02-09 11:06:00,1960,1960,1960,1960,0
2022-02-09 11:07:00,1960,1960,1960,1960,0
2022-02-09 11:08:00,1960,1960,1960,1960,0
2022-02-09 11:09:00,1960,1960,1960,1960,0
2022-02-09 11:10:00,1960,1960,1960,1960,0
2022-02-09 11:11:00,1960,1960,1960,1960,0
2022-02-09 11:12:00,1960,1960,1960,1960,0
2022-02-09 11:13:00,1960,1960,1960,1960,0
2022-02-09 11:14:00,1960,1960,1960,1960,0
2022-02-09 11:15:00,1960,1960,1960,1960,0
2022-02-09 11:16:00,1960,1960,1960,1960,0
2022-02-09 11:17:00,1960,1960,1960,1960,0
2022-02-09 11:18:00,1960,1960,1960,1960,0
2022-02-09 11:19:00,1960,1960,1960,1960,0
2022-02-09 11:20:00,1960,1960,1960,1960,0
2022-02-09 11:21:00,1960,1960,1960,1960,0
2022-02-09 11:22:00,1960,1960,1960,1960,0
2022-02-09 11:23:00,1960,1960,1960,1960,0
2022-02-09 11:24:00,1960,1960,1960,1960,0
2022-02-09 11:25:00,1960,1960,1960,1960,0
2022-02-09 11:26:00,1960,1960,1960,1960,0
2022-02-09 11:27:00,1960,1960,1960,1960,0
2022-02-09 11:28:00,1960,1960,1960,1960,0
2022-02-09 11:29:00,1960,1960,1960,1960,0
2022-02-09 11:30:00,1960,1960,1960,1960,0
2022-02-09 11:31:00,1960,1960,1960,1960,0
2022-02-09 11:32:00,1960,1960,1960,1960,0
2022-02-09 11:33:00,1960,1960,1960,1960,0
2022-02-09 11:34:00,1960,1960,1960,1960,0
2022-02-09 11:35:00,1960,1960,1960,1960,0
2022-02-09 11:36:00,1960,1960,1960,1960,0
2022-02-09 11:37:00,1960,1960,1960,1960,0
2022-02-09 11:38:00,1960,1960,1960,1960,0
2022-02-09 11:39:00,1960,1960,1960,1960,0
2022-02-09 11:40:00,1960,1960,1960,1960,0
2022-02-09 11:41:00,1960,1960,1960,1960,0
2022-02-09 11:42:00,1960,1960,1960,1960,0
2022-02-09 11:43:00,1960,1960,1960,1960,0
2022-02-09 11:44:00,1960,1960,1960,1960,0
2022-02-09 11:45:00,1960,1960,1960,1960,0
2022-02-09 11:46:00,1960,1960,1960,1960,0
2022-02-09 11:47:00,1960,1960,1960,1960,0
2022-02-09 11:48:00,1960,1960,1960,1960,0
2022-02-09 11:49:00,1960,1960,1960,1960,0
2022-02-09 11:50:00,1960,1960,1960,1960,0
2022-02-09 11:51:00,1960,1960,1960,1960,0
2022-02-09 11:52:00,1960,1960,1960,1960,0
2022-02-09 11:53:00,1960,1960,1960,1960,0
2022-02-09 11:54:00,1960,1960,1960,1960,0
2022-02-09 11:55:00,1960,1960,1960,1960,0
2022-02-09 11:56:00,1960,1960,1960,1960,0
2022-02-09 11:57:00,1960,1960,1960,1960,0
2022-02-09 11:58:00,1960,1960,1960,1960,0
2022-02-09 11:59:00,1960,1960,1960,1960,0
2022-02-09 12:00:00,1960,1960,1960,1960,0
2022-02-09 12:01:00,1960,1960,1960,1960,0
2022-02-09 12:02:00,1960,1960,1960,1960,0
2022-02-09 12:03:00,1960,1960,1960,1960,0
2022-02-09 12:04:00,1960,1960,1960,1960,0
2022-02-09 12:05:00,1960,1960,1960,1960,0
2022-02-09 12:06:00,1960,1960,1960,1960,0
2022-02-09 12:07:00,1960,1960,1960,1960,0
2022-02-09 12:08:00,1960,1960,1960,1960,0
2022-02-09 12:09:00,1960,1960,1960,1960,0
2022-02-09 12:10:00,1960,1960,1960,1960,0
2022-02-09 12:11:00,1960,1960,1960,1960,0
2022-02-09 12:12:00,1960,1960,1960,1960,0
2022-02-09 12:13:00,1960,1960,1960,1960,0
2022-02-09 12:14:00,1960,1960,1960,1960,0
2022-02-09 12:15:00,1960,1960,1960,1960,0
2022-02-09 12:16:00,1960,1960,1960,1960,0
2022-02-09 12:17:00,1960,1960,1960,1960,0
2022-02-09 12:18:00,1960,1960,1960,1960,0
2022-02-09 12:19:00,1960,1960,1960,1960,0
2022-02-09 12:20:00,1960,1960,1960,1960,0
2022-02-09 12:21:00,1960,1960,1960,1960,0
2022-02-09 12:22:00,1960,1960,1960,1960,0
2022-02-09 12:23:00,1960,1960,1960,1960,0
2022-02-09 12:24:00,1960,1960,1960,1960,0
2022-02-09 12:25:00,1960,1960,1960,1960,0
2022-02-09 12:26:00,1960,1960,1960,1960,0
2022-02-09 12:27:00,1960,1960,1960,1960,0
2022-02-09 12:28:00,1960,1960,1960,1960,0
2022-02-09 12:29:00,1960,1960,1960,1960,0
2022-02-09 12:30:00,1960,1960,1960,1960,0
2022-02-09 12:31:00,1960,1960,1960,1960,0
2022-02-09 12:32:00,1960,1960,1960,1960,0
2022-02-09 12:33:00,1960,1960,1960,1960,0
2022-02-09 12:34:00,1960,1960,1960,1960,0
2022-02-09 12:35:00,1960,1960,1960,1960,0
2022-02-09 12:36:00,1960,1960,1960,1960,0
2022-02-09 12:37:00,1960,1960,1960,1960,0
2022-02-09 12:38:00,1960,1960,1960,1960,0
2022-02-09 12:39:00,1960,1960,1960,1960,0
2022-02-09 12:40:00,1960,1960,1960,1960,0
2022-02-09 12:41:00,1960,1960,1960,1960,0
2022-02-09 12:42:00,1960,1960,1960,1960,0
2022-02-09 12:43:00,1960,1960,1960,1960,0
2022-02-09 12:44:00,1960,1960,1960,1960,0
2022-02-09 12:45:00,1960,1960,1960,1960,0
2022-02-09 12:46:00,1960,1960,1960,1960,0
2022-02-09 12:47:00,1960,1960,1960,1960,0
2022-02-09 12:48:00,1960,1960,1960,1960,0
2022-02-09 12:49:00,1960,1960,1960,1960,0
2022-02-09 12:50:00,1960,1960,1960,1960,0
2022-02-09 12:51:00,1960,1960,1960,1960,0
2022-02-09 12:52:00,1960,1960,1960,1960,0
2022-02-09 12:53:00,1960,1960,1960,1960,0
2022-02-09 12:54:00,1960,1960,1960,1960,0
2022-02-09 12:55:00,1960,1960,1960,1960,0
2022-02-09 12:56:00,1960,1960,1960,1960,0
2022-02-09 12:57:00,1960,1960,1960,1960,0
2022-02-09 12:58:00,1960,1960,1960,1960,0
2022-02-09 12:59:00,1960,1960,1960,1960,0
2022-02-09 13:00:00,1960,1960,1960,1960,0
2022-02-09 13:01:00,1960,1960,1960,1960,0
2022-02-09 13:02:00,1960,1960,1960,1960,0
2022-02-09 13:03:00,1960,1960,1960,1960,0
2022-02-09 13:04:00,1960,1960,1960,1960,0
2022-02-09 13:05:00,1960,1960,1960,1960,0
2022-02-09 13:06:00,1960,1960,1960,1960,0
2022-02-09 13:07:00,1960,1960,1960,1960,0
2022-02-09 13:08:00,1960,1960,1960,1960,0
2022-02-09 13:09:00,1960,1960,1960,1960,0
2022-02-09 13:10:00,1960,1960,1960,1960,0
2022-02-09 13:11:00,1960,1960,1960,1960,0
2022-02-09 13:12:00,1960,1960,1960,1960,0
2022-02-09 13:13:00,1960,1960,1960,1960,0
2022-02-09 13:14:00,1960,1960,1960,1960,0
2022-02-09 13:15:00,1960,1960,1960,1960,0
2022-02-09 13:16:00,1960,1960,1960,1960,0
2022-02-09 13:17:00,1960,1960,1960,1960,0
2022-02-09 13:18:00,1960,1960,1960,1960,0
2022-02-09 13:19:00,1960,1960,1960,1960,0
2022-02-09 13:20:00,1960,1960,1960,1960,0
2022-02-09 13:21:00,1960,1960,1960,1960,0
2022-02-09 13:22:00,1960,1960,1960,1960,0
2022-02-09 13:23:00,1960,1960,1960,1960,0
2022-02-09 13:24:00,1960,1960,1960,1960,0
2022-02-09 13:25:00,1960,1960,1960,1960,0
2022-02-09 13:26:00,1960,1960,1960,1960,0
2022-02-09 13:27:00,1960,1960,1960,1960,0
2022-02-09 13:28:00,1960,1960,1960,1960,0
2022-02-09 13:29:00,1960,1960,1960,1960,0
2022-02-09 13:30:00,1900,1900,1900,1900,100
2022-02-09 13:31:00,1900,1900,1900,1900,0
2022-02-09 13:32:00,1900,1900,1900,1900,0
2022-02-09 13:33:00,1900,1900,1900,1900,0
2022-02-09 13:34:00,1900,1900,1900,1900,0
2022-02-09 13:35:00,1900,1900,1900,1900,0
2022-02-09 13:36:00,1900,1900,1900,1900,0
2022-02-09 13:37:00,1900,1900,1900,1900,0
2022-02-09 13:38:00,1900,1900,1900,1900,0
2022-02-09 13:39:00,1900,1900,1900,1900,0
2022-02-09 13:40:00,1900,1900,1900,1900,0
2022-02-09 13:41:00,1900,1900,1900,1900,0
2022-02-09 13:42:00,1900,1900,1900,1900,0
2022-02-09 13:43:00,1895,1895,1895,1895,100
2022-02-09 13:44:00,1895,1895,1895,1895,0
2022-02-09 13:45:00,1895,1895,1895,1895,0
2022-02-09 13:46:00,1895,1895,1895,1895,0
2022-02-09 13:47:00,1895,1895,1895,1895,0
2022-02-09 13:48:00,1895,1895,1895,1895,0
2022-02-09 13:49:00,1895,1895,1895,1895,0
2022-02-09 13:50:00,1895,1895,1895,1895,0
2022-02-09 13:51:00,1895,1895,1895,1895,0
2022-02-09 13:52:00,1895,1895,1895,1895,0
2022-02-09 13:53:00,1895,1895,1895,1895,0
2022-02-09 13:54:00,1895,1895,1895,1895,0
2022-02-09 13:55:00,1895,1895,1895,1895,0
2022-02-09 13:56:00,1895,1895,1895,1895,0
2022-02-09 13:57:00,1895,1895,1895,1895,0
2022-02-09 13:58:00,1895,1895,1895,1895,0
2022-02-09 13:59:00,1895,1895,1895,1895,0
2022-02-09 14:00:00,1895,1895,1895,1895,0
2022-02-09 14:01:00,1895,1895,1895,1895,0
2022-02-09 14:02:00,1895,1895,1895,1895,0
2022-02-09 14:03:00,1895,1895,1895,1895,0
2022-02-09 14:04:00,1895,1895,1895,1895,0
2022-02-09 14:05:00,1895,1895,1895,1895,0
2022-02-09 14:06:00,1895,1895,1895,1895,0
2022-02-09 14:07:00,1895,1895,1895,1895,0
2022-02-09 14:08:00,1895,1895,1895,1895,0
2022-02-09 14:09:00,1895,1895,1895,1895,0
2022-02-09 14:10:00,1895,1895,1895,1895,0
2022-02-09 14:11:00,1895,1895,1895,1895,0
2022-02-09 14:12:00,1895,1895,1895,1895,0
2022-02-09 14:13:00,1895,1895,1895,1895,0
2022-02-09 14:14:00,1895,1895,1895,1895,0
2022-02-09 14:15:00,1895,1895,1895,1895,0
2022-02-09 14:16:00,1895,1895,1895,1895,0
2022-02-09 14:17:00,1895,1895,1895,1895,0
2022-02-09 14:18:00,1895,1895,1895,1895,0
2022-02-09 14:19:00,1895,1895,1895,1895,0
2022-02-09 14:20:00,1895,1895,1895,1895,0
2022-02-09 14:21:00,1895,1895,1895,1895,0
2022-02-09 14:22:00,1895,1895,1895,1895,0
2022-02-09 14:23:00,1895,1895,1895,1895,0
2022-02-09 14:24:00,1895,1895,1895,1895,0
2022-02-09 14:25:00,1895,1895,1895,1895,0
2022-02-09 14:26:00,1895,1895,1895,1895,0
2022-02-09 14:27:00,1895,1895,1895,1895,0
2022-02-09 14:28:00,1895,1895,1895,1895,0
2022-02-09 14:29:00,1895,1895,1895,1895,0
2022-02-09 14:30:00,1895,1895,1895,1895,0
2022-02-09 14:31:00,1895,1895,1895,1895,0
2022-02-09 14:32:00,1895,1895,1895,1895,0
2022-02-09 14:33:00,1895,1895,1895,1895,0
2022-02-09 14:34:00,1895,1895,1895,1895,0
2022-02-09 14:35:00,1895,1895,1895,1895,0
2022-02-09 14:36:00,1895,1895,1895,1895,0
2022-02-09 14:37:00,1895,1895,1895,1895,0
2022-02-09 14:38:00,1895,1895,1895,1895,0
2022-02-09 14:39:00,1895,1895,1895,1895,0
2022-02-09 14:40:00,1895,1895,1895,1895,0
2022-02-09 14:41:00,1895,1895,1895,1895,0
2022-02-09 14:42:00,1895,1895,1895,1895,0
2022-02-09 14:43:00,1895,1895,1895,1895,0
2022-02-09 14:44:00,1895,1895,1895,1895,0
2022-02-09 14:45:00,1895,1895,1895,1895,0
2022-02-09 14:46:00,1895,1895,1895,1895,0
2022-02-09 14:47:00,1895,1895,1895,1895,0
2022-02-09 14:48:00,1895,1895,1895,1895,0
2022-02-09 14:49:00,1895,1895,1895,1895,0
2022-02-09 14:50:00,1895,1895,1895,1895,0
2022-02-09 14:51:00,1895,1895,1895,1895,0
2022-02-09 14:52:00,1895,1895,1895,1895,0
2022-02-09 14:53:00,1895,1895,1895,1895,0
2022-02-09 14:54:00,1895,1895,1895,1895,0
2022-02-09 14:55:00,1895,1895,1895,1895,0
2022-02-09 14:56:00,1895,1895,1895,1895,0
2022-02-09 14:57:00,1895,1895,1895,1895,0
2022-02-09 14:58:00,1895,1895,1895,1895,0
2022-02-09 14:59:00,1895,1895,1895,1895,0
2022-02-09 15:00:00,1895,1895,1895,1895,0
2022-02-09 15:01:00,1895,1895,1895,1895,0
2022-02-09 15:02:00,1895,1895,1895,1895,0
2022-02-09 15:03:00,1895,1895,1895,1895,0
2022-02-09 15:04:00,1895,1895,1895,1895,0
2022-02-09 15:05:00,1895,1895,1895,1895,0
2022-02-09 15:06:00,1895,1895,1895,1895,0
2022-02-09 15:07:00,1895,1895,1895,1895,0
2022-02-09 15:08:00,1895,1895,1895,1895,0
2022-02-09 15:09:00,1895,1895,1895,1895,0
2022-02-09 15:10:00,1895,1895,1895,1895,0
2022-02-09 15:11:00,1895,1895,1895,1895,0
2022-02-09 15:12:00,1895,1895,1895,1895,0
2022-02-09 15:13:00,1895,1895,1895,1895,0
2022-02-09 15:14:00,1895,1895,1895,1895,0
2022-02-09 15:15:00,1895,1895,1895,1895,0
2022-02-09 15:16:00,1895,1895,1895,1895,0
2022-02-09 15:17:00,1895,1895,1895,1895,0
2022-02-09 15:18:00,1895,1895,1895,1895,0
2022-02-09 15:19:00,1895,1895,1895,1895,0
2022-02-09 15:20:00,1895,1895,1895,1895,0
2022-02-09 15:21:00,1895,1895,1895,1895,0
2022-02-09 15:22:00,1895,1895,1895,1895,0
2022-02-09 15:23:00,1895,1895,1895,1895,0
2022-02-09 15:24:00,1895,1895,1895,1895,0
2022-02-09 15:25:00,1895,1895,1895,1895,0
2022-02-09 15:26:00,1895,1895,1895,1895,0
2022-02-09 15:27:00,1895,1895,1895,1895,0
2022-02-09 15:28:00,1895,1895,1895,1895,0
2022-02-09 15:29:00,1895,1895,1895,1895,0
2022-02-09 15:30:00,1895,1895,1895,1895,0
2022-02-09 15:31:00,1895,1895,1895,1895,0
2022-02-09 15:32:00,1895,1895,1895,1895,0
2022-02-09 15:33:00,1895,1895,1895,1895,0
2022-02-09 15:34:00,1895,1895,1895,1895,0
2022-02-09 15:35:00,1895,1895,1895,1895,0
2022-02-09 15:36:00,1895,1895,1895,1895,0
2022-02-09 15:37:00,1895,1895,1895,1895,0
2022-02-09 15:38:00,1895,1895,1895,1895,0
2022-02-09 15:39:00,1895,1895,1895,1895,0
2022-02-09 15:40:00,1895,1895,1895,1895,0
2022-02-09 15:41:00,1895,1895,1895,1895,0
2022-02-09 15:42:00,1895,1895,1895,1895,0
2022-02-09 15:43:00,1895,1895,1895,1895,0
2022-02-09 15:44:00,1895,1895,1895,1895,0
2022-02-09 15:45:00,1895,1895,1895,1895,0
2022-02-09 15:46:00,1895,1895,1895,1895,0
2022-02-09 15:47:00,1895,1895,1895,1895,0
2022-02-09 15:48:00,1895,1895,1895,1895,0
2022-02-09 15:49:00,1895,1895,1895,1895,0
2022-02-09 15:50:00,1895,1895,1895,1895,0
2022-02-09 15:51:00,1895,1895,1895,1895,0
2022-02-09 15:52:00,1895,1895,1895,1895,0
2022-02-09 15:53:00,1895,1895,1895,1895,0
2022-02-09 15:54:00,1895,1895,1895,1895,0
2022-02-09 15:55:00,1895,1895,1895,1895,0
2022-02-09 15:56:00,1895,1895,1895,1895,0
2022-02-09 15:57:00,1895,1895,1895,1895,0
2022-02-09 15:58:00,1895,1895,1895,1895,0
2022-02-09 15:59:00,1895,1895,1895,1895,0
2022-02-10 09:00:00,1895,1895,1895,1895,0
2022-02-10 09:01:00,1895,1895,1895,1895,0
2022-02-10 09:02:00,1895,1895,1895,1895,0
2022-02-10 09:03:00,1895,1895,1895,1895,0
2022-02-10 09:04:00,1895,1895,1895,1895,0
2022-02-10 09:05:00,1895,1895,1895,1895,0
2022-02-10 09:06:00,1895,1895,1895,1895,0
2022-02-10 09:07:00,1895,1895,1895,1895,0
2022-02-10 09:08:00,1895,1895,1895,1895,0
2022-02-10 09:09:00,1895,1895,1895,1895,0
2022-02-10 09:10:00,1895,1895,1895,1895,0
2022-02-10 09:11:00,1895,1895,1895,1895,0
2022-02-10 09:12:00,1895,1895,1895,1895,0
2022-02-10 09:13:00,1895,1895,1895,1895,0
2022-02-10 09:14:00,1895,1895,1895,1895,0
2022-02-10 09:15:00,1895,1895,1895,1895,0
2022-02-10 09:16:00,1895,1895,1895,1895,0
2022-02-10 09:17:00,1890,1890,1890,1890,0
2022-02-10 09:18:00,1890,1890,1890,1890,0
2022-02-10 09:19:00,1890,1890,1890,1890,0
2022-02-10 09:20:00,1890,1890,1890,1890,0
2022-02-10 09:21:00,1890,1890,1890,1890,0
2022-02-10 09:22:00,1890,1890,1890,1890,0
2022-02-10 09:23:00,1890,1890,1890,1890,0
2022-02-10 09:24:00,1890,1890,1890,1890,0
2022-02-10 09:25:00,1890,1890,1890,1890,0
2022-02-10 09:26:00,1890,1890,1890,1890,0
2022-02-10 09:27:00,1890,1890,1890,1890,0
2022-02-10 09:28:00,1890,1890,1890,1890,0
2022-02-10 09:29:00,1890,1890,1890,1890,0
2022-02-10 09:30:00,1890,1890,1890,1890,0
2022-02-10 09:31:00,1890,1890,1890,1890,0
2022-02-10 09:32:00,1890,1890,1890,1890,0
2022-02-10 09:33:00,1890,1890,1890,1890,0
2022-02-10 09:34:00,1890,1890,1890,1890,0
2022-02-10 09:35:00,1890,1890,1890,1890,0
2022-02-10 09:36:00,1890,1890,1890,1890,0
2022-02-10 09:37:00,1890,1890,1890,1890,0
2022-02-10 09:38:00,1890,1890,1890,1890,0
2022-02-10 09:39:00,1890,1890,1890,1890,0
2022-02-10 09:40:00,1890,1890,1890,1890,0
2022-02-10 09:41:00,1890,1890,1890,1890,0
2022-02-10 09:42:00,1890,1890,1890,1890,0
2022-02-10 09:43:00,1890,1890,1890,1890,0
2022-02-10 09:44:00,1890,1890,1890,1890,0
2022-02-10 09:45:00,1890,1890,1890,1890,0
2022-02-10 09:46:00,1890,1890,1890,1890,0
2022-02-10 09:47:00,1890,1890,1890,1890,0
2022-02-10 09:48:00,1890,1890,1890,1890,0
2022-02-10 09:49:00,1890,1890,1890,1890,0
2022-02-10 09:50:00,1890,1890,1890,1890,0
2022-02-10 09:51:00,1890,1890,1890,1890,0
2022-02-10 09:52:00,1890,1890,1890,1890,0
2022-02-10 09:53:00,1890,1890,1890,1890,0
2022-02-10 09:54:00,1890,1890,1890,1890,0
2022-02-10 09:55:00,1890,1890,1890,1890,0
2022-02-10 09:56:00,1890,1890,1890,1890,0
2022-02-10 09:57:00,1890,1890,1890,1890,0
2022-02-10 09:58:00,1890,1890,1890,1890,0
2022-02-10 09:59:00,1890,1890,1890,1890,0
2022-02-10 10:00:00,1890,1890,1890,1890,0
2022-02-10 10:01:00,1890,1890,1890,1890,0
2022-02-10 10:02:00,1890,1890,1890,1890,0
2022-02-10 10:03:00,1890,1890,1890,1890,0
2022-02-10 10:04:00,1890,1890,1890,1890,0
2022-02-10 10:05:00,1890,1890,1890,1890,0
2022-02-10 10:06:00,1890,1890,1890,1890,0
2022-02-10 10:07:00,1890,1890,1890,1890,0
2022-02-10 10:08:00,1890,1890,1890,1890,0
2022-02-10 10:09:00,1890,1890,1890,1890,0
2022-02-10 10:10:00,1890,1890,1890,1890,0
2022-02-10 10:11:00,1890,1890,1890,1890,0
2022-02-10 10:12:00,1890,1890,1890,1890,0
2022-02-10 10:13:00,1890,1890,1890,1890,0
2022-02-10 10:14:00,1890,1890,1890,1890,0
2022-02-10 10:15:00,1890,1890,1890,1890,0
2022-02-10 10:16:00,1890,1890,1890,1890,0
2022-02-10 10:17:00,1890,1890,1890,1890,0
2022-02-10 10:18:00,1890,1890,1890,1890,0
2022-02-10 10:19:00,1890,1890,1890,1890,0
2022-02-10 10:20:00,1890,1890,1890,1890,0
2022-02-10 10:21:00,1890,1890,1890,1890,0
2022-02-10 10:22:00,1890,1890,1890,1890,0
2022-02-10 10:23:00,1890,1890,1890,1890,0
2022-02-10 10:24:00,1890,1890,1890,1890,0
2022-02-10 10:25:00,1890,1890,1890,1890,0
2022-02-10 10:26:00,1890,1890,1890,1890,0
2022-02-10 10:27:00,1890,1890,1890,1890,0
2022-02-10 10:28:00,1890,1890,1890,1890,0
2022-02-10 10:29:00,1890,1890,1890,1890,0
2022-02-10 10:30:00,1890,1890,1890,1890,0
2022-02-10 10:31:00,1890,1890,1890,1890,0
2022-02-10 10:32:00,1890,1890,1890,1890,0
2022-02-10 10:33:00,1890,1890,1890,1890,0
2022-02-10 10:34:00,1890,1890,1890,1890,0
2022-02-10 10:35:00,1890,1890,1890,1890,0
2022-02-10 10:36:00,1890,1890,1890,1890,0
2022-02-10 10:37:00,1890,1890,1890,1890,0
2022-02-10 10:38:00,1890,1890,1890,1890,0
2022-02-10 10:39:00,1890,1890,1890,1890,0
2022-02-10 10:40:00,1890,1890,1890,1890,0
2022-02-10 10:41:00,1890,1890,1890,1890,0
2022-02-10 10:42:00,1890,1890,1890,1890,0
2022-02-10 10:43:00,1890,1890,1890,1890,0
2022-02-10 10:44:00,1890,1890,1890,1890,0
2022-02-10 10:45:00,1890,1890,1890,1890,0
2022-02-10 10:46:00,1895,1895,1895,1895,100
2022-02-10 10:47:00,1895,1895,1895,1895,0
2022-02-10 10:48:00,1895,1895,1895,1895,0
2022-02-10 10:49:00,1895,1895,1895,1895,0
2022-02-10 10:50:00,1895,1895,1895,1895,0
2022-02-10 10:51:00,1895,1895,1895,1895,0
2022-02-10 10:52:00,1895,1895,1895,1895,0
2022-02-10 10:53:00,1895,1895,1895,1895,0
2022-02-10 10:54:00,1895,1895,1895,1895,0
2022-02-10 10:55:00,1895,1895,1895,1895,0
2022-02-10 10:56:00,1895,1895,1895,1895,0
2022-02-10 10:57:00,1895,1895,1895,1895,0
2022-02-10 10:58:00,1895,1895,1895,1895,0
2022-02-10 10:59:00,1895,1895,1895,1895,0
2022-02-10 11:00:00,1895,1895,1895,1895,0
2022-02-10 11:01:00,1895,1895,1895,1895,0
2022-02-10 11:02:00,1895,1895,1895,1895,0
2022-02-10 11:03:00,1895,1895,1895,1895,0
2022-02-10 11:04:00,1895,1895,1895,1895,0
2022-02-10 11:05:00,1895,1895,1895,1895,0
2022-02-10 11:06:00,1895,1895,1895,1895,0
2022-02-10 11:07:00,1895,1895,1895,1895,0
2022-02-10 11:08:00,1895,1895,1895,1895,0
2022-02-10 11:09:00,1895,1895,1895,1895,0
2022-02-10 11:10:00,1895,1895,1895,1895,0
2022-02-10 11:11:00,1895,1895,1895,1895,0
2022-02-10 11:12:00,1895,1895,1895,1895,0
2022-02-10 11:13:00,1895,1895,1895,1895,0
2022-02-10 11:14:00,1895,1895,1895,1895,0
2022-02-10 11:15:00,1895,1895,1895,1895,0
2022-02-10 11:16:00,1895,1895,1895,1895,0
2022-02-10 11:17:00,1895,1895,1895,1895,0
2022-02-10 11:18:00,1895,1895,1895,1895,0
2022-02-10 11:19:00,1895,1895,1895,1895,0
2022-02-10 11:20:00,1895,1895,1895,1895,0
2022-02-10 11:21:00,1895,1895,1895,1895,0
2022-02-10 11:22:00,1895,1895,1895,1895,0
2022-02-10 11:23:00,1895,1895,1895,1895,0
2022-02-10 11:24:00,1895,1895,1895,1895,0
2022-02-10 11:25:00,1895,1895,1895,1895,0
2022-02-10 11:26:00,1895,1895,1895,1895,0
2022-02-10 11:27:00,1895,1895,1895,1895,0
2022-02-10 11:28:00,1895,1895,1895,1895,0
2022-02-10 11:29:00,1895,1895,1895,1895,0
2022-02-10 11:30:00,1895,1895,1895,1895,0
2022-02-10 11:31:00,1895,1895,1895,1895,0
2022-02-10 11:32:00,1895,1895,1895,1895,0
2022-02-10 11:33:00,1895,1895,1895,1895,0
2022-02-10 11:34:00,1895,1895,1895,1895,0
2022-02-10 11:35:00,1895,1895,1895,1895,0
2022-02-10 11:36:00,1895,1895,1895,1895,0
2022-02-10 11:37:00,1895,1895,1895,1895,0
2022-02-10 11:38:00,1895,1895,1895,1895,0
2022-02-10 11:39:00,1895,1895,1895,1895,0
2022-02-10 11:40:00,1895,1895,1895,1895,0
2022-02-10 11:41:00,1895,1895,1895,1895,0
2022-02-10 11:42:00,1895,1895,1895,1895,0
2022-02-10 11:43:00,1895,1895,1895,1895,0
2022-02-10 11:44:00,1895,1895,1895,1895,0
2022-02-10 11:45:00,1895,1895,1895,1895,0
2022-02-10 11:46:00,1895,1895,1895,1895,0
2022-02-10 11:47:00,1895,1895,1895,1895,0
2022-02-10 11:48:00,1895,1895,1895,1895,0
2022-02-10 11:49:00,1895,1895,1895,1895,0
2022-02-10 11:50:00,1895,1895,1895,1895,0
2022-02-10 11:51:00,1895,1895,1895,1895,0
2022-02-10 11:52:00,1895,1895,1895,1895,0
2022-02-10 11:53:00,1895,1895,1895,1895,0
2022-02-10 11:54:00,1895,1895,1895,1895,0
2022-02-10 11:55:00,1895,1895,1895,1895,0
2022-02-10 11:56:00,1895,1895,1895,1895,0
2022-02-10 11:57:00,1895,1895,1895,1895,0
2022-02-10 11:58:00,1895,1895,1895,1895,0
2022-02-10 11:59:00,1895,1895,1895,1895,0
2022-02-10 12:00:00,1895,1895,1895,1895,0
2022-02-10 12:01:00,1895,1895,1895,1895,0
2022-02-10 12:02:00,1895,1895,1895,1895,0
2022-02-10 12:03:00,1895,1895,1895,1895,0
2022-02-10 12:04:00,1895,1895,1895,1895,0
2022-02-10 12:05:00,1895,1895,1895,1895,0
2022-02-10 12:06:00,1895,1895,1895,1895,0
2022-02-10 12:07:00,1895,1895,1895,1895,0
2022-02-10 12:08:00,1895,1895,1895,1895,0
2022-02-10 12:09:00,1895,1895,1895,1895,0
2022-02-10 12:10:00,1895,1895,1895,1895,0
2022-02-10 12:11:00,1895,1895,1895,1895,0
2022-02-10 12:12:00,1895,1895,1895,1895,0
2022-02-10 12:13:00,1895,1895,1895,1895,0
2022-02-10 12:14:00,1895,1895,1895,1895,0
2022-02-10 12:15:00,1895,1895,1895,1895,0
2022-02-10 12:16:00,1895,1895,1895,1895,0
2022-02-10 12:17:00,1895,1895,1895,1895,0
2022-02-10 12:18:00,1895,1895,1895,1895,0
2022-02-10 12:19:00,1895,1895,1895,1895,0
2022-02-10 12:20:00,1895,1895,1895,1895,0
2022-02-10 12:21:00,1895,1895,1895,1895,0
2022-02-10 12:22:00,1895,1895,1895,1895,0
2022-02-10 12:23:00,1895,1895,1895,1895,0
2022-02-10 12:24:00,1895,1895,1895,1895,0
2022-02-10 12:25:00,1895,1895,1895,1895,0
2022-02-10 12:26:00,1895,1895,1895,1895,0
2022-02-10 12:27:00,1895,1895,1895,1895,0
2022-02-10 12:28:00,1895,1895,1895,1895,0
2022-02-10 12:29:00,1895,1895,1895,1895,0
2022-02-10 12:30:00,1895,1895,1895,1895,0
2022-02-10 12:31:00,1895,1895,1895,1895,0
2022-02-10 12:32:00,1895,1895,1895,1895,0
2022-02-10 12:33:00,1895,1895,1895,1895,0
2022-02-10 12:34:00,1895,1895,1895,1895,0
2022-02-10 12:35:00,1895,1895,1895,1895,0
2022-02-10 12:36:00,1895,1895,1895,1895,0
2022-02-10 12:37:00,1895,1895,1895,1895,0
2022-02-10 12:38:00,1895,1895,1895,1895,0
2022-02-10 12:39:00,1895,1895,1895,1895,0
2022-02-10 12:40:00,1895,1895,1895,1895,0
2022-02-10 12:41:00,1895,1895,1895,1895,0
2022-02-10 12:42:00,1895,1895,1895,1895,0
2022-02-10 12:43:00,1895,1895,1895,1895,0
2022-02-10 12:44:00,1895,1895,1895,1895,0
2022-02-10 12:45:00,1895,1895,1895,1895,0
2022-02-10 12:46:00,1895,1895,1895,1895,0
2022-02-10 12:47:00,1895,1895,1895,1895,0
2022-02-10 12:48:00,1895,1895,1895,1895,0
2022-02-10 12:49:00,1895,1895,1895,1895,0
2022-02-10 12:50:00,1895,1895,1895,1895,0
2022-02-10 12:51:00,1895,1895,1895,1895,0
2022-02-10 12:52:00,1895,1895,1895,1895,0
2022-02-10 12:53:00,1895,1895,1895,1895,0
2022-02-10 12:54:00,1895,1895,1895,1895,0
2022-02-10 12:55:00,1895,1895,1895,1895,0
2022-02-10 12:56:00,1895,1895,1895,1895,0
2022-02-10 12:57:00,1895,1895,1895,1895,0
2022-02-10 12:58:00,1895,1895,1895,1895,0
2022-02-10 12:59:00,1895,1895,1895,1895,0
2022-02-10 13:00:00,1895,1895,1895,1895,0
2022-02-10 13:01:00,1895,1895,1895,1895,0
2022-02-10 13:02:00,1895,1895,1895,1895,0
2022-02-10 13:03:00,1895,1895,1895,1895,0
2022-02-10 13:04:00,1895,1895,1895,1895,0
2022-02-10 13:05:00,1895,1895,1895,1895,0
2022-02-10 13:06:00,1895,1895,1895,1895,0
2022-02-10 13:07:00,1895,1895,1895,1895,0
2022-02-10 13:08:00,1895,1895,1895,1895,0
2022-02-10 13:09:00,1895,1895,1895,1895,0
2022-02-10 13:10:00,1895,1895,1895,1895,0
2022-02-10 13:11:00,1895,1895,1895,1895,0
2022-02-10 13:12:00,1895,1895,1895,1895,0
2022-02-10 13:13:00,1895,1895,1895,1895,0
2022-02-10 13:14:00,1895,1895,1895,1895,0
2022-02-10 13:15:00,1895,1895,1895,1895,0
2022-02-10 13:16:00,1895,1895,1895,1895,0
2022-02-10 13:17:00,1895,1895,1895,1895,0
2022-02-10 13:18:00,1895,1895,1895,1895,0
2022-02-10 13:19:00,1895,1895,1895,1895,0
2022-02-10 13:20:00,1895,1895,1895,1895,0
2022-02-10 13:21:00,1895,1895,1895,1895,0
2022-02-10 13:22:00,1895,1895,1895,1895,0
2022-02-10 13:23:00,1895,1895,1895,1895,0
2022-02-10 13:24:00,1895,1895,1895,1895,0
2022-02-10 13:25:00,1895,1895,1895,1895,0
2022-02-10 13:26:00,1895,1895,1895,1895,0
2022-02-10 13:27:00,1895,1895,1895,1895,0
2022-02-10 13:28:00,1895,1895,1895,1895,0
2022-02-10 13:29:00,1895,1895,1895,1895,0
2022-02-10 13:30:00,1895,1895,1895,1895,0
2022-02-10 13:31:00,1895,1895,1895,1895,0
2022-02-10 13:32:00,1895,1895,1895,1895,0
2022-02-10 13:33:00,1895,1895,1895,1895,0
2022-02-10 13:34:00,1895,1895,1895,1895,0
2022-02-10 13:35:00,1895,1895,1895,1895,0
2022-02-10 13:36:00,1895,1895,1895,1895,0
2022-02-10 13:37:00,1895,1895,1895,1895,0
2022-02-10 13:38:00,1895,1895,1895,1895,0
2022-02-10 13:39:00,1895,1895,1895,1895,0
2022-02-10 13:40:00,1895,1895,1895,1895,0
2022-02-10 13:41:00,1895,1895,1895,1895,0
2022-02-10 13:42:00,1895,1895,1895,1895,0
2022-02-10 13:43:00,1895,1895,1895,1895,0
2022-02-10 13:44:00,1895,1895,1895,1895,0
2022-02-10 13:45:00,1895,1895,1895,1895,0
2022-02-10 13:46:00,1895,1895,1895,1895,0
2022-02-10 13:47:00,1895,1895,1895,1895,0
2022-02-10 13:48:00,1895,1895,1895,1895,0
2022-02-10 13:49:00,1895,1895,1895,1895,0
2022-02-10 13:50:00,1895,1895,1895,1895,0
2022-02-10 13:51:00,1895,1895,1895,1895,0
2022-02-10 13:52:00,1895,1895,1895,1895,0
2022-02-10 13:53:00,1895,1895,1895,1895,0
2022-02-10 13:54:00,1895,1895,1895,1895,0
2022-02-10 13:55:00,1895,1895,1895,1895,0
2022-02-10 13:56:00,1895,1895,1895,1895,0
2022-02-10 13:57:00,1895,1895,1895,1895,0
2022-02-10 13:58:00,1895,1895,1895,1895,0
2022-02-10 13:59:00,1895,1895,1895,1895,0
2022-02-10 14:00:00,1895,1895,1895,1895,0
2022-02-10 14:01:00,1895,1895,1895,1895,0
2022-02-10 14:02:00,1895,1895,1895,1895,0
2022-02-10 14:03:00,1895,1895,1895,1895,0
2022-02-10 14:04:00,1895,1895,1895,1895,0
2022-02-10 14:05:00,1895,1895,1895,1895,0
2022-02-10 14:06:00,1895,1895,1895,1895,0
2022-02-10 14:07:00,1895,1895,1895,1895,0
2022-02-10 14:08:00,1895,1895,1895,1895,0
2022-02-10 14:09:00,1895,1895,1895,1895,0
2022-02-10 14:10:00,1895,1895,1895,1895,0
2022-02-10 14:11:00,1895,1895,1895,1895,0
2022-02-10 14:12:00,1895,1895,1895,1895,0
2022-02-10 14:13:00,1895,1895,1895,1895,0
2022-02-10 14:14:00,1895,1895,1895,1895,0
2022-02-10 14:15:00,1895,1895,1895,1895,0
2022-02-10 14:16:00,1895,1895,1895,1895,0
2022-02-10 14:17:00,1895,1895,1895,1895,0
2022-02-10 14:18:00,1895,1895,1895,1895,0
2022-02-10 14:19:00,1895,1895,1895,1895,0
2022-02-10 14:20:00,1895,1895,1895,1895,0
2022-02-10 14:21:00,1895,1895,1895,1895,0
2022-02-10 14:22:00,1895,1895,1895,1895,0
2022-02-10 14:23:00,1895,1895,1895,1895,0
2022-02-10 14:24:00,1895,1895,1895,1895,0
2022-02-10 14:25:00,1895,1895,1895,1895,0
2022-02-10 14:26:00,1895,1895,1895,1895,0
2022-02-10 14:27:00,1895,1895,1895,1895,0
2022-02-10 14:28:00,1895,1895,1895,1895,0
2022-02-10 14:29:00,1895,1895,1895,1895,0
2022-02-10 14:30:00,1895,1895,1895,1895,0
2022-02-10 14:31:00,1895,1895,1895,1895,0
2022-02-10 14:32:00,1895,1895,1895,1895,0
2022-02-10 14:33:00,1895,1895,1895,1895,0
2022-02-10 14:34:00,1895,1895,1895,1895,0
2022-02-10 14:35:00,1895,1895,1895,1895,0
2022-02-10 14:36:00,1895,1895,1895,1895,0
2022-02-10 14:37:00,1895,1895,1895,1895,0
2022-02-10 14:38:00,1895,1895,1895,1895,0
2022-02-10 14:39:00,1895,1895,1895,1895,0
2022-02-10 14:40:00,1895,1895,1895,1895,0
2022-02-10 14:41:00,1895,1895,1895,1895,0
2022-02-10 14:42:00,1895,1895,1895,1895,0
2022-02-10 14:43:00,1895,1895,1895,1895,0
2022-02-10 14:44:00,1895,1895,1895,1895,0
2022-02-10 14:45:00,1895,1895,1895,1895,0
2022-02-10 14:46:00,1895,1895,1895,1895,0
2022-02-10 14:47:00,1895,1895,1895,1895,0
2022-02-10 14:48:00,1895,1895,1895,1895,0
2022-02-10 14:49:00,1895,1895,1895,1895,0
2022-02-10 14:50:00,1895,1895,1895,1895,0
2022-02-10 14:51:00,1895,1895,1895,1895,0
2022-02-10 14:52:00,1895,1895,1895,1895,0
2022-02-10 14:53:00,1895,1895,1895,1895,0
2022-02-10 14:54:00,1895,1895,1895,1895,0
2022-02-10 14:55:00,1895,1895,1895,1895,0
2022-02-10 14:56:00,1895,1895,1895,1895,0
2022-02-10 14:57:00,1895,1895,1895,1895,0
2022-02-10 14:58:00,1895,1895,1895,1895,0
2022-02-10 14:59:00,1895,1895,1895,1895,0
2022-02-10 15:00:00,1895,1895,1895,1895,0
2022-02-10 15:01:00,1895,1895,1895,1895,0
2022-02-10 15:02:00,1895,1895,1895,1895,0
2022-02-10 15:03:00,1895,1895,1895,1895,0
2022-02-10 15:04:00,1895,1895,1895,1895,0
2022-02-10 15:05:00,1895,1895,1895,1895,0
2022-02-10 15:06:00,1895,1895,1895,1895,0
2022-02-10 15:07:00,1895,1895,1895,1895,0
2022-02-10 15:08:00,1895,1895,1895,1895,0
2022-02-10 15:09:00,1895,1895,1895,1895,0
2022-02-10 15:10:00,1895,1895,1895,1895,0
2022-02-10 15:11:00,1895,1895,1895,1895,0
2022-02-10 15:12:00,1895,1895,1895,1895,0
2022-02-10 15:13:00,1895,1895,1895,1895,0
2022-02-10 15:14:00,1895,1895,1895,1895,0
2022-02-10 15:15:00,1895,1895,1895,1895,0
2022-02-10 15:16:00,1895,1895,1895,1895,0
2022-02-10 15:17:00,1895,1895,1895,1895,0
2022-02-10 15:18:00,1895,1895,1895,1895,0
2022-02-10 15:19:00,1895,1895,1895,1895,0
2022-02-10 15:20:00,1895,1895,1895,1895,0
2022-02-10 15:21:00,1895,1895,1895,1895,0
2022-02-10 15:22:00,1895,1895,1895,1895,0
2022-02-10 15:23:00,1895,1895,1895,1895,0
2022-02-10 15:24:00,1895,1895,1895,1895,0
2022-02-10 15:25:00,1895,1895,1895,1895,0
2022-02-10 15:26:00,1895,1895,1895,1895,0
2022-02-10 15:27:00,1895,1895,1895,1895,0
2022-02-10 15:28:00,1895,1895,1895,1895,0
2022-02-10 15:29:00,1895,1895,1895,1895,0
2022-02-10 15:30:00,1895,1895,1895,1895,0
2022-02-10 15:31:00,1895,1895,1895,1895,0
2022-02-10 15:32:00,1895,1895,1895,1895,0
2022-02-10 15:33:00,1895,1895,1895,1895,0
2022-02-10 15:34:00,1895,1895,1895,1895,0
2022-02-10 15:35:00,1895,1895,1895,1895,0
2022-02-10 15:36:00,1895,1895,1895,1895,0
2022-02-10 15:37:00,1895,1895,1895,1895,0
2022-02-10 15:38:00,1895,1895,1895,1895,0
2022-02-10 15:39:00,1895,1895,1895,1895,0
2022-02-10 15:40:00,1895,1895,1895,1895,0
2022-02-10 15:41:00,1895,1895,1895,1895,0
2022-02-10 15:42:00,1895,1895,1895,1895,0
2022-02-10 15:43:00,1895,1895,1895,1895,0
2022-02-10 15:44:00,1895,1895,1895,1895,0
2022-02-10 15:45:00,1895,1895,1895,1895,0
2022-02-10 15:46:00,1895,1895,1895,1895,0
2022-02-10 15:47:00,1895,1895,1895,1895,0
2022-02-10 15:48:00,1895,1895,1895,1895,0
2022-02-10 15:49:00,1895,1895,1895,1895,0
2022-02-10 15:50:00,1895,1895,1895,1895,0
2022-02-10 15:51:00,1895,1895,1895,1895,0
2022-02-10 15:52:00,1895,1895,1895,1895,0
2022-02-10 15:53:00,1895,1895,1895,1895,0
2022-02-10 15:54:00,1895,1895,1895,1895,0
2022-02-10 15:55:00,1895,1895,1895,1895,0
2022-02-10 15:56:00,1895,1895,1895,1895,0
2022-02-10 15:57:00,1895,1895,1895,1895,0
2022-02-10 15:58:00,1895,1895,1895,1895,0
2022-02-10 15:59:00,1895,1895,1895,1895,0
2022-02-11 09:00:00,1895,1895,1895,1895,0
2022-02-11 09:01:00,1895,1895,1895,1895,0
2022-02-11 09:02:00,1895,1895,1895,1895,0
2022-02-11 09:03:00,1895,1895,1895,1895,0
2022-02-11 09:04:00,1895,1895,1895,1895,0
2022-02-11 09:05:00,1895,1895,1895,1895,0
2022-02-11 09:06:00,1895,1895,1895,1895,0
2022-02-11 09:07:00,1895,1895,1895,1895,0
2022-02-11 09:08:00,1895,1895,1895,1895,0
2022-02-11 09:09:00,1895,1895,1895,1895,0
2022-02-11 09:10:00,1895,1895,1895,1895,0
2022-02-11 09:11:00,1895,1895,1895,1895,0
2022-02-11 09:12:00,1895,1895,1895,1895,0
2022-02-11 09:13:00,1895,1895,1895,1895,0
2022-02-11 09:14:00,1895,1895,1895,1895,0
2022-02-11 09:15:00,1895,1895,1895,1895,0
2022-02-11 09:16:00,1895,1895,1895,1895,0
2022-02-11 09:17:00,1895,1895,1895,1895,0
2022-02-11 09:18:00,1895,1895,1895,1895,0
2022-02-11 09:19:00,1895,1895,1895,1895,0
2022-02-11 09:20:00,1895,1895,1895,1895,0
2022-02-11 09:21:00,1895,1895,1895,1895,0
2022-02-11 09:22:00,1895,1895,1895,1895,0
2022-02-11 09:23:00,1895,1895,1895,1895,0
2022-02-11 09:24:00,1895,1895,1895,1895,0
2022-02-11 09:25:00,1895,1895,1895,1895,0
2022-02-11 09:26:00,1895,1895,1895,1895,0
2022-02-11 09:27:00,1895,1895,1895,1895,0
2022-02-11 09:28:00,1895,1895,1895,1895,0
2022-02-11 09:29:00,1895,1895,1895,1895,0
2022-02-11 09:30:00,1895,1895,1895,1895,0
2022-02-11 09:31:00,1895,1895,1895,1895,0
2022-02-11 09:32:00,1895,1895,1895,1895,0
2022-02-11 09:33:00,1895,1895,1895,1895,0
2022-02-11 09:34:00,1895,1895,1895,1895,0
2022-02-11 09:35:00,1895,1895,1895,1895,0
2022-02-11 09:36:00,1895,1895,1895,1895,0
2022-02-11 09:37:00,1895,1895,1895,1895,0
2022-02-11 09:38:00,1895,1895,1895,1895,0
2022-02-11 09:39:00,1895,1895,1895,1895,0
2022-02-11 09:40:00,1895,1895,1895,1895,0
2022-02-11 09:41:00,1895,1895,1895,1895,0
2022-02-11 09:42:00,1895,1895,1895,1895,0
2022-02-11 09:43:00,1895,1895,1895,1895,0
2022-02-11 09:44:00,1895,1895,1895,1895,0
2022-02-11 09:45:00,1895,1895,1895,1895,0
2022-02-11 09:46:00,1895,1895,1895,1895,0
2022-02-11 09:47:00,1895,1895,1895,1895,0
2022-02-11 09:48:00,1895,1895,1895,1895,0
2022-02-11 09:49:00,1895,1895,1895,1895,0
2022-02-11 09:50:00,1895,1895,1895,1895,0
2022-02-11 09:51:00,1895,1895,1895,1895,0
2022-02-11 09:52:00,1895,1895,1895,1895,0
2022-02-11 09:53:00,1895,1895,1895,1895,0
2022-02-11 09:54:00,1895,1895,1895,1895,0
2022-02-11 09:55:00,1895,1895,1895,1895,0
2022-02-11 09:56:00,1895,1895,1895,1895,0
2022-02-11 09:57:00,1895,1895,1895,1895,0
2022-02-11 09:58:00,1895,1895,1895,1895,0
2022-02-11 09:59:00,1895,1895,1895,1895,0
2022-02-11 10:00:00,1895,1895,1895,1895,0
2022-02-11 10:01:00,1895,1895,1895,1895,0
2022-02-11 10:02:00,1895,1895,1895,1895,0
2022-02-11 10:03:00,1895,1895,1895,1895,0
2022-02-11 10:04:00,1895,1895,1895,1895,0
2022-02-11 10:05:00,1895,1895,1895,1895,0
2022-02-11 10:06:00,1895,1895,1895,1895,0
2022-02-11 10:07:00,1895,1895,1895,1895,0
2022-02-11 10:08:00,1895,1895,1895,1895,0
2022-02-11 10:09:00,1895,1895,1895,1895,0
2022-02-11 10:10:00,1895,1895,1895,1895,0
2022-02-11 10:11:00,1895,1895,1895,1895,0
2022-02-11 10:12:00,1895,1895,1895,1895,0
2022-02-11 10:13:00,1895,1895,1895,1895,0
2022-02-11 10:14:00,1895,1895,1895,1895,0
2022-02-11 10:15:00,1895,1895,1895,1895,0
2022-02-11 10:16:00,1895,1895,1895,1895,0
2022-02-11 10:17:00,1895,1895,1895,1895,0
2022-02-11 10:18:00,1895,1895,1895,1895,0
2022-02-11 10:19:00,1895,1895,1895,1895,0
2022-02-11 10:20:00,1895,1895,1895,1895,0
2022-02-11 10:21:00,1895,1895,1895,1895,0
2022-02-11 10:22:00,1895,1895,1895,1895,0
2022-02-11 10:23:00,1895,1895,1895,1895,0
2022-02-11 10:24:00,1895,1895,1895,1895,0
2022-02-11 10:25:00,1895,1895,1895,1895,0
2022-02-11 10:26:00,1895,1895,1895,1895,0
2022-02-11 10:27:00,1895,1895,1895,1895,0
2022-02-11 10:28:00,1895,1895,1895,1895,0
2022-02-11 10:29:00,1895,1895,1895,1895,0
2022-02-11 10:30:00,1895,1895,1895,1895,0
2022-02-11 10:31:00,1895,1895,1895,1895,0
2022-02-11 10:32:00,1895,1895,1895,1895,0
2022-02-11 10:33:00,1895,1895,1895,1895,0
2022-02-11 10:34:00,1895,1895,1895,1895,0
2022-02-11 10:35:00,1895,1895,1895,1895,0
2022-02-11 10:36:00,1895,1895,1895,1895,0
2022-02-11 10:37:00,1895,1895,1895,1895,0
2022-02-11 10:38:00,1895,1895,1895,1895,0
2022-02-11 10:39:00,1895,1895,1895,1895,0
2022-02-11 10:40:00,1895,1895,1895,1895,0
2022-02-11 10:41:00,1895,1895,1895,1895,0
2022-02-11 10:42:00,1895,1895,1895,1895,0
2022-02-11 10:43:00,1895,1895,1895,1895,0
2022-02-11 10:44:00,1895,1895,1895,1895,0
2022-02-11 10:45:00,1895,1895,1895,1895,0
2022-02-11 10:46:00,1895,1895,1895,1895,0
2022-02-11 10:47:00,1895,1895,1895,1895,0
2022-02-11 10:48:00,1895,1895,1895,1895,0
2022-02-11 10:49:00,1895,1895,1895,1895,0
2022-02-11 10:50:00,1895,1895,1895,1895,0
2022-02-11 10:51:00,1895,1895,1895,1895,0
2022-02-11 10:52:00,1895,1895,1895,1895,0
2022-02-11 10:53:00,1895,1895,1895,1895,0
2022-02-11 10:54:00,1895,1895,1895,1895,0
2022-02-11 10:55:00,1895,1895,1895,1895,0
2022-02-11 10:56:00,1895,1895,1895,1895,0
2022-02-11 10:57:00,1895,1895,1895,1895,0
2022-02-11 10:58:00,1895,1895,1895,1895,0
2022-02-11 10:59:00,1895,1895,1895,1895,0
2022-02-11 11:00:00,1895,1895,1895,1895,0
2022-02-11 11:01:00,1895,1895,1895,1895,0
2022-02-11 11:02:00,1895,1895,1895,1895,0
2022-02-11 11:03:00,1895,1895,1895,1895,0
2022-02-11 11:04:00,1895,1895,1895,1895,0
2022-02-11 11:05:00,1895,1895,1895,1895,0
2022-02-11 11:06:00,1895,1895,1895,1895,0
2022-02-11 11:07:00,1895,1895,1895,1895,0
2022-02-11 11:08:00,1895,1895,1895,1895,0
2022-02-11 11:09:00,1895,1895,1895,1895,0
2022-02-11 11:10:00,1895,1895,1895,1895,0
2022-02-11 11:11:00,1895,1895,1895,1895,0
2022-02-11 11:12:00,1895,1895,1895,1895,0
2022-02-11 11:13:00,1895,1895,1895,1895,0
2022-02-11 11:14:00,1895,1895,1895,1895,0
2022-02-11 11:15:00,1895,1895,1895,1895,0
2022-02-11 11:16:00,1895,1895,1895,1895,0
2022-02-11 11:17:00,1895,1895,1895,1895,0
2022-02-11 11:18:00,1895,1895,1895,1895,0
2022-02-11 11:19:00,1895,1895,1895,1895,0
2022-02-11 11:20:00,1895,1895,1895,1895,0
2022-02-11 11:21:00,1895,1895,1895,1895,0
2022-02-11 11:22:00,1895,1895,1895,1895,0
2022-02-11 11:23:00,1895,1895,1895,1895,0
2022-02-11 11:24:00,1895,1895,1895,1895,0
2022-02-11 11:25:00,1895,1895,1895,1895,0
2022-02-11 11:26:00,1895,1895,1895,1895,0
2022-02-11 11:27:00,1895,1895,1895,1895,0
2022-02-11 11:28:00,1895,1895,1895,1895,0
2022-02-11 11:29:00,1895,1895,1895,1895,0
2022-02-11 11:30:00,1895,1895,1895,1895,0
2022-02-11 11:31:00,1895,1895,1895,1895,0
2022-02-11 11:32:00,1895,1895,1895,1895,0
2022-02-11 11:33:00,1895,1895,1895,1895,0
2022-02-11 11:34:00,1895,1895,1895,1895,0
2022-02-11 11:35:00,1895,1895,1895,1895,0
2022-02-11 11:36:00,1895,1895,1895,1895,0
2022-02-11 11:37:00,1895,1895,1895,1895,0
2022-02-11 11:38:00,1895,1895,1895,1895,0
2022-02-11 11:39:00,1895,1895,1895,1895,0
2022-02-11 11:40:00,1895,1895,1895,1895,0
2022-02-11 11:41:00,1895,1895,1895,1895,0
2022-02-11 11:42:00,1895,1895,1895,1895,0
2022-02-11 11:43:00,1895,1895,1895,1895,0
2022-02-11 11:44:00,1895,1895,1895,1895,0
2022-02-11 11:45:00,1895,1895,1895,1895,0
2022-02-11 11:46:00,1895,1895,1895,1895,0
2022-02-11 11:47:00,1895,1895,1895,1895,0
2022-02-11 11:48:00,1895,1895,1895,1895,0
2022-02-11 11:49:00,1895,1895,1895,1895,0
2022-02-11 11:50:00,1895,1895,1895,1895,0
2022-02-11 11:51:00,1895,1895,1895,1895,0
2022-02-11 11:52:00,1895,1895,1895,1895,0
2022-02-11 11:53:00,1895,1895,1895,1895,0
2022-02-11 11:54:00,1895,1895,1895,1895,0
2022-02-11 11:55:00,1895,1895,1895,1895,0
2022-02-11 11:56:00,1895,1895,1895,1895,0
2022-02-11 11:57:00,1895,1895,1895,1895,0
2022-02-11 11:58:00,1895,1895,1895,1895,0
2022-02-11 11:59:00,1895,1895,1895,1895,0
2022-02-11 12:00:00,1895,1895,1895,1895,0
2022-02-11 12:01:00,1895,1895,1895,1895,0
2022-02-11 12:02:00,1895,1895,1895,1895,0
2022-02-11 12:03:00,1895,1895,1895,1895,0
2022-02-11 12:04:00,1895,1895,1895,1895,0
2022-02-11 12:05:00,1895,1895,1895,1895,0
2022-02-11 12:06:00,1895,1895,1895,1895,0
2022-02-11 12:07:00,1895,1895,1895,1895,0
2022-02-11 12:08:00,1895,1895,1895,1895,0
2022-02-11 12:09:00,1895,1895,1895,1895,0
2022-02-11 12:10:00,1895,1895,1895,1895,0
2022-02-11 12:11:00,1895,1895,1895,1895,0
2022-02-11 12:12:00,1895,1895,1895,1895,0
2022-02-11 12:13:00,1895,1895,1895,1895,0
2022-02-11 12:14:00,1895,1895,1895,1895,0
2022-02-11 12:15:00,1895,1895,1895,1895,0
2022-02-11 12:16:00,1895,1895,1895,1895,0
2022-02-11 12:17:00,1895,1895,1895,1895,0
2022-02-11 12:18:00,1895,1895,1895,1895,0
2022-02-11 12:19:00,1895,1895,1895,1895,0
2022-02-11 12:20:00,1895,1895,1895,1895,0
2022-02-11 12:21:00,1895,1895,1895,1895,0
2022-02-11 12:22:00,1895,1895,1895,1895,0
2022-02-11 12:23:00,1895,1895,1895,1895,0
2022-02-11 12:24:00,1895,1895,1895,1895,0
2022-02-11 12:25:00,1895,1895,1895,1895,0
2022-02-11 12:26:00,1895,1895,1895,1895,0
2022-02-11 12:27:00,1895,1895,1895,1895,0
2022-02-11 12:28:00,1895,1895,1895,1895,0
2022-02-11 12:29:00,1895,1895,1895,1895,0
2022-02-11 12:30:00,1895,1895,1895,1895,0
2022-02-11 12:31:00,1895,1895,1895,1895,0
2022-02-11 12:32:00,1895,1895,1895,1895,0
2022-02-11 12:33:00,1895,1895,1895,1895,0
2022-02-11 12:34:00,1895,1895,1895,1895,0
2022-02-11 12:35:00,1895,1895,1895,1895,0
2022-02-11 12:36:00,1895,1895,1895,1895,0
2022-02-11 12:37:00,1895,1895,1895,1895,0
2022-02-11 12:38:00,1895,1895,1895,1895,0
2022-02-11 12:39:00,1895,1895,1895,1895,0
2022-02-11 12:40:00,1895,1895,1895,1895,0
2022-02-11 12:41:00,1895,1895,1895,1895,0
2022-02-11 12:42:00,1895,1895,1895,1895,0
2022-02-11 12:43:00,1895,1895,1895,1895,0
2022-02-11 12:44:00,1895,1895,1895,1895,0
2022-02-11 12:45:00,1895,1895,1895,1895,0
2022-02-11 12:46:00,1895,1895,1895,1895,0
2022-02-11 12:47:00,1895,1895,1895,1895,0
2022-02-11 12:48:00,1895,1895,1895,1895,0
2022-02-11 12:49:00,1895,1895,1895,1895,0
2022-02-11 12:50:00,1895,1895,1895,1895,0
2022-02-11 12:51:00,1895,1895,1895,1895,0
2022-02-11 12:52:00,1895,1895,1895,1895,0
2022-02-11 12:53:00,1895,1895,1895,1895,0
2022-02-11 12:54:00,1895,1895,1895,1895,0
2022-02-11 12:55:00,1895,1895,1895,1895,0
2022-02-11 12:56:00,1895,1895,1895,1895,0
2022-02-11 12:57:00,1895,1895,1895,1895,0
2022-02-11 12:58:00,1895,1895,1895,1895,0
2022-02-11 12:59:00,1895,1895,1895,1895,0
2022-02-11 13:00:00,1895,1895,1895,1895,0
2022-02-11 13:01:00,1895,1895,1895,1895,0
2022-02-11 13:02:00,1895,1895,1895,1895,0
2022-02-11 13:03:00,1895,1895,1895,1895,0
2022-02-11 13:04:00,1895,1895,1895,1895,0
2022-02-11 13:05:00,1895,1895,1895,1895,0
2022-02-11 13:06:00,1895,1895,1895,1895,0
2022-02-11 13:07:00,1895,1895,1895,1895,0
2022-02-11 13:08:00,1895,1895,1895,1895,0
2022-02-11 13:09:00,1895,1895,1895,1895,0
2022-02-11 13:10:00,1895,1895,1895,1895,0
2022-02-11 13:11:00,1895,1895,1895,1895,0
2022-02-11 13:12:00,1895,1895,1895,1895,0
2022-02-11 13:13:00,1895,1895,1895,1895,0
2022-02-11 13:14:00,1895,1895,1895,1895,0
2022-02-11 13:15:00,1895,1895,1895,1895,0
2022-02-11 13:16:00,1895,1895,1895,1895,0
2022-02-11 13:17:00,1895,1895,1895,1895,0
2022-02-11 13:18:00,1895,1895,1895,1895,0
2022-02-11 13:19:00,1895,1895,1895,1895,0
2022-02-11 13:20:00,1895,1895,1895,1895,0
2022-02-11 13:21:00,1895,1895,1895,1895,0
2022-02-11 13:22:00,1895,1895,1895,1895,0
2022-02-11 13:23:00,1895,1895,1895,1895,0
2022-02-11 13:24:00,1895,1895,1895,1895,0
2022-02-11 13:25:00,1895,1895,1895,1895,0
2022-02-11 13:26:00,1895,1895,1895,1895,0
2022-02-11 13:27:00,1895,1895,1895,1895,0
2022-02-11 13:28:00,1895,1895,1895,1895,0
2022-02-11 13:29:00,1895,1895,1895,1895,0
2022-02-11 13:30:00,1895,1895,1895,1895,0
2022-02-11 13:31:00,1895,1895,1895,1895,0
2022-02-11 13:32:00,1895,1895,1895,1895,0
2022-02-11 13:33:00,1895,1895,1895,1895,0
2022-02-11 13:34:00,1895,1895,1895,1895,0
2022-02-11 13:35:00,1895,1895,1895,1895,0
2022-02-11 13:36:00,1895,1895,1895,1895,0
2022-02-11 13:37:00,1895,1895,1895,1895,0
2022-02-11 13:38:00,1895,1895,1895,1895,0
2022-02-11 13:39:00,1895,1895,1895,1895,0
2022-02-11 13:40:00,1895,1895,1895,1895,0
2022-02-11 13:41:00,1895,1895,1895,1895,0
2022-02-11 13:42:00,1895,1895,1895,1895,0
2022-02-11 13:43:00,1895,1895,1895,1895,0
2022-02-11 13:44:00,1895,1895,1895,1895,0
2022-02-11 13:45:00,1895,1895,1895,1895,0
2022-02-11 13:46:00,1895,1895,1895,1895,0
2022-02-11 13:47:00,1895,1895,1895,1895,0
2022-02-11 13:48:00,1895,1895,1895,1895,0
2022-02-11 13:49:00,1895,1895,1895,1895,0
2022-02-11 13:50:00,1895,1895,1895,1895,0
2022-02-11 13:51:00,1895,1895,1895,1895,0
2022-02-11 13:52:00,1895,1895,1895,1895,0
2022-02-11 13:53:00,1895,1895,1895,1895,0
2022-02-11 13:54:00,1895,1895,1895,1895,0
2022-02-11 13:55:00,1895,1895,1895,1895,0
2022-02-11 13:56:00,1895,1895,1895,1895,0
2022-02-11 13:57:00,1895,1895,1895,1895,0
2022-02-11 13:58:00,1895,1895,1895,1895,0
2022-02-11 13:59:00,1895,1895,1895,1895,0
2022-02-11 14:00:00,1895,1895,1895,1895,0
2022-02-11 14:01:00,1895,1895,1895,1895,0
2022-02-11 14:02:00,1895,1895,1895,1895,0
2022-02-11 14:03:00,1895,1895,1895,1895,0
2022-02-11 14:04:00,1895,1895,1895,1895,0
2022-02-11 14:05:00,1895,1895,1895,1895,0
2022-02-11 14:06:00,1895,1895,1895,1895,0
2022-02-11 14:07:00,1895,1895,1895,1895,0
2022-02-11 14:08:00,1895,1895,1895,1895,0
2022-02-11 14:09:00,1895,1895,1895,1895,0
2022-02-11 14:10:00,1895,1895,1895,1895,0
2022-02-11 14:11:00,1895,1895,1895,1895,0
2022-02-11 14:12:00,1895,1895,1895,1895,0
2022-02-11 14:13:00,1895,1895,1895,1895,0
2022-02-11 14:14:00,1895,1895,1895,1895,0
2022-02-11 14:15:00,1895,1895,1895,1895,0
2022-02-11 14:16:00,1895,1895,1895,1895,0
2022-02-11 14:17:00,1895,1895,1895,1895,0
2022-02-11 14:18:00,1895,1895,1895,1895,0
2022-02-11 14:19:00,1895,1895,1895,1895,0
2022-02-11 14:20:00,1895,1895,1895,1895,0
2022-02-11 14:21:00,1895,1895,1895,1895,0
2022-02-11 14:22:00,1895,1895,1895,1895,0
2022-02-11 14:23:00,1895,1895,1895,1895,0
2022-02-11 14:24:00,1895,1895,1895,1895,0
2022-02-11 14:25:00,1895,1895,1895,1895,0
2022-02-11 14:26:00,1895,1895,1895,1895,0
2022-02-11 14:27:00,1895,1895,1895,1895,0
2022-02-11 14:28:00,1895,1895,1895,1895,0
2022-02-11 14:29:00,1895,1895,1895,1895,0
2022-02-11 14:30:00,1895,1895,1895,1895,0
2022-02-11 14:31:00,1895,1895,1895,1895,0
2022-02-11 14:32:00,1895,1895,1895,1895,0
2022-02-11 14:33:00,1895,1895,1895,1895,0
2022-02-11 14:34:00,1895,1895,1895,1895,0
2022-02-11 14:35:00,1895,1895,1895,1895,0
2022-02-11 14:36:00,1895,1895,1895,1895,0
2022-02-11 14:37:00,1895,1895,1895,1895,0
2022-02-11 14:38:00,1895,1895,1895,1895,0
2022-02-11 14:39:00,1895,1895,1895,1895,0
2022-02-11 14:40:00,1895,1895,1895,1895,0
2022-02-11 14:41:00,1895,1895,1895,1895,0
2022-02-11 14:42:00,1895,1895,1895,1895,0
2022-02-11 14:43:00,1895,1895,1895,1895,0
2022-02-11 14:44:00,1895,1895,1895,1895,0
2022-02-11 14:45:00,1895,1895,1895,1895,0
2022-02-11 14:46:00,1895,1895,1895,1895,0
2022-02-11 14:47:00,1895,1895,1895,1895,0
2022-02-11 14:48:00,1895,1895,1895,1895,0
2022-02-11 14:49:00,1895,1895,1895,1895,0
2022-02-11 14:50:00,1895,1895,1895,1895,0
2022-02-11 14:51:00,1895,1895,1895,1895,0
2022-02-11 14:52:00,1895,1895,1895,1895,0
2022-02-11 14:53:00,1895,1895,1895,1895,0
2022-02-11 14:54:00,1895,1895,1895,1895,0
2022-02-11 14:55:00,1895,1895,1895,1895,0
2022-02-11 14:56:00,1895,1895,1895,1895,0
2022-02-11 14:57:00,1895,1895,1895,1895,0
2022-02-11 14:58:00,1895,1895,1895,1895,0
2022-02-11 14:59:00,1895,1895,1895,1895,0
2022-02-11 15:00:00,1895,1895,1895,1895,0
2022-02-11 15:01:00,1895,1895,1895,1895,0
2022-02-11 15:02:00,1895,1895,1895,1895,0
2022-02-11 15:03:00,1895,1895,1895,1895,0
2022-02-11 15:04:00,1895,1895,1895,1895,0
2022-02-11 15:05:00,1895,1895,1895,1895,0
2022-02-11 15:06:00,1895,1895,1895,1895,0
2022-02-11 15:07:00,1895,1895,1895,1895,0
2022-02-11 15:08:00,1895,1895,1895,1895,0
2022-02-11 15:09:00,1895,1895,1895,1895,0
2022-02-11 15:10:00,1895,1895,1895,1895,0
2022-02-11 15:11:00,1895,1895,1895,1895,0
2022-02-11 15:12:00,1895,1895,1895,1895,0
2022-02-11 15:13:00,1895,1895,1895,1895,0
2022-02-11 15:14:00,1895,1895,1895,1895,0
2022-02-11 15:15:00,1895,1895,1895,1895,0
2022-02-11 15:16:00,1895,1895,1895,1895,0
2022-02-11 15:17:00,1895,1895,1895,1895,0
2022-02-11 15:18:00,1895,1895,1895,1895,0
2022-02-11 15:19:00,1895,1895,1895,1895,0
2022-02-11 15:20:00,1895,1895,1895,1895,0
2022-02-11 15:21:00,1895,1895,1895,1895,0
2022-02-11 15:22:00,1895,1895,1895,1895,0
2022-02-11 15:23:00,1895,1895,1895,1895,0
2022-02-11 15:24:00,1895,1895,1895,1895,0
2022-02-11 15:25:00,1895,1895,1895,1895,0
2022-02-11 15:26:00,1895,1895,1895,1895,0
2022-02-11 15:27:00,1895,1895,1895,1895,0
2022-02-11 15:28:00,1895,1895,1895,1895,0
2022-02-11 15:29:00,1895,1895,1895,1895,0
2022-02-11 15:30:00,1895,1895,1895,1895,0
2022-02-11 15:31:00,1895,1895,1895,1895,0
2022-02-11 15:32:00,1895,1895,1895,1895,0
2022-02-11 15:33:00,1895,1895,1895,1895,0
2022-02-11 15:34:00,1895,1895,1895,1895,0
2022-02-11 15:35:00,1895,1895,1895,1895,0
2022-02-11 15:36:00,1895,1895,1895,1895,0
2022-02-11 15:37:00,1895,1895,1895,1895,0
2022-02-11 15:38:00,1895,1895,1895,1895,0
2022-02-11 15:39:00,1895,1895,1895,1895,0
2022-02-11 15:40:00,1895,1895,1895,1895,0
2022-02-11 15:41:00,1895,1895,1895,1895,0
2022-02-11 15:42:00,1895,1895,1895,1895,0
2022-02-11 15:43:00,1895,1895,1895,1895,0
2022-02-11 15:44:00,1895,1895,1895,1895,0
2022-02-11 15:45:00,1895,1895,1895,1895,0
2022-02-11 15:46:00,1895,1895,1895,1895,0
2022-02-11 15:47:00,1895,1895,1895,1895,0
2022-02-11 15:48:00,1895,1895,1895,1895,0
2022-02-11 15:49:00,1895,1895,1895,1895,0
2022-02-11 15:50:00,1895,1895,1895,1895,0
2022-02-11 15:51:00,1895,1895,1895,1895,0
2022-02-11 15:52:00,1895,1895,1895,1895,0
2022-02-11 15:53:00,1895,1895,1895,1895,0
2022-02-11 15:54:00,1895,1895,1895,1895,0
2022-02-11 15:55:00,1895,1895,1895,1895,0
2022-02-11 15:56:00,1895,1895,1895,1895,0
2022-02-11 15:57:00,1895,1895,1895,1895,0
2022-02-11 15:58:00,1895,1895,1895,1895,0
2022-02-11 15:59:00,1895,1895,1895,1895,0
2022-02-14 09:00:00,1895,1895,1895,1895,0
2022-02-14 09:01:00,1895,1895,1895,1895,0
2022-02-14 09:02:00,1895,1895,1895,1895,0
2022-02-14 09:03:00,1895,1895,1895,1895,0
2022-02-14 09:04:00,1895,1895,1895,1895,0
2022-02-14 09:05:00,1895,1895,1895,1895,0
2022-02-14 09:06:00,1895,1895,1895,1895,0
2022-02-14 09:07:00,1895,1895,1895,1895,0
2022-02-14 09:08:00,1895,1895,1895,1895,0
2022-02-14 09:09:00,1895,1895,1895,1895,0
2022-02-14 09:10:00,1895,1895,1895,1895,0
2022-02-14 09:11:00,1895,1895,1895,1895,0
2022-02-14 09:12:00,1895,1895,1895,1895,0
2022-02-14 09:13:00,1895,1895,1895,1895,0
2022-02-14 09:14:00,1895,1895,1895,1895,0
2022-02-14 09:15:00,1895,1895,1895,1895,0
2022-02-14 09:16:00,1895,1895,1895,1895,0
2022-02-14 09:17:00,1895,1895,1895,1895,0
2022-02-14 09:18:00,1895,1895,1895,1895,0
2022-02-14 09:19:00,1895,1895,1895,1895,0
2022-02-14 09:20:00,1895,1895,1895,1895,0
2022-02-14 09:21:00,1895,1895,1895,1895,0
2022-02-14 09:22:00,1895,1895,1895,1895,0
2022-02-14 09:23:00,1895,1895,1895,1895,0
2022-02-14 09:24:00,1895,1895,1895,1895,0
2022-02-14 09:25:00,1895,1895,1895,1895,0
2022-02-14 09:26:00,1895,1895,1895,1895,0
2022-02-14 09:27:00,1895,1895,1895,1895,0
2022-02-14 09:28:00,1895,1895,1895,1895,0
2022-02-14 09:29:00,1895,1895,1895,1895,0
2022-02-14 09:30:00,1895,1895,1895,1895,0
2022-02-14 09:31:00,1895,1895,1895,1895,0
2022-02-14 09:32:00,1895,1895,1895,1895,0
2022-02-14 09:33:00,1895,1895,1895,1895,0
2022-02-14 09:34:00,1895,1895,1895,1895,0
2022-02-14 09:35:00,1895,1895,1895,1895,0
2022-02-14 09:36:00,1895,1895,1895,1895,0
2022-02-14 09:37:00,1895,1895,1895,1895,0
2022-02-14 09:38:00,1895,1895,1895,1895,0
2022-02-14 09:39:00,1895,1895,1895,1895,0
2022-02-14 09:40:00,1895,1895,1895,1895,0
2022-02-14 09:41:00,1895,1895,1895,1895,0
2022-02-14 09:42:00,1895,1895,1895,1895,0
2022-02-14 09:43:00,1895,1895,1895,1895,0
2022-02-14 09:44:00,1895,1895,1895,1895,0
2022-02-14 09:45:00,1895,1895,1895,1895,0
2022-02-14 09:46:00,1895,1895,1895,1895,0
2022-02-14 09:47:00,1895,1895,1895,1895,0
2022-02-14 09:48:00,1895,1895,1895,1895,0
2022-02-14 09:49:00,1895,1895,1895,1895,0
2022-02-14 09:50:00,1895,1895,1895,1895,0
2022-02-14 09:51:00,1895,1895,1895,1895,0
2022-02-14 09:52:00,1895,1895,1895,1895,0
2022-02-14 09:53:00,1895,1895,1895,1895,0
2022-02-14 09:54:00,1895,1895,1895,1895,0
2022-02-14 09:55:00,1895,1895,1895,1895,0
2022-02-14 09:56:00,1895,1895,1895,1895,0
2022-02-14 09:57:00,1895,1895,1895,1895,0
2022-02-14 09:58:00,1895,1895,1895,1895,0
2022-02-14 09:59:00,1895,1895,1895,1895,0
2022-02-14 10:00:00,1895,1895,1895,1895,0
2022-02-14 10:01:00,1895,1895,1895,1895,0
2022-02-14 10:02:00,1895,1895,1895,1895,0
2022-02-14 10:03:00,1895,1895,1895,1895,0
2022-02-14 10:04:00,1895,1895,1895,1895,0
2022-02-14 10:05:00,1895,1895,1895,1895,0
2022-02-14 10:06:00,1895,1895,1895,1895,0
2022-02-14 10:07:00,1895,1895,1895,1895,0
2022-02-14 10:08:00,1895,1895,1895,1895,0
2022-02-14 10:09:00,1895,1895,1895,1895,0
2022-02-14 10:10:00,1895,1895,1895,1895,0
2022-02-14 10:11:00,1895,1895,1895,1895,0
2022-02-14 10:12:00,1895,1895,1895,1895,0
2022-02-14 10:13:00,1895,1895,1895,1895,0
2022-02-14 10:14:00,1895,1895,1895,1895,0
2022-02-14 10:15:00,1895,1895,1895,1895,0
2022-02-14 10:16:00,1895,1895,1895,1895,0
2022-02-14 10:17:00,1895,1895,1895,1895,0
2022-02-14 10:18:00,1895,1895,1895,1895,0
2022-02-14 10:19:00,1895,1895,1895,1895,0
2022-02-14 10:20:00,1895,1895,1895,1895,0
2022-02-14 10:21:00,1895,1895,1895,1895,0
2022-02-14 10:22:00,1895,1895,1895,1895,0
2022-02-14 10:23:00,1895,1895,1895,1895,0
2022-02-14 10:24:00,1895,1895,1895,1895,0
2022-02-14 10:25:00,1895,1895,1895,1895,0
2022-02-14 10:26:00,1895,1895,1895,1895,0
2022-02-14 10:27:00,1895,1895,1895,1895,0
2022-02-14 10:28:00,1895,1895,1895,1895,0
2022-02-14 10:29:00,1895,1895,1895,1895,0
2022-02-14 10:30:00,1895,1895,1895,1895,0
2022-02-14 10:31:00,1895,1895,1895,1895,0
2022-02-14 10:32:00,1895,1895,1895,1895,0
2022-02-14 10:33:00,1895,1895,1895,1895,0
2022-02-14 10:34:00,1895,1895,1895,1895,0
2022-02-14 10:35:00,1895,1895,1895,1895,0
2022-02-14 10:36:00,1895,1895,1895,1895,0
2022-02-14 10:37:00,1895,1895,1895,1895,0
2022-02-14 10:38:00,1895,1895,1895,1895,0
2022-02-14 10:39:00,1895,1895,1895,1895,0
2022-02-14 10:40:00,1895,1895,1895,1895,0
2022-02-14 10:41:00,1895,1895,1895,1895,0
2022-02-14 10:42:00,1895,1895,1895,1895,0
2022-02-14 10:43:00,1895,1895,1895,1895,0
2022-02-14 10:44:00,1895,1895,1895,1895,0
2022-02-14 10:45:00,1895,1895,1895,1895,0
2022-02-14 10:46:00,1895,1895,1895,1895,0
2022-02-14 10:47:00,1895,1895,1895,1895,0
2022-02-14 10:48:00,1895,1895,1895,1895,0
2022-02-14 10:49:00,1895,1895,1895,1895,0
2022-02-14 10:50:00,1895,1895,1895,1895,0
2022-02-14 10:51:00,1895,1895,1895,1895,0
2022-02-14 10:52:00,1895,1895,1895,1895,0
2022-02-14 10:53:00,1895,1895,1895,1895,0
2022-02-14 10:54:00,1895,1895,1895,1895,0
2022-02-14 10:55:00,1895,1895,1895,1895,0
2022-02-14 10:56:00,1895,1895,1895,1895,0
2022-02-14 10:57:00,1895,1895,1895,1895,0
2022-02-14 10:58:00,1895,1895,1895,1895,0
2022-02-14 10:59:00,1895,1895,1895,1895,0
2022-02-14 11:00:00,1895,1895,1895,1895,0
2022-02-14 11:01:00,1895,1895,1895,1895,0
2022-02-14 11:02:00,1895,1895,1895,1895,0
2022-02-14 11:03:00,1895,1895,1895,1895,0
2022-02-14 11:04:00,1895,1895,1895,1895,0
2022-02-14 11:05:00,1895,1895,1895,1895,0
2022-02-14 11:06:00,1895,1895,1895,1895,0
2022-02-14 11:07:00,1895,1895,1895,1895,0
2022-02-14 11:08:00,1895,1895,1895,1895,0
2022-02-14 11:09:00,1895,1895,1895,1895,0
2022-02-14 11:10:00,1895,1895,1895,1895,0
2022-02-14 11:11:00,1895,1895,1895,1895,0
2022-02-14 11:12:00,1895,1895,1895,1895,0
2022-02-14 11:13:00,1895,1895,1895,1895,0
2022-02-14 11:14:00,1895,1895,1895,1895,0
2022-02-14 11:15:00,1895,1895,1895,1895,0
2022-02-14 11:16:00,1895,1895,1895,1895,0
2022-02-14 11:17:00,1895,1895,1895,1895,0
2022-02-14 11:18:00,1895,1895,1895,1895,0
2022-02-14 11:19:00,1895,1895,1895,1895,0
2022-02-14 11:20:00,1895,1895,1895,1895,0
2022-02-14 11:21:00,1895,1895,1895,1895,0
2022-02-14 11:22:00,1895,1895,1895,1895,0
2022-02-14 11:23:00,1895,1895,1895,1895,0
2022-02-14 11:24:00,1895,1895,1895,1895,0
2022-02-14 11:25:00,1895,1895,1895,1895,0
2022-02-14 11:26:00,1895,1895,1895,1895,0
2022-02-14 11:27:00,1895,1895,1895,1895,0
2022-02-14 11:28:00,1895,1895,1895,1895,0
2022-02-14 11:29:00,1895,1895,1895,1895,0
2022-02-14 11:30:00,1895,1895,1895,1895,0
2022-02-14 11:31:00,1895,1895,1895,1895,0
2022-02-14 11:32:00,1895,1895,1895,1895,0
2022-02-14 11:33:00,1895,1895,1895,1895,0
2022-02-14 11:34:00,1895,1895,1895,1895,0
2022-02-14 11:35:00,1895,1895,1895,1895,0
2022-02-14 11:36:00,1895,1895,1895,1895,0
2022-02-14 11:37:00,1895,1895,1895,1895,0
2022-02-14 11:38:00,1895,1895,1895,1895,0
2022-02-14 11:39:00,1895,1895,1895,1895,0
2022-02-14 11:40:00,1895,1895,1895,1895,0
2022-02-14 11:41:00,1895,1895,1895,1895,0
2022-02-14 11:42:00,1895,1895,1895,1895,0
2022-02-14 11:43:00,1895,1895,1895,1895,0
2022-02-14 11:44:00,1895,1895,1895,1895,0
2022-02-14 11:45:00,1895,1895,1895,1895,0
2022-02-14 11:46:00,1895,1895,1895,1895,0
2022-02-14 11:47:00,1895,1895,1895,1895,0
2022-02-14 11:48:00,1895,1895,1895,1895,0
2022-02-14 11:49:00,1895,1895,1895,1895,0
2022-02-14 11:50:00,1895,1895,1895,1895,0
2022-02-14 11:51:00,1895,1895,1895,1895,0
2022-02-14 11:52:00,1895,1895,1895,1895,0
2022-02-14 11:53:00,1895,1895,1895,1895,0
2022-02-14 11:54:00,1895,1895,1895,1895,0
2022-02-14 11:55:00,1895,1895,1895,1895,0
2022-02-14 11:56:00,1895,1895,1895,1895,0
2022-02-14 11:57:00,1895,1895,1895,1895,0
2022-02-14 11:58:00,1895,1895,1895,1895,0
2022-02-14 11:59:00,1895,1895,1895,1895,0
2022-02-14 12:00:00,1895,1895,1895,1895,0
2022-02-14 12:01:00,1895,1895,1895,1895,0
2022-02-14 12:02:00,1895,1895,1895,1895,0
2022-02-14 12:03:00,1895,1895,1895,1895,0
2022-02-14 12:04:00,1895,1895,1895,1895,0
2022-02-14 12:05:00,1895,1895,1895,1895,0
2022-02-14 12:06:00,1895,1895,1895,1895,0
2022-02-14 12:07:00,1895,1895,1895,1895,0
2022-02-14 12:08:00,1895,1895,1895,1895,0
2022-02-14 12:09:00,1895,1895,1895,1895,0
2022-02-14 12:10:00,1895,1895,1895,1895,0
2022-02-14 12:11:00,1895,1895,1895,1895,0
2022-02-14 12:12:00,1895,1895,1895,1895,0
2022-02-14 12:13:00,1895,1895,1895,1895,0
2022-02-14 12:14:00,1895,1895,1895,1895,0
2022-02-14 12:15:00,1895,1895,1895,1895,0
2022-02-14 12:16:00,1895,1895,1895,1895,0
2022-02-14 12:17:00,1895,1895,1895,1895,0
2022-02-14 12:18:00,1895,1895,1895,1895,0
2022-02-14 12:19:00,1895,1895,1895,1895,0
2022-02-14 12:20:00,1895,1895,1895,1895,0
2022-02-14 12:21:00,1895,1895,1895,1895,0
2022-02-14 12:22:00,1895,1895,1895,1895,0
2022-02-14 12:23:00,1895,1895,1895,1895,0
2022-02-14 12:24:00,1895,1895,1895,1895,0
2022-02-14 12:25:00,1895,1895,1895,1895,0
2022-02-14 12:26:00,1895,1895,1895,1895,0
2022-02-14 12:27:00,1895,1895,1895,1895,0
2022-02-14 12:28:00,1895,1895,1895,1895,0
2022-02-14 12:29:00,1895,1895,1895,1895,0
2022-02-14 12:30:00,1895,1895,1895,1895,0
2022-02-14 12:31:00,1895,1895,1895,1895,0
2022-02-14 12:32:00,1895,1895,1895,1895,0
2022-02-14 12:33:00,1895,1895,1895,1895,0
2022-02-14 12:34:00,1895,1895,1895,1895,0
2022-02-14 12:35:00,1895,1895,1895,1895,0
2022-02-14 12:36:00,1895,1895,1895,1895,0
2022-02-14 12:37:00,1895,1895,1895,1895,0
2022-02-14 12:38:00,1895,1895,1895,1895,0
2022-02-14 12:39:00,1895,1895,1895,1895,0
2022-02-14 12:40:00,1895,1895,1895,1895,0
2022-02-14 12:41:00,1895,1895,1895,1895,0
2022-02-14 12:42:00,1895,1895,1895,1895,0
2022-02-14 12:43:00,1895,1895,1895,1895,0
2022-02-14 12:44:00,1895,1895,1895,1895,0
2022-02-14 12:45:00,1895,1895,1895,1895,0
2022-02-14 12:46:00,1895,1895,1895,1895,0
2022-02-14 12:47:00,1895,1895,1895,1895,0
2022-02-14 12:48:00,1895,1895,1895,1895,0
2022-02-14 12:49:00,1895,1895,1895,1895,0
2022-02-14 12:50:00,1895,1895,1895,1895,0
2022-02-14 12:51:00,1895,1895,1895,1895,0
2022-02-14 12:52:00,1895,1895,1895,1895,0
2022-02-14 12:53:00,1895,1895,1895,1895,0
2022-02-14 12:54:00,1895,1895,1895,1895,0
2022-02-14 12:55:00,1895,1895,1895,1895,0
2022-02-14 12:56:00,1895,1895,1895,1895,0
2022-02-14 12:57:00,1895,1895,1895,1895,0
2022-02-14 12:58:00,1895,1895,1895,1895,0
2022-02-14 12:59:00,1895,1895,1895,1895,0
2022-02-14 13:00:00,1895,1895,1895,1895,0
2022-02-14 13:01:00,1895,1895,1895,1895,0
2022-02-14 13:02:00,1895,1895,1895,1895,0
2022-02-14 13:03:00,1895,1895,1895,1895,0
2022-02-14 13:04:00,1895,1895,1895,1895,0
2022-02-14 13:05:00,1895,1895,1895,1895,0
2022-02-14 13:06:00,1895,1895,1895,1895,0
2022-02-14 13:07:00,1895,1895,1895,1895,0
2022-02-14 13:08:00,1895,1895,1895,1895,0
2022-02-14 13:09:00,1895,1895,1895,1895,0
2022-02-14 13:10:00,1895,1895,1895,1895,0
2022-02-14 13:11:00,1895,1895,1895,1895,0
2022-02-14 13:12:00,1895,1895,1895,1895,0
2022-02-14 13:13:00,1895,1895,1895,1895,0
2022-02-14 13:14:00,1895,1895,1895,1895,0
2022-02-14 13:15:00,1895,1895,1895,1895,0
2022-02-14 13:16:00,1895,1895,1895,1895,0
2022-02-14 13:17:00,1895,1895,1895,1895,0
2022-02-14 13:18:00,1895,1895,1895,1895,0
2022-02-14 13:19:00,1895,1895,1895,1895,0
2022-02-14 13:20:00,1895,1895,1895,1895,0
2022-02-14 13:21:00,1895,1895,1895,1895,0
2022-02-14 13:22:00,1895,1895,1895,1895,0
2022-02-14 13:23:00,1895,1895,1895,1895,0
2022-02-14 13:24:00,1895,1895,1895,1895,0
2022-02-14 13:25:00,1895,1895,1895,1895,0
2022-02-14 13:26:00,1895,1895,1895,1895,0
2022-02-14 13:27:00,1895,1895,1895,1895,0
2022-02-14 13:28:00,1895,1895,1895,1895,0
2022-02-14 13:29:00,1895,1895,1895,1895,0
2022-02-14 13:30:00,1895,1895,1895,1895,0
2022-02-14 13:31:00,1895,1895,1895,1895,0
2022-02-14 13:32:00,1895,1895,1895,1895,0
2022-02-14 13:33:00,1895,1895,1895,1895,0
2022-02-14 13:34:00,1895,1895,1895,1895,0
2022-02-14 13:35:00,1895,1895,1895,1895,0
2022-02-14 13:36:00,1895,1895,1895,1895,0
2022-02-14 13:37:00,1895,1895,1895,1895,0
2022-02-14 13:38:00,1895,1895,1895,1895,0
2022-02-14 13:39:00,1895,1895,1895,1895,0
2022-02-14 13:40:00,1895,1895,1895,1895,0
2022-02-14 13:41:00,1895,1895,1895,1895,0
2022-02-14 13:42:00,1895,1895,1895,1895,0
2022-02-14 13:43:00,1895,1895,1895,1895,0
2022-02-14 13:44:00,1895,1895,1895,1895,0
2022-02-14 13:45:00,1895,1895,1895,1895,0
2022-02-14 13:46:00,1895,1895,1895,1895,0
2022-02-14 13:47:00,1895,1895,1895,1895,0
2022-02-14 13:48:00,1895,1895,1895,1895,0
2022-02-14 13:49:00,1895,1895,1895,1895,0
2022-02-14 13:50:00,1895,1895,1895,1895,0
2022-02-14 13:51:00,1895,1895,1895,1895,0
2022-02-14 13:52:00,1895,1895,1895,1895,0
2022-02-14 13:53:00,1895,1895,1895,1895,0
2022-02-14 13:54:00,1895,1895,1895,1895,0
2022-02-14 13:55:00,1895,1895,1895,1895,0
2022-02-14 13:56:00,1895,1895,1895,1895,0
2022-02-14 13:57:00,1895,1895,1895,1895,0
2022-02-14 13:58:00,1895,1895,1895,1895,0
2022-02-14 13:59:00,1895,1895,1895,1895,0
2022-02-14 14:00:00,1895,1895,1895,1895,0
2022-02-14 14:01:00,1895,1895,1895,1895,0
2022-02-14 14:02:00,1895,1895,1895,1895,0
2022-02-14 14:03:00,1895,1895,1895,1895,0
2022-02-14 14:04:00,1895,1895,1895,1895,0
2022-02-14 14:05:00,1895,1895,1895,1895,0
2022-02-14 14:06:00,1895,1895,1895,1895,0
2022-02-14 14:07:00,1895,1895,1895,1895,0
2022-02-14 14:08:00,1895,1895,1895,1895,0
2022-02-14 14:09:00,1895,1895,1895,1895,0
2022-02-14 14:10:00,1895,1895,1895,1895,0
2022-02-14 14:11:00,1895,1895,1895,1895,0
2022-02-14 14:12:00,1895,1895,1895,1895,0
2022-02-14 14:13:00,1895,1895,1895,1895,0
2022-02-14 14:14:00,1895,1895,1895,1895,0
2022-02-14 14:15:00,1895,1895,1895,1895,0
2022-02-14 14:16:00,1895,1895,1895,1895,0
2022-02-14 14:17:00,1895,1895,1895,1895,0
2022-02-14 14:18:00,1895,1895,1895,1895,0
2022-02-14 14:19:00,1895,1895,1895,1895,0
2022-02-14 14:20:00,1895,1895,1895,1895,0
2022-02-14 14:21:00,1895,1895,1895,1895,0
2022-02-14 14:22:00,1895,1895,1895,1895,0
2022-02-14 14:23:00,1895,1895,1895,1895,0
2022-02-14 14:24:00,1895,1895,1895,1895,0
2022-02-14 14:25:00,1895,1895,1895,1895,0
2022-02-14 14:26:00,1895,1895,1895,1895,0
2022-02-14 14:27:00,1895,1895,1895,1895,0
2022-02-14 14:28:00,1895,1895,1895,1895,0
2022-02-14 14:29:00,1895,1895,1895,1895,0
2022-02-14 14:30:00,1895,1895,1895,1895,0
2022-02-14 14:31:00,1895,1895,1895,1895,0
2022-02-14 14:32:00,1895,1895,1895,1895,0
2022-02-14 14:33:00,1895,1895,1895,1895,0
2022-02-14 14:34:00,1895,1895,1895,1895,0
2022-02-14 14:35:00,1895,1895,1895,1895,0
2022-02-14 14:36:00,1895,1895,1895,1895,0
2022-02-14 14:37:00,1895,1895,1895,1895,0
2022-02-14 14:38:00,1895,1895,1895,1895,0
2022-02-14 14:39:00,1895,1895,1895,1895,0
2022-02-14 14:40:00,1895,1895,1895,1895,0
2022-02-14 14:41:00,1895,1895,1895,1895,0
2022-02-14 14:42:00,1895,1895,1895,1895,0
2022-02-14 14:43:00,1895,1895,1895,1895,0
2022-02-14 14:44:00,1895,1895,1895,1895,0
2022-02-14 14:45:00,1895,1895,1895,1895,0
2022-02-14 14:46:00,1895,1895,1895,1895,0
2022-02-14 14:47:00,1895,1895,1895,1895,0
2022-02-14 14:48:00,1895,1895,1895,1895,0
2022-02-14 14:49:00,1895,1895,1895,1895,0
2022-02-14 14:50:00,1895,1895,1895,1895,0
2022-02-14 14:51:00,1895,1895,1895,1895,0
2022-02-14 14:52:00,1895,1895,1895,1895,0
2022-02-14 14:53:00,1895,1895,1895,1895,0
2022-02-14 14:54:00,1895,1895,1895,1895,0
2022-02-14 14:55:00,1895,1895,1895,1895,0
2022-02-14 14:56:00,1895,1895,1895,1895,0
2022-02-14 14:57:00,1895,1895,1895,1895,0
2022-02-14 14:58:00,1895,1895,1895,1895,0
2022-02-14 14:59:00,1895,1895,1895,1895,0
2022-02-14 15:00:00,1895,1895,1895,1895,0
2022-02-14 15:01:00,1895,1895,1895,1895,0
2022-02-14 15:02:00,1895,1895,1895,1895,0
2022-02-14 15:03:00,1895,1895,1895,1895,0
2022-02-14 15:04:00,1895,1895,1895,1895,0
2022-02-14 15:05:00,1895,1895,1895,1895,0
2022-02-14 15:06:00,1895,1895,1895,1895,0
2022-02-14 15:07:00,1895,1895,1895,1895,0
2022-02-14 15:08:00,1895,1895,1895,1895,0
2022-02-14 15:09:00,1895,1895,1895,1895,0
2022-02-14 15:10:00,1895,1895,1895,1895,0
2022-02-14 15:11:00,1895,1895,1895,1895,0
2022-02-14 15:12:00,1895,1895,1895,1895,0
2022-02-14 15:13:00,1895,1895,1895,1895,0
2022-02-14 15:14:00,1895,1895,1895,1895,0
2022-02-14 15:15:00,1895,1895,1895,1895,0
2022-02-14 15:16:00,1895,1895,1895,1895,0
2022-02-14 15:17:00,1895,1895,1895,1895,0
2022-02-14 15:18:00,1895,1895,1895,1895,0
2022-02-14 15:19:00,1895,1895,1895,1895,0
2022-02-14 15:20:00,1895,1895,1895,1895,0
2022-02-14 15:21:00,1895,1895,1895,1895,0
2022-02-14 15:22:00,1895,1895,1895,1895,0
2022-02-14 15:23:00,1895,1895,1895,1895,0
2022-02-14 15:24:00,1895,1895,1895,1895,0
2022-02-14 15:25:00,1895,1895,1895,1895,0
2022-02-14 15:26:00,1895,1895,1895,1895,0
2022-02-14 15:27:00,1895,1895,1895,1895,0
2022-02-14 15:28:00,1895,1895,1895,1895,0
2022-02-14 15:29:00,1895,1895,1895,1895,0
2022-02-14 15:30:00,1895,1895,1895,1895,0
2022-02-14 15:31:00,1895,1895,1895,1895,0
2022-02-14 15:32:00,1895,1895,1895,1895,0
2022-02-14 15:33:00,1895,1895,1895,1895,0
2022-02-14 15:34:00,1895,1895,1895,1895,0
2022-02-14 15:35:00,1895,1895,1895,1895,0
2022-02-14 15:36:00,1895,1895,1895,1895,0
2022-02-14 15:37:00,1895,1895,1895,1895,0
2022-02-14 15:38:00,1895,1895,1895,1895,0
2022-02-14 15:39:00,1895,1895,1895,1895,0
2022-02-14 15:40:00,1895,1895,1895,1895,0
2022-02-14 15:41:00,1895,1895,1895,1895,0
2022-02-14 15:42:00,1895,1895,1895,1895,0
2022-02-14 15:43:00,1895,1895,1895,1895,0
2022-02-14 15:44:00,1895,1895,1895,1895,0
2022-02-14 15:45:00,1895,1895,1895,1895,0
2022-02-14 15:46:00,1895,1895,1895,1895,0
2022-02-14 15:47:00,1895,1895,1895,1895,0
2022-02-14 15:48:00,1895,1895,1895,1895,0
2022-02-14 15:49:00,1895,1895,1895,1895,0
2022-02-14 15:50:00,1895,1895,1895,1895,0
2022-02-14 15:51:00,1895,1895,1895,1895,0
2022-02-14 15:52:00,1895,1895,1895,1895,0
2022-02-14 15:53:00,1895,1895,1895,1895,0
2022-02-14 15:54:00,1895,1895,1895,1895,0
2022-02-14 15:55:00,1895,1895,1895,1895,0
2022-02-14 15:56:00,1895,1895,1895,1895,0
2022-02-14 15:57:00,1895,1895,1895,1895,0
2022-02-14 15:58:00,1895,1895,1895,1895,0
2022-02-14 15:59:00,1895,1895,1895,1895,0
2022-02-15 09:00:00,1895,1895,1895,1895,0
2022-02-15 09:01:00,1895,1895,1895,1895,0
2022-02-15 09:02:00,1895,1895,1895,1895,0
2022-02-15 09:03:00,1895,1895,1895,1895,0
2022-02-15 09:04:00,1895,1895,1895,1895,0
2022-02-15 09:05:00,1895,1895,1895,1895,0
2022-02-15 09:06:00,1895,1895,1895,1895,0
2022-02-15 09:07:00,1895,1895,1895,1895,0
2022-02-15 09:08:00,1895,1895,1895,1895,0
2022-02-15 09:09:00,1895,1895,1895,1895,0
2022-02-15 09:10:00,1895,1895,1895,1895,0
2022-02-15 09:11:00,1895,1895,1895,1895,0
2022-02-15 09:12:00,1895,1895,1895,1895,0
2022-02-15 09:13:00,1895,1895,1895,1895,0
2022-02-15 09:14:00,1895,1895,1895,1895,0
2022-02-15 09:15:00,1895,1895,1895,1895,0
2022-02-15 09:16:00,1895,1895,1895,1895,0
2022-02-15 09:17:00,1895,1895,1895,1895,0
2022-02-15 09:18:00,1895,1895,1895,1895,0
2022-02-15 09:19:00,1895,1895,1895,1895,0
2022-02-15 09:20:00,1895,1895,1895,1895,0
2022-02-15 09:21:00,1895,1895,1895,1895,0
2022-02-15 09:22:00,1895,1895,1895,1895,0
2022-02-15 09:23:00,1895,1895,1895,1895,0
2022-02-15 09:24:00,1895,1895,1895,1895,0
2022-02-15 09:25:00,1895,1895,1895,1895,0
2022-02-15 09:26:00,1895,1895,1895,1895,0
2022-02-15 09:27:00,1895,1895,1895,1895,0
2022-02-15 09:28:00,1895,1895,1895,1895,0
2022-02-15 09:29:00,1895,1895,1895,1895,0
2022-02-15 09:30:00,1895,1895,1895,1895,0
2022-02-15 09:31:00,1895,1895,1895,1895,0
2022-02-15 09:32:00,1895,1895,1895,1895,0
2022-02-15 09:33:00,1895,1895,1895,1895,0
2022-02-15 09:34:00,1895,1895,1895,1895,0
2022-02-15 09:35:00,1895,1895,1895,1895,0
2022-02-15 09:36:00,1895,1895,1895,1895,0
2022-02-15 09:37:00,1895,1895,1895,1895,0
2022-02-15 09:38:00,1895,1895,1895,1895,0
2022-02-15 09:39:00,1895,1895,1895,1895,0
2022-02-15 09:40:00,1895,1895,1895,1895,0
2022-02-15 09:41:00,1895,1895,1895,1895,0
2022-02-15 09:42:00,1895,1895,1895,1895,0
2022-02-15 09:43:00,1895,1895,1895,1895,0
2022-02-15 09:44:00,1895,1895,1895,1895,0
2022-02-15 09:45:00,1895,1895,1895,1895,0
2022-02-15 09:46:00,1895,1895,1895,1895,0
2022-02-15 09:47:00,1895,1895,1895,1895,0
2022-02-15 09:48:00,1895,1895,1895,1895,0
2022-02-15 09:49:00,1895,1895,1895,1895,0
2022-02-15 09:50:00,1895,1895,1895,1895,0
2022-02-15 09:51:00,1895,1895,1895,1895,0
2022-02-15 09:52:00,1895,1895,1895,1895,0
2022-02-15 09:53:00,1895,1895,1895,1895,0
2022-02-15 09:54:00,1895,1895,1895,1895,0
2022-02-15 09:55:00,1895,1895,1895,1895,0
2022-02-15 09:56:00,1895,1895,1895,1895,0
2022-02-15 09:57:00,1895,1895,1895,1895,0
2022-02-15 09:58:00,1895,1895,1895,1895,0
2022-02-15 09:59:00,1895,1895,1895,1895,0
2022-02-15 10:00:00,1895,1895,1895,1895,0
2022-02-15 10:01:00,1895,1895,1895,1895,0
2022-02-15 10:02:00,1895,1895,1895,1895,0
2022-02-15 10:03:00,1895,1895,1895,1895,0
2022-02-15 10:04:00,1895,1895,1895,1895,0
2022-02-15 10:05:00,1895,1895,1895,1895,0
2022-02-15 10:06:00,1895,1895,1895,1895,0
2022-02-15 10:07:00,1895,1895,1895,1895,0
2022-02-15 10:08:00,1895,1895,1895,1895,0
2022-02-15 10:09:00,1895,1895,1895,1895,0
2022-02-15 10:10:00,1895,1895,1895,1895,0
2022-02-15 10:11:00,1895,1895,1895,1895,0
2022-02-15 10:12:00,1895,1895,1895,1895,0
2022-02-15 10:13:00,1895,1895,1895,1895,0
2022-02-15 10:14:00,1895,1895,1895,1895,0
2022-02-15 10:15:00,1895,1895,1895,1895,0
2022-02-15 10:16:00,1895,1895,1895,1895,0
2022-02-15 10:17:00,1895,1895,1895,1895,0
2022-02-15 10:18:00,1895,1895,1895,1895,0
2022-02-15 10:19:00,1895,1895,1895,1895,0
2022-02-15 10:20:00,1895,1895,1895,1895,0
2022-02-15 10:21:00,1895,1895,1895,1895,0
2022-02-15 10:22:00,1895,1895,1895,1895,0
2022-02-15 10:23:00,1895,1895,1895,1895,0
2022-02-15 10:24:00,1895,1895,1895,1895,0
2022-02-15 10:25:00,1895,1895,1895,1895,0
2022-02-15 10:26:00,1895,1895,1895,1895,0
2022-02-15 10:27:00,1895,1895,1895,1895,0
2022-02-15 10:28:00,1895,1895,1895,1895,0
2022-02-15 10:29:00,1895,1895,1895,1895,0
2022-02-15 10:30:00,1895,1895,1895,1895,0
2022-02-15 10:31:00,1895,1895,1895,1895,0
2022-02-15 10:32:00,1895,1895,1895,1895,0
2022-02-15 10:33:00,1895,1895,1895,1895,0
2022-02-15 10:34:00,1895,1895,1895,1895,0
2022-02-15 10:35:00,1895,1895,1895,1895,0
2022-02-15 10:36:00,1895,1895,1895,1895,0
2022-02-15 10:37:00,1895,1895,1895,1895,0
2022-02-15 10:38:00,1895,1895,1895,1895,0
2022-02-15 10:39:00,1895,1895,1895,1895,0
2022-02-15 10:40:00,1895,1895,1895,1895,0
2022-02-15 10:41:00,1895,1895,1895,1895,0
2022-02-15 10:42:00,1895,1895,1895,1895,0
2022-02-15 10:43:00,1895,1895,1895,1895,0
2022-02-15 10:44:00,1895,1895,1895,1895,0
2022-02-15 10:45:00,1895,1895,1895,1895,0
2022-02-15 10:46:00,1895,1895,1895,1895,0
2022-02-15 10:47:00,1895,1895,1895,1895,0
2022-02-15 10:48:00,1895,1895,1895,1895,0
2022-02-15 10:49:00,1895,1895,1895,1895,0
2022-02-15 10:50:00,1895,1895,1895,1895,0
2022-02-15 10:51:00,1895,1895,1895,1895,0
2022-02-15 10:52:00,1895,1895,1895,1895,0
2022-02-15 10:53:00,1895,1895,1895,1895,0
2022-02-15 10:54:00,1895,1895,1895,1895,0
2022-02-15 10:55:00,1895,1895,1895,1895,0
2022-02-15 10:56:00,1895,1895,1895,1895,0
2022-02-15 10:57:00,1895,1895,1895,1895,0
2022-02-15 10:58:00,1895,1895,1895,1895,0
2022-02-15 10:59:00,1895,1895,1895,1895,0
2022-02-15 11:00:00,1895,1895,1895,1895,0
2022-02-15 11:01:00,1895,1895,1895,1895,0
2022-02-15 11:02:00,1895,1895,1895,1895,0
2022-02-15 11:03:00,1895,1895,1895,1895,0
2022-02-15 11:04:00,1895,1895,1895,1895,0
2022-02-15 11:05:00,1895,1895,1895,1895,0
2022-02-15 11:06:00,1895,1895,1895,1895,0
2022-02-15 11:07:00,1895,1895,1895,1895,0
2022-02-15 11:08:00,1895,1895,1895,1895,0
2022-02-15 11:09:00,1895,1895,1895,1895,0
2022-02-15 11:10:00,1895,1895,1895,1895,0
2022-02-15 11:11:00,1895,1895,1895,1895,0
2022-02-15 11:12:00,1895,1895,1895,1895,0
2022-02-15 11:13:00,1895,1895,1895,1895,0
2022-02-15 11:14:00,1895,1895,1895,1895,0
2022-02-15 11:15:00,1895,1895,1895,1895,0
2022-02-15 11:16:00,1895,1895,1895,1895,0
2022-02-15 11:17:00,1895,1895,1895,1895,0
2022-02-15 11:18:00,1895,1895,1895,1895,0
2022-02-15 11:19:00,1895,1895,1895,1895,0
2022-02-15 11:20:00,1895,1895,1895,1895,0
2022-02-15 11:21:00,1895,1895,1895,1895,0
2022-02-15 11:22:00,1895,1895,1895,1895,0
2022-02-15 11:23:00,1895,1895,1895,1895,0
2022-02-15 11:24:00,1895,1895,1895,1895,0
2022-02-15 11:25:00,1895,1895,1895,1895,0
2022-02-15 11:26:00,1895,1895,1895,1895,0
2022-02-15 11:27:00,1895,1895,1895,1895,0
2022-02-15 11:28:00,1895,1895,1895,1895,0
2022-02-15 11:29:00,1895,1895,1895,1895,0
2022-02-15 11:30:00,1895,1895,1895,1895,0
2022-02-15 11:31:00,1895,1895,1895,1895,0
2022-02-15 11:32:00,1895,1895,1895,1895,0
2022-02-15 11:33:00,1895,1895,1895,1895,0
2022-02-15 11:34:00,1895,1895,1895,1895,0
2022-02-15 11:35:00,1895,1895,1895,1895,0
2022-02-15 11:36:00,1895,1895,1895,1895,0
2022-02-15 11:37:00,1895,1895,1895,1895,0
2022-02-15 11:38:00,1895,1895,1895,1895,0
2022-02-15 11:39:00,1895,1895,1895,1895,0
2022-02-15 11:40:00,1895,1895,1895,1895,0
2022-02-15 11:41:00,1895,1895,1895,1895,0
2022-02-15 11:42:00,1895,1895,1895,1895,0
2022-02-15 11:43:00,1895,1895,1895,1895,0
2022-02-15 11:44:00,1895,1895,1895,1895,0
2022-02-15 11:45:00,1895,1895,1895,1895,0
2022-02-15 11:46:00,1895,1895,1895,1895,0
2022-02-15 11:47:00,1895,1895,1895,1895,0
2022-02-15 11:48:00,1895,1895,1895,1895,0
2022-02-15 11:49:00,1895,1895,1895,1895,0
2022-02-15 11:50:00,1895,1895,1895,1895,0
2022-02-15 11:51:00,1895,1895,1895,1895,0
2022-02-15 11:52:00,1895,1895,1895,1895,0
2022-02-15 11:53:00,1895,1895,1895,1895,0
2022-02-15 11:54:00,1895,1895,1895,1895,0
2022-02-15 11:55:00,1895,1895,1895,1895,0
2022-02-15 11:56:00,1895,1895,1895,1895,0
2022-02-15 11:57:00,1895,1895,1895,1895,0
2022-02-15 11:58:00,1895,1895,1895,1895,0
2022-02-15 11:59:00,1895,1895,1895,1895,0
2022-02-15 12:00:00,1895,1895,1895,1895,0
2022-02-15 12:01:00,1895,1895,1895,1895,0
2022-02-15 12:02:00,1895,1895,1895,1895,0
2022-02-15 12:03:00,1895,1895,1895,1895,0
2022-02-15 12:04:00,1895,1895,1895,1895,0
2022-02-15 12:05:00,1895,1895,1895,1895,0
2022-02-15 12:06:00,1895,1895,1895,1895,0
2022-02-15 12:07:00,1895,1895,1895,1895,0
2022-02-15 12:08:00,1895,1895,1895,1895,0
2022-02-15 12:09:00,1895,1895,1895,1895,0
2022-02-15 12:10:00,1895,1895,1895,1895,0
2022-02-15 12:11:00,1895,1895,1895,1895,0
2022-02-15 12:12:00,1895,1895,1895,1895,0
2022-02-15 12:13:00,1895,1895,1895,1895,0
2022-02-15 12:14:00,1895,1895,1895,1895,0
2022-02-15 12:15:00,1895,1895,1895,1895,0
2022-02-15 12:16:00,1895,1895,1895,1895,0
2022-02-15 12:17:00,1895,1895,1895,1895,0
2022-02-15 12:18:00,1895,1895,1895,1895,0
2022-02-15 12:19:00,1895,1895,1895,1895,0
2022-02-15 12:20:00,1895,1895,1895,1895,0
2022-02-15 12:21:00,1895,1895,1895,1895,0
2022-02-15 12:22:00,1895,1895,1895,1895,0
2022-02-15 12:23:00,1895,1895,1895,1895,0
2022-02-15 12:24:00,1895,1895,1895,1895,0
2022-02-15 12:25:00,1895,1895,1895,1895,0
2022-02-15 12:26:00,1895,1895,1895,1895,0
2022-02-15 12:27:00,1895,1895,1895,1895,0
2022-02-15 12:28:00,1895,1895,1895,1895,0
2022-02-15 12:29:00,1895,1895,1895,1895,0
2022-02-15 12:30:00,1895,1895,1895,1895,0
2022-02-15 12:31:00,1895,1895,1895,1895,0
2022-02-15 12:32:00,1895,1895,1895,1895,0
2022-02-15 12:33:00,1895,1895,1895,1895,0
2022-02-15 12:34:00,1895,1895,1895,1895,0
2022-02-15 12:35:00,1895,1895,1895,1895,0
2022-02-15 12:36:00,1895,1895,1895,1895,0
2022-02-15 12:37:00,1895,1895,1895,1895,0
2022-02-15 12:38:00,1895,1895,1895,1895,0
2022-02-15 12:39:00,1895,1895,1895,1895,0
2022-02-15 12:40:00,1895,1895,1895,1895,0
2022-02-15 12:41:00,1895,1895,1895,1895,0
2022-02-15 12:42:00,1895,1895,1895,1895,0
2022-02-15 12:43:00,1895,1895,1895,1895,0
2022-02-15 12:44:00,1895,1895,1895,1895,0
2022-02-15 12:45:00,1895,1895,1895,1895,0
2022-02-15 12:46:00,1895,1895,1895,1895,0
2022-02-15 12:47:00,1895,1895,1895,1895,0
2022-02-15 12:48:00,1895,1895,1895,1895,0
2022-02-15 12:49:00,1895,1895,1895,1895,0
2022-02-15 12:50:00,1895,1895,1895,1895,0
2022-02-15 12:51:00,1895,1895,1895,1895,0
2022-02-15 12:52:00,1895,1895,1895,1895,0
2022-02-15 12:53:00,1895,1895,1895,1895,0
2022-02-15 12:54:00,1895,1895,1895,1895,0
2022-02-15 12:55:00,1895,1895,1895,1895,0
2022-02-15 12:56:00,1895,1895,1895,1895,0
2022-02-15 12:57:00,1895,1895,1895,1895,0
2022-02-15 12:58:00,1895,1895,1895,1895,0
2022-02-15 12:59:00,1895,1895,1895,1895,0
2022-02-15 13:00:00,1895,1895,1895,1895,0
2022-02-15 13:01:00,1895,1895,1895,1895,0
2022-02-15 13:02:00,1895,1895,1895,1895,0
2022-02-15 13:03:00,1895,1895,1895,1895,0
2022-02-15 13:04:00,1895,1895,1895,1895,0
2022-02-15 13:05:00,1895,1895,1895,1895,0
2022-02-15 13:06:00,1895,1895,1895,1895,0
2022-02-15 13:07:00,1895,1895,1895,1895,0
2022-02-15 13:08:00,1895,1895,1895,1895,0
2022-02-15 13:09:00,1895,1895,1895,1895,0
2022-02-15 13:10:00,1895,1895,1895,1895,0
2022-02-15 13:11:00,1895,1895,1895,1895,0
2022-02-15 13:12:00,1895,1895,1895,1895,0
2022-02-15 13:13:00,1895,1895,1895,1895,0
2022-02-15 13:14:00,1895,1895,1895,1895,0
2022-02-15 13:15:00,1895,1895,1895,1895,0
2022-02-15 13:16:00,1895,1895,1895,1895,0
2022-02-15 13:17:00,1895,1895,1895,1895,0
2022-02-15 13:18:00,1895,1895,1895,1895,0
2022-02-15 13:19:00,1895,1895,1895,1895,0
2022-02-15 13:20:00,1895,1895,1895,1895,0
2022-02-15 13:21:00,1895,1895,1895,1895,0
2022-02-15 13:22:00,1895,1895,1895,1895,0
2022-02-15 13:23:00,1895,1895,1895,1895,0
2022-02-15 13:24:00,1895,1895,1895,1895,0
2022-02-15 13:25:00,1895,1895,1895,1895,0
2022-02-15 13:26:00,1895,1895,1895,1895,0
2022-02-15 13:27:00,1895,1895,1895,1895,0
2022-02-15 13:28:00,1895,1895,1895,1895,0
2022-02-15 13:29:00,1895,1895,1895,1895,0
2022-02-15 13:30:00,1895,1895,1895,1895,0
2022-02-15 13:31:00,1895,1895,1895,1895,0
2022-02-15 13:32:00,1895,1895,1895,1895,0
2022-02-15 13:33:00,1895,1895,1895,1895,0
2022-02-15 13:34:00,1895,1895,1895,1895,0
2022-02-15 13:35:00,1895,1895,1895,1895,0
2022-02-15 13:36:00,1895,1895,1895,1895,0
2022-02-15 13:37:00,1895,1895,1895,1895,0
2022-02-15 13:38:00,1895,1895,1895,1895,0
2022-02-15 13:39:00,1895,1895,1895,1895,0
2022-02-15 13:40:00,1895,1895,1895,1895,0
2022-02-15 13:41:00,1895,1895,1895,1895,0
2022-02-15 13:42:00,1895,1895,1895,1895,0
2022-02-15 13:43:00,1895,1895,1895,1895,0
2022-02-15 13:44:00,1895,1895,1895,1895,0
2022-02-15 13:45:00,1895,1895,1895,1895,0
2022-02-15 13:46:00,1895,1895,1895,1895,0
2022-02-15 13:47:00,1895,1895,1895,1895,0
2022-02-15 13:48:00,1895,1895,1895,1895,0
2022-02-15 13:49:00,1895,1895,1895,1895,0
2022-02-15 13:50:00,1895,1895,1895,1895,0
2022-02-15 13:51:00,1895,1895,1895,1895,0
2022-02-15 13:52:00,1895,1895,1895,1895,0
2022-02-15 13:53:00,1895,1895,1895,1895,0
2022-02-15 13:54:00,1895,1895,1895,1895,0
2022-02-15 13:55:00,1895,1895,1895,1895,0
2022-02-15 13:56:00,1895,1895,1895,1895,0
2022-02-15 13:57:00,1895,1895,1895,1895,0
2022-02-15 13:58:00,1895,1895,1895,1895,0
2022-02-15 13:59:00,1895,1895,1895,1895,0
2022-02-15 14:00:00,1895,1895,1895,1895,0
2022-02-15 14:01:00,1895,1895,1895,1895,0
2022-02-15 14:02:00,1895,1895,1895,1895,0
2022-02-15 14:03:00,1895,1895,1895,1895,0
2022-02-15 14:04:00,1895,1895,1895,1895,0
2022-02-15 14:05:00,1895,1895,1895,1895,0
2022-02-15 14:06:00,1895,1895,1895,1895,0
2022-02-15 14:07:00,1895,1895,1895,1895,0
2022-02-15 14:08:00,1895,1895,1895,1895,0
2022-02-15 14:09:00,1895,1895,1895,1895,0
2022-02-15 14:10:00,1895,1895,1895,1895,0
2022-02-15 14:11:00,1895,1895,1895,1895,0
2022-02-15 14:12:00,1895,1895,1895,1895,0
2022-02-15 14:13:00,1895,1895,1895,1895,0
2022-02-15 14:14:00,1895,1895,1895,1895,0
2022-02-15 14:15:00,1895,1895,1895,1895,0
2022-02-15 14:16:00,1895,1895,1895,1895,0
2022-02-15 14:17:00,1895,1895,1895,1895,0
2022-02-15 14:18:00,1895,1895,1895,1895,0
2022-02-15 14:19:00,1895,1895,1895,1895,0
2022-02-15 14:20:00,1895,1895,1895,1895,0
2022-02-15 14:21:00,1895,1895,1895,1895,0
2022-02-15 14:22:00,1895,1895,1895,1895,0
2022-02-15 14:23:00,1895,1895,1895,1895,0
2022-02-15 14:24:00,1895,1895,1895,1895,0
2022-02-15 14:25:00,1895,1895,1895,1895,0
2022-02-15 14:26:00,1895,1895,1895,1895,0
2022-02-15 14:27:00,1895,1895,1895,1895,0
2022-02-15 14:28:00,1895,1895,1895,1895,0
2022-02-15 14:29:00,1895,1895,1895,1895,0
2022-02-15 14:30:00,1895,1895,1895,1895,0
2022-02-15 14:31:00,1895,1895,1895,1895,0
2022-02-15 14:32:00,1895,1895,1895,1895,0
2022-02-15 14:33:00,1895,1895,1895,1895,0
2022-02-15 14:34:00,1895,1895,1895,1895,0
2022-02-15 14:35:00,1895,1895,1895,1895,0
2022-02-15 14:36:00,1895,1895,1895,1895,0
2022-02-15 14:37:00,1895,1895,1895,1895,0
2022-02-15 14:38:00,1895,1895,1895,1895,0
2022-02-15 14:39:00,1895,1895,1895,1895,0
2022-02-15 14:40:00,1895,1895,1895,1895,0
2022-02-15 14:41:00,1895,1895,1895,1895,0
2022-02-15 14:42:00,1895,1895,1895,1895,0
2022-02-15 14:43:00,1895,1895,1895,1895,0
2022-02-15 14:44:00,1895,1895,1895,1895,0
2022-02-15 14:45:00,1895,1895,1895,1895,0
2022-02-15 14:46:00,1895,1895,1895,1895,0
2022-02-15 14:47:00,1895,1895,1895,1895,0
2022-02-15 14:48:00,1895,1895,1895,1895,0
2022-02-15 14:49:00,1895,1895,1895,1895,0
2022-02-15 14:50:00,1895,1895,1895,1895,0
2022-02-15 14:51:00,1895,1895,1895,1895,0
2022-02-15 14:52:00,1895,1895,1895,1895,0
2022-02-15 14:53:00,1895,1895,1895,1895,0
2022-02-15 14:54:00,1895,1895,1895,1895,0
2022-02-15 14:55:00,1895,1895,1895,1895,0
2022-02-15 14:56:00,1895,1895,1895,1895,0
2022-02-15 14:57:00,1895,1895,1895,1895,0
2022-02-15 14:58:00,1895,1895,1895,1895,0
2022-02-15 14:59:00,1895,1895,1895,1895,0
2022-02-15 15:00:00,1895,1895,1895,1895,0
2022-02-15 15:01:00,1895,1895,1895,1895,0
2022-02-15 15:02:00,1895,1895,1895,1895,0
2022-02-15 15:03:00,1895,1895,1895,1895,0
2022-02-15 15:04:00,1895,1895,1895,1895,0
2022-02-15 15:05:00,1895,1895,1895,1895,0
2022-02-15 15:06:00,1895,1895,1895,1895,0
2022-02-15 15:07:00,1895,1895,1895,1895,0
2022-02-15 15:08:00,1895,1895,1895,1895,0
2022-02-15 15:09:00,1895,1895,1895,1895,0
2022-02-15 15:10:00,1895,1895,1895,1895,0
2022-02-15 15:11:00,1895,1895,1895,1895,0
2022-02-15 15:12:00,1895,1895,1895,1895,0
2022-02-15 15:13:00,1895,1895,1895,1895,0
2022-02-15 15:14:00,1895,1895,1895,1895,0
2022-02-15 15:15:00,1895,1895,1895,1895,0
2022-02-15 15:16:00,1895,1895,1895,1895,0
2022-02-15 15:17:00,1895,1895,1895,1895,0
2022-02-15 15:18:00,1895,1895,1895,1895,0
2022-02-15 15:19:00,1895,1895,1895,1895,0
2022-02-15 15:20:00,1895,1895,1895,1895,0
2022-02-15 15:21:00,1895,1895,1895,1895,0
2022-02-15 15:22:00,1895,1895,1895,1895,0
2022-02-15 15:23:00,1895,1895,1895,1895,0
2022-02-15 15:24:00,1895,1895,1895,1895,0
2022-02-15 15:25:00,1895,1895,1895,1895,0
2022-02-15 15:26:00,1895,1895,1895,1895,0
2022-02-15 15:27:00,1895,1895,1895,1895,0
2022-02-15 15:28:00,1895,1895,1895,1895,0
2022-02-15 15:29:00,1895,1895,1895,1895,0
2022-02-15 15:30:00,1895,1895,1895,1895,0
2022-02-15 15:31:00,1895,1895,1895,1895,0
2022-02-15 15:32:00,1895,1895,1895,1895,0
2022-02-15 15:33:00,1895,1895,1895,1895,0
2022-02-15 15:34:00,1895,1895,1895,1895,0
2022-02-15 15:35:00,1895,1895,1895,1895,0
2022-02-15 15:36:00,1895,1895,1895,1895,0
2022-02-15 15:37:00,1895,1895,1895,1895,0
2022-02-15 15:38:00,1895,1895,1895,1895,0
2022-02-15 15:39:00,1895,1895,1895,1895,0
2022-02-15 15:40:00,1895,1895,1895,1895,0
2022-02-15 15:41:00,1895,1895,1895,1895,0
2022-02-15 15:42:00,1895,1895,1895,1895,0
2022-02-15 15:43:00,1895,1895,1895,1895,0
2022-02-15 15:44:00,1895,1895,1895,1895,0
2022-02-15 15:45:00,1895,1895,1895,1895,0
2022-02-15 15:46:00,1895,1895,1895,1895,0
2022-02-15 15:47:00,1895,1895,1895,1895,0
2022-02-15 15:48:00,1895,1895,1895,1895,0
2022-02-15 15:49:00,1895,1895,1895,1895,0
2022-02-15 15:50:00,1895,1895,1895,1895,0
2022-02-15 15:51:00,1895,1895,1895,1895,0
2022-02-15 15:52:00,1895,1895,1895,1895,0
2022-02-15 15:53:00,1895,1895,1895,1895,0
2022-02-15 15:54:00,1895,1895,1895,1895,0
2022-02-15 15:55:00,1895,1895,1895,1895,0
2022-02-15 15:56:00,1895,1895,1895,1895,0
2022-02-15 15:57:00,1895,1895,1895,1895,0
2022-02-15 15:58:00,1895,1895,1895,1895,0
2022-02-15 15:59:00,1895,1895,1895,1895,0
2022-02-16 09:00:00,1895,1895,1895,1895,0
2022-02-16 09:01:00,1895,1895,1895,1895,0
2022-02-16 09:02:00,1895,1895,1895,1895,0
2022-02-16 09:03:00,1895,1895,1895,1895,0
2022-02-16 09:04:00,1895,1895,1895,1895,0
2022-02-16 09:05:00,1895,1895,1895,1895,0
2022-02-16 09:06:00,1895,1895,1895,1895,0
2022-02-16 09:07:00,1895,1895,1895,1895,0
2022-02-16 09:08:00,1895,1895,1895,1895,0
2022-02-16 09:09:00,1895,1895,1895,1895,0
2022-02-16 09:10:00,1895,1895,1895,1895,0
2022-02-16 09:11:00,1895,1895,1895,1895,0
2022-02-16 09:12:00,1895,1895,1895,1895,0
2022-02-16 09:13:00,1895,1895,1895,1895,0
2022-02-16 09:14:00,1895,1895,1895,1895,0
2022-02-16 09:15:00,1895,1895,1895,1895,0
2022-02-16 09:16:00,1895,1895,1895,1895,0
2022-02-16 09:17:00,1895,1895,1895,1895,0
2022-02-16 09:18:00,1895,1895,1895,1895,0
2022-02-16 09:19:00,1895,1895,1895,1895,0
2022-02-16 09:20:00,1895,1895,1895,1895,0
2022-02-16 09:21:00,1895,1895,1895,1895,0
2022-02-16 09:22:00,1895,1895,1895,1895,0
2022-02-16 09:23:00,1895,1895,1895,1895,0
2022-02-16 09:24:00,1895,1895,1895,1895,0
2022-02-16 09:25:00,1895,1895,1895,1895,0
2022-02-16 09:26:00,1895,1895,1895,1895,0
2022-02-16 09:27:00,1895,1895,1895,1895,0
2022-02-16 09:28:00,1895,1895,1895,1895,0
2022-02-16 09:29:00,1895,1895,1895,1895,0
2022-02-16 09:30:00,1895,1895,1895,1895,0
2022-02-16 09:31:00,1895,1895,1895,1895,0
2022-02-16 09:32:00,1895,1895,1895,1895,0
2022-02-16 09:33:00,1895,1895,1895,1895,0
2022-02-16 09:34:00,1895,1895,1895,1895,0
2022-02-16 09:35:00,1895,1895,1895,1895,0
2022-02-16 09:36:00,1895,1895,1895,1895,0
2022-02-16 09:37:00,1895,1895,1895,1895,0
2022-02-16 09:38:00,1895,1895,1895,1895,0
2022-02-16 09:39:00,1895,1895,1895,1895,0
2022-02-16 09:40:00,1895,1895,1895,1895,0
2022-02-16 09:41:00,1895,1895,1895,1895,0
2022-02-16 09:42:00,1895,1895,1895,1895,0
2022-02-16 09:43:00,1895,1895,1895,1895,0
2022-02-16 09:44:00,1895,1895,1895,1895,0
2022-02-16 09:45:00,1895,1895,1895,1895,0
2022-02-16 09:46:00,1895,1895,1895,1895,0
2022-02-16 09:47:00,1895,1895,1895,1895,0
2022-02-16 09:48:00,1895,1895,1895,1895,0
2022-02-16 09:49:00,1895,1895,1895,1895,0
2022-02-16 09:50:00,1895,1895,1895,1895,0
2022-02-16 09:51:00,1895,1895,1895,1895,0
2022-02-16 09:52:00,1895,1895,1895,1895,0
2022-02-16 09:53:00,1895,1895,1895,1895,0
2022-02-16 09:54:00,1895,1895,1895,1895,0
2022-02-16 09:55:00,1895,1895,1895,1895,0
2022-02-16 09:56:00,1895,1895,1895,1895,0
2022-02-16 09:57:00,1895,1895,1895,1895,0
2022-02-16 09:58:00,1895,1895,1895,1895,0
2022-02-16 09:59:00,1895,1895,1895,1895,0
2022-02-16 10:00:00,1895,1895,1895,1895,0
2022-02-16 10:01:00,1895,1895,1895,1895,0
2022-02-16 10:02:00,1895,1895,1895,1895,0
2022-02-16 10:03:00,1895,1895,1895,1895,0
2022-02-16 10:04:00,1895,1895,1895,1895,0
2022-02-16 10:05:00,1895,1895,1895,1895,0
2022-02-16 10:06:00,1895,1895,1895,1895,0
2022-02-16 10:07:00,1895,1895,1895,1895,0
2022-02-16 10:08:00,1895,1895,1895,1895,0
2022-02-16 10:09:00,1895,1895,1895,1895,0
2022-02-16 10:10:00,1895,1895,1895,1895,0
2022-02-16 10:11:00,1895,1895,1895,1895,0
2022-02-16 10:12:00,1895,1895,1895,1895,0
2022-02-16 10:13:00,1895,1895,1895,1895,0
2022-02-16 10:14:00,1895,1895,1895,1895,0
2022-02-16 10:15:00,1895,1895,1895,1895,0
2022-02-16 10:16:00,1895,1895,1895,1895,0
2022-02-16 10:17:00,1895,1895,1895,1895,0
2022-02-16 10:18:00,1895,1895,1895,1895,0
2022-02-16 10:19:00,1895,1895,1895,1895,0
2022-02-16 10:20:00,1895,1895,1895,1895,0
2022-02-16 10:21:00,1895,1895,1895,1895,0
2022-02-16 10:22:00,1895,1895,1895,1895,0
2022-02-16 10:23:00,1895,1895,1895,1895,0
2022-02-16 10:24:00,1895,1895,1895,1895,0
2022-02-16 10:25:00,1895,1895,1895,1895,0
2022-02-16 10:26:00,1895,1895,1895,1895,0
2022-02-16 10:27:00,1895,1895,1895,1895,0
2022-02-16 10:28:00,1895,1895,1895,1895,0
2022-02-16 10:29:00,1895,1895,1895,1895,0
2022-02-16 10:30:00,1895,1895,1895,1895,0
2022-02-16 10:31:00,1895,1895,1895,1895,0
2022-02-16 10:32:00,1895,1895,1895,1895,0
2022-02-16 10:33:00,1895,1895,1895,1895,0
2022-02-16 10:34:00,1895,1895,1895,1895,0
2022-02-16 10:35:00,1895,1895,1895,1895,0
2022-02-16 10:36:00,1895,1895,1895,1895,0
2022-02-16 10:37:00,1895,1895,1895,1895,0
2022-02-16 10:38:00,1895,1895,1895,1895,0
2022-02-16 10:39:00,1895,1895,1895,1895,0
2022-02-16 10:40:00,1895,1895,1895,1895,0
2022-02-16 10:41:00,1895,1895,1895,1895,0
2022-02-16 10:42:00,1895,1895,1895,1895,0
2022-02-16 10:43:00,1895,1895,1895,1895,0
2022-02-16 10:44:00,1895,1895,1895,1895,0
2022-02-16 10:45:00,1895,1895,1895,1895,0
2022-02-16 10:46:00,1895,1895,1895,1895,0
2022-02-16 10:47:00,1895,1895,1895,1895,0
2022-02-16 10:48:00,1895,1895,1895,1895,0
2022-02-16 10:49:00,1895,1895,1895,1895,0
2022-02-16 10:50:00,1895,1895,1895,1895,0
2022-02-16 10:51:00,1895,1895,1895,1895,0
2022-02-16 10:52:00,1895,1895,1895,1895,0
2022-02-16 10:53:00,1895,1895,1895,1895,0
2022-02-16 10:54:00,1895,1895,1895,1895,0
2022-02-16 10:55:00,1895,1895,1895,1895,0
2022-02-16 10:56:00,1895,1895,1895,1895,0
2022-02-16 10:57:00,1895,1895,1895,1895,0
2022-02-16 10:58:00,1895,1895,1895,1895,0
2022-02-16 10:59:00,1895,1895,1895,1895,0
2022-02-16 11:00:00,1895,1895,1895,1895,0
2022-02-16 11:01:00,1895,1895,1895,1895,0
2022-02-16 11:02:00,1895,1895,1895,1895,0
2022-02-16 11:03:00,1895,1895,1895,1895,0
2022-02-16 11:04:00,1895,1895,1895,1895,0
2022-02-16 11:05:00,1895,1895,1895,1895,0
2022-02-16 11:06:00,1895,1895,1895,1895,0
2022-02-16 11:07:00,1895,1895,1895,1895,100
2022-02-16 11:08:00,1895,1895,1895,1895,0
2022-02-16 11:09:00,1895,1895,1895,1895,0
2022-02-16 11:10:00,1895,1895,1895,1895,0
2022-02-16 11:11:00,1930,1930,1930,1930,1600
2022-02-16 11:12:00,1930,1930,1930,1930,0
2022-02-16 11:13:00,1930,1930,1930,1930,0
2022-02-16 11:14:00,1930,1930,1930,1930,0
2022-02-16 11:15:00,1930,1930,1930,1930,0
2022-02-16 11:16:00,1930,1930,1930,1930,0
2022-02-16 11:17:00,1930,1930,1930,1930,0
2022-02-16 11:18:00,1930,1930,1930,1930,0
2022-02-16 11:19:00,1930,1930,1930,1930,0
2022-02-16 11:20:00,1930,1930,1930,1930,0
2022-02-16 11:21:00,1930,1930,1930,1930,0
2022-02-16 11:22:00,1930,1930,1930,1930,0
2022-02-16 11:23:00,1930,1930,1930,1930,0
2022-02-16 11:24:00,1930,1930,1930,1930,0
2022-02-16 11:25:00,1930,1930,1930,1930,0
2022-02-16 11:26:00,1930,1930,1930,1930,0
2022-02-16 11:27:00,1930,1930,1930,1930,0
2022-02-16 11:28:00,1930,1930,1930,1930,0
2022-02-16 11:29:00,1930,1930,1930,1930,0
2022-02-16 11:30:00,1930,1930,1930,1930,0
2022-02-16 11:31:00,1930,1930,1930,1930,0
2022-02-16 11:32:00,1930,1930,1930,1930,0
2022-02-16 11:33:00,1930,1930,1930,1930,0
2022-02-16 11:34:00,1930,1930,1930,1930,0
2022-02-16 11:35:00,1930,1930,1930,1930,0
2022-02-16 11:36:00,1930,1930,1930,1930,0
2022-02-16 11:37:00,1930,1930,1930,1930,0
2022-02-16 11:38:00,1930,1930,1930,1930,0
2022-02-16 11:39:00,1930,1930,1930,1930,0
2022-02-16 11:40:00,1930,1930,1930,1930,0
2022-02-16 11:41:00,1930,1930,1930,1930,0
2022-02-16 11:42:00,1930,1930,1930,1930,0
2022-02-16 11:43:00,1930,1930,1930,1930,0
2022-02-16 11:44:00,1930,1930,1930,1930,0
2022-02-16 11:45:00,1930,1930,1930,1930,0
2022-02-16 11:46:00,1930,1930,1930,1930,0
2022-02-16 11:47:00,1930,1930,1930,1930,0
2022-02-16 11:48:00,1930,1930,1930,1930,0
2022-02-16 11:49:00,1930,1930,1930,1930,0
2022-02-16 11:50:00,1930,1930,1930,1930,0
2022-02-16 11:51:00,1930,1930,1930,1930,0
2022-02-16 11:52:00,1930,1930,1930,1930,0
2022-02-16 11:53:00,1930,1930,1930,1930,0
2022-02-16 11:54:00,1930,1930,1930,1930,0
2022-02-16 11:55:00,1930,1930,1930,1930,0
2022-02-16 11:56:00,1930,1930,1930,1930,0
2022-02-16 11:57:00,1930,1930,1930,1930,0
2022-02-16 11:58:00,1930,1930,1930,1930,0
2022-02-16 11:59:00,1930,1930,1930,1930,0
2022-02-16 12:00:00,1930,1930,1930,1930,0
2022-02-16 12:01:00,1930,1930,1930,1930,0
2022-02-16 12:02:00,1930,1930,1930,1930,0
2022-02-16 12:03:00,1930,1930,1930,1930,0
2022-02-16 12:04:00,1930,1930,1930,1930,0
2022-02-16 12:05:00,1930,1930,1930,1930,0
2022-02-16 12:06:00,1930,1930,1930,1930,0
2022-02-16 12:07:00,1930,1930,1930,1930,0
2022-02-16 12:08:00,1930,1930,1930,1930,0
2022-02-16 12:09:00,1930,1930,1930,1930,0
2022-02-16 12:10:00,1930,1930,1930,1930,0
2022-02-16 12:11:00,1930,1930,1930,1930,0
2022-02-16 12:12:00,1930,1930,1930,1930,0
2022-02-16 12:13:00,1930,1930,1930,1930,0
2022-02-16 12:14:00,1930,1930,1930,1930,0
2022-02-16 12:15:00,1930,1930,1930,1930,0
2022-02-16 12:16:00,1930,1930,1930,1930,0
2022-02-16 12:17:00,1930,1930,1930,1930,0
2022-02-16 12:18:00,1930,1930,1930,1930,0
2022-02-16 12:19:00,1930,1930,1930,1930,0
2022-02-16 12:20:00,1930,1930,1930,1930,0
2022-02-16 12:21:00,1930,1930,1930,1930,0
2022-02-16 12:22:00,1930,1930,1930,1930,0
2022-02-16 12:23:00,1930,1930,1930,1930,0
2022-02-16 12:24:00,1930,1930,1930,1930,0
2022-02-16 12:25:00,1930,1930,1930,1930,0
2022-02-16 12:26:00,1930,1930,1930,1930,0
2022-02-16 12:27:00,1930,1930,1930,1930,0
2022-02-16 12:28:00,1930,1930,1930,1930,0
2022-02-16 12:29:00,1930,1930,1930,1930,0
2022-02-16 12:30:00,1930,1930,1930,1930,0
2022-02-16 12:31:00,1930,1930,1930,1930,0
2022-02-16 12:32:00,1930,1930,1930,1930,0
2022-02-16 12:33:00,1930,1930,1930,1930,0
2022-02-16 12:34:00,1930,1930,1930,1930,0
2022-02-16 12:35:00,1930,1930,1930,1930,0
2022-02-16 12:36:00,1930,1930,1930,1930,0
2022-02-16 12:37:00,1930,1930,1930,1930,0
2022-02-16 12:38:00,1930,1930,1930,1930,0
2022-02-16 12:39:00,1930,1930,1930,1930,0
2022-02-16 12:40:00,1930,1930,1930,1930,0
2022-02-16 12:41:00,1930,1930,1930,1930,0
2022-02-16 12:42:00,1930,1930,1930,1930,0
2022-02-16 12:43:00,1930,1930,1930,1930,0
2022-02-16 12:44:00,1930,1930,1930,1930,0
2022-02-16 12:45:00,1930,1930,1930,1930,0
2022-02-16 12:46:00,1930,1930,1930,1930,0
2022-02-16 12:47:00,1930,1930,1930,1930,0
2022-02-16 12:48:00,1930,1930,1930,1930,0
2022-02-16 12:49:00,1930,1930,1930,1930,0
2022-02-16 12:50:00,1930,1930,1930,1930,0
2022-02-16 12:51:00,1930,1930,1930,1930,0
2022-02-16 12:52:00,1930,1930,1930,1930,0
2022-02-16 12:53:00,1930,1930,1930,1930,0
2022-02-16 12:54:00,1930,1930,1930,1930,0
2022-02-16 12:55:00,1930,1930,1930,1930,0
2022-02-16 12:56:00,1930,1930,1930,1930,0
2022-02-16 12:57:00,1930,1930,1930,1930,0
2022-02-16 12:58:00,1930,1930,1930,1930,0
2022-02-16 12:59:00,1930,1930,1930,1930,0
2022-02-16 13:00:00,1930,1930,1930,1930,0
2022-02-16 13:01:00,1930,1930,1930,1930,0
2022-02-16 13:02:00,1930,1930,1930,1930,0
2022-02-16 13:03:00,1930,1930,1930,1930,0
2022-02-16 13:04:00,1930,1930,1930,1930,0
2022-02-16 13:05:00,1930,1930,1930,1930,0
2022-02-16 13:06:00,1930,1930,1930,1930,0
2022-02-16 13:07:00,1930,1930,1930,1930,0
2022-02-16 13:08:00,1930,1930,1930,1930,0
2022-02-16 13:09:00,1930,1930,1930,1930,0
2022-02-16 13:10:00,1930,1930,1930,1930,0
2022-02-16 13:11:00,1930,1930,1930,1930,0
2022-02-16 13:12:00,1930,1930,1930,1930,0
2022-02-16 13:13:00,1930,1930,1930,1930,0
2022-02-16 13:14:00,1930,1930,1930,1930,0
2022-02-16 13:15:00,1930,1930,1930,1930,0
2022-02-16 13:16:00,1930,1930,1930,1930,0
2022-02-16 13:17:00,1930,1930,1930,1930,0
2022-02-16 13:18:00,1930,1930,1930,1930,0
2022-02-16 13:19:00,1930,1930,1930,1930,0
2022-02-16 13:20:00,1930,1930,1930,1930,0
2022-02-16 13:21:00,1930,1930,1930,1930,0
2022-02-16 13:22:00,1930,1930,1930,1930,0
2022-02-16 13:23:00,1930,1930,1930,1930,0
2022-02-16 13:24:00,1930,1930,1930,1930,0
2022-02-16 13:25:00,1930,1930,1930,1930,0
2022-02-16 13:26:00,1930,1930,1930,1930,0
2022-02-16 13:27:00,1930,1930,1930,1930,0
2022-02-16 13:28:00,1930,1930,1930,1930,0
2022-02-16 13:29:00,1930,1930,1930,1930,0
2022-02-16 13:30:00,1930,1930,1930,1930,0
2022-02-16 13:31:00,1930,1930,1930,1930,0
2022-02-16 13:32:00,1930,1930,1930,1930,0
2022-02-16 13:33:00,1930,1930,1930,1930,0
2022-02-16 13:34:00,1930,1930,1930,1930,0
2022-02-16 13:35:00,1930,1930,1930,1930,0
2022-02-16 13:36:00,1930,1930,1930,1930,0
2022-02-16 13:37:00,1930,1930,1930,1930,0
2022-02-16 13:38:00,1930,1930,1930,1930,0
2022-02-16 13:39:00,1930,1930,1930,1930,0
2022-02-16 13:40:00,1930,1930,1930,1930,0
2022-02-16 13:41:00,1930,1930,1930,1930,0
2022-02-16 13:42:00,1930,1930,1930,1930,0
2022-02-16 13:43:00,1930,1930,1930,1930,0
2022-02-16 13:44:00,1930,1930,1930,1930,0
2022-02-16 13:45:00,1930,1930,1930,1930,0
2022-02-16 13:46:00,1930,1930,1930,1930,0
2022-02-16 13:47:00,1930,1930,1930,1930,0
2022-02-16 13:48:00,1930,1930,1930,1930,0
2022-02-16 13:49:00,1930,1930,1930,1930,0
2022-02-16 13:50:00,1930,1930,1930,1930,0
2022-02-16 13:51:00,1930,1930,1930,1930,0
2022-02-16 13:52:00,1930,1930,1930,1930,0
2022-02-16 13:53:00,1930,1930,1930,1930,0
2022-02-16 13:54:00,1930,1930,1930,1930,0
2022-02-16 13:55:00,1930,1930,1930,1930,0
2022-02-16 13:56:00,1930,1930,1930,1930,0
2022-02-16 13:57:00,1930,1930,1930,1930,0
2022-02-16 13:58:00,1930,1930,1930,1930,0
2022-02-16 13:59:00,1930,1930,1930,1930,0
2022-02-16 14:00:00,1930,1930,1930,1930,0
2022-02-16 14:01:00,1930,1930,1930,1930,0
2022-02-16 14:02:00,1930,1930,1930,1930,0
2022-02-16 14:03:00,1930,1930,1930,1930,0
2022-02-16 14:04:00,1930,1930,1930,1930,0
2022-02-16 14:05:00,1930,1930,1930,1930,0
2022-02-16 14:06:00,1930,1930,1930,1930,0
2022-02-16 14:07:00,1930,1930,1930,1930,0
2022-02-16 14:08:00,1930,1930,1930,1930,0
2022-02-16 14:09:00,1930,1930,1930,1930,0
2022-02-16 14:10:00,1930,1930,1930,1930,0
2022-02-16 14:11:00,1930,1930,1930,1930,0
2022-02-16 14:12:00,1930,1930,1930,1930,0
2022-02-16 14:13:00,1930,1930,1930,1930,0
2022-02-16 14:14:00,1930,1930,1930,1930,0
2022-02-16 14:15:00,1930,1930,1930,1930,0
2022-02-16 14:16:00,1930,1930,1930,1930,0
2022-02-16 14:17:00,1930,1930,1930,1930,0
2022-02-16 14:18:00,1930,1930,1930,1930,0
2022-02-16 14:19:00,1930,1930,1930,1930,0
2022-02-16 14:20:00,1930,1930,1930,1930,0
2022-02-16 14:21:00,1930,1930,1930,1930,0
2022-02-16 14:22:00,1930,1930,1930,1930,0
2022-02-16 14:23:00,1930,1930,1930,1930,0
2022-02-16 14:24:00,1930,1930,1930,1930,0
2022-02-16 14:25:00,1930,1930,1930,1930,0
2022-02-16 14:26:00,1930,1930,1930,1930,0
2022-02-16 14:27:00,1930,1930,1930,1930,0
2022-02-16 14:28:00,1930,1930,1930,1930,0
2022-02-16 14:29:00,1930,1930,1930,1930,0
2022-02-16 14:30:00,1930,1930,1930,1930,0
2022-02-16 14:31:00,1930,1930,1930,1930,0
2022-02-16 14:32:00,1930,1930,1930,1930,0
2022-02-16 14:33:00,1930,1930,1930,1930,0
2022-02-16 14:34:00,1930,1930,1930,1930,0
2022-02-16 14:35:00,1930,1930,1930,1930,0
2022-02-16 14:36:00,1930,1930,1930,1930,0
2022-02-16 14:37:00,1930,1930,1930,1930,0
2022-02-16 14:38:00,1930,1930,1930,1930,0
2022-02-16 14:39:00,1930,1930,1930,1930,0
2022-02-16 14:40:00,1930,1930,1930,1930,0
2022-02-16 14:41:00,1930,1930,1930,1930,0
2022-02-16 14:42:00,1930,1930,1930,1930,0
2022-02-16 14:43:00,1930,1930,1930,1930,0
2022-02-16 14:44:00,1930,1930,1930,1930,0
2022-02-16 14:45:00,1930,1930,1930,1930,0
2022-02-16 14:46:00,1930,1930,1930,1930,0
2022-02-16 14:47:00,1930,1930,1930,1930,0
2022-02-16 14:48:00,1930,1930,1930,1930,0
2022-02-16 14:49:00,1930,1930,1930,1930,0
2022-02-16 14:50:00,1930,1930,1930,1930,0
2022-02-16 14:51:00,1930,1930,1930,1930,0
2022-02-16 14:52:00,1930,1930,1930,1930,0
2022-02-16 14:53:00,1930,1930,1930,1930,0
2022-02-16 14:54:00,1930,1930,1930,1930,0
2022-02-16 14:55:00,1930,1930,1930,1930,0
2022-02-16 14:56:00,1930,1930,1930,1930,0
2022-02-16 14:57:00,1930,1930,1930,1930,0
2022-02-16 14:58:00,1930,1930,1930,1930,0
2022-02-16 14:59:00,1930,1930,1930,1930,0
2022-02-16 15:00:00,1930,1930,1930,1930,0
2022-02-16 15:01:00,1930,1930,1930,1930,0
2022-02-16 15:02:00,1930,1930,1930,1930,0
2022-02-16 15:03:00,1930,1930,1930,1930,0
2022-02-16 15:04:00,1930,1930,1930,1930,0
2022-02-16 15:05:00,1930,1930,1930,1930,0
2022-02-16 15:06:00,1930,1930,1930,1930,0
2022-02-16 15:07:00,1930,1930,1930,1930,0
2022-02-16 15:08:00,1930,1930,1930,1930,0
2022-02-16 15:09:00,1930,1930,1930,1930,0
2022-02-16 15:10:00,1930,1930,1930,1930,0
2022-02-16 15:11:00,1930,1930,1930,1930,0
2022-02-16 15:12:00,1930,1930,1930,1930,0
2022-02-16 15:13:00,1930,1930,1930,1930,0
2022-02-16 15:14:00,1930,1930,1930,1930,0
2022-02-16 15:15:00,1930,1930,1930,1930,0
2022-02-16 15:16:00,1930,1930,1930,1930,0
2022-02-16 15:17:00,1930,1930,1930,1930,0
2022-02-16 15:18:00,1930,1930,1930,1930,0
2022-02-16 15:19:00,1930,1930,1930,1930,0
2022-02-16 15:20:00,1930,1930,1930,1930,0
2022-02-16 15:21:00,1930,1930,1930,1930,0
2022-02-16 15:22:00,1930,1930,1930,1930,0
2022-02-16 15:23:00,1930,1930,1930,1930,0
2022-02-16 15:24:00,1930,1930,1930,1930,0
2022-02-16 15:25:00,1930,1930,1930,1930,0
2022-02-16 15:26:00,1930,1930,1930,1930,0
2022-02-16 15:27:00,1930,1930,1930,1930,0
2022-02-16 15:28:00,1930,1930,1930,1930,0
2022-02-16 15:29:00,1930,1930,1930,1930,0
2022-02-16 15:30:00,1930,1930,1930,1930,0
2022-02-16 15:31:00,1930,1930,1930,1930,0
2022-02-16 15:32:00,1930,1930,1930,1930,0
2022-02-16 15:33:00,1930,1930,1930,1930,0
2022-02-16 15:34:00,1930,1930,1930,1930,0
2022-02-16 15:35:00,1930,1930,1930,1930,0
2022-02-16 15:36:00,1930,1930,1930,1930,0
2022-02-16 15:37:00,1930,1930,1930,1930,0
2022-02-16 15:38:00,1930,1930,1930,1930,0
2022-02-16 15:39:00,1930,1930,1930,1930,0
2022-02-16 15:40:00,1930,1930,1930,1930,0
2022-02-16 15:41:00,1930,1930,1930,1930,0
2022-02-16 15:42:00,1930,1930,1930,1930,0
2022-02-16 15:43:00,1930,1930,1930,1930,0
2022-02-16 15:44:00,1930,1930,1930,1930,0
2022-02-16 15:45:00,1930,1930,1930,1930,0
2022-02-16 15:46:00,1930,1930,1930,1930,0
2022-02-16 15:47:00,1930,1930,1930,1930,0
2022-02-16 15:48:00,1930,1930,1930,1930,0
2022-02-16 15:49:00,1930,1930,1930,1930,0
2022-02-16 15:50:00,1930,1930,1930,1930,0
2022-02-16 15:51:00,1930,1930,1930,1930,0
2022-02-16 15:52:00,1930,1930,1930,1930,0
2022-02-16 15:53:00,1930,1930,1930,1930,0
2022-02-16 15:54:00,1930,1930,1930,1930,0
2022-02-16 15:55:00,1930,1930,1930,1930,0
2022-02-16 15:56:00,1930,1930,1930,1930,0
2022-02-16 15:57:00,1930,1930,1930,1930,0
2022-02-16 15:58:00,1930,1930,1930,1930,0
2022-02-16 15:59:00,1930,1930,1930,1930,0
2022-02-17 09:00:00,1930,1930,1930,1930,0
2022-02-17 09:01:00,1930,1930,1930,1930,0
2022-02-17 09:02:00,1930,1930,1930,1930,0
2022-02-17 09:03:00,1930,1930,1930,1930,0
2022-02-17 09:04:00,1930,1930,1930,1930,0
2022-02-17 09:05:00,1930,1930,1930,1930,0
2022-02-17 09:06:00,1930,1930,1930,1930,0
2022-02-17 09:07:00,1930,1930,1930,1930,0
2022-02-17 09:08:00,1930,1930,1930,1930,0
2022-02-17 09:09:00,1930,1930,1930,1930,0
2022-02-17 09:10:00,1930,1930,1930,1930,0
2022-02-17 09:11:00,1930,1930,1930,1930,0
2022-02-17 09:12:00,1930,1930,1930,1930,0
2022-02-17 09:13:00,1930,1930,1930,1930,0
2022-02-17 09:14:00,1930,1930,1930,1930,0
2022-02-17 09:15:00,1930,1930,1930,1930,0
2022-02-17 09:16:00,1930,1930,1930,1930,0
2022-02-17 09:17:00,1930,1930,1930,1930,0
2022-02-17 09:18:00,1930,1930,1930,1930,0
2022-02-17 09:19:00,1930,1930,1930,1930,0
2022-02-17 09:20:00,1930,1930,1930,1930,0
2022-02-17 09:21:00,1930,1930,1930,1930,0
2022-02-17 09:22:00,1930,1930,1930,1930,0
2022-02-17 09:23:00,1930,1930,1930,1930,0
2022-02-17 09:24:00,1930,1930,1930,1930,0
2022-02-17 09:25:00,1930,1930,1930,1930,0
2022-02-17 09:26:00,1930,1930,1930,1930,0
2022-02-17 09:27:00,1930,1930,1930,1930,0
2022-02-17 09:28:00,1930,1930,1930,1930,0
2022-02-17 09:29:00,1930,1930,1930,1930,0
2022-02-17 09:30:00,1930,1930,1930,1930,0
2022-02-17 09:31:00,1930,1930,1930,1930,0
2022-02-17 09:32:00,1930,1930,1930,1930,0
2022-02-17 09:33:00,1930,1930,1930,1930,0
2022-02-17 09:34:00,1930,1930,1930,1930,0
2022-02-17 09:35:00,1930,1930,1930,1930,0
2022-02-17 09:36:00,1930,1930,1930,1930,0
2022-02-17 09:37:00,1930,1930,1930,1930,0
2022-02-17 09:38:00,1930,1930,1930,1930,0
2022-02-17 09:39:00,1930,1930,1930,1930,0
2022-02-17 09:40:00,1930,1930,1930,1930,0
2022-02-17 09:41:00,1930,1930,1930,1930,0
2022-02-17 09:42:00,1930,1930,1930,1930,0
2022-02-17 09:43:00,1930,1930,1930,1930,0
2022-02-17 09:44:00,1930,1930,1930,1930,0
2022-02-17 09:45:00,1930,1930,1930,1930,0
2022-02-17 09:46:00,1930,1930,1930,1930,0
2022-02-17 09:47:00,1930,1930,1930,1930,0
2022-02-17 09:48:00,1930,1930,1930,1930,0
2022-02-17 09:49:00,1930,1930,1930,1930,0
2022-02-17 09:50:00,1930,1930,1930,1930,0
2022-02-17 09:51:00,1930,1930,1930,1930,0
2022-02-17 09:52:00,1930,1930,1930,1930,0
2022-02-17 09:53:00,1930,1930,1930,1930,0
2022-02-17 09:54:00,1930,1930,1930,1930,0
2022-02-17 09:55:00,1930,1930,1930,1930,0
2022-02-17 09:56:00,1930,1930,1930,1930,0
2022-02-17 09:57:00,1930,1930,1930,1930,0
2022-02-17 09:58:00,1930,1930,1930,1930,0
2022-02-17 09:59:00,1930,1930,1930,1930,0
2022-02-17 10:00:00,1930,1930,1930,1930,0
2022-02-17 10:01:00,1930,1930,1930,1930,0
2022-02-17 10:02:00,1930,1930,1930,1930,0
2022-02-17 10:03:00,1930,1930,1930,1930,0
2022-02-17 10:04:00,1930,1930,1930,1930,0
2022-02-17 10:05:00,1930,1930,1930,1930,0
2022-02-17 10:06:00,1930,1930,1930,1930,0
2022-02-17 10:07:00,1930,1930,1930,1930,0
2022-02-17 10:08:00,1930,1930,1930,1930,0
2022-02-17 10:09:00,1930,1930,1930,1930,0
2022-02-17 10:10:00,1930,1930,1930,1930,0
2022-02-17 10:11:00,1930,1930,1930,1930,0
2022-02-17 10:12:00,1930,1930,1930,1930,0
2022-02-17 10:13:00,1930,1930,1930,1930,0
2022-02-17 10:14:00,1930,1930,1930,1930,0
2022-02-17 10:15:00,1930,1930,1930,1930,0
2022-02-17 10:16:00,1930,1930,1930,1930,0
2022-02-17 10:17:00,1930,1930,1930,1930,0
2022-02-17 10:18:00,1930,1930,1930,1930,0
2022-02-17 10:19:00,1930,1930,1930,1930,0
2022-02-17 10:20:00,1930,1930,1930,1930,0
2022-02-17 10:21:00,1930,1930,1930,1930,0
2022-02-17 10:22:00,1930,1930,1930,1930,0
2022-02-17 10:23:00,1930,1930,1930,1930,0
2022-02-17 10:24:00,1930,1930,1930,1930,0
2022-02-17 10:25:00,1930,1930,1930,1930,0
2022-02-17 10:26:00,1930,1930,1930,1930,0
2022-02-17 10:27:00,1930,1930,1930,1930,0
2022-02-17 10:28:00,1930,1930,1930,1930,0
2022-02-17 10:29:00,1930,1930,1930,1930,0
2022-02-17 10:30:00,1930,1930,1930,1930,0
2022-02-17 10:31:00,1930,1930,1930,1930,0
2022-02-17 10:32:00,1930,1930,1930,1930,0
2022-02-17 10:33:00,1930,1930,1930,1930,0
2022-02-17 10:34:00,1930,1930,1930,1930,0
2022-02-17 10:35:00,1930,1930,1930,1930,0
2022-02-17 10:36:00,1930,1930,1930,1930,0
2022-02-17 10:37:00,1930,1930,1930,1930,0
2022-02-17 10:38:00,1930,1930,1930,1930,0
2022-02-17 10:39:00,1930,1930,1930,1930,0
2022-02-17 10:40:00,1930,1930,1930,1930,0
2022-02-17 10:41:00,1930,1930,1930,1930,0
2022-02-17 10:42:00,1930,1930,1930,1930,0
2022-02-17 10:43:00,1930,1930,1930,1930,0
2022-02-17 10:44:00,1930,1930,1930,1930,0
2022-02-17 10:45:00,1930,1930,1930,1930,0
2022-02-17 10:46:00,1930,1930,1930,1930,0
2022-02-17 10:47:00,1930,1930,1930,1930,0
2022-02-17 10:48:00,1930,1930,1930,1930,0
2022-02-17 10:49:00,1930,1930,1930,1930,0
2022-02-17 10:50:00,1930,1930,1930,1930,0
2022-02-17 10:51:00,1930,1930,1930,1930,0
2022-02-17 10:52:00,1930,1930,1930,1930,0
2022-02-17 10:53:00,1930,1930,1930,1930,0
2022-02-17 10:54:00,1930,1930,1930,1930,0
2022-02-17 10:55:00,1930,1930,1930,1930,0
2022-02-17 10:56:00,1930,1930,1930,1930,0
2022-02-17 10:57:00,1930,1930,1930,1930,0
2022-02-17 10:58:00,1930,1930,1930,1930,0
2022-02-17 10:59:00,1930,1930,1930,1930,0
2022-02-17 11:00:00,1930,1930,1930,1930,0
2022-02-17 11:01:00,1930,1930,1930,1930,0
2022-02-17 11:02:00,1930,1930,1930,1930,0
2022-02-17 11:03:00,1930,1930,1930,1930,0
2022-02-17 11:04:00,1930,1930,1930,1930,0
2022-02-17 11:05:00,1930,1930,1930,1930,0
2022-02-17 11:06:00,1930,1930,1930,1930,0
2022-02-17 11:07:00,1930,1930,1930,1930,0
2022-02-17 11:08:00,1930,1930,1930,1930,0
2022-02-17 11:09:00,1930,1930,1930,1930,0
2022-02-17 11:10:00,1930,1930,1930,1930,0
2022-02-17 11:11:00,1930,1930,1930,1930,0
2022-02-17 11:12:00,1930,1930,1930,1930,0
2022-02-17 11:13:00,1930,1930,1930,1930,0
2022-02-17 11:14:00,1930,1930,1930,1930,0
2022-02-17 11:15:00,1930,1930,1930,1930,0
2022-02-17 11:16:00,1930,1930,1930,1930,0
2022-02-17 11:17:00,1930,1930,1930,1930,0
2022-02-17 11:18:00,1930,1930,1930,1930,0
2022-02-17 11:19:00,1930,1930,1930,1930,0
2022-02-17 11:20:00,1930,1930,1930,1930,0
2022-02-17 11:21:00,1930,1930,1930,1930,0
2022-02-17 11:22:00,1930,1930,1930,1930,0
2022-02-17 11:23:00,1930,1930,1930,1930,0
2022-02-17 11:24:00,1930,1930,1930,1930,0
2022-02-17 11:25:00,1930,1930,1930,1930,0
2022-02-17 11:26:00,1930,1930,1930,1930,0
2022-02-17 11:27:00,1930,1930,1930,1930,0
2022-02-17 11:28:00,1930,1930,1930,1930,0
2022-02-17 11:29:00,1930,1930,1930,1930,0
2022-02-17 11:30:00,1930,1930,1930,1930,0
2022-02-17 11:31:00,1930,1930,1930,1930,0
2022-02-17 11:32:00,1930,1930,1930,1930,0
2022-02-17 11:33:00,1930,1930,1930,1930,0
2022-02-17 11:34:00,1930,1930,1930,1930,0
2022-02-17 11:35:00,1930,1930,1930,1930,0
2022-02-17 11:36:00,1930,1930,1930,1930,0
2022-02-17 11:37:00,1930,1930,1930,1930,0
2022-02-17 11:38:00,1930,1930,1930,1930,0
2022-02-17 11:39:00,1930,1930,1930,1930,0
2022-02-17 11:40:00,1930,1930,1930,1930,0
2022-02-17 11:41:00,1930,1930,1930,1930,0
2022-02-17 11:42:00,1930,1930,1930,1930,0
2022-02-17 11:43:00,1930,1930,1930,1930,0
2022-02-17 11:44:00,1930,1930,1930,1930,0
2022-02-17 11:45:00,1930,1930,1930,1930,0
2022-02-17 11:46:00,1930,1930,1930,1930,0
2022-02-17 11:47:00,1930,1930,1930,1930,0
2022-02-17 11:48:00,1930,1930,1930,1930,0
2022-02-17 11:49:00,1930,1930,1930,1930,0
2022-02-17 11:50:00,1930,1930,1930,1930,0
2022-02-17 11:51:00,1930,1930,1930,1930,0
2022-02-17 11:52:00,1930,1930,1930,1930,0
2022-02-17 11:53:00,1930,1930,1930,1930,0
2022-02-17 11:54:00,1930,1930,1930,1930,0
2022-02-17 11:55:00,1930,1930,1930,1930,0
2022-02-17 11:56:00,1930,1930,1930,1930,0
2022-02-17 11:57:00,1930,1930,1930,1930,0
2022-02-17 11:58:00,1930,1930,1930,1930,0
2022-02-17 11:59:00,1930,1930,1930,1930,0
2022-02-17 12:00:00,1930,1930,1930,1930,0
2022-02-17 12:01:00,1930,1930,1930,1930,0
2022-02-17 12:02:00,1930,1930,1930,1930,0
2022-02-17 12:03:00,1930,1930,1930,1930,0
2022-02-17 12:04:00,1930,1930,1930,1930,0
2022-02-17 12:05:00,1930,1930,1930,1930,0
2022-02-17 12:06:00,1930,1930,1930,1930,0
2022-02-17 12:07:00,1930,1930,1930,1930,0
2022-02-17 12:08:00,1930,1930,1930,1930,0
2022-02-17 12:09:00,1930,1930,1930,1930,0
2022-02-17 12:10:00,1930,1930,1930,1930,0
2022-02-17 12:11:00,1930,1930,1930,1930,0
2022-02-17 12:12:00,1930,1930,1930,1930,0
2022-02-17 12:13:00,1930,1930,1930,1930,0
2022-02-17 12:14:00,1930,1930,1930,1930,0
2022-02-17 12:15:00,1930,1930,1930,1930,0
2022-02-17 12:16:00,1930,1930,1930,1930,0
2022-02-17 12:17:00,1930,1930,1930,1930,0
2022-02-17 12:18:00,1930,1930,1930,1930,0
2022-02-17 12:19:00,1930,1930,1930,1930,0
2022-02-17 12:20:00,1930,1930,1930,1930,0
2022-02-17 12:21:00,1930,1930,1930,1930,0
2022-02-17 12:22:00,1930,1930,1930,1930,0
2022-02-17 12:23:00,1930,1930,1930,1930,0
2022-02-17 12:24:00,1930,1930,1930,1930,0
2022-02-17 12:25:00,1930,1930,1930,1930,0
2022-02-17 12:26:00,1930,1930,1930,1930,0
2022-02-17 12:27:00,1930,1930,1930,1930,0
2022-02-17 12:28:00,1930,1930,1930,1930,0
2022-02-17 12:29:00,1930,1930,1930,1930,0
2022-02-17 12:30:00,1930,1930,1930,1930,0
2022-02-17 12:31:00,1930,1930,1930,1930,0
2022-02-17 12:32:00,1930,1930,1930,1930,0
2022-02-17 12:33:00,1930,1930,1930,1930,0
2022-02-17 12:34:00,1930,1930,1930,1930,0
2022-02-17 12:35:00,1930,1930,1930,1930,0
2022-02-17 12:36:00,1930,1930,1930,1930,0
2022-02-17 12:37:00,1930,1930,1930,1930,0
2022-02-17 12:38:00,1930,1930,1930,1930,0
2022-02-17 12:39:00,1930,1930,1930,1930,0
2022-02-17 12:40:00,1930,1930,1930,1930,0
2022-02-17 12:41:00,1930,1930,1930,1930,0
2022-02-17 12:42:00,1930,1930,1930,1930,0
2022-02-17 12:43:00,1930,1930,1930,1930,0
2022-02-17 12:44:00,1930,1930,1930,1930,0
2022-02-17 12:45:00,1930,1930,1930,1930,0
2022-02-17 12:46:00,1930,1930,1930,1930,0
2022-02-17 12:47:00,1930,1930,1930,1930,0
2022-02-17 12:48:00,1930,1930,1930,1930,0
2022-02-17 12:49:00,1930,1930,1930,1930,0
2022-02-17 12:50:00,1930,1930,1930,1930,0
2022-02-17 12:51:00,1930,1930,1930,1930,0
2022-02-17 12:52:00,1930,1930,1930,1930,0
2022-02-17 12:53:00,1930,1930,1930,1930,0
2022-02-17 12:54:00,1930,1930,1930,1930,0
2022-02-17 12:55:00,1930,1930,1930,1930,0
2022-02-17 12:56:00,1930,1930,1930,1930,0
2022-02-17 12:57:00,1930,1930,1930,1930,0
2022-02-17 12:58:00,1930,1930,1930,1930,0
2022-02-17 12:59:00,1930,1930,1930,1930,0
2022-02-17 13:00:00,1930,1930,1930,1930,0
2022-02-17 13:01:00,1930,1930,1930,1930,0
2022-02-17 13:02:00,1930,1930,1930,1930,0
2022-02-17 13:03:00,1930,1930,1930,1930,0
2022-02-17 13:04:00,1930,1930,1930,1930,0
2022-02-17 13:05:00,1930,1930,1930,1930,0
2022-02-17 13:06:00,1930,1930,1930,1930,0
2022-02-17 13:07:00,1930,1930,1930,1930,0
2022-02-17 13:08:00,1930,1930,1930,1930,0
2022-02-17 13:09:00,1930,1930,1930,1930,0
2022-02-17 13:10:00,1930,1930,1930,1930,0
2022-02-17 13:11:00,1930,1930,1930,1930,0
2022-02-17 13:12:00,1930,1930,1930,1930,0
2022-02-17 13:13:00,1930,1930,1930,1930,0
2022-02-17 13:14:00,1930,1930,1930,1930,0
2022-02-17 13:15:00,1930,1930,1930,1930,0
2022-02-17 13:16:00,1930,1930,1930,1930,0
2022-02-17 13:17:00,1930,1930,1930,1930,0
2022-02-17 13:18:00,1930,1930,1930,1930,0
2022-02-17 13:19:00,1930,1930,1930,1930,0
2022-02-17 13:20:00,1930,1930,1930,1930,0
2022-02-17 13:21:00,1930,1930,1930,1930,0
2022-02-17 13:22:00,1930,1930,1930,1930,0
2022-02-17 13:23:00,1930,1930,1930,1930,0
2022-02-17 13:24:00,1930,1930,1930,1930,0
2022-02-17 13:25:00,1930,1930,1930,1930,0
2022-02-17 13:26:00,1930,1930,1930,1930,0
2022-02-17 13:27:00,1930,1930,1930,1930,0
2022-02-17 13:28:00,1930,1930,1930,1930,0
2022-02-17 13:29:00,1930,1930,1930,1930,0
2022-02-17 13:30:00,1930,1930,1930,1930,0
2022-02-17 13:31:00,1930,1930,1930,1930,0
2022-02-17 13:32:00,1930,1930,1930,1930,0
2022-02-17 13:33:00,1930,1930,1930,1930,0
2022-02-17 13:34:00,1930,1930,1930,1930,0
2022-02-17 13:35:00,1930,1930,1930,1930,0
2022-02-17 13:36:00,1930,1930,1930,1930,0
2022-02-17 13:37:00,1930,1930,1930,1930,0
2022-02-17 13:38:00,1930,1930,1930,1930,0
2022-02-17 13:39:00,1930,1930,1930,1930,0
2022-02-17 13:40:00,1930,1930,1930,1930,0
2022-02-17 13:41:00,1930,1930,1930,1930,0
2022-02-17 13:42:00,1930,1930,1930,1930,0
2022-02-17 13:43:00,1930,1930,1930,1930,0
2022-02-17 13:44:00,1930,1930,1930,1930,0
2022-02-17 13:45:00,1930,1930,1930,1930,0
2022-02-17 13:46:00,1930,1930,1930,1930,0
2022-02-17 13:47:00,1930,1930,1930,1930,0
2022-02-17 13:48:00,1930,1930,1930,1930,0
2022-02-17 13:49:00,1930,1930,1930,1930,0
2022-02-17 13:50:00,1930,1930,1930,1930,0
2022-02-17 13:51:00,1930,1930,1930,1930,0
2022-02-17 13:52:00,1930,1930,1930,1930,0
2022-02-17 13:53:00,1930,1930,1930,1930,0
2022-02-17 13:54:00,1930,1930,1930,1930,0
2022-02-17 13:55:00,1930,1930,1930,1930,0
2022-02-17 13:56:00,1930,1930,1930,1930,0
2022-02-17 13:57:00,1930,1930,1930,1930,0
2022-02-17 13:58:00,1930,1930,1930,1930,0
2022-02-17 13:59:00,1930,1930,1930,1930,0
2022-02-17 14:00:00,1930,1930,1930,1930,0
2022-02-17 14:01:00,1930,1930,1930,1930,0
2022-02-17 14:02:00,1930,1930,1930,1930,0
2022-02-17 14:03:00,1930,1930,1930,1930,0
2022-02-17 14:04:00,1930,1930,1930,1930,0
2022-02-17 14:05:00,1930,1930,1930,1930,0
2022-02-17 14:06:00,1930,1930,1930,1930,0
2022-02-17 14:07:00,1930,1930,1930,1930,0
2022-02-17 14:08:00,1930,1930,1930,1930,0
2022-02-17 14:09:00,1930,1930,1930,1930,0
2022-02-17 14:10:00,1930,1930,1930,1930,0
2022-02-17 14:11:00,1930,1930,1930,1930,0
2022-02-17 14:12:00,1930,1930,1930,1930,0
2022-02-17 14:13:00,1930,1930,1930,1930,0
2022-02-17 14:14:00,1930,1930,1930,1930,0
2022-02-17 14:15:00,1930,1930,1930,1930,0
2022-02-17 14:16:00,1930,1930,1930,1930,0
2022-02-17 14:17:00,1930,1930,1930,1930,0
2022-02-17 14:18:00,1930,1930,1930,1930,0
2022-02-17 14:19:00,1930,1930,1930,1930,0
2022-02-17 14:20:00,1930,1930,1930,1930,0
2022-02-17 14:21:00,1930,1930,1930,1930,0
2022-02-17 14:22:00,1930,1930,1930,1930,0
2022-02-17 14:23:00,1930,1930,1930,1930,0
2022-02-17 14:24:00,1930,1930,1930,1930,0
2022-02-17 14:25:00,1930,1930,1930,1930,0
2022-02-17 14:26:00,1930,1930,1930,1930,0
2022-02-17 14:27:00,1930,1930,1930,1930,0
2022-02-17 14:28:00,1930,1930,1930,1930,0
2022-02-17 14:29:00,1930,1930,1930,1930,0
2022-02-17 14:30:00,1930,1930,1930,1930,0
2022-02-17 14:31:00,1930,1930,1930,1930,0
2022-02-17 14:32:00,1930,1930,1930,1930,0
2022-02-17 14:33:00,1930,1930,1930,1930,0
2022-02-17 14:34:00,1930,1930,1930,1930,0
2022-02-17 14:35:00,1930,1930,1930,1930,0
2022-02-17 14:36:00,1930,1930,1930,1930,0
2022-02-17 14:37:00,1930,1930,1930,1930,0
2022-02-17 14:38:00,1930,1930,1930,1930,0
2022-02-17 14:39:00,1930,1930,1930,1930,0
2022-02-17 14:40:00,1930,1930,1930,1930,0
2022-02-17 14:41:00,1930,1930,1930,1930,0
2022-02-17 14:42:00,1930,1930,1930,1930,0
2022-02-17 14:43:00,1930,1930,1930,1930,0
2022-02-17 14:44:00,1930,1930,1930,1930,0
2022-02-17 14:45:00,1930,1930,1930,1930,0
2022-02-17 14:46:00,1930,1930,1930,1930,0
2022-02-17 14:47:00,1930,1930,1930,1930,0
2022-02-17 14:48:00,1930,1930,1930,1930,0
2022-02-17 14:49:00,1930,1930,1930,1930,0
2022-02-17 14:50:00,1930,1930,1930,1930,0
2022-02-17 14:51:00,1930,1930,1930,1930,0
2022-02-17 14:52:00,1930,1930,1930,1930,0
2022-02-17 14:53:00,1930,1930,1930,1930,0
2022-02-17 14:54:00,1930,1930,1930,1930,0
2022-02-17 14:55:00,1930,1930,1930,1930,0
2022-02-17 14:56:00,1930,1930,1930,1930,0
2022-02-17 14:57:00,1930,1930,1930,1930,0
2022-02-17 14:58:00,1930,1930,1930,1930,0
2022-02-17 14:59:00,1930,1930,1930,1930,0
2022-02-17 15:00:00,1930,1930,1930,1930,0
2022-02-17 15:01:00,1930,1930,1930,1930,0
2022-02-17 15:02:00,1930,1930,1930,1930,0
2022-02-17 15:03:00,1930,1930,1930,1930,0
2022-02-17 15:04:00,1930,1930,1930,1930,0
2022-02-17 15:05:00,1930,1930,1930,1930,0
2022-02-17 15:06:00,1930,1930,1930,1930,0
2022-02-17 15:07:00,1930,1930,1930,1930,0
2022-02-17 15:08:00,1930,1930,1930,1930,0
2022-02-17 15:09:00,1930,1930,1930,1930,0
2022-02-17 15:10:00,1930,1930,1930,1930,0
2022-02-17 15:11:00,1930,1930,1930,1930,0
2022-02-17 15:12:00,1930,1930,1930,1930,0
2022-02-17 15:13:00,1930,1930,1930,1930,0
2022-02-17 15:14:00,1930,1930,1930,1930,0
2022-02-17 15:15:00,1930,1930,1930,1930,0
2022-02-17 15:16:00,1930,1930,1930,1930,0
2022-02-17 15:17:00,1930,1930,1930,1930,0
2022-02-17 15:18:00,1930,1930,1930,1930,0
2022-02-17 15:19:00,1930,1930,1930,1930,0
2022-02-17 15:20:00,1930,1930,1930,1930,0
2022-02-17 15:21:00,1930,1930,1930,1930,0
2022-02-17 15:22:00,1930,1930,1930,1930,0
2022-02-17 15:23:00,1930,1930,1930,1930,0
2022-02-17 15:24:00,1930,1930,1930,1930,0
2022-02-17 15:25:00,1930,1930,1930,1930,0
2022-02-17 15:26:00,1930,1930,1930,1930,0
2022-02-17 15:27:00,1930,1930,1930,1930,0
2022-02-17 15:28:00,1930,1930,1930,1930,0
2022-02-17 15:29:00,1930,1930,1930,1930,0
2022-02-17 15:30:00,1930,1930,1930,1930,0
2022-02-17 15:31:00,1930,1930,1930,1930,0
2022-02-17 15:32:00,1930,1930,1930,1930,0
2022-02-17 15:33:00,1930,1930,1930,1930,0
2022-02-17 15:34:00,1930,1930,1930,1930,0
2022-02-17 15:35:00,1930,1930,1930,1930,0
2022-02-17 15:36:00,1930,1930,1930,1930,0
2022-02-17 15:37:00,1930,1930,1930,1930,0
2022-02-17 15:38:00,1930,1930,1930,1930,0
2022-02-17 15:39:00,1930,1930,1930,1930,0
2022-02-17 15:40:00,1930,1930,1930,1930,0
2022-02-17 15:41:00,1930,1930,1930,1930,0
2022-02-17 15:42:00,1930,1930,1930,1930,0
2022-02-17 15:43:00,1930,1930,1930,1930,0
2022-02-17 15:44:00,1930,1930,1930,1930,0
2022-02-17 15:45:00,1930,1930,1930,1930,0
2022-02-17 15:46:00,1930,1930,1930,1930,0
2022-02-17 15:47:00,1930,1930,1930,1930,0
2022-02-17 15:48:00,1930,1930,1930,1930,0
2022-02-17 15:49:00,1930,1930,1930,1930,0
2022-02-17 15:50:00,1930,1930,1930,1930,0
2022-02-17 15:51:00,1930,1930,1930,1930,0
2022-02-17 15:52:00,1930,1930,1930,1930,0
2022-02-17 15:53:00,1930,1930,1930,1930,0
2022-02-17 15:54:00,1930,1930,1930,1930,0
2022-02-17 15:55:00,1930,1930,1930,1930,0
2022-02-17 15:56:00,1930,1930,1930,1930,0
2022-02-17 15:57:00,1930,1930,1930,1930,0
2022-02-17 15:58:00,1930,1930,1930,1930,0
2022-02-17 15:59:00,1930,1930,1930,1930,0
2022-02-18 09:00:00,1930,1930,1930,1930,0
2022-02-18 09:01:00,1930,1930,1930,1930,0
2022-02-18 09:02:00,1930,1930,1930,1930,0
2022-02-18 09:03:00,1930,1930,1930,1930,0
2022-02-18 09:04:00,1930,1930,1930,1930,0
2022-02-18 09:05:00,1930,1930,1930,1930,0
2022-02-18 09:06:00,1930,1930,1930,1930,0
2022-02-18 09:07:00,1930,1930,1930,1930,0
2022-02-18 09:08:00,1930,1930,1930,1930,0
2022-02-18 09:09:00,1930,1930,1930,1930,0
2022-02-18 09:10:00,1930,1930,1930,1930,0
2022-02-18 09:11:00,1930,1930,1930,1930,0
2022-02-18 09:12:00,1930,1930,1930,1930,0
2022-02-18 09:13:00,1930,1930,1930,1930,0
2022-02-18 09:14:00,1930,1930,1930,1930,0
2022-02-18 09:15:00,1930,1930,1930,1930,0
2022-02-18 09:16:00,1930,1930,1930,1930,0
2022-02-18 09:17:00,1930,1930,1930,1930,0
2022-02-18 09:18:00,1930,1930,1930,1930,0
2022-02-18 09:19:00,1930,1930,1930,1930,0
2022-02-18 09:20:00,1930,1930,1930,1930,0
2022-02-18 09:21:00,1930,1930,1930,1930,0
2022-02-18 09:22:00,1930,1930,1930,1930,0
2022-02-18 09:23:00,1930,1930,1930,1930,0
2022-02-18 09:24:00,1930,1930,1930,1930,0
2022-02-18 09:25:00,1930,1930,1930,1930,0
2022-02-18 09:26:00,1930,1930,1930,1930,0
2022-02-18 09:27:00,1930,1930,1930,1930,0
2022-02-18 09:28:00,1930,1930,1930,1930,0
2022-02-18 09:29:00,1930,1930,1930,1930,0
2022-02-18 09:30:00,1930,1930,1930,1930,0
2022-02-18 09:31:00,1930,1930,1930,1930,0
2022-02-18 09:32:00,1930,1930,1930,1930,0
2022-02-18 09:33:00,1930,1930,1930,1930,0
2022-02-18 09:34:00,1930,1930,1930,1930,0
2022-02-18 09:35:00,1930,1930,1930,1930,0
2022-02-18 09:36:00,1930,1930,1930,1930,0
2022-02-18 09:37:00,1930,1930,1930,1930,0
2022-02-18 09:38:00,1930,1930,1930,1930,0
2022-02-18 09:39:00,1930,1930,1930,1930,0
2022-02-18 09:40:00,1930,1930,1930,1930,0
2022-02-18 09:41:00,1930,1930,1930,1930,0
2022-02-18 09:42:00,1930,1930,1930,1930,0
2022-02-18 09:43:00,1930,1930,1930,1930,0
2022-02-18 09:44:00,1930,1930,1930,1930,0
2022-02-18 09:45:00,1930,1930,1930,1930,0
2022-02-18 09:46:00,1930,1930,1930,1930,0
2022-02-18 09:47:00,1930,1930,1930,1930,0
2022-02-18 09:48:00,1930,1930,1930,1930,0
2022-02-18 09:49:00,1930,1930,1930,1930,0
2022-02-18 09:50:00,1930,1930,1930,1930,0
2022-02-18 09:51:00,1930,1930,1930,1930,0
2022-02-18 09:52:00,1930,1930,1930,1930,0
2022-02-18 09:53:00,1930,1930,1930,1930,0
2022-02-18 09:54:00,1930,1930,1930,1930,0
2022-02-18 09:55:00,1930,1930,1930,1930,0
2022-02-18 09:56:00,1930,1930,1930,1930,0
2022-02-18 09:57:00,1930,1930,1930,1930,0
2022-02-18 09:58:00,1930,1930,1930,1930,0
2022-02-18 09:59:00,1930,1930,1930,1930,0
2022-02-18 10:00:00,1930,1930,1930,1930,0
2022-02-18 10:01:00,1930,1930,1930,1930,0
2022-02-18 10:02:00,1930,1930,1930,1930,0
2022-02-18 10:03:00,1930,1930,1930,1930,0
2022-02-18 10:04:00,1930,1930,1930,1930,0
2022-02-18 10:05:00,1930,1930,1930,1930,0
2022-02-18 10:06:00,1930,1930,1930,1930,0
2022-02-18 10:07:00,1930,1930,1930,1930,0
2022-02-18 10:08:00,1930,1930,1930,1930,0
2022-02-18 10:09:00,1930,1930,1930,1930,0
2022-02-18 10:10:00,1930,1930,1930,1930,0
2022-02-18 10:11:00,1930,1930,1930,1930,0
2022-02-18 10:12:00,1930,1930,1930,1930,0
2022-02-18 10:13:00,1930,1930,1930,1930,0
2022-02-18 10:14:00,1930,1930,1930,1930,0
2022-02-18 10:15:00,1930,1930,1930,1930,0
2022-02-18 10:16:00,1930,1930,1930,1930,0
2022-02-18 10:17:00,1930,1930,1930,1930,0
2022-02-18 10:18:00,1930,1930,1930,1930,0
2022-02-18 10:19:00,1930,1930,1930,1930,0
2022-02-18 10:20:00,1930,1930,1930,1930,0
2022-02-18 10:21:00,1930,1930,1930,1930,0
2022-02-18 10:22:00,1930,1930,1930,1930,0
2022-02-18 10:23:00,1930,1930,1930,1930,0
2022-02-18 10:24:00,1930,1930,1930,1930,0
2022-02-18 10:25:00,1930,1930,1930,1930,0
2022-02-18 10:26:00,1930,1930,1930,1930,0
2022-02-18 10:27:00,1930,1930,1930,1930,0
2022-02-18 10:28:00,1930,1930,1930,1930,0
2022-02-18 10:29:00,1930,1930,1930,1930,0
2022-02-18 10:30:00,1930,1930,1930,1930,0
2022-02-18 10:31:00,1930,1930,1930,1930,0
2022-02-18 10:32:00,1930,1930,1930,1930,0
2022-02-18 10:33:00,1930,1930,1930,1930,0
2022-02-18 10:34:00,1930,1930,1930,1930,0
2022-02-18 10:35:00,1930,1930,1930,1930,0
2022-02-18 10:36:00,1930,1930,1930,1930,0
2022-02-18 10:37:00,1930,1930,1930,1930,0
2022-02-18 10:38:00,1930,1930,1930,1930,0
2022-02-18 10:39:00,1930,1930,1930,1930,0
2022-02-18 10:40:00,1930,1930,1930,1930,0
2022-02-18 10:41:00,1930,1930,1930,1930,0
2022-02-18 10:42:00,1930,1930,1930,1930,0
2022-02-18 10:43:00,1930,1930,1930,1930,0
2022-02-18 10:44:00,1930,1930,1930,1930,0
2022-02-18 10:45:00,1930,1930,1930,1930,0
2022-02-18 10:46:00,1930,1930,1930,1930,0
2022-02-18 10:47:00,1930,1930,1930,1930,0
2022-02-18 10:48:00,1930,1930,1930,1930,0
2022-02-18 10:49:00,1930,1930,1930,1930,0
2022-02-18 10:50:00,1930,1930,1930,1930,0
2022-02-18 10:51:00,1930,1930,1930,1930,0
2022-02-18 10:52:00,1930,1930,1930,1930,0
2022-02-18 10:53:00,1930,1930,1930,1930,0
2022-02-18 10:54:00,1930,1930,1930,1930,0
2022-02-18 10:55:00,1930,1930,1930,1930,0
2022-02-18 10:56:00,1930,1930,1930,1930,0
2022-02-18 10:57:00,1930,1930,1930,1930,0
2022-02-18 10:58:00,1930,1930,1930,1930,0
2022-02-18 10:59:00,1930,1930,1930,1930,0
2022-02-18 11:00:00,1930,1930,1930,1930,0
2022-02-18 11:01:00,1930,1930,1930,1930,0
2022-02-18 11:02:00,1930,1930,1930,1930,0
2022-02-18 11:03:00,1930,1930,1930,1930,0
2022-02-18 11:04:00,1930,1930,1930,1930,0
2022-02-18 11:05:00,1930,1930,1930,1930,0
2022-02-18 11:06:00,1930,1930,1930,1930,0
2022-02-18 11:07:00,1930,1930,1930,1930,0
2022-02-18 11:08:00,1930,1930,1930,1930,0
2022-02-18 11:09:00,1930,1930,1930,1930,0
2022-02-18 11:10:00,1930,1930,1930,1930,0
2022-02-18 11:11:00,1930,1930,1930,1930,0
2022-02-18 11:12:00,1930,1930,1930,1930,0
2022-02-18 11:13:00,1930,1930,1930,1930,0
2022-02-18 11:14:00,1930,1930,1930,1930,0
2022-02-18 11:15:00,1930,1930,1930,1930,0
2022-02-18 11:16:00,1930,1930,1930,1930,0
2022-02-18 11:17:00,1930,1930,1930,1930,0
2022-02-18 11:18:00,1930,1930,1930,1930,0
2022-02-18 11:19:00,1930,1930,1930,1930,0
2022-02-18 11:20:00,1930,1930,1930,1930,0
2022-02-18 11:21:00,1930,1930,1930,1930,0
2022-02-18 11:22:00,1930,1930,1930,1930,0
2022-02-18 11:23:00,1930,1930,1930,1930,0
2022-02-18 11:24:00,1930,1930,1930,1930,0
2022-02-18 11:25:00,1930,1930,1930,1930,0
2022-02-18 11:26:00,1930,1930,1930,1930,0
2022-02-18 11:27:00,1930,1930,1930,1930,0
2022-02-18 11:28:00,1930,1930,1930,1930,0
2022-02-18 11:29:00,1930,1930,1930,1930,0
2022-02-18 11:30:00,1930,1930,1930,1930,0
2022-02-18 11:31:00,1930,1930,1930,1930,0
2022-02-18 11:32:00,1930,1930,1930,1930,0
2022-02-18 11:33:00,1930,1930,1930,1930,0
2022-02-18 11:34:00,1930,1930,1930,1930,0
2022-02-18 11:35:00,1930,1930,1930,1930,0
2022-02-18 11:36:00,1930,1930,1930,1930,0
2022-02-18 11:37:00,1930,1930,1930,1930,0
2022-02-18 11:38:00,1930,1930,1930,1930,0
2022-02-18 11:39:00,1930,1930,1930,1930,0
2022-02-18 11:40:00,1930,1930,1930,1930,0
2022-02-18 11:41:00,1930,1930,1930,1930,0
2022-02-18 11:42:00,1930,1930,1930,1930,0
2022-02-18 11:43:00,1930,1930,1930,1930,0
2022-02-18 11:44:00,1930,1930,1930,1930,0
2022-02-18 11:45:00,1930,1930,1930,1930,0
2022-02-18 11:46:00,1930,1930,1930,1930,0
2022-02-18 11:47:00,1930,1930,1930,1930,0
2022-02-18 11:48:00,1930,1930,1930,1930,0
2022-02-18 11:49:00,1930,1930,1930,1930,0
2022-02-18 11:50:00,1930,1930,1930,1930,0
2022-02-18 11:51:00,1930,1930,1930,1930,0
2022-02-18 11:52:00,1930,1930,1930,1930,0
2022-02-18 11:53:00,1930,1930,1930,1930,0
2022-02-18 11:54:00,1930,1930,1930,1930,0
2022-02-18 11:55:00,1930,1930,1930,1930,0
2022-02-18 11:56:00,1930,1930,1930,1930,0
2022-02-18 11:57:00,1930,1930,1930,1930,0
2022-02-18 11:58:00,1930,1930,1930,1930,0
2022-02-18 11:59:00,1930,1930,1930,1930,0
2022-02-18 12:00:00,1930,1930,1930,1930,0
2022-02-18 12:01:00,1930,1930,1930,1930,0
2022-02-18 12:02:00,1930,1930,1930,1930,0
2022-02-18 12:03:00,1930,1930,1930,1930,0
2022-02-18 12:04:00,1930,1930,1930,1930,0
2022-02-18 12:05:00,1930,1930,1930,1930,0
2022-02-18 12:06:00,1930,1930,1930,1930,0
2022-02-18 12:07:00,1930,1930,1930,1930,0
2022-02-18 12:08:00,1930,1930,1930,1930,0
2022-02-18 12:09:00,1930,1930,1930,1930,0
2022-02-18 12:10:00,1930,1930,1930,1930,0
2022-02-18 12:11:00,1930,1930,1930,1930,0
2022-02-18 12:12:00,1930,1930,1930,1930,0
2022-02-18 12:13:00,1930,1930,1930,1930,0
2022-02-18 12:14:00,1930,1930,1930,1930,0
2022-02-18 12:15:00,1930,1930,1930,1930,0
2022-02-18 12:16:00,1930,1930,1930,1930,0
2022-02-18 12:17:00,1930,1930,1930,1930,0
2022-02-18 12:18:00,1930,1930,1930,1930,0
2022-02-18 12:19:00,1930,1930,1930,1930,0
2022-02-18 12:20:00,1930,1930,1930,1930,0
2022-02-18 12:21:00,1930,1930,1930,1930,0
2022-02-18 12:22:00,1930,1930,1930,1930,0
2022-02-18 12:23:00,1930,1930,1930,1930,0
2022-02-18 12:24:00,1930,1930,1930,1930,0
2022-02-18 12:25:00,1930,1930,1930,1930,0
2022-02-18 12:26:00,1930,1930,1930,1930,0
2022-02-18 12:27:00,1930,1930,1930,1930,0
2022-02-18 12:28:00,1930,1930,1930,1930,0
2022-02-18 12:29:00,1930,1930,1930,1930,0
2022-02-18 12:30:00,1930,1930,1930,1930,0
2022-02-18 12:31:00,1930,1930,1930,1930,0
2022-02-18 12:32:00,1930,1930,1930,1930,0
2022-02-18 12:33:00,1930,1930,1930,1930,0
2022-02-18 12:34:00,1930,1930,1930,1930,0
2022-02-18 12:35:00,1930,1930,1930,1930,0
2022-02-18 12:36:00,1930,1930,1930,1930,0
2022-02-18 12:37:00,1930,1930,1930,1930,0
2022-02-18 12:38:00,1930,1930,1930,1930,0
2022-02-18 12:39:00,1930,1930,1930,1930,0
2022-02-18 12:40:00,1930,1930,1930,1930,0
2022-02-18 12:41:00,1930,1930,1930,1930,0
2022-02-18 12:42:00,1930,1930,1930,1930,0
2022-02-18 12:43:00,1930,1930,1930,1930,0
2022-02-18 12:44:00,1930,1930,1930,1930,0
2022-02-18 12:45:00,1930,1930,1930,1930,0
2022-02-18 12:46:00,1930,1930,1930,1930,0
2022-02-18 12:47:00,1930,1930,1930,1930,0
2022-02-18 12:48:00,1930,1930,1930,1930,0
2022-02-18 12:49:00,1930,1930,1930,1930,0
2022-02-18 12:50:00,1930,1930,1930,1930,0
2022-02-18 12:51:00,1930,1930,1930,1930,0
2022-02-18 12:52:00,1930,1930,1930,1930,0
2022-02-18 12:53:00,1930,1930,1930,1930,0
2022-02-18 12:54:00,1930,1930,1930,1930,0
2022-02-18 12:55:00,1930,1930,1930,1930,0
2022-02-18 12:56:00,1930,1930,1930,1930,0
2022-02-18 12:57:00,1930,1930,1930,1930,0
2022-02-18 12:58:00,1930,1930,1930,1930,0
2022-02-18 12:59:00,1930,1930,1930,1930,0
2022-02-18 13:00:00,1930,1930,1930,1930,0
2022-02-18 13:01:00,1930,1930,1930,1930,0
2022-02-18 13:02:00,1930,1930,1930,1930,0
2022-02-18 13:03:00,1930,1930,1930,1930,0
2022-02-18 13:04:00,1930,1930,1930,1930,0
2022-02-18 13:05:00,1930,1930,1930,1930,0
2022-02-18 13:06:00,1930,1930,1930,1930,0
2022-02-18 13:07:00,1930,1930,1930,1930,0
2022-02-18 13:08:00,1930,1930,1930,1930,0
2022-02-18 13:09:00,1930,1930,1930,1930,0
2022-02-18 13:10:00,1930,1930,1930,1930,0
2022-02-18 13:11:00,1930,1930,1930,1930,0
2022-02-18 13:12:00,1930,1930,1930,1930,0
2022-02-18 13:13:00,1930,1930,1930,1930,0
2022-02-18 13:14:00,1930,1930,1930,1930,0
2022-02-18 13:15:00,1930,1930,1930,1930,0
2022-02-18 13:16:00,1930,1930,1930,1930,0
2022-02-18 13:17:00,1930,1930,1930,1930,0
2022-02-18 13:18:00,1930,1930,1930,1930,0
2022-02-18 13:19:00,1930,1930,1930,1930,0
2022-02-18 13:20:00,1930,1930,1930,1930,0
2022-02-18 13:21:00,1930,1930,1930,1930,0
2022-02-18 13:22:00,1930,1930,1930,1930,0
2022-02-18 13:23:00,1930,1930,1930,1930,0
2022-02-18 13:24:00,1930,1930,1930,1930,0
2022-02-18 13:25:00,1930,1930,1930,1930,0
2022-02-18 13:26:00,1930,1930,1930,1930,0
2022-02-18 13:27:00,1930,1930,1930,1930,0
2022-02-18 13:28:00,1930,1930,1930,1930,0
2022-02-18 13:29:00,1930,1930,1930,1930,0
2022-02-18 13:30:00,1930,1930,1930,1930,0
2022-02-18 13:31:00,1930,1930,1930,1930,0
2022-02-18 13:32:00,1930,1930,1930,1930,0
2022-02-18 13:33:00,1930,1930,1930,1930,0
2022-02-18 13:34:00,1930,1930,1930,1930,0
2022-02-18 13:35:00,1930,1930,1930,1930,0
2022-02-18 13:36:00,1930,1930,1930,1930,0
2022-02-18 13:37:00,1930,1930,1930,1930,0
2022-02-18 13:38:00,1930,1930,1930,1930,0
2022-02-18 13:39:00,1930,1930,1930,1930,0
2022-02-18 13:40:00,1930,1930,1930,1930,0
2022-02-18 13:41:00,1930,1930,1930,1930,0
2022-02-18 13:42:00,1930,1930,1930,1930,0
2022-02-18 13:43:00,1930,1930,1930,1930,0
2022-02-18 13:44:00,1930,1930,1930,1930,0
2022-02-18 13:45:00,1930,1930,1930,1930,0
2022-02-18 13:46:00,1930,1930,1930,1930,0
2022-02-18 13:47:00,1930,1930,1930,1930,0
2022-02-18 13:48:00,1930,1930,1930,1930,0
2022-02-18 13:49:00,1930,1930,1930,1930,0
2022-02-18 13:50:00,1930,1930,1930,1930,0
2022-02-18 13:51:00,1930,1930,1930,1930,0
2022-02-18 13:52:00,1930,1930,1930,1930,0
2022-02-18 13:53:00,1930,1930,1930,1930,0
2022-02-18 13:54:00,1930,1930,1930,1930,0
2022-02-18 13:55:00,1930,1930,1930,1930,0
2022-02-18 13:56:00,1930,1930,1930,1930,0
2022-02-18 13:57:00,1930,1930,1930,1930,0
2022-02-18 13:58:00,1930,1930,1930,1930,0
2022-02-18 13:59:00,1930,1930,1930,1930,0
2022-02-18 14:00:00,1930,1930,1930,1930,0
2022-02-18 14:01:00,1930,1930,1930,1930,0
2022-02-18 14:02:00,1930,1930,1930,1930,0
2022-02-18 14:03:00,1930,1930,1930,1930,0
2022-02-18 14:04:00,1930,1930,1930,1930,0
2022-02-18 14:05:00,1930,1930,1930,1930,0
2022-02-18 14:06:00,1930,1930,1930,1930,0
2022-02-18 14:07:00,1930,1930,1930,1930,0
2022-02-18 14:08:00,1930,1930,1930,1930,0
2022-02-18 14:09:00,1930,1930,1930,1930,0
2022-02-18 14:10:00,1930,1930,1930,1930,0
2022-02-18 14:11:00,1930,1930,1930,1930,0
2022-02-18 14:12:00,1930,1930,1930,1930,0
2022-02-18 14:13:00,1930,1930,1930,1930,0
2022-02-18 14:14:00,1930,1930,1930,1930,0
2022-02-18 14:15:00,1930,1930,1930,1930,0
2022-02-18 14:16:00,1930,1930,1930,1930,0
2022-02-18 14:17:00,1930,1930,1930,1930,0
2022-02-18 14:18:00,1930,1930,1930,1930,0
2022-02-18 14:19:00,1930,1930,1930,1930,0
2022-02-18 14:20:00,1930,1930,1930,1930,0
2022-02-18 14:21:00,1930,1930,1930,1930,0
2022-02-18 14:22:00,1930,1930,1930,1930,0
2022-02-18 14:23:00,1930,1930,1930,1930,0
2022-02-18 14:24:00,1930,1930,1930,1930,0
2022-02-18 14:25:00,1930,1930,1930,1930,0
2022-02-18 14:26:00,1930,1930,1930,1930,0
2022-02-18 14:27:00,1930,1930,1930,1930,0
2022-02-18 14:28:00,1930,1930,1930,1930,0
2022-02-18 14:29:00,1930,1930,1930,1930,0
2022-02-18 14:30:00,1930,1930,1930,1930,0
2022-02-18 14:31:00,1930,1930,1930,1930,0
2022-02-18 14:32:00,1930,1930,1930,1930,0
2022-02-18 14:33:00,1930,1930,1930,1930,0
2022-02-18 14:34:00,1930,1930,1930,1930,0
2022-02-18 14:35:00,1930,1930,1930,1930,0
2022-02-18 14:36:00,1930,1930,1930,1930,0
2022-02-18 14:37:00,1930,1930,1930,1930,0
2022-02-18 14:38:00,1930,1930,1930,1930,0
2022-02-18 14:39:00,1930,1930,1930,1930,0
2022-02-18 14:40:00,1930,1930,1930,1930,0
2022-02-18 14:41:00,1930,1930,1930,1930,0
2022-02-18 14:42:00,1930,1930,1930,1930,0
2022-02-18 14:43:00,1930,1930,1930,1930,0
2022-02-18 14:44:00,1930,1930,1930,1930,0
2022-02-18 14:45:00,1925,1925,1925,1925,100
2022-02-18 14:46:00,1925,1925,1925,1925,0
2022-02-18 14:47:00,1925,1925,1925,1925,0
2022-02-18 14:48:00,1925,1925,1925,1925,0
2022-02-18 14:49:00,1925,1925,1925,1925,0
2022-02-18 14:50:00,1925,1925,1925,1925,0
2022-02-18 14:51:00,1925,1925,1925,1925,0
2022-02-18 14:52:00,1925,1925,1925,1925,0
2022-02-18 14:53:00,1925,1925,1925,1925,0
2022-02-18 14:54:00,1925,1925,1925,1925,0
2022-02-18 14:55:00,1925,1925,1925,1925,0
2022-02-18 14:56:00,1925,1925,1925,1925,0
2022-02-18 14:57:00,1925,1925,1925,1925,0
2022-02-18 14:58:00,1925,1925,1925,1925,0
2022-02-18 14:59:00,1925,1925,1925,1925,0
2022-02-18 15:00:00,2020,2020,2020,2020,200
2022-02-18 15:01:00,2020,2020,2020,2020,0
2022-02-18 15:02:00,2020,2020,2020,2020,0
2022-02-18 15:03:00,2020,2020,2020,2020,0
2022-02-18 15:04:00,2020,2020,2020,2020,0
2022-02-18 15:05:00,2020,2020,2020,2020,0
2022-02-18 15:06:00,2020,2020,2020,2020,0
2022-02-18 15:07:00,2020,2020,2020,2020,0
2022-02-18 15:08:00,2020,2020,2020,2020,0
2022-02-18 15:09:00,2020,2020,2020,2020,0
2022-02-18 15:10:00,2020,2020,2020,2020,0
2022-02-18 15:11:00,2020,2020,2020,2020,0
2022-02-18 15:12:00,2020,2020,2020,2020,0
2022-02-18 15:13:00,2020,2020,2020,2020,0
2022-02-18 15:14:00,2020,2020,2020,2020,0
2022-02-18 15:15:00,2020,2020,2020,2020,0
2022-02-18 15:16:00,2020,2020,2020,2020,0
2022-02-18 15:17:00,2020,2020,2020,2020,0
2022-02-18 15:18:00,2020,2020,2020,2020,0
2022-02-18 15:19:00,2020,2020,2020,2020,0
2022-02-18 15:20:00,2020,2020,2020,2020,0
2022-02-18 15:21:00,2020,2020,2020,2020,0
2022-02-18 15:22:00,2020,2020,2020,2020,0
2022-02-18 15:23:00,2020,2020,2020,2020,0
2022-02-18 15:24:00,2020,2020,2020,2020,0
2022-02-18 15:25:00,2020,2020,2020,2020,0
2022-02-18 15:26:00,2020,2020,2020,2020,0
2022-02-18 15:27:00,2020,2020,2020,2020,0
2022-02-18 15:28:00,2020,2020,2020,2020,0
2022-02-18 15:29:00,2020,2020,2020,2020,0
2022-02-18 15:30:00,2020,2020,2020,2020,0
2022-02-18 15:31:00,2020,2020,2020,2020,0
2022-02-18 15:32:00,2020,2020,2020,2020,0
2022-02-18 15:33:00,2020,2020,2020,2020,0
2022-02-18 15:34:00,2020,2020,2020,2020,0
2022-02-18 15:35:00,2020,2020,2020,2020,0
2022-02-18 15:36:00,2020,2020,2020,2020,0
2022-02-18 15:37:00,2020,2020,2020,2020,0
2022-02-18 15:38:00,2020,2020,2020,2020,0
2022-02-18 15:39:00,2020,2020,2020,2020,0
2022-02-18 15:40:00,2020,2020,2020,2020,0
2022-02-18 15:41:00,2020,2020,2020,2020,0
2022-02-18 15:42:00,2020,2020,2020,2020,0
2022-02-18 15:43:00,2020,2020,2020,2020,0
2022-02-18 15:44:00,2020,2020,2020,2020,0
2022-02-18 15:45:00,2020,2020,2020,2020,0
2022-02-18 15:46:00,2020,2020,2020,2020,0
2022-02-18 15:47:00,2020,2020,2020,2020,0
2022-02-18 15:48:00,2020,2020,2020,2020,0
2022-02-18 15:49:00,2020,2020,2020,2020,0
2022-02-18 15:50:00,2020,2020,2020,2020,0
2022-02-18 15:51:00,2020,2020,2020,2020,0
2022-02-18 15:52:00,2020,2020,2020,2020,0
2022-02-18 15:53:00,2020,2020,2020,2020,0
2022-02-18 15:54:00,2020,2020,2020,2020,0
2022-02-18 15:55:00,2020,2020,2020,2020,0
2022-02-18 15:56:00,2020,2020,2020,2020,0
2022-02-18 15:57:00,2020,2020,2020,2020,0
2022-02-18 15:58:00,2020,2020,2020,2020,0
2022-02-18 15:59:00,2020,2020,2020,2020,0
2022-02-21 09:00:00,2020,2020,2020,2020,0
2022-02-21 09:01:00,2020,2020,2020,2020,0
2022-02-21 09:02:00,2020,2020,2020,2020,0
2022-02-21 09:03:00,2020,2020,2020,2020,0
2022-02-21 09:04:00,2020,2020,2020,2020,0
2022-02-21 09:05:00,2020,2020,2020,2020,0
2022-02-21 09:06:00,2020,2020,2020,2020,0
2022-02-21 09:07:00,2020,2020,2020,2020,0
2022-02-21 09:08:00,2020,2020,2020,2020,0
2022-02-21 09:09:00,2020,2020,2020,2020,0
2022-02-21 09:10:00,2020,2020,2020,2020,0
2022-02-21 09:11:00,2020,2020,2020,2020,0
2022-02-21 09:12:00,2020,2020,2020,2020,0
2022-02-21 09:13:00,2020,2020,2020,2020,0
2022-02-21 09:14:00,2020,2020,2020,2020,0
2022-02-21 09:15:00,2020,2020,2020,2020,0
2022-02-21 09:16:00,2020,2020,2020,2020,0
2022-02-21 09:17:00,2020,2020,2020,2020,0
2022-02-21 09:18:00,2020,2020,2020,2020,0
2022-02-21 09:19:00,2020,2020,2020,2020,0
2022-02-21 09:20:00,2020,2020,2020,2020,0
2022-02-21 09:21:00,2020,2020,2020,2020,0
2022-02-21 09:22:00,2020,2020,2020,2020,0
2022-02-21 09:23:00,2020,2020,2020,2020,0
2022-02-21 09:24:00,2020,2020,2020,2020,0
2022-02-21 09:25:00,2020,2020,2020,2020,0
2022-02-21 09:26:00,2020,2020,2020,2020,0
2022-02-21 09:27:00,2020,2020,2020,2020,0
2022-02-21 09:28:00,2020,2020,2020,2020,0
2022-02-21 09:29:00,2020,2020,2020,2020,0
2022-02-21 09:30:00,2020,2020,2020,2020,0
2022-02-21 09:31:00,2020,2020,2020,2020,0
2022-02-21 09:32:00,2020,2020,2020,2020,0
2022-02-21 09:33:00,2020,2020,2020,2020,0
2022-02-21 09:34:00,2020,2020,2020,2020,0
2022-02-21 09:35:00,2020,2020,2020,2020,0
2022-02-21 09:36:00,2020,2020,2020,2020,0
2022-02-21 09:37:00,2020,2020,2020,2020,0
2022-02-21 09:38:00,2020,2020,2020,2020,0
2022-02-21 09:39:00,2020,2020,2020,2020,0
2022-02-21 09:40:00,2020,2020,2020,2020,0
2022-02-21 09:41:00,2020,2020,2020,2020,0
2022-02-21 09:42:00,2020,2020,2020,2020,0
2022-02-21 09:43:00,2020,2020,2020,2020,0
2022-02-21 09:44:00,2020,2020,2020,2020,0
2022-02-21 09:45:00,2020,2020,2020,2020,0
2022-02-21 09:46:00,2020,2020,2020,2020,0
2022-02-21 09:47:00,2020,2020,2020,2020,0
2022-02-21 09:48:00,2020,2020,2020,2020,0
2022-02-21 09:49:00,2020,2020,2020,2020,0
2022-02-21 09:50:00,2020,2020,2020,2020,0
2022-02-21 09:51:00,2020,2020,2020,2020,0
2022-02-21 09:52:00,2020,2020,2020,2020,0
2022-02-21 09:53:00,2020,2020,2020,2020,0
2022-02-21 09:54:00,2020,2020,2020,2020,0
2022-02-21 09:55:00,2020,2020,2020,2020,0
2022-02-21 09:56:00,2020,2020,2020,2020,0
2022-02-21 09:57:00,2020,2020,2020,2020,0
2022-02-21 09:58:00,2020,2020,2020,2020,0
2022-02-21 09:59:00,2020,2020,2020,2020,0
2022-02-21 10:00:00,2020,2020,2020,2020,0
2022-02-21 10:01:00,2020,2020,2020,2020,0
2022-02-21 10:02:00,2020,2020,2020,2020,0
2022-02-21 10:03:00,2020,2020,2020,2020,0
2022-02-21 10:04:00,2020,2020,2020,2020,0
2022-02-21 10:05:00,2020,2020,2020,2020,0
2022-02-21 10:06:00,2020,2020,2020,2020,0
2022-02-21 10:07:00,2020,2020,2020,2020,0
2022-02-21 10:08:00,2020,2020,2020,2020,0
2022-02-21 10:09:00,2020,2020,2020,2020,0
2022-02-21 10:10:00,2020,2020,2020,2020,0
2022-02-21 10:11:00,2020,2020,2020,2020,0
2022-02-21 10:12:00,2020,2020,2020,2020,0
2022-02-21 10:13:00,2020,2020,2020,2020,0
2022-02-21 10:14:00,2020,2020,2020,2020,0
2022-02-21 10:15:00,2020,2020,2020,2020,0
2022-02-21 10:16:00,2020,2020,2020,2020,0
2022-02-21 10:17:00,2020,2020,2020,2020,0
2022-02-21 10:18:00,2020,2020,2020,2020,0
2022-02-21 10:19:00,2020,2020,2020,2020,0
2022-02-21 10:20:00,2020,2020,2020,2020,0
2022-02-21 10:21:00,2020,2020,2020,2020,0
2022-02-21 10:22:00,2020,2020,2020,2020,0
2022-02-21 10:23:00,2020,2020,2020,2020,0
2022-02-21 10:24:00,2020,2020,2020,2020,0
2022-02-21 10:25:00,2020,2020,2020,2020,0
2022-02-21 10:26:00,2020,2020,2020,2020,0
2022-02-21 10:27:00,2020,2020,2020,2020,0
2022-02-21 10:28:00,2020,2020,2020,2020,0
2022-02-21 10:29:00,2020,2020,2020,2020,0
2022-02-21 10:30:00,2020,2020,2020,2020,0
2022-02-21 10:31:00,2020,2020,2020,2020,0
2022-02-21 10:32:00,2020,2020,2020,2020,0
2022-02-21 10:33:00,2020,2020,2020,2020,0
2022-02-21 10:34:00,2020,2020,2020,2020,0
2022-02-21 10:35:00,2020,2020,2020,2020,0
2022-02-21 10:36:00,2020,2020,2020,2020,0
2022-02-21 10:37:00,2020,2020,2020,2020,0
2022-02-21 10:38:00,2020,2020,2020,2020,0
2022-02-21 10:39:00,2020,2020,2020,2020,0
2022-02-21 10:40:00,2020,2020,2020,2020,0
2022-02-21 10:41:00,2020,2020,2020,2020,0
2022-02-21 10:42:00,2020,2020,2020,2020,0
2022-02-21 10:43:00,2020,2020,2020,2020,0
2022-02-21 10:44:00,2020,2020,2020,2020,0
2022-02-21 10:45:00,2020,2020,2020,2020,0
2022-02-21 10:46:00,2020,2020,2020,2020,0
2022-02-21 10:47:00,2020,2020,2020,2020,0
2022-02-21 10:48:00,2020,2020,2020,2020,0
2022-02-21 10:49:00,2020,2020,2020,2020,0
2022-02-21 10:50:00,2020,2020,2020,2020,0
2022-02-21 10:51:00,2020,2020,2020,2020,0
2022-02-21 10:52:00,2020,2020,2020,2020,0
2022-02-21 10:53:00,2020,2020,2020,2020,0
2022-02-21 10:54:00,2020,2020,2020,2020,0
2022-02-21 10:55:00,2020,2020,2020,2020,0
2022-02-21 10:56:00,2020,2020,2020,2020,0
2022-02-21 10:57:00,2020,2020,2020,2020,0
2022-02-21 10:58:00,2020,2020,2020,2020,0
2022-02-21 10:59:00,2020,2020,2020,2020,0
2022-02-21 11:00:00,2020,2020,2020,2020,0
2022-02-21 11:01:00,2020,2020,2020,2020,0
2022-02-21 11:02:00,2020,2020,2020,2020,0
2022-02-21 11:03:00,2020,2020,2020,2020,0
2022-02-21 11:04:00,2020,2020,2020,2020,0
2022-02-21 11:05:00,2020,2020,2020,2020,0
2022-02-21 11:06:00,2020,2020,2020,2020,0
2022-02-21 11:07:00,2020,2020,2020,2020,0
2022-02-21 11:08:00,2020,2020,2020,2020,0
2022-02-21 11:09:00,2020,2020,2020,2020,0
2022-02-21 11:10:00,2020,2020,2020,2020,0
2022-02-21 11:11:00,2020,2020,2020,2020,0
2022-02-21 11:12:00,2020,2020,2020,2020,0
2022-02-21 11:13:00,2020,2020,2020,2020,0
2022-02-21 11:14:00,2020,2020,2020,2020,0
2022-02-21 11:15:00,2020,2020,2020,2020,0
2022-02-21 11:16:00,2020,2020,2020,2020,0
2022-02-21 11:17:00,2020,2020,2020,2020,0
2022-02-21 11:18:00,2020,2020,2020,2020,0
2022-02-21 11:19:00,2020,2020,2020,2020,0
2022-02-21 11:20:00,2020,2020,2020,2020,0
2022-02-21 11:21:00,2020,2020,2020,2020,0
2022-02-21 11:22:00,2020,2020,2020,2020,0
2022-02-21 11:23:00,2020,2020,2020,2020,0
2022-02-21 11:24:00,2020,2020,2020,2020,0
2022-02-21 11:25:00,2020,2020,2020,2020,0
2022-02-21 11:26:00,2020,2020,2020,2020,0
2022-02-21 11:27:00,2020,2020,2020,2020,0
2022-02-21 11:28:00,2020,2020,2020,2020,0
2022-02-21 11:29:00,2020,2020,2020,2020,0
2022-02-21 11:30:00,2020,2020,2020,2020,0
2022-02-21 11:31:00,2020,2020,2020,2020,0
2022-02-21 11:32:00,2020,2020,2020,2020,0
2022-02-21 11:33:00,2020,2020,2020,2020,0
2022-02-21 11:34:00,2020,2020,2020,2020,0
2022-02-21 11:35:00,2020,2020,2020,2020,0
2022-02-21 11:36:00,2020,2020,2020,2020,0
2022-02-21 11:37:00,2020,2020,2020,2020,0
2022-02-21 11:38:00,2020,2020,2020,2020,0
2022-02-21 11:39:00,2020,2020,2020,2020,0
2022-02-21 11:40:00,2020,2020,2020,2020,0
2022-02-21 11:41:00,2020,2020,2020,2020,0
2022-02-21 11:42:00,2020,2020,2020,2020,0
2022-02-21 11:43:00,2020,2020,2020,2020,0
2022-02-21 11:44:00,2020,2020,2020,2020,0
2022-02-21 11:45:00,2020,2020,2020,2020,0
2022-02-21 11:46:00,2020,2020,2020,2020,0
2022-02-21 11:47:00,2020,2020,2020,2020,0
2022-02-21 11:48:00,2020,2020,2020,2020,0
2022-02-21 11:49:00,2020,2020,2020,2020,0
2022-02-21 11:50:00,2020,2020,2020,2020,0
2022-02-21 11:51:00,2020,2020,2020,2020,0
2022-02-21 11:52:00,2020,2020,2020,2020,0
2022-02-21 11:53:00,2020,2020,2020,2020,0
2022-02-21 11:54:00,2020,2020,2020,2020,0
2022-02-21 11:55:00,2020,2020,2020,2020,0
2022-02-21 11:56:00,2020,2020,2020,2020,0
2022-02-21 11:57:00,2020,2020,2020,2020,0
2022-02-21 11:58:00,2020,2020,2020,2020,0
2022-02-21 11:59:00,2020,2020,2020,2020,0
2022-02-21 12:00:00,2020,2020,2020,2020,0
2022-02-21 12:01:00,2020,2020,2020,2020,0
2022-02-21 12:02:00,2020,2020,2020,2020,0
2022-02-21 12:03:00,2020,2020,2020,2020,0
2022-02-21 12:04:00,2020,2020,2020,2020,0
2022-02-21 12:05:00,2020,2020,2020,2020,0
2022-02-21 12:06:00,2020,2020,2020,2020,0
2022-02-21 12:07:00,2020,2020,2020,2020,0
2022-02-21 12:08:00,2020,2020,2020,2020,0
2022-02-21 12:09:00,2020,2020,2020,2020,0
2022-02-21 12:10:00,2020,2020,2020,2020,0
2022-02-21 12:11:00,2020,2020,2020,2020,0
2022-02-21 12:12:00,2020,2020,2020,2020,0
2022-02-21 12:13:00,2020,2020,2020,2020,0
2022-02-21 12:14:00,2020,2020,2020,2020,0
2022-02-21 12:15:00,2020,2020,2020,2020,0
2022-02-21 12:16:00,2020,2020,2020,2020,0
2022-02-21 12:17:00,2020,2020,2020,2020,0
2022-02-21 12:18:00,2020,2020,2020,2020,0
2022-02-21 12:19:00,2020,2020,2020,2020,0
2022-02-21 12:20:00,2020,2020,2020,2020,0
2022-02-21 12:21:00,2020,2020,2020,2020,0
2022-02-21 12:22:00,2020,2020,2020,2020,0
2022-02-21 12:23:00,2020,2020,2020,2020,0
2022-02-21 12:24:00,2020,2020,2020,2020,0
2022-02-21 12:25:00,2020,2020,2020,2020,0
2022-02-21 12:26:00,2020,2020,2020,2020,0
2022-02-21 12:27:00,2020,2020,2020,2020,0
2022-02-21 12:28:00,2020,2020,2020,2020,0
2022-02-21 12:29:00,2020,2020,2020,2020,0
2022-02-21 12:30:00,2020,2020,2020,2020,0
2022-02-21 12:31:00,2020,2020,2020,2020,0
2022-02-21 12:32:00,2020,2020,2020,2020,0
2022-02-21 12:33:00,2020,2020,2020,2020,0
2022-02-21 12:34:00,2020,2020,2020,2020,0
2022-02-21 12:35:00,2020,2020,2020,2020,0
2022-02-21 12:36:00,2020,2020,2020,2020,0
2022-02-21 12:37:00,2020,2020,2020,2020,0
2022-02-21 12:38:00,2020,2020,2020,2020,0
2022-02-21 12:39:00,2020,2020,2020,2020,0
2022-02-21 12:40:00,2020,2020,2020,2020,0
2022-02-21 12:41:00,2020,2020,2020,2020,0
2022-02-21 12:42:00,2020,2020,2020,2020,0
2022-02-21 12:43:00,2020,2020,2020,2020,0
2022-02-21 12:44:00,2020,2020,2020,2020,0
2022-02-21 12:45:00,2020,2020,2020,2020,0
2022-02-21 12:46:00,2020,2020,2020,2020,0
2022-02-21 12:47:00,2020,2020,2020,2020,0
2022-02-21 12:48:00,2020,2020,2020,2020,0
2022-02-21 12:49:00,2020,2020,2020,2020,0
2022-02-21 12:50:00,2020,2020,2020,2020,0
2022-02-21 12:51:00,2020,2020,2020,2020,0
2022-02-21 12:52:00,2020,2020,2020,2020,0
2022-02-21 12:53:00,2020,2020,2020,2020,0
2022-02-21 12:54:00,2020,2020,2020,2020,0
2022-02-21 12:55:00,2020,2020,2020,2020,0
2022-02-21 12:56:00,2020,2020,2020,2020,0
2022-02-21 12:57:00,2020,2020,2020,2020,0
2022-02-21 12:58:00,2020,2020,2020,2020,0
2022-02-21 12:59:00,2020,2020,2020,2020,0
2022-02-21 13:00:00,2020,2020,2020,2020,0
2022-02-21 13:01:00,2020,2020,2020,2020,0
2022-02-21 13:02:00,2020,2020,2020,2020,0
2022-02-21 13:03:00,2020,2020,2020,2020,0
2022-02-21 13:04:00,2020,2020,2020,2020,0
2022-02-21 13:05:00,2020,2020,2020,2020,0
2022-02-21 13:06:00,2020,2020,2020,2020,0
2022-02-21 13:07:00,2020,2020,2020,2020,0
2022-02-21 13:08:00,2020,2020,2020,2020,0
2022-02-21 13:09:00,2020,2020,2020,2020,0
2022-02-21 13:10:00,2020,2020,2020,2020,0
2022-02-21 13:11:00,2020,2020,2020,2020,0
2022-02-21 13:12:00,2020,2020,2020,2020,0
2022-02-21 13:13:00,2020,2020,2020,2020,0
2022-02-21 13:14:00,2020,2020,2020,2020,0
2022-02-21 13:15:00,2020,2020,2020,2020,0
2022-02-21 13:16:00,2020,2020,2020,2020,0
2022-02-21 13:17:00,2020,2020,2020,2020,0
2022-02-21 13:18:00,2020,2020,2020,2020,0
2022-02-21 13:19:00,2020,2020,2020,2020,0
2022-02-21 13:20:00,2020,2020,2020,2020,0
2022-02-21 13:21:00,2020,2020,2020,2020,0
2022-02-21 13:22:00,2020,2020,2020,2020,0
2022-02-21 13:23:00,2020,2020,2020,2020,0
2022-02-21 13:24:00,2020,2020,2020,2020,0
2022-02-21 13:25:00,2020,2020,2020,2020,0
2022-02-21 13:26:00,2020,2020,2020,2020,0
2022-02-21 13:27:00,2020,2020,2020,2020,0
2022-02-21 13:28:00,2020,2020,2020,2020,0
2022-02-21 13:29:00,2020,2020,2020,2020,0
2022-02-21 13:30:00,2020,2020,2020,2020,0
2022-02-21 13:31:00,2020,2020,2020,2020,0
2022-02-21 13:32:00,2020,2020,2020,2020,0
2022-02-21 13:33:00,2020,2020,2020,2020,0
2022-02-21 13:34:00,2020,2020,2020,2020,0
2022-02-21 13:35:00,2020,2020,2020,2020,0
2022-02-21 13:36:00,2020,2020,2020,2020,0
2022-02-21 13:37:00,2020,2020,2020,2020,0
2022-02-21 13:38:00,2020,2020,2020,2020,0
2022-02-21 13:39:00,2020,2020,2020,2020,0
2022-02-21 13:40:00,2020,2020,2020,2020,0
2022-02-21 13:41:00,2020,2020,2020,2020,0
2022-02-21 13:42:00,2020,2020,2020,2020,0
2022-02-21 13:43:00,2020,2020,2020,2020,0
2022-02-21 13:44:00,2020,2020,2020,2020,0
2022-02-21 13:45:00,2020,2020,2020,2020,0
2022-02-21 13:46:00,2020,2020,2020,2020,0
2022-02-21 13:47:00,2020,2020,2020,2020,0
2022-02-21 13:48:00,2020,2020,2020,2020,0
2022-02-21 13:49:00,2020,2020,2020,2020,0
2022-02-21 13:50:00,2020,2020,2020,2020,0
2022-02-21 13:51:00,2020,2020,2020,2020,0
2022-02-21 13:52:00,2020,2020,2020,2020,0
2022-02-21 13:53:00,2020,2020,2020,2020,0
2022-02-21 13:54:00,2020,2020,2020,2020,0
2022-02-21 13:55:00,2020,2020,2020,2020,0
2022-02-21 13:56:00,2020,2020,2020,2020,0
2022-02-21 13:57:00,2020,2020,2020,2020,0
2022-02-21 13:58:00,2020,2020,2020,2020,0
2022-02-21 13:59:00,2020,2020,2020,2020,0
2022-02-21 14:00:00,2020,2020,2020,2020,0
2022-02-21 14:01:00,2020,2020,2020,2020,0
2022-02-21 14:02:00,2020,2020,2020,2020,0
2022-02-21 14:03:00,2020,2020,2020,2020,0
2022-02-21 14:04:00,2020,2020,2020,2020,0
2022-02-21 14:05:00,2020,2020,2020,2020,0
2022-02-21 14:06:00,2020,2020,2020,2020,0
2022-02-21 14:07:00,2020,2020,2020,2020,0
2022-02-21 14:08:00,2020,2020,2020,2020,0
2022-02-21 14:09:00,2020,2020,2020,2020,0
2022-02-21 14:10:00,2020,2020,2020,2020,0
2022-02-21 14:11:00,2020,2020,2020,2020,0
2022-02-21 14:12:00,2020,2020,2020,2020,0
2022-02-21 14:13:00,2020,2020,2020,2020,0
2022-02-21 14:14:00,2020,2020,2020,2020,0
2022-02-21 14:15:00,2020,2020,2020,2020,0
2022-02-21 14:16:00,2020,2020,2020,2020,0
2022-02-21 14:17:00,2020,2020,2020,2020,0
2022-02-21 14:18:00,2020,2020,2020,2020,0
2022-02-21 14:19:00,2020,2020,2020,2020,0
2022-02-21 14:20:00,2020,2020,2020,2020,0
2022-02-21 14:21:00,2020,2020,2020,2020,0
2022-02-21 14:22:00,2020,2020,2020,2020,0
2022-02-21 14:23:00,2020,2020,2020,2020,0
2022-02-21 14:24:00,2020,2020,2020,2020,0
2022-02-21 14:25:00,2020,2020,2020,2020,0
2022-02-21 14:26:00,2020,2020,2020,2020,0
2022-02-21 14:27:00,2020,2020,2020,2020,0
2022-02-21 14:28:00,2020,2020,2020,2020,0
2022-02-21 14:29:00,2020,2020,2020,2020,0
2022-02-21 14:30:00,2020,2020,2020,2020,0
2022-02-21 14:31:00,2020,2020,2020,2020,0
2022-02-21 14:32:00,2020,2020,2020,2020,0
2022-02-21 14:33:00,2020,2020,2020,2020,0
2022-02-21 14:34:00,2020,2020,2020,2020,0
2022-02-21 14:35:00,2020,2020,2020,2020,0
2022-02-21 14:36:00,2020,2020,2020,2020,0
2022-02-21 14:37:00,2020,2020,2020,2020,0
2022-02-21 14:38:00,2020,2020,2020,2020,0
2022-02-21 14:39:00,2020,2020,2020,2020,0
2022-02-21 14:40:00,2020,2020,2020,2020,0
2022-02-21 14:41:00,2020,2020,2020,2020,0
2022-02-21 14:42:00,2020,2020,2020,2020,0
2022-02-21 14:43:00,2020,2020,2020,2020,0
2022-02-21 14:44:00,2020,2020,2020,2020,0
2022-02-21 14:45:00,2020,2020,2020,2020,0
2022-02-21 14:46:00,2020,2020,2020,2020,0
2022-02-21 14:47:00,2020,2020,2020,2020,0
2022-02-21 14:48:00,2020,2020,2020,2020,0
2022-02-21 14:49:00,2020,2020,2020,2020,0
2022-02-21 14:50:00,2020,2020,2020,2020,0
2022-02-21 14:51:00,2020,2020,2020,2020,0
2022-02-21 14:52:00,2020,2020,2020,2020,0
2022-02-21 14:53:00,2020,2020,2020,2020,0
2022-02-21 14:54:00,2020,2020,2020,2020,0
2022-02-21 14:55:00,2020,2020,2020,2020,0
2022-02-21 14:56:00,2020,2020,2020,2020,0
2022-02-21 14:57:00,2020,2020,2020,2020,0
2022-02-21 14:58:00,2020,2020,2020,2020,0
2022-02-21 14:59:00,2020,2020,2020,2020,0
2022-02-21 15:00:00,2020,2020,2020,2020,0
2022-02-21 15:01:00,2020,2020,2020,2020,0
2022-02-21 15:02:00,2020,2020,2020,2020,0
2022-02-21 15:03:00,2020,2020,2020,2020,0
2022-02-21 15:04:00,2020,2020,2020,2020,0
2022-02-21 15:05:00,2020,2020,2020,2020,0
2022-02-21 15:06:00,2020,2020,2020,2020,0
2022-02-21 15:07:00,2020,2020,2020,2020,0
2022-02-21 15:08:00,2020,2020,2020,2020,0
2022-02-21 15:09:00,2020,2020,2020,2020,0
2022-02-21 15:10:00,2020,2020,2020,2020,0
2022-02-21 15:11:00,2020,2020,2020,2020,0
2022-02-21 15:12:00,2020,2020,2020,2020,0
2022-02-21 15:13:00,2020,2020,2020,2020,0
2022-02-21 15:14:00,2020,2020,2020,2020,0
2022-02-21 15:15:00,2020,2020,2020,2020,0
2022-02-21 15:16:00,2020,2020,2020,2020,0
2022-02-21 15:17:00,2020,2020,2020,2020,0
2022-02-21 15:18:00,2020,2020,2020,2020,0
2022-02-21 15:19:00,2020,2020,2020,2020,0
2022-02-21 15:20:00,2020,2020,2020,2020,0
2022-02-21 15:21:00,2020,2020,2020,2020,0
2022-02-21 15:22:00,2020,2020,2020,2020,0
2022-02-21 15:23:00,2020,2020,2020,2020,0
2022-02-21 15:24:00,2020,2020,2020,2020,0
2022-02-21 15:25:00,2020,2020,2020,2020,0
2022-02-21 15:26:00,2020,2020,2020,2020,0
2022-02-21 15:27:00,2020,2020,2020,2020,0
2022-02-21 15:28:00,2020,2020,2020,2020,0
2022-02-21 15:29:00,2020,2020,2020,2020,0
2022-02-21 15:30:00,2020,2020,2020,2020,0
2022-02-21 15:31:00,2020,2020,2020,2020,0
2022-02-21 15:32:00,2020,2020,2020,2020,0
2022-02-21 15:33:00,2020,2020,2020,2020,0
2022-02-21 15:34:00,2020,2020,2020,2020,0
2022-02-21 15:35:00,2020,2020,2020,2020,0
2022-02-21 15:36:00,2020,2020,2020,2020,0
2022-02-21 15:37:00,2020,2020,2020,2020,0
2022-02-21 15:38:00,2020,2020,2020,2020,0
2022-02-21 15:39:00,2020,2020,2020,2020,0
2022-02-21 15:40:00,2020,2020,2020,2020,0
2022-02-21 15:41:00,2020,2020,2020,2020,0
2022-02-21 15:42:00,2020,2020,2020,2020,0
2022-02-21 15:43:00,2020,2020,2020,2020,0
2022-02-21 15:44:00,2020,2020,2020,2020,0
2022-02-21 15:45:00,2020,2020,2020,2020,0
2022-02-21 15:46:00,2020,2020,2020,2020,0
2022-02-21 15:47:00,2020,2020,2020,2020,0
2022-02-21 15:48:00,2020,2020,2020,2020,0
2022-02-21 15:49:00,2020,2020,2020,2020,0
2022-02-21 15:50:00,2020,2020,2020,2020,0
2022-02-21 15:51:00,2020,2020,2020,2020,0
2022-02-21 15:52:00,2020,2020,2020,2020,0
2022-02-21 15:53:00,2020,2020,2020,2020,0
2022-02-21 15:54:00,2020,2020,2020,2020,0
2022-02-21 15:55:00,2020,2020,2020,2020,0
2022-02-21 15:56:00,2020,2020,2020,2020,0
2022-02-21 15:57:00,2020,2020,2020,2020,0
2022-02-21 15:58:00,2020,2020,2020,2020,0
2022-02-21 15:59:00,2020,2020,2020,2020,0
2022-02-22 09:00:00,2020,2020,2020,2020,0
2022-02-22 09:01:00,2020,2020,2020,2020,0
2022-02-22 09:02:00,2020,2020,2020,2020,0
2022-02-22 09:03:00,2020,2020,2020,2020,0
2022-02-22 09:04:00,2020,2020,2020,2020,0
2022-02-22 09:05:00,2020,2020,2020,2020,0
2022-02-22 09:06:00,2020,2020,2020,2020,0
2022-02-22 09:07:00,2020,2020,2020,2020,0
2022-02-22 09:08:00,2020,2020,2020,2020,0
2022-02-22 09:09:00,2020,2020,2020,2020,0
2022-02-22 09:10:00,2020,2020,2020,2020,0
2022-02-22 09:11:00,2020,2020,2020,2020,0
2022-02-22 09:12:00,2020,2020,2020,2020,0
2022-02-22 09:13:00,2020,2020,2020,2020,0
2022-02-22 09:14:00,2020,2020,2020,2020,0
2022-02-22 09:15:00,2020,2020,2020,2020,0
2022-02-22 09:16:00,2020,2020,2020,2020,0
2022-02-22 09:17:00,2020,2020,2020,2020,0
2022-02-22 09:18:00,2020,2020,2020,2020,0
2022-02-22 09:19:00,2020,2020,2020,2020,0
2022-02-22 09:20:00,2020,2020,2020,2020,0
2022-02-22 09:21:00,2020,2020,2020,2020,0
2022-02-22 09:22:00,2020,2020,2020,2020,0
2022-02-22 09:23:00,2020,2020,2020,2020,0
2022-02-22 09:24:00,2020,2020,2020,2020,0
2022-02-22 09:25:00,2020,2020,2020,2020,0
2022-02-22 09:26:00,2020,2020,2020,2020,0
2022-02-22 09:27:00,2020,2020,2020,2020,0
2022-02-22 09:28:00,2020,2020,2020,2020,0
2022-02-22 09:29:00,2020,2020,2020,2020,0
2022-02-22 09:30:00,2020,2020,2020,2020,0
2022-02-22 09:31:00,2020,2020,2020,2020,0
2022-02-22 09:32:00,2020,2020,2020,2020,0
2022-02-22 09:33:00,2020,2020,2020,2020,0
2022-02-22 09:34:00,2020,2020,2020,2020,0
2022-02-22 09:35:00,2020,2020,2020,2020,0
2022-02-22 09:36:00,2020,2020,2020,2020,0
2022-02-22 09:37:00,2020,2020,2020,2020,0
2022-02-22 09:38:00,2020,2020,2020,2020,0
2022-02-22 09:39:00,2020,2020,2020,2020,0
2022-02-22 09:40:00,2020,2020,2020,2020,0
2022-02-22 09:41:00,2020,2020,2020,2020,0
2022-02-22 09:42:00,2020,2020,2020,2020,0
2022-02-22 09:43:00,2020,2020,2020,2020,0
2022-02-22 09:44:00,2020,2020,2020,2020,0
2022-02-22 09:45:00,2020,2020,2020,2020,0
2022-02-22 09:46:00,2020,2020,2020,2020,0
2022-02-22 09:47:00,2020,2020,2020,2020,0
2022-02-22 09:48:00,2020,2020,2020,2020,0
2022-02-22 09:49:00,2020,2020,2020,2020,0
2022-02-22 09:50:00,2020,2020,2020,2020,0
2022-02-22 09:51:00,2020,2020,2020,2020,0
2022-02-22 09:52:00,2020,2020,2020,2020,0
2022-02-22 09:53:00,2020,2020,2020,2020,0
2022-02-22 09:54:00,2020,2020,2020,2020,0
2022-02-22 09:55:00,2020,2020,2020,2020,0
2022-02-22 09:56:00,2020,2020,2020,2020,0
2022-02-22 09:57:00,2020,2020,2020,2020,0
2022-02-22 09:58:00,2020,2020,2020,2020,0
2022-02-22 09:59:00,2020,2020,2020,2020,0
2022-02-22 10:00:00,2020,2020,2020,2020,0
2022-02-22 10:01:00,2020,2020,2020,2020,0
2022-02-22 10:02:00,2020,2020,2020,2020,0
2022-02-22 10:03:00,2020,2020,2020,2020,0
2022-02-22 10:04:00,2020,2020,2020,2020,0
2022-02-22 10:05:00,2020,2020,2020,2020,0
2022-02-22 10:06:00,2020,2020,2020,2020,0
2022-02-22 10:07:00,2020,2020,2020,2020,0
2022-02-22 10:08:00,2020,2020,2020,2020,0
2022-02-22 10:09:00,2020,2020,2020,2020,0
2022-02-22 10:10:00,2020,2020,2020,2020,0
2022-02-22 10:11:00,2020,2020,2020,2020,0
2022-02-22 10:12:00,2020,2020,2020,2020,0
2022-02-22 10:13:00,2020,2020,2020,2020,0
2022-02-22 10:14:00,2020,2020,2020,2020,0
2022-02-22 10:15:00,2020,2020,2020,2020,0
2022-02-22 10:16:00,2020,2020,2020,2020,0
2022-02-22 10:17:00,2020,2020,2020,2020,0
2022-02-22 10:18:00,2020,2020,2020,2020,0
2022-02-22 10:19:00,2020,2020,2020,2020,0
2022-02-22 10:20:00,2020,2020,2020,2020,0
2022-02-22 10:21:00,2020,2020,2020,2020,0
2022-02-22 10:22:00,2020,2020,2020,2020,0
2022-02-22 10:23:00,2020,2020,2020,2020,0
2022-02-22 10:24:00,2020,2020,2020,2020,0
2022-02-22 10:25:00,2020,2020,2020,2020,0
2022-02-22 10:26:00,2020,2020,2020,2020,0
2022-02-22 10:27:00,2020,2020,2020,2020,0
2022-02-22 10:28:00,2020,2020,2020,2020,0
2022-02-22 10:29:00,2020,2020,2020,2020,0
2022-02-22 10:30:00,2020,2020,2020,2020,0
2022-02-22 10:31:00,2020,2020,2020,2020,0
2022-02-22 10:32:00,2020,2020,2020,2020,0
2022-02-22 10:33:00,2020,2020,2020,2020,0
2022-02-22 10:34:00,2020,2020,2020,2020,0
2022-02-22 10:35:00,2020,2020,2020,2020,0
2022-02-22 10:36:00,2020,2020,2020,2020,0
2022-02-22 10:37:00,2020,2020,2020,2020,0
2022-02-22 10:38:00,2020,2020,2020,2020,0
2022-02-22 10:39:00,2020,2020,2020,2020,0
2022-02-22 10:40:00,2020,2020,2020,2020,0
2022-02-22 10:41:00,2020,2020,2020,2020,0
2022-02-22 10:42:00,2020,2020,2020,2020,0
2022-02-22 10:43:00,2020,2020,2020,2020,0
2022-02-22 10:44:00,2020,2020,2020,2020,0
2022-02-22 10:45:00,2020,2020,2020,2020,0
2022-02-22 10:46:00,2020,2020,2020,2020,0
2022-02-22 10:47:00,2020,2020,2020,2020,0
2022-02-22 10:48:00,2020,2020,2020,2020,0
2022-02-22 10:49:00,2020,2020,2020,2020,0
2022-02-22 10:50:00,2020,2020,2020,2020,0
2022-02-22 10:51:00,2020,2020,2020,2020,0
2022-02-22 10:52:00,2020,2020,2020,2020,0
2022-02-22 10:53:00,2020,2020,2020,2020,0
2022-02-22 10:54:00,2020,2020,2020,2020,0
2022-02-22 10:55:00,2020,2020,2020,2020,0
2022-02-22 10:56:00,2020,2020,2020,2020,0
2022-02-22 10:57:00,2020,2020,2020,2020,0
2022-02-22 10:58:00,2020,2020,2020,2020,0
2022-02-22 10:59:00,2020,2020,2020,2020,0
2022-02-22 11:00:00,2020,2020,2020,2020,0
2022-02-22 11:01:00,2020,2020,2020,2020,0
2022-02-22 11:02:00,2020,2020,2020,2020,0
2022-02-22 11:03:00,2020,2020,2020,2020,0
2022-02-22 11:04:00,2020,2020,2020,2020,0
2022-02-22 11:05:00,2020,2020,2020,2020,0
2022-02-22 11:06:00,2020,2020,2020,2020,0
2022-02-22 11:07:00,2020,2020,2020,2020,0
2022-02-22 11:08:00,2020,2020,2020,2020,0
2022-02-22 11:09:00,2020,2020,2020,2020,0
2022-02-22 11:10:00,2020,2020,2020,2020,0
2022-02-22 11:11:00,2020,2020,2020,2020,0
2022-02-22 11:12:00,2020,2020,2020,2020,0
2022-02-22 11:13:00,2020,2020,2020,2020,0
2022-02-22 11:14:00,2020,2020,2020,2020,0
2022-02-22 11:15:00,2020,2020,2020,2020,0
2022-02-22 11:16:00,2020,2020,2020,2020,0
2022-02-22 11:17:00,2020,2020,2020,2020,0
2022-02-22 11:18:00,2020,2020,2020,2020,0
2022-02-22 11:19:00,2020,2020,2020,2020,0
2022-02-22 11:20:00,2020,2020,2020,2020,0
2022-02-22 11:21:00,2020,2020,2020,2020,0
2022-02-22 11:22:00,2020,2020,2020,2020,0
2022-02-22 11:23:00,2020,2020,2020,2020,0
2022-02-22 11:24:00,2020,2020,2020,2020,0
2022-02-22 11:25:00,2020,2020,2020,2020,0
2022-02-22 11:26:00,2020,2020,2020,2020,0
2022-02-22 11:27:00,2020,2020,2020,2020,0
2022-02-22 11:28:00,2020,2020,2020,2020,0
2022-02-22 11:29:00,2020,2020,2020,2020,0
2022-02-22 11:30:00,2020,2020,2020,2020,0
2022-02-22 11:31:00,2020,2020,2020,2020,0
2022-02-22 11:32:00,2020,2020,2020,2020,0
2022-02-22 11:33:00,2020,2020,2020,2020,0
2022-02-22 11:34:00,2020,2020,2020,2020,0
2022-02-22 11:35:00,2020,2020,2020,2020,0
2022-02-22 11:36:00,2020,2020,2020,2020,0
2022-02-22 11:37:00,2020,2020,2020,2020,0
2022-02-22 11:38:00,2020,2020,2020,2020,0
2022-02-22 11:39:00,2020,2020,2020,2020,0
2022-02-22 11:40:00,2020,2020,2020,2020,0
2022-02-22 11:41:00,2020,2020,2020,2020,0
2022-02-22 11:42:00,2020,2020,2020,2020,0
2022-02-22 11:43:00,2020,2020,2020,2020,0
2022-02-22 11:44:00,2020,2020,2020,2020,0
2022-02-22 11:45:00,2020,2020,2020,2020,0
2022-02-22 11:46:00,2020,2020,2020,2020,0
2022-02-22 11:47:00,2020,2020,2020,2020,0
2022-02-22 11:48:00,2020,2020,2020,2020,0
2022-02-22 11:49:00,2020,2020,2020,2020,0
2022-02-22 11:50:00,2020,2020,2020,2020,0
2022-02-22 11:51:00,2020,2020,2020,2020,0
2022-02-22 11:52:00,2020,2020,2020,2020,0
2022-02-22 11:53:00,2020,2020,2020,2020,0
2022-02-22 11:54:00,2020,2020,2020,2020,0
2022-02-22 11:55:00,2020,2020,2020,2020,0
2022-02-22 11:56:00,2020,2020,2020,2020,0
2022-02-22 11:57:00,2020,2020,2020,2020,0
2022-02-22 11:58:00,2020,2020,2020,2020,0
2022-02-22 11:59:00,2020,2020,2020,2020,0
2022-02-22 12:00:00,2020,2020,2020,2020,0
2022-02-22 12:01:00,2020,2020,2020,2020,0
2022-02-22 12:02:00,2020,2020,2020,2020,0
2022-02-22 12:03:00,2020,2020,2020,2020,0
2022-02-22 12:04:00,2020,2020,2020,2020,0
2022-02-22 12:05:00,2020,2020,2020,2020,0
2022-02-22 12:06:00,2020,2020,2020,2020,0
2022-02-22 12:07:00,2020,2020,2020,2020,0
2022-02-22 12:08:00,2020,2020,2020,2020,0
2022-02-22 12:09:00,2020,2020,2020,2020,0
2022-02-22 12:10:00,2020,2020,2020,2020,0
2022-02-22 12:11:00,2020,2020,2020,2020,0
2022-02-22 12:12:00,2020,2020,2020,2020,0
2022-02-22 12:13:00,2020,2020,2020,2020,0
2022-02-22 12:14:00,2020,2020,2020,2020,0
2022-02-22 12:15:00,2020,2020,2020,2020,0
2022-02-22 12:16:00,2020,2020,2020,2020,0
2022-02-22 12:17:00,2020,2020,2020,2020,0
2022-02-22 12:18:00,2020,2020,2020,2020,0
2022-02-22 12:19:00,2020,2020,2020,2020,0
2022-02-22 12:20:00,2020,2020,2020,2020,0
2022-02-22 12:21:00,2020,2020,2020,2020,0
2022-02-22 12:22:00,2020,2020,2020,2020,0
2022-02-22 12:23:00,2020,2020,2020,2020,0
2022-02-22 12:24:00,2020,2020,2020,2020,0
2022-02-22 12:25:00,2020,2020,2020,2020,0
2022-02-22 12:26:00,2020,2020,2020,2020,0
2022-02-22 12:27:00,2020,2020,2020,2020,0
2022-02-22 12:28:00,2020,2020,2020,2020,0
2022-02-22 12:29:00,2020,2020,2020,2020,0
2022-02-22 12:30:00,2020,2020,2020,2020,0
2022-02-22 12:31:00,2020,2020,2020,2020,0
2022-02-22 12:32:00,2020,2020,2020,2020,0
2022-02-22 12:33:00,2020,2020,2020,2020,0
2022-02-22 12:34:00,2020,2020,2020,2020,0
2022-02-22 12:35:00,2020,2020,2020,2020,0
2022-02-22 12:36:00,2020,2020,2020,2020,0
2022-02-22 12:37:00,2020,2020,2020,2020,0
2022-02-22 12:38:00,2020,2020,2020,2020,0
2022-02-22 12:39:00,2020,2020,2020,2020,0
2022-02-22 12:40:00,2020,2020,2020,2020,0
2022-02-22 12:41:00,2020,2020,2020,2020,0
2022-02-22 12:42:00,2020,2020,2020,2020,0
2022-02-22 12:43:00,2020,2020,2020,2020,0
2022-02-22 12:44:00,2020,2020,2020,2020,0
2022-02-22 12:45:00,2020,2020,2020,2020,0
2022-02-22 12:46:00,2020,2020,2020,2020,0
2022-02-22 12:47:00,2020,2020,2020,2020,0
2022-02-22 12:48:00,2020,2020,2020,2020,0
2022-02-22 12:49:00,2020,2020,2020,2020,0
2022-02-22 12:50:00,2020,2020,2020,2020,0
2022-02-22 12:51:00,2020,2020,2020,2020,0
2022-02-22 12:52:00,2020,2020,2020,2020,0
2022-02-22 12:53:00,2020,2020,2020,2020,0
2022-02-22 12:54:00,2020,2020,2020,2020,0
2022-02-22 12:55:00,2020,2020,2020,2020,0
2022-02-22 12:56:00,2020,2020,2020,2020,0
2022-02-22 12:57:00,2020,2020,2020,2020,0
2022-02-22 12:58:00,2020,2020,2020,2020,0
2022-02-22 12:59:00,2020,2020,2020,2020,0
2022-02-22 13:00:00,2020,2020,2020,2020,0
2022-02-22 13:01:00,2020,2020,2020,2020,0
2022-02-22 13:02:00,2020,2020,2020,2020,0
2022-02-22 13:03:00,2020,2020,2020,2020,0
2022-02-22 13:04:00,2020,2020,2020,2020,0
2022-02-22 13:05:00,2020,2020,2020,2020,0
2022-02-22 13:06:00,2020,2020,2020,2020,0
2022-02-22 13:07:00,2020,2020,2020,2020,0
2022-02-22 13:08:00,2020,2020,2020,2020,0
2022-02-22 13:09:00,2020,2020,2020,2020,0
2022-02-22 13:10:00,2020,2020,2020,2020,0
2022-02-22 13:11:00,2020,2020,2020,2020,0
2022-02-22 13:12:00,2020,2020,2020,2020,0
2022-02-22 13:13:00,2020,2020,2020,2020,0
2022-02-22 13:14:00,2020,2020,2020,2020,0
2022-02-22 13:15:00,2020,2020,2020,2020,0
2022-02-22 13:16:00,2020,2020,2020,2020,0
2022-02-22 13:17:00,2020,2020,2020,2020,0
2022-02-22 13:18:00,2020,2020,2020,2020,0
2022-02-22 13:19:00,2020,2020,2020,2020,0
2022-02-22 13:20:00,2020,2020,2020,2020,0
2022-02-22 13:21:00,2020,2020,2020,2020,0
2022-02-22 13:22:00,2020,2020,2020,2020,0
2022-02-22 13:23:00,2020,2020,2020,2020,0
2022-02-22 13:24:00,2020,2020,2020,2020,0
2022-02-22 13:25:00,2020,2020,2020,2020,0
2022-02-22 13:26:00,2020,2020,2020,2020,0
2022-02-22 13:27:00,2020,2020,2020,2020,0
2022-02-22 13:28:00,2020,2020,2020,2020,0
2022-02-22 13:29:00,2020,2020,2020,2020,0
2022-02-22 13:30:00,2020,2020,2020,2020,0
2022-02-22 13:31:00,2020,2020,2020,2020,0
2022-02-22 13:32:00,2020,2020,2020,2020,0
2022-02-22 13:33:00,2020,2020,2020,2020,0
2022-02-22 13:34:00,2020,2020,2020,2020,0
2022-02-22 13:35:00,2020,2020,2020,2020,0
2022-02-22 13:36:00,2020,2020,2020,2020,0
2022-02-22 13:37:00,2020,2020,2020,2020,0
2022-02-22 13:38:00,2020,2020,2020,2020,0
2022-02-22 13:39:00,2020,2020,2020,2020,0
2022-02-22 13:40:00,2020,2020,2020,2020,0
2022-02-22 13:41:00,2020,2020,2020,2020,0
2022-02-22 13:42:00,2020,2020,2020,2020,0
2022-02-22 13:43:00,2020,2020,2020,2020,0
2022-02-22 13:44:00,2020,2020,2020,2020,0
2022-02-22 13:45:00,2020,2020,2020,2020,0
2022-02-22 13:46:00,2020,2020,2020,2020,0
2022-02-22 13:47:00,2020,2020,2020,2020,0
2022-02-22 13:48:00,2020,2020,2020,2020,0
2022-02-22 13:49:00,2020,2020,2020,2020,0
2022-02-22 13:50:00,2020,2020,2020,2020,0
2022-02-22 13:51:00,2020,2020,2020,2020,0
2022-02-22 13:52:00,2020,2020,2020,2020,0
2022-02-22 13:53:00,2020,2020,2020,2020,0
2022-02-22 13:54:00,2020,2020,2020,2020,0
2022-02-22 13:55:00,2020,2020,2020,2020,0
2022-02-22 13:56:00,2020,2020,2020,2020,0
2022-02-22 13:57:00,2020,2020,2020,2020,0
2022-02-22 13:58:00,2020,2020,2020,2020,0
2022-02-22 13:59:00,2020,2020,2020,2020,0
2022-02-22 14:00:00,2020,2020,2020,2020,0
2022-02-22 14:01:00,2020,2020,2020,2020,0
2022-02-22 14:02:00,2020,2020,2020,2020,0
2022-02-22 14:03:00,2020,2020,2020,2020,0
2022-02-22 14:04:00,2020,2020,2020,2020,0
2022-02-22 14:05:00,2020,2020,2020,2020,0
2022-02-22 14:06:00,2020,2020,2020,2020,0
2022-02-22 14:07:00,2020,2020,2020,2020,0
2022-02-22 14:08:00,2020,2020,2020,2020,0
2022-02-22 14:09:00,2020,2020,2020,2020,0
2022-02-22 14:10:00,2020,2020,2020,2020,0
2022-02-22 14:11:00,2020,2020,2020,2020,0
2022-02-22 14:12:00,2020,2020,2020,2020,0
2022-02-22 14:13:00,2020,2020,2020,2020,0
2022-02-22 14:14:00,2020,2020,2020,2020,0
2022-02-22 14:15:00,2020,2020,2020,2020,0
2022-02-22 14:16:00,2020,2020,2020,2020,0
2022-02-22 14:17:00,2020,2020,2020,2020,0
2022-02-22 14:18:00,2020,2020,2020,2020,0
2022-02-22 14:19:00,2020,2020,2020,2020,0
2022-02-22 14:20:00,2020,2020,2020,2020,0
2022-02-22 14:21:00,2020,2020,2020,2020,0
2022-02-22 14:22:00,2020,2020,2020,2020,0
2022-02-22 14:23:00,2020,2020,2020,2020,0
2022-02-22 14:24:00,2020,2020,2020,2020,0
2022-02-22 14:25:00,2020,2020,2020,2020,0
2022-02-22 14:26:00,2020,2020,2020,2020,0
2022-02-22 14:27:00,2020,2020,2020,2020,0
2022-02-22 14:28:00,2020,2020,2020,2020,0
2022-02-22 14:29:00,2020,2020,2020,2020,0
2022-02-22 14:30:00,2020,2020,2020,2020,0
2022-02-22 14:31:00,2020,2020,2020,2020,0
2022-02-22 14:32:00,2020,2020,2020,2020,0
2022-02-22 14:33:00,2020,2020,2020,2020,0
2022-02-22 14:34:00,2020,2020,2020,2020,0
2022-02-22 14:35:00,2020,2020,2020,2020,0
2022-02-22 14:36:00,2020,2020,2020,2020,0
2022-02-22 14:37:00,2020,2020,2020,2020,0
2022-02-22 14:38:00,2020,2020,2020,2020,0
2022-02-22 14:39:00,2020,2020,2020,2020,0
2022-02-22 14:40:00,2020,2020,2020,2020,0
2022-02-22 14:41:00,2020,2020,2020,2020,0
2022-02-22 14:42:00,2020,2020,2020,2020,0
2022-02-22 14:43:00,2020,2020,2020,2020,0
2022-02-22 14:44:00,2020,2020,2020,2020,0
2022-02-22 14:45:00,2020,2020,2020,2020,0
2022-02-22 14:46:00,2020,2020,2020,2020,0
2022-02-22 14:47:00,2020,2020,2020,2020,0
2022-02-22 14:48:00,2020,2020,2020,2020,0
2022-02-22 14:49:00,2020,2020,2020,2020,0
2022-02-22 14:50:00,2020,2020,2020,2020,0
2022-02-22 14:51:00,2020,2020,2020,2020,0
2022-02-22 14:52:00,2020,2020,2020,2020,0
2022-02-22 14:53:00,2020,2020,2020,2020,0
2022-02-22 14:54:00,2020,2020,2020,2020,0
2022-02-22 14:55:00,2020,2020,2020,2020,0
2022-02-22 14:56:00,2020,2020,2020,2020,0
2022-02-22 14:57:00,2020,2020,2020,2020,0
2022-02-22 14:58:00,2020,2020,2020,2020,0
2022-02-22 14:59:00,2020,2020,2020,2020,0
2022-02-22 15:00:00,2020,2020,2020,2020,0
2022-02-22 15:01:00,2020,2020,2020,2020,0
2022-02-22 15:02:00,2020,2020,2020,2020,0
2022-02-22 15:03:00,2020,2020,2020,2020,0
2022-02-22 15:04:00,2020,2020,2020,2020,0
2022-02-22 15:05:00,2020,2020,2020,2020,0
2022-02-22 15:06:00,2020,2020,2020,2020,0
2022-02-22 15:07:00,2020,2020,2020,2020,0
2022-02-22 15:08:00,2020,2020,2020,2020,0
2022-02-22 15:09:00,2020,2020,2020,2020,0
2022-02-22 15:10:00,2020,2020,2020,2020,0
2022-02-22 15:11:00,2020,2020,2020,2020,0
2022-02-22 15:12:00,2020,2020,2020,2020,0
2022-02-22 15:13:00,2020,2020,2020,2020,0
2022-02-22 15:14:00,2020,2020,2020,2020,0
2022-02-22 15:15:00,2020,2020,2020,2020,0
2022-02-22 15:16:00,2020,2020,2020,2020,0
2022-02-22 15:17:00,2020,2020,2020,2020,0
2022-02-22 15:18:00,2020,2020,2020,2020,0
2022-02-22 15:19:00,2020,2020,2020,2020,0
2022-02-22 15:20:00,2020,2020,2020,2020,0
2022-02-22 15:21:00,2020,2020,2020,2020,0
2022-02-22 15:22:00,2020,2020,2020,2020,0
2022-02-22 15:23:00,2020,2020,2020,2020,0
2022-02-22 15:24:00,2020,2020,2020,2020,0
2022-02-22 15:25:00,2020,2020,2020,2020,0
2022-02-22 15:26:00,2020,2020,2020,2020,0
2022-02-22 15:27:00,2020,2020,2020,2020,0
2022-02-22 15:28:00,2020,2020,2020,2020,0
2022-02-22 15:29:00,2020,2020,2020,2020,0
2022-02-22 15:30:00,2020,2020,2020,2020,0
2022-02-22 15:31:00,2020,2020,2020,2020,0
2022-02-22 15:32:00,2020,2020,2020,2020,0
2022-02-22 15:33:00,2020,2020,2020,2020,0
2022-02-22 15:34:00,2020,2020,2020,2020,0
2022-02-22 15:35:00,2020,2020,2020,2020,0
2022-02-22 15:36:00,2020,2020,2020,2020,0
2022-02-22 15:37:00,2020,2020,2020,2020,0
2022-02-22 15:38:00,2020,2020,2020,2020,0
2022-02-22 15:39:00,2020,2020,2020,2020,0
2022-02-22 15:40:00,2020,2020,2020,2020,0
2022-02-22 15:41:00,2020,2020,2020,2020,0
2022-02-22 15:42:00,2020,2020,2020,2020,0
2022-02-22 15:43:00,2020,2020,2020,2020,0
2022-02-22 15:44:00,2020,2020,2020,2020,0
2022-02-22 15:45:00,2020,2020,2020,2020,0
2022-02-22 15:46:00,2020,2020,2020,2020,0
2022-02-22 15:47:00,2020,2020,2020,2020,0
2022-02-22 15:48:00,2020,2020,2020,2020,0
2022-02-22 15:49:00,2020,2020,2020,2020,0
2022-02-22 15:50:00,2020,2020,2020,2020,0
2022-02-22 15:51:00,2020,2020,2020,2020,0
2022-02-22 15:52:00,2020,2020,2020,2020,0
2022-02-22 15:53:00,2020,2020,2020,2020,0
2022-02-22 15:54:00,2020,2020,2020,2020,0
2022-02-22 15:55:00,2020,2020,2020,2020,0
2022-02-22 15:56:00,2020,2020,2020,2020,0
2022-02-22 15:57:00,2020,2020,2020,2020,0
2022-02-22 15:58:00,2020,2020,2020,2020,0
2022-02-22 15:59:00,2020,2020,2020,2020,0
2022-02-23 09:00:00,2020,2020,2020,2020,0
2022-02-23 09:01:00,2020,2020,2020,2020,0
2022-02-23 09:02:00,2020,2020,2020,2020,0
2022-02-23 09:03:00,2020,2020,2020,2020,0
2022-02-23 09:04:00,2020,2020,2020,2020,0
2022-02-23 09:05:00,2020,2020,2020,2020,0
2022-02-23 09:06:00,2020,2020,2020,2020,0
2022-02-23 09:07:00,2020,2020,2020,2020,0
2022-02-23 09:08:00,2020,2020,2020,2020,0
2022-02-23 09:09:00,2020,2020,2020,2020,0
2022-02-23 09:10:00,2020,2020,2020,2020,0
2022-02-23 09:11:00,2020,2020,2020,2020,0
2022-02-23 09:12:00,2020,2020,2020,2020,0
2022-02-23 09:13:00,2020,2020,2020,2020,0
2022-02-23 09:14:00,2020,2020,2020,2020,0
2022-02-23 09:15:00,2020,2020,2020,2020,0
2022-02-23 09:16:00,2020,2020,2020,2020,0
2022-02-23 09:17:00,2020,2020,2020,2020,0
2022-02-23 09:18:00,2020,2020,2020,2020,0
2022-02-23 09:19:00,2020,2020,2020,2020,0
2022-02-23 09:20:00,2020,2020,2020,2020,0
2022-02-23 09:21:00,2020,2020,2020,2020,0
2022-02-23 09:22:00,2020,2020,2020,2020,0
2022-02-23 09:23:00,2020,2020,2020,2020,0
2022-02-23 09:24:00,2020,2020,2020,2020,0
2022-02-23 09:25:00,2020,2020,2020,2020,0
2022-02-23 09:26:00,2020,2020,2020,2020,0
2022-02-23 09:27:00,2020,2020,2020,2020,0
2022-02-23 09:28:00,2020,2020,2020,2020,0
2022-02-23 09:29:00,2020,2020,2020,2020,0
2022-02-23 09:30:00,2020,2020,2020,2020,0
2022-02-23 09:31:00,2020,2020,2020,2020,0
2022-02-23 09:32:00,2020,2020,2020,2020,0
2022-02-23 09:33:00,2020,2020,2020,2020,0
2022-02-23 09:34:00,2020,2020,2020,2020,0
2022-02-23 09:35:00,2020,2020,2020,2020,0
2022-02-23 09:36:00,2020,2020,2020,2020,0
2022-02-23 09:37:00,2020,2020,2020,2020,0
2022-02-23 09:38:00,2020,2020,2020,2020,0
2022-02-23 09:39:00,2020,2020,2020,2020,0
2022-02-23 09:40:00,2020,2020,2020,2020,0
2022-02-23 09:41:00,2020,2020,2020,2020,0
2022-02-23 09:42:00,2020,2020,2020,2020,0
2022-02-23 09:43:00,2020,2020,2020,2020,0
2022-02-23 09:44:00,2020,2020,2020,2020,0
2022-02-23 09:45:00,2020,2020,2020,2020,0
2022-02-23 09:46:00,2020,2020,2020,2020,0
2022-02-23 09:47:00,2020,2020,2020,2020,0
2022-02-23 09:48:00,2020,2020,2020,2020,0
2022-02-23 09:49:00,2020,2020,2020,2020,0
2022-02-23 09:50:00,2020,2020,2020,2020,0
2022-02-23 09:51:00,2020,2020,2020,2020,0
2022-02-23 09:52:00,2020,2020,2020,2020,0
2022-02-23 09:53:00,2020,2020,2020,2020,0
2022-02-23 09:54:00,2020,2020,2020,2020,0
2022-02-23 09:55:00,2020,2020,2020,2020,0
2022-02-23 09:56:00,2020,2020,2020,2020,0
2022-02-23 09:57:00,2020,2020,2020,2020,0
2022-02-23 09:58:00,2020,2020,2020,2020,0
2022-02-23 09:59:00,2020,2020,2020,2020,0
2022-02-23 10:00:00,2020,2020,2020,2020,0
2022-02-23 10:01:00,2020,2020,2020,2020,0
2022-02-23 10:02:00,2020,2020,2020,2020,0
2022-02-23 10:03:00,2020,2020,2020,2020,0
2022-02-23 10:04:00,2020,2020,2020,2020,0
2022-02-23 10:05:00,2020,2020,2020,2020,0
2022-02-23 10:06:00,2020,2020,2020,2020,0
2022-02-23 10:07:00,2020,2020,2020,2020,0
2022-02-23 10:08:00,2020,2020,2020,2020,0
2022-02-23 10:09:00,2020,2020,2020,2020,0
2022-02-23 10:10:00,2020,2020,2020,2020,0
2022-02-23 10:11:00,2020,2020,2020,2020,0
2022-02-23 10:12:00,2020,2020,2020,2020,0
2022-02-23 10:13:00,2020,2020,2020,2020,0
2022-02-23 10:14:00,2020,2020,2020,2020,0
2022-02-23 10:15:00,2020,2020,2020,2020,0
2022-02-23 10:16:00,2020,2020,2020,2020,0
2022-02-23 10:17:00,2020,2020,2020,2020,0
2022-02-23 10:18:00,2020,2020,2020,2020,0
2022-02-23 10:19:00,2020,2020,2020,2020,0
2022-02-23 10:20:00,2020,2020,2020,2020,0
2022-02-23 10:21:00,2020,2020,2020,2020,0
2022-02-23 10:22:00,2020,2020,2020,2020,0
2022-02-23 10:23:00,2020,2020,2020,2020,0
2022-02-23 10:24:00,2020,2020,2020,2020,0
2022-02-23 10:25:00,2020,2020,2020,2020,0
2022-02-23 10:26:00,2020,2020,2020,2020,0
2022-02-23 10:27:00,2020,2020,2020,2020,0
2022-02-23 10:28:00,2020,2020,2020,2020,0
2022-02-23 10:29:00,2020,2020,2020,2020,0
2022-02-23 10:30:00,2020,2020,2020,2020,0
2022-02-23 10:31:00,2020,2020,2020,2020,0
2022-02-23 10:32:00,2020,2020,2020,2020,0
2022-02-23 10:33:00,2020,2020,2020,2020,0
2022-02-23 10:34:00,2020,2020,2020,2020,0
2022-02-23 10:35:00,2020,2020,2020,2020,0
2022-02-23 10:36:00,2020,2020,2020,2020,0
2022-02-23 10:37:00,2020,2020,2020,2020,0
2022-02-23 10:38:00,2020,2020,2020,2020,0
2022-02-23 10:39:00,2020,2020,2020,2020,0
2022-02-23 10:40:00,2020,2020,2020,2020,0
2022-02-23 10:41:00,2020,2020,2020,2020,0
2022-02-23 10:42:00,2020,2020,2020,2020,0
2022-02-23 10:43:00,2020,2020,2020,2020,0
2022-02-23 10:44:00,2020,2020,2020,2020,0
2022-02-23 10:45:00,2020,2020,2020,2020,0
2022-02-23 10:46:00,2020,2020,2020,2020,0
2022-02-23 10:47:00,2020,2020,2020,2020,0
2022-02-23 10:48:00,2020,2020,2020,2020,0
2022-02-23 10:49:00,2020,2020,2020,2020,0
2022-02-23 10:50:00,2020,2020,2020,2020,0
2022-02-23 10:51:00,2020,2020,2020,2020,0
2022-02-23 10:52:00,2020,2020,2020,2020,0
2022-02-23 10:53:00,2020,2020,2020,2020,0
2022-02-23 10:54:00,2020,2020,2020,2020,0
2022-02-23 10:55:00,2020,2020,2020,2020,0
2022-02-23 10:56:00,2020,2020,2020,2020,0
2022-02-23 10:57:00,2020,2020,2020,2020,0
2022-02-23 10:58:00,2020,2020,2020,2020,0
2022-02-23 10:59:00,2020,2020,2020,2020,0
2022-02-23 11:00:00,2020,2020,2020,2020,0
2022-02-23 11:01:00,2020,2020,2020,2020,0
2022-02-23 11:02:00,2020,2020,2020,2020,0
2022-02-23 11:03:00,2020,2020,2020,2020,0
2022-02-23 11:04:00,2020,2020,2020,2020,0
2022-02-23 11:05:00,2020,2020,2020,2020,0
2022-02-23 11:06:00,2020,2020,2020,2020,0
2022-02-23 11:07:00,2020,2020,2020,2020,0
2022-02-23 11:08:00,2020,2020,2020,2020,0
2022-02-23 11:09:00,2020,2020,2020,2020,0
2022-02-23 11:10:00,2020,2020,2020,2020,0
2022-02-23 11:11:00,2020,2020,2020,2020,0
2022-02-23 11:12:00,2020,2020,2020,2020,0
2022-02-23 11:13:00,2020,2020,2020,2020,0
2022-02-23 11:14:00,2020,2020,2020,2020,0
2022-02-23 11:15:00,2020,2020,2020,2020,0
2022-02-23 11:16:00,2020,2020,2020,2020,0
2022-02-23 11:17:00,2020,2020,2020,2020,0
2022-02-23 11:18:00,2020,2020,2020,2020,0
2022-02-23 11:19:00,2020,2020,2020,2020,0
2022-02-23 11:20:00,2020,2020,2020,2020,0
2022-02-23 11:21:00,2020,2020,2020,2020,0
2022-02-23 11:22:00,2020,2020,2020,2020,0
2022-02-23 11:23:00,2020,2020,2020,2020,0
2022-02-23 11:24:00,2020,2020,2020,2020,0
2022-02-23 11:25:00,2020,2020,2020,2020,0
2022-02-23 11:26:00,2020,2020,2020,2020,0
2022-02-23 11:27:00,2020,2020,2020,2020,0
2022-02-23 11:28:00,2020,2020,2020,2020,0
2022-02-23 11:29:00,2020,2020,2020,2020,0
2022-02-23 11:30:00,2020,2020,2020,2020,0
2022-02-23 11:31:00,2020,2020,2020,2020,0
2022-02-23 11:32:00,2020,2020,2020,2020,0
2022-02-23 11:33:00,2020,2020,2020,2020,0
2022-02-23 11:34:00,2020,2020,2020,2020,0
2022-02-23 11:35:00,2020,2020,2020,2020,0
2022-02-23 11:36:00,2020,2020,2020,2020,0
2022-02-23 11:37:00,2020,2020,2020,2020,0
2022-02-23 11:38:00,2020,2020,2020,2020,0
2022-02-23 11:39:00,2020,2020,2020,2020,0
2022-02-23 11:40:00,2020,2020,2020,2020,0
2022-02-23 11:41:00,2020,2020,2020,2020,0
2022-02-23 11:42:00,2020,2020,2020,2020,0
2022-02-23 11:43:00,2020,2020,2020,2020,0
2022-02-23 11:44:00,2020,2020,2020,2020,0
2022-02-23 11:45:00,2020,2020,2020,2020,0
2022-02-23 11:46:00,2020,2020,2020,2020,0
2022-02-23 11:47:00,2020,2020,2020,2020,0
2022-02-23 11:48:00,2020,2020,2020,2020,0
2022-02-23 11:49:00,2020,2020,2020,2020,0
2022-02-23 11:50:00,2020,2020,2020,2020,0
2022-02-23 11:51:00,2020,2020,2020,2020,0
2022-02-23 11:52:00,2020,2020,2020,2020,0
2022-02-23 11:53:00,2020,2020,2020,2020,0
2022-02-23 11:54:00,2020,2020,2020,2020,0
2022-02-23 11:55:00,2020,2020,2020,2020,0
2022-02-23 11:56:00,2020,2020,2020,2020,0
2022-02-23 11:57:00,2020,2020,2020,2020,0
2022-02-23 11:58:00,2020,2020,2020,2020,0
2022-02-23 11:59:00,2020,2020,2020,2020,0
2022-02-23 12:00:00,2020,2020,2020,2020,0
2022-02-23 12:01:00,2020,2020,2020,2020,0
2022-02-23 12:02:00,2020,2020,2020,2020,0
2022-02-23 12:03:00,2020,2020,2020,2020,0
2022-02-23 12:04:00,2020,2020,2020,2020,0
2022-02-23 12:05:00,2020,2020,2020,2020,0
2022-02-23 12:06:00,2020,2020,2020,2020,0
2022-02-23 12:07:00,2020,2020,2020,2020,0
2022-02-23 12:08:00,2020,2020,2020,2020,0
2022-02-23 12:09:00,2020,2020,2020,2020,0
2022-02-23 12:10:00,2020,2020,2020,2020,0
2022-02-23 12:11:00,2020,2020,2020,2020,0
2022-02-23 12:12:00,2020,2020,2020,2020,0
2022-02-23 12:13:00,2020,2020,2020,2020,0
2022-02-23 12:14:00,2020,2020,2020,2020,0
2022-02-23 12:15:00,2020,2020,2020,2020,0
2022-02-23 12:16:00,2020,2020,2020,2020,0
2022-02-23 12:17:00,2020,2020,2020,2020,0
2022-02-23 12:18:00,2020,2020,2020,2020,0
2022-02-23 12:19:00,2020,2020,2020,2020,0
2022-02-23 12:20:00,2020,2020,2020,2020,0
2022-02-23 12:21:00,2020,2020,2020,2020,0
2022-02-23 12:22:00,2020,2020,2020,2020,0
2022-02-23 12:23:00,2020,2020,2020,2020,0
2022-02-23 12:24:00,2020,2020,2020,2020,0
2022-02-23 12:25:00,2020,2020,2020,2020,0
2022-02-23 12:26:00,2020,2020,2020,2020,0
2022-02-23 12:27:00,2020,2020,2020,2020,0
2022-02-23 12:28:00,2020,2020,2020,2020,0
2022-02-23 12:29:00,2020,2020,2020,2020,0
2022-02-23 12:30:00,2020,2020,2020,2020,0
2022-02-23 12:31:00,2020,2020,2020,2020,0
2022-02-23 12:32:00,2020,2020,2020,2020,0
2022-02-23 12:33:00,2020,2020,2020,2020,0
2022-02-23 12:34:00,2020,2020,2020,2020,0
2022-02-23 12:35:00,2020,2020,2020,2020,0
2022-02-23 12:36:00,2020,2020,2020,2020,0
2022-02-23 12:37:00,2020,2020,2020,2020,0
2022-02-23 12:38:00,2020,2020,2020,2020,0
2022-02-23 12:39:00,2020,2020,2020,2020,0
2022-02-23 12:40:00,2020,2020,2020,2020,0
2022-02-23 12:41:00,2020,2020,2020,2020,0
2022-02-23 12:42:00,2020,2020,2020,2020,0
2022-02-23 12:43:00,2020,2020,2020,2020,0
2022-02-23 12:44:00,2020,2020,2020,2020,0
2022-02-23 12:45:00,2020,2020,2020,2020,0
2022-02-23 12:46:00,2020,2020,2020,2020,0
2022-02-23 12:47:00,2020,2020,2020,2020,0
2022-02-23 12:48:00,2020,2020,2020,2020,0
2022-02-23 12:49:00,2020,2020,2020,2020,0
2022-02-23 12:50:00,2020,2020,2020,2020,0
2022-02-23 12:51:00,2020,2020,2020,2020,0
2022-02-23 12:52:00,2020,2020,2020,2020,0
2022-02-23 12:53:00,2020,2020,2020,2020,0
2022-02-23 12:54:00,2020,2020,2020,2020,0
2022-02-23 12:55:00,2020,2020,2020,2020,0
2022-02-23 12:56:00,2020,2020,2020,2020,0
2022-02-23 12:57:00,2020,2020,2020,2020,0
2022-02-23 12:58:00,2020,2020,2020,2020,0
2022-02-23 12:59:00,2020,2020,2020,2020,0
2022-02-23 13:00:00,2020,2020,2020,2020,0
2022-02-23 13:01:00,2020,2020,2020,2020,0
2022-02-23 13:02:00,2020,2020,2020,2020,0
2022-02-23 13:03:00,2020,2020,2020,2020,0
2022-02-23 13:04:00,2020,2020,2020,2020,0
2022-02-23 13:05:00,2020,2020,2020,2020,0
2022-02-23 13:06:00,2020,2020,2020,2020,0
2022-02-23 13:07:00,2020,2020,2020,2020,0
2022-02-23 13:08:00,2020,2020,2020,2020,0
2022-02-23 13:09:00,2020,2020,2020,2020,0
2022-02-23 13:10:00,2020,2020,2020,2020,0
2022-02-23 13:11:00,2020,2020,2020,2020,0
2022-02-23 13:12:00,2020,2020,2020,2020,0
2022-02-23 13:13:00,2020,2020,2020,2020,0
2022-02-23 13:14:00,2020,2020,2020,2020,0
2022-02-23 13:15:00,2020,2020,2020,2020,0
2022-02-23 13:16:00,2020,2020,2020,2020,0
2022-02-23 13:17:00,2020,2020,2020,2020,0
2022-02-23 13:18:00,2020,2020,2020,2020,0
2022-02-23 13:19:00,2020,2020,2020,2020,0
2022-02-23 13:20:00,2020,2020,2020,2020,0
2022-02-23 13:21:00,2020,2020,2020,2020,0
2022-02-23 13:22:00,2020,2020,2020,2020,0
2022-02-23 13:23:00,2020,2020,2020,2020,0
2022-02-23 13:24:00,2020,2020,2020,2020,0
2022-02-23 13:25:00,2020,2020,2020,2020,0
2022-02-23 13:26:00,2020,2020,2020,2020,0
2022-02-23 13:27:00,2020,2020,2020,2020,0
2022-02-23 13:28:00,2020,2020,2020,2020,0
2022-02-23 13:29:00,2020,2020,2020,2020,0
2022-02-23 13:30:00,2020,2020,2020,2020,0
2022-02-23 13:31:00,2020,2020,2020,2020,0
2022-02-23 13:32:00,2020,2020,2020,2020,0
2022-02-23 13:33:00,2020,2020,2020,2020,0
2022-02-23 13:34:00,2020,2020,2020,2020,0
2022-02-23 13:35:00,2020,2020,2020,2020,0
2022-02-23 13:36:00,2020,2020,2020,2020,0
2022-02-23 13:37:00,2020,2020,2020,2020,0
2022-02-23 13:38:00,2020,2020,2020,2020,0
2022-02-23 13:39:00,2020,2020,2020,2020,0
2022-02-23 13:40:00,2020,2020,2020,2020,0
2022-02-23 13:41:00,2020,2020,2020,2020,0
2022-02-23 13:42:00,2020,2020,2020,2020,0
2022-02-23 13:43:00,2020,2020,2020,2020,0
2022-02-23 13:44:00,2020,2020,2020,2020,0
2022-02-23 13:45:00,2020,2020,2020,2020,0
2022-02-23 13:46:00,2020,2020,2020,2020,0
2022-02-23 13:47:00,2020,2020,2020,2020,0
2022-02-23 13:48:00,2020,2020,2020,2020,0
2022-02-23 13:49:00,2020,2020,2020,2020,0
2022-02-23 13:50:00,2020,2020,2020,2020,0
2022-02-23 13:51:00,2020,2020,2020,2020,0
2022-02-23 13:52:00,2020,2020,2020,2020,0
2022-02-23 13:53:00,2020,2020,2020,2020,0
2022-02-23 13:54:00,2020,2020,2020,2020,0
2022-02-23 13:55:00,2020,2020,2020,2020,0
2022-02-23 13:56:00,2020,2020,2020,2020,0
2022-02-23 13:57:00,2020,2020,2020,2020,0
2022-02-23 13:58:00,2020,2020,2020,2020,0
2022-02-23 13:59:00,2020,2020,2020,2020,0
2022-02-23 14:00:00,2020,2020,2020,2020,0
2022-02-23 14:01:00,2020,2020,2020,2020,0
2022-02-23 14:02:00,2020,2020,2020,2020,0
2022-02-23 14:03:00,2020,2020,2020,2020,0
2022-02-23 14:04:00,2020,2020,2020,2020,0
2022-02-23 14:05:00,2020,2020,2020,2020,0
2022-02-23 14:06:00,2020,2020,2020,2020,0
2022-02-23 14:07:00,2020,2020,2020,2020,0
2022-02-23 14:08:00,2020,2020,2020,2020,0
2022-02-23 14:09:00,2020,2020,2020,2020,0
2022-02-23 14:10:00,2020,2020,2020,2020,0
2022-02-23 14:11:00,2020,2020,2020,2020,0
2022-02-23 14:12:00,2020,2020,2020,2020,0
2022-02-23 14:13:00,2020,2020,2020,2020,0
2022-02-23 14:14:00,2020,2020,2020,2020,0
2022-02-23 14:15:00,2020,2020,2020,2020,0
2022-02-23 14:16:00,2020,2020,2020,2020,0
2022-02-23 14:17:00,2020,2020,2020,2020,0
2022-02-23 14:18:00,2020,2020,2020,2020,0
2022-02-23 14:19:00,2020,2020,2020,2020,0
2022-02-23 14:20:00,2020,2020,2020,2020,0
2022-02-23 14:21:00,2020,2020,2020,2020,0
2022-02-23 14:22:00,2020,2020,2020,2020,0
2022-02-23 14:23:00,2020,2020,2020,2020,0
2022-02-23 14:24:00,2020,2020,2020,2020,0
2022-02-23 14:25:00,2020,2020,2020,2020,0
2022-02-23 14:26:00,2020,2020,2020,2020,0
2022-02-23 14:27:00,2020,2020,2020,2020,0
2022-02-23 14:28:00,2020,2020,2020,2020,0
2022-02-23 14:29:00,2020,2020,2020,2020,0
2022-02-23 14:30:00,2020,2020,2020,2020,0
2022-02-23 14:31:00,2020,2020,2020,2020,0
2022-02-23 14:32:00,2020,2020,2020,2020,0
2022-02-23 14:33:00,2020,2020,2020,2020,0
2022-02-23 14:34:00,2020,2020,2020,2020,0
2022-02-23 14:35:00,2020,2020,2020,2020,0
2022-02-23 14:36:00,2020,2020,2020,2020,0
2022-02-23 14:37:00,2020,2020,2020,2020,0
2022-02-23 14:38:00,2020,2020,2020,2020,0
2022-02-23 14:39:00,2020,2020,2020,2020,0
2022-02-23 14:40:00,2020,2020,2020,2020,0
2022-02-23 14:41:00,2020,2020,2020,2020,0
2022-02-23 14:42:00,2020,2020,2020,2020,0
2022-02-23 14:43:00,2020,2020,2020,2020,0
2022-02-23 14:44:00,2020,2020,2020,2020,0
2022-02-23 14:45:00,2020,2020,2020,2020,0
2022-02-23 14:46:00,2020,2020,2020,2020,0
2022-02-23 14:47:00,2020,2020,2020,2020,0
2022-02-23 14:48:00,2020,2020,2020,2020,0
2022-02-23 14:49:00,2020,2020,2020,2020,0
2022-02-23 14:50:00,2020,2020,2020,2020,0
2022-02-23 14:51:00,2020,2020,2020,2020,0
2022-02-23 14:52:00,2020,2020,2020,2020,0
2022-02-23 14:53:00,2020,2020,2020,2020,0
2022-02-23 14:54:00,2020,2020,2020,2020,0
2022-02-23 14:55:00,2020,2020,2020,2020,0
2022-02-23 14:56:00,2020,2020,2020,2020,0
2022-02-23 14:57:00,2020,2020,2020,2020,0
2022-02-23 14:58:00,2020,2020,2020,2020,0
2022-02-23 14:59:00,2020,2020,2020,2020,0
2022-02-23 15:00:00,2020,2020,2020,2020,0
2022-02-23 15:01:00,2020,2020,2020,2020,0
2022-02-23 15:02:00,2020,2020,2020,2020,0
2022-02-23 15:03:00,2020,2020,2020,2020,0
2022-02-23 15:04:00,2020,2020,2020,2020,0
2022-02-23 15:05:00,2020,2020,2020,2020,0
2022-02-23 15:06:00,2020,2020,2020,2020,0
2022-02-23 15:07:00,2020,2020,2020,2020,0
2022-02-23 15:08:00,2020,2020,2020,2020,0
2022-02-23 15:09:00,2020,2020,2020,2020,0
2022-02-23 15:10:00,2020,2020,2020,2020,0
2022-02-23 15:11:00,2020,2020,2020,2020,0
2022-02-23 15:12:00,2020,2020,2020,2020,0
2022-02-23 15:13:00,2020,2020,2020,2020,0
2022-02-23 15:14:00,2020,2020,2020,2020,0
2022-02-23 15:15:00,2020,2020,2020,2020,0
2022-02-23 15:16:00,2020,2020,2020,2020,0
2022-02-23 15:17:00,2020,2020,2020,2020,0
2022-02-23 15:18:00,2020,2020,2020,2020,0
2022-02-23 15:19:00,2020,2020,2020,2020,0
2022-02-23 15:20:00,2020,2020,2020,2020,0
2022-02-23 15:21:00,2020,2020,2020,2020,0
2022-02-23 15:22:00,2020,2020,2020,2020,0
2022-02-23 15:23:00,2020,2020,2020,2020,0
2022-02-23 15:24:00,2020,2020,2020,2020,0
2022-02-23 15:25:00,2020,2020,2020,2020,0
2022-02-23 15:26:00,2020,2020,2020,2020,0
2022-02-23 15:27:00,2020,2020,2020,2020,0
2022-02-23 15:28:00,2020,2020,2020,2020,0
2022-02-23 15:29:00,2020,2020,2020,2020,0
2022-02-23 15:30:00,2020,2020,2020,2020,0
2022-02-23 15:31:00,2020,2020,2020,2020,0
2022-02-23 15:32:00,2020,2020,2020,2020,0
2022-02-23 15:33:00,2020,2020,2020,2020,0
2022-02-23 15:34:00,2020,2020,2020,2020,0
2022-02-23 15:35:00,2020,2020,2020,2020,0
2022-02-23 15:36:00,2020,2020,2020,2020,0
2022-02-23 15:37:00,2020,2020,2020,2020,0
2022-02-23 15:38:00,2020,2020,2020,2020,0
2022-02-23 15:39:00,2020,2020,2020,2020,0
2022-02-23 15:40:00,2020,2020,2020,2020,0
2022-02-23 15:41:00,2020,2020,2020,2020,0
2022-02-23 15:42:00,2020,2020,2020,2020,0
2022-02-23 15:43:00,2020,2020,2020,2020,0
2022-02-23 15:44:00,2020,2020,2020,2020,0
2022-02-23 15:45:00,2020,2020,2020,2020,0
2022-02-23 15:46:00,2020,2020,2020,2020,0
2022-02-23 15:47:00,2020,2020,2020,2020,0
2022-02-23 15:48:00,2020,2020,2020,2020,0
2022-02-23 15:49:00,2020,2020,2020,2020,0
2022-02-23 15:50:00,2020,2020,2020,2020,0
2022-02-23 15:51:00,2020,2020,2020,2020,0
2022-02-23 15:52:00,2020,2020,2020,2020,0
2022-02-23 15:53:00,2020,2020,2020,2020,0
2022-02-23 15:54:00,2020,2020,2020,2020,0
2022-02-23 15:55:00,2020,2020,2020,2020,0
2022-02-23 15:56:00,2020,2020,2020,2020,0
2022-02-23 15:57:00,2020,2020,2020,2020,0
2022-02-23 15:58:00,2020,2020,2020,2020,0
2022-02-23 15:59:00,2020,2020,2020,2020,0
2022-02-24 09:00:00,2020,2020,2020,2020,0
2022-02-24 09:01:00,2020,2020,2020,2020,0
2022-02-24 09:02:00,2020,2020,2020,2020,0
2022-02-24 09:03:00,2020,2020,2020,2020,0
2022-02-24 09:04:00,2020,2020,2020,2020,0
2022-02-24 09:05:00,2020,2020,2020,2020,0
2022-02-24 09:06:00,2020,2020,2020,2020,0
2022-02-24 09:07:00,2020,2020,2020,2020,0
2022-02-24 09:08:00,2020,2020,2020,2020,0
2022-02-24 09:09:00,2020,2020,2020,2020,0
2022-02-24 09:10:00,2020,2020,2020,2020,0
2022-02-24 09:11:00,2020,2020,2020,2020,0
2022-02-24 09:12:00,2020,2020,2020,2020,0
2022-02-24 09:13:00,2020,2020,2020,2020,0
2022-02-24 09:14:00,2020,2020,2020,2020,0
2022-02-24 09:15:00,2020,2020,2020,2020,0
2022-02-24 09:16:00,2020,2020,2020,2020,0
2022-02-24 09:17:00,2020,2020,2020,2020,0
2022-02-24 09:18:00,2020,2020,2020,2020,0
2022-02-24 09:19:00,2020,2020,2020,2020,0
2022-02-24 09:20:00,2020,2020,2020,2020,0
2022-02-24 09:21:00,2020,2020,2020,2020,0
2022-02-24 09:22:00,2020,2020,2020,2020,0
2022-02-24 09:23:00,2020,2020,2020,2020,0
2022-02-24 09:24:00,2020,2020,2020,2020,0
2022-02-24 09:25:00,2020,2020,2020,2020,0
2022-02-24 09:26:00,2020,2020,2020,2020,0
2022-02-24 09:27:00,2020,2020,2020,2020,0
2022-02-24 09:28:00,2020,2020,2020,2020,0
2022-02-24 09:29:00,2020,2020,2020,2020,0
2022-02-24 09:30:00,2020,2020,2020,2020,0
2022-02-24 09:31:00,2020,2020,2020,2020,0
2022-02-24 09:32:00,2020,2020,2020,2020,0
2022-02-24 09:33:00,2020,2020,2020,2020,0
2022-02-24 09:34:00,2020,2020,2020,2020,0
2022-02-24 09:35:00,2020,2020,2020,2020,0
2022-02-24 09:36:00,2020,2020,2020,2020,0
2022-02-24 09:37:00,2020,2020,2020,2020,0
2022-02-24 09:38:00,2020,2020,2020,2020,0
2022-02-24 09:39:00,2020,2020,2020,2020,0
2022-02-24 09:40:00,2020,2020,2020,2020,0
2022-02-24 09:41:00,2020,2020,2020,2020,0
2022-02-24 09:42:00,2020,2020,2020,2020,0
2022-02-24 09:43:00,2020,2020,2020,2020,0
2022-02-24 09:44:00,2020,2020,2020,2020,0
2022-02-24 09:45:00,2020,2020,2020,2020,0
2022-02-24 09:46:00,2020,2020,2020,2020,0
2022-02-24 09:47:00,2020,2020,2020,2020,0
2022-02-24 09:48:00,2020,2020,2020,2020,0
2022-02-24 09:49:00,2020,2020,2020,2020,0
2022-02-24 09:50:00,2020,2020,2020,2020,0
2022-02-24 09:51:00,2020,2020,2020,2020,0
2022-02-24 09:52:00,2020,2020,2020,2020,0
2022-02-24 09:53:00,2020,2020,2020,2020,0
2022-02-24 09:54:00,2020,2020,2020,2020,0
2022-02-24 09:55:00,2020,2020,2020,2020,0
2022-02-24 09:56:00,2020,2020,2020,2020,0
2022-02-24 09:57:00,2020,2020,2020,2020,0
2022-02-24 09:58:00,2020,2020,2020,2020,0
2022-02-24 09:59:00,2020,2020,2020,2020,0
2022-02-24 10:00:00,2020,2020,2020,2020,0
2022-02-24 10:01:00,2020,2020,2020,2020,0
2022-02-24 10:02:00,2020,2020,2020,2020,0
2022-02-24 10:03:00,2020,2020,2020,2020,0
2022-02-24 10:04:00,2020,2020,2020,2020,0
2022-02-24 10:05:00,2020,2020,2020,2020,0
2022-02-24 10:06:00,2020,2020,2020,2020,0
2022-02-24 10:07:00,2020,2020,2020,2020,0
2022-02-24 10:08:00,2020,2020,2020,2020,0
2022-02-24 10:09:00,2020,2020,2020,2020,0
2022-02-24 10:10:00,2020,2020,2020,2020,0
2022-02-24 10:11:00,2020,2020,2020,2020,0
2022-02-24 10:12:00,2020,2020,2020,2020,0
2022-02-24 10:13:00,2020,2020,2020,2020,0
2022-02-24 10:14:00,2020,2020,2020,2020,0
2022-02-24 10:15:00,2020,2020,2020,2020,0
2022-02-24 10:16:00,2020,2020,2020,2020,0
2022-02-24 10:17:00,2020,2020,2020,2020,0
2022-02-24 10:18:00,2020,2020,2020,2020,0
2022-02-24 10:19:00,2020,2020,2020,2020,0
2022-02-24 10:20:00,2020,2020,2020,2020,0
2022-02-24 10:21:00,2020,2020,2020,2020,0
2022-02-24 10:22:00,2020,2020,2020,2020,0
2022-02-24 10:23:00,2020,2020,2020,2020,0
2022-02-24 10:24:00,2020,2020,2020,2020,0
2022-02-24 10:25:00,2020,2020,2020,2020,0
2022-02-24 10:26:00,2020,2020,2020,2020,0
2022-02-24 10:27:00,2020,2020,2020,2020,0
2022-02-24 10:28:00,2020,2020,2020,2020,0
2022-02-24 10:29:00,2020,2020,2020,2020,0
2022-02-24 10:30:00,2020,2020,2020,2020,0
2022-02-24 10:31:00,2020,2020,2020,2020,0
2022-02-24 10:32:00,2020,2020,2020,2020,0
2022-02-24 10:33:00,2020,2020,2020,2020,0
2022-02-24 10:34:00,2020,2020,2020,2020,0
2022-02-24 10:35:00,2020,2020,2020,2020,0
2022-02-24 10:36:00,2020,2020,2020,2020,0
2022-02-24 10:37:00,2020,2020,2020,2020,0
2022-02-24 10:38:00,2020,2020,2020,2020,0
2022-02-24 10:39:00,2020,2020,2020,2020,0
2022-02-24 10:40:00,2020,2020,2020,2020,0
2022-02-24 10:41:00,2020,2020,2020,2020,0
2022-02-24 10:42:00,2020,2020,2020,2020,0
2022-02-24 10:43:00,2020,2020,2020,2020,0
2022-02-24 10:44:00,2020,2020,2020,2020,0
2022-02-24 10:45:00,2020,2020,2020,2020,0
2022-02-24 10:46:00,2020,2020,2020,2020,0
2022-02-24 10:47:00,2020,2020,2020,2020,0
2022-02-24 10:48:00,2020,2020,2020,2020,0
2022-02-24 10:49:00,2020,2020,2020,2020,0
2022-02-24 10:50:00,2020,2020,2020,2020,0
2022-02-24 10:51:00,2020,2020,2020,2020,0
2022-02-24 10:52:00,2020,2020,2020,2020,0
2022-02-24 10:53:00,2020,2020,2020,2020,0
2022-02-24 10:54:00,2020,2020,2020,2020,0
2022-02-24 10:55:00,2020,2020,2020,2020,0
2022-02-24 10:56:00,2020,2020,2020,2020,0
2022-02-24 10:57:00,2020,2020,2020,2020,0
2022-02-24 10:58:00,2020,2020,2020,2020,0
2022-02-24 10:59:00,2020,2020,2020,2020,0
2022-02-24 11:00:00,2020,2020,2020,2020,0
2022-02-24 11:01:00,2020,2020,2020,2020,0
2022-02-24 11:02:00,2020,2020,2020,2020,0
2022-02-24 11:03:00,2020,2020,2020,2020,0
2022-02-24 11:04:00,2020,2020,2020,2020,0
2022-02-24 11:05:00,2020,2020,2020,2020,0
2022-02-24 11:06:00,2020,2020,2020,2020,0
2022-02-24 11:07:00,2020,2020,2020,2020,0
2022-02-24 11:08:00,2020,2020,2020,2020,0
2022-02-24 11:09:00,2020,2020,2020,2020,0
2022-02-24 11:10:00,2020,2020,2020,2020,0
2022-02-24 11:11:00,2020,2020,2020,2020,0
2022-02-24 11:12:00,2020,2020,2020,2020,0
2022-02-24 11:13:00,2020,2020,2020,2020,0
2022-02-24 11:14:00,2020,2020,2020,2020,0
2022-02-24 11:15:00,2020,2020,2020,2020,0
2022-02-24 11:16:00,2020,2020,2020,2020,0
2022-02-24 11:17:00,1905,1905,1905,1905,0
2022-02-24 11:18:00,1905,1905,1905,1905,0
2022-02-24 11:19:00,1905,1905,1905,1905,0
2022-02-24 11:20:00,1905,1905,1905,1905,0
2022-02-24 11:21:00,1905,1905,1905,1905,0
2022-02-24 11:22:00,1905,1905,1905,1905,0
2022-02-24 11:23:00,1905,1905,1905,1905,0
2022-02-24 11:24:00,1905,1905,1905,1905,0
2022-02-24 11:25:00,1905,1905,1905,1905,0
2022-02-24 11:26:00,1905,1905,1905,1905,0
2022-02-24 11:27:00,1905,1905,1905,1905,0
2022-02-24 11:28:00,1905,1905,1905,1905,0
2022-02-24 11:29:00,1905,1905,1905,1905,0
2022-02-24 11:30:00,1905,1905,1905,1905,0
2022-02-24 11:31:00,1905,1905,1905,1905,0
2022-02-24 11:32:00,1905,1905,1905,1905,0
2022-02-24 11:33:00,1905,1905,1905,1905,0
2022-02-24 11:34:00,1905,1905,1905,1905,0
2022-02-24 11:35:00,1905,1905,1905,1905,0
2022-02-24 11:36:00,1905,1905,1905,1905,0
2022-02-24 11:37:00,1905,1905,1905,1905,0
2022-02-24 11:38:00,1905,1905,1905,1905,0
2022-02-24 11:39:00,1905,1905,1905,1905,0
2022-02-24 11:40:00,1905,1905,1905,1905,0
2022-02-24 11:41:00,1905,1905,1905,1905,0
2022-02-24 11:42:00,1905,1905,1905,1905,0
2022-02-24 11:43:00,1905,1905,1905,1905,0
2022-02-24 11:44:00,1905,1905,1905,1905,0
2022-02-24 11:45:00,1905,1905,1905,1905,0
2022-02-24 11:46:00,1905,1905,1905,1905,0
2022-02-24 11:47:00,1905,1905,1905,1905,0
2022-02-24 11:48:00,1905,1905,1905,1905,0
2022-02-24 11:49:00,1905,1905,1905,1905,0
2022-02-24 11:50:00,1905,1905,1905,1905,0
2022-02-24 11:51:00,1905,1905,1905,1905,0
2022-02-24 11:52:00,1905,1905,1905,1905,0
2022-02-24 11:53:00,1905,1905,1905,1905,0
2022-02-24 11:54:00,1905,1905,1905,1905,0
2022-02-24 11:55:00,1905,1905,1905,1905,0
2022-02-24 11:56:00,1905,1905,1905,1905,0
2022-02-24 11:57:00,1905,1905,1905,1905,0
2022-02-24 11:58:00,1905,1905,1905,1905,0
2022-02-24 11:59:00,1905,1905,1905,1905,0
2022-02-24 12:00:00,1905,1905,1905,1905,0
2022-02-24 12:01:00,1905,1905,1905,1905,0
2022-02-24 12:02:00,1905,1905,1905,1905,0
2022-02-24 12:03:00,1905,1905,1905,1905,0
2022-02-24 12:04:00,1905,1905,1905,1905,0
2022-02-24 12:05:00,1905,1905,1905,1905,0
2022-02-24 12:06:00,1905,1905,1905,1905,0
2022-02-24 12:07:00,1905,1905,1905,1905,0
2022-02-24 12:08:00,1905,1905,1905,1905,0
2022-02-24 12:09:00,1905,1905,1905,1905,0
2022-02-24 12:10:00,1905,1905,1905,1905,0
2022-02-24 12:11:00,1905,1905,1905,1905,0
2022-02-24 12:12:00,1905,1905,1905,1905,0
2022-02-24 12:13:00,1905,1905,1905,1905,0
2022-02-24 12:14:00,1905,1905,1905,1905,0
2022-02-24 12:15:00,1905,1905,1905,1905,0
2022-02-24 12:16:00,1905,1905,1905,1905,0
2022-02-24 12:17:00,1905,1905,1905,1905,0
2022-02-24 12:18:00,1905,1905,1905,1905,0
2022-02-24 12:19:00,1905,1905,1905,1905,0
2022-02-24 12:20:00,1905,1905,1905,1905,0
2022-02-24 12:21:00,1905,1905,1905,1905,0
2022-02-24 12:22:00,1905,1905,1905,1905,0
2022-02-24 12:23:00,1905,1905,1905,1905,0
2022-02-24 12:24:00,1905,1905,1905,1905,0
2022-02-24 12:25:00,1905,1905,1905,1905,0
2022-02-24 12:26:00,1905,1905,1905,1905,0
2022-02-24 12:27:00,1905,1905,1905,1905,0
2022-02-24 12:28:00,1905,1905,1905,1905,0
2022-02-24 12:29:00,1905,1905,1905,1905,0
2022-02-24 12:30:00,1905,1905,1905,1905,0
2022-02-24 12:31:00,1905,1905,1905,1905,0
2022-02-24 12:32:00,1905,1905,1905,1905,0
2022-02-24 12:33:00,1905,1905,1905,1905,0
2022-02-24 12:34:00,1905,1905,1905,1905,0
2022-02-24 12:35:00,1905,1905,1905,1905,0
2022-02-24 12:36:00,1905,1905,1905,1905,0
2022-02-24 12:37:00,1905,1905,1905,1905,0
2022-02-24 12:38:00,1905,1905,1905,1905,0
2022-02-24 12:39:00,1905,1905,1905,1905,0
2022-02-24 12:40:00,1905,1905,1905,1905,0
2022-02-24 12:41:00,1905,1905,1905,1905,0
2022-02-24 12:42:00,1905,1905,1905,1905,0
2022-02-24 12:43:00,1905,1905,1905,1905,0
2022-02-24 12:44:00,1905,1905,1905,1905,0
2022-02-24 12:45:00,1905,1905,1905,1905,0
2022-02-24 12:46:00,1905,1905,1905,1905,0
2022-02-24 12:47:00,1905,1905,1905,1905,0
2022-02-24 12:48:00,1905,1905,1905,1905,0
2022-02-24 12:49:00,1905,1905,1905,1905,0
2022-02-24 12:50:00,1905,1905,1905,1905,0
2022-02-24 12:51:00,1905,1905,1905,1905,0
2022-02-24 12:52:00,1905,1905,1905,1905,0
2022-02-24 12:53:00,1905,1905,1905,1905,0
2022-02-24 12:54:00,1905,1905,1905,1905,0
2022-02-24 12:55:00,1905,1905,1905,1905,0
2022-02-24 12:56:00,1905,1905,1905,1905,0
2022-02-24 12:57:00,1905,1905,1905,1905,0
2022-02-24 12:58:00,1905,1905,1905,1905,0
2022-02-24 12:59:00,1905,1905,1905,1905,0
2022-02-24 13:00:00,1905,1905,1905,1905,0
2022-02-24 13:01:00,1905,1905,1905,1905,0
2022-02-24 13:02:00,1905,1905,1905,1905,0
2022-02-24 13:03:00,1905,1905,1905,1905,0
2022-02-24 13:04:00,1905,1905,1905,1905,0
2022-02-24 13:05:00,1905,1905,1905,1905,0
2022-02-24 13:06:00,1905,1905,1905,1905,0
2022-02-24 13:07:00,1905,1905,1905,1905,0
2022-02-24 13:08:00,1905,1905,1905,1905,0
2022-02-24 13:09:00,1905,1905,1905,1905,0
2022-02-24 13:10:00,1905,1905,1905,1905,0
2022-02-24 13:11:00,1905,1905,1905,1905,0
2022-02-24 13:12:00,1905,1905,1905,1905,0
2022-02-24 13:13:00,1905,1905,1905,1905,0
2022-02-24 13:14:00,1905,1905,1905,1905,0
2022-02-24 13:15:00,1905,1905,1905,1905,0
2022-02-24 13:16:00,1905,1905,1905,1905,0
2022-02-24 13:17:00,1905,1905,1905,1905,0
2022-02-24 13:18:00,1905,1905,1905,1905,0
2022-02-24 13:19:00,1905,1905,1905,1905,0
2022-02-24 13:20:00,1905,1905,1905,1905,0
2022-02-24 13:21:00,1905,1905,1905,1905,0
2022-02-24 13:22:00,1905,1905,1905,1905,0
2022-02-24 13:23:00,1905,1905,1905,1905,0
2022-02-24 13:24:00,1905,1905,1905,1905,0
2022-02-24 13:25:00,1905,1905,1905,1905,0
2022-02-24 13:26:00,1905,1905,1905,1905,0
2022-02-24 13:27:00,1905,1905,1905,1905,0
2022-02-24 13:28:00,1905,1905,1905,1905,0
2022-02-24 13:29:00,1905,1905,1905,1905,0
2022-02-24 13:30:00,1905,1905,1905,1905,0
2022-02-24 13:31:00,1905,1905,1905,1905,0
2022-02-24 13:32:00,1905,1905,1905,1905,0
2022-02-24 13:33:00,1905,1905,1905,1905,0
2022-02-24 13:34:00,1905,1905,1905,1905,0
2022-02-24 13:35:00,1905,1905,1905,1905,0
2022-02-24 13:36:00,1905,1905,1905,1905,0
2022-02-24 13:37:00,1905,1905,1905,1905,0
2022-02-24 13:38:00,1905,1905,1905,1905,0
2022-02-24 13:39:00,1905,1905,1905,1905,0
2022-02-24 13:40:00,1905,1905,1905,1905,0
2022-02-24 13:41:00,1905,1905,1905,1905,0
2022-02-24 13:42:00,1905,1905,1905,1905,0
2022-02-24 13:43:00,1905,1905,1905,1905,0
2022-02-24 13:44:00,1905,1905,1905,1905,0
2022-02-24 13:45:00,1905,1905,1905,1905,0
2022-02-24 13:46:00,1905,1905,1905,1905,0
2022-02-24 13:47:00,1905,1905,1905,1905,0
2022-02-24 13:48:00,1905,1905,1905,1905,0
2022-02-24 13:49:00,1905,1905,1905,1905,0
2022-02-24 13:50:00,1905,1905,1905,1905,0
2022-02-24 13:51:00,1905,1905,1905,1905,0
2022-02-24 13:52:00,1905,1905,1905,1905,0
2022-02-24 13:53:00,1905,1905,1905,1905,0
2022-02-24 13:54:00,1905,1905,1905,1905,0
2022-02-24 13:55:00,1905,1905,1905,1905,0
2022-02-24 13:56:00,1905,1905,1905,1905,0
2022-02-24 13:57:00,1905,1905,1905,1905,0
2022-02-24 13:58:00,1905,1905,1905,1905,0
2022-02-24 13:59:00,1905,1905,1905,1905,0
2022-02-24 14:00:00,1905,1905,1905,1905,0
2022-02-24 14:01:00,1905,1905,1905,1905,0
2022-02-24 14:02:00,1905,1905,1905,1905,0
2022-02-24 14:03:00,1905,1905,1905,1905,0
2022-02-24 14:04:00,1905,1905,1905,1905,0
2022-02-24 14:05:00,1905,1905,1905,1905,0
2022-02-24 14:06:00,1905,1905,1905,1905,0
2022-02-24 14:07:00,1905,1905,1905,1905,0
2022-02-24 14:08:00,1905,1905,1905,1905,0
2022-02-24 14:09:00,1905,1905,1905,1905,0
2022-02-24 14:10:00,1905,1905,1905,1905,0
2022-02-24 14:11:00,1905,1905,1905,1905,0
2022-02-24 14:12:00,1905,1905,1905,1905,0
2022-02-24 14:13:00,1905,1905,1905,1905,0
2022-02-24 14:14:00,1905,1905,1905,1905,0
2022-02-24 14:15:00,1905,1905,1905,1905,0
2022-02-24 14:16:00,1905,1905,1905,1905,0
2022-02-24 14:17:00,1905,1905,1905,1905,0
2022-02-24 14:18:00,1905,1905,1905,1905,0
2022-02-24 14:19:00,1905,1905,1905,1905,0
2022-02-24 14:20:00,1905,1905,1905,1905,0
2022-02-24 14:21:00,1905,1905,1905,1905,0
2022-02-24 14:22:00,1905,1905,1905,1905,0
2022-02-24 14:23:00,1905,1905,1905,1905,0
2022-02-24 14:24:00,1905,1905,1905,1905,0
2022-02-24 14:25:00,1905,1905,1905,1905,0
2022-02-24 14:26:00,1905,1905,1905,1905,0
2022-02-24 14:27:00,1905,1905,1905,1905,0
2022-02-24 14:28:00,1905,1905,1905,1905,0
2022-02-24 14:29:00,1905,1905,1905,1905,0
2022-02-24 14:30:00,1905,1905,1905,1905,0
2022-02-24 14:31:00,1905,1905,1905,1905,0
2022-02-24 14:32:00,1905,1905,1905,1905,0
2022-02-24 14:33:00,1905,1905,1905,1905,0
2022-02-24 14:34:00,1905,1905,1905,1905,0
2022-02-24 14:35:00,1905,1905,1905,1905,0
2022-02-24 14:36:00,1905,1905,1905,1905,0
2022-02-24 14:37:00,1905,1905,1905,1905,0
2022-02-24 14:38:00,1905,1905,1905,1905,0
2022-02-24 14:39:00,1905,1905,1905,1905,0
2022-02-24 14:40:00,1905,1905,1905,1905,0
2022-02-24 14:41:00,1905,1905,1905,1905,0
2022-02-24 14:42:00,1905,1905,1905,1905,0
2022-02-24 14:43:00,1905,1905,1905,1905,0
2022-02-24 14:44:00,1905,1905,1905,1905,0
2022-02-24 14:45:00,1905,1905,1905,1905,0
2022-02-24 14:46:00,1905,1905,1905,1905,0
2022-02-24 14:47:00,1905,1905,1905,1905,0
2022-02-24 14:48:00,1905,1905,1905,1905,0
2022-02-24 14:49:00,1905,1905,1905,1905,0
2022-02-24 14:50:00,1905,1905,1905,1905,0
2022-02-24 14:51:00,1905,1905,1905,1905,0
2022-02-24 14:52:00,1905,1905,1905,1905,0
2022-02-24 14:53:00,1905,1905,1905,1905,0
2022-02-24 14:54:00,1905,1905,1905,1905,0
2022-02-24 14:55:00,1905,1905,1905,1905,0
2022-02-24 14:56:00,1905,1905,1905,1905,0
2022-02-24 14:57:00,1905,1905,1905,1905,0
2022-02-24 14:58:00,1905,1905,1905,1905,0
2022-02-24 14:59:00,1905,1905,1905,1905,0
2022-02-24 15:00:00,1905,1905,1905,1905,0
2022-02-24 15:01:00,1905,1905,1905,1905,0
2022-02-24 15:02:00,1905,1905,1905,1905,0
2022-02-24 15:03:00,1905,1905,1905,1905,0
2022-02-24 15:04:00,1905,1905,1905,1905,0
2022-02-24 15:05:00,1905,1905,1905,1905,0
2022-02-24 15:06:00,1905,1905,1905,1905,0
2022-02-24 15:07:00,1905,1905,1905,1905,0
2022-02-24 15:08:00,1905,1905,1905,1905,0
2022-02-24 15:09:00,1905,1905,1905,1905,0
2022-02-24 15:10:00,1905,1905,1905,1905,0
2022-02-24 15:11:00,1905,1905,1905,1905,0
2022-02-24 15:12:00,1905,1905,1905,1905,0
2022-02-24 15:13:00,1905,1905,1905,1905,0
2022-02-24 15:14:00,1905,1905,1905,1905,0
2022-02-24 15:15:00,1905,1905,1905,1905,0
2022-02-24 15:16:00,1905,1905,1905,1905,0
2022-02-24 15:17:00,1905,1905,1905,1905,0
2022-02-24 15:18:00,1905,1905,1905,1905,0
2022-02-24 15:19:00,1905,1905,1905,1905,0
2022-02-24 15:20:00,1905,1905,1905,1905,0
2022-02-24 15:21:00,1905,1905,1905,1905,0
2022-02-24 15:22:00,1905,1905,1905,1905,0
2022-02-24 15:23:00,1905,1905,1905,1905,0
2022-02-24 15:24:00,1905,1905,1905,1905,0
2022-02-24 15:25:00,1905,1905,1905,1905,0
2022-02-24 15:26:00,1905,1905,1905,1905,0
2022-02-24 15:27:00,1905,1905,1905,1905,0
2022-02-24 15:28:00,1905,1905,1905,1905,0
2022-02-24 15:29:00,1905,1905,1905,1905,0
2022-02-24 15:30:00,1905,1905,1905,1905,0
2022-02-24 15:31:00,1905,1905,1905,1905,0
2022-02-24 15:32:00,1905,1905,1905,1905,0
2022-02-24 15:33:00,1905,1905,1905,1905,0
2022-02-24 15:34:00,1905,1905,1905,1905,0
2022-02-24 15:35:00,1905,1905,1905,1905,0
2022-02-24 15:36:00,1905,1905,1905,1905,0
2022-02-24 15:37:00,1905,1905,1905,1905,0
2022-02-24 15:38:00,1905,1905,1905,1905,0
2022-02-24 15:39:00,1905,1905,1905,1905,0
2022-02-24 15:40:00,1905,1905,1905,1905,0
2022-02-24 15:41:00,1905,1905,1905,1905,0
2022-02-24 15:42:00,1905,1905,1905,1905,0
2022-02-24 15:43:00,1905,1905,1905,1905,0
2022-02-24 15:44:00,1905,1905,1905,1905,0
2022-02-24 15:45:00,1905,1905,1905,1905,0
2022-02-24 15:46:00,1905,1905,1905,1905,0
2022-02-24 15:47:00,1905,1905,1905,1905,0
2022-02-24 15:48:00,1905,1905,1905,1905,0
2022-02-24 15:49:00,1905,1905,1905,1905,0
2022-02-24 15:50:00,1905,1905,1905,1905,0
2022-02-24 15:51:00,1905,1905,1905,1905,0
2022-02-24 15:52:00,1905,1905,1905,1905,0
2022-02-24 15:53:00,1905,1905,1905,1905,0
2022-02-24 15:54:00,1905,1905,1905,1905,0
2022-02-24 15:55:00,1905,1905,1905,1905,0
2022-02-24 15:56:00,1905,1905,1905,1905,0
2022-02-24 15:57:00,1905,1905,1905,1905,0
2022-02-24 15:58:00,1905,1905,1905,1905,0
2022-02-24 15:59:00,1905,1905,1905,1905,0
2022-02-25 09:00:00,1905,1905,1905,1905,0
2022-02-25 09:01:00,1905,1905,1905,1905,0
2022-02-25 09:02:00,1905,1905,1905,1905,0
2022-02-25 09:03:00,1905,1905,1905,1905,0
2022-02-25 09:04:00,1905,1905,1905,1905,0
2022-02-25 09:05:00,1905,1905,1905,1905,0
2022-02-25 09:06:00,1905,1905,1905,1905,0
2022-02-25 09:07:00,1905,1905,1905,1905,0
2022-02-25 09:08:00,1905,1905,1905,1905,0
2022-02-25 09:09:00,1905,1905,1905,1905,0
2022-02-25 09:10:00,1905,1905,1905,1905,0
2022-02-25 09:11:00,1905,1905,1905,1905,0
2022-02-25 09:12:00,1905,1905,1905,1905,0
2022-02-25 09:13:00,1905,1905,1905,1905,0
2022-02-25 09:14:00,1905,1905,1905,1905,0
2022-02-25 09:15:00,1905,1905,1905,1905,0
2022-02-25 09:16:00,1905,1905,1905,1905,0
2022-02-25 09:17:00,1905,1905,1905,1905,0
2022-02-25 09:18:00,1905,1905,1905,1905,0
2022-02-25 09:19:00,1905,1905,1905,1905,0
2022-02-25 09:20:00,1905,1905,1905,1905,0
2022-02-25 09:21:00,1905,1905,1905,1905,0
2022-02-25 09:22:00,1905,1905,1905,1905,0
2022-02-25 09:23:00,1905,1905,1905,1905,0
2022-02-25 09:24:00,1905,1905,1905,1905,0
2022-02-25 09:25:00,1905,1905,1905,1905,0
2022-02-25 09:26:00,1905,1905,1905,1905,0
2022-02-25 09:27:00,1905,1905,1905,1905,0
2022-02-25 09:28:00,1905,1905,1905,1905,0
2022-02-25 09:29:00,1905,1905,1905,1905,0
2022-02-25 09:30:00,1905,1905,1905,1905,0
2022-02-25 09:31:00,1905,1905,1905,1905,0
2022-02-25 09:32:00,1905,1905,1905,1905,0
2022-02-25 09:33:00,1905,1905,1905,1905,0
2022-02-25 09:34:00,1905,1905,1905,1905,0
2022-02-25 09:35:00,1905,1905,1905,1905,0
2022-02-25 09:36:00,1905,1905,1905,1905,0
2022-02-25 09:37:00,1905,1905,1905,1905,0
2022-02-25 09:38:00,1905,1905,1905,1905,0
2022-02-25 09:39:00,1905,1905,1905,1905,0
2022-02-25 09:40:00,1905,1905,1905,1905,0
2022-02-25 09:41:00,1905,1905,1905,1905,0
2022-02-25 09:42:00,1905,1905,1905,1905,0
2022-02-25 09:43:00,1905,1905,1905,1905,0
2022-02-25 09:44:00,1905,1905,1905,1905,0
2022-02-25 09:45:00,1905,1905,1905,1905,0
2022-02-25 09:46:00,1905,1905,1905,1905,0
2022-02-25 09:47:00,1905,1905,1905,1905,0
2022-02-25 09:48:00,1905,1905,1905,1905,0
2022-02-25 09:49:00,1905,1905,1905,1905,0
2022-02-25 09:50:00,1905,1905,1905,1905,0
2022-02-25 09:51:00,1905,1905,1905,1905,0
2022-02-25 09:52:00,1905,1905,1905,1905,0
2022-02-25 09:53:00,1905,1905,1905,1905,0
2022-02-25 09:54:00,1905,1905,1905,1905,0
2022-02-25 09:55:00,1905,1905,1905,1905,0
2022-02-25 09:56:00,1905,1905,1905,1905,0
2022-02-25 09:57:00,1905,1905,1905,1905,0
2022-02-25 09:58:00,1905,1905,1905,1905,0
2022-02-25 09:59:00,1905,1905,1905,1905,0
2022-02-25 10:00:00,1905,1905,1905,1905,0
2022-02-25 10:01:00,1905,1905,1905,1905,0
2022-02-25 10:02:00,1905,1905,1905,1905,0
2022-02-25 10:03:00,1905,1905,1905,1905,0
2022-02-25 10:04:00,1905,1905,1905,1905,0
2022-02-25 10:05:00,1905,1905,1905,1905,0
2022-02-25 10:06:00,1905,1905,1905,1905,0
2022-02-25 10:07:00,1905,1905,1905,1905,0
2022-02-25 10:08:00,1905,1905,1905,1905,0
2022-02-25 10:09:00,1905,1905,1905,1905,0
2022-02-25 10:10:00,1905,1905,1905,1905,0
2022-02-25 10:11:00,1905,1905,1905,1905,0
2022-02-25 10:12:00,1905,1905,1905,1905,0
2022-02-25 10:13:00,1905,1905,1905,1905,0
2022-02-25 10:14:00,1905,1905,1905,1905,0
2022-02-25 10:15:00,1905,1905,1905,1905,0
2022-02-25 10:16:00,1905,1905,1905,1905,0
2022-02-25 10:17:00,1905,1905,1905,1905,0
2022-02-25 10:18:00,1905,1905,1905,1905,0
2022-02-25 10:19:00,1905,1905,1905,1905,0
2022-02-25 10:20:00,1905,1905,1905,1905,0
2022-02-25 10:21:00,1905,1905,1905,1905,0
2022-02-25 10:22:00,1905,1905,1905,1905,0
2022-02-25 10:23:00,1905,1905,1905,1905,0
2022-02-25 10:24:00,1905,1905,1905,1905,0
2022-02-25 10:25:00,1905,1905,1905,1905,0
2022-02-25 10:26:00,1905,1905,1905,1905,0
2022-02-25 10:27:00,1905,1905,1905,1905,0
2022-02-25 10:28:00,1905,1905,1905,1905,0
2022-02-25 10:29:00,1905,1905,1905,1905,0
2022-02-25 10:30:00,1905,1905,1905,1905,0
2022-02-25 10:31:00,1905,1905,1905,1905,0
2022-02-25 10:32:00,1905,1905,1905,1905,0
2022-02-25 10:33:00,1905,1905,1905,1905,0
2022-02-25 10:34:00,1905,1905,1905,1905,0
2022-02-25 10:35:00,1905,1905,1905,1905,0
2022-02-25 10:36:00,1905,1905,1905,1905,0
2022-02-25 10:37:00,1905,1905,1905,1905,0
2022-02-25 10:38:00,1905,1905,1905,1905,0
2022-02-25 10:39:00,1905,1905,1905,1905,0
2022-02-25 10:40:00,1905,1905,1905,1905,0
2022-02-25 10:41:00,1905,1905,1905,1905,0
2022-02-25 10:42:00,1905,1905,1905,1905,0
2022-02-25 10:43:00,1905,1905,1905,1905,0
2022-02-25 10:44:00,1905,1905,1905,1905,0
2022-02-25 10:45:00,1905,1905,1905,1905,0
2022-02-25 10:46:00,1905,1905,1905,1905,0
2022-02-25 10:47:00,1905,1905,1905,1905,0
2022-02-25 10:48:00,1905,1905,1905,1905,0
2022-02-25 10:49:00,1905,1905,1905,1905,0
2022-02-25 10:50:00,1905,1905,1905,1905,0
2022-02-25 10:51:00,1905,1905,1905,1905,0
2022-02-25 10:52:00,1905,1905,1905,1905,0
2022-02-25 10:53:00,1905,1905,1905,1905,0
2022-02-25 10:54:00,1905,1905,1905,1905,0
2022-02-25 10:55:00,1905,1905,1905,1905,0
2022-02-25 10:56:00,1905,1905,1905,1905,0
2022-02-25 10:57:00,1905,1905,1905,1905,0
2022-02-25 10:58:00,1905,1905,1905,1905,0
2022-02-25 10:59:00,1905,1905,1905,1905,0
2022-02-25 11:00:00,1905,1905,1905,1905,0
2022-02-25 11:01:00,1905,1905,1905,1905,0
2022-02-25 11:02:00,1905,1905,1905,1905,0
2022-02-25 11:03:00,1905,1905,1905,1905,0
2022-02-25 11:04:00,1905,1905,1905,1905,0
2022-02-25 11:05:00,1905,1905,1905,1905,0
2022-02-25 11:06:00,1905,1905,1905,1905,0
2022-02-25 11:07:00,1905,1905,1905,1905,0
2022-02-25 11:08:00,1905,1905,1905,1905,0
2022-02-25 11:09:00,1905,1905,1905,1905,0
2022-02-25 11:10:00,1905,1905,1905,1905,0
2022-02-25 11:11:00,1905,1905,1905,1905,0
2022-02-25 11:12:00,1905,1905,1905,1905,0
2022-02-25 11:13:00,1905,1905,1905,1905,0
2022-02-25 11:14:00,1905,1905,1905,1905,0
2022-02-25 11:15:00,1905,1905,1905,1905,0
2022-02-25 11:16:00,1905,1905,1905,1905,0
2022-02-25 11:17:00,1905,1905,1905,1905,0
2022-02-25 11:18:00,1905,1905,1905,1905,0
2022-02-25 11:19:00,1905,1905,1905,1905,0
2022-02-25 11:20:00,1905,1905,1905,1905,0
2022-02-25 11:21:00,1905,1905,1905,1905,0
2022-02-25 11:22:00,1905,1905,1905,1905,0
2022-02-25 11:23:00,1905,1905,1905,1905,0
2022-02-25 11:24:00,1905,1905,1905,1905,0
2022-02-25 11:25:00,1905,1905,1905,1905,0
2022-02-25 11:26:00,1905,1905,1905,1905,0
2022-02-25 11:27:00,1905,1905,1905,1905,0
2022-02-25 11:28:00,1905,1905,1905,1905,0
2022-02-25 11:29:00,1905,1905,1905,1905,0
2022-02-25 11:30:00,1905,1905,1905,1905,0
2022-02-25 11:31:00,1905,1905,1905,1905,0
2022-02-25 11:32:00,1905,1905,1905,1905,0
2022-02-25 11:33:00,1905,1905,1905,1905,0
2022-02-25 11:34:00,1905,1905,1905,1905,0
2022-02-25 11:35:00,1905,1905,1905,1905,0
2022-02-25 11:36:00,1905,1905,1905,1905,0
2022-02-25 11:37:00,1905,1905,1905,1905,0
2022-02-25 11:38:00,1905,1905,1905,1905,0
2022-02-25 11:39:00,1905,1905,1905,1905,0
2022-02-25 11:40:00,1905,1905,1905,1905,0
2022-02-25 11:41:00,1905,1905,1905,1905,0
2022-02-25 11:42:00,1905,1905,1905,1905,0
2022-02-25 11:43:00,1905,1905,1905,1905,0
2022-02-25 11:44:00,1905,1905,1905,1905,0
2022-02-25 11:45:00,1905,1905,1905,1905,0
2022-02-25 11:46:00,1905,1905,1905,1905,0
2022-02-25 11:47:00,1905,1905,1905,1905,0
2022-02-25 11:48:00,1905,1905,1905,1905,0
2022-02-25 11:49:00,1905,1905,1905,1905,0
2022-02-25 11:50:00,1905,1905,1905,1905,0
2022-02-25 11:51:00,1905,1905,1905,1905,0
2022-02-25 11:52:00,1905,1905,1905,1905,0
2022-02-25 11:53:00,1905,1905,1905,1905,0
2022-02-25 11:54:00,1905,1905,1905,1905,0
2022-02-25 11:55:00,1905,1905,1905,1905,0
2022-02-25 11:56:00,1905,1905,1905,1905,0
2022-02-25 11:57:00,1905,1905,1905,1905,0
2022-02-25 11:58:00,1905,1905,1905,1905,0
2022-02-25 11:59:00,1905,1905,1905,1905,0
2022-02-25 12:00:00,1905,1905,1905,1905,0
2022-02-25 12:01:00,1905,1905,1905,1905,0
2022-02-25 12:02:00,1905,1905,1905,1905,0
2022-02-25 12:03:00,1905,1905,1905,1905,0
2022-02-25 12:04:00,1905,1905,1905,1905,0
2022-02-25 12:05:00,1905,1905,1905,1905,0
2022-02-25 12:06:00,1905,1905,1905,1905,0
2022-02-25 12:07:00,1905,1905,1905,1905,0
2022-02-25 12:08:00,1905,1905,1905,1905,0
2022-02-25 12:09:00,1905,1905,1905,1905,0
2022-02-25 12:10:00,1905,1905,1905,1905,0
2022-02-25 12:11:00,1905,1905,1905,1905,0
2022-02-25 12:12:00,1905,1905,1905,1905,0
2022-02-25 12:13:00,1905,1905,1905,1905,0
2022-02-25 12:14:00,1905,1905,1905,1905,0
2022-02-25 12:15:00,1905,1905,1905,1905,0
2022-02-25 12:16:00,1905,1905,1905,1905,0
2022-02-25 12:17:00,1905,1905,1905,1905,0
2022-02-25 12:18:00,1905,1905,1905,1905,0
2022-02-25 12:19:00,1905,1905,1905,1905,0
2022-02-25 12:20:00,1905,1905,1905,1905,0
2022-02-25 12:21:00,1905,1905,1905,1905,0
2022-02-25 12:22:00,1905,1905,1905,1905,0
2022-02-25 12:23:00,1905,1905,1905,1905,0
2022-02-25 12:24:00,1905,1905,1905,1905,0
2022-02-25 12:25:00,1905,1905,1905,1905,0
2022-02-25 12:26:00,1905,1905,1905,1905,0
2022-02-25 12:27:00,1905,1905,1905,1905,0
2022-02-25 12:28:00,1905,1905,1905,1905,0
2022-02-25 12:29:00,1905,1905,1905,1905,0
2022-02-25 12:30:00,1905,1905,1905,1905,0
2022-02-25 12:31:00,1905,1905,1905,1905,0
2022-02-25 12:32:00,1905,1905,1905,1905,0
2022-02-25 12:33:00,1905,1905,1905,1905,0
2022-02-25 12:34:00,1905,1905,1905,1905,0
2022-02-25 12:35:00,1905,1905,1905,1905,0
2022-02-25 12:36:00,1905,1905,1905,1905,0
2022-02-25 12:37:00,1905,1905,1905,1905,0
2022-02-25 12:38:00,1905,1905,1905,1905,0
2022-02-25 12:39:00,1905,1905,1905,1905,0
2022-02-25 12:40:00,1905,1905,1905,1905,0
2022-02-25 12:41:00,1905,1905,1905,1905,0
2022-02-25 12:42:00,1905,1905,1905,1905,0
2022-02-25 12:43:00,1905,1905,1905,1905,0
2022-02-25 12:44:00,1905,1905,1905,1905,0
2022-02-25 12:45:00,1905,1905,1905,1905,0
2022-02-25 12:46:00,1905,1905,1905,1905,0
2022-02-25 12:47:00,1905,1905,1905,1905,0
2022-02-25 12:48:00,1905,1905,1905,1905,0
2022-02-25 12:49:00,1905,1905,1905,1905,0
2022-02-25 12:50:00,1905,1905,1905,1905,0
2022-02-25 12:51:00,1905,1905,1905,1905,0
2022-02-25 12:52:00,1905,1905,1905,1905,0
2022-02-25 12:53:00,1905,1905,1905,1905,0
2022-02-25 12:54:00,1905,1905,1905,1905,0
2022-02-25 12:55:00,1905,1905,1905,1905,0
2022-02-25 12:56:00,1905,1905,1905,1905,0
2022-02-25 12:57:00,1905,1905,1905,1905,0
2022-02-25 12:58:00,1905,1905,1905,1905,0
2022-02-25 12:59:00,1905,1905,1905,1905,0
2022-02-25 13:00:00,1905,1905,1905,1905,0
2022-02-25 13:01:00,1905,1905,1905,1905,0
2022-02-25 13:02:00,1905,1905,1905,1905,0
2022-02-25 13:03:00,1905,1905,1905,1905,0
2022-02-25 13:04:00,1905,1905,1905,1905,0
2022-02-25 13:05:00,1905,1905,1905,1905,0
2022-02-25 13:06:00,1905,1905,1905,1905,0
2022-02-25 13:07:00,1905,1905,1905,1905,0
2022-02-25 13:08:00,1905,1905,1905,1905,0
2022-02-25 13:09:00,1905,1905,1905,1905,0
2022-02-25 13:10:00,1905,1905,1905,1905,0
2022-02-25 13:11:00,1905,1905,1905,1905,0
2022-02-25 13:12:00,1905,1905,1905,1905,0
2022-02-25 13:13:00,1905,1905,1905,1905,0
2022-02-25 13:14:00,1905,1905,1905,1905,0
2022-02-25 13:15:00,1905,1905,1905,1905,0
2022-02-25 13:16:00,1905,1905,1905,1905,0
2022-02-25 13:17:00,1905,1905,1905,1905,0
2022-02-25 13:18:00,1905,1905,1905,1905,0
2022-02-25 13:19:00,1905,1905,1905,1905,0
2022-02-25 13:20:00,1905,1905,1905,1905,0
2022-02-25 13:21:00,1905,1905,1905,1905,0
2022-02-25 13:22:00,1905,1905,1905,1905,0
2022-02-25 13:23:00,1905,1905,1905,1905,0
2022-02-25 13:24:00,1905,1905,1905,1905,0
2022-02-25 13:25:00,1905,1905,1905,1905,0
2022-02-25 13:26:00,1905,1905,1905,1905,0
2022-02-25 13:27:00,1905,1905,1905,1905,0
2022-02-25 13:28:00,1905,1905,1905,1905,0
2022-02-25 13:29:00,1905,1905,1905,1905,0
2022-02-25 13:30:00,1905,1905,1905,1905,0
2022-02-25 13:31:00,1905,1905,1905,1905,0
2022-02-25 13:32:00,1905,1905,1905,1905,0
2022-02-25 13:33:00,1905,1905,1905,1905,0
2022-02-25 13:34:00,1905,1905,1905,1905,0
2022-02-25 13:35:00,1905,1905,1905,1905,0
2022-02-25 13:36:00,1905,1905,1905,1905,0
2022-02-25 13:37:00,1905,1905,1905,1905,0
2022-02-25 13:38:00,1905,1905,1905,1905,0
2022-02-25 13:39:00,1905,1905,1905,1905,0
2022-02-25 13:40:00,1905,1905,1905,1905,0
2022-02-25 13:41:00,1905,1905,1905,1905,0
2022-02-25 13:42:00,1905,1905,1905,1905,0
2022-02-25 13:43:00,1905,1905,1905,1905,0
2022-02-25 13:44:00,1905,1905,1905,1905,0
2022-02-25 13:45:00,1905,1905,1905,1905,0
2022-02-25 13:46:00,1905,1905,1905,1905,0
2022-02-25 13:47:00,1905,1905,1905,1905,0
2022-02-25 13:48:00,1905,1905,1905,1905,0
2022-02-25 13:49:00,1905,1905,1905,1905,0
2022-02-25 13:50:00,1905,1905,1905,1905,0
2022-02-25 13:51:00,1905,1905,1905,1905,0
2022-02-25 13:52:00,1905,1905,1905,1905,0
2022-02-25 13:53:00,1905,1905,1905,1905,0
2022-02-25 13:54:00,1905,1905,1905,1905,0
2022-02-25 13:55:00,1905,1905,1905,1905,0
2022-02-25 13:56:00,1905,1905,1905,1905,0
2022-02-25 13:57:00,1905,1905,1905,1905,0
2022-02-25 13:58:00,1905,1905,1905,1905,0
2022-02-25 13:59:00,1905,1905,1905,1905,0
2022-02-25 14:00:00,1905,1905,1905,1905,0
2022-02-25 14:01:00,1905,1905,1905,1905,0
2022-02-25 14:02:00,1905,1905,1905,1905,0
2022-02-25 14:03:00,1905,1905,1905,1905,0
2022-02-25 14:04:00,1905,1905,1905,1905,0
2022-02-25 14:05:00,1905,1905,1905,1905,0
2022-02-25 14:06:00,1905,1905,1905,1905,0
2022-02-25 14:07:00,1905,1905,1905,1905,0
2022-02-25 14:08:00,1905,1905,1905,1905,0
2022-02-25 14:09:00,1905,1905,1905,1905,0
2022-02-25 14:10:00,1905,1905,1905,1905,0
2022-02-25 14:11:00,1905,1905,1905,1905,0
2022-02-25 14:12:00,1905,1905,1905,1905,0
2022-02-25 14:13:00,1905,1905,1905,1905,0
2022-02-25 14:14:00,1905,1905,1905,1905,0
2022-02-25 14:15:00,1905,1905,1905,1905,0
2022-02-25 14:16:00,1905,1905,1905,1905,0
2022-02-25 14:17:00,1905,1905,1905,1905,0
2022-02-25 14:18:00,1905,1905,1905,1905,0
2022-02-25 14:19:00,1905,1905,1905,1905,0
2022-02-25 14:20:00,1905,1905,1905,1905,0
2022-02-25 14:21:00,1905,1905,1905,1905,0
2022-02-25 14:22:00,1905,1905,1905,1905,0
2022-02-25 14:23:00,1905,1905,1905,1905,0
2022-02-25 14:24:00,1905,1905,1905,1905,0
2022-02-25 14:25:00,1905,1905,1905,1905,0
2022-02-25 14:26:00,1905,1905,1905,1905,0
2022-02-25 14:27:00,1905,1905,1905,1905,0
2022-02-25 14:28:00,1905,1905,1905,1905,0
2022-02-25 14:29:00,1905,1905,1905,1905,0
2022-02-25 14:30:00,1905,1905,1905,1905,0
2022-02-25 14:31:00,1905,1905,1905,1905,0
2022-02-25 14:32:00,1905,1905,1905,1905,0
2022-02-25 14:33:00,1905,1905,1905,1905,0
2022-02-25 14:34:00,1905,1905,1905,1905,0
2022-02-25 14:35:00,1905,1905,1905,1905,0
2022-02-25 14:36:00,1905,1905,1905,1905,0
2022-02-25 14:37:00,1905,1905,1905,1905,0
2022-02-25 14:38:00,1905,1905,1905,1905,0
2022-02-25 14:39:00,1905,1905,1905,1905,0
2022-02-25 14:40:00,1905,1905,1905,1905,0
2022-02-25 14:41:00,1905,1905,1905,1905,0
2022-02-25 14:42:00,1905,1905,1905,1905,0
2022-02-25 14:43:00,1905,1905,1905,1905,0
2022-02-25 14:44:00,1905,1905,1905,1905,0
2022-02-25 14:45:00,1905,1905,1905,1905,0
2022-02-25 14:46:00,1905,1905,1905,1905,0
2022-02-25 14:47:00,1905,1905,1905,1905,0
2022-02-25 14:48:00,1905,1905,1905,1905,0
2022-02-25 14:49:00,1905,1905,1905,1905,0
2022-02-25 14:50:00,1905,1905,1905,1905,0
2022-02-25 14:51:00,1905,1905,1905,1905,0
2022-02-25 14:52:00,1905,1905,1905,1905,0
2022-02-25 14:53:00,1905,1905,1905,1905,0
2022-02-25 14:54:00,1905,1905,1905,1905,0
2022-02-25 14:55:00,1905,1905,1905,1905,0
2022-02-25 14:56:00,1905,1905,1905,1905,0
2022-02-25 14:57:00,1905,1905,1905,1905,0
2022-02-25 14:58:00,1905,1905,1905,1905,0
2022-02-25 14:59:00,1905,1905,1905,1905,0
2022-02-25 15:00:00,1905,1905,1905,1905,0
2022-02-25 15:01:00,1905,1905,1905,1905,0
2022-02-25 15:02:00,1905,1905,1905,1905,0
2022-02-25 15:03:00,1905,1905,1905,1905,0
2022-02-25 15:04:00,1905,1905,1905,1905,0
2022-02-25 15:05:00,1905,1905,1905,1905,0
2022-02-25 15:06:00,1905,1905,1905,1905,0
2022-02-25 15:07:00,1905,1905,1905,1905,0
2022-02-25 15:08:00,1905,1905,1905,1905,0
2022-02-25 15:09:00,1905,1905,1905,1905,0
2022-02-25 15:10:00,1905,1905,1905,1905,0
2022-02-25 15:11:00,1905,1905,1905,1905,0
2022-02-25 15:12:00,1905,1905,1905,1905,0
2022-02-25 15:13:00,1905,1905,1905,1905,0
2022-02-25 15:14:00,1905,1905,1905,1905,0
2022-02-25 15:15:00,1905,1905,1905,1905,0
2022-02-25 15:16:00,1905,1905,1905,1905,0
2022-02-25 15:17:00,1905,1905,1905,1905,0
2022-02-25 15:18:00,1905,1905,1905,1905,0
2022-02-25 15:19:00,1905,1905,1905,1905,0
2022-02-25 15:20:00,1905,1905,1905,1905,0
2022-02-25 15:21:00,1905,1905,1905,1905,0
2022-02-25 15:22:00,1905,1905,1905,1905,0
2022-02-25 15:23:00,1905,1905,1905,1905,0
2022-02-25 15:24:00,1905,1905,1905,1905,0
2022-02-25 15:25:00,1905,1905,1905,1905,0
2022-02-25 15:26:00,1905,1905,1905,1905,0
2022-02-25 15:27:00,1905,1905,1905,1905,0
2022-02-25 15:28:00,1905,1905,1905,1905,0
2022-02-25 15:29:00,1905,1905,1905,1905,0
2022-02-25 15:30:00,1905,1905,1905,1905,0
2022-02-25 15:31:00,1905,1905,1905,1905,0
2022-02-25 15:32:00,1905,1905,1905,1905,0
2022-02-25 15:33:00,1905,1905,1905,1905,0
2022-02-25 15:34:00,1905,1905,1905,1905,0
2022-02-25 15:35:00,1905,1905,1905,1905,0
2022-02-25 15:36:00,1905,1905,1905,1905,0
2022-02-25 15:37:00,1905,1905,1905,1905,0
2022-02-25 15:38:00,1905,1905,1905,1905,0
2022-02-25 15:39:00,1905,1905,1905,1905,0
2022-02-25 15:40:00,1905,1905,1905,1905,0
2022-02-25 15:41:00,1905,1905,1905,1905,0
2022-02-25 15:42:00,1905,1905,1905,1905,0
2022-02-25 15:43:00,1905,1905,1905,1905,0
2022-02-25 15:44:00,1905,1905,1905,1905,0
2022-02-25 15:45:00,1905,1905,1905,1905,0
2022-02-25 15:46:00,1905,1905,1905,1905,0
2022-02-25 15:47:00,1905,1905,1905,1905,0
2022-02-25 15:48:00,1905,1905,1905,1905,0
2022-02-25 15:49:00,1905,1905,1905,1905,0
2022-02-25 15:50:00,1905,1905,1905,1905,0
2022-02-25 15:51:00,1905,1905,1905,1905,0
2022-02-25 15:52:00,1905,1905,1905,1905,0
2022-02-25 15:53:00,1905,1905,1905,1905,0
2022-02-25 15:54:00,1905,1905,1905,1905,0
2022-02-25 15:55:00,1905,1905,1905,1905,0
2022-02-25 15:56:00,1905,1905,1905,1905,0
2022-02-25 15:57:00,1905,1905,1905,1905,0
2022-02-25 15:58:00,1905,1905,1905,1905,0
2022-02-25 15:59:00,1905,1905,1905,1905,0
2022-02-28 09:00:00,1905,1905,1905,1905,0
2022-02-28 09:01:00,1905,1905,1905,1905,0
2022-02-28 09:02:00,1905,1905,1905,1905,0
2022-02-28 09:03:00,1905,1905,1905,1905,0
2022-02-28 09:04:00,1905,1905,1905,1905,0
2022-02-28 09:05:00,1905,1905,1905,1905,0
2022-02-28 09:06:00,1905,1905,1905,1905,0
2022-02-28 09:07:00,1905,1905,1905,1905,0
2022-02-28 09:08:00,1905,1905,1905,1905,0
2022-02-28 09:09:00,1905,1905,1905,1905,0
2022-02-28 09:10:00,1905,1905,1905,1905,0
2022-02-28 09:11:00,1905,1905,1905,1905,0
2022-02-28 09:12:00,1905,1905,1905,1905,0
2022-02-28 09:13:00,1905,1905,1905,1905,0
2022-02-28 09:14:00,1905,1905,1905,1905,0
2022-02-28 09:15:00,1905,1905,1905,1905,0
2022-02-28 09:16:00,1905,1905,1905,1905,0
2022-02-28 09:17:00,1905,1905,1905,1905,0
2022-02-28 09:18:00,1905,1905,1905,1905,0
2022-02-28 09:19:00,1905,1905,1905,1905,0
2022-02-28 09:20:00,1905,1905,1905,1905,0
2022-02-28 09:21:00,1905,1905,1905,1905,0
2022-02-28 09:22:00,1905,1905,1905,1905,0
2022-02-28 09:23:00,1905,1905,1905,1905,0
2022-02-28 09:24:00,1905,1905,1905,1905,0
2022-02-28 09:25:00,1905,1905,1905,1905,0
2022-02-28 09:26:00,1905,1905,1905,1905,0
2022-02-28 09:27:00,1905,1905,1905,1905,0
2022-02-28 09:28:00,1905,1905,1905,1905,0
2022-02-28 09:29:00,1905,1905,1905,1905,0
2022-02-28 09:30:00,1905,1905,1905,1905,0
2022-02-28 09:31:00,1905,1905,1905,1905,0
2022-02-28 09:32:00,1905,1905,1905,1905,0
2022-02-28 09:33:00,1905,1905,1905,1905,0
2022-02-28 09:34:00,1905,1905,1905,1905,0
2022-02-28 09:35:00,1905,1905,1905,1905,0
2022-02-28 09:36:00,1905,1905,1905,1905,0
2022-02-28 09:37:00,1905,1905,1905,1905,0
2022-02-28 09:38:00,1905,1905,1905,1905,0
2022-02-28 09:39:00,1905,1905,1905,1905,0
2022-02-28 09:40:00,1905,1905,1905,1905,0
2022-02-28 09:41:00,1905,1905,1905,1905,0
2022-02-28 09:42:00,1905,1905,1905,1905,0
2022-02-28 09:43:00,1905,1905,1905,1905,0
2022-02-28 09:44:00,1905,1905,1905,1905,0
2022-02-28 09:45:00,1905,1905,1905,1905,0
2022-02-28 09:46:00,1905,1905,1905,1905,0
2022-02-28 09:47:00,1905,1905,1905,1905,0
2022-02-28 09:48:00,1905,1905,1905,1905,0
2022-02-28 09:49:00,1905,1905,1905,1905,0
2022-02-28 09:50:00,1905,1905,1905,1905,0
2022-02-28 09:51:00,1905,1905,1905,1905,0
2022-02-28 09:52:00,1905,1905,1905,1905,0
2022-02-28 09:53:00,1905,1905,1905,1905,0
2022-02-28 09:54:00,1905,1905,1905,1905,0
2022-02-28 09:55:00,1905,1905,1905,1905,0
2022-02-28 09:56:00,1905,1905,1905,1905,0
2022-02-28 09:57:00,1905,1905,1905,1905,0
2022-02-28 09:58:00,1905,1905,1905,1905,0
2022-02-28 09:59:00,1905,1905,1905,1905,0
2022-02-28 10:00:00,1905,1905,1905,1905,0
2022-02-28 10:01:00,1905,1905,1905,1905,0
2022-02-28 10:02:00,1905,1905,1905,1905,0
2022-02-28 10:03:00,1905,1905,1905,1905,0
2022-02-28 10:04:00,1905,1905,1905,1905,0
2022-02-28 10:05:00,1905,1905,1905,1905,0
2022-02-28 10:06:00,1905,1905,1905,1905,0
2022-02-28 10:07:00,1905,1905,1905,1905,0
2022-02-28 10:08:00,1905,1905,1905,1905,0
2022-02-28 10:09:00,1905,1905,1905,1905,0
2022-02-28 10:10:00,1905,1905,1905,1905,0
2022-02-28 10:11:00,1905,1905,1905,1905,0
2022-02-28 10:12:00,1905,1905,1905,1905,0
2022-02-28 10:13:00,1905,1905,1905,1905,0
2022-02-28 10:14:00,1905,1905,1905,1905,0
2022-02-28 10:15:00,1905,1905,1905,1905,0
2022-02-28 10:16:00,1905,1905,1905,1905,0
2022-02-28 10:17:00,1905,1905,1905,1905,0
2022-02-28 10:18:00,1905,1905,1905,1905,0
2022-02-28 10:19:00,1905,1905,1905,1905,0
2022-02-28 10:20:00,1905,1905,1905,1905,0
2022-02-28 10:21:00,1905,1905,1905,1905,0
2022-02-28 10:22:00,1905,1905,1905,1905,0
2022-02-28 10:23:00,1905,1905,1905,1905,0
2022-02-28 10:24:00,1905,1905,1905,1905,0
2022-02-28 10:25:00,1905,1905,1905,1905,0
2022-02-28 10:26:00,1905,1905,1905,1905,0
2022-02-28 10:27:00,1905,1905,1905,1905,0
2022-02-28 10:28:00,1905,1905,1905,1905,0
2022-02-28 10:29:00,1905,1905,1905,1905,0
2022-02-28 10:30:00,1905,1905,1905,1905,0
2022-02-28 10:31:00,1905,1905,1905,1905,0
2022-02-28 10:32:00,1905,1905,1905,1905,0
2022-02-28 10:33:00,1905,1905,1905,1905,0
2022-02-28 10:34:00,1905,1905,1905,1905,0
2022-02-28 10:35:00,1905,1905,1905,1905,0
2022-02-28 10:36:00,1905,1905,1905,1905,0
2022-02-28 10:37:00,1905,1905,1905,1905,0
2022-02-28 10:38:00,1905,1905,1905,1905,0
2022-02-28 10:39:00,1905,1905,1905,1905,0
2022-02-28 10:40:00,1905,1905,1905,1905,0
2022-02-28 10:41:00,1905,1905,1905,1905,0
2022-02-28 10:42:00,1905,1905,1905,1905,0
2022-02-28 10:43:00,1905,1905,1905,1905,0
2022-02-28 10:44:00,1905,1905,1905,1905,0
2022-02-28 10:45:00,1905,1905,1905,1905,0
2022-02-28 10:46:00,1905,1905,1905,1905,0
2022-02-28 10:47:00,1905,1905,1905,1905,0
2022-02-28 10:48:00,1905,1905,1905,1905,0
2022-02-28 10:49:00,1905,1905,1905,1905,0
2022-02-28 10:50:00,1905,1905,1905,1905,0
2022-02-28 10:51:00,1905,1905,1905,1905,0
2022-02-28 10:52:00,1905,1905,1905,1905,0
2022-02-28 10:53:00,1905,1905,1905,1905,0
2022-02-28 10:54:00,1905,1905,1905,1905,0
2022-02-28 10:55:00,1905,1905,1905,1905,0
2022-02-28 10:56:00,1905,1905,1905,1905,0
2022-02-28 10:57:00,1905,1905,1905,1905,0
2022-02-28 10:58:00,1905,1905,1905,1905,0
2022-02-28 10:59:00,1905,1905,1905,1905,0
2022-02-28 11:00:00,1905,1905,1905,1905,0
2022-02-28 11:01:00,1905,1905,1905,1905,0
2022-02-28 11:02:00,1905,1905,1905,1905,0
2022-02-28 11:03:00,1905,1905,1905,1905,0
2022-02-28 11:04:00,1905,1905,1905,1905,0
2022-02-28 11:05:00,1905,1905,1905,1905,0
2022-02-28 11:06:00,1905,1905,1905,1905,0
2022-02-28 11:07:00,1905,1905,1905,1905,0
2022-02-28 11:08:00,1905,1905,1905,1905,0
2022-02-28 11:09:00,1905,1905,1905,1905,0
2022-02-28 11:10:00,1905,1905,1905,1905,0
2022-02-28 11:11:00,1905,1905,1905,1905,0
2022-02-28 11:12:00,1905,1905,1905,1905,0
2022-02-28 11:13:00,1905,1905,1905,1905,0
2022-02-28 11:14:00,1905,1905,1905,1905,0
2022-02-28 11:15:00,1905,1905,1905,1905,0
2022-02-28 11:16:00,1905,1905,1905,1905,0
2022-02-28 11:17:00,1905,1905,1905,1905,0
2022-02-28 11:18:00,1905,1905,1905,1905,0
2022-02-28 11:19:00,1905,1905,1905,1905,0
2022-02-28 11:20:00,1905,1905,1905,1905,0
2022-02-28 11:21:00,1905,1905,1905,1905,0
2022-02-28 11:22:00,1905,1905,1905,1905,0
2022-02-28 11:23:00,1905,1905,1905,1905,0
2022-02-28 11:24:00,1905,1905,1905,1905,0
2022-02-28 11:25:00,1905,1905,1905,1905,0
2022-02-28 11:26:00,1905,1905,1905,1905,0
2022-02-28 11:27:00,1905,1905,1905,1905,0
2022-02-28 11:28:00,1905,1905,1905,1905,0
2022-02-28 11:29:00,1905,1905,1905,1905,0
2022-02-28 11:30:00,1905,1905,1905,1905,0
2022-02-28 11:31:00,1905,1905,1905,1905,0
2022-02-28 11:32:00,1905,1905,1905,1905,0
2022-02-28 11:33:00,1905,1905,1905,1905,0
2022-02-28 11:34:00,1905,1905,1905,1905,0
2022-02-28 11:35:00,1905,1905,1905,1905,0
2022-02-28 11:36:00,1905,1905,1905,1905,0
2022-02-28 11:37:00,1905,1905,1905,1905,0
2022-02-28 11:38:00,1905,1905,1905,1905,0
2022-02-28 11:39:00,1905,1905,1905,1905,0
2022-02-28 11:40:00,1905,1905,1905,1905,0
2022-02-28 11:41:00,1905,1905,1905,1905,0
2022-02-28 11:42:00,1905,1905,1905,1905,0
2022-02-28 11:43:00,1905,1905,1905,1905,0
2022-02-28 11:44:00,1905,1905,1905,1905,0
2022-02-28 11:45:00,1905,1905,1905,1905,0
2022-02-28 11:46:00,1905,1905,1905,1905,0
2022-02-28 11:47:00,1905,1905,1905,1905,0
2022-02-28 11:48:00,1905,1905,1905,1905,0
2022-02-28 11:49:00,1905,1905,1905,1905,0
2022-02-28 11:50:00,1905,1905,1905,1905,0
2022-02-28 11:51:00,1905,1905,1905,1905,0
2022-02-28 11:52:00,1905,1905,1905,1905,0
2022-02-28 11:53:00,1905,1905,1905,1905,0
2022-02-28 11:54:00,1905,1905,1905,1905,0
2022-02-28 11:55:00,1905,1905,1905,1905,0
2022-02-28 11:56:00,1905,1905,1905,1905,0
2022-02-28 11:57:00,1905,1905,1905,1905,0
2022-02-28 11:58:00,1905,1905,1905,1905,0
2022-02-28 11:59:00,1905,1905,1905,1905,0
2022-02-28 12:00:00,1905,1905,1905,1905,0
2022-02-28 12:01:00,1905,1905,1905,1905,0
2022-02-28 12:02:00,1905,1905,1905,1905,0
2022-02-28 12:03:00,1905,1905,1905,1905,0
2022-02-28 12:04:00,1905,1905,1905,1905,0
2022-02-28 12:05:00,1905,1905,1905,1905,0
2022-02-28 12:06:00,1905,1905,1905,1905,0
2022-02-28 12:07:00,1905,1905,1905,1905,0
2022-02-28 12:08:00,1905,1905,1905,1905,0
2022-02-28 12:09:00,1905,1905,1905,1905,0
2022-02-28 12:10:00,1905,1905,1905,1905,0
2022-02-28 12:11:00,1905,1905,1905,1905,0
2022-02-28 12:12:00,1905,1905,1905,1905,0
2022-02-28 12:13:00,1905,1905,1905,1905,0
2022-02-28 12:14:00,1905,1905,1905,1905,0
2022-02-28 12:15:00,1905,1905,1905,1905,0
2022-02-28 12:16:00,1905,1905,1905,1905,0
2022-02-28 12:17:00,1905,1905,1905,1905,0
2022-02-28 12:18:00,1905,1905,1905,1905,0
2022-02-28 12:19:00,1905,1905,1905,1905,0
2022-02-28 12:20:00,1905,1905,1905,1905,0
2022-02-28 12:21:00,1905,1905,1905,1905,0
2022-02-28 12:22:00,1905,1905,1905,1905,0
2022-02-28 12:23:00,1905,1905,1905,1905,0
2022-02-28 12:24:00,1905,1905,1905,1905,0
2022-02-28 12:25:00,1905,1905,1905,1905,0
2022-02-28 12:26:00,1905,1905,1905,1905,0
2022-02-28 12:27:00,1905,1905,1905,1905,0
2022-02-28 12:28:00,1905,1905,1905,1905,0
2022-02-28 12:29:00,1905,1905,1905,1905,0
2022-02-28 12:30:00,1905,1905,1905,1905,0
2022-02-28 12:31:00,1905,1905,1905,1905,0
2022-02-28 12:32:00,1905,1905,1905,1905,0
2022-02-28 12:33:00,1905,1905,1905,1905,0
2022-02-28 12:34:00,1905,1905,1905,1905,0
2022-02-28 12:35:00,1905,1905,1905,1905,0
2022-02-28 12:36:00,1905,1905,1905,1905,0
2022-02-28 12:37:00,1905,1905,1905,1905,0
2022-02-28 12:38:00,1905,1905,1905,1905,0
2022-02-28 12:39:00,1905,1905,1905,1905,0
2022-02-28 12:40:00,1905,1905,1905,1905,0
2022-02-28 12:41:00,1905,1905,1905,1905,0
2022-02-28 12:42:00,1905,1905,1905,1905,0
2022-02-28 12:43:00,1905,1905,1905,1905,0
2022-02-28 12:44:00,1905,1905,1905,1905,0
2022-02-28 12:45:00,1905,1905,1905,1905,0
2022-02-28 12:46:00,1905,1905,1905,1905,0
2022-02-28 12:47:00,1905,1905,1905,1905,0
2022-02-28 12:48:00,1905,1905,1905,1905,0
2022-02-28 12:49:00,1905,1905,1905,1905,0
2022-02-28 12:50:00,1905,1905,1905,1905,0
2022-02-28 12:51:00,1905,1905,1905,1905,0
2022-02-28 12:52:00,1905,1905,1905,1905,0
2022-02-28 12:53:00,1905,1905,1905,1905,0
2022-02-28 12:54:00,1905,1905,1905,1905,0
2022-02-28 12:55:00,1905,1905,1905,1905,0
2022-02-28 12:56:00,1905,1905,1905,1905,0
2022-02-28 12:57:00,1905,1905,1905,1905,0
2022-02-28 12:58:00,1905,1905,1905,1905,0
2022-02-28 12:59:00,1905,1905,1905,1905,0
2022-02-28 13:00:00,1905,1905,1905,1905,0
2022-02-28 13:01:00,1905,1905,1905,1905,0
2022-02-28 13:02:00,1905,1905,1905,1905,0
2022-02-28 13:03:00,1905,1905,1905,1905,0
2022-02-28 13:04:00,1905,1905,1905,1905,0
2022-02-28 13:05:00,1905,1905,1905,1905,0
2022-02-28 13:06:00,1905,1905,1905,1905,0
2022-02-28 13:07:00,1905,1905,1905,1905,0
2022-02-28 13:08:00,1905,1905,1905,1905,0
2022-02-28 13:09:00,1905,1905,1905,1905,0
2022-02-28 13:10:00,1905,1905,1905,1905,0
2022-02-28 13:11:00,1905,1905,1905,1905,0
2022-02-28 13:12:00,1905,1905,1905,1905,0
2022-02-28 13:13:00,1905,1905,1905,1905,0
2022-02-28 13:14:00,1905,1905,1905,1905,0
2022-02-28 13:15:00,1905,1905,1905,1905,0
2022-02-28 13:16:00,1905,1905,1905,1905,0
2022-02-28 13:17:00,1905,1905,1905,1905,0
2022-02-28 13:18:00,1905,1905,1905,1905,0
2022-02-28 13:19:00,1905,1905,1905,1905,0
2022-02-28 13:20:00,1905,1905,1905,1905,0
2022-02-28 13:21:00,1905,1905,1905,1905,0
2022-02-28 13:22:00,1905,1905,1905,1905,0
2022-02-28 13:23:00,1905,1905,1905,1905,0
2022-02-28 13:24:00,1905,1905,1905,1905,0
2022-02-28 13:25:00,1905,1905,1905,1905,0
2022-02-28 13:26:00,1905,1905,1905,1905,0
2022-02-28 13:27:00,1905,1905,1905,1905,0
2022-02-28 13:28:00,1905,1905,1905,1905,0
2022-02-28 13:29:00,1905,1905,1905,1905,0
2022-02-28 13:30:00,1905,1905,1905,1905,0
2022-02-28 13:31:00,1905,1905,1905,1905,0
2022-02-28 13:32:00,1905,1905,1905,1905,0
2022-02-28 13:33:00,1905,1905,1905,1905,0
2022-02-28 13:34:00,1905,1905,1905,1905,0
2022-02-28 13:35:00,1905,1905,1905,1905,0
2022-02-28 13:36:00,1905,1905,1905,1905,0
2022-02-28 13:37:00,1905,1905,1905,1905,0
2022-02-28 13:38:00,1905,1905,1905,1905,0
2022-02-28 13:39:00,1905,1905,1905,1905,0
2022-02-28 13:40:00,1905,1905,1905,1905,0
2022-02-28 13:41:00,1905,1905,1905,1905,0
2022-02-28 13:42:00,1905,1905,1905,1905,0
2022-02-28 13:43:00,1905,1905,1905,1905,0
2022-02-28 13:44:00,1905,1905,1905,1905,0
2022-02-28 13:45:00,1905,1905,1905,1905,0
2022-02-28 13:46:00,1905,1905,1905,1905,0
2022-02-28 13:47:00,1905,1905,1905,1905,0
2022-02-28 13:48:00,1905,1905,1905,1905,0
2022-02-28 13:49:00,1905,1905,1905,1905,0
2022-02-28 13:50:00,1905,1905,1905,1905,0
2022-02-28 13:51:00,1905,1905,1905,1905,0
2022-02-28 13:52:00,1905,1905,1905,1905,0
2022-02-28 13:53:00,1905,1905,1905,1905,0
2022-02-28 13:54:00,1905,1905,1905,1905,0
2022-02-28 13:55:00,1905,1905,1905,1905,0
2022-02-28 13:56:00,1905,1905,1905,1905,0
2022-02-28 13:57:00,1905,1905,1905,1905,0
2022-02-28 13:58:00,1905,1905,1905,1905,0
2022-02-28 13:59:00,1905,1905,1905,1905,0
2022-02-28 14:00:00,1905,1905,1905,1905,0
2022-02-28 14:01:00,1905,1905,1905,1905,0
2022-02-28 14:02:00,1905,1905,1905,1905,0
2022-02-28 14:03:00,1905,1905,1905,1905,0
2022-02-28 14:04:00,1905,1905,1905,1905,0
2022-02-28 14:05:00,1905,1905,1905,1905,0
2022-02-28 14:06:00,1905,1905,1905,1905,0
2022-02-28 14:07:00,1905,1905,1905,1905,0
2022-02-28 14:08:00,1905,1905,1905,1905,0
2022-02-28 14:09:00,1905,1905,1905,1905,0
2022-02-28 14:10:00,1905,1905,1905,1905,0
2022-02-28 14:11:00,1905,1905,1905,1905,0
2022-02-28 14:12:00,1905,1905,1905,1905,0
2022-02-28 14:13:00,1905,1905,1905,1905,0
2022-02-28 14:14:00,1905,1905,1905,1905,0
2022-02-28 14:15:00,1905,1905,1905,1905,0
2022-02-28 14:16:00,1905,1905,1905,1905,0
2022-02-28 14:17:00,1905,1905,1905,1905,0
2022-02-28 14:18:00,1905,1905,1905,1905,0
2022-02-28 14:19:00,1905,1905,1905,1905,0
2022-02-28 14:20:00,1905,1905,1905,1905,0
2022-02-28 14:21:00,1905,1905,1905,1905,0
2022-02-28 14:22:00,1905,1905,1905,1905,0
2022-02-28 14:23:00,1905,1905,1905,1905,0
2022-02-28 14:24:00,1905,1905,1905,1905,0
2022-02-28 14:25:00,1905,1905,1905,1905,0
2022-02-28 14:26:00,1905,1905,1905,1905,0
2022-02-28 14:27:00,1905,1905,1905,1905,0
2022-02-28 14:28:00,1905,1905,1905,1905,0
2022-02-28 14:29:00,1905,1905,1905,1905,0
2022-02-28 14:30:00,1905,1905,1905,1905,0
2022-02-28 14:31:00,1905,1905,1905,1905,0
2022-02-28 14:32:00,1905,1905,1905,1905,0
2022-02-28 14:33:00,1905,1905,1905,1905,0
2022-02-28 14:34:00,1905,1905,1905,1905,0
2022-02-28 14:35:00,1905,1905,1905,1905,0
2022-02-28 14:36:00,1905,1905,1905,1905,0
2022-02-28 14:37:00,1905,1905,1905,1905,0
2022-02-28 14:38:00,1905,1905,1905,1905,0
2022-02-28 14:39:00,1905,1905,1905,1905,0
2022-02-28 14:40:00,1905,1905,1905,1905,0
2022-02-28 14:41:00,1905,1905,1905,1905,0
2022-02-28 14:42:00,1905,1905,1905,1905,0
2022-02-28 14:43:00,1905,1905,1905,1905,0
2022-02-28 14:44:00,1905,1905,1905,1905,0
2022-02-28 14:45:00,1905,1905,1905,1905,0
2022-02-28 14:46:00,1905,1905,1905,1905,0
2022-02-28 14:47:00,1905,1905,1905,1905,0
2022-02-28 14:48:00,1905,1905,1905,1905,0
2022-02-28 14:49:00,1905,1905,1905,1905,0
2022-02-28 14:50:00,1905,1905,1905,1905,0
2022-02-28 14:51:00,1905,1905,1905,1905,0
2022-02-28 14:52:00,1905,1905,1905,1905,0
2022-02-28 14:53:00,1905,1905,1905,1905,0
2022-02-28 14:54:00,1905,1905,1905,1905,0
2022-02-28 14:55:00,1905,1905,1905,1905,0
2022-02-28 14:56:00,1905,1905,1905,1905,0
2022-02-28 14:57:00,1905,1905,1905,1905,0
2022-02-28 14:58:00,1905,1905,1905,1905,0
2022-02-28 14:59:00,1905,1905,1905,1905,0
2022-02-28 15:00:00,1905,1905,1905,1905,0
2022-02-28 15:01:00,1905,1905,1905,1905,0
2022-02-28 15:02:00,1905,1905,1905,1905,0
2022-02-28 15:03:00,1905,1905,1905,1905,0
2022-02-28 15:04:00,1905,1905,1905,1905,0
2022-02-28 15:05:00,1905,1905,1905,1905,0
2022-02-28 15:06:00,1905,1905,1905,1905,0
2022-02-28 15:07:00,1905,1905,1905,1905,0
2022-02-28 15:08:00,1905,1905,1905,1905,0
2022-02-28 15:09:00,1905,1905,1905,1905,0
2022-02-28 15:10:00,1905,1905,1905,1905,0
2022-02-28 15:11:00,1905,1905,1905,1905,0
2022-02-28 15:12:00,1905,1905,1905,1905,0
2022-02-28 15:13:00,1905,1905,1905,1905,0
2022-02-28 15:14:00,1905,1905,1905,1905,0
2022-02-28 15:15:00,1905,1905,1905,1905,0
2022-02-28 15:16:00,1905,1905,1905,1905,0
2022-02-28 15:17:00,1905,1905,1905,1905,0
2022-02-28 15:18:00,1905,1905,1905,1905,0
2022-02-28 15:19:00,1905,1905,1905,1905,0
2022-02-28 15:20:00,1905,1905,1905,1905,0
2022-02-28 15:21:00,1905,1905,1905,1905,0
2022-02-28 15:22:00,1905,1905,1905,1905,0
2022-02-28 15:23:00,1905,1905,1905,1905,0
2022-02-28 15:24:00,1905,1905,1905,1905,0
2022-02-28 15:25:00,1905,1905,1905,1905,0
2022-02-28 15:26:00,1905,1905,1905,1905,0
2022-02-28 15:27:00,1905,1905,1905,1905,0
2022-02-28 15:28:00,1905,1905,1905,1905,0
2022-02-28 15:29:00,1905,1905,1905,1905,0
2022-02-28 15:30:00,1905,1905,1905,1905,0
2022-02-28 15:31:00,1905,1905,1905,1905,0
2022-02-28 15:32:00,1905,1905,1905,1905,0
2022-02-28 15:33:00,1905,1905,1905,1905,0
2022-02-28 15:34:00,1905,1905,1905,1905,0
2022-02-28 15:35:00,1905,1905,1905,1905,0
2022-02-28 15:36:00,1905,1905,1905,1905,0
2022-02-28 15:37:00,1905,1905,1905,1905,0
2022-02-28 15:38:00,1905,1905,1905,1905,0
2022-02-28 15:39:00,1905,1905,1905,1905,0
2022-02-28 15:40:00,1905,1905,1905,1905,0
2022-02-28 15:41:00,1905,1905,1905,1905,0
2022-02-28 15:42:00,1905,1905,1905,1905,0
2022-02-28 15:43:00,1905,1905,1905,1905,0
2022-02-28 15:44:00,1905,1905,1905,1905,0
2022-02-28 15:45:00,1905,1905,1905,1905,0
2022-02-28 15:46:00,1905,1905,1905,1905,0
2022-02-28 15:47:00,1905,1905,1905,1905,0
2022-02-28 15:48:00,1905,1905,1905,1905,0
2022-02-28 15:49:00,1905,1905,1905,1905,0
2022-02-28 15:50:00,1905,1905,1905,1905,0
2022-02-28 15:51:00,1905,1905,1905,1905,0
2022-02-28 15:52:00,1905,1905,1905,1905,0
2022-02-28 15:53:00,1905,1905,1905,1905,0
2022-02-28 15:54:00,1905,1905,1905,1905,0
2022-02-28 15:55:00,1905,1905,1905,1905,0
2022-02-28 15:56:00,1905,1905,1905,1905,0
2022-02-28 15:57:00,1905,1905,1905,1905,0
2022-02-28 15:58:00,1905,1905,1905,1905,0
2022-02-28 15:59:00,1905,1905,1905,1905,0
2022-03-01 09:00:00,1905,1905,1905,1905,0
2022-03-01 09:01:00,1905,1905,1905,1905,0
2022-03-01 09:02:00,1905,1905,1905,1905,0
2022-03-01 09:03:00,1905,1905,1905,1905,0
2022-03-01 09:04:00,1905,1905,1905,1905,0
2022-03-01 09:05:00,1905,1905,1905,1905,0
2022-03-01 09:06:00,1905,1905,1905,1905,0
2022-03-01 09:07:00,1905,1905,1905,1905,0
2022-03-01 09:08:00,1905,1905,1905,1905,0
2022-03-01 09:09:00,1905,1905,1905,1905,0
2022-03-01 09:10:00,1905,1905,1905,1905,0
2022-03-01 09:11:00,1905,1905,1905,1905,0
2022-03-01 09:12:00,1905,1905,1905,1905,0
2022-03-01 09:13:00,1905,1905,1905,1905,0
2022-03-01 09:14:00,1905,1905,1905,1905,0
2022-03-01 09:15:00,1905,1905,1905,1905,0
2022-03-01 09:16:00,1905,1905,1905,1905,0
2022-03-01 09:17:00,1905,1905,1905,1905,0
2022-03-01 09:18:00,1905,1905,1905,1905,0
2022-03-01 09:19:00,1905,1905,1905,1905,0
2022-03-01 09:20:00,1905,1905,1905,1905,0
2022-03-01 09:21:00,1905,1905,1905,1905,0
2022-03-01 09:22:00,1905,1905,1905,1905,0
2022-03-01 09:23:00,1905,1905,1905,1905,0
2022-03-01 09:24:00,1905,1905,1905,1905,0
2022-03-01 09:25:00,1905,1905,1905,1905,0
2022-03-01 09:26:00,1905,1905,1905,1905,0
2022-03-01 09:27:00,1905,1905,1905,1905,0
2022-03-01 09:28:00,1905,1905,1905,1905,0
2022-03-01 09:29:00,1905,1905,1905,1905,0
2022-03-01 09:30:00,1905,1905,1905,1905,0
2022-03-01 09:31:00,1905,1905,1905,1905,0
2022-03-01 09:32:00,1905,1905,1905,1905,0
2022-03-01 09:33:00,1905,1905,1905,1905,0
2022-03-01 09:34:00,1905,1905,1905,1905,0
2022-03-01 09:35:00,1905,1905,1905,1905,0
2022-03-01 09:36:00,1905,1905,1905,1905,0
2022-03-01 09:37:00,1905,1905,1905,1905,0
2022-03-01 09:38:00,1905,1905,1905,1905,0
2022-03-01 09:39:00,1905,1905,1905,1905,0
2022-03-01 09:40:00,1905,1905,1905,1905,0
2022-03-01 09:41:00,1905,1905,1905,1905,0
2022-03-01 09:42:00,1905,1905,1905,1905,0
2022-03-01 09:43:00,1905,1905,1905,1905,0
2022-03-01 09:44:00,1905,1905,1905,1905,0
2022-03-01 09:45:00,1905,1905,1905,1905,0
2022-03-01 09:46:00,1905,1905,1905,1905,0
2022-03-01 09:47:00,1905,1905,1905,1905,0
2022-03-01 09:48:00,1905,1905,1905,1905,0
2022-03-01 09:49:00,1905,1905,1905,1905,0
2022-03-01 09:50:00,1905,1905,1905,1905,0
2022-03-01 09:51:00,1905,1905,1905,1905,0
2022-03-01 09:52:00,1905,1905,1905,1905,0
2022-03-01 09:53:00,1905,1905,1905,1905,0
2022-03-01 09:54:00,1905,1905,1905,1905,0
2022-03-01 09:55:00,1905,1905,1905,1905,0
2022-03-01 09:56:00,1905,1905,1905,1905,0
2022-03-01 09:57:00,1905,1905,1905,1905,0
2022-03-01 09:58:00,1900,1900,1900,1900,0
2022-03-01 09:59:00,1900,1900,1900,1900,0
2022-03-01 10:00:00,1900,1900,1900,1900,0
2022-03-01 10:01:00,1900,1900,1900,1900,0
2022-03-01 10:02:00,1900,1900,1900,1900,0
2022-03-01 10:03:00,1900,1900,1900,1900,0
2022-03-01 10:04:00,1900,1900,1900,1900,0
2022-03-01 10:05:00,1900,1900,1900,1900,0
2022-03-01 10:06:00,1900,1900,1900,1900,0
2022-03-01 10:07:00,1900,1900,1900,1900,0
2022-03-01 10:08:00,1900,1900,1900,1900,0
2022-03-01 10:09:00,1900,1900,1900,1900,0
2022-03-01 10:10:00,1900,1900,1900,1900,0
2022-03-01 10:11:00,1900,1900,1900,1900,0
2022-03-01 10:12:00,1900,1900,1900,1900,0
2022-03-01 10:13:00,1900,1900,1900,1900,0
2022-03-01 10:14:00,1900,1900,1900,1900,0
2022-03-01 10:15:00,1900,1900,1900,1900,0
2022-03-01 10:16:00,1900,1900,1900,1900,0
2022-03-01 10:17:00,1900,1900,1900,1900,0
2022-03-01 10:18:00,1900,1900,1900,1900,0
2022-03-01 10:19:00,1900,1900,1900,1900,0
2022-03-01 10:20:00,1900,1900,1900,1900,0
2022-03-01 10:21:00,1900,1900,1900,1900,0
2022-03-01 10:22:00,1900,1900,1900,1900,0
2022-03-01 10:23:00,1900,1900,1900,1900,0
2022-03-01 10:24:00,1900,1900,1900,1900,0
2022-03-01 10:25:00,1900,1900,1900,1900,0
2022-03-01 10:26:00,1900,1900,1900,1900,0
2022-03-01 10:27:00,1900,1900,1900,1900,0
2022-03-01 10:28:00,1900,1900,1900,1900,0
2022-03-01 10:29:00,1900,1900,1900,1900,0
2022-03-01 10:30:00,1900,1900,1900,1900,0
2022-03-01 10:31:00,1900,1900,1900,1900,0
2022-03-01 10:32:00,1900,1900,1900,1900,0
2022-03-01 10:33:00,1900,1900,1900,1900,0
2022-03-01 10:34:00,1900,1900,1900,1900,0
2022-03-01 10:35:00,1900,1900,1900,1900,0
2022-03-01 10:36:00,1900,1900,1900,1900,0
2022-03-01 10:37:00,1900,1900,1900,1900,0
2022-03-01 10:38:00,1900,1900,1900,1900,0
2022-03-01 10:39:00,1900,1900,1900,1900,0
2022-03-01 10:40:00,1900,1900,1900,1900,0
2022-03-01 10:41:00,1900,1900,1900,1900,0
2022-03-01 10:42:00,1900,1900,1900,1900,0
2022-03-01 10:43:00,1900,1900,1900,1900,0
2022-03-01 10:44:00,1900,1900,1900,1900,0
2022-03-01 10:45:00,1900,1900,1900,1900,0
2022-03-01 10:46:00,1900,1900,1900,1900,0
2022-03-01 10:47:00,1900,1900,1900,1900,0
2022-03-01 10:48:00,1900,1900,1900,1900,0
2022-03-01 10:49:00,1900,1900,1900,1900,0
2022-03-01 10:50:00,1900,1900,1900,1900,0
2022-03-01 10:51:00,1900,1900,1900,1900,0
2022-03-01 10:52:00,1900,1900,1900,1900,0
2022-03-01 10:53:00,1900,1900,1900,1900,0
2022-03-01 10:54:00,1900,1900,1900,1900,0
2022-03-01 10:55:00,1900,1900,1900,1900,0
2022-03-01 10:56:00,1900,1900,1900,1900,0
2022-03-01 10:57:00,1900,1900,1900,1900,0
2022-03-01 10:58:00,1900,1900,1900,1900,0
2022-03-01 10:59:00,1900,1900,1900,1900,0
2022-03-01 11:00:00,1900,1900,1900,1900,0
2022-03-01 11:01:00,1900,1900,1900,1900,0
2022-03-01 11:02:00,1900,1900,1900,1900,0
2022-03-01 11:03:00,1900,1900,1900,1900,0
2022-03-01 11:04:00,1900,1900,1900,1900,0
2022-03-01 11:05:00,1900,1900,1900,1900,0
2022-03-01 11:06:00,1900,1900,1900,1900,0
2022-03-01 11:07:00,1900,1900,1900,1900,0
2022-03-01 11:08:00,1900,1900,1900,1900,0
2022-03-01 11:09:00,1900,1900,1900,1900,0
2022-03-01 11:10:00,1900,1900,1900,1900,0
2022-03-01 11:11:00,1900,1900,1900,1900,0
2022-03-01 11:12:00,1900,1900,1900,1900,0
2022-03-01 11:13:00,1900,1900,1900,1900,0
2022-03-01 11:14:00,1900,1900,1900,1900,0
2022-03-01 11:15:00,1900,1900,1900,1900,0
2022-03-01 11:16:00,1900,1900,1900,1900,0
2022-03-01 11:17:00,1900,1900,1900,1900,0
2022-03-01 11:18:00,1900,1900,1900,1900,0
2022-03-01 11:19:00,1900,1900,1900,1900,0
2022-03-01 11:20:00,1900,1900,1900,1900,0
2022-03-01 11:21:00,1900,1900,1900,1900,0
2022-03-01 11:22:00,1900,1900,1900,1900,0
2022-03-01 11:23:00,1900,1900,1900,1900,0
2022-03-01 11:24:00,1900,1900,1900,1900,0
2022-03-01 11:25:00,1900,1900,1900,1900,0
2022-03-01 11:26:00,1900,1900,1900,1900,0
2022-03-01 11:27:00,1900,1900,1900,1900,0
2022-03-01 11:28:00,1900,1900,1900,1900,0
2022-03-01 11:29:00,1900,1900,1900,1900,0
2022-03-01 11:30:00,1900,1900,1900,1900,0
2022-03-01 11:31:00,1900,1900,1900,1900,0
2022-03-01 11:32:00,1900,1900,1900,1900,0
2022-03-01 11:33:00,1900,1900,1900,1900,0
2022-03-01 11:34:00,1900,1900,1900,1900,0
2022-03-01 11:35:00,1900,1900,1900,1900,0
2022-03-01 11:36:00,1900,1900,1900,1900,0
2022-03-01 11:37:00,1900,1900,1900,1900,0
2022-03-01 11:38:00,1900,1900,1900,1900,0
2022-03-01 11:39:00,1900,1900,1900,1900,0
2022-03-01 11:40:00,1900,1900,1900,1900,0
2022-03-01 11:41:00,1900,1900,1900,1900,0
2022-03-01 11:42:00,1900,1900,1900,1900,0
2022-03-01 11:43:00,1900,1900,1900,1900,0
2022-03-01 11:44:00,1900,1900,1900,1900,0
2022-03-01 11:45:00,1900,1900,1900,1900,0
2022-03-01 11:46:00,1900,1900,1900,1900,0
2022-03-01 11:47:00,1900,1900,1900,1900,0
2022-03-01 11:48:00,1900,1900,1900,1900,0
2022-03-01 11:49:00,1900,1900,1900,1900,0
2022-03-01 11:50:00,1900,1900,1900,1900,0
2022-03-01 11:51:00,1900,1900,1900,1900,0
2022-03-01 11:52:00,1900,1900,1900,1900,0
2022-03-01 11:53:00,1900,1900,1900,1900,0
2022-03-01 11:54:00,1900,1900,1900,1900,0
2022-03-01 11:55:00,1900,1900,1900,1900,0
2022-03-01 11:56:00,1900,1900,1900,1900,0
2022-03-01 11:57:00,1900,1900,1900,1900,0
2022-03-01 11:58:00,1900,1900,1900,1900,0
2022-03-01 11:59:00,1900,1900,1900,1900,0
2022-03-01 12:00:00,1900,1900,1900,1900,0
2022-03-01 12:01:00,1900,1900,1900,1900,0
2022-03-01 12:02:00,1900,1900,1900,1900,0
2022-03-01 12:03:00,1900,1900,1900,1900,0
2022-03-01 12:04:00,1900,1900,1900,1900,0
2022-03-01 12:05:00,1900,1900,1900,1900,0
2022-03-01 12:06:00,1900,1900,1900,1900,0
2022-03-01 12:07:00,1900,1900,1900,1900,0
2022-03-01 12:08:00,1900,1900,1900,1900,0
2022-03-01 12:09:00,1900,1900,1900,1900,0
2022-03-01 12:10:00,1900,1900,1900,1900,0
2022-03-01 12:11:00,1900,1900,1900,1900,0
2022-03-01 12:12:00,1900,1900,1900,1900,0
2022-03-01 12:13:00,1900,1900,1900,1900,0
2022-03-01 12:14:00,1900,1900,1900,1900,0
2022-03-01 12:15:00,1900,1900,1900,1900,0
2022-03-01 12:16:00,1900,1900,1900,1900,0
2022-03-01 12:17:00,1900,1900,1900,1900,0
2022-03-01 12:18:00,1900,1900,1900,1900,0
2022-03-01 12:19:00,1900,1900,1900,1900,0
2022-03-01 12:20:00,1900,1900,1900,1900,0
2022-03-01 12:21:00,1900,1900,1900,1900,0
2022-03-01 12:22:00,1900,1900,1900,1900,0
2022-03-01 12:23:00,1900,1900,1900,1900,0
2022-03-01 12:24:00,1900,1900,1900,1900,0
2022-03-01 12:25:00,1900,1900,1900,1900,0
2022-03-01 12:26:00,1900,1900,1900,1900,0
2022-03-01 12:27:00,1900,1900,1900,1900,0
2022-03-01 12:28:00,1900,1900,1900,1900,0
2022-03-01 12:29:00,1900,1900,1900,1900,0
2022-03-01 12:30:00,1900,1900,1900,1900,0
2022-03-01 12:31:00,1900,1900,1900,1900,0
2022-03-01 12:32:00,1900,1900,1900,1900,0
2022-03-01 12:33:00,1900,1900,1900,1900,0
2022-03-01 12:34:00,1900,1900,1900,1900,0
2022-03-01 12:35:00,1900,1900,1900,1900,0
2022-03-01 12:36:00,1900,1900,1900,1900,0
2022-03-01 12:37:00,1900,1900,1900,1900,0
2022-03-01 12:38:00,1900,1900,1900,1900,0
2022-03-01 12:39:00,1900,1900,1900,1900,0
2022-03-01 12:40:00,1900,1900,1900,1900,0
2022-03-01 12:41:00,1900,1900,1900,1900,0
2022-03-01 12:42:00,1900,1900,1900,1900,0
2022-03-01 12:43:00,1900,1900,1900,1900,0
2022-03-01 12:44:00,1900,1900,1900,1900,0
2022-03-01 12:45:00,1900,1900,1900,1900,0
2022-03-01 12:46:00,1900,1900,1900,1900,0
2022-03-01 12:47:00,1900,1900,1900,1900,0
2022-03-01 12:48:00,1900,1900,1900,1900,0
2022-03-01 12:49:00,1900,1900,1900,1900,0
2022-03-01 12:50:00,1900,1900,1900,1900,0
2022-03-01 12:51:00,1900,1900,1900,1900,0
2022-03-01 12:52:00,1900,1900,1900,1900,0
2022-03-01 12:53:00,1900,1900,1900,1900,0
2022-03-01 12:54:00,1900,1900,1900,1900,0
2022-03-01 12:55:00,1900,1900,1900,1900,0
2022-03-01 12:56:00,1900,1900,1900,1900,0
2022-03-01 12:57:00,1900,1900,1900,1900,0
2022-03-01 12:58:00,1900,1900,1900,1900,0
2022-03-01 12:59:00,1900,1900,1900,1900,0
2022-03-01 13:00:00,1900,1900,1900,1900,0
2022-03-01 13:01:00,1900,1900,1900,1900,0
2022-03-01 13:02:00,1900,1900,1900,1900,0
2022-03-01 13:03:00,1900,1900,1900,1900,0
2022-03-01 13:04:00,1900,1900,1900,1900,0
2022-03-01 13:05:00,1900,1900,1900,1900,0
2022-03-01 13:06:00,1900,1900,1900,1900,0
2022-03-01 13:07:00,1900,1900,1900,1900,0
2022-03-01 13:08:00,1900,1900,1900,1900,0
2022-03-01 13:09:00,1900,1900,1900,1900,0
2022-03-01 13:10:00,1900,1900,1900,1900,0
2022-03-01 13:11:00,1900,1900,1900,1900,0
2022-03-01 13:12:00,1900,1900,1900,1900,0
2022-03-01 13:13:00,1900,1900,1900,1900,0
2022-03-01 13:14:00,1900,1900,1900,1900,0
2022-03-01 13:15:00,1900,1900,1900,1900,0
2022-03-01 13:16:00,1900,1900,1900,1900,0
2022-03-01 13:17:00,1900,1900,1900,1900,0
2022-03-01 13:18:00,1900,1900,1900,1900,0
2022-03-01 13:19:00,1900,1900,1900,1900,0
2022-03-01 13:20:00,1900,1900,1900,1900,0
2022-03-01 13:21:00,1900,1900,1900,1900,0
2022-03-01 13:22:00,1900,1900,1900,1900,0
2022-03-01 13:23:00,1900,1900,1900,1900,0
2022-03-01 13:24:00,1900,1900,1900,1900,0
2022-03-01 13:25:00,1900,1900,1900,1900,0
2022-03-01 13:26:00,1900,1900,1900,1900,0
2022-03-01 13:27:00,1900,1900,1900,1900,0
2022-03-01 13:28:00,1900,1900,1900,1900,0
2022-03-01 13:29:00,1900,1900,1900,1900,0
2022-03-01 13:30:00,1900,1900,1900,1900,0
2022-03-01 13:31:00,1900,1900,1900,1900,0
2022-03-01 13:32:00,1900,1900,1900,1900,0
2022-03-01 13:33:00,1900,1900,1900,1900,0
2022-03-01 13:34:00,1900,1900,1900,1900,0
2022-03-01 13:35:00,1900,1900,1900,1900,0
2022-03-01 13:36:00,1900,1900,1900,1900,0
2022-03-01 13:37:00,1900,1900,1900,1900,0
2022-03-01 13:38:00,1900,1900,1900,1900,0
2022-03-01 13:39:00,1900,1900,1900,1900,0
2022-03-01 13:40:00,1900,1900,1900,1900,0
2022-03-01 13:41:00,1900,1900,1900,1900,0
2022-03-01 13:42:00,1900,1900,1900,1900,0
2022-03-01 13:43:00,1900,1900,1900,1900,0
2022-03-01 13:44:00,1900,1900,1900,1900,0
2022-03-01 13:45:00,1900,1900,1900,1900,0
2022-03-01 13:46:00,1900,1900,1900,1900,0
2022-03-01 13:47:00,1900,1900,1900,1900,0
2022-03-01 13:48:00,1900,1900,1900,1900,0
2022-03-01 13:49:00,1900,1900,1900,1900,0
2022-03-01 13:50:00,1900,1900,1900,1900,0
2022-03-01 13:51:00,1900,1900,1900,1900,0
2022-03-01 13:52:00,1900,1900,1900,1900,0
2022-03-01 13:53:00,1900,1900,1900,1900,0
2022-03-01 13:54:00,1900,1900,1900,1900,0
2022-03-01 13:55:00,1900,1900,1900,1900,0
2022-03-01 13:56:00,1900,1900,1900,1900,0
2022-03-01 13:57:00,1900,1900,1900,1900,0
2022-03-01 13:58:00,1900,1900,1900,1900,0
2022-03-01 13:59:00,1900,1900,1900,1900,0
2022-03-01 14:00:00,1900,1900,1900,1900,0
2022-03-01 14:01:00,1900,1900,1900,1900,0
2022-03-01 14:02:00,1900,1900,1900,1900,0
2022-03-01 14:03:00,1900,1900,1900,1900,0
2022-03-01 14:04:00,1900,1900,1900,1900,0
2022-03-01 14:05:00,1900,1900,1900,1900,0
2022-03-01 14:06:00,1900,1900,1900,1900,0
2022-03-01 14:07:00,1900,1900,1900,1900,0
2022-03-01 14:08:00,1900,1900,1900,1900,0
2022-03-01 14:09:00,1900,1900,1900,1900,0
2022-03-01 14:10:00,1900,1900,1900,1900,0
2022-03-01 14:11:00,1900,1900,1900,1900,0
2022-03-01 14:12:00,1900,1900,1900,1900,0
2022-03-01 14:13:00,1900,1900,1900,1900,0
2022-03-01 14:14:00,1900,1900,1900,1900,0
2022-03-01 14:15:00,1900,1900,1900,1900,0
2022-03-01 14:16:00,1900,1900,1900,1900,0
2022-03-01 14:17:00,1900,1900,1900,1900,0
2022-03-01 14:18:00,1900,1900,1900,1900,0
2022-03-01 14:19:00,1900,1900,1900,1900,0
2022-03-01 14:20:00,1900,1900,1900,1900,0
2022-03-01 14:21:00,1900,1900,1900,1900,0
2022-03-01 14:22:00,1900,1900,1900,1900,0
2022-03-01 14:23:00,1900,1900,1900,1900,0
2022-03-01 14:24:00,1900,1900,1900,1900,0
2022-03-01 14:25:00,1900,1900,1900,1900,0
2022-03-01 14:26:00,1900,1900,1900,1900,0
2022-03-01 14:27:00,1900,1900,1900,1900,0
2022-03-01 14:28:00,1900,1900,1900,1900,0
2022-03-01 14:29:00,1900,1900,1900,1900,0
2022-03-01 14:30:00,1900,1900,1900,1900,0
2022-03-01 14:31:00,1900,1900,1900,1900,0
2022-03-01 14:32:00,1900,1900,1900,1900,0
2022-03-01 14:33:00,1900,1900,1900,1900,0
2022-03-01 14:34:00,1900,1900,1900,1900,0
2022-03-01 14:35:00,1900,1900,1900,1900,0
2022-03-01 14:36:00,1900,1900,1900,1900,0
2022-03-01 14:37:00,1900,1900,1900,1900,0
2022-03-01 14:38:00,1900,1900,1900,1900,0
2022-03-01 14:39:00,1900,1900,1900,1900,0
2022-03-01 14:40:00,1900,1900,1900,1900,0
2022-03-01 14:41:00,1900,1900,1900,1900,0
2022-03-01 14:42:00,1900,1900,1900,1900,0
2022-03-01 14:43:00,1900,1900,1900,1900,0
2022-03-01 14:44:00,1900,1900,1900,1900,0
2022-03-01 14:45:00,1900,1900,1900,1900,0
2022-03-01 14:46:00,1900,1900,1900,1900,0
2022-03-01 14:47:00,1900,1900,1900,1900,0
2022-03-01 14:48:00,1900,1900,1900,1900,0
2022-03-01 14:49:00,1900,1900,1900,1900,0
2022-03-01 14:50:00,1900,1900,1900,1900,0
2022-03-01 14:51:00,1900,1900,1900,1900,0
2022-03-01 14:52:00,1900,1900,1900,1900,0
2022-03-01 14:53:00,1900,1900,1900,1900,0
2022-03-01 14:54:00,1900,1900,1900,1900,0
2022-03-01 14:55:00,1900,1900,1900,1900,0
2022-03-01 14:56:00,1900,1900,1900,1900,0
2022-03-01 14:57:00,1900,1900,1900,1900,0
2022-03-01 14:58:00,1900,1900,1900,1900,0
2022-03-01 14:59:00,1900,1900,1900,1900,0
2022-03-01 15:00:00,1900,1900,1900,1900,100
2022-03-01 15:01:00,1900,1900,1900,1900,0
2022-03-01 15:02:00,1900,1900,1900,1900,0
2022-03-01 15:03:00,1900,1900,1900,1900,0
2022-03-01 15:04:00,1900,1900,1900,1900,0
2022-03-01 15:05:00,1900,1900,1900,1900,0
2022-03-01 15:06:00,1900,1900,1900,1900,0
2022-03-01 15:07:00,1900,1900,1900,1900,0
2022-03-01 15:08:00,1900,1900,1900,1900,0
2022-03-01 15:09:00,1900,1900,1900,1900,0
2022-03-01 15:10:00,1900,1900,1900,1900,0
2022-03-01 15:11:00,1900,1900,1900,1900,0
2022-03-01 15:12:00,1900,1900,1900,1900,0
2022-03-01 15:13:00,1900,1900,1900,1900,0
2022-03-01 15:14:00,1900,1900,1900,1900,0
2022-03-01 15:15:00,1900,1900,1900,1900,0
2022-03-01 15:16:00,1900,1900,1900,1900,0
2022-03-01 15:17:00,1900,1900,1900,1900,0
2022-03-01 15:18:00,1900,1900,1900,1900,0
2022-03-01 15:19:00,1900,1900,1900,1900,0
2022-03-01 15:20:00,1900,1900,1900,1900,0
2022-03-01 15:21:00,1900,1900,1900,1900,0
2022-03-01 15:22:00,1900,1900,1900,1900,0
2022-03-01 15:23:00,1900,1900,1900,1900,0
2022-03-01 15:24:00,1900,1900,1900,1900,0
2022-03-01 15:25:00,1900,1900,1900,1900,0
2022-03-01 15:26:00,1900,1900,1900,1900,0
2022-03-01 15:27:00,1900,1900,1900,1900,0
2022-03-01 15:28:00,1900,1900,1900,1900,0
2022-03-01 15:29:00,1900,1900,1900,1900,0
2022-03-01 15:30:00,1900,1900,1900,1900,0
2022-03-01 15:31:00,1900,1900,1900,1900,0
2022-03-01 15:32:00,1900,1900,1900,1900,0
2022-03-01 15:33:00,1900,1900,1900,1900,0
2022-03-01 15:34:00,1900,1900,1900,1900,0
2022-03-01 15:35:00,1900,1900,1900,1900,0
2022-03-01 15:36:00,1900,1900,1900,1900,0
2022-03-01 15:37:00,1900,1900,1900,1900,0
2022-03-01 15:38:00,1900,1900,1900,1900,0
2022-03-01 15:39:00,1900,1900,1900,1900,0
2022-03-01 15:40:00,1900,1900,1900,1900,0
2022-03-01 15:41:00,1900,1900,1900,1900,0
2022-03-01 15:42:00,1900,1900,1900,1900,0
2022-03-01 15:43:00,1900,1900,1900,1900,0
2022-03-01 15:44:00,1900,1900,1900,1900,0
2022-03-01 15:45:00,1900,1900,1900,1900,0
2022-03-01 15:46:00,1900,1900,1900,1900,0
2022-03-01 15:47:00,1900,1900,1900,1900,0
2022-03-01 15:48:00,1900,1900,1900,1900,0
2022-03-01 15:49:00,1900,1900,1900,1900,0
2022-03-01 15:50:00,1900,1900,1900,1900,0
2022-03-01 15:51:00,1900,1900,1900,1900,0
2022-03-01 15:52:00,1900,1900,1900,1900,0
2022-03-01 15:53:00,1900,1900,1900,1900,0
2022-03-01 15:54:00,1900,1900,1900,1900,0
2022-03-01 15:55:00,1900,1900,1900,1900,0
2022-03-01 15:56:00,1900,1900,1900,1900,0
2022-03-01 15:57:00,1900,1900,1900,1900,0
2022-03-01 15:58:00,1900,1900,1900,1900,0
2022-03-01 15:59:00,1900,1900,1900,1900,0
2022-03-02 09:00:00,1900,1900,1900,1900,0
2022-03-02 09:01:00,1900,1900,1900,1900,0
2022-03-02 09:02:00,1900,1900,1900,1900,0
2022-03-02 09:03:00,1900,1900,1900,1900,0
2022-03-02 09:04:00,1900,1900,1900,1900,0
2022-03-02 09:05:00,1900,1900,1900,1900,0
2022-03-02 09:06:00,1900,1900,1900,1900,0
2022-03-02 09:07:00,1900,1900,1900,1900,0
2022-03-02 09:08:00,1900,1900,1900,1900,0
2022-03-02 09:09:00,1900,1900,1900,1900,0
2022-03-02 09:10:00,1900,1900,1900,1900,0
2022-03-02 09:11:00,1900,1900,1900,1900,0
2022-03-02 09:12:00,1900,1900,1900,1900,0
2022-03-02 09:13:00,1900,1900,1900,1900,0
2022-03-02 09:14:00,1900,1900,1900,1900,0
2022-03-02 09:15:00,1900,1900,1900,1900,0
2022-03-02 09:16:00,1900,1900,1900,1900,0
2022-03-02 09:17:00,1900,1900,1900,1900,0
2022-03-02 09:18:00,1900,1900,1900,1900,0
2022-03-02 09:19:00,1900,1900,1900,1900,0
2022-03-02 09:20:00,1900,1900,1900,1900,0
2022-03-02 09:21:00,1900,1900,1900,1900,0
2022-03-02 09:22:00,1900,1900,1900,1900,0
2022-03-02 09:23:00,1900,1900,1900,1900,0
2022-03-02 09:24:00,1900,1900,1900,1900,0
2022-03-02 09:25:00,1900,1900,1900,1900,0
2022-03-02 09:26:00,1900,1900,1900,1900,0
2022-03-02 09:27:00,1900,1900,1900,1900,0
2022-03-02 09:28:00,1900,1900,1900,1900,0
2022-03-02 09:29:00,1900,1900,1900,1900,0
2022-03-02 09:30:00,1900,1900,1900,1900,0
2022-03-02 09:31:00,1900,1900,1900,1900,0
2022-03-02 09:32:00,1900,1900,1900,1900,0
2022-03-02 09:33:00,1900,1900,1900,1900,0
2022-03-02 09:34:00,1900,1900,1900,1900,0
2022-03-02 09:35:00,1900,1900,1900,1900,0
2022-03-02 09:36:00,1900,1900,1900,1900,0
2022-03-02 09:37:00,1900,1900,1900,1900,0
2022-03-02 09:38:00,1900,1900,1900,1900,0
2022-03-02 09:39:00,1900,1900,1900,1900,0
2022-03-02 09:40:00,1900,1900,1900,1900,0
2022-03-02 09:41:00,1900,1900,1900,1900,0
2022-03-02 09:42:00,1900,1900,1900,1900,0
2022-03-02 09:43:00,1900,1900,1900,1900,0
2022-03-02 09:44:00,1900,1900,1900,1900,0
2022-03-02 09:45:00,1900,1900,1900,1900,0
2022-03-02 09:46:00,1900,1900,1900,1900,0
2022-03-02 09:47:00,1900,1900,1900,1900,0
2022-03-02 09:48:00,1900,1900,1900,1900,0
2022-03-02 09:49:00,1900,1900,1900,1900,0
2022-03-02 09:50:00,1900,1900,1900,1900,0
2022-03-02 09:51:00,1900,1900,1900,1900,0
2022-03-02 09:52:00,1900,1900,1900,1900,0
2022-03-02 09:53:00,1900,1900,1900,1900,0
2022-03-02 09:54:00,1900,1900,1900,1900,0
2022-03-02 09:55:00,1900,1900,1900,1900,0
2022-03-02 09:56:00,1900,1900,1900,1900,0
2022-03-02 09:57:00,1900,1900,1900,1900,0
2022-03-02 09:58:00,1900,1900,1900,1900,0
2022-03-02 09:59:00,1900,1900,1900,1900,0
2022-03-02 10:00:00,1900,1900,1900,1900,0
2022-03-02 10:01:00,1900,1900,1900,1900,0
2022-03-02 10:02:00,1900,1900,1900,1900,0
2022-03-02 10:03:00,1900,1900,1900,1900,0
2022-03-02 10:04:00,1900,1900,1900,1900,0
2022-03-02 10:05:00,1900,1900,1900,1900,0
2022-03-02 10:06:00,1900,1900,1900,1900,0
2022-03-02 10:07:00,1900,1900,1900,1900,0
2022-03-02 10:08:00,1900,1900,1900,1900,0
2022-03-02 10:09:00,1900,1900,1900,1900,0
2022-03-02 10:10:00,1900,1900,1900,1900,0
2022-03-02 10:11:00,1900,1900,1900,1900,0
2022-03-02 10:12:00,1900,1900,1900,1900,0
2022-03-02 10:13:00,1900,1900,1900,1900,0
2022-03-02 10:14:00,1900,1900,1900,1900,0
2022-03-02 10:15:00,1900,1900,1900,1900,0
2022-03-02 10:16:00,1900,1900,1900,1900,0
2022-03-02 10:17:00,1900,1900,1900,1900,0
2022-03-02 10:18:00,1900,1900,1900,1900,0
2022-03-02 10:19:00,1900,1900,1900,1900,0
2022-03-02 10:20:00,1900,1900,1900,1900,0
2022-03-02 10:21:00,1900,1900,1900,1900,0
2022-03-02 10:22:00,1900,1900,1900,1900,0
2022-03-02 10:23:00,1900,1900,1900,1900,0
2022-03-02 10:24:00,1900,1900,1900,1900,0
2022-03-02 10:25:00,1900,1900,1900,1900,0
2022-03-02 10:26:00,1900,1900,1900,1900,0
2022-03-02 10:27:00,1900,1900,1900,1900,0
2022-03-02 10:28:00,1900,1900,1900,1900,0
2022-03-02 10:29:00,1900,1900,1900,1900,0
2022-03-02 10:30:00,1900,1900,1900,1900,0
2022-03-02 10:31:00,1900,1900,1900,1900,0
2022-03-02 10:32:00,1900,1900,1900,1900,0
2022-03-02 10:33:00,1900,1900,1900,1900,0
2022-03-02 10:34:00,1900,1900,1900,1900,0
2022-03-02 10:35:00,1900,1900,1900,1900,0
2022-03-02 10:36:00,1900,1900,1900,1900,0
2022-03-02 10:37:00,1900,1900,1900,1900,0
2022-03-02 10:38:00,1900,1900,1900,1900,0
2022-03-02 10:39:00,1900,1900,1900,1900,0
2022-03-02 10:40:00,1900,1900,1900,1900,0
2022-03-02 10:41:00,1900,1900,1900,1900,0
2022-03-02 10:42:00,1900,1900,1900,1900,0
2022-03-02 10:43:00,1900,1900,1900,1900,0
2022-03-02 10:44:00,1900,1900,1900,1900,0
2022-03-02 10:45:00,1900,1900,1900,1900,0
2022-03-02 10:46:00,1900,1900,1900,1900,0
2022-03-02 10:47:00,1900,1900,1900,1900,0
2022-03-02 10:48:00,1900,1900,1900,1900,0
2022-03-02 10:49:00,1900,1900,1900,1900,0
2022-03-02 10:50:00,1900,1900,1900,1900,0
2022-03-02 10:51:00,1900,1900,1900,1900,0
2022-03-02 10:52:00,1900,1900,1900,1900,0
2022-03-02 10:53:00,1900,1900,1900,1900,0
2022-03-02 10:54:00,1900,1900,1900,1900,0
2022-03-02 10:55:00,1900,1900,1900,1900,0
2022-03-02 10:56:00,1900,1900,1900,1900,0
2022-03-02 10:57:00,1900,1900,1900,1900,0
2022-03-02 10:58:00,1900,1900,1900,1900,0
2022-03-02 10:59:00,1900,1900,1900,1900,0
2022-03-02 11:00:00,1900,1900,1900,1900,0
2022-03-02 11:01:00,1900,1900,1900,1900,0
2022-03-02 11:02:00,1900,1900,1900,1900,0
2022-03-02 11:03:00,1900,1900,1900,1900,0
2022-03-02 11:04:00,1900,1900,1900,1900,0
2022-03-02 11:05:00,1900,1900,1900,1900,0
2022-03-02 11:06:00,1900,1900,1900,1900,0
2022-03-02 11:07:00,1900,1900,1900,1900,0
2022-03-02 11:08:00,1900,1900,1900,1900,0
2022-03-02 11:09:00,1900,1900,1900,1900,0
2022-03-02 11:10:00,1900,1900,1900,1900,0
2022-03-02 11:11:00,1900,1900,1900,1900,0
2022-03-02 11:12:00,1900,1900,1900,1900,0
2022-03-02 11:13:00,1900,1900,1900,1900,0
2022-03-02 11:14:00,1900,1900,1900,1900,0
2022-03-02 11:15:00,1900,1900,1900,1900,0
2022-03-02 11:16:00,1900,1900,1900,1900,0
2022-03-02 11:17:00,1900,1900,1900,1900,0
2022-03-02 11:18:00,1900,1900,1900,1900,0
2022-03-02 11:19:00,1900,1900,1900,1900,0
2022-03-02 11:20:00,1900,1900,1900,1900,0
2022-03-02 11:21:00,1900,1900,1900,1900,0
2022-03-02 11:22:00,1900,1900,1900,1900,0
2022-03-02 11:23:00,1900,1900,1900,1900,0
2022-03-02 11:24:00,1900,1900,1900,1900,0
2022-03-02 11:25:00,1900,1900,1900,1900,0
2022-03-02 11:26:00,1900,1900,1900,1900,0
2022-03-02 11:27:00,1900,1900,1900,1900,0
2022-03-02 11:28:00,1900,1900,1900,1900,0
2022-03-02 11:29:00,1900,1900,1900,1900,0
2022-03-02 11:30:00,1900,1900,1900,1900,0
2022-03-02 11:31:00,1900,1900,1900,1900,0
2022-03-02 11:32:00,1900,1900,1900,1900,0
2022-03-02 11:33:00,1900,1900,1900,1900,0
2022-03-02 11:34:00,1900,1900,1900,1900,0
2022-03-02 11:35:00,1900,1900,1900,1900,0
2022-03-02 11:36:00,1900,1900,1900,1900,0
2022-03-02 11:37:00,1900,1900,1900,1900,0
2022-03-02 11:38:00,1900,1900,1900,1900,0
2022-03-02 11:39:00,1900,1900,1900,1900,0
2022-03-02 11:40:00,1900,1900,1900,1900,0
2022-03-02 11:41:00,1900,1900,1900,1900,0
2022-03-02 11:42:00,1900,1900,1900,1900,0
2022-03-02 11:43:00,1900,1900,1900,1900,0
2022-03-02 11:44:00,1900,1900,1900,1900,0
2022-03-02 11:45:00,1900,1900,1900,1900,0
2022-03-02 11:46:00,1900,1900,1900,1900,0
2022-03-02 11:47:00,1900,1900,1900,1900,0
2022-03-02 11:48:00,1900,1900,1900,1900,0
2022-03-02 11:49:00,1900,1900,1900,1900,0
2022-03-02 11:50:00,1900,1900,1900,1900,0
2022-03-02 11:51:00,1900,1900,1900,1900,0
2022-03-02 11:52:00,1900,1900,1900,1900,0
2022-03-02 11:53:00,1900,1900,1900,1900,0
2022-03-02 11:54:00,1900,1900,1900,1900,0
2022-03-02 11:55:00,1900,1900,1900,1900,0
2022-03-02 11:56:00,1900,1900,1900,1900,0
2022-03-02 11:57:00,1900,1900,1900,1900,0
2022-03-02 11:58:00,1900,1900,1900,1900,0
2022-03-02 11:59:00,1900,1900,1900,1900,0
2022-03-02 12:00:00,1900,1900,1900,1900,0
2022-03-02 12:01:00,1900,1900,1900,1900,0
2022-03-02 12:02:00,1900,1900,1900,1900,0
2022-03-02 12:03:00,1900,1900,1900,1900,0
2022-03-02 12:04:00,1900,1900,1900,1900,0
2022-03-02 12:05:00,1900,1900,1900,1900,0
2022-03-02 12:06:00,1900,1900,1900,1900,0
2022-03-02 12:07:00,1900,1900,1900,1900,0
2022-03-02 12:08:00,1900,1900,1900,1900,0
2022-03-02 12:09:00,1900,1900,1900,1900,0
2022-03-02 12:10:00,1900,1900,1900,1900,0
2022-03-02 12:11:00,1900,1900,1900,1900,0
2022-03-02 12:12:00,1900,1900,1900,1900,0
2022-03-02 12:13:00,1900,1900,1900,1900,0
2022-03-02 12:14:00,1900,1900,1900,1900,0
2022-03-02 12:15:00,1900,1900,1900,1900,0
2022-03-02 12:16:00,1900,1900,1900,1900,0
2022-03-02 12:17:00,1900,1900,1900,1900,0
2022-03-02 12:18:00,1900,1900,1900,1900,0
2022-03-02 12:19:00,1900,1900,1900,1900,0
2022-03-02 12:20:00,1900,1900,1900,1900,0
2022-03-02 12:21:00,1900,1900,1900,1900,0
2022-03-02 12:22:00,1900,1900,1900,1900,0
2022-03-02 12:23:00,1900,1900,1900,1900,0
2022-03-02 12:24:00,1900,1900,1900,1900,0
2022-03-02 12:25:00,1900,1900,1900,1900,0
2022-03-02 12:26:00,1900,1900,1900,1900,0
2022-03-02 12:27:00,1900,1900,1900,1900,0
2022-03-02 12:28:00,1900,1900,1900,1900,0
2022-03-02 12:29:00,1900,1900,1900,1900,0
2022-03-02 12:30:00,1900,1900,1900,1900,0
2022-03-02 12:31:00,1900,1900,1900,1900,0
2022-03-02 12:32:00,1900,1900,1900,1900,0
2022-03-02 12:33:00,1900,1900,1900,1900,0
2022-03-02 12:34:00,1900,1900,1900,1900,0
2022-03-02 12:35:00,1900,1900,1900,1900,0
2022-03-02 12:36:00,1900,1900,1900,1900,0
2022-03-02 12:37:00,1900,1900,1900,1900,0
2022-03-02 12:38:00,1900,1900,1900,1900,0
2022-03-02 12:39:00,1900,1900,1900,1900,0
2022-03-02 12:40:00,1900,1900,1900,1900,0
2022-03-02 12:41:00,1900,1900,1900,1900,0
2022-03-02 12:42:00,1900,1900,1900,1900,0
2022-03-02 12:43:00,1900,1900,1900,1900,0
2022-03-02 12:44:00,1900,1900,1900,1900,0
2022-03-02 12:45:00,1900,1900,1900,1900,0
2022-03-02 12:46:00,1900,1900,1900,1900,0
2022-03-02 12:47:00,1900,1900,1900,1900,0
2022-03-02 12:48:00,1900,1900,1900,1900,0
2022-03-02 12:49:00,1900,1900,1900,1900,0
2022-03-02 12:50:00,1900,1900,1900,1900,0
2022-03-02 12:51:00,1900,1900,1900,1900,0
2022-03-02 12:52:00,1900,1900,1900,1900,0
2022-03-02 12:53:00,1900,1900,1900,1900,0
2022-03-02 12:54:00,1900,1900,1900,1900,0
2022-03-02 12:55:00,1900,1900,1900,1900,0
2022-03-02 12:56:00,1900,1900,1900,1900,0
2022-03-02 12:57:00,1900,1900,1900,1900,0
2022-03-02 12:58:00,1900,1900,1900,1900,0
2022-03-02 12:59:00,1900,1900,1900,1900,0
2022-03-02 13:00:00,1900,1900,1900,1900,0
2022-03-02 13:01:00,1900,1900,1900,1900,0
2022-03-02 13:02:00,1900,1900,1900,1900,0
2022-03-02 13:03:00,1900,1900,1900,1900,0
2022-03-02 13:04:00,1900,1900,1900,1900,0
2022-03-02 13:05:00,1900,1900,1900,1900,0
2022-03-02 13:06:00,1900,1900,1900,1900,0
2022-03-02 13:07:00,1900,1900,1900,1900,0
2022-03-02 13:08:00,1900,1900,1900,1900,0
2022-03-02 13:09:00,1900,1900,1900,1900,0
2022-03-02 13:10:00,1900,1900,1900,1900,0
2022-03-02 13:11:00,1900,1900,1900,1900,0
2022-03-02 13:12:00,1900,1900,1900,1900,0
2022-03-02 13:13:00,1900,1900,1900,1900,0
2022-03-02 13:14:00,1900,1900,1900,1900,0
2022-03-02 13:15:00,1900,1900,1900,1900,0
2022-03-02 13:16:00,1900,1900,1900,1900,0
2022-03-02 13:17:00,1900,1900,1900,1900,0
2022-03-02 13:18:00,1900,1900,1900,1900,0
2022-03-02 13:19:00,1900,1900,1900,1900,0
2022-03-02 13:20:00,1900,1900,1900,1900,0
2022-03-02 13:21:00,1900,1900,1900,1900,0
2022-03-02 13:22:00,1900,1900,1900,1900,0
2022-03-02 13:23:00,1900,1900,1900,1900,0
2022-03-02 13:24:00,1900,1900,1900,1900,0
2022-03-02 13:25:00,1900,1900,1900,1900,0
2022-03-02 13:26:00,1900,1900,1900,1900,0
2022-03-02 13:27:00,1900,1900,1900,1900,0
2022-03-02 13:28:00,1900,1900,1900,1900,0
2022-03-02 13:29:00,1900,1900,1900,1900,0
2022-03-02 13:30:00,1900,1900,1900,1900,0
2022-03-02 13:31:00,1900,1900,1900,1900,0
2022-03-02 13:32:00,1900,1900,1900,1900,0
2022-03-02 13:33:00,1900,1900,1900,1900,0
2022-03-02 13:34:00,1900,1900,1900,1900,0
2022-03-02 13:35:00,1900,1900,1900,1900,0
2022-03-02 13:36:00,1900,1900,1900,1900,0
2022-03-02 13:37:00,1900,1900,1900,1900,0
2022-03-02 13:38:00,1900,1900,1900,1900,0
2022-03-02 13:39:00,1900,1900,1900,1900,0
2022-03-02 13:40:00,1900,1900,1900,1900,0
2022-03-02 13:41:00,1900,1900,1900,1900,0
2022-03-02 13:42:00,1900,1900,1900,1900,0
2022-03-02 13:43:00,1900,1900,1900,1900,0
2022-03-02 13:44:00,1900,1900,1900,1900,0
2022-03-02 13:45:00,1900,1900,1900,1900,0
2022-03-02 13:46:00,1900,1900,1900,1900,0
2022-03-02 13:47:00,1900,1900,1900,1900,0
2022-03-02 13:48:00,1900,1900,1900,1900,0
2022-03-02 13:49:00,1900,1900,1900,1900,0
2022-03-02 13:50:00,1900,1900,1900,1900,0
2022-03-02 13:51:00,1900,1900,1900,1900,0
2022-03-02 13:52:00,1900,1900,1900,1900,0
2022-03-02 13:53:00,1900,1900,1900,1900,0
2022-03-02 13:54:00,1900,1900,1900,1900,0
2022-03-02 13:55:00,1900,1900,1900,1900,0
2022-03-02 13:56:00,1900,1900,1900,1900,0
2022-03-02 13:57:00,1900,1900,1900,1900,0
2022-03-02 13:58:00,1900,1900,1900,1900,0
2022-03-02 13:59:00,1900,1900,1900,1900,0
2022-03-02 14:00:00,1900,1900,1900,1900,0
2022-03-02 14:01:00,1900,1900,1900,1900,0
2022-03-02 14:02:00,1900,1900,1900,1900,0
2022-03-02 14:03:00,1900,1900,1900,1900,0
2022-03-02 14:04:00,1900,1900,1900,1900,0
2022-03-02 14:05:00,1900,1900,1900,1900,0
2022-03-02 14:06:00,1900,1900,1900,1900,0
2022-03-02 14:07:00,1900,1900,1900,1900,0
2022-03-02 14:08:00,1900,1900,1900,1900,0
2022-03-02 14:09:00,1900,1900,1900,1900,0
2022-03-02 14:10:00,1900,1900,1900,1900,0
2022-03-02 14:11:00,1900,1900,1900,1900,0
2022-03-02 14:12:00,1900,1900,1900,1900,0
2022-03-02 14:13:00,1900,1900,1900,1900,0
2022-03-02 14:14:00,1900,1900,1900,1900,0
2022-03-02 14:15:00,1900,1900,1900,1900,0
2022-03-02 14:16:00,1900,1900,1900,1900,0
2022-03-02 14:17:00,1900,1900,1900,1900,0
2022-03-02 14:18:00,1900,1900,1900,1900,0
2022-03-02 14:19:00,1900,1900,1900,1900,0
2022-03-02 14:20:00,1900,1900,1900,1900,0
2022-03-02 14:21:00,1900,1900,1900,1900,0
2022-03-02 14:22:00,1900,1900,1900,1900,0
2022-03-02 14:23:00,1900,1900,1900,1900,0
2022-03-02 14:24:00,1900,1900,1900,1900,0
2022-03-02 14:25:00,1900,1900,1900,1900,0
2022-03-02 14:26:00,1900,1900,1900,1900,0
2022-03-02 14:27:00,1900,1900,1900,1900,0
2022-03-02 14:28:00,1900,1900,1900,1900,0
2022-03-02 14:29:00,1900,1900,1900,1900,0
2022-03-02 14:30:00,1900,1900,1900,1900,0
2022-03-02 14:31:00,1900,1900,1900,1900,0
2022-03-02 14:32:00,1900,1900,1900,1900,0
2022-03-02 14:33:00,1900,1900,1900,1900,0
2022-03-02 14:34:00,1900,1900,1900,1900,0
2022-03-02 14:35:00,1900,1900,1900,1900,0
2022-03-02 14:36:00,1900,1900,1900,1900,0
2022-03-02 14:37:00,1900,1900,1900,1900,0
2022-03-02 14:38:00,1900,1900,1900,1900,0
2022-03-02 14:39:00,1900,1900,1900,1900,0
2022-03-02 14:40:00,1900,1900,1900,1900,0
2022-03-02 14:41:00,1900,1900,1900,1900,0
2022-03-02 14:42:00,1900,1900,1900,1900,0
2022-03-02 14:43:00,1900,1900,1900,1900,0
2022-03-02 14:44:00,1900,1900,1900,1900,0
2022-03-02 14:45:00,1900,1900,1900,1900,0
2022-03-02 14:46:00,1900,1900,1900,1900,0
2022-03-02 14:47:00,1900,1900,1900,1900,0
2022-03-02 14:48:00,1900,1900,1900,1900,0
2022-03-02 14:49:00,1900,1900,1900,1900,0
2022-03-02 14:50:00,1900,1900,1900,1900,0
2022-03-02 14:51:00,1900,1900,1900,1900,0
2022-03-02 14:52:00,1900,1900,1900,1900,0
2022-03-02 14:53:00,1900,1900,1900,1900,0
2022-03-02 14:54:00,1900,1900,1900,1900,0
2022-03-02 14:55:00,1900,1900,1900,1900,0
2022-03-02 14:56:00,1900,1900,1900,1900,0
2022-03-02 14:57:00,1900,1900,1900,1900,0
2022-03-02 14:58:00,1900,1900,1900,1900,0
2022-03-02 14:59:00,1900,1900,1900,1900,0
2022-03-02 15:00:00,1900,1900,1900,1900,0
2022-03-02 15:01:00,1900,1900,1900,1900,0
2022-03-02 15:02:00,1900,1900,1900,1900,0
2022-03-02 15:03:00,1900,1900,1900,1900,0
2022-03-02 15:04:00,1900,1900,1900,1900,0
2022-03-02 15:05:00,1900,1900,1900,1900,0
2022-03-02 15:06:00,1900,1900,1900,1900,0
2022-03-02 15:07:00,1900,1900,1900,1900,0
2022-03-02 15:08:00,1900,1900,1900,1900,0
2022-03-02 15:09:00,1900,1900,1900,1900,0
2022-03-02 15:10:00,1900,1900,1900,1900,0
2022-03-02 15:11:00,1900,1900,1900,1900,0
2022-03-02 15:12:00,1900,1900,1900,1900,0
2022-03-02 15:13:00,1900,1900,1900,1900,0
2022-03-02 15:14:00,1900,1900,1900,1900,0
2022-03-02 15:15:00,1900,1900,1900,1900,0
2022-03-02 15:16:00,1900,1900,1900,1900,0
2022-03-02 15:17:00,1900,1900,1900,1900,0
2022-03-02 15:18:00,1900,1900,1900,1900,0
2022-03-02 15:19:00,1900,1900,1900,1900,0
2022-03-02 15:20:00,1900,1900,1900,1900,0
2022-03-02 15:21:00,1900,1900,1900,1900,0
2022-03-02 15:22:00,1900,1900,1900,1900,0
2022-03-02 15:23:00,1900,1900,1900,1900,0
2022-03-02 15:24:00,1900,1900,1900,1900,0
2022-03-02 15:25:00,1900,1900,1900,1900,0
2022-03-02 15:26:00,1900,1900,1900,1900,0
2022-03-02 15:27:00,1900,1900,1900,1900,0
2022-03-02 15:28:00,1900,1900,1900,1900,0
2022-03-02 15:29:00,1900,1900,1900,1900,0
2022-03-02 15:30:00,1900,1900,1900,1900,0
2022-03-02 15:31:00,1900,1900,1900,1900,0
2022-03-02 15:32:00,1900,1900,1900,1900,0
2022-03-02 15:33:00,1900,1900,1900,1900,0
2022-03-02 15:34:00,1900,1900,1900,1900,0
2022-03-02 15:35:00,1900,1900,1900,1900,0
2022-03-02 15:36:00,1900,1900,1900,1900,0
2022-03-02 15:37:00,1900,1900,1900,1900,0
2022-03-02 15:38:00,1900,1900,1900,1900,0
2022-03-02 15:39:00,1900,1900,1900,1900,0
2022-03-02 15:40:00,1900,1900,1900,1900,0
2022-03-02 15:41:00,1900,1900,1900,1900,0
2022-03-02 15:42:00,1900,1900,1900,1900,0
2022-03-02 15:43:00,1900,1900,1900,1900,0
2022-03-02 15:44:00,1900,1900,1900,1900,0
2022-03-02 15:45:00,1900,1900,1900,1900,0
2022-03-02 15:46:00,1900,1900,1900,1900,0
2022-03-02 15:47:00,1900,1900,1900,1900,0
2022-03-02 15:48:00,1900,1900,1900,1900,0
2022-03-02 15:49:00,1900,1900,1900,1900,0
2022-03-02 15:50:00,1900,1900,1900,1900,0
2022-03-02 15:51:00,1900,1900,1900,1900,0
2022-03-02 15:52:00,1900,1900,1900,1900,0
2022-03-02 15:53:00,1900,1900,1900,1900,0
2022-03-02 15:54:00,1900,1900,1900,1900,0
2022-03-02 15:55:00,1900,1900,1900,1900,0
2022-03-02 15:56:00,1900,1900,1900,1900,0
2022-03-02 15:57:00,1900,1900,1900,1900,0
2022-03-02 15:58:00,1900,1900,1900,1900,0
2022-03-02 15:59:00,1900,1900,1900,1900,0
2022-03-03 09:00:00,1900,1900,1900,1900,0
2022-03-03 09:01:00,1900,1900,1900,1900,0
2022-03-03 09:02:00,1900,1900,1900,1900,0
2022-03-03 09:03:00,1900,1900,1900,1900,0
2022-03-03 09:04:00,1900,1900,1900,1900,0
2022-03-03 09:05:00,1900,1900,1900,1900,0
2022-03-03 09:06:00,1900,1900,1900,1900,0
2022-03-03 09:07:00,1900,1900,1900,1900,0
2022-03-03 09:08:00,1900,1900,1900,1900,0
2022-03-03 09:09:00,1900,1900,1900,1900,0
2022-03-03 09:10:00,1900,1900,1900,1900,0
2022-03-03 09:11:00,1900,1900,1900,1900,0
2022-03-03 09:12:00,1900,1900,1900,1900,0
2022-03-03 09:13:00,1900,1900,1900,1900,0
2022-03-03 09:14:00,1900,1900,1900,1900,0
2022-03-03 09:15:00,1900,1900,1900,1900,0
2022-03-03 09:16:00,1900,1900,1900,1900,0
2022-03-03 09:17:00,1900,1900,1900,1900,0
2022-03-03 09:18:00,1900,1900,1900,1900,0
2022-03-03 09:19:00,1900,1900,1900,1900,0
2022-03-03 09:20:00,1900,1900,1900,1900,0
2022-03-03 09:21:00,1900,1900,1900,1900,0
2022-03-03 09:22:00,1900,1900,1900,1900,0
2022-03-03 09:23:00,1900,1900,1900,1900,0
2022-03-03 09:24:00,1900,1900,1900,1900,0
2022-03-03 09:25:00,1900,1900,1900,1900,0
2022-03-03 09:26:00,1900,1900,1900,1900,0
2022-03-03 09:27:00,1900,1900,1900,1900,0
2022-03-03 09:28:00,1900,1900,1900,1900,0
2022-03-03 09:29:00,1900,1900,1900,1900,0
2022-03-03 09:30:00,1900,1900,1900,1900,0
2022-03-03 09:31:00,1900,1900,1900,1900,0
2022-03-03 09:32:00,1900,1900,1900,1900,0
2022-03-03 09:33:00,1900,1900,1900,1900,0
2022-03-03 09:34:00,1900,1900,1900,1900,0
2022-03-03 09:35:00,1900,1900,1900,1900,0
2022-03-03 09:36:00,1900,1900,1900,1900,0
2022-03-03 09:37:00,1900,1900,1900,1900,0
2022-03-03 09:38:00,1900,1900,1900,1900,0
2022-03-03 09:39:00,1900,1900,1900,1900,0
2022-03-03 09:40:00,1900,1900,1900,1900,0
2022-03-03 09:41:00,1900,1900,1900,1900,0
2022-03-03 09:42:00,1900,1900,1900,1900,0
2022-03-03 09:43:00,1900,1900,1900,1900,0
2022-03-03 09:44:00,1900,1900,1900,1900,0
2022-03-03 09:45:00,1900,1900,1900,1900,0
2022-03-03 09:46:00,1900,1900,1900,1900,0
2022-03-03 09:47:00,1900,1900,1900,1900,0
2022-03-03 09:48:00,1900,1900,1900,1900,0
2022-03-03 09:49:00,1900,1900,1900,1900,0
2022-03-03 09:50:00,1900,1900,1900,1900,0
2022-03-03 09:51:00,1900,1900,1900,1900,0
2022-03-03 09:52:00,1900,1900,1900,1900,0
2022-03-03 09:53:00,1900,1900,1900,1900,0
2022-03-03 09:54:00,1900,1900,1900,1900,0
2022-03-03 09:55:00,1900,1900,1900,1900,0
2022-03-03 09:56:00,1900,1900,1900,1900,0
2022-03-03 09:57:00,1900,1900,1900,1900,0
2022-03-03 09:58:00,1900,1900,1900,1900,0
2022-03-03 09:59:00,1900,1900,1900,1900,0
2022-03-03 10:00:00,1900,1900,1900,1900,0
2022-03-03 10:01:00,1900,1900,1900,1900,0
2022-03-03 10:02:00,1900,1900,1900,1900,0
2022-03-03 10:03:00,1900,1900,1900,1900,0
2022-03-03 10:04:00,1900,1900,1900,1900,0
2022-03-03 10:05:00,1900,1900,1900,1900,0
2022-03-03 10:06:00,1900,1900,1900,1900,0
2022-03-03 10:07:00,1900,1900,1900,1900,0
2022-03-03 10:08:00,1900,1900,1900,1900,0
2022-03-03 10:09:00,1900,1900,1900,1900,0
2022-03-03 10:10:00,1900,1900,1900,1900,0
2022-03-03 10:11:00,1900,1900,1900,1900,0
2022-03-03 10:12:00,1900,1900,1900,1900,0
2022-03-03 10:13:00,1900,1900,1900,1900,0
2022-03-03 10:14:00,1900,1900,1900,1900,0
2022-03-03 10:15:00,1900,1900,1900,1900,0
2022-03-03 10:16:00,1900,1900,1900,1900,0
2022-03-03 10:17:00,1900,1900,1900,1900,0
2022-03-03 10:18:00,1900,1900,1900,1900,0
2022-03-03 10:19:00,1900,1900,1900,1900,0
2022-03-03 10:20:00,1900,1900,1900,1900,0
2022-03-03 10:21:00,1900,1900,1900,1900,0
2022-03-03 10:22:00,1900,1900,1900,1900,0
2022-03-03 10:23:00,1900,1900,1900,1900,0
2022-03-03 10:24:00,1900,1900,1900,1900,0
2022-03-03 10:25:00,1900,1900,1900,1900,0
2022-03-03 10:26:00,1900,1900,1900,1900,0
2022-03-03 10:27:00,1900,1900,1900,1900,0
2022-03-03 10:28:00,1900,1900,1900,1900,0
2022-03-03 10:29:00,1900,1900,1900,1900,0
2022-03-03 10:30:00,1900,1900,1900,1900,0
2022-03-03 10:31:00,1900,1900,1900,1900,0
2022-03-03 10:32:00,1900,1900,1900,1900,0
2022-03-03 10:33:00,1900,1900,1900,1900,0
2022-03-03 10:34:00,1900,1900,1900,1900,0
2022-03-03 10:35:00,1900,1900,1900,1900,0
2022-03-03 10:36:00,1900,1900,1900,1900,0
2022-03-03 10:37:00,1900,1900,1900,1900,0
2022-03-03 10:38:00,1900,1900,1900,1900,0
2022-03-03 10:39:00,1900,1900,1900,1900,0
2022-03-03 10:40:00,1900,1900,1900,1900,0
2022-03-03 10:41:00,1900,1900,1900,1900,0
2022-03-03 10:42:00,1900,1900,1900,1900,0
2022-03-03 10:43:00,1900,1900,1900,1900,0
2022-03-03 10:44:00,1900,1900,1900,1900,0
2022-03-03 10:45:00,1900,1900,1900,1900,0
2022-03-03 10:46:00,1900,1900,1900,1900,0
2022-03-03 10:47:00,1900,1900,1900,1900,0
2022-03-03 10:48:00,1900,1900,1900,1900,0
2022-03-03 10:49:00,1900,1900,1900,1900,0
2022-03-03 10:50:00,1900,1900,1900,1900,0
2022-03-03 10:51:00,1900,1900,1900,1900,0
2022-03-03 10:52:00,1900,1900,1900,1900,0
2022-03-03 10:53:00,1900,1900,1900,1900,0
2022-03-03 10:54:00,1900,1900,1900,1900,0
2022-03-03 10:55:00,1900,1900,1900,1900,0
2022-03-03 10:56:00,1900,1900,1900,1900,0
2022-03-03 10:57:00,1900,1900,1900,1900,0
2022-03-03 10:58:00,1900,1900,1900,1900,0
2022-03-03 10:59:00,1900,1900,1900,1900,0
2022-03-03 11:00:00,1900,1900,1900,1900,0
2022-03-03 11:01:00,1900,1900,1900,1900,0
2022-03-03 11:02:00,1900,1900,1900,1900,0
2022-03-03 11:03:00,1900,1900,1900,1900,0
2022-03-03 11:04:00,1900,1900,1900,1900,0
2022-03-03 11:05:00,1900,1900,1900,1900,0
2022-03-03 11:06:00,1900,1900,1900,1900,0
2022-03-03 11:07:00,1900,1900,1900,1900,0
2022-03-03 11:08:00,1900,1900,1900,1900,0
2022-03-03 11:09:00,1900,1900,1900,1900,0
2022-03-03 11:10:00,1900,1900,1900,1900,0
2022-03-03 11:11:00,1900,1900,1900,1900,0
2022-03-03 11:12:00,1900,1900,1900,1900,0
2022-03-03 11:13:00,1900,1900,1900,1900,0
2022-03-03 11:14:00,1900,1900,1900,1900,0
2022-03-03 11:15:00,1900,1900,1900,1900,0
2022-03-03 11:16:00,1900,1900,1900,1900,0
2022-03-03 11:17:00,1900,1900,1900,1900,0
2022-03-03 11:18:00,1900,1900,1900,1900,0
2022-03-03 11:19:00,1900,1900,1900,1900,0
2022-03-03 11:20:00,1900,1900,1900,1900,0
2022-03-03 11:21:00,1900,1900,1900,1900,0
2022-03-03 11:22:00,1900,1900,1900,1900,0
2022-03-03 11:23:00,1900,1900,1900,1900,0
2022-03-03 11:24:00,1900,1900,1900,1900,0
2022-03-03 11:25:00,1900,1900,1900,1900,0
2022-03-03 11:26:00,1900,1900,1900,1900,0
2022-03-03 11:27:00,1900,1900,1900,1900,0
2022-03-03 11:28:00,1900,1900,1900,1900,0
2022-03-03 11:29:00,1900,1900,1900,1900,0
2022-03-03 11:30:00,1900,1900,1900,1900,0
2022-03-03 11:31:00,1900,1900,1900,1900,0
2022-03-03 11:32:00,1900,1900,1900,1900,0
2022-03-03 11:33:00,1900,1900,1900,1900,0
2022-03-03 11:34:00,1900,1900,1900,1900,0
2022-03-03 11:35:00,1900,1900,1900,1900,0
2022-03-03 11:36:00,1900,1900,1900,1900,0
2022-03-03 11:37:00,1900,1900,1900,1900,0
2022-03-03 11:38:00,1900,1900,1900,1900,0
2022-03-03 11:39:00,1900,1900,1900,1900,0
2022-03-03 11:40:00,1900,1900,1900,1900,0
2022-03-03 11:41:00,1900,1900,1900,1900,0
2022-03-03 11:42:00,1900,1900,1900,1900,0
2022-03-03 11:43:00,1900,1900,1900,1900,0
2022-03-03 11:44:00,1900,1900,1900,1900,0
2022-03-03 11:45:00,1900,1900,1900,1900,0
2022-03-03 11:46:00,1900,1900,1900,1900,0
2022-03-03 11:47:00,1900,1900,1900,1900,0
2022-03-03 11:48:00,1900,1900,1900,1900,0
2022-03-03 11:49:00,1900,1900,1900,1900,0
2022-03-03 11:50:00,1900,1900,1900,1900,0
2022-03-03 11:51:00,1900,1900,1900,1900,0
2022-03-03 11:52:00,1900,1900,1900,1900,0
2022-03-03 11:53:00,1900,1900,1900,1900,0
2022-03-03 11:54:00,1900,1900,1900,1900,0
2022-03-03 11:55:00,1900,1900,1900,1900,0
2022-03-03 11:56:00,1900,1900,1900,1900,0
2022-03-03 11:57:00,1900,1900,1900,1900,0
2022-03-03 11:58:00,1900,1900,1900,1900,0
2022-03-03 11:59:00,1900,1900,1900,1900,0
2022-03-03 12:00:00,1900,1900,1900,1900,0
2022-03-03 12:01:00,1900,1900,1900,1900,0
2022-03-03 12:02:00,1900,1900,1900,1900,0
2022-03-03 12:03:00,1900,1900,1900,1900,0
2022-03-03 12:04:00,1900,1900,1900,1900,0
2022-03-03 12:05:00,1900,1900,1900,1900,0
2022-03-03 12:06:00,1900,1900,1900,1900,0
2022-03-03 12:07:00,1900,1900,1900,1900,0
2022-03-03 12:08:00,1900,1900,1900,1900,0
2022-03-03 12:09:00,1900,1900,1900,1900,0
2022-03-03 12:10:00,1900,1900,1900,1900,0
2022-03-03 12:11:00,1900,1900,1900,1900,0
2022-03-03 12:12:00,1900,1900,1900,1900,0
2022-03-03 12:13:00,1900,1900,1900,1900,0
2022-03-03 12:14:00,1900,1900,1900,1900,0
2022-03-03 12:15:00,1900,1900,1900,1900,0
2022-03-03 12:16:00,1900,1900,1900,1900,0
2022-03-03 12:17:00,1900,1900,1900,1900,0
2022-03-03 12:18:00,1900,1900,1900,1900,0
2022-03-03 12:19:00,1900,1900,1900,1900,0
2022-03-03 12:20:00,1900,1900,1900,1900,0
2022-03-03 12:21:00,1900,1900,1900,1900,0
2022-03-03 12:22:00,1900,1900,1900,1900,0
2022-03-03 12:23:00,1900,1900,1900,1900,0
2022-03-03 12:24:00,1900,1900,1900,1900,0
2022-03-03 12:25:00,1900,1900,1900,1900,0
2022-03-03 12:26:00,1900,1900,1900,1900,0
2022-03-03 12:27:00,1900,1900,1900,1900,0
2022-03-03 12:28:00,1900,1900,1900,1900,0
2022-03-03 12:29:00,1900,1900,1900,1900,0
2022-03-03 12:30:00,1900,1900,1900,1900,0
2022-03-03 12:31:00,1900,1900,1900,1900,0
2022-03-03 12:32:00,1900,1900,1900,1900,0
2022-03-03 12:33:00,1900,1900,1900,1900,0
2022-03-03 12:34:00,1900,1900,1900,1900,0
2022-03-03 12:35:00,1900,1900,1900,1900,0
2022-03-03 12:36:00,1900,1900,1900,1900,0
2022-03-03 12:37:00,1900,1900,1900,1900,0
2022-03-03 12:38:00,1900,1900,1900,1900,0
2022-03-03 12:39:00,1900,1900,1900,1900,0
2022-03-03 12:40:00,1900,1900,1900,1900,0
2022-03-03 12:41:00,1900,1900,1900,1900,0
2022-03-03 12:42:00,1900,1900,1900,1900,0
2022-03-03 12:43:00,1900,1900,1900,1900,0
2022-03-03 12:44:00,1900,1900,1900,1900,0
2022-03-03 12:45:00,1900,1900,1900,1900,0
2022-03-03 12:46:00,1900,1900,1900,1900,0
2022-03-03 12:47:00,1900,1900,1900,1900,0
2022-03-03 12:48:00,1900,1900,1900,1900,0
2022-03-03 12:49:00,1900,1900,1900,1900,0
2022-03-03 12:50:00,1900,1900,1900,1900,0
2022-03-03 12:51:00,1900,1900,1900,1900,0
2022-03-03 12:52:00,1900,1900,1900,1900,0
2022-03-03 12:53:00,1900,1900,1900,1900,0
2022-03-03 12:54:00,1900,1900,1900,1900,0
2022-03-03 12:55:00,1900,1900,1900,1900,0
2022-03-03 12:56:00,1900,1900,1900,1900,0
2022-03-03 12:57:00,1900,1900,1900,1900,0
2022-03-03 12:58:00,1900,1900,1900,1900,0
2022-03-03 12:59:00,1900,1900,1900,1900,0
2022-03-03 13:00:00,1900,1900,1900,1900,0
2022-03-03 13:01:00,1900,1900,1900,1900,0
2022-03-03 13:02:00,1900,1900,1900,1900,0
2022-03-03 13:03:00,1900,1900,1900,1900,0
2022-03-03 13:04:00,1900,1900,1900,1900,0
2022-03-03 13:05:00,1900,1900,1900,1900,0
2022-03-03 13:06:00,1900,1900,1900,1900,0
2022-03-03 13:07:00,1900,1900,1900,1900,0
2022-03-03 13:08:00,1900,1900,1900,1900,0
2022-03-03 13:09:00,1900,1900,1900,1900,0
2022-03-03 13:10:00,1900,1900,1900,1900,0
2022-03-03 13:11:00,1900,1900,1900,1900,0
2022-03-03 13:12:00,1900,1900,1900,1900,0
2022-03-03 13:13:00,1900,1900,1900,1900,0
2022-03-03 13:14:00,1900,1900,1900,1900,0
2022-03-03 13:15:00,1900,1900,1900,1900,0
2022-03-03 13:16:00,1900,1900,1900,1900,0
2022-03-03 13:17:00,1900,1900,1900,1900,0
2022-03-03 13:18:00,1900,1900,1900,1900,0
2022-03-03 13:19:00,1900,1900,1900,1900,0
2022-03-03 13:20:00,1900,1900,1900,1900,0
2022-03-03 13:21:00,1900,1900,1900,1900,0
2022-03-03 13:22:00,1900,1900,1900,1900,0
2022-03-03 13:23:00,1900,1900,1900,1900,0
2022-03-03 13:24:00,1900,1900,1900,1900,0
2022-03-03 13:25:00,1900,1900,1900,1900,0
2022-03-03 13:26:00,1900,1900,1900,1900,0
2022-03-03 13:27:00,1900,1900,1900,1900,0
2022-03-03 13:28:00,1900,1900,1900,1900,0
2022-03-03 13:29:00,1900,1900,1900,1900,0
2022-03-03 13:30:00,1900,1900,1900,1900,0
2022-03-03 13:31:00,1900,1900,1900,1900,0
2022-03-03 13:32:00,1900,1900,1900,1900,0
2022-03-03 13:33:00,1900,1900,1900,1900,0
2022-03-03 13:34:00,1900,1900,1900,1900,0
2022-03-03 13:35:00,1900,1900,1900,1900,0
2022-03-03 13:36:00,1900,1900,1900,1900,0
2022-03-03 13:37:00,1900,1900,1900,1900,0
2022-03-03 13:38:00,1900,1900,1900,1900,0
2022-03-03 13:39:00,1900,1900,1900,1900,0
2022-03-03 13:40:00,1900,1900,1900,1900,0
2022-03-03 13:41:00,1900,1900,1900,1900,0
2022-03-03 13:42:00,1900,1900,1900,1900,0
2022-03-03 13:43:00,1900,1900,1900,1900,0
2022-03-03 13:44:00,1900,1900,1900,1900,0
2022-03-03 13:45:00,1900,1900,1900,1900,0
2022-03-03 13:46:00,1900,1900,1900,1900,0
2022-03-03 13:47:00,1900,1900,1900,1900,0
2022-03-03 13:48:00,1900,1900,1900,1900,0
2022-03-03 13:49:00,1900,1900,1900,1900,0
2022-03-03 13:50:00,1900,1900,1900,1900,0
2022-03-03 13:51:00,1900,1900,1900,1900,0
2022-03-03 13:52:00,1900,1900,1900,1900,0
2022-03-03 13:53:00,1900,1900,1900,1900,0
2022-03-03 13:54:00,1900,1900,1900,1900,0
2022-03-03 13:55:00,1900,1900,1900,1900,0
2022-03-03 13:56:00,1900,1900,1900,1900,0
2022-03-03 13:57:00,1900,1900,1900,1900,0
2022-03-03 13:58:00,1900,1900,1900,1900,0
2022-03-03 13:59:00,1900,1900,1900,1900,0
2022-03-03 14:00:00,1900,1900,1900,1900,0
2022-03-03 14:01:00,1900,1900,1900,1900,0
2022-03-03 14:02:00,1900,1900,1900,1900,0
2022-03-03 14:03:00,1900,1900,1900,1900,0
2022-03-03 14:04:00,1900,1900,1900,1900,0
2022-03-03 14:05:00,1900,1900,1900,1900,0
2022-03-03 14:06:00,1900,1900,1900,1900,0
2022-03-03 14:07:00,1900,1900,1900,1900,0
2022-03-03 14:08:00,1900,1900,1900,1900,0
2022-03-03 14:09:00,1900,1900,1900,1900,0
2022-03-03 14:10:00,1900,1900,1900,1900,0
2022-03-03 14:11:00,1900,1900,1900,1900,0
2022-03-03 14:12:00,1900,1900,1900,1900,0
2022-03-03 14:13:00,1900,1900,1900,1900,0
2022-03-03 14:14:00,1900,1900,1900,1900,0
2022-03-03 14:15:00,1900,1900,1900,1900,0
2022-03-03 14:16:00,1900,1900,1900,1900,0
2022-03-03 14:17:00,1900,1900,1900,1900,0
2022-03-03 14:18:00,1900,1900,1900,1900,0
2022-03-03 14:19:00,1900,1900,1900,1900,0
2022-03-03 14:20:00,1900,1900,1900,1900,0
2022-03-03 14:21:00,1900,1900,1900,1900,0
2022-03-03 14:22:00,1900,1900,1900,1900,0
2022-03-03 14:23:00,1900,1900,1900,1900,0
2022-03-03 14:24:00,1900,1900,1900,1900,0
2022-03-03 14:25:00,1900,1900,1900,1900,0
2022-03-03 14:26:00,1900,1900,1900,1900,0
2022-03-03 14:27:00,1900,1900,1900,1900,0
2022-03-03 14:28:00,1900,1900,1900,1900,0
2022-03-03 14:29:00,1900,1900,1900,1900,0
2022-03-03 14:30:00,1900,1900,1900,1900,0
2022-03-03 14:31:00,1900,1900,1900,1900,0
2022-03-03 14:32:00,1900,1900,1900,1900,0
2022-03-03 14:33:00,1900,1900,1900,1900,0
2022-03-03 14:34:00,1900,1900,1900,1900,0
2022-03-03 14:35:00,1900,1900,1900,1900,0
2022-03-03 14:36:00,1900,1900,1900,1900,0
2022-03-03 14:37:00,1900,1900,1900,1900,0
2022-03-03 14:38:00,1900,1900,1900,1900,0
2022-03-03 14:39:00,1900,1900,1900,1900,0
2022-03-03 14:40:00,1900,1900,1900,1900,0
2022-03-03 14:41:00,1900,1900,1900,1900,0
2022-03-03 14:42:00,1900,1900,1900,1900,0
2022-03-03 14:43:00,1900,1900,1900,1900,0
2022-03-03 14:44:00,1900,1900,1900,1900,0
2022-03-03 14:45:00,1900,1900,1900,1900,0
2022-03-03 14:46:00,1900,1900,1900,1900,0
2022-03-03 14:47:00,1900,1900,1900,1900,0
2022-03-03 14:48:00,1900,1900,1900,1900,0
2022-03-03 14:49:00,1900,1900,1900,1900,0
2022-03-03 14:50:00,1900,1900,1900,1900,0
2022-03-03 14:51:00,1900,1900,1900,1900,0
2022-03-03 14:52:00,1900,1900,1900,1900,0
2022-03-03 14:53:00,1900,1900,1900,1900,0
2022-03-03 14:54:00,1900,1900,1900,1900,0
2022-03-03 14:55:00,1900,1900,1900,1900,0
2022-03-03 14:56:00,1900,1900,1900,1900,0
2022-03-03 14:57:00,1900,1900,1900,1900,0
2022-03-03 14:58:00,1900,1900,1900,1900,0
2022-03-03 14:59:00,1900,1900,1900,1900,0
2022-03-03 15:00:00,1900,1900,1900,1900,0
2022-03-03 15:01:00,1900,1900,1900,1900,0
2022-03-03 15:02:00,1900,1900,1900,1900,0
2022-03-03 15:03:00,1900,1900,1900,1900,0
2022-03-03 15:04:00,1900,1900,1900,1900,0
2022-03-03 15:05:00,1900,1900,1900,1900,0
2022-03-03 15:06:00,1900,1900,1900,1900,0
2022-03-03 15:07:00,1900,1900,1900,1900,0
2022-03-03 15:08:00,1900,1900,1900,1900,0
2022-03-03 15:09:00,1900,1900,1900,1900,0
2022-03-03 15:10:00,1900,1900,1900,1900,0
2022-03-03 15:11:00,1900,1900,1900,1900,0
2022-03-03 15:12:00,1900,1900,1900,1900,0
2022-03-03 15:13:00,1900,1900,1900,1900,0
2022-03-03 15:14:00,1900,1900,1900,1900,0
2022-03-03 15:15:00,1900,1900,1900,1900,0
2022-03-03 15:16:00,1900,1900,1900,1900,0
2022-03-03 15:17:00,1900,1900,1900,1900,0
2022-03-03 15:18:00,1900,1900,1900,1900,0
2022-03-03 15:19:00,1900,1900,1900,1900,0
2022-03-03 15:20:00,1900,1900,1900,1900,0
2022-03-03 15:21:00,1900,1900,1900,1900,0
2022-03-03 15:22:00,1900,1900,1900,1900,0
2022-03-03 15:23:00,1900,1900,1900,1900,0
2022-03-03 15:24:00,1900,1900,1900,1900,0
2022-03-03 15:25:00,1900,1900,1900,1900,0
2022-03-03 15:26:00,1900,1900,1900,1900,0
2022-03-03 15:27:00,1900,1900,1900,1900,0
2022-03-03 15:28:00,1900,1900,1900,1900,0
2022-03-03 15:29:00,1900,1900,1900,1900,0
2022-03-03 15:30:00,1900,1900,1900,1900,0
2022-03-03 15:31:00,1900,1900,1900,1900,0
2022-03-03 15:32:00,1900,1900,1900,1900,0
2022-03-03 15:33:00,1900,1900,1900,1900,0
2022-03-03 15:34:00,1900,1900,1900,1900,0
2022-03-03 15:35:00,1900,1900,1900,1900,0
2022-03-03 15:36:00,1900,1900,1900,1900,0
2022-03-03 15:37:00,1900,1900,1900,1900,0
2022-03-03 15:38:00,1900,1900,1900,1900,0
2022-03-03 15:39:00,1900,1900,1900,1900,0
2022-03-03 15:40:00,1900,1900,1900,1900,0
2022-03-03 15:41:00,1900,1900,1900,1900,0
2022-03-03 15:42:00,1900,1900,1900,1900,0
2022-03-03 15:43:00,1900,1900,1900,1900,0
2022-03-03 15:44:00,1900,1900,1900,1900,0
2022-03-03 15:45:00,1900,1900,1900,1900,0
2022-03-03 15:46:00,1900,1900,1900,1900,0
2022-03-03 15:47:00,1900,1900,1900,1900,0
2022-03-03 15:48:00,1900,1900,1900,1900,0
2022-03-03 15:49:00,1900,1900,1900,1900,0
2022-03-03 15:50:00,1900,1900,1900,1900,0
2022-03-03 15:51:00,1900,1900,1900,1900,0
2022-03-03 15:52:00,1900,1900,1900,1900,0
2022-03-03 15:53:00,1900,1900,1900,1900,0
2022-03-03 15:54:00,1900,1900,1900,1900,0
2022-03-03 15:55:00,1900,1900,1900,1900,0
2022-03-03 15:56:00,1900,1900,1900,1900,0
2022-03-03 15:57:00,1900,1900,1900,1900,0
2022-03-03 15:58:00,1900,1900,1900,1900,0
2022-03-03 15:59:00,1900,1900,1900,1900,0
2022-03-04 09:00:00,1900,1900,1900,1900,0
2022-03-04 09:01:00,1900,1900,1900,1900,0
2022-03-04 09:02:00,1900,1900,1900,1900,0
2022-03-04 09:03:00,1900,1900,1900,1900,0
2022-03-04 09:04:00,1900,1900,1900,1900,0
2022-03-04 09:05:00,1900,1900,1900,1900,0
2022-03-04 09:06:00,1900,1900,1900,1900,0
2022-03-04 09:07:00,1900,1900,1900,1900,0
2022-03-04 09:08:00,1900,1900,1900,1900,0
2022-03-04 09:09:00,1900,1900,1900,1900,0
2022-03-04 09:10:00,1900,1900,1900,1900,0
2022-03-04 09:11:00,1900,1900,1900,1900,0
2022-03-04 09:12:00,1900,1900,1900,1900,0
2022-03-04 09:13:00,1900,1900,1900,1900,0
2022-03-04 09:14:00,1900,1900,1900,1900,0
2022-03-04 09:15:00,1900,1900,1900,1900,0
2022-03-04 09:16:00,1900,1900,1900,1900,0
2022-03-04 09:17:00,1900,1900,1900,1900,0
2022-03-04 09:18:00,1900,1900,1900,1900,0
2022-03-04 09:19:00,1900,1900,1900,1900,0
2022-03-04 09:20:00,1900,1900,1900,1900,0
2022-03-04 09:21:00,1900,1900,1900,1900,0
2022-03-04 09:22:00,1900,1900,1900,1900,0
2022-03-04 09:23:00,1900,1900,1900,1900,0
2022-03-04 09:24:00,1900,1900,1900,1900,0
2022-03-04 09:25:00,1900,1900,1900,1900,0
2022-03-04 09:26:00,1900,1900,1900,1900,0
2022-03-04 09:27:00,1900,1900,1900,1900,0
2022-03-04 09:28:00,1900,1900,1900,1900,0
2022-03-04 09:29:00,1900,1900,1900,1900,0
2022-03-04 09:30:00,1900,1900,1900,1900,0
2022-03-04 09:31:00,1900,1900,1900,1900,0
2022-03-04 09:32:00,1900,1900,1900,1900,0
2022-03-04 09:33:00,1900,1900,1900,1900,0
2022-03-04 09:34:00,1900,1900,1900,1900,0
2022-03-04 09:35:00,1900,1900,1900,1900,0
2022-03-04 09:36:00,1900,1900,1900,1900,0
2022-03-04 09:37:00,1900,1900,1900,1900,0
2022-03-04 09:38:00,1900,1900,1900,1900,0
2022-03-04 09:39:00,1900,1900,1900,1900,0
2022-03-04 09:40:00,1900,1900,1900,1900,0
2022-03-04 09:41:00,1900,1900,1900,1900,0
2022-03-04 09:42:00,1900,1900,1900,1900,0
2022-03-04 09:43:00,1900,1900,1900,1900,0
2022-03-04 09:44:00,1900,1900,1900,1900,0
2022-03-04 09:45:00,1900,1900,1900,1900,0
2022-03-04 09:46:00,1900,1900,1900,1900,0
2022-03-04 09:47:00,1900,1900,1900,1900,0
2022-03-04 09:48:00,1900,1900,1900,1900,0
2022-03-04 09:49:00,1900,1900,1900,1900,0
2022-03-04 09:50:00,1900,1900,1900,1900,0
2022-03-04 09:51:00,1900,1900,1900,1900,0
2022-03-04 09:52:00,1900,1900,1900,1900,0
2022-03-04 09:53:00,1900,1900,1900,1900,0
2022-03-04 09:54:00,1900,1900,1900,1900,0
2022-03-04 09:55:00,1900,1900,1900,1900,0
2022-03-04 09:56:00,1900,1900,1900,1900,0
2022-03-04 09:57:00,1900,1900,1900,1900,0
2022-03-04 09:58:00,1900,1900,1900,1900,0
2022-03-04 09:59:00,1900,1900,1900,1900,0
2022-03-04 10:00:00,1900,1900,1900,1900,0
2022-03-04 10:01:00,1900,1900,1900,1900,0
2022-03-04 10:02:00,1900,1900,1900,1900,0
2022-03-04 10:03:00,1900,1900,1900,1900,0
2022-03-04 10:04:00,1900,1900,1900,1900,0
2022-03-04 10:05:00,1900,1900,1900,1900,0
2022-03-04 10:06:00,1900,1900,1900,1900,0
2022-03-04 10:07:00,1900,1900,1900,1900,0
2022-03-04 10:08:00,1900,1900,1900,1900,0
2022-03-04 10:09:00,1900,1900,1900,1900,0
2022-03-04 10:10:00,1900,1900,1900,1900,0
2022-03-04 10:11:00,1900,1900,1900,1900,0
2022-03-04 10:12:00,1900,1900,1900,1900,0
2022-03-04 10:13:00,1900,1900,1900,1900,0
2022-03-04 10:14:00,1900,1900,1900,1900,0
2022-03-04 10:15:00,1900,1900,1900,1900,0
2022-03-04 10:16:00,1900,1900,1900,1900,0
2022-03-04 10:17:00,1900,1900,1900,1900,0
2022-03-04 10:18:00,1900,1900,1900,1900,0
2022-03-04 10:19:00,1900,1900,1900,1900,0
2022-03-04 10:20:00,1900,1900,1900,1900,0
2022-03-04 10:21:00,1900,1900,1900,1900,0
2022-03-04 10:22:00,1900,1900,1900,1900,0
2022-03-04 10:23:00,1900,1900,1900,1900,0
2022-03-04 10:24:00,1900,1900,1900,1900,0
2022-03-04 10:25:00,1900,1900,1900,1900,0
2022-03-04 10:26:00,1900,1900,1900,1900,0
2022-03-04 10:27:00,1900,1900,1900,1900,0
2022-03-04 10:28:00,1900,1900,1900,1900,0
2022-03-04 10:29:00,1900,1900,1900,1900,0
2022-03-04 10:30:00,1900,1900,1900,1900,0
2022-03-04 10:31:00,1900,1900,1900,1900,0
2022-03-04 10:32:00,1900,1900,1900,1900,0
2022-03-04 10:33:00,1900,1900,1900,1900,0
2022-03-04 10:34:00,1900,1900,1900,1900,0
2022-03-04 10:35:00,1900,1900,1900,1900,0
2022-03-04 10:36:00,1900,1900,1900,1900,0
2022-03-04 10:37:00,1900,1900,1900,1900,0
2022-03-04 10:38:00,1900,1900,1900,1900,0
2022-03-04 10:39:00,1900,1900,1900,1900,0
2022-03-04 10:40:00,1900,1900,1900,1900,0
2022-03-04 10:41:00,1900,1900,1900,1900,0
2022-03-04 10:42:00,1900,1900,1900,1900,0
2022-03-04 10:43:00,1900,1900,1900,1900,0
2022-03-04 10:44:00,1900,1900,1900,1900,0
2022-03-04 10:45:00,1900,1900,1900,1900,0
2022-03-04 10:46:00,1900,1900,1900,1900,0
2022-03-04 10:47:00,1900,1900,1900,1900,0
2022-03-04 10:48:00,1900,1900,1900,1900,0
2022-03-04 10:49:00,1900,1900,1900,1900,0
2022-03-04 10:50:00,1900,1900,1900,1900,0
2022-03-04 10:51:00,1900,1900,1900,1900,0
2022-03-04 10:52:00,1900,1900,1900,1900,0
2022-03-04 10:53:00,1900,1900,1900,1900,0
2022-03-04 10:54:00,1900,1900,1900,1900,0
2022-03-04 10:55:00,1900,1900,1900,1900,0
2022-03-04 10:56:00,1900,1900,1900,1900,0
2022-03-04 10:57:00,1900,1900,1900,1900,0
2022-03-04 10:58:00,1900,1900,1900,1900,0
2022-03-04 10:59:00,1900,1900,1900,1900,0
2022-03-04 11:00:00,1900,1900,1900,1900,0
2022-03-04 11:01:00,1900,1900,1900,1900,0
2022-03-04 11:02:00,1900,1900,1900,1900,0
2022-03-04 11:03:00,1900,1900,1900,1900,0
2022-03-04 11:04:00,1900,1900,1900,1900,0
2022-03-04 11:05:00,1900,1900,1900,1900,0
2022-03-04 11:06:00,1900,1900,1900,1900,0
2022-03-04 11:07:00,1900,1900,1900,1900,0
2022-03-04 11:08:00,1900,1900,1900,1900,0
2022-03-04 11:09:00,1900,1900,1900,1900,0
2022-03-04 11:10:00,1900,1900,1900,1900,0
2022-03-04 11:11:00,1900,1900,1900,1900,0
2022-03-04 11:12:00,1900,1900,1900,1900,0
2022-03-04 11:13:00,1900,1900,1900,1900,0
2022-03-04 11:14:00,1900,1900,1900,1900,0
2022-03-04 11:15:00,1900,1900,1900,1900,0
2022-03-04 11:16:00,1900,1900,1900,1900,0
2022-03-04 11:17:00,1900,1900,1900,1900,0
2022-03-04 11:18:00,1900,1900,1900,1900,0
2022-03-04 11:19:00,1900,1900,1900,1900,0
2022-03-04 11:20:00,1900,1900,1900,1900,0
2022-03-04 11:21:00,1900,1900,1900,1900,0
2022-03-04 11:22:00,1900,1900,1900,1900,0
2022-03-04 11:23:00,1900,1900,1900,1900,0
2022-03-04 11:24:00,1900,1900,1900,1900,0
2022-03-04 11:25:00,1900,1900,1900,1900,0
2022-03-04 11:26:00,1900,1900,1900,1900,0
2022-03-04 11:27:00,1900,1900,1900,1900,0
2022-03-04 11:28:00,1900,1900,1900,1900,0
2022-03-04 11:29:00,1900,1900,1900,1900,0
2022-03-04 11:30:00,1900,1900,1900,1900,0
2022-03-04 11:31:00,1900,1900,1900,1900,0
2022-03-04 11:32:00,1900,1900,1900,1900,0
2022-03-04 11:33:00,1900,1900,1900,1900,0
2022-03-04 11:34:00,1900,1900,1900,1900,0
2022-03-04 11:35:00,1900,1900,1900,1900,0
2022-03-04 11:36:00,1900,1900,1900,1900,0
2022-03-04 11:37:00,1900,1900,1900,1900,0
2022-03-04 11:38:00,1900,1900,1900,1900,0
2022-03-04 11:39:00,1900,1900,1900,1900,0
2022-03-04 11:40:00,1900,1900,1900,1900,0
2022-03-04 11:41:00,1900,1900,1900,1900,0
2022-03-04 11:42:00,1900,1900,1900,1900,0
2022-03-04 11:43:00,1900,1900,1900,1900,0
2022-03-04 11:44:00,1900,1900,1900,1900,0
2022-03-04 11:45:00,1900,1900,1900,1900,0
2022-03-04 11:46:00,1900,1900,1900,1900,0
2022-03-04 11:47:00,1900,1900,1900,1900,0
2022-03-04 11:48:00,1900,1900,1900,1900,0
2022-03-04 11:49:00,1900,1900,1900,1900,0
2022-03-04 11:50:00,1900,1900,1900,1900,0
2022-03-04 11:51:00,1900,1900,1900,1900,0
2022-03-04 11:52:00,1900,1900,1900,1900,0
2022-03-04 11:53:00,1900,1900,1900,1900,0
2022-03-04 11:54:00,1900,1900,1900,1900,0
2022-03-04 11:55:00,1900,1900,1900,1900,0
2022-03-04 11:56:00,1900,1900,1900,1900,0
2022-03-04 11:57:00,1900,1900,1900,1900,0
2022-03-04 11:58:00,1900,1900,1900,1900,0
2022-03-04 11:59:00,1900,1900,1900,1900,0
2022-03-04 12:00:00,1900,1900,1900,1900,0
2022-03-04 12:01:00,1900,1900,1900,1900,0
2022-03-04 12:02:00,1900,1900,1900,1900,0
2022-03-04 12:03:00,1900,1900,1900,1900,0
2022-03-04 12:04:00,1900,1900,1900,1900,0
2022-03-04 12:05:00,1900,1900,1900,1900,0
2022-03-04 12:06:00,1900,1900,1900,1900,0
2022-03-04 12:07:00,1900,1900,1900,1900,0
2022-03-04 12:08:00,1900,1900,1900,1900,0
2022-03-04 12:09:00,1900,1900,1900,1900,0
2022-03-04 12:10:00,1900,1900,1900,1900,0
2022-03-04 12:11:00,1900,1900,1900,1900,0
2022-03-04 12:12:00,1900,1900,1900,1900,0
2022-03-04 12:13:00,1900,1900,1900,1900,0
2022-03-04 12:14:00,1900,1900,1900,1900,0
2022-03-04 12:15:00,1900,1900,1900,1900,0
2022-03-04 12:16:00,1900,1900,1900,1900,0
2022-03-04 12:17:00,1900,1900,1900,1900,0
2022-03-04 12:18:00,1900,1900,1900,1900,0
2022-03-04 12:19:00,1900,1900,1900,1900,0
2022-03-04 12:20:00,1900,1900,1900,1900,0
2022-03-04 12:21:00,1900,1900,1900,1900,0
2022-03-04 12:22:00,1900,1900,1900,1900,0
2022-03-04 12:23:00,1900,1900,1900,1900,0
2022-03-04 12:24:00,1900,1900,1900,1900,0
2022-03-04 12:25:00,1900,1900,1900,1900,0
2022-03-04 12:26:00,1900,1900,1900,1900,0
2022-03-04 12:27:00,1900,1900,1900,1900,0
2022-03-04 12:28:00,1900,1900,1900,1900,0
2022-03-04 12:29:00,1900,1900,1900,1900,0
2022-03-04 12:30:00,1900,1900,1900,1900,0
2022-03-04 12:31:00,1900,1900,1900,1900,0
2022-03-04 12:32:00,1900,1900,1900,1900,0
2022-03-04 12:33:00,1900,1900,1900,1900,0
2022-03-04 12:34:00,1900,1900,1900,1900,0
2022-03-04 12:35:00,1900,1900,1900,1900,0
2022-03-04 12:36:00,1900,1900,1900,1900,0
2022-03-04 12:37:00,1900,1900,1900,1900,0
2022-03-04 12:38:00,1900,1900,1900,1900,0
2022-03-04 12:39:00,1900,1900,1900,1900,0
2022-03-04 12:40:00,1900,1900,1900,1900,0
2022-03-04 12:41:00,1900,1900,1900,1900,0
2022-03-04 12:42:00,1900,1900,1900,1900,0
2022-03-04 12:43:00,1900,1900,1900,1900,0
2022-03-04 12:44:00,1900,1900,1900,1900,0
2022-03-04 12:45:00,1900,1900,1900,1900,0
2022-03-04 12:46:00,1900,1900,1900,1900,0
2022-03-04 12:47:00,1900,1900,1900,1900,0
2022-03-04 12:48:00,1900,1900,1900,1900,0
2022-03-04 12:49:00,1900,1900,1900,1900,0
2022-03-04 12:50:00,1900,1900,1900,1900,0
2022-03-04 12:51:00,1900,1900,1900,1900,0
2022-03-04 12:52:00,1900,1900,1900,1900,0
2022-03-04 12:53:00,1900,1900,1900,1900,0
2022-03-04 12:54:00,1900,1900,1900,1900,0
2022-03-04 12:55:00,1900,1900,1900,1900,0
2022-03-04 12:56:00,1900,1900,1900,1900,0
2022-03-04 12:57:00,1900,1900,1900,1900,0
2022-03-04 12:58:00,1900,1900,1900,1900,0
2022-03-04 12:59:00,1900,1900,1900,1900,0
2022-03-04 13:00:00,1900,1900,1900,1900,0
2022-03-04 13:01:00,1900,1900,1900,1900,0
2022-03-04 13:02:00,1900,1900,1900,1900,0
2022-03-04 13:03:00,1900,1900,1900,1900,0
2022-03-04 13:04:00,1900,1900,1900,1900,0
2022-03-04 13:05:00,1900,1900,1900,1900,0
2022-03-04 13:06:00,1900,1900,1900,1900,0
2022-03-04 13:07:00,1900,1900,1900,1900,0
2022-03-04 13:08:00,1900,1900,1900,1900,0
2022-03-04 13:09:00,1900,1900,1900,1900,0
2022-03-04 13:10:00,1900,1900,1900,1900,0
2022-03-04 13:11:00,1900,1900,1900,1900,0
2022-03-04 13:12:00,1900,1900,1900,1900,0
2022-03-04 13:13:00,1900,1900,1900,1900,0
2022-03-04 13:14:00,1900,1900,1900,1900,0
2022-03-04 13:15:00,1900,1900,1900,1900,0
2022-03-04 13:16:00,1900,1900,1900,1900,0
2022-03-04 13:17:00,1900,1900,1900,1900,0
2022-03-04 13:18:00,1900,1900,1900,1900,0
2022-03-04 13:19:00,1900,1900,1900,1900,0
2022-03-04 13:20:00,1900,1900,1900,1900,0
2022-03-04 13:21:00,1900,1900,1900,1900,0
2022-03-04 13:22:00,1900,1900,1900,1900,0
2022-03-04 13:23:00,1900,1900,1900,1900,0
2022-03-04 13:24:00,1900,1900,1900,1900,0
2022-03-04 13:25:00,1900,1900,1900,1900,0
2022-03-04 13:26:00,1900,1900,1900,1900,0
2022-03-04 13:27:00,1900,1900,1900,1900,0
2022-03-04 13:28:00,1900,1900,1900,1900,0
2022-03-04 13:29:00,1900,1900,1900,1900,0
2022-03-04 13:30:00,1870,1870,1870,1870,0
2022-03-04 13:31:00,1870,1870,1870,1870,0
2022-03-04 13:32:00,1870,1870,1870,1870,0
2022-03-04 13:33:00,1870,1870,1870,1870,0
2022-03-04 13:34:00,1870,1870,1870,1870,0
2022-03-04 13:35:00,1870,1870,1870,1870,0
2022-03-04 13:36:00,1870,1870,1870,1870,0
2022-03-04 13:37:00,1870,1870,1870,1870,0
2022-03-04 13:38:00,1870,1870,1870,1870,0
2022-03-04 13:39:00,1870,1870,1870,1870,0
2022-03-04 13:40:00,1870,1870,1870,1870,0
2022-03-04 13:41:00,1870,1870,1870,1870,0
2022-03-04 13:42:00,1870,1870,1870,1870,0
2022-03-04 13:43:00,1870,1870,1870,1870,0
2022-03-04 13:44:00,1870,1870,1870,1870,0
2022-03-04 13:45:00,1870,1870,1870,1870,0
2022-03-04 13:46:00,1870,1870,1870,1870,0
2022-03-04 13:47:00,1870,1870,1870,1870,0
2022-03-04 13:48:00,1870,1870,1870,1870,0
2022-03-04 13:49:00,1870,1870,1870,1870,0
2022-03-04 13:50:00,1870,1870,1870,1870,0
2022-03-04 13:51:00,1870,1870,1870,1870,0
2022-03-04 13:52:00,1870,1870,1870,1870,0
2022-03-04 13:53:00,1870,1870,1870,1870,0
2022-03-04 13:54:00,1870,1870,1870,1870,0
2022-03-04 13:55:00,1870,1870,1870,1870,0
2022-03-04 13:56:00,1870,1870,1870,1870,0
2022-03-04 13:57:00,1870,1870,1870,1870,0
2022-03-04 13:58:00,1870,1870,1870,1870,0
2022-03-04 13:59:00,1870,1870,1870,1870,0
2022-03-04 14:00:00,1870,1870,1870,1870,0
2022-03-04 14:01:00,1870,1870,1870,1870,0
2022-03-04 14:02:00,1870,1870,1870,1870,0
2022-03-04 14:03:00,1870,1870,1870,1870,0
2022-03-04 14:04:00,1870,1870,1870,1870,0
2022-03-04 14:05:00,1870,1870,1870,1870,0
2022-03-04 14:06:00,1870,1870,1870,1870,0
2022-03-04 14:07:00,1870,1870,1870,1870,0
2022-03-04 14:08:00,1870,1870,1870,1870,0
2022-03-04 14:09:00,1870,1870,1870,1870,0
2022-03-04 14:10:00,1870,1870,1870,1870,0
2022-03-04 14:11:00,1870,1870,1870,1870,0
2022-03-04 14:12:00,1870,1870,1870,1870,0
2022-03-04 14:13:00,1870,1870,1870,1870,0
2022-03-04 14:14:00,1870,1870,1870,1870,0
2022-03-04 14:15:00,1870,1870,1870,1870,0
2022-03-04 14:16:00,1870,1870,1870,1870,0
2022-03-04 14:17:00,1870,1870,1870,1870,0
2022-03-04 14:18:00,1870,1870,1870,1870,0
2022-03-04 14:19:00,1870,1870,1870,1870,0
2022-03-04 14:20:00,1870,1870,1870,1870,0
2022-03-04 14:21:00,1870,1870,1870,1870,0
2022-03-04 14:22:00,1870,1870,1870,1870,0
2022-03-04 14:23:00,1870,1870,1870,1870,0
2022-03-04 14:24:00,1870,1870,1870,1870,0
2022-03-04 14:25:00,1870,1870,1870,1870,0
2022-03-04 14:26:00,1870,1870,1870,1870,0
2022-03-04 14:27:00,1870,1870,1870,1870,0
2022-03-04 14:28:00,1870,1870,1870,1870,0
2022-03-04 14:29:00,1870,1870,1870,1870,0
2022-03-04 14:30:00,1870,1870,1870,1870,0
2022-03-04 14:31:00,1870,1870,1870,1870,0
2022-03-04 14:32:00,1870,1870,1870,1870,0
2022-03-04 14:33:00,1870,1870,1870,1870,0
2022-03-04 14:34:00,1870,1870,1870,1870,0
2022-03-04 14:35:00,1870,1870,1870,1870,0
2022-03-04 14:36:00,1870,1870,1870,1870,0
2022-03-04 14:37:00,1870,1870,1870,1870,0
2022-03-04 14:38:00,1870,1870,1870,1870,0
2022-03-04 14:39:00,1870,1870,1870,1870,0
2022-03-04 14:40:00,1870,1870,1870,1870,0
2022-03-04 14:41:00,1870,1870,1870,1870,0
2022-03-04 14:42:00,1870,1870,1870,1870,0
2022-03-04 14:43:00,1870,1870,1870,1870,0
2022-03-04 14:44:00,1870,1870,1870,1870,0
2022-03-04 14:45:00,1870,1870,1870,1870,0
2022-03-04 14:46:00,1870,1870,1870,1870,0
2022-03-04 14:47:00,1870,1870,1870,1870,0
2022-03-04 14:48:00,1870,1870,1870,1870,0
2022-03-04 14:49:00,1870,1870,1870,1870,0
2022-03-04 14:50:00,1870,1870,1870,1870,0
2022-03-04 14:51:00,1870,1870,1870,1870,0
2022-03-04 14:52:00,1870,1870,1870,1870,0
2022-03-04 14:53:00,1870,1870,1870,1870,0
2022-03-04 14:54:00,1870,1870,1870,1870,0
2022-03-04 14:55:00,1870,1870,1870,1870,0
2022-03-04 14:56:00,1870,1870,1870,1870,0
2022-03-04 14:57:00,1870,1870,1870,1870,0
2022-03-04 14:58:00,1870,1870,1870,1870,0
2022-03-04 14:59:00,1870,1870,1870,1870,0
2022-03-04 15:00:00,1980,1980,1980,1980,100
2022-03-04 15:01:00,1980,1980,1980,1980,0
2022-03-04 15:02:00,1980,1980,1980,1980,100
2022-03-04 15:03:00,1980,1980,1980,1980,0
2022-03-04 15:04:00,1980,1980,1980,1980,0
2022-03-04 15:05:00,1980,1980,1980,1980,0
2022-03-04 15:06:00,1980,1980,1980,1980,0
2022-03-04 15:07:00,1980,1980,1980,1980,0
2022-03-04 15:08:00,1980,1980,1980,1980,0
2022-03-04 15:09:00,1980,1980,1980,1980,0
2022-03-04 15:10:00,1980,1980,1980,1980,100
2022-03-04 15:11:00,1980,1980,1980,1980,0
2022-03-04 15:12:00,1980,1980,1980,1980,0
2022-03-04 15:13:00,1980,1980,1980,1980,0
2022-03-04 15:14:00,1980,1980,1980,1980,0
2022-03-04 15:15:00,1980,1980,1980,1980,0
2022-03-04 15:16:00,1980,1980,1980,1980,0
2022-03-04 15:17:00,1980,1980,1980,1980,0
2022-03-04 15:18:00,1980,1980,1980,1980,0
2022-03-04 15:19:00,1980,1980,1980,1980,0
2022-03-04 15:20:00,1980,1980,1980,1980,0
2022-03-04 15:21:00,1980,1980,1980,1980,0
2022-03-04 15:22:00,1980,1980,1980,1980,0
2022-03-04 15:23:00,1980,1980,1980,1980,0
2022-03-04 15:24:00,1980,1980,1980,1980,0
2022-03-04 15:25:00,1980,1980,1980,1980,0
2022-03-04 15:26:00,1980,1980,1980,1980,0
2022-03-04 15:27:00,1980,1980,1980,1980,0
2022-03-04 15:28:00,1980,1980,1980,1980,0
2022-03-04 15:29:00,1980,1980,1980,1980,0
2022-03-04 15:30:00,1980,1980,1980,1980,0
2022-03-04 15:31:00,1980,1980,1980,1980,0
2022-03-04 15:32:00,1980,1980,1980,1980,0
2022-03-04 15:33:00,1980,1980,1980,1980,0
2022-03-04 15:34:00,1980,1980,1980,1980,0
2022-03-04 15:35:00,1980,1980,1980,1980,0
2022-03-04 15:36:00,1980,1980,1980,1980,0
2022-03-04 15:37:00,1980,1980,1980,1980,0
2022-03-04 15:38:00,1980,1980,1980,1980,0
2022-03-04 15:39:00,1980,1980,1980,1980,0
2022-03-04 15:40:00,1980,1980,1980,1980,0
2022-03-04 15:41:00,1980,1980,1980,1980,0
2022-03-04 15:42:00,1980,1980,1980,1980,0
2022-03-04 15:43:00,1980,1980,1980,1980,0
2022-03-04 15:44:00,1980,1980,1980,1980,0
2022-03-04 15:45:00,1980,1980,1980,1980,0
2022-03-04 15:46:00,1980,1980,1980,1980,0
2022-03-04 15:47:00,1980,1980,1980,1980,0
2022-03-04 15:48:00,1980,1980,1980,1980,0
2022-03-04 15:49:00,1980,1980,1980,1980,0
2022-03-04 15:50:00,1980,1980,1980,1980,0
2022-03-04 15:51:00,1980,1980,1980,1980,0
2022-03-04 15:52:00,1980,1980,1980,1980,0
2022-03-04 15:53:00,1980,1980,1980,1980,0
2022-03-04 15:54:00,1980,1980,1980,1980,0
2022-03-04 15:55:00,1980,1980,1980,1980,0
2022-03-04 15:56:00,1980,1980,1980,1980,0
2022-03-04 15:57:00,1980,1980,1980,1980,0
2022-03-04 15:58:00,1980,1980,1980,1980,0
2022-03-04 15:59:00,1980,1980,1980,1980,0
2022-03-07 09:00:00,1980,1980,1980,1980,0
2022-03-07 09:01:00,1980,1980,1980,1980,0
2022-03-07 09:02:00,1980,1980,1980,1980,0
2022-03-07 09:03:00,1980,1980,1980,1980,0
2022-03-07 09:04:00,1980,1980,1980,1980,0
2022-03-07 09:05:00,1980,1980,1980,1980,0
2022-03-07 09:06:00,1980,1980,1980,1980,0
2022-03-07 09:07:00,1980,1980,1980,1980,0
2022-03-07 09:08:00,1980,1980,1980,1980,0
2022-03-07 09:09:00,1980,1980,1980,1980,0
2022-03-07 09:10:00,1980,1980,1980,1980,0
2022-03-07 09:11:00,1980,1980,1980,1980,0
2022-03-07 09:12:00,1980,1980,1980,1980,0
2022-03-07 09:13:00,1980,1980,1980,1980,0
2022-03-07 09:14:00,1980,1980,1980,1980,0
2022-03-07 09:15:00,1980,1980,1980,1980,0
2022-03-07 09:16:00,1980,1980,1980,1980,0
2022-03-07 09:17:00,1980,1980,1980,1980,0
2022-03-07 09:18:00,1980,1980,1980,1980,0
2022-03-07 09:19:00,1980,1980,1980,1980,0
2022-03-07 09:20:00,1980,1980,1980,1980,0
2022-03-07 09:21:00,1980,1980,1980,1980,0
2022-03-07 09:22:00,1980,1980,1980,1980,0
2022-03-07 09:23:00,1980,1980,1980,1980,0
2022-03-07 09:24:00,1980,1980,1980,1980,0
2022-03-07 09:25:00,1980,1980,1980,1980,0
2022-03-07 09:26:00,1980,1980,1980,1980,0
2022-03-07 09:27:00,1980,1980,1980,1980,0
2022-03-07 09:28:00,1980,1980,1980,1980,0
2022-03-07 09:29:00,1980,1980,1980,1980,0
2022-03-07 09:30:00,1980,1980,1980,1980,0
2022-03-07 09:31:00,1980,1980,1980,1980,0
2022-03-07 09:32:00,1980,1980,1980,1980,0
2022-03-07 09:33:00,1980,1980,1980,1980,0
2022-03-07 09:34:00,1980,1980,1980,1980,0
2022-03-07 09:35:00,1980,1980,1980,1980,0
2022-03-07 09:36:00,1980,1980,1980,1980,0
2022-03-07 09:37:00,1980,1980,1980,1980,0
2022-03-07 09:38:00,1980,1980,1980,1980,0
2022-03-07 09:39:00,1980,1980,1980,1980,0
2022-03-07 09:40:00,1980,1980,1980,1980,0
2022-03-07 09:41:00,1980,1980,1980,1980,0
2022-03-07 09:42:00,1980,1980,1980,1980,0
2022-03-07 09:43:00,1980,1980,1980,1980,0
2022-03-07 09:44:00,1980,1980,1980,1980,0
2022-03-07 09:45:00,1980,1980,1980,1980,0
2022-03-07 09:46:00,1980,1980,1980,1980,0
2022-03-07 09:47:00,1980,1980,1980,1980,0
2022-03-07 09:48:00,1980,1980,1980,1980,0
2022-03-07 09:49:00,1980,1980,1980,1980,0
2022-03-07 09:50:00,1980,1980,1980,1980,0
2022-03-07 09:51:00,1980,1980,1980,1980,0
2022-03-07 09:52:00,1980,1980,1980,1980,0
2022-03-07 09:53:00,1980,1980,1980,1980,0
2022-03-07 09:54:00,1980,1980,1980,1980,0
2022-03-07 09:55:00,1980,1980,1980,1980,0
2022-03-07 09:56:00,1980,1980,1980,1980,0
2022-03-07 09:57:00,1980,1980,1980,1980,0
2022-03-07 09:58:00,1980,1980,1980,1980,0
2022-03-07 09:59:00,1980,1980,1980,1980,0
2022-03-07 10:00:00,1980,1980,1980,1980,0
2022-03-07 10:01:00,1980,1980,1980,1980,0
2022-03-07 10:02:00,1980,1980,1980,1980,0
2022-03-07 10:03:00,1980,1980,1980,1980,0
2022-03-07 10:04:00,1980,1980,1980,1980,0
2022-03-07 10:05:00,1980,1980,1980,1980,0
2022-03-07 10:06:00,1980,1980,1980,1980,0
2022-03-07 10:07:00,1980,1980,1980,1980,0
2022-03-07 10:08:00,1980,1980,1980,1980,0
2022-03-07 10:09:00,1980,1980,1980,1980,0
2022-03-07 10:10:00,1980,1980,1980,1980,0
2022-03-07 10:11:00,1980,1980,1980,1980,0
2022-03-07 10:12:00,1980,1980,1980,1980,0
2022-03-07 10:13:00,1980,1980,1980,1980,0
2022-03-07 10:14:00,1980,1980,1980,1980,0
2022-03-07 10:15:00,1980,1980,1980,1980,0
2022-03-07 10:16:00,1980,1980,1980,1980,0
2022-03-07 10:17:00,1980,1980,1980,1980,0
2022-03-07 10:18:00,1980,1980,1980,1980,0
2022-03-07 10:19:00,1980,1980,1980,1980,0
2022-03-07 10:20:00,1980,1980,1980,1980,0
2022-03-07 10:21:00,1980,1980,1980,1980,0
2022-03-07 10:22:00,1980,1980,1980,1980,0
2022-03-07 10:23:00,1980,1980,1980,1980,0
2022-03-07 10:24:00,1980,1980,1980,1980,0
2022-03-07 10:25:00,1980,1980,1980,1980,0
2022-03-07 10:26:00,1980,1980,1980,1980,0
2022-03-07 10:27:00,1980,1980,1980,1980,0
2022-03-07 10:28:00,1980,1980,1980,1980,0
2022-03-07 10:29:00,1980,1980,1980,1980,0
2022-03-07 10:30:00,1980,1980,1980,1980,0
2022-03-07 10:31:00,1980,1980,1980,1980,0
2022-03-07 10:32:00,1980,1980,1980,1980,0
2022-03-07 10:33:00,1980,1980,1980,1980,0
2022-03-07 10:34:00,1980,1980,1980,1980,0
2022-03-07 10:35:00,1980,1980,1980,1980,0
2022-03-07 10:36:00,1980,1980,1980,1980,0
2022-03-07 10:37:00,1980,1980,1980,1980,0
2022-03-07 10:38:00,1980,1980,1980,1980,0
2022-03-07 10:39:00,1980,1980,1980,1980,0
2022-03-07 10:40:00,1980,1980,1980,1980,0
2022-03-07 10:41:00,1980,1980,1980,1980,0
2022-03-07 10:42:00,1980,1980,1980,1980,0
2022-03-07 10:43:00,1980,1980,1980,1980,0
2022-03-07 10:44:00,1980,1980,1980,1980,0
2022-03-07 10:45:00,1980,1980,1980,1980,0
2022-03-07 10:46:00,1980,1980,1980,1980,0
2022-03-07 10:47:00,1980,1980,1980,1980,0
2022-03-07 10:48:00,1980,1980,1980,1980,0
2022-03-07 10:49:00,1980,1980,1980,1980,0
2022-03-07 10:50:00,1980,1980,1980,1980,0
2022-03-07 10:51:00,1980,1980,1980,1980,0
2022-03-07 10:52:00,1980,1980,1980,1980,0
2022-03-07 10:53:00,1980,1980,1980,1980,0
2022-03-07 10:54:00,1980,1980,1980,1980,0
2022-03-07 10:55:00,1980,1980,1980,1980,0
2022-03-07 10:56:00,1980,1980,1980,1980,0
2022-03-07 10:57:00,1980,1980,1980,1980,0
2022-03-07 10:58:00,1980,1980,1980,1980,0
2022-03-07 10:59:00,1980,1980,1980,1980,0
2022-03-07 11:00:00,1980,1980,1980,1980,0
2022-03-07 11:01:00,1980,1980,1980,1980,0
2022-03-07 11:02:00,1980,1980,1980,1980,0
2022-03-07 11:03:00,1980,1980,1980,1980,0
2022-03-07 11:04:00,1980,1980,1980,1980,0
2022-03-07 11:05:00,1980,1980,1980,1980,0
2022-03-07 11:06:00,1980,1980,1980,1980,0
2022-03-07 11:07:00,1980,1980,1980,1980,0
2022-03-07 11:08:00,1980,1980,1980,1980,0
2022-03-07 11:09:00,1980,1980,1980,1980,0
2022-03-07 11:10:00,1980,1980,1980,1980,0
2022-03-07 11:11:00,1980,1980,1980,1980,0
2022-03-07 11:12:00,1980,1980,1980,1980,0
2022-03-07 11:13:00,1980,1980,1980,1980,0
2022-03-07 11:14:00,1980,1980,1980,1980,0
2022-03-07 11:15:00,1980,1980,1980,1980,0
2022-03-07 11:16:00,1980,1980,1980,1980,0
2022-03-07 11:17:00,1980,1980,1980,1980,0
2022-03-07 11:18:00,1980,1980,1980,1980,0
2022-03-07 11:19:00,1980,1980,1980,1980,0
2022-03-07 11:20:00,1980,1980,1980,1980,0
2022-03-07 11:21:00,1980,1980,1980,1980,0
2022-03-07 11:22:00,1980,1980,1980,1980,0
2022-03-07 11:23:00,1980,1980,1980,1980,0
2022-03-07 11:24:00,1980,1980,1980,1980,0
2022-03-07 11:25:00,1980,1980,1980,1980,0
2022-03-07 11:26:00,1980,1980,1980,1980,0
2022-03-07 11:27:00,1980,1980,1980,1980,0
2022-03-07 11:28:00,1980,1980,1980,1980,0
2022-03-07 11:29:00,1980,1980,1980,1980,0
2022-03-07 11:30:00,1980,1980,1980,1980,0
2022-03-07 11:31:00,1980,1980,1980,1980,0
2022-03-07 11:32:00,1980,1980,1980,1980,0
2022-03-07 11:33:00,1980,1980,1980,1980,0
2022-03-07 11:34:00,1980,1980,1980,1980,0
2022-03-07 11:35:00,1980,1980,1980,1980,0
2022-03-07 11:36:00,1980,1980,1980,1980,0
2022-03-07 11:37:00,1980,1980,1980,1980,0
2022-03-07 11:38:00,1980,1980,1980,1980,0
2022-03-07 11:39:00,1980,1980,1980,1980,0
2022-03-07 11:40:00,1980,1980,1980,1980,0
2022-03-07 11:41:00,1980,1980,1980,1980,0
2022-03-07 11:42:00,1980,1980,1980,1980,0
2022-03-07 11:43:00,1980,1980,1980,1980,0
2022-03-07 11:44:00,1980,1980,1980,1980,0
2022-03-07 11:45:00,1980,1980,1980,1980,0
2022-03-07 11:46:00,1980,1980,1980,1980,0
2022-03-07 11:47:00,1980,1980,1980,1980,0
2022-03-07 11:48:00,1980,1980,1980,1980,0
2022-03-07 11:49:00,1980,1980,1980,1980,0
2022-03-07 11:50:00,1980,1980,1980,1980,0
2022-03-07 11:51:00,1980,1980,1980,1980,0
2022-03-07 11:52:00,1980,1980,1980,1980,0
2022-03-07 11:53:00,1980,1980,1980,1980,0
2022-03-07 11:54:00,1980,1980,1980,1980,0
2022-03-07 11:55:00,1980,1980,1980,1980,0
2022-03-07 11:56:00,1980,1980,1980,1980,0
2022-03-07 11:57:00,1980,1980,1980,1980,0
2022-03-07 11:58:00,1980,1980,1980,1980,0
2022-03-07 11:59:00,1980,1980,1980,1980,0
2022-03-07 12:00:00,1980,1980,1980,1980,0
2022-03-07 12:01:00,1980,1980,1980,1980,0
2022-03-07 12:02:00,1980,1980,1980,1980,0
2022-03-07 12:03:00,1980,1980,1980,1980,0
2022-03-07 12:04:00,1980,1980,1980,1980,0
2022-03-07 12:05:00,1980,1980,1980,1980,0
2022-03-07 12:06:00,1980,1980,1980,1980,0
2022-03-07 12:07:00,1980,1980,1980,1980,0
2022-03-07 12:08:00,1980,1980,1980,1980,0
2022-03-07 12:09:00,1980,1980,1980,1980,0
2022-03-07 12:10:00,1980,1980,1980,1980,0
2022-03-07 12:11:00,1980,1980,1980,1980,0
2022-03-07 12:12:00,1980,1980,1980,1980,0
2022-03-07 12:13:00,1980,1980,1980,1980,0
2022-03-07 12:14:00,1980,1980,1980,1980,0
2022-03-07 12:15:00,1980,1980,1980,1980,0
2022-03-07 12:16:00,1980,1980,1980,1980,0
2022-03-07 12:17:00,1980,1980,1980,1980,0
2022-03-07 12:18:00,1980,1980,1980,1980,0
2022-03-07 12:19:00,1980,1980,1980,1980,0
2022-03-07 12:20:00,1980,1980,1980,1980,0
2022-03-07 12:21:00,1980,1980,1980,1980,0
2022-03-07 12:22:00,1980,1980,1980,1980,0
2022-03-07 12:23:00,1980,1980,1980,1980,0
2022-03-07 12:24:00,1980,1980,1980,1980,0
2022-03-07 12:25:00,1980,1980,1980,1980,0
2022-03-07 12:26:00,1980,1980,1980,1980,0
2022-03-07 12:27:00,1980,1980,1980,1980,0
2022-03-07 12:28:00,1980,1980,1980,1980,0
2022-03-07 12:29:00,1980,1980,1980,1980,0
2022-03-07 12:30:00,1980,1980,1980,1980,0
2022-03-07 12:31:00,1980,1980,1980,1980,0
2022-03-07 12:32:00,1980,1980,1980,1980,0
2022-03-07 12:33:00,1980,1980,1980,1980,0
2022-03-07 12:34:00,1980,1980,1980,1980,0
2022-03-07 12:35:00,1980,1980,1980,1980,0
2022-03-07 12:36:00,1980,1980,1980,1980,0
2022-03-07 12:37:00,1980,1980,1980,1980,0
2022-03-07 12:38:00,1980,1980,1980,1980,0
2022-03-07 12:39:00,1980,1980,1980,1980,0
2022-03-07 12:40:00,1980,1980,1980,1980,0
2022-03-07 12:41:00,1980,1980,1980,1980,0
2022-03-07 12:42:00,1980,1980,1980,1980,0
2022-03-07 12:43:00,1980,1980,1980,1980,0
2022-03-07 12:44:00,1980,1980,1980,1980,0
2022-03-07 12:45:00,1980,1980,1980,1980,0
2022-03-07 12:46:00,1980,1980,1980,1980,0
2022-03-07 12:47:00,1980,1980,1980,1980,0
2022-03-07 12:48:00,1980,1980,1980,1980,0
2022-03-07 12:49:00,1980,1980,1980,1980,0
2022-03-07 12:50:00,1980,1980,1980,1980,0
2022-03-07 12:51:00,1980,1980,1980,1980,0
2022-03-07 12:52:00,1980,1980,1980,1980,0
2022-03-07 12:53:00,1980,1980,1980,1980,0
2022-03-07 12:54:00,1980,1980,1980,1980,0
2022-03-07 12:55:00,1980,1980,1980,1980,0
2022-03-07 12:56:00,1980,1980,1980,1980,0
2022-03-07 12:57:00,1980,1980,1980,1980,0
2022-03-07 12:58:00,1980,1980,1980,1980,0
2022-03-07 12:59:00,1980,1980,1980,1980,0
2022-03-07 13:00:00,1980,1980,1980,1980,0
2022-03-07 13:01:00,1980,1980,1980,1980,0
2022-03-07 13:02:00,1980,1980,1980,1980,0
2022-03-07 13:03:00,1980,1980,1980,1980,0
2022-03-07 13:04:00,1980,1980,1980,1980,0
2022-03-07 13:05:00,1980,1980,1980,1980,0
2022-03-07 13:06:00,1980,1980,1980,1980,0
2022-03-07 13:07:00,1980,1980,1980,1980,0
2022-03-07 13:08:00,1980,1980,1980,1980,0
2022-03-07 13:09:00,1980,1980,1980,1980,0
2022-03-07 13:10:00,1980,1980,1980,1980,0
2022-03-07 13:11:00,1980,1980,1980,1980,0
2022-03-07 13:12:00,1980,1980,1980,1980,0
2022-03-07 13:13:00,1980,1980,1980,1980,0
2022-03-07 13:14:00,1980,1980,1980,1980,0
2022-03-07 13:15:00,1980,1980,1980,1980,0
2022-03-07 13:16:00,1980,1980,1980,1980,0
2022-03-07 13:17:00,1980,1980,1980,1980,0
2022-03-07 13:18:00,1980,1980,1980,1980,0
2022-03-07 13:19:00,1980,1980,1980,1980,0
2022-03-07 13:20:00,1980,1980,1980,1980,0
2022-03-07 13:21:00,1980,1980,1980,1980,0
2022-03-07 13:22:00,1980,1980,1980,1980,0
2022-03-07 13:23:00,1980,1980,1980,1980,0
2022-03-07 13:24:00,1980,1980,1980,1980,0
2022-03-07 13:25:00,1980,1980,1980,1980,0
2022-03-07 13:26:00,1980,1980,1980,1980,0
2022-03-07 13:27:00,1980,1980,1980,1980,0
2022-03-07 13:28:00,1980,1980,1980,1980,0
2022-03-07 13:29:00,1980,1980,1980,1980,0
2022-03-07 13:30:00,1980,1980,1980,1980,0
2022-03-07 13:31:00,1980,1980,1980,1980,0
2022-03-07 13:32:00,1980,1980,1980,1980,0
2022-03-07 13:33:00,1980,1980,1980,1980,300
2022-03-07 13:34:00,1980,1980,1980,1980,0
2022-03-07 13:35:00,1980,1980,1980,1980,0
2022-03-07 13:36:00,1980,1980,1980,1980,0
2022-03-07 13:37:00,1980,1980,1980,1980,0
2022-03-07 13:38:00,1980,1980,1980,1980,0
2022-03-07 13:39:00,1980,1980,1980,1980,0
2022-03-07 13:40:00,1980,1980,1980,1980,0
2022-03-07 13:41:00,1980,1980,1980,1980,0
2022-03-07 13:42:00,1980,1980,1980,1980,0
2022-03-07 13:43:00,1980,1980,1980,1980,0
2022-03-07 13:44:00,1980,1980,1980,1980,0
2022-03-07 13:45:00,1980,1980,1980,1980,0
2022-03-07 13:46:00,1980,1980,1980,1980,0
2022-03-07 13:47:00,1980,1980,1980,1980,0
2022-03-07 13:48:00,1980,1980,1980,1980,0
2022-03-07 13:49:00,1980,1980,1980,1980,0
2022-03-07 13:50:00,1980,1980,1980,1980,0
2022-03-07 13:51:00,1980,1980,1980,1980,0
2022-03-07 13:52:00,1980,1980,1980,1980,0
2022-03-07 13:53:00,1980,1980,1980,1980,0
2022-03-07 13:54:00,1980,1980,1980,1980,0
2022-03-07 13:55:00,1980,1980,1980,1980,0
2022-03-07 13:56:00,1980,1980,1980,1980,0
2022-03-07 13:57:00,1980,1980,1980,1980,0
2022-03-07 13:58:00,1980,1980,1980,1980,0
2022-03-07 13:59:00,1980,1980,1980,1980,0
2022-03-07 14:00:00,1980,1980,1980,1980,0
2022-03-07 14:01:00,1980,1980,1980,1980,0
2022-03-07 14:02:00,1980,1980,1980,1980,0
2022-03-07 14:03:00,1980,1980,1980,1980,0
2022-03-07 14:04:00,1980,1980,1980,1980,0
2022-03-07 14:05:00,1980,1980,1980,1980,0
2022-03-07 14:06:00,1980,1980,1980,1980,0
2022-03-07 14:07:00,1980,1980,1980,1980,0
2022-03-07 14:08:00,1980,1980,1980,1980,0
2022-03-07 14:09:00,1980,1980,1980,1980,0
2022-03-07 14:10:00,1980,1980,1980,1980,0
2022-03-07 14:11:00,1980,1980,1980,1980,100
2022-03-07 14:12:00,1980,1980,1980,1980,0
2022-03-07 14:13:00,1980,1980,1980,1980,0
2022-03-07 14:14:00,1980,1980,1980,1980,0
2022-03-07 14:15:00,1980,1980,1980,1980,0
2022-03-07 14:16:00,1980,1980,1980,1980,0
2022-03-07 14:17:00,1980,1980,1980,1980,0
2022-03-07 14:18:00,1980,1980,1980,1980,0
2022-03-07 14:19:00,1980,1980,1980,1980,0
2022-03-07 14:20:00,1980,1980,1980,1980,0
2022-03-07 14:21:00,1980,1980,1980,1980,0
2022-03-07 14:22:00,1980,1980,1980,1980,0
2022-03-07 14:23:00,1980,1980,1980,1980,0
2022-03-07 14:24:00,1980,1980,1980,1980,0
2022-03-07 14:25:00,1980,1980,1980,1980,0
2022-03-07 14:26:00,1980,1980,1980,1980,0
2022-03-07 14:27:00,1980,1980,1980,1980,100
2022-03-07 14:28:00,1980,1980,1980,1980,0
2022-03-07 14:29:00,1980,1980,1980,1980,0
2022-03-07 14:30:00,1980,1980,1980,1980,0
2022-03-07 14:31:00,1980,1980,1980,1980,0
2022-03-07 14:32:00,1980,1980,1980,1980,0
2022-03-07 14:33:00,1980,1980,1980,1980,0
2022-03-07 14:34:00,1980,1980,1980,1980,0
2022-03-07 14:35:00,1980,1980,1980,1980,0
2022-03-07 14:36:00,1980,1980,1980,1980,0
2022-03-07 14:37:00,1980,1980,1980,1980,0
2022-03-07 14:38:00,1980,1980,1980,1980,0
2022-03-07 14:39:00,1980,1980,1980,1980,0
2022-03-07 14:40:00,1980,1980,1980,1980,0
2022-03-07 14:41:00,1980,1980,1980,1980,0
2022-03-07 14:42:00,1980,1980,1980,1980,0
2022-03-07 14:43:00,1980,1980,1980,1980,0
2022-03-07 14:44:00,1980,1980,1980,1980,0
2022-03-07 14:45:00,1980,1980,1980,1980,0
2022-03-07 14:46:00,1980,1980,1980,1980,0
2022-03-07 14:47:00,1980,1980,1980,1980,0
2022-03-07 14:48:00,1980,1980,1980,1980,0
2022-03-07 14:49:00,1980,1980,1980,1980,0
2022-03-07 14:50:00,1980,1980,1980,1980,0
2022-03-07 14:51:00,1980,1980,1980,1980,0
2022-03-07 14:52:00,1980,1980,1980,1980,0
2022-03-07 14:53:00,1980,1980,1980,1980,0
2022-03-07 14:54:00,1980,1980,1980,1980,0
2022-03-07 14:55:00,1980,1980,1980,1980,0
2022-03-07 14:56:00,1980,1980,1980,1980,0
2022-03-07 14:57:00,1980,1980,1980,1980,0
2022-03-07 14:58:00,1980,1980,1980,1980,0
2022-03-07 14:59:00,1980,1980,1980,1980,0
2022-03-07 15:00:00,1980,1980,1980,1980,0
2022-03-07 15:01:00,1980,1980,1980,1980,0
2022-03-07 15:02:00,1980,1980,1980,1980,0
2022-03-07 15:03:00,1980,1980,1980,1980,0
2022-03-07 15:04:00,1980,1980,1980,1980,0
2022-03-07 15:05:00,1980,1980,1980,1980,0
2022-03-07 15:06:00,1980,1980,1980,1980,0
2022-03-07 15:07:00,1980,1980,1980,1980,0
2022-03-07 15:08:00,1980,1980,1980,1980,0
2022-03-07 15:09:00,1980,1980,1980,1980,0
2022-03-07 15:10:00,1980,1980,1980,1980,0
2022-03-07 15:11:00,1980,1980,1980,1980,0
2022-03-07 15:12:00,1980,1980,1980,1980,0
2022-03-07 15:13:00,1980,1980,1980,1980,0
2022-03-07 15:14:00,1980,1980,1980,1980,0
2022-03-07 15:15:00,1980,1980,1980,1980,0
2022-03-07 15:16:00,1980,1980,1980,1980,0
2022-03-07 15:17:00,1980,1980,1980,1980,0
2022-03-07 15:18:00,1980,1980,1980,1980,0
2022-03-07 15:19:00,1980,1980,1980,1980,0
2022-03-07 15:20:00,1980,1980,1980,1980,0
2022-03-07 15:21:00,1980,1980,1980,1980,0
2022-03-07 15:22:00,1980,1980,1980,1980,0
2022-03-07 15:23:00,1980,1980,1980,1980,0
2022-03-07 15:24:00,1980,1980,1980,1980,0
2022-03-07 15:25:00,1980,1980,1980,1980,0
2022-03-07 15:26:00,1980,1980,1980,1980,0
2022-03-07 15:27:00,1980,1980,1980,1980,0
2022-03-07 15:28:00,1980,1980,1980,1980,0
2022-03-07 15:29:00,1980,1980,1980,1980,0
2022-03-07 15:30:00,1980,1980,1980,1980,0
2022-03-07 15:31:00,1980,1980,1980,1980,0
2022-03-07 15:32:00,1980,1980,1980,1980,0
2022-03-07 15:33:00,1980,1980,1980,1980,0
2022-03-07 15:34:00,1980,1980,1980,1980,0
2022-03-07 15:35:00,1980,1980,1980,1980,0
2022-03-07 15:36:00,1980,1980,1980,1980,0
2022-03-07 15:37:00,1980,1980,1980,1980,0
2022-03-07 15:38:00,1980,1980,1980,1980,0
2022-03-07 15:39:00,1980,1980,1980,1980,0
2022-03-07 15:40:00,1980,1980,1980,1980,0
2022-03-07 15:41:00,1980,1980,1980,1980,0
2022-03-07 15:42:00,1980,1980,1980,1980,0
2022-03-07 15:43:00,1980,1980,1980,1980,0
2022-03-07 15:44:00,1980,1980,1980,1980,0
2022-03-07 15:45:00,1980,1980,1980,1980,0
2022-03-07 15:46:00,1980,1980,1980,1980,0
2022-03-07 15:47:00,1980,1980,1980,1980,0
2022-03-07 15:48:00,1980,1980,1980,1980,0
2022-03-07 15:49:00,1980,1980,1980,1980,0
2022-03-07 15:50:00,1980,1980,1980,1980,0
2022-03-07 15:51:00,1980,1980,1980,1980,0
2022-03-07 15:52:00,1980,1980,1980,1980,0
2022-03-07 15:53:00,1980,1980,1980,1980,0
2022-03-07 15:54:00,1980,1980,1980,1980,0
2022-03-07 15:55:00,1980,1980,1980,1980,0
2022-03-07 15:56:00,1980,1980,1980,1980,0
2022-03-07 15:57:00,1980,1980,1980,1980,0
2022-03-07 15:58:00,1980,1980,1980,1980,0
2022-03-07 15:59:00,1980,1980,1980,1980,0
2022-03-08 09:00:00,1980,1980,1980,1980,0
2022-03-08 09:01:00,1980,1980,1980,1980,100
2022-03-08 09:02:00,1980,1980,1980,1980,0
2022-03-08 09:03:00,1980,1980,1980,1980,0
2022-03-08 09:04:00,1980,1980,1980,1980,0
2022-03-08 09:05:00,1980,1980,1980,1980,0
2022-03-08 09:06:00,1980,1980,1980,1980,0
2022-03-08 09:07:00,1980,1980,1980,1980,0
2022-03-08 09:08:00,1980,1980,1980,1980,0
2022-03-08 09:09:00,1980,1980,1980,1980,0
2022-03-08 09:10:00,1980,1980,1980,1980,0
2022-03-08 09:11:00,1980,1980,1980,1980,0
2022-03-08 09:12:00,1980,1980,1980,1980,0
2022-03-08 09:13:00,1980,1980,1980,1980,800
2022-03-08 09:14:00,1980,1980,1980,1980,0
2022-03-08 09:15:00,1980,1980,1980,1980,0
2022-03-08 09:16:00,1980,1980,1980,1980,0
2022-03-08 09:17:00,1980,1980,1980,1980,0
2022-03-08 09:18:00,1980,1980,1980,1980,0
2022-03-08 09:19:00,1980,1980,1980,1980,0
2022-03-08 09:20:00,1980,1980,1980,1980,0
2022-03-08 09:21:00,1980,1980,1980,1980,0
2022-03-08 09:22:00,1980,1980,1980,1980,0
2022-03-08 09:23:00,1980,1980,1980,1980,0
2022-03-08 09:24:00,1980,1980,1980,1980,0
2022-03-08 09:25:00,1980,1980,1980,1980,0
2022-03-08 09:26:00,1980,1980,1980,1980,0
2022-03-08 09:27:00,1980,1980,1980,1980,0
2022-03-08 09:28:00,1980,1980,1980,1980,0
2022-03-08 09:29:00,1980,1980,1980,1980,0
2022-03-08 09:30:00,1980,1980,1980,1980,0
2022-03-08 09:31:00,1980,1980,1980,1980,0
2022-03-08 09:32:00,1980,1980,1980,1980,0
2022-03-08 09:33:00,1980,1980,1980,1980,0
2022-03-08 09:34:00,1980,1980,1980,1980,0
2022-03-08 09:35:00,1980,1980,1980,1980,0
2022-03-08 09:36:00,1980,1980,1980,1980,0
2022-03-08 09:37:00,1980,1980,1980,1980,0
2022-03-08 09:38:00,1980,1980,1980,1980,0
2022-03-08 09:39:00,1980,1980,1980,1980,0
2022-03-08 09:40:00,1980,1980,1980,1980,0
2022-03-08 09:41:00,1980,1980,1980,1980,0
2022-03-08 09:42:00,1980,1980,1980,1980,0
2022-03-08 09:43:00,1980,1980,1980,1980,0
2022-03-08 09:44:00,1980,1980,1980,1980,0
2022-03-08 09:45:00,1980,1980,1980,1980,0
2022-03-08 09:46:00,1980,1980,1980,1980,0
2022-03-08 09:47:00,1980,1980,1980,1980,0
2022-03-08 09:48:00,1980,1980,1980,1980,0
2022-03-08 09:49:00,1980,1980,1980,1980,0
2022-03-08 09:50:00,1980,1980,1980,1980,0
2022-03-08 09:51:00,1980,1980,1980,1980,0
2022-03-08 09:52:00,1980,1980,1980,1980,0
2022-03-08 09:53:00,1980,1980,1980,1980,0
2022-03-08 09:54:00,1980,1980,1980,1980,0
2022-03-08 09:55:00,1980,1980,1980,1980,0
2022-03-08 09:56:00,1980,1980,1980,1980,0
2022-03-08 09:57:00,1980,1980,1980,1980,0
2022-03-08 09:58:00,1980,1980,1980,1980,0
2022-03-08 09:59:00,1980,1980,1980,1980,0
2022-03-08 10:00:00,1980,1980,1980,1980,0
2022-03-08 10:01:00,1980,1980,1980,1980,0
2022-03-08 10:02:00,1980,1980,1980,1980,0
2022-03-08 10:03:00,1980,1980,1980,1980,0
2022-03-08 10:04:00,1980,1980,1980,1980,0
2022-03-08 10:05:00,1980,1980,1980,1980,0
2022-03-08 10:06:00,1980,1980,1980,1980,0
2022-03-08 10:07:00,1980,1980,1980,1980,0
2022-03-08 10:08:00,1980,1980,1980,1980,0
2022-03-08 10:09:00,1980,1980,1980,1980,0
2022-03-08 10:10:00,1980,1980,1980,1980,0
2022-03-08 10:11:00,1980,1980,1980,1980,0
2022-03-08 10:12:00,1980,1980,1980,1980,0
2022-03-08 10:13:00,1980,1980,1980,1980,0
2022-03-08 10:14:00,1980,1980,1980,1980,0
2022-03-08 10:15:00,1980,1980,1980,1980,0
2022-03-08 10:16:00,1980,1980,1980,1980,0
2022-03-08 10:17:00,1980,1980,1980,1980,0
2022-03-08 10:18:00,1980,1980,1980,1980,0
2022-03-08 10:19:00,1980,1980,1980,1980,0
2022-03-08 10:20:00,1980,1980,1980,1980,0
2022-03-08 10:21:00,1980,1980,1980,1980,0
2022-03-08 10:22:00,1980,1980,1980,1980,0
2022-03-08 10:23:00,1980,1980,1980,1980,0
2022-03-08 10:24:00,1980,1980,1980,1980,0
2022-03-08 10:25:00,1980,1980,1980,1980,0
2022-03-08 10:26:00,1980,1980,1980,1980,0
2022-03-08 10:27:00,1980,1980,1980,1980,0
2022-03-08 10:28:00,1980,1980,1980,1980,0
2022-03-08 10:29:00,1980,1980,1980,1980,0
2022-03-08 10:30:00,1980,1980,1980,1980,0
2022-03-08 10:31:00,1980,1980,1980,1980,0
2022-03-08 10:32:00,1980,1980,1980,1980,0
2022-03-08 10:33:00,1980,1980,1980,1980,0
2022-03-08 10:34:00,1980,1980,1980,1980,0
2022-03-08 10:35:00,1980,1980,1980,1980,0
2022-03-08 10:36:00,1980,1980,1980,1980,0
2022-03-08 10:37:00,1980,1980,1980,1980,0
2022-03-08 10:38:00,1980,1980,1980,1980,0
2022-03-08 10:39:00,1980,1980,1980,1980,0
2022-03-08 10:40:00,1980,1980,1980,1980,0
2022-03-08 10:41:00,1980,1980,1980,1980,0
2022-03-08 10:42:00,1980,1980,1980,1980,0
2022-03-08 10:43:00,1980,1980,1980,1980,0
2022-03-08 10:44:00,1980,1980,1980,1980,0
2022-03-08 10:45:00,1980,1980,1980,1980,0
2022-03-08 10:46:00,1980,1980,1980,1980,0
2022-03-08 10:47:00,1980,1980,1980,1980,0
2022-03-08 10:48:00,1980,1980,1980,1980,0
2022-03-08 10:49:00,1980,1980,1980,1980,0
2022-03-08 10:50:00,1980,1980,1980,1980,0
2022-03-08 10:51:00,1980,1980,1980,1980,0
2022-03-08 10:52:00,1980,1980,1980,1980,0
2022-03-08 10:53:00,1980,1980,1980,1980,0
2022-03-08 10:54:00,1980,1980,1980,1980,0
2022-03-08 10:55:00,1980,1980,1980,1980,0
2022-03-08 10:56:00,1980,1980,1980,1980,0
2022-03-08 10:57:00,1980,1980,1980,1980,0
2022-03-08 10:58:00,1980,1980,1980,1980,0
2022-03-08 10:59:00,1980,1980,1980,1980,0
2022-03-08 11:00:00,1980,1980,1980,1980,0
2022-03-08 11:01:00,1980,1980,1980,1980,0
2022-03-08 11:02:00,1980,1980,1980,1980,0
2022-03-08 11:03:00,1980,1980,1980,1980,0
2022-03-08 11:04:00,1980,1980,1980,1980,0
2022-03-08 11:05:00,1980,1980,1980,1980,0
2022-03-08 11:06:00,1980,1980,1980,1980,0
2022-03-08 11:07:00,1980,1980,1980,1980,0
2022-03-08 11:08:00,1980,1980,1980,1980,0
2022-03-08 11:09:00,1980,1980,1980,1980,0
2022-03-08 11:10:00,1980,1980,1980,1980,0
2022-03-08 11:11:00,1980,1980,1980,1980,0
2022-03-08 11:12:00,1980,1980,1980,1980,0
2022-03-08 11:13:00,1980,1980,1980,1980,0
2022-03-08 11:14:00,1980,1980,1980,1980,0
2022-03-08 11:15:00,1980,1980,1980,1980,0
2022-03-08 11:16:00,1980,1980,1980,1980,0
2022-03-08 11:17:00,1980,1980,1980,1980,0
2022-03-08 11:18:00,1980,1980,1980,1980,0
2022-03-08 11:19:00,1980,1980,1980,1980,0
2022-03-08 11:20:00,1980,1980,1980,1980,0
2022-03-08 11:21:00,1980,1980,1980,1980,0
2022-03-08 11:22:00,1980,1980,1980,1980,0
2022-03-08 11:23:00,1980,1980,1980,1980,0
2022-03-08 11:24:00,1980,1980,1980,1980,0
2022-03-08 11:25:00,1980,1980,1980,1980,0
2022-03-08 11:26:00,1980,1980,1980,1980,0
2022-03-08 11:27:00,1980,1980,1980,1980,0
2022-03-08 11:28:00,1980,1980,1980,1980,0
2022-03-08 11:29:00,1980,1980,1980,1980,0
2022-03-08 11:30:00,1980,1980,1980,1980,0
2022-03-08 11:31:00,1980,1980,1980,1980,0
2022-03-08 11:32:00,1980,1980,1980,1980,0
2022-03-08 11:33:00,1980,1980,1980,1980,0
2022-03-08 11:34:00,1980,1980,1980,1980,0
2022-03-08 11:35:00,1980,1980,1980,1980,0
2022-03-08 11:36:00,1980,1980,1980,1980,0
2022-03-08 11:37:00,1980,1980,1980,1980,0
2022-03-08 11:38:00,1980,1980,1980,1980,0
2022-03-08 11:39:00,1980,1980,1980,1980,0
2022-03-08 11:40:00,1980,1980,1980,1980,0
2022-03-08 11:41:00,1980,1980,1980,1980,0
2022-03-08 11:42:00,1980,1980,1980,1980,0
2022-03-08 11:43:00,1980,1980,1980,1980,0
2022-03-08 11:44:00,1980,1980,1980,1980,0
2022-03-08 11:45:00,1980,1980,1980,1980,0
2022-03-08 11:46:00,1980,1980,1980,1980,0
2022-03-08 11:47:00,1980,1980,1980,1980,0
2022-03-08 11:48:00,1980,1980,1980,1980,0
2022-03-08 11:49:00,1980,1980,1980,1980,0
2022-03-08 11:50:00,1980,1980,1980,1980,0
2022-03-08 11:51:00,1980,1980,1980,1980,0
2022-03-08 11:52:00,1980,1980,1980,1980,0
2022-03-08 11:53:00,1980,1980,1980,1980,0
2022-03-08 11:54:00,1980,1980,1980,1980,0
2022-03-08 11:55:00,1980,1980,1980,1980,0
2022-03-08 11:56:00,1980,1980,1980,1980,0
2022-03-08 11:57:00,1980,1980,1980,1980,0
2022-03-08 11:58:00,1980,1980,1980,1980,0
2022-03-08 11:59:00,1980,1980,1980,1980,0
2022-03-08 12:00:00,1980,1980,1980,1980,0
2022-03-08 12:01:00,1980,1980,1980,1980,0
2022-03-08 12:02:00,1980,1980,1980,1980,0
2022-03-08 12:03:00,1980,1980,1980,1980,0
2022-03-08 12:04:00,1980,1980,1980,1980,0
2022-03-08 12:05:00,1980,1980,1980,1980,0
2022-03-08 12:06:00,1980,1980,1980,1980,0
2022-03-08 12:07:00,1980,1980,1980,1980,0
2022-03-08 12:08:00,1980,1980,1980,1980,0
2022-03-08 12:09:00,1980,1980,1980,1980,0
2022-03-08 12:10:00,1980,1980,1980,1980,0
2022-03-08 12:11:00,1980,1980,1980,1980,0
2022-03-08 12:12:00,1980,1980,1980,1980,0
2022-03-08 12:13:00,1980,1980,1980,1980,0
2022-03-08 12:14:00,1980,1980,1980,1980,0
2022-03-08 12:15:00,1980,1980,1980,1980,0
2022-03-08 12:16:00,1980,1980,1980,1980,0
2022-03-08 12:17:00,1980,1980,1980,1980,0
2022-03-08 12:18:00,1980,1980,1980,1980,0
2022-03-08 12:19:00,1980,1980,1980,1980,0
2022-03-08 12:20:00,1980,1980,1980,1980,0
2022-03-08 12:21:00,1980,1980,1980,1980,0
2022-03-08 12:22:00,1980,1980,1980,1980,0
2022-03-08 12:23:00,1980,1980,1980,1980,0
2022-03-08 12:24:00,1980,1980,1980,1980,0
2022-03-08 12:25:00,1980,1980,1980,1980,0
2022-03-08 12:26:00,1980,1980,1980,1980,0
2022-03-08 12:27:00,1980,1980,1980,1980,0
2022-03-08 12:28:00,1980,1980,1980,1980,0
2022-03-08 12:29:00,1980,1980,1980,1980,0
2022-03-08 12:30:00,1980,1980,1980,1980,0
2022-03-08 12:31:00,1980,1980,1980,1980,0
2022-03-08 12:32:00,1980,1980,1980,1980,0
2022-03-08 12:33:00,1980,1980,1980,1980,0
2022-03-08 12:34:00,1980,1980,1980,1980,0
2022-03-08 12:35:00,1980,1980,1980,1980,0
2022-03-08 12:36:00,1980,1980,1980,1980,0
2022-03-08 12:37:00,1980,1980,1980,1980,0
2022-03-08 12:38:00,1980,1980,1980,1980,0
2022-03-08 12:39:00,1980,1980,1980,1980,0
2022-03-08 12:40:00,1980,1980,1980,1980,0
2022-03-08 12:41:00,1980,1980,1980,1980,0
2022-03-08 12:42:00,1980,1980,1980,1980,0
2022-03-08 12:43:00,1980,1980,1980,1980,0
2022-03-08 12:44:00,1980,1980,1980,1980,0
2022-03-08 12:45:00,1980,1980,1980,1980,0
2022-03-08 12:46:00,1980,1980,1980,1980,0
2022-03-08 12:47:00,1980,1980,1980,1980,0
2022-03-08 12:48:00,1980,1980,1980,1980,0
2022-03-08 12:49:00,1980,1980,1980,1980,0
2022-03-08 12:50:00,1980,1980,1980,1980,0
2022-03-08 12:51:00,1980,1980,1980,1980,0
2022-03-08 12:52:00,1980,1980,1980,1980,0
2022-03-08 12:53:00,1980,1980,1980,1980,0
2022-03-08 12:54:00,1980,1980,1980,1980,0
2022-03-08 12:55:00,1980,1980,1980,1980,0
2022-03-08 12:56:00,1980,1980,1980,1980,0
2022-03-08 12:57:00,1980,1980,1980,1980,0
2022-03-08 12:58:00,1980,1980,1980,1980,0
2022-03-08 12:59:00,1980,1980,1980,1980,0
2022-03-08 13:00:00,1980,1980,1980,1980,0
2022-03-08 13:01:00,1980,1980,1980,1980,0
2022-03-08 13:02:00,1980,1980,1980,1980,0
2022-03-08 13:03:00,1980,1980,1980,1980,0
2022-03-08 13:04:00,1980,1980,1980,1980,0
2022-03-08 13:05:00,1980,1980,1980,1980,0
2022-03-08 13:06:00,1980,1980,1980,1980,0
2022-03-08 13:07:00,1980,1980,1980,1980,0
2022-03-08 13:08:00,1980,1980,1980,1980,0
2022-03-08 13:09:00,1980,1980,1980,1980,0
2022-03-08 13:10:00,1980,1980,1980,1980,0
2022-03-08 13:11:00,1980,1980,1980,1980,0
2022-03-08 13:12:00,1980,1980,1980,1980,0
2022-03-08 13:13:00,1980,1980,1980,1980,0
2022-03-08 13:14:00,1980,1980,1980,1980,0
2022-03-08 13:15:00,1980,1980,1980,1980,0
2022-03-08 13:16:00,1980,1980,1980,1980,0
2022-03-08 13:17:00,1980,1980,1980,1980,0
2022-03-08 13:18:00,1980,1980,1980,1980,0
2022-03-08 13:19:00,1980,1980,1980,1980,0
2022-03-08 13:20:00,1980,1980,1980,1980,0
2022-03-08 13:21:00,1980,1980,1980,1980,0
2022-03-08 13:22:00,1980,1980,1980,1980,0
2022-03-08 13:23:00,1980,1980,1980,1980,0
2022-03-08 13:24:00,1980,1980,1980,1980,0
2022-03-08 13:25:00,1980,1980,1980,1980,0
2022-03-08 13:26:00,1980,1980,1980,1980,0
2022-03-08 13:27:00,1980,1980,1980,1980,0
2022-03-08 13:28:00,1980,1980,1980,1980,0
2022-03-08 13:29:00,1980,1980,1980,1980,0
2022-03-08 13:30:00,1980,1980,1980,1980,0
2022-03-08 13:31:00,1980,1980,1980,1980,0
2022-03-08 13:32:00,1980,1980,1980,1980,0
2022-03-08 13:33:00,1980,1980,1980,1980,0
2022-03-08 13:34:00,1980,1980,1980,1980,0
2022-03-08 13:35:00,1980,1980,1980,1980,0
2022-03-08 13:36:00,1980,1980,1980,1980,0
2022-03-08 13:37:00,1980,1980,1980,1980,0
2022-03-08 13:38:00,1980,1980,1980,1980,0
2022-03-08 13:39:00,1980,1980,1980,1980,0
2022-03-08 13:40:00,1980,1980,1980,1980,0
2022-03-08 13:41:00,1980,1980,1980,1980,0
2022-03-08 13:42:00,1980,1980,1980,1980,0
2022-03-08 13:43:00,1980,1980,1980,1980,0
2022-03-08 13:44:00,1980,1980,1980,1980,0
2022-03-08 13:45:00,1980,1980,1980,1980,0
2022-03-08 13:46:00,1980,1980,1980,1980,0
2022-03-08 13:47:00,1980,1980,1980,1980,0
2022-03-08 13:48:00,1980,1980,1980,1980,0
2022-03-08 13:49:00,1980,1980,1980,1980,0
2022-03-08 13:50:00,1980,1980,1980,1980,0
2022-03-08 13:51:00,1980,1980,1980,1980,0
2022-03-08 13:52:00,1980,1980,1980,1980,0
2022-03-08 13:53:00,1980,1980,1980,1980,0
2022-03-08 13:54:00,1980,1980,1980,1980,0
2022-03-08 13:55:00,1980,1980,1980,1980,0
2022-03-08 13:56:00,1980,1980,1980,1980,0
2022-03-08 13:57:00,1980,1980,1980,1980,0
2022-03-08 13:58:00,1980,1980,1980,1980,0
2022-03-08 13:59:00,1980,1980,1980,1980,0
2022-03-08 14:00:00,1980,1980,1980,1980,0
2022-03-08 14:01:00,1980,1980,1980,1980,0
2022-03-08 14:02:00,1980,1980,1980,1980,0
2022-03-08 14:03:00,1980,1980,1980,1980,0
2022-03-08 14:04:00,1980,1980,1980,1980,0
2022-03-08 14:05:00,1980,1980,1980,1980,0
2022-03-08 14:06:00,1980,1980,1980,1980,0
2022-03-08 14:07:00,1980,1980,1980,1980,0
2022-03-08 14:08:00,1980,1980,1980,1980,0
2022-03-08 14:09:00,1980,1980,1980,1980,0
2022-03-08 14:10:00,1980,1980,1980,1980,0
2022-03-08 14:11:00,1980,1980,1980,1980,0
2022-03-08 14:12:00,1980,1980,1980,1980,0
2022-03-08 14:13:00,1980,1980,1980,1980,0
2022-03-08 14:14:00,1980,1980,1980,1980,0
2022-03-08 14:15:00,1980,1980,1980,1980,0
2022-03-08 14:16:00,1980,1980,1980,1980,0
2022-03-08 14:17:00,1980,1980,1980,1980,0
2022-03-08 14:18:00,1980,1980,1980,1980,0
2022-03-08 14:19:00,1980,1980,1980,1980,0
2022-03-08 14:20:00,1980,1980,1980,1980,0
2022-03-08 14:21:00,1980,1980,1980,1980,0
2022-03-08 14:22:00,1980,1980,1980,1980,0
2022-03-08 14:23:00,1980,1980,1980,1980,0
2022-03-08 14:24:00,1980,1980,1980,1980,0
2022-03-08 14:25:00,1980,1980,1980,1980,0
2022-03-08 14:26:00,1980,1980,1980,1980,0
2022-03-08 14:27:00,1980,1980,1980,1980,0
2022-03-08 14:28:00,1980,1980,1980,1980,0
2022-03-08 14:29:00,1980,1980,1980,1980,0
2022-03-08 14:30:00,1980,1980,1980,1980,0
2022-03-08 14:31:00,1980,1980,1980,1980,0
2022-03-08 14:32:00,1980,1980,1980,1980,0
2022-03-08 14:33:00,1980,1980,1980,1980,0
2022-03-08 14:34:00,1980,1980,1980,1980,0
2022-03-08 14:35:00,1980,1980,1980,1980,0
2022-03-08 14:36:00,1980,1980,1980,1980,0
2022-03-08 14:37:00,1980,1980,1980,1980,0
2022-03-08 14:38:00,1980,1980,1980,1980,0
2022-03-08 14:39:00,1980,1980,1980,1980,0
2022-03-08 14:40:00,1980,1980,1980,1980,0
2022-03-08 14:41:00,1980,1980,1980,1980,0
2022-03-08 14:42:00,1980,1980,1980,1980,0
2022-03-08 14:43:00,1980,1980,1980,1980,0
2022-03-08 14:44:00,1980,1980,1980,1980,0
2022-03-08 14:45:00,1980,1980,1980,1980,0
2022-03-08 14:46:00,1980,1980,1980,1980,0
2022-03-08 14:47:00,1980,1980,1980,1980,0
2022-03-08 14:48:00,1980,1980,1980,1980,0
2022-03-08 14:49:00,1980,1980,1980,1980,0
2022-03-08 14:50:00,1980,1980,1980,1980,0
2022-03-08 14:51:00,1980,1980,1980,1980,0
2022-03-08 14:52:00,1980,1980,1980,1980,0
2022-03-08 14:53:00,1980,1980,1980,1980,0
2022-03-08 14:54:00,1980,1980,1980,1980,0
2022-03-08 14:55:00,1980,1980,1980,1980,0
2022-03-08 14:56:00,1980,1980,1980,1980,0
2022-03-08 14:57:00,1980,1980,1980,1980,0
2022-03-08 14:58:00,1980,1980,1980,1980,0
2022-03-08 14:59:00,1980,1980,1980,1980,0
2022-03-08 15:00:00,1980,1980,1980,1980,0
2022-03-08 15:01:00,1980,1980,1980,1980,0
2022-03-08 15:02:00,1980,1980,1980,1980,0
2022-03-08 15:03:00,1980,1980,1980,1980,0
2022-03-08 15:04:00,1980,1980,1980,1980,0
2022-03-08 15:05:00,1980,1980,1980,1980,0
2022-03-08 15:06:00,1980,1980,1980,1980,0
2022-03-08 15:07:00,1980,1980,1980,1980,0
2022-03-08 15:08:00,1980,1980,1980,1980,0
2022-03-08 15:09:00,1980,1980,1980,1980,0
2022-03-08 15:10:00,1980,1980,1980,1980,0
2022-03-08 15:11:00,1980,1980,1980,1980,0
2022-03-08 15:12:00,1980,1980,1980,1980,0
2022-03-08 15:13:00,1980,1980,1980,1980,0
2022-03-08 15:14:00,1980,1980,1980,1980,0
2022-03-08 15:15:00,1980,1980,1980,1980,0
2022-03-08 15:16:00,1980,1980,1980,1980,0
2022-03-08 15:17:00,1980,1980,1980,1980,0
2022-03-08 15:18:00,1980,1980,1980,1980,0
2022-03-08 15:19:00,1980,1980,1980,1980,0
2022-03-08 15:20:00,1980,1980,1980,1980,0
2022-03-08 15:21:00,1980,1980,1980,1980,0
2022-03-08 15:22:00,1980,1980,1980,1980,0
2022-03-08 15:23:00,1980,1980,1980,1980,0
2022-03-08 15:24:00,1980,1980,1980,1980,0
2022-03-08 15:25:00,1980,1980,1980,1980,0
2022-03-08 15:26:00,1980,1980,1980,1980,0
2022-03-08 15:27:00,1980,1980,1980,1980,0
2022-03-08 15:28:00,1980,1980,1980,1980,0
2022-03-08 15:29:00,1980,1980,1980,1980,0
2022-03-08 15:30:00,1980,1980,1980,1980,0
2022-03-08 15:31:00,1980,1980,1980,1980,0
2022-03-08 15:32:00,1980,1980,1980,1980,0
2022-03-08 15:33:00,1980,1980,1980,1980,0
2022-03-08 15:34:00,1980,1980,1980,1980,0
2022-03-08 15:35:00,1980,1980,1980,1980,0
2022-03-08 15:36:00,1980,1980,1980,1980,0
2022-03-08 15:37:00,1980,1980,1980,1980,0
2022-03-08 15:38:00,1980,1980,1980,1980,0
2022-03-08 15:39:00,1980,1980,1980,1980,0
2022-03-08 15:40:00,1980,1980,1980,1980,0
2022-03-08 15:41:00,1980,1980,1980,1980,0
2022-03-08 15:42:00,1980,1980,1980,1980,0
2022-03-08 15:43:00,1980,1980,1980,1980,0
2022-03-08 15:44:00,1980,1980,1980,1980,0
2022-03-08 15:45:00,1980,1980,1980,1980,0
2022-03-08 15:46:00,1980,1980,1980,1980,0
2022-03-08 15:47:00,1980,1980,1980,1980,0
2022-03-08 15:48:00,1980,1980,1980,1980,0
2022-03-08 15:49:00,1980,1980,1980,1980,0
2022-03-08 15:50:00,1980,1980,1980,1980,0
2022-03-08 15:51:00,1980,1980,1980,1980,0
2022-03-08 15:52:00,1980,1980,1980,1980,0
2022-03-08 15:53:00,1980,1980,1980,1980,0
2022-03-08 15:54:00,1980,1980,1980,1980,0
2022-03-08 15:55:00,1980,1980,1980,1980,0
2022-03-08 15:56:00,1980,1980,1980,1980,0
2022-03-08 15:57:00,1980,1980,1980,1980,0
2022-03-08 15:58:00,1980,1980,1980,1980,0
2022-03-08 15:59:00,1980,1980,1980,1980,0
2022-03-09 09:00:00,1980,1980,1980,1980,0
2022-03-09 09:01:00,1980,1980,1980,1980,0
2022-03-09 09:02:00,1980,1980,1980,1980,0
2022-03-09 09:03:00,1980,1980,1980,1980,0
2022-03-09 09:04:00,1980,1980,1980,1980,0
2022-03-09 09:05:00,1980,1980,1980,1980,0
2022-03-09 09:06:00,1980,1980,1980,1980,0
2022-03-09 09:07:00,1980,1980,1980,1980,0
2022-03-09 09:08:00,1980,1980,1980,1980,0
2022-03-09 09:09:00,1980,1980,1980,1980,0
2022-03-09 09:10:00,1980,1980,1980,1980,0
2022-03-09 09:11:00,1980,1980,1980,1980,0
2022-03-09 09:12:00,1980,1980,1980,1980,0
2022-03-09 09:13:00,1980,1980,1980,1980,0
2022-03-09 09:14:00,1980,1980,1980,1980,0
2022-03-09 09:15:00,1980,1980,1980,1980,0
2022-03-09 09:16:00,1980,1980,1980,1980,0
2022-03-09 09:17:00,1980,1980,1980,1980,0
2022-03-09 09:18:00,1980,1980,1980,1980,0
2022-03-09 09:19:00,1980,1980,1980,1980,0
2022-03-09 09:20:00,1980,1980,1980,1980,0
2022-03-09 09:21:00,1980,1980,1980,1980,0
2022-03-09 09:22:00,1980,1980,1980,1980,0
2022-03-09 09:23:00,1980,1980,1980,1980,0
2022-03-09 09:24:00,1980,1980,1980,1980,0
2022-03-09 09:25:00,1980,1980,1980,1980,0
2022-03-09 09:26:00,1980,1980,1980,1980,0
2022-03-09 09:27:00,1980,1980,1980,1980,0
2022-03-09 09:28:00,1980,1980,1980,1980,0
2022-03-09 09:29:00,1980,1980,1980,1980,0
2022-03-09 09:30:00,1980,1980,1980,1980,0
2022-03-09 09:31:00,1980,1980,1980,1980,0
2022-03-09 09:32:00,1980,1980,1980,1980,0
2022-03-09 09:33:00,1980,1980,1980,1980,0
2022-03-09 09:34:00,1980,1980,1980,1980,0
2022-03-09 09:35:00,1980,1980,1980,1980,0
2022-03-09 09:36:00,1980,1980,1980,1980,0
2022-03-09 09:37:00,1980,1980,1980,1980,0
2022-03-09 09:38:00,1980,1980,1980,1980,0
2022-03-09 09:39:00,1980,1980,1980,1980,0
2022-03-09 09:40:00,1980,1980,1980,1980,0
2022-03-09 09:41:00,1980,1980,1980,1980,0
2022-03-09 09:42:00,1980,1980,1980,1980,0
2022-03-09 09:43:00,1980,1980,1980,1980,0
2022-03-09 09:44:00,1980,1980,1980,1980,0
2022-03-09 09:45:00,1980,1980,1980,1980,0
2022-03-09 09:46:00,1980,1980,1980,1980,0
2022-03-09 09:47:00,1980,1980,1980,1980,0
2022-03-09 09:48:00,1980,1980,1980,1980,0
2022-03-09 09:49:00,1980,1980,1980,1980,0
2022-03-09 09:50:00,1980,1980,1980,1980,0
2022-03-09 09:51:00,1980,1980,1980,1980,0
2022-03-09 09:52:00,1980,1980,1980,1980,0
2022-03-09 09:53:00,1980,1980,1980,1980,0
2022-03-09 09:54:00,1980,1980,1980,1980,0
2022-03-09 09:55:00,1980,1980,1980,1980,0
2022-03-09 09:56:00,1980,1980,1980,1980,0
2022-03-09 09:57:00,1980,1980,1980,1980,0
2022-03-09 09:58:00,1980,1980,1980,1980,0
2022-03-09 09:59:00,1980,1980,1980,1980,0
2022-03-09 10:00:00,1980,1980,1980,1980,0
2022-03-09 10:01:00,1980,1980,1980,1980,0
2022-03-09 10:02:00,1980,1980,1980,1980,0
2022-03-09 10:03:00,1980,1980,1980,1980,0
2022-03-09 10:04:00,1980,1980,1980,1980,0
2022-03-09 10:05:00,1980,1980,1980,1980,0
2022-03-09 10:06:00,1980,1980,1980,1980,0
2022-03-09 10:07:00,1980,1980,1980,1980,0
2022-03-09 10:08:00,1980,1980,1980,1980,0
2022-03-09 10:09:00,1980,1980,1980,1980,0
2022-03-09 10:10:00,1980,1980,1980,1980,0
2022-03-09 10:11:00,1980,1980,1980,1980,0
2022-03-09 10:12:00,1980,1980,1980,1980,0
2022-03-09 10:13:00,1980,1980,1980,1980,0
2022-03-09 10:14:00,1980,1980,1980,1980,0
2022-03-09 10:15:00,1980,1980,1980,1980,0
2022-03-09 10:16:00,1980,1980,1980,1980,0
2022-03-09 10:17:00,1980,1980,1980,1980,0
2022-03-09 10:18:00,1980,1980,1980,1980,0
2022-03-09 10:19:00,1980,1980,1980,1980,0
2022-03-09 10:20:00,1980,1980,1980,1980,0
2022-03-09 10:21:00,1980,1980,1980,1980,0
2022-03-09 10:22:00,1980,1980,1980,1980,0
2022-03-09 10:23:00,1980,1980,1980,1980,0
2022-03-09 10:24:00,1980,1980,1980,1980,0
2022-03-09 10:25:00,1980,1980,1980,1980,0
2022-03-09 10:26:00,1980,1980,1980,1980,0
2022-03-09 10:27:00,1980,1980,1980,1980,0
2022-03-09 10:28:00,1980,1980,1980,1980,0
2022-03-09 10:29:00,1980,1980,1980,1980,0
2022-03-09 10:30:00,1980,1980,1980,1980,0
2022-03-09 10:31:00,1980,1980,1980,1980,0
2022-03-09 10:32:00,1980,1980,1980,1980,0
2022-03-09 10:33:00,1980,1980,1980,1980,0
2022-03-09 10:34:00,1980,1980,1980,1980,0
2022-03-09 10:35:00,1980,1980,1980,1980,0
2022-03-09 10:36:00,1980,1980,1980,1980,0
2022-03-09 10:37:00,1980,1980,1980,1980,0
2022-03-09 10:38:00,1980,1980,1980,1980,0
2022-03-09 10:39:00,1980,1980,1980,1980,0
2022-03-09 10:40:00,1980,1980,1980,1980,0
2022-03-09 10:41:00,1980,1980,1980,1980,0
2022-03-09 10:42:00,1980,1980,1980,1980,0
2022-03-09 10:43:00,1980,1980,1980,1980,0
2022-03-09 10:44:00,1980,1980,1980,1980,0
2022-03-09 10:45:00,1980,1980,1980,1980,0
2022-03-09 10:46:00,1980,1980,1980,1980,0
2022-03-09 10:47:00,1980,1980,1980,1980,0
2022-03-09 10:48:00,1980,1980,1980,1980,0
2022-03-09 10:49:00,1980,1980,1980,1980,0
2022-03-09 10:50:00,1980,1980,1980,1980,0
2022-03-09 10:51:00,1980,1980,1980,1980,0
2022-03-09 10:52:00,1980,1980,1980,1980,0
2022-03-09 10:53:00,1980,1980,1980,1980,0
2022-03-09 10:54:00,1980,1980,1980,1980,0
2022-03-09 10:55:00,1980,1980,1980,1980,0
2022-03-09 10:56:00,1980,1980,1980,1980,0
2022-03-09 10:57:00,1980,1980,1980,1980,0
2022-03-09 10:58:00,1980,1980,1980,1980,0
2022-03-09 10:59:00,1980,1980,1980,1980,0
2022-03-09 11:00:00,1980,1980,1980,1980,0
2022-03-09 11:01:00,1980,1980,1980,1980,0
2022-03-09 11:02:00,1980,1980,1980,1980,0
2022-03-09 11:03:00,1980,1980,1980,1980,0
2022-03-09 11:04:00,1980,1980,1980,1980,0
2022-03-09 11:05:00,1980,1980,1980,1980,0
2022-03-09 11:06:00,1980,1980,1980,1980,0
2022-03-09 11:07:00,1980,1980,1980,1980,0
2022-03-09 11:08:00,1980,1980,1980,1980,0
2022-03-09 11:09:00,1980,1980,1980,1980,0
2022-03-09 11:10:00,1980,1980,1980,1980,0
2022-03-09 11:11:00,1980,1980,1980,1980,0
2022-03-09 11:12:00,1980,1980,1980,1980,0
2022-03-09 11:13:00,1980,1980,1980,1980,0
2022-03-09 11:14:00,1980,1980,1980,1980,0
2022-03-09 11:15:00,1980,1980,1980,1980,0
2022-03-09 11:16:00,1980,1980,1980,1980,0
2022-03-09 11:17:00,1980,1980,1980,1980,0
2022-03-09 11:18:00,1980,1980,1980,1980,0
2022-03-09 11:19:00,1980,1980,1980,1980,0
2022-03-09 11:20:00,1980,1980,1980,1980,0
2022-03-09 11:21:00,1980,1980,1980,1980,0
2022-03-09 11:22:00,1980,1980,1980,1980,0
2022-03-09 11:23:00,1980,1980,1980,1980,0
2022-03-09 11:24:00,1980,1980,1980,1980,0
2022-03-09 11:25:00,1980,1980,1980,1980,0
2022-03-09 11:26:00,1980,1980,1980,1980,0
2022-03-09 11:27:00,1980,1980,1980,1980,0
2022-03-09 11:28:00,1980,1980,1980,1980,0
2022-03-09 11:29:00,1980,1980,1980,1980,0
2022-03-09 11:30:00,1980,1980,1980,1980,0
2022-03-09 11:31:00,1980,1980,1980,1980,0
2022-03-09 11:32:00,1980,1980,1980,1980,0
2022-03-09 11:33:00,1980,1980,1980,1980,0
2022-03-09 11:34:00,1980,1980,1980,1980,0
2022-03-09 11:35:00,1980,1980,1980,1980,0
2022-03-09 11:36:00,1980,1980,1980,1980,0
2022-03-09 11:37:00,1980,1980,1980,1980,0
2022-03-09 11:38:00,1980,1980,1980,1980,0
2022-03-09 11:39:00,1980,1980,1980,1980,0
2022-03-09 11:40:00,1980,1980,1980,1980,0
2022-03-09 11:41:00,1980,1980,1980,1980,0
2022-03-09 11:42:00,1980,1980,1980,1980,0
2022-03-09 11:43:00,1980,1980,1980,1980,0
2022-03-09 11:44:00,1980,1980,1980,1980,0
2022-03-09 11:45:00,1980,1980,1980,1980,0
2022-03-09 11:46:00,1980,1980,1980,1980,0
2022-03-09 11:47:00,1980,1980,1980,1980,0
2022-03-09 11:48:00,1980,1980,1980,1980,0
2022-03-09 11:49:00,1980,1980,1980,1980,0
2022-03-09 11:50:00,1980,1980,1980,1980,0
2022-03-09 11:51:00,1980,1980,1980,1980,0
2022-03-09 11:52:00,1980,1980,1980,1980,0
2022-03-09 11:53:00,1980,1980,1980,1980,0
2022-03-09 11:54:00,1980,1980,1980,1980,0
2022-03-09 11:55:00,1980,1980,1980,1980,0
2022-03-09 11:56:00,1980,1980,1980,1980,0
2022-03-09 11:57:00,1980,1980,1980,1980,0
2022-03-09 11:58:00,1980,1980,1980,1980,0
2022-03-09 11:59:00,1980,1980,1980,1980,0
2022-03-09 12:00:00,1980,1980,1980,1980,0
2022-03-09 12:01:00,1980,1980,1980,1980,0
2022-03-09 12:02:00,1980,1980,1980,1980,0
2022-03-09 12:03:00,1980,1980,1980,1980,0
2022-03-09 12:04:00,1980,1980,1980,1980,0
2022-03-09 12:05:00,1980,1980,1980,1980,0
2022-03-09 12:06:00,1980,1980,1980,1980,0
2022-03-09 12:07:00,1980,1980,1980,1980,0
2022-03-09 12:08:00,1980,1980,1980,1980,0
2022-03-09 12:09:00,1980,1980,1980,1980,0
2022-03-09 12:10:00,1980,1980,1980,1980,0
2022-03-09 12:11:00,1980,1980,1980,1980,0
2022-03-09 12:12:00,1980,1980,1980,1980,0
2022-03-09 12:13:00,1980,1980,1980,1980,0
2022-03-09 12:14:00,1980,1980,1980,1980,0
2022-03-09 12:15:00,1980,1980,1980,1980,0
2022-03-09 12:16:00,1980,1980,1980,1980,0
2022-03-09 12:17:00,1980,1980,1980,1980,0
2022-03-09 12:18:00,1980,1980,1980,1980,0
2022-03-09 12:19:00,1980,1980,1980,1980,0
2022-03-09 12:20:00,1980,1980,1980,1980,0
2022-03-09 12:21:00,1980,1980,1980,1980,0
2022-03-09 12:22:00,1980,1980,1980,1980,0
2022-03-09 12:23:00,1980,1980,1980,1980,0
2022-03-09 12:24:00,1980,1980,1980,1980,0
2022-03-09 12:25:00,1980,1980,1980,1980,0
2022-03-09 12:26:00,1980,1980,1980,1980,0
2022-03-09 12:27:00,1980,1980,1980,1980,0
2022-03-09 12:28:00,1980,1980,1980,1980,0
2022-03-09 12:29:00,1980,1980,1980,1980,0
2022-03-09 12:30:00,1980,1980,1980,1980,0
2022-03-09 12:31:00,1980,1980,1980,1980,0
2022-03-09 12:32:00,1980,1980,1980,1980,0
2022-03-09 12:33:00,1980,1980,1980,1980,0
2022-03-09 12:34:00,1980,1980,1980,1980,0
2022-03-09 12:35:00,1980,1980,1980,1980,0
2022-03-09 12:36:00,1980,1980,1980,1980,0
2022-03-09 12:37:00,1980,1980,1980,1980,0
2022-03-09 12:38:00,1980,1980,1980,1980,0
2022-03-09 12:39:00,1980,1980,1980,1980,0
2022-03-09 12:40:00,1980,1980,1980,1980,0
2022-03-09 12:41:00,1980,1980,1980,1980,0
2022-03-09 12:42:00,1980,1980,1980,1980,0
2022-03-09 12:43:00,1980,1980,1980,1980,0
2022-03-09 12:44:00,1980,1980,1980,1980,0
2022-03-09 12:45:00,1980,1980,1980,1980,0
2022-03-09 12:46:00,1980,1980,1980,1980,0
2022-03-09 12:47:00,1980,1980,1980,1980,0
2022-03-09 12:48:00,1980,1980,1980,1980,0
2022-03-09 12:49:00,1980,1980,1980,1980,0
2022-03-09 12:50:00,1980,1980,1980,1980,0
2022-03-09 12:51:00,1980,1980,1980,1980,0
2022-03-09 12:52:00,1980,1980,1980,1980,0
2022-03-09 12:53:00,1980,1980,1980,1980,0
2022-03-09 12:54:00,1980,1980,1980,1980,0
2022-03-09 12:55:00,1980,1980,1980,1980,0
2022-03-09 12:56:00,1980,1980,1980,1980,0
2022-03-09 12:57:00,1980,1980,1980,1980,0
2022-03-09 12:58:00,1980,1980,1980,1980,0
2022-03-09 12:59:00,1980,1980,1980,1980,0
2022-03-09 13:00:00,1980,1980,1980,1980,0
2022-03-09 13:01:00,1980,1980,1980,1980,0
2022-03-09 13:02:00,1980,1980,1980,1980,0
2022-03-09 13:03:00,1980,1980,1980,1980,0
2022-03-09 13:04:00,1980,1980,1980,1980,0
2022-03-09 13:05:00,1980,1980,1980,1980,0
2022-03-09 13:06:00,1980,1980,1980,1980,0
2022-03-09 13:07:00,1980,1980,1980,1980,0
2022-03-09 13:08:00,1980,1980,1980,1980,0
2022-03-09 13:09:00,1980,1980,1980,1980,0
2022-03-09 13:10:00,1980,1980,1980,1980,0
2022-03-09 13:11:00,1980,1980,1980,1980,0
2022-03-09 13:12:00,1980,1980,1980,1980,0
2022-03-09 13:13:00,1980,1980,1980,1980,0
2022-03-09 13:14:00,1980,1980,1980,1980,0
2022-03-09 13:15:00,1980,1980,1980,1980,0
2022-03-09 13:16:00,1980,1980,1980,1980,0
2022-03-09 13:17:00,1980,1980,1980,1980,0
2022-03-09 13:18:00,1980,1980,1980,1980,0
2022-03-09 13:19:00,1980,1980,1980,1980,0
2022-03-09 13:20:00,1980,1980,1980,1980,0
2022-03-09 13:21:00,1980,1980,1980,1980,0
2022-03-09 13:22:00,1980,1980,1980,1980,0
2022-03-09 13:23:00,1980,1980,1980,1980,0
2022-03-09 13:24:00,1980,1980,1980,1980,0
2022-03-09 13:25:00,1980,1980,1980,1980,0
2022-03-09 13:26:00,1980,1980,1980,1980,0
2022-03-09 13:27:00,1980,1980,1980,1980,0
2022-03-09 13:28:00,1980,1980,1980,1980,0
2022-03-09 13:29:00,1980,1980,1980,1980,0
2022-03-09 13:30:00,1980,1980,1980,1980,0
2022-03-09 13:31:00,1980,1980,1980,1980,0
2022-03-09 13:32:00,1980,1980,1980,1980,0
2022-03-09 13:33:00,1980,1980,1980,1980,0
2022-03-09 13:34:00,1980,1980,1980,1980,0
2022-03-09 13:35:00,1980,1980,1980,1980,0
2022-03-09 13:36:00,1980,1980,1980,1980,0
2022-03-09 13:37:00,1980,1980,1980,1980,0
2022-03-09 13:38:00,1980,1980,1980,1980,0
2022-03-09 13:39:00,1980,1980,1980,1980,0
2022-03-09 13:40:00,1980,1980,1980,1980,0
2022-03-09 13:41:00,1980,1980,1980,1980,0
2022-03-09 13:42:00,1980,1980,1980,1980,0
2022-03-09 13:43:00,1980,1980,1980,1980,0
2022-03-09 13:44:00,1980,1980,1980,1980,0
2022-03-09 13:45:00,1980,1980,1980,1980,0
2022-03-09 13:46:00,1980,1980,1980,1980,0
2022-03-09 13:47:00,1980,1980,1980,1980,0
2022-03-09 13:48:00,1980,1980,1980,1980,0
2022-03-09 13:49:00,1980,1980,1980,1980,0
2022-03-09 13:50:00,1980,1980,1980,1980,0
2022-03-09 13:51:00,1980,1980,1980,1980,0
2022-03-09 13:52:00,1980,1980,1980,1980,0
2022-03-09 13:53:00,1980,1980,1980,1980,0
2022-03-09 13:54:00,1980,1980,1980,1980,0
2022-03-09 13:55:00,1980,1980,1980,1980,0
2022-03-09 13:56:00,1980,1980,1980,1980,0
2022-03-09 13:57:00,1980,1980,1980,1980,0
2022-03-09 13:58:00,1980,1980,1980,1980,0
2022-03-09 13:59:00,1980,1980,1980,1980,0
2022-03-09 14:00:00,1980,1980,1980,1980,0
2022-03-09 14:01:00,1980,1980,1980,1980,0
2022-03-09 14:02:00,1980,1980,1980,1980,0
2022-03-09 14:03:00,1980,1980,1980,1980,0
2022-03-09 14:04:00,1980,1980,1980,1980,0
2022-03-09 14:05:00,1980,1980,1980,1980,0
2022-03-09 14:06:00,1980,1980,1980,1980,0
2022-03-09 14:07:00,1980,1980,1980,1980,0
2022-03-09 14:08:00,1980,1980,1980,1980,0
2022-03-09 14:09:00,1980,1980,1980,1980,0
2022-03-09 14:10:00,1980,1980,1980,1980,0
2022-03-09 14:11:00,1980,1980,1980,1980,0
2022-03-09 14:12:00,1980,1980,1980,1980,0
2022-03-09 14:13:00,1980,1980,1980,1980,0
2022-03-09 14:14:00,1980,1980,1980,1980,0
2022-03-09 14:15:00,1980,1980,1980,1980,0
2022-03-09 14:16:00,1980,1980,1980,1980,0
2022-03-09 14:17:00,1980,1980,1980,1980,0
2022-03-09 14:18:00,1980,1980,1980,1980,0
2022-03-09 14:19:00,1980,1980,1980,1980,0
2022-03-09 14:20:00,1980,1980,1980,1980,0
2022-03-09 14:21:00,1980,1980,1980,1980,0
2022-03-09 14:22:00,1980,1980,1980,1980,0
2022-03-09 14:23:00,1980,1980,1980,1980,0
2022-03-09 14:24:00,1980,1980,1980,1980,0
2022-03-09 14:25:00,1980,1980,1980,1980,0
2022-03-09 14:26:00,1980,1980,1980,1980,0
2022-03-09 14:27:00,1980,1980,1980,1980,0
2022-03-09 14:28:00,1980,1980,1980,1980,0
2022-03-09 14:29:00,1980,1980,1980,1980,0
2022-03-09 14:30:00,1980,1980,1980,1980,0
2022-03-09 14:31:00,1980,1980,1980,1980,0
2022-03-09 14:32:00,1980,1980,1980,1980,0
2022-03-09 14:33:00,1980,1980,1980,1980,0
2022-03-09 14:34:00,1980,1980,1980,1980,0
2022-03-09 14:35:00,1980,1980,1980,1980,0
2022-03-09 14:36:00,1980,1980,1980,1980,0
2022-03-09 14:37:00,1980,1980,1980,1980,0
2022-03-09 14:38:00,1980,1980,1980,1980,0
2022-03-09 14:39:00,1980,1980,1980,1980,0
2022-03-09 14:40:00,1980,1980,1980,1980,0
2022-03-09 14:41:00,1980,1980,1980,1980,0
2022-03-09 14:42:00,1980,1980,1980,1980,0
2022-03-09 14:43:00,1980,1980,1980,1980,0
2022-03-09 14:44:00,1980,1980,1980,1980,0
2022-03-09 14:45:00,1980,1980,1980,1980,0
2022-03-09 14:46:00,1980,1980,1980,1980,0
2022-03-09 14:47:00,1980,1980,1980,1980,0
2022-03-09 14:48:00,1980,1980,1980,1980,0
2022-03-09 14:49:00,1980,1980,1980,1980,0
2022-03-09 14:50:00,1980,1980,1980,1980,0
2022-03-09 14:51:00,1980,1980,1980,1980,0
2022-03-09 14:52:00,1980,1980,1980,1980,0
2022-03-09 14:53:00,1980,1980,1980,1980,0
2022-03-09 14:54:00,1980,1980,1980,1980,0
2022-03-09 14:55:00,1980,1980,1980,1980,0
2022-03-09 14:56:00,1980,1980,1980,1980,0
2022-03-09 14:57:00,1980,1980,1980,1980,0
2022-03-09 14:58:00,1980,1980,1980,1980,0
2022-03-09 14:59:00,1980,1980,1980,1980,0
2022-03-09 15:00:00,1980,1980,1980,1980,0
2022-03-09 15:01:00,1980,1980,1980,1980,0
2022-03-09 15:02:00,1980,1980,1980,1980,0
2022-03-09 15:03:00,1980,1980,1980,1980,0
2022-03-09 15:04:00,1980,1980,1980,1980,0
2022-03-09 15:05:00,1980,1980,1980,1980,0
2022-03-09 15:06:00,1980,1980,1980,1980,0
2022-03-09 15:07:00,1980,1980,1980,1980,0
2022-03-09 15:08:00,1980,1980,1980,1980,0
2022-03-09 15:09:00,1980,1980,1980,1980,0
2022-03-09 15:10:00,1980,1980,1980,1980,0
2022-03-09 15:11:00,1980,1980,1980,1980,0
2022-03-09 15:12:00,1980,1980,1980,1980,0
2022-03-09 15:13:00,1980,1980,1980,1980,0
2022-03-09 15:14:00,1980,1980,1980,1980,0
2022-03-09 15:15:00,1980,1980,1980,1980,0
2022-03-09 15:16:00,1980,1980,1980,1980,0
2022-03-09 15:17:00,1980,1980,1980,1980,0
2022-03-09 15:18:00,1980,1980,1980,1980,0
2022-03-09 15:19:00,1980,1980,1980,1980,0
2022-03-09 15:20:00,1980,1980,1980,1980,0
2022-03-09 15:21:00,1980,1980,1980,1980,0
2022-03-09 15:22:00,1980,1980,1980,1980,0
2022-03-09 15:23:00,1980,1980,1980,1980,0
2022-03-09 15:24:00,1980,1980,1980,1980,0
2022-03-09 15:25:00,1980,1980,1980,1980,0
2022-03-09 15:26:00,1980,1980,1980,1980,0
2022-03-09 15:27:00,1980,1980,1980,1980,0
2022-03-09 15:28:00,1980,1980,1980,1980,0
2022-03-09 15:29:00,1980,1980,1980,1980,0
2022-03-09 15:30:00,1980,1980,1980,1980,0
2022-03-09 15:31:00,1980,1980,1980,1980,0
2022-03-09 15:32:00,1980,1980,1980,1980,0
2022-03-09 15:33:00,1980,1980,1980,1980,0
2022-03-09 15:34:00,1980,1980,1980,1980,0
2022-03-09 15:35:00,1980,1980,1980,1980,0
2022-03-09 15:36:00,1980,1980,1980,1980,0
2022-03-09 15:37:00,1980,1980,1980,1980,0
2022-03-09 15:38:00,1980,1980,1980,1980,0
2022-03-09 15:39:00,1980,1980,1980,1980,0
2022-03-09 15:40:00,1980,1980,1980,1980,0
2022-03-09 15:41:00,1980,1980,1980,1980,0
2022-03-09 15:42:00,1980,1980,1980,1980,0
2022-03-09 15:43:00,1980,1980,1980,1980,0
2022-03-09 15:44:00,1980,1980,1980,1980,0
2022-03-09 15:45:00,1980,1980,1980,1980,0
2022-03-09 15:46:00,1980,1980,1980,1980,0
2022-03-09 15:47:00,1980,1980,1980,1980,0
2022-03-09 15:48:00,1980,1980,1980,1980,0
2022-03-09 15:49:00,1980,1980,1980,1980,0
2022-03-09 15:50:00,1980,1980,1980,1980,0
2022-03-09 15:51:00,1980,1980,1980,1980,0
2022-03-09 15:52:00,1980,1980,1980,1980,0
2022-03-09 15:53:00,1980,1980,1980,1980,0
2022-03-09 15:54:00,1980,1980,1980,1980,0
2022-03-09 15:55:00,1980,1980,1980,1980,0
2022-03-09 15:56:00,1980,1980,1980,1980,0
2022-03-09 15:57:00,1980,1980,1980,1980,0
2022-03-09 15:58:00,1980,1980,1980,1980,0
2022-03-09 15:59:00,1980,1980,1980,1980,0
2022-03-10 09:00:00,1980,1980,1980,1980,0
2022-03-10 09:01:00,1980,1980,1980,1980,0
2022-03-10 09:02:00,1980,1980,1980,1980,0
2022-03-10 09:03:00,1980,1980,1980,1980,0
2022-03-10 09:04:00,1980,1980,1980,1980,0
2022-03-10 09:05:00,1980,1980,1980,1980,0
2022-03-10 09:06:00,1980,1980,1980,1980,0
2022-03-10 09:07:00,1980,1980,1980,1980,0
2022-03-10 09:08:00,1980,1980,1980,1980,0
2022-03-10 09:09:00,1980,1980,1980,1980,0
2022-03-10 09:10:00,1980,1980,1980,1980,0
2022-03-10 09:11:00,1980,1980,1980,1980,0
2022-03-10 09:12:00,1980,1980,1980,1980,0
2022-03-10 09:13:00,1980,1980,1980,1980,0
2022-03-10 09:14:00,1980,1980,1980,1980,0
2022-03-10 09:15:00,1980,1980,1980,1980,0
2022-03-10 09:16:00,1980,1980,1980,1980,0
2022-03-10 09:17:00,1980,1980,1980,1980,0
2022-03-10 09:18:00,1980,1980,1980,1980,0
2022-03-10 09:19:00,1980,1980,1980,1980,0
2022-03-10 09:20:00,1980,1980,1980,1980,0
2022-03-10 09:21:00,1980,1980,1980,1980,0
2022-03-10 09:22:00,1980,1980,1980,1980,0
2022-03-10 09:23:00,1980,1980,1980,1980,0
2022-03-10 09:24:00,1980,1980,1980,1980,0
2022-03-10 09:25:00,1980,1980,1980,1980,0
2022-03-10 09:26:00,1980,1980,1980,1980,0
2022-03-10 09:27:00,1980,1980,1980,1980,0
2022-03-10 09:28:00,1980,1980,1980,1980,0
2022-03-10 09:29:00,1980,1980,1980,1980,0
2022-03-10 09:30:00,1980,1980,1980,1980,0
2022-03-10 09:31:00,1980,1980,1980,1980,0
2022-03-10 09:32:00,1980,1980,1980,1980,0
2022-03-10 09:33:00,1980,1980,1980,1980,0
2022-03-10 09:34:00,1980,1980,1980,1980,0
2022-03-10 09:35:00,1980,1980,1980,1980,0
2022-03-10 09:36:00,1980,1980,1980,1980,0
2022-03-10 09:37:00,1980,1980,1980,1980,0
2022-03-10 09:38:00,1980,1980,1980,1980,0
2022-03-10 09:39:00,1980,1980,1980,1980,0
2022-03-10 09:40:00,1980,1980,1980,1980,0
2022-03-10 09:41:00,1980,1980,1980,1980,0
2022-03-10 09:42:00,1980,1980,1980,1980,0
2022-03-10 09:43:00,1980,1980,1980,1980,0
2022-03-10 09:44:00,1980,1980,1980,1980,0
2022-03-10 09:45:00,1980,1980,1980,1980,0
2022-03-10 09:46:00,1980,1980,1980,1980,0
2022-03-10 09:47:00,1980,1980,1980,1980,0
2022-03-10 09:48:00,1980,1980,1980,1980,0
2022-03-10 09:49:00,1980,1980,1980,1980,0
2022-03-10 09:50:00,1980,1980,1980,1980,0
2022-03-10 09:51:00,1980,1980,1980,1980,0
2022-03-10 09:52:00,1980,1980,1980,1980,0
2022-03-10 09:53:00,1980,1980,1980,1980,0
2022-03-10 09:54:00,1980,1980,1980,1980,0
2022-03-10 09:55:00,1980,1980,1980,1980,0
2022-03-10 09:56:00,1980,1980,1980,1980,0
2022-03-10 09:57:00,1980,1980,1980,1980,0
2022-03-10 09:58:00,1980,1980,1980,1980,0
2022-03-10 09:59:00,1980,1980,1980,1980,0
2022-03-10 10:00:00,1980,1980,1980,1980,0
2022-03-10 10:01:00,1980,1980,1980,1980,0
2022-03-10 10:02:00,1980,1980,1980,1980,0
2022-03-10 10:03:00,1980,1980,1980,1980,0
2022-03-10 10:04:00,1980,1980,1980,1980,0
2022-03-10 10:05:00,1980,1980,1980,1980,0
2022-03-10 10:06:00,1980,1980,1980,1980,0
2022-03-10 10:07:00,1980,1980,1980,1980,0
2022-03-10 10:08:00,1980,1980,1980,1980,0
2022-03-10 10:09:00,1980,1980,1980,1980,0
2022-03-10 10:10:00,1980,1980,1980,1980,0
2022-03-10 10:11:00,1980,1980,1980,1980,0
2022-03-10 10:12:00,1980,1980,1980,1980,0
2022-03-10 10:13:00,1980,1980,1980,1980,0
2022-03-10 10:14:00,1980,1980,1980,1980,0
2022-03-10 10:15:00,1980,1980,1980,1980,0
2022-03-10 10:16:00,1980,1980,1980,1980,0
2022-03-10 10:17:00,1980,1980,1980,1980,0
2022-03-10 10:18:00,1980,1980,1980,1980,0
2022-03-10 10:19:00,1980,1980,1980,1980,0
2022-03-10 10:20:00,1980,1980,1980,1980,0
2022-03-10 10:21:00,1980,1980,1980,1980,0
2022-03-10 10:22:00,1980,1980,1980,1980,0
2022-03-10 10:23:00,1980,1980,1980,1980,0
2022-03-10 10:24:00,1980,1980,1980,1980,0
2022-03-10 10:25:00,1980,1980,1980,1980,0
2022-03-10 10:26:00,1980,1980,1980,1980,0
2022-03-10 10:27:00,1980,1980,1980,1980,0
2022-03-10 10:28:00,1980,1980,1980,1980,0
2022-03-10 10:29:00,1980,1980,1980,1980,0
2022-03-10 10:30:00,1980,1980,1980,1980,0
2022-03-10 10:31:00,1980,1980,1980,1980,0
2022-03-10 10:32:00,1980,1980,1980,1980,0
2022-03-10 10:33:00,1980,1980,1980,1980,0
2022-03-10 10:34:00,1980,1980,1980,1980,0
2022-03-10 10:35:00,1980,1980,1980,1980,0
2022-03-10 10:36:00,1980,1980,1980,1980,0
2022-03-10 10:37:00,1980,1980,1980,1980,0
2022-03-10 10:38:00,1980,1980,1980,1980,0
2022-03-10 10:39:00,1980,1980,1980,1980,0
2022-03-10 10:40:00,1980,1980,1980,1980,0
2022-03-10 10:41:00,1980,1980,1980,1980,0
2022-03-10 10:42:00,1980,1980,1980,1980,0
2022-03-10 10:43:00,1980,1980,1980,1980,0
2022-03-10 10:44:00,1980,1980,1980,1980,0
2022-03-10 10:45:00,1980,1980,1980,1980,0
2022-03-10 10:46:00,1980,1980,1980,1980,0
2022-03-10 10:47:00,1980,1980,1980,1980,0
2022-03-10 10:48:00,1980,1980,1980,1980,0
2022-03-10 10:49:00,1980,1980,1980,1980,0
2022-03-10 10:50:00,1980,1980,1980,1980,0
2022-03-10 10:51:00,1980,1980,1980,1980,0
2022-03-10 10:52:00,1980,1980,1980,1980,0
2022-03-10 10:53:00,1980,1980,1980,1980,0
2022-03-10 10:54:00,1980,1980,1980,1980,0
2022-03-10 10:55:00,1980,1980,1980,1980,0
2022-03-10 10:56:00,1980,1980,1980,1980,0
2022-03-10 10:57:00,1980,1980,1980,1980,0
2022-03-10 10:58:00,1980,1980,1980,1980,0
2022-03-10 10:59:00,1980,1980,1980,1980,0
2022-03-10 11:00:00,1980,1980,1980,1980,0
2022-03-10 11:01:00,1980,1980,1980,1980,0
2022-03-10 11:02:00,1980,1980,1980,1980,0
2022-03-10 11:03:00,1980,1980,1980,1980,0
2022-03-10 11:04:00,1980,1980,1980,1980,0
2022-03-10 11:05:00,1980,1980,1980,1980,0
2022-03-10 11:06:00,1980,1980,1980,1980,0
2022-03-10 11:07:00,1980,1980,1980,1980,0
2022-03-10 11:08:00,1980,1980,1980,1980,0
2022-03-10 11:09:00,1980,1980,1980,1980,0
2022-03-10 11:10:00,1980,1980,1980,1980,0
2022-03-10 11:11:00,1980,1980,1980,1980,0
2022-03-10 11:12:00,1980,1980,1980,1980,0
2022-03-10 11:13:00,1980,1980,1980,1980,0
2022-03-10 11:14:00,1980,1980,1980,1980,0
2022-03-10 11:15:00,1980,1980,1980,1980,0
2022-03-10 11:16:00,1980,1980,1980,1980,0
2022-03-10 11:17:00,1980,1980,1980,1980,0
2022-03-10 11:18:00,1980,1980,1980,1980,0
2022-03-10 11:19:00,1980,1980,1980,1980,0
2022-03-10 11:20:00,1980,1980,1980,1980,0
2022-03-10 11:21:00,1980,1980,1980,1980,0
2022-03-10 11:22:00,1980,1980,1980,1980,0
2022-03-10 11:23:00,1980,1980,1980,1980,0
2022-03-10 11:24:00,1980,1980,1980,1980,0
2022-03-10 11:25:00,1980,1980,1980,1980,0
2022-03-10 11:26:00,1980,1980,1980,1980,0
2022-03-10 11:27:00,1980,1980,1980,1980,0
2022-03-10 11:28:00,1980,1980,1980,1980,0
2022-03-10 11:29:00,1980,1980,1980,1980,0
2022-03-10 11:30:00,1980,1980,1980,1980,0
2022-03-10 11:31:00,1980,1980,1980,1980,0
2022-03-10 11:32:00,1980,1980,1980,1980,0
2022-03-10 11:33:00,1980,1980,1980,1980,0
2022-03-10 11:34:00,1980,1980,1980,1980,0
2022-03-10 11:35:00,1980,1980,1980,1980,0
2022-03-10 11:36:00,1980,1980,1980,1980,0
2022-03-10 11:37:00,1980,1980,1980,1980,0
2022-03-10 11:38:00,1980,1980,1980,1980,0
2022-03-10 11:39:00,1980,1980,1980,1980,0
2022-03-10 11:40:00,1980,1980,1980,1980,0
2022-03-10 11:41:00,1980,1980,1980,1980,0
2022-03-10 11:42:00,1980,1980,1980,1980,0
2022-03-10 11:43:00,1980,1980,1980,1980,0
2022-03-10 11:44:00,1980,1980,1980,1980,0
2022-03-10 11:45:00,1980,1980,1980,1980,0
2022-03-10 11:46:00,1980,1980,1980,1980,0
2022-03-10 11:47:00,1980,1980,1980,1980,0
2022-03-10 11:48:00,1980,1980,1980,1980,0
2022-03-10 11:49:00,1980,1980,1980,1980,0
2022-03-10 11:50:00,1980,1980,1980,1980,0
2022-03-10 11:51:00,1980,1980,1980,1980,0
2022-03-10 11:52:00,1980,1980,1980,1980,0
2022-03-10 11:53:00,1980,1980,1980,1980,0
2022-03-10 11:54:00,1980,1980,1980,1980,0
2022-03-10 11:55:00,1980,1980,1980,1980,0
2022-03-10 11:56:00,1980,1980,1980,1980,0
2022-03-10 11:57:00,1980,1980,1980,1980,0
2022-03-10 11:58:00,1980,1980,1980,1980,0
2022-03-10 11:59:00,1980,1980,1980,1980,0
2022-03-10 12:00:00,1980,1980,1980,1980,0
2022-03-10 12:01:00,1980,1980,1980,1980,0
2022-03-10 12:02:00,1980,1980,1980,1980,0
2022-03-10 12:03:00,1980,1980,1980,1980,0
2022-03-10 12:04:00,1980,1980,1980,1980,0
2022-03-10 12:05:00,1980,1980,1980,1980,0
2022-03-10 12:06:00,1980,1980,1980,1980,0
2022-03-10 12:07:00,1980,1980,1980,1980,0
2022-03-10 12:08:00,1980,1980,1980,1980,0
2022-03-10 12:09:00,1980,1980,1980,1980,0
2022-03-10 12:10:00,1980,1980,1980,1980,0
2022-03-10 12:11:00,1980,1980,1980,1980,0
2022-03-10 12:12:00,1980,1980,1980,1980,0
2022-03-10 12:13:00,1980,1980,1980,1980,0
2022-03-10 12:14:00,1980,1980,1980,1980,0
2022-03-10 12:15:00,1980,1980,1980,1980,0
2022-03-10 12:16:00,1980,1980,1980,1980,0
2022-03-10 12:17:00,1980,1980,1980,1980,0
2022-03-10 12:18:00,1980,1980,1980,1980,0
2022-03-10 12:19:00,1980,1980,1980,1980,0
2022-03-10 12:20:00,1980,1980,1980,1980,0
2022-03-10 12:21:00,1980,1980,1980,1980,0
2022-03-10 12:22:00,1980,1980,1980,1980,0
2022-03-10 12:23:00,1980,1980,1980,1980,0
2022-03-10 12:24:00,1980,1980,1980,1980,0
2022-03-10 12:25:00,1980,1980,1980,1980,0
2022-03-10 12:26:00,1980,1980,1980,1980,0
2022-03-10 12:27:00,1980,1980,1980,1980,0
2022-03-10 12:28:00,1980,1980,1980,1980,0
2022-03-10 12:29:00,1980,1980,1980,1980,0
2022-03-10 12:30:00,1980,1980,1980,1980,0
2022-03-10 12:31:00,1980,1980,1980,1980,0
2022-03-10 12:32:00,1980,1980,1980,1980,0
2022-03-10 12:33:00,1980,1980,1980,1980,0
2022-03-10 12:34:00,1980,1980,1980,1980,0
2022-03-10 12:35:00,1980,1980,1980,1980,0
2022-03-10 12:36:00,1980,1980,1980,1980,0
2022-03-10 12:37:00,1980,1980,1980,1980,0
2022-03-10 12:38:00,1980,1980,1980,1980,0
2022-03-10 12:39:00,1980,1980,1980,1980,0
2022-03-10 12:40:00,1980,1980,1980,1980,0
2022-03-10 12:41:00,1980,1980,1980,1980,0
2022-03-10 12:42:00,1980,1980,1980,1980,0
2022-03-10 12:43:00,1980,1980,1980,1980,0
2022-03-10 12:44:00,1980,1980,1980,1980,0
2022-03-10 12:45:00,1980,1980,1980,1980,0
2022-03-10 12:46:00,1980,1980,1980,1980,0
2022-03-10 12:47:00,1980,1980,1980,1980,0
2022-03-10 12:48:00,1980,1980,1980,1980,0
2022-03-10 12:49:00,1980,1980,1980,1980,0
2022-03-10 12:50:00,1980,1980,1980,1980,0
2022-03-10 12:51:00,1980,1980,1980,1980,0
2022-03-10 12:52:00,1980,1980,1980,1980,0
2022-03-10 12:53:00,1980,1980,1980,1980,0
2022-03-10 12:54:00,1980,1980,1980,1980,0
2022-03-10 12:55:00,1980,1980,1980,1980,0
2022-03-10 12:56:00,1980,1980,1980,1980,0
2022-03-10 12:57:00,1980,1980,1980,1980,0
2022-03-10 12:58:00,1980,1980,1980,1980,0
2022-03-10 12:59:00,1980,1980,1980,1980,0
2022-03-10 13:00:00,1980,1980,1980,1980,0
2022-03-10 13:01:00,1980,1980,1980,1980,0
2022-03-10 13:02:00,1980,1980,1980,1980,0
2022-03-10 13:03:00,1980,1980,1980,1980,0
2022-03-10 13:04:00,1980,1980,1980,1980,0
2022-03-10 13:05:00,1980,1980,1980,1980,0
2022-03-10 13:06:00,1980,1980,1980,1980,0
2022-03-10 13:07:00,1980,1980,1980,1980,0
2022-03-10 13:08:00,1980,1980,1980,1980,0
2022-03-10 13:09:00,1980,1980,1980,1980,0
2022-03-10 13:10:00,1980,1980,1980,1980,0
2022-03-10 13:11:00,1980,1980,1980,1980,0
2022-03-10 13:12:00,1980,1980,1980,1980,0
2022-03-10 13:13:00,1980,1980,1980,1980,0
2022-03-10 13:14:00,1980,1980,1980,1980,0
2022-03-10 13:15:00,1980,1980,1980,1980,0
2022-03-10 13:16:00,1980,1980,1980,1980,0
2022-03-10 13:17:00,1980,1980,1980,1980,0
2022-03-10 13:18:00,1980,1980,1980,1980,0
2022-03-10 13:19:00,1980,1980,1980,1980,0
2022-03-10 13:20:00,1980,1980,1980,1980,0
2022-03-10 13:21:00,1980,1980,1980,1980,0
2022-03-10 13:22:00,1980,1980,1980,1980,0
2022-03-10 13:23:00,1980,1980,1980,1980,0
2022-03-10 13:24:00,1980,1980,1980,1980,0
2022-03-10 13:25:00,1980,1980,1980,1980,0
2022-03-10 13:26:00,1980,1980,1980,1980,0
2022-03-10 13:27:00,1980,1980,1980,1980,0
2022-03-10 13:28:00,1980,1980,1980,1980,0
2022-03-10 13:29:00,1980,1980,1980,1980,0
2022-03-10 13:30:00,1980,1980,1980,1980,0
2022-03-10 13:31:00,1980,1980,1980,1980,0
2022-03-10 13:32:00,1980,1980,1980,1980,0
2022-03-10 13:33:00,1980,1980,1980,1980,0
2022-03-10 13:34:00,1980,1980,1980,1980,0
2022-03-10 13:35:00,1980,1980,1980,1980,0
2022-03-10 13:36:00,1980,1980,1980,1980,0
2022-03-10 13:37:00,1980,1980,1980,1980,0
2022-03-10 13:38:00,1980,1980,1980,1980,0
2022-03-10 13:39:00,1980,1980,1980,1980,0
2022-03-10 13:40:00,1980,1980,1980,1980,0
2022-03-10 13:41:00,1980,1980,1980,1980,0
2022-03-10 13:42:00,1980,1980,1980,1980,0
2022-03-10 13:43:00,1980,1980,1980,1980,0
2022-03-10 13:44:00,1980,1980,1980,1980,0
2022-03-10 13:45:00,1980,1980,1980,1980,0
2022-03-10 13:46:00,1980,1980,1980,1980,0
2022-03-10 13:47:00,1980,1980,1980,1980,0
2022-03-10 13:48:00,1980,1980,1980,1980,0
2022-03-10 13:49:00,1980,1980,1980,1980,0
2022-03-10 13:50:00,1980,1980,1980,1980,0
2022-03-10 13:51:00,1980,1980,1980,1980,0
2022-03-10 13:52:00,1980,1980,1980,1980,0
2022-03-10 13:53:00,1980,1980,1980,1980,0
2022-03-10 13:54:00,1980,1980,1980,1980,0
2022-03-10 13:55:00,1980,1980,1980,1980,0
2022-03-10 13:56:00,1980,1980,1980,1980,0
2022-03-10 13:57:00,1980,1980,1980,1980,0
2022-03-10 13:58:00,1980,1980,1980,1980,0
2022-03-10 13:59:00,1980,1980,1980,1980,0
2022-03-10 14:00:00,1980,1980,1980,1980,0
2022-03-10 14:01:00,1980,1980,1980,1980,0
2022-03-10 14:02:00,1980,1980,1980,1980,0
2022-03-10 14:03:00,1980,1980,1980,1980,0
2022-03-10 14:04:00,1980,1980,1980,1980,0
2022-03-10 14:05:00,1980,1980,1980,1980,0
2022-03-10 14:06:00,1980,1980,1980,1980,0
2022-03-10 14:07:00,1980,1980,1980,1980,0
2022-03-10 14:08:00,1980,1980,1980,1980,0
2022-03-10 14:09:00,1980,1980,1980,1980,0
2022-03-10 14:10:00,1980,1980,1980,1980,0
2022-03-10 14:11:00,1980,1980,1980,1980,0
2022-03-10 14:12:00,1980,1980,1980,1980,0
2022-03-10 14:13:00,1980,1980,1980,1980,0
2022-03-10 14:14:00,1980,1980,1980,1980,0
2022-03-10 14:15:00,1980,1980,1980,1980,0
2022-03-10 14:16:00,1980,1980,1980,1980,0
2022-03-10 14:17:00,1980,1980,1980,1980,0
2022-03-10 14:18:00,1980,1980,1980,1980,0
2022-03-10 14:19:00,1980,1980,1980,1980,0
2022-03-10 14:20:00,1980,1980,1980,1980,0
2022-03-10 14:21:00,1980,1980,1980,1980,0
2022-03-10 14:22:00,1980,1980,1980,1980,0
2022-03-10 14:23:00,1980,1980,1980,1980,0
2022-03-10 14:24:00,1980,1980,1980,1980,0
2022-03-10 14:25:00,1980,1980,1980,1980,0
2022-03-10 14:26:00,1980,1980,1980,1980,0
2022-03-10 14:27:00,1980,1980,1980,1980,0
2022-03-10 14:28:00,1980,1980,1980,1980,0
2022-03-10 14:29:00,1980,1980,1980,1980,0
2022-03-10 14:30:00,1980,1980,1980,1980,0
2022-03-10 14:31:00,1980,1980,1980,1980,0
2022-03-10 14:32:00,1980,1980,1980,1980,0
2022-03-10 14:33:00,1980,1980,1980,1980,0
2022-03-10 14:34:00,1980,1980,1980,1980,0
2022-03-10 14:35:00,1980,1980,1980,1980,0
2022-03-10 14:36:00,1980,1980,1980,1980,0
2022-03-10 14:37:00,1980,1980,1980,1980,0
2022-03-10 14:38:00,1980,1980,1980,1980,0
2022-03-10 14:39:00,1980,1980,1980,1980,0
2022-03-10 14:40:00,1980,1980,1980,1980,0
2022-03-10 14:41:00,1980,1980,1980,1980,0
2022-03-10 14:42:00,1980,1980,1980,1980,0
2022-03-10 14:43:00,1980,1980,1980,1980,0
2022-03-10 14:44:00,1980,1980,1980,1980,0
2022-03-10 14:45:00,1980,1980,1980,1980,0
2022-03-10 14:46:00,1980,1980,1980,1980,0
2022-03-10 14:47:00,1980,1980,1980,1980,0
2022-03-10 14:48:00,1980,1980,1980,1980,0
2022-03-10 14:49:00,1980,1980,1980,1980,0
2022-03-10 14:50:00,1980,1980,1980,1980,0
2022-03-10 14:51:00,1980,1980,1980,1980,0
2022-03-10 14:52:00,1980,1980,1980,1980,0
2022-03-10 14:53:00,1980,1980,1980,1980,0
2022-03-10 14:54:00,1980,1980,1980,1980,0
2022-03-10 14:55:00,1980,1980,1980,1980,0
2022-03-10 14:56:00,1980,1980,1980,1980,0
2022-03-10 14:57:00,1980,1980,1980,1980,0
2022-03-10 14:58:00,1980,1980,1980,1980,0
2022-03-10 14:59:00,1980,1980,1980,1980,0
2022-03-10 15:00:00,1980,1980,1980,1980,0
2022-03-10 15:01:00,1980,1980,1980,1980,0
2022-03-10 15:02:00,1980,1980,1980,1980,0
2022-03-10 15:03:00,1980,1980,1980,1980,0
2022-03-10 15:04:00,1980,1980,1980,1980,0
2022-03-10 15:05:00,1980,1980,1980,1980,0
2022-03-10 15:06:00,1980,1980,1980,1980,0
2022-03-10 15:07:00,1980,1980,1980,1980,0
2022-03-10 15:08:00,1980,1980,1980,1980,0
2022-03-10 15:09:00,1980,1980,1980,1980,0
2022-03-10 15:10:00,1980,1980,1980,1980,0
2022-03-10 15:11:00,1980,1980,1980,1980,0
2022-03-10 15:12:00,1980,1980,1980,1980,0
2022-03-10 15:13:00,1980,1980,1980,1980,0
2022-03-10 15:14:00,1980,1980,1980,1980,0
2022-03-10 15:15:00,1980,1980,1980,1980,0
2022-03-10 15:16:00,1980,1980,1980,1980,0
2022-03-10 15:17:00,1980,1980,1980,1980,0
2022-03-10 15:18:00,1980,1980,1980,1980,0
2022-03-10 15:19:00,1980,1980,1980,1980,0
2022-03-10 15:20:00,1980,1980,1980,1980,0
2022-03-10 15:21:00,1980,1980,1980,1980,0
2022-03-10 15:22:00,1980,1980,1980,1980,0
2022-03-10 15:23:00,1980,1980,1980,1980,0
2022-03-10 15:24:00,1980,1980,1980,1980,0
2022-03-10 15:25:00,1980,1980,1980,1980,0
2022-03-10 15:26:00,1980,1980,1980,1980,0
2022-03-10 15:27:00,1980,1980,1980,1980,0
2022-03-10 15:28:00,1980,1980,1980,1980,0
2022-03-10 15:29:00,1980,1980,1980,1980,0
2022-03-10 15:30:00,1980,1980,1980,1980,0
2022-03-10 15:31:00,1980,1980,1980,1980,0
2022-03-10 15:32:00,1980,1980,1980,1980,0
2022-03-10 15:33:00,1980,1980,1980,1980,0
2022-03-10 15:34:00,1980,1980,1980,1980,0
2022-03-10 15:35:00,1980,1980,1980,1980,0
2022-03-10 15:36:00,1980,1980,1980,1980,0
2022-03-10 15:37:00,1980,1980,1980,1980,0
2022-03-10 15:38:00,1980,1980,1980,1980,0
2022-03-10 15:39:00,1980,1980,1980,1980,0
2022-03-10 15:40:00,1980,1980,1980,1980,0
2022-03-10 15:41:00,1980,1980,1980,1980,0
2022-03-10 15:42:00,1980,1980,1980,1980,0
2022-03-10 15:43:00,1980,1980,1980,1980,0
2022-03-10 15:44:00,1980,1980,1980,1980,0
2022-03-10 15:45:00,1980,1980,1980,1980,0
2022-03-10 15:46:00,1980,1980,1980,1980,0
2022-03-10 15:47:00,1980,1980,1980,1980,0
2022-03-10 15:48:00,1980,1980,1980,1980,0
2022-03-10 15:49:00,1980,1980,1980,1980,0
2022-03-10 15:50:00,1980,1980,1980,1980,0
2022-03-10 15:51:00,1980,1980,1980,1980,0
2022-03-10 15:52:00,1980,1980,1980,1980,0
2022-03-10 15:53:00,1980,1980,1980,1980,0
2022-03-10 15:54:00,1980,1980,1980,1980,0
2022-03-10 15:55:00,1980,1980,1980,1980,0
2022-03-10 15:56:00,1980,1980,1980,1980,0
2022-03-10 15:57:00,1980,1980,1980,1980,0
2022-03-10 15:58:00,1980,1980,1980,1980,0
2022-03-10 15:59:00,1980,1980,1980,1980,0
2022-03-11 09:00:00,1980,1980,1980,1980,0
2022-03-11 09:01:00,1980,1980,1980,1980,0
2022-03-11 09:02:00,1980,1980,1980,1980,0
2022-03-11 09:03:00,1980,1980,1980,1980,0
2022-03-11 09:04:00,1980,1980,1980,1980,0
2022-03-11 09:05:00,1980,1980,1980,1980,0
2022-03-11 09:06:00,1980,1980,1980,1980,0
2022-03-11 09:07:00,1980,1980,1980,1980,0
2022-03-11 09:08:00,1980,1980,1980,1980,0
2022-03-11 09:09:00,1980,1980,1980,1980,0
2022-03-11 09:10:00,1980,1980,1980,1980,0
2022-03-11 09:11:00,1980,1980,1980,1980,0
2022-03-11 09:12:00,1980,1980,1980,1980,0
2022-03-11 09:13:00,1980,1980,1980,1980,0
2022-03-11 09:14:00,1980,1980,1980,1980,0
2022-03-11 09:15:00,1980,1980,1980,1980,0
2022-03-11 09:16:00,1980,1980,1980,1980,0
2022-03-11 09:17:00,1980,1980,1980,1980,0
2022-03-11 09:18:00,1980,1980,1980,1980,0
2022-03-11 09:19:00,1980,1980,1980,1980,0
2022-03-11 09:20:00,1980,1980,1980,1980,0
2022-03-11 09:21:00,1980,1980,1980,1980,0
2022-03-11 09:22:00,1980,1980,1980,1980,0
2022-03-11 09:23:00,1980,1980,1980,1980,0
2022-03-11 09:24:00,1980,1980,1980,1980,0
2022-03-11 09:25:00,1980,1980,1980,1980,0
2022-03-11 09:26:00,1980,1980,1980,1980,0
2022-03-11 09:27:00,1980,1980,1980,1980,0
2022-03-11 09:28:00,1980,1980,1980,1980,0
2022-03-11 09:29:00,1980,1980,1980,1980,0
2022-03-11 09:30:00,1980,1980,1980,1980,0
2022-03-11 09:31:00,1980,1980,1980,1980,0
2022-03-11 09:32:00,1980,1980,1980,1980,0
2022-03-11 09:33:00,1980,1980,1980,1980,0
2022-03-11 09:34:00,1980,1980,1980,1980,0
2022-03-11 09:35:00,1980,1980,1980,1980,0
2022-03-11 09:36:00,1980,1980,1980,1980,0
2022-03-11 09:37:00,1980,1980,1980,1980,0
2022-03-11 09:38:00,1980,1980,1980,1980,0
2022-03-11 09:39:00,1980,1980,1980,1980,0
2022-03-11 09:40:00,1980,1980,1980,1980,0
2022-03-11 09:41:00,1980,1980,1980,1980,0
2022-03-11 09:42:00,1980,1980,1980,1980,0
2022-03-11 09:43:00,1980,1980,1980,1980,0
2022-03-11 09:44:00,1980,1980,1980,1980,0
2022-03-11 09:45:00,1980,1980,1980,1980,0
2022-03-11 09:46:00,1980,1980,1980,1980,0
2022-03-11 09:47:00,1980,1980,1980,1980,0
2022-03-11 09:48:00,1980,1980,1980,1980,0
2022-03-11 09:49:00,1980,1980,1980,1980,0
2022-03-11 09:50:00,1980,1980,1980,1980,0
2022-03-11 09:51:00,1980,1980,1980,1980,0
2022-03-11 09:52:00,1980,1980,1980,1980,0
2022-03-11 09:53:00,1980,1980,1980,1980,0
2022-03-11 09:54:00,1980,1980,1980,1980,0
2022-03-11 09:55:00,1980,1980,1980,1980,0
2022-03-11 09:56:00,1980,1980,1980,1980,0
2022-03-11 09:57:00,1980,1980,1980,1980,0
2022-03-11 09:58:00,1980,1980,1980,1980,0
2022-03-11 09:59:00,1980,1980,1980,1980,0
2022-03-11 10:00:00,1980,1980,1980,1980,0
2022-03-11 10:01:00,1980,1980,1980,1980,0
2022-03-11 10:02:00,1980,1980,1980,1980,0
2022-03-11 10:03:00,1980,1980,1980,1980,0
2022-03-11 10:04:00,1980,1980,1980,1980,0
2022-03-11 10:05:00,1980,1980,1980,1980,0
2022-03-11 10:06:00,1980,1980,1980,1980,0
2022-03-11 10:07:00,1980,1980,1980,1980,0
2022-03-11 10:08:00,1980,1980,1980,1980,0
2022-03-11 10:09:00,1980,1980,1980,1980,0
2022-03-11 10:10:00,1980,1980,1980,1980,0
2022-03-11 10:11:00,1980,1980,1980,1980,0
2022-03-11 10:12:00,1980,1980,1980,1980,0
2022-03-11 10:13:00,1980,1980,1980,1980,0
2022-03-11 10:14:00,1980,1980,1980,1980,0
2022-03-11 10:15:00,1980,1980,1980,1980,0
2022-03-11 10:16:00,1980,1980,1980,1980,0
2022-03-11 10:17:00,1980,1980,1980,1980,0
2022-03-11 10:18:00,1980,1980,1980,1980,0
2022-03-11 10:19:00,1980,1980,1980,1980,0
2022-03-11 10:20:00,1980,1980,1980,1980,0
2022-03-11 10:21:00,1980,1980,1980,1980,0
2022-03-11 10:22:00,1980,1980,1980,1980,0
2022-03-11 10:23:00,1980,1980,1980,1980,0
2022-03-11 10:24:00,1980,1980,1980,1980,0
2022-03-11 10:25:00,1980,1980,1980,1980,0
2022-03-11 10:26:00,1980,1980,1980,1980,0
2022-03-11 10:27:00,1980,1980,1980,1980,0
2022-03-11 10:28:00,1980,1980,1980,1980,0
2022-03-11 10:29:00,1980,1980,1980,1980,0
2022-03-11 10:30:00,1980,1980,1980,1980,0
2022-03-11 10:31:00,1980,1980,1980,1980,0
2022-03-11 10:32:00,1980,1980,1980,1980,0
2022-03-11 10:33:00,1980,1980,1980,1980,0
2022-03-11 10:34:00,1980,1980,1980,1980,0
2022-03-11 10:35:00,1980,1980,1980,1980,0
2022-03-11 10:36:00,1980,1980,1980,1980,0
2022-03-11 10:37:00,1980,1980,1980,1980,0
2022-03-11 10:38:00,1980,1980,1980,1980,0
2022-03-11 10:39:00,1980,1980,1980,1980,0
2022-03-11 10:40:00,1980,1980,1980,1980,0
2022-03-11 10:41:00,1980,1980,1980,1980,0
2022-03-11 10:42:00,1980,1980,1980,1980,0
2022-03-11 10:43:00,1980,1980,1980,1980,0
2022-03-11 10:44:00,1980,1980,1980,1980,0
2022-03-11 10:45:00,1980,1980,1980,1980,0
2022-03-11 10:46:00,1980,1980,1980,1980,0
2022-03-11 10:47:00,1980,1980,1980,1980,0
2022-03-11 10:48:00,1980,1980,1980,1980,0
2022-03-11 10:49:00,1980,1980,1980,1980,0
2022-03-11 10:50:00,1980,1980,1980,1980,0
2022-03-11 10:51:00,1980,1980,1980,1980,0
2022-03-11 10:52:00,1980,1980,1980,1980,0
2022-03-11 10:53:00,1980,1980,1980,1980,0
2022-03-11 10:54:00,1980,1980,1980,1980,0
2022-03-11 10:55:00,1980,1980,1980,1980,0
2022-03-11 10:56:00,1980,1980,1980,1980,0
2022-03-11 10:57:00,1980,1980,1980,1980,0
2022-03-11 10:58:00,1980,1980,1980,1980,0
2022-03-11 10:59:00,1980,1980,1980,1980,0
2022-03-11 11:00:00,1980,1980,1980,1980,0
2022-03-11 11:01:00,1980,1980,1980,1980,0
2022-03-11 11:02:00,1980,1980,1980,1980,0
2022-03-11 11:03:00,1980,1980,1980,1980,0
2022-03-11 11:04:00,1980,1980,1980,1980,0
2022-03-11 11:05:00,1980,1980,1980,1980,0
2022-03-11 11:06:00,1980,1980,1980,1980,0
2022-03-11 11:07:00,1980,1980,1980,1980,0
2022-03-11 11:08:00,1980,1980,1980,1980,0
2022-03-11 11:09:00,1980,1980,1980,1980,0
2022-03-11 11:10:00,1980,1980,1980,1980,0
2022-03-11 11:11:00,1980,1980,1980,1980,0
2022-03-11 11:12:00,1980,1980,1980,1980,0
2022-03-11 11:13:00,1980,1980,1980,1980,0
2022-03-11 11:14:00,1980,1980,1980,1980,0
2022-03-11 11:15:00,1980,1980,1980,1980,0
2022-03-11 11:16:00,1980,1980,1980,1980,0
2022-03-11 11:17:00,1980,1980,1980,1980,0
2022-03-11 11:18:00,1980,1980,1980,1980,0
2022-03-11 11:19:00,1980,1980,1980,1980,0
2022-03-11 11:20:00,1980,1980,1980,1980,0
2022-03-11 11:21:00,1980,1980,1980,1980,0
2022-03-11 11:22:00,1980,1980,1980,1980,0
2022-03-11 11:23:00,1980,1980,1980,1980,0
2022-03-11 11:24:00,1980,1980,1980,1980,0
2022-03-11 11:25:00,1980,1980,1980,1980,0
2022-03-11 11:26:00,1980,1980,1980,1980,0
2022-03-11 11:27:00,1980,1980,1980,1980,0
2022-03-11 11:28:00,1980,1980,1980,1980,0
2022-03-11 11:29:00,1980,1980,1980,1980,0
2022-03-11 11:30:00,1980,1980,1980,1980,0
2022-03-11 11:31:00,1980,1980,1980,1980,0
2022-03-11 11:32:00,1980,1980,1980,1980,0
2022-03-11 11:33:00,1980,1980,1980,1980,0
2022-03-11 11:34:00,1980,1980,1980,1980,0
2022-03-11 11:35:00,1980,1980,1980,1980,0
2022-03-11 11:36:00,1980,1980,1980,1980,0
2022-03-11 11:37:00,1980,1980,1980,1980,0
2022-03-11 11:38:00,1980,1980,1980,1980,0
2022-03-11 11:39:00,1980,1980,1980,1980,0
2022-03-11 11:40:00,1980,1980,1980,1980,0
2022-03-11 11:41:00,1980,1980,1980,1980,0
2022-03-11 11:42:00,1980,1980,1980,1980,0
2022-03-11 11:43:00,1980,1980,1980,1980,0
2022-03-11 11:44:00,1980,1980,1980,1980,0
2022-03-11 11:45:00,1980,1980,1980,1980,0
2022-03-11 11:46:00,1980,1980,1980,1980,0
2022-03-11 11:47:00,1980,1980,1980,1980,0
2022-03-11 11:48:00,1980,1980,1980,1980,0
2022-03-11 11:49:00,1980,1980,1980,1980,0
2022-03-11 11:50:00,1980,1980,1980,1980,0
2022-03-11 11:51:00,1980,1980,1980,1980,0
2022-03-11 11:52:00,1980,1980,1980,1980,0
2022-03-11 11:53:00,1980,1980,1980,1980,0
2022-03-11 11:54:00,1980,1980,1980,1980,0
2022-03-11 11:55:00,1980,1980,1980,1980,0
2022-03-11 11:56:00,1980,1980,1980,1980,0
2022-03-11 11:57:00,1980,1980,1980,1980,0
2022-03-11 11:58:00,1980,1980,1980,1980,0
2022-03-11 11:59:00,1980,1980,1980,1980,0
2022-03-11 12:00:00,1980,1980,1980,1980,0
2022-03-11 12:01:00,1980,1980,1980,1980,0
2022-03-11 12:02:00,1980,1980,1980,1980,0
2022-03-11 12:03:00,1980,1980,1980,1980,0
2022-03-11 12:04:00,1980,1980,1980,1980,0
2022-03-11 12:05:00,1980,1980,1980,1980,0
2022-03-11 12:06:00,1980,1980,1980,1980,0
2022-03-11 12:07:00,1980,1980,1980,1980,0
2022-03-11 12:08:00,1980,1980,1980,1980,0
2022-03-11 12:09:00,1980,1980,1980,1980,0
2022-03-11 12:10:00,1980,1980,1980,1980,0
2022-03-11 12:11:00,1980,1980,1980,1980,0
2022-03-11 12:12:00,1980,1980,1980,1980,0
2022-03-11 12:13:00,1980,1980,1980,1980,0
2022-03-11 12:14:00,1980,1980,1980,1980,0
2022-03-11 12:15:00,1980,1980,1980,1980,0
2022-03-11 12:16:00,1980,1980,1980,1980,0
2022-03-11 12:17:00,1980,1980,1980,1980,0
2022-03-11 12:18:00,1980,1980,1980,1980,0
2022-03-11 12:19:00,1980,1980,1980,1980,0
2022-03-11 12:20:00,1980,1980,1980,1980,0
2022-03-11 12:21:00,1980,1980,1980,1980,0
2022-03-11 12:22:00,1980,1980,1980,1980,0
2022-03-11 12:23:00,1980,1980,1980,1980,0
2022-03-11 12:24:00,1980,1980,1980,1980,0
2022-03-11 12:25:00,1980,1980,1980,1980,0
2022-03-11 12:26:00,1980,1980,1980,1980,0
2022-03-11 12:27:00,1980,1980,1980,1980,0
2022-03-11 12:28:00,1980,1980,1980,1980,0
2022-03-11 12:29:00,1980,1980,1980,1980,0
2022-03-11 12:30:00,1980,1980,1980,1980,0
2022-03-11 12:31:00,1980,1980,1980,1980,0
2022-03-11 12:32:00,1980,1980,1980,1980,0
2022-03-11 12:33:00,1980,1980,1980,1980,0
2022-03-11 12:34:00,1980,1980,1980,1980,0
2022-03-11 12:35:00,1980,1980,1980,1980,0
2022-03-11 12:36:00,1980,1980,1980,1980,0
2022-03-11 12:37:00,1980,1980,1980,1980,0
2022-03-11 12:38:00,1980,1980,1980,1980,0
2022-03-11 12:39:00,1980,1980,1980,1980,0
2022-03-11 12:40:00,1980,1980,1980,1980,0
2022-03-11 12:41:00,1980,1980,1980,1980,0
2022-03-11 12:42:00,1980,1980,1980,1980,0
2022-03-11 12:43:00,1980,1980,1980,1980,0
2022-03-11 12:44:00,1980,1980,1980,1980,0
2022-03-11 12:45:00,1980,1980,1980,1980,0
2022-03-11 12:46:00,1980,1980,1980,1980,0
2022-03-11 12:47:00,1980,1980,1980,1980,0
2022-03-11 12:48:00,1980,1980,1980,1980,0
2022-03-11 12:49:00,1980,1980,1980,1980,0
2022-03-11 12:50:00,1980,1980,1980,1980,0
2022-03-11 12:51:00,1980,1980,1980,1980,0
2022-03-11 12:52:00,1980,1980,1980,1980,0
2022-03-11 12:53:00,1980,1980,1980,1980,0
2022-03-11 12:54:00,1980,1980,1980,1980,0
2022-03-11 12:55:00,1980,1980,1980,1980,0
2022-03-11 12:56:00,1980,1980,1980,1980,0
2022-03-11 12:57:00,1980,1980,1980,1980,0
2022-03-11 12:58:00,1980,1980,1980,1980,0
2022-03-11 12:59:00,1980,1980,1980,1980,0
2022-03-11 13:00:00,1980,1980,1980,1980,0
2022-03-11 13:01:00,1980,1980,1980,1980,0
2022-03-11 13:02:00,1980,1980,1980,1980,0
2022-03-11 13:03:00,1980,1980,1980,1980,0
2022-03-11 13:04:00,1980,1980,1980,1980,0
2022-03-11 13:05:00,1980,1980,1980,1980,0
2022-03-11 13:06:00,1980,1980,1980,1980,0
2022-03-11 13:07:00,1980,1980,1980,1980,0
2022-03-11 13:08:00,1980,1980,1980,1980,0
2022-03-11 13:09:00,1980,1980,1980,1980,0
2022-03-11 13:10:00,1980,1980,1980,1980,0
2022-03-11 13:11:00,1980,1980,1980,1980,0
2022-03-11 13:12:00,1980,1980,1980,1980,0
2022-03-11 13:13:00,1980,1980,1980,1980,0
2022-03-11 13:14:00,1980,1980,1980,1980,0
2022-03-11 13:15:00,1980,1980,1980,1980,0
2022-03-11 13:16:00,1980,1980,1980,1980,0
2022-03-11 13:17:00,1980,1980,1980,1980,0
2022-03-11 13:18:00,1980,1980,1980,1980,0
2022-03-11 13:19:00,1980,1980,1980,1980,0
2022-03-11 13:20:00,1980,1980,1980,1980,0
2022-03-11 13:21:00,1980,1980,1980,1980,0
2022-03-11 13:22:00,1980,1980,1980,1980,0
2022-03-11 13:23:00,1980,1980,1980,1980,0
2022-03-11 13:24:00,1980,1980,1980,1980,0
2022-03-11 13:25:00,1980,1980,1980,1980,0
2022-03-11 13:26:00,1980,1980,1980,1980,0
2022-03-11 13:27:00,1980,1980,1980,1980,0
2022-03-11 13:28:00,1980,1980,1980,1980,0
2022-03-11 13:29:00,1980,1980,1980,1980,0
2022-03-11 13:30:00,1980,1980,1980,1980,0
2022-03-11 13:31:00,1980,1980,1980,1980,0
2022-03-11 13:32:00,1980,1980,1980,1980,0
2022-03-11 13:33:00,1980,1980,1980,1980,0
2022-03-11 13:34:00,1980,1980,1980,1980,0
2022-03-11 13:35:00,1980,1980,1980,1980,0
2022-03-11 13:36:00,1980,1980,1980,1980,0
2022-03-11 13:37:00,1980,1980,1980,1980,0
2022-03-11 13:38:00,1980,1980,1980,1980,0
2022-03-11 13:39:00,1980,1980,1980,1980,0
2022-03-11 13:40:00,1980,1980,1980,1980,0
2022-03-11 13:41:00,1980,1980,1980,1980,0
2022-03-11 13:42:00,1980,1980,1980,1980,0
2022-03-11 13:43:00,1980,1980,1980,1980,0
2022-03-11 13:44:00,1980,1980,1980,1980,0
2022-03-11 13:45:00,1980,1980,1980,1980,0
2022-03-11 13:46:00,1980,1980,1980,1980,0
2022-03-11 13:47:00,1980,1980,1980,1980,0
2022-03-11 13:48:00,1980,1980,1980,1980,0
2022-03-11 13:49:00,1980,1980,1980,1980,0
2022-03-11 13:50:00,1980,1980,1980,1980,0
2022-03-11 13:51:00,1980,1980,1980,1980,0
2022-03-11 13:52:00,1980,1980,1980,1980,0
2022-03-11 13:53:00,1980,1980,1980,1980,0
2022-03-11 13:54:00,1980,1980,1980,1980,0
2022-03-11 13:55:00,1980,1980,1980,1980,0
2022-03-11 13:56:00,1980,1980,1980,1980,0
2022-03-11 13:57:00,1980,1980,1980,1980,0
2022-03-11 13:58:00,1980,1980,1980,1980,0
2022-03-11 13:59:00,1980,1980,1980,1980,0
2022-03-11 14:00:00,1980,1980,1980,1980,0
2022-03-11 14:01:00,1980,1980,1980,1980,0
2022-03-11 14:02:00,1980,1980,1980,1980,0
2022-03-11 14:03:00,1980,1980,1980,1980,0
2022-03-11 14:04:00,1980,1980,1980,1980,0
2022-03-11 14:05:00,1980,1980,1980,1980,0
2022-03-11 14:06:00,1980,1980,1980,1980,0
2022-03-11 14:07:00,1980,1980,1980,1980,0
2022-03-11 14:08:00,1980,1980,1980,1980,0
2022-03-11 14:09:00,1980,1980,1980,1980,0
2022-03-11 14:10:00,1980,1980,1980,1980,0
2022-03-11 14:11:00,1980,1980,1980,1980,0
2022-03-11 14:12:00,1980,1980,1980,1980,0
2022-03-11 14:13:00,1980,1980,1980,1980,0
2022-03-11 14:14:00,1980,1980,1980,1980,0
2022-03-11 14:15:00,1980,1980,1980,1980,0
2022-03-11 14:16:00,1980,1980,1980,1980,0
2022-03-11 14:17:00,1980,1980,1980,1980,0
2022-03-11 14:18:00,1980,1980,1980,1980,0
2022-03-11 14:19:00,1980,1980,1980,1980,0
2022-03-11 14:20:00,1980,1980,1980,1980,0
2022-03-11 14:21:00,1980,1980,1980,1980,0
2022-03-11 14:22:00,1980,1980,1980,1980,0
2022-03-11 14:23:00,1980,1980,1980,1980,0
2022-03-11 14:24:00,1980,1980,1980,1980,0
2022-03-11 14:25:00,1980,1980,1980,1980,0
2022-03-11 14:26:00,1980,1980,1980,1980,0
2022-03-11 14:27:00,1980,1980,1980,1980,0
2022-03-11 14:28:00,1980,1980,1980,1980,0
2022-03-11 14:29:00,1980,1980,1980,1980,0
2022-03-11 14:30:00,1980,1980,1980,1980,0
2022-03-11 14:31:00,1980,1980,1980,1980,0
2022-03-11 14:32:00,1980,1980,1980,1980,0
2022-03-11 14:33:00,1980,1980,1980,1980,0
2022-03-11 14:34:00,1980,1980,1980,1980,0
2022-03-11 14:35:00,1980,1980,1980,1980,0
2022-03-11 14:36:00,1980,1980,1980,1980,0
2022-03-11 14:37:00,1980,1980,1980,1980,0
2022-03-11 14:38:00,1980,1980,1980,1980,0
2022-03-11 14:39:00,1980,1980,1980,1980,0
2022-03-11 14:40:00,1980,1980,1980,1980,0
2022-03-11 14:41:00,1980,1980,1980,1980,0
2022-03-11 14:42:00,1980,1980,1980,1980,0
2022-03-11 14:43:00,1980,1980,1980,1980,0
2022-03-11 14:44:00,1980,1980,1980,1980,0
2022-03-11 14:45:00,1980,1980,1980,1980,0
2022-03-11 14:46:00,1980,1980,1980,1980,0
2022-03-11 14:47:00,1980,1980,1980,1980,0
2022-03-11 14:48:00,1980,1980,1980,1980,0
2022-03-11 14:49:00,1980,1980,1980,1980,0
2022-03-11 14:50:00,1980,1980,1980,1980,0
2022-03-11 14:51:00,1980,1980,1980,1980,0
2022-03-11 14:52:00,1980,1980,1980,1980,0
2022-03-11 14:53:00,1980,1980,1980,1980,0
2022-03-11 14:54:00,1980,1980,1980,1980,0
2022-03-11 14:55:00,1980,1980,1980,1980,0
2022-03-11 14:56:00,1980,1980,1980,1980,0
2022-03-11 14:57:00,1980,1980,1980,1980,0
2022-03-11 14:58:00,1980,1980,1980,1980,0
2022-03-11 14:59:00,1980,1980,1980,1980,0
2022-03-11 15:00:00,1980,1980,1980,1980,0
2022-03-11 15:01:00,1980,1980,1980,1980,0
2022-03-11 15:02:00,1980,1980,1980,1980,0
2022-03-11 15:03:00,1980,1980,1980,1980,0
2022-03-11 15:04:00,1980,1980,1980,1980,0
2022-03-11 15:05:00,1980,1980,1980,1980,0
2022-03-11 15:06:00,1980,1980,1980,1980,0
2022-03-11 15:07:00,1980,1980,1980,1980,0
2022-03-11 15:08:00,1980,1980,1980,1980,0
2022-03-11 15:09:00,1980,1980,1980,1980,0
2022-03-11 15:10:00,1980,1980,1980,1980,0
2022-03-11 15:11:00,1980,1980,1980,1980,0
2022-03-11 15:12:00,1980,1980,1980,1980,0
2022-03-11 15:13:00,1980,1980,1980,1980,0
2022-03-11 15:14:00,1980,1980,1980,1980,0
2022-03-11 15:15:00,1980,1980,1980,1980,0
2022-03-11 15:16:00,1980,1980,1980,1980,0
2022-03-11 15:17:00,1980,1980,1980,1980,0
2022-03-11 15:18:00,1980,1980,1980,1980,0
2022-03-11 15:19:00,1980,1980,1980,1980,0
2022-03-11 15:20:00,1980,1980,1980,1980,0
2022-03-11 15:21:00,1980,1980,1980,1980,0
2022-03-11 15:22:00,1980,1980,1980,1980,0
2022-03-11 15:23:00,1980,1980,1980,1980,0
2022-03-11 15:24:00,1980,1980,1980,1980,0
2022-03-11 15:25:00,1980,1980,1980,1980,0
2022-03-11 15:26:00,1980,1980,1980,1980,0
2022-03-11 15:27:00,1980,1980,1980,1980,0
2022-03-11 15:28:00,1980,1980,1980,1980,0
2022-03-11 15:29:00,1980,1980,1980,1980,0
2022-03-11 15:30:00,1980,1980,1980,1980,0
2022-03-11 15:31:00,1980,1980,1980,1980,0
2022-03-11 15:32:00,1980,1980,1980,1980,0
2022-03-11 15:33:00,1980,1980,1980,1980,0
2022-03-11 15:34:00,1980,1980,1980,1980,0
2022-03-11 15:35:00,1980,1980,1980,1980,0
2022-03-11 15:36:00,1980,1980,1980,1980,0
2022-03-11 15:37:00,1980,1980,1980,1980,0
2022-03-11 15:38:00,1980,1980,1980,1980,0
2022-03-11 15:39:00,1980,1980,1980,1980,0
2022-03-11 15:40:00,1980,1980,1980,1980,0
2022-03-11 15:41:00,1980,1980,1980,1980,0
2022-03-11 15:42:00,1980,1980,1980,1980,0
2022-03-11 15:43:00,1980,1980,1980,1980,0
2022-03-11 15:44:00,1980,1980,1980,1980,0
2022-03-11 15:45:00,1980,1980,1980,1980,0
2022-03-11 15:46:00,1980,1980,1980,1980,0
2022-03-11 15:47:00,1980,1980,1980,1980,0
2022-03-11 15:48:00,1980,1980,1980,1980,0
2022-03-11 15:49:00,1980,1980,1980,1980,0
2022-03-11 15:50:00,1980,1980,1980,1980,0
2022-03-11 15:51:00,1980,1980,1980,1980,0
2022-03-11 15:52:00,1980,1980,1980,1980,0
2022-03-11 15:53:00,1980,1980,1980,1980,0
2022-03-11 15:54:00,1980,1980,1980,1980,0
2022-03-11 15:55:00,1980,1980,1980,1980,0
2022-03-11 15:56:00,1980,1980,1980,1980,0
2022-03-11 15:57:00,1980,1980,1980,1980,0
2022-03-11 15:58:00,1980,1980,1980,1980,0
2022-03-11 15:59:00,1980,1980,1980,1980,0
2022-03-14 09:00:00,1980,1980,1980,1980,0
2022-03-14 09:01:00,1980,1980,1980,1980,0
2022-03-14 09:02:00,1980,1980,1980,1980,0
2022-03-14 09:03:00,1980,1980,1980,1980,0
2022-03-14 09:04:00,1980,1980,1980,1980,0
2022-03-14 09:05:00,1980,1980,1980,1980,0
2022-03-14 09:06:00,1980,1980,1980,1980,0
2022-03-14 09:07:00,1980,1980,1980,1980,0
2022-03-14 09:08:00,1980,1980,1980,1980,0
2022-03-14 09:09:00,1980,1980,1980,1980,0
2022-03-14 09:10:00,1980,1980,1980,1980,0
2022-03-14 09:11:00,1980,1980,1980,1980,0
2022-03-14 09:12:00,1980,1980,1980,1980,0
2022-03-14 09:13:00,1980,1980,1980,1980,0
2022-03-14 09:14:00,1980,1980,1980,1980,0
2022-03-14 09:15:00,1980,1980,1980,1980,0
2022-03-14 09:16:00,1980,1980,1980,1980,0
2022-03-14 09:17:00,1980,1980,1980,1980,0
2022-03-14 09:18:00,1980,1980,1980,1980,0
2022-03-14 09:19:00,1980,1980,1980,1980,0
2022-03-14 09:20:00,1980,1980,1980,1980,0
2022-03-14 09:21:00,1980,1980,1980,1980,0
2022-03-14 09:22:00,1980,1980,1980,1980,0
2022-03-14 09:23:00,1980,1980,1980,1980,0
2022-03-14 09:24:00,1980,1980,1980,1980,0
2022-03-14 09:25:00,1980,1980,1980,1980,0
2022-03-14 09:26:00,1980,1980,1980,1980,0
2022-03-14 09:27:00,1980,1980,1980,1980,0
2022-03-14 09:28:00,1980,1980,1980,1980,0
2022-03-14 09:29:00,1980,1980,1980,1980,0
2022-03-14 09:30:00,1980,1980,1980,1980,0
2022-03-14 09:31:00,1980,1980,1980,1980,0
2022-03-14 09:32:00,1980,1980,1980,1980,0
2022-03-14 09:33:00,1980,1980,1980,1980,0
2022-03-14 09:34:00,1980,1980,1980,1980,0
2022-03-14 09:35:00,1980,1980,1980,1980,0
2022-03-14 09:36:00,1980,1980,1980,1980,0
2022-03-14 09:37:00,1980,1980,1980,1980,0
2022-03-14 09:38:00,1980,1980,1980,1980,0
2022-03-14 09:39:00,1980,1980,1980,1980,0
2022-03-14 09:40:00,1980,1980,1980,1980,0
2022-03-14 09:41:00,1980,1980,1980,1980,0
2022-03-14 09:42:00,1980,1980,1980,1980,0
2022-03-14 09:43:00,1980,1980,1980,1980,0
2022-03-14 09:44:00,1980,1980,1980,1980,0
2022-03-14 09:45:00,1980,1980,1980,1980,0
2022-03-14 09:46:00,1980,1980,1980,1980,0
2022-03-14 09:47:00,1980,1980,1980,1980,0
2022-03-14 09:48:00,1980,1980,1980,1980,0
2022-03-14 09:49:00,1980,1980,1980,1980,0
2022-03-14 09:50:00,1980,1980,1980,1980,0
2022-03-14 09:51:00,1980,1980,1980,1980,0
2022-03-14 09:52:00,1980,1980,1980,1980,0
2022-03-14 09:53:00,1980,1980,1980,1980,0
2022-03-14 09:54:00,1980,1980,1980,1980,0
2022-03-14 09:55:00,1980,1980,1980,1980,0
2022-03-14 09:56:00,1980,1980,1980,1980,0
2022-03-14 09:57:00,1980,1980,1980,1980,0
2022-03-14 09:58:00,1980,1980,1980,1980,0
2022-03-14 09:59:00,1980,1980,1980,1980,0
2022-03-14 10:00:00,1980,1980,1980,1980,0
2022-03-14 10:01:00,1980,1980,1980,1980,0
2022-03-14 10:02:00,1980,1980,1980,1980,0
2022-03-14 10:03:00,1980,1980,1980,1980,0
2022-03-14 10:04:00,1980,1980,1980,1980,0
2022-03-14 10:05:00,1980,1980,1980,1980,0
2022-03-14 10:06:00,1980,1980,1980,1980,0
2022-03-14 10:07:00,1980,1980,1980,1980,0
2022-03-14 10:08:00,1980,1980,1980,1980,0
2022-03-14 10:09:00,1980,1980,1980,1980,0
2022-03-14 10:10:00,1980,1980,1980,1980,0
2022-03-14 10:11:00,1980,1980,1980,1980,0
2022-03-14 10:12:00,1980,1980,1980,1980,0
2022-03-14 10:13:00,1980,1980,1980,1980,0
2022-03-14 10:14:00,1980,1980,1980,1980,0
2022-03-14 10:15:00,1980,1980,1980,1980,0
2022-03-14 10:16:00,1980,1980,1980,1980,0
2022-03-14 10:17:00,1980,1980,1980,1980,0
2022-03-14 10:18:00,1980,1980,1980,1980,0
2022-03-14 10:19:00,1980,1980,1980,1980,0
2022-03-14 10:20:00,1980,1980,1980,1980,0
2022-03-14 10:21:00,1980,1980,1980,1980,0
2022-03-14 10:22:00,1980,1980,1980,1980,0
2022-03-14 10:23:00,1980,1980,1980,1980,0
2022-03-14 10:24:00,1980,1980,1980,1980,0
2022-03-14 10:25:00,1980,1980,1980,1980,0
2022-03-14 10:26:00,1980,1980,1980,1980,0
2022-03-14 10:27:00,1980,1980,1980,1980,0
2022-03-14 10:28:00,1980,1980,1980,1980,0
2022-03-14 10:29:00,1980,1980,1980,1980,0
2022-03-14 10:30:00,1980,1980,1980,1980,0
2022-03-14 10:31:00,1980,1980,1980,1980,0
2022-03-14 10:32:00,1980,1980,1980,1980,0
2022-03-14 10:33:00,1980,1980,1980,1980,0
2022-03-14 10:34:00,1980,1980,1980,1980,0
2022-03-14 10:35:00,1980,1980,1980,1980,0
2022-03-14 10:36:00,1980,1980,1980,1980,0
2022-03-14 10:37:00,1980,1980,1980,1980,0
2022-03-14 10:38:00,1980,1980,1980,1980,0
2022-03-14 10:39:00,1980,1980,1980,1980,0
2022-03-14 10:40:00,1980,1980,1980,1980,0
2022-03-14 10:41:00,1980,1980,1980,1980,0
2022-03-14 10:42:00,1980,1980,1980,1980,0
2022-03-14 10:43:00,1980,1980,1980,1980,0
2022-03-14 10:44:00,1980,1980,1980,1980,0
2022-03-14 10:45:00,1980,1980,1980,1980,0
2022-03-14 10:46:00,1980,1980,1980,1980,0
2022-03-14 10:47:00,1980,1980,1980,1980,0
2022-03-14 10:48:00,1980,1980,1980,1980,0
2022-03-14 10:49:00,1980,1980,1980,1980,0
2022-03-14 10:50:00,1980,1980,1980,1980,0
2022-03-14 10:51:00,1980,1980,1980,1980,0
2022-03-14 10:52:00,1980,1980,1980,1980,0
2022-03-14 10:53:00,1980,1980,1980,1980,0
2022-03-14 10:54:00,1980,1980,1980,1980,0
2022-03-14 10:55:00,1980,1980,1980,1980,0
2022-03-14 10:56:00,1980,1980,1980,1980,0
2022-03-14 10:57:00,1980,1980,1980,1980,0
2022-03-14 10:58:00,1980,1980,1980,1980,0
2022-03-14 10:59:00,1980,1980,1980,1980,0
2022-03-14 11:00:00,1980,1980,1980,1980,100
2022-03-14 11:01:00,1980,1980,1980,1980,0
2022-03-14 11:02:00,1980,1980,1980,1980,0
2022-03-14 11:03:00,1980,1980,1980,1980,0
2022-03-14 11:04:00,1980,1980,1980,1980,0
2022-03-14 11:05:00,1980,1980,1980,1980,0
2022-03-14 11:06:00,1980,1980,1980,1980,0
2022-03-14 11:07:00,1980,1980,1980,1980,0
2022-03-14 11:08:00,1980,1980,1980,1980,0
2022-03-14 11:09:00,1980,1980,1980,1980,0
2022-03-14 11:10:00,1980,1980,1980,1980,0
2022-03-14 11:11:00,1980,1980,1980,1980,0
2022-03-14 11:12:00,1980,1980,1980,1980,0
2022-03-14 11:13:00,1980,1980,1980,1980,0
2022-03-14 11:14:00,1980,1980,1980,1980,0
2022-03-14 11:15:00,1980,1980,1980,1980,0
2022-03-14 11:16:00,1980,1980,1980,1980,0
2022-03-14 11:17:00,1980,1980,1980,1980,0
2022-03-14 11:18:00,1980,1980,1980,1980,0
2022-03-14 11:19:00,1980,1980,1980,1980,0
2022-03-14 11:20:00,1980,1980,1980,1980,0
2022-03-14 11:21:00,1980,1980,1980,1980,0
2022-03-14 11:22:00,1980,1980,1980,1980,0
2022-03-14 11:23:00,1980,1980,1980,1980,0
2022-03-14 11:24:00,1980,1980,1980,1980,0
2022-03-14 11:25:00,1980,1980,1980,1980,0
2022-03-14 11:26:00,1980,1980,1980,1980,0
2022-03-14 11:27:00,1980,1980,1980,1980,0
2022-03-14 11:28:00,1980,1980,1980,1980,0
2022-03-14 11:29:00,1980,1980,1980,1980,0
2022-03-14 11:30:00,1980,1980,1980,1980,0
2022-03-14 11:31:00,1980,1980,1980,1980,0
2022-03-14 11:32:00,1980,1980,1980,1980,0
2022-03-14 11:33:00,1980,1980,1980,1980,0
2022-03-14 11:34:00,1980,1980,1980,1980,0
2022-03-14 11:35:00,1980,1980,1980,1980,0
2022-03-14 11:36:00,1980,1980,1980,1980,0
2022-03-14 11:37:00,1980,1980,1980,1980,0
2022-03-14 11:38:00,1980,1980,1980,1980,0
2022-03-14 11:39:00,1980,1980,1980,1980,0
2022-03-14 11:40:00,1980,1980,1980,1980,0
2022-03-14 11:41:00,1980,1980,1980,1980,0
2022-03-14 11:42:00,1980,1980,1980,1980,0
2022-03-14 11:43:00,1980,1980,1980,1980,0
2022-03-14 11:44:00,1980,1980,1980,1980,0
2022-03-14 11:45:00,1980,1980,1980,1980,0
2022-03-14 11:46:00,1980,1980,1980,1980,0
2022-03-14 11:47:00,1980,1980,1980,1980,0
2022-03-14 11:48:00,1980,1980,1980,1980,0
2022-03-14 11:49:00,1980,1980,1980,1980,0
2022-03-14 11:50:00,1980,1980,1980,1980,0
2022-03-14 11:51:00,1980,1980,1980,1980,0
2022-03-14 11:52:00,1980,1980,1980,1980,0
2022-03-14 11:53:00,1980,1980,1980,1980,0
2022-03-14 11:54:00,1980,1980,1980,1980,0
2022-03-14 11:55:00,1980,1980,1980,1980,0
2022-03-14 11:56:00,1980,1980,1980,1980,0
2022-03-14 11:57:00,1980,1980,1980,1980,0
2022-03-14 11:58:00,1980,1980,1980,1980,0
2022-03-14 11:59:00,1980,1980,1980,1980,0
2022-03-14 12:00:00,1980,1980,1980,1980,0
2022-03-14 12:01:00,1980,1980,1980,1980,0
2022-03-14 12:02:00,1980,1980,1980,1980,0
2022-03-14 12:03:00,1980,1980,1980,1980,0
2022-03-14 12:04:00,1980,1980,1980,1980,0
2022-03-14 12:05:00,1980,1980,1980,1980,0
2022-03-14 12:06:00,1980,1980,1980,1980,0
2022-03-14 12:07:00,1980,1980,1980,1980,0
2022-03-14 12:08:00,1980,1980,1980,1980,0
2022-03-14 12:09:00,1980,1980,1980,1980,0
2022-03-14 12:10:00,1980,1980,1980,1980,0
2022-03-14 12:11:00,1980,1980,1980,1980,0
2022-03-14 12:12:00,1980,1980,1980,1980,0
2022-03-14 12:13:00,1980,1980,1980,1980,0
2022-03-14 12:14:00,1980,1980,1980,1980,0
2022-03-14 12:15:00,1980,1980,1980,1980,0
2022-03-14 12:16:00,1980,1980,1980,1980,0
2022-03-14 12:17:00,1980,1980,1980,1980,0
2022-03-14 12:18:00,1980,1980,1980,1980,0
2022-03-14 12:19:00,1980,1980,1980,1980,0
2022-03-14 12:20:00,1980,1980,1980,1980,0
2022-03-14 12:21:00,1980,1980,1980,1980,0
2022-03-14 12:22:00,1980,1980,1980,1980,0
2022-03-14 12:23:00,1980,1980,1980,1980,0
2022-03-14 12:24:00,1980,1980,1980,1980,0
2022-03-14 12:25:00,1980,1980,1980,1980,0
2022-03-14 12:26:00,1980,1980,1980,1980,0
2022-03-14 12:27:00,1980,1980,1980,1980,0
2022-03-14 12:28:00,1980,1980,1980,1980,0
2022-03-14 12:29:00,1980,1980,1980,1980,0
2022-03-14 12:30:00,1980,1980,1980,1980,0
2022-03-14 12:31:00,1980,1980,1980,1980,0
2022-03-14 12:32:00,1980,1980,1980,1980,0
2022-03-14 12:33:00,1980,1980,1980,1980,0
2022-03-14 12:34:00,1980,1980,1980,1980,0
2022-03-14 12:35:00,1980,1980,1980,1980,0
2022-03-14 12:36:00,1980,1980,1980,1980,0
2022-03-14 12:37:00,1980,1980,1980,1980,0
2022-03-14 12:38:00,1980,1980,1980,1980,0
2022-03-14 12:39:00,1980,1980,1980,1980,0
2022-03-14 12:40:00,1980,1980,1980,1980,0
2022-03-14 12:41:00,1980,1980,1980,1980,0
2022-03-14 12:42:00,1980,1980,1980,1980,0
2022-03-14 12:43:00,1980,1980,1980,1980,0
2022-03-14 12:44:00,1980,1980,1980,1980,0
2022-03-14 12:45:00,1980,1980,1980,1980,0
2022-03-14 12:46:00,1980,1980,1980,1980,0
2022-03-14 12:47:00,1980,1980,1980,1980,0
2022-03-14 12:48:00,1980,1980,1980,1980,0
2022-03-14 12:49:00,1980,1980,1980,1980,0
2022-03-14 12:50:00,1980,1980,1980,1980,0
2022-03-14 12:51:00,1980,1980,1980,1980,0
2022-03-14 12:52:00,1980,1980,1980,1980,0
2022-03-14 12:53:00,1980,1980,1980,1980,0
2022-03-14 12:54:00,1980,1980,1980,1980,0
2022-03-14 12:55:00,1980,1980,1980,1980,0
2022-03-14 12:56:00,1980,1980,1980,1980,0
2022-03-14 12:57:00,1980,1980,1980,1980,0
2022-03-14 12:58:00,1980,1980,1980,1980,0
2022-03-14 12:59:00,1980,1980,1980,1980,0
2022-03-14 13:00:00,1980,1980,1980,1980,0
2022-03-14 13:01:00,1980,1980,1980,1980,0
2022-03-14 13:02:00,1980,1980,1980,1980,0
2022-03-14 13:03:00,1980,1980,1980,1980,0
2022-03-14 13:04:00,1980,1980,1980,1980,0
2022-03-14 13:05:00,1980,1980,1980,1980,0
2022-03-14 13:06:00,1980,1980,1980,1980,0
2022-03-14 13:07:00,1980,1980,1980,1980,0
2022-03-14 13:08:00,1980,1980,1980,1980,0
2022-03-14 13:09:00,1980,1980,1980,1980,0
2022-03-14 13:10:00,1980,1980,1980,1980,0
2022-03-14 13:11:00,1980,1980,1980,1980,0
2022-03-14 13:12:00,1980,1980,1980,1980,0
2022-03-14 13:13:00,1980,1980,1980,1980,0
2022-03-14 13:14:00,1980,1980,1980,1980,0
2022-03-14 13:15:00,1980,1980,1980,1980,0
2022-03-14 13:16:00,1980,1980,1980,1980,0
2022-03-14 13:17:00,1980,1980,1980,1980,0
2022-03-14 13:18:00,1980,1980,1980,1980,0
2022-03-14 13:19:00,1980,1980,1980,1980,0
2022-03-14 13:20:00,1980,1980,1980,1980,0
2022-03-14 13:21:00,1980,1980,1980,1980,0
2022-03-14 13:22:00,1980,1980,1980,1980,0
2022-03-14 13:23:00,1980,1980,1980,1980,0
2022-03-14 13:24:00,1980,1980,1980,1980,0
2022-03-14 13:25:00,1980,1980,1980,1980,0
2022-03-14 13:26:00,1980,1980,1980,1980,0
2022-03-14 13:27:00,1980,1980,1980,1980,0
2022-03-14 13:28:00,1980,1980,1980,1980,0
2022-03-14 13:29:00,1980,1980,1980,1980,0
2022-03-14 13:30:00,1980,1980,1980,1980,0
2022-03-14 13:31:00,1980,1980,1980,1980,0
2022-03-14 13:32:00,1980,1980,1980,1980,0
2022-03-14 13:33:00,1980,1980,1980,1980,0
2022-03-14 13:34:00,1980,1980,1980,1980,0
2022-03-14 13:35:00,1980,1980,1980,1980,0
2022-03-14 13:36:00,1980,1980,1980,1980,0
2022-03-14 13:37:00,1980,1980,1980,1980,0
2022-03-14 13:38:00,1980,1980,1980,1980,0
2022-03-14 13:39:00,1980,1980,1980,1980,0
2022-03-14 13:40:00,1980,1980,1980,1980,0
2022-03-14 13:41:00,1980,1980,1980,1980,0
2022-03-14 13:42:00,1980,1980,1980,1980,0
2022-03-14 13:43:00,1980,1980,1980,1980,0
2022-03-14 13:44:00,1980,1980,1980,1980,0
2022-03-14 13:45:00,1980,1980,1980,1980,0
2022-03-14 13:46:00,1980,1980,1980,1980,0
2022-03-14 13:47:00,1980,1980,1980,1980,0
2022-03-14 13:48:00,1980,1980,1980,1980,0
2022-03-14 13:49:00,1980,1980,1980,1980,0
2022-03-14 13:50:00,1980,1980,1980,1980,0
2022-03-14 13:51:00,1980,1980,1980,1980,0
2022-03-14 13:52:00,1980,1980,1980,1980,0
2022-03-14 13:53:00,1980,1980,1980,1980,0
2022-03-14 13:54:00,1980,1980,1980,1980,0
2022-03-14 13:55:00,1980,1980,1980,1980,0
2022-03-14 13:56:00,1980,1980,1980,1980,0
2022-03-14 13:57:00,1980,1980,1980,1980,0
2022-03-14 13:58:00,1980,1980,1980,1980,0
2022-03-14 13:59:00,1980,1980,1980,1980,0
2022-03-14 14:00:00,1980,1980,1980,1980,0
2022-03-14 14:01:00,1980,1980,1980,1980,0
2022-03-14 14:02:00,1980,1980,1980,1980,0
2022-03-14 14:03:00,1980,1980,1980,1980,0
2022-03-14 14:04:00,1980,1980,1980,1980,0
2022-03-14 14:05:00,1980,1980,1980,1980,0
2022-03-14 14:06:00,1980,1980,1980,1980,0
2022-03-14 14:07:00,1980,1980,1980,1980,0
2022-03-14 14:08:00,1980,1980,1980,1980,0
2022-03-14 14:09:00,1980,1980,1980,1980,0
2022-03-14 14:10:00,1980,1980,1980,1980,0
2022-03-14 14:11:00,1980,1980,1980,1980,0
2022-03-14 14:12:00,1980,1980,1980,1980,0
2022-03-14 14:13:00,1980,1980,1980,1980,0
2022-03-14 14:14:00,1980,1980,1980,1980,0
2022-03-14 14:15:00,1980,1980,1980,1980,0
2022-03-14 14:16:00,1980,1980,1980,1980,0
2022-03-14 14:17:00,1980,1980,1980,1980,0
2022-03-14 14:18:00,1980,1980,1980,1980,0
2022-03-14 14:19:00,1980,1980,1980,1980,0
2022-03-14 14:20:00,1980,1980,1980,1980,0
2022-03-14 14:21:00,1980,1980,1980,1980,0
2022-03-14 14:22:00,1980,1980,1980,1980,0
2022-03-14 14:23:00,1980,1980,1980,1980,0
2022-03-14 14:24:00,1980,1980,1980,1980,0
2022-03-14 14:25:00,1980,1980,1980,1980,0
2022-03-14 14:26:00,1980,1980,1980,1980,0
2022-03-14 14:27:00,1980,1980,1980,1980,0
2022-03-14 14:28:00,1980,1980,1980,1980,0
2022-03-14 14:29:00,1980,1980,1980,1980,0
2022-03-14 14:30:00,1980,1980,1980,1980,0
2022-03-14 14:31:00,1980,1980,1980,1980,0
2022-03-14 14:32:00,1980,1980,1980,1980,0
2022-03-14 14:33:00,1980,1980,1980,1980,0
2022-03-14 14:34:00,1980,1980,1980,1980,0
2022-03-14 14:35:00,1980,1980,1980,1980,0
2022-03-14 14:36:00,1980,1980,1980,1980,0
2022-03-14 14:37:00,1980,1980,1980,1980,0
2022-03-14 14:38:00,1980,1980,1980,1980,0
2022-03-14 14:39:00,1980,1980,1980,1980,0
2022-03-14 14:40:00,1980,1980,1980,1980,0
2022-03-14 14:41:00,1980,1980,1980,1980,0
2022-03-14 14:42:00,1980,1980,1980,1980,0
2022-03-14 14:43:00,1980,1980,1980,1980,0
2022-03-14 14:44:00,1980,1980,1980,1980,0
2022-03-14 14:45:00,1980,1980,1980,1980,0
2022-03-14 14:46:00,1980,1980,1980,1980,0
2022-03-14 14:47:00,1980,1980,1980,1980,0
2022-03-14 14:48:00,1980,1980,1980,1980,0
2022-03-14 14:49:00,1980,1980,1980,1980,0
2022-03-14 14:50:00,1980,1980,1980,1980,0
2022-03-14 14:51:00,1980,1980,1980,1980,0
2022-03-14 14:52:00,1980,1980,1980,1980,0
2022-03-14 14:53:00,1980,1980,1980,1980,0
2022-03-14 14:54:00,1980,1980,1980,1980,0
2022-03-14 14:55:00,1980,1980,1980,1980,0
2022-03-14 14:56:00,1980,1980,1980,1980,0
2022-03-14 14:57:00,1980,1980,1980,1980,0
2022-03-14 14:58:00,1980,1980,1980,1980,0
2022-03-14 14:59:00,1980,1980,1980,1980,0
2022-03-14 15:00:00,1980,1980,1980,1980,0
2022-03-14 15:01:00,1980,1980,1980,1980,0
2022-03-14 15:02:00,1980,1980,1980,1980,0
2022-03-14 15:03:00,1980,1980,1980,1980,0
2022-03-14 15:04:00,1980,1980,1980,1980,0
2022-03-14 15:05:00,1980,1980,1980,1980,0
2022-03-14 15:06:00,1980,1980,1980,1980,0
2022-03-14 15:07:00,1980,1980,1980,1980,0
2022-03-14 15:08:00,1980,1980,1980,1980,0
2022-03-14 15:09:00,1980,1980,1980,1980,0
2022-03-14 15:10:00,1980,1980,1980,1980,0
2022-03-14 15:11:00,1980,1980,1980,1980,0
2022-03-14 15:12:00,1980,1980,1980,1980,0
2022-03-14 15:13:00,1980,1980,1980,1980,0
2022-03-14 15:14:00,1980,1980,1980,1980,0
2022-03-14 15:15:00,1980,1980,1980,1980,0
2022-03-14 15:16:00,1980,1980,1980,1980,0
2022-03-14 15:17:00,1980,1980,1980,1980,0
2022-03-14 15:18:00,1980,1980,1980,1980,0
2022-03-14 15:19:00,1980,1980,1980,1980,0
2022-03-14 15:20:00,1980,1980,1980,1980,0
2022-03-14 15:21:00,1980,1980,1980,1980,0
2022-03-14 15:22:00,1980,1980,1980,1980,0
2022-03-14 15:23:00,1980,1980,1980,1980,0
2022-03-14 15:24:00,1980,1980,1980,1980,0
2022-03-14 15:25:00,1980,1980,1980,1980,0
2022-03-14 15:26:00,1980,1980,1980,1980,0
2022-03-14 15:27:00,1980,1980,1980,1980,0
2022-03-14 15:28:00,1980,1980,1980,1980,0
2022-03-14 15:29:00,1980,1980,1980,1980,0
2022-03-14 15:30:00,1980,1980,1980,1980,0
2022-03-14 15:31:00,1980,1980,1980,1980,0
2022-03-14 15:32:00,1980,1980,1980,1980,0
2022-03-14 15:33:00,1980,1980,1980,1980,0
2022-03-14 15:34:00,1980,1980,1980,1980,0
2022-03-14 15:35:00,1980,1980,1980,1980,0
2022-03-14 15:36:00,1980,1980,1980,1980,0
2022-03-14 15:37:00,1980,1980,1980,1980,0
2022-03-14 15:38:00,1980,1980,1980,1980,0
2022-03-14 15:39:00,1980,1980,1980,1980,0
2022-03-14 15:40:00,1980,1980,1980,1980,0
2022-03-14 15:41:00,1980,1980,1980,1980,0
2022-03-14 15:42:00,1980,1980,1980,1980,0
2022-03-14 15:43:00,1980,1980,1980,1980,0
2022-03-14 15:44:00,1980,1980,1980,1980,0
2022-03-14 15:45:00,1980,1980,1980,1980,0
2022-03-14 15:46:00,1980,1980,1980,1980,0
2022-03-14 15:47:00,1980,1980,1980,1980,0
2022-03-14 15:48:00,1980,1980,1980,1980,0
2022-03-14 15:49:00,1980,1980,1980,1980,0
2022-03-14 15:50:00,1980,1980,1980,1980,0
2022-03-14 15:51:00,1980,1980,1980,1980,0
2022-03-14 15:52:00,1980,1980,1980,1980,0
2022-03-14 15:53:00,1980,1980,1980,1980,0
2022-03-14 15:54:00,1980,1980,1980,1980,0
2022-03-14 15:55:00,1980,1980,1980,1980,0
2022-03-14 15:56:00,1980,1980,1980,1980,0
2022-03-14 15:57:00,1980,1980,1980,1980,0
2022-03-14 15:58:00,1980,1980,1980,1980,0
2022-03-14 15:59:00,1980,1980,1980,1980,0
2022-03-15 09:00:00,1980,1980,1980,1980,0
2022-03-15 09:01:00,1980,1980,1980,1980,0
2022-03-15 09:02:00,1980,1980,1980,1980,0
2022-03-15 09:03:00,1980,1980,1980,1980,0
2022-03-15 09:04:00,1980,1980,1980,1980,0
2022-03-15 09:05:00,1980,1980,1980,1980,0
2022-03-15 09:06:00,1980,1980,1980,1980,0
2022-03-15 09:07:00,1980,1980,1980,1980,0
2022-03-15 09:08:00,1980,1980,1980,1980,0
2022-03-15 09:09:00,1980,1980,1980,1980,0
2022-03-15 09:10:00,1980,1980,1980,1980,0
2022-03-15 09:11:00,1980,1980,1980,1980,0
2022-03-15 09:12:00,1980,1980,1980,1980,0
2022-03-15 09:13:00,1980,1980,1980,1980,0
2022-03-15 09:14:00,1980,1980,1980,1980,0
2022-03-15 09:15:00,1980,1980,1980,1980,0
2022-03-15 09:16:00,1980,1980,1980,1980,0
2022-03-15 09:17:00,1980,1980,1980,1980,0
2022-03-15 09:18:00,1980,1980,1980,1980,0
2022-03-15 09:19:00,1980,1980,1980,1980,0
2022-03-15 09:20:00,1980,1980,1980,1980,0
2022-03-15 09:21:00,1980,1980,1980,1980,0
2022-03-15 09:22:00,1980,1980,1980,1980,0
2022-03-15 09:23:00,1980,1980,1980,1980,0
2022-03-15 09:24:00,1980,1980,1980,1980,0
2022-03-15 09:25:00,1980,1980,1980,1980,0
2022-03-15 09:26:00,1980,1980,1980,1980,0
2022-03-15 09:27:00,1980,1980,1980,1980,0
2022-03-15 09:28:00,1980,1980,1980,1980,0
2022-03-15 09:29:00,1980,1980,1980,1980,0
2022-03-15 09:30:00,1980,1980,1980,1980,0
2022-03-15 09:31:00,1980,1980,1980,1980,0
2022-03-15 09:32:00,1980,1980,1980,1980,0
2022-03-15 09:33:00,1980,1980,1980,1980,0
2022-03-15 09:34:00,1980,1980,1980,1980,0
2022-03-15 09:35:00,1980,1980,1980,1980,0
2022-03-15 09:36:00,1980,1980,1980,1980,0
2022-03-15 09:37:00,1980,1980,1980,1980,0
2022-03-15 09:38:00,1980,1980,1980,1980,0
2022-03-15 09:39:00,1980,1980,1980,1980,0
2022-03-15 09:40:00,1980,1980,1980,1980,0
2022-03-15 09:41:00,1980,1980,1980,1980,0
2022-03-15 09:42:00,1980,1980,1980,1980,0
2022-03-15 09:43:00,1980,1980,1980,1980,0
2022-03-15 09:44:00,1980,1980,1980,1980,0
2022-03-15 09:45:00,1980,1980,1980,1980,0
2022-03-15 09:46:00,1980,1980,1980,1980,0
2022-03-15 09:47:00,1980,1980,1980,1980,0
2022-03-15 09:48:00,1980,1980,1980,1980,0
2022-03-15 09:49:00,1980,1980,1980,1980,0
2022-03-15 09:50:00,1980,1980,1980,1980,0
2022-03-15 09:51:00,1980,1980,1980,1980,0
2022-03-15 09:52:00,1980,1980,1980,1980,0
2022-03-15 09:53:00,1980,1980,1980,1980,0
2022-03-15 09:54:00,1980,1980,1980,1980,0
2022-03-15 09:55:00,1980,1980,1980,1980,0
2022-03-15 09:56:00,1980,1980,1980,1980,0
2022-03-15 09:57:00,1980,1980,1980,1980,0
2022-03-15 09:58:00,1980,1980,1980,1980,0
2022-03-15 09:59:00,1980,1980,1980,1980,0
2022-03-15 10:00:00,1980,1980,1980,1980,0
2022-03-15 10:01:00,1980,1980,1980,1980,0
2022-03-15 10:02:00,1980,1980,1980,1980,0
2022-03-15 10:03:00,1980,1980,1980,1980,0
2022-03-15 10:04:00,1980,1980,1980,1980,0
2022-03-15 10:05:00,1980,1980,1980,1980,0
2022-03-15 10:06:00,1980,1980,1980,1980,0
2022-03-15 10:07:00,1980,1980,1980,1980,0
2022-03-15 10:08:00,1980,1980,1980,1980,0
2022-03-15 10:09:00,1980,1980,1980,1980,0
2022-03-15 10:10:00,1980,1980,1980,1980,0
2022-03-15 10:11:00,1980,1980,1980,1980,0
2022-03-15 10:12:00,1980,1980,1980,1980,0
2022-03-15 10:13:00,1980,1980,1980,1980,0
2022-03-15 10:14:00,1980,1980,1980,1980,0
2022-03-15 10:15:00,1980,1980,1980,1980,0
2022-03-15 10:16:00,1980,1980,1980,1980,0
2022-03-15 10:17:00,1980,1980,1980,1980,0
2022-03-15 10:18:00,1980,1980,1980,1980,0
2022-03-15 10:19:00,1980,1980,1980,1980,0
2022-03-15 10:20:00,1980,1980,1980,1980,0
2022-03-15 10:21:00,1980,1980,1980,1980,0
2022-03-15 10:22:00,1980,1980,1980,1980,0
2022-03-15 10:23:00,1980,1980,1980,1980,0
2022-03-15 10:24:00,1980,1980,1980,1980,0
2022-03-15 10:25:00,1980,1980,1980,1980,0
2022-03-15 10:26:00,1980,1980,1980,1980,0
2022-03-15 10:27:00,1980,1980,1980,1980,0
2022-03-15 10:28:00,1980,1980,1980,1980,0
2022-03-15 10:29:00,1980,1980,1980,1980,0
2022-03-15 10:30:00,1980,1980,1980,1980,0
2022-03-15 10:31:00,1980,1980,1980,1980,0
2022-03-15 10:32:00,1980,1980,1980,1980,0
2022-03-15 10:33:00,1980,1980,1980,1980,0
2022-03-15 10:34:00,1980,1980,1980,1980,0
2022-03-15 10:35:00,1980,1980,1980,1980,0
2022-03-15 10:36:00,1980,1980,1980,1980,0
2022-03-15 10:37:00,1980,1980,1980,1980,0
2022-03-15 10:38:00,1980,1980,1980,1980,0
2022-03-15 10:39:00,1980,1980,1980,1980,0
2022-03-15 10:40:00,1980,1980,1980,1980,0
2022-03-15 10:41:00,1980,1980,1980,1980,0
2022-03-15 10:42:00,1980,1980,1980,1980,0
2022-03-15 10:43:00,1980,1980,1980,1980,0
2022-03-15 10:44:00,1980,1980,1980,1980,0
2022-03-15 10:45:00,1980,1980,1980,1980,0
2022-03-15 10:46:00,1980,1980,1980,1980,0
2022-03-15 10:47:00,1980,1980,1980,1980,0
2022-03-15 10:48:00,1980,1980,1980,1980,0
2022-03-15 10:49:00,1980,1980,1980,1980,0
2022-03-15 10:50:00,1980,1980,1980,1980,0
2022-03-15 10:51:00,1980,1980,1980,1980,0
2022-03-15 10:52:00,1980,1980,1980,1980,0
2022-03-15 10:53:00,1980,1980,1980,1980,0
2022-03-15 10:54:00,1980,1980,1980,1980,0
2022-03-15 10:55:00,1980,1980,1980,1980,0
2022-03-15 10:56:00,1980,1980,1980,1980,0
2022-03-15 10:57:00,1980,1980,1980,1980,0
2022-03-15 10:58:00,1980,1980,1980,1980,0
2022-03-15 10:59:00,1980,1980,1980,1980,0
2022-03-15 11:00:00,1980,1980,1980,1980,0
2022-03-15 11:01:00,1980,1980,1980,1980,0
2022-03-15 11:02:00,1980,1980,1980,1980,0
2022-03-15 11:03:00,1980,1980,1980,1980,0
2022-03-15 11:04:00,1980,1980,1980,1980,0
2022-03-15 11:05:00,1980,1980,1980,1980,0
2022-03-15 11:06:00,1980,1980,1980,1980,0
2022-03-15 11:07:00,1980,1980,1980,1980,0
2022-03-15 11:08:00,1980,1980,1980,1980,0
2022-03-15 11:09:00,1980,1980,1980,1980,0
2022-03-15 11:10:00,1980,1980,1980,1980,0
2022-03-15 11:11:00,1980,1980,1980,1980,0
2022-03-15 11:12:00,1980,1980,1980,1980,0
2022-03-15 11:13:00,1980,1980,1980,1980,0
2022-03-15 11:14:00,1980,1980,1980,1980,0
2022-03-15 11:15:00,1980,1980,1980,1980,0
2022-03-15 11:16:00,1980,1980,1980,1980,0
2022-03-15 11:17:00,1980,1980,1980,1980,0
2022-03-15 11:18:00,1980,1980,1980,1980,0
2022-03-15 11:19:00,1980,1980,1980,1980,0
2022-03-15 11:20:00,1980,1980,1980,1980,0
2022-03-15 11:21:00,1980,1980,1980,1980,0
2022-03-15 11:22:00,1980,1980,1980,1980,0
2022-03-15 11:23:00,1980,1980,1980,1980,0
2022-03-15 11:24:00,1980,1980,1980,1980,0
2022-03-15 11:25:00,1980,1980,1980,1980,0
2022-03-15 11:26:00,1980,1980,1980,1980,0
2022-03-15 11:27:00,1980,1980,1980,1980,0
2022-03-15 11:28:00,1980,1980,1980,1980,0
2022-03-15 11:29:00,1980,1980,1980,1980,0
2022-03-15 11:30:00,1980,1980,1980,1980,0
2022-03-15 11:31:00,1980,1980,1980,1980,0
2022-03-15 11:32:00,1980,1980,1980,1980,0
2022-03-15 11:33:00,1980,1980,1980,1980,0
2022-03-15 11:34:00,1980,1980,1980,1980,0
2022-03-15 11:35:00,1980,1980,1980,1980,0
2022-03-15 11:36:00,1980,1980,1980,1980,0
2022-03-15 11:37:00,1980,1980,1980,1980,0
2022-03-15 11:38:00,1980,1980,1980,1980,0
2022-03-15 11:39:00,1980,1980,1980,1980,0
2022-03-15 11:40:00,1980,1980,1980,1980,0
2022-03-15 11:41:00,1980,1980,1980,1980,0
2022-03-15 11:42:00,1980,1980,1980,1980,0
2022-03-15 11:43:00,1980,1980,1980,1980,0
2022-03-15 11:44:00,1980,1980,1980,1980,0
2022-03-15 11:45:00,1980,1980,1980,1980,0
2022-03-15 11:46:00,1980,1980,1980,1980,0
2022-03-15 11:47:00,1980,1980,1980,1980,0
2022-03-15 11:48:00,1980,1980,1980,1980,0
2022-03-15 11:49:00,1980,1980,1980,1980,0
2022-03-15 11:50:00,1980,1980,1980,1980,0
2022-03-15 11:51:00,1980,1980,1980,1980,0
2022-03-15 11:52:00,1980,1980,1980,1980,0
2022-03-15 11:53:00,1980,1980,1980,1980,0
2022-03-15 11:54:00,1980,1980,1980,1980,0
2022-03-15 11:55:00,1980,1980,1980,1980,0
2022-03-15 11:56:00,1980,1980,1980,1980,0
2022-03-15 11:57:00,1980,1980,1980,1980,0
2022-03-15 11:58:00,1980,1980,1980,1980,0
2022-03-15 11:59:00,1980,1980,1980,1980,0
2022-03-15 12:00:00,1980,1980,1980,1980,0
2022-03-15 12:01:00,1980,1980,1980,1980,0
2022-03-15 12:02:00,1980,1980,1980,1980,0
2022-03-15 12:03:00,1980,1980,1980,1980,0
2022-03-15 12:04:00,1980,1980,1980,1980,0
2022-03-15 12:05:00,1980,1980,1980,1980,0
2022-03-15 12:06:00,1980,1980,1980,1980,0
2022-03-15 12:07:00,1980,1980,1980,1980,0
2022-03-15 12:08:00,1980,1980,1980,1980,0
2022-03-15 12:09:00,1980,1980,1980,1980,0
2022-03-15 12:10:00,1980,1980,1980,1980,0
2022-03-15 12:11:00,1980,1980,1980,1980,0
2022-03-15 12:12:00,1980,1980,1980,1980,0
2022-03-15 12:13:00,1980,1980,1980,1980,0
2022-03-15 12:14:00,1980,1980,1980,1980,0
2022-03-15 12:15:00,1980,1980,1980,1980,0
2022-03-15 12:16:00,1980,1980,1980,1980,0
2022-03-15 12:17:00,1980,1980,1980,1980,0
2022-03-15 12:18:00,1980,1980,1980,1980,0
2022-03-15 12:19:00,1980,1980,1980,1980,0
2022-03-15 12:20:00,1980,1980,1980,1980,0
2022-03-15 12:21:00,1980,1980,1980,1980,0
2022-03-15 12:22:00,1980,1980,1980,1980,0
2022-03-15 12:23:00,1980,1980,1980,1980,0
2022-03-15 12:24:00,1980,1980,1980,1980,0
2022-03-15 12:25:00,1980,1980,1980,1980,0
2022-03-15 12:26:00,1980,1980,1980,1980,0
2022-03-15 12:27:00,1980,1980,1980,1980,0
2022-03-15 12:28:00,1980,1980,1980,1980,0
2022-03-15 12:29:00,1980,1980,1980,1980,0
2022-03-15 12:30:00,1980,1980,1980,1980,0
2022-03-15 12:31:00,1980,1980,1980,1980,0
2022-03-15 12:32:00,1980,1980,1980,1980,0
2022-03-15 12:33:00,1980,1980,1980,1980,0
2022-03-15 12:34:00,1980,1980,1980,1980,0
2022-03-15 12:35:00,1980,1980,1980,1980,0
2022-03-15 12:36:00,1980,1980,1980,1980,0
2022-03-15 12:37:00,1980,1980,1980,1980,0
2022-03-15 12:38:00,1980,1980,1980,1980,0
2022-03-15 12:39:00,1980,1980,1980,1980,0
2022-03-15 12:40:00,1980,1980,1980,1980,0
2022-03-15 12:41:00,1980,1980,1980,1980,0
2022-03-15 12:42:00,1980,1980,1980,1980,0
2022-03-15 12:43:00,1980,1980,1980,1980,0
2022-03-15 12:44:00,1980,1980,1980,1980,0
2022-03-15 12:45:00,1980,1980,1980,1980,0
2022-03-15 12:46:00,1980,1980,1980,1980,0
2022-03-15 12:47:00,1980,1980,1980,1980,0
2022-03-15 12:48:00,1980,1980,1980,1980,0
2022-03-15 12:49:00,1980,1980,1980,1980,0
2022-03-15 12:50:00,1980,1980,1980,1980,0
2022-03-15 12:51:00,1980,1980,1980,1980,0
2022-03-15 12:52:00,1980,1980,1980,1980,0
2022-03-15 12:53:00,1980,1980,1980,1980,0
2022-03-15 12:54:00,1980,1980,1980,1980,0
2022-03-15 12:55:00,1980,1980,1980,1980,0
2022-03-15 12:56:00,1980,1980,1980,1980,0
2022-03-15 12:57:00,1980,1980,1980,1980,0
2022-03-15 12:58:00,1980,1980,1980,1980,0
2022-03-15 12:59:00,1980,1980,1980,1980,0
2022-03-15 13:00:00,1980,1980,1980,1980,0
2022-03-15 13:01:00,1980,1980,1980,1980,0
2022-03-15 13:02:00,1980,1980,1980,1980,0
2022-03-15 13:03:00,1980,1980,1980,1980,0
2022-03-15 13:04:00,1980,1980,1980,1980,0
2022-03-15 13:05:00,1980,1980,1980,1980,0
2022-03-15 13:06:00,1980,1980,1980,1980,0
2022-03-15 13:07:00,1980,1980,1980,1980,0
2022-03-15 13:08:00,1980,1980,1980,1980,0
2022-03-15 13:09:00,1980,1980,1980,1980,0
2022-03-15 13:10:00,1980,1980,1980,1980,0
2022-03-15 13:11:00,1980,1980,1980,1980,0
2022-03-15 13:12:00,1980,1980,1980,1980,0
2022-03-15 13:13:00,1980,1980,1980,1980,0
2022-03-15 13:14:00,1980,1980,1980,1980,0
2022-03-15 13:15:00,1980,1980,1980,1980,0
2022-03-15 13:16:00,1980,1980,1980,1980,0
2022-03-15 13:17:00,1980,1980,1980,1980,0
2022-03-15 13:18:00,1980,1980,1980,1980,0
2022-03-15 13:19:00,1980,1980,1980,1980,0
2022-03-15 13:20:00,1980,1980,1980,1980,0
2022-03-15 13:21:00,1980,1980,1980,1980,0
2022-03-15 13:22:00,1980,1980,1980,1980,0
2022-03-15 13:23:00,1980,1980,1980,1980,0
2022-03-15 13:24:00,1980,1980,1980,1980,0
2022-03-15 13:25:00,1980,1980,1980,1980,0
2022-03-15 13:26:00,1980,1980,1980,1980,0
2022-03-15 13:27:00,1980,1980,1980,1980,0
2022-03-15 13:28:00,1980,1980,1980,1980,0
2022-03-15 13:29:00,1980,1980,1980,1980,0
2022-03-15 13:30:00,1980,1980,1980,1980,0
2022-03-15 13:31:00,1980,1980,1980,1980,0
2022-03-15 13:32:00,1980,1980,1980,1980,0
2022-03-15 13:33:00,1980,1980,1980,1980,0
2022-03-15 13:34:00,1980,1980,1980,1980,0
2022-03-15 13:35:00,1980,1980,1980,1980,0
2022-03-15 13:36:00,1980,1980,1980,1980,0
2022-03-15 13:37:00,1980,1980,1980,1980,0
2022-03-15 13:38:00,1980,1980,1980,1980,0
2022-03-15 13:39:00,1980,1980,1980,1980,0
2022-03-15 13:40:00,1980,1980,1980,1980,0
2022-03-15 13:41:00,1980,1980,1980,1980,0
2022-03-15 13:42:00,1980,1980,1980,1980,0
2022-03-15 13:43:00,1980,1980,1980,1980,0
2022-03-15 13:44:00,1980,1980,1980,1980,0
2022-03-15 13:45:00,1980,1980,1980,1980,0
2022-03-15 13:46:00,1980,1980,1980,1980,0
2022-03-15 13:47:00,1980,1980,1980,1980,0
2022-03-15 13:48:00,1980,1980,1980,1980,0
2022-03-15 13:49:00,1980,1980,1980,1980,0
2022-03-15 13:50:00,1980,1980,1980,1980,0
2022-03-15 13:51:00,1980,1980,1980,1980,0
2022-03-15 13:52:00,1980,1980,1980,1980,0
2022-03-15 13:53:00,1980,1980,1980,1980,0
2022-03-15 13:54:00,1980,1980,1980,1980,0
2022-03-15 13:55:00,1980,1980,1980,1980,0
2022-03-15 13:56:00,1980,1980,1980,1980,0
2022-03-15 13:57:00,1980,1980,1980,1980,0
2022-03-15 13:58:00,1980,1980,1980,1980,0
2022-03-15 13:59:00,1980,1980,1980,1980,0
2022-03-15 14:00:00,1980,1980,1980,1980,0
2022-03-15 14:01:00,1980,1980,1980,1980,0
2022-03-15 14:02:00,1980,1980,1980,1980,0
2022-03-15 14:03:00,1980,1980,1980,1980,0
2022-03-15 14:04:00,1980,1980,1980,1980,0
2022-03-15 14:05:00,1980,1980,1980,1980,0
2022-03-15 14:06:00,1980,1980,1980,1980,0
2022-03-15 14:07:00,1980,1980,1980,1980,0
2022-03-15 14:08:00,1980,1980,1980,1980,0
2022-03-15 14:09:00,1980,1980,1980,1980,0
2022-03-15 14:10:00,1980,1980,1980,1980,0
2022-03-15 14:11:00,1980,1980,1980,1980,0
2022-03-15 14:12:00,1980,1980,1980,1980,0
2022-03-15 14:13:00,1980,1980,1980,1980,0
2022-03-15 14:14:00,1980,1980,1980,1980,0
2022-03-15 14:15:00,1980,1980,1980,1980,0
2022-03-15 14:16:00,1980,1980,1980,1980,0
2022-03-15 14:17:00,1980,1980,1980,1980,0
2022-03-15 14:18:00,1980,1980,1980,1980,0
2022-03-15 14:19:00,1980,1980,1980,1980,0
2022-03-15 14:20:00,1980,1980,1980,1980,0
2022-03-15 14:21:00,1980,1980,1980,1980,0
2022-03-15 14:22:00,1980,1980,1980,1980,0
2022-03-15 14:23:00,1980,1980,1980,1980,0
2022-03-15 14:24:00,1980,1980,1980,1980,0
2022-03-15 14:25:00,1980,1980,1980,1980,0
2022-03-15 14:26:00,1980,1980,1980,1980,0
2022-03-15 14:27:00,1980,1980,1980,1980,0
2022-03-15 14:28:00,1980,1980,1980,1980,0
2022-03-15 14:29:00,1980,1980,1980,1980,0
2022-03-15 14:30:00,1980,1980,1980,1980,0
2022-03-15 14:31:00,1980,1980,1980,1980,0
2022-03-15 14:32:00,1980,1980,1980,1980,0
2022-03-15 14:33:00,1980,1980,1980,1980,0
2022-03-15 14:34:00,1980,1980,1980,1980,0
2022-03-15 14:35:00,1980,1980,1980,1980,0
2022-03-15 14:36:00,1980,1980,1980,1980,0
2022-03-15 14:37:00,1980,1980,1980,1980,0
2022-03-15 14:38:00,1980,1980,1980,1980,0
2022-03-15 14:39:00,1980,1980,1980,1980,0
2022-03-15 14:40:00,1980,1980,1980,1980,0
2022-03-15 14:41:00,1980,1980,1980,1980,0
2022-03-15 14:42:00,1980,1980,1980,1980,0
2022-03-15 14:43:00,1980,1980,1980,1980,0
2022-03-15 14:44:00,1980,1980,1980,1980,0
2022-03-15 14:45:00,1980,1980,1980,1980,0
2022-03-15 14:46:00,1980,1980,1980,1980,0
2022-03-15 14:47:00,1980,1980,1980,1980,0
2022-03-15 14:48:00,1980,1980,1980,1980,0
2022-03-15 14:49:00,1980,1980,1980,1980,0
2022-03-15 14:50:00,1980,1980,1980,1980,0
2022-03-15 14:51:00,1980,1980,1980,1980,0
2022-03-15 14:52:00,1980,1980,1980,1980,0
2022-03-15 14:53:00,1980,1980,1980,1980,0
2022-03-15 14:54:00,1980,1980,1980,1980,0
2022-03-15 14:55:00,1980,1980,1980,1980,0
2022-03-15 14:56:00,1980,1980,1980,1980,0
2022-03-15 14:57:00,1980,1980,1980,1980,0
2022-03-15 14:58:00,1980,1980,1980,1980,0
2022-03-15 14:59:00,1980,1980,1980,1980,0
2022-03-15 15:00:00,1980,1980,1980,1980,0
2022-03-15 15:01:00,1980,1980,1980,1980,0
2022-03-15 15:02:00,1980,1980,1980,1980,0
2022-03-15 15:03:00,1980,1980,1980,1980,0
2022-03-15 15:04:00,1980,1980,1980,1980,0
2022-03-15 15:05:00,1980,1980,1980,1980,0
2022-03-15 15:06:00,1980,1980,1980,1980,0
2022-03-15 15:07:00,1980,1980,1980,1980,0
2022-03-15 15:08:00,1980,1980,1980,1980,0
2022-03-15 15:09:00,1980,1980,1980,1980,0
2022-03-15 15:10:00,1980,1980,1980,1980,0
2022-03-15 15:11:00,1980,1980,1980,1980,0
2022-03-15 15:12:00,1980,1980,1980,1980,0
2022-03-15 15:13:00,1980,1980,1980,1980,0
2022-03-15 15:14:00,1980,1980,1980,1980,0
2022-03-15 15:15:00,1980,1980,1980,1980,0
2022-03-15 15:16:00,1980,1980,1980,1980,0
2022-03-15 15:17:00,1980,1980,1980,1980,0
2022-03-15 15:18:00,1980,1980,1980,1980,0
2022-03-15 15:19:00,1980,1980,1980,1980,0
2022-03-15 15:20:00,1980,1980,1980,1980,0
2022-03-15 15:21:00,1980,1980,1980,1980,0
2022-03-15 15:22:00,1980,1980,1980,1980,0
2022-03-15 15:23:00,1980,1980,1980,1980,0
2022-03-15 15:24:00,1980,1980,1980,1980,0
2022-03-15 15:25:00,1980,1980,1980,1980,0
2022-03-15 15:26:00,1980,1980,1980,1980,0
2022-03-15 15:27:00,1980,1980,1980,1980,0
2022-03-15 15:28:00,1980,1980,1980,1980,0
2022-03-15 15:29:00,1980,1980,1980,1980,0
2022-03-15 15:30:00,1980,1980,1980,1980,0
2022-03-15 15:31:00,1980,1980,1980,1980,0
2022-03-15 15:32:00,1980,1980,1980,1980,0
2022-03-15 15:33:00,1980,1980,1980,1980,0
2022-03-15 15:34:00,1980,1980,1980,1980,0
2022-03-15 15:35:00,1980,1980,1980,1980,0
2022-03-15 15:36:00,1980,1980,1980,1980,0
2022-03-15 15:37:00,1980,1980,1980,1980,0
2022-03-15 15:38:00,1980,1980,1980,1980,0
2022-03-15 15:39:00,1980,1980,1980,1980,0
2022-03-15 15:40:00,1980,1980,1980,1980,0
2022-03-15 15:41:00,1980,1980,1980,1980,0
2022-03-15 15:42:00,1980,1980,1980,1980,0
2022-03-15 15:43:00,1980,1980,1980,1980,0
2022-03-15 15:44:00,1980,1980,1980,1980,0
2022-03-15 15:45:00,1980,1980,1980,1980,0
2022-03-15 15:46:00,1980,1980,1980,1980,0
2022-03-15 15:47:00,1980,1980,1980,1980,0
2022-03-15 15:48:00,1980,1980,1980,1980,0
2022-03-15 15:49:00,1980,1980,1980,1980,0
2022-03-15 15:50:00,1980,1980,1980,1980,0
2022-03-15 15:51:00,1980,1980,1980,1980,0
2022-03-15 15:52:00,1980,1980,1980,1980,0
2022-03-15 15:53:00,1980,1980,1980,1980,0
2022-03-15 15:54:00,1980,1980,1980,1980,0
2022-03-15 15:55:00,1980,1980,1980,1980,0
2022-03-15 15:56:00,1980,1980,1980,1980,0
2022-03-15 15:57:00,1980,1980,1980,1980,0
2022-03-15 15:58:00,1980,1980,1980,1980,0
2022-03-15 15:59:00,1980,1980,1980,1980,0
2022-03-16 09:00:00,1980,1980,1980,1980,0
2022-03-16 09:01:00,1980,1980,1980,1980,0
2022-03-16 09:02:00,1980,1980,1980,1980,0
2022-03-16 09:03:00,1980,1980,1980,1980,0
2022-03-16 09:04:00,1980,1980,1980,1980,0
2022-03-16 09:05:00,1980,1980,1980,1980,0
2022-03-16 09:06:00,1980,1980,1980,1980,0
2022-03-16 09:07:00,1980,1980,1980,1980,0
2022-03-16 09:08:00,1980,1980,1980,1980,0
2022-03-16 09:09:00,1980,1980,1980,1980,0
2022-03-16 09:10:00,1980,1980,1980,1980,0
2022-03-16 09:11:00,1980,1980,1980,1980,0
2022-03-16 09:12:00,1980,1980,1980,1980,0
2022-03-16 09:13:00,1980,1980,1980,1980,0
2022-03-16 09:14:00,1980,1980,1980,1980,0
2022-03-16 09:15:00,1980,1980,1980,1980,0
2022-03-16 09:16:00,1980,1980,1980,1980,0
2022-03-16 09:17:00,1980,1980,1980,1980,0
2022-03-16 09:18:00,1980,1980,1980,1980,0
2022-03-16 09:19:00,1980,1980,1980,1980,0
2022-03-16 09:20:00,1980,1980,1980,1980,0
2022-03-16 09:21:00,1980,1980,1980,1980,0
2022-03-16 09:22:00,1980,1980,1980,1980,0
2022-03-16 09:23:00,1980,1980,1980,1980,0
2022-03-16 09:24:00,1980,1980,1980,1980,0
2022-03-16 09:25:00,1980,1980,1980,1980,0
2022-03-16 09:26:00,1980,1980,1980,1980,0
2022-03-16 09:27:00,1980,1980,1980,1980,0
2022-03-16 09:28:00,1980,1980,1980,1980,0
2022-03-16 09:29:00,1980,1980,1980,1980,0
2022-03-16 09:30:00,1980,1980,1980,1980,0
2022-03-16 09:31:00,1980,1980,1980,1980,0
2022-03-16 09:32:00,1980,1980,1980,1980,0
2022-03-16 09:33:00,1980,1980,1980,1980,0
2022-03-16 09:34:00,1980,1980,1980,1980,0
2022-03-16 09:35:00,1980,1980,1980,1980,0
2022-03-16 09:36:00,1980,1980,1980,1980,0
2022-03-16 09:37:00,1980,1980,1980,1980,0
2022-03-16 09:38:00,1980,1980,1980,1980,0
2022-03-16 09:39:00,1980,1980,1980,1980,0
2022-03-16 09:40:00,1980,1980,1980,1980,0
2022-03-16 09:41:00,1980,1980,1980,1980,0
2022-03-16 09:42:00,1980,1980,1980,1980,0
2022-03-16 09:43:00,1980,1980,1980,1980,0
2022-03-16 09:44:00,1980,1980,1980,1980,0
2022-03-16 09:45:00,1980,1980,1980,1980,0
2022-03-16 09:46:00,1980,1980,1980,1980,0
2022-03-16 09:47:00,1980,1980,1980,1980,0
2022-03-16 09:48:00,1980,1980,1980,1980,0
2022-03-16 09:49:00,1980,1980,1980,1980,0
2022-03-16 09:50:00,1980,1980,1980,1980,0
2022-03-16 09:51:00,1980,1980,1980,1980,0
2022-03-16 09:52:00,1980,1980,1980,1980,0
2022-03-16 09:53:00,1980,1980,1980,1980,0
2022-03-16 09:54:00,1980,1980,1980,1980,0
2022-03-16 09:55:00,1980,1980,1980,1980,0
2022-03-16 09:56:00,1980,1980,1980,1980,0
2022-03-16 09:57:00,1980,1980,1980,1980,0
2022-03-16 09:58:00,1980,1980,1980,1980,0
2022-03-16 09:59:00,1980,1980,1980,1980,0
2022-03-16 10:00:00,1980,1980,1980,1980,0
2022-03-16 10:01:00,1980,1980,1980,1980,0
2022-03-16 10:02:00,1980,1980,1980,1980,0
2022-03-16 10:03:00,1980,1980,1980,1980,0
2022-03-16 10:04:00,1980,1980,1980,1980,0
2022-03-16 10:05:00,1980,1980,1980,1980,0
2022-03-16 10:06:00,1980,1980,1980,1980,0
2022-03-16 10:07:00,1980,1980,1980,1980,0
2022-03-16 10:08:00,1980,1980,1980,1980,0
2022-03-16 10:09:00,1980,1980,1980,1980,0
2022-03-16 10:10:00,1980,1980,1980,1980,0
2022-03-16 10:11:00,1980,1980,1980,1980,0
2022-03-16 10:12:00,1980,1980,1980,1980,0
2022-03-16 10:13:00,1980,1980,1980,1980,0
2022-03-16 10:14:00,1980,1980,1980,1980,0
2022-03-16 10:15:00,1980,1980,1980,1980,0
2022-03-16 10:16:00,1980,1980,1980,1980,0
2022-03-16 10:17:00,1980,1980,1980,1980,0
2022-03-16 10:18:00,1980,1980,1980,1980,0
2022-03-16 10:19:00,1980,1980,1980,1980,0
2022-03-16 10:20:00,1980,1980,1980,1980,0
2022-03-16 10:21:00,1980,1980,1980,1980,0
2022-03-16 10:22:00,1980,1980,1980,1980,0
2022-03-16 10:23:00,1980,1980,1980,1980,0
2022-03-16 10:24:00,1980,1980,1980,1980,0
2022-03-16 10:25:00,1980,1980,1980,1980,0
2022-03-16 10:26:00,1980,1980,1980,1980,0
2022-03-16 10:27:00,1980,1980,1980,1980,0
2022-03-16 10:28:00,1980,1980,1980,1980,0
2022-03-16 10:29:00,1980,1980,1980,1980,0
2022-03-16 10:30:00,1980,1980,1980,1980,0
2022-03-16 10:31:00,1980,1980,1980,1980,0
2022-03-16 10:32:00,1980,1980,1980,1980,0
2022-03-16 10:33:00,1980,1980,1980,1980,0
2022-03-16 10:34:00,1980,1980,1980,1980,0
2022-03-16 10:35:00,1980,1980,1980,1980,0
2022-03-16 10:36:00,1980,1980,1980,1980,0
2022-03-16 10:37:00,1980,1980,1980,1980,0
2022-03-16 10:38:00,1980,1980,1980,1980,0
2022-03-16 10:39:00,1980,1980,1980,1980,0
2022-03-16 10:40:00,1980,1980,1980,1980,0
2022-03-16 10:41:00,1980,1980,1980,1980,0
2022-03-16 10:42:00,1980,1980,1980,1980,0
2022-03-16 10:43:00,1980,1980,1980,1980,0
2022-03-16 10:44:00,1980,1980,1980,1980,0
2022-03-16 10:45:00,1980,1980,1980,1980,0
2022-03-16 10:46:00,1980,1980,1980,1980,0
2022-03-16 10:47:00,1980,1980,1980,1980,0
2022-03-16 10:48:00,1980,1980,1980,1980,0
2022-03-16 10:49:00,1980,1980,1980,1980,0
2022-03-16 10:50:00,1980,1980,1980,1980,0
2022-03-16 10:51:00,1980,1980,1980,1980,0
2022-03-16 10:52:00,1980,1980,1980,1980,0
2022-03-16 10:53:00,1980,1980,1980,1980,0
2022-03-16 10:54:00,1980,1980,1980,1980,0
2022-03-16 10:55:00,1980,1980,1980,1980,0
2022-03-16 10:56:00,1980,1980,1980,1980,0
2022-03-16 10:57:00,1980,1980,1980,1980,0
2022-03-16 10:58:00,1980,1980,1980,1980,0
2022-03-16 10:59:00,1980,1980,1980,1980,0
2022-03-16 11:00:00,1980,1980,1980,1980,0
2022-03-16 11:01:00,1980,1980,1980,1980,0
2022-03-16 11:02:00,1980,1980,1980,1980,0
2022-03-16 11:03:00,1980,1980,1980,1980,0
2022-03-16 11:04:00,1980,1980,1980,1980,0
2022-03-16 11:05:00,1980,1980,1980,1980,0
2022-03-16 11:06:00,1980,1980,1980,1980,0
2022-03-16 11:07:00,1980,1980,1980,1980,0
2022-03-16 11:08:00,1980,1980,1980,1980,0
2022-03-16 11:09:00,1980,1980,1980,1980,0
2022-03-16 11:10:00,1980,1980,1980,1980,0
2022-03-16 11:11:00,1980,1980,1980,1980,0
2022-03-16 11:12:00,1980,1980,1980,1980,0
2022-03-16 11:13:00,1980,1980,1980,1980,0
2022-03-16 11:14:00,1980,1980,1980,1980,0
2022-03-16 11:15:00,1980,1980,1980,1980,0
2022-03-16 11:16:00,1980,1980,1980,1980,0
2022-03-16 11:17:00,1980,1980,1980,1980,0
2022-03-16 11:18:00,1980,1980,1980,1980,0
2022-03-16 11:19:00,1980,1980,1980,1980,0
2022-03-16 11:20:00,1980,1980,1980,1980,0
2022-03-16 11:21:00,1980,1980,1980,1980,0
2022-03-16 11:22:00,1980,1980,1980,1980,0
2022-03-16 11:23:00,1980,1980,1980,1980,0
2022-03-16 11:24:00,1980,1980,1980,1980,0
2022-03-16 11:25:00,1980,1980,1980,1980,0
2022-03-16 11:26:00,1980,1980,1980,1980,0
2022-03-16 11:27:00,1980,1980,1980,1980,0
2022-03-16 11:28:00,1980,1980,1980,1980,0
2022-03-16 11:29:00,1980,1980,1980,1980,0
2022-03-16 11:30:00,1980,1980,1980,1980,0
2022-03-16 11:31:00,1980,1980,1980,1980,0
2022-03-16 11:32:00,1980,1980,1980,1980,0
2022-03-16 11:33:00,1980,1980,1980,1980,0
2022-03-16 11:34:00,1980,1980,1980,1980,0
2022-03-16 11:35:00,1980,1980,1980,1980,0
2022-03-16 11:36:00,1980,1980,1980,1980,0
2022-03-16 11:37:00,1980,1980,1980,1980,0
2022-03-16 11:38:00,1980,1980,1980,1980,0
2022-03-16 11:39:00,1980,1980,1980,1980,0
2022-03-16 11:40:00,1980,1980,1980,1980,0
2022-03-16 11:41:00,1980,1980,1980,1980,0
2022-03-16 11:42:00,1980,1980,1980,1980,0
2022-03-16 11:43:00,1980,1980,1980,1980,0
2022-03-16 11:44:00,1980,1980,1980,1980,0
2022-03-16 11:45:00,1980,1980,1980,1980,0
2022-03-16 11:46:00,1980,1980,1980,1980,0
2022-03-16 11:47:00,1980,1980,1980,1980,0
2022-03-16 11:48:00,1980,1980,1980,1980,0
2022-03-16 11:49:00,1980,1980,1980,1980,0
2022-03-16 11:50:00,1980,1980,1980,1980,0
2022-03-16 11:51:00,1980,1980,1980,1980,0
2022-03-16 11:52:00,1980,1980,1980,1980,0
2022-03-16 11:53:00,1980,1980,1980,1980,0
2022-03-16 11:54:00,1980,1980,1980,1980,0
2022-03-16 11:55:00,1980,1980,1980,1980,0
2022-03-16 11:56:00,1980,1980,1980,1980,0
2022-03-16 11:57:00,1980,1980,1980,1980,0
2022-03-16 11:58:00,1980,1980,1980,1980,0
2022-03-16 11:59:00,1980,1980,1980,1980,0
2022-03-16 12:00:00,1980,1980,1980,1980,0
2022-03-16 12:01:00,1980,1980,1980,1980,0
2022-03-16 12:02:00,1980,1980,1980,1980,0
2022-03-16 12:03:00,1980,1980,1980,1980,0
2022-03-16 12:04:00,1980,1980,1980,1980,0
2022-03-16 12:05:00,1980,1980,1980,1980,0
2022-03-16 12:06:00,1980,1980,1980,1980,0
2022-03-16 12:07:00,1980,1980,1980,1980,0
2022-03-16 12:08:00,1980,1980,1980,1980,0
2022-03-16 12:09:00,1980,1980,1980,1980,0
2022-03-16 12:10:00,1980,1980,1980,1980,0
2022-03-16 12:11:00,1980,1980,1980,1980,0
2022-03-16 12:12:00,1980,1980,1980,1980,0
2022-03-16 12:13:00,1980,1980,1980,1980,0
2022-03-16 12:14:00,1980,1980,1980,1980,0
2022-03-16 12:15:00,1980,1980,1980,1980,0
2022-03-16 12:16:00,1980,1980,1980,1980,0
2022-03-16 12:17:00,1980,1980,1980,1980,0
2022-03-16 12:18:00,1980,1980,1980,1980,0
2022-03-16 12:19:00,1980,1980,1980,1980,0
2022-03-16 12:20:00,1980,1980,1980,1980,0
2022-03-16 12:21:00,1980,1980,1980,1980,0
2022-03-16 12:22:00,1980,1980,1980,1980,0
2022-03-16 12:23:00,1980,1980,1980,1980,0
2022-03-16 12:24:00,1980,1980,1980,1980,0
2022-03-16 12:25:00,1980,1980,1980,1980,0
2022-03-16 12:26:00,1980,1980,1980,1980,0
2022-03-16 12:27:00,1980,1980,1980,1980,0
2022-03-16 12:28:00,1980,1980,1980,1980,0
2022-03-16 12:29:00,1980,1980,1980,1980,0
2022-03-16 12:30:00,1980,1980,1980,1980,0
2022-03-16 12:31:00,1980,1980,1980,1980,0
2022-03-16 12:32:00,1980,1980,1980,1980,0
2022-03-16 12:33:00,1980,1980,1980,1980,0
2022-03-16 12:34:00,1980,1980,1980,1980,0
2022-03-16 12:35:00,1980,1980,1980,1980,0
2022-03-16 12:36:00,1980,1980,1980,1980,0
2022-03-16 12:37:00,1980,1980,1980,1980,0
2022-03-16 12:38:00,1980,1980,1980,1980,0
2022-03-16 12:39:00,1980,1980,1980,1980,0
2022-03-16 12:40:00,1980,1980,1980,1980,0
2022-03-16 12:41:00,1980,1980,1980,1980,0
2022-03-16 12:42:00,1980,1980,1980,1980,0
2022-03-16 12:43:00,1980,1980,1980,1980,0
2022-03-16 12:44:00,1980,1980,1980,1980,0
2022-03-16 12:45:00,1980,1980,1980,1980,0
2022-03-16 12:46:00,1980,1980,1980,1980,0
2022-03-16 12:47:00,1980,1980,1980,1980,0
2022-03-16 12:48:00,1980,1980,1980,1980,0
2022-03-16 12:49:00,1980,1980,1980,1980,0
2022-03-16 12:50:00,1980,1980,1980,1980,0
2022-03-16 12:51:00,1980,1980,1980,1980,0
2022-03-16 12:52:00,1980,1980,1980,1980,0
2022-03-16 12:53:00,1980,1980,1980,1980,0
2022-03-16 12:54:00,1980,1980,1980,1980,0
2022-03-16 12:55:00,1980,1980,1980,1980,0
2022-03-16 12:56:00,1980,1980,1980,1980,0
2022-03-16 12:57:00,1980,1980,1980,1980,0
2022-03-16 12:58:00,1980,1980,1980,1980,0
2022-03-16 12:59:00,1980,1980,1980,1980,0
2022-03-16 13:00:00,1980,1980,1980,1980,0
2022-03-16 13:01:00,1980,1980,1980,1980,0
2022-03-16 13:02:00,1980,1980,1980,1980,0
2022-03-16 13:03:00,1980,1980,1980,1980,0
2022-03-16 13:04:00,1980,1980,1980,1980,0
2022-03-16 13:05:00,1980,1980,1980,1980,0
2022-03-16 13:06:00,1980,1980,1980,1980,0
2022-03-16 13:07:00,1980,1980,1980,1980,0
2022-03-16 13:08:00,1980,1980,1980,1980,0
2022-03-16 13:09:00,1980,1980,1980,1980,0
2022-03-16 13:10:00,1980,1980,1980,1980,0
2022-03-16 13:11:00,1980,1980,1980,1980,0
2022-03-16 13:12:00,1980,1980,1980,1980,0
2022-03-16 13:13:00,1980,1980,1980,1980,0
2022-03-16 13:14:00,1980,1980,1980,1980,0
2022-03-16 13:15:00,1980,1980,1980,1980,0
2022-03-16 13:16:00,1980,1980,1980,1980,0
2022-03-16 13:17:00,1980,1980,1980,1980,0
2022-03-16 13:18:00,1980,1980,1980,1980,0
2022-03-16 13:19:00,1980,1980,1980,1980,0
2022-03-16 13:20:00,1980,1980,1980,1980,0
2022-03-16 13:21:00,1980,1980,1980,1980,0
2022-03-16 13:22:00,1980,1980,1980,1980,0
2022-03-16 13:23:00,1980,1980,1980,1980,0
2022-03-16 13:24:00,1980,1980,1980,1980,0
2022-03-16 13:25:00,1980,1980,1980,1980,0
2022-03-16 13:26:00,1980,1980,1980,1980,0
2022-03-16 13:27:00,1980,1980,1980,1980,0
2022-03-16 13:28:00,1980,1980,1980,1980,0
2022-03-16 13:29:00,1980,1980,1980,1980,0
2022-03-16 13:30:00,1980,1980,1980,1980,0
2022-03-16 13:31:00,1980,1980,1980,1980,0
2022-03-16 13:32:00,1980,1980,1980,1980,0
2022-03-16 13:33:00,1980,1980,1980,1980,0
2022-03-16 13:34:00,1980,1980,1980,1980,0
2022-03-16 13:35:00,1980,1980,1980,1980,0
2022-03-16 13:36:00,1980,1980,1980,1980,0
2022-03-16 13:37:00,1980,1980,1980,1980,0
2022-03-16 13:38:00,1980,1980,1980,1980,0
2022-03-16 13:39:00,1980,1980,1980,1980,0
2022-03-16 13:40:00,1980,1980,1980,1980,0
2022-03-16 13:41:00,1980,1980,1980,1980,0
2022-03-16 13:42:00,1980,1980,1980,1980,0
2022-03-16 13:43:00,1980,1980,1980,1980,0
2022-03-16 13:44:00,1980,1980,1980,1980,0
2022-03-16 13:45:00,1980,1980,1980,1980,0
2022-03-16 13:46:00,1980,1980,1980,1980,0
2022-03-16 13:47:00,1980,1980,1980,1980,0
2022-03-16 13:48:00,1980,1980,1980,1980,0
2022-03-16 13:49:00,1980,1980,1980,1980,0
2022-03-16 13:50:00,1980,1980,1980,1980,0
2022-03-16 13:51:00,1980,1980,1980,1980,0
2022-03-16 13:52:00,1980,1980,1980,1980,0
2022-03-16 13:53:00,1980,1980,1980,1980,0
2022-03-16 13:54:00,1980,1980,1980,1980,0
2022-03-16 13:55:00,1980,1980,1980,1980,0
2022-03-16 13:56:00,1980,1980,1980,1980,0
2022-03-16 13:57:00,1980,1980,1980,1980,0
2022-03-16 13:58:00,1980,1980,1980,1980,0
2022-03-16 13:59:00,1980,1980,1980,1980,0
2022-03-16 14:00:00,1980,1980,1980,1980,0
2022-03-16 14:01:00,1980,1980,1980,1980,0
2022-03-16 14:02:00,1980,1980,1980,1980,0
2022-03-16 14:03:00,1980,1980,1980,1980,0
2022-03-16 14:04:00,1980,1980,1980,1980,0
2022-03-16 14:05:00,1980,1980,1980,1980,0
2022-03-16 14:06:00,1980,1980,1980,1980,0
2022-03-16 14:07:00,1980,1980,1980,1980,0
2022-03-16 14:08:00,1980,1980,1980,1980,0
2022-03-16 14:09:00,1980,1980,1980,1980,0
2022-03-16 14:10:00,1980,1980,1980,1980,0
2022-03-16 14:11:00,1980,1980,1980,1980,0
2022-03-16 14:12:00,1980,1980,1980,1980,0
2022-03-16 14:13:00,1980,1980,1980,1980,0
2022-03-16 14:14:00,1980,1980,1980,1980,0
2022-03-16 14:15:00,1980,1980,1980,1980,0
2022-03-16 14:16:00,1980,1980,1980,1980,0
2022-03-16 14:17:00,1980,1980,1980,1980,0
2022-03-16 14:18:00,1980,1980,1980,1980,0
2022-03-16 14:19:00,1980,1980,1980,1980,0
2022-03-16 14:20:00,1980,1980,1980,1980,0
2022-03-16 14:21:00,1980,1980,1980,1980,0
2022-03-16 14:22:00,1980,1980,1980,1980,0
2022-03-16 14:23:00,1980,1980,1980,1980,0
2022-03-16 14:24:00,1980,1980,1980,1980,0
2022-03-16 14:25:00,1980,1980,1980,1980,0
2022-03-16 14:26:00,1980,1980,1980,1980,0
2022-03-16 14:27:00,1980,1980,1980,1980,0
2022-03-16 14:28:00,1980,1980,1980,1980,0
2022-03-16 14:29:00,1980,1980,1980,1980,0
2022-03-16 14:30:00,1980,1980,1980,1980,0
2022-03-16 14:31:00,1980,1980,1980,1980,0
2022-03-16 14:32:00,1980,1980,1980,1980,0
2022-03-16 14:33:00,1980,1980,1980,1980,0
2022-03-16 14:34:00,1980,1980,1980,1980,0
2022-03-16 14:35:00,1980,1980,1980,1980,0
2022-03-16 14:36:00,1980,1980,1980,1980,0
2022-03-16 14:37:00,1980,1980,1980,1980,0
2022-03-16 14:38:00,1980,1980,1980,1980,0
2022-03-16 14:39:00,1980,1980,1980,1980,0
2022-03-16 14:40:00,1980,1980,1980,1980,0
2022-03-16 14:41:00,1980,1980,1980,1980,0
2022-03-16 14:42:00,1980,1980,1980,1980,0
2022-03-16 14:43:00,1980,1980,1980,1980,0
2022-03-16 14:44:00,1980,1980,1980,1980,0
2022-03-16 14:45:00,1980,1980,1980,1980,0
2022-03-16 14:46:00,1980,1980,1980,1980,0
2022-03-16 14:47:00,1980,1980,1980,1980,0
2022-03-16 14:48:00,1980,1980,1980,1980,0
2022-03-16 14:49:00,1980,1980,1980,1980,0
2022-03-16 14:50:00,1980,1980,1980,1980,0
2022-03-16 14:51:00,1980,1980,1980,1980,0
2022-03-16 14:52:00,1980,1980,1980,1980,0
2022-03-16 14:53:00,1980,1980,1980,1980,0
2022-03-16 14:54:00,1980,1980,1980,1980,0
2022-03-16 14:55:00,1980,1980,1980,1980,0
2022-03-16 14:56:00,1980,1980,1980,1980,0
2022-03-16 14:57:00,1980,1980,1980,1980,0
2022-03-16 14:58:00,1980,1980,1980,1980,0
2022-03-16 14:59:00,1980,1980,1980,1980,0
2022-03-16 15:00:00,1980,1980,1980,1980,0
2022-03-16 15:01:00,1980,1980,1980,1980,0
2022-03-16 15:02:00,1980,1980,1980,1980,0
2022-03-16 15:03:00,1980,1980,1980,1980,0
2022-03-16 15:04:00,1980,1980,1980,1980,0
2022-03-16 15:05:00,1980,1980,1980,1980,0
2022-03-16 15:06:00,1980,1980,1980,1980,0
2022-03-16 15:07:00,1980,1980,1980,1980,0
2022-03-16 15:08:00,1980,1980,1980,1980,0
2022-03-16 15:09:00,1980,1980,1980,1980,0
2022-03-16 15:10:00,1980,1980,1980,1980,0
2022-03-16 15:11:00,1980,1980,1980,1980,0
2022-03-16 15:12:00,1980,1980,1980,1980,0
2022-03-16 15:13:00,1980,1980,1980,1980,0
2022-03-16 15:14:00,1980,1980,1980,1980,0
2022-03-16 15:15:00,1980,1980,1980,1980,0
2022-03-16 15:16:00,1980,1980,1980,1980,0
2022-03-16 15:17:00,1980,1980,1980,1980,0
2022-03-16 15:18:00,1980,1980,1980,1980,0
2022-03-16 15:19:00,1980,1980,1980,1980,0
2022-03-16 15:20:00,1980,1980,1980,1980,0
2022-03-16 15:21:00,1980,1980,1980,1980,0
2022-03-16 15:22:00,1980,1980,1980,1980,0
2022-03-16 15:23:00,1980,1980,1980,1980,0
2022-03-16 15:24:00,1980,1980,1980,1980,0
2022-03-16 15:25:00,1980,1980,1980,1980,0
2022-03-16 15:26:00,1980,1980,1980,1980,0
2022-03-16 15:27:00,1980,1980,1980,1980,0
2022-03-16 15:28:00,1980,1980,1980,1980,0
2022-03-16 15:29:00,1980,1980,1980,1980,0
2022-03-16 15:30:00,1980,1980,1980,1980,0
2022-03-16 15:31:00,1980,1980,1980,1980,0
2022-03-16 15:32:00,1980,1980,1980,1980,0
2022-03-16 15:33:00,1980,1980,1980,1980,0
2022-03-16 15:34:00,1980,1980,1980,1980,0
2022-03-16 15:35:00,1980,1980,1980,1980,0
2022-03-16 15:36:00,1980,1980,1980,1980,0
2022-03-16 15:37:00,1980,1980,1980,1980,0
2022-03-16 15:38:00,1980,1980,1980,1980,0
2022-03-16 15:39:00,1980,1980,1980,1980,0
2022-03-16 15:40:00,1980,1980,1980,1980,0
2022-03-16 15:41:00,1980,1980,1980,1980,0
2022-03-16 15:42:00,1980,1980,1980,1980,0
2022-03-16 15:43:00,1980,1980,1980,1980,0
2022-03-16 15:44:00,1980,1980,1980,1980,0
2022-03-16 15:45:00,1980,1980,1980,1980,0
2022-03-16 15:46:00,1980,1980,1980,1980,0
2022-03-16 15:47:00,1980,1980,1980,1980,0
2022-03-16 15:48:00,1980,1980,1980,1980,0
2022-03-16 15:49:00,1980,1980,1980,1980,0
2022-03-16 15:50:00,1980,1980,1980,1980,0
2022-03-16 15:51:00,1980,1980,1980,1980,0
2022-03-16 15:52:00,1980,1980,1980,1980,0
2022-03-16 15:53:00,1980,1980,1980,1980,0
2022-03-16 15:54:00,1980,1980,1980,1980,0
2022-03-16 15:55:00,1980,1980,1980,1980,0
2022-03-16 15:56:00,1980,1980,1980,1980,0
2022-03-16 15:57:00,1980,1980,1980,1980,0
2022-03-16 15:58:00,1980,1980,1980,1980,0
2022-03-16 15:59:00,1980,1980,1980,1980,0
2022-03-17 09:00:00,1980,1980,1980,1980,0
2022-03-17 09:01:00,1980,1980,1980,1980,0
2022-03-17 09:02:00,1980,1980,1980,1980,0
2022-03-17 09:03:00,1980,1980,1980,1980,0
2022-03-17 09:04:00,1980,1980,1980,1980,0
2022-03-17 09:05:00,1980,1980,1980,1980,0
2022-03-17 09:06:00,1980,1980,1980,1980,0
2022-03-17 09:07:00,1980,1980,1980,1980,0
2022-03-17 09:08:00,1980,1980,1980,1980,0
2022-03-17 09:09:00,1980,1980,1980,1980,0
2022-03-17 09:10:00,1980,1980,1980,1980,0
2022-03-17 09:11:00,1980,1980,1980,1980,0
2022-03-17 09:12:00,1980,1980,1980,1980,0
2022-03-17 09:13:00,1980,1980,1980,1980,0
2022-03-17 09:14:00,1980,1980,1980,1980,0
2022-03-17 09:15:00,1980,1980,1980,1980,0
2022-03-17 09:16:00,1980,1980,1980,1980,0
2022-03-17 09:17:00,1980,1980,1980,1980,0
2022-03-17 09:18:00,1980,1980,1980,1980,0
2022-03-17 09:19:00,1980,1980,1980,1980,0
2022-03-17 09:20:00,1980,1980,1980,1980,0
2022-03-17 09:21:00,1980,1980,1980,1980,0
2022-03-17 09:22:00,1980,1980,1980,1980,0
2022-03-17 09:23:00,1980,1980,1980,1980,0
2022-03-17 09:24:00,1980,1980,1980,1980,0
2022-03-17 09:25:00,1980,1980,1980,1980,0
2022-03-17 09:26:00,1980,1980,1980,1980,0
2022-03-17 09:27:00,1980,1980,1980,1980,0
2022-03-17 09:28:00,1980,1980,1980,1980,0
2022-03-17 09:29:00,1980,1980,1980,1980,0
2022-03-17 09:30:00,1980,1980,1980,1980,0
2022-03-17 09:31:00,1980,1980,1980,1980,0
2022-03-17 09:32:00,1980,1980,1980,1980,0
2022-03-17 09:33:00,1980,1980,1980,1980,0
2022-03-17 09:34:00,1980,1980,1980,1980,0
2022-03-17 09:35:00,1980,1980,1980,1980,0
2022-03-17 09:36:00,1980,1980,1980,1980,0
2022-03-17 09:37:00,1980,1980,1980,1980,0
2022-03-17 09:38:00,1980,1980,1980,1980,0
2022-03-17 09:39:00,1980,1980,1980,1980,0
2022-03-17 09:40:00,1980,1980,1980,1980,0
2022-03-17 09:41:00,1980,1980,1980,1980,0
2022-03-17 09:42:00,1980,1980,1980,1980,0
2022-03-17 09:43:00,1980,1980,1980,1980,0
2022-03-17 09:44:00,1980,1980,1980,1980,0
2022-03-17 09:45:00,1980,1980,1980,1980,0
2022-03-17 09:46:00,1980,1980,1980,1980,0
2022-03-17 09:47:00,1980,1980,1980,1980,0
2022-03-17 09:48:00,1980,1980,1980,1980,0
2022-03-17 09:49:00,1980,1980,1980,1980,0
2022-03-17 09:50:00,1980,1980,1980,1980,0
2022-03-17 09:51:00,1980,1980,1980,1980,0
2022-03-17 09:52:00,1980,1980,1980,1980,0
2022-03-17 09:53:00,1980,1980,1980,1980,0
2022-03-17 09:54:00,1980,1980,1980,1980,0
2022-03-17 09:55:00,1980,1980,1980,1980,0
2022-03-17 09:56:00,1980,1980,1980,1980,0
2022-03-17 09:57:00,1980,1980,1980,1980,0
2022-03-17 09:58:00,1980,1980,1980,1980,0
2022-03-17 09:59:00,1980,1980,1980,1980,0
2022-03-17 10:00:00,1980,1980,1980,1980,0
2022-03-17 10:01:00,1980,1980,1980,1980,0
2022-03-17 10:02:00,1980,1980,1980,1980,0
2022-03-17 10:03:00,1980,1980,1980,1980,0
2022-03-17 10:04:00,1980,1980,1980,1980,0
2022-03-17 10:05:00,1980,1980,1980,1980,0
2022-03-17 10:06:00,1980,1980,1980,1980,0
2022-03-17 10:07:00,1980,1980,1980,1980,0
2022-03-17 10:08:00,1980,1980,1980,1980,0
2022-03-17 10:09:00,1980,1980,1980,1980,0
2022-03-17 10:10:00,1980,1980,1980,1980,0
2022-03-17 10:11:00,1980,1980,1980,1980,0
2022-03-17 10:12:00,1980,1980,1980,1980,0
2022-03-17 10:13:00,1980,1980,1980,1980,0
2022-03-17 10:14:00,1980,1980,1980,1980,0
2022-03-17 10:15:00,1980,1980,1980,1980,0
2022-03-17 10:16:00,1980,1980,1980,1980,0
2022-03-17 10:17:00,1980,1980,1980,1980,0
2022-03-17 10:18:00,1980,1980,1980,1980,0
2022-03-17 10:19:00,1980,1980,1980,1980,0
2022-03-17 10:20:00,1980,1980,1980,1980,0
2022-03-17 10:21:00,1980,1980,1980,1980,0
2022-03-17 10:22:00,1980,1980,1980,1980,0
2022-03-17 10:23:00,1980,1980,1980,1980,0
2022-03-17 10:24:00,1980,1980,1980,1980,0
2022-03-17 10:25:00,1980,1980,1980,1980,0
2022-03-17 10:26:00,1980,1980,1980,1980,0
2022-03-17 10:27:00,1980,1980,1980,1980,0
2022-03-17 10:28:00,1980,1980,1980,1980,0
2022-03-17 10:29:00,1980,1980,1980,1980,0
2022-03-17 10:30:00,1980,1980,1980,1980,0
2022-03-17 10:31:00,1980,1980,1980,1980,0
2022-03-17 10:32:00,1980,1980,1980,1980,0
2022-03-17 10:33:00,1980,1980,1980,1980,0
2022-03-17 10:34:00,1980,1980,1980,1980,0
2022-03-17 10:35:00,1980,1980,1980,1980,0
2022-03-17 10:36:00,1980,1980,1980,1980,0
2022-03-17 10:37:00,1980,1980,1980,1980,0
2022-03-17 10:38:00,1980,1980,1980,1980,0
2022-03-17 10:39:00,1980,1980,1980,1980,0
2022-03-17 10:40:00,1980,1980,1980,1980,0
2022-03-17 10:41:00,1980,1980,1980,1980,0
2022-03-17 10:42:00,1980,1980,1980,1980,0
2022-03-17 10:43:00,1980,1980,1980,1980,0
2022-03-17 10:44:00,1980,1980,1980,1980,0
2022-03-17 10:45:00,1980,1980,1980,1980,0
2022-03-17 10:46:00,1980,1980,1980,1980,0
2022-03-17 10:47:00,1980,1980,1980,1980,0
2022-03-17 10:48:00,1980,1980,1980,1980,0
2022-03-17 10:49:00,1980,1980,1980,1980,0
2022-03-17 10:50:00,1980,1980,1980,1980,0
2022-03-17 10:51:00,1980,1980,1980,1980,0
2022-03-17 10:52:00,1980,1980,1980,1980,0
2022-03-17 10:53:00,1980,1980,1980,1980,0
2022-03-17 10:54:00,1980,1980,1980,1980,0
2022-03-17 10:55:00,1980,1980,1980,1980,0
2022-03-17 10:56:00,1980,1980,1980,1980,0
2022-03-17 10:57:00,1980,1980,1980,1980,0
2022-03-17 10:58:00,1980,1980,1980,1980,0
2022-03-17 10:59:00,1980,1980,1980,1980,0
2022-03-17 11:00:00,1980,1980,1980,1980,0
2022-03-17 11:01:00,1980,1980,1980,1980,0
2022-03-17 11:02:00,1980,1980,1980,1980,0
2022-03-17 11:03:00,1980,1980,1980,1980,0
2022-03-17 11:04:00,1980,1980,1980,1980,0
2022-03-17 11:05:00,1980,1980,1980,1980,0
2022-03-17 11:06:00,1980,1980,1980,1980,0
2022-03-17 11:07:00,1980,1980,1980,1980,0
2022-03-17 11:08:00,1980,1980,1980,1980,0
2022-03-17 11:09:00,1980,1980,1980,1980,0
2022-03-17 11:10:00,1980,1980,1980,1980,0
2022-03-17 11:11:00,1980,1980,1980,1980,0
2022-03-17 11:12:00,1980,1980,1980,1980,0
2022-03-17 11:13:00,1980,1980,1980,1980,0
2022-03-17 11:14:00,1980,1980,1980,1980,0
2022-03-17 11:15:00,1980,1980,1980,1980,0
2022-03-17 11:16:00,1980,1980,1980,1980,0
2022-03-17 11:17:00,1980,1980,1980,1980,0
2022-03-17 11:18:00,1980,1980,1980,1980,0
2022-03-17 11:19:00,1980,1980,1980,1980,0
2022-03-17 11:20:00,1980,1980,1980,1980,0
2022-03-17 11:21:00,1980,1980,1980,1980,0
2022-03-17 11:22:00,1980,1980,1980,1980,0
2022-03-17 11:23:00,1980,1980,1980,1980,0
2022-03-17 11:24:00,1980,1980,1980,1980,0
2022-03-17 11:25:00,1980,1980,1980,1980,0
2022-03-17 11:26:00,1980,1980,1980,1980,0
2022-03-17 11:27:00,1980,1980,1980,1980,0
2022-03-17 11:28:00,1980,1980,1980,1980,0
2022-03-17 11:29:00,1980,1980,1980,1980,0
2022-03-17 11:30:00,1980,1980,1980,1980,0
2022-03-17 11:31:00,1980,1980,1980,1980,0
2022-03-17 11:32:00,1980,1980,1980,1980,0
2022-03-17 11:33:00,1980,1980,1980,1980,0
2022-03-17 11:34:00,1980,1980,1980,1980,0
2022-03-17 11:35:00,1980,1980,1980,1980,0
2022-03-17 11:36:00,1980,1980,1980,1980,0
2022-03-17 11:37:00,1980,1980,1980,1980,0
2022-03-17 11:38:00,1980,1980,1980,1980,0
2022-03-17 11:39:00,1980,1980,1980,1980,0
2022-03-17 11:40:00,1980,1980,1980,1980,0
2022-03-17 11:41:00,1980,1980,1980,1980,0
2022-03-17 11:42:00,1980,1980,1980,1980,0
2022-03-17 11:43:00,1980,1980,1980,1980,0
2022-03-17 11:44:00,1980,1980,1980,1980,0
2022-03-17 11:45:00,1980,1980,1980,1980,0
2022-03-17 11:46:00,1980,1980,1980,1980,0
2022-03-17 11:47:00,1980,1980,1980,1980,0
2022-03-17 11:48:00,1980,1980,1980,1980,0
2022-03-17 11:49:00,1980,1980,1980,1980,0
2022-03-17 11:50:00,1980,1980,1980,1980,0
2022-03-17 11:51:00,1980,1980,1980,1980,0
2022-03-17 11:52:00,1980,1980,1980,1980,0
2022-03-17 11:53:00,1980,1980,1980,1980,0
2022-03-17 11:54:00,1980,1980,1980,1980,0
2022-03-17 11:55:00,1980,1980,1980,1980,0
2022-03-17 11:56:00,1980,1980,1980,1980,0
2022-03-17 11:57:00,1980,1980,1980,1980,0
2022-03-17 11:58:00,1980,1980,1980,1980,0
2022-03-17 11:59:00,1980,1980,1980,1980,0
2022-03-17 12:00:00,1980,1980,1980,1980,0
2022-03-17 12:01:00,1980,1980,1980,1980,0
2022-03-17 12:02:00,1980,1980,1980,1980,0
2022-03-17 12:03:00,1980,1980,1980,1980,0
2022-03-17 12:04:00,1980,1980,1980,1980,0
2022-03-17 12:05:00,1980,1980,1980,1980,0
2022-03-17 12:06:00,1980,1980,1980,1980,0
2022-03-17 12:07:00,1980,1980,1980,1980,0
2022-03-17 12:08:00,1980,1980,1980,1980,0
2022-03-17 12:09:00,1980,1980,1980,1980,0
2022-03-17 12:10:00,1980,1980,1980,1980,0
2022-03-17 12:11:00,1980,1980,1980,1980,0
2022-03-17 12:12:00,1980,1980,1980,1980,0
2022-03-17 12:13:00,1980,1980,1980,1980,0
2022-03-17 12:14:00,1980,1980,1980,1980,0
2022-03-17 12:15:00,1980,1980,1980,1980,0
2022-03-17 12:16:00,1980,1980,1980,1980,0
2022-03-17 12:17:00,1980,1980,1980,1980,0
2022-03-17 12:18:00,1980,1980,1980,1980,0
2022-03-17 12:19:00,1980,1980,1980,1980,0
2022-03-17 12:20:00,1980,1980,1980,1980,0
2022-03-17 12:21:00,1980,1980,1980,1980,0
2022-03-17 12:22:00,1980,1980,1980,1980,0
2022-03-17 12:23:00,1980,1980,1980,1980,0
2022-03-17 12:24:00,1980,1980,1980,1980,0
2022-03-17 12:25:00,1980,1980,1980,1980,0
2022-03-17 12:26:00,1980,1980,1980,1980,0
2022-03-17 12:27:00,1980,1980,1980,1980,0
2022-03-17 12:28:00,1980,1980,1980,1980,0
2022-03-17 12:29:00,1980,1980,1980,1980,0
2022-03-17 12:30:00,1980,1980,1980,1980,0
2022-03-17 12:31:00,1980,1980,1980,1980,0
2022-03-17 12:32:00,1980,1980,1980,1980,0
2022-03-17 12:33:00,1980,1980,1980,1980,0
2022-03-17 12:34:00,1980,1980,1980,1980,0
2022-03-17 12:35:00,1980,1980,1980,1980,0
2022-03-17 12:36:00,1980,1980,1980,1980,0
2022-03-17 12:37:00,1980,1980,1980,1980,0
2022-03-17 12:38:00,1980,1980,1980,1980,0
2022-03-17 12:39:00,1980,1980,1980,1980,0
2022-03-17 12:40:00,1980,1980,1980,1980,0
2022-03-17 12:41:00,1980,1980,1980,1980,0
2022-03-17 12:42:00,1980,1980,1980,1980,0
2022-03-17 12:43:00,1980,1980,1980,1980,0
2022-03-17 12:44:00,1980,1980,1980,1980,0
2022-03-17 12:45:00,1980,1980,1980,1980,0
2022-03-17 12:46:00,1980,1980,1980,1980,0
2022-03-17 12:47:00,1980,1980,1980,1980,0
2022-03-17 12:48:00,1980,1980,1980,1980,0
2022-03-17 12:49:00,1980,1980,1980,1980,0
2022-03-17 12:50:00,1980,1980,1980,1980,0
2022-03-17 12:51:00,1980,1980,1980,1980,0
2022-03-17 12:52:00,1980,1980,1980,1980,0
2022-03-17 12:53:00,1980,1980,1980,1980,0
2022-03-17 12:54:00,1980,1980,1980,1980,0
2022-03-17 12:55:00,1980,1980,1980,1980,0
2022-03-17 12:56:00,1980,1980,1980,1980,0
2022-03-17 12:57:00,1980,1980,1980,1980,0
2022-03-17 12:58:00,1980,1980,1980,1980,0
2022-03-17 12:59:00,1980,1980,1980,1980,0
2022-03-17 13:00:00,1980,1980,1980,1980,0
2022-03-17 13:01:00,1980,1980,1980,1980,0
2022-03-17 13:02:00,1980,1980,1980,1980,0
2022-03-17 13:03:00,1980,1980,1980,1980,0
2022-03-17 13:04:00,1980,1980,1980,1980,0
2022-03-17 13:05:00,1980,1980,1980,1980,0
2022-03-17 13:06:00,1980,1980,1980,1980,0
2022-03-17 13:07:00,1980,1980,1980,1980,0
2022-03-17 13:08:00,1980,1980,1980,1980,0
2022-03-17 13:09:00,1980,1980,1980,1980,0
2022-03-17 13:10:00,1980,1980,1980,1980,0
2022-03-17 13:11:00,1980,1980,1980,1980,0
2022-03-17 13:12:00,1980,1980,1980,1980,0
2022-03-17 13:13:00,1980,1980,1980,1980,0
2022-03-17 13:14:00,1980,1980,1980,1980,0
2022-03-17 13:15:00,1980,1980,1980,1980,0
2022-03-17 13:16:00,1980,1980,1980,1980,0
2022-03-17 13:17:00,1980,1980,1980,1980,0
2022-03-17 13:18:00,1980,1980,1980,1980,0
2022-03-17 13:19:00,1980,1980,1980,1980,0
2022-03-17 13:20:00,1980,1980,1980,1980,0
2022-03-17 13:21:00,1980,1980,1980,1980,0
2022-03-17 13:22:00,1980,1980,1980,1980,0
2022-03-17 13:23:00,1980,1980,1980,1980,0
2022-03-17 13:24:00,1980,1980,1980,1980,0
2022-03-17 13:25:00,1980,1980,1980,1980,0
2022-03-17 13:26:00,1980,1980,1980,1980,0
2022-03-17 13:27:00,1980,1980,1980,1980,0
2022-03-17 13:28:00,1980,1980,1980,1980,0
2022-03-17 13:29:00,1980,1980,1980,1980,0
2022-03-17 13:30:00,1980,1980,1980,1980,0
2022-03-17 13:31:00,1980,1980,1980,1980,0
2022-03-17 13:32:00,1980,1980,1980,1980,0
2022-03-17 13:33:00,1980,1980,1980,1980,0
2022-03-17 13:34:00,1980,1980,1980,1980,0
2022-03-17 13:35:00,1980,1980,1980,1980,0
2022-03-17 13:36:00,1980,1980,1980,1980,0
2022-03-17 13:37:00,1980,1980,1980,1980,0
2022-03-17 13:38:00,1980,1980,1980,1980,0
2022-03-17 13:39:00,1980,1980,1980,1980,0
2022-03-17 13:40:00,1980,1980,1980,1980,0
2022-03-17 13:41:00,1980,1980,1980,1980,0
2022-03-17 13:42:00,1980,1980,1980,1980,0
2022-03-17 13:43:00,1980,1980,1980,1980,0
2022-03-17 13:44:00,1980,1980,1980,1980,0
2022-03-17 13:45:00,1980,1980,1980,1980,0
2022-03-17 13:46:00,1980,1980,1980,1980,0
2022-03-17 13:47:00,1980,1980,1980,1980,0
2022-03-17 13:48:00,1950,1950,1950,1950,0
2022-03-17 13:49:00,1900,1900,1900,1900,100
2022-03-17 13:50:00,1900,1900,1900,1900,0
2022-03-17 13:51:00,1900,1900,1900,1900,0
2022-03-17 13:52:00,1900,1900,1900,1900,0
2022-03-17 13:53:00,1900,1900,1900,1900,0
2022-03-17 13:54:00,1900,1900,1900,1900,0
2022-03-17 13:55:00,1900,1900,1900,1900,0
2022-03-17 13:56:00,1900,1900,1900,1900,0
2022-03-17 13:57:00,1900,1900,1900,1900,0
2022-03-17 13:58:00,1900,1900,1900,1900,0
2022-03-17 13:59:00,1900,1900,1900,1900,0
2022-03-17 14:00:00,1900,1900,1900,1900,0
2022-03-17 14:01:00,1900,1900,1900,1900,0
2022-03-17 14:02:00,1900,1900,1900,1900,0
2022-03-17 14:03:00,1900,1900,1900,1900,0
2022-03-17 14:04:00,1900,1900,1900,1900,0
2022-03-17 14:05:00,1900,1900,1900,1900,0
2022-03-17 14:06:00,1900,1900,1900,1900,0
2022-03-17 14:07:00,1900,1900,1900,1900,0
2022-03-17 14:08:00,1900,1900,1900,1900,0
2022-03-17 14:09:00,1900,1900,1900,1900,0
2022-03-17 14:10:00,1900,1900,1900,1900,0
2022-03-17 14:11:00,1900,1900,1900,1900,0
2022-03-17 14:12:00,1895,1850,1895,1850,1200
2022-03-17 14:13:00,1895,1850,1895,1850,0
2022-03-17 14:14:00,1895,1850,1895,1850,0
2022-03-17 14:15:00,1895,1850,1895,1850,0
2022-03-17 14:16:00,1895,1850,1895,1850,0
2022-03-17 14:17:00,1895,1850,1895,1850,0
2022-03-17 14:18:00,1895,1850,1895,1850,0
2022-03-17 14:19:00,1895,1850,1895,1850,0
2022-03-17 14:20:00,1895,1850,1895,1850,0
2022-03-17 14:21:00,1895,1850,1895,1850,0
2022-03-17 14:22:00,1900,1900,1900,1900,100
2022-03-17 14:23:00,1900,1900,1900,1900,0
2022-03-17 14:24:00,1900,1900,1900,1900,100
2022-03-17 14:25:00,1940,1940,1940,1940,100
2022-03-17 14:26:00,1940,1940,1940,1940,0
2022-03-17 14:27:00,1890,1890,1890,1890,100
2022-03-17 14:28:00,1890,1890,1890,1890,0
2022-03-17 14:29:00,1890,1890,1890,1890,0
2022-03-17 14:30:00,1890,1890,1890,1890,0
2022-03-17 14:31:00,1890,1890,1890,1890,0
2022-03-17 14:32:00,1890,1890,1890,1890,100
2022-03-17 14:33:00,1890,1890,1890,1890,0
2022-03-17 14:34:00,1890,1890,1890,1890,0
2022-03-17 14:35:00,1890,1890,1890,1890,0
2022-03-17 14:36:00,1940,1940,1940,1940,100
2022-03-17 14:37:00,1890,1890,1890,1890,100
2022-03-17 14:38:00,1890,1890,1890,1890,0
2022-03-17 14:39:00,1890,1890,1890,1890,0
2022-03-17 14:40:00,1890,1890,1890,1890,0
2022-03-17 14:41:00,1890,1890,1890,1890,0
2022-03-17 14:42:00,1890,1890,1890,1890,0
2022-03-17 14:43:00,1890,1890,1890,1890,0
2022-03-17 14:44:00,1890,1890,1890,1890,0
2022-03-17 14:45:00,1890,1890,1890,1890,0
2022-03-17 14:46:00,1890,1890,1890,1890,0
2022-03-17 14:47:00,1890,1890,1890,1890,100
2022-03-17 14:48:00,1890,1890,1890,1890,0
2022-03-17 14:49:00,1890,1890,1890,1890,0
2022-03-17 14:50:00,1890,1890,1890,1890,0
2022-03-17 14:51:00,1890,1890,1890,1890,0
2022-03-17 14:52:00,1890,1890,1890,1890,0
2022-03-17 14:53:00,1890,1890,1890,1890,0
2022-03-17 14:54:00,1890,1890,1890,1890,0
2022-03-17 14:55:00,1890,1890,1890,1890,0
2022-03-17 14:56:00,1890,1890,1890,1890,0
2022-03-17 14:57:00,1890,1890,1890,1890,0
2022-03-17 14:58:00,1890,1890,1890,1890,0
2022-03-17 14:59:00,1890,1890,1890,1890,0
2022-03-17 15:00:00,1890,1890,1890,1890,0
2022-03-17 15:01:00,1890,1890,1890,1890,0
2022-03-17 15:02:00,1890,1890,1890,1890,0
2022-03-17 15:03:00,1890,1890,1890,1890,0
2022-03-17 15:04:00,1890,1890,1890,1890,0
2022-03-17 15:05:00,1890,1890,1890,1890,0
2022-03-17 15:06:00,1890,1890,1890,1890,0
2022-03-17 15:07:00,1890,1890,1890,1890,0
2022-03-17 15:08:00,1890,1890,1890,1890,0
2022-03-17 15:09:00,1890,1890,1890,1890,0
2022-03-17 15:10:00,1890,1890,1890,1890,0
2022-03-17 15:11:00,1890,1890,1890,1890,0
2022-03-17 15:12:00,1890,1890,1890,1890,0
2022-03-17 15:13:00,1890,1890,1890,1890,0
2022-03-17 15:14:00,1890,1890,1890,1890,0
2022-03-17 15:15:00,1890,1890,1890,1890,0
2022-03-17 15:16:00,1890,1890,1890,1890,0
2022-03-17 15:17:00,1890,1890,1890,1890,0
2022-03-17 15:18:00,1890,1890,1890,1890,0
2022-03-17 15:19:00,1890,1890,1890,1890,0
2022-03-17 15:20:00,1890,1890,1890,1890,0
2022-03-17 15:21:00,1890,1890,1890,1890,0
2022-03-17 15:22:00,1890,1890,1890,1890,0
2022-03-17 15:23:00,1890,1890,1890,1890,0
2022-03-17 15:24:00,1890,1890,1890,1890,0
2022-03-17 15:25:00,1890,1890,1890,1890,0
2022-03-17 15:26:00,1890,1890,1890,1890,0
2022-03-17 15:27:00,1890,1890,1890,1890,0
2022-03-17 15:28:00,1890,1890,1890,1890,0
2022-03-17 15:29:00,1890,1890,1890,1890,0
2022-03-17 15:30:00,1890,1890,1890,1890,0
2022-03-17 15:31:00,1890,1890,1890,1890,0
2022-03-17 15:32:00,1890,1890,1890,1890,0
2022-03-17 15:33:00,1890,1890,1890,1890,0
2022-03-17 15:34:00,1890,1890,1890,1890,0
2022-03-17 15:35:00,1890,1890,1890,1890,0
2022-03-17 15:36:00,1890,1890,1890,1890,0
2022-03-17 15:37:00,1890,1890,1890,1890,0
2022-03-17 15:38:00,1890,1890,1890,1890,0
2022-03-17 15:39:00,1890,1890,1890,1890,0
2022-03-17 15:40:00,1890,1890,1890,1890,0
2022-03-17 15:41:00,1890,1890,1890,1890,0
2022-03-17 15:42:00,1890,1890,1890,1890,0
2022-03-17 15:43:00,1890,1890,1890,1890,0
2022-03-17 15:44:00,1890,1890,1890,1890,0
2022-03-17 15:45:00,1890,1890,1890,1890,0
2022-03-17 15:46:00,1890,1890,1890,1890,0
2022-03-17 15:47:00,1890,1890,1890,1890,0
2022-03-17 15:48:00,1890,1890,1890,1890,0
2022-03-17 15:49:00,1890,1890,1890,1890,0
2022-03-17 15:50:00,1890,1890,1890,1890,0
2022-03-17 15:51:00,1890,1890,1890,1890,0
2022-03-17 15:52:00,1890,1890,1890,1890,0
2022-03-17 15:53:00,1890,1890,1890,1890,0
2022-03-17 15:54:00,1890,1890,1890,1890,0
2022-03-17 15:55:00,1890,1890,1890,1890,0
2022-03-17 15:56:00,1890,1890,1890,1890,0
2022-03-17 15:57:00,1890,1890,1890,1890,0
2022-03-17 15:58:00,1890,1890,1890,1890,0
2022-03-17 15:59:00,1890,1890,1890,1890,0
2022-03-18 09:00:00,1890,1890,1890,1890,0
2022-03-18 09:01:00,1890,1890,1890,1890,0
2022-03-18 09:02:00,1890,1890,1890,1890,0
2022-03-18 09:03:00,1890,1890,1890,1890,0
2022-03-18 09:04:00,1890,1890,1890,1890,0
2022-03-18 09:05:00,1890,1890,1890,1890,0
2022-03-18 09:06:00,1890,1890,1890,1890,0
2022-03-18 09:07:00,1890,1890,1890,1890,0
2022-03-18 09:08:00,1890,1890,1890,1890,0
2022-03-18 09:09:00,1890,1890,1890,1890,0
2022-03-18 09:10:00,1890,1890,1890,1890,0
2022-03-18 09:11:00,1890,1890,1890,1890,0
2022-03-18 09:12:00,1890,1890,1890,1890,0
2022-03-18 09:13:00,1890,1890,1890,1890,0
2022-03-18 09:14:00,1890,1890,1890,1890,0
2022-03-18 09:15:00,1890,1890,1890,1890,0
2022-03-18 09:16:00,1890,1890,1890,1890,0
2022-03-18 09:17:00,1890,1890,1890,1890,0
2022-03-18 09:18:00,1890,1890,1890,1890,0
2022-03-18 09:19:00,1890,1890,1890,1890,0
2022-03-18 09:20:00,1890,1890,1890,1890,0
2022-03-18 09:21:00,1890,1890,1890,1890,0
2022-03-18 09:22:00,1890,1890,1890,1890,0
2022-03-18 09:23:00,1890,1890,1890,1890,0
2022-03-18 09:24:00,1890,1890,1890,1890,0
2022-03-18 09:25:00,1890,1890,1890,1890,0
2022-03-18 09:26:00,1890,1890,1890,1890,0
2022-03-18 09:27:00,1890,1890,1890,1890,0
2022-03-18 09:28:00,1890,1890,1890,1890,0
2022-03-18 09:29:00,1890,1890,1890,1890,0
2022-03-18 09:30:00,1890,1890,1890,1890,0
2022-03-18 09:31:00,1890,1890,1890,1890,0
2022-03-18 09:32:00,1890,1890,1890,1890,0
2022-03-18 09:33:00,1890,1890,1890,1890,0
2022-03-18 09:34:00,1890,1890,1890,1890,0
2022-03-18 09:35:00,1890,1890,1890,1890,0
2022-03-18 09:36:00,1890,1890,1890,1890,0
2022-03-18 09:37:00,1890,1890,1890,1890,0
2022-03-18 09:38:00,1890,1890,1890,1890,0
2022-03-18 09:39:00,1890,1890,1890,1890,0
2022-03-18 09:40:00,1890,1890,1890,1890,0
2022-03-18 09:41:00,1890,1890,1890,1890,0
2022-03-18 09:42:00,1890,1890,1890,1890,0
2022-03-18 09:43:00,1890,1890,1890,1890,0
2022-03-18 09:44:00,1890,1890,1890,1890,0
2022-03-18 09:45:00,1890,1890,1890,1890,0
2022-03-18 09:46:00,1890,1890,1890,1890,0
2022-03-18 09:47:00,1890,1890,1890,1890,0
2022-03-18 09:48:00,1890,1890,1890,1890,0
2022-03-18 09:49:00,1890,1890,1890,1890,0
2022-03-18 09:50:00,1890,1890,1890,1890,400
2022-03-18 09:51:00,1890,1890,1890,1890,0
2022-03-18 09:52:00,1890,1890,1890,1890,0
2022-03-18 09:53:00,1890,1890,1890,1890,0
2022-03-18 09:54:00,1890,1890,1890,1890,0
2022-03-18 09:55:00,1890,1890,1890,1890,0
2022-03-18 09:56:00,1890,1890,1890,1890,0
2022-03-18 09:57:00,1890,1890,1890,1890,0
2022-03-18 09:58:00,1890,1890,1890,1890,0
2022-03-18 09:59:00,1890,1890,1890,1890,0
2022-03-18 10:00:00,1890,1890,1890,1890,0
2022-03-18 10:01:00,1890,1890,1890,1890,0
2022-03-18 10:02:00,1890,1890,1890,1890,0
2022-03-18 10:03:00,1890,1890,1890,1890,0
2022-03-18 10:04:00,1890,1890,1890,1890,0
2022-03-18 10:05:00,1890,1890,1890,1890,0
2022-03-18 10:06:00,1890,1890,1890,1890,0
2022-03-18 10:07:00,1890,1890,1890,1890,0
2022-03-18 10:08:00,1890,1890,1890,1890,0
2022-03-18 10:09:00,1890,1890,1890,1890,0
2022-03-18 10:10:00,1890,1890,1890,1890,0
2022-03-18 10:11:00,1890,1890,1890,1890,0
2022-03-18 10:12:00,1890,1890,1890,1890,0
2022-03-18 10:13:00,1890,1890,1890,1890,0
2022-03-18 10:14:00,1890,1890,1890,1890,0
2022-03-18 10:15:00,1890,1890,1890,1890,0
2022-03-18 10:16:00,1890,1890,1890,1890,0
2022-03-18 10:17:00,1890,1890,1890,1890,0
2022-03-18 10:18:00,1890,1890,1890,1890,0
2022-03-18 10:19:00,1890,1890,1890,1890,0
2022-03-18 10:20:00,1890,1890,1890,1890,0
2022-03-18 10:21:00,1890,1890,1890,1890,0
2022-03-18 10:22:00,1890,1890,1890,1890,0
2022-03-18 10:23:00,1890,1890,1890,1890,0
2022-03-18 10:24:00,1890,1890,1890,1890,0
2022-03-18 10:25:00,1890,1890,1890,1890,0
2022-03-18 10:26:00,1890,1890,1890,1890,0
2022-03-18 10:27:00,1890,1890,1890,1890,0
2022-03-18 10:28:00,1890,1890,1890,1890,0
2022-03-18 10:29:00,1890,1890,1890,1890,0
2022-03-18 10:30:00,1890,1890,1890,1890,0
2022-03-18 10:31:00,1890,1890,1890,1890,0
2022-03-18 10:32:00,1890,1890,1890,1890,0
2022-03-18 10:33:00,1890,1890,1890,1890,0
2022-03-18 10:34:00,1890,1890,1890,1890,0
2022-03-18 10:35:00,1890,1890,1890,1890,0
2022-03-18 10:36:00,1890,1890,1890,1890,0
2022-03-18 10:37:00,1890,1890,1890,1890,0
2022-03-18 10:38:00,1890,1890,1890,1890,0
2022-03-18 10:39:00,1890,1890,1890,1890,0
2022-03-18 10:40:00,1890,1890,1890,1890,0
2022-03-18 10:41:00,1890,1890,1890,1890,0
2022-03-18 10:42:00,1890,1890,1890,1890,0
2022-03-18 10:43:00,1890,1890,1890,1890,0
2022-03-18 10:44:00,1890,1890,1890,1890,0
2022-03-18 10:45:00,1890,1890,1890,1890,0
2022-03-18 10:46:00,1890,1890,1890,1890,0
2022-03-18 10:47:00,1890,1890,1890,1890,0
2022-03-18 10:48:00,1890,1890,1890,1890,0
2022-03-18 10:49:00,1890,1890,1890,1890,0
2022-03-18 10:50:00,1890,1890,1890,1890,0
2022-03-18 10:51:00,1890,1890,1890,1890,0
2022-03-18 10:52:00,1890,1890,1890,1890,0
2022-03-18 10:53:00,1890,1890,1890,1890,0
2022-03-18 10:54:00,1890,1890,1890,1890,0
2022-03-18 10:55:00,1890,1890,1890,1890,0
2022-03-18 10:56:00,1890,1890,1890,1890,0
2022-03-18 10:57:00,1890,1890,1890,1890,0
2022-03-18 10:58:00,1890,1890,1890,1890,0
2022-03-18 10:59:00,1890,1890,1890,1890,0
2022-03-18 11:00:00,1890,1890,1890,1890,0
2022-03-18 11:01:00,1890,1890,1890,1890,0
2022-03-18 11:02:00,1890,1890,1890,1890,0
2022-03-18 11:03:00,1890,1890,1890,1890,0
2022-03-18 11:04:00,1890,1890,1890,1890,0
2022-03-18 11:05:00,1890,1890,1890,1890,0
2022-03-18 11:06:00,1890,1890,1890,1890,0
2022-03-18 11:07:00,1890,1890,1890,1890,0
2022-03-18 11:08:00,1890,1890,1890,1890,0
2022-03-18 11:09:00,1890,1890,1890,1890,0
2022-03-18 11:10:00,1890,1890,1890,1890,0
2022-03-18 11:11:00,1890,1890,1890,1890,0
2022-03-18 11:12:00,1890,1890,1890,1890,0
2022-03-18 11:13:00,1890,1890,1890,1890,0
2022-03-18 11:14:00,1890,1890,1890,1890,0
2022-03-18 11:15:00,1890,1890,1890,1890,0
2022-03-18 11:16:00,1890,1890,1890,1890,0
2022-03-18 11:17:00,1890,1890,1890,1890,0
2022-03-18 11:18:00,1890,1890,1890,1890,0
2022-03-18 11:19:00,1890,1890,1890,1890,0
2022-03-18 11:20:00,1890,1890,1890,1890,0
2022-03-18 11:21:00,1890,1890,1890,1890,0
2022-03-18 11:22:00,1890,1890,1890,1890,0
2022-03-18 11:23:00,1890,1890,1890,1890,0
2022-03-18 11:24:00,1890,1890,1890,1890,0
2022-03-18 11:25:00,1890,1890,1890,1890,0
2022-03-18 11:26:00,1890,1890,1890,1890,0
2022-03-18 11:27:00,1890,1890,1890,1890,0
2022-03-18 11:28:00,1890,1890,1890,1890,0
2022-03-18 11:29:00,1890,1890,1890,1890,0
2022-03-18 11:30:00,1890,1890,1890,1890,0
2022-03-18 11:31:00,1890,1890,1890,1890,0
2022-03-18 11:32:00,1890,1890,1890,1890,0
2022-03-18 11:33:00,1890,1890,1890,1890,0
2022-03-18 11:34:00,1890,1890,1890,1890,0
2022-03-18 11:35:00,1890,1890,1890,1890,0
2022-03-18 11:36:00,1890,1890,1890,1890,0
2022-03-18 11:37:00,1890,1890,1890,1890,0
2022-03-18 11:38:00,1890,1890,1890,1890,0
2022-03-18 11:39:00,1890,1890,1890,1890,0
2022-03-18 11:40:00,1890,1890,1890,1890,0
2022-03-18 11:41:00,1890,1890,1890,1890,0
2022-03-18 11:42:00,1890,1890,1890,1890,0
2022-03-18 11:43:00,1890,1890,1890,1890,0
2022-03-18 11:44:00,1890,1890,1890,1890,0
2022-03-18 11:45:00,1890,1890,1890,1890,0
2022-03-18 11:46:00,1890,1890,1890,1890,0
2022-03-18 11:47:00,1890,1890,1890,1890,0
2022-03-18 11:48:00,1890,1890,1890,1890,0
2022-03-18 11:49:00,1890,1890,1890,1890,0
2022-03-18 11:50:00,1890,1890,1890,1890,0
2022-03-18 11:51:00,1890,1890,1890,1890,0
2022-03-18 11:52:00,1890,1890,1890,1890,0
2022-03-18 11:53:00,1890,1890,1890,1890,0
2022-03-18 11:54:00,1890,1890,1890,1890,0
2022-03-18 11:55:00,1890,1890,1890,1890,0
2022-03-18 11:56:00,1890,1890,1890,1890,0
2022-03-18 11:57:00,1890,1890,1890,1890,0
2022-03-18 11:58:00,1890,1890,1890,1890,0
2022-03-18 11:59:00,1890,1890,1890,1890,0
2022-03-18 12:00:00,1890,1890,1890,1890,0
2022-03-18 12:01:00,1890,1890,1890,1890,0
2022-03-18 12:02:00,1890,1890,1890,1890,0
2022-03-18 12:03:00,1890,1890,1890,1890,0
2022-03-18 12:04:00,1890,1890,1890,1890,0
2022-03-18 12:05:00,1890,1890,1890,1890,0
2022-03-18 12:06:00,1890,1890,1890,1890,0
2022-03-18 12:07:00,1890,1890,1890,1890,0
2022-03-18 12:08:00,1890,1890,1890,1890,0
2022-03-18 12:09:00,1890,1890,1890,1890,0
2022-03-18 12:10:00,1890,1890,1890,1890,0
2022-03-18 12:11:00,1890,1890,1890,1890,0
2022-03-18 12:12:00,1890,1890,1890,1890,0
2022-03-18 12:13:00,1890,1890,1890,1890,0
2022-03-18 12:14:00,1890,1890,1890,1890,0
2022-03-18 12:15:00,1890,1890,1890,1890,0
2022-03-18 12:16:00,1890,1890,1890,1890,0
2022-03-18 12:17:00,1890,1890,1890,1890,0
2022-03-18 12:18:00,1890,1890,1890,1890,0
2022-03-18 12:19:00,1890,1890,1890,1890,0
2022-03-18 12:20:00,1890,1890,1890,1890,0
2022-03-18 12:21:00,1890,1890,1890,1890,0
2022-03-18 12:22:00,1890,1890,1890,1890,0
2022-03-18 12:23:00,1890,1890,1890,1890,0
2022-03-18 12:24:00,1890,1890,1890,1890,0
2022-03-18 12:25:00,1890,1890,1890,1890,0
2022-03-18 12:26:00,1890,1890,1890,1890,0
2022-03-18 12:27:00,1890,1890,1890,1890,0
2022-03-18 12:28:00,1890,1890,1890,1890,0
2022-03-18 12:29:00,1890,1890,1890,1890,0
2022-03-18 12:30:00,1890,1890,1890,1890,0
2022-03-18 12:31:00,1890,1890,1890,1890,0
2022-03-18 12:32:00,1890,1890,1890,1890,0
2022-03-18 12:33:00,1890,1890,1890,1890,0
2022-03-18 12:34:00,1890,1890,1890,1890,0
2022-03-18 12:35:00,1890,1890,1890,1890,0
2022-03-18 12:36:00,1890,1890,1890,1890,0
2022-03-18 12:37:00,1890,1890,1890,1890,0
2022-03-18 12:38:00,1890,1890,1890,1890,0
2022-03-18 12:39:00,1890,1890,1890,1890,0
2022-03-18 12:40:00,1890,1890,1890,1890,0
2022-03-18 12:41:00,1890,1890,1890,1890,0
2022-03-18 12:42:00,1890,1890,1890,1890,0
2022-03-18 12:43:00,1890,1890,1890,1890,0
2022-03-18 12:44:00,1890,1890,1890,1890,0
2022-03-18 12:45:00,1890,1890,1890,1890,0
2022-03-18 12:46:00,1890,1890,1890,1890,0
2022-03-18 12:47:00,1890,1890,1890,1890,0
2022-03-18 12:48:00,1890,1890,1890,1890,0
2022-03-18 12:49:00,1890,1890,1890,1890,0
2022-03-18 12:50:00,1890,1890,1890,1890,0
2022-03-18 12:51:00,1890,1890,1890,1890,0
2022-03-18 12:52:00,1890,1890,1890,1890,0
2022-03-18 12:53:00,1890,1890,1890,1890,0
2022-03-18 12:54:00,1890,1890,1890,1890,0
2022-03-18 12:55:00,1890,1890,1890,1890,0
2022-03-18 12:56:00,1890,1890,1890,1890,0
2022-03-18 12:57:00,1890,1890,1890,1890,0
2022-03-18 12:58:00,1890,1890,1890,1890,0
2022-03-18 12:59:00,1890,1890,1890,1890,0
2022-03-18 13:00:00,1890,1890,1890,1890,0
2022-03-18 13:01:00,1890,1890,1890,1890,0
2022-03-18 13:02:00,1890,1890,1890,1890,0
2022-03-18 13:03:00,1890,1890,1890,1890,0
2022-03-18 13:04:00,1890,1890,1890,1890,0
2022-03-18 13:05:00,1890,1890,1890,1890,0
2022-03-18 13:06:00,1890,1890,1890,1890,0
2022-03-18 13:07:00,1890,1890,1890,1890,0
2022-03-18 13:08:00,1890,1890,1890,1890,0
2022-03-18 13:09:00,1890,1890,1890,1890,0
2022-03-18 13:10:00,1890,1890,1890,1890,0
2022-03-18 13:11:00,1890,1890,1890,1890,0
2022-03-18 13:12:00,1890,1890,1890,1890,0
2022-03-18 13:13:00,1890,1890,1890,1890,0
2022-03-18 13:14:00,1890,1890,1890,1890,0
2022-03-18 13:15:00,1890,1890,1890,1890,0
2022-03-18 13:16:00,1890,1890,1890,1890,0
2022-03-18 13:17:00,1890,1890,1890,1890,0
2022-03-18 13:18:00,1890,1890,1890,1890,0
2022-03-18 13:19:00,1890,1890,1890,1890,0
2022-03-18 13:20:00,1890,1890,1890,1890,0
2022-03-18 13:21:00,1890,1890,1890,1890,0
2022-03-18 13:22:00,1890,1890,1890,1890,0
2022-03-18 13:23:00,1890,1890,1890,1890,0
2022-03-18 13:24:00,1890,1890,1890,1890,0
2022-03-18 13:25:00,1890,1890,1890,1890,0
2022-03-18 13:26:00,1890,1890,1890,1890,0
2022-03-18 13:27:00,1890,1890,1890,1890,0
2022-03-18 13:28:00,1890,1890,1890,1890,0
2022-03-18 13:29:00,1890,1890,1890,1890,0
2022-03-18 13:30:00,1890,1890,1890,1890,0
2022-03-18 13:31:00,1890,1890,1890,1890,0
2022-03-18 13:32:00,1890,1890,1890,1890,0
2022-03-18 13:33:00,1890,1890,1890,1890,0
2022-03-18 13:34:00,1890,1890,1890,1890,0
2022-03-18 13:35:00,1890,1890,1890,1890,0
2022-03-18 13:36:00,1890,1890,1890,1890,0
2022-03-18 13:37:00,1890,1890,1890,1890,0
2022-03-18 13:38:00,1890,1890,1890,1890,0
2022-03-18 13:39:00,1890,1890,1890,1890,0
2022-03-18 13:40:00,1890,1890,1890,1890,0
2022-03-18 13:41:00,1890,1890,1890,1890,0
2022-03-18 13:42:00,1890,1890,1890,1890,0
2022-03-18 13:43:00,1890,1890,1890,1890,0
2022-03-18 13:44:00,1890,1890,1890,1890,0
2022-03-18 13:45:00,1890,1890,1890,1890,0
2022-03-18 13:46:00,1890,1890,1890,1890,0
2022-03-18 13:47:00,1890,1890,1890,1890,0
2022-03-18 13:48:00,1890,1890,1890,1890,0
2022-03-18 13:49:00,1890,1890,1890,1890,0
2022-03-18 13:50:00,1890,1890,1890,1890,0
2022-03-18 13:51:00,1890,1890,1890,1890,0
2022-03-18 13:52:00,1890,1890,1890,1890,0
2022-03-18 13:53:00,1890,1890,1890,1890,0
2022-03-18 13:54:00,1890,1890,1890,1890,0
2022-03-18 13:55:00,1890,1890,1890,1890,0
2022-03-18 13:56:00,1890,1890,1890,1890,0
2022-03-18 13:57:00,1890,1890,1890,1890,0
2022-03-18 13:58:00,1890,1890,1890,1890,0
2022-03-18 13:59:00,1890,1890,1890,1890,0
2022-03-18 14:00:00,1890,1890,1890,1890,0
2022-03-18 14:01:00,1890,1890,1890,1890,0
2022-03-18 14:02:00,1890,1890,1890,1890,0
2022-03-18 14:03:00,1890,1890,1890,1890,0
2022-03-18 14:04:00,1890,1890,1890,1890,0
2022-03-18 14:05:00,1890,1890,1890,1890,0
2022-03-18 14:06:00,1890,1890,1890,1890,0
2022-03-18 14:07:00,1890,1890,1890,1890,0
2022-03-18 14:08:00,1890,1890,1890,1890,0
2022-03-18 14:09:00,1890,1890,1890,1890,0
2022-03-18 14:10:00,1890,1890,1890,1890,0
2022-03-18 14:11:00,1890,1890,1890,1890,0
2022-03-18 14:12:00,1890,1890,1890,1890,0
2022-03-18 14:13:00,1890,1890,1890,1890,0
2022-03-18 14:14:00,1890,1890,1890,1890,0
2022-03-18 14:15:00,1890,1890,1890,1890,0
2022-03-18 14:16:00,1890,1890,1890,1890,0
2022-03-18 14:17:00,1890,1890,1890,1890,0
2022-03-18 14:18:00,1890,1890,1890,1890,0
2022-03-18 14:19:00,1890,1890,1890,1890,0
2022-03-18 14:20:00,1890,1890,1890,1890,0
2022-03-18 14:21:00,1890,1890,1890,1890,0
2022-03-18 14:22:00,1890,1890,1890,1890,0
2022-03-18 14:23:00,1890,1890,1890,1890,0
2022-03-18 14:24:00,1890,1890,1890,1890,0
2022-03-18 14:25:00,1890,1890,1890,1890,0
2022-03-18 14:26:00,1890,1890,1890,1890,0
2022-03-18 14:27:00,1890,1890,1890,1890,0
2022-03-18 14:28:00,1890,1890,1890,1890,0
2022-03-18 14:29:00,1890,1890,1890,1890,0
2022-03-18 14:30:00,1890,1890,1890,1890,0
2022-03-18 14:31:00,1890,1890,1890,1890,0
2022-03-18 14:32:00,1890,1890,1890,1890,0
2022-03-18 14:33:00,1890,1890,1890,1890,0
2022-03-18 14:34:00,1890,1890,1890,1890,0
2022-03-18 14:35:00,1890,1890,1890,1890,0
2022-03-18 14:36:00,1890,1890,1890,1890,0
2022-03-18 14:37:00,1890,1890,1890,1890,0
2022-03-18 14:38:00,1890,1890,1890,1890,0
2022-03-18 14:39:00,1890,1890,1890,1890,0
2022-03-18 14:40:00,1890,1890,1890,1890,0
2022-03-18 14:41:00,1890,1890,1890,1890,0
2022-03-18 14:42:00,1890,1890,1890,1890,0
2022-03-18 14:43:00,1890,1890,1890,1890,0
2022-03-18 14:44:00,1890,1890,1890,1890,0
2022-03-18 14:45:00,1890,1890,1890,1890,0
2022-03-18 14:46:00,1890,1890,1890,1890,0
2022-03-18 14:47:00,1890,1890,1890,1890,0
2022-03-18 14:48:00,1890,1890,1890,1890,0
2022-03-18 14:49:00,1890,1890,1890,1890,0
2022-03-18 14:50:00,1890,1890,1890,1890,0
2022-03-18 14:51:00,1890,1890,1890,1890,0
2022-03-18 14:52:00,1890,1890,1890,1890,0
2022-03-18 14:53:00,1890,1890,1890,1890,0
2022-03-18 14:54:00,1890,1890,1890,1890,0
2022-03-18 14:55:00,1890,1890,1890,1890,0
2022-03-18 14:56:00,1890,1890,1890,1890,0
2022-03-18 14:57:00,1890,1890,1890,1890,0
2022-03-18 14:58:00,1890,1890,1890,1890,0
2022-03-18 14:59:00,1890,1890,1890,1890,0
2022-03-18 15:00:00,1890,1890,1890,1890,0
2022-03-18 15:01:00,1890,1890,1890,1890,0
2022-03-18 15:02:00,1890,1890,1890,1890,0
2022-03-18 15:03:00,1890,1890,1890,1890,0
2022-03-18 15:04:00,1890,1890,1890,1890,0
2022-03-18 15:05:00,1890,1890,1890,1890,0
2022-03-18 15:06:00,1890,1890,1890,1890,0
2022-03-18 15:07:00,1890,1890,1890,1890,0
2022-03-18 15:08:00,1890,1890,1890,1890,0
2022-03-18 15:09:00,1890,1890,1890,1890,0
2022-03-18 15:10:00,1890,1890,1890,1890,0
2022-03-18 15:11:00,1890,1890,1890,1890,0
2022-03-18 15:12:00,1890,1890,1890,1890,0
2022-03-18 15:13:00,1890,1890,1890,1890,0
2022-03-18 15:14:00,1890,1890,1890,1890,0
2022-03-18 15:15:00,1890,1890,1890,1890,0
2022-03-18 15:16:00,1890,1890,1890,1890,0
2022-03-18 15:17:00,1890,1890,1890,1890,0
2022-03-18 15:18:00,1890,1890,1890,1890,0
2022-03-18 15:19:00,1890,1890,1890,1890,0
2022-03-18 15:20:00,1890,1890,1890,1890,0
2022-03-18 15:21:00,1890,1890,1890,1890,0
2022-03-18 15:22:00,1890,1890,1890,1890,0
2022-03-18 15:23:00,1890,1890,1890,1890,0
2022-03-18 15:24:00,1890,1890,1890,1890,0
2022-03-18 15:25:00,1890,1890,1890,1890,0
2022-03-18 15:26:00,1890,1890,1890,1890,0
2022-03-18 15:27:00,1890,1890,1890,1890,0
2022-03-18 15:28:00,1890,1890,1890,1890,0
2022-03-18 15:29:00,1890,1890,1890,1890,0
2022-03-18 15:30:00,1890,1890,1890,1890,0
2022-03-18 15:31:00,1890,1890,1890,1890,0
2022-03-18 15:32:00,1890,1890,1890,1890,0
2022-03-18 15:33:00,1890,1890,1890,1890,0
2022-03-18 15:34:00,1890,1890,1890,1890,0
2022-03-18 15:35:00,1890,1890,1890,1890,0
2022-03-18 15:36:00,1890,1890,1890,1890,0
2022-03-18 15:37:00,1890,1890,1890,1890,0
2022-03-18 15:38:00,1890,1890,1890,1890,0
2022-03-18 15:39:00,1890,1890,1890,1890,0
2022-03-18 15:40:00,1890,1890,1890,1890,0
2022-03-18 15:41:00,1890,1890,1890,1890,0
2022-03-18 15:42:00,1890,1890,1890,1890,0
2022-03-18 15:43:00,1890,1890,1890,1890,0
2022-03-18 15:44:00,1890,1890,1890,1890,0
2022-03-18 15:45:00,1890,1890,1890,1890,0
2022-03-18 15:46:00,1890,1890,1890,1890,0
2022-03-18 15:47:00,1890,1890,1890,1890,0
2022-03-18 15:48:00,1890,1890,1890,1890,0
2022-03-18 15:49:00,1890,1890,1890,1890,0
2022-03-18 15:50:00,1890,1890,1890,1890,0
2022-03-18 15:51:00,1890,1890,1890,1890,0
2022-03-18 15:52:00,1890,1890,1890,1890,0
2022-03-18 15:53:00,1890,1890,1890,1890,0
2022-03-18 15:54:00,1890,1890,1890,1890,0
2022-03-18 15:55:00,1890,1890,1890,1890,0
2022-03-18 15:56:00,1890,1890,1890,1890,0
2022-03-18 15:57:00,1890,1890,1890,1890,0
2022-03-18 15:58:00,1890,1890,1890,1890,0
2022-03-18 15:59:00,1890,1890,1890,1890,0
2022-03-21 09:00:00,2020,2020,2020,2020,0
2022-03-21 09:01:00,2020,2020,2020,2020,0
2022-03-21 09:02:00,2020,2020,2020,2020,0
2022-03-21 09:03:00,2020,2020,2020,2020,0
2022-03-21 09:04:00,2020,2020,2020,2020,0
2022-03-21 09:05:00,2020,2020,2020,2020,0
2022-03-21 09:06:00,2020,2020,2020,2020,0
2022-03-21 09:07:00,2020,2020,2020,2020,0
2022-03-21 09:08:00,2020,2020,2020,2020,0
2022-03-21 09:09:00,2020,2020,2020,2020,0
2022-03-21 09:10:00,2020,2020,2020,2020,0
2022-03-21 09:11:00,2020,2020,2020,2020,0
2022-03-21 09:12:00,2020,2020,2020,2020,0
2022-03-21 09:13:00,2020,2020,2020,2020,0
2022-03-21 09:14:00,2020,2020,2020,2020,0
2022-03-21 09:15:00,2020,2020,2020,2020,0
2022-03-21 09:16:00,2020,2020,2020,2020,0
2022-03-21 09:17:00,2020,2020,2020,2020,0
2022-03-21 09:18:00,2020,2020,2020,2020,0
2022-03-21 09:19:00,2020,2020,2020,2020,0
2022-03-21 09:20:00,2020,2020,2020,2020,0
2022-03-21 09:21:00,2020,2020,2020,2020,0
2022-03-21 09:22:00,2020,2020,2020,2020,0
2022-03-21 09:23:00,2020,2020,2020,2020,0
2022-03-21 09:24:00,2020,2020,2020,2020,0
2022-03-21 09:25:00,2020,2020,2020,2020,0
2022-03-21 09:26:00,2020,2020,2020,2020,0
2022-03-21 09:27:00,2020,2020,2020,2020,0
2022-03-21 09:28:00,2020,2020,2020,2020,0
2022-03-21 09:29:00,2020,2020,2020,2020,0
2022-03-21 09:30:00,2020,2020,2020,2020,0
2022-03-21 09:31:00,2020,2020,2020,2020,0
2022-03-21 09:32:00,2020,2020,2020,2020,0
2022-03-21 09:33:00,2020,2020,2020,2020,0
2022-03-21 09:34:00,2020,2020,2020,2020,0
2022-03-21 09:35:00,2020,2020,2020,2020,0
2022-03-21 09:36:00,2020,2020,2020,2020,0
2022-03-21 09:37:00,2020,2020,2020,2020,0
2022-03-21 09:38:00,2020,2020,2020,2020,0
2022-03-21 09:39:00,2020,2020,2020,2020,0
2022-03-21 09:40:00,2020,2020,2020,2020,0
2022-03-21 09:41:00,2020,2020,2020,2020,0
2022-03-21 09:42:00,2020,2020,2020,2020,0
2022-03-21 09:43:00,2020,2020,2020,2020,0
2022-03-21 09:44:00,2020,2020,2020,2020,0
2022-03-21 09:45:00,2020,2020,2020,2020,0
2022-03-21 09:46:00,2020,2020,2020,2020,0
2022-03-21 09:47:00,2020,2020,2020,2020,0
2022-03-21 09:48:00,2020,2020,2020,2020,0
2022-03-21 09:49:00,2020,2020,2020,2020,0
2022-03-21 09:50:00,2020,2020,2020,2020,0
2022-03-21 09:51:00,2020,2020,2020,2020,0
2022-03-21 09:52:00,2020,2020,2020,2020,0
2022-03-21 09:53:00,2020,2020,2020,2020,0
2022-03-21 09:54:00,2020,2020,2020,2020,0
2022-03-21 09:55:00,2020,2020,2020,2020,0
2022-03-21 09:56:00,2020,2020,2020,2020,0
2022-03-21 09:57:00,2020,2020,2020,2020,0
2022-03-21 09:58:00,2020,2020,2020,2020,0
2022-03-21 09:59:00,2020,2020,2020,2020,0
2022-03-21 10:00:00,2020,2020,2020,2020,0
2022-03-21 10:01:00,2020,2020,2020,2020,0
2022-03-21 10:02:00,2020,2020,2020,2020,0
2022-03-21 10:03:00,2020,2020,2020,2020,0
2022-03-21 10:04:00,2020,2020,2020,2020,0
2022-03-21 10:05:00,2020,2020,2020,2020,0
2022-03-21 10:06:00,2020,2020,2020,2020,0
2022-03-21 10:07:00,2020,2020,2020,2020,0
2022-03-21 10:08:00,2020,2020,2020,2020,0
2022-03-21 10:09:00,2020,2020,2020,2020,0
2022-03-21 10:10:00,2020,2020,2020,2020,0
2022-03-21 10:11:00,2020,2020,2020,2020,0
2022-03-21 10:12:00,2020,2020,2020,2020,0
2022-03-21 10:13:00,2020,2020,2020,2020,0
2022-03-21 10:14:00,2020,2020,2020,2020,0
2022-03-21 10:15:00,2020,2020,2020,2020,0
2022-03-21 10:16:00,2020,2020,2020,2020,0
2022-03-21 10:17:00,2020,2020,2020,2020,0
2022-03-21 10:18:00,2020,2020,2020,2020,0
2022-03-21 10:19:00,2020,2020,2020,2020,0
2022-03-21 10:20:00,2020,2020,2020,2020,0
2022-03-21 10:21:00,2020,2020,2020,2020,0
2022-03-21 10:22:00,2020,2020,2020,2020,0
2022-03-21 10:23:00,2020,2020,2020,2020,0
2022-03-21 10:24:00,2020,2020,2020,2020,0
2022-03-21 10:25:00,2020,2020,2020,2020,0
2022-03-21 10:26:00,2020,2020,2020,2020,0
2022-03-21 10:27:00,2020,2020,2020,2020,0
2022-03-21 10:28:00,2020,2020,2020,2020,0
2022-03-21 10:29:00,2020,2020,2020,2020,0
2022-03-21 10:30:00,2020,2020,2020,2020,0
2022-03-21 10:31:00,2020,2020,2020,2020,0
2022-03-21 10:32:00,2020,2020,2020,2020,0
2022-03-21 10:33:00,2020,2020,2020,2020,0
2022-03-21 10:34:00,2020,2020,2020,2020,0
2022-03-21 10:35:00,2020,2020,2020,2020,0
2022-03-21 10:36:00,2020,2020,2020,2020,0
2022-03-21 10:37:00,2020,2020,2020,2020,0
2022-03-21 10:38:00,2020,2020,2020,2020,0
2022-03-21 10:39:00,2020,2020,2020,2020,0
2022-03-21 10:40:00,2020,2020,2020,2020,0
2022-03-21 10:41:00,2020,2020,2020,2020,0
2022-03-21 10:42:00,2020,2020,2020,2020,0
2022-03-21 10:43:00,2020,2020,2020,2020,0
2022-03-21 10:44:00,2020,2020,2020,2020,0
2022-03-21 10:45:00,2020,2020,2020,2020,0
2022-03-21 10:46:00,2020,2020,2020,2020,0
2022-03-21 10:47:00,2020,2020,2020,2020,0
2022-03-21 10:48:00,2020,2020,2020,2020,0
2022-03-21 10:49:00,2020,2020,2020,2020,0
2022-03-21 10:50:00,2020,2020,2020,2020,0
2022-03-21 10:51:00,2020,2020,2020,2020,0
2022-03-21 10:52:00,2020,2020,2020,2020,0
2022-03-21 10:53:00,2020,2020,2020,2020,0
2022-03-21 10:54:00,2020,2020,2020,2020,0
2022-03-21 10:55:00,2020,2020,2020,2020,0
2022-03-21 10:56:00,2020,2020,2020,2020,0
2022-03-21 10:57:00,2020,2020,2020,2020,0
2022-03-21 10:58:00,2020,2020,2020,2020,0
2022-03-21 10:59:00,2020,2020,2020,2020,0
2022-03-21 11:00:00,2020,2020,2020,2020,0
2022-03-21 11:01:00,2020,2020,2020,2020,0
2022-03-21 11:02:00,2020,2020,2020,2020,0
2022-03-21 11:03:00,2020,2020,2020,2020,0
2022-03-21 11:04:00,2020,2020,2020,2020,0
2022-03-21 11:05:00,2020,2020,2020,2020,0
2022-03-21 11:06:00,2020,2020,2020,2020,0
2022-03-21 11:07:00,2020,2020,2020,2020,0
2022-03-21 11:08:00,2020,2020,2020,2020,0
2022-03-21 11:09:00,2020,2020,2020,2020,0
2022-03-21 11:10:00,2020,2020,2020,2020,0
2022-03-21 11:11:00,2020,2020,2020,2020,0
2022-03-21 11:12:00,2020,2020,2020,2020,0
2022-03-21 11:13:00,2020,2020,2020,2020,0
2022-03-21 11:14:00,2020,2020,2020,2020,0
2022-03-21 11:15:00,2020,2020,2020,2020,0
2022-03-21 11:16:00,2020,2020,2020,2020,0
2022-03-21 11:17:00,2020,2020,2020,2020,0
2022-03-21 11:18:00,2020,2020,2020,2020,0
2022-03-21 11:19:00,2020,2020,2020,2020,0
2022-03-21 11:20:00,2020,2020,2020,2020,0
2022-03-21 11:21:00,2020,2020,2020,2020,0
2022-03-21 11:22:00,2020,2020,2020,2020,0
2022-03-21 11:23:00,2020,2020,2020,2020,0
2022-03-21 11:24:00,2020,2020,2020,2020,0
2022-03-21 11:25:00,2020,2020,2020,2020,0
2022-03-21 11:26:00,2020,2020,2020,2020,0
2022-03-21 11:27:00,2020,2020,2020,2020,0
2022-03-21 11:28:00,2020,2020,2020,2020,0
2022-03-21 11:29:00,2020,2020,2020,2020,0
2022-03-21 11:30:00,2020,2020,2020,2020,0
2022-03-21 11:31:00,2020,2020,2020,2020,0
2022-03-21 11:32:00,2020,2020,2020,2020,0
2022-03-21 11:33:00,2020,2020,2020,2020,0
2022-03-21 11:34:00,2020,2020,2020,2020,0
2022-03-21 11:35:00,2020,2020,2020,2020,0
2022-03-21 11:36:00,2020,2020,2020,2020,0
2022-03-21 11:37:00,2020,2020,2020,2020,0
2022-03-21 11:38:00,2020,2020,2020,2020,0
2022-03-21 11:39:00,2020,2020,2020,2020,0
2022-03-21 11:40:00,2020,2020,2020,2020,0
2022-03-21 11:41:00,2020,2020,2020,2020,0
2022-03-21 11:42:00,2020,2020,2020,2020,0
2022-03-21 11:43:00,2020,2020,2020,2020,0
2022-03-21 11:44:00,2020,2020,2020,2020,0
2022-03-21 11:45:00,2020,2020,2020,2020,0
2022-03-21 11:46:00,2020,2020,2020,2020,0
2022-03-21 11:47:00,2020,2020,2020,2020,0
2022-03-21 11:48:00,2020,2020,2020,2020,0
2022-03-21 11:49:00,2020,2020,2020,2020,0
2022-03-21 11:50:00,2020,2020,2020,2020,0
2022-03-21 11:51:00,2020,2020,2020,2020,0
2022-03-21 11:52:00,2020,2020,2020,2020,0
2022-03-21 11:53:00,2020,2020,2020,2020,0
2022-03-21 11:54:00,2020,2020,2020,2020,0
2022-03-21 11:55:00,2020,2020,2020,2020,0
2022-03-21 11:56:00,2020,2020,2020,2020,0
2022-03-21 11:57:00,2020,2020,2020,2020,0
2022-03-21 11:58:00,2020,2020,2020,2020,0
2022-03-21 11:59:00,2020,2020,2020,2020,0
2022-03-21 12:00:00,2020,2020,2020,2020,0
2022-03-21 12:01:00,2020,2020,2020,2020,0
2022-03-21 12:02:00,2020,2020,2020,2020,0
2022-03-21 12:03:00,2020,2020,2020,2020,0
2022-03-21 12:04:00,2020,2020,2020,2020,0
2022-03-21 12:05:00,2020,2020,2020,2020,0
2022-03-21 12:06:00,2020,2020,2020,2020,0
2022-03-21 12:07:00,2020,2020,2020,2020,0
2022-03-21 12:08:00,2020,2020,2020,2020,0
2022-03-21 12:09:00,2020,2020,2020,2020,0
2022-03-21 12:10:00,2020,2020,2020,2020,0
2022-03-21 12:11:00,2020,2020,2020,2020,0
2022-03-21 12:12:00,2020,2020,2020,2020,0
2022-03-21 12:13:00,2020,2020,2020,2020,0
2022-03-21 12:14:00,2020,2020,2020,2020,0
2022-03-21 12:15:00,2020,2020,2020,2020,0
2022-03-21 12:16:00,2020,2020,2020,2020,0
2022-03-21 12:17:00,2020,2020,2020,2020,0
2022-03-21 12:18:00,2020,2020,2020,2020,0
2022-03-21 12:19:00,2020,2020,2020,2020,0
2022-03-21 12:20:00,2020,2020,2020,2020,0
2022-03-21 12:21:00,2020,2020,2020,2020,0
2022-03-21 12:22:00,2020,2020,2020,2020,0
2022-03-21 12:23:00,2020,2020,2020,2020,0
2022-03-21 12:24:00,2020,2020,2020,2020,0
2022-03-21 12:25:00,2020,2020,2020,2020,0
2022-03-21 12:26:00,2020,2020,2020,2020,0
2022-03-21 12:27:00,2020,2020,2020,2020,0
2022-03-21 12:28:00,2020,2020,2020,2020,0
2022-03-21 12:29:00,2020,2020,2020,2020,0
2022-03-21 12:30:00,2020,2020,2020,2020,0
2022-03-21 12:31:00,2020,2020,2020,2020,0
2022-03-21 12:32:00,2020,2020,2020,2020,0
2022-03-21 12:33:00,2020,2020,2020,2020,0
2022-03-21 12:34:00,2020,2020,2020,2020,0
2022-03-21 12:35:00,2020,2020,2020,2020,0
2022-03-21 12:36:00,2020,2020,2020,2020,0
2022-03-21 12:37:00,2020,2020,2020,2020,0
2022-03-21 12:38:00,2020,2020,2020,2020,0
2022-03-21 12:39:00,2020,2020,2020,2020,0
2022-03-21 12:40:00,2020,2020,2020,2020,0
2022-03-21 12:41:00,2020,2020,2020,2020,0
2022-03-21 12:42:00,2020,2020,2020,2020,0
2022-03-21 12:43:00,2020,2020,2020,2020,0
2022-03-21 12:44:00,2020,2020,2020,2020,0
2022-03-21 12:45:00,2020,2020,2020,2020,0
2022-03-21 12:46:00,2020,2020,2020,2020,0
2022-03-21 12:47:00,2020,2020,2020,2020,0
2022-03-21 12:48:00,2020,2020,2020,2020,0
2022-03-21 12:49:00,2020,2020,2020,2020,0
2022-03-21 12:50:00,2020,2020,2020,2020,0
2022-03-21 12:51:00,2020,2020,2020,2020,0
2022-03-21 12:52:00,2020,2020,2020,2020,0
2022-03-21 12:53:00,2020,2020,2020,2020,0
2022-03-21 12:54:00,2020,2020,2020,2020,0
2022-03-21 12:55:00,2020,2020,2020,2020,0
2022-03-21 12:56:00,2020,2020,2020,2020,0
2022-03-21 12:57:00,2020,2020,2020,2020,0
2022-03-21 12:58:00,2020,2020,2020,2020,0
2022-03-21 12:59:00,2020,2020,2020,2020,0
2022-03-21 13:00:00,2020,2020,2020,2020,0
2022-03-21 13:01:00,2020,2020,2020,2020,0
2022-03-21 13:02:00,2020,2020,2020,2020,0
2022-03-21 13:03:00,2020,2020,2020,2020,0
2022-03-21 13:04:00,2020,2020,2020,2020,0
2022-03-21 13:05:00,2020,2020,2020,2020,0
2022-03-21 13:06:00,2020,2020,2020,2020,0
2022-03-21 13:07:00,2020,2020,2020,2020,0
2022-03-21 13:08:00,2020,2020,2020,2020,0
2022-03-21 13:09:00,2020,2020,2020,2020,0
2022-03-21 13:10:00,2020,2020,2020,2020,0
2022-03-21 13:11:00,2020,2020,2020,2020,0
2022-03-21 13:12:00,2020,2020,2020,2020,0
2022-03-21 13:13:00,2020,2020,2020,2020,0
2022-03-21 13:14:00,2020,2020,2020,2020,0
2022-03-21 13:15:00,2020,2020,2020,2020,0
2022-03-21 13:16:00,2020,2020,2020,2020,0
2022-03-21 13:17:00,2020,2020,2020,2020,0
2022-03-21 13:18:00,2020,2020,2020,2020,0
2022-03-21 13:19:00,2020,2020,2020,2020,0
2022-03-21 13:20:00,2020,2020,2020,2020,0
2022-03-21 13:21:00,2020,2020,2020,2020,0
2022-03-21 13:22:00,2020,2020,2020,2020,0
2022-03-21 13:23:00,2020,2020,2020,2020,0
2022-03-21 13:24:00,2020,2020,2020,2020,0
2022-03-21 13:25:00,2020,2020,2020,2020,0
2022-03-21 13:26:00,2020,2020,2020,2020,0
2022-03-21 13:27:00,2020,2020,2020,2020,0
2022-03-21 13:28:00,2020,2020,2020,2020,0
2022-03-21 13:29:00,2020,2020,2020,2020,0
2022-03-21 13:30:00,2020,2020,2020,2020,0
2022-03-21 13:31:00,2020,2020,2020,2020,0
2022-03-21 13:32:00,2020,2020,2020,2020,0
2022-03-21 13:33:00,2020,2020,2020,2020,0
2022-03-21 13:34:00,2020,2020,2020,2020,0
2022-03-21 13:35:00,2020,2020,2020,2020,0
2022-03-21 13:36:00,2020,2020,2020,2020,0
2022-03-21 13:37:00,2020,2020,2020,2020,0
2022-03-21 13:38:00,2020,2020,2020,2020,0
2022-03-21 13:39:00,2020,2020,2020,2020,0
2022-03-21 13:40:00,2020,2020,2020,2020,0
2022-03-21 13:41:00,2020,2020,2020,2020,0
2022-03-21 13:42:00,2020,2020,2020,2020,0
2022-03-21 13:43:00,2020,2020,2020,2020,0
2022-03-21 13:44:00,2020,2020,2020,2020,0
2022-03-21 13:45:00,2020,2020,2020,2020,0
2022-03-21 13:46:00,2020,2020,2020,2020,0
2022-03-21 13:47:00,2020,2020,2020,2020,0
2022-03-21 13:48:00,2020,2020,2020,2020,0
2022-03-21 13:49:00,2020,2020,2020,2020,0
2022-03-21 13:50:00,2020,2020,2020,2020,0
2022-03-21 13:51:00,2020,2020,2020,2020,0
2022-03-21 13:52:00,2020,2020,2020,2020,0
2022-03-21 13:53:00,2020,2020,2020,2020,0
2022-03-21 13:54:00,2020,2020,2020,2020,0
2022-03-21 13:55:00,2020,2020,2020,2020,0
2022-03-21 13:56:00,2020,2020,2020,2020,0
2022-03-21 13:57:00,2020,2020,2020,2020,0
2022-03-21 13:58:00,2020,2020,2020,2020,0
2022-03-21 13:59:00,2020,2020,2020,2020,0
2022-03-21 14:00:00,2020,2020,2020,2020,0
2022-03-21 14:01:00,2020,2020,2020,2020,0
2022-03-21 14:02:00,2020,2020,2020,2020,0
2022-03-21 14:03:00,2020,2020,2020,2020,0
2022-03-21 14:04:00,2020,2020,2020,2020,0
2022-03-21 14:05:00,2020,2020,2020,2020,0
2022-03-21 14:06:00,2020,2020,2020,2020,0
2022-03-21 14:07:00,2020,2020,2020,2020,0
2022-03-21 14:08:00,2020,2020,2020,2020,0
2022-03-21 14:09:00,2020,2020,2020,2020,0
2022-03-21 14:10:00,2020,2020,2020,2020,0
2022-03-21 14:11:00,2020,2020,2020,2020,0
2022-03-21 14:12:00,2020,2020,2020,2020,0
2022-03-21 14:13:00,2020,2020,2020,2020,0
2022-03-21 14:14:00,2020,2020,2020,2020,0
2022-03-21 14:15:00,2020,2020,2020,2020,0
2022-03-21 14:16:00,2020,2020,2020,2020,0
2022-03-21 14:17:00,2020,2020,2020,2020,0
2022-03-21 14:18:00,2020,2020,2020,2020,0
2022-03-21 14:19:00,2020,2020,2020,2020,0
2022-03-21 14:20:00,2020,2020,2020,2020,0
2022-03-21 14:21:00,2020,2020,2020,2020,0
2022-03-21 14:22:00,2020,2020,2020,2020,0
2022-03-21 14:23:00,2020,2020,2020,2020,0
2022-03-21 14:24:00,2020,2020,2020,2020,0
2022-03-21 14:25:00,2020,2020,2020,2020,0
2022-03-21 14:26:00,2020,2020,2020,2020,0
2022-03-21 14:27:00,2020,2020,2020,2020,0
2022-03-21 14:28:00,2020,2020,2020,2020,0
2022-03-21 14:29:00,2020,2020,2020,2020,0
2022-03-21 14:30:00,2020,2020,2020,2020,0
2022-03-21 14:31:00,2020,2020,2020,2020,0
2022-03-21 14:32:00,2020,2020,2020,2020,0
2022-03-21 14:33:00,2020,2020,2020,2020,0
2022-03-21 14:34:00,2020,2020,2020,2020,0
2022-03-21 14:35:00,2020,2020,2020,2020,0
2022-03-21 14:36:00,2020,2020,2020,2020,0
2022-03-21 14:37:00,2020,2020,2020,2020,0
2022-03-21 14:38:00,2020,2020,2020,2020,0
2022-03-21 14:39:00,2020,2020,2020,2020,0
2022-03-21 14:40:00,2020,2020,2020,2020,0
2022-03-21 14:41:00,2020,2020,2020,2020,0
2022-03-21 14:42:00,2020,2020,2020,2020,0
2022-03-21 14:43:00,2020,2020,2020,2020,0
2022-03-21 14:44:00,2020,2020,2020,2020,0
2022-03-21 14:45:00,2020,2020,2020,2020,0
2022-03-21 14:46:00,2020,2020,2020,2020,0
2022-03-21 14:47:00,2020,2020,2020,2020,0
2022-03-21 14:48:00,2020,2020,2020,2020,0
2022-03-21 14:49:00,2020,2020,2020,2020,0
2022-03-21 14:50:00,2020,2020,2020,2020,0
2022-03-21 14:51:00,2020,2020,2020,2020,0
2022-03-21 14:52:00,2020,2020,2020,2020,0
2022-03-21 14:53:00,2020,2020,2020,2020,0
2022-03-21 14:54:00,2020,2020,2020,2020,0
2022-03-21 14:55:00,2020,2020,2020,2020,0
2022-03-21 14:56:00,2020,2020,2020,2020,0
2022-03-21 14:57:00,2020,2020,2020,2020,0
2022-03-21 14:58:00,2020,2020,2020,2020,0
2022-03-21 14:59:00,2020,2020,2020,2020,0
2022-03-21 15:00:00,2020,2020,2020,2020,0
2022-03-21 15:01:00,2020,2020,2020,2020,0
2022-03-21 15:02:00,2020,2020,2020,2020,0
2022-03-21 15:03:00,2020,2020,2020,2020,0
2022-03-21 15:04:00,2020,2020,2020,2020,0
2022-03-21 15:05:00,2020,2020,2020,2020,0
2022-03-21 15:06:00,2020,2020,2020,2020,0
2022-03-21 15:07:00,2020,2020,2020,2020,0
2022-03-21 15:08:00,2020,2020,2020,2020,0
2022-03-21 15:09:00,2020,2020,2020,2020,0
2022-03-21 15:10:00,2020,2020,2020,2020,0
2022-03-21 15:11:00,2020,2020,2020,2020,0
2022-03-21 15:12:00,2020,2020,2020,2020,0
2022-03-21 15:13:00,2020,2020,2020,2020,0
2022-03-21 15:14:00,2020,2020,2020,2020,0
2022-03-21 15:15:00,2020,2020,2020,2020,0
2022-03-21 15:16:00,2020,2020,2020,2020,0
2022-03-21 15:17:00,2020,2020,2020,2020,0
2022-03-21 15:18:00,2020,2020,2020,2020,0
2022-03-21 15:19:00,2020,2020,2020,2020,0
2022-03-21 15:20:00,2020,2020,2020,2020,0
2022-03-21 15:21:00,2020,2020,2020,2020,0
2022-03-21 15:22:00,2020,2020,2020,2020,0
2022-03-21 15:23:00,2020,2020,2020,2020,0
2022-03-21 15:24:00,2020,2020,2020,2020,0
2022-03-21 15:25:00,2020,2020,2020,2020,0
2022-03-21 15:26:00,2020,2020,2020,2020,0
2022-03-21 15:27:00,2020,2020,2020,2020,0
2022-03-21 15:28:00,2020,2020,2020,2020,0
2022-03-21 15:29:00,2020,2020,2020,2020,0
2022-03-21 15:30:00,2020,2020,2020,2020,0
2022-03-21 15:31:00,2020,2020,2020,2020,0
2022-03-21 15:32:00,2020,2020,2020,2020,0
2022-03-21 15:33:00,2020,2020,2020,2020,0
2022-03-21 15:34:00,2020,2020,2020,2020,0
2022-03-21 15:35:00,2020,2020,2020,2020,0
2022-03-21 15:36:00,2020,2020,2020,2020,0
2022-03-21 15:37:00,2020,2020,2020,2020,0
2022-03-21 15:38:00,2020,2020,2020,2020,0
2022-03-21 15:39:00,2020,2020,2020,2020,0
2022-03-21 15:40:00,2020,2020,2020,2020,0
2022-03-21 15:41:00,2020,2020,2020,2020,0
2022-03-21 15:42:00,2020,2020,2020,2020,0
2022-03-21 15:43:00,2020,2020,2020,2020,0
2022-03-21 15:44:00,2020,2020,2020,2020,0
2022-03-21 15:45:00,2020,2020,2020,2020,0
2022-03-21 15:46:00,2020,2020,2020,2020,0
2022-03-21 15:47:00,2020,2020,2020,2020,0
2022-03-21 15:48:00,2020,2020,2020,2020,0
2022-03-21 15:49:00,2020,2020,2020,2020,0
2022-03-21 15:50:00,2020,2020,2020,2020,0
2022-03-21 15:51:00,2020,2020,2020,2020,0
2022-03-21 15:52:00,2020,2020,2020,2020,0
2022-03-21 15:53:00,2020,2020,2020,2020,0
2022-03-21 15:54:00,2020,2020,2020,2020,0
2022-03-21 15:55:00,2020,2020,2020,2020,0
2022-03-21 15:56:00,2020,2020,2020,2020,0
2022-03-21 15:57:00,2020,2020,2020,2020,0
2022-03-21 15:58:00,2020,2020,2020,2020,0
2022-03-21 15:59:00,2020,2020,2020,2020,0
2022-03-22 09:00:00,2020,2020,2020,2020,0
2022-03-22 09:01:00,2020,2020,2020,2020,0
2022-03-22 09:02:00,2020,2020,2020,2020,0
2022-03-22 09:03:00,2020,2020,2020,2020,0
2022-03-22 09:04:00,2020,2020,2020,2020,0
2022-03-22 09:05:00,2020,2020,2020,2020,0
2022-03-22 09:06:00,2020,2020,2020,2020,0
2022-03-22 09:07:00,2020,2020,2020,2020,0
2022-03-22 09:08:00,2020,2020,2020,2020,0
2022-03-22 09:09:00,2020,2020,2020,2020,0
2022-03-22 09:10:00,2020,2020,2020,2020,0
2022-03-22 09:11:00,2020,2020,2020,2020,0
2022-03-22 09:12:00,2020,2020,2020,2020,0
2022-03-22 09:13:00,2020,2020,2020,2020,0
2022-03-22 09:14:00,2020,2020,2020,2020,0
2022-03-22 09:15:00,2020,2020,2020,2020,0
2022-03-22 09:16:00,2020,2020,2020,2020,0
2022-03-22 09:17:00,2020,2020,2020,2020,0
2022-03-22 09:18:00,2020,2020,2020,2020,0
2022-03-22 09:19:00,2020,2020,2020,2020,0
2022-03-22 09:20:00,2020,2020,2020,2020,0
2022-03-22 09:21:00,2020,2020,2020,2020,0
2022-03-22 09:22:00,2020,2020,2020,2020,0
2022-03-22 09:23:00,2020,2020,2020,2020,0
2022-03-22 09:24:00,2020,2020,2020,2020,0
2022-03-22 09:25:00,2020,2020,2020,2020,0
2022-03-22 09:26:00,2020,2020,2020,2020,0
2022-03-22 09:27:00,2020,2020,2020,2020,0
2022-03-22 09:28:00,2020,2020,2020,2020,0
2022-03-22 09:29:00,2020,2020,2020,2020,0
2022-03-22 09:30:00,2020,2020,2020,2020,0
2022-03-22 09:31:00,2020,2020,2020,2020,0
2022-03-22 09:32:00,2020,2020,2020,2020,0
2022-03-22 09:33:00,2020,2020,2020,2020,0
2022-03-22 09:34:00,2020,2020,2020,2020,0
2022-03-22 09:35:00,2020,2020,2020,2020,0
2022-03-22 09:36:00,2020,2020,2020,2020,0
2022-03-22 09:37:00,2020,2020,2020,2020,0
2022-03-22 09:38:00,1995,1995,1995,1995,0
2022-03-22 09:39:00,1995,1995,1995,1995,0
2022-03-22 09:40:00,1995,1995,1995,1995,700
2022-03-22 09:41:00,1995,1995,1995,1995,0
2022-03-22 09:42:00,1995,1995,1995,1995,0
2022-03-22 09:43:00,1995,1995,1995,1995,0
2022-03-22 09:44:00,1995,1995,1995,1995,0
2022-03-22 09:45:00,1995,1995,1995,1995,0
2022-03-22 09:46:00,1995,1995,1995,1995,0
2022-03-22 09:47:00,1995,1995,1995,1995,0
2022-03-22 09:48:00,1995,1995,1995,1995,0
2022-03-22 09:49:00,1995,1995,1995,1995,0
2022-03-22 09:50:00,1995,1995,1995,1995,0
2022-03-22 09:51:00,1995,1995,1995,1995,0
2022-03-22 09:52:00,1995,1995,1995,1995,0
2022-03-22 09:53:00,1995,1995,1995,1995,0
2022-03-22 09:54:00,1995,1995,1995,1995,0
2022-03-22 09:55:00,1995,1995,1995,1995,0
2022-03-22 09:56:00,1995,1995,1995,1995,0
2022-03-22 09:57:00,1995,1995,1995,1995,0
2022-03-22 09:58:00,1995,1995,1995,1995,0
2022-03-22 09:59:00,1995,1995,1995,1995,0
2022-03-22 10:00:00,1995,1995,1995,1995,0
2022-03-22 10:01:00,1995,1995,1995,1995,0
2022-03-22 10:02:00,1995,1995,1995,1995,0
2022-03-22 10:03:00,1995,1995,1995,1995,0
2022-03-22 10:04:00,1995,1995,1995,1995,200
2022-03-22 10:05:00,1995,1995,1995,1995,0
2022-03-22 10:06:00,1995,1995,1995,1995,0
2022-03-22 10:07:00,1995,1995,1995,1995,0
2022-03-22 10:08:00,1995,1995,1995,1995,0
2022-03-22 10:09:00,1995,1995,1995,1995,0
2022-03-22 10:10:00,1995,1995,1995,1995,0
2022-03-22 10:11:00,1995,1995,1995,1995,0
2022-03-22 10:12:00,1995,1995,1995,1995,0
2022-03-22 10:13:00,1995,1995,1995,1995,0
2022-03-22 10:14:00,1995,1995,1995,1995,0
2022-03-22 10:15:00,1995,1995,1995,1995,0
2022-03-22 10:16:00,1995,1995,1995,1995,0
2022-03-22 10:17:00,1995,1995,1995,1995,0
2022-03-22 10:18:00,1995,1995,1995,1995,0
2022-03-22 10:19:00,1995,1995,1995,1995,0
2022-03-22 10:20:00,1995,1995,1995,1995,0
2022-03-22 10:21:00,1995,1995,1995,1995,0
2022-03-22 10:22:00,1995,1995,1995,1995,0
2022-03-22 10:23:00,1995,1995,1995,1995,0
2022-03-22 10:24:00,1995,1995,1995,1995,0
2022-03-22 10:25:00,1995,1995,1995,1995,0
2022-03-22 10:26:00,1995,1995,1995,1995,0
2022-03-22 10:27:00,1995,1995,1995,1995,0
2022-03-22 10:28:00,1995,1995,1995,1995,0
2022-03-22 10:29:00,1995,1995,1995,1995,0
2022-03-22 10:30:00,1995,1995,1995,1995,0
2022-03-22 10:31:00,1995,1995,1995,1995,0
2022-03-22 10:32:00,1995,1995,1995,1995,0
2022-03-22 10:33:00,1995,1995,1995,1995,0
2022-03-22 10:34:00,1995,1995,1995,1995,0
2022-03-22 10:35:00,1995,1995,1995,1995,0
2022-03-22 10:36:00,1995,1995,1995,1995,0
2022-03-22 10:37:00,1995,1995,1995,1995,0
2022-03-22 10:38:00,1995,1995,1995,1995,0
2022-03-22 10:39:00,1995,1995,1995,1995,0
2022-03-22 10:40:00,1995,1995,1995,1995,0
2022-03-22 10:41:00,1995,1995,1995,1995,0
2022-03-22 10:42:00,1995,1995,1995,1995,0
2022-03-22 10:43:00,1995,1995,1995,1995,0
2022-03-22 10:44:00,1995,1995,1995,1995,0
2022-03-22 10:45:00,1995,1995,1995,1995,0
2022-03-22 10:46:00,1995,1995,1995,1995,0
2022-03-22 10:47:00,1995,1995,1995,1995,0
2022-03-22 10:48:00,1995,1995,1995,1995,0
2022-03-22 10:49:00,1995,1995,1995,1995,0
2022-03-22 10:50:00,1995,1995,1995,1995,0
2022-03-22 10:51:00,1995,1995,1995,1995,0
2022-03-22 10:52:00,1995,1995,1995,1995,0
2022-03-22 10:53:00,1995,1995,1995,1995,0
2022-03-22 10:54:00,1995,1995,1995,1995,0
2022-03-22 10:55:00,1995,1995,1995,1995,0
2022-03-22 10:56:00,1995,1995,1995,1995,0
2022-03-22 10:57:00,1995,1995,1995,1995,0
2022-03-22 10:58:00,1995,1995,1995,1995,0
2022-03-22 10:59:00,1995,1995,1995,1995,0
2022-03-22 11:00:00,1995,1995,1995,1995,0
2022-03-22 11:01:00,1995,1995,1995,1995,0
2022-03-22 11:02:00,1995,1995,1995,1995,0
2022-03-22 11:03:00,1995,1995,1995,1995,0
2022-03-22 11:04:00,1995,1995,1995,1995,0
2022-03-22 11:05:00,1995,1995,1995,1995,0
2022-03-22 11:06:00,1995,1995,1995,1995,0
2022-03-22 11:07:00,1995,1995,1995,1995,0
2022-03-22 11:08:00,1995,1995,1995,1995,0
2022-03-22 11:09:00,1995,1995,1995,1995,0
2022-03-22 11:10:00,1995,1995,1995,1995,0
2022-03-22 11:11:00,1995,1995,1995,1995,0
2022-03-22 11:12:00,1995,1995,1995,1995,0
2022-03-22 11:13:00,1995,1995,1995,1995,0
2022-03-22 11:14:00,1995,1995,1995,1995,0
2022-03-22 11:15:00,1995,1995,1995,1995,0
2022-03-22 11:16:00,1995,1995,1995,1995,0
2022-03-22 11:17:00,1995,1995,1995,1995,0
2022-03-22 11:18:00,1995,1995,1995,1995,0
2022-03-22 11:19:00,1995,1995,1995,1995,0
2022-03-22 11:20:00,1995,1995,1995,1995,0
2022-03-22 11:21:00,1995,1995,1995,1995,0
2022-03-22 11:22:00,1995,1995,1995,1995,0
2022-03-22 11:23:00,1995,1995,1995,1995,0
2022-03-22 11:24:00,1995,1995,1995,1995,0
2022-03-22 11:25:00,1995,1995,1995,1995,0
2022-03-22 11:26:00,1995,1995,1995,1995,0
2022-03-22 11:27:00,1995,1995,1995,1995,0
2022-03-22 11:28:00,1995,1995,1995,1995,0
2022-03-22 11:29:00,1995,1995,1995,1995,0
2022-03-22 11:30:00,1995,1995,1995,1995,0
2022-03-22 11:31:00,1995,1995,1995,1995,0
2022-03-22 11:32:00,1995,1995,1995,1995,0
2022-03-22 11:33:00,1995,1995,1995,1995,0
2022-03-22 11:34:00,1995,1995,1995,1995,0
2022-03-22 11:35:00,1995,1995,1995,1995,0
2022-03-22 11:36:00,1995,1995,1995,1995,0
2022-03-22 11:37:00,1995,1995,1995,1995,0
2022-03-22 11:38:00,1995,1995,1995,1995,0
2022-03-22 11:39:00,1995,1995,1995,1995,0
2022-03-22 11:40:00,1995,1995,1995,1995,0
2022-03-22 11:41:00,1995,1995,1995,1995,0
2022-03-22 11:42:00,1995,1995,1995,1995,0
2022-03-22 11:43:00,1995,1995,1995,1995,0
2022-03-22 11:44:00,1995,1995,1995,1995,0
2022-03-22 11:45:00,1995,1995,1995,1995,0
2022-03-22 11:46:00,1995,1995,1995,1995,0
2022-03-22 11:47:00,1995,1995,1995,1995,0
2022-03-22 11:48:00,1995,1995,1995,1995,0
2022-03-22 11:49:00,1995,1995,1995,1995,0
2022-03-22 11:50:00,1995,1995,1995,1995,0
2022-03-22 11:51:00,1995,1995,1995,1995,0
2022-03-22 11:52:00,1995,1995,1995,1995,0
2022-03-22 11:53:00,1995,1995,1995,1995,0
2022-03-22 11:54:00,1995,1995,1995,1995,0
2022-03-22 11:55:00,1995,1995,1995,1995,0
2022-03-22 11:56:00,1995,1995,1995,1995,0
2022-03-22 11:57:00,1995,1995,1995,1995,0
2022-03-22 11:58:00,1995,1995,1995,1995,0
2022-03-22 11:59:00,1995,1995,1995,1995,0
2022-03-22 12:00:00,1995,1995,1995,1995,0
2022-03-22 12:01:00,1995,1995,1995,1995,0
2022-03-22 12:02:00,1995,1995,1995,1995,0
2022-03-22 12:03:00,1995,1995,1995,1995,0
2022-03-22 12:04:00,1995,1995,1995,1995,0
2022-03-22 12:05:00,1995,1995,1995,1995,0
2022-03-22 12:06:00,1995,1995,1995,1995,0
2022-03-22 12:07:00,1995,1995,1995,1995,0
2022-03-22 12:08:00,1995,1995,1995,1995,0
2022-03-22 12:09:00,1995,1995,1995,1995,0
2022-03-22 12:10:00,1995,1995,1995,1995,0
2022-03-22 12:11:00,1995,1995,1995,1995,0
2022-03-22 12:12:00,1995,1995,1995,1995,0
2022-03-22 12:13:00,1995,1995,1995,1995,0
2022-03-22 12:14:00,1995,1995,1995,1995,0
2022-03-22 12:15:00,1995,1995,1995,1995,0
2022-03-22 12:16:00,1995,1995,1995,1995,0
2022-03-22 12:17:00,1995,1995,1995,1995,0
2022-03-22 12:18:00,1995,1995,1995,1995,0
2022-03-22 12:19:00,1995,1995,1995,1995,0
2022-03-22 12:20:00,1995,1995,1995,1995,0
2022-03-22 12:21:00,1995,1995,1995,1995,0
2022-03-22 12:22:00,1995,1995,1995,1995,0
2022-03-22 12:23:00,1995,1995,1995,1995,0
2022-03-22 12:24:00,1995,1995,1995,1995,0
2022-03-22 12:25:00,1995,1995,1995,1995,0
2022-03-22 12:26:00,1995,1995,1995,1995,0
2022-03-22 12:27:00,1995,1995,1995,1995,0
2022-03-22 12:28:00,1995,1995,1995,1995,0
2022-03-22 12:29:00,1995,1995,1995,1995,0
2022-03-22 12:30:00,1995,1995,1995,1995,0
2022-03-22 12:31:00,1995,1995,1995,1995,0
2022-03-22 12:32:00,1995,1995,1995,1995,0
2022-03-22 12:33:00,1995,1995,1995,1995,0
2022-03-22 12:34:00,1995,1995,1995,1995,0
2022-03-22 12:35:00,1995,1995,1995,1995,0
2022-03-22 12:36:00,1995,1995,1995,1995,0
2022-03-22 12:37:00,1995,1995,1995,1995,0
2022-03-22 12:38:00,1995,1995,1995,1995,0
2022-03-22 12:39:00,1995,1995,1995,1995,0
2022-03-22 12:40:00,1995,1995,1995,1995,0
2022-03-22 12:41:00,1995,1995,1995,1995,0
2022-03-22 12:42:00,1995,1995,1995,1995,0
2022-03-22 12:43:00,1995,1995,1995,1995,0
2022-03-22 12:44:00,1995,1995,1995,1995,0
2022-03-22 12:45:00,1995,1995,1995,1995,0
2022-03-22 12:46:00,1995,1995,1995,1995,0
2022-03-22 12:47:00,1995,1995,1995,1995,0
2022-03-22 12:48:00,1995,1995,1995,1995,0
2022-03-22 12:49:00,1995,1995,1995,1995,0
2022-03-22 12:50:00,1995,1995,1995,1995,0
2022-03-22 12:51:00,1995,1995,1995,1995,0
2022-03-22 12:52:00,1995,1995,1995,1995,0
2022-03-22 12:53:00,1995,1995,1995,1995,0
2022-03-22 12:54:00,1995,1995,1995,1995,0
2022-03-22 12:55:00,1995,1995,1995,1995,0
2022-03-22 12:56:00,1995,1995,1995,1995,0
2022-03-22 12:57:00,1995,1995,1995,1995,0
2022-03-22 12:58:00,1995,1995,1995,1995,0
2022-03-22 12:59:00,1995,1995,1995,1995,0
2022-03-22 13:00:00,1995,1995,1995,1995,0
2022-03-22 13:01:00,1995,1995,1995,1995,0
2022-03-22 13:02:00,1995,1995,1995,1995,0
2022-03-22 13:03:00,1995,1995,1995,1995,0
2022-03-22 13:04:00,1995,1995,1995,1995,0
2022-03-22 13:05:00,1995,1995,1995,1995,0
2022-03-22 13:06:00,1995,1995,1995,1995,0
2022-03-22 13:07:00,1995,1995,1995,1995,0
2022-03-22 13:08:00,1995,1995,1995,1995,0
2022-03-22 13:09:00,1995,1995,1995,1995,0
2022-03-22 13:10:00,1995,1995,1995,1995,0
2022-03-22 13:11:00,1995,1995,1995,1995,0
2022-03-22 13:12:00,1995,1995,1995,1995,0
2022-03-22 13:13:00,1995,1995,1995,1995,0
2022-03-22 13:14:00,1995,1995,1995,1995,0
2022-03-22 13:15:00,1995,1995,1995,1995,0
2022-03-22 13:16:00,1995,1995,1995,1995,0
2022-03-22 13:17:00,1995,1995,1995,1995,0
2022-03-22 13:18:00,1995,1995,1995,1995,0
2022-03-22 13:19:00,1995,1995,1995,1995,0
2022-03-22 13:20:00,1995,1995,1995,1995,0
2022-03-22 13:21:00,1995,1995,1995,1995,0
2022-03-22 13:22:00,1995,1995,1995,1995,0
2022-03-22 13:23:00,1995,1995,1995,1995,0
2022-03-22 13:24:00,1995,1995,1995,1995,0
2022-03-22 13:25:00,1995,1995,1995,1995,0
2022-03-22 13:26:00,1995,1995,1995,1995,0
2022-03-22 13:27:00,1995,1995,1995,1995,0
2022-03-22 13:28:00,1995,1995,1995,1995,0
2022-03-22 13:29:00,1995,1995,1995,1995,0
2022-03-22 13:30:00,1995,1995,1995,1995,0
2022-03-22 13:31:00,1995,1995,1995,1995,0
2022-03-22 13:32:00,1995,1995,1995,1995,0
2022-03-22 13:33:00,1995,1995,1995,1995,0
2022-03-22 13:34:00,1995,1995,1995,1995,0
2022-03-22 13:35:00,1995,1995,1995,1995,0
2022-03-22 13:36:00,1995,1995,1995,1995,0
2022-03-22 13:37:00,1995,1995,1995,1995,0
2022-03-22 13:38:00,1995,1995,1995,1995,0
2022-03-22 13:39:00,1995,1995,1995,1995,0
2022-03-22 13:40:00,1995,1995,1995,1995,0
2022-03-22 13:41:00,1995,1995,1995,1995,0
2022-03-22 13:42:00,1995,1995,1995,1995,0
2022-03-22 13:43:00,1995,1995,1995,1995,0
2022-03-22 13:44:00,1995,1995,1995,1995,0
2022-03-22 13:45:00,1995,1995,1995,1995,0
2022-03-22 13:46:00,1995,1995,1995,1995,0
2022-03-22 13:47:00,1995,1995,1995,1995,0
2022-03-22 13:48:00,1995,1995,1995,1995,0
2022-03-22 13:49:00,1995,1995,1995,1995,0
2022-03-22 13:50:00,1995,1995,1995,1995,0
2022-03-22 13:51:00,1995,1995,1995,1995,0
2022-03-22 13:52:00,1995,1995,1995,1995,0
2022-03-22 13:53:00,1995,1995,1995,1995,0
2022-03-22 13:54:00,1995,1995,1995,1995,0
2022-03-22 13:55:00,1995,1995,1995,1995,0
2022-03-22 13:56:00,1995,1995,1995,1995,0
2022-03-22 13:57:00,1995,1995,1995,1995,0
2022-03-22 13:58:00,1995,1995,1995,1995,0
2022-03-22 13:59:00,1995,1995,1995,1995,0
2022-03-22 14:00:00,1995,1995,1995,1995,0
2022-03-22 14:01:00,1995,1995,1995,1995,0
2022-03-22 14:02:00,1995,1995,1995,1995,0
2022-03-22 14:03:00,1995,1995,1995,1995,0
2022-03-22 14:04:00,1995,1995,1995,1995,0
2022-03-22 14:05:00,1995,1995,1995,1995,0
2022-03-22 14:06:00,1995,1995,1995,1995,0
2022-03-22 14:07:00,1995,1995,1995,1995,0
2022-03-22 14:08:00,1995,1995,1995,1995,0
2022-03-22 14:09:00,1995,1995,1995,1995,0
2022-03-22 14:10:00,1995,1995,1995,1995,0
2022-03-22 14:11:00,1995,1995,1995,1995,0
2022-03-22 14:12:00,1995,1995,1995,1995,0
2022-03-22 14:13:00,1995,1995,1995,1995,0
2022-03-22 14:14:00,1995,1995,1995,1995,0
2022-03-22 14:15:00,1995,1995,1995,1995,0
2022-03-22 14:16:00,1995,1995,1995,1995,0
2022-03-22 14:17:00,1995,1995,1995,1995,0
2022-03-22 14:18:00,1995,1995,1995,1995,0
2022-03-22 14:19:00,1995,1995,1995,1995,0
2022-03-22 14:20:00,1995,1995,1995,1995,0
2022-03-22 14:21:00,1995,1995,1995,1995,0
2022-03-22 14:22:00,1995,1995,1995,1995,0
2022-03-22 14:23:00,1995,1995,1995,1995,0
2022-03-22 14:24:00,1995,1995,1995,1995,0
2022-03-22 14:25:00,1995,1995,1995,1995,0
2022-03-22 14:26:00,1995,1995,1995,1995,0
2022-03-22 14:27:00,1995,1995,1995,1995,0
2022-03-22 14:28:00,1995,1995,1995,1995,0
2022-03-22 14:29:00,1995,1995,1995,1995,0
2022-03-22 14:30:00,1995,1995,1995,1995,0
2022-03-22 14:31:00,1995,1995,1995,1995,0
2022-03-22 14:32:00,1995,1995,1995,1995,0
2022-03-22 14:33:00,1995,1995,1995,1995,0
2022-03-22 14:34:00,1995,1995,1995,1995,0
2022-03-22 14:35:00,1995,1995,1995,1995,0
2022-03-22 14:36:00,1995,1995,1995,1995,0
2022-03-22 14:37:00,1995,1995,1995,1995,0
2022-03-22 14:38:00,1995,1995,1995,1995,0
2022-03-22 14:39:00,1995,1995,1995,1995,0
2022-03-22 14:40:00,1995,1995,1995,1995,0
2022-03-22 14:41:00,1995,1995,1995,1995,0
2022-03-22 14:42:00,1995,1995,1995,1995,0
2022-03-22 14:43:00,1995,1995,1995,1995,0
2022-03-22 14:44:00,1995,1995,1995,1995,0
2022-03-22 14:45:00,1995,1995,1995,1995,0
2022-03-22 14:46:00,1995,1995,1995,1995,0
2022-03-22 14:47:00,1995,1995,1995,1995,0
2022-03-22 14:48:00,1995,1995,1995,1995,0
2022-03-22 14:49:00,1995,1995,1995,1995,0
2022-03-22 14:50:00,1995,1995,1995,1995,0
2022-03-22 14:51:00,1995,1995,1995,1995,0
2022-03-22 14:52:00,1995,1995,1995,1995,0
2022-03-22 14:53:00,1995,1995,1995,1995,0
2022-03-22 14:54:00,1995,1995,1995,1995,0
2022-03-22 14:55:00,1995,1995,1995,1995,0
2022-03-22 14:56:00,1995,1995,1995,1995,0
2022-03-22 14:57:00,1995,1995,1995,1995,0
2022-03-22 14:58:00,1995,1995,1995,1995,0
2022-03-22 14:59:00,1995,1995,1995,1995,0
2022-03-22 15:00:00,1995,1995,1995,1995,0
2022-03-22 15:01:00,1995,1995,1995,1995,0
2022-03-22 15:02:00,1995,1995,1995,1995,0
2022-03-22 15:03:00,1995,1995,1995,1995,0
2022-03-22 15:04:00,1995,1995,1995,1995,0
2022-03-22 15:05:00,1995,1995,1995,1995,0
2022-03-22 15:06:00,1995,1995,1995,1995,0
2022-03-22 15:07:00,1995,1995,1995,1995,0
2022-03-22 15:08:00,1995,1995,1995,1995,0
2022-03-22 15:09:00,1995,1995,1995,1995,0
2022-03-22 15:10:00,1995,1995,1995,1995,0
2022-03-22 15:11:00,1995,1995,1995,1995,0
2022-03-22 15:12:00,1995,1995,1995,1995,0
2022-03-22 15:13:00,1995,1995,1995,1995,0
2022-03-22 15:14:00,1995,1995,1995,1995,0
2022-03-22 15:15:00,1995,1995,1995,1995,0
2022-03-22 15:16:00,1995,1995,1995,1995,0
2022-03-22 15:17:00,1995,1995,1995,1995,0
2022-03-22 15:18:00,1995,1995,1995,1995,0
2022-03-22 15:19:00,1995,1995,1995,1995,0
2022-03-22 15:20:00,1995,1995,1995,1995,0
2022-03-22 15:21:00,1995,1995,1995,1995,0
2022-03-22 15:22:00,1995,1995,1995,1995,0
2022-03-22 15:23:00,1995,1995,1995,1995,0
2022-03-22 15:24:00,1995,1995,1995,1995,0
2022-03-22 15:25:00,1995,1995,1995,1995,0
2022-03-22 15:26:00,1995,1995,1995,1995,0
2022-03-22 15:27:00,1995,1995,1995,1995,0
2022-03-22 15:28:00,1995,1995,1995,1995,0
2022-03-22 15:29:00,1995,1995,1995,1995,0
2022-03-22 15:30:00,1995,1995,1995,1995,0
2022-03-22 15:31:00,1995,1995,1995,1995,0
2022-03-22 15:32:00,1995,1995,1995,1995,0
2022-03-22 15:33:00,1995,1995,1995,1995,0
2022-03-22 15:34:00,1995,1995,1995,1995,0
2022-03-22 15:35:00,1995,1995,1995,1995,0
2022-03-22 15:36:00,1995,1995,1995,1995,0
2022-03-22 15:37:00,1995,1995,1995,1995,0
2022-03-22 15:38:00,1995,1995,1995,1995,0
2022-03-22 15:39:00,1995,1995,1995,1995,0
2022-03-22 15:40:00,1995,1995,1995,1995,0
2022-03-22 15:41:00,1995,1995,1995,1995,0
2022-03-22 15:42:00,1995,1995,1995,1995,0
2022-03-22 15:43:00,1995,1995,1995,1995,0
2022-03-22 15:44:00,1995,1995,1995,1995,0
2022-03-22 15:45:00,1995,1995,1995,1995,0
2022-03-22 15:46:00,1995,1995,1995,1995,0
2022-03-22 15:47:00,1995,1995,1995,1995,0
2022-03-22 15:48:00,1995,1995,1995,1995,0
2022-03-22 15:49:00,1995,1995,1995,1995,0
2022-03-22 15:50:00,1995,1995,1995,1995,0
2022-03-22 15:51:00,1995,1995,1995,1995,0
2022-03-22 15:52:00,1995,1995,1995,1995,0
2022-03-22 15:53:00,1995,1995,1995,1995,0
2022-03-22 15:54:00,1995,1995,1995,1995,0
2022-03-22 15:55:00,1995,1995,1995,1995,0
2022-03-22 15:56:00,1995,1995,1995,1995,0
2022-03-22 15:57:00,1995,1995,1995,1995,0
2022-03-22 15:58:00,1995,1995,1995,1995,0
2022-03-22 15:59:00,1995,1995,1995,1995,0
2022-03-23 09:00:00,1995,1995,1995,1995,0
2022-03-23 09:01:00,1995,1995,1995,1995,0
2022-03-23 09:02:00,1995,1995,1995,1995,0
2022-03-23 09:03:00,1995,1995,1995,1995,0
2022-03-23 09:04:00,1995,1995,1995,1995,0
2022-03-23 09:05:00,1995,1995,1995,1995,0
2022-03-23 09:06:00,1995,1995,1995,1995,0
2022-03-23 09:07:00,1995,1995,1995,1995,0
2022-03-23 09:08:00,1995,1995,1995,1995,0
2022-03-23 09:09:00,1995,1995,1995,1995,0
2022-03-23 09:10:00,1995,1995,1995,1995,0
2022-03-23 09:11:00,1995,1995,1995,1995,0
2022-03-23 09:12:00,1995,1995,1995,1995,0
2022-03-23 09:13:00,1995,1995,1995,1995,0
2022-03-23 09:14:00,1995,1995,1995,1995,0
2022-03-23 09:15:00,1995,1995,1995,1995,0
2022-03-23 09:16:00,1995,1995,1995,1995,0
2022-03-23 09:17:00,1995,1995,1995,1995,0
2022-03-23 09:18:00,1995,1995,1995,1995,0
2022-03-23 09:19:00,1995,1995,1995,1995,0
2022-03-23 09:20:00,1995,1995,1995,1995,0
2022-03-23 09:21:00,1995,1995,1995,1995,0
2022-03-23 09:22:00,1995,1995,1995,1995,0
2022-03-23 09:23:00,1995,1995,1995,1995,0
2022-03-23 09:24:00,1995,1995,1995,1995,0
2022-03-23 09:25:00,1995,1995,1995,1995,0
2022-03-23 09:26:00,1995,1995,1995,1995,0
2022-03-23 09:27:00,1995,1995,1995,1995,0
2022-03-23 09:28:00,1995,1995,1995,1995,0
2022-03-23 09:29:00,1995,1995,1995,1995,0
2022-03-23 09:30:00,1995,1995,1995,1995,0
2022-03-23 09:31:00,1995,1995,1995,1995,0
2022-03-23 09:32:00,1995,1995,1995,1995,0
2022-03-23 09:33:00,1995,1995,1995,1995,0
2022-03-23 09:34:00,1995,1995,1995,1995,0
2022-03-23 09:35:00,1995,1995,1995,1995,0
2022-03-23 09:36:00,1995,1995,1995,1995,0
2022-03-23 09:37:00,1995,1995,1995,1995,0
2022-03-23 09:38:00,1995,1995,1995,1995,0
2022-03-23 09:39:00,1995,1995,1995,1995,0
2022-03-23 09:40:00,1995,1995,1995,1995,0
2022-03-23 09:41:00,1995,1995,1995,1995,0
2022-03-23 09:42:00,1995,1995,1995,1995,0
2022-03-23 09:43:00,1995,1995,1995,1995,0
2022-03-23 09:44:00,1995,1995,1995,1995,0
2022-03-23 09:45:00,1995,1995,1995,1995,0
2022-03-23 09:46:00,1995,1995,1995,1995,0
2022-03-23 09:47:00,1995,1995,1995,1995,0
2022-03-23 09:48:00,1995,1995,1995,1995,0
2022-03-23 09:49:00,1995,1995,1995,1995,0
2022-03-23 09:50:00,1995,1995,1995,1995,0
2022-03-23 09:51:00,1995,1995,1995,1995,0
2022-03-23 09:52:00,1995,1995,1995,1995,0
2022-03-23 09:53:00,1995,1995,1995,1995,0
2022-03-23 09:54:00,1995,1995,1995,1995,0
2022-03-23 09:55:00,1995,1995,1995,1995,0
2022-03-23 09:56:00,1995,1995,1995,1995,0
2022-03-23 09:57:00,1995,1995,1995,1995,0
2022-03-23 09:58:00,1995,1995,1995,1995,0
2022-03-23 09:59:00,1995,1995,1995,1995,0
2022-03-23 10:00:00,1995,1995,1995,1995,0
2022-03-23 10:01:00,1995,1995,1995,1995,0
2022-03-23 10:02:00,1995,1995,1995,1995,0
2022-03-23 10:03:00,1995,1995,1995,1995,0
2022-03-23 10:04:00,1995,1995,1995,1995,0
2022-03-23 10:05:00,1995,1995,1995,1995,0
2022-03-23 10:06:00,1995,1995,1995,1995,0
2022-03-23 10:07:00,1995,1995,1995,1995,0
2022-03-23 10:08:00,1995,1995,1995,1995,0
2022-03-23 10:09:00,1995,1995,1995,1995,0
2022-03-23 10:10:00,1995,1995,1995,1995,0
2022-03-23 10:11:00,1995,1995,1995,1995,0
2022-03-23 10:12:00,1995,1995,1995,1995,0
2022-03-23 10:13:00,1995,1995,1995,1995,0
2022-03-23 10:14:00,1995,1995,1995,1995,0
2022-03-23 10:15:00,1995,1995,1995,1995,0
2022-03-23 10:16:00,1995,1995,1995,1995,0
2022-03-23 10:17:00,1995,1995,1995,1995,0
2022-03-23 10:18:00,1995,1995,1995,1995,0
2022-03-23 10:19:00,1995,1995,1995,1995,0
2022-03-23 10:20:00,1995,1995,1995,1995,0
2022-03-23 10:21:00,1995,1995,1995,1995,0
2022-03-23 10:22:00,1995,1995,1995,1995,0
2022-03-23 10:23:00,1995,1995,1995,1995,0
2022-03-23 10:24:00,1995,1995,1995,1995,0
2022-03-23 10:25:00,1995,1995,1995,1995,0
2022-03-23 10:26:00,1995,1995,1995,1995,0
2022-03-23 10:27:00,1995,1995,1995,1995,0
2022-03-23 10:28:00,1995,1995,1995,1995,0
2022-03-23 10:29:00,1995,1995,1995,1995,0
2022-03-23 10:30:00,1995,1995,1995,1995,0
2022-03-23 10:31:00,1995,1995,1995,1995,0
2022-03-23 10:32:00,1995,1995,1995,1995,0
2022-03-23 10:33:00,1995,1995,1995,1995,0
2022-03-23 10:34:00,1995,1995,1995,1995,0
2022-03-23 10:35:00,1995,1995,1995,1995,0
2022-03-23 10:36:00,1995,1995,1995,1995,0
2022-03-23 10:37:00,1995,1995,1995,1995,0
2022-03-23 10:38:00,1995,1995,1995,1995,0
2022-03-23 10:39:00,1995,1995,1995,1995,0
2022-03-23 10:40:00,1995,1995,1995,1995,0
2022-03-23 10:41:00,1995,1995,1995,1995,0
2022-03-23 10:42:00,1995,1995,1995,1995,0
2022-03-23 10:43:00,1995,1995,1995,1995,0
2022-03-23 10:44:00,1995,1995,1995,1995,0
2022-03-23 10:45:00,1995,1995,1995,1995,0
2022-03-23 10:46:00,1995,1995,1995,1995,0
2022-03-23 10:47:00,1995,1995,1995,1995,0
2022-03-23 10:48:00,1995,1995,1995,1995,0
2022-03-23 10:49:00,1995,1995,1995,1995,0
2022-03-23 10:50:00,1995,1995,1995,1995,0
2022-03-23 10:51:00,1995,1995,1995,1995,0
2022-03-23 10:52:00,1995,1995,1995,1995,0
2022-03-23 10:53:00,1995,1995,1995,1995,0
2022-03-23 10:54:00,1995,1995,1995,1995,0
2022-03-23 10:55:00,1995,1995,1995,1995,0
2022-03-23 10:56:00,1995,1995,1995,1995,0
2022-03-23 10:57:00,1995,1995,1995,1995,0
2022-03-23 10:58:00,1995,1995,1995,1995,0
2022-03-23 10:59:00,1995,1995,1995,1995,0
2022-03-23 11:00:00,1995,1995,1995,1995,0
2022-03-23 11:01:00,1995,1995,1995,1995,0
2022-03-23 11:02:00,1995,1995,1995,1995,0
2022-03-23 11:03:00,1995,1995,1995,1995,0
2022-03-23 11:04:00,1995,1995,1995,1995,0
2022-03-23 11:05:00,1995,1995,1995,1995,0
2022-03-23 11:06:00,1995,1995,1995,1995,0
2022-03-23 11:07:00,1995,1995,1995,1995,0
2022-03-23 11:08:00,1995,1995,1995,1995,0
2022-03-23 11:09:00,1995,1995,1995,1995,0
2022-03-23 11:10:00,1995,1995,1995,1995,0
2022-03-23 11:11:00,1995,1995,1995,1995,0
2022-03-23 11:12:00,1995,1995,1995,1995,0
2022-03-23 11:13:00,1995,1995,1995,1995,0
2022-03-23 11:14:00,1995,1995,1995,1995,0
2022-03-23 11:15:00,1995,1995,1995,1995,0
2022-03-23 11:16:00,1995,1995,1995,1995,0
2022-03-23 11:17:00,1995,1995,1995,1995,0
2022-03-23 11:18:00,1995,1995,1995,1995,0
2022-03-23 11:19:00,1995,1995,1995,1995,0
2022-03-23 11:20:00,1995,1995,1995,1995,0
2022-03-23 11:21:00,1995,1995,1995,1995,0
2022-03-23 11:22:00,1995,1995,1995,1995,0
2022-03-23 11:23:00,1995,1995,1995,1995,0
2022-03-23 11:24:00,1995,1995,1995,1995,0
2022-03-23 11:25:00,1995,1995,1995,1995,0
2022-03-23 11:26:00,1995,1995,1995,1995,0
2022-03-23 11:27:00,1995,1995,1995,1995,0
2022-03-23 11:28:00,1995,1995,1995,1995,0
2022-03-23 11:29:00,1995,1995,1995,1995,0
2022-03-23 11:30:00,1995,1995,1995,1995,0
2022-03-23 11:31:00,1995,1995,1995,1995,0
2022-03-23 11:32:00,1995,1995,1995,1995,0
2022-03-23 11:33:00,1995,1995,1995,1995,0
2022-03-23 11:34:00,1995,1995,1995,1995,0
2022-03-23 11:35:00,1995,1995,1995,1995,0
2022-03-23 11:36:00,1995,1995,1995,1995,0
2022-03-23 11:37:00,1995,1995,1995,1995,0
2022-03-23 11:38:00,1995,1995,1995,1995,0
2022-03-23 11:39:00,1995,1995,1995,1995,0
2022-03-23 11:40:00,1995,1995,1995,1995,0
2022-03-23 11:41:00,1995,1995,1995,1995,0
2022-03-23 11:42:00,1995,1995,1995,1995,0
2022-03-23 11:43:00,1995,1995,1995,1995,0
2022-03-23 11:44:00,1995,1995,1995,1995,0
2022-03-23 11:45:00,1995,1995,1995,1995,0
2022-03-23 11:46:00,1995,1995,1995,1995,0
2022-03-23 11:47:00,1995,1995,1995,1995,0
2022-03-23 11:48:00,1995,1995,1995,1995,0
2022-03-23 11:49:00,1995,1995,1995,1995,0
2022-03-23 11:50:00,1995,1995,1995,1995,0
2022-03-23 11:51:00,1995,1995,1995,1995,0
2022-03-23 11:52:00,1995,1995,1995,1995,0
2022-03-23 11:53:00,1995,1995,1995,1995,0
2022-03-23 11:54:00,1995,1995,1995,1995,0
2022-03-23 11:55:00,1995,1995,1995,1995,0
2022-03-23 11:56:00,1995,1995,1995,1995,0
2022-03-23 11:57:00,1995,1995,1995,1995,0
2022-03-23 11:58:00,1995,1995,1995,1995,0
2022-03-23 11:59:00,1995,1995,1995,1995,0
2022-03-23 12:00:00,1995,1995,1995,1995,0
2022-03-23 12:01:00,1995,1995,1995,1995,0
2022-03-23 12:02:00,1995,1995,1995,1995,0
2022-03-23 12:03:00,1995,1995,1995,1995,0
2022-03-23 12:04:00,1995,1995,1995,1995,0
2022-03-23 12:05:00,1995,1995,1995,1995,0
2022-03-23 12:06:00,1995,1995,1995,1995,0
2022-03-23 12:07:00,1995,1995,1995,1995,0
2022-03-23 12:08:00,1995,1995,1995,1995,0
2022-03-23 12:09:00,1995,1995,1995,1995,0
2022-03-23 12:10:00,1995,1995,1995,1995,0
2022-03-23 12:11:00,1995,1995,1995,1995,0
2022-03-23 12:12:00,1995,1995,1995,1995,0
2022-03-23 12:13:00,1995,1995,1995,1995,0
2022-03-23 12:14:00,1995,1995,1995,1995,0
2022-03-23 12:15:00,1995,1995,1995,1995,0
2022-03-23 12:16:00,1995,1995,1995,1995,0
2022-03-23 12:17:00,1995,1995,1995,1995,0
2022-03-23 12:18:00,1995,1995,1995,1995,0
2022-03-23 12:19:00,1995,1995,1995,1995,0
2022-03-23 12:20:00,1995,1995,1995,1995,0
2022-03-23 12:21:00,1995,1995,1995,1995,0
2022-03-23 12:22:00,1995,1995,1995,1995,0
2022-03-23 12:23:00,1995,1995,1995,1995,0
2022-03-23 12:24:00,1995,1995,1995,1995,0
2022-03-23 12:25:00,1995,1995,1995,1995,0
2022-03-23 12:26:00,1995,1995,1995,1995,0
2022-03-23 12:27:00,1995,1995,1995,1995,0
2022-03-23 12:28:00,1995,1995,1995,1995,0
2022-03-23 12:29:00,1995,1995,1995,1995,0
2022-03-23 12:30:00,1995,1995,1995,1995,0
2022-03-23 12:31:00,1995,1995,1995,1995,0
2022-03-23 12:32:00,1995,1995,1995,1995,0
2022-03-23 12:33:00,1995,1995,1995,1995,0
2022-03-23 12:34:00,1995,1995,1995,1995,0
2022-03-23 12:35:00,1995,1995,1995,1995,0
2022-03-23 12:36:00,1995,1995,1995,1995,0
2022-03-23 12:37:00,1995,1995,1995,1995,0
2022-03-23 12:38:00,1995,1995,1995,1995,0
2022-03-23 12:39:00,1995,1995,1995,1995,0
2022-03-23 12:40:00,1995,1995,1995,1995,0
2022-03-23 12:41:00,1995,1995,1995,1995,0
2022-03-23 12:42:00,1995,1995,1995,1995,0
2022-03-23 12:43:00,1995,1995,1995,1995,0
2022-03-23 12:44:00,1995,1995,1995,1995,0
2022-03-23 12:45:00,1995,1995,1995,1995,0
2022-03-23 12:46:00,1995,1995,1995,1995,0
2022-03-23 12:47:00,1995,1995,1995,1995,0
2022-03-23 12:48:00,1995,1995,1995,1995,0
2022-03-23 12:49:00,1995,1995,1995,1995,0
2022-03-23 12:50:00,1995,1995,1995,1995,0
2022-03-23 12:51:00,1995,1995,1995,1995,0
2022-03-23 12:52:00,1995,1995,1995,1995,0
2022-03-23 12:53:00,1995,1995,1995,1995,0
2022-03-23 12:54:00,1995,1995,1995,1995,0
2022-03-23 12:55:00,1995,1995,1995,1995,0
2022-03-23 12:56:00,1995,1995,1995,1995,0
2022-03-23 12:57:00,1995,1995,1995,1995,0
2022-03-23 12:58:00,1995,1995,1995,1995,0
2022-03-23 12:59:00,1995,1995,1995,1995,0
2022-03-23 13:00:00,1995,1995,1995,1995,0
2022-03-23 13:01:00,1995,1995,1995,1995,0
2022-03-23 13:02:00,1995,1995,1995,1995,0
2022-03-23 13:03:00,1995,1995,1995,1995,0
2022-03-23 13:04:00,1995,1995,1995,1995,0
2022-03-23 13:05:00,1995,1995,1995,1995,0
2022-03-23 13:06:00,1995,1995,1995,1995,0
2022-03-23 13:07:00,1995,1995,1995,1995,0
2022-03-23 13:08:00,1995,1995,1995,1995,0
2022-03-23 13:09:00,1995,1995,1995,1995,0
2022-03-23 13:10:00,1995,1995,1995,1995,0
2022-03-23 13:11:00,1995,1995,1995,1995,0
2022-03-23 13:12:00,1995,1995,1995,1995,0
2022-03-23 13:13:00,1995,1995,1995,1995,0
2022-03-23 13:14:00,1995,1995,1995,1995,0
2022-03-23 13:15:00,1995,1995,1995,1995,0
2022-03-23 13:16:00,1995,1995,1995,1995,0
2022-03-23 13:17:00,1995,1995,1995,1995,0
2022-03-23 13:18:00,1995,1995,1995,1995,0
2022-03-23 13:19:00,1995,1995,1995,1995,0
2022-03-23 13:20:00,1995,1995,1995,1995,0
2022-03-23 13:21:00,1995,1995,1995,1995,0
2022-03-23 13:22:00,1995,1995,1995,1995,0
2022-03-23 13:23:00,1995,1995,1995,1995,0
2022-03-23 13:24:00,1995,1995,1995,1995,0
2022-03-23 13:25:00,1995,1995,1995,1995,0
2022-03-23 13:26:00,1995,1995,1995,1995,0
2022-03-23 13:27:00,1995,1995,1995,1995,0
2022-03-23 13:28:00,1995,1995,1995,1995,0
2022-03-23 13:29:00,1995,1995,1995,1995,0
2022-03-23 13:30:00,1995,1995,1995,1995,0
2022-03-23 13:31:00,1995,1995,1995,1995,0
2022-03-23 13:32:00,1995,1995,1995,1995,0
2022-03-23 13:33:00,1995,1995,1995,1995,0
2022-03-23 13:34:00,1995,1995,1995,1995,0
2022-03-23 13:35:00,1995,1995,1995,1995,0
2022-03-23 13:36:00,1995,1995,1995,1995,0
2022-03-23 13:37:00,1995,1995,1995,1995,0
2022-03-23 13:38:00,1995,1995,1995,1995,0
2022-03-23 13:39:00,1995,1995,1995,1995,0
2022-03-23 13:40:00,1995,1995,1995,1995,0
2022-03-23 13:41:00,1995,1995,1995,1995,0
2022-03-23 13:42:00,1995,1995,1995,1995,0
2022-03-23 13:43:00,1995,1995,1995,1995,0
2022-03-23 13:44:00,1995,1995,1995,1995,0
2022-03-23 13:45:00,1995,1995,1995,1995,0
2022-03-23 13:46:00,1995,1995,1995,1995,0
2022-03-23 13:47:00,1995,1995,1995,1995,0
2022-03-23 13:48:00,1995,1995,1995,1995,0
2022-03-23 13:49:00,1995,1995,1995,1995,0
2022-03-23 13:50:00,1995,1995,1995,1995,0
2022-03-23 13:51:00,1995,1995,1995,1995,0
2022-03-23 13:52:00,1995,1995,1995,1995,0
2022-03-23 13:53:00,1995,1995,1995,1995,0
2022-03-23 13:54:00,1995,1995,1995,1995,0
2022-03-23 13:55:00,1995,1995,1995,1995,0
2022-03-23 13:56:00,1995,1995,1995,1995,0
2022-03-23 13:57:00,1995,1995,1995,1995,0
2022-03-23 13:58:00,1995,1995,1995,1995,0
2022-03-23 13:59:00,1995,1995,1995,1995,0
2022-03-23 14:00:00,1995,1995,1995,1995,0
2022-03-23 14:01:00,1995,1995,1995,1995,0
2022-03-23 14:02:00,1995,1995,1995,1995,0
2022-03-23 14:03:00,1995,1995,1995,1995,0
2022-03-23 14:04:00,1995,1995,1995,1995,0
2022-03-23 14:05:00,1995,1995,1995,1995,0
2022-03-23 14:06:00,1995,1995,1995,1995,0
2022-03-23 14:07:00,1995,1995,1995,1995,0
2022-03-23 14:08:00,1995,1995,1995,1995,0
2022-03-23 14:09:00,1995,1995,1995,1995,0
2022-03-23 14:10:00,1995,1995,1995,1995,0
2022-03-23 14:11:00,1995,1995,1995,1995,0
2022-03-23 14:12:00,1995,1995,1995,1995,0
2022-03-23 14:13:00,1995,1995,1995,1995,0
2022-03-23 14:14:00,1995,1995,1995,1995,0
2022-03-23 14:15:00,1995,1995,1995,1995,0
2022-03-23 14:16:00,1995,1995,1995,1995,0
2022-03-23 14:17:00,1995,1995,1995,1995,0
2022-03-23 14:18:00,1995,1995,1995,1995,0
2022-03-23 14:19:00,1995,1995,1995,1995,0
2022-03-23 14:20:00,1995,1995,1995,1995,0
2022-03-23 14:21:00,1995,1995,1995,1995,0
2022-03-23 14:22:00,1995,1995,1995,1995,0
2022-03-23 14:23:00,1995,1995,1995,1995,0
2022-03-23 14:24:00,1995,1995,1995,1995,0
2022-03-23 14:25:00,1995,1995,1995,1995,0
2022-03-23 14:26:00,1995,1995,1995,1995,0
2022-03-23 14:27:00,1995,1995,1995,1995,0
2022-03-23 14:28:00,1995,1995,1995,1995,0
2022-03-23 14:29:00,1995,1995,1995,1995,0
2022-03-23 14:30:00,1995,1995,1995,1995,0
2022-03-23 14:31:00,1995,1995,1995,1995,0
2022-03-23 14:32:00,1995,1995,1995,1995,0
2022-03-23 14:33:00,1995,1995,1995,1995,0
2022-03-23 14:34:00,1995,1995,1995,1995,0
2022-03-23 14:35:00,1995,1995,1995,1995,0
2022-03-23 14:36:00,1995,1995,1995,1995,0
2022-03-23 14:37:00,1995,1995,1995,1995,0
2022-03-23 14:38:00,1995,1995,1995,1995,0
2022-03-23 14:39:00,1995,1995,1995,1995,0
2022-03-23 14:40:00,1995,1995,1995,1995,0
2022-03-23 14:41:00,1995,1995,1995,1995,0
2022-03-23 14:42:00,1995,1995,1995,1995,0
2022-03-23 14:43:00,1995,1995,1995,1995,0
2022-03-23 14:44:00,1995,1995,1995,1995,0
2022-03-23 14:45:00,1995,1995,1995,1995,0
2022-03-23 14:46:00,1995,1995,1995,1995,0
2022-03-23 14:47:00,1995,1995,1995,1995,0
2022-03-23 14:48:00,1995,1995,1995,1995,0
2022-03-23 14:49:00,1995,1995,1995,1995,0
2022-03-23 14:50:00,1995,1995,1995,1995,0
2022-03-23 14:51:00,1995,1995,1995,1995,0
2022-03-23 14:52:00,1995,1995,1995,1995,0
2022-03-23 14:53:00,1995,1995,1995,1995,0
2022-03-23 14:54:00,1995,1995,1995,1995,0
2022-03-23 14:55:00,1995,1995,1995,1995,0
2022-03-23 14:56:00,1995,1995,1995,1995,0
2022-03-23 14:57:00,1995,1995,1995,1995,0
2022-03-23 14:58:00,1995,1995,1995,1995,0
2022-03-23 14:59:00,1995,1995,1995,1995,0
2022-03-23 15:00:00,1995,1995,1995,1995,0
2022-03-23 15:01:00,1995,1995,1995,1995,0
2022-03-23 15:02:00,1995,1995,1995,1995,0
2022-03-23 15:03:00,1995,1995,1995,1995,0
2022-03-23 15:04:00,1995,1995,1995,1995,0
2022-03-23 15:05:00,1995,1995,1995,1995,0
2022-03-23 15:06:00,1995,1995,1995,1995,0
2022-03-23 15:07:00,1995,1995,1995,1995,0
2022-03-23 15:08:00,1995,1995,1995,1995,0
2022-03-23 15:09:00,1995,1995,1995,1995,0
2022-03-23 15:10:00,1995,1995,1995,1995,0
2022-03-23 15:11:00,1995,1995,1995,1995,0
2022-03-23 15:12:00,1995,1995,1995,1995,0
2022-03-23 15:13:00,1995,1995,1995,1995,0
2022-03-23 15:14:00,1995,1995,1995,1995,0
2022-03-23 15:15:00,1995,1995,1995,1995,0
2022-03-23 15:16:00,1995,1995,1995,1995,0
2022-03-23 15:17:00,1995,1995,1995,1995,0
2022-03-23 15:18:00,1995,1995,1995,1995,0
2022-03-23 15:19:00,1995,1995,1995,1995,0
2022-03-23 15:20:00,1995,1995,1995,1995,0
2022-03-23 15:21:00,1995,1995,1995,1995,0
2022-03-23 15:22:00,1995,1995,1995,1995,0
2022-03-23 15:23:00,1995,1995,1995,1995,0
2022-03-23 15:24:00,1995,1995,1995,1995,0
2022-03-23 15:25:00,1995,1995,1995,1995,0
2022-03-23 15:26:00,1995,1995,1995,1995,0
2022-03-23 15:27:00,1995,1995,1995,1995,0
2022-03-23 15:28:00,1995,1995,1995,1995,0
2022-03-23 15:29:00,1995,1995,1995,1995,0
2022-03-23 15:30:00,1995,1995,1995,1995,0
2022-03-23 15:31:00,1995,1995,1995,1995,0
2022-03-23 15:32:00,1995,1995,1995,1995,0
2022-03-23 15:33:00,1995,1995,1995,1995,0
2022-03-23 15:34:00,1995,1995,1995,1995,0
2022-03-23 15:35:00,1995,1995,1995,1995,0
2022-03-23 15:36:00,1995,1995,1995,1995,0
2022-03-23 15:37:00,1995,1995,1995,1995,0
2022-03-23 15:38:00,1995,1995,1995,1995,0
2022-03-23 15:39:00,1995,1995,1995,1995,0
2022-03-23 15:40:00,1995,1995,1995,1995,0
2022-03-23 15:41:00,1995,1995,1995,1995,0
2022-03-23 15:42:00,1995,1995,1995,1995,0
2022-03-23 15:43:00,1995,1995,1995,1995,0
2022-03-23 15:44:00,1995,1995,1995,1995,0
2022-03-23 15:45:00,1995,1995,1995,1995,0
2022-03-23 15:46:00,1995,1995,1995,1995,0
2022-03-23 15:47:00,1995,1995,1995,1995,0
2022-03-23 15:48:00,1995,1995,1995,1995,0
2022-03-23 15:49:00,1995,1995,1995,1995,0
2022-03-23 15:50:00,1995,1995,1995,1995,0
2022-03-23 15:51:00,1995,1995,1995,1995,0
2022-03-23 15:52:00,1995,1995,1995,1995,0
2022-03-23 15:53:00,1995,1995,1995,1995,0
2022-03-23 15:54:00,1995,1995,1995,1995,0
2022-03-23 15:55:00,1995,1995,1995,1995,0
2022-03-23 15:56:00,1995,1995,1995,1995,0
2022-03-23 15:57:00,1995,1995,1995,1995,0
2022-03-23 15:58:00,1995,1995,1995,1995,0
2022-03-23 15:59:00,1995,1995,1995,1995,0
2022-03-24 09:00:00,1995,1995,1995,1995,0
2022-03-24 09:01:00,1995,1995,1995,1995,0
2022-03-24 09:02:00,1995,1995,1995,1995,0
2022-03-24 09:03:00,1995,1995,1995,1995,0
2022-03-24 09:04:00,1995,1995,1995,1995,0
2022-03-24 09:05:00,1995,1995,1995,1995,0
2022-03-24 09:06:00,1995,1995,1995,1995,0
2022-03-24 09:07:00,1995,1995,1995,1995,0
2022-03-24 09:08:00,1995,1995,1995,1995,0
2022-03-24 09:09:00,1995,1995,1995,1995,0
2022-03-24 09:10:00,1995,1995,1995,1995,0
2022-03-24 09:11:00,1995,1995,1995,1995,0
2022-03-24 09:12:00,1995,1995,1995,1995,0
2022-03-24 09:13:00,1995,1995,1995,1995,0
2022-03-24 09:14:00,1995,1995,1995,1995,0
2022-03-24 09:15:00,1995,1995,1995,1995,0
2022-03-24 09:16:00,1995,1995,1995,1995,0
2022-03-24 09:17:00,1995,1995,1995,1995,0
2022-03-24 09:18:00,1995,1995,1995,1995,0
2022-03-24 09:19:00,1995,1995,1995,1995,0
2022-03-24 09:20:00,1995,1995,1995,1995,0
2022-03-24 09:21:00,1995,1995,1995,1995,0
2022-03-24 09:22:00,1995,1995,1995,1995,0
2022-03-24 09:23:00,1995,1995,1995,1995,0
2022-03-24 09:24:00,1995,1995,1995,1995,0
2022-03-24 09:25:00,1995,1995,1995,1995,0
2022-03-24 09:26:00,1995,1995,1995,1995,0
2022-03-24 09:27:00,1995,1995,1995,1995,0
2022-03-24 09:28:00,1995,1995,1995,1995,0
2022-03-24 09:29:00,1995,1995,1995,1995,0
2022-03-24 09:30:00,1995,1995,1995,1995,0
2022-03-24 09:31:00,1995,1995,1995,1995,0
2022-03-24 09:32:00,1995,1995,1995,1995,0
2022-03-24 09:33:00,1995,1995,1995,1995,0
2022-03-24 09:34:00,1995,1995,1995,1995,0
2022-03-24 09:35:00,1995,1995,1995,1995,0
2022-03-24 09:36:00,1995,1995,1995,1995,0
2022-03-24 09:37:00,1995,1995,1995,1995,0
2022-03-24 09:38:00,1995,1995,1995,1995,0
2022-03-24 09:39:00,1995,1995,1995,1995,0
2022-03-24 09:40:00,1995,1995,1995,1995,0
2022-03-24 09:41:00,1995,1995,1995,1995,0
2022-03-24 09:42:00,1995,1995,1995,1995,0
2022-03-24 09:43:00,1995,1995,1995,1995,0
2022-03-24 09:44:00,1995,1995,1995,1995,0
2022-03-24 09:45:00,1995,1995,1995,1995,0
2022-03-24 09:46:00,1995,1995,1995,1995,0
2022-03-24 09:47:00,1995,1995,1995,1995,0
2022-03-24 09:48:00,1995,1995,1995,1995,0
2022-03-24 09:49:00,1995,1995,1995,1995,0
2022-03-24 09:50:00,1995,1995,1995,1995,0
2022-03-24 09:51:00,1995,1995,1995,1995,0
2022-03-24 09:52:00,1995,1995,1995,1995,0
2022-03-24 09:53:00,1995,1995,1995,1995,0
2022-03-24 09:54:00,1995,1995,1995,1995,0
2022-03-24 09:55:00,1995,1995,1995,1995,0
2022-03-24 09:56:00,1995,1995,1995,1995,0
2022-03-24 09:57:00,1995,1995,1995,1995,0
2022-03-24 09:58:00,1995,1995,1995,1995,0
2022-03-24 09:59:00,1995,1995,1995,1995,0
2022-03-24 10:00:00,1995,1995,1995,1995,0
2022-03-24 10:01:00,1995,1995,1995,1995,0
2022-03-24 10:02:00,1995,1995,1995,1995,0
2022-03-24 10:03:00,1995,1995,1995,1995,0
2022-03-24 10:04:00,1995,1995,1995,1995,0
2022-03-24 10:05:00,1995,1995,1995,1995,0
2022-03-24 10:06:00,1995,1995,1995,1995,0
2022-03-24 10:07:00,1995,1995,1995,1995,0
2022-03-24 10:08:00,1995,1995,1995,1995,0
2022-03-24 10:09:00,1995,1995,1995,1995,0
2022-03-24 10:10:00,1995,1995,1995,1995,0
2022-03-24 10:11:00,1995,1995,1995,1995,0
2022-03-24 10:12:00,1995,1995,1995,1995,0
2022-03-24 10:13:00,1995,1995,1995,1995,0
2022-03-24 10:14:00,1995,1995,1995,1995,0
2022-03-24 10:15:00,1995,1995,1995,1995,0
2022-03-24 10:16:00,1995,1995,1995,1995,0
2022-03-24 10:17:00,1995,1995,1995,1995,0
2022-03-24 10:18:00,1995,1995,1995,1995,0
2022-03-24 10:19:00,1995,1995,1995,1995,0
2022-03-24 10:20:00,1995,1995,1995,1995,0
2022-03-24 10:21:00,1995,1995,1995,1995,0
2022-03-24 10:22:00,1995,1995,1995,1995,0
2022-03-24 10:23:00,1995,1995,1995,1995,0
2022-03-24 10:24:00,1995,1995,1995,1995,0
2022-03-24 10:25:00,1995,1995,1995,1995,0
2022-03-24 10:26:00,1995,1995,1995,1995,0
2022-03-24 10:27:00,1995,1995,1995,1995,0
2022-03-24 10:28:00,1995,1995,1995,1995,0
2022-03-24 10:29:00,1995,1995,1995,1995,0
2022-03-24 10:30:00,1995,1995,1995,1995,0
2022-03-24 10:31:00,1995,1995,1995,1995,0
2022-03-24 10:32:00,1995,1995,1995,1995,0
2022-03-24 10:33:00,1995,1995,1995,1995,0
2022-03-24 10:34:00,1995,1995,1995,1995,0
2022-03-24 10:35:00,1995,1995,1995,1995,0
2022-03-24 10:36:00,1995,1995,1995,1995,0
2022-03-24 10:37:00,1995,1995,1995,1995,0
2022-03-24 10:38:00,1995,1995,1995,1995,0
2022-03-24 10:39:00,1995,1995,1995,1995,0
2022-03-24 10:40:00,1995,1995,1995,1995,0
2022-03-24 10:41:00,1995,1995,1995,1995,0
2022-03-24 10:42:00,1995,1995,1995,1995,0
2022-03-24 10:43:00,1995,1995,1995,1995,0
2022-03-24 10:44:00,1995,1995,1995,1995,0
2022-03-24 10:45:00,1995,1995,1995,1995,0
2022-03-24 10:46:00,1995,1995,1995,1995,0
2022-03-24 10:47:00,1995,1995,1995,1995,0
2022-03-24 10:48:00,1995,1995,1995,1995,0
2022-03-24 10:49:00,1995,1995,1995,1995,0
2022-03-24 10:50:00,1995,1995,1995,1995,0
2022-03-24 10:51:00,1995,1995,1995,1995,0
2022-03-24 10:52:00,1995,1995,1995,1995,0
2022-03-24 10:53:00,1995,1995,1995,1995,0
2022-03-24 10:54:00,1995,1995,1995,1995,0
2022-03-24 10:55:00,1995,1995,1995,1995,0
2022-03-24 10:56:00,1995,1995,1995,1995,0
2022-03-24 10:57:00,1995,1995,1995,1995,0
2022-03-24 10:58:00,1995,1995,1995,1995,0
2022-03-24 10:59:00,1995,1995,1995,1995,0
2022-03-24 11:00:00,1995,1995,1995,1995,0
2022-03-24 11:01:00,1995,1995,1995,1995,0
2022-03-24 11:02:00,1995,1995,1995,1995,0
2022-03-24 11:03:00,1995,1995,1995,1995,0
2022-03-24 11:04:00,1995,1995,1995,1995,0
2022-03-24 11:05:00,1995,1995,1995,1995,0
2022-03-24 11:06:00,1995,1995,1995,1995,0
2022-03-24 11:07:00,1995,1995,1995,1995,0
2022-03-24 11:08:00,1995,1995,1995,1995,0
2022-03-24 11:09:00,1995,1995,1995,1995,0
2022-03-24 11:10:00,1995,1995,1995,1995,0
2022-03-24 11:11:00,1995,1995,1995,1995,0
2022-03-24 11:12:00,1995,1995,1995,1995,0
2022-03-24 11:13:00,1995,1995,1995,1995,0
2022-03-24 11:14:00,1995,1995,1995,1995,0
2022-03-24 11:15:00,1995,1995,1995,1995,0
2022-03-24 11:16:00,1995,1995,1995,1995,0
2022-03-24 11:17:00,1995,1995,1995,1995,0
2022-03-24 11:18:00,1995,1995,1995,1995,0
2022-03-24 11:19:00,1995,1995,1995,1995,0
2022-03-24 11:20:00,1995,1995,1995,1995,0
2022-03-24 11:21:00,1995,1995,1995,1995,0
2022-03-24 11:22:00,1995,1995,1995,1995,0
2022-03-24 11:23:00,1995,1995,1995,1995,0
2022-03-24 11:24:00,1995,1995,1995,1995,0
2022-03-24 11:25:00,1995,1995,1995,1995,0
2022-03-24 11:26:00,1995,1995,1995,1995,0
2022-03-24 11:27:00,1995,1995,1995,1995,0
2022-03-24 11:28:00,1995,1995,1995,1995,0
2022-03-24 11:29:00,1995,1995,1995,1995,0
2022-03-24 11:30:00,1995,1995,1995,1995,0
2022-03-24 11:31:00,1995,1995,1995,1995,0
2022-03-24 11:32:00,1995,1995,1995,1995,0
2022-03-24 11:33:00,1995,1995,1995,1995,0
2022-03-24 11:34:00,1995,1995,1995,1995,0
2022-03-24 11:35:00,1995,1995,1995,1995,0
2022-03-24 11:36:00,1995,1995,1995,1995,0
2022-03-24 11:37:00,1995,1995,1995,1995,0
2022-03-24 11:38:00,1995,1995,1995,1995,0
2022-03-24 11:39:00,1995,1995,1995,1995,0
2022-03-24 11:40:00,1995,1995,1995,1995,0
2022-03-24 11:41:00,1995,1995,1995,1995,0
2022-03-24 11:42:00,1995,1995,1995,1995,0
2022-03-24 11:43:00,1995,1995,1995,1995,0
2022-03-24 11:44:00,1995,1995,1995,1995,0
2022-03-24 11:45:00,1995,1995,1995,1995,0
2022-03-24 11:46:00,1995,1995,1995,1995,0
2022-03-24 11:47:00,1995,1995,1995,1995,0
2022-03-24 11:48:00,1995,1995,1995,1995,0
2022-03-24 11:49:00,1995,1995,1995,1995,0
2022-03-24 11:50:00,1995,1995,1995,1995,0
2022-03-24 11:51:00,1995,1995,1995,1995,0
2022-03-24 11:52:00,1995,1995,1995,1995,0
2022-03-24 11:53:00,1995,1995,1995,1995,0
2022-03-24 11:54:00,1995,1995,1995,1995,0
2022-03-24 11:55:00,1995,1995,1995,1995,0
2022-03-24 11:56:00,1995,1995,1995,1995,0
2022-03-24 11:57:00,1995,1995,1995,1995,0
2022-03-24 11:58:00,1995,1995,1995,1995,0
2022-03-24 11:59:00,1995,1995,1995,1995,0
2022-03-24 12:00:00,1995,1995,1995,1995,0
2022-03-24 12:01:00,1995,1995,1995,1995,0
2022-03-24 12:02:00,1995,1995,1995,1995,0
2022-03-24 12:03:00,1995,1995,1995,1995,0
2022-03-24 12:04:00,1995,1995,1995,1995,0
2022-03-24 12:05:00,1995,1995,1995,1995,0
2022-03-24 12:06:00,1995,1995,1995,1995,0
2022-03-24 12:07:00,1995,1995,1995,1995,0
2022-03-24 12:08:00,1995,1995,1995,1995,0
2022-03-24 12:09:00,1995,1995,1995,1995,0
2022-03-24 12:10:00,1995,1995,1995,1995,0
2022-03-24 12:11:00,1995,1995,1995,1995,0
2022-03-24 12:12:00,1995,1995,1995,1995,0
2022-03-24 12:13:00,1995,1995,1995,1995,0
2022-03-24 12:14:00,1995,1995,1995,1995,0
2022-03-24 12:15:00,1995,1995,1995,1995,0
2022-03-24 12:16:00,1995,1995,1995,1995,0
2022-03-24 12:17:00,1995,1995,1995,1995,0
2022-03-24 12:18:00,1995,1995,1995,1995,0
2022-03-24 12:19:00,1995,1995,1995,1995,0
2022-03-24 12:20:00,1995,1995,1995,1995,0
2022-03-24 12:21:00,1995,1995,1995,1995,0
2022-03-24 12:22:00,1995,1995,1995,1995,0
2022-03-24 12:23:00,1995,1995,1995,1995,0
2022-03-24 12:24:00,1995,1995,1995,1995,0
2022-03-24 12:25:00,1995,1995,1995,1995,0
2022-03-24 12:26:00,1995,1995,1995,1995,0
2022-03-24 12:27:00,1995,1995,1995,1995,0
2022-03-24 12:28:00,1995,1995,1995,1995,0
2022-03-24 12:29:00,1995,1995,1995,1995,0
2022-03-24 12:30:00,1995,1995,1995,1995,0
2022-03-24 12:31:00,1995,1995,1995,1995,0
2022-03-24 12:32:00,1995,1995,1995,1995,0
2022-03-24 12:33:00,1995,1995,1995,1995,0
2022-03-24 12:34:00,1995,1995,1995,1995,0
2022-03-24 12:35:00,1995,1995,1995,1995,0
2022-03-24 12:36:00,1995,1995,1995,1995,0
2022-03-24 12:37:00,1995,1995,1995,1995,0
2022-03-24 12:38:00,1995,1995,1995,1995,0
2022-03-24 12:39:00,1995,1995,1995,1995,0
2022-03-24 12:40:00,1995,1995,1995,1995,0
2022-03-24 12:41:00,1995,1995,1995,1995,0
2022-03-24 12:42:00,1995,1995,1995,1995,0
2022-03-24 12:43:00,1995,1995,1995,1995,0
2022-03-24 12:44:00,1995,1995,1995,1995,0
2022-03-24 12:45:00,1995,1995,1995,1995,0
2022-03-24 12:46:00,1995,1995,1995,1995,0
2022-03-24 12:47:00,1995,1995,1995,1995,0
2022-03-24 12:48:00,1995,1995,1995,1995,0
2022-03-24 12:49:00,1995,1995,1995,1995,0
2022-03-24 12:50:00,1995,1995,1995,1995,0
2022-03-24 12:51:00,1995,1995,1995,1995,0
2022-03-24 12:52:00,1995,1995,1995,1995,0
2022-03-24 12:53:00,1995,1995,1995,1995,0
2022-03-24 12:54:00,1995,1995,1995,1995,0
2022-03-24 12:55:00,1995,1995,1995,1995,0
2022-03-24 12:56:00,1995,1995,1995,1995,0
2022-03-24 12:57:00,1995,1995,1995,1995,0
2022-03-24 12:58:00,1995,1995,1995,1995,0
2022-03-24 12:59:00,1995,1995,1995,1995,0
2022-03-24 13:00:00,1995,1995,1995,1995,0
2022-03-24 13:01:00,1995,1995,1995,1995,0
2022-03-24 13:02:00,1995,1995,1995,1995,0
2022-03-24 13:03:00,1995,1995,1995,1995,0
2022-03-24 13:04:00,1995,1995,1995,1995,0
2022-03-24 13:05:00,1995,1995,1995,1995,0
2022-03-24 13:06:00,1995,1995,1995,1995,0
2022-03-24 13:07:00,1995,1995,1995,1995,0
2022-03-24 13:08:00,1995,1995,1995,1995,0
2022-03-24 13:09:00,1995,1995,1995,1995,0
2022-03-24 13:10:00,1995,1995,1995,1995,0
2022-03-24 13:11:00,1995,1995,1995,1995,0
2022-03-24 13:12:00,1995,1995,1995,1995,0
2022-03-24 13:13:00,1995,1995,1995,1995,0
2022-03-24 13:14:00,1995,1995,1995,1995,0
2022-03-24 13:15:00,1995,1995,1995,1995,0
2022-03-24 13:16:00,1995,1995,1995,1995,0
2022-03-24 13:17:00,1995,1995,1995,1995,0
2022-03-24 13:18:00,1995,1995,1995,1995,0
2022-03-24 13:19:00,1995,1995,1995,1995,0
2022-03-24 13:20:00,1995,1995,1995,1995,0
2022-03-24 13:21:00,1995,1995,1995,1995,0
2022-03-24 13:22:00,1995,1995,1995,1995,0
2022-03-24 13:23:00,1995,1995,1995,1995,0
2022-03-24 13:24:00,1995,1995,1995,1995,0
2022-03-24 13:25:00,1995,1995,1995,1995,0
2022-03-24 13:26:00,1995,1995,1995,1995,0
2022-03-24 13:27:00,1995,1995,1995,1995,0
2022-03-24 13:28:00,1995,1995,1995,1995,0
2022-03-24 13:29:00,1995,1995,1995,1995,0
2022-03-24 13:30:00,1995,1995,1995,1995,0
2022-03-24 13:31:00,1995,1995,1995,1995,0
2022-03-24 13:32:00,1995,1995,1995,1995,0
2022-03-24 13:33:00,1995,1995,1995,1995,0
2022-03-24 13:34:00,1995,1995,1995,1995,0
2022-03-24 13:35:00,1995,1995,1995,1995,0
2022-03-24 13:36:00,1995,1995,1995,1995,0
2022-03-24 13:37:00,1995,1995,1995,1995,0
2022-03-24 13:38:00,1995,1995,1995,1995,0
2022-03-24 13:39:00,1995,1995,1995,1995,0
2022-03-24 13:40:00,1995,1995,1995,1995,0
2022-03-24 13:41:00,1995,1995,1995,1995,0
2022-03-24 13:42:00,1995,1995,1995,1995,0
2022-03-24 13:43:00,1995,1995,1995,1995,0
2022-03-24 13:44:00,1995,1995,1995,1995,0
2022-03-24 13:45:00,1995,1995,1995,1995,0
2022-03-24 13:46:00,1995,1995,1995,1995,0
2022-03-24 13:47:00,1995,1995,1995,1995,0
2022-03-24 13:48:00,1995,1995,1995,1995,0
2022-03-24 13:49:00,1995,1995,1995,1995,0
2022-03-24 13:50:00,1995,1995,1995,1995,0
2022-03-24 13:51:00,1995,1995,1995,1995,0
2022-03-24 13:52:00,1995,1995,1995,1995,0
2022-03-24 13:53:00,1995,1995,1995,1995,0
2022-03-24 13:54:00,1995,1995,1995,1995,0
2022-03-24 13:55:00,1995,1995,1995,1995,0
2022-03-24 13:56:00,1995,1995,1995,1995,0
2022-03-24 13:57:00,1995,1995,1995,1995,0
2022-03-24 13:58:00,1995,1995,1995,1995,0
2022-03-24 13:59:00,1995,1995,1995,1995,0
2022-03-24 14:00:00,1995,1995,1995,1995,0
2022-03-24 14:01:00,1995,1995,1995,1995,0
2022-03-24 14:02:00,1995,1995,1995,1995,0
2022-03-24 14:03:00,1995,1995,1995,1995,0
2022-03-24 14:04:00,1995,1995,1995,1995,0
2022-03-24 14:05:00,1995,1995,1995,1995,0
2022-03-24 14:06:00,1995,1995,1995,1995,0
2022-03-24 14:07:00,1995,1995,1995,1995,0
2022-03-24 14:08:00,1995,1995,1995,1995,0
2022-03-24 14:09:00,1995,1995,1995,1995,0
2022-03-24 14:10:00,1995,1995,1995,1995,0
2022-03-24 14:11:00,1995,1995,1995,1995,0
2022-03-24 14:12:00,1995,1995,1995,1995,0
2022-03-24 14:13:00,1995,1995,1995,1995,0
2022-03-24 14:14:00,1995,1995,1995,1995,0
2022-03-24 14:15:00,1995,1995,1995,1995,0
2022-03-24 14:16:00,1995,1995,1995,1995,0
2022-03-24 14:17:00,1995,1995,1995,1995,0
2022-03-24 14:18:00,1995,1995,1995,1995,0
2022-03-24 14:19:00,1995,1995,1995,1995,0
2022-03-24 14:20:00,1995,1995,1995,1995,0
2022-03-24 14:21:00,1995,1995,1995,1995,0
2022-03-24 14:22:00,1995,1995,1995,1995,0
2022-03-24 14:23:00,1995,1995,1995,1995,0
2022-03-24 14:24:00,1995,1995,1995,1995,0
2022-03-24 14:25:00,1995,1995,1995,1995,0
2022-03-24 14:26:00,1995,1995,1995,1995,0
2022-03-24 14:27:00,1995,1995,1995,1995,0
2022-03-24 14:28:00,1995,1995,1995,1995,0
2022-03-24 14:29:00,1995,1995,1995,1995,0
2022-03-24 14:30:00,1995,1995,1995,1995,0
2022-03-24 14:31:00,1995,1995,1995,1995,0
2022-03-24 14:32:00,1995,1995,1995,1995,0
2022-03-24 14:33:00,1995,1995,1995,1995,0
2022-03-24 14:34:00,1995,1995,1995,1995,0
2022-03-24 14:35:00,1995,1995,1995,1995,0
2022-03-24 14:36:00,1995,1995,1995,1995,0
2022-03-24 14:37:00,1995,1995,1995,1995,0
2022-03-24 14:38:00,1995,1995,1995,1995,0
2022-03-24 14:39:00,1995,1995,1995,1995,0
2022-03-24 14:40:00,1995,1995,1995,1995,0
2022-03-24 14:41:00,1995,1995,1995,1995,0
2022-03-24 14:42:00,1995,1995,1995,1995,0
2022-03-24 14:43:00,1995,1995,1995,1995,0
2022-03-24 14:44:00,1995,1995,1995,1995,0
2022-03-24 14:45:00,1995,1995,1995,1995,0
2022-03-24 14:46:00,1995,1995,1995,1995,0
2022-03-24 14:47:00,1995,1995,1995,1995,0
2022-03-24 14:48:00,1995,1995,1995,1995,0
2022-03-24 14:49:00,1995,1995,1995,1995,0
2022-03-24 14:50:00,1995,1995,1995,1995,0
2022-03-24 14:51:00,1995,1995,1995,1995,0
2022-03-24 14:52:00,1995,1995,1995,1995,0
2022-03-24 14:53:00,1995,1995,1995,1995,0
2022-03-24 14:54:00,1995,1995,1995,1995,0
2022-03-24 14:55:00,1995,1995,1995,1995,0
2022-03-24 14:56:00,1995,1995,1995,1995,0
2022-03-24 14:57:00,1995,1995,1995,1995,0
2022-03-24 14:58:00,1995,1995,1995,1995,0
2022-03-24 14:59:00,1995,1995,1995,1995,0
2022-03-24 15:00:00,1995,1995,1995,1995,0
2022-03-24 15:01:00,1995,1995,1995,1995,0
2022-03-24 15:02:00,1995,1995,1995,1995,0
2022-03-24 15:03:00,1995,1995,1995,1995,0
2022-03-24 15:04:00,1995,1995,1995,1995,0
2022-03-24 15:05:00,1995,1995,1995,1995,0
2022-03-24 15:06:00,1995,1995,1995,1995,0
2022-03-24 15:07:00,1995,1995,1995,1995,0
2022-03-24 15:08:00,1995,1995,1995,1995,0
2022-03-24 15:09:00,1995,1995,1995,1995,0
2022-03-24 15:10:00,1995,1995,1995,1995,0
2022-03-24 15:11:00,1995,1995,1995,1995,0
2022-03-24 15:12:00,1995,1995,1995,1995,0
2022-03-24 15:13:00,1995,1995,1995,1995,0
2022-03-24 15:14:00,1995,1995,1995,1995,0
2022-03-24 15:15:00,1995,1995,1995,1995,0
2022-03-24 15:16:00,1995,1995,1995,1995,0
2022-03-24 15:17:00,1995,1995,1995,1995,0
2022-03-24 15:18:00,1995,1995,1995,1995,0
2022-03-24 15:19:00,1995,1995,1995,1995,0
2022-03-24 15:20:00,1995,1995,1995,1995,0
2022-03-24 15:21:00,1995,1995,1995,1995,0
2022-03-24 15:22:00,1995,1995,1995,1995,0
2022-03-24 15:23:00,1995,1995,1995,1995,0
2022-03-24 15:24:00,1995,1995,1995,1995,0
2022-03-24 15:25:00,1995,1995,1995,1995,0
2022-03-24 15:26:00,1995,1995,1995,1995,0
2022-03-24 15:27:00,1995,1995,1995,1995,0
2022-03-24 15:28:00,1995,1995,1995,1995,0
2022-03-24 15:29:00,1995,1995,1995,1995,0
2022-03-24 15:30:00,1995,1995,1995,1995,0
2022-03-24 15:31:00,1995,1995,1995,1995,0
2022-03-24 15:32:00,1995,1995,1995,1995,0
2022-03-24 15:33:00,1995,1995,1995,1995,0
2022-03-24 15:34:00,1995,1995,1995,1995,0
2022-03-24 15:35:00,1995,1995,1995,1995,0
2022-03-24 15:36:00,1995,1995,1995,1995,0
2022-03-24 15:37:00,1995,1995,1995,1995,0
2022-03-24 15:38:00,1995,1995,1995,1995,0
2022-03-24 15:39:00,1995,1995,1995,1995,0
2022-03-24 15:40:00,1995,1995,1995,1995,0
2022-03-24 15:41:00,1995,1995,1995,1995,0
2022-03-24 15:42:00,1995,1995,1995,1995,0
2022-03-24 15:43:00,1995,1995,1995,1995,0
2022-03-24 15:44:00,1995,1995,1995,1995,0
2022-03-24 15:45:00,1995,1995,1995,1995,0
2022-03-24 15:46:00,1995,1995,1995,1995,0
2022-03-24 15:47:00,1995,1995,1995,1995,0
2022-03-24 15:48:00,1995,1995,1995,1995,0
2022-03-24 15:49:00,1995,1995,1995,1995,0
2022-03-24 15:50:00,1995,1995,1995,1995,0
2022-03-24 15:51:00,1995,1995,1995,1995,0
2022-03-24 15:52:00,1995,1995,1995,1995,0
2022-03-24 15:53:00,1995,1995,1995,1995,0
2022-03-24 15:54:00,1995,1995,1995,1995,0
2022-03-24 15:55:00,1995,1995,1995,1995,0
2022-03-24 15:56:00,1995,1995,1995,1995,0
2022-03-24 15:57:00,1995,1995,1995,1995,0
2022-03-24 15:58:00,1995,1995,1995,1995,0
2022-03-24 15:59:00,1995,1995,1995,1995,0
2022-03-25 09:00:00,1995,1995,1995,1995,0
2022-03-25 09:01:00,1995,1995,1995,1995,0
2022-03-25 09:02:00,1995,1995,1995,1995,0
2022-03-25 09:03:00,1995,1995,1995,1995,0
2022-03-25 09:04:00,1995,1995,1995,1995,0
2022-03-25 09:05:00,1995,1995,1995,1995,0
2022-03-25 09:06:00,1995,1995,1995,1995,0
2022-03-25 09:07:00,1995,1995,1995,1995,0
2022-03-25 09:08:00,1995,1995,1995,1995,0
2022-03-25 09:09:00,1995,1995,1995,1995,0
2022-03-25 09:10:00,1995,1995,1995,1995,0
2022-03-25 09:11:00,1995,1995,1995,1995,0
2022-03-25 09:12:00,1995,1995,1995,1995,0
2022-03-25 09:13:00,1995,1995,1995,1995,0
2022-03-25 09:14:00,1995,1995,1995,1995,0
2022-03-25 09:15:00,1995,1995,1995,1995,0
2022-03-25 09:16:00,1995,1995,1995,1995,0
2022-03-25 09:17:00,1995,1995,1995,1995,0
2022-03-25 09:18:00,1995,1995,1995,1995,0
2022-03-25 09:19:00,1995,1995,1995,1995,0
2022-03-25 09:20:00,1995,1995,1995,1995,0
2022-03-25 09:21:00,1995,1995,1995,1995,0
2022-03-25 09:22:00,1995,1995,1995,1995,0
2022-03-25 09:23:00,1995,1995,1995,1995,0
2022-03-25 09:24:00,1995,1995,1995,1995,0
2022-03-25 09:25:00,1995,1995,1995,1995,0
2022-03-25 09:26:00,1995,1995,1995,1995,0
2022-03-25 09:27:00,1995,1995,1995,1995,0
2022-03-25 09:28:00,1995,1995,1995,1995,0
2022-03-25 09:29:00,1995,1995,1995,1995,0
2022-03-25 09:30:00,1995,1995,1995,1995,0
2022-03-25 09:31:00,1995,1995,1995,1995,0
2022-03-25 09:32:00,1995,1995,1995,1995,0
2022-03-25 09:33:00,1995,1995,1995,1995,0
2022-03-25 09:34:00,1995,1995,1995,1995,0
2022-03-25 09:35:00,1995,1995,1995,1995,0
2022-03-25 09:36:00,1995,1995,1995,1995,0
2022-03-25 09:37:00,1995,1995,1995,1995,0
2022-03-25 09:38:00,1995,1995,1995,1995,0
2022-03-25 09:39:00,1995,1995,1995,1995,0
2022-03-25 09:40:00,1995,1995,1995,1995,0
2022-03-25 09:41:00,1995,1995,1995,1995,0
2022-03-25 09:42:00,1995,1995,1995,1995,0
2022-03-25 09:43:00,1995,1995,1995,1995,0
2022-03-25 09:44:00,1995,1995,1995,1995,0
2022-03-25 09:45:00,1995,1995,1995,1995,0
2022-03-25 09:46:00,1995,1995,1995,1995,0
2022-03-25 09:47:00,1995,1995,1995,1995,0
2022-03-25 09:48:00,1995,1995,1995,1995,0
2022-03-25 09:49:00,1995,1995,1995,1995,0
2022-03-25 09:50:00,1995,1995,1995,1995,0
2022-03-25 09:51:00,1995,1995,1995,1995,0
2022-03-25 09:52:00,1995,1995,1995,1995,0
2022-03-25 09:53:00,1995,1995,1995,1995,0
2022-03-25 09:54:00,1995,1995,1995,1995,0
2022-03-25 09:55:00,1995,1995,1995,1995,0
2022-03-25 09:56:00,1995,1995,1995,1995,0
2022-03-25 09:57:00,1995,1995,1995,1995,0
2022-03-25 09:58:00,1995,1995,1995,1995,0
2022-03-25 09:59:00,1995,1995,1995,1995,0
2022-03-25 10:00:00,1995,1995,1995,1995,0
2022-03-25 10:01:00,1995,1995,1995,1995,0
2022-03-25 10:02:00,1995,1995,1995,1995,0
2022-03-25 10:03:00,1995,1995,1995,1995,0
2022-03-25 10:04:00,1995,1995,1995,1995,0
2022-03-25 10:05:00,1995,1995,1995,1995,0
2022-03-25 10:06:00,1995,1995,1995,1995,0
2022-03-25 10:07:00,1995,1995,1995,1995,0
2022-03-25 10:08:00,1995,1995,1995,1995,0
2022-03-25 10:09:00,1995,1995,1995,1995,0
2022-03-25 10:10:00,1995,1995,1995,1995,0
2022-03-25 10:11:00,1995,1995,1995,1995,0
2022-03-25 10:12:00,1995,1995,1995,1995,0
2022-03-25 10:13:00,1995,1995,1995,1995,0
2022-03-25 10:14:00,1995,1995,1995,1995,0
2022-03-25 10:15:00,1995,1995,1995,1995,0
2022-03-25 10:16:00,1995,1995,1995,1995,0
2022-03-25 10:17:00,1995,1995,1995,1995,0
2022-03-25 10:18:00,1995,1995,1995,1995,0
2022-03-25 10:19:00,1995,1995,1995,1995,0
2022-03-25 10:20:00,1995,1995,1995,1995,0
2022-03-25 10:21:00,1995,1995,1995,1995,0
2022-03-25 10:22:00,1995,1995,1995,1995,0
2022-03-25 10:23:00,1995,1995,1995,1995,0
2022-03-25 10:24:00,1995,1995,1995,1995,0
2022-03-25 10:25:00,1995,1995,1995,1995,0
2022-03-25 10:26:00,1995,1995,1995,1995,0
2022-03-25 10:27:00,1995,1995,1995,1995,0
2022-03-25 10:28:00,1995,1995,1995,1995,0
2022-03-25 10:29:00,1995,1995,1995,1995,0
2022-03-25 10:30:00,1995,1995,1995,1995,0
2022-03-25 10:31:00,1995,1995,1995,1995,0
2022-03-25 10:32:00,1995,1995,1995,1995,0
2022-03-25 10:33:00,1995,1995,1995,1995,0
2022-03-25 10:34:00,1995,1995,1995,1995,0
2022-03-25 10:35:00,1995,1995,1995,1995,0
2022-03-25 10:36:00,1995,1995,1995,1995,0
2022-03-25 10:37:00,1995,1995,1995,1995,0
2022-03-25 10:38:00,1995,1995,1995,1995,0
2022-03-25 10:39:00,1995,1995,1995,1995,0
2022-03-25 10:40:00,1995,1995,1995,1995,0
2022-03-25 10:41:00,1995,1995,1995,1995,0
2022-03-25 10:42:00,1995,1995,1995,1995,0
2022-03-25 10:43:00,1995,1995,1995,1995,0
2022-03-25 10:44:00,1995,1995,1995,1995,0
2022-03-25 10:45:00,1995,1995,1995,1995,0
2022-03-25 10:46:00,1995,1995,1995,1995,0
2022-03-25 10:47:00,1995,1995,1995,1995,0
2022-03-25 10:48:00,1995,1995,1995,1995,0
2022-03-25 10:49:00,1995,1995,1995,1995,0
2022-03-25 10:50:00,1995,1995,1995,1995,0
2022-03-25 10:51:00,1995,1995,1995,1995,0
2022-03-25 10:52:00,1995,1995,1995,1995,0
2022-03-25 10:53:00,1995,1995,1995,1995,0
2022-03-25 10:54:00,1995,1995,1995,1995,0
2022-03-25 10:55:00,1995,1995,1995,1995,0
2022-03-25 10:56:00,1995,1995,1995,1995,0
2022-03-25 10:57:00,1995,1995,1995,1995,0
2022-03-25 10:58:00,1995,1995,1995,1995,0
2022-03-25 10:59:00,1995,1995,1995,1995,0
2022-03-25 11:00:00,1995,1995,1995,1995,0
2022-03-25 11:01:00,1995,1995,1995,1995,0
2022-03-25 11:02:00,1995,1995,1995,1995,0
2022-03-25 11:03:00,1995,1995,1995,1995,0
2022-03-25 11:04:00,1995,1995,1995,1995,0
2022-03-25 11:05:00,1995,1995,1995,1995,0
2022-03-25 11:06:00,1995,1995,1995,1995,0
2022-03-25 11:07:00,1995,1995,1995,1995,0
2022-03-25 11:08:00,1995,1995,1995,1995,0
2022-03-25 11:09:00,1995,1995,1995,1995,0
2022-03-25 11:10:00,1995,1995,1995,1995,0
2022-03-25 11:11:00,1995,1995,1995,1995,0
2022-03-25 11:12:00,1995,1995,1995,1995,0
2022-03-25 11:13:00,1995,1995,1995,1995,0
2022-03-25 11:14:00,1995,1995,1995,1995,0
2022-03-25 11:15:00,1995,1995,1995,1995,0
2022-03-25 11:16:00,1995,1995,1995,1995,0
2022-03-25 11:17:00,1995,1995,1995,1995,0
2022-03-25 11:18:00,1995,1995,1995,1995,0
2022-03-25 11:19:00,1995,1995,1995,1995,0
2022-03-25 11:20:00,1995,1995,1995,1995,0
2022-03-25 11:21:00,1995,1995,1995,1995,0
2022-03-25 11:22:00,1995,1995,1995,1995,0
2022-03-25 11:23:00,1995,1995,1995,1995,0
2022-03-25 11:24:00,1995,1995,1995,1995,0
2022-03-25 11:25:00,1995,1995,1995,1995,0
2022-03-25 11:26:00,1995,1995,1995,1995,0
2022-03-25 11:27:00,1995,1995,1995,1995,0
2022-03-25 11:28:00,1995,1995,1995,1995,0
2022-03-25 11:29:00,1995,1995,1995,1995,0
2022-03-25 11:30:00,1995,1995,1995,1995,0
2022-03-25 11:31:00,1995,1995,1995,1995,0
2022-03-25 11:32:00,1995,1995,1995,1995,0
2022-03-25 11:33:00,1995,1995,1995,1995,0
2022-03-25 11:34:00,1995,1995,1995,1995,0
2022-03-25 11:35:00,1995,1995,1995,1995,0
2022-03-25 11:36:00,1995,1995,1995,1995,0
2022-03-25 11:37:00,1995,1995,1995,1995,0
2022-03-25 11:38:00,1995,1995,1995,1995,0
2022-03-25 11:39:00,1995,1995,1995,1995,0
2022-03-25 11:40:00,1995,1995,1995,1995,0
2022-03-25 11:41:00,1995,1995,1995,1995,0
2022-03-25 11:42:00,1995,1995,1995,1995,0
2022-03-25 11:43:00,1995,1995,1995,1995,0
2022-03-25 11:44:00,1995,1995,1995,1995,0
2022-03-25 11:45:00,1995,1995,1995,1995,0
2022-03-25 11:46:00,1995,1995,1995,1995,0
2022-03-25 11:47:00,1995,1995,1995,1995,0
2022-03-25 11:48:00,1995,1995,1995,1995,0
2022-03-25 11:49:00,1995,1995,1995,1995,0
2022-03-25 11:50:00,1995,1995,1995,1995,0
2022-03-25 11:51:00,1995,1995,1995,1995,0
2022-03-25 11:52:00,1995,1995,1995,1995,0
2022-03-25 11:53:00,1995,1995,1995,1995,0
2022-03-25 11:54:00,1995,1995,1995,1995,0
2022-03-25 11:55:00,1995,1995,1995,1995,0
2022-03-25 11:56:00,1995,1995,1995,1995,0
2022-03-25 11:57:00,1995,1995,1995,1995,0
2022-03-25 11:58:00,1995,1995,1995,1995,0
2022-03-25 11:59:00,1995,1995,1995,1995,0
2022-03-25 12:00:00,1995,1995,1995,1995,0
2022-03-25 12:01:00,1995,1995,1995,1995,0
2022-03-25 12:02:00,1995,1995,1995,1995,0
2022-03-25 12:03:00,1995,1995,1995,1995,0
2022-03-25 12:04:00,1995,1995,1995,1995,0
2022-03-25 12:05:00,1995,1995,1995,1995,0
2022-03-25 12:06:00,1995,1995,1995,1995,0
2022-03-25 12:07:00,1995,1995,1995,1995,0
2022-03-25 12:08:00,1995,1995,1995,1995,0
2022-03-25 12:09:00,1995,1995,1995,1995,0
2022-03-25 12:10:00,1995,1995,1995,1995,0
2022-03-25 12:11:00,1995,1995,1995,1995,0
2022-03-25 12:12:00,1995,1995,1995,1995,0
2022-03-25 12:13:00,1995,1995,1995,1995,0
2022-03-25 12:14:00,1995,1995,1995,1995,0
2022-03-25 12:15:00,1995,1995,1995,1995,0
2022-03-25 12:16:00,1995,1995,1995,1995,0
2022-03-25 12:17:00,1995,1995,1995,1995,0
2022-03-25 12:18:00,1995,1995,1995,1995,0
2022-03-25 12:19:00,1995,1995,1995,1995,0
2022-03-25 12:20:00,1995,1995,1995,1995,0
2022-03-25 12:21:00,1995,1995,1995,1995,0
2022-03-25 12:22:00,1995,1995,1995,1995,0
2022-03-25 12:23:00,1995,1995,1995,1995,0
2022-03-25 12:24:00,1995,1995,1995,1995,0
2022-03-25 12:25:00,1995,1995,1995,1995,0
2022-03-25 12:26:00,1995,1995,1995,1995,0
2022-03-25 12:27:00,1995,1995,1995,1995,0
2022-03-25 12:28:00,1995,1995,1995,1995,0
2022-03-25 12:29:00,1995,1995,1995,1995,0
2022-03-25 12:30:00,1995,1995,1995,1995,0
2022-03-25 12:31:00,1995,1995,1995,1995,0
2022-03-25 12:32:00,1995,1995,1995,1995,0
2022-03-25 12:33:00,1995,1995,1995,1995,0
2022-03-25 12:34:00,1995,1995,1995,1995,0
2022-03-25 12:35:00,1995,1995,1995,1995,0
2022-03-25 12:36:00,1995,1995,1995,1995,0
2022-03-25 12:37:00,1995,1995,1995,1995,0
2022-03-25 12:38:00,1995,1995,1995,1995,0
2022-03-25 12:39:00,1995,1995,1995,1995,0
2022-03-25 12:40:00,1995,1995,1995,1995,0
2022-03-25 12:41:00,1995,1995,1995,1995,0
2022-03-25 12:42:00,1995,1995,1995,1995,0
2022-03-25 12:43:00,1995,1995,1995,1995,0
2022-03-25 12:44:00,1995,1995,1995,1995,0
2022-03-25 12:45:00,1995,1995,1995,1995,0
2022-03-25 12:46:00,1995,1995,1995,1995,0
2022-03-25 12:47:00,1995,1995,1995,1995,0
2022-03-25 12:48:00,1995,1995,1995,1995,0
2022-03-25 12:49:00,1995,1995,1995,1995,0
2022-03-25 12:50:00,1995,1995,1995,1995,0
2022-03-25 12:51:00,1995,1995,1995,1995,0
2022-03-25 12:52:00,1995,1995,1995,1995,0
2022-03-25 12:53:00,1995,1995,1995,1995,0
2022-03-25 12:54:00,1995,1995,1995,1995,0
2022-03-25 12:55:00,1995,1995,1995,1995,0
2022-03-25 12:56:00,1995,1995,1995,1995,0
2022-03-25 12:57:00,1995,1995,1995,1995,0
2022-03-25 12:58:00,1995,1995,1995,1995,0
2022-03-25 12:59:00,1995,1995,1995,1995,0
2022-03-25 13:00:00,1995,1995,1995,1995,0
2022-03-25 13:01:00,1995,1995,1995,1995,0
2022-03-25 13:02:00,1995,1995,1995,1995,0
2022-03-25 13:03:00,1995,1995,1995,1995,0
2022-03-25 13:04:00,1995,1995,1995,1995,0
2022-03-25 13:05:00,1995,1995,1995,1995,0
2022-03-25 13:06:00,1995,1995,1995,1995,0
2022-03-25 13:07:00,1995,1995,1995,1995,0
2022-03-25 13:08:00,1995,1995,1995,1995,0
2022-03-25 13:09:00,1995,1995,1995,1995,0
2022-03-25 13:10:00,1995,1995,1995,1995,0
2022-03-25 13:11:00,1995,1995,1995,1995,0
2022-03-25 13:12:00,1995,1995,1995,1995,0
2022-03-25 13:13:00,1995,1995,1995,1995,0
2022-03-25 13:14:00,1995,1995,1995,1995,0
2022-03-25 13:15:00,1995,1995,1995,1995,0
2022-03-25 13:16:00,1995,1995,1995,1995,0
2022-03-25 13:17:00,1995,1995,1995,1995,0
2022-03-25 13:18:00,1995,1995,1995,1995,0
2022-03-25 13:19:00,1995,1995,1995,1995,0
2022-03-25 13:20:00,1995,1995,1995,1995,0
2022-03-25 13:21:00,1995,1995,1995,1995,0
2022-03-25 13:22:00,1995,1995,1995,1995,0
2022-03-25 13:23:00,1995,1995,1995,1995,0
2022-03-25 13:24:00,1995,1995,1995,1995,0
2022-03-25 13:25:00,1995,1995,1995,1995,0
2022-03-25 13:26:00,1995,1995,1995,1995,0
2022-03-25 13:27:00,1995,1995,1995,1995,0
2022-03-25 13:28:00,1995,1995,1995,1995,0
2022-03-25 13:29:00,1995,1995,1995,1995,0
2022-03-25 13:30:00,1995,1995,1995,1995,0
2022-03-25 13:31:00,1995,1995,1995,1995,0
2022-03-25 13:32:00,1995,1995,1995,1995,0
2022-03-25 13:33:00,1995,1995,1995,1995,0
2022-03-25 13:34:00,1995,1995,1995,1995,0
2022-03-25 13:35:00,1995,1995,1995,1995,0
2022-03-25 13:36:00,1995,1995,1995,1995,0
2022-03-25 13:37:00,1995,1995,1995,1995,0
2022-03-25 13:38:00,1995,1995,1995,1995,0
2022-03-25 13:39:00,1995,1995,1995,1995,0
2022-03-25 13:40:00,1995,1995,1995,1995,0
2022-03-25 13:41:00,1995,1995,1995,1995,0
2022-03-25 13:42:00,1995,1995,1995,1995,0
2022-03-25 13:43:00,1995,1995,1995,1995,0
2022-03-25 13:44:00,1995,1995,1995,1995,0
2022-03-25 13:45:00,1995,1995,1995,1995,0
2022-03-25 13:46:00,1995,1995,1995,1995,0
2022-03-25 13:47:00,1995,1995,1995,1995,0
2022-03-25 13:48:00,1995,1995,1995,1995,0
2022-03-25 13:49:00,1995,1995,1995,1995,0
2022-03-25 13:50:00,1995,1995,1995,1995,0
2022-03-25 13:51:00,1995,1995,1995,1995,0
2022-03-25 13:52:00,1995,1995,1995,1995,0
2022-03-25 13:53:00,1995,1995,1995,1995,0
2022-03-25 13:54:00,1995,1995,1995,1995,0
2022-03-25 13:55:00,1995,1995,1995,1995,0
2022-03-25 13:56:00,1995,1995,1995,1995,0
2022-03-25 13:57:00,1995,1995,1995,1995,0
2022-03-25 13:58:00,1995,1995,1995,1995,0
2022-03-25 13:59:00,1995,1995,1995,1995,0
2022-03-25 14:00:00,1995,1995,1995,1995,0
2022-03-25 14:01:00,1995,1995,1995,1995,0
2022-03-25 14:02:00,1995,1995,1995,1995,0
2022-03-25 14:03:00,1995,1995,1995,1995,0
2022-03-25 14:04:00,1995,1995,1995,1995,0
2022-03-25 14:05:00,1995,1995,1995,1995,0
2022-03-25 14:06:00,1995,1995,1995,1995,0
2022-03-25 14:07:00,1995,1995,1995,1995,0
2022-03-25 14:08:00,1995,1995,1995,1995,0
2022-03-25 14:09:00,1995,1995,1995,1995,0
2022-03-25 14:10:00,1995,1995,1995,1995,0
2022-03-25 14:11:00,1995,1995,1995,1995,0
2022-03-25 14:12:00,1995,1995,1995,1995,0
2022-03-25 14:13:00,1995,1995,1995,1995,0
2022-03-25 14:14:00,1995,1995,1995,1995,0
2022-03-25 14:15:00,1995,1995,1995,1995,0
2022-03-25 14:16:00,1995,1995,1995,1995,0
2022-03-25 14:17:00,1995,1995,1995,1995,0
2022-03-25 14:18:00,1995,1995,1995,1995,0
2022-03-25 14:19:00,1995,1995,1995,1995,0
2022-03-25 14:20:00,1995,1995,1995,1995,0
2022-03-25 14:21:00,1995,1995,1995,1995,0
2022-03-25 14:22:00,1995,1995,1995,1995,0
2022-03-25 14:23:00,1995,1995,1995,1995,0
2022-03-25 14:24:00,1995,1995,1995,1995,0
2022-03-25 14:25:00,1995,1995,1995,1995,0
2022-03-25 14:26:00,1995,1995,1995,1995,0
2022-03-25 14:27:00,1995,1995,1995,1995,0
2022-03-25 14:28:00,1995,1995,1995,1995,0
2022-03-25 14:29:00,1995,1995,1995,1995,0
2022-03-25 14:30:00,1995,1995,1995,1995,0
2022-03-25 14:31:00,1995,1995,1995,1995,0
2022-03-25 14:32:00,1995,1995,1995,1995,0
2022-03-25 14:33:00,1995,1995,1995,1995,0
2022-03-25 14:34:00,1995,1995,1995,1995,0
2022-03-25 14:35:00,1995,1995,1995,1995,0
2022-03-25 14:36:00,1995,1995,1995,1995,0
2022-03-25 14:37:00,1995,1995,1995,1995,0
2022-03-25 14:38:00,1995,1995,1995,1995,0
2022-03-25 14:39:00,1995,1995,1995,1995,0
2022-03-25 14:40:00,1995,1995,1995,1995,0
2022-03-25 14:41:00,1995,1995,1995,1995,0
2022-03-25 14:42:00,1995,1995,1995,1995,0
2022-03-25 14:43:00,1995,1995,1995,1995,0
2022-03-25 14:44:00,1995,1995,1995,1995,0
2022-03-25 14:45:00,1995,1995,1995,1995,0
2022-03-25 14:46:00,1995,1995,1995,1995,0
2022-03-25 14:47:00,1995,1995,1995,1995,0
2022-03-25 14:48:00,1995,1995,1995,1995,0
2022-03-25 14:49:00,1995,1995,1995,1995,0
2022-03-25 14:50:00,1995,1995,1995,1995,0
2022-03-25 14:51:00,1995,1995,1995,1995,0
2022-03-25 14:52:00,1995,1995,1995,1995,0
2022-03-25 14:53:00,1995,1995,1995,1995,0
2022-03-25 14:54:00,1995,1995,1995,1995,0
2022-03-25 14:55:00,1995,1995,1995,1995,0
2022-03-25 14:56:00,1995,1995,1995,1995,0
2022-03-25 14:57:00,1995,1995,1995,1995,0
2022-03-25 14:58:00,1995,1995,1995,1995,0
2022-03-25 14:59:00,1995,1995,1995,1995,0
2022-03-25 15:00:00,1995,1995,1995,1995,0
2022-03-25 15:01:00,1995,1995,1995,1995,0
2022-03-25 15:02:00,1995,1995,1995,1995,0
2022-03-25 15:03:00,1995,1995,1995,1995,0
2022-03-25 15:04:00,1995,1995,1995,1995,0
2022-03-25 15:05:00,1995,1995,1995,1995,0
2022-03-25 15:06:00,1995,1995,1995,1995,0
2022-03-25 15:07:00,1995,1995,1995,1995,0
2022-03-25 15:08:00,1995,1995,1995,1995,0
2022-03-25 15:09:00,1995,1995,1995,1995,0
2022-03-25 15:10:00,1995,1995,1995,1995,0
2022-03-25 15:11:00,1995,1995,1995,1995,0
2022-03-25 15:12:00,1995,1995,1995,1995,0
2022-03-25 15:13:00,1995,1995,1995,1995,0
2022-03-25 15:14:00,1995,1995,1995,1995,0
2022-03-25 15:15:00,1995,1995,1995,1995,0
2022-03-25 15:16:00,1995,1995,1995,1995,0
2022-03-25 15:17:00,1995,1995,1995,1995,0
2022-03-25 15:18:00,1995,1995,1995,1995,0
2022-03-25 15:19:00,1995,1995,1995,1995,0
2022-03-25 15:20:00,1995,1995,1995,1995,0
2022-03-25 15:21:00,1995,1995,1995,1995,0
2022-03-25 15:22:00,1995,1995,1995,1995,0
2022-03-25 15:23:00,1995,1995,1995,1995,0
2022-03-25 15:24:00,1995,1995,1995,1995,0
2022-03-25 15:25:00,1995,1995,1995,1995,0
2022-03-25 15:26:00,1995,1995,1995,1995,0
2022-03-25 15:27:00,1995,1995,1995,1995,0
2022-03-25 15:28:00,1995,1995,1995,1995,0
2022-03-25 15:29:00,1995,1995,1995,1995,0
2022-03-25 15:30:00,1995,1995,1995,1995,0
2022-03-25 15:31:00,1995,1995,1995,1995,0
2022-03-25 15:32:00,1995,1995,1995,1995,0
2022-03-25 15:33:00,1995,1995,1995,1995,0
2022-03-25 15:34:00,1995,1995,1995,1995,0
2022-03-25 15:35:00,1995,1995,1995,1995,0
2022-03-25 15:36:00,1995,1995,1995,1995,0
2022-03-25 15:37:00,1995,1995,1995,1995,0
2022-03-25 15:38:00,1995,1995,1995,1995,0
2022-03-25 15:39:00,1995,1995,1995,1995,0
2022-03-25 15:40:00,1995,1995,1995,1995,0
2022-03-25 15:41:00,1995,1995,1995,1995,0
2022-03-25 15:42:00,1995,1995,1995,1995,0
2022-03-25 15:43:00,1995,1995,1995,1995,0
2022-03-25 15:44:00,1995,1995,1995,1995,0
2022-03-25 15:45:00,1995,1995,1995,1995,0
2022-03-25 15:46:00,1995,1995,1995,1995,0
2022-03-25 15:47:00,1995,1995,1995,1995,0
2022-03-25 15:48:00,1995,1995,1995,1995,0
2022-03-25 15:49:00,1995,1995,1995,1995,0
2022-03-25 15:50:00,1995,1995,1995,1995,0
2022-03-25 15:51:00,1995,1995,1995,1995,0
2022-03-25 15:52:00,1995,1995,1995,1995,0
2022-03-25 15:53:00,1995,1995,1995,1995,0
2022-03-25 15:54:00,1995,1995,1995,1995,0
2022-03-25 15:55:00,1995,1995,1995,1995,0
2022-03-25 15:56:00,1995,1995,1995,1995,0
2022-03-25 15:57:00,1995,1995,1995,1995,0
2022-03-25 15:58:00,1995,1995,1995,1995,0
2022-03-25 15:59:00,1995,1995,1995,1995,0
2022-03-28 09:00:00,1985,1985,1985,1985,0
2022-03-28 09:01:00,1985,1985,1985,1985,0
2022-03-28 09:02:00,1985,1985,1985,1985,0
2022-03-28 09:03:00,1985,1985,1985,1985,0
2022-03-28 09:04:00,1985,1985,1985,1985,0
2022-03-28 09:05:00,1985,1985,1985,1985,0
2022-03-28 09:06:00,1985,1985,1985,1985,0
2022-03-28 09:07:00,1985,1985,1985,1985,0
2022-03-28 09:08:00,1985,1985,1985,1985,0
2022-03-28 09:09:00,1985,1985,1985,1985,0
2022-03-28 09:10:00,1985,1985,1985,1985,0
2022-03-28 09:11:00,1985,1985,1985,1985,0
2022-03-28 09:12:00,1985,1985,1985,1985,0
2022-03-28 09:13:00,1985,1985,1985,1985,0
2022-03-28 09:14:00,1985,1985,1985,1985,0
2022-03-28 09:15:00,1985,1985,1985,1985,0
2022-03-28 09:16:00,1985,1985,1985,1985,0
2022-03-28 09:17:00,1985,1985,1985,1985,0
2022-03-28 09:18:00,1985,1985,1985,1985,0
2022-03-28 09:19:00,1985,1985,1985,1985,0
2022-03-28 09:20:00,1985,1985,1985,1985,0
2022-03-28 09:21:00,1985,1985,1985,1985,0
2022-03-28 09:22:00,1985,1985,1985,1985,0
2022-03-28 09:23:00,1985,1985,1985,1985,0
2022-03-28 09:24:00,1985,1985,1985,1985,0
2022-03-28 09:25:00,1985,1985,1985,1985,0
2022-03-28 09:26:00,1985,1985,1985,1985,0
2022-03-28 09:27:00,1985,1985,1985,1985,0
2022-03-28 09:28:00,1985,1985,1985,1985,0
2022-03-28 09:29:00,1985,1985,1985,1985,0
2022-03-28 09:30:00,1985,1985,1985,1985,0
2022-03-28 09:31:00,1985,1985,1985,1985,0
2022-03-28 09:32:00,1985,1985,1985,1985,0
2022-03-28 09:33:00,1985,1985,1985,1985,0
2022-03-28 09:34:00,1985,1985,1985,1985,0
2022-03-28 09:35:00,1985,1985,1985,1985,0
2022-03-28 09:36:00,1985,1985,1985,1985,0
2022-03-28 09:37:00,1985,1985,1985,1985,0
2022-03-28 09:38:00,1985,1985,1985,1985,0
2022-03-28 09:39:00,1985,1985,1985,1985,0
2022-03-28 09:40:00,1985,1985,1985,1985,0
2022-03-28 09:41:00,1985,1985,1985,1985,0
2022-03-28 09:42:00,1985,1985,1985,1985,0
2022-03-28 09:43:00,1985,1985,1985,1985,0
2022-03-28 09:44:00,1985,1985,1985,1985,0
2022-03-28 09:45:00,1985,1985,1985,1985,0
2022-03-28 09:46:00,1985,1985,1985,1985,0
2022-03-28 09:47:00,1985,1985,1985,1985,0
2022-03-28 09:48:00,1985,1985,1985,1985,0
2022-03-28 09:49:00,1985,1985,1985,1985,0
2022-03-28 09:50:00,1985,1985,1985,1985,0
2022-03-28 09:51:00,1985,1985,1985,1985,0
2022-03-28 09:52:00,1985,1985,1985,1985,0
2022-03-28 09:53:00,1985,1985,1985,1985,0
2022-03-28 09:54:00,1985,1985,1985,1985,0
2022-03-28 09:55:00,1985,1985,1985,1985,0
2022-03-28 09:56:00,1985,1985,1985,1985,0
2022-03-28 09:57:00,1985,1985,1985,1985,0
2022-03-28 09:58:00,1985,1985,1985,1985,0
2022-03-28 09:59:00,1985,1985,1985,1985,0
2022-03-28 10:00:00,1985,1985,1985,1985,0
2022-03-28 10:01:00,1985,1985,1985,1985,0
2022-03-28 10:02:00,1985,1985,1985,1985,0
2022-03-28 10:03:00,1985,1985,1985,1985,0
2022-03-28 10:04:00,1985,1985,1985,1985,0
2022-03-28 10:05:00,1985,1985,1985,1985,0
2022-03-28 10:06:00,1985,1985,1985,1985,0
2022-03-28 10:07:00,1985,1985,1985,1985,0
2022-03-28 10:08:00,1985,1985,1985,1985,0
2022-03-28 10:09:00,1985,1985,1985,1985,0
2022-03-28 10:10:00,1985,1985,1985,1985,0
2022-03-28 10:11:00,1985,1985,1985,1985,0
2022-03-28 10:12:00,1985,1985,1985,1985,0
2022-03-28 10:13:00,1985,1985,1985,1985,0
2022-03-28 10:14:00,1985,1985,1985,1985,0
2022-03-28 10:15:00,1985,1985,1985,1985,0
2022-03-28 10:16:00,1985,1985,1985,1985,0
2022-03-28 10:17:00,1985,1985,1985,1985,0
2022-03-28 10:18:00,1985,1985,1985,1985,0
2022-03-28 10:19:00,1985,1985,1985,1985,0
2022-03-28 10:20:00,1985,1985,1985,1985,0
2022-03-28 10:21:00,1985,1985,1985,1985,0
2022-03-28 10:22:00,1985,1985,1985,1985,0
2022-03-28 10:23:00,1985,1985,1985,1985,0
2022-03-28 10:24:00,1985,1985,1985,1985,0
2022-03-28 10:25:00,1985,1985,1985,1985,0
2022-03-28 10:26:00,1985,1985,1985,1985,0
2022-03-28 10:27:00,1985,1985,1985,1985,0
2022-03-28 10:28:00,1985,1985,1985,1985,0
2022-03-28 10:29:00,1985,1985,1985,1985,0
2022-03-28 10:30:00,1985,1985,1985,1985,0
2022-03-28 10:31:00,1985,1985,1985,1985,0
2022-03-28 10:32:00,1985,1985,1985,1985,0
2022-03-28 10:33:00,1985,1985,1985,1985,0
2022-03-28 10:34:00,1985,1985,1985,1985,0
2022-03-28 10:35:00,1985,1985,1985,1985,0
2022-03-28 10:36:00,1985,1985,1985,1985,0
2022-03-28 10:37:00,1985,1985,1985,1985,0
2022-03-28 10:38:00,1985,1985,1985,1985,0
2022-03-28 10:39:00,1985,1985,1985,1985,0
2022-03-28 10:40:00,1985,1985,1985,1985,0
2022-03-28 10:41:00,1985,1985,1985,1985,0
2022-03-28 10:42:00,1985,1985,1985,1985,0
2022-03-28 10:43:00,1985,1985,1985,1985,0
2022-03-28 10:44:00,1985,1985,1985,1985,0
2022-03-28 10:45:00,1985,1985,1985,1985,0
2022-03-28 10:46:00,1985,1985,1985,1985,0
2022-03-28 10:47:00,1985,1985,1985,1985,0
2022-03-28 10:48:00,1985,1985,1985,1985,0
2022-03-28 10:49:00,1985,1985,1985,1985,0
2022-03-28 10:50:00,1985,1985,1985,1985,0
2022-03-28 10:51:00,1985,1985,1985,1985,0
2022-03-28 10:52:00,1985,1985,1985,1985,0
2022-03-28 10:53:00,1985,1985,1985,1985,0
2022-03-28 10:54:00,1985,1985,1985,1985,0
2022-03-28 10:55:00,1985,1985,1985,1985,0
2022-03-28 10:56:00,1985,1985,1985,1985,0
2022-03-28 10:57:00,1985,1985,1985,1985,0
2022-03-28 10:58:00,1985,1985,1985,1985,0
2022-03-28 10:59:00,1985,1985,1985,1985,0
2022-03-28 11:00:00,1985,1985,1985,1985,0
2022-03-28 11:01:00,1985,1985,1985,1985,0
2022-03-28 11:02:00,1985,1985,1985,1985,0
2022-03-28 11:03:00,1985,1985,1985,1985,0
2022-03-28 11:04:00,1985,1985,1985,1985,0
2022-03-28 11:05:00,1985,1985,1985,1985,0
2022-03-28 11:06:00,1985,1985,1985,1985,0
2022-03-28 11:07:00,1985,1985,1985,1985,0
2022-03-28 11:08:00,1985,1985,1985,1985,0
2022-03-28 11:09:00,1985,1985,1985,1985,0
2022-03-28 11:10:00,1985,1985,1985,1985,0
2022-03-28 11:11:00,1985,1985,1985,1985,0
2022-03-28 11:12:00,1985,1985,1985,1985,0
2022-03-28 11:13:00,1985,1985,1985,1985,0
2022-03-28 11:14:00,1985,1985,1985,1985,0
2022-03-28 11:15:00,1985,1985,1985,1985,0
2022-03-28 11:16:00,1985,1985,1985,1985,0
2022-03-28 11:17:00,1985,1985,1985,1985,0
2022-03-28 11:18:00,1985,1985,1985,1985,0
2022-03-28 11:19:00,1985,1985,1985,1985,0
2022-03-28 11:20:00,1985,1985,1985,1985,0
2022-03-28 11:21:00,1985,1985,1985,1985,0
2022-03-28 11:22:00,1985,1985,1985,1985,0
2022-03-28 11:23:00,1985,1985,1985,1985,0
2022-03-28 11:24:00,1985,1985,1985,1985,0
2022-03-28 11:25:00,1985,1985,1985,1985,0
2022-03-28 11:26:00,1985,1985,1985,1985,0
2022-03-28 11:27:00,1985,1985,1985,1985,0
2022-03-28 11:28:00,1985,1985,1985,1985,0
2022-03-28 11:29:00,1985,1985,1985,1985,0
2022-03-28 11:30:00,1985,1985,1985,1985,0
2022-03-28 11:31:00,1985,1985,1985,1985,0
2022-03-28 11:32:00,1985,1985,1985,1985,0
2022-03-28 11:33:00,1985,1985,1985,1985,0
2022-03-28 11:34:00,1985,1985,1985,1985,0
2022-03-28 11:35:00,1985,1985,1985,1985,0
2022-03-28 11:36:00,1985,1985,1985,1985,0
2022-03-28 11:37:00,1985,1985,1985,1985,0
2022-03-28 11:38:00,1985,1985,1985,1985,0
2022-03-28 11:39:00,1985,1985,1985,1985,0
2022-03-28 11:40:00,1985,1985,1985,1985,0
2022-03-28 11:41:00,1985,1985,1985,1985,0
2022-03-28 11:42:00,1985,1985,1985,1985,0
2022-03-28 11:43:00,1985,1985,1985,1985,0
2022-03-28 11:44:00,1985,1985,1985,1985,0
2022-03-28 11:45:00,1985,1985,1985,1985,0
2022-03-28 11:46:00,1985,1985,1985,1985,0
2022-03-28 11:47:00,1985,1985,1985,1985,0
2022-03-28 11:48:00,1985,1985,1985,1985,0
2022-03-28 11:49:00,1985,1985,1985,1985,0
2022-03-28 11:50:00,1985,1985,1985,1985,0
2022-03-28 11:51:00,1985,1985,1985,1985,0
2022-03-28 11:52:00,1985,1985,1985,1985,0
2022-03-28 11:53:00,1985,1985,1985,1985,0
2022-03-28 11:54:00,1985,1985,1985,1985,0
2022-03-28 11:55:00,1985,1985,1985,1985,0
2022-03-28 11:56:00,1985,1985,1985,1985,0
2022-03-28 11:57:00,1985,1985,1985,1985,0
2022-03-28 11:58:00,1985,1985,1985,1985,0
2022-03-28 11:59:00,1985,1985,1985,1985,0
2022-03-28 12:00:00,1985,1985,1985,1985,0
2022-03-28 12:01:00,1985,1985,1985,1985,0
2022-03-28 12:02:00,1985,1985,1985,1985,0
2022-03-28 12:03:00,1985,1985,1985,1985,0
2022-03-28 12:04:00,1985,1985,1985,1985,0
2022-03-28 12:05:00,1985,1985,1985,1985,0
2022-03-28 12:06:00,1985,1985,1985,1985,0
2022-03-28 12:07:00,1985,1985,1985,1985,0
2022-03-28 12:08:00,1985,1985,1985,1985,0
2022-03-28 12:09:00,1985,1985,1985,1985,0
2022-03-28 12:10:00,1985,1985,1985,1985,0
2022-03-28 12:11:00,1985,1985,1985,1985,0
2022-03-28 12:12:00,1985,1985,1985,1985,0
2022-03-28 12:13:00,1985,1985,1985,1985,0
2022-03-28 12:14:00,1985,1985,1985,1985,0
2022-03-28 12:15:00,1985,1985,1985,1985,0
2022-03-28 12:16:00,1985,1985,1985,1985,0
2022-03-28 12:17:00,1985,1985,1985,1985,0
2022-03-28 12:18:00,1985,1985,1985,1985,0
2022-03-28 12:19:00,1985,1985,1985,1985,0
2022-03-28 12:20:00,1985,1985,1985,1985,0
2022-03-28 12:21:00,1985,1985,1985,1985,0
2022-03-28 12:22:00,1985,1985,1985,1985,0
2022-03-28 12:23:00,1985,1985,1985,1985,0
2022-03-28 12:24:00,1985,1985,1985,1985,0
2022-03-28 12:25:00,1985,1985,1985,1985,0
2022-03-28 12:26:00,1985,1985,1985,1985,0
2022-03-28 12:27:00,1985,1985,1985,1985,0
2022-03-28 12:28:00,1985,1985,1985,1985,0
2022-03-28 12:29:00,1985,1985,1985,1985,0
2022-03-28 12:30:00,1985,1985,1985,1985,0
2022-03-28 12:31:00,1985,1985,1985,1985,0
2022-03-28 12:32:00,1985,1985,1985,1985,0
2022-03-28 12:33:00,1985,1985,1985,1985,0
2022-03-28 12:34:00,1985,1985,1985,1985,0
2022-03-28 12:35:00,1985,1985,1985,1985,0
2022-03-28 12:36:00,1985,1985,1985,1985,0
2022-03-28 12:37:00,1985,1985,1985,1985,0
2022-03-28 12:38:00,1985,1985,1985,1985,0
2022-03-28 12:39:00,1985,1985,1985,1985,0
2022-03-28 12:40:00,1985,1985,1985,1985,0
2022-03-28 12:41:00,1985,1985,1985,1985,0
2022-03-28 12:42:00,1985,1985,1985,1985,0
2022-03-28 12:43:00,1985,1985,1985,1985,0
2022-03-28 12:44:00,1985,1985,1985,1985,0
2022-03-28 12:45:00,1985,1985,1985,1985,0
2022-03-28 12:46:00,1985,1985,1985,1985,0
2022-03-28 12:47:00,1985,1985,1985,1985,0
2022-03-28 12:48:00,1985,1985,1985,1985,0
2022-03-28 12:49:00,1985,1985,1985,1985,0
2022-03-28 12:50:00,1985,1985,1985,1985,0
2022-03-28 12:51:00,1985,1985,1985,1985,0
2022-03-28 12:52:00,1985,1985,1985,1985,0
2022-03-28 12:53:00,1985,1985,1985,1985,0
2022-03-28 12:54:00,1985,1985,1985,1985,0
2022-03-28 12:55:00,1985,1985,1985,1985,0
2022-03-28 12:56:00,1985,1985,1985,1985,0
2022-03-28 12:57:00,1985,1985,1985,1985,0
2022-03-28 12:58:00,1985,1985,1985,1985,0
2022-03-28 12:59:00,1985,1985,1985,1985,0
2022-03-28 13:00:00,1985,1985,1985,1985,0
2022-03-28 13:01:00,1985,1985,1985,1985,0
2022-03-28 13:02:00,1985,1985,1985,1985,0
2022-03-28 13:03:00,1985,1985,1985,1985,0
2022-03-28 13:04:00,1985,1985,1985,1985,0
2022-03-28 13:05:00,1985,1985,1985,1985,0
2022-03-28 13:06:00,1985,1985,1985,1985,0
2022-03-28 13:07:00,1985,1985,1985,1985,0
2022-03-28 13:08:00,1985,1985,1985,1985,0
2022-03-28 13:09:00,1985,1985,1985,1985,0
2022-03-28 13:10:00,1985,1985,1985,1985,0
2022-03-28 13:11:00,1985,1985,1985,1985,0
2022-03-28 13:12:00,1985,1985,1985,1985,0
2022-03-28 13:13:00,1985,1985,1985,1985,0
2022-03-28 13:14:00,1985,1985,1985,1985,0
2022-03-28 13:15:00,1985,1985,1985,1985,0
2022-03-28 13:16:00,1985,1985,1985,1985,0
2022-03-28 13:17:00,1985,1985,1985,1985,0
2022-03-28 13:18:00,1985,1985,1985,1985,0
2022-03-28 13:19:00,1985,1985,1985,1985,0
2022-03-28 13:20:00,1985,1985,1985,1985,0
2022-03-28 13:21:00,1985,1985,1985,1985,0
2022-03-28 13:22:00,1985,1985,1985,1985,0
2022-03-28 13:23:00,1985,1985,1985,1985,0
2022-03-28 13:24:00,1985,1985,1985,1985,0
2022-03-28 13:25:00,1985,1985,1985,1985,0
2022-03-28 13:26:00,1985,1985,1985,1985,0
2022-03-28 13:27:00,1985,1985,1985,1985,0
2022-03-28 13:28:00,1985,1985,1985,1985,0
2022-03-28 13:29:00,1985,1985,1985,1985,0
2022-03-28 13:30:00,1985,1985,1985,1985,0
2022-03-28 13:31:00,1985,1985,1985,1985,0
2022-03-28 13:32:00,1985,1985,1985,1985,0
2022-03-28 13:33:00,1985,1985,1985,1985,0
2022-03-28 13:34:00,1985,1985,1985,1985,0
2022-03-28 13:35:00,1985,1985,1985,1985,0
2022-03-28 13:36:00,1985,1985,1985,1985,0
2022-03-28 13:37:00,1985,1985,1985,1985,0
2022-03-28 13:38:00,1985,1985,1985,1985,0
2022-03-28 13:39:00,1985,1985,1985,1985,0
2022-03-28 13:40:00,1985,1985,1985,1985,0
2022-03-28 13:41:00,1985,1985,1985,1985,0
2022-03-28 13:42:00,1985,1985,1985,1985,0
2022-03-28 13:43:00,1985,1985,1985,1985,0
2022-03-28 13:44:00,1985,1985,1985,1985,0
2022-03-28 13:45:00,1985,1985,1985,1985,0
2022-03-28 13:46:00,1985,1985,1985,1985,0
2022-03-28 13:47:00,1985,1985,1985,1985,0
2022-03-28 13:48:00,1985,1985,1985,1985,0
2022-03-28 13:49:00,1985,1985,1985,1985,0
2022-03-28 13:50:00,1985,1985,1985,1985,0
2022-03-28 13:51:00,1985,1985,1985,1985,0
2022-03-28 13:52:00,1985,1985,1985,1985,0
2022-03-28 13:53:00,1985,1985,1985,1985,0
2022-03-28 13:54:00,1985,1985,1985,1985,0
2022-03-28 13:55:00,1985,1985,1985,1985,0
2022-03-28 13:56:00,1985,1985,1985,1985,0
2022-03-28 13:57:00,1985,1985,1985,1985,0
2022-03-28 13:58:00,1985,1985,1985,1985,0
2022-03-28 13:59:00,1985,1985,1985,1985,0
2022-03-28 14:00:00,1985,1985,1985,1985,0
2022-03-28 14:01:00,1985,1985,1985,1985,0
2022-03-28 14:02:00,1985,1985,1985,1985,0
2022-03-28 14:03:00,1985,1985,1985,1985,0
2022-03-28 14:04:00,1985,1985,1985,1985,0
2022-03-28 14:05:00,1985,1985,1985,1985,0
2022-03-28 14:06:00,1985,1985,1985,1985,0
2022-03-28 14:07:00,1985,1985,1985,1985,0
2022-03-28 14:08:00,1985,1985,1985,1985,0
2022-03-28 14:09:00,1985,1985,1985,1985,0
2022-03-28 14:10:00,1985,1985,1985,1985,0
2022-03-28 14:11:00,1985,1985,1985,1985,0
2022-03-28 14:12:00,1985,1985,1985,1985,0
2022-03-28 14:13:00,1985,1985,1985,1985,0
2022-03-28 14:14:00,1985,1985,1985,1985,0
2022-03-28 14:15:00,1985,1985,1985,1985,0
2022-03-28 14:16:00,1985,1985,1985,1985,0
2022-03-28 14:17:00,1985,1985,1985,1985,0
2022-03-28 14:18:00,1985,1985,1985,1985,0
2022-03-28 14:19:00,1985,1985,1985,1985,0
2022-03-28 14:20:00,1985,1985,1985,1985,0
2022-03-28 14:21:00,1985,1985,1985,1985,0
2022-03-28 14:22:00,1985,1985,1985,1985,0
2022-03-28 14:23:00,1985,1985,1985,1985,0
2022-03-28 14:24:00,1985,1985,1985,1985,0
2022-03-28 14:25:00,1985,1985,1985,1985,0
2022-03-28 14:26:00,1985,1985,1985,1985,0
2022-03-28 14:27:00,1985,1985,1985,1985,0
2022-03-28 14:28:00,1985,1985,1985,1985,0
2022-03-28 14:29:00,1985,1985,1985,1985,0
2022-03-28 14:30:00,1985,1985,1985,1985,0
2022-03-28 14:31:00,1985,1985,1985,1985,0
2022-03-28 14:32:00,1985,1985,1985,1985,0
2022-03-28 14:33:00,1985,1985,1985,1985,0
2022-03-28 14:34:00,1985,1985,1985,1985,0
2022-03-28 14:35:00,1985,1985,1985,1985,0
2022-03-28 14:36:00,1985,1985,1985,1985,0
2022-03-28 14:37:00,1985,1985,1985,1985,0
2022-03-28 14:38:00,1985,1985,1985,1985,0
2022-03-28 14:39:00,1985,1985,1985,1985,0
2022-03-28 14:40:00,1985,1985,1985,1985,0
2022-03-28 14:41:00,1985,1985,1985,1985,0
2022-03-28 14:42:00,1985,1985,1985,1985,0
2022-03-28 14:43:00,1985,1985,1985,1985,0
2022-03-28 14:44:00,1985,1985,1985,1985,0
2022-03-28 14:45:00,1985,1985,1985,1985,0
2022-03-28 14:46:00,1985,1985,1985,1985,0
2022-03-28 14:47:00,1985,1985,1985,1985,0
2022-03-28 14:48:00,1985,1985,1985,1985,0
2022-03-28 14:49:00,1985,1985,1985,1985,0
2022-03-28 14:50:00,1985,1985,1985,1985,0
2022-03-28 14:51:00,1985,1985,1985,1985,0
2022-03-28 14:52:00,1985,1985,1985,1985,0
2022-03-28 14:53:00,1985,1985,1985,1985,0
2022-03-28 14:54:00,1985,1985,1985,1985,0
2022-03-28 14:55:00,1985,1985,1985,1985,0
2022-03-28 14:56:00,1985,1985,1985,1985,0
2022-03-28 14:57:00,1985,1985,1985,1985,0
2022-03-28 14:58:00,1985,1985,1985,1985,0
2022-03-28 14:59:00,1985,1985,1985,1985,0
2022-03-28 15:00:00,1985,1985,1985,1985,0
2022-03-28 15:01:00,1985,1985,1985,1985,0
2022-03-28 15:02:00,1985,1985,1985,1985,0
2022-03-28 15:03:00,1985,1985,1985,1985,0
2022-03-28 15:04:00,1985,1985,1985,1985,0
2022-03-28 15:05:00,1985,1985,1985,1985,0
2022-03-28 15:06:00,1985,1985,1985,1985,0
2022-03-28 15:07:00,1985,1985,1985,1985,0
2022-03-28 15:08:00,1985,1985,1985,1985,0
2022-03-28 15:09:00,1985,1985,1985,1985,0
2022-03-28 15:10:00,1985,1985,1985,1985,0
2022-03-28 15:11:00,1985,1985,1985,1985,0
2022-03-28 15:12:00,1985,1985,1985,1985,0
2022-03-28 15:13:00,1985,1985,1985,1985,0
2022-03-28 15:14:00,1985,1985,1985,1985,0
2022-03-28 15:15:00,1985,1985,1985,1985,0
2022-03-28 15:16:00,1985,1985,1985,1985,0
2022-03-28 15:17:00,1985,1985,1985,1985,0
2022-03-28 15:18:00,1985,1985,1985,1985,0
2022-03-28 15:19:00,1985,1985,1985,1985,0
2022-03-28 15:20:00,1985,1985,1985,1985,0
2022-03-28 15:21:00,1985,1985,1985,1985,0
2022-03-28 15:22:00,1985,1985,1985,1985,0
2022-03-28 15:23:00,1985,1985,1985,1985,0
2022-03-28 15:24:00,1985,1985,1985,1985,0
2022-03-28 15:25:00,1985,1985,1985,1985,0
2022-03-28 15:26:00,1985,1985,1985,1985,0
2022-03-28 15:27:00,1985,1985,1985,1985,0
2022-03-28 15:28:00,1985,1985,1985,1985,0
2022-03-28 15:29:00,1985,1985,1985,1985,0
2022-03-28 15:30:00,1985,1985,1985,1985,0
2022-03-28 15:31:00,1985,1985,1985,1985,0
2022-03-28 15:32:00,1985,1985,1985,1985,0
2022-03-28 15:33:00,1985,1985,1985,1985,0
2022-03-28 15:34:00,1985,1985,1985,1985,0
2022-03-28 15:35:00,1985,1985,1985,1985,0
2022-03-28 15:36:00,1985,1985,1985,1985,0
2022-03-28 15:37:00,1985,1985,1985,1985,0
2022-03-28 15:38:00,1985,1985,1985,1985,0
2022-03-28 15:39:00,1985,1985,1985,1985,0
2022-03-28 15:40:00,1985,1985,1985,1985,0
2022-03-28 15:41:00,1985,1985,1985,1985,0
2022-03-28 15:42:00,1985,1985,1985,1985,0
2022-03-28 15:43:00,1985,1985,1985,1985,0
2022-03-28 15:44:00,1985,1985,1985,1985,0
2022-03-28 15:45:00,1985,1985,1985,1985,0
2022-03-28 15:46:00,1985,1985,1985,1985,0
2022-03-28 15:47:00,1985,1985,1985,1985,0
2022-03-28 15:48:00,1985,1985,1985,1985,0
2022-03-28 15:49:00,1985,1985,1985,1985,0
2022-03-28 15:50:00,1985,1985,1985,1985,0
2022-03-28 15:51:00,1985,1985,1985,1985,0
2022-03-28 15:52:00,1985,1985,1985,1985,0
2022-03-28 15:53:00,1985,1985,1985,1985,0
2022-03-28 15:54:00,1985,1985,1985,1985,0
2022-03-28 15:55:00,1985,1985,1985,1985,0
2022-03-28 15:56:00,1985,1985,1985,1985,0
2022-03-28 15:57:00,1985,1985,1985,1985,0
2022-03-28 15:58:00,1985,1985,1985,1985,0
2022-03-28 15:59:00,1985,1985,1985,1985,0
2022-03-29 09:00:00,1985,1985,1985,1985,0
2022-03-29 09:01:00,1985,1985,1985,1985,0
2022-03-29 09:02:00,1985,1985,1985,1985,0
2022-03-29 09:03:00,1985,1985,1985,1985,0
2022-03-29 09:04:00,1985,1985,1985,1985,0
2022-03-29 09:05:00,1985,1985,1985,1985,0
2022-03-29 09:06:00,1985,1985,1985,1985,0
2022-03-29 09:07:00,1985,1985,1985,1985,0
2022-03-29 09:08:00,1985,1985,1985,1985,0
2022-03-29 09:09:00,1985,1985,1985,1985,0
2022-03-29 09:10:00,1985,1985,1985,1985,0
2022-03-29 09:11:00,1985,1985,1985,1985,0
2022-03-29 09:12:00,1985,1985,1985,1985,0
2022-03-29 09:13:00,1985,1985,1985,1985,0
2022-03-29 09:14:00,1985,1985,1985,1985,0
2022-03-29 09:15:00,1985,1985,1985,1985,0
2022-03-29 09:16:00,1985,1985,1985,1985,0
2022-03-29 09:17:00,1985,1985,1985,1985,0
2022-03-29 09:18:00,1985,1985,1985,1985,0
2022-03-29 09:19:00,1985,1985,1985,1985,0
2022-03-29 09:20:00,1985,1985,1985,1985,0
2022-03-29 09:21:00,1985,1985,1985,1985,0
2022-03-29 09:22:00,1985,1985,1985,1985,0
2022-03-29 09:23:00,1985,1985,1985,1985,0
2022-03-29 09:24:00,1985,1985,1985,1985,0
2022-03-29 09:25:00,1985,1985,1985,1985,0
2022-03-29 09:26:00,1985,1985,1985,1985,0
2022-03-29 09:27:00,1985,1985,1985,1985,0
2022-03-29 09:28:00,1985,1985,1985,1985,0
2022-03-29 09:29:00,1985,1985,1985,1985,0
2022-03-29 09:30:00,1985,1985,1985,1985,0
2022-03-29 09:31:00,1985,1985,1985,1985,0
2022-03-29 09:32:00,1985,1985,1985,1985,0
2022-03-29 09:33:00,1985,1985,1985,1985,0
2022-03-29 09:34:00,1985,1985,1985,1985,0
2022-03-29 09:35:00,1985,1985,1985,1985,0
2022-03-29 09:36:00,1985,1985,1985,1985,0
2022-03-29 09:37:00,1985,1985,1985,1985,0
2022-03-29 09:38:00,1985,1985,1985,1985,0
2022-03-29 09:39:00,1985,1985,1985,1985,0
2022-03-29 09:40:00,1985,1985,1985,1985,0
2022-03-29 09:41:00,1985,1985,1985,1985,0
2022-03-29 09:42:00,1985,1985,1985,1985,0
2022-03-29 09:43:00,1985,1985,1985,1985,0
2022-03-29 09:44:00,1985,1985,1985,1985,0
2022-03-29 09:45:00,1985,1985,1985,1985,0
2022-03-29 09:46:00,1985,1985,1985,1985,0
2022-03-29 09:47:00,1985,1985,1985,1985,0
2022-03-29 09:48:00,1985,1985,1985,1985,0
2022-03-29 09:49:00,1985,1985,1985,1985,0
2022-03-29 09:50:00,1985,1985,1985,1985,0
2022-03-29 09:51:00,1985,1985,1985,1985,0
2022-03-29 09:52:00,1985,1985,1985,1985,0
2022-03-29 09:53:00,1985,1985,1985,1985,0
2022-03-29 09:54:00,1985,1985,1985,1985,0
2022-03-29 09:55:00,1985,1985,1985,1985,0
2022-03-29 09:56:00,1985,1985,1985,1985,0
2022-03-29 09:57:00,1985,1985,1985,1985,0
2022-03-29 09:58:00,1985,1985,1985,1985,0
2022-03-29 09:59:00,1985,1985,1985,1985,0
2022-03-29 10:00:00,1985,1985,1985,1985,0
2022-03-29 10:01:00,1985,1985,1985,1985,0
2022-03-29 10:02:00,1985,1985,1985,1985,0
2022-03-29 10:03:00,1985,1985,1985,1985,0
2022-03-29 10:04:00,1985,1985,1985,1985,0
2022-03-29 10:05:00,1985,1985,1985,1985,0
2022-03-29 10:06:00,1985,1985,1985,1985,0
2022-03-29 10:07:00,1985,1985,1985,1985,0
2022-03-29 10:08:00,1985,1985,1985,1985,0
2022-03-29 10:09:00,1985,1985,1985,1985,0
2022-03-29 10:10:00,1985,1985,1985,1985,0
2022-03-29 10:11:00,1985,1985,1985,1985,0
2022-03-29 10:12:00,1985,1985,1985,1985,0
2022-03-29 10:13:00,1985,1985,1985,1985,0
2022-03-29 10:14:00,1985,1985,1985,1985,0
2022-03-29 10:15:00,1985,1985,1985,1985,0
2022-03-29 10:16:00,1985,1985,1985,1985,0
2022-03-29 10:17:00,1985,1985,1985,1985,0
2022-03-29 10:18:00,1985,1985,1985,1985,0
2022-03-29 10:19:00,1985,1985,1985,1985,0
2022-03-29 10:20:00,1985,1985,1985,1985,0
2022-03-29 10:21:00,1985,1985,1985,1985,0
2022-03-29 10:22:00,1985,1985,1985,1985,0
2022-03-29 10:23:00,1985,1985,1985,1985,0
2022-03-29 10:24:00,1985,1985,1985,1985,0
2022-03-29 10:25:00,1985,1985,1985,1985,0
2022-03-29 10:26:00,1985,1985,1985,1985,0
2022-03-29 10:27:00,1985,1985,1985,1985,0
2022-03-29 10:28:00,1985,1985,1985,1985,0
2022-03-29 10:29:00,1985,1985,1985,1985,0
2022-03-29 10:30:00,1985,1985,1985,1985,0
2022-03-29 10:31:00,1985,1985,1985,1985,0
2022-03-29 10:32:00,1985,1985,1985,1985,0
2022-03-29 10:33:00,1985,1985,1985,1985,0
2022-03-29 10:34:00,1985,1985,1985,1985,0
2022-03-29 10:35:00,1985,1985,1985,1985,0
2022-03-29 10:36:00,1985,1985,1985,1985,0
2022-03-29 10:37:00,1985,1985,1985,1985,0
2022-03-29 10:38:00,1985,1985,1985,1985,0
2022-03-29 10:39:00,1985,1985,1985,1985,0
2022-03-29 10:40:00,1985,1985,1985,1985,0
2022-03-29 10:41:00,1985,1985,1985,1985,0
2022-03-29 10:42:00,1985,1985,1985,1985,0
2022-03-29 10:43:00,1985,1985,1985,1985,0
2022-03-29 10:44:00,1985,1985,1985,1985,0
2022-03-29 10:45:00,1985,1985,1985,1985,0
2022-03-29 10:46:00,1985,1985,1985,1985,0
2022-03-29 10:47:00,1985,1985,1985,1985,0
2022-03-29 10:48:00,1985,1985,1985,1985,0
2022-03-29 10:49:00,1985,1985,1985,1985,0
2022-03-29 10:50:00,1985,1985,1985,1985,0
2022-03-29 10:51:00,1985,1985,1985,1985,0
2022-03-29 10:52:00,1985,1985,1985,1985,0
2022-03-29 10:53:00,1985,1985,1985,1985,0
2022-03-29 10:54:00,1985,1985,1985,1985,0
2022-03-29 10:55:00,1985,1985,1985,1985,0
2022-03-29 10:56:00,1985,1985,1985,1985,0
2022-03-29 10:57:00,1985,1985,1985,1985,0
2022-03-29 10:58:00,1985,1985,1985,1985,0
2022-03-29 10:59:00,1985,1985,1985,1985,0
2022-03-29 11:00:00,1985,1985,1985,1985,0
2022-03-29 11:01:00,1985,1985,1985,1985,0
2022-03-29 11:02:00,1985,1985,1985,1985,0
2022-03-29 11:03:00,1985,1985,1985,1985,0
2022-03-29 11:04:00,1985,1985,1985,1985,0
2022-03-29 11:05:00,1985,1985,1985,1985,0
2022-03-29 11:06:00,1985,1985,1985,1985,0
2022-03-29 11:07:00,1985,1985,1985,1985,0
2022-03-29 11:08:00,1985,1985,1985,1985,0
2022-03-29 11:09:00,1985,1985,1985,1985,0
2022-03-29 11:10:00,1985,1985,1985,1985,0
2022-03-29 11:11:00,1985,1985,1985,1985,0
2022-03-29 11:12:00,1985,1985,1985,1985,0
2022-03-29 11:13:00,1985,1985,1985,1985,0
2022-03-29 11:14:00,1985,1985,1985,1985,0
2022-03-29 11:15:00,1985,1985,1985,1985,0
2022-03-29 11:16:00,1985,1985,1985,1985,0
2022-03-29 11:17:00,1985,1985,1985,1985,0
2022-03-29 11:18:00,1985,1985,1985,1985,0
2022-03-29 11:19:00,1985,1985,1985,1985,0
2022-03-29 11:20:00,1985,1985,1985,1985,0
2022-03-29 11:21:00,1985,1985,1985,1985,0
2022-03-29 11:22:00,1985,1985,1985,1985,0
2022-03-29 11:23:00,1985,1985,1985,1985,0
2022-03-29 11:24:00,1985,1985,1985,1985,0
2022-03-29 11:25:00,1985,1985,1985,1985,0
2022-03-29 11:26:00,1985,1985,1985,1985,0
2022-03-29 11:27:00,1985,1985,1985,1985,0
2022-03-29 11:28:00,1985,1985,1985,1985,0
2022-03-29 11:29:00,1985,1985,1985,1985,0
2022-03-29 11:30:00,1985,1985,1985,1985,0
2022-03-29 11:31:00,1985,1985,1985,1985,0
2022-03-29 11:32:00,1985,1985,1985,1985,0
2022-03-29 11:33:00,1985,1985,1985,1985,0
2022-03-29 11:34:00,1985,1985,1985,1985,0
2022-03-29 11:35:00,1985,1985,1985,1985,0
2022-03-29 11:36:00,1985,1985,1985,1985,0
2022-03-29 11:37:00,1985,1985,1985,1985,0
2022-03-29 11:38:00,1985,1985,1985,1985,0
2022-03-29 11:39:00,1985,1985,1985,1985,0
2022-03-29 11:40:00,1985,1985,1985,1985,0
2022-03-29 11:41:00,1985,1985,1985,1985,0
2022-03-29 11:42:00,1985,1985,1985,1985,0
2022-03-29 11:43:00,1985,1985,1985,1985,0
2022-03-29 11:44:00,1985,1985,1985,1985,0
2022-03-29 11:45:00,1985,1985,1985,1985,0
2022-03-29 11:46:00,1985,1985,1985,1985,0
2022-03-29 11:47:00,1985,1985,1985,1985,0
2022-03-29 11:48:00,1985,1985,1985,1985,0
2022-03-29 11:49:00,1985,1985,1985,1985,0
2022-03-29 11:50:00,1985,1985,1985,1985,0
2022-03-29 11:51:00,1985,1985,1985,1985,0
2022-03-29 11:52:00,1985,1985,1985,1985,0
2022-03-29 11:53:00,1985,1985,1985,1985,0
2022-03-29 11:54:00,1985,1985,1985,1985,0
2022-03-29 11:55:00,1985,1985,1985,1985,0
2022-03-29 11:56:00,1985,1985,1985,1985,0
2022-03-29 11:57:00,1985,1985,1985,1985,0
2022-03-29 11:58:00,1985,1985,1985,1985,0
2022-03-29 11:59:00,1985,1985,1985,1985,0
2022-03-29 12:00:00,1985,1985,1985,1985,0
2022-03-29 12:01:00,1985,1985,1985,1985,0
2022-03-29 12:02:00,1985,1985,1985,1985,0
2022-03-29 12:03:00,1985,1985,1985,1985,0
2022-03-29 12:04:00,1985,1985,1985,1985,0
2022-03-29 12:05:00,1985,1985,1985,1985,0
2022-03-29 12:06:00,1985,1985,1985,1985,0
2022-03-29 12:07:00,1985,1985,1985,1985,0
2022-03-29 12:08:00,1985,1985,1985,1985,0
2022-03-29 12:09:00,1985,1985,1985,1985,0
2022-03-29 12:10:00,1985,1985,1985,1985,0
2022-03-29 12:11:00,1985,1985,1985,1985,0
2022-03-29 12:12:00,1985,1985,1985,1985,0
2022-03-29 12:13:00,1985,1985,1985,1985,0
2022-03-29 12:14:00,1985,1985,1985,1985,0
2022-03-29 12:15:00,1985,1985,1985,1985,0
2022-03-29 12:16:00,1985,1985,1985,1985,0
2022-03-29 12:17:00,1985,1985,1985,1985,0
2022-03-29 12:18:00,1985,1985,1985,1985,0
2022-03-29 12:19:00,1985,1985,1985,1985,0
2022-03-29 12:20:00,1985,1985,1985,1985,0
2022-03-29 12:21:00,1985,1985,1985,1985,0
2022-03-29 12:22:00,1985,1985,1985,1985,0
2022-03-29 12:23:00,1985,1985,1985,1985,0
2022-03-29 12:24:00,1985,1985,1985,1985,0
2022-03-29 12:25:00,1985,1985,1985,1985,0
2022-03-29 12:26:00,1985,1985,1985,1985,0
2022-03-29 12:27:00,1985,1985,1985,1985,0
2022-03-29 12:28:00,1985,1985,1985,1985,0
2022-03-29 12:29:00,1985,1985,1985,1985,0
2022-03-29 12:30:00,1985,1985,1985,1985,0
2022-03-29 12:31:00,1985,1985,1985,1985,0
2022-03-29 12:32:00,1985,1985,1985,1985,0
2022-03-29 12:33:00,1985,1985,1985,1985,0
2022-03-29 12:34:00,1985,1985,1985,1985,0
2022-03-29 12:35:00,1985,1985,1985,1985,0
2022-03-29 12:36:00,1985,1985,1985,1985,0
2022-03-29 12:37:00,1985,1985,1985,1985,0
2022-03-29 12:38:00,1985,1985,1985,1985,0
2022-03-29 12:39:00,1985,1985,1985,1985,0
2022-03-29 12:40:00,1985,1985,1985,1985,0
2022-03-29 12:41:00,1985,1985,1985,1985,0
2022-03-29 12:42:00,1985,1985,1985,1985,0
2022-03-29 12:43:00,1985,1985,1985,1985,0
2022-03-29 12:44:00,1985,1985,1985,1985,0
2022-03-29 12:45:00,1985,1985,1985,1985,0
2022-03-29 12:46:00,1985,1985,1985,1985,0
2022-03-29 12:47:00,1985,1985,1985,1985,0
2022-03-29 12:48:00,1985,1985,1985,1985,0
2022-03-29 12:49:00,1985,1985,1985,1985,0
2022-03-29 12:50:00,1985,1985,1985,1985,0
2022-03-29 12:51:00,1985,1985,1985,1985,0
2022-03-29 12:52:00,1985,1985,1985,1985,0
2022-03-29 12:53:00,1985,1985,1985,1985,0
2022-03-29 12:54:00,1985,1985,1985,1985,0
2022-03-29 12:55:00,1985,1985,1985,1985,0
2022-03-29 12:56:00,1985,1985,1985,1985,0
2022-03-29 12:57:00,1985,1985,1985,1985,0
2022-03-29 12:58:00,1985,1985,1985,1985,0
2022-03-29 12:59:00,1985,1985,1985,1985,0
2022-03-29 13:00:00,1985,1985,1985,1985,0
2022-03-29 13:01:00,1985,1985,1985,1985,0
2022-03-29 13:02:00,1985,1985,1985,1985,0
2022-03-29 13:03:00,1985,1985,1985,1985,0
2022-03-29 13:04:00,1985,1985,1985,1985,0
2022-03-29 13:05:00,1985,1985,1985,1985,0
2022-03-29 13:06:00,1985,1985,1985,1985,0
2022-03-29 13:07:00,1985,1985,1985,1985,0
2022-03-29 13:08:00,1985,1985,1985,1985,0
2022-03-29 13:09:00,1985,1985,1985,1985,0
2022-03-29 13:10:00,1985,1985,1985,1985,0
2022-03-29 13:11:00,1985,1985,1985,1985,0
2022-03-29 13:12:00,1985,1985,1985,1985,0
2022-03-29 13:13:00,1985,1985,1985,1985,0
2022-03-29 13:14:00,1985,1985,1985,1985,0
2022-03-29 13:15:00,1985,1985,1985,1985,0
2022-03-29 13:16:00,1985,1985,1985,1985,0
2022-03-29 13:17:00,1985,1985,1985,1985,0
2022-03-29 13:18:00,1985,1985,1985,1985,0
2022-03-29 13:19:00,1985,1985,1985,1985,0
2022-03-29 13:20:00,1985,1985,1985,1985,0
2022-03-29 13:21:00,1985,1985,1985,1985,0
2022-03-29 13:22:00,1985,1985,1985,1985,0
2022-03-29 13:23:00,1985,1985,1985,1985,0
2022-03-29 13:24:00,1985,1985,1985,1985,0
2022-03-29 13:25:00,1985,1985,1985,1985,0
2022-03-29 13:26:00,1985,1985,1985,1985,0
2022-03-29 13:27:00,1985,1985,1985,1985,0
2022-03-29 13:28:00,1985,1985,1985,1985,0
2022-03-29 13:29:00,1985,1985,1985,1985,0
2022-03-29 13:30:00,1985,1985,1985,1985,0
2022-03-29 13:31:00,1985,1985,1985,1985,0
2022-03-29 13:32:00,1985,1985,1985,1985,0
2022-03-29 13:33:00,1985,1985,1985,1985,0
2022-03-29 13:34:00,1985,1985,1985,1985,0
2022-03-29 13:35:00,1985,1985,1985,1985,0
2022-03-29 13:36:00,1985,1985,1985,1985,0
2022-03-29 13:37:00,1985,1985,1985,1985,0
2022-03-29 13:38:00,1985,1985,1985,1985,0
2022-03-29 13:39:00,1985,1985,1985,1985,0
2022-03-29 13:40:00,1985,1985,1985,1985,0
2022-03-29 13:41:00,1985,1985,1985,1985,0
2022-03-29 13:42:00,1985,1985,1985,1985,0
2022-03-29 13:43:00,1985,1985,1985,1985,0
2022-03-29 13:44:00,1985,1985,1985,1985,0
2022-03-29 13:45:00,1985,1985,1985,1985,0
2022-03-29 13:46:00,1985,1985,1985,1985,0
2022-03-29 13:47:00,1985,1985,1985,1985,0
2022-03-29 13:48:00,1985,1985,1985,1985,0
2022-03-29 13:49:00,1985,1985,1985,1985,0
2022-03-29 13:50:00,1985,1985,1985,1985,0
2022-03-29 13:51:00,1985,1985,1985,1985,0
2022-03-29 13:52:00,1985,1985,1985,1985,0
2022-03-29 13:53:00,1985,1985,1985,1985,0
2022-03-29 13:54:00,1985,1985,1985,1985,0
2022-03-29 13:55:00,1985,1985,1985,1985,0
2022-03-29 13:56:00,1985,1985,1985,1985,0
2022-03-29 13:57:00,1985,1985,1985,1985,0
2022-03-29 13:58:00,1985,1985,1985,1985,0
2022-03-29 13:59:00,1985,1985,1985,1985,0
2022-03-29 14:00:00,1985,1985,1985,1985,0
2022-03-29 14:01:00,1985,1985,1985,1985,0
2022-03-29 14:02:00,1985,1985,1985,1985,0
2022-03-29 14:03:00,1985,1985,1985,1985,0
2022-03-29 14:04:00,1985,1985,1985,1985,0
2022-03-29 14:05:00,1985,1985,1985,1985,0
2022-03-29 14:06:00,1985,1985,1985,1985,0
2022-03-29 14:07:00,1985,1985,1985,1985,0
2022-03-29 14:08:00,1985,1985,1985,1985,0
2022-03-29 14:09:00,1985,1985,1985,1985,0
2022-03-29 14:10:00,1985,1985,1985,1985,0
2022-03-29 14:11:00,1985,1985,1985,1985,0
2022-03-29 14:12:00,1985,1985,1985,1985,0
2022-03-29 14:13:00,1985,1985,1985,1985,0
2022-03-29 14:14:00,1985,1985,1985,1985,0
2022-03-29 14:15:00,1985,1985,1985,1985,0
2022-03-29 14:16:00,1985,1985,1985,1985,0
2022-03-29 14:17:00,1985,1985,1985,1985,0
2022-03-29 14:18:00,1985,1985,1985,1985,0
2022-03-29 14:19:00,1985,1985,1985,1985,0
2022-03-29 14:20:00,1985,1985,1985,1985,0
2022-03-29 14:21:00,1985,1985,1985,1985,0
2022-03-29 14:22:00,1985,1985,1985,1985,0
2022-03-29 14:23:00,1985,1985,1985,1985,0
2022-03-29 14:24:00,1985,1985,1985,1985,0
2022-03-29 14:25:00,1985,1985,1985,1985,0
2022-03-29 14:26:00,1985,1985,1985,1985,0
2022-03-29 14:27:00,1985,1985,1985,1985,0
2022-03-29 14:28:00,1985,1985,1985,1985,0
2022-03-29 14:29:00,1985,1985,1985,1985,0
2022-03-29 14:30:00,1985,1985,1985,1985,0
2022-03-29 14:31:00,1985,1985,1985,1985,0
2022-03-29 14:32:00,1985,1985,1985,1985,0
2022-03-29 14:33:00,1985,1985,1985,1985,0
2022-03-29 14:34:00,1985,1985,1985,1985,0
2022-03-29 14:35:00,1985,1985,1985,1985,0
2022-03-29 14:36:00,1985,1985,1985,1985,0
2022-03-29 14:37:00,1985,1985,1985,1985,0
2022-03-29 14:38:00,1985,1985,1985,1985,0
2022-03-29 14:39:00,1985,1985,1985,1985,0
2022-03-29 14:40:00,1985,1985,1985,1985,0
2022-03-29 14:41:00,1985,1985,1985,1985,0
2022-03-29 14:42:00,1985,1985,1985,1985,0
2022-03-29 14:43:00,1985,1985,1985,1985,0
2022-03-29 14:44:00,1985,1985,1985,1985,0
2022-03-29 14:45:00,1985,1985,1985,1985,0
2022-03-29 14:46:00,1985,1985,1985,1985,0
2022-03-29 14:47:00,1985,1985,1985,1985,0
2022-03-29 14:48:00,1985,1985,1985,1985,0
2022-03-29 14:49:00,1985,1985,1985,1985,0
2022-03-29 14:50:00,1985,1985,1985,1985,0
2022-03-29 14:51:00,1985,1985,1985,1985,0
2022-03-29 14:52:00,1985,1985,1985,1985,0
2022-03-29 14:53:00,1985,1985,1985,1985,0
2022-03-29 14:54:00,1985,1985,1985,1985,0
2022-03-29 14:55:00,1985,1985,1985,1985,0
2022-03-29 14:56:00,1985,1985,1985,1985,0
2022-03-29 14:57:00,1985,1985,1985,1985,0
2022-03-29 14:58:00,1985,1985,1985,1985,0
2022-03-29 14:59:00,1985,1985,1985,1985,0
2022-03-29 15:00:00,1985,1985,1985,1985,0
2022-03-29 15:01:00,1985,1985,1985,1985,0
2022-03-29 15:02:00,1985,1985,1985,1985,0
2022-03-29 15:03:00,1985,1985,1985,1985,0
2022-03-29 15:04:00,1985,1985,1985,1985,0
2022-03-29 15:05:00,1985,1985,1985,1985,0
2022-03-29 15:06:00,1985,1985,1985,1985,0
2022-03-29 15:07:00,1985,1985,1985,1985,0
2022-03-29 15:08:00,1985,1985,1985,1985,0
2022-03-29 15:09:00,1985,1985,1985,1985,0
2022-03-29 15:10:00,1985,1985,1985,1985,0
2022-03-29 15:11:00,1985,1985,1985,1985,0
2022-03-29 15:12:00,1985,1985,1985,1985,0
2022-03-29 15:13:00,1985,1985,1985,1985,0
2022-03-29 15:14:00,1985,1985,1985,1985,0
2022-03-29 15:15:00,1985,1985,1985,1985,0
2022-03-29 15:16:00,1985,1985,1985,1985,0
2022-03-29 15:17:00,1985,1985,1985,1985,0
2022-03-29 15:18:00,1985,1985,1985,1985,0
2022-03-29 15:19:00,1985,1985,1985,1985,0
2022-03-29 15:20:00,1985,1985,1985,1985,0
2022-03-29 15:21:00,1985,1985,1985,1985,0
2022-03-29 15:22:00,1985,1985,1985,1985,0
2022-03-29 15:23:00,1985,1985,1985,1985,0
2022-03-29 15:24:00,1985,1985,1985,1985,0
2022-03-29 15:25:00,1985,1985,1985,1985,0
2022-03-29 15:26:00,1985,1985,1985,1985,0
2022-03-29 15:27:00,1985,1985,1985,1985,0
2022-03-29 15:28:00,1985,1985,1985,1985,0
2022-03-29 15:29:00,1985,1985,1985,1985,0
2022-03-29 15:30:00,1985,1985,1985,1985,0
2022-03-29 15:31:00,1985,1985,1985,1985,0
2022-03-29 15:32:00,1985,1985,1985,1985,0
2022-03-29 15:33:00,1985,1985,1985,1985,0
2022-03-29 15:34:00,1985,1985,1985,1985,0
2022-03-29 15:35:00,1985,1985,1985,1985,0
2022-03-29 15:36:00,1985,1985,1985,1985,0
2022-03-29 15:37:00,1985,1985,1985,1985,0
2022-03-29 15:38:00,1985,1985,1985,1985,0
2022-03-29 15:39:00,1985,1985,1985,1985,0
2022-03-29 15:40:00,1985,1985,1985,1985,0
2022-03-29 15:41:00,1985,1985,1985,1985,0
2022-03-29 15:42:00,1985,1985,1985,1985,0
2022-03-29 15:43:00,1985,1985,1985,1985,0
2022-03-29 15:44:00,1985,1985,1985,1985,0
2022-03-29 15:45:00,1985,1985,1985,1985,0
2022-03-29 15:46:00,1985,1985,1985,1985,0
2022-03-29 15:47:00,1985,1985,1985,1985,0
2022-03-29 15:48:00,1985,1985,1985,1985,0
2022-03-29 15:49:00,1985,1985,1985,1985,0
2022-03-29 15:50:00,1985,1985,1985,1985,0
2022-03-29 15:51:00,1985,1985,1985,1985,0
2022-03-29 15:52:00,1985,1985,1985,1985,0
2022-03-29 15:53:00,1985,1985,1985,1985,0
2022-03-29 15:54:00,1985,1985,1985,1985,0
2022-03-29 15:55:00,1985,1985,1985,1985,0
2022-03-29 15:56:00,1985,1985,1985,1985,0
2022-03-29 15:57:00,1985,1985,1985,1985,0
2022-03-29 15:58:00,1985,1985,1985,1985,0
2022-03-29 15:59:00,1985,1985,1985,1985,0
2022-03-30 09:00:00,1985,1985,1985,1985,0
2022-03-30 09:01:00,1985,1985,1985,1985,0
2022-03-30 09:02:00,1985,1985,1985,1985,0
2022-03-30 09:03:00,1985,1985,1985,1985,0
2022-03-30 09:04:00,1985,1985,1985,1985,0
2022-03-30 09:05:00,1985,1985,1985,1985,0
2022-03-30 09:06:00,1985,1985,1985,1985,0
2022-03-30 09:07:00,1985,1985,1985,1985,0
2022-03-30 09:08:00,1985,1985,1985,1985,0
2022-03-30 09:09:00,1985,1985,1985,1985,0
2022-03-30 09:10:00,1985,1985,1985,1985,0
2022-03-30 09:11:00,1985,1985,1985,1985,0
2022-03-30 09:12:00,1985,1985,1985,1985,0
2022-03-30 09:13:00,1985,1985,1985,1985,0
2022-03-30 09:14:00,1985,1985,1985,1985,0
2022-03-30 09:15:00,1985,1985,1985,1985,0
2022-03-30 09:16:00,1985,1985,1985,1985,0
2022-03-30 09:17:00,1985,1985,1985,1985,0
2022-03-30 09:18:00,1985,1985,1985,1985,0
2022-03-30 09:19:00,1985,1985,1985,1985,0
2022-03-30 09:20:00,1985,1985,1985,1985,0
2022-03-30 09:21:00,1985,1985,1985,1985,0
2022-03-30 09:22:00,1985,1985,1985,1985,0
2022-03-30 09:23:00,1985,1985,1985,1985,0
2022-03-30 09:24:00,1985,1985,1985,1985,0
2022-03-30 09:25:00,1985,1985,1985,1985,0
2022-03-30 09:26:00,1985,1985,1985,1985,0
2022-03-30 09:27:00,1985,1985,1985,1985,0
2022-03-30 09:28:00,1985,1985,1985,1985,0
2022-03-30 09:29:00,1985,1985,1985,1985,0
2022-03-30 09:30:00,1985,1985,1985,1985,0
2022-03-30 09:31:00,1985,1985,1985,1985,0
2022-03-30 09:32:00,1985,1985,1985,1985,0
2022-03-30 09:33:00,1985,1985,1985,1985,0
2022-03-30 09:34:00,1985,1985,1985,1985,0
2022-03-30 09:35:00,1985,1985,1985,1985,0
2022-03-30 09:36:00,1985,1985,1985,1985,0
2022-03-30 09:37:00,1985,1985,1985,1985,0
2022-03-30 09:38:00,1985,1985,1985,1985,0
2022-03-30 09:39:00,1985,1985,1985,1985,0
2022-03-30 09:40:00,1985,1985,1985,1985,0
2022-03-30 09:41:00,1985,1985,1985,1985,0
2022-03-30 09:42:00,1985,1985,1985,1985,0
2022-03-30 09:43:00,1985,1985,1985,1985,0
2022-03-30 09:44:00,1985,1985,1985,1985,0
2022-03-30 09:45:00,1985,1985,1985,1985,0
2022-03-30 09:46:00,1985,1985,1985,1985,0
2022-03-30 09:47:00,1985,1985,1985,1985,0
2022-03-30 09:48:00,1985,1985,1985,1985,0
2022-03-30 09:49:00,1985,1985,1985,1985,0
2022-03-30 09:50:00,1985,1985,1985,1985,0
2022-03-30 09:51:00,1985,1985,1985,1985,0
2022-03-30 09:52:00,1985,1985,1985,1985,0
2022-03-30 09:53:00,1985,1985,1985,1985,0
2022-03-30 09:54:00,1985,1985,1985,1985,0
2022-03-30 09:55:00,1985,1985,1985,1985,0
2022-03-30 09:56:00,1985,1985,1985,1985,0
2022-03-30 09:57:00,1985,1985,1985,1985,0
2022-03-30 09:58:00,1985,1985,1985,1985,0
2022-03-30 09:59:00,1985,1985,1985,1985,0
2022-03-30 10:00:00,1985,1985,1985,1985,0
2022-03-30 10:01:00,1985,1985,1985,1985,0
2022-03-30 10:02:00,1985,1985,1985,1985,0
2022-03-30 10:03:00,1985,1985,1985,1985,0
2022-03-30 10:04:00,1985,1985,1985,1985,0
2022-03-30 10:05:00,1985,1985,1985,1985,0
2022-03-30 10:06:00,1985,1985,1985,1985,0
2022-03-30 10:07:00,1985,1985,1985,1985,0
2022-03-30 10:08:00,1985,1985,1985,1985,0
2022-03-30 10:09:00,1985,1985,1985,1985,0
2022-03-30 10:10:00,1985,1985,1985,1985,0
2022-03-30 10:11:00,1985,1985,1985,1985,0
2022-03-30 10:12:00,1985,1985,1985,1985,0
2022-03-30 10:13:00,1985,1985,1985,1985,0
2022-03-30 10:14:00,1985,1985,1985,1985,0
2022-03-30 10:15:00,1985,1985,1985,1985,0
2022-03-30 10:16:00,1985,1985,1985,1985,0
2022-03-30 10:17:00,1985,1985,1985,1985,0
2022-03-30 10:18:00,1985,1985,1985,1985,0
2022-03-30 10:19:00,1985,1985,1985,1985,0
2022-03-30 10:20:00,1985,1985,1985,1985,0
2022-03-30 10:21:00,1985,1985,1985,1985,0
2022-03-30 10:22:00,1985,1985,1985,1985,0
2022-03-30 10:23:00,1985,1985,1985,1985,0
2022-03-30 10:24:00,1985,1985,1985,1985,0
2022-03-30 10:25:00,1985,1985,1985,1985,0
2022-03-30 10:26:00,1985,1985,1985,1985,0
2022-03-30 10:27:00,1985,1985,1985,1985,0
2022-03-30 10:28:00,1985,1985,1985,1985,0
2022-03-30 10:29:00,1985,1985,1985,1985,0
2022-03-30 10:30:00,1985,1985,1985,1985,0
2022-03-30 10:31:00,1985,1985,1985,1985,0
2022-03-30 10:32:00,1985,1985,1985,1985,0
2022-03-30 10:33:00,1985,1985,1985,1985,0
2022-03-30 10:34:00,1985,1985,1985,1985,0
2022-03-30 10:35:00,1985,1985,1985,1985,0
2022-03-30 10:36:00,1985,1985,1985,1985,0
2022-03-30 10:37:00,1985,1985,1985,1985,0
2022-03-30 10:38:00,1985,1985,1985,1985,0
2022-03-30 10:39:00,1985,1985,1985,1985,0
2022-03-30 10:40:00,1985,1985,1985,1985,0
2022-03-30 10:41:00,1985,1985,1985,1985,0
2022-03-30 10:42:00,1985,1985,1985,1985,0
2022-03-30 10:43:00,1985,1985,1985,1985,0
2022-03-30 10:44:00,1985,1985,1985,1985,0
2022-03-30 10:45:00,1985,1985,1985,1985,0
2022-03-30 10:46:00,1985,1985,1985,1985,0
2022-03-30 10:47:00,1985,1985,1985,1985,0
2022-03-30 10:48:00,1985,1985,1985,1985,0
2022-03-30 10:49:00,1985,1985,1985,1985,0
2022-03-30 10:50:00,1985,1985,1985,1985,0
2022-03-30 10:51:00,1985,1985,1985,1985,0
2022-03-30 10:52:00,1985,1985,1985,1985,0
2022-03-30 10:53:00,1985,1985,1985,1985,0
2022-03-30 10:54:00,1985,1985,1985,1985,0
2022-03-30 10:55:00,1985,1985,1985,1985,0
2022-03-30 10:56:00,1985,1985,1985,1985,0
2022-03-30 10:57:00,1975,1975,1975,1975,100
2022-03-30 10:58:00,1975,1975,1975,1975,0
2022-03-30 10:59:00,1975,1975,1975,1975,0
2022-03-30 11:00:00,1975,1975,1975,1975,0
2022-03-30 11:01:00,1975,1975,1975,1975,0
2022-03-30 11:02:00,1975,1975,1975,1975,0
2022-03-30 11:03:00,1975,1975,1975,1975,0
2022-03-30 11:04:00,1975,1975,1975,1975,0
2022-03-30 11:05:00,1975,1975,1975,1975,0
2022-03-30 11:06:00,1975,1975,1975,1975,0
2022-03-30 11:07:00,1975,1975,1975,1975,0
2022-03-30 11:08:00,1975,1975,1975,1975,0
2022-03-30 11:09:00,1975,1975,1975,1975,0
2022-03-30 11:10:00,1975,1975,1975,1975,0
2022-03-30 11:11:00,1975,1975,1975,1975,0
2022-03-30 11:12:00,1975,1975,1975,1975,0
2022-03-30 11:13:00,1975,1975,1975,1975,0
2022-03-30 11:14:00,1975,1975,1975,1975,0
2022-03-30 11:15:00,1975,1975,1975,1975,0
2022-03-30 11:16:00,1975,1975,1975,1975,0
2022-03-30 11:17:00,1975,1975,1975,1975,0
2022-03-30 11:18:00,1975,1975,1975,1975,0
2022-03-30 11:19:00,1975,1975,1975,1975,0
2022-03-30 11:20:00,1975,1975,1975,1975,0
2022-03-30 11:21:00,1975,1975,1975,1975,0
2022-03-30 11:22:00,1975,1975,1975,1975,0
2022-03-30 11:23:00,1975,1975,1975,1975,0
2022-03-30 11:24:00,1975,1975,1975,1975,0
2022-03-30 11:25:00,1975,1975,1975,1975,0
2022-03-30 11:26:00,1975,1975,1975,1975,0
2022-03-30 11:27:00,1975,1975,1975,1975,0
2022-03-30 11:28:00,1975,1975,1975,1975,0
2022-03-30 11:29:00,1975,1975,1975,1975,0
2022-03-30 11:30:00,1975,1975,1975,1975,0
2022-03-30 11:31:00,1975,1975,1975,1975,0
2022-03-30 11:32:00,1975,1975,1975,1975,0
2022-03-30 11:33:00,1975,1975,1975,1975,0
2022-03-30 11:34:00,1975,1975,1975,1975,0
2022-03-30 11:35:00,1975,1975,1975,1975,0
2022-03-30 11:36:00,1975,1975,1975,1975,0
2022-03-30 11:37:00,1975,1975,1975,1975,0
2022-03-30 11:38:00,1975,1975,1975,1975,0
2022-03-30 11:39:00,1975,1975,1975,1975,0
2022-03-30 11:40:00,1975,1975,1975,1975,0
2022-03-30 11:41:00,1975,1975,1975,1975,0
2022-03-30 11:42:00,1975,1975,1975,1975,0
2022-03-30 11:43:00,1975,1975,1975,1975,0
2022-03-30 11:44:00,1975,1975,1975,1975,0
2022-03-30 11:45:00,1975,1975,1975,1975,0
2022-03-30 11:46:00,1975,1975,1975,1975,0
2022-03-30 11:47:00,1975,1975,1975,1975,0
2022-03-30 11:48:00,1975,1975,1975,1975,0
2022-03-30 11:49:00,1975,1975,1975,1975,0
2022-03-30 11:50:00,1975,1975,1975,1975,0
2022-03-30 11:51:00,1975,1975,1975,1975,0
2022-03-30 11:52:00,1975,1975,1975,1975,0
2022-03-30 11:53:00,1975,1975,1975,1975,0
2022-03-30 11:54:00,1975,1975,1975,1975,0
2022-03-30 11:55:00,1975,1975,1975,1975,0
2022-03-30 11:56:00,1975,1975,1975,1975,0
2022-03-30 11:57:00,1975,1975,1975,1975,0
2022-03-30 11:58:00,1975,1975,1975,1975,0
2022-03-30 11:59:00,1975,1975,1975,1975,0
2022-03-30 12:00:00,1975,1975,1975,1975,0
2022-03-30 12:01:00,1975,1975,1975,1975,0
2022-03-30 12:02:00,1975,1975,1975,1975,0
2022-03-30 12:03:00,1975,1975,1975,1975,0
2022-03-30 12:04:00,1975,1975,1975,1975,0
2022-03-30 12:05:00,1975,1975,1975,1975,0
2022-03-30 12:06:00,1975,1975,1975,1975,0
2022-03-30 12:07:00,1975,1975,1975,1975,0
2022-03-30 12:08:00,1975,1975,1975,1975,0
2022-03-30 12:09:00,1975,1975,1975,1975,0
2022-03-30 12:10:00,1975,1975,1975,1975,0
2022-03-30 12:11:00,1975,1975,1975,1975,0
2022-03-30 12:12:00,1975,1975,1975,1975,0
2022-03-30 12:13:00,1975,1975,1975,1975,0
2022-03-30 12:14:00,1975,1975,1975,1975,0
2022-03-30 12:15:00,1975,1975,1975,1975,0
2022-03-30 12:16:00,1975,1975,1975,1975,0
2022-03-30 12:17:00,1975,1975,1975,1975,0
2022-03-30 12:18:00,1975,1975,1975,1975,0
2022-03-30 12:19:00,1975,1975,1975,1975,0
2022-03-30 12:20:00,1975,1975,1975,1975,0
2022-03-30 12:21:00,1975,1975,1975,1975,0
2022-03-30 12:22:00,1975,1975,1975,1975,0
2022-03-30 12:23:00,1975,1975,1975,1975,0
2022-03-30 12:24:00,1975,1975,1975,1975,0
2022-03-30 12:25:00,1975,1975,1975,1975,0
2022-03-30 12:26:00,1975,1975,1975,1975,0
2022-03-30 12:27:00,1975,1975,1975,1975,0
2022-03-30 12:28:00,1975,1975,1975,1975,0
2022-03-30 12:29:00,1975,1975,1975,1975,0
2022-03-30 12:30:00,1975,1975,1975,1975,0
2022-03-30 12:31:00,1975,1975,1975,1975,0
2022-03-30 12:32:00,1975,1975,1975,1975,0
2022-03-30 12:33:00,1975,1975,1975,1975,0
2022-03-30 12:34:00,1975,1975,1975,1975,0
2022-03-30 12:35:00,1975,1975,1975,1975,0
2022-03-30 12:36:00,1975,1975,1975,1975,0
2022-03-30 12:37:00,1975,1975,1975,1975,0
2022-03-30 12:38:00,1975,1975,1975,1975,0
2022-03-30 12:39:00,1975,1975,1975,1975,0
2022-03-30 12:40:00,1975,1975,1975,1975,0
2022-03-30 12:41:00,1975,1975,1975,1975,0
2022-03-30 12:42:00,1975,1975,1975,1975,0
2022-03-30 12:43:00,1975,1975,1975,1975,0
2022-03-30 12:44:00,1975,1975,1975,1975,0
2022-03-30 12:45:00,1975,1975,1975,1975,0
2022-03-30 12:46:00,1975,1975,1975,1975,0
2022-03-30 12:47:00,1975,1975,1975,1975,0
2022-03-30 12:48:00,1975,1975,1975,1975,0
2022-03-30 12:49:00,1975,1975,1975,1975,0
2022-03-30 12:50:00,1975,1975,1975,1975,0
2022-03-30 12:51:00,1975,1975,1975,1975,0
2022-03-30 12:52:00,1975,1975,1975,1975,0
2022-03-30 12:53:00,1975,1975,1975,1975,0
2022-03-30 12:54:00,1975,1975,1975,1975,0
2022-03-30 12:55:00,1975,1975,1975,1975,0
2022-03-30 12:56:00,1975,1975,1975,1975,0
2022-03-30 12:57:00,1975,1975,1975,1975,0
2022-03-30 12:58:00,1975,1975,1975,1975,0
2022-03-30 12:59:00,1975,1975,1975,1975,0
2022-03-30 13:00:00,1975,1975,1975,1975,0
2022-03-30 13:01:00,1975,1975,1975,1975,0
2022-03-30 13:02:00,1975,1975,1975,1975,0
2022-03-30 13:03:00,1975,1975,1975,1975,0
2022-03-30 13:04:00,1975,1975,1975,1975,0
2022-03-30 13:05:00,1975,1975,1975,1975,0
2022-03-30 13:06:00,1975,1975,1975,1975,0
2022-03-30 13:07:00,1975,1975,1975,1975,0
2022-03-30 13:08:00,1975,1975,1975,1975,0
2022-03-30 13:09:00,1975,1975,1975,1975,0
2022-03-30 13:10:00,1975,1975,1975,1975,0
2022-03-30 13:11:00,1975,1975,1975,1975,0
2022-03-30 13:12:00,1975,1975,1975,1975,0
2022-03-30 13:13:00,1975,1975,1975,1975,0
2022-03-30 13:14:00,1975,1975,1975,1975,0
2022-03-30 13:15:00,1975,1975,1975,1975,0
2022-03-30 13:16:00,1975,1975,1975,1975,0
2022-03-30 13:17:00,1975,1975,1975,1975,0
2022-03-30 13:18:00,1975,1975,1975,1975,0
2022-03-30 13:19:00,1975,1975,1975,1975,0
2022-03-30 13:20:00,1975,1975,1975,1975,0
2022-03-30 13:21:00,1975,1975,1975,1975,0
2022-03-30 13:22:00,1975,1975,1975,1975,0
2022-03-30 13:23:00,1975,1975,1975,1975,0
2022-03-30 13:24:00,1975,1975,1975,1975,0
2022-03-30 13:25:00,1975,1975,1975,1975,0
2022-03-30 13:26:00,1975,1975,1975,1975,0
2022-03-30 13:27:00,1975,1975,1975,1975,0
2022-03-30 13:28:00,1975,1975,1975,1975,0
2022-03-30 13:29:00,1975,1975,1975,1975,0
2022-03-30 13:30:00,1975,1975,1975,1975,0
2022-03-30 13:31:00,1975,1975,1975,1975,0
2022-03-30 13:32:00,1975,1975,1975,1975,0
2022-03-30 13:33:00,1975,1975,1975,1975,0
2022-03-30 13:34:00,1975,1975,1975,1975,0
2022-03-30 13:35:00,1975,1975,1975,1975,0
2022-03-30 13:36:00,1975,1975,1975,1975,0
2022-03-30 13:37:00,1975,1975,1975,1975,0
2022-03-30 13:38:00,1975,1975,1975,1975,0
2022-03-30 13:39:00,1975,1975,1975,1975,0
2022-03-30 13:40:00,1975,1975,1975,1975,0
2022-03-30 13:41:00,1975,1975,1975,1975,0
2022-03-30 13:42:00,1975,1975,1975,1975,0
2022-03-30 13:43:00,1975,1975,1975,1975,0
2022-03-30 13:44:00,1975,1975,1975,1975,0
2022-03-30 13:45:00,1975,1975,1975,1975,0
2022-03-30 13:46:00,1975,1975,1975,1975,0
2022-03-30 13:47:00,1975,1975,1975,1975,0
2022-03-30 13:48:00,1975,1975,1975,1975,0
2022-03-30 13:49:00,1975,1975,1975,1975,0
2022-03-30 13:50:00,1975,1975,1975,1975,0
2022-03-30 13:51:00,1975,1975,1975,1975,0
2022-03-30 13:52:00,1975,1975,1975,1975,0
2022-03-30 13:53:00,1975,1975,1975,1975,0
2022-03-30 13:54:00,1975,1975,1975,1975,0
2022-03-30 13:55:00,1975,1975,1975,1975,0
2022-03-30 13:56:00,1975,1975,1975,1975,0
2022-03-30 13:57:00,1975,1975,1975,1975,0
2022-03-30 13:58:00,1975,1975,1975,1975,0
2022-03-30 13:59:00,1975,1975,1975,1975,0
2022-03-30 14:00:00,1975,1975,1975,1975,0
2022-03-30 14:01:00,1975,1975,1975,1975,0
2022-03-30 14:02:00,1975,1975,1975,1975,0
2022-03-30 14:03:00,1975,1975,1975,1975,0
2022-03-30 14:04:00,1975,1975,1975,1975,0
2022-03-30 14:05:00,1975,1975,1975,1975,0
2022-03-30 14:06:00,1975,1975,1975,1975,0
2022-03-30 14:07:00,1975,1975,1975,1975,0
2022-03-30 14:08:00,1975,1975,1975,1975,0
2022-03-30 14:09:00,1975,1975,1975,1975,0
2022-03-30 14:10:00,1975,1975,1975,1975,0
2022-03-30 14:11:00,1975,1975,1975,1975,0
2022-03-30 14:12:00,1975,1975,1975,1975,0
2022-03-30 14:13:00,1975,1975,1975,1975,0
2022-03-30 14:14:00,1975,1975,1975,1975,0
2022-03-30 14:15:00,1975,1975,1975,1975,0
2022-03-30 14:16:00,1975,1975,1975,1975,0
2022-03-30 14:17:00,1975,1975,1975,1975,0
2022-03-30 14:18:00,1975,1975,1975,1975,0
2022-03-30 14:19:00,1975,1975,1975,1975,0
2022-03-30 14:20:00,1975,1975,1975,1975,0
2022-03-30 14:21:00,1975,1975,1975,1975,0
2022-03-30 14:22:00,1975,1975,1975,1975,0
2022-03-30 14:23:00,1975,1975,1975,1975,0
2022-03-30 14:24:00,1975,1975,1975,1975,0
2022-03-30 14:25:00,1975,1975,1975,1975,0
2022-03-30 14:26:00,1975,1975,1975,1975,0
2022-03-30 14:27:00,1975,1975,1975,1975,0
2022-03-30 14:28:00,1975,1975,1975,1975,0
2022-03-30 14:29:00,1975,1975,1975,1975,0
2022-03-30 14:30:00,1975,1975,1975,1975,0
2022-03-30 14:31:00,1975,1975,1975,1975,0
2022-03-30 14:32:00,1975,1975,1975,1975,0
2022-03-30 14:33:00,1975,1975,1975,1975,0
2022-03-30 14:34:00,1975,1975,1975,1975,0
2022-03-30 14:35:00,1975,1975,1975,1975,0
2022-03-30 14:36:00,1975,1975,1975,1975,0
2022-03-30 14:37:00,1975,1975,1975,1975,0
2022-03-30 14:38:00,1975,1975,1975,1975,0
2022-03-30 14:39:00,1975,1975,1975,1975,0
2022-03-30 14:40:00,1975,1975,1975,1975,0
2022-03-30 14:41:00,1975,1975,1975,1975,0
2022-03-30 14:42:00,1975,1975,1975,1975,0
2022-03-30 14:43:00,1975,1975,1975,1975,0
2022-03-30 14:44:00,1975,1975,1975,1975,0
2022-03-30 14:45:00,1975,1975,1975,1975,0
2022-03-30 14:46:00,1975,1975,1975,1975,0
2022-03-30 14:47:00,1975,1975,1975,1975,0
2022-03-30 14:48:00,1975,1975,1975,1975,0
2022-03-30 14:49:00,1975,1975,1975,1975,0
2022-03-30 14:50:00,1975,1975,1975,1975,0
2022-03-30 14:51:00,1975,1975,1975,1975,0
2022-03-30 14:52:00,1975,1975,1975,1975,0
2022-03-30 14:53:00,1975,1975,1975,1975,0
2022-03-30 14:54:00,1975,1975,1975,1975,0
2022-03-30 14:55:00,1975,1975,1975,1975,0
2022-03-30 14:56:00,1975,1975,1975,1975,0
2022-03-30 14:57:00,1975,1975,1975,1975,0
2022-03-30 14:58:00,1975,1975,1975,1975,0
2022-03-30 14:59:00,1975,1975,1975,1975,0
2022-03-30 15:00:00,1975,1975,1975,1975,0
2022-03-30 15:01:00,1975,1975,1975,1975,0
2022-03-30 15:02:00,1975,1975,1975,1975,0
2022-03-30 15:03:00,1975,1975,1975,1975,0
2022-03-30 15:04:00,1975,1975,1975,1975,0
2022-03-30 15:05:00,1975,1975,1975,1975,0
2022-03-30 15:06:00,1975,1975,1975,1975,0
2022-03-30 15:07:00,1975,1975,1975,1975,0
2022-03-30 15:08:00,1975,1975,1975,1975,0
2022-03-30 15:09:00,1975,1975,1975,1975,0
2022-03-30 15:10:00,1975,1975,1975,1975,0
2022-03-30 15:11:00,1975,1975,1975,1975,0
2022-03-30 15:12:00,1975,1975,1975,1975,0
2022-03-30 15:13:00,1975,1975,1975,1975,0
2022-03-30 15:14:00,1975,1975,1975,1975,0
2022-03-30 15:15:00,1975,1975,1975,1975,0
2022-03-30 15:16:00,1975,1975,1975,1975,0
2022-03-30 15:17:00,1975,1975,1975,1975,0
2022-03-30 15:18:00,1975,1975,1975,1975,0
2022-03-30 15:19:00,1975,1975,1975,1975,0
2022-03-30 15:20:00,1975,1975,1975,1975,0
2022-03-30 15:21:00,1975,1975,1975,1975,0
2022-03-30 15:22:00,1975,1975,1975,1975,0
2022-03-30 15:23:00,1975,1975,1975,1975,0
2022-03-30 15:24:00,1975,1975,1975,1975,0
2022-03-30 15:25:00,1975,1975,1975,1975,0
2022-03-30 15:26:00,1975,1975,1975,1975,0
2022-03-30 15:27:00,1975,1975,1975,1975,0
2022-03-30 15:28:00,1975,1975,1975,1975,0
2022-03-30 15:29:00,1975,1975,1975,1975,0
2022-03-30 15:30:00,1975,1975,1975,1975,0
2022-03-30 15:31:00,1975,1975,1975,1975,0
2022-03-30 15:32:00,1975,1975,1975,1975,0
2022-03-30 15:33:00,1975,1975,1975,1975,0
2022-03-30 15:34:00,1975,1975,1975,1975,0
2022-03-30 15:35:00,1975,1975,1975,1975,0
2022-03-30 15:36:00,1975,1975,1975,1975,0
2022-03-30 15:37:00,1975,1975,1975,1975,0
2022-03-30 15:38:00,1975,1975,1975,1975,0
2022-03-30 15:39:00,1975,1975,1975,1975,0
2022-03-30 15:40:00,1975,1975,1975,1975,0
2022-03-30 15:41:00,1975,1975,1975,1975,0
2022-03-30 15:42:00,1975,1975,1975,1975,0
2022-03-30 15:43:00,1975,1975,1975,1975,0
2022-03-30 15:44:00,1975,1975,1975,1975,0
2022-03-30 15:45:00,1975,1975,1975,1975,0
2022-03-30 15:46:00,1975,1975,1975,1975,0
2022-03-30 15:47:00,1975,1975,1975,1975,0
2022-03-30 15:48:00,1975,1975,1975,1975,0
2022-03-30 15:49:00,1975,1975,1975,1975,0
2022-03-30 15:50:00,1975,1975,1975,1975,0
2022-03-30 15:51:00,1975,1975,1975,1975,0
2022-03-30 15:52:00,1975,1975,1975,1975,0
2022-03-30 15:53:00,1975,1975,1975,1975,0
2022-03-30 15:54:00,1975,1975,1975,1975,0
2022-03-30 15:55:00,1975,1975,1975,1975,0
2022-03-30 15:56:00,1975,1975,1975,1975,0
2022-03-30 15:57:00,1975,1975,1975,1975,0
2022-03-30 15:58:00,1975,1975,1975,1975,0
2022-03-30 15:59:00,1975,1975,1975,1975,0
2022-03-31 09:00:00,1975,1975,1975,1975,0
2022-03-31 09:01:00,1975,1975,1975,1975,0
2022-03-31 09:02:00,1975,1975,1975,1975,0
2022-03-31 09:03:00,1975,1975,1975,1975,0
2022-03-31 09:04:00,1975,1975,1975,1975,0
2022-03-31 09:05:00,1975,1975,1975,1975,0
2022-03-31 09:06:00,1975,1975,1975,1975,0
2022-03-31 09:07:00,1975,1975,1975,1975,0
2022-03-31 09:08:00,1975,1975,1975,1975,0
2022-03-31 09:09:00,1975,1975,1975,1975,0
2022-03-31 09:10:00,1975,1975,1975,1975,0
2022-03-31 09:11:00,1975,1975,1975,1975,0
2022-03-31 09:12:00,1975,1975,1975,1975,0
2022-03-31 09:13:00,1975,1975,1975,1975,0
2022-03-31 09:14:00,1975,1975,1975,1975,0
2022-03-31 09:15:00,1975,1975,1975,1975,0
2022-03-31 09:16:00,1975,1975,1975,1975,0
2022-03-31 09:17:00,1975,1975,1975,1975,0
2022-03-31 09:18:00,1975,1975,1975,1975,0
2022-03-31 09:19:00,1975,1975,1975,1975,0
2022-03-31 09:20:00,1975,1975,1975,1975,0
2022-03-31 09:21:00,1975,1975,1975,1975,0
2022-03-31 09:22:00,1975,1975,1975,1975,0
2022-03-31 09:23:00,1975,1975,1975,1975,0
2022-03-31 09:24:00,1975,1975,1975,1975,0
2022-03-31 09:25:00,1975,1975,1975,1975,0
2022-03-31 09:26:00,1975,1975,1975,1975,0
2022-03-31 09:27:00,1975,1975,1975,1975,0
2022-03-31 09:28:00,1975,1975,1975,1975,0
2022-03-31 09:29:00,1975,1975,1975,1975,0
2022-03-31 09:30:00,1975,1975,1975,1975,0
2022-03-31 09:31:00,1975,1975,1975,1975,0
2022-03-31 09:32:00,1975,1975,1975,1975,0
2022-03-31 09:33:00,1975,1975,1975,1975,0
2022-03-31 09:34:00,1975,1975,1975,1975,0
2022-03-31 09:35:00,1975,1975,1975,1975,0
2022-03-31 09:36:00,1975,1975,1975,1975,0
2022-03-31 09:37:00,1975,1975,1975,1975,0
2022-03-31 09:38:00,1975,1975,1975,1975,0
2022-03-31 09:39:00,1975,1975,1975,1975,0
2022-03-31 09:40:00,1975,1975,1975,1975,0
2022-03-31 09:41:00,1975,1975,1975,1975,0
2022-03-31 09:42:00,1975,1975,1975,1975,0
2022-03-31 09:43:00,1975,1975,1975,1975,0
2022-03-31 09:44:00,1975,1975,1975,1975,0
2022-03-31 09:45:00,1975,1975,1975,1975,0
2022-03-31 09:46:00,1975,1975,1975,1975,0
2022-03-31 09:47:00,1975,1975,1975,1975,0
2022-03-31 09:48:00,1975,1975,1975,1975,0
2022-03-31 09:49:00,1975,1975,1975,1975,0
2022-03-31 09:50:00,1975,1975,1975,1975,0
2022-03-31 09:51:00,1975,1975,1975,1975,0
2022-03-31 09:52:00,1975,1975,1975,1975,0
2022-03-31 09:53:00,1975,1975,1975,1975,0
2022-03-31 09:54:00,1975,1975,1975,1975,0
2022-03-31 09:55:00,1975,1975,1975,1975,0
2022-03-31 09:56:00,1975,1975,1975,1975,0
2022-03-31 09:57:00,1975,1975,1975,1975,0
2022-03-31 09:58:00,1975,1975,1975,1975,0
2022-03-31 09:59:00,1975,1975,1975,1975,0
2022-03-31 10:00:00,1975,1975,1975,1975,0
2022-03-31 10:01:00,1975,1975,1975,1975,0
2022-03-31 10:02:00,1975,1975,1975,1975,0
2022-03-31 10:03:00,1975,1975,1975,1975,0
2022-03-31 10:04:00,1975,1975,1975,1975,0
2022-03-31 10:05:00,1975,1975,1975,1975,0
2022-03-31 10:06:00,1975,1975,1975,1975,0
2022-03-31 10:07:00,1975,1975,1975,1975,0
2022-03-31 10:08:00,1975,1975,1975,1975,0
2022-03-31 10:09:00,1975,1975,1975,1975,0
2022-03-31 10:10:00,1975,1975,1975,1975,0
2022-03-31 10:11:00,1975,1975,1975,1975,0
2022-03-31 10:12:00,1975,1975,1975,1975,0
2022-03-31 10:13:00,1975,1975,1975,1975,0
2022-03-31 10:14:00,1975,1975,1975,1975,0
2022-03-31 10:15:00,1975,1975,1975,1975,0
2022-03-31 10:16:00,1975,1975,1975,1975,0
2022-03-31 10:17:00,1975,1975,1975,1975,0
2022-03-31 10:18:00,1975,1975,1975,1975,0
2022-03-31 10:19:00,1975,1975,1975,1975,0
2022-03-31 10:20:00,1975,1975,1975,1975,0
2022-03-31 10:21:00,1975,1975,1975,1975,0
2022-03-31 10:22:00,1975,1975,1975,1975,0
2022-03-31 10:23:00,1975,1975,1975,1975,0
2022-03-31 10:24:00,1975,1975,1975,1975,0
2022-03-31 10:25:00,1975,1975,1975,1975,0
2022-03-31 10:26:00,1975,1975,1975,1975,0
2022-03-31 10:27:00,1975,1975,1975,1975,0
2022-03-31 10:28:00,1975,1975,1975,1975,0
2022-03-31 10:29:00,1975,1975,1975,1975,0
2022-03-31 10:30:00,1975,1975,1975,1975,0
2022-03-31 10:31:00,1975,1975,1975,1975,0
2022-03-31 10:32:00,1975,1975,1975,1975,0
2022-03-31 10:33:00,1975,1975,1975,1975,0
2022-03-31 10:34:00,1975,1975,1975,1975,0
2022-03-31 10:35:00,1975,1975,1975,1975,0
2022-03-31 10:36:00,1975,1975,1975,1975,0
2022-03-31 10:37:00,1975,1975,1975,1975,0
2022-03-31 10:38:00,1975,1975,1975,1975,0
2022-03-31 10:39:00,1975,1975,1975,1975,0
2022-03-31 10:40:00,1975,1975,1975,1975,0
2022-03-31 10:41:00,1975,1975,1975,1975,0
2022-03-31 10:42:00,1975,1975,1975,1975,0
2022-03-31 10:43:00,1975,1975,1975,1975,0
2022-03-31 10:44:00,1975,1975,1975,1975,0
2022-03-31 10:45:00,1975,1975,1975,1975,0
2022-03-31 10:46:00,1975,1975,1975,1975,0
2022-03-31 10:47:00,1975,1975,1975,1975,0
2022-03-31 10:48:00,1975,1975,1975,1975,0
2022-03-31 10:49:00,1975,1975,1975,1975,0
2022-03-31 10:50:00,1975,1975,1975,1975,0
2022-03-31 10:51:00,1975,1975,1975,1975,0
2022-03-31 10:52:00,1975,1975,1975,1975,0
2022-03-31 10:53:00,1975,1975,1975,1975,0
2022-03-31 10:54:00,1975,1975,1975,1975,0
2022-03-31 10:55:00,1975,1975,1975,1975,0
2022-03-31 10:56:00,1975,1975,1975,1975,0
2022-03-31 10:57:00,1975,1975,1975,1975,0
2022-03-31 10:58:00,1975,1975,1975,1975,0
2022-03-31 10:59:00,1975,1975,1975,1975,0
2022-03-31 11:00:00,1975,1975,1975,1975,0
2022-03-31 11:01:00,1975,1975,1975,1975,0
2022-03-31 11:02:00,1975,1975,1975,1975,0
2022-03-31 11:03:00,1975,1975,1975,1975,0
2022-03-31 11:04:00,1975,1975,1975,1975,0
2022-03-31 11:05:00,1975,1975,1975,1975,0
2022-03-31 11:06:00,1975,1975,1975,1975,0
2022-03-31 11:07:00,1975,1975,1975,1975,0
2022-03-31 11:08:00,1975,1975,1975,1975,0
2022-03-31 11:09:00,1975,1975,1975,1975,0
2022-03-31 11:10:00,1975,1975,1975,1975,0
2022-03-31 11:11:00,1975,1975,1975,1975,0
2022-03-31 11:12:00,1975,1975,1975,1975,0
2022-03-31 11:13:00,1975,1975,1975,1975,0
2022-03-31 11:14:00,1975,1975,1975,1975,0
2022-03-31 11:15:00,1975,1975,1975,1975,0
2022-03-31 11:16:00,1975,1975,1975,1975,0
2022-03-31 11:17:00,1975,1975,1975,1975,0
2022-03-31 11:18:00,1975,1975,1975,1975,0
2022-03-31 11:19:00,1975,1975,1975,1975,0
2022-03-31 11:20:00,1975,1975,1975,1975,0
2022-03-31 11:21:00,1975,1975,1975,1975,0
2022-03-31 11:22:00,1975,1975,1975,1975,0
2022-03-31 11:23:00,1975,1975,1975,1975,0
2022-03-31 11:24:00,1975,1975,1975,1975,0
2022-03-31 11:25:00,1975,1975,1975,1975,0
2022-03-31 11:26:00,1975,1975,1975,1975,0
2022-03-31 11:27:00,1975,1975,1975,1975,0
2022-03-31 11:28:00,1975,1975,1975,1975,0
2022-03-31 11:29:00,1975,1975,1975,1975,0
2022-03-31 11:30:00,1975,1975,1975,1975,0
2022-03-31 11:31:00,1975,1975,1975,1975,0
2022-03-31 11:32:00,1975,1975,1975,1975,0
2022-03-31 11:33:00,1975,1975,1975,1975,0
2022-03-31 11:34:00,1975,1975,1975,1975,0
2022-03-31 11:35:00,1975,1975,1975,1975,0
2022-03-31 11:36:00,1975,1975,1975,1975,0
2022-03-31 11:37:00,1975,1975,1975,1975,0
2022-03-31 11:38:00,1975,1975,1975,1975,0
2022-03-31 11:39:00,1975,1975,1975,1975,0
2022-03-31 11:40:00,1975,1975,1975,1975,0
2022-03-31 11:41:00,1975,1975,1975,1975,0
2022-03-31 11:42:00,1975,1975,1975,1975,0
2022-03-31 11:43:00,1975,1975,1975,1975,0
2022-03-31 11:44:00,1975,1975,1975,1975,0
2022-03-31 11:45:00,1975,1975,1975,1975,0
2022-03-31 11:46:00,1975,1975,1975,1975,0
2022-03-31 11:47:00,1975,1975,1975,1975,0
2022-03-31 11:48:00,1975,1975,1975,1975,0
2022-03-31 11:49:00,1975,1975,1975,1975,0
2022-03-31 11:50:00,1975,1975,1975,1975,0
2022-03-31 11:51:00,1975,1975,1975,1975,0
2022-03-31 11:52:00,1975,1975,1975,1975,0
2022-03-31 11:53:00,1975,1975,1975,1975,0
2022-03-31 11:54:00,1975,1975,1975,1975,0
2022-03-31 11:55:00,1975,1975,1975,1975,0
2022-03-31 11:56:00,1975,1975,1975,1975,0
2022-03-31 11:57:00,1975,1975,1975,1975,0
2022-03-31 11:58:00,1975,1975,1975,1975,0
2022-03-31 11:59:00,1975,1975,1975,1975,0
2022-03-31 12:00:00,1975,1975,1975,1975,0
2022-03-31 12:01:00,1975,1975,1975,1975,0
2022-03-31 12:02:00,1975,1975,1975,1975,0
2022-03-31 12:03:00,1975,1975,1975,1975,0
2022-03-31 12:04:00,1975,1975,1975,1975,0
2022-03-31 12:05:00,1975,1975,1975,1975,0
2022-03-31 12:06:00,1975,1975,1975,1975,0
2022-03-31 12:07:00,1975,1975,1975,1975,0
2022-03-31 12:08:00,1975,1975,1975,1975,0
2022-03-31 12:09:00,1975,1975,1975,1975,0
2022-03-31 12:10:00,1975,1975,1975,1975,0
2022-03-31 12:11:00,1975,1975,1975,1975,0
2022-03-31 12:12:00,1975,1975,1975,1975,0
2022-03-31 12:13:00,1975,1975,1975,1975,0
2022-03-31 12:14:00,1975,1975,1975,1975,0
2022-03-31 12:15:00,1975,1975,1975,1975,0
2022-03-31 12:16:00,1975,1975,1975,1975,0
2022-03-31 12:17:00,1975,1975,1975,1975,0
2022-03-31 12:18:00,1975,1975,1975,1975,0
2022-03-31 12:19:00,1975,1975,1975,1975,0
2022-03-31 12:20:00,1975,1975,1975,1975,0
2022-03-31 12:21:00,1975,1975,1975,1975,0
2022-03-31 12:22:00,1975,1975,1975,1975,0
2022-03-31 12:23:00,1975,1975,1975,1975,0
2022-03-31 12:24:00,1975,1975,1975,1975,0
2022-03-31 12:25:00,1975,1975,1975,1975,0
2022-03-31 12:26:00,1975,1975,1975,1975,0
2022-03-31 12:27:00,1975,1975,1975,1975,0
2022-03-31 12:28:00,1975,1975,1975,1975,0
2022-03-31 12:29:00,1975,1975,1975,1975,0
2022-03-31 12:30:00,1975,1975,1975,1975,0
2022-03-31 12:31:00,1975,1975,1975,1975,0
2022-03-31 12:32:00,1975,1975,1975,1975,0
2022-03-31 12:33:00,1975,1975,1975,1975,0
2022-03-31 12:34:00,1975,1975,1975,1975,0
2022-03-31 12:35:00,1975,1975,1975,1975,0
2022-03-31 12:36:00,1975,1975,1975,1975,0
2022-03-31 12:37:00,1975,1975,1975,1975,0
2022-03-31 12:38:00,1975,1975,1975,1975,0
2022-03-31 12:39:00,1975,1975,1975,1975,0
2022-03-31 12:40:00,1975,1975,1975,1975,0
2022-03-31 12:41:00,1975,1975,1975,1975,0
2022-03-31 12:42:00,1975,1975,1975,1975,0
2022-03-31 12:43:00,1975,1975,1975,1975,0
2022-03-31 12:44:00,1975,1975,1975,1975,0
2022-03-31 12:45:00,1975,1975,1975,1975,0
2022-03-31 12:46:00,1975,1975,1975,1975,0
2022-03-31 12:47:00,1975,1975,1975,1975,0
2022-03-31 12:48:00,1975,1975,1975,1975,0
2022-03-31 12:49:00,1975,1975,1975,1975,0
2022-03-31 12:50:00,1975,1975,1975,1975,0
2022-03-31 12:51:00,1975,1975,1975,1975,0
2022-03-31 12:52:00,1975,1975,1975,1975,0
2022-03-31 12:53:00,1975,1975,1975,1975,0
2022-03-31 12:54:00,1975,1975,1975,1975,0
2022-03-31 12:55:00,1975,1975,1975,1975,0
2022-03-31 12:56:00,1975,1975,1975,1975,0
2022-03-31 12:57:00,1975,1975,1975,1975,0
2022-03-31 12:58:00,1975,1975,1975,1975,0
2022-03-31 12:59:00,1975,1975,1975,1975,0
2022-03-31 13:00:00,1975,1975,1975,1975,0
2022-03-31 13:01:00,1975,1975,1975,1975,0
2022-03-31 13:02:00,1975,1975,1975,1975,0
2022-03-31 13:03:00,1975,1975,1975,1975,0
2022-03-31 13:04:00,1975,1975,1975,1975,0
2022-03-31 13:05:00,1975,1975,1975,1975,0
2022-03-31 13:06:00,1975,1975,1975,1975,0
2022-03-31 13:07:00,1975,1975,1975,1975,0
2022-03-31 13:08:00,1975,1975,1975,1975,0
2022-03-31 13:09:00,1975,1975,1975,1975,0
2022-03-31 13:10:00,1975,1975,1975,1975,0
2022-03-31 13:11:00,1975,1975,1975,1975,0
2022-03-31 13:12:00,1975,1975,1975,1975,0
2022-03-31 13:13:00,1975,1975,1975,1975,0
2022-03-31 13:14:00,1975,1975,1975,1975,0
2022-03-31 13:15:00,1975,1975,1975,1975,0
2022-03-31 13:16:00,1975,1975,1975,1975,0
2022-03-31 13:17:00,1975,1975,1975,1975,0
2022-03-31 13:18:00,1975,1975,1975,1975,0
2022-03-31 13:19:00,1975,1975,1975,1975,0
2022-03-31 13:20:00,1975,1975,1975,1975,0
2022-03-31 13:21:00,1975,1975,1975,1975,0
2022-03-31 13:22:00,1975,1975,1975,1975,0
2022-03-31 13:23:00,1975,1975,1975,1975,0
2022-03-31 13:24:00,1975,1975,1975,1975,0
2022-03-31 13:25:00,1975,1975,1975,1975,0
2022-03-31 13:26:00,1975,1975,1975,1975,0
2022-03-31 13:27:00,1975,1975,1975,1975,0
2022-03-31 13:28:00,1975,1975,1975,1975,0
2022-03-31 13:29:00,1975,1975,1975,1975,0
2022-03-31 13:30:00,1975,1975,1975,1975,0
2022-03-31 13:31:00,1975,1975,1975,1975,0
2022-03-31 13:32:00,1975,1975,1975,1975,0
2022-03-31 13:33:00,1975,1975,1975,1975,0
2022-03-31 13:34:00,1975,1975,1975,1975,0
2022-03-31 13:35:00,1975,1975,1975,1975,0
2022-03-31 13:36:00,1975,1975,1975,1975,0
2022-03-31 13:37:00,1975,1975,1975,1975,0
2022-03-31 13:38:00,1975,1975,1975,1975,0
2022-03-31 13:39:00,1975,1975,1975,1975,0
2022-03-31 13:40:00,1975,1975,1975,1975,0
2022-03-31 13:41:00,1975,1975,1975,1975,0
2022-03-31 13:42:00,1975,1975,1975,1975,0
2022-03-31 13:43:00,1975,1975,1975,1975,0
2022-03-31 13:44:00,1975,1975,1975,1975,0
2022-03-31 13:45:00,1975,1975,1975,1975,0
2022-03-31 13:46:00,1975,1975,1975,1975,0
2022-03-31 13:47:00,1975,1975,1975,1975,0
2022-03-31 13:48:00,1975,1975,1975,1975,0
2022-03-31 13:49:00,1975,1975,1975,1975,0
2022-03-31 13:50:00,1975,1975,1975,1975,0
2022-03-31 13:51:00,1975,1975,1975,1975,0
2022-03-31 13:52:00,1975,1975,1975,1975,0
2022-03-31 13:53:00,1975,1975,1975,1975,0
2022-03-31 13:54:00,1975,1975,1975,1975,0
2022-03-31 13:55:00,1975,1975,1975,1975,0
2022-03-31 13:56:00,1975,1975,1975,1975,0
2022-03-31 13:57:00,1975,1975,1975,1975,0
2022-03-31 13:58:00,1975,1975,1975,1975,0
2022-03-31 13:59:00,1975,1975,1975,1975,0
2022-03-31 14:00:00,1975,1975,1975,1975,0
2022-03-31 14:01:00,1975,1975,1975,1975,0
2022-03-31 14:02:00,1975,1975,1975,1975,0
2022-03-31 14:03:00,1975,1975,1975,1975,0
2022-03-31 14:04:00,1975,1975,1975,1975,0
2022-03-31 14:05:00,1975,1975,1975,1975,0
2022-03-31 14:06:00,1975,1975,1975,1975,0
2022-03-31 14:07:00,1975,1975,1975,1975,0
2022-03-31 14:08:00,1975,1975,1975,1975,0
2022-03-31 14:09:00,1975,1975,1975,1975,0
2022-03-31 14:10:00,1975,1975,1975,1975,0
2022-03-31 14:11:00,1975,1975,1975,1975,0
2022-03-31 14:12:00,1975,1975,1975,1975,0
2022-03-31 14:13:00,1975,1975,1975,1975,0
2022-03-31 14:14:00,1975,1975,1975,1975,0
2022-03-31 14:15:00,1975,1975,1975,1975,0
2022-03-31 14:16:00,1975,1975,1975,1975,0
2022-03-31 14:17:00,1975,1975,1975,1975,0
2022-03-31 14:18:00,1975,1975,1975,1975,0
2022-03-31 14:19:00,1975,1975,1975,1975,0
2022-03-31 14:20:00,1975,1975,1975,1975,0
2022-03-31 14:21:00,1975,1975,1975,1975,0
2022-03-31 14:22:00,1975,1975,1975,1975,0
2022-03-31 14:23:00,1975,1975,1975,1975,0
2022-03-31 14:24:00,1975,1975,1975,1975,0
2022-03-31 14:25:00,1975,1975,1975,1975,0
2022-03-31 14:26:00,1975,1975,1975,1975,0
2022-03-31 14:27:00,1975,1975,1975,1975,0
2022-03-31 14:28:00,1975,1975,1975,1975,0
2022-03-31 14:29:00,1975,1975,1975,1975,0
2022-03-31 14:30:00,1975,1975,1975,1975,0
2022-03-31 14:31:00,1975,1975,1975,1975,0
2022-03-31 14:32:00,1975,1975,1975,1975,0
2022-03-31 14:33:00,1975,1975,1975,1975,0
2022-03-31 14:34:00,1975,1975,1975,1975,0
2022-03-31 14:35:00,1975,1975,1975,1975,0
2022-03-31 14:36:00,1975,1975,1975,1975,0
2022-03-31 14:37:00,1975,1975,1975,1975,0
2022-03-31 14:38:00,1975,1975,1975,1975,0
2022-03-31 14:39:00,1975,1975,1975,1975,0
2022-03-31 14:40:00,1975,1975,1975,1975,0
2022-03-31 14:41:00,1975,1975,1975,1975,0
2022-03-31 14:42:00,1975,1975,1975,1975,0
2022-03-31 14:43:00,1975,1975,1975,1975,0
2022-03-31 14:44:00,1975,1975,1975,1975,0
2022-03-31 14:45:00,1975,1975,1975,1975,0
2022-03-31 14:46:00,1975,1975,1975,1975,0
2022-03-31 14:47:00,1975,1975,1975,1975,0
2022-03-31 14:48:00,1975,1975,1975,1975,0
2022-03-31 14:49:00,1975,1975,1975,1975,0
2022-03-31 14:50:00,1975,1975,1975,1975,0
2022-03-31 14:51:00,1975,1975,1975,1975,0
2022-03-31 14:52:00,1975,1975,1975,1975,0
2022-03-31 14:53:00,1975,1975,1975,1975,0
2022-03-31 14:54:00,1975,1975,1975,1975,0
2022-03-31 14:55:00,1975,1975,1975,1975,0
2022-03-31 14:56:00,1975,1975,1975,1975,0
2022-03-31 14:57:00,1975,1975,1975,1975,0
2022-03-31 14:58:00,1975,1975,1975,1975,0
2022-03-31 14:59:00,1975,1975,1975,1975,0
2022-03-31 15:00:00,1975,1975,1975,1975,0
2022-03-31 15:01:00,1975,1975,1975,1975,0
2022-03-31 15:02:00,1975,1975,1975,1975,0
2022-03-31 15:03:00,1975,1975,1975,1975,0
2022-03-31 15:04:00,1975,1975,1975,1975,0
2022-03-31 15:05:00,1975,1975,1975,1975,0
2022-03-31 15:06:00,1975,1975,1975,1975,0
2022-03-31 15:07:00,1975,1975,1975,1975,0
2022-03-31 15:08:00,1975,1975,1975,1975,0
2022-03-31 15:09:00,1975,1975,1975,1975,0
2022-03-31 15:10:00,1975,1975,1975,1975,0
2022-03-31 15:11:00,1975,1975,1975,1975,0
2022-03-31 15:12:00,1975,1975,1975,1975,0
2022-03-31 15:13:00,1975,1975,1975,1975,0
2022-03-31 15:14:00,1975,1975,1975,1975,0
2022-03-31 15:15:00,1975,1975,1975,1975,0
2022-03-31 15:16:00,1975,1975,1975,1975,0
2022-03-31 15:17:00,1975,1975,1975,1975,0
2022-03-31 15:18:00,1975,1975,1975,1975,0
2022-03-31 15:19:00,1975,1975,1975,1975,0
2022-03-31 15:20:00,1975,1975,1975,1975,0
2022-03-31 15:21:00,1975,1975,1975,1975,0
2022-03-31 15:22:00,1975,1975,1975,1975,0
2022-03-31 15:23:00,1975,1975,1975,1975,0
2022-03-31 15:24:00,1975,1975,1975,1975,0
2022-03-31 15:25:00,1975,1975,1975,1975,0
2022-03-31 15:26:00,1975,1975,1975,1975,0
2022-03-31 15:27:00,1975,1975,1975,1975,0
2022-03-31 15:28:00,1975,1975,1975,1975,0
2022-03-31 15:29:00,1975,1975,1975,1975,0
2022-03-31 15:30:00,1975,1975,1975,1975,0
2022-03-31 15:31:00,1975,1975,1975,1975,0
2022-03-31 15:32:00,1975,1975,1975,1975,0
2022-03-31 15:33:00,1975,1975,1975,1975,0
2022-03-31 15:34:00,1975,1975,1975,1975,0
2022-03-31 15:35:00,1975,1975,1975,1975,0
2022-03-31 15:36:00,1975,1975,1975,1975,0
2022-03-31 15:37:00,1975,1975,1975,1975,0
2022-03-31 15:38:00,1975,1975,1975,1975,0
2022-03-31 15:39:00,1975,1975,1975,1975,0
2022-03-31 15:40:00,1975,1975,1975,1975,0
2022-03-31 15:41:00,1975,1975,1975,1975,0
2022-03-31 15:42:00,1975,1975,1975,1975,0
2022-03-31 15:43:00,1975,1975,1975,1975,0
2022-03-31 15:44:00,1975,1975,1975,1975,0
2022-03-31 15:45:00,1975,1975,1975,1975,0
2022-03-31 15:46:00,1975,1975,1975,1975,0
2022-03-31 15:47:00,1975,1975,1975,1975,0
2022-03-31 15:48:00,1975,1975,1975,1975,0
2022-03-31 15:49:00,1975,1975,1975,1975,0
2022-03-31 15:50:00,1975,1975,1975,1975,0
2022-03-31 15:51:00,1975,1975,1975,1975,0
2022-03-31 15:52:00,1975,1975,1975,1975,0
2022-03-31 15:53:00,1975,1975,1975,1975,0
2022-03-31 15:54:00,1975,1975,1975,1975,0
2022-03-31 15:55:00,1975,1975,1975,1975,0
2022-03-31 15:56:00,1975,1975,1975,1975,0
2022-03-31 15:57:00,1975,1975,1975,1975,0
2022-03-31 15:58:00,1975,1975,1975,1975,0
2022-03-31 15:59:00,1975,1975,1975,1975,0
2022-04-01 09:00:00,1975,1975,1975,1975,0
2022-04-01 09:01:00,1975,1975,1975,1975,0
2022-04-01 09:02:00,1975,1975,1975,1975,0
2022-04-01 09:03:00,1975,1975,1975,1975,0
2022-04-01 09:04:00,1975,1975,1975,1975,0
2022-04-01 09:05:00,1975,1975,1975,1975,0
2022-04-01 09:06:00,1975,1975,1975,1975,0
2022-04-01 09:07:00,1975,1975,1975,1975,0
2022-04-01 09:08:00,1975,1975,1975,1975,0
2022-04-01 09:09:00,1975,1975,1975,1975,0
2022-04-01 09:10:00,1975,1975,1975,1975,0
2022-04-01 09:11:00,1975,1975,1975,1975,0
2022-04-01 09:12:00,1975,1975,1975,1975,0
2022-04-01 09:13:00,1975,1975,1975,1975,0
2022-04-01 09:14:00,1975,1975,1975,1975,0
2022-04-01 09:15:00,1975,1975,1975,1975,0
2022-04-01 09:16:00,1975,1975,1975,1975,0
2022-04-01 09:17:00,1975,1975,1975,1975,0
2022-04-01 09:18:00,1975,1975,1975,1975,0
2022-04-01 09:19:00,1975,1975,1975,1975,0
2022-04-01 09:20:00,1975,1975,1975,1975,0
2022-04-01 09:21:00,1975,1975,1975,1975,0
2022-04-01 09:22:00,1975,1975,1975,1975,0
2022-04-01 09:23:00,1975,1975,1975,1975,0
2022-04-01 09:24:00,1975,1975,1975,1975,0
2022-04-01 09:25:00,1975,1975,1975,1975,0
2022-04-01 09:26:00,1975,1975,1975,1975,0
2022-04-01 09:27:00,1975,1975,1975,1975,0
2022-04-01 09:28:00,1975,1975,1975,1975,0
2022-04-01 09:29:00,1975,1975,1975,1975,0
2022-04-01 09:30:00,1975,1975,1975,1975,0
2022-04-01 09:31:00,1975,1975,1975,1975,0
2022-04-01 09:32:00,1975,1975,1975,1975,0
2022-04-01 09:33:00,1975,1975,1975,1975,0
2022-04-01 09:34:00,1975,1975,1975,1975,0
2022-04-01 09:35:00,1975,1975,1975,1975,0
2022-04-01 09:36:00,1975,1975,1975,1975,0
2022-04-01 09:37:00,1975,1975,1975,1975,0
2022-04-01 09:38:00,1975,1975,1975,1975,0
2022-04-01 09:39:00,1975,1975,1975,1975,0
2022-04-01 09:40:00,1975,1975,1975,1975,0
2022-04-01 09:41:00,1975,1975,1975,1975,0
2022-04-01 09:42:00,1975,1975,1975,1975,0
2022-04-01 09:43:00,1975,1975,1975,1975,0
2022-04-01 09:44:00,1975,1975,1975,1975,0
2022-04-01 09:45:00,1975,1975,1975,1975,0
2022-04-01 09:46:00,1975,1975,1975,1975,0
2022-04-01 09:47:00,1975,1975,1975,1975,0
2022-04-01 09:48:00,1975,1975,1975,1975,0
2022-04-01 09:49:00,1975,1975,1975,1975,0
2022-04-01 09:50:00,1975,1975,1975,1975,0
2022-04-01 09:51:00,1975,1975,1975,1975,0
2022-04-01 09:52:00,1975,1975,1975,1975,0
2022-04-01 09:53:00,1975,1975,1975,1975,0
2022-04-01 09:54:00,1975,1975,1975,1975,0
2022-04-01 09:55:00,1975,1975,1975,1975,0
2022-04-01 09:56:00,1975,1975,1975,1975,0
2022-04-01 09:57:00,1975,1975,1975,1975,0
2022-04-01 09:58:00,1975,1975,1975,1975,0
2022-04-01 09:59:00,1975,1975,1975,1975,0
2022-04-01 10:00:00,1975,1975,1975,1975,0
2022-04-01 10:01:00,1975,1975,1975,1975,0
2022-04-01 10:02:00,1975,1975,1975,1975,0
2022-04-01 10:03:00,1975,1975,1975,1975,0
2022-04-01 10:04:00,1975,1975,1975,1975,0
2022-04-01 10:05:00,1975,1975,1975,1975,0
2022-04-01 10:06:00,1975,1975,1975,1975,0
2022-04-01 10:07:00,1975,1975,1975,1975,0
2022-04-01 10:08:00,1975,1975,1975,1975,0
2022-04-01 10:09:00,1975,1975,1975,1975,0
2022-04-01 10:10:00,1975,1975,1975,1975,0
2022-04-01 10:11:00,1975,1975,1975,1975,0
2022-04-01 10:12:00,1975,1975,1975,1975,0
2022-04-01 10:13:00,1975,1975,1975,1975,0
2022-04-01 10:14:00,1975,1975,1975,1975,0
2022-04-01 10:15:00,1975,1975,1975,1975,0
2022-04-01 10:16:00,1975,1975,1975,1975,0
2022-04-01 10:17:00,1975,1975,1975,1975,0
2022-04-01 10:18:00,1975,1975,1975,1975,0
2022-04-01 10:19:00,1975,1975,1975,1975,0
2022-04-01 10:20:00,1975,1975,1975,1975,0
2022-04-01 10:21:00,1975,1975,1975,1975,0
2022-04-01 10:22:00,1975,1975,1975,1975,0
2022-04-01 10:23:00,1975,1975,1975,1975,0
2022-04-01 10:24:00,1975,1975,1975,1975,0
2022-04-01 10:25:00,1975,1975,1975,1975,0
2022-04-01 10:26:00,1975,1975,1975,1975,0
2022-04-01 10:27:00,1975,1975,1975,1975,0
2022-04-01 10:28:00,1975,1975,1975,1975,0
2022-04-01 10:29:00,1975,1975,1975,1975,0
2022-04-01 10:30:00,1975,1975,1975,1975,0
2022-04-01 10:31:00,1975,1975,1975,1975,0
2022-04-01 10:32:00,1975,1975,1975,1975,0
2022-04-01 10:33:00,1975,1975,1975,1975,0
2022-04-01 10:34:00,1975,1975,1975,1975,0
2022-04-01 10:35:00,1975,1975,1975,1975,0
2022-04-01 10:36:00,1975,1975,1975,1975,0
2022-04-01 10:37:00,1975,1975,1975,1975,0
2022-04-01 10:38:00,1975,1975,1975,1975,0
2022-04-01 10:39:00,1975,1975,1975,1975,0
2022-04-01 10:40:00,1975,1975,1975,1975,0
2022-04-01 10:41:00,1975,1975,1975,1975,0
2022-04-01 10:42:00,1975,1975,1975,1975,0
2022-04-01 10:43:00,1975,1975,1975,1975,0
2022-04-01 10:44:00,1975,1975,1975,1975,0
2022-04-01 10:45:00,1975,1975,1975,1975,0
2022-04-01 10:46:00,1975,1975,1975,1975,0
2022-04-01 10:47:00,1975,1975,1975,1975,0
2022-04-01 10:48:00,1975,1975,1975,1975,0
2022-04-01 10:49:00,1975,1975,1975,1975,0
2022-04-01 10:50:00,1975,1975,1975,1975,0
2022-04-01 10:51:00,1975,1975,1975,1975,0
2022-04-01 10:52:00,1975,1975,1975,1975,0
2022-04-01 10:53:00,1975,1975,1975,1975,0
2022-04-01 10:54:00,1975,1975,1975,1975,0
2022-04-01 10:55:00,1975,1975,1975,1975,0
2022-04-01 10:56:00,1975,1975,1975,1975,0
2022-04-01 10:57:00,1975,1975,1975,1975,0
2022-04-01 10:58:00,1975,1975,1975,1975,0
2022-04-01 10:59:00,1975,1975,1975,1975,0
2022-04-01 11:00:00,1975,1975,1975,1975,0
2022-04-01 11:01:00,1975,1975,1975,1975,0
2022-04-01 11:02:00,1975,1975,1975,1975,0
2022-04-01 11:03:00,1975,1975,1975,1975,0
2022-04-01 11:04:00,1975,1975,1975,1975,0
2022-04-01 11:05:00,1975,1975,1975,1975,0
2022-04-01 11:06:00,1975,1975,1975,1975,0
2022-04-01 11:07:00,1975,1975,1975,1975,0
2022-04-01 11:08:00,1975,1975,1975,1975,0
2022-04-01 11:09:00,1975,1975,1975,1975,0
2022-04-01 11:10:00,1975,1975,1975,1975,0
2022-04-01 11:11:00,1975,1975,1975,1975,0
2022-04-01 11:12:00,1975,1975,1975,1975,0
2022-04-01 11:13:00,1975,1975,1975,1975,0
2022-04-01 11:14:00,1975,1975,1975,1975,0
2022-04-01 11:15:00,1975,1975,1975,1975,0
2022-04-01 11:16:00,1975,1975,1975,1975,0
2022-04-01 11:17:00,1975,1975,1975,1975,0
2022-04-01 11:18:00,1975,1975,1975,1975,0
2022-04-01 11:19:00,1975,1975,1975,1975,0
2022-04-01 11:20:00,1975,1975,1975,1975,0
2022-04-01 11:21:00,1975,1975,1975,1975,0
2022-04-01 11:22:00,1975,1975,1975,1975,0
2022-04-01 11:23:00,1975,1975,1975,1975,0
2022-04-01 11:24:00,1975,1975,1975,1975,0
2022-04-01 11:25:00,1975,1975,1975,1975,0
2022-04-01 11:26:00,1975,1975,1975,1975,0
2022-04-01 11:27:00,1975,1975,1975,1975,0
2022-04-01 11:28:00,1975,1975,1975,1975,0
2022-04-01 11:29:00,1975,1975,1975,1975,0
2022-04-01 11:30:00,1975,1975,1975,1975,0
2022-04-01 11:31:00,1975,1975,1975,1975,0
2022-04-01 11:32:00,1975,1975,1975,1975,0
2022-04-01 11:33:00,1975,1975,1975,1975,0
2022-04-01 11:34:00,1975,1975,1975,1975,0
2022-04-01 11:35:00,1975,1975,1975,1975,0
2022-04-01 11:36:00,1975,1975,1975,1975,0
2022-04-01 11:37:00,1975,1975,1975,1975,0
2022-04-01 11:38:00,1975,1975,1975,1975,0
2022-04-01 11:39:00,1975,1975,1975,1975,0
2022-04-01 11:40:00,1975,1975,1975,1975,0
2022-04-01 11:41:00,1975,1975,1975,1975,0
2022-04-01 11:42:00,1975,1975,1975,1975,0
2022-04-01 11:43:00,1975,1975,1975,1975,0
2022-04-01 11:44:00,1975,1975,1975,1975,0
2022-04-01 11:45:00,1975,1975,1975,1975,0
2022-04-01 11:46:00,1975,1975,1975,1975,0
2022-04-01 11:47:00,1975,1975,1975,1975,0
2022-04-01 11:48:00,1975,1975,1975,1975,0
2022-04-01 11:49:00,1975,1975,1975,1975,0
2022-04-01 11:50:00,1975,1975,1975,1975,0
2022-04-01 11:51:00,1975,1975,1975,1975,0
2022-04-01 11:52:00,1975,1975,1975,1975,0
2022-04-01 11:53:00,1975,1975,1975,1975,0
2022-04-01 11:54:00,1975,1975,1975,1975,0
2022-04-01 11:55:00,1975,1975,1975,1975,0
2022-04-01 11:56:00,1975,1975,1975,1975,0
2022-04-01 11:57:00,1975,1975,1975,1975,0
2022-04-01 11:58:00,1975,1975,1975,1975,0
2022-04-01 11:59:00,1975,1975,1975,1975,0
2022-04-01 12:00:00,1975,1975,1975,1975,0
2022-04-01 12:01:00,1975,1975,1975,1975,0
2022-04-01 12:02:00,1975,1975,1975,1975,0
2022-04-01 12:03:00,1975,1975,1975,1975,0
2022-04-01 12:04:00,1975,1975,1975,1975,0
2022-04-01 12:05:00,1975,1975,1975,1975,0
2022-04-01 12:06:00,1975,1975,1975,1975,0
2022-04-01 12:07:00,1975,1975,1975,1975,0
2022-04-01 12:08:00,1975,1975,1975,1975,0
2022-04-01 12:09:00,1975,1975,1975,1975,0
2022-04-01 12:10:00,1975,1975,1975,1975,0
2022-04-01 12:11:00,1975,1975,1975,1975,0
2022-04-01 12:12:00,1975,1975,1975,1975,0
2022-04-01 12:13:00,1975,1975,1975,1975,0
2022-04-01 12:14:00,1975,1975,1975,1975,0
2022-04-01 12:15:00,1975,1975,1975,1975,0
2022-04-01 12:16:00,1975,1975,1975,1975,0
2022-04-01 12:17:00,1975,1975,1975,1975,0
2022-04-01 12:18:00,1975,1975,1975,1975,0
2022-04-01 12:19:00,1975,1975,1975,1975,0
2022-04-01 12:20:00,1975,1975,1975,1975,0
2022-04-01 12:21:00,1975,1975,1975,1975,0
2022-04-01 12:22:00,1975,1975,1975,1975,0
2022-04-01 12:23:00,1975,1975,1975,1975,0
2022-04-01 12:24:00,1975,1975,1975,1975,0
2022-04-01 12:25:00,1975,1975,1975,1975,0
2022-04-01 12:26:00,1975,1975,1975,1975,0
2022-04-01 12:27:00,1975,1975,1975,1975,0
2022-04-01 12:28:00,1975,1975,1975,1975,0
2022-04-01 12:29:00,1975,1975,1975,1975,0
2022-04-01 12:30:00,1975,1975,1975,1975,0
2022-04-01 12:31:00,1975,1975,1975,1975,0
2022-04-01 12:32:00,1975,1975,1975,1975,0
2022-04-01 12:33:00,1975,1975,1975,1975,0
2022-04-01 12:34:00,1975,1975,1975,1975,0
2022-04-01 12:35:00,1975,1975,1975,1975,0
2022-04-01 12:36:00,1975,1975,1975,1975,0
2022-04-01 12:37:00,1975,1975,1975,1975,0
2022-04-01 12:38:00,1975,1975,1975,1975,0
2022-04-01 12:39:00,1975,1975,1975,1975,0
2022-04-01 12:40:00,1975,1975,1975,1975,0
2022-04-01 12:41:00,1975,1975,1975,1975,0
2022-04-01 12:42:00,1975,1975,1975,1975,0
2022-04-01 12:43:00,1975,1975,1975,1975,0
2022-04-01 12:44:00,1975,1975,1975,1975,0
2022-04-01 12:45:00,1975,1975,1975,1975,0
2022-04-01 12:46:00,1975,1975,1975,1975,0
2022-04-01 12:47:00,1975,1975,1975,1975,0
2022-04-01 12:48:00,1975,1975,1975,1975,0
2022-04-01 12:49:00,1975,1975,1975,1975,0
2022-04-01 12:50:00,1975,1975,1975,1975,0
2022-04-01 12:51:00,1975,1975,1975,1975,0
2022-04-01 12:52:00,1975,1975,1975,1975,0
2022-04-01 12:53:00,1975,1975,1975,1975,0
2022-04-01 12:54:00,1975,1975,1975,1975,0
2022-04-01 12:55:00,1975,1975,1975,1975,0
2022-04-01 12:56:00,1975,1975,1975,1975,0
2022-04-01 12:57:00,1975,1975,1975,1975,0
2022-04-01 12:58:00,1975,1975,1975,1975,0
2022-04-01 12:59:00,1975,1975,1975,1975,0
2022-04-01 13:00:00,1975,1975,1975,1975,0
2022-04-01 13:01:00,1975,1975,1975,1975,0
2022-04-01 13:02:00,1975,1975,1975,1975,0
2022-04-01 13:03:00,1975,1975,1975,1975,0
2022-04-01 13:04:00,1975,1975,1975,1975,0
2022-04-01 13:05:00,1975,1975,1975,1975,0
2022-04-01 13:06:00,1975,1975,1975,1975,0
2022-04-01 13:07:00,1975,1975,1975,1975,0
2022-04-01 13:08:00,1975,1975,1975,1975,0
2022-04-01 13:09:00,1975,1975,1975,1975,0
2022-04-01 13:10:00,1975,1975,1975,1975,0
2022-04-01 13:11:00,1975,1975,1975,1975,0
2022-04-01 13:12:00,1975,1975,1975,1975,0
2022-04-01 13:13:00,1975,1975,1975,1975,0
2022-04-01 13:14:00,1975,1975,1975,1975,0
2022-04-01 13:15:00,1975,1975,1975,1975,0
2022-04-01 13:16:00,1975,1975,1975,1975,0
2022-04-01 13:17:00,1975,1975,1975,1975,0
2022-04-01 13:18:00,1975,1975,1975,1975,0
2022-04-01 13:19:00,1975,1975,1975,1975,0
2022-04-01 13:20:00,1975,1975,1975,1975,0
2022-04-01 13:21:00,1975,1975,1975,1975,0
2022-04-01 13:22:00,1975,1975,1975,1975,0
2022-04-01 13:23:00,1975,1975,1975,1975,0
2022-04-01 13:24:00,1975,1975,1975,1975,0
2022-04-01 13:25:00,1975,1975,1975,1975,0
2022-04-01 13:26:00,1975,1975,1975,1975,0
2022-04-01 13:27:00,1975,1975,1975,1975,0
2022-04-01 13:28:00,1975,1975,1975,1975,0
2022-04-01 13:29:00,1975,1975,1975,1975,0
2022-04-01 13:30:00,1975,1975,1975,1975,0
2022-04-01 13:31:00,1975,1975,1975,1975,0
2022-04-01 13:32:00,1975,1975,1975,1975,0
2022-04-01 13:33:00,1975,1975,1975,1975,0
2022-04-01 13:34:00,1975,1975,1975,1975,0
2022-04-01 13:35:00,1975,1975,1975,1975,0
2022-04-01 13:36:00,1975,1975,1975,1975,0
2022-04-01 13:37:00,1975,1975,1975,1975,0
2022-04-01 13:38:00,1975,1975,1975,1975,0
2022-04-01 13:39:00,1975,1975,1975,1975,0
2022-04-01 13:40:00,1975,1975,1975,1975,0
2022-04-01 13:41:00,1975,1975,1975,1975,0
2022-04-01 13:42:00,1975,1975,1975,1975,0
2022-04-01 13:43:00,1975,1975,1975,1975,0
2022-04-01 13:44:00,1975,1975,1975,1975,0
2022-04-01 13:45:00,1975,1975,1975,1975,0
2022-04-01 13:46:00,1975,1975,1975,1975,0
2022-04-01 13:47:00,1975,1975,1975,1975,0
2022-04-01 13:48:00,1975,1975,1975,1975,0
2022-04-01 13:49:00,1975,1975,1975,1975,0
2022-04-01 13:50:00,1975,1975,1975,1975,0
2022-04-01 13:51:00,1975,1975,1975,1975,0
2022-04-01 13:52:00,1975,1975,1975,1975,0
2022-04-01 13:53:00,1975,1975,1975,1975,0
2022-04-01 13:54:00,1975,1975,1975,1975,0
2022-04-01 13:55:00,1975,1975,1975,1975,0
2022-04-01 13:56:00,1975,1975,1975,1975,0
2022-04-01 13:57:00,1975,1975,1975,1975,0
2022-04-01 13:58:00,1975,1975,1975,1975,0
2022-04-01 13:59:00,1975,1975,1975,1975,0
2022-04-01 14:00:00,1975,1975,1975,1975,0
2022-04-01 14:01:00,1975,1975,1975,1975,0
2022-04-01 14:02:00,1975,1975,1975,1975,0
2022-04-01 14:03:00,1975,1975,1975,1975,0
2022-04-01 14:04:00,1975,1975,1975,1975,0
2022-04-01 14:05:00,1975,1975,1975,1975,0
2022-04-01 14:06:00,1975,1975,1975,1975,0
2022-04-01 14:07:00,1975,1975,1975,1975,0
2022-04-01 14:08:00,1975,1975,1975,1975,0
2022-04-01 14:09:00,1975,1975,1975,1975,0
2022-04-01 14:10:00,1975,1975,1975,1975,0
2022-04-01 14:11:00,1975,1975,1975,1975,0
2022-04-01 14:12:00,1975,1975,1975,1975,0
2022-04-01 14:13:00,1975,1975,1975,1975,0
2022-04-01 14:14:00,1975,1975,1975,1975,0
2022-04-01 14:15:00,1975,1975,1975,1975,0
2022-04-01 14:16:00,1975,1975,1975,1975,0
2022-04-01 14:17:00,1975,1975,1975,1975,0
2022-04-01 14:18:00,1975,1975,1975,1975,0
2022-04-01 14:19:00,1975,1975,1975,1975,0
2022-04-01 14:20:00,1975,1975,1975,1975,0
2022-04-01 14:21:00,1975,1975,1975,1975,0
2022-04-01 14:22:00,1975,1975,1975,1975,0
2022-04-01 14:23:00,1975,1975,1975,1975,0
2022-04-01 14:24:00,1975,1975,1975,1975,0
2022-04-01 14:25:00,1975,1975,1975,1975,0
2022-04-01 14:26:00,1975,1975,1975,1975,0
2022-04-01 14:27:00,1975,1975,1975,1975,0
2022-04-01 14:28:00,1975,1975,1975,1975,0
2022-04-01 14:29:00,1975,1975,1975,1975,0
2022-04-01 14:30:00,1975,1975,1975,1975,0
2022-04-01 14:31:00,1975,1975,1975,1975,0
2022-04-01 14:32:00,1975,1975,1975,1975,0
2022-04-01 14:33:00,1975,1975,1975,1975,0
2022-04-01 14:34:00,1975,1975,1975,1975,0
2022-04-01 14:35:00,1975,1975,1975,1975,0
2022-04-01 14:36:00,1975,1975,1975,1975,0
2022-04-01 14:37:00,1975,1975,1975,1975,0
2022-04-01 14:38:00,1975,1975,1975,1975,0
2022-04-01 14:39:00,1975,1975,1975,1975,0
2022-04-01 14:40:00,1975,1975,1975,1975,0
2022-04-01 14:41:00,1975,1975,1975,1975,0
2022-04-01 14:42:00,1975,1975,1975,1975,0
2022-04-01 14:43:00,1975,1975,1975,1975,0
2022-04-01 14:44:00,1975,1975,1975,1975,0
2022-04-01 14:45:00,1975,1975,1975,1975,0
2022-04-01 14:46:00,1975,1975,1975,1975,0
2022-04-01 14:47:00,1975,1975,1975,1975,0
2022-04-01 14:48:00,1975,1975,1975,1975,0
2022-04-01 14:49:00,1975,1975,1975,1975,0
2022-04-01 14:50:00,1975,1975,1975,1975,0
2022-04-01 14:51:00,1975,1975,1975,1975,0
2022-04-01 14:52:00,1975,1975,1975,1975,0
2022-04-01 14:53:00,1975,1975,1975,1975,0
2022-04-01 14:54:00,1975,1975,1975,1975,0
2022-04-01 14:55:00,1975,1975,1975,1975,0
2022-04-01 14:56:00,1975,1975,1975,1975,0
2022-04-01 14:57:00,1975,1975,1975,1975,0
2022-04-01 14:58:00,1975,1975,1975,1975,0
2022-04-01 14:59:00,1975,1975,1975,1975,0
2022-04-01 15:00:00,1975,1975,1975,1975,0
2022-04-01 15:01:00,1975,1975,1975,1975,0
2022-04-01 15:02:00,1975,1975,1975,1975,0
2022-04-01 15:03:00,1975,1975,1975,1975,0
2022-04-01 15:04:00,1975,1975,1975,1975,0
2022-04-01 15:05:00,1975,1975,1975,1975,0
2022-04-01 15:06:00,1975,1975,1975,1975,0
2022-04-01 15:07:00,1975,1975,1975,1975,0
2022-04-01 15:08:00,1975,1975,1975,1975,0
2022-04-01 15:09:00,1975,1975,1975,1975,0
2022-04-01 15:10:00,1975,1975,1975,1975,0
2022-04-01 15:11:00,1975,1975,1975,1975,0
2022-04-01 15:12:00,1975,1975,1975,1975,0
2022-04-01 15:13:00,1975,1975,1975,1975,0
2022-04-01 15:14:00,1975,1975,1975,1975,0
2022-04-01 15:15:00,1975,1975,1975,1975,0
2022-04-01 15:16:00,1975,1975,1975,1975,0
2022-04-01 15:17:00,1975,1975,1975,1975,0
2022-04-01 15:18:00,1975,1975,1975,1975,0
2022-04-01 15:19:00,1975,1975,1975,1975,0
2022-04-01 15:20:00,1975,1975,1975,1975,0
2022-04-01 15:21:00,1975,1975,1975,1975,0
2022-04-01 15:22:00,1975,1975,1975,1975,0
2022-04-01 15:23:00,1975,1975,1975,1975,0
2022-04-01 15:24:00,1975,1975,1975,1975,0
2022-04-01 15:25:00,1975,1975,1975,1975,0
2022-04-01 15:26:00,1975,1975,1975,1975,0
2022-04-01 15:27:00,1975,1975,1975,1975,0
2022-04-01 15:28:00,1975,1975,1975,1975,0
2022-04-01 15:29:00,1975,1975,1975,1975,0
2022-04-01 15:30:00,1975,1975,1975,1975,0
2022-04-01 15:31:00,1975,1975,1975,1975,0
2022-04-01 15:32:00,1975,1975,1975,1975,0
2022-04-01 15:33:00,1975,1975,1975,1975,0
2022-04-01 15:34:00,1975,1975,1975,1975,0
2022-04-01 15:35:00,1975,1975,1975,1975,0
2022-04-01 15:36:00,1975,1975,1975,1975,0
2022-04-01 15:37:00,1975,1975,1975,1975,0
2022-04-01 15:38:00,1975,1975,1975,1975,0
2022-04-01 15:39:00,1975,1975,1975,1975,0
2022-04-01 15:40:00,1975,1975,1975,1975,0
2022-04-01 15:41:00,1975,1975,1975,1975,0
2022-04-01 15:42:00,1975,1975,1975,1975,0
2022-04-01 15:43:00,1975,1975,1975,1975,0
2022-04-01 15:44:00,1975,1975,1975,1975,0
2022-04-01 15:45:00,1975,1975,1975,1975,0
2022-04-01 15:46:00,1975,1975,1975,1975,0
2022-04-01 15:47:00,1975,1975,1975,1975,0
2022-04-01 15:48:00,1975,1975,1975,1975,0
2022-04-01 15:49:00,1975,1975,1975,1975,0
2022-04-01 15:50:00,1975,1975,1975,1975,0
2022-04-01 15:51:00,1975,1975,1975,1975,0
2022-04-01 15:52:00,1975,1975,1975,1975,0
2022-04-01 15:53:00,1975,1975,1975,1975,0
2022-04-01 15:54:00,1975,1975,1975,1975,0
2022-04-01 15:55:00,1975,1975,1975,1975,0
2022-04-01 15:56:00,1975,1975,1975,1975,0
2022-04-01 15:57:00,1975,1975,1975,1975,0
2022-04-01 15:58:00,1975,1975,1975,1975,0
2022-04-01 15:59:00,1975,1975,1975,1975,0
2022-04-04 09:00:00,1900,1900,1900,1900,0
2022-04-04 09:01:00,1900,1900,1900,1900,0
2022-04-04 09:02:00,1900,1900,1900,1900,0
2022-04-04 09:03:00,1900,1900,1900,1900,0
2022-04-04 09:04:00,1900,1900,1900,1900,0
2022-04-04 09:05:00,1900,1900,1900,1900,0
2022-04-04 09:06:00,1900,1900,1900,1900,0
2022-04-04 09:07:00,1900,1900,1900,1900,0
2022-04-04 09:08:00,1900,1900,1900,1900,0
2022-04-04 09:09:00,1900,1900,1900,1900,0
2022-04-04 09:10:00,1900,1900,1900,1900,0
2022-04-04 09:11:00,1900,1900,1900,1900,0
2022-04-04 09:12:00,1900,1900,1900,1900,0
2022-04-04 09:13:00,1900,1900,1900,1900,0
2022-04-04 09:14:00,1900,1900,1900,1900,0
2022-04-04 09:15:00,1900,1900,1900,1900,0
2022-04-04 09:16:00,1900,1900,1900,1900,0
2022-04-04 09:17:00,1900,1900,1900,1900,0
2022-04-04 09:18:00,1900,1900,1900,1900,0
2022-04-04 09:19:00,1900,1900,1900,1900,0
2022-04-04 09:20:00,1900,1900,1900,1900,0
2022-04-04 09:21:00,1900,1900,1900,1900,0
2022-04-04 09:22:00,1900,1900,1900,1900,0
2022-04-04 09:23:00,1900,1900,1900,1900,0
2022-04-04 09:24:00,1900,1900,1900,1900,0
2022-04-04 09:25:00,1900,1900,1900,1900,0
2022-04-04 09:26:00,1900,1900,1900,1900,0
2022-04-04 09:27:00,1900,1900,1900,1900,0
2022-04-04 09:28:00,1900,1900,1900,1900,0
2022-04-04 09:29:00,1900,1900,1900,1900,0
2022-04-04 09:30:00,1900,1900,1900,1900,0
2022-04-04 09:31:00,1900,1900,1900,1900,0
2022-04-04 09:32:00,1900,1900,1900,1900,0
2022-04-04 09:33:00,1900,1900,1900,1900,0
2022-04-04 09:34:00,1900,1900,1900,1900,0
2022-04-04 09:35:00,1900,1900,1900,1900,0
2022-04-04 09:36:00,1900,1900,1900,1900,0
2022-04-04 09:37:00,1900,1900,1900,1900,0
2022-04-04 09:38:00,1900,1900,1900,1900,0
2022-04-04 09:39:00,1900,1900,1900,1900,0
2022-04-04 09:40:00,1900,1900,1900,1900,0
2022-04-04 09:41:00,1900,1900,1900,1900,0
2022-04-04 09:42:00,1900,1900,1900,1900,0
2022-04-04 09:43:00,1900,1900,1900,1900,0
2022-04-04 09:44:00,1900,1900,1900,1900,0
2022-04-04 09:45:00,1900,1900,1900,1900,0
2022-04-04 09:46:00,1900,1900,1900,1900,0
2022-04-04 09:47:00,1900,1900,1900,1900,0
2022-04-04 09:48:00,1900,1900,1900,1900,0
2022-04-04 09:49:00,1900,1900,1900,1900,0
2022-04-04 09:50:00,1900,1900,1900,1900,0
2022-04-04 09:51:00,1900,1900,1900,1900,0
2022-04-04 09:52:00,1900,1900,1900,1900,0
2022-04-04 09:53:00,1900,1900,1900,1900,0
2022-04-04 09:54:00,1900,1900,1900,1900,0
2022-04-04 09:55:00,1900,1900,1900,1900,0
2022-04-04 09:56:00,1900,1900,1900,1900,0
2022-04-04 09:57:00,1900,1900,1900,1900,0
2022-04-04 09:58:00,1900,1900,1900,1900,0
2022-04-04 09:59:00,1900,1900,1900,1900,0
2022-04-04 10:00:00,1900,1900,1900,1900,0
2022-04-04 10:01:00,1900,1900,1900,1900,0
2022-04-04 10:02:00,1900,1900,1900,1900,0
2022-04-04 10:03:00,1900,1900,1900,1900,0
2022-04-04 10:04:00,1900,1900,1900,1900,0
2022-04-04 10:05:00,1900,1900,1900,1900,0
2022-04-04 10:06:00,1900,1900,1900,1900,0
2022-04-04 10:07:00,1900,1900,1900,1900,0
2022-04-04 10:08:00,1900,1900,1900,1900,0
2022-04-04 10:09:00,1900,1900,1900,1900,0
2022-04-04 10:10:00,1900,1900,1900,1900,0
2022-04-04 10:11:00,1900,1900,1900,1900,0
2022-04-04 10:12:00,1900,1900,1900,1900,0
2022-04-04 10:13:00,1900,1900,1900,1900,0
2022-04-04 10:14:00,1900,1900,1900,1900,0
2022-04-04 10:15:00,1900,1900,1900,1900,0
2022-04-04 10:16:00,1900,1900,1900,1900,0
2022-04-04 10:17:00,1900,1900,1900,1900,0
2022-04-04 10:18:00,1900,1900,1900,1900,0
2022-04-04 10:19:00,1900,1900,1900,1900,0
2022-04-04 10:20:00,1900,1900,1900,1900,0
2022-04-04 10:21:00,1900,1900,1900,1900,0
2022-04-04 10:22:00,1900,1900,1900,1900,0
2022-04-04 10:23:00,1900,1900,1900,1900,0
2022-04-04 10:24:00,1900,1900,1900,1900,0
2022-04-04 10:25:00,1900,1900,1900,1900,0
2022-04-04 10:26:00,1900,1900,1900,1900,0
2022-04-04 10:27:00,1900,1900,1900,1900,0
2022-04-04 10:28:00,1900,1900,1900,1900,0
2022-04-04 10:29:00,1900,1900,1900,1900,0
2022-04-04 10:30:00,1900,1900,1900,1900,0
2022-04-04 10:31:00,1900,1900,1900,1900,0
2022-04-04 10:32:00,1900,1900,1900,1900,0
2022-04-04 10:33:00,1900,1900,1900,1900,0
2022-04-04 10:34:00,1900,1900,1900,1900,0
2022-04-04 10:35:00,1900,1900,1900,1900,0
2022-04-04 10:36:00,1900,1900,1900,1900,0
2022-04-04 10:37:00,1900,1900,1900,1900,0
2022-04-04 10:38:00,1900,1900,1900,1900,0
2022-04-04 10:39:00,1900,1900,1900,1900,0
2022-04-04 10:40:00,1900,1900,1900,1900,0
2022-04-04 10:41:00,1900,1900,1900,1900,0
2022-04-04 10:42:00,1900,1900,1900,1900,0
2022-04-04 10:43:00,1900,1900,1900,1900,0
2022-04-04 10:44:00,1900,1900,1900,1900,0
2022-04-04 10:45:00,1900,1900,1900,1900,0
2022-04-04 10:46:00,1900,1900,1900,1900,0
2022-04-04 10:47:00,1900,1900,1900,1900,0
2022-04-04 10:48:00,1900,1900,1900,1900,0
2022-04-04 10:49:00,1900,1900,1900,1900,0
2022-04-04 10:50:00,1900,1900,1900,1900,0
2022-04-04 10:51:00,1900,1900,1900,1900,0
2022-04-04 10:52:00,1900,1900,1900,1900,0
2022-04-04 10:53:00,1900,1900,1900,1900,0
2022-04-04 10:54:00,1900,1900,1900,1900,0
2022-04-04 10:55:00,1900,1900,1900,1900,0
2022-04-04 10:56:00,1900,1900,1900,1900,0
2022-04-04 10:57:00,1900,1900,1900,1900,0
2022-04-04 10:58:00,1900,1900,1900,1900,0
2022-04-04 10:59:00,1900,1900,1900,1900,0
2022-04-04 11:00:00,1900,1900,1900,1900,0
2022-04-04 11:01:00,1900,1900,1900,1900,0
2022-04-04 11:02:00,1900,1900,1900,1900,0
2022-04-04 11:03:00,1900,1900,1900,1900,0
2022-04-04 11:04:00,1900,1900,1900,1900,0
2022-04-04 11:05:00,1900,1900,1900,1900,0
2022-04-04 11:06:00,1900,1900,1900,1900,0
2022-04-04 11:07:00,1900,1900,1900,1900,0
2022-04-04 11:08:00,1900,1900,1900,1900,0
2022-04-04 11:09:00,1900,1900,1900,1900,0
2022-04-04 11:10:00,1900,1900,1900,1900,0
2022-04-04 11:11:00,1900,1900,1900,1900,0
2022-04-04 11:12:00,1900,1900,1900,1900,0
2022-04-04 11:13:00,1900,1900,1900,1900,0
2022-04-04 11:14:00,1900,1900,1900,1900,0
2022-04-04 11:15:00,1900,1900,1900,1900,0
2022-04-04 11:16:00,1900,1900,1900,1900,0
2022-04-04 11:17:00,1900,1900,1900,1900,0
2022-04-04 11:18:00,1900,1900,1900,1900,0
2022-04-04 11:19:00,1900,1900,1900,1900,0
2022-04-04 11:20:00,1900,1900,1900,1900,0
2022-04-04 11:21:00,1900,1900,1900,1900,0
2022-04-04 11:22:00,1900,1900,1900,1900,0
2022-04-04 11:23:00,1900,1900,1900,1900,0
2022-04-04 11:24:00,1900,1900,1900,1900,0
2022-04-04 11:25:00,1900,1900,1900,1900,0
2022-04-04 11:26:00,1900,1900,1900,1900,0
2022-04-04 11:27:00,1900,1900,1900,1900,0
2022-04-04 11:28:00,1900,1900,1900,1900,0
2022-04-04 11:29:00,1900,1900,1900,1900,0
2022-04-04 11:30:00,1900,1900,1900,1900,0
2022-04-04 11:31:00,1900,1900,1900,1900,0
2022-04-04 11:32:00,1900,1900,1900,1900,0
2022-04-04 11:33:00,1900,1900,1900,1900,0
2022-04-04 11:34:00,1900,1900,1900,1900,0
2022-04-04 11:35:00,1900,1900,1900,1900,0
2022-04-04 11:36:00,1900,1900,1900,1900,0
2022-04-04 11:37:00,1900,1900,1900,1900,0
2022-04-04 11:38:00,1900,1900,1900,1900,0
2022-04-04 11:39:00,1900,1900,1900,1900,0
2022-04-04 11:40:00,1900,1900,1900,1900,0
2022-04-04 11:41:00,1900,1900,1900,1900,0
2022-04-04 11:42:00,1900,1900,1900,1900,0
2022-04-04 11:43:00,1900,1900,1900,1900,0
2022-04-04 11:44:00,1900,1900,1900,1900,0
2022-04-04 11:45:00,1900,1900,1900,1900,0
2022-04-04 11:46:00,1900,1900,1900,1900,0
2022-04-04 11:47:00,1900,1900,1900,1900,0
2022-04-04 11:48:00,1900,1900,1900,1900,0
2022-04-04 11:49:00,1900,1900,1900,1900,0
2022-04-04 11:50:00,1900,1900,1900,1900,0
2022-04-04 11:51:00,1900,1900,1900,1900,0
2022-04-04 11:52:00,1900,1900,1900,1900,0
2022-04-04 11:53:00,1900,1900,1900,1900,0
2022-04-04 11:54:00,1900,1900,1900,1900,0
2022-04-04 11:55:00,1900,1900,1900,1900,0
2022-04-04 11:56:00,1900,1900,1900,1900,0
2022-04-04 11:57:00,1900,1900,1900,1900,0
2022-04-04 11:58:00,1900,1900,1900,1900,0
2022-04-04 11:59:00,1900,1900,1900,1900,0
2022-04-04 12:00:00,1900,1900,1900,1900,0
2022-04-04 12:01:00,1900,1900,1900,1900,0
2022-04-04 12:02:00,1900,1900,1900,1900,0
2022-04-04 12:03:00,1900,1900,1900,1900,0
2022-04-04 12:04:00,1900,1900,1900,1900,0
2022-04-04 12:05:00,1900,1900,1900,1900,0
2022-04-04 12:06:00,1900,1900,1900,1900,0
2022-04-04 12:07:00,1900,1900,1900,1900,0
2022-04-04 12:08:00,1900,1900,1900,1900,0
2022-04-04 12:09:00,1900,1900,1900,1900,0
2022-04-04 12:10:00,1900,1900,1900,1900,0
2022-04-04 12:11:00,1900,1900,1900,1900,0
2022-04-04 12:12:00,1900,1900,1900,1900,0
2022-04-04 12:13:00,1900,1900,1900,1900,0
2022-04-04 12:14:00,1900,1900,1900,1900,0
2022-04-04 12:15:00,1900,1900,1900,1900,0
2022-04-04 12:16:00,1900,1900,1900,1900,0
2022-04-04 12:17:00,1900,1900,1900,1900,0
2022-04-04 12:18:00,1900,1900,1900,1900,0
2022-04-04 12:19:00,1900,1900,1900,1900,0
2022-04-04 12:20:00,1900,1900,1900,1900,0
2022-04-04 12:21:00,1900,1900,1900,1900,0
2022-04-04 12:22:00,1900,1900,1900,1900,0
2022-04-04 12:23:00,1900,1900,1900,1900,0
2022-04-04 12:24:00,1900,1900,1900,1900,0
2022-04-04 12:25:00,1900,1900,1900,1900,0
2022-04-04 12:26:00,1900,1900,1900,1900,0
2022-04-04 12:27:00,1900,1900,1900,1900,0
2022-04-04 12:28:00,1900,1900,1900,1900,0
2022-04-04 12:29:00,1900,1900,1900,1900,0
2022-04-04 12:30:00,1900,1900,1900,1900,0
2022-04-04 12:31:00,1900,1900,1900,1900,0
2022-04-04 12:32:00,1900,1900,1900,1900,0
2022-04-04 12:33:00,1900,1900,1900,1900,0
2022-04-04 12:34:00,1900,1900,1900,1900,0
2022-04-04 12:35:00,1900,1900,1900,1900,0
2022-04-04 12:36:00,1900,1900,1900,1900,0
2022-04-04 12:37:00,1900,1900,1900,1900,0
2022-04-04 12:38:00,1900,1900,1900,1900,0
2022-04-04 12:39:00,1900,1900,1900,1900,0
2022-04-04 12:40:00,1900,1900,1900,1900,0
2022-04-04 12:41:00,1900,1900,1900,1900,0
2022-04-04 12:42:00,1900,1900,1900,1900,0
2022-04-04 12:43:00,1900,1900,1900,1900,0
2022-04-04 12:44:00,1900,1900,1900,1900,0
2022-04-04 12:45:00,1900,1900,1900,1900,0
2022-04-04 12:46:00,1900,1900,1900,1900,0
2022-04-04 12:47:00,1900,1900,1900,1900,0
2022-04-04 12:48:00,1900,1900,1900,1900,0
2022-04-04 12:49:00,1900,1900,1900,1900,0
2022-04-04 12:50:00,1900,1900,1900,1900,0
2022-04-04 12:51:00,1900,1900,1900,1900,0
2022-04-04 12:52:00,1900,1900,1900,1900,0
2022-04-04 12:53:00,1900,1900,1900,1900,0
2022-04-04 12:54:00,1900,1900,1900,1900,0
2022-04-04 12:55:00,1900,1900,1900,1900,0
2022-04-04 12:56:00,1900,1900,1900,1900,0
2022-04-04 12:57:00,1900,1900,1900,1900,0
2022-04-04 12:58:00,1900,1900,1900,1900,0
2022-04-04 12:59:00,1900,1900,1900,1900,0
2022-04-04 13:00:00,1900,1900,1900,1900,0
2022-04-04 13:01:00,1900,1900,1900,1900,0
2022-04-04 13:02:00,1900,1900,1900,1900,0
2022-04-04 13:03:00,1900,1900,1900,1900,0
2022-04-04 13:04:00,1900,1900,1900,1900,0
2022-04-04 13:05:00,1900,1900,1900,1900,0
2022-04-04 13:06:00,1900,1900,1900,1900,0
2022-04-04 13:07:00,1900,1900,1900,1900,0
2022-04-04 13:08:00,1900,1900,1900,1900,0
2022-04-04 13:09:00,1900,1900,1900,1900,0
2022-04-04 13:10:00,1900,1900,1900,1900,0
2022-04-04 13:11:00,1900,1900,1900,1900,0
2022-04-04 13:12:00,1900,1900,1900,1900,0
2022-04-04 13:13:00,1900,1900,1900,1900,0
2022-04-04 13:14:00,1900,1900,1900,1900,0
2022-04-04 13:15:00,1900,1900,1900,1900,0
2022-04-04 13:16:00,1900,1900,1900,1900,0
2022-04-04 13:17:00,1900,1900,1900,1900,0
2022-04-04 13:18:00,1900,1900,1900,1900,0
2022-04-04 13:19:00,1900,1900,1900,1900,0
2022-04-04 13:20:00,1900,1900,1900,1900,0
2022-04-04 13:21:00,1900,1900,1900,1900,0
2022-04-04 13:22:00,1900,1900,1900,1900,0
2022-04-04 13:23:00,1900,1900,1900,1900,0
2022-04-04 13:24:00,1900,1900,1900,1900,0
2022-04-04 13:25:00,1900,1900,1900,1900,0
2022-04-04 13:26:00,1900,1900,1900,1900,0
2022-04-04 13:27:00,1900,1900,1900,1900,0
2022-04-04 13:28:00,1900,1900,1900,1900,0
2022-04-04 13:29:00,1900,1900,1900,1900,0
2022-04-04 13:30:00,1900,1900,1900,1900,0
2022-04-04 13:31:00,1900,1900,1900,1900,0
2022-04-04 13:32:00,1900,1900,1900,1900,0
2022-04-04 13:33:00,1900,1900,1900,1900,0
2022-04-04 13:34:00,1900,1900,1900,1900,0
2022-04-04 13:35:00,1900,1900,1900,1900,0
2022-04-04 13:36:00,1900,1900,1900,1900,0
2022-04-04 13:37:00,1900,1900,1900,1900,0
2022-04-04 13:38:00,1900,1900,1900,1900,0
2022-04-04 13:39:00,1900,1900,1900,1900,0
2022-04-04 13:40:00,1900,1900,1900,1900,0
2022-04-04 13:41:00,1900,1900,1900,1900,0
2022-04-04 13:42:00,1900,1900,1900,1900,0
2022-04-04 13:43:00,1900,1900,1900,1900,0
2022-04-04 13:44:00,1900,1900,1900,1900,0
2022-04-04 13:45:00,1900,1900,1900,1900,0
2022-04-04 13:46:00,1900,1900,1900,1900,0
2022-04-04 13:47:00,1900,1900,1900,1900,0
2022-04-04 13:48:00,1900,1900,1900,1900,0
2022-04-04 13:49:00,1900,1900,1900,1900,0
2022-04-04 13:50:00,1900,1900,1900,1900,0
2022-04-04 13:51:00,1900,1900,1900,1900,0
2022-04-04 13:52:00,1900,1900,1900,1900,0
2022-04-04 13:53:00,1900,1900,1900,1900,0
2022-04-04 13:54:00,1900,1900,1900,1900,0
2022-04-04 13:55:00,1900,1900,1900,1900,0
2022-04-04 13:56:00,1900,1900,1900,1900,0
2022-04-04 13:57:00,1900,1900,1900,1900,0
2022-04-04 13:58:00,1900,1900,1900,1900,0
2022-04-04 13:59:00,1900,1900,1900,1900,0
2022-04-04 14:00:00,1900,1900,1900,1900,0
2022-04-04 14:01:00,1900,1900,1900,1900,0
2022-04-04 14:02:00,1900,1900,1900,1900,0
2022-04-04 14:03:00,1900,1900,1900,1900,0
2022-04-04 14:04:00,1900,1900,1900,1900,0
2022-04-04 14:05:00,1900,1900,1900,1900,0
2022-04-04 14:06:00,1900,1900,1900,1900,0
2022-04-04 14:07:00,1900,1900,1900,1900,0
2022-04-04 14:08:00,1900,1900,1900,1900,0
2022-04-04 14:09:00,1900,1900,1900,1900,0
2022-04-04 14:10:00,1900,1900,1900,1900,0
2022-04-04 14:11:00,1900,1900,1900,1900,0
2022-04-04 14:12:00,1900,1900,1900,1900,500
2022-04-04 14:13:00,1900,1900,1900,1900,0
2022-04-04 14:14:00,1900,1900,1900,1900,0
2022-04-04 14:15:00,1900,1900,1900,1900,0
2022-04-04 14:16:00,1900,1900,1900,1900,0
2022-04-04 14:17:00,1900,1900,1900,1900,0
2022-04-04 14:18:00,1900,1900,1900,1900,0
2022-04-04 14:19:00,1900,1900,1900,1900,0
2022-04-04 14:20:00,1900,1900,1900,1900,0
2022-04-04 14:21:00,1900,1900,1900,1900,0
2022-04-04 14:22:00,1900,1900,1900,1900,0
2022-04-04 14:23:00,1900,1900,1900,1900,0
2022-04-04 14:24:00,1900,1900,1900,1900,0
2022-04-04 14:25:00,1900,1900,1900,1900,0
2022-04-04 14:26:00,1900,1900,1900,1900,0
2022-04-04 14:27:00,1900,1900,1900,1900,0
2022-04-04 14:28:00,1900,1900,1900,1900,0
2022-04-04 14:29:00,1900,1900,1900,1900,0
2022-04-04 14:30:00,1900,1900,1900,1900,0
2022-04-04 14:31:00,1900,1900,1900,1900,0
2022-04-04 14:32:00,1900,1900,1900,1900,0
2022-04-04 14:33:00,1900,1900,1900,1900,0
2022-04-04 14:34:00,1900,1900,1900,1900,0
2022-04-04 14:35:00,1900,1900,1900,1900,0
2022-04-04 14:36:00,1900,1900,1900,1900,0
2022-04-04 14:37:00,1900,1900,1900,1900,0
2022-04-04 14:38:00,1900,1900,1900,1900,0
2022-04-04 14:39:00,1900,1900,1900,1900,0
2022-04-04 14:40:00,1900,1900,1900,1900,0
2022-04-04 14:41:00,1900,1900,1900,1900,0
2022-04-04 14:42:00,1900,1900,1900,1900,0
2022-04-04 14:43:00,1900,1900,1900,1900,0
2022-04-04 14:44:00,1900,1900,1900,1900,0
2022-04-04 14:45:00,1900,1900,1900,1900,0
2022-04-04 14:46:00,1900,1900,1900,1900,0
2022-04-04 14:47:00,1900,1900,1900,1900,0
2022-04-04 14:48:00,1900,1900,1900,1900,0
2022-04-04 14:49:00,1900,1900,1900,1900,0
2022-04-04 14:50:00,1900,1900,1900,1900,0
2022-04-04 14:51:00,1900,1900,1900,1900,0
2022-04-04 14:52:00,1900,1900,1900,1900,0
2022-04-04 14:53:00,1900,1900,1900,1900,0
2022-04-04 14:54:00,1900,1900,1900,1900,0
2022-04-04 14:55:00,1900,1900,1900,1900,0
2022-04-04 14:56:00,1900,1900,1900,1900,0
2022-04-04 14:57:00,1900,1900,1900,1900,0
2022-04-04 14:58:00,1900,1900,1900,1900,0
2022-04-04 14:59:00,1900,1900,1900,1900,0
2022-04-04 15:00:00,1900,1900,1900,1900,0
2022-04-04 15:01:00,1900,1900,1900,1900,0
2022-04-04 15:02:00,1900,1900,1900,1900,0
2022-04-04 15:03:00,1900,1900,1900,1900,0
2022-04-04 15:04:00,1900,1900,1900,1900,0
2022-04-04 15:05:00,1900,1900,1900,1900,0
2022-04-04 15:06:00,1900,1900,1900,1900,0
2022-04-04 15:07:00,1900,1900,1900,1900,0
2022-04-04 15:08:00,1900,1900,1900,1900,0
2022-04-04 15:09:00,1900,1900,1900,1900,0
2022-04-04 15:10:00,1900,1900,1900,1900,0
2022-04-04 15:11:00,1900,1900,1900,1900,0
2022-04-04 15:12:00,1900,1900,1900,1900,0
2022-04-04 15:13:00,1900,1900,1900,1900,0
2022-04-04 15:14:00,1900,1900,1900,1900,0
2022-04-04 15:15:00,1900,1900,1900,1900,0
2022-04-04 15:16:00,1900,1900,1900,1900,0
2022-04-04 15:17:00,1900,1900,1900,1900,0
2022-04-04 15:18:00,1900,1900,1900,1900,0
2022-04-04 15:19:00,1900,1900,1900,1900,0
2022-04-04 15:20:00,1900,1900,1900,1900,0
2022-04-04 15:21:00,1900,1900,1900,1900,0
2022-04-04 15:22:00,1900,1900,1900,1900,0
2022-04-04 15:23:00,1900,1900,1900,1900,0
2022-04-04 15:24:00,1900,1900,1900,1900,0
2022-04-04 15:25:00,1900,1900,1900,1900,0
2022-04-04 15:26:00,1900,1900,1900,1900,0
2022-04-04 15:27:00,1900,1900,1900,1900,0
2022-04-04 15:28:00,1900,1900,1900,1900,0
2022-04-04 15:29:00,1900,1900,1900,1900,0
2022-04-04 15:30:00,1900,1900,1900,1900,0
2022-04-04 15:31:00,1900,1900,1900,1900,0
2022-04-04 15:32:00,1900,1900,1900,1900,0
2022-04-04 15:33:00,1900,1900,1900,1900,0
2022-04-04 15:34:00,1900,1900,1900,1900,0
2022-04-04 15:35:00,1900,1900,1900,1900,0
2022-04-04 15:36:00,1900,1900,1900,1900,0
2022-04-04 15:37:00,1900,1900,1900,1900,0
2022-04-04 15:38:00,1900,1900,1900,1900,0
2022-04-04 15:39:00,1900,1900,1900,1900,0
2022-04-04 15:40:00,1900,1900,1900,1900,0
2022-04-04 15:41:00,1900,1900,1900,1900,0
2022-04-04 15:42:00,1900,1900,1900,1900,0
2022-04-04 15:43:00,1900,1900,1900,1900,0
2022-04-04 15:44:00,1900,1900,1900,1900,0
2022-04-04 15:45:00,1900,1900,1900,1900,0
2022-04-04 15:46:00,1900,1900,1900,1900,0
2022-04-04 15:47:00,1900,1900,1900,1900,0
2022-04-04 15:48:00,1900,1900,1900,1900,0
2022-04-04 15:49:00,1900,1900,1900,1900,0
2022-04-04 15:50:00,1900,1900,1900,1900,0
2022-04-04 15:51:00,1900,1900,1900,1900,0
2022-04-04 15:52:00,1900,1900,1900,1900,0
2022-04-04 15:53:00,1900,1900,1900,1900,0
2022-04-04 15:54:00,1900,1900,1900,1900,0
2022-04-04 15:55:00,1900,1900,1900,1900,0
2022-04-04 15:56:00,1900,1900,1900,1900,0
2022-04-04 15:57:00,1900,1900,1900,1900,0
2022-04-04 15:58:00,1900,1900,1900,1900,0
2022-04-04 15:59:00,1900,1900,1900,1900,0
2022-04-05 09:00:00,1900,1900,1900,1900,0
2022-04-05 09:01:00,1900,1900,1900,1900,0
2022-04-05 09:02:00,1900,1900,1900,1900,0
2022-04-05 09:03:00,1900,1900,1900,1900,0
2022-04-05 09:04:00,1900,1900,1900,1900,0
2022-04-05 09:05:00,1850,1850,1850,1850,100
2022-04-05 09:06:00,1850,1850,1850,1850,0
2022-04-05 09:07:00,1850,1850,1850,1850,0
2022-04-05 09:08:00,1850,1850,1850,1850,0
2022-04-05 09:09:00,1800,1800,1800,1800,200
2022-04-05 09:10:00,1800,1800,1800,1800,0
2022-04-05 09:11:00,1800,1800,1800,1800,0
2022-04-05 09:12:00,1800,1800,1800,1800,0
2022-04-05 09:13:00,1800,1800,1800,1800,0
2022-04-05 09:14:00,1800,1800,1800,1800,0
2022-04-05 09:15:00,1800,1800,1800,1800,0
2022-04-05 09:16:00,1800,1800,1800,1800,0
2022-04-05 09:17:00,1800,1800,1800,1800,0
2022-04-05 09:18:00,1800,1800,1800,1800,0
2022-04-05 09:19:00,1800,1800,1800,1800,0
2022-04-05 09:20:00,1800,1800,1800,1800,0
2022-04-05 09:21:00,1800,1800,1800,1800,0
2022-04-05 09:22:00,1800,1800,1800,1800,0
2022-04-05 09:23:00,1800,1800,1800,1800,0
2022-04-05 09:24:00,1800,1800,1800,1800,0
2022-04-05 09:25:00,1800,1800,1800,1800,0
2022-04-05 09:26:00,1805,1805,1805,1805,100
2022-04-05 09:27:00,1800,1800,1800,1800,200
2022-04-05 09:28:00,1800,1800,1800,1800,0
2022-04-05 09:29:00,1800,1800,1800,1800,0
2022-04-05 09:30:00,1800,1800,1800,1800,0
2022-04-05 09:31:00,1805,1805,1805,1805,600
2022-04-05 09:32:00,1805,1805,1805,1805,0
2022-04-05 09:33:00,1805,1805,1805,1805,0
2022-04-05 09:34:00,1805,1805,1805,1805,1300
2022-04-05 09:35:00,1805,1805,1805,1805,0
2022-04-05 09:36:00,1805,1805,1805,1805,0
2022-04-05 09:37:00,1805,1805,1805,1805,0
2022-04-05 09:38:00,1805,1805,1805,1805,0
2022-04-05 09:39:00,1805,1805,1805,1805,0
2022-04-05 09:40:00,1805,1805,1805,1805,0
2022-04-05 09:41:00,1805,1805,1805,1805,0
2022-04-05 09:42:00,1805,1805,1805,1805,0
2022-04-05 09:43:00,1805,1805,1805,1805,100
2022-04-05 09:44:00,1805,1805,1805,1805,0
2022-04-05 09:45:00,1805,1805,1805,1805,0
2022-04-05 09:46:00,1805,1805,1805,1805,0
2022-04-05 09:47:00,1805,1805,1805,1805,0
2022-04-05 09:48:00,1805,1805,1805,1805,0
2022-04-05 09:49:00,1805,1805,1805,1805,0
2022-04-05 09:50:00,1810,1810,1810,1810,100
2022-04-05 09:51:00,1810,1810,1810,1810,0
2022-04-05 09:52:00,1805,1805,1805,1805,100
2022-04-05 09:53:00,1805,1805,1805,1805,0
2022-04-05 09:54:00,1805,1805,1805,1805,0
2022-04-05 09:55:00,1805,1805,1805,1805,0
2022-04-05 09:56:00,1805,1805,1805,1805,0
2022-04-05 09:57:00,1805,1805,1805,1805,0
2022-04-05 09:58:00,1805,1805,1805,1805,0
2022-04-05 09:59:00,1805,1805,1805,1805,100
2022-04-05 10:00:00,1805,1805,1805,1805,0
2022-04-05 10:01:00,1805,1805,1805,1805,0
2022-04-05 10:02:00,1805,1805,1805,1805,0
2022-04-05 10:03:00,1805,1805,1805,1805,0
2022-04-05 10:04:00,1805,1805,1805,1805,0
2022-04-05 10:05:00,1805,1805,1805,1805,0
2022-04-05 10:06:00,1805,1805,1805,1805,0
2022-04-05 10:07:00,1805,1805,1805,1805,0
2022-04-05 10:08:00,1805,1805,1805,1805,0
2022-04-05 10:09:00,1805,1805,1805,1805,0
2022-04-05 10:10:00,1805,1805,1805,1805,0
2022-04-05 10:11:00,1805,1805,1805,1805,0
2022-04-05 10:12:00,1805,1805,1805,1805,0
2022-04-05 10:13:00,1805,1805,1805,1805,0
2022-04-05 10:14:00,1805,1805,1805,1805,0
2022-04-05 10:15:00,1805,1805,1805,1805,0
2022-04-05 10:16:00,1805,1805,1805,1805,0
2022-04-05 10:17:00,1805,1805,1805,1805,0
2022-04-05 10:18:00,1805,1805,1805,1805,0
2022-04-05 10:19:00,1805,1805,1805,1805,0
2022-04-05 10:20:00,1805,1805,1805,1805,0
2022-04-05 10:21:00,1805,1805,1805,1805,0
2022-04-05 10:22:00,1805,1805,1805,1805,0
2022-04-05 10:23:00,1805,1805,1805,1805,0
2022-04-05 10:24:00,1805,1805,1805,1805,0
2022-04-05 10:25:00,1805,1805,1805,1805,0
2022-04-05 10:26:00,1805,1805,1805,1805,0
2022-04-05 10:27:00,1805,1805,1805,1805,0
2022-04-05 10:28:00,1805,1805,1805,1805,0
2022-04-05 10:29:00,1805,1805,1805,1805,0
2022-04-05 10:30:00,1805,1805,1805,1805,0
2022-04-05 10:31:00,1805,1805,1805,1805,0
2022-04-05 10:32:00,1805,1805,1805,1805,0
2022-04-05 10:33:00,1805,1805,1805,1805,0
2022-04-05 10:34:00,1805,1805,1805,1805,0
2022-04-05 10:35:00,1805,1805,1805,1805,0
2022-04-05 10:36:00,1805,1805,1805,1805,0
2022-04-05 10:37:00,1805,1805,1805,1805,0
2022-04-05 10:38:00,1805,1805,1805,1805,0
2022-04-05 10:39:00,1805,1805,1805,1805,0
2022-04-05 10:40:00,1805,1805,1805,1805,0
2022-04-05 10:41:00,1805,1805,1805,1805,0
2022-04-05 10:42:00,1805,1805,1805,1805,0
2022-04-05 10:43:00,1805,1805,1805,1805,0
2022-04-05 10:44:00,1805,1805,1805,1805,0
2022-04-05 10:45:00,1805,1805,1805,1805,0
2022-04-05 10:46:00,1805,1805,1805,1805,0
2022-04-05 10:47:00,1805,1805,1805,1805,0
2022-04-05 10:48:00,1805,1805,1805,1805,0
2022-04-05 10:49:00,1805,1805,1805,1805,0
2022-04-05 10:50:00,1805,1805,1805,1805,0
2022-04-05 10:51:00,1805,1805,1805,1805,0
2022-04-05 10:52:00,1805,1805,1805,1805,0
2022-04-05 10:53:00,1805,1805,1805,1805,0
2022-04-05 10:54:00,1805,1805,1805,1805,0
2022-04-05 10:55:00,1805,1805,1805,1805,0
2022-04-05 10:56:00,1805,1805,1805,1805,0
2022-04-05 10:57:00,1805,1805,1805,1805,0
2022-04-05 10:58:00,1805,1805,1805,1805,0
2022-04-05 10:59:00,1805,1805,1805,1805,0
2022-04-05 11:00:00,1805,1805,1805,1805,0
2022-04-05 11:01:00,1805,1805,1805,1805,0
2022-04-05 11:02:00,1805,1805,1805,1805,0
2022-04-05 11:03:00,1805,1805,1805,1805,0
2022-04-05 11:04:00,1805,1805,1805,1805,0
2022-04-05 11:05:00,1805,1805,1805,1805,0
2022-04-05 11:06:00,1805,1805,1805,1805,0
2022-04-05 11:07:00,1805,1805,1805,1805,0
2022-04-05 11:08:00,1805,1805,1805,1805,0
2022-04-05 11:09:00,1805,1805,1805,1805,0
2022-04-05 11:10:00,1805,1805,1805,1805,0
2022-04-05 11:11:00,1805,1805,1805,1805,0
2022-04-05 11:12:00,1805,1805,1805,1805,0
2022-04-05 11:13:00,1805,1805,1805,1805,0
2022-04-05 11:14:00,1805,1805,1805,1805,100
2022-04-05 11:15:00,1805,1805,1805,1805,0
2022-04-05 11:16:00,1805,1805,1805,1805,0
2022-04-05 11:17:00,1805,1805,1805,1805,0
2022-04-05 11:18:00,1805,1805,1805,1805,0
2022-04-05 11:19:00,1805,1805,1805,1805,0
2022-04-05 11:20:00,1805,1805,1805,1805,0
2022-04-05 11:21:00,1805,1805,1805,1805,0
2022-04-05 11:22:00,1805,1805,1805,1805,0
2022-04-05 11:23:00,1805,1805,1805,1805,0
2022-04-05 11:24:00,1805,1805,1805,1805,0
2022-04-05 11:25:00,1805,1805,1805,1805,0
2022-04-05 11:26:00,1805,1805,1805,1805,0
2022-04-05 11:27:00,1805,1805,1805,1805,0
2022-04-05 11:28:00,1805,1805,1805,1805,0
2022-04-05 11:29:00,1805,1805,1805,1805,0
2022-04-05 11:30:00,1805,1805,1805,1805,0
2022-04-05 11:31:00,1805,1805,1805,1805,0
2022-04-05 11:32:00,1805,1805,1805,1805,0
2022-04-05 11:33:00,1805,1805,1805,1805,0
2022-04-05 11:34:00,1805,1805,1805,1805,0
2022-04-05 11:35:00,1805,1805,1805,1805,0
2022-04-05 11:36:00,1805,1805,1805,1805,0
2022-04-05 11:37:00,1805,1805,1805,1805,0
2022-04-05 11:38:00,1805,1805,1805,1805,0
2022-04-05 11:39:00,1805,1805,1805,1805,0
2022-04-05 11:40:00,1805,1805,1805,1805,0
2022-04-05 11:41:00,1805,1805,1805,1805,0
2022-04-05 11:42:00,1805,1805,1805,1805,0
2022-04-05 11:43:00,1805,1805,1805,1805,0
2022-04-05 11:44:00,1805,1805,1805,1805,0
2022-04-05 11:45:00,1805,1805,1805,1805,0
2022-04-05 11:46:00,1805,1805,1805,1805,0
2022-04-05 11:47:00,1805,1805,1805,1805,0
2022-04-05 11:48:00,1805,1805,1805,1805,0
2022-04-05 11:49:00,1805,1805,1805,1805,0
2022-04-05 11:50:00,1805,1805,1805,1805,0
2022-04-05 11:51:00,1805,1805,1805,1805,0
2022-04-05 11:52:00,1805,1805,1805,1805,0
2022-04-05 11:53:00,1805,1805,1805,1805,0
2022-04-05 11:54:00,1805,1805,1805,1805,0
2022-04-05 11:55:00,1805,1805,1805,1805,0
2022-04-05 11:56:00,1805,1805,1805,1805,0
2022-04-05 11:57:00,1805,1805,1805,1805,0
2022-04-05 11:58:00,1805,1805,1805,1805,0
2022-04-05 11:59:00,1805,1805,1805,1805,0
2022-04-05 12:00:00,1805,1805,1805,1805,0
2022-04-05 12:01:00,1805,1805,1805,1805,0
2022-04-05 12:02:00,1805,1805,1805,1805,0
2022-04-05 12:03:00,1805,1805,1805,1805,0
2022-04-05 12:04:00,1805,1805,1805,1805,0
2022-04-05 12:05:00,1805,1805,1805,1805,0
2022-04-05 12:06:00,1805,1805,1805,1805,0
2022-04-05 12:07:00,1805,1805,1805,1805,0
2022-04-05 12:08:00,1805,1805,1805,1805,0
2022-04-05 12:09:00,1805,1805,1805,1805,0
2022-04-05 12:10:00,1805,1805,1805,1805,0
2022-04-05 12:11:00,1805,1805,1805,1805,0
2022-04-05 12:12:00,1805,1805,1805,1805,0
2022-04-05 12:13:00,1805,1805,1805,1805,0
2022-04-05 12:14:00,1805,1805,1805,1805,0
2022-04-05 12:15:00,1805,1805,1805,1805,0
2022-04-05 12:16:00,1805,1805,1805,1805,0
2022-04-05 12:17:00,1805,1805,1805,1805,0
2022-04-05 12:18:00,1805,1805,1805,1805,0
2022-04-05 12:19:00,1805,1805,1805,1805,0
2022-04-05 12:20:00,1805,1805,1805,1805,0
2022-04-05 12:21:00,1805,1805,1805,1805,0
2022-04-05 12:22:00,1805,1805,1805,1805,0
2022-04-05 12:23:00,1805,1805,1805,1805,0
2022-04-05 12:24:00,1805,1805,1805,1805,0
2022-04-05 12:25:00,1805,1805,1805,1805,0
2022-04-05 12:26:00,1805,1805,1805,1805,0
2022-04-05 12:27:00,1805,1805,1805,1805,0
2022-04-05 12:28:00,1805,1805,1805,1805,0
2022-04-05 12:29:00,1805,1805,1805,1805,0
2022-04-05 12:30:00,1805,1805,1805,1805,0
2022-04-05 12:31:00,1805,1805,1805,1805,0
2022-04-05 12:32:00,1805,1805,1805,1805,0
2022-04-05 12:33:00,1805,1805,1805,1805,0
2022-04-05 12:34:00,1805,1805,1805,1805,0
2022-04-05 12:35:00,1805,1805,1805,1805,0
2022-04-05 12:36:00,1805,1805,1805,1805,0
2022-04-05 12:37:00,1805,1805,1805,1805,0
2022-04-05 12:38:00,1805,1805,1805,1805,0
2022-04-05 12:39:00,1805,1805,1805,1805,0
2022-04-05 12:40:00,1805,1805,1805,1805,0
2022-04-05 12:41:00,1805,1805,1805,1805,0
2022-04-05 12:42:00,1805,1805,1805,1805,0
2022-04-05 12:43:00,1805,1805,1805,1805,0
2022-04-05 12:44:00,1805,1805,1805,1805,0
2022-04-05 12:45:00,1805,1805,1805,1805,0
2022-04-05 12:46:00,1805,1805,1805,1805,0
2022-04-05 12:47:00,1805,1805,1805,1805,0
2022-04-05 12:48:00,1805,1805,1805,1805,0
2022-04-05 12:49:00,1805,1805,1805,1805,0
2022-04-05 12:50:00,1805,1805,1805,1805,0
2022-04-05 12:51:00,1805,1805,1805,1805,0
2022-04-05 12:52:00,1805,1805,1805,1805,0
2022-04-05 12:53:00,1805,1805,1805,1805,0
2022-04-05 12:54:00,1805,1805,1805,1805,0
2022-04-05 12:55:00,1805,1805,1805,1805,0
2022-04-05 12:56:00,1805,1805,1805,1805,0
2022-04-05 12:57:00,1805,1805,1805,1805,0
2022-04-05 12:58:00,1805,1805,1805,1805,0
2022-04-05 12:59:00,1805,1805,1805,1805,0
2022-04-05 13:00:00,1805,1805,1805,1805,0
2022-04-05 13:01:00,1805,1805,1805,1805,0
2022-04-05 13:02:00,1805,1805,1805,1805,0
2022-04-05 13:03:00,1805,1805,1805,1805,0
2022-04-05 13:04:00,1805,1805,1805,1805,0
2022-04-05 13:05:00,1805,1805,1805,1805,0
2022-04-05 13:06:00,1805,1805,1805,1805,0
2022-04-05 13:07:00,1805,1805,1805,1805,0
2022-04-05 13:08:00,1805,1805,1805,1805,0
2022-04-05 13:09:00,1805,1805,1805,1805,0
2022-04-05 13:10:00,1805,1805,1805,1805,0
2022-04-05 13:11:00,1805,1805,1805,1805,0
2022-04-05 13:12:00,1805,1805,1805,1805,0
2022-04-05 13:13:00,1805,1805,1805,1805,0
2022-04-05 13:14:00,1805,1805,1805,1805,0
2022-04-05 13:15:00,1805,1805,1805,1805,0
2022-04-05 13:16:00,1805,1805,1805,1805,0
2022-04-05 13:17:00,1805,1805,1805,1805,0
2022-04-05 13:18:00,1805,1805,1805,1805,0
2022-04-05 13:19:00,1805,1805,1805,1805,0
2022-04-05 13:20:00,1805,1805,1805,1805,0
2022-04-05 13:21:00,1805,1805,1805,1805,0
2022-04-05 13:22:00,1805,1805,1805,1805,0
2022-04-05 13:23:00,1805,1805,1805,1805,0
2022-04-05 13:24:00,1805,1805,1805,1805,0
2022-04-05 13:25:00,1805,1805,1805,1805,0
2022-04-05 13:26:00,1805,1805,1805,1805,0
2022-04-05 13:27:00,1805,1805,1805,1805,0
2022-04-05 13:28:00,1805,1805,1805,1805,0
2022-04-05 13:29:00,1805,1805,1805,1805,0
2022-04-05 13:30:00,1805,1805,1805,1805,200
2022-04-05 13:31:00,1805,1805,1805,1805,0
2022-04-05 13:32:00,1805,1805,1805,1805,0
2022-04-05 13:33:00,1805,1805,1805,1805,0
2022-04-05 13:34:00,1805,1805,1805,1805,0
2022-04-05 13:35:00,1805,1805,1805,1805,0
2022-04-05 13:36:00,1805,1805,1805,1805,0
2022-04-05 13:37:00,1805,1805,1805,1805,0
2022-04-05 13:38:00,1805,1805,1805,1805,0
2022-04-05 13:39:00,1805,1805,1805,1805,0
2022-04-05 13:40:00,1805,1805,1805,1805,0
2022-04-05 13:41:00,1805,1805,1805,1805,0
2022-04-05 13:42:00,1805,1805,1805,1805,0
2022-04-05 13:43:00,1805,1805,1805,1805,0
2022-04-05 13:44:00,1805,1805,1805,1805,0
2022-04-05 13:45:00,1805,1805,1805,1805,0
2022-04-05 13:46:00,1805,1805,1805,1805,0
2022-04-05 13:47:00,1805,1805,1805,1805,0
2022-04-05 13:48:00,1805,1805,1805,1805,0
2022-04-05 13:49:00,1805,1805,1805,1805,0
2022-04-05 13:50:00,1805,1805,1805,1805,0
2022-04-05 13:51:00,1805,1805,1805,1805,0
2022-04-05 13:52:00,1805,1805,1805,1805,0
2022-04-05 13:53:00,1805,1805,1805,1805,0
2022-04-05 13:54:00,1805,1805,1805,1805,0
2022-04-05 13:55:00,1805,1805,1805,1805,0
2022-04-05 13:56:00,1805,1805,1805,1805,0
2022-04-05 13:57:00,1805,1805,1805,1805,0
2022-04-05 13:58:00,1805,1805,1805,1805,0
2022-04-05 13:59:00,1805,1805,1805,1805,300
2022-04-05 14:00:00,1805,1805,1805,1805,0
2022-04-05 14:01:00,1805,1805,1805,1805,0
2022-04-05 14:02:00,1805,1805,1805,1805,0
2022-04-05 14:03:00,1805,1805,1805,1805,0
2022-04-05 14:04:00,1805,1805,1805,1805,0
2022-04-05 14:05:00,1805,1805,1805,1805,0
2022-04-05 14:06:00,1805,1805,1805,1805,0
2022-04-05 14:07:00,1805,1805,1805,1805,0
2022-04-05 14:08:00,1805,1805,1805,1805,0
2022-04-05 14:09:00,1805,1805,1805,1805,0
2022-04-05 14:10:00,1805,1805,1805,1805,0
2022-04-05 14:11:00,1805,1805,1805,1805,0
2022-04-05 14:12:00,1805,1805,1805,1805,0
2022-04-05 14:13:00,1805,1805,1805,1805,0
2022-04-05 14:14:00,1805,1805,1805,1805,0
2022-04-05 14:15:00,1805,1805,1805,1805,0
2022-04-05 14:16:00,1835,1835,1835,1835,100
2022-04-05 14:17:00,1835,1835,1835,1835,0
2022-04-05 14:18:00,1835,1835,1835,1835,0
2022-04-05 14:19:00,1835,1835,1835,1835,0
2022-04-05 14:20:00,1835,1835,1835,1835,0
2022-04-05 14:21:00,1835,1835,1835,1835,0
2022-04-05 14:22:00,1835,1835,1835,1835,0
2022-04-05 14:23:00,1835,1835,1835,1835,0
2022-04-05 14:24:00,1835,1835,1835,1835,0
2022-04-05 14:25:00,1835,1835,1835,1835,0
2022-04-05 14:26:00,1835,1835,1835,1835,0
2022-04-05 14:27:00,1835,1835,1835,1835,0
2022-04-05 14:28:00,1835,1835,1835,1835,0
2022-04-05 14:29:00,1835,1835,1835,1835,0
2022-04-05 14:30:00,1835,1835,1835,1835,0
2022-04-05 14:31:00,1835,1835,1835,1835,0
2022-04-05 14:32:00,1835,1835,1835,1835,0
2022-04-05 14:33:00,1835,1835,1835,1835,0
2022-04-05 14:34:00,1835,1835,1835,1835,0
2022-04-05 14:35:00,1835,1835,1835,1835,0
2022-04-05 14:36:00,1835,1835,1835,1835,0
2022-04-05 14:37:00,1835,1835,1835,1835,0
2022-04-05 14:38:00,1835,1835,1835,1835,100
2022-04-05 14:39:00,1835,1835,1835,1835,0
2022-04-05 14:40:00,1835,1835,1835,1835,0
2022-04-05 14:41:00,1835,1835,1835,1835,0
2022-04-05 14:42:00,1835,1835,1835,1835,0
2022-04-05 14:43:00,1835,1835,1835,1835,0
2022-04-05 14:44:00,1835,1835,1835,1835,0
2022-04-05 14:45:00,1835,1835,1835,1835,0
2022-04-05 14:46:00,1835,1835,1835,1835,0
2022-04-05 14:47:00,1835,1835,1835,1835,0
2022-04-05 14:48:00,1835,1835,1835,1835,0
2022-04-05 14:49:00,1835,1835,1835,1835,0
2022-04-05 14:50:00,1835,1835,1835,1835,0
2022-04-05 14:51:00,1835,1835,1835,1835,0
2022-04-05 14:52:00,1835,1835,1835,1835,0
2022-04-05 14:53:00,1835,1835,1835,1835,0
2022-04-05 14:54:00,1835,1835,1835,1835,0
2022-04-05 14:55:00,1835,1835,1835,1835,0
2022-04-05 14:56:00,1835,1835,1835,1835,0
2022-04-05 14:57:00,1835,1835,1835,1835,0
2022-04-05 14:58:00,1835,1835,1835,1835,0
2022-04-05 14:59:00,1835,1835,1835,1835,0
2022-04-05 15:00:00,1835,1835,1835,1835,100
2022-04-05 15:01:00,1835,1835,1835,1835,0
2022-04-05 15:02:00,1835,1835,1835,1835,0
2022-04-05 15:03:00,1835,1835,1835,1835,0
2022-04-05 15:04:00,1835,1835,1835,1835,0
2022-04-05 15:05:00,1835,1835,1835,1835,0
2022-04-05 15:06:00,1835,1835,1835,1835,0
2022-04-05 15:07:00,1835,1835,1835,1835,0
2022-04-05 15:08:00,1835,1835,1835,1835,0
2022-04-05 15:09:00,1835,1835,1835,1835,0
2022-04-05 15:10:00,1835,1835,1835,1835,0
2022-04-05 15:11:00,1835,1835,1835,1835,0
2022-04-05 15:12:00,1835,1835,1835,1835,0
2022-04-05 15:13:00,1835,1835,1835,1835,0
2022-04-05 15:14:00,1835,1835,1835,1835,0
2022-04-05 15:15:00,1835,1835,1835,1835,0
2022-04-05 15:16:00,1835,1835,1835,1835,0
2022-04-05 15:17:00,1835,1835,1835,1835,0
2022-04-05 15:18:00,1835,1835,1835,1835,0
2022-04-05 15:19:00,1835,1835,1835,1835,0
2022-04-05 15:20:00,1835,1835,1835,1835,0
2022-04-05 15:21:00,1835,1835,1835,1835,0
2022-04-05 15:22:00,1835,1835,1835,1835,0
2022-04-05 15:23:00,1835,1835,1835,1835,0
2022-04-05 15:24:00,1835,1835,1835,1835,0
2022-04-05 15:25:00,1835,1835,1835,1835,0
2022-04-05 15:26:00,1835,1835,1835,1835,0
2022-04-05 15:27:00,1835,1835,1835,1835,0
2022-04-05 15:28:00,1835,1835,1835,1835,0
2022-04-05 15:29:00,1835,1835,1835,1835,0
2022-04-05 15:30:00,1835,1835,1835,1835,0
2022-04-05 15:31:00,1835,1835,1835,1835,0
2022-04-05 15:32:00,1835,1835,1835,1835,0
2022-04-05 15:33:00,1835,1835,1835,1835,0
2022-04-05 15:34:00,1835,1835,1835,1835,0
2022-04-05 15:35:00,1835,1835,1835,1835,0
2022-04-05 15:36:00,1835,1835,1835,1835,0
2022-04-05 15:37:00,1835,1835,1835,1835,0
2022-04-05 15:38:00,1835,1835,1835,1835,0
2022-04-05 15:39:00,1835,1835,1835,1835,0
2022-04-05 15:40:00,1835,1835,1835,1835,0
2022-04-05 15:41:00,1835,1835,1835,1835,0
2022-04-05 15:42:00,1835,1835,1835,1835,0
2022-04-05 15:43:00,1835,1835,1835,1835,0
2022-04-05 15:44:00,1835,1835,1835,1835,0
2022-04-05 15:45:00,1835,1835,1835,1835,0
2022-04-05 15:46:00,1835,1835,1835,1835,0
2022-04-05 15:47:00,1835,1835,1835,1835,0
2022-04-05 15:48:00,1835,1835,1835,1835,0
2022-04-05 15:49:00,1835,1835,1835,1835,0
2022-04-05 15:50:00,1835,1835,1835,1835,0
2022-04-05 15:51:00,1835,1835,1835,1835,0
2022-04-05 15:52:00,1835,1835,1835,1835,0
2022-04-05 15:53:00,1835,1835,1835,1835,0
2022-04-05 15:54:00,1835,1835,1835,1835,0
2022-04-05 15:55:00,1835,1835,1835,1835,0
2022-04-05 15:56:00,1835,1835,1835,1835,0
2022-04-05 15:57:00,1835,1835,1835,1835,0
2022-04-05 15:58:00,1835,1835,1835,1835,0
2022-04-05 15:59:00,1835,1835,1835,1835,0
2022-04-06 09:00:00,1835,1835,1835,1835,0
2022-04-06 09:01:00,1835,1835,1835,1835,0
2022-04-06 09:02:00,1835,1835,1835,1835,0
2022-04-06 09:03:00,1835,1835,1835,1835,0
2022-04-06 09:04:00,1835,1835,1835,1835,0
2022-04-06 09:05:00,1835,1835,1835,1835,0
2022-04-06 09:06:00,1835,1835,1835,1835,0
2022-04-06 09:07:00,1835,1835,1835,1835,0
2022-04-06 09:08:00,1835,1835,1835,1835,0
2022-04-06 09:09:00,1835,1835,1835,1835,0
2022-04-06 09:10:00,1835,1835,1835,1835,0
2022-04-06 09:11:00,1835,1835,1835,1835,0
2022-04-06 09:12:00,1835,1835,1835,1835,0
2022-04-06 09:13:00,1835,1835,1835,1835,0
2022-04-06 09:14:00,1835,1835,1835,1835,0
2022-04-06 09:15:00,1835,1835,1835,1835,0
2022-04-06 09:16:00,1835,1835,1835,1835,0
2022-04-06 09:17:00,1835,1835,1835,1835,0
2022-04-06 09:18:00,1835,1835,1835,1835,0
2022-04-06 09:19:00,1835,1835,1835,1835,0
2022-04-06 09:20:00,1835,1835,1835,1835,0
2022-04-06 09:21:00,1835,1835,1835,1835,0
2022-04-06 09:22:00,1835,1835,1835,1835,0
2022-04-06 09:23:00,1835,1835,1835,1835,0
2022-04-06 09:24:00,1835,1835,1835,1835,0
2022-04-06 09:25:00,1835,1835,1835,1835,0
2022-04-06 09:26:00,1835,1835,1835,1835,0
2022-04-06 09:27:00,1835,1835,1835,1835,0
2022-04-06 09:28:00,1835,1835,1835,1835,0
2022-04-06 09:29:00,1835,1835,1835,1835,0
2022-04-06 09:30:00,1835,1835,1835,1835,0
2022-04-06 09:31:00,1835,1835,1835,1835,0
2022-04-06 09:32:00,1835,1835,1835,1835,0
2022-04-06 09:33:00,1835,1835,1835,1835,0
2022-04-06 09:34:00,1835,1835,1835,1835,0
2022-04-06 09:35:00,1835,1835,1835,1835,0
2022-04-06 09:36:00,1835,1835,1835,1835,0
2022-04-06 09:37:00,1835,1835,1835,1835,0
2022-04-06 09:38:00,1835,1835,1835,1835,0
2022-04-06 09:39:00,1835,1835,1835,1835,0
2022-04-06 09:40:00,1835,1835,1835,1835,0
2022-04-06 09:41:00,1835,1835,1835,1835,0
2022-04-06 09:42:00,1835,1835,1835,1835,0
2022-04-06 09:43:00,1835,1835,1835,1835,0
2022-04-06 09:44:00,1835,1835,1835,1835,0
2022-04-06 09:45:00,1835,1835,1835,1835,0
2022-04-06 09:46:00,1835,1835,1835,1835,0
2022-04-06 09:47:00,1835,1835,1835,1835,0
2022-04-06 09:48:00,1805,1805,1805,1805,0
2022-04-06 09:49:00,1805,1805,1805,1805,0
2022-04-06 09:50:00,1805,1805,1805,1805,0
2022-04-06 09:51:00,1805,1805,1805,1805,0
2022-04-06 09:52:00,1805,1805,1805,1805,0
2022-04-06 09:53:00,1805,1805,1805,1805,0
2022-04-06 09:54:00,1805,1805,1805,1805,0
2022-04-06 09:55:00,1805,1805,1805,1805,0
2022-04-06 09:56:00,1805,1805,1805,1805,0
2022-04-06 09:57:00,1805,1805,1805,1805,0
2022-04-06 09:58:00,1805,1805,1805,1805,0
2022-04-06 09:59:00,1805,1805,1805,1805,0
2022-04-06 10:00:00,1805,1805,1805,1805,0
2022-04-06 10:01:00,1805,1805,1805,1805,0
2022-04-06 10:02:00,1805,1805,1805,1805,0
2022-04-06 10:03:00,1805,1805,1805,1805,0
2022-04-06 10:04:00,1805,1805,1805,1805,0
2022-04-06 10:05:00,1805,1805,1805,1805,0
2022-04-06 10:06:00,1805,1805,1805,1805,0
2022-04-06 10:07:00,1805,1805,1805,1805,0
2022-04-06 10:08:00,1805,1805,1805,1805,0
2022-04-06 10:09:00,1805,1805,1805,1805,0
2022-04-06 10:10:00,1805,1805,1805,1805,0
2022-04-06 10:11:00,1805,1805,1805,1805,0
2022-04-06 10:12:00,1805,1805,1805,1805,0
2022-04-06 10:13:00,1805,1805,1805,1805,0
2022-04-06 10:14:00,1805,1805,1805,1805,0
2022-04-06 10:15:00,1805,1805,1805,1805,0
2022-04-06 10:16:00,1805,1805,1805,1805,0
2022-04-06 10:17:00,1805,1805,1805,1805,0
2022-04-06 10:18:00,1805,1805,1805,1805,0
2022-04-06 10:19:00,1805,1805,1805,1805,0
2022-04-06 10:20:00,1805,1805,1805,1805,0
2022-04-06 10:21:00,1805,1805,1805,1805,0
2022-04-06 10:22:00,1805,1805,1805,1805,0
2022-04-06 10:23:00,1800,1800,1800,1800,100
2022-04-06 10:24:00,1800,1800,1800,1800,0
2022-04-06 10:25:00,1800,1800,1800,1800,0
2022-04-06 10:26:00,1800,1800,1800,1800,0
2022-04-06 10:27:00,1800,1800,1800,1800,200
2022-04-06 10:28:00,1800,1800,1800,1800,100
2022-04-06 10:29:00,1800,1800,1800,1800,100
2022-04-06 10:30:00,1800,1800,1800,1800,0
2022-04-06 10:31:00,1800,1800,1800,1800,0
2022-04-06 10:32:00,1800,1800,1800,1800,0
2022-04-06 10:33:00,1800,1800,1800,1800,0
2022-04-06 10:34:00,1800,1800,1800,1800,0
2022-04-06 10:35:00,1800,1800,1800,1800,0
2022-04-06 10:36:00,1800,1800,1800,1800,0
2022-04-06 10:37:00,1800,1800,1800,1800,0
2022-04-06 10:38:00,1800,1800,1800,1800,0
2022-04-06 10:39:00,1800,1800,1800,1800,0
2022-04-06 10:40:00,1800,1800,1800,1800,0
2022-04-06 10:41:00,1800,1800,1800,1800,0
2022-04-06 10:42:00,1800,1800,1800,1800,0
2022-04-06 10:43:00,1800,1800,1800,1800,0
2022-04-06 10:44:00,1800,1800,1800,1800,0
2022-04-06 10:45:00,1800,1800,1800,1800,0
2022-04-06 10:46:00,1800,1800,1800,1800,0
2022-04-06 10:47:00,1800,1800,1800,1800,0
2022-04-06 10:48:00,1800,1800,1800,1800,0
2022-04-06 10:49:00,1800,1800,1800,1800,0
2022-04-06 10:50:00,1800,1800,1800,1800,0
2022-04-06 10:51:00,1800,1800,1800,1800,0
2022-04-06 10:52:00,1800,1800,1800,1800,0
2022-04-06 10:53:00,1800,1800,1800,1800,0
2022-04-06 10:54:00,1800,1800,1800,1800,0
2022-04-06 10:55:00,1800,1800,1800,1800,0
2022-04-06 10:56:00,1800,1800,1800,1800,0
2022-04-06 10:57:00,1800,1800,1800,1800,0
2022-04-06 10:58:00,1800,1800,1800,1800,0
2022-04-06 10:59:00,1800,1800,1800,1800,0
2022-04-06 11:00:00,1800,1800,1800,1800,0
2022-04-06 11:01:00,1800,1800,1800,1800,0
2022-04-06 11:02:00,1800,1800,1800,1800,0
2022-04-06 11:03:00,1800,1800,1800,1800,0
2022-04-06 11:04:00,1800,1800,1800,1800,0
2022-04-06 11:05:00,1800,1800,1800,1800,0
2022-04-06 11:06:00,1800,1800,1800,1800,0
2022-04-06 11:07:00,1800,1800,1800,1800,0
2022-04-06 11:08:00,1800,1800,1800,1800,0
2022-04-06 11:09:00,1800,1800,1800,1800,0
2022-04-06 11:10:00,1800,1800,1800,1800,0
2022-04-06 11:11:00,1800,1800,1800,1800,0
2022-04-06 11:12:00,1800,1800,1800,1800,0
2022-04-06 11:13:00,1800,1800,1800,1800,0
2022-04-06 11:14:00,1800,1800,1800,1800,0
2022-04-06 11:15:00,1800,1800,1800,1800,0
2022-04-06 11:16:00,1800,1800,1800,1800,0
2022-04-06 11:17:00,1800,1800,1800,1800,0
2022-04-06 11:18:00,1800,1800,1800,1800,0
2022-04-06 11:19:00,1800,1800,1800,1800,0
2022-04-06 11:20:00,1800,1800,1800,1800,0
2022-04-06 11:21:00,1800,1800,1800,1800,0
2022-04-06 11:22:00,1800,1800,1800,1800,0
2022-04-06 11:23:00,1800,1800,1800,1800,0
2022-04-06 11:24:00,1800,1800,1800,1800,0
2022-04-06 11:25:00,1800,1800,1800,1800,0
2022-04-06 11:26:00,1800,1800,1800,1800,0
2022-04-06 11:27:00,1800,1800,1800,1800,0
2022-04-06 11:28:00,1800,1800,1800,1800,0
2022-04-06 11:29:00,1800,1800,1800,1800,0
2022-04-06 11:30:00,1800,1800,1800,1800,0
2022-04-06 11:31:00,1800,1800,1800,1800,0
2022-04-06 11:32:00,1800,1800,1800,1800,0
2022-04-06 11:33:00,1800,1800,1800,1800,0
2022-04-06 11:34:00,1800,1800,1800,1800,0
2022-04-06 11:35:00,1800,1800,1800,1800,0
2022-04-06 11:36:00,1800,1800,1800,1800,0
2022-04-06 11:37:00,1800,1800,1800,1800,0
2022-04-06 11:38:00,1800,1800,1800,1800,0
2022-04-06 11:39:00,1800,1800,1800,1800,0
2022-04-06 11:40:00,1800,1800,1800,1800,0
2022-04-06 11:41:00,1800,1800,1800,1800,0
2022-04-06 11:42:00,1800,1800,1800,1800,0
2022-04-06 11:43:00,1800,1800,1800,1800,0
2022-04-06 11:44:00,1800,1800,1800,1800,0
2022-04-06 11:45:00,1800,1800,1800,1800,0
2022-04-06 11:46:00,1800,1800,1800,1800,0
2022-04-06 11:47:00,1800,1800,1800,1800,0
2022-04-06 11:48:00,1800,1800,1800,1800,0
2022-04-06 11:49:00,1800,1800,1800,1800,0
2022-04-06 11:50:00,1800,1800,1800,1800,0
2022-04-06 11:51:00,1800,1800,1800,1800,0
2022-04-06 11:52:00,1800,1800,1800,1800,0
2022-04-06 11:53:00,1800,1800,1800,1800,0
2022-04-06 11:54:00,1800,1800,1800,1800,0
2022-04-06 11:55:00,1800,1800,1800,1800,0
2022-04-06 11:56:00,1800,1800,1800,1800,0
2022-04-06 11:57:00,1800,1800,1800,1800,0
2022-04-06 11:58:00,1800,1800,1800,1800,0
2022-04-06 11:59:00,1800,1800,1800,1800,0
2022-04-06 12:00:00,1800,1800,1800,1800,0
2022-04-06 12:01:00,1800,1800,1800,1800,0
2022-04-06 12:02:00,1800,1800,1800,1800,0
2022-04-06 12:03:00,1800,1800,1800,1800,0
2022-04-06 12:04:00,1800,1800,1800,1800,0
2022-04-06 12:05:00,1800,1800,1800,1800,0
2022-04-06 12:06:00,1800,1800,1800,1800,0
2022-04-06 12:07:00,1800,1800,1800,1800,0
2022-04-06 12:08:00,1800,1800,1800,1800,0
2022-04-06 12:09:00,1800,1800,1800,1800,0
2022-04-06 12:10:00,1800,1800,1800,1800,0
2022-04-06 12:11:00,1800,1800,1800,1800,0
2022-04-06 12:12:00,1800,1800,1800,1800,0
2022-04-06 12:13:00,1800,1800,1800,1800,0
2022-04-06 12:14:00,1800,1800,1800,1800,0
2022-04-06 12:15:00,1800,1800,1800,1800,0
2022-04-06 12:16:00,1800,1800,1800,1800,0
2022-04-06 12:17:00,1800,1800,1800,1800,0
2022-04-06 12:18:00,1800,1800,1800,1800,0
2022-04-06 12:19:00,1800,1800,1800,1800,0
2022-04-06 12:20:00,1800,1800,1800,1800,0
2022-04-06 12:21:00,1800,1800,1800,1800,0
2022-04-06 12:22:00,1800,1800,1800,1800,0
2022-04-06 12:23:00,1800,1800,1800,1800,0
2022-04-06 12:24:00,1800,1800,1800,1800,0
2022-04-06 12:25:00,1800,1800,1800,1800,0
2022-04-06 12:26:00,1800,1800,1800,1800,0
2022-04-06 12:27:00,1800,1800,1800,1800,0
2022-04-06 12:28:00,1800,1800,1800,1800,0
2022-04-06 12:29:00,1800,1800,1800,1800,0
2022-04-06 12:30:00,1800,1800,1800,1800,0
2022-04-06 12:31:00,1800,1800,1800,1800,0
2022-04-06 12:32:00,1800,1800,1800,1800,0
2022-04-06 12:33:00,1800,1800,1800,1800,0
2022-04-06 12:34:00,1800,1800,1800,1800,0
2022-04-06 12:35:00,1800,1800,1800,1800,0
2022-04-06 12:36:00,1800,1800,1800,1800,0
2022-04-06 12:37:00,1800,1800,1800,1800,0
2022-04-06 12:38:00,1800,1800,1800,1800,0
2022-04-06 12:39:00,1800,1800,1800,1800,0
2022-04-06 12:40:00,1800,1800,1800,1800,0
2022-04-06 12:41:00,1800,1800,1800,1800,0
2022-04-06 12:42:00,1800,1800,1800,1800,0
2022-04-06 12:43:00,1800,1800,1800,1800,0
2022-04-06 12:44:00,1800,1800,1800,1800,0
2022-04-06 12:45:00,1800,1800,1800,1800,0
2022-04-06 12:46:00,1800,1800,1800,1800,0
2022-04-06 12:47:00,1800,1800,1800,1800,0
2022-04-06 12:48:00,1800,1800,1800,1800,0
2022-04-06 12:49:00,1800,1800,1800,1800,0
2022-04-06 12:50:00,1800,1800,1800,1800,0
2022-04-06 12:51:00,1800,1800,1800,1800,0
2022-04-06 12:52:00,1800,1800,1800,1800,0
2022-04-06 12:53:00,1800,1800,1800,1800,0
2022-04-06 12:54:00,1800,1800,1800,1800,0
2022-04-06 12:55:00,1800,1800,1800,1800,0
2022-04-06 12:56:00,1800,1800,1800,1800,0
2022-04-06 12:57:00,1800,1800,1800,1800,0
2022-04-06 12:58:00,1800,1800,1800,1800,0
2022-04-06 12:59:00,1800,1800,1800,1800,0
2022-04-06 13:00:00,1800,1800,1800,1800,0
2022-04-06 13:01:00,1800,1800,1800,1800,0
2022-04-06 13:02:00,1800,1800,1800,1800,0
2022-04-06 13:03:00,1800,1800,1800,1800,0
2022-04-06 13:04:00,1800,1800,1800,1800,0
2022-04-06 13:05:00,1800,1800,1800,1800,0
2022-04-06 13:06:00,1800,1800,1800,1800,0
2022-04-06 13:07:00,1800,1800,1800,1800,0
2022-04-06 13:08:00,1800,1800,1800,1800,0
2022-04-06 13:09:00,1800,1800,1800,1800,0
2022-04-06 13:10:00,1800,1800,1800,1800,0
2022-04-06 13:11:00,1800,1800,1800,1800,0
2022-04-06 13:12:00,1800,1800,1800,1800,0
2022-04-06 13:13:00,1800,1800,1800,1800,0
2022-04-06 13:14:00,1800,1800,1800,1800,0
2022-04-06 13:15:00,1800,1800,1800,1800,0
2022-04-06 13:16:00,1800,1800,1800,1800,0
2022-04-06 13:17:00,1800,1800,1800,1800,0
2022-04-06 13:18:00,1800,1800,1800,1800,0
2022-04-06 13:19:00,1800,1800,1800,1800,0
2022-04-06 13:20:00,1800,1800,1800,1800,0
2022-04-06 13:21:00,1800,1800,1800,1800,0
2022-04-06 13:22:00,1800,1800,1800,1800,0
2022-04-06 13:23:00,1800,1800,1800,1800,0
2022-04-06 13:24:00,1800,1800,1800,1800,0
2022-04-06 13:25:00,1800,1800,1800,1800,0
2022-04-06 13:26:00,1800,1800,1800,1800,0
2022-04-06 13:27:00,1800,1800,1800,1800,0
2022-04-06 13:28:00,1800,1800,1800,1800,0
2022-04-06 13:29:00,1800,1800,1800,1800,0
2022-04-06 13:30:00,1800,1800,1800,1800,0
2022-04-06 13:31:00,1800,1800,1800,1800,0
2022-04-06 13:32:00,1800,1800,1800,1800,0
2022-04-06 13:33:00,1800,1800,1800,1800,0
2022-04-06 13:34:00,1800,1800,1800,1800,0
2022-04-06 13:35:00,1800,1800,1800,1800,0
2022-04-06 13:36:00,1800,1800,1800,1800,0
2022-04-06 13:37:00,1800,1800,1800,1800,0
2022-04-06 13:38:00,1800,1800,1800,1800,0
2022-04-06 13:39:00,1800,1800,1800,1800,0
2022-04-06 13:40:00,1800,1800,1800,1800,0
2022-04-06 13:41:00,1800,1800,1800,1800,0
2022-04-06 13:42:00,1800,1800,1800,1800,0
2022-04-06 13:43:00,1800,1800,1800,1800,0
2022-04-06 13:44:00,1800,1800,1800,1800,0
2022-04-06 13:45:00,1800,1800,1800,1800,0
2022-04-06 13:46:00,1800,1800,1800,1800,0
2022-04-06 13:47:00,1800,1800,1800,1800,0
2022-04-06 13:48:00,1800,1800,1800,1800,0
2022-04-06 13:49:00,1800,1800,1800,1800,0
2022-04-06 13:50:00,1800,1800,1800,1800,0
2022-04-06 13:51:00,1800,1800,1800,1800,0
2022-04-06 13:52:00,1800,1800,1800,1800,0
2022-04-06 13:53:00,1800,1800,1800,1800,0
2022-04-06 13:54:00,1800,1800,1800,1800,0
2022-04-06 13:55:00,1800,1800,1800,1800,0
2022-04-06 13:56:00,1800,1800,1800,1800,0
2022-04-06 13:57:00,1800,1800,1800,1800,0
2022-04-06 13:58:00,1800,1800,1800,1800,0
2022-04-06 13:59:00,1800,1800,1800,1800,0
2022-04-06 14:00:00,1800,1800,1800,1800,0
2022-04-06 14:01:00,1800,1800,1800,1800,0
2022-04-06 14:02:00,1800,1800,1800,1800,0
2022-04-06 14:03:00,1800,1800,1800,1800,0
2022-04-06 14:04:00,1800,1800,1800,1800,0
2022-04-06 14:05:00,1800,1800,1800,1800,0
2022-04-06 14:06:00,1800,1800,1800,1800,0
2022-04-06 14:07:00,1800,1800,1800,1800,100
2022-04-06 14:08:00,1800,1800,1800,1800,0
2022-04-06 14:09:00,1800,1800,1800,1800,0
2022-04-06 14:10:00,1800,1800,1800,1800,0
2022-04-06 14:11:00,1800,1800,1800,1800,0
2022-04-06 14:12:00,1800,1800,1800,1800,0
2022-04-06 14:13:00,1800,1800,1800,1800,0
2022-04-06 14:14:00,1800,1800,1800,1800,0
2022-04-06 14:15:00,1800,1800,1800,1800,0
2022-04-06 14:16:00,1800,1800,1800,1800,0
2022-04-06 14:17:00,1800,1800,1800,1800,0
2022-04-06 14:18:00,1800,1800,1800,1800,0
2022-04-06 14:19:00,1800,1800,1800,1800,0
2022-04-06 14:20:00,1800,1800,1800,1800,0
2022-04-06 14:21:00,1800,1800,1800,1800,0
2022-04-06 14:22:00,1800,1800,1800,1800,0
2022-04-06 14:23:00,1800,1800,1800,1800,0
2022-04-06 14:24:00,1800,1800,1800,1800,0
2022-04-06 14:25:00,1800,1800,1800,1800,0
2022-04-06 14:26:00,1800,1800,1800,1800,0
2022-04-06 14:27:00,1800,1800,1800,1800,0
2022-04-06 14:28:00,1800,1800,1800,1800,0
2022-04-06 14:29:00,1800,1800,1800,1800,0
2022-04-06 14:30:00,1800,1800,1800,1800,0
2022-04-06 14:31:00,1800,1800,1800,1800,0
2022-04-06 14:32:00,1800,1800,1800,1800,0
2022-04-06 14:33:00,1800,1800,1800,1800,0
2022-04-06 14:34:00,1800,1800,1800,1800,0
2022-04-06 14:35:00,1800,1800,1800,1800,0
2022-04-06 14:36:00,1800,1800,1800,1800,0
2022-04-06 14:37:00,1800,1800,1800,1800,0
2022-04-06 14:38:00,1800,1800,1800,1800,0
2022-04-06 14:39:00,1800,1800,1800,1800,0
2022-04-06 14:40:00,1800,1800,1800,1800,0
2022-04-06 14:41:00,1800,1800,1800,1800,0
2022-04-06 14:42:00,1800,1800,1800,1800,0
2022-04-06 14:43:00,1800,1800,1800,1800,0
2022-04-06 14:44:00,1800,1800,1800,1800,0
2022-04-06 14:45:00,1800,1800,1800,1800,100
2022-04-06 14:46:00,1800,1800,1800,1800,0
2022-04-06 14:47:00,1800,1800,1800,1800,0
2022-04-06 14:48:00,1800,1800,1800,1800,0
2022-04-06 14:49:00,1800,1800,1800,1800,0
2022-04-06 14:50:00,1800,1800,1800,1800,0
2022-04-06 14:51:00,1800,1800,1800,1800,0
2022-04-06 14:52:00,1800,1800,1800,1800,0
2022-04-06 14:53:00,1800,1800,1800,1800,0
2022-04-06 14:54:00,1800,1800,1800,1800,0
2022-04-06 14:55:00,1800,1800,1800,1800,0
2022-04-06 14:56:00,1800,1800,1800,1800,0
2022-04-06 14:57:00,1800,1800,1800,1800,0
2022-04-06 14:58:00,1800,1800,1800,1800,0
2022-04-06 14:59:00,1800,1800,1800,1800,0
2022-04-06 15:00:00,1860,1860,1860,1860,200
2022-04-06 15:01:00,1860,1860,1860,1860,0
2022-04-06 15:02:00,1860,1860,1860,1860,0
2022-04-06 15:03:00,1860,1860,1860,1860,0
2022-04-06 15:04:00,1860,1860,1860,1860,0
2022-04-06 15:05:00,1860,1860,1860,1860,0
2022-04-06 15:06:00,1860,1860,1860,1860,0
2022-04-06 15:07:00,1860,1860,1860,1860,0
2022-04-06 15:08:00,1860,1860,1860,1860,0
2022-04-06 15:09:00,1860,1860,1860,1860,0
2022-04-06 15:10:00,1860,1860,1860,1860,0
2022-04-06 15:11:00,1860,1860,1860,1860,0
2022-04-06 15:12:00,1860,1860,1860,1860,0
2022-04-06 15:13:00,1860,1860,1860,1860,0
2022-04-06 15:14:00,1860,1860,1860,1860,0
2022-04-06 15:15:00,1860,1860,1860,1860,0
2022-04-06 15:16:00,1860,1860,1860,1860,0
2022-04-06 15:17:00,1860,1860,1860,1860,0
2022-04-06 15:18:00,1860,1860,1860,1860,0
2022-04-06 15:19:00,1860,1860,1860,1860,0
2022-04-06 15:20:00,1860,1860,1860,1860,0
2022-04-06 15:21:00,1860,1860,1860,1860,0
2022-04-06 15:22:00,1860,1860,1860,1860,0
2022-04-06 15:23:00,1860,1860,1860,1860,0
2022-04-06 15:24:00,1860,1860,1860,1860,0
2022-04-06 15:25:00,1860,1860,1860,1860,0
2022-04-06 15:26:00,1860,1860,1860,1860,0
2022-04-06 15:27:00,1860,1860,1860,1860,0
2022-04-06 15:28:00,1860,1860,1860,1860,0
2022-04-06 15:29:00,1860,1860,1860,1860,0
2022-04-06 15:30:00,1860,1860,1860,1860,0
2022-04-06 15:31:00,1860,1860,1860,1860,0
2022-04-06 15:32:00,1860,1860,1860,1860,0
2022-04-06 15:33:00,1860,1860,1860,1860,0
2022-04-06 15:34:00,1860,1860,1860,1860,0
2022-04-06 15:35:00,1860,1860,1860,1860,0
2022-04-06 15:36:00,1860,1860,1860,1860,0
2022-04-06 15:37:00,1860,1860,1860,1860,0
2022-04-06 15:38:00,1860,1860,1860,1860,0
2022-04-06 15:39:00,1860,1860,1860,1860,0
2022-04-06 15:40:00,1860,1860,1860,1860,0
2022-04-06 15:41:00,1860,1860,1860,1860,0
2022-04-06 15:42:00,1860,1860,1860,1860,0
2022-04-06 15:43:00,1860,1860,1860,1860,0
2022-04-06 15:44:00,1860,1860,1860,1860,0
2022-04-06 15:45:00,1860,1860,1860,1860,0
2022-04-06 15:46:00,1860,1860,1860,1860,0
2022-04-06 15:47:00,1860,1860,1860,1860,0
2022-04-06 15:48:00,1860,1860,1860,1860,0
2022-04-06 15:49:00,1860,1860,1860,1860,0
2022-04-06 15:50:00,1860,1860,1860,1860,0
2022-04-06 15:51:00,1860,1860,1860,1860,0
2022-04-06 15:52:00,1860,1860,1860,1860,0
2022-04-06 15:53:00,1860,1860,1860,1860,0
2022-04-06 15:54:00,1860,1860,1860,1860,0
2022-04-06 15:55:00,1860,1860,1860,1860,0
2022-04-06 15:56:00,1860,1860,1860,1860,0
2022-04-06 15:57:00,1860,1860,1860,1860,0
2022-04-06 15:58:00,1860,1860,1860,1860,0
2022-04-06 15:59:00,1860,1860,1860,1860,0
2022-04-07 09:00:00,1860,1860,1860,1860,0
2022-04-07 09:01:00,1860,1860,1860,1860,0
2022-04-07 09:02:00,1860,1860,1860,1860,0
2022-04-07 09:03:00,1860,1860,1860,1860,0
2022-04-07 09:04:00,1860,1860,1860,1860,0
2022-04-07 09:05:00,1860,1860,1860,1860,0
2022-04-07 09:06:00,1860,1860,1860,1860,0
2022-04-07 09:07:00,1860,1860,1860,1860,1000
2022-04-07 09:08:00,1860,1860,1860,1860,0
2022-04-07 09:09:00,1860,1860,1860,1860,0
2022-04-07 09:10:00,1860,1860,1860,1860,0
2022-04-07 09:11:00,1860,1860,1860,1860,0
2022-04-07 09:12:00,1860,1860,1860,1860,0
2022-04-07 09:13:00,1845,1845,1845,1845,100
2022-04-07 09:14:00,1845,1845,1845,1845,0
2022-04-07 09:15:00,1845,1845,1845,1845,0
2022-04-07 09:16:00,1845,1845,1845,1845,0
2022-04-07 09:17:00,1845,1845,1845,1845,0
2022-04-07 09:18:00,1845,1845,1845,1845,0
2022-04-07 09:19:00,1845,1845,1845,1845,0
2022-04-07 09:20:00,1845,1845,1845,1845,0
2022-04-07 09:21:00,1845,1845,1845,1845,0
2022-04-07 09:22:00,1845,1845,1845,1845,0
2022-04-07 09:23:00,1845,1845,1845,1845,0
2022-04-07 09:24:00,1845,1845,1845,1845,0
2022-04-07 09:25:00,1845,1845,1845,1845,0
2022-04-07 09:26:00,1845,1845,1845,1845,0
2022-04-07 09:27:00,1845,1845,1845,1845,0
2022-04-07 09:28:00,1845,1845,1845,1845,0
2022-04-07 09:29:00,1845,1845,1845,1845,0
2022-04-07 09:30:00,1845,1845,1845,1845,0
2022-04-07 09:31:00,1845,1845,1845,1845,0
2022-04-07 09:32:00,1845,1845,1845,1845,0
2022-04-07 09:33:00,1845,1845,1845,1845,0
2022-04-07 09:34:00,1845,1845,1845,1845,0
2022-04-07 09:35:00,1845,1845,1845,1845,0
2022-04-07 09:36:00,1845,1845,1845,1845,0
2022-04-07 09:37:00,1845,1845,1845,1845,0
2022-04-07 09:38:00,1845,1845,1845,1845,0
2022-04-07 09:39:00,1845,1845,1845,1845,0
2022-04-07 09:40:00,1845,1845,1845,1845,0
2022-04-07 09:41:00,1845,1845,1845,1845,0
2022-04-07 09:42:00,1845,1845,1845,1845,0
2022-04-07 09:43:00,1845,1845,1845,1845,0
2022-04-07 09:44:00,1845,1845,1845,1845,0
2022-04-07 09:45:00,1845,1845,1845,1845,0
2022-04-07 09:46:00,1845,1845,1845,1845,0
2022-04-07 09:47:00,1845,1845,1845,1845,0
2022-04-07 09:48:00,1845,1845,1845,1845,0
2022-04-07 09:49:00,1845,1845,1845,1845,0
2022-04-07 09:50:00,1845,1845,1845,1845,0
2022-04-07 09:51:00,1845,1845,1845,1845,0
2022-04-07 09:52:00,1845,1845,1845,1845,0
2022-04-07 09:53:00,1845,1845,1845,1845,0
2022-04-07 09:54:00,1845,1845,1845,1845,0
2022-04-07 09:55:00,1845,1845,1845,1845,0
2022-04-07 09:56:00,1845,1845,1845,1845,0
2022-04-07 09:57:00,1845,1845,1845,1845,0
2022-04-07 09:58:00,1845,1845,1845,1845,0
2022-04-07 09:59:00,1845,1845,1845,1845,0
2022-04-07 10:00:00,1845,1845,1845,1845,0
2022-04-07 10:01:00,1845,1845,1845,1845,0
2022-04-07 10:02:00,1845,1845,1845,1845,0
2022-04-07 10:03:00,1845,1845,1845,1845,0
2022-04-07 10:04:00,1845,1845,1845,1845,0
2022-04-07 10:05:00,1845,1845,1845,1845,0
2022-04-07 10:06:00,1845,1845,1845,1845,0
2022-04-07 10:07:00,1845,1845,1845,1845,0
2022-04-07 10:08:00,1845,1845,1845,1845,0
2022-04-07 10:09:00,1845,1845,1845,1845,0
2022-04-07 10:10:00,1845,1845,1845,1845,0
2022-04-07 10:11:00,1845,1845,1845,1845,0
2022-04-07 10:12:00,1845,1845,1845,1845,0
2022-04-07 10:13:00,1845,1845,1845,1845,0
2022-04-07 10:14:00,1845,1845,1845,1845,0
2022-04-07 10:15:00,1845,1845,1845,1845,0
2022-04-07 10:16:00,1845,1845,1845,1845,0
2022-04-07 10:17:00,1845,1845,1845,1845,0
2022-04-07 10:18:00,1845,1845,1845,1845,0
2022-04-07 10:19:00,1845,1845,1845,1845,0
2022-04-07 10:20:00,1845,1845,1845,1845,0
2022-04-07 10:21:00,1845,1845,1845,1845,0
2022-04-07 10:22:00,1845,1845,1845,1845,0
2022-04-07 10:23:00,1845,1845,1845,1845,0
2022-04-07 10:24:00,1845,1845,1845,1845,0
2022-04-07 10:25:00,1845,1845,1845,1845,0
2022-04-07 10:26:00,1845,1845,1845,1845,0
2022-04-07 10:27:00,1845,1845,1845,1845,0
2022-04-07 10:28:00,1845,1845,1845,1845,0
2022-04-07 10:29:00,1845,1845,1845,1845,0
2022-04-07 10:30:00,1845,1845,1845,1845,0
2022-04-07 10:31:00,1845,1845,1845,1845,0
2022-04-07 10:32:00,1845,1845,1845,1845,0
2022-04-07 10:33:00,1845,1845,1845,1845,0
2022-04-07 10:34:00,1845,1845,1845,1845,0
2022-04-07 10:35:00,1845,1845,1845,1845,0
2022-04-07 10:36:00,1845,1845,1845,1845,0
2022-04-07 10:37:00,1845,1845,1845,1845,0
2022-04-07 10:38:00,1845,1845,1845,1845,0
2022-04-07 10:39:00,1845,1845,1845,1845,0
2022-04-07 10:40:00,1845,1845,1845,1845,0
2022-04-07 10:41:00,1845,1845,1845,1845,0
2022-04-07 10:42:00,1845,1845,1845,1845,0
2022-04-07 10:43:00,1845,1845,1845,1845,0
2022-04-07 10:44:00,1845,1845,1845,1845,0
2022-04-07 10:45:00,1845,1845,1845,1845,0
2022-04-07 10:46:00,1845,1845,1845,1845,0
2022-04-07 10:47:00,1845,1845,1845,1845,0
2022-04-07 10:48:00,1845,1845,1845,1845,0
2022-04-07 10:49:00,1845,1845,1845,1845,0
2022-04-07 10:50:00,1845,1845,1845,1845,0
2022-04-07 10:51:00,1845,1845,1845,1845,0
2022-04-07 10:52:00,1845,1845,1845,1845,0
2022-04-07 10:53:00,1845,1845,1845,1845,0
2022-04-07 10:54:00,1845,1845,1845,1845,0
2022-04-07 10:55:00,1845,1845,1845,1845,0
2022-04-07 10:56:00,1845,1845,1845,1845,0
2022-04-07 10:57:00,1845,1845,1845,1845,0
2022-04-07 10:58:00,1845,1845,1845,1845,0
2022-04-07 10:59:00,1845,1845,1845,1845,0
2022-04-07 11:00:00,1845,1845,1845,1845,0
2022-04-07 11:01:00,1845,1845,1845,1845,0
2022-04-07 11:02:00,1845,1845,1845,1845,0
2022-04-07 11:03:00,1845,1845,1845,1845,0
2022-04-07 11:04:00,1845,1845,1845,1845,0
2022-04-07 11:05:00,1845,1845,1845,1845,0
2022-04-07 11:06:00,1845,1845,1845,1845,0
2022-04-07 11:07:00,1845,1845,1845,1845,0
2022-04-07 11:08:00,1845,1845,1845,1845,0
2022-04-07 11:09:00,1845,1845,1845,1845,0
2022-04-07 11:10:00,1845,1845,1845,1845,0
2022-04-07 11:11:00,1845,1845,1845,1845,0
2022-04-07 11:12:00,1845,1845,1845,1845,0
2022-04-07 11:13:00,1845,1845,1845,1845,0
2022-04-07 11:14:00,1845,1845,1845,1845,0
2022-04-07 11:15:00,1845,1845,1845,1845,0
2022-04-07 11:16:00,1845,1845,1845,1845,0
2022-04-07 11:17:00,1845,1845,1845,1845,0
2022-04-07 11:18:00,1845,1845,1845,1845,0
2022-04-07 11:19:00,1845,1845,1845,1845,0
2022-04-07 11:20:00,1845,1845,1845,1845,0
2022-04-07 11:21:00,1845,1845,1845,1845,0
2022-04-07 11:22:00,1845,1845,1845,1845,0
2022-04-07 11:23:00,1845,1845,1845,1845,0
2022-04-07 11:24:00,1845,1845,1845,1845,0
2022-04-07 11:25:00,1845,1845,1845,1845,0
2022-04-07 11:26:00,1845,1845,1845,1845,0
2022-04-07 11:27:00,1845,1845,1845,1845,0
2022-04-07 11:28:00,1845,1845,1845,1845,0
2022-04-07 11:29:00,1845,1845,1845,1845,0
2022-04-07 11:30:00,1845,1845,1845,1845,0
2022-04-07 11:31:00,1845,1845,1845,1845,0
2022-04-07 11:32:00,1845,1845,1845,1845,0
2022-04-07 11:33:00,1845,1845,1845,1845,0
2022-04-07 11:34:00,1845,1845,1845,1845,0
2022-04-07 11:35:00,1845,1845,1845,1845,0
2022-04-07 11:36:00,1845,1845,1845,1845,0
2022-04-07 11:37:00,1845,1845,1845,1845,0
2022-04-07 11:38:00,1845,1845,1845,1845,0
2022-04-07 11:39:00,1845,1845,1845,1845,0
2022-04-07 11:40:00,1845,1845,1845,1845,0
2022-04-07 11:41:00,1845,1845,1845,1845,0
2022-04-07 11:42:00,1845,1845,1845,1845,0
2022-04-07 11:43:00,1845,1845,1845,1845,0
2022-04-07 11:44:00,1845,1845,1845,1845,0
2022-04-07 11:45:00,1845,1845,1845,1845,0
2022-04-07 11:46:00,1845,1845,1845,1845,0
2022-04-07 11:47:00,1845,1845,1845,1845,0
2022-04-07 11:48:00,1845,1845,1845,1845,0
2022-04-07 11:49:00,1845,1845,1845,1845,0
2022-04-07 11:50:00,1845,1845,1845,1845,0
2022-04-07 11:51:00,1845,1845,1845,1845,0
2022-04-07 11:52:00,1845,1845,1845,1845,0
2022-04-07 11:53:00,1845,1845,1845,1845,0
2022-04-07 11:54:00,1845,1845,1845,1845,0
2022-04-07 11:55:00,1845,1845,1845,1845,0
2022-04-07 11:56:00,1845,1845,1845,1845,0
2022-04-07 11:57:00,1845,1845,1845,1845,0
2022-04-07 11:58:00,1845,1845,1845,1845,0
2022-04-07 11:59:00,1845,1845,1845,1845,0
2022-04-07 12:00:00,1845,1845,1845,1845,0
2022-04-07 12:01:00,1845,1845,1845,1845,0
2022-04-07 12:02:00,1845,1845,1845,1845,0
2022-04-07 12:03:00,1845,1845,1845,1845,0
2022-04-07 12:04:00,1845,1845,1845,1845,0
2022-04-07 12:05:00,1845,1845,1845,1845,0
2022-04-07 12:06:00,1845,1845,1845,1845,0
2022-04-07 12:07:00,1845,1845,1845,1845,0
2022-04-07 12:08:00,1845,1845,1845,1845,0
2022-04-07 12:09:00,1845,1845,1845,1845,0
2022-04-07 12:10:00,1845,1845,1845,1845,0
2022-04-07 12:11:00,1845,1845,1845,1845,0
2022-04-07 12:12:00,1845,1845,1845,1845,0
2022-04-07 12:13:00,1845,1845,1845,1845,0
2022-04-07 12:14:00,1845,1845,1845,1845,0
2022-04-07 12:15:00,1845,1845,1845,1845,0
2022-04-07 12:16:00,1845,1845,1845,1845,0
2022-04-07 12:17:00,1845,1845,1845,1845,0
2022-04-07 12:18:00,1845,1845,1845,1845,0
2022-04-07 12:19:00,1845,1845,1845,1845,0
2022-04-07 12:20:00,1845,1845,1845,1845,0
2022-04-07 12:21:00,1845,1845,1845,1845,0
2022-04-07 12:22:00,1845,1845,1845,1845,0
2022-04-07 12:23:00,1845,1845,1845,1845,0
2022-04-07 12:24:00,1845,1845,1845,1845,0
2022-04-07 12:25:00,1845,1845,1845,1845,0
2022-04-07 12:26:00,1845,1845,1845,1845,0
2022-04-07 12:27:00,1845,1845,1845,1845,0
2022-04-07 12:28:00,1845,1845,1845,1845,0
2022-04-07 12:29:00,1845,1845,1845,1845,0
2022-04-07 12:30:00,1845,1845,1845,1845,0
2022-04-07 12:31:00,1845,1845,1845,1845,0
2022-04-07 12:32:00,1845,1845,1845,1845,0
2022-04-07 12:33:00,1845,1845,1845,1845,0
2022-04-07 12:34:00,1845,1845,1845,1845,0
2022-04-07 12:35:00,1845,1845,1845,1845,0
2022-04-07 12:36:00,1845,1845,1845,1845,0
2022-04-07 12:37:00,1845,1845,1845,1845,0
2022-04-07 12:38:00,1845,1845,1845,1845,0
2022-04-07 12:39:00,1845,1845,1845,1845,0
2022-04-07 12:40:00,1845,1845,1845,1845,0
2022-04-07 12:41:00,1845,1845,1845,1845,0
2022-04-07 12:42:00,1845,1845,1845,1845,0
2022-04-07 12:43:00,1845,1845,1845,1845,0
2022-04-07 12:44:00,1845,1845,1845,1845,0
2022-04-07 12:45:00,1845,1845,1845,1845,0
2022-04-07 12:46:00,1845,1845,1845,1845,0
2022-04-07 12:47:00,1845,1845,1845,1845,0
2022-04-07 12:48:00,1845,1845,1845,1845,0
2022-04-07 12:49:00,1845,1845,1845,1845,0
2022-04-07 12:50:00,1845,1845,1845,1845,0
2022-04-07 12:51:00,1845,1845,1845,1845,0
2022-04-07 12:52:00,1845,1845,1845,1845,0
2022-04-07 12:53:00,1845,1845,1845,1845,0
2022-04-07 12:54:00,1845,1845,1845,1845,0
2022-04-07 12:55:00,1845,1845,1845,1845,0
2022-04-07 12:56:00,1845,1845,1845,1845,0
2022-04-07 12:57:00,1845,1845,1845,1845,0
2022-04-07 12:58:00,1845,1845,1845,1845,0
2022-04-07 12:59:00,1845,1845,1845,1845,0
2022-04-07 13:00:00,1845,1845,1845,1845,0
2022-04-07 13:01:00,1845,1845,1845,1845,0
2022-04-07 13:02:00,1845,1845,1845,1845,0
2022-04-07 13:03:00,1845,1845,1845,1845,0
2022-04-07 13:04:00,1845,1845,1845,1845,0
2022-04-07 13:05:00,1845,1845,1845,1845,0
2022-04-07 13:06:00,1845,1845,1845,1845,0
2022-04-07 13:07:00,1845,1845,1845,1845,0
2022-04-07 13:08:00,1845,1845,1845,1845,0
2022-04-07 13:09:00,1845,1845,1845,1845,0
2022-04-07 13:10:00,1845,1845,1845,1845,0
2022-04-07 13:11:00,1845,1845,1845,1845,0
2022-04-07 13:12:00,1845,1845,1845,1845,0
2022-04-07 13:13:00,1845,1845,1845,1845,0
2022-04-07 13:14:00,1845,1845,1845,1845,0
2022-04-07 13:15:00,1845,1845,1845,1845,0
2022-04-07 13:16:00,1845,1845,1845,1845,0
2022-04-07 13:17:00,1845,1845,1845,1845,0
2022-04-07 13:18:00,1845,1845,1845,1845,0
2022-04-07 13:19:00,1845,1845,1845,1845,0
2022-04-07 13:20:00,1845,1845,1845,1845,0
2022-04-07 13:21:00,1845,1845,1845,1845,0
2022-04-07 13:22:00,1845,1845,1845,1845,0
2022-04-07 13:23:00,1845,1845,1845,1845,0
2022-04-07 13:24:00,1845,1845,1845,1845,0
2022-04-07 13:25:00,1845,1845,1845,1845,0
2022-04-07 13:26:00,1845,1845,1845,1845,0
2022-04-07 13:27:00,1845,1845,1845,1845,0
2022-04-07 13:28:00,1845,1845,1845,1845,0
2022-04-07 13:29:00,1845,1845,1845,1845,0
2022-04-07 13:30:00,1845,1845,1845,1845,200
2022-04-07 13:31:00,1845,1845,1845,1845,0
2022-04-07 13:32:00,1845,1845,1845,1845,0
2022-04-07 13:33:00,1845,1845,1845,1845,0
2022-04-07 13:34:00,1845,1845,1845,1845,0
2022-04-07 13:35:00,1845,1845,1845,1845,0
2022-04-07 13:36:00,1845,1845,1845,1845,0
2022-04-07 13:37:00,1845,1845,1845,1845,0
2022-04-07 13:38:00,1845,1845,1845,1845,0
2022-04-07 13:39:00,1845,1845,1845,1845,0
2022-04-07 13:40:00,1845,1845,1845,1845,0
2022-04-07 13:41:00,1845,1845,1845,1845,0
2022-04-07 13:42:00,1845,1845,1845,1845,0
2022-04-07 13:43:00,1845,1845,1845,1845,0
2022-04-07 13:44:00,1845,1845,1845,1845,0
2022-04-07 13:45:00,1845,1845,1845,1845,0
2022-04-07 13:46:00,1845,1845,1845,1845,0
2022-04-07 13:47:00,1845,1845,1845,1845,0
2022-04-07 13:48:00,1845,1845,1845,1845,0
2022-04-07 13:49:00,1845,1845,1845,1845,0
2022-04-07 13:50:00,1845,1845,1845,1845,0
2022-04-07 13:51:00,1845,1845,1845,1845,0
2022-04-07 13:52:00,1845,1845,1845,1845,0
2022-04-07 13:53:00,1845,1845,1845,1845,0
2022-04-07 13:54:00,1845,1845,1845,1845,0
2022-04-07 13:55:00,1845,1845,1845,1845,0
2022-04-07 13:56:00,1845,1845,1845,1845,0
2022-04-07 13:57:00,1845,1845,1845,1845,0
2022-04-07 13:58:00,1845,1845,1845,1845,0
2022-04-07 13:59:00,1845,1845,1845,1845,0
2022-04-07 14:00:00,1845,1845,1845,1845,0
2022-04-07 14:01:00,1845,1845,1845,1845,0
2022-04-07 14:02:00,1845,1845,1845,1845,0
2022-04-07 14:03:00,1845,1845,1845,1845,0
2022-04-07 14:04:00,1845,1845,1845,1845,0
2022-04-07 14:05:00,1845,1845,1845,1845,0
2022-04-07 14:06:00,1845,1845,1845,1845,0
2022-04-07 14:07:00,1845,1845,1845,1845,0
2022-04-07 14:08:00,1845,1845,1845,1845,0
2022-04-07 14:09:00,1845,1845,1845,1845,0
2022-04-07 14:10:00,1845,1845,1845,1845,0
2022-04-07 14:11:00,1845,1845,1845,1845,0
2022-04-07 14:12:00,1845,1845,1845,1845,0
2022-04-07 14:13:00,1845,1845,1845,1845,0
2022-04-07 14:14:00,1845,1845,1845,1845,0
2022-04-07 14:15:00,1845,1845,1845,1845,0
2022-04-07 14:16:00,1845,1845,1845,1845,0
2022-04-07 14:17:00,1845,1845,1845,1845,0
2022-04-07 14:18:00,1845,1845,1845,1845,0
2022-04-07 14:19:00,1845,1845,1845,1845,0
2022-04-07 14:20:00,1845,1845,1845,1845,0
2022-04-07 14:21:00,1845,1845,1845,1845,0
2022-04-07 14:22:00,1845,1845,1845,1845,0
2022-04-07 14:23:00,1800,1800,1800,1800,100
2022-04-07 14:24:00,1800,1800,1800,1800,0
2022-04-07 14:25:00,1800,1800,1800,1800,0
2022-04-07 14:26:00,1800,1800,1800,1800,0
2022-04-07 14:27:00,1800,1800,1800,1800,0
2022-04-07 14:28:00,1800,1800,1800,1800,0
2022-04-07 14:29:00,1800,1800,1800,1800,0
2022-04-07 14:30:00,1800,1800,1800,1800,0
2022-04-07 14:31:00,1800,1800,1800,1800,0
2022-04-07 14:32:00,1800,1800,1800,1800,0
2022-04-07 14:33:00,1800,1800,1800,1800,0
2022-04-07 14:34:00,1800,1800,1800,1800,0
2022-04-07 14:35:00,1800,1800,1800,1800,0
2022-04-07 14:36:00,1800,1800,1800,1800,0
2022-04-07 14:37:00,1800,1800,1800,1800,0
2022-04-07 14:38:00,1800,1800,1800,1800,0
2022-04-07 14:39:00,1800,1800,1800,1800,0
2022-04-07 14:40:00,1800,1800,1800,1800,0
2022-04-07 14:41:00,1800,1800,1800,1800,0
2022-04-07 14:42:00,1800,1800,1800,1800,0
2022-04-07 14:43:00,1800,1800,1800,1800,0
2022-04-07 14:44:00,1800,1800,1800,1800,0
2022-04-07 14:45:00,1800,1800,1800,1800,0
2022-04-07 14:46:00,1800,1800,1800,1800,0
2022-04-07 14:47:00,1800,1800,1800,1800,0
2022-04-07 14:48:00,1800,1800,1800,1800,0
2022-04-07 14:49:00,1800,1800,1800,1800,0
2022-04-07 14:50:00,1800,1800,1800,1800,0
2022-04-07 14:51:00,1800,1800,1800,1800,0
2022-04-07 14:52:00,1800,1800,1800,1800,0
2022-04-07 14:53:00,1800,1800,1800,1800,0
2022-04-07 14:54:00,1800,1800,1800,1800,0
2022-04-07 14:55:00,1800,1800,1800,1800,0
2022-04-07 14:56:00,1800,1800,1800,1800,0
2022-04-07 14:57:00,1800,1800,1800,1800,0
2022-04-07 14:58:00,1800,1800,1800,1800,0
2022-04-07 14:59:00,1800,1800,1800,1800,0
2022-04-07 15:00:00,1800,1800,1800,1800,0
2022-04-07 15:01:00,1800,1800,1800,1800,0
2022-04-07 15:02:00,1800,1800,1800,1800,0
2022-04-07 15:03:00,1800,1800,1800,1800,0
2022-04-07 15:04:00,1800,1800,1800,1800,0
2022-04-07 15:05:00,1800,1800,1800,1800,0
2022-04-07 15:06:00,1800,1800,1800,1800,0
2022-04-07 15:07:00,1800,1800,1800,1800,0
2022-04-07 15:08:00,1800,1800,1800,1800,0
2022-04-07 15:09:00,1800,1800,1800,1800,0
2022-04-07 15:10:00,1800,1800,1800,1800,0
2022-04-07 15:11:00,1800,1800,1800,1800,0
2022-04-07 15:12:00,1800,1800,1800,1800,0
2022-04-07 15:13:00,1800,1800,1800,1800,0
2022-04-07 15:14:00,1800,1800,1800,1800,0
2022-04-07 15:15:00,1800,1800,1800,1800,0
2022-04-07 15:16:00,1800,1800,1800,1800,0
2022-04-07 15:17:00,1800,1800,1800,1800,0
2022-04-07 15:18:00,1800,1800,1800,1800,0
2022-04-07 15:19:00,1800,1800,1800,1800,0
2022-04-07 15:20:00,1800,1800,1800,1800,0
2022-04-07 15:21:00,1800,1800,1800,1800,0
2022-04-07 15:22:00,1800,1800,1800,1800,0
2022-04-07 15:23:00,1800,1800,1800,1800,0
2022-04-07 15:24:00,1800,1800,1800,1800,0
2022-04-07 15:25:00,1800,1800,1800,1800,0
2022-04-07 15:26:00,1800,1800,1800,1800,0
2022-04-07 15:27:00,1800,1800,1800,1800,0
2022-04-07 15:28:00,1800,1800,1800,1800,0
2022-04-07 15:29:00,1800,1800,1800,1800,0
2022-04-07 15:30:00,1800,1800,1800,1800,0
2022-04-07 15:31:00,1800,1800,1800,1800,0
2022-04-07 15:32:00,1800,1800,1800,1800,0
2022-04-07 15:33:00,1800,1800,1800,1800,0
2022-04-07 15:34:00,1800,1800,1800,1800,0
2022-04-07 15:35:00,1800,1800,1800,1800,0
2022-04-07 15:36:00,1800,1800,1800,1800,0
2022-04-07 15:37:00,1800,1800,1800,1800,0
2022-04-07 15:38:00,1800,1800,1800,1800,0
2022-04-07 15:39:00,1800,1800,1800,1800,0
2022-04-07 15:40:00,1800,1800,1800,1800,0
2022-04-07 15:41:00,1800,1800,1800,1800,0
2022-04-07 15:42:00,1800,1800,1800,1800,0
2022-04-07 15:43:00,1800,1800,1800,1800,0
2022-04-07 15:44:00,1800,1800,1800,1800,0
2022-04-07 15:45:00,1800,1800,1800,1800,0
2022-04-07 15:46:00,1800,1800,1800,1800,0
2022-04-07 15:47:00,1800,1800,1800,1800,0
2022-04-07 15:48:00,1800,1800,1800,1800,0
2022-04-07 15:49:00,1800,1800,1800,1800,0
2022-04-07 15:50:00,1800,1800,1800,1800,0
2022-04-07 15:51:00,1800,1800,1800,1800,0
2022-04-07 15:52:00,1800,1800,1800,1800,0
2022-04-07 15:53:00,1800,1800,1800,1800,0
2022-04-07 15:54:00,1800,1800,1800,1800,0
2022-04-07 15:55:00,1800,1800,1800,1800,0
2022-04-07 15:56:00,1800,1800,1800,1800,0
2022-04-07 15:57:00,1800,1800,1800,1800,0
2022-04-07 15:58:00,1800,1800,1800,1800,0
2022-04-07 15:59:00,1800,1800,1800,1800,0
2022-04-08 09:00:00,1800,1800,1800,1800,0
2022-04-08 09:01:00,1800,1800,1800,1800,0
2022-04-08 09:02:00,1800,1800,1800,1800,0
2022-04-08 09:03:00,1800,1800,1800,1800,0
2022-04-08 09:04:00,1800,1800,1800,1800,0
2022-04-08 09:05:00,1800,1800,1800,1800,0
2022-04-08 09:06:00,1800,1800,1800,1800,0
2022-04-08 09:07:00,1800,1800,1800,1800,0
2022-04-08 09:08:00,1800,1800,1800,1800,0
2022-04-08 09:09:00,1800,1800,1800,1800,0
2022-04-08 09:10:00,1800,1800,1800,1800,0
2022-04-08 09:11:00,1800,1800,1800,1800,0
2022-04-08 09:12:00,1800,1800,1800,1800,0
2022-04-08 09:13:00,1800,1800,1800,1800,0
2022-04-08 09:14:00,1800,1800,1800,1800,0
2022-04-08 09:15:00,1800,1800,1800,1800,0
2022-04-08 09:16:00,1800,1800,1800,1800,0
2022-04-08 09:17:00,1800,1800,1800,1800,0
2022-04-08 09:18:00,1800,1800,1800,1800,0
2022-04-08 09:19:00,1800,1800,1800,1800,0
2022-04-08 09:20:00,1805,1805,1805,1805,0
2022-04-08 09:21:00,1805,1805,1805,1805,0
2022-04-08 09:22:00,1805,1805,1805,1805,0
2022-04-08 09:23:00,1805,1805,1805,1805,0
2022-04-08 09:24:00,1805,1805,1805,1805,0
2022-04-08 09:25:00,1805,1805,1805,1805,0
2022-04-08 09:26:00,1805,1805,1805,1805,0
2022-04-08 09:27:00,1805,1805,1805,1805,0
2022-04-08 09:28:00,1805,1805,1805,1805,0
2022-04-08 09:29:00,1805,1805,1805,1805,0
2022-04-08 09:30:00,1805,1805,1805,1805,0
2022-04-08 09:31:00,1805,1805,1805,1805,0
2022-04-08 09:32:00,1805,1805,1805,1805,0
2022-04-08 09:33:00,1805,1805,1805,1805,0
2022-04-08 09:34:00,1805,1805,1805,1805,0
2022-04-08 09:35:00,1805,1805,1805,1805,0
2022-04-08 09:36:00,1805,1805,1805,1805,0
2022-04-08 09:37:00,1805,1805,1805,1805,0
2022-04-08 09:38:00,1805,1805,1805,1805,0
2022-04-08 09:39:00,1805,1805,1805,1805,0
2022-04-08 09:40:00,1805,1805,1805,1805,0
2022-04-08 09:41:00,1805,1805,1805,1805,0
2022-04-08 09:42:00,1805,1805,1805,1805,0
2022-04-08 09:43:00,1805,1805,1805,1805,0
2022-04-08 09:44:00,1805,1805,1805,1805,0
2022-04-08 09:45:00,1805,1805,1805,1805,0
2022-04-08 09:46:00,1805,1805,1805,1805,0
2022-04-08 09:47:00,1805,1805,1805,1805,0
2022-04-08 09:48:00,1805,1805,1805,1805,0
2022-04-08 09:49:00,1805,1805,1805,1805,0
2022-04-08 09:50:00,1805,1805,1805,1805,0
2022-04-08 09:51:00,1805,1805,1805,1805,0
2022-04-08 09:52:00,1805,1805,1805,1805,0
2022-04-08 09:53:00,1805,1805,1805,1805,0
2022-04-08 09:54:00,1805,1805,1805,1805,0
2022-04-08 09:55:00,1805,1805,1805,1805,0
2022-04-08 09:56:00,1805,1805,1805,1805,0
2022-04-08 09:57:00,1805,1805,1805,1805,0
2022-04-08 09:58:00,1805,1805,1805,1805,0
2022-04-08 09:59:00,1805,1805,1805,1805,0
2022-04-08 10:00:00,1805,1805,1805,1805,0
2022-04-08 10:01:00,1805,1805,1805,1805,0
2022-04-08 10:02:00,1805,1805,1805,1805,0
2022-04-08 10:03:00,1805,1805,1805,1805,0
2022-04-08 10:04:00,1805,1805,1805,1805,0
2022-04-08 10:05:00,1805,1805,1805,1805,0
2022-04-08 10:06:00,1805,1805,1805,1805,0
2022-04-08 10:07:00,1805,1805,1805,1805,0
2022-04-08 10:08:00,1805,1805,1805,1805,0
2022-04-08 10:09:00,1805,1805,1805,1805,0
2022-04-08 10:10:00,1805,1805,1805,1805,0
2022-04-08 10:11:00,1805,1805,1805,1805,0
2022-04-08 10:12:00,1805,1805,1805,1805,0
2022-04-08 10:13:00,1805,1805,1805,1805,0
2022-04-08 10:14:00,1805,1805,1805,1805,0
2022-04-08 10:15:00,1805,1805,1805,1805,0
2022-04-08 10:16:00,1805,1805,1805,1805,0
2022-04-08 10:17:00,1805,1805,1805,1805,0
2022-04-08 10:18:00,1805,1805,1805,1805,0
2022-04-08 10:19:00,1805,1805,1805,1805,0
2022-04-08 10:20:00,1805,1805,1805,1805,0
2022-04-08 10:21:00,1805,1805,1805,1805,0
2022-04-08 10:22:00,1805,1805,1805,1805,0
2022-04-08 10:23:00,1805,1805,1805,1805,0
2022-04-08 10:24:00,1805,1805,1805,1805,0
2022-04-08 10:25:00,1805,1805,1805,1805,0
2022-04-08 10:26:00,1805,1805,1805,1805,0
2022-04-08 10:27:00,1805,1805,1805,1805,0
2022-04-08 10:28:00,1805,1805,1805,1805,0
2022-04-08 10:29:00,1805,1805,1805,1805,0
2022-04-08 10:30:00,1805,1805,1805,1805,0
2022-04-08 10:31:00,1805,1805,1805,1805,0
2022-04-08 10:32:00,1805,1805,1805,1805,0
2022-04-08 10:33:00,1805,1805,1805,1805,0
2022-04-08 10:34:00,1805,1805,1805,1805,0
2022-04-08 10:35:00,1805,1805,1805,1805,0
2022-04-08 10:36:00,1805,1805,1805,1805,0
2022-04-08 10:37:00,1805,1805,1805,1805,0
2022-04-08 10:38:00,1805,1805,1805,1805,0
2022-04-08 10:39:00,1805,1805,1805,1805,0
2022-04-08 10:40:00,1805,1805,1805,1805,0
2022-04-08 10:41:00,1805,1805,1805,1805,0
2022-04-08 10:42:00,1805,1805,1805,1805,0
2022-04-08 10:43:00,1805,1805,1805,1805,0
2022-04-08 10:44:00,1805,1805,1805,1805,0
2022-04-08 10:45:00,1805,1805,1805,1805,0
2022-04-08 10:46:00,1805,1805,1805,1805,0
2022-04-08 10:47:00,1805,1805,1805,1805,0
2022-04-08 10:48:00,1805,1805,1805,1805,0
2022-04-08 10:49:00,1805,1805,1805,1805,0
2022-04-08 10:50:00,1805,1805,1805,1805,0
2022-04-08 10:51:00,1805,1805,1805,1805,0
2022-04-08 10:52:00,1805,1805,1805,1805,0
2022-04-08 10:53:00,1805,1805,1805,1805,0
2022-04-08 10:54:00,1805,1805,1805,1805,0
2022-04-08 10:55:00,1805,1805,1805,1805,0
2022-04-08 10:56:00,1805,1805,1805,1805,0
2022-04-08 10:57:00,1805,1805,1805,1805,0
2022-04-08 10:58:00,1805,1805,1805,1805,0
2022-04-08 10:59:00,1805,1805,1805,1805,0
2022-04-08 11:00:00,1805,1805,1805,1805,0
2022-04-08 11:01:00,1805,1805,1805,1805,0
2022-04-08 11:02:00,1805,1805,1805,1805,0
2022-04-08 11:03:00,1805,1805,1805,1805,0
2022-04-08 11:04:00,1805,1805,1805,1805,0
2022-04-08 11:05:00,1805,1805,1805,1805,0
2022-04-08 11:06:00,1805,1805,1805,1805,0
2022-04-08 11:07:00,1805,1805,1805,1805,0
2022-04-08 11:08:00,1805,1805,1805,1805,0
2022-04-08 11:09:00,1805,1805,1805,1805,0
2022-04-08 11:10:00,1805,1805,1805,1805,0
2022-04-08 11:11:00,1805,1805,1805,1805,0
2022-04-08 11:12:00,1805,1805,1805,1805,0
2022-04-08 11:13:00,1805,1805,1805,1805,0
2022-04-08 11:14:00,1805,1805,1805,1805,0
2022-04-08 11:15:00,1805,1805,1805,1805,0
2022-04-08 11:16:00,1805,1805,1805,1805,0
2022-04-08 11:17:00,1805,1805,1805,1805,0
2022-04-08 11:18:00,1805,1805,1805,1805,0
2022-04-08 11:19:00,1805,1805,1805,1805,0
2022-04-08 11:20:00,1805,1805,1805,1805,0
2022-04-08 11:21:00,1805,1805,1805,1805,0
2022-04-08 11:22:00,1805,1805,1805,1805,0
2022-04-08 11:23:00,1805,1805,1805,1805,0
2022-04-08 11:24:00,1805,1805,1805,1805,0
2022-04-08 11:25:00,1805,1805,1805,1805,0
2022-04-08 11:26:00,1805,1805,1805,1805,0
2022-04-08 11:27:00,1805,1805,1805,1805,0
2022-04-08 11:28:00,1805,1805,1805,1805,0
2022-04-08 11:29:00,1805,1805,1805,1805,0
2022-04-08 11:30:00,1805,1805,1805,1805,0
2022-04-08 11:31:00,1805,1805,1805,1805,0
2022-04-08 11:32:00,1805,1805,1805,1805,0
2022-04-08 11:33:00,1805,1805,1805,1805,0
2022-04-08 11:34:00,1805,1805,1805,1805,0
2022-04-08 11:35:00,1805,1805,1805,1805,0
2022-04-08 11:36:00,1805,1805,1805,1805,0
2022-04-08 11:37:00,1805,1805,1805,1805,0
2022-04-08 11:38:00,1805,1805,1805,1805,0
2022-04-08 11:39:00,1805,1805,1805,1805,0
2022-04-08 11:40:00,1805,1805,1805,1805,0
2022-04-08 11:41:00,1805,1805,1805,1805,0
2022-04-08 11:42:00,1805,1805,1805,1805,0
2022-04-08 11:43:00,1805,1805,1805,1805,0
2022-04-08 11:44:00,1805,1805,1805,1805,0
2022-04-08 11:45:00,1805,1805,1805,1805,0
2022-04-08 11:46:00,1805,1805,1805,1805,0
2022-04-08 11:47:00,1805,1805,1805,1805,0
2022-04-08 11:48:00,1805,1805,1805,1805,0
2022-04-08 11:49:00,1805,1805,1805,1805,0
2022-04-08 11:50:00,1805,1805,1805,1805,0
2022-04-08 11:51:00,1805,1805,1805,1805,0
2022-04-08 11:52:00,1805,1805,1805,1805,0
2022-04-08 11:53:00,1805,1805,1805,1805,0
2022-04-08 11:54:00,1805,1805,1805,1805,0
2022-04-08 11:55:00,1805,1805,1805,1805,0
2022-04-08 11:56:00,1805,1805,1805,1805,0
2022-04-08 11:57:00,1805,1805,1805,1805,0
2022-04-08 11:58:00,1805,1805,1805,1805,0
2022-04-08 11:59:00,1805,1805,1805,1805,0
2022-04-08 12:00:00,1805,1805,1805,1805,0
2022-04-08 12:01:00,1805,1805,1805,1805,0
2022-04-08 12:02:00,1805,1805,1805,1805,0
2022-04-08 12:03:00,1805,1805,1805,1805,0
2022-04-08 12:04:00,1805,1805,1805,1805,0
2022-04-08 12:05:00,1805,1805,1805,1805,0
2022-04-08 12:06:00,1805,1805,1805,1805,0
2022-04-08 12:07:00,1805,1805,1805,1805,0
2022-04-08 12:08:00,1805,1805,1805,1805,0
2022-04-08 12:09:00,1805,1805,1805,1805,0
2022-04-08 12:10:00,1805,1805,1805,1805,0
2022-04-08 12:11:00,1805,1805,1805,1805,0
2022-04-08 12:12:00,1805,1805,1805,1805,0
2022-04-08 12:13:00,1805,1805,1805,1805,0
2022-04-08 12:14:00,1805,1805,1805,1805,0
2022-04-08 12:15:00,1805,1805,1805,1805,0
2022-04-08 12:16:00,1805,1805,1805,1805,0
2022-04-08 12:17:00,1805,1805,1805,1805,0
2022-04-08 12:18:00,1805,1805,1805,1805,0
2022-04-08 12:19:00,1805,1805,1805,1805,0
2022-04-08 12:20:00,1805,1805,1805,1805,0
2022-04-08 12:21:00,1805,1805,1805,1805,0
2022-04-08 12:22:00,1805,1805,1805,1805,0
2022-04-08 12:23:00,1805,1805,1805,1805,0
2022-04-08 12:24:00,1805,1805,1805,1805,0
2022-04-08 12:25:00,1805,1805,1805,1805,0
2022-04-08 12:26:00,1805,1805,1805,1805,0
2022-04-08 12:27:00,1805,1805,1805,1805,0
2022-04-08 12:28:00,1805,1805,1805,1805,0
2022-04-08 12:29:00,1805,1805,1805,1805,0
2022-04-08 12:30:00,1805,1805,1805,1805,0
2022-04-08 12:31:00,1805,1805,1805,1805,0
2022-04-08 12:32:00,1805,1805,1805,1805,0
2022-04-08 12:33:00,1805,1805,1805,1805,0
2022-04-08 12:34:00,1805,1805,1805,1805,0
2022-04-08 12:35:00,1805,1805,1805,1805,0
2022-04-08 12:36:00,1805,1805,1805,1805,0
2022-04-08 12:37:00,1805,1805,1805,1805,0
2022-04-08 12:38:00,1805,1805,1805,1805,0
2022-04-08 12:39:00,1805,1805,1805,1805,0
2022-04-08 12:40:00,1805,1805,1805,1805,0
2022-04-08 12:41:00,1805,1805,1805,1805,0
2022-04-08 12:42:00,1805,1805,1805,1805,0
2022-04-08 12:43:00,1805,1805,1805,1805,0
2022-04-08 12:44:00,1805,1805,1805,1805,0
2022-04-08 12:45:00,1805,1805,1805,1805,0
2022-04-08 12:46:00,1805,1805,1805,1805,0
2022-04-08 12:47:00,1805,1805,1805,1805,0
2022-04-08 12:48:00,1805,1805,1805,1805,0
2022-04-08 12:49:00,1805,1805,1805,1805,0
2022-04-08 12:50:00,1805,1805,1805,1805,0
2022-04-08 12:51:00,1805,1805,1805,1805,0
2022-04-08 12:52:00,1805,1805,1805,1805,0
2022-04-08 12:53:00,1805,1805,1805,1805,0
2022-04-08 12:54:00,1805,1805,1805,1805,0
2022-04-08 12:55:00,1805,1805,1805,1805,0
2022-04-08 12:56:00,1805,1805,1805,1805,0
2022-04-08 12:57:00,1805,1805,1805,1805,0
2022-04-08 12:58:00,1805,1805,1805,1805,0
2022-04-08 12:59:00,1805,1805,1805,1805,0
2022-04-08 13:00:00,1805,1805,1805,1805,0
2022-04-08 13:01:00,1805,1805,1805,1805,0
2022-04-08 13:02:00,1805,1805,1805,1805,0
2022-04-08 13:03:00,1805,1805,1805,1805,0
2022-04-08 13:04:00,1805,1805,1805,1805,0
2022-04-08 13:05:00,1805,1805,1805,1805,0
2022-04-08 13:06:00,1805,1805,1805,1805,0
2022-04-08 13:07:00,1805,1805,1805,1805,0
2022-04-08 13:08:00,1805,1805,1805,1805,0
2022-04-08 13:09:00,1805,1805,1805,1805,0
2022-04-08 13:10:00,1805,1805,1805,1805,0
2022-04-08 13:11:00,1805,1805,1805,1805,0
2022-04-08 13:12:00,1805,1805,1805,1805,0
2022-04-08 13:13:00,1805,1805,1805,1805,0
2022-04-08 13:14:00,1805,1805,1805,1805,0
2022-04-08 13:15:00,1805,1805,1805,1805,0
2022-04-08 13:16:00,1805,1805,1805,1805,0
2022-04-08 13:17:00,1805,1805,1805,1805,0
2022-04-08 13:18:00,1805,1805,1805,1805,0
2022-04-08 13:19:00,1805,1805,1805,1805,0
2022-04-08 13:20:00,1805,1805,1805,1805,0
2022-04-08 13:21:00,1805,1805,1805,1805,0
2022-04-08 13:22:00,1805,1805,1805,1805,0
2022-04-08 13:23:00,1805,1805,1805,1805,0
2022-04-08 13:24:00,1805,1805,1805,1805,0
2022-04-08 13:25:00,1805,1805,1805,1805,0
2022-04-08 13:26:00,1805,1805,1805,1805,0
2022-04-08 13:27:00,1805,1805,1805,1805,0
2022-04-08 13:28:00,1805,1805,1805,1805,0
2022-04-08 13:29:00,1805,1805,1805,1805,0
2022-04-08 13:30:00,1805,1805,1805,1805,0
2022-04-08 13:31:00,1805,1805,1805,1805,0
2022-04-08 13:32:00,1805,1805,1805,1805,0
2022-04-08 13:33:00,1805,1805,1805,1805,0
2022-04-08 13:34:00,1805,1805,1805,1805,0
2022-04-08 13:35:00,1805,1805,1805,1805,0
2022-04-08 13:36:00,1805,1805,1805,1805,0
2022-04-08 13:37:00,1805,1805,1805,1805,0
2022-04-08 13:38:00,1805,1805,1805,1805,0
2022-04-08 13:39:00,1805,1805,1805,1805,0
2022-04-08 13:40:00,1805,1805,1805,1805,0
2022-04-08 13:41:00,1805,1805,1805,1805,0
2022-04-08 13:42:00,1805,1805,1805,1805,0
2022-04-08 13:43:00,1805,1805,1805,1805,0
2022-04-08 13:44:00,1805,1805,1805,1805,0
2022-04-08 13:45:00,1805,1805,1805,1805,0
2022-04-08 13:46:00,1805,1805,1805,1805,0
2022-04-08 13:47:00,1805,1805,1805,1805,0
2022-04-08 13:48:00,1805,1805,1805,1805,0
2022-04-08 13:49:00,1805,1805,1805,1805,0
2022-04-08 13:50:00,1805,1805,1805,1805,0
2022-04-08 13:51:00,1805,1805,1805,1805,0
2022-04-08 13:52:00,1805,1805,1805,1805,0
2022-04-08 13:53:00,1805,1805,1805,1805,0
2022-04-08 13:54:00,1805,1805,1805,1805,0
2022-04-08 13:55:00,1805,1805,1805,1805,0
2022-04-08 13:56:00,1805,1805,1805,1805,0
2022-04-08 13:57:00,1805,1805,1805,1805,0
2022-04-08 13:58:00,1805,1805,1805,1805,0
2022-04-08 13:59:00,1805,1805,1805,1805,0
2022-04-08 14:00:00,1805,1805,1805,1805,0
2022-04-08 14:01:00,1805,1805,1805,1805,0
2022-04-08 14:02:00,1805,1805,1805,1805,0
2022-04-08 14:03:00,1805,1805,1805,1805,0
2022-04-08 14:04:00,1805,1805,1805,1805,0
2022-04-08 14:05:00,1805,1805,1805,1805,0
2022-04-08 14:06:00,1805,1805,1805,1805,0
2022-04-08 14:07:00,1805,1805,1805,1805,0
2022-04-08 14:08:00,1805,1805,1805,1805,0
2022-04-08 14:09:00,1805,1805,1805,1805,0
2022-04-08 14:10:00,1805,1805,1805,1805,0
2022-04-08 14:11:00,1805,1805,1805,1805,0
2022-04-08 14:12:00,1805,1805,1805,1805,0
2022-04-08 14:13:00,1805,1805,1805,1805,0
2022-04-08 14:14:00,1805,1805,1805,1805,0
2022-04-08 14:15:00,1805,1805,1805,1805,0
2022-04-08 14:16:00,1805,1805,1805,1805,0
2022-04-08 14:17:00,1805,1805,1805,1805,0
2022-04-08 14:18:00,1805,1805,1805,1805,0
2022-04-08 14:19:00,1805,1805,1805,1805,0
2022-04-08 14:20:00,1805,1805,1805,1805,0
2022-04-08 14:21:00,1805,1805,1805,1805,0
2022-04-08 14:22:00,1805,1805,1805,1805,0
2022-04-08 14:23:00,1805,1805,1805,1805,0
2022-04-08 14:24:00,1805,1805,1805,1805,0
2022-04-08 14:25:00,1805,1805,1805,1805,0
2022-04-08 14:26:00,1805,1805,1805,1805,0
2022-04-08 14:27:00,1805,1805,1805,1805,0
2022-04-08 14:28:00,1805,1805,1805,1805,0
2022-04-08 14:29:00,1805,1805,1805,1805,0
2022-04-08 14:30:00,1805,1805,1805,1805,0
2022-04-08 14:31:00,1805,1805,1805,1805,0
2022-04-08 14:32:00,1805,1805,1805,1805,0
2022-04-08 14:33:00,1805,1805,1805,1805,0
2022-04-08 14:34:00,1805,1805,1805,1805,0
2022-04-08 14:35:00,1805,1805,1805,1805,0
2022-04-08 14:36:00,1805,1805,1805,1805,0
2022-04-08 14:37:00,1805,1805,1805,1805,0
2022-04-08 14:38:00,1805,1805,1805,1805,0
2022-04-08 14:39:00,1805,1805,1805,1805,0
2022-04-08 14:40:00,1805,1805,1805,1805,0
2022-04-08 14:41:00,1805,1805,1805,1805,0
2022-04-08 14:42:00,1805,1805,1805,1805,0
2022-04-08 14:43:00,1805,1805,1805,1805,0
2022-04-08 14:44:00,1805,1805,1805,1805,0
2022-04-08 14:45:00,1805,1805,1805,1805,0
2022-04-08 14:46:00,1805,1805,1805,1805,0
2022-04-08 14:47:00,1805,1805,1805,1805,0
2022-04-08 14:48:00,1805,1805,1805,1805,0
2022-04-08 14:49:00,1805,1805,1805,1805,0
2022-04-08 14:50:00,1805,1805,1805,1805,0
2022-04-08 14:51:00,1805,1805,1805,1805,0
2022-04-08 14:52:00,1805,1805,1805,1805,0
2022-04-08 14:53:00,1805,1805,1805,1805,0
2022-04-08 14:54:00,1805,1805,1805,1805,0
2022-04-08 14:55:00,1805,1805,1805,1805,0
2022-04-08 14:56:00,1805,1805,1805,1805,0
2022-04-08 14:57:00,1805,1805,1805,1805,0
2022-04-08 14:58:00,1805,1805,1805,1805,0
2022-04-08 14:59:00,1805,1805,1805,1805,0
2022-04-08 15:00:00,1805,1805,1805,1805,0
2022-04-08 15:01:00,1805,1805,1805,1805,0
2022-04-08 15:02:00,1805,1805,1805,1805,0
2022-04-08 15:03:00,1805,1805,1805,1805,0
2022-04-08 15:04:00,1805,1805,1805,1805,0
2022-04-08 15:05:00,1805,1805,1805,1805,0
2022-04-08 15:06:00,1805,1805,1805,1805,0
2022-04-08 15:07:00,1805,1805,1805,1805,0
2022-04-08 15:08:00,1805,1805,1805,1805,0
2022-04-08 15:09:00,1805,1805,1805,1805,0
2022-04-08 15:10:00,1805,1805,1805,1805,0
2022-04-08 15:11:00,1805,1805,1805,1805,0
2022-04-08 15:12:00,1805,1805,1805,1805,0
2022-04-08 15:13:00,1805,1805,1805,1805,0
2022-04-08 15:14:00,1805,1805,1805,1805,0
2022-04-08 15:15:00,1805,1805,1805,1805,0
2022-04-08 15:16:00,1805,1805,1805,1805,0
2022-04-08 15:17:00,1805,1805,1805,1805,0
2022-04-08 15:18:00,1805,1805,1805,1805,0
2022-04-08 15:19:00,1805,1805,1805,1805,0
2022-04-08 15:20:00,1805,1805,1805,1805,0
2022-04-08 15:21:00,1805,1805,1805,1805,0
2022-04-08 15:22:00,1805,1805,1805,1805,0
2022-04-08 15:23:00,1805,1805,1805,1805,0
2022-04-08 15:24:00,1805,1805,1805,1805,0
2022-04-08 15:25:00,1805,1805,1805,1805,0
2022-04-08 15:26:00,1805,1805,1805,1805,0
2022-04-08 15:27:00,1805,1805,1805,1805,0
2022-04-08 15:28:00,1805,1805,1805,1805,0
2022-04-08 15:29:00,1805,1805,1805,1805,0
2022-04-08 15:30:00,1805,1805,1805,1805,0
2022-04-08 15:31:00,1805,1805,1805,1805,0
2022-04-08 15:32:00,1805,1805,1805,1805,0
2022-04-08 15:33:00,1805,1805,1805,1805,0
2022-04-08 15:34:00,1805,1805,1805,1805,0
2022-04-08 15:35:00,1805,1805,1805,1805,0
2022-04-08 15:36:00,1805,1805,1805,1805,0
2022-04-08 15:37:00,1805,1805,1805,1805,0
2022-04-08 15:38:00,1805,1805,1805,1805,0
2022-04-08 15:39:00,1805,1805,1805,1805,0
2022-04-08 15:40:00,1805,1805,1805,1805,0
2022-04-08 15:41:00,1805,1805,1805,1805,0
2022-04-08 15:42:00,1805,1805,1805,1805,0
2022-04-08 15:43:00,1805,1805,1805,1805,0
2022-04-08 15:44:00,1805,1805,1805,1805,0
2022-04-08 15:45:00,1805,1805,1805,1805,0
2022-04-08 15:46:00,1805,1805,1805,1805,0
2022-04-08 15:47:00,1805,1805,1805,1805,0
2022-04-08 15:48:00,1805,1805,1805,1805,0
2022-04-08 15:49:00,1805,1805,1805,1805,0
2022-04-08 15:50:00,1805,1805,1805,1805,0
2022-04-08 15:51:00,1805,1805,1805,1805,0
2022-04-08 15:52:00,1805,1805,1805,1805,0
2022-04-08 15:53:00,1805,1805,1805,1805,0
2022-04-08 15:54:00,1805,1805,1805,1805,0
2022-04-08 15:55:00,1805,1805,1805,1805,0
2022-04-08 15:56:00,1805,1805,1805,1805,0
2022-04-08 15:57:00,1805,1805,1805,1805,0
2022-04-08 15:58:00,1805,1805,1805,1805,0
2022-04-08 15:59:00,1805,1805,1805,1805,0
2022-04-11 09:00:00,1805,1805,1805,1805,0
2022-04-11 09:01:00,1805,1805,1805,1805,0
2022-04-11 09:02:00,1805,1805,1805,1805,0
2022-04-11 09:03:00,1805,1805,1805,1805,0
2022-04-11 09:04:00,1805,1805,1805,1805,0
2022-04-11 09:05:00,1805,1805,1805,1805,0
2022-04-11 09:06:00,1805,1805,1805,1805,0
2022-04-11 09:07:00,1805,1805,1805,1805,0
2022-04-11 09:08:00,1805,1805,1805,1805,0
2022-04-11 09:09:00,1805,1805,1805,1805,0
2022-04-11 09:10:00,1805,1805,1805,1805,0
2022-04-11 09:11:00,1805,1805,1805,1805,0
2022-04-11 09:12:00,1805,1805,1805,1805,0
2022-04-11 09:13:00,1805,1805,1805,1805,0
2022-04-11 09:14:00,1805,1805,1805,1805,0
2022-04-11 09:15:00,1805,1805,1805,1805,0
2022-04-11 09:16:00,1805,1805,1805,1805,0
2022-04-11 09:17:00,1805,1805,1805,1805,0
2022-04-11 09:18:00,1805,1805,1805,1805,0
2022-04-11 09:19:00,1805,1805,1805,1805,0
2022-04-11 09:20:00,1805,1805,1805,1805,0
2022-04-11 09:21:00,1805,1805,1805,1805,0
2022-04-11 09:22:00,1805,1805,1805,1805,0
2022-04-11 09:23:00,1805,1805,1805,1805,0
2022-04-11 09:24:00,1805,1805,1805,1805,0
2022-04-11 09:25:00,1805,1805,1805,1805,0
2022-04-11 09:26:00,1805,1805,1805,1805,0
2022-04-11 09:27:00,1805,1805,1805,1805,0
2022-04-11 09:28:00,1805,1805,1805,1805,0
2022-04-11 09:29:00,1805,1805,1805,1805,0
2022-04-11 09:30:00,1805,1805,1805,1805,0
2022-04-11 09:31:00,1805,1805,1805,1805,0
2022-04-11 09:32:00,1805,1805,1805,1805,0
2022-04-11 09:33:00,1805,1805,1805,1805,0
2022-04-11 09:34:00,1805,1805,1805,1805,0
2022-04-11 09:35:00,1805,1805,1805,1805,0
2022-04-11 09:36:00,1805,1805,1805,1805,0
2022-04-11 09:37:00,1805,1805,1805,1805,0
2022-04-11 09:38:00,1805,1805,1805,1805,0
2022-04-11 09:39:00,1805,1805,1805,1805,0
2022-04-11 09:40:00,1830,1830,1830,1830,100
2022-04-11 09:41:00,1830,1830,1830,1830,0
2022-04-11 09:42:00,1830,1830,1830,1830,0
2022-04-11 09:43:00,1830,1830,1830,1830,0
2022-04-11 09:44:00,1830,1830,1830,1830,0
2022-04-11 09:45:00,1830,1830,1830,1830,0
2022-04-11 09:46:00,1830,1830,1830,1830,0
2022-04-11 09:47:00,1830,1830,1830,1830,0
2022-04-11 09:48:00,1830,1830,1830,1830,0
2022-04-11 09:49:00,1830,1830,1830,1830,0
2022-04-11 09:50:00,1830,1830,1830,1830,0
2022-04-11 09:51:00,1830,1830,1830,1830,0
2022-04-11 09:52:00,1830,1830,1830,1830,0
2022-04-11 09:53:00,1830,1830,1830,1830,0
2022-04-11 09:54:00,1830,1830,1830,1830,0
2022-04-11 09:55:00,1830,1830,1830,1830,0
2022-04-11 09:56:00,1830,1830,1830,1830,0
2022-04-11 09:57:00,1830,1830,1830,1830,0
2022-04-11 09:58:00,1830,1830,1830,1830,0
2022-04-11 09:59:00,1830,1830,1830,1830,0
2022-04-11 10:00:00,1830,1830,1830,1830,0
2022-04-11 10:01:00,1830,1830,1830,1830,0
2022-04-11 10:02:00,1830,1830,1830,1830,0
2022-04-11 10:03:00,1830,1830,1830,1830,0
2022-04-11 10:04:00,1830,1830,1830,1830,0
2022-04-11 10:05:00,1830,1830,1830,1830,0
2022-04-11 10:06:00,1830,1830,1830,1830,0
2022-04-11 10:07:00,1830,1830,1830,1830,0
2022-04-11 10:08:00,1830,1830,1830,1830,0
2022-04-11 10:09:00,1830,1830,1830,1830,0
2022-04-11 10:10:00,1830,1830,1830,1830,0
2022-04-11 10:11:00,1830,1830,1830,1830,0
2022-04-11 10:12:00,1830,1830,1830,1830,0
2022-04-11 10:13:00,1830,1830,1830,1830,0
2022-04-11 10:14:00,1830,1830,1830,1830,0
2022-04-11 10:15:00,1830,1830,1830,1830,0
2022-04-11 10:16:00,1830,1830,1830,1830,0
2022-04-11 10:17:00,1830,1830,1830,1830,0
2022-04-11 10:18:00,1830,1830,1830,1830,0
2022-04-11 10:19:00,1830,1830,1830,1830,0
2022-04-11 10:20:00,1830,1830,1830,1830,0
2022-04-11 10:21:00,1830,1830,1830,1830,0
2022-04-11 10:22:00,1830,1830,1830,1830,0
2022-04-11 10:23:00,1830,1830,1830,1830,0
2022-04-11 10:24:00,1830,1830,1830,1830,0
2022-04-11 10:25:00,1830,1830,1830,1830,0
2022-04-11 10:26:00,1830,1830,1830,1830,0
2022-04-11 10:27:00,1830,1830,1830,1830,0
2022-04-11 10:28:00,1830,1830,1830,1830,0
2022-04-11 10:29:00,1830,1830,1830,1830,0
2022-04-11 10:30:00,1830,1830,1830,1830,0
2022-04-11 10:31:00,1830,1830,1830,1830,0
2022-04-11 10:32:00,1830,1830,1830,1830,0
2022-04-11 10:33:00,1830,1830,1830,1830,0
2022-04-11 10:34:00,1830,1830,1830,1830,0
2022-04-11 10:35:00,1830,1830,1830,1830,200
2022-04-11 10:36:00,1830,1830,1830,1830,100
2022-04-11 10:37:00,1830,1830,1830,1830,200
2022-04-11 10:38:00,1830,1830,1830,1830,0
2022-04-11 10:39:00,1830,1830,1830,1830,0
2022-04-11 10:40:00,1830,1830,1830,1830,0
2022-04-11 10:41:00,1830,1830,1830,1830,0
2022-04-11 10:42:00,1830,1830,1830,1830,0
2022-04-11 10:43:00,1830,1830,1830,1830,0
2022-04-11 10:44:00,1830,1830,1830,1830,100
2022-04-11 10:45:00,1830,1830,1830,1830,0
2022-04-11 10:46:00,1830,1830,1830,1830,0
2022-04-11 10:47:00,1830,1830,1830,1830,0
2022-04-11 10:48:00,1830,1830,1830,1830,0
2022-04-11 10:49:00,1830,1830,1830,1830,0
2022-04-11 10:50:00,1830,1830,1830,1830,0
2022-04-11 10:51:00,1830,1830,1830,1830,0
2022-04-11 10:52:00,1830,1830,1830,1830,0
2022-04-11 10:53:00,1830,1830,1830,1830,0
2022-04-11 10:54:00,1830,1830,1830,1830,0
2022-04-11 10:55:00,1830,1830,1830,1830,0
2022-04-11 10:56:00,1830,1830,1830,1830,0
2022-04-11 10:57:00,1830,1830,1830,1830,0
2022-04-11 10:58:00,1830,1830,1830,1830,0
2022-04-11 10:59:00,1830,1830,1830,1830,0
2022-04-11 11:00:00,1830,1830,1830,1830,0
2022-04-11 11:01:00,1830,1830,1830,1830,0
2022-04-11 11:02:00,1830,1830,1830,1830,0
2022-04-11 11:03:00,1830,1830,1830,1830,0
2022-04-11 11:04:00,1830,1830,1830,1830,0
2022-04-11 11:05:00,1830,1830,1830,1830,0
2022-04-11 11:06:00,1830,1830,1830,1830,0
2022-04-11 11:07:00,1830,1830,1830,1830,0
2022-04-11 11:08:00,1830,1830,1830,1830,0
2022-04-11 11:09:00,1830,1830,1830,1830,0
2022-04-11 11:10:00,1830,1830,1830,1830,0
2022-04-11 11:11:00,1830,1830,1830,1830,0
2022-04-11 11:12:00,1830,1830,1830,1830,0
2022-04-11 11:13:00,1830,1830,1830,1830,0
2022-04-11 11:14:00,1830,1830,1830,1830,0
2022-04-11 11:15:00,1830,1830,1830,1830,0
2022-04-11 11:16:00,1830,1830,1830,1830,0
2022-04-11 11:17:00,1830,1830,1830,1830,0
2022-04-11 11:18:00,1830,1830,1830,1830,0
2022-04-11 11:19:00,1830,1830,1830,1830,0
2022-04-11 11:20:00,1830,1830,1830,1830,0
2022-04-11 11:21:00,1830,1830,1830,1830,0
2022-04-11 11:22:00,1830,1830,1830,1830,0
2022-04-11 11:23:00,1830,1830,1830,1830,0
2022-04-11 11:24:00,1830,1830,1830,1830,0
2022-04-11 11:25:00,1830,1830,1830,1830,0
2022-04-11 11:26:00,1830,1830,1830,1830,0
2022-04-11 11:27:00,1830,1830,1830,1830,0
2022-04-11 11:28:00,1830,1830,1830,1830,0
2022-04-11 11:29:00,1830,1830,1830,1830,0
2022-04-11 11:30:00,1830,1830,1830,1830,0
2022-04-11 11:31:00,1830,1830,1830,1830,0
2022-04-11 11:32:00,1830,1830,1830,1830,0
2022-04-11 11:33:00,1830,1830,1830,1830,0
2022-04-11 11:34:00,1830,1830,1830,1830,0
2022-04-11 11:35:00,1830,1830,1830,1830,0
2022-04-11 11:36:00,1830,1830,1830,1830,0
2022-04-11 11:37:00,1830,1830,1830,1830,0
2022-04-11 11:38:00,1830,1830,1830,1830,0
2022-04-11 11:39:00,1830,1830,1830,1830,0
2022-04-11 11:40:00,1830,1830,1830,1830,0
2022-04-11 11:41:00,1830,1830,1830,1830,0
2022-04-11 11:42:00,1830,1830,1830,1830,0
2022-04-11 11:43:00,1830,1830,1830,1830,0
2022-04-11 11:44:00,1830,1830,1830,1830,0
2022-04-11 11:45:00,1830,1830,1830,1830,0
2022-04-11 11:46:00,1830,1830,1830,1830,0
2022-04-11 11:47:00,1830,1830,1830,1830,0
2022-04-11 11:48:00,1830,1830,1830,1830,0
2022-04-11 11:49:00,1830,1830,1830,1830,0
2022-04-11 11:50:00,1830,1830,1830,1830,0
2022-04-11 11:51:00,1830,1830,1830,1830,0
2022-04-11 11:52:00,1830,1830,1830,1830,0
2022-04-11 11:53:00,1830,1830,1830,1830,0
2022-04-11 11:54:00,1830,1830,1830,1830,0
2022-04-11 11:55:00,1830,1830,1830,1830,0
2022-04-11 11:56:00,1830,1830,1830,1830,0
2022-04-11 11:57:00,1830,1830,1830,1830,0
2022-04-11 11:58:00,1830,1830,1830,1830,0
2022-04-11 11:59:00,1830,1830,1830,1830,0
2022-04-11 12:00:00,1830,1830,1830,1830,0
2022-04-11 12:01:00,1830,1830,1830,1830,0
2022-04-11 12:02:00,1830,1830,1830,1830,0
2022-04-11 12:03:00,1830,1830,1830,1830,0
2022-04-11 12:04:00,1830,1830,1830,1830,0
2022-04-11 12:05:00,1830,1830,1830,1830,0
2022-04-11 12:06:00,1830,1830,1830,1830,0
2022-04-11 12:07:00,1830,1830,1830,1830,0
2022-04-11 12:08:00,1830,1830,1830,1830,0
2022-04-11 12:09:00,1830,1830,1830,1830,0
2022-04-11 12:10:00,1830,1830,1830,1830,0
2022-04-11 12:11:00,1830,1830,1830,1830,0
2022-04-11 12:12:00,1830,1830,1830,1830,0
2022-04-11 12:13:00,1830,1830,1830,1830,0
2022-04-11 12:14:00,1830,1830,1830,1830,0
2022-04-11 12:15:00,1830,1830,1830,1830,0
2022-04-11 12:16:00,1830,1830,1830,1830,0
2022-04-11 12:17:00,1830,1830,1830,1830,0
2022-04-11 12:18:00,1830,1830,1830,1830,0
2022-04-11 12:19:00,1830,1830,1830,1830,0
2022-04-11 12:20:00,1830,1830,1830,1830,0
2022-04-11 12:21:00,1830,1830,1830,1830,0
2022-04-11 12:22:00,1830,1830,1830,1830,0
2022-04-11 12:23:00,1830,1830,1830,1830,0
2022-04-11 12:24:00,1830,1830,1830,1830,0
2022-04-11 12:25:00,1830,1830,1830,1830,0
2022-04-11 12:26:00,1830,1830,1830,1830,0
2022-04-11 12:27:00,1830,1830,1830,1830,0
2022-04-11 12:28:00,1830,1830,1830,1830,0
2022-04-11 12:29:00,1830,1830,1830,1830,0
2022-04-11 12:30:00,1830,1830,1830,1830,0
2022-04-11 12:31:00,1830,1830,1830,1830,0
2022-04-11 12:32:00,1830,1830,1830,1830,0
2022-04-11 12:33:00,1830,1830,1830,1830,0
2022-04-11 12:34:00,1830,1830,1830,1830,0
2022-04-11 12:35:00,1830,1830,1830,1830,0
2022-04-11 12:36:00,1830,1830,1830,1830,0
2022-04-11 12:37:00,1830,1830,1830,1830,0
2022-04-11 12:38:00,1830,1830,1830,1830,0
2022-04-11 12:39:00,1830,1830,1830,1830,0
2022-04-11 12:40:00,1830,1830,1830,1830,0
2022-04-11 12:41:00,1830,1830,1830,1830,0
2022-04-11 12:42:00,1830,1830,1830,1830,0
2022-04-11 12:43:00,1830,1830,1830,1830,0
2022-04-11 12:44:00,1830,1830,1830,1830,0
2022-04-11 12:45:00,1830,1830,1830,1830,0
2022-04-11 12:46:00,1830,1830,1830,1830,0
2022-04-11 12:47:00,1830,1830,1830,1830,0
2022-04-11 12:48:00,1830,1830,1830,1830,0
2022-04-11 12:49:00,1830,1830,1830,1830,0
2022-04-11 12:50:00,1830,1830,1830,1830,0
2022-04-11 12:51:00,1830,1830,1830,1830,0
2022-04-11 12:52:00,1830,1830,1830,1830,0
2022-04-11 12:53:00,1830,1830,1830,1830,0
2022-04-11 12:54:00,1830,1830,1830,1830,0
2022-04-11 12:55:00,1830,1830,1830,1830,0
2022-04-11 12:56:00,1830,1830,1830,1830,0
2022-04-11 12:57:00,1830,1830,1830,1830,0
2022-04-11 12:58:00,1830,1830,1830,1830,0
2022-04-11 12:59:00,1830,1830,1830,1830,0
2022-04-11 13:00:00,1830,1830,1830,1830,0
2022-04-11 13:01:00,1830,1830,1830,1830,0
2022-04-11 13:02:00,1830,1830,1830,1830,0
2022-04-11 13:03:00,1830,1830,1830,1830,0
2022-04-11 13:04:00,1830,1830,1830,1830,0
2022-04-11 13:05:00,1830,1830,1830,1830,0
2022-04-11 13:06:00,1830,1830,1830,1830,0
2022-04-11 13:07:00,1830,1830,1830,1830,0
2022-04-11 13:08:00,1830,1830,1830,1830,0
2022-04-11 13:09:00,1830,1830,1830,1830,0
2022-04-11 13:10:00,1830,1830,1830,1830,0
2022-04-11 13:11:00,1830,1830,1830,1830,0
2022-04-11 13:12:00,1830,1830,1830,1830,0
2022-04-11 13:13:00,1830,1830,1830,1830,0
2022-04-11 13:14:00,1830,1830,1830,1830,0
2022-04-11 13:15:00,1830,1830,1830,1830,0
2022-04-11 13:16:00,1830,1830,1830,1830,0
2022-04-11 13:17:00,1830,1830,1830,1830,0
2022-04-11 13:18:00,1830,1830,1830,1830,0
2022-04-11 13:19:00,1830,1830,1830,1830,0
2022-04-11 13:20:00,1830,1830,1830,1830,0
2022-04-11 13:21:00,1830,1830,1830,1830,0
2022-04-11 13:22:00,1830,1830,1830,1830,0
2022-04-11 13:23:00,1830,1830,1830,1830,0
2022-04-11 13:24:00,1830,1830,1830,1830,0
2022-04-11 13:25:00,1830,1830,1830,1830,0
2022-04-11 13:26:00,1830,1830,1830,1830,0
2022-04-11 13:27:00,1830,1830,1830,1830,0
2022-04-11 13:28:00,1830,1830,1830,1830,0
2022-04-11 13:29:00,1830,1830,1830,1830,0
2022-04-11 13:30:00,1830,1830,1830,1830,0
2022-04-11 13:31:00,1830,1830,1830,1830,0
2022-04-11 13:32:00,1830,1830,1830,1830,0
2022-04-11 13:33:00,1830,1830,1830,1830,0
2022-04-11 13:34:00,1830,1830,1830,1830,0
2022-04-11 13:35:00,1830,1830,1830,1830,0
2022-04-11 13:36:00,1830,1830,1830,1830,0
2022-04-11 13:37:00,1830,1830,1830,1830,0
2022-04-11 13:38:00,1830,1830,1830,1830,0
2022-04-11 13:39:00,1830,1830,1830,1830,0
2022-04-11 13:40:00,1830,1830,1830,1830,0
2022-04-11 13:41:00,1830,1830,1830,1830,0
2022-04-11 13:42:00,1830,1830,1830,1830,0
2022-04-11 13:43:00,1830,1830,1830,1830,0
2022-04-11 13:44:00,1830,1830,1830,1830,0
2022-04-11 13:45:00,1830,1830,1830,1830,0
2022-04-11 13:46:00,1830,1830,1830,1830,0
2022-04-11 13:47:00,1830,1830,1830,1830,0
2022-04-11 13:48:00,1830,1830,1830,1830,0
2022-04-11 13:49:00,1830,1830,1830,1830,0
2022-04-11 13:50:00,1830,1830,1830,1830,0
2022-04-11 13:51:00,1830,1830,1830,1830,0
2022-04-11 13:52:00,1830,1830,1830,1830,0
2022-04-11 13:53:00,1830,1830,1830,1830,0
2022-04-11 13:54:00,1830,1830,1830,1830,0
2022-04-11 13:55:00,1830,1830,1830,1830,0
2022-04-11 13:56:00,1830,1830,1830,1830,0
2022-04-11 13:57:00,1830,1830,1830,1830,0
2022-04-11 13:58:00,1830,1830,1830,1830,0
2022-04-11 13:59:00,1830,1830,1830,1830,0
2022-04-11 14:00:00,1830,1830,1830,1830,0
2022-04-11 14:01:00,1830,1830,1830,1830,0
2022-04-11 14:02:00,1830,1830,1830,1830,0
2022-04-11 14:03:00,1830,1830,1830,1830,0
2022-04-11 14:04:00,1830,1830,1830,1830,0
2022-04-11 14:05:00,1830,1830,1830,1830,0
2022-04-11 14:06:00,1830,1830,1830,1830,0
2022-04-11 14:07:00,1830,1830,1830,1830,0
2022-04-11 14:08:00,1830,1830,1830,1830,0
2022-04-11 14:09:00,1830,1830,1830,1830,0
2022-04-11 14:10:00,1830,1830,1830,1830,0
2022-04-11 14:11:00,1830,1830,1830,1830,0
2022-04-11 14:12:00,1830,1830,1830,1830,0
2022-04-11 14:13:00,1830,1830,1830,1830,0
2022-04-11 14:14:00,1830,1830,1830,1830,0
2022-04-11 14:15:00,1830,1830,1830,1830,0
2022-04-11 14:16:00,1800,1800,1800,1800,100
2022-04-11 14:17:00,1800,1800,1800,1800,100
2022-04-11 14:18:00,1800,1800,1800,1800,0
2022-04-11 14:19:00,1800,1800,1800,1800,0
2022-04-11 14:20:00,1800,1800,1800,1800,0
2022-04-11 14:21:00,1800,1800,1800,1800,0
2022-04-11 14:22:00,1800,1800,1800,1800,0
2022-04-11 14:23:00,1800,1800,1800,1800,0
2022-04-11 14:24:00,1800,1800,1800,1800,0
2022-04-11 14:25:00,1800,1800,1800,1800,0
2022-04-11 14:26:00,1800,1800,1800,1800,0
2022-04-11 14:27:00,1800,1800,1800,1800,0
2022-04-11 14:28:00,1800,1800,1800,1800,0
2022-04-11 14:29:00,1800,1800,1800,1800,0
2022-04-11 14:30:00,1800,1800,1800,1800,0
2022-04-11 14:31:00,1800,1800,1800,1800,200
2022-04-11 14:32:00,1800,1800,1800,1800,0
2022-04-11 14:33:00,1800,1800,1800,1800,0
2022-04-11 14:34:00,1800,1800,1800,1800,0
2022-04-11 14:35:00,1800,1800,1800,1800,0
2022-04-11 14:36:00,1800,1800,1800,1800,0
2022-04-11 14:37:00,1800,1800,1800,1800,0
2022-04-11 14:38:00,1800,1800,1800,1800,0
2022-04-11 14:39:00,1800,1800,1800,1800,0
2022-04-11 14:40:00,1800,1800,1800,1800,0
2022-04-11 14:41:00,1800,1800,1800,1800,0
2022-04-11 14:42:00,1800,1800,1800,1800,0
2022-04-11 14:43:00,1800,1800,1800,1800,0
2022-04-11 14:44:00,1800,1800,1800,1800,0
2022-04-11 14:45:00,1800,1800,1800,1800,0
2022-04-11 14:46:00,1800,1800,1800,1800,0
2022-04-11 14:47:00,1800,1800,1800,1800,0
2022-04-11 14:48:00,1800,1800,1800,1800,0
2022-04-11 14:49:00,1800,1800,1800,1800,0
2022-04-11 14:50:00,1800,1800,1800,1800,0
2022-04-11 14:51:00,1800,1800,1800,1800,0
2022-04-11 14:52:00,1800,1800,1800,1800,0
2022-04-11 14:53:00,1800,1800,1800,1800,0
2022-04-11 14:54:00,1800,1800,1800,1800,0
2022-04-11 14:55:00,1800,1800,1800,1800,0
2022-04-11 14:56:00,1800,1800,1800,1800,0
2022-04-11 14:57:00,1800,1800,1800,1800,0
2022-04-11 14:58:00,1800,1800,1800,1800,0
2022-04-11 14:59:00,1800,1800,1800,1800,0
2022-04-11 15:00:00,1750,1750,1750,1750,200
2022-04-11 15:01:00,1750,1750,1750,1750,0
2022-04-11 15:02:00,1750,1750,1750,1750,0
2022-04-11 15:03:00,1750,1750,1750,1750,0
2022-04-11 15:04:00,1750,1750,1750,1750,0
2022-04-11 15:05:00,1750,1750,1750,1750,0
2022-04-11 15:06:00,1750,1750,1750,1750,0
2022-04-11 15:07:00,1750,1750,1750,1750,0
2022-04-11 15:08:00,1750,1750,1750,1750,0
2022-04-11 15:09:00,1750,1750,1750,1750,0
2022-04-11 15:10:00,1750,1750,1750,1750,0
2022-04-11 15:11:00,1750,1750,1750,1750,0
2022-04-11 15:12:00,1750,1750,1750,1750,0
2022-04-11 15:13:00,1750,1750,1750,1750,0
2022-04-11 15:14:00,1750,1750,1750,1750,0
2022-04-11 15:15:00,1750,1750,1750,1750,0
2022-04-11 15:16:00,1750,1750,1750,1750,0
2022-04-11 15:17:00,1750,1750,1750,1750,0
2022-04-11 15:18:00,1750,1750,1750,1750,0
2022-04-11 15:19:00,1750,1750,1750,1750,0
2022-04-11 15:20:00,1750,1750,1750,1750,0
2022-04-11 15:21:00,1750,1750,1750,1750,0
2022-04-11 15:22:00,1750,1750,1750,1750,0
2022-04-11 15:23:00,1750,1750,1750,1750,0
2022-04-11 15:24:00,1750,1750,1750,1750,0
2022-04-11 15:25:00,1750,1750,1750,1750,0
2022-04-11 15:26:00,1750,1750,1750,1750,0
2022-04-11 15:27:00,1750,1750,1750,1750,0
2022-04-11 15:28:00,1750,1750,1750,1750,0
2022-04-11 15:29:00,1750,1750,1750,1750,0
2022-04-11 15:30:00,1750,1750,1750,1750,0
2022-04-11 15:31:00,1750,1750,1750,1750,0
2022-04-11 15:32:00,1750,1750,1750,1750,0
2022-04-11 15:33:00,1750,1750,1750,1750,0
2022-04-11 15:34:00,1750,1750,1750,1750,0
2022-04-11 15:35:00,1750,1750,1750,1750,0
2022-04-11 15:36:00,1750,1750,1750,1750,0
2022-04-11 15:37:00,1750,1750,1750,1750,0
2022-04-11 15:38:00,1750,1750,1750,1750,0
2022-04-11 15:39:00,1750,1750,1750,1750,0
2022-04-11 15:40:00,1750,1750,1750,1750,0
2022-04-11 15:41:00,1750,1750,1750,1750,0
2022-04-11 15:42:00,1750,1750,1750,1750,0
2022-04-11 15:43:00,1750,1750,1750,1750,0
2022-04-11 15:44:00,1750,1750,1750,1750,0
2022-04-11 15:45:00,1750,1750,1750,1750,0
2022-04-11 15:46:00,1750,1750,1750,1750,0
2022-04-11 15:47:00,1750,1750,1750,1750,0
2022-04-11 15:48:00,1750,1750,1750,1750,0
2022-04-11 15:49:00,1750,1750,1750,1750,0
2022-04-11 15:50:00,1750,1750,1750,1750,0
2022-04-11 15:51:00,1750,1750,1750,1750,0
2022-04-11 15:52:00,1750,1750,1750,1750,0
2022-04-11 15:53:00,1750,1750,1750,1750,0
2022-04-11 15:54:00,1750,1750,1750,1750,0
2022-04-11 15:55:00,1750,1750,1750,1750,0
2022-04-11 15:56:00,1750,1750,1750,1750,0
2022-04-11 15:57:00,1750,1750,1750,1750,0
2022-04-11 15:58:00,1750,1750,1750,1750,0
2022-04-11 15:59:00,1750,1750,1750,1750,0
2022-04-12 09:00:00,1750,1750,1750,1750,0
2022-04-12 09:01:00,1750,1750,1750,1750,0
2022-04-12 09:02:00,1750,1750,1750,1750,0
2022-04-12 09:03:00,1750,1750,1750,1750,0
2022-04-12 09:04:00,1750,1750,1750,1750,0
2022-04-12 09:05:00,1750,1750,1750,1750,0
2022-04-12 09:06:00,1750,1750,1750,1750,0
2022-04-12 09:07:00,1750,1750,1750,1750,0
2022-04-12 09:08:00,1750,1750,1750,1750,0
2022-04-12 09:09:00,1750,1750,1750,1750,0
2022-04-12 09:10:00,1750,1750,1750,1750,0
2022-04-12 09:11:00,1750,1750,1750,1750,0
2022-04-12 09:12:00,1750,1750,1750,1750,0
2022-04-12 09:13:00,1750,1750,1750,1750,0
2022-04-12 09:14:00,1750,1750,1750,1750,0
2022-04-12 09:15:00,1750,1750,1750,1750,0
2022-04-12 09:16:00,1750,1750,1750,1750,0
2022-04-12 09:17:00,1750,1750,1750,1750,0
2022-04-12 09:18:00,1750,1750,1750,1750,0
2022-04-12 09:19:00,1750,1750,1750,1750,0
2022-04-12 09:20:00,1750,1750,1750,1750,0
2022-04-12 09:21:00,1750,1750,1750,1750,0
2022-04-12 09:22:00,1750,1750,1750,1750,0
2022-04-12 09:23:00,1750,1750,1750,1750,0
2022-04-12 09:24:00,1750,1750,1750,1750,0
2022-04-12 09:25:00,1750,1750,1750,1750,0
2022-04-12 09:26:00,1750,1750,1750,1750,0
2022-04-12 09:27:00,1750,1750,1750,1750,0
2022-04-12 09:28:00,1750,1750,1750,1750,0
2022-04-12 09:29:00,1750,1750,1750,1750,0
2022-04-12 09:30:00,1750,1750,1750,1750,0
2022-04-12 09:31:00,1750,1750,1750,1750,0
2022-04-12 09:32:00,1750,1750,1750,1750,0
2022-04-12 09:33:00,1750,1750,1750,1750,0
2022-04-12 09:34:00,1750,1750,1750,1750,0
2022-04-12 09:35:00,1700,1700,1700,1700,0
2022-04-12 09:36:00,1700,1700,1700,1700,0
2022-04-12 09:37:00,1825,1825,1835,1835,500
2022-04-12 09:38:00,1825,1825,1835,1835,0
2022-04-12 09:39:00,1825,1825,1835,1835,0
2022-04-12 09:40:00,1825,1825,1835,1835,0
2022-04-12 09:41:00,1825,1825,1835,1835,0
2022-04-12 09:42:00,1825,1825,1835,1835,0
2022-04-12 09:43:00,1825,1825,1835,1835,0
2022-04-12 09:44:00,1825,1825,1835,1835,0
2022-04-12 09:45:00,1825,1825,1835,1835,0
2022-04-12 09:46:00,1825,1825,1835,1835,0
2022-04-12 09:47:00,1825,1825,1835,1835,0
2022-04-12 09:48:00,1825,1825,1835,1835,0
2022-04-12 09:49:00,1825,1825,1835,1835,0
2022-04-12 09:50:00,1825,1825,1835,1835,0
2022-04-12 09:51:00,1825,1825,1835,1835,0
2022-04-12 09:52:00,1825,1825,1835,1835,0
2022-04-12 09:53:00,1825,1825,1835,1835,0
2022-04-12 09:54:00,1825,1825,1835,1835,0
2022-04-12 09:55:00,1825,1825,1835,1835,0
2022-04-12 09:56:00,1825,1825,1835,1835,0
2022-04-12 09:57:00,1825,1825,1835,1835,0
2022-04-12 09:58:00,1825,1825,1835,1835,0
2022-04-12 09:59:00,1825,1825,1835,1835,0
2022-04-12 10:00:00,1825,1825,1835,1835,0
2022-04-12 10:01:00,1825,1825,1835,1835,0
2022-04-12 10:02:00,1825,1825,1835,1835,0
2022-04-12 10:03:00,1825,1825,1835,1835,0
2022-04-12 10:04:00,1825,1825,1835,1835,0
2022-04-12 10:05:00,1825,1825,1835,1835,0
2022-04-12 10:06:00,1825,1825,1835,1835,0
2022-04-12 10:07:00,1825,1825,1835,1835,0
2022-04-12 10:08:00,1825,1825,1835,1835,0
2022-04-12 10:09:00,1825,1825,1835,1835,0
2022-04-12 10:10:00,1825,1825,1835,1835,0
2022-04-12 10:11:00,1825,1825,1835,1835,0
2022-04-12 10:12:00,1825,1825,1835,1835,0
2022-04-12 10:13:00,1825,1825,1835,1835,0
2022-04-12 10:14:00,1835,1835,1835,1835,600
2022-04-12 10:15:00,1835,1835,1835,1835,0
2022-04-12 10:16:00,1835,1835,1835,1835,0
2022-04-12 10:17:00,1835,1835,1835,1835,0
2022-04-12 10:18:00,1835,1835,1835,1835,0
2022-04-12 10:19:00,1835,1835,1835,1835,0
2022-04-12 10:20:00,1835,1835,1835,1835,0
2022-04-12 10:21:00,1835,1835,1835,1835,0
2022-04-12 10:22:00,1835,1835,1835,1835,0
2022-04-12 10:23:00,1835,1835,1835,1835,0
2022-04-12 10:24:00,1835,1835,1835,1835,0
2022-04-12 10:25:00,1835,1835,1835,1835,200
2022-04-12 10:26:00,1835,1835,1835,1835,0
2022-04-12 10:27:00,1835,1835,1835,1835,0
2022-04-12 10:28:00,1835,1835,1835,1835,0
2022-04-12 10:29:00,1835,1835,1835,1835,0
2022-04-12 10:30:00,1835,1835,1835,1835,500
2022-04-12 10:31:00,1835,1835,1835,1835,700
2022-04-12 10:32:00,1835,1835,1835,1835,0
2022-04-12 10:33:00,1835,1835,1835,1835,0
2022-04-12 10:34:00,1835,1835,1835,1835,0
2022-04-12 10:35:00,1835,1835,1835,1835,0
2022-04-12 10:36:00,1835,1835,1835,1835,0
2022-04-12 10:37:00,1835,1835,1835,1835,0
2022-04-12 10:38:00,1835,1835,1835,1835,0
2022-04-12 10:39:00,1835,1835,1835,1835,0
2022-04-12 10:40:00,1835,1835,1835,1835,0
2022-04-12 10:41:00,1835,1835,1835,1835,0
2022-04-12 10:42:00,1835,1835,1835,1835,0
2022-04-12 10:43:00,1835,1835,1835,1835,0
2022-04-12 10:44:00,1835,1835,1835,1835,0
2022-04-12 10:45:00,1835,1835,1835,1835,0
2022-04-12 10:46:00,1835,1835,1835,1835,0
2022-04-12 10:47:00,1835,1835,1835,1835,0
2022-04-12 10:48:00,1835,1835,1835,1835,0
2022-04-12 10:49:00,1835,1835,1835,1835,0
2022-04-12 10:50:00,1835,1835,1835,1835,0
2022-04-12 10:51:00,1835,1835,1835,1835,0
2022-04-12 10:52:00,1835,1835,1835,1835,0
2022-04-12 10:53:00,1835,1835,1835,1835,0
2022-04-12 10:54:00,1835,1835,1835,1835,0
2022-04-12 10:55:00,1835,1835,1835,1835,0
2022-04-12 10:56:00,1835,1835,1835,1835,0
2022-04-12 10:57:00,1835,1835,1835,1835,0
2022-04-12 10:58:00,1835,1835,1835,1835,0
2022-04-12 10:59:00,1835,1835,1835,1835,0
2022-04-12 11:00:00,1835,1835,1835,1835,0
2022-04-12 11:01:00,1835,1835,1835,1835,0
2022-04-12 11:02:00,1835,1835,1835,1835,0
2022-04-12 11:03:00,1835,1835,1835,1835,0
2022-04-12 11:04:00,1835,1835,1835,1835,0
2022-04-12 11:05:00,1835,1835,1835,1835,0
2022-04-12 11:06:00,1835,1835,1835,1835,0
2022-04-12 11:07:00,1835,1835,1835,1835,0
2022-04-12 11:08:00,1835,1835,1835,1835,0
2022-04-12 11:09:00,1835,1835,1835,1835,0
2022-04-12 11:10:00,1835,1835,1835,1835,0
2022-04-12 11:11:00,1835,1835,1835,1835,0
2022-04-12 11:12:00,1835,1835,1835,1835,0
2022-04-12 11:13:00,1835,1835,1835,1835,0
2022-04-12 11:14:00,1835,1835,1835,1835,0
2022-04-12 11:15:00,1835,1835,1835,1835,0
2022-04-12 11:16:00,1835,1835,1835,1835,0
2022-04-12 11:17:00,1835,1835,1835,1835,0
2022-04-12 11:18:00,1835,1835,1835,1835,0
2022-04-12 11:19:00,1835,1835,1835,1835,0
2022-04-12 11:20:00,1835,1835,1835,1835,0
2022-04-12 11:21:00,1835,1835,1835,1835,0
2022-04-12 11:22:00,1835,1835,1835,1835,0
2022-04-12 11:23:00,1835,1835,1835,1835,0
2022-04-12 11:24:00,1835,1835,1835,1835,0
2022-04-12 11:25:00,1835,1835,1835,1835,0
2022-04-12 11:26:00,1835,1835,1835,1835,0
2022-04-12 11:27:00,1835,1835,1835,1835,0
2022-04-12 11:28:00,1835,1835,1835,1835,0
2022-04-12 11:29:00,1835,1835,1835,1835,0
2022-04-12 11:30:00,1835,1835,1835,1835,0
2022-04-12 11:31:00,1835,1835,1835,1835,0
2022-04-12 11:32:00,1835,1835,1835,1835,0
2022-04-12 11:33:00,1835,1835,1835,1835,0
2022-04-12 11:34:00,1835,1835,1835,1835,0
2022-04-12 11:35:00,1835,1835,1835,1835,0
2022-04-12 11:36:00,1835,1835,1835,1835,0
2022-04-12 11:37:00,1835,1835,1835,1835,0
2022-04-12 11:38:00,1835,1835,1835,1835,0
2022-04-12 11:39:00,1835,1835,1835,1835,0
2022-04-12 11:40:00,1835,1835,1835,1835,0
2022-04-12 11:41:00,1835,1835,1835,1835,0
2022-04-12 11:42:00,1835,1835,1835,1835,0
2022-04-12 11:43:00,1835,1835,1835,1835,0
2022-04-12 11:44:00,1835,1835,1835,1835,0
2022-04-12 11:45:00,1835,1835,1835,1835,0
2022-04-12 11:46:00,1835,1835,1835,1835,0
2022-04-12 11:47:00,1835,1835,1835,1835,0
2022-04-12 11:48:00,1835,1835,1835,1835,0
2022-04-12 11:49:00,1835,1835,1835,1835,0
2022-04-12 11:50:00,1835,1835,1835,1835,0
2022-04-12 11:51:00,1835,1835,1835,1835,0
2022-04-12 11:52:00,1835,1835,1835,1835,0
2022-04-12 11:53:00,1835,1835,1835,1835,0
2022-04-12 11:54:00,1835,1835,1835,1835,0
2022-04-12 11:55:00,1835,1835,1835,1835,0
2022-04-12 11:56:00,1835,1835,1835,1835,0
2022-04-12 11:57:00,1835,1835,1835,1835,0
2022-04-12 11:58:00,1835,1835,1835,1835,0
2022-04-12 11:59:00,1835,1835,1835,1835,0
2022-04-12 12:00:00,1835,1835,1835,1835,0
2022-04-12 12:01:00,1835,1835,1835,1835,0
2022-04-12 12:02:00,1835,1835,1835,1835,0
2022-04-12 12:03:00,1835,1835,1835,1835,0
2022-04-12 12:04:00,1835,1835,1835,1835,0
2022-04-12 12:05:00,1835,1835,1835,1835,0
2022-04-12 12:06:00,1835,1835,1835,1835,0
2022-04-12 12:07:00,1835,1835,1835,1835,0
2022-04-12 12:08:00,1835,1835,1835,1835,0
2022-04-12 12:09:00,1835,1835,1835,1835,0
2022-04-12 12:10:00,1835,1835,1835,1835,0
2022-04-12 12:11:00,1835,1835,1835,1835,0
2022-04-12 12:12:00,1835,1835,1835,1835,0
2022-04-12 12:13:00,1835,1835,1835,1835,0
2022-04-12 12:14:00,1835,1835,1835,1835,0
2022-04-12 12:15:00,1835,1835,1835,1835,0
2022-04-12 12:16:00,1835,1835,1835,1835,0
2022-04-12 12:17:00,1835,1835,1835,1835,0
2022-04-12 12:18:00,1835,1835,1835,1835,0
2022-04-12 12:19:00,1835,1835,1835,1835,0
2022-04-12 12:20:00,1835,1835,1835,1835,0
2022-04-12 12:21:00,1835,1835,1835,1835,0
2022-04-12 12:22:00,1835,1835,1835,1835,0
2022-04-12 12:23:00,1835,1835,1835,1835,0
2022-04-12 12:24:00,1835,1835,1835,1835,0
2022-04-12 12:25:00,1835,1835,1835,1835,0
2022-04-12 12:26:00,1835,1835,1835,1835,0
2022-04-12 12:27:00,1835,1835,1835,1835,0
2022-04-12 12:28:00,1835,1835,1835,1835,0
2022-04-12 12:29:00,1835,1835,1835,1835,0
2022-04-12 12:30:00,1835,1835,1835,1835,0
2022-04-12 12:31:00,1835,1835,1835,1835,0
2022-04-12 12:32:00,1835,1835,1835,1835,0
2022-04-12 12:33:00,1835,1835,1835,1835,0
2022-04-12 12:34:00,1835,1835,1835,1835,0
2022-04-12 12:35:00,1835,1835,1835,1835,0
2022-04-12 12:36:00,1835,1835,1835,1835,0
2022-04-12 12:37:00,1835,1835,1835,1835,0
2022-04-12 12:38:00,1835,1835,1835,1835,0
2022-04-12 12:39:00,1835,1835,1835,1835,0
2022-04-12 12:40:00,1835,1835,1835,1835,0
2022-04-12 12:41:00,1835,1835,1835,1835,0
2022-04-12 12:42:00,1835,1835,1835,1835,0
2022-04-12 12:43:00,1835,1835,1835,1835,0
2022-04-12 12:44:00,1835,1835,1835,1835,0
2022-04-12 12:45:00,1835,1835,1835,1835,0
2022-04-12 12:46:00,1835,1835,1835,1835,0
2022-04-12 12:47:00,1835,1835,1835,1835,0
2022-04-12 12:48:00,1835,1835,1835,1835,0
2022-04-12 12:49:00,1835,1835,1835,1835,0
2022-04-12 12:50:00,1835,1835,1835,1835,0
2022-04-12 12:51:00,1835,1835,1835,1835,0
2022-04-12 12:52:00,1835,1835,1835,1835,0
2022-04-12 12:53:00,1835,1835,1835,1835,0
2022-04-12 12:54:00,1835,1835,1835,1835,0
2022-04-12 12:55:00,1835,1835,1835,1835,0
2022-04-12 12:56:00,1835,1835,1835,1835,0
2022-04-12 12:57:00,1835,1835,1835,1835,0
2022-04-12 12:58:00,1835,1835,1835,1835,0
2022-04-12 12:59:00,1835,1835,1835,1835,0
2022-04-12 13:00:00,1835,1835,1835,1835,0
2022-04-12 13:01:00,1835,1835,1835,1835,0
2022-04-12 13:02:00,1835,1835,1835,1835,0
2022-04-12 13:03:00,1835,1835,1835,1835,0
2022-04-12 13:04:00,1835,1835,1835,1835,0
2022-04-12 13:05:00,1835,1835,1835,1835,0
2022-04-12 13:06:00,1835,1835,1835,1835,0
2022-04-12 13:07:00,1835,1835,1835,1835,0
2022-04-12 13:08:00,1835,1835,1835,1835,0
2022-04-12 13:09:00,1835,1835,1835,1835,0
2022-04-12 13:10:00,1835,1835,1835,1835,0
2022-04-12 13:11:00,1835,1835,1835,1835,0
2022-04-12 13:12:00,1835,1835,1835,1835,0
2022-04-12 13:13:00,1835,1835,1835,1835,0
2022-04-12 13:14:00,1835,1835,1835,1835,0
2022-04-12 13:15:00,1835,1835,1835,1835,0
2022-04-12 13:16:00,1835,1835,1835,1835,0
2022-04-12 13:17:00,1835,1835,1835,1835,0
2022-04-12 13:18:00,1835,1835,1835,1835,0
2022-04-12 13:19:00,1835,1835,1835,1835,0
2022-04-12 13:20:00,1835,1835,1835,1835,0
2022-04-12 13:21:00,1835,1835,1835,1835,0
2022-04-12 13:22:00,1835,1835,1835,1835,0
2022-04-12 13:23:00,1835,1835,1835,1835,0
2022-04-12 13:24:00,1835,1835,1835,1835,0
2022-04-12 13:25:00,1835,1835,1835,1835,0
2022-04-12 13:26:00,1835,1835,1835,1835,0
2022-04-12 13:27:00,1835,1835,1835,1835,0
2022-04-12 13:28:00,1835,1835,1835,1835,0
2022-04-12 13:29:00,1835,1835,1835,1835,0
2022-04-12 13:30:00,1835,1835,1835,1835,0
2022-04-12 13:31:00,1835,1835,1835,1835,0
2022-04-12 13:32:00,1835,1835,1835,1835,0
2022-04-12 13:33:00,1835,1835,1835,1835,0
2022-04-12 13:34:00,1835,1835,1835,1835,0
2022-04-12 13:35:00,1835,1835,1835,1835,0
2022-04-12 13:36:00,1835,1835,1835,1835,0
2022-04-12 13:37:00,1835,1835,1835,1835,0
2022-04-12 13:38:00,1835,1835,1835,1835,0
2022-04-12 13:39:00,1835,1835,1835,1835,0
2022-04-12 13:40:00,1800,1800,1800,1800,3000
2022-04-12 13:41:00,1800,1800,1800,1800,0
2022-04-12 13:42:00,1800,1800,1800,1800,0
2022-04-12 13:43:00,1800,1800,1800,1800,0
2022-04-12 13:44:00,1800,1800,1800,1800,0
2022-04-12 13:45:00,1800,1800,1800,1800,0
2022-04-12 13:46:00,1800,1800,1800,1800,0
2022-04-12 13:47:00,1800,1800,1800,1800,0
2022-04-12 13:48:00,1800,1800,1800,1800,0
2022-04-12 13:49:00,1800,1800,1800,1800,0
2022-04-12 13:50:00,1800,1800,1800,1800,0
2022-04-12 13:51:00,1800,1800,1800,1800,0
2022-04-12 13:52:00,1800,1800,1800,1800,0
2022-04-12 13:53:00,1800,1800,1800,1800,0
2022-04-12 13:54:00,1800,1800,1800,1800,0
2022-04-12 13:55:00,1800,1800,1800,1800,0
2022-04-12 13:56:00,1800,1800,1800,1800,0
2022-04-12 13:57:00,1800,1800,1800,1800,0
2022-04-12 13:58:00,1800,1800,1800,1800,0
2022-04-12 13:59:00,1800,1800,1800,1800,0
2022-04-12 14:00:00,1800,1800,1800,1800,0
2022-04-12 14:01:00,1800,1800,1800,1800,0
2022-04-12 14:02:00,1800,1800,1800,1800,0
2022-04-12 14:03:00,1800,1800,1800,1800,0
2022-04-12 14:04:00,1800,1800,1800,1800,0
2022-04-12 14:05:00,1800,1800,1800,1800,0
2022-04-12 14:06:00,1800,1800,1800,1800,0
2022-04-12 14:07:00,1800,1800,1800,1800,0
2022-04-12 14:08:00,1800,1800,1800,1800,0
2022-04-12 14:09:00,1800,1800,1800,1800,0
2022-04-12 14:10:00,1800,1800,1800,1800,0
2022-04-12 14:11:00,1800,1800,1800,1800,0
2022-04-12 14:12:00,1800,1800,1800,1800,0
2022-04-12 14:13:00,1800,1800,1800,1800,0
2022-04-12 14:14:00,1800,1800,1800,1800,0
2022-04-12 14:15:00,1800,1800,1800,1800,0
2022-04-12 14:16:00,1800,1800,1800,1800,0
2022-04-12 14:17:00,1800,1800,1800,1800,0
2022-04-12 14:18:00,1800,1800,1800,1800,0
2022-04-12 14:19:00,1800,1800,1800,1800,0
2022-04-12 14:20:00,1800,1800,1800,1800,0
2022-04-12 14:21:00,1800,1800,1800,1800,0
2022-04-12 14:22:00,1800,1800,1800,1800,0
2022-04-12 14:23:00,1800,1800,1800,1800,0
2022-04-12 14:24:00,1800,1800,1800,1800,0
2022-04-12 14:25:00,1800,1800,1800,1800,0
2022-04-12 14:26:00,1800,1800,1800,1800,0
2022-04-12 14:27:00,1800,1800,1800,1800,0
2022-04-12 14:28:00,1800,1800,1800,1800,0
2022-04-12 14:29:00,1800,1800,1800,1800,0
2022-04-12 14:30:00,1800,1800,1800,1800,0
2022-04-12 14:31:00,1800,1800,1800,1800,0
2022-04-12 14:32:00,1800,1800,1800,1800,0
2022-04-12 14:33:00,1800,1800,1800,1800,0
2022-04-12 14:34:00,1800,1800,1800,1800,0
2022-04-12 14:35:00,1800,1800,1800,1800,0
2022-04-12 14:36:00,1800,1800,1800,1800,0
2022-04-12 14:37:00,1800,1800,1800,1800,0
2022-04-12 14:38:00,1800,1800,1800,1800,0
2022-04-12 14:39:00,1800,1800,1800,1800,0
2022-04-12 14:40:00,1800,1800,1800,1800,0
2022-04-12 14:41:00,1800,1800,1800,1800,0
2022-04-12 14:42:00,1800,1800,1800,1800,0
2022-04-12 14:43:00,1800,1800,1800,1800,0
2022-04-12 14:44:00,1800,1800,1800,1800,0
2022-04-12 14:45:00,1800,1800,1800,1800,0
2022-04-12 14:46:00,1800,1800,1800,1800,0
2022-04-12 14:47:00,1800,1800,1800,1800,0
2022-04-12 14:48:00,1800,1800,1800,1800,0
2022-04-12 14:49:00,1800,1800,1800,1800,0
2022-04-12 14:50:00,1800,1800,1800,1800,0
2022-04-12 14:51:00,1800,1800,1800,1800,0
2022-04-12 14:52:00,1800,1800,1800,1800,0
2022-04-12 14:53:00,1800,1800,1800,1800,0
2022-04-12 14:54:00,1800,1800,1800,1800,0
2022-04-12 14:55:00,1800,1800,1800,1800,0
2022-04-12 14:56:00,1800,1800,1800,1800,0
2022-04-12 14:57:00,1800,1800,1800,1800,0
2022-04-12 14:58:00,1800,1800,1800,1800,0
2022-04-12 14:59:00,1800,1800,1800,1800,0
2022-04-12 15:00:00,1800,1800,1800,1800,0
2022-04-12 15:01:00,1800,1800,1800,1800,0
2022-04-12 15:02:00,1800,1800,1800,1800,0
2022-04-12 15:03:00,1800,1800,1800,1800,0
2022-04-12 15:04:00,1800,1800,1800,1800,0
2022-04-12 15:05:00,1800,1800,1800,1800,0
2022-04-12 15:06:00,1800,1800,1800,1800,0
2022-04-12 15:07:00,1800,1800,1800,1800,0
2022-04-12 15:08:00,1800,1800,1800,1800,0
2022-04-12 15:09:00,1800,1800,1800,1800,0
2022-04-12 15:10:00,1800,1800,1800,1800,0
2022-04-12 15:11:00,1800,1800,1800,1800,0
2022-04-12 15:12:00,1800,1800,1800,1800,0
2022-04-12 15:13:00,1800,1800,1800,1800,0
2022-04-12 15:14:00,1800,1800,1800,1800,0
2022-04-12 15:15:00,1800,1800,1800,1800,0
2022-04-12 15:16:00,1800,1800,1800,1800,0
2022-04-12 15:17:00,1800,1800,1800,1800,0
2022-04-12 15:18:00,1800,1800,1800,1800,0
2022-04-12 15:19:00,1800,1800,1800,1800,0
2022-04-12 15:20:00,1800,1800,1800,1800,0
2022-04-12 15:21:00,1800,1800,1800,1800,0
2022-04-12 15:22:00,1800,1800,1800,1800,0
2022-04-12 15:23:00,1800,1800,1800,1800,0
2022-04-12 15:24:00,1800,1800,1800,1800,0
2022-04-12 15:25:00,1800,1800,1800,1800,0
2022-04-12 15:26:00,1800,1800,1800,1800,0
2022-04-12 15:27:00,1800,1800,1800,1800,0
2022-04-12 15:28:00,1800,1800,1800,1800,0
2022-04-12 15:29:00,1800,1800,1800,1800,0
2022-04-12 15:30:00,1800,1800,1800,1800,0
2022-04-12 15:31:00,1800,1800,1800,1800,0
2022-04-12 15:32:00,1800,1800,1800,1800,0
2022-04-12 15:33:00,1800,1800,1800,1800,0
2022-04-12 15:34:00,1800,1800,1800,1800,0
2022-04-12 15:35:00,1800,1800,1800,1800,0
2022-04-12 15:36:00,1800,1800,1800,1800,0
2022-04-12 15:37:00,1800,1800,1800,1800,0
2022-04-12 15:38:00,1800,1800,1800,1800,0
2022-04-12 15:39:00,1800,1800,1800,1800,0
2022-04-12 15:40:00,1800,1800,1800,1800,0
2022-04-12 15:41:00,1800,1800,1800,1800,0
2022-04-12 15:42:00,1800,1800,1800,1800,0
2022-04-12 15:43:00,1800,1800,1800,1800,0
2022-04-12 15:44:00,1800,1800,1800,1800,0
2022-04-12 15:45:00,1800,1800,1800,1800,0
2022-04-12 15:46:00,1800,1800,1800,1800,0
2022-04-12 15:47:00,1800,1800,1800,1800,0
2022-04-12 15:48:00,1800,1800,1800,1800,0
2022-04-12 15:49:00,1800,1800,1800,1800,0
2022-04-12 15:50:00,1800,1800,1800,1800,0
2022-04-12 15:51:00,1800,1800,1800,1800,0
2022-04-12 15:52:00,1800,1800,1800,1800,0
2022-04-12 15:53:00,1800,1800,1800,1800,0
2022-04-12 15:54:00,1800,1800,1800,1800,0
2022-04-12 15:55:00,1800,1800,1800,1800,0
2022-04-12 15:56:00,1800,1800,1800,1800,0
2022-04-12 15:57:00,1800,1800,1800,1800,0
2022-04-12 15:58:00,1800,1800,1800,1800,0
2022-04-12 15:59:00,1800,1800,1800,1800,0
2022-04-13 09:00:00,1800,1800,1800,1800,0
2022-04-13 09:01:00,1800,1800,1800,1800,0
2022-04-13 09:02:00,1800,1800,1800,1800,0
2022-04-13 09:03:00,1800,1800,1800,1800,0
2022-04-13 09:04:00,1800,1800,1800,1800,0
2022-04-13 09:05:00,1800,1800,1800,1800,0
2022-04-13 09:06:00,1800,1800,1800,1800,0
2022-04-13 09:07:00,1800,1800,1800,1800,0
2022-04-13 09:08:00,1800,1800,1800,1800,0
2022-04-13 09:09:00,1800,1800,1800,1800,0
2022-04-13 09:10:00,1800,1800,1800,1800,0
2022-04-13 09:11:00,1800,1800,1800,1800,0
2022-04-13 09:12:00,1800,1800,1800,1800,0
2022-04-13 09:13:00,1800,1800,1800,1800,0
2022-04-13 09:14:00,1800,1800,1800,1800,0
2022-04-13 09:15:00,1750,1750,1750,1750,0
2022-04-13 09:16:00,1750,1750,1750,1750,0
2022-04-13 09:17:00,1750,1750,1750,1750,0
2022-04-13 09:18:00,1750,1750,1750,1750,0
2022-04-13 09:19:00,1750,1750,1750,1750,100
2022-04-13 09:20:00,1750,1750,1750,1750,0
2022-04-13 09:21:00,1750,1750,1750,1750,1200
2022-04-13 09:22:00,1750,1750,1750,1750,0
2022-04-13 09:23:00,1750,1750,1750,1750,0
2022-04-13 09:24:00,1750,1750,1750,1750,0
2022-04-13 09:25:00,1750,1750,1750,1750,0
2022-04-13 09:26:00,1750,1750,1750,1750,0
2022-04-13 09:27:00,1750,1750,1750,1750,0
2022-04-13 09:28:00,1750,1750,1750,1750,0
2022-04-13 09:29:00,1750,1750,1750,1750,0
2022-04-13 09:30:00,1750,1750,1750,1750,0
2022-04-13 09:31:00,1750,1750,1750,1750,0
2022-04-13 09:32:00,1750,1750,1750,1750,0
2022-04-13 09:33:00,1750,1750,1750,1750,0
2022-04-13 09:34:00,1750,1750,1750,1750,0
2022-04-13 09:35:00,1750,1750,1750,1750,0
2022-04-13 09:36:00,1750,1750,1750,1750,0
2022-04-13 09:37:00,1750,1750,1750,1750,0
2022-04-13 09:38:00,1750,1750,1750,1750,0
2022-04-13 09:39:00,1750,1750,1750,1750,0
2022-04-13 09:40:00,1750,1750,1750,1750,0
2022-04-13 09:41:00,1750,1750,1750,1750,0
2022-04-13 09:42:00,1750,1750,1750,1750,0
2022-04-13 09:43:00,1750,1750,1750,1750,400
2022-04-13 09:44:00,1750,1750,1750,1750,0
2022-04-13 09:45:00,1750,1750,1750,1750,0
2022-04-13 09:46:00,1750,1750,1750,1750,0
2022-04-13 09:47:00,1750,1750,1750,1750,0
2022-04-13 09:48:00,1750,1750,1750,1750,0
2022-04-13 09:49:00,1750,1750,1750,1750,0
2022-04-13 09:50:00,1750,1750,1750,1750,0
2022-04-13 09:51:00,1750,1750,1750,1750,0
2022-04-13 09:52:00,1750,1750,1750,1750,0
2022-04-13 09:53:00,1750,1750,1750,1750,0
2022-04-13 09:54:00,1750,1750,1750,1750,0
2022-04-13 09:55:00,1750,1750,1750,1750,0
2022-04-13 09:56:00,1750,1750,1750,1750,0
2022-04-13 09:57:00,1750,1750,1750,1750,0
2022-04-13 09:58:00,1750,1750,1750,1750,0
2022-04-13 09:59:00,1750,1750,1750,1750,0
2022-04-13 10:00:00,1750,1750,1750,1750,0
2022-04-13 10:01:00,1750,1750,1750,1750,0
2022-04-13 10:02:00,1750,1750,1750,1750,0
2022-04-13 10:03:00,1750,1750,1750,1750,0
2022-04-13 10:04:00,1750,1750,1750,1750,0
2022-04-13 10:05:00,1750,1750,1750,1750,0
2022-04-13 10:06:00,1750,1750,1750,1750,0
2022-04-13 10:07:00,1750,1750,1750,1750,0
2022-04-13 10:08:00,1750,1750,1750,1750,0
2022-04-13 10:09:00,1750,1750,1750,1750,0
2022-04-13 10:10:00,1750,1750,1750,1750,0
2022-04-13 10:11:00,1750,1750,1750,1750,0
2022-04-13 10:12:00,1750,1750,1750,1750,0
2022-04-13 10:13:00,1750,1750,1750,1750,0
2022-04-13 10:14:00,1750,1750,1750,1750,0
2022-04-13 10:15:00,1750,1750,1750,1750,0
2022-04-13 10:16:00,1750,1750,1750,1750,0
2022-04-13 10:17:00,1750,1750,1750,1750,0
2022-04-13 10:18:00,1750,1750,1750,1750,0
2022-04-13 10:19:00,1750,1750,1750,1750,0
2022-04-13 10:20:00,1750,1750,1750,1750,0
2022-04-13 10:21:00,1750,1750,1750,1750,0
2022-04-13 10:22:00,1750,1750,1750,1750,0
2022-04-13 10:23:00,1750,1750,1750,1750,0
2022-04-13 10:24:00,1750,1750,1750,1750,0
2022-04-13 10:25:00,1750,1750,1750,1750,0
2022-04-13 10:26:00,1750,1750,1750,1750,0
2022-04-13 10:27:00,1750,1750,1750,1750,0
2022-04-13 10:28:00,1750,1750,1750,1750,0
2022-04-13 10:29:00,1750,1750,1750,1750,0
2022-04-13 10:30:00,1750,1750,1750,1750,0
2022-04-13 10:31:00,1750,1750,1750,1750,0
2022-04-13 10:32:00,1750,1750,1750,1750,0
2022-04-13 10:33:00,1750,1750,1750,1750,0
2022-04-13 10:34:00,1750,1750,1750,1750,0
2022-04-13 10:35:00,1750,1750,1750,1750,0
2022-04-13 10:36:00,1750,1750,1750,1750,0
2022-04-13 10:37:00,1750,1750,1750,1750,0
2022-04-13 10:38:00,1750,1750,1750,1750,0
2022-04-13 10:39:00,1750,1750,1750,1750,0
2022-04-13 10:40:00,1750,1750,1750,1750,0
2022-04-13 10:41:00,1750,1750,1750,1750,0
2022-04-13 10:42:00,1750,1750,1750,1750,0
2022-04-13 10:43:00,1750,1750,1750,1750,0
2022-04-13 10:44:00,1750,1750,1750,1750,0
2022-04-13 10:45:00,1750,1750,1750,1750,0
2022-04-13 10:46:00,1750,1750,1750,1750,0
2022-04-13 10:47:00,1750,1750,1750,1750,0
2022-04-13 10:48:00,1750,1750,1750,1750,0
2022-04-13 10:49:00,1750,1750,1750,1750,0
2022-04-13 10:50:00,1750,1750,1750,1750,0
2022-04-13 10:51:00,1750,1750,1750,1750,0
2022-04-13 10:52:00,1750,1750,1750,1750,0
2022-04-13 10:53:00,1750,1750,1750,1750,3300
2022-04-13 10:54:00,1750,1750,1750,1750,0
2022-04-13 10:55:00,1750,1750,1750,1750,0
2022-04-13 10:56:00,1750,1750,1750,1750,0
2022-04-13 10:57:00,1750,1750,1750,1750,0
2022-04-13 10:58:00,1750,1750,1750,1750,0
2022-04-13 10:59:00,1750,1750,1750,1750,0
2022-04-13 11:00:00,1750,1750,1750,1750,0
2022-04-13 11:01:00,1750,1750,1750,1750,0
2022-04-13 11:02:00,1750,1750,1750,1750,0
2022-04-13 11:03:00,1750,1750,1750,1750,0
2022-04-13 11:04:00,1750,1750,1750,1750,0
2022-04-13 11:05:00,1750,1750,1750,1750,0
2022-04-13 11:06:00,1750,1750,1750,1750,0
2022-04-13 11:07:00,1750,1750,1750,1750,0
2022-04-13 11:08:00,1750,1750,1750,1750,0
2022-04-13 11:09:00,1750,1750,1750,1750,0
2022-04-13 11:10:00,1750,1750,1750,1750,0
2022-04-13 11:11:00,1750,1750,1750,1750,0
2022-04-13 11:12:00,1750,1750,1750,1750,0
2022-04-13 11:13:00,1750,1750,1750,1750,0
2022-04-13 11:14:00,1750,1750,1750,1750,0
2022-04-13 11:15:00,1750,1750,1750,1750,0
2022-04-13 11:16:00,1750,1750,1750,1750,0
2022-04-13 11:17:00,1750,1750,1750,1750,0
2022-04-13 11:18:00,1750,1750,1750,1750,0
2022-04-13 11:19:00,1750,1750,1750,1750,0
2022-04-13 11:20:00,1750,1750,1750,1750,0
2022-04-13 11:21:00,1750,1750,1750,1750,0
2022-04-13 11:22:00,1750,1750,1750,1750,0
2022-04-13 11:23:00,1750,1750,1750,1750,0
2022-04-13 11:24:00,1750,1750,1750,1750,0
2022-04-13 11:25:00,1750,1750,1750,1750,0
2022-04-13 11:26:00,1750,1750,1750,1750,0
2022-04-13 11:27:00,1750,1750,1750,1750,0
2022-04-13 11:28:00,1750,1750,1750,1750,0
2022-04-13 11:29:00,1750,1750,1750,1750,0
2022-04-13 11:30:00,1750,1750,1750,1750,0
2022-04-13 11:31:00,1750,1750,1750,1750,0
2022-04-13 11:32:00,1750,1750,1750,1750,0
2022-04-13 11:33:00,1750,1750,1750,1750,0
2022-04-13 11:34:00,1750,1750,1750,1750,0
2022-04-13 11:35:00,1750,1750,1750,1750,0
2022-04-13 11:36:00,1750,1750,1750,1750,0
2022-04-13 11:37:00,1750,1750,1750,1750,0
2022-04-13 11:38:00,1750,1750,1750,1750,0
2022-04-13 11:39:00,1750,1750,1750,1750,0
2022-04-13 11:40:00,1750,1750,1750,1750,0
2022-04-13 11:41:00,1750,1750,1750,1750,0
2022-04-13 11:42:00,1750,1750,1750,1750,0
2022-04-13 11:43:00,1750,1750,1750,1750,0
2022-04-13 11:44:00,1750,1750,1750,1750,0
2022-04-13 11:45:00,1750,1750,1750,1750,0
2022-04-13 11:46:00,1750,1750,1750,1750,0
2022-04-13 11:47:00,1750,1750,1750,1750,0
2022-04-13 11:48:00,1750,1750,1750,1750,0
2022-04-13 11:49:00,1750,1750,1750,1750,0
2022-04-13 11:50:00,1750,1750,1750,1750,0
2022-04-13 11:51:00,1750,1750,1750,1750,0
2022-04-13 11:52:00,1750,1750,1750,1750,0
2022-04-13 11:53:00,1750,1750,1750,1750,0
2022-04-13 11:54:00,1750,1750,1750,1750,0
2022-04-13 11:55:00,1750,1750,1750,1750,0
2022-04-13 11:56:00,1750,1750,1750,1750,0
2022-04-13 11:57:00,1750,1750,1750,1750,0
2022-04-13 11:58:00,1750,1750,1750,1750,0
2022-04-13 11:59:00,1750,1750,1750,1750,0
2022-04-13 12:00:00,1750,1750,1750,1750,0
2022-04-13 12:01:00,1750,1750,1750,1750,0
2022-04-13 12:02:00,1750,1750,1750,1750,0
2022-04-13 12:03:00,1750,1750,1750,1750,0
2022-04-13 12:04:00,1750,1750,1750,1750,0
2022-04-13 12:05:00,1750,1750,1750,1750,0
2022-04-13 12:06:00,1750,1750,1750,1750,0
2022-04-13 12:07:00,1750,1750,1750,1750,0
2022-04-13 12:08:00,1750,1750,1750,1750,0
2022-04-13 12:09:00,1750,1750,1750,1750,0
2022-04-13 12:10:00,1750,1750,1750,1750,0
2022-04-13 12:11:00,1750,1750,1750,1750,0
2022-04-13 12:12:00,1750,1750,1750,1750,0
2022-04-13 12:13:00,1750,1750,1750,1750,0
2022-04-13 12:14:00,1750,1750,1750,1750,0
2022-04-13 12:15:00,1750,1750,1750,1750,0
2022-04-13 12:16:00,1750,1750,1750,1750,0
2022-04-13 12:17:00,1750,1750,1750,1750,0
2022-04-13 12:18:00,1750,1750,1750,1750,0
2022-04-13 12:19:00,1750,1750,1750,1750,0
2022-04-13 12:20:00,1750,1750,1750,1750,0
2022-04-13 12:21:00,1750,1750,1750,1750,0
2022-04-13 12:22:00,1750,1750,1750,1750,0
2022-04-13 12:23:00,1750,1750,1750,1750,0
2022-04-13 12:24:00,1750,1750,1750,1750,0
2022-04-13 12:25:00,1750,1750,1750,1750,0
2022-04-13 12:26:00,1750,1750,1750,1750,0
2022-04-13 12:27:00,1750,1750,1750,1750,0
2022-04-13 12:28:00,1750,1750,1750,1750,0
2022-04-13 12:29:00,1750,1750,1750,1750,0
2022-04-13 12:30:00,1750,1750,1750,1750,0
2022-04-13 12:31:00,1750,1750,1750,1750,0
2022-04-13 12:32:00,1750,1750,1750,1750,0
2022-04-13 12:33:00,1750,1750,1750,1750,0
2022-04-13 12:34:00,1750,1750,1750,1750,0
2022-04-13 12:35:00,1750,1750,1750,1750,0
2022-04-13 12:36:00,1750,1750,1750,1750,0
2022-04-13 12:37:00,1750,1750,1750,1750,0
2022-04-13 12:38:00,1750,1750,1750,1750,0
2022-04-13 12:39:00,1750,1750,1750,1750,0
2022-04-13 12:40:00,1750,1750,1750,1750,0
2022-04-13 12:41:00,1750,1750,1750,1750,0
2022-04-13 12:42:00,1750,1750,1750,1750,0
2022-04-13 12:43:00,1750,1750,1750,1750,0
2022-04-13 12:44:00,1750,1750,1750,1750,0
2022-04-13 12:45:00,1750,1750,1750,1750,0
2022-04-13 12:46:00,1750,1750,1750,1750,0
2022-04-13 12:47:00,1750,1750,1750,1750,0
2022-04-13 12:48:00,1750,1750,1750,1750,0
2022-04-13 12:49:00,1750,1750,1750,1750,0
2022-04-13 12:50:00,1750,1750,1750,1750,0
2022-04-13 12:51:00,1750,1750,1750,1750,0
2022-04-13 12:52:00,1750,1750,1750,1750,0
2022-04-13 12:53:00,1750,1750,1750,1750,0
2022-04-13 12:54:00,1750,1750,1750,1750,0
2022-04-13 12:55:00,1750,1750,1750,1750,0
2022-04-13 12:56:00,1750,1750,1750,1750,0
2022-04-13 12:57:00,1750,1750,1750,1750,0
2022-04-13 12:58:00,1750,1750,1750,1750,0
2022-04-13 12:59:00,1750,1750,1750,1750,0
2022-04-13 13:00:00,1750,1750,1750,1750,0
2022-04-13 13:01:00,1750,1750,1750,1750,0
2022-04-13 13:02:00,1750,1750,1750,1750,0
2022-04-13 13:03:00,1750,1750,1750,1750,0
2022-04-13 13:04:00,1750,1750,1750,1750,0
2022-04-13 13:05:00,1750,1750,1750,1750,0
2022-04-13 13:06:00,1750,1750,1750,1750,0
2022-04-13 13:07:00,1750,1750,1750,1750,0
2022-04-13 13:08:00,1750,1750,1750,1750,0
2022-04-13 13:09:00,1750,1750,1750,1750,0
2022-04-13 13:10:00,1750,1750,1750,1750,0
2022-04-13 13:11:00,1750,1750,1750,1750,0
2022-04-13 13:12:00,1750,1750,1750,1750,0
2022-04-13 13:13:00,1750,1750,1750,1750,0
2022-04-13 13:14:00,1750,1750,1750,1750,0
2022-04-13 13:15:00,1750,1750,1750,1750,0
2022-04-13 13:16:00,1750,1750,1750,1750,0
2022-04-13 13:17:00,1750,1750,1750,1750,0
2022-04-13 13:18:00,1750,1750,1750,1750,0
2022-04-13 13:19:00,1750,1750,1750,1750,0
2022-04-13 13:20:00,1750,1750,1750,1750,0
2022-04-13 13:21:00,1750,1750,1750,1750,0
2022-04-13 13:22:00,1750,1750,1750,1750,0
2022-04-13 13:23:00,1750,1750,1750,1750,0
2022-04-13 13:24:00,1750,1750,1750,1750,0
2022-04-13 13:25:00,1750,1750,1750,1750,0
2022-04-13 13:26:00,1750,1750,1750,1750,0
2022-04-13 13:27:00,1750,1750,1750,1750,0
2022-04-13 13:28:00,1750,1750,1750,1750,0
2022-04-13 13:29:00,1750,1750,1750,1750,0
2022-04-13 13:30:00,1750,1750,1750,1750,0
2022-04-13 13:31:00,1750,1750,1750,1750,0
2022-04-13 13:32:00,1750,1750,1750,1750,0
2022-04-13 13:33:00,1750,1750,1750,1750,0
2022-04-13 13:34:00,1750,1750,1750,1750,0
2022-04-13 13:35:00,1750,1750,1750,1750,0
2022-04-13 13:36:00,1750,1750,1750,1750,0
2022-04-13 13:37:00,1750,1750,1750,1750,0
2022-04-13 13:38:00,1750,1750,1750,1750,0
2022-04-13 13:39:00,1750,1750,1750,1750,0
2022-04-13 13:40:00,1750,1750,1750,1750,0
2022-04-13 13:41:00,1750,1750,1750,1750,0
2022-04-13 13:42:00,1750,1750,1750,1750,0
2022-04-13 13:43:00,1750,1750,1750,1750,0
2022-04-13 13:44:00,1750,1750,1750,1750,0
2022-04-13 13:45:00,1750,1750,1750,1750,0
2022-04-13 13:46:00,1750,1750,1750,1750,0
2022-04-13 13:47:00,1750,1750,1750,1750,0
2022-04-13 13:48:00,1750,1750,1750,1750,0
2022-04-13 13:49:00,1750,1750,1750,1750,0
2022-04-13 13:50:00,1750,1750,1750,1750,0
2022-04-13 13:51:00,1750,1750,1750,1750,200
2022-04-13 13:52:00,1750,1750,1750,1750,0
2022-04-13 13:53:00,1750,1750,1750,1750,0
2022-04-13 13:54:00,1750,1750,1750,1750,0
2022-04-13 13:55:00,1750,1750,1750,1750,0
2022-04-13 13:56:00,1750,1750,1750,1750,0
2022-04-13 13:57:00,1750,1750,1750,1750,0
2022-04-13 13:58:00,1750,1750,1750,1750,0
2022-04-13 13:59:00,1750,1750,1750,1750,0
2022-04-13 14:00:00,1750,1750,1750,1750,0
2022-04-13 14:01:00,1750,1750,1750,1750,0
2022-04-13 14:02:00,1750,1750,1750,1750,0
2022-04-13 14:03:00,1750,1750,1750,1750,0
2022-04-13 14:04:00,1750,1750,1750,1750,0
2022-04-13 14:05:00,1750,1750,1750,1750,0
2022-04-13 14:06:00,1750,1750,1750,1750,0
2022-04-13 14:07:00,1750,1750,1750,1750,0
2022-04-13 14:08:00,1750,1750,1750,1750,0
2022-04-13 14:09:00,1750,1750,1750,1750,0
2022-04-13 14:10:00,1750,1750,1750,1750,0
2022-04-13 14:11:00,1750,1750,1750,1750,0
2022-04-13 14:12:00,1750,1750,1750,1750,0
2022-04-13 14:13:00,1750,1750,1750,1750,0
2022-04-13 14:14:00,1750,1750,1750,1750,0
2022-04-13 14:15:00,1750,1750,1750,1750,0
2022-04-13 14:16:00,1750,1750,1750,1750,0
2022-04-13 14:17:00,1750,1750,1750,1750,0
2022-04-13 14:18:00,1750,1750,1750,1750,0
2022-04-13 14:19:00,1750,1750,1750,1750,0
2022-04-13 14:20:00,1750,1750,1750,1750,0
2022-04-13 14:21:00,1750,1750,1750,1750,0
2022-04-13 14:22:00,1750,1750,1750,1750,0
2022-04-13 14:23:00,1750,1750,1750,1750,0
2022-04-13 14:24:00,1750,1750,1750,1750,0
2022-04-13 14:25:00,1750,1750,1750,1750,0
2022-04-13 14:26:00,1750,1750,1750,1750,0
2022-04-13 14:27:00,1750,1750,1750,1750,0
2022-04-13 14:28:00,1750,1750,1750,1750,0
2022-04-13 14:29:00,1750,1750,1750,1750,0
2022-04-13 14:30:00,1750,1750,1750,1750,0
2022-04-13 14:31:00,1750,1750,1750,1750,100
2022-04-13 14:32:00,1750,1750,1750,1750,0
2022-04-13 14:33:00,1750,1750,1750,1750,0
2022-04-13 14:34:00,1750,1750,1750,1750,0
2022-04-13 14:35:00,1750,1750,1750,1750,0
2022-04-13 14:36:00,1750,1750,1750,1750,0
2022-04-13 14:37:00,1750,1750,1750,1750,0
2022-04-13 14:38:00,1750,1750,1750,1750,0
2022-04-13 14:39:00,1750,1750,1750,1750,0
2022-04-13 14:40:00,1750,1750,1750,1750,200
2022-04-13 14:41:00,1750,1750,1750,1750,0
2022-04-13 14:42:00,1750,1750,1750,1750,0
2022-04-13 14:43:00,1750,1750,1750,1750,0
2022-04-13 14:44:00,1750,1750,1750,1750,0
2022-04-13 14:45:00,1750,1750,1750,1750,0
2022-04-13 14:46:00,1750,1750,1750,1750,0
2022-04-13 14:47:00,1750,1750,1750,1750,0
2022-04-13 14:48:00,1750,1750,1750,1750,0
2022-04-13 14:49:00,1750,1750,1750,1750,0
2022-04-13 14:50:00,1750,1750,1750,1750,0
2022-04-13 14:51:00,1750,1750,1750,1750,0
2022-04-13 14:52:00,1750,1750,1750,1750,0
2022-04-13 14:53:00,1750,1750,1750,1750,0
2022-04-13 14:54:00,1750,1750,1750,1750,0
2022-04-13 14:55:00,1750,1750,1750,1750,0
2022-04-13 14:56:00,1750,1750,1750,1750,0
2022-04-13 14:57:00,1750,1750,1750,1750,0
2022-04-13 14:58:00,1750,1750,1750,1750,0
2022-04-13 14:59:00,1750,1750,1750,1750,0
2022-04-13 15:00:00,1750,1750,1750,1750,0
2022-04-13 15:01:00,1750,1750,1750,1750,0
2022-04-13 15:02:00,1750,1750,1750,1750,0
2022-04-13 15:03:00,1750,1750,1750,1750,0
2022-04-13 15:04:00,1750,1750,1750,1750,0
2022-04-13 15:05:00,1750,1750,1750,1750,0
2022-04-13 15:06:00,1750,1750,1750,1750,0
2022-04-13 15:07:00,1750,1750,1750,1750,0
2022-04-13 15:08:00,1750,1750,1750,1750,0
2022-04-13 15:09:00,1750,1750,1750,1750,0
2022-04-13 15:10:00,1750,1750,1750,1750,0
2022-04-13 15:11:00,1750,1750,1750,1750,0
2022-04-13 15:12:00,1750,1750,1750,1750,0
2022-04-13 15:13:00,1750,1750,1750,1750,0
2022-04-13 15:14:00,1750,1750,1750,1750,0
2022-04-13 15:15:00,1750,1750,1750,1750,0
2022-04-13 15:16:00,1750,1750,1750,1750,0
2022-04-13 15:17:00,1750,1750,1750,1750,0
2022-04-13 15:18:00,1750,1750,1750,1750,0
2022-04-13 15:19:00,1750,1750,1750,1750,0
2022-04-13 15:20:00,1750,1750,1750,1750,0
2022-04-13 15:21:00,1750,1750,1750,1750,0
2022-04-13 15:22:00,1750,1750,1750,1750,0
2022-04-13 15:23:00,1750,1750,1750,1750,0
2022-04-13 15:24:00,1750,1750,1750,1750,0
2022-04-13 15:25:00,1750,1750,1750,1750,0
2022-04-13 15:26:00,1750,1750,1750,1750,0
2022-04-13 15:27:00,1750,1750,1750,1750,0
2022-04-13 15:28:00,1750,1750,1750,1750,0
2022-04-13 15:29:00,1750,1750,1750,1750,0
2022-04-13 15:30:00,1750,1750,1750,1750,0
2022-04-13 15:31:00,1750,1750,1750,1750,0
2022-04-13 15:32:00,1750,1750,1750,1750,0
2022-04-13 15:33:00,1750,1750,1750,1750,0
2022-04-13 15:34:00,1750,1750,1750,1750,0
2022-04-13 15:35:00,1750,1750,1750,1750,0
2022-04-13 15:36:00,1750,1750,1750,1750,0
2022-04-13 15:37:00,1750,1750,1750,1750,0
2022-04-13 15:38:00,1750,1750,1750,1750,0
2022-04-13 15:39:00,1750,1750,1750,1750,0
2022-04-13 15:40:00,1750,1750,1750,1750,0
2022-04-13 15:41:00,1750,1750,1750,1750,0
2022-04-13 15:42:00,1750,1750,1750,1750,0
2022-04-13 15:43:00,1750,1750,1750,1750,0
2022-04-13 15:44:00,1750,1750,1750,1750,0
2022-04-13 15:45:00,1750,1750,1750,1750,0
2022-04-13 15:46:00,1750,1750,1750,1750,0
2022-04-13 15:47:00,1750,1750,1750,1750,0
2022-04-13 15:48:00,1750,1750,1750,1750,0
2022-04-13 15:49:00,1750,1750,1750,1750,0
2022-04-13 15:50:00,1750,1750,1750,1750,0
2022-04-13 15:51:00,1750,1750,1750,1750,0
2022-04-13 15:52:00,1750,1750,1750,1750,0
2022-04-13 15:53:00,1750,1750,1750,1750,0
2022-04-13 15:54:00,1750,1750,1750,1750,0
2022-04-13 15:55:00,1750,1750,1750,1750,0
2022-04-13 15:56:00,1750,1750,1750,1750,0
2022-04-13 15:57:00,1750,1750,1750,1750,0
2022-04-13 15:58:00,1750,1750,1750,1750,0
2022-04-13 15:59:00,1750,1750,1750,1750,0
2022-04-14 09:00:00,1750,1750,1750,1750,0
2022-04-14 09:01:00,1750,1750,1750,1750,0
2022-04-14 09:02:00,1750,1750,1750,1750,0
2022-04-14 09:03:00,1750,1750,1750,1750,0
2022-04-14 09:04:00,1750,1750,1750,1750,0
2022-04-14 09:05:00,1750,1750,1750,1750,0
2022-04-14 09:06:00,1750,1750,1750,1750,0
2022-04-14 09:07:00,1750,1750,1750,1750,0
2022-04-14 09:08:00,1750,1750,1750,1750,0
2022-04-14 09:09:00,1750,1750,1750,1750,0
2022-04-14 09:10:00,1750,1750,1750,1750,0
2022-04-14 09:11:00,1750,1750,1750,1750,0
2022-04-14 09:12:00,1750,1750,1750,1750,0
2022-04-14 09:13:00,1750,1750,1750,1750,0
2022-04-14 09:14:00,1750,1750,1750,1750,0
2022-04-14 09:15:00,1750,1750,1750,1750,0
2022-04-14 09:16:00,1750,1750,1750,1750,0
2022-04-14 09:17:00,1750,1750,1750,1750,0
2022-04-14 09:18:00,1750,1750,1750,1750,0
2022-04-14 09:19:00,1750,1750,1750,1750,0
2022-04-14 09:20:00,1750,1750,1750,1750,0
2022-04-14 09:21:00,1750,1750,1750,1750,0
2022-04-14 09:22:00,1750,1750,1750,1750,0
2022-04-14 09:23:00,1750,1750,1750,1750,0
2022-04-14 09:24:00,1750,1750,1750,1750,0
2022-04-14 09:25:00,1750,1750,1750,1750,0
2022-04-14 09:26:00,1750,1750,1750,1750,0
2022-04-14 09:27:00,1750,1750,1750,1750,0
2022-04-14 09:28:00,1750,1750,1750,1750,0
2022-04-14 09:29:00,1750,1750,1750,1750,0
2022-04-14 09:30:00,1750,1750,1750,1750,0
2022-04-14 09:31:00,1750,1750,1750,1750,0
2022-04-14 09:32:00,1750,1750,1750,1750,0
2022-04-14 09:33:00,1750,1750,1750,1750,0
2022-04-14 09:34:00,1750,1750,1750,1750,0
2022-04-14 09:35:00,1750,1750,1750,1750,0
2022-04-14 09:36:00,1750,1750,1750,1750,0
2022-04-14 09:37:00,1750,1750,1750,1750,0
2022-04-14 09:38:00,1750,1750,1750,1750,0
2022-04-14 09:39:00,1750,1750,1750,1750,0
2022-04-14 09:40:00,1750,1750,1750,1750,0
2022-04-14 09:41:00,1750,1750,1750,1750,0
2022-04-14 09:42:00,1750,1750,1750,1750,0
2022-04-14 09:43:00,1750,1750,1750,1750,0
2022-04-14 09:44:00,1750,1750,1750,1750,0
2022-04-14 09:45:00,1750,1750,1750,1750,0
2022-04-14 09:46:00,1750,1750,1750,1750,0
2022-04-14 09:47:00,1750,1750,1750,1750,0
2022-04-14 09:48:00,1750,1750,1750,1750,0
2022-04-14 09:49:00,1750,1750,1750,1750,0
2022-04-14 09:50:00,1750,1750,1750,1750,0
2022-04-14 09:51:00,1750,1750,1750,1750,0
2022-04-14 09:52:00,1750,1750,1750,1750,0
2022-04-14 09:53:00,1750,1750,1750,1750,0
2022-04-14 09:54:00,1750,1750,1750,1750,0
2022-04-14 09:55:00,1750,1750,1750,1750,0
2022-04-14 09:56:00,1750,1750,1750,1750,0
2022-04-14 09:57:00,1750,1750,1750,1750,0
2022-04-14 09:58:00,1750,1750,1750,1750,0
2022-04-14 09:59:00,1750,1750,1750,1750,0
2022-04-14 10:00:00,1750,1750,1750,1750,0
2022-04-14 10:01:00,1750,1750,1750,1750,0
2022-04-14 10:02:00,1750,1750,1750,1750,0
2022-04-14 10:03:00,1750,1750,1750,1750,0
2022-04-14 10:04:00,1750,1750,1750,1750,0
2022-04-14 10:05:00,1750,1750,1750,1750,0
2022-04-14 10:06:00,1750,1750,1750,1750,0
2022-04-14 10:07:00,1750,1750,1750,1750,0
2022-04-14 10:08:00,1750,1750,1750,1750,0
2022-04-14 10:09:00,1750,1750,1750,1750,0
2022-04-14 10:10:00,1750,1750,1750,1750,0
2022-04-14 10:11:00,1750,1750,1750,1750,0
2022-04-14 10:12:00,1750,1750,1750,1750,0
2022-04-14 10:13:00,1750,1750,1750,1750,0
2022-04-14 10:14:00,1750,1750,1750,1750,0
2022-04-14 10:15:00,1750,1750,1750,1750,0
2022-04-14 10:16:00,1750,1750,1750,1750,0
2022-04-14 10:17:00,1750,1750,1750,1750,0
2022-04-14 10:18:00,1750,1750,1750,1750,0
2022-04-14 10:19:00,1750,1750,1750,1750,0
2022-04-14 10:20:00,1750,1750,1750,1750,0
2022-04-14 10:21:00,1750,1750,1750,1750,0
2022-04-14 10:22:00,1750,1750,1750,1750,0
2022-04-14 10:23:00,1750,1750,1750,1750,0
2022-04-14 10:24:00,1750,1750,1750,1750,0
2022-04-14 10:25:00,1750,1750,1750,1750,0
2022-04-14 10:26:00,1750,1750,1750,1750,0
2022-04-14 10:27:00,1750,1750,1750,1750,0
2022-04-14 10:28:00,1750,1750,1750,1750,0
2022-04-14 10:29:00,1750,1750,1750,1750,0
2022-04-14 10:30:00,1750,1750,1750,1750,0
2022-04-14 10:31:00,1750,1750,1750,1750,0
2022-04-14 10:32:00,1750,1750,1750,1750,0
2022-04-14 10:33:00,1750,1750,1750,1750,0
2022-04-14 10:34:00,1750,1750,1750,1750,0
2022-04-14 10:35:00,1750,1750,1750,1750,0
2022-04-14 10:36:00,1750,1750,1750,1750,0
2022-04-14 10:37:00,1750,1750,1750,1750,0
2022-04-14 10:38:00,1750,1750,1750,1750,0
2022-04-14 10:39:00,1750,1750,1750,1750,0
2022-04-14 10:40:00,1750,1750,1750,1750,0
2022-04-14 10:41:00,1750,1750,1750,1750,0
2022-04-14 10:42:00,1750,1750,1750,1750,0
2022-04-14 10:43:00,1750,1750,1750,1750,0
2022-04-14 10:44:00,1750,1750,1750,1750,0
2022-04-14 10:45:00,1750,1750,1750,1750,0
2022-04-14 10:46:00,1750,1750,1750,1750,0
2022-04-14 10:47:00,1750,1750,1750,1750,0
2022-04-14 10:48:00,1750,1750,1750,1750,0
2022-04-14 10:49:00,1750,1750,1750,1750,0
2022-04-14 10:50:00,1750,1750,1750,1750,0
2022-04-14 10:51:00,1750,1750,1750,1750,0
2022-04-14 10:52:00,1750,1750,1750,1750,0
2022-04-14 10:53:00,1750,1750,1750,1750,0
2022-04-14 10:54:00,1750,1750,1750,1750,0
2022-04-14 10:55:00,1750,1750,1750,1750,0
2022-04-14 10:56:00,1750,1750,1750,1750,0
2022-04-14 10:57:00,1750,1750,1750,1750,0
2022-04-14 10:58:00,1750,1750,1750,1750,0
2022-04-14 10:59:00,1750,1750,1750,1750,0
2022-04-14 11:00:00,1750,1750,1750,1750,0
2022-04-14 11:01:00,1750,1750,1750,1750,0
2022-04-14 11:02:00,1750,1750,1750,1750,0
2022-04-14 11:03:00,1750,1750,1750,1750,0
2022-04-14 11:04:00,1750,1750,1750,1750,0
2022-04-14 11:05:00,1750,1750,1750,1750,0
2022-04-14 11:06:00,1750,1750,1750,1750,0
2022-04-14 11:07:00,1750,1750,1750,1750,0
2022-04-14 11:08:00,1750,1750,1750,1750,0
2022-04-14 11:09:00,1750,1750,1750,1750,0
2022-04-14 11:10:00,1750,1750,1750,1750,0
2022-04-14 11:11:00,1750,1750,1750,1750,0
2022-04-14 11:12:00,1750,1750,1750,1750,0
2022-04-14 11:13:00,1750,1750,1750,1750,0
2022-04-14 11:14:00,1750,1750,1750,1750,0
2022-04-14 11:15:00,1750,1750,1750,1750,0
2022-04-14 11:16:00,1750,1750,1750,1750,0
2022-04-14 11:17:00,1750,1750,1750,1750,0
2022-04-14 11:18:00,1750,1750,1750,1750,0
2022-04-14 11:19:00,1750,1750,1750,1750,0
2022-04-14 11:20:00,1750,1750,1750,1750,0
2022-04-14 11:21:00,1750,1750,1750,1750,0
2022-04-14 11:22:00,1750,1750,1750,1750,0
2022-04-14 11:23:00,1750,1750,1750,1750,0
2022-04-14 11:24:00,1750,1750,1750,1750,0
2022-04-14 11:25:00,1750,1750,1750,1750,0
2022-04-14 11:26:00,1750,1750,1750,1750,0
2022-04-14 11:27:00,1750,1750,1750,1750,0
2022-04-14 11:28:00,1750,1750,1750,1750,0
2022-04-14 11:29:00,1750,1750,1750,1750,0
2022-04-14 11:30:00,1750,1750,1750,1750,0
2022-04-14 11:31:00,1750,1750,1750,1750,0
2022-04-14 11:32:00,1750,1750,1750,1750,0
2022-04-14 11:33:00,1750,1750,1750,1750,0
2022-04-14 11:34:00,1750,1750,1750,1750,0
2022-04-14 11:35:00,1750,1750,1750,1750,0
2022-04-14 11:36:00,1750,1750,1750,1750,0
2022-04-14 11:37:00,1750,1750,1750,1750,0
2022-04-14 11:38:00,1750,1750,1750,1750,0
2022-04-14 11:39:00,1750,1750,1750,1750,0
2022-04-14 11:40:00,1750,1750,1750,1750,0
2022-04-14 11:41:00,1750,1750,1750,1750,0
2022-04-14 11:42:00,1750,1750,1750,1750,0
2022-04-14 11:43:00,1750,1750,1750,1750,0
2022-04-14 11:44:00,1750,1750,1750,1750,0
2022-04-14 11:45:00,1750,1750,1750,1750,0
2022-04-14 11:46:00,1750,1750,1750,1750,0
2022-04-14 11:47:00,1750,1750,1750,1750,0
2022-04-14 11:48:00,1750,1750,1750,1750,0
2022-04-14 11:49:00,1750,1750,1750,1750,0
2022-04-14 11:50:00,1750,1750,1750,1750,0
2022-04-14 11:51:00,1750,1750,1750,1750,0
2022-04-14 11:52:00,1750,1750,1750,1750,0
2022-04-14 11:53:00,1750,1750,1750,1750,0
2022-04-14 11:54:00,1750,1750,1750,1750,0
2022-04-14 11:55:00,1750,1750,1750,1750,0
2022-04-14 11:56:00,1750,1750,1750,1750,0
2022-04-14 11:57:00,1750,1750,1750,1750,0
2022-04-14 11:58:00,1750,1750,1750,1750,0
2022-04-14 11:59:00,1750,1750,1750,1750,0
2022-04-14 12:00:00,1750,1750,1750,1750,0
2022-04-14 12:01:00,1750,1750,1750,1750,0
2022-04-14 12:02:00,1750,1750,1750,1750,0
2022-04-14 12:03:00,1750,1750,1750,1750,0
2022-04-14 12:04:00,1750,1750,1750,1750,0
2022-04-14 12:05:00,1750,1750,1750,1750,0
2022-04-14 12:06:00,1750,1750,1750,1750,0
2022-04-14 12:07:00,1750,1750,1750,1750,0
2022-04-14 12:08:00,1750,1750,1750,1750,0
2022-04-14 12:09:00,1750,1750,1750,1750,0
2022-04-14 12:10:00,1750,1750,1750,1750,0
2022-04-14 12:11:00,1750,1750,1750,1750,0
2022-04-14 12:12:00,1750,1750,1750,1750,0
2022-04-14 12:13:00,1750,1750,1750,1750,0
2022-04-14 12:14:00,1750,1750,1750,1750,0
2022-04-14 12:15:00,1750,1750,1750,1750,0
2022-04-14 12:16:00,1750,1750,1750,1750,0
2022-04-14 12:17:00,1750,1750,1750,1750,0
2022-04-14 12:18:00,1750,1750,1750,1750,0
2022-04-14 12:19:00,1750,1750,1750,1750,0
2022-04-14 12:20:00,1750,1750,1750,1750,0
2022-04-14 12:21:00,1750,1750,1750,1750,0
2022-04-14 12:22:00,1750,1750,1750,1750,0
2022-04-14 12:23:00,1750,1750,1750,1750,0
2022-04-14 12:24:00,1750,1750,1750,1750,0
2022-04-14 12:25:00,1750,1750,1750,1750,0
2022-04-14 12:26:00,1750,1750,1750,1750,0
2022-04-14 12:27:00,1750,1750,1750,1750,0
2022-04-14 12:28:00,1750,1750,1750,1750,0
2022-04-14 12:29:00,1750,1750,1750,1750,0
2022-04-14 12:30:00,1750,1750,1750,1750,0
2022-04-14 12:31:00,1750,1750,1750,1750,0
2022-04-14 12:32:00,1750,1750,1750,1750,0
2022-04-14 12:33:00,1750,1750,1750,1750,0
2022-04-14 12:34:00,1750,1750,1750,1750,0
2022-04-14 12:35:00,1750,1750,1750,1750,0
2022-04-14 12:36:00,1750,1750,1750,1750,0
2022-04-14 12:37:00,1750,1750,1750,1750,0
2022-04-14 12:38:00,1750,1750,1750,1750,0
2022-04-14 12:39:00,1750,1750,1750,1750,0
2022-04-14 12:40:00,1750,1750,1750,1750,0
2022-04-14 12:41:00,1750,1750,1750,1750,0
2022-04-14 12:42:00,1750,1750,1750,1750,0
2022-04-14 12:43:00,1750,1750,1750,1750,0
2022-04-14 12:44:00,1750,1750,1750,1750,0
2022-04-14 12:45:00,1750,1750,1750,1750,0
2022-04-14 12:46:00,1750,1750,1750,1750,0
2022-04-14 12:47:00,1750,1750,1750,1750,0
2022-04-14 12:48:00,1750,1750,1750,1750,0
2022-04-14 12:49:00,1750,1750,1750,1750,0
2022-04-14 12:50:00,1750,1750,1750,1750,0
2022-04-14 12:51:00,1750,1750,1750,1750,0
2022-04-14 12:52:00,1750,1750,1750,1750,0
2022-04-14 12:53:00,1750,1750,1750,1750,0
2022-04-14 12:54:00,1750,1750,1750,1750,0
2022-04-14 12:55:00,1750,1750,1750,1750,0
2022-04-14 12:56:00,1750,1750,1750,1750,0
2022-04-14 12:57:00,1750,1750,1750,1750,0
2022-04-14 12:58:00,1750,1750,1750,1750,0
2022-04-14 12:59:00,1750,1750,1750,1750,0
2022-04-14 13:00:00,1750,1750,1750,1750,0
2022-04-14 13:01:00,1750,1750,1750,1750,0
2022-04-14 13:02:00,1750,1750,1750,1750,0
2022-04-14 13:03:00,1750,1750,1750,1750,0
2022-04-14 13:04:00,1750,1750,1750,1750,0
2022-04-14 13:05:00,1750,1750,1750,1750,0
2022-04-14 13:06:00,1750,1750,1750,1750,0
2022-04-14 13:07:00,1750,1750,1750,1750,0
2022-04-14 13:08:00,1750,1750,1750,1750,0
2022-04-14 13:09:00,1750,1750,1750,1750,0
2022-04-14 13:10:00,1750,1750,1750,1750,0
2022-04-14 13:11:00,1750,1750,1750,1750,0
2022-04-14 13:12:00,1750,1750,1750,1750,0
2022-04-14 13:13:00,1750,1750,1750,1750,0
2022-04-14 13:14:00,1750,1750,1750,1750,0
2022-04-14 13:15:00,1750,1750,1750,1750,0
2022-04-14 13:16:00,1750,1750,1750,1750,0
2022-04-14 13:17:00,1750,1750,1750,1750,0
2022-04-14 13:18:00,1750,1750,1750,1750,0
2022-04-14 13:19:00,1750,1750,1750,1750,0
2022-04-14 13:20:00,1750,1750,1750,1750,0
2022-04-14 13:21:00,1750,1750,1750,1750,0
2022-04-14 13:22:00,1750,1750,1750,1750,0
2022-04-14 13:23:00,1750,1750,1750,1750,0
2022-04-14 13:24:00,1750,1750,1750,1750,0
2022-04-14 13:25:00,1750,1750,1750,1750,0
2022-04-14 13:26:00,1750,1750,1750,1750,0
2022-04-14 13:27:00,1750,1750,1750,1750,0
2022-04-14 13:28:00,1750,1750,1750,1750,0
2022-04-14 13:29:00,1750,1750,1750,1750,0
2022-04-14 13:30:00,1750,1750,1750,1750,0
2022-04-14 13:31:00,1750,1750,1750,1750,0
2022-04-14 13:32:00,1750,1750,1750,1750,0
2022-04-14 13:33:00,1750,1750,1750,1750,0
2022-04-14 13:34:00,1750,1750,1750,1750,0
2022-04-14 13:35:00,1750,1750,1750,1750,0
2022-04-14 13:36:00,1750,1750,1750,1750,0
2022-04-14 13:37:00,1750,1750,1750,1750,0
2022-04-14 13:38:00,1750,1750,1750,1750,0
2022-04-14 13:39:00,1750,1750,1750,1750,0
2022-04-14 13:40:00,1750,1750,1750,1750,0
2022-04-14 13:41:00,1750,1750,1750,1750,0
2022-04-14 13:42:00,1750,1750,1750,1750,0
2022-04-14 13:43:00,1750,1750,1750,1750,0
2022-04-14 13:44:00,1750,1750,1750,1750,0
2022-04-14 13:45:00,1750,1750,1750,1750,0
2022-04-14 13:46:00,1750,1750,1750,1750,0
2022-04-14 13:47:00,1750,1750,1750,1750,0
2022-04-14 13:48:00,1750,1750,1750,1750,0
2022-04-14 13:49:00,1750,1750,1750,1750,0
2022-04-14 13:50:00,1750,1750,1750,1750,0
2022-04-14 13:51:00,1750,1750,1750,1750,0
2022-04-14 13:52:00,1750,1750,1750,1750,0
2022-04-14 13:53:00,1750,1750,1750,1750,0
2022-04-14 13:54:00,1750,1750,1750,1750,0
2022-04-14 13:55:00,1750,1750,1750,1750,0
2022-04-14 13:56:00,1750,1750,1750,1750,0
2022-04-14 13:57:00,1750,1750,1750,1750,0
2022-04-14 13:58:00,1750,1750,1750,1750,0
2022-04-14 13:59:00,1750,1750,1750,1750,0
2022-04-14 14:00:00,1750,1750,1750,1750,0
2022-04-14 14:01:00,1750,1750,1750,1750,0
2022-04-14 14:02:00,1750,1750,1750,1750,0
2022-04-14 14:03:00,1750,1750,1750,1750,0
2022-04-14 14:04:00,1750,1750,1750,1750,0
2022-04-14 14:05:00,1750,1750,1750,1750,0
2022-04-14 14:06:00,1750,1750,1750,1750,0
2022-04-14 14:07:00,1750,1750,1750,1750,0
2022-04-14 14:08:00,1750,1750,1750,1750,0
2022-04-14 14:09:00,1750,1750,1750,1750,0
2022-04-14 14:10:00,1750,1750,1750,1750,0
2022-04-14 14:11:00,1750,1750,1750,1750,0
2022-04-14 14:12:00,1750,1750,1750,1750,0
2022-04-14 14:13:00,1750,1750,1750,1750,0
2022-04-14 14:14:00,1750,1750,1750,1750,0
2022-04-14 14:15:00,1750,1750,1750,1750,0
2022-04-14 14:16:00,1750,1750,1750,1750,0
2022-04-14 14:17:00,1750,1750,1750,1750,0
2022-04-14 14:18:00,1750,1750,1750,1750,0
2022-04-14 14:19:00,1750,1750,1750,1750,0
2022-04-14 14:20:00,1750,1750,1750,1750,0
2022-04-14 14:21:00,1750,1750,1750,1750,0
2022-04-14 14:22:00,1750,1750,1750,1750,0
2022-04-14 14:23:00,1750,1750,1750,1750,0
2022-04-14 14:24:00,1750,1750,1750,1750,0
2022-04-14 14:25:00,1750,1750,1750,1750,0
2022-04-14 14:26:00,1750,1750,1750,1750,0
2022-04-14 14:27:00,1750,1750,1750,1750,0
2022-04-14 14:28:00,1750,1750,1750,1750,0
2022-04-14 14:29:00,1750,1750,1750,1750,0
2022-04-14 14:30:00,1750,1750,1750,1750,0
2022-04-14 14:31:00,1750,1750,1750,1750,0
2022-04-14 14:32:00,1750,1750,1750,1750,0
2022-04-14 14:33:00,1750,1750,1750,1750,0
2022-04-14 14:34:00,1750,1750,1750,1750,0
2022-04-14 14:35:00,1750,1750,1750,1750,0
2022-04-14 14:36:00,1750,1750,1750,1750,0
2022-04-14 14:37:00,1750,1750,1750,1750,0
2022-04-14 14:38:00,1750,1750,1750,1750,0
2022-04-14 14:39:00,1750,1750,1750,1750,0
2022-04-14 14:40:00,1750,1750,1750,1750,0
2022-04-14 14:41:00,1750,1750,1750,1750,0
2022-04-14 14:42:00,1750,1750,1750,1750,0
2022-04-14 14:43:00,1750,1750,1750,1750,0
2022-04-14 14:44:00,1750,1750,1750,1750,0
2022-04-14 14:45:00,1750,1750,1750,1750,0
2022-04-14 14:46:00,1750,1750,1750,1750,0
2022-04-14 14:47:00,1750,1750,1750,1750,0
2022-04-14 14:48:00,1750,1750,1750,1750,0
2022-04-14 14:49:00,1750,1750,1750,1750,0
2022-04-14 14:50:00,1750,1750,1750,1750,0
2022-04-14 14:51:00,1750,1750,1750,1750,0
2022-04-14 14:52:00,1750,1750,1750,1750,0
2022-04-14 14:53:00,1750,1750,1750,1750,0
2022-04-14 14:54:00,1750,1750,1750,1750,0
2022-04-14 14:55:00,1750,1750,1750,1750,0
2022-04-14 14:56:00,1750,1750,1750,1750,0
2022-04-14 14:57:00,1750,1750,1750,1750,0
2022-04-14 14:58:00,1750,1750,1750,1750,0
2022-04-14 14:59:00,1750,1750,1750,1750,0
2022-04-14 15:00:00,1750,1750,1750,1750,0
2022-04-14 15:01:00,1750,1750,1750,1750,0
2022-04-14 15:02:00,1750,1750,1750,1750,0
2022-04-14 15:03:00,1750,1750,1750,1750,0
2022-04-14 15:04:00,1750,1750,1750,1750,0
2022-04-14 15:05:00,1750,1750,1750,1750,0
2022-04-14 15:06:00,1750,1750,1750,1750,0
2022-04-14 15:07:00,1750,1750,1750,1750,0
2022-04-14 15:08:00,1750,1750,1750,1750,0
2022-04-14 15:09:00,1750,1750,1750,1750,0
2022-04-14 15:10:00,1750,1750,1750,1750,0
2022-04-14 15:11:00,1750,1750,1750,1750,0
2022-04-14 15:12:00,1750,1750,1750,1750,0
2022-04-14 15:13:00,1750,1750,1750,1750,0
2022-04-14 15:14:00,1750,1750,1750,1750,0
2022-04-14 15:15:00,1750,1750,1750,1750,0
2022-04-14 15:16:00,1750,1750,1750,1750,0
2022-04-14 15:17:00,1750,1750,1750,1750,0
2022-04-14 15:18:00,1750,1750,1750,1750,0
2022-04-14 15:19:00,1750,1750,1750,1750,0
2022-04-14 15:20:00,1750,1750,1750,1750,0
2022-04-14 15:21:00,1750,1750,1750,1750,0
2022-04-14 15:22:00,1750,1750,1750,1750,0
2022-04-14 15:23:00,1750,1750,1750,1750,0
2022-04-14 15:24:00,1750,1750,1750,1750,0
2022-04-14 15:25:00,1750,1750,1750,1750,0
2022-04-14 15:26:00,1750,1750,1750,1750,0
2022-04-14 15:27:00,1750,1750,1750,1750,0
2022-04-14 15:28:00,1750,1750,1750,1750,0
2022-04-14 15:29:00,1750,1750,1750,1750,0
2022-04-14 15:30:00,1750,1750,1750,1750,0
2022-04-14 15:31:00,1750,1750,1750,1750,0
2022-04-14 15:32:00,1750,1750,1750,1750,0
2022-04-14 15:33:00,1750,1750,1750,1750,0
2022-04-14 15:34:00,1750,1750,1750,1750,0
2022-04-14 15:35:00,1750,1750,1750,1750,0
2022-04-14 15:36:00,1750,1750,1750,1750,0
2022-04-14 15:37:00,1750,1750,1750,1750,0
2022-04-14 15:38:00,1750,1750,1750,1750,0
2022-04-14 15:39:00,1750,1750,1750,1750,0
2022-04-14 15:40:00,1750,1750,1750,1750,0
2022-04-14 15:41:00,1750,1750,1750,1750,0
2022-04-14 15:42:00,1750,1750,1750,1750,0
2022-04-14 15:43:00,1750,1750,1750,1750,0
2022-04-14 15:44:00,1750,1750,1750,1750,0
2022-04-14 15:45:00,1750,1750,1750,1750,0
2022-04-14 15:46:00,1750,1750,1750,1750,0
2022-04-14 15:47:00,1750,1750,1750,1750,0
2022-04-14 15:48:00,1750,1750,1750,1750,0
2022-04-14 15:49:00,1750,1750,1750,1750,0
2022-04-14 15:50:00,1750,1750,1750,1750,0
2022-04-14 15:51:00,1750,1750,1750,1750,0
2022-04-14 15:52:00,1750,1750,1750,1750,0
2022-04-14 15:53:00,1750,1750,1750,1750,0
2022-04-14 15:54:00,1750,1750,1750,1750,0
2022-04-14 15:55:00,1750,1750,1750,1750,0
2022-04-14 15:56:00,1750,1750,1750,1750,0
2022-04-14 15:57:00,1750,1750,1750,1750,0
2022-04-14 15:58:00,1750,1750,1750,1750,0
2022-04-14 15:59:00,1750,1750,1750,1750,0
2022-04-15 09:00:00,1750,1750,1750,1750,0
2022-04-15 09:01:00,1750,1750,1750,1750,0
2022-04-15 09:02:00,1750,1750,1750,1750,0
2022-04-15 09:03:00,1750,1750,1750,1750,0
2022-04-15 09:04:00,1750,1750,1750,1750,0
2022-04-15 09:05:00,1750,1750,1750,1750,0
2022-04-15 09:06:00,1750,1750,1750,1750,0
2022-04-15 09:07:00,1750,1750,1750,1750,0
2022-04-15 09:08:00,1750,1750,1750,1750,0
2022-04-15 09:09:00,1750,1750,1750,1750,0
2022-04-15 09:10:00,1750,1750,1750,1750,0
2022-04-15 09:11:00,1750,1750,1750,1750,0
2022-04-15 09:12:00,1750,1750,1750,1750,0
2022-04-15 09:13:00,1750,1750,1750,1750,0
2022-04-15 09:14:00,1750,1750,1750,1750,0
2022-04-15 09:15:00,1750,1750,1750,1750,0
2022-04-15 09:16:00,1750,1750,1750,1750,0
2022-04-15 09:17:00,1750,1750,1750,1750,0
2022-04-15 09:18:00,1750,1750,1750,1750,0
2022-04-15 09:19:00,1750,1750,1750,1750,0
2022-04-15 09:20:00,1750,1750,1750,1750,0
2022-04-15 09:21:00,1750,1750,1750,1750,0
2022-04-15 09:22:00,1750,1750,1750,1750,0
2022-04-15 09:23:00,1750,1750,1750,1750,0
2022-04-15 09:24:00,1750,1750,1750,1750,0
2022-04-15 09:25:00,1750,1750,1750,1750,0
2022-04-15 09:26:00,1750,1750,1750,1750,0
2022-04-15 09:27:00,1750,1750,1750,1750,0
2022-04-15 09:28:00,1750,1750,1750,1750,0
2022-04-15 09:29:00,1750,1750,1750,1750,0
2022-04-15 09:30:00,1750,1750,1750,1750,0
2022-04-15 09:31:00,1750,1750,1750,1750,0
2022-04-15 09:32:00,1750,1750,1750,1750,0
2022-04-15 09:33:00,1750,1750,1750,1750,0
2022-04-15 09:34:00,1750,1750,1750,1750,0
2022-04-15 09:35:00,1750,1750,1750,1750,0
2022-04-15 09:36:00,1750,1750,1750,1750,0
2022-04-15 09:37:00,1750,1750,1750,1750,0
2022-04-15 09:38:00,1750,1750,1750,1750,0
2022-04-15 09:39:00,1750,1750,1750,1750,0
2022-04-15 09:40:00,1750,1750,1750,1750,0
2022-04-15 09:41:00,1750,1750,1750,1750,0
2022-04-15 09:42:00,1750,1750,1750,1750,0
2022-04-15 09:43:00,1750,1750,1750,1750,0
2022-04-15 09:44:00,1750,1750,1750,1750,0
2022-04-15 09:45:00,1750,1750,1750,1750,0
2022-04-15 09:46:00,1750,1750,1750,1750,0
2022-04-15 09:47:00,1750,1750,1750,1750,0
2022-04-15 09:48:00,1750,1750,1750,1750,0
2022-04-15 09:49:00,1750,1750,1750,1750,0
2022-04-15 09:50:00,1750,1750,1750,1750,0
2022-04-15 09:51:00,1750,1750,1750,1750,0
2022-04-15 09:52:00,1750,1750,1750,1750,0
2022-04-15 09:53:00,1750,1750,1750,1750,0
2022-04-15 09:54:00,1750,1750,1750,1750,0
2022-04-15 09:55:00,1750,1750,1750,1750,0
2022-04-15 09:56:00,1750,1750,1750,1750,0
2022-04-15 09:57:00,1750,1750,1750,1750,0
2022-04-15 09:58:00,1750,1750,1750,1750,0
2022-04-15 09:59:00,1750,1750,1750,1750,0
2022-04-15 10:00:00,1750,1750,1750,1750,0
2022-04-15 10:01:00,1750,1750,1750,1750,0
2022-04-15 10:02:00,1750,1750,1750,1750,0
2022-04-15 10:03:00,1750,1750,1750,1750,0
2022-04-15 10:04:00,1750,1750,1750,1750,0
2022-04-15 10:05:00,1750,1750,1750,1750,0
2022-04-15 10:06:00,1750,1750,1750,1750,0
2022-04-15 10:07:00,1750,1750,1750,1750,0
2022-04-15 10:08:00,1750,1750,1750,1750,0
2022-04-15 10:09:00,1750,1750,1750,1750,0
2022-04-15 10:10:00,1750,1750,1750,1750,0
2022-04-15 10:11:00,1750,1750,1750,1750,0
2022-04-15 10:12:00,1750,1750,1750,1750,0
2022-04-15 10:13:00,1750,1750,1750,1750,0
2022-04-15 10:14:00,1750,1750,1750,1750,0
2022-04-15 10:15:00,1750,1750,1750,1750,0
2022-04-15 10:16:00,1750,1750,1750,1750,0
2022-04-15 10:17:00,1750,1750,1750,1750,0
2022-04-15 10:18:00,1750,1750,1750,1750,0
2022-04-15 10:19:00,1750,1750,1750,1750,0
2022-04-15 10:20:00,1750,1750,1750,1750,0
2022-04-15 10:21:00,1750,1750,1750,1750,0
2022-04-15 10:22:00,1750,1750,1750,1750,0
2022-04-15 10:23:00,1750,1750,1750,1750,0
2022-04-15 10:24:00,1750,1750,1750,1750,0
2022-04-15 10:25:00,1750,1750,1750,1750,0
2022-04-15 10:26:00,1750,1750,1750,1750,0
2022-04-15 10:27:00,1750,1750,1750,1750,0
2022-04-15 10:28:00,1750,1750,1750,1750,0
2022-04-15 10:29:00,1750,1750,1750,1750,0
2022-04-15 10:30:00,1750,1750,1750,1750,0
2022-04-15 10:31:00,1750,1750,1750,1750,0
2022-04-15 10:32:00,1750,1750,1750,1750,0
2022-04-15 10:33:00,1750,1750,1750,1750,0
2022-04-15 10:34:00,1750,1750,1750,1750,0
2022-04-15 10:35:00,1750,1750,1750,1750,0
2022-04-15 10:36:00,1750,1750,1750,1750,0
2022-04-15 10:37:00,1750,1750,1750,1750,0
2022-04-15 10:38:00,1750,1750,1750,1750,0
2022-04-15 10:39:00,1750,1750,1750,1750,0
2022-04-15 10:40:00,1750,1750,1750,1750,0
2022-04-15 10:41:00,1750,1750,1750,1750,0
2022-04-15 10:42:00,1750,1750,1750,1750,0
2022-04-15 10:43:00,1750,1750,1750,1750,0
2022-04-15 10:44:00,1750,1750,1750,1750,0
2022-04-15 10:45:00,1750,1750,1750,1750,0
2022-04-15 10:46:00,1750,1750,1750,1750,0
2022-04-15 10:47:00,1750,1750,1750,1750,0
2022-04-15 10:48:00,1750,1750,1750,1750,0
2022-04-15 10:49:00,1750,1750,1750,1750,0
2022-04-15 10:50:00,1750,1750,1750,1750,0
2022-04-15 10:51:00,1750,1750,1750,1750,0
2022-04-15 10:52:00,1750,1750,1750,1750,0
2022-04-15 10:53:00,1750,1750,1750,1750,0
2022-04-15 10:54:00,1750,1750,1750,1750,0
2022-04-15 10:55:00,1750,1750,1750,1750,0
2022-04-15 10:56:00,1750,1750,1750,1750,0
2022-04-15 10:57:00,1750,1750,1750,1750,0
2022-04-15 10:58:00,1750,1750,1750,1750,0
2022-04-15 10:59:00,1750,1750,1750,1750,0
2022-04-15 11:00:00,1750,1750,1750,1750,0
2022-04-15 11:01:00,1750,1750,1750,1750,0
2022-04-15 11:02:00,1750,1750,1750,1750,0
2022-04-15 11:03:00,1750,1750,1750,1750,0
2022-04-15 11:04:00,1750,1750,1750,1750,0
2022-04-15 11:05:00,1750,1750,1750,1750,0
2022-04-15 11:06:00,1750,1750,1750,1750,0
2022-04-15 11:07:00,1750,1750,1750,1750,0
2022-04-15 11:08:00,1750,1750,1750,1750,0
2022-04-15 11:09:00,1750,1750,1750,1750,0
2022-04-15 11:10:00,1750,1750,1750,1750,0
2022-04-15 11:11:00,1750,1750,1750,1750,0
2022-04-15 11:12:00,1750,1750,1750,1750,0
2022-04-15 11:13:00,1750,1750,1750,1750,0
2022-04-15 11:14:00,1750,1750,1750,1750,0
2022-04-15 11:15:00,1750,1750,1750,1750,0
2022-04-15 11:16:00,1750,1750,1750,1750,0
2022-04-15 11:17:00,1750,1750,1750,1750,0
2022-04-15 11:18:00,1750,1750,1750,1750,0
2022-04-15 11:19:00,1750,1750,1750,1750,0
2022-04-15 11:20:00,1750,1750,1750,1750,0
2022-04-15 11:21:00,1750,1750,1750,1750,0
2022-04-15 11:22:00,1750,1750,1750,1750,0
2022-04-15 11:23:00,1750,1750,1750,1750,0
2022-04-15 11:24:00,1750,1750,1750,1750,0
2022-04-15 11:25:00,1750,1750,1750,1750,0
2022-04-15 11:26:00,1750,1750,1750,1750,0
2022-04-15 11:27:00,1750,1750,1750,1750,0
2022-04-15 11:28:00,1750,1750,1750,1750,0
2022-04-15 11:29:00,1750,1750,1750,1750,0
2022-04-15 11:30:00,1750,1750,1750,1750,0
2022-04-15 11:31:00,1750,1750,1750,1750,0
2022-04-15 11:32:00,1750,1750,1750,1750,0
2022-04-15 11:33:00,1750,1750,1750,1750,0
2022-04-15 11:34:00,1750,1750,1750,1750,0
2022-04-15 11:35:00,1750,1750,1750,1750,0
2022-04-15 11:36:00,1750,1750,1750,1750,0
2022-04-15 11:37:00,1750,1750,1750,1750,0
2022-04-15 11:38:00,1750,1750,1750,1750,0
2022-04-15 11:39:00,1750,1750,1750,1750,0
2022-04-15 11:40:00,1750,1750,1750,1750,0
2022-04-15 11:41:00,1750,1750,1750,1750,0
2022-04-15 11:42:00,1750,1750,1750,1750,0
2022-04-15 11:43:00,1750,1750,1750,1750,0
2022-04-15 11:44:00,1750,1750,1750,1750,0
2022-04-15 11:45:00,1750,1750,1750,1750,0
2022-04-15 11:46:00,1750,1750,1750,1750,0
2022-04-15 11:47:00,1750,1750,1750,1750,0
2022-04-15 11:48:00,1750,1750,1750,1750,0
2022-04-15 11:49:00,1750,1750,1750,1750,0
2022-04-15 11:50:00,1750,1750,1750,1750,0
2022-04-15 11:51:00,1750,1750,1750,1750,0
2022-04-15 11:52:00,1750,1750,1750,1750,0
2022-04-15 11:53:00,1750,1750,1750,1750,0
2022-04-15 11:54:00,1750,1750,1750,1750,0
2022-04-15 11:55:00,1750,1750,1750,1750,0
2022-04-15 11:56:00,1750,1750,1750,1750,0
2022-04-15 11:57:00,1750,1750,1750,1750,0
2022-04-15 11:58:00,1750,1750,1750,1750,0
2022-04-15 11:59:00,1750,1750,1750,1750,0
2022-04-15 12:00:00,1750,1750,1750,1750,0
2022-04-15 12:01:00,1750,1750,1750,1750,0
2022-04-15 12:02:00,1750,1750,1750,1750,0
2022-04-15 12:03:00,1750,1750,1750,1750,0
2022-04-15 12:04:00,1750,1750,1750,1750,0
2022-04-15 12:05:00,1750,1750,1750,1750,0
2022-04-15 12:06:00,1750,1750,1750,1750,0
2022-04-15 12:07:00,1750,1750,1750,1750,0
2022-04-15 12:08:00,1750,1750,1750,1750,0
2022-04-15 12:09:00,1750,1750,1750,1750,0
2022-04-15 12:10:00,1750,1750,1750,1750,0
2022-04-15 12:11:00,1750,1750,1750,1750,0
2022-04-15 12:12:00,1750,1750,1750,1750,0
2022-04-15 12:13:00,1750,1750,1750,1750,0
2022-04-15 12:14:00,1750,1750,1750,1750,0
2022-04-15 12:15:00,1750,1750,1750,1750,0
2022-04-15 12:16:00,1750,1750,1750,1750,0
2022-04-15 12:17:00,1750,1750,1750,1750,0
2022-04-15 12:18:00,1750,1750,1750,1750,0
2022-04-15 12:19:00,1750,1750,1750,1750,0
2022-04-15 12:20:00,1750,1750,1750,1750,0
2022-04-15 12:21:00,1750,1750,1750,1750,0
2022-04-15 12:22:00,1750,1750,1750,1750,0
2022-04-15 12:23:00,1750,1750,1750,1750,0
2022-04-15 12:24:00,1750,1750,1750,1750,0
2022-04-15 12:25:00,1750,1750,1750,1750,0
2022-04-15 12:26:00,1750,1750,1750,1750,0
2022-04-15 12:27:00,1750,1750,1750,1750,0
2022-04-15 12:28:00,1750,1750,1750,1750,0
2022-04-15 12:29:00,1750,1750,1750,1750,0
2022-04-15 12:30:00,1750,1750,1750,1750,0
2022-04-15 12:31:00,1750,1750,1750,1750,0
2022-04-15 12:32:00,1750,1750,1750,1750,0
2022-04-15 12:33:00,1750,1750,1750,1750,0
2022-04-15 12:34:00,1750,1750,1750,1750,0
2022-04-15 12:35:00,1750,1750,1750,1750,0
2022-04-15 12:36:00,1750,1750,1750,1750,0
2022-04-15 12:37:00,1750,1750,1750,1750,0
2022-04-15 12:38:00,1750,1750,1750,1750,0
2022-04-15 12:39:00,1750,1750,1750,1750,0
2022-04-15 12:40:00,1750,1750,1750,1750,0
2022-04-15 12:41:00,1750,1750,1750,1750,0
2022-04-15 12:42:00,1750,1750,1750,1750,0
2022-04-15 12:43:00,1750,1750,1750,1750,0
2022-04-15 12:44:00,1750,1750,1750,1750,0
2022-04-15 12:45:00,1750,1750,1750,1750,0
2022-04-15 12:46:00,1750,1750,1750,1750,0
2022-04-15 12:47:00,1750,1750,1750,1750,0
2022-04-15 12:48:00,1750,1750,1750,1750,0
2022-04-15 12:49:00,1750,1750,1750,1750,0
2022-04-15 12:50:00,1750,1750,1750,1750,0
2022-04-15 12:51:00,1750,1750,1750,1750,0
2022-04-15 12:52:00,1750,1750,1750,1750,0
2022-04-15 12:53:00,1750,1750,1750,1750,0
2022-04-15 12:54:00,1750,1750,1750,1750,0
2022-04-15 12:55:00,1750,1750,1750,1750,0
2022-04-15 12:56:00,1750,1750,1750,1750,0
2022-04-15 12:57:00,1750,1750,1750,1750,0
2022-04-15 12:58:00,1750,1750,1750,1750,0
2022-04-15 12:59:00,1750,1750,1750,1750,0
2022-04-15 13:00:00,1750,1750,1750,1750,0
2022-04-15 13:01:00,1750,1750,1750,1750,0
2022-04-15 13:02:00,1750,1750,1750,1750,0
2022-04-15 13:03:00,1750,1750,1750,1750,0
2022-04-15 13:04:00,1750,1750,1750,1750,0
2022-04-15 13:05:00,1750,1750,1750,1750,0
2022-04-15 13:06:00,1750,1750,1750,1750,0
2022-04-15 13:07:00,1750,1750,1750,1750,0
2022-04-15 13:08:00,1750,1750,1750,1750,0
2022-04-15 13:09:00,1750,1750,1750,1750,0
2022-04-15 13:10:00,1750,1750,1750,1750,0
2022-04-15 13:11:00,1750,1750,1750,1750,0
2022-04-15 13:12:00,1750,1750,1750,1750,0
2022-04-15 13:13:00,1750,1750,1750,1750,0
2022-04-15 13:14:00,1750,1750,1750,1750,0
2022-04-15 13:15:00,1750,1750,1750,1750,0
2022-04-15 13:16:00,1750,1750,1750,1750,0
2022-04-15 13:17:00,1750,1750,1750,1750,0
2022-04-15 13:18:00,1750,1750,1750,1750,0
2022-04-15 13:19:00,1750,1750,1750,1750,0
2022-04-15 13:20:00,1750,1750,1750,1750,0
2022-04-15 13:21:00,1750,1750,1750,1750,0
2022-04-15 13:22:00,1750,1750,1750,1750,0
2022-04-15 13:23:00,1750,1750,1750,1750,0
2022-04-15 13:24:00,1750,1750,1750,1750,0
2022-04-15 13:25:00,1750,1750,1750,1750,0
2022-04-15 13:26:00,1750,1750,1750,1750,0
2022-04-15 13:27:00,1750,1750,1750,1750,0
2022-04-15 13:28:00,1750,1750,1750,1750,0
2022-04-15 13:29:00,1750,1750,1750,1750,0
2022-04-15 13:30:00,1750,1750,1750,1750,0
2022-04-15 13:31:00,1750,1750,1750,1750,0
2022-04-15 13:32:00,1750,1750,1750,1750,0
2022-04-15 13:33:00,1750,1750,1750,1750,0
2022-04-15 13:34:00,1750,1750,1750,1750,0
2022-04-15 13:35:00,1750,1750,1750,1750,0
2022-04-15 13:36:00,1750,1750,1750,1750,0
2022-04-15 13:37:00,1750,1750,1750,1750,0
2022-04-15 13:38:00,1750,1750,1750,1750,0
2022-04-15 13:39:00,1750,1750,1750,1750,0
2022-04-15 13:40:00,1750,1750,1750,1750,0
2022-04-15 13:41:00,1750,1750,1750,1750,0
2022-04-15 13:42:00,1750,1750,1750,1750,0
2022-04-15 13:43:00,1750,1750,1750,1750,0
2022-04-15 13:44:00,1750,1750,1750,1750,0
2022-04-15 13:45:00,1750,1750,1750,1750,0
2022-04-15 13:46:00,1750,1750,1750,1750,0
2022-04-15 13:47:00,1750,1750,1750,1750,0
2022-04-15 13:48:00,1750,1750,1750,1750,0
2022-04-15 13:49:00,1750,1750,1750,1750,0
2022-04-15 13:50:00,1750,1750,1750,1750,0
2022-04-15 13:51:00,1750,1750,1750,1750,0
2022-04-15 13:52:00,1750,1750,1750,1750,0
2022-04-15 13:53:00,1750,1750,1750,1750,0
2022-04-15 13:54:00,1750,1750,1750,1750,0
2022-04-15 13:55:00,1750,1750,1750,1750,0
2022-04-15 13:56:00,1750,1750,1750,1750,0
2022-04-15 13:57:00,1750,1750,1750,1750,0
2022-04-15 13:58:00,1750,1750,1750,1750,0
2022-04-15 13:59:00,1750,1750,1750,1750,0
2022-04-15 14:00:00,1750,1750,1750,1750,0
2022-04-15 14:01:00,1750,1750,1750,1750,0
2022-04-15 14:02:00,1750,1750,1750,1750,0
2022-04-15 14:03:00,1750,1750,1750,1750,0
2022-04-15 14:04:00,1750,1750,1750,1750,0
2022-04-15 14:05:00,1750,1750,1750,1750,0
2022-04-15 14:06:00,1750,1750,1750,1750,0
2022-04-15 14:07:00,1750,1750,1750,1750,0
2022-04-15 14:08:00,1750,1750,1750,1750,0
2022-04-15 14:09:00,1750,1750,1750,1750,0
2022-04-15 14:10:00,1750,1750,1750,1750,0
2022-04-15 14:11:00,1750,1750,1750,1750,0
2022-04-15 14:12:00,1750,1750,1750,1750,0
2022-04-15 14:13:00,1750,1750,1750,1750,0
2022-04-15 14:14:00,1750,1750,1750,1750,0
2022-04-15 14:15:00,1750,1750,1750,1750,0
2022-04-15 14:16:00,1750,1750,1750,1750,0
2022-04-15 14:17:00,1750,1750,1750,1750,0
2022-04-15 14:18:00,1750,1750,1750,1750,0
2022-04-15 14:19:00,1750,1750,1750,1750,0
2022-04-15 14:20:00,1750,1750,1750,1750,0
2022-04-15 14:21:00,1750,1750,1750,1750,0
2022-04-15 14:22:00,1750,1750,1750,1750,0
2022-04-15 14:23:00,1750,1750,1750,1750,0
2022-04-15 14:24:00,1750,1750,1750,1750,0
2022-04-15 14:25:00,1750,1750,1750,1750,0
2022-04-15 14:26:00,1750,1750,1750,1750,0
2022-04-15 14:27:00,1750,1750,1750,1750,0
2022-04-15 14:28:00,1750,1750,1750,1750,0
2022-04-15 14:29:00,1750,1750,1750,1750,0
2022-04-15 14:30:00,1750,1750,1750,1750,0
2022-04-15 14:31:00,1750,1750,1750,1750,0
2022-04-15 14:32:00,1750,1750,1750,1750,0
2022-04-15 14:33:00,1750,1750,1750,1750,0
2022-04-15 14:34:00,1750,1750,1750,1750,0
2022-04-15 14:35:00,1750,1750,1750,1750,0
2022-04-15 14:36:00,1750,1750,1750,1750,0
2022-04-15 14:37:00,1750,1750,1750,1750,0
2022-04-15 14:38:00,1750,1750,1750,1750,0
2022-04-15 14:39:00,1750,1750,1750,1750,0
2022-04-15 14:40:00,1750,1750,1750,1750,0
2022-04-15 14:41:00,1750,1750,1750,1750,0
2022-04-15 14:42:00,1750,1750,1750,1750,0
2022-04-15 14:43:00,1750,1750,1750,1750,0
2022-04-15 14:44:00,1750,1750,1750,1750,0
2022-04-15 14:45:00,1750,1750,1750,1750,0
2022-04-15 14:46:00,1750,1750,1750,1750,0
2022-04-15 14:47:00,1750,1750,1750,1750,0
2022-04-15 14:48:00,1750,1750,1750,1750,0
2022-04-15 14:49:00,1750,1750,1750,1750,0
2022-04-15 14:50:00,1750,1750,1750,1750,0
2022-04-15 14:51:00,1750,1750,1750,1750,0
2022-04-15 14:52:00,1750,1750,1750,1750,0
2022-04-15 14:53:00,1750,1750,1750,1750,0
2022-04-15 14:54:00,1750,1750,1750,1750,0
2022-04-15 14:55:00,1750,1750,1750,1750,0
2022-04-15 14:56:00,1750,1750,1750,1750,0
2022-04-15 14:57:00,1750,1750,1750,1750,0
2022-04-15 14:58:00,1750,1750,1750,1750,0
2022-04-15 14:59:00,1750,1750,1750,1750,0
2022-04-15 15:00:00,1750,1750,1750,1750,0
2022-04-15 15:01:00,1750,1750,1750,1750,0
2022-04-15 15:02:00,1750,1750,1750,1750,0
2022-04-15 15:03:00,1750,1750,1750,1750,0
2022-04-15 15:04:00,1750,1750,1750,1750,0
2022-04-15 15:05:00,1750,1750,1750,1750,0
2022-04-15 15:06:00,1750,1750,1750,1750,0
2022-04-15 15:07:00,1750,1750,1750,1750,0
2022-04-15 15:08:00,1750,1750,1750,1750,0
2022-04-15 15:09:00,1750,1750,1750,1750,0
2022-04-15 15:10:00,1750,1750,1750,1750,0
2022-04-15 15:11:00,1750,1750,1750,1750,0
2022-04-15 15:12:00,1750,1750,1750,1750,0
2022-04-15 15:13:00,1750,1750,1750,1750,0
2022-04-15 15:14:00,1750,1750,1750,1750,0
2022-04-15 15:15:00,1750,1750,1750,1750,0
2022-04-15 15:16:00,1750,1750,1750,1750,0
2022-04-15 15:17:00,1750,1750,1750,1750,0
2022-04-15 15:18:00,1750,1750,1750,1750,0
2022-04-15 15:19:00,1750,1750,1750,1750,0
2022-04-15 15:20:00,1750,1750,1750,1750,0
2022-04-15 15:21:00,1750,1750,1750,1750,0
2022-04-15 15:22:00,1750,1750,1750,1750,0
2022-04-15 15:23:00,1750,1750,1750,1750,0
2022-04-15 15:24:00,1750,1750,1750,1750,0
2022-04-15 15:25:00,1750,1750,1750,1750,0
2022-04-15 15:26:00,1750,1750,1750,1750,0
2022-04-15 15:27:00,1750,1750,1750,1750,0
2022-04-15 15:28:00,1750,1750,1750,1750,0
2022-04-15 15:29:00,1750,1750,1750,1750,0
2022-04-15 15:30:00,1750,1750,1750,1750,0
2022-04-15 15:31:00,1750,1750,1750,1750,0
2022-04-15 15:32:00,1750,1750,1750,1750,0
2022-04-15 15:33:00,1750,1750,1750,1750,0
2022-04-15 15:34:00,1750,1750,1750,1750,0
2022-04-15 15:35:00,1750,1750,1750,1750,0
2022-04-15 15:36:00,1750,1750,1750,1750,0
2022-04-15 15:37:00,1750,1750,1750,1750,0
2022-04-15 15:38:00,1750,1750,1750,1750,0
2022-04-15 15:39:00,1750,1750,1750,1750,0
2022-04-15 15:40:00,1750,1750,1750,1750,0
2022-04-15 15:41:00,1750,1750,1750,1750,0
2022-04-15 15:42:00,1750,1750,1750,1750,0
2022-04-15 15:43:00,1750,1750,1750,1750,0
2022-04-15 15:44:00,1750,1750,1750,1750,0
2022-04-15 15:45:00,1750,1750,1750,1750,0
2022-04-15 15:46:00,1750,1750,1750,1750,0
2022-04-15 15:47:00,1750,1750,1750,1750,0
2022-04-15 15:48:00,1750,1750,1750,1750,0
2022-04-15 15:49:00,1750,1750,1750,1750,0
2022-04-15 15:50:00,1750,1750,1750,1750,0
2022-04-15 15:51:00,1750,1750,1750,1750,0
2022-04-15 15:52:00,1750,1750,1750,1750,0
2022-04-15 15:53:00,1750,1750,1750,1750,0
2022-04-15 15:54:00,1750,1750,1750,1750,0
2022-04-15 15:55:00,1750,1750,1750,1750,0
2022-04-15 15:56:00,1750,1750,1750,1750,0
2022-04-15 15:57:00,1750,1750,1750,1750,0
2022-04-15 15:58:00,1750,1750,1750,1750,0
2022-04-15 15:59:00,1750,1750,1750,1750,0
2022-04-18 09:00:00,1750,1750,1750,1750,0
2022-04-18 09:01:00,1750,1750,1750,1750,0
2022-04-18 09:02:00,1750,1750,1750,1750,0
2022-04-18 09:03:00,1750,1750,1750,1750,0
2022-04-18 09:04:00,1750,1750,1750,1750,0
2022-04-18 09:05:00,1750,1750,1750,1750,0
2022-04-18 09:06:00,1750,1750,1750,1750,0
2022-04-18 09:07:00,1750,1750,1750,1750,0
2022-04-18 09:08:00,1750,1750,1750,1750,0
2022-04-18 09:09:00,1750,1750,1750,1750,0
2022-04-18 09:10:00,1750,1750,1750,1750,0
2022-04-18 09:11:00,1750,1750,1750,1750,0
2022-04-18 09:12:00,1750,1750,1750,1750,0
2022-04-18 09:13:00,1750,1750,1750,1750,0
2022-04-18 09:14:00,1750,1750,1750,1750,0
2022-04-18 09:15:00,1750,1750,1750,1750,0
2022-04-18 09:16:00,1750,1750,1750,1750,0
2022-04-18 09:17:00,1750,1750,1750,1750,0
2022-04-18 09:18:00,1750,1750,1750,1750,0
2022-04-18 09:19:00,1750,1750,1750,1750,0
2022-04-18 09:20:00,1750,1750,1750,1750,0
2022-04-18 09:21:00,1750,1750,1750,1750,0
2022-04-18 09:22:00,1750,1750,1750,1750,0
2022-04-18 09:23:00,1750,1750,1750,1750,0
2022-04-18 09:24:00,1750,1750,1750,1750,0
2022-04-18 09:25:00,1750,1750,1750,1750,0
2022-04-18 09:26:00,1750,1750,1750,1750,0
2022-04-18 09:27:00,1750,1750,1750,1750,0
2022-04-18 09:28:00,1750,1750,1750,1750,0
2022-04-18 09:29:00,1750,1750,1750,1750,0
2022-04-18 09:30:00,1750,1750,1750,1750,0
2022-04-18 09:31:00,1750,1750,1750,1750,0
2022-04-18 09:32:00,1750,1750,1750,1750,0
2022-04-18 09:33:00,1750,1750,1750,1750,0
2022-04-18 09:34:00,1750,1750,1750,1750,0
2022-04-18 09:35:00,1750,1750,1750,1750,0
2022-04-18 09:36:00,1750,1750,1750,1750,0
2022-04-18 09:37:00,1750,1750,1750,1750,0
2022-04-18 09:38:00,1750,1750,1750,1750,0
2022-04-18 09:39:00,1750,1750,1750,1750,0
2022-04-18 09:40:00,1750,1750,1750,1750,0
2022-04-18 09:41:00,1750,1750,1750,1750,0
2022-04-18 09:42:00,1750,1750,1750,1750,0
2022-04-18 09:43:00,1750,1750,1750,1750,0
2022-04-18 09:44:00,1750,1750,1750,1750,0
2022-04-18 09:45:00,1750,1750,1750,1750,0
2022-04-18 09:46:00,1750,1750,1750,1750,0
2022-04-18 09:47:00,1750,1750,1750,1750,0
2022-04-18 09:48:00,1750,1750,1750,1750,0
2022-04-18 09:49:00,1750,1750,1750,1750,0
2022-04-18 09:50:00,1750,1750,1750,1750,0
2022-04-18 09:51:00,1750,1750,1750,1750,0
2022-04-18 09:52:00,1750,1750,1750,1750,0
2022-04-18 09:53:00,1750,1750,1750,1750,0
2022-04-18 09:54:00,1750,1750,1750,1750,0
2022-04-18 09:55:00,1750,1750,1750,1750,0
2022-04-18 09:56:00,1750,1750,1750,1750,0
2022-04-18 09:57:00,1750,1750,1750,1750,0
2022-04-18 09:58:00,1750,1750,1750,1750,0
2022-04-18 09:59:00,1750,1750,1750,1750,0
2022-04-18 10:00:00,1750,1750,1750,1750,0
2022-04-18 10:01:00,1750,1750,1750,1750,0
2022-04-18 10:02:00,1750,1750,1750,1750,0
2022-04-18 10:03:00,1750,1750,1750,1750,0
2022-04-18 10:04:00,1750,1750,1750,1750,0
2022-04-18 10:05:00,1750,1750,1750,1750,0
2022-04-18 10:06:00,1750,1750,1750,1750,0
2022-04-18 10:07:00,1750,1750,1750,1750,0
2022-04-18 10:08:00,1750,1750,1750,1750,0
2022-04-18 10:09:00,1750,1750,1750,1750,0
2022-04-18 10:10:00,1750,1750,1750,1750,0
2022-04-18 10:11:00,1750,1750,1750,1750,0
2022-04-18 10:12:00,1750,1750,1750,1750,0
2022-04-18 10:13:00,1750,1750,1750,1750,0
2022-04-18 10:14:00,1750,1750,1750,1750,0
2022-04-18 10:15:00,1750,1750,1750,1750,0
2022-04-18 10:16:00,1750,1750,1750,1750,0
2022-04-18 10:17:00,1750,1750,1750,1750,0
2022-04-18 10:18:00,1750,1750,1750,1750,0
2022-04-18 10:19:00,1750,1750,1750,1750,0
2022-04-18 10:20:00,1750,1750,1750,1750,0
2022-04-18 10:21:00,1750,1750,1750,1750,0
2022-04-18 10:22:00,1750,1750,1750,1750,0
2022-04-18 10:23:00,1750,1750,1750,1750,0
2022-04-18 10:24:00,1750,1750,1750,1750,0
2022-04-18 10:25:00,1750,1750,1750,1750,0
2022-04-18 10:26:00,1750,1750,1750,1750,0
2022-04-18 10:27:00,1750,1750,1750,1750,0
2022-04-18 10:28:00,1750,1750,1750,1750,0
2022-04-18 10:29:00,1750,1750,1750,1750,0
2022-04-18 10:30:00,1750,1750,1750,1750,0
2022-04-18 10:31:00,1750,1750,1750,1750,0
2022-04-18 10:32:00,1750,1750,1750,1750,0
2022-04-18 10:33:00,1750,1750,1750,1750,0
2022-04-18 10:34:00,1750,1750,1750,1750,0
2022-04-18 10:35:00,1750,1750,1750,1750,0
2022-04-18 10:36:00,1750,1750,1750,1750,0
2022-04-18 10:37:00,1750,1750,1750,1750,0
2022-04-18 10:38:00,1750,1750,1750,1750,0
2022-04-18 10:39:00,1750,1750,1750,1750,0
2022-04-18 10:40:00,1750,1750,1750,1750,0
2022-04-18 10:41:00,1750,1750,1750,1750,0
2022-04-18 10:42:00,1750,1750,1750,1750,0
2022-04-18 10:43:00,1750,1750,1750,1750,0
2022-04-18 10:44:00,1750,1750,1750,1750,0
2022-04-18 10:45:00,1750,1750,1750,1750,0
2022-04-18 10:46:00,1750,1750,1750,1750,0
2022-04-18 10:47:00,1750,1750,1750,1750,0
2022-04-18 10:48:00,1750,1750,1750,1750,0
2022-04-18 10:49:00,1750,1750,1750,1750,0
2022-04-18 10:50:00,1750,1750,1750,1750,0
2022-04-18 10:51:00,1750,1750,1750,1750,0
2022-04-18 10:52:00,1750,1750,1750,1750,0
2022-04-18 10:53:00,1750,1750,1750,1750,0
2022-04-18 10:54:00,1750,1750,1750,1750,0
2022-04-18 10:55:00,1750,1750,1750,1750,0
2022-04-18 10:56:00,1750,1750,1750,1750,0
2022-04-18 10:57:00,1750,1750,1750,1750,0
2022-04-18 10:58:00,1750,1750,1750,1750,0
2022-04-18 10:59:00,1750,1750,1750,1750,0
2022-04-18 11:00:00,1750,1750,1750,1750,0
2022-04-18 11:01:00,1750,1750,1750,1750,0
2022-04-18 11:02:00,1750,1750,1750,1750,0
2022-04-18 11:03:00,1750,1750,1750,1750,0
2022-04-18 11:04:00,1750,1750,1750,1750,0
2022-04-18 11:05:00,1750,1750,1750,1750,0
2022-04-18 11:06:00,1750,1750,1750,1750,0
2022-04-18 11:07:00,1750,1750,1750,1750,0
2022-04-18 11:08:00,1750,1750,1750,1750,0
2022-04-18 11:09:00,1750,1750,1750,1750,0
2022-04-18 11:10:00,1750,1750,1750,1750,0
2022-04-18 11:11:00,1750,1750,1750,1750,0
2022-04-18 11:12:00,1750,1750,1750,1750,0
2022-04-18 11:13:00,1750,1750,1750,1750,0
2022-04-18 11:14:00,1750,1750,1750,1750,0
2022-04-18 11:15:00,1750,1750,1750,1750,0
2022-04-18 11:16:00,1750,1750,1750,1750,0
2022-04-18 11:17:00,1750,1750,1750,1750,0
2022-04-18 11:18:00,1750,1750,1750,1750,0
2022-04-18 11:19:00,1750,1750,1750,1750,0
2022-04-18 11:20:00,1750,1750,1750,1750,0
2022-04-18 11:21:00,1750,1750,1750,1750,0
2022-04-18 11:22:00,1750,1750,1750,1750,0
2022-04-18 11:23:00,1750,1750,1750,1750,0
2022-04-18 11:24:00,1750,1750,1750,1750,0
2022-04-18 11:25:00,1750,1750,1750,1750,0
2022-04-18 11:26:00,1750,1750,1750,1750,0
2022-04-18 11:27:00,1750,1750,1750,1750,0
2022-04-18 11:28:00,1750,1750,1750,1750,0
2022-04-18 11:29:00,1750,1750,1750,1750,0
2022-04-18 11:30:00,1750,1750,1750,1750,0
2022-04-18 11:31:00,1750,1750,1750,1750,0
2022-04-18 11:32:00,1750,1750,1750,1750,0
2022-04-18 11:33:00,1750,1750,1750,1750,0
2022-04-18 11:34:00,1750,1750,1750,1750,0
2022-04-18 11:35:00,1750,1750,1750,1750,0
2022-04-18 11:36:00,1750,1750,1750,1750,0
2022-04-18 11:37:00,1750,1750,1750,1750,0
2022-04-18 11:38:00,1750,1750,1750,1750,0
2022-04-18 11:39:00,1750,1750,1750,1750,0
2022-04-18 11:40:00,1750,1750,1750,1750,0
2022-04-18 11:41:00,1750,1750,1750,1750,0
2022-04-18 11:42:00,1750,1750,1750,1750,0
2022-04-18 11:43:00,1750,1750,1750,1750,0
2022-04-18 11:44:00,1750,1750,1750,1750,0
2022-04-18 11:45:00,1750,1750,1750,1750,0
2022-04-18 11:46:00,1750,1750,1750,1750,0
2022-04-18 11:47:00,1750,1750,1750,1750,0
2022-04-18 11:48:00,1750,1750,1750,1750,0
2022-04-18 11:49:00,1750,1750,1750,1750,0
2022-04-18 11:50:00,1750,1750,1750,1750,0
2022-04-18 11:51:00,1750,1750,1750,1750,0
2022-04-18 11:52:00,1750,1750,1750,1750,0
2022-04-18 11:53:00,1750,1750,1750,1750,0
2022-04-18 11:54:00,1750,1750,1750,1750,0
2022-04-18 11:55:00,1750,1750,1750,1750,0
2022-04-18 11:56:00,1750,1750,1750,1750,0
2022-04-18 11:57:00,1750,1750,1750,1750,0
2022-04-18 11:58:00,1750,1750,1750,1750,0
2022-04-18 11:59:00,1750,1750,1750,1750,0
2022-04-18 12:00:00,1750,1750,1750,1750,0
2022-04-18 12:01:00,1750,1750,1750,1750,0
2022-04-18 12:02:00,1750,1750,1750,1750,0
2022-04-18 12:03:00,1750,1750,1750,1750,0
2022-04-18 12:04:00,1750,1750,1750,1750,0
2022-04-18 12:05:00,1750,1750,1750,1750,0
2022-04-18 12:06:00,1750,1750,1750,1750,0
2022-04-18 12:07:00,1750,1750,1750,1750,0
2022-04-18 12:08:00,1750,1750,1750,1750,0
2022-04-18 12:09:00,1750,1750,1750,1750,0
2022-04-18 12:10:00,1750,1750,1750,1750,0
2022-04-18 12:11:00,1750,1750,1750,1750,0
2022-04-18 12:12:00,1750,1750,1750,1750,0
2022-04-18 12:13:00,1750,1750,1750,1750,0
2022-04-18 12:14:00,1750,1750,1750,1750,0
2022-04-18 12:15:00,1750,1750,1750,1750,0
2022-04-18 12:16:00,1750,1750,1750,1750,0
2022-04-18 12:17:00,1750,1750,1750,1750,0
2022-04-18 12:18:00,1750,1750,1750,1750,0
2022-04-18 12:19:00,1750,1750,1750,1750,0
2022-04-18 12:20:00,1750,1750,1750,1750,0
2022-04-18 12:21:00,1750,1750,1750,1750,0
2022-04-18 12:22:00,1750,1750,1750,1750,0
2022-04-18 12:23:00,1750,1750,1750,1750,0
2022-04-18 12:24:00,1750,1750,1750,1750,0
2022-04-18 12:25:00,1750,1750,1750,1750,0
2022-04-18 12:26:00,1750,1750,1750,1750,0
2022-04-18 12:27:00,1750,1750,1750,1750,0
2022-04-18 12:28:00,1750,1750,1750,1750,0
2022-04-18 12:29:00,1750,1750,1750,1750,0
2022-04-18 12:30:00,1750,1750,1750,1750,0
2022-04-18 12:31:00,1750,1750,1750,1750,0
2022-04-18 12:32:00,1750,1750,1750,1750,0
2022-04-18 12:33:00,1750,1750,1750,1750,0
2022-04-18 12:34:00,1750,1750,1750,1750,0
2022-04-18 12:35:00,1750,1750,1750,1750,0
2022-04-18 12:36:00,1750,1750,1750,1750,0
2022-04-18 12:37:00,1750,1750,1750,1750,0
2022-04-18 12:38:00,1750,1750,1750,1750,0
2022-04-18 12:39:00,1750,1750,1750,1750,0
2022-04-18 12:40:00,1750,1750,1750,1750,0
2022-04-18 12:41:00,1750,1750,1750,1750,0
2022-04-18 12:42:00,1750,1750,1750,1750,0
2022-04-18 12:43:00,1750,1750,1750,1750,0
2022-04-18 12:44:00,1750,1750,1750,1750,0
2022-04-18 12:45:00,1750,1750,1750,1750,0
2022-04-18 12:46:00,1750,1750,1750,1750,0
2022-04-18 12:47:00,1750,1750,1750,1750,0
2022-04-18 12:48:00,1750,1750,1750,1750,0
2022-04-18 12:49:00,1750,1750,1750,1750,0
2022-04-18 12:50:00,1750,1750,1750,1750,0
2022-04-18 12:51:00,1750,1750,1750,1750,0
2022-04-18 12:52:00,1750,1750,1750,1750,0
2022-04-18 12:53:00,1750,1750,1750,1750,0
2022-04-18 12:54:00,1750,1750,1750,1750,0
2022-04-18 12:55:00,1750,1750,1750,1750,0
2022-04-18 12:56:00,1750,1750,1750,1750,0
2022-04-18 12:57:00,1750,1750,1750,1750,0
2022-04-18 12:58:00,1750,1750,1750,1750,0
2022-04-18 12:59:00,1750,1750,1750,1750,0
2022-04-18 13:00:00,1750,1750,1750,1750,0
2022-04-18 13:01:00,1750,1750,1750,1750,0
2022-04-18 13:02:00,1750,1750,1750,1750,0
2022-04-18 13:03:00,1750,1750,1750,1750,0
2022-04-18 13:04:00,1750,1750,1750,1750,0
2022-04-18 13:05:00,1750,1750,1750,1750,0
2022-04-18 13:06:00,1750,1750,1750,1750,0
2022-04-18 13:07:00,1750,1750,1750,1750,0
2022-04-18 13:08:00,1750,1750,1750,1750,0
2022-04-18 13:09:00,1750,1750,1750,1750,0
2022-04-18 13:10:00,1750,1750,1750,1750,0
2022-04-18 13:11:00,1750,1750,1750,1750,0
2022-04-18 13:12:00,1750,1750,1750,1750,0
2022-04-18 13:13:00,1750,1750,1750,1750,0
2022-04-18 13:14:00,1750,1750,1750,1750,0
2022-04-18 13:15:00,1750,1750,1750,1750,0
2022-04-18 13:16:00,1750,1750,1750,1750,0
2022-04-18 13:17:00,1750,1750,1750,1750,0
2022-04-18 13:18:00,1750,1750,1750,1750,0
2022-04-18 13:19:00,1750,1750,1750,1750,0
2022-04-18 13:20:00,1750,1750,1750,1750,0
2022-04-18 13:21:00,1750,1750,1750,1750,0
2022-04-18 13:22:00,1750,1750,1750,1750,0
2022-04-18 13:23:00,1750,1750,1750,1750,0
2022-04-18 13:24:00,1750,1750,1750,1750,0
2022-04-18 13:25:00,1750,1750,1750,1750,0
2022-04-18 13:26:00,1750,1750,1750,1750,0
2022-04-18 13:27:00,1750,1750,1750,1750,0
2022-04-18 13:28:00,1750,1750,1750,1750,0
2022-04-18 13:29:00,1750,1750,1750,1750,0
2022-04-18 13:30:00,1750,1750,1750,1750,0
2022-04-18 13:31:00,1750,1750,1750,1750,0
2022-04-18 13:32:00,1750,1750,1750,1750,0
2022-04-18 13:33:00,1750,1750,1750,1750,0
2022-04-18 13:34:00,1750,1750,1750,1750,0
2022-04-18 13:35:00,1750,1750,1750,1750,0
2022-04-18 13:36:00,1750,1750,1750,1750,0
2022-04-18 13:37:00,1750,1750,1750,1750,0
2022-04-18 13:38:00,1750,1750,1750,1750,0
2022-04-18 13:39:00,1750,1750,1750,1750,0
2022-04-18 13:40:00,1750,1750,1750,1750,0
2022-04-18 13:41:00,1750,1750,1750,1750,0
2022-04-18 13:42:00,1750,1750,1750,1750,0
2022-04-18 13:43:00,1750,1750,1750,1750,0
2022-04-18 13:44:00,1750,1750,1750,1750,0
2022-04-18 13:45:00,1750,1750,1750,1750,0
2022-04-18 13:46:00,1750,1750,1750,1750,0
2022-04-18 13:47:00,1750,1750,1750,1750,0
2022-04-18 13:48:00,1750,1750,1750,1750,0
2022-04-18 13:49:00,1750,1750,1750,1750,0
2022-04-18 13:50:00,1750,1750,1750,1750,0
2022-04-18 13:51:00,1750,1750,1750,1750,0
2022-04-18 13:52:00,1750,1750,1750,1750,0
2022-04-18 13:53:00,1750,1750,1750,1750,0
2022-04-18 13:54:00,1750,1750,1750,1750,0
2022-04-18 13:55:00,1750,1750,1750,1750,0
2022-04-18 13:56:00,1750,1750,1750,1750,0
2022-04-18 13:57:00,1750,1750,1750,1750,0
2022-04-18 13:58:00,1750,1750,1750,1750,0
2022-04-18 13:59:00,1750,1750,1750,1750,0
2022-04-18 14:00:00,1750,1750,1750,1750,0
2022-04-18 14:01:00,1750,1750,1750,1750,0
2022-04-18 14:02:00,1750,1750,1750,1750,0
2022-04-18 14:03:00,1750,1750,1750,1750,0
2022-04-18 14:04:00,1750,1750,1750,1750,0
2022-04-18 14:05:00,1750,1750,1750,1750,0
2022-04-18 14:06:00,1750,1750,1750,1750,0
2022-04-18 14:07:00,1750,1750,1750,1750,0
2022-04-18 14:08:00,1750,1750,1750,1750,0
2022-04-18 14:09:00,1750,1750,1750,1750,0
2022-04-18 14:10:00,1750,1750,1750,1750,0
2022-04-18 14:11:00,1750,1750,1750,1750,0
2022-04-18 14:12:00,1750,1750,1750,1750,0
2022-04-18 14:13:00,1750,1750,1750,1750,0
2022-04-18 14:14:00,1750,1750,1750,1750,0
2022-04-18 14:15:00,1750,1750,1750,1750,0
2022-04-18 14:16:00,1750,1750,1750,1750,0
2022-04-18 14:17:00,1750,1750,1750,1750,0
2022-04-18 14:18:00,1750,1750,1750,1750,0
2022-04-18 14:19:00,1750,1750,1750,1750,0
2022-04-18 14:20:00,1750,1750,1750,1750,0
2022-04-18 14:21:00,1750,1750,1750,1750,0
2022-04-18 14:22:00,1750,1750,1750,1750,0
2022-04-18 14:23:00,1750,1750,1750,1750,0
2022-04-18 14:24:00,1750,1750,1750,1750,0
2022-04-18 14:25:00,1750,1750,1750,1750,0
2022-04-18 14:26:00,1750,1750,1750,1750,0
2022-04-18 14:27:00,1750,1750,1750,1750,0
2022-04-18 14:28:00,1750,1750,1750,1750,0
2022-04-18 14:29:00,1750,1750,1750,1750,0
2022-04-18 14:30:00,1750,1750,1750,1750,0
2022-04-18 14:31:00,1750,1750,1750,1750,0
2022-04-18 14:32:00,1750,1750,1750,1750,0
2022-04-18 14:33:00,1750,1750,1750,1750,0
2022-04-18 14:34:00,1750,1750,1750,1750,0
2022-04-18 14:35:00,1750,1750,1750,1750,0
2022-04-18 14:36:00,1750,1750,1750,1750,0
2022-04-18 14:37:00,1750,1750,1750,1750,0
2022-04-18 14:38:00,1750,1750,1750,1750,0
2022-04-18 14:39:00,1750,1750,1750,1750,0
2022-04-18 14:40:00,1750,1750,1750,1750,0
2022-04-18 14:41:00,1750,1750,1750,1750,0
2022-04-18 14:42:00,1750,1750,1750,1750,0
2022-04-18 14:43:00,1750,1750,1750,1750,0
2022-04-18 14:44:00,1750,1750,1750,1750,0
2022-04-18 14:45:00,1750,1750,1750,1750,0
2022-04-18 14:46:00,1750,1750,1750,1750,0
2022-04-18 14:47:00,1750,1750,1750,1750,0
2022-04-18 14:48:00,1750,1750,1750,1750,0
2022-04-18 14:49:00,1750,1750,1750,1750,0
2022-04-18 14:50:00,1750,1750,1750,1750,0
2022-04-18 14:51:00,1750,1750,1750,1750,0
2022-04-18 14:52:00,1750,1750,1750,1750,0
2022-04-18 14:53:00,1750,1750,1750,1750,0
2022-04-18 14:54:00,1750,1750,1750,1750,0
2022-04-18 14:55:00,1750,1750,1750,1750,0
2022-04-18 14:56:00,1750,1750,1750,1750,0
2022-04-18 14:57:00,1750,1750,1750,1750,0
2022-04-18 14:58:00,1750,1750,1750,1750,0
2022-04-18 14:59:00,1750,1750,1750,1750,0
2022-04-18 15:00:00,1750,1750,1750,1750,0
2022-04-18 15:01:00,1750,1750,1750,1750,0
2022-04-18 15:02:00,1750,1750,1750,1750,0
2022-04-18 15:03:00,1750,1750,1750,1750,0
2022-04-18 15:04:00,1750,1750,1750,1750,0
2022-04-18 15:05:00,1750,1750,1750,1750,0
2022-04-18 15:06:00,1750,1750,1750,1750,0
2022-04-18 15:07:00,1750,1750,1750,1750,0
2022-04-18 15:08:00,1750,1750,1750,1750,0
2022-04-18 15:09:00,1750,1750,1750,1750,0
2022-04-18 15:10:00,1750,1750,1750,1750,0
2022-04-18 15:11:00,1750,1750,1750,1750,0
2022-04-18 15:12:00,1750,1750,1750,1750,0
2022-04-18 15:13:00,1750,1750,1750,1750,0
2022-04-18 15:14:00,1750,1750,1750,1750,0
2022-04-18 15:15:00,1750,1750,1750,1750,0
2022-04-18 15:16:00,1750,1750,1750,1750,0
2022-04-18 15:17:00,1750,1750,1750,1750,0
2022-04-18 15:18:00,1750,1750,1750,1750,0
2022-04-18 15:19:00,1750,1750,1750,1750,0
2022-04-18 15:20:00,1750,1750,1750,1750,0
2022-04-18 15:21:00,1750,1750,1750,1750,0
2022-04-18 15:22:00,1750,1750,1750,1750,0
2022-04-18 15:23:00,1750,1750,1750,1750,0
2022-04-18 15:24:00,1750,1750,1750,1750,0
2022-04-18 15:25:00,1750,1750,1750,1750,0
2022-04-18 15:26:00,1750,1750,1750,1750,0
2022-04-18 15:27:00,1750,1750,1750,1750,0
2022-04-18 15:28:00,1750,1750,1750,1750,0
2022-04-18 15:29:00,1750,1750,1750,1750,0
2022-04-18 15:30:00,1750,1750,1750,1750,0
2022-04-18 15:31:00,1750,1750,1750,1750,0
2022-04-18 15:32:00,1750,1750,1750,1750,0
2022-04-18 15:33:00,1750,1750,1750,1750,0
2022-04-18 15:34:00,1750,1750,1750,1750,0
2022-04-18 15:35:00,1750,1750,1750,1750,0
2022-04-18 15:36:00,1750,1750,1750,1750,0
2022-04-18 15:37:00,1750,1750,1750,1750,0
2022-04-18 15:38:00,1750,1750,1750,1750,0
2022-04-18 15:39:00,1750,1750,1750,1750,0
2022-04-18 15:40:00,1750,1750,1750,1750,0
2022-04-18 15:41:00,1750,1750,1750,1750,0
2022-04-18 15:42:00,1750,1750,1750,1750,0
2022-04-18 15:43:00,1750,1750,1750,1750,0
2022-04-18 15:44:00,1750,1750,1750,1750,0
2022-04-18 15:45:00,1750,1750,1750,1750,0
2022-04-18 15:46:00,1750,1750,1750,1750,0
2022-04-18 15:47:00,1750,1750,1750,1750,0
2022-04-18 15:48:00,1750,1750,1750,1750,0
2022-04-18 15:49:00,1750,1750,1750,1750,0
2022-04-18 15:50:00,1750,1750,1750,1750,0
2022-04-18 15:51:00,1750,1750,1750,1750,0
2022-04-18 15:52:00,1750,1750,1750,1750,0
2022-04-18 15:53:00,1750,1750,1750,1750,0
2022-04-18 15:54:00,1750,1750,1750,1750,0
2022-04-18 15:55:00,1750,1750,1750,1750,0
2022-04-18 15:56:00,1750,1750,1750,1750,0
2022-04-18 15:57:00,1750,1750,1750,1750,0
2022-04-18 15:58:00,1750,1750,1750,1750,0
2022-04-18 15:59:00,1750,1750,1750,1750,0
2022-04-19 09:00:00,1750,1750,1750,1750,0
2022-04-19 09:01:00,1750,1750,1750,1750,0
2022-04-19 09:02:00,1750,1750,1750,1750,0
2022-04-19 09:03:00,1750,1750,1750,1750,0
2022-04-19 09:04:00,1750,1750,1750,1750,0
2022-04-19 09:05:00,1750,1750,1750,1750,0
2022-04-19 09:06:00,1750,1750,1750,1750,0
2022-04-19 09:07:00,1750,1750,1750,1750,0
2022-04-19 09:08:00,1750,1750,1750,1750,0
2022-04-19 09:09:00,1750,1750,1750,1750,0
2022-04-19 09:10:00,1750,1750,1750,1750,0
2022-04-19 09:11:00,1750,1750,1750,1750,0
2022-04-19 09:12:00,1750,1750,1750,1750,0
2022-04-19 09:13:00,1750,1750,1750,1750,0
2022-04-19 09:14:00,1750,1750,1750,1750,0
2022-04-19 09:15:00,1750,1750,1750,1750,0
2022-04-19 09:16:00,1750,1750,1750,1750,0
2022-04-19 09:17:00,1750,1750,1750,1750,0
2022-04-19 09:18:00,1750,1750,1750,1750,0
2022-04-19 09:19:00,1750,1750,1750,1750,0
2022-04-19 09:20:00,1750,1750,1750,1750,0
2022-04-19 09:21:00,1750,1750,1750,1750,0
2022-04-19 09:22:00,1750,1750,1750,1750,0
2022-04-19 09:23:00,1750,1750,1750,1750,0
2022-04-19 09:24:00,1750,1750,1750,1750,0
2022-04-19 09:25:00,1750,1750,1750,1750,0
2022-04-19 09:26:00,1750,1750,1750,1750,0
2022-04-19 09:27:00,1750,1750,1750,1750,0
2022-04-19 09:28:00,1750,1750,1750,1750,0
2022-04-19 09:29:00,1750,1750,1750,1750,0
2022-04-19 09:30:00,1750,1750,1750,1750,0
2022-04-19 09:31:00,1750,1750,1750,1750,0
2022-04-19 09:32:00,1750,1750,1750,1750,0
2022-04-19 09:33:00,1750,1750,1750,1750,0
2022-04-19 09:34:00,1750,1750,1750,1750,0
2022-04-19 09:35:00,1750,1750,1750,1750,0
2022-04-19 09:36:00,1750,1750,1750,1750,0
2022-04-19 09:37:00,1750,1750,1750,1750,0
2022-04-19 09:38:00,1750,1750,1750,1750,0
2022-04-19 09:39:00,1750,1750,1750,1750,0
2022-04-19 09:40:00,1750,1750,1750,1750,0
2022-04-19 09:41:00,1750,1750,1750,1750,0
2022-04-19 09:42:00,1750,1750,1750,1750,0
2022-04-19 09:43:00,1750,1750,1750,1750,0
2022-04-19 09:44:00,1750,1750,1750,1750,0
2022-04-19 09:45:00,1750,1750,1750,1750,0
2022-04-19 09:46:00,1750,1750,1750,1750,0
2022-04-19 09:47:00,1750,1750,1750,1750,0
2022-04-19 09:48:00,1750,1750,1750,1750,0
2022-04-19 09:49:00,1750,1750,1750,1750,0
2022-04-19 09:50:00,1750,1750,1750,1750,0
2022-04-19 09:51:00,1750,1750,1750,1750,0
2022-04-19 09:52:00,1750,1750,1750,1750,0
2022-04-19 09:53:00,1750,1750,1750,1750,0
2022-04-19 09:54:00,1750,1750,1750,1750,0
2022-04-19 09:55:00,1750,1750,1750,1750,0
2022-04-19 09:56:00,1750,1750,1750,1750,0
2022-04-19 09:57:00,1750,1750,1750,1750,0
2022-04-19 09:58:00,1750,1750,1750,1750,0
2022-04-19 09:59:00,1750,1750,1750,1750,0
2022-04-19 10:00:00,1750,1750,1750,1750,0
2022-04-19 10:01:00,1750,1750,1750,1750,0
2022-04-19 10:02:00,1750,1750,1750,1750,0
2022-04-19 10:03:00,1750,1750,1750,1750,0
2022-04-19 10:04:00,1750,1750,1750,1750,0
2022-04-19 10:05:00,1750,1750,1750,1750,0
2022-04-19 10:06:00,1750,1750,1750,1750,0
2022-04-19 10:07:00,1750,1750,1750,1750,0
2022-04-19 10:08:00,1750,1750,1750,1750,0
2022-04-19 10:09:00,1750,1750,1750,1750,0
2022-04-19 10:10:00,1750,1750,1750,1750,0
2022-04-19 10:11:00,1750,1750,1750,1750,0
2022-04-19 10:12:00,1750,1750,1750,1750,0
2022-04-19 10:13:00,1750,1750,1750,1750,0
2022-04-19 10:14:00,1750,1750,1750,1750,0
2022-04-19 10:15:00,1750,1750,1750,1750,0
2022-04-19 10:16:00,1750,1750,1750,1750,0
2022-04-19 10:17:00,1750,1750,1750,1750,0
2022-04-19 10:18:00,1750,1750,1750,1750,0
2022-04-19 10:19:00,1750,1750,1750,1750,0
2022-04-19 10:20:00,1750,1750,1750,1750,0
2022-04-19 10:21:00,1750,1750,1750,1750,0
2022-04-19 10:22:00,1750,1750,1750,1750,0
2022-04-19 10:23:00,1750,1750,1750,1750,0
2022-04-19 10:24:00,1750,1750,1750,1750,0
2022-04-19 10:25:00,1750,1750,1750,1750,0
2022-04-19 10:26:00,1750,1750,1750,1750,0
2022-04-19 10:27:00,1750,1750,1750,1750,0
2022-04-19 10:28:00,1750,1750,1750,1750,0
2022-04-19 10:29:00,1750,1750,1750,1750,0
2022-04-19 10:30:00,1750,1750,1750,1750,0
2022-04-19 10:31:00,1750,1750,1750,1750,0
2022-04-19 10:32:00,1750,1750,1750,1750,0
2022-04-19 10:33:00,1750,1750,1750,1750,0
2022-04-19 10:34:00,1750,1750,1750,1750,0
2022-04-19 10:35:00,1750,1750,1750,1750,0
2022-04-19 10:36:00,1750,1750,1750,1750,0
2022-04-19 10:37:00,1750,1750,1750,1750,0
2022-04-19 10:38:00,1750,1750,1750,1750,0
2022-04-19 10:39:00,1750,1750,1750,1750,0
2022-04-19 10:40:00,1750,1750,1750,1750,0
2022-04-19 10:41:00,1750,1750,1750,1750,0
2022-04-19 10:42:00,1750,1750,1750,1750,0
2022-04-19 10:43:00,1750,1750,1750,1750,0
2022-04-19 10:44:00,1750,1750,1750,1750,0
2022-04-19 10:45:00,1750,1750,1750,1750,0
2022-04-19 10:46:00,1750,1750,1750,1750,0
2022-04-19 10:47:00,1750,1750,1750,1750,0
2022-04-19 10:48:00,1750,1750,1750,1750,0
2022-04-19 10:49:00,1750,1750,1750,1750,0
2022-04-19 10:50:00,1750,1750,1750,1750,0
2022-04-19 10:51:00,1750,1750,1750,1750,0
2022-04-19 10:52:00,1750,1750,1750,1750,0
2022-04-19 10:53:00,1750,1750,1750,1750,0
2022-04-19 10:54:00,1750,1750,1750,1750,0
2022-04-19 10:55:00,1750,1750,1750,1750,0
2022-04-19 10:56:00,1750,1750,1750,1750,0
2022-04-19 10:57:00,1750,1750,1750,1750,0
2022-04-19 10:58:00,1750,1750,1750,1750,0
2022-04-19 10:59:00,1750,1750,1750,1750,0
2022-04-19 11:00:00,1750,1750,1750,1750,0
2022-04-19 11:01:00,1750,1750,1750,1750,0
2022-04-19 11:02:00,1750,1750,1750,1750,0
2022-04-19 11:03:00,1750,1750,1750,1750,0
2022-04-19 11:04:00,1750,1750,1750,1750,0
2022-04-19 11:05:00,1750,1750,1750,1750,0
2022-04-19 11:06:00,1750,1750,1750,1750,0
2022-04-19 11:07:00,1750,1750,1750,1750,0
2022-04-19 11:08:00,1750,1750,1750,1750,0
2022-04-19 11:09:00,1750,1750,1750,1750,0
2022-04-19 11:10:00,1750,1750,1750,1750,0
2022-04-19 11:11:00,1750,1750,1750,1750,0
2022-04-19 11:12:00,1750,1750,1750,1750,0
2022-04-19 11:13:00,1750,1750,1750,1750,0
2022-04-19 11:14:00,1750,1750,1750,1750,0
2022-04-19 11:15:00,1750,1750,1750,1750,0
2022-04-19 11:16:00,1750,1750,1750,1750,0
2022-04-19 11:17:00,1750,1750,1750,1750,0
2022-04-19 11:18:00,1750,1750,1750,1750,0
2022-04-19 11:19:00,1750,1750,1750,1750,0
2022-04-19 11:20:00,1750,1750,1750,1750,0
2022-04-19 11:21:00,1750,1750,1750,1750,0
2022-04-19 11:22:00,1750,1750,1750,1750,0
2022-04-19 11:23:00,1750,1750,1750,1750,0
2022-04-19 11:24:00,1750,1750,1750,1750,0
2022-04-19 11:25:00,1750,1750,1750,1750,0
2022-04-19 11:26:00,1750,1750,1750,1750,0
2022-04-19 11:27:00,1750,1750,1750,1750,0
2022-04-19 11:28:00,1750,1750,1750,1750,0
2022-04-19 11:29:00,1750,1750,1750,1750,0
2022-04-19 11:30:00,1750,1750,1750,1750,0
2022-04-19 11:31:00,1750,1750,1750,1750,0
2022-04-19 11:32:00,1750,1750,1750,1750,0
2022-04-19 11:33:00,1750,1750,1750,1750,0
2022-04-19 11:34:00,1750,1750,1750,1750,0
2022-04-19 11:35:00,1750,1750,1750,1750,0
2022-04-19 11:36:00,1750,1750,1750,1750,0
2022-04-19 11:37:00,1750,1750,1750,1750,0
2022-04-19 11:38:00,1750,1750,1750,1750,0
2022-04-19 11:39:00,1750,1750,1750,1750,0
2022-04-19 11:40:00,1750,1750,1750,1750,0
2022-04-19 11:41:00,1750,1750,1750,1750,0
2022-04-19 11:42:00,1750,1750,1750,1750,0
2022-04-19 11:43:00,1750,1750,1750,1750,0
2022-04-19 11:44:00,1750,1750,1750,1750,0
2022-04-19 11:45:00,1750,1750,1750,1750,0
2022-04-19 11:46:00,1750,1750,1750,1750,0
2022-04-19 11:47:00,1750,1750,1750,1750,0
2022-04-19 11:48:00,1750,1750,1750,1750,0
2022-04-19 11:49:00,1750,1750,1750,1750,0
2022-04-19 11:50:00,1750,1750,1750,1750,0
2022-04-19 11:51:00,1750,1750,1750,1750,0
2022-04-19 11:52:00,1750,1750,1750,1750,0
2022-04-19 11:53:00,1750,1750,1750,1750,0
2022-04-19 11:54:00,1750,1750,1750,1750,0
2022-04-19 11:55:00,1750,1750,1750,1750,0
2022-04-19 11:56:00,1750,1750,1750,1750,0
2022-04-19 11:57:00,1750,1750,1750,1750,0
2022-04-19 11:58:00,1750,1750,1750,1750,0
2022-04-19 11:59:00,1750,1750,1750,1750,0
2022-04-19 12:00:00,1750,1750,1750,1750,0
2022-04-19 12:01:00,1750,1750,1750,1750,0
2022-04-19 12:02:00,1750,1750,1750,1750,0
2022-04-19 12:03:00,1750,1750,1750,1750,0
2022-04-19 12:04:00,1750,1750,1750,1750,0
2022-04-19 12:05:00,1750,1750,1750,1750,0
2022-04-19 12:06:00,1750,1750,1750,1750,0
2022-04-19 12:07:00,1750,1750,1750,1750,0
2022-04-19 12:08:00,1750,1750,1750,1750,0
2022-04-19 12:09:00,1750,1750,1750,1750,0
2022-04-19 12:10:00,1750,1750,1750,1750,0
2022-04-19 12:11:00,1750,1750,1750,1750,0
2022-04-19 12:12:00,1750,1750,1750,1750,0
2022-04-19 12:13:00,1750,1750,1750,1750,0
2022-04-19 12:14:00,1750,1750,1750,1750,0
2022-04-19 12:15:00,1750,1750,1750,1750,0
2022-04-19 12:16:00,1750,1750,1750,1750,0
2022-04-19 12:17:00,1750,1750,1750,1750,0
2022-04-19 12:18:00,1750,1750,1750,1750,0
2022-04-19 12:19:00,1750,1750,1750,1750,0
2022-04-19 12:20:00,1750,1750,1750,1750,0
2022-04-19 12:21:00,1750,1750,1750,1750,0
2022-04-19 12:22:00,1750,1750,1750,1750,0
2022-04-19 12:23:00,1750,1750,1750,1750,0
2022-04-19 12:24:00,1750,1750,1750,1750,0
2022-04-19 12:25:00,1750,1750,1750,1750,0
2022-04-19 12:26:00,1750,1750,1750,1750,0
2022-04-19 12:27:00,1750,1750,1750,1750,0
2022-04-19 12:28:00,1750,1750,1750,1750,0
2022-04-19 12:29:00,1750,1750,1750,1750,0
2022-04-19 12:30:00,1750,1750,1750,1750,0
2022-04-19 12:31:00,1750,1750,1750,1750,0
2022-04-19 12:32:00,1750,1750,1750,1750,0
2022-04-19 12:33:00,1750,1750,1750,1750,0
2022-04-19 12:34:00,1750,1750,1750,1750,0
2022-04-19 12:35:00,1750,1750,1750,1750,0
2022-04-19 12:36:00,1750,1750,1750,1750,0
2022-04-19 12:37:00,1750,1750,1750,1750,0
2022-04-19 12:38:00,1750,1750,1750,1750,0
2022-04-19 12:39:00,1750,1750,1750,1750,0
2022-04-19 12:40:00,1750,1750,1750,1750,0
2022-04-19 12:41:00,1750,1750,1750,1750,0
2022-04-19 12:42:00,1750,1750,1750,1750,0
2022-04-19 12:43:00,1750,1750,1750,1750,0
2022-04-19 12:44:00,1750,1750,1750,1750,0
2022-04-19 12:45:00,1750,1750,1750,1750,0
2022-04-19 12:46:00,1750,1750,1750,1750,0
2022-04-19 12:47:00,1750,1750,1750,1750,0
2022-04-19 12:48:00,1750,1750,1750,1750,0
2022-04-19 12:49:00,1750,1750,1750,1750,0
2022-04-19 12:50:00,1750,1750,1750,1750,0
2022-04-19 12:51:00,1750,1750,1750,1750,0
2022-04-19 12:52:00,1750,1750,1750,1750,0
2022-04-19 12:53:00,1750,1750,1750,1750,0
2022-04-19 12:54:00,1750,1750,1750,1750,0
2022-04-19 12:55:00,1750,1750,1750,1750,0
2022-04-19 12:56:00,1750,1750,1750,1750,0
2022-04-19 12:57:00,1750,1750,1750,1750,0
2022-04-19 12:58:00,1750,1750,1750,1750,0
2022-04-19 12:59:00,1750,1750,1750,1750,0
2022-04-19 13:00:00,1750,1750,1750,1750,0
2022-04-19 13:01:00,1750,1750,1750,1750,0
2022-04-19 13:02:00,1750,1750,1750,1750,0
2022-04-19 13:03:00,1750,1750,1750,1750,0
2022-04-19 13:04:00,1750,1750,1750,1750,0
2022-04-19 13:05:00,1750,1750,1750,1750,0
2022-04-19 13:06:00,1750,1750,1750,1750,0
2022-04-19 13:07:00,1750,1750,1750,1750,0
2022-04-19 13:08:00,1750,1750,1750,1750,0
2022-04-19 13:09:00,1750,1750,1750,1750,0
2022-04-19 13:10:00,1750,1750,1750,1750,0
2022-04-19 13:11:00,1750,1750,1750,1750,0
2022-04-19 13:12:00,1750,1750,1750,1750,0
2022-04-19 13:13:00,1750,1750,1750,1750,0
2022-04-19 13:14:00,1750,1750,1750,1750,0
2022-04-19 13:15:00,1750,1750,1750,1750,0
2022-04-19 13:16:00,1750,1750,1750,1750,0
2022-04-19 13:17:00,1750,1750,1750,1750,0
2022-04-19 13:18:00,1750,1750,1750,1750,0
2022-04-19 13:19:00,1750,1750,1750,1750,0
2022-04-19 13:20:00,1750,1750,1750,1750,0
2022-04-19 13:21:00,1750,1750,1750,1750,0
2022-04-19 13:22:00,1750,1750,1750,1750,0
2022-04-19 13:23:00,1750,1750,1750,1750,0
2022-04-19 13:24:00,1750,1750,1750,1750,0
2022-04-19 13:25:00,1750,1750,1750,1750,0
2022-04-19 13:26:00,1750,1750,1750,1750,0
2022-04-19 13:27:00,1750,1750,1750,1750,0
2022-04-19 13:28:00,1750,1750,1750,1750,0
2022-04-19 13:29:00,1750,1750,1750,1750,0
2022-04-19 13:30:00,1750,1750,1750,1750,0
2022-04-19 13:31:00,1750,1750,1750,1750,0
2022-04-19 13:32:00,1750,1750,1750,1750,0
2022-04-19 13:33:00,1750,1750,1750,1750,0
2022-04-19 13:34:00,1750,1750,1750,1750,0
2022-04-19 13:35:00,1750,1750,1750,1750,0
2022-04-19 13:36:00,1750,1750,1750,1750,0
2022-04-19 13:37:00,1750,1750,1750,1750,0
2022-04-19 13:38:00,1750,1750,1750,1750,0
2022-04-19 13:39:00,1750,1750,1750,1750,0
2022-04-19 13:40:00,1750,1750,1750,1750,0
2022-04-19 13:41:00,1750,1750,1750,1750,0
2022-04-19 13:42:00,1750,1750,1750,1750,0
2022-04-19 13:43:00,1750,1750,1750,1750,0
2022-04-19 13:44:00,1750,1750,1750,1750,0
2022-04-19 13:45:00,1750,1750,1750,1750,0
2022-04-19 13:46:00,1750,1750,1750,1750,0
2022-04-19 13:47:00,1750,1750,1750,1750,0
2022-04-19 13:48:00,1750,1750,1750,1750,0
2022-04-19 13:49:00,1750,1750,1750,1750,0
2022-04-19 13:50:00,1750,1750,1750,1750,0
2022-04-19 13:51:00,1750,1750,1750,1750,0
2022-04-19 13:52:00,1750,1750,1750,1750,0
2022-04-19 13:53:00,1750,1750,1750,1750,0
2022-04-19 13:54:00,1750,1750,1750,1750,0
2022-04-19 13:55:00,1750,1750,1750,1750,0
2022-04-19 13:56:00,1750,1750,1750,1750,0
2022-04-19 13:57:00,1750,1750,1750,1750,0
2022-04-19 13:58:00,1750,1750,1750,1750,0
2022-04-19 13:59:00,1750,1750,1750,1750,0
2022-04-19 14:00:00,1750,1750,1750,1750,0
2022-04-19 14:01:00,1750,1750,1750,1750,0
2022-04-19 14:02:00,1750,1750,1750,1750,0
2022-04-19 14:03:00,1750,1750,1750,1750,0
2022-04-19 14:04:00,1750,1750,1750,1750,0
2022-04-19 14:05:00,1750,1750,1750,1750,0
2022-04-19 14:06:00,1750,1750,1750,1750,0
2022-04-19 14:07:00,1750,1750,1750,1750,0
2022-04-19 14:08:00,1750,1750,1750,1750,0
2022-04-19 14:09:00,1750,1750,1750,1750,0
2022-04-19 14:10:00,1750,1750,1750,1750,0
2022-04-19 14:11:00,1750,1750,1750,1750,0
2022-04-19 14:12:00,1750,1750,1750,1750,0
2022-04-19 14:13:00,1750,1750,1750,1750,0
2022-04-19 14:14:00,1750,1750,1750,1750,0
2022-04-19 14:15:00,1750,1750,1750,1750,0
2022-04-19 14:16:00,1750,1750,1750,1750,0
2022-04-19 14:17:00,1750,1750,1750,1750,0
2022-04-19 14:18:00,1750,1750,1750,1750,0
2022-04-19 14:19:00,1750,1750,1750,1750,0
2022-04-19 14:20:00,1750,1750,1750,1750,0
2022-04-19 14:21:00,1750,1750,1750,1750,0
2022-04-19 14:22:00,1750,1750,1750,1750,0
2022-04-19 14:23:00,1750,1750,1750,1750,0
2022-04-19 14:24:00,1750,1750,1750,1750,0
2022-04-19 14:25:00,1750,1750,1750,1750,0
2022-04-19 14:26:00,1750,1750,1750,1750,0
2022-04-19 14:27:00,1750,1750,1750,1750,0
2022-04-19 14:28:00,1750,1750,1750,1750,0
2022-04-19 14:29:00,1750,1750,1750,1750,0
2022-04-19 14:30:00,1750,1750,1750,1750,0
2022-04-19 14:31:00,1750,1750,1750,1750,0
2022-04-19 14:32:00,1750,1750,1750,1750,0
2022-04-19 14:33:00,1750,1750,1750,1750,0
2022-04-19 14:34:00,1750,1750,1750,1750,0
2022-04-19 14:35:00,1750,1750,1750,1750,0
2022-04-19 14:36:00,1750,1750,1750,1750,0
2022-04-19 14:37:00,1750,1750,1750,1750,0
2022-04-19 14:38:00,1750,1750,1750,1750,0
2022-04-19 14:39:00,1750,1750,1750,1750,0
2022-04-19 14:40:00,1750,1750,1750,1750,0
2022-04-19 14:41:00,1750,1750,1750,1750,0
2022-04-19 14:42:00,1750,1750,1750,1750,0
2022-04-19 14:43:00,1750,1750,1750,1750,0
2022-04-19 14:44:00,1750,1750,1750,1750,0
2022-04-19 14:45:00,1750,1750,1750,1750,0
2022-04-19 14:46:00,1750,1750,1750,1750,0
2022-04-19 14:47:00,1750,1750,1750,1750,0
2022-04-19 14:48:00,1750,1750,1750,1750,0
2022-04-19 14:49:00,1750,1750,1750,1750,0
2022-04-19 14:50:00,1750,1750,1750,1750,0
2022-04-19 14:51:00,1750,1750,1750,1750,0
2022-04-19 14:52:00,1750,1750,1750,1750,0
2022-04-19 14:53:00,1750,1750,1750,1750,0
2022-04-19 14:54:00,1750,1750,1750,1750,0
2022-04-19 14:55:00,1750,1750,1750,1750,0
2022-04-19 14:56:00,1750,1750,1750,1750,0
2022-04-19 14:57:00,1750,1750,1750,1750,0
2022-04-19 14:58:00,1750,1750,1750,1750,0
2022-04-19 14:59:00,1750,1750,1750,1750,0
2022-04-19 15:00:00,1750,1750,1750,1750,0
2022-04-19 15:01:00,1750,1750,1750,1750,0
2022-04-19 15:02:00,1750,1750,1750,1750,0
2022-04-19 15:03:00,1750,1750,1750,1750,0
2022-04-19 15:04:00,1750,1750,1750,1750,0
2022-04-19 15:05:00,1750,1750,1750,1750,0
2022-04-19 15:06:00,1750,1750,1750,1750,0
2022-04-19 15:07:00,1750,1750,1750,1750,0
2022-04-19 15:08:00,1750,1750,1750,1750,0
2022-04-19 15:09:00,1750,1750,1750,1750,0
2022-04-19 15:10:00,1750,1750,1750,1750,0
2022-04-19 15:11:00,1750,1750,1750,1750,0
2022-04-19 15:12:00,1750,1750,1750,1750,0
2022-04-19 15:13:00,1750,1750,1750,1750,0
2022-04-19 15:14:00,1750,1750,1750,1750,0
2022-04-19 15:15:00,1750,1750,1750,1750,0
2022-04-19 15:16:00,1750,1750,1750,1750,0
2022-04-19 15:17:00,1750,1750,1750,1750,0
2022-04-19 15:18:00,1750,1750,1750,1750,0
2022-04-19 15:19:00,1750,1750,1750,1750,0
2022-04-19 15:20:00,1750,1750,1750,1750,0
2022-04-19 15:21:00,1750,1750,1750,1750,0
2022-04-19 15:22:00,1750,1750,1750,1750,0
2022-04-19 15:23:00,1750,1750,1750,1750,0
2022-04-19 15:24:00,1750,1750,1750,1750,0
2022-04-19 15:25:00,1750,1750,1750,1750,0
2022-04-19 15:26:00,1750,1750,1750,1750,0
2022-04-19 15:27:00,1750,1750,1750,1750,0
2022-04-19 15:28:00,1750,1750,1750,1750,0
2022-04-19 15:29:00,1750,1750,1750,1750,0
2022-04-19 15:30:00,1750,1750,1750,1750,0
2022-04-19 15:31:00,1750,1750,1750,1750,0
2022-04-19 15:32:00,1750,1750,1750,1750,0
2022-04-19 15:33:00,1750,1750,1750,1750,0
2022-04-19 15:34:00,1750,1750,1750,1750,0
2022-04-19 15:35:00,1750,1750,1750,1750,0
2022-04-19 15:36:00,1750,1750,1750,1750,0
2022-04-19 15:37:00,1750,1750,1750,1750,0
2022-04-19 15:38:00,1750,1750,1750,1750,0
2022-04-19 15:39:00,1750,1750,1750,1750,0
2022-04-19 15:40:00,1750,1750,1750,1750,0
2022-04-19 15:41:00,1750,1750,1750,1750,0
2022-04-19 15:42:00,1750,1750,1750,1750,0
2022-04-19 15:43:00,1750,1750,1750,1750,0
2022-04-19 15:44:00,1750,1750,1750,1750,0
2022-04-19 15:45:00,1750,1750,1750,1750,0
2022-04-19 15:46:00,1750,1750,1750,1750,0
2022-04-19 15:47:00,1750,1750,1750,1750,0
2022-04-19 15:48:00,1750,1750,1750,1750,0
2022-04-19 15:49:00,1750,1750,1750,1750,0
2022-04-19 15:50:00,1750,1750,1750,1750,0
2022-04-19 15:51:00,1750,1750,1750,1750,0
2022-04-19 15:52:00,1750,1750,1750,1750,0
2022-04-19 15:53:00,1750,1750,1750,1750,0
2022-04-19 15:54:00,1750,1750,1750,1750,0
2022-04-19 15:55:00,1750,1750,1750,1750,0
2022-04-19 15:56:00,1750,1750,1750,1750,0
2022-04-19 15:57:00,1750,1750,1750,1750,0
2022-04-19 15:58:00,1750,1750,1750,1750,0
2022-04-19 15:59:00,1750,1750,1750,1750,0
2022-04-20 09:00:00,1750,1750,1750,1750,0
2022-04-20 09:01:00,1750,1750,1750,1750,0
2022-04-20 09:02:00,1750,1750,1750,1750,0
2022-04-20 09:03:00,1750,1750,1750,1750,0
2022-04-20 09:04:00,1750,1750,1750,1750,0
2022-04-20 09:05:00,1750,1750,1750,1750,0
2022-04-20 09:06:00,1750,1750,1750,1750,0
2022-04-20 09:07:00,1750,1750,1750,1750,0
2022-04-20 09:08:00,1730,1730,1730,1730,0
2022-04-20 09:09:00,1730,1730,1730,1730,0
2022-04-20 09:10:00,1730,1730,1730,1730,0
2022-04-20 09:11:00,1730,1730,1730,1730,0
2022-04-20 09:12:00,1730,1730,1730,1730,0
2022-04-20 09:13:00,1730,1730,1730,1730,0
2022-04-20 09:14:00,1730,1730,1730,1730,0
2022-04-20 09:15:00,1730,1730,1730,1730,0
2022-04-20 09:16:00,1730,1730,1730,1730,0
2022-04-20 09:17:00,1730,1730,1730,1730,0
2022-04-20 09:18:00,1730,1730,1730,1730,0
2022-04-20 09:19:00,1730,1730,1730,1730,0
2022-04-20 09:20:00,1730,1730,1730,1730,0
2022-04-20 09:21:00,1730,1730,1730,1730,0
2022-04-20 09:22:00,1730,1730,1730,1730,0
2022-04-20 09:23:00,1730,1730,1730,1730,0
2022-04-20 09:24:00,1730,1730,1730,1730,0
2022-04-20 09:25:00,1730,1730,1730,1730,0
2022-04-20 09:26:00,1730,1730,1730,1730,0
2022-04-20 09:27:00,1730,1730,1730,1730,0
2022-04-20 09:28:00,1730,1730,1730,1730,0
2022-04-20 09:29:00,1730,1730,1730,1730,0
2022-04-20 09:30:00,1730,1730,1730,1730,0
2022-04-20 09:31:00,1730,1730,1730,1730,0
2022-04-20 09:32:00,1730,1730,1730,1730,0
2022-04-20 09:33:00,1730,1730,1730,1730,0
2022-04-20 09:34:00,1730,1730,1730,1730,0
2022-04-20 09:35:00,1730,1730,1730,1730,0
2022-04-20 09:36:00,1730,1730,1730,1730,0
2022-04-20 09:37:00,1730,1730,1730,1730,0
2022-04-20 09:38:00,1730,1730,1730,1730,0
2022-04-20 09:39:00,1730,1730,1730,1730,0
2022-04-20 09:40:00,1730,1730,1730,1730,0
2022-04-20 09:41:00,1730,1730,1730,1730,0
2022-04-20 09:42:00,1730,1730,1730,1730,0
2022-04-20 09:43:00,1730,1730,1730,1730,0
2022-04-20 09:44:00,1730,1730,1730,1730,0
2022-04-20 09:45:00,1730,1730,1730,1730,0
2022-04-20 09:46:00,1730,1730,1730,1730,0
2022-04-20 09:47:00,1730,1730,1730,1730,0
2022-04-20 09:48:00,1730,1730,1730,1730,0
2022-04-20 09:49:00,1730,1730,1730,1730,0
2022-04-20 09:50:00,1730,1730,1730,1730,0
2022-04-20 09:51:00,1730,1730,1730,1730,0
2022-04-20 09:52:00,1730,1730,1730,1730,0
2022-04-20 09:53:00,1730,1730,1730,1730,0
2022-04-20 09:54:00,1730,1730,1730,1730,0
2022-04-20 09:55:00,1730,1730,1730,1730,0
2022-04-20 09:56:00,1730,1730,1730,1730,0
2022-04-20 09:57:00,1730,1730,1730,1730,0
2022-04-20 09:58:00,1730,1730,1730,1730,0
2022-04-20 09:59:00,1730,1730,1730,1730,0
2022-04-20 10:00:00,1730,1730,1730,1730,0
2022-04-20 10:01:00,1730,1730,1730,1730,0
2022-04-20 10:02:00,1730,1730,1730,1730,0
2022-04-20 10:03:00,1730,1730,1730,1730,0
2022-04-20 10:04:00,1730,1730,1730,1730,0
2022-04-20 10:05:00,1730,1730,1730,1730,0
2022-04-20 10:06:00,1730,1730,1730,1730,0
2022-04-20 10:07:00,1730,1730,1730,1730,0
2022-04-20 10:08:00,1730,1730,1730,1730,0
2022-04-20 10:09:00,1730,1730,1730,1730,0
2022-04-20 10:10:00,1730,1730,1730,1730,0
2022-04-20 10:11:00,1730,1730,1730,1730,0
2022-04-20 10:12:00,1730,1730,1730,1730,0
2022-04-20 10:13:00,1730,1730,1730,1730,0
2022-04-20 10:14:00,1730,1730,1730,1730,0
2022-04-20 10:15:00,1730,1730,1730,1730,0
2022-04-20 10:16:00,1730,1730,1730,1730,0
2022-04-20 10:17:00,1730,1730,1730,1730,0
2022-04-20 10:18:00,1730,1730,1730,1730,0
2022-04-20 10:19:00,1730,1730,1730,1730,0
2022-04-20 10:20:00,1730,1730,1730,1730,0
2022-04-20 10:21:00,1730,1730,1730,1730,0
2022-04-20 10:22:00,1730,1730,1730,1730,0
2022-04-20 10:23:00,1730,1730,1730,1730,0
2022-04-20 10:24:00,1730,1730,1730,1730,0
2022-04-20 10:25:00,1730,1730,1730,1730,0
2022-04-20 10:26:00,1730,1730,1730,1730,0
2022-04-20 10:27:00,1730,1730,1730,1730,0
2022-04-20 10:28:00,1730,1730,1730,1730,0
2022-04-20 10:29:00,1730,1730,1730,1730,0
2022-04-20 10:30:00,1730,1730,1730,1730,0
2022-04-20 10:31:00,1730,1730,1730,1730,0
2022-04-20 10:32:00,1730,1730,1730,1730,0
2022-04-20 10:33:00,1730,1730,1730,1730,0
2022-04-20 10:34:00,1730,1730,1730,1730,0
2022-04-20 10:35:00,1730,1730,1730,1730,0
2022-04-20 10:36:00,1730,1730,1730,1730,0
2022-04-20 10:37:00,1730,1730,1730,1730,0
2022-04-20 10:38:00,1730,1730,1730,1730,0
2022-04-20 10:39:00,1730,1730,1730,1730,0
2022-04-20 10:40:00,1730,1730,1730,1730,0
2022-04-20 10:41:00,1730,1730,1730,1730,0
2022-04-20 10:42:00,1730,1730,1730,1730,0
2022-04-20 10:43:00,1730,1730,1730,1730,0
2022-04-20 10:44:00,1730,1730,1730,1730,0
2022-04-20 10:45:00,1730,1730,1730,1730,0
2022-04-20 10:46:00,1730,1730,1730,1730,0
2022-04-20 10:47:00,1730,1730,1730,1730,0
2022-04-20 10:48:00,1730,1730,1730,1730,0
2022-04-20 10:49:00,1730,1730,1730,1730,0
2022-04-20 10:50:00,1730,1730,1730,1730,0
2022-04-20 10:51:00,1730,1730,1730,1730,0
2022-04-20 10:52:00,1730,1730,1730,1730,0
2022-04-20 10:53:00,1680,1650,1680,1650,300
2022-04-20 10:54:00,1630,1630,1630,1630,1000
2022-04-20 10:55:00,1630,1630,1630,1630,100
2022-04-20 10:56:00,1630,1630,1630,1630,0
2022-04-20 10:57:00,1630,1630,1630,1630,0
2022-04-20 10:58:00,1630,1630,1630,1630,0
2022-04-20 10:59:00,1630,1630,1630,1630,0
2022-04-20 11:00:00,1630,1630,1630,1630,0
2022-04-20 11:01:00,1630,1630,1630,1630,0
2022-04-20 11:02:00,1630,1630,1630,1630,0
2022-04-20 11:03:00,1630,1630,1630,1630,0
2022-04-20 11:04:00,1630,1630,1630,1630,0
2022-04-20 11:05:00,1630,1630,1630,1630,0
2022-04-20 11:06:00,1630,1630,1630,1630,0
2022-04-20 11:07:00,1630,1630,1630,1630,0
2022-04-20 11:08:00,1630,1630,1630,1630,0
2022-04-20 11:09:00,1630,1630,1630,1630,0
2022-04-20 11:10:00,1630,1630,1630,1630,0
2022-04-20 11:11:00,1630,1630,1630,1630,0
2022-04-20 11:12:00,1630,1630,1630,1630,0
2022-04-20 11:13:00,1630,1630,1630,1630,0
2022-04-20 11:14:00,1630,1630,1630,1630,0
2022-04-20 11:15:00,1630,1630,1630,1630,0
2022-04-20 11:16:00,1630,1630,1630,1630,0
2022-04-20 11:17:00,1630,1630,1630,1630,0
2022-04-20 11:18:00,1630,1630,1630,1630,0
2022-04-20 11:19:00,1630,1630,1630,1630,0
2022-04-20 11:20:00,1630,1630,1630,1630,0
2022-04-20 11:21:00,1630,1630,1630,1630,0
2022-04-20 11:22:00,1630,1630,1630,1630,0
2022-04-20 11:23:00,1630,1630,1630,1630,0
2022-04-20 11:24:00,1630,1630,1630,1630,0
2022-04-20 11:25:00,1630,1630,1630,1630,0
2022-04-20 11:26:00,1630,1630,1630,1630,0
2022-04-20 11:27:00,1630,1630,1630,1630,0
2022-04-20 11:28:00,1630,1630,1630,1630,0
2022-04-20 11:29:00,1630,1630,1630,1630,0
2022-04-20 11:30:00,1630,1630,1630,1630,0
2022-04-20 11:31:00,1630,1630,1630,1630,0
2022-04-20 11:32:00,1630,1630,1630,1630,0
2022-04-20 11:33:00,1630,1630,1630,1630,0
2022-04-20 11:34:00,1630,1630,1630,1630,0
2022-04-20 11:35:00,1630,1630,1630,1630,0
2022-04-20 11:36:00,1630,1630,1630,1630,0
2022-04-20 11:37:00,1630,1630,1630,1630,0
2022-04-20 11:38:00,1630,1630,1630,1630,0
2022-04-20 11:39:00,1630,1630,1630,1630,0
2022-04-20 11:40:00,1630,1630,1630,1630,0
2022-04-20 11:41:00,1630,1630,1630,1630,0
2022-04-20 11:42:00,1630,1630,1630,1630,0
2022-04-20 11:43:00,1630,1630,1630,1630,0
2022-04-20 11:44:00,1630,1630,1630,1630,0
2022-04-20 11:45:00,1630,1630,1630,1630,0
2022-04-20 11:46:00,1630,1630,1630,1630,0
2022-04-20 11:47:00,1630,1630,1630,1630,0
2022-04-20 11:48:00,1630,1630,1630,1630,0
2022-04-20 11:49:00,1630,1630,1630,1630,0
2022-04-20 11:50:00,1630,1630,1630,1630,0
2022-04-20 11:51:00,1630,1630,1630,1630,0
2022-04-20 11:52:00,1630,1630,1630,1630,0
2022-04-20 11:53:00,1630,1630,1630,1630,0
2022-04-20 11:54:00,1630,1630,1630,1630,0
2022-04-20 11:55:00,1630,1630,1630,1630,0
2022-04-20 11:56:00,1630,1630,1630,1630,0
2022-04-20 11:57:00,1630,1630,1630,1630,0
2022-04-20 11:58:00,1630,1630,1630,1630,0
2022-04-20 11:59:00,1630,1630,1630,1630,0
2022-04-20 12:00:00,1630,1630,1630,1630,0
2022-04-20 12:01:00,1630,1630,1630,1630,0
2022-04-20 12:02:00,1630,1630,1630,1630,0
2022-04-20 12:03:00,1630,1630,1630,1630,0
2022-04-20 12:04:00,1630,1630,1630,1630,0
2022-04-20 12:05:00,1630,1630,1630,1630,0
2022-04-20 12:06:00,1630,1630,1630,1630,0
2022-04-20 12:07:00,1630,1630,1630,1630,0
2022-04-20 12:08:00,1630,1630,1630,1630,0
2022-04-20 12:09:00,1630,1630,1630,1630,0
2022-04-20 12:10:00,1630,1630,1630,1630,0
2022-04-20 12:11:00,1630,1630,1630,1630,0
2022-04-20 12:12:00,1630,1630,1630,1630,0
2022-04-20 12:13:00,1630,1630,1630,1630,0
2022-04-20 12:14:00,1630,1630,1630,1630,0
2022-04-20 12:15:00,1630,1630,1630,1630,0
2022-04-20 12:16:00,1630,1630,1630,1630,0
2022-04-20 12:17:00,1630,1630,1630,1630,0
2022-04-20 12:18:00,1630,1630,1630,1630,0
2022-04-20 12:19:00,1630,1630,1630,1630,0
2022-04-20 12:20:00,1630,1630,1630,1630,0
2022-04-20 12:21:00,1630,1630,1630,1630,0
2022-04-20 12:22:00,1630,1630,1630,1630,0
2022-04-20 12:23:00,1630,1630,1630,1630,0
2022-04-20 12:24:00,1630,1630,1630,1630,0
2022-04-20 12:25:00,1630,1630,1630,1630,0
2022-04-20 12:26:00,1630,1630,1630,1630,0
2022-04-20 12:27:00,1630,1630,1630,1630,0
2022-04-20 12:28:00,1630,1630,1630,1630,0
2022-04-20 12:29:00,1630,1630,1630,1630,0
2022-04-20 12:30:00,1630,1630,1630,1630,0
2022-04-20 12:31:00,1630,1630,1630,1630,0
2022-04-20 12:32:00,1630,1630,1630,1630,0
2022-04-20 12:33:00,1630,1630,1630,1630,0
2022-04-20 12:34:00,1630,1630,1630,1630,0
2022-04-20 12:35:00,1630,1630,1630,1630,0
2022-04-20 12:36:00,1630,1630,1630,1630,0
2022-04-20 12:37:00,1630,1630,1630,1630,0
2022-04-20 12:38:00,1630,1630,1630,1630,0
2022-04-20 12:39:00,1630,1630,1630,1630,0
2022-04-20 12:40:00,1630,1630,1630,1630,0
2022-04-20 12:41:00,1630,1630,1630,1630,0
2022-04-20 12:42:00,1630,1630,1630,1630,0
2022-04-20 12:43:00,1630,1630,1630,1630,0
2022-04-20 12:44:00,1630,1630,1630,1630,0
2022-04-20 12:45:00,1630,1630,1630,1630,0
2022-04-20 12:46:00,1630,1630,1630,1630,0
2022-04-20 12:47:00,1630,1630,1630,1630,0
2022-04-20 12:48:00,1630,1630,1630,1630,0
2022-04-20 12:49:00,1630,1630,1630,1630,0
2022-04-20 12:50:00,1630,1630,1630,1630,0
2022-04-20 12:51:00,1630,1630,1630,1630,0
2022-04-20 12:52:00,1630,1630,1630,1630,0
2022-04-20 12:53:00,1630,1630,1630,1630,0
2022-04-20 12:54:00,1630,1630,1630,1630,0
2022-04-20 12:55:00,1630,1630,1630,1630,0
2022-04-20 12:56:00,1630,1630,1630,1630,0
2022-04-20 12:57:00,1630,1630,1630,1630,0
2022-04-20 12:58:00,1630,1630,1630,1630,0
2022-04-20 12:59:00,1630,1630,1630,1630,0
2022-04-20 13:00:00,1630,1630,1630,1630,0
2022-04-20 13:01:00,1630,1630,1630,1630,0
2022-04-20 13:02:00,1630,1630,1630,1630,0
2022-04-20 13:03:00,1630,1630,1630,1630,0
2022-04-20 13:04:00,1630,1630,1630,1630,0
2022-04-20 13:05:00,1630,1630,1630,1630,0
2022-04-20 13:06:00,1630,1630,1630,1630,0
2022-04-20 13:07:00,1630,1630,1630,1630,0
2022-04-20 13:08:00,1630,1630,1630,1630,0
2022-04-20 13:09:00,1630,1630,1630,1630,0
2022-04-20 13:10:00,1630,1630,1630,1630,0
2022-04-20 13:11:00,1630,1630,1630,1630,0
2022-04-20 13:12:00,1630,1630,1630,1630,0
2022-04-20 13:13:00,1630,1630,1630,1630,0
2022-04-20 13:14:00,1630,1630,1630,1630,0
2022-04-20 13:15:00,1630,1630,1630,1630,0
2022-04-20 13:16:00,1630,1630,1630,1630,0
2022-04-20 13:17:00,1630,1630,1630,1630,0
2022-04-20 13:18:00,1630,1630,1630,1630,0
2022-04-20 13:19:00,1630,1630,1630,1630,0
2022-04-20 13:20:00,1630,1630,1630,1630,0
2022-04-20 13:21:00,1630,1630,1630,1630,0
2022-04-20 13:22:00,1630,1630,1630,1630,0
2022-04-20 13:23:00,1630,1630,1630,1630,0
2022-04-20 13:24:00,1630,1630,1630,1630,0
2022-04-20 13:25:00,1630,1630,1630,1630,0
2022-04-20 13:26:00,1630,1630,1630,1630,0
2022-04-20 13:27:00,1630,1630,1630,1630,0
2022-04-20 13:28:00,1630,1630,1630,1630,0
2022-04-20 13:29:00,1630,1630,1630,1630,0
2022-04-20 13:30:00,1635,1630,1635,1630,1300
2022-04-20 13:31:00,1635,1630,1635,1630,0
2022-04-20 13:32:00,1635,1630,1635,1630,0
2022-04-20 13:33:00,1635,1630,1635,1630,0
2022-04-20 13:34:00,1635,1630,1635,1630,0
2022-04-20 13:35:00,1635,1630,1635,1630,0
2022-04-20 13:36:00,1635,1630,1635,1630,0
2022-04-20 13:37:00,1635,1630,1635,1630,0
2022-04-20 13:38:00,1635,1630,1635,1630,0
2022-04-20 13:39:00,1635,1630,1635,1630,0
2022-04-20 13:40:00,1635,1630,1635,1630,0
2022-04-20 13:41:00,1635,1630,1635,1630,0
2022-04-20 13:42:00,1635,1630,1635,1630,0
2022-04-20 13:43:00,1635,1630,1635,1630,0
2022-04-20 13:44:00,1635,1630,1635,1630,0
2022-04-20 13:45:00,1635,1630,1635,1630,0
2022-04-20 13:46:00,1635,1630,1635,1630,0
2022-04-20 13:47:00,1635,1630,1635,1630,0
2022-04-20 13:48:00,1635,1630,1635,1630,0
2022-04-20 13:49:00,1635,1630,1635,1630,0
2022-04-20 13:50:00,1635,1630,1635,1630,0
2022-04-20 13:51:00,1635,1630,1635,1630,0
2022-04-20 13:52:00,1635,1630,1635,1630,0
2022-04-20 13:53:00,1635,1630,1635,1630,0
2022-04-20 13:54:00,1635,1630,1635,1630,0
2022-04-20 13:55:00,1635,1630,1635,1630,0
2022-04-20 13:56:00,1635,1630,1635,1630,0
2022-04-20 13:57:00,1635,1630,1635,1630,0
2022-04-20 13:58:00,1635,1630,1635,1630,0
2022-04-20 13:59:00,1635,1630,1635,1630,0
2022-04-20 14:00:00,1635,1630,1635,1630,0
2022-04-20 14:01:00,1635,1630,1635,1630,0
2022-04-20 14:02:00,1635,1630,1635,1630,0
2022-04-20 14:03:00,1635,1630,1635,1630,0
2022-04-20 14:04:00,1635,1630,1635,1630,0
2022-04-20 14:05:00,1635,1630,1635,1630,0
2022-04-20 14:06:00,1635,1630,1635,1630,0
2022-04-20 14:07:00,1635,1630,1635,1630,0
2022-04-20 14:08:00,1635,1630,1635,1630,0
2022-04-20 14:09:00,1635,1630,1635,1630,0
2022-04-20 14:10:00,1635,1630,1635,1630,0
2022-04-20 14:11:00,1635,1630,1635,1630,0
2022-04-20 14:12:00,1635,1630,1635,1630,0
2022-04-20 14:13:00,1635,1630,1635,1630,0
2022-04-20 14:14:00,1635,1630,1635,1630,0
2022-04-20 14:15:00,1635,1630,1635,1630,0
2022-04-20 14:16:00,1635,1630,1635,1630,0
2022-04-20 14:17:00,1635,1630,1635,1630,0
2022-04-20 14:18:00,1635,1630,1635,1630,0
2022-04-20 14:19:00,1635,1630,1635,1630,0
2022-04-20 14:20:00,1635,1630,1635,1630,0
2022-04-20 14:21:00,1635,1630,1635,1630,0
2022-04-20 14:22:00,1635,1630,1635,1630,0
2022-04-20 14:23:00,1635,1630,1635,1630,0
2022-04-20 14:24:00,1635,1630,1635,1630,0
2022-04-20 14:25:00,1635,1630,1635,1630,0
2022-04-20 14:26:00,1635,1630,1635,1630,0
2022-04-20 14:27:00,1635,1630,1635,1630,0
2022-04-20 14:28:00,1635,1630,1635,1630,0
2022-04-20 14:29:00,1635,1630,1635,1630,0
2022-04-20 14:30:00,1635,1630,1635,1630,0
2022-04-20 14:31:00,1635,1630,1635,1630,0
2022-04-20 14:32:00,1635,1630,1635,1630,0
2022-04-20 14:33:00,1635,1630,1635,1630,0
2022-04-20 14:34:00,1635,1630,1635,1630,0
2022-04-20 14:35:00,1635,1630,1635,1630,0
2022-04-20 14:36:00,1635,1630,1635,1630,0
2022-04-20 14:37:00,1635,1630,1635,1630,0
2022-04-20 14:38:00,1635,1630,1635,1630,0
2022-04-20 14:39:00,1635,1630,1635,1630,0
2022-04-20 14:40:00,1635,1630,1635,1630,0
2022-04-20 14:41:00,1635,1630,1635,1630,0
2022-04-20 14:42:00,1635,1630,1635,1630,0
2022-04-20 14:43:00,1635,1630,1635,1630,0
2022-04-20 14:44:00,1635,1630,1635,1630,0
2022-04-20 14:45:00,1635,1630,1635,1630,0
2022-04-20 14:46:00,1635,1630,1635,1630,0
2022-04-20 14:47:00,1635,1630,1635,1630,0
2022-04-20 14:48:00,1635,1630,1635,1630,0
2022-04-20 14:49:00,1635,1630,1635,1630,0
2022-04-20 14:50:00,1635,1630,1635,1630,0
2022-04-20 14:51:00,1635,1630,1635,1630,0
2022-04-20 14:52:00,1635,1630,1635,1630,0
2022-04-20 14:53:00,1635,1630,1635,1630,0
2022-04-20 14:54:00,1635,1630,1635,1630,0
2022-04-20 14:55:00,1635,1630,1635,1630,0
2022-04-20 14:56:00,1635,1630,1635,1630,0
2022-04-20 14:57:00,1635,1630,1635,1630,0
2022-04-20 14:58:00,1635,1630,1635,1630,0
2022-04-20 14:59:00,1635,1630,1635,1630,0
2022-04-20 15:00:00,1635,1630,1635,1630,0
2022-04-20 15:01:00,1635,1630,1635,1630,0
2022-04-20 15:02:00,1635,1630,1635,1630,0
2022-04-20 15:03:00,1635,1630,1635,1630,0
2022-04-20 15:04:00,1635,1630,1635,1630,0
2022-04-20 15:05:00,1635,1630,1635,1630,0
2022-04-20 15:06:00,1635,1630,1635,1630,0
2022-04-20 15:07:00,1635,1630,1635,1630,0
2022-04-20 15:08:00,1635,1630,1635,1630,0
2022-04-20 15:09:00,1635,1630,1635,1630,0
2022-04-20 15:10:00,1635,1630,1635,1630,0
2022-04-20 15:11:00,1635,1630,1635,1630,0
2022-04-20 15:12:00,1635,1630,1635,1630,0
2022-04-20 15:13:00,1635,1630,1635,1630,0
2022-04-20 15:14:00,1635,1630,1635,1630,0
2022-04-20 15:15:00,1635,1630,1635,1630,0
2022-04-20 15:16:00,1635,1630,1635,1630,0
2022-04-20 15:17:00,1635,1630,1635,1630,0
2022-04-20 15:18:00,1635,1630,1635,1630,0
2022-04-20 15:19:00,1635,1630,1635,1630,0
2022-04-20 15:20:00,1635,1630,1635,1630,0
2022-04-20 15:21:00,1635,1630,1635,1630,0
2022-04-20 15:22:00,1635,1630,1635,1630,0
2022-04-20 15:23:00,1635,1630,1635,1630,0
2022-04-20 15:24:00,1635,1630,1635,1630,0
2022-04-20 15:25:00,1635,1630,1635,1630,0
2022-04-20 15:26:00,1635,1630,1635,1630,0
2022-04-20 15:27:00,1635,1630,1635,1630,0
2022-04-20 15:28:00,1635,1630,1635,1630,0
2022-04-20 15:29:00,1635,1630,1635,1630,0
2022-04-20 15:30:00,1635,1630,1635,1630,0
2022-04-20 15:31:00,1635,1630,1635,1630,0
2022-04-20 15:32:00,1635,1630,1635,1630,0
2022-04-20 15:33:00,1635,1630,1635,1630,0
2022-04-20 15:34:00,1635,1630,1635,1630,0
2022-04-20 15:35:00,1635,1630,1635,1630,0
2022-04-20 15:36:00,1635,1630,1635,1630,0
2022-04-20 15:37:00,1635,1630,1635,1630,0
2022-04-20 15:38:00,1635,1630,1635,1630,0
2022-04-20 15:39:00,1635,1630,1635,1630,0
2022-04-20 15:40:00,1635,1630,1635,1630,0
2022-04-20 15:41:00,1635,1630,1635,1630,0
2022-04-20 15:42:00,1635,1630,1635,1630,0
2022-04-20 15:43:00,1635,1630,1635,1630,0
2022-04-20 15:44:00,1635,1630,1635,1630,0
2022-04-20 15:45:00,1635,1630,1635,1630,0
2022-04-20 15:46:00,1635,1630,1635,1630,0
2022-04-20 15:47:00,1635,1630,1635,1630,0
2022-04-20 15:48:00,1635,1630,1635,1630,0
2022-04-20 15:49:00,1635,1630,1635,1630,0
2022-04-20 15:50:00,1635,1630,1635,1630,0
2022-04-20 15:51:00,1635,1630,1635,1630,0
2022-04-20 15:52:00,1635,1630,1635,1630,0
2022-04-20 15:53:00,1635,1630,1635,1630,0
2022-04-20 15:54:00,1635,1630,1635,1630,0
2022-04-20 15:55:00,1635,1630,1635,1630,0
2022-04-20 15:56:00,1635,1630,1635,1630,0
2022-04-20 15:57:00,1635,1630,1635,1630,0
2022-04-20 15:58:00,1635,1630,1635,1630,0
2022-04-20 15:59:00,1635,1630,1635,1630,0
2022-04-21 09:00:00,1635,1630,1635,1630,0
2022-04-21 09:01:00,1635,1630,1635,1630,0
2022-04-21 09:02:00,1635,1630,1635,1630,0
2022-04-21 09:03:00,1635,1630,1635,1630,0
2022-04-21 09:04:00,1635,1630,1635,1630,0
2022-04-21 09:05:00,1635,1630,1635,1630,0
2022-04-21 09:06:00,1635,1630,1635,1630,0
2022-04-21 09:07:00,1635,1630,1635,1630,0
2022-04-21 09:08:00,1635,1630,1635,1630,0
2022-04-21 09:09:00,1635,1630,1635,1630,0
2022-04-21 09:10:00,1635,1630,1635,1630,0
2022-04-21 09:11:00,1635,1630,1635,1630,0
2022-04-21 09:12:00,1635,1630,1635,1630,0
2022-04-21 09:13:00,1635,1630,1635,1630,0
2022-04-21 09:14:00,1635,1630,1635,1630,0
2022-04-21 09:15:00,1635,1630,1635,1630,0
2022-04-21 09:16:00,1635,1630,1635,1630,0
2022-04-21 09:17:00,1635,1630,1635,1630,0
2022-04-21 09:18:00,1635,1630,1635,1630,0
2022-04-21 09:19:00,1635,1630,1635,1630,0
2022-04-21 09:20:00,1635,1630,1635,1630,0
2022-04-21 09:21:00,1635,1630,1635,1630,0
2022-04-21 09:22:00,1635,1630,1635,1630,0
2022-04-21 09:23:00,1635,1630,1635,1630,0
2022-04-21 09:24:00,1635,1630,1635,1630,0
2022-04-21 09:25:00,1635,1630,1635,1630,0
2022-04-21 09:26:00,1635,1630,1635,1630,0
2022-04-21 09:27:00,1635,1630,1635,1630,0
2022-04-21 09:28:00,1635,1630,1635,1630,0
2022-04-21 09:29:00,1635,1630,1635,1630,0
2022-04-21 09:30:00,1635,1630,1635,1630,0
2022-04-21 09:31:00,1635,1630,1635,1630,0
2022-04-21 09:32:00,1635,1630,1635,1630,0
2022-04-21 09:33:00,1635,1630,1635,1630,0
2022-04-21 09:34:00,1635,1630,1635,1630,0
2022-04-21 09:35:00,1635,1630,1635,1630,0
2022-04-21 09:36:00,1635,1630,1635,1630,0
2022-04-21 09:37:00,1635,1630,1635,1630,0
2022-04-21 09:38:00,1635,1630,1635,1630,0
2022-04-21 09:39:00,1635,1630,1635,1630,0
2022-04-21 09:40:00,1635,1630,1635,1630,0
2022-04-21 09:41:00,1635,1630,1635,1630,0
2022-04-21 09:42:00,1635,1630,1635,1630,0
2022-04-21 09:43:00,1635,1630,1635,1630,0
2022-04-21 09:44:00,1635,1630,1635,1630,0
2022-04-21 09:45:00,1635,1630,1635,1630,0
2022-04-21 09:46:00,1635,1630,1635,1630,0
2022-04-21 09:47:00,1635,1630,1635,1630,0
2022-04-21 09:48:00,1635,1630,1635,1630,0
2022-04-21 09:49:00,1635,1630,1635,1630,0
2022-04-21 09:50:00,1635,1630,1635,1630,0
2022-04-21 09:51:00,1635,1630,1635,1630,0
2022-04-21 09:52:00,1635,1630,1635,1630,0
2022-04-21 09:53:00,1635,1630,1635,1630,0
2022-04-21 09:54:00,1635,1630,1635,1630,0
2022-04-21 09:55:00,1635,1630,1635,1630,0
2022-04-21 09:56:00,1635,1630,1635,1630,0
2022-04-21 09:57:00,1635,1630,1635,1630,0
2022-04-21 09:58:00,1635,1630,1635,1630,0
2022-04-21 09:59:00,1635,1630,1635,1630,0
2022-04-21 10:00:00,1635,1630,1635,1630,0
2022-04-21 10:01:00,1635,1630,1635,1630,0
2022-04-21 10:02:00,1635,1630,1635,1630,0
2022-04-21 10:03:00,1635,1630,1635,1630,0
2022-04-21 10:04:00,1635,1630,1635,1630,0
2022-04-21 10:05:00,1635,1630,1635,1630,0
2022-04-21 10:06:00,1635,1630,1635,1630,0
2022-04-21 10:07:00,1635,1630,1635,1630,0
2022-04-21 10:08:00,1635,1630,1635,1630,0
2022-04-21 10:09:00,1635,1630,1635,1630,0
2022-04-21 10:10:00,1635,1630,1635,1630,0
2022-04-21 10:11:00,1635,1630,1635,1630,0
2022-04-21 10:12:00,1635,1630,1635,1630,0
2022-04-21 10:13:00,1635,1630,1635,1630,0
2022-04-21 10:14:00,1635,1630,1635,1630,0
2022-04-21 10:15:00,1635,1630,1635,1630,0
2022-04-21 10:16:00,1635,1630,1635,1630,0
2022-04-21 10:17:00,1635,1630,1635,1630,0
2022-04-21 10:18:00,1635,1630,1635,1630,0
2022-04-21 10:19:00,1635,1630,1635,1630,0
2022-04-21 10:20:00,1635,1630,1635,1630,0
2022-04-21 10:21:00,1635,1630,1635,1630,0
2022-04-21 10:22:00,1635,1630,1635,1630,0
2022-04-21 10:23:00,1635,1630,1635,1630,0
2022-04-21 10:24:00,1635,1630,1635,1630,0
2022-04-21 10:25:00,1635,1630,1635,1630,0
2022-04-21 10:26:00,1635,1630,1635,1630,0
2022-04-21 10:27:00,1635,1630,1635,1630,0
2022-04-21 10:28:00,1635,1630,1635,1630,0
2022-04-21 10:29:00,1635,1630,1635,1630,0
2022-04-21 10:30:00,1635,1630,1635,1630,0
2022-04-21 10:31:00,1635,1630,1635,1630,0
2022-04-21 10:32:00,1635,1630,1635,1630,0
2022-04-21 10:33:00,1635,1630,1635,1630,0
2022-04-21 10:34:00,1635,1630,1635,1630,0
2022-04-21 10:35:00,1620,1620,1620,1620,0
2022-04-21 10:36:00,1620,1620,1620,1620,0
2022-04-21 10:37:00,1620,1620,1620,1620,0
2022-04-21 10:38:00,1620,1620,1620,1620,900
2022-04-21 10:39:00,1620,1620,1620,1620,0
2022-04-21 10:40:00,1620,1620,1620,1620,0
2022-04-21 10:41:00,1620,1620,1620,1620,0
2022-04-21 10:42:00,1620,1620,1620,1620,0
2022-04-21 10:43:00,1620,1620,1620,1620,0
2022-04-21 10:44:00,1620,1620,1620,1620,0
2022-04-21 10:45:00,1620,1620,1620,1620,0
2022-04-21 10:46:00,1620,1620,1620,1620,0
2022-04-21 10:47:00,1620,1620,1620,1620,0
2022-04-21 10:48:00,1620,1620,1620,1620,0
2022-04-21 10:49:00,1620,1620,1620,1620,0
2022-04-21 10:50:00,1620,1620,1620,1620,0
2022-04-21 10:51:00,1620,1620,1620,1620,0
2022-04-21 10:52:00,1620,1620,1620,1620,0
2022-04-21 10:53:00,1620,1620,1620,1620,0
2022-04-21 10:54:00,1620,1620,1620,1620,0
2022-04-21 10:55:00,1620,1620,1620,1620,0
2022-04-21 10:56:00,1620,1620,1620,1620,0
2022-04-21 10:57:00,1620,1620,1620,1620,0
2022-04-21 10:58:00,1620,1620,1620,1620,0
2022-04-21 10:59:00,1620,1620,1620,1620,0
2022-04-21 11:00:00,1650,1650,1725,1725,300
2022-04-21 11:01:00,1750,1750,1750,1750,100
2022-04-21 11:02:00,1750,1750,1750,1750,0
2022-04-21 11:03:00,1750,1750,1750,1750,0
2022-04-21 11:04:00,1750,1750,1750,1750,0
2022-04-21 11:05:00,1750,1750,1750,1750,1800
2022-04-21 11:06:00,1750,1750,1750,1750,0
2022-04-21 11:07:00,1750,1750,1750,1750,0
2022-04-21 11:08:00,1750,1750,1750,1750,0
2022-04-21 11:09:00,1750,1750,1750,1750,0
2022-04-21 11:10:00,1750,1750,1750,1750,0
2022-04-21 11:11:00,1745,1745,1750,1750,200
2022-04-21 11:12:00,1745,1745,1750,1750,0
2022-04-21 11:13:00,1745,1745,1750,1750,0
2022-04-21 11:14:00,1745,1745,1750,1750,0
2022-04-21 11:15:00,1745,1745,1750,1750,0
2022-04-21 11:16:00,1745,1745,1750,1750,0
2022-04-21 11:17:00,1745,1745,1750,1750,0
2022-04-21 11:18:00,1745,1745,1750,1750,0
2022-04-21 11:19:00,1745,1745,1750,1750,0
2022-04-21 11:20:00,1745,1745,1750,1750,0
2022-04-21 11:21:00,1745,1745,1750,1750,0
2022-04-21 11:22:00,1745,1745,1750,1750,0
2022-04-21 11:23:00,1745,1745,1750,1750,0
2022-04-21 11:24:00,1745,1745,1750,1750,0
2022-04-21 11:25:00,1745,1745,1750,1750,0
2022-04-21 11:26:00,1745,1745,1750,1750,0
2022-04-21 11:27:00,1745,1745,1750,1750,0
2022-04-21 11:28:00,1745,1745,1750,1750,0
2022-04-21 11:29:00,1745,1745,1750,1750,0
2022-04-21 11:30:00,1745,1745,1750,1750,0
2022-04-21 11:31:00,1745,1745,1750,1750,0
2022-04-21 11:32:00,1745,1745,1750,1750,0
2022-04-21 11:33:00,1745,1745,1750,1750,0
2022-04-21 11:34:00,1745,1745,1750,1750,0
2022-04-21 11:35:00,1745,1745,1750,1750,0
2022-04-21 11:36:00,1745,1745,1750,1750,0
2022-04-21 11:37:00,1745,1745,1750,1750,0
2022-04-21 11:38:00,1745,1745,1750,1750,0
2022-04-21 11:39:00,1745,1745,1750,1750,0
2022-04-21 11:40:00,1745,1745,1750,1750,0
2022-04-21 11:41:00,1745,1745,1750,1750,0
2022-04-21 11:42:00,1745,1745,1750,1750,0
2022-04-21 11:43:00,1745,1745,1750,1750,0
2022-04-21 11:44:00,1745,1745,1750,1750,0
2022-04-21 11:45:00,1745,1745,1750,1750,0
2022-04-21 11:46:00,1745,1745,1750,1750,0
2022-04-21 11:47:00,1745,1745,1750,1750,0
2022-04-21 11:48:00,1745,1745,1750,1750,0
2022-04-21 11:49:00,1745,1745,1750,1750,0
2022-04-21 11:50:00,1745,1745,1750,1750,0
2022-04-21 11:51:00,1745,1745,1750,1750,0
2022-04-21 11:52:00,1745,1745,1750,1750,0
2022-04-21 11:53:00,1745,1745,1750,1750,0
2022-04-21 11:54:00,1745,1745,1750,1750,0
2022-04-21 11:55:00,1745,1745,1750,1750,0
2022-04-21 11:56:00,1745,1745,1750,1750,0
2022-04-21 11:57:00,1745,1745,1750,1750,0
2022-04-21 11:58:00,1745,1745,1750,1750,0
2022-04-21 11:59:00,1745,1745,1750,1750,0
2022-04-21 12:00:00,1745,1745,1750,1750,0
2022-04-21 12:01:00,1745,1745,1750,1750,0
2022-04-21 12:02:00,1745,1745,1750,1750,0
2022-04-21 12:03:00,1745,1745,1750,1750,0
2022-04-21 12:04:00,1745,1745,1750,1750,0
2022-04-21 12:05:00,1745,1745,1750,1750,0
2022-04-21 12:06:00,1745,1745,1750,1750,0
2022-04-21 12:07:00,1745,1745,1750,1750,0
2022-04-21 12:08:00,1745,1745,1750,1750,0
2022-04-21 12:09:00,1745,1745,1750,1750,0
2022-04-21 12:10:00,1745,1745,1750,1750,0
2022-04-21 12:11:00,1745,1745,1750,1750,0
2022-04-21 12:12:00,1745,1745,1750,1750,0
2022-04-21 12:13:00,1745,1745,1750,1750,0
2022-04-21 12:14:00,1745,1745,1750,1750,0
2022-04-21 12:15:00,1745,1745,1750,1750,0
2022-04-21 12:16:00,1745,1745,1750,1750,0
2022-04-21 12:17:00,1745,1745,1750,1750,0
2022-04-21 12:18:00,1745,1745,1750,1750,0
2022-04-21 12:19:00,1745,1745,1750,1750,0
2022-04-21 12:20:00,1745,1745,1750,1750,0
2022-04-21 12:21:00,1745,1745,1750,1750,0
2022-04-21 12:22:00,1745,1745,1750,1750,0
2022-04-21 12:23:00,1745,1745,1750,1750,0
2022-04-21 12:24:00,1745,1745,1750,1750,0
2022-04-21 12:25:00,1745,1745,1750,1750,0
2022-04-21 12:26:00,1745,1745,1750,1750,0
2022-04-21 12:27:00,1745,1745,1750,1750,0
2022-04-21 12:28:00,1745,1745,1750,1750,0
2022-04-21 12:29:00,1745,1745,1750,1750,0
2022-04-21 12:30:00,1745,1745,1750,1750,0
2022-04-21 12:31:00,1745,1745,1750,1750,0
2022-04-21 12:32:00,1745,1745,1750,1750,0
2022-04-21 12:33:00,1745,1745,1750,1750,0
2022-04-21 12:34:00,1745,1745,1750,1750,0
2022-04-21 12:35:00,1745,1745,1750,1750,0
2022-04-21 12:36:00,1745,1745,1750,1750,0
2022-04-21 12:37:00,1745,1745,1750,1750,0
2022-04-21 12:38:00,1745,1745,1750,1750,0
2022-04-21 12:39:00,1745,1745,1750,1750,0
2022-04-21 12:40:00,1745,1745,1750,1750,0
2022-04-21 12:41:00,1745,1745,1750,1750,0
2022-04-21 12:42:00,1745,1745,1750,1750,0
2022-04-21 12:43:00,1745,1745,1750,1750,0
2022-04-21 12:44:00,1745,1745,1750,1750,0
2022-04-21 12:45:00,1745,1745,1750,1750,0
2022-04-21 12:46:00,1745,1745,1750,1750,0
2022-04-21 12:47:00,1745,1745,1750,1750,0
2022-04-21 12:48:00,1745,1745,1750,1750,0
2022-04-21 12:49:00,1745,1745,1750,1750,0
2022-04-21 12:50:00,1745,1745,1750,1750,0
2022-04-21 12:51:00,1745,1745,1750,1750,0
2022-04-21 12:52:00,1745,1745,1750,1750,0
2022-04-21 12:53:00,1745,1745,1750,1750,0
2022-04-21 12:54:00,1745,1745,1750,1750,0
2022-04-21 12:55:00,1745,1745,1750,1750,0
2022-04-21 12:56:00,1745,1745,1750,1750,0
2022-04-21 12:57:00,1745,1745,1750,1750,0
2022-04-21 12:58:00,1745,1745,1750,1750,0
2022-04-21 12:59:00,1745,1745,1750,1750,0
2022-04-21 13:00:00,1745,1745,1750,1750,0
2022-04-21 13:01:00,1745,1745,1750,1750,0
2022-04-21 13:02:00,1745,1745,1750,1750,0
2022-04-21 13:03:00,1745,1745,1750,1750,0
2022-04-21 13:04:00,1745,1745,1750,1750,0
2022-04-21 13:05:00,1745,1745,1750,1750,0
2022-04-21 13:06:00,1745,1745,1750,1750,0
2022-04-21 13:07:00,1745,1745,1750,1750,0
2022-04-21 13:08:00,1745,1745,1750,1750,0
2022-04-21 13:09:00,1745,1745,1750,1750,0
2022-04-21 13:10:00,1745,1745,1750,1750,0
2022-04-21 13:11:00,1745,1745,1750,1750,0
2022-04-21 13:12:00,1745,1745,1750,1750,0
2022-04-21 13:13:00,1745,1745,1750,1750,0
2022-04-21 13:14:00,1745,1745,1750,1750,0
2022-04-21 13:15:00,1745,1745,1750,1750,0
2022-04-21 13:16:00,1745,1745,1750,1750,0
2022-04-21 13:17:00,1745,1745,1750,1750,0
2022-04-21 13:18:00,1745,1745,1750,1750,0
2022-04-21 13:19:00,1745,1745,1750,1750,0
2022-04-21 13:20:00,1745,1745,1750,1750,0
2022-04-21 13:21:00,1745,1745,1750,1750,0
2022-04-21 13:22:00,1745,1745,1750,1750,0
2022-04-21 13:23:00,1745,1745,1750,1750,0
2022-04-21 13:24:00,1745,1745,1750,1750,0
2022-04-21 13:25:00,1745,1745,1750,1750,0
2022-04-21 13:26:00,1745,1745,1750,1750,0
2022-04-21 13:27:00,1745,1745,1750,1750,0
2022-04-21 13:28:00,1745,1745,1750,1750,0
2022-04-21 13:29:00,1745,1745,1750,1750,0
2022-04-21 13:30:00,1745,1745,1745,1745,200
2022-04-21 13:31:00,1745,1745,1745,1745,0
2022-04-21 13:32:00,1745,1745,1745,1745,0
2022-04-21 13:33:00,1745,1745,1745,1745,0
2022-04-21 13:34:00,1745,1745,1745,1745,0
2022-04-21 13:35:00,1745,1745,1745,1745,0
2022-04-21 13:36:00,1745,1745,1745,1745,0
2022-04-21 13:37:00,1745,1745,1745,1745,0
2022-04-21 13:38:00,1745,1745,1745,1745,0
2022-04-21 13:39:00,1745,1745,1745,1745,0
2022-04-21 13:40:00,1745,1745,1745,1745,0
2022-04-21 13:41:00,1745,1745,1745,1745,0
2022-04-21 13:42:00,1745,1745,1745,1745,0
2022-04-21 13:43:00,1745,1745,1745,1745,0
2022-04-21 13:44:00,1745,1745,1745,1745,200
2022-04-21 13:45:00,1745,1745,1745,1745,0
2022-04-21 13:46:00,1745,1745,1745,1745,0
2022-04-21 13:47:00,1745,1745,1745,1745,0
2022-04-21 13:48:00,1745,1745,1745,1745,0
2022-04-21 13:49:00,1745,1745,1745,1745,0
2022-04-21 13:50:00,1745,1745,1745,1745,0
2022-04-21 13:51:00,1745,1745,1745,1745,0
2022-04-21 13:52:00,1745,1745,1745,1745,0
2022-04-21 13:53:00,1745,1745,1745,1745,0
2022-04-21 13:54:00,1745,1745,1745,1745,0
2022-04-21 13:55:00,1745,1745,1745,1745,0
2022-04-21 13:56:00,1745,1745,1745,1745,0
2022-04-21 13:57:00,1745,1745,1745,1745,0
2022-04-21 13:58:00,1745,1745,1745,1745,0
2022-04-21 13:59:00,1745,1745,1745,1745,0
2022-04-21 14:00:00,1745,1745,1745,1745,0
2022-04-21 14:01:00,1745,1745,1745,1745,0
2022-04-21 14:02:00,1745,1745,1745,1745,0
2022-04-21 14:03:00,1745,1745,1745,1745,0
2022-04-21 14:04:00,1745,1745,1745,1745,0
2022-04-21 14:05:00,1745,1745,1745,1745,0
2022-04-21 14:06:00,1745,1745,1745,1745,0
2022-04-21 14:07:00,1745,1745,1745,1745,0
2022-04-21 14:08:00,1745,1745,1745,1745,0
2022-04-21 14:09:00,1745,1745,1745,1745,0
2022-04-21 14:10:00,1745,1745,1745,1745,0
2022-04-21 14:11:00,1745,1745,1745,1745,0
2022-04-21 14:12:00,1745,1745,1745,1745,0
2022-04-21 14:13:00,1745,1745,1745,1745,0
2022-04-21 14:14:00,1745,1745,1745,1745,0
2022-04-21 14:15:00,1745,1745,1745,1745,0
2022-04-21 14:16:00,1745,1745,1745,1745,0
2022-04-21 14:17:00,1745,1745,1745,1745,0
2022-04-21 14:18:00,1745,1745,1745,1745,0
2022-04-21 14:19:00,1745,1745,1745,1745,0
2022-04-21 14:20:00,1745,1745,1745,1745,0
2022-04-21 14:21:00,1745,1745,1745,1745,0
2022-04-21 14:22:00,1745,1745,1745,1745,0
2022-04-21 14:23:00,1745,1745,1745,1745,0
2022-04-21 14:24:00,1745,1745,1745,1745,0
2022-04-21 14:25:00,1745,1745,1745,1745,0
2022-04-21 14:26:00,1745,1745,1745,1745,0
2022-04-21 14:27:00,1745,1745,1745,1745,0
2022-04-21 14:28:00,1745,1745,1745,1745,0
2022-04-21 14:29:00,1745,1745,1745,1745,0
2022-04-21 14:30:00,1745,1745,1745,1745,0
2022-04-21 14:31:00,1745,1745,1745,1745,0
2022-04-21 14:32:00,1745,1745,1745,1745,0
2022-04-21 14:33:00,1745,1745,1745,1745,0
2022-04-21 14:34:00,1745,1745,1745,1745,0
2022-04-21 14:35:00,1745,1745,1745,1745,0
2022-04-21 14:36:00,1745,1745,1745,1745,0
2022-04-21 14:37:00,1745,1745,1745,1745,0
2022-04-21 14:38:00,1745,1745,1745,1745,0
2022-04-21 14:39:00,1745,1745,1745,1745,0
2022-04-21 14:40:00,1745,1745,1745,1745,0
2022-04-21 14:41:00,1745,1745,1745,1745,0
2022-04-21 14:42:00,1745,1745,1745,1745,0
2022-04-21 14:43:00,1745,1745,1745,1745,0
2022-04-21 14:44:00,1745,1745,1745,1745,0
2022-04-21 14:45:00,1745,1745,1745,1745,0
2022-04-21 14:46:00,1745,1745,1745,1745,0
2022-04-21 14:47:00,1745,1745,1745,1745,0
2022-04-21 14:48:00,1745,1745,1745,1745,0
2022-04-21 14:49:00,1745,1745,1745,1745,0
2022-04-21 14:50:00,1745,1745,1745,1745,0
2022-04-21 14:51:00,1745,1745,1745,1745,0
2022-04-21 14:52:00,1745,1745,1745,1745,0
2022-04-21 14:53:00,1745,1745,1745,1745,0
2022-04-21 14:54:00,1745,1745,1745,1745,0
2022-04-21 14:55:00,1745,1745,1745,1745,0
2022-04-21 14:56:00,1745,1745,1745,1745,0
2022-04-21 14:57:00,1745,1745,1745,1745,0
2022-04-21 14:58:00,1745,1745,1745,1745,0
2022-04-21 14:59:00,1745,1745,1745,1745,0
2022-04-21 15:00:00,1745,1745,1745,1745,1000
2022-04-21 15:01:00,1745,1745,1745,1745,0
2022-04-21 15:02:00,1745,1745,1745,1745,0
2022-04-21 15:03:00,1745,1745,1745,1745,0
2022-04-21 15:04:00,1745,1745,1745,1745,0
2022-04-21 15:05:00,1745,1745,1745,1745,0
2022-04-21 15:06:00,1745,1745,1745,1745,0
2022-04-21 15:07:00,1745,1745,1745,1745,0
2022-04-21 15:08:00,1745,1745,1745,1745,0
2022-04-21 15:09:00,1745,1745,1745,1745,0
2022-04-21 15:10:00,1745,1745,1745,1745,0
2022-04-21 15:11:00,1745,1745,1745,1745,0
2022-04-21 15:12:00,1745,1745,1745,1745,0
2022-04-21 15:13:00,1745,1745,1745,1745,0
2022-04-21 15:14:00,1745,1745,1745,1745,0
2022-04-21 15:15:00,1745,1745,1745,1745,0
2022-04-21 15:16:00,1745,1745,1745,1745,0
2022-04-21 15:17:00,1745,1745,1745,1745,0
2022-04-21 15:18:00,1745,1745,1745,1745,0
2022-04-21 15:19:00,1745,1745,1745,1745,0
2022-04-21 15:20:00,1745,1745,1745,1745,0
2022-04-21 15:21:00,1745,1745,1745,1745,0
2022-04-21 15:22:00,1745,1745,1745,1745,0
2022-04-21 15:23:00,1745,1745,1745,1745,0
2022-04-21 15:24:00,1745,1745,1745,1745,0
2022-04-21 15:25:00,1745,1745,1745,1745,0
2022-04-21 15:26:00,1745,1745,1745,1745,0
2022-04-21 15:27:00,1745,1745,1745,1745,0
2022-04-21 15:28:00,1745,1745,1745,1745,0
2022-04-21 15:29:00,1745,1745,1745,1745,0
2022-04-21 15:30:00,1745,1745,1745,1745,0
2022-04-21 15:31:00,1745,1745,1745,1745,0
2022-04-21 15:32:00,1745,1745,1745,1745,0
2022-04-21 15:33:00,1745,1745,1745,1745,0
2022-04-21 15:34:00,1745,1745,1745,1745,0
2022-04-21 15:35:00,1745,1745,1745,1745,0
2022-04-21 15:36:00,1745,1745,1745,1745,0
2022-04-21 15:37:00,1745,1745,1745,1745,0
2022-04-21 15:38:00,1745,1745,1745,1745,0
2022-04-21 15:39:00,1745,1745,1745,1745,0
2022-04-21 15:40:00,1745,1745,1745,1745,0
2022-04-21 15:41:00,1745,1745,1745,1745,0
2022-04-21 15:42:00,1745,1745,1745,1745,0
2022-04-21 15:43:00,1745,1745,1745,1745,0
2022-04-21 15:44:00,1745,1745,1745,1745,0
2022-04-21 15:45:00,1745,1745,1745,1745,0
2022-04-21 15:46:00,1745,1745,1745,1745,0
2022-04-21 15:47:00,1745,1745,1745,1745,0
2022-04-21 15:48:00,1745,1745,1745,1745,0
2022-04-21 15:49:00,1745,1745,1745,1745,0
2022-04-21 15:50:00,1745,1745,1745,1745,0
2022-04-21 15:51:00,1745,1745,1745,1745,0
2022-04-21 15:52:00,1745,1745,1745,1745,0
2022-04-21 15:53:00,1745,1745,1745,1745,0
2022-04-21 15:54:00,1745,1745,1745,1745,0
2022-04-21 15:55:00,1745,1745,1745,1745,0
2022-04-21 15:56:00,1745,1745,1745,1745,0
2022-04-21 15:57:00,1745,1745,1745,1745,0
2022-04-21 15:58:00,1745,1745,1745,1745,0
2022-04-21 15:59:00,1745,1745,1745,1745,0
2022-04-22 09:00:00,1745,1745,1745,1745,0
2022-04-22 09:01:00,1745,1745,1745,1745,0
2022-04-22 09:02:00,1745,1745,1745,1745,0
2022-04-22 09:03:00,1745,1745,1745,1745,0
2022-04-22 09:04:00,1745,1745,1745,1745,0
2022-04-22 09:05:00,1745,1745,1745,1745,0
2022-04-22 09:06:00,1745,1745,1745,1745,0
2022-04-22 09:07:00,1745,1745,1745,1745,0
2022-04-22 09:08:00,1745,1745,1745,1745,0
2022-04-22 09:09:00,1745,1745,1745,1745,0
2022-04-22 09:10:00,1745,1745,1745,1745,0
2022-04-22 09:11:00,1745,1745,1745,1745,0
2022-04-22 09:12:00,1745,1745,1745,1745,0
2022-04-22 09:13:00,1745,1745,1745,1745,0
2022-04-22 09:14:00,1745,1745,1745,1745,0
2022-04-22 09:15:00,1745,1745,1745,1745,0
2022-04-22 09:16:00,1745,1745,1745,1745,0
2022-04-22 09:17:00,1745,1745,1745,1745,0
2022-04-22 09:18:00,1745,1745,1745,1745,0
2022-04-22 09:19:00,1745,1745,1745,1745,0
2022-04-22 09:20:00,1745,1745,1745,1745,0
2022-04-22 09:21:00,1745,1745,1745,1745,0
2022-04-22 09:22:00,1745,1745,1745,1745,0
2022-04-22 09:23:00,1745,1745,1745,1745,0
2022-04-22 09:24:00,1745,1745,1745,1745,0
2022-04-22 09:25:00,1745,1745,1745,1745,0
2022-04-22 09:26:00,1745,1745,1745,1745,0
2022-04-22 09:27:00,1745,1745,1745,1745,0
2022-04-22 09:28:00,1745,1745,1745,1745,0
2022-04-22 09:29:00,1745,1745,1745,1745,0
2022-04-22 09:30:00,1745,1745,1745,1745,0
2022-04-22 09:31:00,1745,1745,1745,1745,0
2022-04-22 09:32:00,1745,1745,1745,1745,0
2022-04-22 09:33:00,1745,1745,1745,1745,0
2022-04-22 09:34:00,1745,1745,1745,1745,0
2022-04-22 09:35:00,1745,1745,1745,1745,0
2022-04-22 09:36:00,1745,1745,1745,1745,0
2022-04-22 09:37:00,1745,1745,1745,1745,0
2022-04-22 09:38:00,1745,1745,1745,1745,0
2022-04-22 09:39:00,1745,1745,1745,1745,0
2022-04-22 09:40:00,1745,1745,1745,1745,0
2022-04-22 09:41:00,1745,1745,1745,1745,0
2022-04-22 09:42:00,1745,1745,1745,1745,0
2022-04-22 09:43:00,1745,1745,1745,1745,0
2022-04-22 09:44:00,1745,1745,1745,1745,0
2022-04-22 09:45:00,1745,1745,1745,1745,0
2022-04-22 09:46:00,1745,1745,1745,1745,0
2022-04-22 09:47:00,1745,1745,1745,1745,0
2022-04-22 09:48:00,1745,1745,1745,1745,0
2022-04-22 09:49:00,1745,1745,1745,1745,0
2022-04-22 09:50:00,1745,1745,1745,1745,0
2022-04-22 09:51:00,1745,1745,1745,1745,0
2022-04-22 09:52:00,1745,1745,1745,1745,0
2022-04-22 09:53:00,1745,1745,1745,1745,0
2022-04-22 09:54:00,1745,1745,1745,1745,0
2022-04-22 09:55:00,1745,1745,1745,1745,0
2022-04-22 09:56:00,1745,1745,1745,1745,0
2022-04-22 09:57:00,1745,1745,1745,1745,0
2022-04-22 09:58:00,1745,1745,1745,1745,0
2022-04-22 09:59:00,1745,1745,1745,1745,0
2022-04-22 10:00:00,1745,1745,1745,1745,0
2022-04-22 10:01:00,1745,1745,1745,1745,0
2022-04-22 10:02:00,1745,1745,1745,1745,0
2022-04-22 10:03:00,1745,1745,1745,1745,0
2022-04-22 10:04:00,1745,1745,1745,1745,0
2022-04-22 10:05:00,1745,1745,1745,1745,0
2022-04-22 10:06:00,1745,1745,1745,1745,0
2022-04-22 10:07:00,1745,1745,1745,1745,0
2022-04-22 10:08:00,1745,1745,1745,1745,0
2022-04-22 10:09:00,1745,1745,1745,1745,0
2022-04-22 10:10:00,1745,1745,1745,1745,0
2022-04-22 10:11:00,1745,1745,1745,1745,0
2022-04-22 10:12:00,1745,1745,1745,1745,0
2022-04-22 10:13:00,1745,1745,1745,1745,0
2022-04-22 10:14:00,1745,1745,1745,1745,0
2022-04-22 10:15:00,1745,1745,1745,1745,0
2022-04-22 10:16:00,1745,1745,1745,1745,0
2022-04-22 10:17:00,1745,1745,1745,1745,0
2022-04-22 10:18:00,1745,1745,1745,1745,0
2022-04-22 10:19:00,1745,1745,1745,1745,0
2022-04-22 10:20:00,1745,1745,1745,1745,0
2022-04-22 10:21:00,1745,1745,1745,1745,0
2022-04-22 10:22:00,1745,1745,1745,1745,0
2022-04-22 10:23:00,1745,1745,1745,1745,0
2022-04-22 10:24:00,1745,1745,1745,1745,0
2022-04-22 10:25:00,1745,1745,1745,1745,0
2022-04-22 10:26:00,1745,1745,1745,1745,0
2022-04-22 10:27:00,1745,1745,1745,1745,0
2022-04-22 10:28:00,1745,1745,1745,1745,0
2022-04-22 10:29:00,1745,1745,1745,1745,0
2022-04-22 10:30:00,1745,1745,1745,1745,0
2022-04-22 10:31:00,1745,1745,1745,1745,0
2022-04-22 10:32:00,1745,1745,1745,1745,0
2022-04-22 10:33:00,1745,1745,1745,1745,0
2022-04-22 10:34:00,1745,1745,1745,1745,0
2022-04-22 10:35:00,1745,1745,1745,1745,0
2022-04-22 10:36:00,1745,1745,1745,1745,0
2022-04-22 10:37:00,1745,1745,1745,1745,0
2022-04-22 10:38:00,1745,1745,1745,1745,0
2022-04-22 10:39:00,1745,1745,1745,1745,0
2022-04-22 10:40:00,1745,1745,1745,1745,0
2022-04-22 10:41:00,1745,1745,1745,1745,0
2022-04-22 10:42:00,1745,1745,1745,1745,0
2022-04-22 10:43:00,1745,1745,1745,1745,0
2022-04-22 10:44:00,1745,1745,1745,1745,0
2022-04-22 10:45:00,1745,1745,1745,1745,0
2022-04-22 10:46:00,1745,1745,1745,1745,0
2022-04-22 10:47:00,1745,1745,1745,1745,0
2022-04-22 10:48:00,1745,1745,1745,1745,0
2022-04-22 10:49:00,1745,1745,1745,1745,0
2022-04-22 10:50:00,1745,1745,1745,1745,0
2022-04-22 10:51:00,1745,1745,1745,1745,0
2022-04-22 10:52:00,1745,1745,1745,1745,0
2022-04-22 10:53:00,1745,1745,1745,1745,0
2022-04-22 10:54:00,1745,1745,1745,1745,0
2022-04-22 10:55:00,1745,1745,1745,1745,0
2022-04-22 10:56:00,1745,1745,1745,1745,0
2022-04-22 10:57:00,1745,1745,1745,1745,0
2022-04-22 10:58:00,1745,1745,1745,1745,0
2022-04-22 10:59:00,1745,1745,1745,1745,0
2022-04-22 11:00:00,1745,1745,1745,1745,0
2022-04-22 11:01:00,1745,1745,1745,1745,0
2022-04-22 11:02:00,1745,1745,1745,1745,0
2022-04-22 11:03:00,1745,1745,1745,1745,0
2022-04-22 11:04:00,1745,1745,1745,1745,0
2022-04-22 11:05:00,1745,1745,1745,1745,0
2022-04-22 11:06:00,1745,1745,1745,1745,0
2022-04-22 11:07:00,1745,1745,1745,1745,0
2022-04-22 11:08:00,1745,1745,1745,1745,0
2022-04-22 11:09:00,1745,1745,1745,1745,0
2022-04-22 11:10:00,1745,1745,1745,1745,0
2022-04-22 11:11:00,1745,1745,1745,1745,0
2022-04-22 11:12:00,1745,1745,1745,1745,0
2022-04-22 11:13:00,1745,1745,1745,1745,0
2022-04-22 11:14:00,1745,1745,1745,1745,0
2022-04-22 11:15:00,1745,1745,1745,1745,0
2022-04-22 11:16:00,1745,1745,1745,1745,0
2022-04-22 11:17:00,1745,1745,1745,1745,0
2022-04-22 11:18:00,1745,1745,1745,1745,0
2022-04-22 11:19:00,1745,1745,1745,1745,0
2022-04-22 11:20:00,1745,1745,1745,1745,0
2022-04-22 11:21:00,1745,1745,1745,1745,0
2022-04-22 11:22:00,1745,1745,1745,1745,0
2022-04-22 11:23:00,1745,1745,1745,1745,0
2022-04-22 11:24:00,1745,1745,1745,1745,0
2022-04-22 11:25:00,1745,1745,1745,1745,0
2022-04-22 11:26:00,1745,1745,1745,1745,0
2022-04-22 11:27:00,1745,1745,1745,1745,0
2022-04-22 11:28:00,1745,1745,1745,1745,0
2022-04-22 11:29:00,1745,1745,1745,1745,0
2022-04-22 11:30:00,1745,1745,1745,1745,0
2022-04-22 11:31:00,1745,1745,1745,1745,0
2022-04-22 11:32:00,1745,1745,1745,1745,0
2022-04-22 11:33:00,1745,1745,1745,1745,0
2022-04-22 11:34:00,1745,1745,1745,1745,0
2022-04-22 11:35:00,1745,1745,1745,1745,0
2022-04-22 11:36:00,1745,1745,1745,1745,0
2022-04-22 11:37:00,1745,1745,1745,1745,0
2022-04-22 11:38:00,1745,1745,1745,1745,0
2022-04-22 11:39:00,1745,1745,1745,1745,0
2022-04-22 11:40:00,1745,1745,1745,1745,0
2022-04-22 11:41:00,1745,1745,1745,1745,0
2022-04-22 11:42:00,1745,1745,1745,1745,0
2022-04-22 11:43:00,1745,1745,1745,1745,0
2022-04-22 11:44:00,1745,1745,1745,1745,0
2022-04-22 11:45:00,1745,1745,1745,1745,0
2022-04-22 11:46:00,1745,1745,1745,1745,0
2022-04-22 11:47:00,1745,1745,1745,1745,0
2022-04-22 11:48:00,1745,1745,1745,1745,0
2022-04-22 11:49:00,1745,1745,1745,1745,0
2022-04-22 11:50:00,1745,1745,1745,1745,0
2022-04-22 11:51:00,1745,1745,1745,1745,0
2022-04-22 11:52:00,1745,1745,1745,1745,0
2022-04-22 11:53:00,1745,1745,1745,1745,0
2022-04-22 11:54:00,1745,1745,1745,1745,0
2022-04-22 11:55:00,1745,1745,1745,1745,0
2022-04-22 11:56:00,1745,1745,1745,1745,0
2022-04-22 11:57:00,1745,1745,1745,1745,0
2022-04-22 11:58:00,1745,1745,1745,1745,0
2022-04-22 11:59:00,1745,1745,1745,1745,0
2022-04-22 12:00:00,1745,1745,1745,1745,0
2022-04-22 12:01:00,1745,1745,1745,1745,0
2022-04-22 12:02:00,1745,1745,1745,1745,0
2022-04-22 12:03:00,1745,1745,1745,1745,0
2022-04-22 12:04:00,1745,1745,1745,1745,0
2022-04-22 12:05:00,1745,1745,1745,1745,0
2022-04-22 12:06:00,1745,1745,1745,1745,0
2022-04-22 12:07:00,1745,1745,1745,1745,0
2022-04-22 12:08:00,1745,1745,1745,1745,0
2022-04-22 12:09:00,1745,1745,1745,1745,0
2022-04-22 12:10:00,1745,1745,1745,1745,0
2022-04-22 12:11:00,1745,1745,1745,1745,0
2022-04-22 12:12:00,1745,1745,1745,1745,0
2022-04-22 12:13:00,1745,1745,1745,1745,0
2022-04-22 12:14:00,1745,1745,1745,1745,0
2022-04-22 12:15:00,1745,1745,1745,1745,0
2022-04-22 12:16:00,1745,1745,1745,1745,0
2022-04-22 12:17:00,1745,1745,1745,1745,0
2022-04-22 12:18:00,1745,1745,1745,1745,0
2022-04-22 12:19:00,1745,1745,1745,1745,0
2022-04-22 12:20:00,1745,1745,1745,1745,0
2022-04-22 12:21:00,1745,1745,1745,1745,0
2022-04-22 12:22:00,1745,1745,1745,1745,0
2022-04-22 12:23:00,1745,1745,1745,1745,0
2022-04-22 12:24:00,1745,1745,1745,1745,0
2022-04-22 12:25:00,1745,1745,1745,1745,0
2022-04-22 12:26:00,1745,1745,1745,1745,0
2022-04-22 12:27:00,1745,1745,1745,1745,0
2022-04-22 12:28:00,1745,1745,1745,1745,0
2022-04-22 12:29:00,1745,1745,1745,1745,0
2022-04-22 12:30:00,1745,1745,1745,1745,0
2022-04-22 12:31:00,1745,1745,1745,1745,0
2022-04-22 12:32:00,1745,1745,1745,1745,0
2022-04-22 12:33:00,1745,1745,1745,1745,0
2022-04-22 12:34:00,1745,1745,1745,1745,0
2022-04-22 12:35:00,1745,1745,1745,1745,0
2022-04-22 12:36:00,1745,1745,1745,1745,0
2022-04-22 12:37:00,1745,1745,1745,1745,0
2022-04-22 12:38:00,1745,1745,1745,1745,0
2022-04-22 12:39:00,1745,1745,1745,1745,0
2022-04-22 12:40:00,1745,1745,1745,1745,0
2022-04-22 12:41:00,1745,1745,1745,1745,0
2022-04-22 12:42:00,1745,1745,1745,1745,0
2022-04-22 12:43:00,1745,1745,1745,1745,0
2022-04-22 12:44:00,1745,1745,1745,1745,0
2022-04-22 12:45:00,1745,1745,1745,1745,0
2022-04-22 12:46:00,1745,1745,1745,1745,0
2022-04-22 12:47:00,1745,1745,1745,1745,0
2022-04-22 12:48:00,1745,1745,1745,1745,0
2022-04-22 12:49:00,1745,1745,1745,1745,0
2022-04-22 12:50:00,1745,1745,1745,1745,0
2022-04-22 12:51:00,1745,1745,1745,1745,0
2022-04-22 12:52:00,1745,1745,1745,1745,0
2022-04-22 12:53:00,1745,1745,1745,1745,0
2022-04-22 12:54:00,1745,1745,1745,1745,0
2022-04-22 12:55:00,1745,1745,1745,1745,0
2022-04-22 12:56:00,1745,1745,1745,1745,0
2022-04-22 12:57:00,1745,1745,1745,1745,0
2022-04-22 12:58:00,1745,1745,1745,1745,0
2022-04-22 12:59:00,1745,1745,1745,1745,0
2022-04-22 13:00:00,1745,1745,1745,1745,0
2022-04-22 13:01:00,1745,1745,1745,1745,0
2022-04-22 13:02:00,1745,1745,1745,1745,0
2022-04-22 13:03:00,1745,1745,1745,1745,0
2022-04-22 13:04:00,1745,1745,1745,1745,0
2022-04-22 13:05:00,1745,1745,1745,1745,0
2022-04-22 13:06:00,1745,1745,1745,1745,0
2022-04-22 13:07:00,1745,1745,1745,1745,0
2022-04-22 13:08:00,1745,1745,1745,1745,0
2022-04-22 13:09:00,1745,1745,1745,1745,0
2022-04-22 13:10:00,1745,1745,1745,1745,0
2022-04-22 13:11:00,1745,1745,1745,1745,0
2022-04-22 13:12:00,1745,1745,1745,1745,0
2022-04-22 13:13:00,1745,1745,1745,1745,0
2022-04-22 13:14:00,1745,1745,1745,1745,0
2022-04-22 13:15:00,1745,1745,1745,1745,0
2022-04-22 13:16:00,1745,1745,1745,1745,0
2022-04-22 13:17:00,1745,1745,1745,1745,0
2022-04-22 13:18:00,1745,1745,1745,1745,0
2022-04-22 13:19:00,1745,1745,1745,1745,0
2022-04-22 13:20:00,1745,1745,1745,1745,0
2022-04-22 13:21:00,1745,1745,1745,1745,0
2022-04-22 13:22:00,1745,1745,1745,1745,0
2022-04-22 13:23:00,1745,1745,1745,1745,0
2022-04-22 13:24:00,1745,1745,1745,1745,0
2022-04-22 13:25:00,1745,1745,1745,1745,0
2022-04-22 13:26:00,1745,1745,1745,1745,0
2022-04-22 13:27:00,1745,1745,1745,1745,0
2022-04-22 13:28:00,1745,1745,1745,1745,0
2022-04-22 13:29:00,1745,1745,1745,1745,0
2022-04-22 13:30:00,1745,1745,1745,1745,0
2022-04-22 13:31:00,1745,1745,1745,1745,0
2022-04-22 13:32:00,1745,1745,1745,1745,0
2022-04-22 13:33:00,1745,1745,1745,1745,0
2022-04-22 13:34:00,1745,1745,1745,1745,0
2022-04-22 13:35:00,1745,1745,1745,1745,0
2022-04-22 13:36:00,1745,1745,1745,1745,0
2022-04-22 13:37:00,1745,1745,1745,1745,0
2022-04-22 13:38:00,1745,1745,1745,1745,0
2022-04-22 13:39:00,1745,1745,1745,1745,0
2022-04-22 13:40:00,1745,1745,1745,1745,0
2022-04-22 13:41:00,1745,1745,1745,1745,0
2022-04-22 13:42:00,1745,1745,1745,1745,0
2022-04-22 13:43:00,1745,1745,1745,1745,0
2022-04-22 13:44:00,1745,1745,1745,1745,0
2022-04-22 13:45:00,1745,1745,1745,1745,0
2022-04-22 13:46:00,1745,1745,1745,1745,0
2022-04-22 13:47:00,1745,1745,1745,1745,0
2022-04-22 13:48:00,1745,1745,1745,1745,0
2022-04-22 13:49:00,1745,1745,1745,1745,0
2022-04-22 13:50:00,1745,1745,1745,1745,0
2022-04-22 13:51:00,1745,1745,1745,1745,0
2022-04-22 13:52:00,1745,1745,1745,1745,0
2022-04-22 13:53:00,1745,1745,1745,1745,0
2022-04-22 13:54:00,1745,1745,1745,1745,0
2022-04-22 13:55:00,1745,1745,1745,1745,0
2022-04-22 13:56:00,1745,1745,1745,1745,0
2022-04-22 13:57:00,1745,1745,1745,1745,0
2022-04-22 13:58:00,1745,1745,1745,1745,0
2022-04-22 13:59:00,1745,1745,1745,1745,0
2022-04-22 14:00:00,1745,1745,1745,1745,0
2022-04-22 14:01:00,1745,1745,1745,1745,0
2022-04-22 14:02:00,1745,1745,1745,1745,0
2022-04-22 14:03:00,1745,1745,1745,1745,0
2022-04-22 14:04:00,1745,1745,1745,1745,0
2022-04-22 14:05:00,1745,1745,1745,1745,0
2022-04-22 14:06:00,1745,1745,1745,1745,0
2022-04-22 14:07:00,1745,1745,1745,1745,0
2022-04-22 14:08:00,1745,1745,1745,1745,0
2022-04-22 14:09:00,1745,1745,1745,1745,0
2022-04-22 14:10:00,1745,1745,1745,1745,0
2022-04-22 14:11:00,1745,1745,1745,1745,0
2022-04-22 14:12:00,1745,1745,1745,1745,0
2022-04-22 14:13:00,1745,1745,1745,1745,0
2022-04-22 14:14:00,1745,1745,1745,1745,0
2022-04-22 14:15:00,1745,1745,1745,1745,0
2022-04-22 14:16:00,1745,1745,1745,1745,0
2022-04-22 14:17:00,1745,1745,1745,1745,0
2022-04-22 14:18:00,1745,1745,1745,1745,0
2022-04-22 14:19:00,1745,1745,1745,1745,0
2022-04-22 14:20:00,1745,1745,1745,1745,0
2022-04-22 14:21:00,1745,1745,1745,1745,0
2022-04-22 14:22:00,1745,1745,1745,1745,0
2022-04-22 14:23:00,1745,1745,1745,1745,0
2022-04-22 14:24:00,1745,1745,1745,1745,0
2022-04-22 14:25:00,1745,1745,1745,1745,0
2022-04-22 14:26:00,1745,1745,1745,1745,0
2022-04-22 14:27:00,1745,1745,1745,1745,0
2022-04-22 14:28:00,1745,1745,1745,1745,0
2022-04-22 14:29:00,1745,1745,1745,1745,0
2022-04-22 14:30:00,1745,1745,1745,1745,0
2022-04-22 14:31:00,1745,1745,1745,1745,0
2022-04-22 14:32:00,1745,1745,1745,1745,0
2022-04-22 14:33:00,1745,1745,1745,1745,0
2022-04-22 14:34:00,1745,1745,1745,1745,0
2022-04-22 14:35:00,1745,1745,1745,1745,0
2022-04-22 14:36:00,1745,1745,1745,1745,0
2022-04-22 14:37:00,1745,1745,1745,1745,0
2022-04-22 14:38:00,1745,1745,1745,1745,0
2022-04-22 14:39:00,1745,1745,1745,1745,0
2022-04-22 14:40:00,1745,1745,1745,1745,0
2022-04-22 14:41:00,1735,1735,1735,1735,0
2022-04-22 14:42:00,1735,1735,1735,1735,0
2022-04-22 14:43:00,1735,1735,1735,1735,0
2022-04-22 14:44:00,1735,1735,1735,1735,0
2022-04-22 14:45:00,1735,1735,1735,1735,0
2022-04-22 14:46:00,1735,1735,1735,1735,0
2022-04-22 14:47:00,1735,1735,1735,1735,0
2022-04-22 14:48:00,1735,1735,1735,1735,0
2022-04-22 14:49:00,1735,1735,1735,1735,0
2022-04-22 14:50:00,1735,1735,1735,1735,0
2022-04-22 14:51:00,1735,1735,1735,1735,0
2022-04-22 14:52:00,1735,1735,1735,1735,0
2022-04-22 14:53:00,1735,1735,1735,1735,0
2022-04-22 14:54:00,1735,1735,1735,1735,0
2022-04-22 14:55:00,1735,1735,1735,1735,0
2022-04-22 14:56:00,1735,1735,1735,1735,0
2022-04-22 14:57:00,1735,1735,1735,1735,0
2022-04-22 14:58:00,1735,1735,1735,1735,0
2022-04-22 14:59:00,1735,1735,1735,1735,0
2022-04-22 15:00:00,1735,1735,1735,1735,0
2022-04-22 15:01:00,1735,1735,1735,1735,0
2022-04-22 15:02:00,1735,1735,1735,1735,0
2022-04-22 15:03:00,1735,1735,1735,1735,0
2022-04-22 15:04:00,1735,1735,1735,1735,0
2022-04-22 15:05:00,1735,1735,1735,1735,0
2022-04-22 15:06:00,1735,1735,1735,1735,0
2022-04-22 15:07:00,1735,1735,1735,1735,0
2022-04-22 15:08:00,1735,1735,1735,1735,0
2022-04-22 15:09:00,1735,1735,1735,1735,0
2022-04-22 15:10:00,1735,1735,1735,1735,0
2022-04-22 15:11:00,1735,1735,1735,1735,0
2022-04-22 15:12:00,1735,1735,1735,1735,0
2022-04-22 15:13:00,1735,1735,1735,1735,0
2022-04-22 15:14:00,1735,1735,1735,1735,0
2022-04-22 15:15:00,1735,1735,1735,1735,0
2022-04-22 15:16:00,1735,1735,1735,1735,0
2022-04-22 15:17:00,1735,1735,1735,1735,0
2022-04-22 15:18:00,1735,1735,1735,1735,0
2022-04-22 15:19:00,1735,1735,1735,1735,0
2022-04-22 15:20:00,1735,1735,1735,1735,0
2022-04-22 15:21:00,1735,1735,1735,1735,0
2022-04-22 15:22:00,1735,1735,1735,1735,0
2022-04-22 15:23:00,1735,1735,1735,1735,0
2022-04-22 15:24:00,1735,1735,1735,1735,0
2022-04-22 15:25:00,1735,1735,1735,1735,0
2022-04-22 15:26:00,1735,1735,1735,1735,0
2022-04-22 15:27:00,1735,1735,1735,1735,0
2022-04-22 15:28:00,1735,1735,1735,1735,0
2022-04-22 15:29:00,1735,1735,1735,1735,0
2022-04-22 15:30:00,1735,1735,1735,1735,0
2022-04-22 15:31:00,1735,1735,1735,1735,0
2022-04-22 15:32:00,1735,1735,1735,1735,0
2022-04-22 15:33:00,1735,1735,1735,1735,0
2022-04-22 15:34:00,1735,1735,1735,1735,0
2022-04-22 15:35:00,1735,1735,1735,1735,0
2022-04-22 15:36:00,1735,1735,1735,1735,0
2022-04-22 15:37:00,1735,1735,1735,1735,0
2022-04-22 15:38:00,1735,1735,1735,1735,0
2022-04-22 15:39:00,1735,1735,1735,1735,0
2022-04-22 15:40:00,1735,1735,1735,1735,0
2022-04-22 15:41:00,1735,1735,1735,1735,0
2022-04-22 15:42:00,1735,1735,1735,1735,0
2022-04-22 15:43:00,1735,1735,1735,1735,0
2022-04-22 15:44:00,1735,1735,1735,1735,0
2022-04-22 15:45:00,1735,1735,1735,1735,0
2022-04-22 15:46:00,1735,1735,1735,1735,0
2022-04-22 15:47:00,1735,1735,1735,1735,0
2022-04-22 15:48:00,1735,1735,1735,1735,0
2022-04-22 15:49:00,1735,1735,1735,1735,0
2022-04-22 15:50:00,1735,1735,1735,1735,0
2022-04-22 15:51:00,1735,1735,1735,1735,0
2022-04-22 15:52:00,1735,1735,1735,1735,0
2022-04-22 15:53:00,1735,1735,1735,1735,0
2022-04-22 15:54:00,1735,1735,1735,1735,0
2022-04-22 15:55:00,1735,1735,1735,1735,0
2022-04-22 15:56:00,1735,1735,1735,1735,0
2022-04-22 15:57:00,1735,1735,1735,1735,0
2022-04-22 15:58:00,1735,1735,1735,1735,0
2022-04-22 15:59:00,1735,1735,1735,1735,0
2022-04-25 09:00:00,1735,1735,1735,1735,0
2022-04-25 09:01:00,1735,1735,1735,1735,0
2022-04-25 09:02:00,1735,1735,1735,1735,0
2022-04-25 09:03:00,1735,1735,1735,1735,0
2022-04-25 09:04:00,1735,1735,1735,1735,0
2022-04-25 09:05:00,1735,1735,1735,1735,0
2022-04-25 09:06:00,1735,1735,1735,1735,0
2022-04-25 09:07:00,1735,1735,1735,1735,0
2022-04-25 09:08:00,1735,1735,1735,1735,0
2022-04-25 09:09:00,1735,1735,1735,1735,0
2022-04-25 09:10:00,1735,1735,1735,1735,0
2022-04-25 09:11:00,1735,1735,1735,1735,0
2022-04-25 09:12:00,1735,1735,1735,1735,0
2022-04-25 09:13:00,1735,1735,1735,1735,0
2022-04-25 09:14:00,1735,1735,1735,1735,0
2022-04-25 09:15:00,1735,1735,1735,1735,0
2022-04-25 09:16:00,1735,1735,1735,1735,0
2022-04-25 09:17:00,1735,1735,1735,1735,0
2022-04-25 09:18:00,1735,1735,1735,1735,0
2022-04-25 09:19:00,1735,1735,1735,1735,0
2022-04-25 09:20:00,1735,1735,1735,1735,0
2022-04-25 09:21:00,1735,1735,1735,1735,0
2022-04-25 09:22:00,1735,1735,1735,1735,0
2022-04-25 09:23:00,1735,1735,1735,1735,0
2022-04-25 09:24:00,1735,1735,1735,1735,0
2022-04-25 09:25:00,1735,1735,1735,1735,0
2022-04-25 09:26:00,1735,1735,1735,1735,0
2022-04-25 09:27:00,1735,1735,1735,1735,0
2022-04-25 09:28:00,1735,1735,1735,1735,0
2022-04-25 09:29:00,1735,1735,1735,1735,0
2022-04-25 09:30:00,1735,1735,1735,1735,0
2022-04-25 09:31:00,1735,1735,1735,1735,0
2022-04-25 09:32:00,1735,1735,1735,1735,0
2022-04-25 09:33:00,1735,1735,1735,1735,0
2022-04-25 09:34:00,1735,1735,1735,1735,0
2022-04-25 09:35:00,1735,1735,1735,1735,0
2022-04-25 09:36:00,1735,1735,1735,1735,0
2022-04-25 09:37:00,1735,1735,1735,1735,0
2022-04-25 09:38:00,1735,1735,1735,1735,0
2022-04-25 09:39:00,1735,1735,1735,1735,0
2022-04-25 09:40:00,1735,1735,1735,1735,0
2022-04-25 09:41:00,1735,1735,1735,1735,0
2022-04-25 09:42:00,1735,1735,1735,1735,0
2022-04-25 09:43:00,1735,1735,1735,1735,0
2022-04-25 09:44:00,1735,1735,1735,1735,0
2022-04-25 09:45:00,1735,1735,1735,1735,0
2022-04-25 09:46:00,1735,1735,1735,1735,0
2022-04-25 09:47:00,1735,1735,1735,1735,0
2022-04-25 09:48:00,1735,1735,1735,1735,0
2022-04-25 09:49:00,1735,1735,1735,1735,0
2022-04-25 09:50:00,1735,1735,1735,1735,0
2022-04-25 09:51:00,1735,1735,1735,1735,0
2022-04-25 09:52:00,1735,1735,1735,1735,0
2022-04-25 09:53:00,1735,1735,1735,1735,0
2022-04-25 09:54:00,1735,1735,1735,1735,0
2022-04-25 09:55:00,1735,1735,1735,1735,0
2022-04-25 09:56:00,1735,1735,1735,1735,0
2022-04-25 09:57:00,1735,1735,1735,1735,0
2022-04-25 09:58:00,1735,1735,1735,1735,0
2022-04-25 09:59:00,1735,1735,1735,1735,0
2022-04-25 10:00:00,1735,1735,1735,1735,0
2022-04-25 10:01:00,1735,1735,1735,1735,0
2022-04-25 10:02:00,1735,1735,1735,1735,0
2022-04-25 10:03:00,1735,1735,1735,1735,0
2022-04-25 10:04:00,1735,1735,1735,1735,0
2022-04-25 10:05:00,1735,1735,1735,1735,0
2022-04-25 10:06:00,1735,1735,1735,1735,0
2022-04-25 10:07:00,1735,1735,1735,1735,0
2022-04-25 10:08:00,1735,1735,1735,1735,0
2022-04-25 10:09:00,1735,1735,1735,1735,0
2022-04-25 10:10:00,1735,1735,1735,1735,0
2022-04-25 10:11:00,1735,1735,1735,1735,0
2022-04-25 10:12:00,1735,1735,1735,1735,0
2022-04-25 10:13:00,1735,1735,1735,1735,0
2022-04-25 10:14:00,1735,1735,1735,1735,0
2022-04-25 10:15:00,1735,1735,1735,1735,0
2022-04-25 10:16:00,1735,1735,1735,1735,0
2022-04-25 10:17:00,1735,1735,1735,1735,0
2022-04-25 10:18:00,1735,1735,1735,1735,0
2022-04-25 10:19:00,1735,1735,1735,1735,0
2022-04-25 10:20:00,1735,1735,1735,1735,0
2022-04-25 10:21:00,1735,1735,1735,1735,0
2022-04-25 10:22:00,1735,1735,1735,1735,0
2022-04-25 10:23:00,1735,1735,1735,1735,0
2022-04-25 10:24:00,1735,1735,1735,1735,0
2022-04-25 10:25:00,1735,1735,1735,1735,0
2022-04-25 10:26:00,1735,1735,1735,1735,0
2022-04-25 10:27:00,1735,1735,1735,1735,0
2022-04-25 10:28:00,1735,1735,1735,1735,0
2022-04-25 10:29:00,1735,1735,1735,1735,0
2022-04-25 10:30:00,1735,1735,1735,1735,0
2022-04-25 10:31:00,1735,1735,1735,1735,0
2022-04-25 10:32:00,1735,1735,1735,1735,0
2022-04-25 10:33:00,1735,1735,1735,1735,0
2022-04-25 10:34:00,1735,1735,1735,1735,0
2022-04-25 10:35:00,1735,1735,1735,1735,0
2022-04-25 10:36:00,1735,1735,1735,1735,0
2022-04-25 10:37:00,1735,1735,1735,1735,0
2022-04-25 10:38:00,1735,1735,1735,1735,0
2022-04-25 10:39:00,1735,1735,1735,1735,0
2022-04-25 10:40:00,1735,1735,1735,1735,0
2022-04-25 10:41:00,1735,1735,1735,1735,0
2022-04-25 10:42:00,1735,1735,1735,1735,0
2022-04-25 10:43:00,1735,1735,1735,1735,0
2022-04-25 10:44:00,1735,1735,1735,1735,0
2022-04-25 10:45:00,1735,1735,1735,1735,0
2022-04-25 10:46:00,1735,1735,1735,1735,0
2022-04-25 10:47:00,1735,1735,1735,1735,0
2022-04-25 10:48:00,1735,1735,1735,1735,0
2022-04-25 10:49:00,1735,1735,1735,1735,0
2022-04-25 10:50:00,1735,1735,1735,1735,0
2022-04-25 10:51:00,1735,1735,1735,1735,0
2022-04-25 10:52:00,1735,1735,1735,1735,0
2022-04-25 10:53:00,1735,1735,1735,1735,0
2022-04-25 10:54:00,1735,1735,1735,1735,0
2022-04-25 10:55:00,1735,1735,1735,1735,0
2022-04-25 10:56:00,1735,1735,1735,1735,0
2022-04-25 10:57:00,1735,1735,1735,1735,0
2022-04-25 10:58:00,1735,1735,1735,1735,0
2022-04-25 10:59:00,1735,1735,1735,1735,0
2022-04-25 11:00:00,1735,1735,1735,1735,0
2022-04-25 11:01:00,1735,1735,1735,1735,0
2022-04-25 11:02:00,1735,1735,1735,1735,0
2022-04-25 11:03:00,1735,1735,1735,1735,0
2022-04-25 11:04:00,1735,1735,1735,1735,0
2022-04-25 11:05:00,1735,1735,1735,1735,0
2022-04-25 11:06:00,1735,1735,1735,1735,0
2022-04-25 11:07:00,1735,1735,1735,1735,0
2022-04-25 11:08:00,1735,1735,1735,1735,0
2022-04-25 11:09:00,1735,1735,1735,1735,0
2022-04-25 11:10:00,1735,1735,1735,1735,0
2022-04-25 11:11:00,1735,1735,1735,1735,0
2022-04-25 11:12:00,1735,1735,1735,1735,0
2022-04-25 11:13:00,1735,1735,1735,1735,0
2022-04-25 11:14:00,1735,1735,1735,1735,0
2022-04-25 11:15:00,1735,1735,1735,1735,0
2022-04-25 11:16:00,1735,1735,1735,1735,0
2022-04-25 11:17:00,1735,1735,1735,1735,0
2022-04-25 11:18:00,1735,1735,1735,1735,0
2022-04-25 11:19:00,1735,1735,1735,1735,0
2022-04-25 11:20:00,1735,1735,1735,1735,0
2022-04-25 11:21:00,1735,1735,1735,1735,0
2022-04-25 11:22:00,1735,1735,1735,1735,0
2022-04-25 11:23:00,1735,1735,1735,1735,0
2022-04-25 11:24:00,1735,1735,1735,1735,0
2022-04-25 11:25:00,1735,1735,1735,1735,0
2022-04-25 11:26:00,1735,1735,1735,1735,0
2022-04-25 11:27:00,1735,1735,1735,1735,0
2022-04-25 11:28:00,1735,1735,1735,1735,0
2022-04-25 11:29:00,1735,1735,1735,1735,0
2022-04-25 11:30:00,1735,1735,1735,1735,0
2022-04-25 11:31:00,1735,1735,1735,1735,0
2022-04-25 11:32:00,1735,1735,1735,1735,0
2022-04-25 11:33:00,1735,1735,1735,1735,0
2022-04-25 11:34:00,1735,1735,1735,1735,0
2022-04-25 11:35:00,1735,1735,1735,1735,0
2022-04-25 11:36:00,1735,1735,1735,1735,0
2022-04-25 11:37:00,1735,1735,1735,1735,0
2022-04-25 11:38:00,1735,1735,1735,1735,0
2022-04-25 11:39:00,1735,1735,1735,1735,0
2022-04-25 11:40:00,1735,1735,1735,1735,0
2022-04-25 11:41:00,1735,1735,1735,1735,0
2022-04-25 11:42:00,1735,1735,1735,1735,0
2022-04-25 11:43:00,1735,1735,1735,1735,0
2022-04-25 11:44:00,1735,1735,1735,1735,0
2022-04-25 11:45:00,1735,1735,1735,1735,0
2022-04-25 11:46:00,1735,1735,1735,1735,0
2022-04-25 11:47:00,1735,1735,1735,1735,0
2022-04-25 11:48:00,1735,1735,1735,1735,0
2022-04-25 11:49:00,1735,1735,1735,1735,0
2022-04-25 11:50:00,1735,1735,1735,1735,0
2022-04-25 11:51:00,1735,1735,1735,1735,0
2022-04-25 11:52:00,1735,1735,1735,1735,0
2022-04-25 11:53:00,1735,1735,1735,1735,0
2022-04-25 11:54:00,1735,1735,1735,1735,0
2022-04-25 11:55:00,1735,1735,1735,1735,0
2022-04-25 11:56:00,1735,1735,1735,1735,0
2022-04-25 11:57:00,1735,1735,1735,1735,0
2022-04-25 11:58:00,1735,1735,1735,1735,0
2022-04-25 11:59:00,1735,1735,1735,1735,0
2022-04-25 12:00:00,1735,1735,1735,1735,0
2022-04-25 12:01:00,1735,1735,1735,1735,0
2022-04-25 12:02:00,1735,1735,1735,1735,0
2022-04-25 12:03:00,1735,1735,1735,1735,0
2022-04-25 12:04:00,1735,1735,1735,1735,0
2022-04-25 12:05:00,1735,1735,1735,1735,0
2022-04-25 12:06:00,1735,1735,1735,1735,0
2022-04-25 12:07:00,1735,1735,1735,1735,0
2022-04-25 12:08:00,1735,1735,1735,1735,0
2022-04-25 12:09:00,1735,1735,1735,1735,0
2022-04-25 12:10:00,1735,1735,1735,1735,0
2022-04-25 12:11:00,1735,1735,1735,1735,0
2022-04-25 12:12:00,1735,1735,1735,1735,0
2022-04-25 12:13:00,1735,1735,1735,1735,0
2022-04-25 12:14:00,1735,1735,1735,1735,0
2022-04-25 12:15:00,1735,1735,1735,1735,0
2022-04-25 12:16:00,1735,1735,1735,1735,0
2022-04-25 12:17:00,1735,1735,1735,1735,0
2022-04-25 12:18:00,1735,1735,1735,1735,0
2022-04-25 12:19:00,1735,1735,1735,1735,0
2022-04-25 12:20:00,1735,1735,1735,1735,0
2022-04-25 12:21:00,1735,1735,1735,1735,0
2022-04-25 12:22:00,1735,1735,1735,1735,0
2022-04-25 12:23:00,1735,1735,1735,1735,0
2022-04-25 12:24:00,1735,1735,1735,1735,0
2022-04-25 12:25:00,1735,1735,1735,1735,0
2022-04-25 12:26:00,1735,1735,1735,1735,0
2022-04-25 12:27:00,1735,1735,1735,1735,0
2022-04-25 12:28:00,1735,1735,1735,1735,0
2022-04-25 12:29:00,1735,1735,1735,1735,0
2022-04-25 12:30:00,1735,1735,1735,1735,0
2022-04-25 12:31:00,1735,1735,1735,1735,0
2022-04-25 12:32:00,1735,1735,1735,1735,0
2022-04-25 12:33:00,1735,1735,1735,1735,0
2022-04-25 12:34:00,1735,1735,1735,1735,0
2022-04-25 12:35:00,1735,1735,1735,1735,0
2022-04-25 12:36:00,1735,1735,1735,1735,0
2022-04-25 12:37:00,1735,1735,1735,1735,0
2022-04-25 12:38:00,1735,1735,1735,1735,0
2022-04-25 12:39:00,1735,1735,1735,1735,0
2022-04-25 12:40:00,1735,1735,1735,1735,0
2022-04-25 12:41:00,1735,1735,1735,1735,0
2022-04-25 12:42:00,1735,1735,1735,1735,0
2022-04-25 12:43:00,1735,1735,1735,1735,0
2022-04-25 12:44:00,1735,1735,1735,1735,0
2022-04-25 12:45:00,1735,1735,1735,1735,0
2022-04-25 12:46:00,1735,1735,1735,1735,0
2022-04-25 12:47:00,1735,1735,1735,1735,0
2022-04-25 12:48:00,1735,1735,1735,1735,0
2022-04-25 12:49:00,1735,1735,1735,1735,0
2022-04-25 12:50:00,1735,1735,1735,1735,0
2022-04-25 12:51:00,1735,1735,1735,1735,0
2022-04-25 12:52:00,1735,1735,1735,1735,0
2022-04-25 12:53:00,1735,1735,1735,1735,0
2022-04-25 12:54:00,1735,1735,1735,1735,0
2022-04-25 12:55:00,1735,1735,1735,1735,0
2022-04-25 12:56:00,1735,1735,1735,1735,0
2022-04-25 12:57:00,1735,1735,1735,1735,0
2022-04-25 12:58:00,1735,1735,1735,1735,0
2022-04-25 12:59:00,1735,1735,1735,1735,0
2022-04-25 13:00:00,1735,1735,1735,1735,0
2022-04-25 13:01:00,1735,1735,1735,1735,0
2022-04-25 13:02:00,1735,1735,1735,1735,0
2022-04-25 13:03:00,1735,1735,1735,1735,0
2022-04-25 13:04:00,1735,1735,1735,1735,0
2022-04-25 13:05:00,1735,1735,1735,1735,0
2022-04-25 13:06:00,1735,1735,1735,1735,0
2022-04-25 13:07:00,1735,1735,1735,1735,0
2022-04-25 13:08:00,1735,1735,1735,1735,0
2022-04-25 13:09:00,1735,1735,1735,1735,0
2022-04-25 13:10:00,1735,1735,1735,1735,0
2022-04-25 13:11:00,1735,1735,1735,1735,0
2022-04-25 13:12:00,1735,1735,1735,1735,0
2022-04-25 13:13:00,1735,1735,1735,1735,0
2022-04-25 13:14:00,1735,1735,1735,1735,0
2022-04-25 13:15:00,1735,1735,1735,1735,0
2022-04-25 13:16:00,1735,1735,1735,1735,0
2022-04-25 13:17:00,1735,1735,1735,1735,0
2022-04-25 13:18:00,1735,1735,1735,1735,0
2022-04-25 13:19:00,1735,1735,1735,1735,0
2022-04-25 13:20:00,1735,1735,1735,1735,0
2022-04-25 13:21:00,1735,1735,1735,1735,0
2022-04-25 13:22:00,1735,1735,1735,1735,0
2022-04-25 13:23:00,1735,1735,1735,1735,0
2022-04-25 13:24:00,1735,1735,1735,1735,0
2022-04-25 13:25:00,1735,1735,1735,1735,0
2022-04-25 13:26:00,1735,1735,1735,1735,0
2022-04-25 13:27:00,1735,1735,1735,1735,0
2022-04-25 13:28:00,1735,1735,1735,1735,0
2022-04-25 13:29:00,1735,1735,1735,1735,0
2022-04-25 13:30:00,1735,1735,1735,1735,0
2022-04-25 13:31:00,1735,1735,1735,1735,0
2022-04-25 13:32:00,1735,1735,1735,1735,0
2022-04-25 13:33:00,1735,1735,1735,1735,0
2022-04-25 13:34:00,1735,1735,1735,1735,0
2022-04-25 13:35:00,1735,1735,1735,1735,0
2022-04-25 13:36:00,1735,1735,1735,1735,0
2022-04-25 13:37:00,1735,1735,1735,1735,0
2022-04-25 13:38:00,1735,1735,1735,1735,0
2022-04-25 13:39:00,1735,1735,1735,1735,0
2022-04-25 13:40:00,1735,1735,1735,1735,0
2022-04-25 13:41:00,1735,1735,1735,1735,0
2022-04-25 13:42:00,1735,1735,1735,1735,0
2022-04-25 13:43:00,1735,1735,1735,1735,0
2022-04-25 13:44:00,1735,1735,1735,1735,0
2022-04-25 13:45:00,1735,1735,1735,1735,0
2022-04-25 13:46:00,1735,1735,1735,1735,0
2022-04-25 13:47:00,1735,1735,1735,1735,0
2022-04-25 13:48:00,1735,1735,1735,1735,0
2022-04-25 13:49:00,1735,1735,1735,1735,0
2022-04-25 13:50:00,1735,1735,1735,1735,0
2022-04-25 13:51:00,1735,1735,1735,1735,0
2022-04-25 13:52:00,1735,1735,1735,1735,0
2022-04-25 13:53:00,1735,1735,1735,1735,0
2022-04-25 13:54:00,1735,1735,1735,1735,0
2022-04-25 13:55:00,1735,1735,1735,1735,0
2022-04-25 13:56:00,1735,1735,1735,1735,0
2022-04-25 13:57:00,1735,1735,1735,1735,0
2022-04-25 13:58:00,1735,1735,1735,1735,0
2022-04-25 13:59:00,1735,1735,1735,1735,0
2022-04-25 14:00:00,1735,1735,1735,1735,0
2022-04-25 14:01:00,1735,1735,1735,1735,0
2022-04-25 14:02:00,1735,1735,1735,1735,0
2022-04-25 14:03:00,1735,1735,1735,1735,0
2022-04-25 14:04:00,1735,1735,1735,1735,0
2022-04-25 14:05:00,1735,1735,1735,1735,0
2022-04-25 14:06:00,1735,1735,1735,1735,0
2022-04-25 14:07:00,1735,1735,1735,1735,0
2022-04-25 14:08:00,1735,1735,1735,1735,0
2022-04-25 14:09:00,1735,1735,1735,1735,0
2022-04-25 14:10:00,1735,1735,1735,1735,0
2022-04-25 14:11:00,1735,1735,1735,1735,0
2022-04-25 14:12:00,1735,1735,1735,1735,0
2022-04-25 14:13:00,1735,1735,1735,1735,0
2022-04-25 14:14:00,1735,1735,1735,1735,0
2022-04-25 14:15:00,1735,1735,1735,1735,0
2022-04-25 14:16:00,1735,1735,1735,1735,0
2022-04-25 14:17:00,1735,1735,1735,1735,0
2022-04-25 14:18:00,1735,1735,1735,1735,0
2022-04-25 14:19:00,1715,1715,1715,1715,100
2022-04-25 14:20:00,1715,1715,1715,1715,0
2022-04-25 14:21:00,1715,1715,1715,1715,0
2022-04-25 14:22:00,1715,1715,1715,1715,0
2022-04-25 14:23:00,1715,1715,1715,1715,0
2022-04-25 14:24:00,1715,1715,1715,1715,0
2022-04-25 14:25:00,1715,1715,1715,1715,0
2022-04-25 14:26:00,1715,1715,1715,1715,0
2022-04-25 14:27:00,1715,1715,1715,1715,0
2022-04-25 14:28:00,1715,1715,1715,1715,0
2022-04-25 14:29:00,1715,1715,1715,1715,0
2022-04-25 14:30:00,1715,1715,1715,1715,0
2022-04-25 14:31:00,1715,1715,1715,1715,0
2022-04-25 14:32:00,1715,1715,1715,1715,0
2022-04-25 14:33:00,1715,1715,1715,1715,0
2022-04-25 14:34:00,1685,1685,1685,1685,100
2022-04-25 14:35:00,1715,1715,1715,1715,100
2022-04-25 14:36:00,1715,1715,1715,1715,0
2022-04-25 14:37:00,1715,1715,1715,1715,0
2022-04-25 14:38:00,1715,1715,1715,1715,1500
2022-04-25 14:39:00,1715,1715,1715,1715,0
2022-04-25 14:40:00,1730,1730,1730,1730,2200
2022-04-25 14:41:00,1730,1730,1730,1730,0
2022-04-25 14:42:00,1730,1730,1730,1730,0
2022-04-25 14:43:00,1735,1735,1735,1735,1000
2022-04-25 14:44:00,1735,1735,1735,1735,0
2022-04-25 14:45:00,1750,1750,1750,1750,2300
2022-04-25 14:46:00,1755,1755,1755,1755,4200
2022-04-25 14:47:00,1760,1760,1760,1760,1100
2022-04-25 14:48:00,1760,1760,1765,1765,3000
2022-04-25 14:49:00,1765,1765,1765,1765,100
2022-04-25 14:50:00,1765,1765,1765,1765,0
2022-04-25 14:51:00,1765,1765,1765,1765,0
2022-04-25 14:52:00,1765,1765,1765,1765,0
2022-04-25 14:53:00,1765,1765,1765,1765,0
2022-04-25 14:54:00,1765,1765,1765,1765,0
2022-04-25 14:55:00,1765,1765,1765,1765,0
2022-04-25 14:56:00,1765,1765,1765,1765,0
2022-04-25 14:57:00,1765,1765,1765,1765,0
2022-04-25 14:58:00,1765,1765,1765,1765,0
2022-04-25 14:59:00,1765,1765,1765,1765,0
2022-04-25 15:00:00,1780,1780,1780,1780,10000
2022-04-25 15:01:00,1780,1780,1780,1780,0
2022-04-25 15:02:00,1780,1780,1780,1780,0
2022-04-25 15:03:00,1780,1780,1780,1780,0
2022-04-25 15:04:00,1780,1780,1780,1780,0
2022-04-25 15:05:00,1780,1780,1780,1780,0
2022-04-25 15:06:00,1780,1780,1780,1780,0
2022-04-25 15:07:00,1780,1780,1780,1780,0
2022-04-25 15:08:00,1780,1780,1780,1780,0
2022-04-25 15:09:00,1780,1780,1780,1780,0
2022-04-25 15:10:00,1780,1780,1780,1780,0
2022-04-25 15:11:00,1780,1780,1780,1780,0
2022-04-25 15:12:00,1780,1780,1780,1780,0
2022-04-25 15:13:00,1780,1780,1780,1780,0
2022-04-25 15:14:00,1780,1780,1780,1780,0
2022-04-25 15:15:00,1780,1780,1780,1780,0
2022-04-25 15:16:00,1780,1780,1780,1780,0
2022-04-25 15:17:00,1780,1780,1780,1780,0
2022-04-25 15:18:00,1780,1780,1780,1780,0
2022-04-25 15:19:00,1780,1780,1780,1780,0
2022-04-25 15:20:00,1780,1780,1780,1780,0
2022-04-25 15:21:00,1780,1780,1780,1780,0
2022-04-25 15:22:00,1780,1780,1780,1780,0
2022-04-25 15:23:00,1780,1780,1780,1780,0
2022-04-25 15:24:00,1780,1780,1780,1780,0
2022-04-25 15:25:00,1780,1780,1780,1780,0
2022-04-25 15:26:00,1780,1780,1780,1780,0
2022-04-25 15:27:00,1780,1780,1780,1780,0
2022-04-25 15:28:00,1780,1780,1780,1780,0
2022-04-25 15:29:00,1780,1780,1780,1780,0
2022-04-25 15:30:00,1780,1780,1780,1780,0
2022-04-25 15:31:00,1780,1780,1780,1780,0
2022-04-25 15:32:00,1780,1780,1780,1780,0
2022-04-25 15:33:00,1780,1780,1780,1780,0
2022-04-25 15:34:00,1780,1780,1780,1780,0
2022-04-25 15:35:00,1780,1780,1780,1780,0
2022-04-25 15:36:00,1780,1780,1780,1780,0
2022-04-25 15:37:00,1780,1780,1780,1780,0
2022-04-25 15:38:00,1780,1780,1780,1780,0
2022-04-25 15:39:00,1780,1780,1780,1780,0
2022-04-25 15:40:00,1780,1780,1780,1780,0
2022-04-25 15:41:00,1780,1780,1780,1780,0
2022-04-25 15:42:00,1780,1780,1780,1780,0
2022-04-25 15:43:00,1780,1780,1780,1780,0
2022-04-25 15:44:00,1780,1780,1780,1780,0
2022-04-25 15:45:00,1780,1780,1780,1780,0
2022-04-25 15:46:00,1780,1780,1780,1780,0
2022-04-25 15:47:00,1780,1780,1780,1780,0
2022-04-25 15:48:00,1780,1780,1780,1780,0
2022-04-25 15:49:00,1780,1780,1780,1780,0
2022-04-25 15:50:00,1780,1780,1780,1780,0
2022-04-25 15:51:00,1780,1780,1780,1780,0
2022-04-25 15:52:00,1780,1780,1780,1780,0
2022-04-25 15:53:00,1780,1780,1780,1780,0
2022-04-25 15:54:00,1780,1780,1780,1780,0
2022-04-25 15:55:00,1780,1780,1780,1780,0
2022-04-25 15:56:00,1780,1780,1780,1780,0
2022-04-25 15:57:00,1780,1780,1780,1780,0
2022-04-25 15:58:00,1780,1780,1780,1780,0
2022-04-25 15:59:00,1780,1780,1780,1780,0
2022-04-26 09:00:00,1780,1780,1780,1780,0
2022-04-26 09:01:00,1780,1780,1780,1780,0
2022-04-26 09:02:00,1780,1780,1780,1780,0
2022-04-26 09:03:00,1780,1780,1780,1780,0
2022-04-26 09:04:00,1780,1780,1780,1780,0
2022-04-26 09:05:00,1780,1780,1780,1780,0
2022-04-26 09:06:00,1780,1780,1780,1780,0
2022-04-26 09:07:00,1780,1780,1780,1780,0
2022-04-26 09:08:00,1780,1780,1780,1780,0
2022-04-26 09:09:00,1780,1780,1780,1780,0
2022-04-26 09:10:00,1780,1780,1780,1780,0
2022-04-26 09:11:00,1780,1780,1780,1780,0
2022-04-26 09:12:00,1780,1780,1780,1780,0
2022-04-26 09:13:00,1780,1780,1780,1780,0
2022-04-26 09:14:00,1780,1780,1780,1780,0
2022-04-26 09:15:00,1780,1780,1780,1780,0
2022-04-26 09:16:00,1780,1780,1780,1780,0
2022-04-26 09:17:00,1780,1780,1780,1780,0
2022-04-26 09:18:00,1780,1780,1780,1780,0
2022-04-26 09:19:00,1780,1780,1780,1780,0
2022-04-26 09:20:00,1780,1780,1780,1780,0
2022-04-26 09:21:00,1780,1780,1780,1780,0
2022-04-26 09:22:00,1780,1780,1780,1780,0
2022-04-26 09:23:00,1780,1780,1780,1780,0
2022-04-26 09:24:00,1780,1780,1780,1780,0
2022-04-26 09:25:00,1780,1780,1780,1780,0
2022-04-26 09:26:00,1780,1780,1780,1780,0
2022-04-26 09:27:00,1780,1780,1780,1780,0
2022-04-26 09:28:00,1780,1780,1780,1780,0
2022-04-26 09:29:00,1780,1780,1780,1780,0
2022-04-26 09:30:00,1780,1780,1780,1780,0
2022-04-26 09:31:00,1780,1780,1780,1780,0
2022-04-26 09:32:00,1780,1780,1780,1780,0
2022-04-26 09:33:00,1780,1780,1780,1780,0
2022-04-26 09:34:00,1780,1780,1780,1780,0
2022-04-26 09:35:00,1780,1780,1780,1780,0
2022-04-26 09:36:00,1780,1780,1780,1780,0
2022-04-26 09:37:00,1780,1780,1780,1780,0
2022-04-26 09:38:00,1780,1780,1780,1780,0
2022-04-26 09:39:00,1780,1780,1780,1780,0
2022-04-26 09:40:00,1780,1780,1780,1780,0
2022-04-26 09:41:00,1780,1780,1780,1780,0
2022-04-26 09:42:00,1780,1780,1780,1780,0
2022-04-26 09:43:00,1780,1780,1780,1780,0
2022-04-26 09:44:00,1780,1780,1780,1780,0
2022-04-26 09:45:00,1780,1780,1780,1780,0
2022-04-26 09:46:00,1780,1780,1780,1780,0
2022-04-26 09:47:00,1780,1780,1780,1780,0
2022-04-26 09:48:00,1780,1780,1780,1780,0
2022-04-26 09:49:00,1780,1780,1780,1780,0
2022-04-26 09:50:00,1780,1780,1780,1780,0
2022-04-26 09:51:00,1780,1780,1780,1780,0
2022-04-26 09:52:00,1780,1780,1780,1780,0
2022-04-26 09:53:00,1780,1780,1780,1780,0
2022-04-26 09:54:00,1780,1780,1780,1780,0
2022-04-26 09:55:00,1780,1780,1780,1780,0
2022-04-26 09:56:00,1780,1780,1780,1780,0
2022-04-26 09:57:00,1780,1780,1780,1780,0
2022-04-26 09:58:00,1780,1780,1780,1780,0
2022-04-26 09:59:00,1780,1780,1780,1780,0
2022-04-26 10:00:00,1780,1780,1780,1780,0
2022-04-26 10:01:00,1780,1780,1780,1780,0
2022-04-26 10:02:00,1780,1780,1780,1780,0
2022-04-26 10:03:00,1780,1780,1780,1780,0
2022-04-26 10:04:00,1780,1780,1780,1780,0
2022-04-26 10:05:00,1780,1780,1780,1780,0
2022-04-26 10:06:00,1780,1780,1780,1780,0
2022-04-26 10:07:00,1780,1780,1780,1780,0
2022-04-26 10:08:00,1780,1780,1780,1780,0
2022-04-26 10:09:00,1780,1780,1780,1780,0
2022-04-26 10:10:00,1780,1780,1780,1780,0
2022-04-26 10:11:00,1780,1780,1780,1780,0
2022-04-26 10:12:00,1780,1780,1780,1780,0
2022-04-26 10:13:00,1780,1780,1780,1780,0
2022-04-26 10:14:00,1780,1780,1780,1780,0
2022-04-26 10:15:00,1780,1780,1780,1780,0
2022-04-26 10:16:00,1780,1780,1780,1780,0
2022-04-26 10:17:00,1780,1780,1780,1780,0
2022-04-26 10:18:00,1780,1780,1780,1780,0
2022-04-26 10:19:00,1780,1780,1780,1780,0
2022-04-26 10:20:00,1780,1780,1780,1780,0
2022-04-26 10:21:00,1780,1780,1780,1780,0
2022-04-26 10:22:00,1780,1780,1780,1780,0
2022-04-26 10:23:00,1780,1780,1780,1780,0
2022-04-26 10:24:00,1780,1780,1780,1780,0
2022-04-26 10:25:00,1780,1780,1780,1780,0
2022-04-26 10:26:00,1780,1780,1780,1780,0
2022-04-26 10:27:00,1780,1780,1780,1780,0
2022-04-26 10:28:00,1780,1780,1780,1780,0
2022-04-26 10:29:00,1780,1780,1780,1780,0
2022-04-26 10:30:00,1780,1780,1780,1780,0
2022-04-26 10:31:00,1780,1780,1780,1780,0
2022-04-26 10:32:00,1780,1780,1780,1780,0
2022-04-26 10:33:00,1780,1780,1780,1780,0
2022-04-26 10:34:00,1780,1780,1780,1780,0
2022-04-26 10:35:00,1780,1780,1780,1780,0
2022-04-26 10:36:00,1780,1780,1780,1780,0
2022-04-26 10:37:00,1780,1780,1780,1780,0
2022-04-26 10:38:00,1780,1780,1780,1780,0
2022-04-26 10:39:00,1780,1780,1780,1780,0
2022-04-26 10:40:00,1780,1780,1780,1780,0
2022-04-26 10:41:00,1780,1780,1780,1780,0
2022-04-26 10:42:00,1780,1780,1780,1780,0
2022-04-26 10:43:00,1780,1780,1780,1780,0
2022-04-26 10:44:00,1780,1780,1780,1780,0
2022-04-26 10:45:00,1780,1780,1780,1780,0
2022-04-26 10:46:00,1780,1780,1780,1780,0
2022-04-26 10:47:00,1780,1780,1780,1780,0
2022-04-26 10:48:00,1780,1780,1780,1780,0
2022-04-26 10:49:00,1780,1780,1780,1780,0
2022-04-26 10:50:00,1780,1780,1780,1780,0
2022-04-26 10:51:00,1780,1780,1780,1780,0
2022-04-26 10:52:00,1780,1780,1780,1780,0
2022-04-26 10:53:00,1780,1780,1780,1780,0
2022-04-26 10:54:00,1780,1780,1780,1780,0
2022-04-26 10:55:00,1780,1780,1780,1780,0
2022-04-26 10:56:00,1780,1780,1780,1780,0
2022-04-26 10:57:00,1780,1780,1780,1780,0
2022-04-26 10:58:00,1780,1780,1780,1780,0
2022-04-26 10:59:00,1780,1780,1780,1780,0
2022-04-26 11:00:00,1780,1780,1780,1780,0
2022-04-26 11:01:00,1780,1780,1780,1780,0
2022-04-26 11:02:00,1780,1780,1780,1780,0
2022-04-26 11:03:00,1780,1780,1780,1780,0
2022-04-26 11:04:00,1780,1780,1780,1780,0
2022-04-26 11:05:00,1780,1780,1780,1780,0
2022-04-26 11:06:00,1780,1780,1780,1780,0
2022-04-26 11:07:00,1780,1780,1780,1780,0
2022-04-26 11:08:00,1780,1780,1780,1780,0
2022-04-26 11:09:00,1780,1780,1780,1780,0
2022-04-26 11:10:00,1780,1780,1780,1780,0
2022-04-26 11:11:00,1780,1780,1780,1780,0
2022-04-26 11:12:00,1780,1780,1780,1780,0
2022-04-26 11:13:00,1780,1780,1780,1780,0
2022-04-26 11:14:00,1780,1780,1780,1780,0
2022-04-26 11:15:00,1780,1780,1780,1780,0
2022-04-26 11:16:00,1780,1780,1780,1780,0
2022-04-26 11:17:00,1780,1780,1780,1780,0
2022-04-26 11:18:00,1780,1780,1780,1780,0
2022-04-26 11:19:00,1780,1780,1780,1780,0
2022-04-26 11:20:00,1780,1780,1780,1780,0
2022-04-26 11:21:00,1780,1780,1780,1780,0
2022-04-26 11:22:00,1780,1780,1780,1780,0
2022-04-26 11:23:00,1780,1780,1780,1780,0
2022-04-26 11:24:00,1780,1780,1780,1780,0
2022-04-26 11:25:00,1780,1780,1780,1780,0
2022-04-26 11:26:00,1780,1780,1780,1780,0
2022-04-26 11:27:00,1780,1780,1780,1780,0
2022-04-26 11:28:00,1780,1780,1780,1780,0
2022-04-26 11:29:00,1780,1780,1780,1780,0
2022-04-26 11:30:00,1780,1780,1780,1780,0
2022-04-26 11:31:00,1780,1780,1780,1780,0
2022-04-26 11:32:00,1780,1780,1780,1780,0
2022-04-26 11:33:00,1780,1780,1780,1780,0
2022-04-26 11:34:00,1780,1780,1780,1780,0
2022-04-26 11:35:00,1780,1780,1780,1780,0
2022-04-26 11:36:00,1780,1780,1780,1780,0
2022-04-26 11:37:00,1780,1780,1780,1780,0
2022-04-26 11:38:00,1780,1780,1780,1780,0
2022-04-26 11:39:00,1780,1780,1780,1780,0
2022-04-26 11:40:00,1780,1780,1780,1780,0
2022-04-26 11:41:00,1780,1780,1780,1780,0
2022-04-26 11:42:00,1780,1780,1780,1780,0
2022-04-26 11:43:00,1780,1780,1780,1780,0
2022-04-26 11:44:00,1780,1780,1780,1780,0
2022-04-26 11:45:00,1780,1780,1780,1780,0
2022-04-26 11:46:00,1780,1780,1780,1780,0
2022-04-26 11:47:00,1780,1780,1780,1780,0
2022-04-26 11:48:00,1780,1780,1780,1780,0
2022-04-26 11:49:00,1780,1780,1780,1780,0
2022-04-26 11:50:00,1780,1780,1780,1780,0
2022-04-26 11:51:00,1780,1780,1780,1780,0
2022-04-26 11:52:00,1780,1780,1780,1780,0
2022-04-26 11:53:00,1780,1780,1780,1780,0
2022-04-26 11:54:00,1780,1780,1780,1780,0
2022-04-26 11:55:00,1780,1780,1780,1780,0
2022-04-26 11:56:00,1780,1780,1780,1780,0
2022-04-26 11:57:00,1780,1780,1780,1780,0
2022-04-26 11:58:00,1780,1780,1780,1780,0
2022-04-26 11:59:00,1780,1780,1780,1780,0
2022-04-26 12:00:00,1780,1780,1780,1780,0
2022-04-26 12:01:00,1780,1780,1780,1780,0
2022-04-26 12:02:00,1780,1780,1780,1780,0
2022-04-26 12:03:00,1780,1780,1780,1780,0
2022-04-26 12:04:00,1780,1780,1780,1780,0
2022-04-26 12:05:00,1780,1780,1780,1780,0
2022-04-26 12:06:00,1780,1780,1780,1780,0
2022-04-26 12:07:00,1780,1780,1780,1780,0
2022-04-26 12:08:00,1780,1780,1780,1780,0
2022-04-26 12:09:00,1780,1780,1780,1780,0
2022-04-26 12:10:00,1780,1780,1780,1780,0
2022-04-26 12:11:00,1780,1780,1780,1780,0
2022-04-26 12:12:00,1780,1780,1780,1780,0
2022-04-26 12:13:00,1780,1780,1780,1780,0
2022-04-26 12:14:00,1780,1780,1780,1780,0
2022-04-26 12:15:00,1780,1780,1780,1780,0
2022-04-26 12:16:00,1780,1780,1780,1780,0
2022-04-26 12:17:00,1780,1780,1780,1780,0
2022-04-26 12:18:00,1780,1780,1780,1780,0
2022-04-26 12:19:00,1780,1780,1780,1780,0
2022-04-26 12:20:00,1780,1780,1780,1780,0
2022-04-26 12:21:00,1780,1780,1780,1780,0
2022-04-26 12:22:00,1780,1780,1780,1780,0
2022-04-26 12:23:00,1780,1780,1780,1780,0
2022-04-26 12:24:00,1780,1780,1780,1780,0
2022-04-26 12:25:00,1780,1780,1780,1780,0
2022-04-26 12:26:00,1780,1780,1780,1780,0
2022-04-26 12:27:00,1780,1780,1780,1780,0
2022-04-26 12:28:00,1780,1780,1780,1780,0
2022-04-26 12:29:00,1780,1780,1780,1780,0
2022-04-26 12:30:00,1780,1780,1780,1780,0
2022-04-26 12:31:00,1780,1780,1780,1780,0
2022-04-26 12:32:00,1780,1780,1780,1780,0
2022-04-26 12:33:00,1780,1780,1780,1780,0
2022-04-26 12:34:00,1780,1780,1780,1780,0
2022-04-26 12:35:00,1780,1780,1780,1780,0
2022-04-26 12:36:00,1780,1780,1780,1780,0
2022-04-26 12:37:00,1780,1780,1780,1780,0
2022-04-26 12:38:00,1780,1780,1780,1780,0
2022-04-26 12:39:00,1780,1780,1780,1780,0
2022-04-26 12:40:00,1780,1780,1780,1780,0
2022-04-26 12:41:00,1780,1780,1780,1780,0
2022-04-26 12:42:00,1780,1780,1780,1780,0
2022-04-26 12:43:00,1780,1780,1780,1780,0
2022-04-26 12:44:00,1780,1780,1780,1780,0
2022-04-26 12:45:00,1780,1780,1780,1780,0
2022-04-26 12:46:00,1780,1780,1780,1780,0
2022-04-26 12:47:00,1780,1780,1780,1780,0
2022-04-26 12:48:00,1780,1780,1780,1780,0
2022-04-26 12:49:00,1780,1780,1780,1780,0
2022-04-26 12:50:00,1780,1780,1780,1780,0
2022-04-26 12:51:00,1780,1780,1780,1780,0
2022-04-26 12:52:00,1780,1780,1780,1780,0
2022-04-26 12:53:00,1780,1780,1780,1780,0
2022-04-26 12:54:00,1780,1780,1780,1780,0
2022-04-26 12:55:00,1780,1780,1780,1780,0
2022-04-26 12:56:00,1780,1780,1780,1780,0
2022-04-26 12:57:00,1780,1780,1780,1780,0
2022-04-26 12:58:00,1780,1780,1780,1780,0
2022-04-26 12:59:00,1780,1780,1780,1780,0
2022-04-26 13:00:00,1780,1780,1780,1780,0
2022-04-26 13:01:00,1780,1780,1780,1780,0
2022-04-26 13:02:00,1780,1780,1780,1780,0
2022-04-26 13:03:00,1780,1780,1780,1780,0
2022-04-26 13:04:00,1780,1780,1780,1780,0
2022-04-26 13:05:00,1780,1780,1780,1780,0
2022-04-26 13:06:00,1780,1780,1780,1780,0
2022-04-26 13:07:00,1780,1780,1780,1780,0
2022-04-26 13:08:00,1780,1780,1780,1780,0
2022-04-26 13:09:00,1780,1780,1780,1780,0
2022-04-26 13:10:00,1780,1780,1780,1780,0
2022-04-26 13:11:00,1780,1780,1780,1780,0
2022-04-26 13:12:00,1780,1780,1780,1780,0
2022-04-26 13:13:00,1780,1780,1780,1780,0
2022-04-26 13:14:00,1780,1780,1780,1780,0
2022-04-26 13:15:00,1780,1780,1780,1780,0
2022-04-26 13:16:00,1780,1780,1780,1780,0
2022-04-26 13:17:00,1780,1780,1780,1780,0
2022-04-26 13:18:00,1780,1780,1780,1780,0
2022-04-26 13:19:00,1780,1780,1780,1780,0
2022-04-26 13:20:00,1780,1780,1780,1780,0
2022-04-26 13:21:00,1780,1780,1780,1780,0
2022-04-26 13:22:00,1780,1780,1780,1780,0
2022-04-26 13:23:00,1780,1780,1780,1780,0
2022-04-26 13:24:00,1780,1780,1780,1780,0
2022-04-26 13:25:00,1780,1780,1780,1780,0
2022-04-26 13:26:00,1780,1780,1780,1780,0
2022-04-26 13:27:00,1780,1780,1780,1780,0
2022-04-26 13:28:00,1780,1780,1780,1780,0
2022-04-26 13:29:00,1780,1780,1780,1780,0
2022-04-26 13:30:00,1780,1780,1780,1780,0
2022-04-26 13:31:00,1780,1780,1780,1780,0
2022-04-26 13:32:00,1780,1780,1780,1780,0
2022-04-26 13:33:00,1780,1780,1780,1780,0
2022-04-26 13:34:00,1780,1780,1780,1780,0
2022-04-26 13:35:00,1780,1780,1780,1780,0
2022-04-26 13:36:00,1780,1780,1780,1780,0
2022-04-26 13:37:00,1780,1780,1780,1780,0
2022-04-26 13:38:00,1780,1780,1780,1780,0
2022-04-26 13:39:00,1780,1780,1780,1780,0
2022-04-26 13:40:00,1780,1780,1780,1780,0
2022-04-26 13:41:00,1780,1780,1780,1780,0
2022-04-26 13:42:00,1780,1780,1780,1780,0
2022-04-26 13:43:00,1780,1780,1780,1780,0
2022-04-26 13:44:00,1780,1780,1780,1780,0
2022-04-26 13:45:00,1780,1780,1780,1780,0
2022-04-26 13:46:00,1780,1780,1780,1780,0
2022-04-26 13:47:00,1780,1780,1780,1780,0
2022-04-26 13:48:00,1780,1780,1780,1780,0
2022-04-26 13:49:00,1780,1780,1780,1780,0
2022-04-26 13:50:00,1780,1780,1780,1780,0
2022-04-26 13:51:00,1780,1780,1780,1780,0
2022-04-26 13:52:00,1780,1780,1780,1780,0
2022-04-26 13:53:00,1780,1780,1780,1780,0
2022-04-26 13:54:00,1780,1780,1780,1780,0
2022-04-26 13:55:00,1780,1780,1780,1780,0
2022-04-26 13:56:00,1780,1780,1780,1780,0
2022-04-26 13:57:00,1780,1780,1780,1780,0
2022-04-26 13:58:00,1780,1780,1780,1780,0
2022-04-26 13:59:00,1780,1780,1780,1780,0
2022-04-26 14:00:00,1780,1780,1780,1780,0
2022-04-26 14:01:00,1780,1780,1780,1780,0
2022-04-26 14:02:00,1780,1780,1780,1780,0
2022-04-26 14:03:00,1780,1780,1780,1780,0
2022-04-26 14:04:00,1780,1780,1780,1780,0
2022-04-26 14:05:00,1780,1780,1780,1780,0
2022-04-26 14:06:00,1780,1780,1780,1780,0
2022-04-26 14:07:00,1780,1780,1780,1780,0
2022-04-26 14:08:00,1780,1780,1780,1780,0
2022-04-26 14:09:00,1780,1780,1780,1780,0
2022-04-26 14:10:00,1780,1780,1780,1780,0
2022-04-26 14:11:00,1780,1780,1780,1780,0
2022-04-26 14:12:00,1780,1780,1780,1780,0
2022-04-26 14:13:00,1780,1780,1780,1780,0
2022-04-26 14:14:00,1780,1780,1780,1780,0
2022-04-26 14:15:00,1780,1780,1780,1780,0
2022-04-26 14:16:00,1780,1780,1780,1780,0
2022-04-26 14:17:00,1780,1780,1780,1780,0
2022-04-26 14:18:00,1780,1780,1780,1780,0
2022-04-26 14:19:00,1780,1780,1780,1780,0
2022-04-26 14:20:00,1780,1780,1780,1780,0
2022-04-26 14:21:00,1780,1780,1780,1780,0
2022-04-26 14:22:00,1780,1780,1780,1780,0
2022-04-26 14:23:00,1780,1780,1780,1780,0
2022-04-26 14:24:00,1780,1780,1780,1780,0
2022-04-26 14:25:00,1780,1780,1780,1780,0
2022-04-26 14:26:00,1780,1780,1780,1780,0
2022-04-26 14:27:00,1780,1780,1780,1780,0
2022-04-26 14:28:00,1780,1780,1780,1780,0
2022-04-26 14:29:00,1780,1780,1780,1780,0
2022-04-26 14:30:00,1780,1780,1780,1780,0
2022-04-26 14:31:00,1780,1780,1780,1780,0
2022-04-26 14:32:00,1780,1780,1780,1780,0
2022-04-26 14:33:00,1780,1780,1780,1780,0
2022-04-26 14:34:00,1780,1780,1780,1780,0
2022-04-26 14:35:00,1780,1780,1780,1780,0
2022-04-26 14:36:00,1780,1780,1780,1780,0
2022-04-26 14:37:00,1780,1780,1780,1780,0
2022-04-26 14:38:00,1780,1780,1780,1780,0
2022-04-26 14:39:00,1780,1780,1780,1780,0
2022-04-26 14:40:00,1780,1780,1780,1780,0
2022-04-26 14:41:00,1780,1780,1780,1780,0
2022-04-26 14:42:00,1780,1780,1785,1785,6500
2022-04-26 14:43:00,1790,1790,1795,1795,4000
2022-04-26 14:44:00,1800,1800,1800,1800,6600
2022-04-26 14:45:00,1805,1805,1805,1805,3100
2022-04-26 14:46:00,1810,1810,1815,1815,6000
2022-04-26 14:47:00,1810,1810,1815,1815,0
2022-04-26 14:48:00,1820,1820,1820,1820,1100
2022-04-26 14:49:00,1820,1820,1820,1820,0
2022-04-26 14:50:00,1820,1820,1820,1820,0
2022-04-26 14:51:00,1820,1820,1820,1820,0
2022-04-26 14:52:00,1820,1820,1820,1820,0
2022-04-26 14:53:00,1820,1820,1820,1820,0
2022-04-26 14:54:00,1820,1820,1820,1820,0
2022-04-26 14:55:00,1820,1820,1820,1820,0
2022-04-26 14:56:00,1820,1820,1820,1820,0
2022-04-26 14:57:00,1820,1820,1820,1820,0
2022-04-26 14:58:00,1820,1820,1820,1820,0
2022-04-26 14:59:00,1820,1820,1820,1820,0
2022-04-26 15:00:00,1820,1820,1820,1820,0
2022-04-26 15:01:00,1820,1820,1820,1820,0
2022-04-26 15:02:00,1820,1820,1820,1820,0
2022-04-26 15:03:00,1820,1820,1820,1820,0
2022-04-26 15:04:00,1820,1820,1820,1820,0
2022-04-26 15:05:00,1820,1820,1820,1820,0
2022-04-26 15:06:00,1820,1820,1820,1820,0
2022-04-26 15:07:00,1820,1820,1820,1820,0
2022-04-26 15:08:00,1820,1820,1820,1820,0
2022-04-26 15:09:00,1820,1820,1820,1820,0
2022-04-26 15:10:00,1820,1820,1820,1820,0
2022-04-26 15:11:00,1820,1820,1820,1820,0
2022-04-26 15:12:00,1820,1820,1820,1820,0
2022-04-26 15:13:00,1820,1820,1820,1820,0
2022-04-26 15:14:00,1820,1820,1820,1820,0
2022-04-26 15:15:00,1820,1820,1820,1820,0
2022-04-26 15:16:00,1820,1820,1820,1820,0
2022-04-26 15:17:00,1820,1820,1820,1820,0
2022-04-26 15:18:00,1820,1820,1820,1820,0
2022-04-26 15:19:00,1820,1820,1820,1820,0
2022-04-26 15:20:00,1820,1820,1820,1820,0
2022-04-26 15:21:00,1820,1820,1820,1820,0
2022-04-26 15:22:00,1820,1820,1820,1820,0
2022-04-26 15:23:00,1820,1820,1820,1820,0
2022-04-26 15:24:00,1820,1820,1820,1820,0
2022-04-26 15:25:00,1820,1820,1820,1820,0
2022-04-26 15:26:00,1820,1820,1820,1820,0
2022-04-26 15:27:00,1820,1820,1820,1820,0
2022-04-26 15:28:00,1820,1820,1820,1820,0
2022-04-26 15:29:00,1820,1820,1820,1820,0
2022-04-26 15:30:00,1820,1820,1820,1820,0
2022-04-26 15:31:00,1820,1820,1820,1820,0
2022-04-26 15:32:00,1820,1820,1820,1820,0
2022-04-26 15:33:00,1820,1820,1820,1820,0
2022-04-26 15:34:00,1820,1820,1820,1820,0
2022-04-26 15:35:00,1820,1820,1820,1820,0
2022-04-26 15:36:00,1820,1820,1820,1820,0
2022-04-26 15:37:00,1820,1820,1820,1820,0
2022-04-26 15:38:00,1820,1820,1820,1820,0
2022-04-26 15:39:00,1820,1820,1820,1820,0
2022-04-26 15:40:00,1820,1820,1820,1820,0
2022-04-26 15:41:00,1820,1820,1820,1820,0
2022-04-26 15:42:00,1820,1820,1820,1820,0
2022-04-26 15:43:00,1820,1820,1820,1820,0
2022-04-26 15:44:00,1820,1820,1820,1820,0
2022-04-26 15:45:00,1820,1820,1820,1820,0
2022-04-26 15:46:00,1820,1820,1820,1820,0
2022-04-26 15:47:00,1820,1820,1820,1820,0
2022-04-26 15:48:00,1820,1820,1820,1820,0
2022-04-26 15:49:00,1820,1820,1820,1820,0
2022-04-26 15:50:00,1820,1820,1820,1820,0
2022-04-26 15:51:00,1820,1820,1820,1820,0
2022-04-26 15:52:00,1820,1820,1820,1820,0
2022-04-26 15:53:00,1820,1820,1820,1820,0
2022-04-26 15:54:00,1820,1820,1820,1820,0
2022-04-26 15:55:00,1820,1820,1820,1820,0
2022-04-26 15:56:00,1820,1820,1820,1820,0
2022-04-26 15:57:00,1820,1820,1820,1820,0
2022-04-26 15:58:00,1820,1820,1820,1820,0
2022-04-26 15:59:00,1820,1820,1820,1820,0
2022-04-27 09:00:00,1820,1820,1820,1820,0
2022-04-27 09:01:00,1820,1820,1820,1820,0
2022-04-27 09:02:00,1820,1820,1820,1820,0
2022-04-27 09:03:00,1820,1820,1820,1820,0
2022-04-27 09:04:00,1820,1820,1820,1820,0
2022-04-27 09:05:00,1820,1820,1820,1820,0
2022-04-27 09:06:00,1820,1820,1820,1820,0
2022-04-27 09:07:00,1820,1820,1820,1820,0
2022-04-27 09:08:00,1820,1820,1820,1820,0
2022-04-27 09:09:00,1825,1825,1825,1825,700
2022-04-27 09:10:00,1825,1825,1825,1825,0
2022-04-27 09:11:00,1825,1825,1825,1825,0
2022-04-27 09:12:00,1825,1825,1825,1825,0
2022-04-27 09:13:00,1825,1825,1825,1825,0
2022-04-27 09:14:00,1825,1825,1825,1825,0
2022-04-27 09:15:00,1825,1825,1825,1825,0
2022-04-27 09:16:00,1825,1825,1825,1825,0
2022-04-27 09:17:00,1825,1825,1825,1825,0
2022-04-27 09:18:00,1825,1825,1825,1825,0
2022-04-27 09:19:00,1825,1825,1825,1825,0
2022-04-27 09:20:00,1825,1825,1825,1825,0
2022-04-27 09:21:00,1825,1825,1825,1825,0
2022-04-27 09:22:00,1825,1825,1825,1825,0
2022-04-27 09:23:00,1825,1825,1825,1825,0
2022-04-27 09:24:00,1825,1825,1825,1825,0
2022-04-27 09:25:00,1825,1825,1825,1825,0
2022-04-27 09:26:00,1825,1825,1825,1825,0
2022-04-27 09:27:00,1825,1825,1825,1825,0
2022-04-27 09:28:00,1825,1825,1825,1825,0
2022-04-27 09:29:00,1825,1825,1825,1825,0
2022-04-27 09:30:00,1825,1825,1825,1825,0
2022-04-27 09:31:00,1825,1825,1825,1825,0
2022-04-27 09:32:00,1825,1825,1825,1825,0
2022-04-27 09:33:00,1825,1825,1825,1825,0
2022-04-27 09:34:00,1825,1825,1825,1825,0
2022-04-27 09:35:00,1825,1825,1825,1825,0
2022-04-27 09:36:00,1825,1825,1825,1825,0
2022-04-27 09:37:00,1825,1825,1825,1825,0
2022-04-27 09:38:00,1825,1825,1825,1825,0
2022-04-27 09:39:00,1825,1825,1825,1825,0
2022-04-27 09:40:00,1825,1825,1825,1825,0
2022-04-27 09:41:00,1825,1825,1825,1825,0
2022-04-27 09:42:00,1825,1825,1825,1825,0
2022-04-27 09:43:00,1825,1825,1825,1825,0
2022-04-27 09:44:00,1825,1825,1825,1825,0
2022-04-27 09:45:00,1825,1825,1825,1825,0
2022-04-27 09:46:00,1825,1825,1825,1825,0
2022-04-27 09:47:00,1825,1825,1825,1825,0
2022-04-27 09:48:00,1825,1825,1825,1825,0
2022-04-27 09:49:00,1825,1825,1825,1825,0
2022-04-27 09:50:00,1825,1825,1825,1825,0
2022-04-27 09:51:00,1825,1825,1825,1825,0
2022-04-27 09:52:00,1825,1825,1825,1825,0
2022-04-27 09:53:00,1825,1825,1825,1825,0
2022-04-27 09:54:00,1825,1825,1825,1825,0
2022-04-27 09:55:00,1825,1825,1825,1825,0
2022-04-27 09:56:00,1825,1825,1825,1825,0
2022-04-27 09:57:00,1825,1825,1825,1825,0
2022-04-27 09:58:00,1825,1825,1825,1825,0
2022-04-27 09:59:00,1825,1825,1825,1825,0
2022-04-27 10:00:00,1825,1825,1825,1825,0
2022-04-27 10:01:00,1825,1825,1825,1825,0
2022-04-27 10:02:00,1825,1825,1825,1825,0
2022-04-27 10:03:00,1825,1825,1825,1825,0
2022-04-27 10:04:00,1825,1825,1825,1825,0
2022-04-27 10:05:00,1825,1825,1825,1825,0
2022-04-27 10:06:00,1825,1825,1825,1825,0
2022-04-27 10:07:00,1825,1825,1825,1825,0
2022-04-27 10:08:00,1825,1825,1825,1825,0
2022-04-27 10:09:00,1825,1825,1825,1825,0
2022-04-27 10:10:00,1825,1825,1825,1825,0
2022-04-27 10:11:00,1825,1825,1825,1825,0
2022-04-27 10:12:00,1825,1825,1825,1825,0
2022-04-27 10:13:00,1825,1825,1825,1825,0
2022-04-27 10:14:00,1825,1825,1825,1825,0
2022-04-27 10:15:00,1825,1825,1825,1825,0
2022-04-27 10:16:00,1825,1825,1825,1825,0
2022-04-27 10:17:00,1825,1825,1825,1825,0
2022-04-27 10:18:00,1825,1825,1825,1825,0
2022-04-27 10:19:00,1825,1825,1825,1825,0
2022-04-27 10:20:00,1825,1825,1825,1825,0
2022-04-27 10:21:00,1825,1825,1825,1825,0
2022-04-27 10:22:00,1825,1825,1825,1825,0
2022-04-27 10:23:00,1825,1825,1825,1825,0
2022-04-27 10:24:00,1825,1825,1825,1825,0
2022-04-27 10:25:00,1825,1825,1825,1825,0
2022-04-27 10:26:00,1825,1825,1825,1825,0
2022-04-27 10:27:00,1825,1825,1825,1825,0
2022-04-27 10:28:00,1825,1825,1825,1825,0
2022-04-27 10:29:00,1825,1825,1825,1825,0
2022-04-27 10:30:00,1825,1825,1825,1825,0
2022-04-27 10:31:00,1825,1825,1825,1825,0
2022-04-27 10:32:00,1825,1825,1825,1825,0
2022-04-27 10:33:00,1825,1825,1825,1825,0
2022-04-27 10:34:00,1825,1825,1825,1825,0
2022-04-27 10:35:00,1825,1825,1825,1825,0
2022-04-27 10:36:00,1825,1825,1825,1825,0
2022-04-27 10:37:00,1825,1825,1825,1825,0
2022-04-27 10:38:00,1825,1825,1825,1825,0
2022-04-27 10:39:00,1825,1825,1825,1825,0
2022-04-27 10:40:00,1825,1825,1825,1825,0
2022-04-27 10:41:00,1825,1825,1825,1825,0
2022-04-27 10:42:00,1825,1825,1825,1825,0
2022-04-27 10:43:00,1825,1825,1825,1825,0
2022-04-27 10:44:00,1825,1825,1825,1825,0
2022-04-27 10:45:00,1825,1825,1825,1825,0
2022-04-27 10:46:00,1825,1825,1825,1825,0
2022-04-27 10:47:00,1825,1825,1825,1825,0
2022-04-27 10:48:00,1825,1825,1825,1825,0
2022-04-27 10:49:00,1825,1825,1825,1825,0
2022-04-27 10:50:00,1825,1825,1825,1825,0
2022-04-27 10:51:00,1825,1825,1825,1825,0
2022-04-27 10:52:00,1825,1825,1825,1825,0
2022-04-27 10:53:00,1825,1825,1825,1825,0
2022-04-27 10:54:00,1825,1825,1825,1825,0
2022-04-27 10:55:00,1825,1825,1825,1825,0
2022-04-27 10:56:00,1825,1825,1825,1825,0
2022-04-27 10:57:00,1825,1825,1825,1825,0
2022-04-27 10:58:00,1825,1825,1825,1825,0
2022-04-27 10:59:00,1825,1825,1825,1825,0
2022-04-27 11:00:00,1825,1825,1825,1825,0
2022-04-27 11:01:00,1825,1825,1825,1825,0
2022-04-27 11:02:00,1825,1825,1825,1825,0
2022-04-27 11:03:00,1825,1825,1825,1825,0
2022-04-27 11:04:00,1825,1825,1825,1825,0
2022-04-27 11:05:00,1825,1825,1825,1825,0
2022-04-27 11:06:00,1825,1825,1825,1825,0
2022-04-27 11:07:00,1825,1825,1825,1825,0
2022-04-27 11:08:00,1825,1825,1825,1825,0
2022-04-27 11:09:00,1825,1825,1825,1825,0
2022-04-27 11:10:00,1825,1825,1825,1825,0
2022-04-27 11:11:00,1825,1825,1825,1825,0
2022-04-27 11:12:00,1825,1825,1825,1825,0
2022-04-27 11:13:00,1825,1825,1825,1825,0
2022-04-27 11:14:00,1825,1825,1825,1825,0
2022-04-27 11:15:00,1825,1825,1825,1825,0
2022-04-27 11:16:00,1825,1825,1825,1825,0
2022-04-27 11:17:00,1825,1825,1825,1825,0
2022-04-27 11:18:00,1825,1825,1825,1825,0
2022-04-27 11:19:00,1825,1825,1825,1825,0
2022-04-27 11:20:00,1825,1825,1825,1825,0
2022-04-27 11:21:00,1825,1825,1825,1825,0
2022-04-27 11:22:00,1825,1825,1825,1825,0
2022-04-27 11:23:00,1825,1825,1825,1825,0
2022-04-27 11:24:00,1825,1825,1825,1825,0
2022-04-27 11:25:00,1825,1825,1825,1825,0
2022-04-27 11:26:00,1825,1825,1825,1825,0
2022-04-27 11:27:00,1825,1825,1825,1825,0
2022-04-27 11:28:00,1825,1825,1825,1825,0
2022-04-27 11:29:00,1825,1825,1825,1825,0
2022-04-27 11:30:00,1825,1825,1825,1825,0
2022-04-27 11:31:00,1825,1825,1825,1825,0
2022-04-27 11:32:00,1825,1825,1825,1825,0
2022-04-27 11:33:00,1825,1825,1825,1825,0
2022-04-27 11:34:00,1825,1825,1825,1825,0
2022-04-27 11:35:00,1825,1825,1825,1825,0
2022-04-27 11:36:00,1825,1825,1825,1825,0
2022-04-27 11:37:00,1825,1825,1825,1825,0
2022-04-27 11:38:00,1825,1825,1825,1825,0
2022-04-27 11:39:00,1825,1825,1825,1825,0
2022-04-27 11:40:00,1825,1825,1825,1825,0
2022-04-27 11:41:00,1825,1825,1825,1825,0
2022-04-27 11:42:00,1825,1825,1825,1825,0
2022-04-27 11:43:00,1825,1825,1825,1825,0
2022-04-27 11:44:00,1825,1825,1825,1825,0
2022-04-27 11:45:00,1825,1825,1825,1825,0
2022-04-27 11:46:00,1825,1825,1825,1825,0
2022-04-27 11:47:00,1825,1825,1825,1825,0
2022-04-27 11:48:00,1825,1825,1825,1825,0
2022-04-27 11:49:00,1825,1825,1825,1825,0
2022-04-27 11:50:00,1825,1825,1825,1825,0
2022-04-27 11:51:00,1825,1825,1825,1825,0
2022-04-27 11:52:00,1825,1825,1825,1825,0
2022-04-27 11:53:00,1825,1825,1825,1825,0
2022-04-27 11:54:00,1825,1825,1825,1825,0
2022-04-27 11:55:00,1825,1825,1825,1825,0
2022-04-27 11:56:00,1825,1825,1825,1825,0
2022-04-27 11:57:00,1825,1825,1825,1825,0
2022-04-27 11:58:00,1825,1825,1825,1825,0
2022-04-27 11:59:00,1825,1825,1825,1825,0
2022-04-27 12:00:00,1825,1825,1825,1825,0
2022-04-27 12:01:00,1825,1825,1825,1825,0
2022-04-27 12:02:00,1825,1825,1825,1825,0
2022-04-27 12:03:00,1825,1825,1825,1825,0
2022-04-27 12:04:00,1825,1825,1825,1825,0
2022-04-27 12:05:00,1825,1825,1825,1825,0
2022-04-27 12:06:00,1825,1825,1825,1825,0
2022-04-27 12:07:00,1825,1825,1825,1825,0
2022-04-27 12:08:00,1825,1825,1825,1825,0
2022-04-27 12:09:00,1825,1825,1825,1825,0
2022-04-27 12:10:00,1825,1825,1825,1825,0
2022-04-27 12:11:00,1825,1825,1825,1825,0
2022-04-27 12:12:00,1825,1825,1825,1825,0
2022-04-27 12:13:00,1825,1825,1825,1825,0
2022-04-27 12:14:00,1825,1825,1825,1825,0
2022-04-27 12:15:00,1825,1825,1825,1825,0
2022-04-27 12:16:00,1825,1825,1825,1825,0
2022-04-27 12:17:00,1825,1825,1825,1825,0
2022-04-27 12:18:00,1825,1825,1825,1825,0
2022-04-27 12:19:00,1825,1825,1825,1825,0
2022-04-27 12:20:00,1825,1825,1825,1825,0
2022-04-27 12:21:00,1825,1825,1825,1825,0
2022-04-27 12:22:00,1825,1825,1825,1825,0
2022-04-27 12:23:00,1825,1825,1825,1825,0
2022-04-27 12:24:00,1825,1825,1825,1825,0
2022-04-27 12:25:00,1825,1825,1825,1825,0
2022-04-27 12:26:00,1825,1825,1825,1825,0
2022-04-27 12:27:00,1825,1825,1825,1825,0
2022-04-27 12:28:00,1825,1825,1825,1825,0
2022-04-27 12:29:00,1825,1825,1825,1825,0
2022-04-27 12:30:00,1825,1825,1825,1825,0
2022-04-27 12:31:00,1825,1825,1825,1825,0
2022-04-27 12:32:00,1825,1825,1825,1825,0
2022-04-27 12:33:00,1825,1825,1825,1825,0
2022-04-27 12:34:00,1825,1825,1825,1825,0
2022-04-27 12:35:00,1825,1825,1825,1825,0
2022-04-27 12:36:00,1825,1825,1825,1825,0
2022-04-27 12:37:00,1825,1825,1825,1825,0
2022-04-27 12:38:00,1825,1825,1825,1825,0
2022-04-27 12:39:00,1825,1825,1825,1825,0
2022-04-27 12:40:00,1825,1825,1825,1825,0
2022-04-27 12:41:00,1825,1825,1825,1825,0
2022-04-27 12:42:00,1825,1825,1825,1825,0
2022-04-27 12:43:00,1825,1825,1825,1825,0
2022-04-27 12:44:00,1825,1825,1825,1825,0
2022-04-27 12:45:00,1825,1825,1825,1825,0
2022-04-27 12:46:00,1825,1825,1825,1825,0
2022-04-27 12:47:00,1825,1825,1825,1825,0
2022-04-27 12:48:00,1825,1825,1825,1825,0
2022-04-27 12:49:00,1825,1825,1825,1825,0
2022-04-27 12:50:00,1825,1825,1825,1825,0
2022-04-27 12:51:00,1825,1825,1825,1825,0
2022-04-27 12:52:00,1825,1825,1825,1825,0
2022-04-27 12:53:00,1825,1825,1825,1825,0
2022-04-27 12:54:00,1825,1825,1825,1825,0
2022-04-27 12:55:00,1825,1825,1825,1825,0
2022-04-27 12:56:00,1825,1825,1825,1825,0
2022-04-27 12:57:00,1825,1825,1825,1825,0
2022-04-27 12:58:00,1825,1825,1825,1825,0
2022-04-27 12:59:00,1825,1825,1825,1825,0
2022-04-27 13:00:00,1825,1825,1825,1825,0
2022-04-27 13:01:00,1825,1825,1825,1825,0
2022-04-27 13:02:00,1825,1825,1825,1825,0
2022-04-27 13:03:00,1825,1825,1825,1825,0
2022-04-27 13:04:00,1825,1825,1825,1825,0
2022-04-27 13:05:00,1825,1825,1825,1825,0
2022-04-27 13:06:00,1825,1825,1825,1825,0
2022-04-27 13:07:00,1825,1825,1825,1825,0
2022-04-27 13:08:00,1825,1825,1825,1825,0
2022-04-27 13:09:00,1825,1825,1825,1825,0
2022-04-27 13:10:00,1825,1825,1825,1825,0
2022-04-27 13:11:00,1825,1825,1825,1825,0
2022-04-27 13:12:00,1825,1825,1825,1825,0
2022-04-27 13:13:00,1825,1825,1825,1825,0
2022-04-27 13:14:00,1825,1825,1825,1825,0
2022-04-27 13:15:00,1825,1825,1825,1825,0
2022-04-27 13:16:00,1825,1825,1825,1825,0
2022-04-27 13:17:00,1825,1825,1825,1825,0
2022-04-27 13:18:00,1825,1825,1825,1825,0
2022-04-27 13:19:00,1825,1825,1825,1825,0
2022-04-27 13:20:00,1825,1825,1825,1825,0
2022-04-27 13:21:00,1825,1825,1825,1825,0
2022-04-27 13:22:00,1825,1825,1825,1825,0
2022-04-27 13:23:00,1825,1825,1825,1825,0
2022-04-27 13:24:00,1825,1825,1825,1825,0
2022-04-27 13:25:00,1825,1825,1825,1825,0
2022-04-27 13:26:00,1825,1825,1825,1825,0
2022-04-27 13:27:00,1825,1825,1825,1825,0
2022-04-27 13:28:00,1825,1825,1825,1825,0
2022-04-27 13:29:00,1825,1825,1825,1825,0
2022-04-27 13:30:00,1825,1825,1825,1825,0
2022-04-27 13:31:00,1825,1825,1825,1825,0
2022-04-27 13:32:00,1825,1825,1825,1825,0
2022-04-27 13:33:00,1825,1825,1825,1825,0
2022-04-27 13:34:00,1825,1825,1825,1825,0
2022-04-27 13:35:00,1825,1825,1825,1825,0
2022-04-27 13:36:00,1825,1825,1825,1825,0
2022-04-27 13:37:00,1825,1825,1825,1825,0
2022-04-27 13:38:00,1825,1825,1825,1825,0
2022-04-27 13:39:00,1825,1825,1825,1825,0
2022-04-27 13:40:00,1825,1825,1825,1825,0
2022-04-27 13:41:00,1825,1825,1825,1825,0
2022-04-27 13:42:00,1825,1825,1825,1825,0
2022-04-27 13:43:00,1825,1825,1825,1825,0
2022-04-27 13:44:00,1825,1825,1825,1825,0
2022-04-27 13:45:00,1825,1825,1825,1825,0
2022-04-27 13:46:00,1825,1825,1825,1825,0
2022-04-27 13:47:00,1825,1825,1825,1825,0
2022-04-27 13:48:00,1825,1825,1825,1825,0
2022-04-27 13:49:00,1825,1825,1825,1825,0
2022-04-27 13:50:00,1825,1825,1825,1825,0
2022-04-27 13:51:00,1825,1825,1825,1825,0
2022-04-27 13:52:00,1825,1825,1825,1825,0
2022-04-27 13:53:00,1825,1825,1825,1825,0
2022-04-27 13:54:00,1825,1825,1825,1825,0
2022-04-27 13:55:00,1825,1825,1825,1825,0
2022-04-27 13:56:00,1825,1825,1825,1825,0
2022-04-27 13:57:00,1825,1825,1825,1825,0
2022-04-27 13:58:00,1825,1825,1825,1825,0
2022-04-27 13:59:00,1825,1825,1825,1825,0
2022-04-27 14:00:00,1825,1825,1825,1825,0
2022-04-27 14:01:00,1825,1825,1825,1825,0
2022-04-27 14:02:00,1825,1825,1825,1825,0
2022-04-27 14:03:00,1825,1825,1825,1825,0
2022-04-27 14:04:00,1825,1825,1825,1825,0
2022-04-27 14:05:00,1825,1825,1825,1825,0
2022-04-27 14:06:00,1825,1825,1825,1825,0
2022-04-27 14:07:00,1825,1825,1825,1825,0
2022-04-27 14:08:00,1825,1825,1825,1825,0
2022-04-27 14:09:00,1825,1825,1825,1825,0
2022-04-27 14:10:00,1825,1825,1825,1825,0
2022-04-27 14:11:00,1825,1825,1825,1825,0
2022-04-27 14:12:00,1825,1825,1825,1825,0
2022-04-27 14:13:00,1825,1825,1825,1825,0
2022-04-27 14:14:00,1825,1825,1825,1825,0
2022-04-27 14:15:00,1825,1825,1825,1825,0
2022-04-27 14:16:00,1825,1825,1825,1825,0
2022-04-27 14:17:00,1825,1825,1825,1825,0
2022-04-27 14:18:00,1825,1825,1825,1825,0
2022-04-27 14:19:00,1825,1825,1825,1825,0
2022-04-27 14:20:00,1825,1825,1825,1825,0
2022-04-27 14:21:00,1825,1825,1825,1825,0
2022-04-27 14:22:00,1825,1825,1825,1825,0
2022-04-27 14:23:00,1825,1825,1825,1825,0
2022-04-27 14:24:00,1825,1825,1825,1825,0
2022-04-27 14:25:00,1825,1825,1825,1825,0
2022-04-27 14:26:00,1825,1825,1825,1825,0
2022-04-27 14:27:00,1825,1825,1825,1825,0
2022-04-27 14:28:00,1825,1825,1825,1825,0
2022-04-27 14:29:00,1825,1825,1825,1825,0
2022-04-27 14:30:00,1825,1825,1825,1825,0
2022-04-27 14:31:00,1825,1825,1825,1825,0
2022-04-27 14:32:00,1825,1825,1825,1825,0
2022-04-27 14:33:00,1825,1825,1825,1825,0
2022-04-27 14:34:00,1825,1825,1825,1825,0
2022-04-27 14:35:00,1825,1825,1825,1825,0
2022-04-27 14:36:00,1825,1825,1825,1825,1700
2022-04-27 14:37:00,1830,1830,1840,1840,9100
2022-04-27 14:38:00,1845,1845,1850,1850,9700
2022-04-27 14:39:00,1845,1845,1850,1850,0
2022-04-27 14:40:00,1845,1845,1850,1850,0
2022-04-27 14:41:00,1845,1845,1850,1850,0
2022-04-27 14:42:00,1845,1845,1850,1850,0
2022-04-27 14:43:00,1845,1845,1850,1850,0
2022-04-27 14:44:00,1845,1845,1850,1850,0
2022-04-27 14:45:00,1845,1845,1850,1850,0
2022-04-27 14:46:00,1845,1845,1850,1850,0
2022-04-27 14:47:00,1845,1845,1850,1850,0
2022-04-27 14:48:00,1845,1845,1850,1850,0
2022-04-27 14:49:00,1845,1845,1850,1850,0
2022-04-27 14:50:00,1845,1845,1850,1850,0
2022-04-27 14:51:00,1845,1845,1850,1850,0
2022-04-27 14:52:00,1845,1845,1850,1850,0
2022-04-27 14:53:00,1845,1845,1850,1850,0
2022-04-27 14:54:00,1845,1845,1850,1850,0
2022-04-27 14:55:00,1845,1845,1850,1850,0
2022-04-27 14:56:00,1845,1845,1850,1850,0
2022-04-27 14:57:00,1845,1845,1850,1850,0
2022-04-27 14:58:00,1845,1845,1850,1850,0
2022-04-27 14:59:00,1845,1845,1850,1850,0
2022-04-27 15:00:00,1855,1855,1855,1855,2700
2022-04-27 15:01:00,1855,1855,1855,1855,0
2022-04-27 15:02:00,1855,1855,1855,1855,0
2022-04-27 15:03:00,1855,1855,1855,1855,0
2022-04-27 15:04:00,1855,1855,1855,1855,0
2022-04-27 15:05:00,1855,1855,1855,1855,0
2022-04-27 15:06:00,1855,1855,1855,1855,0
2022-04-27 15:07:00,1855,1855,1855,1855,0
2022-04-27 15:08:00,1855,1855,1855,1855,0
2022-04-27 15:09:00,1855,1855,1855,1855,0
2022-04-27 15:10:00,1855,1855,1855,1855,0
2022-04-27 15:11:00,1855,1855,1855,1855,0
2022-04-27 15:12:00,1855,1855,1855,1855,0
2022-04-27 15:13:00,1855,1855,1855,1855,0
2022-04-27 15:14:00,1855,1855,1855,1855,0
2022-04-27 15:15:00,1855,1855,1855,1855,0
2022-04-27 15:16:00,1855,1855,1855,1855,0
2022-04-27 15:17:00,1855,1855,1855,1855,0
2022-04-27 15:18:00,1855,1855,1855,1855,0
2022-04-27 15:19:00,1855,1855,1855,1855,0
2022-04-27 15:20:00,1855,1855,1855,1855,0
2022-04-27 15:21:00,1855,1855,1855,1855,0
2022-04-27 15:22:00,1855,1855,1855,1855,0
2022-04-27 15:23:00,1855,1855,1855,1855,0
2022-04-27 15:24:00,1855,1855,1855,1855,0
2022-04-27 15:25:00,1855,1855,1855,1855,0
2022-04-27 15:26:00,1855,1855,1855,1855,0
2022-04-27 15:27:00,1855,1855,1855,1855,0
2022-04-27 15:28:00,1855,1855,1855,1855,0
2022-04-27 15:29:00,1855,1855,1855,1855,0
2022-04-27 15:30:00,1855,1855,1855,1855,0
2022-04-27 15:31:00,1855,1855,1855,1855,0
2022-04-27 15:32:00,1855,1855,1855,1855,0
2022-04-27 15:33:00,1855,1855,1855,1855,0
2022-04-27 15:34:00,1855,1855,1855,1855,0
2022-04-27 15:35:00,1855,1855,1855,1855,0
2022-04-27 15:36:00,1855,1855,1855,1855,0
2022-04-27 15:37:00,1855,1855,1855,1855,0
2022-04-27 15:38:00,1855,1855,1855,1855,0
2022-04-27 15:39:00,1855,1855,1855,1855,0
2022-04-27 15:40:00,1855,1855,1855,1855,0
2022-04-27 15:41:00,1855,1855,1855,1855,0
2022-04-27 15:42:00,1855,1855,1855,1855,0
2022-04-27 15:43:00,1855,1855,1855,1855,0
2022-04-27 15:44:00,1855,1855,1855,1855,0
2022-04-27 15:45:00,1855,1855,1855,1855,0
2022-04-27 15:46:00,1855,1855,1855,1855,0
2022-04-27 15:47:00,1855,1855,1855,1855,0
2022-04-27 15:48:00,1855,1855,1855,1855,0
2022-04-27 15:49:00,1855,1855,1855,1855,0
2022-04-27 15:50:00,1855,1855,1855,1855,0
2022-04-27 15:51:00,1855,1855,1855,1855,0
2022-04-27 15:52:00,1855,1855,1855,1855,0
2022-04-27 15:53:00,1855,1855,1855,1855,0
2022-04-27 15:54:00,1855,1855,1855,1855,0
2022-04-27 15:55:00,1855,1855,1855,1855,0
2022-04-27 15:56:00,1855,1855,1855,1855,0
2022-04-27 15:57:00,1855,1855,1855,1855,0
2022-04-27 15:58:00,1855,1855,1855,1855,0
2022-04-27 15:59:00,1855,1855,1855,1855,0
2022-04-28 09:00:00,1855,1855,1855,1855,0
2022-04-28 09:01:00,1855,1855,1855,1855,0
2022-04-28 09:02:00,1855,1855,1855,1855,0
2022-04-28 09:03:00,1855,1855,1855,1855,0
2022-04-28 09:04:00,1855,1855,1855,1855,0
2022-04-28 09:05:00,1855,1855,1855,1855,0
2022-04-28 09:06:00,1830,1830,1830,1830,0
2022-04-28 09:07:00,1830,1830,1830,1830,0
2022-04-28 09:08:00,1830,1830,1830,1830,0
2022-04-28 09:09:00,1830,1830,1830,1830,0
2022-04-28 09:10:00,1830,1830,1830,1830,0
2022-04-28 09:11:00,1830,1830,1830,1830,0
2022-04-28 09:12:00,1830,1830,1830,1830,0
2022-04-28 09:13:00,1830,1830,1830,1830,0
2022-04-28 09:14:00,1830,1830,1830,1830,0
2022-04-28 09:15:00,1830,1830,1830,1830,0
2022-04-28 09:16:00,1830,1830,1830,1830,0
2022-04-28 09:17:00,1830,1830,1830,1830,0
2022-04-28 09:18:00,1830,1830,1830,1830,0
2022-04-28 09:19:00,1830,1830,1830,1830,0
2022-04-28 09:20:00,1830,1830,1830,1830,0
2022-04-28 09:21:00,1830,1830,1830,1830,0
2022-04-28 09:22:00,1830,1830,1830,1830,0
2022-04-28 09:23:00,1830,1830,1830,1830,0
2022-04-28 09:24:00,1830,1830,1830,1830,0
2022-04-28 09:25:00,1830,1830,1830,1830,0
2022-04-28 09:26:00,1830,1830,1830,1830,0
2022-04-28 09:27:00,1830,1830,1830,1830,0
2022-04-28 09:28:00,1830,1830,1830,1830,0
2022-04-28 09:29:00,1830,1830,1830,1830,0
2022-04-28 09:30:00,1830,1830,1830,1830,0
2022-04-28 09:31:00,1830,1830,1830,1830,0
2022-04-28 09:32:00,1830,1830,1830,1830,0
2022-04-28 09:33:00,1830,1830,1830,1830,0
2022-04-28 09:34:00,1830,1830,1830,1830,0
2022-04-28 09:35:00,1830,1830,1830,1830,0
2022-04-28 09:36:00,1830,1830,1830,1830,0
2022-04-28 09:37:00,1830,1830,1830,1830,0
2022-04-28 09:38:00,1830,1830,1830,1830,0
2022-04-28 09:39:00,1830,1830,1830,1830,0
2022-04-28 09:40:00,1830,1830,1830,1830,0
2022-04-28 09:41:00,1830,1830,1830,1830,0
2022-04-28 09:42:00,1830,1830,1830,1830,0
2022-04-28 09:43:00,1830,1830,1830,1830,0
2022-04-28 09:44:00,1830,1830,1830,1830,0
2022-04-28 09:45:00,1830,1830,1830,1830,0
2022-04-28 09:46:00,1830,1830,1830,1830,0
2022-04-28 09:47:00,1830,1830,1830,1830,0
2022-04-28 09:48:00,1830,1830,1830,1830,0
2022-04-28 09:49:00,1830,1830,1830,1830,0
2022-04-28 09:50:00,1830,1830,1830,1830,0
2022-04-28 09:51:00,1830,1830,1830,1830,0
2022-04-28 09:52:00,1830,1830,1830,1830,0
2022-04-28 09:53:00,1830,1830,1830,1830,0
2022-04-28 09:54:00,1830,1830,1830,1830,0
2022-04-28 09:55:00,1830,1830,1830,1830,0
2022-04-28 09:56:00,1830,1830,1830,1830,0
2022-04-28 09:57:00,1830,1830,1830,1830,0
2022-04-28 09:58:00,1830,1830,1830,1830,0
2022-04-28 09:59:00,1830,1830,1830,1830,0
2022-04-28 10:00:00,1830,1830,1830,1830,0
2022-04-28 10:01:00,1830,1830,1830,1830,0
2022-04-28 10:02:00,1830,1830,1830,1830,0
2022-04-28 10:03:00,1830,1830,1830,1830,0
2022-04-28 10:04:00,1830,1830,1830,1830,0
2022-04-28 10:05:00,1830,1830,1830,1830,0
2022-04-28 10:06:00,1830,1830,1830,1830,0
2022-04-28 10:07:00,1830,1830,1830,1830,0
2022-04-28 10:08:00,1830,1830,1830,1830,0
2022-04-28 10:09:00,1830,1830,1830,1830,0
2022-04-28 10:10:00,1830,1830,1830,1830,0
2022-04-28 10:11:00,1830,1830,1830,1830,0
2022-04-28 10:12:00,1830,1830,1830,1830,0
2022-04-28 10:13:00,1830,1830,1830,1830,0
2022-04-28 10:14:00,1830,1830,1830,1830,0
2022-04-28 10:15:00,1830,1830,1830,1830,0
2022-04-28 10:16:00,1830,1830,1830,1830,0
2022-04-28 10:17:00,1830,1830,1830,1830,0
2022-04-28 10:18:00,1830,1830,1830,1830,0
2022-04-28 10:19:00,1830,1830,1830,1830,0
2022-04-28 10:20:00,1830,1830,1830,1830,0
2022-04-28 10:21:00,1830,1830,1830,1830,0
2022-04-28 10:22:00,1830,1830,1830,1830,0
2022-04-28 10:23:00,1830,1830,1830,1830,0
2022-04-28 10:24:00,1830,1830,1830,1830,0
2022-04-28 10:25:00,1830,1830,1830,1830,0
2022-04-28 10:26:00,1830,1830,1830,1830,0
2022-04-28 10:27:00,1830,1830,1830,1830,0
2022-04-28 10:28:00,1830,1830,1830,1830,0
2022-04-28 10:29:00,1830,1830,1830,1830,0
2022-04-28 10:30:00,1830,1830,1830,1830,0
2022-04-28 10:31:00,1830,1830,1830,1830,0
2022-04-28 10:32:00,1830,1830,1830,1830,0
2022-04-28 10:33:00,1830,1830,1830,1830,0
2022-04-28 10:34:00,1830,1830,1830,1830,0
2022-04-28 10:35:00,1830,1830,1830,1830,0
2022-04-28 10:36:00,1830,1830,1830,1830,0
2022-04-28 10:37:00,1830,1830,1830,1830,0
2022-04-28 10:38:00,1830,1830,1830,1830,0
2022-04-28 10:39:00,1830,1830,1830,1830,0
2022-04-28 10:40:00,1830,1830,1830,1830,0
2022-04-28 10:41:00,1830,1830,1830,1830,0
2022-04-28 10:42:00,1830,1830,1830,1830,0
2022-04-28 10:43:00,1830,1830,1830,1830,0
2022-04-28 10:44:00,1830,1830,1830,1830,0
2022-04-28 10:45:00,1830,1830,1830,1830,0
2022-04-28 10:46:00,1830,1830,1830,1830,0
2022-04-28 10:47:00,1830,1830,1830,1830,0
2022-04-28 10:48:00,1830,1830,1830,1830,0
2022-04-28 10:49:00,1830,1830,1830,1830,0
2022-04-28 10:50:00,1830,1830,1830,1830,0
2022-04-28 10:51:00,1830,1830,1830,1830,0
2022-04-28 10:52:00,1830,1830,1830,1830,0
2022-04-28 10:53:00,1830,1830,1830,1830,0
2022-04-28 10:54:00,1830,1830,1830,1830,0
2022-04-28 10:55:00,1830,1830,1830,1830,0
2022-04-28 10:56:00,1830,1830,1830,1830,0
2022-04-28 10:57:00,1830,1830,1830,1830,0
2022-04-28 10:58:00,1830,1830,1830,1830,0
2022-04-28 10:59:00,1830,1830,1830,1830,0
2022-04-28 11:00:00,1830,1830,1830,1830,0
2022-04-28 11:01:00,1830,1830,1830,1830,0
2022-04-28 11:02:00,1830,1830,1830,1830,0
2022-04-28 11:03:00,1830,1830,1830,1830,0
2022-04-28 11:04:00,1830,1830,1830,1830,0
2022-04-28 11:05:00,1830,1830,1830,1830,0
2022-04-28 11:06:00,1830,1830,1830,1830,0
2022-04-28 11:07:00,1830,1830,1830,1830,0
2022-04-28 11:08:00,1830,1830,1830,1830,0
2022-04-28 11:09:00,1830,1830,1830,1830,0
2022-04-28 11:10:00,1830,1830,1830,1830,0
2022-04-28 11:11:00,1830,1830,1830,1830,0
2022-04-28 11:12:00,1830,1830,1830,1830,0
2022-04-28 11:13:00,1830,1830,1830,1830,0
2022-04-28 11:14:00,1830,1830,1830,1830,0
2022-04-28 11:15:00,1830,1830,1830,1830,0
2022-04-28 11:16:00,1830,1830,1830,1830,0
2022-04-28 11:17:00,1830,1830,1830,1830,0
2022-04-28 11:18:00,1830,1830,1830,1830,0
2022-04-28 11:19:00,1830,1830,1830,1830,0
2022-04-28 11:20:00,1830,1830,1830,1830,0
2022-04-28 11:21:00,1830,1830,1830,1830,0
2022-04-28 11:22:00,1830,1830,1830,1830,0
2022-04-28 11:23:00,1830,1830,1830,1830,0
2022-04-28 11:24:00,1830,1830,1830,1830,0
2022-04-28 11:25:00,1830,1830,1830,1830,0
2022-04-28 11:26:00,1830,1830,1830,1830,0
2022-04-28 11:27:00,1830,1830,1830,1830,0
2022-04-28 11:28:00,1830,1830,1830,1830,0
2022-04-28 11:29:00,1830,1830,1830,1830,0
2022-04-28 11:30:00,1830,1830,1830,1830,0
2022-04-28 11:31:00,1830,1830,1830,1830,0
2022-04-28 11:32:00,1830,1830,1830,1830,0
2022-04-28 11:33:00,1830,1830,1830,1830,0
2022-04-28 11:34:00,1830,1830,1830,1830,0
2022-04-28 11:35:00,1830,1830,1830,1830,0
2022-04-28 11:36:00,1830,1830,1830,1830,0
2022-04-28 11:37:00,1830,1830,1830,1830,0
2022-04-28 11:38:00,1830,1830,1830,1830,0
2022-04-28 11:39:00,1830,1830,1830,1830,0
2022-04-28 11:40:00,1830,1830,1830,1830,0
2022-04-28 11:41:00,1830,1830,1830,1830,0
2022-04-28 11:42:00,1830,1830,1830,1830,0
2022-04-28 11:43:00,1830,1830,1830,1830,0
2022-04-28 11:44:00,1830,1830,1830,1830,0
2022-04-28 11:45:00,1830,1830,1830,1830,0
2022-04-28 11:46:00,1830,1830,1830,1830,0
2022-04-28 11:47:00,1830,1830,1830,1830,0
2022-04-28 11:48:00,1830,1830,1830,1830,0
2022-04-28 11:49:00,1830,1830,1830,1830,0
2022-04-28 11:50:00,1830,1830,1830,1830,0
2022-04-28 11:51:00,1830,1830,1830,1830,0
2022-04-28 11:52:00,1830,1830,1830,1830,0
2022-04-28 11:53:00,1830,1830,1830,1830,0
2022-04-28 11:54:00,1830,1830,1830,1830,0
2022-04-28 11:55:00,1830,1830,1830,1830,0
2022-04-28 11:56:00,1830,1830,1830,1830,0
2022-04-28 11:57:00,1830,1830,1830,1830,0
2022-04-28 11:58:00,1830,1830,1830,1830,0
2022-04-28 11:59:00,1830,1830,1830,1830,0
2022-04-28 12:00:00,1830,1830,1830,1830,0
2022-04-28 12:01:00,1830,1830,1830,1830,0
2022-04-28 12:02:00,1830,1830,1830,1830,0
2022-04-28 12:03:00,1830,1830,1830,1830,0
2022-04-28 12:04:00,1830,1830,1830,1830,0
2022-04-28 12:05:00,1830,1830,1830,1830,0
2022-04-28 12:06:00,1830,1830,1830,1830,0
2022-04-28 12:07:00,1830,1830,1830,1830,0
2022-04-28 12:08:00,1830,1830,1830,1830,0
2022-04-28 12:09:00,1830,1830,1830,1830,0
2022-04-28 12:10:00,1830,1830,1830,1830,0
2022-04-28 12:11:00,1830,1830,1830,1830,0
2022-04-28 12:12:00,1830,1830,1830,1830,0
2022-04-28 12:13:00,1830,1830,1830,1830,0
2022-04-28 12:14:00,1830,1830,1830,1830,0
2022-04-28 12:15:00,1830,1830,1830,1830,0
2022-04-28 12:16:00,1830,1830,1830,1830,0
2022-04-28 12:17:00,1830,1830,1830,1830,0
2022-04-28 12:18:00,1830,1830,1830,1830,0
2022-04-28 12:19:00,1830,1830,1830,1830,0
2022-04-28 12:20:00,1830,1830,1830,1830,0
2022-04-28 12:21:00,1830,1830,1830,1830,0
2022-04-28 12:22:00,1830,1830,1830,1830,0
2022-04-28 12:23:00,1830,1830,1830,1830,0
2022-04-28 12:24:00,1830,1830,1830,1830,0
2022-04-28 12:25:00,1830,1830,1830,1830,0
2022-04-28 12:26:00,1830,1830,1830,1830,0
2022-04-28 12:27:00,1830,1830,1830,1830,0
2022-04-28 12:28:00,1830,1830,1830,1830,0
2022-04-28 12:29:00,1830,1830,1830,1830,0
2022-04-28 12:30:00,1830,1830,1830,1830,0
2022-04-28 12:31:00,1830,1830,1830,1830,0
2022-04-28 12:32:00,1830,1830,1830,1830,0
2022-04-28 12:33:00,1830,1830,1830,1830,0
2022-04-28 12:34:00,1830,1830,1830,1830,0
2022-04-28 12:35:00,1830,1830,1830,1830,0
2022-04-28 12:36:00,1830,1830,1830,1830,0
2022-04-28 12:37:00,1830,1830,1830,1830,0
2022-04-28 12:38:00,1830,1830,1830,1830,0
2022-04-28 12:39:00,1830,1830,1830,1830,0
2022-04-28 12:40:00,1830,1830,1830,1830,0
2022-04-28 12:41:00,1830,1830,1830,1830,0
2022-04-28 12:42:00,1830,1830,1830,1830,0
2022-04-28 12:43:00,1830,1830,1830,1830,0
2022-04-28 12:44:00,1830,1830,1830,1830,0
2022-04-28 12:45:00,1830,1830,1830,1830,0
2022-04-28 12:46:00,1830,1830,1830,1830,0
2022-04-28 12:47:00,1830,1830,1830,1830,0
2022-04-28 12:48:00,1830,1830,1830,1830,0
2022-04-28 12:49:00,1830,1830,1830,1830,0
2022-04-28 12:50:00,1830,1830,1830,1830,0
2022-04-28 12:51:00,1830,1830,1830,1830,0
2022-04-28 12:52:00,1830,1830,1830,1830,0
2022-04-28 12:53:00,1830,1830,1830,1830,0
2022-04-28 12:54:00,1830,1830,1830,1830,0
2022-04-28 12:55:00,1830,1830,1830,1830,0
2022-04-28 12:56:00,1830,1830,1830,1830,0
2022-04-28 12:57:00,1830,1830,1830,1830,0
2022-04-28 12:58:00,1830,1830,1830,1830,0
2022-04-28 12:59:00,1830,1830,1830,1830,0
2022-04-28 13:00:00,1830,1830,1830,1830,0
2022-04-28 13:01:00,1830,1830,1830,1830,0
2022-04-28 13:02:00,1830,1830,1830,1830,0
2022-04-28 13:03:00,1830,1830,1830,1830,0
2022-04-28 13:04:00,1830,1830,1830,1830,0
2022-04-28 13:05:00,1830,1830,1830,1830,0
2022-04-28 13:06:00,1830,1830,1830,1830,0
2022-04-28 13:07:00,1830,1830,1830,1830,0
2022-04-28 13:08:00,1830,1830,1830,1830,0
2022-04-28 13:09:00,1830,1830,1830,1830,0
2022-04-28 13:10:00,1830,1830,1830,1830,0
2022-04-28 13:11:00,1830,1830,1830,1830,0
2022-04-28 13:12:00,1830,1830,1830,1830,0
2022-04-28 13:13:00,1830,1830,1830,1830,0
2022-04-28 13:14:00,1830,1830,1830,1830,0
2022-04-28 13:15:00,1830,1830,1830,1830,0
2022-04-28 13:16:00,1830,1830,1830,1830,0
2022-04-28 13:17:00,1830,1830,1830,1830,0
2022-04-28 13:18:00,1830,1830,1830,1830,0
2022-04-28 13:19:00,1830,1830,1830,1830,0
2022-04-28 13:20:00,1830,1830,1830,1830,0
2022-04-28 13:21:00,1830,1830,1830,1830,0
2022-04-28 13:22:00,1830,1830,1830,1830,0
2022-04-28 13:23:00,1830,1830,1830,1830,0
2022-04-28 13:24:00,1830,1830,1830,1830,0
2022-04-28 13:25:00,1830,1830,1830,1830,0
2022-04-28 13:26:00,1830,1830,1830,1830,0
2022-04-28 13:27:00,1830,1830,1830,1830,0
2022-04-28 13:28:00,1830,1830,1830,1830,0
2022-04-28 13:29:00,1830,1830,1830,1830,0
2022-04-28 13:30:00,1830,1830,1830,1830,100
2022-04-28 13:31:00,1830,1830,1830,1830,0
2022-04-28 13:32:00,1830,1830,1830,1830,0
2022-04-28 13:33:00,1830,1830,1830,1830,0
2022-04-28 13:34:00,1830,1830,1830,1830,0
2022-04-28 13:35:00,1830,1830,1830,1830,0
2022-04-28 13:36:00,1830,1830,1830,1830,0
2022-04-28 13:37:00,1830,1830,1830,1830,0
2022-04-28 13:38:00,1830,1830,1830,1830,0
2022-04-28 13:39:00,1830,1830,1830,1830,0
2022-04-28 13:40:00,1830,1830,1830,1830,0
2022-04-28 13:41:00,1830,1830,1830,1830,0
2022-04-28 13:42:00,1830,1830,1830,1830,0
2022-04-28 13:43:00,1830,1830,1830,1830,0
2022-04-28 13:44:00,1830,1830,1830,1830,0
2022-04-28 13:45:00,1830,1830,1830,1830,0
2022-04-28 13:46:00,1830,1830,1830,1830,0
2022-04-28 13:47:00,1830,1830,1830,1830,0
2022-04-28 13:48:00,1830,1830,1830,1830,0
2022-04-28 13:49:00,1830,1830,1830,1830,0
2022-04-28 13:50:00,1830,1830,1830,1830,0
2022-04-28 13:51:00,1830,1830,1830,1830,0
2022-04-28 13:52:00,1830,1830,1830,1830,0
2022-04-28 13:53:00,1830,1830,1830,1830,0
2022-04-28 13:54:00,1830,1830,1830,1830,0
2022-04-28 13:55:00,1830,1830,1830,1830,0
2022-04-28 13:56:00,1830,1830,1830,1830,0
2022-04-28 13:57:00,1830,1830,1830,1830,0
2022-04-28 13:58:00,1830,1830,1830,1830,0
2022-04-28 13:59:00,1830,1830,1830,1830,0
2022-04-28 14:00:00,1830,1830,1830,1830,0
2022-04-28 14:01:00,1830,1830,1830,1830,0
2022-04-28 14:02:00,1830,1830,1830,1830,0
2022-04-28 14:03:00,1830,1830,1830,1830,0
2022-04-28 14:04:00,1830,1830,1830,1830,0
2022-04-28 14:05:00,1830,1830,1830,1830,0
2022-04-28 14:06:00,1830,1830,1830,1830,0
2022-04-28 14:07:00,1830,1830,1830,1830,0
2022-04-28 14:08:00,1830,1830,1830,1830,100
2022-04-28 14:09:00,1830,1830,1830,1830,0
2022-04-28 14:10:00,1830,1830,1830,1830,0
2022-04-28 14:11:00,1830,1830,1830,1830,0
2022-04-28 14:12:00,1830,1830,1830,1830,0
2022-04-28 14:13:00,1830,1830,1830,1830,0
2022-04-28 14:14:00,1830,1830,1830,1830,0
2022-04-28 14:15:00,1830,1830,1830,1830,0
2022-04-28 14:16:00,1830,1830,1830,1830,0
2022-04-28 14:17:00,1830,1830,1830,1830,0
2022-04-28 14:18:00,1830,1830,1830,1830,0
2022-04-28 14:19:00,1830,1830,1830,1830,0
2022-04-28 14:20:00,1830,1830,1830,1830,0
2022-04-28 14:21:00,1830,1830,1830,1830,0
2022-04-28 14:22:00,1830,1830,1830,1830,0
2022-04-28 14:23:00,1830,1830,1830,1830,0
2022-04-28 14:24:00,1830,1830,1830,1830,0
2022-04-28 14:25:00,1830,1830,1830,1830,0
2022-04-28 14:26:00,1830,1830,1830,1830,0
2022-04-28 14:27:00,1830,1830,1830,1830,0
2022-04-28 14:28:00,1830,1830,1830,1830,0
2022-04-28 14:29:00,1830,1830,1830,1830,0
2022-04-28 14:30:00,1830,1830,1830,1830,0
2022-04-28 14:31:00,1830,1830,1830,1830,0
2022-04-28 14:32:00,1830,1830,1830,1830,0
2022-04-28 14:33:00,1830,1830,1830,1830,0
2022-04-28 14:34:00,1830,1830,1830,1830,0
2022-04-28 14:35:00,1830,1830,1830,1830,0
2022-04-28 14:36:00,1830,1830,1830,1830,0
2022-04-28 14:37:00,1830,1830,1830,1830,0
2022-04-28 14:38:00,1830,1830,1830,1830,0
2022-04-28 14:39:00,1830,1830,1830,1830,0
2022-04-28 14:40:00,1830,1830,1830,1830,0
2022-04-28 14:41:00,1830,1830,1830,1830,0
2022-04-28 14:42:00,1830,1830,1830,1830,0
2022-04-28 14:43:00,1830,1830,1830,1830,0
2022-04-28 14:44:00,1830,1830,1830,1830,0
2022-04-28 14:45:00,1830,1830,1830,1830,0
2022-04-28 14:46:00,1830,1830,1830,1830,0
2022-04-28 14:47:00,1830,1830,1830,1830,0
2022-04-28 14:48:00,1830,1830,1830,1830,0
2022-04-28 14:49:00,1830,1830,1830,1830,0
2022-04-28 14:50:00,1830,1830,1830,1830,0
2022-04-28 14:51:00,1830,1830,1830,1830,0
2022-04-28 14:52:00,1830,1830,1830,1830,0
2022-04-28 14:53:00,1830,1830,1830,1830,0
2022-04-28 14:54:00,1830,1830,1830,1830,0
2022-04-28 14:55:00,1830,1830,1830,1830,0
2022-04-28 14:56:00,1830,1830,1830,1830,0
2022-04-28 14:57:00,1830,1830,1830,1830,0
2022-04-28 14:58:00,1830,1830,1830,1830,0
2022-04-28 14:59:00,1830,1830,1830,1830,0
2022-04-28 15:00:00,1830,1830,1830,1830,0
2022-04-28 15:01:00,1830,1830,1830,1830,0
2022-04-28 15:02:00,1830,1830,1830,1830,0
2022-04-28 15:03:00,1830,1830,1830,1830,0
2022-04-28 15:04:00,1830,1830,1830,1830,0
2022-04-28 15:05:00,1830,1830,1830,1830,0
2022-04-28 15:06:00,1830,1830,1830,1830,0
2022-04-28 15:07:00,1830,1830,1830,1830,0
2022-04-28 15:08:00,1830,1830,1830,1830,0
2022-04-28 15:09:00,1830,1830,1830,1830,0
2022-04-28 15:10:00,1830,1830,1830,1830,0
2022-04-28 15:11:00,1830,1830,1830,1830,0
2022-04-28 15:12:00,1830,1830,1830,1830,0
2022-04-28 15:13:00,1830,1830,1830,1830,0
2022-04-28 15:14:00,1830,1830,1830,1830,0
2022-04-28 15:15:00,1830,1830,1830,1830,0
2022-04-28 15:16:00,1830,1830,1830,1830,0
2022-04-28 15:17:00,1830,1830,1830,1830,0
2022-04-28 15:18:00,1830,1830,1830,1830,0
2022-04-28 15:19:00,1830,1830,1830,1830,0
2022-04-28 15:20:00,1830,1830,1830,1830,0
2022-04-28 15:21:00,1830,1830,1830,1830,0
2022-04-28 15:22:00,1830,1830,1830,1830,0
2022-04-28 15:23:00,1830,1830,1830,1830,0
2022-04-28 15:24:00,1830,1830,1830,1830,0
2022-04-28 15:25:00,1830,1830,1830,1830,0
2022-04-28 15:26:00,1830,1830,1830,1830,0
2022-04-28 15:27:00,1830,1830,1830,1830,0
2022-04-28 15:28:00,1830,1830,1830,1830,0
2022-04-28 15:29:00,1830,1830,1830,1830,0
2022-04-28 15:30:00,1830,1830,1830,1830,0
2022-04-28 15:31:00,1830,1830,1830,1830,0
2022-04-28 15:32:00,1830,1830,1830,1830,0
2022-04-28 15:33:00,1830,1830,1830,1830,0
2022-04-28 15:34:00,1830,1830,1830,1830,0
2022-04-28 15:35:00,1830,1830,1830,1830,0
2022-04-28 15:36:00,1830,1830,1830,1830,0
2022-04-28 15:37:00,1830,1830,1830,1830,0
2022-04-28 15:38:00,1830,1830,1830,1830,0
2022-04-28 15:39:00,1830,1830,1830,1830,0
2022-04-28 15:40:00,1830,1830,1830,1830,0
2022-04-28 15:41:00,1830,1830,1830,1830,0
2022-04-28 15:42:00,1830,1830,1830,1830,0
2022-04-28 15:43:00,1830,1830,1830,1830,0
2022-04-28 15:44:00,1830,1830,1830,1830,0
2022-04-28 15:45:00,1830,1830,1830,1830,0
2022-04-28 15:46:00,1830,1830,1830,1830,0
2022-04-28 15:47:00,1830,1830,1830,1830,0
2022-04-28 15:48:00,1830,1830,1830,1830,0
2022-04-28 15:49:00,1830,1830,1830,1830,0
2022-04-28 15:50:00,1830,1830,1830,1830,0
2022-04-28 15:51:00,1830,1830,1830,1830,0
2022-04-28 15:52:00,1830,1830,1830,1830,0
2022-04-28 15:53:00,1830,1830,1830,1830,0
2022-04-28 15:54:00,1830,1830,1830,1830,0
2022-04-28 15:55:00,1830,1830,1830,1830,0
2022-04-28 15:56:00,1830,1830,1830,1830,0
2022-04-28 15:57:00,1830,1830,1830,1830,0
2022-04-28 15:58:00,1830,1830,1830,1830,0
2022-04-28 15:59:00,1830,1830,1830,1830,0
2022-04-29 09:00:00,1830,1830,1830,1830,0
2022-04-29 09:01:00,1830,1830,1830,1830,0
2022-04-29 09:02:00,1830,1830,1830,1830,0
2022-04-29 09:03:00,1830,1830,1830,1830,0
2022-04-29 09:04:00,1830,1830,1830,1830,0
2022-04-29 09:05:00,1830,1830,1830,1830,0
2022-04-29 09:06:00,1830,1830,1830,1830,0
2022-04-29 09:07:00,1830,1830,1830,1830,0
2022-04-29 09:08:00,1830,1830,1830,1830,0
2022-04-29 09:09:00,1830,1830,1830,1830,0
2022-04-29 09:10:00,1830,1830,1830,1830,0
2022-04-29 09:11:00,1830,1830,1830,1830,0
2022-04-29 09:12:00,1830,1830,1830,1830,0
2022-04-29 09:13:00,1830,1830,1830,1830,0
2022-04-29 09:14:00,1830,1830,1830,1830,0
2022-04-29 09:15:00,1830,1830,1830,1830,0
2022-04-29 09:16:00,1830,1830,1830,1830,0
2022-04-29 09:17:00,1830,1830,1830,1830,0
2022-04-29 09:18:00,1830,1830,1830,1830,0
2022-04-29 09:19:00,1830,1830,1830,1830,0
2022-04-29 09:20:00,1830,1830,1830,1830,0
2022-04-29 09:21:00,1830,1830,1830,1830,0
2022-04-29 09:22:00,1830,1830,1830,1830,0
2022-04-29 09:23:00,1830,1830,1830,1830,0
2022-04-29 09:24:00,1830,1830,1830,1830,0
2022-04-29 09:25:00,1830,1830,1830,1830,0
2022-04-29 09:26:00,1830,1830,1830,1830,0
2022-04-29 09:27:00,1830,1830,1830,1830,0
2022-04-29 09:28:00,1830,1830,1830,1830,0
2022-04-29 09:29:00,1830,1830,1830,1830,0
2022-04-29 09:30:00,1830,1830,1830,1830,0
2022-04-29 09:31:00,1830,1830,1830,1830,0
2022-04-29 09:32:00,1830,1830,1830,1830,0
2022-04-29 09:33:00,1830,1830,1830,1830,0
2022-04-29 09:34:00,1830,1830,1830,1830,0
2022-04-29 09:35:00,1830,1830,1830,1830,0
2022-04-29 09:36:00,1830,1830,1830,1830,0
2022-04-29 09:37:00,1830,1830,1830,1830,0
2022-04-29 09:38:00,1830,1830,1830,1830,0
2022-04-29 09:39:00,1830,1830,1830,1830,0
2022-04-29 09:40:00,1830,1830,1830,1830,0
2022-04-29 09:41:00,1830,1830,1830,1830,0
2022-04-29 09:42:00,1830,1830,1830,1830,0
2022-04-29 09:43:00,1830,1830,1830,1830,0
2022-04-29 09:44:00,1830,1830,1830,1830,0
2022-04-29 09:45:00,1830,1830,1830,1830,0
2022-04-29 09:46:00,1830,1830,1830,1830,0
2022-04-29 09:47:00,1830,1830,1830,1830,0
2022-04-29 09:48:00,1830,1830,1830,1830,0
2022-04-29 09:49:00,1830,1830,1830,1830,0
2022-04-29 09:50:00,1830,1830,1830,1830,0
2022-04-29 09:51:00,1830,1830,1830,1830,0
2022-04-29 09:52:00,1830,1830,1830,1830,0
2022-04-29 09:53:00,1830,1830,1830,1830,0
2022-04-29 09:54:00,1830,1830,1830,1830,0
2022-04-29 09:55:00,1830,1830,1830,1830,0
2022-04-29 09:56:00,1830,1830,1830,1830,0
2022-04-29 09:57:00,1830,1830,1830,1830,0
2022-04-29 09:58:00,1830,1830,1830,1830,0
2022-04-29 09:59:00,1830,1830,1830,1830,0
2022-04-29 10:00:00,1830,1830,1830,1830,0
2022-04-29 10:01:00,1830,1830,1830,1830,0
2022-04-29 10:02:00,1830,1830,1830,1830,0
2022-04-29 10:03:00,1830,1830,1830,1830,0
2022-04-29 10:04:00,1830,1830,1830,1830,0
2022-04-29 10:05:00,1830,1830,1830,1830,0
2022-04-29 10:06:00,1830,1830,1830,1830,0
2022-04-29 10:07:00,1830,1830,1830,1830,0
2022-04-29 10:08:00,1830,1830,1830,1830,0
2022-04-29 10:09:00,1830,1830,1830,1830,0
2022-04-29 10:10:00,1830,1830,1830,1830,0
2022-04-29 10:11:00,1830,1830,1830,1830,0
2022-04-29 10:12:00,1830,1830,1830,1830,0
2022-04-29 10:13:00,1830,1830,1830,1830,0
2022-04-29 10:14:00,1830,1830,1830,1830,0
2022-04-29 10:15:00,1830,1830,1830,1830,0
2022-04-29 10:16:00,1830,1830,1830,1830,0
2022-04-29 10:17:00,1830,1830,1830,1830,0
2022-04-29 10:18:00,1830,1830,1830,1830,0
2022-04-29 10:19:00,1830,1830,1830,1830,0
2022-04-29 10:20:00,1830,1830,1830,1830,0
2022-04-29 10:21:00,1830,1830,1830,1830,0
2022-04-29 10:22:00,1830,1830,1830,1830,0
2022-04-29 10:23:00,1830,1830,1830,1830,0
2022-04-29 10:24:00,1830,1830,1830,1830,0
2022-04-29 10:25:00,1830,1830,1830,1830,0
2022-04-29 10:26:00,1830,1830,1830,1830,0
2022-04-29 10:27:00,1830,1830,1830,1830,0
2022-04-29 10:28:00,1830,1830,1830,1830,0
2022-04-29 10:29:00,1830,1830,1830,1830,0
2022-04-29 10:30:00,1830,1830,1830,1830,0
2022-04-29 10:31:00,1830,1830,1830,1830,0
2022-04-29 10:32:00,1830,1830,1830,1830,0
2022-04-29 10:33:00,1830,1830,1830,1830,0
2022-04-29 10:34:00,1830,1830,1830,1830,0
2022-04-29 10:35:00,1830,1830,1830,1830,0
2022-04-29 10:36:00,1830,1830,1830,1830,0
2022-04-29 10:37:00,1830,1830,1830,1830,0
2022-04-29 10:38:00,1830,1830,1830,1830,0
2022-04-29 10:39:00,1830,1830,1830,1830,0
2022-04-29 10:40:00,1830,1830,1830,1830,0
2022-04-29 10:41:00,1830,1830,1830,1830,0
2022-04-29 10:42:00,1830,1830,1830,1830,0
2022-04-29 10:43:00,1830,1830,1830,1830,0
2022-04-29 10:44:00,1830,1830,1830,1830,0
2022-04-29 10:45:00,1830,1830,1830,1830,0
2022-04-29 10:46:00,1830,1830,1830,1830,0
2022-04-29 10:47:00,1830,1830,1830,1830,0
2022-04-29 10:48:00,1830,1830,1830,1830,0
2022-04-29 10:49:00,1830,1830,1830,1830,0
2022-04-29 10:50:00,1830,1830,1830,1830,0
2022-04-29 10:51:00,1830,1830,1830,1830,0
2022-04-29 10:52:00,1830,1830,1830,1830,0
2022-04-29 10:53:00,1830,1830,1830,1830,0
2022-04-29 10:54:00,1830,1830,1830,1830,0
2022-04-29 10:55:00,1830,1830,1830,1830,0
2022-04-29 10:56:00,1830,1830,1830,1830,0
2022-04-29 10:57:00,1830,1830,1830,1830,0
2022-04-29 10:58:00,1830,1830,1830,1830,0
2022-04-29 10:59:00,1830,1830,1830,1830,0
2022-04-29 11:00:00,1830,1830,1830,1830,0
2022-04-29 11:01:00,1830,1830,1830,1830,0
2022-04-29 11:02:00,1830,1830,1830,1830,0
2022-04-29 11:03:00,1830,1830,1830,1830,0
2022-04-29 11:04:00,1830,1830,1830,1830,0
2022-04-29 11:05:00,1830,1830,1830,1830,0
2022-04-29 11:06:00,1830,1830,1830,1830,0
2022-04-29 11:07:00,1830,1830,1830,1830,0
2022-04-29 11:08:00,1830,1830,1830,1830,0
2022-04-29 11:09:00,1830,1830,1830,1830,0
2022-04-29 11:10:00,1830,1830,1830,1830,0
2022-04-29 11:11:00,1830,1830,1830,1830,0
2022-04-29 11:12:00,1830,1830,1830,1830,0
2022-04-29 11:13:00,1830,1830,1830,1830,0
2022-04-29 11:14:00,1830,1830,1830,1830,0
2022-04-29 11:15:00,1830,1830,1830,1830,0
2022-04-29 11:16:00,1830,1830,1830,1830,0
2022-04-29 11:17:00,1830,1830,1830,1830,0
2022-04-29 11:18:00,1830,1830,1830,1830,0
2022-04-29 11:19:00,1830,1830,1830,1830,0
2022-04-29 11:20:00,1830,1830,1830,1830,0
2022-04-29 11:21:00,1830,1830,1830,1830,0
2022-04-29 11:22:00,1830,1830,1830,1830,0
2022-04-29 11:23:00,1830,1830,1830,1830,0
2022-04-29 11:24:00,1830,1830,1830,1830,0
2022-04-29 11:25:00,1830,1830,1830,1830,0
2022-04-29 11:26:00,1830,1830,1830,1830,0
2022-04-29 11:27:00,1830,1830,1830,1830,0
2022-04-29 11:28:00,1830,1830,1830,1830,0
2022-04-29 11:29:00,1830,1830,1830,1830,0
2022-04-29 11:30:00,1830,1830,1830,1830,0
2022-04-29 11:31:00,1830,1830,1830,1830,0
2022-04-29 11:32:00,1830,1830,1830,1830,0
2022-04-29 11:33:00,1830,1830,1830,1830,0
2022-04-29 11:34:00,1830,1830,1830,1830,0
2022-04-29 11:35:00,1830,1830,1830,1830,0
2022-04-29 11:36:00,1830,1830,1830,1830,0
2022-04-29 11:37:00,1830,1830,1830,1830,0
2022-04-29 11:38:00,1830,1830,1830,1830,0
2022-04-29 11:39:00,1830,1830,1830,1830,0
2022-04-29 11:40:00,1830,1830,1830,1830,0
2022-04-29 11:41:00,1830,1830,1830,1830,0
2022-04-29 11:42:00,1830,1830,1830,1830,0
2022-04-29 11:43:00,1830,1830,1830,1830,0
2022-04-29 11:44:00,1830,1830,1830,1830,0
2022-04-29 11:45:00,1830,1830,1830,1830,0
2022-04-29 11:46:00,1830,1830,1830,1830,0
2022-04-29 11:47:00,1830,1830,1830,1830,0
2022-04-29 11:48:00,1830,1830,1830,1830,0
2022-04-29 11:49:00,1830,1830,1830,1830,0
2022-04-29 11:50:00,1830,1830,1830,1830,0
2022-04-29 11:51:00,1830,1830,1830,1830,0
2022-04-29 11:52:00,1830,1830,1830,1830,0
2022-04-29 11:53:00,1830,1830,1830,1830,0
2022-04-29 11:54:00,1830,1830,1830,1830,0
2022-04-29 11:55:00,1830,1830,1830,1830,0
2022-04-29 11:56:00,1830,1830,1830,1830,0
2022-04-29 11:57:00,1830,1830,1830,1830,0
2022-04-29 11:58:00,1830,1830,1830,1830,0
2022-04-29 11:59:00,1830,1830,1830,1830,0
2022-04-29 12:00:00,1830,1830,1830,1830,0
2022-04-29 12:01:00,1830,1830,1830,1830,0
2022-04-29 12:02:00,1830,1830,1830,1830,0
2022-04-29 12:03:00,1830,1830,1830,1830,0
2022-04-29 12:04:00,1830,1830,1830,1830,0
2022-04-29 12:05:00,1830,1830,1830,1830,0
2022-04-29 12:06:00,1830,1830,1830,1830,0
2022-04-29 12:07:00,1830,1830,1830,1830,0
2022-04-29 12:08:00,1830,1830,1830,1830,0
2022-04-29 12:09:00,1830,1830,1830,1830,0
2022-04-29 12:10:00,1830,1830,1830,1830,0
2022-04-29 12:11:00,1830,1830,1830,1830,0
2022-04-29 12:12:00,1830,1830,1830,1830,0
2022-04-29 12:13:00,1830,1830,1830,1830,0
2022-04-29 12:14:00,1830,1830,1830,1830,0
2022-04-29 12:15:00,1830,1830,1830,1830,0
2022-04-29 12:16:00,1830,1830,1830,1830,0
2022-04-29 12:17:00,1830,1830,1830,1830,0
2022-04-29 12:18:00,1830,1830,1830,1830,0
2022-04-29 12:19:00,1830,1830,1830,1830,0
2022-04-29 12:20:00,1830,1830,1830,1830,0
2022-04-29 12:21:00,1830,1830,1830,1830,0
2022-04-29 12:22:00,1830,1830,1830,1830,0
2022-04-29 12:23:00,1830,1830,1830,1830,0
2022-04-29 12:24:00,1830,1830,1830,1830,0
2022-04-29 12:25:00,1830,1830,1830,1830,0
2022-04-29 12:26:00,1830,1830,1830,1830,0
2022-04-29 12:27:00,1830,1830,1830,1830,0
2022-04-29 12:28:00,1830,1830,1830,1830,0
2022-04-29 12:29:00,1830,1830,1830,1830,0
2022-04-29 12:30:00,1830,1830,1830,1830,0
2022-04-29 12:31:00,1830,1830,1830,1830,0
2022-04-29 12:32:00,1830,1830,1830,1830,0
2022-04-29 12:33:00,1830,1830,1830,1830,0
2022-04-29 12:34:00,1830,1830,1830,1830,0
2022-04-29 12:35:00,1830,1830,1830,1830,0
2022-04-29 12:36:00,1830,1830,1830,1830,0
2022-04-29 12:37:00,1830,1830,1830,1830,0
2022-04-29 12:38:00,1830,1830,1830,1830,0
2022-04-29 12:39:00,1830,1830,1830,1830,0
2022-04-29 12:40:00,1830,1830,1830,1830,0
2022-04-29 12:41:00,1830,1830,1830,1830,0
2022-04-29 12:42:00,1830,1830,1830,1830,0
2022-04-29 12:43:00,1830,1830,1830,1830,0
2022-04-29 12:44:00,1830,1830,1830,1830,0
2022-04-29 12:45:00,1830,1830,1830,1830,0
2022-04-29 12:46:00,1830,1830,1830,1830,0
2022-04-29 12:47:00,1830,1830,1830,1830,0
2022-04-29 12:48:00,1830,1830,1830,1830,0
2022-04-29 12:49:00,1830,1830,1830,1830,0
2022-04-29 12:50:00,1830,1830,1830,1830,0
2022-04-29 12:51:00,1830,1830,1830,1830,0
2022-04-29 12:52:00,1830,1830,1830,1830,0
2022-04-29 12:53:00,1830,1830,1830,1830,0
2022-04-29 12:54:00,1830,1830,1830,1830,0
2022-04-29 12:55:00,1830,1830,1830,1830,0
2022-04-29 12:56:00,1830,1830,1830,1830,0
2022-04-29 12:57:00,1830,1830,1830,1830,0
2022-04-29 12:58:00,1830,1830,1830,1830,0
2022-04-29 12:59:00,1830,1830,1830,1830,0
2022-04-29 13:00:00,1830,1830,1830,1830,0
2022-04-29 13:01:00,1830,1830,1830,1830,0
2022-04-29 13:02:00,1830,1830,1830,1830,0
2022-04-29 13:03:00,1830,1830,1830,1830,0
2022-04-29 13:04:00,1830,1830,1830,1830,0
2022-04-29 13:05:00,1830,1830,1830,1830,0
2022-04-29 13:06:00,1830,1830,1830,1830,0
2022-04-29 13:07:00,1830,1830,1830,1830,0
2022-04-29 13:08:00,1830,1830,1830,1830,0
2022-04-29 13:09:00,1830,1830,1830,1830,0
2022-04-29 13:10:00,1830,1830,1830,1830,0
2022-04-29 13:11:00,1830,1830,1830,1830,0
2022-04-29 13:12:00,1830,1830,1830,1830,0
2022-04-29 13:13:00,1830,1830,1830,1830,0
2022-04-29 13:14:00,1830,1830,1830,1830,0
2022-04-29 13:15:00,1830,1830,1830,1830,0
2022-04-29 13:16:00,1830,1830,1830,1830,0
2022-04-29 13:17:00,1830,1830,1830,1830,0
2022-04-29 13:18:00,1830,1830,1830,1830,0
2022-04-29 13:19:00,1830,1830,1830,1830,0
2022-04-29 13:20:00,1830,1830,1830,1830,0
2022-04-29 13:21:00,1830,1830,1830,1830,0
2022-04-29 13:22:00,1830,1830,1830,1830,0
2022-04-29 13:23:00,1830,1830,1830,1830,0
2022-04-29 13:24:00,1830,1830,1830,1830,0
2022-04-29 13:25:00,1830,1830,1830,1830,0
2022-04-29 13:26:00,1830,1830,1830,1830,0
2022-04-29 13:27:00,1830,1830,1830,1830,0
2022-04-29 13:28:00,1830,1830,1830,1830,0
2022-04-29 13:29:00,1830,1830,1830,1830,0
2022-04-29 13:30:00,1830,1830,1830,1830,0
2022-04-29 13:31:00,1830,1830,1830,1830,0
2022-04-29 13:32:00,1830,1830,1830,1830,0
2022-04-29 13:33:00,1830,1830,1830,1830,0
2022-04-29 13:34:00,1830,1830,1830,1830,0
2022-04-29 13:35:00,1830,1830,1830,1830,0
2022-04-29 13:36:00,1830,1830,1830,1830,0
2022-04-29 13:37:00,1830,1830,1830,1830,0
2022-04-29 13:38:00,1830,1830,1830,1830,0
2022-04-29 13:39:00,1830,1830,1830,1830,0
2022-04-29 13:40:00,1830,1830,1830,1830,0
2022-04-29 13:41:00,1830,1830,1830,1830,0
2022-04-29 13:42:00,1830,1830,1830,1830,0
2022-04-29 13:43:00,1830,1830,1830,1830,0
2022-04-29 13:44:00,1830,1830,1830,1830,0
2022-04-29 13:45:00,1830,1830,1830,1830,0
2022-04-29 13:46:00,1830,1830,1830,1830,0
2022-04-29 13:47:00,1830,1830,1830,1830,0
2022-04-29 13:48:00,1830,1830,1830,1830,0
2022-04-29 13:49:00,1830,1830,1830,1830,0
2022-04-29 13:50:00,1830,1830,1830,1830,0
2022-04-29 13:51:00,1830,1830,1830,1830,0
2022-04-29 13:52:00,1830,1830,1830,1830,0
2022-04-29 13:53:00,1830,1830,1830,1830,0
2022-04-29 13:54:00,1830,1830,1830,1830,0
2022-04-29 13:55:00,1830,1830,1830,1830,0
2022-04-29 13:56:00,1830,1830,1830,1830,0
2022-04-29 13:57:00,1830,1830,1830,1830,0
2022-04-29 13:58:00,1830,1830,1830,1830,0
2022-04-29 13:59:00,1830,1830,1830,1830,0
2022-04-29 14:00:00,1830,1830,1830,1830,0
2022-04-29 14:01:00,1830,1830,1830,1830,0
2022-04-29 14:02:00,1830,1830,1830,1830,0
2022-04-29 14:03:00,1830,1830,1830,1830,0
2022-04-29 14:04:00,1830,1830,1830,1830,0
2022-04-29 14:05:00,1830,1830,1830,1830,0
2022-04-29 14:06:00,1830,1830,1830,1830,0
2022-04-29 14:07:00,1830,1830,1830,1830,0
2022-04-29 14:08:00,1830,1830,1830,1830,0
2022-04-29 14:09:00,1830,1830,1830,1830,0
2022-04-29 14:10:00,1830,1830,1830,1830,0
2022-04-29 14:11:00,1830,1830,1830,1830,0
2022-04-29 14:12:00,1830,1830,1830,1830,0
2022-04-29 14:13:00,1830,1830,1830,1830,0
2022-04-29 14:14:00,1830,1830,1830,1830,0
2022-04-29 14:15:00,1830,1830,1830,1830,0
2022-04-29 14:16:00,1830,1830,1830,1830,0
2022-04-29 14:17:00,1830,1830,1830,1830,0
2022-04-29 14:18:00,1830,1830,1830,1830,0
2022-04-29 14:19:00,1830,1830,1830,1830,0
2022-04-29 14:20:00,1830,1830,1830,1830,0
2022-04-29 14:21:00,1830,1830,1830,1830,0
2022-04-29 14:22:00,1830,1830,1830,1830,0
2022-04-29 14:23:00,1830,1830,1830,1830,0
2022-04-29 14:24:00,1830,1830,1830,1830,0
2022-04-29 14:25:00,1830,1830,1830,1830,0
2022-04-29 14:26:00,1830,1830,1830,1830,0
2022-04-29 14:27:00,1830,1830,1830,1830,0
2022-04-29 14:28:00,1830,1830,1830,1830,0
2022-04-29 14:29:00,1830,1830,1830,1830,0
2022-04-29 14:30:00,1830,1830,1830,1830,0
2022-04-29 14:31:00,1830,1830,1830,1830,0
2022-04-29 14:32:00,1830,1830,1830,1830,0
2022-04-29 14:33:00,1830,1830,1830,1830,0
2022-04-29 14:34:00,1830,1830,1830,1830,0
2022-04-29 14:35:00,1830,1830,1830,1830,0
2022-04-29 14:36:00,1830,1830,1830,1830,0
2022-04-29 14:37:00,1830,1830,1830,1830,0
2022-04-29 14:38:00,1830,1830,1830,1830,0
2022-04-29 14:39:00,1830,1830,1830,1830,0
2022-04-29 14:40:00,1830,1830,1830,1830,0
2022-04-29 14:41:00,1830,1830,1830,1830,0
2022-04-29 14:42:00,1830,1830,1830,1830,0
2022-04-29 14:43:00,1830,1830,1830,1830,0
2022-04-29 14:44:00,1830,1830,1830,1830,0
2022-04-29 14:45:00,1830,1830,1830,1830,0
2022-04-29 14:46:00,1830,1830,1830,1830,0
2022-04-29 14:47:00,1830,1830,1830,1830,0
2022-04-29 14:48:00,1830,1830,1830,1830,0
2022-04-29 14:49:00,1830,1830,1830,1830,0
2022-04-29 14:50:00,1830,1830,1830,1830,0
2022-04-29 14:51:00,1830,1830,1830,1830,0
2022-04-29 14:52:00,1830,1830,1830,1830,0
2022-04-29 14:53:00,1830,1830,1830,1830,0
2022-04-29 14:54:00,1830,1830,1830,1830,0
2022-04-29 14:55:00,1830,1830,1830,1830,0
2022-04-29 14:56:00,1830,1830,1830,1830,0
2022-04-29 14:57:00,1830,1830,1830,1830,0
2022-04-29 14:58:00,1830,1830,1830,1830,0
2022-04-29 14:59:00,1830,1830,1830,1830,0
2022-04-29 15:00:00,1830,1830,1830,1830,0
2022-04-29 15:01:00,1830,1830,1830,1830,0
2022-04-29 15:02:00,1830,1830,1830,1830,0
2022-04-29 15:03:00,1830,1830,1830,1830,0
2022-04-29 15:04:00,1830,1830,1830,1830,0
2022-04-29 15:05:00,1830,1830,1830,1830,0
2022-04-29 15:06:00,1830,1830,1830,1830,0
2022-04-29 15:07:00,1830,1830,1830,1830,0
2022-04-29 15:08:00,1830,1830,1830,1830,0
2022-04-29 15:09:00,1830,1830,1830,1830,0
2022-04-29 15:10:00,1830,1830,1830,1830,0
2022-04-29 15:11:00,1830,1830,1830,1830,0
2022-04-29 15:12:00,1830,1830,1830,1830,0
2022-04-29 15:13:00,1830,1830,1830,1830,0
2022-04-29 15:14:00,1830,1830,1830,1830,0
2022-04-29 15:15:00,1830,1830,1830,1830,0
2022-04-29 15:16:00,1830,1830,1830,1830,0
2022-04-29 15:17:00,1830,1830,1830,1830,0
2022-04-29 15:18:00,1830,1830,1830,1830,0
2022-04-29 15:19:00,1830,1830,1830,1830,0
2022-04-29 15:20:00,1830,1830,1830,1830,0
2022-04-29 15:21:00,1830,1830,1830,1830,0
2022-04-29 15:22:00,1830,1830,1830,1830,0
2022-04-29 15:23:00,1830,1830,1830,1830,0
2022-04-29 15:24:00,1830,1830,1830,1830,0
2022-04-29 15:25:00,1830,1830,1830,1830,0
2022-04-29 15:26:00,1830,1830,1830,1830,0
2022-04-29 15:27:00,1830,1830,1830,1830,0
2022-04-29 15:28:00,1830,1830,1830,1830,0
2022-04-29 15:29:00,1830,1830,1830,1830,0
2022-04-29 15:30:00,1830,1830,1830,1830,0
2022-04-29 15:31:00,1830,1830,1830,1830,0
2022-04-29 15:32:00,1830,1830,1830,1830,0
2022-04-29 15:33:00,1830,1830,1830,1830,0
2022-04-29 15:34:00,1830,1830,1830,1830,0
2022-04-29 15:35:00,1830,1830,1830,1830,0
2022-04-29 15:36:00,1830,1830,1830,1830,0
2022-04-29 15:37:00,1830,1830,1830,1830,0
2022-04-29 15:38:00,1830,1830,1830,1830,0
2022-04-29 15:39:00,1830,1830,1830,1830,0
2022-04-29 15:40:00,1830,1830,1830,1830,0
2022-04-29 15:41:00,1830,1830,1830,1830,0
2022-04-29 15:42:00,1830,1830,1830,1830,0
2022-04-29 15:43:00,1830,1830,1830,1830,0
2022-04-29 15:44:00,1830,1830,1830,1830,0
2022-04-29 15:45:00,1830,1830,1830,1830,0
2022-04-29 15:46:00,1830,1830,1830,1830,0
2022-04-29 15:47:00,1830,1830,1830,1830,0
2022-04-29 15:48:00,1830,1830,1830,1830,0
2022-04-29 15:49:00,1830,1830,1830,1830,0
2022-04-29 15:50:00,1830,1830,1830,1830,0
2022-04-29 15:51:00,1830,1830,1830,1830,0
2022-04-29 15:52:00,1830,1830,1830,1830,0
2022-04-29 15:53:00,1830,1830,1830,1830,0
2022-04-29 15:54:00,1830,1830,1830,1830,0
2022-04-29 15:55:00,1830,1830,1830,1830,0
2022-04-29 15:56:00,1830,1830,1830,1830,0
2022-04-29 15:57:00,1830,1830,1830,1830,0
2022-04-29 15:58:00,1830,1830,1830,1830,0
2022-04-29 15:59:00,1830,1830,1830,1830,0
2022-05-02 09:00:00,1830,1830,1830,1830,0
2022-05-02 09:01:00,1830,1830,1830,1830,0
2022-05-02 09:02:00,1830,1830,1830,1830,0
2022-05-02 09:03:00,1830,1830,1830,1830,0
2022-05-02 09:04:00,1830,1830,1830,1830,0
2022-05-02 09:05:00,1830,1830,1830,1830,0
2022-05-02 09:06:00,1830,1830,1830,1830,0
2022-05-02 09:07:00,1830,1830,1830,1830,0
2022-05-02 09:08:00,1830,1830,1830,1830,0
2022-05-02 09:09:00,1830,1830,1830,1830,0
2022-05-02 09:10:00,1830,1830,1830,1830,0
2022-05-02 09:11:00,1830,1830,1830,1830,0
2022-05-02 09:12:00,1830,1830,1830,1830,0
2022-05-02 09:13:00,1830,1830,1830,1830,0
2022-05-02 09:14:00,1830,1830,1830,1830,0
2022-05-02 09:15:00,1830,1830,1830,1830,0
2022-05-02 09:16:00,1830,1830,1830,1830,0
2022-05-02 09:17:00,1830,1830,1830,1830,0
2022-05-02 09:18:00,1830,1830,1830,1830,0
2022-05-02 09:19:00,1830,1830,1830,1830,0
2022-05-02 09:20:00,1830,1830,1830,1830,0
2022-05-02 09:21:00,1830,1830,1830,1830,0
2022-05-02 09:22:00,1830,1830,1830,1830,0
2022-05-02 09:23:00,1830,1830,1830,1830,0
2022-05-02 09:24:00,1830,1830,1830,1830,0
2022-05-02 09:25:00,1830,1830,1830,1830,0
2022-05-02 09:26:00,1830,1830,1830,1830,0
2022-05-02 09:27:00,1830,1830,1830,1830,0
2022-05-02 09:28:00,1830,1830,1830,1830,0
2022-05-02 09:29:00,1830,1830,1830,1830,0
2022-05-02 09:30:00,1830,1830,1830,1830,0
2022-05-02 09:31:00,1830,1830,1830,1830,0
2022-05-02 09:32:00,1830,1830,1830,1830,0
2022-05-02 09:33:00,1830,1830,1830,1830,0
2022-05-02 09:34:00,1830,1830,1830,1830,0
2022-05-02 09:35:00,1830,1830,1830,1830,0
2022-05-02 09:36:00,1830,1830,1830,1830,0
2022-05-02 09:37:00,1830,1830,1830,1830,0
2022-05-02 09:38:00,1830,1830,1830,1830,0
2022-05-02 09:39:00,1830,1830,1830,1830,0
2022-05-02 09:40:00,1830,1830,1830,1830,0
2022-05-02 09:41:00,1830,1830,1830,1830,0
2022-05-02 09:42:00,1830,1830,1830,1830,0
2022-05-02 09:43:00,1830,1830,1830,1830,0
2022-05-02 09:44:00,1830,1830,1830,1830,0
2022-05-02 09:45:00,1830,1830,1830,1830,0
2022-05-02 09:46:00,1830,1830,1830,1830,0
2022-05-02 09:47:00,1830,1830,1830,1830,0
2022-05-02 09:48:00,1830,1830,1830,1830,0
2022-05-02 09:49:00,1830,1830,1830,1830,0
2022-05-02 09:50:00,1830,1830,1830,1830,0
2022-05-02 09:51:00,1830,1830,1830,1830,0
2022-05-02 09:52:00,1830,1830,1830,1830,0
2022-05-02 09:53:00,1830,1830,1830,1830,0
2022-05-02 09:54:00,1830,1830,1830,1830,0
2022-05-02 09:55:00,1830,1830,1830,1830,0
2022-05-02 09:56:00,1830,1830,1830,1830,0
2022-05-02 09:57:00,1830,1830,1830,1830,0
2022-05-02 09:58:00,1830,1830,1830,1830,0
2022-05-02 09:59:00,1830,1830,1830,1830,0
2022-05-02 10:00:00,1830,1830,1830,1830,0
2022-05-02 10:01:00,1830,1830,1830,1830,0
2022-05-02 10:02:00,1830,1830,1830,1830,0
2022-05-02 10:03:00,1830,1830,1830,1830,0
2022-05-02 10:04:00,1830,1830,1830,1830,0
2022-05-02 10:05:00,1830,1830,1830,1830,0
2022-05-02 10:06:00,1830,1830,1830,1830,0
2022-05-02 10:07:00,1830,1830,1830,1830,0
2022-05-02 10:08:00,1830,1830,1830,1830,0
2022-05-02 10:09:00,1830,1830,1830,1830,0
2022-05-02 10:10:00,1830,1830,1830,1830,0
2022-05-02 10:11:00,1830,1830,1830,1830,0
2022-05-02 10:12:00,1830,1830,1830,1830,0
2022-05-02 10:13:00,1830,1830,1830,1830,0
2022-05-02 10:14:00,1830,1830,1830,1830,0
2022-05-02 10:15:00,1830,1830,1830,1830,0
2022-05-02 10:16:00,1830,1830,1830,1830,0
2022-05-02 10:17:00,1830,1830,1830,1830,0
2022-05-02 10:18:00,1830,1830,1830,1830,0
2022-05-02 10:19:00,1830,1830,1830,1830,0
2022-05-02 10:20:00,1830,1830,1830,1830,0
2022-05-02 10:21:00,1830,1830,1830,1830,0
2022-05-02 10:22:00,1830,1830,1830,1830,0
2022-05-02 10:23:00,1830,1830,1830,1830,0
2022-05-02 10:24:00,1830,1830,1830,1830,0
2022-05-02 10:25:00,1830,1830,1830,1830,0
2022-05-02 10:26:00,1830,1830,1830,1830,0
2022-05-02 10:27:00,1830,1830,1830,1830,0
2022-05-02 10:28:00,1830,1830,1830,1830,0
2022-05-02 10:29:00,1830,1830,1830,1830,0
2022-05-02 10:30:00,1830,1830,1830,1830,0
2022-05-02 10:31:00,1830,1830,1830,1830,0
2022-05-02 10:32:00,1830,1830,1830,1830,0
2022-05-02 10:33:00,1830,1830,1830,1830,0
2022-05-02 10:34:00,1830,1830,1830,1830,0
2022-05-02 10:35:00,1830,1830,1830,1830,0
2022-05-02 10:36:00,1830,1830,1830,1830,0
2022-05-02 10:37:00,1830,1830,1830,1830,0
2022-05-02 10:38:00,1830,1830,1830,1830,0
2022-05-02 10:39:00,1830,1830,1830,1830,0
2022-05-02 10:40:00,1830,1830,1830,1830,0
2022-05-02 10:41:00,1830,1830,1830,1830,0
2022-05-02 10:42:00,1830,1830,1830,1830,0
2022-05-02 10:43:00,1830,1830,1830,1830,0
2022-05-02 10:44:00,1830,1830,1830,1830,0
2022-05-02 10:45:00,1830,1830,1830,1830,0
2022-05-02 10:46:00,1830,1830,1830,1830,0
2022-05-02 10:47:00,1830,1830,1830,1830,0
2022-05-02 10:48:00,1830,1830,1830,1830,0
2022-05-02 10:49:00,1830,1830,1830,1830,0
2022-05-02 10:50:00,1830,1830,1830,1830,0
2022-05-02 10:51:00,1830,1830,1830,1830,0
2022-05-02 10:52:00,1830,1830,1830,1830,0
2022-05-02 10:53:00,1830,1830,1830,1830,0
2022-05-02 10:54:00,1830,1830,1830,1830,0
2022-05-02 10:55:00,1830,1830,1830,1830,0
2022-05-02 10:56:00,1830,1830,1830,1830,0
2022-05-02 10:57:00,1830,1830,1830,1830,0
2022-05-02 10:58:00,1830,1830,1830,1830,0
2022-05-02 10:59:00,1830,1830,1830,1830,0
2022-05-02 11:00:00,1830,1830,1830,1830,0
2022-05-02 11:01:00,1830,1830,1830,1830,0
2022-05-02 11:02:00,1830,1830,1830,1830,0
2022-05-02 11:03:00,1830,1830,1830,1830,0
2022-05-02 11:04:00,1830,1830,1830,1830,0
2022-05-02 11:05:00,1830,1830,1830,1830,0
2022-05-02 11:06:00,1830,1830,1830,1830,0
2022-05-02 11:07:00,1830,1830,1830,1830,0
2022-05-02 11:08:00,1830,1830,1830,1830,0
2022-05-02 11:09:00,1830,1830,1830,1830,0
2022-05-02 11:10:00,1830,1830,1830,1830,0
2022-05-02 11:11:00,1830,1830,1830,1830,0
2022-05-02 11:12:00,1830,1830,1830,1830,0
2022-05-02 11:13:00,1830,1830,1830,1830,0
2022-05-02 11:14:00,1830,1830,1830,1830,0
2022-05-02 11:15:00,1830,1830,1830,1830,0
2022-05-02 11:16:00,1830,1830,1830,1830,0
2022-05-02 11:17:00,1830,1830,1830,1830,0
2022-05-02 11:18:00,1830,1830,1830,1830,0
2022-05-02 11:19:00,1830,1830,1830,1830,0
2022-05-02 11:20:00,1830,1830,1830,1830,0
2022-05-02 11:21:00,1830,1830,1830,1830,0
2022-05-02 11:22:00,1830,1830,1830,1830,0
2022-05-02 11:23:00,1830,1830,1830,1830,0
2022-05-02 11:24:00,1830,1830,1830,1830,0
2022-05-02 11:25:00,1830,1830,1830,1830,0
2022-05-02 11:26:00,1830,1830,1830,1830,0
2022-05-02 11:27:00,1830,1830,1830,1830,0
2022-05-02 11:28:00,1830,1830,1830,1830,0
2022-05-02 11:29:00,1830,1830,1830,1830,0
2022-05-02 11:30:00,1830,1830,1830,1830,0
2022-05-02 11:31:00,1830,1830,1830,1830,0
2022-05-02 11:32:00,1830,1830,1830,1830,0
2022-05-02 11:33:00,1830,1830,1830,1830,0
2022-05-02 11:34:00,1830,1830,1830,1830,0
2022-05-02 11:35:00,1830,1830,1830,1830,0
2022-05-02 11:36:00,1830,1830,1830,1830,0
2022-05-02 11:37:00,1830,1830,1830,1830,0
2022-05-02 11:38:00,1830,1830,1830,1830,0
2022-05-02 11:39:00,1830,1830,1830,1830,0
2022-05-02 11:40:00,1830,1830,1830,1830,0
2022-05-02 11:41:00,1830,1830,1830,1830,0
2022-05-02 11:42:00,1830,1830,1830,1830,0
2022-05-02 11:43:00,1830,1830,1830,1830,0
2022-05-02 11:44:00,1830,1830,1830,1830,0
2022-05-02 11:45:00,1830,1830,1830,1830,0
2022-05-02 11:46:00,1830,1830,1830,1830,0
2022-05-02 11:47:00,1830,1830,1830,1830,0
2022-05-02 11:48:00,1830,1830,1830,1830,0
2022-05-02 11:49:00,1830,1830,1830,1830,0
2022-05-02 11:50:00,1830,1830,1830,1830,0
2022-05-02 11:51:00,1830,1830,1830,1830,0
2022-05-02 11:52:00,1830,1830,1830,1830,0
2022-05-02 11:53:00,1830,1830,1830,1830,0
2022-05-02 11:54:00,1830,1830,1830,1830,0
2022-05-02 11:55:00,1830,1830,1830,1830,0
2022-05-02 11:56:00,1830,1830,1830,1830,0
2022-05-02 11:57:00,1830,1830,1830,1830,0
2022-05-02 11:58:00,1830,1830,1830,1830,0
2022-05-02 11:59:00,1830,1830,1830,1830,0
2022-05-02 12:00:00,1830,1830,1830,1830,0
2022-05-02 12:01:00,1830,1830,1830,1830,0
2022-05-02 12:02:00,1830,1830,1830,1830,0
2022-05-02 12:03:00,1830,1830,1830,1830,0
2022-05-02 12:04:00,1830,1830,1830,1830,0
2022-05-02 12:05:00,1830,1830,1830,1830,0
2022-05-02 12:06:00,1830,1830,1830,1830,0
2022-05-02 12:07:00,1830,1830,1830,1830,0
2022-05-02 12:08:00,1830,1830,1830,1830,0
2022-05-02 12:09:00,1830,1830,1830,1830,0
2022-05-02 12:10:00,1830,1830,1830,1830,0
2022-05-02 12:11:00,1830,1830,1830,1830,0
2022-05-02 12:12:00,1830,1830,1830,1830,0
2022-05-02 12:13:00,1830,1830,1830,1830,0
2022-05-02 12:14:00,1830,1830,1830,1830,0
2022-05-02 12:15:00,1830,1830,1830,1830,0
2022-05-02 12:16:00,1830,1830,1830,1830,0
2022-05-02 12:17:00,1830,1830,1830,1830,0
2022-05-02 12:18:00,1830,1830,1830,1830,0
2022-05-02 12:19:00,1830,1830,1830,1830,0
2022-05-02 12:20:00,1830,1830,1830,1830,0
2022-05-02 12:21:00,1830,1830,1830,1830,0
2022-05-02 12:22:00,1830,1830,1830,1830,0
2022-05-02 12:23:00,1830,1830,1830,1830,0
2022-05-02 12:24:00,1830,1830,1830,1830,0
2022-05-02 12:25:00,1830,1830,1830,1830,0
2022-05-02 12:26:00,1830,1830,1830,1830,0
2022-05-02 12:27:00,1830,1830,1830,1830,0
2022-05-02 12:28:00,1830,1830,1830,1830,0
2022-05-02 12:29:00,1830,1830,1830,1830,0
2022-05-02 12:30:00,1830,1830,1830,1830,0
2022-05-02 12:31:00,1830,1830,1830,1830,0
2022-05-02 12:32:00,1830,1830,1830,1830,0
2022-05-02 12:33:00,1830,1830,1830,1830,0
2022-05-02 12:34:00,1830,1830,1830,1830,0
2022-05-02 12:35:00,1830,1830,1830,1830,0
2022-05-02 12:36:00,1830,1830,1830,1830,0
2022-05-02 12:37:00,1830,1830,1830,1830,0
2022-05-02 12:38:00,1830,1830,1830,1830,0
2022-05-02 12:39:00,1830,1830,1830,1830,0
2022-05-02 12:40:00,1830,1830,1830,1830,0
2022-05-02 12:41:00,1830,1830,1830,1830,0
2022-05-02 12:42:00,1830,1830,1830,1830,0
2022-05-02 12:43:00,1830,1830,1830,1830,0
2022-05-02 12:44:00,1830,1830,1830,1830,0
2022-05-02 12:45:00,1830,1830,1830,1830,0
2022-05-02 12:46:00,1830,1830,1830,1830,0
2022-05-02 12:47:00,1830,1830,1830,1830,0
2022-05-02 12:48:00,1830,1830,1830,1830,0
2022-05-02 12:49:00,1830,1830,1830,1830,0
2022-05-02 12:50:00,1830,1830,1830,1830,0
2022-05-02 12:51:00,1830,1830,1830,1830,0
2022-05-02 12:52:00,1830,1830,1830,1830,0
2022-05-02 12:53:00,1830,1830,1830,1830,0
2022-05-02 12:54:00,1830,1830,1830,1830,0
2022-05-02 12:55:00,1830,1830,1830,1830,0
2022-05-02 12:56:00,1830,1830,1830,1830,0
2022-05-02 12:57:00,1830,1830,1830,1830,0
2022-05-02 12:58:00,1830,1830,1830,1830,0
2022-05-02 12:59:00,1830,1830,1830,1830,0
2022-05-02 13:00:00,1830,1830,1830,1830,0
2022-05-02 13:01:00,1830,1830,1830,1830,0
2022-05-02 13:02:00,1830,1830,1830,1830,0
2022-05-02 13:03:00,1830,1830,1830,1830,0
2022-05-02 13:04:00,1830,1830,1830,1830,0
2022-05-02 13:05:00,1830,1830,1830,1830,0
2022-05-02 13:06:00,1830,1830,1830,1830,0
2022-05-02 13:07:00,1830,1830,1830,1830,0
2022-05-02 13:08:00,1830,1830,1830,1830,0
2022-05-02 13:09:00,1830,1830,1830,1830,0
2022-05-02 13:10:00,1830,1830,1830,1830,0
2022-05-02 13:11:00,1830,1830,1830,1830,0
2022-05-02 13:12:00,1830,1830,1830,1830,0
2022-05-02 13:13:00,1830,1830,1830,1830,0
2022-05-02 13:14:00,1830,1830,1830,1830,0
2022-05-02 13:15:00,1830,1830,1830,1830,0
2022-05-02 13:16:00,1830,1830,1830,1830,0
2022-05-02 13:17:00,1830,1830,1830,1830,0
2022-05-02 13:18:00,1830,1830,1830,1830,0
2022-05-02 13:19:00,1830,1830,1830,1830,0
2022-05-02 13:20:00,1830,1830,1830,1830,0
2022-05-02 13:21:00,1830,1830,1830,1830,0
2022-05-02 13:22:00,1830,1830,1830,1830,0
2022-05-02 13:23:00,1830,1830,1830,1830,0
2022-05-02 13:24:00,1830,1830,1830,1830,0
2022-05-02 13:25:00,1830,1830,1830,1830,0
2022-05-02 13:26:00,1830,1830,1830,1830,0
2022-05-02 13:27:00,1830,1830,1830,1830,0
2022-05-02 13:28:00,1830,1830,1830,1830,0
2022-05-02 13:29:00,1830,1830,1830,1830,0
2022-05-02 13:30:00,1830,1830,1830,1830,0
2022-05-02 13:31:00,1830,1830,1830,1830,0
2022-05-02 13:32:00,1830,1830,1830,1830,0
2022-05-02 13:33:00,1830,1830,1830,1830,0
2022-05-02 13:34:00,1830,1830,1830,1830,0
2022-05-02 13:35:00,1830,1830,1830,1830,0
2022-05-02 13:36:00,1830,1830,1830,1830,0
2022-05-02 13:37:00,1830,1830,1830,1830,0
2022-05-02 13:38:00,1830,1830,1830,1830,0
2022-05-02 13:39:00,1830,1830,1830,1830,0
2022-05-02 13:40:00,1830,1830,1830,1830,0
2022-05-02 13:41:00,1830,1830,1830,1830,0
2022-05-02 13:42:00,1830,1830,1830,1830,0
2022-05-02 13:43:00,1830,1830,1830,1830,0
2022-05-02 13:44:00,1830,1830,1830,1830,0
2022-05-02 13:45:00,1830,1830,1830,1830,0
2022-05-02 13:46:00,1830,1830,1830,1830,0
2022-05-02 13:47:00,1830,1830,1830,1830,0
2022-05-02 13:48:00,1830,1830,1830,1830,0
2022-05-02 13:49:00,1830,1830,1830,1830,0
2022-05-02 13:50:00,1830,1830,1830,1830,0
2022-05-02 13:51:00,1830,1830,1830,1830,0
2022-05-02 13:52:00,1830,1830,1830,1830,0
2022-05-02 13:53:00,1830,1830,1830,1830,0
2022-05-02 13:54:00,1830,1830,1830,1830,0
2022-05-02 13:55:00,1830,1830,1830,1830,0
2022-05-02 13:56:00,1830,1830,1830,1830,0
2022-05-02 13:57:00,1830,1830,1830,1830,0
2022-05-02 13:58:00,1830,1830,1830,1830,0
2022-05-02 13:59:00,1830,1830,1830,1830,0
2022-05-02 14:00:00,1830,1830,1830,1830,0
2022-05-02 14:01:00,1830,1830,1830,1830,0
2022-05-02 14:02:00,1830,1830,1830,1830,0
2022-05-02 14:03:00,1830,1830,1830,1830,0
2022-05-02 14:04:00,1830,1830,1830,1830,0
2022-05-02 14:05:00,1830,1830,1830,1830,0
2022-05-02 14:06:00,1830,1830,1830,1830,0
2022-05-02 14:07:00,1830,1830,1830,1830,0
2022-05-02 14:08:00,1830,1830,1830,1830,0
2022-05-02 14:09:00,1830,1830,1830,1830,0
2022-05-02 14:10:00,1830,1830,1830,1830,0
2022-05-02 14:11:00,1830,1830,1830,1830,0
2022-05-02 14:12:00,1830,1830,1830,1830,0
2022-05-02 14:13:00,1830,1830,1830,1830,0
2022-05-02 14:14:00,1830,1830,1830,1830,0
2022-05-02 14:15:00,1830,1830,1830,1830,0
2022-05-02 14:16:00,1830,1830,1830,1830,0
2022-05-02 14:17:00,1830,1830,1830,1830,0
2022-05-02 14:18:00,1830,1830,1830,1830,0
2022-05-02 14:19:00,1830,1830,1830,1830,0
2022-05-02 14:20:00,1830,1830,1830,1830,0
2022-05-02 14:21:00,1830,1830,1830,1830,0
2022-05-02 14:22:00,1830,1830,1830,1830,0
2022-05-02 14:23:00,1830,1830,1830,1830,0
2022-05-02 14:24:00,1830,1830,1830,1830,0
2022-05-02 14:25:00,1830,1830,1830,1830,0
2022-05-02 14:26:00,1830,1830,1830,1830,0
2022-05-02 14:27:00,1830,1830,1830,1830,0
2022-05-02 14:28:00,1830,1830,1830,1830,0
2022-05-02 14:29:00,1830,1830,1830,1830,0
2022-05-02 14:30:00,1830,1830,1830,1830,0
2022-05-02 14:31:00,1830,1830,1830,1830,0
2022-05-02 14:32:00,1830,1830,1830,1830,0
2022-05-02 14:33:00,1830,1830,1830,1830,0
2022-05-02 14:34:00,1830,1830,1830,1830,0
2022-05-02 14:35:00,1830,1830,1830,1830,0
2022-05-02 14:36:00,1830,1830,1830,1830,0
2022-05-02 14:37:00,1830,1830,1830,1830,0
2022-05-02 14:38:00,1830,1830,1830,1830,0
2022-05-02 14:39:00,1830,1830,1830,1830,0
2022-05-02 14:40:00,1830,1830,1830,1830,0
2022-05-02 14:41:00,1830,1830,1830,1830,0
2022-05-02 14:42:00,1830,1830,1830,1830,0
2022-05-02 14:43:00,1830,1830,1830,1830,0
2022-05-02 14:44:00,1830,1830,1830,1830,0
2022-05-02 14:45:00,1830,1830,1830,1830,0
2022-05-02 14:46:00,1830,1830,1830,1830,0
2022-05-02 14:47:00,1830,1830,1830,1830,0
2022-05-02 14:48:00,1830,1830,1830,1830,0
2022-05-02 14:49:00,1830,1830,1830,1830,0
2022-05-02 14:50:00,1830,1830,1830,1830,0
2022-05-02 14:51:00,1830,1830,1830,1830,0
2022-05-02 14:52:00,1830,1830,1830,1830,0
2022-05-02 14:53:00,1830,1830,1830,1830,0
2022-05-02 14:54:00,1830,1830,1830,1830,0
2022-05-02 14:55:00,1830,1830,1830,1830,0
2022-05-02 14:56:00,1830,1830,1830,1830,0
2022-05-02 14:57:00,1830,1830,1830,1830,0
2022-05-02 14:58:00,1830,1830,1830,1830,0
2022-05-02 14:59:00,1830,1830,1830,1830,0
2022-05-02 15:00:00,1830,1830,1830,1830,0
2022-05-02 15:01:00,1830,1830,1830,1830,0
2022-05-02 15:02:00,1830,1830,1830,1830,0
2022-05-02 15:03:00,1830,1830,1830,1830,0
2022-05-02 15:04:00,1830,1830,1830,1830,0
2022-05-02 15:05:00,1830,1830,1830,1830,0
2022-05-02 15:06:00,1830,1830,1830,1830,0
2022-05-02 15:07:00,1830,1830,1830,1830,0
2022-05-02 15:08:00,1830,1830,1830,1830,0
2022-05-02 15:09:00,1830,1830,1830,1830,0
2022-05-02 15:10:00,1830,1830,1830,1830,0
2022-05-02 15:11:00,1830,1830,1830,1830,0
2022-05-02 15:12:00,1830,1830,1830,1830,0
2022-05-02 15:13:00,1830,1830,1830,1830,0
2022-05-02 15:14:00,1830,1830,1830,1830,0
2022-05-02 15:15:00,1830,1830,1830,1830,0
2022-05-02 15:16:00,1830,1830,1830,1830,0
2022-05-02 15:17:00,1830,1830,1830,1830,0
2022-05-02 15:18:00,1830,1830,1830,1830,0
2022-05-02 15:19:00,1830,1830,1830,1830,0
2022-05-02 15:20:00,1830,1830,1830,1830,0
2022-05-02 15:21:00,1830,1830,1830,1830,0
2022-05-02 15:22:00,1830,1830,1830,1830,0
2022-05-02 15:23:00,1830,1830,1830,1830,0
2022-05-02 15:24:00,1830,1830,1830,1830,0
2022-05-02 15:25:00,1830,1830,1830,1830,0
2022-05-02 15:26:00,1830,1830,1830,1830,0
2022-05-02 15:27:00,1830,1830,1830,1830,0
2022-05-02 15:28:00,1830,1830,1830,1830,0
2022-05-02 15:29:00,1830,1830,1830,1830,0
2022-05-02 15:30:00,1830,1830,1830,1830,0
2022-05-02 15:31:00,1830,1830,1830,1830,0
2022-05-02 15:32:00,1830,1830,1830,1830,0
2022-05-02 15:33:00,1830,1830,1830,1830,0
2022-05-02 15:34:00,1830,1830,1830,1830,0
2022-05-02 15:35:00,1830,1830,1830,1830,0
2022-05-02 15:36:00,1830,1830,1830,1830,0
2022-05-02 15:37:00,1830,1830,1830,1830,0
2022-05-02 15:38:00,1830,1830,1830,1830,0
2022-05-02 15:39:00,1830,1830,1830,1830,0
2022-05-02 15:40:00,1830,1830,1830,1830,0
2022-05-02 15:41:00,1830,1830,1830,1830,0
2022-05-02 15:42:00,1830,1830,1830,1830,0
2022-05-02 15:43:00,1830,1830,1830,1830,0
2022-05-02 15:44:00,1830,1830,1830,1830,0
2022-05-02 15:45:00,1830,1830,1830,1830,0
2022-05-02 15:46:00,1830,1830,1830,1830,0
2022-05-02 15:47:00,1830,1830,1830,1830,0
2022-05-02 15:48:00,1830,1830,1830,1830,0
2022-05-02 15:49:00,1830,1830,1830,1830,0
2022-05-02 15:50:00,1830,1830,1830,1830,0
2022-05-02 15:51:00,1830,1830,1830,1830,0
2022-05-02 15:52:00,1830,1830,1830,1830,0
2022-05-02 15:53:00,1830,1830,1830,1830,0
2022-05-02 15:54:00,1830,1830,1830,1830,0
2022-05-02 15:55:00,1830,1830,1830,1830,0
2022-05-02 15:56:00,1830,1830,1830,1830,0
2022-05-02 15:57:00,1830,1830,1830,1830,0
2022-05-02 15:58:00,1830,1830,1830,1830,0
2022-05-02 15:59:00,1830,1830,1830,1830,0
2022-05-03 09:00:00,1830,1830,1830,1830,0
2022-05-03 09:01:00,1830,1830,1830,1830,0
2022-05-03 09:02:00,1830,1830,1830,1830,0
2022-05-03 09:03:00,1830,1830,1830,1830,0
2022-05-03 09:04:00,1830,1830,1830,1830,0
2022-05-03 09:05:00,1830,1830,1830,1830,0
2022-05-03 09:06:00,1830,1830,1830,1830,0
2022-05-03 09:07:00,1830,1830,1830,1830,0
2022-05-03 09:08:00,1830,1830,1830,1830,0
2022-05-03 09:09:00,1830,1830,1830,1830,0
2022-05-03 09:10:00,1830,1830,1830,1830,0
2022-05-03 09:11:00,1830,1830,1830,1830,0
2022-05-03 09:12:00,1830,1830,1830,1830,0
2022-05-03 09:13:00,1830,1830,1830,1830,0
2022-05-03 09:14:00,1830,1830,1830,1830,0
2022-05-03 09:15:00,1830,1830,1830,1830,0
2022-05-03 09:16:00,1830,1830,1830,1830,0
2022-05-03 09:17:00,1830,1830,1830,1830,0
2022-05-03 09:18:00,1830,1830,1830,1830,0
2022-05-03 09:19:00,1830,1830,1830,1830,0
2022-05-03 09:20:00,1830,1830,1830,1830,0
2022-05-03 09:21:00,1830,1830,1830,1830,0
2022-05-03 09:22:00,1830,1830,1830,1830,0
2022-05-03 09:23:00,1830,1830,1830,1830,0
2022-05-03 09:24:00,1830,1830,1830,1830,0
2022-05-03 09:25:00,1830,1830,1830,1830,0
2022-05-03 09:26:00,1830,1830,1830,1830,0
2022-05-03 09:27:00,1830,1830,1830,1830,0
2022-05-03 09:28:00,1830,1830,1830,1830,0
2022-05-03 09:29:00,1830,1830,1830,1830,0
2022-05-03 09:30:00,1830,1830,1830,1830,0
2022-05-03 09:31:00,1830,1830,1830,1830,0
2022-05-03 09:32:00,1830,1830,1830,1830,0
2022-05-03 09:33:00,1830,1830,1830,1830,0
2022-05-03 09:34:00,1830,1830,1830,1830,0
2022-05-03 09:35:00,1830,1830,1830,1830,0
2022-05-03 09:36:00,1830,1830,1830,1830,0
2022-05-03 09:37:00,1830,1830,1830,1830,0
2022-05-03 09:38:00,1830,1830,1830,1830,0
2022-05-03 09:39:00,1830,1830,1830,1830,0
2022-05-03 09:40:00,1830,1830,1830,1830,0
2022-05-03 09:41:00,1830,1830,1830,1830,0
2022-05-03 09:42:00,1830,1830,1830,1830,0
2022-05-03 09:43:00,1830,1830,1830,1830,0
2022-05-03 09:44:00,1830,1830,1830,1830,0
2022-05-03 09:45:00,1830,1830,1830,1830,0
2022-05-03 09:46:00,1830,1830,1830,1830,0
2022-05-03 09:47:00,1830,1830,1830,1830,0
2022-05-03 09:48:00,1830,1830,1830,1830,0
2022-05-03 09:49:00,1830,1830,1830,1830,0
2022-05-03 09:50:00,1830,1830,1830,1830,0
2022-05-03 09:51:00,1830,1830,1830,1830,0
2022-05-03 09:52:00,1830,1830,1830,1830,0
2022-05-03 09:53:00,1830,1830,1830,1830,0
2022-05-03 09:54:00,1830,1830,1830,1830,0
2022-05-03 09:55:00,1830,1830,1830,1830,0
2022-05-03 09:56:00,1830,1830,1830,1830,0
2022-05-03 09:57:00,1830,1830,1830,1830,0
2022-05-03 09:58:00,1830,1830,1830,1830,0
2022-05-03 09:59:00,1830,1830,1830,1830,0
2022-05-03 10:00:00,1830,1830,1830,1830,0
2022-05-03 10:01:00,1830,1830,1830,1830,0
2022-05-03 10:02:00,1830,1830,1830,1830,0
2022-05-03 10:03:00,1830,1830,1830,1830,0
2022-05-03 10:04:00,1830,1830,1830,1830,0
2022-05-03 10:05:00,1830,1830,1830,1830,0
2022-05-03 10:06:00,1830,1830,1830,1830,0
2022-05-03 10:07:00,1830,1830,1830,1830,0
2022-05-03 10:08:00,1830,1830,1830,1830,0
2022-05-03 10:09:00,1830,1830,1830,1830,0
2022-05-03 10:10:00,1830,1830,1830,1830,0
2022-05-03 10:11:00,1830,1830,1830,1830,0
2022-05-03 10:12:00,1830,1830,1830,1830,0
2022-05-03 10:13:00,1830,1830,1830,1830,0
2022-05-03 10:14:00,1830,1830,1830,1830,0
2022-05-03 10:15:00,1830,1830,1830,1830,0
2022-05-03 10:16:00,1830,1830,1830,1830,0
2022-05-03 10:17:00,1830,1830,1830,1830,0
2022-05-03 10:18:00,1830,1830,1830,1830,0
2022-05-03 10:19:00,1830,1830,1830,1830,0
2022-05-03 10:20:00,1830,1830,1830,1830,0
2022-05-03 10:21:00,1830,1830,1830,1830,0
2022-05-03 10:22:00,1830,1830,1830,1830,0
2022-05-03 10:23:00,1830,1830,1830,1830,0
2022-05-03 10:24:00,1830,1830,1830,1830,0
2022-05-03 10:25:00,1830,1830,1830,1830,0
2022-05-03 10:26:00,1830,1830,1830,1830,0
2022-05-03 10:27:00,1830,1830,1830,1830,0
2022-05-03 10:28:00,1830,1830,1830,1830,0
2022-05-03 10:29:00,1830,1830,1830,1830,0
2022-05-03 10:30:00,1830,1830,1830,1830,0
2022-05-03 10:31:00,1830,1830,1830,1830,0
2022-05-03 10:32:00,1830,1830,1830,1830,0
2022-05-03 10:33:00,1830,1830,1830,1830,0
2022-05-03 10:34:00,1830,1830,1830,1830,0
2022-05-03 10:35:00,1830,1830,1830,1830,0
2022-05-03 10:36:00,1830,1830,1830,1830,0
2022-05-03 10:37:00,1830,1830,1830,1830,0
2022-05-03 10:38:00,1830,1830,1830,1830,0
2022-05-03 10:39:00,1830,1830,1830,1830,0
2022-05-03 10:40:00,1830,1830,1830,1830,0
2022-05-03 10:41:00,1830,1830,1830,1830,0
2022-05-03 10:42:00,1830,1830,1830,1830,0
2022-05-03 10:43:00,1830,1830,1830,1830,0
2022-05-03 10:44:00,1830,1830,1830,1830,0
2022-05-03 10:45:00,1830,1830,1830,1830,0
2022-05-03 10:46:00,1830,1830,1830,1830,0
2022-05-03 10:47:00,1830,1830,1830,1830,0
2022-05-03 10:48:00,1830,1830,1830,1830,0
2022-05-03 10:49:00,1830,1830,1830,1830,0
2022-05-03 10:50:00,1830,1830,1830,1830,0
2022-05-03 10:51:00,1830,1830,1830,1830,0
2022-05-03 10:52:00,1830,1830,1830,1830,0
2022-05-03 10:53:00,1830,1830,1830,1830,0
2022-05-03 10:54:00,1830,1830,1830,1830,0
2022-05-03 10:55:00,1830,1830,1830,1830,0
2022-05-03 10:56:00,1830,1830,1830,1830,0
2022-05-03 10:57:00,1830,1830,1830,1830,0
2022-05-03 10:58:00,1830,1830,1830,1830,0
2022-05-03 10:59:00,1830,1830,1830,1830,0
2022-05-03 11:00:00,1830,1830,1830,1830,0
2022-05-03 11:01:00,1830,1830,1830,1830,0
2022-05-03 11:02:00,1830,1830,1830,1830,0
2022-05-03 11:03:00,1830,1830,1830,1830,0
2022-05-03 11:04:00,1830,1830,1830,1830,0
2022-05-03 11:05:00,1830,1830,1830,1830,0
2022-05-03 11:06:00,1830,1830,1830,1830,0
2022-05-03 11:07:00,1830,1830,1830,1830,0
2022-05-03 11:08:00,1830,1830,1830,1830,0
2022-05-03 11:09:00,1830,1830,1830,1830,0
2022-05-03 11:10:00,1830,1830,1830,1830,0
2022-05-03 11:11:00,1830,1830,1830,1830,0
2022-05-03 11:12:00,1830,1830,1830,1830,0
2022-05-03 11:13:00,1830,1830,1830,1830,0
2022-05-03 11:14:00,1830,1830,1830,1830,0
2022-05-03 11:15:00,1830,1830,1830,1830,0
2022-05-03 11:16:00,1830,1830,1830,1830,0
2022-05-03 11:17:00,1830,1830,1830,1830,0
2022-05-03 11:18:00,1830,1830,1830,1830,0
2022-05-03 11:19:00,1830,1830,1830,1830,0
2022-05-03 11:20:00,1830,1830,1830,1830,0
2022-05-03 11:21:00,1830,1830,1830,1830,0
2022-05-03 11:22:00,1830,1830,1830,1830,0
2022-05-03 11:23:00,1830,1830,1830,1830,0
2022-05-03 11:24:00,1830,1830,1830,1830,0
2022-05-03 11:25:00,1830,1830,1830,1830,0
2022-05-03 11:26:00,1830,1830,1830,1830,0
2022-05-03 11:27:00,1830,1830,1830,1830,0
2022-05-03 11:28:00,1830,1830,1830,1830,0
2022-05-03 11:29:00,1830,1830,1830,1830,0
2022-05-03 11:30:00,1830,1830,1830,1830,0
2022-05-03 11:31:00,1830,1830,1830,1830,0
2022-05-03 11:32:00,1830,1830,1830,1830,0
2022-05-03 11:33:00,1830,1830,1830,1830,0
2022-05-03 11:34:00,1830,1830,1830,1830,0
2022-05-03 11:35:00,1830,1830,1830,1830,0
2022-05-03 11:36:00,1830,1830,1830,1830,0
2022-05-03 11:37:00,1830,1830,1830,1830,0
2022-05-03 11:38:00,1830,1830,1830,1830,0
2022-05-03 11:39:00,1830,1830,1830,1830,0
2022-05-03 11:40:00,1830,1830,1830,1830,0
2022-05-03 11:41:00,1830,1830,1830,1830,0
2022-05-03 11:42:00,1830,1830,1830,1830,0
2022-05-03 11:43:00,1830,1830,1830,1830,0
2022-05-03 11:44:00,1830,1830,1830,1830,0
2022-05-03 11:45:00,1830,1830,1830,1830,0
2022-05-03 11:46:00,1830,1830,1830,1830,0
2022-05-03 11:47:00,1830,1830,1830,1830,0
2022-05-03 11:48:00,1830,1830,1830,1830,0
2022-05-03 11:49:00,1830,1830,1830,1830,0
2022-05-03 11:50:00,1830,1830,1830,1830,0
2022-05-03 11:51:00,1830,1830,1830,1830,0
2022-05-03 11:52:00,1830,1830,1830,1830,0
2022-05-03 11:53:00,1830,1830,1830,1830,0
2022-05-03 11:54:00,1830,1830,1830,1830,0
2022-05-03 11:55:00,1830,1830,1830,1830,0
2022-05-03 11:56:00,1830,1830,1830,1830,0
2022-05-03 11:57:00,1830,1830,1830,1830,0
2022-05-03 11:58:00,1830,1830,1830,1830,0
2022-05-03 11:59:00,1830,1830,1830,1830,0
2022-05-03 12:00:00,1830,1830,1830,1830,0
2022-05-03 12:01:00,1830,1830,1830,1830,0
2022-05-03 12:02:00,1830,1830,1830,1830,0
2022-05-03 12:03:00,1830,1830,1830,1830,0
2022-05-03 12:04:00,1830,1830,1830,1830,0
2022-05-03 12:05:00,1830,1830,1830,1830,0
2022-05-03 12:06:00,1830,1830,1830,1830,0
2022-05-03 12:07:00,1830,1830,1830,1830,0
2022-05-03 12:08:00,1830,1830,1830,1830,0
2022-05-03 12:09:00,1830,1830,1830,1830,0
2022-05-03 12:10:00,1830,1830,1830,1830,0
2022-05-03 12:11:00,1830,1830,1830,1830,0
2022-05-03 12:12:00,1830,1830,1830,1830,0
2022-05-03 12:13:00,1830,1830,1830,1830,0
2022-05-03 12:14:00,1830,1830,1830,1830,0
2022-05-03 12:15:00,1830,1830,1830,1830,0
2022-05-03 12:16:00,1830,1830,1830,1830,0
2022-05-03 12:17:00,1830,1830,1830,1830,0
2022-05-03 12:18:00,1830,1830,1830,1830,0
2022-05-03 12:19:00,1830,1830,1830,1830,0
2022-05-03 12:20:00,1830,1830,1830,1830,0
2022-05-03 12:21:00,1830,1830,1830,1830,0
2022-05-03 12:22:00,1830,1830,1830,1830,0
2022-05-03 12:23:00,1830,1830,1830,1830,0
2022-05-03 12:24:00,1830,1830,1830,1830,0
2022-05-03 12:25:00,1830,1830,1830,1830,0
2022-05-03 12:26:00,1830,1830,1830,1830,0
2022-05-03 12:27:00,1830,1830,1830,1830,0
2022-05-03 12:28:00,1830,1830,1830,1830,0
2022-05-03 12:29:00,1830,1830,1830,1830,0
2022-05-03 12:30:00,1830,1830,1830,1830,0
2022-05-03 12:31:00,1830,1830,1830,1830,0
2022-05-03 12:32:00,1830,1830,1830,1830,0
2022-05-03 12:33:00,1830,1830,1830,1830,0
2022-05-03 12:34:00,1830,1830,1830,1830,0
2022-05-03 12:35:00,1830,1830,1830,1830,0
2022-05-03 12:36:00,1830,1830,1830,1830,0
2022-05-03 12:37:00,1830,1830,1830,1830,0
2022-05-03 12:38:00,1830,1830,1830,1830,0
2022-05-03 12:39:00,1830,1830,1830,1830,0
2022-05-03 12:40:00,1830,1830,1830,1830,0
2022-05-03 12:41:00,1830,1830,1830,1830,0
2022-05-03 12:42:00,1830,1830,1830,1830,0
2022-05-03 12:43:00,1830,1830,1830,1830,0
2022-05-03 12:44:00,1830,1830,1830,1830,0
2022-05-03 12:45:00,1830,1830,1830,1830,0
2022-05-03 12:46:00,1830,1830,1830,1830,0
2022-05-03 12:47:00,1830,1830,1830,1830,0
2022-05-03 12:48:00,1830,1830,1830,1830,0
2022-05-03 12:49:00,1830,1830,1830,1830,0
2022-05-03 12:50:00,1830,1830,1830,1830,0
2022-05-03 12:51:00,1830,1830,1830,1830,0
2022-05-03 12:52:00,1830,1830,1830,1830,0
2022-05-03 12:53:00,1830,1830,1830,1830,0
2022-05-03 12:54:00,1830,1830,1830,1830,0
2022-05-03 12:55:00,1830,1830,1830,1830,0
2022-05-03 12:56:00,1830,1830,1830,1830,0
2022-05-03 12:57:00,1830,1830,1830,1830,0
2022-05-03 12:58:00,1830,1830,1830,1830,0
2022-05-03 12:59:00,1830,1830,1830,1830,0
2022-05-03 13:00:00,1830,1830,1830,1830,0
2022-05-03 13:01:00,1830,1830,1830,1830,0
2022-05-03 13:02:00,1830,1830,1830,1830,0
2022-05-03 13:03:00,1830,1830,1830,1830,0
2022-05-03 13:04:00,1830,1830,1830,1830,0
2022-05-03 13:05:00,1830,1830,1830,1830,0
2022-05-03 13:06:00,1830,1830,1830,1830,0
2022-05-03 13:07:00,1830,1830,1830,1830,0
2022-05-03 13:08:00,1830,1830,1830,1830,0
2022-05-03 13:09:00,1830,1830,1830,1830,0
2022-05-03 13:10:00,1830,1830,1830,1830,0
2022-05-03 13:11:00,1830,1830,1830,1830,0
2022-05-03 13:12:00,1830,1830,1830,1830,0
2022-05-03 13:13:00,1830,1830,1830,1830,0
2022-05-03 13:14:00,1830,1830,1830,1830,0
2022-05-03 13:15:00,1830,1830,1830,1830,0
2022-05-03 13:16:00,1830,1830,1830,1830,0
2022-05-03 13:17:00,1830,1830,1830,1830,0
2022-05-03 13:18:00,1830,1830,1830,1830,0
2022-05-03 13:19:00,1830,1830,1830,1830,0
2022-05-03 13:20:00,1830,1830,1830,1830,0
2022-05-03 13:21:00,1830,1830,1830,1830,0
2022-05-03 13:22:00,1830,1830,1830,1830,0
2022-05-03 13:23:00,1830,1830,1830,1830,0
2022-05-03 13:24:00,1830,1830,1830,1830,0
2022-05-03 13:25:00,1830,1830,1830,1830,0
2022-05-03 13:26:00,1830,1830,1830,1830,0
2022-05-03 13:27:00,1830,1830,1830,1830,0
2022-05-03 13:28:00,1830,1830,1830,1830,0
2022-05-03 13:29:00,1830,1830,1830,1830,0
2022-05-03 13:30:00,1830,1830,1830,1830,0
2022-05-03 13:31:00,1830,1830,1830,1830,0
2022-05-03 13:32:00,1830,1830,1830,1830,0
2022-05-03 13:33:00,1830,1830,1830,1830,0
2022-05-03 13:34:00,1830,1830,1830,1830,0
2022-05-03 13:35:00,1830,1830,1830,1830,0
2022-05-03 13:36:00,1830,1830,1830,1830,0
2022-05-03 13:37:00,1830,1830,1830,1830,0
2022-05-03 13:38:00,1830,1830,1830,1830,0
2022-05-03 13:39:00,1830,1830,1830,1830,0
2022-05-03 13:40:00,1830,1830,1830,1830,0
2022-05-03 13:41:00,1830,1830,1830,1830,0
2022-05-03 13:42:00,1830,1830,1830,1830,0
2022-05-03 13:43:00,1830,1830,1830,1830,0
2022-05-03 13:44:00,1830,1830,1830,1830,0
2022-05-03 13:45:00,1830,1830,1830,1830,0
2022-05-03 13:46:00,1830,1830,1830,1830,0
2022-05-03 13:47:00,1830,1830,1830,1830,0
2022-05-03 13:48:00,1830,1830,1830,1830,0
2022-05-03 13:49:00,1830,1830,1830,1830,0
2022-05-03 13:50:00,1830,1830,1830,1830,0
2022-05-03 13:51:00,1830,1830,1830,1830,0
2022-05-03 13:52:00,1830,1830,1830,1830,0
2022-05-03 13:53:00,1830,1830,1830,1830,0
2022-05-03 13:54:00,1830,1830,1830,1830,0
2022-05-03 13:55:00,1830,1830,1830,1830,0
2022-05-03 13:56:00,1830,1830,1830,1830,0
2022-05-03 13:57:00,1830,1830,1830,1830,0
2022-05-03 13:58:00,1830,1830,1830,1830,0
2022-05-03 13:59:00,1830,1830,1830,1830,0
2022-05-03 14:00:00,1830,1830,1830,1830,0
2022-05-03 14:01:00,1830,1830,1830,1830,0
2022-05-03 14:02:00,1830,1830,1830,1830,0
2022-05-03 14:03:00,1830,1830,1830,1830,0
2022-05-03 14:04:00,1830,1830,1830,1830,0
2022-05-03 14:05:00,1830,1830,1830,1830,0
2022-05-03 14:06:00,1830,1830,1830,1830,0
2022-05-03 14:07:00,1830,1830,1830,1830,0
2022-05-03 14:08:00,1830,1830,1830,1830,0
2022-05-03 14:09:00,1830,1830,1830,1830,0
2022-05-03 14:10:00,1830,1830,1830,1830,0
2022-05-03 14:11:00,1830,1830,1830,1830,0
2022-05-03 14:12:00,1830,1830,1830,1830,0
2022-05-03 14:13:00,1830,1830,1830,1830,0
2022-05-03 14:14:00,1830,1830,1830,1830,0
2022-05-03 14:15:00,1830,1830,1830,1830,0
2022-05-03 14:16:00,1830,1830,1830,1830,0
2022-05-03 14:17:00,1830,1830,1830,1830,0
2022-05-03 14:18:00,1830,1830,1830,1830,0
2022-05-03 14:19:00,1830,1830,1830,1830,0
2022-05-03 14:20:00,1830,1830,1830,1830,0
2022-05-03 14:21:00,1830,1830,1830,1830,0
2022-05-03 14:22:00,1830,1830,1830,1830,0
2022-05-03 14:23:00,1830,1830,1830,1830,0
2022-05-03 14:24:00,1830,1830,1830,1830,0
2022-05-03 14:25:00,1830,1830,1830,1830,0
2022-05-03 14:26:00,1830,1830,1830,1830,0
2022-05-03 14:27:00,1830,1830,1830,1830,0
2022-05-03 14:28:00,1830,1830,1830,1830,0
2022-05-03 14:29:00,1830,1830,1830,1830,0
2022-05-03 14:30:00,1830,1830,1830,1830,0
2022-05-03 14:31:00,1830,1830,1830,1830,0
2022-05-03 14:32:00,1830,1830,1830,1830,0
2022-05-03 14:33:00,1830,1830,1830,1830,0
2022-05-03 14:34:00,1830,1830,1830,1830,0
2022-05-03 14:35:00,1830,1830,1830,1830,0
2022-05-03 14:36:00,1830,1830,1830,1830,0
2022-05-03 14:37:00,1830,1830,1830,1830,0
2022-05-03 14:38:00,1830,1830,1830,1830,0
2022-05-03 14:39:00,1830,1830,1830,1830,0
2022-05-03 14:40:00,1830,1830,1830,1830,0
2022-05-03 14:41:00,1830,1830,1830,1830,0
2022-05-03 14:42:00,1830,1830,1830,1830,0
2022-05-03 14:43:00,1830,1830,1830,1830,0
2022-05-03 14:44:00,1830,1830,1830,1830,0
2022-05-03 14:45:00,1830,1830,1830,1830,0
2022-05-03 14:46:00,1830,1830,1830,1830,0
2022-05-03 14:47:00,1830,1830,1830,1830,0
2022-05-03 14:48:00,1830,1830,1830,1830,0
2022-05-03 14:49:00,1830,1830,1830,1830,0
2022-05-03 14:50:00,1830,1830,1830,1830,0
2022-05-03 14:51:00,1830,1830,1830,1830,0
2022-05-03 14:52:00,1830,1830,1830,1830,0
2022-05-03 14:53:00,1830,1830,1830,1830,0
2022-05-03 14:54:00,1830,1830,1830,1830,0
2022-05-03 14:55:00,1830,1830,1830,1830,0
2022-05-03 14:56:00,1830,1830,1830,1830,0
2022-05-03 14:57:00,1830,1830,1830,1830,0
2022-05-03 14:58:00,1830,1830,1830,1830,0
2022-05-03 14:59:00,1830,1830,1830,1830,0
2022-05-03 15:00:00,1830,1830,1830,1830,0
2022-05-03 15:01:00,1830,1830,1830,1830,0
2022-05-03 15:02:00,1830,1830,1830,1830,0
2022-05-03 15:03:00,1830,1830,1830,1830,0
2022-05-03 15:04:00,1830,1830,1830,1830,0
2022-05-03 15:05:00,1830,1830,1830,1830,0
2022-05-03 15:06:00,1830,1830,1830,1830,0
2022-05-03 15:07:00,1830,1830,1830,1830,0
2022-05-03 15:08:00,1830,1830,1830,1830,0
2022-05-03 15:09:00,1830,1830,1830,1830,0
2022-05-03 15:10:00,1830,1830,1830,1830,0
2022-05-03 15:11:00,1830,1830,1830,1830,0
2022-05-03 15:12:00,1830,1830,1830,1830,0
2022-05-03 15:13:00,1830,1830,1830,1830,0
2022-05-03 15:14:00,1830,1830,1830,1830,0
2022-05-03 15:15:00,1830,1830,1830,1830,0
2022-05-03 15:16:00,1830,1830,1830,1830,0
2022-05-03 15:17:00,1830,1830,1830,1830,0
2022-05-03 15:18:00,1830,1830,1830,1830,0
2022-05-03 15:19:00,1830,1830,1830,1830,0
2022-05-03 15:20:00,1830,1830,1830,1830,0
2022-05-03 15:21:00,1830,1830,1830,1830,0
2022-05-03 15:22:00,1830,1830,1830,1830,0
2022-05-03 15:23:00,1830,1830,1830,1830,0
2022-05-03 15:24:00,1830,1830,1830,1830,0
2022-05-03 15:25:00,1830,1830,1830,1830,0
2022-05-03 15:26:00,1830,1830,1830,1830,0
2022-05-03 15:27:00,1830,1830,1830,1830,0
2022-05-03 15:28:00,1830,1830,1830,1830,0
2022-05-03 15:29:00,1830,1830,1830,1830,0
2022-05-03 15:30:00,1830,1830,1830,1830,0
2022-05-03 15:31:00,1830,1830,1830,1830,0
2022-05-03 15:32:00,1830,1830,1830,1830,0
2022-05-03 15:33:00,1830,1830,1830,1830,0
2022-05-03 15:34:00,1830,1830,1830,1830,0
2022-05-03 15:35:00,1830,1830,1830,1830,0
2022-05-03 15:36:00,1830,1830,1830,1830,0
2022-05-03 15:37:00,1830,1830,1830,1830,0
2022-05-03 15:38:00,1830,1830,1830,1830,0
2022-05-03 15:39:00,1830,1830,1830,1830,0
2022-05-03 15:40:00,1830,1830,1830,1830,0
2022-05-03 15:41:00,1830,1830,1830,1830,0
2022-05-03 15:42:00,1830,1830,1830,1830,0
2022-05-03 15:43:00,1830,1830,1830,1830,0
2022-05-03 15:44:00,1830,1830,1830,1830,0
2022-05-03 15:45:00,1830,1830,1830,1830,0
2022-05-03 15:46:00,1830,1830,1830,1830,0
2022-05-03 15:47:00,1830,1830,1830,1830,0
2022-05-03 15:48:00,1830,1830,1830,1830,0
2022-05-03 15:49:00,1830,1830,1830,1830,0
2022-05-03 15:50:00,1830,1830,1830,1830,0
2022-05-03 15:51:00,1830,1830,1830,1830,0
2022-05-03 15:52:00,1830,1830,1830,1830,0
2022-05-03 15:53:00,1830,1830,1830,1830,0
2022-05-03 15:54:00,1830,1830,1830,1830,0
2022-05-03 15:55:00,1830,1830,1830,1830,0
2022-05-03 15:56:00,1830,1830,1830,1830,0
2022-05-03 15:57:00,1830,1830,1830,1830,0
2022-05-03 15:58:00,1830,1830,1830,1830,0
2022-05-03 15:59:00,1830,1830,1830,1830,0
2022-05-04 09:00:00,1830,1830,1830,1830,0
2022-05-04 09:01:00,1830,1830,1830,1830,0
2022-05-04 09:02:00,1830,1830,1830,1830,0
2022-05-04 09:03:00,1830,1830,1830,1830,0
2022-05-04 09:04:00,1830,1830,1830,1830,0
2022-05-04 09:05:00,1830,1830,1830,1830,0
2022-05-04 09:06:00,1830,1830,1830,1830,0
2022-05-04 09:07:00,1830,1830,1830,1830,0
2022-05-04 09:08:00,1830,1830,1830,1830,0
2022-05-04 09:09:00,1830,1830,1830,1830,0
2022-05-04 09:10:00,1830,1830,1830,1830,0
2022-05-04 09:11:00,1830,1830,1830,1830,0
2022-05-04 09:12:00,1830,1830,1830,1830,0
2022-05-04 09:13:00,1830,1830,1830,1830,0
2022-05-04 09:14:00,1830,1830,1830,1830,0
2022-05-04 09:15:00,1830,1830,1830,1830,0
2022-05-04 09:16:00,1830,1830,1830,1830,0
2022-05-04 09:17:00,1830,1830,1830,1830,0
2022-05-04 09:18:00,1830,1830,1830,1830,0
2022-05-04 09:19:00,1830,1830,1830,1830,0
2022-05-04 09:20:00,1830,1830,1830,1830,0
2022-05-04 09:21:00,1830,1830,1830,1830,0
2022-05-04 09:22:00,1830,1830,1830,1830,0
2022-05-04 09:23:00,1830,1830,1830,1830,0
2022-05-04 09:24:00,1830,1830,1830,1830,0
2022-05-04 09:25:00,1830,1830,1830,1830,0
2022-05-04 09:26:00,1830,1830,1830,1830,0
2022-05-04 09:27:00,1830,1830,1830,1830,0
2022-05-04 09:28:00,1830,1830,1830,1830,0
2022-05-04 09:29:00,1830,1830,1830,1830,0
2022-05-04 09:30:00,1830,1830,1830,1830,0
2022-05-04 09:31:00,1830,1830,1830,1830,0
2022-05-04 09:32:00,1830,1830,1830,1830,0
2022-05-04 09:33:00,1830,1830,1830,1830,0
2022-05-04 09:34:00,1830,1830,1830,1830,0
2022-05-04 09:35:00,1830,1830,1830,1830,0
2022-05-04 09:36:00,1830,1830,1830,1830,0
2022-05-04 09:37:00,1830,1830,1830,1830,0
2022-05-04 09:38:00,1830,1830,1830,1830,0
2022-05-04 09:39:00,1830,1830,1830,1830,0
2022-05-04 09:40:00,1830,1830,1830,1830,0
2022-05-04 09:41:00,1830,1830,1830,1830,0
2022-05-04 09:42:00,1830,1830,1830,1830,0
2022-05-04 09:43:00,1830,1830,1830,1830,0
2022-05-04 09:44:00,1830,1830,1830,1830,0
2022-05-04 09:45:00,1830,1830,1830,1830,0
2022-05-04 09:46:00,1830,1830,1830,1830,0
2022-05-04 09:47:00,1830,1830,1830,1830,0
2022-05-04 09:48:00,1830,1830,1830,1830,0
2022-05-04 09:49:00,1830,1830,1830,1830,0
2022-05-04 09:50:00,1830,1830,1830,1830,0
2022-05-04 09:51:00,1830,1830,1830,1830,0
2022-05-04 09:52:00,1830,1830,1830,1830,0
2022-05-04 09:53:00,1830,1830,1830,1830,0
2022-05-04 09:54:00,1830,1830,1830,1830,0
2022-05-04 09:55:00,1830,1830,1830,1830,0
2022-05-04 09:56:00,1830,1830,1830,1830,0
2022-05-04 09:57:00,1830,1830,1830,1830,0
2022-05-04 09:58:00,1830,1830,1830,1830,0
2022-05-04 09:59:00,1830,1830,1830,1830,0
2022-05-04 10:00:00,1830,1830,1830,1830,0
2022-05-04 10:01:00,1830,1830,1830,1830,0
2022-05-04 10:02:00,1830,1830,1830,1830,0
2022-05-04 10:03:00,1830,1830,1830,1830,0
2022-05-04 10:04:00,1830,1830,1830,1830,0
2022-05-04 10:05:00,1830,1830,1830,1830,0
2022-05-04 10:06:00,1830,1830,1830,1830,0
2022-05-04 10:07:00,1830,1830,1830,1830,0
2022-05-04 10:08:00,1830,1830,1830,1830,0
2022-05-04 10:09:00,1830,1830,1830,1830,0
2022-05-04 10:10:00,1830,1830,1830,1830,0
2022-05-04 10:11:00,1830,1830,1830,1830,0
2022-05-04 10:12:00,1830,1830,1830,1830,0
2022-05-04 10:13:00,1830,1830,1830,1830,0
2022-05-04 10:14:00,1830,1830,1830,1830,0
2022-05-04 10:15:00,1830,1830,1830,1830,0
2022-05-04 10:16:00,1830,1830,1830,1830,0
2022-05-04 10:17:00,1830,1830,1830,1830,0
2022-05-04 10:18:00,1830,1830,1830,1830,0
2022-05-04 10:19:00,1830,1830,1830,1830,0
2022-05-04 10:20:00,1830,1830,1830,1830,0
2022-05-04 10:21:00,1830,1830,1830,1830,0
2022-05-04 10:22:00,1830,1830,1830,1830,0
2022-05-04 10:23:00,1830,1830,1830,1830,0
2022-05-04 10:24:00,1830,1830,1830,1830,0
2022-05-04 10:25:00,1830,1830,1830,1830,0
2022-05-04 10:26:00,1830,1830,1830,1830,0
2022-05-04 10:27:00,1830,1830,1830,1830,0
2022-05-04 10:28:00,1830,1830,1830,1830,0
2022-05-04 10:29:00,1830,1830,1830,1830,0
2022-05-04 10:30:00,1830,1830,1830,1830,0
2022-05-04 10:31:00,1830,1830,1830,1830,0
2022-05-04 10:32:00,1830,1830,1830,1830,0
2022-05-04 10:33:00,1830,1830,1830,1830,0
2022-05-04 10:34:00,1830,1830,1830,1830,0
2022-05-04 10:35:00,1830,1830,1830,1830,0
2022-05-04 10:36:00,1830,1830,1830,1830,0
2022-05-04 10:37:00,1830,1830,1830,1830,0
2022-05-04 10:38:00,1830,1830,1830,1830,0
2022-05-04 10:39:00,1830,1830,1830,1830,0
2022-05-04 10:40:00,1830,1830,1830,1830,0
2022-05-04 10:41:00,1830,1830,1830,1830,0
2022-05-04 10:42:00,1830,1830,1830,1830,0
2022-05-04 10:43:00,1830,1830,1830,1830,0
2022-05-04 10:44:00,1830,1830,1830,1830,0
2022-05-04 10:45:00,1830,1830,1830,1830,0
2022-05-04 10:46:00,1830,1830,1830,1830,0
2022-05-04 10:47:00,1830,1830,1830,1830,0
2022-05-04 10:48:00,1830,1830,1830,1830,0
2022-05-04 10:49:00,1830,1830,1830,1830,0
2022-05-04 10:50:00,1830,1830,1830,1830,0
2022-05-04 10:51:00,1830,1830,1830,1830,0
2022-05-04 10:52:00,1830,1830,1830,1830,0
2022-05-04 10:53:00,1830,1830,1830,1830,0
2022-05-04 10:54:00,1830,1830,1830,1830,0
2022-05-04 10:55:00,1830,1830,1830,1830,0
2022-05-04 10:56:00,1830,1830,1830,1830,0
2022-05-04 10:57:00,1830,1830,1830,1830,0
2022-05-04 10:58:00,1830,1830,1830,1830,0
2022-05-04 10:59:00,1830,1830,1830,1830,0
2022-05-04 11:00:00,1830,1830,1830,1830,0
2022-05-04 11:01:00,1830,1830,1830,1830,0
2022-05-04 11:02:00,1830,1830,1830,1830,0
2022-05-04 11:03:00,1830,1830,1830,1830,0
2022-05-04 11:04:00,1830,1830,1830,1830,0
2022-05-04 11:05:00,1830,1830,1830,1830,0
2022-05-04 11:06:00,1830,1830,1830,1830,0
2022-05-04 11:07:00,1830,1830,1830,1830,0
2022-05-04 11:08:00,1830,1830,1830,1830,0
2022-05-04 11:09:00,1830,1830,1830,1830,0
2022-05-04 11:10:00,1830,1830,1830,1830,0
2022-05-04 11:11:00,1830,1830,1830,1830,0
2022-05-04 11:12:00,1830,1830,1830,1830,0
2022-05-04 11:13:00,1830,1830,1830,1830,0
2022-05-04 11:14:00,1830,1830,1830,1830,0
2022-05-04 11:15:00,1830,1830,1830,1830,0
2022-05-04 11:16:00,1830,1830,1830,1830,0
2022-05-04 11:17:00,1830,1830,1830,1830,0
2022-05-04 11:18:00,1830,1830,1830,1830,0
2022-05-04 11:19:00,1830,1830,1830,1830,0
2022-05-04 11:20:00,1830,1830,1830,1830,0
2022-05-04 11:21:00,1830,1830,1830,1830,0
2022-05-04 11:22:00,1830,1830,1830,1830,0
2022-05-04 11:23:00,1830,1830,1830,1830,0
2022-05-04 11:24:00,1830,1830,1830,1830,0
2022-05-04 11:25:00,1830,1830,1830,1830,0
2022-05-04 11:26:00,1830,1830,1830,1830,0
2022-05-04 11:27:00,1830,1830,1830,1830,0
2022-05-04 11:28:00,1830,1830,1830,1830,0
2022-05-04 11:29:00,1830,1830,1830,1830,0
2022-05-04 11:30:00,1830,1830,1830,1830,0
2022-05-04 11:31:00,1830,1830,1830,1830,0
2022-05-04 11:32:00,1830,1830,1830,1830,0
2022-05-04 11:33:00,1830,1830,1830,1830,0
2022-05-04 11:34:00,1830,1830,1830,1830,0
2022-05-04 11:35:00,1830,1830,1830,1830,0
2022-05-04 11:36:00,1830,1830,1830,1830,0
2022-05-04 11:37:00,1830,1830,1830,1830,0
2022-05-04 11:38:00,1830,1830,1830,1830,0
2022-05-04 11:39:00,1830,1830,1830,1830,0
2022-05-04 11:40:00,1830,1830,1830,1830,0
2022-05-04 11:41:00,1830,1830,1830,1830,0
2022-05-04 11:42:00,1830,1830,1830,1830,0
2022-05-04 11:43:00,1830,1830,1830,1830,0
2022-05-04 11:44:00,1830,1830,1830,1830,0
2022-05-04 11:45:00,1830,1830,1830,1830,0
2022-05-04 11:46:00,1830,1830,1830,1830,0
2022-05-04 11:47:00,1830,1830,1830,1830,0
2022-05-04 11:48:00,1830,1830,1830,1830,0
2022-05-04 11:49:00,1830,1830,1830,1830,0
2022-05-04 11:50:00,1830,1830,1830,1830,0
2022-05-04 11:51:00,1830,1830,1830,1830,0
2022-05-04 11:52:00,1830,1830,1830,1830,0
2022-05-04 11:53:00,1830,1830,1830,1830,0
2022-05-04 11:54:00,1830,1830,1830,1830,0
2022-05-04 11:55:00,1830,1830,1830,1830,0
2022-05-04 11:56:00,1830,1830,1830,1830,0
2022-05-04 11:57:00,1830,1830,1830,1830,0
2022-05-04 11:58:00,1830,1830,1830,1830,0
2022-05-04 11:59:00,1830,1830,1830,1830,0
2022-05-04 12:00:00,1830,1830,1830,1830,0
2022-05-04 12:01:00,1830,1830,1830,1830,0
2022-05-04 12:02:00,1830,1830,1830,1830,0
2022-05-04 12:03:00,1830,1830,1830,1830,0
2022-05-04 12:04:00,1830,1830,1830,1830,0
2022-05-04 12:05:00,1830,1830,1830,1830,0
2022-05-04 12:06:00,1830,1830,1830,1830,0
2022-05-04 12:07:00,1830,1830,1830,1830,0
2022-05-04 12:08:00,1830,1830,1830,1830,0
2022-05-04 12:09:00,1830,1830,1830,1830,0
2022-05-04 12:10:00,1830,1830,1830,1830,0
2022-05-04 12:11:00,1830,1830,1830,1830,0
2022-05-04 12:12:00,1830,1830,1830,1830,0
2022-05-04 12:13:00,1830,1830,1830,1830,0
2022-05-04 12:14:00,1830,1830,1830,1830,0
2022-05-04 12:15:00,1830,1830,1830,1830,0
2022-05-04 12:16:00,1830,1830,1830,1830,0
2022-05-04 12:17:00,1830,1830,1830,1830,0
2022-05-04 12:18:00,1830,1830,1830,1830,0
2022-05-04 12:19:00,1830,1830,1830,1830,0
2022-05-04 12:20:00,1830,1830,1830,1830,0
2022-05-04 12:21:00,1830,1830,1830,1830,0
2022-05-04 12:22:00,1830,1830,1830,1830,0
2022-05-04 12:23:00,1830,1830,1830,1830,0
2022-05-04 12:24:00,1830,1830,1830,1830,0
2022-05-04 12:25:00,1830,1830,1830,1830,0
2022-05-04 12:26:00,1830,1830,1830,1830,0
2022-05-04 12:27:00,1830,1830,1830,1830,0
2022-05-04 12:28:00,1830,1830,1830,1830,0
2022-05-04 12:29:00,1830,1830,1830,1830,0
2022-05-04 12:30:00,1830,1830,1830,1830,0
2022-05-04 12:31:00,1830,1830,1830,1830,0
2022-05-04 12:32:00,1830,1830,1830,1830,0
2022-05-04 12:33:00,1830,1830,1830,1830,0
2022-05-04 12:34:00,1830,1830,1830,1830,0
2022-05-04 12:35:00,1830,1830,1830,1830,0
2022-05-04 12:36:00,1830,1830,1830,1830,0
2022-05-04 12:37:00,1830,1830,1830,1830,0
2022-05-04 12:38:00,1830,1830,1830,1830,0
2022-05-04 12:39:00,1830,1830,1830,1830,0
2022-05-04 12:40:00,1830,1830,1830,1830,0
2022-05-04 12:41:00,1830,1830,1830,1830,0
2022-05-04 12:42:00,1830,1830,1830,1830,0
2022-05-04 12:43:00,1830,1830,1830,1830,0
2022-05-04 12:44:00,1830,1830,1830,1830,0
2022-05-04 12:45:00,1830,1830,1830,1830,0
2022-05-04 12:46:00,1830,1830,1830,1830,0
2022-05-04 12:47:00,1830,1830,1830,1830,0
2022-05-04 12:48:00,1830,1830,1830,1830,0
2022-05-04 12:49:00,1830,1830,1830,1830,0
2022-05-04 12:50:00,1830,1830,1830,1830,0
2022-05-04 12:51:00,1830,1830,1830,1830,0
2022-05-04 12:52:00,1830,1830,1830,1830,0
2022-05-04 12:53:00,1830,1830,1830,1830,0
2022-05-04 12:54:00,1830,1830,1830,1830,0
2022-05-04 12:55:00,1830,1830,1830,1830,0
2022-05-04 12:56:00,1830,1830,1830,1830,0
2022-05-04 12:57:00,1830,1830,1830,1830,0
2022-05-04 12:58:00,1830,1830,1830,1830,0
2022-05-04 12:59:00,1830,1830,1830,1830,0
2022-05-04 13:00:00,1830,1830,1830,1830,0
2022-05-04 13:01:00,1830,1830,1830,1830,0
2022-05-04 13:02:00,1830,1830,1830,1830,0
2022-05-04 13:03:00,1830,1830,1830,1830,0
2022-05-04 13:04:00,1830,1830,1830,1830,0
2022-05-04 13:05:00,1830,1830,1830,1830,0
2022-05-04 13:06:00,1830,1830,1830,1830,0
2022-05-04 13:07:00,1830,1830,1830,1830,0
2022-05-04 13:08:00,1830,1830,1830,1830,0
2022-05-04 13:09:00,1830,1830,1830,1830,0
2022-05-04 13:10:00,1830,1830,1830,1830,0
2022-05-04 13:11:00,1830,1830,1830,1830,0
2022-05-04 13:12:00,1830,1830,1830,1830,0
2022-05-04 13:13:00,1830,1830,1830,1830,0
2022-05-04 13:14:00,1830,1830,1830,1830,0
2022-05-04 13:15:00,1830,1830,1830,1830,0
2022-05-04 13:16:00,1830,1830,1830,1830,0
2022-05-04 13:17:00,1830,1830,1830,1830,0
2022-05-04 13:18:00,1830,1830,1830,1830,0
2022-05-04 13:19:00,1830,1830,1830,1830,0
2022-05-04 13:20:00,1830,1830,1830,1830,0
2022-05-04 13:21:00,1830,1830,1830,1830,0
2022-05-04 13:22:00,1830,1830,1830,1830,0
2022-05-04 13:23:00,1830,1830,1830,1830,0
2022-05-04 13:24:00,1830,1830,1830,1830,0
2022-05-04 13:25:00,1830,1830,1830,1830,0
2022-05-04 13:26:00,1830,1830,1830,1830,0
2022-05-04 13:27:00,1830,1830,1830,1830,0
2022-05-04 13:28:00,1830,1830,1830,1830,0
2022-05-04 13:29:00,1830,1830,1830,1830,0
2022-05-04 13:30:00,1830,1830,1830,1830,0
2022-05-04 13:31:00,1830,1830,1830,1830,0
2022-05-04 13:32:00,1830,1830,1830,1830,0
2022-05-04 13:33:00,1830,1830,1830,1830,0
2022-05-04 13:34:00,1830,1830,1830,1830,0
2022-05-04 13:35:00,1830,1830,1830,1830,0
2022-05-04 13:36:00,1830,1830,1830,1830,0
2022-05-04 13:37:00,1830,1830,1830,1830,0
2022-05-04 13:38:00,1830,1830,1830,1830,0
2022-05-04 13:39:00,1830,1830,1830,1830,0
2022-05-04 13:40:00,1830,1830,1830,1830,0
2022-05-04 13:41:00,1830,1830,1830,1830,0
2022-05-04 13:42:00,1830,1830,1830,1830,0
2022-05-04 13:43:00,1830,1830,1830,1830,0
2022-05-04 13:44:00,1830,1830,1830,1830,0
2022-05-04 13:45:00,1830,1830,1830,1830,0
2022-05-04 13:46:00,1830,1830,1830,1830,0
2022-05-04 13:47:00,1830,1830,1830,1830,0
2022-05-04 13:48:00,1830,1830,1830,1830,0
2022-05-04 13:49:00,1830,1830,1830,1830,0
2022-05-04 13:50:00,1830,1830,1830,1830,0
2022-05-04 13:51:00,1830,1830,1830,1830,0
2022-05-04 13:52:00,1830,1830,1830,1830,0
2022-05-04 13:53:00,1830,1830,1830,1830,0
2022-05-04 13:54:00,1830,1830,1830,1830,0
2022-05-04 13:55:00,1830,1830,1830,1830,0
2022-05-04 13:56:00,1830,1830,1830,1830,0
2022-05-04 13:57:00,1830,1830,1830,1830,0
2022-05-04 13:58:00,1830,1830,1830,1830,0
2022-05-04 13:59:00,1830,1830,1830,1830,0
2022-05-04 14:00:00,1830,1830,1830,1830,0
2022-05-04 14:01:00,1830,1830,1830,1830,0
2022-05-04 14:02:00,1830,1830,1830,1830,0
2022-05-04 14:03:00,1830,1830,1830,1830,0
2022-05-04 14:04:00,1830,1830,1830,1830,0
2022-05-04 14:05:00,1830,1830,1830,1830,0
2022-05-04 14:06:00,1830,1830,1830,1830,0
2022-05-04 14:07:00,1830,1830,1830,1830,0
2022-05-04 14:08:00,1830,1830,1830,1830,0
2022-05-04 14:09:00,1830,1830,1830,1830,0
2022-05-04 14:10:00,1830,1830,1830,1830,0
2022-05-04 14:11:00,1830,1830,1830,1830,0
2022-05-04 14:12:00,1830,1830,1830,1830,0
2022-05-04 14:13:00,1830,1830,1830,1830,0
2022-05-04 14:14:00,1830,1830,1830,1830,0
2022-05-04 14:15:00,1830,1830,1830,1830,0
2022-05-04 14:16:00,1830,1830,1830,1830,0
2022-05-04 14:17:00,1830,1830,1830,1830,0
2022-05-04 14:18:00,1830,1830,1830,1830,0
2022-05-04 14:19:00,1830,1830,1830,1830,0
2022-05-04 14:20:00,1830,1830,1830,1830,0
2022-05-04 14:21:00,1830,1830,1830,1830,0
2022-05-04 14:22:00,1830,1830,1830,1830,0
2022-05-04 14:23:00,1830,1830,1830,1830,0
2022-05-04 14:24:00,1830,1830,1830,1830,0
2022-05-04 14:25:00,1830,1830,1830,1830,0
2022-05-04 14:26:00,1830,1830,1830,1830,0
2022-05-04 14:27:00,1830,1830,1830,1830,0
2022-05-04 14:28:00,1830,1830,1830,1830,0
2022-05-04 14:29:00,1830,1830,1830,1830,0
2022-05-04 14:30:00,1830,1830,1830,1830,0
2022-05-04 14:31:00,1830,1830,1830,1830,0
2022-05-04 14:32:00,1830,1830,1830,1830,0
2022-05-04 14:33:00,1830,1830,1830,1830,0
2022-05-04 14:34:00,1830,1830,1830,1830,0
2022-05-04 14:35:00,1830,1830,1830,1830,0
2022-05-04 14:36:00,1830,1830,1830,1830,0
2022-05-04 14:37:00,1830,1830,1830,1830,0
2022-05-04 14:38:00,1830,1830,1830,1830,0
2022-05-04 14:39:00,1830,1830,1830,1830,0
2022-05-04 14:40:00,1830,1830,1830,1830,0
2022-05-04 14:41:00,1830,1830,1830,1830,0
2022-05-04 14:42:00,1830,1830,1830,1830,0
2022-05-04 14:43:00,1830,1830,1830,1830,0
2022-05-04 14:44:00,1830,1830,1830,1830,0
2022-05-04 14:45:00,1830,1830,1830,1830,0
2022-05-04 14:46:00,1830,1830,1830,1830,0
2022-05-04 14:47:00,1830,1830,1830,1830,0
2022-05-04 14:48:00,1830,1830,1830,1830,0
2022-05-04 14:49:00,1830,1830,1830,1830,0
2022-05-04 14:50:00,1830,1830,1830,1830,0
2022-05-04 14:51:00,1830,1830,1830,1830,0
2022-05-04 14:52:00,1830,1830,1830,1830,0
2022-05-04 14:53:00,1830,1830,1830,1830,0
2022-05-04 14:54:00,1830,1830,1830,1830,0
2022-05-04 14:55:00,1830,1830,1830,1830,0
2022-05-04 14:56:00,1830,1830,1830,1830,0
2022-05-04 14:57:00,1830,1830,1830,1830,0
2022-05-04 14:58:00,1830,1830,1830,1830,0
2022-05-04 14:59:00,1830,1830,1830,1830,0
2022-05-04 15:00:00,1830,1830,1830,1830,0
2022-05-04 15:01:00,1830,1830,1830,1830,0
2022-05-04 15:02:00,1830,1830,1830,1830,0
2022-05-04 15:03:00,1830,1830,1830,1830,0
2022-05-04 15:04:00,1830,1830,1830,1830,0
2022-05-04 15:05:00,1830,1830,1830,1830,0
2022-05-04 15:06:00,1830,1830,1830,1830,0
2022-05-04 15:07:00,1830,1830,1830,1830,0
2022-05-04 15:08:00,1830,1830,1830,1830,0
2022-05-04 15:09:00,1830,1830,1830,1830,0
2022-05-04 15:10:00,1830,1830,1830,1830,0
2022-05-04 15:11:00,1830,1830,1830,1830,0
2022-05-04 15:12:00,1830,1830,1830,1830,0
2022-05-04 15:13:00,1830,1830,1830,1830,0
2022-05-04 15:14:00,1830,1830,1830,1830,0
2022-05-04 15:15:00,1830,1830,1830,1830,0
2022-05-04 15:16:00,1830,1830,1830,1830,0
2022-05-04 15:17:00,1830,1830,1830,1830,0
2022-05-04 15:18:00,1830,1830,1830,1830,0
2022-05-04 15:19:00,1830,1830,1830,1830,0
2022-05-04 15:20:00,1830,1830,1830,1830,0
2022-05-04 15:21:00,1830,1830,1830,1830,0
2022-05-04 15:22:00,1830,1830,1830,1830,0
2022-05-04 15:23:00,1830,1830,1830,1830,0
2022-05-04 15:24:00,1830,1830,1830,1830,0
2022-05-04 15:25:00,1830,1830,1830,1830,0
2022-05-04 15:26:00,1830,1830,1830,1830,0
2022-05-04 15:27:00,1830,1830,1830,1830,0
2022-05-04 15:28:00,1830,1830,1830,1830,0
2022-05-04 15:29:00,1830,1830,1830,1830,0
2022-05-04 15:30:00,1830,1830,1830,1830,0
2022-05-04 15:31:00,1830,1830,1830,1830,0
2022-05-04 15:32:00,1830,1830,1830,1830,0
2022-05-04 15:33:00,1830,1830,1830,1830,0
2022-05-04 15:34:00,1830,1830,1830,1830,0
2022-05-04 15:35:00,1830,1830,1830,1830,0
2022-05-04 15:36:00,1830,1830,1830,1830,0
2022-05-04 15:37:00,1830,1830,1830,1830,0
2022-05-04 15:38:00,1830,1830,1830,1830,0
2022-05-04 15:39:00,1830,1830,1830,1830,0
2022-05-04 15:40:00,1830,1830,1830,1830,0
2022-05-04 15:41:00,1830,1830,1830,1830,0
2022-05-04 15:42:00,1830,1830,1830,1830,0
2022-05-04 15:43:00,1830,1830,1830,1830,0
2022-05-04 15:44:00,1830,1830,1830,1830,0
2022-05-04 15:45:00,1830,1830,1830,1830,0
2022-05-04 15:46:00,1830,1830,1830,1830,0
2022-05-04 15:47:00,1830,1830,1830,1830,0
2022-05-04 15:48:00,1830,1830,1830,1830,0
2022-05-04 15:49:00,1830,1830,1830,1830,0
2022-05-04 15:50:00,1830,1830,1830,1830,0
2022-05-04 15:51:00,1830,1830,1830,1830,0
2022-05-04 15:52:00,1830,1830,1830,1830,0
2022-05-04 15:53:00,1830,1830,1830,1830,0
2022-05-04 15:54:00,1830,1830,1830,1830,0
2022-05-04 15:55:00,1830,1830,1830,1830,0
2022-05-04 15:56:00,1830,1830,1830,1830,0
2022-05-04 15:57:00,1830,1830,1830,1830,0
2022-05-04 15:58:00,1830,1830,1830,1830,0
2022-05-04 15:59:00,1830,1830,1830,1830,0
2022-05-05 09:00:00,1830,1830,1830,1830,0
2022-05-05 09:01:00,1830,1830,1830,1830,0
2022-05-05 09:02:00,1830,1830,1830,1830,0
2022-05-05 09:03:00,1830,1830,1830,1830,0
2022-05-05 09:04:00,1830,1830,1830,1830,0
2022-05-05 09:05:00,1830,1830,1830,1830,0
2022-05-05 09:06:00,1830,1830,1830,1830,0
2022-05-05 09:07:00,1830,1830,1830,1830,0
2022-05-05 09:08:00,1830,1830,1830,1830,0
2022-05-05 09:09:00,1830,1830,1830,1830,0
2022-05-05 09:10:00,1830,1830,1830,1830,0
2022-05-05 09:11:00,1830,1830,1830,1830,0
2022-05-05 09:12:00,1830,1830,1830,1830,0
2022-05-05 09:13:00,1830,1830,1830,1830,0
2022-05-05 09:14:00,1830,1830,1830,1830,0
2022-05-05 09:15:00,1830,1830,1830,1830,0
2022-05-05 09:16:00,1830,1830,1830,1830,0
2022-05-05 09:17:00,1830,1830,1830,1830,0
2022-05-05 09:18:00,1830,1830,1830,1830,0
2022-05-05 09:19:00,1830,1830,1830,1830,0
2022-05-05 09:20:00,1830,1830,1830,1830,0
2022-05-05 09:21:00,1830,1830,1830,1830,0
2022-05-05 09:22:00,1830,1830,1830,1830,0
2022-05-05 09:23:00,1830,1830,1830,1830,0
2022-05-05 09:24:00,1830,1830,1830,1830,0
2022-05-05 09:25:00,1830,1830,1830,1830,0
2022-05-05 09:26:00,1830,1830,1830,1830,0
2022-05-05 09:27:00,1830,1830,1830,1830,0
2022-05-05 09:28:00,1830,1830,1830,1830,0
2022-05-05 09:29:00,1830,1830,1830,1830,0
2022-05-05 09:30:00,1830,1830,1830,1830,0
2022-05-05 09:31:00,1830,1830,1830,1830,0
2022-05-05 09:32:00,1830,1830,1830,1830,0
2022-05-05 09:33:00,1830,1830,1830,1830,0
2022-05-05 09:34:00,1830,1830,1830,1830,0
2022-05-05 09:35:00,1830,1830,1830,1830,0
2022-05-05 09:36:00,1830,1830,1830,1830,0
2022-05-05 09:37:00,1830,1830,1830,1830,0
2022-05-05 09:38:00,1830,1830,1830,1830,0
2022-05-05 09:39:00,1830,1830,1830,1830,0
2022-05-05 09:40:00,1830,1830,1830,1830,0
2022-05-05 09:41:00,1830,1830,1830,1830,0
2022-05-05 09:42:00,1830,1830,1830,1830,0
2022-05-05 09:43:00,1830,1830,1830,1830,0
2022-05-05 09:44:00,1830,1830,1830,1830,0
2022-05-05 09:45:00,1830,1830,1830,1830,0
2022-05-05 09:46:00,1830,1830,1830,1830,0
2022-05-05 09:47:00,1830,1830,1830,1830,0
2022-05-05 09:48:00,1830,1830,1830,1830,0
2022-05-05 09:49:00,1830,1830,1830,1830,0
2022-05-05 09:50:00,1830,1830,1830,1830,0
2022-05-05 09:51:00,1830,1830,1830,1830,0
2022-05-05 09:52:00,1830,1830,1830,1830,0
2022-05-05 09:53:00,1830,1830,1830,1830,0
2022-05-05 09:54:00,1830,1830,1830,1830,0
2022-05-05 09:55:00,1830,1830,1830,1830,0
2022-05-05 09:56:00,1830,1830,1830,1830,0
2022-05-05 09:57:00,1830,1830,1830,1830,0
2022-05-05 09:58:00,1830,1830,1830,1830,0
2022-05-05 09:59:00,1830,1830,1830,1830,0
2022-05-05 10:00:00,1830,1830,1830,1830,0
2022-05-05 10:01:00,1830,1830,1830,1830,0
2022-05-05 10:02:00,1830,1830,1830,1830,0
2022-05-05 10:03:00,1830,1830,1830,1830,0
2022-05-05 10:04:00,1830,1830,1830,1830,0
2022-05-05 10:05:00,1830,1830,1830,1830,0
2022-05-05 10:06:00,1830,1830,1830,1830,0
2022-05-05 10:07:00,1830,1830,1830,1830,0
2022-05-05 10:08:00,1830,1830,1830,1830,0
2022-05-05 10:09:00,1830,1830,1830,1830,0
2022-05-05 10:10:00,1830,1830,1830,1830,0
2022-05-05 10:11:00,1830,1830,1830,1830,0
2022-05-05 10:12:00,1830,1830,1830,1830,0
2022-05-05 10:13:00,1830,1830,1830,1830,0
2022-05-05 10:14:00,1830,1830,1830,1830,0
2022-05-05 10:15:00,1830,1830,1830,1830,0
2022-05-05 10:16:00,1830,1830,1830,1830,0
2022-05-05 10:17:00,1830,1830,1830,1830,0
2022-05-05 10:18:00,1830,1830,1830,1830,0
2022-05-05 10:19:00,1830,1830,1830,1830,0
2022-05-05 10:20:00,1830,1830,1830,1830,0
2022-05-05 10:21:00,1830,1830,1830,1830,0
2022-05-05 10:22:00,1830,1830,1830,1830,0
2022-05-05 10:23:00,1830,1830,1830,1830,0
2022-05-05 10:24:00,1830,1830,1830,1830,0
2022-05-05 10:25:00,1830,1830,1830,1830,0
2022-05-05 10:26:00,1830,1830,1830,1830,0
2022-05-05 10:27:00,1830,1830,1830,1830,0
2022-05-05 10:28:00,1830,1830,1830,1830,0
2022-05-05 10:29:00,1830,1830,1830,1830,0
2022-05-05 10:30:00,1830,1830,1830,1830,0
2022-05-05 10:31:00,1830,1830,1830,1830,0
2022-05-05 10:32:00,1830,1830,1830,1830,0
2022-05-05 10:33:00,1830,1830,1830,1830,0
2022-05-05 10:34:00,1830,1830,1830,1830,0
2022-05-05 10:35:00,1830,1830,1830,1830,0
2022-05-05 10:36:00,1830,1830,1830,1830,0
2022-05-05 10:37:00,1830,1830,1830,1830,0
2022-05-05 10:38:00,1830,1830,1830,1830,0
2022-05-05 10:39:00,1830,1830,1830,1830,0
2022-05-05 10:40:00,1830,1830,1830,1830,0
2022-05-05 10:41:00,1830,1830,1830,1830,0
2022-05-05 10:42:00,1830,1830,1830,1830,0
2022-05-05 10:43:00,1830,1830,1830,1830,0
2022-05-05 10:44:00,1830,1830,1830,1830,0
2022-05-05 10:45:00,1830,1830,1830,1830,0
2022-05-05 10:46:00,1830,1830,1830,1830,0
2022-05-05 10:47:00,1830,1830,1830,1830,0
2022-05-05 10:48:00,1830,1830,1830,1830,0
2022-05-05 10:49:00,1830,1830,1830,1830,0
2022-05-05 10:50:00,1830,1830,1830,1830,0
2022-05-05 10:51:00,1830,1830,1830,1830,0
2022-05-05 10:52:00,1830,1830,1830,1830,0
2022-05-05 10:53:00,1830,1830,1830,1830,0
2022-05-05 10:54:00,1830,1830,1830,1830,0
2022-05-05 10:55:00,1830,1830,1830,1830,0
2022-05-05 10:56:00,1830,1830,1830,1830,0
2022-05-05 10:57:00,1830,1830,1830,1830,0
2022-05-05 10:58:00,1830,1830,1830,1830,0
2022-05-05 10:59:00,1830,1830,1830,1830,0
2022-05-05 11:00:00,1830,1830,1830,1830,0
2022-05-05 11:01:00,1830,1830,1830,1830,0
2022-05-05 11:02:00,1830,1830,1830,1830,0
2022-05-05 11:03:00,1830,1830,1830,1830,0
2022-05-05 11:04:00,1830,1830,1830,1830,0
2022-05-05 11:05:00,1830,1830,1830,1830,0
2022-05-05 11:06:00,1830,1830,1830,1830,0
2022-05-05 11:07:00,1830,1830,1830,1830,0
2022-05-05 11:08:00,1830,1830,1830,1830,0
2022-05-05 11:09:00,1830,1830,1830,1830,0
2022-05-05 11:10:00,1830,1830,1830,1830,0
2022-05-05 11:11:00,1830,1830,1830,1830,0
2022-05-05 11:12:00,1830,1830,1830,1830,0
2022-05-05 11:13:00,1830,1830,1830,1830,0
2022-05-05 11:14:00,1830,1830,1830,1830,0
2022-05-05 11:15:00,1830,1830,1830,1830,0
2022-05-05 11:16:00,1830,1830,1830,1830,0
2022-05-05 11:17:00,1830,1830,1830,1830,0
2022-05-05 11:18:00,1830,1830,1830,1830,0
2022-05-05 11:19:00,1830,1830,1830,1830,0
2022-05-05 11:20:00,1830,1830,1830,1830,0
2022-05-05 11:21:00,1830,1830,1830,1830,0
2022-05-05 11:22:00,1830,1830,1830,1830,0
2022-05-05 11:23:00,1830,1830,1830,1830,0
2022-05-05 11:24:00,1830,1830,1830,1830,0
2022-05-05 11:25:00,1830,1830,1830,1830,0
2022-05-05 11:26:00,1830,1830,1830,1830,0
2022-05-05 11:27:00,1830,1830,1830,1830,0
2022-05-05 11:28:00,1830,1830,1830,1830,0
2022-05-05 11:29:00,1830,1830,1830,1830,0
2022-05-05 11:30:00,1830,1830,1830,1830,0
2022-05-05 11:31:00,1830,1830,1830,1830,0
2022-05-05 11:32:00,1830,1830,1830,1830,0
2022-05-05 11:33:00,1830,1830,1830,1830,0
2022-05-05 11:34:00,1830,1830,1830,1830,0
2022-05-05 11:35:00,1830,1830,1830,1830,0
2022-05-05 11:36:00,1830,1830,1830,1830,0
2022-05-05 11:37:00,1830,1830,1830,1830,0
2022-05-05 11:38:00,1830,1830,1830,1830,0
2022-05-05 11:39:00,1830,1830,1830,1830,0
2022-05-05 11:40:00,1830,1830,1830,1830,0
2022-05-05 11:41:00,1830,1830,1830,1830,0
2022-05-05 11:42:00,1830,1830,1830,1830,0
2022-05-05 11:43:00,1830,1830,1830,1830,0
2022-05-05 11:44:00,1830,1830,1830,1830,0
2022-05-05 11:45:00,1830,1830,1830,1830,0
2022-05-05 11:46:00,1830,1830,1830,1830,0
2022-05-05 11:47:00,1830,1830,1830,1830,0
2022-05-05 11:48:00,1830,1830,1830,1830,0
2022-05-05 11:49:00,1830,1830,1830,1830,0
2022-05-05 11:50:00,1830,1830,1830,1830,0
2022-05-05 11:51:00,1830,1830,1830,1830,0
2022-05-05 11:52:00,1830,1830,1830,1830,0
2022-05-05 11:53:00,1830,1830,1830,1830,0
2022-05-05 11:54:00,1830,1830,1830,1830,0
2022-05-05 11:55:00,1830,1830,1830,1830,0
2022-05-05 11:56:00,1830,1830,1830,1830,0
2022-05-05 11:57:00,1830,1830,1830,1830,0
2022-05-05 11:58:00,1830,1830,1830,1830,0
2022-05-05 11:59:00,1830,1830,1830,1830,0
2022-05-05 12:00:00,1830,1830,1830,1830,0
2022-05-05 12:01:00,1830,1830,1830,1830,0
2022-05-05 12:02:00,1830,1830,1830,1830,0
2022-05-05 12:03:00,1830,1830,1830,1830,0
2022-05-05 12:04:00,1830,1830,1830,1830,0
2022-05-05 12:05:00,1830,1830,1830,1830,0
2022-05-05 12:06:00,1830,1830,1830,1830,0
2022-05-05 12:07:00,1830,1830,1830,1830,0
2022-05-05 12:08:00,1830,1830,1830,1830,0
2022-05-05 12:09:00,1830,1830,1830,1830,0
2022-05-05 12:10:00,1830,1830,1830,1830,0
2022-05-05 12:11:00,1830,1830,1830,1830,0
2022-05-05 12:12:00,1830,1830,1830,1830,0
2022-05-05 12:13:00,1830,1830,1830,1830,0
2022-05-05 12:14:00,1830,1830,1830,1830,0
2022-05-05 12:15:00,1830,1830,1830,1830,0
2022-05-05 12:16:00,1830,1830,1830,1830,0
2022-05-05 12:17:00,1830,1830,1830,1830,0
2022-05-05 12:18:00,1830,1830,1830,1830,0
2022-05-05 12:19:00,1830,1830,1830,1830,0
2022-05-05 12:20:00,1830,1830,1830,1830,0
2022-05-05 12:21:00,1830,1830,1830,1830,0
2022-05-05 12:22:00,1830,1830,1830,1830,0
2022-05-05 12:23:00,1830,1830,1830,1830,0
2022-05-05 12:24:00,1830,1830,1830,1830,0
2022-05-05 12:25:00,1830,1830,1830,1830,0
2022-05-05 12:26:00,1830,1830,1830,1830,0
2022-05-05 12:27:00,1830,1830,1830,1830,0
2022-05-05 12:28:00,1830,1830,1830,1830,0
2022-05-05 12:29:00,1830,1830,1830,1830,0
2022-05-05 12:30:00,1830,1830,1830,1830,0
2022-05-05 12:31:00,1830,1830,1830,1830,0
2022-05-05 12:32:00,1830,1830,1830,1830,0
2022-05-05 12:33:00,1830,1830,1830,1830,0
2022-05-05 12:34:00,1830,1830,1830,1830,0
2022-05-05 12:35:00,1830,1830,1830,1830,0
2022-05-05 12:36:00,1830,1830,1830,1830,0
2022-05-05 12:37:00,1830,1830,1830,1830,0
2022-05-05 12:38:00,1830,1830,1830,1830,0
2022-05-05 12:39:00,1830,1830,1830,1830,0
2022-05-05 12:40:00,1830,1830,1830,1830,0
2022-05-05 12:41:00,1830,1830,1830,1830,0
2022-05-05 12:42:00,1830,1830,1830,1830,0
2022-05-05 12:43:00,1830,1830,1830,1830,0
2022-05-05 12:44:00,1830,1830,1830,1830,0
2022-05-05 12:45:00,1830,1830,1830,1830,0
2022-05-05 12:46:00,1830,1830,1830,1830,0
2022-05-05 12:47:00,1830,1830,1830,1830,0
2022-05-05 12:48:00,1830,1830,1830,1830,0
2022-05-05 12:49:00,1830,1830,1830,1830,0
2022-05-05 12:50:00,1830,1830,1830,1830,0
2022-05-05 12:51:00,1830,1830,1830,1830,0
2022-05-05 12:52:00,1830,1830,1830,1830,0
2022-05-05 12:53:00,1830,1830,1830,1830,0
2022-05-05 12:54:00,1830,1830,1830,1830,0
2022-05-05 12:55:00,1830,1830,1830,1830,0
2022-05-05 12:56:00,1830,1830,1830,1830,0
2022-05-05 12:57:00,1830,1830,1830,1830,0
2022-05-05 12:58:00,1830,1830,1830,1830,0
2022-05-05 12:59:00,1830,1830,1830,1830,0
2022-05-05 13:00:00,1830,1830,1830,1830,0
2022-05-05 13:01:00,1830,1830,1830,1830,0
2022-05-05 13:02:00,1830,1830,1830,1830,0
2022-05-05 13:03:00,1830,1830,1830,1830,0
2022-05-05 13:04:00,1830,1830,1830,1830,0
2022-05-05 13:05:00,1830,1830,1830,1830,0
2022-05-05 13:06:00,1830,1830,1830,1830,0
2022-05-05 13:07:00,1830,1830,1830,1830,0
2022-05-05 13:08:00,1830,1830,1830,1830,0
2022-05-05 13:09:00,1830,1830,1830,1830,0
2022-05-05 13:10:00,1830,1830,1830,1830,0
2022-05-05 13:11:00,1830,1830,1830,1830,0
2022-05-05 13:12:00,1830,1830,1830,1830,0
2022-05-05 13:13:00,1830,1830,1830,1830,0
2022-05-05 13:14:00,1830,1830,1830,1830,0
2022-05-05 13:15:00,1830,1830,1830,1830,0
2022-05-05 13:16:00,1830,1830,1830,1830,0
2022-05-05 13:17:00,1830,1830,1830,1830,0
2022-05-05 13:18:00,1830,1830,1830,1830,0
2022-05-05 13:19:00,1830,1830,1830,1830,0
2022-05-05 13:20:00,1830,1830,1830,1830,0
2022-05-05 13:21:00,1830,1830,1830,1830,0
2022-05-05 13:22:00,1830,1830,1830,1830,0
2022-05-05 13:23:00,1830,1830,1830,1830,0
2022-05-05 13:24:00,1830,1830,1830,1830,0
2022-05-05 13:25:00,1830,1830,1830,1830,0
2022-05-05 13:26:00,1830,1830,1830,1830,0
2022-05-05 13:27:00,1830,1830,1830,1830,0
2022-05-05 13:28:00,1830,1830,1830,1830,0
2022-05-05 13:29:00,1830,1830,1830,1830,0
2022-05-05 13:30:00,1830,1830,1830,1830,0
2022-05-05 13:31:00,1830,1830,1830,1830,0
2022-05-05 13:32:00,1830,1830,1830,1830,0
2022-05-05 13:33:00,1830,1830,1830,1830,0
2022-05-05 13:34:00,1830,1830,1830,1830,0
2022-05-05 13:35:00,1830,1830,1830,1830,0
2022-05-05 13:36:00,1830,1830,1830,1830,0
2022-05-05 13:37:00,1830,1830,1830,1830,0
2022-05-05 13:38:00,1830,1830,1830,1830,0
2022-05-05 13:39:00,1830,1830,1830,1830,0
2022-05-05 13:40:00,1830,1830,1830,1830,0
2022-05-05 13:41:00,1830,1830,1830,1830,0
2022-05-05 13:42:00,1830,1830,1830,1830,0
2022-05-05 13:43:00,1830,1830,1830,1830,0
2022-05-05 13:44:00,1830,1830,1830,1830,0
2022-05-05 13:45:00,1830,1830,1830,1830,0
2022-05-05 13:46:00,1830,1830,1830,1830,0
2022-05-05 13:47:00,1830,1830,1830,1830,0
2022-05-05 13:48:00,1830,1830,1830,1830,0
2022-05-05 13:49:00,1830,1830,1830,1830,0
2022-05-05 13:50:00,1830,1830,1830,1830,0
2022-05-05 13:51:00,1830,1830,1830,1830,0
2022-05-05 13:52:00,1830,1830,1830,1830,0
2022-05-05 13:53:00,1830,1830,1830,1830,0
2022-05-05 13:54:00,1830,1830,1830,1830,0
2022-05-05 13:55:00,1830,1830,1830,1830,0
2022-05-05 13:56:00,1830,1830,1830,1830,0
2022-05-05 13:57:00,1830,1830,1830,1830,0
2022-05-05 13:58:00,1830,1830,1830,1830,0
2022-05-05 13:59:00,1830,1830,1830,1830,0
2022-05-05 14:00:00,1830,1830,1830,1830,0
2022-05-05 14:01:00,1830,1830,1830,1830,0
2022-05-05 14:02:00,1830,1830,1830,1830,0
2022-05-05 14:03:00,1830,1830,1830,1830,0
2022-05-05 14:04:00,1830,1830,1830,1830,0
2022-05-05 14:05:00,1830,1830,1830,1830,0
2022-05-05 14:06:00,1830,1830,1830,1830,0
2022-05-05 14:07:00,1830,1830,1830,1830,0
2022-05-05 14:08:00,1830,1830,1830,1830,0
2022-05-05 14:09:00,1830,1830,1830,1830,0
2022-05-05 14:10:00,1830,1830,1830,1830,0
2022-05-05 14:11:00,1830,1830,1830,1830,0
2022-05-05 14:12:00,1830,1830,1830,1830,0
2022-05-05 14:13:00,1830,1830,1830,1830,0
2022-05-05 14:14:00,1830,1830,1830,1830,0
2022-05-05 14:15:00,1830,1830,1830,1830,0
2022-05-05 14:16:00,1830,1830,1830,1830,0
2022-05-05 14:17:00,1830,1830,1830,1830,0
2022-05-05 14:18:00,1830,1830,1830,1830,0
2022-05-05 14:19:00,1830,1830,1830,1830,0
2022-05-05 14:20:00,1830,1830,1830,1830,0
2022-05-05 14:21:00,1830,1830,1830,1830,0
2022-05-05 14:22:00,1830,1830,1830,1830,0
2022-05-05 14:23:00,1830,1830,1830,1830,0
2022-05-05 14:24:00,1830,1830,1830,1830,0
2022-05-05 14:25:00,1830,1830,1830,1830,0
2022-05-05 14:26:00,1830,1830,1830,1830,0
2022-05-05 14:27:00,1830,1830,1830,1830,0
2022-05-05 14:28:00,1830,1830,1830,1830,0
2022-05-05 14:29:00,1830,1830,1830,1830,0
2022-05-05 14:30:00,1830,1830,1830,1830,0
2022-05-05 14:31:00,1830,1830,1830,1830,0
2022-05-05 14:32:00,1830,1830,1830,1830,0
2022-05-05 14:33:00,1830,1830,1830,1830,0
2022-05-05 14:34:00,1830,1830,1830,1830,0
2022-05-05 14:35:00,1830,1830,1830,1830,0
2022-05-05 14:36:00,1830,1830,1830,1830,0
2022-05-05 14:37:00,1830,1830,1830,1830,0
2022-05-05 14:38:00,1830,1830,1830,1830,0
2022-05-05 14:39:00,1830,1830,1830,1830,0
2022-05-05 14:40:00,1830,1830,1830,1830,0
2022-05-05 14:41:00,1830,1830,1830,1830,0
2022-05-05 14:42:00,1830,1830,1830,1830,0
2022-05-05 14:43:00,1830,1830,1830,1830,0
2022-05-05 14:44:00,1830,1830,1830,1830,0
2022-05-05 14:45:00,1830,1830,1830,1830,0
2022-05-05 14:46:00,1830,1830,1830,1830,0
2022-05-05 14:47:00,1830,1830,1830,1830,0
2022-05-05 14:48:00,1830,1830,1830,1830,0
2022-05-05 14:49:00,1830,1830,1830,1830,0
2022-05-05 14:50:00,1830,1830,1830,1830,0
2022-05-05 14:51:00,1830,1830,1830,1830,0
2022-05-05 14:52:00,1830,1830,1830,1830,0
2022-05-05 14:53:00,1830,1830,1830,1830,0
2022-05-05 14:54:00,1830,1830,1830,1830,0
2022-05-05 14:55:00,1830,1830,1830,1830,0
2022-05-05 14:56:00,1830,1830,1830,1830,0
2022-05-05 14:57:00,1830,1830,1830,1830,0
2022-05-05 14:58:00,1830,1830,1830,1830,0
2022-05-05 14:59:00,1830,1830,1830,1830,0
2022-05-05 15:00:00,1830,1830,1830,1830,0
2022-05-05 15:01:00,1830,1830,1830,1830,0
2022-05-05 15:02:00,1830,1830,1830,1830,0
2022-05-05 15:03:00,1830,1830,1830,1830,0
2022-05-05 15:04:00,1830,1830,1830,1830,0
2022-05-05 15:05:00,1830,1830,1830,1830,0
2022-05-05 15:06:00,1830,1830,1830,1830,0
2022-05-05 15:07:00,1830,1830,1830,1830,0
2022-05-05 15:08:00,1830,1830,1830,1830,0
2022-05-05 15:09:00,1830,1830,1830,1830,0
2022-05-05 15:10:00,1830,1830,1830,1830,0
2022-05-05 15:11:00,1830,1830,1830,1830,0
2022-05-05 15:12:00,1830,1830,1830,1830,0
2022-05-05 15:13:00,1830,1830,1830,1830,0
2022-05-05 15:14:00,1830,1830,1830,1830,0
2022-05-05 15:15:00,1830,1830,1830,1830,0
2022-05-05 15:16:00,1830,1830,1830,1830,0
2022-05-05 15:17:00,1830,1830,1830,1830,0
2022-05-05 15:18:00,1830,1830,1830,1830,0
2022-05-05 15:19:00,1830,1830,1830,1830,0
2022-05-05 15:20:00,1830,1830,1830,1830,0
2022-05-05 15:21:00,1830,1830,1830,1830,0
2022-05-05 15:22:00,1830,1830,1830,1830,0
2022-05-05 15:23:00,1830,1830,1830,1830,0
2022-05-05 15:24:00,1830,1830,1830,1830,0
2022-05-05 15:25:00,1830,1830,1830,1830,0
2022-05-05 15:26:00,1830,1830,1830,1830,0
2022-05-05 15:27:00,1830,1830,1830,1830,0
2022-05-05 15:28:00,1830,1830,1830,1830,0
2022-05-05 15:29:00,1830,1830,1830,1830,0
2022-05-05 15:30:00,1830,1830,1830,1830,0
2022-05-05 15:31:00,1830,1830,1830,1830,0
2022-05-05 15:32:00,1830,1830,1830,1830,0
2022-05-05 15:33:00,1830,1830,1830,1830,0
2022-05-05 15:34:00,1830,1830,1830,1830,0
2022-05-05 15:35:00,1830,1830,1830,1830,0
2022-05-05 15:36:00,1830,1830,1830,1830,0
2022-05-05 15:37:00,1830,1830,1830,1830,0
2022-05-05 15:38:00,1830,1830,1830,1830,0
2022-05-05 15:39:00,1830,1830,1830,1830,0
2022-05-05 15:40:00,1830,1830,1830,1830,0
2022-05-05 15:41:00,1830,1830,1830,1830,0
2022-05-05 15:42:00,1830,1830,1830,1830,0
2022-05-05 15:43:00,1830,1830,1830,1830,0
2022-05-05 15:44:00,1830,1830,1830,1830,0
2022-05-05 15:45:00,1830,1830,1830,1830,0
2022-05-05 15:46:00,1830,1830,1830,1830,0
2022-05-05 15:47:00,1830,1830,1830,1830,0
2022-05-05 15:48:00,1830,1830,1830,1830,0
2022-05-05 15:49:00,1830,1830,1830,1830,0
2022-05-05 15:50:00,1830,1830,1830,1830,0
2022-05-05 15:51:00,1830,1830,1830,1830,0
2022-05-05 15:52:00,1830,1830,1830,1830,0
2022-05-05 15:53:00,1830,1830,1830,1830,0
2022-05-05 15:54:00,1830,1830,1830,1830,0
2022-05-05 15:55:00,1830,1830,1830,1830,0
2022-05-05 15:56:00,1830,1830,1830,1830,0
2022-05-05 15:57:00,1830,1830,1830,1830,0
2022-05-05 15:58:00,1830,1830,1830,1830,0
2022-05-05 15:59:00,1830,1830,1830,1830,0
2022-05-06 09:00:00,1830,1830,1830,1830,0
2022-05-06 09:01:00,1830,1830,1830,1830,0
2022-05-06 09:02:00,1830,1830,1830,1830,0
2022-05-06 09:03:00,1830,1830,1830,1830,0
2022-05-06 09:04:00,1830,1830,1830,1830,0
2022-05-06 09:05:00,1830,1830,1830,1830,0
2022-05-06 09:06:00,1830,1830,1830,1830,0
2022-05-06 09:07:00,1830,1830,1830,1830,0
2022-05-06 09:08:00,1830,1830,1830,1830,0
2022-05-06 09:09:00,1830,1830,1830,1830,0
2022-05-06 09:10:00,1830,1830,1830,1830,0
2022-05-06 09:11:00,1830,1830,1830,1830,0
2022-05-06 09:12:00,1830,1830,1830,1830,0
2022-05-06 09:13:00,1830,1830,1830,1830,0
2022-05-06 09:14:00,1830,1830,1830,1830,0
2022-05-06 09:15:00,1830,1830,1830,1830,0
2022-05-06 09:16:00,1830,1830,1830,1830,0
2022-05-06 09:17:00,1830,1830,1830,1830,0
2022-05-06 09:18:00,1830,1830,1830,1830,0
2022-05-06 09:19:00,1830,1830,1830,1830,0
2022-05-06 09:20:00,1830,1830,1830,1830,0
2022-05-06 09:21:00,1830,1830,1830,1830,0
2022-05-06 09:22:00,1830,1830,1830,1830,0
2022-05-06 09:23:00,1830,1830,1830,1830,0
2022-05-06 09:24:00,1830,1830,1830,1830,0
2022-05-06 09:25:00,1830,1830,1830,1830,0
2022-05-06 09:26:00,1830,1830,1830,1830,0
2022-05-06 09:27:00,1830,1830,1830,1830,0
2022-05-06 09:28:00,1830,1830,1830,1830,0
2022-05-06 09:29:00,1830,1830,1830,1830,0
2022-05-06 09:30:00,1830,1830,1830,1830,0
2022-05-06 09:31:00,1830,1830,1830,1830,0
2022-05-06 09:32:00,1830,1830,1830,1830,0
2022-05-06 09:33:00,1830,1830,1830,1830,0
2022-05-06 09:34:00,1830,1830,1830,1830,0
2022-05-06 09:35:00,1830,1830,1830,1830,0
2022-05-06 09:36:00,1830,1830,1830,1830,0
2022-05-06 09:37:00,1830,1830,1830,1830,0
2022-05-06 09:38:00,1830,1830,1830,1830,0
2022-05-06 09:39:00,1830,1830,1830,1830,0
2022-05-06 09:40:00,1830,1830,1830,1830,0
2022-05-06 09:41:00,1830,1830,1830,1830,0
2022-05-06 09:42:00,1830,1830,1830,1830,0
2022-05-06 09:43:00,1830,1830,1830,1830,0
2022-05-06 09:44:00,1830,1830,1830,1830,0
2022-05-06 09:45:00,1830,1830,1830,1830,0
2022-05-06 09:46:00,1830,1830,1830,1830,0
2022-05-06 09:47:00,1830,1830,1830,1830,0
2022-05-06 09:48:00,1830,1830,1830,1830,0
2022-05-06 09:49:00,1830,1830,1830,1830,0
2022-05-06 09:50:00,1830,1830,1830,1830,0
2022-05-06 09:51:00,1830,1830,1830,1830,0
2022-05-06 09:52:00,1830,1830,1830,1830,0
2022-05-06 09:53:00,1830,1830,1830,1830,0
2022-05-06 09:54:00,1830,1830,1830,1830,0
2022-05-06 09:55:00,1830,1830,1830,1830,0
2022-05-06 09:56:00,1830,1830,1830,1830,0
2022-05-06 09:57:00,1830,1830,1830,1830,0
2022-05-06 09:58:00,1830,1830,1830,1830,0
2022-05-06 09:59:00,1830,1830,1830,1830,0
2022-05-06 10:00:00,1830,1830,1830,1830,0
2022-05-06 10:01:00,1830,1830,1830,1830,0
2022-05-06 10:02:00,1830,1830,1830,1830,0
2022-05-06 10:03:00,1830,1830,1830,1830,0
2022-05-06 10:04:00,1830,1830,1830,1830,0
2022-05-06 10:05:00,1830,1830,1830,1830,0
2022-05-06 10:06:00,1830,1830,1830,1830,0
2022-05-06 10:07:00,1830,1830,1830,1830,0
2022-05-06 10:08:00,1830,1830,1830,1830,0
2022-05-06 10:09:00,1830,1830,1830,1830,0
2022-05-06 10:10:00,1830,1830,1830,1830,0
2022-05-06 10:11:00,1830,1830,1830,1830,0
2022-05-06 10:12:00,1830,1830,1830,1830,0
2022-05-06 10:13:00,1830,1830,1830,1830,0
2022-05-06 10:14:00,1830,1830,1830,1830,0
2022-05-06 10:15:00,1830,1830,1830,1830,0
2022-05-06 10:16:00,1830,1830,1830,1830,0
2022-05-06 10:17:00,1830,1830,1830,1830,0
2022-05-06 10:18:00,1830,1830,1830,1830,0
2022-05-06 10:19:00,1830,1830,1830,1830,0
2022-05-06 10:20:00,1830,1830,1830,1830,0
2022-05-06 10:21:00,1830,1830,1830,1830,0
2022-05-06 10:22:00,1830,1830,1830,1830,0
2022-05-06 10:23:00,1830,1830,1830,1830,0
2022-05-06 10:24:00,1830,1830,1830,1830,0
2022-05-06 10:25:00,1830,1830,1830,1830,0
2022-05-06 10:26:00,1830,1830,1830,1830,0
2022-05-06 10:27:00,1830,1830,1830,1830,0
2022-05-06 10:28:00,1830,1830,1830,1830,0
2022-05-06 10:29:00,1830,1830,1830,1830,0
2022-05-06 10:30:00,1830,1830,1830,1830,0
2022-05-06 10:31:00,1830,1830,1830,1830,0
2022-05-06 10:32:00,1830,1830,1830,1830,0
2022-05-06 10:33:00,1830,1830,1830,1830,0
2022-05-06 10:34:00,1830,1830,1830,1830,0
2022-05-06 10:35:00,1830,1830,1830,1830,0
2022-05-06 10:36:00,1830,1830,1830,1830,0
2022-05-06 10:37:00,1830,1830,1830,1830,0
2022-05-06 10:38:00,1830,1830,1830,1830,0
2022-05-06 10:39:00,1830,1830,1830,1830,0
2022-05-06 10:40:00,1830,1830,1830,1830,0
2022-05-06 10:41:00,1830,1830,1830,1830,0
2022-05-06 10:42:00,1830,1830,1830,1830,0
2022-05-06 10:43:00,1830,1830,1830,1830,0
2022-05-06 10:44:00,1830,1830,1830,1830,0
2022-05-06 10:45:00,1830,1830,1830,1830,0
2022-05-06 10:46:00,1830,1830,1830,1830,0
2022-05-06 10:47:00,1830,1830,1830,1830,0
2022-05-06 10:48:00,1830,1830,1830,1830,0
2022-05-06 10:49:00,1830,1830,1830,1830,0
2022-05-06 10:50:00,1830,1830,1830,1830,0
2022-05-06 10:51:00,1830,1830,1830,1830,0
2022-05-06 10:52:00,1830,1830,1830,1830,0
2022-05-06 10:53:00,1830,1830,1830,1830,0
2022-05-06 10:54:00,1830,1830,1830,1830,0
2022-05-06 10:55:00,1830,1830,1830,1830,0
2022-05-06 10:56:00,1830,1830,1830,1830,0
2022-05-06 10:57:00,1830,1830,1830,1830,0
2022-05-06 10:58:00,1830,1830,1830,1830,0
2022-05-06 10:59:00,1830,1830,1830,1830,0
2022-05-06 11:00:00,1830,1830,1830,1830,0
2022-05-06 11:01:00,1830,1830,1830,1830,0
2022-05-06 11:02:00,1830,1830,1830,1830,0
2022-05-06 11:03:00,1830,1830,1830,1830,0
2022-05-06 11:04:00,1830,1830,1830,1830,0
2022-05-06 11:05:00,1830,1830,1830,1830,0
2022-05-06 11:06:00,1830,1830,1830,1830,0
2022-05-06 11:07:00,1830,1830,1830,1830,0
2022-05-06 11:08:00,1830,1830,1830,1830,0
2022-05-06 11:09:00,1830,1830,1830,1830,0
2022-05-06 11:10:00,1830,1830,1830,1830,0
2022-05-06 11:11:00,1830,1830,1830,1830,0
2022-05-06 11:12:00,1830,1830,1830,1830,0
2022-05-06 11:13:00,1830,1830,1830,1830,0
2022-05-06 11:14:00,1830,1830,1830,1830,0
2022-05-06 11:15:00,1830,1830,1830,1830,0
2022-05-06 11:16:00,1830,1830,1830,1830,0
2022-05-06 11:17:00,1830,1830,1830,1830,0
2022-05-06 11:18:00,1830,1830,1830,1830,0
2022-05-06 11:19:00,1830,1830,1830,1830,0
2022-05-06 11:20:00,1830,1830,1830,1830,0
2022-05-06 11:21:00,1830,1830,1830,1830,0
2022-05-06 11:22:00,1830,1830,1830,1830,0
2022-05-06 11:23:00,1830,1830,1830,1830,0
2022-05-06 11:24:00,1830,1830,1830,1830,0
2022-05-06 11:25:00,1830,1830,1830,1830,0
2022-05-06 11:26:00,1830,1830,1830,1830,0
2022-05-06 11:27:00,1830,1830,1830,1830,0
2022-05-06 11:28:00,1830,1830,1830,1830,0
2022-05-06 11:29:00,1830,1830,1830,1830,0
2022-05-06 11:30:00,1830,1830,1830,1830,0
2022-05-06 11:31:00,1830,1830,1830,1830,0
2022-05-06 11:32:00,1830,1830,1830,1830,0
2022-05-06 11:33:00,1830,1830,1830,1830,0
2022-05-06 11:34:00,1830,1830,1830,1830,0
2022-05-06 11:35:00,1830,1830,1830,1830,0
2022-05-06 11:36:00,1830,1830,1830,1830,0
2022-05-06 11:37:00,1830,1830,1830,1830,0
2022-05-06 11:38:00,1830,1830,1830,1830,0
2022-05-06 11:39:00,1830,1830,1830,1830,0
2022-05-06 11:40:00,1830,1830,1830,1830,0
2022-05-06 11:41:00,1830,1830,1830,1830,0
2022-05-06 11:42:00,1830,1830,1830,1830,0
2022-05-06 11:43:00,1830,1830,1830,1830,0
2022-05-06 11:44:00,1830,1830,1830,1830,0
2022-05-06 11:45:00,1830,1830,1830,1830,0
2022-05-06 11:46:00,1830,1830,1830,1830,0
2022-05-06 11:47:00,1830,1830,1830,1830,0
2022-05-06 11:48:00,1830,1830,1830,1830,0
2022-05-06 11:49:00,1830,1830,1830,1830,0
2022-05-06 11:50:00,1830,1830,1830,1830,0
2022-05-06 11:51:00,1830,1830,1830,1830,0
2022-05-06 11:52:00,1830,1830,1830,1830,0
2022-05-06 11:53:00,1830,1830,1830,1830,0
2022-05-06 11:54:00,1830,1830,1830,1830,0
2022-05-06 11:55:00,1830,1830,1830,1830,0
2022-05-06 11:56:00,1830,1830,1830,1830,0
2022-05-06 11:57:00,1830,1830,1830,1830,0
2022-05-06 11:58:00,1830,1830,1830,1830,0
2022-05-06 11:59:00,1830,1830,1830,1830,0
2022-05-06 12:00:00,1830,1830,1830,1830,0
2022-05-06 12:01:00,1830,1830,1830,1830,0
2022-05-06 12:02:00,1830,1830,1830,1830,0
2022-05-06 12:03:00,1830,1830,1830,1830,0
2022-05-06 12:04:00,1830,1830,1830,1830,0
2022-05-06 12:05:00,1830,1830,1830,1830,0
2022-05-06 12:06:00,1830,1830,1830,1830,0
2022-05-06 12:07:00,1830,1830,1830,1830,0
2022-05-06 12:08:00,1830,1830,1830,1830,0
2022-05-06 12:09:00,1830,1830,1830,1830,0
2022-05-06 12:10:00,1830,1830,1830,1830,0
2022-05-06 12:11:00,1830,1830,1830,1830,0
2022-05-06 12:12:00,1830,1830,1830,1830,0
2022-05-06 12:13:00,1830,1830,1830,1830,0
2022-05-06 12:14:00,1830,1830,1830,1830,0
2022-05-06 12:15:00,1830,1830,1830,1830,0
2022-05-06 12:16:00,1830,1830,1830,1830,0
2022-05-06 12:17:00,1830,1830,1830,1830,0
2022-05-06 12:18:00,1830,1830,1830,1830,0
2022-05-06 12:19:00,1830,1830,1830,1830,0
2022-05-06 12:20:00,1830,1830,1830,1830,0
2022-05-06 12:21:00,1830,1830,1830,1830,0
2022-05-06 12:22:00,1830,1830,1830,1830,0
2022-05-06 12:23:00,1830,1830,1830,1830,0
2022-05-06 12:24:00,1830,1830,1830,1830,0
2022-05-06 12:25:00,1830,1830,1830,1830,0
2022-05-06 12:26:00,1830,1830,1830,1830,0
2022-05-06 12:27:00,1830,1830,1830,1830,0
2022-05-06 12:28:00,1830,1830,1830,1830,0
2022-05-06 12:29:00,1830,1830,1830,1830,0
2022-05-06 12:30:00,1830,1830,1830,1830,0
2022-05-06 12:31:00,1830,1830,1830,1830,0
2022-05-06 12:32:00,1830,1830,1830,1830,0
2022-05-06 12:33:00,1830,1830,1830,1830,0
2022-05-06 12:34:00,1830,1830,1830,1830,0
2022-05-06 12:35:00,1830,1830,1830,1830,0
2022-05-06 12:36:00,1830,1830,1830,1830,0
2022-05-06 12:37:00,1830,1830,1830,1830,0
2022-05-06 12:38:00,1830,1830,1830,1830,0
2022-05-06 12:39:00,1830,1830,1830,1830,0
2022-05-06 12:40:00,1830,1830,1830,1830,0
2022-05-06 12:41:00,1830,1830,1830,1830,0
2022-05-06 12:42:00,1830,1830,1830,1830,0
2022-05-06 12:43:00,1830,1830,1830,1830,0
2022-05-06 12:44:00,1830,1830,1830,1830,0
2022-05-06 12:45:00,1830,1830,1830,1830,0
2022-05-06 12:46:00,1830,1830,1830,1830,0
2022-05-06 12:47:00,1830,1830,1830,1830,0
2022-05-06 12:48:00,1830,1830,1830,1830,0
2022-05-06 12:49:00,1830,1830,1830,1830,0
2022-05-06 12:50:00,1830,1830,1830,1830,0
2022-05-06 12:51:00,1830,1830,1830,1830,0
2022-05-06 12:52:00,1830,1830,1830,1830,0
2022-05-06 12:53:00,1830,1830,1830,1830,0
2022-05-06 12:54:00,1830,1830,1830,1830,0
2022-05-06 12:55:00,1830,1830,1830,1830,0
2022-05-06 12:56:00,1830,1830,1830,1830,0
2022-05-06 12:57:00,1830,1830,1830,1830,0
2022-05-06 12:58:00,1830,1830,1830,1830,0
2022-05-06 12:59:00,1830,1830,1830,1830,0
2022-05-06 13:00:00,1830,1830,1830,1830,0
2022-05-06 13:01:00,1830,1830,1830,1830,0
2022-05-06 13:02:00,1830,1830,1830,1830,0
2022-05-06 13:03:00,1830,1830,1830,1830,0
2022-05-06 13:04:00,1830,1830,1830,1830,0
2022-05-06 13:05:00,1830,1830,1830,1830,0
2022-05-06 13:06:00,1830,1830,1830,1830,0
2022-05-06 13:07:00,1830,1830,1830,1830,0
2022-05-06 13:08:00,1830,1830,1830,1830,0
2022-05-06 13:09:00,1830,1830,1830,1830,0
2022-05-06 13:10:00,1830,1830,1830,1830,0
2022-05-06 13:11:00,1830,1830,1830,1830,0
2022-05-06 13:12:00,1830,1830,1830,1830,0
2022-05-06 13:13:00,1830,1830,1830,1830,0
2022-05-06 13:14:00,1830,1830,1830,1830,0
2022-05-06 13:15:00,1830,1830,1830,1830,0
2022-05-06 13:16:00,1830,1830,1830,1830,0
2022-05-06 13:17:00,1830,1830,1830,1830,0
2022-05-06 13:18:00,1830,1830,1830,1830,0
2022-05-06 13:19:00,1830,1830,1830,1830,0
2022-05-06 13:20:00,1830,1830,1830,1830,0
2022-05-06 13:21:00,1830,1830,1830,1830,0
2022-05-06 13:22:00,1830,1830,1830,1830,0
2022-05-06 13:23:00,1830,1830,1830,1830,0
2022-05-06 13:24:00,1830,1830,1830,1830,0
2022-05-06 13:25:00,1830,1830,1830,1830,0
2022-05-06 13:26:00,1830,1830,1830,1830,0
2022-05-06 13:27:00,1830,1830,1830,1830,0
2022-05-06 13:28:00,1830,1830,1830,1830,0
2022-05-06 13:29:00,1830,1830,1830,1830,0
2022-05-06 13:30:00,1830,1830,1830,1830,0
2022-05-06 13:31:00,1830,1830,1830,1830,0
2022-05-06 13:32:00,1830,1830,1830,1830,0
2022-05-06 13:33:00,1830,1830,1830,1830,0
2022-05-06 13:34:00,1830,1830,1830,1830,0
2022-05-06 13:35:00,1830,1830,1830,1830,0
2022-05-06 13:36:00,1830,1830,1830,1830,0
2022-05-06 13:37:00,1830,1830,1830,1830,0
2022-05-06 13:38:00,1830,1830,1830,1830,0
2022-05-06 13:39:00,1830,1830,1830,1830,0
2022-05-06 13:40:00,1830,1830,1830,1830,0
2022-05-06 13:41:00,1830,1830,1830,1830,0
2022-05-06 13:42:00,1830,1830,1830,1830,0
2022-05-06 13:43:00,1830,1830,1830,1830,0
2022-05-06 13:44:00,1830,1830,1830,1830,0
2022-05-06 13:45:00,1830,1830,1830,1830,0
2022-05-06 13:46:00,1830,1830,1830,1830,0
2022-05-06 13:47:00,1830,1830,1830,1830,0
2022-05-06 13:48:00,1830,1830,1830,1830,0
2022-05-06 13:49:00,1830,1830,1830,1830,0
2022-05-06 13:50:00,1830,1830,1830,1830,0
2022-05-06 13:51:00,1830,1830,1830,1830,0
2022-05-06 13:52:00,1830,1830,1830,1830,0
2022-05-06 13:53:00,1830,1830,1830,1830,0
2022-05-06 13:54:00,1830,1830,1830,1830,0
2022-05-06 13:55:00,1830,1830,1830,1830,0
2022-05-06 13:56:00,1830,1830,1830,1830,0
2022-05-06 13:57:00,1830,1830,1830,1830,0
2022-05-06 13:58:00,1830,1830,1830,1830,0
2022-05-06 13:59:00,1830,1830,1830,1830,0
2022-05-06 14:00:00,1830,1830,1830,1830,0
2022-05-06 14:01:00,1830,1830,1830,1830,0
2022-05-06 14:02:00,1830,1830,1830,1830,0
2022-05-06 14:03:00,1830,1830,1830,1830,0
2022-05-06 14:04:00,1830,1830,1830,1830,0
2022-05-06 14:05:00,1830,1830,1830,1830,0
2022-05-06 14:06:00,1830,1830,1830,1830,0
2022-05-06 14:07:00,1830,1830,1830,1830,0
2022-05-06 14:08:00,1830,1830,1830,1830,0
2022-05-06 14:09:00,1830,1830,1830,1830,0
2022-05-06 14:10:00,1830,1830,1830,1830,0
2022-05-06 14:11:00,1830,1830,1830,1830,0
2022-05-06 14:12:00,1830,1830,1830,1830,0
2022-05-06 14:13:00,1830,1830,1830,1830,0
2022-05-06 14:14:00,1830,1830,1830,1830,0
2022-05-06 14:15:00,1830,1830,1830,1830,0
2022-05-06 14:16:00,1830,1830,1830,1830,0
2022-05-06 14:17:00,1830,1830,1830,1830,0
2022-05-06 14:18:00,1830,1830,1830,1830,0
2022-05-06 14:19:00,1830,1830,1830,1830,0
2022-05-06 14:20:00,1830,1830,1830,1830,0
2022-05-06 14:21:00,1830,1830,1830,1830,0
2022-05-06 14:22:00,1830,1830,1830,1830,0
2022-05-06 14:23:00,1830,1830,1830,1830,0
2022-05-06 14:24:00,1830,1830,1830,1830,0
2022-05-06 14:25:00,1830,1830,1830,1830,0
2022-05-06 14:26:00,1830,1830,1830,1830,0
2022-05-06 14:27:00,1830,1830,1830,1830,0
2022-05-06 14:28:00,1830,1830,1830,1830,0
2022-05-06 14:29:00,1830,1830,1830,1830,0
2022-05-06 14:30:00,1830,1830,1830,1830,0
2022-05-06 14:31:00,1830,1830,1830,1830,0
2022-05-06 14:32:00,1830,1830,1830,1830,0
2022-05-06 14:33:00,1830,1830,1830,1830,0
2022-05-06 14:34:00,1830,1830,1830,1830,0
2022-05-06 14:35:00,1830,1830,1830,1830,0
2022-05-06 14:36:00,1830,1830,1830,1830,0
2022-05-06 14:37:00,1830,1830,1830,1830,0
2022-05-06 14:38:00,1830,1830,1830,1830,0
2022-05-06 14:39:00,1830,1830,1830,1830,0
2022-05-06 14:40:00,1830,1830,1830,1830,0
2022-05-06 14:41:00,1830,1830,1830,1830,0
2022-05-06 14:42:00,1830,1830,1830,1830,0
2022-05-06 14:43:00,1830,1830,1830,1830,0
2022-05-06 14:44:00,1830,1830,1830,1830,0
2022-05-06 14:45:00,1830,1830,1830,1830,0
2022-05-06 14:46:00,1830,1830,1830,1830,0
2022-05-06 14:47:00,1830,1830,1830,1830,0
2022-05-06 14:48:00,1830,1830,1830,1830,0
2022-05-06 14:49:00,1830,1830,1830,1830,0
2022-05-06 14:50:00,1830,1830,1830,1830,0
2022-05-06 14:51:00,1830,1830,1830,1830,0
2022-05-06 14:52:00,1830,1830,1830,1830,0
2022-05-06 14:53:00,1830,1830,1830,1830,0
2022-05-06 14:54:00,1830,1830,1830,1830,0
2022-05-06 14:55:00,1830,1830,1830,1830,0
2022-05-06 14:56:00,1830,1830,1830,1830,0
2022-05-06 14:57:00,1830,1830,1830,1830,0
2022-05-06 14:58:00,1830,1830,1830,1830,0
2022-05-06 14:59:00,1830,1830,1830,1830,0
2022-05-06 15:00:00,1830,1830,1830,1830,0
2022-05-06 15:01:00,1830,1830,1830,1830,0
2022-05-06 15:02:00,1830,1830,1830,1830,0
2022-05-06 15:03:00,1830,1830,1830,1830,0
2022-05-06 15:04:00,1830,1830,1830,1830,0
2022-05-06 15:05:00,1830,1830,1830,1830,0
2022-05-06 15:06:00,1830,1830,1830,1830,0
2022-05-06 15:07:00,1830,1830,1830,1830,0
2022-05-06 15:08:00,1830,1830,1830,1830,0
2022-05-06 15:09:00,1830,1830,1830,1830,0
2022-05-06 15:10:00,1830,1830,1830,1830,0
2022-05-06 15:11:00,1830,1830,1830,1830,0
2022-05-06 15:12:00,1830,1830,1830,1830,0
2022-05-06 15:13:00,1830,1830,1830,1830,0
2022-05-06 15:14:00,1830,1830,1830,1830,0
2022-05-06 15:15:00,1830,1830,1830,1830,0
2022-05-06 15:16:00,1830,1830,1830,1830,0
2022-05-06 15:17:00,1830,1830,1830,1830,0
2022-05-06 15:18:00,1830,1830,1830,1830,0
2022-05-06 15:19:00,1830,1830,1830,1830,0
2022-05-06 15:20:00,1830,1830,1830,1830,0
2022-05-06 15:21:00,1830,1830,1830,1830,0
2022-05-06 15:22:00,1830,1830,1830,1830,0
2022-05-06 15:23:00,1830,1830,1830,1830,0
2022-05-06 15:24:00,1830,1830,1830,1830,0
2022-05-06 15:25:00,1830,1830,1830,1830,0
2022-05-06 15:26:00,1830,1830,1830,1830,0
2022-05-06 15:27:00,1830,1830,1830,1830,0
2022-05-06 15:28:00,1830,1830,1830,1830,0
2022-05-06 15:29:00,1830,1830,1830,1830,0
2022-05-06 15:30:00,1830,1830,1830,1830,0
2022-05-06 15:31:00,1830,1830,1830,1830,0
2022-05-06 15:32:00,1830,1830,1830,1830,0
2022-05-06 15:33:00,1830,1830,1830,1830,0
2022-05-06 15:34:00,1830,1830,1830,1830,0
2022-05-06 15:35:00,1830,1830,1830,1830,0
2022-05-06 15:36:00,1830,1830,1830,1830,0
2022-05-06 15:37:00,1830,1830,1830,1830,0
2022-05-06 15:38:00,1830,1830,1830,1830,0
2022-05-06 15:39:00,1830,1830,1830,1830,0
2022-05-06 15:40:00,1830,1830,1830,1830,0
2022-05-06 15:41:00,1830,1830,1830,1830,0
2022-05-06 15:42:00,1830,1830,1830,1830,0
2022-05-06 15:43:00,1830,1830,1830,1830,0
2022-05-06 15:44:00,1830,1830,1830,1830,0
2022-05-06 15:45:00,1830,1830,1830,1830,0
2022-05-06 15:46:00,1830,1830,1830,1830,0
2022-05-06 15:47:00,1830,1830,1830,1830,0
2022-05-06 15:48:00,1830,1830,1830,1830,0
2022-05-06 15:49:00,1830,1830,1830,1830,0
2022-05-06 15:50:00,1830,1830,1830,1830,0
2022-05-06 15:51:00,1830,1830,1830,1830,0
2022-05-06 15:52:00,1830,1830,1830,1830,0
2022-05-06 15:53:00,1830,1830,1830,1830,0
2022-05-06 15:54:00,1830,1830,1830,1830,0
2022-05-06 15:55:00,1830,1830,1830,1830,0
2022-05-06 15:56:00,1830,1830,1830,1830,0
2022-05-06 15:57:00,1830,1830,1830,1830,0
2022-05-06 15:58:00,1830,1830,1830,1830,0
2022-05-06 15:59:00,1830,1830,1830,1830,0
2022-05-09 09:00:00,1750,1750,1750,1750,0
2022-05-09 09:01:00,1750,1750,1750,1750,0
2022-05-09 09:02:00,1750,1750,1750,1750,0
2022-05-09 09:03:00,1750,1750,1750,1750,0
2022-05-09 09:04:00,1750,1750,1750,1750,0
2022-05-09 09:05:00,1750,1750,1750,1750,0
2022-05-09 09:06:00,1750,1750,1750,1750,0
2022-05-09 09:07:00,1750,1750,1750,1750,0
2022-05-09 09:08:00,1750,1750,1750,1750,0
2022-05-09 09:09:00,1750,1750,1750,1750,0
2022-05-09 09:10:00,1750,1750,1750,1750,0
2022-05-09 09:11:00,1750,1750,1750,1750,0
2022-05-09 09:12:00,1750,1750,1750,1750,0
2022-05-09 09:13:00,1750,1750,1750,1750,0
2022-05-09 09:14:00,1750,1750,1750,1750,0
2022-05-09 09:15:00,1750,1750,1750,1750,0
2022-05-09 09:16:00,1750,1750,1750,1750,0
2022-05-09 09:17:00,1750,1750,1750,1750,0
2022-05-09 09:18:00,1750,1750,1750,1750,0
2022-05-09 09:19:00,1750,1750,1750,1750,0
2022-05-09 09:20:00,1750,1750,1750,1750,0
2022-05-09 09:21:00,1750,1750,1750,1750,0
2022-05-09 09:22:00,1750,1750,1750,1750,0
2022-05-09 09:23:00,1750,1750,1750,1750,0
2022-05-09 09:24:00,1750,1750,1750,1750,0
2022-05-09 09:25:00,1750,1750,1750,1750,0
2022-05-09 09:26:00,1750,1750,1750,1750,0
2022-05-09 09:27:00,1750,1750,1750,1750,0
2022-05-09 09:28:00,1750,1750,1750,1750,0
2022-05-09 09:29:00,1750,1750,1750,1750,0
2022-05-09 09:30:00,1750,1750,1750,1750,0
2022-05-09 09:31:00,1750,1750,1750,1750,0
2022-05-09 09:32:00,1750,1750,1750,1750,0
2022-05-09 09:33:00,1750,1750,1750,1750,0
2022-05-09 09:34:00,1750,1750,1750,1750,0
2022-05-09 09:35:00,1750,1750,1750,1750,0
2022-05-09 09:36:00,1750,1750,1750,1750,0
2022-05-09 09:37:00,1750,1750,1750,1750,0
2022-05-09 09:38:00,1750,1750,1750,1750,0
2022-05-09 09:39:00,1750,1750,1750,1750,0
2022-05-09 09:40:00,1750,1750,1750,1750,0
2022-05-09 09:41:00,1750,1750,1750,1750,0
2022-05-09 09:42:00,1750,1750,1750,1750,0
2022-05-09 09:43:00,1750,1750,1750,1750,0
2022-05-09 09:44:00,1750,1750,1750,1750,0
2022-05-09 09:45:00,1750,1750,1750,1750,0
2022-05-09 09:46:00,1750,1750,1750,1750,0
2022-05-09 09:47:00,1750,1750,1750,1750,0
2022-05-09 09:48:00,1750,1750,1750,1750,0
2022-05-09 09:49:00,1750,1750,1750,1750,0
2022-05-09 09:50:00,1750,1750,1750,1750,0
2022-05-09 09:51:00,1750,1750,1750,1750,0
2022-05-09 09:52:00,1750,1750,1750,1750,0
2022-05-09 09:53:00,1750,1750,1750,1750,0
2022-05-09 09:54:00,1750,1750,1750,1750,0
2022-05-09 09:55:00,1750,1750,1750,1750,0
2022-05-09 09:56:00,1750,1750,1750,1750,0
2022-05-09 09:57:00,1750,1750,1750,1750,0
2022-05-09 09:58:00,1750,1750,1750,1750,0
2022-05-09 09:59:00,1750,1750,1750,1750,0
2022-05-09 10:00:00,1750,1750,1750,1750,0
2022-05-09 10:01:00,1750,1750,1750,1750,0
2022-05-09 10:02:00,1750,1750,1750,1750,0
2022-05-09 10:03:00,1750,1750,1750,1750,0
2022-05-09 10:04:00,1750,1750,1750,1750,0
2022-05-09 10:05:00,1750,1750,1750,1750,0
2022-05-09 10:06:00,1750,1750,1750,1750,0
2022-05-09 10:07:00,1750,1750,1750,1750,0
2022-05-09 10:08:00,1750,1750,1750,1750,0
2022-05-09 10:09:00,1750,1750,1750,1750,0
2022-05-09 10:10:00,1750,1750,1750,1750,0
2022-05-09 10:11:00,1750,1750,1750,1750,0
2022-05-09 10:12:00,1750,1750,1750,1750,0
2022-05-09 10:13:00,1750,1750,1750,1750,0
2022-05-09 10:14:00,1750,1750,1750,1750,0
2022-05-09 10:15:00,1750,1750,1750,1750,0
2022-05-09 10:16:00,1750,1750,1750,1750,0
2022-05-09 10:17:00,1750,1750,1750,1750,0
2022-05-09 10:18:00,1750,1750,1750,1750,0
2022-05-09 10:19:00,1750,1750,1750,1750,0
2022-05-09 10:20:00,1750,1750,1750,1750,0
2022-05-09 10:21:00,1750,1750,1750,1750,0
2022-05-09 10:22:00,1750,1750,1750,1750,0
2022-05-09 10:23:00,1750,1750,1750,1750,0
2022-05-09 10:24:00,1750,1750,1750,1750,0
2022-05-09 10:25:00,1750,1750,1750,1750,0
2022-05-09 10:26:00,1750,1750,1750,1750,0
2022-05-09 10:27:00,1750,1750,1750,1750,0
2022-05-09 10:28:00,1750,1750,1750,1750,0
2022-05-09 10:29:00,1750,1750,1750,1750,0
2022-05-09 10:30:00,1750,1750,1750,1750,0
2022-05-09 10:31:00,1750,1750,1750,1750,0
2022-05-09 10:32:00,1750,1750,1750,1750,0
2022-05-09 10:33:00,1750,1750,1750,1750,0
2022-05-09 10:34:00,1750,1750,1750,1750,0
2022-05-09 10:35:00,1750,1750,1750,1750,900
2022-05-09 10:36:00,1750,1750,1750,1750,0
2022-05-09 10:37:00,1750,1750,1750,1750,0
2022-05-09 10:38:00,1750,1750,1750,1750,0
2022-05-09 10:39:00,1750,1750,1750,1750,0
2022-05-09 10:40:00,1750,1750,1750,1750,0
2022-05-09 10:41:00,1750,1750,1750,1750,0
2022-05-09 10:42:00,1750,1750,1750,1750,0
2022-05-09 10:43:00,1750,1750,1750,1750,0
2022-05-09 10:44:00,1750,1750,1750,1750,0
2022-05-09 10:45:00,1750,1750,1750,1750,0
2022-05-09 10:46:00,1750,1750,1750,1750,0
2022-05-09 10:47:00,1750,1750,1750,1750,0
2022-05-09 10:48:00,1750,1750,1750,1750,0
2022-05-09 10:49:00,1750,1750,1750,1750,0
2022-05-09 10:50:00,1750,1750,1750,1750,0
2022-05-09 10:51:00,1750,1750,1750,1750,0
2022-05-09 10:52:00,1750,1750,1750,1750,0
2022-05-09 10:53:00,1750,1750,1750,1750,0
2022-05-09 10:54:00,1750,1750,1750,1750,0
2022-05-09 10:55:00,1750,1750,1750,1750,0
2022-05-09 10:56:00,1750,1750,1750,1750,0
2022-05-09 10:57:00,1750,1750,1750,1750,0
2022-05-09 10:58:00,1750,1750,1750,1750,0
2022-05-09 10:59:00,1750,1750,1750,1750,0
2022-05-09 11:00:00,1750,1750,1750,1750,0
2022-05-09 11:01:00,1750,1750,1750,1750,0
2022-05-09 11:02:00,1750,1750,1750,1750,0
2022-05-09 11:03:00,1750,1750,1750,1750,0
2022-05-09 11:04:00,1750,1750,1750,1750,0
2022-05-09 11:05:00,1750,1750,1750,1750,0
2022-05-09 11:06:00,1750,1750,1750,1750,0
2022-05-09 11:07:00,1750,1750,1750,1750,0
2022-05-09 11:08:00,1750,1750,1750,1750,0
2022-05-09 11:09:00,1750,1750,1750,1750,0
2022-05-09 11:10:00,1750,1750,1750,1750,0
2022-05-09 11:11:00,1750,1750,1750,1750,0
2022-05-09 11:12:00,1750,1750,1750,1750,0
2022-05-09 11:13:00,1750,1750,1750,1750,0
2022-05-09 11:14:00,1750,1750,1750,1750,0
2022-05-09 11:15:00,1750,1750,1750,1750,0
2022-05-09 11:16:00,1750,1750,1750,1750,0
2022-05-09 11:17:00,1750,1750,1750,1750,0
2022-05-09 11:18:00,1750,1750,1750,1750,0
2022-05-09 11:19:00,1750,1750,1750,1750,0
2022-05-09 11:20:00,1750,1750,1750,1750,0
2022-05-09 11:21:00,1750,1750,1750,1750,0
2022-05-09 11:22:00,1750,1750,1750,1750,100
2022-05-09 11:23:00,1750,1750,1750,1750,0
2022-05-09 11:24:00,1750,1750,1750,1750,0
2022-05-09 11:25:00,1750,1750,1750,1750,0
2022-05-09 11:26:00,1750,1750,1750,1750,0
2022-05-09 11:27:00,1750,1750,1750,1750,0
2022-05-09 11:28:00,1750,1750,1750,1750,0
2022-05-09 11:29:00,1750,1750,1750,1750,0
2022-05-09 11:30:00,1750,1750,1750,1750,0
2022-05-09 11:31:00,1750,1750,1750,1750,0
2022-05-09 11:32:00,1750,1750,1750,1750,0
2022-05-09 11:33:00,1750,1750,1750,1750,0
2022-05-09 11:34:00,1750,1750,1750,1750,0
2022-05-09 11:35:00,1750,1750,1750,1750,0
2022-05-09 11:36:00,1750,1750,1750,1750,0
2022-05-09 11:37:00,1750,1750,1750,1750,0
2022-05-09 11:38:00,1750,1750,1750,1750,0
2022-05-09 11:39:00,1750,1750,1750,1750,0
2022-05-09 11:40:00,1750,1750,1750,1750,0
2022-05-09 11:41:00,1750,1750,1750,1750,0
2022-05-09 11:42:00,1750,1750,1750,1750,0
2022-05-09 11:43:00,1750,1750,1750,1750,0
2022-05-09 11:44:00,1750,1750,1750,1750,0
2022-05-09 11:45:00,1750,1750,1750,1750,0
2022-05-09 11:46:00,1750,1750,1750,1750,0
2022-05-09 11:47:00,1750,1750,1750,1750,0
2022-05-09 11:48:00,1750,1750,1750,1750,0
2022-05-09 11:49:00,1750,1750,1750,1750,0
2022-05-09 11:50:00,1750,1750,1750,1750,0
2022-05-09 11:51:00,1750,1750,1750,1750,0
2022-05-09 11:52:00,1750,1750,1750,1750,0
2022-05-09 11:53:00,1750,1750,1750,1750,0
2022-05-09 11:54:00,1750,1750,1750,1750,0
2022-05-09 11:55:00,1750,1750,1750,1750,0
2022-05-09 11:56:00,1750,1750,1750,1750,0
2022-05-09 11:57:00,1750,1750,1750,1750,0
2022-05-09 11:58:00,1750,1750,1750,1750,0
2022-05-09 11:59:00,1750,1750,1750,1750,0
2022-05-09 12:00:00,1750,1750,1750,1750,0
2022-05-09 12:01:00,1750,1750,1750,1750,0
2022-05-09 12:02:00,1750,1750,1750,1750,0
2022-05-09 12:03:00,1750,1750,1750,1750,0
2022-05-09 12:04:00,1750,1750,1750,1750,0
2022-05-09 12:05:00,1750,1750,1750,1750,0
2022-05-09 12:06:00,1750,1750,1750,1750,0
2022-05-09 12:07:00,1750,1750,1750,1750,0
2022-05-09 12:08:00,1750,1750,1750,1750,0
2022-05-09 12:09:00,1750,1750,1750,1750,0
2022-05-09 12:10:00,1750,1750,1750,1750,0
2022-05-09 12:11:00,1750,1750,1750,1750,0
2022-05-09 12:12:00,1750,1750,1750,1750,0
2022-05-09 12:13:00,1750,1750,1750,1750,0
2022-05-09 12:14:00,1750,1750,1750,1750,0
2022-05-09 12:15:00,1750,1750,1750,1750,0
2022-05-09 12:16:00,1750,1750,1750,1750,0
2022-05-09 12:17:00,1750,1750,1750,1750,0
2022-05-09 12:18:00,1750,1750,1750,1750,0
2022-05-09 12:19:00,1750,1750,1750,1750,0
2022-05-09 12:20:00,1750,1750,1750,1750,0
2022-05-09 12:21:00,1750,1750,1750,1750,0
2022-05-09 12:22:00,1750,1750,1750,1750,0
2022-05-09 12:23:00,1750,1750,1750,1750,0
2022-05-09 12:24:00,1750,1750,1750,1750,0
2022-05-09 12:25:00,1750,1750,1750,1750,0
2022-05-09 12:26:00,1750,1750,1750,1750,0
2022-05-09 12:27:00,1750,1750,1750,1750,0
2022-05-09 12:28:00,1750,1750,1750,1750,0
2022-05-09 12:29:00,1750,1750,1750,1750,0
2022-05-09 12:30:00,1750,1750,1750,1750,0
2022-05-09 12:31:00,1750,1750,1750,1750,0
2022-05-09 12:32:00,1750,1750,1750,1750,0
2022-05-09 12:33:00,1750,1750,1750,1750,0
2022-05-09 12:34:00,1750,1750,1750,1750,0
2022-05-09 12:35:00,1750,1750,1750,1750,0
2022-05-09 12:36:00,1750,1750,1750,1750,0
2022-05-09 12:37:00,1750,1750,1750,1750,0
2022-05-09 12:38:00,1750,1750,1750,1750,0
2022-05-09 12:39:00,1750,1750,1750,1750,0
2022-05-09 12:40:00,1750,1750,1750,1750,0
2022-05-09 12:41:00,1750,1750,1750,1750,0
2022-05-09 12:42:00,1750,1750,1750,1750,0
2022-05-09 12:43:00,1750,1750,1750,1750,0
2022-05-09 12:44:00,1750,1750,1750,1750,0
2022-05-09 12:45:00,1750,1750,1750,1750,0
2022-05-09 12:46:00,1750,1750,1750,1750,0
2022-05-09 12:47:00,1750,1750,1750,1750,0
2022-05-09 12:48:00,1750,1750,1750,1750,0
2022-05-09 12:49:00,1750,1750,1750,1750,0
2022-05-09 12:50:00,1750,1750,1750,1750,0
2022-05-09 12:51:00,1750,1750,1750,1750,0
2022-05-09 12:52:00,1750,1750,1750,1750,0
2022-05-09 12:53:00,1750,1750,1750,1750,0
2022-05-09 12:54:00,1750,1750,1750,1750,0
2022-05-09 12:55:00,1750,1750,1750,1750,0
2022-05-09 12:56:00,1750,1750,1750,1750,0
2022-05-09 12:57:00,1750,1750,1750,1750,0
2022-05-09 12:58:00,1750,1750,1750,1750,0
2022-05-09 12:59:00,1750,1750,1750,1750,0
2022-05-09 13:00:00,1750,1750,1750,1750,0
2022-05-09 13:01:00,1750,1750,1750,1750,0
2022-05-09 13:02:00,1750,1750,1750,1750,0
2022-05-09 13:03:00,1750,1750,1750,1750,0
2022-05-09 13:04:00,1750,1750,1750,1750,0
2022-05-09 13:05:00,1750,1750,1750,1750,0
2022-05-09 13:06:00,1750,1750,1750,1750,0
2022-05-09 13:07:00,1750,1750,1750,1750,0
2022-05-09 13:08:00,1750,1750,1750,1750,0
2022-05-09 13:09:00,1750,1750,1750,1750,0
2022-05-09 13:10:00,1750,1750,1750,1750,0
2022-05-09 13:11:00,1750,1750,1750,1750,0
2022-05-09 13:12:00,1750,1750,1750,1750,0
2022-05-09 13:13:00,1750,1750,1750,1750,0
2022-05-09 13:14:00,1750,1750,1750,1750,0
2022-05-09 13:15:00,1750,1750,1750,1750,0
2022-05-09 13:16:00,1750,1750,1750,1750,0
2022-05-09 13:17:00,1750,1750,1750,1750,0
2022-05-09 13:18:00,1750,1750,1750,1750,0
2022-05-09 13:19:00,1750,1750,1750,1750,0
2022-05-09 13:20:00,1750,1750,1750,1750,0
2022-05-09 13:21:00,1750,1750,1750,1750,0
2022-05-09 13:22:00,1750,1750,1750,1750,0
2022-05-09 13:23:00,1750,1750,1750,1750,0
2022-05-09 13:24:00,1750,1750,1750,1750,0
2022-05-09 13:25:00,1750,1750,1750,1750,0
2022-05-09 13:26:00,1750,1750,1750,1750,0
2022-05-09 13:27:00,1750,1750,1750,1750,0
2022-05-09 13:28:00,1750,1750,1750,1750,0
2022-05-09 13:29:00,1750,1750,1750,1750,0
2022-05-09 13:30:00,1750,1750,1750,1750,0
2022-05-09 13:31:00,1750,1750,1750,1750,0
2022-05-09 13:32:00,1750,1750,1750,1750,0
2022-05-09 13:33:00,1750,1750,1750,1750,0
2022-05-09 13:34:00,1750,1750,1750,1750,0
2022-05-09 13:35:00,1750,1750,1750,1750,0
2022-05-09 13:36:00,1750,1750,1750,1750,0
2022-05-09 13:37:00,1750,1750,1750,1750,0
2022-05-09 13:38:00,1750,1750,1750,1750,0
2022-05-09 13:39:00,1750,1750,1750,1750,0
2022-05-09 13:40:00,1750,1750,1750,1750,0
2022-05-09 13:41:00,1750,1750,1750,1750,0
2022-05-09 13:42:00,1750,1750,1750,1750,0
2022-05-09 13:43:00,1750,1750,1750,1750,0
2022-05-09 13:44:00,1750,1750,1750,1750,0
2022-05-09 13:45:00,1750,1750,1750,1750,0
2022-05-09 13:46:00,1750,1750,1750,1750,0
2022-05-09 13:47:00,1750,1750,1750,1750,0
2022-05-09 13:48:00,1750,1750,1750,1750,800
2022-05-09 13:49:00,1750,1750,1750,1750,0
2022-05-09 13:50:00,1750,1750,1750,1750,0
2022-05-09 13:51:00,1750,1750,1750,1750,0
2022-05-09 13:52:00,1750,1750,1750,1750,0
2022-05-09 13:53:00,1750,1750,1750,1750,0
2022-05-09 13:54:00,1750,1750,1750,1750,0
2022-05-09 13:55:00,1750,1750,1750,1750,0
2022-05-09 13:56:00,1750,1750,1750,1750,0
2022-05-09 13:57:00,1750,1750,1750,1750,0
2022-05-09 13:58:00,1750,1750,1750,1750,0
2022-05-09 13:59:00,1750,1750,1750,1750,0
2022-05-09 14:00:00,1750,1750,1750,1750,0
2022-05-09 14:01:00,1750,1750,1750,1750,0
2022-05-09 14:02:00,1750,1750,1750,1750,0
2022-05-09 14:03:00,1750,1750,1750,1750,0
2022-05-09 14:04:00,1750,1750,1750,1750,0
2022-05-09 14:05:00,1750,1750,1750,1750,0
2022-05-09 14:06:00,1750,1750,1750,1750,0
2022-05-09 14:07:00,1750,1750,1750,1750,0
2022-05-09 14:08:00,1750,1750,1750,1750,0
2022-05-09 14:09:00,1750,1750,1750,1750,0
2022-05-09 14:10:00,1750,1750,1750,1750,0
2022-05-09 14:11:00,1750,1750,1750,1750,0
2022-05-09 14:12:00,1750,1750,1750,1750,0
2022-05-09 14:13:00,1750,1750,1750,1750,0
2022-05-09 14:14:00,1750,1750,1750,1750,0
2022-05-09 14:15:00,1750,1750,1750,1750,0
2022-05-09 14:16:00,1750,1750,1750,1750,0
2022-05-09 14:17:00,1750,1750,1750,1750,0
2022-05-09 14:18:00,1750,1750,1750,1750,0
2022-05-09 14:19:00,1750,1750,1750,1750,0
2022-05-09 14:20:00,1750,1750,1750,1750,0
2022-05-09 14:21:00,1750,1750,1750,1750,0
2022-05-09 14:22:00,1750,1750,1750,1750,0
2022-05-09 14:23:00,1750,1750,1750,1750,0
2022-05-09 14:24:00,1750,1750,1750,1750,0
2022-05-09 14:25:00,1750,1750,1750,1750,0
2022-05-09 14:26:00,1750,1750,1750,1750,0
2022-05-09 14:27:00,1750,1750,1750,1750,0
2022-05-09 14:28:00,1750,1750,1750,1750,0
2022-05-09 14:29:00,1750,1750,1750,1750,0
2022-05-09 14:30:00,1750,1750,1750,1750,0
2022-05-09 14:31:00,1750,1750,1750,1750,0
2022-05-09 14:32:00,1750,1750,1750,1750,0
2022-05-09 14:33:00,1750,1750,1750,1750,0
2022-05-09 14:34:00,1750,1750,1750,1750,0
2022-05-09 14:35:00,1750,1750,1750,1750,0
2022-05-09 14:36:00,1750,1750,1750,1750,0
2022-05-09 14:37:00,1750,1750,1750,1750,0
2022-05-09 14:38:00,1750,1750,1750,1750,0
2022-05-09 14:39:00,1750,1750,1750,1750,0
2022-05-09 14:40:00,1750,1750,1750,1750,0
2022-05-09 14:41:00,1750,1750,1750,1750,0
2022-05-09 14:42:00,1750,1750,1750,1750,0
2022-05-09 14:43:00,1750,1750,1750,1750,0
2022-05-09 14:44:00,1750,1750,1750,1750,0
2022-05-09 14:45:00,1750,1750,1750,1750,0
2022-05-09 14:46:00,1750,1750,1750,1750,0
2022-05-09 14:47:00,1750,1750,1750,1750,0
2022-05-09 14:48:00,1750,1750,1750,1750,0
2022-05-09 14:49:00,1750,1750,1750,1750,0
2022-05-09 14:50:00,1750,1750,1750,1750,0
2022-05-09 14:51:00,1750,1750,1750,1750,0
2022-05-09 14:52:00,1750,1750,1750,1750,0
2022-05-09 14:53:00,1750,1750,1750,1750,0
2022-05-09 14:54:00,1750,1750,1750,1750,0
2022-05-09 14:55:00,1750,1750,1750,1750,0
2022-05-09 14:56:00,1750,1750,1750,1750,0
2022-05-09 14:57:00,1750,1750,1750,1750,0
2022-05-09 14:58:00,1750,1750,1750,1750,0
2022-05-09 14:59:00,1750,1750,1750,1750,0
2022-05-09 15:00:00,1750,1750,1750,1750,100
2022-05-09 15:01:00,1750,1750,1750,1750,0
2022-05-09 15:02:00,1750,1750,1750,1750,0
2022-05-09 15:03:00,1750,1750,1750,1750,0
2022-05-09 15:04:00,1750,1750,1750,1750,0
2022-05-09 15:05:00,1750,1750,1750,1750,0
2022-05-09 15:06:00,1750,1750,1750,1750,0
2022-05-09 15:07:00,1750,1750,1750,1750,0
2022-05-09 15:08:00,1750,1750,1750,1750,0
2022-05-09 15:09:00,1750,1750,1750,1750,0
2022-05-09 15:10:00,1750,1750,1750,1750,0
2022-05-09 15:11:00,1750,1750,1750,1750,0
2022-05-09 15:12:00,1750,1750,1750,1750,0
2022-05-09 15:13:00,1750,1750,1750,1750,0
2022-05-09 15:14:00,1750,1750,1750,1750,0
2022-05-09 15:15:00,1750,1750,1750,1750,0
2022-05-09 15:16:00,1750,1750,1750,1750,0
2022-05-09 15:17:00,1750,1750,1750,1750,0
2022-05-09 15:18:00,1750,1750,1750,1750,0
2022-05-09 15:19:00,1750,1750,1750,1750,0
2022-05-09 15:20:00,1750,1750,1750,1750,0
2022-05-09 15:21:00,1750,1750,1750,1750,0
2022-05-09 15:22:00,1750,1750,1750,1750,0
2022-05-09 15:23:00,1750,1750,1750,1750,0
2022-05-09 15:24:00,1750,1750,1750,1750,0
2022-05-09 15:25:00,1750,1750,1750,1750,0
2022-05-09 15:26:00,1750,1750,1750,1750,0
2022-05-09 15:27:00,1750,1750,1750,1750,0
2022-05-09 15:28:00,1750,1750,1750,1750,0
2022-05-09 15:29:00,1750,1750,1750,1750,0
2022-05-09 15:30:00,1750,1750,1750,1750,0
2022-05-09 15:31:00,1750,1750,1750,1750,0
2022-05-09 15:32:00,1750,1750,1750,1750,0
2022-05-09 15:33:00,1750,1750,1750,1750,0
2022-05-09 15:34:00,1750,1750,1750,1750,0
2022-05-09 15:35:00,1750,1750,1750,1750,0
2022-05-09 15:36:00,1750,1750,1750,1750,0
2022-05-09 15:37:00,1750,1750,1750,1750,0
2022-05-09 15:38:00,1750,1750,1750,1750,0
2022-05-09 15:39:00,1750,1750,1750,1750,0
2022-05-09 15:40:00,1750,1750,1750,1750,0
2022-05-09 15:41:00,1750,1750,1750,1750,0
2022-05-09 15:42:00,1750,1750,1750,1750,0
2022-05-09 15:43:00,1750,1750,1750,1750,0
2022-05-09 15:44:00,1750,1750,1750,1750,0
2022-05-09 15:45:00,1750,1750,1750,1750,0
2022-05-09 15:46:00,1750,1750,1750,1750,0
2022-05-09 15:47:00,1750,1750,1750,1750,0
2022-05-09 15:48:00,1750,1750,1750,1750,0
2022-05-09 15:49:00,1750,1750,1750,1750,0
2022-05-09 15:50:00,1750,1750,1750,1750,0
2022-05-09 15:51:00,1750,1750,1750,1750,0
2022-05-09 15:52:00,1750,1750,1750,1750,0
2022-05-09 15:53:00,1750,1750,1750,1750,0
2022-05-09 15:54:00,1750,1750,1750,1750,0
2022-05-09 15:55:00,1750,1750,1750,1750,0
2022-05-09 15:56:00,1750,1750,1750,1750,0
2022-05-09 15:57:00,1750,1750,1750,1750,0
2022-05-09 15:58:00,1750,1750,1750,1750,0
2022-05-09 15:59:00,1750,1750,1750,1750,0
2022-05-10 09:00:00,1750,1750,1750,1750,0
2022-05-10 09:01:00,1750,1750,1750,1750,0
2022-05-10 09:02:00,1750,1750,1750,1750,0
2022-05-10 09:03:00,1750,1750,1750,1750,0
2022-05-10 09:04:00,1750,1750,1750,1750,0
2022-05-10 09:05:00,1750,1750,1750,1750,0
2022-05-10 09:06:00,1750,1750,1750,1750,0
2022-05-10 09:07:00,1750,1750,1750,1750,0
2022-05-10 09:08:00,1750,1750,1750,1750,0
2022-05-10 09:09:00,1750,1750,1750,1750,0
2022-05-10 09:10:00,1750,1750,1750,1750,0
2022-05-10 09:11:00,1750,1750,1750,1750,0
2022-05-10 09:12:00,1750,1750,1750,1750,0
2022-05-10 09:13:00,1750,1750,1750,1750,0
2022-05-10 09:14:00,1750,1750,1750,1750,0
2022-05-10 09:15:00,1750,1750,1750,1750,0
2022-05-10 09:16:00,1750,1750,1750,1750,0
2022-05-10 09:17:00,1750,1750,1750,1750,0
2022-05-10 09:18:00,1750,1750,1750,1750,0
2022-05-10 09:19:00,1750,1750,1750,1750,0
2022-05-10 09:20:00,1750,1750,1750,1750,0
2022-05-10 09:21:00,1750,1750,1750,1750,0
2022-05-10 09:22:00,1750,1750,1750,1750,0
2022-05-10 09:23:00,1750,1750,1750,1750,0
2022-05-10 09:24:00,1750,1750,1750,1750,0
2022-05-10 09:25:00,1750,1750,1750,1750,0
2022-05-10 09:26:00,1750,1750,1750,1750,0
2022-05-10 09:27:00,1750,1750,1750,1750,0
2022-05-10 09:28:00,1750,1750,1750,1750,0
2022-05-10 09:29:00,1750,1750,1750,1750,0
2022-05-10 09:30:00,1750,1750,1750,1750,0
2022-05-10 09:31:00,1750,1750,1750,1750,0
2022-05-10 09:32:00,1750,1750,1750,1750,0
2022-05-10 09:33:00,1750,1750,1750,1750,0
2022-05-10 09:34:00,1750,1750,1750,1750,0
2022-05-10 09:35:00,1750,1750,1750,1750,0
2022-05-10 09:36:00,1750,1750,1750,1750,0
2022-05-10 09:37:00,1750,1750,1750,1750,0
2022-05-10 09:38:00,1750,1750,1750,1750,0
2022-05-10 09:39:00,1750,1750,1750,1750,0
2022-05-10 09:40:00,1750,1750,1750,1750,0
2022-05-10 09:41:00,1750,1750,1750,1750,0
2022-05-10 09:42:00,1750,1750,1750,1750,0
2022-05-10 09:43:00,1750,1750,1750,1750,0
2022-05-10 09:44:00,1750,1750,1750,1750,0
2022-05-10 09:45:00,1750,1750,1750,1750,0
2022-05-10 09:46:00,1750,1750,1750,1750,0
2022-05-10 09:47:00,1750,1750,1750,1750,0
2022-05-10 09:48:00,1750,1750,1750,1750,0
2022-05-10 09:49:00,1750,1750,1750,1750,0
2022-05-10 09:50:00,1750,1750,1750,1750,0
2022-05-10 09:51:00,1750,1750,1750,1750,0
2022-05-10 09:52:00,1750,1750,1750,1750,0
2022-05-10 09:53:00,1750,1750,1750,1750,0
2022-05-10 09:54:00,1750,1750,1750,1750,0
2022-05-10 09:55:00,1750,1750,1750,1750,0
2022-05-10 09:56:00,1750,1750,1750,1750,0
2022-05-10 09:57:00,1750,1750,1750,1750,0
2022-05-10 09:58:00,1750,1750,1750,1750,0
2022-05-10 09:59:00,1750,1750,1750,1750,0
2022-05-10 10:00:00,1750,1750,1750,1750,0
2022-05-10 10:01:00,1750,1750,1750,1750,0
2022-05-10 10:02:00,1750,1750,1750,1750,0
2022-05-10 10:03:00,1750,1750,1750,1750,0
2022-05-10 10:04:00,1750,1750,1750,1750,0
2022-05-10 10:05:00,1750,1750,1750,1750,0
2022-05-10 10:06:00,1750,1750,1750,1750,0
2022-05-10 10:07:00,1750,1750,1750,1750,0
2022-05-10 10:08:00,1750,1750,1750,1750,0
2022-05-10 10:09:00,1750,1750,1750,1750,0
2022-05-10 10:10:00,1750,1750,1750,1750,0
2022-05-10 10:11:00,1750,1750,1750,1750,0
2022-05-10 10:12:00,1750,1750,1750,1750,0
2022-05-10 10:13:00,1750,1750,1750,1750,0
2022-05-10 10:14:00,1750,1750,1750,1750,0
2022-05-10 10:15:00,1750,1750,1750,1750,0
2022-05-10 10:16:00,1750,1750,1750,1750,0
2022-05-10 10:17:00,1750,1750,1750,1750,0
2022-05-10 10:18:00,1750,1750,1750,1750,0
2022-05-10 10:19:00,1750,1750,1750,1750,0
2022-05-10 10:20:00,1750,1750,1750,1750,0
2022-05-10 10:21:00,1750,1750,1750,1750,0
2022-05-10 10:22:00,1750,1750,1750,1750,0
2022-05-10 10:23:00,1750,1750,1750,1750,0
2022-05-10 10:24:00,1750,1750,1750,1750,0
2022-05-10 10:25:00,1750,1750,1750,1750,0
2022-05-10 10:26:00,1750,1750,1750,1750,0
2022-05-10 10:27:00,1750,1750,1750,1750,0
2022-05-10 10:28:00,1750,1750,1750,1750,0
2022-05-10 10:29:00,1750,1750,1750,1750,0
2022-05-10 10:30:00,1750,1750,1750,1750,0
2022-05-10 10:31:00,1750,1750,1750,1750,0
2022-05-10 10:32:00,1750,1750,1750,1750,0
2022-05-10 10:33:00,1750,1750,1750,1750,0
2022-05-10 10:34:00,1750,1750,1750,1750,0
2022-05-10 10:35:00,1750,1750,1750,1750,0
2022-05-10 10:36:00,1750,1750,1750,1750,0
2022-05-10 10:37:00,1750,1750,1750,1750,0
2022-05-10 10:38:00,1750,1750,1750,1750,0
2022-05-10 10:39:00,1750,1750,1750,1750,0
2022-05-10 10:40:00,1750,1750,1750,1750,0
2022-05-10 10:41:00,1750,1750,1750,1750,0
2022-05-10 10:42:00,1750,1750,1750,1750,0
2022-05-10 10:43:00,1750,1750,1750,1750,0
2022-05-10 10:44:00,1750,1750,1750,1750,0
2022-05-10 10:45:00,1750,1750,1750,1750,0
2022-05-10 10:46:00,1750,1750,1750,1750,0
2022-05-10 10:47:00,1750,1750,1750,1750,0
2022-05-10 10:48:00,1750,1750,1750,1750,0
2022-05-10 10:49:00,1750,1750,1750,1750,0
2022-05-10 10:50:00,1750,1750,1750,1750,0
2022-05-10 10:51:00,1750,1750,1750,1750,0
2022-05-10 10:52:00,1750,1750,1750,1750,0
2022-05-10 10:53:00,1750,1750,1750,1750,0
2022-05-10 10:54:00,1750,1750,1750,1750,0
2022-05-10 10:55:00,1750,1750,1750,1750,0
2022-05-10 10:56:00,1750,1750,1750,1750,0
2022-05-10 10:57:00,1750,1750,1750,1750,0
2022-05-10 10:58:00,1750,1750,1750,1750,0
2022-05-10 10:59:00,1750,1750,1750,1750,0
2022-05-10 11:00:00,1750,1750,1750,1750,0
2022-05-10 11:01:00,1750,1750,1750,1750,0
2022-05-10 11:02:00,1750,1750,1750,1750,0
2022-05-10 11:03:00,1750,1750,1750,1750,0
2022-05-10 11:04:00,1750,1750,1750,1750,0
2022-05-10 11:05:00,1750,1750,1750,1750,0
2022-05-10 11:06:00,1750,1750,1750,1750,0
2022-05-10 11:07:00,1750,1750,1750,1750,0
2022-05-10 11:08:00,1750,1750,1750,1750,0
2022-05-10 11:09:00,1750,1750,1750,1750,0
2022-05-10 11:10:00,1750,1750,1750,1750,0
2022-05-10 11:11:00,1750,1750,1750,1750,0
2022-05-10 11:12:00,1750,1750,1750,1750,0
2022-05-10 11:13:00,1750,1750,1750,1750,0
2022-05-10 11:14:00,1750,1750,1750,1750,0
2022-05-10 11:15:00,1750,1750,1750,1750,0
2022-05-10 11:16:00,1750,1750,1750,1750,0
2022-05-10 11:17:00,1750,1750,1750,1750,0
2022-05-10 11:18:00,1750,1750,1750,1750,0
2022-05-10 11:19:00,1750,1750,1750,1750,0
2022-05-10 11:20:00,1750,1750,1750,1750,0
2022-05-10 11:21:00,1750,1750,1750,1750,0
2022-05-10 11:22:00,1750,1750,1750,1750,0
2022-05-10 11:23:00,1750,1750,1750,1750,0
2022-05-10 11:24:00,1750,1750,1750,1750,0
2022-05-10 11:25:00,1750,1750,1750,1750,0
2022-05-10 11:26:00,1750,1750,1750,1750,0
2022-05-10 11:27:00,1750,1750,1750,1750,0
2022-05-10 11:28:00,1750,1750,1750,1750,0
2022-05-10 11:29:00,1750,1750,1750,1750,0
2022-05-10 11:30:00,1750,1750,1750,1750,0
2022-05-10 11:31:00,1750,1750,1750,1750,0
2022-05-10 11:32:00,1750,1750,1750,1750,0
2022-05-10 11:33:00,1750,1750,1750,1750,0
2022-05-10 11:34:00,1750,1750,1750,1750,0
2022-05-10 11:35:00,1750,1750,1750,1750,0
2022-05-10 11:36:00,1750,1750,1750,1750,0
2022-05-10 11:37:00,1750,1750,1750,1750,0
2022-05-10 11:38:00,1750,1750,1750,1750,0
2022-05-10 11:39:00,1750,1750,1750,1750,0
2022-05-10 11:40:00,1750,1750,1750,1750,0
2022-05-10 11:41:00,1750,1750,1750,1750,0
2022-05-10 11:42:00,1750,1750,1750,1750,0
2022-05-10 11:43:00,1750,1750,1750,1750,0
2022-05-10 11:44:00,1750,1750,1750,1750,0
2022-05-10 11:45:00,1750,1750,1750,1750,0
2022-05-10 11:46:00,1750,1750,1750,1750,0
2022-05-10 11:47:00,1750,1750,1750,1750,0
2022-05-10 11:48:00,1750,1750,1750,1750,0
2022-05-10 11:49:00,1750,1750,1750,1750,0
2022-05-10 11:50:00,1750,1750,1750,1750,0
2022-05-10 11:51:00,1750,1750,1750,1750,0
2022-05-10 11:52:00,1750,1750,1750,1750,0
2022-05-10 11:53:00,1750,1750,1750,1750,0
2022-05-10 11:54:00,1750,1750,1750,1750,0
2022-05-10 11:55:00,1750,1750,1750,1750,0
2022-05-10 11:56:00,1750,1750,1750,1750,0
2022-05-10 11:57:00,1750,1750,1750,1750,0
2022-05-10 11:58:00,1750,1750,1750,1750,0
2022-05-10 11:59:00,1750,1750,1750,1750,0
2022-05-10 12:00:00,1750,1750,1750,1750,0
2022-05-10 12:01:00,1750,1750,1750,1750,0
2022-05-10 12:02:00,1750,1750,1750,1750,0
2022-05-10 12:03:00,1750,1750,1750,1750,0
2022-05-10 12:04:00,1750,1750,1750,1750,0
2022-05-10 12:05:00,1750,1750,1750,1750,0
2022-05-10 12:06:00,1750,1750,1750,1750,0
2022-05-10 12:07:00,1750,1750,1750,1750,0
2022-05-10 12:08:00,1750,1750,1750,1750,0
2022-05-10 12:09:00,1750,1750,1750,1750,0
2022-05-10 12:10:00,1750,1750,1750,1750,0
2022-05-10 12:11:00,1750,1750,1750,1750,0
2022-05-10 12:12:00,1750,1750,1750,1750,0
2022-05-10 12:13:00,1750,1750,1750,1750,0
2022-05-10 12:14:00,1750,1750,1750,1750,0
2022-05-10 12:15:00,1750,1750,1750,1750,0
2022-05-10 12:16:00,1750,1750,1750,1750,0
2022-05-10 12:17:00,1750,1750,1750,1750,0
2022-05-10 12:18:00,1750,1750,1750,1750,0
2022-05-10 12:19:00,1750,1750,1750,1750,0
2022-05-10 12:20:00,1750,1750,1750,1750,0
2022-05-10 12:21:00,1750,1750,1750,1750,0
2022-05-10 12:22:00,1750,1750,1750,1750,0
2022-05-10 12:23:00,1750,1750,1750,1750,0
2022-05-10 12:24:00,1750,1750,1750,1750,0
2022-05-10 12:25:00,1750,1750,1750,1750,0
2022-05-10 12:26:00,1750,1750,1750,1750,0
2022-05-10 12:27:00,1750,1750,1750,1750,0
2022-05-10 12:28:00,1750,1750,1750,1750,0
2022-05-10 12:29:00,1750,1750,1750,1750,0
2022-05-10 12:30:00,1750,1750,1750,1750,0
2022-05-10 12:31:00,1750,1750,1750,1750,0
2022-05-10 12:32:00,1750,1750,1750,1750,0
2022-05-10 12:33:00,1750,1750,1750,1750,0
2022-05-10 12:34:00,1750,1750,1750,1750,0
2022-05-10 12:35:00,1750,1750,1750,1750,0
2022-05-10 12:36:00,1750,1750,1750,1750,0
2022-05-10 12:37:00,1750,1750,1750,1750,0
2022-05-10 12:38:00,1750,1750,1750,1750,0
2022-05-10 12:39:00,1750,1750,1750,1750,0
2022-05-10 12:40:00,1750,1750,1750,1750,0
2022-05-10 12:41:00,1750,1750,1750,1750,0
2022-05-10 12:42:00,1750,1750,1750,1750,0
2022-05-10 12:43:00,1750,1750,1750,1750,0
2022-05-10 12:44:00,1750,1750,1750,1750,0
2022-05-10 12:45:00,1750,1750,1750,1750,0
2022-05-10 12:46:00,1750,1750,1750,1750,0
2022-05-10 12:47:00,1750,1750,1750,1750,0
2022-05-10 12:48:00,1750,1750,1750,1750,0
2022-05-10 12:49:00,1750,1750,1750,1750,0
2022-05-10 12:50:00,1750,1750,1750,1750,0
2022-05-10 12:51:00,1750,1750,1750,1750,0
2022-05-10 12:52:00,1750,1750,1750,1750,0
2022-05-10 12:53:00,1750,1750,1750,1750,0
2022-05-10 12:54:00,1750,1750,1750,1750,0
2022-05-10 12:55:00,1750,1750,1750,1750,0
2022-05-10 12:56:00,1750,1750,1750,1750,0
2022-05-10 12:57:00,1750,1750,1750,1750,0
2022-05-10 12:58:00,1750,1750,1750,1750,0
2022-05-10 12:59:00,1750,1750,1750,1750,0
2022-05-10 13:00:00,1750,1750,1750,1750,0
2022-05-10 13:01:00,1750,1750,1750,1750,0
2022-05-10 13:02:00,1750,1750,1750,1750,0
2022-05-10 13:03:00,1750,1750,1750,1750,0
2022-05-10 13:04:00,1750,1750,1750,1750,0
2022-05-10 13:05:00,1750,1750,1750,1750,0
2022-05-10 13:06:00,1750,1750,1750,1750,0
2022-05-10 13:07:00,1750,1750,1750,1750,0
2022-05-10 13:08:00,1750,1750,1750,1750,0
2022-05-10 13:09:00,1750,1750,1750,1750,0
2022-05-10 13:10:00,1750,1750,1750,1750,0
2022-05-10 13:11:00,1750,1750,1750,1750,0
2022-05-10 13:12:00,1750,1750,1750,1750,0
2022-05-10 13:13:00,1750,1750,1750,1750,0
2022-05-10 13:14:00,1750,1750,1750,1750,0
2022-05-10 13:15:00,1750,1750,1750,1750,0
2022-05-10 13:16:00,1750,1750,1750,1750,0
2022-05-10 13:17:00,1750,1750,1750,1750,0
2022-05-10 13:18:00,1750,1750,1750,1750,0
2022-05-10 13:19:00,1750,1750,1750,1750,0
2022-05-10 13:20:00,1750,1750,1750,1750,0
2022-05-10 13:21:00,1750,1750,1750,1750,0
2022-05-10 13:22:00,1750,1750,1750,1750,0
2022-05-10 13:23:00,1750,1750,1750,1750,0
2022-05-10 13:24:00,1750,1750,1750,1750,0
2022-05-10 13:25:00,1750,1750,1750,1750,0
2022-05-10 13:26:00,1750,1750,1750,1750,0
2022-05-10 13:27:00,1750,1750,1750,1750,0
2022-05-10 13:28:00,1750,1750,1750,1750,0
2022-05-10 13:29:00,1750,1750,1750,1750,0
2022-05-10 13:30:00,1750,1750,1750,1750,0
2022-05-10 13:31:00,1750,1750,1750,1750,0
2022-05-10 13:32:00,1750,1750,1750,1750,0
2022-05-10 13:33:00,1750,1750,1750,1750,0
2022-05-10 13:34:00,1750,1750,1750,1750,0
2022-05-10 13:35:00,1750,1750,1750,1750,0
2022-05-10 13:36:00,1750,1750,1750,1750,0
2022-05-10 13:37:00,1750,1750,1750,1750,0
2022-05-10 13:38:00,1750,1750,1750,1750,0
2022-05-10 13:39:00,1750,1750,1750,1750,0
2022-05-10 13:40:00,1750,1750,1750,1750,0
2022-05-10 13:41:00,1750,1750,1750,1750,0
2022-05-10 13:42:00,1750,1750,1750,1750,0
2022-05-10 13:43:00,1750,1750,1750,1750,0
2022-05-10 13:44:00,1750,1750,1750,1750,0
2022-05-10 13:45:00,1750,1750,1750,1750,0
2022-05-10 13:46:00,1750,1750,1750,1750,0
2022-05-10 13:47:00,1750,1750,1750,1750,0
2022-05-10 13:48:00,1750,1750,1750,1750,0
2022-05-10 13:49:00,1750,1750,1750,1750,0
2022-05-10 13:50:00,1750,1750,1750,1750,0
2022-05-10 13:51:00,1750,1750,1750,1750,0
2022-05-10 13:52:00,1750,1750,1750,1750,0
2022-05-10 13:53:00,1750,1750,1750,1750,0
2022-05-10 13:54:00,1750,1750,1750,1750,0
2022-05-10 13:55:00,1750,1750,1750,1750,0
2022-05-10 13:56:00,1750,1750,1750,1750,0
2022-05-10 13:57:00,1750,1750,1750,1750,0
2022-05-10 13:58:00,1750,1750,1750,1750,0
2022-05-10 13:59:00,1750,1750,1750,1750,0
2022-05-10 14:00:00,1750,1750,1750,1750,0
2022-05-10 14:01:00,1750,1750,1750,1750,0
2022-05-10 14:02:00,1750,1750,1750,1750,0
2022-05-10 14:03:00,1750,1750,1750,1750,0
2022-05-10 14:04:00,1750,1750,1750,1750,0
2022-05-10 14:05:00,1750,1750,1750,1750,0
2022-05-10 14:06:00,1750,1750,1750,1750,0
2022-05-10 14:07:00,1750,1750,1750,1750,0
2022-05-10 14:08:00,1750,1750,1750,1750,0
2022-05-10 14:09:00,1750,1750,1750,1750,0
2022-05-10 14:10:00,1750,1750,1750,1750,0
2022-05-10 14:11:00,1750,1750,1750,1750,0
2022-05-10 14:12:00,1750,1750,1750,1750,0
2022-05-10 14:13:00,1750,1750,1750,1750,0
2022-05-10 14:14:00,1750,1750,1750,1750,0
2022-05-10 14:15:00,1750,1750,1750,1750,0
2022-05-10 14:16:00,1750,1750,1750,1750,0
2022-05-10 14:17:00,1750,1750,1750,1750,0
2022-05-10 14:18:00,1750,1750,1750,1750,0
2022-05-10 14:19:00,1750,1750,1750,1750,0
2022-05-10 14:20:00,1750,1750,1750,1750,0
2022-05-10 14:21:00,1750,1750,1750,1750,0
2022-05-10 14:22:00,1750,1750,1750,1750,0
2022-05-10 14:23:00,1750,1750,1750,1750,0
2022-05-10 14:24:00,1750,1750,1750,1750,0
2022-05-10 14:25:00,1750,1750,1750,1750,0
2022-05-10 14:26:00,1750,1750,1750,1750,0
2022-05-10 14:27:00,1750,1750,1750,1750,0
2022-05-10 14:28:00,1750,1750,1750,1750,0
2022-05-10 14:29:00,1750,1750,1750,1750,0
2022-05-10 14:30:00,1750,1750,1750,1750,0
2022-05-10 14:31:00,1750,1750,1750,1750,0
2022-05-10 14:32:00,1750,1750,1750,1750,0
2022-05-10 14:33:00,1750,1750,1750,1750,0
2022-05-10 14:34:00,1750,1750,1750,1750,0
2022-05-10 14:35:00,1750,1750,1750,1750,0
2022-05-10 14:36:00,1750,1750,1750,1750,0
2022-05-10 14:37:00,1750,1750,1750,1750,0
2022-05-10 14:38:00,1750,1750,1750,1750,0
2022-05-10 14:39:00,1750,1750,1750,1750,0
2022-05-10 14:40:00,1750,1750,1750,1750,0
2022-05-10 14:41:00,1750,1750,1750,1750,0
2022-05-10 14:42:00,1750,1750,1750,1750,0
2022-05-10 14:43:00,1750,1750,1750,1750,0
2022-05-10 14:44:00,1750,1750,1750,1750,0
2022-05-10 14:45:00,1750,1750,1750,1750,0
2022-05-10 14:46:00,1750,1750,1750,1750,0
2022-05-10 14:47:00,1750,1750,1750,1750,0
2022-05-10 14:48:00,1750,1750,1750,1750,0
2022-05-10 14:49:00,1750,1750,1750,1750,0
2022-05-10 14:50:00,1750,1750,1750,1750,0
2022-05-10 14:51:00,1750,1750,1750,1750,0
2022-05-10 14:52:00,1750,1750,1750,1750,0
2022-05-10 14:53:00,1750,1750,1750,1750,0
2022-05-10 14:54:00,1750,1750,1750,1750,0
2022-05-10 14:55:00,1750,1750,1750,1750,0
2022-05-10 14:56:00,1750,1750,1750,1750,0
2022-05-10 14:57:00,1750,1750,1750,1750,0
2022-05-10 14:58:00,1750,1750,1750,1750,0
2022-05-10 14:59:00,1750,1750,1750,1750,0
2022-05-10 15:00:00,1750,1750,1750,1750,0
2022-05-10 15:01:00,1750,1750,1750,1750,0
2022-05-10 15:02:00,1750,1750,1750,1750,0
2022-05-10 15:03:00,1750,1750,1750,1750,0
2022-05-10 15:04:00,1750,1750,1750,1750,0
2022-05-10 15:05:00,1750,1750,1750,1750,0
2022-05-10 15:06:00,1750,1750,1750,1750,0
2022-05-10 15:07:00,1750,1750,1750,1750,0
2022-05-10 15:08:00,1750,1750,1750,1750,0
2022-05-10 15:09:00,1750,1750,1750,1750,0
2022-05-10 15:10:00,1750,1750,1750,1750,0
2022-05-10 15:11:00,1750,1750,1750,1750,0
2022-05-10 15:12:00,1750,1750,1750,1750,0
2022-05-10 15:13:00,1750,1750,1750,1750,0
2022-05-10 15:14:00,1750,1750,1750,1750,0
2022-05-10 15:15:00,1750,1750,1750,1750,0
2022-05-10 15:16:00,1750,1750,1750,1750,0
2022-05-10 15:17:00,1750,1750,1750,1750,0
2022-05-10 15:18:00,1750,1750,1750,1750,0
2022-05-10 15:19:00,1750,1750,1750,1750,0
2022-05-10 15:20:00,1750,1750,1750,1750,0
2022-05-10 15:21:00,1750,1750,1750,1750,0
2022-05-10 15:22:00,1750,1750,1750,1750,0
2022-05-10 15:23:00,1750,1750,1750,1750,0
2022-05-10 15:24:00,1750,1750,1750,1750,0
2022-05-10 15:25:00,1750,1750,1750,1750,0
2022-05-10 15:26:00,1750,1750,1750,1750,0
2022-05-10 15:27:00,1750,1750,1750,1750,0
2022-05-10 15:28:00,1750,1750,1750,1750,0
2022-05-10 15:29:00,1750,1750,1750,1750,0
2022-05-10 15:30:00,1750,1750,1750,1750,0
2022-05-10 15:31:00,1750,1750,1750,1750,0
2022-05-10 15:32:00,1750,1750,1750,1750,0
2022-05-10 15:33:00,1750,1750,1750,1750,0
2022-05-10 15:34:00,1750,1750,1750,1750,0
2022-05-10 15:35:00,1750,1750,1750,1750,0
2022-05-10 15:36:00,1750,1750,1750,1750,0
2022-05-10 15:37:00,1750,1750,1750,1750,0
2022-05-10 15:38:00,1750,1750,1750,1750,0
2022-05-10 15:39:00,1750,1750,1750,1750,0
2022-05-10 15:40:00,1750,1750,1750,1750,0
2022-05-10 15:41:00,1750,1750,1750,1750,0
2022-05-10 15:42:00,1750,1750,1750,1750,0
2022-05-10 15:43:00,1750,1750,1750,1750,0
2022-05-10 15:44:00,1750,1750,1750,1750,0
2022-05-10 15:45:00,1750,1750,1750,1750,0
2022-05-10 15:46:00,1750,1750,1750,1750,0
2022-05-10 15:47:00,1750,1750,1750,1750,0
2022-05-10 15:48:00,1750,1750,1750,1750,0
2022-05-10 15:49:00,1750,1750,1750,1750,0
2022-05-10 15:50:00,1750,1750,1750,1750,0
2022-05-10 15:51:00,1750,1750,1750,1750,0
2022-05-10 15:52:00,1750,1750,1750,1750,0
2022-05-10 15:53:00,1750,1750,1750,1750,0
2022-05-10 15:54:00,1750,1750,1750,1750,0
2022-05-10 15:55:00,1750,1750,1750,1750,0
2022-05-10 15:56:00,1750,1750,1750,1750,0
2022-05-10 15:57:00,1750,1750,1750,1750,0
2022-05-10 15:58:00,1750,1750,1750,1750,0
2022-05-10 15:59:00,1750,1750,1750,1750,0
2022-05-11 09:00:00,1750,1750,1750,1750,0
2022-05-11 09:01:00,1750,1750,1750,1750,0
2022-05-11 09:02:00,1750,1750,1750,1750,0
2022-05-11 09:03:00,1750,1750,1750,1750,0
2022-05-11 09:04:00,1750,1750,1750,1750,0
2022-05-11 09:05:00,1750,1750,1750,1750,0
2022-05-11 09:06:00,1750,1750,1750,1750,0
2022-05-11 09:07:00,1750,1750,1750,1750,0
2022-05-11 09:08:00,1750,1750,1750,1750,0
2022-05-11 09:09:00,1750,1750,1750,1750,0
2022-05-11 09:10:00,1750,1750,1750,1750,0
2022-05-11 09:11:00,1750,1750,1750,1750,0
2022-05-11 09:12:00,1750,1750,1750,1750,0
2022-05-11 09:13:00,1750,1750,1750,1750,0
2022-05-11 09:14:00,1750,1750,1750,1750,0
2022-05-11 09:15:00,1750,1750,1750,1750,0
2022-05-11 09:16:00,1750,1750,1750,1750,0
2022-05-11 09:17:00,1750,1750,1750,1750,0
2022-05-11 09:18:00,1750,1750,1750,1750,0
2022-05-11 09:19:00,1750,1750,1750,1750,0
2022-05-11 09:20:00,1750,1750,1750,1750,0
2022-05-11 09:21:00,1750,1750,1750,1750,0
2022-05-11 09:22:00,1750,1750,1750,1750,0
2022-05-11 09:23:00,1750,1750,1750,1750,0
2022-05-11 09:24:00,1750,1750,1750,1750,0
2022-05-11 09:25:00,1750,1750,1750,1750,0
2022-05-11 09:26:00,1750,1750,1750,1750,0
2022-05-11 09:27:00,1750,1750,1750,1750,0
2022-05-11 09:28:00,1750,1750,1750,1750,0
2022-05-11 09:29:00,1750,1750,1750,1750,0
2022-05-11 09:30:00,1750,1750,1750,1750,0
2022-05-11 09:31:00,1750,1750,1750,1750,0
2022-05-11 09:32:00,1750,1750,1750,1750,0
2022-05-11 09:33:00,1750,1750,1750,1750,0
2022-05-11 09:34:00,1750,1750,1750,1750,0
2022-05-11 09:35:00,1750,1750,1750,1750,0
2022-05-11 09:36:00,1750,1750,1750,1750,0
2022-05-11 09:37:00,1750,1750,1750,1750,0
2022-05-11 09:38:00,1750,1750,1750,1750,0
2022-05-11 09:39:00,1750,1750,1750,1750,0
2022-05-11 09:40:00,1750,1750,1750,1750,0
2022-05-11 09:41:00,1750,1750,1750,1750,0
2022-05-11 09:42:00,1750,1750,1750,1750,0
2022-05-11 09:43:00,1750,1750,1750,1750,0
2022-05-11 09:44:00,1750,1750,1750,1750,0
2022-05-11 09:45:00,1750,1750,1750,1750,0
2022-05-11 09:46:00,1750,1750,1750,1750,0
2022-05-11 09:47:00,1750,1750,1750,1750,0
2022-05-11 09:48:00,1750,1750,1750,1750,0
2022-05-11 09:49:00,1750,1750,1750,1750,0
2022-05-11 09:50:00,1750,1750,1750,1750,0
2022-05-11 09:51:00,1750,1750,1750,1750,0
2022-05-11 09:52:00,1750,1750,1750,1750,0
2022-05-11 09:53:00,1750,1750,1750,1750,0
2022-05-11 09:54:00,1750,1750,1750,1750,0
2022-05-11 09:55:00,1750,1750,1750,1750,0
2022-05-11 09:56:00,1750,1750,1750,1750,0
2022-05-11 09:57:00,1750,1750,1750,1750,0
2022-05-11 09:58:00,1750,1750,1750,1750,0
2022-05-11 09:59:00,1750,1750,1750,1750,0
2022-05-11 10:00:00,1750,1750,1750,1750,0
2022-05-11 10:01:00,1750,1750,1750,1750,0
2022-05-11 10:02:00,1750,1750,1750,1750,0
2022-05-11 10:03:00,1750,1750,1750,1750,0
2022-05-11 10:04:00,1750,1750,1750,1750,0
2022-05-11 10:05:00,1750,1750,1750,1750,0
2022-05-11 10:06:00,1750,1750,1750,1750,0
2022-05-11 10:07:00,1750,1750,1750,1750,0
2022-05-11 10:08:00,1750,1750,1750,1750,0
2022-05-11 10:09:00,1750,1750,1750,1750,0
2022-05-11 10:10:00,1750,1750,1750,1750,0
2022-05-11 10:11:00,1750,1750,1750,1750,0
2022-05-11 10:12:00,1750,1750,1750,1750,0
2022-05-11 10:13:00,1750,1750,1750,1750,0
2022-05-11 10:14:00,1750,1750,1750,1750,0
2022-05-11 10:15:00,1750,1750,1750,1750,0
2022-05-11 10:16:00,1750,1750,1750,1750,0
2022-05-11 10:17:00,1750,1750,1750,1750,0
2022-05-11 10:18:00,1750,1750,1750,1750,0
2022-05-11 10:19:00,1750,1750,1750,1750,0
2022-05-11 10:20:00,1750,1750,1750,1750,0
2022-05-11 10:21:00,1750,1750,1750,1750,0
2022-05-11 10:22:00,1750,1750,1750,1750,0
2022-05-11 10:23:00,1750,1750,1750,1750,0
2022-05-11 10:24:00,1750,1750,1750,1750,0
2022-05-11 10:25:00,1750,1750,1750,1750,0
2022-05-11 10:26:00,1750,1750,1750,1750,0
2022-05-11 10:27:00,1750,1750,1750,1750,0
2022-05-11 10:28:00,1750,1750,1750,1750,0
2022-05-11 10:29:00,1750,1750,1750,1750,0
2022-05-11 10:30:00,1750,1750,1750,1750,0
2022-05-11 10:31:00,1750,1750,1750,1750,0
2022-05-11 10:32:00,1750,1750,1750,1750,0
2022-05-11 10:33:00,1750,1750,1750,1750,0
2022-05-11 10:34:00,1750,1750,1750,1750,0
2022-05-11 10:35:00,1750,1750,1750,1750,0
2022-05-11 10:36:00,1750,1750,1750,1750,0
2022-05-11 10:37:00,1750,1750,1750,1750,0
2022-05-11 10:38:00,1750,1750,1750,1750,0
2022-05-11 10:39:00,1750,1750,1750,1750,0
2022-05-11 10:40:00,1750,1750,1750,1750,0
2022-05-11 10:41:00,1750,1750,1750,1750,0
2022-05-11 10:42:00,1750,1750,1750,1750,0
2022-05-11 10:43:00,1795,1795,1795,1795,0
2022-05-11 10:44:00,1805,1805,1850,1850,200
2022-05-11 10:45:00,1805,1805,1850,1850,0
2022-05-11 10:46:00,1805,1805,1850,1850,0
2022-05-11 10:47:00,1805,1805,1850,1850,0
2022-05-11 10:48:00,1805,1805,1850,1850,0
2022-05-11 10:49:00,1805,1805,1850,1850,0
2022-05-11 10:50:00,1805,1805,1850,1850,0
2022-05-11 10:51:00,1805,1805,1850,1850,0
2022-05-11 10:52:00,1805,1805,1850,1850,0
2022-05-11 10:53:00,1805,1805,1850,1850,0
2022-05-11 10:54:00,1805,1805,1850,1850,0
2022-05-11 10:55:00,1805,1805,1850,1850,0
2022-05-11 10:56:00,1805,1805,1850,1850,0
2022-05-11 10:57:00,1805,1805,1850,1850,0
2022-05-11 10:58:00,1805,1805,1850,1850,0
2022-05-11 10:59:00,1805,1805,1850,1850,0
2022-05-11 11:00:00,1805,1805,1850,1850,0
2022-05-11 11:01:00,1805,1805,1850,1850,0
2022-05-11 11:02:00,1805,1805,1850,1850,0
2022-05-11 11:03:00,1805,1805,1850,1850,0
2022-05-11 11:04:00,1805,1805,1850,1850,0
2022-05-11 11:05:00,1805,1805,1850,1850,0
2022-05-11 11:06:00,1805,1805,1850,1850,0
2022-05-11 11:07:00,1805,1805,1850,1850,0
2022-05-11 11:08:00,1805,1805,1850,1850,0
2022-05-11 11:09:00,1805,1805,1850,1850,0
2022-05-11 11:10:00,1805,1805,1850,1850,0
2022-05-11 11:11:00,1805,1805,1850,1850,0
2022-05-11 11:12:00,1805,1805,1850,1850,0
2022-05-11 11:13:00,1805,1805,1850,1850,0
2022-05-11 11:14:00,1805,1805,1850,1850,0
2022-05-11 11:15:00,1805,1805,1850,1850,0
2022-05-11 11:16:00,1805,1805,1850,1850,0
2022-05-11 11:17:00,1805,1805,1850,1850,0
2022-05-11 11:18:00,1805,1805,1850,1850,0
2022-05-11 11:19:00,1805,1805,1850,1850,0
2022-05-11 11:20:00,1805,1805,1850,1850,0
2022-05-11 11:21:00,1805,1805,1850,1850,0
2022-05-11 11:22:00,1805,1805,1850,1850,0
2022-05-11 11:23:00,1805,1805,1850,1850,0
2022-05-11 11:24:00,1805,1805,1850,1850,0
2022-05-11 11:25:00,1805,1805,1850,1850,0
2022-05-11 11:26:00,1805,1805,1850,1850,0
2022-05-11 11:27:00,1805,1805,1850,1850,0
2022-05-11 11:28:00,1805,1805,1850,1850,0
2022-05-11 11:29:00,1805,1805,1850,1850,0
2022-05-11 11:30:00,1805,1805,1850,1850,0
2022-05-11 11:31:00,1805,1805,1850,1850,0
2022-05-11 11:32:00,1805,1805,1850,1850,0
2022-05-11 11:33:00,1805,1805,1850,1850,0
2022-05-11 11:34:00,1805,1805,1850,1850,0
2022-05-11 11:35:00,1805,1805,1850,1850,0
2022-05-11 11:36:00,1805,1805,1850,1850,0
2022-05-11 11:37:00,1805,1805,1850,1850,0
2022-05-11 11:38:00,1805,1805,1850,1850,0
2022-05-11 11:39:00,1805,1805,1850,1850,0
2022-05-11 11:40:00,1805,1805,1850,1850,0
2022-05-11 11:41:00,1805,1805,1850,1850,0
2022-05-11 11:42:00,1805,1805,1850,1850,0
2022-05-11 11:43:00,1805,1805,1850,1850,0
2022-05-11 11:44:00,1805,1805,1850,1850,0
2022-05-11 11:45:00,1805,1805,1850,1850,0
2022-05-11 11:46:00,1805,1805,1850,1850,0
2022-05-11 11:47:00,1805,1805,1850,1850,0
2022-05-11 11:48:00,1805,1805,1850,1850,0
2022-05-11 11:49:00,1805,1805,1850,1850,0
2022-05-11 11:50:00,1805,1805,1850,1850,0
2022-05-11 11:51:00,1805,1805,1850,1850,0
2022-05-11 11:52:00,1805,1805,1850,1850,0
2022-05-11 11:53:00,1805,1805,1850,1850,0
2022-05-11 11:54:00,1805,1805,1850,1850,0
2022-05-11 11:55:00,1805,1805,1850,1850,0
2022-05-11 11:56:00,1805,1805,1850,1850,0
2022-05-11 11:57:00,1805,1805,1850,1850,0
2022-05-11 11:58:00,1805,1805,1850,1850,0
2022-05-11 11:59:00,1805,1805,1850,1850,0
2022-05-11 12:00:00,1805,1805,1850,1850,0
2022-05-11 12:01:00,1805,1805,1850,1850,0
2022-05-11 12:02:00,1805,1805,1850,1850,0
2022-05-11 12:03:00,1805,1805,1850,1850,0
2022-05-11 12:04:00,1805,1805,1850,1850,0
2022-05-11 12:05:00,1805,1805,1850,1850,0
2022-05-11 12:06:00,1805,1805,1850,1850,0
2022-05-11 12:07:00,1805,1805,1850,1850,0
2022-05-11 12:08:00,1805,1805,1850,1850,0
2022-05-11 12:09:00,1805,1805,1850,1850,0
2022-05-11 12:10:00,1805,1805,1850,1850,0
2022-05-11 12:11:00,1805,1805,1850,1850,0
2022-05-11 12:12:00,1805,1805,1850,1850,0
2022-05-11 12:13:00,1805,1805,1850,1850,0
2022-05-11 12:14:00,1805,1805,1850,1850,0
2022-05-11 12:15:00,1805,1805,1850,1850,0
2022-05-11 12:16:00,1805,1805,1850,1850,0
2022-05-11 12:17:00,1805,1805,1850,1850,0
2022-05-11 12:18:00,1805,1805,1850,1850,0
2022-05-11 12:19:00,1805,1805,1850,1850,0
2022-05-11 12:20:00,1805,1805,1850,1850,0
2022-05-11 12:21:00,1805,1805,1850,1850,0
2022-05-11 12:22:00,1805,1805,1850,1850,0
2022-05-11 12:23:00,1805,1805,1850,1850,0
2022-05-11 12:24:00,1805,1805,1850,1850,0
2022-05-11 12:25:00,1805,1805,1850,1850,0
2022-05-11 12:26:00,1805,1805,1850,1850,0
2022-05-11 12:27:00,1805,1805,1850,1850,0
2022-05-11 12:28:00,1805,1805,1850,1850,0
2022-05-11 12:29:00,1805,1805,1850,1850,0
2022-05-11 12:30:00,1805,1805,1850,1850,0
2022-05-11 12:31:00,1805,1805,1850,1850,0
2022-05-11 12:32:00,1805,1805,1850,1850,0
2022-05-11 12:33:00,1805,1805,1850,1850,0
2022-05-11 12:34:00,1805,1805,1850,1850,0
2022-05-11 12:35:00,1805,1805,1850,1850,0
2022-05-11 12:36:00,1805,1805,1850,1850,0
2022-05-11 12:37:00,1805,1805,1850,1850,0
2022-05-11 12:38:00,1805,1805,1850,1850,0
2022-05-11 12:39:00,1805,1805,1850,1850,0
2022-05-11 12:40:00,1805,1805,1850,1850,0
2022-05-11 12:41:00,1805,1805,1850,1850,0
2022-05-11 12:42:00,1805,1805,1850,1850,0
2022-05-11 12:43:00,1805,1805,1850,1850,0
2022-05-11 12:44:00,1805,1805,1850,1850,0
2022-05-11 12:45:00,1805,1805,1850,1850,0
2022-05-11 12:46:00,1805,1805,1850,1850,0
2022-05-11 12:47:00,1805,1805,1850,1850,0
2022-05-11 12:48:00,1805,1805,1850,1850,0
2022-05-11 12:49:00,1805,1805,1850,1850,0
2022-05-11 12:50:00,1805,1805,1850,1850,0
2022-05-11 12:51:00,1805,1805,1850,1850,0
2022-05-11 12:52:00,1805,1805,1850,1850,0
2022-05-11 12:53:00,1805,1805,1850,1850,0
2022-05-11 12:54:00,1805,1805,1850,1850,0
2022-05-11 12:55:00,1805,1805,1850,1850,0
2022-05-11 12:56:00,1805,1805,1850,1850,0
2022-05-11 12:57:00,1805,1805,1850,1850,0
2022-05-11 12:58:00,1805,1805,1850,1850,0
2022-05-11 12:59:00,1805,1805,1850,1850,0
2022-05-11 13:00:00,1805,1805,1850,1850,0
2022-05-11 13:01:00,1805,1805,1850,1850,0
2022-05-11 13:02:00,1805,1805,1850,1850,0
2022-05-11 13:03:00,1805,1805,1850,1850,0
2022-05-11 13:04:00,1805,1805,1850,1850,0
2022-05-11 13:05:00,1805,1805,1850,1850,0
2022-05-11 13:06:00,1805,1805,1850,1850,0
2022-05-11 13:07:00,1805,1805,1850,1850,0
2022-05-11 13:08:00,1805,1805,1850,1850,0
2022-05-11 13:09:00,1805,1805,1850,1850,0
2022-05-11 13:10:00,1805,1805,1850,1850,0
2022-05-11 13:11:00,1805,1805,1850,1850,0
2022-05-11 13:12:00,1805,1805,1850,1850,0
2022-05-11 13:13:00,1805,1805,1850,1850,0
2022-05-11 13:14:00,1805,1805,1850,1850,0
2022-05-11 13:15:00,1805,1805,1850,1850,0
2022-05-11 13:16:00,1805,1805,1850,1850,0
2022-05-11 13:17:00,1805,1805,1850,1850,0
2022-05-11 13:18:00,1805,1805,1850,1850,0
2022-05-11 13:19:00,1805,1805,1850,1850,0
2022-05-11 13:20:00,1805,1805,1850,1850,0
2022-05-11 13:21:00,1805,1805,1850,1850,0
2022-05-11 13:22:00,1805,1805,1850,1850,0
2022-05-11 13:23:00,1805,1805,1850,1850,0
2022-05-11 13:24:00,1805,1805,1850,1850,0
2022-05-11 13:25:00,1805,1805,1850,1850,0
2022-05-11 13:26:00,1805,1805,1850,1850,0
2022-05-11 13:27:00,1805,1805,1850,1850,0
2022-05-11 13:28:00,1805,1805,1850,1850,0
2022-05-11 13:29:00,1805,1805,1850,1850,0
2022-05-11 13:30:00,1805,1805,1850,1850,0
2022-05-11 13:31:00,1805,1805,1850,1850,0
2022-05-11 13:32:00,1805,1805,1850,1850,0
2022-05-11 13:33:00,1805,1805,1850,1850,0
2022-05-11 13:34:00,1805,1805,1850,1850,0
2022-05-11 13:35:00,1805,1805,1850,1850,0
2022-05-11 13:36:00,1805,1805,1850,1850,0
2022-05-11 13:37:00,1805,1805,1850,1850,0
2022-05-11 13:38:00,1805,1805,1850,1850,0
2022-05-11 13:39:00,1805,1805,1850,1850,0
2022-05-11 13:40:00,1805,1805,1850,1850,0
2022-05-11 13:41:00,1805,1805,1850,1850,0
2022-05-11 13:42:00,1805,1805,1850,1850,0
2022-05-11 13:43:00,1850,1850,1850,1850,1100
2022-05-11 13:44:00,1850,1850,1850,1850,0
2022-05-11 13:45:00,1850,1850,1850,1850,0
2022-05-11 13:46:00,1850,1850,1850,1850,0
2022-05-11 13:47:00,1850,1850,1850,1850,0
2022-05-11 13:48:00,1850,1850,1850,1850,0
2022-05-11 13:49:00,1850,1850,1850,1850,0
2022-05-11 13:50:00,1850,1850,1850,1850,0
2022-05-11 13:51:00,1850,1850,1850,1850,0
2022-05-11 13:52:00,1850,1850,1850,1850,0
2022-05-11 13:53:00,1850,1850,1850,1850,0
2022-05-11 13:54:00,1850,1850,1850,1850,0
2022-05-11 13:55:00,1850,1850,1850,1850,0
2022-05-11 13:56:00,1850,1850,1850,1850,0
2022-05-11 13:57:00,1850,1850,1850,1850,0
2022-05-11 13:58:00,1850,1850,1850,1850,0
2022-05-11 13:59:00,1850,1850,1850,1850,0
2022-05-11 14:00:00,1850,1850,1850,1850,0
2022-05-11 14:01:00,1850,1850,1850,1850,0
2022-05-11 14:02:00,1850,1850,1850,1850,0
2022-05-11 14:03:00,1850,1850,1850,1850,0
2022-05-11 14:04:00,1850,1850,1850,1850,0
2022-05-11 14:05:00,1850,1850,1850,1850,0
2022-05-11 14:06:00,1850,1850,1850,1850,0
2022-05-11 14:07:00,1850,1850,1850,1850,0
2022-05-11 14:08:00,1850,1850,1850,1850,0
2022-05-11 14:09:00,1850,1850,1850,1850,0
2022-05-11 14:10:00,1850,1850,1850,1850,0
2022-05-11 14:11:00,1850,1850,1850,1850,0
2022-05-11 14:12:00,1850,1850,1850,1850,0
2022-05-11 14:13:00,1850,1850,1850,1850,0
2022-05-11 14:14:00,1850,1850,1850,1850,0
2022-05-11 14:15:00,1850,1850,1850,1850,0
2022-05-11 14:16:00,1850,1850,1850,1850,0
2022-05-11 14:17:00,1850,1850,1850,1850,0
2022-05-11 14:18:00,1850,1850,1850,1850,0
2022-05-11 14:19:00,1850,1850,1850,1850,0
2022-05-11 14:20:00,1850,1850,1850,1850,0
2022-05-11 14:21:00,1850,1850,1850,1850,0
2022-05-11 14:22:00,1850,1850,1850,1850,0
2022-05-11 14:23:00,1850,1850,1850,1850,0
2022-05-11 14:24:00,1850,1850,1850,1850,0
2022-05-11 14:25:00,1850,1850,1850,1850,0
2022-05-11 14:26:00,1850,1850,1850,1850,0
2022-05-11 14:27:00,1850,1850,1850,1850,0
2022-05-11 14:28:00,1850,1850,1850,1850,0
2022-05-11 14:29:00,1850,1850,1850,1850,0
2022-05-11 14:30:00,1850,1850,1850,1850,0
2022-05-11 14:31:00,1850,1850,1850,1850,0
2022-05-11 14:32:00,1850,1850,1850,1850,0
2022-05-11 14:33:00,1850,1850,1850,1850,0
2022-05-11 14:34:00,1850,1850,1850,1850,0
2022-05-11 14:35:00,1850,1850,1850,1850,0
2022-05-11 14:36:00,1850,1850,1850,1850,0
2022-05-11 14:37:00,1850,1850,1850,1850,0
2022-05-11 14:38:00,1850,1850,1850,1850,0
2022-05-11 14:39:00,1850,1850,1850,1850,0
2022-05-11 14:40:00,1850,1850,1850,1850,0
2022-05-11 14:41:00,1850,1850,1850,1850,0
2022-05-11 14:42:00,1850,1850,1850,1850,0
2022-05-11 14:43:00,1850,1850,1850,1850,0
2022-05-11 14:44:00,1850,1850,1850,1850,0
2022-05-11 14:45:00,1850,1850,1850,1850,0
2022-05-11 14:46:00,1850,1850,1850,1850,0
2022-05-11 14:47:00,1850,1850,1850,1850,0
2022-05-11 14:48:00,1850,1850,1850,1850,0
2022-05-11 14:49:00,1850,1850,1850,1850,0
2022-05-11 14:50:00,1850,1850,1850,1850,0
2022-05-11 14:51:00,1850,1850,1850,1850,0
2022-05-11 14:52:00,1850,1850,1850,1850,0
2022-05-11 14:53:00,1850,1850,1850,1850,0
2022-05-11 14:54:00,1850,1850,1850,1850,0
2022-05-11 14:55:00,1850,1850,1850,1850,0
2022-05-11 14:56:00,1850,1850,1850,1850,0
2022-05-11 14:57:00,1850,1850,1850,1850,0
2022-05-11 14:58:00,1850,1850,1850,1850,0
2022-05-11 14:59:00,1850,1850,1850,1850,0
2022-05-11 15:00:00,1850,1850,1850,1850,0
2022-05-11 15:01:00,1850,1850,1850,1850,0
2022-05-11 15:02:00,1850,1850,1850,1850,0
2022-05-11 15:03:00,1850,1850,1850,1850,0
2022-05-11 15:04:00,1850,1850,1850,1850,0
2022-05-11 15:05:00,1850,1850,1850,1850,0
2022-05-11 15:06:00,1850,1850,1850,1850,0
2022-05-11 15:07:00,1850,1850,1850,1850,0
2022-05-11 15:08:00,1850,1850,1850,1850,0
2022-05-11 15:09:00,1850,1850,1850,1850,0
2022-05-11 15:10:00,1850,1850,1850,1850,0
2022-05-11 15:11:00,1850,1850,1850,1850,0
2022-05-11 15:12:00,1850,1850,1850,1850,0
2022-05-11 15:13:00,1850,1850,1850,1850,0
2022-05-11 15:14:00,1850,1850,1850,1850,0
2022-05-11 15:15:00,1850,1850,1850,1850,0
2022-05-11 15:16:00,1850,1850,1850,1850,0
2022-05-11 15:17:00,1850,1850,1850,1850,0
2022-05-11 15:18:00,1850,1850,1850,1850,0
2022-05-11 15:19:00,1850,1850,1850,1850,0
2022-05-11 15:20:00,1850,1850,1850,1850,0
2022-05-11 15:21:00,1850,1850,1850,1850,0
2022-05-11 15:22:00,1850,1850,1850,1850,0
2022-05-11 15:23:00,1850,1850,1850,1850,0
2022-05-11 15:24:00,1850,1850,1850,1850,0
2022-05-11 15:25:00,1850,1850,1850,1850,0
2022-05-11 15:26:00,1850,1850,1850,1850,0
2022-05-11 15:27:00,1850,1850,1850,1850,0
2022-05-11 15:28:00,1850,1850,1850,1850,0
2022-05-11 15:29:00,1850,1850,1850,1850,0
2022-05-11 15:30:00,1850,1850,1850,1850,0
2022-05-11 15:31:00,1850,1850,1850,1850,0
2022-05-11 15:32:00,1850,1850,1850,1850,0
2022-05-11 15:33:00,1850,1850,1850,1850,0
2022-05-11 15:34:00,1850,1850,1850,1850,0
2022-05-11 15:35:00,1850,1850,1850,1850,0
2022-05-11 15:36:00,1850,1850,1850,1850,0
2022-05-11 15:37:00,1850,1850,1850,1850,0
2022-05-11 15:38:00,1850,1850,1850,1850,0
2022-05-11 15:39:00,1850,1850,1850,1850,0
2022-05-11 15:40:00,1850,1850,1850,1850,0
2022-05-11 15:41:00,1850,1850,1850,1850,0
2022-05-11 15:42:00,1850,1850,1850,1850,0
2022-05-11 15:43:00,1850,1850,1850,1850,0
2022-05-11 15:44:00,1850,1850,1850,1850,0
2022-05-11 15:45:00,1850,1850,1850,1850,0
2022-05-11 15:46:00,1850,1850,1850,1850,0
2022-05-11 15:47:00,1850,1850,1850,1850,0
2022-05-11 15:48:00,1850,1850,1850,1850,0
2022-05-11 15:49:00,1850,1850,1850,1850,0
2022-05-11 15:50:00,1850,1850,1850,1850,0
2022-05-11 15:51:00,1850,1850,1850,1850,0
2022-05-11 15:52:00,1850,1850,1850,1850,0
2022-05-11 15:53:00,1850,1850,1850,1850,0
2022-05-11 15:54:00,1850,1850,1850,1850,0
2022-05-11 15:55:00,1850,1850,1850,1850,0
2022-05-11 15:56:00,1850,1850,1850,1850,0
2022-05-11 15:57:00,1850,1850,1850,1850,0
2022-05-11 15:58:00,1850,1850,1850,1850,0
2022-05-11 15:59:00,1850,1850,1850,1850,0
2022-05-12 09:00:00,1850,1850,1850,1850,0
2022-05-12 09:01:00,1850,1850,1850,1850,0
2022-05-12 09:02:00,1850,1850,1850,1850,0
2022-05-12 09:03:00,1850,1850,1850,1850,0
2022-05-12 09:04:00,1850,1850,1850,1850,0
2022-05-12 09:05:00,1850,1850,1850,1850,0
2022-05-12 09:06:00,1850,1850,1850,1850,0
2022-05-12 09:07:00,1850,1850,1850,1850,0
2022-05-12 09:08:00,1850,1850,1850,1850,0
2022-05-12 09:09:00,1850,1850,1850,1850,0
2022-05-12 09:10:00,1850,1850,1850,1850,0
2022-05-12 09:11:00,1850,1850,1850,1850,0
2022-05-12 09:12:00,1850,1850,1850,1850,0
2022-05-12 09:13:00,1850,1850,1850,1850,0
2022-05-12 09:14:00,1850,1850,1850,1850,0
2022-05-12 09:15:00,1850,1850,1850,1850,0
2022-05-12 09:16:00,1850,1850,1850,1850,0
2022-05-12 09:17:00,1850,1850,1850,1850,0
2022-05-12 09:18:00,1850,1850,1850,1850,0
2022-05-12 09:19:00,1850,1850,1850,1850,0
2022-05-12 09:20:00,1850,1850,1850,1850,0
2022-05-12 09:21:00,1850,1850,1850,1850,0
2022-05-12 09:22:00,1850,1850,1850,1850,0
2022-05-12 09:23:00,1850,1850,1850,1850,0
2022-05-12 09:24:00,1850,1850,1850,1850,0
2022-05-12 09:25:00,1850,1850,1850,1850,0
2022-05-12 09:26:00,1850,1850,1850,1850,0
2022-05-12 09:27:00,1850,1850,1850,1850,0
2022-05-12 09:28:00,1850,1850,1850,1850,0
2022-05-12 09:29:00,1850,1850,1850,1850,0
2022-05-12 09:30:00,1850,1850,1850,1850,0
2022-05-12 09:31:00,1850,1850,1850,1850,0
2022-05-12 09:32:00,1850,1850,1850,1850,0
2022-05-12 09:33:00,1850,1850,1850,1850,0
2022-05-12 09:34:00,1850,1850,1850,1850,0
2022-05-12 09:35:00,1850,1850,1850,1850,0
2022-05-12 09:36:00,1850,1850,1850,1850,0
2022-05-12 09:37:00,1850,1850,1850,1850,0
2022-05-12 09:38:00,1850,1850,1850,1850,0
2022-05-12 09:39:00,1850,1850,1850,1850,0
2022-05-12 09:40:00,1850,1850,1850,1850,0
2022-05-12 09:41:00,1850,1850,1850,1850,0
2022-05-12 09:42:00,1850,1850,1850,1850,0
2022-05-12 09:43:00,1850,1850,1850,1850,0
2022-05-12 09:44:00,1850,1850,1850,1850,0
2022-05-12 09:45:00,1850,1850,1850,1850,0
2022-05-12 09:46:00,1850,1850,1850,1850,0
2022-05-12 09:47:00,1850,1850,1850,1850,0
2022-05-12 09:48:00,1850,1850,1850,1850,0
2022-05-12 09:49:00,1850,1850,1850,1850,0
2022-05-12 09:50:00,1850,1850,1850,1850,0
2022-05-12 09:51:00,1850,1850,1850,1850,0
2022-05-12 09:52:00,1850,1850,1850,1850,0
2022-05-12 09:53:00,1850,1850,1850,1850,0
2022-05-12 09:54:00,1850,1850,1850,1850,0
2022-05-12 09:55:00,1850,1850,1850,1850,0
2022-05-12 09:56:00,1850,1850,1850,1850,0
2022-05-12 09:57:00,1850,1850,1850,1850,0
2022-05-12 09:58:00,1850,1850,1850,1850,0
2022-05-12 09:59:00,1850,1850,1850,1850,0
2022-05-12 10:00:00,1850,1850,1850,1850,0
2022-05-12 10:01:00,1850,1850,1850,1850,0
2022-05-12 10:02:00,1850,1850,1850,1850,0
2022-05-12 10:03:00,1850,1850,1850,1850,0
2022-05-12 10:04:00,1850,1850,1850,1850,0
2022-05-12 10:05:00,1850,1850,1850,1850,0
2022-05-12 10:06:00,1850,1850,1850,1850,0
2022-05-12 10:07:00,1850,1850,1850,1850,0
2022-05-12 10:08:00,1850,1850,1850,1850,0
2022-05-12 10:09:00,1850,1850,1850,1850,0
2022-05-12 10:10:00,1850,1850,1850,1850,0
2022-05-12 10:11:00,1850,1850,1850,1850,0
2022-05-12 10:12:00,1850,1850,1850,1850,0
2022-05-12 10:13:00,1850,1850,1850,1850,0
2022-05-12 10:14:00,1850,1850,1850,1850,0
2022-05-12 10:15:00,1850,1850,1850,1850,0
2022-05-12 10:16:00,1850,1850,1850,1850,0
2022-05-12 10:17:00,1850,1850,1850,1850,0
2022-05-12 10:18:00,1850,1850,1850,1850,0
2022-05-12 10:19:00,1850,1850,1850,1850,0
2022-05-12 10:20:00,1850,1850,1850,1850,0
2022-05-12 10:21:00,1850,1850,1850,1850,0
2022-05-12 10:22:00,1850,1850,1850,1850,0
2022-05-12 10:23:00,1850,1850,1850,1850,0
2022-05-12 10:24:00,1850,1850,1850,1850,0
2022-05-12 10:25:00,1850,1850,1850,1850,0
2022-05-12 10:26:00,1850,1850,1850,1850,0
2022-05-12 10:27:00,1850,1850,1850,1850,0
2022-05-12 10:28:00,1850,1850,1850,1850,0
2022-05-12 10:29:00,1850,1850,1850,1850,0
2022-05-12 10:30:00,1850,1850,1850,1850,0
2022-05-12 10:31:00,1850,1850,1850,1850,0
2022-05-12 10:32:00,1850,1850,1850,1850,0
2022-05-12 10:33:00,1850,1850,1850,1850,0
2022-05-12 10:34:00,1850,1850,1850,1850,0
2022-05-12 10:35:00,1850,1850,1850,1850,0
2022-05-12 10:36:00,1850,1850,1850,1850,0
2022-05-12 10:37:00,1850,1850,1850,1850,0
2022-05-12 10:38:00,1850,1850,1850,1850,0
2022-05-12 10:39:00,1850,1850,1850,1850,0
2022-05-12 10:40:00,1850,1850,1850,1850,0
2022-05-12 10:41:00,1850,1850,1850,1850,0
2022-05-12 10:42:00,1850,1850,1850,1850,0
2022-05-12 10:43:00,1850,1850,1850,1850,0
2022-05-12 10:44:00,1850,1850,1850,1850,0
2022-05-12 10:45:00,1850,1850,1850,1850,0
2022-05-12 10:46:00,1850,1850,1850,1850,0
2022-05-12 10:47:00,1850,1850,1850,1850,0
2022-05-12 10:48:00,1850,1850,1850,1850,0
2022-05-12 10:49:00,1850,1850,1850,1850,0
2022-05-12 10:50:00,1850,1850,1850,1850,0
2022-05-12 10:51:00,1850,1850,1850,1850,0
2022-05-12 10:52:00,1850,1850,1850,1850,0
2022-05-12 10:53:00,1850,1850,1850,1850,0
2022-05-12 10:54:00,1850,1850,1850,1850,0
2022-05-12 10:55:00,1850,1850,1850,1850,0
2022-05-12 10:56:00,1850,1850,1850,1850,0
2022-05-12 10:57:00,1850,1850,1850,1850,0
2022-05-12 10:58:00,1850,1850,1850,1850,0
2022-05-12 10:59:00,1850,1850,1850,1850,0
2022-05-12 11:00:00,1850,1850,1850,1850,0
2022-05-12 11:01:00,1850,1850,1850,1850,0
2022-05-12 11:02:00,1850,1850,1850,1850,0
2022-05-12 11:03:00,1850,1850,1850,1850,0
2022-05-12 11:04:00,1850,1850,1850,1850,0
2022-05-12 11:05:00,1850,1850,1850,1850,0
2022-05-12 11:06:00,1850,1850,1850,1850,0
2022-05-12 11:07:00,1850,1850,1850,1850,0
2022-05-12 11:08:00,1850,1850,1850,1850,0
2022-05-12 11:09:00,1850,1850,1850,1850,0
2022-05-12 11:10:00,1850,1850,1850,1850,0
2022-05-12 11:11:00,1850,1850,1850,1850,0
2022-05-12 11:12:00,1850,1850,1850,1850,0
2022-05-12 11:13:00,1850,1850,1850,1850,0
2022-05-12 11:14:00,1850,1850,1850,1850,0
2022-05-12 11:15:00,1850,1850,1850,1850,0
2022-05-12 11:16:00,1850,1850,1850,1850,0
2022-05-12 11:17:00,1850,1850,1850,1850,0
2022-05-12 11:18:00,1850,1850,1850,1850,0
2022-05-12 11:19:00,1850,1850,1850,1850,0
2022-05-12 11:20:00,1850,1850,1850,1850,0
2022-05-12 11:21:00,1850,1850,1850,1850,0
2022-05-12 11:22:00,1850,1850,1850,1850,0
2022-05-12 11:23:00,1850,1850,1850,1850,0
2022-05-12 11:24:00,1850,1850,1850,1850,0
2022-05-12 11:25:00,1850,1850,1850,1850,0
2022-05-12 11:26:00,1850,1850,1850,1850,0
2022-05-12 11:27:00,1850,1850,1850,1850,0
2022-05-12 11:28:00,1850,1850,1850,1850,0
2022-05-12 11:29:00,1850,1850,1850,1850,0
2022-05-12 11:30:00,1850,1850,1850,1850,0
2022-05-12 11:31:00,1850,1850,1850,1850,0
2022-05-12 11:32:00,1850,1850,1850,1850,0
2022-05-12 11:33:00,1850,1850,1850,1850,0
2022-05-12 11:34:00,1850,1850,1850,1850,0
2022-05-12 11:35:00,1850,1850,1850,1850,0
2022-05-12 11:36:00,1850,1850,1850,1850,0
2022-05-12 11:37:00,1850,1850,1850,1850,0
2022-05-12 11:38:00,1850,1850,1850,1850,0
2022-05-12 11:39:00,1850,1850,1850,1850,0
2022-05-12 11:40:00,1850,1850,1850,1850,0
2022-05-12 11:41:00,1850,1850,1850,1850,0
2022-05-12 11:42:00,1850,1850,1850,1850,0
2022-05-12 11:43:00,1850,1850,1850,1850,0
2022-05-12 11:44:00,1850,1850,1850,1850,0
2022-05-12 11:45:00,1850,1850,1850,1850,0
2022-05-12 11:46:00,1850,1850,1850,1850,0
2022-05-12 11:47:00,1850,1850,1850,1850,0
2022-05-12 11:48:00,1850,1850,1850,1850,0
2022-05-12 11:49:00,1850,1850,1850,1850,0
2022-05-12 11:50:00,1850,1850,1850,1850,0
2022-05-12 11:51:00,1850,1850,1850,1850,0
2022-05-12 11:52:00,1850,1850,1850,1850,0
2022-05-12 11:53:00,1850,1850,1850,1850,0
2022-05-12 11:54:00,1850,1850,1850,1850,0
2022-05-12 11:55:00,1850,1850,1850,1850,0
2022-05-12 11:56:00,1850,1850,1850,1850,0
2022-05-12 11:57:00,1850,1850,1850,1850,0
2022-05-12 11:58:00,1850,1850,1850,1850,0
2022-05-12 11:59:00,1850,1850,1850,1850,0
2022-05-12 12:00:00,1850,1850,1850,1850,0
2022-05-12 12:01:00,1850,1850,1850,1850,0
2022-05-12 12:02:00,1850,1850,1850,1850,0
2022-05-12 12:03:00,1850,1850,1850,1850,0
2022-05-12 12:04:00,1850,1850,1850,1850,0
2022-05-12 12:05:00,1850,1850,1850,1850,0
2022-05-12 12:06:00,1850,1850,1850,1850,0
2022-05-12 12:07:00,1850,1850,1850,1850,0
2022-05-12 12:08:00,1850,1850,1850,1850,0
2022-05-12 12:09:00,1850,1850,1850,1850,0
2022-05-12 12:10:00,1850,1850,1850,1850,0
2022-05-12 12:11:00,1850,1850,1850,1850,0
2022-05-12 12:12:00,1850,1850,1850,1850,0
2022-05-12 12:13:00,1850,1850,1850,1850,0
2022-05-12 12:14:00,1850,1850,1850,1850,0
2022-05-12 12:15:00,1850,1850,1850,1850,0
2022-05-12 12:16:00,1850,1850,1850,1850,0
2022-05-12 12:17:00,1850,1850,1850,1850,0
2022-05-12 12:18:00,1850,1850,1850,1850,0
2022-05-12 12:19:00,1850,1850,1850,1850,0
2022-05-12 12:20:00,1850,1850,1850,1850,0
2022-05-12 12:21:00,1850,1850,1850,1850,0
2022-05-12 12:22:00,1850,1850,1850,1850,0
2022-05-12 12:23:00,1850,1850,1850,1850,0
2022-05-12 12:24:00,1850,1850,1850,1850,0
2022-05-12 12:25:00,1850,1850,1850,1850,0
2022-05-12 12:26:00,1850,1850,1850,1850,0
2022-05-12 12:27:00,1850,1850,1850,1850,0
2022-05-12 12:28:00,1850,1850,1850,1850,0
2022-05-12 12:29:00,1850,1850,1850,1850,0
2022-05-12 12:30:00,1850,1850,1850,1850,0
2022-05-12 12:31:00,1850,1850,1850,1850,0
2022-05-12 12:32:00,1850,1850,1850,1850,0
2022-05-12 12:33:00,1850,1850,1850,1850,0
2022-05-12 12:34:00,1850,1850,1850,1850,0
2022-05-12 12:35:00,1850,1850,1850,1850,0
2022-05-12 12:36:00,1850,1850,1850,1850,0
2022-05-12 12:37:00,1850,1850,1850,1850,0
2022-05-12 12:38:00,1850,1850,1850,1850,0
2022-05-12 12:39:00,1850,1850,1850,1850,0
2022-05-12 12:40:00,1850,1850,1850,1850,0
2022-05-12 12:41:00,1850,1850,1850,1850,0
2022-05-12 12:42:00,1850,1850,1850,1850,0
2022-05-12 12:43:00,1850,1850,1850,1850,0
2022-05-12 12:44:00,1850,1850,1850,1850,0
2022-05-12 12:45:00,1850,1850,1850,1850,0
2022-05-12 12:46:00,1850,1850,1850,1850,0
2022-05-12 12:47:00,1850,1850,1850,1850,0
2022-05-12 12:48:00,1850,1850,1850,1850,0
2022-05-12 12:49:00,1850,1850,1850,1850,0
2022-05-12 12:50:00,1850,1850,1850,1850,0
2022-05-12 12:51:00,1850,1850,1850,1850,0
2022-05-12 12:52:00,1850,1850,1850,1850,0
2022-05-12 12:53:00,1850,1850,1850,1850,0
2022-05-12 12:54:00,1850,1850,1850,1850,0
2022-05-12 12:55:00,1850,1850,1850,1850,0
2022-05-12 12:56:00,1850,1850,1850,1850,0
2022-05-12 12:57:00,1850,1850,1850,1850,0
2022-05-12 12:58:00,1850,1850,1850,1850,0
2022-05-12 12:59:00,1850,1850,1850,1850,0
2022-05-12 13:00:00,1850,1850,1850,1850,0
2022-05-12 13:01:00,1850,1850,1850,1850,0
2022-05-12 13:02:00,1850,1850,1850,1850,0
2022-05-12 13:03:00,1850,1850,1850,1850,0
2022-05-12 13:04:00,1850,1850,1850,1850,0
2022-05-12 13:05:00,1850,1850,1850,1850,0
2022-05-12 13:06:00,1850,1850,1850,1850,0
2022-05-12 13:07:00,1850,1850,1850,1850,0
2022-05-12 13:08:00,1850,1850,1850,1850,0
2022-05-12 13:09:00,1850,1850,1850,1850,0
2022-05-12 13:10:00,1850,1850,1850,1850,0
2022-05-12 13:11:00,1850,1850,1850,1850,0
2022-05-12 13:12:00,1850,1850,1850,1850,0
2022-05-12 13:13:00,1850,1850,1850,1850,0
2022-05-12 13:14:00,1850,1850,1850,1850,0
2022-05-12 13:15:00,1850,1850,1850,1850,0
2022-05-12 13:16:00,1850,1850,1850,1850,0
2022-05-12 13:17:00,1850,1850,1850,1850,0
2022-05-12 13:18:00,1850,1850,1850,1850,0
2022-05-12 13:19:00,1850,1850,1850,1850,0
2022-05-12 13:20:00,1850,1850,1850,1850,0
2022-05-12 13:21:00,1850,1850,1850,1850,0
2022-05-12 13:22:00,1850,1850,1850,1850,0
2022-05-12 13:23:00,1850,1850,1850,1850,0
2022-05-12 13:24:00,1850,1850,1850,1850,0
2022-05-12 13:25:00,1850,1850,1850,1850,0
2022-05-12 13:26:00,1850,1850,1850,1850,0
2022-05-12 13:27:00,1850,1850,1850,1850,0
2022-05-12 13:28:00,1850,1850,1850,1850,0
2022-05-12 13:29:00,1850,1850,1850,1850,0
2022-05-12 13:30:00,1850,1850,1850,1850,0
2022-05-12 13:31:00,1850,1850,1850,1850,0
2022-05-12 13:32:00,1850,1850,1850,1850,0
2022-05-12 13:33:00,1850,1850,1850,1850,0
2022-05-12 13:34:00,1850,1850,1850,1850,0
2022-05-12 13:35:00,1850,1850,1850,1850,0
2022-05-12 13:36:00,1850,1850,1850,1850,0
2022-05-12 13:37:00,1850,1850,1850,1850,0
2022-05-12 13:38:00,1850,1850,1850,1850,0
2022-05-12 13:39:00,1850,1850,1850,1850,0
2022-05-12 13:40:00,1850,1850,1850,1850,0
2022-05-12 13:41:00,1850,1850,1850,1850,0
2022-05-12 13:42:00,1850,1850,1850,1850,0
2022-05-12 13:43:00,1850,1850,1850,1850,0
2022-05-12 13:44:00,1850,1850,1850,1850,0
2022-05-12 13:45:00,1850,1850,1850,1850,0
2022-05-12 13:46:00,1850,1850,1850,1850,0
2022-05-12 13:47:00,1850,1850,1850,1850,0
2022-05-12 13:48:00,1850,1850,1850,1850,0
2022-05-12 13:49:00,1850,1850,1850,1850,0
2022-05-12 13:50:00,1850,1850,1850,1850,0
2022-05-12 13:51:00,1850,1850,1850,1850,0
2022-05-12 13:52:00,1850,1850,1850,1850,0
2022-05-12 13:53:00,1850,1850,1850,1850,0
2022-05-12 13:54:00,1850,1850,1850,1850,0
2022-05-12 13:55:00,1850,1850,1850,1850,0
2022-05-12 13:56:00,1850,1850,1850,1850,0
2022-05-12 13:57:00,1850,1850,1850,1850,0
2022-05-12 13:58:00,1850,1850,1850,1850,0
2022-05-12 13:59:00,1850,1850,1850,1850,0
2022-05-12 14:00:00,1850,1850,1850,1850,0
2022-05-12 14:01:00,1850,1850,1850,1850,0
2022-05-12 14:02:00,1850,1850,1850,1850,0
2022-05-12 14:03:00,1850,1850,1850,1850,0
2022-05-12 14:04:00,1850,1850,1850,1850,0
2022-05-12 14:05:00,1850,1850,1850,1850,0
2022-05-12 14:06:00,1850,1850,1850,1850,0
2022-05-12 14:07:00,1850,1850,1850,1850,0
2022-05-12 14:08:00,1850,1850,1850,1850,0
2022-05-12 14:09:00,1850,1850,1850,1850,0
2022-05-12 14:10:00,1850,1850,1850,1850,0
2022-05-12 14:11:00,1850,1850,1850,1850,0
2022-05-12 14:12:00,1850,1850,1850,1850,0
2022-05-12 14:13:00,1850,1850,1850,1850,0
2022-05-12 14:14:00,1850,1850,1850,1850,0
2022-05-12 14:15:00,1850,1850,1850,1850,0
2022-05-12 14:16:00,1850,1850,1850,1850,0
2022-05-12 14:17:00,1850,1850,1850,1850,0
2022-05-12 14:18:00,1850,1850,1850,1850,0
2022-05-12 14:19:00,1850,1850,1850,1850,0
2022-05-12 14:20:00,1850,1850,1850,1850,0
2022-05-12 14:21:00,1850,1850,1850,1850,0
2022-05-12 14:22:00,1850,1850,1850,1850,0
2022-05-12 14:23:00,1850,1850,1850,1850,0
2022-05-12 14:24:00,1850,1850,1850,1850,0
2022-05-12 14:25:00,1850,1850,1850,1850,0
2022-05-12 14:26:00,1850,1850,1850,1850,0
2022-05-12 14:27:00,1850,1850,1850,1850,0
2022-05-12 14:28:00,1850,1850,1850,1850,0
2022-05-12 14:29:00,1850,1850,1850,1850,0
2022-05-12 14:30:00,1850,1850,1850,1850,0
2022-05-12 14:31:00,1850,1850,1850,1850,0
2022-05-12 14:32:00,1850,1850,1850,1850,0
2022-05-12 14:33:00,1850,1850,1850,1850,0
2022-05-12 14:34:00,1850,1850,1850,1850,0
2022-05-12 14:35:00,1850,1850,1850,1850,0
2022-05-12 14:36:00,1850,1850,1850,1850,0
2022-05-12 14:37:00,1850,1850,1850,1850,0
2022-05-12 14:38:00,1850,1850,1850,1850,0
2022-05-12 14:39:00,1850,1850,1850,1850,0
2022-05-12 14:40:00,1850,1850,1850,1850,0
2022-05-12 14:41:00,1850,1850,1850,1850,0
2022-05-12 14:42:00,1850,1850,1850,1850,0
2022-05-12 14:43:00,1850,1850,1850,1850,0
2022-05-12 14:44:00,1850,1850,1850,1850,0
2022-05-12 14:45:00,1850,1850,1850,1850,0
2022-05-12 14:46:00,1850,1850,1850,1850,0
2022-05-12 14:47:00,1850,1850,1850,1850,0
2022-05-12 14:48:00,1850,1850,1850,1850,0
2022-05-12 14:49:00,1850,1850,1850,1850,0
2022-05-12 14:50:00,1850,1850,1850,1850,0
2022-05-12 14:51:00,1850,1850,1850,1850,0
2022-05-12 14:52:00,1850,1850,1850,1850,0
2022-05-12 14:53:00,1850,1850,1850,1850,0
2022-05-12 14:54:00,1850,1850,1850,1850,0
2022-05-12 14:55:00,1850,1850,1850,1850,0
2022-05-12 14:56:00,1850,1850,1850,1850,0
2022-05-12 14:57:00,1850,1850,1850,1850,0
2022-05-12 14:58:00,1850,1850,1850,1850,0
2022-05-12 14:59:00,1850,1850,1850,1850,0
2022-05-12 15:00:00,1850,1850,1850,1850,0
2022-05-12 15:01:00,1850,1850,1850,1850,0
2022-05-12 15:02:00,1850,1850,1850,1850,0
2022-05-12 15:03:00,1850,1850,1850,1850,0
2022-05-12 15:04:00,1850,1850,1850,1850,0
2022-05-12 15:05:00,1850,1850,1850,1850,0
2022-05-12 15:06:00,1850,1850,1850,1850,0
2022-05-12 15:07:00,1850,1850,1850,1850,0
2022-05-12 15:08:00,1850,1850,1850,1850,0
2022-05-12 15:09:00,1850,1850,1850,1850,0
2022-05-12 15:10:00,1850,1850,1850,1850,0
2022-05-12 15:11:00,1850,1850,1850,1850,0
2022-05-12 15:12:00,1850,1850,1850,1850,0
2022-05-12 15:13:00,1850,1850,1850,1850,0
2022-05-12 15:14:00,1850,1850,1850,1850,0
2022-05-12 15:15:00,1850,1850,1850,1850,0
2022-05-12 15:16:00,1850,1850,1850,1850,0
2022-05-12 15:17:00,1850,1850,1850,1850,0
2022-05-12 15:18:00,1850,1850,1850,1850,0
2022-05-12 15:19:00,1850,1850,1850,1850,0
2022-05-12 15:20:00,1850,1850,1850,1850,0
2022-05-12 15:21:00,1850,1850,1850,1850,0
2022-05-12 15:22:00,1850,1850,1850,1850,0
2022-05-12 15:23:00,1850,1850,1850,1850,0
2022-05-12 15:24:00,1850,1850,1850,1850,0
2022-05-12 15:25:00,1850,1850,1850,1850,0
2022-05-12 15:26:00,1850,1850,1850,1850,0
2022-05-12 15:27:00,1850,1850,1850,1850,0
2022-05-12 15:28:00,1850,1850,1850,1850,0
2022-05-12 15:29:00,1850,1850,1850,1850,0
2022-05-12 15:30:00,1850,1850,1850,1850,0
2022-05-12 15:31:00,1850,1850,1850,1850,0
2022-05-12 15:32:00,1850,1850,1850,1850,0
2022-05-12 15:33:00,1850,1850,1850,1850,0
2022-05-12 15:34:00,1850,1850,1850,1850,0
2022-05-12 15:35:00,1850,1850,1850,1850,0
2022-05-12 15:36:00,1850,1850,1850,1850,0
2022-05-12 15:37:00,1850,1850,1850,1850,0
2022-05-12 15:38:00,1850,1850,1850,1850,0
2022-05-12 15:39:00,1850,1850,1850,1850,0
2022-05-12 15:40:00,1850,1850,1850,1850,0
2022-05-12 15:41:00,1850,1850,1850,1850,0
2022-05-12 15:42:00,1850,1850,1850,1850,0
2022-05-12 15:43:00,1850,1850,1850,1850,0
2022-05-12 15:44:00,1850,1850,1850,1850,0
2022-05-12 15:45:00,1850,1850,1850,1850,0
2022-05-12 15:46:00,1850,1850,1850,1850,0
2022-05-12 15:47:00,1850,1850,1850,1850,0
2022-05-12 15:48:00,1850,1850,1850,1850,0
2022-05-12 15:49:00,1850,1850,1850,1850,0
2022-05-12 15:50:00,1850,1850,1850,1850,0
2022-05-12 15:51:00,1850,1850,1850,1850,0
2022-05-12 15:52:00,1850,1850,1850,1850,0
2022-05-12 15:53:00,1850,1850,1850,1850,0
2022-05-12 15:54:00,1850,1850,1850,1850,0
2022-05-12 15:55:00,1850,1850,1850,1850,0
2022-05-12 15:56:00,1850,1850,1850,1850,0
2022-05-12 15:57:00,1850,1850,1850,1850,0
2022-05-12 15:58:00,1850,1850,1850,1850,0
2022-05-12 15:59:00,1850,1850,1850,1850,0
2022-05-13 09:00:00,1850,1850,1850,1850,0
2022-05-13 09:01:00,1850,1850,1850,1850,0
2022-05-13 09:02:00,1850,1850,1850,1850,0
2022-05-13 09:03:00,1850,1850,1850,1850,0
2022-05-13 09:04:00,1850,1850,1850,1850,0
2022-05-13 09:05:00,1850,1850,1850,1850,0
2022-05-13 09:06:00,1850,1850,1850,1850,0
2022-05-13 09:07:00,1850,1850,1850,1850,0
2022-05-13 09:08:00,1850,1850,1850,1850,0
2022-05-13 09:09:00,1850,1850,1850,1850,0
2022-05-13 09:10:00,1850,1850,1850,1850,0
2022-05-13 09:11:00,1850,1850,1850,1850,0
2022-05-13 09:12:00,1850,1850,1850,1850,0
2022-05-13 09:13:00,1850,1850,1850,1850,0
2022-05-13 09:14:00,1850,1850,1850,1850,0
2022-05-13 09:15:00,1850,1850,1850,1850,0
2022-05-13 09:16:00,1850,1850,1850,1850,0
2022-05-13 09:17:00,1850,1850,1850,1850,0
2022-05-13 09:18:00,1850,1850,1850,1850,0
2022-05-13 09:19:00,1850,1850,1850,1850,0
2022-05-13 09:20:00,1850,1850,1850,1850,0
2022-05-13 09:21:00,1850,1850,1850,1850,0
2022-05-13 09:22:00,1850,1850,1850,1850,0
2022-05-13 09:23:00,1850,1850,1850,1850,0
2022-05-13 09:24:00,1850,1850,1850,1850,0
2022-05-13 09:25:00,1850,1850,1850,1850,0
2022-05-13 09:26:00,1850,1850,1850,1850,0
2022-05-13 09:27:00,1850,1850,1850,1850,0
2022-05-13 09:28:00,1850,1850,1850,1850,0
2022-05-13 09:29:00,1850,1850,1850,1850,0
2022-05-13 09:30:00,1850,1850,1850,1850,0
2022-05-13 09:31:00,1850,1850,1850,1850,0
2022-05-13 09:32:00,1850,1850,1850,1850,0
2022-05-13 09:33:00,1850,1850,1850,1850,0
2022-05-13 09:34:00,1850,1850,1850,1850,0
2022-05-13 09:35:00,1850,1850,1850,1850,0
2022-05-13 09:36:00,1850,1850,1850,1850,0
2022-05-13 09:37:00,1850,1850,1850,1850,0
2022-05-13 09:38:00,1850,1850,1850,1850,0
2022-05-13 09:39:00,1850,1850,1850,1850,0
2022-05-13 09:40:00,1850,1850,1850,1850,0
2022-05-13 09:41:00,1850,1850,1850,1850,0
2022-05-13 09:42:00,1850,1850,1850,1850,0
2022-05-13 09:43:00,1850,1850,1850,1850,0
2022-05-13 09:44:00,1850,1850,1850,1850,0
2022-05-13 09:45:00,1850,1850,1850,1850,0
2022-05-13 09:46:00,1850,1850,1850,1850,0
2022-05-13 09:47:00,1850,1850,1850,1850,0
2022-05-13 09:48:00,1850,1850,1850,1850,0
2022-05-13 09:49:00,1850,1850,1850,1850,0
2022-05-13 09:50:00,1850,1850,1850,1850,0
2022-05-13 09:51:00,1850,1850,1850,1850,0
2022-05-13 09:52:00,1850,1850,1850,1850,0
2022-05-13 09:53:00,1850,1850,1850,1850,0
2022-05-13 09:54:00,1850,1850,1850,1850,0
2022-05-13 09:55:00,1850,1850,1850,1850,0
2022-05-13 09:56:00,1850,1850,1850,1850,0
2022-05-13 09:57:00,1850,1850,1850,1850,0
2022-05-13 09:58:00,1850,1850,1850,1850,0
2022-05-13 09:59:00,1850,1850,1850,1850,0
2022-05-13 10:00:00,1850,1850,1850,1850,0
2022-05-13 10:01:00,1850,1850,1850,1850,0
2022-05-13 10:02:00,1850,1850,1850,1850,0
2022-05-13 10:03:00,1850,1850,1850,1850,0
2022-05-13 10:04:00,1850,1850,1850,1850,0
2022-05-13 10:05:00,1850,1850,1850,1850,0
2022-05-13 10:06:00,1850,1850,1850,1850,0
2022-05-13 10:07:00,1850,1850,1850,1850,0
2022-05-13 10:08:00,1850,1850,1850,1850,0
2022-05-13 10:09:00,1850,1850,1850,1850,0
2022-05-13 10:10:00,1850,1850,1850,1850,0
2022-05-13 10:11:00,1850,1850,1850,1850,0
2022-05-13 10:12:00,1850,1850,1850,1850,0
2022-05-13 10:13:00,1850,1850,1850,1850,0
2022-05-13 10:14:00,1850,1850,1850,1850,0
2022-05-13 10:15:00,1850,1850,1850,1850,0
2022-05-13 10:16:00,1850,1850,1850,1850,0
2022-05-13 10:17:00,1850,1850,1850,1850,0
2022-05-13 10:18:00,1850,1850,1850,1850,0
2022-05-13 10:19:00,1850,1850,1850,1850,0
2022-05-13 10:20:00,1850,1850,1850,1850,0
2022-05-13 10:21:00,1850,1850,1850,1850,0
2022-05-13 10:22:00,1850,1850,1850,1850,0
2022-05-13 10:23:00,1850,1850,1850,1850,0
2022-05-13 10:24:00,1850,1850,1850,1850,0
2022-05-13 10:25:00,1850,1850,1850,1850,0
2022-05-13 10:26:00,1850,1850,1850,1850,0
2022-05-13 10:27:00,1850,1850,1850,1850,0
2022-05-13 10:28:00,1850,1850,1850,1850,0
2022-05-13 10:29:00,1850,1850,1850,1850,0
2022-05-13 10:30:00,1850,1850,1850,1850,0
2022-05-13 10:31:00,1850,1850,1850,1850,0
2022-05-13 10:32:00,1850,1850,1850,1850,0
2022-05-13 10:33:00,1850,1850,1850,1850,0
2022-05-13 10:34:00,1850,1850,1850,1850,0
2022-05-13 10:35:00,1850,1850,1850,1850,0
2022-05-13 10:36:00,1850,1850,1850,1850,0
2022-05-13 10:37:00,1850,1850,1850,1850,0
2022-05-13 10:38:00,1850,1850,1850,1850,0
2022-05-13 10:39:00,1850,1850,1850,1850,0
2022-05-13 10:40:00,1850,1850,1850,1850,0
2022-05-13 10:41:00,1850,1850,1850,1850,0
2022-05-13 10:42:00,1850,1850,1850,1850,0
2022-05-13 10:43:00,1850,1850,1850,1850,0
2022-05-13 10:44:00,1850,1850,1850,1850,0
2022-05-13 10:45:00,1850,1850,1850,1850,0
2022-05-13 10:46:00,1850,1850,1850,1850,0
2022-05-13 10:47:00,1850,1850,1850,1850,0
2022-05-13 10:48:00,1850,1850,1850,1850,0
2022-05-13 10:49:00,1850,1850,1850,1850,0
2022-05-13 10:50:00,1850,1850,1850,1850,0
2022-05-13 10:51:00,1850,1850,1850,1850,0
2022-05-13 10:52:00,1850,1850,1850,1850,0
2022-05-13 10:53:00,1850,1850,1850,1850,0
2022-05-13 10:54:00,1850,1850,1850,1850,0
2022-05-13 10:55:00,1850,1850,1850,1850,0
2022-05-13 10:56:00,1850,1850,1850,1850,0
2022-05-13 10:57:00,1850,1850,1850,1850,0
2022-05-13 10:58:00,1850,1850,1850,1850,0
2022-05-13 10:59:00,1850,1850,1850,1850,0
2022-05-13 11:00:00,1850,1850,1850,1850,0
2022-05-13 11:01:00,1850,1850,1850,1850,0
2022-05-13 11:02:00,1850,1850,1850,1850,0
2022-05-13 11:03:00,1850,1850,1850,1850,0
2022-05-13 11:04:00,1850,1850,1850,1850,0
2022-05-13 11:05:00,1850,1850,1850,1850,0
2022-05-13 11:06:00,1850,1850,1850,1850,0
2022-05-13 11:07:00,1850,1850,1850,1850,0
2022-05-13 11:08:00,1850,1850,1850,1850,0
2022-05-13 11:09:00,1850,1850,1850,1850,0
2022-05-13 11:10:00,1850,1850,1850,1850,0
2022-05-13 11:11:00,1850,1850,1850,1850,0
2022-05-13 11:12:00,1850,1850,1850,1850,0
2022-05-13 11:13:00,1850,1850,1850,1850,0
2022-05-13 11:14:00,1850,1850,1850,1850,0
2022-05-13 11:15:00,1850,1850,1850,1850,0
2022-05-13 11:16:00,1850,1850,1850,1850,0
2022-05-13 11:17:00,1850,1850,1850,1850,0
2022-05-13 11:18:00,1850,1850,1850,1850,0
2022-05-13 11:19:00,1850,1850,1850,1850,0
2022-05-13 11:20:00,1850,1850,1850,1850,0
2022-05-13 11:21:00,1850,1850,1850,1850,0
2022-05-13 11:22:00,1850,1850,1850,1850,0
2022-05-13 11:23:00,1850,1850,1850,1850,0
2022-05-13 11:24:00,1850,1850,1850,1850,0
2022-05-13 11:25:00,1850,1850,1850,1850,0
2022-05-13 11:26:00,1850,1850,1850,1850,0
2022-05-13 11:27:00,1850,1850,1850,1850,0
2022-05-13 11:28:00,1850,1850,1850,1850,0
2022-05-13 11:29:00,1850,1850,1850,1850,0
2022-05-13 11:30:00,1850,1850,1850,1850,0
2022-05-13 11:31:00,1850,1850,1850,1850,0
2022-05-13 11:32:00,1850,1850,1850,1850,0
2022-05-13 11:33:00,1850,1850,1850,1850,0
2022-05-13 11:34:00,1850,1850,1850,1850,0
2022-05-13 11:35:00,1850,1850,1850,1850,0
2022-05-13 11:36:00,1850,1850,1850,1850,0
2022-05-13 11:37:00,1850,1850,1850,1850,0
2022-05-13 11:38:00,1850,1850,1850,1850,0
2022-05-13 11:39:00,1850,1850,1850,1850,0
2022-05-13 11:40:00,1850,1850,1850,1850,0
2022-05-13 11:41:00,1850,1850,1850,1850,0
2022-05-13 11:42:00,1850,1850,1850,1850,0
2022-05-13 11:43:00,1850,1850,1850,1850,0
2022-05-13 11:44:00,1850,1850,1850,1850,0
2022-05-13 11:45:00,1850,1850,1850,1850,0
2022-05-13 11:46:00,1850,1850,1850,1850,0
2022-05-13 11:47:00,1850,1850,1850,1850,0
2022-05-13 11:48:00,1850,1850,1850,1850,0
2022-05-13 11:49:00,1850,1850,1850,1850,0
2022-05-13 11:50:00,1850,1850,1850,1850,0
2022-05-13 11:51:00,1850,1850,1850,1850,0
2022-05-13 11:52:00,1850,1850,1850,1850,0
2022-05-13 11:53:00,1850,1850,1850,1850,0
2022-05-13 11:54:00,1850,1850,1850,1850,0
2022-05-13 11:55:00,1850,1850,1850,1850,0
2022-05-13 11:56:00,1850,1850,1850,1850,0
2022-05-13 11:57:00,1850,1850,1850,1850,0
2022-05-13 11:58:00,1850,1850,1850,1850,0
2022-05-13 11:59:00,1850,1850,1850,1850,0
2022-05-13 12:00:00,1850,1850,1850,1850,0
2022-05-13 12:01:00,1850,1850,1850,1850,0
2022-05-13 12:02:00,1850,1850,1850,1850,0
2022-05-13 12:03:00,1850,1850,1850,1850,0
2022-05-13 12:04:00,1850,1850,1850,1850,0
2022-05-13 12:05:00,1850,1850,1850,1850,0
2022-05-13 12:06:00,1850,1850,1850,1850,0
2022-05-13 12:07:00,1850,1850,1850,1850,0
2022-05-13 12:08:00,1850,1850,1850,1850,0
2022-05-13 12:09:00,1850,1850,1850,1850,0
2022-05-13 12:10:00,1850,1850,1850,1850,0
2022-05-13 12:11:00,1850,1850,1850,1850,0
2022-05-13 12:12:00,1850,1850,1850,1850,0
2022-05-13 12:13:00,1850,1850,1850,1850,0
2022-05-13 12:14:00,1850,1850,1850,1850,0
2022-05-13 12:15:00,1850,1850,1850,1850,0
2022-05-13 12:16:00,1850,1850,1850,1850,0
2022-05-13 12:17:00,1850,1850,1850,1850,0
2022-05-13 12:18:00,1850,1850,1850,1850,0
2022-05-13 12:19:00,1850,1850,1850,1850,0
2022-05-13 12:20:00,1850,1850,1850,1850,0
2022-05-13 12:21:00,1850,1850,1850,1850,0
2022-05-13 12:22:00,1850,1850,1850,1850,0
2022-05-13 12:23:00,1850,1850,1850,1850,0
2022-05-13 12:24:00,1850,1850,1850,1850,0
2022-05-13 12:25:00,1850,1850,1850,1850,0
2022-05-13 12:26:00,1850,1850,1850,1850,0
2022-05-13 12:27:00,1850,1850,1850,1850,0
2022-05-13 12:28:00,1850,1850,1850,1850,0
2022-05-13 12:29:00,1850,1850,1850,1850,0
2022-05-13 12:30:00,1850,1850,1850,1850,0
2022-05-13 12:31:00,1850,1850,1850,1850,0
2022-05-13 12:32:00,1850,1850,1850,1850,0
2022-05-13 12:33:00,1850,1850,1850,1850,0
2022-05-13 12:34:00,1850,1850,1850,1850,0
2022-05-13 12:35:00,1850,1850,1850,1850,0
2022-05-13 12:36:00,1850,1850,1850,1850,0
2022-05-13 12:37:00,1850,1850,1850,1850,0
2022-05-13 12:38:00,1850,1850,1850,1850,0
2022-05-13 12:39:00,1850,1850,1850,1850,0
2022-05-13 12:40:00,1850,1850,1850,1850,0
2022-05-13 12:41:00,1850,1850,1850,1850,0
2022-05-13 12:42:00,1850,1850,1850,1850,0
2022-05-13 12:43:00,1850,1850,1850,1850,0
2022-05-13 12:44:00,1850,1850,1850,1850,0
2022-05-13 12:45:00,1850,1850,1850,1850,0
2022-05-13 12:46:00,1850,1850,1850,1850,0
2022-05-13 12:47:00,1850,1850,1850,1850,0
2022-05-13 12:48:00,1850,1850,1850,1850,0
2022-05-13 12:49:00,1850,1850,1850,1850,0
2022-05-13 12:50:00,1850,1850,1850,1850,0
2022-05-13 12:51:00,1850,1850,1850,1850,0
2022-05-13 12:52:00,1850,1850,1850,1850,0
2022-05-13 12:53:00,1850,1850,1850,1850,0
2022-05-13 12:54:00,1850,1850,1850,1850,0
2022-05-13 12:55:00,1850,1850,1850,1850,0
2022-05-13 12:56:00,1850,1850,1850,1850,0
2022-05-13 12:57:00,1850,1850,1850,1850,0
2022-05-13 12:58:00,1850,1850,1850,1850,0
2022-05-13 12:59:00,1850,1850,1850,1850,0
2022-05-13 13:00:00,1850,1850,1850,1850,0
2022-05-13 13:01:00,1850,1850,1850,1850,0
2022-05-13 13:02:00,1850,1850,1850,1850,0
2022-05-13 13:03:00,1850,1850,1850,1850,0
2022-05-13 13:04:00,1850,1850,1850,1850,0
2022-05-13 13:05:00,1850,1850,1850,1850,0
2022-05-13 13:06:00,1850,1850,1850,1850,0
2022-05-13 13:07:00,1850,1850,1850,1850,0
2022-05-13 13:08:00,1850,1850,1850,1850,0
2022-05-13 13:09:00,1850,1850,1850,1850,0
2022-05-13 13:10:00,1850,1850,1850,1850,0
2022-05-13 13:11:00,1850,1850,1850,1850,0
2022-05-13 13:12:00,1850,1850,1850,1850,0
2022-05-13 13:13:00,1850,1850,1850,1850,0
2022-05-13 13:14:00,1850,1850,1850,1850,0
2022-05-13 13:15:00,1850,1850,1850,1850,0
2022-05-13 13:16:00,1850,1850,1850,1850,0
2022-05-13 13:17:00,1850,1850,1850,1850,0
2022-05-13 13:18:00,1850,1850,1850,1850,0
2022-05-13 13:19:00,1850,1850,1850,1850,0
2022-05-13 13:20:00,1850,1850,1850,1850,0
2022-05-13 13:21:00,1850,1850,1850,1850,0
2022-05-13 13:22:00,1850,1850,1850,1850,0
2022-05-13 13:23:00,1850,1850,1850,1850,0
2022-05-13 13:24:00,1850,1850,1850,1850,0
2022-05-13 13:25:00,1850,1850,1850,1850,0
2022-05-13 13:26:00,1850,1850,1850,1850,0
2022-05-13 13:27:00,1850,1850,1850,1850,0
2022-05-13 13:28:00,1850,1850,1850,1850,0
2022-05-13 13:29:00,1850,1850,1850,1850,0
2022-05-13 13:30:00,1850,1850,1880,1880,400
2022-05-13 13:31:00,1850,1850,1880,1880,0
2022-05-13 13:32:00,1850,1850,1880,1880,0
2022-05-13 13:33:00,1850,1850,1880,1880,0
2022-05-13 13:34:00,1850,1850,1880,1880,0
2022-05-13 13:35:00,1850,1850,1880,1880,0
2022-05-13 13:36:00,1850,1850,1880,1880,0
2022-05-13 13:37:00,1850,1850,1880,1880,0
2022-05-13 13:38:00,1850,1850,1880,1880,0
2022-05-13 13:39:00,1850,1850,1880,1880,0
2022-05-13 13:40:00,1850,1850,1880,1880,0
2022-05-13 13:41:00,1850,1850,1880,1880,0
2022-05-13 13:42:00,1850,1850,1880,1880,0
2022-05-13 13:43:00,1850,1850,1880,1880,0
2022-05-13 13:44:00,1850,1850,1880,1880,0
2022-05-13 13:45:00,1850,1850,1880,1880,0
2022-05-13 13:46:00,1850,1850,1880,1880,0
2022-05-13 13:47:00,1850,1850,1880,1880,0
2022-05-13 13:48:00,1850,1850,1880,1880,0
2022-05-13 13:49:00,1850,1850,1880,1880,0
2022-05-13 13:50:00,1850,1850,1880,1880,0
2022-05-13 13:51:00,1850,1850,1880,1880,0
2022-05-13 13:52:00,1850,1850,1880,1880,0
2022-05-13 13:53:00,1850,1850,1880,1880,0
2022-05-13 13:54:00,1850,1850,1880,1880,0
2022-05-13 13:55:00,1850,1850,1880,1880,0
2022-05-13 13:56:00,1850,1850,1880,1880,0
2022-05-13 13:57:00,1850,1850,1880,1880,0
2022-05-13 13:58:00,1850,1850,1880,1880,0
2022-05-13 13:59:00,1850,1850,1880,1880,0
2022-05-13 14:00:00,1850,1850,1880,1880,0
2022-05-13 14:01:00,1850,1850,1880,1880,0
2022-05-13 14:02:00,1850,1850,1880,1880,0
2022-05-13 14:03:00,1850,1850,1880,1880,0
2022-05-13 14:04:00,1850,1850,1880,1880,0
2022-05-13 14:05:00,1850,1850,1880,1880,0
2022-05-13 14:06:00,1850,1850,1880,1880,0
2022-05-13 14:07:00,1850,1850,1880,1880,0
2022-05-13 14:08:00,1850,1850,1880,1880,0
2022-05-13 14:09:00,1850,1850,1880,1880,0
2022-05-13 14:10:00,1850,1850,1880,1880,0
2022-05-13 14:11:00,1850,1850,1880,1880,0
2022-05-13 14:12:00,1850,1850,1880,1880,0
2022-05-13 14:13:00,1850,1850,1880,1880,0
2022-05-13 14:14:00,1850,1850,1880,1880,0
2022-05-13 14:15:00,1850,1850,1880,1880,0
2022-05-13 14:16:00,1850,1850,1880,1880,0
2022-05-13 14:17:00,1850,1850,1880,1880,0
2022-05-13 14:18:00,1850,1850,1880,1880,0
2022-05-13 14:19:00,1850,1850,1880,1880,0
2022-05-13 14:20:00,1850,1850,1880,1880,0
2022-05-13 14:21:00,1850,1850,1880,1880,0
2022-05-13 14:22:00,1850,1850,1880,1880,0
2022-05-13 14:23:00,1850,1850,1880,1880,0
2022-05-13 14:24:00,1850,1850,1880,1880,0
2022-05-13 14:25:00,1850,1850,1880,1880,0
2022-05-13 14:26:00,1850,1850,1880,1880,0
2022-05-13 14:27:00,1850,1850,1880,1880,0
2022-05-13 14:28:00,1850,1850,1880,1880,0
2022-05-13 14:29:00,1850,1850,1880,1880,0
2022-05-13 14:30:00,1850,1850,1880,1880,0
2022-05-13 14:31:00,1850,1850,1880,1880,0
2022-05-13 14:32:00,1850,1850,1880,1880,0
2022-05-13 14:33:00,1850,1850,1880,1880,0
2022-05-13 14:34:00,1850,1850,1880,1880,0
2022-05-13 14:35:00,1850,1850,1880,1880,0
2022-05-13 14:36:00,1850,1850,1880,1880,0
2022-05-13 14:37:00,1850,1850,1880,1880,0
2022-05-13 14:38:00,1850,1850,1880,1880,0
2022-05-13 14:39:00,1850,1850,1880,1880,0
2022-05-13 14:40:00,1850,1850,1880,1880,0
2022-05-13 14:41:00,1850,1850,1880,1880,0
2022-05-13 14:42:00,1850,1850,1880,1880,0
2022-05-13 14:43:00,1850,1850,1880,1880,0
2022-05-13 14:44:00,1850,1850,1880,1880,0
2022-05-13 14:45:00,1850,1850,1880,1880,0
2022-05-13 14:46:00,1850,1850,1880,1880,0
2022-05-13 14:47:00,1850,1850,1880,1880,0
2022-05-13 14:48:00,1850,1850,1880,1880,0
2022-05-13 14:49:00,1850,1850,1880,1880,0
2022-05-13 14:50:00,1850,1850,1880,1880,0
2022-05-13 14:51:00,1850,1850,1880,1880,0
2022-05-13 14:52:00,1850,1850,1880,1880,0
2022-05-13 14:53:00,1850,1850,1880,1880,0
2022-05-13 14:54:00,1850,1850,1880,1880,0
2022-05-13 14:55:00,1850,1850,1880,1880,0
2022-05-13 14:56:00,1850,1850,1880,1880,0
2022-05-13 14:57:00,1850,1850,1880,1880,0
2022-05-13 14:58:00,1850,1850,1880,1880,0
2022-05-13 14:59:00,1850,1850,1880,1880,0
2022-05-13 15:00:00,1850,1850,1880,1880,0
2022-05-13 15:01:00,1850,1850,1880,1880,0
2022-05-13 15:02:00,1850,1850,1880,1880,0
2022-05-13 15:03:00,1850,1850,1880,1880,0
2022-05-13 15:04:00,1850,1850,1880,1880,0
2022-05-13 15:05:00,1850,1850,1880,1880,0
2022-05-13 15:06:00,1850,1850,1880,1880,0
2022-05-13 15:07:00,1850,1850,1880,1880,0
2022-05-13 15:08:00,1850,1850,1880,1880,0
2022-05-13 15:09:00,1850,1850,1880,1880,0
2022-05-13 15:10:00,1850,1850,1880,1880,0
2022-05-13 15:11:00,1850,1850,1880,1880,0
2022-05-13 15:12:00,1850,1850,1880,1880,0
2022-05-13 15:13:00,1850,1850,1880,1880,0
2022-05-13 15:14:00,1850,1850,1880,1880,0
2022-05-13 15:15:00,1850,1850,1880,1880,0
2022-05-13 15:16:00,1850,1850,1880,1880,0
2022-05-13 15:17:00,1850,1850,1880,1880,0
2022-05-13 15:18:00,1850,1850,1880,1880,0
2022-05-13 15:19:00,1850,1850,1880,1880,0
2022-05-13 15:20:00,1850,1850,1880,1880,0
2022-05-13 15:21:00,1850,1850,1880,1880,0
2022-05-13 15:22:00,1850,1850,1880,1880,0
2022-05-13 15:23:00,1850,1850,1880,1880,0
2022-05-13 15:24:00,1850,1850,1880,1880,0
2022-05-13 15:25:00,1850,1850,1880,1880,0
2022-05-13 15:26:00,1850,1850,1880,1880,0
2022-05-13 15:27:00,1850,1850,1880,1880,0
2022-05-13 15:28:00,1850,1850,1880,1880,0
2022-05-13 15:29:00,1850,1850,1880,1880,0
2022-05-13 15:30:00,1850,1850,1880,1880,0
2022-05-13 15:31:00,1850,1850,1880,1880,0
2022-05-13 15:32:00,1850,1850,1880,1880,0
2022-05-13 15:33:00,1850,1850,1880,1880,0
2022-05-13 15:34:00,1850,1850,1880,1880,0
2022-05-13 15:35:00,1850,1850,1880,1880,0
2022-05-13 15:36:00,1850,1850,1880,1880,0
2022-05-13 15:37:00,1850,1850,1880,1880,0
2022-05-13 15:38:00,1850,1850,1880,1880,0
2022-05-13 15:39:00,1850,1850,1880,1880,0
2022-05-13 15:40:00,1850,1850,1880,1880,0
2022-05-13 15:41:00,1850,1850,1880,1880,0
2022-05-13 15:42:00,1850,1850,1880,1880,0
2022-05-13 15:43:00,1850,1850,1880,1880,0
2022-05-13 15:44:00,1850,1850,1880,1880,0
2022-05-13 15:45:00,1850,1850,1880,1880,0
2022-05-13 15:46:00,1850,1850,1880,1880,0
2022-05-13 15:47:00,1850,1850,1880,1880,0
2022-05-13 15:48:00,1850,1850,1880,1880,0
2022-05-13 15:49:00,1850,1850,1880,1880,0
2022-05-13 15:50:00,1850,1850,1880,1880,0
2022-05-13 15:51:00,1850,1850,1880,1880,0
2022-05-13 15:52:00,1850,1850,1880,1880,0
2022-05-13 15:53:00,1850,1850,1880,1880,0
2022-05-13 15:54:00,1850,1850,1880,1880,0
2022-05-13 15:55:00,1850,1850,1880,1880,0
2022-05-13 15:56:00,1850,1850,1880,1880,0
2022-05-13 15:57:00,1850,1850,1880,1880,0
2022-05-13 15:58:00,1850,1850,1880,1880,0
2022-05-13 15:59:00,1850,1850,1880,1880,0
2022-05-16 09:00:00,1850,1850,1880,1880,0
2022-05-16 09:01:00,1850,1850,1880,1880,0
2022-05-16 09:02:00,1850,1850,1880,1880,0
2022-05-16 09:03:00,1850,1850,1880,1880,0
2022-05-16 09:04:00,1850,1850,1880,1880,0
2022-05-16 09:05:00,1850,1850,1880,1880,0
2022-05-16 09:06:00,1850,1850,1880,1880,0
2022-05-16 09:07:00,1850,1850,1880,1880,0
2022-05-16 09:08:00,1850,1850,1880,1880,0
2022-05-16 09:09:00,1850,1850,1880,1880,0
2022-05-16 09:10:00,1850,1850,1880,1880,0
2022-05-16 09:11:00,1850,1850,1880,1880,0
2022-05-16 09:12:00,1850,1850,1880,1880,0
2022-05-16 09:13:00,1850,1850,1880,1880,0
2022-05-16 09:14:00,1850,1850,1880,1880,0
2022-05-16 09:15:00,1850,1850,1880,1880,0
2022-05-16 09:16:00,1850,1850,1880,1880,0
2022-05-16 09:17:00,1850,1850,1880,1880,0
2022-05-16 09:18:00,1850,1850,1880,1880,0
2022-05-16 09:19:00,1850,1850,1880,1880,0
2022-05-16 09:20:00,1850,1850,1880,1880,0
2022-05-16 09:21:00,1850,1850,1880,1880,0
2022-05-16 09:22:00,1850,1850,1880,1880,0
2022-05-16 09:23:00,1850,1850,1880,1880,0
2022-05-16 09:24:00,1850,1850,1880,1880,0
2022-05-16 09:25:00,1850,1850,1880,1880,0
2022-05-16 09:26:00,1850,1850,1880,1880,0
2022-05-16 09:27:00,1850,1850,1880,1880,0
2022-05-16 09:28:00,1850,1850,1880,1880,0
2022-05-16 09:29:00,1850,1850,1880,1880,0
2022-05-16 09:30:00,1850,1850,1880,1880,0
2022-05-16 09:31:00,1850,1850,1880,1880,0
2022-05-16 09:32:00,1850,1850,1880,1880,0
2022-05-16 09:33:00,1850,1850,1880,1880,0
2022-05-16 09:34:00,1850,1850,1880,1880,0
2022-05-16 09:35:00,1850,1850,1880,1880,0
2022-05-16 09:36:00,1850,1850,1880,1880,0
2022-05-16 09:37:00,1850,1850,1880,1880,0
2022-05-16 09:38:00,1850,1850,1880,1880,0
2022-05-16 09:39:00,1850,1850,1880,1880,0
2022-05-16 09:40:00,1850,1850,1880,1880,0
2022-05-16 09:41:00,1850,1850,1880,1880,0
2022-05-16 09:42:00,1850,1850,1880,1880,0
2022-05-16 09:43:00,1850,1850,1880,1880,0
2022-05-16 09:44:00,1850,1850,1880,1880,0
2022-05-16 09:45:00,1850,1850,1880,1880,0
2022-05-16 09:46:00,1850,1850,1880,1880,0
2022-05-16 09:47:00,1850,1850,1880,1880,0
2022-05-16 09:48:00,1850,1850,1880,1880,0
2022-05-16 09:49:00,1850,1850,1880,1880,0
2022-05-16 09:50:00,1850,1850,1880,1880,0
2022-05-16 09:51:00,1850,1850,1880,1880,0
2022-05-16 09:52:00,1850,1850,1880,1880,0
2022-05-16 09:53:00,1850,1850,1880,1880,0
2022-05-16 09:54:00,1850,1850,1880,1880,0
2022-05-16 09:55:00,1850,1850,1880,1880,0
2022-05-16 09:56:00,1850,1850,1880,1880,0
2022-05-16 09:57:00,1850,1850,1880,1880,0
2022-05-16 09:58:00,1850,1850,1880,1880,0
2022-05-16 09:59:00,1850,1850,1880,1880,0
2022-05-16 10:00:00,1850,1850,1880,1880,0
2022-05-16 10:01:00,1850,1850,1880,1880,0
2022-05-16 10:02:00,1850,1850,1880,1880,0
2022-05-16 10:03:00,1850,1850,1880,1880,0
2022-05-16 10:04:00,1850,1850,1880,1880,0
2022-05-16 10:05:00,1850,1850,1880,1880,0
2022-05-16 10:06:00,1850,1850,1880,1880,0
2022-05-16 10:07:00,1850,1850,1880,1880,0
2022-05-16 10:08:00,1850,1850,1880,1880,0
2022-05-16 10:09:00,1850,1850,1880,1880,0
2022-05-16 10:10:00,1850,1850,1880,1880,0
2022-05-16 10:11:00,1850,1850,1880,1880,0
2022-05-16 10:12:00,1850,1850,1880,1880,0
2022-05-16 10:13:00,1850,1850,1880,1880,0
2022-05-16 10:14:00,1850,1850,1880,1880,0
2022-05-16 10:15:00,1850,1850,1880,1880,0
2022-05-16 10:16:00,1850,1850,1880,1880,0
2022-05-16 10:17:00,1850,1850,1880,1880,0
2022-05-16 10:18:00,1850,1850,1880,1880,0
2022-05-16 10:19:00,1850,1850,1880,1880,0
2022-05-16 10:20:00,1850,1850,1880,1880,0
2022-05-16 10:21:00,1850,1850,1880,1880,0
2022-05-16 10:22:00,1850,1850,1880,1880,0
2022-05-16 10:23:00,1850,1850,1880,1880,0
2022-05-16 10:24:00,1850,1850,1880,1880,0
2022-05-16 10:25:00,1850,1850,1880,1880,0
2022-05-16 10:26:00,1850,1850,1880,1880,0
2022-05-16 10:27:00,1850,1850,1880,1880,0
2022-05-16 10:28:00,1850,1850,1880,1880,0
2022-05-16 10:29:00,1850,1850,1880,1880,0
2022-05-16 10:30:00,1850,1850,1880,1880,0
2022-05-16 10:31:00,1850,1850,1880,1880,0
2022-05-16 10:32:00,1850,1850,1880,1880,0
2022-05-16 10:33:00,1850,1850,1880,1880,0
2022-05-16 10:34:00,1850,1850,1880,1880,0
2022-05-16 10:35:00,1850,1850,1880,1880,0
2022-05-16 10:36:00,1850,1850,1880,1880,0
2022-05-16 10:37:00,1850,1850,1880,1880,0
2022-05-16 10:38:00,1850,1850,1880,1880,0
2022-05-16 10:39:00,1850,1850,1880,1880,0
2022-05-16 10:40:00,1850,1850,1880,1880,0
2022-05-16 10:41:00,1850,1850,1880,1880,0
2022-05-16 10:42:00,1850,1850,1880,1880,0
2022-05-16 10:43:00,1850,1850,1880,1880,0
2022-05-16 10:44:00,1850,1850,1880,1880,0
2022-05-16 10:45:00,1850,1850,1880,1880,0
2022-05-16 10:46:00,1850,1850,1880,1880,0
2022-05-16 10:47:00,1850,1850,1880,1880,0
2022-05-16 10:48:00,1850,1850,1880,1880,0
2022-05-16 10:49:00,1850,1850,1880,1880,0
2022-05-16 10:50:00,1850,1850,1880,1880,0
2022-05-16 10:51:00,1850,1850,1880,1880,0
2022-05-16 10:52:00,1850,1850,1880,1880,0
2022-05-16 10:53:00,1850,1850,1880,1880,0
2022-05-16 10:54:00,1850,1850,1880,1880,0
2022-05-16 10:55:00,1850,1850,1880,1880,0
2022-05-16 10:56:00,1850,1850,1880,1880,0
2022-05-16 10:57:00,1850,1850,1880,1880,0
2022-05-16 10:58:00,1850,1850,1880,1880,0
2022-05-16 10:59:00,1850,1850,1880,1880,0
2022-05-16 11:00:00,1850,1850,1880,1880,0
2022-05-16 11:01:00,1850,1850,1880,1880,0
2022-05-16 11:02:00,1850,1850,1880,1880,0
2022-05-16 11:03:00,1850,1850,1880,1880,0
2022-05-16 11:04:00,1850,1850,1880,1880,0
2022-05-16 11:05:00,1850,1850,1880,1880,0
2022-05-16 11:06:00,1850,1850,1880,1880,0
2022-05-16 11:07:00,1850,1850,1880,1880,0
2022-05-16 11:08:00,1850,1850,1880,1880,0
2022-05-16 11:09:00,1850,1850,1880,1880,0
2022-05-16 11:10:00,1850,1850,1880,1880,0
2022-05-16 11:11:00,1850,1850,1880,1880,0
2022-05-16 11:12:00,1850,1850,1880,1880,0
2022-05-16 11:13:00,1850,1850,1880,1880,0
2022-05-16 11:14:00,1850,1850,1880,1880,0
2022-05-16 11:15:00,1850,1850,1880,1880,0
2022-05-16 11:16:00,1850,1850,1880,1880,0
2022-05-16 11:17:00,1850,1850,1880,1880,0
2022-05-16 11:18:00,1850,1850,1880,1880,0
2022-05-16 11:19:00,1850,1850,1880,1880,0
2022-05-16 11:20:00,1850,1850,1880,1880,0
2022-05-16 11:21:00,1850,1850,1880,1880,0
2022-05-16 11:22:00,1850,1850,1880,1880,0
2022-05-16 11:23:00,1850,1850,1880,1880,0
2022-05-16 11:24:00,1850,1850,1880,1880,0
2022-05-16 11:25:00,1850,1850,1880,1880,0
2022-05-16 11:26:00,1850,1850,1880,1880,0
2022-05-16 11:27:00,1850,1850,1880,1880,0
2022-05-16 11:28:00,1850,1850,1880,1880,0
2022-05-16 11:29:00,1850,1850,1880,1880,0
2022-05-16 11:30:00,1850,1850,1880,1880,0
2022-05-16 11:31:00,1850,1850,1880,1880,0
2022-05-16 11:32:00,1850,1850,1880,1880,0
2022-05-16 11:33:00,1850,1850,1880,1880,0
2022-05-16 11:34:00,1850,1850,1880,1880,0
2022-05-16 11:35:00,1850,1850,1880,1880,0
2022-05-16 11:36:00,1850,1850,1880,1880,0
2022-05-16 11:37:00,1850,1850,1880,1880,0
2022-05-16 11:38:00,1850,1850,1880,1880,0
2022-05-16 11:39:00,1850,1850,1880,1880,0
2022-05-16 11:40:00,1850,1850,1880,1880,0
2022-05-16 11:41:00,1850,1850,1880,1880,0
2022-05-16 11:42:00,1850,1850,1880,1880,0
2022-05-16 11:43:00,1850,1850,1880,1880,0
2022-05-16 11:44:00,1850,1850,1880,1880,0
2022-05-16 11:45:00,1850,1850,1880,1880,0
2022-05-16 11:46:00,1850,1850,1880,1880,0
2022-05-16 11:47:00,1850,1850,1880,1880,0
2022-05-16 11:48:00,1850,1850,1880,1880,0
2022-05-16 11:49:00,1850,1850,1880,1880,0
2022-05-16 11:50:00,1850,1850,1880,1880,0
2022-05-16 11:51:00,1850,1850,1880,1880,0
2022-05-16 11:52:00,1850,1850,1880,1880,0
2022-05-16 11:53:00,1850,1850,1880,1880,0
2022-05-16 11:54:00,1850,1850,1880,1880,0
2022-05-16 11:55:00,1850,1850,1880,1880,0
2022-05-16 11:56:00,1850,1850,1880,1880,0
2022-05-16 11:57:00,1850,1850,1880,1880,0
2022-05-16 11:58:00,1850,1850,1880,1880,0
2022-05-16 11:59:00,1850,1850,1880,1880,0
2022-05-16 12:00:00,1850,1850,1880,1880,0
2022-05-16 12:01:00,1850,1850,1880,1880,0
2022-05-16 12:02:00,1850,1850,1880,1880,0
2022-05-16 12:03:00,1850,1850,1880,1880,0
2022-05-16 12:04:00,1850,1850,1880,1880,0
2022-05-16 12:05:00,1850,1850,1880,1880,0
2022-05-16 12:06:00,1850,1850,1880,1880,0
2022-05-16 12:07:00,1850,1850,1880,1880,0
2022-05-16 12:08:00,1850,1850,1880,1880,0
2022-05-16 12:09:00,1850,1850,1880,1880,0
2022-05-16 12:10:00,1850,1850,1880,1880,0
2022-05-16 12:11:00,1850,1850,1880,1880,0
2022-05-16 12:12:00,1850,1850,1880,1880,0
2022-05-16 12:13:00,1850,1850,1880,1880,0
2022-05-16 12:14:00,1850,1850,1880,1880,0
2022-05-16 12:15:00,1850,1850,1880,1880,0
2022-05-16 12:16:00,1850,1850,1880,1880,0
2022-05-16 12:17:00,1850,1850,1880,1880,0
2022-05-16 12:18:00,1850,1850,1880,1880,0
2022-05-16 12:19:00,1850,1850,1880,1880,0
2022-05-16 12:20:00,1850,1850,1880,1880,0
2022-05-16 12:21:00,1850,1850,1880,1880,0
2022-05-16 12:22:00,1850,1850,1880,1880,0
2022-05-16 12:23:00,1850,1850,1880,1880,0
2022-05-16 12:24:00,1850,1850,1880,1880,0
2022-05-16 12:25:00,1850,1850,1880,1880,0
2022-05-16 12:26:00,1850,1850,1880,1880,0
2022-05-16 12:27:00,1850,1850,1880,1880,0
2022-05-16 12:28:00,1850,1850,1880,1880,0
2022-05-16 12:29:00,1850,1850,1880,1880,0
2022-05-16 12:30:00,1850,1850,1880,1880,0
2022-05-16 12:31:00,1850,1850,1880,1880,0
2022-05-16 12:32:00,1850,1850,1880,1880,0
2022-05-16 12:33:00,1850,1850,1880,1880,0
2022-05-16 12:34:00,1850,1850,1880,1880,0
2022-05-16 12:35:00,1850,1850,1880,1880,0
2022-05-16 12:36:00,1850,1850,1880,1880,0
2022-05-16 12:37:00,1850,1850,1880,1880,0
2022-05-16 12:38:00,1850,1850,1880,1880,0
2022-05-16 12:39:00,1850,1850,1880,1880,0
2022-05-16 12:40:00,1850,1850,1880,1880,0
2022-05-16 12:41:00,1850,1850,1880,1880,0
2022-05-16 12:42:00,1850,1850,1880,1880,0
2022-05-16 12:43:00,1850,1850,1880,1880,0
2022-05-16 12:44:00,1850,1850,1880,1880,0
2022-05-16 12:45:00,1850,1850,1880,1880,0
2022-05-16 12:46:00,1850,1850,1880,1880,0
2022-05-16 12:47:00,1850,1850,1880,1880,0
2022-05-16 12:48:00,1850,1850,1880,1880,0
2022-05-16 12:49:00,1850,1850,1880,1880,0
2022-05-16 12:50:00,1850,1850,1880,1880,0
2022-05-16 12:51:00,1850,1850,1880,1880,0
2022-05-16 12:52:00,1850,1850,1880,1880,0
2022-05-16 12:53:00,1850,1850,1880,1880,0
2022-05-16 12:54:00,1850,1850,1880,1880,0
2022-05-16 12:55:00,1850,1850,1880,1880,0
2022-05-16 12:56:00,1850,1850,1880,1880,0
2022-05-16 12:57:00,1850,1850,1880,1880,0
2022-05-16 12:58:00,1850,1850,1880,1880,0
2022-05-16 12:59:00,1850,1850,1880,1880,0
2022-05-16 13:00:00,1850,1850,1880,1880,0
2022-05-16 13:01:00,1850,1850,1880,1880,0
2022-05-16 13:02:00,1850,1850,1880,1880,0
2022-05-16 13:03:00,1850,1850,1880,1880,0
2022-05-16 13:04:00,1850,1850,1880,1880,0
2022-05-16 13:05:00,1850,1850,1880,1880,0
2022-05-16 13:06:00,1850,1850,1880,1880,0
2022-05-16 13:07:00,1850,1850,1880,1880,0
2022-05-16 13:08:00,1850,1850,1880,1880,0
2022-05-16 13:09:00,1850,1850,1880,1880,0
2022-05-16 13:10:00,1850,1850,1880,1880,0
2022-05-16 13:11:00,1850,1850,1880,1880,0
2022-05-16 13:12:00,1850,1850,1880,1880,0
2022-05-16 13:13:00,1850,1850,1880,1880,0
2022-05-16 13:14:00,1850,1850,1880,1880,0
2022-05-16 13:15:00,1850,1850,1880,1880,0
2022-05-16 13:16:00,1850,1850,1880,1880,0
2022-05-16 13:17:00,1850,1850,1880,1880,0
2022-05-16 13:18:00,1850,1850,1880,1880,0
2022-05-16 13:19:00,1850,1850,1880,1880,0
2022-05-16 13:20:00,1850,1850,1880,1880,0
2022-05-16 13:21:00,1850,1850,1880,1880,0
2022-05-16 13:22:00,1850,1850,1880,1880,0
2022-05-16 13:23:00,1850,1850,1880,1880,0
2022-05-16 13:24:00,1850,1850,1880,1880,0
2022-05-16 13:25:00,1850,1850,1880,1880,0
2022-05-16 13:26:00,1850,1850,1880,1880,0
2022-05-16 13:27:00,1850,1850,1880,1880,0
2022-05-16 13:28:00,1850,1850,1880,1880,0
2022-05-16 13:29:00,1850,1850,1880,1880,0
2022-05-16 13:30:00,1850,1850,1880,1880,0
2022-05-16 13:31:00,1850,1850,1880,1880,0
2022-05-16 13:32:00,1850,1850,1880,1880,0
2022-05-16 13:33:00,1850,1850,1880,1880,0
2022-05-16 13:34:00,1850,1850,1880,1880,0
2022-05-16 13:35:00,1850,1850,1880,1880,0
2022-05-16 13:36:00,1850,1850,1880,1880,0
2022-05-16 13:37:00,1850,1850,1880,1880,0
2022-05-16 13:38:00,1850,1850,1880,1880,0
2022-05-16 13:39:00,1850,1850,1880,1880,0
2022-05-16 13:40:00,1850,1850,1880,1880,0
2022-05-16 13:41:00,1850,1850,1880,1880,0
2022-05-16 13:42:00,1850,1850,1880,1880,0
2022-05-16 13:43:00,1850,1850,1880,1880,0
2022-05-16 13:44:00,1850,1850,1880,1880,0
2022-05-16 13:45:00,1850,1850,1880,1880,0
2022-05-16 13:46:00,1850,1850,1880,1880,0
2022-05-16 13:47:00,1850,1850,1880,1880,0
2022-05-16 13:48:00,1850,1850,1880,1880,0
2022-05-16 13:49:00,1850,1850,1880,1880,0
2022-05-16 13:50:00,1850,1850,1880,1880,0
2022-05-16 13:51:00,1850,1850,1880,1880,0
2022-05-16 13:52:00,1850,1850,1880,1880,0
2022-05-16 13:53:00,1850,1850,1880,1880,0
2022-05-16 13:54:00,1850,1850,1880,1880,0
2022-05-16 13:55:00,1850,1850,1880,1880,0
2022-05-16 13:56:00,1850,1850,1880,1880,0
2022-05-16 13:57:00,1850,1850,1880,1880,0
2022-05-16 13:58:00,1850,1850,1880,1880,0
2022-05-16 13:59:00,1850,1850,1880,1880,0
2022-05-16 14:00:00,1850,1850,1880,1880,0
2022-05-16 14:01:00,1850,1850,1880,1880,0
2022-05-16 14:02:00,1850,1850,1880,1880,0
2022-05-16 14:03:00,1850,1850,1880,1880,0
2022-05-16 14:04:00,1850,1850,1880,1880,0
2022-05-16 14:05:00,1850,1850,1880,1880,0
2022-05-16 14:06:00,1850,1850,1880,1880,0
2022-05-16 14:07:00,1850,1850,1880,1880,0
2022-05-16 14:08:00,1850,1850,1880,1880,0
2022-05-16 14:09:00,1850,1850,1880,1880,0
2022-05-16 14:10:00,1850,1850,1880,1880,0
2022-05-16 14:11:00,1850,1850,1880,1880,0
2022-05-16 14:12:00,1850,1850,1880,1880,0
2022-05-16 14:13:00,1850,1850,1880,1880,0
2022-05-16 14:14:00,1850,1850,1880,1880,0
2022-05-16 14:15:00,1850,1850,1880,1880,0
2022-05-16 14:16:00,1850,1850,1880,1880,0
2022-05-16 14:17:00,1850,1850,1880,1880,0
2022-05-16 14:18:00,1850,1850,1880,1880,0
2022-05-16 14:19:00,1850,1850,1880,1880,0
2022-05-16 14:20:00,1850,1850,1880,1880,0
2022-05-16 14:21:00,1850,1850,1880,1880,0
2022-05-16 14:22:00,1850,1850,1880,1880,0
2022-05-16 14:23:00,1850,1850,1880,1880,0
2022-05-16 14:24:00,1850,1850,1880,1880,0
2022-05-16 14:25:00,1850,1850,1880,1880,0
2022-05-16 14:26:00,1850,1850,1880,1880,0
2022-05-16 14:27:00,1850,1850,1880,1880,0
2022-05-16 14:28:00,1850,1850,1880,1880,0
2022-05-16 14:29:00,1850,1850,1880,1880,0
2022-05-16 14:30:00,1850,1850,1880,1880,0
2022-05-16 14:31:00,1850,1850,1880,1880,0
2022-05-16 14:32:00,1850,1850,1880,1880,0
2022-05-16 14:33:00,1850,1850,1880,1880,0
2022-05-16 14:34:00,1850,1850,1880,1880,0
2022-05-16 14:35:00,1850,1850,1880,1880,0
2022-05-16 14:36:00,1850,1850,1880,1880,0
2022-05-16 14:37:00,1850,1850,1880,1880,0
2022-05-16 14:38:00,1850,1850,1880,1880,0
2022-05-16 14:39:00,1850,1850,1880,1880,0
2022-05-16 14:40:00,1850,1850,1880,1880,0
2022-05-16 14:41:00,1850,1850,1880,1880,0
2022-05-16 14:42:00,1850,1850,1880,1880,0
2022-05-16 14:43:00,1850,1850,1880,1880,0
2022-05-16 14:44:00,1850,1850,1880,1880,0
2022-05-16 14:45:00,1850,1850,1880,1880,0
2022-05-16 14:46:00,1850,1850,1880,1880,0
2022-05-16 14:47:00,1850,1850,1880,1880,0
2022-05-16 14:48:00,1850,1850,1880,1880,0
2022-05-16 14:49:00,1850,1850,1880,1880,0
2022-05-16 14:50:00,1850,1850,1880,1880,0
2022-05-16 14:51:00,1850,1850,1880,1880,0
2022-05-16 14:52:00,1850,1850,1880,1880,0
2022-05-16 14:53:00,1850,1850,1880,1880,0
2022-05-16 14:54:00,1850,1850,1880,1880,0
2022-05-16 14:55:00,1850,1850,1880,1880,0
2022-05-16 14:56:00,1850,1850,1880,1880,0
2022-05-16 14:57:00,1850,1850,1880,1880,0
2022-05-16 14:58:00,1850,1850,1880,1880,0
2022-05-16 14:59:00,1850,1850,1880,1880,0
2022-05-16 15:00:00,1850,1850,1880,1880,0
2022-05-16 15:01:00,1850,1850,1880,1880,0
2022-05-16 15:02:00,1850,1850,1880,1880,0
2022-05-16 15:03:00,1850,1850,1880,1880,0
2022-05-16 15:04:00,1850,1850,1880,1880,0
2022-05-16 15:05:00,1850,1850,1880,1880,0
2022-05-16 15:06:00,1850,1850,1880,1880,0
2022-05-16 15:07:00,1850,1850,1880,1880,0
2022-05-16 15:08:00,1850,1850,1880,1880,0
2022-05-16 15:09:00,1850,1850,1880,1880,0
2022-05-16 15:10:00,1850,1850,1880,1880,0
2022-05-16 15:11:00,1850,1850,1880,1880,0
2022-05-16 15:12:00,1850,1850,1880,1880,0
2022-05-16 15:13:00,1850,1850,1880,1880,0
2022-05-16 15:14:00,1850,1850,1880,1880,0
2022-05-16 15:15:00,1850,1850,1880,1880,0
2022-05-16 15:16:00,1850,1850,1880,1880,0
2022-05-16 15:17:00,1850,1850,1880,1880,0
2022-05-16 15:18:00,1850,1850,1880,1880,0
2022-05-16 15:19:00,1850,1850,1880,1880,0
2022-05-16 15:20:00,1850,1850,1880,1880,0
2022-05-16 15:21:00,1850,1850,1880,1880,0
2022-05-16 15:22:00,1850,1850,1880,1880,0
2022-05-16 15:23:00,1850,1850,1880,1880,0
2022-05-16 15:24:00,1850,1850,1880,1880,0
2022-05-16 15:25:00,1850,1850,1880,1880,0
2022-05-16 15:26:00,1850,1850,1880,1880,0
2022-05-16 15:27:00,1850,1850,1880,1880,0
2022-05-16 15:28:00,1850,1850,1880,1880,0
2022-05-16 15:29:00,1850,1850,1880,1880,0
2022-05-16 15:30:00,1850,1850,1880,1880,0
2022-05-16 15:31:00,1850,1850,1880,1880,0
2022-05-16 15:32:00,1850,1850,1880,1880,0
2022-05-16 15:33:00,1850,1850,1880,1880,0
2022-05-16 15:34:00,1850,1850,1880,1880,0
2022-05-16 15:35:00,1850,1850,1880,1880,0
2022-05-16 15:36:00,1850,1850,1880,1880,0
2022-05-16 15:37:00,1850,1850,1880,1880,0
2022-05-16 15:38:00,1850,1850,1880,1880,0
2022-05-16 15:39:00,1850,1850,1880,1880,0
2022-05-16 15:40:00,1850,1850,1880,1880,0
2022-05-16 15:41:00,1850,1850,1880,1880,0
2022-05-16 15:42:00,1850,1850,1880,1880,0
2022-05-16 15:43:00,1850,1850,1880,1880,0
2022-05-16 15:44:00,1850,1850,1880,1880,0
2022-05-16 15:45:00,1850,1850,1880,1880,0
2022-05-16 15:46:00,1850,1850,1880,1880,0
2022-05-16 15:47:00,1850,1850,1880,1880,0
2022-05-16 15:48:00,1850,1850,1880,1880,0
2022-05-16 15:49:00,1850,1850,1880,1880,0
2022-05-16 15:50:00,1850,1850,1880,1880,0
2022-05-16 15:51:00,1850,1850,1880,1880,0
2022-05-16 15:52:00,1850,1850,1880,1880,0
2022-05-16 15:53:00,1850,1850,1880,1880,0
2022-05-16 15:54:00,1850,1850,1880,1880,0
2022-05-16 15:55:00,1850,1850,1880,1880,0
2022-05-16 15:56:00,1850,1850,1880,1880,0
2022-05-16 15:57:00,1850,1850,1880,1880,0
2022-05-16 15:58:00,1850,1850,1880,1880,0
2022-05-16 15:59:00,1850,1850,1880,1880,0
2022-05-17 09:00:00,1850,1850,1880,1880,0
2022-05-17 09:01:00,1850,1850,1880,1880,0
2022-05-17 09:02:00,1850,1850,1880,1880,0
2022-05-17 09:03:00,1850,1850,1880,1880,0
2022-05-17 09:04:00,1850,1850,1880,1880,0
2022-05-17 09:05:00,1850,1850,1880,1880,0
2022-05-17 09:06:00,1850,1850,1880,1880,0
2022-05-17 09:07:00,1850,1850,1880,1880,0
2022-05-17 09:08:00,1850,1850,1880,1880,0
2022-05-17 09:09:00,1850,1850,1880,1880,0
2022-05-17 09:10:00,1850,1850,1880,1880,0
2022-05-17 09:11:00,1850,1850,1880,1880,0
2022-05-17 09:12:00,1850,1850,1880,1880,0
2022-05-17 09:13:00,1850,1850,1880,1880,0
2022-05-17 09:14:00,1850,1850,1880,1880,0
2022-05-17 09:15:00,1850,1850,1880,1880,0
2022-05-17 09:16:00,1850,1850,1880,1880,0
2022-05-17 09:17:00,1850,1850,1880,1880,0
2022-05-17 09:18:00,1850,1850,1880,1880,0
2022-05-17 09:19:00,1850,1850,1880,1880,0
2022-05-17 09:20:00,1850,1850,1880,1880,0
2022-05-17 09:21:00,1850,1850,1880,1880,0
2022-05-17 09:22:00,1850,1850,1880,1880,0
2022-05-17 09:23:00,1850,1850,1880,1880,0
2022-05-17 09:24:00,1850,1850,1880,1880,0
2022-05-17 09:25:00,1850,1850,1880,1880,0
2022-05-17 09:26:00,1850,1850,1880,1880,0
2022-05-17 09:27:00,1850,1850,1880,1880,0
2022-05-17 09:28:00,1850,1850,1880,1880,0
2022-05-17 09:29:00,1850,1850,1880,1880,0
2022-05-17 09:30:00,1850,1850,1880,1880,0
2022-05-17 09:31:00,1850,1850,1880,1880,0
2022-05-17 09:32:00,1850,1850,1880,1880,0
2022-05-17 09:33:00,1850,1850,1880,1880,0
2022-05-17 09:34:00,1850,1850,1880,1880,0
2022-05-17 09:35:00,1850,1850,1880,1880,0
2022-05-17 09:36:00,1850,1850,1880,1880,0
2022-05-17 09:37:00,1850,1850,1880,1880,0
2022-05-17 09:38:00,1850,1850,1880,1880,0
2022-05-17 09:39:00,1850,1850,1880,1880,0
2022-05-17 09:40:00,1850,1850,1880,1880,0
2022-05-17 09:41:00,1850,1850,1880,1880,0
2022-05-17 09:42:00,1850,1850,1880,1880,0
2022-05-17 09:43:00,1850,1850,1880,1880,0
2022-05-17 09:44:00,1850,1850,1880,1880,0
2022-05-17 09:45:00,1850,1850,1880,1880,0
2022-05-17 09:46:00,1850,1850,1880,1880,0
2022-05-17 09:47:00,1850,1850,1880,1880,0
2022-05-17 09:48:00,1850,1850,1880,1880,0
2022-05-17 09:49:00,1850,1850,1880,1880,0
2022-05-17 09:50:00,1850,1850,1880,1880,0
2022-05-17 09:51:00,1850,1850,1880,1880,0
2022-05-17 09:52:00,1850,1850,1880,1880,0
2022-05-17 09:53:00,1850,1850,1880,1880,0
2022-05-17 09:54:00,1850,1850,1880,1880,0
2022-05-17 09:55:00,1850,1850,1880,1880,0
2022-05-17 09:56:00,1850,1850,1880,1880,0
2022-05-17 09:57:00,1850,1850,1880,1880,0
2022-05-17 09:58:00,1850,1850,1880,1880,0
2022-05-17 09:59:00,1850,1850,1880,1880,0
2022-05-17 10:00:00,1850,1850,1880,1880,0
2022-05-17 10:01:00,1850,1850,1880,1880,0
2022-05-17 10:02:00,1850,1850,1880,1880,0
2022-05-17 10:03:00,1850,1850,1880,1880,0
2022-05-17 10:04:00,1850,1850,1880,1880,0
2022-05-17 10:05:00,1850,1850,1880,1880,0
2022-05-17 10:06:00,1850,1850,1880,1880,0
2022-05-17 10:07:00,1850,1850,1880,1880,0
2022-05-17 10:08:00,1850,1850,1880,1880,0
2022-05-17 10:09:00,1850,1850,1880,1880,0
2022-05-17 10:10:00,1850,1850,1880,1880,0
2022-05-17 10:11:00,1850,1850,1880,1880,0
2022-05-17 10:12:00,1850,1850,1880,1880,0
2022-05-17 10:13:00,1850,1850,1880,1880,0
2022-05-17 10:14:00,1850,1850,1880,1880,0
2022-05-17 10:15:00,1850,1850,1880,1880,0
2022-05-17 10:16:00,1850,1850,1880,1880,0
2022-05-17 10:17:00,1850,1850,1880,1880,0
2022-05-17 10:18:00,1850,1850,1880,1880,0
2022-05-17 10:19:00,1850,1850,1880,1880,0
2022-05-17 10:20:00,1850,1850,1880,1880,0
2022-05-17 10:21:00,1850,1850,1880,1880,0
2022-05-17 10:22:00,1850,1850,1880,1880,0
2022-05-17 10:23:00,1850,1850,1880,1880,0
2022-05-17 10:24:00,1850,1850,1880,1880,0
2022-05-17 10:25:00,1850,1850,1880,1880,0
2022-05-17 10:26:00,1850,1850,1880,1880,0
2022-05-17 10:27:00,1850,1850,1880,1880,0
2022-05-17 10:28:00,1850,1850,1880,1880,0
2022-05-17 10:29:00,1850,1850,1880,1880,0
2022-05-17 10:30:00,1850,1850,1880,1880,0
2022-05-17 10:31:00,1850,1850,1880,1880,0
2022-05-17 10:32:00,1850,1850,1880,1880,0
2022-05-17 10:33:00,1850,1850,1880,1880,0
2022-05-17 10:34:00,1850,1850,1880,1880,0
2022-05-17 10:35:00,1850,1850,1880,1880,0
2022-05-17 10:36:00,1850,1850,1880,1880,0
2022-05-17 10:37:00,1850,1850,1880,1880,0
2022-05-17 10:38:00,1850,1850,1880,1880,0
2022-05-17 10:39:00,1850,1850,1880,1880,0
2022-05-17 10:40:00,1850,1850,1880,1880,0
2022-05-17 10:41:00,1850,1850,1880,1880,0
2022-05-17 10:42:00,1850,1850,1880,1880,0
2022-05-17 10:43:00,1850,1850,1880,1880,0
2022-05-17 10:44:00,1850,1850,1880,1880,0
2022-05-17 10:45:00,1850,1850,1880,1880,0
2022-05-17 10:46:00,1850,1850,1880,1880,0
2022-05-17 10:47:00,1850,1850,1880,1880,0
2022-05-17 10:48:00,1850,1850,1880,1880,0
2022-05-17 10:49:00,1850,1850,1880,1880,0
2022-05-17 10:50:00,1850,1850,1880,1880,0
2022-05-17 10:51:00,1850,1850,1880,1880,0
2022-05-17 10:52:00,1850,1850,1880,1880,0
2022-05-17 10:53:00,1850,1850,1880,1880,0
2022-05-17 10:54:00,1850,1850,1880,1880,0
2022-05-17 10:55:00,1850,1850,1880,1880,0
2022-05-17 10:56:00,1850,1850,1880,1880,0
2022-05-17 10:57:00,1850,1850,1880,1880,0
2022-05-17 10:58:00,1850,1850,1880,1880,0
2022-05-17 10:59:00,1850,1850,1880,1880,0
2022-05-17 11:00:00,1850,1850,1880,1880,0
2022-05-17 11:01:00,1850,1850,1880,1880,0
2022-05-17 11:02:00,1850,1850,1880,1880,0
2022-05-17 11:03:00,1850,1850,1880,1880,0
2022-05-17 11:04:00,1850,1850,1880,1880,0
2022-05-17 11:05:00,1850,1850,1880,1880,0
2022-05-17 11:06:00,1850,1850,1880,1880,0
2022-05-17 11:07:00,1850,1850,1880,1880,0
2022-05-17 11:08:00,1850,1850,1880,1880,0
2022-05-17 11:09:00,1850,1850,1880,1880,0
2022-05-17 11:10:00,1850,1850,1880,1880,0
2022-05-17 11:11:00,1850,1850,1880,1880,0
2022-05-17 11:12:00,1850,1850,1880,1880,0
2022-05-17 11:13:00,1850,1850,1880,1880,0
2022-05-17 11:14:00,1850,1850,1880,1880,0
2022-05-17 11:15:00,1850,1850,1880,1880,0
2022-05-17 11:16:00,1850,1850,1880,1880,0
2022-05-17 11:17:00,1850,1850,1880,1880,0
2022-05-17 11:18:00,1850,1850,1880,1880,0
2022-05-17 11:19:00,1850,1850,1880,1880,0
2022-05-17 11:20:00,1850,1850,1880,1880,0
2022-05-17 11:21:00,1850,1850,1880,1880,0
2022-05-17 11:22:00,1850,1850,1880,1880,0
2022-05-17 11:23:00,1850,1850,1880,1880,0
2022-05-17 11:24:00,1850,1850,1880,1880,0
2022-05-17 11:25:00,1850,1850,1880,1880,0
2022-05-17 11:26:00,1850,1850,1880,1880,0
2022-05-17 11:27:00,1850,1850,1880,1880,0
2022-05-17 11:28:00,1850,1850,1880,1880,0
2022-05-17 11:29:00,1850,1850,1880,1880,0
2022-05-17 11:30:00,1850,1850,1880,1880,0
2022-05-17 11:31:00,1850,1850,1880,1880,0
2022-05-17 11:32:00,1850,1850,1880,1880,0
2022-05-17 11:33:00,1850,1850,1880,1880,0
2022-05-17 11:34:00,1850,1850,1880,1880,0
2022-05-17 11:35:00,1850,1850,1880,1880,0
2022-05-17 11:36:00,1850,1850,1880,1880,0
2022-05-17 11:37:00,1850,1850,1880,1880,0
2022-05-17 11:38:00,1850,1850,1880,1880,0
2022-05-17 11:39:00,1850,1850,1880,1880,0
2022-05-17 11:40:00,1850,1850,1880,1880,0
2022-05-17 11:41:00,1850,1850,1880,1880,0
2022-05-17 11:42:00,1850,1850,1880,1880,0
2022-05-17 11:43:00,1850,1850,1880,1880,0
2022-05-17 11:44:00,1850,1850,1880,1880,0
2022-05-17 11:45:00,1850,1850,1880,1880,0
2022-05-17 11:46:00,1850,1850,1880,1880,0
2022-05-17 11:47:00,1850,1850,1880,1880,0
2022-05-17 11:48:00,1850,1850,1880,1880,0
2022-05-17 11:49:00,1850,1850,1880,1880,0
2022-05-17 11:50:00,1850,1850,1880,1880,0
2022-05-17 11:51:00,1850,1850,1880,1880,0
2022-05-17 11:52:00,1850,1850,1880,1880,0
2022-05-17 11:53:00,1850,1850,1880,1880,0
2022-05-17 11:54:00,1850,1850,1880,1880,0
2022-05-17 11:55:00,1850,1850,1880,1880,0
2022-05-17 11:56:00,1850,1850,1880,1880,0
2022-05-17 11:57:00,1850,1850,1880,1880,0
2022-05-17 11:58:00,1850,1850,1880,1880,0
2022-05-17 11:59:00,1850,1850,1880,1880,0
2022-05-17 12:00:00,1850,1850,1880,1880,0
2022-05-17 12:01:00,1850,1850,1880,1880,0
2022-05-17 12:02:00,1850,1850,1880,1880,0
2022-05-17 12:03:00,1850,1850,1880,1880,0
2022-05-17 12:04:00,1850,1850,1880,1880,0
2022-05-17 12:05:00,1850,1850,1880,1880,0
2022-05-17 12:06:00,1850,1850,1880,1880,0
2022-05-17 12:07:00,1850,1850,1880,1880,0
2022-05-17 12:08:00,1850,1850,1880,1880,0
2022-05-17 12:09:00,1850,1850,1880,1880,0
2022-05-17 12:10:00,1850,1850,1880,1880,0
2022-05-17 12:11:00,1850,1850,1880,1880,0
2022-05-17 12:12:00,1850,1850,1880,1880,0
2022-05-17 12:13:00,1850,1850,1880,1880,0
2022-05-17 12:14:00,1850,1850,1880,1880,0
2022-05-17 12:15:00,1850,1850,1880,1880,0
2022-05-17 12:16:00,1850,1850,1880,1880,0
2022-05-17 12:17:00,1850,1850,1880,1880,0
2022-05-17 12:18:00,1850,1850,1880,1880,0
2022-05-17 12:19:00,1850,1850,1880,1880,0
2022-05-17 12:20:00,1850,1850,1880,1880,0
2022-05-17 12:21:00,1850,1850,1880,1880,0
2022-05-17 12:22:00,1850,1850,1880,1880,0
2022-05-17 12:23:00,1850,1850,1880,1880,0
2022-05-17 12:24:00,1850,1850,1880,1880,0
2022-05-17 12:25:00,1850,1850,1880,1880,0
2022-05-17 12:26:00,1850,1850,1880,1880,0
2022-05-17 12:27:00,1850,1850,1880,1880,0
2022-05-17 12:28:00,1850,1850,1880,1880,0
2022-05-17 12:29:00,1850,1850,1880,1880,0
2022-05-17 12:30:00,1850,1850,1880,1880,0
2022-05-17 12:31:00,1850,1850,1880,1880,0
2022-05-17 12:32:00,1850,1850,1880,1880,0
2022-05-17 12:33:00,1850,1850,1880,1880,0
2022-05-17 12:34:00,1850,1850,1880,1880,0
2022-05-17 12:35:00,1850,1850,1880,1880,0
2022-05-17 12:36:00,1850,1850,1880,1880,0
2022-05-17 12:37:00,1850,1850,1880,1880,0
2022-05-17 12:38:00,1850,1850,1880,1880,0
2022-05-17 12:39:00,1850,1850,1880,1880,0
2022-05-17 12:40:00,1850,1850,1880,1880,0
2022-05-17 12:41:00,1850,1850,1880,1880,0
2022-05-17 12:42:00,1850,1850,1880,1880,0
2022-05-17 12:43:00,1850,1850,1880,1880,0
2022-05-17 12:44:00,1850,1850,1880,1880,0
2022-05-17 12:45:00,1850,1850,1880,1880,0
2022-05-17 12:46:00,1850,1850,1880,1880,0
2022-05-17 12:47:00,1850,1850,1880,1880,0
2022-05-17 12:48:00,1850,1850,1880,1880,0
2022-05-17 12:49:00,1850,1850,1880,1880,0
2022-05-17 12:50:00,1850,1850,1880,1880,0
2022-05-17 12:51:00,1850,1850,1880,1880,0
2022-05-17 12:52:00,1850,1850,1880,1880,0
2022-05-17 12:53:00,1850,1850,1880,1880,0
2022-05-17 12:54:00,1850,1850,1880,1880,0
2022-05-17 12:55:00,1850,1850,1880,1880,0
2022-05-17 12:56:00,1850,1850,1880,1880,0
2022-05-17 12:57:00,1850,1850,1880,1880,0
2022-05-17 12:58:00,1850,1850,1880,1880,0
2022-05-17 12:59:00,1850,1850,1880,1880,0
2022-05-17 13:00:00,1850,1850,1880,1880,0
2022-05-17 13:01:00,1850,1850,1880,1880,0
2022-05-17 13:02:00,1850,1850,1880,1880,0
2022-05-17 13:03:00,1850,1850,1880,1880,0
2022-05-17 13:04:00,1850,1850,1880,1880,0
2022-05-17 13:05:00,1850,1850,1880,1880,0
2022-05-17 13:06:00,1850,1850,1880,1880,0
2022-05-17 13:07:00,1850,1850,1880,1880,0
2022-05-17 13:08:00,1850,1850,1880,1880,0
2022-05-17 13:09:00,1850,1850,1880,1880,0
2022-05-17 13:10:00,1850,1850,1880,1880,0
2022-05-17 13:11:00,1850,1850,1880,1880,0
2022-05-17 13:12:00,1850,1850,1880,1880,0
2022-05-17 13:13:00,1850,1850,1880,1880,0
2022-05-17 13:14:00,1850,1850,1880,1880,0
2022-05-17 13:15:00,1850,1850,1880,1880,0
2022-05-17 13:16:00,1850,1850,1880,1880,0
2022-05-17 13:17:00,1850,1850,1880,1880,0
2022-05-17 13:18:00,1850,1850,1880,1880,0
2022-05-17 13:19:00,1850,1850,1880,1880,0
2022-05-17 13:20:00,1850,1850,1880,1880,0
2022-05-17 13:21:00,1850,1850,1880,1880,0
2022-05-17 13:22:00,1850,1850,1880,1880,0
2022-05-17 13:23:00,1850,1850,1880,1880,0
2022-05-17 13:24:00,1850,1850,1880,1880,0
2022-05-17 13:25:00,1850,1850,1880,1880,0
2022-05-17 13:26:00,1850,1850,1880,1880,0
2022-05-17 13:27:00,1850,1850,1880,1880,0
2022-05-17 13:28:00,1850,1850,1880,1880,0
2022-05-17 13:29:00,1850,1850,1880,1880,0
2022-05-17 13:30:00,1850,1850,1880,1880,0
2022-05-17 13:31:00,1850,1850,1880,1880,0
2022-05-17 13:32:00,1850,1850,1880,1880,0
2022-05-17 13:33:00,1850,1850,1880,1880,0
2022-05-17 13:34:00,1850,1850,1880,1880,0
2022-05-17 13:35:00,1850,1850,1880,1880,0
2022-05-17 13:36:00,1850,1850,1880,1880,0
2022-05-17 13:37:00,1850,1850,1880,1880,0
2022-05-17 13:38:00,1850,1850,1880,1880,0
2022-05-17 13:39:00,1850,1850,1880,1880,0
2022-05-17 13:40:00,1850,1850,1880,1880,0
2022-05-17 13:41:00,1850,1850,1880,1880,0
2022-05-17 13:42:00,1850,1850,1880,1880,0
2022-05-17 13:43:00,1850,1850,1880,1880,0
2022-05-17 13:44:00,1850,1850,1880,1880,0
2022-05-17 13:45:00,1850,1850,1880,1880,0
2022-05-17 13:46:00,1850,1850,1880,1880,0
2022-05-17 13:47:00,1850,1850,1880,1880,0
2022-05-17 13:48:00,1850,1850,1880,1880,0
2022-05-17 13:49:00,1850,1850,1880,1880,0
2022-05-17 13:50:00,1850,1850,1880,1880,0
2022-05-17 13:51:00,1850,1850,1880,1880,0
2022-05-17 13:52:00,1850,1850,1880,1880,0
2022-05-17 13:53:00,1850,1850,1880,1880,0
2022-05-17 13:54:00,1850,1850,1880,1880,0
2022-05-17 13:55:00,1850,1850,1880,1880,0
2022-05-17 13:56:00,1850,1850,1880,1880,0
2022-05-17 13:57:00,1850,1850,1880,1880,0
2022-05-17 13:58:00,1850,1850,1880,1880,0
2022-05-17 13:59:00,1850,1850,1880,1880,0
2022-05-17 14:00:00,1850,1850,1880,1880,0
2022-05-17 14:01:00,1850,1850,1880,1880,0
2022-05-17 14:02:00,1850,1850,1880,1880,0
2022-05-17 14:03:00,1850,1850,1880,1880,0
2022-05-17 14:04:00,1850,1850,1880,1880,0
2022-05-17 14:05:00,1850,1850,1880,1880,0
2022-05-17 14:06:00,1850,1850,1880,1880,0
2022-05-17 14:07:00,1850,1850,1880,1880,0
2022-05-17 14:08:00,1850,1850,1880,1880,0
2022-05-17 14:09:00,1850,1850,1880,1880,0
2022-05-17 14:10:00,1850,1850,1880,1880,0
2022-05-17 14:11:00,1850,1850,1880,1880,0
2022-05-17 14:12:00,1850,1850,1880,1880,0
2022-05-17 14:13:00,1850,1850,1880,1880,0
2022-05-17 14:14:00,1850,1850,1880,1880,0
2022-05-17 14:15:00,1850,1850,1880,1880,0
2022-05-17 14:16:00,1850,1850,1880,1880,0
2022-05-17 14:17:00,1850,1850,1880,1880,0
2022-05-17 14:18:00,1850,1850,1880,1880,0
2022-05-17 14:19:00,1850,1850,1880,1880,0
2022-05-17 14:20:00,1850,1850,1880,1880,0
2022-05-17 14:21:00,1850,1850,1880,1880,0
2022-05-17 14:22:00,1850,1850,1880,1880,0
2022-05-17 14:23:00,1850,1850,1880,1880,0
2022-05-17 14:24:00,1850,1850,1880,1880,0
2022-05-17 14:25:00,1850,1850,1880,1880,0
2022-05-17 14:26:00,1850,1850,1880,1880,0
2022-05-17 14:27:00,1850,1850,1880,1880,0
2022-05-17 14:28:00,1850,1850,1880,1880,0
2022-05-17 14:29:00,1850,1850,1880,1880,0
2022-05-17 14:30:00,1850,1850,1880,1880,0
2022-05-17 14:31:00,1850,1850,1880,1880,0
2022-05-17 14:32:00,1850,1850,1880,1880,0
2022-05-17 14:33:00,1850,1850,1880,1880,0
2022-05-17 14:34:00,1850,1850,1880,1880,0
2022-05-17 14:35:00,1850,1850,1880,1880,0
2022-05-17 14:36:00,1850,1850,1880,1880,0
2022-05-17 14:37:00,1850,1850,1880,1880,0
2022-05-17 14:38:00,1850,1850,1880,1880,0
2022-05-17 14:39:00,1850,1850,1880,1880,0
2022-05-17 14:40:00,1850,1850,1880,1880,0
2022-05-17 14:41:00,1850,1850,1880,1880,0
2022-05-17 14:42:00,1850,1850,1880,1880,0
2022-05-17 14:43:00,1850,1850,1880,1880,0
2022-05-17 14:44:00,1850,1850,1880,1880,0
2022-05-17 14:45:00,1850,1850,1880,1880,0
2022-05-17 14:46:00,1850,1850,1880,1880,0
2022-05-17 14:47:00,1850,1850,1880,1880,0
2022-05-17 14:48:00,1850,1850,1880,1880,0
2022-05-17 14:49:00,1880,1880,1880,1880,0
2022-05-17 14:50:00,1880,1880,1880,1880,0
2022-05-17 14:51:00,1880,1880,1880,1880,0
2022-05-17 14:52:00,1880,1880,1880,1880,0
2022-05-17 14:53:00,1880,1880,1880,1880,0
2022-05-17 14:54:00,1880,1880,1880,1880,0
2022-05-17 14:55:00,1880,1880,1880,1880,0
2022-05-17 14:56:00,1880,1880,1880,1880,0
2022-05-17 14:57:00,1880,1880,1880,1880,0
2022-05-17 14:58:00,1880,1880,1880,1880,0
2022-05-17 14:59:00,1880,1880,1880,1880,0
2022-05-17 15:00:00,1880,1880,1880,1880,0
2022-05-17 15:01:00,1880,1880,1880,1880,0
2022-05-17 15:02:00,1880,1880,1880,1880,0
2022-05-17 15:03:00,1880,1880,1880,1880,0
2022-05-17 15:04:00,1880,1880,1880,1880,0
2022-05-17 15:05:00,1880,1880,1880,1880,0
2022-05-17 15:06:00,1880,1880,1880,1880,0
2022-05-17 15:07:00,1880,1880,1880,1880,0
2022-05-17 15:08:00,1880,1880,1880,1880,0
2022-05-17 15:09:00,1880,1880,1880,1880,0
2022-05-17 15:10:00,1880,1880,1880,1880,0
2022-05-17 15:11:00,1880,1880,1880,1880,0
2022-05-17 15:12:00,1880,1880,1880,1880,0
2022-05-17 15:13:00,1880,1880,1880,1880,0
2022-05-17 15:14:00,1880,1880,1880,1880,0
2022-05-17 15:15:00,1880,1880,1880,1880,0
2022-05-17 15:16:00,1880,1880,1880,1880,0
2022-05-17 15:17:00,1880,1880,1880,1880,0
2022-05-17 15:18:00,1880,1880,1880,1880,0
2022-05-17 15:19:00,1880,1880,1880,1880,0
2022-05-17 15:20:00,1880,1880,1880,1880,0
2022-05-17 15:21:00,1880,1880,1880,1880,0
2022-05-17 15:22:00,1880,1880,1880,1880,0
2022-05-17 15:23:00,1880,1880,1880,1880,0
2022-05-17 15:24:00,1880,1880,1880,1880,0
2022-05-17 15:25:00,1880,1880,1880,1880,0
2022-05-17 15:26:00,1880,1880,1880,1880,0
2022-05-17 15:27:00,1880,1880,1880,1880,0
2022-05-17 15:28:00,1880,1880,1880,1880,0
2022-05-17 15:29:00,1880,1880,1880,1880,0
2022-05-17 15:30:00,1880,1880,1880,1880,0
2022-05-17 15:31:00,1880,1880,1880,1880,0
2022-05-17 15:32:00,1880,1880,1880,1880,0
2022-05-17 15:33:00,1880,1880,1880,1880,0
2022-05-17 15:34:00,1880,1880,1880,1880,0
2022-05-17 15:35:00,1880,1880,1880,1880,0
2022-05-17 15:36:00,1880,1880,1880,1880,0
2022-05-17 15:37:00,1880,1880,1880,1880,0
2022-05-17 15:38:00,1880,1880,1880,1880,0
2022-05-17 15:39:00,1880,1880,1880,1880,0
2022-05-17 15:40:00,1880,1880,1880,1880,0
2022-05-17 15:41:00,1880,1880,1880,1880,0
2022-05-17 15:42:00,1880,1880,1880,1880,0
2022-05-17 15:43:00,1880,1880,1880,1880,0
2022-05-17 15:44:00,1880,1880,1880,1880,0
2022-05-17 15:45:00,1880,1880,1880,1880,0
2022-05-17 15:46:00,1880,1880,1880,1880,0
2022-05-17 15:47:00,1880,1880,1880,1880,0
2022-05-17 15:48:00,1880,1880,1880,1880,0
2022-05-17 15:49:00,1880,1880,1880,1880,0
2022-05-17 15:50:00,1880,1880,1880,1880,0
2022-05-17 15:51:00,1880,1880,1880,1880,0
2022-05-17 15:52:00,1880,1880,1880,1880,0
2022-05-17 15:53:00,1880,1880,1880,1880,0
2022-05-17 15:54:00,1880,1880,1880,1880,0
2022-05-17 15:55:00,1880,1880,1880,1880,0
2022-05-17 15:56:00,1880,1880,1880,1880,0
2022-05-17 15:57:00,1880,1880,1880,1880,0
2022-05-17 15:58:00,1880,1880,1880,1880,0
2022-05-17 15:59:00,1880,1880,1880,1880,0
2022-05-18 09:00:00,1880,1880,1880,1880,0
2022-05-18 09:01:00,1880,1880,1880,1880,0
2022-05-18 09:02:00,1880,1880,1880,1880,0
2022-05-18 09:03:00,1880,1880,1880,1880,0
2022-05-18 09:04:00,1880,1880,1880,1880,0
2022-05-18 09:05:00,1880,1880,1880,1880,0
2022-05-18 09:06:00,1880,1880,1880,1880,0
2022-05-18 09:07:00,1880,1880,1880,1880,0
2022-05-18 09:08:00,1880,1880,1880,1880,0
2022-05-18 09:09:00,1880,1880,1880,1880,0
2022-05-18 09:10:00,1880,1880,1880,1880,0
2022-05-18 09:11:00,1880,1880,1880,1880,0
2022-05-18 09:12:00,1880,1880,1880,1880,0
2022-05-18 09:13:00,1880,1880,1880,1880,0
2022-05-18 09:14:00,1880,1880,1880,1880,0
2022-05-18 09:15:00,1880,1880,1880,1880,0
2022-05-18 09:16:00,1880,1880,1880,1880,0
2022-05-18 09:17:00,1880,1880,1880,1880,0
2022-05-18 09:18:00,1880,1880,1880,1880,0
2022-05-18 09:19:00,1880,1880,1880,1880,0
2022-05-18 09:20:00,1880,1880,1880,1880,0
2022-05-18 09:21:00,1880,1880,1880,1880,0
2022-05-18 09:22:00,1880,1880,1880,1880,0
2022-05-18 09:23:00,1880,1880,1880,1880,0
2022-05-18 09:24:00,1880,1880,1880,1880,0
2022-05-18 09:25:00,1880,1880,1880,1880,0
2022-05-18 09:26:00,1880,1880,1880,1880,0
2022-05-18 09:27:00,1880,1880,1880,1880,0
2022-05-18 09:28:00,1880,1880,1880,1880,0
2022-05-18 09:29:00,1880,1880,1880,1880,0
2022-05-18 09:30:00,1880,1880,1880,1880,0
2022-05-18 09:31:00,1880,1880,1880,1880,0
2022-05-18 09:32:00,1880,1880,1880,1880,0
2022-05-18 09:33:00,1880,1880,1880,1880,0
2022-05-18 09:34:00,1880,1880,1880,1880,0
2022-05-18 09:35:00,1880,1880,1880,1880,0
2022-05-18 09:36:00,1880,1880,1880,1880,0
2022-05-18 09:37:00,1880,1880,1880,1880,0
2022-05-18 09:38:00,1880,1880,1880,1880,0
2022-05-18 09:39:00,1880,1880,1880,1880,0
2022-05-18 09:40:00,1880,1880,1880,1880,0
2022-05-18 09:41:00,1880,1880,1880,1880,0
2022-05-18 09:42:00,1880,1880,1880,1880,0
2022-05-18 09:43:00,1880,1880,1880,1880,0
2022-05-18 09:44:00,1880,1880,1880,1880,0
2022-05-18 09:45:00,1880,1880,1880,1880,0
2022-05-18 09:46:00,1880,1880,1880,1880,0
2022-05-18 09:47:00,1880,1880,1880,1880,0
2022-05-18 09:48:00,1880,1880,1880,1880,0
2022-05-18 09:49:00,1880,1880,1880,1880,0
2022-05-18 09:50:00,1880,1880,1880,1880,0
2022-05-18 09:51:00,1880,1880,1880,1880,0
2022-05-18 09:52:00,1880,1880,1880,1880,0
2022-05-18 09:53:00,1880,1880,1880,1880,0
2022-05-18 09:54:00,1880,1880,1880,1880,0
2022-05-18 09:55:00,1880,1880,1880,1880,0
2022-05-18 09:56:00,1880,1880,1880,1880,0
2022-05-18 09:57:00,1875,1875,1875,1875,0
2022-05-18 09:58:00,1875,1875,1875,1875,0
2022-05-18 09:59:00,1875,1875,1875,1875,0
2022-05-18 10:00:00,1875,1875,1875,1875,0
2022-05-18 10:01:00,1875,1875,1875,1875,0
2022-05-18 10:02:00,1875,1875,1875,1875,0
2022-05-18 10:03:00,1875,1875,1875,1875,0
2022-05-18 10:04:00,1875,1875,1875,1875,0
2022-05-18 10:05:00,1875,1875,1875,1875,0
2022-05-18 10:06:00,1875,1875,1875,1875,0
2022-05-18 10:07:00,1875,1875,1875,1875,0
2022-05-18 10:08:00,1875,1875,1875,1875,0
2022-05-18 10:09:00,1875,1875,1875,1875,0
2022-05-18 10:10:00,1875,1875,1875,1875,0
2022-05-18 10:11:00,1875,1875,1875,1875,0
2022-05-18 10:12:00,1875,1875,1875,1875,0
2022-05-18 10:13:00,1875,1875,1875,1875,0
2022-05-18 10:14:00,1875,1875,1875,1875,0
2022-05-18 10:15:00,1875,1875,1875,1875,0
2022-05-18 10:16:00,1875,1875,1875,1875,0
2022-05-18 10:17:00,1875,1875,1875,1875,0
2022-05-18 10:18:00,1875,1875,1875,1875,0
2022-05-18 10:19:00,1875,1875,1875,1875,0
2022-05-18 10:20:00,1875,1875,1875,1875,0
2022-05-18 10:21:00,1875,1875,1875,1875,0
2022-05-18 10:22:00,1875,1875,1875,1875,0
2022-05-18 10:23:00,1875,1875,1875,1875,0
2022-05-18 10:24:00,1875,1875,1875,1875,0
2022-05-18 10:25:00,1875,1875,1875,1875,0
2022-05-18 10:26:00,1875,1875,1875,1875,0
2022-05-18 10:27:00,1875,1875,1875,1875,0
2022-05-18 10:28:00,1875,1875,1875,1875,0
2022-05-18 10:29:00,1875,1875,1875,1875,0
2022-05-18 10:30:00,1875,1875,1875,1875,0
2022-05-18 10:31:00,1875,1875,1875,1875,0
2022-05-18 10:32:00,1875,1875,1875,1875,0
2022-05-18 10:33:00,1875,1875,1875,1875,0
2022-05-18 10:34:00,1875,1875,1875,1875,0
2022-05-18 10:35:00,1875,1875,1875,1875,0
2022-05-18 10:36:00,1875,1875,1875,1875,0
2022-05-18 10:37:00,1875,1875,1875,1875,0
2022-05-18 10:38:00,1875,1875,1875,1875,0
2022-05-18 10:39:00,1875,1875,1875,1875,0
2022-05-18 10:40:00,1875,1875,1875,1875,0
2022-05-18 10:41:00,1875,1875,1875,1875,0
2022-05-18 10:42:00,1875,1875,1875,1875,0
2022-05-18 10:43:00,1875,1875,1875,1875,0
2022-05-18 10:44:00,1875,1875,1875,1875,0
2022-05-18 10:45:00,1875,1875,1875,1875,0
2022-05-18 10:46:00,1875,1875,1875,1875,0
2022-05-18 10:47:00,1875,1875,1875,1875,0
2022-05-18 10:48:00,1875,1875,1875,1875,0
2022-05-18 10:49:00,1875,1875,1875,1875,0
2022-05-18 10:50:00,1875,1875,1875,1875,0
2022-05-18 10:51:00,1875,1875,1875,1875,0
2022-05-18 10:52:00,1875,1875,1875,1875,0
2022-05-18 10:53:00,1875,1875,1875,1875,0
2022-05-18 10:54:00,1875,1875,1875,1875,0
2022-05-18 10:55:00,1875,1875,1875,1875,0
2022-05-18 10:56:00,1875,1875,1875,1875,0
2022-05-18 10:57:00,1875,1875,1875,1875,0
2022-05-18 10:58:00,1875,1875,1875,1875,0
2022-05-18 10:59:00,1875,1875,1875,1875,0
2022-05-18 11:00:00,1875,1875,1875,1875,0
2022-05-18 11:01:00,1875,1875,1875,1875,0
2022-05-18 11:02:00,1875,1875,1875,1875,0
2022-05-18 11:03:00,1875,1875,1875,1875,0
2022-05-18 11:04:00,1875,1875,1875,1875,0
2022-05-18 11:05:00,1875,1875,1875,1875,0
2022-05-18 11:06:00,1875,1875,1875,1875,0
2022-05-18 11:07:00,1875,1875,1875,1875,0
2022-05-18 11:08:00,1875,1875,1875,1875,0
2022-05-18 11:09:00,1875,1875,1875,1875,0
2022-05-18 11:10:00,1875,1875,1875,1875,0
2022-05-18 11:11:00,1875,1875,1875,1875,0
2022-05-18 11:12:00,1875,1875,1875,1875,0
2022-05-18 11:13:00,1875,1875,1875,1875,0
2022-05-18 11:14:00,1875,1875,1875,1875,0
2022-05-18 11:15:00,1875,1875,1875,1875,0
2022-05-18 11:16:00,1875,1875,1875,1875,0
2022-05-18 11:17:00,1875,1875,1875,1875,0
2022-05-18 11:18:00,1875,1875,1875,1875,0
2022-05-18 11:19:00,1875,1875,1875,1875,0
2022-05-18 11:20:00,1875,1875,1875,1875,0
2022-05-18 11:21:00,1875,1875,1875,1875,0
2022-05-18 11:22:00,1875,1875,1875,1875,0
2022-05-18 11:23:00,1875,1875,1875,1875,0
2022-05-18 11:24:00,1875,1875,1875,1875,0
2022-05-18 11:25:00,1875,1875,1875,1875,0
2022-05-18 11:26:00,1875,1875,1875,1875,0
2022-05-18 11:27:00,1875,1875,1875,1875,0
2022-05-18 11:28:00,1875,1875,1875,1875,0
2022-05-18 11:29:00,1875,1875,1875,1875,0
2022-05-18 11:30:00,1875,1875,1875,1875,0
2022-05-18 11:31:00,1875,1875,1875,1875,0
2022-05-18 11:32:00,1875,1875,1875,1875,0
2022-05-18 11:33:00,1875,1875,1875,1875,0
2022-05-18 11:34:00,1875,1875,1875,1875,0
2022-05-18 11:35:00,1875,1875,1875,1875,0
2022-05-18 11:36:00,1875,1875,1875,1875,0
2022-05-18 11:37:00,1875,1875,1875,1875,0
2022-05-18 11:38:00,1875,1875,1875,1875,0
2022-05-18 11:39:00,1875,1875,1875,1875,0
2022-05-18 11:40:00,1875,1875,1875,1875,0
2022-05-18 11:41:00,1875,1875,1875,1875,0
2022-05-18 11:42:00,1875,1875,1875,1875,0
2022-05-18 11:43:00,1875,1875,1875,1875,0
2022-05-18 11:44:00,1875,1875,1875,1875,0
2022-05-18 11:45:00,1875,1875,1875,1875,0
2022-05-18 11:46:00,1875,1875,1875,1875,0
2022-05-18 11:47:00,1875,1875,1875,1875,0
2022-05-18 11:48:00,1875,1875,1875,1875,0
2022-05-18 11:49:00,1875,1875,1875,1875,0
2022-05-18 11:50:00,1875,1875,1875,1875,0
2022-05-18 11:51:00,1875,1875,1875,1875,0
2022-05-18 11:52:00,1875,1875,1875,1875,0
2022-05-18 11:53:00,1875,1875,1875,1875,0
2022-05-18 11:54:00,1875,1875,1875,1875,0
2022-05-18 11:55:00,1875,1875,1875,1875,0
2022-05-18 11:56:00,1875,1875,1875,1875,0
2022-05-18 11:57:00,1875,1875,1875,1875,0
2022-05-18 11:58:00,1875,1875,1875,1875,0
2022-05-18 11:59:00,1875,1875,1875,1875,0
2022-05-18 12:00:00,1875,1875,1875,1875,0
2022-05-18 12:01:00,1875,1875,1875,1875,0
2022-05-18 12:02:00,1875,1875,1875,1875,0
2022-05-18 12:03:00,1875,1875,1875,1875,0
2022-05-18 12:04:00,1875,1875,1875,1875,0
2022-05-18 12:05:00,1875,1875,1875,1875,0
2022-05-18 12:06:00,1875,1875,1875,1875,0
2022-05-18 12:07:00,1875,1875,1875,1875,0
2022-05-18 12:08:00,1875,1875,1875,1875,0
2022-05-18 12:09:00,1875,1875,1875,1875,0
2022-05-18 12:10:00,1875,1875,1875,1875,0
2022-05-18 12:11:00,1875,1875,1875,1875,0
2022-05-18 12:12:00,1875,1875,1875,1875,0
2022-05-18 12:13:00,1875,1875,1875,1875,0
2022-05-18 12:14:00,1875,1875,1875,1875,0
2022-05-18 12:15:00,1875,1875,1875,1875,0
2022-05-18 12:16:00,1875,1875,1875,1875,0
2022-05-18 12:17:00,1875,1875,1875,1875,0
2022-05-18 12:18:00,1875,1875,1875,1875,0
2022-05-18 12:19:00,1875,1875,1875,1875,0
2022-05-18 12:20:00,1875,1875,1875,1875,0
2022-05-18 12:21:00,1875,1875,1875,1875,0
2022-05-18 12:22:00,1875,1875,1875,1875,0
2022-05-18 12:23:00,1875,1875,1875,1875,0
2022-05-18 12:24:00,1875,1875,1875,1875,0
2022-05-18 12:25:00,1875,1875,1875,1875,0
2022-05-18 12:26:00,1875,1875,1875,1875,0
2022-05-18 12:27:00,1875,1875,1875,1875,0
2022-05-18 12:28:00,1875,1875,1875,1875,0
2022-05-18 12:29:00,1875,1875,1875,1875,0
2022-05-18 12:30:00,1875,1875,1875,1875,0
2022-05-18 12:31:00,1875,1875,1875,1875,0
2022-05-18 12:32:00,1875,1875,1875,1875,0
2022-05-18 12:33:00,1875,1875,1875,1875,0
2022-05-18 12:34:00,1875,1875,1875,1875,0
2022-05-18 12:35:00,1875,1875,1875,1875,0
2022-05-18 12:36:00,1875,1875,1875,1875,0
2022-05-18 12:37:00,1875,1875,1875,1875,0
2022-05-18 12:38:00,1875,1875,1875,1875,0
2022-05-18 12:39:00,1875,1875,1875,1875,0
2022-05-18 12:40:00,1875,1875,1875,1875,0
2022-05-18 12:41:00,1875,1875,1875,1875,0
2022-05-18 12:42:00,1875,1875,1875,1875,0
2022-05-18 12:43:00,1875,1875,1875,1875,0
2022-05-18 12:44:00,1875,1875,1875,1875,0
2022-05-18 12:45:00,1875,1875,1875,1875,0
2022-05-18 12:46:00,1875,1875,1875,1875,0
2022-05-18 12:47:00,1875,1875,1875,1875,0
2022-05-18 12:48:00,1875,1875,1875,1875,0
2022-05-18 12:49:00,1875,1875,1875,1875,0
2022-05-18 12:50:00,1875,1875,1875,1875,0
2022-05-18 12:51:00,1875,1875,1875,1875,0
2022-05-18 12:52:00,1875,1875,1875,1875,0
2022-05-18 12:53:00,1875,1875,1875,1875,0
2022-05-18 12:54:00,1875,1875,1875,1875,0
2022-05-18 12:55:00,1875,1875,1875,1875,0
2022-05-18 12:56:00,1875,1875,1875,1875,0
2022-05-18 12:57:00,1875,1875,1875,1875,0
2022-05-18 12:58:00,1875,1875,1875,1875,0
2022-05-18 12:59:00,1875,1875,1875,1875,0
2022-05-18 13:00:00,1875,1875,1875,1875,0
2022-05-18 13:01:00,1875,1875,1875,1875,0
2022-05-18 13:02:00,1875,1875,1875,1875,0
2022-05-18 13:03:00,1875,1875,1875,1875,0
2022-05-18 13:04:00,1875,1875,1875,1875,0
2022-05-18 13:05:00,1875,1875,1875,1875,0
2022-05-18 13:06:00,1875,1875,1875,1875,0
2022-05-18 13:07:00,1875,1875,1875,1875,0
2022-05-18 13:08:00,1875,1875,1875,1875,0
2022-05-18 13:09:00,1875,1875,1875,1875,0
2022-05-18 13:10:00,1875,1875,1875,1875,0
2022-05-18 13:11:00,1875,1875,1875,1875,0
2022-05-18 13:12:00,1875,1875,1875,1875,0
2022-05-18 13:13:00,1875,1875,1875,1875,0
2022-05-18 13:14:00,1875,1875,1875,1875,0
2022-05-18 13:15:00,1875,1875,1875,1875,0
2022-05-18 13:16:00,1875,1875,1875,1875,0
2022-05-18 13:17:00,1875,1875,1875,1875,0
2022-05-18 13:18:00,1875,1875,1875,1875,0
2022-05-18 13:19:00,1875,1875,1875,1875,0
2022-05-18 13:20:00,1875,1875,1875,1875,0
2022-05-18 13:21:00,1875,1875,1875,1875,0
2022-05-18 13:22:00,1875,1875,1875,1875,0
2022-05-18 13:23:00,1875,1875,1875,1875,0
2022-05-18 13:24:00,1875,1875,1875,1875,0
2022-05-18 13:25:00,1875,1875,1875,1875,0
2022-05-18 13:26:00,1875,1875,1875,1875,0
2022-05-18 13:27:00,1875,1875,1875,1875,0
2022-05-18 13:28:00,1875,1875,1875,1875,0
2022-05-18 13:29:00,1875,1875,1875,1875,0
2022-05-18 13:30:00,1875,1875,1875,1875,0
2022-05-18 13:31:00,1875,1875,1875,1875,0
2022-05-18 13:32:00,1875,1875,1875,1875,0
2022-05-18 13:33:00,1875,1875,1875,1875,0
2022-05-18 13:34:00,1875,1875,1875,1875,0
2022-05-18 13:35:00,1875,1875,1875,1875,0
2022-05-18 13:36:00,1875,1875,1875,1875,0
2022-05-18 13:37:00,1875,1875,1875,1875,0
2022-05-18 13:38:00,1875,1875,1875,1875,0
2022-05-18 13:39:00,1875,1875,1875,1875,0
2022-05-18 13:40:00,1875,1875,1875,1875,0
2022-05-18 13:41:00,1875,1875,1875,1875,0
2022-05-18 13:42:00,1875,1875,1875,1875,0
2022-05-18 13:43:00,1875,1875,1875,1875,0
2022-05-18 13:44:00,1875,1875,1875,1875,0
2022-05-18 13:45:00,1875,1875,1875,1875,0
2022-05-18 13:46:00,1875,1875,1875,1875,0
2022-05-18 13:47:00,1875,1875,1875,1875,0
2022-05-18 13:48:00,1875,1875,1875,1875,0
2022-05-18 13:49:00,1875,1875,1875,1875,0
2022-05-18 13:50:00,1875,1875,1875,1875,0
2022-05-18 13:51:00,1875,1875,1875,1875,0
2022-05-18 13:52:00,1875,1875,1875,1875,0
2022-05-18 13:53:00,1875,1875,1875,1875,0
2022-05-18 13:54:00,1875,1875,1875,1875,0
2022-05-18 13:55:00,1875,1875,1875,1875,0
2022-05-18 13:56:00,1875,1875,1875,1875,0
2022-05-18 13:57:00,1875,1875,1875,1875,0
2022-05-18 13:58:00,1875,1875,1875,1875,0
2022-05-18 13:59:00,1875,1875,1875,1875,0
2022-05-18 14:00:00,1875,1875,1875,1875,0
2022-05-18 14:01:00,1875,1875,1875,1875,0
2022-05-18 14:02:00,1875,1875,1875,1875,0
2022-05-18 14:03:00,1875,1875,1875,1875,0
2022-05-18 14:04:00,1875,1875,1875,1875,0
2022-05-18 14:05:00,1875,1875,1875,1875,0
2022-05-18 14:06:00,1875,1875,1875,1875,0
2022-05-18 14:07:00,1875,1875,1875,1875,0
2022-05-18 14:08:00,1875,1875,1875,1875,0
2022-05-18 14:09:00,1875,1875,1875,1875,0
2022-05-18 14:10:00,1875,1875,1875,1875,0
2022-05-18 14:11:00,1875,1875,1875,1875,0
2022-05-18 14:12:00,1875,1875,1875,1875,0
2022-05-18 14:13:00,1875,1875,1875,1875,0
2022-05-18 14:14:00,1875,1875,1875,1875,0
2022-05-18 14:15:00,1875,1875,1875,1875,0
2022-05-18 14:16:00,1875,1875,1875,1875,0
2022-05-18 14:17:00,1875,1875,1875,1875,0
2022-05-18 14:18:00,1875,1875,1875,1875,0
2022-05-18 14:19:00,1875,1875,1875,1875,0
2022-05-18 14:20:00,1875,1875,1875,1875,0
2022-05-18 14:21:00,1875,1875,1875,1875,0
2022-05-18 14:22:00,1875,1875,1875,1875,0
2022-05-18 14:23:00,1875,1875,1875,1875,0
2022-05-18 14:24:00,1875,1875,1875,1875,0
2022-05-18 14:25:00,1875,1875,1875,1875,0
2022-05-18 14:26:00,1875,1875,1875,1875,0
2022-05-18 14:27:00,1875,1875,1875,1875,0
2022-05-18 14:28:00,1875,1875,1875,1875,0
2022-05-18 14:29:00,1875,1875,1875,1875,0
2022-05-18 14:30:00,1875,1875,1875,1875,0
2022-05-18 14:31:00,1875,1875,1875,1875,0
2022-05-18 14:32:00,1875,1875,1875,1875,0
2022-05-18 14:33:00,1875,1875,1875,1875,0
2022-05-18 14:34:00,1875,1875,1875,1875,0
2022-05-18 14:35:00,1875,1875,1875,1875,0
2022-05-18 14:36:00,1875,1875,1875,1875,0
2022-05-18 14:37:00,1875,1875,1875,1875,0
2022-05-18 14:38:00,1875,1875,1875,1875,0
2022-05-18 14:39:00,1875,1875,1875,1875,0
2022-05-18 14:40:00,1875,1875,1875,1875,0
2022-05-18 14:41:00,1875,1875,1875,1875,0
2022-05-18 14:42:00,1875,1875,1875,1875,0
2022-05-18 14:43:00,1875,1875,1875,1875,0
2022-05-18 14:44:00,1875,1875,1875,1875,0
2022-05-18 14:45:00,1875,1875,1875,1875,0
2022-05-18 14:46:00,1875,1875,1875,1875,0
2022-05-18 14:47:00,1875,1875,1875,1875,0
2022-05-18 14:48:00,1875,1875,1875,1875,0
2022-05-18 14:49:00,1875,1875,1875,1875,0
2022-05-18 14:50:00,1875,1875,1875,1875,0
2022-05-18 14:51:00,1875,1875,1875,1875,0
2022-05-18 14:52:00,1875,1875,1875,1875,0
2022-05-18 14:53:00,1875,1875,1875,1875,0
2022-05-18 14:54:00,1875,1875,1875,1875,0
2022-05-18 14:55:00,1875,1875,1875,1875,0
2022-05-18 14:56:00,1875,1875,1875,1875,0
2022-05-18 14:57:00,1875,1875,1875,1875,0
2022-05-18 14:58:00,1875,1875,1875,1875,0
2022-05-18 14:59:00,1875,1875,1875,1875,0
2022-05-18 15:00:00,1875,1875,1875,1875,0
2022-05-18 15:01:00,1875,1875,1875,1875,0
2022-05-18 15:02:00,1875,1875,1875,1875,0
2022-05-18 15:03:00,1875,1875,1875,1875,0
2022-05-18 15:04:00,1875,1875,1875,1875,0
2022-05-18 15:05:00,1875,1875,1875,1875,0
2022-05-18 15:06:00,1875,1875,1875,1875,0
2022-05-18 15:07:00,1875,1875,1875,1875,0
2022-05-18 15:08:00,1875,1875,1875,1875,0
2022-05-18 15:09:00,1875,1875,1875,1875,0
2022-05-18 15:10:00,1875,1875,1875,1875,0
2022-05-18 15:11:00,1875,1875,1875,1875,0
2022-05-18 15:12:00,1875,1875,1875,1875,0
2022-05-18 15:13:00,1875,1875,1875,1875,0
2022-05-18 15:14:00,1875,1875,1875,1875,0
2022-05-18 15:15:00,1875,1875,1875,1875,0
2022-05-18 15:16:00,1875,1875,1875,1875,0
2022-05-18 15:17:00,1875,1875,1875,1875,0
2022-05-18 15:18:00,1875,1875,1875,1875,0
2022-05-18 15:19:00,1875,1875,1875,1875,0
2022-05-18 15:20:00,1875,1875,1875,1875,0
2022-05-18 15:21:00,1875,1875,1875,1875,0
2022-05-18 15:22:00,1875,1875,1875,1875,0
2022-05-18 15:23:00,1875,1875,1875,1875,0
2022-05-18 15:24:00,1875,1875,1875,1875,0
2022-05-18 15:25:00,1875,1875,1875,1875,0
2022-05-18 15:26:00,1875,1875,1875,1875,0
2022-05-18 15:27:00,1875,1875,1875,1875,0
2022-05-18 15:28:00,1875,1875,1875,1875,0
2022-05-18 15:29:00,1875,1875,1875,1875,0
2022-05-18 15:30:00,1875,1875,1875,1875,0
2022-05-18 15:31:00,1875,1875,1875,1875,0
2022-05-18 15:32:00,1875,1875,1875,1875,0
2022-05-18 15:33:00,1875,1875,1875,1875,0
2022-05-18 15:34:00,1875,1875,1875,1875,0
2022-05-18 15:35:00,1875,1875,1875,1875,0
2022-05-18 15:36:00,1875,1875,1875,1875,0
2022-05-18 15:37:00,1875,1875,1875,1875,0
2022-05-18 15:38:00,1875,1875,1875,1875,0
2022-05-18 15:39:00,1875,1875,1875,1875,0
2022-05-18 15:40:00,1875,1875,1875,1875,0
2022-05-18 15:41:00,1875,1875,1875,1875,0
2022-05-18 15:42:00,1875,1875,1875,1875,0
2022-05-18 15:43:00,1875,1875,1875,1875,0
2022-05-18 15:44:00,1875,1875,1875,1875,0
2022-05-18 15:45:00,1875,1875,1875,1875,0
2022-05-18 15:46:00,1875,1875,1875,1875,0
2022-05-18 15:47:00,1875,1875,1875,1875,0
2022-05-18 15:48:00,1875,1875,1875,1875,0
2022-05-18 15:49:00,1875,1875,1875,1875,0
2022-05-18 15:50:00,1875,1875,1875,1875,0
2022-05-18 15:51:00,1875,1875,1875,1875,0
2022-05-18 15:52:00,1875,1875,1875,1875,0
2022-05-18 15:53:00,1875,1875,1875,1875,0
2022-05-18 15:54:00,1875,1875,1875,1875,0
2022-05-18 15:55:00,1875,1875,1875,1875,0
2022-05-18 15:56:00,1875,1875,1875,1875,0
2022-05-18 15:57:00,1875,1875,1875,1875,0
2022-05-18 15:58:00,1875,1875,1875,1875,0
2022-05-18 15:59:00,1875,1875,1875,1875,0
2022-05-19 09:00:00,1875,1875,1875,1875,0
2022-05-19 09:01:00,1875,1875,1875,1875,0
2022-05-19 09:02:00,1875,1875,1875,1875,0
2022-05-19 09:03:00,1875,1875,1875,1875,0
2022-05-19 09:04:00,1875,1875,1875,1875,0
2022-05-19 09:05:00,1875,1875,1875,1875,0
2022-05-19 09:06:00,1875,1875,1875,1875,0
2022-05-19 09:07:00,1875,1875,1875,1875,0
2022-05-19 09:08:00,1875,1875,1875,1875,0
2022-05-19 09:09:00,1875,1875,1875,1875,0
2022-05-19 09:10:00,1875,1875,1875,1875,0
2022-05-19 09:11:00,1875,1875,1875,1875,0
2022-05-19 09:12:00,1875,1875,1875,1875,0
2022-05-19 09:13:00,1875,1875,1875,1875,0
2022-05-19 09:14:00,1875,1875,1875,1875,0
2022-05-19 09:15:00,1875,1875,1875,1875,0
2022-05-19 09:16:00,1875,1875,1875,1875,0
2022-05-19 09:17:00,1875,1875,1875,1875,0
2022-05-19 09:18:00,1875,1875,1875,1875,0
2022-05-19 09:19:00,1875,1875,1875,1875,0
2022-05-19 09:20:00,1875,1875,1875,1875,0
2022-05-19 09:21:00,1875,1875,1875,1875,0
2022-05-19 09:22:00,1875,1875,1875,1875,0
2022-05-19 09:23:00,1875,1875,1875,1875,0
2022-05-19 09:24:00,1875,1875,1875,1875,0
2022-05-19 09:25:00,1875,1875,1875,1875,0
2022-05-19 09:26:00,1875,1875,1875,1875,0
2022-05-19 09:27:00,1875,1875,1875,1875,0
2022-05-19 09:28:00,1875,1875,1875,1875,0
2022-05-19 09:29:00,1875,1875,1875,1875,0
2022-05-19 09:30:00,1875,1875,1875,1875,0
2022-05-19 09:31:00,1875,1875,1875,1875,0
2022-05-19 09:32:00,1875,1875,1875,1875,0
2022-05-19 09:33:00,1875,1875,1875,1875,0
2022-05-19 09:34:00,1875,1875,1875,1875,0
2022-05-19 09:35:00,1875,1875,1875,1875,0
2022-05-19 09:36:00,1875,1875,1875,1875,0
2022-05-19 09:37:00,1875,1875,1875,1875,0
2022-05-19 09:38:00,1875,1875,1875,1875,0
2022-05-19 09:39:00,1875,1875,1875,1875,0
2022-05-19 09:40:00,1875,1875,1875,1875,0
2022-05-19 09:41:00,1875,1875,1875,1875,0
2022-05-19 09:42:00,1875,1875,1875,1875,0
2022-05-19 09:43:00,1875,1875,1875,1875,0
2022-05-19 09:44:00,1875,1875,1875,1875,0
2022-05-19 09:45:00,1875,1875,1875,1875,0
2022-05-19 09:46:00,1875,1875,1875,1875,0
2022-05-19 09:47:00,1875,1875,1875,1875,0
2022-05-19 09:48:00,1875,1875,1875,1875,0
2022-05-19 09:49:00,1875,1875,1875,1875,0
2022-05-19 09:50:00,1875,1875,1875,1875,0
2022-05-19 09:51:00,1875,1875,1875,1875,0
2022-05-19 09:52:00,1875,1875,1875,1875,0
2022-05-19 09:53:00,1875,1875,1875,1875,0
2022-05-19 09:54:00,1875,1875,1875,1875,0
2022-05-19 09:55:00,1875,1875,1875,1875,0
2022-05-19 09:56:00,1875,1875,1875,1875,0
2022-05-19 09:57:00,1875,1875,1875,1875,0
2022-05-19 09:58:00,1875,1875,1875,1875,0
2022-05-19 09:59:00,1875,1875,1875,1875,0
2022-05-19 10:00:00,1875,1875,1875,1875,0
2022-05-19 10:01:00,1875,1875,1875,1875,0
2022-05-19 10:02:00,1875,1875,1875,1875,0
2022-05-19 10:03:00,1875,1875,1875,1875,0
2022-05-19 10:04:00,1875,1875,1875,1875,0
2022-05-19 10:05:00,1875,1875,1875,1875,0
2022-05-19 10:06:00,1875,1875,1875,1875,0
2022-05-19 10:07:00,1875,1875,1875,1875,0
2022-05-19 10:08:00,1875,1875,1875,1875,0
2022-05-19 10:09:00,1875,1875,1875,1875,0
2022-05-19 10:10:00,1875,1875,1875,1875,0
2022-05-19 10:11:00,1875,1875,1875,1875,0
2022-05-19 10:12:00,1875,1875,1875,1875,0
2022-05-19 10:13:00,1875,1875,1875,1875,0
2022-05-19 10:14:00,1875,1875,1875,1875,0
2022-05-19 10:15:00,1875,1875,1875,1875,0
2022-05-19 10:16:00,1875,1875,1875,1875,0
2022-05-19 10:17:00,1875,1875,1875,1875,0
2022-05-19 10:18:00,1875,1875,1875,1875,0
2022-05-19 10:19:00,1875,1875,1875,1875,0
2022-05-19 10:20:00,1875,1875,1875,1875,0
2022-05-19 10:21:00,1875,1875,1875,1875,0
2022-05-19 10:22:00,1875,1875,1875,1875,0
2022-05-19 10:23:00,1875,1875,1875,1875,0
2022-05-19 10:24:00,1875,1875,1875,1875,0
2022-05-19 10:25:00,1875,1875,1875,1875,0
2022-05-19 10:26:00,1875,1875,1875,1875,0
2022-05-19 10:27:00,1875,1875,1875,1875,0
2022-05-19 10:28:00,1875,1875,1875,1875,0
2022-05-19 10:29:00,1875,1875,1875,1875,0
2022-05-19 10:30:00,1875,1875,1875,1875,0
2022-05-19 10:31:00,1875,1875,1875,1875,0
2022-05-19 10:32:00,1875,1875,1875,1875,0
2022-05-19 10:33:00,1875,1875,1875,1875,0
2022-05-19 10:34:00,1875,1875,1875,1875,0
2022-05-19 10:35:00,1875,1875,1875,1875,0
2022-05-19 10:36:00,1875,1875,1875,1875,0
2022-05-19 10:37:00,1875,1875,1875,1875,0
2022-05-19 10:38:00,1875,1875,1875,1875,0
2022-05-19 10:39:00,1875,1875,1875,1875,0
2022-05-19 10:40:00,1875,1875,1875,1875,0
2022-05-19 10:41:00,1875,1875,1875,1875,0
2022-05-19 10:42:00,1875,1875,1875,1875,0
2022-05-19 10:43:00,1875,1875,1875,1875,0
2022-05-19 10:44:00,1875,1875,1875,1875,0
2022-05-19 10:45:00,1875,1875,1875,1875,0
2022-05-19 10:46:00,1875,1875,1875,1875,0
2022-05-19 10:47:00,1875,1875,1875,1875,0
2022-05-19 10:48:00,1875,1875,1875,1875,0
2022-05-19 10:49:00,1875,1875,1875,1875,0
2022-05-19 10:50:00,1875,1875,1875,1875,0
2022-05-19 10:51:00,1875,1875,1875,1875,0
2022-05-19 10:52:00,1875,1875,1875,1875,0
2022-05-19 10:53:00,1875,1875,1875,1875,0
2022-05-19 10:54:00,1875,1875,1875,1875,0
2022-05-19 10:55:00,1875,1875,1875,1875,0
2022-05-19 10:56:00,1875,1875,1875,1875,0
2022-05-19 10:57:00,1875,1875,1875,1875,0
2022-05-19 10:58:00,1875,1875,1875,1875,0
2022-05-19 10:59:00,1875,1875,1875,1875,0
2022-05-19 11:00:00,1875,1875,1875,1875,0
2022-05-19 11:01:00,1875,1875,1875,1875,0
2022-05-19 11:02:00,1875,1875,1875,1875,0
2022-05-19 11:03:00,1875,1875,1875,1875,0
2022-05-19 11:04:00,1875,1875,1875,1875,0
2022-05-19 11:05:00,1875,1875,1875,1875,0
2022-05-19 11:06:00,1875,1875,1875,1875,0
2022-05-19 11:07:00,1875,1875,1875,1875,0
2022-05-19 11:08:00,1875,1875,1875,1875,0
2022-05-19 11:09:00,1875,1875,1875,1875,0
2022-05-19 11:10:00,1875,1875,1875,1875,0
2022-05-19 11:11:00,1875,1875,1875,1875,0
2022-05-19 11:12:00,1875,1875,1875,1875,0
2022-05-19 11:13:00,1875,1875,1875,1875,0
2022-05-19 11:14:00,1875,1875,1875,1875,0
2022-05-19 11:15:00,1875,1875,1875,1875,0
2022-05-19 11:16:00,1875,1875,1875,1875,0
2022-05-19 11:17:00,1875,1875,1875,1875,0
2022-05-19 11:18:00,1875,1875,1875,1875,0
2022-05-19 11:19:00,1875,1875,1875,1875,0
2022-05-19 11:20:00,1875,1875,1875,1875,0
2022-05-19 11:21:00,1875,1875,1875,1875,0
2022-05-19 11:22:00,1875,1875,1875,1875,0
2022-05-19 11:23:00,1875,1875,1875,1875,0
2022-05-19 11:24:00,1875,1875,1875,1875,0
2022-05-19 11:25:00,1875,1875,1875,1875,0
2022-05-19 11:26:00,1875,1875,1875,1875,0
2022-05-19 11:27:00,1875,1875,1875,1875,0
2022-05-19 11:28:00,1875,1875,1875,1875,0
2022-05-19 11:29:00,1875,1875,1875,1875,0
2022-05-19 11:30:00,1875,1875,1875,1875,0
2022-05-19 11:31:00,1875,1875,1875,1875,0
2022-05-19 11:32:00,1875,1875,1875,1875,0
2022-05-19 11:33:00,1875,1875,1875,1875,0
2022-05-19 11:34:00,1875,1875,1875,1875,0
2022-05-19 11:35:00,1875,1875,1875,1875,0
2022-05-19 11:36:00,1875,1875,1875,1875,0
2022-05-19 11:37:00,1875,1875,1875,1875,0
2022-05-19 11:38:00,1875,1875,1875,1875,0
2022-05-19 11:39:00,1875,1875,1875,1875,0
2022-05-19 11:40:00,1875,1875,1875,1875,0
2022-05-19 11:41:00,1875,1875,1875,1875,0
2022-05-19 11:42:00,1875,1875,1875,1875,0
2022-05-19 11:43:00,1875,1875,1875,1875,0
2022-05-19 11:44:00,1875,1875,1875,1875,0
2022-05-19 11:45:00,1875,1875,1875,1875,0
2022-05-19 11:46:00,1875,1875,1875,1875,0
2022-05-19 11:47:00,1875,1875,1875,1875,0
2022-05-19 11:48:00,1875,1875,1875,1875,0
2022-05-19 11:49:00,1875,1875,1875,1875,0
2022-05-19 11:50:00,1875,1875,1875,1875,0
2022-05-19 11:51:00,1875,1875,1875,1875,0
2022-05-19 11:52:00,1875,1875,1875,1875,0
2022-05-19 11:53:00,1875,1875,1875,1875,0
2022-05-19 11:54:00,1875,1875,1875,1875,0
2022-05-19 11:55:00,1875,1875,1875,1875,0
2022-05-19 11:56:00,1875,1875,1875,1875,0
2022-05-19 11:57:00,1875,1875,1875,1875,0
2022-05-19 11:58:00,1875,1875,1875,1875,0
2022-05-19 11:59:00,1875,1875,1875,1875,0
2022-05-19 12:00:00,1875,1875,1875,1875,0
2022-05-19 12:01:00,1875,1875,1875,1875,0
2022-05-19 12:02:00,1875,1875,1875,1875,0
2022-05-19 12:03:00,1875,1875,1875,1875,0
2022-05-19 12:04:00,1875,1875,1875,1875,0
2022-05-19 12:05:00,1875,1875,1875,1875,0
2022-05-19 12:06:00,1875,1875,1875,1875,0
2022-05-19 12:07:00,1875,1875,1875,1875,0
2022-05-19 12:08:00,1875,1875,1875,1875,0
2022-05-19 12:09:00,1875,1875,1875,1875,0
2022-05-19 12:10:00,1875,1875,1875,1875,0
2022-05-19 12:11:00,1875,1875,1875,1875,0
2022-05-19 12:12:00,1875,1875,1875,1875,0
2022-05-19 12:13:00,1875,1875,1875,1875,0
2022-05-19 12:14:00,1875,1875,1875,1875,0
2022-05-19 12:15:00,1875,1875,1875,1875,0
2022-05-19 12:16:00,1875,1875,1875,1875,0
2022-05-19 12:17:00,1875,1875,1875,1875,0
2022-05-19 12:18:00,1875,1875,1875,1875,0
2022-05-19 12:19:00,1875,1875,1875,1875,0
2022-05-19 12:20:00,1875,1875,1875,1875,0
2022-05-19 12:21:00,1875,1875,1875,1875,0
2022-05-19 12:22:00,1875,1875,1875,1875,0
2022-05-19 12:23:00,1875,1875,1875,1875,0
2022-05-19 12:24:00,1875,1875,1875,1875,0
2022-05-19 12:25:00,1875,1875,1875,1875,0
2022-05-19 12:26:00,1875,1875,1875,1875,0
2022-05-19 12:27:00,1875,1875,1875,1875,0
2022-05-19 12:28:00,1875,1875,1875,1875,0
2022-05-19 12:29:00,1875,1875,1875,1875,0
2022-05-19 12:30:00,1875,1875,1875,1875,0
2022-05-19 12:31:00,1875,1875,1875,1875,0
2022-05-19 12:32:00,1875,1875,1875,1875,0
2022-05-19 12:33:00,1875,1875,1875,1875,0
2022-05-19 12:34:00,1875,1875,1875,1875,0
2022-05-19 12:35:00,1875,1875,1875,1875,0
2022-05-19 12:36:00,1875,1875,1875,1875,0
2022-05-19 12:37:00,1875,1875,1875,1875,0
2022-05-19 12:38:00,1875,1875,1875,1875,0
2022-05-19 12:39:00,1875,1875,1875,1875,0
2022-05-19 12:40:00,1875,1875,1875,1875,0
2022-05-19 12:41:00,1875,1875,1875,1875,0
2022-05-19 12:42:00,1875,1875,1875,1875,0
2022-05-19 12:43:00,1875,1875,1875,1875,0
2022-05-19 12:44:00,1875,1875,1875,1875,0
2022-05-19 12:45:00,1875,1875,1875,1875,0
2022-05-19 12:46:00,1875,1875,1875,1875,0
2022-05-19 12:47:00,1875,1875,1875,1875,0
2022-05-19 12:48:00,1875,1875,1875,1875,0
2022-05-19 12:49:00,1875,1875,1875,1875,0
2022-05-19 12:50:00,1875,1875,1875,1875,0
2022-05-19 12:51:00,1875,1875,1875,1875,0
2022-05-19 12:52:00,1875,1875,1875,1875,0
2022-05-19 12:53:00,1875,1875,1875,1875,0
2022-05-19 12:54:00,1875,1875,1875,1875,0
2022-05-19 12:55:00,1875,1875,1875,1875,0
2022-05-19 12:56:00,1875,1875,1875,1875,0
2022-05-19 12:57:00,1875,1875,1875,1875,0
2022-05-19 12:58:00,1875,1875,1875,1875,0
2022-05-19 12:59:00,1875,1875,1875,1875,0
2022-05-19 13:00:00,1875,1875,1875,1875,0
2022-05-19 13:01:00,1875,1875,1875,1875,0
2022-05-19 13:02:00,1875,1875,1875,1875,0
2022-05-19 13:03:00,1875,1875,1875,1875,0
2022-05-19 13:04:00,1875,1875,1875,1875,0
2022-05-19 13:05:00,1875,1875,1875,1875,0
2022-05-19 13:06:00,1875,1875,1875,1875,0
2022-05-19 13:07:00,1875,1875,1875,1875,0
2022-05-19 13:08:00,1875,1875,1875,1875,0
2022-05-19 13:09:00,1875,1875,1875,1875,0
2022-05-19 13:10:00,1875,1875,1875,1875,0
2022-05-19 13:11:00,1875,1875,1875,1875,0
2022-05-19 13:12:00,1875,1875,1875,1875,0
2022-05-19 13:13:00,1875,1875,1875,1875,0
2022-05-19 13:14:00,1875,1875,1875,1875,0
2022-05-19 13:15:00,1875,1875,1875,1875,0
2022-05-19 13:16:00,1875,1875,1875,1875,0
2022-05-19 13:17:00,1875,1875,1875,1875,0
2022-05-19 13:18:00,1875,1875,1875,1875,0
2022-05-19 13:19:00,1875,1875,1875,1875,0
2022-05-19 13:20:00,1875,1875,1875,1875,0
2022-05-19 13:21:00,1875,1875,1875,1875,0
2022-05-19 13:22:00,1875,1875,1875,1875,0
2022-05-19 13:23:00,1875,1875,1875,1875,0
2022-05-19 13:24:00,1875,1875,1875,1875,0
2022-05-19 13:25:00,1875,1875,1875,1875,0
2022-05-19 13:26:00,1875,1875,1875,1875,0
2022-05-19 13:27:00,1875,1875,1875,1875,0
2022-05-19 13:28:00,1875,1875,1875,1875,0
2022-05-19 13:29:00,1875,1875,1875,1875,0
2022-05-19 13:30:00,1875,1875,1875,1875,0
2022-05-19 13:31:00,1875,1875,1875,1875,0
2022-05-19 13:32:00,1875,1875,1875,1875,0
2022-05-19 13:33:00,1875,1875,1875,1875,0
2022-05-19 13:34:00,1875,1875,1875,1875,0
2022-05-19 13:35:00,1875,1875,1875,1875,0
2022-05-19 13:36:00,1875,1875,1875,1875,0
2022-05-19 13:37:00,1875,1875,1875,1875,0
2022-05-19 13:38:00,1875,1875,1875,1875,0
2022-05-19 13:39:00,1875,1875,1875,1875,0
2022-05-19 13:40:00,1875,1875,1875,1875,0
2022-05-19 13:41:00,1875,1875,1875,1875,0
2022-05-19 13:42:00,1875,1875,1875,1875,0
2022-05-19 13:43:00,1875,1875,1875,1875,0
2022-05-19 13:44:00,1875,1875,1875,1875,0
2022-05-19 13:45:00,1875,1875,1875,1875,0
2022-05-19 13:46:00,1875,1875,1875,1875,0
2022-05-19 13:47:00,1875,1875,1875,1875,0
2022-05-19 13:48:00,1875,1875,1875,1875,0
2022-05-19 13:49:00,1875,1875,1875,1875,0
2022-05-19 13:50:00,1875,1875,1875,1875,0
2022-05-19 13:51:00,1875,1875,1875,1875,0
2022-05-19 13:52:00,1875,1875,1875,1875,0
2022-05-19 13:53:00,1875,1875,1875,1875,0
2022-05-19 13:54:00,1875,1875,1875,1875,0
2022-05-19 13:55:00,1875,1875,1875,1875,0
2022-05-19 13:56:00,1875,1875,1875,1875,0
2022-05-19 13:57:00,1875,1875,1875,1875,0
2022-05-19 13:58:00,1875,1875,1875,1875,0
2022-05-19 13:59:00,1875,1875,1875,1875,0
2022-05-19 14:00:00,1875,1875,1875,1875,0
2022-05-19 14:01:00,1875,1875,1875,1875,0
2022-05-19 14:02:00,1875,1875,1875,1875,0
2022-05-19 14:03:00,1875,1875,1875,1875,0
2022-05-19 14:04:00,1875,1875,1875,1875,0
2022-05-19 14:05:00,1875,1875,1875,1875,0
2022-05-19 14:06:00,1875,1875,1875,1875,0
2022-05-19 14:07:00,1875,1875,1875,1875,0
2022-05-19 14:08:00,1875,1875,1875,1875,0
2022-05-19 14:09:00,1875,1875,1875,1875,0
2022-05-19 14:10:00,1875,1875,1875,1875,0
2022-05-19 14:11:00,1875,1875,1875,1875,0
2022-05-19 14:12:00,1875,1875,1875,1875,0
2022-05-19 14:13:00,1875,1875,1875,1875,0
2022-05-19 14:14:00,1875,1875,1875,1875,0
2022-05-19 14:15:00,1875,1875,1875,1875,0
2022-05-19 14:16:00,1875,1875,1875,1875,0
2022-05-19 14:17:00,1875,1875,1875,1875,0
2022-05-19 14:18:00,1875,1875,1875,1875,0
2022-05-19 14:19:00,1875,1875,1875,1875,0
2022-05-19 14:20:00,1875,1875,1875,1875,0
2022-05-19 14:21:00,1875,1875,1875,1875,0
2022-05-19 14:22:00,1875,1875,1875,1875,0
2022-05-19 14:23:00,1875,1875,1875,1875,0
2022-05-19 14:24:00,1875,1875,1875,1875,0
2022-05-19 14:25:00,1875,1875,1875,1875,0
2022-05-19 14:26:00,1875,1875,1875,1875,0
2022-05-19 14:27:00,1875,1875,1875,1875,0
2022-05-19 14:28:00,1875,1875,1875,1875,0
2022-05-19 14:29:00,1875,1875,1875,1875,0
2022-05-19 14:30:00,1875,1875,1875,1875,0
2022-05-19 14:31:00,1875,1875,1875,1875,0
2022-05-19 14:32:00,1875,1875,1875,1875,0
2022-05-19 14:33:00,1875,1875,1875,1875,0
2022-05-19 14:34:00,1875,1875,1875,1875,0
2022-05-19 14:35:00,1875,1875,1875,1875,0
2022-05-19 14:36:00,1875,1875,1875,1875,0
2022-05-19 14:37:00,1875,1875,1875,1875,0
2022-05-19 14:38:00,1875,1875,1875,1875,0
2022-05-19 14:39:00,1875,1875,1875,1875,0
2022-05-19 14:40:00,1875,1875,1875,1875,0
2022-05-19 14:41:00,1875,1875,1875,1875,0
2022-05-19 14:42:00,1875,1875,1875,1875,0
2022-05-19 14:43:00,1875,1875,1875,1875,0
2022-05-19 14:44:00,1875,1875,1875,1875,0
2022-05-19 14:45:00,1875,1875,1875,1875,0
2022-05-19 14:46:00,1875,1875,1875,1875,0
2022-05-19 14:47:00,1875,1875,1875,1875,0
2022-05-19 14:48:00,1875,1875,1875,1875,0
2022-05-19 14:49:00,1875,1875,1875,1875,0
2022-05-19 14:50:00,1875,1875,1875,1875,0
2022-05-19 14:51:00,1875,1875,1875,1875,0
2022-05-19 14:52:00,1875,1875,1875,1875,0
2022-05-19 14:53:00,1875,1875,1875,1875,0
2022-05-19 14:54:00,1875,1875,1875,1875,0
2022-05-19 14:55:00,1875,1875,1875,1875,0
2022-05-19 14:56:00,1875,1875,1875,1875,0
2022-05-19 14:57:00,1875,1875,1875,1875,0
2022-05-19 14:58:00,1875,1875,1875,1875,0
2022-05-19 14:59:00,1875,1875,1875,1875,0
2022-05-19 15:00:00,1875,1875,1875,1875,0
2022-05-19 15:01:00,1875,1875,1875,1875,0
2022-05-19 15:02:00,1875,1875,1875,1875,0
2022-05-19 15:03:00,1875,1875,1875,1875,0
2022-05-19 15:04:00,1875,1875,1875,1875,0
2022-05-19 15:05:00,1875,1875,1875,1875,0
2022-05-19 15:06:00,1875,1875,1875,1875,0
2022-05-19 15:07:00,1875,1875,1875,1875,0
2022-05-19 15:08:00,1875,1875,1875,1875,0
2022-05-19 15:09:00,1875,1875,1875,1875,0
2022-05-19 15:10:00,1875,1875,1875,1875,0
2022-05-19 15:11:00,1875,1875,1875,1875,0
2022-05-19 15:12:00,1875,1875,1875,1875,0
2022-05-19 15:13:00,1875,1875,1875,1875,0
2022-05-19 15:14:00,1875,1875,1875,1875,0
2022-05-19 15:15:00,1875,1875,1875,1875,0
2022-05-19 15:16:00,1875,1875,1875,1875,0
2022-05-19 15:17:00,1875,1875,1875,1875,0
2022-05-19 15:18:00,1875,1875,1875,1875,0
2022-05-19 15:19:00,1875,1875,1875,1875,0
2022-05-19 15:20:00,1875,1875,1875,1875,0
2022-05-19 15:21:00,1875,1875,1875,1875,0
2022-05-19 15:22:00,1875,1875,1875,1875,0
2022-05-19 15:23:00,1875,1875,1875,1875,0
2022-05-19 15:24:00,1875,1875,1875,1875,0
2022-05-19 15:25:00,1875,1875,1875,1875,0
2022-05-19 15:26:00,1875,1875,1875,1875,0
2022-05-19 15:27:00,1875,1875,1875,1875,0
2022-05-19 15:28:00,1875,1875,1875,1875,0
2022-05-19 15:29:00,1875,1875,1875,1875,0
2022-05-19 15:30:00,1875,1875,1875,1875,0
2022-05-19 15:31:00,1875,1875,1875,1875,0
2022-05-19 15:32:00,1875,1875,1875,1875,0
2022-05-19 15:33:00,1875,1875,1875,1875,0
2022-05-19 15:34:00,1875,1875,1875,1875,0
2022-05-19 15:35:00,1875,1875,1875,1875,0
2022-05-19 15:36:00,1875,1875,1875,1875,0
2022-05-19 15:37:00,1875,1875,1875,1875,0
2022-05-19 15:38:00,1875,1875,1875,1875,0
2022-05-19 15:39:00,1875,1875,1875,1875,0
2022-05-19 15:40:00,1875,1875,1875,1875,0
2022-05-19 15:41:00,1875,1875,1875,1875,0
2022-05-19 15:42:00,1875,1875,1875,1875,0
2022-05-19 15:43:00,1875,1875,1875,1875,0
2022-05-19 15:44:00,1875,1875,1875,1875,0
2022-05-19 15:45:00,1875,1875,1875,1875,0
2022-05-19 15:46:00,1875,1875,1875,1875,0
2022-05-19 15:47:00,1875,1875,1875,1875,0
2022-05-19 15:48:00,1875,1875,1875,1875,0
2022-05-19 15:49:00,1875,1875,1875,1875,0
2022-05-19 15:50:00,1875,1875,1875,1875,0
2022-05-19 15:51:00,1875,1875,1875,1875,0
2022-05-19 15:52:00,1875,1875,1875,1875,0
2022-05-19 15:53:00,1875,1875,1875,1875,0
2022-05-19 15:54:00,1875,1875,1875,1875,0
2022-05-19 15:55:00,1875,1875,1875,1875,0
2022-05-19 15:56:00,1875,1875,1875,1875,0
2022-05-19 15:57:00,1875,1875,1875,1875,0
2022-05-19 15:58:00,1875,1875,1875,1875,0
2022-05-19 15:59:00,1875,1875,1875,1875,0
2022-05-20 09:00:00,1875,1875,1875,1875,0
2022-05-20 09:01:00,1875,1875,1875,1875,0
2022-05-20 09:02:00,1875,1875,1875,1875,0
2022-05-20 09:03:00,1875,1875,1875,1875,0
2022-05-20 09:04:00,1875,1875,1875,1875,0
2022-05-20 09:05:00,1875,1875,1875,1875,0
2022-05-20 09:06:00,1875,1875,1875,1875,0
2022-05-20 09:07:00,1875,1875,1875,1875,0
2022-05-20 09:08:00,1875,1875,1875,1875,0
2022-05-20 09:09:00,1875,1875,1875,1875,0
2022-05-20 09:10:00,1875,1875,1875,1875,0
2022-05-20 09:11:00,1875,1875,1875,1875,0
2022-05-20 09:12:00,1875,1875,1875,1875,0
2022-05-20 09:13:00,1875,1875,1875,1875,0
2022-05-20 09:14:00,1875,1875,1875,1875,0
2022-05-20 09:15:00,1875,1875,1875,1875,0
2022-05-20 09:16:00,1875,1875,1875,1875,0
2022-05-20 09:17:00,1875,1875,1875,1875,0
2022-05-20 09:18:00,1875,1875,1875,1875,0
2022-05-20 09:19:00,1875,1875,1875,1875,0
2022-05-20 09:20:00,1875,1875,1875,1875,0
2022-05-20 09:21:00,1875,1875,1875,1875,0
2022-05-20 09:22:00,1875,1875,1875,1875,0
2022-05-20 09:23:00,1875,1875,1875,1875,0
2022-05-20 09:24:00,1875,1875,1875,1875,0
2022-05-20 09:25:00,1875,1875,1875,1875,0
2022-05-20 09:26:00,1875,1875,1875,1875,0
2022-05-20 09:27:00,1875,1875,1875,1875,0
2022-05-20 09:28:00,1875,1875,1875,1875,0
2022-05-20 09:29:00,1875,1875,1875,1875,0
2022-05-20 09:30:00,1875,1875,1875,1875,0
2022-05-20 09:31:00,1875,1875,1875,1875,0
2022-05-20 09:32:00,1875,1875,1875,1875,0
2022-05-20 09:33:00,1875,1875,1875,1875,0
2022-05-20 09:34:00,1875,1875,1875,1875,0
2022-05-20 09:35:00,1875,1875,1875,1875,0
2022-05-20 09:36:00,1875,1875,1875,1875,0
2022-05-20 09:37:00,1875,1875,1875,1875,0
2022-05-20 09:38:00,1875,1875,1875,1875,0
2022-05-20 09:39:00,1875,1875,1875,1875,0
2022-05-20 09:40:00,1875,1875,1875,1875,0
2022-05-20 09:41:00,1875,1875,1875,1875,0
2022-05-20 09:42:00,1875,1875,1875,1875,0
2022-05-20 09:43:00,1875,1875,1875,1875,0
2022-05-20 09:44:00,1875,1875,1875,1875,0
2022-05-20 09:45:00,1875,1875,1875,1875,0
2022-05-20 09:46:00,1875,1875,1875,1875,0
2022-05-20 09:47:00,1875,1875,1875,1875,0
2022-05-20 09:48:00,1875,1875,1875,1875,0
2022-05-20 09:49:00,1875,1875,1875,1875,0
2022-05-20 09:50:00,1875,1875,1875,1875,0
2022-05-20 09:51:00,1875,1875,1875,1875,0
2022-05-20 09:52:00,1875,1875,1875,1875,0
2022-05-20 09:53:00,1875,1875,1875,1875,0
2022-05-20 09:54:00,1875,1875,1875,1875,0
2022-05-20 09:55:00,1875,1875,1875,1875,0
2022-05-20 09:56:00,1875,1875,1875,1875,0
2022-05-20 09:57:00,1875,1875,1875,1875,0
2022-05-20 09:58:00,1875,1875,1875,1875,0
2022-05-20 09:59:00,1875,1875,1875,1875,0
2022-05-20 10:00:00,1875,1875,1875,1875,0
2022-05-20 10:01:00,1875,1875,1875,1875,0
2022-05-20 10:02:00,1875,1875,1875,1875,0
2022-05-20 10:03:00,1875,1875,1875,1875,0
2022-05-20 10:04:00,1875,1875,1875,1875,0
2022-05-20 10:05:00,1875,1875,1875,1875,0
2022-05-20 10:06:00,1875,1875,1875,1875,0
2022-05-20 10:07:00,1875,1875,1875,1875,0
2022-05-20 10:08:00,1875,1875,1875,1875,0
2022-05-20 10:09:00,1875,1875,1875,1875,0
2022-05-20 10:10:00,1875,1875,1875,1875,0
2022-05-20 10:11:00,1875,1875,1875,1875,0
2022-05-20 10:12:00,1875,1875,1875,1875,0
2022-05-20 10:13:00,1875,1875,1875,1875,0
2022-05-20 10:14:00,1875,1875,1875,1875,0
2022-05-20 10:15:00,1875,1875,1875,1875,0
2022-05-20 10:16:00,1875,1875,1875,1875,0
2022-05-20 10:17:00,1875,1875,1875,1875,0
2022-05-20 10:18:00,1875,1875,1875,1875,0
2022-05-20 10:19:00,1875,1875,1875,1875,0
2022-05-20 10:20:00,1875,1875,1875,1875,0
2022-05-20 10:21:00,1875,1875,1875,1875,0
2022-05-20 10:22:00,1875,1875,1875,1875,0
2022-05-20 10:23:00,1875,1875,1875,1875,0
2022-05-20 10:24:00,1875,1875,1875,1875,0
2022-05-20 10:25:00,1875,1875,1875,1875,0
2022-05-20 10:26:00,1875,1875,1875,1875,0
2022-05-20 10:27:00,1875,1875,1875,1875,0
2022-05-20 10:28:00,1875,1875,1875,1875,0
2022-05-20 10:29:00,1875,1875,1875,1875,0
2022-05-20 10:30:00,1875,1875,1875,1875,0
2022-05-20 10:31:00,1875,1875,1875,1875,0
2022-05-20 10:32:00,1875,1875,1875,1875,0
2022-05-20 10:33:00,1875,1875,1875,1875,0
2022-05-20 10:34:00,1875,1875,1875,1875,0
2022-05-20 10:35:00,1875,1875,1875,1875,0
2022-05-20 10:36:00,1875,1875,1875,1875,0
2022-05-20 10:37:00,1875,1875,1875,1875,0
2022-05-20 10:38:00,1875,1875,1875,1875,0
2022-05-20 10:39:00,1875,1875,1875,1875,0
2022-05-20 10:40:00,1875,1875,1875,1875,0
2022-05-20 10:41:00,1875,1875,1875,1875,0
2022-05-20 10:42:00,1875,1875,1875,1875,0
2022-05-20 10:43:00,1875,1875,1875,1875,0
2022-05-20 10:44:00,1875,1875,1875,1875,0
2022-05-20 10:45:00,1875,1875,1875,1875,0
2022-05-20 10:46:00,1875,1875,1875,1875,0
2022-05-20 10:47:00,1875,1875,1875,1875,0
2022-05-20 10:48:00,1875,1875,1875,1875,0
2022-05-20 10:49:00,1875,1875,1875,1875,0
2022-05-20 10:50:00,1875,1875,1875,1875,0
2022-05-20 10:51:00,1875,1875,1875,1875,0
2022-05-20 10:52:00,1875,1875,1875,1875,0
2022-05-20 10:53:00,1875,1875,1875,1875,0
2022-05-20 10:54:00,1875,1875,1875,1875,0
2022-05-20 10:55:00,1875,1875,1875,1875,0
2022-05-20 10:56:00,1875,1875,1875,1875,0
2022-05-20 10:57:00,1875,1875,1875,1875,0
2022-05-20 10:58:00,1875,1875,1875,1875,0
2022-05-20 10:59:00,1875,1875,1875,1875,0
2022-05-20 11:00:00,1875,1875,1875,1875,0
2022-05-20 11:01:00,1875,1875,1875,1875,0
2022-05-20 11:02:00,1875,1875,1875,1875,0
2022-05-20 11:03:00,1875,1875,1875,1875,0
2022-05-20 11:04:00,1875,1875,1875,1875,0
2022-05-20 11:05:00,1875,1875,1875,1875,0
2022-05-20 11:06:00,1875,1875,1875,1875,0
2022-05-20 11:07:00,1875,1875,1875,1875,0
2022-05-20 11:08:00,1875,1875,1875,1875,0
2022-05-20 11:09:00,1875,1875,1875,1875,0
2022-05-20 11:10:00,1875,1875,1875,1875,0
2022-05-20 11:11:00,1875,1875,1875,1875,0
2022-05-20 11:12:00,1875,1875,1875,1875,0
2022-05-20 11:13:00,1875,1875,1875,1875,0
2022-05-20 11:14:00,1875,1875,1875,1875,0
2022-05-20 11:15:00,1875,1875,1875,1875,0
2022-05-20 11:16:00,1875,1875,1875,1875,0
2022-05-20 11:17:00,1875,1875,1875,1875,0
2022-05-20 11:18:00,1875,1875,1875,1875,0
2022-05-20 11:19:00,1875,1875,1875,1875,0
2022-05-20 11:20:00,1875,1875,1875,1875,0
2022-05-20 11:21:00,1875,1875,1875,1875,0
2022-05-20 11:22:00,1875,1875,1875,1875,0
2022-05-20 11:23:00,1875,1875,1875,1875,0
2022-05-20 11:24:00,1875,1875,1875,1875,0
2022-05-20 11:25:00,1875,1875,1875,1875,0
2022-05-20 11:26:00,1875,1875,1875,1875,0
2022-05-20 11:27:00,1875,1875,1875,1875,0
2022-05-20 11:28:00,1875,1875,1875,1875,0
2022-05-20 11:29:00,1875,1875,1875,1875,0
2022-05-20 11:30:00,1875,1875,1875,1875,0
2022-05-20 11:31:00,1875,1875,1875,1875,0
2022-05-20 11:32:00,1875,1875,1875,1875,0
2022-05-20 11:33:00,1875,1875,1875,1875,0
2022-05-20 11:34:00,1875,1875,1875,1875,0
2022-05-20 11:35:00,1875,1875,1875,1875,0
2022-05-20 11:36:00,1875,1875,1875,1875,0
2022-05-20 11:37:00,1875,1875,1875,1875,0
2022-05-20 11:38:00,1875,1875,1875,1875,0
2022-05-20 11:39:00,1875,1875,1875,1875,0
2022-05-20 11:40:00,1875,1875,1875,1875,0
2022-05-20 11:41:00,1875,1875,1875,1875,0
2022-05-20 11:42:00,1875,1875,1875,1875,0
2022-05-20 11:43:00,1875,1875,1875,1875,0
2022-05-20 11:44:00,1875,1875,1875,1875,0
2022-05-20 11:45:00,1875,1875,1875,1875,0
2022-05-20 11:46:00,1875,1875,1875,1875,0
2022-05-20 11:47:00,1875,1875,1875,1875,0
2022-05-20 11:48:00,1875,1875,1875,1875,0
2022-05-20 11:49:00,1875,1875,1875,1875,0
2022-05-20 11:50:00,1875,1875,1875,1875,0
2022-05-20 11:51:00,1875,1875,1875,1875,0
2022-05-20 11:52:00,1875,1875,1875,1875,0
2022-05-20 11:53:00,1875,1875,1875,1875,0
2022-05-20 11:54:00,1875,1875,1875,1875,0
2022-05-20 11:55:00,1875,1875,1875,1875,0
2022-05-20 11:56:00,1875,1875,1875,1875,0
2022-05-20 11:57:00,1875,1875,1875,1875,0
2022-05-20 11:58:00,1875,1875,1875,1875,0
2022-05-20 11:59:00,1875,1875,1875,1875,0
2022-05-20 12:00:00,1875,1875,1875,1875,0
2022-05-20 12:01:00,1875,1875,1875,1875,0
2022-05-20 12:02:00,1875,1875,1875,1875,0
2022-05-20 12:03:00,1875,1875,1875,1875,0
2022-05-20 12:04:00,1875,1875,1875,1875,0
2022-05-20 12:05:00,1875,1875,1875,1875,0
2022-05-20 12:06:00,1875,1875,1875,1875,0
2022-05-20 12:07:00,1875,1875,1875,1875,0
2022-05-20 12:08:00,1875,1875,1875,1875,0
2022-05-20 12:09:00,1875,1875,1875,1875,0
2022-05-20 12:10:00,1875,1875,1875,1875,0
2022-05-20 12:11:00,1875,1875,1875,1875,0
2022-05-20 12:12:00,1875,1875,1875,1875,0
2022-05-20 12:13:00,1875,1875,1875,1875,0
2022-05-20 12:14:00,1875,1875,1875,1875,0
2022-05-20 12:15:00,1875,1875,1875,1875,0
2022-05-20 12:16:00,1875,1875,1875,1875,0
2022-05-20 12:17:00,1875,1875,1875,1875,0
2022-05-20 12:18:00,1875,1875,1875,1875,0
2022-05-20 12:19:00,1875,1875,1875,1875,0
2022-05-20 12:20:00,1875,1875,1875,1875,0
2022-05-20 12:21:00,1875,1875,1875,1875,0
2022-05-20 12:22:00,1875,1875,1875,1875,0
2022-05-20 12:23:00,1875,1875,1875,1875,0
2022-05-20 12:24:00,1875,1875,1875,1875,0
2022-05-20 12:25:00,1875,1875,1875,1875,0
2022-05-20 12:26:00,1875,1875,1875,1875,0
2022-05-20 12:27:00,1875,1875,1875,1875,0
2022-05-20 12:28:00,1875,1875,1875,1875,0
2022-05-20 12:29:00,1875,1875,1875,1875,0
2022-05-20 12:30:00,1875,1875,1875,1875,0
2022-05-20 12:31:00,1875,1875,1875,1875,0
2022-05-20 12:32:00,1875,1875,1875,1875,0
2022-05-20 12:33:00,1875,1875,1875,1875,0
2022-05-20 12:34:00,1875,1875,1875,1875,0
2022-05-20 12:35:00,1875,1875,1875,1875,0
2022-05-20 12:36:00,1875,1875,1875,1875,0
2022-05-20 12:37:00,1875,1875,1875,1875,0
2022-05-20 12:38:00,1875,1875,1875,1875,0
2022-05-20 12:39:00,1875,1875,1875,1875,0
2022-05-20 12:40:00,1875,1875,1875,1875,0
2022-05-20 12:41:00,1875,1875,1875,1875,0
2022-05-20 12:42:00,1875,1875,1875,1875,0
2022-05-20 12:43:00,1875,1875,1875,1875,0
2022-05-20 12:44:00,1875,1875,1875,1875,0
2022-05-20 12:45:00,1875,1875,1875,1875,0
2022-05-20 12:46:00,1875,1875,1875,1875,0
2022-05-20 12:47:00,1875,1875,1875,1875,0
2022-05-20 12:48:00,1875,1875,1875,1875,0
2022-05-20 12:49:00,1875,1875,1875,1875,0
2022-05-20 12:50:00,1875,1875,1875,1875,0
2022-05-20 12:51:00,1875,1875,1875,1875,0
2022-05-20 12:52:00,1875,1875,1875,1875,0
2022-05-20 12:53:00,1875,1875,1875,1875,0
2022-05-20 12:54:00,1875,1875,1875,1875,0
2022-05-20 12:55:00,1875,1875,1875,1875,0
2022-05-20 12:56:00,1875,1875,1875,1875,0
2022-05-20 12:57:00,1875,1875,1875,1875,0
2022-05-20 12:58:00,1875,1875,1875,1875,0
2022-05-20 12:59:00,1875,1875,1875,1875,0
2022-05-20 13:00:00,1875,1875,1875,1875,0
2022-05-20 13:01:00,1875,1875,1875,1875,0
2022-05-20 13:02:00,1875,1875,1875,1875,0
2022-05-20 13:03:00,1875,1875,1875,1875,0
2022-05-20 13:04:00,1875,1875,1875,1875,0
2022-05-20 13:05:00,1875,1875,1875,1875,0
2022-05-20 13:06:00,1875,1875,1875,1875,0
2022-05-20 13:07:00,1875,1875,1875,1875,0
2022-05-20 13:08:00,1875,1875,1875,1875,0
2022-05-20 13:09:00,1875,1875,1875,1875,0
2022-05-20 13:10:00,1875,1875,1875,1875,0
2022-05-20 13:11:00,1875,1875,1875,1875,0
2022-05-20 13:12:00,1875,1875,1875,1875,0
2022-05-20 13:13:00,1875,1875,1875,1875,0
2022-05-20 13:14:00,1875,1875,1875,1875,0
2022-05-20 13:15:00,1875,1875,1875,1875,0
2022-05-20 13:16:00,1875,1875,1875,1875,0
2022-05-20 13:17:00,1875,1875,1875,1875,0
2022-05-20 13:18:00,1875,1875,1875,1875,0
2022-05-20 13:19:00,1875,1875,1875,1875,0
2022-05-20 13:20:00,1875,1875,1875,1875,0
2022-05-20 13:21:00,1875,1875,1875,1875,0
2022-05-20 13:22:00,1875,1875,1875,1875,0
2022-05-20 13:23:00,1875,1875,1875,1875,0
2022-05-20 13:24:00,1875,1875,1875,1875,0
2022-05-20 13:25:00,1875,1875,1875,1875,0
2022-05-20 13:26:00,1875,1875,1875,1875,0
2022-05-20 13:27:00,1875,1875,1875,1875,0
2022-05-20 13:28:00,1875,1875,1875,1875,0
2022-05-20 13:29:00,1875,1875,1875,1875,0
2022-05-20 13:30:00,1875,1875,1875,1875,0
2022-05-20 13:31:00,1875,1875,1875,1875,0
2022-05-20 13:32:00,1875,1875,1875,1875,0
2022-05-20 13:33:00,1875,1875,1875,1875,0
2022-05-20 13:34:00,1875,1875,1875,1875,0
2022-05-20 13:35:00,1875,1875,1875,1875,0
2022-05-20 13:36:00,1875,1875,1875,1875,0
2022-05-20 13:37:00,1875,1875,1875,1875,0
2022-05-20 13:38:00,1875,1875,1875,1875,0
2022-05-20 13:39:00,1875,1875,1875,1875,0
2022-05-20 13:40:00,1875,1875,1875,1875,0
2022-05-20 13:41:00,1875,1875,1875,1875,0
2022-05-20 13:42:00,1875,1875,1875,1875,0
2022-05-20 13:43:00,1875,1875,1875,1875,0
2022-05-20 13:44:00,1875,1875,1875,1875,0
2022-05-20 13:45:00,1875,1875,1875,1875,0
2022-05-20 13:46:00,1875,1875,1875,1875,0
2022-05-20 13:47:00,1875,1875,1875,1875,0
2022-05-20 13:48:00,1875,1875,1875,1875,0
2022-05-20 13:49:00,1875,1875,1875,1875,0
2022-05-20 13:50:00,1875,1875,1875,1875,0
2022-05-20 13:51:00,1875,1875,1875,1875,0
2022-05-20 13:52:00,1875,1875,1875,1875,0
2022-05-20 13:53:00,1875,1875,1875,1875,0
2022-05-20 13:54:00,1875,1875,1875,1875,0
2022-05-20 13:55:00,1875,1875,1875,1875,0
2022-05-20 13:56:00,1875,1875,1875,1875,0
2022-05-20 13:57:00,1875,1875,1875,1875,0
2022-05-20 13:58:00,1875,1875,1875,1875,0
2022-05-20 13:59:00,1875,1875,1875,1875,0
2022-05-20 14:00:00,1875,1875,1875,1875,0
2022-05-20 14:01:00,1875,1875,1875,1875,0
2022-05-20 14:02:00,1875,1875,1875,1875,0
2022-05-20 14:03:00,1875,1875,1875,1875,0
2022-05-20 14:04:00,1875,1875,1875,1875,0
2022-05-20 14:05:00,1875,1875,1875,1875,0
2022-05-20 14:06:00,1875,1875,1875,1875,0
2022-05-20 14:07:00,1875,1875,1875,1875,0
2022-05-20 14:08:00,1875,1875,1875,1875,0
2022-05-20 14:09:00,1875,1875,1875,1875,0
2022-05-20 14:10:00,1875,1875,1875,1875,0
2022-05-20 14:11:00,1875,1875,1875,1875,0
2022-05-20 14:12:00,1875,1875,1875,1875,0
2022-05-20 14:13:00,1875,1875,1875,1875,0
2022-05-20 14:14:00,1875,1875,1875,1875,0
2022-05-20 14:15:00,1875,1875,1875,1875,0
2022-05-20 14:16:00,1875,1875,1875,1875,0
2022-05-20 14:17:00,1875,1875,1875,1875,0
2022-05-20 14:18:00,1875,1875,1875,1875,0
2022-05-20 14:19:00,1875,1875,1875,1875,0
2022-05-20 14:20:00,1875,1875,1875,1875,0
2022-05-20 14:21:00,1875,1875,1875,1875,0
2022-05-20 14:22:00,1875,1875,1875,1875,0
2022-05-20 14:23:00,1875,1875,1875,1875,0
2022-05-20 14:24:00,1875,1875,1875,1875,0
2022-05-20 14:25:00,1875,1875,1875,1875,0
2022-05-20 14:26:00,1875,1875,1875,1875,0
2022-05-20 14:27:00,1875,1875,1875,1875,0
2022-05-20 14:28:00,1875,1875,1875,1875,0
2022-05-20 14:29:00,1875,1875,1875,1875,0
2022-05-20 14:30:00,1875,1875,1875,1875,0
2022-05-20 14:31:00,1875,1875,1875,1875,0
2022-05-20 14:32:00,1875,1875,1875,1875,0
2022-05-20 14:33:00,1875,1875,1875,1875,0
2022-05-20 14:34:00,1875,1875,1875,1875,0
2022-05-20 14:35:00,1875,1875,1875,1875,0
2022-05-20 14:36:00,1875,1875,1875,1875,0
2022-05-20 14:37:00,1875,1875,1875,1875,0
2022-05-20 14:38:00,1875,1875,1875,1875,0
2022-05-20 14:39:00,1875,1875,1875,1875,0
2022-05-20 14:40:00,1875,1875,1875,1875,0
2022-05-20 14:41:00,1875,1875,1875,1875,0
2022-05-20 14:42:00,1875,1875,1875,1875,0
2022-05-20 14:43:00,1875,1875,1875,1875,0
2022-05-20 14:44:00,1875,1875,1875,1875,0
2022-05-20 14:45:00,1875,1875,1875,1875,0
2022-05-20 14:46:00,1875,1875,1875,1875,0
2022-05-20 14:47:00,1875,1875,1875,1875,0
2022-05-20 14:48:00,1875,1875,1875,1875,0
2022-05-20 14:49:00,1875,1875,1875,1875,0
2022-05-20 14:50:00,1875,1875,1875,1875,0
2022-05-20 14:51:00,1875,1875,1875,1875,0
2022-05-20 14:52:00,1875,1875,1875,1875,0
2022-05-20 14:53:00,1875,1875,1875,1875,0
2022-05-20 14:54:00,1875,1875,1875,1875,0
2022-05-20 14:55:00,1875,1875,1875,1875,0
2022-05-20 14:56:00,1875,1875,1875,1875,0
2022-05-20 14:57:00,1875,1875,1875,1875,0
2022-05-20 14:58:00,1875,1875,1875,1875,0
2022-05-20 14:59:00,1875,1875,1875,1875,0
2022-05-20 15:00:00,1875,1875,1875,1875,0
2022-05-20 15:01:00,1875,1875,1875,1875,0
2022-05-20 15:02:00,1875,1875,1875,1875,0
2022-05-20 15:03:00,1875,1875,1875,1875,0
2022-05-20 15:04:00,1875,1875,1875,1875,0
2022-05-20 15:05:00,1875,1875,1875,1875,0
2022-05-20 15:06:00,1875,1875,1875,1875,0
2022-05-20 15:07:00,1875,1875,1875,1875,0
2022-05-20 15:08:00,1875,1875,1875,1875,0
2022-05-20 15:09:00,1875,1875,1875,1875,0
2022-05-20 15:10:00,1875,1875,1875,1875,0
2022-05-20 15:11:00,1875,1875,1875,1875,0
2022-05-20 15:12:00,1875,1875,1875,1875,0
2022-05-20 15:13:00,1875,1875,1875,1875,0
2022-05-20 15:14:00,1875,1875,1875,1875,0
2022-05-20 15:15:00,1875,1875,1875,1875,0
2022-05-20 15:16:00,1875,1875,1875,1875,0
2022-05-20 15:17:00,1875,1875,1875,1875,0
2022-05-20 15:18:00,1875,1875,1875,1875,0
2022-05-20 15:19:00,1875,1875,1875,1875,0
2022-05-20 15:20:00,1875,1875,1875,1875,0
2022-05-20 15:21:00,1875,1875,1875,1875,0
2022-05-20 15:22:00,1875,1875,1875,1875,0
2022-05-20 15:23:00,1875,1875,1875,1875,0
2022-05-20 15:24:00,1875,1875,1875,1875,0
2022-05-20 15:25:00,1875,1875,1875,1875,0
2022-05-20 15:26:00,1875,1875,1875,1875,0
2022-05-20 15:27:00,1875,1875,1875,1875,0
2022-05-20 15:28:00,1875,1875,1875,1875,0
2022-05-20 15:29:00,1875,1875,1875,1875,0
2022-05-20 15:30:00,1875,1875,1875,1875,0
2022-05-20 15:31:00,1875,1875,1875,1875,0
2022-05-20 15:32:00,1875,1875,1875,1875,0
2022-05-20 15:33:00,1875,1875,1875,1875,0
2022-05-20 15:34:00,1875,1875,1875,1875,0
2022-05-20 15:35:00,1875,1875,1875,1875,0
2022-05-20 15:36:00,1875,1875,1875,1875,0
2022-05-20 15:37:00,1875,1875,1875,1875,0
2022-05-20 15:38:00,1875,1875,1875,1875,0
2022-05-20 15:39:00,1875,1875,1875,1875,0
2022-05-20 15:40:00,1875,1875,1875,1875,0
2022-05-20 15:41:00,1875,1875,1875,1875,0
2022-05-20 15:42:00,1875,1875,1875,1875,0
2022-05-20 15:43:00,1875,1875,1875,1875,0
2022-05-20 15:44:00,1875,1875,1875,1875,0
2022-05-20 15:45:00,1875,1875,1875,1875,0
2022-05-20 15:46:00,1875,1875,1875,1875,0
2022-05-20 15:47:00,1875,1875,1875,1875,0
2022-05-20 15:48:00,1875,1875,1875,1875,0
2022-05-20 15:49:00,1875,1875,1875,1875,0
2022-05-20 15:50:00,1875,1875,1875,1875,0
2022-05-20 15:51:00,1875,1875,1875,1875,0
2022-05-20 15:52:00,1875,1875,1875,1875,0
2022-05-20 15:53:00,1875,1875,1875,1875,0
2022-05-20 15:54:00,1875,1875,1875,1875,0
2022-05-20 15:55:00,1875,1875,1875,1875,0
2022-05-20 15:56:00,1875,1875,1875,1875,0
2022-05-20 15:57:00,1875,1875,1875,1875,0
2022-05-20 15:58:00,1875,1875,1875,1875,0
2022-05-20 15:59:00,1875,1875,1875,1875,0
2022-06-06 09:00:00,1870,1870,1870,1870,0
2022-06-06 09:01:00,1870,1870,1870,1870,0
2022-06-06 09:02:00,1870,1870,1870,1870,0
2022-06-06 09:03:00,1870,1870,1870,1870,0
2022-06-06 09:04:00,1870,1870,1870,1870,0
2022-06-06 09:05:00,1870,1870,1870,1870,0
2022-06-06 09:06:00,1870,1870,1870,1870,0
2022-06-06 09:07:00,1870,1870,1870,1870,0
2022-06-06 09:08:00,1870,1870,1870,1870,0
2022-06-06 09:09:00,1870,1870,1870,1870,0
2022-06-06 09:10:00,1870,1870,1870,1870,0
2022-06-06 09:11:00,1870,1870,1870,1870,0
2022-06-06 09:12:00,1870,1870,1870,1870,0
2022-06-06 09:13:00,1870,1870,1870,1870,0
2022-06-06 09:14:00,1870,1870,1870,1870,0
2022-06-06 09:15:00,1870,1870,1870,1870,0
2022-06-06 09:16:00,1870,1870,1870,1870,0
2022-06-06 09:17:00,1870,1870,1870,1870,0
2022-06-06 09:18:00,1870,1870,1870,1870,0
2022-06-06 09:19:00,1870,1870,1870,1870,0
2022-06-06 09:20:00,1870,1870,1870,1870,0
2022-06-06 09:21:00,1870,1870,1870,1870,0
2022-06-06 09:22:00,1870,1870,1870,1870,0
2022-06-06 09:23:00,1870,1870,1870,1870,0
2022-06-06 09:24:00,1870,1870,1870,1870,0
2022-06-06 09:25:00,1870,1870,1870,1870,0
2022-06-06 09:26:00,1870,1870,1870,1870,0
2022-06-06 09:27:00,1870,1870,1870,1870,0
2022-06-06 09:28:00,1870,1870,1870,1870,0
2022-06-06 09:29:00,1870,1870,1870,1870,0
2022-06-06 09:30:00,1870,1870,1870,1870,0
2022-06-06 09:31:00,1870,1870,1870,1870,0
2022-06-06 09:32:00,1870,1870,1870,1870,0
2022-06-06 09:33:00,1870,1870,1870,1870,0
2022-06-06 09:34:00,1870,1870,1870,1870,0
2022-06-06 09:35:00,1870,1870,1870,1870,0
2022-06-06 09:36:00,1870,1870,1870,1870,0
2022-06-06 09:37:00,1870,1870,1870,1870,0
2022-06-06 09:38:00,1870,1870,1870,1870,0
2022-06-06 09:39:00,1870,1870,1870,1870,0
2022-06-06 09:40:00,1870,1870,1870,1870,0
2022-06-06 09:41:00,1870,1870,1870,1870,0
2022-06-06 09:42:00,1870,1870,1870,1870,0
2022-06-06 09:43:00,1870,1870,1870,1870,0
2022-06-06 09:44:00,1870,1870,1870,1870,0
2022-06-06 09:45:00,1870,1870,1870,1870,0
2022-06-06 09:46:00,1870,1870,1870,1870,0
2022-06-06 09:47:00,1870,1870,1870,1870,0
2022-06-06 09:48:00,1870,1870,1870,1870,0
2022-06-06 09:49:00,1870,1870,1870,1870,0
2022-06-06 09:50:00,1870,1870,1870,1870,0
2022-06-06 09:51:00,1870,1870,1870,1870,0
2022-06-06 09:52:00,1870,1870,1870,1870,0
2022-06-06 09:53:00,1870,1870,1870,1870,0
2022-06-06 09:54:00,1870,1870,1870,1870,0
2022-06-06 09:55:00,1870,1870,1870,1870,0
2022-06-06 09:56:00,1870,1870,1870,1870,0
2022-06-06 09:57:00,1870,1870,1870,1870,0
2022-06-06 09:58:00,1870,1870,1870,1870,0
2022-06-06 09:59:00,1870,1870,1870,1870,0
2022-06-06 10:00:00,1870,1870,1870,1870,0
2022-06-06 10:01:00,1870,1870,1870,1870,0
2022-06-06 10:02:00,1870,1870,1870,1870,0
2022-06-06 10:03:00,1870,1870,1870,1870,0
2022-06-06 10:04:00,1870,1870,1870,1870,0
2022-06-06 10:05:00,1870,1870,1870,1870,0
2022-06-06 10:06:00,1870,1870,1870,1870,0
2022-06-06 10:07:00,1870,1870,1870,1870,0
2022-06-06 10:08:00,1870,1870,1870,1870,0
2022-06-06 10:09:00,1870,1870,1870,1870,0
2022-06-06 10:10:00,1870,1870,1870,1870,0
2022-06-06 10:11:00,1870,1870,1870,1870,0
2022-06-06 10:12:00,1870,1870,1870,1870,0
2022-06-06 10:13:00,1870,1870,1870,1870,0
2022-06-06 10:14:00,1870,1870,1870,1870,0
2022-06-06 10:15:00,1870,1870,1870,1870,0
2022-06-06 10:16:00,1870,1870,1870,1870,0
2022-06-06 10:17:00,1870,1870,1870,1870,0
2022-06-06 10:18:00,1870,1870,1870,1870,0
2022-06-06 10:19:00,1870,1870,1870,1870,0
2022-06-06 10:20:00,1870,1870,1870,1870,0
2022-06-06 10:21:00,1870,1870,1870,1870,0
2022-06-06 10:22:00,1870,1870,1870,1870,0
2022-06-06 10:23:00,1870,1870,1870,1870,0
2022-06-06 10:24:00,1870,1870,1870,1870,0
2022-06-06 10:25:00,1870,1870,1870,1870,0
2022-06-06 10:26:00,1870,1870,1870,1870,0
2022-06-06 10:27:00,1870,1870,1870,1870,0
2022-06-06 10:28:00,1870,1870,1870,1870,0
2022-06-06 10:29:00,1870,1870,1870,1870,0
2022-06-06 10:30:00,1870,1870,1870,1870,0
2022-06-06 10:31:00,1870,1870,1870,1870,0
2022-06-06 10:32:00,1870,1870,1870,1870,0
2022-06-06 10:33:00,1870,1870,1870,1870,0
2022-06-06 10:34:00,1870,1870,1870,1870,0
2022-06-06 10:35:00,1870,1870,1870,1870,0
2022-06-06 10:36:00,1870,1870,1870,1870,0
2022-06-06 10:37:00,1870,1870,1870,1870,0
2022-06-06 10:38:00,1870,1870,1870,1870,0
2022-06-06 10:39:00,1870,1870,1870,1870,0
2022-06-06 10:40:00,1870,1870,1870,1870,0
2022-06-06 10:41:00,1870,1870,1870,1870,0
2022-06-06 10:42:00,1870,1870,1870,1870,0
2022-06-06 10:43:00,1870,1870,1870,1870,0
2022-06-06 10:44:00,1870,1870,1870,1870,0
2022-06-06 10:45:00,1870,1870,1870,1870,0
2022-06-06 10:46:00,1870,1870,1870,1870,0
2022-06-06 10:47:00,1870,1870,1870,1870,0
2022-06-06 10:48:00,1870,1870,1870,1870,0
2022-06-06 10:49:00,1870,1870,1870,1870,0
2022-06-06 10:50:00,1870,1870,1870,1870,0
2022-06-06 10:51:00,1870,1870,1870,1870,0
2022-06-06 10:52:00,1870,1870,1870,1870,0
2022-06-06 10:53:00,1870,1870,1870,1870,0
2022-06-06 10:54:00,1870,1870,1870,1870,0
2022-06-06 10:55:00,1870,1870,1870,1870,0
2022-06-06 10:56:00,1870,1870,1870,1870,0
2022-06-06 10:57:00,1870,1870,1870,1870,0
2022-06-06 10:58:00,1870,1870,1870,1870,0
2022-06-06 10:59:00,1870,1870,1870,1870,0
2022-06-06 11:00:00,1870,1870,1870,1870,0
2022-06-06 11:01:00,1870,1870,1870,1870,0
2022-06-06 11:02:00,1870,1870,1870,1870,0
2022-06-06 11:03:00,1870,1870,1870,1870,0
2022-06-06 11:04:00,1870,1870,1870,1870,0
2022-06-06 11:05:00,1870,1870,1870,1870,0
2022-06-06 11:06:00,1870,1870,1870,1870,0
2022-06-06 11:07:00,1870,1870,1870,1870,0
2022-06-06 11:08:00,1870,1870,1870,1870,0
2022-06-06 11:09:00,1870,1870,1870,1870,0
2022-06-06 11:10:00,1870,1870,1870,1870,0
2022-06-06 11:11:00,1870,1870,1870,1870,0
2022-06-06 11:12:00,1870,1870,1870,1870,0
2022-06-06 11:13:00,1870,1870,1870,1870,0
2022-06-06 11:14:00,1870,1870,1870,1870,0
2022-06-06 11:15:00,1870,1870,1870,1870,0
2022-06-06 11:16:00,1870,1870,1870,1870,0
2022-06-06 11:17:00,1870,1870,1870,1870,0
2022-06-06 11:18:00,1870,1870,1870,1870,0
2022-06-06 11:19:00,1870,1870,1870,1870,0
2022-06-06 11:20:00,1870,1870,1870,1870,0
2022-06-06 11:21:00,1870,1870,1870,1870,0
2022-06-06 11:22:00,1870,1870,1870,1870,0
2022-06-06 11:23:00,1870,1870,1870,1870,0
2022-06-06 11:24:00,1870,1870,1870,1870,0
2022-06-06 11:25:00,1870,1870,1870,1870,0
2022-06-06 11:26:00,1870,1870,1870,1870,0
2022-06-06 11:27:00,1870,1870,1870,1870,0
2022-06-06 11:28:00,1870,1870,1870,1870,0
2022-06-06 11:29:00,1870,1870,1870,1870,0
2022-06-06 11:30:00,1870,1870,1870,1870,0
2022-06-06 11:31:00,1870,1870,1870,1870,0
2022-06-06 11:32:00,1870,1870,1870,1870,0
2022-06-06 11:33:00,1870,1870,1870,1870,0
2022-06-06 11:34:00,1870,1870,1870,1870,0
2022-06-06 11:35:00,1870,1870,1870,1870,0
2022-06-06 11:36:00,1870,1870,1870,1870,0
2022-06-06 11:37:00,1870,1870,1870,1870,0
2022-06-06 11:38:00,1870,1870,1870,1870,0
2022-06-06 11:39:00,1870,1870,1870,1870,0
2022-06-06 11:40:00,1870,1870,1870,1870,0
2022-06-06 11:41:00,1870,1870,1870,1870,0
2022-06-06 11:42:00,1870,1870,1870,1870,0
2022-06-06 11:43:00,1870,1870,1870,1870,0
2022-06-06 11:44:00,1870,1870,1870,1870,0
2022-06-06 11:45:00,1870,1870,1870,1870,0
2022-06-06 11:46:00,1870,1870,1870,1870,0
2022-06-06 11:47:00,1870,1870,1870,1870,0
2022-06-06 11:48:00,1870,1870,1870,1870,0
2022-06-06 11:49:00,1870,1870,1870,1870,0
2022-06-06 11:50:00,1870,1870,1870,1870,0
2022-06-06 11:51:00,1870,1870,1870,1870,0
2022-06-06 11:52:00,1870,1870,1870,1870,0
2022-06-06 11:53:00,1870,1870,1870,1870,0
2022-06-06 11:54:00,1870,1870,1870,1870,0
2022-06-06 11:55:00,1870,1870,1870,1870,0
2022-06-06 11:56:00,1870,1870,1870,1870,0
2022-06-06 11:57:00,1870,1870,1870,1870,0
2022-06-06 11:58:00,1870,1870,1870,1870,0
2022-06-06 11:59:00,1870,1870,1870,1870,0
2022-06-06 12:00:00,1870,1870,1870,1870,0
2022-06-06 12:01:00,1870,1870,1870,1870,0
2022-06-06 12:02:00,1870,1870,1870,1870,0
2022-06-06 12:03:00,1870,1870,1870,1870,0
2022-06-06 12:04:00,1870,1870,1870,1870,0
2022-06-06 12:05:00,1870,1870,1870,1870,0
2022-06-06 12:06:00,1870,1870,1870,1870,0
2022-06-06 12:07:00,1870,1870,1870,1870,0
2022-06-06 12:08:00,1870,1870,1870,1870,0
2022-06-06 12:09:00,1870,1870,1870,1870,0
2022-06-06 12:10:00,1870,1870,1870,1870,0
2022-06-06 12:11:00,1870,1870,1870,1870,0
2022-06-06 12:12:00,1870,1870,1870,1870,0
2022-06-06 12:13:00,1870,1870,1870,1870,0
2022-06-06 12:14:00,1870,1870,1870,1870,0
2022-06-06 12:15:00,1870,1870,1870,1870,0
2022-06-06 12:16:00,1870,1870,1870,1870,0
2022-06-06 12:17:00,1870,1870,1870,1870,0
2022-06-06 12:18:00,1870,1870,1870,1870,0
2022-06-06 12:19:00,1870,1870,1870,1870,0
2022-06-06 12:20:00,1870,1870,1870,1870,0
2022-06-06 12:21:00,1870,1870,1870,1870,0
2022-06-06 12:22:00,1870,1870,1870,1870,0
2022-06-06 12:23:00,1870,1870,1870,1870,0
2022-06-06 12:24:00,1870,1870,1870,1870,0
2022-06-06 12:25:00,1870,1870,1870,1870,0
2022-06-06 12:26:00,1870,1870,1870,1870,0
2022-06-06 12:27:00,1870,1870,1870,1870,0
2022-06-06 12:28:00,1870,1870,1870,1870,0
2022-06-06 12:29:00,1870,1870,1870,1870,0
2022-06-06 12:30:00,1870,1870,1870,1870,0
2022-06-06 12:31:00,1870,1870,1870,1870,0
2022-06-06 12:32:00,1870,1870,1870,1870,0
2022-06-06 12:33:00,1870,1870,1870,1870,0
2022-06-06 12:34:00,1870,1870,1870,1870,0
2022-06-06 12:35:00,1870,1870,1870,1870,0
2022-06-06 12:36:00,1870,1870,1870,1870,0
2022-06-06 12:37:00,1870,1870,1870,1870,0
2022-06-06 12:38:00,1870,1870,1870,1870,0
2022-06-06 12:39:00,1870,1870,1870,1870,0
2022-06-06 12:40:00,1870,1870,1870,1870,0
2022-06-06 12:41:00,1870,1870,1870,1870,0
2022-06-06 12:42:00,1870,1870,1870,1870,0
2022-06-06 12:43:00,1870,1870,1870,1870,0
2022-06-06 12:44:00,1870,1870,1870,1870,0
2022-06-06 12:45:00,1870,1870,1870,1870,0
2022-06-06 12:46:00,1870,1870,1870,1870,0
2022-06-06 12:47:00,1870,1870,1870,1870,0
2022-06-06 12:48:00,1870,1870,1870,1870,0
2022-06-06 12:49:00,1870,1870,1870,1870,0
2022-06-06 12:50:00,1870,1870,1870,1870,0
2022-06-06 12:51:00,1870,1870,1870,1870,0
2022-06-06 12:52:00,1870,1870,1870,1870,0
2022-06-06 12:53:00,1870,1870,1870,1870,0
2022-06-06 12:54:00,1870,1870,1870,1870,0
2022-06-06 12:55:00,1870,1870,1870,1870,0
2022-06-06 12:56:00,1870,1870,1870,1870,0
2022-06-06 12:57:00,1870,1870,1870,1870,0
2022-06-06 12:58:00,1870,1870,1870,1870,0
2022-06-06 12:59:00,1870,1870,1870,1870,0
2022-06-06 13:00:00,1870,1870,1870,1870,0
2022-06-06 13:01:00,1870,1870,1870,1870,0
2022-06-06 13:02:00,1870,1870,1870,1870,0
2022-06-06 13:03:00,1870,1870,1870,1870,0
2022-06-06 13:04:00,1870,1870,1870,1870,0
2022-06-06 13:05:00,1870,1870,1870,1870,0
2022-06-06 13:06:00,1870,1870,1870,1870,0
2022-06-06 13:07:00,1870,1870,1870,1870,0
2022-06-06 13:08:00,1870,1870,1870,1870,0
2022-06-06 13:09:00,1870,1870,1870,1870,0
2022-06-06 13:10:00,1870,1870,1870,1870,0
2022-06-06 13:11:00,1870,1870,1870,1870,0
2022-06-06 13:12:00,1870,1870,1870,1870,0
2022-06-06 13:13:00,1870,1870,1870,1870,0
2022-06-06 13:14:00,1870,1870,1870,1870,0
2022-06-06 13:15:00,1870,1870,1870,1870,0
2022-06-06 13:16:00,1870,1870,1870,1870,0
2022-06-06 13:17:00,1870,1870,1870,1870,0
2022-06-06 13:18:00,1870,1870,1870,1870,0
2022-06-06 13:19:00,1870,1870,1870,1870,0
2022-06-06 13:20:00,1870,1870,1870,1870,0
2022-06-06 13:21:00,1870,1870,1870,1870,0
2022-06-06 13:22:00,1870,1870,1870,1870,0
2022-06-06 13:23:00,1870,1870,1870,1870,0
2022-06-06 13:24:00,1870,1870,1870,1870,0
2022-06-06 13:25:00,1870,1870,1870,1870,0
2022-06-06 13:26:00,1870,1870,1870,1870,0
2022-06-06 13:27:00,1870,1870,1870,1870,0
2022-06-06 13:28:00,1870,1870,1870,1870,0
2022-06-06 13:29:00,1870,1870,1870,1870,0
2022-06-06 13:30:00,1870,1870,1870,1870,0
2022-06-06 13:31:00,1870,1870,1870,1870,0
2022-06-06 13:32:00,1870,1870,1870,1870,0
2022-06-06 13:33:00,1870,1870,1870,1870,0
2022-06-06 13:34:00,1870,1870,1870,1870,0
2022-06-06 13:35:00,1870,1870,1870,1870,0
2022-06-06 13:36:00,1870,1870,1870,1870,0
2022-06-06 13:37:00,1870,1870,1870,1870,0
2022-06-06 13:38:00,1870,1870,1870,1870,0
2022-06-06 13:39:00,1870,1870,1870,1870,0
2022-06-06 13:40:00,1870,1870,1870,1870,0
2022-06-06 13:41:00,1870,1870,1870,1870,0
2022-06-06 13:42:00,1870,1870,1870,1870,0
2022-06-06 13:43:00,1870,1870,1870,1870,0
2022-06-06 13:44:00,1870,1870,1870,1870,0
2022-06-06 13:45:00,1870,1870,1870,1870,0
2022-06-06 13:46:00,1870,1870,1870,1870,0
2022-06-06 13:47:00,1870,1870,1870,1870,0
2022-06-06 13:48:00,1870,1870,1870,1870,0
2022-06-06 13:49:00,1870,1870,1870,1870,0
2022-06-06 13:50:00,1870,1870,1870,1870,0
2022-06-06 13:51:00,1870,1870,1870,1870,0
2022-06-06 13:52:00,1870,1870,1870,1870,0
2022-06-06 13:53:00,1870,1870,1870,1870,0
2022-06-06 13:54:00,1870,1870,1870,1870,0
2022-06-06 13:55:00,1870,1870,1870,1870,0
2022-06-06 13:56:00,1870,1870,1870,1870,0
2022-06-06 13:57:00,1870,1870,1870,1870,0
2022-06-06 13:58:00,1870,1870,1870,1870,0
2022-06-06 13:59:00,1870,1870,1870,1870,0
2022-06-06 14:00:00,1870,1870,1870,1870,0
2022-06-06 14:01:00,1870,1870,1870,1870,0
2022-06-06 14:02:00,1870,1870,1870,1870,0
2022-06-06 14:03:00,1870,1870,1870,1870,0
2022-06-06 14:04:00,1870,1870,1870,1870,0
2022-06-06 14:05:00,1870,1870,1870,1870,0
2022-06-06 14:06:00,1870,1870,1870,1870,0
2022-06-06 14:07:00,1870,1870,1870,1870,0
2022-06-06 14:08:00,1870,1870,1870,1870,0
2022-06-06 14:09:00,1870,1870,1870,1870,0
2022-06-06 14:10:00,1870,1870,1870,1870,0
2022-06-06 14:11:00,1870,1870,1870,1870,0
2022-06-06 14:12:00,1870,1870,1870,1870,0
2022-06-06 14:13:00,1870,1870,1870,1870,0
2022-06-06 14:14:00,1870,1870,1870,1870,0
2022-06-06 14:15:00,1870,1870,1870,1870,0
2022-06-06 14:16:00,1870,1870,1870,1870,0
2022-06-06 14:17:00,1870,1870,1870,1870,0
2022-06-06 14:18:00,1870,1870,1870,1870,0
2022-06-06 14:19:00,1870,1870,1870,1870,0
2022-06-06 14:20:00,1870,1870,1870,1870,0
2022-06-06 14:21:00,1870,1870,1870,1870,0
2022-06-06 14:22:00,1870,1870,1870,1870,0
2022-06-06 14:23:00,1870,1870,1870,1870,0
2022-06-06 14:24:00,1870,1870,1870,1870,0
2022-06-06 14:25:00,1870,1870,1870,1870,0
2022-06-06 14:26:00,1870,1870,1870,1870,0
2022-06-06 14:27:00,1870,1870,1870,1870,0
2022-06-06 14:28:00,1870,1870,1870,1870,0
2022-06-06 14:29:00,1870,1870,1870,1870,0
2022-06-06 14:30:00,1870,1870,1870,1870,0
2022-06-06 14:31:00,1870,1870,1870,1870,0
2022-06-06 14:32:00,1870,1870,1870,1870,0
2022-06-06 14:33:00,1870,1870,1870,1870,0
2022-06-06 14:34:00,1870,1870,1870,1870,0
2022-06-06 14:35:00,1870,1870,1870,1870,0
2022-06-06 14:36:00,1870,1870,1870,1870,0
2022-06-06 14:37:00,1870,1870,1870,1870,0
2022-06-06 14:38:00,1870,1870,1870,1870,0
2022-06-06 14:39:00,1870,1870,1870,1870,0
2022-06-06 14:40:00,1870,1870,1870,1870,0
2022-06-06 14:41:00,1870,1870,1870,1870,0
2022-06-06 14:42:00,1905,1905,1905,1905,12500
2022-06-06 14:43:00,1905,1905,1905,1905,12500
2022-06-06 14:44:00,1905,1905,1905,1905,0
2022-06-06 14:45:00,1905,1905,1905,1905,0
2022-06-06 14:46:00,1905,1905,1905,1905,0
2022-06-06 14:47:00,1905,1905,1905,1905,0
2022-06-06 14:48:00,1905,1905,1905,1905,0
2022-06-06 14:49:00,1905,1905,1905,1905,0
2022-06-06 14:50:00,1905,1905,1905,1905,0
2022-06-06 14:51:00,1905,1905,1905,1905,0
2022-06-06 14:52:00,1905,1905,1905,1905,0
2022-06-06 14:53:00,1905,1905,1905,1905,0
2022-06-06 14:54:00,1905,1905,1905,1905,0
2022-06-06 14:55:00,1905,1905,1905,1905,0
2022-06-06 14:56:00,1905,1905,1905,1905,0
2022-06-06 14:57:00,1905,1905,1905,1905,0
2022-06-06 14:58:00,1905,1905,1905,1905,0
2022-06-06 14:59:00,1905,1905,1905,1905,0
2022-06-06 15:00:00,1910,1910,1910,1910,500
2022-06-06 15:01:00,1910,1910,1910,1910,0
2022-06-06 15:02:00,1910,1910,1910,1910,0
2022-06-06 15:03:00,1910,1910,1910,1910,0
2022-06-06 15:04:00,1910,1910,1910,1910,0
2022-06-06 15:05:00,1910,1910,1910,1910,0
2022-06-06 15:06:00,1910,1910,1910,1910,0
2022-06-06 15:07:00,1910,1910,1910,1910,0
2022-06-06 15:08:00,1910,1910,1910,1910,0
2022-06-06 15:09:00,1910,1910,1910,1910,0
2022-06-06 15:10:00,1910,1910,1910,1910,0
2022-06-06 15:11:00,1910,1910,1910,1910,0
2022-06-06 15:12:00,1910,1910,1910,1910,0
2022-06-06 15:13:00,1910,1910,1910,1910,0
2022-06-06 15:14:00,1910,1910,1910,1910,0
2022-06-06 15:15:00,1910,1910,1910,1910,0
2022-06-06 15:16:00,1910,1910,1910,1910,0
2022-06-06 15:17:00,1910,1910,1910,1910,0
2022-06-06 15:18:00,1910,1910,1910,1910,0
2022-06-06 15:19:00,1910,1910,1910,1910,0
2022-06-06 15:20:00,1910,1910,1910,1910,0
2022-06-06 15:21:00,1910,1910,1910,1910,0
2022-06-06 15:22:00,1910,1910,1910,1910,0
2022-06-06 15:23:00,1910,1910,1910,1910,0
2022-06-06 15:24:00,1910,1910,1910,1910,0
2022-06-06 15:25:00,1910,1910,1910,1910,0
2022-06-06 15:26:00,1910,1910,1910,1910,0
2022-06-06 15:27:00,1910,1910,1910,1910,0
2022-06-06 15:28:00,1910,1910,1910,1910,0
2022-06-06 15:29:00,1910,1910,1910,1910,0
2022-06-06 15:30:00,1910,1910,1910,1910,0
2022-06-06 15:31:00,1910,1910,1910,1910,0
2022-06-06 15:32:00,1910,1910,1910,1910,0
2022-06-06 15:33:00,1910,1910,1910,1910,0
2022-06-06 15:34:00,1910,1910,1910,1910,0
2022-06-06 15:35:00,1910,1910,1910,1910,0
2022-06-06 15:36:00,1910,1910,1910,1910,0
2022-06-06 15:37:00,1910,1910,1910,1910,0
2022-06-06 15:38:00,1910,1910,1910,1910,0
2022-06-06 15:39:00,1910,1910,1910,1910,0
2022-06-06 15:40:00,1910,1910,1910,1910,0
2022-06-06 15:41:00,1910,1910,1910,1910,0
2022-06-06 15:42:00,1910,1910,1910,1910,0
2022-06-06 15:43:00,1910,1910,1910,1910,0
2022-06-06 15:44:00,1910,1910,1910,1910,0
2022-06-06 15:45:00,1910,1910,1910,1910,0
2022-06-06 15:46:00,1910,1910,1910,1910,0
2022-06-06 15:47:00,1910,1910,1910,1910,0
2022-06-06 15:48:00,1910,1910,1910,1910,0
2022-06-06 15:49:00,1910,1910,1910,1910,0
2022-06-06 15:50:00,1910,1910,1910,1910,0
2022-06-06 15:51:00,1910,1910,1910,1910,0
2022-06-06 15:52:00,1910,1910,1910,1910,0
2022-06-06 15:53:00,1910,1910,1910,1910,0
2022-06-06 15:54:00,1910,1910,1910,1910,0
2022-06-06 15:55:00,1910,1910,1910,1910,0
2022-06-06 15:56:00,1910,1910,1910,1910,0
2022-06-06 15:57:00,1910,1910,1910,1910,0
2022-06-06 15:58:00,1910,1910,1910,1910,0
2022-06-06 15:59:00,1910,1910,1910,1910,0
2022-06-07 09:00:00,1910,1910,1910,1910,0
2022-06-07 09:01:00,1910,1910,1910,1910,0
2022-06-07 09:02:00,1910,1910,1910,1910,0
2022-06-07 09:03:00,1910,1910,1910,1910,0
2022-06-07 09:04:00,1910,1910,1910,1910,0
2022-06-07 09:05:00,1910,1910,1910,1910,0
2022-06-07 09:06:00,1910,1910,1910,1910,0
2022-06-07 09:07:00,1910,1910,1910,1910,0
2022-06-07 09:08:00,1910,1910,1910,1910,0
2022-06-07 09:09:00,1910,1910,1910,1910,0
2022-06-07 09:10:00,1910,1910,1910,1910,0
2022-06-07 09:11:00,1910,1910,1910,1910,0
2022-06-07 09:12:00,1910,1910,1910,1910,0
2022-06-07 09:13:00,1910,1910,1910,1910,0
2022-06-07 09:14:00,1910,1910,1910,1910,0
2022-06-07 09:15:00,1910,1910,1910,1910,0
2022-06-07 09:16:00,1910,1910,1910,1910,0
2022-06-07 09:17:00,1910,1910,1910,1910,0
2022-06-07 09:18:00,1910,1910,1910,1910,0
2022-06-07 09:19:00,1910,1910,1910,1910,0
2022-06-07 09:20:00,1910,1910,1910,1910,0
2022-06-07 09:21:00,1910,1910,1910,1910,0
2022-06-07 09:22:00,1910,1910,1910,1910,0
2022-06-07 09:23:00,1910,1910,1910,1910,0
2022-06-07 09:24:00,1910,1910,1910,1910,0
2022-06-07 09:25:00,1910,1910,1910,1910,0
2022-06-07 09:26:00,1910,1910,1910,1910,0
2022-06-07 09:27:00,1910,1910,1910,1910,0
2022-06-07 09:28:00,1910,1910,1910,1910,0
2022-06-07 09:29:00,1910,1910,1910,1910,0
2022-06-07 09:30:00,1910,1910,1910,1910,0
2022-06-07 09:31:00,1910,1910,1910,1910,0
2022-06-07 09:32:00,1910,1910,1910,1910,0
2022-06-07 09:33:00,1910,1910,1910,1910,0
2022-06-07 09:34:00,1910,1910,1910,1910,0
2022-06-07 09:35:00,1910,1910,1910,1910,0
2022-06-07 09:36:00,1910,1910,1910,1910,0
2022-06-07 09:37:00,1910,1910,1910,1910,0
2022-06-07 09:38:00,1910,1910,1910,1910,0
2022-06-07 09:39:00,1910,1910,1910,1910,0
2022-06-07 09:40:00,1910,1910,1910,1910,0
2022-06-07 09:41:00,1910,1910,1910,1910,0
2022-06-07 09:42:00,1910,1910,1910,1910,0
2022-06-07 09:43:00,1910,1910,1910,1910,0
2022-06-07 09:44:00,1910,1910,1910,1910,0
2022-06-07 09:45:00,1910,1910,1910,1910,0
2022-06-07 09:46:00,1910,1910,1910,1910,0
2022-06-07 09:47:00,1910,1910,1910,1910,0
2022-06-07 09:48:00,1910,1910,1910,1910,0
2022-06-07 09:49:00,1910,1910,1910,1910,0
2022-06-07 09:50:00,1910,1910,1910,1910,0
2022-06-07 09:51:00,1910,1910,1910,1910,0
2022-06-07 09:52:00,1910,1910,1910,1910,0
2022-06-07 09:53:00,1910,1910,1910,1910,0
2022-06-07 09:54:00,1910,1910,1910,1910,0
2022-06-07 09:55:00,1910,1910,1910,1910,0
2022-06-07 09:56:00,1910,1910,1910,1910,0
2022-06-07 09:57:00,1910,1910,1910,1910,0
2022-06-07 09:58:00,1910,1910,1910,1910,0
2022-06-07 09:59:00,1910,1910,1910,1910,0
2022-06-07 10:00:00,1910,1910,1910,1910,0
2022-06-07 10:01:00,1910,1910,1910,1910,0
2022-06-07 10:02:00,1910,1910,1910,1910,0
2022-06-07 10:03:00,1910,1910,1910,1910,0
2022-06-07 10:04:00,1910,1910,1910,1910,0
2022-06-07 10:05:00,1910,1910,1910,1910,0
2022-06-07 10:06:00,1910,1910,1910,1910,0
2022-06-07 10:07:00,1910,1910,1910,1910,0
2022-06-07 10:08:00,1910,1910,1910,1910,0
2022-06-07 10:09:00,1910,1910,1910,1910,0
2022-06-07 10:10:00,1910,1910,1910,1910,0
2022-06-07 10:11:00,1910,1910,1910,1910,0
2022-06-07 10:12:00,1910,1910,1910,1910,0
2022-06-07 10:13:00,1910,1910,1910,1910,0
2022-06-07 10:14:00,1910,1910,1910,1910,0
2022-06-07 10:15:00,1910,1910,1910,1910,0
2022-06-07 10:16:00,1910,1910,1910,1910,0
2022-06-07 10:17:00,1910,1910,1910,1910,0
2022-06-07 10:18:00,1910,1910,1910,1910,0
2022-06-07 10:19:00,1910,1910,1910,1910,0
2022-06-07 10:20:00,1910,1910,1910,1910,0
2022-06-07 10:21:00,1910,1910,1910,1910,0
2022-06-07 10:22:00,1910,1910,1910,1910,0
2022-06-07 10:23:00,1910,1910,1910,1910,0
2022-06-07 10:24:00,1910,1910,1910,1910,0
2022-06-07 10:25:00,1910,1910,1910,1910,0
2022-06-07 10:26:00,1910,1910,1910,1910,0
2022-06-07 10:27:00,1910,1910,1910,1910,0
2022-06-07 10:28:00,1910,1910,1910,1910,0
2022-06-07 10:29:00,1910,1910,1910,1910,0
2022-06-07 10:30:00,1910,1910,1910,1910,0
2022-06-07 10:31:00,1910,1910,1910,1910,0
2022-06-07 10:32:00,1910,1910,1910,1910,0
2022-06-07 10:33:00,1910,1910,1910,1910,0
2022-06-07 10:34:00,1910,1910,1910,1910,0
2022-06-07 10:35:00,1910,1910,1910,1910,0
2022-06-07 10:36:00,1910,1910,1910,1910,0
2022-06-07 10:37:00,1910,1910,1910,1910,0
2022-06-07 10:38:00,1910,1910,1910,1910,0
2022-06-07 10:39:00,1910,1910,1910,1910,0
2022-06-07 10:40:00,1910,1910,1910,1910,0
2022-06-07 10:41:00,1910,1910,1910,1910,0
2022-06-07 10:42:00,1910,1910,1910,1910,0
2022-06-07 10:43:00,1910,1910,1910,1910,0
2022-06-07 10:44:00,1910,1910,1910,1910,0
2022-06-07 10:45:00,1910,1910,1910,1910,0
2022-06-07 10:46:00,1910,1910,1910,1910,0
2022-06-07 10:47:00,1910,1910,1910,1910,0
2022-06-07 10:48:00,1910,1910,1910,1910,0
2022-06-07 10:49:00,1910,1910,1910,1910,0
2022-06-07 10:50:00,1910,1910,1910,1910,0
2022-06-07 10:51:00,1910,1910,1910,1910,0
2022-06-07 10:52:00,1910,1910,1910,1910,0
2022-06-07 10:53:00,1910,1910,1910,1910,0
2022-06-07 10:54:00,1910,1910,1910,1910,0
2022-06-07 10:55:00,1910,1910,1910,1910,0
2022-06-07 10:56:00,1910,1910,1910,1910,0
2022-06-07 10:57:00,1910,1910,1910,1910,0
2022-06-07 10:58:00,1910,1910,1910,1910,0
2022-06-07 10:59:00,1910,1910,1910,1910,0
2022-06-07 11:00:00,1910,1910,1910,1910,0
2022-06-07 11:01:00,1910,1910,1910,1910,0
2022-06-07 11:02:00,1910,1910,1910,1910,0
2022-06-07 11:03:00,1910,1910,1910,1910,0
2022-06-07 11:04:00,1910,1910,1910,1910,0
2022-06-07 11:05:00,1910,1910,1910,1910,0
2022-06-07 11:06:00,1910,1910,1910,1910,0
2022-06-07 11:07:00,1910,1910,1910,1910,0
2022-06-07 11:08:00,1910,1910,1910,1910,0
2022-06-07 11:09:00,1910,1910,1910,1910,0
2022-06-07 11:10:00,1910,1910,1910,1910,0
2022-06-07 11:11:00,1910,1910,1910,1910,0
2022-06-07 11:12:00,1910,1910,1910,1910,0
2022-06-07 11:13:00,1910,1910,1910,1910,0
2022-06-07 11:14:00,1910,1910,1910,1910,0
2022-06-07 11:15:00,1910,1910,1910,1910,0
2022-06-07 11:16:00,1910,1910,1910,1910,0
2022-06-07 11:17:00,1910,1910,1910,1910,0
2022-06-07 11:18:00,1910,1910,1910,1910,0
2022-06-07 11:19:00,1910,1910,1910,1910,0
2022-06-07 11:20:00,1910,1910,1910,1910,0
2022-06-07 11:21:00,1910,1910,1910,1910,0
2022-06-07 11:22:00,1910,1910,1910,1910,0
2022-06-07 11:23:00,1910,1910,1910,1910,0
2022-06-07 11:24:00,1910,1910,1910,1910,0
2022-06-07 11:25:00,1910,1910,1910,1910,0
2022-06-07 11:26:00,1910,1910,1910,1910,0
2022-06-07 11:27:00,1910,1910,1910,1910,0
2022-06-07 11:28:00,1910,1910,1910,1910,0
2022-06-07 11:29:00,1910,1910,1910,1910,0
2022-06-07 11:30:00,1910,1910,1910,1910,0
2022-06-07 11:31:00,1910,1910,1910,1910,0
2022-06-07 11:32:00,1910,1910,1910,1910,0
2022-06-07 11:33:00,1910,1910,1910,1910,0
2022-06-07 11:34:00,1910,1910,1910,1910,0
2022-06-07 11:35:00,1910,1910,1910,1910,0
2022-06-07 11:36:00,1910,1910,1910,1910,0
2022-06-07 11:37:00,1910,1910,1910,1910,0
2022-06-07 11:38:00,1910,1910,1910,1910,0
2022-06-07 11:39:00,1910,1910,1910,1910,0
2022-06-07 11:40:00,1910,1910,1910,1910,0
2022-06-07 11:41:00,1910,1910,1910,1910,0
2022-06-07 11:42:00,1910,1910,1910,1910,0
2022-06-07 11:43:00,1910,1910,1910,1910,0
2022-06-07 11:44:00,1910,1910,1910,1910,0
2022-06-07 11:45:00,1910,1910,1910,1910,0
2022-06-07 11:46:00,1910,1910,1910,1910,0
2022-06-07 11:47:00,1910,1910,1910,1910,0
2022-06-07 11:48:00,1910,1910,1910,1910,0
2022-06-07 11:49:00,1910,1910,1910,1910,0
2022-06-07 11:50:00,1910,1910,1910,1910,0
2022-06-07 11:51:00,1910,1910,1910,1910,0
2022-06-07 11:52:00,1910,1910,1910,1910,0
2022-06-07 11:53:00,1910,1910,1910,1910,0
2022-06-07 11:54:00,1910,1910,1910,1910,0
2022-06-07 11:55:00,1910,1910,1910,1910,0
2022-06-07 11:56:00,1910,1910,1910,1910,0
2022-06-07 11:57:00,1910,1910,1910,1910,0
2022-06-07 11:58:00,1910,1910,1910,1910,0
2022-06-07 11:59:00,1910,1910,1910,1910,0
2022-06-07 12:00:00,1910,1910,1910,1910,0
2022-06-07 12:01:00,1910,1910,1910,1910,0
2022-06-07 12:02:00,1910,1910,1910,1910,0
2022-06-07 12:03:00,1910,1910,1910,1910,0
2022-06-07 12:04:00,1910,1910,1910,1910,0
2022-06-07 12:05:00,1910,1910,1910,1910,0
2022-06-07 12:06:00,1910,1910,1910,1910,0
2022-06-07 12:07:00,1910,1910,1910,1910,0
2022-06-07 12:08:00,1910,1910,1910,1910,0
2022-06-07 12:09:00,1910,1910,1910,1910,0
2022-06-07 12:10:00,1910,1910,1910,1910,0
2022-06-07 12:11:00,1910,1910,1910,1910,0
2022-06-07 12:12:00,1910,1910,1910,1910,0
2022-06-07 12:13:00,1910,1910,1910,1910,0
2022-06-07 12:14:00,1910,1910,1910,1910,0
2022-06-07 12:15:00,1910,1910,1910,1910,0
2022-06-07 12:16:00,1910,1910,1910,1910,0
2022-06-07 12:17:00,1910,1910,1910,1910,0
2022-06-07 12:18:00,1910,1910,1910,1910,0
2022-06-07 12:19:00,1910,1910,1910,1910,0
2022-06-07 12:20:00,1910,1910,1910,1910,0
2022-06-07 12:21:00,1910,1910,1910,1910,0
2022-06-07 12:22:00,1910,1910,1910,1910,0
2022-06-07 12:23:00,1910,1910,1910,1910,0
2022-06-07 12:24:00,1910,1910,1910,1910,0
2022-06-07 12:25:00,1910,1910,1910,1910,0
2022-06-07 12:26:00,1910,1910,1910,1910,0
2022-06-07 12:27:00,1910,1910,1910,1910,0
2022-06-07 12:28:00,1910,1910,1910,1910,0
2022-06-07 12:29:00,1910,1910,1910,1910,0
2022-06-07 12:30:00,1910,1910,1910,1910,0
2022-06-07 12:31:00,1910,1910,1910,1910,0
2022-06-07 12:32:00,1910,1910,1910,1910,0
2022-06-07 12:33:00,1910,1910,1910,1910,0
2022-06-07 12:34:00,1910,1910,1910,1910,0
2022-06-07 12:35:00,1910,1910,1910,1910,0
2022-06-07 12:36:00,1910,1910,1910,1910,0
2022-06-07 12:37:00,1910,1910,1910,1910,0
2022-06-07 12:38:00,1910,1910,1910,1910,0
2022-06-07 12:39:00,1910,1910,1910,1910,0
2022-06-07 12:40:00,1910,1910,1910,1910,0
2022-06-07 12:41:00,1910,1910,1910,1910,0
2022-06-07 12:42:00,1910,1910,1910,1910,0
2022-06-07 12:43:00,1910,1910,1910,1910,0
2022-06-07 12:44:00,1910,1910,1910,1910,0
2022-06-07 12:45:00,1910,1910,1910,1910,0
2022-06-07 12:46:00,1910,1910,1910,1910,0
2022-06-07 12:47:00,1910,1910,1910,1910,0
2022-06-07 12:48:00,1910,1910,1910,1910,0
2022-06-07 12:49:00,1910,1910,1910,1910,0
2022-06-07 12:50:00,1910,1910,1910,1910,0
2022-06-07 12:51:00,1910,1910,1910,1910,0
2022-06-07 12:52:00,1910,1910,1910,1910,0
2022-06-07 12:53:00,1910,1910,1910,1910,0
2022-06-07 12:54:00,1910,1910,1910,1910,0
2022-06-07 12:55:00,1910,1910,1910,1910,0
2022-06-07 12:56:00,1910,1910,1910,1910,0
2022-06-07 12:57:00,1910,1910,1910,1910,0
2022-06-07 12:58:00,1910,1910,1910,1910,0
2022-06-07 12:59:00,1910,1910,1910,1910,0
2022-06-07 13:00:00,1910,1910,1910,1910,0
2022-06-07 13:01:00,1910,1910,1910,1910,0
2022-06-07 13:02:00,1910,1910,1910,1910,0
2022-06-07 13:03:00,1910,1910,1910,1910,0
2022-06-07 13:04:00,1910,1910,1910,1910,0
2022-06-07 13:05:00,1910,1910,1910,1910,0
2022-06-07 13:06:00,1910,1910,1910,1910,0
2022-06-07 13:07:00,1910,1910,1910,1910,0
2022-06-07 13:08:00,1910,1910,1910,1910,0
2022-06-07 13:09:00,1910,1910,1910,1910,0
2022-06-07 13:10:00,1910,1910,1910,1910,0
2022-06-07 13:11:00,1910,1910,1910,1910,0
2022-06-07 13:12:00,1910,1910,1910,1910,0
2022-06-07 13:13:00,1910,1910,1910,1910,0
2022-06-07 13:14:00,1910,1910,1910,1910,0
2022-06-07 13:15:00,1910,1910,1910,1910,0
2022-06-07 13:16:00,1910,1910,1910,1910,0
2022-06-07 13:17:00,1910,1910,1910,1910,0
2022-06-07 13:18:00,1910,1910,1910,1910,0
2022-06-07 13:19:00,1910,1910,1910,1910,0
2022-06-07 13:20:00,1910,1910,1910,1910,0
2022-06-07 13:21:00,1910,1910,1910,1910,0
2022-06-07 13:22:00,1910,1910,1910,1910,0
2022-06-07 13:23:00,1910,1910,1910,1910,0
2022-06-07 13:24:00,1910,1910,1910,1910,0
2022-06-07 13:25:00,1910,1910,1910,1910,0
2022-06-07 13:26:00,1910,1910,1910,1910,0
2022-06-07 13:27:00,1910,1910,1910,1910,0
2022-06-07 13:28:00,1910,1910,1910,1910,0
2022-06-07 13:29:00,1910,1910,1910,1910,0
2022-06-07 13:30:00,1910,1910,1910,1910,0
2022-06-07 13:31:00,1910,1910,1910,1910,0
2022-06-07 13:32:00,1910,1910,1910,1910,0
2022-06-07 13:33:00,1910,1910,1910,1910,0
2022-06-07 13:34:00,1910,1910,1910,1910,0
2022-06-07 13:35:00,1910,1910,1910,1910,0
2022-06-07 13:36:00,1910,1910,1910,1910,0
2022-06-07 13:37:00,1910,1910,1910,1910,0
2022-06-07 13:38:00,1910,1910,1910,1910,0
2022-06-07 13:39:00,1910,1910,1910,1910,0
2022-06-07 13:40:00,1910,1910,1910,1910,0
2022-06-07 13:41:00,1910,1910,1910,1910,0
2022-06-07 13:42:00,1910,1910,1910,1910,0
2022-06-07 13:43:00,1910,1910,1910,1910,0
2022-06-07 13:44:00,1910,1910,1910,1910,0
2022-06-07 13:45:00,1910,1910,1910,1910,0
2022-06-07 13:46:00,1910,1910,1910,1910,0
2022-06-07 13:47:00,1910,1910,1910,1910,0
2022-06-07 13:48:00,1910,1910,1910,1910,0
2022-06-07 13:49:00,1910,1910,1910,1910,0
2022-06-07 13:50:00,1910,1910,1910,1910,0
2022-06-07 13:51:00,1910,1910,1910,1910,0
2022-06-07 13:52:00,1910,1910,1910,1910,0
2022-06-07 13:53:00,1910,1910,1910,1910,0
2022-06-07 13:54:00,1910,1910,1910,1910,0
2022-06-07 13:55:00,1910,1910,1910,1910,0
2022-06-07 13:56:00,1910,1910,1910,1910,0
2022-06-07 13:57:00,1910,1910,1910,1910,0
2022-06-07 13:58:00,1910,1910,1910,1910,0
2022-06-07 13:59:00,1910,1910,1910,1910,0
2022-06-07 14:00:00,1910,1910,1910,1910,0
2022-06-07 14:01:00,1910,1910,1910,1910,0
2022-06-07 14:02:00,1910,1910,1910,1910,0
2022-06-07 14:03:00,1910,1910,1910,1910,0
2022-06-07 14:04:00,1910,1910,1910,1910,0
2022-06-07 14:05:00,1910,1910,1910,1910,0
2022-06-07 14:06:00,1910,1910,1910,1910,0
2022-06-07 14:07:00,1910,1910,1910,1910,0
2022-06-07 14:08:00,1910,1910,1910,1910,0
2022-06-07 14:09:00,1910,1910,1910,1910,0
2022-06-07 14:10:00,1910,1910,1910,1910,0
2022-06-07 14:11:00,1910,1910,1910,1910,0
2022-06-07 14:12:00,1910,1910,1910,1910,0
2022-06-07 14:13:00,1910,1910,1910,1910,0
2022-06-07 14:14:00,1910,1910,1910,1910,0
2022-06-07 14:15:00,1910,1910,1910,1910,0
2022-06-07 14:16:00,1910,1910,1910,1910,0
2022-06-07 14:17:00,1910,1910,1910,1910,0
2022-06-07 14:18:00,1910,1910,1910,1910,0
2022-06-07 14:19:00,1910,1910,1910,1910,0
2022-06-07 14:20:00,1910,1910,1910,1910,0
2022-06-07 14:21:00,1910,1910,1910,1910,0
2022-06-07 14:22:00,1910,1910,1910,1910,0
2022-06-07 14:23:00,1910,1910,1910,1910,0
2022-06-07 14:24:00,1910,1910,1910,1910,0
2022-06-07 14:25:00,1910,1910,1910,1910,0
2022-06-07 14:26:00,1910,1910,1910,1910,0
2022-06-07 14:27:00,1910,1910,1910,1910,0
2022-06-07 14:28:00,1910,1910,1910,1910,0
2022-06-07 14:29:00,1910,1910,1910,1910,0
2022-06-07 14:30:00,1910,1910,1910,1910,0
2022-06-07 14:31:00,1910,1910,1910,1910,0
2022-06-07 14:32:00,1910,1910,1910,1910,0
2022-06-07 14:33:00,1910,1910,1910,1910,0
2022-06-07 14:34:00,1910,1910,1910,1910,0
2022-06-07 14:35:00,1910,1910,1910,1910,0
2022-06-07 14:36:00,1910,1910,1910,1910,0
2022-06-07 14:37:00,1910,1910,1910,1910,0
2022-06-07 14:38:00,1910,1910,1910,1910,0
2022-06-07 14:39:00,1910,1910,1910,1910,0
2022-06-07 14:40:00,1910,1910,1910,1910,0
2022-06-07 14:41:00,1910,1910,1910,1910,0
2022-06-07 14:42:00,1910,1910,1910,1910,0
2022-06-07 14:43:00,1910,1910,1910,1910,0
2022-06-07 14:44:00,1910,1910,1910,1910,0
2022-06-07 14:45:00,1910,1910,1910,1910,0
2022-06-07 14:46:00,1910,1910,1910,1910,0
2022-06-07 14:47:00,1910,1910,1910,1910,0
2022-06-07 14:48:00,1910,1910,1910,1910,0
2022-06-07 14:49:00,1910,1910,1910,1910,0
2022-06-07 14:50:00,1910,1910,1910,1910,0
2022-06-07 14:51:00,1910,1910,1910,1910,0
2022-06-07 14:52:00,1910,1910,1910,1910,0
2022-06-07 14:53:00,1910,1910,1910,1910,0
2022-06-07 14:54:00,1910,1910,1910,1910,0
2022-06-07 14:55:00,1910,1910,1910,1910,0
2022-06-07 14:56:00,1910,1910,1910,1910,0
2022-06-07 14:57:00,1910,1910,1910,1910,0
2022-06-07 14:58:00,1910,1910,1910,1910,0
2022-06-07 14:59:00,1910,1910,1910,1910,0
2022-06-07 15:00:00,1900,1900,1900,1900,0
2022-06-07 15:01:00,1900,1900,1900,1900,0
2022-06-07 15:02:00,1900,1900,1900,1900,0
2022-06-07 15:03:00,1900,1900,1900,1900,0
2022-06-07 15:04:00,1900,1900,1900,1900,0
2022-06-07 15:05:00,1900,1900,1900,1900,0
2022-06-07 15:06:00,1900,1900,1900,1900,0
2022-06-07 15:07:00,1900,1900,1900,1900,0
2022-06-07 15:08:00,1900,1900,1900,1900,0
2022-06-07 15:09:00,1900,1900,1900,1900,0
2022-06-07 15:10:00,1900,1900,1900,1900,0
2022-06-07 15:11:00,1900,1900,1900,1900,0
2022-06-07 15:12:00,1900,1900,1900,1900,0
2022-06-07 15:13:00,1900,1900,1900,1900,0
2022-06-07 15:14:00,1900,1900,1900,1900,0
2022-06-07 15:15:00,1900,1900,1900,1900,0
2022-06-07 15:16:00,1900,1900,1900,1900,0
2022-06-07 15:17:00,1900,1900,1900,1900,0
2022-06-07 15:18:00,1900,1900,1900,1900,0
2022-06-07 15:19:00,1900,1900,1900,1900,0
2022-06-07 15:20:00,1900,1900,1900,1900,0
2022-06-07 15:21:00,1900,1900,1900,1900,0
2022-06-07 15:22:00,1900,1900,1900,1900,0
2022-06-07 15:23:00,1900,1900,1900,1900,0
2022-06-07 15:24:00,1900,1900,1900,1900,0
2022-06-07 15:25:00,1900,1900,1900,1900,0
2022-06-07 15:26:00,1900,1900,1900,1900,0
2022-06-07 15:27:00,1900,1900,1900,1900,0
2022-06-07 15:28:00,1900,1900,1900,1900,0
2022-06-07 15:29:00,1900,1900,1900,1900,0
2022-06-07 15:30:00,1900,1900,1900,1900,0
2022-06-07 15:31:00,1900,1900,1900,1900,0
2022-06-07 15:32:00,1900,1900,1900,1900,0
2022-06-07 15:33:00,1900,1900,1900,1900,0
2022-06-07 15:34:00,1900,1900,1900,1900,0
2022-06-07 15:35:00,1900,1900,1900,1900,0
2022-06-07 15:36:00,1900,1900,1900,1900,0
2022-06-07 15:37:00,1900,1900,1900,1900,0
2022-06-07 15:38:00,1900,1900,1900,1900,0
2022-06-07 15:39:00,1900,1900,1900,1900,0
2022-06-07 15:40:00,1900,1900,1900,1900,0
2022-06-07 15:41:00,1900,1900,1900,1900,0
2022-06-07 15:42:00,1900,1900,1900,1900,0
2022-06-07 15:43:00,1900,1900,1900,1900,0
2022-06-07 15:44:00,1900,1900,1900,1900,0
2022-06-07 15:45:00,1900,1900,1900,1900,0
2022-06-07 15:46:00,1900,1900,1900,1900,0
2022-06-07 15:47:00,1900,1900,1900,1900,0
2022-06-07 15:48:00,1900,1900,1900,1900,0
2022-06-07 15:49:00,1900,1900,1900,1900,0
2022-06-07 15:50:00,1900,1900,1900,1900,0
2022-06-07 15:51:00,1900,1900,1900,1900,0
2022-06-07 15:52:00,1900,1900,1900,1900,0
2022-06-07 15:53:00,1900,1900,1900,1900,0
2022-06-07 15:54:00,1900,1900,1900,1900,0
2022-06-07 15:55:00,1900,1900,1900,1900,0
2022-06-07 15:56:00,1900,1900,1900,1900,0
2022-06-07 15:57:00,1900,1900,1900,1900,0
2022-06-07 15:58:00,1900,1900,1900,1900,0
2022-06-07 15:59:00,1900,1900,1900,1900,0
2022-06-08 09:00:00,1900,1900,1900,1900,0
2022-06-08 09:01:00,1900,1900,1900,1900,0
2022-06-08 09:02:00,1900,1900,1900,1900,0
2022-06-08 09:03:00,1900,1900,1900,1900,0
2022-06-08 09:04:00,1900,1900,1900,1900,0
2022-06-08 09:05:00,1900,1900,1900,1900,0
2022-06-08 09:06:00,1900,1900,1900,1900,0
2022-06-08 09:07:00,1900,1900,1900,1900,0
2022-06-08 09:08:00,1900,1900,1900,1900,0
2022-06-08 09:09:00,1900,1900,1900,1900,0
2022-06-08 09:10:00,1900,1900,1900,1900,0
2022-06-08 09:11:00,1900,1900,1900,1900,0
2022-06-08 09:12:00,1900,1900,1900,1900,0
2022-06-08 09:13:00,1900,1900,1900,1900,0
2022-06-08 09:14:00,1900,1900,1900,1900,0
2022-06-08 09:15:00,1900,1900,1900,1900,0
2022-06-08 09:16:00,1900,1900,1900,1900,0
2022-06-08 09:17:00,1900,1900,1900,1900,0
2022-06-08 09:18:00,1900,1900,1900,1900,0
2022-06-08 09:19:00,1900,1900,1900,1900,0
2022-06-08 09:20:00,1900,1900,1900,1900,0
2022-06-08 09:21:00,1900,1900,1900,1900,0
2022-06-08 09:22:00,1900,1900,1900,1900,0
2022-06-08 09:23:00,1900,1900,1900,1900,0
2022-06-08 09:24:00,1900,1900,1900,1900,0
2022-06-08 09:25:00,1900,1900,1900,1900,0
2022-06-08 09:26:00,1900,1900,1900,1900,0
2022-06-08 09:27:00,1900,1900,1900,1900,0
2022-06-08 09:28:00,1900,1900,1900,1900,0
2022-06-08 09:29:00,1900,1900,1900,1900,0
2022-06-08 09:30:00,1900,1900,1900,1900,0
2022-06-08 09:31:00,1900,1900,1900,1900,0
2022-06-08 09:32:00,1900,1900,1900,1900,0
2022-06-08 09:33:00,1900,1900,1900,1900,0
2022-06-08 09:34:00,1900,1900,1900,1900,0
2022-06-08 09:35:00,1900,1900,1900,1900,0
2022-06-08 09:36:00,1900,1900,1900,1900,0
2022-06-08 09:37:00,1900,1900,1900,1900,0
2022-06-08 09:38:00,1900,1900,1900,1900,0
2022-06-08 09:39:00,1900,1900,1900,1900,0
2022-06-08 09:40:00,1900,1900,1900,1900,0
2022-06-08 09:41:00,1900,1900,1900,1900,0
2022-06-08 09:42:00,1900,1900,1900,1900,0
2022-06-08 09:43:00,1900,1900,1900,1900,0
2022-06-08 09:44:00,1900,1900,1900,1900,0
2022-06-08 09:45:00,1900,1900,1900,1900,0
2022-06-08 09:46:00,1900,1900,1900,1900,0
2022-06-08 09:47:00,1900,1900,1900,1900,0
2022-06-08 09:48:00,1900,1900,1900,1900,0
2022-06-08 09:49:00,1900,1900,1900,1900,0
2022-06-08 09:50:00,1900,1900,1900,1900,0
2022-06-08 09:51:00,1900,1900,1900,1900,0
2022-06-08 09:52:00,1900,1900,1900,1900,0
2022-06-08 09:53:00,1900,1900,1900,1900,0
2022-06-08 09:54:00,1900,1900,1900,1900,0
2022-06-08 09:55:00,1900,1900,1900,1900,0
2022-06-08 09:56:00,1900,1900,1900,1900,0
2022-06-08 09:57:00,1900,1900,1900,1900,0
2022-06-08 09:58:00,1900,1900,1900,1900,0
2022-06-08 09:59:00,1900,1900,1900,1900,0
2022-06-08 10:00:00,1900,1900,1900,1900,0
2022-06-08 10:01:00,1900,1900,1900,1900,0
2022-06-08 10:02:00,1900,1900,1900,1900,0
2022-06-08 10:03:00,1900,1900,1900,1900,0
2022-06-08 10:04:00,1900,1900,1900,1900,0
2022-06-08 10:05:00,1900,1900,1900,1900,0
2022-06-08 10:06:00,1900,1900,1900,1900,0
2022-06-08 10:07:00,1900,1900,1900,1900,0
2022-06-08 10:08:00,1900,1900,1900,1900,0
2022-06-08 10:09:00,1900,1900,1900,1900,0
2022-06-08 10:10:00,1900,1900,1900,1900,0
2022-06-08 10:11:00,1900,1900,1900,1900,0
2022-06-08 10:12:00,1900,1900,1900,1900,0
2022-06-08 10:13:00,1900,1900,1900,1900,0
2022-06-08 10:14:00,1900,1900,1900,1900,0
2022-06-08 10:15:00,1900,1900,1900,1900,0
2022-06-08 10:16:00,1900,1900,1900,1900,0
2022-06-08 10:17:00,1900,1900,1900,1900,0
2022-06-08 10:18:00,1900,1900,1900,1900,0
2022-06-08 10:19:00,1900,1900,1900,1900,0
2022-06-08 10:20:00,1900,1900,1900,1900,0
2022-06-08 10:21:00,1900,1900,1900,1900,0
2022-06-08 10:22:00,1900,1900,1900,1900,0
2022-06-08 10:23:00,1900,1900,1900,1900,0
2022-06-08 10:24:00,1900,1900,1900,1900,0
2022-06-08 10:25:00,1900,1900,1900,1900,0
2022-06-08 10:26:00,1900,1900,1900,1900,0
2022-06-08 10:27:00,1900,1900,1900,1900,0
2022-06-08 10:28:00,1900,1900,1900,1900,0
2022-06-08 10:29:00,1900,1900,1900,1900,0
2022-06-08 10:30:00,1900,1900,1900,1900,0
2022-06-08 10:31:00,1900,1900,1900,1900,0
2022-06-08 10:32:00,1900,1900,1900,1900,0
2022-06-08 10:33:00,1900,1900,1900,1900,0
2022-06-08 10:34:00,1900,1900,1900,1900,0
2022-06-08 10:35:00,1900,1900,1900,1900,0
2022-06-08 10:36:00,1900,1900,1900,1900,0
2022-06-08 10:37:00,1900,1900,1900,1900,0
2022-06-08 10:38:00,1900,1900,1900,1900,0
2022-06-08 10:39:00,1900,1900,1900,1900,0
2022-06-08 10:40:00,1900,1900,1900,1900,0
2022-06-08 10:41:00,1900,1900,1900,1900,0
2022-06-08 10:42:00,1900,1900,1900,1900,0
2022-06-08 10:43:00,1900,1900,1900,1900,0
2022-06-08 10:44:00,1900,1900,1900,1900,0
2022-06-08 10:45:00,1900,1900,1900,1900,0
2022-06-08 10:46:00,1900,1900,1900,1900,0
2022-06-08 10:47:00,1900,1900,1900,1900,0
2022-06-08 10:48:00,1900,1900,1900,1900,0
2022-06-08 10:49:00,1900,1900,1900,1900,0
2022-06-08 10:50:00,1900,1900,1900,1900,0
2022-06-08 10:51:00,1900,1900,1900,1900,0
2022-06-08 10:52:00,1900,1900,1900,1900,0
2022-06-08 10:53:00,1900,1900,1900,1900,0
2022-06-08 10:54:00,1900,1900,1900,1900,0
2022-06-08 10:55:00,1900,1900,1900,1900,0
2022-06-08 10:56:00,1900,1900,1900,1900,0
2022-06-08 10:57:00,1900,1900,1900,1900,0
2022-06-08 10:58:00,1900,1900,1900,1900,0
2022-06-08 10:59:00,1900,1900,1900,1900,0
2022-06-08 11:00:00,1900,1900,1900,1900,0
2022-06-08 11:01:00,1900,1900,1900,1900,0
2022-06-08 11:02:00,1900,1900,1900,1900,0
2022-06-08 11:03:00,1900,1900,1900,1900,0
2022-06-08 11:04:00,1900,1900,1900,1900,0
2022-06-08 11:05:00,1900,1900,1900,1900,0
2022-06-08 11:06:00,1900,1900,1900,1900,0
2022-06-08 11:07:00,1900,1900,1900,1900,0
2022-06-08 11:08:00,1900,1900,1900,1900,0
2022-06-08 11:09:00,1900,1900,1900,1900,0
2022-06-08 11:10:00,1900,1900,1900,1900,0
2022-06-08 11:11:00,1900,1900,1900,1900,0
2022-06-08 11:12:00,1900,1900,1900,1900,0
2022-06-08 11:13:00,1900,1900,1900,1900,0
2022-06-08 11:14:00,1900,1900,1900,1900,0
2022-06-08 11:15:00,1900,1900,1900,1900,0
2022-06-08 11:16:00,1900,1900,1900,1900,0
2022-06-08 11:17:00,1900,1900,1900,1900,0
2022-06-08 11:18:00,1900,1900,1900,1900,0
2022-06-08 11:19:00,1900,1900,1900,1900,0
2022-06-08 11:20:00,1900,1900,1900,1900,0
2022-06-08 11:21:00,1900,1900,1900,1900,0
2022-06-08 11:22:00,1900,1900,1900,1900,0
2022-06-08 11:23:00,1900,1900,1900,1900,0
2022-06-08 11:24:00,1900,1900,1900,1900,0
2022-06-08 11:25:00,1900,1900,1900,1900,0
2022-06-08 11:26:00,1900,1900,1900,1900,0
2022-06-08 11:27:00,1900,1900,1900,1900,0
2022-06-08 11:28:00,1900,1900,1900,1900,0
2022-06-08 11:29:00,1900,1900,1900,1900,0
2022-06-08 11:30:00,1900,1900,1900,1900,0
2022-06-08 11:31:00,1900,1900,1900,1900,0
2022-06-08 11:32:00,1900,1900,1900,1900,0
2022-06-08 11:33:00,1900,1900,1900,1900,0
2022-06-08 11:34:00,1900,1900,1900,1900,0
2022-06-08 11:35:00,1900,1900,1900,1900,0
2022-06-08 11:36:00,1900,1900,1900,1900,0
2022-06-08 11:37:00,1900,1900,1900,1900,0
2022-06-08 11:38:00,1900,1900,1900,1900,0
2022-06-08 11:39:00,1900,1900,1900,1900,0
2022-06-08 11:40:00,1900,1900,1900,1900,0
2022-06-08 11:41:00,1900,1900,1900,1900,0
2022-06-08 11:42:00,1900,1900,1900,1900,0
2022-06-08 11:43:00,1900,1900,1900,1900,0
2022-06-08 11:44:00,1900,1900,1900,1900,0
2022-06-08 11:45:00,1900,1900,1900,1900,0
2022-06-08 11:46:00,1900,1900,1900,1900,0
2022-06-08 11:47:00,1900,1900,1900,1900,0
2022-06-08 11:48:00,1900,1900,1900,1900,0
2022-06-08 11:49:00,1900,1900,1900,1900,0
2022-06-08 11:50:00,1900,1900,1900,1900,0
2022-06-08 11:51:00,1900,1900,1900,1900,0
2022-06-08 11:52:00,1900,1900,1900,1900,0
2022-06-08 11:53:00,1900,1900,1900,1900,0
2022-06-08 11:54:00,1900,1900,1900,1900,0
2022-06-08 11:55:00,1900,1900,1900,1900,0
2022-06-08 11:56:00,1900,1900,1900,1900,0
2022-06-08 11:57:00,1900,1900,1900,1900,0
2022-06-08 11:58:00,1900,1900,1900,1900,0
2022-06-08 11:59:00,1900,1900,1900,1900,0
2022-06-08 12:00:00,1900,1900,1900,1900,0
2022-06-08 12:01:00,1900,1900,1900,1900,0
2022-06-08 12:02:00,1900,1900,1900,1900,0
2022-06-08 12:03:00,1900,1900,1900,1900,0
2022-06-08 12:04:00,1900,1900,1900,1900,0
2022-06-08 12:05:00,1900,1900,1900,1900,0
2022-06-08 12:06:00,1900,1900,1900,1900,0
2022-06-08 12:07:00,1900,1900,1900,1900,0
2022-06-08 12:08:00,1900,1900,1900,1900,0
2022-06-08 12:09:00,1900,1900,1900,1900,0
2022-06-08 12:10:00,1900,1900,1900,1900,0
2022-06-08 12:11:00,1900,1900,1900,1900,0
2022-06-08 12:12:00,1900,1900,1900,1900,0
2022-06-08 12:13:00,1900,1900,1900,1900,0
2022-06-08 12:14:00,1900,1900,1900,1900,0
2022-06-08 12:15:00,1900,1900,1900,1900,0
2022-06-08 12:16:00,1900,1900,1900,1900,0
2022-06-08 12:17:00,1900,1900,1900,1900,0
2022-06-08 12:18:00,1900,1900,1900,1900,0
2022-06-08 12:19:00,1900,1900,1900,1900,0
2022-06-08 12:20:00,1900,1900,1900,1900,0
2022-06-08 12:21:00,1900,1900,1900,1900,0
2022-06-08 12:22:00,1900,1900,1900,1900,0
2022-06-08 12:23:00,1900,1900,1900,1900,0
2022-06-08 12:24:00,1900,1900,1900,1900,0
2022-06-08 12:25:00,1900,1900,1900,1900,0
2022-06-08 12:26:00,1900,1900,1900,1900,0
2022-06-08 12:27:00,1900,1900,1900,1900,0
2022-06-08 12:28:00,1900,1900,1900,1900,0
2022-06-08 12:29:00,1900,1900,1900,1900,0
2022-06-08 12:30:00,1900,1900,1900,1900,0
2022-06-08 12:31:00,1900,1900,1900,1900,0
2022-06-08 12:32:00,1900,1900,1900,1900,0
2022-06-08 12:33:00,1900,1900,1900,1900,0
2022-06-08 12:34:00,1900,1900,1900,1900,0
2022-06-08 12:35:00,1900,1900,1900,1900,0
2022-06-08 12:36:00,1900,1900,1900,1900,0
2022-06-08 12:37:00,1900,1900,1900,1900,0
2022-06-08 12:38:00,1900,1900,1900,1900,0
2022-06-08 12:39:00,1900,1900,1900,1900,0
2022-06-08 12:40:00,1900,1900,1900,1900,0
2022-06-08 12:41:00,1900,1900,1900,1900,0
2022-06-08 12:42:00,1900,1900,1900,1900,0
2022-06-08 12:43:00,1900,1900,1900,1900,0
2022-06-08 12:44:00,1900,1900,1900,1900,0
2022-06-08 12:45:00,1900,1900,1900,1900,0
2022-06-08 12:46:00,1900,1900,1900,1900,0
2022-06-08 12:47:00,1900,1900,1900,1900,0
2022-06-08 12:48:00,1900,1900,1900,1900,0
2022-06-08 12:49:00,1900,1900,1900,1900,0
2022-06-08 12:50:00,1900,1900,1900,1900,0
2022-06-08 12:51:00,1900,1900,1900,1900,0
2022-06-08 12:52:00,1900,1900,1900,1900,0
2022-06-08 12:53:00,1900,1900,1900,1900,0
2022-06-08 12:54:00,1900,1900,1900,1900,0
2022-06-08 12:55:00,1900,1900,1900,1900,0
2022-06-08 12:56:00,1900,1900,1900,1900,0
2022-06-08 12:57:00,1900,1900,1900,1900,0
2022-06-08 12:58:00,1900,1900,1900,1900,0
2022-06-08 12:59:00,1900,1900,1900,1900,0
2022-06-08 13:00:00,1900,1900,1900,1900,0
2022-06-08 13:01:00,1900,1900,1900,1900,0
2022-06-08 13:02:00,1900,1900,1900,1900,0
2022-06-08 13:03:00,1900,1900,1900,1900,0
2022-06-08 13:04:00,1900,1900,1900,1900,0
2022-06-08 13:05:00,1900,1900,1900,1900,0
2022-06-08 13:06:00,1900,1900,1900,1900,0
2022-06-08 13:07:00,1900,1900,1900,1900,0
2022-06-08 13:08:00,1900,1900,1900,1900,0
2022-06-08 13:09:00,1900,1900,1900,1900,0
2022-06-08 13:10:00,1900,1900,1900,1900,0
2022-06-08 13:11:00,1900,1900,1900,1900,0
2022-06-08 13:12:00,1900,1900,1900,1900,0
2022-06-08 13:13:00,1900,1900,1900,1900,0
2022-06-08 13:14:00,1900,1900,1900,1900,0
2022-06-08 13:15:00,1900,1900,1900,1900,0
2022-06-08 13:16:00,1900,1900,1900,1900,0
2022-06-08 13:17:00,1900,1900,1900,1900,0
2022-06-08 13:18:00,1900,1900,1900,1900,0
2022-06-08 13:19:00,1900,1900,1900,1900,0
2022-06-08 13:20:00,1900,1900,1900,1900,0
2022-06-08 13:21:00,1900,1900,1900,1900,0
2022-06-08 13:22:00,1900,1900,1900,1900,0
2022-06-08 13:23:00,1900,1900,1900,1900,0
2022-06-08 13:24:00,1900,1900,1900,1900,0
2022-06-08 13:25:00,1900,1900,1900,1900,0
2022-06-08 13:26:00,1900,1900,1900,1900,0
2022-06-08 13:27:00,1900,1900,1900,1900,0
2022-06-08 13:28:00,1900,1900,1900,1900,0
2022-06-08 13:29:00,1900,1900,1900,1900,0
2022-06-08 13:30:00,1900,1900,1900,1900,0
2022-06-08 13:31:00,1900,1900,1900,1900,0
2022-06-08 13:32:00,1900,1900,1900,1900,0
2022-06-08 13:33:00,1900,1900,1900,1900,0
2022-06-08 13:34:00,1900,1900,1900,1900,0
2022-06-08 13:35:00,1900,1900,1900,1900,0
2022-06-08 13:36:00,1900,1900,1900,1900,0
2022-06-08 13:37:00,1900,1900,1900,1900,0
2022-06-08 13:38:00,1900,1900,1900,1900,0
2022-06-08 13:39:00,1900,1900,1900,1900,0
2022-06-08 13:40:00,1900,1900,1900,1900,0
2022-06-08 13:41:00,1900,1900,1900,1900,0
2022-06-08 13:42:00,1900,1900,1900,1900,0
2022-06-08 13:43:00,1900,1900,1900,1900,0
2022-06-08 13:44:00,1900,1900,1900,1900,0
2022-06-08 13:45:00,1900,1900,1900,1900,0
2022-06-08 13:46:00,1900,1900,1900,1900,0
2022-06-08 13:47:00,1900,1900,1900,1900,0
2022-06-08 13:48:00,1900,1900,1900,1900,0
2022-06-08 13:49:00,1900,1900,1900,1900,0
2022-06-08 13:50:00,1900,1900,1900,1900,0
2022-06-08 13:51:00,1900,1900,1900,1900,0
2022-06-08 13:52:00,1900,1900,1900,1900,0
2022-06-08 13:53:00,1900,1900,1900,1900,0
2022-06-08 13:54:00,1900,1900,1900,1900,0
2022-06-08 13:55:00,1900,1900,1900,1900,0
2022-06-08 13:56:00,1900,1900,1900,1900,0
2022-06-08 13:57:00,1900,1900,1900,1900,0
2022-06-08 13:58:00,1900,1900,1900,1900,0
2022-06-08 13:59:00,1900,1900,1900,1900,0
2022-06-08 14:00:00,1900,1900,1900,1900,0
2022-06-08 14:01:00,1900,1900,1900,1900,0
2022-06-08 14:02:00,1900,1900,1900,1900,0
2022-06-08 14:03:00,1900,1900,1900,1900,0
2022-06-08 14:04:00,1900,1900,1900,1900,0
2022-06-08 14:05:00,1900,1900,1900,1900,0
2022-06-08 14:06:00,1900,1900,1900,1900,0
2022-06-08 14:07:00,1900,1900,1900,1900,0
2022-06-08 14:08:00,1900,1900,1900,1900,0
2022-06-08 14:09:00,1900,1900,1900,1900,0
2022-06-08 14:10:00,1900,1900,1900,1900,0
2022-06-08 14:11:00,1900,1900,1900,1900,0
2022-06-08 14:12:00,1900,1900,1900,1900,0
2022-06-08 14:13:00,1900,1900,1900,1900,0
2022-06-08 14:14:00,1900,1900,1900,1900,0
2022-06-08 14:15:00,1900,1900,1900,1900,0
2022-06-08 14:16:00,1900,1900,1900,1900,0
2022-06-08 14:17:00,1900,1900,1900,1900,0
2022-06-08 14:18:00,1900,1900,1900,1900,0
2022-06-08 14:19:00,1900,1900,1900,1900,0
2022-06-08 14:20:00,1900,1900,1900,1900,0
2022-06-08 14:21:00,1900,1900,1900,1900,0
2022-06-08 14:22:00,1900,1900,1900,1900,0
2022-06-08 14:23:00,1900,1900,1900,1900,0
2022-06-08 14:24:00,1900,1900,1900,1900,0
2022-06-08 14:25:00,1900,1900,1900,1900,0
2022-06-08 14:26:00,1900,1900,1900,1900,0
2022-06-08 14:27:00,1900,1900,1900,1900,0
2022-06-08 14:28:00,1900,1900,1900,1900,0
2022-06-08 14:29:00,1900,1900,1900,1900,0
2022-06-08 14:30:00,1900,1900,1900,1900,0
2022-06-08 14:31:00,1900,1900,1900,1900,0
2022-06-08 14:32:00,1900,1900,1900,1900,0
2022-06-08 14:33:00,1900,1900,1900,1900,0
2022-06-08 14:34:00,1900,1900,1900,1900,0
2022-06-08 14:35:00,1900,1900,1900,1900,0
2022-06-08 14:36:00,1900,1900,1900,1900,0
2022-06-08 14:37:00,1900,1900,1900,1900,0
2022-06-08 14:38:00,1900,1900,1900,1900,0
2022-06-08 14:39:00,1900,1900,1900,1900,0
2022-06-08 14:40:00,1900,1900,1900,1900,0
2022-06-08 14:41:00,1900,1900,1900,1900,0
2022-06-08 14:42:00,1900,1900,1900,1900,0
2022-06-08 14:43:00,1900,1900,1900,1900,0
2022-06-08 14:44:00,1900,1900,1900,1900,0
2022-06-08 14:45:00,1900,1900,1900,1900,0
2022-06-08 14:46:00,1900,1900,1900,1900,0
2022-06-08 14:47:00,1900,1900,1900,1900,0
2022-06-08 14:48:00,1900,1900,1900,1900,0
2022-06-08 14:49:00,1900,1900,1900,1900,0
2022-06-08 14:50:00,1900,1900,1900,1900,0
2022-06-08 14:51:00,1900,1900,1900,1900,0
2022-06-08 14:52:00,1900,1900,1900,1900,0
2022-06-08 14:53:00,1900,1900,1900,1900,0
2022-06-08 14:54:00,1900,1900,1900,1900,0
2022-06-08 14:55:00,1900,1900,1900,1900,0
2022-06-08 14:56:00,1900,1900,1900,1900,0
2022-06-08 14:57:00,1900,1900,1900,1900,0
2022-06-08 14:58:00,1900,1900,1900,1900,0
2022-06-08 14:59:00,1900,1900,1900,1900,0
2022-06-08 15:00:00,1900,1900,1900,1900,0
2022-06-08 15:01:00,1900,1900,1900,1900,0
2022-06-08 15:02:00,1900,1900,1900,1900,0
2022-06-08 15:03:00,1900,1900,1900,1900,0
2022-06-08 15:04:00,1900,1900,1900,1900,0
2022-06-08 15:05:00,1900,1900,1900,1900,0
2022-06-08 15:06:00,1900,1900,1900,1900,0
2022-06-08 15:07:00,1900,1900,1900,1900,0
2022-06-08 15:08:00,1900,1900,1900,1900,0
2022-06-08 15:09:00,1900,1900,1900,1900,0
2022-06-08 15:10:00,1900,1900,1900,1900,0
2022-06-08 15:11:00,1900,1900,1900,1900,0
2022-06-08 15:12:00,1900,1900,1900,1900,0
2022-06-08 15:13:00,1900,1900,1900,1900,0
2022-06-08 15:14:00,1900,1900,1900,1900,0
2022-06-08 15:15:00,1900,1900,1900,1900,0
2022-06-08 15:16:00,1900,1900,1900,1900,0
2022-06-08 15:17:00,1900,1900,1900,1900,0
2022-06-08 15:18:00,1900,1900,1900,1900,0
2022-06-08 15:19:00,1900,1900,1900,1900,0
2022-06-08 15:20:00,1900,1900,1900,1900,0
2022-06-08 15:21:00,1900,1900,1900,1900,0
2022-06-08 15:22:00,1900,1900,1900,1900,0
2022-06-08 15:23:00,1900,1900,1900,1900,0
2022-06-08 15:24:00,1900,1900,1900,1900,0
2022-06-08 15:25:00,1900,1900,1900,1900,0
2022-06-08 15:26:00,1900,1900,1900,1900,0
2022-06-08 15:27:00,1900,1900,1900,1900,0
2022-06-08 15:28:00,1900,1900,1900,1900,0
2022-06-08 15:29:00,1900,1900,1900,1900,0
2022-06-08 15:30:00,1900,1900,1900,1900,0
2022-06-08 15:31:00,1900,1900,1900,1900,0
2022-06-08 15:32:00,1900,1900,1900,1900,0
2022-06-08 15:33:00,1900,1900,1900,1900,0
2022-06-08 15:34:00,1900,1900,1900,1900,0
2022-06-08 15:35:00,1900,1900,1900,1900,0
2022-06-08 15:36:00,1900,1900,1900,1900,0
2022-06-08 15:37:00,1900,1900,1900,1900,0
2022-06-08 15:38:00,1900,1900,1900,1900,0
2022-06-08 15:39:00,1900,1900,1900,1900,0
2022-06-08 15:40:00,1900,1900,1900,1900,0
2022-06-08 15:41:00,1900,1900,1900,1900,0
2022-06-08 15:42:00,1900,1900,1900,1900,0
2022-06-08 15:43:00,1900,1900,1900,1900,0
2022-06-08 15:44:00,1900,1900,1900,1900,0
2022-06-08 15:45:00,1900,1900,1900,1900,0
2022-06-08 15:46:00,1900,1900,1900,1900,0
2022-06-08 15:47:00,1900,1900,1900,1900,0
2022-06-08 15:48:00,1900,1900,1900,1900,0
2022-06-08 15:49:00,1900,1900,1900,1900,0
2022-06-08 15:50:00,1900,1900,1900,1900,0
2022-06-08 15:51:00,1900,1900,1900,1900,0
2022-06-08 15:52:00,1900,1900,1900,1900,0
2022-06-08 15:53:00,1900,1900,1900,1900,0
2022-06-08 15:54:00,1900,1900,1900,1900,0
2022-06-08 15:55:00,1900,1900,1900,1900,0
2022-06-08 15:56:00,1900,1900,1900,1900,0
2022-06-08 15:57:00,1900,1900,1900,1900,0
2022-06-08 15:58:00,1900,1900,1900,1900,0
2022-06-08 15:59:00,1900,1900,1900,1900,0
2022-06-09 09:00:00,1900,1900,1900,1900,0
2022-06-09 09:01:00,1900,1900,1900,1900,0
2022-06-09 09:02:00,1900,1900,1900,1900,0
2022-06-09 09:03:00,1900,1900,1900,1900,0
2022-06-09 09:04:00,1900,1900,1900,1900,0
2022-06-09 09:05:00,1900,1900,1900,1900,0
2022-06-09 09:06:00,1900,1900,1900,1900,0
2022-06-09 09:07:00,1900,1900,1900,1900,0
2022-06-09 09:08:00,1900,1900,1900,1900,0
2022-06-09 09:09:00,1900,1900,1900,1900,0
2022-06-09 09:10:00,1900,1900,1900,1900,0
2022-06-09 09:11:00,1900,1900,1900,1900,0
2022-06-09 09:12:00,1900,1900,1900,1900,0
2022-06-09 09:13:00,1900,1900,1900,1900,0
2022-06-09 09:14:00,1900,1900,1900,1900,0
2022-06-09 09:15:00,1900,1900,1900,1900,0
2022-06-09 09:16:00,1900,1900,1900,1900,0
2022-06-09 09:17:00,1900,1900,1900,1900,0
2022-06-09 09:18:00,1900,1900,1900,1900,0
2022-06-09 09:19:00,1900,1900,1900,1900,0
2022-06-09 09:20:00,1900,1900,1900,1900,0
2022-06-09 09:21:00,1900,1900,1900,1900,0
2022-06-09 09:22:00,1900,1900,1900,1900,0
2022-06-09 09:23:00,1900,1900,1900,1900,0
2022-06-09 09:24:00,1900,1900,1900,1900,0
2022-06-09 09:25:00,1900,1900,1900,1900,0
2022-06-09 09:26:00,1900,1900,1900,1900,0
2022-06-09 09:27:00,1900,1900,1900,1900,0
2022-06-09 09:28:00,1900,1900,1900,1900,0
2022-06-09 09:29:00,1900,1900,1900,1900,0
2022-06-09 09:30:00,1900,1900,1900,1900,0
2022-06-09 09:31:00,1900,1900,1900,1900,0
2022-06-09 09:32:00,1900,1900,1900,1900,0
2022-06-09 09:33:00,1900,1900,1900,1900,0
2022-06-09 09:34:00,1900,1900,1900,1900,0
2022-06-09 09:35:00,1900,1900,1900,1900,0
2022-06-09 09:36:00,1900,1900,1900,1900,0
2022-06-09 09:37:00,1900,1900,1900,1900,0
2022-06-09 09:38:00,1900,1900,1900,1900,0
2022-06-09 09:39:00,1900,1900,1900,1900,0
2022-06-09 09:40:00,1900,1900,1900,1900,0
2022-06-09 09:41:00,1900,1900,1900,1900,0
2022-06-09 09:42:00,1900,1900,1900,1900,0
2022-06-09 09:43:00,1900,1900,1900,1900,0
2022-06-09 09:44:00,1900,1900,1900,1900,0
2022-06-09 09:45:00,1900,1900,1900,1900,0
2022-06-09 09:46:00,1900,1900,1900,1900,0
2022-06-09 09:47:00,1900,1900,1900,1900,0
2022-06-09 09:48:00,1900,1900,1900,1900,0
2022-06-09 09:49:00,1900,1900,1900,1900,0
2022-06-09 09:50:00,1900,1900,1900,1900,0
2022-06-09 09:51:00,1900,1900,1900,1900,0
2022-06-09 09:52:00,1900,1900,1900,1900,0
2022-06-09 09:53:00,1900,1900,1900,1900,0
2022-06-09 09:54:00,1900,1900,1900,1900,0
2022-06-09 09:55:00,1900,1900,1900,1900,0
2022-06-09 09:56:00,1900,1900,1900,1900,0
2022-06-09 09:57:00,1900,1900,1900,1900,0
2022-06-09 09:58:00,1900,1900,1900,1900,0
2022-06-09 09:59:00,1900,1900,1900,1900,0
2022-06-09 10:00:00,1900,1900,1900,1900,0
2022-06-09 10:01:00,1900,1900,1900,1900,0
2022-06-09 10:02:00,1900,1900,1900,1900,0
2022-06-09 10:03:00,1900,1900,1900,1900,0
2022-06-09 10:04:00,1900,1900,1900,1900,0
2022-06-09 10:05:00,1900,1900,1900,1900,0
2022-06-09 10:06:00,1900,1900,1900,1900,0
2022-06-09 10:07:00,1900,1900,1900,1900,0
2022-06-09 10:08:00,1900,1900,1900,1900,0
2022-06-09 10:09:00,1900,1900,1900,1900,0
2022-06-09 10:10:00,1900,1900,1900,1900,0
2022-06-09 10:11:00,1900,1900,1900,1900,0
2022-06-09 10:12:00,1900,1900,1900,1900,0
2022-06-09 10:13:00,1900,1900,1900,1900,0
2022-06-09 10:14:00,1900,1900,1900,1900,0
2022-06-09 10:15:00,1900,1900,1900,1900,0
2022-06-09 10:16:00,1900,1900,1900,1900,0
2022-06-09 10:17:00,1900,1900,1900,1900,0
2022-06-09 10:18:00,1900,1900,1900,1900,0
2022-06-09 10:19:00,1900,1900,1900,1900,0
2022-06-09 10:20:00,1900,1900,1900,1900,0
2022-06-09 10:21:00,1900,1900,1900,1900,0
2022-06-09 10:22:00,1900,1900,1900,1900,0
2022-06-09 10:23:00,1900,1900,1900,1900,0
2022-06-09 10:24:00,1900,1900,1900,1900,0
2022-06-09 10:25:00,1900,1900,1900,1900,0
2022-06-09 10:26:00,1900,1900,1900,1900,0
2022-06-09 10:27:00,1900,1900,1900,1900,0
2022-06-09 10:28:00,1900,1900,1900,1900,0
2022-06-09 10:29:00,1900,1900,1900,1900,0
2022-06-09 10:30:00,1900,1900,1900,1900,0
2022-06-09 10:31:00,1900,1900,1900,1900,0
2022-06-09 10:32:00,1900,1900,1900,1900,0
2022-06-09 10:33:00,1900,1900,1900,1900,0
2022-06-09 10:34:00,1900,1900,1900,1900,0
2022-06-09 10:35:00,1900,1900,1900,1900,0
2022-06-09 10:36:00,1900,1900,1900,1900,0
2022-06-09 10:37:00,1900,1900,1900,1900,0
2022-06-09 10:38:00,1900,1900,1900,1900,0
2022-06-09 10:39:00,1900,1900,1900,1900,0
2022-06-09 10:40:00,1900,1900,1900,1900,0
2022-06-09 10:41:00,1900,1900,1900,1900,0
2022-06-09 10:42:00,1900,1900,1900,1900,0
2022-06-09 10:43:00,1900,1900,1900,1900,0
2022-06-09 10:44:00,1900,1900,1900,1900,0
2022-06-09 10:45:00,1900,1900,1900,1900,0
2022-06-09 10:46:00,1900,1900,1900,1900,0
2022-06-09 10:47:00,1900,1900,1900,1900,0
2022-06-09 10:48:00,1900,1900,1900,1900,0
2022-06-09 10:49:00,1900,1900,1900,1900,0
2022-06-09 10:50:00,1900,1900,1900,1900,0
2022-06-09 10:51:00,1900,1900,1900,1900,0
2022-06-09 10:52:00,1900,1900,1900,1900,0
2022-06-09 10:53:00,1900,1900,1900,1900,0
2022-06-09 10:54:00,1900,1900,1900,1900,0
2022-06-09 10:55:00,1900,1900,1900,1900,0
2022-06-09 10:56:00,1900,1900,1900,1900,0
2022-06-09 10:57:00,1900,1900,1900,1900,0
2022-06-09 10:58:00,1900,1900,1900,1900,0
2022-06-09 10:59:00,1900,1900,1900,1900,0
2022-06-09 11:00:00,1900,1900,1900,1900,0
2022-06-09 11:01:00,1900,1900,1900,1900,0
2022-06-09 11:02:00,1900,1900,1900,1900,0
2022-06-09 11:03:00,1900,1900,1900,1900,0
2022-06-09 11:04:00,1900,1900,1900,1900,0
2022-06-09 11:05:00,1900,1900,1900,1900,0
2022-06-09 11:06:00,1900,1900,1900,1900,0
2022-06-09 11:07:00,1900,1900,1900,1900,0
2022-06-09 11:08:00,1900,1900,1900,1900,0
2022-06-09 11:09:00,1900,1900,1900,1900,0
2022-06-09 11:10:00,1900,1900,1900,1900,0
2022-06-09 11:11:00,1900,1900,1900,1900,0
2022-06-09 11:12:00,1900,1900,1900,1900,0
2022-06-09 11:13:00,1900,1900,1900,1900,0
2022-06-09 11:14:00,1900,1900,1900,1900,0
2022-06-09 11:15:00,1900,1900,1900,1900,0
2022-06-09 11:16:00,1900,1900,1900,1900,0
2022-06-09 11:17:00,1900,1900,1900,1900,0
2022-06-09 11:18:00,1900,1900,1900,1900,0
2022-06-09 11:19:00,1900,1900,1900,1900,0
2022-06-09 11:20:00,1900,1900,1900,1900,0
2022-06-09 11:21:00,1900,1900,1900,1900,0
2022-06-09 11:22:00,1900,1900,1900,1900,0
2022-06-09 11:23:00,1900,1900,1900,1900,0
2022-06-09 11:24:00,1900,1900,1900,1900,0
2022-06-09 11:25:00,1900,1900,1900,1900,0
2022-06-09 11:26:00,1900,1900,1900,1900,0
2022-06-09 11:27:00,1900,1900,1900,1900,0
2022-06-09 11:28:00,1900,1900,1900,1900,0
2022-06-09 11:29:00,1900,1900,1900,1900,0
2022-06-09 11:30:00,1900,1900,1900,1900,0
2022-06-09 11:31:00,1900,1900,1900,1900,0
2022-06-09 11:32:00,1900,1900,1900,1900,0
2022-06-09 11:33:00,1900,1900,1900,1900,0
2022-06-09 11:34:00,1900,1900,1900,1900,0
2022-06-09 11:35:00,1900,1900,1900,1900,0
2022-06-09 11:36:00,1900,1900,1900,1900,0
2022-06-09 11:37:00,1900,1900,1900,1900,0
2022-06-09 11:38:00,1900,1900,1900,1900,0
2022-06-09 11:39:00,1900,1900,1900,1900,0
2022-06-09 11:40:00,1900,1900,1900,1900,0
2022-06-09 11:41:00,1900,1900,1900,1900,0
2022-06-09 11:42:00,1900,1900,1900,1900,0
2022-06-09 11:43:00,1900,1900,1900,1900,0
2022-06-09 11:44:00,1900,1900,1900,1900,0
2022-06-09 11:45:00,1900,1900,1900,1900,0
2022-06-09 11:46:00,1900,1900,1900,1900,0
2022-06-09 11:47:00,1900,1900,1900,1900,0
2022-06-09 11:48:00,1900,1900,1900,1900,0
2022-06-09 11:49:00,1900,1900,1900,1900,0
2022-06-09 11:50:00,1900,1900,1900,1900,0
2022-06-09 11:51:00,1900,1900,1900,1900,0
2022-06-09 11:52:00,1900,1900,1900,1900,0
2022-06-09 11:53:00,1900,1900,1900,1900,0
2022-06-09 11:54:00,1900,1900,1900,1900,0
2022-06-09 11:55:00,1900,1900,1900,1900,0
2022-06-09 11:56:00,1900,1900,1900,1900,0
2022-06-09 11:57:00,1900,1900,1900,1900,0
2022-06-09 11:58:00,1900,1900,1900,1900,0
2022-06-09 11:59:00,1900,1900,1900,1900,0
2022-06-09 12:00:00,1900,1900,1900,1900,0
2022-06-09 12:01:00,1900,1900,1900,1900,0
2022-06-09 12:02:00,1900,1900,1900,1900,0
2022-06-09 12:03:00,1900,1900,1900,1900,0
2022-06-09 12:04:00,1900,1900,1900,1900,0
2022-06-09 12:05:00,1900,1900,1900,1900,0
2022-06-09 12:06:00,1900,1900,1900,1900,0
2022-06-09 12:07:00,1900,1900,1900,1900,0
2022-06-09 12:08:00,1900,1900,1900,1900,0
2022-06-09 12:09:00,1900,1900,1900,1900,0
2022-06-09 12:10:00,1900,1900,1900,1900,0
2022-06-09 12:11:00,1900,1900,1900,1900,0
2022-06-09 12:12:00,1900,1900,1900,1900,0
2022-06-09 12:13:00,1900,1900,1900,1900,0
2022-06-09 12:14:00,1900,1900,1900,1900,0
2022-06-09 12:15:00,1900,1900,1900,1900,0
2022-06-09 12:16:00,1900,1900,1900,1900,0
2022-06-09 12:17:00,1900,1900,1900,1900,0
2022-06-09 12:18:00,1900,1900,1900,1900,0
2022-06-09 12:19:00,1900,1900,1900,1900,0
2022-06-09 12:20:00,1900,1900,1900,1900,0
2022-06-09 12:21:00,1900,1900,1900,1900,0
2022-06-09 12:22:00,1900,1900,1900,1900,0
2022-06-09 12:23:00,1900,1900,1900,1900,0
2022-06-09 12:24:00,1900,1900,1900,1900,0
2022-06-09 12:25:00,1900,1900,1900,1900,0
2022-06-09 12:26:00,1900,1900,1900,1900,0
2022-06-09 12:27:00,1900,1900,1900,1900,0
2022-06-09 12:28:00,1900,1900,1900,1900,0
2022-06-09 12:29:00,1900,1900,1900,1900,0
2022-06-09 12:30:00,1900,1900,1900,1900,0
2022-06-09 12:31:00,1900,1900,1900,1900,0
2022-06-09 12:32:00,1900,1900,1900,1900,0
2022-06-09 12:33:00,1900,1900,1900,1900,0
2022-06-09 12:34:00,1900,1900,1900,1900,0
2022-06-09 12:35:00,1900,1900,1900,1900,0
2022-06-09 12:36:00,1900,1900,1900,1900,0
2022-06-09 12:37:00,1900,1900,1900,1900,0
2022-06-09 12:38:00,1900,1900,1900,1900,0
2022-06-09 12:39:00,1900,1900,1900,1900,0
2022-06-09 12:40:00,1900,1900,1900,1900,0
2022-06-09 12:41:00,1900,1900,1900,1900,0
2022-06-09 12:42:00,1900,1900,1900,1900,0
2022-06-09 12:43:00,1900,1900,1900,1900,0
2022-06-09 12:44:00,1900,1900,1900,1900,0
2022-06-09 12:45:00,1900,1900,1900,1900,0
2022-06-09 12:46:00,1900,1900,1900,1900,0
2022-06-09 12:47:00,1900,1900,1900,1900,0
2022-06-09 12:48:00,1900,1900,1900,1900,0
2022-06-09 12:49:00,1900,1900,1900,1900,0
2022-06-09 12:50:00,1900,1900,1900,1900,0
2022-06-09 12:51:00,1900,1900,1900,1900,0
2022-06-09 12:52:00,1900,1900,1900,1900,0
2022-06-09 12:53:00,1900,1900,1900,1900,0
2022-06-09 12:54:00,1900,1900,1900,1900,0
2022-06-09 12:55:00,1900,1900,1900,1900,0
2022-06-09 12:56:00,1900,1900,1900,1900,0
2022-06-09 12:57:00,1900,1900,1900,1900,0
2022-06-09 12:58:00,1900,1900,1900,1900,0
2022-06-09 12:59:00,1900,1900,1900,1900,0
2022-06-09 13:00:00,1900,1900,1900,1900,0
2022-06-09 13:01:00,1900,1900,1900,1900,0
2022-06-09 13:02:00,1900,1900,1900,1900,0
2022-06-09 13:03:00,1900,1900,1900,1900,0
2022-06-09 13:04:00,1900,1900,1900,1900,0
2022-06-09 13:05:00,1900,1900,1900,1900,0
2022-06-09 13:06:00,1900,1900,1900,1900,0
2022-06-09 13:07:00,1900,1900,1900,1900,0
2022-06-09 13:08:00,1900,1900,1900,1900,0
2022-06-09 13:09:00,1900,1900,1900,1900,0
2022-06-09 13:10:00,1900,1900,1900,1900,0
2022-06-09 13:11:00,1900,1900,1900,1900,0
2022-06-09 13:12:00,1900,1900,1900,1900,0
2022-06-09 13:13:00,1900,1900,1900,1900,0
2022-06-09 13:14:00,1900,1900,1900,1900,0
2022-06-09 13:15:00,1900,1900,1900,1900,0
2022-06-09 13:16:00,1900,1900,1900,1900,0
2022-06-09 13:17:00,1900,1900,1900,1900,0
2022-06-09 13:18:00,1900,1900,1900,1900,0
2022-06-09 13:19:00,1900,1900,1900,1900,0
2022-06-09 13:20:00,1900,1900,1900,1900,0
2022-06-09 13:21:00,1900,1900,1900,1900,0
2022-06-09 13:22:00,1900,1900,1900,1900,0
2022-06-09 13:23:00,1900,1900,1900,1900,0
2022-06-09 13:24:00,1900,1900,1900,1900,0
2022-06-09 13:25:00,1900,1900,1900,1900,0
2022-06-09 13:26:00,1900,1900,1900,1900,0
2022-06-09 13:27:00,1900,1900,1900,1900,0
2022-06-09 13:28:00,1900,1900,1900,1900,0
2022-06-09 13:29:00,1900,1900,1900,1900,0
2022-06-09 13:30:00,1900,1900,1900,1900,0
2022-06-09 13:31:00,1900,1900,1900,1900,0
2022-06-09 13:32:00,1900,1900,1900,1900,0
2022-06-09 13:33:00,1900,1900,1900,1900,0
2022-06-09 13:34:00,1900,1900,1900,1900,0
2022-06-09 13:35:00,1900,1900,1900,1900,0
2022-06-09 13:36:00,1900,1900,1900,1900,0
2022-06-09 13:37:00,1900,1900,1900,1900,0
2022-06-09 13:38:00,1900,1900,1900,1900,0
2022-06-09 13:39:00,1900,1900,1900,1900,0
2022-06-09 13:40:00,1900,1900,1900,1900,0
2022-06-09 13:41:00,1900,1900,1900,1900,0
2022-06-09 13:42:00,1900,1900,1900,1900,0
2022-06-09 13:43:00,1900,1900,1900,1900,0
2022-06-09 13:44:00,1900,1900,1900,1900,0
2022-06-09 13:45:00,1900,1900,1900,1900,0
2022-06-09 13:46:00,1900,1900,1900,1900,0
2022-06-09 13:47:00,1900,1900,1900,1900,0
2022-06-09 13:48:00,1900,1900,1900,1900,0
2022-06-09 13:49:00,1900,1900,1900,1900,0
2022-06-09 13:50:00,1900,1900,1900,1900,0
2022-06-09 13:51:00,1900,1900,1900,1900,0
2022-06-09 13:52:00,1900,1900,1900,1900,0
2022-06-09 13:53:00,1900,1900,1900,1900,0
2022-06-09 13:54:00,1900,1900,1900,1900,0
2022-06-09 13:55:00,1900,1900,1900,1900,0
2022-06-09 13:56:00,1900,1900,1900,1900,0
2022-06-09 13:57:00,1900,1900,1900,1900,0
2022-06-09 13:58:00,1900,1900,1900,1900,0
2022-06-09 13:59:00,1900,1900,1900,1900,0
2022-06-09 14:00:00,1900,1900,1900,1900,0
2022-06-09 14:01:00,1900,1900,1900,1900,0
2022-06-09 14:02:00,1900,1900,1900,1900,0
2022-06-09 14:03:00,1900,1900,1900,1900,0
2022-06-09 14:04:00,1900,1900,1900,1900,0
2022-06-09 14:05:00,1900,1900,1900,1900,0
2022-06-09 14:06:00,1900,1900,1900,1900,0
2022-06-09 14:07:00,1900,1900,1900,1900,0
2022-06-09 14:08:00,1900,1900,1900,1900,0
2022-06-09 14:09:00,1900,1900,1900,1900,0
2022-06-09 14:10:00,1900,1900,1900,1900,0
2022-06-09 14:11:00,1900,1900,1900,1900,0
2022-06-09 14:12:00,1900,1900,1900,1900,0
2022-06-09 14:13:00,1900,1900,1900,1900,0
2022-06-09 14:14:00,1900,1900,1900,1900,0
2022-06-09 14:15:00,1900,1900,1900,1900,0
2022-06-09 14:16:00,1900,1900,1900,1900,0
2022-06-09 14:17:00,1900,1900,1900,1900,0
2022-06-09 14:18:00,1900,1900,1900,1900,0
2022-06-09 14:19:00,1900,1900,1900,1900,0
2022-06-09 14:20:00,1900,1900,1900,1900,0
2022-06-09 14:21:00,1900,1900,1900,1900,0
2022-06-09 14:22:00,1900,1900,1900,1900,0
2022-06-09 14:23:00,1900,1900,1900,1900,0
2022-06-09 14:24:00,1900,1900,1900,1900,0
2022-06-09 14:25:00,1900,1900,1900,1900,0
2022-06-09 14:26:00,1900,1900,1900,1900,0
2022-06-09 14:27:00,1900,1900,1900,1900,0
2022-06-09 14:28:00,1900,1900,1900,1900,0
2022-06-09 14:29:00,1900,1900,1900,1900,0
2022-06-09 14:30:00,1900,1900,1900,1900,0
2022-06-09 14:31:00,1900,1900,1900,1900,0
2022-06-09 14:32:00,1900,1900,1900,1900,0
2022-06-09 14:33:00,1900,1900,1900,1900,0
2022-06-09 14:34:00,1900,1900,1900,1900,0
2022-06-09 14:35:00,1900,1900,1900,1900,0
2022-06-09 14:36:00,1900,1900,1900,1900,0
2022-06-09 14:37:00,1900,1900,1900,1900,0
2022-06-09 14:38:00,1900,1900,1900,1900,0
2022-06-09 14:39:00,1900,1900,1900,1900,0
2022-06-09 14:40:00,1900,1900,1900,1900,0
2022-06-09 14:41:00,1900,1900,1900,1900,0
2022-06-09 14:42:00,1900,1900,1900,1900,0
2022-06-09 14:43:00,1900,1900,1900,1900,0
2022-06-09 14:44:00,1900,1900,1900,1900,0
2022-06-09 14:45:00,1900,1900,1900,1900,0
2022-06-09 14:46:00,1900,1900,1900,1900,0
2022-06-09 14:47:00,1900,1900,1900,1900,0
2022-06-09 14:48:00,1900,1900,1900,1900,0
2022-06-09 14:49:00,1900,1900,1900,1900,0
2022-06-09 14:50:00,1900,1900,1900,1900,0
2022-06-09 14:51:00,1900,1900,1900,1900,0
2022-06-09 14:52:00,1900,1900,1900,1900,0
2022-06-09 14:53:00,1900,1900,1900,1900,0
2022-06-09 14:54:00,1900,1900,1900,1900,0
2022-06-09 14:55:00,1900,1900,1900,1900,0
2022-06-09 14:56:00,1900,1900,1900,1900,0
2022-06-09 14:57:00,1900,1900,1900,1900,0
2022-06-09 14:58:00,1900,1900,1900,1900,0
2022-06-09 14:59:00,1900,1900,1900,1900,0
2022-06-09 15:00:00,1900,1900,1900,1900,0
2022-06-09 15:01:00,1900,1900,1900,1900,0
2022-06-09 15:02:00,1900,1900,1900,1900,0
2022-06-09 15:03:00,1900,1900,1900,1900,0
2022-06-09 15:04:00,1900,1900,1900,1900,0
2022-06-09 15:05:00,1900,1900,1900,1900,0
2022-06-09 15:06:00,1900,1900,1900,1900,0
2022-06-09 15:07:00,1900,1900,1900,1900,0
2022-06-09 15:08:00,1900,1900,1900,1900,0
2022-06-09 15:09:00,1900,1900,1900,1900,0
2022-06-09 15:10:00,1900,1900,1900,1900,0
2022-06-09 15:11:00,1900,1900,1900,1900,0
2022-06-09 15:12:00,1900,1900,1900,1900,0
2022-06-09 15:13:00,1900,1900,1900,1900,0
2022-06-09 15:14:00,1900,1900,1900,1900,0
2022-06-09 15:15:00,1900,1900,1900,1900,0
2022-06-09 15:16:00,1900,1900,1900,1900,0
2022-06-09 15:17:00,1900,1900,1900,1900,0
2022-06-09 15:18:00,1900,1900,1900,1900,0
2022-06-09 15:19:00,1900,1900,1900,1900,0
2022-06-09 15:20:00,1900,1900,1900,1900,0
2022-06-09 15:21:00,1900,1900,1900,1900,0
2022-06-09 15:22:00,1900,1900,1900,1900,0
2022-06-09 15:23:00,1900,1900,1900,1900,0
2022-06-09 15:24:00,1900,1900,1900,1900,0
2022-06-09 15:25:00,1900,1900,1900,1900,0
2022-06-09 15:26:00,1900,1900,1900,1900,0
2022-06-09 15:27:00,1900,1900,1900,1900,0
2022-06-09 15:28:00,1900,1900,1900,1900,0
2022-06-09 15:29:00,1900,1900,1900,1900,0
2022-06-09 15:30:00,1900,1900,1900,1900,0
2022-06-09 15:31:00,1900,1900,1900,1900,0
2022-06-09 15:32:00,1900,1900,1900,1900,0
2022-06-09 15:33:00,1900,1900,1900,1900,0
2022-06-09 15:34:00,1900,1900,1900,1900,0
2022-06-09 15:35:00,1900,1900,1900,1900,0
2022-06-09 15:36:00,1900,1900,1900,1900,0
2022-06-09 15:37:00,1900,1900,1900,1900,0
2022-06-09 15:38:00,1900,1900,1900,1900,0
2022-06-09 15:39:00,1900,1900,1900,1900,0
2022-06-09 15:40:00,1900,1900,1900,1900,0
2022-06-09 15:41:00,1900,1900,1900,1900,0
2022-06-09 15:42:00,1900,1900,1900,1900,0
2022-06-09 15:43:00,1900,1900,1900,1900,0
2022-06-09 15:44:00,1900,1900,1900,1900,0
2022-06-09 15:45:00,1900,1900,1900,1900,0
2022-06-09 15:46:00,1900,1900,1900,1900,0
2022-06-09 15:47:00,1900,1900,1900,1900,0
2022-06-09 15:48:00,1900,1900,1900,1900,0
2022-06-09 15:49:00,1900,1900,1900,1900,0
2022-06-09 15:50:00,1900,1900,1900,1900,0
2022-06-09 15:51:00,1900,1900,1900,1900,0
2022-06-09 15:52:00,1900,1900,1900,1900,0
2022-06-09 15:53:00,1900,1900,1900,1900,0
2022-06-09 15:54:00,1900,1900,1900,1900,0
2022-06-09 15:55:00,1900,1900,1900,1900,0
2022-06-09 15:56:00,1900,1900,1900,1900,0
2022-06-09 15:57:00,1900,1900,1900,1900,0
2022-06-09 15:58:00,1900,1900,1900,1900,0
2022-06-09 15:59:00,1900,1900,1900,1900,0
2022-06-10 09:00:00,1900,1900,1900,1900,0
2022-06-10 09:01:00,1900,1900,1900,1900,0
2022-06-10 09:02:00,1900,1900,1900,1900,0
2022-06-10 09:03:00,1900,1900,1900,1900,0
2022-06-10 09:04:00,1900,1900,1900,1900,0
2022-06-10 09:05:00,1900,1900,1900,1900,0
2022-06-10 09:06:00,1900,1900,1900,1900,0
2022-06-10 09:07:00,1900,1900,1900,1900,0
2022-06-10 09:08:00,1900,1900,1900,1900,0
2022-06-10 09:09:00,1900,1900,1900,1900,0
2022-06-10 09:10:00,1900,1900,1900,1900,0
2022-06-10 09:11:00,1900,1900,1900,1900,0
2022-06-10 09:12:00,1900,1900,1900,1900,0
2022-06-10 09:13:00,1900,1900,1900,1900,0
2022-06-10 09:14:00,1900,1900,1900,1900,0
2022-06-10 09:15:00,1900,1900,1900,1900,0
2022-06-10 09:16:00,1900,1900,1900,1900,0
2022-06-10 09:17:00,1900,1900,1900,1900,0
2022-06-10 09:18:00,1900,1900,1900,1900,0
2022-06-10 09:19:00,1900,1900,1900,1900,0
2022-06-10 09:20:00,1900,1900,1900,1900,0
2022-06-10 09:21:00,1900,1900,1900,1900,0
2022-06-10 09:22:00,1900,1900,1900,1900,0
2022-06-10 09:23:00,1900,1900,1900,1900,0
2022-06-10 09:24:00,1900,1900,1900,1900,0
2022-06-10 09:25:00,1900,1900,1900,1900,0
2022-06-10 09:26:00,1900,1900,1900,1900,0
2022-06-10 09:27:00,1900,1900,1900,1900,0
2022-06-10 09:28:00,1900,1900,1900,1900,0
2022-06-10 09:29:00,1900,1900,1900,1900,0
2022-06-10 09:30:00,1900,1900,1900,1900,0
2022-06-10 09:31:00,1900,1900,1900,1900,0
2022-06-10 09:32:00,1900,1900,1900,1900,0
2022-06-10 09:33:00,1900,1900,1900,1900,0
2022-06-10 09:34:00,1900,1900,1900,1900,0
2022-06-10 09:35:00,1900,1900,1900,1900,0
2022-06-10 09:36:00,1900,1900,1900,1900,0
2022-06-10 09:37:00,1900,1900,1900,1900,0
2022-06-10 09:38:00,1900,1900,1900,1900,0
2022-06-10 09:39:00,1900,1900,1900,1900,0
2022-06-10 09:40:00,1900,1900,1900,1900,0
2022-06-10 09:41:00,1900,1900,1900,1900,0
2022-06-10 09:42:00,1900,1900,1900,1900,0
2022-06-10 09:43:00,1900,1900,1900,1900,0
2022-06-10 09:44:00,1900,1900,1900,1900,0
2022-06-10 09:45:00,1900,1900,1900,1900,0
2022-06-10 09:46:00,1900,1900,1900,1900,0
2022-06-10 09:47:00,1900,1900,1900,1900,0
2022-06-10 09:48:00,1900,1900,1900,1900,0
2022-06-10 09:49:00,1900,1900,1900,1900,0
2022-06-10 09:50:00,1900,1900,1900,1900,0
2022-06-10 09:51:00,1900,1900,1900,1900,0
2022-06-10 09:52:00,1900,1900,1900,1900,0
2022-06-10 09:53:00,1900,1900,1900,1900,0
2022-06-10 09:54:00,1900,1900,1900,1900,0
2022-06-10 09:55:00,1900,1900,1900,1900,0
2022-06-10 09:56:00,1900,1900,1900,1900,0
2022-06-10 09:57:00,1900,1900,1900,1900,0
2022-06-10 09:58:00,1900,1900,1900,1900,0
2022-06-10 09:59:00,1900,1900,1900,1900,0
2022-06-10 10:00:00,1900,1900,1900,1900,0
2022-06-10 10:01:00,1900,1900,1900,1900,0
2022-06-10 10:02:00,1900,1900,1900,1900,0
2022-06-10 10:03:00,1900,1900,1900,1900,0
2022-06-10 10:04:00,1900,1900,1900,1900,0
2022-06-10 10:05:00,1900,1900,1900,1900,0
2022-06-10 10:06:00,1900,1900,1900,1900,0
2022-06-10 10:07:00,1900,1900,1900,1900,0
2022-06-10 10:08:00,1900,1900,1900,1900,0
2022-06-10 10:09:00,1900,1900,1900,1900,0
2022-06-10 10:10:00,1900,1900,1900,1900,0
2022-06-10 10:11:00,1900,1900,1900,1900,0
2022-06-10 10:12:00,1900,1900,1900,1900,0
2022-06-10 10:13:00,1900,1900,1900,1900,0
2022-06-10 10:14:00,1900,1900,1900,1900,0
2022-06-10 10:15:00,1900,1900,1900,1900,0
2022-06-10 10:16:00,1900,1900,1900,1900,0
2022-06-10 10:17:00,1900,1900,1900,1900,0
2022-06-10 10:18:00,1900,1900,1900,1900,0
2022-06-10 10:19:00,1900,1900,1900,1900,0
2022-06-10 10:20:00,1900,1900,1900,1900,0
2022-06-10 10:21:00,1900,1900,1900,1900,0
2022-06-10 10:22:00,1900,1900,1900,1900,0
2022-06-10 10:23:00,1900,1900,1900,1900,0
2022-06-10 10:24:00,1900,1900,1900,1900,0
2022-06-10 10:25:00,1900,1900,1900,1900,0
2022-06-10 10:26:00,1900,1900,1900,1900,0
2022-06-10 10:27:00,1900,1900,1900,1900,0
2022-06-10 10:28:00,1900,1900,1900,1900,0
2022-06-10 10:29:00,1900,1900,1900,1900,0
2022-06-10 10:30:00,1900,1900,1900,1900,0
2022-06-10 10:31:00,1900,1900,1900,1900,0
2022-06-10 10:32:00,1900,1900,1900,1900,0
2022-06-10 10:33:00,1900,1900,1900,1900,0
2022-06-10 10:34:00,1900,1900,1900,1900,0
2022-06-10 10:35:00,1900,1900,1900,1900,0
2022-06-10 10:36:00,1900,1900,1900,1900,0
2022-06-10 10:37:00,1900,1900,1900,1900,0
2022-06-10 10:38:00,1900,1900,1900,1900,0
2022-06-10 10:39:00,1900,1900,1900,1900,0
2022-06-10 10:40:00,1900,1900,1900,1900,0
2022-06-10 10:41:00,1900,1900,1900,1900,0
2022-06-10 10:42:00,1900,1900,1900,1900,0
2022-06-10 10:43:00,1900,1900,1900,1900,0
2022-06-10 10:44:00,1900,1900,1900,1900,0
2022-06-10 10:45:00,1900,1900,1900,1900,0
2022-06-10 10:46:00,1900,1900,1900,1900,0
2022-06-10 10:47:00,1900,1900,1900,1900,0
2022-06-10 10:48:00,1900,1900,1900,1900,0
2022-06-10 10:49:00,1900,1900,1900,1900,0
2022-06-10 10:50:00,1900,1900,1900,1900,0
2022-06-10 10:51:00,1900,1900,1900,1900,0
2022-06-10 10:52:00,1900,1900,1900,1900,0
2022-06-10 10:53:00,1900,1900,1900,1900,0
2022-06-10 10:54:00,1900,1900,1900,1900,0
2022-06-10 10:55:00,1900,1900,1900,1900,0
2022-06-10 10:56:00,1900,1900,1900,1900,0
2022-06-10 10:57:00,1900,1900,1900,1900,0
2022-06-10 10:58:00,1900,1900,1900,1900,0
2022-06-10 10:59:00,1900,1900,1900,1900,0
2022-06-10 11:00:00,1900,1900,1900,1900,0
2022-06-10 11:01:00,1900,1900,1900,1900,0
2022-06-10 11:02:00,1900,1900,1900,1900,0
2022-06-10 11:03:00,1900,1900,1900,1900,0
2022-06-10 11:04:00,1900,1900,1900,1900,0
2022-06-10 11:05:00,1900,1900,1900,1900,0
2022-06-10 11:06:00,1900,1900,1900,1900,0
2022-06-10 11:07:00,1900,1900,1900,1900,0
2022-06-10 11:08:00,1900,1900,1900,1900,0
2022-06-10 11:09:00,1900,1900,1900,1900,0
2022-06-10 11:10:00,1900,1900,1900,1900,0
2022-06-10 11:11:00,1900,1900,1900,1900,0
2022-06-10 11:12:00,1900,1900,1900,1900,0
2022-06-10 11:13:00,1900,1900,1900,1900,0
2022-06-10 11:14:00,1900,1900,1900,1900,0
2022-06-10 11:15:00,1900,1900,1900,1900,0
2022-06-10 11:16:00,1900,1900,1900,1900,0
2022-06-10 11:17:00,1900,1900,1900,1900,0
2022-06-10 11:18:00,1900,1900,1900,1900,0
2022-06-10 11:19:00,1900,1900,1900,1900,0
2022-06-10 11:20:00,1900,1900,1900,1900,0
2022-06-10 11:21:00,1900,1900,1900,1900,0
2022-06-10 11:22:00,1900,1900,1900,1900,0
2022-06-10 11:23:00,1900,1900,1900,1900,0
2022-06-10 11:24:00,1900,1900,1900,1900,0
2022-06-10 11:25:00,1900,1900,1900,1900,0
2022-06-10 11:26:00,1900,1900,1900,1900,0
2022-06-10 11:27:00,1900,1900,1900,1900,0
2022-06-10 11:28:00,1900,1900,1900,1900,0
2022-06-10 11:29:00,1900,1900,1900,1900,0
2022-06-10 11:30:00,1900,1900,1900,1900,0
2022-06-10 11:31:00,1900,1900,1900,1900,0
2022-06-10 11:32:00,1900,1900,1900,1900,0
2022-06-10 11:33:00,1900,1900,1900,1900,0
2022-06-10 11:34:00,1900,1900,1900,1900,0
2022-06-10 11:35:00,1900,1900,1900,1900,0
2022-06-10 11:36:00,1900,1900,1900,1900,0
2022-06-10 11:37:00,1900,1900,1900,1900,0
2022-06-10 11:38:00,1900,1900,1900,1900,0
2022-06-10 11:39:00,1900,1900,1900,1900,0
2022-06-10 11:40:00,1900,1900,1900,1900,0
2022-06-10 11:41:00,1900,1900,1900,1900,0
2022-06-10 11:42:00,1900,1900,1900,1900,0
2022-06-10 11:43:00,1900,1900,1900,1900,0
2022-06-10 11:44:00,1900,1900,1900,1900,0
2022-06-10 11:45:00,1900,1900,1900,1900,0
2022-06-10 11:46:00,1900,1900,1900,1900,0
2022-06-10 11:47:00,1900,1900,1900,1900,0
2022-06-10 11:48:00,1900,1900,1900,1900,0
2022-06-10 11:49:00,1900,1900,1900,1900,0
2022-06-10 11:50:00,1900,1900,1900,1900,0
2022-06-10 11:51:00,1900,1900,1900,1900,0
2022-06-10 11:52:00,1900,1900,1900,1900,0
2022-06-10 11:53:00,1900,1900,1900,1900,0
2022-06-10 11:54:00,1900,1900,1900,1900,0
2022-06-10 11:55:00,1900,1900,1900,1900,0
2022-06-10 11:56:00,1900,1900,1900,1900,0
2022-06-10 11:57:00,1900,1900,1900,1900,0
2022-06-10 11:58:00,1900,1900,1900,1900,0
2022-06-10 11:59:00,1900,1900,1900,1900,0
2022-06-10 12:00:00,1900,1900,1900,1900,0
2022-06-10 12:01:00,1900,1900,1900,1900,0
2022-06-10 12:02:00,1900,1900,1900,1900,0
2022-06-10 12:03:00,1900,1900,1900,1900,0
2022-06-10 12:04:00,1900,1900,1900,1900,0
2022-06-10 12:05:00,1900,1900,1900,1900,0
2022-06-10 12:06:00,1900,1900,1900,1900,0
2022-06-10 12:07:00,1900,1900,1900,1900,0
2022-06-10 12:08:00,1900,1900,1900,1900,0
2022-06-10 12:09:00,1900,1900,1900,1900,0
2022-06-10 12:10:00,1900,1900,1900,1900,0
2022-06-10 12:11:00,1900,1900,1900,1900,0
2022-06-10 12:12:00,1900,1900,1900,1900,0
2022-06-10 12:13:00,1900,1900,1900,1900,0
2022-06-10 12:14:00,1900,1900,1900,1900,0
2022-06-10 12:15:00,1900,1900,1900,1900,0
2022-06-10 12:16:00,1900,1900,1900,1900,0
2022-06-10 12:17:00,1900,1900,1900,1900,0
2022-06-10 12:18:00,1900,1900,1900,1900,0
2022-06-10 12:19:00,1900,1900,1900,1900,0
2022-06-10 12:20:00,1900,1900,1900,1900,0
2022-06-10 12:21:00,1900,1900,1900,1900,0
2022-06-10 12:22:00,1900,1900,1900,1900,0
2022-06-10 12:23:00,1900,1900,1900,1900,0
2022-06-10 12:24:00,1900,1900,1900,1900,0
2022-06-10 12:25:00,1900,1900,1900,1900,0
2022-06-10 12:26:00,1900,1900,1900,1900,0
2022-06-10 12:27:00,1900,1900,1900,1900,0
2022-06-10 12:28:00,1900,1900,1900,1900,0
2022-06-10 12:29:00,1900,1900,1900,1900,0
2022-06-10 12:30:00,1900,1900,1900,1900,0
2022-06-10 12:31:00,1900,1900,1900,1900,0
2022-06-10 12:32:00,1900,1900,1900,1900,0
2022-06-10 12:33:00,1900,1900,1900,1900,0
2022-06-10 12:34:00,1900,1900,1900,1900,0
2022-06-10 12:35:00,1900,1900,1900,1900,0
2022-06-10 12:36:00,1900,1900,1900,1900,0
2022-06-10 12:37:00,1900,1900,1900,1900,0
2022-06-10 12:38:00,1900,1900,1900,1900,0
2022-06-10 12:39:00,1900,1900,1900,1900,0
2022-06-10 12:40:00,1900,1900,1900,1900,0
2022-06-10 12:41:00,1900,1900,1900,1900,0
2022-06-10 12:42:00,1900,1900,1900,1900,0
2022-06-10 12:43:00,1900,1900,1900,1900,0
2022-06-10 12:44:00,1900,1900,1900,1900,0
2022-06-10 12:45:00,1900,1900,1900,1900,0
2022-06-10 12:46:00,1900,1900,1900,1900,0
2022-06-10 12:47:00,1900,1900,1900,1900,0
2022-06-10 12:48:00,1900,1900,1900,1900,0
2022-06-10 12:49:00,1900,1900,1900,1900,0
2022-06-10 12:50:00,1900,1900,1900,1900,0
2022-06-10 12:51:00,1900,1900,1900,1900,0
2022-06-10 12:52:00,1900,1900,1900,1900,0
2022-06-10 12:53:00,1900,1900,1900,1900,0
2022-06-10 12:54:00,1900,1900,1900,1900,0
2022-06-10 12:55:00,1900,1900,1900,1900,0
2022-06-10 12:56:00,1900,1900,1900,1900,0
2022-06-10 12:57:00,1900,1900,1900,1900,0
2022-06-10 12:58:00,1900,1900,1900,1900,0
2022-06-10 12:59:00,1900,1900,1900,1900,0
2022-06-10 13:00:00,1900,1900,1900,1900,0
2022-06-10 13:01:00,1900,1900,1900,1900,0
2022-06-10 13:02:00,1900,1900,1900,1900,0
2022-06-10 13:03:00,1900,1900,1900,1900,0
2022-06-10 13:04:00,1900,1900,1900,1900,0
2022-06-10 13:05:00,1900,1900,1900,1900,0
2022-06-10 13:06:00,1900,1900,1900,1900,0
2022-06-10 13:07:00,1900,1900,1900,1900,0
2022-06-10 13:08:00,1900,1900,1900,1900,0
2022-06-10 13:09:00,1900,1900,1900,1900,0
2022-06-10 13:10:00,1900,1900,1900,1900,0
2022-06-10 13:11:00,1900,1900,1900,1900,0
2022-06-10 13:12:00,1900,1900,1900,1900,0
2022-06-10 13:13:00,1900,1900,1900,1900,0
2022-06-10 13:14:00,1900,1900,1900,1900,0
2022-06-10 13:15:00,1900,1900,1900,1900,0
2022-06-10 13:16:00,1900,1900,1900,1900,0
2022-06-10 13:17:00,1900,1900,1900,1900,0
2022-06-10 13:18:00,1900,1900,1900,1900,0
2022-06-10 13:19:00,1900,1900,1900,1900,0
2022-06-10 13:20:00,1900,1900,1900,1900,0
2022-06-10 13:21:00,1900,1900,1900,1900,0
2022-06-10 13:22:00,1900,1900,1900,1900,0
2022-06-10 13:23:00,1900,1900,1900,1900,0
2022-06-10 13:24:00,1900,1900,1900,1900,0
2022-06-10 13:25:00,1900,1900,1900,1900,0
2022-06-10 13:26:00,1900,1900,1900,1900,0
2022-06-10 13:27:00,1900,1900,1900,1900,0
2022-06-10 13:28:00,1900,1900,1900,1900,0
2022-06-10 13:29:00,1900,1900,1900,1900,0
2022-06-10 13:30:00,1900,1900,1900,1900,0
2022-06-10 13:31:00,1900,1900,1900,1900,0
2022-06-10 13:32:00,1900,1900,1900,1900,0
2022-06-10 13:33:00,1900,1900,1900,1900,0
2022-06-10 13:34:00,1900,1900,1900,1900,0
2022-06-10 13:35:00,1900,1900,1900,1900,0
2022-06-10 13:36:00,1900,1900,1900,1900,0
2022-06-10 13:37:00,1900,1900,1900,1900,0
2022-06-10 13:38:00,1900,1900,1900,1900,0
2022-06-10 13:39:00,1900,1900,1900,1900,0
2022-06-10 13:40:00,1900,1900,1900,1900,0
2022-06-10 13:41:00,1900,1900,1900,1900,0
2022-06-10 13:42:00,1900,1900,1900,1900,0
2022-06-10 13:43:00,1900,1900,1900,1900,0
2022-06-10 13:44:00,1900,1900,1900,1900,0
2022-06-10 13:45:00,1900,1900,1900,1900,0
2022-06-10 13:46:00,1900,1900,1900,1900,0
2022-06-10 13:47:00,1900,1900,1900,1900,0
2022-06-10 13:48:00,1900,1900,1900,1900,0
2022-06-10 13:49:00,1900,1900,1900,1900,0
2022-06-10 13:50:00,1900,1900,1900,1900,0
2022-06-10 13:51:00,1900,1900,1900,1900,0
2022-06-10 13:52:00,1900,1900,1900,1900,0
2022-06-10 13:53:00,1900,1900,1900,1900,0
2022-06-10 13:54:00,1900,1900,1900,1900,0
2022-06-10 13:55:00,1900,1900,1900,1900,0
2022-06-10 13:56:00,1900,1900,1900,1900,0
2022-06-10 13:57:00,1900,1900,1900,1900,0
2022-06-10 13:58:00,1900,1900,1900,1900,0
2022-06-10 13:59:00,1900,1900,1900,1900,0
2022-06-10 14:00:00,1900,1900,1900,1900,0
2022-06-10 14:01:00,1900,1900,1900,1900,0
2022-06-10 14:02:00,1900,1900,1900,1900,0
2022-06-10 14:03:00,1900,1900,1900,1900,0
2022-06-10 14:04:00,1900,1900,1900,1900,0
2022-06-10 14:05:00,1900,1900,1900,1900,0
2022-06-10 14:06:00,1900,1900,1900,1900,0
2022-06-10 14:07:00,1900,1900,1900,1900,0
2022-06-10 14:08:00,1900,1900,1900,1900,0
2022-06-10 14:09:00,1900,1900,1900,1900,0
2022-06-10 14:10:00,1900,1900,1900,1900,0
2022-06-10 14:11:00,1900,1900,1900,1900,0
2022-06-10 14:12:00,1900,1900,1900,1900,0
2022-06-10 14:13:00,1900,1900,1900,1900,0
2022-06-10 14:14:00,1900,1900,1900,1900,0
2022-06-10 14:15:00,1900,1900,1900,1900,0
2022-06-10 14:16:00,1900,1900,1900,1900,0
2022-06-10 14:17:00,1900,1900,1900,1900,0
2022-06-10 14:18:00,1900,1900,1900,1900,0
2022-06-10 14:19:00,1900,1900,1900,1900,0
2022-06-10 14:20:00,1900,1900,1900,1900,0
2022-06-10 14:21:00,1900,1900,1900,1900,0
2022-06-10 14:22:00,1900,1900,1900,1900,0
2022-06-10 14:23:00,1900,1900,1900,1900,0
2022-06-10 14:24:00,1900,1900,1900,1900,0
2022-06-10 14:25:00,1900,1900,1900,1900,0
2022-06-10 14:26:00,1900,1900,1900,1900,0
2022-06-10 14:27:00,1900,1900,1900,1900,0
2022-06-10 14:28:00,1900,1900,1900,1900,0
2022-06-10 14:29:00,1900,1900,1900,1900,0
2022-06-10 14:30:00,1900,1900,1900,1900,0
2022-06-10 14:31:00,1900,1900,1900,1900,0
2022-06-10 14:32:00,1900,1900,1900,1900,0
2022-06-10 14:33:00,1900,1900,1900,1900,0
2022-06-10 14:34:00,1900,1900,1900,1900,0
2022-06-10 14:35:00,1900,1900,1900,1900,0
2022-06-10 14:36:00,1900,1900,1900,1900,0
2022-06-10 14:37:00,1900,1900,1900,1900,0
2022-06-10 14:38:00,1900,1900,1900,1900,0
2022-06-10 14:39:00,1900,1900,1900,1900,0
2022-06-10 14:40:00,1900,1900,1900,1900,0
2022-06-10 14:41:00,1900,1900,1900,1900,0
2022-06-10 14:42:00,1900,1900,1900,1900,0
2022-06-10 14:43:00,1900,1900,1900,1900,0
2022-06-10 14:44:00,1900,1900,1900,1900,0
2022-06-10 14:45:00,1900,1900,1900,1900,0
2022-06-10 14:46:00,1900,1900,1900,1900,0
2022-06-10 14:47:00,1900,1900,1900,1900,0
2022-06-10 14:48:00,1900,1900,1900,1900,0
2022-06-10 14:49:00,1900,1900,1900,1900,0
2022-06-10 14:50:00,1900,1900,1900,1900,0
2022-06-10 14:51:00,1900,1900,1900,1900,0
2022-06-10 14:52:00,1900,1900,1900,1900,0
2022-06-10 14:53:00,1900,1900,1900,1900,0
2022-06-10 14:54:00,1900,1900,1900,1900,0
2022-06-10 14:55:00,1900,1900,1900,1900,0
2022-06-10 14:56:00,1900,1900,1900,1900,0
2022-06-10 14:57:00,1900,1900,1900,1900,0
2022-06-10 14:58:00,1900,1900,1900,1900,0
2022-06-10 14:59:00,1900,1900,1900,1900,0
2022-06-10 15:00:00,1900,1900,1900,1900,0
2022-06-10 15:01:00,1900,1900,1900,1900,7400
2022-06-10 15:02:00,1900,1900,1900,1900,0
2022-06-10 15:03:00,1900,1900,1900,1900,0
2022-06-10 15:04:00,1900,1900,1900,1900,0
2022-06-10 15:05:00,1900,1900,1900,1900,0
2022-06-10 15:06:00,1900,1900,1900,1900,0
2022-06-10 15:07:00,1900,1900,1900,1900,0
2022-06-10 15:08:00,1900,1900,1900,1900,0
2022-06-10 15:09:00,1900,1900,1900,1900,0
2022-06-10 15:10:00,1900,1900,1900,1900,0
2022-06-10 15:11:00,1900,1900,1900,1900,0
2022-06-10 15:12:00,1900,1900,1900,1900,0
2022-06-10 15:13:00,1900,1900,1900,1900,0
2022-06-10 15:14:00,1900,1900,1900,1900,0
2022-06-10 15:15:00,1900,1900,1900,1900,0
2022-06-10 15:16:00,1900,1900,1900,1900,0
2022-06-10 15:17:00,1900,1900,1900,1900,0
2022-06-10 15:18:00,1900,1900,1900,1900,0
2022-06-10 15:19:00,1900,1900,1900,1900,0
2022-06-10 15:20:00,1900,1900,1900,1900,0
2022-06-10 15:21:00,1900,1900,1900,1900,0
2022-06-10 15:22:00,1900,1900,1900,1900,0
2022-06-10 15:23:00,1900,1900,1900,1900,0
2022-06-10 15:24:00,1900,1900,1900,1900,0
2022-06-10 15:25:00,1900,1900,1900,1900,0
2022-06-10 15:26:00,1900,1900,1900,1900,0
2022-06-10 15:27:00,1900,1900,1900,1900,0
2022-06-10 15:28:00,1900,1900,1900,1900,0
2022-06-10 15:29:00,1900,1900,1900,1900,0
2022-06-10 15:30:00,1900,1900,1900,1900,0
2022-06-10 15:31:00,1900,1900,1900,1900,0
2022-06-10 15:32:00,1900,1900,1900,1900,0
2022-06-10 15:33:00,1900,1900,1900,1900,0
2022-06-10 15:34:00,1900,1900,1900,1900,0
2022-06-10 15:35:00,1900,1900,1900,1900,0
2022-06-10 15:36:00,1900,1900,1900,1900,0
2022-06-10 15:37:00,1900,1900,1900,1900,0
2022-06-10 15:38:00,1900,1900,1900,1900,0
2022-06-10 15:39:00,1900,1900,1900,1900,0
2022-06-10 15:40:00,1900,1900,1900,1900,0
2022-06-10 15:41:00,1900,1900,1900,1900,0
2022-06-10 15:42:00,1900,1900,1900,1900,0
2022-06-10 15:43:00,1900,1900,1900,1900,0
2022-06-10 15:44:00,1900,1900,1900,1900,0
2022-06-10 15:45:00,1900,1900,1900,1900,0
2022-06-10 15:46:00,1900,1900,1900,1900,0
2022-06-10 15:47:00,1900,1900,1900,1900,0
2022-06-10 15:48:00,1900,1900,1900,1900,0
2022-06-10 15:49:00,1900,1900,1900,1900,0
2022-06-10 15:50:00,1900,1900,1900,1900,0
2022-06-10 15:51:00,1900,1900,1900,1900,0
2022-06-10 15:52:00,1900,1900,1900,1900,0
2022-06-10 15:53:00,1900,1900,1900,1900,0
2022-06-10 15:54:00,1900,1900,1900,1900,0
2022-06-10 15:55:00,1900,1900,1900,1900,0
2022-06-10 15:56:00,1900,1900,1900,1900,0
2022-06-10 15:57:00,1900,1900,1900,1900,0
2022-06-10 15:58:00,1900,1900,1900,1900,0
2022-06-10 15:59:00,1900,1900,1900,1900,0
2022-06-13 09:00:00,1900,1900,1900,1900,0
2022-06-13 09:01:00,1900,1900,1900,1900,0
2022-06-13 09:02:00,1900,1900,1900,1900,0
2022-06-13 09:03:00,1900,1900,1900,1900,0
2022-06-13 09:04:00,1900,1900,1900,1900,0
2022-06-13 09:05:00,1900,1900,1900,1900,0
2022-06-13 09:06:00,1900,1900,1900,1900,0
2022-06-13 09:07:00,1900,1900,1900,1900,0
2022-06-13 09:08:00,1900,1900,1900,1900,0
2022-06-13 09:09:00,1900,1900,1900,1900,0
2022-06-13 09:10:00,1900,1900,1900,1900,0
2022-06-13 09:11:00,1900,1900,1900,1900,0
2022-06-13 09:12:00,1900,1900,1900,1900,0
2022-06-13 09:13:00,1900,1900,1900,1900,0
2022-06-13 09:14:00,1900,1900,1900,1900,0
2022-06-13 09:15:00,1900,1900,1900,1900,0
2022-06-13 09:16:00,1900,1900,1900,1900,0
2022-06-13 09:17:00,1900,1900,1900,1900,0
2022-06-13 09:18:00,1900,1900,1900,1900,0
2022-06-13 09:19:00,1900,1900,1900,1900,0
2022-06-13 09:20:00,1900,1900,1900,1900,0
2022-06-13 09:21:00,1900,1900,1900,1900,0
2022-06-13 09:22:00,1900,1900,1900,1900,0
2022-06-13 09:23:00,1900,1900,1900,1900,0
2022-06-13 09:24:00,1900,1900,1900,1900,0
2022-06-13 09:25:00,1900,1900,1900,1900,0
2022-06-13 09:26:00,1900,1900,1900,1900,0
2022-06-13 09:27:00,1900,1900,1900,1900,0
2022-06-13 09:28:00,1900,1900,1900,1900,0
2022-06-13 09:29:00,1900,1900,1900,1900,0
2022-06-13 09:30:00,1900,1900,1900,1900,0
2022-06-13 09:31:00,1900,1900,1900,1900,0
2022-06-13 09:32:00,1900,1900,1900,1900,0
2022-06-13 09:33:00,1900,1900,1900,1900,0
2022-06-13 09:34:00,1900,1900,1900,1900,0
2022-06-13 09:35:00,1900,1900,1900,1900,0
2022-06-13 09:36:00,1900,1900,1900,1900,0
2022-06-13 09:37:00,1900,1900,1900,1900,0
2022-06-13 09:38:00,1900,1900,1900,1900,0
2022-06-13 09:39:00,1900,1900,1900,1900,0
2022-06-13 09:40:00,1900,1900,1900,1900,0
2022-06-13 09:41:00,1900,1900,1900,1900,0
2022-06-13 09:42:00,1900,1900,1900,1900,0
2022-06-13 09:43:00,1900,1900,1900,1900,0
2022-06-13 09:44:00,1900,1900,1900,1900,0
2022-06-13 09:45:00,1900,1900,1900,1900,0
2022-06-13 09:46:00,1900,1900,1900,1900,0
2022-06-13 09:47:00,1900,1900,1900,1900,0
2022-06-13 09:48:00,1900,1900,1900,1900,0
2022-06-13 09:49:00,1900,1900,1900,1900,0
2022-06-13 09:50:00,1900,1900,1900,1900,0
2022-06-13 09:51:00,1900,1900,1900,1900,0
2022-06-13 09:52:00,1900,1900,1900,1900,0
2022-06-13 09:53:00,1900,1900,1900,1900,0
2022-06-13 09:54:00,1900,1900,1900,1900,0
2022-06-13 09:55:00,1900,1900,1900,1900,0
2022-06-13 09:56:00,1900,1900,1900,1900,0
2022-06-13 09:57:00,1900,1900,1900,1900,0
2022-06-13 09:58:00,1900,1900,1900,1900,0
2022-06-13 09:59:00,1900,1900,1900,1900,0
2022-06-13 10:00:00,1900,1900,1900,1900,0
2022-06-13 10:01:00,1900,1900,1900,1900,0
2022-06-13 10:02:00,1900,1900,1900,1900,0
2022-06-13 10:03:00,1900,1900,1900,1900,0
2022-06-13 10:04:00,1900,1900,1900,1900,0
2022-06-13 10:05:00,1900,1900,1900,1900,0
2022-06-13 10:06:00,1900,1900,1900,1900,0
2022-06-13 10:07:00,1900,1900,1900,1900,0
2022-06-13 10:08:00,1900,1900,1900,1900,0
2022-06-13 10:09:00,1900,1900,1900,1900,0
2022-06-13 10:10:00,1900,1900,1900,1900,0
2022-06-13 10:11:00,1900,1900,1900,1900,0
2022-06-13 10:12:00,1900,1900,1900,1900,0
2022-06-13 10:13:00,1900,1900,1900,1900,0
2022-06-13 10:14:00,1900,1900,1900,1900,0
2022-06-13 10:15:00,1900,1900,1900,1900,0
2022-06-13 10:16:00,1900,1900,1900,1900,0
2022-06-13 10:17:00,1900,1900,1900,1900,0
2022-06-13 10:18:00,1900,1900,1900,1900,0
2022-06-13 10:19:00,1900,1900,1900,1900,0
2022-06-13 10:20:00,1900,1900,1900,1900,0
2022-06-13 10:21:00,1900,1900,1900,1900,0
2022-06-13 10:22:00,1900,1900,1900,1900,0
2022-06-13 10:23:00,1900,1900,1900,1900,0
2022-06-13 10:24:00,1900,1900,1900,1900,0
2022-06-13 10:25:00,1900,1900,1900,1900,0
2022-06-13 10:26:00,1900,1900,1900,1900,0
2022-06-13 10:27:00,1900,1900,1900,1900,0
2022-06-13 10:28:00,1900,1900,1900,1900,0
2022-06-13 10:29:00,1900,1900,1900,1900,0
2022-06-13 10:30:00,1900,1900,1900,1900,0
2022-06-13 10:31:00,1900,1900,1900,1900,0
2022-06-13 10:32:00,1900,1900,1900,1900,0
2022-06-13 10:33:00,1900,1900,1900,1900,0
2022-06-13 10:34:00,1900,1900,1900,1900,0
2022-06-13 10:35:00,1900,1900,1900,1900,0
2022-06-13 10:36:00,1900,1900,1900,1900,0
2022-06-13 10:37:00,1900,1900,1900,1900,0
2022-06-13 10:38:00,1900,1900,1900,1900,0
2022-06-13 10:39:00,1900,1900,1900,1900,0
2022-06-13 10:40:00,1900,1900,1900,1900,0
2022-06-13 10:41:00,1900,1900,1900,1900,0
2022-06-13 10:42:00,1900,1900,1900,1900,0
2022-06-13 10:43:00,1900,1900,1900,1900,0
2022-06-13 10:44:00,1900,1900,1900,1900,0
2022-06-13 10:45:00,1900,1900,1900,1900,0
2022-06-13 10:46:00,1900,1900,1900,1900,0
2022-06-13 10:47:00,1900,1900,1900,1900,0
2022-06-13 10:48:00,1900,1900,1900,1900,0
2022-06-13 10:49:00,1900,1900,1900,1900,0
2022-06-13 10:50:00,1900,1900,1900,1900,0
2022-06-13 10:51:00,1900,1900,1900,1900,0
2022-06-13 10:52:00,1900,1900,1900,1900,0
2022-06-13 10:53:00,1900,1900,1900,1900,0
2022-06-13 10:54:00,1900,1900,1900,1900,0
2022-06-13 10:55:00,1900,1900,1900,1900,0
2022-06-13 10:56:00,1900,1900,1900,1900,0
2022-06-13 10:57:00,1900,1900,1900,1900,0
2022-06-13 10:58:00,1900,1900,1900,1900,0
2022-06-13 10:59:00,1900,1900,1900,1900,0
2022-06-13 11:00:00,1900,1900,1900,1900,0
2022-06-13 11:01:00,1900,1900,1900,1900,0
2022-06-13 11:02:00,1900,1900,1900,1900,0
2022-06-13 11:03:00,1900,1900,1900,1900,0
2022-06-13 11:04:00,1900,1900,1900,1900,0
2022-06-13 11:05:00,1900,1900,1900,1900,0
2022-06-13 11:06:00,1900,1900,1900,1900,0
2022-06-13 11:07:00,1900,1900,1900,1900,0
2022-06-13 11:08:00,1900,1900,1900,1900,0
2022-06-13 11:09:00,1900,1900,1900,1900,0
2022-06-13 11:10:00,1900,1900,1900,1900,0
2022-06-13 11:11:00,1900,1900,1900,1900,0
2022-06-13 11:12:00,1900,1900,1900,1900,0
2022-06-13 11:13:00,1900,1900,1900,1900,0
2022-06-13 11:14:00,1900,1900,1900,1900,0
2022-06-13 11:15:00,1900,1900,1900,1900,0
2022-06-13 11:16:00,1900,1900,1900,1900,0
2022-06-13 11:17:00,1900,1900,1900,1900,0
2022-06-13 11:18:00,1900,1900,1900,1900,0
2022-06-13 11:19:00,1900,1900,1900,1900,0
2022-06-13 11:20:00,1900,1900,1900,1900,0
2022-06-13 11:21:00,1900,1900,1900,1900,0
2022-06-13 11:22:00,1900,1900,1900,1900,0
2022-06-13 11:23:00,1900,1900,1900,1900,0
2022-06-13 11:24:00,1900,1900,1900,1900,0
2022-06-13 11:25:00,1900,1900,1900,1900,0
2022-06-13 11:26:00,1900,1900,1900,1900,0
2022-06-13 11:27:00,1900,1900,1900,1900,0
2022-06-13 11:28:00,1900,1900,1900,1900,0
2022-06-13 11:29:00,1900,1900,1900,1900,0
2022-06-13 11:30:00,1900,1900,1900,1900,0
2022-06-13 11:31:00,1900,1900,1900,1900,0
2022-06-13 11:32:00,1900,1900,1900,1900,0
2022-06-13 11:33:00,1900,1900,1900,1900,0
2022-06-13 11:34:00,1900,1900,1900,1900,0
2022-06-13 11:35:00,1900,1900,1900,1900,0
2022-06-13 11:36:00,1900,1900,1900,1900,0
2022-06-13 11:37:00,1900,1900,1900,1900,0
2022-06-13 11:38:00,1900,1900,1900,1900,0
2022-06-13 11:39:00,1900,1900,1900,1900,0
2022-06-13 11:40:00,1900,1900,1900,1900,0
2022-06-13 11:41:00,1900,1900,1900,1900,0
2022-06-13 11:42:00,1900,1900,1900,1900,0
2022-06-13 11:43:00,1900,1900,1900,1900,0
2022-06-13 11:44:00,1900,1900,1900,1900,0
2022-06-13 11:45:00,1900,1900,1900,1900,0
2022-06-13 11:46:00,1900,1900,1900,1900,0
2022-06-13 11:47:00,1900,1900,1900,1900,0
2022-06-13 11:48:00,1900,1900,1900,1900,0
2022-06-13 11:49:00,1900,1900,1900,1900,0
2022-06-13 11:50:00,1900,1900,1900,1900,0
2022-06-13 11:51:00,1900,1900,1900,1900,0
2022-06-13 11:52:00,1900,1900,1900,1900,0
2022-06-13 11:53:00,1900,1900,1900,1900,0
2022-06-13 11:54:00,1900,1900,1900,1900,0
2022-06-13 11:55:00,1900,1900,1900,1900,0
2022-06-13 11:56:00,1900,1900,1900,1900,0
2022-06-13 11:57:00,1900,1900,1900,1900,0
2022-06-13 11:58:00,1900,1900,1900,1900,0
2022-06-13 11:59:00,1900,1900,1900,1900,0
2022-06-13 12:00:00,1900,1900,1900,1900,0
2022-06-13 12:01:00,1900,1900,1900,1900,0
2022-06-13 12:02:00,1900,1900,1900,1900,0
2022-06-13 12:03:00,1900,1900,1900,1900,0
2022-06-13 12:04:00,1900,1900,1900,1900,0
2022-06-13 12:05:00,1900,1900,1900,1900,0
2022-06-13 12:06:00,1900,1900,1900,1900,0
2022-06-13 12:07:00,1900,1900,1900,1900,0
2022-06-13 12:08:00,1900,1900,1900,1900,0
2022-06-13 12:09:00,1900,1900,1900,1900,0
2022-06-13 12:10:00,1900,1900,1900,1900,0
2022-06-13 12:11:00,1900,1900,1900,1900,0
2022-06-13 12:12:00,1900,1900,1900,1900,0
2022-06-13 12:13:00,1900,1900,1900,1900,0
2022-06-13 12:14:00,1900,1900,1900,1900,0
2022-06-13 12:15:00,1900,1900,1900,1900,0
2022-06-13 12:16:00,1900,1900,1900,1900,0
2022-06-13 12:17:00,1900,1900,1900,1900,0
2022-06-13 12:18:00,1900,1900,1900,1900,0
2022-06-13 12:19:00,1900,1900,1900,1900,0
2022-06-13 12:20:00,1900,1900,1900,1900,0
2022-06-13 12:21:00,1900,1900,1900,1900,0
2022-06-13 12:22:00,1900,1900,1900,1900,0
2022-06-13 12:23:00,1900,1900,1900,1900,0
2022-06-13 12:24:00,1900,1900,1900,1900,0
2022-06-13 12:25:00,1900,1900,1900,1900,0
2022-06-13 12:26:00,1900,1900,1900,1900,0
2022-06-13 12:27:00,1900,1900,1900,1900,0
2022-06-13 12:28:00,1900,1900,1900,1900,0
2022-06-13 12:29:00,1900,1900,1900,1900,0
2022-06-13 12:30:00,1900,1900,1900,1900,0
2022-06-13 12:31:00,1900,1900,1900,1900,0
2022-06-13 12:32:00,1900,1900,1900,1900,0
2022-06-13 12:33:00,1900,1900,1900,1900,0
2022-06-13 12:34:00,1900,1900,1900,1900,0
2022-06-13 12:35:00,1900,1900,1900,1900,0
2022-06-13 12:36:00,1900,1900,1900,1900,0
2022-06-13 12:37:00,1900,1900,1900,1900,0
2022-06-13 12:38:00,1900,1900,1900,1900,0
2022-06-13 12:39:00,1900,1900,1900,1900,0
2022-06-13 12:40:00,1900,1900,1900,1900,0
2022-06-13 12:41:00,1900,1900,1900,1900,0
2022-06-13 12:42:00,1900,1900,1900,1900,0
2022-06-13 12:43:00,1900,1900,1900,1900,0
2022-06-13 12:44:00,1900,1900,1900,1900,0
2022-06-13 12:45:00,1900,1900,1900,1900,0
2022-06-13 12:46:00,1900,1900,1900,1900,0
2022-06-13 12:47:00,1900,1900,1900,1900,0
2022-06-13 12:48:00,1900,1900,1900,1900,0
2022-06-13 12:49:00,1900,1900,1900,1900,0
2022-06-13 12:50:00,1900,1900,1900,1900,0
2022-06-13 12:51:00,1900,1900,1900,1900,0
2022-06-13 12:52:00,1900,1900,1900,1900,0
2022-06-13 12:53:00,1900,1900,1900,1900,0
2022-06-13 12:54:00,1900,1900,1900,1900,0
2022-06-13 12:55:00,1900,1900,1900,1900,0
2022-06-13 12:56:00,1900,1900,1900,1900,0
2022-06-13 12:57:00,1900,1900,1900,1900,0
2022-06-13 12:58:00,1900,1900,1900,1900,0
2022-06-13 12:59:00,1900,1900,1900,1900,0
2022-06-13 13:00:00,1900,1900,1900,1900,0
2022-06-13 13:01:00,1900,1900,1900,1900,0
2022-06-13 13:02:00,1900,1900,1900,1900,0
2022-06-13 13:03:00,1900,1900,1900,1900,0
2022-06-13 13:04:00,1900,1900,1900,1900,0
2022-06-13 13:05:00,1900,1900,1900,1900,0
2022-06-13 13:06:00,1900,1900,1900,1900,0
2022-06-13 13:07:00,1900,1900,1900,1900,0
2022-06-13 13:08:00,1900,1900,1900,1900,0
2022-06-13 13:09:00,1900,1900,1900,1900,0
2022-06-13 13:10:00,1900,1900,1900,1900,0
2022-06-13 13:11:00,1900,1900,1900,1900,0
2022-06-13 13:12:00,1900,1900,1900,1900,0
2022-06-13 13:13:00,1900,1900,1900,1900,0
2022-06-13 13:14:00,1900,1900,1900,1900,0
2022-06-13 13:15:00,1900,1900,1900,1900,0
2022-06-13 13:16:00,1900,1900,1900,1900,0
2022-06-13 13:17:00,1900,1900,1900,1900,0
2022-06-13 13:18:00,1900,1900,1900,1900,0
2022-06-13 13:19:00,1900,1900,1900,1900,0
2022-06-13 13:20:00,1900,1900,1900,1900,0
2022-06-13 13:21:00,1900,1900,1900,1900,0
2022-06-13 13:22:00,1900,1900,1900,1900,0
2022-06-13 13:23:00,1900,1900,1900,1900,0
2022-06-13 13:24:00,1900,1900,1900,1900,0
2022-06-13 13:25:00,1900,1900,1900,1900,0
2022-06-13 13:26:00,1900,1900,1900,1900,0
2022-06-13 13:27:00,1900,1900,1900,1900,0
2022-06-13 13:28:00,1900,1900,1900,1900,0
2022-06-13 13:29:00,1900,1900,1900,1900,0
2022-06-13 13:30:00,1900,1900,1900,1900,0
2022-06-13 13:31:00,1900,1900,1900,1900,0
2022-06-13 13:32:00,1900,1900,1900,1900,0
2022-06-13 13:33:00,1900,1900,1900,1900,0
2022-06-13 13:34:00,1900,1900,1900,1900,0
2022-06-13 13:35:00,1900,1900,1900,1900,0
2022-06-13 13:36:00,1900,1900,1900,1900,0
2022-06-13 13:37:00,1900,1900,1900,1900,0
2022-06-13 13:38:00,1900,1900,1900,1900,0
2022-06-13 13:39:00,1900,1900,1900,1900,0
2022-06-13 13:40:00,1900,1900,1900,1900,0
2022-06-13 13:41:00,1900,1900,1900,1900,0
2022-06-13 13:42:00,1900,1900,1900,1900,0
2022-06-13 13:43:00,1900,1900,1900,1900,0
2022-06-13 13:44:00,1900,1900,1900,1900,0
2022-06-13 13:45:00,1900,1900,1900,1900,0
2022-06-13 13:46:00,1900,1900,1900,1900,0
2022-06-13 13:47:00,1900,1900,1900,1900,0
2022-06-13 13:48:00,1900,1900,1900,1900,0
2022-06-13 13:49:00,1900,1900,1900,1900,0
2022-06-13 13:50:00,1900,1900,1900,1900,0
2022-06-13 13:51:00,1900,1900,1900,1900,0
2022-06-13 13:52:00,1900,1900,1900,1900,0
2022-06-13 13:53:00,1900,1900,1900,1900,0
2022-06-13 13:54:00,1900,1900,1900,1900,0
2022-06-13 13:55:00,1900,1900,1900,1900,0
2022-06-13 13:56:00,1900,1900,1900,1900,0
2022-06-13 13:57:00,1900,1900,1900,1900,0
2022-06-13 13:58:00,1900,1900,1900,1900,0
2022-06-13 13:59:00,1900,1900,1900,1900,0
2022-06-13 14:00:00,1900,1900,1900,1900,0
2022-06-13 14:01:00,1900,1900,1900,1900,0
2022-06-13 14:02:00,1900,1900,1900,1900,0
2022-06-13 14:03:00,1900,1900,1900,1900,0
2022-06-13 14:04:00,1900,1900,1900,1900,0
2022-06-13 14:05:00,1900,1900,1900,1900,0
2022-06-13 14:06:00,1900,1900,1900,1900,0
2022-06-13 14:07:00,1900,1900,1900,1900,0
2022-06-13 14:08:00,1900,1900,1900,1900,0
2022-06-13 14:09:00,1900,1900,1900,1900,0
2022-06-13 14:10:00,1900,1900,1900,1900,0
2022-06-13 14:11:00,1900,1900,1900,1900,0
2022-06-13 14:12:00,1900,1900,1900,1900,0
2022-06-13 14:13:00,1900,1900,1900,1900,0
2022-06-13 14:14:00,1900,1900,1900,1900,0
2022-06-13 14:15:00,1900,1900,1900,1900,0
2022-06-13 14:16:00,1900,1900,1900,1900,0
2022-06-13 14:17:00,1900,1900,1900,1900,0
2022-06-13 14:18:00,1900,1900,1900,1900,0
2022-06-13 14:19:00,1900,1900,1900,1900,0
2022-06-13 14:20:00,1900,1900,1900,1900,0
2022-06-13 14:21:00,1900,1900,1900,1900,0
2022-06-13 14:22:00,1900,1900,1900,1900,0
2022-06-13 14:23:00,1900,1900,1900,1900,0
2022-06-13 14:24:00,1900,1900,1900,1900,0
2022-06-13 14:25:00,1900,1900,1900,1900,0
2022-06-13 14:26:00,1900,1900,1900,1900,0
2022-06-13 14:27:00,1900,1900,1900,1900,0
2022-06-13 14:28:00,1900,1900,1900,1900,0
2022-06-13 14:29:00,1900,1900,1900,1900,0
2022-06-13 14:30:00,1900,1900,1900,1900,0
2022-06-13 14:31:00,1900,1900,1900,1900,0
2022-06-13 14:32:00,1900,1900,1900,1900,0
2022-06-13 14:33:00,1900,1900,1900,1900,0
2022-06-13 14:34:00,1900,1900,1900,1900,0
2022-06-13 14:35:00,1900,1900,1900,1900,0
2022-06-13 14:36:00,1900,1900,1900,1900,8100
2022-06-13 14:37:00,1900,1900,1900,1900,0
2022-06-13 14:38:00,1900,1900,1900,1900,3900
2022-06-13 14:39:00,1900,1900,1900,1900,0
2022-06-13 14:40:00,1900,1900,1900,1900,0
2022-06-13 14:41:00,1900,1900,1900,1900,0
2022-06-13 14:42:00,1900,1900,1900,1900,0
2022-06-13 14:43:00,1900,1900,1900,1900,0
2022-06-13 14:44:00,1900,1900,1900,1900,0
2022-06-13 14:45:00,1900,1900,1900,1900,0
2022-06-13 14:46:00,1900,1900,1900,1900,0
2022-06-13 14:47:00,1900,1900,1900,1900,0
2022-06-13 14:48:00,1900,1900,1900,1900,0
2022-06-13 14:49:00,1900,1900,1900,1900,0
2022-06-13 14:50:00,1900,1900,1900,1900,0
2022-06-13 14:51:00,1900,1900,1900,1900,0
2022-06-13 14:52:00,1900,1900,1900,1900,0
2022-06-13 14:53:00,1900,1900,1900,1900,0
2022-06-13 14:54:00,1900,1900,1900,1900,0
2022-06-13 14:55:00,1900,1900,1900,1900,0
2022-06-13 14:56:00,1900,1900,1900,1900,0
2022-06-13 14:57:00,1900,1900,1900,1900,0
2022-06-13 14:58:00,1900,1900,1900,1900,0
2022-06-13 14:59:00,1900,1900,1900,1900,0
2022-06-13 15:00:00,1910,1910,1910,1910,27300
2022-06-13 15:01:00,1910,1910,1910,1910,0
2022-06-13 15:02:00,1910,1910,1910,1910,0
2022-06-13 15:03:00,1910,1910,1910,1910,0
2022-06-13 15:04:00,1910,1910,1910,1910,0
2022-06-13 15:05:00,1910,1910,1910,1910,0
2022-06-13 15:06:00,1910,1910,1910,1910,0
2022-06-13 15:07:00,1910,1910,1910,1910,0
2022-06-13 15:08:00,1910,1910,1910,1910,0
2022-06-13 15:09:00,1910,1910,1910,1910,0
2022-06-13 15:10:00,1910,1910,1910,1910,0
2022-06-13 15:11:00,1910,1910,1910,1910,0
2022-06-13 15:12:00,1910,1910,1910,1910,0
2022-06-13 15:13:00,1910,1910,1910,1910,0
2022-06-13 15:14:00,1910,1910,1910,1910,0
2022-06-13 15:15:00,1910,1910,1910,1910,0
2022-06-13 15:16:00,1910,1910,1910,1910,0
2022-06-13 15:17:00,1910,1910,1910,1910,0
2022-06-13 15:18:00,1910,1910,1910,1910,0
2022-06-13 15:19:00,1910,1910,1910,1910,0
2022-06-13 15:20:00,1910,1910,1910,1910,0
2022-06-13 15:21:00,1910,1910,1910,1910,0
2022-06-13 15:22:00,1910,1910,1910,1910,0
2022-06-13 15:23:00,1910,1910,1910,1910,0
2022-06-13 15:24:00,1910,1910,1910,1910,0
2022-06-13 15:25:00,1910,1910,1910,1910,0
2022-06-13 15:26:00,1910,1910,1910,1910,0
2022-06-13 15:27:00,1910,1910,1910,1910,0
2022-06-13 15:28:00,1910,1910,1910,1910,0
2022-06-13 15:29:00,1910,1910,1910,1910,0
2022-06-13 15:30:00,1910,1910,1910,1910,0
2022-06-13 15:31:00,1910,1910,1910,1910,0
2022-06-13 15:32:00,1910,1910,1910,1910,0
2022-06-13 15:33:00,1910,1910,1910,1910,0
2022-06-13 15:34:00,1910,1910,1910,1910,0
2022-06-13 15:35:00,1910,1910,1910,1910,0
2022-06-13 15:36:00,1910,1910,1910,1910,0
2022-06-13 15:37:00,1910,1910,1910,1910,0
2022-06-13 15:38:00,1910,1910,1910,1910,0
2022-06-13 15:39:00,1910,1910,1910,1910,0
2022-06-13 15:40:00,1910,1910,1910,1910,0
2022-06-13 15:41:00,1910,1910,1910,1910,0
2022-06-13 15:42:00,1910,1910,1910,1910,0
2022-06-13 15:43:00,1910,1910,1910,1910,0
2022-06-13 15:44:00,1910,1910,1910,1910,0
2022-06-13 15:45:00,1910,1910,1910,1910,0
2022-06-13 15:46:00,1910,1910,1910,1910,0
2022-06-13 15:47:00,1910,1910,1910,1910,0
2022-06-13 15:48:00,1910,1910,1910,1910,0
2022-06-13 15:49:00,1910,1910,1910,1910,0
2022-06-13 15:50:00,1910,1910,1910,1910,0
2022-06-13 15:51:00,1910,1910,1910,1910,0
2022-06-13 15:52:00,1910,1910,1910,1910,0
2022-06-13 15:53:00,1910,1910,1910,1910,0
2022-06-13 15:54:00,1910,1910,1910,1910,0
2022-06-13 15:55:00,1910,1910,1910,1910,0
2022-06-13 15:56:00,1910,1910,1910,1910,0
2022-06-13 15:57:00,1910,1910,1910,1910,0
2022-06-13 15:58:00,1910,1910,1910,1910,0
2022-06-13 15:59:00,1910,1910,1910,1910,0
2022-06-14 09:00:00,1910,1910,1910,1910,0
2022-06-14 09:01:00,1910,1910,1910,1910,0
2022-06-14 09:02:00,1910,1910,1910,1910,0
2022-06-14 09:03:00,1910,1910,1910,1910,0
2022-06-14 09:04:00,1910,1910,1910,1910,0
2022-06-14 09:05:00,1910,1910,1910,1910,0
2022-06-14 09:06:00,1910,1910,1910,1910,0
2022-06-14 09:07:00,1910,1910,1910,1910,0
2022-06-14 09:08:00,1910,1910,1910,1910,0
2022-06-14 09:09:00,1910,1910,1910,1910,0
2022-06-14 09:10:00,1910,1910,1910,1910,0
2022-06-14 09:11:00,1910,1910,1910,1910,0
2022-06-14 09:12:00,1910,1910,1910,1910,0
2022-06-14 09:13:00,1910,1910,1910,1910,0
2022-06-14 09:14:00,1910,1910,1910,1910,0
2022-06-14 09:15:00,1910,1910,1910,1910,0
2022-06-14 09:16:00,1910,1910,1910,1910,0
2022-06-14 09:17:00,1910,1910,1910,1910,0
2022-06-14 09:18:00,1910,1910,1910,1910,0
2022-06-14 09:19:00,1910,1910,1910,1910,0
2022-06-14 09:20:00,1910,1910,1910,1910,0
2022-06-14 09:21:00,1910,1910,1910,1910,0
2022-06-14 09:22:00,1910,1910,1910,1910,0
2022-06-14 09:23:00,1910,1910,1910,1910,0
2022-06-14 09:24:00,1910,1910,1910,1910,0
2022-06-14 09:25:00,1910,1910,1910,1910,0
2022-06-14 09:26:00,1910,1910,1910,1910,0
2022-06-14 09:27:00,1910,1910,1910,1910,0
2022-06-14 09:28:00,1910,1910,1910,1910,0
2022-06-14 09:29:00,1910,1910,1910,1910,0
2022-06-14 09:30:00,1910,1910,1910,1910,0
2022-06-14 09:31:00,1910,1910,1910,1910,0
2022-06-14 09:32:00,1910,1910,1910,1910,0
2022-06-14 09:33:00,1910,1910,1910,1910,0
2022-06-14 09:34:00,1910,1910,1910,1910,0
2022-06-14 09:35:00,1910,1910,1910,1910,0
2022-06-14 09:36:00,1910,1910,1910,1910,0
2022-06-14 09:37:00,1910,1910,1910,1910,0
2022-06-14 09:38:00,1910,1910,1910,1910,0
2022-06-14 09:39:00,1910,1910,1910,1910,0
2022-06-14 09:40:00,1910,1910,1910,1910,0
2022-06-14 09:41:00,1910,1910,1910,1910,0
2022-06-14 09:42:00,1910,1910,1910,1910,0
2022-06-14 09:43:00,1910,1910,1910,1910,0
2022-06-14 09:44:00,1910,1910,1910,1910,0
2022-06-14 09:45:00,1910,1910,1910,1910,0
2022-06-14 09:46:00,1910,1910,1910,1910,0
2022-06-14 09:47:00,1910,1910,1910,1910,0
2022-06-14 09:48:00,1910,1910,1910,1910,0
2022-06-14 09:49:00,1910,1910,1910,1910,0
2022-06-14 09:50:00,1910,1910,1910,1910,0
2022-06-14 09:51:00,1910,1910,1910,1910,0
2022-06-14 09:52:00,1910,1910,1910,1910,0
2022-06-14 09:53:00,1910,1910,1910,1910,0
2022-06-14 09:54:00,1910,1910,1910,1910,0
2022-06-14 09:55:00,1910,1910,1910,1910,0
2022-06-14 09:56:00,1910,1910,1910,1910,0
2022-06-14 09:57:00,1910,1910,1910,1910,0
2022-06-14 09:58:00,1910,1910,1910,1910,0
2022-06-14 09:59:00,1910,1910,1910,1910,0
2022-06-14 10:00:00,1910,1910,1910,1910,0
2022-06-14 10:01:00,1910,1910,1910,1910,0
2022-06-14 10:02:00,1910,1910,1910,1910,0
2022-06-14 10:03:00,1910,1910,1910,1910,0
2022-06-14 10:04:00,1910,1910,1910,1910,0
2022-06-14 10:05:00,1910,1910,1910,1910,0
2022-06-14 10:06:00,1910,1910,1910,1910,0
2022-06-14 10:07:00,1910,1910,1910,1910,0
2022-06-14 10:08:00,1910,1910,1910,1910,0
2022-06-14 10:09:00,1910,1910,1910,1910,0
2022-06-14 10:10:00,1910,1910,1910,1910,0
2022-06-14 10:11:00,1910,1910,1910,1910,0
2022-06-14 10:12:00,1910,1910,1910,1910,0
2022-06-14 10:13:00,1910,1910,1910,1910,0
2022-06-14 10:14:00,1910,1910,1910,1910,0
2022-06-14 10:15:00,1910,1910,1910,1910,0
2022-06-14 10:16:00,1910,1910,1910,1910,0
2022-06-14 10:17:00,1910,1910,1910,1910,0
2022-06-14 10:18:00,1910,1910,1910,1910,0
2022-06-14 10:19:00,1910,1910,1910,1910,0
2022-06-14 10:20:00,1910,1910,1910,1910,0
2022-06-14 10:21:00,1910,1910,1910,1910,0
2022-06-14 10:22:00,1910,1910,1910,1910,0
2022-06-14 10:23:00,1910,1910,1910,1910,0
2022-06-14 10:24:00,1910,1910,1910,1910,0
2022-06-14 10:25:00,1910,1910,1910,1910,0
2022-06-14 10:26:00,1910,1910,1910,1910,0
2022-06-14 10:27:00,1910,1910,1910,1910,0
2022-06-14 10:28:00,1910,1910,1910,1910,0
2022-06-14 10:29:00,1910,1910,1910,1910,0
2022-06-14 10:30:00,1910,1910,1910,1910,0
2022-06-14 10:31:00,1910,1910,1910,1910,0
2022-06-14 10:32:00,1910,1910,1910,1910,0
2022-06-14 10:33:00,1910,1910,1910,1910,0
2022-06-14 10:34:00,1910,1910,1910,1910,0
2022-06-14 10:35:00,1910,1910,1910,1910,0
2022-06-14 10:36:00,1910,1910,1910,1910,0
2022-06-14 10:37:00,1910,1910,1910,1910,0
2022-06-14 10:38:00,1910,1910,1910,1910,0
2022-06-14 10:39:00,1910,1910,1910,1910,0
2022-06-14 10:40:00,1910,1910,1910,1910,0
2022-06-14 10:41:00,1910,1910,1910,1910,0
2022-06-14 10:42:00,1910,1910,1910,1910,0
2022-06-14 10:43:00,1910,1910,1910,1910,0
2022-06-14 10:44:00,1910,1910,1910,1910,0
2022-06-14 10:45:00,1910,1910,1910,1910,0
2022-06-14 10:46:00,1910,1910,1910,1910,0
2022-06-14 10:47:00,1910,1910,1910,1910,0
2022-06-14 10:48:00,1910,1910,1910,1910,0
2022-06-14 10:49:00,1910,1910,1910,1910,0
2022-06-14 10:50:00,1910,1910,1910,1910,0
2022-06-14 10:51:00,1910,1910,1910,1910,0
2022-06-14 10:52:00,1910,1910,1910,1910,0
2022-06-14 10:53:00,1910,1910,1910,1910,0
2022-06-14 10:54:00,1910,1910,1910,1910,0
2022-06-14 10:55:00,1910,1910,1910,1910,0
2022-06-14 10:56:00,1910,1910,1910,1910,0
2022-06-14 10:57:00,1910,1910,1910,1910,0
2022-06-14 10:58:00,1910,1910,1910,1910,0
2022-06-14 10:59:00,1910,1910,1910,1910,0
2022-06-14 11:00:00,1910,1910,1910,1910,0
2022-06-14 11:01:00,1910,1910,1910,1910,0
2022-06-14 11:02:00,1910,1910,1910,1910,0
2022-06-14 11:03:00,1910,1910,1910,1910,0
2022-06-14 11:04:00,1910,1910,1910,1910,0
2022-06-14 11:05:00,1910,1910,1910,1910,0
2022-06-14 11:06:00,1910,1910,1910,1910,0
2022-06-14 11:07:00,1910,1910,1910,1910,0
2022-06-14 11:08:00,1910,1910,1910,1910,0
2022-06-14 11:09:00,1910,1910,1910,1910,0
2022-06-14 11:10:00,1910,1910,1910,1910,0
2022-06-14 11:11:00,1910,1910,1910,1910,0
2022-06-14 11:12:00,1910,1910,1910,1910,0
2022-06-14 11:13:00,1910,1910,1910,1910,0
2022-06-14 11:14:00,1910,1910,1910,1910,0
2022-06-14 11:15:00,1910,1910,1910,1910,0
2022-06-14 11:16:00,1910,1910,1910,1910,0
2022-06-14 11:17:00,1910,1910,1910,1910,0
2022-06-14 11:18:00,1910,1910,1910,1910,0
2022-06-14 11:19:00,1910,1910,1910,1910,0
2022-06-14 11:20:00,1910,1910,1910,1910,0
2022-06-14 11:21:00,1910,1910,1910,1910,0
2022-06-14 11:22:00,1910,1910,1910,1910,0
2022-06-14 11:23:00,1910,1910,1910,1910,0
2022-06-14 11:24:00,1910,1910,1910,1910,0
2022-06-14 11:25:00,1910,1910,1910,1910,0
2022-06-14 11:26:00,1910,1910,1910,1910,0
2022-06-14 11:27:00,1910,1910,1910,1910,0
2022-06-14 11:28:00,1910,1910,1910,1910,0
2022-06-14 11:29:00,1910,1910,1910,1910,0
2022-06-14 11:30:00,1910,1910,1910,1910,0
2022-06-14 11:31:00,1910,1910,1910,1910,0
2022-06-14 11:32:00,1910,1910,1910,1910,0
2022-06-14 11:33:00,1910,1910,1910,1910,0
2022-06-14 11:34:00,1910,1910,1910,1910,0
2022-06-14 11:35:00,1910,1910,1910,1910,0
2022-06-14 11:36:00,1910,1910,1910,1910,0
2022-06-14 11:37:00,1910,1910,1910,1910,0
2022-06-14 11:38:00,1910,1910,1910,1910,0
2022-06-14 11:39:00,1910,1910,1910,1910,0
2022-06-14 11:40:00,1910,1910,1910,1910,0
2022-06-14 11:41:00,1910,1910,1910,1910,0
2022-06-14 11:42:00,1910,1910,1910,1910,0
2022-06-14 11:43:00,1910,1910,1910,1910,0
2022-06-14 11:44:00,1910,1910,1910,1910,0
2022-06-14 11:45:00,1910,1910,1910,1910,0
2022-06-14 11:46:00,1910,1910,1910,1910,0
2022-06-14 11:47:00,1910,1910,1910,1910,0
2022-06-14 11:48:00,1910,1910,1910,1910,0
2022-06-14 11:49:00,1910,1910,1910,1910,0
2022-06-14 11:50:00,1910,1910,1910,1910,0
2022-06-14 11:51:00,1910,1910,1910,1910,0
2022-06-14 11:52:00,1910,1910,1910,1910,0
2022-06-14 11:53:00,1910,1910,1910,1910,0
2022-06-14 11:54:00,1910,1910,1910,1910,0
2022-06-14 11:55:00,1910,1910,1910,1910,0
2022-06-14 11:56:00,1910,1910,1910,1910,0
2022-06-14 11:57:00,1910,1910,1910,1910,0
2022-06-14 11:58:00,1910,1910,1910,1910,0
2022-06-14 11:59:00,1910,1910,1910,1910,0
2022-06-14 12:00:00,1910,1910,1910,1910,0
2022-06-14 12:01:00,1910,1910,1910,1910,0
2022-06-14 12:02:00,1910,1910,1910,1910,0
2022-06-14 12:03:00,1910,1910,1910,1910,0
2022-06-14 12:04:00,1910,1910,1910,1910,0
2022-06-14 12:05:00,1910,1910,1910,1910,0
2022-06-14 12:06:00,1910,1910,1910,1910,0
2022-06-14 12:07:00,1910,1910,1910,1910,0
2022-06-14 12:08:00,1910,1910,1910,1910,0
2022-06-14 12:09:00,1910,1910,1910,1910,0
2022-06-14 12:10:00,1910,1910,1910,1910,0
2022-06-14 12:11:00,1910,1910,1910,1910,0
2022-06-14 12:12:00,1910,1910,1910,1910,0
2022-06-14 12:13:00,1910,1910,1910,1910,0
2022-06-14 12:14:00,1910,1910,1910,1910,0
2022-06-14 12:15:00,1910,1910,1910,1910,0
2022-06-14 12:16:00,1910,1910,1910,1910,0
2022-06-14 12:17:00,1910,1910,1910,1910,0
2022-06-14 12:18:00,1910,1910,1910,1910,0
2022-06-14 12:19:00,1910,1910,1910,1910,0
2022-06-14 12:20:00,1910,1910,1910,1910,0
2022-06-14 12:21:00,1910,1910,1910,1910,0
2022-06-14 12:22:00,1910,1910,1910,1910,0
2022-06-14 12:23:00,1910,1910,1910,1910,0
2022-06-14 12:24:00,1910,1910,1910,1910,0
2022-06-14 12:25:00,1910,1910,1910,1910,0
2022-06-14 12:26:00,1910,1910,1910,1910,0
2022-06-14 12:27:00,1910,1910,1910,1910,0
2022-06-14 12:28:00,1910,1910,1910,1910,0
2022-06-14 12:29:00,1910,1910,1910,1910,0
2022-06-14 12:30:00,1910,1910,1910,1910,0
2022-06-14 12:31:00,1910,1910,1910,1910,0
2022-06-14 12:32:00,1910,1910,1910,1910,0
2022-06-14 12:33:00,1910,1910,1910,1910,0
2022-06-14 12:34:00,1910,1910,1910,1910,0
2022-06-14 12:35:00,1910,1910,1910,1910,0
2022-06-14 12:36:00,1910,1910,1910,1910,0
2022-06-14 12:37:00,1910,1910,1910,1910,0
2022-06-14 12:38:00,1910,1910,1910,1910,0
2022-06-14 12:39:00,1910,1910,1910,1910,0
2022-06-14 12:40:00,1910,1910,1910,1910,0
2022-06-14 12:41:00,1910,1910,1910,1910,0
2022-06-14 12:42:00,1910,1910,1910,1910,0
2022-06-14 12:43:00,1910,1910,1910,1910,0
2022-06-14 12:44:00,1910,1910,1910,1910,0
2022-06-14 12:45:00,1910,1910,1910,1910,0
2022-06-14 12:46:00,1910,1910,1910,1910,0
2022-06-14 12:47:00,1910,1910,1910,1910,0
2022-06-14 12:48:00,1910,1910,1910,1910,0
2022-06-14 12:49:00,1910,1910,1910,1910,0
2022-06-14 12:50:00,1910,1910,1910,1910,0
2022-06-14 12:51:00,1910,1910,1910,1910,0
2022-06-14 12:52:00,1910,1910,1910,1910,0
2022-06-14 12:53:00,1910,1910,1910,1910,0
2022-06-14 12:54:00,1910,1910,1910,1910,0
2022-06-14 12:55:00,1910,1910,1910,1910,0
2022-06-14 12:56:00,1910,1910,1910,1910,0
2022-06-14 12:57:00,1910,1910,1910,1910,0
2022-06-14 12:58:00,1910,1910,1910,1910,0
2022-06-14 12:59:00,1910,1910,1910,1910,0
2022-06-14 13:00:00,1910,1910,1910,1910,0
2022-06-14 13:01:00,1910,1910,1910,1910,0
2022-06-14 13:02:00,1910,1910,1910,1910,0
2022-06-14 13:03:00,1910,1910,1910,1910,0
2022-06-14 13:04:00,1910,1910,1910,1910,0
2022-06-14 13:05:00,1910,1910,1910,1910,0
2022-06-14 13:06:00,1910,1910,1910,1910,0
2022-06-14 13:07:00,1910,1910,1910,1910,0
2022-06-14 13:08:00,1910,1910,1910,1910,0
2022-06-14 13:09:00,1910,1910,1910,1910,0
2022-06-14 13:10:00,1910,1910,1910,1910,0
2022-06-14 13:11:00,1910,1910,1910,1910,0
2022-06-14 13:12:00,1910,1910,1910,1910,0
2022-06-14 13:13:00,1910,1910,1910,1910,0
2022-06-14 13:14:00,1910,1910,1910,1910,0
2022-06-14 13:15:00,1910,1910,1910,1910,0
2022-06-14 13:16:00,1910,1910,1910,1910,0
2022-06-14 13:17:00,1910,1910,1910,1910,0
2022-06-14 13:18:00,1910,1910,1910,1910,0
2022-06-14 13:19:00,1910,1910,1910,1910,0
2022-06-14 13:20:00,1910,1910,1910,1910,0
2022-06-14 13:21:00,1910,1910,1910,1910,0
2022-06-14 13:22:00,1910,1910,1910,1910,0
2022-06-14 13:23:00,1910,1910,1910,1910,0
2022-06-14 13:24:00,1910,1910,1910,1910,0
2022-06-14 13:25:00,1910,1910,1910,1910,0
2022-06-14 13:26:00,1910,1910,1910,1910,0
2022-06-14 13:27:00,1910,1910,1910,1910,0
2022-06-14 13:28:00,1910,1910,1910,1910,0
2022-06-14 13:29:00,1910,1910,1910,1910,0
2022-06-14 13:30:00,1910,1910,1910,1910,0
2022-06-14 13:31:00,1910,1910,1910,1910,0
2022-06-14 13:32:00,1910,1910,1910,1910,0
2022-06-14 13:33:00,1910,1910,1910,1910,0
2022-06-14 13:34:00,1910,1910,1910,1910,0
2022-06-14 13:35:00,1910,1910,1910,1910,0
2022-06-14 13:36:00,1910,1910,1910,1910,0
2022-06-14 13:37:00,1910,1910,1910,1910,0
2022-06-14 13:38:00,1910,1910,1910,1910,0
2022-06-14 13:39:00,1910,1910,1910,1910,0
2022-06-14 13:40:00,1910,1910,1910,1910,0
2022-06-14 13:41:00,1910,1910,1910,1910,0
2022-06-14 13:42:00,1910,1910,1910,1910,0
2022-06-14 13:43:00,1910,1910,1910,1910,0
2022-06-14 13:44:00,1910,1910,1910,1910,0
2022-06-14 13:45:00,1910,1910,1910,1910,0
2022-06-14 13:46:00,1910,1910,1910,1910,0
2022-06-14 13:47:00,1910,1910,1910,1910,0
2022-06-14 13:48:00,1910,1910,1910,1910,0
2022-06-14 13:49:00,1910,1910,1910,1910,0
2022-06-14 13:50:00,1910,1910,1910,1910,0
2022-06-14 13:51:00,1910,1910,1910,1910,0
2022-06-14 13:52:00,1910,1910,1910,1910,0
2022-06-14 13:53:00,1910,1910,1910,1910,0
2022-06-14 13:54:00,1910,1910,1910,1910,0
2022-06-14 13:55:00,1910,1910,1910,1910,0
2022-06-14 13:56:00,1910,1910,1910,1910,0
2022-06-14 13:57:00,1910,1910,1910,1910,0
2022-06-14 13:58:00,1910,1910,1910,1910,0
2022-06-14 13:59:00,1910,1910,1910,1910,0
2022-06-14 14:00:00,1910,1910,1910,1910,0
2022-06-14 14:01:00,1910,1910,1910,1910,0
2022-06-14 14:02:00,1910,1910,1910,1910,0
2022-06-14 14:03:00,1910,1910,1910,1910,0
2022-06-14 14:04:00,1910,1910,1910,1910,0
2022-06-14 14:05:00,1910,1910,1910,1910,0
2022-06-14 14:06:00,1910,1910,1910,1910,0
2022-06-14 14:07:00,1910,1910,1910,1910,0
2022-06-14 14:08:00,1910,1910,1910,1910,0
2022-06-14 14:09:00,1910,1910,1910,1910,0
2022-06-14 14:10:00,1910,1910,1910,1910,0
2022-06-14 14:11:00,1910,1910,1910,1910,0
2022-06-14 14:12:00,1910,1910,1910,1910,0
2022-06-14 14:13:00,1910,1910,1910,1910,0
2022-06-14 14:14:00,1910,1910,1910,1910,0
2022-06-14 14:15:00,1910,1910,1910,1910,0
2022-06-14 14:16:00,1910,1910,1910,1910,0
2022-06-14 14:17:00,1910,1910,1910,1910,0
2022-06-14 14:18:00,1910,1910,1910,1910,0
2022-06-14 14:19:00,1910,1910,1910,1910,0
2022-06-14 14:20:00,1910,1910,1910,1910,0
2022-06-14 14:21:00,1910,1910,1910,1910,0
2022-06-14 14:22:00,1910,1910,1910,1910,0
2022-06-14 14:23:00,1910,1910,1910,1910,0
2022-06-14 14:24:00,1910,1910,1910,1910,0
2022-06-14 14:25:00,1910,1910,1910,1910,0
2022-06-14 14:26:00,1910,1910,1910,1910,0
2022-06-14 14:27:00,1910,1910,1910,1910,0
2022-06-14 14:28:00,1910,1910,1910,1910,0
2022-06-14 14:29:00,1910,1910,1910,1910,0
2022-06-14 14:30:00,1910,1910,1910,1910,0
2022-06-14 14:31:00,1910,1910,1910,1910,0
2022-06-14 14:32:00,1910,1910,1910,1910,0
2022-06-14 14:33:00,1910,1910,1910,1910,0
2022-06-14 14:34:00,1910,1910,1910,1910,0
2022-06-14 14:35:00,1910,1910,1910,1910,0
2022-06-14 14:36:00,1910,1910,1910,1910,0
2022-06-14 14:37:00,1910,1910,1910,1910,0
2022-06-14 14:38:00,1910,1910,1910,1910,0
2022-06-14 14:39:00,1910,1910,1910,1910,0
2022-06-14 14:40:00,1910,1910,1910,1910,0
2022-06-14 14:41:00,1910,1910,1910,1910,0
2022-06-14 14:42:00,1910,1910,1910,1910,0
2022-06-14 14:43:00,1910,1910,1910,1910,0
2022-06-14 14:44:00,1910,1910,1910,1910,0
2022-06-14 14:45:00,1910,1910,1910,1910,0
2022-06-14 14:46:00,1910,1910,1910,1910,0
2022-06-14 14:47:00,1910,1910,1910,1910,0
2022-06-14 14:48:00,1910,1910,1910,1910,0
2022-06-14 14:49:00,1910,1910,1910,1910,0
2022-06-14 14:50:00,1910,1910,1910,1910,0
2022-06-14 14:51:00,1910,1910,1910,1910,0
2022-06-14 14:52:00,1910,1910,1910,1910,0
2022-06-14 14:53:00,1910,1910,1910,1910,0
2022-06-14 14:54:00,1910,1910,1910,1910,0
2022-06-14 14:55:00,1910,1910,1910,1910,0
2022-06-14 14:56:00,1910,1910,1910,1910,0
2022-06-14 14:57:00,1910,1910,1910,1910,0
2022-06-14 14:58:00,1910,1910,1910,1910,0
2022-06-14 14:59:00,1910,1910,1910,1910,0
2022-06-14 15:00:00,1910,1910,1910,1910,0
2022-06-14 15:01:00,1910,1910,1910,1910,0
2022-06-14 15:02:00,1910,1910,1910,1910,0
2022-06-14 15:03:00,1910,1910,1910,1910,0
2022-06-14 15:04:00,1910,1910,1910,1910,0
2022-06-14 15:05:00,1910,1910,1910,1910,0
2022-06-14 15:06:00,1910,1910,1910,1910,0
2022-06-14 15:07:00,1910,1910,1910,1910,0
2022-06-14 15:08:00,1910,1910,1910,1910,0
2022-06-14 15:09:00,1910,1910,1910,1910,0
2022-06-14 15:10:00,1910,1910,1910,1910,0
2022-06-14 15:11:00,1910,1910,1910,1910,0
2022-06-14 15:12:00,1910,1910,1910,1910,0
2022-06-14 15:13:00,1910,1910,1910,1910,0
2022-06-14 15:14:00,1910,1910,1910,1910,0
2022-06-14 15:15:00,1910,1910,1910,1910,0
2022-06-14 15:16:00,1910,1910,1910,1910,0
2022-06-14 15:17:00,1910,1910,1910,1910,0
2022-06-14 15:18:00,1910,1910,1910,1910,0
2022-06-14 15:19:00,1910,1910,1910,1910,0
2022-06-14 15:20:00,1910,1910,1910,1910,0
2022-06-14 15:21:00,1910,1910,1910,1910,0
2022-06-14 15:22:00,1910,1910,1910,1910,0
2022-06-14 15:23:00,1910,1910,1910,1910,0
2022-06-14 15:24:00,1910,1910,1910,1910,0
2022-06-14 15:25:00,1910,1910,1910,1910,0
2022-06-14 15:26:00,1910,1910,1910,1910,0
2022-06-14 15:27:00,1910,1910,1910,1910,0
2022-06-14 15:28:00,1910,1910,1910,1910,0
2022-06-14 15:29:00,1910,1910,1910,1910,0
2022-06-14 15:30:00,1910,1910,1910,1910,0
2022-06-14 15:31:00,1910,1910,1910,1910,0
2022-06-14 15:32:00,1910,1910,1910,1910,0
2022-06-14 15:33:00,1910,1910,1910,1910,0
2022-06-14 15:34:00,1910,1910,1910,1910,0
2022-06-14 15:35:00,1910,1910,1910,1910,0
2022-06-14 15:36:00,1910,1910,1910,1910,0
2022-06-14 15:37:00,1910,1910,1910,1910,0
2022-06-14 15:38:00,1910,1910,1910,1910,0
2022-06-14 15:39:00,1910,1910,1910,1910,0
2022-06-14 15:40:00,1910,1910,1910,1910,0
2022-06-14 15:41:00,1910,1910,1910,1910,0
2022-06-14 15:42:00,1910,1910,1910,1910,0
2022-06-14 15:43:00,1910,1910,1910,1910,0
2022-06-14 15:44:00,1910,1910,1910,1910,0
2022-06-14 15:45:00,1910,1910,1910,1910,0
2022-06-14 15:46:00,1910,1910,1910,1910,0
2022-06-14 15:47:00,1910,1910,1910,1910,0
2022-06-14 15:48:00,1910,1910,1910,1910,0
2022-06-14 15:49:00,1910,1910,1910,1910,0
2022-06-14 15:50:00,1910,1910,1910,1910,0
2022-06-14 15:51:00,1910,1910,1910,1910,0
2022-06-14 15:52:00,1910,1910,1910,1910,0
2022-06-14 15:53:00,1910,1910,1910,1910,0
2022-06-14 15:54:00,1910,1910,1910,1910,0
2022-06-14 15:55:00,1910,1910,1910,1910,0
2022-06-14 15:56:00,1910,1910,1910,1910,0
2022-06-14 15:57:00,1910,1910,1910,1910,0
2022-06-14 15:58:00,1910,1910,1910,1910,0
2022-06-14 15:59:00,1910,1910,1910,1910,0
2022-06-15 09:00:00,1900,1900,1900,1900,0
2022-06-15 09:01:00,1900,1900,1900,1900,0
2022-06-15 09:02:00,1900,1900,1900,1900,0
2022-06-15 09:03:00,1900,1900,1900,1900,0
2022-06-15 09:04:00,1900,1900,1900,1900,0
2022-06-15 09:05:00,1900,1900,1900,1900,0
2022-06-15 09:06:00,1900,1900,1900,1900,0
2022-06-15 09:07:00,1900,1900,1900,1900,0
2022-06-15 09:08:00,1900,1900,1900,1900,0
2022-06-15 09:09:00,1900,1900,1900,1900,0
2022-06-15 09:10:00,1900,1900,1900,1900,0
2022-06-15 09:11:00,1900,1900,1900,1900,0
2022-06-15 09:12:00,1900,1900,1900,1900,0
2022-06-15 09:13:00,1900,1900,1900,1900,0
2022-06-15 09:14:00,1900,1900,1900,1900,0
2022-06-15 09:15:00,1900,1900,1900,1900,0
2022-06-15 09:16:00,1900,1900,1900,1900,0
2022-06-15 09:17:00,1900,1900,1900,1900,0
2022-06-15 09:18:00,1900,1900,1900,1900,0
2022-06-15 09:19:00,1900,1900,1900,1900,0
2022-06-15 09:20:00,1900,1900,1900,1900,0
2022-06-15 09:21:00,1900,1900,1900,1900,0
2022-06-15 09:22:00,1900,1900,1900,1900,0
2022-06-15 09:23:00,1900,1900,1900,1900,0
2022-06-15 09:24:00,1900,1900,1900,1900,0
2022-06-15 09:25:00,1900,1900,1900,1900,0
2022-06-15 09:26:00,1900,1900,1900,1900,0
2022-06-15 09:27:00,1900,1900,1900,1900,0
2022-06-15 09:28:00,1900,1900,1900,1900,0
2022-06-15 09:29:00,1900,1900,1900,1900,0
2022-06-15 09:30:00,1900,1900,1900,1900,0
2022-06-15 09:31:00,1900,1900,1900,1900,0
2022-06-15 09:32:00,1900,1900,1900,1900,0
2022-06-15 09:33:00,1900,1900,1900,1900,0
2022-06-15 09:34:00,1900,1900,1900,1900,0
2022-06-15 09:35:00,1900,1900,1900,1900,0
2022-06-15 09:36:00,1900,1900,1900,1900,0
2022-06-15 09:37:00,1900,1900,1900,1900,0
2022-06-15 09:38:00,1900,1900,1900,1900,0
2022-06-15 09:39:00,1900,1900,1900,1900,0
2022-06-15 09:40:00,1900,1900,1900,1900,0
2022-06-15 09:41:00,1900,1900,1900,1900,0
2022-06-15 09:42:00,1900,1900,1900,1900,0
2022-06-15 09:43:00,1900,1900,1900,1900,0
2022-06-15 09:44:00,1900,1900,1900,1900,0
2022-06-15 09:45:00,1900,1900,1900,1900,0
2022-06-15 09:46:00,1900,1900,1900,1900,0
2022-06-15 09:47:00,1900,1900,1900,1900,0
2022-06-15 09:48:00,1900,1900,1900,1900,0
2022-06-15 09:49:00,1900,1900,1900,1900,0
2022-06-15 09:50:00,1900,1900,1900,1900,0
2022-06-15 09:51:00,1900,1900,1900,1900,0
2022-06-15 09:52:00,1900,1900,1900,1900,0
2022-06-15 09:53:00,1900,1900,1900,1900,0
2022-06-15 09:54:00,1900,1900,1900,1900,0
2022-06-15 09:55:00,1900,1900,1900,1900,0
2022-06-15 09:56:00,1900,1900,1900,1900,0
2022-06-15 09:57:00,1900,1900,1900,1900,0
2022-06-15 09:58:00,1900,1900,1900,1900,0
2022-06-15 09:59:00,1900,1900,1900,1900,0
2022-06-15 10:00:00,1900,1900,1900,1900,0
2022-06-15 10:01:00,1900,1900,1900,1900,0
2022-06-15 10:02:00,1900,1900,1900,1900,0
2022-06-15 10:03:00,1900,1900,1900,1900,0
2022-06-15 10:04:00,1900,1900,1900,1900,0
2022-06-15 10:05:00,1900,1900,1900,1900,0
2022-06-15 10:06:00,1900,1900,1900,1900,0
2022-06-15 10:07:00,1900,1900,1900,1900,0
2022-06-15 10:08:00,1900,1900,1900,1900,0
2022-06-15 10:09:00,1900,1900,1900,1900,0
2022-06-15 10:10:00,1900,1900,1900,1900,0
2022-06-15 10:11:00,1900,1900,1900,1900,0
2022-06-15 10:12:00,1900,1900,1900,1900,0
2022-06-15 10:13:00,1900,1900,1900,1900,0
2022-06-15 10:14:00,1900,1900,1900,1900,0
2022-06-15 10:15:00,1900,1900,1900,1900,0
2022-06-15 10:16:00,1900,1900,1900,1900,0
2022-06-15 10:17:00,1900,1900,1900,1900,0
2022-06-15 10:18:00,1900,1900,1900,1900,0
2022-06-15 10:19:00,1900,1900,1900,1900,0
2022-06-15 10:20:00,1900,1900,1900,1900,0
2022-06-15 10:21:00,1900,1900,1900,1900,0
2022-06-15 10:22:00,1900,1900,1900,1900,0
2022-06-15 10:23:00,1900,1900,1900,1900,0
2022-06-15 10:24:00,1900,1900,1900,1900,0
2022-06-15 10:25:00,1900,1900,1900,1900,0
2022-06-15 10:26:00,1900,1900,1900,1900,0
2022-06-15 10:27:00,1900,1900,1900,1900,0
2022-06-15 10:28:00,1900,1900,1900,1900,0
2022-06-15 10:29:00,1900,1900,1900,1900,0
2022-06-15 10:30:00,1900,1900,1900,1900,0
2022-06-15 10:31:00,1900,1900,1900,1900,0
2022-06-15 10:32:00,1900,1900,1900,1900,0
2022-06-15 10:33:00,1900,1900,1900,1900,0
2022-06-15 10:34:00,1900,1900,1900,1900,0
2022-06-15 10:35:00,1900,1900,1900,1900,0
2022-06-15 10:36:00,1900,1900,1900,1900,0
2022-06-15 10:37:00,1900,1900,1900,1900,0
2022-06-15 10:38:00,1900,1900,1900,1900,0
2022-06-15 10:39:00,1900,1900,1900,1900,0
2022-06-15 10:40:00,1900,1900,1900,1900,0
2022-06-15 10:41:00,1900,1900,1900,1900,0
2022-06-15 10:42:00,1900,1900,1900,1900,0
2022-06-15 10:43:00,1900,1900,1900,1900,0
2022-06-15 10:44:00,1900,1900,1900,1900,0
2022-06-15 10:45:00,1900,1900,1900,1900,0
2022-06-15 10:46:00,1900,1900,1900,1900,0
2022-06-15 10:47:00,1900,1900,1900,1900,0
2022-06-15 10:48:00,1900,1900,1900,1900,0
2022-06-15 10:49:00,1900,1900,1900,1900,0
2022-06-15 10:50:00,1900,1900,1900,1900,0
2022-06-15 10:51:00,1900,1900,1900,1900,0
2022-06-15 10:52:00,1900,1900,1900,1900,0
2022-06-15 10:53:00,1900,1900,1900,1900,0
2022-06-15 10:54:00,1900,1900,1900,1900,0
2022-06-15 10:55:00,1900,1900,1900,1900,0
2022-06-15 10:56:00,1900,1900,1900,1900,0
2022-06-15 10:57:00,1900,1900,1900,1900,0
2022-06-15 10:58:00,1900,1900,1900,1900,0
2022-06-15 10:59:00,1900,1900,1900,1900,0
2022-06-15 11:00:00,1900,1900,1900,1900,0
2022-06-15 11:01:00,1900,1900,1900,1900,0
2022-06-15 11:02:00,1900,1900,1900,1900,0
2022-06-15 11:03:00,1900,1900,1900,1900,0
2022-06-15 11:04:00,1900,1900,1900,1900,0
2022-06-15 11:05:00,1900,1900,1900,1900,0
2022-06-15 11:06:00,1900,1900,1900,1900,0
2022-06-15 11:07:00,1900,1900,1900,1900,0
2022-06-15 11:08:00,1900,1900,1900,1900,0
2022-06-15 11:09:00,1900,1900,1900,1900,0
2022-06-15 11:10:00,1900,1900,1900,1900,0
2022-06-15 11:11:00,1900,1900,1900,1900,0
2022-06-15 11:12:00,1900,1900,1900,1900,0
2022-06-15 11:13:00,1900,1900,1900,1900,0
2022-06-15 11:14:00,1900,1900,1900,1900,0
2022-06-15 11:15:00,1900,1900,1900,1900,0
2022-06-15 11:16:00,1900,1900,1900,1900,0
2022-06-15 11:17:00,1900,1900,1900,1900,0
2022-06-15 11:18:00,1900,1900,1900,1900,0
2022-06-15 11:19:00,1900,1900,1900,1900,0
2022-06-15 11:20:00,1900,1900,1900,1900,0
2022-06-15 11:21:00,1900,1900,1900,1900,0
2022-06-15 11:22:00,1900,1900,1900,1900,0
2022-06-15 11:23:00,1900,1900,1900,1900,0
2022-06-15 11:24:00,1900,1900,1900,1900,0
2022-06-15 11:25:00,1900,1900,1900,1900,0
2022-06-15 11:26:00,1900,1900,1900,1900,0
2022-06-15 11:27:00,1900,1900,1900,1900,0
2022-06-15 11:28:00,1900,1900,1900,1900,0
2022-06-15 11:29:00,1900,1900,1900,1900,0
2022-06-15 11:30:00,1900,1900,1900,1900,0
2022-06-15 11:31:00,1900,1900,1900,1900,0
2022-06-15 11:32:00,1900,1900,1900,1900,0
2022-06-15 11:33:00,1900,1900,1900,1900,0
2022-06-15 11:34:00,1900,1900,1900,1900,0
2022-06-15 11:35:00,1900,1900,1900,1900,0
2022-06-15 11:36:00,1900,1900,1900,1900,0
2022-06-15 11:37:00,1900,1900,1900,1900,0
2022-06-15 11:38:00,1900,1900,1900,1900,0
2022-06-15 11:39:00,1900,1900,1900,1900,0
2022-06-15 11:40:00,1900,1900,1900,1900,0
2022-06-15 11:41:00,1900,1900,1900,1900,0
2022-06-15 11:42:00,1900,1900,1900,1900,0
2022-06-15 11:43:00,1900,1900,1900,1900,0
2022-06-15 11:44:00,1900,1900,1900,1900,0
2022-06-15 11:45:00,1900,1900,1900,1900,0
2022-06-15 11:46:00,1900,1900,1900,1900,0
2022-06-15 11:47:00,1900,1900,1900,1900,0
2022-06-15 11:48:00,1900,1900,1900,1900,0
2022-06-15 11:49:00,1900,1900,1900,1900,0
2022-06-15 11:50:00,1900,1900,1900,1900,0
2022-06-15 11:51:00,1900,1900,1900,1900,0
2022-06-15 11:52:00,1900,1900,1900,1900,0
2022-06-15 11:53:00,1900,1900,1900,1900,0
2022-06-15 11:54:00,1900,1900,1900,1900,0
2022-06-15 11:55:00,1900,1900,1900,1900,0
2022-06-15 11:56:00,1900,1900,1900,1900,0
2022-06-15 11:57:00,1900,1900,1900,1900,0
2022-06-15 11:58:00,1900,1900,1900,1900,0
2022-06-15 11:59:00,1900,1900,1900,1900,0
2022-06-15 12:00:00,1900,1900,1900,1900,0
2022-06-15 12:01:00,1900,1900,1900,1900,0
2022-06-15 12:02:00,1900,1900,1900,1900,0
2022-06-15 12:03:00,1900,1900,1900,1900,0
2022-06-15 12:04:00,1900,1900,1900,1900,0
2022-06-15 12:05:00,1900,1900,1900,1900,0
2022-06-15 12:06:00,1900,1900,1900,1900,0
2022-06-15 12:07:00,1900,1900,1900,1900,0
2022-06-15 12:08:00,1900,1900,1900,1900,0
2022-06-15 12:09:00,1900,1900,1900,1900,0
2022-06-15 12:10:00,1900,1900,1900,1900,0
2022-06-15 12:11:00,1900,1900,1900,1900,0
2022-06-15 12:12:00,1900,1900,1900,1900,0
2022-06-15 12:13:00,1900,1900,1900,1900,0
2022-06-15 12:14:00,1900,1900,1900,1900,0
2022-06-15 12:15:00,1900,1900,1900,1900,0
2022-06-15 12:16:00,1900,1900,1900,1900,0
2022-06-15 12:17:00,1900,1900,1900,1900,0
2022-06-15 12:18:00,1900,1900,1900,1900,0
2022-06-15 12:19:00,1900,1900,1900,1900,0
2022-06-15 12:20:00,1900,1900,1900,1900,0
2022-06-15 12:21:00,1900,1900,1900,1900,0
2022-06-15 12:22:00,1900,1900,1900,1900,0
2022-06-15 12:23:00,1900,1900,1900,1900,0
2022-06-15 12:24:00,1900,1900,1900,1900,0
2022-06-15 12:25:00,1900,1900,1900,1900,0
2022-06-15 12:26:00,1900,1900,1900,1900,0
2022-06-15 12:27:00,1900,1900,1900,1900,0
2022-06-15 12:28:00,1900,1900,1900,1900,0
2022-06-15 12:29:00,1900,1900,1900,1900,0
2022-06-15 12:30:00,1900,1900,1900,1900,0
2022-06-15 12:31:00,1900,1900,1900,1900,0
2022-06-15 12:32:00,1900,1900,1900,1900,0
2022-06-15 12:33:00,1900,1900,1900,1900,0
2022-06-15 12:34:00,1900,1900,1900,1900,0
2022-06-15 12:35:00,1900,1900,1900,1900,0
2022-06-15 12:36:00,1900,1900,1900,1900,0
2022-06-15 12:37:00,1900,1900,1900,1900,0
2022-06-15 12:38:00,1900,1900,1900,1900,0
2022-06-15 12:39:00,1900,1900,1900,1900,0
2022-06-15 12:40:00,1900,1900,1900,1900,0
2022-06-15 12:41:00,1900,1900,1900,1900,0
2022-06-15 12:42:00,1900,1900,1900,1900,0
2022-06-15 12:43:00,1900,1900,1900,1900,0
2022-06-15 12:44:00,1900,1900,1900,1900,0
2022-06-15 12:45:00,1900,1900,1900,1900,0
2022-06-15 12:46:00,1900,1900,1900,1900,0
2022-06-15 12:47:00,1900,1900,1900,1900,0
2022-06-15 12:48:00,1900,1900,1900,1900,0
2022-06-15 12:49:00,1900,1900,1900,1900,0
2022-06-15 12:50:00,1900,1900,1900,1900,0
2022-06-15 12:51:00,1900,1900,1900,1900,0
2022-06-15 12:52:00,1900,1900,1900,1900,0
2022-06-15 12:53:00,1900,1900,1900,1900,0
2022-06-15 12:54:00,1900,1900,1900,1900,0
2022-06-15 12:55:00,1900,1900,1900,1900,0
2022-06-15 12:56:00,1900,1900,1900,1900,0
2022-06-15 12:57:00,1900,1900,1900,1900,0
2022-06-15 12:58:00,1900,1900,1900,1900,0
2022-06-15 12:59:00,1900,1900,1900,1900,0
2022-06-15 13:00:00,1900,1900,1900,1900,0
2022-06-15 13:01:00,1900,1900,1900,1900,0
2022-06-15 13:02:00,1900,1900,1900,1900,0
2022-06-15 13:03:00,1900,1900,1900,1900,0
2022-06-15 13:04:00,1900,1900,1900,1900,0
2022-06-15 13:05:00,1900,1900,1900,1900,0
2022-06-15 13:06:00,1900,1900,1900,1900,0
2022-06-15 13:07:00,1900,1900,1900,1900,0
2022-06-15 13:08:00,1900,1900,1900,1900,0
2022-06-15 13:09:00,1900,1900,1900,1900,0
2022-06-15 13:10:00,1900,1900,1900,1900,0
2022-06-15 13:11:00,1900,1900,1900,1900,0
2022-06-15 13:12:00,1900,1900,1900,1900,0
2022-06-15 13:13:00,1900,1900,1900,1900,0
2022-06-15 13:14:00,1900,1900,1900,1900,0
2022-06-15 13:15:00,1900,1900,1900,1900,0
2022-06-15 13:16:00,1900,1900,1900,1900,0
2022-06-15 13:17:00,1900,1900,1900,1900,0
2022-06-15 13:18:00,1900,1900,1900,1900,0
2022-06-15 13:19:00,1900,1900,1900,1900,0
2022-06-15 13:20:00,1900,1900,1900,1900,0
2022-06-15 13:21:00,1900,1900,1900,1900,0
2022-06-15 13:22:00,1900,1900,1900,1900,0
2022-06-15 13:23:00,1900,1900,1900,1900,0
2022-06-15 13:24:00,1900,1900,1900,1900,0
2022-06-15 13:25:00,1900,1900,1900,1900,0
2022-06-15 13:26:00,1900,1900,1900,1900,0
2022-06-15 13:27:00,1900,1900,1900,1900,0
2022-06-15 13:28:00,1900,1900,1900,1900,0
2022-06-15 13:29:00,1900,1900,1900,1900,0
2022-06-15 13:30:00,1900,1900,1900,1900,0
2022-06-15 13:31:00,1900,1900,1900,1900,0
2022-06-15 13:32:00,1900,1900,1900,1900,0
2022-06-15 13:33:00,1900,1900,1900,1900,0
2022-06-15 13:34:00,1900,1900,1900,1900,0
2022-06-15 13:35:00,1900,1900,1900,1900,0
2022-06-15 13:36:00,1900,1900,1900,1900,0
2022-06-15 13:37:00,1900,1900,1900,1900,0
2022-06-15 13:38:00,1900,1900,1900,1900,0
2022-06-15 13:39:00,1900,1900,1900,1900,0
2022-06-15 13:40:00,1900,1900,1900,1900,0
2022-06-15 13:41:00,1900,1900,1900,1900,0
2022-06-15 13:42:00,1900,1900,1900,1900,0
2022-06-15 13:43:00,1900,1900,1900,1900,0
2022-06-15 13:44:00,1900,1900,1900,1900,0
2022-06-15 13:45:00,1900,1900,1900,1900,0
2022-06-15 13:46:00,1900,1900,1900,1900,0
2022-06-15 13:47:00,1900,1900,1900,1900,0
2022-06-15 13:48:00,1900,1900,1900,1900,0
2022-06-15 13:49:00,1900,1900,1900,1900,0
2022-06-15 13:50:00,1900,1900,1900,1900,0
2022-06-15 13:51:00,1900,1900,1900,1900,0
2022-06-15 13:52:00,1900,1900,1900,1900,0
2022-06-15 13:53:00,1900,1900,1900,1900,0
2022-06-15 13:54:00,1900,1900,1900,1900,0
2022-06-15 13:55:00,1900,1900,1900,1900,0
2022-06-15 13:56:00,1900,1900,1900,1900,0
2022-06-15 13:57:00,1900,1900,1900,1900,0
2022-06-15 13:58:00,1900,1900,1900,1900,0
2022-06-15 13:59:00,1900,1900,1900,1900,0
2022-06-15 14:00:00,1900,1900,1900,1900,0
2022-06-15 14:01:00,1900,1900,1900,1900,0
2022-06-15 14:02:00,1900,1900,1900,1900,0
2022-06-15 14:03:00,1900,1900,1900,1900,0
2022-06-15 14:04:00,1900,1900,1900,1900,0
2022-06-15 14:05:00,1900,1900,1900,1900,0
2022-06-15 14:06:00,1900,1900,1900,1900,0
2022-06-15 14:07:00,1900,1900,1900,1900,0
2022-06-15 14:08:00,1900,1900,1900,1900,0
2022-06-15 14:09:00,1900,1900,1900,1900,0
2022-06-15 14:10:00,1900,1900,1900,1900,0
2022-06-15 14:11:00,1900,1900,1900,1900,0
2022-06-15 14:12:00,1900,1900,1900,1900,0
2022-06-15 14:13:00,1900,1900,1900,1900,0
2022-06-15 14:14:00,1900,1900,1900,1900,0
2022-06-15 14:15:00,1900,1900,1900,1900,0
2022-06-15 14:16:00,1900,1900,1900,1900,0
2022-06-15 14:17:00,1900,1900,1900,1900,0
2022-06-15 14:18:00,1900,1900,1900,1900,0
2022-06-15 14:19:00,1900,1900,1900,1900,0
2022-06-15 14:20:00,1900,1900,1900,1900,0
2022-06-15 14:21:00,1900,1900,1900,1900,0
2022-06-15 14:22:00,1900,1900,1900,1900,0
2022-06-15 14:23:00,1900,1900,1900,1900,0
2022-06-15 14:24:00,1900,1900,1900,1900,0
2022-06-15 14:25:00,1900,1900,1900,1900,0
2022-06-15 14:26:00,1900,1900,1900,1900,0
2022-06-15 14:27:00,1900,1900,1900,1900,0
2022-06-15 14:28:00,1900,1900,1900,1900,0
2022-06-15 14:29:00,1900,1900,1900,1900,0
2022-06-15 14:30:00,1900,1900,1900,1900,0
2022-06-15 14:31:00,1900,1900,1900,1900,0
2022-06-15 14:32:00,1900,1900,1900,1900,0
2022-06-15 14:33:00,1900,1900,1900,1900,0
2022-06-15 14:34:00,1900,1900,1900,1900,0
2022-06-15 14:35:00,1900,1900,1900,1900,0
2022-06-15 14:36:00,1900,1900,1900,1900,0
2022-06-15 14:37:00,1900,1900,1900,1900,0
2022-06-15 14:38:00,1900,1900,1900,1900,0
2022-06-15 14:39:00,1900,1900,1900,1900,0
2022-06-15 14:40:00,1900,1900,1900,1900,0
2022-06-15 14:41:00,1900,1900,1900,1900,0
2022-06-15 14:42:00,1900,1900,1900,1900,0
2022-06-15 14:43:00,1900,1900,1900,1900,0
2022-06-15 14:44:00,1900,1900,1900,1900,0
2022-06-15 14:45:00,1900,1900,1900,1900,0
2022-06-15 14:46:00,1900,1900,1900,1900,0
2022-06-15 14:47:00,1900,1900,1900,1900,0
2022-06-15 14:48:00,1900,1900,1900,1900,0
2022-06-15 14:49:00,1900,1900,1900,1900,0
2022-06-15 14:50:00,1900,1900,1900,1900,0
2022-06-15 14:51:00,1900,1900,1900,1900,0
2022-06-15 14:52:00,1900,1900,1900,1900,0
2022-06-15 14:53:00,1900,1900,1900,1900,0
2022-06-15 14:54:00,1900,1900,1900,1900,0
2022-06-15 14:55:00,1900,1900,1900,1900,0
2022-06-15 14:56:00,1900,1900,1900,1900,0
2022-06-15 14:57:00,1900,1900,1900,1900,0
2022-06-15 14:58:00,1900,1900,1900,1900,0
2022-06-15 14:59:00,1900,1900,1900,1900,0
2022-06-15 15:00:00,1900,1900,1900,1900,0
2022-06-15 15:01:00,1900,1900,1900,1900,0
2022-06-15 15:02:00,1900,1900,1900,1900,0
2022-06-15 15:03:00,1900,1900,1900,1900,0
2022-06-15 15:04:00,1900,1900,1900,1900,0
2022-06-15 15:05:00,1900,1900,1900,1900,0
2022-06-15 15:06:00,1900,1900,1900,1900,0
2022-06-15 15:07:00,1900,1900,1900,1900,0
2022-06-15 15:08:00,1900,1900,1900,1900,0
2022-06-15 15:09:00,1900,1900,1900,1900,0
2022-06-15 15:10:00,1900,1900,1900,1900,0
2022-06-15 15:11:00,1900,1900,1900,1900,0
2022-06-15 15:12:00,1900,1900,1900,1900,0
2022-06-15 15:13:00,1900,1900,1900,1900,0
2022-06-15 15:14:00,1900,1900,1900,1900,0
2022-06-15 15:15:00,1900,1900,1900,1900,0
2022-06-15 15:16:00,1900,1900,1900,1900,0
2022-06-15 15:17:00,1900,1900,1900,1900,0
2022-06-15 15:18:00,1900,1900,1900,1900,0
2022-06-15 15:19:00,1900,1900,1900,1900,0
2022-06-15 15:20:00,1900,1900,1900,1900,0
2022-06-15 15:21:00,1900,1900,1900,1900,0
2022-06-15 15:22:00,1900,1900,1900,1900,0
2022-06-15 15:23:00,1900,1900,1900,1900,0
2022-06-15 15:24:00,1900,1900,1900,1900,0
2022-06-15 15:25:00,1900,1900,1900,1900,0
2022-06-15 15:26:00,1900,1900,1900,1900,0
2022-06-15 15:27:00,1900,1900,1900,1900,0
2022-06-15 15:28:00,1900,1900,1900,1900,0
2022-06-15 15:29:00,1900,1900,1900,1900,0
2022-06-15 15:30:00,1900,1900,1900,1900,0
2022-06-15 15:31:00,1900,1900,1900,1900,0
2022-06-15 15:32:00,1900,1900,1900,1900,0
2022-06-15 15:33:00,1900,1900,1900,1900,0
2022-06-15 15:34:00,1900,1900,1900,1900,0
2022-06-15 15:35:00,1900,1900,1900,1900,0
2022-06-15 15:36:00,1900,1900,1900,1900,0
2022-06-15 15:37:00,1900,1900,1900,1900,0
2022-06-15 15:38:00,1900,1900,1900,1900,0
2022-06-15 15:39:00,1900,1900,1900,1900,0
2022-06-15 15:40:00,1900,1900,1900,1900,0
2022-06-15 15:41:00,1900,1900,1900,1900,0
2022-06-15 15:42:00,1900,1900,1900,1900,0
2022-06-15 15:43:00,1900,1900,1900,1900,0
2022-06-15 15:44:00,1900,1900,1900,1900,0
2022-06-15 15:45:00,1900,1900,1900,1900,0
2022-06-15 15:46:00,1900,1900,1900,1900,0
2022-06-15 15:47:00,1900,1900,1900,1900,0
2022-06-15 15:48:00,1900,1900,1900,1900,0
2022-06-15 15:49:00,1900,1900,1900,1900,0
2022-06-15 15:50:00,1900,1900,1900,1900,0
2022-06-15 15:51:00,1900,1900,1900,1900,0
2022-06-15 15:52:00,1900,1900,1900,1900,0
2022-06-15 15:53:00,1900,1900,1900,1900,0
2022-06-15 15:54:00,1900,1900,1900,1900,0
2022-06-15 15:55:00,1900,1900,1900,1900,0
2022-06-15 15:56:00,1900,1900,1900,1900,0
2022-06-15 15:57:00,1900,1900,1900,1900,0
2022-06-15 15:58:00,1900,1900,1900,1900,0
2022-06-15 15:59:00,1900,1900,1900,1900,0
2022-06-16 09:00:00,1900,1900,1900,1900,0
2022-06-16 09:01:00,1900,1900,1900,1900,0
2022-06-16 09:02:00,1900,1900,1900,1900,0
2022-06-16 09:03:00,1900,1900,1900,1900,0
2022-06-16 09:04:00,1900,1900,1900,1900,0
2022-06-16 09:05:00,1900,1900,1900,1900,0
2022-06-16 09:06:00,1900,1900,1900,1900,0
2022-06-16 09:07:00,1900,1900,1900,1900,0
2022-06-16 09:08:00,1900,1900,1900,1900,0
2022-06-16 09:09:00,1900,1900,1900,1900,0
2022-06-16 09:10:00,1900,1900,1900,1900,0
2022-06-16 09:11:00,1900,1900,1900,1900,0
2022-06-16 09:12:00,1900,1900,1900,1900,0
2022-06-16 09:13:00,1900,1900,1900,1900,0
2022-06-16 09:14:00,1900,1900,1900,1900,0
2022-06-16 09:15:00,1900,1900,1900,1900,0
2022-06-16 09:16:00,1900,1900,1900,1900,0
2022-06-16 09:17:00,1900,1900,1900,1900,0
2022-06-16 09:18:00,1900,1900,1900,1900,0
2022-06-16 09:19:00,1900,1900,1900,1900,0
2022-06-16 09:20:00,1900,1900,1900,1900,0
2022-06-16 09:21:00,1900,1900,1900,1900,0
2022-06-16 09:22:00,1900,1900,1900,1900,0
2022-06-16 09:23:00,1900,1900,1900,1900,0
2022-06-16 09:24:00,1900,1900,1900,1900,0
2022-06-16 09:25:00,1900,1900,1900,1900,0
2022-06-16 09:26:00,1900,1900,1900,1900,0
2022-06-16 09:27:00,1900,1900,1900,1900,0
2022-06-16 09:28:00,1900,1900,1900,1900,0
2022-06-16 09:29:00,1900,1900,1900,1900,0
2022-06-16 09:30:00,1900,1900,1900,1900,0
2022-06-16 09:31:00,1900,1900,1900,1900,0
2022-06-16 09:32:00,1900,1900,1900,1900,0
2022-06-16 09:33:00,1900,1900,1900,1900,0
2022-06-16 09:34:00,1900,1900,1900,1900,0
2022-06-16 09:35:00,1900,1900,1900,1900,0
2022-06-16 09:36:00,1900,1900,1900,1900,0
2022-06-16 09:37:00,1900,1900,1900,1900,0
2022-06-16 09:38:00,1900,1900,1900,1900,0
2022-06-16 09:39:00,1900,1900,1900,1900,0
2022-06-16 09:40:00,1900,1900,1900,1900,0
2022-06-16 09:41:00,1900,1900,1900,1900,0
2022-06-16 09:42:00,1900,1900,1900,1900,0
2022-06-16 09:43:00,1900,1900,1900,1900,0
2022-06-16 09:44:00,1900,1900,1900,1900,0
2022-06-16 09:45:00,1900,1900,1900,1900,0
2022-06-16 09:46:00,1900,1900,1900,1900,0
2022-06-16 09:47:00,1900,1900,1900,1900,0
2022-06-16 09:48:00,1900,1900,1900,1900,0
2022-06-16 09:49:00,1900,1900,1900,1900,0
2022-06-16 09:50:00,1900,1900,1900,1900,0
2022-06-16 09:51:00,1900,1900,1900,1900,0
2022-06-16 09:52:00,1900,1900,1900,1900,0
2022-06-16 09:53:00,1900,1900,1900,1900,0
2022-06-16 09:54:00,1900,1900,1900,1900,0
2022-06-16 09:55:00,1900,1900,1900,1900,0
2022-06-16 09:56:00,1900,1900,1900,1900,0
2022-06-16 09:57:00,1900,1900,1900,1900,0
2022-06-16 09:58:00,1900,1900,1900,1900,0
2022-06-16 09:59:00,1900,1900,1900,1900,0
2022-06-16 10:00:00,1900,1900,1900,1900,0
2022-06-16 10:01:00,1900,1900,1900,1900,0
2022-06-16 10:02:00,1900,1900,1900,1900,2900
2022-06-16 10:03:00,1900,1900,1900,1900,6500
2022-06-16 10:04:00,1900,1900,1900,1900,0
2022-06-16 10:05:00,1900,1900,1900,1900,0
2022-06-16 10:06:00,1900,1900,1900,1900,0
2022-06-16 10:07:00,1900,1900,1900,1900,0
2022-06-16 10:08:00,1900,1900,1900,1900,0
2022-06-16 10:09:00,1900,1900,1900,1900,0
2022-06-16 10:10:00,1900,1900,1900,1900,0
2022-06-16 10:11:00,1900,1900,1900,1900,0
2022-06-16 10:12:00,1900,1900,1900,1900,0
2022-06-16 10:13:00,1900,1900,1900,1900,0
2022-06-16 10:14:00,1900,1900,1900,1900,0
2022-06-16 10:15:00,1900,1900,1900,1900,0
2022-06-16 10:16:00,1900,1900,1900,1900,0
2022-06-16 10:17:00,1900,1900,1900,1900,0
2022-06-16 10:18:00,1900,1900,1900,1900,0
2022-06-16 10:19:00,1900,1900,1900,1900,0
2022-06-16 10:20:00,1900,1900,1900,1900,0
2022-06-16 10:21:00,1900,1900,1900,1900,0
2022-06-16 10:22:00,1900,1900,1900,1900,0
2022-06-16 10:23:00,1900,1900,1900,1900,0
2022-06-16 10:24:00,1900,1900,1900,1900,0
2022-06-16 10:25:00,1900,1900,1900,1900,0
2022-06-16 10:26:00,1900,1900,1900,1900,0
2022-06-16 10:27:00,1900,1900,1900,1900,0
2022-06-16 10:28:00,1900,1900,1900,1900,0
2022-06-16 10:29:00,1900,1900,1900,1900,0
2022-06-16 10:30:00,1900,1900,1900,1900,0
2022-06-16 10:31:00,1900,1900,1900,1900,0
2022-06-16 10:32:00,1900,1900,1900,1900,0
2022-06-16 10:33:00,1900,1900,1900,1900,0
2022-06-16 10:34:00,1900,1900,1900,1900,0
2022-06-16 10:35:00,1900,1900,1900,1900,0
2022-06-16 10:36:00,1900,1900,1900,1900,0
2022-06-16 10:37:00,1900,1900,1900,1900,0
2022-06-16 10:38:00,1900,1900,1900,1900,0
2022-06-16 10:39:00,1900,1900,1900,1900,0
2022-06-16 10:40:00,1900,1900,1900,1900,0
2022-06-16 10:41:00,1900,1900,1900,1900,0
2022-06-16 10:42:00,1900,1900,1900,1900,0
2022-06-16 10:43:00,1900,1900,1900,1900,0
2022-06-16 10:44:00,1900,1900,1900,1900,0
2022-06-16 10:45:00,1905,1905,1905,1905,7000
2022-06-16 10:46:00,1905,1905,1905,1905,2300
2022-06-16 10:47:00,1905,1905,1905,1905,0
2022-06-16 10:48:00,1905,1905,1905,1905,0
2022-06-16 10:49:00,1905,1905,1905,1905,0
2022-06-16 10:50:00,1905,1905,1905,1905,0
2022-06-16 10:51:00,1905,1905,1905,1905,0
2022-06-16 10:52:00,1905,1905,1905,1905,0
2022-06-16 10:53:00,1905,1905,1905,1905,0
2022-06-16 10:54:00,1905,1905,1905,1905,0
2022-06-16 10:55:00,1905,1905,1905,1905,0
2022-06-16 10:56:00,1905,1905,1905,1905,0
2022-06-16 10:57:00,1905,1905,1905,1905,0
2022-06-16 10:58:00,1905,1905,1905,1905,0
2022-06-16 10:59:00,1905,1905,1905,1905,0
2022-06-16 11:00:00,1900,1900,1900,1900,100
2022-06-16 11:01:00,1900,1900,1900,1900,0
2022-06-16 11:02:00,1900,1900,1900,1900,0
2022-06-16 11:03:00,1900,1900,1900,1900,0
2022-06-16 11:04:00,1900,1900,1900,1900,0
2022-06-16 11:05:00,1900,1900,1900,1900,0
2022-06-16 11:06:00,1900,1900,1900,1900,0
2022-06-16 11:07:00,1900,1900,1900,1900,0
2022-06-16 11:08:00,1900,1900,1900,1900,0
2022-06-16 11:09:00,1900,1900,1900,1900,0
2022-06-16 11:10:00,1900,1900,1900,1900,0
2022-06-16 11:11:00,1900,1900,1900,1900,0
2022-06-16 11:12:00,1900,1900,1900,1900,0
2022-06-16 11:13:00,1900,1900,1900,1900,0
2022-06-16 11:14:00,1900,1900,1900,1900,0
2022-06-16 11:15:00,1900,1900,1900,1900,0
2022-06-16 11:16:00,1900,1900,1900,1900,0
2022-06-16 11:17:00,1900,1900,1900,1900,0
2022-06-16 11:18:00,1900,1900,1900,1900,0
2022-06-16 11:19:00,1900,1900,1900,1900,0
2022-06-16 11:20:00,1900,1900,1900,1900,0
2022-06-16 11:21:00,1900,1900,1900,1900,0
2022-06-16 11:22:00,1900,1900,1900,1900,0
2022-06-16 11:23:00,1900,1900,1900,1900,0
2022-06-16 11:24:00,1900,1900,1900,1900,0
2022-06-16 11:25:00,1900,1900,1900,1900,0
2022-06-16 11:26:00,1900,1900,1900,1900,0
2022-06-16 11:27:00,1900,1900,1900,1900,0
2022-06-16 11:28:00,1900,1900,1900,1900,0
2022-06-16 11:29:00,1900,1900,1900,1900,0
2022-06-16 11:30:00,1900,1900,1900,1900,0
2022-06-16 11:31:00,1900,1900,1900,1900,0
2022-06-16 11:32:00,1900,1900,1900,1900,0
2022-06-16 11:33:00,1900,1900,1900,1900,0
2022-06-16 11:34:00,1900,1900,1900,1900,0
2022-06-16 11:35:00,1900,1900,1900,1900,0
2022-06-16 11:36:00,1900,1900,1900,1900,0
2022-06-16 11:37:00,1900,1900,1900,1900,0
2022-06-16 11:38:00,1900,1900,1900,1900,0
2022-06-16 11:39:00,1900,1900,1900,1900,0
2022-06-16 11:40:00,1900,1900,1900,1900,0
2022-06-16 11:41:00,1900,1900,1900,1900,0
2022-06-16 11:42:00,1900,1900,1900,1900,0
2022-06-16 11:43:00,1900,1900,1900,1900,0
2022-06-16 11:44:00,1900,1900,1900,1900,0
2022-06-16 11:45:00,1900,1900,1900,1900,0
2022-06-16 11:46:00,1900,1900,1900,1900,0
2022-06-16 11:47:00,1900,1900,1900,1900,0
2022-06-16 11:48:00,1900,1900,1900,1900,0
2022-06-16 11:49:00,1900,1900,1900,1900,0
2022-06-16 11:50:00,1900,1900,1900,1900,0
2022-06-16 11:51:00,1900,1900,1900,1900,0
2022-06-16 11:52:00,1900,1900,1900,1900,0
2022-06-16 11:53:00,1900,1900,1900,1900,0
2022-06-16 11:54:00,1900,1900,1900,1900,0
2022-06-16 11:55:00,1900,1900,1900,1900,0
2022-06-16 11:56:00,1900,1900,1900,1900,0
2022-06-16 11:57:00,1900,1900,1900,1900,0
2022-06-16 11:58:00,1900,1900,1900,1900,0
2022-06-16 11:59:00,1900,1900,1900,1900,0
2022-06-16 12:00:00,1900,1900,1900,1900,0
2022-06-16 12:01:00,1900,1900,1900,1900,0
2022-06-16 12:02:00,1900,1900,1900,1900,0
2022-06-16 12:03:00,1900,1900,1900,1900,0
2022-06-16 12:04:00,1900,1900,1900,1900,0
2022-06-16 12:05:00,1900,1900,1900,1900,0
2022-06-16 12:06:00,1900,1900,1900,1900,0
2022-06-16 12:07:00,1900,1900,1900,1900,0
2022-06-16 12:08:00,1900,1900,1900,1900,0
2022-06-16 12:09:00,1900,1900,1900,1900,0
2022-06-16 12:10:00,1900,1900,1900,1900,0
2022-06-16 12:11:00,1900,1900,1900,1900,0
2022-06-16 12:12:00,1900,1900,1900,1900,0
2022-06-16 12:13:00,1900,1900,1900,1900,0
2022-06-16 12:14:00,1900,1900,1900,1900,0
2022-06-16 12:15:00,1900,1900,1900,1900,0
2022-06-16 12:16:00,1900,1900,1900,1900,0
2022-06-16 12:17:00,1900,1900,1900,1900,0
2022-06-16 12:18:00,1900,1900,1900,1900,0
2022-06-16 12:19:00,1900,1900,1900,1900,0
2022-06-16 12:20:00,1900,1900,1900,1900,0
2022-06-16 12:21:00,1900,1900,1900,1900,0
2022-06-16 12:22:00,1900,1900,1900,1900,0
2022-06-16 12:23:00,1900,1900,1900,1900,0
2022-06-16 12:24:00,1900,1900,1900,1900,0
2022-06-16 12:25:00,1900,1900,1900,1900,0
2022-06-16 12:26:00,1900,1900,1900,1900,0
2022-06-16 12:27:00,1900,1900,1900,1900,0
2022-06-16 12:28:00,1900,1900,1900,1900,0
2022-06-16 12:29:00,1900,1900,1900,1900,0
2022-06-16 12:30:00,1900,1900,1900,1900,0
2022-06-16 12:31:00,1900,1900,1900,1900,0
2022-06-16 12:32:00,1900,1900,1900,1900,0
2022-06-16 12:33:00,1900,1900,1900,1900,0
2022-06-16 12:34:00,1900,1900,1900,1900,0
2022-06-16 12:35:00,1900,1900,1900,1900,0
2022-06-16 12:36:00,1900,1900,1900,1900,0
2022-06-16 12:37:00,1900,1900,1900,1900,0
2022-06-16 12:38:00,1900,1900,1900,1900,0
2022-06-16 12:39:00,1900,1900,1900,1900,0
2022-06-16 12:40:00,1900,1900,1900,1900,0
2022-06-16 12:41:00,1900,1900,1900,1900,0
2022-06-16 12:42:00,1900,1900,1900,1900,0
2022-06-16 12:43:00,1900,1900,1900,1900,0
2022-06-16 12:44:00,1900,1900,1900,1900,0
2022-06-16 12:45:00,1900,1900,1900,1900,0
2022-06-16 12:46:00,1900,1900,1900,1900,0
2022-06-16 12:47:00,1900,1900,1900,1900,0
2022-06-16 12:48:00,1900,1900,1900,1900,0
2022-06-16 12:49:00,1900,1900,1900,1900,0
2022-06-16 12:50:00,1900,1900,1900,1900,0
2022-06-16 12:51:00,1900,1900,1900,1900,0
2022-06-16 12:52:00,1900,1900,1900,1900,0
2022-06-16 12:53:00,1900,1900,1900,1900,0
2022-06-16 12:54:00,1900,1900,1900,1900,0
2022-06-16 12:55:00,1900,1900,1900,1900,0
2022-06-16 12:56:00,1900,1900,1900,1900,0
2022-06-16 12:57:00,1900,1900,1900,1900,0
2022-06-16 12:58:00,1900,1900,1900,1900,0
2022-06-16 12:59:00,1900,1900,1900,1900,0
2022-06-16 13:00:00,1900,1900,1900,1900,0
2022-06-16 13:01:00,1900,1900,1900,1900,0
2022-06-16 13:02:00,1900,1900,1900,1900,0
2022-06-16 13:03:00,1900,1900,1900,1900,0
2022-06-16 13:04:00,1900,1900,1900,1900,0
2022-06-16 13:05:00,1900,1900,1900,1900,0
2022-06-16 13:06:00,1900,1900,1900,1900,0
2022-06-16 13:07:00,1900,1900,1900,1900,0
2022-06-16 13:08:00,1900,1900,1900,1900,0
2022-06-16 13:09:00,1900,1900,1900,1900,0
2022-06-16 13:10:00,1900,1900,1900,1900,0
2022-06-16 13:11:00,1900,1900,1900,1900,0
2022-06-16 13:12:00,1900,1900,1900,1900,0
2022-06-16 13:13:00,1900,1900,1900,1900,0
2022-06-16 13:14:00,1900,1900,1900,1900,0
2022-06-16 13:15:00,1900,1900,1900,1900,0
2022-06-16 13:16:00,1900,1900,1900,1900,0
2022-06-16 13:17:00,1900,1900,1900,1900,0
2022-06-16 13:18:00,1900,1900,1900,1900,0
2022-06-16 13:19:00,1900,1900,1900,1900,0
2022-06-16 13:20:00,1900,1900,1900,1900,0
2022-06-16 13:21:00,1900,1900,1900,1900,0
2022-06-16 13:22:00,1900,1900,1900,1900,0
2022-06-16 13:23:00,1900,1900,1900,1900,0
2022-06-16 13:24:00,1900,1900,1900,1900,0
2022-06-16 13:25:00,1900,1900,1900,1900,0
2022-06-16 13:26:00,1900,1900,1900,1900,0
2022-06-16 13:27:00,1900,1900,1900,1900,0
2022-06-16 13:28:00,1900,1900,1900,1900,0
2022-06-16 13:29:00,1900,1900,1900,1900,0
2022-06-16 13:30:00,1900,1900,1900,1900,0
2022-06-16 13:31:00,1900,1900,1900,1900,0
2022-06-16 13:32:00,1900,1900,1900,1900,0
2022-06-16 13:33:00,1900,1900,1900,1900,0
2022-06-16 13:34:00,1900,1900,1900,1900,0
2022-06-16 13:35:00,1900,1900,1900,1900,0
2022-06-16 13:36:00,1900,1900,1900,1900,0
2022-06-16 13:37:00,1900,1900,1900,1900,0
2022-06-16 13:38:00,1900,1900,1900,1900,0
2022-06-16 13:39:00,1900,1900,1900,1900,0
2022-06-16 13:40:00,1900,1900,1900,1900,0
2022-06-16 13:41:00,1900,1900,1900,1900,0
2022-06-16 13:42:00,1900,1900,1900,1900,0
2022-06-16 13:43:00,1900,1900,1900,1900,0
2022-06-16 13:44:00,1900,1900,1900,1900,0
2022-06-16 13:45:00,1900,1900,1900,1900,0
2022-06-16 13:46:00,1900,1900,1900,1900,0
2022-06-16 13:47:00,1900,1900,1900,1900,0
2022-06-16 13:48:00,1900,1900,1900,1900,0
2022-06-16 13:49:00,1900,1900,1900,1900,0
2022-06-16 13:50:00,1900,1900,1900,1900,0
2022-06-16 13:51:00,1900,1900,1900,1900,0
2022-06-16 13:52:00,1900,1900,1900,1900,0
2022-06-16 13:53:00,1900,1900,1900,1900,0
2022-06-16 13:54:00,1900,1900,1900,1900,0
2022-06-16 13:55:00,1900,1900,1900,1900,0
2022-06-16 13:56:00,1900,1900,1900,1900,0
2022-06-16 13:57:00,1900,1900,1900,1900,0
2022-06-16 13:58:00,1900,1900,1900,1900,0
2022-06-16 13:59:00,1900,1900,1900,1900,0
2022-06-16 14:00:00,1900,1900,1900,1900,0
2022-06-16 14:01:00,1900,1900,1900,1900,0
2022-06-16 14:02:00,1900,1900,1900,1900,0
2022-06-16 14:03:00,1900,1900,1900,1900,0
2022-06-16 14:04:00,1900,1900,1900,1900,0
2022-06-16 14:05:00,1900,1900,1900,1900,0
2022-06-16 14:06:00,1900,1900,1900,1900,0
2022-06-16 14:07:00,1900,1900,1900,1900,0
2022-06-16 14:08:00,1900,1900,1900,1900,0
2022-06-16 14:09:00,1900,1900,1900,1900,0
2022-06-16 14:10:00,1900,1900,1900,1900,0
2022-06-16 14:11:00,1900,1900,1900,1900,0
2022-06-16 14:12:00,1900,1900,1900,1900,0
2022-06-16 14:13:00,1900,1900,1900,1900,0
2022-06-16 14:14:00,1900,1900,1900,1900,0
2022-06-16 14:15:00,1900,1900,1900,1900,0
2022-06-16 14:16:00,1900,1900,1900,1900,0
2022-06-16 14:17:00,1900,1900,1900,1900,0
2022-06-16 14:18:00,1900,1900,1900,1900,0
2022-06-16 14:19:00,1900,1900,1900,1900,0
2022-06-16 14:20:00,1900,1900,1900,1900,0
2022-06-16 14:21:00,1900,1900,1900,1900,0
2022-06-16 14:22:00,1900,1900,1900,1900,0
2022-06-16 14:23:00,1900,1900,1900,1900,0
2022-06-16 14:24:00,1900,1900,1900,1900,0
2022-06-16 14:25:00,1900,1900,1900,1900,0
2022-06-16 14:26:00,1900,1900,1900,1900,0
2022-06-16 14:27:00,1900,1900,1900,1900,0
2022-06-16 14:28:00,1900,1900,1900,1900,0
2022-06-16 14:29:00,1900,1900,1900,1900,0
2022-06-16 14:30:00,1900,1900,1900,1900,0
2022-06-16 14:31:00,1900,1900,1900,1900,0
2022-06-16 14:32:00,1900,1900,1900,1900,0
2022-06-16 14:33:00,1900,1900,1900,1900,0
2022-06-16 14:34:00,1900,1900,1900,1900,0
2022-06-16 14:35:00,1900,1900,1900,1900,0
2022-06-16 14:36:00,1900,1900,1900,1900,0
2022-06-16 14:37:00,1900,1900,1900,1900,0
2022-06-16 14:38:00,1900,1900,1900,1900,0
2022-06-16 14:39:00,1900,1900,1900,1900,0
2022-06-16 14:40:00,1900,1900,1900,1900,0
2022-06-16 14:41:00,1900,1900,1900,1900,0
2022-06-16 14:42:00,1900,1900,1900,1900,0
2022-06-16 14:43:00,1900,1900,1900,1900,0
2022-06-16 14:44:00,1900,1900,1900,1900,0
2022-06-16 14:45:00,1900,1900,1900,1900,0
2022-06-16 14:46:00,1900,1900,1900,1900,0
2022-06-16 14:47:00,1900,1900,1900,1900,0
2022-06-16 14:48:00,1900,1900,1900,1900,0
2022-06-16 14:49:00,1900,1900,1900,1900,0
2022-06-16 14:50:00,1900,1900,1900,1900,0
2022-06-16 14:51:00,1900,1900,1900,1900,0
2022-06-16 14:52:00,1900,1900,1900,1900,0
2022-06-16 14:53:00,1900,1900,1900,1900,0
2022-06-16 14:54:00,1900,1900,1900,1900,0
2022-06-16 14:55:00,1900,1900,1900,1900,0
2022-06-16 14:56:00,1900,1900,1900,1900,0
2022-06-16 14:57:00,1900,1900,1900,1900,0
2022-06-16 14:58:00,1900,1900,1900,1900,0
2022-06-16 14:59:00,1900,1900,1900,1900,0
2022-06-16 15:00:00,1900,1900,1900,1900,0
2022-06-16 15:01:00,1900,1900,1900,1900,0
2022-06-16 15:02:00,1900,1900,1900,1900,0
2022-06-16 15:03:00,1900,1900,1900,1900,0
2022-06-16 15:04:00,1900,1900,1900,1900,0
2022-06-16 15:05:00,1900,1900,1900,1900,0
2022-06-16 15:06:00,1900,1900,1900,1900,0
2022-06-16 15:07:00,1900,1900,1900,1900,0
2022-06-16 15:08:00,1900,1900,1900,1900,0
2022-06-16 15:09:00,1900,1900,1900,1900,0
2022-06-16 15:10:00,1900,1900,1900,1900,0
2022-06-16 15:11:00,1900,1900,1900,1900,0
2022-06-16 15:12:00,1900,1900,1900,1900,0
2022-06-16 15:13:00,1900,1900,1900,1900,0
2022-06-16 15:14:00,1900,1900,1900,1900,0
2022-06-16 15:15:00,1900,1900,1900,1900,0
2022-06-16 15:16:00,1900,1900,1900,1900,0
2022-06-16 15:17:00,1900,1900,1900,1900,0
2022-06-16 15:18:00,1900,1900,1900,1900,0
2022-06-16 15:19:00,1900,1900,1900,1900,0
2022-06-16 15:20:00,1900,1900,1900,1900,0
2022-06-16 15:21:00,1900,1900,1900,1900,0
2022-06-16 15:22:00,1900,1900,1900,1900,0
2022-06-16 15:23:00,1900,1900,1900,1900,0
2022-06-16 15:24:00,1900,1900,1900,1900,0
2022-06-16 15:25:00,1900,1900,1900,1900,0
2022-06-16 15:26:00,1900,1900,1900,1900,0
2022-06-16 15:27:00,1900,1900,1900,1900,0
2022-06-16 15:28:00,1900,1900,1900,1900,0
2022-06-16 15:29:00,1900,1900,1900,1900,0
2022-06-16 15:30:00,1900,1900,1900,1900,0
2022-06-16 15:31:00,1900,1900,1900,1900,0
2022-06-16 15:32:00,1900,1900,1900,1900,0
2022-06-16 15:33:00,1900,1900,1900,1900,0
2022-06-16 15:34:00,1900,1900,1900,1900,0
2022-06-16 15:35:00,1900,1900,1900,1900,0
2022-06-16 15:36:00,1900,1900,1900,1900,0
2022-06-16 15:37:00,1900,1900,1900,1900,0
2022-06-16 15:38:00,1900,1900,1900,1900,0
2022-06-16 15:39:00,1900,1900,1900,1900,0
2022-06-16 15:40:00,1900,1900,1900,1900,0
2022-06-16 15:41:00,1900,1900,1900,1900,0
2022-06-16 15:42:00,1900,1900,1900,1900,0
2022-06-16 15:43:00,1900,1900,1900,1900,0
2022-06-16 15:44:00,1900,1900,1900,1900,0
2022-06-16 15:45:00,1900,1900,1900,1900,0
2022-06-16 15:46:00,1900,1900,1900,1900,0
2022-06-16 15:47:00,1900,1900,1900,1900,0
2022-06-16 15:48:00,1900,1900,1900,1900,0
2022-06-16 15:49:00,1900,1900,1900,1900,0
2022-06-16 15:50:00,1900,1900,1900,1900,0
2022-06-16 15:51:00,1900,1900,1900,1900,0
2022-06-16 15:52:00,1900,1900,1900,1900,0
2022-06-16 15:53:00,1900,1900,1900,1900,0
2022-06-16 15:54:00,1900,1900,1900,1900,0
2022-06-16 15:55:00,1900,1900,1900,1900,0
2022-06-16 15:56:00,1900,1900,1900,1900,0
2022-06-16 15:57:00,1900,1900,1900,1900,0
2022-06-16 15:58:00,1900,1900,1900,1900,0
2022-06-16 15:59:00,1900,1900,1900,1900,0
2022-06-17 09:00:00,1900,1900,1900,1900,0
2022-06-17 09:01:00,1900,1900,1900,1900,0
2022-06-17 09:02:00,1900,1900,1900,1900,0
2022-06-17 09:03:00,1900,1900,1900,1900,0
2022-06-17 09:04:00,1900,1900,1900,1900,0
2022-06-17 09:05:00,1900,1900,1900,1900,0
2022-06-17 09:06:00,1900,1900,1900,1900,0
2022-06-17 09:07:00,1900,1900,1900,1900,0
2022-06-17 09:08:00,1900,1900,1900,1900,0
2022-06-17 09:09:00,1900,1900,1900,1900,0
2022-06-17 09:10:00,1900,1900,1900,1900,0
2022-06-17 09:11:00,1900,1900,1900,1900,0
2022-06-17 09:12:00,1900,1900,1900,1900,0
2022-06-17 09:13:00,1900,1900,1900,1900,0
2022-06-17 09:14:00,1900,1900,1900,1900,0
2022-06-17 09:15:00,1900,1900,1900,1900,0
2022-06-17 09:16:00,1900,1900,1900,1900,0
2022-06-17 09:17:00,1900,1900,1900,1900,0
2022-06-17 09:18:00,1900,1900,1900,1900,0
2022-06-17 09:19:00,1900,1900,1900,1900,0
2022-06-17 09:20:00,1900,1900,1900,1900,0
2022-06-17 09:21:00,1900,1900,1900,1900,0
2022-06-17 09:22:00,1900,1900,1900,1900,0
2022-06-17 09:23:00,1900,1900,1900,1900,0
2022-06-17 09:24:00,1900,1900,1900,1900,0
2022-06-17 09:25:00,1900,1900,1900,1900,0
2022-06-17 09:26:00,1900,1900,1900,1900,0
2022-06-17 09:27:00,1900,1900,1900,1900,0
2022-06-17 09:28:00,1900,1900,1900,1900,0
2022-06-17 09:29:00,1900,1900,1900,1900,0
2022-06-17 09:30:00,1900,1900,1900,1900,0
2022-06-17 09:31:00,1900,1900,1900,1900,0
2022-06-17 09:32:00,1900,1900,1900,1900,0
2022-06-17 09:33:00,1900,1900,1900,1900,0
2022-06-17 09:34:00,1900,1900,1900,1900,0
2022-06-17 09:35:00,1900,1900,1900,1900,0
2022-06-17 09:36:00,1900,1900,1900,1900,0
2022-06-17 09:37:00,1900,1900,1900,1900,0
2022-06-17 09:38:00,1900,1900,1900,1900,0
2022-06-17 09:39:00,1900,1900,1900,1900,0
2022-06-17 09:40:00,1900,1900,1900,1900,0
2022-06-17 09:41:00,1900,1900,1900,1900,0
2022-06-17 09:42:00,1900,1900,1900,1900,0
2022-06-17 09:43:00,1900,1900,1900,1900,0
2022-06-17 09:44:00,1900,1900,1900,1900,0
2022-06-17 09:45:00,1900,1900,1900,1900,0
2022-06-17 09:46:00,1900,1900,1900,1900,0
2022-06-17 09:47:00,1900,1900,1900,1900,0
2022-06-17 09:48:00,1900,1900,1900,1900,0
2022-06-17 09:49:00,1900,1900,1900,1900,0
2022-06-17 09:50:00,1900,1900,1900,1900,0
2022-06-17 09:51:00,1900,1900,1900,1900,0
2022-06-17 09:52:00,1900,1900,1900,1900,0
2022-06-17 09:53:00,1900,1900,1900,1900,0
2022-06-17 09:54:00,1900,1900,1900,1900,0
2022-06-17 09:55:00,1900,1900,1900,1900,0
2022-06-17 09:56:00,1900,1900,1900,1900,0
2022-06-17 09:57:00,1900,1900,1900,1900,0
2022-06-17 09:58:00,1900,1900,1900,1900,0
2022-06-17 09:59:00,1900,1900,1900,1900,0
2022-06-17 10:00:00,1900,1900,1900,1900,0
2022-06-17 10:01:00,1900,1900,1900,1900,0
2022-06-17 10:02:00,1900,1900,1900,1900,0
2022-06-17 10:03:00,1900,1900,1900,1900,0
2022-06-17 10:04:00,1900,1900,1900,1900,0
2022-06-17 10:05:00,1900,1900,1900,1900,0
2022-06-17 10:06:00,1900,1900,1900,1900,0
2022-06-17 10:07:00,1900,1900,1900,1900,0
2022-06-17 10:08:00,1900,1900,1900,1900,0
2022-06-17 10:09:00,1900,1900,1900,1900,0
2022-06-17 10:10:00,1900,1900,1900,1900,0
2022-06-17 10:11:00,1900,1900,1900,1900,0
2022-06-17 10:12:00,1900,1900,1900,1900,0
2022-06-17 10:13:00,1900,1900,1900,1900,0
2022-06-17 10:14:00,1900,1900,1900,1900,0
2022-06-17 10:15:00,1900,1900,1900,1900,0
2022-06-17 10:16:00,1900,1900,1900,1900,0
2022-06-17 10:17:00,1900,1900,1900,1900,0
2022-06-17 10:18:00,1900,1900,1900,1900,0
2022-06-17 10:19:00,1900,1900,1900,1900,0
2022-06-17 10:20:00,1900,1900,1900,1900,0
2022-06-17 10:21:00,1900,1900,1900,1900,0
2022-06-17 10:22:00,1900,1900,1900,1900,0
2022-06-17 10:23:00,1900,1900,1900,1900,0
2022-06-17 10:24:00,1900,1900,1900,1900,0
2022-06-17 10:25:00,1900,1900,1900,1900,0
2022-06-17 10:26:00,1900,1900,1900,1900,0
2022-06-17 10:27:00,1900,1900,1900,1900,0
2022-06-17 10:28:00,1900,1900,1900,1900,0
2022-06-17 10:29:00,1900,1900,1900,1900,0
2022-06-17 10:30:00,1900,1900,1900,1900,0
2022-06-17 10:31:00,1900,1900,1900,1900,0
2022-06-17 10:32:00,1900,1900,1900,1900,0
2022-06-17 10:33:00,1900,1900,1900,1900,0
2022-06-17 10:34:00,1900,1900,1900,1900,0
2022-06-17 10:35:00,1900,1900,1900,1900,0
2022-06-17 10:36:00,1900,1900,1900,1900,0
2022-06-17 10:37:00,1900,1900,1900,1900,0
2022-06-17 10:38:00,1900,1900,1900,1900,0
2022-06-17 10:39:00,1900,1900,1900,1900,0
2022-06-17 10:40:00,1900,1900,1900,1900,0
2022-06-17 10:41:00,1900,1900,1900,1900,0
2022-06-17 10:42:00,1900,1900,1900,1900,0
2022-06-17 10:43:00,1900,1900,1900,1900,0
2022-06-17 10:44:00,1900,1900,1900,1900,0
2022-06-17 10:45:00,1900,1900,1900,1900,0
2022-06-17 10:46:00,1900,1900,1900,1900,0
2022-06-17 10:47:00,1900,1900,1900,1900,0
2022-06-17 10:48:00,1900,1900,1900,1900,0
2022-06-17 10:49:00,1900,1900,1900,1900,0
2022-06-17 10:50:00,1900,1900,1900,1900,0
2022-06-17 10:51:00,1900,1900,1900,1900,0
2022-06-17 10:52:00,1900,1900,1900,1900,0
2022-06-17 10:53:00,1900,1900,1900,1900,0
2022-06-17 10:54:00,1900,1900,1900,1900,0
2022-06-17 10:55:00,1900,1900,1900,1900,0
2022-06-17 10:56:00,1900,1900,1900,1900,0
2022-06-17 10:57:00,1900,1900,1900,1900,0
2022-06-17 10:58:00,1900,1900,1900,1900,0
2022-06-17 10:59:00,1900,1900,1900,1900,0
2022-06-17 11:00:00,1900,1900,1900,1900,0
2022-06-17 11:01:00,1900,1900,1900,1900,0
2022-06-17 11:02:00,1900,1900,1900,1900,0
2022-06-17 11:03:00,1900,1900,1900,1900,0
2022-06-17 11:04:00,1900,1900,1900,1900,0
2022-06-17 11:05:00,1900,1900,1900,1900,0
2022-06-17 11:06:00,1900,1900,1900,1900,0
2022-06-17 11:07:00,1900,1900,1900,1900,0
2022-06-17 11:08:00,1900,1900,1900,1900,0
2022-06-17 11:09:00,1900,1900,1900,1900,0
2022-06-17 11:10:00,1900,1900,1900,1900,0
2022-06-17 11:11:00,1900,1900,1900,1900,0
2022-06-17 11:12:00,1900,1900,1900,1900,0
2022-06-17 11:13:00,1900,1900,1900,1900,0
2022-06-17 11:14:00,1900,1900,1900,1900,0
2022-06-17 11:15:00,1900,1900,1900,1900,0
2022-06-17 11:16:00,1900,1900,1900,1900,0
2022-06-17 11:17:00,1900,1900,1900,1900,0
2022-06-17 11:18:00,1900,1900,1900,1900,0
2022-06-17 11:19:00,1900,1900,1900,1900,0
2022-06-17 11:20:00,1900,1900,1900,1900,0
2022-06-17 11:21:00,1900,1900,1900,1900,0
2022-06-17 11:22:00,1900,1900,1900,1900,0
2022-06-17 11:23:00,1900,1900,1900,1900,0
2022-06-17 11:24:00,1900,1900,1900,1900,0
2022-06-17 11:25:00,1900,1900,1900,1900,0
2022-06-17 11:26:00,1900,1900,1900,1900,0
2022-06-17 11:27:00,1900,1900,1900,1900,0
2022-06-17 11:28:00,1900,1900,1900,1900,0
2022-06-17 11:29:00,1900,1900,1900,1900,0
2022-06-17 11:30:00,1900,1900,1900,1900,0
2022-06-17 11:31:00,1900,1900,1900,1900,0
2022-06-17 11:32:00,1900,1900,1900,1900,0
2022-06-17 11:33:00,1900,1900,1900,1900,0
2022-06-17 11:34:00,1900,1900,1900,1900,0
2022-06-17 11:35:00,1900,1900,1900,1900,0
2022-06-17 11:36:00,1900,1900,1900,1900,0
2022-06-17 11:37:00,1900,1900,1900,1900,0
2022-06-17 11:38:00,1900,1900,1900,1900,0
2022-06-17 11:39:00,1900,1900,1900,1900,0
2022-06-17 11:40:00,1900,1900,1900,1900,0
2022-06-17 11:41:00,1900,1900,1900,1900,0
2022-06-17 11:42:00,1900,1900,1900,1900,0
2022-06-17 11:43:00,1900,1900,1900,1900,0
2022-06-17 11:44:00,1900,1900,1900,1900,0
2022-06-17 11:45:00,1900,1900,1900,1900,0
2022-06-17 11:46:00,1900,1900,1900,1900,0
2022-06-17 11:47:00,1900,1900,1900,1900,0
2022-06-17 11:48:00,1900,1900,1900,1900,0
2022-06-17 11:49:00,1900,1900,1900,1900,0
2022-06-17 11:50:00,1900,1900,1900,1900,0
2022-06-17 11:51:00,1900,1900,1900,1900,0
2022-06-17 11:52:00,1900,1900,1900,1900,0
2022-06-17 11:53:00,1900,1900,1900,1900,0
2022-06-17 11:54:00,1900,1900,1900,1900,0
2022-06-17 11:55:00,1900,1900,1900,1900,0
2022-06-17 11:56:00,1900,1900,1900,1900,0
2022-06-17 11:57:00,1900,1900,1900,1900,0
2022-06-17 11:58:00,1900,1900,1900,1900,0
2022-06-17 11:59:00,1900,1900,1900,1900,0
2022-06-17 12:00:00,1900,1900,1900,1900,0
2022-06-17 12:01:00,1900,1900,1900,1900,0
2022-06-17 12:02:00,1900,1900,1900,1900,0
2022-06-17 12:03:00,1900,1900,1900,1900,0
2022-06-17 12:04:00,1900,1900,1900,1900,0
2022-06-17 12:05:00,1900,1900,1900,1900,0
2022-06-17 12:06:00,1900,1900,1900,1900,0
2022-06-17 12:07:00,1900,1900,1900,1900,0
2022-06-17 12:08:00,1900,1900,1900,1900,0
2022-06-17 12:09:00,1900,1900,1900,1900,0
2022-06-17 12:10:00,1900,1900,1900,1900,0
2022-06-17 12:11:00,1900,1900,1900,1900,0
2022-06-17 12:12:00,1900,1900,1900,1900,0
2022-06-17 12:13:00,1900,1900,1900,1900,0
2022-06-17 12:14:00,1900,1900,1900,1900,0
2022-06-17 12:15:00,1900,1900,1900,1900,0
2022-06-17 12:16:00,1900,1900,1900,1900,0
2022-06-17 12:17:00,1900,1900,1900,1900,0
2022-06-17 12:18:00,1900,1900,1900,1900,0
2022-06-17 12:19:00,1900,1900,1900,1900,0
2022-06-17 12:20:00,1900,1900,1900,1900,0
2022-06-17 12:21:00,1900,1900,1900,1900,0
2022-06-17 12:22:00,1900,1900,1900,1900,0
2022-06-17 12:23:00,1900,1900,1900,1900,0
2022-06-17 12:24:00,1900,1900,1900,1900,0
2022-06-17 12:25:00,1900,1900,1900,1900,0
2022-06-17 12:26:00,1900,1900,1900,1900,0
2022-06-17 12:27:00,1900,1900,1900,1900,0
2022-06-17 12:28:00,1900,1900,1900,1900,0
2022-06-17 12:29:00,1900,1900,1900,1900,0
2022-06-17 12:30:00,1900,1900,1900,1900,0
2022-06-17 12:31:00,1900,1900,1900,1900,0
2022-06-17 12:32:00,1900,1900,1900,1900,0
2022-06-17 12:33:00,1900,1900,1900,1900,0
2022-06-17 12:34:00,1900,1900,1900,1900,0
2022-06-17 12:35:00,1900,1900,1900,1900,0
2022-06-17 12:36:00,1900,1900,1900,1900,0
2022-06-17 12:37:00,1900,1900,1900,1900,0
2022-06-17 12:38:00,1900,1900,1900,1900,0
2022-06-17 12:39:00,1900,1900,1900,1900,0
2022-06-17 12:40:00,1900,1900,1900,1900,0
2022-06-17 12:41:00,1900,1900,1900,1900,0
2022-06-17 12:42:00,1900,1900,1900,1900,0
2022-06-17 12:43:00,1900,1900,1900,1900,0
2022-06-17 12:44:00,1900,1900,1900,1900,0
2022-06-17 12:45:00,1900,1900,1900,1900,0
2022-06-17 12:46:00,1900,1900,1900,1900,0
2022-06-17 12:47:00,1900,1900,1900,1900,0
2022-06-17 12:48:00,1900,1900,1900,1900,0
2022-06-17 12:49:00,1900,1900,1900,1900,0
2022-06-17 12:50:00,1900,1900,1900,1900,0
2022-06-17 12:51:00,1900,1900,1900,1900,0
2022-06-17 12:52:00,1900,1900,1900,1900,0
2022-06-17 12:53:00,1900,1900,1900,1900,0
2022-06-17 12:54:00,1900,1900,1900,1900,0
2022-06-17 12:55:00,1900,1900,1900,1900,0
2022-06-17 12:56:00,1900,1900,1900,1900,0
2022-06-17 12:57:00,1900,1900,1900,1900,0
2022-06-17 12:58:00,1900,1900,1900,1900,0
2022-06-17 12:59:00,1900,1900,1900,1900,0
2022-06-17 13:00:00,1900,1900,1900,1900,0
2022-06-17 13:01:00,1900,1900,1900,1900,0
2022-06-17 13:02:00,1900,1900,1900,1900,0
2022-06-17 13:03:00,1900,1900,1900,1900,0
2022-06-17 13:04:00,1900,1900,1900,1900,0
2022-06-17 13:05:00,1900,1900,1900,1900,0
2022-06-17 13:06:00,1900,1900,1900,1900,0
2022-06-17 13:07:00,1900,1900,1900,1900,0
2022-06-17 13:08:00,1900,1900,1900,1900,0
2022-06-17 13:09:00,1900,1900,1900,1900,0
2022-06-17 13:10:00,1900,1900,1900,1900,0
2022-06-17 13:11:00,1900,1900,1900,1900,0
2022-06-17 13:12:00,1900,1900,1900,1900,0
2022-06-17 13:13:00,1900,1900,1900,1900,0
2022-06-17 13:14:00,1900,1900,1900,1900,0
2022-06-17 13:15:00,1900,1900,1900,1900,0
2022-06-17 13:16:00,1900,1900,1900,1900,0
2022-06-17 13:17:00,1900,1900,1900,1900,0
2022-06-17 13:18:00,1900,1900,1900,1900,0
2022-06-17 13:19:00,1900,1900,1900,1900,0
2022-06-17 13:20:00,1900,1900,1900,1900,0
2022-06-17 13:21:00,1900,1900,1900,1900,0
2022-06-17 13:22:00,1900,1900,1900,1900,0
2022-06-17 13:23:00,1900,1900,1900,1900,0
2022-06-17 13:24:00,1900,1900,1900,1900,0
2022-06-17 13:25:00,1900,1900,1900,1900,0
2022-06-17 13:26:00,1900,1900,1900,1900,0
2022-06-17 13:27:00,1900,1900,1900,1900,0
2022-06-17 13:28:00,1900,1900,1900,1900,0
2022-06-17 13:29:00,1900,1900,1900,1900,0
2022-06-17 13:30:00,1900,1900,1900,1900,0
2022-06-17 13:31:00,1900,1900,1900,1900,0
2022-06-17 13:32:00,1900,1900,1900,1900,0
2022-06-17 13:33:00,1900,1900,1900,1900,0
2022-06-17 13:34:00,1900,1900,1900,1900,0
2022-06-17 13:35:00,1900,1900,1900,1900,0
2022-06-17 13:36:00,1900,1900,1900,1900,0
2022-06-17 13:37:00,1900,1900,1900,1900,0
2022-06-17 13:38:00,1900,1900,1900,1900,0
2022-06-17 13:39:00,1900,1900,1900,1900,0
2022-06-17 13:40:00,1900,1900,1900,1900,0
2022-06-17 13:41:00,1900,1900,1900,1900,0
2022-06-17 13:42:00,1900,1900,1900,1900,0
2022-06-17 13:43:00,1900,1900,1900,1900,0
2022-06-17 13:44:00,1900,1900,1900,1900,0
2022-06-17 13:45:00,1900,1900,1900,1900,0
2022-06-17 13:46:00,1900,1900,1900,1900,0
2022-06-17 13:47:00,1900,1900,1900,1900,0
2022-06-17 13:48:00,1900,1900,1900,1900,0
2022-06-17 13:49:00,1900,1900,1900,1900,0
2022-06-17 13:50:00,1900,1900,1900,1900,0
2022-06-17 13:51:00,1900,1900,1900,1900,0
2022-06-17 13:52:00,1900,1900,1900,1900,0
2022-06-17 13:53:00,1900,1900,1900,1900,0
2022-06-17 13:54:00,1900,1900,1900,1900,0
2022-06-17 13:55:00,1900,1900,1900,1900,0
2022-06-17 13:56:00,1900,1900,1900,1900,0
2022-06-17 13:57:00,1900,1900,1900,1900,0
2022-06-17 13:58:00,1900,1900,1900,1900,0
2022-06-17 13:59:00,1900,1900,1900,1900,0
2022-06-17 14:00:00,1900,1900,1900,1900,0
2022-06-17 14:01:00,1900,1900,1900,1900,0
2022-06-17 14:02:00,1900,1900,1900,1900,0
2022-06-17 14:03:00,1900,1900,1900,1900,0
2022-06-17 14:04:00,1900,1900,1900,1900,0
2022-06-17 14:05:00,1900,1900,1900,1900,0
2022-06-17 14:06:00,1900,1900,1900,1900,0
2022-06-17 14:07:00,1900,1900,1900,1900,0
2022-06-17 14:08:00,1900,1900,1900,1900,0
2022-06-17 14:09:00,1900,1900,1900,1900,0
2022-06-17 14:10:00,1900,1900,1900,1900,0
2022-06-17 14:11:00,1900,1900,1900,1900,0
2022-06-17 14:12:00,1900,1900,1900,1900,0
2022-06-17 14:13:00,1900,1900,1900,1900,0
2022-06-17 14:14:00,1900,1900,1900,1900,0
2022-06-17 14:15:00,1900,1900,1900,1900,0
2022-06-17 14:16:00,1900,1900,1900,1900,0
2022-06-17 14:17:00,1900,1900,1900,1900,0
2022-06-17 14:18:00,1900,1900,1900,1900,0
2022-06-17 14:19:00,1900,1900,1900,1900,0
2022-06-17 14:20:00,1900,1900,1900,1900,0
2022-06-17 14:21:00,1900,1900,1900,1900,0
2022-06-17 14:22:00,1900,1900,1900,1900,0
2022-06-17 14:23:00,1900,1900,1900,1900,0
2022-06-17 14:24:00,1900,1900,1900,1900,0
2022-06-17 14:25:00,1900,1900,1900,1900,0
2022-06-17 14:26:00,1900,1900,1900,1900,0
2022-06-17 14:27:00,1900,1900,1900,1900,0
2022-06-17 14:28:00,1900,1900,1900,1900,0
2022-06-17 14:29:00,1900,1900,1900,1900,0
2022-06-17 14:30:00,1900,1900,1900,1900,0
2022-06-17 14:31:00,1900,1900,1900,1900,0
2022-06-17 14:32:00,1900,1900,1900,1900,0
2022-06-17 14:33:00,1900,1900,1900,1900,0
2022-06-17 14:34:00,1900,1900,1900,1900,0
2022-06-17 14:35:00,1900,1900,1900,1900,0
2022-06-17 14:36:00,1900,1900,1900,1900,0
2022-06-17 14:37:00,1900,1900,1900,1900,0
2022-06-17 14:38:00,1900,1900,1900,1900,0
2022-06-17 14:39:00,1900,1900,1900,1900,0
2022-06-17 14:40:00,1900,1900,1900,1900,0
2022-06-17 14:41:00,1900,1900,1900,1900,0
2022-06-17 14:42:00,1900,1900,1900,1900,0
2022-06-17 14:43:00,1900,1900,1900,1900,0
2022-06-17 14:44:00,1900,1900,1900,1900,0
2022-06-17 14:45:00,1900,1900,1900,1900,0
2022-06-17 14:46:00,1900,1900,1900,1900,0
2022-06-17 14:47:00,1900,1900,1900,1900,0
2022-06-17 14:48:00,1900,1900,1900,1900,0
2022-06-17 14:49:00,1900,1900,1900,1900,0
2022-06-17 14:50:00,1900,1900,1900,1900,0
2022-06-17 14:51:00,1900,1900,1900,1900,0
2022-06-17 14:52:00,1900,1900,1900,1900,0
2022-06-17 14:53:00,1900,1900,1900,1900,0
2022-06-17 14:54:00,1900,1900,1900,1900,0
2022-06-17 14:55:00,1900,1900,1900,1900,0
2022-06-17 14:56:00,1900,1900,1900,1900,0
2022-06-17 14:57:00,1900,1900,1900,1900,0
2022-06-17 14:58:00,1900,1900,1900,1900,0
2022-06-17 14:59:00,1900,1900,1900,1900,0
2022-06-17 15:00:00,1900,1900,1900,1900,0
2022-06-17 15:01:00,1900,1900,1900,1900,0
2022-06-17 15:02:00,1900,1900,1900,1900,0
2022-06-17 15:03:00,1900,1900,1900,1900,0
2022-06-17 15:04:00,1900,1900,1900,1900,0
2022-06-17 15:05:00,1900,1900,1900,1900,0
2022-06-17 15:06:00,1900,1900,1900,1900,0
2022-06-17 15:07:00,1900,1900,1900,1900,0
2022-06-17 15:08:00,1900,1900,1900,1900,0
2022-06-17 15:09:00,1900,1900,1900,1900,0
2022-06-17 15:10:00,1900,1900,1900,1900,0
2022-06-17 15:11:00,1900,1900,1900,1900,0
2022-06-17 15:12:00,1900,1900,1900,1900,0
2022-06-17 15:13:00,1900,1900,1900,1900,0
2022-06-17 15:14:00,1900,1900,1900,1900,0
2022-06-17 15:15:00,1900,1900,1900,1900,0
2022-06-17 15:16:00,1900,1900,1900,1900,0
2022-06-17 15:17:00,1900,1900,1900,1900,0
2022-06-17 15:18:00,1900,1900,1900,1900,0
2022-06-17 15:19:00,1900,1900,1900,1900,0
2022-06-17 15:20:00,1900,1900,1900,1900,0
2022-06-17 15:21:00,1900,1900,1900,1900,0
2022-06-17 15:22:00,1900,1900,1900,1900,0
2022-06-17 15:23:00,1900,1900,1900,1900,0
2022-06-17 15:24:00,1900,1900,1900,1900,0
2022-06-17 15:25:00,1900,1900,1900,1900,0
2022-06-17 15:26:00,1900,1900,1900,1900,0
2022-06-17 15:27:00,1900,1900,1900,1900,0
2022-06-17 15:28:00,1900,1900,1900,1900,0
2022-06-17 15:29:00,1900,1900,1900,1900,0
2022-06-17 15:30:00,1900,1900,1900,1900,0
2022-06-17 15:31:00,1900,1900,1900,1900,0
2022-06-17 15:32:00,1900,1900,1900,1900,0
2022-06-17 15:33:00,1900,1900,1900,1900,0
2022-06-17 15:34:00,1900,1900,1900,1900,0
2022-06-17 15:35:00,1900,1900,1900,1900,0
2022-06-17 15:36:00,1900,1900,1900,1900,0
2022-06-17 15:37:00,1900,1900,1900,1900,0
2022-06-17 15:38:00,1900,1900,1900,1900,0
2022-06-17 15:39:00,1900,1900,1900,1900,0
2022-06-17 15:40:00,1900,1900,1900,1900,0
2022-06-17 15:41:00,1900,1900,1900,1900,0
2022-06-17 15:42:00,1900,1900,1900,1900,0
2022-06-17 15:43:00,1900,1900,1900,1900,0
2022-06-17 15:44:00,1900,1900,1900,1900,0
2022-06-17 15:45:00,1900,1900,1900,1900,0
2022-06-17 15:46:00,1900,1900,1900,1900,0
2022-06-17 15:47:00,1900,1900,1900,1900,0
2022-06-17 15:48:00,1900,1900,1900,1900,0
2022-06-17 15:49:00,1900,1900,1900,1900,0
2022-06-17 15:50:00,1900,1900,1900,1900,0
2022-06-17 15:51:00,1900,1900,1900,1900,0
2022-06-17 15:52:00,1900,1900,1900,1900,0
2022-06-17 15:53:00,1900,1900,1900,1900,0
2022-06-17 15:54:00,1900,1900,1900,1900,0
2022-06-17 15:55:00,1900,1900,1900,1900,0
2022-06-17 15:56:00,1900,1900,1900,1900,0
2022-06-17 15:57:00,1900,1900,1900,1900,0
2022-06-17 15:58:00,1900,1900,1900,1900,0
2022-06-17 15:59:00,1900,1900,1900,1900,0
2022-06-20 09:00:00,1895,1895,1895,1895,0
2022-06-20 09:01:00,1895,1895,1895,1895,0
2022-06-20 09:02:00,1895,1895,1895,1895,0
2022-06-20 09:03:00,1895,1895,1895,1895,0
2022-06-20 09:04:00,1895,1895,1895,1895,0
2022-06-20 09:05:00,1895,1895,1895,1895,0
2022-06-20 09:06:00,1895,1895,1895,1895,0
2022-06-20 09:07:00,1895,1895,1895,1895,0
2022-06-20 09:08:00,1895,1895,1895,1895,0
2022-06-20 09:09:00,1895,1895,1895,1895,0
2022-06-20 09:10:00,1895,1895,1895,1895,0
2022-06-20 09:11:00,1895,1895,1895,1895,0
2022-06-20 09:12:00,1895,1895,1895,1895,0
2022-06-20 09:13:00,1895,1895,1895,1895,0
2022-06-20 09:14:00,1895,1895,1895,1895,0
2022-06-20 09:15:00,1895,1895,1895,1895,0
2022-06-20 09:16:00,1895,1895,1895,1895,0
2022-06-20 09:17:00,1895,1895,1895,1895,0
2022-06-20 09:18:00,1895,1895,1895,1895,0
2022-06-20 09:19:00,1895,1895,1895,1895,0
2022-06-20 09:20:00,1895,1895,1895,1895,0
2022-06-20 09:21:00,1895,1895,1895,1895,0
2022-06-20 09:22:00,1895,1895,1895,1895,0
2022-06-20 09:23:00,1895,1895,1895,1895,0
2022-06-20 09:24:00,1895,1895,1895,1895,0
2022-06-20 09:25:00,1895,1895,1895,1895,0
2022-06-20 09:26:00,1895,1895,1895,1895,0
2022-06-20 09:27:00,1895,1895,1895,1895,0
2022-06-20 09:28:00,1895,1895,1895,1895,0
2022-06-20 09:29:00,1895,1895,1895,1895,0
2022-06-20 09:30:00,1895,1895,1895,1895,0
2022-06-20 09:31:00,1895,1895,1895,1895,0
2022-06-20 09:32:00,1895,1895,1895,1895,0
2022-06-20 09:33:00,1895,1895,1895,1895,0
2022-06-20 09:34:00,1895,1895,1895,1895,0
2022-06-20 09:35:00,1895,1895,1895,1895,0
2022-06-20 09:36:00,1895,1895,1895,1895,0
2022-06-20 09:37:00,1895,1895,1895,1895,0
2022-06-20 09:38:00,1895,1895,1895,1895,0
2022-06-20 09:39:00,1895,1895,1895,1895,0
2022-06-20 09:40:00,1895,1895,1895,1895,0
2022-06-20 09:41:00,1895,1895,1895,1895,0
2022-06-20 09:42:00,1895,1895,1895,1895,0
2022-06-20 09:43:00,1895,1895,1895,1895,0
2022-06-20 09:44:00,1895,1895,1895,1895,0
2022-06-20 09:45:00,1895,1895,1895,1895,0
2022-06-20 09:46:00,1895,1895,1895,1895,0
2022-06-20 09:47:00,1895,1895,1895,1895,0
2022-06-20 09:48:00,1895,1895,1895,1895,0
2022-06-20 09:49:00,1895,1895,1895,1895,0
2022-06-20 09:50:00,1895,1895,1895,1895,0
2022-06-20 09:51:00,1895,1895,1895,1895,0
2022-06-20 09:52:00,1895,1895,1895,1895,0
2022-06-20 09:53:00,1895,1895,1895,1895,0
2022-06-20 09:54:00,1895,1895,1895,1895,0
2022-06-20 09:55:00,1895,1895,1895,1895,0
2022-06-20 09:56:00,1895,1895,1895,1895,0
2022-06-20 09:57:00,1895,1895,1895,1895,0
2022-06-20 09:58:00,1895,1895,1895,1895,0
2022-06-20 09:59:00,1895,1895,1895,1895,0
2022-06-20 10:00:00,1895,1895,1895,1895,0
2022-06-20 10:01:00,1895,1895,1895,1895,0
2022-06-20 10:02:00,1895,1895,1895,1895,0
2022-06-20 10:03:00,1895,1895,1895,1895,0
2022-06-20 10:04:00,1895,1895,1895,1895,0
2022-06-20 10:05:00,1895,1895,1895,1895,0
2022-06-20 10:06:00,1895,1895,1895,1895,0
2022-06-20 10:07:00,1895,1895,1895,1895,0
2022-06-20 10:08:00,1895,1895,1895,1895,0
2022-06-20 10:09:00,1895,1895,1895,1895,0
2022-06-20 10:10:00,1895,1895,1895,1895,0
2022-06-20 10:11:00,1895,1895,1895,1895,0
2022-06-20 10:12:00,1895,1895,1895,1895,0
2022-06-20 10:13:00,1895,1895,1895,1895,0
2022-06-20 10:14:00,1895,1895,1895,1895,0
2022-06-20 10:15:00,1895,1895,1895,1895,0
2022-06-20 10:16:00,1895,1895,1895,1895,0
2022-06-20 10:17:00,1895,1895,1895,1895,0
2022-06-20 10:18:00,1895,1895,1895,1895,0
2022-06-20 10:19:00,1895,1895,1895,1895,0
2022-06-20 10:20:00,1895,1895,1895,1895,0
2022-06-20 10:21:00,1895,1895,1895,1895,0
2022-06-20 10:22:00,1895,1895,1895,1895,0
2022-06-20 10:23:00,1895,1895,1895,1895,0
2022-06-20 10:24:00,1895,1895,1895,1895,0
2022-06-20 10:25:00,1895,1895,1895,1895,0
2022-06-20 10:26:00,1895,1895,1895,1895,0
2022-06-20 10:27:00,1895,1895,1895,1895,0
2022-06-20 10:28:00,1895,1895,1895,1895,0
2022-06-20 10:29:00,1895,1895,1895,1895,0
2022-06-20 10:30:00,1895,1895,1895,1895,0
2022-06-20 10:31:00,1895,1895,1895,1895,0
2022-06-20 10:32:00,1895,1895,1895,1895,0
2022-06-20 10:33:00,1895,1895,1895,1895,0
2022-06-20 10:34:00,1895,1895,1895,1895,0
2022-06-20 10:35:00,1895,1895,1895,1895,0
2022-06-20 10:36:00,1895,1895,1895,1895,0
2022-06-20 10:37:00,1895,1895,1895,1895,0
2022-06-20 10:38:00,1895,1895,1895,1895,0
2022-06-20 10:39:00,1895,1895,1895,1895,0
2022-06-20 10:40:00,1895,1895,1895,1895,0
2022-06-20 10:41:00,1895,1895,1895,1895,0
2022-06-20 10:42:00,1895,1895,1895,1895,0
2022-06-20 10:43:00,1895,1895,1895,1895,0
2022-06-20 10:44:00,1895,1895,1895,1895,0
2022-06-20 10:45:00,1895,1895,1895,1895,0
2022-06-20 10:46:00,1895,1895,1895,1895,0
2022-06-20 10:47:00,1895,1895,1895,1895,0
2022-06-20 10:48:00,1895,1895,1895,1895,0
2022-06-20 10:49:00,1895,1895,1895,1895,0
2022-06-20 10:50:00,1895,1895,1895,1895,0
2022-06-20 10:51:00,1895,1895,1895,1895,0
2022-06-20 10:52:00,1895,1895,1895,1895,0
2022-06-20 10:53:00,1895,1895,1895,1895,0
2022-06-20 10:54:00,1895,1895,1895,1895,0
2022-06-20 10:55:00,1895,1895,1895,1895,0
2022-06-20 10:56:00,1895,1895,1895,1895,0
2022-06-20 10:57:00,1895,1895,1895,1895,0
2022-06-20 10:58:00,1895,1895,1895,1895,0
2022-06-20 10:59:00,1895,1895,1895,1895,0
2022-06-20 11:00:00,1895,1895,1895,1895,0
2022-06-20 11:01:00,1895,1895,1895,1895,0
2022-06-20 11:02:00,1895,1895,1895,1895,0
2022-06-20 11:03:00,1895,1895,1895,1895,0
2022-06-20 11:04:00,1895,1895,1895,1895,0
2022-06-20 11:05:00,1895,1895,1895,1895,0
2022-06-20 11:06:00,1895,1895,1895,1895,0
2022-06-20 11:07:00,1895,1895,1895,1895,0
2022-06-20 11:08:00,1895,1895,1895,1895,0
2022-06-20 11:09:00,1895,1895,1895,1895,0
2022-06-20 11:10:00,1895,1895,1895,1895,0
2022-06-20 11:11:00,1895,1895,1895,1895,0
2022-06-20 11:12:00,1895,1895,1895,1895,0
2022-06-20 11:13:00,1895,1895,1895,1895,0
2022-06-20 11:14:00,1895,1895,1895,1895,0
2022-06-20 11:15:00,1895,1895,1895,1895,0
2022-06-20 11:16:00,1895,1895,1895,1895,0
2022-06-20 11:17:00,1895,1895,1895,1895,0
2022-06-20 11:18:00,1895,1895,1895,1895,0
2022-06-20 11:19:00,1895,1895,1895,1895,0
2022-06-20 11:20:00,1895,1895,1895,1895,0
2022-06-20 11:21:00,1895,1895,1895,1895,0
2022-06-20 11:22:00,1895,1895,1895,1895,0
2022-06-20 11:23:00,1895,1895,1895,1895,0
2022-06-20 11:24:00,1895,1895,1895,1895,0
2022-06-20 11:25:00,1895,1895,1895,1895,0
2022-06-20 11:26:00,1895,1895,1895,1895,0
2022-06-20 11:27:00,1895,1895,1895,1895,0
2022-06-20 11:28:00,1895,1895,1895,1895,0
2022-06-20 11:29:00,1895,1895,1895,1895,0
2022-06-20 11:30:00,1895,1895,1895,1895,0
2022-06-20 11:31:00,1895,1895,1895,1895,0
2022-06-20 11:32:00,1895,1895,1895,1895,0
2022-06-20 11:33:00,1895,1895,1895,1895,0
2022-06-20 11:34:00,1895,1895,1895,1895,0
2022-06-20 11:35:00,1895,1895,1895,1895,0
2022-06-20 11:36:00,1895,1895,1895,1895,0
2022-06-20 11:37:00,1895,1895,1895,1895,0
2022-06-20 11:38:00,1895,1895,1895,1895,0
2022-06-20 11:39:00,1895,1895,1895,1895,0
2022-06-20 11:40:00,1895,1895,1895,1895,0
2022-06-20 11:41:00,1895,1895,1895,1895,0
2022-06-20 11:42:00,1895,1895,1895,1895,0
2022-06-20 11:43:00,1895,1895,1895,1895,0
2022-06-20 11:44:00,1895,1895,1895,1895,0
2022-06-20 11:45:00,1895,1895,1895,1895,0
2022-06-20 11:46:00,1895,1895,1895,1895,0
2022-06-20 11:47:00,1895,1895,1895,1895,0
2022-06-20 11:48:00,1895,1895,1895,1895,0
2022-06-20 11:49:00,1895,1895,1895,1895,0
2022-06-20 11:50:00,1895,1895,1895,1895,0
2022-06-20 11:51:00,1895,1895,1895,1895,0
2022-06-20 11:52:00,1895,1895,1895,1895,0
2022-06-20 11:53:00,1895,1895,1895,1895,0
2022-06-20 11:54:00,1895,1895,1895,1895,0
2022-06-20 11:55:00,1895,1895,1895,1895,0
2022-06-20 11:56:00,1895,1895,1895,1895,0
2022-06-20 11:57:00,1895,1895,1895,1895,0
2022-06-20 11:58:00,1895,1895,1895,1895,0
2022-06-20 11:59:00,1895,1895,1895,1895,0
2022-06-20 12:00:00,1895,1895,1895,1895,0
2022-06-20 12:01:00,1895,1895,1895,1895,0
2022-06-20 12:02:00,1895,1895,1895,1895,0
2022-06-20 12:03:00,1895,1895,1895,1895,0
2022-06-20 12:04:00,1895,1895,1895,1895,0
2022-06-20 12:05:00,1895,1895,1895,1895,0
2022-06-20 12:06:00,1895,1895,1895,1895,0
2022-06-20 12:07:00,1895,1895,1895,1895,0
2022-06-20 12:08:00,1895,1895,1895,1895,0
2022-06-20 12:09:00,1895,1895,1895,1895,0
2022-06-20 12:10:00,1895,1895,1895,1895,0
2022-06-20 12:11:00,1895,1895,1895,1895,0
2022-06-20 12:12:00,1895,1895,1895,1895,0
2022-06-20 12:13:00,1895,1895,1895,1895,0
2022-06-20 12:14:00,1895,1895,1895,1895,0
2022-06-20 12:15:00,1895,1895,1895,1895,0
2022-06-20 12:16:00,1895,1895,1895,1895,0
2022-06-20 12:17:00,1895,1895,1895,1895,0
2022-06-20 12:18:00,1895,1895,1895,1895,0
2022-06-20 12:19:00,1895,1895,1895,1895,0
2022-06-20 12:20:00,1895,1895,1895,1895,0
2022-06-20 12:21:00,1895,1895,1895,1895,0
2022-06-20 12:22:00,1895,1895,1895,1895,0
2022-06-20 12:23:00,1895,1895,1895,1895,0
2022-06-20 12:24:00,1895,1895,1895,1895,0
2022-06-20 12:25:00,1895,1895,1895,1895,0
2022-06-20 12:26:00,1895,1895,1895,1895,0
2022-06-20 12:27:00,1895,1895,1895,1895,0
2022-06-20 12:28:00,1895,1895,1895,1895,0
2022-06-20 12:29:00,1895,1895,1895,1895,0
2022-06-20 12:30:00,1895,1895,1895,1895,0
2022-06-20 12:31:00,1895,1895,1895,1895,0
2022-06-20 12:32:00,1895,1895,1895,1895,0
2022-06-20 12:33:00,1895,1895,1895,1895,0
2022-06-20 12:34:00,1895,1895,1895,1895,0
2022-06-20 12:35:00,1895,1895,1895,1895,0
2022-06-20 12:36:00,1895,1895,1895,1895,0
2022-06-20 12:37:00,1895,1895,1895,1895,0
2022-06-20 12:38:00,1895,1895,1895,1895,0
2022-06-20 12:39:00,1895,1895,1895,1895,0
2022-06-20 12:40:00,1895,1895,1895,1895,0
2022-06-20 12:41:00,1895,1895,1895,1895,0
2022-06-20 12:42:00,1895,1895,1895,1895,0
2022-06-20 12:43:00,1895,1895,1895,1895,0
2022-06-20 12:44:00,1895,1895,1895,1895,0
2022-06-20 12:45:00,1895,1895,1895,1895,0
2022-06-20 12:46:00,1895,1895,1895,1895,0
2022-06-20 12:47:00,1895,1895,1895,1895,0
2022-06-20 12:48:00,1895,1895,1895,1895,0
2022-06-20 12:49:00,1895,1895,1895,1895,0
2022-06-20 12:50:00,1895,1895,1895,1895,0
2022-06-20 12:51:00,1895,1895,1895,1895,0
2022-06-20 12:52:00,1895,1895,1895,1895,0
2022-06-20 12:53:00,1895,1895,1895,1895,0
2022-06-20 12:54:00,1895,1895,1895,1895,0
2022-06-20 12:55:00,1895,1895,1895,1895,0
2022-06-20 12:56:00,1895,1895,1895,1895,0
2022-06-20 12:57:00,1895,1895,1895,1895,0
2022-06-20 12:58:00,1895,1895,1895,1895,0
2022-06-20 12:59:00,1895,1895,1895,1895,0
2022-06-20 13:00:00,1895,1895,1895,1895,0
2022-06-20 13:01:00,1895,1895,1895,1895,0
2022-06-20 13:02:00,1895,1895,1895,1895,0
2022-06-20 13:03:00,1895,1895,1895,1895,0
2022-06-20 13:04:00,1895,1895,1895,1895,0
2022-06-20 13:05:00,1895,1895,1895,1895,0
2022-06-20 13:06:00,1895,1895,1895,1895,0
2022-06-20 13:07:00,1895,1895,1895,1895,0
2022-06-20 13:08:00,1895,1895,1895,1895,0
2022-06-20 13:09:00,1895,1895,1895,1895,0
2022-06-20 13:10:00,1895,1895,1895,1895,0
2022-06-20 13:11:00,1895,1895,1895,1895,0
2022-06-20 13:12:00,1895,1895,1895,1895,0
2022-06-20 13:13:00,1895,1895,1895,1895,0
2022-06-20 13:14:00,1895,1895,1895,1895,0
2022-06-20 13:15:00,1895,1895,1895,1895,0
2022-06-20 13:16:00,1895,1895,1895,1895,0
2022-06-20 13:17:00,1895,1895,1895,1895,0
2022-06-20 13:18:00,1895,1895,1895,1895,0
2022-06-20 13:19:00,1895,1895,1895,1895,0
2022-06-20 13:20:00,1895,1895,1895,1895,0
2022-06-20 13:21:00,1895,1895,1895,1895,0
2022-06-20 13:22:00,1895,1895,1895,1895,0
2022-06-20 13:23:00,1895,1895,1895,1895,0
2022-06-20 13:24:00,1895,1895,1895,1895,0
2022-06-20 13:25:00,1895,1895,1895,1895,0
2022-06-20 13:26:00,1895,1895,1895,1895,0
2022-06-20 13:27:00,1895,1895,1895,1895,0
2022-06-20 13:28:00,1895,1895,1895,1895,0
2022-06-20 13:29:00,1895,1895,1895,1895,0
2022-06-20 13:30:00,1895,1895,1895,1895,0
2022-06-20 13:31:00,1895,1895,1895,1895,0
2022-06-20 13:32:00,1895,1895,1895,1895,0
2022-06-20 13:33:00,1895,1895,1895,1895,0
2022-06-20 13:34:00,1895,1895,1895,1895,0
2022-06-20 13:35:00,1895,1895,1895,1895,0
2022-06-20 13:36:00,1895,1895,1895,1895,0
2022-06-20 13:37:00,1895,1895,1895,1895,0
2022-06-20 13:38:00,1895,1895,1895,1895,0
2022-06-20 13:39:00,1895,1895,1895,1895,0
2022-06-20 13:40:00,1895,1895,1895,1895,0
2022-06-20 13:41:00,1895,1895,1895,1895,0
2022-06-20 13:42:00,1895,1895,1895,1895,0
2022-06-20 13:43:00,1895,1895,1895,1895,0
2022-06-20 13:44:00,1895,1895,1895,1895,0
2022-06-20 13:45:00,1895,1895,1895,1895,0
2022-06-20 13:46:00,1895,1895,1895,1895,0
2022-06-20 13:47:00,1895,1895,1895,1895,0
2022-06-20 13:48:00,1895,1895,1895,1895,0
2022-06-20 13:49:00,1895,1895,1895,1895,0
2022-06-20 13:50:00,1895,1895,1895,1895,0
2022-06-20 13:51:00,1895,1895,1895,1895,0
2022-06-20 13:52:00,1895,1895,1895,1895,0
2022-06-20 13:53:00,1895,1895,1895,1895,0
2022-06-20 13:54:00,1895,1895,1895,1895,0
2022-06-20 13:55:00,1895,1895,1895,1895,0
2022-06-20 13:56:00,1895,1895,1895,1895,0
2022-06-20 13:57:00,1895,1895,1895,1895,0
2022-06-20 13:58:00,1895,1895,1895,1895,0
2022-06-20 13:59:00,1895,1895,1895,1895,0
2022-06-20 14:00:00,1895,1895,1895,1895,0
2022-06-20 14:01:00,1895,1895,1895,1895,0
2022-06-20 14:02:00,1895,1895,1895,1895,0
2022-06-20 14:03:00,1895,1895,1895,1895,0
2022-06-20 14:04:00,1895,1895,1895,1895,0
2022-06-20 14:05:00,1895,1895,1895,1895,0
2022-06-20 14:06:00,1895,1895,1895,1895,0
2022-06-20 14:07:00,1895,1895,1895,1895,0
2022-06-20 14:08:00,1895,1895,1895,1895,0
2022-06-20 14:09:00,1895,1895,1895,1895,0
2022-06-20 14:10:00,1895,1895,1895,1895,0
2022-06-20 14:11:00,1895,1895,1895,1895,0
2022-06-20 14:12:00,1895,1895,1895,1895,0
2022-06-20 14:13:00,1895,1895,1895,1895,0
2022-06-20 14:14:00,1895,1895,1895,1895,0
2022-06-20 14:15:00,1895,1895,1895,1895,0
2022-06-20 14:16:00,1895,1895,1895,1895,0
2022-06-20 14:17:00,1895,1895,1895,1895,0
2022-06-20 14:18:00,1895,1895,1895,1895,0
2022-06-20 14:19:00,1895,1895,1895,1895,0
2022-06-20 14:20:00,1895,1895,1895,1895,0
2022-06-20 14:21:00,1895,1895,1895,1895,0
2022-06-20 14:22:00,1895,1895,1895,1895,0
2022-06-20 14:23:00,1895,1895,1895,1895,0
2022-06-20 14:24:00,1895,1895,1895,1895,0
2022-06-20 14:25:00,1895,1895,1895,1895,0
2022-06-20 14:26:00,1895,1895,1895,1895,0
2022-06-20 14:27:00,1895,1895,1895,1895,0
2022-06-20 14:28:00,1895,1895,1895,1895,0
2022-06-20 14:29:00,1895,1895,1895,1895,0
2022-06-20 14:30:00,1895,1895,1895,1895,0
2022-06-20 14:31:00,1895,1895,1895,1895,0
2022-06-20 14:32:00,1895,1895,1895,1895,0
2022-06-20 14:33:00,1895,1895,1895,1895,0
2022-06-20 14:34:00,1895,1895,1895,1895,0
2022-06-20 14:35:00,1895,1895,1895,1895,0
2022-06-20 14:36:00,1895,1895,1895,1895,0
2022-06-20 14:37:00,1895,1895,1895,1895,0
2022-06-20 14:38:00,1895,1895,1895,1895,0
2022-06-20 14:39:00,1895,1895,1895,1895,0
2022-06-20 14:40:00,1895,1895,1895,1895,0
2022-06-20 14:41:00,1895,1895,1895,1895,0
2022-06-20 14:42:00,1895,1895,1895,1895,0
2022-06-20 14:43:00,1895,1895,1895,1895,0
2022-06-20 14:44:00,1895,1895,1895,1895,0
2022-06-20 14:45:00,1895,1895,1895,1895,0
2022-06-20 14:46:00,1895,1895,1895,1895,0
2022-06-20 14:47:00,1895,1895,1895,1895,0
2022-06-20 14:48:00,1895,1895,1895,1895,0
2022-06-20 14:49:00,1895,1895,1895,1895,0
2022-06-20 14:50:00,1895,1895,1895,1895,0
2022-06-20 14:51:00,1895,1895,1895,1895,0
2022-06-20 14:52:00,1895,1895,1895,1895,0
2022-06-20 14:53:00,1895,1895,1895,1895,0
2022-06-20 14:54:00,1895,1895,1895,1895,0
2022-06-20 14:55:00,1895,1895,1895,1895,0
2022-06-20 14:56:00,1895,1895,1895,1895,0
2022-06-20 14:57:00,1895,1895,1895,1895,0
2022-06-20 14:58:00,1895,1895,1895,1895,0
2022-06-20 14:59:00,1895,1895,1895,1895,0
2022-06-20 15:00:00,1895,1895,1895,1895,0
2022-06-20 15:01:00,1895,1895,1895,1895,0
2022-06-20 15:02:00,1895,1895,1895,1895,0
2022-06-20 15:03:00,1895,1895,1895,1895,0
2022-06-20 15:04:00,1895,1895,1895,1895,0
2022-06-20 15:05:00,1895,1895,1895,1895,0
2022-06-20 15:06:00,1895,1895,1895,1895,0
2022-06-20 15:07:00,1895,1895,1895,1895,0
2022-06-20 15:08:00,1895,1895,1895,1895,0
2022-06-20 15:09:00,1895,1895,1895,1895,0
2022-06-20 15:10:00,1895,1895,1895,1895,0
2022-06-20 15:11:00,1895,1895,1895,1895,0
2022-06-20 15:12:00,1895,1895,1895,1895,0
2022-06-20 15:13:00,1895,1895,1895,1895,0
2022-06-20 15:14:00,1895,1895,1895,1895,0
2022-06-20 15:15:00,1895,1895,1895,1895,0
2022-06-20 15:16:00,1895,1895,1895,1895,0
2022-06-20 15:17:00,1895,1895,1895,1895,0
2022-06-20 15:18:00,1895,1895,1895,1895,0
2022-06-20 15:19:00,1895,1895,1895,1895,0
2022-06-20 15:20:00,1895,1895,1895,1895,0
2022-06-20 15:21:00,1895,1895,1895,1895,0
2022-06-20 15:22:00,1895,1895,1895,1895,0
2022-06-20 15:23:00,1895,1895,1895,1895,0
2022-06-20 15:24:00,1895,1895,1895,1895,0
2022-06-20 15:25:00,1895,1895,1895,1895,0
2022-06-20 15:26:00,1895,1895,1895,1895,0
2022-06-20 15:27:00,1895,1895,1895,1895,0
2022-06-20 15:28:00,1895,1895,1895,1895,0
2022-06-20 15:29:00,1895,1895,1895,1895,0
2022-06-20 15:30:00,1895,1895,1895,1895,0
2022-06-20 15:31:00,1895,1895,1895,1895,0
2022-06-20 15:32:00,1895,1895,1895,1895,0
2022-06-20 15:33:00,1895,1895,1895,1895,0
2022-06-20 15:34:00,1895,1895,1895,1895,0
2022-06-20 15:35:00,1895,1895,1895,1895,0
2022-06-20 15:36:00,1895,1895,1895,1895,0
2022-06-20 15:37:00,1895,1895,1895,1895,0
2022-06-20 15:38:00,1895,1895,1895,1895,0
2022-06-20 15:39:00,1895,1895,1895,1895,0
2022-06-20 15:40:00,1895,1895,1895,1895,0
2022-06-20 15:41:00,1895,1895,1895,1895,0
2022-06-20 15:42:00,1895,1895,1895,1895,0
2022-06-20 15:43:00,1895,1895,1895,1895,0
2022-06-20 15:44:00,1895,1895,1895,1895,0
2022-06-20 15:45:00,1895,1895,1895,1895,0
2022-06-20 15:46:00,1895,1895,1895,1895,0
2022-06-20 15:47:00,1895,1895,1895,1895,0
2022-06-20 15:48:00,1895,1895,1895,1895,0
2022-06-20 15:49:00,1895,1895,1895,1895,0
2022-06-20 15:50:00,1895,1895,1895,1895,0
2022-06-20 15:51:00,1895,1895,1895,1895,0
2022-06-20 15:52:00,1895,1895,1895,1895,0
2022-06-20 15:53:00,1895,1895,1895,1895,0
2022-06-20 15:54:00,1895,1895,1895,1895,0
2022-06-20 15:55:00,1895,1895,1895,1895,0
2022-06-20 15:56:00,1895,1895,1895,1895,0
2022-06-20 15:57:00,1895,1895,1895,1895,0
2022-06-20 15:58:00,1895,1895,1895,1895,0
2022-06-20 15:59:00,1895,1895,1895,1895,0
2022-06-21 09:00:00,1895,1895,1895,1895,0
2022-06-21 09:01:00,1895,1895,1895,1895,0
2022-06-21 09:02:00,1895,1895,1895,1895,0
2022-06-21 09:03:00,1895,1895,1895,1895,0
2022-06-21 09:04:00,1895,1895,1895,1895,0
2022-06-21 09:05:00,1895,1895,1895,1895,0
2022-06-21 09:06:00,1895,1895,1895,1895,0
2022-06-21 09:07:00,1895,1895,1895,1895,0
2022-06-21 09:08:00,1895,1895,1895,1895,0
2022-06-21 09:09:00,1895,1895,1895,1895,0
2022-06-21 09:10:00,1895,1895,1895,1895,0
2022-06-21 09:11:00,1895,1895,1895,1895,0
2022-06-21 09:12:00,1895,1895,1895,1895,0
2022-06-21 09:13:00,1895,1895,1895,1895,0
2022-06-21 09:14:00,1895,1895,1895,1895,0
2022-06-21 09:15:00,1895,1895,1895,1895,0
2022-06-21 09:16:00,1895,1895,1895,1895,0
2022-06-21 09:17:00,1895,1895,1895,1895,0
2022-06-21 09:18:00,1895,1895,1895,1895,0
2022-06-21 09:19:00,1895,1895,1895,1895,0
2022-06-21 09:20:00,1895,1895,1895,1895,0
2022-06-21 09:21:00,1895,1895,1895,1895,0
2022-06-21 09:22:00,1895,1895,1895,1895,0
2022-06-21 09:23:00,1895,1895,1895,1895,0
2022-06-21 09:24:00,1895,1895,1895,1895,0
2022-06-21 09:25:00,1895,1895,1895,1895,0
2022-06-21 09:26:00,1895,1895,1895,1895,0
2022-06-21 09:27:00,1895,1895,1895,1895,0
2022-06-21 09:28:00,1895,1895,1895,1895,0
2022-06-21 09:29:00,1895,1895,1895,1895,0
2022-06-21 09:30:00,1895,1895,1895,1895,0
2022-06-21 09:31:00,1895,1895,1895,1895,0
2022-06-21 09:32:00,1895,1895,1895,1895,0
2022-06-21 09:33:00,1895,1895,1895,1895,0
2022-06-21 09:34:00,1895,1895,1895,1895,0
2022-06-21 09:35:00,1895,1895,1895,1895,0
2022-06-21 09:36:00,1895,1895,1895,1895,0
2022-06-21 09:37:00,1895,1895,1895,1895,0
2022-06-21 09:38:00,1895,1895,1895,1895,0
2022-06-21 09:39:00,1895,1895,1895,1895,0
2022-06-21 09:40:00,1895,1895,1895,1895,0
2022-06-21 09:41:00,1895,1895,1895,1895,0
2022-06-21 09:42:00,1895,1895,1895,1895,0
2022-06-21 09:43:00,1895,1895,1895,1895,0
2022-06-21 09:44:00,1895,1895,1895,1895,0
2022-06-21 09:45:00,1895,1895,1895,1895,0
2022-06-21 09:46:00,1895,1895,1895,1895,0
2022-06-21 09:47:00,1895,1895,1895,1895,0
2022-06-21 09:48:00,1895,1895,1895,1895,0
2022-06-21 09:49:00,1895,1895,1895,1895,0
2022-06-21 09:50:00,1895,1895,1895,1895,0
2022-06-21 09:51:00,1895,1895,1895,1895,0
2022-06-21 09:52:00,1895,1895,1895,1895,0
2022-06-21 09:53:00,1895,1895,1895,1895,0
2022-06-21 09:54:00,1895,1895,1895,1895,0
2022-06-21 09:55:00,1895,1895,1895,1895,0
2022-06-21 09:56:00,1895,1895,1895,1895,0
2022-06-21 09:57:00,1895,1895,1895,1895,0
2022-06-21 09:58:00,1895,1895,1895,1895,0
2022-06-21 09:59:00,1895,1895,1895,1895,0
2022-06-21 10:00:00,1895,1895,1895,1895,0
2022-06-21 10:01:00,1895,1895,1895,1895,0
2022-06-21 10:02:00,1895,1895,1895,1895,0
2022-06-21 10:03:00,1895,1895,1895,1895,0
2022-06-21 10:04:00,1895,1895,1895,1895,0
2022-06-21 10:05:00,1895,1895,1895,1895,0
2022-06-21 10:06:00,1895,1895,1895,1895,0
2022-06-21 10:07:00,1895,1895,1895,1895,0
2022-06-21 10:08:00,1895,1895,1895,1895,0
2022-06-21 10:09:00,1895,1895,1895,1895,0
2022-06-21 10:10:00,1895,1895,1895,1895,0
2022-06-21 10:11:00,1895,1895,1895,1895,0
2022-06-21 10:12:00,1895,1895,1895,1895,0
2022-06-21 10:13:00,1895,1895,1895,1895,0
2022-06-21 10:14:00,1895,1895,1895,1895,0
2022-06-21 10:15:00,1895,1895,1895,1895,0
2022-06-21 10:16:00,1895,1895,1895,1895,0
2022-06-21 10:17:00,1895,1895,1895,1895,0
2022-06-21 10:18:00,1895,1895,1895,1895,0
2022-06-21 10:19:00,1895,1895,1895,1895,0
2022-06-21 10:20:00,1895,1895,1895,1895,0
2022-06-21 10:21:00,1895,1895,1895,1895,0
2022-06-21 10:22:00,1895,1895,1895,1895,0
2022-06-21 10:23:00,1895,1895,1895,1895,0
2022-06-21 10:24:00,1895,1895,1895,1895,0
2022-06-21 10:25:00,1895,1895,1895,1895,0
2022-06-21 10:26:00,1895,1895,1895,1895,0
2022-06-21 10:27:00,1895,1895,1895,1895,0
2022-06-21 10:28:00,1895,1895,1895,1895,0
2022-06-21 10:29:00,1895,1895,1895,1895,0
2022-06-21 10:30:00,1895,1895,1895,1895,0
2022-06-21 10:31:00,1895,1895,1895,1895,0
2022-06-21 10:32:00,1895,1895,1895,1895,0
2022-06-21 10:33:00,1895,1895,1895,1895,0
2022-06-21 10:34:00,1895,1895,1895,1895,0
2022-06-21 10:35:00,1895,1895,1895,1895,0
2022-06-21 10:36:00,1895,1895,1895,1895,0
2022-06-21 10:37:00,1895,1895,1895,1895,0
2022-06-21 10:38:00,1895,1895,1895,1895,0
2022-06-21 10:39:00,1895,1895,1895,1895,0
2022-06-21 10:40:00,1895,1895,1895,1895,0
2022-06-21 10:41:00,1895,1895,1895,1895,0
2022-06-21 10:42:00,1895,1895,1895,1895,0
2022-06-21 10:43:00,1895,1895,1895,1895,0
2022-06-21 10:44:00,1895,1895,1895,1895,0
2022-06-21 10:45:00,1895,1895,1895,1895,0
2022-06-21 10:46:00,1895,1895,1895,1895,0
2022-06-21 10:47:00,1895,1895,1895,1895,0
2022-06-21 10:48:00,1895,1895,1895,1895,0
2022-06-21 10:49:00,1895,1895,1895,1895,0
2022-06-21 10:50:00,1895,1895,1895,1895,0
2022-06-21 10:51:00,1895,1895,1895,1895,0
2022-06-21 10:52:00,1895,1895,1895,1895,0
2022-06-21 10:53:00,1895,1895,1895,1895,0
2022-06-21 10:54:00,1895,1895,1895,1895,0
2022-06-21 10:55:00,1895,1895,1895,1895,0
2022-06-21 10:56:00,1895,1895,1895,1895,0
2022-06-21 10:57:00,1895,1895,1895,1895,0
2022-06-21 10:58:00,1895,1895,1895,1895,0
2022-06-21 10:59:00,1895,1895,1895,1895,0
2022-06-21 11:00:00,1895,1895,1895,1895,0
2022-06-21 11:01:00,1895,1895,1895,1895,0
2022-06-21 11:02:00,1895,1895,1895,1895,0
2022-06-21 11:03:00,1895,1895,1895,1895,0
2022-06-21 11:04:00,1895,1895,1895,1895,0
2022-06-21 11:05:00,1895,1895,1895,1895,0
2022-06-21 11:06:00,1895,1895,1895,1895,0
2022-06-21 11:07:00,1895,1895,1895,1895,0
2022-06-21 11:08:00,1895,1895,1895,1895,0
2022-06-21 11:09:00,1895,1895,1895,1895,0
2022-06-21 11:10:00,1895,1895,1895,1895,0
2022-06-21 11:11:00,1895,1895,1895,1895,0
2022-06-21 11:12:00,1895,1895,1895,1895,0
2022-06-21 11:13:00,1895,1895,1895,1895,0
2022-06-21 11:14:00,1895,1895,1895,1895,0
2022-06-21 11:15:00,1895,1895,1895,1895,0
2022-06-21 11:16:00,1895,1895,1895,1895,0
2022-06-21 11:17:00,1895,1895,1895,1895,0
2022-06-21 11:18:00,1895,1895,1895,1895,0
2022-06-21 11:19:00,1895,1895,1895,1895,0
2022-06-21 11:20:00,1895,1895,1895,1895,0
2022-06-21 11:21:00,1895,1895,1895,1895,0
2022-06-21 11:22:00,1895,1895,1895,1895,0
2022-06-21 11:23:00,1895,1895,1895,1895,0
2022-06-21 11:24:00,1895,1895,1895,1895,0
2022-06-21 11:25:00,1895,1895,1895,1895,0
2022-06-21 11:26:00,1895,1895,1895,1895,0
2022-06-21 11:27:00,1895,1895,1895,1895,0
2022-06-21 11:28:00,1895,1895,1895,1895,0
2022-06-21 11:29:00,1895,1895,1895,1895,0
2022-06-21 11:30:00,1895,1895,1895,1895,0
2022-06-21 11:31:00,1895,1895,1895,1895,0
2022-06-21 11:32:00,1895,1895,1895,1895,0
2022-06-21 11:33:00,1895,1895,1895,1895,0
2022-06-21 11:34:00,1895,1895,1895,1895,0
2022-06-21 11:35:00,1895,1895,1895,1895,0
2022-06-21 11:36:00,1895,1895,1895,1895,0
2022-06-21 11:37:00,1895,1895,1895,1895,0
2022-06-21 11:38:00,1895,1895,1895,1895,0
2022-06-21 11:39:00,1895,1895,1895,1895,0
2022-06-21 11:40:00,1895,1895,1895,1895,0
2022-06-21 11:41:00,1895,1895,1895,1895,0
2022-06-21 11:42:00,1895,1895,1895,1895,0
2022-06-21 11:43:00,1895,1895,1895,1895,0
2022-06-21 11:44:00,1895,1895,1895,1895,0
2022-06-21 11:45:00,1895,1895,1895,1895,0
2022-06-21 11:46:00,1895,1895,1895,1895,0
2022-06-21 11:47:00,1895,1895,1895,1895,0
2022-06-21 11:48:00,1895,1895,1895,1895,0
2022-06-21 11:49:00,1895,1895,1895,1895,0
2022-06-21 11:50:00,1895,1895,1895,1895,0
2022-06-21 11:51:00,1895,1895,1895,1895,0
2022-06-21 11:52:00,1895,1895,1895,1895,0
2022-06-21 11:53:00,1895,1895,1895,1895,0
2022-06-21 11:54:00,1895,1895,1895,1895,0
2022-06-21 11:55:00,1895,1895,1895,1895,0
2022-06-21 11:56:00,1895,1895,1895,1895,0
2022-06-21 11:57:00,1895,1895,1895,1895,0
2022-06-21 11:58:00,1895,1895,1895,1895,0
2022-06-21 11:59:00,1895,1895,1895,1895,0
2022-06-21 12:00:00,1895,1895,1895,1895,0
2022-06-21 12:01:00,1895,1895,1895,1895,0
2022-06-21 12:02:00,1895,1895,1895,1895,0
2022-06-21 12:03:00,1895,1895,1895,1895,0
2022-06-21 12:04:00,1895,1895,1895,1895,0
2022-06-21 12:05:00,1895,1895,1895,1895,0
2022-06-21 12:06:00,1895,1895,1895,1895,0
2022-06-21 12:07:00,1895,1895,1895,1895,0
2022-06-21 12:08:00,1895,1895,1895,1895,0
2022-06-21 12:09:00,1895,1895,1895,1895,0
2022-06-21 12:10:00,1895,1895,1895,1895,0
2022-06-21 12:11:00,1895,1895,1895,1895,0
2022-06-21 12:12:00,1895,1895,1895,1895,0
2022-06-21 12:13:00,1895,1895,1895,1895,0
2022-06-21 12:14:00,1895,1895,1895,1895,0
2022-06-21 12:15:00,1895,1895,1895,1895,0
2022-06-21 12:16:00,1895,1895,1895,1895,0
2022-06-21 12:17:00,1895,1895,1895,1895,0
2022-06-21 12:18:00,1895,1895,1895,1895,0
2022-06-21 12:19:00,1895,1895,1895,1895,0
2022-06-21 12:20:00,1895,1895,1895,1895,0
2022-06-21 12:21:00,1895,1895,1895,1895,0
2022-06-21 12:22:00,1895,1895,1895,1895,0
2022-06-21 12:23:00,1895,1895,1895,1895,0
2022-06-21 12:24:00,1895,1895,1895,1895,0
2022-06-21 12:25:00,1895,1895,1895,1895,0
2022-06-21 12:26:00,1895,1895,1895,1895,0
2022-06-21 12:27:00,1895,1895,1895,1895,0
2022-06-21 12:28:00,1895,1895,1895,1895,0
2022-06-21 12:29:00,1895,1895,1895,1895,0
2022-06-21 12:30:00,1895,1895,1895,1895,0
2022-06-21 12:31:00,1895,1895,1895,1895,0
2022-06-21 12:32:00,1895,1895,1895,1895,0
2022-06-21 12:33:00,1895,1895,1895,1895,0
2022-06-21 12:34:00,1895,1895,1895,1895,0
2022-06-21 12:35:00,1895,1895,1895,1895,0
2022-06-21 12:36:00,1895,1895,1895,1895,0
2022-06-21 12:37:00,1895,1895,1895,1895,0
2022-06-21 12:38:00,1895,1895,1895,1895,0
2022-06-21 12:39:00,1895,1895,1895,1895,0
2022-06-21 12:40:00,1895,1895,1895,1895,0
2022-06-21 12:41:00,1895,1895,1895,1895,0
2022-06-21 12:42:00,1895,1895,1895,1895,0
2022-06-21 12:43:00,1895,1895,1895,1895,0
2022-06-21 12:44:00,1895,1895,1895,1895,0
2022-06-21 12:45:00,1895,1895,1895,1895,0
2022-06-21 12:46:00,1895,1895,1895,1895,0
2022-06-21 12:47:00,1895,1895,1895,1895,0
2022-06-21 12:48:00,1895,1895,1895,1895,0
2022-06-21 12:49:00,1895,1895,1895,1895,0
2022-06-21 12:50:00,1895,1895,1895,1895,0
2022-06-21 12:51:00,1895,1895,1895,1895,0
2022-06-21 12:52:00,1895,1895,1895,1895,0
2022-06-21 12:53:00,1895,1895,1895,1895,0
2022-06-21 12:54:00,1895,1895,1895,1895,0
2022-06-21 12:55:00,1895,1895,1895,1895,0
2022-06-21 12:56:00,1895,1895,1895,1895,0
2022-06-21 12:57:00,1895,1895,1895,1895,0
2022-06-21 12:58:00,1895,1895,1895,1895,0
2022-06-21 12:59:00,1895,1895,1895,1895,0
2022-06-21 13:00:00,1895,1895,1895,1895,0
2022-06-21 13:01:00,1895,1895,1895,1895,0
2022-06-21 13:02:00,1895,1895,1895,1895,0
2022-06-21 13:03:00,1895,1895,1895,1895,0
2022-06-21 13:04:00,1895,1895,1895,1895,0
2022-06-21 13:05:00,1895,1895,1895,1895,0
2022-06-21 13:06:00,1895,1895,1895,1895,0
2022-06-21 13:07:00,1895,1895,1895,1895,0
2022-06-21 13:08:00,1895,1895,1895,1895,0
2022-06-21 13:09:00,1895,1895,1895,1895,0
2022-06-21 13:10:00,1895,1895,1895,1895,0
2022-06-21 13:11:00,1895,1895,1895,1895,0
2022-06-21 13:12:00,1895,1895,1895,1895,0
2022-06-21 13:13:00,1895,1895,1895,1895,0
2022-06-21 13:14:00,1895,1895,1895,1895,0
2022-06-21 13:15:00,1895,1895,1895,1895,0
2022-06-21 13:16:00,1895,1895,1895,1895,0
2022-06-21 13:17:00,1895,1895,1895,1895,0
2022-06-21 13:18:00,1895,1895,1895,1895,0
2022-06-21 13:19:00,1895,1895,1895,1895,0
2022-06-21 13:20:00,1895,1895,1895,1895,0
2022-06-21 13:21:00,1895,1895,1895,1895,0
2022-06-21 13:22:00,1895,1895,1895,1895,0
2022-06-21 13:23:00,1895,1895,1895,1895,0
2022-06-21 13:24:00,1895,1895,1895,1895,0
2022-06-21 13:25:00,1895,1895,1895,1895,0
2022-06-21 13:26:00,1895,1895,1895,1895,0
2022-06-21 13:27:00,1895,1895,1895,1895,0
2022-06-21 13:28:00,1895,1895,1895,1895,0
2022-06-21 13:29:00,1895,1895,1895,1895,0
2022-06-21 13:30:00,1895,1895,1895,1895,0
2022-06-21 13:31:00,1895,1895,1895,1895,0
2022-06-21 13:32:00,1895,1895,1895,1895,0
2022-06-21 13:33:00,1895,1895,1895,1895,0
2022-06-21 13:34:00,1895,1895,1895,1895,0
2022-06-21 13:35:00,1895,1895,1895,1895,0
2022-06-21 13:36:00,1895,1895,1895,1895,0
2022-06-21 13:37:00,1895,1895,1895,1895,0
2022-06-21 13:38:00,1895,1895,1895,1895,0
2022-06-21 13:39:00,1895,1895,1895,1895,0
2022-06-21 13:40:00,1895,1895,1895,1895,0
2022-06-21 13:41:00,1895,1895,1895,1895,0
2022-06-21 13:42:00,1895,1895,1895,1895,0
2022-06-21 13:43:00,1895,1895,1895,1895,0
2022-06-21 13:44:00,1895,1895,1895,1895,0
2022-06-21 13:45:00,1895,1895,1895,1895,0
2022-06-21 13:46:00,1895,1895,1895,1895,0
2022-06-21 13:47:00,1895,1895,1895,1895,0
2022-06-21 13:48:00,1895,1895,1895,1895,0
2022-06-21 13:49:00,1895,1895,1895,1895,0
2022-06-21 13:50:00,1895,1895,1895,1895,0
2022-06-21 13:51:00,1895,1895,1895,1895,0
2022-06-21 13:52:00,1895,1895,1895,1895,0
2022-06-21 13:53:00,1895,1895,1895,1895,0
2022-06-21 13:54:00,1895,1895,1895,1895,0
2022-06-21 13:55:00,1895,1895,1895,1895,0
2022-06-21 13:56:00,1895,1895,1895,1895,0
2022-06-21 13:57:00,1895,1895,1895,1895,0
2022-06-21 13:58:00,1895,1895,1895,1895,0
2022-06-21 13:59:00,1895,1895,1895,1895,0
2022-06-21 14:00:00,1895,1895,1895,1895,0
2022-06-21 14:01:00,1895,1895,1895,1895,0
2022-06-21 14:02:00,1895,1895,1895,1895,0
2022-06-21 14:03:00,1895,1895,1895,1895,0
2022-06-21 14:04:00,1895,1895,1895,1895,0
2022-06-21 14:05:00,1895,1895,1895,1895,0
2022-06-21 14:06:00,1895,1895,1895,1895,0
2022-06-21 14:07:00,1895,1895,1895,1895,0
2022-06-21 14:08:00,1895,1895,1895,1895,0
2022-06-21 14:09:00,1895,1895,1895,1895,0
2022-06-21 14:10:00,1895,1895,1895,1895,0
2022-06-21 14:11:00,1895,1895,1895,1895,0
2022-06-21 14:12:00,1895,1895,1895,1895,0
2022-06-21 14:13:00,1895,1895,1895,1895,0
2022-06-21 14:14:00,1895,1895,1895,1895,0
2022-06-21 14:15:00,1895,1895,1895,1895,0
2022-06-21 14:16:00,1895,1895,1895,1895,0
2022-06-21 14:17:00,1895,1895,1895,1895,0
2022-06-21 14:18:00,1895,1895,1895,1895,0
2022-06-21 14:19:00,1895,1895,1895,1895,0
2022-06-21 14:20:00,1895,1895,1895,1895,0
2022-06-21 14:21:00,1895,1895,1895,1895,0
2022-06-21 14:22:00,1895,1895,1895,1895,0
2022-06-21 14:23:00,1895,1895,1895,1895,0
2022-06-21 14:24:00,1895,1895,1895,1895,0
2022-06-21 14:25:00,1895,1895,1895,1895,0
2022-06-21 14:26:00,1895,1895,1895,1895,0
2022-06-21 14:27:00,1895,1895,1895,1895,0
2022-06-21 14:28:00,1895,1895,1895,1895,0
2022-06-21 14:29:00,1895,1895,1895,1895,0
2022-06-21 14:30:00,1895,1895,1895,1895,0
2022-06-21 14:31:00,1895,1895,1895,1895,0
2022-06-21 14:32:00,1895,1895,1895,1895,0
2022-06-21 14:33:00,1895,1895,1895,1895,0
2022-06-21 14:34:00,1895,1895,1895,1895,0
2022-06-21 14:35:00,1895,1895,1895,1895,0
2022-06-21 14:36:00,1895,1895,1895,1895,0
2022-06-21 14:37:00,1895,1895,1895,1895,0
2022-06-21 14:38:00,1895,1895,1895,1895,0
2022-06-21 14:39:00,1895,1895,1895,1895,0
2022-06-21 14:40:00,1895,1895,1895,1895,0
2022-06-21 14:41:00,1895,1895,1895,1895,0
2022-06-21 14:42:00,1895,1895,1895,1895,0
2022-06-21 14:43:00,1895,1895,1895,1895,0
2022-06-21 14:44:00,1895,1895,1895,1895,0
2022-06-21 14:45:00,1895,1895,1895,1895,0
2022-06-21 14:46:00,1895,1895,1895,1895,0
2022-06-21 14:47:00,1895,1895,1895,1895,0
2022-06-21 14:48:00,1895,1895,1895,1895,0
2022-06-21 14:49:00,1895,1895,1895,1895,0
2022-06-21 14:50:00,1895,1895,1895,1895,0
2022-06-21 14:51:00,1895,1895,1895,1895,0
2022-06-21 14:52:00,1895,1895,1895,1895,0
2022-06-21 14:53:00,1895,1895,1895,1895,0
2022-06-21 14:54:00,1895,1895,1895,1895,0
2022-06-21 14:55:00,1895,1895,1895,1895,0
2022-06-21 14:56:00,1895,1895,1895,1895,0
2022-06-21 14:57:00,1895,1895,1895,1895,0
2022-06-21 14:58:00,1895,1895,1895,1895,0
2022-06-21 14:59:00,1895,1895,1895,1895,0
2022-06-21 15:00:00,1895,1895,1895,1895,0
2022-06-21 15:01:00,1895,1895,1895,1895,0
2022-06-21 15:02:00,1895,1895,1895,1895,0
2022-06-21 15:03:00,1895,1895,1895,1895,0
2022-06-21 15:04:00,1895,1895,1895,1895,0
2022-06-21 15:05:00,1895,1895,1895,1895,0
2022-06-21 15:06:00,1895,1895,1895,1895,0
2022-06-21 15:07:00,1895,1895,1895,1895,0
2022-06-21 15:08:00,1895,1895,1895,1895,0
2022-06-21 15:09:00,1895,1895,1895,1895,0
2022-06-21 15:10:00,1895,1895,1895,1895,0
2022-06-21 15:11:00,1895,1895,1895,1895,0
2022-06-21 15:12:00,1895,1895,1895,1895,0
2022-06-21 15:13:00,1895,1895,1895,1895,0
2022-06-21 15:14:00,1895,1895,1895,1895,0
2022-06-21 15:15:00,1895,1895,1895,1895,0
2022-06-21 15:16:00,1895,1895,1895,1895,0
2022-06-21 15:17:00,1895,1895,1895,1895,0
2022-06-21 15:18:00,1895,1895,1895,1895,0
2022-06-21 15:19:00,1895,1895,1895,1895,0
2022-06-21 15:20:00,1895,1895,1895,1895,0
2022-06-21 15:21:00,1895,1895,1895,1895,0
2022-06-21 15:22:00,1895,1895,1895,1895,0
2022-06-21 15:23:00,1895,1895,1895,1895,0
2022-06-21 15:24:00,1895,1895,1895,1895,0
2022-06-21 15:25:00,1895,1895,1895,1895,0
2022-06-21 15:26:00,1895,1895,1895,1895,0
2022-06-21 15:27:00,1895,1895,1895,1895,0
2022-06-21 15:28:00,1895,1895,1895,1895,0
2022-06-21 15:29:00,1895,1895,1895,1895,0
2022-06-21 15:30:00,1895,1895,1895,1895,0
2022-06-21 15:31:00,1895,1895,1895,1895,0
2022-06-21 15:32:00,1895,1895,1895,1895,0
2022-06-21 15:33:00,1895,1895,1895,1895,0
2022-06-21 15:34:00,1895,1895,1895,1895,0
2022-06-21 15:35:00,1895,1895,1895,1895,0
2022-06-21 15:36:00,1895,1895,1895,1895,0
2022-06-21 15:37:00,1895,1895,1895,1895,0
2022-06-21 15:38:00,1895,1895,1895,1895,0
2022-06-21 15:39:00,1895,1895,1895,1895,0
2022-06-21 15:40:00,1895,1895,1895,1895,0
2022-06-21 15:41:00,1895,1895,1895,1895,0
2022-06-21 15:42:00,1895,1895,1895,1895,0
2022-06-21 15:43:00,1895,1895,1895,1895,0
2022-06-21 15:44:00,1895,1895,1895,1895,0
2022-06-21 15:45:00,1895,1895,1895,1895,0
2022-06-21 15:46:00,1895,1895,1895,1895,0
2022-06-21 15:47:00,1895,1895,1895,1895,0
2022-06-21 15:48:00,1895,1895,1895,1895,0
2022-06-21 15:49:00,1895,1895,1895,1895,0
2022-06-21 15:50:00,1895,1895,1895,1895,0
2022-06-21 15:51:00,1895,1895,1895,1895,0
2022-06-21 15:52:00,1895,1895,1895,1895,0
2022-06-21 15:53:00,1895,1895,1895,1895,0
2022-06-21 15:54:00,1895,1895,1895,1895,0
2022-06-21 15:55:00,1895,1895,1895,1895,0
2022-06-21 15:56:00,1895,1895,1895,1895,0
2022-06-21 15:57:00,1895,1895,1895,1895,0
2022-06-21 15:58:00,1895,1895,1895,1895,0
2022-06-21 15:59:00,1895,1895,1895,1895,0
2022-06-22 09:00:00,1895,1895,1895,1895,0
2022-06-22 09:01:00,1895,1895,1895,1895,0
2022-06-22 09:02:00,1895,1895,1895,1895,0
2022-06-22 09:03:00,1895,1895,1895,1895,0
2022-06-22 09:04:00,1895,1895,1895,1895,0
2022-06-22 09:05:00,1895,1895,1895,1895,0
2022-06-22 09:06:00,1895,1895,1895,1895,0
2022-06-22 09:07:00,1895,1895,1895,1895,0
2022-06-22 09:08:00,1895,1895,1895,1895,0
2022-06-22 09:09:00,1895,1895,1895,1895,0
2022-06-22 09:10:00,1895,1895,1895,1895,0
2022-06-22 09:11:00,1895,1895,1895,1895,0
2022-06-22 09:12:00,1895,1895,1895,1895,0
2022-06-22 09:13:00,1895,1895,1895,1895,0
2022-06-22 09:14:00,1895,1895,1895,1895,0
2022-06-22 09:15:00,1895,1895,1895,1895,0
2022-06-22 09:16:00,1895,1895,1895,1895,0
2022-06-22 09:17:00,1895,1895,1895,1895,0
2022-06-22 09:18:00,1895,1895,1895,1895,0
2022-06-22 09:19:00,1895,1895,1895,1895,0
2022-06-22 09:20:00,1895,1895,1895,1895,0
2022-06-22 09:21:00,1895,1895,1895,1895,0
2022-06-22 09:22:00,1895,1895,1895,1895,0
2022-06-22 09:23:00,1895,1895,1895,1895,0
2022-06-22 09:24:00,1895,1895,1895,1895,0
2022-06-22 09:25:00,1895,1895,1895,1895,0
2022-06-22 09:26:00,1895,1895,1895,1895,0
2022-06-22 09:27:00,1895,1895,1895,1895,0
2022-06-22 09:28:00,1895,1895,1895,1895,0
2022-06-22 09:29:00,1895,1895,1895,1895,0
2022-06-22 09:30:00,1895,1895,1895,1895,0
2022-06-22 09:31:00,1895,1895,1895,1895,0
2022-06-22 09:32:00,1895,1895,1895,1895,0
2022-06-22 09:33:00,1895,1895,1895,1895,0
2022-06-22 09:34:00,1895,1895,1895,1895,0
2022-06-22 09:35:00,1895,1895,1895,1895,0
2022-06-22 09:36:00,1895,1895,1895,1895,0
2022-06-22 09:37:00,1895,1895,1895,1895,0
2022-06-22 09:38:00,1895,1895,1895,1895,0
2022-06-22 09:39:00,1895,1895,1895,1895,0
2022-06-22 09:40:00,1895,1895,1895,1895,0
2022-06-22 09:41:00,1895,1895,1895,1895,0
2022-06-22 09:42:00,1895,1895,1895,1895,0
2022-06-22 09:43:00,1895,1895,1895,1895,0
2022-06-22 09:44:00,1895,1895,1895,1895,0
2022-06-22 09:45:00,1895,1895,1895,1895,0
2022-06-22 09:46:00,1895,1895,1895,1895,0
2022-06-22 09:47:00,1895,1895,1895,1895,0
2022-06-22 09:48:00,1895,1895,1895,1895,0
2022-06-22 09:49:00,1895,1895,1895,1895,0
2022-06-22 09:50:00,1895,1895,1895,1895,0
2022-06-22 09:51:00,1895,1895,1895,1895,0
2022-06-22 09:52:00,1895,1895,1895,1895,0
2022-06-22 09:53:00,1895,1895,1895,1895,0
2022-06-22 09:54:00,1895,1895,1895,1895,0
2022-06-22 09:55:00,1895,1895,1895,1895,0
2022-06-22 09:56:00,1895,1895,1895,1895,0
2022-06-22 09:57:00,1895,1895,1895,1895,0
2022-06-22 09:58:00,1895,1895,1895,1895,0
2022-06-22 09:59:00,1895,1895,1895,1895,0
2022-06-22 10:00:00,1895,1895,1895,1895,0
2022-06-22 10:01:00,1895,1895,1895,1895,0
2022-06-22 10:02:00,1895,1895,1895,1895,0
2022-06-22 10:03:00,1895,1895,1895,1895,0
2022-06-22 10:04:00,1895,1895,1895,1895,0
2022-06-22 10:05:00,1895,1895,1895,1895,0
2022-06-22 10:06:00,1895,1895,1895,1895,0
2022-06-22 10:07:00,1895,1895,1895,1895,0
2022-06-22 10:08:00,1895,1895,1895,1895,0
2022-06-22 10:09:00,1895,1895,1895,1895,0
2022-06-22 10:10:00,1895,1895,1895,1895,0
2022-06-22 10:11:00,1895,1895,1895,1895,0
2022-06-22 10:12:00,1895,1895,1895,1895,0
2022-06-22 10:13:00,1895,1895,1895,1895,0
2022-06-22 10:14:00,1895,1895,1895,1895,0
2022-06-22 10:15:00,1895,1895,1895,1895,0
2022-06-22 10:16:00,1895,1895,1895,1895,0
2022-06-22 10:17:00,1895,1895,1895,1895,0
2022-06-22 10:18:00,1895,1895,1895,1895,0
2022-06-22 10:19:00,1895,1895,1895,1895,0
2022-06-22 10:20:00,1895,1895,1895,1895,0
2022-06-22 10:21:00,1895,1895,1895,1895,0
2022-06-22 10:22:00,1895,1895,1895,1895,0
2022-06-22 10:23:00,1895,1895,1895,1895,0
2022-06-22 10:24:00,1895,1895,1895,1895,0
2022-06-22 10:25:00,1895,1895,1895,1895,0
2022-06-22 10:26:00,1895,1895,1895,1895,0
2022-06-22 10:27:00,1895,1895,1895,1895,0
2022-06-22 10:28:00,1895,1895,1895,1895,0
2022-06-22 10:29:00,1895,1895,1895,1895,0
2022-06-22 10:30:00,1895,1895,1895,1895,0
2022-06-22 10:31:00,1895,1895,1895,1895,0
2022-06-22 10:32:00,1895,1895,1895,1895,0
2022-06-22 10:33:00,1895,1895,1895,1895,0
2022-06-22 10:34:00,1895,1895,1895,1895,0
2022-06-22 10:35:00,1895,1895,1895,1895,0
2022-06-22 10:36:00,1895,1895,1895,1895,0
2022-06-22 10:37:00,1895,1895,1895,1895,0
2022-06-22 10:38:00,1895,1895,1895,1895,0
2022-06-22 10:39:00,1895,1895,1895,1895,0
2022-06-22 10:40:00,1895,1895,1895,1895,0
2022-06-22 10:41:00,1895,1895,1895,1895,0
2022-06-22 10:42:00,1895,1895,1895,1895,0
2022-06-22 10:43:00,1895,1895,1895,1895,0
2022-06-22 10:44:00,1895,1895,1895,1895,0
2022-06-22 10:45:00,1895,1895,1895,1895,0
2022-06-22 10:46:00,1895,1895,1895,1895,0
2022-06-22 10:47:00,1895,1895,1895,1895,0
2022-06-22 10:48:00,1895,1895,1895,1895,0
2022-06-22 10:49:00,1895,1895,1895,1895,0
2022-06-22 10:50:00,1895,1895,1895,1895,0
2022-06-22 10:51:00,1895,1895,1895,1895,0
2022-06-22 10:52:00,1895,1895,1895,1895,0
2022-06-22 10:53:00,1895,1895,1895,1895,0
2022-06-22 10:54:00,1895,1895,1895,1895,0
2022-06-22 10:55:00,1895,1895,1895,1895,0
2022-06-22 10:56:00,1895,1895,1895,1895,0
2022-06-22 10:57:00,1895,1895,1895,1895,0
2022-06-22 10:58:00,1895,1895,1895,1895,0
2022-06-22 10:59:00,1895,1895,1895,1895,0
2022-06-22 11:00:00,1895,1895,1895,1895,0
2022-06-22 11:01:00,1895,1895,1895,1895,0
2022-06-22 11:02:00,1895,1895,1895,1895,0
2022-06-22 11:03:00,1895,1895,1895,1895,0
2022-06-22 11:04:00,1895,1895,1895,1895,0
2022-06-22 11:05:00,1895,1895,1895,1895,0
2022-06-22 11:06:00,1895,1895,1895,1895,0
2022-06-22 11:07:00,1895,1895,1895,1895,0
2022-06-22 11:08:00,1895,1895,1895,1895,0
2022-06-22 11:09:00,1895,1895,1895,1895,0
2022-06-22 11:10:00,1895,1895,1895,1895,0
2022-06-22 11:11:00,1895,1895,1895,1895,0
2022-06-22 11:12:00,1895,1895,1895,1895,0
2022-06-22 11:13:00,1895,1895,1895,1895,0
2022-06-22 11:14:00,1895,1895,1895,1895,0
2022-06-22 11:15:00,1895,1895,1895,1895,0
2022-06-22 11:16:00,1895,1895,1895,1895,0
2022-06-22 11:17:00,1895,1895,1895,1895,0
2022-06-22 11:18:00,1895,1895,1895,1895,0
2022-06-22 11:19:00,1895,1895,1895,1895,0
2022-06-22 11:20:00,1895,1895,1895,1895,0
2022-06-22 11:21:00,1895,1895,1895,1895,0
2022-06-22 11:22:00,1895,1895,1895,1895,0
2022-06-22 11:23:00,1895,1895,1895,1895,0
2022-06-22 11:24:00,1895,1895,1895,1895,0
2022-06-22 11:25:00,1895,1895,1895,1895,0
2022-06-22 11:26:00,1895,1895,1895,1895,0
2022-06-22 11:27:00,1895,1895,1895,1895,0
2022-06-22 11:28:00,1895,1895,1895,1895,0
2022-06-22 11:29:00,1895,1895,1895,1895,0
2022-06-22 11:30:00,1895,1895,1895,1895,0
2022-06-22 11:31:00,1895,1895,1895,1895,0
2022-06-22 11:32:00,1895,1895,1895,1895,0
2022-06-22 11:33:00,1895,1895,1895,1895,0
2022-06-22 11:34:00,1895,1895,1895,1895,0
2022-06-22 11:35:00,1895,1895,1895,1895,0
2022-06-22 11:36:00,1895,1895,1895,1895,0
2022-06-22 11:37:00,1895,1895,1895,1895,0
2022-06-22 11:38:00,1895,1895,1895,1895,0
2022-06-22 11:39:00,1895,1895,1895,1895,0
2022-06-22 11:40:00,1895,1895,1895,1895,0
2022-06-22 11:41:00,1895,1895,1895,1895,0
2022-06-22 11:42:00,1895,1895,1895,1895,0
2022-06-22 11:43:00,1895,1895,1895,1895,0
2022-06-22 11:44:00,1895,1895,1895,1895,0
2022-06-22 11:45:00,1895,1895,1895,1895,0
2022-06-22 11:46:00,1895,1895,1895,1895,0
2022-06-22 11:47:00,1895,1895,1895,1895,0
2022-06-22 11:48:00,1895,1895,1895,1895,0
2022-06-22 11:49:00,1895,1895,1895,1895,0
2022-06-22 11:50:00,1895,1895,1895,1895,0
2022-06-22 11:51:00,1895,1895,1895,1895,0
2022-06-22 11:52:00,1895,1895,1895,1895,0
2022-06-22 11:53:00,1895,1895,1895,1895,0
2022-06-22 11:54:00,1895,1895,1895,1895,0
2022-06-22 11:55:00,1895,1895,1895,1895,0
2022-06-22 11:56:00,1895,1895,1895,1895,0
2022-06-22 11:57:00,1895,1895,1895,1895,0
2022-06-22 11:58:00,1895,1895,1895,1895,0
2022-06-22 11:59:00,1895,1895,1895,1895,0
2022-06-22 12:00:00,1895,1895,1895,1895,0
2022-06-22 12:01:00,1895,1895,1895,1895,0
2022-06-22 12:02:00,1895,1895,1895,1895,0
2022-06-22 12:03:00,1895,1895,1895,1895,0
2022-06-22 12:04:00,1895,1895,1895,1895,0
2022-06-22 12:05:00,1895,1895,1895,1895,0
2022-06-22 12:06:00,1895,1895,1895,1895,0
2022-06-22 12:07:00,1895,1895,1895,1895,0
2022-06-22 12:08:00,1895,1895,1895,1895,0
2022-06-22 12:09:00,1895,1895,1895,1895,0
2022-06-22 12:10:00,1895,1895,1895,1895,0
2022-06-22 12:11:00,1895,1895,1895,1895,0
2022-06-22 12:12:00,1895,1895,1895,1895,0
2022-06-22 12:13:00,1895,1895,1895,1895,0
2022-06-22 12:14:00,1895,1895,1895,1895,0
2022-06-22 12:15:00,1895,1895,1895,1895,0
2022-06-22 12:16:00,1895,1895,1895,1895,0
2022-06-22 12:17:00,1895,1895,1895,1895,0
2022-06-22 12:18:00,1895,1895,1895,1895,0
2022-06-22 12:19:00,1895,1895,1895,1895,0
2022-06-22 12:20:00,1895,1895,1895,1895,0
2022-06-22 12:21:00,1895,1895,1895,1895,0
2022-06-22 12:22:00,1895,1895,1895,1895,0
2022-06-22 12:23:00,1895,1895,1895,1895,0
2022-06-22 12:24:00,1895,1895,1895,1895,0
2022-06-22 12:25:00,1895,1895,1895,1895,0
2022-06-22 12:26:00,1895,1895,1895,1895,0
2022-06-22 12:27:00,1895,1895,1895,1895,0
2022-06-22 12:28:00,1895,1895,1895,1895,0
2022-06-22 12:29:00,1895,1895,1895,1895,0
2022-06-22 12:30:00,1895,1895,1895,1895,0
2022-06-22 12:31:00,1895,1895,1895,1895,0
2022-06-22 12:32:00,1895,1895,1895,1895,0
2022-06-22 12:33:00,1895,1895,1895,1895,0
2022-06-22 12:34:00,1895,1895,1895,1895,0
2022-06-22 12:35:00,1895,1895,1895,1895,0
2022-06-22 12:36:00,1895,1895,1895,1895,0
2022-06-22 12:37:00,1895,1895,1895,1895,0
2022-06-22 12:38:00,1895,1895,1895,1895,0
2022-06-22 12:39:00,1895,1895,1895,1895,0
2022-06-22 12:40:00,1895,1895,1895,1895,0
2022-06-22 12:41:00,1895,1895,1895,1895,0
2022-06-22 12:42:00,1895,1895,1895,1895,0
2022-06-22 12:43:00,1895,1895,1895,1895,0
2022-06-22 12:44:00,1895,1895,1895,1895,0
2022-06-22 12:45:00,1895,1895,1895,1895,0
2022-06-22 12:46:00,1895,1895,1895,1895,0
2022-06-22 12:47:00,1895,1895,1895,1895,0
2022-06-22 12:48:00,1895,1895,1895,1895,0
2022-06-22 12:49:00,1895,1895,1895,1895,0
2022-06-22 12:50:00,1895,1895,1895,1895,0
2022-06-22 12:51:00,1895,1895,1895,1895,0
2022-06-22 12:52:00,1895,1895,1895,1895,0
2022-06-22 12:53:00,1895,1895,1895,1895,0
2022-06-22 12:54:00,1895,1895,1895,1895,0
2022-06-22 12:55:00,1895,1895,1895,1895,0
2022-06-22 12:56:00,1895,1895,1895,1895,0
2022-06-22 12:57:00,1895,1895,1895,1895,0
2022-06-22 12:58:00,1895,1895,1895,1895,0
2022-06-22 12:59:00,1895,1895,1895,1895,0
2022-06-22 13:00:00,1895,1895,1895,1895,0
2022-06-22 13:01:00,1895,1895,1895,1895,0
2022-06-22 13:02:00,1895,1895,1895,1895,0
2022-06-22 13:03:00,1895,1895,1895,1895,0
2022-06-22 13:04:00,1895,1895,1895,1895,0
2022-06-22 13:05:00,1895,1895,1895,1895,0
2022-06-22 13:06:00,1895,1895,1895,1895,0
2022-06-22 13:07:00,1895,1895,1895,1895,0
2022-06-22 13:08:00,1895,1895,1895,1895,0
2022-06-22 13:09:00,1895,1895,1895,1895,0
2022-06-22 13:10:00,1895,1895,1895,1895,0
2022-06-22 13:11:00,1895,1895,1895,1895,0
2022-06-22 13:12:00,1895,1895,1895,1895,0
2022-06-22 13:13:00,1895,1895,1895,1895,0
2022-06-22 13:14:00,1895,1895,1895,1895,0
2022-06-22 13:15:00,1895,1895,1895,1895,0
2022-06-22 13:16:00,1895,1895,1895,1895,0
2022-06-22 13:17:00,1895,1895,1895,1895,0
2022-06-22 13:18:00,1895,1895,1895,1895,0
2022-06-22 13:19:00,1895,1895,1895,1895,0
2022-06-22 13:20:00,1895,1895,1895,1895,0
2022-06-22 13:21:00,1895,1895,1895,1895,0
2022-06-22 13:22:00,1895,1895,1895,1895,0
2022-06-22 13:23:00,1895,1895,1895,1895,0
2022-06-22 13:24:00,1895,1895,1895,1895,0
2022-06-22 13:25:00,1895,1895,1895,1895,0
2022-06-22 13:26:00,1895,1895,1895,1895,0
2022-06-22 13:27:00,1895,1895,1895,1895,0
2022-06-22 13:28:00,1895,1895,1895,1895,0
2022-06-22 13:29:00,1895,1895,1895,1895,0
2022-06-22 13:30:00,1895,1895,1895,1895,0
2022-06-22 13:31:00,1895,1895,1895,1895,0
2022-06-22 13:32:00,1895,1895,1895,1895,0
2022-06-22 13:33:00,1895,1895,1895,1895,0
2022-06-22 13:34:00,1895,1895,1895,1895,0
2022-06-22 13:35:00,1895,1895,1895,1895,0
2022-06-22 13:36:00,1895,1895,1895,1895,0
2022-06-22 13:37:00,1895,1895,1895,1895,0
2022-06-22 13:38:00,1895,1895,1895,1895,0
2022-06-22 13:39:00,1895,1895,1895,1895,0
2022-06-22 13:40:00,1895,1895,1895,1895,0
2022-06-22 13:41:00,1895,1895,1895,1895,0
2022-06-22 13:42:00,1895,1895,1895,1895,0
2022-06-22 13:43:00,1895,1895,1895,1895,0
2022-06-22 13:44:00,1895,1895,1895,1895,0
2022-06-22 13:45:00,1895,1895,1895,1895,0
2022-06-22 13:46:00,1895,1895,1895,1895,0
2022-06-22 13:47:00,1895,1895,1895,1895,0
2022-06-22 13:48:00,1895,1895,1895,1895,0
2022-06-22 13:49:00,1895,1895,1895,1895,0
2022-06-22 13:50:00,1895,1895,1895,1895,0
2022-06-22 13:51:00,1895,1895,1895,1895,0
2022-06-22 13:52:00,1895,1895,1895,1895,0
2022-06-22 13:53:00,1895,1895,1895,1895,0
2022-06-22 13:54:00,1895,1895,1895,1895,0
2022-06-22 13:55:00,1895,1895,1895,1895,0
2022-06-22 13:56:00,1895,1895,1895,1895,0
2022-06-22 13:57:00,1895,1895,1895,1895,0
2022-06-22 13:58:00,1895,1895,1895,1895,0
2022-06-22 13:59:00,1895,1895,1895,1895,0
2022-06-22 14:00:00,1895,1895,1895,1895,0
2022-06-22 14:01:00,1895,1895,1895,1895,0
2022-06-22 14:02:00,1895,1895,1895,1895,0
2022-06-22 14:03:00,1895,1895,1895,1895,0
2022-06-22 14:04:00,1895,1895,1895,1895,0
2022-06-22 14:05:00,1895,1895,1895,1895,0
2022-06-22 14:06:00,1895,1895,1895,1895,0
2022-06-22 14:07:00,1895,1895,1895,1895,0
2022-06-22 14:08:00,1895,1895,1895,1895,0
2022-06-22 14:09:00,1895,1895,1895,1895,0
2022-06-22 14:10:00,1895,1895,1895,1895,0
2022-06-22 14:11:00,1895,1895,1895,1895,0
2022-06-22 14:12:00,1895,1895,1895,1895,0
2022-06-22 14:13:00,1895,1895,1895,1895,0
2022-06-22 14:14:00,1895,1895,1895,1895,0
2022-06-22 14:15:00,1895,1895,1895,1895,0
2022-06-22 14:16:00,1895,1895,1895,1895,0
2022-06-22 14:17:00,1895,1895,1895,1895,0
2022-06-22 14:18:00,1895,1895,1895,1895,0
2022-06-22 14:19:00,1895,1895,1895,1895,0
2022-06-22 14:20:00,1895,1895,1895,1895,0
2022-06-22 14:21:00,1895,1895,1895,1895,0
2022-06-22 14:22:00,1895,1895,1895,1895,0
2022-06-22 14:23:00,1895,1895,1895,1895,0
2022-06-22 14:24:00,1895,1895,1895,1895,0
2022-06-22 14:25:00,1895,1895,1895,1895,0
2022-06-22 14:26:00,1895,1895,1895,1895,0
2022-06-22 14:27:00,1895,1895,1895,1895,0
2022-06-22 14:28:00,1895,1895,1895,1895,0
2022-06-22 14:29:00,1895,1895,1895,1895,0
2022-06-22 14:30:00,1895,1895,1895,1895,0
2022-06-22 14:31:00,1895,1895,1895,1895,0
2022-06-22 14:32:00,1895,1895,1895,1895,0
2022-06-22 14:33:00,1895,1895,1895,1895,0
2022-06-22 14:34:00,1895,1895,1895,1895,0
2022-06-22 14:35:00,1895,1895,1895,1895,0
2022-06-22 14:36:00,1895,1895,1895,1895,0
2022-06-22 14:37:00,1895,1895,1895,1895,0
2022-06-22 14:38:00,1895,1895,1895,1895,0
2022-06-22 14:39:00,1895,1895,1895,1895,0
2022-06-22 14:40:00,1895,1895,1895,1895,0
2022-06-22 14:41:00,1895,1895,1895,1895,0
2022-06-22 14:42:00,1895,1895,1895,1895,0
2022-06-22 14:43:00,1895,1895,1895,1895,0
2022-06-22 14:44:00,1895,1895,1895,1895,0
2022-06-22 14:45:00,1895,1895,1895,1895,0
2022-06-22 14:46:00,1895,1895,1895,1895,0
2022-06-22 14:47:00,1895,1895,1895,1895,0
2022-06-22 14:48:00,1895,1895,1895,1895,0
2022-06-22 14:49:00,1895,1895,1895,1895,0
2022-06-22 14:50:00,1895,1895,1895,1895,0
2022-06-22 14:51:00,1895,1895,1895,1895,0
2022-06-22 14:52:00,1895,1895,1895,1895,0
2022-06-22 14:53:00,1895,1895,1895,1895,0
2022-06-22 14:54:00,1895,1895,1895,1895,0
2022-06-22 14:55:00,1895,1895,1895,1895,0
2022-06-22 14:56:00,1895,1895,1895,1895,0
2022-06-22 14:57:00,1895,1895,1895,1895,0
2022-06-22 14:58:00,1895,1895,1895,1895,0
2022-06-22 14:59:00,1895,1895,1895,1895,0
2022-06-22 15:00:00,1895,1895,1895,1895,0
2022-06-22 15:01:00,1895,1895,1895,1895,0
2022-06-22 15:02:00,1895,1895,1895,1895,0
2022-06-22 15:03:00,1895,1895,1895,1895,0
2022-06-22 15:04:00,1895,1895,1895,1895,0
2022-06-22 15:05:00,1895,1895,1895,1895,0
2022-06-22 15:06:00,1895,1895,1895,1895,0
2022-06-22 15:07:00,1895,1895,1895,1895,0
2022-06-22 15:08:00,1895,1895,1895,1895,0
2022-06-22 15:09:00,1895,1895,1895,1895,0
2022-06-22 15:10:00,1895,1895,1895,1895,0
2022-06-22 15:11:00,1895,1895,1895,1895,0
2022-06-22 15:12:00,1895,1895,1895,1895,0
2022-06-22 15:13:00,1895,1895,1895,1895,0
2022-06-22 15:14:00,1895,1895,1895,1895,0
2022-06-22 15:15:00,1895,1895,1895,1895,0
2022-06-22 15:16:00,1895,1895,1895,1895,0
2022-06-22 15:17:00,1895,1895,1895,1895,0
2022-06-22 15:18:00,1895,1895,1895,1895,0
2022-06-22 15:19:00,1895,1895,1895,1895,0
2022-06-22 15:20:00,1895,1895,1895,1895,0
2022-06-22 15:21:00,1895,1895,1895,1895,0
2022-06-22 15:22:00,1895,1895,1895,1895,0
2022-06-22 15:23:00,1895,1895,1895,1895,0
2022-06-22 15:24:00,1895,1895,1895,1895,0
2022-06-22 15:25:00,1895,1895,1895,1895,0
2022-06-22 15:26:00,1895,1895,1895,1895,0
2022-06-22 15:27:00,1895,1895,1895,1895,0
2022-06-22 15:28:00,1895,1895,1895,1895,0
2022-06-22 15:29:00,1895,1895,1895,1895,0
2022-06-22 15:30:00,1895,1895,1895,1895,0
2022-06-22 15:31:00,1895,1895,1895,1895,0
2022-06-22 15:32:00,1895,1895,1895,1895,0
2022-06-22 15:33:00,1895,1895,1895,1895,0
2022-06-22 15:34:00,1895,1895,1895,1895,0
2022-06-22 15:35:00,1895,1895,1895,1895,0
2022-06-22 15:36:00,1895,1895,1895,1895,0
2022-06-22 15:37:00,1895,1895,1895,1895,0
2022-06-22 15:38:00,1895,1895,1895,1895,0
2022-06-22 15:39:00,1895,1895,1895,1895,0
2022-06-22 15:40:00,1895,1895,1895,1895,0
2022-06-22 15:41:00,1895,1895,1895,1895,0
2022-06-22 15:42:00,1895,1895,1895,1895,0
2022-06-22 15:43:00,1895,1895,1895,1895,0
2022-06-22 15:44:00,1895,1895,1895,1895,0
2022-06-22 15:45:00,1895,1895,1895,1895,0
2022-06-22 15:46:00,1895,1895,1895,1895,0
2022-06-22 15:47:00,1895,1895,1895,1895,0
2022-06-22 15:48:00,1895,1895,1895,1895,0
2022-06-22 15:49:00,1895,1895,1895,1895,0
2022-06-22 15:50:00,1895,1895,1895,1895,0
2022-06-22 15:51:00,1895,1895,1895,1895,0
2022-06-22 15:52:00,1895,1895,1895,1895,0
2022-06-22 15:53:00,1895,1895,1895,1895,0
2022-06-22 15:54:00,1895,1895,1895,1895,0
2022-06-22 15:55:00,1895,1895,1895,1895,0
2022-06-22 15:56:00,1895,1895,1895,1895,0
2022-06-22 15:57:00,1895,1895,1895,1895,0
2022-06-22 15:58:00,1895,1895,1895,1895,0
2022-06-22 15:59:00,1895,1895,1895,1895,0
2022-06-23 09:00:00,1895,1895,1895,1895,0
2022-06-23 09:01:00,1895,1895,1895,1895,0
2022-06-23 09:02:00,1895,1895,1895,1895,0
2022-06-23 09:03:00,1895,1895,1895,1895,0
2022-06-23 09:04:00,1895,1895,1895,1895,0
2022-06-23 09:05:00,1895,1895,1895,1895,0
2022-06-23 09:06:00,1895,1895,1895,1895,0
2022-06-23 09:07:00,1895,1895,1895,1895,0
2022-06-23 09:08:00,1895,1895,1895,1895,0
2022-06-23 09:09:00,1895,1895,1895,1895,0
2022-06-23 09:10:00,1895,1895,1895,1895,0
2022-06-23 09:11:00,1895,1895,1895,1895,0
2022-06-23 09:12:00,1895,1895,1895,1895,0
2022-06-23 09:13:00,1895,1895,1895,1895,0
2022-06-23 09:14:00,1895,1895,1895,1895,0
2022-06-23 09:15:00,1895,1895,1895,1895,0
2022-06-23 09:16:00,1895,1895,1895,1895,0
2022-06-23 09:17:00,1895,1895,1895,1895,0
2022-06-23 09:18:00,1895,1895,1895,1895,0
2022-06-23 09:19:00,1895,1895,1895,1895,0
2022-06-23 09:20:00,1895,1895,1895,1895,0
2022-06-23 09:21:00,1895,1895,1895,1895,0
2022-06-23 09:22:00,1895,1895,1895,1895,0
2022-06-23 09:23:00,1895,1895,1895,1895,0
2022-06-23 09:24:00,1895,1895,1895,1895,0
2022-06-23 09:25:00,1895,1895,1895,1895,0
2022-06-23 09:26:00,1895,1895,1895,1895,0
2022-06-23 09:27:00,1895,1895,1895,1895,0
2022-06-23 09:28:00,1895,1895,1895,1895,0
2022-06-23 09:29:00,1895,1895,1895,1895,0
2022-06-23 09:30:00,1895,1895,1895,1895,0
2022-06-23 09:31:00,1895,1895,1895,1895,0
2022-06-23 09:32:00,1895,1895,1895,1895,0
2022-06-23 09:33:00,1895,1895,1895,1895,0
2022-06-23 09:34:00,1895,1895,1895,1895,0
2022-06-23 09:35:00,1895,1895,1895,1895,0
2022-06-23 09:36:00,1895,1895,1895,1895,0
2022-06-23 09:37:00,1895,1895,1895,1895,0
2022-06-23 09:38:00,1895,1895,1895,1895,0
2022-06-23 09:39:00,1895,1895,1895,1895,0
2022-06-23 09:40:00,1895,1895,1895,1895,0
2022-06-23 09:41:00,1895,1895,1895,1895,0
2022-06-23 09:42:00,1895,1895,1895,1895,0
2022-06-23 09:43:00,1895,1895,1895,1895,0
2022-06-23 09:44:00,1895,1895,1895,1895,0
2022-06-23 09:45:00,1895,1895,1895,1895,0
2022-06-23 09:46:00,1895,1895,1895,1895,0
2022-06-23 09:47:00,1895,1895,1895,1895,0
2022-06-23 09:48:00,1895,1895,1895,1895,0
2022-06-23 09:49:00,1895,1895,1895,1895,0
2022-06-23 09:50:00,1895,1895,1895,1895,0
2022-06-23 09:51:00,1895,1895,1895,1895,0
2022-06-23 09:52:00,1895,1895,1895,1895,0
2022-06-23 09:53:00,1895,1895,1895,1895,0
2022-06-23 09:54:00,1895,1895,1895,1895,0
2022-06-23 09:55:00,1895,1895,1895,1895,0
2022-06-23 09:56:00,1895,1895,1895,1895,0
2022-06-23 09:57:00,1895,1895,1895,1895,0
2022-06-23 09:58:00,1895,1895,1895,1895,0
2022-06-23 09:59:00,1895,1895,1895,1895,0
2022-06-23 10:00:00,1895,1895,1895,1895,0
2022-06-23 10:01:00,1895,1895,1895,1895,0
2022-06-23 10:02:00,1895,1895,1895,1895,0
2022-06-23 10:03:00,1895,1895,1895,1895,0
2022-06-23 10:04:00,1895,1895,1895,1895,0
2022-06-23 10:05:00,1895,1895,1895,1895,0
2022-06-23 10:06:00,1895,1895,1895,1895,0
2022-06-23 10:07:00,1895,1895,1895,1895,0
2022-06-23 10:08:00,1895,1895,1895,1895,0
2022-06-23 10:09:00,1895,1895,1895,1895,0
2022-06-23 10:10:00,1895,1895,1895,1895,0
2022-06-23 10:11:00,1895,1895,1895,1895,0
2022-06-23 10:12:00,1895,1895,1895,1895,0
2022-06-23 10:13:00,1895,1895,1895,1895,0
2022-06-23 10:14:00,1895,1895,1895,1895,0
2022-06-23 10:15:00,1895,1895,1895,1895,0
2022-06-23 10:16:00,1895,1895,1895,1895,0
2022-06-23 10:17:00,1895,1895,1895,1895,0
2022-06-23 10:18:00,1895,1895,1895,1895,0
2022-06-23 10:19:00,1895,1895,1895,1895,0
2022-06-23 10:20:00,1895,1895,1895,1895,0
2022-06-23 10:21:00,1895,1895,1895,1895,0
2022-06-23 10:22:00,1895,1895,1895,1895,0
2022-06-23 10:23:00,1895,1895,1895,1895,0
2022-06-23 10:24:00,1895,1895,1895,1895,0
2022-06-23 10:25:00,1895,1895,1895,1895,0
2022-06-23 10:26:00,1895,1895,1895,1895,0
2022-06-23 10:27:00,1895,1895,1895,1895,0
2022-06-23 10:28:00,1895,1895,1895,1895,0
2022-06-23 10:29:00,1895,1895,1895,1895,0
2022-06-23 10:30:00,1895,1895,1895,1895,0
2022-06-23 10:31:00,1895,1895,1895,1895,0
2022-06-23 10:32:00,1895,1895,1895,1895,0
2022-06-23 10:33:00,1895,1895,1895,1895,0
2022-06-23 10:34:00,1895,1895,1895,1895,0
2022-06-23 10:35:00,1895,1895,1895,1895,0
2022-06-23 10:36:00,1895,1895,1895,1895,0
2022-06-23 10:37:00,1895,1895,1895,1895,0
2022-06-23 10:38:00,1895,1895,1895,1895,0
2022-06-23 10:39:00,1895,1895,1895,1895,0
2022-06-23 10:40:00,1895,1895,1895,1895,0
2022-06-23 10:41:00,1895,1895,1895,1895,0
2022-06-23 10:42:00,1895,1895,1895,1895,0
2022-06-23 10:43:00,1895,1895,1895,1895,0
2022-06-23 10:44:00,1895,1895,1895,1895,0
2022-06-23 10:45:00,1895,1895,1895,1895,0
2022-06-23 10:46:00,1895,1895,1895,1895,0
2022-06-23 10:47:00,1895,1895,1895,1895,0
2022-06-23 10:48:00,1895,1895,1895,1895,0
2022-06-23 10:49:00,1895,1895,1895,1895,0
2022-06-23 10:50:00,1895,1895,1895,1895,0
2022-06-23 10:51:00,1895,1895,1895,1895,0
2022-06-23 10:52:00,1895,1895,1895,1895,0
2022-06-23 10:53:00,1895,1895,1895,1895,0
2022-06-23 10:54:00,1895,1895,1895,1895,0
2022-06-23 10:55:00,1895,1895,1895,1895,0
2022-06-23 10:56:00,1895,1895,1895,1895,0
2022-06-23 10:57:00,1895,1895,1895,1895,0
2022-06-23 10:58:00,1895,1895,1895,1895,0
2022-06-23 10:59:00,1895,1895,1895,1895,0
2022-06-23 11:00:00,1895,1895,1895,1895,0
2022-06-23 11:01:00,1895,1895,1895,1895,0
2022-06-23 11:02:00,1895,1895,1895,1895,0
2022-06-23 11:03:00,1895,1895,1895,1895,0
2022-06-23 11:04:00,1895,1895,1895,1895,0
2022-06-23 11:05:00,1895,1895,1895,1895,0
2022-06-23 11:06:00,1895,1895,1895,1895,0
2022-06-23 11:07:00,1895,1895,1895,1895,0
2022-06-23 11:08:00,1895,1895,1895,1895,0
2022-06-23 11:09:00,1895,1895,1895,1895,0
2022-06-23 11:10:00,1895,1895,1895,1895,0
2022-06-23 11:11:00,1895,1895,1895,1895,0
2022-06-23 11:12:00,1895,1895,1895,1895,0
2022-06-23 11:13:00,1895,1895,1895,1895,0
2022-06-23 11:14:00,1895,1895,1895,1895,0
2022-06-23 11:15:00,1895,1895,1895,1895,0
2022-06-23 11:16:00,1895,1895,1895,1895,0
2022-06-23 11:17:00,1895,1895,1895,1895,0
2022-06-23 11:18:00,1895,1895,1895,1895,0
2022-06-23 11:19:00,1895,1895,1895,1895,0
2022-06-23 11:20:00,1895,1895,1895,1895,0
2022-06-23 11:21:00,1895,1895,1895,1895,0
2022-06-23 11:22:00,1895,1895,1895,1895,0
2022-06-23 11:23:00,1895,1895,1895,1895,0
2022-06-23 11:24:00,1895,1895,1895,1895,0
2022-06-23 11:25:00,1895,1895,1895,1895,0
2022-06-23 11:26:00,1895,1895,1895,1895,0
2022-06-23 11:27:00,1895,1895,1895,1895,0
2022-06-23 11:28:00,1895,1895,1895,1895,0
2022-06-23 11:29:00,1895,1895,1895,1895,0
2022-06-23 11:30:00,1895,1895,1895,1895,0
2022-06-23 11:31:00,1895,1895,1895,1895,0
2022-06-23 11:32:00,1895,1895,1895,1895,0
2022-06-23 11:33:00,1895,1895,1895,1895,0
2022-06-23 11:34:00,1895,1895,1895,1895,0
2022-06-23 11:35:00,1895,1895,1895,1895,0
2022-06-23 11:36:00,1895,1895,1895,1895,0
2022-06-23 11:37:00,1895,1895,1895,1895,0
2022-06-23 11:38:00,1895,1895,1895,1895,0
2022-06-23 11:39:00,1895,1895,1895,1895,0
2022-06-23 11:40:00,1895,1895,1895,1895,0
2022-06-23 11:41:00,1895,1895,1895,1895,0
2022-06-23 11:42:00,1895,1895,1895,1895,0
2022-06-23 11:43:00,1895,1895,1895,1895,0
2022-06-23 11:44:00,1895,1895,1895,1895,0
2022-06-23 11:45:00,1895,1895,1895,1895,0
2022-06-23 11:46:00,1895,1895,1895,1895,0
2022-06-23 11:47:00,1895,1895,1895,1895,0
2022-06-23 11:48:00,1895,1895,1895,1895,0
2022-06-23 11:49:00,1895,1895,1895,1895,0
2022-06-23 11:50:00,1895,1895,1895,1895,0
2022-06-23 11:51:00,1895,1895,1895,1895,0
2022-06-23 11:52:00,1895,1895,1895,1895,0
2022-06-23 11:53:00,1895,1895,1895,1895,0
2022-06-23 11:54:00,1895,1895,1895,1895,0
2022-06-23 11:55:00,1895,1895,1895,1895,0
2022-06-23 11:56:00,1895,1895,1895,1895,0
2022-06-23 11:57:00,1895,1895,1895,1895,0
2022-06-23 11:58:00,1895,1895,1895,1895,0
2022-06-23 11:59:00,1895,1895,1895,1895,0
2022-06-23 12:00:00,1895,1895,1895,1895,0
2022-06-23 12:01:00,1895,1895,1895,1895,0
2022-06-23 12:02:00,1895,1895,1895,1895,0
2022-06-23 12:03:00,1895,1895,1895,1895,0
2022-06-23 12:04:00,1895,1895,1895,1895,0
2022-06-23 12:05:00,1895,1895,1895,1895,0
2022-06-23 12:06:00,1895,1895,1895,1895,0
2022-06-23 12:07:00,1895,1895,1895,1895,0
2022-06-23 12:08:00,1895,1895,1895,1895,0
2022-06-23 12:09:00,1895,1895,1895,1895,0
2022-06-23 12:10:00,1895,1895,1895,1895,0
2022-06-23 12:11:00,1895,1895,1895,1895,0
2022-06-23 12:12:00,1895,1895,1895,1895,0
2022-06-23 12:13:00,1895,1895,1895,1895,0
2022-06-23 12:14:00,1895,1895,1895,1895,0
2022-06-23 12:15:00,1895,1895,1895,1895,0
2022-06-23 12:16:00,1895,1895,1895,1895,0
2022-06-23 12:17:00,1895,1895,1895,1895,0
2022-06-23 12:18:00,1895,1895,1895,1895,0
2022-06-23 12:19:00,1895,1895,1895,1895,0
2022-06-23 12:20:00,1895,1895,1895,1895,0
2022-06-23 12:21:00,1895,1895,1895,1895,0
2022-06-23 12:22:00,1895,1895,1895,1895,0
2022-06-23 12:23:00,1895,1895,1895,1895,0
2022-06-23 12:24:00,1895,1895,1895,1895,0
2022-06-23 12:25:00,1895,1895,1895,1895,0
2022-06-23 12:26:00,1895,1895,1895,1895,0
2022-06-23 12:27:00,1895,1895,1895,1895,0
2022-06-23 12:28:00,1895,1895,1895,1895,0
2022-06-23 12:29:00,1895,1895,1895,1895,0
2022-06-23 12:30:00,1895,1895,1895,1895,0
2022-06-23 12:31:00,1895,1895,1895,1895,0
2022-06-23 12:32:00,1895,1895,1895,1895,0
2022-06-23 12:33:00,1895,1895,1895,1895,0
2022-06-23 12:34:00,1895,1895,1895,1895,0
2022-06-23 12:35:00,1895,1895,1895,1895,0
2022-06-23 12:36:00,1895,1895,1895,1895,0
2022-06-23 12:37:00,1895,1895,1895,1895,0
2022-06-23 12:38:00,1895,1895,1895,1895,0
2022-06-23 12:39:00,1895,1895,1895,1895,0
2022-06-23 12:40:00,1895,1895,1895,1895,0
2022-06-23 12:41:00,1895,1895,1895,1895,0
2022-06-23 12:42:00,1895,1895,1895,1895,0
2022-06-23 12:43:00,1895,1895,1895,1895,0
2022-06-23 12:44:00,1895,1895,1895,1895,0
2022-06-23 12:45:00,1895,1895,1895,1895,0
2022-06-23 12:46:00,1895,1895,1895,1895,0
2022-06-23 12:47:00,1895,1895,1895,1895,0
2022-06-23 12:48:00,1895,1895,1895,1895,0
2022-06-23 12:49:00,1895,1895,1895,1895,0
2022-06-23 12:50:00,1895,1895,1895,1895,0
2022-06-23 12:51:00,1895,1895,1895,1895,0
2022-06-23 12:52:00,1895,1895,1895,1895,0
2022-06-23 12:53:00,1895,1895,1895,1895,0
2022-06-23 12:54:00,1895,1895,1895,1895,0
2022-06-23 12:55:00,1895,1895,1895,1895,0
2022-06-23 12:56:00,1895,1895,1895,1895,0
2022-06-23 12:57:00,1895,1895,1895,1895,0
2022-06-23 12:58:00,1895,1895,1895,1895,0
2022-06-23 12:59:00,1895,1895,1895,1895,0
2022-06-23 13:00:00,1895,1895,1895,1895,0
2022-06-23 13:01:00,1895,1895,1895,1895,0
2022-06-23 13:02:00,1895,1895,1895,1895,0
2022-06-23 13:03:00,1895,1895,1895,1895,0
2022-06-23 13:04:00,1895,1895,1895,1895,0
2022-06-23 13:05:00,1895,1895,1895,1895,0
2022-06-23 13:06:00,1895,1895,1895,1895,0
2022-06-23 13:07:00,1895,1895,1895,1895,0
2022-06-23 13:08:00,1895,1895,1895,1895,0
2022-06-23 13:09:00,1895,1895,1895,1895,0
2022-06-23 13:10:00,1895,1895,1895,1895,0
2022-06-23 13:11:00,1895,1895,1895,1895,0
2022-06-23 13:12:00,1895,1895,1895,1895,0
2022-06-23 13:13:00,1895,1895,1895,1895,0
2022-06-23 13:14:00,1895,1895,1895,1895,0
2022-06-23 13:15:00,1895,1895,1895,1895,0
2022-06-23 13:16:00,1895,1895,1895,1895,0
2022-06-23 13:17:00,1895,1895,1895,1895,0
2022-06-23 13:18:00,1895,1895,1895,1895,0
2022-06-23 13:19:00,1895,1895,1895,1895,0
2022-06-23 13:20:00,1895,1895,1895,1895,0
2022-06-23 13:21:00,1895,1895,1895,1895,0
2022-06-23 13:22:00,1895,1895,1895,1895,0
2022-06-23 13:23:00,1895,1895,1895,1895,0
2022-06-23 13:24:00,1895,1895,1895,1895,0
2022-06-23 13:25:00,1895,1895,1895,1895,0
2022-06-23 13:26:00,1895,1895,1895,1895,0
2022-06-23 13:27:00,1895,1895,1895,1895,0
2022-06-23 13:28:00,1895,1895,1895,1895,0
2022-06-23 13:29:00,1895,1895,1895,1895,0
2022-06-23 13:30:00,1895,1895,1895,1895,0
2022-06-23 13:31:00,1895,1895,1895,1895,0
2022-06-23 13:32:00,1895,1895,1895,1895,0
2022-06-23 13:33:00,1895,1895,1895,1895,0
2022-06-23 13:34:00,1895,1895,1895,1895,0
2022-06-23 13:35:00,1895,1895,1895,1895,0
2022-06-23 13:36:00,1895,1895,1895,1895,0
2022-06-23 13:37:00,1895,1895,1895,1895,0
2022-06-23 13:38:00,1895,1895,1895,1895,0
2022-06-23 13:39:00,1895,1895,1895,1895,0
2022-06-23 13:40:00,1895,1895,1895,1895,0
2022-06-23 13:41:00,1895,1895,1895,1895,0
2022-06-23 13:42:00,1895,1895,1895,1895,0
2022-06-23 13:43:00,1895,1895,1895,1895,0
2022-06-23 13:44:00,1895,1895,1895,1895,0
2022-06-23 13:45:00,1895,1895,1895,1895,0
2022-06-23 13:46:00,1895,1895,1895,1895,0
2022-06-23 13:47:00,1895,1895,1895,1895,0
2022-06-23 13:48:00,1895,1895,1895,1895,0
2022-06-23 13:49:00,1895,1895,1895,1895,0
2022-06-23 13:50:00,1895,1895,1895,1895,0
2022-06-23 13:51:00,1895,1895,1895,1895,0
2022-06-23 13:52:00,1895,1895,1895,1895,0
2022-06-23 13:53:00,1895,1895,1895,1895,0
2022-06-23 13:54:00,1895,1895,1895,1895,0
2022-06-23 13:55:00,1895,1895,1895,1895,0
2022-06-23 13:56:00,1895,1895,1895,1895,0
2022-06-23 13:57:00,1895,1895,1895,1895,0
2022-06-23 13:58:00,1895,1895,1895,1895,0
2022-06-23 13:59:00,1895,1895,1895,1895,0
2022-06-23 14:00:00,1895,1895,1895,1895,0
2022-06-23 14:01:00,1895,1895,1895,1895,0
2022-06-23 14:02:00,1895,1895,1895,1895,0
2022-06-23 14:03:00,1895,1895,1895,1895,0
2022-06-23 14:04:00,1895,1895,1895,1895,0
2022-06-23 14:05:00,1895,1895,1895,1895,0
2022-06-23 14:06:00,1895,1895,1895,1895,0
2022-06-23 14:07:00,1895,1895,1895,1895,0
2022-06-23 14:08:00,1895,1895,1895,1895,0
2022-06-23 14:09:00,1895,1895,1895,1895,0
2022-06-23 14:10:00,1895,1895,1895,1895,0
2022-06-23 14:11:00,1895,1895,1895,1895,0
2022-06-23 14:12:00,1895,1895,1895,1895,0
2022-06-23 14:13:00,1895,1895,1895,1895,0
2022-06-23 14:14:00,1895,1895,1895,1895,0
2022-06-23 14:15:00,1895,1895,1895,1895,0
2022-06-23 14:16:00,1895,1895,1895,1895,0
2022-06-23 14:17:00,1895,1895,1895,1895,0
2022-06-23 14:18:00,1895,1895,1895,1895,0
2022-06-23 14:19:00,1895,1895,1895,1895,0
2022-06-23 14:20:00,1895,1895,1895,1895,0
2022-06-23 14:21:00,1895,1895,1895,1895,0
2022-06-23 14:22:00,1895,1895,1895,1895,0
2022-06-23 14:23:00,1895,1895,1895,1895,0
2022-06-23 14:24:00,1895,1895,1895,1895,0
2022-06-23 14:25:00,1895,1895,1895,1895,0
2022-06-23 14:26:00,1895,1895,1895,1895,0
2022-06-23 14:27:00,1895,1895,1895,1895,0
2022-06-23 14:28:00,1895,1895,1895,1895,0
2022-06-23 14:29:00,1895,1895,1895,1895,0
2022-06-23 14:30:00,1895,1895,1895,1895,0
2022-06-23 14:31:00,1895,1895,1895,1895,0
2022-06-23 14:32:00,1895,1895,1895,1895,0
2022-06-23 14:33:00,1895,1895,1895,1895,0
2022-06-23 14:34:00,1895,1895,1895,1895,0
2022-06-23 14:35:00,1895,1895,1895,1895,0
2022-06-23 14:36:00,1895,1895,1895,1895,0
2022-06-23 14:37:00,1895,1895,1895,1895,0
2022-06-23 14:38:00,1895,1895,1895,1895,0
2022-06-23 14:39:00,1895,1895,1895,1895,0
2022-06-23 14:40:00,1895,1895,1895,1895,0
2022-06-23 14:41:00,1895,1895,1895,1895,0
2022-06-23 14:42:00,1895,1895,1895,1895,0
2022-06-23 14:43:00,1895,1895,1895,1895,0
2022-06-23 14:44:00,1895,1895,1895,1895,0
2022-06-23 14:45:00,1895,1895,1895,1895,0
2022-06-23 14:46:00,1895,1895,1895,1895,0
2022-06-23 14:47:00,1895,1895,1895,1895,0
2022-06-23 14:48:00,1895,1895,1895,1895,0
2022-06-23 14:49:00,1895,1895,1895,1895,0
2022-06-23 14:50:00,1895,1895,1895,1895,0
2022-06-23 14:51:00,1895,1895,1895,1895,0
2022-06-23 14:52:00,1895,1895,1895,1895,0
2022-06-23 14:53:00,1895,1895,1895,1895,0
2022-06-23 14:54:00,1895,1895,1895,1895,0
2022-06-23 14:55:00,1895,1895,1895,1895,0
2022-06-23 14:56:00,1895,1895,1895,1895,0
2022-06-23 14:57:00,1895,1895,1895,1895,0
2022-06-23 14:58:00,1895,1895,1895,1895,0
2022-06-23 14:59:00,1895,1895,1895,1895,0
2022-06-23 15:00:00,1895,1895,1895,1895,0
2022-06-23 15:01:00,1895,1895,1895,1895,0
2022-06-23 15:02:00,1895,1895,1895,1895,0
2022-06-23 15:03:00,1895,1895,1895,1895,0
2022-06-23 15:04:00,1895,1895,1895,1895,0
2022-06-23 15:05:00,1895,1895,1895,1895,0
2022-06-23 15:06:00,1895,1895,1895,1895,0
2022-06-23 15:07:00,1895,1895,1895,1895,0
2022-06-23 15:08:00,1895,1895,1895,1895,0
2022-06-23 15:09:00,1895,1895,1895,1895,0
2022-06-23 15:10:00,1895,1895,1895,1895,0
2022-06-23 15:11:00,1895,1895,1895,1895,0
2022-06-23 15:12:00,1895,1895,1895,1895,0
2022-06-23 15:13:00,1895,1895,1895,1895,0
2022-06-23 15:14:00,1895,1895,1895,1895,0
2022-06-23 15:15:00,1895,1895,1895,1895,0
2022-06-23 15:16:00,1895,1895,1895,1895,0
2022-06-23 15:17:00,1895,1895,1895,1895,0
2022-06-23 15:18:00,1895,1895,1895,1895,0
2022-06-23 15:19:00,1895,1895,1895,1895,0
2022-06-23 15:20:00,1895,1895,1895,1895,0
2022-06-23 15:21:00,1895,1895,1895,1895,0
2022-06-23 15:22:00,1895,1895,1895,1895,0
2022-06-23 15:23:00,1895,1895,1895,1895,0
2022-06-23 15:24:00,1895,1895,1895,1895,0
2022-06-23 15:25:00,1895,1895,1895,1895,0
2022-06-23 15:26:00,1895,1895,1895,1895,0
2022-06-23 15:27:00,1895,1895,1895,1895,0
2022-06-23 15:28:00,1895,1895,1895,1895,0
2022-06-23 15:29:00,1895,1895,1895,1895,0
2022-06-23 15:30:00,1895,1895,1895,1895,0
2022-06-23 15:31:00,1895,1895,1895,1895,0
2022-06-23 15:32:00,1895,1895,1895,1895,0
2022-06-23 15:33:00,1895,1895,1895,1895,0
2022-06-23 15:34:00,1895,1895,1895,1895,0
2022-06-23 15:35:00,1895,1895,1895,1895,0
2022-06-23 15:36:00,1895,1895,1895,1895,0
2022-06-23 15:37:00,1895,1895,1895,1895,0
2022-06-23 15:38:00,1895,1895,1895,1895,0
2022-06-23 15:39:00,1895,1895,1895,1895,0
2022-06-23 15:40:00,1895,1895,1895,1895,0
2022-06-23 15:41:00,1895,1895,1895,1895,0
2022-06-23 15:42:00,1895,1895,1895,1895,0
2022-06-23 15:43:00,1895,1895,1895,1895,0
2022-06-23 15:44:00,1895,1895,1895,1895,0
2022-06-23 15:45:00,1895,1895,1895,1895,0
2022-06-23 15:46:00,1895,1895,1895,1895,0
2022-06-23 15:47:00,1895,1895,1895,1895,0
2022-06-23 15:48:00,1895,1895,1895,1895,0
2022-06-23 15:49:00,1895,1895,1895,1895,0
2022-06-23 15:50:00,1895,1895,1895,1895,0
2022-06-23 15:51:00,1895,1895,1895,1895,0
2022-06-23 15:52:00,1895,1895,1895,1895,0
2022-06-23 15:53:00,1895,1895,1895,1895,0
2022-06-23 15:54:00,1895,1895,1895,1895,0
2022-06-23 15:55:00,1895,1895,1895,1895,0
2022-06-23 15:56:00,1895,1895,1895,1895,0
2022-06-23 15:57:00,1895,1895,1895,1895,0
2022-06-23 15:58:00,1895,1895,1895,1895,0
2022-06-23 15:59:00,1895,1895,1895,1895,0
2022-06-24 09:00:00,1895,1895,1895,1895,0
2022-06-24 09:01:00,1895,1895,1895,1895,0
2022-06-24 09:02:00,1895,1895,1895,1895,0
2022-06-24 09:03:00,1895,1895,1895,1895,0
2022-06-24 09:04:00,1895,1895,1895,1895,0
2022-06-24 09:05:00,1895,1895,1895,1895,0
2022-06-24 09:06:00,1895,1895,1895,1895,0
2022-06-24 09:07:00,1895,1895,1895,1895,0
2022-06-24 09:08:00,1895,1895,1895,1895,0
2022-06-24 09:09:00,1895,1895,1895,1895,0
2022-06-24 09:10:00,1895,1895,1895,1895,0
2022-06-24 09:11:00,1895,1895,1895,1895,0
2022-06-24 09:12:00,1895,1895,1895,1895,0
2022-06-24 09:13:00,1895,1895,1895,1895,0
2022-06-24 09:14:00,1895,1895,1895,1895,0
2022-06-24 09:15:00,1895,1895,1895,1895,0
2022-06-24 09:16:00,1895,1895,1895,1895,0
2022-06-24 09:17:00,1895,1895,1895,1895,0
2022-06-24 09:18:00,1895,1895,1895,1895,0
2022-06-24 09:19:00,1895,1895,1895,1895,0
2022-06-24 09:20:00,1895,1895,1895,1895,0
2022-06-24 09:21:00,1895,1895,1895,1895,0
2022-06-24 09:22:00,1895,1895,1895,1895,0
2022-06-24 09:23:00,1895,1895,1895,1895,0
2022-06-24 09:24:00,1895,1895,1895,1895,0
2022-06-24 09:25:00,1895,1895,1895,1895,0
2022-06-24 09:26:00,1895,1895,1895,1895,0
2022-06-24 09:27:00,1895,1895,1895,1895,0
2022-06-24 09:28:00,1895,1895,1895,1895,0
2022-06-24 09:29:00,1895,1895,1895,1895,0
2022-06-24 09:30:00,1895,1895,1895,1895,0
2022-06-24 09:31:00,1895,1895,1895,1895,0
2022-06-24 09:32:00,1895,1895,1895,1895,0
2022-06-24 09:33:00,1895,1895,1895,1895,0
2022-06-24 09:34:00,1895,1895,1895,1895,0
2022-06-24 09:35:00,1895,1895,1895,1895,0
2022-06-24 09:36:00,1895,1895,1895,1895,0
2022-06-24 09:37:00,1895,1895,1895,1895,0
2022-06-24 09:38:00,1895,1895,1895,1895,0
2022-06-24 09:39:00,1895,1895,1895,1895,0
2022-06-24 09:40:00,1895,1895,1895,1895,0
2022-06-24 09:41:00,1895,1895,1895,1895,0
2022-06-24 09:42:00,1895,1895,1895,1895,0
2022-06-24 09:43:00,1895,1895,1895,1895,0
2022-06-24 09:44:00,1895,1895,1895,1895,0
2022-06-24 09:45:00,1895,1895,1895,1895,0
2022-06-24 09:46:00,1895,1895,1895,1895,0
2022-06-24 09:47:00,1895,1895,1895,1895,0
2022-06-24 09:48:00,1895,1895,1895,1895,0
2022-06-24 09:49:00,1895,1895,1895,1895,0
2022-06-24 09:50:00,1895,1895,1895,1895,0
2022-06-24 09:51:00,1895,1895,1895,1895,0
2022-06-24 09:52:00,1895,1895,1895,1895,0
2022-06-24 09:53:00,1895,1895,1895,1895,0
2022-06-24 09:54:00,1895,1895,1895,1895,0
2022-06-24 09:55:00,1895,1895,1895,1895,0
2022-06-24 09:56:00,1895,1895,1895,1895,0
2022-06-24 09:57:00,1895,1895,1895,1895,0
2022-06-24 09:58:00,1895,1895,1895,1895,0
2022-06-24 09:59:00,1895,1895,1895,1895,0
2022-06-24 10:00:00,1895,1895,1895,1895,0
2022-06-24 10:01:00,1895,1895,1895,1895,0
2022-06-24 10:02:00,1895,1895,1895,1895,0
2022-06-24 10:03:00,1895,1895,1895,1895,0
2022-06-24 10:04:00,1895,1895,1895,1895,0
2022-06-24 10:05:00,1895,1895,1895,1895,0
2022-06-24 10:06:00,1895,1895,1895,1895,0
2022-06-24 10:07:00,1895,1895,1895,1895,0
2022-06-24 10:08:00,1895,1895,1895,1895,0
2022-06-24 10:09:00,1895,1895,1895,1895,0
2022-06-24 10:10:00,1895,1895,1895,1895,0
2022-06-24 10:11:00,1895,1895,1895,1895,0
2022-06-24 10:12:00,1895,1895,1895,1895,0
2022-06-24 10:13:00,1895,1895,1895,1895,0
2022-06-24 10:14:00,1895,1895,1895,1895,0
2022-06-24 10:15:00,1895,1895,1895,1895,0
2022-06-24 10:16:00,1895,1895,1895,1895,0
2022-06-24 10:17:00,1895,1895,1895,1895,0
2022-06-24 10:18:00,1895,1895,1895,1895,0
2022-06-24 10:19:00,1895,1895,1895,1895,0
2022-06-24 10:20:00,1895,1895,1895,1895,0
2022-06-24 10:21:00,1895,1895,1895,1895,0
2022-06-24 10:22:00,1895,1895,1895,1895,0
2022-06-24 10:23:00,1895,1895,1895,1895,0
2022-06-24 10:24:00,1895,1895,1895,1895,0
2022-06-24 10:25:00,1895,1895,1895,1895,0
2022-06-24 10:26:00,1895,1895,1895,1895,0
2022-06-24 10:27:00,1895,1895,1895,1895,0
2022-06-24 10:28:00,1895,1895,1895,1895,0
2022-06-24 10:29:00,1895,1895,1895,1895,0
2022-06-24 10:30:00,1895,1895,1895,1895,0
2022-06-24 10:31:00,1895,1895,1895,1895,0
2022-06-24 10:32:00,1895,1895,1895,1895,0
2022-06-24 10:33:00,1895,1895,1895,1895,0
2022-06-24 10:34:00,1895,1895,1895,1895,0
2022-06-24 10:35:00,1895,1895,1895,1895,0
2022-06-24 10:36:00,1895,1895,1895,1895,0
2022-06-24 10:37:00,1895,1895,1895,1895,0
2022-06-24 10:38:00,1895,1895,1895,1895,0
2022-06-24 10:39:00,1895,1895,1895,1895,0
2022-06-24 10:40:00,1895,1895,1895,1895,0
2022-06-24 10:41:00,1895,1895,1895,1895,0
2022-06-24 10:42:00,1895,1895,1895,1895,0
2022-06-24 10:43:00,1895,1895,1895,1895,0
2022-06-24 10:44:00,1895,1895,1895,1895,0
2022-06-24 10:45:00,1895,1895,1895,1895,0
2022-06-24 10:46:00,1895,1895,1895,1895,0
2022-06-24 10:47:00,1895,1895,1895,1895,0
2022-06-24 10:48:00,1895,1895,1895,1895,0
2022-06-24 10:49:00,1895,1895,1895,1895,0
2022-06-24 10:50:00,1895,1895,1895,1895,0
2022-06-24 10:51:00,1895,1895,1895,1895,0
2022-06-24 10:52:00,1895,1895,1895,1895,0
2022-06-24 10:53:00,1895,1895,1895,1895,0
2022-06-24 10:54:00,1895,1895,1895,1895,0
2022-06-24 10:55:00,1895,1895,1895,1895,0
2022-06-24 10:56:00,1895,1895,1895,1895,0
2022-06-24 10:57:00,1895,1895,1895,1895,0
2022-06-24 10:58:00,1895,1895,1895,1895,0
2022-06-24 10:59:00,1895,1895,1895,1895,0
2022-06-24 11:00:00,1895,1895,1895,1895,0
2022-06-24 11:01:00,1895,1895,1895,1895,0
2022-06-24 11:02:00,1895,1895,1895,1895,0
2022-06-24 11:03:00,1895,1895,1895,1895,0
2022-06-24 11:04:00,1895,1895,1895,1895,0
2022-06-24 11:05:00,1895,1895,1895,1895,0
2022-06-24 11:06:00,1895,1895,1895,1895,0
2022-06-24 11:07:00,1895,1895,1895,1895,0
2022-06-24 11:08:00,1895,1895,1895,1895,0
2022-06-24 11:09:00,1895,1895,1895,1895,0
2022-06-24 11:10:00,1895,1895,1895,1895,0
2022-06-24 11:11:00,1895,1895,1895,1895,0
2022-06-24 11:12:00,1895,1895,1895,1895,0
2022-06-24 11:13:00,1895,1895,1895,1895,0
2022-06-24 11:14:00,1895,1895,1895,1895,0
2022-06-24 11:15:00,1895,1895,1895,1895,0
2022-06-24 11:16:00,1895,1895,1895,1895,0
2022-06-24 11:17:00,1895,1895,1895,1895,0
2022-06-24 11:18:00,1895,1895,1895,1895,0
2022-06-24 11:19:00,1895,1895,1895,1895,0
2022-06-24 11:20:00,1895,1895,1895,1895,0
2022-06-24 11:21:00,1895,1895,1895,1895,0
2022-06-24 11:22:00,1895,1895,1895,1895,0
2022-06-24 11:23:00,1895,1895,1895,1895,0
2022-06-24 11:24:00,1895,1895,1895,1895,0
2022-06-24 11:25:00,1895,1895,1895,1895,0
2022-06-24 11:26:00,1895,1895,1895,1895,0
2022-06-24 11:27:00,1895,1895,1895,1895,0
2022-06-24 11:28:00,1895,1895,1895,1895,0
2022-06-24 11:29:00,1895,1895,1895,1895,0
2022-06-24 11:30:00,1895,1895,1895,1895,0
2022-06-24 11:31:00,1895,1895,1895,1895,0
2022-06-24 11:32:00,1895,1895,1895,1895,0
2022-06-24 11:33:00,1895,1895,1895,1895,0
2022-06-24 11:34:00,1895,1895,1895,1895,0
2022-06-24 11:35:00,1895,1895,1895,1895,0
2022-06-24 11:36:00,1895,1895,1895,1895,0
2022-06-24 11:37:00,1895,1895,1895,1895,0
2022-06-24 11:38:00,1895,1895,1895,1895,0
2022-06-24 11:39:00,1895,1895,1895,1895,0
2022-06-24 11:40:00,1895,1895,1895,1895,0
2022-06-24 11:41:00,1895,1895,1895,1895,0
2022-06-24 11:42:00,1895,1895,1895,1895,0
2022-06-24 11:43:00,1895,1895,1895,1895,0
2022-06-24 11:44:00,1895,1895,1895,1895,0
2022-06-24 11:45:00,1895,1895,1895,1895,0
2022-06-24 11:46:00,1895,1895,1895,1895,0
2022-06-24 11:47:00,1895,1895,1895,1895,0
2022-06-24 11:48:00,1895,1895,1895,1895,0
2022-06-24 11:49:00,1895,1895,1895,1895,0
2022-06-24 11:50:00,1895,1895,1895,1895,0
2022-06-24 11:51:00,1895,1895,1895,1895,0
2022-06-24 11:52:00,1895,1895,1895,1895,0
2022-06-24 11:53:00,1895,1895,1895,1895,0
2022-06-24 11:54:00,1895,1895,1895,1895,0
2022-06-24 11:55:00,1895,1895,1895,1895,0
2022-06-24 11:56:00,1895,1895,1895,1895,0
2022-06-24 11:57:00,1895,1895,1895,1895,0
2022-06-24 11:58:00,1895,1895,1895,1895,0
2022-06-24 11:59:00,1895,1895,1895,1895,0
2022-06-24 12:00:00,1895,1895,1895,1895,0
2022-06-24 12:01:00,1895,1895,1895,1895,0
2022-06-24 12:02:00,1895,1895,1895,1895,0
2022-06-24 12:03:00,1895,1895,1895,1895,0
2022-06-24 12:04:00,1895,1895,1895,1895,0
2022-06-24 12:05:00,1895,1895,1895,1895,0
2022-06-24 12:06:00,1895,1895,1895,1895,0
2022-06-24 12:07:00,1895,1895,1895,1895,0
2022-06-24 12:08:00,1895,1895,1895,1895,0
2022-06-24 12:09:00,1895,1895,1895,1895,0
2022-06-24 12:10:00,1895,1895,1895,1895,0
2022-06-24 12:11:00,1895,1895,1895,1895,0
2022-06-24 12:12:00,1895,1895,1895,1895,0
2022-06-24 12:13:00,1895,1895,1895,1895,0
2022-06-24 12:14:00,1895,1895,1895,1895,0
2022-06-24 12:15:00,1895,1895,1895,1895,0
2022-06-24 12:16:00,1895,1895,1895,1895,0
2022-06-24 12:17:00,1895,1895,1895,1895,0
2022-06-24 12:18:00,1895,1895,1895,1895,0
2022-06-24 12:19:00,1895,1895,1895,1895,0
2022-06-24 12:20:00,1895,1895,1895,1895,0
2022-06-24 12:21:00,1895,1895,1895,1895,0
2022-06-24 12:22:00,1895,1895,1895,1895,0
2022-06-24 12:23:00,1895,1895,1895,1895,0
2022-06-24 12:24:00,1895,1895,1895,1895,0
2022-06-24 12:25:00,1895,1895,1895,1895,0
2022-06-24 12:26:00,1895,1895,1895,1895,0
2022-06-24 12:27:00,1895,1895,1895,1895,0
2022-06-24 12:28:00,1895,1895,1895,1895,0
2022-06-24 12:29:00,1895,1895,1895,1895,0
2022-06-24 12:30:00,1895,1895,1895,1895,0
2022-06-24 12:31:00,1895,1895,1895,1895,0
2022-06-24 12:32:00,1895,1895,1895,1895,0
2022-06-24 12:33:00,1895,1895,1895,1895,0
2022-06-24 12:34:00,1895,1895,1895,1895,0
2022-06-24 12:35:00,1895,1895,1895,1895,0
2022-06-24 12:36:00,1895,1895,1895,1895,0
2022-06-24 12:37:00,1895,1895,1895,1895,0
2022-06-24 12:38:00,1895,1895,1895,1895,0
2022-06-24 12:39:00,1895,1895,1895,1895,0
2022-06-24 12:40:00,1895,1895,1895,1895,0
2022-06-24 12:41:00,1895,1895,1895,1895,0
2022-06-24 12:42:00,1895,1895,1895,1895,0
2022-06-24 12:43:00,1895,1895,1895,1895,0
2022-06-24 12:44:00,1895,1895,1895,1895,0
2022-06-24 12:45:00,1895,1895,1895,1895,0
2022-06-24 12:46:00,1895,1895,1895,1895,0
2022-06-24 12:47:00,1895,1895,1895,1895,0
2022-06-24 12:48:00,1895,1895,1895,1895,0
2022-06-24 12:49:00,1895,1895,1895,1895,0
2022-06-24 12:50:00,1895,1895,1895,1895,0
2022-06-24 12:51:00,1895,1895,1895,1895,0
2022-06-24 12:52:00,1895,1895,1895,1895,0
2022-06-24 12:53:00,1895,1895,1895,1895,0
2022-06-24 12:54:00,1895,1895,1895,1895,0
2022-06-24 12:55:00,1895,1895,1895,1895,0
2022-06-24 12:56:00,1895,1895,1895,1895,0
2022-06-24 12:57:00,1895,1895,1895,1895,0
2022-06-24 12:58:00,1895,1895,1895,1895,0
2022-06-24 12:59:00,1895,1895,1895,1895,0
2022-06-24 13:00:00,1895,1895,1895,1895,0
2022-06-24 13:01:00,1895,1895,1895,1895,0
2022-06-24 13:02:00,1895,1895,1895,1895,0
2022-06-24 13:03:00,1895,1895,1895,1895,0
2022-06-24 13:04:00,1895,1895,1895,1895,0
2022-06-24 13:05:00,1895,1895,1895,1895,0
2022-06-24 13:06:00,1895,1895,1895,1895,0
2022-06-24 13:07:00,1895,1895,1895,1895,0
2022-06-24 13:08:00,1895,1895,1895,1895,0
2022-06-24 13:09:00,1895,1895,1895,1895,0
2022-06-24 13:10:00,1895,1895,1895,1895,0
2022-06-24 13:11:00,1895,1895,1895,1895,0
2022-06-24 13:12:00,1895,1895,1895,1895,0
2022-06-24 13:13:00,1895,1895,1895,1895,0
2022-06-24 13:14:00,1895,1895,1895,1895,0
2022-06-24 13:15:00,1895,1895,1895,1895,0
2022-06-24 13:16:00,1895,1895,1895,1895,0
2022-06-24 13:17:00,1895,1895,1895,1895,0
2022-06-24 13:18:00,1895,1895,1895,1895,0
2022-06-24 13:19:00,1895,1895,1895,1895,0
2022-06-24 13:20:00,1895,1895,1895,1895,0
2022-06-24 13:21:00,1895,1895,1895,1895,0
2022-06-24 13:22:00,1895,1895,1895,1895,0
2022-06-24 13:23:00,1895,1895,1895,1895,0
2022-06-24 13:24:00,1895,1895,1895,1895,0
2022-06-24 13:25:00,1895,1895,1895,1895,0
2022-06-24 13:26:00,1895,1895,1895,1895,0
2022-06-24 13:27:00,1895,1895,1895,1895,0
2022-06-24 13:28:00,1895,1895,1895,1895,0
2022-06-24 13:29:00,1895,1895,1895,1895,0
2022-06-24 13:30:00,1895,1895,1895,1895,0
2022-06-24 13:31:00,1895,1895,1895,1895,0
2022-06-24 13:32:00,1895,1895,1895,1895,0
2022-06-24 13:33:00,1895,1895,1895,1895,0
2022-06-24 13:34:00,1895,1895,1895,1895,0
2022-06-24 13:35:00,1895,1895,1895,1895,0
2022-06-24 13:36:00,1895,1895,1895,1895,0
2022-06-24 13:37:00,1895,1895,1895,1895,0
2022-06-24 13:38:00,1895,1895,1895,1895,0
2022-06-24 13:39:00,1895,1895,1895,1895,0
2022-06-24 13:40:00,1895,1895,1895,1895,0
2022-06-24 13:41:00,1895,1895,1895,1895,0
2022-06-24 13:42:00,1895,1895,1895,1895,0
2022-06-24 13:43:00,1895,1895,1895,1895,0
2022-06-24 13:44:00,1895,1895,1895,1895,0
2022-06-24 13:45:00,1895,1895,1895,1895,0
2022-06-24 13:46:00,1895,1895,1895,1895,0
2022-06-24 13:47:00,1895,1895,1895,1895,0
2022-06-24 13:48:00,1895,1895,1895,1895,0
2022-06-24 13:49:00,1895,1895,1895,1895,0
2022-06-24 13:50:00,1895,1895,1895,1895,0
2022-06-24 13:51:00,1895,1895,1895,1895,0
2022-06-24 13:52:00,1895,1895,1895,1895,0
2022-06-24 13:53:00,1895,1895,1895,1895,0
2022-06-24 13:54:00,1895,1895,1895,1895,0
2022-06-24 13:55:00,1895,1895,1895,1895,0
2022-06-24 13:56:00,1895,1895,1895,1895,0
2022-06-24 13:57:00,1895,1895,1895,1895,0
2022-06-24 13:58:00,1895,1895,1895,1895,0
2022-06-24 13:59:00,1895,1895,1895,1895,0
2022-06-24 14:00:00,1895,1895,1895,1895,0
2022-06-24 14:01:00,1895,1895,1895,1895,0
2022-06-24 14:02:00,1895,1895,1895,1895,0
2022-06-24 14:03:00,1895,1895,1895,1895,0
2022-06-24 14:04:00,1895,1895,1895,1895,0
2022-06-24 14:05:00,1895,1895,1895,1895,0
2022-06-24 14:06:00,1895,1895,1895,1895,0
2022-06-24 14:07:00,1895,1895,1895,1895,0
2022-06-24 14:08:00,1895,1895,1895,1895,0
2022-06-24 14:09:00,1895,1895,1895,1895,0
2022-06-24 14:10:00,1895,1895,1895,1895,0
2022-06-24 14:11:00,1895,1895,1895,1895,0
2022-06-24 14:12:00,1895,1895,1895,1895,0
2022-06-24 14:13:00,1895,1895,1895,1895,0
2022-06-24 14:14:00,1895,1895,1895,1895,0
2022-06-24 14:15:00,1895,1895,1895,1895,0
2022-06-24 14:16:00,1895,1895,1895,1895,0
2022-06-24 14:17:00,1895,1895,1895,1895,0
2022-06-24 14:18:00,1895,1895,1895,1895,0
2022-06-24 14:19:00,1895,1895,1895,1895,0
2022-06-24 14:20:00,1895,1895,1895,1895,0
2022-06-24 14:21:00,1895,1895,1895,1895,0
2022-06-24 14:22:00,1895,1895,1895,1895,0
2022-06-24 14:23:00,1895,1895,1895,1895,0
2022-06-24 14:24:00,1895,1895,1895,1895,0
2022-06-24 14:25:00,1895,1895,1895,1895,0
2022-06-24 14:26:00,1895,1895,1895,1895,0
2022-06-24 14:27:00,1895,1895,1895,1895,0
2022-06-24 14:28:00,1895,1895,1895,1895,0
2022-06-24 14:29:00,1895,1895,1895,1895,0
2022-06-24 14:30:00,1895,1895,1895,1895,0
2022-06-24 14:31:00,1895,1895,1895,1895,0
2022-06-24 14:32:00,1895,1895,1895,1895,0
2022-06-24 14:33:00,1895,1895,1895,1895,0
2022-06-24 14:34:00,1895,1895,1895,1895,0
2022-06-24 14:35:00,1895,1895,1895,1895,0
2022-06-24 14:36:00,1895,1895,1895,1895,0
2022-06-24 14:37:00,1895,1895,1895,1895,0
2022-06-24 14:38:00,1895,1895,1895,1895,0
2022-06-24 14:39:00,1895,1895,1895,1895,0
2022-06-24 14:40:00,1895,1895,1895,1895,0
2022-06-24 14:41:00,1895,1895,1895,1895,0
2022-06-24 14:42:00,1895,1895,1895,1895,0
2022-06-24 14:43:00,1895,1895,1895,1895,0
2022-06-24 14:44:00,1895,1895,1895,1895,0
2022-06-24 14:45:00,1895,1895,1895,1895,0
2022-06-24 14:46:00,1895,1895,1895,1895,0
2022-06-24 14:47:00,1895,1895,1895,1895,0
2022-06-24 14:48:00,1895,1895,1895,1895,0
2022-06-24 14:49:00,1895,1895,1895,1895,0
2022-06-24 14:50:00,1895,1895,1895,1895,0
2022-06-24 14:51:00,1895,1895,1895,1895,0
2022-06-24 14:52:00,1895,1895,1895,1895,0
2022-06-24 14:53:00,1895,1895,1895,1895,0
2022-06-24 14:54:00,1895,1895,1895,1895,0
2022-06-24 14:55:00,1895,1895,1895,1895,0
2022-06-24 14:56:00,1895,1895,1895,1895,0
2022-06-24 14:57:00,1895,1895,1895,1895,0
2022-06-24 14:58:00,1895,1895,1895,1895,0
2022-06-24 14:59:00,1895,1895,1895,1895,0
2022-06-24 15:00:00,1895,1895,1895,1895,0
2022-06-24 15:01:00,1895,1895,1895,1895,0
2022-06-24 15:02:00,1895,1895,1895,1895,0
2022-06-24 15:03:00,1895,1895,1895,1895,0
2022-06-24 15:04:00,1895,1895,1895,1895,0
2022-06-24 15:05:00,1895,1895,1895,1895,0
2022-06-24 15:06:00,1895,1895,1895,1895,0
2022-06-24 15:07:00,1895,1895,1895,1895,0
2022-06-24 15:08:00,1895,1895,1895,1895,0
2022-06-24 15:09:00,1895,1895,1895,1895,0
2022-06-24 15:10:00,1895,1895,1895,1895,0
2022-06-24 15:11:00,1895,1895,1895,1895,0
2022-06-24 15:12:00,1895,1895,1895,1895,0
2022-06-24 15:13:00,1895,1895,1895,1895,0
2022-06-24 15:14:00,1895,1895,1895,1895,0
2022-06-24 15:15:00,1895,1895,1895,1895,0
2022-06-24 15:16:00,1895,1895,1895,1895,0
2022-06-24 15:17:00,1895,1895,1895,1895,0
2022-06-24 15:18:00,1895,1895,1895,1895,0
2022-06-24 15:19:00,1895,1895,1895,1895,0
2022-06-24 15:20:00,1895,1895,1895,1895,0
2022-06-24 15:21:00,1895,1895,1895,1895,0
2022-06-24 15:22:00,1895,1895,1895,1895,0
2022-06-24 15:23:00,1895,1895,1895,1895,0
2022-06-24 15:24:00,1895,1895,1895,1895,0
2022-06-24 15:25:00,1895,1895,1895,1895,0
2022-06-24 15:26:00,1895,1895,1895,1895,0
2022-06-24 15:27:00,1895,1895,1895,1895,0
2022-06-24 15:28:00,1895,1895,1895,1895,0
2022-06-24 15:29:00,1895,1895,1895,1895,0
2022-06-24 15:30:00,1895,1895,1895,1895,0
2022-06-24 15:31:00,1895,1895,1895,1895,0
2022-06-24 15:32:00,1895,1895,1895,1895,0
2022-06-24 15:33:00,1895,1895,1895,1895,0
2022-06-24 15:34:00,1895,1895,1895,1895,0
2022-06-24 15:35:00,1895,1895,1895,1895,0
2022-06-24 15:36:00,1895,1895,1895,1895,0
2022-06-24 15:37:00,1895,1895,1895,1895,0
2022-06-24 15:38:00,1895,1895,1895,1895,0
2022-06-24 15:39:00,1895,1895,1895,1895,0
2022-06-24 15:40:00,1895,1895,1895,1895,0
2022-06-24 15:41:00,1895,1895,1895,1895,0
2022-06-24 15:42:00,1895,1895,1895,1895,0
2022-06-24 15:43:00,1895,1895,1895,1895,0
2022-06-24 15:44:00,1895,1895,1895,1895,0
2022-06-24 15:45:00,1895,1895,1895,1895,0
2022-06-24 15:46:00,1895,1895,1895,1895,0
2022-06-24 15:47:00,1895,1895,1895,1895,0
2022-06-24 15:48:00,1895,1895,1895,1895,0
2022-06-24 15:49:00,1895,1895,1895,1895,0
2022-06-24 15:50:00,1895,1895,1895,1895,0
2022-06-24 15:51:00,1895,1895,1895,1895,0
2022-06-24 15:52:00,1895,1895,1895,1895,0
2022-06-24 15:53:00,1895,1895,1895,1895,0
2022-06-24 15:54:00,1895,1895,1895,1895,0
2022-06-24 15:55:00,1895,1895,1895,1895,0
2022-06-24 15:56:00,1895,1895,1895,1895,0
2022-06-24 15:57:00,1895,1895,1895,1895,0
2022-06-24 15:58:00,1895,1895,1895,1895,0
2022-06-24 15:59:00,1895,1895,1895,1895,0
2022-06-27 09:00:00,1890,1890,1890,1890,0
2022-06-27 09:01:00,1890,1890,1890,1890,0
2022-06-27 09:02:00,1890,1890,1890,1890,0
2022-06-27 09:03:00,1890,1890,1890,1890,0
2022-06-27 09:04:00,1890,1890,1890,1890,0
2022-06-27 09:05:00,1890,1890,1890,1890,0
2022-06-27 09:06:00,1890,1890,1890,1890,0
2022-06-27 09:07:00,1890,1890,1890,1890,0
2022-06-27 09:08:00,1890,1890,1890,1890,0
2022-06-27 09:09:00,1890,1890,1890,1890,0
2022-06-27 09:10:00,1890,1890,1890,1890,0
2022-06-27 09:11:00,1890,1890,1890,1890,0
2022-06-27 09:12:00,1890,1890,1890,1890,0
2022-06-27 09:13:00,1890,1890,1890,1890,0
2022-06-27 09:14:00,1890,1890,1890,1890,0
2022-06-27 09:15:00,1890,1890,1890,1890,0
2022-06-27 09:16:00,1890,1890,1890,1890,0
2022-06-27 09:17:00,1890,1890,1890,1890,0
2022-06-27 09:18:00,1890,1890,1890,1890,0
2022-06-27 09:19:00,1890,1890,1890,1890,0
2022-06-27 09:20:00,1890,1890,1890,1890,0
2022-06-27 09:21:00,1890,1890,1890,1890,0
2022-06-27 09:22:00,1890,1890,1890,1890,0
2022-06-27 09:23:00,1890,1890,1890,1890,0
2022-06-27 09:24:00,1890,1890,1890,1890,0
2022-06-27 09:25:00,1890,1890,1890,1890,0
2022-06-27 09:26:00,1890,1890,1890,1890,0
2022-06-27 09:27:00,1890,1890,1890,1890,0
2022-06-27 09:28:00,1890,1890,1890,1890,0
2022-06-27 09:29:00,1890,1890,1890,1890,0
2022-06-27 09:30:00,1890,1890,1890,1890,0
2022-06-27 09:31:00,1890,1890,1890,1890,0
2022-06-27 09:32:00,1890,1890,1890,1890,0
2022-06-27 09:33:00,1890,1890,1890,1890,0
2022-06-27 09:34:00,1890,1890,1890,1890,0
2022-06-27 09:35:00,1890,1890,1890,1890,0
2022-06-27 09:36:00,1890,1890,1890,1890,0
2022-06-27 09:37:00,1890,1890,1890,1890,0
2022-06-27 09:38:00,1890,1890,1890,1890,0
2022-06-27 09:39:00,1890,1890,1890,1890,0
2022-06-27 09:40:00,1890,1890,1890,1890,0
2022-06-27 09:41:00,1890,1890,1890,1890,0
2022-06-27 09:42:00,1890,1890,1890,1890,0
2022-06-27 09:43:00,1890,1890,1890,1890,0
2022-06-27 09:44:00,1890,1890,1890,1890,0
2022-06-27 09:45:00,1890,1890,1890,1890,0
2022-06-27 09:46:00,1890,1890,1890,1890,0
2022-06-27 09:47:00,1890,1890,1890,1890,0
2022-06-27 09:48:00,1890,1890,1890,1890,0
2022-06-27 09:49:00,1890,1890,1890,1890,0
2022-06-27 09:50:00,1890,1890,1890,1890,0
2022-06-27 09:51:00,1890,1890,1890,1890,0
2022-06-27 09:52:00,1890,1890,1890,1890,0
2022-06-27 09:53:00,1890,1890,1890,1890,0
2022-06-27 09:54:00,1890,1890,1890,1890,0
2022-06-27 09:55:00,1890,1890,1890,1890,0
2022-06-27 09:56:00,1890,1890,1890,1890,0
2022-06-27 09:57:00,1890,1890,1890,1890,0
2022-06-27 09:58:00,1890,1890,1890,1890,0
2022-06-27 09:59:00,1890,1890,1890,1890,0
2022-06-27 10:00:00,1890,1890,1890,1890,0
2022-06-27 10:01:00,1890,1890,1890,1890,0
2022-06-27 10:02:00,1890,1890,1890,1890,0
2022-06-27 10:03:00,1890,1890,1890,1890,0
2022-06-27 10:04:00,1890,1890,1890,1890,0
2022-06-27 10:05:00,1890,1890,1890,1890,0
2022-06-27 10:06:00,1890,1890,1890,1890,0
2022-06-27 10:07:00,1890,1890,1890,1890,0
2022-06-27 10:08:00,1890,1890,1890,1890,0
2022-06-27 10:09:00,1890,1890,1890,1890,0
2022-06-27 10:10:00,1890,1890,1890,1890,0
2022-06-27 10:11:00,1890,1890,1890,1890,0
2022-06-27 10:12:00,1890,1890,1890,1890,0
2022-06-27 10:13:00,1890,1890,1890,1890,0
2022-06-27 10:14:00,1890,1890,1890,1890,0
2022-06-27 10:15:00,1890,1890,1890,1890,0
2022-06-27 10:16:00,1890,1890,1890,1890,0
2022-06-27 10:17:00,1890,1890,1890,1890,0
2022-06-27 10:18:00,1890,1890,1890,1890,0
2022-06-27 10:19:00,1890,1890,1890,1890,0
2022-06-27 10:20:00,1890,1890,1890,1890,0
2022-06-27 10:21:00,1890,1890,1890,1890,0
2022-06-27 10:22:00,1890,1890,1890,1890,0
2022-06-27 10:23:00,1890,1890,1890,1890,0
2022-06-27 10:24:00,1890,1890,1890,1890,0
2022-06-27 10:25:00,1890,1890,1890,1890,0
2022-06-27 10:26:00,1890,1890,1890,1890,0
2022-06-27 10:27:00,1890,1890,1890,1890,0
2022-06-27 10:28:00,1890,1890,1890,1890,0
2022-06-27 10:29:00,1890,1890,1890,1890,0
2022-06-27 10:30:00,1890,1890,1890,1890,0
2022-06-27 10:31:00,1890,1890,1890,1890,0
2022-06-27 10:32:00,1890,1890,1890,1890,0
2022-06-27 10:33:00,1890,1890,1890,1890,0
2022-06-27 10:34:00,1890,1890,1890,1890,0
2022-06-27 10:35:00,1890,1890,1890,1890,0
2022-06-27 10:36:00,1890,1890,1890,1890,0
2022-06-27 10:37:00,1890,1890,1890,1890,0
2022-06-27 10:38:00,1890,1890,1890,1890,0
2022-06-27 10:39:00,1890,1890,1890,1890,0
2022-06-27 10:40:00,1890,1890,1890,1890,0
2022-06-27 10:41:00,1890,1890,1890,1890,0
2022-06-27 10:42:00,1890,1890,1890,1890,0
2022-06-27 10:43:00,1890,1890,1890,1890,0
2022-06-27 10:44:00,1890,1890,1890,1890,0
2022-06-27 10:45:00,1890,1890,1890,1890,0
2022-06-27 10:46:00,1890,1890,1890,1890,0
2022-06-27 10:47:00,1890,1890,1890,1890,0
2022-06-27 10:48:00,1890,1890,1890,1890,0
2022-06-27 10:49:00,1890,1890,1890,1890,0
2022-06-27 10:50:00,1890,1890,1890,1890,0
2022-06-27 10:51:00,1890,1890,1890,1890,0
2022-06-27 10:52:00,1890,1890,1890,1890,0
2022-06-27 10:53:00,1890,1890,1890,1890,0
2022-06-27 10:54:00,1890,1890,1890,1890,0
2022-06-27 10:55:00,1890,1890,1890,1890,0
2022-06-27 10:56:00,1890,1890,1890,1890,0
2022-06-27 10:57:00,1890,1890,1890,1890,0
2022-06-27 10:58:00,1890,1890,1890,1890,0
2022-06-27 10:59:00,1890,1890,1890,1890,0
2022-06-27 11:00:00,1890,1890,1890,1890,0
2022-06-27 11:01:00,1890,1890,1890,1890,0
2022-06-27 11:02:00,1890,1890,1890,1890,0
2022-06-27 11:03:00,1890,1890,1890,1890,0
2022-06-27 11:04:00,1890,1890,1890,1890,0
2022-06-27 11:05:00,1890,1890,1890,1890,0
2022-06-27 11:06:00,1890,1890,1890,1890,0
2022-06-27 11:07:00,1890,1890,1890,1890,0
2022-06-27 11:08:00,1890,1890,1890,1890,0
2022-06-27 11:09:00,1890,1890,1890,1890,0
2022-06-27 11:10:00,1890,1890,1890,1890,0
2022-06-27 11:11:00,1890,1890,1890,1890,0
2022-06-27 11:12:00,1890,1890,1890,1890,0
2022-06-27 11:13:00,1890,1890,1890,1890,0
2022-06-27 11:14:00,1890,1890,1890,1890,0
2022-06-27 11:15:00,1890,1890,1890,1890,0
2022-06-27 11:16:00,1890,1890,1890,1890,0
2022-06-27 11:17:00,1890,1890,1890,1890,0
2022-06-27 11:18:00,1890,1890,1890,1890,0
2022-06-27 11:19:00,1890,1890,1890,1890,0
2022-06-27 11:20:00,1890,1890,1890,1890,0
2022-06-27 11:21:00,1890,1890,1890,1890,0
2022-06-27 11:22:00,1890,1890,1890,1890,0
2022-06-27 11:23:00,1890,1890,1890,1890,0
2022-06-27 11:24:00,1890,1890,1890,1890,0
2022-06-27 11:25:00,1890,1890,1890,1890,0
2022-06-27 11:26:00,1890,1890,1890,1890,0
2022-06-27 11:27:00,1890,1890,1890,1890,0
2022-06-27 11:28:00,1890,1890,1890,1890,0
2022-06-27 11:29:00,1890,1890,1890,1890,0
2022-06-27 11:30:00,1890,1890,1890,1890,0
2022-06-27 11:31:00,1890,1890,1890,1890,0
2022-06-27 11:32:00,1890,1890,1890,1890,0
2022-06-27 11:33:00,1890,1890,1890,1890,0
2022-06-27 11:34:00,1890,1890,1890,1890,0
2022-06-27 11:35:00,1890,1890,1890,1890,0
2022-06-27 11:36:00,1890,1890,1890,1890,0
2022-06-27 11:37:00,1890,1890,1890,1890,0
2022-06-27 11:38:00,1890,1890,1890,1890,0
2022-06-27 11:39:00,1890,1890,1890,1890,0
2022-06-27 11:40:00,1890,1890,1890,1890,0
2022-06-27 11:41:00,1890,1890,1890,1890,0
2022-06-27 11:42:00,1890,1890,1890,1890,0
2022-06-27 11:43:00,1890,1890,1890,1890,0
2022-06-27 11:44:00,1890,1890,1890,1890,0
2022-06-27 11:45:00,1890,1890,1890,1890,0
2022-06-27 11:46:00,1890,1890,1890,1890,0
2022-06-27 11:47:00,1890,1890,1890,1890,0
2022-06-27 11:48:00,1890,1890,1890,1890,0
2022-06-27 11:49:00,1890,1890,1890,1890,0
2022-06-27 11:50:00,1890,1890,1890,1890,0
2022-06-27 11:51:00,1890,1890,1890,1890,0
2022-06-27 11:52:00,1890,1890,1890,1890,0
2022-06-27 11:53:00,1890,1890,1890,1890,0
2022-06-27 11:54:00,1890,1890,1890,1890,0
2022-06-27 11:55:00,1890,1890,1890,1890,0
2022-06-27 11:56:00,1890,1890,1890,1890,0
2022-06-27 11:57:00,1890,1890,1890,1890,0
2022-06-27 11:58:00,1890,1890,1890,1890,0
2022-06-27 11:59:00,1890,1890,1890,1890,0
2022-06-27 12:00:00,1890,1890,1890,1890,0
2022-06-27 12:01:00,1890,1890,1890,1890,0
2022-06-27 12:02:00,1890,1890,1890,1890,0
2022-06-27 12:03:00,1890,1890,1890,1890,0
2022-06-27 12:04:00,1890,1890,1890,1890,0
2022-06-27 12:05:00,1890,1890,1890,1890,0
2022-06-27 12:06:00,1890,1890,1890,1890,0
2022-06-27 12:07:00,1890,1890,1890,1890,0
2022-06-27 12:08:00,1890,1890,1890,1890,0
2022-06-27 12:09:00,1890,1890,1890,1890,0
2022-06-27 12:10:00,1890,1890,1890,1890,0
2022-06-27 12:11:00,1890,1890,1890,1890,0
2022-06-27 12:12:00,1890,1890,1890,1890,0
2022-06-27 12:13:00,1890,1890,1890,1890,0
2022-06-27 12:14:00,1890,1890,1890,1890,0
2022-06-27 12:15:00,1890,1890,1890,1890,0
2022-06-27 12:16:00,1890,1890,1890,1890,0
2022-06-27 12:17:00,1890,1890,1890,1890,0
2022-06-27 12:18:00,1890,1890,1890,1890,0
2022-06-27 12:19:00,1890,1890,1890,1890,0
2022-06-27 12:20:00,1890,1890,1890,1890,0
2022-06-27 12:21:00,1890,1890,1890,1890,0
2022-06-27 12:22:00,1890,1890,1890,1890,0
2022-06-27 12:23:00,1890,1890,1890,1890,0
2022-06-27 12:24:00,1890,1890,1890,1890,0
2022-06-27 12:25:00,1890,1890,1890,1890,0
2022-06-27 12:26:00,1890,1890,1890,1890,0
2022-06-27 12:27:00,1890,1890,1890,1890,0
2022-06-27 12:28:00,1890,1890,1890,1890,0
2022-06-27 12:29:00,1890,1890,1890,1890,0
2022-06-27 12:30:00,1890,1890,1890,1890,0
2022-06-27 12:31:00,1890,1890,1890,1890,0
2022-06-27 12:32:00,1890,1890,1890,1890,0
2022-06-27 12:33:00,1890,1890,1890,1890,0
2022-06-27 12:34:00,1890,1890,1890,1890,0
2022-06-27 12:35:00,1890,1890,1890,1890,0
2022-06-27 12:36:00,1890,1890,1890,1890,0
2022-06-27 12:37:00,1890,1890,1890,1890,0
2022-06-27 12:38:00,1890,1890,1890,1890,0
2022-06-27 12:39:00,1890,1890,1890,1890,0
2022-06-27 12:40:00,1890,1890,1890,1890,0
2022-06-27 12:41:00,1890,1890,1890,1890,0
2022-06-27 12:42:00,1890,1890,1890,1890,0
2022-06-27 12:43:00,1890,1890,1890,1890,0
2022-06-27 12:44:00,1890,1890,1890,1890,0
2022-06-27 12:45:00,1890,1890,1890,1890,0
2022-06-27 12:46:00,1890,1890,1890,1890,0
2022-06-27 12:47:00,1890,1890,1890,1890,0
2022-06-27 12:48:00,1890,1890,1890,1890,0
2022-06-27 12:49:00,1890,1890,1890,1890,0
2022-06-27 12:50:00,1890,1890,1890,1890,0
2022-06-27 12:51:00,1890,1890,1890,1890,0
2022-06-27 12:52:00,1890,1890,1890,1890,0
2022-06-27 12:53:00,1890,1890,1890,1890,0
2022-06-27 12:54:00,1890,1890,1890,1890,0
2022-06-27 12:55:00,1890,1890,1890,1890,0
2022-06-27 12:56:00,1890,1890,1890,1890,0
2022-06-27 12:57:00,1890,1890,1890,1890,0
2022-06-27 12:58:00,1890,1890,1890,1890,0
2022-06-27 12:59:00,1890,1890,1890,1890,0
2022-06-27 13:00:00,1890,1890,1890,1890,0
2022-06-27 13:01:00,1890,1890,1890,1890,0
2022-06-27 13:02:00,1890,1890,1890,1890,0
2022-06-27 13:03:00,1890,1890,1890,1890,0
2022-06-27 13:04:00,1890,1890,1890,1890,0
2022-06-27 13:05:00,1890,1890,1890,1890,0
2022-06-27 13:06:00,1890,1890,1890,1890,0
2022-06-27 13:07:00,1890,1890,1890,1890,0
2022-06-27 13:08:00,1890,1890,1890,1890,0
2022-06-27 13:09:00,1890,1890,1890,1890,0
2022-06-27 13:10:00,1890,1890,1890,1890,0
2022-06-27 13:11:00,1890,1890,1890,1890,0
2022-06-27 13:12:00,1890,1890,1890,1890,0
2022-06-27 13:13:00,1890,1890,1890,1890,0
2022-06-27 13:14:00,1890,1890,1890,1890,0
2022-06-27 13:15:00,1890,1890,1890,1890,0
2022-06-27 13:16:00,1890,1890,1890,1890,0
2022-06-27 13:17:00,1890,1890,1890,1890,0
2022-06-27 13:18:00,1890,1890,1890,1890,0
2022-06-27 13:19:00,1890,1890,1890,1890,0
2022-06-27 13:20:00,1890,1890,1890,1890,0
2022-06-27 13:21:00,1890,1890,1890,1890,0
2022-06-27 13:22:00,1890,1890,1890,1890,0
2022-06-27 13:23:00,1890,1890,1890,1890,0
2022-06-27 13:24:00,1890,1890,1890,1890,0
2022-06-27 13:25:00,1890,1890,1890,1890,0
2022-06-27 13:26:00,1890,1890,1890,1890,0
2022-06-27 13:27:00,1890,1890,1890,1890,0
2022-06-27 13:28:00,1890,1890,1890,1890,0
2022-06-27 13:29:00,1890,1890,1890,1890,0
2022-06-27 13:30:00,1890,1890,1890,1890,0
2022-06-27 13:31:00,1890,1890,1890,1890,0
2022-06-27 13:32:00,1890,1890,1890,1890,0
2022-06-27 13:33:00,1890,1890,1890,1890,0
2022-06-27 13:34:00,1890,1890,1890,1890,0
2022-06-27 13:35:00,1890,1890,1890,1890,0
2022-06-27 13:36:00,1890,1890,1890,1890,0
2022-06-27 13:37:00,1890,1890,1890,1890,0
2022-06-27 13:38:00,1890,1890,1890,1890,0
2022-06-27 13:39:00,1890,1890,1890,1890,0
2022-06-27 13:40:00,1890,1890,1890,1890,0
2022-06-27 13:41:00,1890,1890,1890,1890,0
2022-06-27 13:42:00,1890,1890,1890,1890,0
2022-06-27 13:43:00,1890,1890,1890,1890,0
2022-06-27 13:44:00,1890,1890,1890,1890,0
2022-06-27 13:45:00,1890,1890,1890,1890,0
2022-06-27 13:46:00,1890,1890,1890,1890,0
2022-06-27 13:47:00,1890,1890,1890,1890,0
2022-06-27 13:48:00,1890,1890,1890,1890,0
2022-06-27 13:49:00,1890,1890,1890,1890,0
2022-06-27 13:50:00,1890,1890,1890,1890,0
2022-06-27 13:51:00,1890,1890,1890,1890,0
2022-06-27 13:52:00,1890,1890,1890,1890,0
2022-06-27 13:53:00,1890,1890,1890,1890,0
2022-06-27 13:54:00,1890,1890,1890,1890,0
2022-06-27 13:55:00,1890,1890,1890,1890,0
2022-06-27 13:56:00,1890,1890,1890,1890,0
2022-06-27 13:57:00,1890,1890,1890,1890,0
2022-06-27 13:58:00,1890,1890,1890,1890,0
2022-06-27 13:59:00,1890,1890,1890,1890,0
2022-06-27 14:00:00,1890,1890,1890,1890,0
2022-06-27 14:01:00,1890,1890,1890,1890,0
2022-06-27 14:02:00,1890,1890,1890,1890,0
2022-06-27 14:03:00,1890,1890,1890,1890,0
2022-06-27 14:04:00,1890,1890,1890,1890,0
2022-06-27 14:05:00,1890,1890,1890,1890,0
2022-06-27 14:06:00,1890,1890,1890,1890,0
2022-06-27 14:07:00,1890,1890,1890,1890,0
2022-06-27 14:08:00,1890,1890,1890,1890,0
2022-06-27 14:09:00,1890,1890,1890,1890,0
2022-06-27 14:10:00,1890,1890,1890,1890,0
2022-06-27 14:11:00,1890,1890,1890,1890,0
2022-06-27 14:12:00,1890,1890,1890,1890,0
2022-06-27 14:13:00,1890,1890,1890,1890,0
2022-06-27 14:14:00,1890,1890,1890,1890,0
2022-06-27 14:15:00,1890,1890,1890,1890,0
2022-06-27 14:16:00,1890,1890,1890,1890,0
2022-06-27 14:17:00,1890,1890,1890,1890,0
2022-06-27 14:18:00,1890,1890,1890,1890,0
2022-06-27 14:19:00,1890,1890,1890,1890,0
2022-06-27 14:20:00,1890,1890,1890,1890,0
2022-06-27 14:21:00,1890,1890,1890,1890,0
2022-06-27 14:22:00,1890,1890,1890,1890,0
2022-06-27 14:23:00,1890,1890,1890,1890,0
2022-06-27 14:24:00,1890,1890,1890,1890,0
2022-06-27 14:25:00,1890,1890,1890,1890,0
2022-06-27 14:26:00,1890,1890,1890,1890,0
2022-06-27 14:27:00,1890,1890,1890,1890,0
2022-06-27 14:28:00,1890,1890,1890,1890,0
2022-06-27 14:29:00,1890,1890,1890,1890,0
2022-06-27 14:30:00,1890,1890,1890,1890,0
2022-06-27 14:31:00,1890,1890,1890,1890,0
2022-06-27 14:32:00,1890,1890,1890,1890,0
2022-06-27 14:33:00,1890,1890,1890,1890,0
2022-06-27 14:34:00,1890,1890,1890,1890,0
2022-06-27 14:35:00,1890,1890,1890,1890,0
2022-06-27 14:36:00,1890,1890,1890,1890,0
2022-06-27 14:37:00,1890,1890,1890,1890,0
2022-06-27 14:38:00,1890,1890,1890,1890,0
2022-06-27 14:39:00,1890,1890,1890,1890,0
2022-06-27 14:40:00,1890,1890,1890,1890,0
2022-06-27 14:41:00,1890,1890,1890,1890,0
2022-06-27 14:42:00,1890,1890,1890,1890,0
2022-06-27 14:43:00,1890,1890,1890,1890,0
2022-06-27 14:44:00,1890,1890,1890,1890,0
2022-06-27 14:45:00,1890,1890,1890,1890,0
2022-06-27 14:46:00,1890,1890,1890,1890,0
2022-06-27 14:47:00,1890,1890,1890,1890,0
2022-06-27 14:48:00,1890,1890,1890,1890,0
2022-06-27 14:49:00,1890,1890,1890,1890,0
2022-06-27 14:50:00,1890,1890,1890,1890,0
2022-06-27 14:51:00,1890,1890,1890,1890,0
2022-06-27 14:52:00,1890,1890,1890,1890,0
2022-06-27 14:53:00,1890,1890,1890,1890,0
2022-06-27 14:54:00,1890,1890,1890,1890,0
2022-06-27 14:55:00,1890,1890,1890,1890,0
2022-06-27 14:56:00,1890,1890,1890,1890,0
2022-06-27 14:57:00,1890,1890,1890,1890,0
2022-06-27 14:58:00,1890,1890,1890,1890,0
2022-06-27 14:59:00,1890,1890,1890,1890,0
2022-06-27 15:00:00,1890,1890,1890,1890,0
2022-06-27 15:01:00,1890,1890,1890,1890,0
2022-06-27 15:02:00,1890,1890,1890,1890,0
2022-06-27 15:03:00,1890,1890,1890,1890,0
2022-06-27 15:04:00,1890,1890,1890,1890,0
2022-06-27 15:05:00,1890,1890,1890,1890,0
2022-06-27 15:06:00,1890,1890,1890,1890,0
2022-06-27 15:07:00,1890,1890,1890,1890,0
2022-06-27 15:08:00,1890,1890,1890,1890,0
2022-06-27 15:09:00,1890,1890,1890,1890,0
2022-06-27 15:10:00,1890,1890,1890,1890,0
2022-06-27 15:11:00,1890,1890,1890,1890,0
2022-06-27 15:12:00,1890,1890,1890,1890,0
2022-06-27 15:13:00,1890,1890,1890,1890,0
2022-06-27 15:14:00,1890,1890,1890,1890,0
2022-06-27 15:15:00,1890,1890,1890,1890,0
2022-06-27 15:16:00,1890,1890,1890,1890,0
2022-06-27 15:17:00,1890,1890,1890,1890,0
2022-06-27 15:18:00,1890,1890,1890,1890,0
2022-06-27 15:19:00,1890,1890,1890,1890,0
2022-06-27 15:20:00,1890,1890,1890,1890,0
2022-06-27 15:21:00,1890,1890,1890,1890,0
2022-06-27 15:22:00,1890,1890,1890,1890,0
2022-06-27 15:23:00,1890,1890,1890,1890,0
2022-06-27 15:24:00,1890,1890,1890,1890,0
2022-06-27 15:25:00,1890,1890,1890,1890,0
2022-06-27 15:26:00,1890,1890,1890,1890,0
2022-06-27 15:27:00,1890,1890,1890,1890,0
2022-06-27 15:28:00,1890,1890,1890,1890,0
2022-06-27 15:29:00,1890,1890,1890,1890,0
2022-06-27 15:30:00,1890,1890,1890,1890,0
2022-06-27 15:31:00,1890,1890,1890,1890,0
2022-06-27 15:32:00,1890,1890,1890,1890,0
2022-06-27 15:33:00,1890,1890,1890,1890,0
2022-06-27 15:34:00,1890,1890,1890,1890,0
2022-06-27 15:35:00,1890,1890,1890,1890,0
2022-06-27 15:36:00,1890,1890,1890,1890,0
2022-06-27 15:37:00,1890,1890,1890,1890,0
2022-06-27 15:38:00,1890,1890,1890,1890,0
2022-06-27 15:39:00,1890,1890,1890,1890,0
2022-06-27 15:40:00,1890,1890,1890,1890,0
2022-06-27 15:41:00,1890,1890,1890,1890,0
2022-06-27 15:42:00,1890,1890,1890,1890,0
2022-06-27 15:43:00,1890,1890,1890,1890,0
2022-06-27 15:44:00,1890,1890,1890,1890,0
2022-06-27 15:45:00,1890,1890,1890,1890,0
2022-06-27 15:46:00,1890,1890,1890,1890,0
2022-06-27 15:47:00,1890,1890,1890,1890,0
2022-06-27 15:48:00,1890,1890,1890,1890,0
2022-06-27 15:49:00,1890,1890,1890,1890,0
2022-06-27 15:50:00,1890,1890,1890,1890,0
2022-06-27 15:51:00,1890,1890,1890,1890,0
2022-06-27 15:52:00,1890,1890,1890,1890,0
2022-06-27 15:53:00,1890,1890,1890,1890,0
2022-06-27 15:54:00,1890,1890,1890,1890,0
2022-06-27 15:55:00,1890,1890,1890,1890,0
2022-06-27 15:56:00,1890,1890,1890,1890,0
2022-06-27 15:57:00,1890,1890,1890,1890,0
2022-06-27 15:58:00,1890,1890,1890,1890,0
2022-06-27 15:59:00,1890,1890,1890,1890,0
2022-06-28 09:00:00,1890,1890,1890,1890,0
2022-06-28 09:01:00,1890,1890,1890,1890,0
2022-06-28 09:02:00,1890,1890,1890,1890,0
2022-06-28 09:03:00,1890,1890,1890,1890,0
2022-06-28 09:04:00,1890,1890,1890,1890,0
2022-06-28 09:05:00,1890,1890,1890,1890,0
2022-06-28 09:06:00,1890,1890,1890,1890,0
2022-06-28 09:07:00,1890,1890,1890,1890,0
2022-06-28 09:08:00,1890,1890,1890,1890,0
2022-06-28 09:09:00,1890,1890,1890,1890,0
2022-06-28 09:10:00,1890,1890,1890,1890,0
2022-06-28 09:11:00,1890,1890,1890,1890,0
2022-06-28 09:12:00,1890,1890,1890,1890,0
2022-06-28 09:13:00,1890,1890,1890,1890,0
2022-06-28 09:14:00,1890,1890,1890,1890,0
2022-06-28 09:15:00,1890,1890,1890,1890,0
2022-06-28 09:16:00,1890,1890,1890,1890,0
2022-06-28 09:17:00,1890,1890,1890,1890,0
2022-06-28 09:18:00,1890,1890,1890,1890,0
2022-06-28 09:19:00,1890,1890,1890,1890,0
2022-06-28 09:20:00,1890,1890,1890,1890,0
2022-06-28 09:21:00,1890,1890,1890,1890,0
2022-06-28 09:22:00,1890,1890,1890,1890,0
2022-06-28 09:23:00,1890,1890,1890,1890,0
2022-06-28 09:24:00,1890,1890,1890,1890,0
2022-06-28 09:25:00,1890,1890,1890,1890,0
2022-06-28 09:26:00,1890,1890,1890,1890,0
2022-06-28 09:27:00,1890,1890,1890,1890,0
2022-06-28 09:28:00,1890,1890,1890,1890,0
2022-06-28 09:29:00,1890,1890,1890,1890,0
2022-06-28 09:30:00,1890,1890,1890,1890,0
2022-06-28 09:31:00,1890,1890,1890,1890,0
2022-06-28 09:32:00,1890,1890,1890,1890,0
2022-06-28 09:33:00,1890,1890,1890,1890,0
2022-06-28 09:34:00,1890,1890,1890,1890,0
2022-06-28 09:35:00,1890,1890,1890,1890,0
2022-06-28 09:36:00,1890,1890,1890,1890,0
2022-06-28 09:37:00,1890,1890,1890,1890,0
2022-06-28 09:38:00,1890,1890,1890,1890,0
2022-06-28 09:39:00,1890,1890,1890,1890,0
2022-06-28 09:40:00,1890,1890,1890,1890,0
2022-06-28 09:41:00,1890,1890,1890,1890,0
2022-06-28 09:42:00,1890,1890,1890,1890,0
2022-06-28 09:43:00,1890,1890,1890,1890,0
2022-06-28 09:44:00,1890,1890,1890,1890,0
2022-06-28 09:45:00,1890,1890,1890,1890,0
2022-06-28 09:46:00,1890,1890,1890,1890,0
2022-06-28 09:47:00,1890,1890,1890,1890,0
2022-06-28 09:48:00,1890,1890,1890,1890,0
2022-06-28 09:49:00,1890,1890,1890,1890,0
2022-06-28 09:50:00,1890,1890,1890,1890,0
2022-06-28 09:51:00,1890,1890,1890,1890,0
2022-06-28 09:52:00,1890,1890,1890,1890,0
2022-06-28 09:53:00,1890,1890,1890,1890,0
2022-06-28 09:54:00,1890,1890,1890,1890,0
2022-06-28 09:55:00,1890,1890,1890,1890,0
2022-06-28 09:56:00,1890,1890,1890,1890,0
2022-06-28 09:57:00,1890,1890,1890,1890,0
2022-06-28 09:58:00,1890,1890,1890,1890,0
2022-06-28 09:59:00,1890,1890,1890,1890,0
2022-06-28 10:00:00,1890,1890,1890,1890,0
2022-06-28 10:01:00,1890,1890,1890,1890,0
2022-06-28 10:02:00,1890,1890,1890,1890,0
2022-06-28 10:03:00,1890,1890,1890,1890,0
2022-06-28 10:04:00,1890,1890,1890,1890,0
2022-06-28 10:05:00,1890,1890,1890,1890,0
2022-06-28 10:06:00,1890,1890,1890,1890,0
2022-06-28 10:07:00,1890,1890,1890,1890,0
2022-06-28 10:08:00,1890,1890,1890,1890,0
2022-06-28 10:09:00,1890,1890,1890,1890,0
2022-06-28 10:10:00,1890,1890,1890,1890,0
2022-06-28 10:11:00,1890,1890,1890,1890,0
2022-06-28 10:12:00,1890,1890,1890,1890,0
2022-06-28 10:13:00,1890,1890,1890,1890,0
2022-06-28 10:14:00,1890,1890,1890,1890,0
2022-06-28 10:15:00,1890,1890,1890,1890,0
2022-06-28 10:16:00,1890,1890,1890,1890,0
2022-06-28 10:17:00,1890,1890,1890,1890,0
2022-06-28 10:18:00,1890,1890,1890,1890,0
2022-06-28 10:19:00,1890,1890,1890,1890,0
2022-06-28 10:20:00,1890,1890,1890,1890,0
2022-06-28 10:21:00,1890,1890,1890,1890,0
2022-06-28 10:22:00,1890,1890,1890,1890,0
2022-06-28 10:23:00,1890,1890,1890,1890,0
2022-06-28 10:24:00,1890,1890,1890,1890,0
2022-06-28 10:25:00,1890,1890,1890,1890,0
2022-06-28 10:26:00,1890,1890,1890,1890,0
2022-06-28 10:27:00,1890,1890,1890,1890,0
2022-06-28 10:28:00,1890,1890,1890,1890,0
2022-06-28 10:29:00,1890,1890,1890,1890,0
2022-06-28 10:30:00,1890,1890,1890,1890,0
2022-06-28 10:31:00,1890,1890,1890,1890,0
2022-06-28 10:32:00,1890,1890,1890,1890,0
2022-06-28 10:33:00,1890,1890,1890,1890,0
2022-06-28 10:34:00,1890,1890,1890,1890,0
2022-06-28 10:35:00,1890,1890,1890,1890,0
2022-06-28 10:36:00,1890,1890,1890,1890,0
2022-06-28 10:37:00,1890,1890,1890,1890,0
2022-06-28 10:38:00,1890,1890,1890,1890,0
2022-06-28 10:39:00,1890,1890,1890,1890,0
2022-06-28 10:40:00,1890,1890,1890,1890,0
2022-06-28 10:41:00,1890,1890,1890,1890,0
2022-06-28 10:42:00,1890,1890,1890,1890,0
2022-06-28 10:43:00,1890,1890,1890,1890,0
2022-06-28 10:44:00,1890,1890,1890,1890,0
2022-06-28 10:45:00,1890,1890,1890,1890,0
2022-06-28 10:46:00,1890,1890,1890,1890,0
2022-06-28 10:47:00,1890,1890,1890,1890,0
2022-06-28 10:48:00,1890,1890,1890,1890,0
2022-06-28 10:49:00,1890,1890,1890,1890,0
2022-06-28 10:50:00,1890,1890,1890,1890,0
2022-06-28 10:51:00,1890,1890,1890,1890,0
2022-06-28 10:52:00,1890,1890,1890,1890,0
2022-06-28 10:53:00,1890,1890,1890,1890,0
2022-06-28 10:54:00,1890,1890,1890,1890,0
2022-06-28 10:55:00,1890,1890,1890,1890,0
2022-06-28 10:56:00,1890,1890,1890,1890,0
2022-06-28 10:57:00,1890,1890,1890,1890,0
2022-06-28 10:58:00,1890,1890,1890,1890,0
2022-06-28 10:59:00,1890,1890,1890,1890,0
2022-06-28 11:00:00,1890,1890,1890,1890,0
2022-06-28 11:01:00,1890,1890,1890,1890,0
2022-06-28 11:02:00,1890,1890,1890,1890,0
2022-06-28 11:03:00,1890,1890,1890,1890,0
2022-06-28 11:04:00,1890,1890,1890,1890,0
2022-06-28 11:05:00,1890,1890,1890,1890,0
2022-06-28 11:06:00,1890,1890,1890,1890,0
2022-06-28 11:07:00,1890,1890,1890,1890,0
2022-06-28 11:08:00,1890,1890,1890,1890,0
2022-06-28 11:09:00,1890,1890,1890,1890,0
2022-06-28 11:10:00,1890,1890,1890,1890,0
2022-06-28 11:11:00,1890,1890,1890,1890,0
2022-06-28 11:12:00,1890,1890,1890,1890,0
2022-06-28 11:13:00,1890,1890,1890,1890,0
2022-06-28 11:14:00,1890,1890,1890,1890,0
2022-06-28 11:15:00,1890,1890,1890,1890,0
2022-06-28 11:16:00,1890,1890,1890,1890,0
2022-06-28 11:17:00,1890,1890,1890,1890,0
2022-06-28 11:18:00,1890,1890,1890,1890,0
2022-06-28 11:19:00,1890,1890,1890,1890,0
2022-06-28 11:20:00,1890,1890,1890,1890,0
2022-06-28 11:21:00,1890,1890,1890,1890,0
2022-06-28 11:22:00,1890,1890,1890,1890,0
2022-06-28 11:23:00,1890,1890,1890,1890,0
2022-06-28 11:24:00,1890,1890,1890,1890,0
2022-06-28 11:25:00,1890,1890,1890,1890,0
2022-06-28 11:26:00,1890,1890,1890,1890,0
2022-06-28 11:27:00,1890,1890,1890,1890,0
2022-06-28 11:28:00,1890,1890,1890,1890,0
2022-06-28 11:29:00,1890,1890,1890,1890,0
2022-06-28 11:30:00,1890,1890,1890,1890,0
2022-06-28 11:31:00,1890,1890,1890,1890,0
2022-06-28 11:32:00,1890,1890,1890,1890,0
2022-06-28 11:33:00,1890,1890,1890,1890,0
2022-06-28 11:34:00,1890,1890,1890,1890,0
2022-06-28 11:35:00,1890,1890,1890,1890,0
2022-06-28 11:36:00,1890,1890,1890,1890,0
2022-06-28 11:37:00,1890,1890,1890,1890,0
2022-06-28 11:38:00,1890,1890,1890,1890,0
2022-06-28 11:39:00,1890,1890,1890,1890,0
2022-06-28 11:40:00,1890,1890,1890,1890,0
2022-06-28 11:41:00,1890,1890,1890,1890,0
2022-06-28 11:42:00,1890,1890,1890,1890,0
2022-06-28 11:43:00,1890,1890,1890,1890,0
2022-06-28 11:44:00,1890,1890,1890,1890,0
2022-06-28 11:45:00,1890,1890,1890,1890,0
2022-06-28 11:46:00,1890,1890,1890,1890,0
2022-06-28 11:47:00,1890,1890,1890,1890,0
2022-06-28 11:48:00,1890,1890,1890,1890,0
2022-06-28 11:49:00,1890,1890,1890,1890,0
2022-06-28 11:50:00,1890,1890,1890,1890,0
2022-06-28 11:51:00,1890,1890,1890,1890,0
2022-06-28 11:52:00,1890,1890,1890,1890,0
2022-06-28 11:53:00,1890,1890,1890,1890,0
2022-06-28 11:54:00,1890,1890,1890,1890,0
2022-06-28 11:55:00,1890,1890,1890,1890,0
2022-06-28 11:56:00,1890,1890,1890,1890,0
2022-06-28 11:57:00,1890,1890,1890,1890,0
2022-06-28 11:58:00,1890,1890,1890,1890,0
2022-06-28 11:59:00,1890,1890,1890,1890,0
2022-06-28 12:00:00,1890,1890,1890,1890,0
2022-06-28 12:01:00,1890,1890,1890,1890,0
2022-06-28 12:02:00,1890,1890,1890,1890,0
2022-06-28 12:03:00,1890,1890,1890,1890,0
2022-06-28 12:04:00,1890,1890,1890,1890,0
2022-06-28 12:05:00,1890,1890,1890,1890,0
2022-06-28 12:06:00,1890,1890,1890,1890,0
2022-06-28 12:07:00,1890,1890,1890,1890,0
2022-06-28 12:08:00,1890,1890,1890,1890,0
2022-06-28 12:09:00,1890,1890,1890,1890,0
2022-06-28 12:10:00,1890,1890,1890,1890,0
2022-06-28 12:11:00,1890,1890,1890,1890,0
2022-06-28 12:12:00,1890,1890,1890,1890,0
2022-06-28 12:13:00,1890,1890,1890,1890,0
2022-06-28 12:14:00,1890,1890,1890,1890,0
2022-06-28 12:15:00,1890,1890,1890,1890,0
2022-06-28 12:16:00,1890,1890,1890,1890,0
2022-06-28 12:17:00,1890,1890,1890,1890,0
2022-06-28 12:18:00,1890,1890,1890,1890,0
2022-06-28 12:19:00,1890,1890,1890,1890,0
2022-06-28 12:20:00,1890,1890,1890,1890,0
2022-06-28 12:21:00,1890,1890,1890,1890,0
2022-06-28 12:22:00,1890,1890,1890,1890,0
2022-06-28 12:23:00,1890,1890,1890,1890,0
2022-06-28 12:24:00,1890,1890,1890,1890,0
2022-06-28 12:25:00,1890,1890,1890,1890,0
2022-06-28 12:26:00,1890,1890,1890,1890,0
2022-06-28 12:27:00,1890,1890,1890,1890,0
2022-06-28 12:28:00,1890,1890,1890,1890,0
2022-06-28 12:29:00,1890,1890,1890,1890,0
2022-06-28 12:30:00,1890,1890,1890,1890,0
2022-06-28 12:31:00,1890,1890,1890,1890,0
2022-06-28 12:32:00,1890,1890,1890,1890,0
2022-06-28 12:33:00,1890,1890,1890,1890,0
2022-06-28 12:34:00,1890,1890,1890,1890,0
2022-06-28 12:35:00,1890,1890,1890,1890,0
2022-06-28 12:36:00,1890,1890,1890,1890,0
2022-06-28 12:37:00,1890,1890,1890,1890,0
2022-06-28 12:38:00,1890,1890,1890,1890,0
2022-06-28 12:39:00,1890,1890,1890,1890,0
2022-06-28 12:40:00,1890,1890,1890,1890,0
2022-06-28 12:41:00,1890,1890,1890,1890,0
2022-06-28 12:42:00,1890,1890,1890,1890,0
2022-06-28 12:43:00,1890,1890,1890,1890,0
2022-06-28 12:44:00,1890,1890,1890,1890,0
2022-06-28 12:45:00,1890,1890,1890,1890,0
2022-06-28 12:46:00,1890,1890,1890,1890,0
2022-06-28 12:47:00,1890,1890,1890,1890,0
2022-06-28 12:48:00,1890,1890,1890,1890,0
2022-06-28 12:49:00,1890,1890,1890,1890,0
2022-06-28 12:50:00,1890,1890,1890,1890,0
2022-06-28 12:51:00,1890,1890,1890,1890,0
2022-06-28 12:52:00,1890,1890,1890,1890,0
2022-06-28 12:53:00,1890,1890,1890,1890,0
2022-06-28 12:54:00,1890,1890,1890,1890,0
2022-06-28 12:55:00,1890,1890,1890,1890,0
2022-06-28 12:56:00,1890,1890,1890,1890,0
2022-06-28 12:57:00,1890,1890,1890,1890,0
2022-06-28 12:58:00,1890,1890,1890,1890,0
2022-06-28 12:59:00,1890,1890,1890,1890,0
2022-06-28 13:00:00,1890,1890,1890,1890,0
2022-06-28 13:01:00,1890,1890,1890,1890,0
2022-06-28 13:02:00,1890,1890,1890,1890,0
2022-06-28 13:03:00,1890,1890,1890,1890,0
2022-06-28 13:04:00,1890,1890,1890,1890,0
2022-06-28 13:05:00,1890,1890,1890,1890,0
2022-06-28 13:06:00,1890,1890,1890,1890,0
2022-06-28 13:07:00,1890,1890,1890,1890,0
2022-06-28 13:08:00,1890,1890,1890,1890,0
2022-06-28 13:09:00,1890,1890,1890,1890,0
2022-06-28 13:10:00,1890,1890,1890,1890,0
2022-06-28 13:11:00,1890,1890,1890,1890,0
2022-06-28 13:12:00,1890,1890,1890,1890,0
2022-06-28 13:13:00,1890,1890,1890,1890,0
2022-06-28 13:14:00,1890,1890,1890,1890,0
2022-06-28 13:15:00,1890,1890,1890,1890,0
2022-06-28 13:16:00,1890,1890,1890,1890,0
2022-06-28 13:17:00,1890,1890,1890,1890,0
2022-06-28 13:18:00,1890,1890,1890,1890,0
2022-06-28 13:19:00,1890,1890,1890,1890,0
2022-06-28 13:20:00,1890,1890,1890,1890,0
2022-06-28 13:21:00,1890,1890,1890,1890,0
2022-06-28 13:22:00,1890,1890,1890,1890,0
2022-06-28 13:23:00,1890,1890,1890,1890,0
2022-06-28 13:24:00,1890,1890,1890,1890,0
2022-06-28 13:25:00,1890,1890,1890,1890,0
2022-06-28 13:26:00,1890,1890,1890,1890,0
2022-06-28 13:27:00,1890,1890,1890,1890,0
2022-06-28 13:28:00,1890,1890,1890,1890,0
2022-06-28 13:29:00,1890,1890,1890,1890,0
2022-06-28 13:30:00,1890,1890,1890,1890,0
2022-06-28 13:31:00,1890,1890,1890,1890,0
2022-06-28 13:32:00,1890,1890,1890,1890,0
2022-06-28 13:33:00,1890,1890,1890,1890,0
2022-06-28 13:34:00,1890,1890,1890,1890,0
2022-06-28 13:35:00,1890,1890,1890,1890,0
2022-06-28 13:36:00,1890,1890,1890,1890,0
2022-06-28 13:37:00,1890,1890,1890,1890,0
2022-06-28 13:38:00,1890,1890,1890,1890,0
2022-06-28 13:39:00,1890,1890,1890,1890,0
2022-06-28 13:40:00,1890,1890,1890,1890,0
2022-06-28 13:41:00,1890,1890,1890,1890,0
2022-06-28 13:42:00,1890,1890,1890,1890,0
2022-06-28 13:43:00,1890,1890,1890,1890,0
2022-06-28 13:44:00,1890,1890,1890,1890,0
2022-06-28 13:45:00,1890,1890,1890,1890,0
2022-06-28 13:46:00,1890,1890,1890,1890,0
2022-06-28 13:47:00,1890,1890,1890,1890,0
2022-06-28 13:48:00,1890,1890,1890,1890,0
2022-06-28 13:49:00,1890,1890,1890,1890,0
2022-06-28 13:50:00,1890,1890,1890,1890,0
2022-06-28 13:51:00,1890,1890,1890,1890,0
2022-06-28 13:52:00,1890,1890,1890,1890,0
2022-06-28 13:53:00,1890,1890,1890,1890,0
2022-06-28 13:54:00,1890,1890,1890,1890,0
2022-06-28 13:55:00,1890,1890,1890,1890,0
2022-06-28 13:56:00,1890,1890,1890,1890,0
2022-06-28 13:57:00,1890,1890,1890,1890,0
2022-06-28 13:58:00,1890,1890,1890,1890,0
2022-06-28 13:59:00,1890,1890,1890,1890,0
2022-06-28 14:00:00,1890,1890,1890,1890,0
2022-06-28 14:01:00,1890,1890,1890,1890,0
2022-06-28 14:02:00,1890,1890,1890,1890,0
2022-06-28 14:03:00,1890,1890,1890,1890,0
2022-06-28 14:04:00,1890,1890,1890,1890,0
2022-06-28 14:05:00,1890,1890,1890,1890,0
2022-06-28 14:06:00,1890,1890,1890,1890,0
2022-06-28 14:07:00,1890,1890,1890,1890,0
2022-06-28 14:08:00,1890,1890,1890,1890,0
2022-06-28 14:09:00,1890,1890,1890,1890,0
2022-06-28 14:10:00,1890,1890,1890,1890,0
2022-06-28 14:11:00,1890,1890,1890,1890,0
2022-06-28 14:12:00,1890,1890,1890,1890,0
2022-06-28 14:13:00,1890,1890,1890,1890,0
2022-06-28 14:14:00,1890,1890,1890,1890,0
2022-06-28 14:15:00,1890,1890,1890,1890,0
2022-06-28 14:16:00,1890,1890,1890,1890,0
2022-06-28 14:17:00,1890,1890,1890,1890,0
2022-06-28 14:18:00,1890,1890,1890,1890,0
2022-06-28 14:19:00,1890,1890,1890,1890,0
2022-06-28 14:20:00,1890,1890,1890,1890,0
2022-06-28 14:21:00,1890,1890,1890,1890,0
2022-06-28 14:22:00,1890,1890,1890,1890,0
2022-06-28 14:23:00,1890,1890,1890,1890,0
2022-06-28 14:24:00,1890,1890,1890,1890,0
2022-06-28 14:25:00,1890,1890,1890,1890,0
2022-06-28 14:26:00,1890,1890,1890,1890,0
2022-06-28 14:27:00,1890,1890,1890,1890,0
2022-06-28 14:28:00,1890,1890,1890,1890,0
2022-06-28 14:29:00,1890,1890,1890,1890,0
2022-06-28 14:30:00,1890,1890,1890,1890,0
2022-06-28 14:31:00,1890,1890,1890,1890,0
2022-06-28 14:32:00,1890,1890,1890,1890,0
2022-06-28 14:33:00,1890,1890,1890,1890,0
2022-06-28 14:34:00,1890,1890,1890,1890,0
2022-06-28 14:35:00,1890,1890,1890,1890,0
2022-06-28 14:36:00,1890,1890,1890,1890,0
2022-06-28 14:37:00,1890,1890,1890,1890,0
2022-06-28 14:38:00,1890,1890,1890,1890,0
2022-06-28 14:39:00,1890,1890,1890,1890,14800
2022-06-28 14:40:00,1890,1890,1890,1890,0
2022-06-28 14:41:00,1890,1890,1890,1890,0
2022-06-28 14:42:00,1890,1890,1890,1890,0
2022-06-28 14:43:00,1890,1890,1890,1890,0
2022-06-28 14:44:00,1890,1890,1890,1890,0
2022-06-28 14:45:00,1890,1890,1890,1890,0
2022-06-28 14:46:00,1895,1895,1895,1895,26700
2022-06-28 14:47:00,1895,1895,1895,1895,0
2022-06-28 14:48:00,1895,1895,1895,1895,0
2022-06-28 14:49:00,1895,1895,1895,1895,0
2022-06-28 14:50:00,1895,1895,1895,1895,0
2022-06-28 14:51:00,1895,1895,1895,1895,0
2022-06-28 14:52:00,1895,1895,1895,1895,0
2022-06-28 14:53:00,1895,1895,1895,1895,0
2022-06-28 14:54:00,1895,1895,1895,1895,0
2022-06-28 14:55:00,1895,1895,1895,1895,0
2022-06-28 14:56:00,1895,1895,1895,1895,0
2022-06-28 14:57:00,1895,1895,1895,1895,0
2022-06-28 14:58:00,1895,1895,1895,1895,0
2022-06-28 14:59:00,1895,1895,1895,1895,0
2022-06-28 15:00:00,1895,1895,1895,1895,0
2022-06-28 15:01:00,1895,1895,1895,1895,0
2022-06-28 15:02:00,1895,1895,1895,1895,0
2022-06-28 15:03:00,1895,1895,1895,1895,0
2022-06-28 15:04:00,1895,1895,1895,1895,0
2022-06-28 15:05:00,1895,1895,1895,1895,0
2022-06-28 15:06:00,1895,1895,1895,1895,0
2022-06-28 15:07:00,1895,1895,1895,1895,0
2022-06-28 15:08:00,1895,1895,1895,1895,0
2022-06-28 15:09:00,1895,1895,1895,1895,0
2022-06-28 15:10:00,1895,1895,1895,1895,0
2022-06-28 15:11:00,1895,1895,1895,1895,0
2022-06-28 15:12:00,1895,1895,1895,1895,0
2022-06-28 15:13:00,1895,1895,1895,1895,0
2022-06-28 15:14:00,1895,1895,1895,1895,0
2022-06-28 15:15:00,1895,1895,1895,1895,0
2022-06-28 15:16:00,1895,1895,1895,1895,0
2022-06-28 15:17:00,1895,1895,1895,1895,0
2022-06-28 15:18:00,1895,1895,1895,1895,0
2022-06-28 15:19:00,1895,1895,1895,1895,0
2022-06-28 15:20:00,1895,1895,1895,1895,0
2022-06-28 15:21:00,1895,1895,1895,1895,0
2022-06-28 15:22:00,1895,1895,1895,1895,0
2022-06-28 15:23:00,1895,1895,1895,1895,0
2022-06-28 15:24:00,1895,1895,1895,1895,0
2022-06-28 15:25:00,1895,1895,1895,1895,0
2022-06-28 15:26:00,1895,1895,1895,1895,0
2022-06-28 15:27:00,1895,1895,1895,1895,0
2022-06-28 15:28:00,1895,1895,1895,1895,0
2022-06-28 15:29:00,1895,1895,1895,1895,0
2022-06-28 15:30:00,1895,1895,1895,1895,0
2022-06-28 15:31:00,1895,1895,1895,1895,0
2022-06-28 15:32:00,1895,1895,1895,1895,0
2022-06-28 15:33:00,1895,1895,1895,1895,0
2022-06-28 15:34:00,1895,1895,1895,1895,0
2022-06-28 15:35:00,1895,1895,1895,1895,0
2022-06-28 15:36:00,1895,1895,1895,1895,0
2022-06-28 15:37:00,1895,1895,1895,1895,0
2022-06-28 15:38:00,1895,1895,1895,1895,0
2022-06-28 15:39:00,1895,1895,1895,1895,0
2022-06-28 15:40:00,1895,1895,1895,1895,0
2022-06-28 15:41:00,1895,1895,1895,1895,0
2022-06-28 15:42:00,1895,1895,1895,1895,0
2022-06-28 15:43:00,1895,1895,1895,1895,0
2022-06-28 15:44:00,1895,1895,1895,1895,0
2022-06-28 15:45:00,1895,1895,1895,1895,0
2022-06-28 15:46:00,1895,1895,1895,1895,0
2022-06-28 15:47:00,1895,1895,1895,1895,0
2022-06-28 15:48:00,1895,1895,1895,1895,0
2022-06-28 15:49:00,1895,1895,1895,1895,0
2022-06-28 15:50:00,1895,1895,1895,1895,0
2022-06-28 15:51:00,1895,1895,1895,1895,0
2022-06-28 15:52:00,1895,1895,1895,1895,0
2022-06-28 15:53:00,1895,1895,1895,1895,0
2022-06-28 15:54:00,1895,1895,1895,1895,0
2022-06-28 15:55:00,1895,1895,1895,1895,0
2022-06-28 15:56:00,1895,1895,1895,1895,0
2022-06-28 15:57:00,1895,1895,1895,1895,0
2022-06-28 15:58:00,1895,1895,1895,1895,0
2022-06-28 15:59:00,1895,1895,1895,1895,0
2022-06-29 09:00:00,1895,1895,1895,1895,0
2022-06-29 09:01:00,1895,1895,1895,1895,0
2022-06-29 09:02:00,1895,1895,1895,1895,0
2022-06-29 09:03:00,1895,1895,1895,1895,0
2022-06-29 09:04:00,1895,1895,1895,1895,0
2022-06-29 09:05:00,1895,1895,1895,1895,0
2022-06-29 09:06:00,1895,1895,1895,1895,0
2022-06-29 09:07:00,1895,1895,1895,1895,0
2022-06-29 09:08:00,1895,1895,1895,1895,0
2022-06-29 09:09:00,1895,1895,1895,1895,0
2022-06-29 09:10:00,1895,1895,1895,1895,0
2022-06-29 09:11:00,1895,1895,1895,1895,0
2022-06-29 09:12:00,1895,1895,1895,1895,0
2022-06-29 09:13:00,1895,1895,1895,1895,0
2022-06-29 09:14:00,1895,1895,1895,1895,0
2022-06-29 09:15:00,1895,1895,1895,1895,0
2022-06-29 09:16:00,1895,1895,1895,1895,0
2022-06-29 09:17:00,1895,1895,1895,1895,0
2022-06-29 09:18:00,1895,1895,1895,1895,0
2022-06-29 09:19:00,1895,1895,1895,1895,0
2022-06-29 09:20:00,1895,1895,1895,1895,0
2022-06-29 09:21:00,1895,1895,1895,1895,0
2022-06-29 09:22:00,1895,1895,1895,1895,0
2022-06-29 09:23:00,1895,1895,1895,1895,0
2022-06-29 09:24:00,1895,1895,1895,1895,0
2022-06-29 09:25:00,1895,1895,1895,1895,0
2022-06-29 09:26:00,1895,1895,1895,1895,0
2022-06-29 09:27:00,1895,1895,1895,1895,0
2022-06-29 09:28:00,1895,1895,1895,1895,0
2022-06-29 09:29:00,1895,1895,1895,1895,0
2022-06-29 09:30:00,1895,1895,1895,1895,0
2022-06-29 09:31:00,1895,1895,1895,1895,0
2022-06-29 09:32:00,1895,1895,1895,1895,0
2022-06-29 09:33:00,1895,1895,1895,1895,0
2022-06-29 09:34:00,1895,1895,1895,1895,0
2022-06-29 09:35:00,1895,1895,1895,1895,0
2022-06-29 09:36:00,1895,1895,1895,1895,0
2022-06-29 09:37:00,1895,1895,1895,1895,0
2022-06-29 09:38:00,1895,1895,1895,1895,0
2022-06-29 09:39:00,1895,1895,1895,1895,0
2022-06-29 09:40:00,1895,1895,1895,1895,0
2022-06-29 09:41:00,1895,1895,1895,1895,0
2022-06-29 09:42:00,1895,1895,1895,1895,0
2022-06-29 09:43:00,1895,1895,1895,1895,0
2022-06-29 09:44:00,1895,1895,1895,1895,0
2022-06-29 09:45:00,1895,1895,1895,1895,0
2022-06-29 09:46:00,1895,1895,1895,1895,0
2022-06-29 09:47:00,1895,1895,1895,1895,0
2022-06-29 09:48:00,1895,1895,1895,1895,0
2022-06-29 09:49:00,1895,1895,1895,1895,0
2022-06-29 09:50:00,1895,1895,1895,1895,0
2022-06-29 09:51:00,1895,1895,1895,1895,0
2022-06-29 09:52:00,1895,1895,1895,1895,0
2022-06-29 09:53:00,1895,1895,1895,1895,0
2022-06-29 09:54:00,1895,1895,1895,1895,0
2022-06-29 09:55:00,1895,1895,1895,1895,0
2022-06-29 09:56:00,1895,1895,1895,1895,0
2022-06-29 09:57:00,1895,1895,1895,1895,0
2022-06-29 09:58:00,1895,1895,1895,1895,0
2022-06-29 09:59:00,1895,1895,1895,1895,0
2022-06-29 10:00:00,1895,1895,1895,1895,0
2022-06-29 10:01:00,1895,1895,1895,1895,0
2022-06-29 10:02:00,1895,1895,1895,1895,0
2022-06-29 10:03:00,1895,1895,1895,1895,0
2022-06-29 10:04:00,1895,1895,1895,1895,0
2022-06-29 10:05:00,1895,1895,1895,1895,0
2022-06-29 10:06:00,1895,1895,1895,1895,0
2022-06-29 10:07:00,1895,1895,1895,1895,0
2022-06-29 10:08:00,1895,1895,1895,1895,0
2022-06-29 10:09:00,1895,1895,1895,1895,0
2022-06-29 10:10:00,1895,1895,1895,1895,0
2022-06-29 10:11:00,1895,1895,1895,1895,0
2022-06-29 10:12:00,1895,1895,1895,1895,0
2022-06-29 10:13:00,1895,1895,1895,1895,0
2022-06-29 10:14:00,1895,1895,1895,1895,0
2022-06-29 10:15:00,1895,1895,1895,1895,0
2022-06-29 10:16:00,1895,1895,1895,1895,0
2022-06-29 10:17:00,1895,1895,1895,1895,0
2022-06-29 10:18:00,1895,1895,1895,1895,0
2022-06-29 10:19:00,1895,1895,1895,1895,0
2022-06-29 10:20:00,1895,1895,1895,1895,0
2022-06-29 10:21:00,1895,1895,1895,1895,0
2022-06-29 10:22:00,1895,1895,1895,1895,0
2022-06-29 10:23:00,1895,1895,1895,1895,0
2022-06-29 10:24:00,1895,1895,1895,1895,0
2022-06-29 10:25:00,1895,1895,1895,1895,0
2022-06-29 10:26:00,1895,1895,1895,1895,0
2022-06-29 10:27:00,1895,1895,1895,1895,0
2022-06-29 10:28:00,1895,1895,1895,1895,0
2022-06-29 10:29:00,1895,1895,1895,1895,0
2022-06-29 10:30:00,1895,1895,1895,1895,0
2022-06-29 10:31:00,1895,1895,1895,1895,0
2022-06-29 10:32:00,1895,1895,1895,1895,0
2022-06-29 10:33:00,1895,1895,1895,1895,0
2022-06-29 10:34:00,1895,1895,1895,1895,0
2022-06-29 10:35:00,1895,1895,1895,1895,0
2022-06-29 10:36:00,1895,1895,1895,1895,0
2022-06-29 10:37:00,1895,1895,1895,1895,0
2022-06-29 10:38:00,1895,1895,1895,1895,0
2022-06-29 10:39:00,1895,1895,1895,1895,0
2022-06-29 10:40:00,1895,1895,1895,1895,0
2022-06-29 10:41:00,1895,1895,1895,1895,0
2022-06-29 10:42:00,1895,1895,1895,1895,0
2022-06-29 10:43:00,1895,1895,1895,1895,0
2022-06-29 10:44:00,1895,1895,1895,1895,0
2022-06-29 10:45:00,1895,1895,1895,1895,0
2022-06-29 10:46:00,1895,1895,1895,1895,0
2022-06-29 10:47:00,1895,1895,1895,1895,0
2022-06-29 10:48:00,1895,1895,1895,1895,0
2022-06-29 10:49:00,1895,1895,1895,1895,0
2022-06-29 10:50:00,1895,1895,1895,1895,0
2022-06-29 10:51:00,1895,1895,1895,1895,0
2022-06-29 10:52:00,1895,1895,1895,1895,0
2022-06-29 10:53:00,1895,1895,1895,1895,0
2022-06-29 10:54:00,1895,1895,1895,1895,0
2022-06-29 10:55:00,1895,1895,1895,1895,0
2022-06-29 10:56:00,1895,1895,1895,1895,0
2022-06-29 10:57:00,1895,1895,1895,1895,0
2022-06-29 10:58:00,1895,1895,1895,1895,0
2022-06-29 10:59:00,1895,1895,1895,1895,0
2022-06-29 11:00:00,1895,1895,1895,1895,0
2022-06-29 11:01:00,1895,1895,1895,1895,0
2022-06-29 11:02:00,1895,1895,1895,1895,0
2022-06-29 11:03:00,1895,1895,1895,1895,0
2022-06-29 11:04:00,1895,1895,1895,1895,0
2022-06-29 11:05:00,1895,1895,1895,1895,0
2022-06-29 11:06:00,1895,1895,1895,1895,0
2022-06-29 11:07:00,1895,1895,1895,1895,0
2022-06-29 11:08:00,1895,1895,1895,1895,0
2022-06-29 11:09:00,1895,1895,1895,1895,0
2022-06-29 11:10:00,1895,1895,1895,1895,0
2022-06-29 11:11:00,1895,1895,1895,1895,0
2022-06-29 11:12:00,1895,1895,1895,1895,0
2022-06-29 11:13:00,1895,1895,1895,1895,0
2022-06-29 11:14:00,1895,1895,1895,1895,0
2022-06-29 11:15:00,1895,1895,1895,1895,0
2022-06-29 11:16:00,1895,1895,1895,1895,0
2022-06-29 11:17:00,1895,1895,1895,1895,0
2022-06-29 11:18:00,1895,1895,1895,1895,0
2022-06-29 11:19:00,1895,1895,1895,1895,0
2022-06-29 11:20:00,1895,1895,1895,1895,0
2022-06-29 11:21:00,1895,1895,1895,1895,0
2022-06-29 11:22:00,1895,1895,1895,1895,0
2022-06-29 11:23:00,1895,1895,1895,1895,0
2022-06-29 11:24:00,1895,1895,1895,1895,0
2022-06-29 11:25:00,1895,1895,1895,1895,0
2022-06-29 11:26:00,1895,1895,1895,1895,0
2022-06-29 11:27:00,1895,1895,1895,1895,0
2022-06-29 11:28:00,1895,1895,1895,1895,0
2022-06-29 11:29:00,1895,1895,1895,1895,0
2022-06-29 11:30:00,1895,1895,1895,1895,0
2022-06-29 11:31:00,1895,1895,1895,1895,0
2022-06-29 11:32:00,1895,1895,1895,1895,0
2022-06-29 11:33:00,1895,1895,1895,1895,0
2022-06-29 11:34:00,1895,1895,1895,1895,0
2022-06-29 11:35:00,1895,1895,1895,1895,0
2022-06-29 11:36:00,1895,1895,1895,1895,0
2022-06-29 11:37:00,1895,1895,1895,1895,0
2022-06-29 11:38:00,1895,1895,1895,1895,0
2022-06-29 11:39:00,1895,1895,1895,1895,0
2022-06-29 11:40:00,1895,1895,1895,1895,0
2022-06-29 11:41:00,1895,1895,1895,1895,0
2022-06-29 11:42:00,1895,1895,1895,1895,0
2022-06-29 11:43:00,1895,1895,1895,1895,0
2022-06-29 11:44:00,1895,1895,1895,1895,0
2022-06-29 11:45:00,1895,1895,1895,1895,0
2022-06-29 11:46:00,1895,1895,1895,1895,0
2022-06-29 11:47:00,1895,1895,1895,1895,0
2022-06-29 11:48:00,1895,1895,1895,1895,0
2022-06-29 11:49:00,1895,1895,1895,1895,0
2022-06-29 11:50:00,1895,1895,1895,1895,0
2022-06-29 11:51:00,1895,1895,1895,1895,0
2022-06-29 11:52:00,1895,1895,1895,1895,0
2022-06-29 11:53:00,1895,1895,1895,1895,0
2022-06-29 11:54:00,1895,1895,1895,1895,0
2022-06-29 11:55:00,1895,1895,1895,1895,0
2022-06-29 11:56:00,1895,1895,1895,1895,0
2022-06-29 11:57:00,1895,1895,1895,1895,0
2022-06-29 11:58:00,1895,1895,1895,1895,0
2022-06-29 11:59:00,1895,1895,1895,1895,0
2022-06-29 12:00:00,1895,1895,1895,1895,0
2022-06-29 12:01:00,1895,1895,1895,1895,0
2022-06-29 12:02:00,1895,1895,1895,1895,0
2022-06-29 12:03:00,1895,1895,1895,1895,0
2022-06-29 12:04:00,1895,1895,1895,1895,0
2022-06-29 12:05:00,1895,1895,1895,1895,0
2022-06-29 12:06:00,1895,1895,1895,1895,0
2022-06-29 12:07:00,1895,1895,1895,1895,0
2022-06-29 12:08:00,1895,1895,1895,1895,0
2022-06-29 12:09:00,1895,1895,1895,1895,0
2022-06-29 12:10:00,1895,1895,1895,1895,0
2022-06-29 12:11:00,1895,1895,1895,1895,0
2022-06-29 12:12:00,1895,1895,1895,1895,0
2022-06-29 12:13:00,1895,1895,1895,1895,0
2022-06-29 12:14:00,1895,1895,1895,1895,0
2022-06-29 12:15:00,1895,1895,1895,1895,0
2022-06-29 12:16:00,1895,1895,1895,1895,0
2022-06-29 12:17:00,1895,1895,1895,1895,0
2022-06-29 12:18:00,1895,1895,1895,1895,0
2022-06-29 12:19:00,1895,1895,1895,1895,0
2022-06-29 12:20:00,1895,1895,1895,1895,0
2022-06-29 12:21:00,1895,1895,1895,1895,0
2022-06-29 12:22:00,1895,1895,1895,1895,0
2022-06-29 12:23:00,1895,1895,1895,1895,0
2022-06-29 12:24:00,1895,1895,1895,1895,0
2022-06-29 12:25:00,1895,1895,1895,1895,0
2022-06-29 12:26:00,1895,1895,1895,1895,0
2022-06-29 12:27:00,1895,1895,1895,1895,0
2022-06-29 12:28:00,1895,1895,1895,1895,0
2022-06-29 12:29:00,1895,1895,1895,1895,0
2022-06-29 12:30:00,1895,1895,1895,1895,0
2022-06-29 12:31:00,1895,1895,1895,1895,0
2022-06-29 12:32:00,1895,1895,1895,1895,0
2022-06-29 12:33:00,1895,1895,1895,1895,0
2022-06-29 12:34:00,1895,1895,1895,1895,0
2022-06-29 12:35:00,1895,1895,1895,1895,0
2022-06-29 12:36:00,1895,1895,1895,1895,0
2022-06-29 12:37:00,1895,1895,1895,1895,0
2022-06-29 12:38:00,1895,1895,1895,1895,0
2022-06-29 12:39:00,1895,1895,1895,1895,0
2022-06-29 12:40:00,1895,1895,1895,1895,0
2022-06-29 12:41:00,1895,1895,1895,1895,0
2022-06-29 12:42:00,1895,1895,1895,1895,0
2022-06-29 12:43:00,1895,1895,1895,1895,0
2022-06-29 12:44:00,1895,1895,1895,1895,0
2022-06-29 12:45:00,1895,1895,1895,1895,0
2022-06-29 12:46:00,1895,1895,1895,1895,0
2022-06-29 12:47:00,1895,1895,1895,1895,0
2022-06-29 12:48:00,1895,1895,1895,1895,0
2022-06-29 12:49:00,1895,1895,1895,1895,0
2022-06-29 12:50:00,1895,1895,1895,1895,0
2022-06-29 12:51:00,1895,1895,1895,1895,0
2022-06-29 12:52:00,1895,1895,1895,1895,0
2022-06-29 12:53:00,1895,1895,1895,1895,0
2022-06-29 12:54:00,1895,1895,1895,1895,0
2022-06-29 12:55:00,1895,1895,1895,1895,0
2022-06-29 12:56:00,1895,1895,1895,1895,0
2022-06-29 12:57:00,1895,1895,1895,1895,0
2022-06-29 12:58:00,1895,1895,1895,1895,0
2022-06-29 12:59:00,1895,1895,1895,1895,0
2022-06-29 13:00:00,1895,1895,1895,1895,0
2022-06-29 13:01:00,1895,1895,1895,1895,0
2022-06-29 13:02:00,1895,1895,1895,1895,0
2022-06-29 13:03:00,1895,1895,1895,1895,0
2022-06-29 13:04:00,1895,1895,1895,1895,0
2022-06-29 13:05:00,1895,1895,1895,1895,0
2022-06-29 13:06:00,1895,1895,1895,1895,0
2022-06-29 13:07:00,1895,1895,1895,1895,0
2022-06-29 13:08:00,1895,1895,1895,1895,0
2022-06-29 13:09:00,1895,1895,1895,1895,0
2022-06-29 13:10:00,1895,1895,1895,1895,0
2022-06-29 13:11:00,1895,1895,1895,1895,0
2022-06-29 13:12:00,1895,1895,1895,1895,0
2022-06-29 13:13:00,1895,1895,1895,1895,0
2022-06-29 13:14:00,1895,1895,1895,1895,0
2022-06-29 13:15:00,1895,1895,1895,1895,0
2022-06-29 13:16:00,1895,1895,1895,1895,0
2022-06-29 13:17:00,1895,1895,1895,1895,0
2022-06-29 13:18:00,1895,1895,1895,1895,0
2022-06-29 13:19:00,1895,1895,1895,1895,0
2022-06-29 13:20:00,1895,1895,1895,1895,0
2022-06-29 13:21:00,1895,1895,1895,1895,0
2022-06-29 13:22:00,1895,1895,1895,1895,0
2022-06-29 13:23:00,1895,1895,1895,1895,0
2022-06-29 13:24:00,1895,1895,1895,1895,0
2022-06-29 13:25:00,1895,1895,1895,1895,0
2022-06-29 13:26:00,1895,1895,1895,1895,0
2022-06-29 13:27:00,1895,1895,1895,1895,0
2022-06-29 13:28:00,1895,1895,1895,1895,0
2022-06-29 13:29:00,1895,1895,1895,1895,0
2022-06-29 13:30:00,1895,1895,1895,1895,0
2022-06-29 13:31:00,1895,1895,1895,1895,0
2022-06-29 13:32:00,1895,1895,1895,1895,0
2022-06-29 13:33:00,1895,1895,1895,1895,0
2022-06-29 13:34:00,1895,1895,1895,1895,0
2022-06-29 13:35:00,1895,1895,1895,1895,0
2022-06-29 13:36:00,1895,1895,1895,1895,0
2022-06-29 13:37:00,1895,1895,1895,1895,0
2022-06-29 13:38:00,1895,1895,1895,1895,0
2022-06-29 13:39:00,1895,1895,1895,1895,0
2022-06-29 13:40:00,1895,1895,1895,1895,0
2022-06-29 13:41:00,1895,1895,1895,1895,0
2022-06-29 13:42:00,1895,1895,1895,1895,0
2022-06-29 13:43:00,1895,1895,1895,1895,0
2022-06-29 13:44:00,1895,1895,1895,1895,0
2022-06-29 13:45:00,1895,1895,1895,1895,0
2022-06-29 13:46:00,1895,1895,1895,1895,0
2022-06-29 13:47:00,1895,1895,1895,1895,0
2022-06-29 13:48:00,1895,1895,1895,1895,0
2022-06-29 13:49:00,1895,1895,1895,1895,0
2022-06-29 13:50:00,1895,1895,1895,1895,0
2022-06-29 13:51:00,1895,1895,1895,1895,0
2022-06-29 13:52:00,1895,1895,1895,1895,0
2022-06-29 13:53:00,1895,1895,1895,1895,0
2022-06-29 13:54:00,1895,1895,1895,1895,0
2022-06-29 13:55:00,1895,1895,1895,1895,0
2022-06-29 13:56:00,1895,1895,1895,1895,0
2022-06-29 13:57:00,1895,1895,1895,1895,0
2022-06-29 13:58:00,1895,1895,1895,1895,0
2022-06-29 13:59:00,1895,1895,1895,1895,0
2022-06-29 14:00:00,1895,1895,1895,1895,0
2022-06-29 14:01:00,1895,1895,1895,1895,0
2022-06-29 14:02:00,1895,1895,1895,1895,0
2022-06-29 14:03:00,1895,1895,1895,1895,0
2022-06-29 14:04:00,1895,1895,1895,1895,0
2022-06-29 14:05:00,1895,1895,1895,1895,0
2022-06-29 14:06:00,1895,1895,1895,1895,0
2022-06-29 14:07:00,1895,1895,1895,1895,0
2022-06-29 14:08:00,1895,1895,1895,1895,0
2022-06-29 14:09:00,1895,1895,1895,1895,0
2022-06-29 14:10:00,1895,1895,1895,1895,0
2022-06-29 14:11:00,1895,1895,1895,1895,0
2022-06-29 14:12:00,1895,1895,1895,1895,0
2022-06-29 14:13:00,1895,1895,1895,1895,0
2022-06-29 14:14:00,1895,1895,1895,1895,0
2022-06-29 14:15:00,1895,1895,1895,1895,0
2022-06-29 14:16:00,1895,1895,1895,1895,0
2022-06-29 14:17:00,1895,1895,1895,1895,0
2022-06-29 14:18:00,1895,1895,1895,1895,0
2022-06-29 14:19:00,1895,1895,1895,1895,0
2022-06-29 14:20:00,1895,1895,1895,1895,0
2022-06-29 14:21:00,1895,1895,1895,1895,0
2022-06-29 14:22:00,1895,1895,1895,1895,0
2022-06-29 14:23:00,1895,1895,1895,1895,0
2022-06-29 14:24:00,1895,1895,1895,1895,0
2022-06-29 14:25:00,1895,1895,1895,1895,0
2022-06-29 14:26:00,1895,1895,1895,1895,0
2022-06-29 14:27:00,1895,1895,1895,1895,0
2022-06-29 14:28:00,1895,1895,1895,1895,0
2022-06-29 14:29:00,1895,1895,1895,1895,0
2022-06-29 14:30:00,1895,1895,1895,1895,0
2022-06-29 14:31:00,1895,1895,1895,1895,0
2022-06-29 14:32:00,1895,1895,1895,1895,0
2022-06-29 14:33:00,1895,1895,1895,1895,0
2022-06-29 14:34:00,1895,1895,1895,1895,0
2022-06-29 14:35:00,1895,1895,1895,1895,0
2022-06-29 14:36:00,1895,1895,1895,1895,0
2022-06-29 14:37:00,1895,1895,1895,1895,0
2022-06-29 14:38:00,1895,1895,1895,1895,0
2022-06-29 14:39:00,1895,1895,1895,1895,0
2022-06-29 14:40:00,1895,1895,1895,1895,0
2022-06-29 14:41:00,1895,1895,1895,1895,0
2022-06-29 14:42:00,1895,1895,1895,1895,0
2022-06-29 14:43:00,1895,1895,1895,1895,0
2022-06-29 14:44:00,1895,1895,1895,1895,0
2022-06-29 14:45:00,1895,1895,1895,1895,0
2022-06-29 14:46:00,1895,1895,1895,1895,0
2022-06-29 14:47:00,1895,1895,1895,1895,0
2022-06-29 14:48:00,1895,1895,1895,1895,0
2022-06-29 14:49:00,1895,1895,1895,1895,0
2022-06-29 14:50:00,1895,1895,1895,1895,0
2022-06-29 14:51:00,1895,1895,1895,1895,0
2022-06-29 14:52:00,1895,1895,1895,1895,0
2022-06-29 14:53:00,1895,1895,1895,1895,0
2022-06-29 14:54:00,1895,1895,1895,1895,0
2022-06-29 14:55:00,1895,1895,1895,1895,0
2022-06-29 14:56:00,1895,1895,1895,1895,0
2022-06-29 14:57:00,1895,1895,1895,1895,0
2022-06-29 14:58:00,1895,1895,1895,1895,0
2022-06-29 14:59:00,1895,1895,1895,1895,0
2022-06-29 15:00:00,1895,1895,1895,1895,0
2022-06-29 15:01:00,1895,1895,1895,1895,0
2022-06-29 15:02:00,1895,1895,1895,1895,0
2022-06-29 15:03:00,1895,1895,1895,1895,0
2022-06-29 15:04:00,1895,1895,1895,1895,0
2022-06-29 15:05:00,1895,1895,1895,1895,0
2022-06-29 15:06:00,1895,1895,1895,1895,0
2022-06-29 15:07:00,1895,1895,1895,1895,0
2022-06-29 15:08:00,1895,1895,1895,1895,0
2022-06-29 15:09:00,1895,1895,1895,1895,0
2022-06-29 15:10:00,1895,1895,1895,1895,0
2022-06-29 15:11:00,1895,1895,1895,1895,0
2022-06-29 15:12:00,1895,1895,1895,1895,0
2022-06-29 15:13:00,1895,1895,1895,1895,0
2022-06-29 15:14:00,1895,1895,1895,1895,0
2022-06-29 15:15:00,1895,1895,1895,1895,0
2022-06-29 15:16:00,1895,1895,1895,1895,0
2022-06-29 15:17:00,1895,1895,1895,1895,0
2022-06-29 15:18:00,1895,1895,1895,1895,0
2022-06-29 15:19:00,1895,1895,1895,1895,0
2022-06-29 15:20:00,1895,1895,1895,1895,0
2022-06-29 15:21:00,1895,1895,1895,1895,0
2022-06-29 15:22:00,1895,1895,1895,1895,0
2022-06-29 15:23:00,1895,1895,1895,1895,0
2022-06-29 15:24:00,1895,1895,1895,1895,0
2022-06-29 15:25:00,1895,1895,1895,1895,0
2022-06-29 15:26:00,1895,1895,1895,1895,0
2022-06-29 15:27:00,1895,1895,1895,1895,0
2022-06-29 15:28:00,1895,1895,1895,1895,0
2022-06-29 15:29:00,1895,1895,1895,1895,0
2022-06-29 15:30:00,1895,1895,1895,1895,0
2022-06-29 15:31:00,1895,1895,1895,1895,0
2022-06-29 15:32:00,1895,1895,1895,1895,0
2022-06-29 15:33:00,1895,1895,1895,1895,0
2022-06-29 15:34:00,1895,1895,1895,1895,0
2022-06-29 15:35:00,1895,1895,1895,1895,0
2022-06-29 15:36:00,1895,1895,1895,1895,0
2022-06-29 15:37:00,1895,1895,1895,1895,0
2022-06-29 15:38:00,1895,1895,1895,1895,0
2022-06-29 15:39:00,1895,1895,1895,1895,0
2022-06-29 15:40:00,1895,1895,1895,1895,0
2022-06-29 15:41:00,1895,1895,1895,1895,0
2022-06-29 15:42:00,1895,1895,1895,1895,0
2022-06-29 15:43:00,1895,1895,1895,1895,0
2022-06-29 15:44:00,1895,1895,1895,1895,0
2022-06-29 15:45:00,1895,1895,1895,1895,0
2022-06-29 15:46:00,1895,1895,1895,1895,0
2022-06-29 15:47:00,1895,1895,1895,1895,0
2022-06-29 15:48:00,1895,1895,1895,1895,0
2022-06-29 15:49:00,1895,1895,1895,1895,0
2022-06-29 15:50:00,1895,1895,1895,1895,0
2022-06-29 15:51:00,1895,1895,1895,1895,0
2022-06-29 15:52:00,1895,1895,1895,1895,0
2022-06-29 15:53:00,1895,1895,1895,1895,0
2022-06-29 15:54:00,1895,1895,1895,1895,0
2022-06-29 15:55:00,1895,1895,1895,1895,0
2022-06-29 15:56:00,1895,1895,1895,1895,0
2022-06-29 15:57:00,1895,1895,1895,1895,0
2022-06-29 15:58:00,1895,1895,1895,1895,0
2022-06-29 15:59:00,1895,1895,1895,1895,0
2022-06-30 09:00:00,1895,1895,1895,1895,0
2022-06-30 09:01:00,1895,1895,1895,1895,0
2022-06-30 09:02:00,1895,1895,1895,1895,0
2022-06-30 09:03:00,1895,1895,1895,1895,0
2022-06-30 09:04:00,1895,1895,1895,1895,0
2022-06-30 09:05:00,1895,1895,1895,1895,0
2022-06-30 09:06:00,1895,1895,1895,1895,0
2022-06-30 09:07:00,1895,1895,1895,1895,0
2022-06-30 09:08:00,1895,1895,1895,1895,0
2022-06-30 09:09:00,1895,1895,1895,1895,0
2022-06-30 09:10:00,1895,1895,1895,1895,0
2022-06-30 09:11:00,1895,1895,1895,1895,0
2022-06-30 09:12:00,1895,1895,1895,1895,0
2022-06-30 09:13:00,1895,1895,1895,1895,0
2022-06-30 09:14:00,1895,1895,1895,1895,0
2022-06-30 09:15:00,1895,1895,1895,1895,0
2022-06-30 09:16:00,1895,1895,1895,1895,0
2022-06-30 09:17:00,1895,1895,1895,1895,0
2022-06-30 09:18:00,1895,1895,1895,1895,0
2022-06-30 09:19:00,1895,1895,1895,1895,0
2022-06-30 09:20:00,1895,1895,1895,1895,0
2022-06-30 09:21:00,1895,1895,1895,1895,0
2022-06-30 09:22:00,1895,1895,1895,1895,0
2022-06-30 09:23:00,1895,1895,1895,1895,0
2022-06-30 09:24:00,1895,1895,1895,1895,0
2022-06-30 09:25:00,1895,1895,1895,1895,0
2022-06-30 09:26:00,1895,1895,1895,1895,0
2022-06-30 09:27:00,1895,1895,1895,1895,0
2022-06-30 09:28:00,1895,1895,1895,1895,0
2022-06-30 09:29:00,1895,1895,1895,1895,0
2022-06-30 09:30:00,1895,1895,1895,1895,0
2022-06-30 09:31:00,1895,1895,1895,1895,0
2022-06-30 09:32:00,1895,1895,1895,1895,0
2022-06-30 09:33:00,1895,1895,1895,1895,0
2022-06-30 09:34:00,1895,1895,1895,1895,0
2022-06-30 09:35:00,1895,1895,1895,1895,0
2022-06-30 09:36:00,1895,1895,1895,1895,0
2022-06-30 09:37:00,1895,1895,1895,1895,0
2022-06-30 09:38:00,1895,1895,1895,1895,0
2022-06-30 09:39:00,1895,1895,1895,1895,0
2022-06-30 09:40:00,1895,1895,1895,1895,0
2022-06-30 09:41:00,1895,1895,1895,1895,0
2022-06-30 09:42:00,1895,1895,1895,1895,0
2022-06-30 09:43:00,1895,1895,1895,1895,0
2022-06-30 09:44:00,1895,1895,1895,1895,0
2022-06-30 09:45:00,1895,1895,1895,1895,0
2022-06-30 09:46:00,1895,1895,1895,1895,0
2022-06-30 09:47:00,1895,1895,1895,1895,0
2022-06-30 09:48:00,1895,1895,1895,1895,0
2022-06-30 09:49:00,1895,1895,1895,1895,0
2022-06-30 09:50:00,1895,1895,1895,1895,0
2022-06-30 09:51:00,1895,1895,1895,1895,0
2022-06-30 09:52:00,1895,1895,1895,1895,0
2022-06-30 09:53:00,1895,1895,1895,1895,0
2022-06-30 09:54:00,1895,1895,1895,1895,0
2022-06-30 09:55:00,1895,1895,1895,1895,0
2022-06-30 09:56:00,1895,1895,1895,1895,0
2022-06-30 09:57:00,1895,1895,1895,1895,0
2022-06-30 09:58:00,1895,1895,1895,1895,0
2022-06-30 09:59:00,1895,1895,1895,1895,0
2022-06-30 10:00:00,1895,1895,1895,1895,0
2022-06-30 10:01:00,1895,1895,1895,1895,0
2022-06-30 10:02:00,1895,1895,1895,1895,0
2022-06-30 10:03:00,1895,1895,1895,1895,0
2022-06-30 10:04:00,1895,1895,1895,1895,0
2022-06-30 10:05:00,1895,1895,1895,1895,0
2022-06-30 10:06:00,1895,1895,1895,1895,0
2022-06-30 10:07:00,1895,1895,1895,1895,0
2022-06-30 10:08:00,1895,1895,1895,1895,0
2022-06-30 10:09:00,1895,1895,1895,1895,0
2022-06-30 10:10:00,1895,1895,1895,1895,0
2022-06-30 10:11:00,1895,1895,1895,1895,0
2022-06-30 10:12:00,1895,1895,1895,1895,0
2022-06-30 10:13:00,1895,1895,1895,1895,0
2022-06-30 10:14:00,1895,1895,1895,1895,0
2022-06-30 10:15:00,1895,1895,1895,1895,0
2022-06-30 10:16:00,1895,1895,1895,1895,0
2022-06-30 10:17:00,1895,1895,1895,1895,0
2022-06-30 10:18:00,1895,1895,1895,1895,0
2022-06-30 10:19:00,1895,1895,1895,1895,0
2022-06-30 10:20:00,1895,1895,1895,1895,0
2022-06-30 10:21:00,1895,1895,1895,1895,0
2022-06-30 10:22:00,1895,1895,1895,1895,0
2022-06-30 10:23:00,1895,1895,1895,1895,0
2022-06-30 10:24:00,1895,1895,1895,1895,0
2022-06-30 10:25:00,1895,1895,1895,1895,0
2022-06-30 10:26:00,1895,1895,1895,1895,0
2022-06-30 10:27:00,1895,1895,1895,1895,0
2022-06-30 10:28:00,1895,1895,1895,1895,0
2022-06-30 10:29:00,1895,1895,1895,1895,0
2022-06-30 10:30:00,1895,1895,1895,1895,0
2022-06-30 10:31:00,1895,1895,1895,1895,0
2022-06-30 10:32:00,1895,1895,1895,1895,0
2022-06-30 10:33:00,1895,1895,1895,1895,0
2022-06-30 10:34:00,1895,1895,1895,1895,0
2022-06-30 10:35:00,1895,1895,1895,1895,0
2022-06-30 10:36:00,1895,1895,1895,1895,0
2022-06-30 10:37:00,1895,1895,1895,1895,0
2022-06-30 10:38:00,1895,1895,1895,1895,0
2022-06-30 10:39:00,1895,1895,1895,1895,0
2022-06-30 10:40:00,1895,1895,1895,1895,0
2022-06-30 10:41:00,1895,1895,1895,1895,0
2022-06-30 10:42:00,1895,1895,1895,1895,0
2022-06-30 10:43:00,1895,1895,1895,1895,0
2022-06-30 10:44:00,1895,1895,1895,1895,0
2022-06-30 10:45:00,1895,1895,1895,1895,0
2022-06-30 10:46:00,1895,1895,1895,1895,0
2022-06-30 10:47:00,1895,1895,1895,1895,0
2022-06-30 10:48:00,1895,1895,1895,1895,0
2022-06-30 10:49:00,1895,1895,1895,1895,0
2022-06-30 10:50:00,1895,1895,1895,1895,0
2022-06-30 10:51:00,1895,1895,1895,1895,0
2022-06-30 10:52:00,1895,1895,1895,1895,0
2022-06-30 10:53:00,1895,1895,1895,1895,0
2022-06-30 10:54:00,1895,1895,1895,1895,0
2022-06-30 10:55:00,1895,1895,1895,1895,0
2022-06-30 10:56:00,1895,1895,1895,1895,0
2022-06-30 10:57:00,1895,1895,1895,1895,0
2022-06-30 10:58:00,1895,1895,1895,1895,0
2022-06-30 10:59:00,1895,1895,1895,1895,0
2022-06-30 11:00:00,1895,1895,1895,1895,0
2022-06-30 11:01:00,1895,1895,1895,1895,0
2022-06-30 11:02:00,1895,1895,1895,1895,0
2022-06-30 11:03:00,1895,1895,1895,1895,0
2022-06-30 11:04:00,1895,1895,1895,1895,0
2022-06-30 11:05:00,1895,1895,1895,1895,0
2022-06-30 11:06:00,1895,1895,1895,1895,0
2022-06-30 11:07:00,1895,1895,1895,1895,0
2022-06-30 11:08:00,1895,1895,1895,1895,0
2022-06-30 11:09:00,1895,1895,1895,1895,0
2022-06-30 11:10:00,1895,1895,1895,1895,0
2022-06-30 11:11:00,1895,1895,1895,1895,0
2022-06-30 11:12:00,1895,1895,1895,1895,0
2022-06-30 11:13:00,1895,1895,1895,1895,0
2022-06-30 11:14:00,1895,1895,1895,1895,0
2022-06-30 11:15:00,1895,1895,1895,1895,0
2022-06-30 11:16:00,1895,1895,1895,1895,0
2022-06-30 11:17:00,1895,1895,1895,1895,0
2022-06-30 11:18:00,1895,1895,1895,1895,0
2022-06-30 11:19:00,1895,1895,1895,1895,0
2022-06-30 11:20:00,1895,1895,1895,1895,0
2022-06-30 11:21:00,1895,1895,1895,1895,0
2022-06-30 11:22:00,1895,1895,1895,1895,0
2022-06-30 11:23:00,1895,1895,1895,1895,0
2022-06-30 11:24:00,1895,1895,1895,1895,0
2022-06-30 11:25:00,1895,1895,1895,1895,0
2022-06-30 11:26:00,1895,1895,1895,1895,0
2022-06-30 11:27:00,1895,1895,1895,1895,0
2022-06-30 11:28:00,1895,1895,1895,1895,0
2022-06-30 11:29:00,1895,1895,1895,1895,0
2022-06-30 11:30:00,1895,1895,1895,1895,0
2022-06-30 11:31:00,1895,1895,1895,1895,0
2022-06-30 11:32:00,1895,1895,1895,1895,0
2022-06-30 11:33:00,1895,1895,1895,1895,0
2022-06-30 11:34:00,1895,1895,1895,1895,0
2022-06-30 11:35:00,1895,1895,1895,1895,0
2022-06-30 11:36:00,1895,1895,1895,1895,0
2022-06-30 11:37:00,1895,1895,1895,1895,0
2022-06-30 11:38:00,1895,1895,1895,1895,0
2022-06-30 11:39:00,1895,1895,1895,1895,0
2022-06-30 11:40:00,1895,1895,1895,1895,0
2022-06-30 11:41:00,1895,1895,1895,1895,0
2022-06-30 11:42:00,1895,1895,1895,1895,0
2022-06-30 11:43:00,1895,1895,1895,1895,0
2022-06-30 11:44:00,1895,1895,1895,1895,0
2022-06-30 11:45:00,1895,1895,1895,1895,0
2022-06-30 11:46:00,1895,1895,1895,1895,0
2022-06-30 11:47:00,1895,1895,1895,1895,0
2022-06-30 11:48:00,1895,1895,1895,1895,0
2022-06-30 11:49:00,1895,1895,1895,1895,0
2022-06-30 11:50:00,1895,1895,1895,1895,0
2022-06-30 11:51:00,1895,1895,1895,1895,0
2022-06-30 11:52:00,1895,1895,1895,1895,0
2022-06-30 11:53:00,1895,1895,1895,1895,0
2022-06-30 11:54:00,1895,1895,1895,1895,0
2022-06-30 11:55:00,1895,1895,1895,1895,0
2022-06-30 11:56:00,1895,1895,1895,1895,0
2022-06-30 11:57:00,1895,1895,1895,1895,0
2022-06-30 11:58:00,1895,1895,1895,1895,0
2022-06-30 11:59:00,1895,1895,1895,1895,0
2022-06-30 12:00:00,1895,1895,1895,1895,0
2022-06-30 12:01:00,1895,1895,1895,1895,0
2022-06-30 12:02:00,1895,1895,1895,1895,0
2022-06-30 12:03:00,1895,1895,1895,1895,0
2022-06-30 12:04:00,1895,1895,1895,1895,0
2022-06-30 12:05:00,1895,1895,1895,1895,0
2022-06-30 12:06:00,1895,1895,1895,1895,0
2022-06-30 12:07:00,1895,1895,1895,1895,0
2022-06-30 12:08:00,1895,1895,1895,1895,0
2022-06-30 12:09:00,1895,1895,1895,1895,0
2022-06-30 12:10:00,1895,1895,1895,1895,0
2022-06-30 12:11:00,1895,1895,1895,1895,0
2022-06-30 12:12:00,1895,1895,1895,1895,0
2022-06-30 12:13:00,1895,1895,1895,1895,0
2022-06-30 12:14:00,1895,1895,1895,1895,0
2022-06-30 12:15:00,1895,1895,1895,1895,0
2022-06-30 12:16:00,1895,1895,1895,1895,0
2022-06-30 12:17:00,1895,1895,1895,1895,0
2022-06-30 12:18:00,1895,1895,1895,1895,0
2022-06-30 12:19:00,1895,1895,1895,1895,0
2022-06-30 12:20:00,1895,1895,1895,1895,0
2022-06-30 12:21:00,1895,1895,1895,1895,0
2022-06-30 12:22:00,1895,1895,1895,1895,0
2022-06-30 12:23:00,1895,1895,1895,1895,0
2022-06-30 12:24:00,1895,1895,1895,1895,0
2022-06-30 12:25:00,1895,1895,1895,1895,0
2022-06-30 12:26:00,1895,1895,1895,1895,0
2022-06-30 12:27:00,1895,1895,1895,1895,0
2022-06-30 12:28:00,1895,1895,1895,1895,0
2022-06-30 12:29:00,1895,1895,1895,1895,0
2022-06-30 12:30:00,1895,1895,1895,1895,0
2022-06-30 12:31:00,1895,1895,1895,1895,0
2022-06-30 12:32:00,1895,1895,1895,1895,0
2022-06-30 12:33:00,1895,1895,1895,1895,0
2022-06-30 12:34:00,1895,1895,1895,1895,0
2022-06-30 12:35:00,1895,1895,1895,1895,0
2022-06-30 12:36:00,1895,1895,1895,1895,0
2022-06-30 12:37:00,1895,1895,1895,1895,0
2022-06-30 12:38:00,1895,1895,1895,1895,0
2022-06-30 12:39:00,1895,1895,1895,1895,0
2022-06-30 12:40:00,1895,1895,1895,1895,0
2022-06-30 12:41:00,1895,1895,1895,1895,0
2022-06-30 12:42:00,1895,1895,1895,1895,0
2022-06-30 12:43:00,1895,1895,1895,1895,0
2022-06-30 12:44:00,1895,1895,1895,1895,0
2022-06-30 12:45:00,1895,1895,1895,1895,0
2022-06-30 12:46:00,1895,1895,1895,1895,0
2022-06-30 12:47:00,1895,1895,1895,1895,0
2022-06-30 12:48:00,1895,1895,1895,1895,0
2022-06-30 12:49:00,1895,1895,1895,1895,0
2022-06-30 12:50:00,1895,1895,1895,1895,0
2022-06-30 12:51:00,1895,1895,1895,1895,0
2022-06-30 12:52:00,1895,1895,1895,1895,0
2022-06-30 12:53:00,1895,1895,1895,1895,0
2022-06-30 12:54:00,1895,1895,1895,1895,0
2022-06-30 12:55:00,1895,1895,1895,1895,0
2022-06-30 12:56:00,1895,1895,1895,1895,0
2022-06-30 12:57:00,1895,1895,1895,1895,0
2022-06-30 12:58:00,1895,1895,1895,1895,0
2022-06-30 12:59:00,1895,1895,1895,1895,0
2022-06-30 13:00:00,1895,1895,1895,1895,0
2022-06-30 13:01:00,1895,1895,1895,1895,0
2022-06-30 13:02:00,1895,1895,1895,1895,0
2022-06-30 13:03:00,1895,1895,1895,1895,0
2022-06-30 13:04:00,1895,1895,1895,1895,0
2022-06-30 13:05:00,1895,1895,1895,1895,0
2022-06-30 13:06:00,1895,1895,1895,1895,0
2022-06-30 13:07:00,1895,1895,1895,1895,0
2022-06-30 13:08:00,1895,1895,1895,1895,0
2022-06-30 13:09:00,1895,1895,1895,1895,0
2022-06-30 13:10:00,1895,1895,1895,1895,0
2022-06-30 13:11:00,1895,1895,1895,1895,0
2022-06-30 13:12:00,1895,1895,1895,1895,0
2022-06-30 13:13:00,1895,1895,1895,1895,0
2022-06-30 13:14:00,1895,1895,1895,1895,0
2022-06-30 13:15:00,1895,1895,1895,1895,0
2022-06-30 13:16:00,1895,1895,1895,1895,0
2022-06-30 13:17:00,1895,1895,1895,1895,0
2022-06-30 13:18:00,1895,1895,1895,1895,0
2022-06-30 13:19:00,1895,1895,1895,1895,0
2022-06-30 13:20:00,1895,1895,1895,1895,0
2022-06-30 13:21:00,1895,1895,1895,1895,0
2022-06-30 13:22:00,1895,1895,1895,1895,0
2022-06-30 13:23:00,1895,1895,1895,1895,0
2022-06-30 13:24:00,1895,1895,1895,1895,0
2022-06-30 13:25:00,1895,1895,1895,1895,0
2022-06-30 13:26:00,1895,1895,1895,1895,0
2022-06-30 13:27:00,1895,1895,1895,1895,0
2022-06-30 13:28:00,1895,1895,1895,1895,0
2022-06-30 13:29:00,1895,1895,1895,1895,0
2022-06-30 13:30:00,1895,1895,1895,1895,0
2022-06-30 13:31:00,1895,1895,1895,1895,0
2022-06-30 13:32:00,1895,1895,1895,1895,0
2022-06-30 13:33:00,1895,1895,1895,1895,0
2022-06-30 13:34:00,1895,1895,1895,1895,0
2022-06-30 13:35:00,1895,1895,1895,1895,0
2022-06-30 13:36:00,1895,1895,1895,1895,0
2022-06-30 13:37:00,1895,1895,1895,1895,0
2022-06-30 13:38:00,1895,1895,1895,1895,0
2022-06-30 13:39:00,1895,1895,1895,1895,0
2022-06-30 13:40:00,1895,1895,1895,1895,0
2022-06-30 13:41:00,1895,1895,1895,1895,0
2022-06-30 13:42:00,1895,1895,1895,1895,0
2022-06-30 13:43:00,1895,1895,1895,1895,0
2022-06-30 13:44:00,1895,1895,1895,1895,0
2022-06-30 13:45:00,1895,1895,1895,1895,0
2022-06-30 13:46:00,1895,1895,1895,1895,0
2022-06-30 13:47:00,1895,1895,1895,1895,0
2022-06-30 13:48:00,1895,1895,1895,1895,0
2022-06-30 13:49:00,1895,1895,1895,1895,0
2022-06-30 13:50:00,1895,1895,1895,1895,0
2022-06-30 13:51:00,1895,1895,1895,1895,0
2022-06-30 13:52:00,1895,1895,1895,1895,0
2022-06-30 13:53:00,1895,1895,1895,1895,0
2022-06-30 13:54:00,1895,1895,1895,1895,0
2022-06-30 13:55:00,1895,1895,1895,1895,0
2022-06-30 13:56:00,1895,1895,1895,1895,0
2022-06-30 13:57:00,1895,1895,1895,1895,0
2022-06-30 13:58:00,1895,1895,1895,1895,0
2022-06-30 13:59:00,1895,1895,1895,1895,0
2022-06-30 14:00:00,1895,1895,1895,1895,0
2022-06-30 14:01:00,1895,1895,1895,1895,0
2022-06-30 14:02:00,1895,1895,1895,1895,0
2022-06-30 14:03:00,1895,1895,1895,1895,0
2022-06-30 14:04:00,1895,1895,1895,1895,0
2022-06-30 14:05:00,1895,1895,1895,1895,0
2022-06-30 14:06:00,1895,1895,1895,1895,0
2022-06-30 14:07:00,1895,1895,1895,1895,0
2022-06-30 14:08:00,1895,1895,1895,1895,0
2022-06-30 14:09:00,1895,1895,1895,1895,0
2022-06-30 14:10:00,1895,1895,1895,1895,0
2022-06-30 14:11:00,1895,1895,1895,1895,0
2022-06-30 14:12:00,1895,1895,1895,1895,0
2022-06-30 14:13:00,1895,1895,1895,1895,0
2022-06-30 14:14:00,1895,1895,1895,1895,0
2022-06-30 14:15:00,1895,1895,1895,1895,0
2022-06-30 14:16:00,1895,1895,1895,1895,0
2022-06-30 14:17:00,1895,1895,1895,1895,0
2022-06-30 14:18:00,1895,1895,1895,1895,0
2022-06-30 14:19:00,1895,1895,1895,1895,0
2022-06-30 14:20:00,1895,1895,1895,1895,0
2022-06-30 14:21:00,1895,1895,1895,1895,0
2022-06-30 14:22:00,1895,1895,1895,1895,0
2022-06-30 14:23:00,1895,1895,1895,1895,0
2022-06-30 14:24:00,1895,1895,1895,1895,0
2022-06-30 14:25:00,1895,1895,1895,1895,0
2022-06-30 14:26:00,1895,1895,1895,1895,0
2022-06-30 14:27:00,1895,1895,1895,1895,0
2022-06-30 14:28:00,1895,1895,1895,1895,0
2022-06-30 14:29:00,1895,1895,1895,1895,0
2022-06-30 14:30:00,1895,1895,1895,1895,0
2022-06-30 14:31:00,1895,1895,1895,1895,0
2022-06-30 14:32:00,1895,1895,1895,1895,0
2022-06-30 14:33:00,1895,1895,1895,1895,0
2022-06-30 14:34:00,1895,1895,1895,1895,0
2022-06-30 14:35:00,1895,1895,1895,1895,0
2022-06-30 14:36:00,1895,1895,1895,1895,0
2022-06-30 14:37:00,1895,1895,1895,1895,0
2022-06-30 14:38:00,1895,1895,1895,1895,0
2022-06-30 14:39:00,1895,1895,1895,1895,0
2022-06-30 14:40:00,1895,1895,1895,1895,0
2022-06-30 14:41:00,1895,1895,1895,1895,0
2022-06-30 14:42:00,1895,1895,1895,1895,0
2022-06-30 14:43:00,1895,1895,1895,1895,0
2022-06-30 14:44:00,1895,1895,1895,1895,0
2022-06-30 14:45:00,1895,1895,1895,1895,0
2022-06-30 14:46:00,1895,1895,1895,1895,0
2022-06-30 14:47:00,1895,1895,1895,1895,0
2022-06-30 14:48:00,1895,1895,1895,1895,0
2022-06-30 14:49:00,1895,1895,1895,1895,0
2022-06-30 14:50:00,1895,1895,1895,1895,0
2022-06-30 14:51:00,1895,1895,1895,1895,0
2022-06-30 14:52:00,1895,1895,1895,1895,0
2022-06-30 14:53:00,1895,1895,1895,1895,0
2022-06-30 14:54:00,1895,1895,1895,1895,0
2022-06-30 14:55:00,1895,1895,1895,1895,0
2022-06-30 14:56:00,1895,1895,1895,1895,0
2022-06-30 14:57:00,1895,1895,1895,1895,0
2022-06-30 14:58:00,1895,1895,1895,1895,0
2022-06-30 14:59:00,1895,1895,1895,1895,0
2022-06-30 15:00:00,1895,1895,1895,1895,0
2022-06-30 15:01:00,1895,1895,1895,1895,0
2022-06-30 15:02:00,1895,1895,1895,1895,0
2022-06-30 15:03:00,1895,1895,1895,1895,0
2022-06-30 15:04:00,1895,1895,1895,1895,0
2022-06-30 15:05:00,1895,1895,1895,1895,0
2022-06-30 15:06:00,1895,1895,1895,1895,0
2022-06-30 15:07:00,1895,1895,1895,1895,0
2022-06-30 15:08:00,1895,1895,1895,1895,0
2022-06-30 15:09:00,1895,1895,1895,1895,0
2022-06-30 15:10:00,1895,1895,1895,1895,0
2022-06-30 15:11:00,1895,1895,1895,1895,0
2022-06-30 15:12:00,1895,1895,1895,1895,0
2022-06-30 15:13:00,1895,1895,1895,1895,0
2022-06-30 15:14:00,1895,1895,1895,1895,0
2022-06-30 15:15:00,1895,1895,1895,1895,0
2022-06-30 15:16:00,1895,1895,1895,1895,0
2022-06-30 15:17:00,1895,1895,1895,1895,0
2022-06-30 15:18:00,1895,1895,1895,1895,0
2022-06-30 15:19:00,1895,1895,1895,1895,0
2022-06-30 15:20:00,1895,1895,1895,1895,0
2022-06-30 15:21:00,1895,1895,1895,1895,0
2022-06-30 15:22:00,1895,1895,1895,1895,0
2022-06-30 15:23:00,1895,1895,1895,1895,0
2022-06-30 15:24:00,1895,1895,1895,1895,0
2022-06-30 15:25:00,1895,1895,1895,1895,0
2022-06-30 15:26:00,1895,1895,1895,1895,0
2022-06-30 15:27:00,1895,1895,1895,1895,0
2022-06-30 15:28:00,1895,1895,1895,1895,0
2022-06-30 15:29:00,1895,1895,1895,1895,0
2022-06-30 15:30:00,1895,1895,1895,1895,0
2022-06-30 15:31:00,1895,1895,1895,1895,0
2022-06-30 15:32:00,1895,1895,1895,1895,0
2022-06-30 15:33:00,1895,1895,1895,1895,0
2022-06-30 15:34:00,1895,1895,1895,1895,0
2022-06-30 15:35:00,1895,1895,1895,1895,0
2022-06-30 15:36:00,1895,1895,1895,1895,0
2022-06-30 15:37:00,1895,1895,1895,1895,0
2022-06-30 15:38:00,1895,1895,1895,1895,0
2022-06-30 15:39:00,1895,1895,1895,1895,0
2022-06-30 15:40:00,1895,1895,1895,1895,0
2022-06-30 15:41:00,1895,1895,1895,1895,0
2022-06-30 15:42:00,1895,1895,1895,1895,0
2022-06-30 15:43:00,1895,1895,1895,1895,0
2022-06-30 15:44:00,1895,1895,1895,1895,0
2022-06-30 15:45:00,1895,1895,1895,1895,0
2022-06-30 15:46:00,1895,1895,1895,1895,0
2022-06-30 15:47:00,1895,1895,1895,1895,0
2022-06-30 15:48:00,1895,1895,1895,1895,0
2022-06-30 15:49:00,1895,1895,1895,1895,0
2022-06-30 15:50:00,1895,1895,1895,1895,0
2022-06-30 15:51:00,1895,1895,1895,1895,0
2022-06-30 15:52:00,1895,1895,1895,1895,0
2022-06-30 15:53:00,1895,1895,1895,1895,0
2022-06-30 15:54:00,1895,1895,1895,1895,0
2022-06-30 15:55:00,1895,1895,1895,1895,0
2022-06-30 15:56:00,1895,1895,1895,1895,0
2022-06-30 15:57:00,1895,1895,1895,1895,0
2022-06-30 15:58:00,1895,1895,1895,1895,0
2022-06-30 15:59:00,1895,1895,1895,1895,0
2022-07-01 09:00:00,1895,1895,1895,1895,0
2022-07-01 09:01:00,1895,1895,1895,1895,0
2022-07-01 09:02:00,1895,1895,1895,1895,0
2022-07-01 09:03:00,1895,1895,1895,1895,0
2022-07-01 09:04:00,1895,1895,1895,1895,0
2022-07-01 09:05:00,1895,1895,1895,1895,0
2022-07-01 09:06:00,1895,1895,1895,1895,0
2022-07-01 09:07:00,1895,1895,1895,1895,0
2022-07-01 09:08:00,1895,1895,1895,1895,0
2022-07-01 09:09:00,1895,1895,1895,1895,0
2022-07-01 09:10:00,1895,1895,1895,1895,0
2022-07-01 09:11:00,1895,1895,1895,1895,0
2022-07-01 09:12:00,1895,1895,1895,1895,0
2022-07-01 09:13:00,1895,1895,1895,1895,0
2022-07-01 09:14:00,1895,1895,1895,1895,0
2022-07-01 09:15:00,1895,1895,1895,1895,0
2022-07-01 09:16:00,1895,1895,1895,1895,0
2022-07-01 09:17:00,1895,1895,1895,1895,0
2022-07-01 09:18:00,1895,1895,1895,1895,0
2022-07-01 09:19:00,1895,1895,1895,1895,0
2022-07-01 09:20:00,1895,1895,1895,1895,0
2022-07-01 09:21:00,1895,1895,1895,1895,0
2022-07-01 09:22:00,1895,1895,1895,1895,0
2022-07-01 09:23:00,1895,1895,1895,1895,0
2022-07-01 09:24:00,1895,1895,1895,1895,0
2022-07-01 09:25:00,1895,1895,1895,1895,0
2022-07-01 09:26:00,1895,1895,1895,1895,0
2022-07-01 09:27:00,1895,1895,1895,1895,0
2022-07-01 09:28:00,1895,1895,1895,1895,0
2022-07-01 09:29:00,1895,1895,1895,1895,0
2022-07-01 09:30:00,1895,1895,1895,1895,0
2022-07-01 09:31:00,1895,1895,1895,1895,0
2022-07-01 09:32:00,1895,1895,1895,1895,0
2022-07-01 09:33:00,1895,1895,1895,1895,0
2022-07-01 09:34:00,1895,1895,1895,1895,0
2022-07-01 09:35:00,1895,1895,1895,1895,0
2022-07-01 09:36:00,1895,1895,1895,1895,0
2022-07-01 09:37:00,1895,1895,1895,1895,0
2022-07-01 09:38:00,1895,1895,1895,1895,0
2022-07-01 09:39:00,1895,1895,1895,1895,0
2022-07-01 09:40:00,1895,1895,1895,1895,0
2022-07-01 09:41:00,1895,1895,1895,1895,0
2022-07-01 09:42:00,1895,1895,1895,1895,0
2022-07-01 09:43:00,1895,1895,1895,1895,0
2022-07-01 09:44:00,1895,1895,1895,1895,0
2022-07-01 09:45:00,1895,1895,1895,1895,0
2022-07-01 09:46:00,1895,1895,1895,1895,0
2022-07-01 09:47:00,1895,1895,1895,1895,0
2022-07-01 09:48:00,1895,1895,1895,1895,0
2022-07-01 09:49:00,1895,1895,1895,1895,0
2022-07-01 09:50:00,1895,1895,1895,1895,0
2022-07-01 09:51:00,1895,1895,1895,1895,0
2022-07-01 09:52:00,1895,1895,1895,1895,0
2022-07-01 09:53:00,1895,1895,1895,1895,0
2022-07-01 09:54:00,1895,1895,1895,1895,0
2022-07-01 09:55:00,1895,1895,1895,1895,0
2022-07-01 09:56:00,1895,1895,1895,1895,0
2022-07-01 09:57:00,1895,1895,1895,1895,0
2022-07-01 09:58:00,1895,1895,1895,1895,0
2022-07-01 09:59:00,1895,1895,1895,1895,0
2022-07-01 10:00:00,1895,1895,1895,1895,0
2022-07-01 10:01:00,1895,1895,1895,1895,0
2022-07-01 10:02:00,1895,1895,1895,1895,0
2022-07-01 10:03:00,1895,1895,1895,1895,0
2022-07-01 10:04:00,1895,1895,1895,1895,0
2022-07-01 10:05:00,1895,1895,1895,1895,0
2022-07-01 10:06:00,1895,1895,1895,1895,0
2022-07-01 10:07:00,1895,1895,1895,1895,0
2022-07-01 10:08:00,1895,1895,1895,1895,0
2022-07-01 10:09:00,1895,1895,1895,1895,0
2022-07-01 10:10:00,1895,1895,1895,1895,0
2022-07-01 10:11:00,1895,1895,1895,1895,0
2022-07-01 10:12:00,1895,1895,1895,1895,0
2022-07-01 10:13:00,1895,1895,1895,1895,0
2022-07-01 10:14:00,1895,1895,1895,1895,0
2022-07-01 10:15:00,1895,1895,1895,1895,0
2022-07-01 10:16:00,1895,1895,1895,1895,0
2022-07-01 10:17:00,1895,1895,1895,1895,0
2022-07-01 10:18:00,1895,1895,1895,1895,0
2022-07-01 10:19:00,1895,1895,1895,1895,0
2022-07-01 10:20:00,1895,1895,1895,1895,0
2022-07-01 10:21:00,1895,1895,1895,1895,0
2022-07-01 10:22:00,1895,1895,1895,1895,0
2022-07-01 10:23:00,1895,1895,1895,1895,0
2022-07-01 10:24:00,1895,1895,1895,1895,0
2022-07-01 10:25:00,1895,1895,1895,1895,0
2022-07-01 10:26:00,1895,1895,1895,1895,0
2022-07-01 10:27:00,1895,1895,1895,1895,0
2022-07-01 10:28:00,1895,1895,1895,1895,0
2022-07-01 10:29:00,1895,1895,1895,1895,0
2022-07-01 10:30:00,1895,1895,1895,1895,0
2022-07-01 10:31:00,1895,1895,1895,1895,0
2022-07-01 10:32:00,1895,1895,1895,1895,0
2022-07-01 10:33:00,1895,1895,1895,1895,0
2022-07-01 10:34:00,1895,1895,1895,1895,0
2022-07-01 10:35:00,1895,1895,1895,1895,0
2022-07-01 10:36:00,1895,1895,1895,1895,0
2022-07-01 10:37:00,1895,1895,1895,1895,0
2022-07-01 10:38:00,1895,1895,1895,1895,0
2022-07-01 10:39:00,1895,1895,1895,1895,0
2022-07-01 10:40:00,1895,1895,1895,1895,0
2022-07-01 10:41:00,1895,1895,1895,1895,0
2022-07-01 10:42:00,1895,1895,1895,1895,0
2022-07-01 10:43:00,1895,1895,1895,1895,0
2022-07-01 10:44:00,1895,1895,1895,1895,0
2022-07-01 10:45:00,1895,1895,1895,1895,0
2022-07-01 10:46:00,1895,1895,1895,1895,0
2022-07-01 10:47:00,1895,1895,1895,1895,0
2022-07-01 10:48:00,1895,1895,1895,1895,0
2022-07-01 10:49:00,1895,1895,1895,1895,0
2022-07-01 10:50:00,1895,1895,1895,1895,0
2022-07-01 10:51:00,1895,1895,1895,1895,0
2022-07-01 10:52:00,1895,1895,1895,1895,0
2022-07-01 10:53:00,1895,1895,1895,1895,0
2022-07-01 10:54:00,1895,1895,1895,1895,0
2022-07-01 10:55:00,1895,1895,1895,1895,0
2022-07-01 10:56:00,1895,1895,1895,1895,0
2022-07-01 10:57:00,1895,1895,1895,1895,0
2022-07-01 10:58:00,1895,1895,1895,1895,0
2022-07-01 10:59:00,1895,1895,1895,1895,0
2022-07-01 11:00:00,1895,1895,1895,1895,0
2022-07-01 11:01:00,1895,1895,1895,1895,0
2022-07-01 11:02:00,1895,1895,1895,1895,0
2022-07-01 11:03:00,1895,1895,1895,1895,0
2022-07-01 11:04:00,1895,1895,1895,1895,0
2022-07-01 11:05:00,1895,1895,1895,1895,0
2022-07-01 11:06:00,1895,1895,1895,1895,0
2022-07-01 11:07:00,1895,1895,1895,1895,0
2022-07-01 11:08:00,1895,1895,1895,1895,0
2022-07-01 11:09:00,1895,1895,1895,1895,0
2022-07-01 11:10:00,1895,1895,1895,1895,0
2022-07-01 11:11:00,1895,1895,1895,1895,0
2022-07-01 11:12:00,1895,1895,1895,1895,0
2022-07-01 11:13:00,1895,1895,1895,1895,0
2022-07-01 11:14:00,1895,1895,1895,1895,0
2022-07-01 11:15:00,1895,1895,1895,1895,0
2022-07-01 11:16:00,1895,1895,1895,1895,0
2022-07-01 11:17:00,1895,1895,1895,1895,0
2022-07-01 11:18:00,1895,1895,1895,1895,0
2022-07-01 11:19:00,1895,1895,1895,1895,0
2022-07-01 11:20:00,1895,1895,1895,1895,0
2022-07-01 11:21:00,1895,1895,1895,1895,0
2022-07-01 11:22:00,1895,1895,1895,1895,0
2022-07-01 11:23:00,1895,1895,1895,1895,0
2022-07-01 11:24:00,1895,1895,1895,1895,0
2022-07-01 11:25:00,1895,1895,1895,1895,0
2022-07-01 11:26:00,1895,1895,1895,1895,0
2022-07-01 11:27:00,1895,1895,1895,1895,0
2022-07-01 11:28:00,1895,1895,1895,1895,0
2022-07-01 11:29:00,1895,1895,1895,1895,0
2022-07-01 11:30:00,1895,1895,1895,1895,0
2022-07-01 11:31:00,1895,1895,1895,1895,0
2022-07-01 11:32:00,1895,1895,1895,1895,0
2022-07-01 11:33:00,1895,1895,1895,1895,0
2022-07-01 11:34:00,1895,1895,1895,1895,0
2022-07-01 11:35:00,1895,1895,1895,1895,0
2022-07-01 11:36:00,1895,1895,1895,1895,0
2022-07-01 11:37:00,1895,1895,1895,1895,0
2022-07-01 11:38:00,1895,1895,1895,1895,0
2022-07-01 11:39:00,1895,1895,1895,1895,0
2022-07-01 11:40:00,1895,1895,1895,1895,0
2022-07-01 11:41:00,1895,1895,1895,1895,0
2022-07-01 11:42:00,1895,1895,1895,1895,0
2022-07-01 11:43:00,1895,1895,1895,1895,0
2022-07-01 11:44:00,1895,1895,1895,1895,0
2022-07-01 11:45:00,1895,1895,1895,1895,0
2022-07-01 11:46:00,1895,1895,1895,1895,0
2022-07-01 11:47:00,1895,1895,1895,1895,0
2022-07-01 11:48:00,1895,1895,1895,1895,0
2022-07-01 11:49:00,1895,1895,1895,1895,0
2022-07-01 11:50:00,1895,1895,1895,1895,0
2022-07-01 11:51:00,1895,1895,1895,1895,0
2022-07-01 11:52:00,1895,1895,1895,1895,0
2022-07-01 11:53:00,1895,1895,1895,1895,0
2022-07-01 11:54:00,1895,1895,1895,1895,0
2022-07-01 11:55:00,1895,1895,1895,1895,0
2022-07-01 11:56:00,1895,1895,1895,1895,0
2022-07-01 11:57:00,1895,1895,1895,1895,0
2022-07-01 11:58:00,1895,1895,1895,1895,0
2022-07-01 11:59:00,1895,1895,1895,1895,0
2022-07-01 12:00:00,1895,1895,1895,1895,0
2022-07-01 12:01:00,1895,1895,1895,1895,0
2022-07-01 12:02:00,1895,1895,1895,1895,0
2022-07-01 12:03:00,1895,1895,1895,1895,0
2022-07-01 12:04:00,1895,1895,1895,1895,0
2022-07-01 12:05:00,1895,1895,1895,1895,0
2022-07-01 12:06:00,1895,1895,1895,1895,0
2022-07-01 12:07:00,1895,1895,1895,1895,0
2022-07-01 12:08:00,1895,1895,1895,1895,0
2022-07-01 12:09:00,1895,1895,1895,1895,0
2022-07-01 12:10:00,1895,1895,1895,1895,0
2022-07-01 12:11:00,1895,1895,1895,1895,0
2022-07-01 12:12:00,1895,1895,1895,1895,0
2022-07-01 12:13:00,1895,1895,1895,1895,0
2022-07-01 12:14:00,1895,1895,1895,1895,0
2022-07-01 12:15:00,1895,1895,1895,1895,0
2022-07-01 12:16:00,1895,1895,1895,1895,0
2022-07-01 12:17:00,1895,1895,1895,1895,0
2022-07-01 12:18:00,1895,1895,1895,1895,0
2022-07-01 12:19:00,1895,1895,1895,1895,0
2022-07-01 12:20:00,1895,1895,1895,1895,0
2022-07-01 12:21:00,1895,1895,1895,1895,0
2022-07-01 12:22:00,1895,1895,1895,1895,0
2022-07-01 12:23:00,1895,1895,1895,1895,0
2022-07-01 12:24:00,1895,1895,1895,1895,0
2022-07-01 12:25:00,1895,1895,1895,1895,0
2022-07-01 12:26:00,1895,1895,1895,1895,0
2022-07-01 12:27:00,1895,1895,1895,1895,0
2022-07-01 12:28:00,1895,1895,1895,1895,0
2022-07-01 12:29:00,1895,1895,1895,1895,0
2022-07-01 12:30:00,1895,1895,1895,1895,0
2022-07-01 12:31:00,1895,1895,1895,1895,0
2022-07-01 12:32:00,1895,1895,1895,1895,0
2022-07-01 12:33:00,1895,1895,1895,1895,0
2022-07-01 12:34:00,1895,1895,1895,1895,0
2022-07-01 12:35:00,1895,1895,1895,1895,0
2022-07-01 12:36:00,1895,1895,1895,1895,0
2022-07-01 12:37:00,1895,1895,1895,1895,0
2022-07-01 12:38:00,1895,1895,1895,1895,0
2022-07-01 12:39:00,1895,1895,1895,1895,0
2022-07-01 12:40:00,1895,1895,1895,1895,0
2022-07-01 12:41:00,1895,1895,1895,1895,0
2022-07-01 12:42:00,1895,1895,1895,1895,0
2022-07-01 12:43:00,1895,1895,1895,1895,0
2022-07-01 12:44:00,1895,1895,1895,1895,0
2022-07-01 12:45:00,1895,1895,1895,1895,0
2022-07-01 12:46:00,1895,1895,1895,1895,0
2022-07-01 12:47:00,1895,1895,1895,1895,0
2022-07-01 12:48:00,1895,1895,1895,1895,0
2022-07-01 12:49:00,1895,1895,1895,1895,0
2022-07-01 12:50:00,1895,1895,1895,1895,0
2022-07-01 12:51:00,1895,1895,1895,1895,0
2022-07-01 12:52:00,1895,1895,1895,1895,0
2022-07-01 12:53:00,1895,1895,1895,1895,0
2022-07-01 12:54:00,1895,1895,1895,1895,0
2022-07-01 12:55:00,1895,1895,1895,1895,0
2022-07-01 12:56:00,1895,1895,1895,1895,0
2022-07-01 12:57:00,1895,1895,1895,1895,0
2022-07-01 12:58:00,1895,1895,1895,1895,0
2022-07-01 12:59:00,1895,1895,1895,1895,0
2022-07-01 13:00:00,1895,1895,1895,1895,0
2022-07-01 13:01:00,1895,1895,1895,1895,0
2022-07-01 13:02:00,1895,1895,1895,1895,0
2022-07-01 13:03:00,1895,1895,1895,1895,0
2022-07-01 13:04:00,1895,1895,1895,1895,0
2022-07-01 13:05:00,1895,1895,1895,1895,0
2022-07-01 13:06:00,1895,1895,1895,1895,0
2022-07-01 13:07:00,1895,1895,1895,1895,0
2022-07-01 13:08:00,1895,1895,1895,1895,0
2022-07-01 13:09:00,1895,1895,1895,1895,0
2022-07-01 13:10:00,1895,1895,1895,1895,0
2022-07-01 13:11:00,1895,1895,1895,1895,0
2022-07-01 13:12:00,1895,1895,1895,1895,0
2022-07-01 13:13:00,1895,1895,1895,1895,0
2022-07-01 13:14:00,1895,1895,1895,1895,0
2022-07-01 13:15:00,1895,1895,1895,1895,0
2022-07-01 13:16:00,1895,1895,1895,1895,0
2022-07-01 13:17:00,1895,1895,1895,1895,0
2022-07-01 13:18:00,1895,1895,1895,1895,0
2022-07-01 13:19:00,1895,1895,1895,1895,0
2022-07-01 13:20:00,1895,1895,1895,1895,0
2022-07-01 13:21:00,1895,1895,1895,1895,0
2022-07-01 13:22:00,1895,1895,1895,1895,0
2022-07-01 13:23:00,1895,1895,1895,1895,0
2022-07-01 13:24:00,1895,1895,1895,1895,0
2022-07-01 13:25:00,1895,1895,1895,1895,0
2022-07-01 13:26:00,1895,1895,1895,1895,0
2022-07-01 13:27:00,1895,1895,1895,1895,0
2022-07-01 13:28:00,1895,1895,1895,1895,0
2022-07-01 13:29:00,1895,1895,1895,1895,0
2022-07-01 13:30:00,1895,1895,1895,1895,0
2022-07-01 13:31:00,1895,1895,1895,1895,0
2022-07-01 13:32:00,1895,1895,1895,1895,0
2022-07-01 13:33:00,1895,1895,1895,1895,0
2022-07-01 13:34:00,1895,1895,1895,1895,0
2022-07-01 13:35:00,1895,1895,1895,1895,0
2022-07-01 13:36:00,1895,1895,1895,1895,0
2022-07-01 13:37:00,1895,1895,1895,1895,0
2022-07-01 13:38:00,1895,1895,1895,1895,0
2022-07-01 13:39:00,1895,1895,1895,1895,0
2022-07-01 13:40:00,1895,1895,1895,1895,0
2022-07-01 13:41:00,1895,1895,1895,1895,0
2022-07-01 13:42:00,1895,1895,1895,1895,0
2022-07-01 13:43:00,1895,1895,1895,1895,0
2022-07-01 13:44:00,1895,1895,1895,1895,0
2022-07-01 13:45:00,1895,1895,1895,1895,0
2022-07-01 13:46:00,1895,1895,1895,1895,0
2022-07-01 13:47:00,1895,1895,1895,1895,0
2022-07-01 13:48:00,1895,1895,1895,1895,0
2022-07-01 13:49:00,1895,1895,1895,1895,0
2022-07-01 13:50:00,1895,1895,1895,1895,0
2022-07-01 13:51:00,1895,1895,1895,1895,0
2022-07-01 13:52:00,1895,1895,1895,1895,0
2022-07-01 13:53:00,1895,1895,1895,1895,0
2022-07-01 13:54:00,1895,1895,1895,1895,0
2022-07-01 13:55:00,1895,1895,1895,1895,0
2022-07-01 13:56:00,1895,1895,1895,1895,0
2022-07-01 13:57:00,1895,1895,1895,1895,0
2022-07-01 13:58:00,1895,1895,1895,1895,0
2022-07-01 13:59:00,1895,1895,1895,1895,0
2022-07-01 14:00:00,1895,1895,1895,1895,0
2022-07-01 14:01:00,1895,1895,1895,1895,0
2022-07-01 14:02:00,1895,1895,1895,1895,0
2022-07-01 14:03:00,1895,1895,1895,1895,0
2022-07-01 14:04:00,1895,1895,1895,1895,0
2022-07-01 14:05:00,1895,1895,1895,1895,0
2022-07-01 14:06:00,1895,1895,1895,1895,0
2022-07-01 14:07:00,1895,1895,1895,1895,0
2022-07-01 14:08:00,1895,1895,1895,1895,0
2022-07-01 14:09:00,1895,1895,1895,1895,0
2022-07-01 14:10:00,1895,1895,1895,1895,0
2022-07-01 14:11:00,1895,1895,1895,1895,0
2022-07-01 14:12:00,1895,1895,1895,1895,0
2022-07-01 14:13:00,1895,1895,1895,1895,0
2022-07-01 14:14:00,1895,1895,1895,1895,0
2022-07-01 14:15:00,1895,1895,1895,1895,0
2022-07-01 14:16:00,1895,1895,1895,1895,0
2022-07-01 14:17:00,1895,1895,1895,1895,0
2022-07-01 14:18:00,1895,1895,1895,1895,0
2022-07-01 14:19:00,1895,1895,1895,1895,0
2022-07-01 14:20:00,1895,1895,1895,1895,0
2022-07-01 14:21:00,1895,1895,1895,1895,0
2022-07-01 14:22:00,1895,1895,1895,1895,0
2022-07-01 14:23:00,1895,1895,1895,1895,0
2022-07-01 14:24:00,1895,1895,1895,1895,0
2022-07-01 14:25:00,1895,1895,1895,1895,0
2022-07-01 14:26:00,1895,1895,1895,1895,0
2022-07-01 14:27:00,1895,1895,1895,1895,0
2022-07-01 14:28:00,1895,1895,1895,1895,0
2022-07-01 14:29:00,1895,1895,1895,1895,0
2022-07-01 14:30:00,1895,1895,1895,1895,0
2022-07-01 14:31:00,1895,1895,1895,1895,0
2022-07-01 14:32:00,1895,1895,1895,1895,0
2022-07-01 14:33:00,1895,1895,1895,1895,0
2022-07-01 14:34:00,1895,1895,1895,1895,0
2022-07-01 14:35:00,1895,1895,1895,1895,0
2022-07-01 14:36:00,1895,1895,1895,1895,0
2022-07-01 14:37:00,1895,1895,1895,1895,0
2022-07-01 14:38:00,1895,1895,1895,1895,0
2022-07-01 14:39:00,1895,1895,1895,1895,0
2022-07-01 14:40:00,1895,1895,1895,1895,0
2022-07-01 14:41:00,1895,1895,1895,1895,0
2022-07-01 14:42:00,1895,1895,1895,1895,0
2022-07-01 14:43:00,1895,1895,1895,1895,0
2022-07-01 14:44:00,1895,1895,1895,1895,0
2022-07-01 14:45:00,1895,1895,1895,1895,0
2022-07-01 14:46:00,1895,1895,1895,1895,0
2022-07-01 14:47:00,1895,1895,1895,1895,0
2022-07-01 14:48:00,1895,1895,1895,1895,0
2022-07-01 14:49:00,1895,1895,1895,1895,0
2022-07-01 14:50:00,1895,1895,1895,1895,0
2022-07-01 14:51:00,1895,1895,1895,1895,0
2022-07-01 14:52:00,1895,1895,1895,1895,0
2022-07-01 14:53:00,1895,1895,1895,1895,0
2022-07-01 14:54:00,1895,1895,1895,1895,0
2022-07-01 14:55:00,1895,1895,1895,1895,0
2022-07-01 14:56:00,1895,1895,1895,1895,0
2022-07-01 14:57:00,1895,1895,1895,1895,0
2022-07-01 14:58:00,1895,1895,1895,1895,0
2022-07-01 14:59:00,1895,1895,1895,1895,0
2022-07-01 15:00:00,1895,1895,1895,1895,0
2022-07-01 15:01:00,1895,1895,1895,1895,0
2022-07-01 15:02:00,1895,1895,1895,1895,0
2022-07-01 15:03:00,1895,1895,1895,1895,0
2022-07-01 15:04:00,1895,1895,1895,1895,0
2022-07-01 15:05:00,1895,1895,1895,1895,0
2022-07-01 15:06:00,1895,1895,1895,1895,0
2022-07-01 15:07:00,1895,1895,1895,1895,0
2022-07-01 15:08:00,1895,1895,1895,1895,0
2022-07-01 15:09:00,1895,1895,1895,1895,0
2022-07-01 15:10:00,1895,1895,1895,1895,0
2022-07-01 15:11:00,1895,1895,1895,1895,0
2022-07-01 15:12:00,1895,1895,1895,1895,0
2022-07-01 15:13:00,1895,1895,1895,1895,0
2022-07-01 15:14:00,1895,1895,1895,1895,0
2022-07-01 15:15:00,1895,1895,1895,1895,0
2022-07-01 15:16:00,1895,1895,1895,1895,0
2022-07-01 15:17:00,1895,1895,1895,1895,0
2022-07-01 15:18:00,1895,1895,1895,1895,0
2022-07-01 15:19:00,1895,1895,1895,1895,0
2022-07-01 15:20:00,1895,1895,1895,1895,0
2022-07-01 15:21:00,1895,1895,1895,1895,0
2022-07-01 15:22:00,1895,1895,1895,1895,0
2022-07-01 15:23:00,1895,1895,1895,1895,0
2022-07-01 15:24:00,1895,1895,1895,1895,0
2022-07-01 15:25:00,1895,1895,1895,1895,0
2022-07-01 15:26:00,1895,1895,1895,1895,0
2022-07-01 15:27:00,1895,1895,1895,1895,0
2022-07-01 15:28:00,1895,1895,1895,1895,0
2022-07-01 15:29:00,1895,1895,1895,1895,0
2022-07-01 15:30:00,1895,1895,1895,1895,0
2022-07-01 15:31:00,1895,1895,1895,1895,0
2022-07-01 15:32:00,1895,1895,1895,1895,0
2022-07-01 15:33:00,1895,1895,1895,1895,0
2022-07-01 15:34:00,1895,1895,1895,1895,0
2022-07-01 15:35:00,1895,1895,1895,1895,0
2022-07-01 15:36:00,1895,1895,1895,1895,0
2022-07-01 15:37:00,1895,1895,1895,1895,0
2022-07-01 15:38:00,1895,1895,1895,1895,0
2022-07-01 15:39:00,1895,1895,1895,1895,0
2022-07-01 15:40:00,1895,1895,1895,1895,0
2022-07-01 15:41:00,1895,1895,1895,1895,0
2022-07-01 15:42:00,1895,1895,1895,1895,0
2022-07-01 15:43:00,1895,1895,1895,1895,0
2022-07-01 15:44:00,1895,1895,1895,1895,0
2022-07-01 15:45:00,1895,1895,1895,1895,0
2022-07-01 15:46:00,1895,1895,1895,1895,0
2022-07-01 15:47:00,1895,1895,1895,1895,0
2022-07-01 15:48:00,1895,1895,1895,1895,0
2022-07-01 15:49:00,1895,1895,1895,1895,0
2022-07-01 15:50:00,1895,1895,1895,1895,0
2022-07-01 15:51:00,1895,1895,1895,1895,0
2022-07-01 15:52:00,1895,1895,1895,1895,0
2022-07-01 15:53:00,1895,1895,1895,1895,0
2022-07-01 15:54:00,1895,1895,1895,1895,0
2022-07-01 15:55:00,1895,1895,1895,1895,0
2022-07-01 15:56:00,1895,1895,1895,1895,0
2022-07-01 15:57:00,1895,1895,1895,1895,0
2022-07-01 15:58:00,1895,1895,1895,1895,0
2022-07-01 15:59:00,1895,1895,1895,1895,0
2022-07-04 09:00:00,1895,1895,1895,1895,0
2022-07-04 09:01:00,1895,1895,1895,1895,0
2022-07-04 09:02:00,1895,1895,1895,1895,0
2022-07-04 09:03:00,1895,1895,1895,1895,0
2022-07-04 09:04:00,1895,1895,1895,1895,0
2022-07-04 09:05:00,1895,1895,1895,1895,0
2022-07-04 09:06:00,1895,1895,1895,1895,0
2022-07-04 09:07:00,1895,1895,1895,1895,0
2022-07-04 09:08:00,1895,1895,1895,1895,0
2022-07-04 09:09:00,1895,1895,1895,1895,0
2022-07-04 09:10:00,1895,1895,1895,1895,0
2022-07-04 09:11:00,1895,1895,1895,1895,0
2022-07-04 09:12:00,1895,1895,1895,1895,0
2022-07-04 09:13:00,1895,1895,1895,1895,0
2022-07-04 09:14:00,1895,1895,1895,1895,0
2022-07-04 09:15:00,1895,1895,1895,1895,0
2022-07-04 09:16:00,1895,1895,1895,1895,0
2022-07-04 09:17:00,1895,1895,1895,1895,0
2022-07-04 09:18:00,1895,1895,1895,1895,0
2022-07-04 09:19:00,1895,1895,1895,1895,0
2022-07-04 09:20:00,1895,1895,1895,1895,0
2022-07-04 09:21:00,1895,1895,1895,1895,0
2022-07-04 09:22:00,1895,1895,1895,1895,0
2022-07-04 09:23:00,1895,1895,1895,1895,0
2022-07-04 09:24:00,1895,1895,1895,1895,0
2022-07-04 09:25:00,1895,1895,1895,1895,0
2022-07-04 09:26:00,1895,1895,1895,1895,0
2022-07-04 09:27:00,1895,1895,1895,1895,0
2022-07-04 09:28:00,1895,1895,1895,1895,0
2022-07-04 09:29:00,1895,1895,1895,1895,0
2022-07-04 09:30:00,1895,1895,1895,1895,0
2022-07-04 09:31:00,1895,1895,1895,1895,0
2022-07-04 09:32:00,1895,1895,1895,1895,0
2022-07-04 09:33:00,1895,1895,1895,1895,0
2022-07-04 09:34:00,1895,1895,1895,1895,0
2022-07-04 09:35:00,1895,1895,1895,1895,0
2022-07-04 09:36:00,1895,1895,1895,1895,0
2022-07-04 09:37:00,1895,1895,1895,1895,0
2022-07-04 09:38:00,1895,1895,1895,1895,0
2022-07-04 09:39:00,1895,1895,1895,1895,0
2022-07-04 09:40:00,1895,1895,1895,1895,0
2022-07-04 09:41:00,1895,1895,1895,1895,0
2022-07-04 09:42:00,1895,1895,1895,1895,0
2022-07-04 09:43:00,1895,1895,1895,1895,0
2022-07-04 09:44:00,1895,1895,1895,1895,0
2022-07-04 09:45:00,1895,1895,1895,1895,0
2022-07-04 09:46:00,1895,1895,1895,1895,0
2022-07-04 09:47:00,1895,1895,1895,1895,0
2022-07-04 09:48:00,1895,1895,1895,1895,0
2022-07-04 09:49:00,1895,1895,1895,1895,0
2022-07-04 09:50:00,1895,1895,1895,1895,0
2022-07-04 09:51:00,1895,1895,1895,1895,0
2022-07-04 09:52:00,1895,1895,1895,1895,500
2022-07-04 09:53:00,1895,1895,1895,1895,0
2022-07-04 09:54:00,1895,1895,1895,1895,0
2022-07-04 09:55:00,1895,1895,1895,1895,0
2022-07-04 09:56:00,1895,1895,1895,1895,0
2022-07-04 09:57:00,1895,1895,1895,1895,0
2022-07-04 09:58:00,1895,1895,1895,1895,0
2022-07-04 09:59:00,1895,1895,1895,1895,0
2022-07-04 10:00:00,1895,1895,1895,1895,0
2022-07-04 10:01:00,1895,1895,1895,1895,0
2022-07-04 10:02:00,1895,1895,1895,1895,0
2022-07-04 10:03:00,1895,1895,1895,1895,0
2022-07-04 10:04:00,1895,1895,1895,1895,0
2022-07-04 10:05:00,1895,1895,1895,1895,0
2022-07-04 10:06:00,1895,1895,1895,1895,0
2022-07-04 10:07:00,1895,1895,1895,1895,0
2022-07-04 10:08:00,1895,1895,1895,1895,0
2022-07-04 10:09:00,1895,1895,1895,1895,0
2022-07-04 10:10:00,1895,1895,1895,1895,0
2022-07-04 10:11:00,1895,1895,1895,1895,0
2022-07-04 10:12:00,1895,1895,1895,1895,0
2022-07-04 10:13:00,1895,1895,1895,1895,0
2022-07-04 10:14:00,1895,1895,1895,1895,0
2022-07-04 10:15:00,1895,1895,1895,1895,0
2022-07-04 10:16:00,1895,1895,1895,1895,0
2022-07-04 10:17:00,1895,1895,1895,1895,0
2022-07-04 10:18:00,1895,1895,1895,1895,0
2022-07-04 10:19:00,1895,1895,1895,1895,0
2022-07-04 10:20:00,1895,1895,1895,1895,0
2022-07-04 10:21:00,1895,1895,1895,1895,0
2022-07-04 10:22:00,1895,1895,1895,1895,0
2022-07-04 10:23:00,1895,1895,1895,1895,0
2022-07-04 10:24:00,1895,1895,1895,1895,0
2022-07-04 10:25:00,1895,1895,1895,1895,0
2022-07-04 10:26:00,1895,1895,1895,1895,0
2022-07-04 10:27:00,1895,1895,1895,1895,0
2022-07-04 10:28:00,1895,1895,1895,1895,0
2022-07-04 10:29:00,1895,1895,1895,1895,0
2022-07-04 10:30:00,1895,1895,1895,1895,0
2022-07-04 10:31:00,1895,1895,1895,1895,0
2022-07-04 10:32:00,1895,1895,1895,1895,0
2022-07-04 10:33:00,1895,1895,1895,1895,0
2022-07-04 10:34:00,1895,1895,1895,1895,0
2022-07-04 10:35:00,1895,1895,1895,1895,0
2022-07-04 10:36:00,1895,1895,1895,1895,0
2022-07-04 10:37:00,1895,1895,1895,1895,0
2022-07-04 10:38:00,1895,1895,1895,1895,0
2022-07-04 10:39:00,1895,1895,1895,1895,0
2022-07-04 10:40:00,1895,1895,1895,1895,0
2022-07-04 10:41:00,1895,1895,1895,1895,0
2022-07-04 10:42:00,1895,1895,1895,1895,0
2022-07-04 10:43:00,1895,1895,1895,1895,0
2022-07-04 10:44:00,1895,1895,1895,1895,0
2022-07-04 10:45:00,1895,1895,1895,1895,0
2022-07-04 10:46:00,1895,1895,1895,1895,0
2022-07-04 10:47:00,1895,1895,1895,1895,0
2022-07-04 10:48:00,1895,1895,1895,1895,0
2022-07-04 10:49:00,1895,1895,1895,1895,0
2022-07-04 10:50:00,1895,1895,1895,1895,0
2022-07-04 10:51:00,1895,1895,1895,1895,0
2022-07-04 10:52:00,1895,1895,1895,1895,0
2022-07-04 10:53:00,1895,1895,1895,1895,0
2022-07-04 10:54:00,1895,1895,1895,1895,0
2022-07-04 10:55:00,1895,1895,1895,1895,0
2022-07-04 10:56:00,1895,1895,1895,1895,0
2022-07-04 10:57:00,1895,1895,1895,1895,0
2022-07-04 10:58:00,1895,1895,1895,1895,0
2022-07-04 10:59:00,1895,1895,1895,1895,0
2022-07-04 11:00:00,1895,1895,1895,1895,0
2022-07-04 11:01:00,1895,1895,1895,1895,0
2022-07-04 11:02:00,1895,1895,1895,1895,0
2022-07-04 11:03:00,1895,1895,1895,1895,0
2022-07-04 11:04:00,1895,1895,1895,1895,0
2022-07-04 11:05:00,1895,1895,1895,1895,0
2022-07-04 11:06:00,1895,1895,1895,1895,0
2022-07-04 11:07:00,1895,1895,1895,1895,0
2022-07-04 11:08:00,1895,1895,1895,1895,0
2022-07-04 11:09:00,1895,1895,1895,1895,0
2022-07-04 11:10:00,1895,1895,1895,1895,0
2022-07-04 11:11:00,1895,1895,1895,1895,0
2022-07-04 11:12:00,1895,1895,1895,1895,0
2022-07-04 11:13:00,1895,1895,1895,1895,0
2022-07-04 11:14:00,1895,1895,1895,1895,0
2022-07-04 11:15:00,1895,1895,1895,1895,0
2022-07-04 11:16:00,1895,1895,1895,1895,0
2022-07-04 11:17:00,1895,1895,1895,1895,0
2022-07-04 11:18:00,1895,1895,1895,1895,0
2022-07-04 11:19:00,1895,1895,1895,1895,0
2022-07-04 11:20:00,1895,1895,1895,1895,0
2022-07-04 11:21:00,1895,1895,1895,1895,0
2022-07-04 11:22:00,1895,1895,1895,1895,0
2022-07-04 11:23:00,1895,1895,1895,1895,0
2022-07-04 11:24:00,1895,1895,1895,1895,0
2022-07-04 11:25:00,1895,1895,1895,1895,0
2022-07-04 11:26:00,1895,1895,1895,1895,0
2022-07-04 11:27:00,1895,1895,1895,1895,0
2022-07-04 11:28:00,1895,1895,1895,1895,0
2022-07-04 11:29:00,1895,1895,1895,1895,0
2022-07-04 11:30:00,1895,1895,1895,1895,0
2022-07-04 11:31:00,1895,1895,1895,1895,0
2022-07-04 11:32:00,1895,1895,1895,1895,0
2022-07-04 11:33:00,1895,1895,1895,1895,0
2022-07-04 11:34:00,1895,1895,1895,1895,0
2022-07-04 11:35:00,1895,1895,1895,1895,0
2022-07-04 11:36:00,1895,1895,1895,1895,0
2022-07-04 11:37:00,1895,1895,1895,1895,0
2022-07-04 11:38:00,1895,1895,1895,1895,0
2022-07-04 11:39:00,1895,1895,1895,1895,0
2022-07-04 11:40:00,1895,1895,1895,1895,0
2022-07-04 11:41:00,1895,1895,1895,1895,0
2022-07-04 11:42:00,1895,1895,1895,1895,0
2022-07-04 11:43:00,1895,1895,1895,1895,0
2022-07-04 11:44:00,1895,1895,1895,1895,0
2022-07-04 11:45:00,1895,1895,1895,1895,0
2022-07-04 11:46:00,1895,1895,1895,1895,0
2022-07-04 11:47:00,1895,1895,1895,1895,0
2022-07-04 11:48:00,1895,1895,1895,1895,0
2022-07-04 11:49:00,1895,1895,1895,1895,0
2022-07-04 11:50:00,1895,1895,1895,1895,0
2022-07-04 11:51:00,1895,1895,1895,1895,0
2022-07-04 11:52:00,1895,1895,1895,1895,0
2022-07-04 11:53:00,1895,1895,1895,1895,0
2022-07-04 11:54:00,1895,1895,1895,1895,0
2022-07-04 11:55:00,1895,1895,1895,1895,0
2022-07-04 11:56:00,1895,1895,1895,1895,0
2022-07-04 11:57:00,1895,1895,1895,1895,0
2022-07-04 11:58:00,1895,1895,1895,1895,0
2022-07-04 11:59:00,1895,1895,1895,1895,0
2022-07-04 12:00:00,1895,1895,1895,1895,0
2022-07-04 12:01:00,1895,1895,1895,1895,0
2022-07-04 12:02:00,1895,1895,1895,1895,0
2022-07-04 12:03:00,1895,1895,1895,1895,0
2022-07-04 12:04:00,1895,1895,1895,1895,0
2022-07-04 12:05:00,1895,1895,1895,1895,0
2022-07-04 12:06:00,1895,1895,1895,1895,0
2022-07-04 12:07:00,1895,1895,1895,1895,0
2022-07-04 12:08:00,1895,1895,1895,1895,0
2022-07-04 12:09:00,1895,1895,1895,1895,0
2022-07-04 12:10:00,1895,1895,1895,1895,0
2022-07-04 12:11:00,1895,1895,1895,1895,0
2022-07-04 12:12:00,1895,1895,1895,1895,0
2022-07-04 12:13:00,1895,1895,1895,1895,0
2022-07-04 12:14:00,1895,1895,1895,1895,0
2022-07-04 12:15:00,1895,1895,1895,1895,0
2022-07-04 12:16:00,1895,1895,1895,1895,0
2022-07-04 12:17:00,1895,1895,1895,1895,0
2022-07-04 12:18:00,1895,1895,1895,1895,0
2022-07-04 12:19:00,1895,1895,1895,1895,0
2022-07-04 12:20:00,1895,1895,1895,1895,0
2022-07-04 12:21:00,1895,1895,1895,1895,0
2022-07-04 12:22:00,1895,1895,1895,1895,0
2022-07-04 12:23:00,1895,1895,1895,1895,0
2022-07-04 12:24:00,1895,1895,1895,1895,0
2022-07-04 12:25:00,1895,1895,1895,1895,0
2022-07-04 12:26:00,1895,1895,1895,1895,0
2022-07-04 12:27:00,1895,1895,1895,1895,0
2022-07-04 12:28:00,1895,1895,1895,1895,0
2022-07-04 12:29:00,1895,1895,1895,1895,0
2022-07-04 12:30:00,1895,1895,1895,1895,0
2022-07-04 12:31:00,1895,1895,1895,1895,0
2022-07-04 12:32:00,1895,1895,1895,1895,0
2022-07-04 12:33:00,1895,1895,1895,1895,0
2022-07-04 12:34:00,1895,1895,1895,1895,0
2022-07-04 12:35:00,1895,1895,1895,1895,0
2022-07-04 12:36:00,1895,1895,1895,1895,0
2022-07-04 12:37:00,1895,1895,1895,1895,0
2022-07-04 12:38:00,1895,1895,1895,1895,0
2022-07-04 12:39:00,1895,1895,1895,1895,0
2022-07-04 12:40:00,1895,1895,1895,1895,0
2022-07-04 12:41:00,1895,1895,1895,1895,0
2022-07-04 12:42:00,1895,1895,1895,1895,0
2022-07-04 12:43:00,1895,1895,1895,1895,0
2022-07-04 12:44:00,1895,1895,1895,1895,0
2022-07-04 12:45:00,1895,1895,1895,1895,0
2022-07-04 12:46:00,1895,1895,1895,1895,0
2022-07-04 12:47:00,1895,1895,1895,1895,0
2022-07-04 12:48:00,1895,1895,1895,1895,0
2022-07-04 12:49:00,1895,1895,1895,1895,0
2022-07-04 12:50:00,1895,1895,1895,1895,0
2022-07-04 12:51:00,1895,1895,1895,1895,0
2022-07-04 12:52:00,1895,1895,1895,1895,0
2022-07-04 12:53:00,1895,1895,1895,1895,0
2022-07-04 12:54:00,1895,1895,1895,1895,0
2022-07-04 12:55:00,1895,1895,1895,1895,0
2022-07-04 12:56:00,1895,1895,1895,1895,0
2022-07-04 12:57:00,1895,1895,1895,1895,0
2022-07-04 12:58:00,1895,1895,1895,1895,0
2022-07-04 12:59:00,1895,1895,1895,1895,0
2022-07-04 13:00:00,1895,1895,1895,1895,0
2022-07-04 13:01:00,1895,1895,1895,1895,0
2022-07-04 13:02:00,1895,1895,1895,1895,0
2022-07-04 13:03:00,1895,1895,1895,1895,0
2022-07-04 13:04:00,1895,1895,1895,1895,0
2022-07-04 13:05:00,1895,1895,1895,1895,0
2022-07-04 13:06:00,1895,1895,1895,1895,0
2022-07-04 13:07:00,1895,1895,1895,1895,0
2022-07-04 13:08:00,1895,1895,1895,1895,0
2022-07-04 13:09:00,1895,1895,1895,1895,0
2022-07-04 13:10:00,1895,1895,1895,1895,0
2022-07-04 13:11:00,1895,1895,1895,1895,0
2022-07-04 13:12:00,1895,1895,1895,1895,0
2022-07-04 13:13:00,1895,1895,1895,1895,0
2022-07-04 13:14:00,1895,1895,1895,1895,0
2022-07-04 13:15:00,1895,1895,1895,1895,0
2022-07-04 13:16:00,1895,1895,1895,1895,0
2022-07-04 13:17:00,1895,1895,1895,1895,0
2022-07-04 13:18:00,1895,1895,1895,1895,0
2022-07-04 13:19:00,1895,1895,1895,1895,0
2022-07-04 13:20:00,1895,1895,1895,1895,0
2022-07-04 13:21:00,1895,1895,1895,1895,0
2022-07-04 13:22:00,1895,1895,1895,1895,0
2022-07-04 13:23:00,1895,1895,1895,1895,0
2022-07-04 13:24:00,1895,1895,1895,1895,0
2022-07-04 13:25:00,1895,1895,1895,1895,0
2022-07-04 13:26:00,1895,1895,1895,1895,0
2022-07-04 13:27:00,1895,1895,1895,1895,0
2022-07-04 13:28:00,1895,1895,1895,1895,0
2022-07-04 13:29:00,1895,1895,1895,1895,0
2022-07-04 13:30:00,1895,1895,1895,1895,0
2022-07-04 13:31:00,1895,1895,1895,1895,0
2022-07-04 13:32:00,1895,1895,1895,1895,0
2022-07-04 13:33:00,1895,1895,1895,1895,0
2022-07-04 13:34:00,1895,1895,1895,1895,0
2022-07-04 13:35:00,1895,1895,1895,1895,0
2022-07-04 13:36:00,1895,1895,1895,1895,0
2022-07-04 13:37:00,1895,1895,1895,1895,0
2022-07-04 13:38:00,1895,1895,1895,1895,0
2022-07-04 13:39:00,1895,1895,1895,1895,0
2022-07-04 13:40:00,1895,1895,1895,1895,0
2022-07-04 13:41:00,1895,1895,1895,1895,0
2022-07-04 13:42:00,1895,1895,1895,1895,0
2022-07-04 13:43:00,1895,1895,1895,1895,0
2022-07-04 13:44:00,1895,1895,1895,1895,0
2022-07-04 13:45:00,1895,1895,1895,1895,0
2022-07-04 13:46:00,1895,1895,1895,1895,0
2022-07-04 13:47:00,1895,1895,1895,1895,0
2022-07-04 13:48:00,1895,1895,1895,1895,0
2022-07-04 13:49:00,1895,1895,1895,1895,0
2022-07-04 13:50:00,1895,1895,1895,1895,0
2022-07-04 13:51:00,1895,1895,1895,1895,0
2022-07-04 13:52:00,1895,1895,1895,1895,0
2022-07-04 13:53:00,1895,1895,1895,1895,0
2022-07-04 13:54:00,1895,1895,1895,1895,0
2022-07-04 13:55:00,1895,1895,1895,1895,0
2022-07-04 13:56:00,1895,1895,1895,1895,0
2022-07-04 13:57:00,1895,1895,1895,1895,0
2022-07-04 13:58:00,1895,1895,1895,1895,0
2022-07-04 13:59:00,1895,1895,1895,1895,0
2022-07-04 14:00:00,1895,1895,1895,1895,0
2022-07-04 14:01:00,1895,1895,1895,1895,0
2022-07-04 14:02:00,1895,1895,1895,1895,0
2022-07-04 14:03:00,1895,1895,1895,1895,0
2022-07-04 14:04:00,1895,1895,1895,1895,0
2022-07-04 14:05:00,1895,1895,1895,1895,0
2022-07-04 14:06:00,1895,1895,1895,1895,0
2022-07-04 14:07:00,1895,1895,1895,1895,0
2022-07-04 14:08:00,1895,1895,1895,1895,0
2022-07-04 14:09:00,1895,1895,1895,1895,0
2022-07-04 14:10:00,1895,1895,1895,1895,0
2022-07-04 14:11:00,1895,1895,1895,1895,0
2022-07-04 14:12:00,1895,1895,1895,1895,0
2022-07-04 14:13:00,1895,1895,1895,1895,0
2022-07-04 14:14:00,1895,1895,1895,1895,0
2022-07-04 14:15:00,1895,1895,1895,1895,0
2022-07-04 14:16:00,1895,1895,1895,1895,0
2022-07-04 14:17:00,1895,1895,1895,1895,0
2022-07-04 14:18:00,1895,1895,1895,1895,0
2022-07-04 14:19:00,1895,1895,1895,1895,0
2022-07-04 14:20:00,1895,1895,1895,1895,0
2022-07-04 14:21:00,1895,1895,1895,1895,0
2022-07-04 14:22:00,1895,1895,1895,1895,0
2022-07-04 14:23:00,1895,1895,1895,1895,0
2022-07-04 14:24:00,1895,1895,1895,1895,0
2022-07-04 14:25:00,1895,1895,1895,1895,0
2022-07-04 14:26:00,1895,1895,1895,1895,0
2022-07-04 14:27:00,1895,1895,1895,1895,0
2022-07-04 14:28:00,1895,1895,1895,1895,0
2022-07-04 14:29:00,1895,1895,1895,1895,0
2022-07-04 14:30:00,1895,1895,1895,1895,0
2022-07-04 14:31:00,1895,1895,1895,1895,0
2022-07-04 14:32:00,1895,1895,1895,1895,0
2022-07-04 14:33:00,1895,1895,1895,1895,0
2022-07-04 14:34:00,1895,1895,1895,1895,0
2022-07-04 14:35:00,1895,1895,1895,1895,0
2022-07-04 14:36:00,1895,1895,1895,1895,0
2022-07-04 14:37:00,1895,1895,1895,1895,0
2022-07-04 14:38:00,1895,1895,1895,1895,0
2022-07-04 14:39:00,1895,1895,1895,1895,0
2022-07-04 14:40:00,1895,1895,1895,1895,0
2022-07-04 14:41:00,1895,1895,1895,1895,0
2022-07-04 14:42:00,1895,1895,1895,1895,0
2022-07-04 14:43:00,1895,1895,1895,1895,0
2022-07-04 14:44:00,1895,1895,1895,1895,0
2022-07-04 14:45:00,1895,1895,1895,1895,0
2022-07-04 14:46:00,1895,1895,1895,1895,0
2022-07-04 14:47:00,1895,1895,1895,1895,0
2022-07-04 14:48:00,1895,1895,1895,1895,0
2022-07-04 14:49:00,1895,1895,1895,1895,0
2022-07-04 14:50:00,1895,1895,1895,1895,0
2022-07-04 14:51:00,1895,1895,1895,1895,0
2022-07-04 14:52:00,1895,1895,1895,1895,0
2022-07-04 14:53:00,1895,1895,1895,1895,0
2022-07-04 14:54:00,1895,1895,1895,1895,0
2022-07-04 14:55:00,1895,1895,1895,1895,0
2022-07-04 14:56:00,1895,1895,1895,1895,0
2022-07-04 14:57:00,1895,1895,1895,1895,0
2022-07-04 14:58:00,1895,1895,1895,1895,0
2022-07-04 14:59:00,1895,1895,1895,1895,0
2022-07-04 15:00:00,1895,1895,1895,1895,0
2022-07-04 15:01:00,1895,1895,1895,1895,0
2022-07-04 15:02:00,1895,1895,1895,1895,0
2022-07-04 15:03:00,1895,1895,1895,1895,0
2022-07-04 15:04:00,1895,1895,1895,1895,0
2022-07-04 15:05:00,1895,1895,1895,1895,0
2022-07-04 15:06:00,1895,1895,1895,1895,0
2022-07-04 15:07:00,1895,1895,1895,1895,0
2022-07-04 15:08:00,1895,1895,1895,1895,0
2022-07-04 15:09:00,1895,1895,1895,1895,0
2022-07-04 15:10:00,1895,1895,1895,1895,0
2022-07-04 15:11:00,1895,1895,1895,1895,0
2022-07-04 15:12:00,1895,1895,1895,1895,0
2022-07-04 15:13:00,1895,1895,1895,1895,0
2022-07-04 15:14:00,1895,1895,1895,1895,0
2022-07-04 15:15:00,1895,1895,1895,1895,0
2022-07-04 15:16:00,1895,1895,1895,1895,0
2022-07-04 15:17:00,1895,1895,1895,1895,0
2022-07-04 15:18:00,1895,1895,1895,1895,0
2022-07-04 15:19:00,1895,1895,1895,1895,0
2022-07-04 15:20:00,1895,1895,1895,1895,0
2022-07-04 15:21:00,1895,1895,1895,1895,0
2022-07-04 15:22:00,1895,1895,1895,1895,0
2022-07-04 15:23:00,1895,1895,1895,1895,0
2022-07-04 15:24:00,1895,1895,1895,1895,0
2022-07-04 15:25:00,1895,1895,1895,1895,0
2022-07-04 15:26:00,1895,1895,1895,1895,0
2022-07-04 15:27:00,1895,1895,1895,1895,0
2022-07-04 15:28:00,1895,1895,1895,1895,0
2022-07-04 15:29:00,1895,1895,1895,1895,0
2022-07-04 15:30:00,1895,1895,1895,1895,0
2022-07-04 15:31:00,1895,1895,1895,1895,0
2022-07-04 15:32:00,1895,1895,1895,1895,0
2022-07-04 15:33:00,1895,1895,1895,1895,0
2022-07-04 15:34:00,1895,1895,1895,1895,0
2022-07-04 15:35:00,1895,1895,1895,1895,0
2022-07-04 15:36:00,1895,1895,1895,1895,0
2022-07-04 15:37:00,1895,1895,1895,1895,0
2022-07-04 15:38:00,1895,1895,1895,1895,0
2022-07-04 15:39:00,1895,1895,1895,1895,0
2022-07-04 15:40:00,1895,1895,1895,1895,0
2022-07-04 15:41:00,1895,1895,1895,1895,0
2022-07-04 15:42:00,1895,1895,1895,1895,0
2022-07-04 15:43:00,1895,1895,1895,1895,0
2022-07-04 15:44:00,1895,1895,1895,1895,0
2022-07-04 15:45:00,1895,1895,1895,1895,0
2022-07-04 15:46:00,1895,1895,1895,1895,0
2022-07-04 15:47:00,1895,1895,1895,1895,0
2022-07-04 15:48:00,1895,1895,1895,1895,0
2022-07-04 15:49:00,1895,1895,1895,1895,0
2022-07-04 15:50:00,1895,1895,1895,1895,0
2022-07-04 15:51:00,1895,1895,1895,1895,0
2022-07-04 15:52:00,1895,1895,1895,1895,0
2022-07-04 15:53:00,1895,1895,1895,1895,0
2022-07-04 15:54:00,1895,1895,1895,1895,0
2022-07-04 15:55:00,1895,1895,1895,1895,0
2022-07-04 15:56:00,1895,1895,1895,1895,0
2022-07-04 15:57:00,1895,1895,1895,1895,0
2022-07-04 15:58:00,1895,1895,1895,1895,0
2022-07-04 15:59:00,1895,1895,1895,1895,0
2022-07-05 09:00:00,1895,1895,1895,1895,0
2022-07-05 09:01:00,1895,1895,1895,1895,0
2022-07-05 09:02:00,1895,1895,1895,1895,0
2022-07-05 09:03:00,1895,1895,1895,1895,0
2022-07-05 09:04:00,1895,1895,1895,1895,0
2022-07-05 09:05:00,1895,1895,1895,1895,0
2022-07-05 09:06:00,1895,1895,1895,1895,0
2022-07-05 09:07:00,1895,1895,1895,1895,0
2022-07-05 09:08:00,1895,1895,1895,1895,0
2022-07-05 09:09:00,1895,1895,1895,1895,0
2022-07-05 09:10:00,1895,1895,1895,1895,0
2022-07-05 09:11:00,1895,1895,1895,1895,0
2022-07-05 09:12:00,1895,1895,1895,1895,0
2022-07-05 09:13:00,1895,1895,1895,1895,0
2022-07-05 09:14:00,1895,1895,1895,1895,0
2022-07-05 09:15:00,1895,1895,1895,1895,0
2022-07-05 09:16:00,1895,1895,1895,1895,0
2022-07-05 09:17:00,1895,1895,1895,1895,0
2022-07-05 09:18:00,1895,1895,1895,1895,0
2022-07-05 09:19:00,1895,1895,1895,1895,0
2022-07-05 09:20:00,1895,1895,1895,1895,0
2022-07-05 09:21:00,1895,1895,1895,1895,0
2022-07-05 09:22:00,1895,1895,1895,1895,0
2022-07-05 09:23:00,1895,1895,1895,1895,0
2022-07-05 09:24:00,1895,1895,1895,1895,0
2022-07-05 09:25:00,1895,1895,1895,1895,0
2022-07-05 09:26:00,1895,1895,1895,1895,0
2022-07-05 09:27:00,1895,1895,1895,1895,0
2022-07-05 09:28:00,1895,1895,1895,1895,0
2022-07-05 09:29:00,1895,1895,1895,1895,0
2022-07-05 09:30:00,1895,1895,1895,1895,0
2022-07-05 09:31:00,1895,1895,1895,1895,0
2022-07-05 09:32:00,1895,1895,1895,1895,0
2022-07-05 09:33:00,1895,1895,1895,1895,0
2022-07-05 09:34:00,1895,1895,1895,1895,0
2022-07-05 09:35:00,1895,1895,1895,1895,0
2022-07-05 09:36:00,1895,1895,1895,1895,0
2022-07-05 09:37:00,1895,1895,1895,1895,0
2022-07-05 09:38:00,1895,1895,1895,1895,0
2022-07-05 09:39:00,1895,1895,1895,1895,0
2022-07-05 09:40:00,1895,1895,1895,1895,0
2022-07-05 09:41:00,1895,1895,1895,1895,0
2022-07-05 09:42:00,1895,1895,1895,1895,0
2022-07-05 09:43:00,1895,1895,1895,1895,0
2022-07-05 09:44:00,1895,1895,1895,1895,0
2022-07-05 09:45:00,1895,1895,1895,1895,0
2022-07-05 09:46:00,1895,1895,1895,1895,0
2022-07-05 09:47:00,1895,1895,1895,1895,0
2022-07-05 09:48:00,1895,1895,1895,1895,0
2022-07-05 09:49:00,1895,1895,1895,1895,0
2022-07-05 09:50:00,1895,1895,1895,1895,0
2022-07-05 09:51:00,1895,1895,1895,1895,0
2022-07-05 09:52:00,1895,1895,1895,1895,0
2022-07-05 09:53:00,1895,1895,1895,1895,0
2022-07-05 09:54:00,1895,1895,1895,1895,0
2022-07-05 09:55:00,1895,1895,1895,1895,0
2022-07-05 09:56:00,1895,1895,1895,1895,0
2022-07-05 09:57:00,1895,1895,1895,1895,0
2022-07-05 09:58:00,1895,1895,1895,1895,0
2022-07-05 09:59:00,1895,1895,1895,1895,0
2022-07-05 10:00:00,1895,1895,1895,1895,0
2022-07-05 10:01:00,1895,1895,1895,1895,0
2022-07-05 10:02:00,1895,1895,1895,1895,0
2022-07-05 10:03:00,1895,1895,1895,1895,0
2022-07-05 10:04:00,1895,1895,1895,1895,0
2022-07-05 10:05:00,1895,1895,1895,1895,0
2022-07-05 10:06:00,1895,1895,1895,1895,0
2022-07-05 10:07:00,1895,1895,1895,1895,0
2022-07-05 10:08:00,1895,1895,1895,1895,0
2022-07-05 10:09:00,1895,1895,1895,1895,0
2022-07-05 10:10:00,1895,1895,1895,1895,0
2022-07-05 10:11:00,1895,1895,1895,1895,0
2022-07-05 10:12:00,1895,1895,1895,1895,0
2022-07-05 10:13:00,1895,1895,1895,1895,0
2022-07-05 10:14:00,1895,1895,1895,1895,0
2022-07-05 10:15:00,1895,1895,1895,1895,0
2022-07-05 10:16:00,1895,1895,1895,1895,0
2022-07-05 10:17:00,1895,1895,1895,1895,0
2022-07-05 10:18:00,1895,1895,1895,1895,0
2022-07-05 10:19:00,1895,1895,1895,1895,0
2022-07-05 10:20:00,1895,1895,1895,1895,0
2022-07-05 10:21:00,1895,1895,1895,1895,0
2022-07-05 10:22:00,1895,1895,1895,1895,0
2022-07-05 10:23:00,1895,1895,1895,1895,0
2022-07-05 10:24:00,1895,1895,1895,1895,0
2022-07-05 10:25:00,1895,1895,1895,1895,0
2022-07-05 10:26:00,1895,1895,1895,1895,0
2022-07-05 10:27:00,1895,1895,1895,1895,0
2022-07-05 10:28:00,1895,1895,1895,1895,0
2022-07-05 10:29:00,1895,1895,1895,1895,0
2022-07-05 10:30:00,1895,1895,1895,1895,0
2022-07-05 10:31:00,1895,1895,1895,1895,0
2022-07-05 10:32:00,1895,1895,1895,1895,0
2022-07-05 10:33:00,1895,1895,1895,1895,0
2022-07-05 10:34:00,1895,1895,1895,1895,0
2022-07-05 10:35:00,1895,1895,1895,1895,0
2022-07-05 10:36:00,1895,1895,1895,1895,0
2022-07-05 10:37:00,1895,1895,1895,1895,0
2022-07-05 10:38:00,1895,1895,1895,1895,0
2022-07-05 10:39:00,1895,1895,1895,1895,0
2022-07-05 10:40:00,1895,1895,1895,1895,0
2022-07-05 10:41:00,1895,1895,1895,1895,0
2022-07-05 10:42:00,1895,1895,1895,1895,0
2022-07-05 10:43:00,1895,1895,1895,1895,0
2022-07-05 10:44:00,1895,1895,1895,1895,0
2022-07-05 10:45:00,1895,1895,1895,1895,0
2022-07-05 10:46:00,1895,1895,1895,1895,0
2022-07-05 10:47:00,1895,1895,1895,1895,0
2022-07-05 10:48:00,1895,1895,1895,1895,0
2022-07-05 10:49:00,1895,1895,1895,1895,0
2022-07-05 10:50:00,1895,1895,1895,1895,0
2022-07-05 10:51:00,1895,1895,1895,1895,0
2022-07-05 10:52:00,1895,1895,1895,1895,0
2022-07-05 10:53:00,1895,1895,1895,1895,0
2022-07-05 10:54:00,1895,1895,1895,1895,0
2022-07-05 10:55:00,1895,1895,1895,1895,0
2022-07-05 10:56:00,1895,1895,1895,1895,0
2022-07-05 10:57:00,1895,1895,1895,1895,0
2022-07-05 10:58:00,1895,1895,1895,1895,0
2022-07-05 10:59:00,1895,1895,1895,1895,0
2022-07-05 11:00:00,1895,1895,1895,1895,0
2022-07-05 11:01:00,1895,1895,1895,1895,0
2022-07-05 11:02:00,1895,1895,1895,1895,0
2022-07-05 11:03:00,1895,1895,1895,1895,0
2022-07-05 11:04:00,1895,1895,1895,1895,0
2022-07-05 11:05:00,1895,1895,1895,1895,0
2022-07-05 11:06:00,1895,1895,1895,1895,0
2022-07-05 11:07:00,1895,1895,1895,1895,0
2022-07-05 11:08:00,1895,1895,1895,1895,0
2022-07-05 11:09:00,1895,1895,1895,1895,0
2022-07-05 11:10:00,1895,1895,1895,1895,0
2022-07-05 11:11:00,1895,1895,1895,1895,0
2022-07-05 11:12:00,1895,1895,1895,1895,0
2022-07-05 11:13:00,1895,1895,1895,1895,0
2022-07-05 11:14:00,1895,1895,1895,1895,0
2022-07-05 11:15:00,1895,1895,1895,1895,0
2022-07-05 11:16:00,1895,1895,1895,1895,0
2022-07-05 11:17:00,1895,1895,1895,1895,0
2022-07-05 11:18:00,1895,1895,1895,1895,0
2022-07-05 11:19:00,1895,1895,1895,1895,0
2022-07-05 11:20:00,1895,1895,1895,1895,0
2022-07-05 11:21:00,1895,1895,1895,1895,0
2022-07-05 11:22:00,1895,1895,1895,1895,0
2022-07-05 11:23:00,1895,1895,1895,1895,0
2022-07-05 11:24:00,1895,1895,1895,1895,0
2022-07-05 11:25:00,1895,1895,1895,1895,0
2022-07-05 11:26:00,1895,1895,1895,1895,0
2022-07-05 11:27:00,1895,1895,1895,1895,0
2022-07-05 11:28:00,1895,1895,1895,1895,0
2022-07-05 11:29:00,1895,1895,1895,1895,0
2022-07-05 11:30:00,1895,1895,1895,1895,0
2022-07-05 11:31:00,1895,1895,1895,1895,0
2022-07-05 11:32:00,1895,1895,1895,1895,0
2022-07-05 11:33:00,1895,1895,1895,1895,0
2022-07-05 11:34:00,1895,1895,1895,1895,0
2022-07-05 11:35:00,1895,1895,1895,1895,0
2022-07-05 11:36:00,1895,1895,1895,1895,0
2022-07-05 11:37:00,1895,1895,1895,1895,0
2022-07-05 11:38:00,1895,1895,1895,1895,0
2022-07-05 11:39:00,1895,1895,1895,1895,0
2022-07-05 11:40:00,1895,1895,1895,1895,0
2022-07-05 11:41:00,1895,1895,1895,1895,0
2022-07-05 11:42:00,1895,1895,1895,1895,0
2022-07-05 11:43:00,1895,1895,1895,1895,0
2022-07-05 11:44:00,1895,1895,1895,1895,0
2022-07-05 11:45:00,1895,1895,1895,1895,0
2022-07-05 11:46:00,1895,1895,1895,1895,0
2022-07-05 11:47:00,1895,1895,1895,1895,0
2022-07-05 11:48:00,1895,1895,1895,1895,0
2022-07-05 11:49:00,1895,1895,1895,1895,0
2022-07-05 11:50:00,1895,1895,1895,1895,0
2022-07-05 11:51:00,1895,1895,1895,1895,0
2022-07-05 11:52:00,1895,1895,1895,1895,0
2022-07-05 11:53:00,1895,1895,1895,1895,0
2022-07-05 11:54:00,1895,1895,1895,1895,0
2022-07-05 11:55:00,1895,1895,1895,1895,0
2022-07-05 11:56:00,1895,1895,1895,1895,0
2022-07-05 11:57:00,1895,1895,1895,1895,0
2022-07-05 11:58:00,1895,1895,1895,1895,0
2022-07-05 11:59:00,1895,1895,1895,1895,0
2022-07-05 12:00:00,1895,1895,1895,1895,0
2022-07-05 12:01:00,1895,1895,1895,1895,0
2022-07-05 12:02:00,1895,1895,1895,1895,0
2022-07-05 12:03:00,1895,1895,1895,1895,0
2022-07-05 12:04:00,1895,1895,1895,1895,0
2022-07-05 12:05:00,1895,1895,1895,1895,0
2022-07-05 12:06:00,1895,1895,1895,1895,0
2022-07-05 12:07:00,1895,1895,1895,1895,0
2022-07-05 12:08:00,1895,1895,1895,1895,0
2022-07-05 12:09:00,1895,1895,1895,1895,0
2022-07-05 12:10:00,1895,1895,1895,1895,0
2022-07-05 12:11:00,1895,1895,1895,1895,0
2022-07-05 12:12:00,1895,1895,1895,1895,0
2022-07-05 12:13:00,1895,1895,1895,1895,0
2022-07-05 12:14:00,1895,1895,1895,1895,0
2022-07-05 12:15:00,1895,1895,1895,1895,0
2022-07-05 12:16:00,1895,1895,1895,1895,0
2022-07-05 12:17:00,1895,1895,1895,1895,0
2022-07-05 12:18:00,1895,1895,1895,1895,0
2022-07-05 12:19:00,1895,1895,1895,1895,0
2022-07-05 12:20:00,1895,1895,1895,1895,0
2022-07-05 12:21:00,1895,1895,1895,1895,0
2022-07-05 12:22:00,1895,1895,1895,1895,0
2022-07-05 12:23:00,1895,1895,1895,1895,0
2022-07-05 12:24:00,1895,1895,1895,1895,0
2022-07-05 12:25:00,1895,1895,1895,1895,0
2022-07-05 12:26:00,1895,1895,1895,1895,0
2022-07-05 12:27:00,1895,1895,1895,1895,0
2022-07-05 12:28:00,1895,1895,1895,1895,0
2022-07-05 12:29:00,1895,1895,1895,1895,0
2022-07-05 12:30:00,1895,1895,1895,1895,0
2022-07-05 12:31:00,1895,1895,1895,1895,0
2022-07-05 12:32:00,1895,1895,1895,1895,0
2022-07-05 12:33:00,1895,1895,1895,1895,0
2022-07-05 12:34:00,1895,1895,1895,1895,0
2022-07-05 12:35:00,1895,1895,1895,1895,0
2022-07-05 12:36:00,1895,1895,1895,1895,0
2022-07-05 12:37:00,1895,1895,1895,1895,0
2022-07-05 12:38:00,1895,1895,1895,1895,0
2022-07-05 12:39:00,1895,1895,1895,1895,0
2022-07-05 12:40:00,1895,1895,1895,1895,0
2022-07-05 12:41:00,1895,1895,1895,1895,0
2022-07-05 12:42:00,1895,1895,1895,1895,0
2022-07-05 12:43:00,1895,1895,1895,1895,0
2022-07-05 12:44:00,1895,1895,1895,1895,0
2022-07-05 12:45:00,1895,1895,1895,1895,0
2022-07-05 12:46:00,1895,1895,1895,1895,0
2022-07-05 12:47:00,1895,1895,1895,1895,0
2022-07-05 12:48:00,1895,1895,1895,1895,0
2022-07-05 12:49:00,1895,1895,1895,1895,0
2022-07-05 12:50:00,1895,1895,1895,1895,0
2022-07-05 12:51:00,1895,1895,1895,1895,0
2022-07-05 12:52:00,1895,1895,1895,1895,0
2022-07-05 12:53:00,1895,1895,1895,1895,0
2022-07-05 12:54:00,1895,1895,1895,1895,0
2022-07-05 12:55:00,1895,1895,1895,1895,0
2022-07-05 12:56:00,1895,1895,1895,1895,0
2022-07-05 12:57:00,1895,1895,1895,1895,0
2022-07-05 12:58:00,1895,1895,1895,1895,0
2022-07-05 12:59:00,1895,1895,1895,1895,0
2022-07-05 13:00:00,1895,1895,1895,1895,0
2022-07-05 13:01:00,1895,1895,1895,1895,0
2022-07-05 13:02:00,1895,1895,1895,1895,0
2022-07-05 13:03:00,1895,1895,1895,1895,0
2022-07-05 13:04:00,1895,1895,1895,1895,0
2022-07-05 13:05:00,1895,1895,1895,1895,0
2022-07-05 13:06:00,1895,1895,1895,1895,0
2022-07-05 13:07:00,1895,1895,1895,1895,0
2022-07-05 13:08:00,1895,1895,1895,1895,0
2022-07-05 13:09:00,1895,1895,1895,1895,0
2022-07-05 13:10:00,1895,1895,1895,1895,0
2022-07-05 13:11:00,1895,1895,1895,1895,0
2022-07-05 13:12:00,1895,1895,1895,1895,0
2022-07-05 13:13:00,1895,1895,1895,1895,0
2022-07-05 13:14:00,1895,1895,1895,1895,0
2022-07-05 13:15:00,1895,1895,1895,1895,0
2022-07-05 13:16:00,1895,1895,1895,1895,0
2022-07-05 13:17:00,1895,1895,1895,1895,0
2022-07-05 13:18:00,1895,1895,1895,1895,0
2022-07-05 13:19:00,1895,1895,1895,1895,0
2022-07-05 13:20:00,1895,1895,1895,1895,0
2022-07-05 13:21:00,1895,1895,1895,1895,0
2022-07-05 13:22:00,1895,1895,1895,1895,0
2022-07-05 13:23:00,1895,1895,1895,1895,0
2022-07-05 13:24:00,1895,1895,1895,1895,0
2022-07-05 13:25:00,1895,1895,1895,1895,0
2022-07-05 13:26:00,1895,1895,1895,1895,0
2022-07-05 13:27:00,1895,1895,1895,1895,0
2022-07-05 13:28:00,1895,1895,1895,1895,0
2022-07-05 13:29:00,1895,1895,1895,1895,0
2022-07-05 13:30:00,1895,1895,1895,1895,0
2022-07-05 13:31:00,1895,1895,1895,1895,0
2022-07-05 13:32:00,1895,1895,1895,1895,0
2022-07-05 13:33:00,1895,1895,1895,1895,0
2022-07-05 13:34:00,1895,1895,1895,1895,0
2022-07-05 13:35:00,1895,1895,1895,1895,0
2022-07-05 13:36:00,1895,1895,1895,1895,0
2022-07-05 13:37:00,1895,1895,1895,1895,0
2022-07-05 13:38:00,1895,1895,1895,1895,0
2022-07-05 13:39:00,1895,1895,1895,1895,0
2022-07-05 13:40:00,1895,1895,1895,1895,0
2022-07-05 13:41:00,1895,1895,1895,1895,0
2022-07-05 13:42:00,1895,1895,1895,1895,0
2022-07-05 13:43:00,1895,1895,1895,1895,0
2022-07-05 13:44:00,1895,1895,1895,1895,0
2022-07-05 13:45:00,1895,1895,1895,1895,0
2022-07-05 13:46:00,1895,1895,1895,1895,0
2022-07-05 13:47:00,1895,1895,1895,1895,0
2022-07-05 13:48:00,1895,1895,1895,1895,0
2022-07-05 13:49:00,1895,1895,1895,1895,0
2022-07-05 13:50:00,1895,1895,1895,1895,0
2022-07-05 13:51:00,1895,1895,1895,1895,0
2022-07-05 13:52:00,1895,1895,1895,1895,0
2022-07-05 13:53:00,1895,1895,1895,1895,0
2022-07-05 13:54:00,1895,1895,1895,1895,0
2022-07-05 13:55:00,1895,1895,1895,1895,0
2022-07-05 13:56:00,1895,1895,1895,1895,0
2022-07-05 13:57:00,1895,1895,1895,1895,0
2022-07-05 13:58:00,1895,1895,1895,1895,0
2022-07-05 13:59:00,1895,1895,1895,1895,0
2022-07-05 14:00:00,1895,1895,1895,1895,0
2022-07-05 14:01:00,1895,1895,1895,1895,0
2022-07-05 14:02:00,1895,1895,1895,1895,0
2022-07-05 14:03:00,1895,1895,1895,1895,0
2022-07-05 14:04:00,1895,1895,1895,1895,0
2022-07-05 14:05:00,1895,1895,1895,1895,0
2022-07-05 14:06:00,1895,1895,1895,1895,0
2022-07-05 14:07:00,1895,1895,1895,1895,0
2022-07-05 14:08:00,1895,1895,1895,1895,0
2022-07-05 14:09:00,1895,1895,1895,1895,0
2022-07-05 14:10:00,1895,1895,1895,1895,0
2022-07-05 14:11:00,1895,1895,1895,1895,0
2022-07-05 14:12:00,1895,1895,1895,1895,0
2022-07-05 14:13:00,1895,1895,1895,1895,0
2022-07-05 14:14:00,1895,1895,1895,1895,0
2022-07-05 14:15:00,1895,1895,1895,1895,0
2022-07-05 14:16:00,1895,1895,1895,1895,0
2022-07-05 14:17:00,1895,1895,1895,1895,0
2022-07-05 14:18:00,1895,1895,1895,1895,0
2022-07-05 14:19:00,1895,1895,1895,1895,0
2022-07-05 14:20:00,1895,1895,1895,1895,0
2022-07-05 14:21:00,1895,1895,1895,1895,0
2022-07-05 14:22:00,1895,1895,1895,1895,0
2022-07-05 14:23:00,1895,1895,1895,1895,0
2022-07-05 14:24:00,1895,1895,1895,1895,0
2022-07-05 14:25:00,1895,1895,1895,1895,0
2022-07-05 14:26:00,1895,1895,1895,1895,0
2022-07-05 14:27:00,1895,1895,1895,1895,0
2022-07-05 14:28:00,1895,1895,1895,1895,0
2022-07-05 14:29:00,1895,1895,1895,1895,0
2022-07-05 14:30:00,1895,1895,1895,1895,0
2022-07-05 14:31:00,1895,1895,1895,1895,0
2022-07-05 14:32:00,1895,1895,1895,1895,0
2022-07-05 14:33:00,1895,1895,1895,1895,0
2022-07-05 14:34:00,1895,1895,1895,1895,0
2022-07-05 14:35:00,1895,1895,1895,1895,0
2022-07-05 14:36:00,1895,1895,1895,1895,0
2022-07-05 14:37:00,1895,1895,1895,1895,0
2022-07-05 14:38:00,1895,1895,1895,1895,0
2022-07-05 14:39:00,1895,1895,1895,1895,0
2022-07-05 14:40:00,1895,1895,1895,1895,0
2022-07-05 14:41:00,1895,1895,1895,1895,0
2022-07-05 14:42:00,1895,1895,1895,1895,0
2022-07-05 14:43:00,1895,1895,1895,1895,0
2022-07-05 14:44:00,1895,1895,1895,1895,0
2022-07-05 14:45:00,1895,1895,1895,1895,0
2022-07-05 14:46:00,1895,1895,1895,1895,0
2022-07-05 14:47:00,1895,1895,1895,1895,0
2022-07-05 14:48:00,1895,1895,1895,1895,0
2022-07-05 14:49:00,1895,1895,1895,1895,0
2022-07-05 14:50:00,1895,1895,1895,1895,0
2022-07-05 14:51:00,1895,1895,1895,1895,0
2022-07-05 14:52:00,1895,1895,1895,1895,0
2022-07-05 14:53:00,1895,1895,1895,1895,0
2022-07-05 14:54:00,1895,1895,1895,1895,0
2022-07-05 14:55:00,1895,1895,1895,1895,0
2022-07-05 14:56:00,1895,1895,1895,1895,0
2022-07-05 14:57:00,1895,1895,1895,1895,0
2022-07-05 14:58:00,1895,1895,1895,1895,0
2022-07-05 14:59:00,1895,1895,1895,1895,0
2022-07-05 15:00:00,1895,1895,1895,1895,0
2022-07-05 15:01:00,1895,1895,1895,1895,0
2022-07-05 15:02:00,1895,1895,1895,1895,0
2022-07-05 15:03:00,1895,1895,1895,1895,0
2022-07-05 15:04:00,1895,1895,1895,1895,0
2022-07-05 15:05:00,1895,1895,1895,1895,0
2022-07-05 15:06:00,1895,1895,1895,1895,0
2022-07-05 15:07:00,1895,1895,1895,1895,0
2022-07-05 15:08:00,1895,1895,1895,1895,0
2022-07-05 15:09:00,1895,1895,1895,1895,0
2022-07-05 15:10:00,1895,1895,1895,1895,0
2022-07-05 15:11:00,1895,1895,1895,1895,0
2022-07-05 15:12:00,1895,1895,1895,1895,0
2022-07-05 15:13:00,1895,1895,1895,1895,0
2022-07-05 15:14:00,1895,1895,1895,1895,0
2022-07-05 15:15:00,1895,1895,1895,1895,0
2022-07-05 15:16:00,1895,1895,1895,1895,0
2022-07-05 15:17:00,1895,1895,1895,1895,0
2022-07-05 15:18:00,1895,1895,1895,1895,0
2022-07-05 15:19:00,1895,1895,1895,1895,0
2022-07-05 15:20:00,1895,1895,1895,1895,0
2022-07-05 15:21:00,1895,1895,1895,1895,0
2022-07-05 15:22:00,1895,1895,1895,1895,0
2022-07-05 15:23:00,1895,1895,1895,1895,0
2022-07-05 15:24:00,1895,1895,1895,1895,0
2022-07-05 15:25:00,1895,1895,1895,1895,0
2022-07-05 15:26:00,1895,1895,1895,1895,0
2022-07-05 15:27:00,1895,1895,1895,1895,0
2022-07-05 15:28:00,1895,1895,1895,1895,0
2022-07-05 15:29:00,1895,1895,1895,1895,0
2022-07-05 15:30:00,1895,1895,1895,1895,0
2022-07-05 15:31:00,1895,1895,1895,1895,0
2022-07-05 15:32:00,1895,1895,1895,1895,0
2022-07-05 15:33:00,1895,1895,1895,1895,0
2022-07-05 15:34:00,1895,1895,1895,1895,0
2022-07-05 15:35:00,1895,1895,1895,1895,0
2022-07-05 15:36:00,1895,1895,1895,1895,0
2022-07-05 15:37:00,1895,1895,1895,1895,0
2022-07-05 15:38:00,1895,1895,1895,1895,0
2022-07-05 15:39:00,1895,1895,1895,1895,0
2022-07-05 15:40:00,1895,1895,1895,1895,0
2022-07-05 15:41:00,1895,1895,1895,1895,0
2022-07-05 15:42:00,1895,1895,1895,1895,0
2022-07-05 15:43:00,1895,1895,1895,1895,0
2022-07-05 15:44:00,1895,1895,1895,1895,0
2022-07-05 15:45:00,1895,1895,1895,1895,0
2022-07-05 15:46:00,1895,1895,1895,1895,0
2022-07-05 15:47:00,1895,1895,1895,1895,0
2022-07-05 15:48:00,1895,1895,1895,1895,0
2022-07-05 15:49:00,1895,1895,1895,1895,0
2022-07-05 15:50:00,1895,1895,1895,1895,0
2022-07-05 15:51:00,1895,1895,1895,1895,0
2022-07-05 15:52:00,1895,1895,1895,1895,0
2022-07-05 15:53:00,1895,1895,1895,1895,0
2022-07-05 15:54:00,1895,1895,1895,1895,0
2022-07-05 15:55:00,1895,1895,1895,1895,0
2022-07-05 15:56:00,1895,1895,1895,1895,0
2022-07-05 15:57:00,1895,1895,1895,1895,0
2022-07-05 15:58:00,1895,1895,1895,1895,0
2022-07-05 15:59:00,1895,1895,1895,1895,0
2022-07-06 09:00:00,1895,1895,1895,1895,0
2022-07-06 09:01:00,1895,1895,1895,1895,0
2022-07-06 09:02:00,1895,1895,1895,1895,0
2022-07-06 09:03:00,1895,1895,1895,1895,0
2022-07-06 09:04:00,1895,1895,1895,1895,0
2022-07-06 09:05:00,1895,1895,1895,1895,0
2022-07-06 09:06:00,1895,1895,1895,1895,0
2022-07-06 09:07:00,1895,1895,1895,1895,0
2022-07-06 09:08:00,1895,1895,1895,1895,0
2022-07-06 09:09:00,1895,1895,1895,1895,0
2022-07-06 09:10:00,1895,1895,1895,1895,0
2022-07-06 09:11:00,1895,1895,1895,1895,0
2022-07-06 09:12:00,1895,1895,1895,1895,0
2022-07-06 09:13:00,1895,1895,1895,1895,0
2022-07-06 09:14:00,1895,1895,1895,1895,0
2022-07-06 09:15:00,1895,1895,1895,1895,0
2022-07-06 09:16:00,1895,1895,1895,1895,0
2022-07-06 09:17:00,1895,1895,1895,1895,0
2022-07-06 09:18:00,1895,1895,1895,1895,0
2022-07-06 09:19:00,1895,1895,1895,1895,0
2022-07-06 09:20:00,1895,1895,1895,1895,0
2022-07-06 09:21:00,1895,1895,1895,1895,0
2022-07-06 09:22:00,1895,1895,1895,1895,0
2022-07-06 09:23:00,1895,1895,1895,1895,0
2022-07-06 09:24:00,1895,1895,1895,1895,0
2022-07-06 09:25:00,1895,1895,1895,1895,0
2022-07-06 09:26:00,1895,1895,1895,1895,0
2022-07-06 09:27:00,1895,1895,1895,1895,0
2022-07-06 09:28:00,1895,1895,1895,1895,0
2022-07-06 09:29:00,1895,1895,1895,1895,0
2022-07-06 09:30:00,1895,1895,1895,1895,0
2022-07-06 09:31:00,1895,1895,1895,1895,0
2022-07-06 09:32:00,1895,1895,1895,1895,0
2022-07-06 09:33:00,1895,1895,1895,1895,0
2022-07-06 09:34:00,1895,1895,1895,1895,0
2022-07-06 09:35:00,1895,1895,1895,1895,0
2022-07-06 09:36:00,1895,1895,1895,1895,0
2022-07-06 09:37:00,1895,1895,1895,1895,0
2022-07-06 09:38:00,1895,1895,1895,1895,0
2022-07-06 09:39:00,1895,1895,1895,1895,0
2022-07-06 09:40:00,1895,1895,1895,1895,0
2022-07-06 09:41:00,1895,1895,1895,1895,0
2022-07-06 09:42:00,1895,1895,1895,1895,0
2022-07-06 09:43:00,1895,1895,1895,1895,0
2022-07-06 09:44:00,1895,1895,1895,1895,0
2022-07-06 09:45:00,1895,1895,1895,1895,0
2022-07-06 09:46:00,1895,1895,1895,1895,0
2022-07-06 09:47:00,1895,1895,1895,1895,0
2022-07-06 09:48:00,1895,1895,1895,1895,0
2022-07-06 09:49:00,1895,1895,1895,1895,0
2022-07-06 09:50:00,1895,1895,1895,1895,0
2022-07-06 09:51:00,1895,1895,1895,1895,0
2022-07-06 09:52:00,1895,1895,1895,1895,0
2022-07-06 09:53:00,1895,1895,1895,1895,0
2022-07-06 09:54:00,1895,1895,1895,1895,0
2022-07-06 09:55:00,1895,1895,1895,1895,0
2022-07-06 09:56:00,1895,1895,1895,1895,0
2022-07-06 09:57:00,1895,1895,1895,1895,0
2022-07-06 09:58:00,1895,1895,1895,1895,0
2022-07-06 09:59:00,1895,1895,1895,1895,0
2022-07-06 10:00:00,1895,1895,1895,1895,0
2022-07-06 10:01:00,1895,1895,1895,1895,0
2022-07-06 10:02:00,1895,1895,1895,1895,0
2022-07-06 10:03:00,1895,1895,1895,1895,0
2022-07-06 10:04:00,1895,1895,1895,1895,0
2022-07-06 10:05:00,1895,1895,1895,1895,0
2022-07-06 10:06:00,1895,1895,1895,1895,0
2022-07-06 10:07:00,1895,1895,1895,1895,0
2022-07-06 10:08:00,1895,1895,1895,1895,0
2022-07-06 10:09:00,1895,1895,1895,1895,0
2022-07-06 10:10:00,1895,1895,1895,1895,0
2022-07-06 10:11:00,1895,1895,1895,1895,0
2022-07-06 10:12:00,1895,1895,1895,1895,0
2022-07-06 10:13:00,1895,1895,1895,1895,0
2022-07-06 10:14:00,1895,1895,1895,1895,0
2022-07-06 10:15:00,1895,1895,1895,1895,0
2022-07-06 10:16:00,1895,1895,1895,1895,0
2022-07-06 10:17:00,1895,1895,1895,1895,0
2022-07-06 10:18:00,1895,1895,1895,1895,0
2022-07-06 10:19:00,1895,1895,1895,1895,0
2022-07-06 10:20:00,1895,1895,1895,1895,0
2022-07-06 10:21:00,1895,1895,1895,1895,0
2022-07-06 10:22:00,1895,1895,1895,1895,0
2022-07-06 10:23:00,1895,1895,1895,1895,0
2022-07-06 10:24:00,1895,1895,1895,1895,0
2022-07-06 10:25:00,1895,1895,1895,1895,0
2022-07-06 10:26:00,1895,1895,1895,1895,0
2022-07-06 10:27:00,1895,1895,1895,1895,0
2022-07-06 10:28:00,1895,1895,1895,1895,0
2022-07-06 10:29:00,1895,1895,1895,1895,0
2022-07-06 10:30:00,1895,1895,1895,1895,0
2022-07-06 10:31:00,1895,1895,1895,1895,0
2022-07-06 10:32:00,1895,1895,1895,1895,0
2022-07-06 10:33:00,1895,1895,1895,1895,0
2022-07-06 10:34:00,1895,1895,1895,1895,0
2022-07-06 10:35:00,1895,1895,1895,1895,0
2022-07-06 10:36:00,1895,1895,1895,1895,0
2022-07-06 10:37:00,1895,1895,1895,1895,0
2022-07-06 10:38:00,1895,1895,1895,1895,0
2022-07-06 10:39:00,1895,1895,1895,1895,0
2022-07-06 10:40:00,1895,1895,1895,1895,0
2022-07-06 10:41:00,1895,1895,1895,1895,0
2022-07-06 10:42:00,1895,1895,1895,1895,0
2022-07-06 10:43:00,1895,1895,1895,1895,0
2022-07-06 10:44:00,1895,1895,1895,1895,0
2022-07-06 10:45:00,1895,1895,1895,1895,0
2022-07-06 10:46:00,1895,1895,1895,1895,0
2022-07-06 10:47:00,1895,1895,1895,1895,0
2022-07-06 10:48:00,1895,1895,1895,1895,0
2022-07-06 10:49:00,1895,1895,1895,1895,0
2022-07-06 10:50:00,1895,1895,1895,1895,0
2022-07-06 10:51:00,1895,1895,1895,1895,0
2022-07-06 10:52:00,1895,1895,1895,1895,0
2022-07-06 10:53:00,1895,1895,1895,1895,0
2022-07-06 10:54:00,1895,1895,1895,1895,0
2022-07-06 10:55:00,1895,1895,1895,1895,0
2022-07-06 10:56:00,1895,1895,1895,1895,0
2022-07-06 10:57:00,1895,1895,1895,1895,0
2022-07-06 10:58:00,1895,1895,1895,1895,0
2022-07-06 10:59:00,1895,1895,1895,1895,0
2022-07-06 11:00:00,1895,1895,1895,1895,0
2022-07-06 11:01:00,1895,1895,1895,1895,0
2022-07-06 11:02:00,1895,1895,1895,1895,0
2022-07-06 11:03:00,1895,1895,1895,1895,0
2022-07-06 11:04:00,1895,1895,1895,1895,0
2022-07-06 11:05:00,1895,1895,1895,1895,0
2022-07-06 11:06:00,1895,1895,1895,1895,0
2022-07-06 11:07:00,1895,1895,1895,1895,0
2022-07-06 11:08:00,1895,1895,1895,1895,0
2022-07-06 11:09:00,1895,1895,1895,1895,0
2022-07-06 11:10:00,1895,1895,1895,1895,0
2022-07-06 11:11:00,1895,1895,1895,1895,0
2022-07-06 11:12:00,1895,1895,1895,1895,0
2022-07-06 11:13:00,1895,1895,1895,1895,0
2022-07-06 11:14:00,1895,1895,1895,1895,0
2022-07-06 11:15:00,1895,1895,1895,1895,0
2022-07-06 11:16:00,1895,1895,1895,1895,0
2022-07-06 11:17:00,1895,1895,1895,1895,0
2022-07-06 11:18:00,1895,1895,1895,1895,0
2022-07-06 11:19:00,1895,1895,1895,1895,0
2022-07-06 11:20:00,1895,1895,1895,1895,0
2022-07-06 11:21:00,1895,1895,1895,1895,0
2022-07-06 11:22:00,1895,1895,1895,1895,0
2022-07-06 11:23:00,1895,1895,1895,1895,0
2022-07-06 11:24:00,1895,1895,1895,1895,0
2022-07-06 11:25:00,1895,1895,1895,1895,0
2022-07-06 11:26:00,1895,1895,1895,1895,0
2022-07-06 11:27:00,1895,1895,1895,1895,0
2022-07-06 11:28:00,1895,1895,1895,1895,0
2022-07-06 11:29:00,1895,1895,1895,1895,0
2022-07-06 11:30:00,1895,1895,1895,1895,0
2022-07-06 11:31:00,1895,1895,1895,1895,0
2022-07-06 11:32:00,1895,1895,1895,1895,0
2022-07-06 11:33:00,1895,1895,1895,1895,0
2022-07-06 11:34:00,1895,1895,1895,1895,0
2022-07-06 11:35:00,1895,1895,1895,1895,0
2022-07-06 11:36:00,1895,1895,1895,1895,0
2022-07-06 11:37:00,1895,1895,1895,1895,0
2022-07-06 11:38:00,1895,1895,1895,1895,0
2022-07-06 11:39:00,1895,1895,1895,1895,0
2022-07-06 11:40:00,1895,1895,1895,1895,0
2022-07-06 11:41:00,1895,1895,1895,1895,0
2022-07-06 11:42:00,1895,1895,1895,1895,0
2022-07-06 11:43:00,1895,1895,1895,1895,0
2022-07-06 11:44:00,1895,1895,1895,1895,0
2022-07-06 11:45:00,1895,1895,1895,1895,0
2022-07-06 11:46:00,1895,1895,1895,1895,0
2022-07-06 11:47:00,1895,1895,1895,1895,0
2022-07-06 11:48:00,1895,1895,1895,1895,0
2022-07-06 11:49:00,1895,1895,1895,1895,0
2022-07-06 11:50:00,1895,1895,1895,1895,0
2022-07-06 11:51:00,1895,1895,1895,1895,0
2022-07-06 11:52:00,1895,1895,1895,1895,0
2022-07-06 11:53:00,1895,1895,1895,1895,0
2022-07-06 11:54:00,1895,1895,1895,1895,0
2022-07-06 11:55:00,1895,1895,1895,1895,0
2022-07-06 11:56:00,1895,1895,1895,1895,0
2022-07-06 11:57:00,1895,1895,1895,1895,0
2022-07-06 11:58:00,1895,1895,1895,1895,0
2022-07-06 11:59:00,1895,1895,1895,1895,0
2022-07-06 12:00:00,1895,1895,1895,1895,0
2022-07-06 12:01:00,1895,1895,1895,1895,0
2022-07-06 12:02:00,1895,1895,1895,1895,0
2022-07-06 12:03:00,1895,1895,1895,1895,0
2022-07-06 12:04:00,1895,1895,1895,1895,0
2022-07-06 12:05:00,1895,1895,1895,1895,0
2022-07-06 12:06:00,1895,1895,1895,1895,0
2022-07-06 12:07:00,1895,1895,1895,1895,0
2022-07-06 12:08:00,1895,1895,1895,1895,0
2022-07-06 12:09:00,1895,1895,1895,1895,0
2022-07-06 12:10:00,1895,1895,1895,1895,0
2022-07-06 12:11:00,1895,1895,1895,1895,0
2022-07-06 12:12:00,1895,1895,1895,1895,0
2022-07-06 12:13:00,1895,1895,1895,1895,0
2022-07-06 12:14:00,1895,1895,1895,1895,0
2022-07-06 12:15:00,1895,1895,1895,1895,0
2022-07-06 12:16:00,1895,1895,1895,1895,0
2022-07-06 12:17:00,1895,1895,1895,1895,0
2022-07-06 12:18:00,1895,1895,1895,1895,0
2022-07-06 12:19:00,1895,1895,1895,1895,0
2022-07-06 12:20:00,1895,1895,1895,1895,0
2022-07-06 12:21:00,1895,1895,1895,1895,0
2022-07-06 12:22:00,1895,1895,1895,1895,0
2022-07-06 12:23:00,1895,1895,1895,1895,0
2022-07-06 12:24:00,1895,1895,1895,1895,0
2022-07-06 12:25:00,1895,1895,1895,1895,0
2022-07-06 12:26:00,1895,1895,1895,1895,0
2022-07-06 12:27:00,1895,1895,1895,1895,0
2022-07-06 12:28:00,1895,1895,1895,1895,0
2022-07-06 12:29:00,1895,1895,1895,1895,0
2022-07-06 12:30:00,1895,1895,1895,1895,0
2022-07-06 12:31:00,1895,1895,1895,1895,0
2022-07-06 12:32:00,1895,1895,1895,1895,0
2022-07-06 12:33:00,1895,1895,1895,1895,0
2022-07-06 12:34:00,1895,1895,1895,1895,0
2022-07-06 12:35:00,1895,1895,1895,1895,0
2022-07-06 12:36:00,1895,1895,1895,1895,0
2022-07-06 12:37:00,1895,1895,1895,1895,0
2022-07-06 12:38:00,1895,1895,1895,1895,0
2022-07-06 12:39:00,1895,1895,1895,1895,0
2022-07-06 12:40:00,1895,1895,1895,1895,0
2022-07-06 12:41:00,1895,1895,1895,1895,0
2022-07-06 12:42:00,1895,1895,1895,1895,0
2022-07-06 12:43:00,1895,1895,1895,1895,0
2022-07-06 12:44:00,1895,1895,1895,1895,0
2022-07-06 12:45:00,1895,1895,1895,1895,0
2022-07-06 12:46:00,1895,1895,1895,1895,0
2022-07-06 12:47:00,1895,1895,1895,1895,0
2022-07-06 12:48:00,1895,1895,1895,1895,0
2022-07-06 12:49:00,1895,1895,1895,1895,0
2022-07-06 12:50:00,1895,1895,1895,1895,0
2022-07-06 12:51:00,1895,1895,1895,1895,0
2022-07-06 12:52:00,1895,1895,1895,1895,0
2022-07-06 12:53:00,1895,1895,1895,1895,0
2022-07-06 12:54:00,1895,1895,1895,1895,0
2022-07-06 12:55:00,1895,1895,1895,1895,0
2022-07-06 12:56:00,1895,1895,1895,1895,0
2022-07-06 12:57:00,1895,1895,1895,1895,0
2022-07-06 12:58:00,1895,1895,1895,1895,0
2022-07-06 12:59:00,1895,1895,1895,1895,0
2022-07-06 13:00:00,1895,1895,1895,1895,0
2022-07-06 13:01:00,1895,1895,1895,1895,0
2022-07-06 13:02:00,1895,1895,1895,1895,0
2022-07-06 13:03:00,1895,1895,1895,1895,0
2022-07-06 13:04:00,1895,1895,1895,1895,0
2022-07-06 13:05:00,1895,1895,1895,1895,0
2022-07-06 13:06:00,1895,1895,1895,1895,0
2022-07-06 13:07:00,1895,1895,1895,1895,0
2022-07-06 13:08:00,1895,1895,1895,1895,0
2022-07-06 13:09:00,1895,1895,1895,1895,0
2022-07-06 13:10:00,1895,1895,1895,1895,0
2022-07-06 13:11:00,1895,1895,1895,1895,0
2022-07-06 13:12:00,1895,1895,1895,1895,0
2022-07-06 13:13:00,1895,1895,1895,1895,0
2022-07-06 13:14:00,1895,1895,1895,1895,0
2022-07-06 13:15:00,1895,1895,1895,1895,0
2022-07-06 13:16:00,1895,1895,1895,1895,0
2022-07-06 13:17:00,1895,1895,1895,1895,0
2022-07-06 13:18:00,1895,1895,1895,1895,0
2022-07-06 13:19:00,1895,1895,1895,1895,0
2022-07-06 13:20:00,1895,1895,1895,1895,0
2022-07-06 13:21:00,1895,1895,1895,1895,0
2022-07-06 13:22:00,1895,1895,1895,1895,0
2022-07-06 13:23:00,1895,1895,1895,1895,0
2022-07-06 13:24:00,1895,1895,1895,1895,0
2022-07-06 13:25:00,1895,1895,1895,1895,0
2022-07-06 13:26:00,1895,1895,1895,1895,0
2022-07-06 13:27:00,1895,1895,1895,1895,0
2022-07-06 13:28:00,1895,1895,1895,1895,0
2022-07-06 13:29:00,1895,1895,1895,1895,0
2022-07-06 13:30:00,1895,1895,1895,1895,0
2022-07-06 13:31:00,1895,1895,1895,1895,0
2022-07-06 13:32:00,1895,1895,1895,1895,0
2022-07-06 13:33:00,1895,1895,1895,1895,0
2022-07-06 13:34:00,1895,1895,1895,1895,0
2022-07-06 13:35:00,1895,1895,1895,1895,0
2022-07-06 13:36:00,1895,1895,1895,1895,0
2022-07-06 13:37:00,1895,1895,1895,1895,0
2022-07-06 13:38:00,1895,1895,1895,1895,0
2022-07-06 13:39:00,1895,1895,1895,1895,0
2022-07-06 13:40:00,1895,1895,1895,1895,0
2022-07-06 13:41:00,1895,1895,1895,1895,0
2022-07-06 13:42:00,1895,1895,1895,1895,0
2022-07-06 13:43:00,1895,1895,1895,1895,0
2022-07-06 13:44:00,1895,1895,1895,1895,0
2022-07-06 13:45:00,1895,1895,1895,1895,0
2022-07-06 13:46:00,1895,1895,1895,1895,0
2022-07-06 13:47:00,1895,1895,1895,1895,0
2022-07-06 13:48:00,1895,1895,1895,1895,0
2022-07-06 13:49:00,1895,1895,1895,1895,0
2022-07-06 13:50:00,1895,1895,1895,1895,0
2022-07-06 13:51:00,1895,1895,1895,1895,0
2022-07-06 13:52:00,1895,1895,1895,1895,0
2022-07-06 13:53:00,1895,1895,1895,1895,0
2022-07-06 13:54:00,1895,1895,1895,1895,0
2022-07-06 13:55:00,1895,1895,1895,1895,0
2022-07-06 13:56:00,1895,1895,1895,1895,0
2022-07-06 13:57:00,1895,1895,1895,1895,0
2022-07-06 13:58:00,1895,1895,1895,1895,0
2022-07-06 13:59:00,1895,1895,1895,1895,0
2022-07-06 14:00:00,1895,1895,1895,1895,0
2022-07-06 14:01:00,1895,1895,1895,1895,0
2022-07-06 14:02:00,1895,1895,1895,1895,0
2022-07-06 14:03:00,1895,1895,1895,1895,0
2022-07-06 14:04:00,1895,1895,1895,1895,0
2022-07-06 14:05:00,1895,1895,1895,1895,0
2022-07-06 14:06:00,1895,1895,1895,1895,0
2022-07-06 14:07:00,1895,1895,1895,1895,0
2022-07-06 14:08:00,1895,1895,1895,1895,0
2022-07-06 14:09:00,1895,1895,1895,1895,0
2022-07-06 14:10:00,1895,1895,1895,1895,0
2022-07-06 14:11:00,1895,1895,1895,1895,0
2022-07-06 14:12:00,1895,1895,1895,1895,0
2022-07-06 14:13:00,1895,1895,1895,1895,0
2022-07-06 14:14:00,1895,1895,1895,1895,0
2022-07-06 14:15:00,1895,1895,1895,1895,0
2022-07-06 14:16:00,1895,1895,1895,1895,0
2022-07-06 14:17:00,1895,1895,1895,1895,0
2022-07-06 14:18:00,1895,1895,1895,1895,0
2022-07-06 14:19:00,1895,1895,1895,1895,0
2022-07-06 14:20:00,1895,1895,1895,1895,0
2022-07-06 14:21:00,1895,1895,1895,1895,0
2022-07-06 14:22:00,1895,1895,1895,1895,0
2022-07-06 14:23:00,1895,1895,1895,1895,0
2022-07-06 14:24:00,1895,1895,1895,1895,0
2022-07-06 14:25:00,1895,1895,1895,1895,0
2022-07-06 14:26:00,1895,1895,1895,1895,0
2022-07-06 14:27:00,1895,1895,1895,1895,0
2022-07-06 14:28:00,1895,1895,1895,1895,0
2022-07-06 14:29:00,1895,1895,1895,1895,0
2022-07-06 14:30:00,1895,1895,1895,1895,0
2022-07-06 14:31:00,1895,1895,1895,1895,0
2022-07-06 14:32:00,1895,1895,1895,1895,0
2022-07-06 14:33:00,1895,1895,1895,1895,0
2022-07-06 14:34:00,1895,1895,1895,1895,0
2022-07-06 14:35:00,1895,1895,1895,1895,0
2022-07-06 14:36:00,1895,1895,1895,1895,0
2022-07-06 14:37:00,1895,1895,1895,1895,0
2022-07-06 14:38:00,1895,1895,1895,1895,0
2022-07-06 14:39:00,1895,1895,1895,1895,0
2022-07-06 14:40:00,1895,1895,1895,1895,0
2022-07-06 14:41:00,1895,1895,1895,1895,0
2022-07-06 14:42:00,1895,1895,1895,1895,0
2022-07-06 14:43:00,1895,1895,1895,1895,0
2022-07-06 14:44:00,1895,1895,1895,1895,0
2022-07-06 14:45:00,1895,1895,1895,1895,0
2022-07-06 14:46:00,1895,1895,1895,1895,0
2022-07-06 14:47:00,1895,1895,1895,1895,0
2022-07-06 14:48:00,1895,1895,1895,1895,0
2022-07-06 14:49:00,1895,1895,1895,1895,0
2022-07-06 14:50:00,1895,1895,1895,1895,0
2022-07-06 14:51:00,1895,1895,1895,1895,0
2022-07-06 14:52:00,1895,1895,1895,1895,0
2022-07-06 14:53:00,1895,1895,1895,1895,0
2022-07-06 14:54:00,1895,1895,1895,1895,0
2022-07-06 14:55:00,1895,1895,1895,1895,0
2022-07-06 14:56:00,1895,1895,1895,1895,0
2022-07-06 14:57:00,1895,1895,1895,1895,0
2022-07-06 14:58:00,1895,1895,1895,1895,0
2022-07-06 14:59:00,1895,1895,1895,1895,0
2022-07-06 15:00:00,1895,1895,1895,1895,0
2022-07-06 15:01:00,1895,1895,1895,1895,0
2022-07-06 15:02:00,1895,1895,1895,1895,0
2022-07-06 15:03:00,1895,1895,1895,1895,0
2022-07-06 15:04:00,1895,1895,1895,1895,0
2022-07-06 15:05:00,1895,1895,1895,1895,0
2022-07-06 15:06:00,1895,1895,1895,1895,0
2022-07-06 15:07:00,1895,1895,1895,1895,0
2022-07-06 15:08:00,1895,1895,1895,1895,0
2022-07-06 15:09:00,1895,1895,1895,1895,0
2022-07-06 15:10:00,1895,1895,1895,1895,0
2022-07-06 15:11:00,1895,1895,1895,1895,0
2022-07-06 15:12:00,1895,1895,1895,1895,0
2022-07-06 15:13:00,1895,1895,1895,1895,0
2022-07-06 15:14:00,1895,1895,1895,1895,0
2022-07-06 15:15:00,1895,1895,1895,1895,0
2022-07-06 15:16:00,1895,1895,1895,1895,0
2022-07-06 15:17:00,1895,1895,1895,1895,0
2022-07-06 15:18:00,1895,1895,1895,1895,0
2022-07-06 15:19:00,1895,1895,1895,1895,0
2022-07-06 15:20:00,1895,1895,1895,1895,0
2022-07-06 15:21:00,1895,1895,1895,1895,0
2022-07-06 15:22:00,1895,1895,1895,1895,0
2022-07-06 15:23:00,1895,1895,1895,1895,0
2022-07-06 15:24:00,1895,1895,1895,1895,0
2022-07-06 15:25:00,1895,1895,1895,1895,0
2022-07-06 15:26:00,1895,1895,1895,1895,0
2022-07-06 15:27:00,1895,1895,1895,1895,0
2022-07-06 15:28:00,1895,1895,1895,1895,0
2022-07-06 15:29:00,1895,1895,1895,1895,0
2022-07-06 15:30:00,1895,1895,1895,1895,0
2022-07-06 15:31:00,1895,1895,1895,1895,0
2022-07-06 15:32:00,1895,1895,1895,1895,0
2022-07-06 15:33:00,1895,1895,1895,1895,0
2022-07-06 15:34:00,1895,1895,1895,1895,0
2022-07-06 15:35:00,1895,1895,1895,1895,0
2022-07-06 15:36:00,1895,1895,1895,1895,0
2022-07-06 15:37:00,1895,1895,1895,1895,0
2022-07-06 15:38:00,1895,1895,1895,1895,0
2022-07-06 15:39:00,1895,1895,1895,1895,0
2022-07-06 15:40:00,1895,1895,1895,1895,0
2022-07-06 15:41:00,1895,1895,1895,1895,0
2022-07-06 15:42:00,1895,1895,1895,1895,0
2022-07-06 15:43:00,1895,1895,1895,1895,0
2022-07-06 15:44:00,1895,1895,1895,1895,0
2022-07-06 15:45:00,1895,1895,1895,1895,0
2022-07-06 15:46:00,1895,1895,1895,1895,0
2022-07-06 15:47:00,1895,1895,1895,1895,0
2022-07-06 15:48:00,1895,1895,1895,1895,0
2022-07-06 15:49:00,1895,1895,1895,1895,0
2022-07-06 15:50:00,1895,1895,1895,1895,0
2022-07-06 15:51:00,1895,1895,1895,1895,0
2022-07-06 15:52:00,1895,1895,1895,1895,0
2022-07-06 15:53:00,1895,1895,1895,1895,0
2022-07-06 15:54:00,1895,1895,1895,1895,0
2022-07-06 15:55:00,1895,1895,1895,1895,0
2022-07-06 15:56:00,1895,1895,1895,1895,0
2022-07-06 15:57:00,1895,1895,1895,1895,0
2022-07-06 15:58:00,1895,1895,1895,1895,0
2022-07-06 15:59:00,1895,1895,1895,1895,0
2022-07-07 09:00:00,1895,1895,1895,1895,0
2022-07-07 09:01:00,1895,1895,1895,1895,0
2022-07-07 09:02:00,1895,1895,1895,1895,0
2022-07-07 09:03:00,1895,1895,1895,1895,0
2022-07-07 09:04:00,1895,1895,1895,1895,0
2022-07-07 09:05:00,1895,1895,1895,1895,0
2022-07-07 09:06:00,1895,1895,1895,1895,0
2022-07-07 09:07:00,1895,1895,1895,1895,0
2022-07-07 09:08:00,1895,1895,1895,1895,0
2022-07-07 09:09:00,1895,1895,1895,1895,0
2022-07-07 09:10:00,1895,1895,1895,1895,0
2022-07-07 09:11:00,1895,1895,1895,1895,0
2022-07-07 09:12:00,1895,1895,1895,1895,0
2022-07-07 09:13:00,1895,1895,1895,1895,0
2022-07-07 09:14:00,1895,1895,1895,1895,0
2022-07-07 09:15:00,1895,1895,1895,1895,0
2022-07-07 09:16:00,1895,1895,1895,1895,0
2022-07-07 09:17:00,1895,1895,1895,1895,0
2022-07-07 09:18:00,1895,1895,1895,1895,0
2022-07-07 09:19:00,1895,1895,1895,1895,0
2022-07-07 09:20:00,1895,1895,1895,1895,0
2022-07-07 09:21:00,1895,1895,1895,1895,0
2022-07-07 09:22:00,1895,1895,1895,1895,0
2022-07-07 09:23:00,1895,1895,1895,1895,0
2022-07-07 09:24:00,1895,1895,1895,1895,0
2022-07-07 09:25:00,1895,1895,1895,1895,0
2022-07-07 09:26:00,1895,1895,1895,1895,0
2022-07-07 09:27:00,1895,1895,1895,1895,0
2022-07-07 09:28:00,1895,1895,1895,1895,0
2022-07-07 09:29:00,1895,1895,1895,1895,0
2022-07-07 09:30:00,1895,1895,1895,1895,0
2022-07-07 09:31:00,1895,1895,1895,1895,0
2022-07-07 09:32:00,1895,1895,1895,1895,0
2022-07-07 09:33:00,1895,1895,1895,1895,0
2022-07-07 09:34:00,1895,1895,1895,1895,0
2022-07-07 09:35:00,1895,1895,1895,1895,0
2022-07-07 09:36:00,1895,1895,1895,1895,0
2022-07-07 09:37:00,1895,1895,1895,1895,0
2022-07-07 09:38:00,1895,1895,1895,1895,0
2022-07-07 09:39:00,1895,1895,1895,1895,0
2022-07-07 09:40:00,1895,1895,1895,1895,0
2022-07-07 09:41:00,1895,1895,1895,1895,0
2022-07-07 09:42:00,1895,1895,1895,1895,0
2022-07-07 09:43:00,1895,1895,1895,1895,0
2022-07-07 09:44:00,1895,1895,1895,1895,0
2022-07-07 09:45:00,1895,1895,1895,1895,0
2022-07-07 09:46:00,1895,1895,1895,1895,0
2022-07-07 09:47:00,1895,1895,1895,1895,0
2022-07-07 09:48:00,1895,1895,1895,1895,0
2022-07-07 09:49:00,1895,1895,1895,1895,0
2022-07-07 09:50:00,1895,1895,1895,1895,0
2022-07-07 09:51:00,1895,1895,1895,1895,0
2022-07-07 09:52:00,1895,1895,1895,1895,0
2022-07-07 09:53:00,1895,1895,1895,1895,0
2022-07-07 09:54:00,1895,1895,1895,1895,0
2022-07-07 09:55:00,1895,1895,1895,1895,0
2022-07-07 09:56:00,1895,1895,1895,1895,0
2022-07-07 09:57:00,1895,1895,1895,1895,0
2022-07-07 09:58:00,1895,1895,1895,1895,0
2022-07-07 09:59:00,1895,1895,1895,1895,0
2022-07-07 10:00:00,1895,1895,1895,1895,0
2022-07-07 10:01:00,1895,1895,1895,1895,0
2022-07-07 10:02:00,1895,1895,1895,1895,0
2022-07-07 10:03:00,1895,1895,1895,1895,0
2022-07-07 10:04:00,1895,1895,1895,1895,0
2022-07-07 10:05:00,1895,1895,1895,1895,0
2022-07-07 10:06:00,1895,1895,1895,1895,0
2022-07-07 10:07:00,1895,1895,1895,1895,0
2022-07-07 10:08:00,1895,1895,1895,1895,0
2022-07-07 10:09:00,1895,1895,1895,1895,0
2022-07-07 10:10:00,1895,1895,1895,1895,0
2022-07-07 10:11:00,1895,1895,1895,1895,0
2022-07-07 10:12:00,1895,1895,1895,1895,0
2022-07-07 10:13:00,1895,1895,1895,1895,0
2022-07-07 10:14:00,1895,1895,1895,1895,0
2022-07-07 10:15:00,1895,1895,1895,1895,0
2022-07-07 10:16:00,1895,1895,1895,1895,0
2022-07-07 10:17:00,1895,1895,1895,1895,0
2022-07-07 10:18:00,1895,1895,1895,1895,0
2022-07-07 10:19:00,1895,1895,1895,1895,0
2022-07-07 10:20:00,1895,1895,1895,1895,0
2022-07-07 10:21:00,1895,1895,1895,1895,0
2022-07-07 10:22:00,1895,1895,1895,1895,0
2022-07-07 10:23:00,1895,1895,1895,1895,0
2022-07-07 10:24:00,1895,1895,1895,1895,0
2022-07-07 10:25:00,1895,1895,1895,1895,0
2022-07-07 10:26:00,1895,1895,1895,1895,0
2022-07-07 10:27:00,1895,1895,1895,1895,0
2022-07-07 10:28:00,1895,1895,1895,1895,0
2022-07-07 10:29:00,1895,1895,1895,1895,0
2022-07-07 10:30:00,1895,1895,1895,1895,0
2022-07-07 10:31:00,1895,1895,1895,1895,0
2022-07-07 10:32:00,1895,1895,1895,1895,0
2022-07-07 10:33:00,1895,1895,1895,1895,0
2022-07-07 10:34:00,1895,1895,1895,1895,0
2022-07-07 10:35:00,1895,1895,1895,1895,0
2022-07-07 10:36:00,1895,1895,1895,1895,0
2022-07-07 10:37:00,1895,1895,1895,1895,0
2022-07-07 10:38:00,1895,1895,1895,1895,0
2022-07-07 10:39:00,1895,1895,1895,1895,0
2022-07-07 10:40:00,1895,1895,1895,1895,0
2022-07-07 10:41:00,1895,1895,1895,1895,0
2022-07-07 10:42:00,1895,1895,1895,1895,0
2022-07-07 10:43:00,1895,1895,1895,1895,0
2022-07-07 10:44:00,1895,1895,1895,1895,0
2022-07-07 10:45:00,1895,1895,1895,1895,0
2022-07-07 10:46:00,1895,1895,1895,1895,0
2022-07-07 10:47:00,1895,1895,1895,1895,0
2022-07-07 10:48:00,1895,1895,1895,1895,0
2022-07-07 10:49:00,1895,1895,1895,1895,0
2022-07-07 10:50:00,1895,1895,1895,1895,0
2022-07-07 10:51:00,1895,1895,1895,1895,0
2022-07-07 10:52:00,1895,1895,1895,1895,0
2022-07-07 10:53:00,1895,1895,1895,1895,0
2022-07-07 10:54:00,1895,1895,1895,1895,0
2022-07-07 10:55:00,1895,1895,1895,1895,0
2022-07-07 10:56:00,1895,1895,1895,1895,0
2022-07-07 10:57:00,1895,1895,1895,1895,0
2022-07-07 10:58:00,1895,1895,1895,1895,0
2022-07-07 10:59:00,1895,1895,1895,1895,0
2022-07-07 11:00:00,1895,1895,1895,1895,0
2022-07-07 11:01:00,1895,1895,1895,1895,0
2022-07-07 11:02:00,1895,1895,1895,1895,0
2022-07-07 11:03:00,1895,1895,1895,1895,0
2022-07-07 11:04:00,1895,1895,1895,1895,0
2022-07-07 11:05:00,1895,1895,1895,1895,0
2022-07-07 11:06:00,1895,1895,1895,1895,0
2022-07-07 11:07:00,1895,1895,1895,1895,0
2022-07-07 11:08:00,1895,1895,1895,1895,0
2022-07-07 11:09:00,1895,1895,1895,1895,0
2022-07-07 11:10:00,1895,1895,1895,1895,0
2022-07-07 11:11:00,1895,1895,1895,1895,0
2022-07-07 11:12:00,1895,1895,1895,1895,0
2022-07-07 11:13:00,1895,1895,1895,1895,0
2022-07-07 11:14:00,1895,1895,1895,1895,0
2022-07-07 11:15:00,1895,1895,1895,1895,0
2022-07-07 11:16:00,1895,1895,1895,1895,0
2022-07-07 11:17:00,1895,1895,1895,1895,0
2022-07-07 11:18:00,1895,1895,1895,1895,0
2022-07-07 11:19:00,1895,1895,1895,1895,0
2022-07-07 11:20:00,1895,1895,1895,1895,0
2022-07-07 11:21:00,1895,1895,1895,1895,0
2022-07-07 11:22:00,1895,1895,1895,1895,0
2022-07-07 11:23:00,1895,1895,1895,1895,0
2022-07-07 11:24:00,1895,1895,1895,1895,0
2022-07-07 11:25:00,1895,1895,1895,1895,0
2022-07-07 11:26:00,1895,1895,1895,1895,0
2022-07-07 11:27:00,1895,1895,1895,1895,0
2022-07-07 11:28:00,1895,1895,1895,1895,0
2022-07-07 11:29:00,1895,1895,1895,1895,0
2022-07-07 11:30:00,1895,1895,1895,1895,0
2022-07-07 11:31:00,1895,1895,1895,1895,0
2022-07-07 11:32:00,1895,1895,1895,1895,0
2022-07-07 11:33:00,1895,1895,1895,1895,0
2022-07-07 11:34:00,1895,1895,1895,1895,0
2022-07-07 11:35:00,1895,1895,1895,1895,0
2022-07-07 11:36:00,1895,1895,1895,1895,0
2022-07-07 11:37:00,1895,1895,1895,1895,0
2022-07-07 11:38:00,1895,1895,1895,1895,0
2022-07-07 11:39:00,1895,1895,1895,1895,0
2022-07-07 11:40:00,1895,1895,1895,1895,0
2022-07-07 11:41:00,1895,1895,1895,1895,0
2022-07-07 11:42:00,1895,1895,1895,1895,0
2022-07-07 11:43:00,1895,1895,1895,1895,0
2022-07-07 11:44:00,1895,1895,1895,1895,0
2022-07-07 11:45:00,1895,1895,1895,1895,0
2022-07-07 11:46:00,1895,1895,1895,1895,0
2022-07-07 11:47:00,1895,1895,1895,1895,0
2022-07-07 11:48:00,1895,1895,1895,1895,0
2022-07-07 11:49:00,1895,1895,1895,1895,0
2022-07-07 11:50:00,1895,1895,1895,1895,0
2022-07-07 11:51:00,1895,1895,1895,1895,0
2022-07-07 11:52:00,1895,1895,1895,1895,0
2022-07-07 11:53:00,1895,1895,1895,1895,0
2022-07-07 11:54:00,1895,1895,1895,1895,0
2022-07-07 11:55:00,1895,1895,1895,1895,0
2022-07-07 11:56:00,1895,1895,1895,1895,0
2022-07-07 11:57:00,1895,1895,1895,1895,0
2022-07-07 11:58:00,1895,1895,1895,1895,0
2022-07-07 11:59:00,1895,1895,1895,1895,0
2022-07-07 12:00:00,1895,1895,1895,1895,0
2022-07-07 12:01:00,1895,1895,1895,1895,0
2022-07-07 12:02:00,1895,1895,1895,1895,0
2022-07-07 12:03:00,1895,1895,1895,1895,0
2022-07-07 12:04:00,1895,1895,1895,1895,0
2022-07-07 12:05:00,1895,1895,1895,1895,0
2022-07-07 12:06:00,1895,1895,1895,1895,0
2022-07-07 12:07:00,1895,1895,1895,1895,0
2022-07-07 12:08:00,1895,1895,1895,1895,0
2022-07-07 12:09:00,1895,1895,1895,1895,0
2022-07-07 12:10:00,1895,1895,1895,1895,0
2022-07-07 12:11:00,1895,1895,1895,1895,0
2022-07-07 12:12:00,1895,1895,1895,1895,0
2022-07-07 12:13:00,1895,1895,1895,1895,0
2022-07-07 12:14:00,1895,1895,1895,1895,0
2022-07-07 12:15:00,1895,1895,1895,1895,0
2022-07-07 12:16:00,1895,1895,1895,1895,0
2022-07-07 12:17:00,1895,1895,1895,1895,0
2022-07-07 12:18:00,1895,1895,1895,1895,0
2022-07-07 12:19:00,1895,1895,1895,1895,0
2022-07-07 12:20:00,1895,1895,1895,1895,0
2022-07-07 12:21:00,1895,1895,1895,1895,0
2022-07-07 12:22:00,1895,1895,1895,1895,0
2022-07-07 12:23:00,1895,1895,1895,1895,0
2022-07-07 12:24:00,1895,1895,1895,1895,0
2022-07-07 12:25:00,1895,1895,1895,1895,0
2022-07-07 12:26:00,1895,1895,1895,1895,0
2022-07-07 12:27:00,1895,1895,1895,1895,0
2022-07-07 12:28:00,1895,1895,1895,1895,0
2022-07-07 12:29:00,1895,1895,1895,1895,0
2022-07-07 12:30:00,1895,1895,1895,1895,0
2022-07-07 12:31:00,1895,1895,1895,1895,0
2022-07-07 12:32:00,1895,1895,1895,1895,0
2022-07-07 12:33:00,1895,1895,1895,1895,0
2022-07-07 12:34:00,1895,1895,1895,1895,0
2022-07-07 12:35:00,1895,1895,1895,1895,0
2022-07-07 12:36:00,1895,1895,1895,1895,0
2022-07-07 12:37:00,1895,1895,1895,1895,0
2022-07-07 12:38:00,1895,1895,1895,1895,0
2022-07-07 12:39:00,1895,1895,1895,1895,0
2022-07-07 12:40:00,1895,1895,1895,1895,0
2022-07-07 12:41:00,1895,1895,1895,1895,0
2022-07-07 12:42:00,1895,1895,1895,1895,0
2022-07-07 12:43:00,1895,1895,1895,1895,0
2022-07-07 12:44:00,1895,1895,1895,1895,0
2022-07-07 12:45:00,1895,1895,1895,1895,0
2022-07-07 12:46:00,1895,1895,1895,1895,0
2022-07-07 12:47:00,1895,1895,1895,1895,0
2022-07-07 12:48:00,1895,1895,1895,1895,0
2022-07-07 12:49:00,1895,1895,1895,1895,0
2022-07-07 12:50:00,1895,1895,1895,1895,0
2022-07-07 12:51:00,1895,1895,1895,1895,0
2022-07-07 12:52:00,1895,1895,1895,1895,0
2022-07-07 12:53:00,1895,1895,1895,1895,0
2022-07-07 12:54:00,1895,1895,1895,1895,0
2022-07-07 12:55:00,1895,1895,1895,1895,0
2022-07-07 12:56:00,1895,1895,1895,1895,0
2022-07-07 12:57:00,1895,1895,1895,1895,0
2022-07-07 12:58:00,1895,1895,1895,1895,0
2022-07-07 12:59:00,1895,1895,1895,1895,0
2022-07-07 13:00:00,1895,1895,1895,1895,0
2022-07-07 13:01:00,1895,1895,1895,1895,0
2022-07-07 13:02:00,1895,1895,1895,1895,0
2022-07-07 13:03:00,1895,1895,1895,1895,0
2022-07-07 13:04:00,1895,1895,1895,1895,0
2022-07-07 13:05:00,1895,1895,1895,1895,0
2022-07-07 13:06:00,1895,1895,1895,1895,0
2022-07-07 13:07:00,1895,1895,1895,1895,0
2022-07-07 13:08:00,1895,1895,1895,1895,0
2022-07-07 13:09:00,1895,1895,1895,1895,0
2022-07-07 13:10:00,1895,1895,1895,1895,0
2022-07-07 13:11:00,1895,1895,1895,1895,0
2022-07-07 13:12:00,1895,1895,1895,1895,0
2022-07-07 13:13:00,1895,1895,1895,1895,0
2022-07-07 13:14:00,1895,1895,1895,1895,0
2022-07-07 13:15:00,1895,1895,1895,1895,0
2022-07-07 13:16:00,1895,1895,1895,1895,0
2022-07-07 13:17:00,1895,1895,1895,1895,0
2022-07-07 13:18:00,1895,1895,1895,1895,0
2022-07-07 13:19:00,1895,1895,1895,1895,0
2022-07-07 13:20:00,1895,1895,1895,1895,0
2022-07-07 13:21:00,1895,1895,1895,1895,0
2022-07-07 13:22:00,1895,1895,1895,1895,0
2022-07-07 13:23:00,1895,1895,1895,1895,0
2022-07-07 13:24:00,1895,1895,1895,1895,0
2022-07-07 13:25:00,1895,1895,1895,1895,0
2022-07-07 13:26:00,1895,1895,1895,1895,0
2022-07-07 13:27:00,1895,1895,1895,1895,0
2022-07-07 13:28:00,1895,1895,1895,1895,0
2022-07-07 13:29:00,1895,1895,1895,1895,0
2022-07-07 13:30:00,1895,1895,1895,1895,0
2022-07-07 13:31:00,1895,1895,1895,1895,0
2022-07-07 13:32:00,1895,1895,1895,1895,0
2022-07-07 13:33:00,1895,1895,1895,1895,0
2022-07-07 13:34:00,1895,1895,1895,1895,0
2022-07-07 13:35:00,1895,1895,1895,1895,0
2022-07-07 13:36:00,1895,1895,1895,1895,0
2022-07-07 13:37:00,1895,1895,1895,1895,0
2022-07-07 13:38:00,1895,1895,1895,1895,0
2022-07-07 13:39:00,1895,1895,1895,1895,0
2022-07-07 13:40:00,1895,1895,1895,1895,0
2022-07-07 13:41:00,1895,1895,1895,1895,0
2022-07-07 13:42:00,1895,1895,1895,1895,0
2022-07-07 13:43:00,1895,1895,1895,1895,0
2022-07-07 13:44:00,1895,1895,1895,1895,0
2022-07-07 13:45:00,1895,1895,1895,1895,0
2022-07-07 13:46:00,1895,1895,1895,1895,0
2022-07-07 13:47:00,1895,1895,1895,1895,0
2022-07-07 13:48:00,1895,1895,1895,1895,0
2022-07-07 13:49:00,1895,1895,1895,1895,0
2022-07-07 13:50:00,1895,1895,1895,1895,0
2022-07-07 13:51:00,1895,1895,1895,1895,0
2022-07-07 13:52:00,1895,1895,1895,1895,0
2022-07-07 13:53:00,1895,1895,1895,1895,0
2022-07-07 13:54:00,1895,1895,1895,1895,0
2022-07-07 13:55:00,1895,1895,1895,1895,0
2022-07-07 13:56:00,1895,1895,1895,1895,0
2022-07-07 13:57:00,1895,1895,1895,1895,0
2022-07-07 13:58:00,1895,1895,1895,1895,0
2022-07-07 13:59:00,1895,1895,1895,1895,0
2022-07-07 14:00:00,1895,1895,1895,1895,0
2022-07-07 14:01:00,1895,1895,1895,1895,0
2022-07-07 14:02:00,1895,1895,1895,1895,0
2022-07-07 14:03:00,1895,1895,1895,1895,0
2022-07-07 14:04:00,1895,1895,1895,1895,0
2022-07-07 14:05:00,1895,1895,1895,1895,0
2022-07-07 14:06:00,1895,1895,1895,1895,0
2022-07-07 14:07:00,1895,1895,1895,1895,0
2022-07-07 14:08:00,1895,1895,1895,1895,0
2022-07-07 14:09:00,1895,1895,1895,1895,0
2022-07-07 14:10:00,1895,1895,1895,1895,0
2022-07-07 14:11:00,1895,1895,1895,1895,0
2022-07-07 14:12:00,1895,1895,1895,1895,0
2022-07-07 14:13:00,1895,1895,1895,1895,0
2022-07-07 14:14:00,1895,1895,1895,1895,0
2022-07-07 14:15:00,1895,1895,1895,1895,0
2022-07-07 14:16:00,1895,1895,1895,1895,0
2022-07-07 14:17:00,1895,1895,1895,1895,0
2022-07-07 14:18:00,1895,1895,1895,1895,0
2022-07-07 14:19:00,1895,1895,1895,1895,0
2022-07-07 14:20:00,1895,1895,1895,1895,0
2022-07-07 14:21:00,1895,1895,1895,1895,0
2022-07-07 14:22:00,1895,1895,1895,1895,0
2022-07-07 14:23:00,1895,1895,1895,1895,0
2022-07-07 14:24:00,1895,1895,1895,1895,0
2022-07-07 14:25:00,1895,1895,1895,1895,0
2022-07-07 14:26:00,1895,1895,1895,1895,0
2022-07-07 14:27:00,1895,1895,1895,1895,0
2022-07-07 14:28:00,1895,1895,1895,1895,0
2022-07-07 14:29:00,1895,1895,1895,1895,0
2022-07-07 14:30:00,1895,1895,1895,1895,0
2022-07-07 14:31:00,1895,1895,1895,1895,0
2022-07-07 14:32:00,1895,1895,1895,1895,0
2022-07-07 14:33:00,1895,1895,1895,1895,0
2022-07-07 14:34:00,1895,1895,1895,1895,0
2022-07-07 14:35:00,1895,1895,1895,1895,0
2022-07-07 14:36:00,1895,1895,1895,1895,0
2022-07-07 14:37:00,1895,1895,1895,1895,0
2022-07-07 14:38:00,1895,1895,1895,1895,0
2022-07-07 14:39:00,1895,1895,1895,1895,0
2022-07-07 14:40:00,1895,1895,1895,1895,0
2022-07-07 14:41:00,1895,1895,1895,1895,0
2022-07-07 14:42:00,1895,1895,1895,1895,0
2022-07-07 14:43:00,1895,1895,1895,1895,0
2022-07-07 14:44:00,1895,1895,1895,1895,0
2022-07-07 14:45:00,1895,1895,1895,1895,0
2022-07-07 14:46:00,1895,1895,1895,1895,0
2022-07-07 14:47:00,1895,1895,1895,1895,0
2022-07-07 14:48:00,1895,1895,1895,1895,0
2022-07-07 14:49:00,1895,1895,1895,1895,0
2022-07-07 14:50:00,1895,1895,1895,1895,0
2022-07-07 14:51:00,1895,1895,1895,1895,0
2022-07-07 14:52:00,1895,1895,1895,1895,0
2022-07-07 14:53:00,1895,1895,1895,1895,0
2022-07-07 14:54:00,1895,1895,1895,1895,0
2022-07-07 14:55:00,1895,1895,1895,1895,0
2022-07-07 14:56:00,1895,1895,1895,1895,0
2022-07-07 14:57:00,1895,1895,1895,1895,0
2022-07-07 14:58:00,1895,1895,1895,1895,0
2022-07-07 14:59:00,1895,1895,1895,1895,0
2022-07-07 15:00:00,1895,1895,1895,1895,0
2022-07-07 15:01:00,1895,1895,1895,1895,0
2022-07-07 15:02:00,1895,1895,1895,1895,0
2022-07-07 15:03:00,1895,1895,1895,1895,0
2022-07-07 15:04:00,1895,1895,1895,1895,0
2022-07-07 15:05:00,1895,1895,1895,1895,0
2022-07-07 15:06:00,1895,1895,1895,1895,0
2022-07-07 15:07:00,1895,1895,1895,1895,0
2022-07-07 15:08:00,1895,1895,1895,1895,0
2022-07-07 15:09:00,1895,1895,1895,1895,0
2022-07-07 15:10:00,1895,1895,1895,1895,0
2022-07-07 15:11:00,1895,1895,1895,1895,0
2022-07-07 15:12:00,1895,1895,1895,1895,0
2022-07-07 15:13:00,1895,1895,1895,1895,0
2022-07-07 15:14:00,1895,1895,1895,1895,0
2022-07-07 15:15:00,1895,1895,1895,1895,0
2022-07-07 15:16:00,1895,1895,1895,1895,0
2022-07-07 15:17:00,1895,1895,1895,1895,0
2022-07-07 15:18:00,1895,1895,1895,1895,0
2022-07-07 15:19:00,1895,1895,1895,1895,0
2022-07-07 15:20:00,1895,1895,1895,1895,0
2022-07-07 15:21:00,1895,1895,1895,1895,0
2022-07-07 15:22:00,1895,1895,1895,1895,0
2022-07-07 15:23:00,1895,1895,1895,1895,0
2022-07-07 15:24:00,1895,1895,1895,1895,0
2022-07-07 15:25:00,1895,1895,1895,1895,0
2022-07-07 15:26:00,1895,1895,1895,1895,0
2022-07-07 15:27:00,1895,1895,1895,1895,0
2022-07-07 15:28:00,1895,1895,1895,1895,0
2022-07-07 15:29:00,1895,1895,1895,1895,0
2022-07-07 15:30:00,1895,1895,1895,1895,0
2022-07-07 15:31:00,1895,1895,1895,1895,0
2022-07-07 15:32:00,1895,1895,1895,1895,0
2022-07-07 15:33:00,1895,1895,1895,1895,0
2022-07-07 15:34:00,1895,1895,1895,1895,0
2022-07-07 15:35:00,1895,1895,1895,1895,0
2022-07-07 15:36:00,1895,1895,1895,1895,0
2022-07-07 15:37:00,1895,1895,1895,1895,0
2022-07-07 15:38:00,1895,1895,1895,1895,0
2022-07-07 15:39:00,1895,1895,1895,1895,0
2022-07-07 15:40:00,1895,1895,1895,1895,0
2022-07-07 15:41:00,1895,1895,1895,1895,0
2022-07-07 15:42:00,1895,1895,1895,1895,0
2022-07-07 15:43:00,1895,1895,1895,1895,0
2022-07-07 15:44:00,1895,1895,1895,1895,0
2022-07-07 15:45:00,1895,1895,1895,1895,0
2022-07-07 15:46:00,1895,1895,1895,1895,0
2022-07-07 15:47:00,1895,1895,1895,1895,0
2022-07-07 15:48:00,1895,1895,1895,1895,0
2022-07-07 15:49:00,1895,1895,1895,1895,0
2022-07-07 15:50:00,1895,1895,1895,1895,0
2022-07-07 15:51:00,1895,1895,1895,1895,0
2022-07-07 15:52:00,1895,1895,1895,1895,0
2022-07-07 15:53:00,1895,1895,1895,1895,0
2022-07-07 15:54:00,1895,1895,1895,1895,0
2022-07-07 15:55:00,1895,1895,1895,1895,0
2022-07-07 15:56:00,1895,1895,1895,1895,0
2022-07-07 15:57:00,1895,1895,1895,1895,0
2022-07-07 15:58:00,1895,1895,1895,1895,0
2022-07-07 15:59:00,1895,1895,1895,1895,0
2022-07-08 09:00:00,1895,1895,1895,1895,0
2022-07-08 09:01:00,1895,1895,1895,1895,0
2022-07-08 09:02:00,1895,1895,1895,1895,0
2022-07-08 09:03:00,1895,1895,1895,1895,0
2022-07-08 09:04:00,1895,1895,1895,1895,0
2022-07-08 09:05:00,1895,1895,1895,1895,0
2022-07-08 09:06:00,1895,1895,1895,1895,0
2022-07-08 09:07:00,1895,1895,1895,1895,0
2022-07-08 09:08:00,1895,1895,1895,1895,0
2022-07-08 09:09:00,1895,1895,1895,1895,0
2022-07-08 09:10:00,1895,1895,1895,1895,0
2022-07-08 09:11:00,1895,1895,1895,1895,0
2022-07-08 09:12:00,1895,1895,1895,1895,0
2022-07-08 09:13:00,1895,1895,1895,1895,0
2022-07-08 09:14:00,1895,1895,1895,1895,0
2022-07-08 09:15:00,1895,1895,1895,1895,0
2022-07-08 09:16:00,1895,1895,1895,1895,0
2022-07-08 09:17:00,1895,1895,1895,1895,0
2022-07-08 09:18:00,1895,1895,1895,1895,0
2022-07-08 09:19:00,1895,1895,1895,1895,0
2022-07-08 09:20:00,1895,1895,1895,1895,0
2022-07-08 09:21:00,1895,1895,1895,1895,0
2022-07-08 09:22:00,1895,1895,1895,1895,0
2022-07-08 09:23:00,1895,1895,1895,1895,0
2022-07-08 09:24:00,1895,1895,1895,1895,0
2022-07-08 09:25:00,1895,1895,1895,1895,0
2022-07-08 09:26:00,1895,1895,1895,1895,0
2022-07-08 09:27:00,1895,1895,1895,1895,0
2022-07-08 09:28:00,1895,1895,1895,1895,0
2022-07-08 09:29:00,1895,1895,1895,1895,0
2022-07-08 09:30:00,1895,1895,1895,1895,0
2022-07-08 09:31:00,1895,1895,1895,1895,0
2022-07-08 09:32:00,1895,1895,1895,1895,0
2022-07-08 09:33:00,1895,1895,1895,1895,0
2022-07-08 09:34:00,1895,1895,1895,1895,0
2022-07-08 09:35:00,1895,1895,1895,1895,0
2022-07-08 09:36:00,1895,1895,1895,1895,0
2022-07-08 09:37:00,1895,1895,1895,1895,0
2022-07-08 09:38:00,1895,1895,1895,1895,0
2022-07-08 09:39:00,1895,1895,1895,1895,0
2022-07-08 09:40:00,1895,1895,1895,1895,0
2022-07-08 09:41:00,1895,1895,1895,1895,0
2022-07-08 09:42:00,1895,1895,1895,1895,0
2022-07-08 09:43:00,1895,1895,1895,1895,0
2022-07-08 09:44:00,1895,1895,1895,1895,0
2022-07-08 09:45:00,1895,1895,1895,1895,0
2022-07-08 09:46:00,1895,1895,1895,1895,0
2022-07-08 09:47:00,1895,1895,1895,1895,0
2022-07-08 09:48:00,1895,1895,1895,1895,0
2022-07-08 09:49:00,1895,1895,1895,1895,0
2022-07-08 09:50:00,1895,1895,1895,1895,0
2022-07-08 09:51:00,1895,1895,1895,1895,0
2022-07-08 09:52:00,1895,1895,1895,1895,0
2022-07-08 09:53:00,1895,1895,1895,1895,0
2022-07-08 09:54:00,1895,1895,1895,1895,0
2022-07-08 09:55:00,1895,1895,1895,1895,0
2022-07-08 09:56:00,1895,1895,1895,1895,0
2022-07-08 09:57:00,1895,1895,1895,1895,0
2022-07-08 09:58:00,1895,1895,1895,1895,0
2022-07-08 09:59:00,1895,1895,1895,1895,0
2022-07-08 10:00:00,1895,1895,1895,1895,0
2022-07-08 10:01:00,1895,1895,1895,1895,0
2022-07-08 10:02:00,1895,1895,1895,1895,0
2022-07-08 10:03:00,1895,1895,1895,1895,0
2022-07-08 10:04:00,1895,1895,1895,1895,0
2022-07-08 10:05:00,1895,1895,1895,1895,0
2022-07-08 10:06:00,1895,1895,1895,1895,0
2022-07-08 10:07:00,1895,1895,1895,1895,0
2022-07-08 10:08:00,1895,1895,1895,1895,0
2022-07-08 10:09:00,1895,1895,1895,1895,0
2022-07-08 10:10:00,1895,1895,1895,1895,0
2022-07-08 10:11:00,1895,1895,1895,1895,0
2022-07-08 10:12:00,1895,1895,1895,1895,0
2022-07-08 10:13:00,1895,1895,1895,1895,0
2022-07-08 10:14:00,1895,1895,1895,1895,0
2022-07-08 10:15:00,1895,1895,1895,1895,0
2022-07-08 10:16:00,1895,1895,1895,1895,0
2022-07-08 10:17:00,1895,1895,1895,1895,0
2022-07-08 10:18:00,1895,1895,1895,1895,0
2022-07-08 10:19:00,1895,1895,1895,1895,0
2022-07-08 10:20:00,1895,1895,1895,1895,0
2022-07-08 10:21:00,1895,1895,1895,1895,0
2022-07-08 10:22:00,1895,1895,1895,1895,0
2022-07-08 10:23:00,1895,1895,1895,1895,0
2022-07-08 10:24:00,1895,1895,1895,1895,0
2022-07-08 10:25:00,1895,1895,1895,1895,0
2022-07-08 10:26:00,1895,1895,1895,1895,0
2022-07-08 10:27:00,1895,1895,1895,1895,0
2022-07-08 10:28:00,1895,1895,1895,1895,0
2022-07-08 10:29:00,1895,1895,1895,1895,0
2022-07-08 10:30:00,1895,1895,1895,1895,0
2022-07-08 10:31:00,1895,1895,1895,1895,0
2022-07-08 10:32:00,1895,1895,1895,1895,0
2022-07-08 10:33:00,1895,1895,1895,1895,0
2022-07-08 10:34:00,1895,1895,1895,1895,0
2022-07-08 10:35:00,1895,1895,1895,1895,0
2022-07-08 10:36:00,1895,1895,1895,1895,0
2022-07-08 10:37:00,1895,1895,1895,1895,0
2022-07-08 10:38:00,1895,1895,1895,1895,0
2022-07-08 10:39:00,1895,1895,1895,1895,0
2022-07-08 10:40:00,1895,1895,1895,1895,0
2022-07-08 10:41:00,1895,1895,1895,1895,0
2022-07-08 10:42:00,1895,1895,1895,1895,0
2022-07-08 10:43:00,1895,1895,1895,1895,0
2022-07-08 10:44:00,1895,1895,1895,1895,0
2022-07-08 10:45:00,1895,1895,1895,1895,0
2022-07-08 10:46:00,1895,1895,1895,1895,0
2022-07-08 10:47:00,1895,1895,1895,1895,0
2022-07-08 10:48:00,1895,1895,1895,1895,0
2022-07-08 10:49:00,1895,1895,1895,1895,0
2022-07-08 10:50:00,1895,1895,1895,1895,0
2022-07-08 10:51:00,1895,1895,1895,1895,0
2022-07-08 10:52:00,1895,1895,1895,1895,0
2022-07-08 10:53:00,1895,1895,1895,1895,0
2022-07-08 10:54:00,1895,1895,1895,1895,0
2022-07-08 10:55:00,1895,1895,1895,1895,0
2022-07-08 10:56:00,1895,1895,1895,1895,0
2022-07-08 10:57:00,1895,1895,1895,1895,0
2022-07-08 10:58:00,1895,1895,1895,1895,0
2022-07-08 10:59:00,1895,1895,1895,1895,0
2022-07-08 11:00:00,1895,1895,1895,1895,0
2022-07-08 11:01:00,1895,1895,1895,1895,0
2022-07-08 11:02:00,1895,1895,1895,1895,0
2022-07-08 11:03:00,1895,1895,1895,1895,0
2022-07-08 11:04:00,1895,1895,1895,1895,0
2022-07-08 11:05:00,1895,1895,1895,1895,0
2022-07-08 11:06:00,1895,1895,1895,1895,0
2022-07-08 11:07:00,1895,1895,1895,1895,0
2022-07-08 11:08:00,1895,1895,1895,1895,0
2022-07-08 11:09:00,1895,1895,1895,1895,0
2022-07-08 11:10:00,1895,1895,1895,1895,0
2022-07-08 11:11:00,1895,1895,1895,1895,0
2022-07-08 11:12:00,1895,1895,1895,1895,0
2022-07-08 11:13:00,1895,1895,1895,1895,0
2022-07-08 11:14:00,1895,1895,1895,1895,0
2022-07-08 11:15:00,1895,1895,1895,1895,0
2022-07-08 11:16:00,1895,1895,1895,1895,0
2022-07-08 11:17:00,1895,1895,1895,1895,0
2022-07-08 11:18:00,1895,1895,1895,1895,0
2022-07-08 11:19:00,1895,1895,1895,1895,0
2022-07-08 11:20:00,1895,1895,1895,1895,0
2022-07-08 11:21:00,1895,1895,1895,1895,0
2022-07-08 11:22:00,1895,1895,1895,1895,0
2022-07-08 11:23:00,1895,1895,1895,1895,0
2022-07-08 11:24:00,1895,1895,1895,1895,0
2022-07-08 11:25:00,1895,1895,1895,1895,0
2022-07-08 11:26:00,1895,1895,1895,1895,0
2022-07-08 11:27:00,1895,1895,1895,1895,0
2022-07-08 11:28:00,1895,1895,1895,1895,0
2022-07-08 11:29:00,1895,1895,1895,1895,0
2022-07-08 11:30:00,1895,1895,1895,1895,0
2022-07-08 11:31:00,1895,1895,1895,1895,0
2022-07-08 11:32:00,1895,1895,1895,1895,0
2022-07-08 11:33:00,1895,1895,1895,1895,0
2022-07-08 11:34:00,1895,1895,1895,1895,0
2022-07-08 11:35:00,1895,1895,1895,1895,0
2022-07-08 11:36:00,1895,1895,1895,1895,0
2022-07-08 11:37:00,1895,1895,1895,1895,0
2022-07-08 11:38:00,1895,1895,1895,1895,0
2022-07-08 11:39:00,1895,1895,1895,1895,0
2022-07-08 11:40:00,1895,1895,1895,1895,0
2022-07-08 11:41:00,1895,1895,1895,1895,0
2022-07-08 11:42:00,1895,1895,1895,1895,0
2022-07-08 11:43:00,1895,1895,1895,1895,0
2022-07-08 11:44:00,1895,1895,1895,1895,0
2022-07-08 11:45:00,1895,1895,1895,1895,0
2022-07-08 11:46:00,1895,1895,1895,1895,0
2022-07-08 11:47:00,1895,1895,1895,1895,0
2022-07-08 11:48:00,1895,1895,1895,1895,0
2022-07-08 11:49:00,1895,1895,1895,1895,0
2022-07-08 11:50:00,1895,1895,1895,1895,0
2022-07-08 11:51:00,1895,1895,1895,1895,0
2022-07-08 11:52:00,1895,1895,1895,1895,0
2022-07-08 11:53:00,1895,1895,1895,1895,0
2022-07-08 11:54:00,1895,1895,1895,1895,0
2022-07-08 11:55:00,1895,1895,1895,1895,0
2022-07-08 11:56:00,1895,1895,1895,1895,0
2022-07-08 11:57:00,1895,1895,1895,1895,0
2022-07-08 11:58:00,1895,1895,1895,1895,0
2022-07-08 11:59:00,1895,1895,1895,1895,0
2022-07-08 12:00:00,1895,1895,1895,1895,0
2022-07-08 12:01:00,1895,1895,1895,1895,0
2022-07-08 12:02:00,1895,1895,1895,1895,0
2022-07-08 12:03:00,1895,1895,1895,1895,0
2022-07-08 12:04:00,1895,1895,1895,1895,0
2022-07-08 12:05:00,1895,1895,1895,1895,0
2022-07-08 12:06:00,1895,1895,1895,1895,0
2022-07-08 12:07:00,1895,1895,1895,1895,0
2022-07-08 12:08:00,1895,1895,1895,1895,0
2022-07-08 12:09:00,1895,1895,1895,1895,0
2022-07-08 12:10:00,1895,1895,1895,1895,0
2022-07-08 12:11:00,1895,1895,1895,1895,0
2022-07-08 12:12:00,1895,1895,1895,1895,0
2022-07-08 12:13:00,1895,1895,1895,1895,0
2022-07-08 12:14:00,1895,1895,1895,1895,0
2022-07-08 12:15:00,1895,1895,1895,1895,0
2022-07-08 12:16:00,1895,1895,1895,1895,0
2022-07-08 12:17:00,1895,1895,1895,1895,0
2022-07-08 12:18:00,1895,1895,1895,1895,0
2022-07-08 12:19:00,1895,1895,1895,1895,0
2022-07-08 12:20:00,1895,1895,1895,1895,0
2022-07-08 12:21:00,1895,1895,1895,1895,0
2022-07-08 12:22:00,1895,1895,1895,1895,0
2022-07-08 12:23:00,1895,1895,1895,1895,0
2022-07-08 12:24:00,1895,1895,1895,1895,0
2022-07-08 12:25:00,1895,1895,1895,1895,0
2022-07-08 12:26:00,1895,1895,1895,1895,0
2022-07-08 12:27:00,1895,1895,1895,1895,0
2022-07-08 12:28:00,1895,1895,1895,1895,0
2022-07-08 12:29:00,1895,1895,1895,1895,0
2022-07-08 12:30:00,1895,1895,1895,1895,0
2022-07-08 12:31:00,1895,1895,1895,1895,0
2022-07-08 12:32:00,1895,1895,1895,1895,0
2022-07-08 12:33:00,1895,1895,1895,1895,0
2022-07-08 12:34:00,1895,1895,1895,1895,0
2022-07-08 12:35:00,1895,1895,1895,1895,0
2022-07-08 12:36:00,1895,1895,1895,1895,0
2022-07-08 12:37:00,1895,1895,1895,1895,0
2022-07-08 12:38:00,1895,1895,1895,1895,0
2022-07-08 12:39:00,1895,1895,1895,1895,0
2022-07-08 12:40:00,1895,1895,1895,1895,0
2022-07-08 12:41:00,1895,1895,1895,1895,0
2022-07-08 12:42:00,1895,1895,1895,1895,0
2022-07-08 12:43:00,1895,1895,1895,1895,0
2022-07-08 12:44:00,1895,1895,1895,1895,0
2022-07-08 12:45:00,1895,1895,1895,1895,0
2022-07-08 12:46:00,1895,1895,1895,1895,0
2022-07-08 12:47:00,1895,1895,1895,1895,0
2022-07-08 12:48:00,1895,1895,1895,1895,0
2022-07-08 12:49:00,1895,1895,1895,1895,0
2022-07-08 12:50:00,1895,1895,1895,1895,0
2022-07-08 12:51:00,1895,1895,1895,1895,0
2022-07-08 12:52:00,1895,1895,1895,1895,0
2022-07-08 12:53:00,1895,1895,1895,1895,0
2022-07-08 12:54:00,1895,1895,1895,1895,0
2022-07-08 12:55:00,1895,1895,1895,1895,0
2022-07-08 12:56:00,1895,1895,1895,1895,0
2022-07-08 12:57:00,1895,1895,1895,1895,0
2022-07-08 12:58:00,1895,1895,1895,1895,0
2022-07-08 12:59:00,1895,1895,1895,1895,0
2022-07-08 13:00:00,1895,1895,1895,1895,0
2022-07-08 13:01:00,1895,1895,1895,1895,0
2022-07-08 13:02:00,1895,1895,1895,1895,0
2022-07-08 13:03:00,1895,1895,1895,1895,0
2022-07-08 13:04:00,1895,1895,1895,1895,0
2022-07-08 13:05:00,1895,1895,1895,1895,0
2022-07-08 13:06:00,1895,1895,1895,1895,0
2022-07-08 13:07:00,1895,1895,1895,1895,0
2022-07-08 13:08:00,1895,1895,1895,1895,0
2022-07-08 13:09:00,1895,1895,1895,1895,0
2022-07-08 13:10:00,1895,1895,1895,1895,0
2022-07-08 13:11:00,1895,1895,1895,1895,0
2022-07-08 13:12:00,1895,1895,1895,1895,0
2022-07-08 13:13:00,1895,1895,1895,1895,0
2022-07-08 13:14:00,1895,1895,1895,1895,0
2022-07-08 13:15:00,1895,1895,1895,1895,0
2022-07-08 13:16:00,1895,1895,1895,1895,0
2022-07-08 13:17:00,1895,1895,1895,1895,0
2022-07-08 13:18:00,1895,1895,1895,1895,0
2022-07-08 13:19:00,1895,1895,1895,1895,0
2022-07-08 13:20:00,1895,1895,1895,1895,0
2022-07-08 13:21:00,1895,1895,1895,1895,0
2022-07-08 13:22:00,1895,1895,1895,1895,0
2022-07-08 13:23:00,1895,1895,1895,1895,0
2022-07-08 13:24:00,1895,1895,1895,1895,0
2022-07-08 13:25:00,1895,1895,1895,1895,0
2022-07-08 13:26:00,1895,1895,1895,1895,0
2022-07-08 13:27:00,1895,1895,1895,1895,0
2022-07-08 13:28:00,1895,1895,1895,1895,0
2022-07-08 13:29:00,1895,1895,1895,1895,0
2022-07-08 13:30:00,1895,1895,1895,1895,0
2022-07-08 13:31:00,1895,1895,1895,1895,0
2022-07-08 13:32:00,1895,1895,1895,1895,0
2022-07-08 13:33:00,1895,1895,1895,1895,0
2022-07-08 13:34:00,1895,1895,1895,1895,0
2022-07-08 13:35:00,1895,1895,1895,1895,0
2022-07-08 13:36:00,1895,1895,1895,1895,0
2022-07-08 13:37:00,1895,1895,1895,1895,0
2022-07-08 13:38:00,1895,1895,1895,1895,0
2022-07-08 13:39:00,1895,1895,1895,1895,0
2022-07-08 13:40:00,1895,1895,1895,1895,0
2022-07-08 13:41:00,1895,1895,1895,1895,0
2022-07-08 13:42:00,1895,1895,1895,1895,0
2022-07-08 13:43:00,1895,1895,1895,1895,0
2022-07-08 13:44:00,1895,1895,1895,1895,0
2022-07-08 13:45:00,1895,1895,1895,1895,0
2022-07-08 13:46:00,1895,1895,1895,1895,0
2022-07-08 13:47:00,1895,1895,1895,1895,0
2022-07-08 13:48:00,1895,1895,1895,1895,0
2022-07-08 13:49:00,1895,1895,1895,1895,0
2022-07-08 13:50:00,1895,1895,1895,1895,0
2022-07-08 13:51:00,1895,1895,1895,1895,0
2022-07-08 13:52:00,1895,1895,1895,1895,0
2022-07-08 13:53:00,1895,1895,1895,1895,0
2022-07-08 13:54:00,1895,1895,1895,1895,0
2022-07-08 13:55:00,1895,1895,1895,1895,0
2022-07-08 13:56:00,1895,1895,1895,1895,0
2022-07-08 13:57:00,1895,1895,1895,1895,0
2022-07-08 13:58:00,1895,1895,1895,1895,0
2022-07-08 13:59:00,1895,1895,1895,1895,0
2022-07-08 14:00:00,1895,1895,1895,1895,0
2022-07-08 14:01:00,1895,1895,1895,1895,0
2022-07-08 14:02:00,1895,1895,1895,1895,0
2022-07-08 14:03:00,1895,1895,1895,1895,0
2022-07-08 14:04:00,1895,1895,1895,1895,0
2022-07-08 14:05:00,1895,1895,1895,1895,0
2022-07-08 14:06:00,1895,1895,1895,1895,0
2022-07-08 14:07:00,1895,1895,1895,1895,0
2022-07-08 14:08:00,1895,1895,1895,1895,0
2022-07-08 14:09:00,1895,1895,1895,1895,0
2022-07-08 14:10:00,1895,1895,1895,1895,0
2022-07-08 14:11:00,1895,1895,1895,1895,0
2022-07-08 14:12:00,1895,1895,1895,1895,0
2022-07-08 14:13:00,1895,1895,1895,1895,0
2022-07-08 14:14:00,1895,1895,1895,1895,0
2022-07-08 14:15:00,1895,1895,1895,1895,0
2022-07-08 14:16:00,1895,1895,1895,1895,0
2022-07-08 14:17:00,1895,1895,1895,1895,0
2022-07-08 14:18:00,1895,1895,1895,1895,0
2022-07-08 14:19:00,1895,1895,1895,1895,0
2022-07-08 14:20:00,1895,1895,1895,1895,0
2022-07-08 14:21:00,1895,1895,1895,1895,0
2022-07-08 14:22:00,1895,1895,1895,1895,0
2022-07-08 14:23:00,1895,1895,1895,1895,0
2022-07-08 14:24:00,1895,1895,1895,1895,0
2022-07-08 14:25:00,1895,1895,1895,1895,0
2022-07-08 14:26:00,1895,1895,1895,1895,0
2022-07-08 14:27:00,1895,1895,1895,1895,0
2022-07-08 14:28:00,1895,1895,1895,1895,0
2022-07-08 14:29:00,1895,1895,1895,1895,0
2022-07-08 14:30:00,1895,1895,1895,1895,0
2022-07-08 14:31:00,1895,1895,1895,1895,0
2022-07-08 14:32:00,1895,1895,1895,1895,0
2022-07-08 14:33:00,1895,1895,1895,1895,0
2022-07-08 14:34:00,1895,1895,1895,1895,0
2022-07-08 14:35:00,1895,1895,1895,1895,0
2022-07-08 14:36:00,1895,1895,1895,1895,0
2022-07-08 14:37:00,1895,1895,1895,1895,0
2022-07-08 14:38:00,1895,1895,1895,1895,0
2022-07-08 14:39:00,1895,1895,1895,1895,0
2022-07-08 14:40:00,1895,1895,1895,1895,0
2022-07-08 14:41:00,1895,1895,1895,1895,0
2022-07-08 14:42:00,1895,1895,1895,1895,0
2022-07-08 14:43:00,1895,1895,1895,1895,0
2022-07-08 14:44:00,1895,1895,1895,1895,0
2022-07-08 14:45:00,1895,1895,1895,1895,0
2022-07-08 14:46:00,1895,1895,1895,1895,0
2022-07-08 14:47:00,1895,1895,1895,1895,0
2022-07-08 14:48:00,1895,1895,1895,1895,0
2022-07-08 14:49:00,1895,1895,1895,1895,0
2022-07-08 14:50:00,1895,1895,1895,1895,0
2022-07-08 14:51:00,1895,1895,1895,1895,0
2022-07-08 14:52:00,1895,1895,1895,1895,0
2022-07-08 14:53:00,1895,1895,1895,1895,0
2022-07-08 14:54:00,1895,1895,1895,1895,0
2022-07-08 14:55:00,1895,1895,1895,1895,0
2022-07-08 14:56:00,1895,1895,1895,1895,0
2022-07-08 14:57:00,1895,1895,1895,1895,0
2022-07-08 14:58:00,1895,1895,1895,1895,0
2022-07-08 14:59:00,1895,1895,1895,1895,0
2022-07-08 15:00:00,1895,1895,1895,1895,0
2022-07-08 15:01:00,1895,1895,1895,1895,0
2022-07-08 15:02:00,1895,1895,1895,1895,0
2022-07-08 15:03:00,1895,1895,1895,1895,0
2022-07-08 15:04:00,1895,1895,1895,1895,0
2022-07-08 15:05:00,1895,1895,1895,1895,0
2022-07-08 15:06:00,1895,1895,1895,1895,0
2022-07-08 15:07:00,1895,1895,1895,1895,0
2022-07-08 15:08:00,1895,1895,1895,1895,0
2022-07-08 15:09:00,1895,1895,1895,1895,0
2022-07-08 15:10:00,1895,1895,1895,1895,0
2022-07-08 15:11:00,1895,1895,1895,1895,0
2022-07-08 15:12:00,1895,1895,1895,1895,0
2022-07-08 15:13:00,1895,1895,1895,1895,0
2022-07-08 15:14:00,1895,1895,1895,1895,0
2022-07-08 15:15:00,1895,1895,1895,1895,0
2022-07-08 15:16:00,1895,1895,1895,1895,0
2022-07-08 15:17:00,1895,1895,1895,1895,0
2022-07-08 15:18:00,1895,1895,1895,1895,0
2022-07-08 15:19:00,1895,1895,1895,1895,0
2022-07-08 15:20:00,1895,1895,1895,1895,0
2022-07-08 15:21:00,1895,1895,1895,1895,0
2022-07-08 15:22:00,1895,1895,1895,1895,0
2022-07-08 15:23:00,1895,1895,1895,1895,0
2022-07-08 15:24:00,1895,1895,1895,1895,0
2022-07-08 15:25:00,1895,1895,1895,1895,0
2022-07-08 15:26:00,1895,1895,1895,1895,0
2022-07-08 15:27:00,1895,1895,1895,1895,0
2022-07-08 15:28:00,1895,1895,1895,1895,0
2022-07-08 15:29:00,1895,1895,1895,1895,0
2022-07-08 15:30:00,1895,1895,1895,1895,0
2022-07-08 15:31:00,1895,1895,1895,1895,0
2022-07-08 15:32:00,1895,1895,1895,1895,0
2022-07-08 15:33:00,1895,1895,1895,1895,0
2022-07-08 15:34:00,1895,1895,1895,1895,0
2022-07-08 15:35:00,1895,1895,1895,1895,0
2022-07-08 15:36:00,1895,1895,1895,1895,0
2022-07-08 15:37:00,1895,1895,1895,1895,0
2022-07-08 15:38:00,1895,1895,1895,1895,0
2022-07-08 15:39:00,1895,1895,1895,1895,0
2022-07-08 15:40:00,1895,1895,1895,1895,0
2022-07-08 15:41:00,1895,1895,1895,1895,0
2022-07-08 15:42:00,1895,1895,1895,1895,0
2022-07-08 15:43:00,1895,1895,1895,1895,0
2022-07-08 15:44:00,1895,1895,1895,1895,0
2022-07-08 15:45:00,1895,1895,1895,1895,0
2022-07-08 15:46:00,1895,1895,1895,1895,0
2022-07-08 15:47:00,1895,1895,1895,1895,0
2022-07-08 15:48:00,1895,1895,1895,1895,0
2022-07-08 15:49:00,1895,1895,1895,1895,0
2022-07-08 15:50:00,1895,1895,1895,1895,0
2022-07-08 15:51:00,1895,1895,1895,1895,0
2022-07-08 15:52:00,1895,1895,1895,1895,0
2022-07-08 15:53:00,1895,1895,1895,1895,0
2022-07-08 15:54:00,1895,1895,1895,1895,0
2022-07-08 15:55:00,1895,1895,1895,1895,0
2022-07-08 15:56:00,1895,1895,1895,1895,0
2022-07-08 15:57:00,1895,1895,1895,1895,0
2022-07-08 15:58:00,1895,1895,1895,1895,0
2022-07-08 15:59:00,1895,1895,1895,1895,0
2022-07-11 09:00:00,1890,1890,1890,1890,0
2022-07-11 09:01:00,1890,1890,1890,1890,0
2022-07-11 09:02:00,1890,1890,1890,1890,0
2022-07-11 09:03:00,1890,1890,1890,1890,0
2022-07-11 09:04:00,1890,1890,1890,1890,0
2022-07-11 09:05:00,1890,1890,1890,1890,0
2022-07-11 09:06:00,1890,1890,1890,1890,0
2022-07-11 09:07:00,1890,1890,1890,1890,0
2022-07-11 09:08:00,1890,1890,1890,1890,0
2022-07-11 09:09:00,1890,1890,1890,1890,0
2022-07-11 09:10:00,1890,1890,1890,1890,0
2022-07-11 09:11:00,1890,1890,1890,1890,0
2022-07-11 09:12:00,1890,1890,1890,1890,0
2022-07-11 09:13:00,1890,1890,1890,1890,0
2022-07-11 09:14:00,1890,1890,1890,1890,0
2022-07-11 09:15:00,1890,1890,1890,1890,0
2022-07-11 09:16:00,1890,1890,1890,1890,0
2022-07-11 09:17:00,1890,1890,1890,1890,0
2022-07-11 09:18:00,1890,1890,1890,1890,0
2022-07-11 09:19:00,1890,1890,1890,1890,0
2022-07-11 09:20:00,1890,1890,1890,1890,0
2022-07-11 09:21:00,1890,1890,1890,1890,0
2022-07-11 09:22:00,1890,1890,1890,1890,0
2022-07-11 09:23:00,1890,1890,1890,1890,0
2022-07-11 09:24:00,1890,1890,1890,1890,0
2022-07-11 09:25:00,1890,1890,1890,1890,0
2022-07-11 09:26:00,1890,1890,1890,1890,0
2022-07-11 09:27:00,1890,1890,1890,1890,0
2022-07-11 09:28:00,1890,1890,1890,1890,0
2022-07-11 09:29:00,1890,1890,1890,1890,0
2022-07-11 09:30:00,1890,1890,1890,1890,0
2022-07-11 09:31:00,1890,1890,1890,1890,0
2022-07-11 09:32:00,1890,1890,1890,1890,0
2022-07-11 09:33:00,1890,1890,1890,1890,0
2022-07-11 09:34:00,1890,1890,1890,1890,0
2022-07-11 09:35:00,1890,1890,1890,1890,0
2022-07-11 09:36:00,1890,1890,1890,1890,0
2022-07-11 09:37:00,1890,1890,1890,1890,0
2022-07-11 09:38:00,1890,1890,1890,1890,0
2022-07-11 09:39:00,1890,1890,1890,1890,0
2022-07-11 09:40:00,1890,1890,1890,1890,0
2022-07-11 09:41:00,1890,1890,1890,1890,0
2022-07-11 09:42:00,1890,1890,1890,1890,0
2022-07-11 09:43:00,1890,1890,1890,1890,0
2022-07-11 09:44:00,1890,1890,1890,1890,0
2022-07-11 09:45:00,1890,1890,1890,1890,0
2022-07-11 09:46:00,1890,1890,1890,1890,0
2022-07-11 09:47:00,1890,1890,1890,1890,0
2022-07-11 09:48:00,1890,1890,1890,1890,0
2022-07-11 09:49:00,1890,1890,1890,1890,0
2022-07-11 09:50:00,1890,1890,1890,1890,0
2022-07-11 09:51:00,1890,1890,1890,1890,0
2022-07-11 09:52:00,1890,1890,1890,1890,0
2022-07-11 09:53:00,1890,1890,1890,1890,0
2022-07-11 09:54:00,1890,1890,1890,1890,0
2022-07-11 09:55:00,1890,1890,1890,1890,0
2022-07-11 09:56:00,1890,1890,1890,1890,0
2022-07-11 09:57:00,1890,1890,1890,1890,0
2022-07-11 09:58:00,1890,1890,1890,1890,0
2022-07-11 09:59:00,1890,1890,1890,1890,0
2022-07-11 10:00:00,1890,1890,1890,1890,0
2022-07-11 10:01:00,1890,1890,1890,1890,0
2022-07-11 10:02:00,1890,1890,1890,1890,0
2022-07-11 10:03:00,1890,1890,1890,1890,0
2022-07-11 10:04:00,1890,1890,1890,1890,0
2022-07-11 10:05:00,1890,1890,1890,1890,0
2022-07-11 10:06:00,1890,1890,1890,1890,0
2022-07-11 10:07:00,1890,1890,1890,1890,0
2022-07-11 10:08:00,1890,1890,1890,1890,0
2022-07-11 10:09:00,1890,1890,1890,1890,0
2022-07-11 10:10:00,1890,1890,1890,1890,0
2022-07-11 10:11:00,1890,1890,1890,1890,0
2022-07-11 10:12:00,1890,1890,1890,1890,0
2022-07-11 10:13:00,1890,1890,1890,1890,0
2022-07-11 10:14:00,1890,1890,1890,1890,0
2022-07-11 10:15:00,1890,1890,1890,1890,0
2022-07-11 10:16:00,1890,1890,1890,1890,0
2022-07-11 10:17:00,1890,1890,1890,1890,0
2022-07-11 10:18:00,1890,1890,1890,1890,0
2022-07-11 10:19:00,1890,1890,1890,1890,0
2022-07-11 10:20:00,1890,1890,1890,1890,0
2022-07-11 10:21:00,1890,1890,1890,1890,0
2022-07-11 10:22:00,1890,1890,1890,1890,0
2022-07-11 10:23:00,1890,1890,1890,1890,0
2022-07-11 10:24:00,1890,1890,1890,1890,0
2022-07-11 10:25:00,1890,1890,1890,1890,0
2022-07-11 10:26:00,1890,1890,1890,1890,0
2022-07-11 10:27:00,1890,1890,1890,1890,0
2022-07-11 10:28:00,1890,1890,1890,1890,0
2022-07-11 10:29:00,1890,1890,1890,1890,0
2022-07-11 10:30:00,1890,1890,1890,1890,0
2022-07-11 10:31:00,1890,1890,1890,1890,0
2022-07-11 10:32:00,1890,1890,1890,1890,0
2022-07-11 10:33:00,1890,1890,1890,1890,0
2022-07-11 10:34:00,1890,1890,1890,1890,0
2022-07-11 10:35:00,1890,1890,1890,1890,0
2022-07-11 10:36:00,1890,1890,1890,1890,0
2022-07-11 10:37:00,1890,1890,1890,1890,0
2022-07-11 10:38:00,1890,1890,1890,1890,0
2022-07-11 10:39:00,1890,1890,1890,1890,0
2022-07-11 10:40:00,1890,1890,1890,1890,0
2022-07-11 10:41:00,1890,1890,1890,1890,0
2022-07-11 10:42:00,1890,1890,1890,1890,0
2022-07-11 10:43:00,1890,1890,1890,1890,0
2022-07-11 10:44:00,1890,1890,1890,1890,0
2022-07-11 10:45:00,1890,1890,1890,1890,0
2022-07-11 10:46:00,1890,1890,1890,1890,0
2022-07-11 10:47:00,1890,1890,1890,1890,0
2022-07-11 10:48:00,1890,1890,1890,1890,0
2022-07-11 10:49:00,1890,1890,1890,1890,0
2022-07-11 10:50:00,1890,1890,1890,1890,0
2022-07-11 10:51:00,1890,1890,1890,1890,0
2022-07-11 10:52:00,1890,1890,1890,1890,0
2022-07-11 10:53:00,1890,1890,1890,1890,0
2022-07-11 10:54:00,1890,1890,1890,1890,0
2022-07-11 10:55:00,1890,1890,1890,1890,0
2022-07-11 10:56:00,1890,1890,1890,1890,0
2022-07-11 10:57:00,1890,1890,1890,1890,0
2022-07-11 10:58:00,1890,1890,1890,1890,0
2022-07-11 10:59:00,1890,1890,1890,1890,0
2022-07-11 11:00:00,1890,1890,1890,1890,0
2022-07-11 11:01:00,1890,1890,1890,1890,0
2022-07-11 11:02:00,1890,1890,1890,1890,0
2022-07-11 11:03:00,1890,1890,1890,1890,0
2022-07-11 11:04:00,1890,1890,1890,1890,0
2022-07-11 11:05:00,1890,1890,1890,1890,0
2022-07-11 11:06:00,1890,1890,1890,1890,0
2022-07-11 11:07:00,1890,1890,1890,1890,0
2022-07-11 11:08:00,1890,1890,1890,1890,0
2022-07-11 11:09:00,1890,1890,1890,1890,0
2022-07-11 11:10:00,1890,1890,1890,1890,0
2022-07-11 11:11:00,1890,1890,1890,1890,0
2022-07-11 11:12:00,1890,1890,1890,1890,0
2022-07-11 11:13:00,1890,1890,1890,1890,0
2022-07-11 11:14:00,1890,1890,1890,1890,0
2022-07-11 11:15:00,1890,1890,1890,1890,0
2022-07-11 11:16:00,1890,1890,1890,1890,0
2022-07-11 11:17:00,1890,1890,1890,1890,0
2022-07-11 11:18:00,1890,1890,1890,1890,0
2022-07-11 11:19:00,1890,1890,1890,1890,0
2022-07-11 11:20:00,1890,1890,1890,1890,0
2022-07-11 11:21:00,1890,1890,1890,1890,0
2022-07-11 11:22:00,1890,1890,1890,1890,0
2022-07-11 11:23:00,1890,1890,1890,1890,0
2022-07-11 11:24:00,1890,1890,1890,1890,0
2022-07-11 11:25:00,1890,1890,1890,1890,0
2022-07-11 11:26:00,1890,1890,1890,1890,0
2022-07-11 11:27:00,1890,1890,1890,1890,0
2022-07-11 11:28:00,1890,1890,1890,1890,0
2022-07-11 11:29:00,1890,1890,1890,1890,0
2022-07-11 11:30:00,1890,1890,1890,1890,0
2022-07-11 11:31:00,1890,1890,1890,1890,0
2022-07-11 11:32:00,1890,1890,1890,1890,0
2022-07-11 11:33:00,1890,1890,1890,1890,0
2022-07-11 11:34:00,1890,1890,1890,1890,0
2022-07-11 11:35:00,1890,1890,1890,1890,0
2022-07-11 11:36:00,1890,1890,1890,1890,0
2022-07-11 11:37:00,1890,1890,1890,1890,0
2022-07-11 11:38:00,1890,1890,1890,1890,0
2022-07-11 11:39:00,1890,1890,1890,1890,0
2022-07-11 11:40:00,1890,1890,1890,1890,0
2022-07-11 11:41:00,1890,1890,1890,1890,0
2022-07-11 11:42:00,1890,1890,1890,1890,0
2022-07-11 11:43:00,1890,1890,1890,1890,0
2022-07-11 11:44:00,1890,1890,1890,1890,0
2022-07-11 11:45:00,1890,1890,1890,1890,0
2022-07-11 11:46:00,1890,1890,1890,1890,0
2022-07-11 11:47:00,1890,1890,1890,1890,0
2022-07-11 11:48:00,1890,1890,1890,1890,0
2022-07-11 11:49:00,1890,1890,1890,1890,0
2022-07-11 11:50:00,1890,1890,1890,1890,0
2022-07-11 11:51:00,1890,1890,1890,1890,0
2022-07-11 11:52:00,1890,1890,1890,1890,0
2022-07-11 11:53:00,1890,1890,1890,1890,0
2022-07-11 11:54:00,1890,1890,1890,1890,0
2022-07-11 11:55:00,1890,1890,1890,1890,0
2022-07-11 11:56:00,1890,1890,1890,1890,0
2022-07-11 11:57:00,1890,1890,1890,1890,0
2022-07-11 11:58:00,1890,1890,1890,1890,0
2022-07-11 11:59:00,1890,1890,1890,1890,0
2022-07-11 12:00:00,1890,1890,1890,1890,0
2022-07-11 12:01:00,1890,1890,1890,1890,0
2022-07-11 12:02:00,1890,1890,1890,1890,0
2022-07-11 12:03:00,1890,1890,1890,1890,0
2022-07-11 12:04:00,1890,1890,1890,1890,0
2022-07-11 12:05:00,1890,1890,1890,1890,0
2022-07-11 12:06:00,1890,1890,1890,1890,0
2022-07-11 12:07:00,1890,1890,1890,1890,0
2022-07-11 12:08:00,1890,1890,1890,1890,0
2022-07-11 12:09:00,1890,1890,1890,1890,0
2022-07-11 12:10:00,1890,1890,1890,1890,0
2022-07-11 12:11:00,1890,1890,1890,1890,0
2022-07-11 12:12:00,1890,1890,1890,1890,0
2022-07-11 12:13:00,1890,1890,1890,1890,0
2022-07-11 12:14:00,1890,1890,1890,1890,0
2022-07-11 12:15:00,1890,1890,1890,1890,0
2022-07-11 12:16:00,1890,1890,1890,1890,0
2022-07-11 12:17:00,1890,1890,1890,1890,0
2022-07-11 12:18:00,1890,1890,1890,1890,0
2022-07-11 12:19:00,1890,1890,1890,1890,0
2022-07-11 12:20:00,1890,1890,1890,1890,0
2022-07-11 12:21:00,1890,1890,1890,1890,0
2022-07-11 12:22:00,1890,1890,1890,1890,0
2022-07-11 12:23:00,1890,1890,1890,1890,0
2022-07-11 12:24:00,1890,1890,1890,1890,0
2022-07-11 12:25:00,1890,1890,1890,1890,0
2022-07-11 12:26:00,1890,1890,1890,1890,0
2022-07-11 12:27:00,1890,1890,1890,1890,0
2022-07-11 12:28:00,1890,1890,1890,1890,0
2022-07-11 12:29:00,1890,1890,1890,1890,0
2022-07-11 12:30:00,1890,1890,1890,1890,0
2022-07-11 12:31:00,1890,1890,1890,1890,0
2022-07-11 12:32:00,1890,1890,1890,1890,0
2022-07-11 12:33:00,1890,1890,1890,1890,0
2022-07-11 12:34:00,1890,1890,1890,1890,0
2022-07-11 12:35:00,1890,1890,1890,1890,0
2022-07-11 12:36:00,1890,1890,1890,1890,0
2022-07-11 12:37:00,1890,1890,1890,1890,0
2022-07-11 12:38:00,1890,1890,1890,1890,0
2022-07-11 12:39:00,1890,1890,1890,1890,0
2022-07-11 12:40:00,1890,1890,1890,1890,0
2022-07-11 12:41:00,1890,1890,1890,1890,0
2022-07-11 12:42:00,1890,1890,1890,1890,0
2022-07-11 12:43:00,1890,1890,1890,1890,0
2022-07-11 12:44:00,1890,1890,1890,1890,0
2022-07-11 12:45:00,1890,1890,1890,1890,0
2022-07-11 12:46:00,1890,1890,1890,1890,0
2022-07-11 12:47:00,1890,1890,1890,1890,0
2022-07-11 12:48:00,1890,1890,1890,1890,0
2022-07-11 12:49:00,1890,1890,1890,1890,0
2022-07-11 12:50:00,1890,1890,1890,1890,0
2022-07-11 12:51:00,1890,1890,1890,1890,0
2022-07-11 12:52:00,1890,1890,1890,1890,0
2022-07-11 12:53:00,1890,1890,1890,1890,0
2022-07-11 12:54:00,1890,1890,1890,1890,0
2022-07-11 12:55:00,1890,1890,1890,1890,0
2022-07-11 12:56:00,1890,1890,1890,1890,0
2022-07-11 12:57:00,1890,1890,1890,1890,0
2022-07-11 12:58:00,1890,1890,1890,1890,0
2022-07-11 12:59:00,1890,1890,1890,1890,0
2022-07-11 13:00:00,1890,1890,1890,1890,0
2022-07-11 13:01:00,1890,1890,1890,1890,0
2022-07-11 13:02:00,1890,1890,1890,1890,0
2022-07-11 13:03:00,1890,1890,1890,1890,0
2022-07-11 13:04:00,1890,1890,1890,1890,0
2022-07-11 13:05:00,1890,1890,1890,1890,0
2022-07-11 13:06:00,1890,1890,1890,1890,0
2022-07-11 13:07:00,1890,1890,1890,1890,0
2022-07-11 13:08:00,1890,1890,1890,1890,0
2022-07-11 13:09:00,1890,1890,1890,1890,0
2022-07-11 13:10:00,1890,1890,1890,1890,0
2022-07-11 13:11:00,1890,1890,1890,1890,0
2022-07-11 13:12:00,1890,1890,1890,1890,0
2022-07-11 13:13:00,1890,1890,1890,1890,0
2022-07-11 13:14:00,1890,1890,1890,1890,0
2022-07-11 13:15:00,1890,1890,1890,1890,0
2022-07-11 13:16:00,1890,1890,1890,1890,0
2022-07-11 13:17:00,1890,1890,1890,1890,0
2022-07-11 13:18:00,1890,1890,1890,1890,0
2022-07-11 13:19:00,1890,1890,1890,1890,0
2022-07-11 13:20:00,1890,1890,1890,1890,0
2022-07-11 13:21:00,1890,1890,1890,1890,0
2022-07-11 13:22:00,1890,1890,1890,1890,0
2022-07-11 13:23:00,1890,1890,1890,1890,0
2022-07-11 13:24:00,1890,1890,1890,1890,0
2022-07-11 13:25:00,1890,1890,1890,1890,0
2022-07-11 13:26:00,1890,1890,1890,1890,0
2022-07-11 13:27:00,1890,1890,1890,1890,0
2022-07-11 13:28:00,1890,1890,1890,1890,0
2022-07-11 13:29:00,1890,1890,1890,1890,0
2022-07-11 13:30:00,1890,1890,1890,1890,0
2022-07-11 13:31:00,1890,1890,1890,1890,0
2022-07-11 13:32:00,1890,1890,1890,1890,0
2022-07-11 13:33:00,1890,1890,1890,1890,0
2022-07-11 13:34:00,1890,1890,1890,1890,0
2022-07-11 13:35:00,1890,1890,1890,1890,0
2022-07-11 13:36:00,1890,1890,1890,1890,0
2022-07-11 13:37:00,1890,1890,1890,1890,0
2022-07-11 13:38:00,1890,1890,1890,1890,0
2022-07-11 13:39:00,1890,1890,1890,1890,0
2022-07-11 13:40:00,1890,1890,1890,1890,0
2022-07-11 13:41:00,1890,1890,1890,1890,0
2022-07-11 13:42:00,1890,1890,1890,1890,0
2022-07-11 13:43:00,1890,1890,1890,1890,0
2022-07-11 13:44:00,1890,1890,1890,1890,0
2022-07-11 13:45:00,1890,1890,1890,1890,0
2022-07-11 13:46:00,1890,1890,1890,1890,0
2022-07-11 13:47:00,1890,1890,1890,1890,0
2022-07-11 13:48:00,1890,1890,1890,1890,0
2022-07-11 13:49:00,1890,1890,1890,1890,0
2022-07-11 13:50:00,1890,1890,1890,1890,0
2022-07-11 13:51:00,1890,1890,1890,1890,0
2022-07-11 13:52:00,1890,1890,1890,1890,0
2022-07-11 13:53:00,1890,1890,1890,1890,0
2022-07-11 13:54:00,1890,1890,1890,1890,0
2022-07-11 13:55:00,1890,1890,1890,1890,0
2022-07-11 13:56:00,1890,1890,1890,1890,0
2022-07-11 13:57:00,1890,1890,1890,1890,0
2022-07-11 13:58:00,1890,1890,1890,1890,0
2022-07-11 13:59:00,1890,1890,1890,1890,0
2022-07-11 14:00:00,1890,1890,1890,1890,0
2022-07-11 14:01:00,1890,1890,1890,1890,0
2022-07-11 14:02:00,1890,1890,1890,1890,0
2022-07-11 14:03:00,1890,1890,1890,1890,0
2022-07-11 14:04:00,1890,1890,1890,1890,0
2022-07-11 14:05:00,1890,1890,1890,1890,0
2022-07-11 14:06:00,1890,1890,1890,1890,0
2022-07-11 14:07:00,1890,1890,1890,1890,0
2022-07-11 14:08:00,1890,1890,1890,1890,0
2022-07-11 14:09:00,1890,1890,1890,1890,0
2022-07-11 14:10:00,1890,1890,1890,1890,0
2022-07-11 14:11:00,1890,1890,1890,1890,0
2022-07-11 14:12:00,1890,1890,1890,1890,0
2022-07-11 14:13:00,1890,1890,1890,1890,0
2022-07-11 14:14:00,1890,1890,1890,1890,0
2022-07-11 14:15:00,1890,1890,1890,1890,0
2022-07-11 14:16:00,1890,1890,1890,1890,0
2022-07-11 14:17:00,1890,1890,1890,1890,0
2022-07-11 14:18:00,1890,1890,1890,1890,0
2022-07-11 14:19:00,1890,1890,1890,1890,0
2022-07-11 14:20:00,1890,1890,1890,1890,0
2022-07-11 14:21:00,1890,1890,1890,1890,0
2022-07-11 14:22:00,1890,1890,1890,1890,0
2022-07-11 14:23:00,1890,1890,1890,1890,0
2022-07-11 14:24:00,1890,1890,1890,1890,0
2022-07-11 14:25:00,1890,1890,1890,1890,0
2022-07-11 14:26:00,1890,1890,1890,1890,0
2022-07-11 14:27:00,1890,1890,1890,1890,0
2022-07-11 14:28:00,1890,1890,1890,1890,0
2022-07-11 14:29:00,1890,1890,1890,1890,0
2022-07-11 14:30:00,1890,1890,1890,1890,0
2022-07-11 14:31:00,1890,1890,1890,1890,0
2022-07-11 14:32:00,1890,1890,1890,1890,0
2022-07-11 14:33:00,1890,1890,1890,1890,0
2022-07-11 14:34:00,1890,1890,1890,1890,0
2022-07-11 14:35:00,1890,1890,1890,1890,0
2022-07-11 14:36:00,1890,1890,1890,1890,0
2022-07-11 14:37:00,1890,1890,1890,1890,0
2022-07-11 14:38:00,1890,1890,1890,1890,0
2022-07-11 14:39:00,1890,1890,1890,1890,0
2022-07-11 14:40:00,1890,1890,1890,1890,0
2022-07-11 14:41:00,1890,1890,1890,1890,0
2022-07-11 14:42:00,1890,1890,1890,1890,0
2022-07-11 14:43:00,1890,1890,1890,1890,0
2022-07-11 14:44:00,1890,1890,1890,1890,0
2022-07-11 14:45:00,1890,1890,1890,1890,0
2022-07-11 14:46:00,1890,1890,1890,1890,0
2022-07-11 14:47:00,1890,1890,1890,1890,0
2022-07-11 14:48:00,1890,1890,1890,1890,0
2022-07-11 14:49:00,1890,1890,1890,1890,0
2022-07-11 14:50:00,1890,1890,1890,1890,0
2022-07-11 14:51:00,1890,1890,1890,1890,0
2022-07-11 14:52:00,1890,1890,1890,1890,0
2022-07-11 14:53:00,1890,1890,1890,1890,0
2022-07-11 14:54:00,1890,1890,1890,1890,0
2022-07-11 14:55:00,1890,1890,1890,1890,0
2022-07-11 14:56:00,1890,1890,1890,1890,0
2022-07-11 14:57:00,1890,1890,1890,1890,0
2022-07-11 14:58:00,1890,1890,1890,1890,0
2022-07-11 14:59:00,1890,1890,1890,1890,0
2022-07-11 15:00:00,1890,1890,1890,1890,0
2022-07-11 15:01:00,1890,1890,1890,1890,0
2022-07-11 15:02:00,1890,1890,1890,1890,0
2022-07-11 15:03:00,1890,1890,1890,1890,0
2022-07-11 15:04:00,1890,1890,1890,1890,0
2022-07-11 15:05:00,1890,1890,1890,1890,0
2022-07-11 15:06:00,1890,1890,1890,1890,0
2022-07-11 15:07:00,1890,1890,1890,1890,0
2022-07-11 15:08:00,1890,1890,1890,1890,0
2022-07-11 15:09:00,1890,1890,1890,1890,0
2022-07-11 15:10:00,1890,1890,1890,1890,0
2022-07-11 15:11:00,1890,1890,1890,1890,0
2022-07-11 15:12:00,1890,1890,1890,1890,0
2022-07-11 15:13:00,1890,1890,1890,1890,0
2022-07-11 15:14:00,1890,1890,1890,1890,0
2022-07-11 15:15:00,1890,1890,1890,1890,0
2022-07-11 15:16:00,1890,1890,1890,1890,0
2022-07-11 15:17:00,1890,1890,1890,1890,0
2022-07-11 15:18:00,1890,1890,1890,1890,0
2022-07-11 15:19:00,1890,1890,1890,1890,0
2022-07-11 15:20:00,1890,1890,1890,1890,0
2022-07-11 15:21:00,1890,1890,1890,1890,0
2022-07-11 15:22:00,1890,1890,1890,1890,0
2022-07-11 15:23:00,1890,1890,1890,1890,0
2022-07-11 15:24:00,1890,1890,1890,1890,0
2022-07-11 15:25:00,1890,1890,1890,1890,0
2022-07-11 15:26:00,1890,1890,1890,1890,0
2022-07-11 15:27:00,1890,1890,1890,1890,0
2022-07-11 15:28:00,1890,1890,1890,1890,0
2022-07-11 15:29:00,1890,1890,1890,1890,0
2022-07-11 15:30:00,1890,1890,1890,1890,0
2022-07-11 15:31:00,1890,1890,1890,1890,0
2022-07-11 15:32:00,1890,1890,1890,1890,0
2022-07-11 15:33:00,1890,1890,1890,1890,0
2022-07-11 15:34:00,1890,1890,1890,1890,0
2022-07-11 15:35:00,1890,1890,1890,1890,0
2022-07-11 15:36:00,1890,1890,1890,1890,0
2022-07-11 15:37:00,1890,1890,1890,1890,0
2022-07-11 15:38:00,1890,1890,1890,1890,0
2022-07-11 15:39:00,1890,1890,1890,1890,0
2022-07-11 15:40:00,1890,1890,1890,1890,0
2022-07-11 15:41:00,1890,1890,1890,1890,0
2022-07-11 15:42:00,1890,1890,1890,1890,0
2022-07-11 15:43:00,1890,1890,1890,1890,0
2022-07-11 15:44:00,1890,1890,1890,1890,0
2022-07-11 15:45:00,1890,1890,1890,1890,0
2022-07-11 15:46:00,1890,1890,1890,1890,0
2022-07-11 15:47:00,1890,1890,1890,1890,0
2022-07-11 15:48:00,1890,1890,1890,1890,0
2022-07-11 15:49:00,1890,1890,1890,1890,0
2022-07-11 15:50:00,1890,1890,1890,1890,0
2022-07-11 15:51:00,1890,1890,1890,1890,0
2022-07-11 15:52:00,1890,1890,1890,1890,0
2022-07-11 15:53:00,1890,1890,1890,1890,0
2022-07-11 15:54:00,1890,1890,1890,1890,0
2022-07-11 15:55:00,1890,1890,1890,1890,0
2022-07-11 15:56:00,1890,1890,1890,1890,0
2022-07-11 15:57:00,1890,1890,1890,1890,0
2022-07-11 15:58:00,1890,1890,1890,1890,0
2022-07-11 15:59:00,1890,1890,1890,1890,0
2022-07-12 09:00:00,1890,1890,1890,1890,0
2022-07-12 09:01:00,1890,1890,1890,1890,0
2022-07-12 09:02:00,1890,1890,1890,1890,0
2022-07-12 09:03:00,1890,1890,1890,1890,0
2022-07-12 09:04:00,1890,1890,1890,1890,0
2022-07-12 09:05:00,1890,1890,1890,1890,0
2022-07-12 09:06:00,1890,1890,1890,1890,0
2022-07-12 09:07:00,1890,1890,1890,1890,0
2022-07-12 09:08:00,1890,1890,1890,1890,0
2022-07-12 09:09:00,1890,1890,1890,1890,0
2022-07-12 09:10:00,1890,1890,1890,1890,0
2022-07-12 09:11:00,1890,1890,1890,1890,0
2022-07-12 09:12:00,1890,1890,1890,1890,0
2022-07-12 09:13:00,1890,1890,1890,1890,0
2022-07-12 09:14:00,1890,1890,1890,1890,0
2022-07-12 09:15:00,1890,1890,1890,1890,0
2022-07-12 09:16:00,1890,1890,1890,1890,0
2022-07-12 09:17:00,1890,1890,1890,1890,0
2022-07-12 09:18:00,1890,1890,1890,1890,0
2022-07-12 09:19:00,1890,1890,1890,1890,0
2022-07-12 09:20:00,1890,1890,1890,1890,0
2022-07-12 09:21:00,1890,1890,1890,1890,0
2022-07-12 09:22:00,1890,1890,1890,1890,0
2022-07-12 09:23:00,1890,1890,1890,1890,0
2022-07-12 09:24:00,1890,1890,1890,1890,0
2022-07-12 09:25:00,1890,1890,1890,1890,0
2022-07-12 09:26:00,1890,1890,1890,1890,0
2022-07-12 09:27:00,1890,1890,1890,1890,0
2022-07-12 09:28:00,1890,1890,1890,1890,0
2022-07-12 09:29:00,1890,1890,1890,1890,0
2022-07-12 09:30:00,1890,1890,1890,1890,0
2022-07-12 09:31:00,1890,1890,1890,1890,0
2022-07-12 09:32:00,1890,1890,1890,1890,0
2022-07-12 09:33:00,1890,1890,1890,1890,0
2022-07-12 09:34:00,1890,1890,1890,1890,0
2022-07-12 09:35:00,1890,1890,1890,1890,0
2022-07-12 09:36:00,1890,1890,1890,1890,0
2022-07-12 09:37:00,1890,1890,1890,1890,0
2022-07-12 09:38:00,1890,1890,1890,1890,0
2022-07-12 09:39:00,1890,1890,1890,1890,0
2022-07-12 09:40:00,1890,1890,1890,1890,0
2022-07-12 09:41:00,1890,1890,1890,1890,0
2022-07-12 09:42:00,1890,1890,1890,1890,0
2022-07-12 09:43:00,1890,1890,1890,1890,0
2022-07-12 09:44:00,1890,1890,1890,1890,0
2022-07-12 09:45:00,1890,1890,1890,1890,0
2022-07-12 09:46:00,1890,1890,1890,1890,0
2022-07-12 09:47:00,1890,1890,1890,1890,0
2022-07-12 09:48:00,1890,1890,1890,1890,0
2022-07-12 09:49:00,1890,1890,1890,1890,0
2022-07-12 09:50:00,1890,1890,1890,1890,0
2022-07-12 09:51:00,1890,1890,1890,1890,0
2022-07-12 09:52:00,1890,1890,1890,1890,0
2022-07-12 09:53:00,1890,1890,1890,1890,0
2022-07-12 09:54:00,1890,1890,1890,1890,0
2022-07-12 09:55:00,1890,1890,1890,1890,0
2022-07-12 09:56:00,1890,1890,1890,1890,0
2022-07-12 09:57:00,1890,1890,1890,1890,0
2022-07-12 09:58:00,1890,1890,1890,1890,0
2022-07-12 09:59:00,1890,1890,1890,1890,0
2022-07-12 10:00:00,1890,1890,1890,1890,0
2022-07-12 10:01:00,1890,1890,1890,1890,0
2022-07-12 10:02:00,1890,1890,1890,1890,0
2022-07-12 10:03:00,1890,1890,1890,1890,0
2022-07-12 10:04:00,1890,1890,1890,1890,0
2022-07-12 10:05:00,1890,1890,1890,1890,0
2022-07-12 10:06:00,1890,1890,1890,1890,0
2022-07-12 10:07:00,1890,1890,1890,1890,0
2022-07-12 10:08:00,1890,1890,1890,1890,0
2022-07-12 10:09:00,1890,1890,1890,1890,0
2022-07-12 10:10:00,1890,1890,1890,1890,0
2022-07-12 10:11:00,1890,1890,1890,1890,0
2022-07-12 10:12:00,1890,1890,1890,1890,0
2022-07-12 10:13:00,1890,1890,1890,1890,0
2022-07-12 10:14:00,1890,1890,1890,1890,0
2022-07-12 10:15:00,1890,1890,1890,1890,0
2022-07-12 10:16:00,1890,1890,1890,1890,0
2022-07-12 10:17:00,1890,1890,1890,1890,0
2022-07-12 10:18:00,1890,1890,1890,1890,0
2022-07-12 10:19:00,1890,1890,1890,1890,0
2022-07-12 10:20:00,1890,1890,1890,1890,0
2022-07-12 10:21:00,1890,1890,1890,1890,0
2022-07-12 10:22:00,1890,1890,1890,1890,0
2022-07-12 10:23:00,1890,1890,1890,1890,0
2022-07-12 10:24:00,1890,1890,1890,1890,0
2022-07-12 10:25:00,1890,1890,1890,1890,0
2022-07-12 10:26:00,1890,1890,1890,1890,0
2022-07-12 10:27:00,1890,1890,1890,1890,0
2022-07-12 10:28:00,1890,1890,1890,1890,0
2022-07-12 10:29:00,1890,1890,1890,1890,0
2022-07-12 10:30:00,1890,1890,1890,1890,0
2022-07-12 10:31:00,1890,1890,1890,1890,0
2022-07-12 10:32:00,1890,1890,1890,1890,0
2022-07-12 10:33:00,1890,1890,1890,1890,0
2022-07-12 10:34:00,1890,1890,1890,1890,0
2022-07-12 10:35:00,1890,1890,1890,1890,0
2022-07-12 10:36:00,1890,1890,1890,1890,0
2022-07-12 10:37:00,1890,1890,1890,1890,0
2022-07-12 10:38:00,1890,1890,1890,1890,0
2022-07-12 10:39:00,1890,1890,1890,1890,0
2022-07-12 10:40:00,1890,1890,1890,1890,0
2022-07-12 10:41:00,1890,1890,1890,1890,0
2022-07-12 10:42:00,1890,1890,1890,1890,0
2022-07-12 10:43:00,1890,1890,1890,1890,0
2022-07-12 10:44:00,1890,1890,1890,1890,0
2022-07-12 10:45:00,1890,1890,1890,1890,0
2022-07-12 10:46:00,1890,1890,1890,1890,0
2022-07-12 10:47:00,1890,1890,1890,1890,0
2022-07-12 10:48:00,1890,1890,1890,1890,0
2022-07-12 10:49:00,1890,1890,1890,1890,0
2022-07-12 10:50:00,1890,1890,1890,1890,0
2022-07-12 10:51:00,1890,1890,1890,1890,0
2022-07-12 10:52:00,1890,1890,1890,1890,0
2022-07-12 10:53:00,1890,1890,1890,1890,0
2022-07-12 10:54:00,1890,1890,1890,1890,0
2022-07-12 10:55:00,1890,1890,1890,1890,0
2022-07-12 10:56:00,1890,1890,1890,1890,0
2022-07-12 10:57:00,1890,1890,1890,1890,0
2022-07-12 10:58:00,1890,1890,1890,1890,0
2022-07-12 10:59:00,1890,1890,1890,1890,0
2022-07-12 11:00:00,1890,1890,1890,1890,0
2022-07-12 11:01:00,1890,1890,1890,1890,0
2022-07-12 11:02:00,1890,1890,1890,1890,0
2022-07-12 11:03:00,1890,1890,1890,1890,0
2022-07-12 11:04:00,1890,1890,1890,1890,0
2022-07-12 11:05:00,1890,1890,1890,1890,0
2022-07-12 11:06:00,1890,1890,1890,1890,0
2022-07-12 11:07:00,1890,1890,1890,1890,0
2022-07-12 11:08:00,1890,1890,1890,1890,0
2022-07-12 11:09:00,1890,1890,1890,1890,0
2022-07-12 11:10:00,1890,1890,1890,1890,0
2022-07-12 11:11:00,1890,1890,1890,1890,0
2022-07-12 11:12:00,1890,1890,1890,1890,0
2022-07-12 11:13:00,1890,1890,1890,1890,0
2022-07-12 11:14:00,1890,1890,1890,1890,0
2022-07-12 11:15:00,1890,1890,1890,1890,0
2022-07-12 11:16:00,1890,1890,1890,1890,0
2022-07-12 11:17:00,1890,1890,1890,1890,0
2022-07-12 11:18:00,1890,1890,1890,1890,0
2022-07-12 11:19:00,1890,1890,1890,1890,0
2022-07-12 11:20:00,1890,1890,1890,1890,0
2022-07-12 11:21:00,1890,1890,1890,1890,0
2022-07-12 11:22:00,1890,1890,1890,1890,0
2022-07-12 11:23:00,1890,1890,1890,1890,0
2022-07-12 11:24:00,1890,1890,1890,1890,0
2022-07-12 11:25:00,1890,1890,1890,1890,0
2022-07-12 11:26:00,1890,1890,1890,1890,0
2022-07-12 11:27:00,1890,1890,1890,1890,0
2022-07-12 11:28:00,1890,1890,1890,1890,0
2022-07-12 11:29:00,1890,1890,1890,1890,0
2022-07-12 11:30:00,1890,1890,1890,1890,0
2022-07-12 11:31:00,1890,1890,1890,1890,0
2022-07-12 11:32:00,1890,1890,1890,1890,0
2022-07-12 11:33:00,1890,1890,1890,1890,0
2022-07-12 11:34:00,1890,1890,1890,1890,0
2022-07-12 11:35:00,1890,1890,1890,1890,0
2022-07-12 11:36:00,1890,1890,1890,1890,0
2022-07-12 11:37:00,1890,1890,1890,1890,0
2022-07-12 11:38:00,1890,1890,1890,1890,0
2022-07-12 11:39:00,1890,1890,1890,1890,0
2022-07-12 11:40:00,1890,1890,1890,1890,0
2022-07-12 11:41:00,1890,1890,1890,1890,0
2022-07-12 11:42:00,1890,1890,1890,1890,0
2022-07-12 11:43:00,1890,1890,1890,1890,0
2022-07-12 11:44:00,1890,1890,1890,1890,0
2022-07-12 11:45:00,1890,1890,1890,1890,0
2022-07-12 11:46:00,1890,1890,1890,1890,0
2022-07-12 11:47:00,1890,1890,1890,1890,0
2022-07-12 11:48:00,1890,1890,1890,1890,0
2022-07-12 11:49:00,1890,1890,1890,1890,0
2022-07-12 11:50:00,1890,1890,1890,1890,0
2022-07-12 11:51:00,1890,1890,1890,1890,0
2022-07-12 11:52:00,1890,1890,1890,1890,0
2022-07-12 11:53:00,1890,1890,1890,1890,0
2022-07-12 11:54:00,1890,1890,1890,1890,0
2022-07-12 11:55:00,1890,1890,1890,1890,0
2022-07-12 11:56:00,1890,1890,1890,1890,0
2022-07-12 11:57:00,1890,1890,1890,1890,0
2022-07-12 11:58:00,1890,1890,1890,1890,0
2022-07-12 11:59:00,1890,1890,1890,1890,0
2022-07-12 12:00:00,1890,1890,1890,1890,0
2022-07-12 12:01:00,1890,1890,1890,1890,0
2022-07-12 12:02:00,1890,1890,1890,1890,0
2022-07-12 12:03:00,1890,1890,1890,1890,0
2022-07-12 12:04:00,1890,1890,1890,1890,0
2022-07-12 12:05:00,1890,1890,1890,1890,0
2022-07-12 12:06:00,1890,1890,1890,1890,0
2022-07-12 12:07:00,1890,1890,1890,1890,0
2022-07-12 12:08:00,1890,1890,1890,1890,0
2022-07-12 12:09:00,1890,1890,1890,1890,0
2022-07-12 12:10:00,1890,1890,1890,1890,0
2022-07-12 12:11:00,1890,1890,1890,1890,0
2022-07-12 12:12:00,1890,1890,1890,1890,0
2022-07-12 12:13:00,1890,1890,1890,1890,0
2022-07-12 12:14:00,1890,1890,1890,1890,0
2022-07-12 12:15:00,1890,1890,1890,1890,0
2022-07-12 12:16:00,1890,1890,1890,1890,0
2022-07-12 12:17:00,1890,1890,1890,1890,0
2022-07-12 12:18:00,1890,1890,1890,1890,0
2022-07-12 12:19:00,1890,1890,1890,1890,0
2022-07-12 12:20:00,1890,1890,1890,1890,0
2022-07-12 12:21:00,1890,1890,1890,1890,0
2022-07-12 12:22:00,1890,1890,1890,1890,0
2022-07-12 12:23:00,1890,1890,1890,1890,0
2022-07-12 12:24:00,1890,1890,1890,1890,0
2022-07-12 12:25:00,1890,1890,1890,1890,0
2022-07-12 12:26:00,1890,1890,1890,1890,0
2022-07-12 12:27:00,1890,1890,1890,1890,0
2022-07-12 12:28:00,1890,1890,1890,1890,0
2022-07-12 12:29:00,1890,1890,1890,1890,0
2022-07-12 12:30:00,1890,1890,1890,1890,0
2022-07-12 12:31:00,1890,1890,1890,1890,0
2022-07-12 12:32:00,1890,1890,1890,1890,0
2022-07-12 12:33:00,1890,1890,1890,1890,0
2022-07-12 12:34:00,1890,1890,1890,1890,0
2022-07-12 12:35:00,1890,1890,1890,1890,0
2022-07-12 12:36:00,1890,1890,1890,1890,0
2022-07-12 12:37:00,1890,1890,1890,1890,0
2022-07-12 12:38:00,1890,1890,1890,1890,0
2022-07-12 12:39:00,1890,1890,1890,1890,0
2022-07-12 12:40:00,1890,1890,1890,1890,0
2022-07-12 12:41:00,1890,1890,1890,1890,0
2022-07-12 12:42:00,1890,1890,1890,1890,0
2022-07-12 12:43:00,1890,1890,1890,1890,0
2022-07-12 12:44:00,1890,1890,1890,1890,0
2022-07-12 12:45:00,1890,1890,1890,1890,0
2022-07-12 12:46:00,1890,1890,1890,1890,0
2022-07-12 12:47:00,1890,1890,1890,1890,0
2022-07-12 12:48:00,1890,1890,1890,1890,0
2022-07-12 12:49:00,1890,1890,1890,1890,0
2022-07-12 12:50:00,1890,1890,1890,1890,0
2022-07-12 12:51:00,1890,1890,1890,1890,0
2022-07-12 12:52:00,1890,1890,1890,1890,0
2022-07-12 12:53:00,1890,1890,1890,1890,0
2022-07-12 12:54:00,1890,1890,1890,1890,0
2022-07-12 12:55:00,1890,1890,1890,1890,0
2022-07-12 12:56:00,1890,1890,1890,1890,0
2022-07-12 12:57:00,1890,1890,1890,1890,0
2022-07-12 12:58:00,1890,1890,1890,1890,0
2022-07-12 12:59:00,1890,1890,1890,1890,0
2022-07-12 13:00:00,1890,1890,1890,1890,0
2022-07-12 13:01:00,1890,1890,1890,1890,0
2022-07-12 13:02:00,1890,1890,1890,1890,0
2022-07-12 13:03:00,1890,1890,1890,1890,0
2022-07-12 13:04:00,1890,1890,1890,1890,0
2022-07-12 13:05:00,1890,1890,1890,1890,0
2022-07-12 13:06:00,1890,1890,1890,1890,0
2022-07-12 13:07:00,1890,1890,1890,1890,0
2022-07-12 13:08:00,1890,1890,1890,1890,0
2022-07-12 13:09:00,1890,1890,1890,1890,0
2022-07-12 13:10:00,1890,1890,1890,1890,0
2022-07-12 13:11:00,1890,1890,1890,1890,0
2022-07-12 13:12:00,1890,1890,1890,1890,0
2022-07-12 13:13:00,1890,1890,1890,1890,0
2022-07-12 13:14:00,1890,1890,1890,1890,0
2022-07-12 13:15:00,1890,1890,1890,1890,0
2022-07-12 13:16:00,1890,1890,1890,1890,0
2022-07-12 13:17:00,1890,1890,1890,1890,0
2022-07-12 13:18:00,1890,1890,1890,1890,0
2022-07-12 13:19:00,1890,1890,1890,1890,0
2022-07-12 13:20:00,1890,1890,1890,1890,0
2022-07-12 13:21:00,1890,1890,1890,1890,0
2022-07-12 13:22:00,1890,1890,1890,1890,0
2022-07-12 13:23:00,1890,1890,1890,1890,0
2022-07-12 13:24:00,1890,1890,1890,1890,0
2022-07-12 13:25:00,1890,1890,1890,1890,0
2022-07-12 13:26:00,1890,1890,1890,1890,0
2022-07-12 13:27:00,1890,1890,1890,1890,0
2022-07-12 13:28:00,1890,1890,1890,1890,0
2022-07-12 13:29:00,1890,1890,1890,1890,0
2022-07-12 13:30:00,1890,1890,1890,1890,0
2022-07-12 13:31:00,1890,1890,1890,1890,0
2022-07-12 13:32:00,1890,1890,1890,1890,0
2022-07-12 13:33:00,1890,1890,1890,1890,0
2022-07-12 13:34:00,1890,1890,1890,1890,0
2022-07-12 13:35:00,1890,1890,1890,1890,0
2022-07-12 13:36:00,1890,1890,1890,1890,0
2022-07-12 13:37:00,1890,1890,1890,1890,0
2022-07-12 13:38:00,1890,1890,1890,1890,0
2022-07-12 13:39:00,1890,1890,1890,1890,0
2022-07-12 13:40:00,1890,1890,1890,1890,0
2022-07-12 13:41:00,1890,1890,1890,1890,0
2022-07-12 13:42:00,1890,1890,1890,1890,0
2022-07-12 13:43:00,1890,1890,1890,1890,0
2022-07-12 13:44:00,1890,1890,1890,1890,0
2022-07-12 13:45:00,1890,1890,1890,1890,0
2022-07-12 13:46:00,1890,1890,1890,1890,0
2022-07-12 13:47:00,1890,1890,1890,1890,0
2022-07-12 13:48:00,1890,1890,1890,1890,0
2022-07-12 13:49:00,1890,1890,1890,1890,0
2022-07-12 13:50:00,1890,1890,1890,1890,0
2022-07-12 13:51:00,1890,1890,1890,1890,0
2022-07-12 13:52:00,1890,1890,1890,1890,0
2022-07-12 13:53:00,1890,1890,1890,1890,0
2022-07-12 13:54:00,1890,1890,1890,1890,0
2022-07-12 13:55:00,1890,1890,1890,1890,0
2022-07-12 13:56:00,1890,1890,1890,1890,0
2022-07-12 13:57:00,1890,1890,1890,1890,0
2022-07-12 13:58:00,1890,1890,1890,1890,0
2022-07-12 13:59:00,1890,1890,1890,1890,0
2022-07-12 14:00:00,1890,1890,1890,1890,0
2022-07-12 14:01:00,1890,1890,1890,1890,0
2022-07-12 14:02:00,1890,1890,1890,1890,0
2022-07-12 14:03:00,1890,1890,1890,1890,0
2022-07-12 14:04:00,1890,1890,1890,1890,0
2022-07-12 14:05:00,1890,1890,1890,1890,0
2022-07-12 14:06:00,1890,1890,1890,1890,0
2022-07-12 14:07:00,1890,1890,1890,1890,0
2022-07-12 14:08:00,1890,1890,1890,1890,0
2022-07-12 14:09:00,1890,1890,1890,1890,0
2022-07-12 14:10:00,1890,1890,1890,1890,0
2022-07-12 14:11:00,1890,1890,1890,1890,0
2022-07-12 14:12:00,1890,1890,1890,1890,0
2022-07-12 14:13:00,1890,1890,1890,1890,0
2022-07-12 14:14:00,1890,1890,1890,1890,0
2022-07-12 14:15:00,1890,1890,1890,1890,0
2022-07-12 14:16:00,1890,1890,1890,1890,0
2022-07-12 14:17:00,1890,1890,1890,1890,0
2022-07-12 14:18:00,1890,1890,1890,1890,0
2022-07-12 14:19:00,1890,1890,1890,1890,0
2022-07-12 14:20:00,1890,1890,1890,1890,0
2022-07-12 14:21:00,1890,1890,1890,1890,0
2022-07-12 14:22:00,1890,1890,1890,1890,0
2022-07-12 14:23:00,1890,1890,1890,1890,0
2022-07-12 14:24:00,1890,1890,1890,1890,0
2022-07-12 14:25:00,1890,1890,1890,1890,0
2022-07-12 14:26:00,1890,1890,1890,1890,0
2022-07-12 14:27:00,1890,1890,1890,1890,0
2022-07-12 14:28:00,1890,1890,1890,1890,0
2022-07-12 14:29:00,1890,1890,1890,1890,0
2022-07-12 14:30:00,1890,1890,1890,1890,0
2022-07-12 14:31:00,1890,1890,1890,1890,0
2022-07-12 14:32:00,1890,1890,1890,1890,0
2022-07-12 14:33:00,1890,1890,1890,1890,0
2022-07-12 14:34:00,1890,1890,1890,1890,0
2022-07-12 14:35:00,1890,1890,1890,1890,0
2022-07-12 14:36:00,1890,1890,1890,1890,0
2022-07-12 14:37:00,1890,1890,1890,1890,0
2022-07-12 14:38:00,1890,1890,1890,1890,0
2022-07-12 14:39:00,1890,1890,1890,1890,0
2022-07-12 14:40:00,1890,1890,1890,1890,0
2022-07-12 14:41:00,1890,1890,1890,1890,0
2022-07-12 14:42:00,1890,1890,1890,1890,0
2022-07-12 14:43:00,1890,1890,1890,1890,0
2022-07-12 14:44:00,1890,1890,1890,1890,0
2022-07-12 14:45:00,1890,1890,1890,1890,0
2022-07-12 14:46:00,1890,1890,1890,1890,0
2022-07-12 14:47:00,1890,1890,1890,1890,0
2022-07-12 14:48:00,1890,1890,1890,1890,0
2022-07-12 14:49:00,1890,1890,1890,1890,0
2022-07-12 14:50:00,1890,1890,1890,1890,0
2022-07-12 14:51:00,1890,1890,1890,1890,0
2022-07-12 14:52:00,1890,1890,1890,1890,0
2022-07-12 14:53:00,1890,1890,1890,1890,0
2022-07-12 14:54:00,1890,1890,1890,1890,0
2022-07-12 14:55:00,1890,1890,1890,1890,0
2022-07-12 14:56:00,1890,1890,1890,1890,0
2022-07-12 14:57:00,1890,1890,1890,1890,0
2022-07-12 14:58:00,1890,1890,1890,1890,0
2022-07-12 14:59:00,1890,1890,1890,1890,0
2022-07-12 15:00:00,1890,1890,1890,1890,0
2022-07-12 15:01:00,1890,1890,1890,1890,0
2022-07-12 15:02:00,1890,1890,1890,1890,0
2022-07-12 15:03:00,1890,1890,1890,1890,0
2022-07-12 15:04:00,1890,1890,1890,1890,0
2022-07-12 15:05:00,1890,1890,1890,1890,0
2022-07-12 15:06:00,1890,1890,1890,1890,0
2022-07-12 15:07:00,1890,1890,1890,1890,0
2022-07-12 15:08:00,1890,1890,1890,1890,0
2022-07-12 15:09:00,1890,1890,1890,1890,0
2022-07-12 15:10:00,1890,1890,1890,1890,0
2022-07-12 15:11:00,1890,1890,1890,1890,0
2022-07-12 15:12:00,1890,1890,1890,1890,0
2022-07-12 15:13:00,1890,1890,1890,1890,0
2022-07-12 15:14:00,1890,1890,1890,1890,0
2022-07-12 15:15:00,1890,1890,1890,1890,0
2022-07-12 15:16:00,1890,1890,1890,1890,0
2022-07-12 15:17:00,1890,1890,1890,1890,0
2022-07-12 15:18:00,1890,1890,1890,1890,0
2022-07-12 15:19:00,1890,1890,1890,1890,0
2022-07-12 15:20:00,1890,1890,1890,1890,0
2022-07-12 15:21:00,1890,1890,1890,1890,0
2022-07-12 15:22:00,1890,1890,1890,1890,0
2022-07-12 15:23:00,1890,1890,1890,1890,0
2022-07-12 15:24:00,1890,1890,1890,1890,0
2022-07-12 15:25:00,1890,1890,1890,1890,0
2022-07-12 15:26:00,1890,1890,1890,1890,0
2022-07-12 15:27:00,1890,1890,1890,1890,0
2022-07-12 15:28:00,1890,1890,1890,1890,0
2022-07-12 15:29:00,1890,1890,1890,1890,0
2022-07-12 15:30:00,1890,1890,1890,1890,0
2022-07-12 15:31:00,1890,1890,1890,1890,0
2022-07-12 15:32:00,1890,1890,1890,1890,0
2022-07-12 15:33:00,1890,1890,1890,1890,0
2022-07-12 15:34:00,1890,1890,1890,1890,0
2022-07-12 15:35:00,1890,1890,1890,1890,0
2022-07-12 15:36:00,1890,1890,1890,1890,0
2022-07-12 15:37:00,1890,1890,1890,1890,0
2022-07-12 15:38:00,1890,1890,1890,1890,0
2022-07-12 15:39:00,1890,1890,1890,1890,0
2022-07-12 15:40:00,1890,1890,1890,1890,0
2022-07-12 15:41:00,1890,1890,1890,1890,0
2022-07-12 15:42:00,1890,1890,1890,1890,0
2022-07-12 15:43:00,1890,1890,1890,1890,0
2022-07-12 15:44:00,1890,1890,1890,1890,0
2022-07-12 15:45:00,1890,1890,1890,1890,0
2022-07-12 15:46:00,1890,1890,1890,1890,0
2022-07-12 15:47:00,1890,1890,1890,1890,0
2022-07-12 15:48:00,1890,1890,1890,1890,0
2022-07-12 15:49:00,1890,1890,1890,1890,0
2022-07-12 15:50:00,1890,1890,1890,1890,0
2022-07-12 15:51:00,1890,1890,1890,1890,0
2022-07-12 15:52:00,1890,1890,1890,1890,0
2022-07-12 15:53:00,1890,1890,1890,1890,0
2022-07-12 15:54:00,1890,1890,1890,1890,0
2022-07-12 15:55:00,1890,1890,1890,1890,0
2022-07-12 15:56:00,1890,1890,1890,1890,0
2022-07-12 15:57:00,1890,1890,1890,1890,0
2022-07-12 15:58:00,1890,1890,1890,1890,0
2022-07-12 15:59:00,1890,1890,1890,1890,0
2022-07-13 09:00:00,1890,1890,1890,1890,0
2022-07-13 09:01:00,1890,1890,1890,1890,0
2022-07-13 09:02:00,1890,1890,1890,1890,0
2022-07-13 09:03:00,1890,1890,1890,1890,0
2022-07-13 09:04:00,1890,1890,1890,1890,0
2022-07-13 09:05:00,1890,1890,1890,1890,0
2022-07-13 09:06:00,1890,1890,1890,1890,0
2022-07-13 09:07:00,1890,1890,1890,1890,0
2022-07-13 09:08:00,1890,1890,1890,1890,0
2022-07-13 09:09:00,1890,1890,1890,1890,0
2022-07-13 09:10:00,1890,1890,1890,1890,0
2022-07-13 09:11:00,1890,1890,1890,1890,0
2022-07-13 09:12:00,1890,1890,1890,1890,0
2022-07-13 09:13:00,1890,1890,1890,1890,0
2022-07-13 09:14:00,1890,1890,1890,1890,0
2022-07-13 09:15:00,1890,1890,1890,1890,0
2022-07-13 09:16:00,1890,1890,1890,1890,0
2022-07-13 09:17:00,1890,1890,1890,1890,0
2022-07-13 09:18:00,1890,1890,1890,1890,0
2022-07-13 09:19:00,1890,1890,1890,1890,0
2022-07-13 09:20:00,1890,1890,1890,1890,0
2022-07-13 09:21:00,1890,1890,1890,1890,0
2022-07-13 09:22:00,1890,1890,1890,1890,0
2022-07-13 09:23:00,1890,1890,1890,1890,0
2022-07-13 09:24:00,1890,1890,1890,1890,0
2022-07-13 09:25:00,1890,1890,1890,1890,0
2022-07-13 09:26:00,1890,1890,1890,1890,0
2022-07-13 09:27:00,1890,1890,1890,1890,0
2022-07-13 09:28:00,1890,1890,1890,1890,0
2022-07-13 09:29:00,1890,1890,1890,1890,0
2022-07-13 09:30:00,1890,1890,1890,1890,0
2022-07-13 09:31:00,1890,1890,1890,1890,0
2022-07-13 09:32:00,1890,1890,1890,1890,0
2022-07-13 09:33:00,1890,1890,1890,1890,0
2022-07-13 09:34:00,1890,1890,1890,1890,0
2022-07-13 09:35:00,1890,1890,1890,1890,0
2022-07-13 09:36:00,1890,1890,1890,1890,0
2022-07-13 09:37:00,1890,1890,1890,1890,0
2022-07-13 09:38:00,1890,1890,1890,1890,0
2022-07-13 09:39:00,1890,1890,1890,1890,0
2022-07-13 09:40:00,1890,1890,1890,1890,0
2022-07-13 09:41:00,1890,1890,1890,1890,0
2022-07-13 09:42:00,1890,1890,1890,1890,0
2022-07-13 09:43:00,1890,1890,1890,1890,0
2022-07-13 09:44:00,1890,1890,1890,1890,0
2022-07-13 09:45:00,1890,1890,1890,1890,0
2022-07-13 09:46:00,1890,1890,1890,1890,0
2022-07-13 09:47:00,1890,1890,1890,1890,0
2022-07-13 09:48:00,1890,1890,1890,1890,0
2022-07-13 09:49:00,1890,1890,1890,1890,0
2022-07-13 09:50:00,1890,1890,1890,1890,0
2022-07-13 09:51:00,1890,1890,1890,1890,0
2022-07-13 09:52:00,1890,1890,1890,1890,0
2022-07-13 09:53:00,1890,1890,1890,1890,0
2022-07-13 09:54:00,1890,1890,1890,1890,0
2022-07-13 09:55:00,1890,1890,1890,1890,0
2022-07-13 09:56:00,1890,1890,1890,1890,0
2022-07-13 09:57:00,1890,1890,1890,1890,0
2022-07-13 09:58:00,1890,1890,1890,1890,0
2022-07-13 09:59:00,1890,1890,1890,1890,0
2022-07-13 10:00:00,1890,1890,1890,1890,0
2022-07-13 10:01:00,1890,1890,1890,1890,0
2022-07-13 10:02:00,1890,1890,1890,1890,0
2022-07-13 10:03:00,1890,1890,1890,1890,0
2022-07-13 10:04:00,1890,1890,1890,1890,0
2022-07-13 10:05:00,1890,1890,1890,1890,0
2022-07-13 10:06:00,1890,1890,1890,1890,0
2022-07-13 10:07:00,1890,1890,1890,1890,0
2022-07-13 10:08:00,1890,1890,1890,1890,0
2022-07-13 10:09:00,1890,1890,1890,1890,0
2022-07-13 10:10:00,1890,1890,1890,1890,0
2022-07-13 10:11:00,1890,1890,1890,1890,0
2022-07-13 10:12:00,1890,1890,1890,1890,0
2022-07-13 10:13:00,1890,1890,1890,1890,0
2022-07-13 10:14:00,1890,1890,1890,1890,0
2022-07-13 10:15:00,1890,1890,1890,1890,0
2022-07-13 10:16:00,1890,1890,1890,1890,0
2022-07-13 10:17:00,1890,1890,1890,1890,0
2022-07-13 10:18:00,1890,1890,1890,1890,0
2022-07-13 10:19:00,1890,1890,1890,1890,0
2022-07-13 10:20:00,1890,1890,1890,1890,0
2022-07-13 10:21:00,1890,1890,1890,1890,0
2022-07-13 10:22:00,1890,1890,1890,1890,0
2022-07-13 10:23:00,1890,1890,1890,1890,0
2022-07-13 10:24:00,1890,1890,1890,1890,0
2022-07-13 10:25:00,1890,1890,1890,1890,0
2022-07-13 10:26:00,1890,1890,1890,1890,0
2022-07-13 10:27:00,1890,1890,1890,1890,0
2022-07-13 10:28:00,1890,1890,1890,1890,0
2022-07-13 10:29:00,1890,1890,1890,1890,0
2022-07-13 10:30:00,1890,1890,1890,1890,0
2022-07-13 10:31:00,1890,1890,1890,1890,0
2022-07-13 10:32:00,1890,1890,1890,1890,0
2022-07-13 10:33:00,1890,1890,1890,1890,0
2022-07-13 10:34:00,1890,1890,1890,1890,0
2022-07-13 10:35:00,1890,1890,1890,1890,0
2022-07-13 10:36:00,1890,1890,1890,1890,0
2022-07-13 10:37:00,1890,1890,1890,1890,0
2022-07-13 10:38:00,1890,1890,1890,1890,0
2022-07-13 10:39:00,1890,1890,1890,1890,0
2022-07-13 10:40:00,1890,1890,1890,1890,0
2022-07-13 10:41:00,1890,1890,1890,1890,0
2022-07-13 10:42:00,1890,1890,1890,1890,0
2022-07-13 10:43:00,1890,1890,1890,1890,0
2022-07-13 10:44:00,1890,1890,1890,1890,0
2022-07-13 10:45:00,1890,1890,1890,1890,0
2022-07-13 10:46:00,1890,1890,1890,1890,0
2022-07-13 10:47:00,1890,1890,1890,1890,0
2022-07-13 10:48:00,1890,1890,1890,1890,0
2022-07-13 10:49:00,1890,1890,1890,1890,0
2022-07-13 10:50:00,1890,1890,1890,1890,0
2022-07-13 10:51:00,1890,1890,1890,1890,0
2022-07-13 10:52:00,1890,1890,1890,1890,0
2022-07-13 10:53:00,1890,1890,1890,1890,0
2022-07-13 10:54:00,1890,1890,1890,1890,0
2022-07-13 10:55:00,1890,1890,1890,1890,0
2022-07-13 10:56:00,1890,1890,1890,1890,0
2022-07-13 10:57:00,1890,1890,1890,1890,0
2022-07-13 10:58:00,1890,1890,1890,1890,0
2022-07-13 10:59:00,1890,1890,1890,1890,0
2022-07-13 11:00:00,1890,1890,1890,1890,0
2022-07-13 11:01:00,1890,1890,1890,1890,0
2022-07-13 11:02:00,1890,1890,1890,1890,0
2022-07-13 11:03:00,1890,1890,1890,1890,0
2022-07-13 11:04:00,1890,1890,1890,1890,0
2022-07-13 11:05:00,1890,1890,1890,1890,0
2022-07-13 11:06:00,1890,1890,1890,1890,0
2022-07-13 11:07:00,1890,1890,1890,1890,0
2022-07-13 11:08:00,1890,1890,1890,1890,0
2022-07-13 11:09:00,1890,1890,1890,1890,0
2022-07-13 11:10:00,1890,1890,1890,1890,0
2022-07-13 11:11:00,1890,1890,1890,1890,0
2022-07-13 11:12:00,1890,1890,1890,1890,0
2022-07-13 11:13:00,1890,1890,1890,1890,0
2022-07-13 11:14:00,1890,1890,1890,1890,0
2022-07-13 11:15:00,1890,1890,1890,1890,0
2022-07-13 11:16:00,1890,1890,1890,1890,0
2022-07-13 11:17:00,1890,1890,1890,1890,0
2022-07-13 11:18:00,1890,1890,1890,1890,0
2022-07-13 11:19:00,1890,1890,1890,1890,0
2022-07-13 11:20:00,1890,1890,1890,1890,0
2022-07-13 11:21:00,1890,1890,1890,1890,0
2022-07-13 11:22:00,1890,1890,1890,1890,0
2022-07-13 11:23:00,1890,1890,1890,1890,0
2022-07-13 11:24:00,1890,1890,1890,1890,0
2022-07-13 11:25:00,1890,1890,1890,1890,0
2022-07-13 11:26:00,1890,1890,1890,1890,0
2022-07-13 11:27:00,1890,1890,1890,1890,0
2022-07-13 11:28:00,1890,1890,1890,1890,0
2022-07-13 11:29:00,1890,1890,1890,1890,0
2022-07-13 11:30:00,1890,1890,1890,1890,0
2022-07-13 11:31:00,1890,1890,1890,1890,0
2022-07-13 11:32:00,1890,1890,1890,1890,0
2022-07-13 11:33:00,1890,1890,1890,1890,0
2022-07-13 11:34:00,1890,1890,1890,1890,0
2022-07-13 11:35:00,1890,1890,1890,1890,0
2022-07-13 11:36:00,1890,1890,1890,1890,0
2022-07-13 11:37:00,1890,1890,1890,1890,0
2022-07-13 11:38:00,1890,1890,1890,1890,0
2022-07-13 11:39:00,1890,1890,1890,1890,0
2022-07-13 11:40:00,1890,1890,1890,1890,0
2022-07-13 11:41:00,1890,1890,1890,1890,0
2022-07-13 11:42:00,1890,1890,1890,1890,0
2022-07-13 11:43:00,1890,1890,1890,1890,0
2022-07-13 11:44:00,1890,1890,1890,1890,0
2022-07-13 11:45:00,1890,1890,1890,1890,0
2022-07-13 11:46:00,1890,1890,1890,1890,0
2022-07-13 11:47:00,1890,1890,1890,1890,0
2022-07-13 11:48:00,1890,1890,1890,1890,0
2022-07-13 11:49:00,1890,1890,1890,1890,0
2022-07-13 11:50:00,1890,1890,1890,1890,0
2022-07-13 11:51:00,1890,1890,1890,1890,0
2022-07-13 11:52:00,1890,1890,1890,1890,0
2022-07-13 11:53:00,1890,1890,1890,1890,0
2022-07-13 11:54:00,1890,1890,1890,1890,0
2022-07-13 11:55:00,1890,1890,1890,1890,0
2022-07-13 11:56:00,1890,1890,1890,1890,0
2022-07-13 11:57:00,1890,1890,1890,1890,0
2022-07-13 11:58:00,1890,1890,1890,1890,0
2022-07-13 11:59:00,1890,1890,1890,1890,0
2022-07-13 12:00:00,1890,1890,1890,1890,0
2022-07-13 12:01:00,1890,1890,1890,1890,0
2022-07-13 12:02:00,1890,1890,1890,1890,0
2022-07-13 12:03:00,1890,1890,1890,1890,0
2022-07-13 12:04:00,1890,1890,1890,1890,0
2022-07-13 12:05:00,1890,1890,1890,1890,0
2022-07-13 12:06:00,1890,1890,1890,1890,0
2022-07-13 12:07:00,1890,1890,1890,1890,0
2022-07-13 12:08:00,1890,1890,1890,1890,0
2022-07-13 12:09:00,1890,1890,1890,1890,0
2022-07-13 12:10:00,1890,1890,1890,1890,0
2022-07-13 12:11:00,1890,1890,1890,1890,0
2022-07-13 12:12:00,1890,1890,1890,1890,0
2022-07-13 12:13:00,1890,1890,1890,1890,0
2022-07-13 12:14:00,1890,1890,1890,1890,0
2022-07-13 12:15:00,1890,1890,1890,1890,0
2022-07-13 12:16:00,1890,1890,1890,1890,0
2022-07-13 12:17:00,1890,1890,1890,1890,0
2022-07-13 12:18:00,1890,1890,1890,1890,0
2022-07-13 12:19:00,1890,1890,1890,1890,0
2022-07-13 12:20:00,1890,1890,1890,1890,0
2022-07-13 12:21:00,1890,1890,1890,1890,0
2022-07-13 12:22:00,1890,1890,1890,1890,0
2022-07-13 12:23:00,1890,1890,1890,1890,0
2022-07-13 12:24:00,1890,1890,1890,1890,0
2022-07-13 12:25:00,1890,1890,1890,1890,0
2022-07-13 12:26:00,1890,1890,1890,1890,0
2022-07-13 12:27:00,1890,1890,1890,1890,0
2022-07-13 12:28:00,1890,1890,1890,1890,0
2022-07-13 12:29:00,1890,1890,1890,1890,0
2022-07-13 12:30:00,1890,1890,1890,1890,0
2022-07-13 12:31:00,1890,1890,1890,1890,0
2022-07-13 12:32:00,1890,1890,1890,1890,0
2022-07-13 12:33:00,1890,1890,1890,1890,0
2022-07-13 12:34:00,1890,1890,1890,1890,0
2022-07-13 12:35:00,1890,1890,1890,1890,0
2022-07-13 12:36:00,1890,1890,1890,1890,0
2022-07-13 12:37:00,1890,1890,1890,1890,0
2022-07-13 12:38:00,1890,1890,1890,1890,0
2022-07-13 12:39:00,1890,1890,1890,1890,0
2022-07-13 12:40:00,1890,1890,1890,1890,0
2022-07-13 12:41:00,1890,1890,1890,1890,0
2022-07-13 12:42:00,1890,1890,1890,1890,0
2022-07-13 12:43:00,1890,1890,1890,1890,0
2022-07-13 12:44:00,1890,1890,1890,1890,0
2022-07-13 12:45:00,1890,1890,1890,1890,0
2022-07-13 12:46:00,1890,1890,1890,1890,0
2022-07-13 12:47:00,1890,1890,1890,1890,0
2022-07-13 12:48:00,1890,1890,1890,1890,0
2022-07-13 12:49:00,1890,1890,1890,1890,0
2022-07-13 12:50:00,1890,1890,1890,1890,0
2022-07-13 12:51:00,1890,1890,1890,1890,0
2022-07-13 12:52:00,1890,1890,1890,1890,0
2022-07-13 12:53:00,1890,1890,1890,1890,0
2022-07-13 12:54:00,1890,1890,1890,1890,0
2022-07-13 12:55:00,1890,1890,1890,1890,0
2022-07-13 12:56:00,1890,1890,1890,1890,0
2022-07-13 12:57:00,1890,1890,1890,1890,0
2022-07-13 12:58:00,1890,1890,1890,1890,0
2022-07-13 12:59:00,1890,1890,1890,1890,0
2022-07-13 13:00:00,1890,1890,1890,1890,0
2022-07-13 13:01:00,1890,1890,1890,1890,0
2022-07-13 13:02:00,1890,1890,1890,1890,0
2022-07-13 13:03:00,1890,1890,1890,1890,0
2022-07-13 13:04:00,1890,1890,1890,1890,0
2022-07-13 13:05:00,1890,1890,1890,1890,0
2022-07-13 13:06:00,1890,1890,1890,1890,0
2022-07-13 13:07:00,1890,1890,1890,1890,0
2022-07-13 13:08:00,1890,1890,1890,1890,0
2022-07-13 13:09:00,1890,1890,1890,1890,0
2022-07-13 13:10:00,1890,1890,1890,1890,0
2022-07-13 13:11:00,1890,1890,1890,1890,0
2022-07-13 13:12:00,1890,1890,1890,1890,0
2022-07-13 13:13:00,1890,1890,1890,1890,0
2022-07-13 13:14:00,1890,1890,1890,1890,0
2022-07-13 13:15:00,1890,1890,1890,1890,0
2022-07-13 13:16:00,1890,1890,1890,1890,0
2022-07-13 13:17:00,1890,1890,1890,1890,0
2022-07-13 13:18:00,1890,1890,1890,1890,0
2022-07-13 13:19:00,1890,1890,1890,1890,0
2022-07-13 13:20:00,1890,1890,1890,1890,0
2022-07-13 13:21:00,1890,1890,1890,1890,0
2022-07-13 13:22:00,1890,1890,1890,1890,0
2022-07-13 13:23:00,1890,1890,1890,1890,0
2022-07-13 13:24:00,1890,1890,1890,1890,0
2022-07-13 13:25:00,1890,1890,1890,1890,0
2022-07-13 13:26:00,1890,1890,1890,1890,0
2022-07-13 13:27:00,1890,1890,1890,1890,0
2022-07-13 13:28:00,1890,1890,1890,1890,0
2022-07-13 13:29:00,1890,1890,1890,1890,0
2022-07-13 13:30:00,1890,1890,1890,1890,0
2022-07-13 13:31:00,1890,1890,1890,1890,0
2022-07-13 13:32:00,1890,1890,1890,1890,0
2022-07-13 13:33:00,1890,1890,1890,1890,0
2022-07-13 13:34:00,1890,1890,1890,1890,0
2022-07-13 13:35:00,1890,1890,1890,1890,0
2022-07-13 13:36:00,1890,1890,1890,1890,0
2022-07-13 13:37:00,1890,1890,1890,1890,0
2022-07-13 13:38:00,1890,1890,1890,1890,0
2022-07-13 13:39:00,1890,1890,1890,1890,0
2022-07-13 13:40:00,1890,1890,1890,1890,0
2022-07-13 13:41:00,1890,1890,1890,1890,0
2022-07-13 13:42:00,1890,1890,1890,1890,0
2022-07-13 13:43:00,1890,1890,1890,1890,0
2022-07-13 13:44:00,1890,1890,1890,1890,0
2022-07-13 13:45:00,1890,1890,1890,1890,0
2022-07-13 13:46:00,1890,1890,1890,1890,0
2022-07-13 13:47:00,1890,1890,1890,1890,0
2022-07-13 13:48:00,1890,1890,1890,1890,0
2022-07-13 13:49:00,1890,1890,1890,1890,0
2022-07-13 13:50:00,1890,1890,1890,1890,0
2022-07-13 13:51:00,1890,1890,1890,1890,0
2022-07-13 13:52:00,1890,1890,1890,1890,0
2022-07-13 13:53:00,1890,1890,1890,1890,0
2022-07-13 13:54:00,1890,1890,1890,1890,0
2022-07-13 13:55:00,1890,1890,1890,1890,0
2022-07-13 13:56:00,1890,1890,1890,1890,0
2022-07-13 13:57:00,1890,1890,1890,1890,0
2022-07-13 13:58:00,1890,1890,1890,1890,0
2022-07-13 13:59:00,1890,1890,1890,1890,0
2022-07-13 14:00:00,1890,1890,1890,1890,0
2022-07-13 14:01:00,1890,1890,1890,1890,0
2022-07-13 14:02:00,1890,1890,1890,1890,0
2022-07-13 14:03:00,1890,1890,1890,1890,0
2022-07-13 14:04:00,1890,1890,1890,1890,0
2022-07-13 14:05:00,1890,1890,1890,1890,0
2022-07-13 14:06:00,1890,1890,1890,1890,0
2022-07-13 14:07:00,1890,1890,1890,1890,0
2022-07-13 14:08:00,1890,1890,1890,1890,0
2022-07-13 14:09:00,1890,1890,1890,1890,0
2022-07-13 14:10:00,1890,1890,1890,1890,0
2022-07-13 14:11:00,1890,1890,1890,1890,0
2022-07-13 14:12:00,1890,1890,1890,1890,0
2022-07-13 14:13:00,1890,1890,1890,1890,0
2022-07-13 14:14:00,1890,1890,1890,1890,0
2022-07-13 14:15:00,1890,1890,1890,1890,0
2022-07-13 14:16:00,1890,1890,1890,1890,0
2022-07-13 14:17:00,1890,1890,1890,1890,0
2022-07-13 14:18:00,1890,1890,1890,1890,0
2022-07-13 14:19:00,1890,1890,1890,1890,0
2022-07-13 14:20:00,1890,1890,1890,1890,0
2022-07-13 14:21:00,1890,1890,1890,1890,0
2022-07-13 14:22:00,1890,1890,1890,1890,0
2022-07-13 14:23:00,1890,1890,1890,1890,0
2022-07-13 14:24:00,1890,1890,1890,1890,0
2022-07-13 14:25:00,1890,1890,1890,1890,0
2022-07-13 14:26:00,1890,1890,1890,1890,0
2022-07-13 14:27:00,1890,1890,1890,1890,0
2022-07-13 14:28:00,1890,1890,1890,1890,0
2022-07-13 14:29:00,1890,1890,1890,1890,0
2022-07-13 14:30:00,1890,1890,1890,1890,0
2022-07-13 14:31:00,1890,1890,1890,1890,0
2022-07-13 14:32:00,1890,1890,1890,1890,0
2022-07-13 14:33:00,1890,1890,1890,1890,0
2022-07-13 14:34:00,1890,1890,1890,1890,0
2022-07-13 14:35:00,1890,1890,1890,1890,0
2022-07-13 14:36:00,1890,1890,1890,1890,0
2022-07-13 14:37:00,1890,1890,1890,1890,0
2022-07-13 14:38:00,1890,1890,1890,1890,0
2022-07-13 14:39:00,1890,1890,1890,1890,0
2022-07-13 14:40:00,1890,1890,1890,1890,0
2022-07-13 14:41:00,1890,1890,1890,1890,0
2022-07-13 14:42:00,1890,1890,1890,1890,0
2022-07-13 14:43:00,1890,1890,1890,1890,0
2022-07-13 14:44:00,1890,1890,1890,1890,0
2022-07-13 14:45:00,1890,1890,1890,1890,0
2022-07-13 14:46:00,1890,1890,1890,1890,0
2022-07-13 14:47:00,1890,1890,1890,1890,0
2022-07-13 14:48:00,1890,1890,1890,1890,0
2022-07-13 14:49:00,1890,1890,1890,1890,0
2022-07-13 14:50:00,1890,1890,1890,1890,0
2022-07-13 14:51:00,1890,1890,1890,1890,0
2022-07-13 14:52:00,1890,1890,1890,1890,0
2022-07-13 14:53:00,1890,1890,1890,1890,0
2022-07-13 14:54:00,1890,1890,1890,1890,0
2022-07-13 14:55:00,1890,1890,1890,1890,0
2022-07-13 14:56:00,1890,1890,1890,1890,0
2022-07-13 14:57:00,1890,1890,1890,1890,0
2022-07-13 14:58:00,1890,1890,1890,1890,0
2022-07-13 14:59:00,1890,1890,1890,1890,0
2022-07-13 15:00:00,1890,1890,1890,1890,0
2022-07-13 15:01:00,1890,1890,1890,1890,0
2022-07-13 15:02:00,1890,1890,1890,1890,0
2022-07-13 15:03:00,1890,1890,1890,1890,0
2022-07-13 15:04:00,1890,1890,1890,1890,0
2022-07-13 15:05:00,1890,1890,1890,1890,0
2022-07-13 15:06:00,1890,1890,1890,1890,0
2022-07-13 15:07:00,1890,1890,1890,1890,0
2022-07-13 15:08:00,1890,1890,1890,1890,0
2022-07-13 15:09:00,1890,1890,1890,1890,0
2022-07-13 15:10:00,1890,1890,1890,1890,0
2022-07-13 15:11:00,1890,1890,1890,1890,0
2022-07-13 15:12:00,1890,1890,1890,1890,0
2022-07-13 15:13:00,1890,1890,1890,1890,0
2022-07-13 15:14:00,1890,1890,1890,1890,0
2022-07-13 15:15:00,1890,1890,1890,1890,0
2022-07-13 15:16:00,1890,1890,1890,1890,0
2022-07-13 15:17:00,1890,1890,1890,1890,0
2022-07-13 15:18:00,1890,1890,1890,1890,0
2022-07-13 15:19:00,1890,1890,1890,1890,0
2022-07-13 15:20:00,1890,1890,1890,1890,0
2022-07-13 15:21:00,1890,1890,1890,1890,0
2022-07-13 15:22:00,1890,1890,1890,1890,0
2022-07-13 15:23:00,1890,1890,1890,1890,0
2022-07-13 15:24:00,1890,1890,1890,1890,0
2022-07-13 15:25:00,1890,1890,1890,1890,0
2022-07-13 15:26:00,1890,1890,1890,1890,0
2022-07-13 15:27:00,1890,1890,1890,1890,0
2022-07-13 15:28:00,1890,1890,1890,1890,0
2022-07-13 15:29:00,1890,1890,1890,1890,0
2022-07-13 15:30:00,1890,1890,1890,1890,0
2022-07-13 15:31:00,1890,1890,1890,1890,0
2022-07-13 15:32:00,1890,1890,1890,1890,0
2022-07-13 15:33:00,1890,1890,1890,1890,0
2022-07-13 15:34:00,1890,1890,1890,1890,0
2022-07-13 15:35:00,1890,1890,1890,1890,0
2022-07-13 15:36:00,1890,1890,1890,1890,0
2022-07-13 15:37:00,1890,1890,1890,1890,0
2022-07-13 15:38:00,1890,1890,1890,1890,0
2022-07-13 15:39:00,1890,1890,1890,1890,0
2022-07-13 15:40:00,1890,1890,1890,1890,0
2022-07-13 15:41:00,1890,1890,1890,1890,0
2022-07-13 15:42:00,1890,1890,1890,1890,0
2022-07-13 15:43:00,1890,1890,1890,1890,0
2022-07-13 15:44:00,1890,1890,1890,1890,0
2022-07-13 15:45:00,1890,1890,1890,1890,0
2022-07-13 15:46:00,1890,1890,1890,1890,0
2022-07-13 15:47:00,1890,1890,1890,1890,0
2022-07-13 15:48:00,1890,1890,1890,1890,0
2022-07-13 15:49:00,1890,1890,1890,1890,0
2022-07-13 15:50:00,1890,1890,1890,1890,0
2022-07-13 15:51:00,1890,1890,1890,1890,0
2022-07-13 15:52:00,1890,1890,1890,1890,0
2022-07-13 15:53:00,1890,1890,1890,1890,0
2022-07-13 15:54:00,1890,1890,1890,1890,0
2022-07-13 15:55:00,1890,1890,1890,1890,0
2022-07-13 15:56:00,1890,1890,1890,1890,0
2022-07-13 15:57:00,1890,1890,1890,1890,0
2022-07-13 15:58:00,1890,1890,1890,1890,0
2022-07-13 15:59:00,1890,1890,1890,1890,0
2022-07-14 09:00:00,1890,1890,1890,1890,0
2022-07-14 09:01:00,1890,1890,1890,1890,0
2022-07-14 09:02:00,1890,1890,1890,1890,0
2022-07-14 09:03:00,1890,1890,1890,1890,0
2022-07-14 09:04:00,1890,1890,1890,1890,0
2022-07-14 09:05:00,1890,1890,1890,1890,0
2022-07-14 09:06:00,1890,1890,1890,1890,0
2022-07-14 09:07:00,1890,1890,1890,1890,0
2022-07-14 09:08:00,1890,1890,1890,1890,0
2022-07-14 09:09:00,1890,1890,1890,1890,0
2022-07-14 09:10:00,1890,1890,1890,1890,0
2022-07-14 09:11:00,1890,1890,1890,1890,0
2022-07-14 09:12:00,1890,1890,1890,1890,0
2022-07-14 09:13:00,1890,1890,1890,1890,0
2022-07-14 09:14:00,1890,1890,1890,1890,0
2022-07-14 09:15:00,1890,1890,1890,1890,0
2022-07-14 09:16:00,1890,1890,1890,1890,0
2022-07-14 09:17:00,1890,1890,1890,1890,0
2022-07-14 09:18:00,1890,1890,1890,1890,0
2022-07-14 09:19:00,1890,1890,1890,1890,0
2022-07-14 09:20:00,1890,1890,1890,1890,0
2022-07-14 09:21:00,1890,1890,1890,1890,0
2022-07-14 09:22:00,1890,1890,1890,1890,0
2022-07-14 09:23:00,1890,1890,1890,1890,0
2022-07-14 09:24:00,1890,1890,1890,1890,0
2022-07-14 09:25:00,1890,1890,1890,1890,0
2022-07-14 09:26:00,1890,1890,1890,1890,0
2022-07-14 09:27:00,1890,1890,1890,1890,0
2022-07-14 09:28:00,1890,1890,1890,1890,0
2022-07-14 09:29:00,1890,1890,1890,1890,0
2022-07-14 09:30:00,1890,1890,1890,1890,0
2022-07-14 09:31:00,1890,1890,1890,1890,0
2022-07-14 09:32:00,1890,1890,1890,1890,0
2022-07-14 09:33:00,1890,1890,1890,1890,0
2022-07-14 09:34:00,1890,1890,1890,1890,0
2022-07-14 09:35:00,1890,1890,1890,1890,0
2022-07-14 09:36:00,1890,1890,1890,1890,0
2022-07-14 09:37:00,1890,1890,1890,1890,0
2022-07-14 09:38:00,1890,1890,1890,1890,0
2022-07-14 09:39:00,1890,1890,1890,1890,0
2022-07-14 09:40:00,1890,1890,1890,1890,0
2022-07-14 09:41:00,1890,1890,1890,1890,0
2022-07-14 09:42:00,1890,1890,1890,1890,0
2022-07-14 09:43:00,1890,1890,1890,1890,0
2022-07-14 09:44:00,1890,1890,1890,1890,0
2022-07-14 09:45:00,1890,1890,1890,1890,0
2022-07-14 09:46:00,1890,1890,1890,1890,0
2022-07-14 09:47:00,1890,1890,1890,1890,0
2022-07-14 09:48:00,1890,1890,1890,1890,0
2022-07-14 09:49:00,1890,1890,1890,1890,0
2022-07-14 09:50:00,1890,1890,1890,1890,0
2022-07-14 09:51:00,1890,1890,1890,1890,0
2022-07-14 09:52:00,1890,1890,1890,1890,0
2022-07-14 09:53:00,1890,1890,1890,1890,0
2022-07-14 09:54:00,1890,1890,1890,1890,0
2022-07-14 09:55:00,1890,1890,1890,1890,0
2022-07-14 09:56:00,1890,1890,1890,1890,0
2022-07-14 09:57:00,1890,1890,1890,1890,0
2022-07-14 09:58:00,1890,1890,1890,1890,0
2022-07-14 09:59:00,1890,1890,1890,1890,0
2022-07-14 10:00:00,1890,1890,1890,1890,0
2022-07-14 10:01:00,1890,1890,1890,1890,0
2022-07-14 10:02:00,1890,1890,1890,1890,0
2022-07-14 10:03:00,1890,1890,1890,1890,0
2022-07-14 10:04:00,1890,1890,1890,1890,0
2022-07-14 10:05:00,1890,1890,1890,1890,0
2022-07-14 10:06:00,1890,1890,1890,1890,0
2022-07-14 10:07:00,1890,1890,1890,1890,0
2022-07-14 10:08:00,1890,1890,1890,1890,0
2022-07-14 10:09:00,1890,1890,1890,1890,0
2022-07-14 10:10:00,1890,1890,1890,1890,0
2022-07-14 10:11:00,1890,1890,1890,1890,0
2022-07-14 10:12:00,1890,1890,1890,1890,0
2022-07-14 10:13:00,1890,1890,1890,1890,0
2022-07-14 10:14:00,1890,1890,1890,1890,0
2022-07-14 10:15:00,1890,1890,1890,1890,0
2022-07-14 10:16:00,1890,1890,1890,1890,0
2022-07-14 10:17:00,1890,1890,1890,1890,0
2022-07-14 10:18:00,1890,1890,1890,1890,0
2022-07-14 10:19:00,1890,1890,1890,1890,0
2022-07-14 10:20:00,1890,1890,1890,1890,0
2022-07-14 10:21:00,1890,1890,1890,1890,0
2022-07-14 10:22:00,1890,1890,1890,1890,0
2022-07-14 10:23:00,1890,1890,1890,1890,0
2022-07-14 10:24:00,1890,1890,1890,1890,0
2022-07-14 10:25:00,1890,1890,1890,1890,0
2022-07-14 10:26:00,1890,1890,1890,1890,0
2022-07-14 10:27:00,1890,1890,1890,1890,0
2022-07-14 10:28:00,1890,1890,1890,1890,0
2022-07-14 10:29:00,1890,1890,1890,1890,0
2022-07-14 10:30:00,1890,1890,1890,1890,0
2022-07-14 10:31:00,1890,1890,1890,1890,0
2022-07-14 10:32:00,1890,1890,1890,1890,0
2022-07-14 10:33:00,1890,1890,1890,1890,0
2022-07-14 10:34:00,1890,1890,1890,1890,0
2022-07-14 10:35:00,1890,1890,1890,1890,0
2022-07-14 10:36:00,1890,1890,1890,1890,0
2022-07-14 10:37:00,1890,1890,1890,1890,0
2022-07-14 10:38:00,1890,1890,1890,1890,0
2022-07-14 10:39:00,1890,1890,1890,1890,0
2022-07-14 10:40:00,1890,1890,1890,1890,0
2022-07-14 10:41:00,1890,1890,1890,1890,0
2022-07-14 10:42:00,1890,1890,1890,1890,0
2022-07-14 10:43:00,1890,1890,1890,1890,0
2022-07-14 10:44:00,1890,1890,1890,1890,0
2022-07-14 10:45:00,1890,1890,1890,1890,0
2022-07-14 10:46:00,1890,1890,1890,1890,0
2022-07-14 10:47:00,1890,1890,1890,1890,0
2022-07-14 10:48:00,1890,1890,1890,1890,0
2022-07-14 10:49:00,1890,1890,1890,1890,0
2022-07-14 10:50:00,1890,1890,1890,1890,0
2022-07-14 10:51:00,1890,1890,1890,1890,0
2022-07-14 10:52:00,1890,1890,1890,1890,0
2022-07-14 10:53:00,1890,1890,1890,1890,0
2022-07-14 10:54:00,1890,1890,1890,1890,0
2022-07-14 10:55:00,1890,1890,1890,1890,0
2022-07-14 10:56:00,1890,1890,1890,1890,0
2022-07-14 10:57:00,1890,1890,1890,1890,0
2022-07-14 10:58:00,1890,1890,1890,1890,0
2022-07-14 10:59:00,1890,1890,1890,1890,0
2022-07-14 11:00:00,1890,1890,1890,1890,0
2022-07-14 11:01:00,1890,1890,1890,1890,0
2022-07-14 11:02:00,1890,1890,1890,1890,0
2022-07-14 11:03:00,1890,1890,1890,1890,0
2022-07-14 11:04:00,1890,1890,1890,1890,0
2022-07-14 11:05:00,1890,1890,1890,1890,0
2022-07-14 11:06:00,1890,1890,1890,1890,0
2022-07-14 11:07:00,1890,1890,1890,1890,0
2022-07-14 11:08:00,1890,1890,1890,1890,0
2022-07-14 11:09:00,1890,1890,1890,1890,0
2022-07-14 11:10:00,1890,1890,1890,1890,0
2022-07-14 11:11:00,1890,1890,1890,1890,0
2022-07-14 11:12:00,1890,1890,1890,1890,0
2022-07-14 11:13:00,1890,1890,1890,1890,0
2022-07-14 11:14:00,1890,1890,1890,1890,0
2022-07-14 11:15:00,1890,1890,1890,1890,0
2022-07-14 11:16:00,1890,1890,1890,1890,0
2022-07-14 11:17:00,1890,1890,1890,1890,0
2022-07-14 11:18:00,1890,1890,1890,1890,0
2022-07-14 11:19:00,1890,1890,1890,1890,0
2022-07-14 11:20:00,1890,1890,1890,1890,0
2022-07-14 11:21:00,1890,1890,1890,1890,0
2022-07-14 11:22:00,1890,1890,1890,1890,0
2022-07-14 11:23:00,1890,1890,1890,1890,0
2022-07-14 11:24:00,1890,1890,1890,1890,0
2022-07-14 11:25:00,1890,1890,1890,1890,0
2022-07-14 11:26:00,1890,1890,1890,1890,0
2022-07-14 11:27:00,1890,1890,1890,1890,0
2022-07-14 11:28:00,1890,1890,1890,1890,0
2022-07-14 11:29:00,1890,1890,1890,1890,0
2022-07-14 11:30:00,1890,1890,1890,1890,0
2022-07-14 11:31:00,1890,1890,1890,1890,0
2022-07-14 11:32:00,1890,1890,1890,1890,0
2022-07-14 11:33:00,1890,1890,1890,1890,0
2022-07-14 11:34:00,1890,1890,1890,1890,0
2022-07-14 11:35:00,1890,1890,1890,1890,0
2022-07-14 11:36:00,1890,1890,1890,1890,0
2022-07-14 11:37:00,1890,1890,1890,1890,0
2022-07-14 11:38:00,1890,1890,1890,1890,0
2022-07-14 11:39:00,1890,1890,1890,1890,0
2022-07-14 11:40:00,1890,1890,1890,1890,0
2022-07-14 11:41:00,1890,1890,1890,1890,0
2022-07-14 11:42:00,1890,1890,1890,1890,0
2022-07-14 11:43:00,1890,1890,1890,1890,0
2022-07-14 11:44:00,1890,1890,1890,1890,0
2022-07-14 11:45:00,1890,1890,1890,1890,0
2022-07-14 11:46:00,1890,1890,1890,1890,0
2022-07-14 11:47:00,1890,1890,1890,1890,0
2022-07-14 11:48:00,1890,1890,1890,1890,0
2022-07-14 11:49:00,1890,1890,1890,1890,0
2022-07-14 11:50:00,1890,1890,1890,1890,0
2022-07-14 11:51:00,1890,1890,1890,1890,0
2022-07-14 11:52:00,1890,1890,1890,1890,0
2022-07-14 11:53:00,1890,1890,1890,1890,0
2022-07-14 11:54:00,1890,1890,1890,1890,0
2022-07-14 11:55:00,1890,1890,1890,1890,0
2022-07-14 11:56:00,1890,1890,1890,1890,0
2022-07-14 11:57:00,1890,1890,1890,1890,0
2022-07-14 11:58:00,1890,1890,1890,1890,0
2022-07-14 11:59:00,1890,1890,1890,1890,0
2022-07-14 12:00:00,1890,1890,1890,1890,0
2022-07-14 12:01:00,1890,1890,1890,1890,0
2022-07-14 12:02:00,1890,1890,1890,1890,0
2022-07-14 12:03:00,1890,1890,1890,1890,0
2022-07-14 12:04:00,1890,1890,1890,1890,0
2022-07-14 12:05:00,1890,1890,1890,1890,0
2022-07-14 12:06:00,1890,1890,1890,1890,0
2022-07-14 12:07:00,1890,1890,1890,1890,0
2022-07-14 12:08:00,1890,1890,1890,1890,0
2022-07-14 12:09:00,1890,1890,1890,1890,0
2022-07-14 12:10:00,1890,1890,1890,1890,0
2022-07-14 12:11:00,1890,1890,1890,1890,0
2022-07-14 12:12:00,1890,1890,1890,1890,0
2022-07-14 12:13:00,1890,1890,1890,1890,0
2022-07-14 12:14:00,1890,1890,1890,1890,0
2022-07-14 12:15:00,1890,1890,1890,1890,0
2022-07-14 12:16:00,1890,1890,1890,1890,0
2022-07-14 12:17:00,1890,1890,1890,1890,0
2022-07-14 12:18:00,1890,1890,1890,1890,0
2022-07-14 12:19:00,1890,1890,1890,1890,0
2022-07-14 12:20:00,1890,1890,1890,1890,0
2022-07-14 12:21:00,1890,1890,1890,1890,0
2022-07-14 12:22:00,1890,1890,1890,1890,0
2022-07-14 12:23:00,1890,1890,1890,1890,0
2022-07-14 12:24:00,1890,1890,1890,1890,0
2022-07-14 12:25:00,1890,1890,1890,1890,0
2022-07-14 12:26:00,1890,1890,1890,1890,0
2022-07-14 12:27:00,1890,1890,1890,1890,0
2022-07-14 12:28:00,1890,1890,1890,1890,0
2022-07-14 12:29:00,1890,1890,1890,1890,0
2022-07-14 12:30:00,1890,1890,1890,1890,0
2022-07-14 12:31:00,1890,1890,1890,1890,0
2022-07-14 12:32:00,1890,1890,1890,1890,0
2022-07-14 12:33:00,1890,1890,1890,1890,0
2022-07-14 12:34:00,1890,1890,1890,1890,0
2022-07-14 12:35:00,1890,1890,1890,1890,0
2022-07-14 12:36:00,1890,1890,1890,1890,0
2022-07-14 12:37:00,1890,1890,1890,1890,0
2022-07-14 12:38:00,1890,1890,1890,1890,0
2022-07-14 12:39:00,1890,1890,1890,1890,0
2022-07-14 12:40:00,1890,1890,1890,1890,0
2022-07-14 12:41:00,1890,1890,1890,1890,0
2022-07-14 12:42:00,1890,1890,1890,1890,0
2022-07-14 12:43:00,1890,1890,1890,1890,0
2022-07-14 12:44:00,1890,1890,1890,1890,0
2022-07-14 12:45:00,1890,1890,1890,1890,0
2022-07-14 12:46:00,1890,1890,1890,1890,0
2022-07-14 12:47:00,1890,1890,1890,1890,0
2022-07-14 12:48:00,1890,1890,1890,1890,0
2022-07-14 12:49:00,1890,1890,1890,1890,0
2022-07-14 12:50:00,1890,1890,1890,1890,0
2022-07-14 12:51:00,1890,1890,1890,1890,0
2022-07-14 12:52:00,1890,1890,1890,1890,0
2022-07-14 12:53:00,1890,1890,1890,1890,0
2022-07-14 12:54:00,1890,1890,1890,1890,0
2022-07-14 12:55:00,1890,1890,1890,1890,0
2022-07-14 12:56:00,1890,1890,1890,1890,0
2022-07-14 12:57:00,1890,1890,1890,1890,0
2022-07-14 12:58:00,1890,1890,1890,1890,0
2022-07-14 12:59:00,1890,1890,1890,1890,0
2022-07-14 13:00:00,1890,1890,1890,1890,0
2022-07-14 13:01:00,1890,1890,1890,1890,0
2022-07-14 13:02:00,1890,1890,1890,1890,0
2022-07-14 13:03:00,1890,1890,1890,1890,0
2022-07-14 13:04:00,1890,1890,1890,1890,0
2022-07-14 13:05:00,1890,1890,1890,1890,0
2022-07-14 13:06:00,1890,1890,1890,1890,0
2022-07-14 13:07:00,1890,1890,1890,1890,0
2022-07-14 13:08:00,1890,1890,1890,1890,0
2022-07-14 13:09:00,1890,1890,1890,1890,0
2022-07-14 13:10:00,1890,1890,1890,1890,0
2022-07-14 13:11:00,1890,1890,1890,1890,0
2022-07-14 13:12:00,1890,1890,1890,1890,0
2022-07-14 13:13:00,1890,1890,1890,1890,0
2022-07-14 13:14:00,1890,1890,1890,1890,0
2022-07-14 13:15:00,1890,1890,1890,1890,0
2022-07-14 13:16:00,1890,1890,1890,1890,0
2022-07-14 13:17:00,1890,1890,1890,1890,0
2022-07-14 13:18:00,1890,1890,1890,1890,0
2022-07-14 13:19:00,1890,1890,1890,1890,0
2022-07-14 13:20:00,1890,1890,1890,1890,0
2022-07-14 13:21:00,1890,1890,1890,1890,0
2022-07-14 13:22:00,1890,1890,1890,1890,0
2022-07-14 13:23:00,1890,1890,1890,1890,0
2022-07-14 13:24:00,1890,1890,1890,1890,0
2022-07-14 13:25:00,1890,1890,1890,1890,0
2022-07-14 13:26:00,1890,1890,1890,1890,0
2022-07-14 13:27:00,1890,1890,1890,1890,0
2022-07-14 13:28:00,1890,1890,1890,1890,0
2022-07-14 13:29:00,1890,1890,1890,1890,0
2022-07-14 13:30:00,1890,1890,1890,1890,0
2022-07-14 13:31:00,1890,1890,1890,1890,0
2022-07-14 13:32:00,1890,1890,1890,1890,0
2022-07-14 13:33:00,1890,1890,1890,1890,0
2022-07-14 13:34:00,1890,1890,1890,1890,0
2022-07-14 13:35:00,1890,1890,1890,1890,0
2022-07-14 13:36:00,1890,1890,1890,1890,0
2022-07-14 13:37:00,1890,1890,1890,1890,0
2022-07-14 13:38:00,1890,1890,1890,1890,0
2022-07-14 13:39:00,1890,1890,1890,1890,0
2022-07-14 13:40:00,1890,1890,1890,1890,0
2022-07-14 13:41:00,1890,1890,1890,1890,0
2022-07-14 13:42:00,1890,1890,1890,1890,0
2022-07-14 13:43:00,1890,1890,1890,1890,0
2022-07-14 13:44:00,1890,1890,1890,1890,0
2022-07-14 13:45:00,1890,1890,1890,1890,0
2022-07-14 13:46:00,1890,1890,1890,1890,0
2022-07-14 13:47:00,1890,1890,1890,1890,0
2022-07-14 13:48:00,1890,1890,1890,1890,0
2022-07-14 13:49:00,1890,1890,1890,1890,0
2022-07-14 13:50:00,1890,1890,1890,1890,0
2022-07-14 13:51:00,1890,1890,1890,1890,0
2022-07-14 13:52:00,1890,1890,1890,1890,0
2022-07-14 13:53:00,1890,1890,1890,1890,0
2022-07-14 13:54:00,1890,1890,1890,1890,0
2022-07-14 13:55:00,1890,1890,1890,1890,0
2022-07-14 13:56:00,1890,1890,1890,1890,0
2022-07-14 13:57:00,1890,1890,1890,1890,0
2022-07-14 13:58:00,1890,1890,1890,1890,0
2022-07-14 13:59:00,1890,1890,1890,1890,0
2022-07-14 14:00:00,1890,1890,1890,1890,0
2022-07-14 14:01:00,1890,1890,1890,1890,0
2022-07-14 14:02:00,1890,1890,1890,1890,0
2022-07-14 14:03:00,1890,1890,1890,1890,0
2022-07-14 14:04:00,1890,1890,1890,1890,0
2022-07-14 14:05:00,1890,1890,1890,1890,0
2022-07-14 14:06:00,1890,1890,1890,1890,0
2022-07-14 14:07:00,1890,1890,1890,1890,0
2022-07-14 14:08:00,1890,1890,1890,1890,0
2022-07-14 14:09:00,1890,1890,1890,1890,0
2022-07-14 14:10:00,1890,1890,1890,1890,0
2022-07-14 14:11:00,1890,1890,1890,1890,0
2022-07-14 14:12:00,1890,1890,1890,1890,0
2022-07-14 14:13:00,1890,1890,1890,1890,0
2022-07-14 14:14:00,1890,1890,1890,1890,0
2022-07-14 14:15:00,1890,1890,1890,1890,0
2022-07-14 14:16:00,1890,1890,1890,1890,0
2022-07-14 14:17:00,1890,1890,1890,1890,0
2022-07-14 14:18:00,1890,1890,1890,1890,0
2022-07-14 14:19:00,1890,1890,1890,1890,0
2022-07-14 14:20:00,1890,1890,1890,1890,0
2022-07-14 14:21:00,1890,1890,1890,1890,0
2022-07-14 14:22:00,1890,1890,1890,1890,0
2022-07-14 14:23:00,1890,1890,1890,1890,0
2022-07-14 14:24:00,1890,1890,1890,1890,0
2022-07-14 14:25:00,1890,1890,1890,1890,0
2022-07-14 14:26:00,1890,1890,1890,1890,0
2022-07-14 14:27:00,1890,1890,1890,1890,0
2022-07-14 14:28:00,1890,1890,1890,1890,0
2022-07-14 14:29:00,1890,1890,1890,1890,0
2022-07-14 14:30:00,1890,1890,1890,1890,0
2022-07-14 14:31:00,1890,1890,1890,1890,0
2022-07-14 14:32:00,1890,1890,1890,1890,0
2022-07-14 14:33:00,1890,1890,1890,1890,0
2022-07-14 14:34:00,1890,1890,1890,1890,0
2022-07-14 14:35:00,1890,1890,1890,1890,0
2022-07-14 14:36:00,1890,1890,1890,1890,0
2022-07-14 14:37:00,1890,1890,1890,1890,0
2022-07-14 14:38:00,1890,1890,1890,1890,0
2022-07-14 14:39:00,1890,1890,1890,1890,0
2022-07-14 14:40:00,1890,1890,1890,1890,0
2022-07-14 14:41:00,1890,1890,1890,1890,0
2022-07-14 14:42:00,1890,1890,1890,1890,0
2022-07-14 14:43:00,1890,1890,1890,1890,0
2022-07-14 14:44:00,1890,1890,1890,1890,0
2022-07-14 14:45:00,1890,1890,1890,1890,0
2022-07-14 14:46:00,1890,1890,1890,1890,0
2022-07-14 14:47:00,1890,1890,1890,1890,0
2022-07-14 14:48:00,1890,1890,1890,1890,0
2022-07-14 14:49:00,1890,1890,1890,1890,0
2022-07-14 14:50:00,1890,1890,1890,1890,0
2022-07-14 14:51:00,1890,1890,1890,1890,0
2022-07-14 14:52:00,1890,1890,1890,1890,0
2022-07-14 14:53:00,1890,1890,1890,1890,0
2022-07-14 14:54:00,1890,1890,1890,1890,0
2022-07-14 14:55:00,1890,1890,1890,1890,0
2022-07-14 14:56:00,1890,1890,1890,1890,0
2022-07-14 14:57:00,1890,1890,1890,1890,0
2022-07-14 14:58:00,1890,1890,1890,1890,0
2022-07-14 14:59:00,1890,1890,1890,1890,0
2022-07-14 15:00:00,1890,1890,1890,1890,0
2022-07-14 15:01:00,1890,1890,1890,1890,0
2022-07-14 15:02:00,1890,1890,1890,1890,0
2022-07-14 15:03:00,1890,1890,1890,1890,0
2022-07-14 15:04:00,1890,1890,1890,1890,0
2022-07-14 15:05:00,1890,1890,1890,1890,0
2022-07-14 15:06:00,1890,1890,1890,1890,0
2022-07-14 15:07:00,1890,1890,1890,1890,0
2022-07-14 15:08:00,1890,1890,1890,1890,0
2022-07-14 15:09:00,1890,1890,1890,1890,0
2022-07-14 15:10:00,1890,1890,1890,1890,0
2022-07-14 15:11:00,1890,1890,1890,1890,0
2022-07-14 15:12:00,1890,1890,1890,1890,0
2022-07-14 15:13:00,1890,1890,1890,1890,0
2022-07-14 15:14:00,1890,1890,1890,1890,0
2022-07-14 15:15:00,1890,1890,1890,1890,0
2022-07-14 15:16:00,1890,1890,1890,1890,0
2022-07-14 15:17:00,1890,1890,1890,1890,0
2022-07-14 15:18:00,1890,1890,1890,1890,0
2022-07-14 15:19:00,1890,1890,1890,1890,0
2022-07-14 15:20:00,1890,1890,1890,1890,0
2022-07-14 15:21:00,1890,1890,1890,1890,0
2022-07-14 15:22:00,1890,1890,1890,1890,0
2022-07-14 15:23:00,1890,1890,1890,1890,0
2022-07-14 15:24:00,1890,1890,1890,1890,0
2022-07-14 15:25:00,1890,1890,1890,1890,0
2022-07-14 15:26:00,1890,1890,1890,1890,0
2022-07-14 15:27:00,1890,1890,1890,1890,0
2022-07-14 15:28:00,1890,1890,1890,1890,0
2022-07-14 15:29:00,1890,1890,1890,1890,0
2022-07-14 15:30:00,1890,1890,1890,1890,0
2022-07-14 15:31:00,1890,1890,1890,1890,0
2022-07-14 15:32:00,1890,1890,1890,1890,0
2022-07-14 15:33:00,1890,1890,1890,1890,0
2022-07-14 15:34:00,1890,1890,1890,1890,0
2022-07-14 15:35:00,1890,1890,1890,1890,0
2022-07-14 15:36:00,1890,1890,1890,1890,0
2022-07-14 15:37:00,1890,1890,1890,1890,0
2022-07-14 15:38:00,1890,1890,1890,1890,0
2022-07-14 15:39:00,1890,1890,1890,1890,0
2022-07-14 15:40:00,1890,1890,1890,1890,0
2022-07-14 15:41:00,1890,1890,1890,1890,0
2022-07-14 15:42:00,1890,1890,1890,1890,0
2022-07-14 15:43:00,1890,1890,1890,1890,0
2022-07-14 15:44:00,1890,1890,1890,1890,0
2022-07-14 15:45:00,1890,1890,1890,1890,0
2022-07-14 15:46:00,1890,1890,1890,1890,0
2022-07-14 15:47:00,1890,1890,1890,1890,0
2022-07-14 15:48:00,1890,1890,1890,1890,0
2022-07-14 15:49:00,1890,1890,1890,1890,0
2022-07-14 15:50:00,1890,1890,1890,1890,0
2022-07-14 15:51:00,1890,1890,1890,1890,0
2022-07-14 15:52:00,1890,1890,1890,1890,0
2022-07-14 15:53:00,1890,1890,1890,1890,0
2022-07-14 15:54:00,1890,1890,1890,1890,0
2022-07-14 15:55:00,1890,1890,1890,1890,0
2022-07-14 15:56:00,1890,1890,1890,1890,0
2022-07-14 15:57:00,1890,1890,1890,1890,0
2022-07-14 15:58:00,1890,1890,1890,1890,0
2022-07-14 15:59:00,1890,1890,1890,1890,0
2022-07-15 09:00:00,1890,1890,1890,1890,0
2022-07-15 09:01:00,1890,1890,1890,1890,0
2022-07-15 09:02:00,1890,1890,1890,1890,0
2022-07-15 09:03:00,1890,1890,1890,1890,0
2022-07-15 09:04:00,1890,1890,1890,1890,0
2022-07-15 09:05:00,1890,1890,1890,1890,0
2022-07-15 09:06:00,1890,1890,1890,1890,0
2022-07-15 09:07:00,1890,1890,1890,1890,0
2022-07-15 09:08:00,1890,1890,1890,1890,0
2022-07-15 09:09:00,1890,1890,1890,1890,0
2022-07-15 09:10:00,1890,1890,1890,1890,0
2022-07-15 09:11:00,1890,1890,1890,1890,0
2022-07-15 09:12:00,1890,1890,1890,1890,0
2022-07-15 09:13:00,1890,1890,1890,1890,0
2022-07-15 09:14:00,1890,1890,1890,1890,0
2022-07-15 09:15:00,1890,1890,1890,1890,0
2022-07-15 09:16:00,1890,1890,1890,1890,0
2022-07-15 09:17:00,1890,1890,1890,1890,0
2022-07-15 09:18:00,1890,1890,1890,1890,0
2022-07-15 09:19:00,1890,1890,1890,1890,0
2022-07-15 09:20:00,1890,1890,1890,1890,0
2022-07-15 09:21:00,1890,1890,1890,1890,0
2022-07-15 09:22:00,1890,1890,1890,1890,0
2022-07-15 09:23:00,1890,1890,1890,1890,0
2022-07-15 09:24:00,1890,1890,1890,1890,0
2022-07-15 09:25:00,1890,1890,1890,1890,0
2022-07-15 09:26:00,1890,1890,1890,1890,0
2022-07-15 09:27:00,1890,1890,1890,1890,0
2022-07-15 09:28:00,1890,1890,1890,1890,0
2022-07-15 09:29:00,1890,1890,1890,1890,0
2022-07-15 09:30:00,1890,1890,1890,1890,0
2022-07-15 09:31:00,1890,1890,1890,1890,0
2022-07-15 09:32:00,1890,1890,1890,1890,0
2022-07-15 09:33:00,1890,1890,1890,1890,0
2022-07-15 09:34:00,1890,1890,1890,1890,0
2022-07-15 09:35:00,1890,1890,1890,1890,0
2022-07-15 09:36:00,1890,1890,1890,1890,0
2022-07-15 09:37:00,1890,1890,1890,1890,0
2022-07-15 09:38:00,1890,1890,1890,1890,0
2022-07-15 09:39:00,1890,1890,1890,1890,0
2022-07-15 09:40:00,1890,1890,1890,1890,0
2022-07-15 09:41:00,1890,1890,1890,1890,0
2022-07-15 09:42:00,1890,1890,1890,1890,0
2022-07-15 09:43:00,1890,1890,1890,1890,0
2022-07-15 09:44:00,1890,1890,1890,1890,0
2022-07-15 09:45:00,1890,1890,1890,1890,0
2022-07-15 09:46:00,1890,1890,1890,1890,0
2022-07-15 09:47:00,1890,1890,1890,1890,0
2022-07-15 09:48:00,1890,1890,1890,1890,0
2022-07-15 09:49:00,1890,1890,1890,1890,0
2022-07-15 09:50:00,1890,1890,1890,1890,0
2022-07-15 09:51:00,1890,1890,1890,1890,0
2022-07-15 09:52:00,1890,1890,1890,1890,0
2022-07-15 09:53:00,1890,1890,1890,1890,0
2022-07-15 09:54:00,1890,1890,1890,1890,0
2022-07-15 09:55:00,1890,1890,1890,1890,0
2022-07-15 09:56:00,1890,1890,1890,1890,0
2022-07-15 09:57:00,1890,1890,1890,1890,0
2022-07-15 09:58:00,1890,1890,1890,1890,0
2022-07-15 09:59:00,1890,1890,1890,1890,0
2022-07-15 10:00:00,1890,1890,1890,1890,0
2022-07-15 10:01:00,1890,1890,1890,1890,0
2022-07-15 10:02:00,1890,1890,1890,1890,0
2022-07-15 10:03:00,1890,1890,1890,1890,0
2022-07-15 10:04:00,1890,1890,1890,1890,0
2022-07-15 10:05:00,1890,1890,1890,1890,0
2022-07-15 10:06:00,1890,1890,1890,1890,0
2022-07-15 10:07:00,1890,1890,1890,1890,0
2022-07-15 10:08:00,1890,1890,1890,1890,0
2022-07-15 10:09:00,1890,1890,1890,1890,0
2022-07-15 10:10:00,1890,1890,1890,1890,0
2022-07-15 10:11:00,1890,1890,1890,1890,0
2022-07-15 10:12:00,1890,1890,1890,1890,0
2022-07-15 10:13:00,1890,1890,1890,1890,0
2022-07-15 10:14:00,1890,1890,1890,1890,0
2022-07-15 10:15:00,1890,1890,1890,1890,0
2022-07-15 10:16:00,1890,1890,1890,1890,0
2022-07-15 10:17:00,1890,1890,1890,1890,0
2022-07-15 10:18:00,1890,1890,1890,1890,0
2022-07-15 10:19:00,1890,1890,1890,1890,0
2022-07-15 10:20:00,1890,1890,1890,1890,0
2022-07-15 10:21:00,1890,1890,1890,1890,0
2022-07-15 10:22:00,1890,1890,1890,1890,0
2022-07-15 10:23:00,1890,1890,1890,1890,0
2022-07-15 10:24:00,1890,1890,1890,1890,0
2022-07-15 10:25:00,1890,1890,1890,1890,0
2022-07-15 10:26:00,1890,1890,1890,1890,0
2022-07-15 10:27:00,1890,1890,1890,1890,0
2022-07-15 10:28:00,1890,1890,1890,1890,0
2022-07-15 10:29:00,1890,1890,1890,1890,0
2022-07-15 10:30:00,1890,1890,1890,1890,0
2022-07-15 10:31:00,1890,1890,1890,1890,0
2022-07-15 10:32:00,1890,1890,1890,1890,0
2022-07-15 10:33:00,1890,1890,1890,1890,0
2022-07-15 10:34:00,1890,1890,1890,1890,0
2022-07-15 10:35:00,1890,1890,1890,1890,0
2022-07-15 10:36:00,1890,1890,1890,1890,0
2022-07-15 10:37:00,1890,1890,1890,1890,0
2022-07-15 10:38:00,1890,1890,1890,1890,0
2022-07-15 10:39:00,1890,1890,1890,1890,0
2022-07-15 10:40:00,1890,1890,1890,1890,0
2022-07-15 10:41:00,1890,1890,1890,1890,0
2022-07-15 10:42:00,1890,1890,1890,1890,0
2022-07-15 10:43:00,1890,1890,1890,1890,0
2022-07-15 10:44:00,1890,1890,1890,1890,0
2022-07-15 10:45:00,1890,1890,1890,1890,0
2022-07-15 10:46:00,1890,1890,1890,1890,0
2022-07-15 10:47:00,1890,1890,1890,1890,0
2022-07-15 10:48:00,1890,1890,1890,1890,0
2022-07-15 10:49:00,1890,1890,1890,1890,0
2022-07-15 10:50:00,1890,1890,1890,1890,0
2022-07-15 10:51:00,1890,1890,1890,1890,0
2022-07-15 10:52:00,1890,1890,1890,1890,0
2022-07-15 10:53:00,1890,1890,1890,1890,0
2022-07-15 10:54:00,1890,1890,1890,1890,0
2022-07-15 10:55:00,1890,1890,1890,1890,0
2022-07-15 10:56:00,1890,1890,1890,1890,0
2022-07-15 10:57:00,1890,1890,1890,1890,0
2022-07-15 10:58:00,1890,1890,1890,1890,0
2022-07-15 10:59:00,1890,1890,1890,1890,0
2022-07-15 11:00:00,1890,1890,1890,1890,0
2022-07-15 11:01:00,1890,1890,1890,1890,0
2022-07-15 11:02:00,1890,1890,1890,1890,0
2022-07-15 11:03:00,1890,1890,1890,1890,0
2022-07-15 11:04:00,1890,1890,1890,1890,0
2022-07-15 11:05:00,1890,1890,1890,1890,0
2022-07-15 11:06:00,1890,1890,1890,1890,0
2022-07-15 11:07:00,1890,1890,1890,1890,0
2022-07-15 11:08:00,1890,1890,1890,1890,0
2022-07-15 11:09:00,1890,1890,1890,1890,0
2022-07-15 11:10:00,1890,1890,1890,1890,0
2022-07-15 11:11:00,1890,1890,1890,1890,0
2022-07-15 11:12:00,1890,1890,1890,1890,0
2022-07-15 11:13:00,1890,1890,1890,1890,0
2022-07-15 11:14:00,1890,1890,1890,1890,0
2022-07-15 11:15:00,1890,1890,1890,1890,0
2022-07-15 11:16:00,1890,1890,1890,1890,0
2022-07-15 11:17:00,1890,1890,1890,1890,0
2022-07-15 11:18:00,1890,1890,1890,1890,0
2022-07-15 11:19:00,1890,1890,1890,1890,0
2022-07-15 11:20:00,1890,1890,1890,1890,0
2022-07-15 11:21:00,1890,1890,1890,1890,0
2022-07-15 11:22:00,1890,1890,1890,1890,0
2022-07-15 11:23:00,1890,1890,1890,1890,0
2022-07-15 11:24:00,1890,1890,1890,1890,0
2022-07-15 11:25:00,1890,1890,1890,1890,0
2022-07-15 11:26:00,1890,1890,1890,1890,0
2022-07-15 11:27:00,1890,1890,1890,1890,0
2022-07-15 11:28:00,1890,1890,1890,1890,0
2022-07-15 11:29:00,1890,1890,1890,1890,0
2022-07-15 11:30:00,1890,1890,1890,1890,0
2022-07-15 11:31:00,1890,1890,1890,1890,0
2022-07-15 11:32:00,1890,1890,1890,1890,0
2022-07-15 11:33:00,1890,1890,1890,1890,0
2022-07-15 11:34:00,1890,1890,1890,1890,0
2022-07-15 11:35:00,1890,1890,1890,1890,0
2022-07-15 11:36:00,1890,1890,1890,1890,0
2022-07-15 11:37:00,1890,1890,1890,1890,0
2022-07-15 11:38:00,1890,1890,1890,1890,0
2022-07-15 11:39:00,1890,1890,1890,1890,0
2022-07-15 11:40:00,1890,1890,1890,1890,0
2022-07-15 11:41:00,1890,1890,1890,1890,0
2022-07-15 11:42:00,1890,1890,1890,1890,0
2022-07-15 11:43:00,1890,1890,1890,1890,0
2022-07-15 11:44:00,1890,1890,1890,1890,0
2022-07-15 11:45:00,1890,1890,1890,1890,0
2022-07-15 11:46:00,1890,1890,1890,1890,0
2022-07-15 11:47:00,1890,1890,1890,1890,0
2022-07-15 11:48:00,1890,1890,1890,1890,0
2022-07-15 11:49:00,1890,1890,1890,1890,0
2022-07-15 11:50:00,1890,1890,1890,1890,0
2022-07-15 11:51:00,1890,1890,1890,1890,0
2022-07-15 11:52:00,1890,1890,1890,1890,0
2022-07-15 11:53:00,1890,1890,1890,1890,0
2022-07-15 11:54:00,1890,1890,1890,1890,0
2022-07-15 11:55:00,1890,1890,1890,1890,0
2022-07-15 11:56:00,1890,1890,1890,1890,0
2022-07-15 11:57:00,1890,1890,1890,1890,0
2022-07-15 11:58:00,1890,1890,1890,1890,0
2022-07-15 11:59:00,1890,1890,1890,1890,0
2022-07-15 12:00:00,1890,1890,1890,1890,0
2022-07-15 12:01:00,1890,1890,1890,1890,0
2022-07-15 12:02:00,1890,1890,1890,1890,0
2022-07-15 12:03:00,1890,1890,1890,1890,0
2022-07-15 12:04:00,1890,1890,1890,1890,0
2022-07-15 12:05:00,1890,1890,1890,1890,0
2022-07-15 12:06:00,1890,1890,1890,1890,0
2022-07-15 12:07:00,1890,1890,1890,1890,0
2022-07-15 12:08:00,1890,1890,1890,1890,0
2022-07-15 12:09:00,1890,1890,1890,1890,0
2022-07-15 12:10:00,1890,1890,1890,1890,0
2022-07-15 12:11:00,1890,1890,1890,1890,0
2022-07-15 12:12:00,1890,1890,1890,1890,0
2022-07-15 12:13:00,1890,1890,1890,1890,0
2022-07-15 12:14:00,1890,1890,1890,1890,0
2022-07-15 12:15:00,1890,1890,1890,1890,0
2022-07-15 12:16:00,1890,1890,1890,1890,0
2022-07-15 12:17:00,1890,1890,1890,1890,0
2022-07-15 12:18:00,1890,1890,1890,1890,0
2022-07-15 12:19:00,1890,1890,1890,1890,0
2022-07-15 12:20:00,1890,1890,1890,1890,0
2022-07-15 12:21:00,1890,1890,1890,1890,0
2022-07-15 12:22:00,1890,1890,1890,1890,0
2022-07-15 12:23:00,1890,1890,1890,1890,0
2022-07-15 12:24:00,1890,1890,1890,1890,0
2022-07-15 12:25:00,1890,1890,1890,1890,0
2022-07-15 12:26:00,1890,1890,1890,1890,0
2022-07-15 12:27:00,1890,1890,1890,1890,0
2022-07-15 12:28:00,1890,1890,1890,1890,0
2022-07-15 12:29:00,1890,1890,1890,1890,0
2022-07-15 12:30:00,1890,1890,1890,1890,0
2022-07-15 12:31:00,1890,1890,1890,1890,0
2022-07-15 12:32:00,1890,1890,1890,1890,0
2022-07-15 12:33:00,1890,1890,1890,1890,0
2022-07-15 12:34:00,1890,1890,1890,1890,0
2022-07-15 12:35:00,1890,1890,1890,1890,0
2022-07-15 12:36:00,1890,1890,1890,1890,0
2022-07-15 12:37:00,1890,1890,1890,1890,0
2022-07-15 12:38:00,1890,1890,1890,1890,0
2022-07-15 12:39:00,1890,1890,1890,1890,0
2022-07-15 12:40:00,1890,1890,1890,1890,0
2022-07-15 12:41:00,1890,1890,1890,1890,0
2022-07-15 12:42:00,1890,1890,1890,1890,0
2022-07-15 12:43:00,1890,1890,1890,1890,0
2022-07-15 12:44:00,1890,1890,1890,1890,0
2022-07-15 12:45:00,1890,1890,1890,1890,0
2022-07-15 12:46:00,1890,1890,1890,1890,0
2022-07-15 12:47:00,1890,1890,1890,1890,0
2022-07-15 12:48:00,1890,1890,1890,1890,0
2022-07-15 12:49:00,1890,1890,1890,1890,0
2022-07-15 12:50:00,1890,1890,1890,1890,0
2022-07-15 12:51:00,1890,1890,1890,1890,0
2022-07-15 12:52:00,1890,1890,1890,1890,0
2022-07-15 12:53:00,1890,1890,1890,1890,0
2022-07-15 12:54:00,1890,1890,1890,1890,0
2022-07-15 12:55:00,1890,1890,1890,1890,0
2022-07-15 12:56:00,1890,1890,1890,1890,0
2022-07-15 12:57:00,1890,1890,1890,1890,0
2022-07-15 12:58:00,1890,1890,1890,1890,0
2022-07-15 12:59:00,1890,1890,1890,1890,0
2022-07-15 13:00:00,1890,1890,1890,1890,0
2022-07-15 13:01:00,1890,1890,1890,1890,0
2022-07-15 13:02:00,1890,1890,1890,1890,0
2022-07-15 13:03:00,1890,1890,1890,1890,0
2022-07-15 13:04:00,1890,1890,1890,1890,0
2022-07-15 13:05:00,1890,1890,1890,1890,0
2022-07-15 13:06:00,1890,1890,1890,1890,0
2022-07-15 13:07:00,1890,1890,1890,1890,0
2022-07-15 13:08:00,1890,1890,1890,1890,0
2022-07-15 13:09:00,1890,1890,1890,1890,0
2022-07-15 13:10:00,1890,1890,1890,1890,0
2022-07-15 13:11:00,1890,1890,1890,1890,0
2022-07-15 13:12:00,1890,1890,1890,1890,0
2022-07-15 13:13:00,1890,1890,1890,1890,0
2022-07-15 13:14:00,1890,1890,1890,1890,0
2022-07-15 13:15:00,1890,1890,1890,1890,0
2022-07-15 13:16:00,1890,1890,1890,1890,0
2022-07-15 13:17:00,1890,1890,1890,1890,0
2022-07-15 13:18:00,1890,1890,1890,1890,0
2022-07-15 13:19:00,1890,1890,1890,1890,0
2022-07-15 13:20:00,1890,1890,1890,1890,0
2022-07-15 13:21:00,1890,1890,1890,1890,0
2022-07-15 13:22:00,1890,1890,1890,1890,0
2022-07-15 13:23:00,1890,1890,1890,1890,0
2022-07-15 13:24:00,1890,1890,1890,1890,0
2022-07-15 13:25:00,1890,1890,1890,1890,0
2022-07-15 13:26:00,1890,1890,1890,1890,0
2022-07-15 13:27:00,1890,1890,1890,1890,0
2022-07-15 13:28:00,1890,1890,1890,1890,0
2022-07-15 13:29:00,1890,1890,1890,1890,0
2022-07-15 13:30:00,1890,1890,1890,1890,0
2022-07-15 13:31:00,1890,1890,1890,1890,0
2022-07-15 13:32:00,1890,1890,1890,1890,0
2022-07-15 13:33:00,1890,1890,1890,1890,0
2022-07-15 13:34:00,1890,1890,1890,1890,0
2022-07-15 13:35:00,1890,1890,1890,1890,0
2022-07-15 13:36:00,1890,1890,1890,1890,0
2022-07-15 13:37:00,1890,1890,1890,1890,0
2022-07-15 13:38:00,1890,1890,1890,1890,0
2022-07-15 13:39:00,1890,1890,1890,1890,0
2022-07-15 13:40:00,1890,1890,1890,1890,0
2022-07-15 13:41:00,1890,1890,1890,1890,0
2022-07-15 13:42:00,1890,1890,1890,1890,0
2022-07-15 13:43:00,1890,1890,1890,1890,0
2022-07-15 13:44:00,1890,1890,1890,1890,0
2022-07-15 13:45:00,1890,1890,1890,1890,0
2022-07-15 13:46:00,1890,1890,1890,1890,0
2022-07-15 13:47:00,1890,1890,1890,1890,0
2022-07-15 13:48:00,1890,1890,1890,1890,0
2022-07-15 13:49:00,1890,1890,1890,1890,0
2022-07-15 13:50:00,1890,1890,1890,1890,0
2022-07-15 13:51:00,1890,1890,1890,1890,0
2022-07-15 13:52:00,1890,1890,1890,1890,0
2022-07-15 13:53:00,1890,1890,1890,1890,0
2022-07-15 13:54:00,1890,1890,1890,1890,0
2022-07-15 13:55:00,1890,1890,1890,1890,0
2022-07-15 13:56:00,1890,1890,1890,1890,0
2022-07-15 13:57:00,1890,1890,1890,1890,0
2022-07-15 13:58:00,1890,1890,1890,1890,0
2022-07-15 13:59:00,1890,1890,1890,1890,0
2022-07-15 14:00:00,1890,1890,1890,1890,0
2022-07-15 14:01:00,1890,1890,1890,1890,0
2022-07-15 14:02:00,1890,1890,1890,1890,0
2022-07-15 14:03:00,1890,1890,1890,1890,0
2022-07-15 14:04:00,1890,1890,1890,1890,0
2022-07-15 14:05:00,1890,1890,1890,1890,0
2022-07-15 14:06:00,1890,1890,1890,1890,0
2022-07-15 14:07:00,1890,1890,1890,1890,0
2022-07-15 14:08:00,1890,1890,1890,1890,0
2022-07-15 14:09:00,1890,1890,1890,1890,0
2022-07-15 14:10:00,1890,1890,1890,1890,0
2022-07-15 14:11:00,1890,1890,1890,1890,0
2022-07-15 14:12:00,1890,1890,1890,1890,0
2022-07-15 14:13:00,1890,1890,1890,1890,0
2022-07-15 14:14:00,1890,1890,1890,1890,0
2022-07-15 14:15:00,1890,1890,1890,1890,0
2022-07-15 14:16:00,1890,1890,1890,1890,0
2022-07-15 14:17:00,1890,1890,1890,1890,0
2022-07-15 14:18:00,1890,1890,1890,1890,0
2022-07-15 14:19:00,1890,1890,1890,1890,0
2022-07-15 14:20:00,1890,1890,1890,1890,0
2022-07-15 14:21:00,1890,1890,1890,1890,0
2022-07-15 14:22:00,1890,1890,1890,1890,0
2022-07-15 14:23:00,1890,1890,1890,1890,0
2022-07-15 14:24:00,1890,1890,1890,1890,0
2022-07-15 14:25:00,1890,1890,1890,1890,0
2022-07-15 14:26:00,1890,1890,1890,1890,0
2022-07-15 14:27:00,1890,1890,1890,1890,0
2022-07-15 14:28:00,1890,1890,1890,1890,0
2022-07-15 14:29:00,1890,1890,1890,1890,0
2022-07-15 14:30:00,1885,1885,1885,1885,28700
2022-07-15 14:31:00,1885,1885,1885,1885,0
2022-07-15 14:32:00,1885,1885,1885,1885,100
2022-07-15 14:33:00,1885,1885,1885,1885,0
2022-07-15 14:34:00,1885,1885,1885,1885,0
2022-07-15 14:35:00,1885,1885,1885,1885,0
2022-07-15 14:36:00,1885,1885,1885,1885,0
2022-07-15 14:37:00,1885,1885,1885,1885,0
2022-07-15 14:38:00,1885,1885,1885,1885,0
2022-07-15 14:39:00,1885,1885,1885,1885,0
2022-07-15 14:40:00,1885,1885,1885,1885,0
2022-07-15 14:41:00,1885,1885,1885,1885,0
2022-07-15 14:42:00,1885,1885,1885,1885,0
2022-07-15 14:43:00,1885,1885,1885,1885,0
2022-07-15 14:44:00,1885,1885,1885,1885,0
2022-07-15 14:45:00,1885,1885,1885,1885,0
2022-07-15 14:46:00,1885,1885,1885,1885,0
2022-07-15 14:47:00,1885,1885,1885,1885,0
2022-07-15 14:48:00,1885,1885,1885,1885,0
2022-07-15 14:49:00,1885,1885,1885,1885,0
2022-07-15 14:50:00,1885,1885,1885,1885,0
2022-07-15 14:51:00,1885,1885,1885,1885,0
2022-07-15 14:52:00,1885,1885,1885,1885,0
2022-07-15 14:53:00,1885,1885,1885,1885,0
2022-07-15 14:54:00,1885,1885,1885,1885,0
2022-07-15 14:55:00,1885,1885,1885,1885,0
2022-07-15 14:56:00,1885,1885,1885,1885,0
2022-07-15 14:57:00,1885,1885,1885,1885,0
2022-07-15 14:58:00,1885,1885,1885,1885,0
2022-07-15 14:59:00,1885,1885,1885,1885,0
2022-07-15 15:00:00,1885,1885,1885,1885,0
2022-07-15 15:01:00,1885,1885,1885,1885,0
2022-07-15 15:02:00,1885,1885,1885,1885,0
2022-07-15 15:03:00,1885,1885,1885,1885,0
2022-07-15 15:04:00,1885,1885,1885,1885,0
2022-07-15 15:05:00,1885,1885,1885,1885,0
2022-07-15 15:06:00,1885,1885,1885,1885,0
2022-07-15 15:07:00,1885,1885,1885,1885,0
2022-07-15 15:08:00,1885,1885,1885,1885,0
2022-07-15 15:09:00,1885,1885,1885,1885,0
2022-07-15 15:10:00,1885,1885,1885,1885,0
2022-07-15 15:11:00,1885,1885,1885,1885,0
2022-07-15 15:12:00,1885,1885,1885,1885,0
2022-07-15 15:13:00,1885,1885,1885,1885,0
2022-07-15 15:14:00,1885,1885,1885,1885,0
2022-07-15 15:15:00,1885,1885,1885,1885,0
2022-07-15 15:16:00,1885,1885,1885,1885,0
2022-07-15 15:17:00,1885,1885,1885,1885,0
2022-07-15 15:18:00,1885,1885,1885,1885,0
2022-07-15 15:19:00,1885,1885,1885,1885,0
2022-07-15 15:20:00,1885,1885,1885,1885,0
2022-07-15 15:21:00,1885,1885,1885,1885,0
2022-07-15 15:22:00,1885,1885,1885,1885,0
2022-07-15 15:23:00,1885,1885,1885,1885,0
2022-07-15 15:24:00,1885,1885,1885,1885,0
2022-07-15 15:25:00,1885,1885,1885,1885,0
2022-07-15 15:26:00,1885,1885,1885,1885,0
2022-07-15 15:27:00,1885,1885,1885,1885,0
2022-07-15 15:28:00,1885,1885,1885,1885,0
2022-07-15 15:29:00,1885,1885,1885,1885,0
2022-07-15 15:30:00,1885,1885,1885,1885,0
2022-07-15 15:31:00,1885,1885,1885,1885,0
2022-07-15 15:32:00,1885,1885,1885,1885,0
2022-07-15 15:33:00,1885,1885,1885,1885,0
2022-07-15 15:34:00,1885,1885,1885,1885,0
2022-07-15 15:35:00,1885,1885,1885,1885,0
2022-07-15 15:36:00,1885,1885,1885,1885,0
2022-07-15 15:37:00,1885,1885,1885,1885,0
2022-07-15 15:38:00,1885,1885,1885,1885,0
2022-07-15 15:39:00,1885,1885,1885,1885,0
2022-07-15 15:40:00,1885,1885,1885,1885,0
2022-07-15 15:41:00,1885,1885,1885,1885,0
2022-07-15 15:42:00,1885,1885,1885,1885,0
2022-07-15 15:43:00,1885,1885,1885,1885,0
2022-07-15 15:44:00,1885,1885,1885,1885,0
2022-07-15 15:45:00,1885,1885,1885,1885,0
2022-07-15 15:46:00,1885,1885,1885,1885,0
2022-07-15 15:47:00,1885,1885,1885,1885,0
2022-07-15 15:48:00,1885,1885,1885,1885,0
2022-07-15 15:49:00,1885,1885,1885,1885,0
2022-07-15 15:50:00,1885,1885,1885,1885,0
2022-07-15 15:51:00,1885,1885,1885,1885,0
2022-07-15 15:52:00,1885,1885,1885,1885,0
2022-07-15 15:53:00,1885,1885,1885,1885,0
2022-07-15 15:54:00,1885,1885,1885,1885,0
2022-07-15 15:55:00,1885,1885,1885,1885,0
2022-07-15 15:56:00,1885,1885,1885,1885,0
2022-07-15 15:57:00,1885,1885,1885,1885,0
2022-07-15 15:58:00,1885,1885,1885,1885,0
2022-07-15 15:59:00,1885,1885,1885,1885,0
2022-07-18 09:00:00,1925,1925,1925,1925,0
2022-07-18 09:01:00,1925,1925,1925,1925,0
2022-07-18 09:02:00,1925,1925,1925,1925,0
2022-07-18 09:03:00,1925,1925,1925,1925,0
2022-07-18 09:04:00,1925,1925,1925,1925,0
2022-07-18 09:05:00,1925,1925,1925,1925,0
2022-07-18 09:06:00,1925,1925,1925,1925,0
2022-07-18 09:07:00,1925,1925,1925,1925,0
2022-07-18 09:08:00,1925,1925,1925,1925,0
2022-07-18 09:09:00,1925,1925,1925,1925,0
2022-07-18 09:10:00,1925,1925,1925,1925,0
2022-07-18 09:11:00,1925,1925,1925,1925,0
2022-07-18 09:12:00,1925,1925,1925,1925,0
2022-07-18 09:13:00,1925,1925,1925,1925,0
2022-07-18 09:14:00,1925,1925,1925,1925,0
2022-07-18 09:15:00,1925,1925,1925,1925,0
2022-07-18 09:16:00,1925,1925,1925,1925,0
2022-07-18 09:17:00,1925,1925,1925,1925,0
2022-07-18 09:18:00,1925,1925,1925,1925,0
2022-07-18 09:19:00,1925,1925,1925,1925,0
2022-07-18 09:20:00,1925,1925,1925,1925,0
2022-07-18 09:21:00,1925,1925,1925,1925,0
2022-07-18 09:22:00,1925,1925,1925,1925,0
2022-07-18 09:23:00,1925,1925,1925,1925,0
2022-07-18 09:24:00,1925,1925,1925,1925,0
2022-07-18 09:25:00,1925,1925,1925,1925,0
2022-07-18 09:26:00,1925,1925,1925,1925,0
2022-07-18 09:27:00,1925,1925,1925,1925,0
2022-07-18 09:28:00,1925,1925,1925,1925,0
2022-07-18 09:29:00,1925,1925,1925,1925,0
2022-07-18 09:30:00,1925,1925,1925,1925,0
2022-07-18 09:31:00,1925,1925,1925,1925,0
2022-07-18 09:32:00,1925,1925,1925,1925,0
2022-07-18 09:33:00,1925,1925,1925,1925,0
2022-07-18 09:34:00,1925,1925,1925,1925,0
2022-07-18 09:35:00,1925,1925,1925,1925,0
2022-07-18 09:36:00,1925,1925,1925,1925,0
2022-07-18 09:37:00,1925,1925,1925,1925,0
2022-07-18 09:38:00,1925,1925,1925,1925,0
2022-07-18 09:39:00,1925,1925,1925,1925,0
2022-07-18 09:40:00,1925,1925,1925,1925,0
2022-07-18 09:41:00,1925,1925,1925,1925,0
2022-07-18 09:42:00,1925,1925,1925,1925,0
2022-07-18 09:43:00,1925,1925,1925,1925,0
2022-07-18 09:44:00,1925,1925,1925,1925,0
2022-07-18 09:45:00,1925,1925,1925,1925,0
2022-07-18 09:46:00,1925,1925,1925,1925,0
2022-07-18 09:47:00,1925,1925,1925,1925,0
2022-07-18 09:48:00,1925,1925,1925,1925,0
2022-07-18 09:49:00,1925,1925,1925,1925,0
2022-07-18 09:50:00,1925,1925,1925,1925,0
2022-07-18 09:51:00,1925,1925,1925,1925,0
2022-07-18 09:52:00,1925,1925,1925,1925,0
2022-07-18 09:53:00,1925,1925,1925,1925,0
2022-07-18 09:54:00,1925,1925,1925,1925,0
2022-07-18 09:55:00,1925,1925,1925,1925,0
2022-07-18 09:56:00,1925,1925,1925,1925,0
2022-07-18 09:57:00,1925,1925,1925,1925,0
2022-07-18 09:58:00,1925,1925,1925,1925,0
2022-07-18 09:59:00,1925,1925,1925,1925,0
2022-07-18 10:00:00,1925,1925,1925,1925,0
2022-07-18 10:01:00,1925,1925,1925,1925,0
2022-07-18 10:02:00,1925,1925,1925,1925,0
2022-07-18 10:03:00,1925,1925,1925,1925,0
2022-07-18 10:04:00,1925,1925,1925,1925,0
2022-07-18 10:05:00,1925,1925,1925,1925,0
2022-07-18 10:06:00,1925,1925,1925,1925,0
2022-07-18 10:07:00,1925,1925,1925,1925,0
2022-07-18 10:08:00,1925,1925,1925,1925,0
2022-07-18 10:09:00,1925,1925,1925,1925,0
2022-07-18 10:10:00,1925,1925,1925,1925,0
2022-07-18 10:11:00,1925,1925,1925,1925,0
2022-07-18 10:12:00,1925,1925,1925,1925,0
2022-07-18 10:13:00,1925,1925,1925,1925,0
2022-07-18 10:14:00,1925,1925,1925,1925,0
2022-07-18 10:15:00,1925,1925,1925,1925,0
2022-07-18 10:16:00,1925,1925,1925,1925,0
2022-07-18 10:17:00,1925,1925,1925,1925,0
2022-07-18 10:18:00,1925,1925,1925,1925,0
2022-07-18 10:19:00,1925,1925,1925,1925,0
2022-07-18 10:20:00,1925,1925,1925,1925,0
2022-07-18 10:21:00,1925,1925,1925,1925,0
2022-07-18 10:22:00,1925,1925,1925,1925,0
2022-07-18 10:23:00,1925,1925,1925,1925,0
2022-07-18 10:24:00,1925,1925,1925,1925,0
2022-07-18 10:25:00,1925,1925,1925,1925,0
2022-07-18 10:26:00,1925,1925,1925,1925,0
2022-07-18 10:27:00,1925,1925,1925,1925,0
2022-07-18 10:28:00,1925,1925,1925,1925,0
2022-07-18 10:29:00,1925,1925,1925,1925,0
2022-07-18 10:30:00,1925,1925,1925,1925,0
2022-07-18 10:31:00,1925,1925,1925,1925,0
2022-07-18 10:32:00,1925,1925,1925,1925,0
2022-07-18 10:33:00,1925,1925,1925,1925,0
2022-07-18 10:34:00,1925,1925,1925,1925,0
2022-07-18 10:35:00,1925,1925,1925,1925,0
2022-07-18 10:36:00,1925,1925,1925,1925,0
2022-07-18 10:37:00,1925,1925,1925,1925,0
2022-07-18 10:38:00,1925,1925,1925,1925,0
2022-07-18 10:39:00,1925,1925,1925,1925,0
2022-07-18 10:40:00,1925,1925,1925,1925,0
2022-07-18 10:41:00,1925,1925,1925,1925,0
2022-07-18 10:42:00,1925,1925,1925,1925,0
2022-07-18 10:43:00,1925,1925,1925,1925,0
2022-07-18 10:44:00,1925,1925,1925,1925,0
2022-07-18 10:45:00,1925,1925,1925,1925,0
2022-07-18 10:46:00,1925,1925,1925,1925,0
2022-07-18 10:47:00,1925,1925,1925,1925,0
2022-07-18 10:48:00,1925,1925,1925,1925,0
2022-07-18 10:49:00,1925,1925,1925,1925,0
2022-07-18 10:50:00,1925,1925,1925,1925,0
2022-07-18 10:51:00,1925,1925,1925,1925,0
2022-07-18 10:52:00,1925,1925,1925,1925,0
2022-07-18 10:53:00,1925,1925,1925,1925,0
2022-07-18 10:54:00,1925,1925,1925,1925,0
2022-07-18 10:55:00,1925,1925,1925,1925,0
2022-07-18 10:56:00,1925,1925,1925,1925,0
2022-07-18 10:57:00,1925,1925,1925,1925,0
2022-07-18 10:58:00,1925,1925,1925,1925,0
2022-07-18 10:59:00,1925,1925,1925,1925,0
2022-07-18 11:00:00,1925,1925,1925,1925,0
2022-07-18 11:01:00,1925,1925,1925,1925,0
2022-07-18 11:02:00,1925,1925,1925,1925,0
2022-07-18 11:03:00,1925,1925,1925,1925,0
2022-07-18 11:04:00,1925,1925,1925,1925,0
2022-07-18 11:05:00,1925,1925,1925,1925,0
2022-07-18 11:06:00,1925,1925,1925,1925,0
2022-07-18 11:07:00,1925,1925,1925,1925,0
2022-07-18 11:08:00,1925,1925,1925,1925,0
2022-07-18 11:09:00,1925,1925,1925,1925,0
2022-07-18 11:10:00,1925,1925,1925,1925,0
2022-07-18 11:11:00,1925,1925,1925,1925,0
2022-07-18 11:12:00,1925,1925,1925,1925,0
2022-07-18 11:13:00,1925,1925,1925,1925,0
2022-07-18 11:14:00,1925,1925,1925,1925,0
2022-07-18 11:15:00,1925,1925,1925,1925,0
2022-07-18 11:16:00,1925,1925,1925,1925,0
2022-07-18 11:17:00,1925,1925,1925,1925,0
2022-07-18 11:18:00,1925,1925,1925,1925,0
2022-07-18 11:19:00,1925,1925,1925,1925,0
2022-07-18 11:20:00,1925,1925,1925,1925,0
2022-07-18 11:21:00,1925,1925,1925,1925,0
2022-07-18 11:22:00,1925,1925,1925,1925,0
2022-07-18 11:23:00,1925,1925,1925,1925,0
2022-07-18 11:24:00,1925,1925,1925,1925,0
2022-07-18 11:25:00,1925,1925,1925,1925,0
2022-07-18 11:26:00,1925,1925,1925,1925,0
2022-07-18 11:27:00,1925,1925,1925,1925,0
2022-07-18 11:28:00,1925,1925,1925,1925,0
2022-07-18 11:29:00,1925,1925,1925,1925,0
2022-07-18 11:30:00,1925,1925,1925,1925,0
2022-07-18 11:31:00,1925,1925,1925,1925,0
2022-07-18 11:32:00,1925,1925,1925,1925,0
2022-07-18 11:33:00,1925,1925,1925,1925,0
2022-07-18 11:34:00,1925,1925,1925,1925,0
2022-07-18 11:35:00,1925,1925,1925,1925,0
2022-07-18 11:36:00,1925,1925,1925,1925,0
2022-07-18 11:37:00,1925,1925,1925,1925,0
2022-07-18 11:38:00,1925,1925,1925,1925,0
2022-07-18 11:39:00,1925,1925,1925,1925,0
2022-07-18 11:40:00,1925,1925,1925,1925,0
2022-07-18 11:41:00,1925,1925,1925,1925,0
2022-07-18 11:42:00,1925,1925,1925,1925,0
2022-07-18 11:43:00,1925,1925,1925,1925,0
2022-07-18 11:44:00,1925,1925,1925,1925,0
2022-07-18 11:45:00,1925,1925,1925,1925,0
2022-07-18 11:46:00,1925,1925,1925,1925,0
2022-07-18 11:47:00,1925,1925,1925,1925,0
2022-07-18 11:48:00,1925,1925,1925,1925,0
2022-07-18 11:49:00,1925,1925,1925,1925,0
2022-07-18 11:50:00,1925,1925,1925,1925,0
2022-07-18 11:51:00,1925,1925,1925,1925,0
2022-07-18 11:52:00,1925,1925,1925,1925,0
2022-07-18 11:53:00,1925,1925,1925,1925,0
2022-07-18 11:54:00,1925,1925,1925,1925,0
2022-07-18 11:55:00,1925,1925,1925,1925,0
2022-07-18 11:56:00,1925,1925,1925,1925,0
2022-07-18 11:57:00,1925,1925,1925,1925,0
2022-07-18 11:58:00,1925,1925,1925,1925,0
2022-07-18 11:59:00,1925,1925,1925,1925,0
2022-07-18 12:00:00,1925,1925,1925,1925,0
2022-07-18 12:01:00,1925,1925,1925,1925,0
2022-07-18 12:02:00,1925,1925,1925,1925,0
2022-07-18 12:03:00,1925,1925,1925,1925,0
2022-07-18 12:04:00,1925,1925,1925,1925,0
2022-07-18 12:05:00,1925,1925,1925,1925,0
2022-07-18 12:06:00,1925,1925,1925,1925,0
2022-07-18 12:07:00,1925,1925,1925,1925,0
2022-07-18 12:08:00,1925,1925,1925,1925,0
2022-07-18 12:09:00,1925,1925,1925,1925,0
2022-07-18 12:10:00,1925,1925,1925,1925,0
2022-07-18 12:11:00,1925,1925,1925,1925,0
2022-07-18 12:12:00,1925,1925,1925,1925,0
2022-07-18 12:13:00,1925,1925,1925,1925,0
2022-07-18 12:14:00,1925,1925,1925,1925,0
2022-07-18 12:15:00,1925,1925,1925,1925,0
2022-07-18 12:16:00,1925,1925,1925,1925,0
2022-07-18 12:17:00,1925,1925,1925,1925,0
2022-07-18 12:18:00,1925,1925,1925,1925,0
2022-07-18 12:19:00,1925,1925,1925,1925,0
2022-07-18 12:20:00,1925,1925,1925,1925,0
2022-07-18 12:21:00,1925,1925,1925,1925,0
2022-07-18 12:22:00,1925,1925,1925,1925,0
2022-07-18 12:23:00,1925,1925,1925,1925,0
2022-07-18 12:24:00,1925,1925,1925,1925,0
2022-07-18 12:25:00,1925,1925,1925,1925,0
2022-07-18 12:26:00,1925,1925,1925,1925,0
2022-07-18 12:27:00,1925,1925,1925,1925,0
2022-07-18 12:28:00,1925,1925,1925,1925,0
2022-07-18 12:29:00,1925,1925,1925,1925,0
2022-07-18 12:30:00,1925,1925,1925,1925,0
2022-07-18 12:31:00,1925,1925,1925,1925,0
2022-07-18 12:32:00,1925,1925,1925,1925,0
2022-07-18 12:33:00,1925,1925,1925,1925,0
2022-07-18 12:34:00,1925,1925,1925,1925,0
2022-07-18 12:35:00,1925,1925,1925,1925,0
2022-07-18 12:36:00,1925,1925,1925,1925,0
2022-07-18 12:37:00,1925,1925,1925,1925,0
2022-07-18 12:38:00,1925,1925,1925,1925,0
2022-07-18 12:39:00,1925,1925,1925,1925,0
2022-07-18 12:40:00,1925,1925,1925,1925,0
2022-07-18 12:41:00,1925,1925,1925,1925,0
2022-07-18 12:42:00,1925,1925,1925,1925,0
2022-07-18 12:43:00,1925,1925,1925,1925,0
2022-07-18 12:44:00,1925,1925,1925,1925,0
2022-07-18 12:45:00,1925,1925,1925,1925,0
2022-07-18 12:46:00,1925,1925,1925,1925,0
2022-07-18 12:47:00,1925,1925,1925,1925,0
2022-07-18 12:48:00,1925,1925,1925,1925,0
2022-07-18 12:49:00,1925,1925,1925,1925,0
2022-07-18 12:50:00,1925,1925,1925,1925,0
2022-07-18 12:51:00,1925,1925,1925,1925,0
2022-07-18 12:52:00,1925,1925,1925,1925,0
2022-07-18 12:53:00,1925,1925,1925,1925,0
2022-07-18 12:54:00,1925,1925,1925,1925,0
2022-07-18 12:55:00,1925,1925,1925,1925,0
2022-07-18 12:56:00,1925,1925,1925,1925,0
2022-07-18 12:57:00,1925,1925,1925,1925,0
2022-07-18 12:58:00,1925,1925,1925,1925,0
2022-07-18 12:59:00,1925,1925,1925,1925,0
2022-07-18 13:00:00,1925,1925,1925,1925,0
2022-07-18 13:01:00,1925,1925,1925,1925,0
2022-07-18 13:02:00,1925,1925,1925,1925,0
2022-07-18 13:03:00,1925,1925,1925,1925,0
2022-07-18 13:04:00,1925,1925,1925,1925,0
2022-07-18 13:05:00,1925,1925,1925,1925,0
2022-07-18 13:06:00,1925,1925,1925,1925,0
2022-07-18 13:07:00,1925,1925,1925,1925,0
2022-07-18 13:08:00,1925,1925,1925,1925,0
2022-07-18 13:09:00,1925,1925,1925,1925,0
2022-07-18 13:10:00,1925,1925,1925,1925,0
2022-07-18 13:11:00,1925,1925,1925,1925,0
2022-07-18 13:12:00,1925,1925,1925,1925,0
2022-07-18 13:13:00,1925,1925,1925,1925,0
2022-07-18 13:14:00,1925,1925,1925,1925,0
2022-07-18 13:15:00,1925,1925,1925,1925,0
2022-07-18 13:16:00,1925,1925,1925,1925,0
2022-07-18 13:17:00,1925,1925,1925,1925,0
2022-07-18 13:18:00,1925,1925,1925,1925,0
2022-07-18 13:19:00,1925,1925,1925,1925,0
2022-07-18 13:20:00,1925,1925,1925,1925,0
2022-07-18 13:21:00,1925,1925,1925,1925,0
2022-07-18 13:22:00,1925,1925,1925,1925,0
2022-07-18 13:23:00,1925,1925,1925,1925,0
2022-07-18 13:24:00,1925,1925,1925,1925,0
2022-07-18 13:25:00,1925,1925,1925,1925,0
2022-07-18 13:26:00,1925,1925,1925,1925,0
2022-07-18 13:27:00,1925,1925,1925,1925,0
2022-07-18 13:28:00,1925,1925,1925,1925,0
2022-07-18 13:29:00,1925,1925,1925,1925,0
2022-07-18 13:30:00,1925,1925,1925,1925,0
2022-07-18 13:31:00,1925,1925,1925,1925,0
2022-07-18 13:32:00,1925,1925,1925,1925,0
2022-07-18 13:33:00,1925,1925,1925,1925,0
2022-07-18 13:34:00,1925,1925,1925,1925,0
2022-07-18 13:35:00,1925,1925,1925,1925,0
2022-07-18 13:36:00,1925,1925,1925,1925,0
2022-07-18 13:37:00,1925,1925,1925,1925,0
2022-07-18 13:38:00,1925,1925,1925,1925,0
2022-07-18 13:39:00,1925,1925,1925,1925,0
2022-07-18 13:40:00,1925,1925,1925,1925,0
2022-07-18 13:41:00,1925,1925,1925,1925,0
2022-07-18 13:42:00,1925,1925,1925,1925,0
2022-07-18 13:43:00,1925,1925,1925,1925,0
2022-07-18 13:44:00,1925,1925,1925,1925,0
2022-07-18 13:45:00,1925,1925,1925,1925,0
2022-07-18 13:46:00,1925,1925,1925,1925,0
2022-07-18 13:47:00,1925,1925,1925,1925,0
2022-07-18 13:48:00,1925,1925,1925,1925,0
2022-07-18 13:49:00,1925,1925,1925,1925,0
2022-07-18 13:50:00,1925,1925,1925,1925,0
2022-07-18 13:51:00,1925,1925,1925,1925,0
2022-07-18 13:52:00,1925,1925,1925,1925,0
2022-07-18 13:53:00,1925,1925,1925,1925,0
2022-07-18 13:54:00,1925,1925,1925,1925,0
2022-07-18 13:55:00,1925,1925,1925,1925,0
2022-07-18 13:56:00,1925,1925,1925,1925,0
2022-07-18 13:57:00,1925,1925,1925,1925,0
2022-07-18 13:58:00,1925,1925,1925,1925,0
2022-07-18 13:59:00,1925,1925,1925,1925,0
2022-07-18 14:00:00,1925,1925,1925,1925,0
2022-07-18 14:01:00,1925,1925,1925,1925,0
2022-07-18 14:02:00,1925,1925,1925,1925,0
2022-07-18 14:03:00,1925,1925,1925,1925,0
2022-07-18 14:04:00,1925,1925,1925,1925,0
2022-07-18 14:05:00,1925,1925,1925,1925,0
2022-07-18 14:06:00,1925,1925,1925,1925,0
2022-07-18 14:07:00,1925,1925,1925,1925,0
2022-07-18 14:08:00,1925,1925,1925,1925,0
2022-07-18 14:09:00,1925,1925,1925,1925,0
2022-07-18 14:10:00,1925,1925,1925,1925,0
2022-07-18 14:11:00,1925,1925,1925,1925,0
2022-07-18 14:12:00,1925,1925,1925,1925,0
2022-07-18 14:13:00,1925,1925,1925,1925,0
2022-07-18 14:14:00,1925,1925,1925,1925,0
2022-07-18 14:15:00,1925,1925,1925,1925,0
2022-07-18 14:16:00,1925,1925,1925,1925,0
2022-07-18 14:17:00,1925,1925,1925,1925,0
2022-07-18 14:18:00,1925,1925,1925,1925,0
2022-07-18 14:19:00,1925,1925,1925,1925,0
2022-07-18 14:20:00,1925,1925,1925,1925,0
2022-07-18 14:21:00,1925,1925,1925,1925,0
2022-07-18 14:22:00,1925,1925,1925,1925,0
2022-07-18 14:23:00,1925,1925,1925,1925,0
2022-07-18 14:24:00,1925,1925,1925,1925,0
2022-07-18 14:25:00,1925,1925,1925,1925,0
2022-07-18 14:26:00,1925,1925,1925,1925,0
2022-07-18 14:27:00,1925,1925,1925,1925,0
2022-07-18 14:28:00,1925,1925,1925,1925,0
2022-07-18 14:29:00,1925,1925,1925,1925,0
2022-07-18 14:30:00,1925,1925,1925,1925,0
2022-07-18 14:31:00,1925,1925,1925,1925,0
2022-07-18 14:32:00,1925,1925,1925,1925,0
2022-07-18 14:33:00,1925,1925,1925,1925,0
2022-07-18 14:34:00,1925,1925,1925,1925,0
2022-07-18 14:35:00,1925,1925,1925,1925,0
2022-07-18 14:36:00,1925,1925,1925,1925,0
2022-07-18 14:37:00,1925,1925,1925,1925,0
2022-07-18 14:38:00,1925,1925,1925,1925,0
2022-07-18 14:39:00,1925,1925,1925,1925,0
2022-07-18 14:40:00,1925,1925,1925,1925,0
2022-07-18 14:41:00,1925,1925,1925,1925,0
2022-07-18 14:42:00,1925,1925,1925,1925,0
2022-07-18 14:43:00,1925,1925,1925,1925,0
2022-07-18 14:44:00,1925,1925,1925,1925,0
2022-07-18 14:45:00,1925,1925,1925,1925,0
2022-07-18 14:46:00,1925,1925,1925,1925,0
2022-07-18 14:47:00,1925,1925,1925,1925,0
2022-07-18 14:48:00,1925,1925,1925,1925,0
2022-07-18 14:49:00,1925,1925,1925,1925,0
2022-07-18 14:50:00,1925,1925,1925,1925,0
2022-07-18 14:51:00,1925,1925,1925,1925,0
2022-07-18 14:52:00,1925,1925,1925,1925,0
2022-07-18 14:53:00,1925,1925,1925,1925,0
2022-07-18 14:54:00,1925,1925,1925,1925,0
2022-07-18 14:55:00,1925,1925,1925,1925,0
2022-07-18 14:56:00,1925,1925,1925,1925,0
2022-07-18 14:57:00,1925,1925,1925,1925,0
2022-07-18 14:58:00,1925,1925,1925,1925,0
2022-07-18 14:59:00,1925,1925,1925,1925,0
2022-07-18 15:00:00,1925,1925,1925,1925,0
2022-07-18 15:01:00,1925,1925,1925,1925,0
2022-07-18 15:02:00,1925,1925,1925,1925,0
2022-07-18 15:03:00,1925,1925,1925,1925,0
2022-07-18 15:04:00,1925,1925,1925,1925,0
2022-07-18 15:05:00,1925,1925,1925,1925,0
2022-07-18 15:06:00,1925,1925,1925,1925,0
2022-07-18 15:07:00,1925,1925,1925,1925,0
2022-07-18 15:08:00,1925,1925,1925,1925,0
2022-07-18 15:09:00,1925,1925,1925,1925,0
2022-07-18 15:10:00,1925,1925,1925,1925,0
2022-07-18 15:11:00,1925,1925,1925,1925,0
2022-07-18 15:12:00,1925,1925,1925,1925,0
2022-07-18 15:13:00,1925,1925,1925,1925,0
2022-07-18 15:14:00,1925,1925,1925,1925,0
2022-07-18 15:15:00,1925,1925,1925,1925,0
2022-07-18 15:16:00,1925,1925,1925,1925,0
2022-07-18 15:17:00,1925,1925,1925,1925,0
2022-07-18 15:18:00,1925,1925,1925,1925,0
2022-07-18 15:19:00,1925,1925,1925,1925,0
2022-07-18 15:20:00,1925,1925,1925,1925,0
2022-07-18 15:21:00,1925,1925,1925,1925,0
2022-07-18 15:22:00,1925,1925,1925,1925,0
2022-07-18 15:23:00,1925,1925,1925,1925,0
2022-07-18 15:24:00,1925,1925,1925,1925,0
2022-07-18 15:25:00,1925,1925,1925,1925,0
2022-07-18 15:26:00,1925,1925,1925,1925,0
2022-07-18 15:27:00,1925,1925,1925,1925,0
2022-07-18 15:28:00,1925,1925,1925,1925,0
2022-07-18 15:29:00,1925,1925,1925,1925,0
2022-07-18 15:30:00,1925,1925,1925,1925,0
2022-07-18 15:31:00,1925,1925,1925,1925,0
2022-07-18 15:32:00,1925,1925,1925,1925,0
2022-07-18 15:33:00,1925,1925,1925,1925,0
2022-07-18 15:34:00,1925,1925,1925,1925,0
2022-07-18 15:35:00,1925,1925,1925,1925,0
2022-07-18 15:36:00,1925,1925,1925,1925,0
2022-07-18 15:37:00,1925,1925,1925,1925,0
2022-07-18 15:38:00,1925,1925,1925,1925,0
2022-07-18 15:39:00,1925,1925,1925,1925,0
2022-07-18 15:40:00,1925,1925,1925,1925,0
2022-07-18 15:41:00,1925,1925,1925,1925,0
2022-07-18 15:42:00,1925,1925,1925,1925,0
2022-07-18 15:43:00,1925,1925,1925,1925,0
2022-07-18 15:44:00,1925,1925,1925,1925,0
2022-07-18 15:45:00,1925,1925,1925,1925,0
2022-07-18 15:46:00,1925,1925,1925,1925,0
2022-07-18 15:47:00,1925,1925,1925,1925,0
2022-07-18 15:48:00,1925,1925,1925,1925,0
2022-07-18 15:49:00,1925,1925,1925,1925,0
2022-07-18 15:50:00,1925,1925,1925,1925,0
2022-07-18 15:51:00,1925,1925,1925,1925,0
2022-07-18 15:52:00,1925,1925,1925,1925,0
2022-07-18 15:53:00,1925,1925,1925,1925,0
2022-07-18 15:54:00,1925,1925,1925,1925,0
2022-07-18 15:55:00,1925,1925,1925,1925,0
2022-07-18 15:56:00,1925,1925,1925,1925,0
2022-07-18 15:57:00,1925,1925,1925,1925,0
2022-07-18 15:58:00,1925,1925,1925,1925,0
2022-07-18 15:59:00,1925,1925,1925,1925,0
2022-07-19 09:00:00,1925,1925,1925,1925,0
2022-07-19 09:01:00,1925,1925,1925,1925,0
2022-07-19 09:02:00,1925,1925,1925,1925,0
2022-07-19 09:03:00,1925,1925,1925,1925,0
2022-07-19 09:04:00,1925,1925,1925,1925,0
2022-07-19 09:05:00,1925,1925,1925,1925,0
2022-07-19 09:06:00,1925,1925,1925,1925,0
2022-07-19 09:07:00,1925,1925,1925,1925,0
2022-07-19 09:08:00,1925,1925,1925,1925,0
2022-07-19 09:09:00,1925,1925,1925,1925,0
2022-07-19 09:10:00,1925,1925,1925,1925,0
2022-07-19 09:11:00,1925,1925,1925,1925,0
2022-07-19 09:12:00,1925,1925,1925,1925,0
2022-07-19 09:13:00,1925,1925,1925,1925,0
2022-07-19 09:14:00,1925,1925,1925,1925,0
2022-07-19 09:15:00,1925,1925,1925,1925,0
2022-07-19 09:16:00,1925,1925,1925,1925,0
2022-07-19 09:17:00,1925,1925,1925,1925,0
2022-07-19 09:18:00,1925,1925,1925,1925,0
2022-07-19 09:19:00,1925,1925,1925,1925,0
2022-07-19 09:20:00,1925,1925,1925,1925,0
2022-07-19 09:21:00,1925,1925,1925,1925,0
2022-07-19 09:22:00,1925,1925,1925,1925,0
2022-07-19 09:23:00,1925,1925,1925,1925,0
2022-07-19 09:24:00,1925,1925,1925,1925,0
2022-07-19 09:25:00,1925,1925,1925,1925,0
2022-07-19 09:26:00,1925,1925,1925,1925,0
2022-07-19 09:27:00,1925,1925,1925,1925,0
2022-07-19 09:28:00,1925,1925,1925,1925,0
2022-07-19 09:29:00,1925,1925,1925,1925,0
2022-07-19 09:30:00,1925,1925,1925,1925,0
2022-07-19 09:31:00,1925,1925,1925,1925,0
2022-07-19 09:32:00,1925,1925,1925,1925,0
2022-07-19 09:33:00,1925,1925,1925,1925,0
2022-07-19 09:34:00,1925,1925,1925,1925,0
2022-07-19 09:35:00,1925,1925,1925,1925,0
2022-07-19 09:36:00,1925,1925,1925,1925,0
2022-07-19 09:37:00,1925,1925,1925,1925,0
2022-07-19 09:38:00,1925,1925,1925,1925,0
2022-07-19 09:39:00,1925,1925,1925,1925,0
2022-07-19 09:40:00,1925,1925,1925,1925,0
2022-07-19 09:41:00,1925,1925,1925,1925,0
2022-07-19 09:42:00,1925,1925,1925,1925,0
2022-07-19 09:43:00,1925,1925,1925,1925,0
2022-07-19 09:44:00,1925,1925,1925,1925,0
2022-07-19 09:45:00,1925,1925,1925,1925,0
2022-07-19 09:46:00,1925,1925,1925,1925,0
2022-07-19 09:47:00,1925,1925,1925,1925,0
2022-07-19 09:48:00,1925,1925,1925,1925,0
2022-07-19 09:49:00,1925,1925,1925,1925,0
2022-07-19 09:50:00,1925,1925,1925,1925,0
2022-07-19 09:51:00,1925,1925,1925,1925,0
2022-07-19 09:52:00,1925,1925,1925,1925,0
2022-07-19 09:53:00,1925,1925,1925,1925,0
2022-07-19 09:54:00,1925,1925,1925,1925,0
2022-07-19 09:55:00,1925,1925,1925,1925,0
2022-07-19 09:56:00,1925,1925,1925,1925,0
2022-07-19 09:57:00,1925,1925,1925,1925,0
2022-07-19 09:58:00,1925,1925,1925,1925,0
2022-07-19 09:59:00,1925,1925,1925,1925,0
2022-07-19 10:00:00,1925,1925,1925,1925,0
2022-07-19 10:01:00,1925,1925,1925,1925,0
2022-07-19 10:02:00,1925,1925,1925,1925,0
2022-07-19 10:03:00,1925,1925,1925,1925,0
2022-07-19 10:04:00,1925,1925,1925,1925,0
2022-07-19 10:05:00,1925,1925,1925,1925,0
2022-07-19 10:06:00,1925,1925,1925,1925,0
2022-07-19 10:07:00,1925,1925,1925,1925,0
2022-07-19 10:08:00,1925,1925,1925,1925,0
2022-07-19 10:09:00,1925,1925,1925,1925,0
2022-07-19 10:10:00,1925,1925,1925,1925,0
2022-07-19 10:11:00,1925,1925,1925,1925,0
2022-07-19 10:12:00,1925,1925,1925,1925,0
2022-07-19 10:13:00,1925,1925,1925,1925,0
2022-07-19 10:14:00,1925,1925,1925,1925,0
2022-07-19 10:15:00,1925,1925,1925,1925,0
2022-07-19 10:16:00,1925,1925,1925,1925,0
2022-07-19 10:17:00,1925,1925,1925,1925,0
2022-07-19 10:18:00,1925,1925,1925,1925,0
2022-07-19 10:19:00,1925,1925,1925,1925,0
2022-07-19 10:20:00,1925,1925,1925,1925,0
2022-07-19 10:21:00,1925,1925,1925,1925,0
2022-07-19 10:22:00,1925,1925,1925,1925,0
2022-07-19 10:23:00,1925,1925,1925,1925,0
2022-07-19 10:24:00,1925,1925,1925,1925,0
2022-07-19 10:25:00,1925,1925,1925,1925,0
2022-07-19 10:26:00,1925,1925,1925,1925,0
2022-07-19 10:27:00,1925,1925,1925,1925,0
2022-07-19 10:28:00,1925,1925,1925,1925,0
2022-07-19 10:29:00,1925,1925,1925,1925,0
2022-07-19 10:30:00,1925,1925,1925,1925,0
2022-07-19 10:31:00,1925,1925,1925,1925,0
2022-07-19 10:32:00,1925,1925,1925,1925,0
2022-07-19 10:33:00,1925,1925,1925,1925,0
2022-07-19 10:34:00,1925,1925,1925,1925,0
2022-07-19 10:35:00,1925,1925,1925,1925,0
2022-07-19 10:36:00,1925,1925,1925,1925,0
2022-07-19 10:37:00,1925,1925,1925,1925,0
2022-07-19 10:38:00,1925,1925,1925,1925,0
2022-07-19 10:39:00,1925,1925,1925,1925,0
2022-07-19 10:40:00,1925,1925,1925,1925,0
2022-07-19 10:41:00,1925,1925,1925,1925,0
2022-07-19 10:42:00,1925,1925,1925,1925,0
2022-07-19 10:43:00,1925,1925,1925,1925,0
2022-07-19 10:44:00,1925,1925,1925,1925,0
2022-07-19 10:45:00,1925,1925,1925,1925,0
2022-07-19 10:46:00,1925,1925,1925,1925,0
2022-07-19 10:47:00,1925,1925,1925,1925,0
2022-07-19 10:48:00,1925,1925,1925,1925,0
2022-07-19 10:49:00,1925,1925,1925,1925,0
2022-07-19 10:50:00,1925,1925,1925,1925,0
2022-07-19 10:51:00,1925,1925,1925,1925,0
2022-07-19 10:52:00,1925,1925,1925,1925,0
2022-07-19 10:53:00,1925,1925,1925,1925,0
2022-07-19 10:54:00,1925,1925,1925,1925,0
2022-07-19 10:55:00,1925,1925,1925,1925,0
2022-07-19 10:56:00,1925,1925,1925,1925,0
2022-07-19 10:57:00,1925,1925,1925,1925,0
2022-07-19 10:58:00,1925,1925,1925,1925,0
2022-07-19 10:59:00,1925,1925,1925,1925,0
2022-07-19 11:00:00,1925,1925,1925,1925,0
2022-07-19 11:01:00,1925,1925,1925,1925,0
2022-07-19 11:02:00,1925,1925,1925,1925,0
2022-07-19 11:03:00,1925,1925,1925,1925,0
2022-07-19 11:04:00,1925,1925,1925,1925,0
2022-07-19 11:05:00,1925,1925,1925,1925,0
2022-07-19 11:06:00,1925,1925,1925,1925,0
2022-07-19 11:07:00,1925,1925,1925,1925,0
2022-07-19 11:08:00,1925,1925,1925,1925,0
2022-07-19 11:09:00,1925,1925,1925,1925,0
2022-07-19 11:10:00,1925,1925,1925,1925,0
2022-07-19 11:11:00,1925,1925,1925,1925,0
2022-07-19 11:12:00,1925,1925,1925,1925,0
2022-07-19 11:13:00,1925,1925,1925,1925,0
2022-07-19 11:14:00,1925,1925,1925,1925,0
2022-07-19 11:15:00,1925,1925,1925,1925,0
2022-07-19 11:16:00,1925,1925,1925,1925,0
2022-07-19 11:17:00,1925,1925,1925,1925,0
2022-07-19 11:18:00,1925,1925,1925,1925,0
2022-07-19 11:19:00,1925,1925,1925,1925,0
2022-07-19 11:20:00,1925,1925,1925,1925,0
2022-07-19 11:21:00,1925,1925,1925,1925,0
2022-07-19 11:22:00,1925,1925,1925,1925,0
2022-07-19 11:23:00,1925,1925,1925,1925,0
2022-07-19 11:24:00,1925,1925,1925,1925,0
2022-07-19 11:25:00,1925,1925,1925,1925,0
2022-07-19 11:26:00,1925,1925,1925,1925,0
2022-07-19 11:27:00,1925,1925,1925,1925,0
2022-07-19 11:28:00,1925,1925,1925,1925,0
2022-07-19 11:29:00,1925,1925,1925,1925,0
2022-07-19 11:30:00,1925,1925,1925,1925,0
2022-07-19 11:31:00,1925,1925,1925,1925,0
2022-07-19 11:32:00,1925,1925,1925,1925,0
2022-07-19 11:33:00,1925,1925,1925,1925,0
2022-07-19 11:34:00,1925,1925,1925,1925,0
2022-07-19 11:35:00,1925,1925,1925,1925,0
2022-07-19 11:36:00,1925,1925,1925,1925,0
2022-07-19 11:37:00,1925,1925,1925,1925,0
2022-07-19 11:38:00,1925,1925,1925,1925,0
2022-07-19 11:39:00,1925,1925,1925,1925,0
2022-07-19 11:40:00,1925,1925,1925,1925,0
2022-07-19 11:41:00,1925,1925,1925,1925,0
2022-07-19 11:42:00,1925,1925,1925,1925,0
2022-07-19 11:43:00,1925,1925,1925,1925,0
2022-07-19 11:44:00,1925,1925,1925,1925,0
2022-07-19 11:45:00,1925,1925,1925,1925,0
2022-07-19 11:46:00,1925,1925,1925,1925,0
2022-07-19 11:47:00,1925,1925,1925,1925,0
2022-07-19 11:48:00,1925,1925,1925,1925,0
2022-07-19 11:49:00,1925,1925,1925,1925,0
2022-07-19 11:50:00,1925,1925,1925,1925,0
2022-07-19 11:51:00,1925,1925,1925,1925,0
2022-07-19 11:52:00,1925,1925,1925,1925,0
2022-07-19 11:53:00,1925,1925,1925,1925,0
2022-07-19 11:54:00,1925,1925,1925,1925,0
2022-07-19 11:55:00,1925,1925,1925,1925,0
2022-07-19 11:56:00,1925,1925,1925,1925,0
2022-07-19 11:57:00,1925,1925,1925,1925,0
2022-07-19 11:58:00,1925,1925,1925,1925,0
2022-07-19 11:59:00,1925,1925,1925,1925,0
2022-07-19 12:00:00,1925,1925,1925,1925,0
2022-07-19 12:01:00,1925,1925,1925,1925,0
2022-07-19 12:02:00,1925,1925,1925,1925,0
2022-07-19 12:03:00,1925,1925,1925,1925,0
2022-07-19 12:04:00,1925,1925,1925,1925,0
2022-07-19 12:05:00,1925,1925,1925,1925,0
2022-07-19 12:06:00,1925,1925,1925,1925,0
2022-07-19 12:07:00,1925,1925,1925,1925,0
2022-07-19 12:08:00,1925,1925,1925,1925,0
2022-07-19 12:09:00,1925,1925,1925,1925,0
2022-07-19 12:10:00,1925,1925,1925,1925,0
2022-07-19 12:11:00,1925,1925,1925,1925,0
2022-07-19 12:12:00,1925,1925,1925,1925,0
2022-07-19 12:13:00,1925,1925,1925,1925,0
2022-07-19 12:14:00,1925,1925,1925,1925,0
2022-07-19 12:15:00,1925,1925,1925,1925,0
2022-07-19 12:16:00,1925,1925,1925,1925,0
2022-07-19 12:17:00,1925,1925,1925,1925,0
2022-07-19 12:18:00,1925,1925,1925,1925,0
2022-07-19 12:19:00,1925,1925,1925,1925,0
2022-07-19 12:20:00,1925,1925,1925,1925,0
2022-07-19 12:21:00,1925,1925,1925,1925,0
2022-07-19 12:22:00,1925,1925,1925,1925,0
2022-07-19 12:23:00,1925,1925,1925,1925,0
2022-07-19 12:24:00,1925,1925,1925,1925,0
2022-07-19 12:25:00,1925,1925,1925,1925,0
2022-07-19 12:26:00,1925,1925,1925,1925,0
2022-07-19 12:27:00,1925,1925,1925,1925,0
2022-07-19 12:28:00,1925,1925,1925,1925,0
2022-07-19 12:29:00,1925,1925,1925,1925,0
2022-07-19 12:30:00,1925,1925,1925,1925,0
2022-07-19 12:31:00,1925,1925,1925,1925,0
2022-07-19 12:32:00,1925,1925,1925,1925,0
2022-07-19 12:33:00,1925,1925,1925,1925,0
2022-07-19 12:34:00,1925,1925,1925,1925,0
2022-07-19 12:35:00,1925,1925,1925,1925,0
2022-07-19 12:36:00,1925,1925,1925,1925,0
2022-07-19 12:37:00,1925,1925,1925,1925,0
2022-07-19 12:38:00,1925,1925,1925,1925,0
2022-07-19 12:39:00,1925,1925,1925,1925,0
2022-07-19 12:40:00,1925,1925,1925,1925,0
2022-07-19 12:41:00,1925,1925,1925,1925,0
2022-07-19 12:42:00,1925,1925,1925,1925,0
2022-07-19 12:43:00,1925,1925,1925,1925,0
2022-07-19 12:44:00,1925,1925,1925,1925,0
2022-07-19 12:45:00,1925,1925,1925,1925,0
2022-07-19 12:46:00,1925,1925,1925,1925,0
2022-07-19 12:47:00,1925,1925,1925,1925,0
2022-07-19 12:48:00,1925,1925,1925,1925,0
2022-07-19 12:49:00,1925,1925,1925,1925,0
2022-07-19 12:50:00,1925,1925,1925,1925,0
2022-07-19 12:51:00,1925,1925,1925,1925,0
2022-07-19 12:52:00,1925,1925,1925,1925,0
2022-07-19 12:53:00,1925,1925,1925,1925,0
2022-07-19 12:54:00,1925,1925,1925,1925,0
2022-07-19 12:55:00,1925,1925,1925,1925,0
2022-07-19 12:56:00,1925,1925,1925,1925,0
2022-07-19 12:57:00,1925,1925,1925,1925,0
2022-07-19 12:58:00,1925,1925,1925,1925,0
2022-07-19 12:59:00,1925,1925,1925,1925,0
2022-07-19 13:00:00,1925,1925,1925,1925,0
2022-07-19 13:01:00,1925,1925,1925,1925,0
2022-07-19 13:02:00,1925,1925,1925,1925,0
2022-07-19 13:03:00,1925,1925,1925,1925,0
2022-07-19 13:04:00,1925,1925,1925,1925,0
2022-07-19 13:05:00,1925,1925,1925,1925,0
2022-07-19 13:06:00,1925,1925,1925,1925,0
2022-07-19 13:07:00,1925,1925,1925,1925,0
2022-07-19 13:08:00,1925,1925,1925,1925,0
2022-07-19 13:09:00,1925,1925,1925,1925,0
2022-07-19 13:10:00,1925,1925,1925,1925,0
2022-07-19 13:11:00,1925,1925,1925,1925,0
2022-07-19 13:12:00,1925,1925,1925,1925,0
2022-07-19 13:13:00,1925,1925,1925,1925,0
2022-07-19 13:14:00,1925,1925,1925,1925,0
2022-07-19 13:15:00,1925,1925,1925,1925,0
2022-07-19 13:16:00,1925,1925,1925,1925,0
2022-07-19 13:17:00,1925,1925,1925,1925,0
2022-07-19 13:18:00,1925,1925,1925,1925,0
2022-07-19 13:19:00,1925,1925,1925,1925,0
2022-07-19 13:20:00,1925,1925,1925,1925,0
2022-07-19 13:21:00,1925,1925,1925,1925,0
2022-07-19 13:22:00,1925,1925,1925,1925,0
2022-07-19 13:23:00,1925,1925,1925,1925,0
2022-07-19 13:24:00,1925,1925,1925,1925,0
2022-07-19 13:25:00,1925,1925,1925,1925,0
2022-07-19 13:26:00,1925,1925,1925,1925,0
2022-07-19 13:27:00,1925,1925,1925,1925,0
2022-07-19 13:28:00,1925,1925,1925,1925,0
2022-07-19 13:29:00,1925,1925,1925,1925,0
2022-07-19 13:30:00,1925,1925,1925,1925,0
2022-07-19 13:31:00,1925,1925,1925,1925,0
2022-07-19 13:32:00,1925,1925,1925,1925,0
2022-07-19 13:33:00,1925,1925,1925,1925,0
2022-07-19 13:34:00,1925,1925,1925,1925,0
2022-07-19 13:35:00,1925,1925,1925,1925,0
2022-07-19 13:36:00,1925,1925,1925,1925,0
2022-07-19 13:37:00,1925,1925,1925,1925,0
2022-07-19 13:38:00,1925,1925,1925,1925,0
2022-07-19 13:39:00,1925,1925,1925,1925,0
2022-07-19 13:40:00,1925,1925,1925,1925,0
2022-07-19 13:41:00,1925,1925,1925,1925,0
2022-07-19 13:42:00,1925,1925,1925,1925,0
2022-07-19 13:43:00,1925,1925,1925,1925,0
2022-07-19 13:44:00,1925,1925,1925,1925,0
2022-07-19 13:45:00,1925,1925,1925,1925,0
2022-07-19 13:46:00,1925,1925,1925,1925,0
2022-07-19 13:47:00,1925,1925,1925,1925,0
2022-07-19 13:48:00,1925,1925,1925,1925,0
2022-07-19 13:49:00,1925,1925,1925,1925,0
2022-07-19 13:50:00,1925,1925,1925,1925,0
2022-07-19 13:51:00,1925,1925,1925,1925,0
2022-07-19 13:52:00,1925,1925,1925,1925,0
2022-07-19 13:53:00,1925,1925,1925,1925,0
2022-07-19 13:54:00,1925,1925,1925,1925,0
2022-07-19 13:55:00,1925,1925,1925,1925,0
2022-07-19 13:56:00,1880,1880,1880,1880,400
2022-07-19 13:57:00,1880,1880,1880,1880,0
2022-07-19 13:58:00,1880,1880,1880,1880,0
2022-07-19 13:59:00,1880,1880,1880,1880,0
2022-07-19 14:00:00,1880,1880,1880,1880,600
2022-07-19 14:01:00,1880,1880,1880,1880,0
2022-07-19 14:02:00,1880,1880,1880,1880,0
2022-07-19 14:03:00,1880,1880,1880,1880,0
2022-07-19 14:04:00,1880,1880,1880,1880,0
2022-07-19 14:05:00,1880,1880,1880,1880,0
2022-07-19 14:06:00,1880,1880,1880,1880,0
2022-07-19 14:07:00,1880,1880,1880,1880,0
2022-07-19 14:08:00,1880,1880,1880,1880,0
2022-07-19 14:09:00,1880,1880,1880,1880,0
2022-07-19 14:10:00,1880,1880,1880,1880,0
2022-07-19 14:11:00,1880,1880,1880,1880,0
2022-07-19 14:12:00,1880,1880,1880,1880,0
2022-07-19 14:13:00,1880,1880,1880,1880,0
2022-07-19 14:14:00,1880,1880,1880,1880,0
2022-07-19 14:15:00,1880,1880,1880,1880,0
2022-07-19 14:16:00,1880,1880,1880,1880,0
2022-07-19 14:17:00,1880,1880,1880,1880,0
2022-07-19 14:18:00,1880,1880,1880,1880,0
2022-07-19 14:19:00,1880,1880,1880,1880,0
2022-07-19 14:20:00,1880,1880,1880,1880,0
2022-07-19 14:21:00,1880,1880,1880,1880,0
2022-07-19 14:22:00,1880,1880,1880,1880,0
2022-07-19 14:23:00,1880,1880,1880,1880,0
2022-07-19 14:24:00,1880,1880,1880,1880,0
2022-07-19 14:25:00,1880,1880,1880,1880,0
2022-07-19 14:26:00,1880,1880,1880,1880,0
2022-07-19 14:27:00,1880,1880,1880,1880,0
2022-07-19 14:28:00,1880,1880,1880,1880,0
2022-07-19 14:29:00,1880,1880,1880,1880,0
2022-07-19 14:30:00,1880,1880,1880,1880,0
2022-07-19 14:31:00,1880,1880,1880,1880,0
2022-07-19 14:32:00,1880,1880,1880,1880,0
2022-07-19 14:33:00,1880,1880,1880,1880,0
2022-07-19 14:34:00,1880,1880,1880,1880,0
2022-07-19 14:35:00,1880,1880,1880,1880,0
2022-07-19 14:36:00,1880,1880,1880,1880,0
2022-07-19 14:37:00,1880,1880,1880,1880,0
2022-07-19 14:38:00,1880,1880,1880,1880,0
2022-07-19 14:39:00,1880,1880,1880,1880,0
2022-07-19 14:40:00,1880,1880,1880,1880,0
2022-07-19 14:41:00,1880,1880,1880,1880,0
2022-07-19 14:42:00,1880,1880,1880,1880,0
2022-07-19 14:43:00,1880,1880,1880,1880,0
2022-07-19 14:44:00,1880,1880,1880,1880,0
2022-07-19 14:45:00,1880,1880,1880,1880,0
2022-07-19 14:46:00,1880,1880,1880,1880,0
2022-07-19 14:47:00,1880,1880,1880,1880,0
2022-07-19 14:48:00,1880,1880,1880,1880,0
2022-07-19 14:49:00,1880,1880,1880,1880,0
2022-07-19 14:50:00,1880,1880,1880,1880,0
2022-07-19 14:51:00,1880,1880,1880,1880,0
2022-07-19 14:52:00,1880,1880,1880,1880,0
2022-07-19 14:53:00,1880,1880,1880,1880,0
2022-07-19 14:54:00,1880,1880,1880,1880,0
2022-07-19 14:55:00,1880,1880,1880,1880,0
2022-07-19 14:56:00,1880,1880,1880,1880,0
2022-07-19 14:57:00,1880,1880,1880,1880,0
2022-07-19 14:58:00,1880,1880,1880,1880,0
2022-07-19 14:59:00,1880,1880,1880,1880,0
2022-07-19 15:00:00,1880,1880,1880,1880,0
2022-07-19 15:01:00,1880,1880,1880,1880,0
2022-07-19 15:02:00,1880,1880,1880,1880,0
2022-07-19 15:03:00,1880,1880,1880,1880,0
2022-07-19 15:04:00,1880,1880,1880,1880,0
2022-07-19 15:05:00,1880,1880,1880,1880,0
2022-07-19 15:06:00,1880,1880,1880,1880,0
2022-07-19 15:07:00,1880,1880,1880,1880,0
2022-07-19 15:08:00,1880,1880,1880,1880,0
2022-07-19 15:09:00,1880,1880,1880,1880,0
2022-07-19 15:10:00,1880,1880,1880,1880,0
2022-07-19 15:11:00,1880,1880,1880,1880,0
2022-07-19 15:12:00,1880,1880,1880,1880,0
2022-07-19 15:13:00,1880,1880,1880,1880,0
2022-07-19 15:14:00,1880,1880,1880,1880,0
2022-07-19 15:15:00,1880,1880,1880,1880,0
2022-07-19 15:16:00,1880,1880,1880,1880,0
2022-07-19 15:17:00,1880,1880,1880,1880,0
2022-07-19 15:18:00,1880,1880,1880,1880,0
2022-07-19 15:19:00,1880,1880,1880,1880,0
2022-07-19 15:20:00,1880,1880,1880,1880,0
2022-07-19 15:21:00,1880,1880,1880,1880,0
2022-07-19 15:22:00,1880,1880,1880,1880,0
2022-07-19 15:23:00,1880,1880,1880,1880,0
2022-07-19 15:24:00,1880,1880,1880,1880,0
2022-07-19 15:25:00,1880,1880,1880,1880,0
2022-07-19 15:26:00,1880,1880,1880,1880,0
2022-07-19 15:27:00,1880,1880,1880,1880,0
2022-07-19 15:28:00,1880,1880,1880,1880,0
2022-07-19 15:29:00,1880,1880,1880,1880,0
2022-07-19 15:30:00,1880,1880,1880,1880,0
2022-07-19 15:31:00,1880,1880,1880,1880,0
2022-07-19 15:32:00,1880,1880,1880,1880,0
2022-07-19 15:33:00,1880,1880,1880,1880,0
2022-07-19 15:34:00,1880,1880,1880,1880,0
2022-07-19 15:35:00,1880,1880,1880,1880,0
2022-07-19 15:36:00,1880,1880,1880,1880,0
2022-07-19 15:37:00,1880,1880,1880,1880,0
2022-07-19 15:38:00,1880,1880,1880,1880,0
2022-07-19 15:39:00,1880,1880,1880,1880,0
2022-07-19 15:40:00,1880,1880,1880,1880,0
2022-07-19 15:41:00,1880,1880,1880,1880,0
2022-07-19 15:42:00,1880,1880,1880,1880,0
2022-07-19 15:43:00,1880,1880,1880,1880,0
2022-07-19 15:44:00,1880,1880,1880,1880,0
2022-07-19 15:45:00,1880,1880,1880,1880,0
2022-07-19 15:46:00,1880,1880,1880,1880,0
2022-07-19 15:47:00,1880,1880,1880,1880,0
2022-07-19 15:48:00,1880,1880,1880,1880,0
2022-07-19 15:49:00,1880,1880,1880,1880,0
2022-07-19 15:50:00,1880,1880,1880,1880,0
2022-07-19 15:51:00,1880,1880,1880,1880,0
2022-07-19 15:52:00,1880,1880,1880,1880,0
2022-07-19 15:53:00,1880,1880,1880,1880,0
2022-07-19 15:54:00,1880,1880,1880,1880,0
2022-07-19 15:55:00,1880,1880,1880,1880,0
2022-07-19 15:56:00,1880,1880,1880,1880,0
2022-07-19 15:57:00,1880,1880,1880,1880,0
2022-07-19 15:58:00,1880,1880,1880,1880,0
2022-07-19 15:59:00,1880,1880,1880,1880,0
2022-07-20 09:00:00,1880,1880,1880,1880,0
2022-07-20 09:01:00,1880,1880,1880,1880,0
2022-07-20 09:02:00,1880,1880,1880,1880,0
2022-07-20 09:03:00,1880,1880,1880,1880,0
2022-07-20 09:04:00,1880,1880,1880,1880,0
2022-07-20 09:05:00,1880,1880,1880,1880,0
2022-07-20 09:06:00,1880,1880,1890,1890,200
2022-07-20 09:07:00,1900,1900,1950,1950,2700
2022-07-20 09:08:00,1900,1900,1950,1950,0
2022-07-20 09:09:00,1955,1955,1960,1960,5000
2022-07-20 09:10:00,1955,1955,1960,1960,0
2022-07-20 09:11:00,1965,1965,1965,1965,3900
2022-07-20 09:12:00,1965,1965,1965,1965,0
2022-07-20 09:13:00,1970,1970,1970,1970,7500
2022-07-20 09:14:00,1975,1975,1975,1975,1200
2022-07-20 09:15:00,1975,1975,1975,1975,0
2022-07-20 09:16:00,1975,1975,1975,1975,0
2022-07-20 09:17:00,1975,1975,1975,1975,0
2022-07-20 09:18:00,1975,1975,1975,1975,0
2022-07-20 09:19:00,1975,1975,1975,1975,0
2022-07-20 09:20:00,1975,1975,1975,1975,0
2022-07-20 09:21:00,1975,1975,1975,1975,0
2022-07-20 09:22:00,1975,1975,1975,1975,0
2022-07-20 09:23:00,1975,1975,1975,1975,0
2022-07-20 09:24:00,1975,1975,1975,1975,0
2022-07-20 09:25:00,1975,1975,1975,1975,0
2022-07-20 09:26:00,1975,1975,1975,1975,0
2022-07-20 09:27:00,1975,1975,1975,1975,0
2022-07-20 09:28:00,1975,1975,1975,1975,0
2022-07-20 09:29:00,1975,1975,1975,1975,0
2022-07-20 09:30:00,1975,1975,1975,1975,0
2022-07-20 09:31:00,1975,1975,1975,1975,0
2022-07-20 09:32:00,1975,1975,1975,1975,0
2022-07-20 09:33:00,1975,1975,1975,1975,0
2022-07-20 09:34:00,1975,1975,1975,1975,0
2022-07-20 09:35:00,1975,1975,1975,1975,0
2022-07-20 09:36:00,1975,1975,1975,1975,0
2022-07-20 09:37:00,1975,1975,1975,1975,0
2022-07-20 09:38:00,1975,1975,1975,1975,0
2022-07-20 09:39:00,1975,1975,1975,1975,0
2022-07-20 09:40:00,1975,1975,1975,1975,0
2022-07-20 09:41:00,1975,1975,1975,1975,0
2022-07-20 09:42:00,1975,1975,1975,1975,0
2022-07-20 09:43:00,1975,1975,1975,1975,0
2022-07-20 09:44:00,1975,1975,1975,1975,0
2022-07-20 09:45:00,1975,1975,1975,1975,0
2022-07-20 09:46:00,1975,1975,1975,1975,0
2022-07-20 09:47:00,1975,1975,1975,1975,0
2022-07-20 09:48:00,1975,1975,1975,1975,0
2022-07-20 09:49:00,1975,1975,1975,1975,0
2022-07-20 09:50:00,1975,1975,1975,1975,0
2022-07-20 09:51:00,1975,1975,1975,1975,0
2022-07-20 09:52:00,1975,1975,1975,1975,0
2022-07-20 09:53:00,1975,1975,1975,1975,0
2022-07-20 09:54:00,1975,1975,1975,1975,0
2022-07-20 09:55:00,1975,1975,1975,1975,0
2022-07-20 09:56:00,1975,1975,1975,1975,0
2022-07-20 09:57:00,1975,1975,1975,1975,0
2022-07-20 09:58:00,1975,1975,1975,1975,0
2022-07-20 09:59:00,1975,1975,1975,1975,0
2022-07-20 10:00:00,1975,1975,1975,1975,0
2022-07-20 10:01:00,1975,1975,1975,1975,0
2022-07-20 10:02:00,1975,1975,1975,1975,0
2022-07-20 10:03:00,1975,1975,1975,1975,0
2022-07-20 10:04:00,1975,1975,1975,1975,0
2022-07-20 10:05:00,1975,1975,1975,1975,0
2022-07-20 10:06:00,1975,1975,1975,1975,0
2022-07-20 10:07:00,1975,1975,1975,1975,0
2022-07-20 10:08:00,1975,1975,1975,1975,0
2022-07-20 10:09:00,1975,1975,1975,1975,0
2022-07-20 10:10:00,1975,1975,1975,1975,0
2022-07-20 10:11:00,1975,1975,1975,1975,0
2022-07-20 10:12:00,1975,1975,1975,1975,0
2022-07-20 10:13:00,1975,1975,1975,1975,0
2022-07-20 10:14:00,1975,1975,1975,1975,0
2022-07-20 10:15:00,1975,1975,1975,1975,0
2022-07-20 10:16:00,1975,1975,1975,1975,0
2022-07-20 10:17:00,1975,1975,1975,1975,0
2022-07-20 10:18:00,1975,1975,1975,1975,0
2022-07-20 10:19:00,1975,1975,1975,1975,0
2022-07-20 10:20:00,1975,1975,1975,1975,0
2022-07-20 10:21:00,1975,1975,1975,1975,0
2022-07-20 10:22:00,1975,1975,1975,1975,0
2022-07-20 10:23:00,1975,1975,1975,1975,0
2022-07-20 10:24:00,1975,1975,1975,1975,0
2022-07-20 10:25:00,1975,1975,1975,1975,0
2022-07-20 10:26:00,1975,1975,1975,1975,0
2022-07-20 10:27:00,1975,1975,1975,1975,0
2022-07-20 10:28:00,1975,1975,1975,1975,0
2022-07-20 10:29:00,1975,1975,1975,1975,0
2022-07-20 10:30:00,1975,1975,1975,1975,0
2022-07-20 10:31:00,1975,1975,1975,1975,0
2022-07-20 10:32:00,1975,1975,1975,1975,0
2022-07-20 10:33:00,1975,1975,1975,1975,0
2022-07-20 10:34:00,1975,1975,1975,1975,0
2022-07-20 10:35:00,1975,1975,1975,1975,0
2022-07-20 10:36:00,1975,1975,1975,1975,0
2022-07-20 10:37:00,1975,1975,1975,1975,0
2022-07-20 10:38:00,1975,1975,1975,1975,0
2022-07-20 10:39:00,1975,1975,1975,1975,0
2022-07-20 10:40:00,1975,1975,1975,1975,0
2022-07-20 10:41:00,1975,1975,1975,1975,0
2022-07-20 10:42:00,1975,1975,1975,1975,0
2022-07-20 10:43:00,1975,1975,1975,1975,0
2022-07-20 10:44:00,1975,1975,1975,1975,0
2022-07-20 10:45:00,1975,1975,1975,1975,0
2022-07-20 10:46:00,1975,1975,1975,1975,0
2022-07-20 10:47:00,1975,1975,1975,1975,0
2022-07-20 10:48:00,1975,1975,1975,1975,0
2022-07-20 10:49:00,1975,1975,1975,1975,0
2022-07-20 10:50:00,1975,1975,1975,1975,0
2022-07-20 10:51:00,1975,1975,1975,1975,0
2022-07-20 10:52:00,1975,1975,1975,1975,0
2022-07-20 10:53:00,1975,1975,1975,1975,0
2022-07-20 10:54:00,1975,1975,1975,1975,0
2022-07-20 10:55:00,1975,1975,1975,1975,0
2022-07-20 10:56:00,1975,1975,1975,1975,0
2022-07-20 10:57:00,1975,1975,1975,1975,0
2022-07-20 10:58:00,1975,1975,1975,1975,0
2022-07-20 10:59:00,1975,1975,1975,1975,0
2022-07-20 11:00:00,1975,1975,1975,1975,0
2022-07-20 11:01:00,1975,1975,1975,1975,0
2022-07-20 11:02:00,1975,1975,1975,1975,0
2022-07-20 11:03:00,1975,1975,1975,1975,0
2022-07-20 11:04:00,1975,1975,1975,1975,0
2022-07-20 11:05:00,1975,1975,1975,1975,0
2022-07-20 11:06:00,1975,1975,1975,1975,0
2022-07-20 11:07:00,1975,1975,1975,1975,0
2022-07-20 11:08:00,1975,1975,1975,1975,0
2022-07-20 11:09:00,1975,1975,1975,1975,0
2022-07-20 11:10:00,1975,1975,1975,1975,0
2022-07-20 11:11:00,1975,1975,1975,1975,0
2022-07-20 11:12:00,1975,1975,1975,1975,0
2022-07-20 11:13:00,1975,1975,1975,1975,0
2022-07-20 11:14:00,1975,1975,1975,1975,0
2022-07-20 11:15:00,1975,1975,1975,1975,0
2022-07-20 11:16:00,1975,1975,1975,1975,0
2022-07-20 11:17:00,1975,1975,1975,1975,0
2022-07-20 11:18:00,1975,1975,1975,1975,0
2022-07-20 11:19:00,1975,1975,1975,1975,0
2022-07-20 11:20:00,1975,1975,1975,1975,0
2022-07-20 11:21:00,1975,1975,1975,1975,0
2022-07-20 11:22:00,1975,1975,1975,1975,0
2022-07-20 11:23:00,1975,1975,1975,1975,0
2022-07-20 11:24:00,1975,1975,1975,1975,0
2022-07-20 11:25:00,1975,1975,1975,1975,0
2022-07-20 11:26:00,1975,1975,1975,1975,0
2022-07-20 11:27:00,1975,1975,1975,1975,0
2022-07-20 11:28:00,1975,1975,1975,1975,0
2022-07-20 11:29:00,1975,1975,1975,1975,0
2022-07-20 11:30:00,1975,1975,1975,1975,0
2022-07-20 11:31:00,1975,1975,1975,1975,0
2022-07-20 11:32:00,1975,1975,1975,1975,0
2022-07-20 11:33:00,1975,1975,1975,1975,0
2022-07-20 11:34:00,1975,1975,1975,1975,0
2022-07-20 11:35:00,1975,1975,1975,1975,0
2022-07-20 11:36:00,1975,1975,1975,1975,0
2022-07-20 11:37:00,1975,1975,1975,1975,0
2022-07-20 11:38:00,1975,1975,1975,1975,0
2022-07-20 11:39:00,1975,1975,1975,1975,0
2022-07-20 11:40:00,1975,1975,1975,1975,0
2022-07-20 11:41:00,1975,1975,1975,1975,0
2022-07-20 11:42:00,1975,1975,1975,1975,0
2022-07-20 11:43:00,1975,1975,1975,1975,0
2022-07-20 11:44:00,1975,1975,1975,1975,0
2022-07-20 11:45:00,1975,1975,1975,1975,0
2022-07-20 11:46:00,1975,1975,1975,1975,0
2022-07-20 11:47:00,1975,1975,1975,1975,0
2022-07-20 11:48:00,1975,1975,1975,1975,0
2022-07-20 11:49:00,1975,1975,1975,1975,0
2022-07-20 11:50:00,1975,1975,1975,1975,0
2022-07-20 11:51:00,1975,1975,1975,1975,0
2022-07-20 11:52:00,1975,1975,1975,1975,0
2022-07-20 11:53:00,1975,1975,1975,1975,0
2022-07-20 11:54:00,1975,1975,1975,1975,0
2022-07-20 11:55:00,1975,1975,1975,1975,0
2022-07-20 11:56:00,1975,1975,1975,1975,0
2022-07-20 11:57:00,1975,1975,1975,1975,0
2022-07-20 11:58:00,1975,1975,1975,1975,0
2022-07-20 11:59:00,1975,1975,1975,1975,0
2022-07-20 12:00:00,1975,1975,1975,1975,0
2022-07-20 12:01:00,1975,1975,1975,1975,0
2022-07-20 12:02:00,1975,1975,1975,1975,0
2022-07-20 12:03:00,1975,1975,1975,1975,0
2022-07-20 12:04:00,1975,1975,1975,1975,0
2022-07-20 12:05:00,1975,1975,1975,1975,0
2022-07-20 12:06:00,1975,1975,1975,1975,0
2022-07-20 12:07:00,1975,1975,1975,1975,0
2022-07-20 12:08:00,1975,1975,1975,1975,0
2022-07-20 12:09:00,1975,1975,1975,1975,0
2022-07-20 12:10:00,1975,1975,1975,1975,0
2022-07-20 12:11:00,1975,1975,1975,1975,0
2022-07-20 12:12:00,1975,1975,1975,1975,0
2022-07-20 12:13:00,1975,1975,1975,1975,0
2022-07-20 12:14:00,1975,1975,1975,1975,0
2022-07-20 12:15:00,1975,1975,1975,1975,0
2022-07-20 12:16:00,1975,1975,1975,1975,0
2022-07-20 12:17:00,1975,1975,1975,1975,0
2022-07-20 12:18:00,1975,1975,1975,1975,0
2022-07-20 12:19:00,1975,1975,1975,1975,0
2022-07-20 12:20:00,1975,1975,1975,1975,0
2022-07-20 12:21:00,1975,1975,1975,1975,0
2022-07-20 12:22:00,1975,1975,1975,1975,0
2022-07-20 12:23:00,1975,1975,1975,1975,0
2022-07-20 12:24:00,1975,1975,1975,1975,0
2022-07-20 12:25:00,1975,1975,1975,1975,0
2022-07-20 12:26:00,1975,1975,1975,1975,0
2022-07-20 12:27:00,1975,1975,1975,1975,0
2022-07-20 12:28:00,1975,1975,1975,1975,0
2022-07-20 12:29:00,1975,1975,1975,1975,0
2022-07-20 12:30:00,1975,1975,1975,1975,0
2022-07-20 12:31:00,1975,1975,1975,1975,0
2022-07-20 12:32:00,1975,1975,1975,1975,0
2022-07-20 12:33:00,1975,1975,1975,1975,0
2022-07-20 12:34:00,1975,1975,1975,1975,0
2022-07-20 12:35:00,1975,1975,1975,1975,0
2022-07-20 12:36:00,1975,1975,1975,1975,0
2022-07-20 12:37:00,1975,1975,1975,1975,0
2022-07-20 12:38:00,1975,1975,1975,1975,0
2022-07-20 12:39:00,1975,1975,1975,1975,0
2022-07-20 12:40:00,1975,1975,1975,1975,0
2022-07-20 12:41:00,1975,1975,1975,1975,0
2022-07-20 12:42:00,1975,1975,1975,1975,0
2022-07-20 12:43:00,1975,1975,1975,1975,0
2022-07-20 12:44:00,1975,1975,1975,1975,0
2022-07-20 12:45:00,1975,1975,1975,1975,0
2022-07-20 12:46:00,1975,1975,1975,1975,0
2022-07-20 12:47:00,1975,1975,1975,1975,0
2022-07-20 12:48:00,1975,1975,1975,1975,0
2022-07-20 12:49:00,1975,1975,1975,1975,0
2022-07-20 12:50:00,1975,1975,1975,1975,0
2022-07-20 12:51:00,1975,1975,1975,1975,0
2022-07-20 12:52:00,1975,1975,1975,1975,0
2022-07-20 12:53:00,1975,1975,1975,1975,0
2022-07-20 12:54:00,1975,1975,1975,1975,0
2022-07-20 12:55:00,1975,1975,1975,1975,0
2022-07-20 12:56:00,1975,1975,1975,1975,0
2022-07-20 12:57:00,1975,1975,1975,1975,0
2022-07-20 12:58:00,1975,1975,1975,1975,0
2022-07-20 12:59:00,1975,1975,1975,1975,0
2022-07-20 13:00:00,1975,1975,1975,1975,0
2022-07-20 13:01:00,1975,1975,1975,1975,0
2022-07-20 13:02:00,1975,1975,1975,1975,0
2022-07-20 13:03:00,1975,1975,1975,1975,0
2022-07-20 13:04:00,1975,1975,1975,1975,0
2022-07-20 13:05:00,1975,1975,1975,1975,0
2022-07-20 13:06:00,1975,1975,1975,1975,0
2022-07-20 13:07:00,1975,1975,1975,1975,0
2022-07-20 13:08:00,1975,1975,1975,1975,0
2022-07-20 13:09:00,1975,1975,1975,1975,0
2022-07-20 13:10:00,1975,1975,1975,1975,0
2022-07-20 13:11:00,1975,1975,1975,1975,0
2022-07-20 13:12:00,1975,1975,1975,1975,0
2022-07-20 13:13:00,1975,1975,1975,1975,0
2022-07-20 13:14:00,1975,1975,1975,1975,0
2022-07-20 13:15:00,1975,1975,1975,1975,0
2022-07-20 13:16:00,1975,1975,1975,1975,0
2022-07-20 13:17:00,1975,1975,1975,1975,0
2022-07-20 13:18:00,1975,1975,1975,1975,0
2022-07-20 13:19:00,1975,1975,1975,1975,0
2022-07-20 13:20:00,1975,1975,1975,1975,0
2022-07-20 13:21:00,1975,1975,1975,1975,0
2022-07-20 13:22:00,1975,1975,1975,1975,0
2022-07-20 13:23:00,1975,1975,1975,1975,0
2022-07-20 13:24:00,1975,1975,1975,1975,0
2022-07-20 13:25:00,1975,1975,1975,1975,0
2022-07-20 13:26:00,1975,1975,1975,1975,0
2022-07-20 13:27:00,1975,1975,1975,1975,0
2022-07-20 13:28:00,1975,1975,1975,1975,0
2022-07-20 13:29:00,1975,1975,1975,1975,0
2022-07-20 13:30:00,1975,1975,1975,1975,0
2022-07-20 13:31:00,1975,1975,1975,1975,0
2022-07-20 13:32:00,1975,1975,1975,1975,0
2022-07-20 13:33:00,1975,1975,1975,1975,0
2022-07-20 13:34:00,1975,1975,1975,1975,0
2022-07-20 13:35:00,1975,1975,1975,1975,0
2022-07-20 13:36:00,1975,1975,1975,1975,0
2022-07-20 13:37:00,1975,1975,1975,1975,0
2022-07-20 13:38:00,1975,1975,1975,1975,0
2022-07-20 13:39:00,1975,1975,1975,1975,0
2022-07-20 13:40:00,1975,1975,1975,1975,0
2022-07-20 13:41:00,1975,1975,1975,1975,0
2022-07-20 13:42:00,1975,1975,1975,1975,0
2022-07-20 13:43:00,1975,1975,1975,1975,0
2022-07-20 13:44:00,1975,1975,1975,1975,0
2022-07-20 13:45:00,1975,1975,1975,1975,0
2022-07-20 13:46:00,1975,1975,1975,1975,0
2022-07-20 13:47:00,1975,1975,1975,1975,0
2022-07-20 13:48:00,1975,1975,1975,1975,0
2022-07-20 13:49:00,1975,1975,1975,1975,0
2022-07-20 13:50:00,1975,1975,1975,1975,0
2022-07-20 13:51:00,1975,1975,1975,1975,0
2022-07-20 13:52:00,1975,1975,1975,1975,0
2022-07-20 13:53:00,1975,1975,1975,1975,0
2022-07-20 13:54:00,1975,1975,1975,1975,0
2022-07-20 13:55:00,1975,1975,1975,1975,0
2022-07-20 13:56:00,1975,1975,1975,1975,0
2022-07-20 13:57:00,1975,1975,1975,1975,0
2022-07-20 13:58:00,1975,1975,1975,1975,0
2022-07-20 13:59:00,1975,1975,1975,1975,0
2022-07-20 14:00:00,1975,1975,1975,1975,0
2022-07-20 14:01:00,1975,1975,1975,1975,0
2022-07-20 14:02:00,1975,1975,1975,1975,0
2022-07-20 14:03:00,1975,1975,1975,1975,0
2022-07-20 14:04:00,1975,1975,1975,1975,0
2022-07-20 14:05:00,1975,1975,1975,1975,0
2022-07-20 14:06:00,1975,1975,1975,1975,0
2022-07-20 14:07:00,1975,1975,1975,1975,0
2022-07-20 14:08:00,1975,1975,1975,1975,0
2022-07-20 14:09:00,1975,1975,1975,1975,0
2022-07-20 14:10:00,1975,1975,1975,1975,0
2022-07-20 14:11:00,1975,1975,1975,1975,0
2022-07-20 14:12:00,1975,1975,1975,1975,0
2022-07-20 14:13:00,1975,1975,1975,1975,0
2022-07-20 14:14:00,1975,1975,1975,1975,0
2022-07-20 14:15:00,1975,1975,1975,1975,0
2022-07-20 14:16:00,1975,1975,1975,1975,0
2022-07-20 14:17:00,1975,1975,1975,1975,0
2022-07-20 14:18:00,1975,1975,1975,1975,0
2022-07-20 14:19:00,1975,1975,1975,1975,0
2022-07-20 14:20:00,1975,1975,1975,1975,0
2022-07-20 14:21:00,1975,1975,1975,1975,0
2022-07-20 14:22:00,1975,1975,1975,1975,0
2022-07-20 14:23:00,1975,1975,1975,1975,0
2022-07-20 14:24:00,1975,1975,1975,1975,0
2022-07-20 14:25:00,1975,1975,1975,1975,0
2022-07-20 14:26:00,1975,1975,1975,1975,0
2022-07-20 14:27:00,1975,1975,1975,1975,0
2022-07-20 14:28:00,1975,1975,1975,1975,0
2022-07-20 14:29:00,1975,1975,1975,1975,0
2022-07-20 14:30:00,1975,1975,1975,1975,0
2022-07-20 14:31:00,1975,1975,1975,1975,0
2022-07-20 14:32:00,1975,1975,1975,1975,0
2022-07-20 14:33:00,1975,1975,1975,1975,0
2022-07-20 14:34:00,1975,1975,1975,1975,0
2022-07-20 14:35:00,1975,1975,1975,1975,0
2022-07-20 14:36:00,1975,1975,1975,1975,0
2022-07-20 14:37:00,1975,1975,1975,1975,0
2022-07-20 14:38:00,1975,1975,1975,1975,0
2022-07-20 14:39:00,1975,1975,1975,1975,0
2022-07-20 14:40:00,1975,1975,1975,1975,0
2022-07-20 14:41:00,1975,1975,1975,1975,0
2022-07-20 14:42:00,1975,1975,1975,1975,0
2022-07-20 14:43:00,1975,1975,1975,1975,0
2022-07-20 14:44:00,1975,1975,1975,1975,0
2022-07-20 14:45:00,1975,1975,1975,1975,0
2022-07-20 14:46:00,1975,1975,1975,1975,0
2022-07-20 14:47:00,1975,1975,1975,1975,0
2022-07-20 14:48:00,1975,1975,1975,1975,0
2022-07-20 14:49:00,1975,1975,1975,1975,0
2022-07-20 14:50:00,1975,1975,1975,1975,0
2022-07-20 14:51:00,1975,1975,1975,1975,0
2022-07-20 14:52:00,1975,1975,1975,1975,0
2022-07-20 14:53:00,1975,1975,1975,1975,0
2022-07-20 14:54:00,1975,1975,1975,1975,0
2022-07-20 14:55:00,1975,1975,1975,1975,0
2022-07-20 14:56:00,1975,1975,1975,1975,0
2022-07-20 14:57:00,1975,1975,1975,1975,0
2022-07-20 14:58:00,1975,1975,1975,1975,0
2022-07-20 14:59:00,1975,1975,1975,1975,0
2022-07-20 15:00:00,1975,1975,1975,1975,0
2022-07-20 15:01:00,1975,1975,1975,1975,0
2022-07-20 15:02:00,1975,1975,1975,1975,0
2022-07-20 15:03:00,1975,1975,1975,1975,0
2022-07-20 15:04:00,1975,1975,1975,1975,0
2022-07-20 15:05:00,1975,1975,1975,1975,0
2022-07-20 15:06:00,1975,1975,1975,1975,0
2022-07-20 15:07:00,1975,1975,1975,1975,0
2022-07-20 15:08:00,1975,1975,1975,1975,0
2022-07-20 15:09:00,1975,1975,1975,1975,0
2022-07-20 15:10:00,1975,1975,1975,1975,0
2022-07-20 15:11:00,1975,1975,1975,1975,0
2022-07-20 15:12:00,1975,1975,1975,1975,0
2022-07-20 15:13:00,1975,1975,1975,1975,0
2022-07-20 15:14:00,1975,1975,1975,1975,0
2022-07-20 15:15:00,1975,1975,1975,1975,0
2022-07-20 15:16:00,1975,1975,1975,1975,0
2022-07-20 15:17:00,1975,1975,1975,1975,0
2022-07-20 15:18:00,1975,1975,1975,1975,0
2022-07-20 15:19:00,1975,1975,1975,1975,0
2022-07-20 15:20:00,1975,1975,1975,1975,0
2022-07-20 15:21:00,1975,1975,1975,1975,0
2022-07-20 15:22:00,1975,1975,1975,1975,0
2022-07-20 15:23:00,1975,1975,1975,1975,0
2022-07-20 15:24:00,1975,1975,1975,1975,0
2022-07-20 15:25:00,1975,1975,1975,1975,0
2022-07-20 15:26:00,1975,1975,1975,1975,0
2022-07-20 15:27:00,1975,1975,1975,1975,0
2022-07-20 15:28:00,1975,1975,1975,1975,0
2022-07-20 15:29:00,1975,1975,1975,1975,0
2022-07-20 15:30:00,1975,1975,1975,1975,0
2022-07-20 15:31:00,1975,1975,1975,1975,0
2022-07-20 15:32:00,1975,1975,1975,1975,0
2022-07-20 15:33:00,1975,1975,1975,1975,0
2022-07-20 15:34:00,1975,1975,1975,1975,0
2022-07-20 15:35:00,1975,1975,1975,1975,0
2022-07-20 15:36:00,1975,1975,1975,1975,0
2022-07-20 15:37:00,1975,1975,1975,1975,0
2022-07-20 15:38:00,1975,1975,1975,1975,0
2022-07-20 15:39:00,1975,1975,1975,1975,0
2022-07-20 15:40:00,1975,1975,1975,1975,0
2022-07-20 15:41:00,1975,1975,1975,1975,0
2022-07-20 15:42:00,1975,1975,1975,1975,0
2022-07-20 15:43:00,1975,1975,1975,1975,0
2022-07-20 15:44:00,1975,1975,1975,1975,0
2022-07-20 15:45:00,1975,1975,1975,1975,0
2022-07-20 15:46:00,1975,1975,1975,1975,0
2022-07-20 15:47:00,1975,1975,1975,1975,0
2022-07-20 15:48:00,1975,1975,1975,1975,0
2022-07-20 15:49:00,1975,1975,1975,1975,0
2022-07-20 15:50:00,1975,1975,1975,1975,0
2022-07-20 15:51:00,1975,1975,1975,1975,0
2022-07-20 15:52:00,1975,1975,1975,1975,0
2022-07-20 15:53:00,1975,1975,1975,1975,0
2022-07-20 15:54:00,1975,1975,1975,1975,0
2022-07-20 15:55:00,1975,1975,1975,1975,0
2022-07-20 15:56:00,1975,1975,1975,1975,0
2022-07-20 15:57:00,1975,1975,1975,1975,0
2022-07-20 15:58:00,1975,1975,1975,1975,0
2022-07-20 15:59:00,1975,1975,1975,1975,0
2022-07-21 09:00:00,1975,1975,1975,1975,0
2022-07-21 09:01:00,1975,1975,1975,1975,0
2022-07-21 09:02:00,1975,1975,1975,1975,0
2022-07-21 09:03:00,1975,1975,1975,1975,0
2022-07-21 09:04:00,1975,1975,1975,1975,0
2022-07-21 09:05:00,1975,1975,1975,1975,0
2022-07-21 09:06:00,1975,1975,1975,1975,0
2022-07-21 09:07:00,1975,1975,1975,1975,0
2022-07-21 09:08:00,1975,1975,1975,1975,0
2022-07-21 09:09:00,1975,1975,1975,1975,0
2022-07-21 09:10:00,1975,1975,1975,1975,0
2022-07-21 09:11:00,1975,1975,1975,1975,0
2022-07-21 09:12:00,1975,1975,1975,1975,0
2022-07-21 09:13:00,1975,1975,1975,1975,0
2022-07-21 09:14:00,1975,1975,1975,1975,0
2022-07-21 09:15:00,1975,1975,1975,1975,0
2022-07-21 09:16:00,1975,1975,1975,1975,0
2022-07-21 09:17:00,1975,1975,1975,1975,0
2022-07-21 09:18:00,1975,1975,1975,1975,0
2022-07-21 09:19:00,1975,1975,1975,1975,0
2022-07-21 09:20:00,1975,1975,1975,1975,0
2022-07-21 09:21:00,1975,1975,1975,1975,0
2022-07-21 09:22:00,1975,1975,1975,1975,0
2022-07-21 09:23:00,1975,1975,1975,1975,0
2022-07-21 09:24:00,1975,1975,1975,1975,0
2022-07-21 09:25:00,1975,1975,1975,1975,0
2022-07-21 09:26:00,1975,1975,1975,1975,0
2022-07-21 09:27:00,1975,1975,1975,1975,0
2022-07-21 09:28:00,1975,1975,1975,1975,0
2022-07-21 09:29:00,1975,1975,1975,1975,0
2022-07-21 09:30:00,1975,1975,1975,1975,0
2022-07-21 09:31:00,1975,1975,1975,1975,0
2022-07-21 09:32:00,1975,1975,1975,1975,0
2022-07-21 09:33:00,1975,1975,1975,1975,0
2022-07-21 09:34:00,1975,1975,1975,1975,0
2022-07-21 09:35:00,1975,1975,1975,1975,0
2022-07-21 09:36:00,1975,1975,1975,1975,0
2022-07-21 09:37:00,1975,1975,1975,1975,0
2022-07-21 09:38:00,1975,1975,1975,1975,0
2022-07-21 09:39:00,1975,1975,1975,1975,0
2022-07-21 09:40:00,1975,1975,1975,1975,0
2022-07-21 09:41:00,1975,1975,1975,1975,0
2022-07-21 09:42:00,1975,1975,1975,1975,0
2022-07-21 09:43:00,1975,1975,1975,1975,0
2022-07-21 09:44:00,1975,1975,1975,1975,0
2022-07-21 09:45:00,1975,1975,1975,1975,0
2022-07-21 09:46:00,1975,1975,1975,1975,0
2022-07-21 09:47:00,1975,1975,1975,1975,0
2022-07-21 09:48:00,1975,1975,1975,1975,0
2022-07-21 09:49:00,1975,1975,1975,1975,0
2022-07-21 09:50:00,1975,1975,1975,1975,0
2022-07-21 09:51:00,1975,1975,1975,1975,0
2022-07-21 09:52:00,1975,1975,1975,1975,0
2022-07-21 09:53:00,1975,1975,1975,1975,0
2022-07-21 09:54:00,1975,1975,1975,1975,0
2022-07-21 09:55:00,1975,1975,1975,1975,0
2022-07-21 09:56:00,1975,1975,1975,1975,0
2022-07-21 09:57:00,1975,1975,1975,1975,0
2022-07-21 09:58:00,1975,1975,1975,1975,0
2022-07-21 09:59:00,1975,1975,1975,1975,0
2022-07-21 10:00:00,1975,1975,1975,1975,0
2022-07-21 10:01:00,1975,1975,1975,1975,0
2022-07-21 10:02:00,1975,1975,1975,1975,0
2022-07-21 10:03:00,1975,1975,1975,1975,0
2022-07-21 10:04:00,1975,1975,1975,1975,0
2022-07-21 10:05:00,1975,1975,1975,1975,0
2022-07-21 10:06:00,1975,1975,1975,1975,0
2022-07-21 10:07:00,1975,1975,1975,1975,0
2022-07-21 10:08:00,1975,1975,1975,1975,0
2022-07-21 10:09:00,1975,1975,1975,1975,0
2022-07-21 10:10:00,1975,1975,1975,1975,0
2022-07-21 10:11:00,1975,1975,1975,1975,0
2022-07-21 10:12:00,1975,1975,1975,1975,0
2022-07-21 10:13:00,1975,1975,1975,1975,0
2022-07-21 10:14:00,1975,1975,1975,1975,0
2022-07-21 10:15:00,1975,1975,1975,1975,0
2022-07-21 10:16:00,1975,1975,1975,1975,0
2022-07-21 10:17:00,1975,1975,1975,1975,0
2022-07-21 10:18:00,1975,1975,1975,1975,0
2022-07-21 10:19:00,1975,1975,1975,1975,0
2022-07-21 10:20:00,1975,1975,1975,1975,0
2022-07-21 10:21:00,1975,1975,1975,1975,0
2022-07-21 10:22:00,1975,1975,1975,1975,0
2022-07-21 10:23:00,1975,1975,1975,1975,0
2022-07-21 10:24:00,1975,1975,1975,1975,0
2022-07-21 10:25:00,1975,1975,1975,1975,0
2022-07-21 10:26:00,1975,1975,1975,1975,0
2022-07-21 10:27:00,1975,1975,1975,1975,0
2022-07-21 10:28:00,1975,1975,1975,1975,0
2022-07-21 10:29:00,1975,1975,1975,1975,0
2022-07-21 10:30:00,1975,1975,1975,1975,0
2022-07-21 10:31:00,1975,1975,1975,1975,0
2022-07-21 10:32:00,1975,1975,1975,1975,0
2022-07-21 10:33:00,1975,1975,1975,1975,0
2022-07-21 10:34:00,1975,1975,1975,1975,0
2022-07-21 10:35:00,1975,1975,1975,1975,0
2022-07-21 10:36:00,1975,1975,1975,1975,0
2022-07-21 10:37:00,1975,1975,1975,1975,0
2022-07-21 10:38:00,1975,1975,1975,1975,0
2022-07-21 10:39:00,1975,1975,1975,1975,0
2022-07-21 10:40:00,1975,1975,1975,1975,0
2022-07-21 10:41:00,1975,1975,1975,1975,0
2022-07-21 10:42:00,1975,1975,1975,1975,0
2022-07-21 10:43:00,1975,1975,1975,1975,0
2022-07-21 10:44:00,1975,1975,1975,1975,0
2022-07-21 10:45:00,1975,1975,1975,1975,0
2022-07-21 10:46:00,1975,1975,1975,1975,0
2022-07-21 10:47:00,1975,1975,1975,1975,0
2022-07-21 10:48:00,1975,1975,1975,1975,0
2022-07-21 10:49:00,1975,1975,1975,1975,0
2022-07-21 10:50:00,1975,1975,1975,1975,0
2022-07-21 10:51:00,1975,1975,1975,1975,0
2022-07-21 10:52:00,1975,1975,1975,1975,0
2022-07-21 10:53:00,1975,1975,1975,1975,0
2022-07-21 10:54:00,1975,1975,1975,1975,0
2022-07-21 10:55:00,1975,1975,1975,1975,0
2022-07-21 10:56:00,1975,1975,1975,1975,0
2022-07-21 10:57:00,1975,1975,1975,1975,0
2022-07-21 10:58:00,1975,1975,1975,1975,0
2022-07-21 10:59:00,1975,1975,1975,1975,0
2022-07-21 11:00:00,1975,1975,1975,1975,0
2022-07-21 11:01:00,1975,1975,1975,1975,0
2022-07-21 11:02:00,1975,1975,1975,1975,0
2022-07-21 11:03:00,1975,1975,1975,1975,0
2022-07-21 11:04:00,1975,1975,1975,1975,0
2022-07-21 11:05:00,1975,1975,1975,1975,0
2022-07-21 11:06:00,1975,1975,1975,1975,0
2022-07-21 11:07:00,1975,1975,1975,1975,0
2022-07-21 11:08:00,1975,1975,1975,1975,0
2022-07-21 11:09:00,1975,1975,1975,1975,0
2022-07-21 11:10:00,1975,1975,1975,1975,0
2022-07-21 11:11:00,1975,1975,1975,1975,0
2022-07-21 11:12:00,1975,1975,1975,1975,0
2022-07-21 11:13:00,1975,1975,1975,1975,0
2022-07-21 11:14:00,1975,1975,1975,1975,0
2022-07-21 11:15:00,1975,1975,1975,1975,0
2022-07-21 11:16:00,1975,1975,1975,1975,0
2022-07-21 11:17:00,1975,1975,1975,1975,0
2022-07-21 11:18:00,1975,1975,1975,1975,0
2022-07-21 11:19:00,1975,1975,1975,1975,0
2022-07-21 11:20:00,1975,1975,1975,1975,0
2022-07-21 11:21:00,1975,1975,1975,1975,0
2022-07-21 11:22:00,1975,1975,1975,1975,0
2022-07-21 11:23:00,1975,1975,1975,1975,0
2022-07-21 11:24:00,1975,1975,1975,1975,0
2022-07-21 11:25:00,1975,1975,1975,1975,0
2022-07-21 11:26:00,1975,1975,1975,1975,0
2022-07-21 11:27:00,1975,1975,1975,1975,0
2022-07-21 11:28:00,1975,1975,1975,1975,0
2022-07-21 11:29:00,1975,1975,1975,1975,0
2022-07-21 11:30:00,1975,1975,1975,1975,0
2022-07-21 11:31:00,1975,1975,1975,1975,0
2022-07-21 11:32:00,1975,1975,1975,1975,0
2022-07-21 11:33:00,1975,1975,1975,1975,0
2022-07-21 11:34:00,1975,1975,1975,1975,0
2022-07-21 11:35:00,1975,1975,1975,1975,0
2022-07-21 11:36:00,1975,1975,1975,1975,0
2022-07-21 11:37:00,1975,1975,1975,1975,0
2022-07-21 11:38:00,1975,1975,1975,1975,0
2022-07-21 11:39:00,1975,1975,1975,1975,0
2022-07-21 11:40:00,1975,1975,1975,1975,0
2022-07-21 11:41:00,1975,1975,1975,1975,0
2022-07-21 11:42:00,1975,1975,1975,1975,0
2022-07-21 11:43:00,1975,1975,1975,1975,0
2022-07-21 11:44:00,1975,1975,1975,1975,0
2022-07-21 11:45:00,1975,1975,1975,1975,0
2022-07-21 11:46:00,1975,1975,1975,1975,0
2022-07-21 11:47:00,1975,1975,1975,1975,0
2022-07-21 11:48:00,1975,1975,1975,1975,0
2022-07-21 11:49:00,1975,1975,1975,1975,0
2022-07-21 11:50:00,1975,1975,1975,1975,0
2022-07-21 11:51:00,1975,1975,1975,1975,0
2022-07-21 11:52:00,1975,1975,1975,1975,0
2022-07-21 11:53:00,1975,1975,1975,1975,0
2022-07-21 11:54:00,1975,1975,1975,1975,0
2022-07-21 11:55:00,1975,1975,1975,1975,0
2022-07-21 11:56:00,1975,1975,1975,1975,0
2022-07-21 11:57:00,1975,1975,1975,1975,0
2022-07-21 11:58:00,1975,1975,1975,1975,0
2022-07-21 11:59:00,1975,1975,1975,1975,0
2022-07-21 12:00:00,1975,1975,1975,1975,0
2022-07-21 12:01:00,1975,1975,1975,1975,0
2022-07-21 12:02:00,1975,1975,1975,1975,0
2022-07-21 12:03:00,1975,1975,1975,1975,0
2022-07-21 12:04:00,1975,1975,1975,1975,0
2022-07-21 12:05:00,1975,1975,1975,1975,0
2022-07-21 12:06:00,1975,1975,1975,1975,0
2022-07-21 12:07:00,1975,1975,1975,1975,0
2022-07-21 12:08:00,1975,1975,1975,1975,0
2022-07-21 12:09:00,1975,1975,1975,1975,0
2022-07-21 12:10:00,1975,1975,1975,1975,0
2022-07-21 12:11:00,1975,1975,1975,1975,0
2022-07-21 12:12:00,1975,1975,1975,1975,0
2022-07-21 12:13:00,1975,1975,1975,1975,0
2022-07-21 12:14:00,1975,1975,1975,1975,0
2022-07-21 12:15:00,1975,1975,1975,1975,0
2022-07-21 12:16:00,1975,1975,1975,1975,0
2022-07-21 12:17:00,1975,1975,1975,1975,0
2022-07-21 12:18:00,1975,1975,1975,1975,0
2022-07-21 12:19:00,1975,1975,1975,1975,0
2022-07-21 12:20:00,1975,1975,1975,1975,0
2022-07-21 12:21:00,1975,1975,1975,1975,0
2022-07-21 12:22:00,1975,1975,1975,1975,0
2022-07-21 12:23:00,1975,1975,1975,1975,0
2022-07-21 12:24:00,1975,1975,1975,1975,0
2022-07-21 12:25:00,1975,1975,1975,1975,0
2022-07-21 12:26:00,1975,1975,1975,1975,0
2022-07-21 12:27:00,1975,1975,1975,1975,0
2022-07-21 12:28:00,1975,1975,1975,1975,0
2022-07-21 12:29:00,1975,1975,1975,1975,0
2022-07-21 12:30:00,1975,1975,1975,1975,0
2022-07-21 12:31:00,1975,1975,1975,1975,0
2022-07-21 12:32:00,1975,1975,1975,1975,0
2022-07-21 12:33:00,1975,1975,1975,1975,0
2022-07-21 12:34:00,1975,1975,1975,1975,0
2022-07-21 12:35:00,1975,1975,1975,1975,0
2022-07-21 12:36:00,1975,1975,1975,1975,0
2022-07-21 12:37:00,1975,1975,1975,1975,0
2022-07-21 12:38:00,1975,1975,1975,1975,0
2022-07-21 12:39:00,1975,1975,1975,1975,0
2022-07-21 12:40:00,1975,1975,1975,1975,0
2022-07-21 12:41:00,1975,1975,1975,1975,0
2022-07-21 12:42:00,1975,1975,1975,1975,0
2022-07-21 12:43:00,1975,1975,1975,1975,0
2022-07-21 12:44:00,1975,1975,1975,1975,0
2022-07-21 12:45:00,1975,1975,1975,1975,0
2022-07-21 12:46:00,1975,1975,1975,1975,0
2022-07-21 12:47:00,1975,1975,1975,1975,0
2022-07-21 12:48:00,1975,1975,1975,1975,0
2022-07-21 12:49:00,1975,1975,1975,1975,0
2022-07-21 12:50:00,1975,1975,1975,1975,0
2022-07-21 12:51:00,1975,1975,1975,1975,0
2022-07-21 12:52:00,1975,1975,1975,1975,0
2022-07-21 12:53:00,1975,1975,1975,1975,0
2022-07-21 12:54:00,1975,1975,1975,1975,0
2022-07-21 12:55:00,1975,1975,1975,1975,0
2022-07-21 12:56:00,1975,1975,1975,1975,0
2022-07-21 12:57:00,1975,1975,1975,1975,0
2022-07-21 12:58:00,1975,1975,1975,1975,0
2022-07-21 12:59:00,1975,1975,1975,1975,0
2022-07-21 13:00:00,1975,1975,1975,1975,0
2022-07-21 13:01:00,1975,1975,1975,1975,0
2022-07-21 13:02:00,1975,1975,1975,1975,0
2022-07-21 13:03:00,1975,1975,1975,1975,0
2022-07-21 13:04:00,1975,1975,1975,1975,0
2022-07-21 13:05:00,1975,1975,1975,1975,0
2022-07-21 13:06:00,1975,1975,1975,1975,0
2022-07-21 13:07:00,1975,1975,1975,1975,0
2022-07-21 13:08:00,1975,1975,1975,1975,0
2022-07-21 13:09:00,1975,1975,1975,1975,0
2022-07-21 13:10:00,1975,1975,1975,1975,0
2022-07-21 13:11:00,1975,1975,1975,1975,0
2022-07-21 13:12:00,1975,1975,1975,1975,0
2022-07-21 13:13:00,1975,1975,1975,1975,0
2022-07-21 13:14:00,1975,1975,1975,1975,0
2022-07-21 13:15:00,1975,1975,1975,1975,0
2022-07-21 13:16:00,1975,1975,1975,1975,0
2022-07-21 13:17:00,1975,1975,1975,1975,0
2022-07-21 13:18:00,1975,1975,1975,1975,0
2022-07-21 13:19:00,1975,1975,1975,1975,0
2022-07-21 13:20:00,1975,1975,1975,1975,0
2022-07-21 13:21:00,1975,1975,1975,1975,0
2022-07-21 13:22:00,1975,1975,1975,1975,0
2022-07-21 13:23:00,1975,1975,1975,1975,0
2022-07-21 13:24:00,1975,1975,1975,1975,0
2022-07-21 13:25:00,1975,1975,1975,1975,0
2022-07-21 13:26:00,1975,1975,1975,1975,0
2022-07-21 13:27:00,1975,1975,1975,1975,0
2022-07-21 13:28:00,1975,1975,1975,1975,0
2022-07-21 13:29:00,1975,1975,1975,1975,0
2022-07-21 13:30:00,1975,1975,1975,1975,0
2022-07-21 13:31:00,1975,1975,1975,1975,0
2022-07-21 13:32:00,1975,1975,1975,1975,0
2022-07-21 13:33:00,1975,1975,1975,1975,0
2022-07-21 13:34:00,1975,1975,1975,1975,0
2022-07-21 13:35:00,1975,1975,1975,1975,0
2022-07-21 13:36:00,1975,1975,1975,1975,0
2022-07-21 13:37:00,1975,1975,1975,1975,0
2022-07-21 13:38:00,1975,1975,1975,1975,0
2022-07-21 13:39:00,1975,1975,1975,1975,0
2022-07-21 13:40:00,1975,1975,1975,1975,0
2022-07-21 13:41:00,1975,1975,1975,1975,0
2022-07-21 13:42:00,1975,1975,1975,1975,0
2022-07-21 13:43:00,1975,1975,1975,1975,0
2022-07-21 13:44:00,1975,1975,1975,1975,0
2022-07-21 13:45:00,1975,1975,1975,1975,0
2022-07-21 13:46:00,1975,1975,1975,1975,0
2022-07-21 13:47:00,1975,1975,1975,1975,0
2022-07-21 13:48:00,1975,1975,1975,1975,0
2022-07-21 13:49:00,1975,1975,1975,1975,0
2022-07-21 13:50:00,1975,1975,1975,1975,0
2022-07-21 13:51:00,1975,1975,1975,1975,0
2022-07-21 13:52:00,1975,1975,1975,1975,0
2022-07-21 13:53:00,1975,1975,1975,1975,0
2022-07-21 13:54:00,1975,1975,1975,1975,0
2022-07-21 13:55:00,1975,1975,1975,1975,0
2022-07-21 13:56:00,1975,1975,1975,1975,0
2022-07-21 13:57:00,1975,1975,1975,1975,0
2022-07-21 13:58:00,1975,1975,1975,1975,0
2022-07-21 13:59:00,1975,1975,1975,1975,0
2022-07-21 14:00:00,1975,1975,1975,1975,0
2022-07-21 14:01:00,1975,1975,1975,1975,0
2022-07-21 14:02:00,1975,1975,1975,1975,0
2022-07-21 14:03:00,1975,1975,1975,1975,0
2022-07-21 14:04:00,1975,1975,1975,1975,0
2022-07-21 14:05:00,1975,1975,1975,1975,0
2022-07-21 14:06:00,1975,1975,1975,1975,0
2022-07-21 14:07:00,1975,1975,1975,1975,0
2022-07-21 14:08:00,1975,1975,1975,1975,0
2022-07-21 14:09:00,1975,1975,1975,1975,0
2022-07-21 14:10:00,1975,1975,1975,1975,0
2022-07-21 14:11:00,1975,1975,1975,1975,0
2022-07-21 14:12:00,1975,1975,1975,1975,0
2022-07-21 14:13:00,1975,1975,1975,1975,0
2022-07-21 14:14:00,1975,1975,1975,1975,0
2022-07-21 14:15:00,1975,1975,1975,1975,0
2022-07-21 14:16:00,1975,1975,1975,1975,0
2022-07-21 14:17:00,1975,1975,1975,1975,0
2022-07-21 14:18:00,1975,1975,1975,1975,0
2022-07-21 14:19:00,1975,1975,1975,1975,0
2022-07-21 14:20:00,1975,1975,1975,1975,0
2022-07-21 14:21:00,1975,1975,1975,1975,0
2022-07-21 14:22:00,1975,1975,1975,1975,0
2022-07-21 14:23:00,1975,1975,1975,1975,0
2022-07-21 14:24:00,1975,1975,1975,1975,0
2022-07-21 14:25:00,1975,1975,1975,1975,0
2022-07-21 14:26:00,1975,1975,1975,1975,0
2022-07-21 14:27:00,1975,1975,1975,1975,0
2022-07-21 14:28:00,1975,1975,1975,1975,0
2022-07-21 14:29:00,1975,1975,1975,1975,0
2022-07-21 14:30:00,1975,1975,1975,1975,0
2022-07-21 14:31:00,1975,1975,1975,1975,0
2022-07-21 14:32:00,1975,1975,1975,1975,0
2022-07-21 14:33:00,1975,1975,1975,1975,0
2022-07-21 14:34:00,1975,1975,1975,1975,0
2022-07-21 14:35:00,1975,1975,1975,1975,0
2022-07-21 14:36:00,1975,1975,1975,1975,0
2022-07-21 14:37:00,1975,1975,1975,1975,0
2022-07-21 14:38:00,1975,1975,1975,1975,0
2022-07-21 14:39:00,1975,1975,1975,1975,0
2022-07-21 14:40:00,1975,1975,1975,1975,0
2022-07-21 14:41:00,1975,1975,1975,1975,0
2022-07-21 14:42:00,1975,1975,1975,1975,0
2022-07-21 14:43:00,1975,1975,1975,1975,0
2022-07-21 14:44:00,1975,1975,1975,1975,0
2022-07-21 14:45:00,1975,1975,1975,1975,0
2022-07-21 14:46:00,1975,1975,1975,1975,0
2022-07-21 14:47:00,1975,1975,1975,1975,0
2022-07-21 14:48:00,1975,1975,1975,1975,0
2022-07-21 14:49:00,1975,1975,1975,1975,0
2022-07-21 14:50:00,1975,1975,1975,1975,0
2022-07-21 14:51:00,1975,1975,1975,1975,0
2022-07-21 14:52:00,1975,1975,1975,1975,0
2022-07-21 14:53:00,1975,1975,1975,1975,0
2022-07-21 14:54:00,1975,1975,1975,1975,0
2022-07-21 14:55:00,1975,1975,1975,1975,0
2022-07-21 14:56:00,1975,1975,1975,1975,0
2022-07-21 14:57:00,1975,1975,1975,1975,0
2022-07-21 14:58:00,1975,1975,1975,1975,0
2022-07-21 14:59:00,1975,1975,1975,1975,0
2022-07-21 15:00:00,1975,1975,1975,1975,0
2022-07-21 15:01:00,1975,1975,1975,1975,0
2022-07-21 15:02:00,1975,1975,1975,1975,0
2022-07-21 15:03:00,1975,1975,1975,1975,0
2022-07-21 15:04:00,1975,1975,1975,1975,0
2022-07-21 15:05:00,1975,1975,1975,1975,0
2022-07-21 15:06:00,1975,1975,1975,1975,0
2022-07-21 15:07:00,1975,1975,1975,1975,0
2022-07-21 15:08:00,1975,1975,1975,1975,0
2022-07-21 15:09:00,1975,1975,1975,1975,0
2022-07-21 15:10:00,1975,1975,1975,1975,0
2022-07-21 15:11:00,1975,1975,1975,1975,0
2022-07-21 15:12:00,1975,1975,1975,1975,0
2022-07-21 15:13:00,1975,1975,1975,1975,0
2022-07-21 15:14:00,1975,1975,1975,1975,0
2022-07-21 15:15:00,1975,1975,1975,1975,0
2022-07-21 15:16:00,1975,1975,1975,1975,0
2022-07-21 15:17:00,1975,1975,1975,1975,0
2022-07-21 15:18:00,1975,1975,1975,1975,0
2022-07-21 15:19:00,1975,1975,1975,1975,0
2022-07-21 15:20:00,1975,1975,1975,1975,0
2022-07-21 15:21:00,1975,1975,1975,1975,0
2022-07-21 15:22:00,1975,1975,1975,1975,0
2022-07-21 15:23:00,1975,1975,1975,1975,0
2022-07-21 15:24:00,1975,1975,1975,1975,0
2022-07-21 15:25:00,1975,1975,1975,1975,0
2022-07-21 15:26:00,1975,1975,1975,1975,0
2022-07-21 15:27:00,1975,1975,1975,1975,0
2022-07-21 15:28:00,1975,1975,1975,1975,0
2022-07-21 15:29:00,1975,1975,1975,1975,0
2022-07-21 15:30:00,1975,1975,1975,1975,0
2022-07-21 15:31:00,1975,1975,1975,1975,0
2022-07-21 15:32:00,1975,1975,1975,1975,0
2022-07-21 15:33:00,1975,1975,1975,1975,0
2022-07-21 15:34:00,1975,1975,1975,1975,0
2022-07-21 15:35:00,1975,1975,1975,1975,0
2022-07-21 15:36:00,1975,1975,1975,1975,0
2022-07-21 15:37:00,1975,1975,1975,1975,0
2022-07-21 15:38:00,1975,1975,1975,1975,0
2022-07-21 15:39:00,1975,1975,1975,1975,0
2022-07-21 15:40:00,1975,1975,1975,1975,0
2022-07-21 15:41:00,1975,1975,1975,1975,0
2022-07-21 15:42:00,1975,1975,1975,1975,0
2022-07-21 15:43:00,1975,1975,1975,1975,0
2022-07-21 15:44:00,1975,1975,1975,1975,0
2022-07-21 15:45:00,1975,1975,1975,1975,0
2022-07-21 15:46:00,1975,1975,1975,1975,0
2022-07-21 15:47:00,1975,1975,1975,1975,0
2022-07-21 15:48:00,1975,1975,1975,1975,0
2022-07-21 15:49:00,1975,1975,1975,1975,0
2022-07-21 15:50:00,1975,1975,1975,1975,0
2022-07-21 15:51:00,1975,1975,1975,1975,0
2022-07-21 15:52:00,1975,1975,1975,1975,0
2022-07-21 15:53:00,1975,1975,1975,1975,0
2022-07-21 15:54:00,1975,1975,1975,1975,0
2022-07-21 15:55:00,1975,1975,1975,1975,0
2022-07-21 15:56:00,1975,1975,1975,1975,0
2022-07-21 15:57:00,1975,1975,1975,1975,0
2022-07-21 15:58:00,1975,1975,1975,1975,0
2022-07-21 15:59:00,1975,1975,1975,1975,0
2022-07-22 09:00:00,1975,1975,1975,1975,0
2022-07-22 09:01:00,1975,1975,1975,1975,0
2022-07-22 09:02:00,1975,1975,1975,1975,0
2022-07-22 09:03:00,1975,1975,1975,1975,0
2022-07-22 09:04:00,1975,1975,1975,1975,0
2022-07-22 09:05:00,1975,1975,1975,1975,0
2022-07-22 09:06:00,1975,1975,1975,1975,0
2022-07-22 09:07:00,1975,1975,1975,1975,0
2022-07-22 09:08:00,1975,1975,1975,1975,0
2022-07-22 09:09:00,1975,1975,1975,1975,0
2022-07-22 09:10:00,1975,1975,1975,1975,0
2022-07-22 09:11:00,1975,1975,1975,1975,0
2022-07-22 09:12:00,1975,1975,1975,1975,0
2022-07-22 09:13:00,1975,1975,1975,1975,0
2022-07-22 09:14:00,1975,1975,1975,1975,0
2022-07-22 09:15:00,1975,1975,1975,1975,0
2022-07-22 09:16:00,1975,1975,1975,1975,0
2022-07-22 09:17:00,1975,1975,1975,1975,0
2022-07-22 09:18:00,1975,1975,1975,1975,0
2022-07-22 09:19:00,1975,1975,1975,1975,0
2022-07-22 09:20:00,1975,1975,1975,1975,0
2022-07-22 09:21:00,1975,1975,1975,1975,0
2022-07-22 09:22:00,1975,1975,1975,1975,0
2022-07-22 09:23:00,1975,1975,1975,1975,0
2022-07-22 09:24:00,1975,1975,1975,1975,0
2022-07-22 09:25:00,1975,1975,1975,1975,0
2022-07-22 09:26:00,1975,1975,1975,1975,0
2022-07-22 09:27:00,1975,1975,1975,1975,0
2022-07-22 09:28:00,1975,1975,1975,1975,0
2022-07-22 09:29:00,1975,1975,1975,1975,0
2022-07-22 09:30:00,1975,1975,1975,1975,0
2022-07-22 09:31:00,1975,1975,1975,1975,0
2022-07-22 09:32:00,1975,1975,1975,1975,0
2022-07-22 09:33:00,1975,1975,1975,1975,0
2022-07-22 09:34:00,1975,1975,1975,1975,0
2022-07-22 09:35:00,1975,1975,1975,1975,0
2022-07-22 09:36:00,1975,1975,1975,1975,0
2022-07-22 09:37:00,1975,1975,1975,1975,0
2022-07-22 09:38:00,1975,1975,1975,1975,0
2022-07-22 09:39:00,1975,1975,1975,1975,0
2022-07-22 09:40:00,1975,1975,1975,1975,0
2022-07-22 09:41:00,1975,1975,1975,1975,0
2022-07-22 09:42:00,1975,1975,1975,1975,0
2022-07-22 09:43:00,1975,1975,1975,1975,0
2022-07-22 09:44:00,1975,1975,1975,1975,0
2022-07-22 09:45:00,1975,1975,1975,1975,0
2022-07-22 09:46:00,1975,1975,1975,1975,0
2022-07-22 09:47:00,1975,1975,1975,1975,0
2022-07-22 09:48:00,1975,1975,1975,1975,0
2022-07-22 09:49:00,1975,1975,1975,1975,0
2022-07-22 09:50:00,1975,1975,1975,1975,0
2022-07-22 09:51:00,1975,1975,1975,1975,0
2022-07-22 09:52:00,1975,1975,1975,1975,0
2022-07-22 09:53:00,1975,1975,1975,1975,0
2022-07-22 09:54:00,1975,1975,1975,1975,0
2022-07-22 09:55:00,1975,1975,1975,1975,0
2022-07-22 09:56:00,1975,1975,1975,1975,0
2022-07-22 09:57:00,1975,1975,1975,1975,0
2022-07-22 09:58:00,1975,1975,1975,1975,0
2022-07-22 09:59:00,1975,1975,1975,1975,0
2022-07-22 10:00:00,1975,1975,1975,1975,0
2022-07-22 10:01:00,1975,1975,1975,1975,0
2022-07-22 10:02:00,1975,1975,1975,1975,0
2022-07-22 10:03:00,1975,1975,1975,1975,0
2022-07-22 10:04:00,1975,1975,1975,1975,0
2022-07-22 10:05:00,1975,1975,1975,1975,0
2022-07-22 10:06:00,1975,1975,1975,1975,0
2022-07-22 10:07:00,1975,1975,1975,1975,0
2022-07-22 10:08:00,1975,1975,1975,1975,0
2022-07-22 10:09:00,1975,1975,1975,1975,0
2022-07-22 10:10:00,1975,1975,1975,1975,0
2022-07-22 10:11:00,1975,1975,1975,1975,0
2022-07-22 10:12:00,1975,1975,1975,1975,0
2022-07-22 10:13:00,1975,1975,1975,1975,0
2022-07-22 10:14:00,1975,1975,1975,1975,0
2022-07-22 10:15:00,1975,1975,1975,1975,0
2022-07-22 10:16:00,1975,1975,1975,1975,0
2022-07-22 10:17:00,1975,1975,1975,1975,0
2022-07-22 10:18:00,1975,1975,1975,1975,0
2022-07-22 10:19:00,1975,1975,1975,1975,0
2022-07-22 10:20:00,1975,1975,1975,1975,0
2022-07-22 10:21:00,1975,1975,1975,1975,0
2022-07-22 10:22:00,1975,1975,1975,1975,0
2022-07-22 10:23:00,1975,1975,1975,1975,0
2022-07-22 10:24:00,1975,1975,1975,1975,0
2022-07-22 10:25:00,1975,1975,1975,1975,0
2022-07-22 10:26:00,1975,1975,1975,1975,0
2022-07-22 10:27:00,1975,1975,1975,1975,0
2022-07-22 10:28:00,1975,1975,1975,1975,0
2022-07-22 10:29:00,1975,1975,1975,1975,0
2022-07-22 10:30:00,1975,1975,1975,1975,0
2022-07-22 10:31:00,1975,1975,1975,1975,0
2022-07-22 10:32:00,1975,1975,1975,1975,0
2022-07-22 10:33:00,1975,1975,1975,1975,0
2022-07-22 10:34:00,1975,1975,1975,1975,0
2022-07-22 10:35:00,1975,1975,1975,1975,0
2022-07-22 10:36:00,1975,1975,1975,1975,0
2022-07-22 10:37:00,1975,1975,1975,1975,0
2022-07-22 10:38:00,1975,1975,1975,1975,0
2022-07-22 10:39:00,1975,1975,1975,1975,0
2022-07-22 10:40:00,1975,1975,1975,1975,0
2022-07-22 10:41:00,1975,1975,1975,1975,0
2022-07-22 10:42:00,1975,1975,1975,1975,0
2022-07-22 10:43:00,1975,1975,1975,1975,0
2022-07-22 10:44:00,1975,1975,1975,1975,0
2022-07-22 10:45:00,1975,1975,1975,1975,0
2022-07-22 10:46:00,1975,1975,1975,1975,0
2022-07-22 10:47:00,1975,1975,1975,1975,0
2022-07-22 10:48:00,1975,1975,1975,1975,0
2022-07-22 10:49:00,1975,1975,1975,1975,0
2022-07-22 10:50:00,1975,1975,1975,1975,0
2022-07-22 10:51:00,1975,1975,1975,1975,0
2022-07-22 10:52:00,1975,1975,1975,1975,0
2022-07-22 10:53:00,1975,1975,1975,1975,0
2022-07-22 10:54:00,1975,1975,1975,1975,0
2022-07-22 10:55:00,1975,1975,1975,1975,0
2022-07-22 10:56:00,1975,1975,1975,1975,0
2022-07-22 10:57:00,1975,1975,1975,1975,0
2022-07-22 10:58:00,1975,1975,1975,1975,0
2022-07-22 10:59:00,1975,1975,1975,1975,0
2022-07-22 11:00:00,1975,1975,1975,1975,0
2022-07-22 11:01:00,1975,1975,1975,1975,0
2022-07-22 11:02:00,1975,1975,1975,1975,0
2022-07-22 11:03:00,1975,1975,1975,1975,0
2022-07-22 11:04:00,1975,1975,1975,1975,0
2022-07-22 11:05:00,1975,1975,1975,1975,0
2022-07-22 11:06:00,1975,1975,1975,1975,0
2022-07-22 11:07:00,1975,1975,1975,1975,0
2022-07-22 11:08:00,1975,1975,1975,1975,0
2022-07-22 11:09:00,1975,1975,1975,1975,0
2022-07-22 11:10:00,1975,1975,1975,1975,0
2022-07-22 11:11:00,1975,1975,1975,1975,0
2022-07-22 11:12:00,1975,1975,1975,1975,0
2022-07-22 11:13:00,1975,1975,1975,1975,0
2022-07-22 11:14:00,1975,1975,1975,1975,0
2022-07-22 11:15:00,1975,1975,1975,1975,0
2022-07-22 11:16:00,1975,1975,1975,1975,0
2022-07-22 11:17:00,1975,1975,1975,1975,0
2022-07-22 11:18:00,1975,1975,1975,1975,0
2022-07-22 11:19:00,1975,1975,1975,1975,0
2022-07-22 11:20:00,1975,1975,1975,1975,0
2022-07-22 11:21:00,1975,1975,1975,1975,0
2022-07-22 11:22:00,1975,1975,1975,1975,0
2022-07-22 11:23:00,1975,1975,1975,1975,0
2022-07-22 11:24:00,1975,1975,1975,1975,0
2022-07-22 11:25:00,1975,1975,1975,1975,0
2022-07-22 11:26:00,1975,1975,1975,1975,0
2022-07-22 11:27:00,1975,1975,1975,1975,0
2022-07-22 11:28:00,1975,1975,1975,1975,0
2022-07-22 11:29:00,1975,1975,1975,1975,0
2022-07-22 11:30:00,1975,1975,1975,1975,0
2022-07-22 11:31:00,1975,1975,1975,1975,0
2022-07-22 11:32:00,1975,1975,1975,1975,0
2022-07-22 11:33:00,1975,1975,1975,1975,0
2022-07-22 11:34:00,1975,1975,1975,1975,0
2022-07-22 11:35:00,1975,1975,1975,1975,0
2022-07-22 11:36:00,1975,1975,1975,1975,0
2022-07-22 11:37:00,1975,1975,1975,1975,0
2022-07-22 11:38:00,1975,1975,1975,1975,0
2022-07-22 11:39:00,1975,1975,1975,1975,0
2022-07-22 11:40:00,1975,1975,1975,1975,0
2022-07-22 11:41:00,1975,1975,1975,1975,0
2022-07-22 11:42:00,1975,1975,1975,1975,0
2022-07-22 11:43:00,1975,1975,1975,1975,0
2022-07-22 11:44:00,1975,1975,1975,1975,0
2022-07-22 11:45:00,1975,1975,1975,1975,0
2022-07-22 11:46:00,1975,1975,1975,1975,0
2022-07-22 11:47:00,1975,1975,1975,1975,0
2022-07-22 11:48:00,1975,1975,1975,1975,0
2022-07-22 11:49:00,1975,1975,1975,1975,0
2022-07-22 11:50:00,1975,1975,1975,1975,0
2022-07-22 11:51:00,1975,1975,1975,1975,0
2022-07-22 11:52:00,1975,1975,1975,1975,0
2022-07-22 11:53:00,1975,1975,1975,1975,0
2022-07-22 11:54:00,1975,1975,1975,1975,0
2022-07-22 11:55:00,1975,1975,1975,1975,0
2022-07-22 11:56:00,1975,1975,1975,1975,0
2022-07-22 11:57:00,1975,1975,1975,1975,0
2022-07-22 11:58:00,1975,1975,1975,1975,0
2022-07-22 11:59:00,1975,1975,1975,1975,0
2022-07-22 12:00:00,1975,1975,1975,1975,0
2022-07-22 12:01:00,1975,1975,1975,1975,0
2022-07-22 12:02:00,1975,1975,1975,1975,0
2022-07-22 12:03:00,1975,1975,1975,1975,0
2022-07-22 12:04:00,1975,1975,1975,1975,0
2022-07-22 12:05:00,1975,1975,1975,1975,0
2022-07-22 12:06:00,1975,1975,1975,1975,0
2022-07-22 12:07:00,1975,1975,1975,1975,0
2022-07-22 12:08:00,1975,1975,1975,1975,0
2022-07-22 12:09:00,1975,1975,1975,1975,0
2022-07-22 12:10:00,1975,1975,1975,1975,0
2022-07-22 12:11:00,1975,1975,1975,1975,0
2022-07-22 12:12:00,1975,1975,1975,1975,0
2022-07-22 12:13:00,1975,1975,1975,1975,0
2022-07-22 12:14:00,1975,1975,1975,1975,0
2022-07-22 12:15:00,1975,1975,1975,1975,0
2022-07-22 12:16:00,1975,1975,1975,1975,0
2022-07-22 12:17:00,1975,1975,1975,1975,0
2022-07-22 12:18:00,1975,1975,1975,1975,0
2022-07-22 12:19:00,1975,1975,1975,1975,0
2022-07-22 12:20:00,1975,1975,1975,1975,0
2022-07-22 12:21:00,1975,1975,1975,1975,0
2022-07-22 12:22:00,1975,1975,1975,1975,0
2022-07-22 12:23:00,1975,1975,1975,1975,0
2022-07-22 12:24:00,1975,1975,1975,1975,0
2022-07-22 12:25:00,1975,1975,1975,1975,0
2022-07-22 12:26:00,1975,1975,1975,1975,0
2022-07-22 12:27:00,1975,1975,1975,1975,0
2022-07-22 12:28:00,1975,1975,1975,1975,0
2022-07-22 12:29:00,1975,1975,1975,1975,0
2022-07-22 12:30:00,1975,1975,1975,1975,0
2022-07-22 12:31:00,1975,1975,1975,1975,0
2022-07-22 12:32:00,1975,1975,1975,1975,0
2022-07-22 12:33:00,1975,1975,1975,1975,0
2022-07-22 12:34:00,1975,1975,1975,1975,0
2022-07-22 12:35:00,1975,1975,1975,1975,0
2022-07-22 12:36:00,1975,1975,1975,1975,0
2022-07-22 12:37:00,1975,1975,1975,1975,0
2022-07-22 12:38:00,1975,1975,1975,1975,0
2022-07-22 12:39:00,1975,1975,1975,1975,0
2022-07-22 12:40:00,1975,1975,1975,1975,0
2022-07-22 12:41:00,1975,1975,1975,1975,0
2022-07-22 12:42:00,1975,1975,1975,1975,0
2022-07-22 12:43:00,1975,1975,1975,1975,0
2022-07-22 12:44:00,1975,1975,1975,1975,0
2022-07-22 12:45:00,1975,1975,1975,1975,0
2022-07-22 12:46:00,1975,1975,1975,1975,0
2022-07-22 12:47:00,1975,1975,1975,1975,0
2022-07-22 12:48:00,1975,1975,1975,1975,0
2022-07-22 12:49:00,1975,1975,1975,1975,0
2022-07-22 12:50:00,1975,1975,1975,1975,0
2022-07-22 12:51:00,1975,1975,1975,1975,0
2022-07-22 12:52:00,1975,1975,1975,1975,0
2022-07-22 12:53:00,1975,1975,1975,1975,0
2022-07-22 12:54:00,1975,1975,1975,1975,0
2022-07-22 12:55:00,1975,1975,1975,1975,0
2022-07-22 12:56:00,1975,1975,1975,1975,0
2022-07-22 12:57:00,1975,1975,1975,1975,0
2022-07-22 12:58:00,1975,1975,1975,1975,0
2022-07-22 12:59:00,1975,1975,1975,1975,0
2022-07-22 13:00:00,1975,1975,1975,1975,0
2022-07-22 13:01:00,1975,1975,1975,1975,0
2022-07-22 13:02:00,1975,1975,1975,1975,0
2022-07-22 13:03:00,1975,1975,1975,1975,0
2022-07-22 13:04:00,1975,1975,1975,1975,0
2022-07-22 13:05:00,1975,1975,1975,1975,0
2022-07-22 13:06:00,1975,1975,1975,1975,0
2022-07-22 13:07:00,1975,1975,1975,1975,0
2022-07-22 13:08:00,1975,1975,1975,1975,0
2022-07-22 13:09:00,1975,1975,1975,1975,0
2022-07-22 13:10:00,1975,1975,1975,1975,0
2022-07-22 13:11:00,1975,1975,1975,1975,0
2022-07-22 13:12:00,1975,1975,1975,1975,0
2022-07-22 13:13:00,1975,1975,1975,1975,0
2022-07-22 13:14:00,1975,1975,1975,1975,0
2022-07-22 13:15:00,1975,1975,1975,1975,0
2022-07-22 13:16:00,1975,1975,1975,1975,0
2022-07-22 13:17:00,1975,1975,1975,1975,0
2022-07-22 13:18:00,1975,1975,1975,1975,0
2022-07-22 13:19:00,1975,1975,1975,1975,0
2022-07-22 13:20:00,1975,1975,1975,1975,0
2022-07-22 13:21:00,1975,1975,1975,1975,0
2022-07-22 13:22:00,1975,1975,1975,1975,0
2022-07-22 13:23:00,1975,1975,1975,1975,0
2022-07-22 13:24:00,1975,1975,1975,1975,0
2022-07-22 13:25:00,1975,1975,1975,1975,0
2022-07-22 13:26:00,1975,1975,1975,1975,0
2022-07-22 13:27:00,1975,1975,1975,1975,0
2022-07-22 13:28:00,1975,1975,1975,1975,0
2022-07-22 13:29:00,1975,1975,1975,1975,0
2022-07-22 13:30:00,1975,1975,1975,1975,0
2022-07-22 13:31:00,1975,1975,1975,1975,0
2022-07-22 13:32:00,1975,1975,1975,1975,0
2022-07-22 13:33:00,1975,1975,1975,1975,0
2022-07-22 13:34:00,1975,1975,1975,1975,0
2022-07-22 13:35:00,1975,1975,1975,1975,0
2022-07-22 13:36:00,1975,1975,1975,1975,0
2022-07-22 13:37:00,1975,1975,1975,1975,0
2022-07-22 13:38:00,1975,1975,1975,1975,0
2022-07-22 13:39:00,1975,1975,1975,1975,0
2022-07-22 13:40:00,1975,1975,1975,1975,0
2022-07-22 13:41:00,1975,1975,1975,1975,0
2022-07-22 13:42:00,1975,1975,1975,1975,0
2022-07-22 13:43:00,1975,1975,1975,1975,0
2022-07-22 13:44:00,1975,1975,1975,1975,0
2022-07-22 13:45:00,1975,1975,1975,1975,0
2022-07-22 13:46:00,1975,1975,1975,1975,0
2022-07-22 13:47:00,1975,1975,1975,1975,0
2022-07-22 13:48:00,1975,1975,1975,1975,0
2022-07-22 13:49:00,1975,1975,1975,1975,0
2022-07-22 13:50:00,1975,1975,1975,1975,0
2022-07-22 13:51:00,1975,1975,1975,1975,0
2022-07-22 13:52:00,1975,1975,1975,1975,0
2022-07-22 13:53:00,1975,1975,1975,1975,0
2022-07-22 13:54:00,1975,1975,1975,1975,0
2022-07-22 13:55:00,1975,1975,1975,1975,0
2022-07-22 13:56:00,1975,1975,1975,1975,0
2022-07-22 13:57:00,1975,1975,1975,1975,0
2022-07-22 13:58:00,1975,1975,1975,1975,0
2022-07-22 13:59:00,1975,1975,1975,1975,0
2022-07-22 14:00:00,1975,1975,1975,1975,0
2022-07-22 14:01:00,1975,1975,1975,1975,0
2022-07-22 14:02:00,1975,1975,1975,1975,0
2022-07-22 14:03:00,1975,1975,1975,1975,0
2022-07-22 14:04:00,1975,1975,1975,1975,0
2022-07-22 14:05:00,1975,1975,1975,1975,0
2022-07-22 14:06:00,1975,1975,1975,1975,0
2022-07-22 14:07:00,1975,1975,1975,1975,0
2022-07-22 14:08:00,1975,1975,1975,1975,0
2022-07-22 14:09:00,1975,1975,1975,1975,0
2022-07-22 14:10:00,1975,1975,1975,1975,0
2022-07-22 14:11:00,1975,1975,1975,1975,0
2022-07-22 14:12:00,1975,1975,1975,1975,0
2022-07-22 14:13:00,1975,1975,1975,1975,0
2022-07-22 14:14:00,1975,1975,1975,1975,0
2022-07-22 14:15:00,1975,1975,1975,1975,0
2022-07-22 14:16:00,1975,1975,1975,1975,0
2022-07-22 14:17:00,1975,1975,1975,1975,0
2022-07-22 14:18:00,1975,1975,1975,1975,0
2022-07-22 14:19:00,1975,1975,1975,1975,0
2022-07-22 14:20:00,1975,1975,1975,1975,0
2022-07-22 14:21:00,1975,1975,1975,1975,0
2022-07-22 14:22:00,1975,1975,1975,1975,0
2022-07-22 14:23:00,1975,1975,1975,1975,0
2022-07-22 14:24:00,1975,1975,1975,1975,0
2022-07-22 14:25:00,1975,1975,1975,1975,0
2022-07-22 14:26:00,1975,1975,1975,1975,0
2022-07-22 14:27:00,1975,1975,1975,1975,0
2022-07-22 14:28:00,1975,1975,1975,1975,0
2022-07-22 14:29:00,1975,1975,1975,1975,0
2022-07-22 14:30:00,1975,1975,1975,1975,0
2022-07-22 14:31:00,1975,1975,1975,1975,0
2022-07-22 14:32:00,1975,1975,1975,1975,0
2022-07-22 14:33:00,1975,1975,1975,1975,0
2022-07-22 14:34:00,1975,1975,1975,1975,0
2022-07-22 14:35:00,1975,1975,1975,1975,0
2022-07-22 14:36:00,1975,1975,1975,1975,0
2022-07-22 14:37:00,1975,1975,1975,1975,0
2022-07-22 14:38:00,1975,1975,1975,1975,0
2022-07-22 14:39:00,1975,1975,1975,1975,0
2022-07-22 14:40:00,1975,1975,1975,1975,0
2022-07-22 14:41:00,1975,1975,1975,1975,0
2022-07-22 14:42:00,1975,1975,1975,1975,0
2022-07-22 14:43:00,1975,1975,1975,1975,0
2022-07-22 14:44:00,1975,1975,1975,1975,0
2022-07-22 14:45:00,1975,1975,1975,1975,0
2022-07-22 14:46:00,1975,1975,1975,1975,0
2022-07-22 14:47:00,1975,1975,1975,1975,0
2022-07-22 14:48:00,1975,1975,1975,1975,0
2022-07-22 14:49:00,1975,1975,1975,1975,0
2022-07-22 14:50:00,1975,1975,1975,1975,0
2022-07-22 14:51:00,1975,1975,1975,1975,0
2022-07-22 14:52:00,1975,1975,1975,1975,0
2022-07-22 14:53:00,1975,1975,1975,1975,0
2022-07-22 14:54:00,1975,1975,1975,1975,0
2022-07-22 14:55:00,1975,1975,1975,1975,0
2022-07-22 14:56:00,1975,1975,1975,1975,0
2022-07-22 14:57:00,1975,1975,1975,1975,0
2022-07-22 14:58:00,1975,1975,1975,1975,0
2022-07-22 14:59:00,1975,1975,1975,1975,0
2022-07-22 15:00:00,1975,1975,1975,1975,0
2022-07-22 15:01:00,1975,1975,1975,1975,0
2022-07-22 15:02:00,1975,1975,1975,1975,0
2022-07-22 15:03:00,1975,1975,1975,1975,0
2022-07-22 15:04:00,1975,1975,1975,1975,0
2022-07-22 15:05:00,1975,1975,1975,1975,0
2022-07-22 15:06:00,1975,1975,1975,1975,0
2022-07-22 15:07:00,1975,1975,1975,1975,0
2022-07-22 15:08:00,1975,1975,1975,1975,0
2022-07-22 15:09:00,1975,1975,1975,1975,0
2022-07-22 15:10:00,1975,1975,1975,1975,0
2022-07-22 15:11:00,1975,1975,1975,1975,0
2022-07-22 15:12:00,1975,1975,1975,1975,0
2022-07-22 15:13:00,1975,1975,1975,1975,0
2022-07-22 15:14:00,1975,1975,1975,1975,0
2022-07-22 15:15:00,1975,1975,1975,1975,0
2022-07-22 15:16:00,1975,1975,1975,1975,0
2022-07-22 15:17:00,1975,1975,1975,1975,0
2022-07-22 15:18:00,1975,1975,1975,1975,0
2022-07-22 15:19:00,1975,1975,1975,1975,0
2022-07-22 15:20:00,1975,1975,1975,1975,0
2022-07-22 15:21:00,1975,1975,1975,1975,0
2022-07-22 15:22:00,1975,1975,1975,1975,0
2022-07-22 15:23:00,1975,1975,1975,1975,0
2022-07-22 15:24:00,1975,1975,1975,1975,0
2022-07-22 15:25:00,1975,1975,1975,1975,0
2022-07-22 15:26:00,1975,1975,1975,1975,0
2022-07-22 15:27:00,1975,1975,1975,1975,0
2022-07-22 15:28:00,1975,1975,1975,1975,0
2022-07-22 15:29:00,1975,1975,1975,1975,0
2022-07-22 15:30:00,1975,1975,1975,1975,0
2022-07-22 15:31:00,1975,1975,1975,1975,0
2022-07-22 15:32:00,1975,1975,1975,1975,0
2022-07-22 15:33:00,1975,1975,1975,1975,0
2022-07-22 15:34:00,1975,1975,1975,1975,0
2022-07-22 15:35:00,1975,1975,1975,1975,0
2022-07-22 15:36:00,1975,1975,1975,1975,0
2022-07-22 15:37:00,1975,1975,1975,1975,0
2022-07-22 15:38:00,1975,1975,1975,1975,0
2022-07-22 15:39:00,1975,1975,1975,1975,0
2022-07-22 15:40:00,1975,1975,1975,1975,0
2022-07-22 15:41:00,1975,1975,1975,1975,0
2022-07-22 15:42:00,1975,1975,1975,1975,0
2022-07-22 15:43:00,1975,1975,1975,1975,0
2022-07-22 15:44:00,1975,1975,1975,1975,0
2022-07-22 15:45:00,1975,1975,1975,1975,0
2022-07-22 15:46:00,1975,1975,1975,1975,0
2022-07-22 15:47:00,1975,1975,1975,1975,0
2022-07-22 15:48:00,1975,1975,1975,1975,0
2022-07-22 15:49:00,1975,1975,1975,1975,0
2022-07-22 15:50:00,1975,1975,1975,1975,0
2022-07-22 15:51:00,1975,1975,1975,1975,0
2022-07-22 15:52:00,1975,1975,1975,1975,0
2022-07-22 15:53:00,1975,1975,1975,1975,0
2022-07-22 15:54:00,1975,1975,1975,1975,0
2022-07-22 15:55:00,1975,1975,1975,1975,0
2022-07-22 15:56:00,1975,1975,1975,1975,0
2022-07-22 15:57:00,1975,1975,1975,1975,0
2022-07-22 15:58:00,1975,1975,1975,1975,0
2022-07-22 15:59:00,1975,1975,1975,1975,0
2022-07-25 09:00:00,1965,1965,1965,1965,0
2022-07-25 09:01:00,1965,1965,1965,1965,0
2022-07-25 09:02:00,1965,1965,1965,1965,0
2022-07-25 09:03:00,1965,1965,1965,1965,0
2022-07-25 09:04:00,1965,1965,1965,1965,0
2022-07-25 09:05:00,1965,1965,1965,1965,0
2022-07-25 09:06:00,1965,1965,1965,1965,0
2022-07-25 09:07:00,1965,1965,1965,1965,0
2022-07-25 09:08:00,1965,1965,1965,1965,0
2022-07-25 09:09:00,1965,1965,1965,1965,0
2022-07-25 09:10:00,1965,1965,1965,1965,0
2022-07-25 09:11:00,1965,1965,1965,1965,0
2022-07-25 09:12:00,1965,1965,1965,1965,0
2022-07-25 09:13:00,1965,1965,1965,1965,0
2022-07-25 09:14:00,1965,1965,1965,1965,0
2022-07-25 09:15:00,1965,1965,1965,1965,0
2022-07-25 09:16:00,1965,1965,1965,1965,0
2022-07-25 09:17:00,1965,1965,1965,1965,0
2022-07-25 09:18:00,1965,1965,1965,1965,0
2022-07-25 09:19:00,1965,1965,1965,1965,0
2022-07-25 09:20:00,1965,1965,1965,1965,0
2022-07-25 09:21:00,1965,1965,1965,1965,0
2022-07-25 09:22:00,1965,1965,1965,1965,0
2022-07-25 09:23:00,1965,1965,1965,1965,0
2022-07-25 09:24:00,1965,1965,1965,1965,13400
2022-07-25 09:25:00,1965,1965,1965,1965,0
2022-07-25 09:26:00,1965,1965,1970,1970,0
2022-07-25 09:27:00,1965,1965,1970,1970,0
2022-07-25 09:28:00,1965,1965,1970,1970,0
2022-07-25 09:29:00,1965,1965,1970,1970,0
2022-07-25 09:30:00,1965,1965,1970,1970,0
2022-07-25 09:31:00,1965,1965,1970,1970,0
2022-07-25 09:32:00,1965,1965,1970,1970,0
2022-07-25 09:33:00,1965,1965,1970,1970,0
2022-07-25 09:34:00,1965,1965,1970,1970,0
2022-07-25 09:35:00,1965,1965,1970,1970,0
2022-07-25 09:36:00,1965,1965,1970,1970,0
2022-07-25 09:37:00,1965,1965,1970,1970,0
2022-07-25 09:38:00,1965,1965,1970,1970,0
2022-07-25 09:39:00,1965,1965,1970,1970,0
2022-07-25 09:40:00,1965,1965,1970,1970,0
2022-07-25 09:41:00,1965,1965,1970,1970,0
2022-07-25 09:42:00,1965,1965,1970,1970,0
2022-07-25 09:43:00,1965,1965,1970,1970,0
2022-07-25 09:44:00,1965,1965,1970,1970,0
2022-07-25 09:45:00,1965,1965,1970,1970,0
2022-07-25 09:46:00,1965,1965,1970,1970,0
2022-07-25 09:47:00,1965,1965,1970,1970,0
2022-07-25 09:48:00,1965,1965,1970,1970,0
2022-07-25 09:49:00,1965,1965,1970,1970,0
2022-07-25 09:50:00,1965,1965,1970,1970,0
2022-07-25 09:51:00,1965,1965,1970,1970,0
2022-07-25 09:52:00,1965,1965,1970,1970,0
2022-07-25 09:53:00,1965,1965,1970,1970,0
2022-07-25 09:54:00,1965,1965,1970,1970,0
2022-07-25 09:55:00,1965,1965,1970,1970,0
2022-07-25 09:56:00,1965,1965,1970,1970,0
2022-07-25 09:57:00,1965,1965,1970,1970,0
2022-07-25 09:58:00,1965,1965,1970,1970,0
2022-07-25 09:59:00,1965,1965,1970,1970,0
2022-07-25 10:00:00,1965,1965,1970,1970,0
2022-07-25 10:01:00,1965,1965,1970,1970,0
2022-07-25 10:02:00,1965,1965,1970,1970,0
2022-07-25 10:03:00,1965,1965,1970,1970,0
2022-07-25 10:04:00,1965,1965,1970,1970,0
2022-07-25 10:05:00,1965,1965,1970,1970,0
2022-07-25 10:06:00,1965,1965,1970,1970,0
2022-07-25 10:07:00,1965,1965,1970,1970,0
2022-07-25 10:08:00,1965,1965,1970,1970,0
2022-07-25 10:09:00,1965,1965,1970,1970,0
2022-07-25 10:10:00,1965,1965,1970,1970,0
2022-07-25 10:11:00,1965,1965,1970,1970,0
2022-07-25 10:12:00,1965,1965,1970,1970,0
2022-07-25 10:13:00,1965,1965,1970,1970,0
2022-07-25 10:14:00,1965,1965,1970,1970,0
2022-07-25 10:15:00,1965,1965,1970,1970,0
2022-07-25 10:16:00,1965,1965,1970,1970,0
2022-07-25 10:17:00,1965,1965,1970,1970,0
2022-07-25 10:18:00,1965,1965,1970,1970,0
2022-07-25 10:19:00,1965,1965,1970,1970,0
2022-07-25 10:20:00,1965,1965,1970,1970,0
2022-07-25 10:21:00,1965,1965,1970,1970,0
2022-07-25 10:22:00,1965,1965,1970,1970,0
2022-07-25 10:23:00,1965,1965,1970,1970,0
2022-07-25 10:24:00,1965,1965,1970,1970,0
2022-07-25 10:25:00,1965,1965,1970,1970,0
2022-07-25 10:26:00,1965,1965,1970,1970,0
2022-07-25 10:27:00,1965,1965,1970,1970,0
2022-07-25 10:28:00,1965,1965,1970,1970,0
2022-07-25 10:29:00,1965,1965,1970,1970,0
2022-07-25 10:30:00,1965,1965,1970,1970,0
2022-07-25 10:31:00,1965,1965,1970,1970,0
2022-07-25 10:32:00,1965,1965,1970,1970,0
2022-07-25 10:33:00,1965,1965,1970,1970,0
2022-07-25 10:34:00,1965,1965,1970,1970,0
2022-07-25 10:35:00,1965,1965,1970,1970,0
2022-07-25 10:36:00,1965,1965,1970,1970,0
2022-07-25 10:37:00,1965,1965,1970,1970,0
2022-07-25 10:38:00,1965,1965,1970,1970,0
2022-07-25 10:39:00,1965,1965,1970,1970,0
2022-07-25 10:40:00,1965,1965,1970,1970,0
2022-07-25 10:41:00,1965,1965,1970,1970,0
2022-07-25 10:42:00,1965,1965,1970,1970,0
2022-07-25 10:43:00,1965,1965,1970,1970,0
2022-07-25 10:44:00,1965,1965,1970,1970,0
2022-07-25 10:45:00,1965,1965,1970,1970,0
2022-07-25 10:46:00,1965,1965,1970,1970,0
2022-07-25 10:47:00,1965,1965,1970,1970,0
2022-07-25 10:48:00,1965,1965,1970,1970,0
2022-07-25 10:49:00,1965,1965,1970,1970,0
2022-07-25 10:50:00,1965,1965,1970,1970,0
2022-07-25 10:51:00,1965,1965,1970,1970,0
2022-07-25 10:52:00,1965,1965,1970,1970,0
2022-07-25 10:53:00,1965,1965,1970,1970,0
2022-07-25 10:54:00,1965,1965,1970,1970,0
2022-07-25 10:55:00,1965,1965,1970,1970,0
2022-07-25 10:56:00,1965,1965,1970,1970,0
2022-07-25 10:57:00,1965,1965,1970,1970,0
2022-07-25 10:58:00,1965,1965,1970,1970,0
2022-07-25 10:59:00,1965,1965,1970,1970,0
2022-07-25 11:00:00,1965,1965,1970,1970,0
2022-07-25 11:01:00,1965,1965,1970,1970,0
2022-07-25 11:02:00,1965,1965,1970,1970,0
2022-07-25 11:03:00,1965,1965,1970,1970,0
2022-07-25 11:04:00,1965,1965,1970,1970,0
2022-07-25 11:05:00,1965,1965,1970,1970,0
2022-07-25 11:06:00,1965,1965,1970,1970,0
2022-07-25 11:07:00,1965,1965,1970,1970,0
2022-07-25 11:08:00,1965,1965,1970,1970,0
2022-07-25 11:09:00,1965,1965,1970,1970,0
2022-07-25 11:10:00,1965,1965,1970,1970,0
2022-07-25 11:11:00,1965,1965,1970,1970,0
2022-07-25 11:12:00,1965,1965,1970,1970,0
2022-07-25 11:13:00,1965,1965,1970,1970,0
2022-07-25 11:14:00,1965,1965,1970,1970,0
2022-07-25 11:15:00,1965,1965,1970,1970,0
2022-07-25 11:16:00,1965,1965,1970,1970,0
2022-07-25 11:17:00,1965,1965,1970,1970,0
2022-07-25 11:18:00,1965,1965,1970,1970,0
2022-07-25 11:19:00,1965,1965,1970,1970,0
2022-07-25 11:20:00,1965,1965,1970,1970,0
2022-07-25 11:21:00,1965,1965,1970,1970,0
2022-07-25 11:22:00,1965,1965,1970,1970,0
2022-07-25 11:23:00,1965,1965,1970,1970,0
2022-07-25 11:24:00,1965,1965,1970,1970,0
2022-07-25 11:25:00,1965,1965,1970,1970,0
2022-07-25 11:26:00,1965,1965,1970,1970,0
2022-07-25 11:27:00,1965,1965,1970,1970,0
2022-07-25 11:28:00,1965,1965,1970,1970,0
2022-07-25 11:29:00,1965,1965,1970,1970,0
2022-07-25 11:30:00,1965,1965,1970,1970,0
2022-07-25 11:31:00,1965,1965,1970,1970,0
2022-07-25 11:32:00,1965,1965,1970,1970,0
2022-07-25 11:33:00,1965,1965,1970,1970,0
2022-07-25 11:34:00,1965,1965,1970,1970,0
2022-07-25 11:35:00,1965,1965,1970,1970,0
2022-07-25 11:36:00,1965,1965,1970,1970,0
2022-07-25 11:37:00,1965,1965,1970,1970,0
2022-07-25 11:38:00,1965,1965,1970,1970,0
2022-07-25 11:39:00,1965,1965,1970,1970,0
2022-07-25 11:40:00,1965,1965,1970,1970,0
2022-07-25 11:41:00,1965,1965,1970,1970,0
2022-07-25 11:42:00,1965,1965,1970,1970,0
2022-07-25 11:43:00,1965,1965,1970,1970,0
2022-07-25 11:44:00,1965,1965,1970,1970,0
2022-07-25 11:45:00,1965,1965,1970,1970,0
2022-07-25 11:46:00,1965,1965,1970,1970,0
2022-07-25 11:47:00,1965,1965,1970,1970,0
2022-07-25 11:48:00,1965,1965,1970,1970,0
2022-07-25 11:49:00,1965,1965,1970,1970,0
2022-07-25 11:50:00,1965,1965,1970,1970,0
2022-07-25 11:51:00,1965,1965,1970,1970,0
2022-07-25 11:52:00,1965,1965,1970,1970,0
2022-07-25 11:53:00,1965,1965,1970,1970,0
2022-07-25 11:54:00,1965,1965,1970,1970,0
2022-07-25 11:55:00,1965,1965,1970,1970,0
2022-07-25 11:56:00,1965,1965,1970,1970,0
2022-07-25 11:57:00,1965,1965,1970,1970,0
2022-07-25 11:58:00,1965,1965,1970,1970,0
2022-07-25 11:59:00,1965,1965,1970,1970,0
2022-07-25 12:00:00,1965,1965,1970,1970,0
2022-07-25 12:01:00,1965,1965,1970,1970,0
2022-07-25 12:02:00,1965,1965,1970,1970,0
2022-07-25 12:03:00,1965,1965,1970,1970,0
2022-07-25 12:04:00,1965,1965,1970,1970,0
2022-07-25 12:05:00,1965,1965,1970,1970,0
2022-07-25 12:06:00,1965,1965,1970,1970,0
2022-07-25 12:07:00,1965,1965,1970,1970,0
2022-07-25 12:08:00,1965,1965,1970,1970,0
2022-07-25 12:09:00,1965,1965,1970,1970,0
2022-07-25 12:10:00,1965,1965,1970,1970,0
2022-07-25 12:11:00,1965,1965,1970,1970,0
2022-07-25 12:12:00,1965,1965,1970,1970,0
2022-07-25 12:13:00,1965,1965,1970,1970,0
2022-07-25 12:14:00,1965,1965,1970,1970,0
2022-07-25 12:15:00,1965,1965,1970,1970,0
2022-07-25 12:16:00,1965,1965,1970,1970,0
2022-07-25 12:17:00,1965,1965,1970,1970,0
2022-07-25 12:18:00,1965,1965,1970,1970,0
2022-07-25 12:19:00,1965,1965,1970,1970,0
2022-07-25 12:20:00,1965,1965,1970,1970,0
2022-07-25 12:21:00,1965,1965,1970,1970,0
2022-07-25 12:22:00,1965,1965,1970,1970,0
2022-07-25 12:23:00,1965,1965,1970,1970,0
2022-07-25 12:24:00,1965,1965,1970,1970,0
2022-07-25 12:25:00,1965,1965,1970,1970,0
2022-07-25 12:26:00,1965,1965,1970,1970,0
2022-07-25 12:27:00,1965,1965,1970,1970,0
2022-07-25 12:28:00,1965,1965,1970,1970,0
2022-07-25 12:29:00,1965,1965,1970,1970,0
2022-07-25 12:30:00,1965,1965,1970,1970,0
2022-07-25 12:31:00,1965,1965,1970,1970,0
2022-07-25 12:32:00,1965,1965,1970,1970,0
2022-07-25 12:33:00,1965,1965,1970,1970,0
2022-07-25 12:34:00,1965,1965,1970,1970,0
2022-07-25 12:35:00,1965,1965,1970,1970,0
2022-07-25 12:36:00,1965,1965,1970,1970,0
2022-07-25 12:37:00,1965,1965,1970,1970,0
2022-07-25 12:38:00,1965,1965,1970,1970,0
2022-07-25 12:39:00,1965,1965,1970,1970,0
2022-07-25 12:40:00,1965,1965,1970,1970,0
2022-07-25 12:41:00,1965,1965,1970,1970,0
2022-07-25 12:42:00,1965,1965,1970,1970,0
2022-07-25 12:43:00,1965,1965,1970,1970,0
2022-07-25 12:44:00,1965,1965,1970,1970,0
2022-07-25 12:45:00,1965,1965,1970,1970,0
2022-07-25 12:46:00,1965,1965,1970,1970,0
2022-07-25 12:47:00,1965,1965,1970,1970,0
2022-07-25 12:48:00,1965,1965,1970,1970,0
2022-07-25 12:49:00,1965,1965,1970,1970,0
2022-07-25 12:50:00,1965,1965,1970,1970,0
2022-07-25 12:51:00,1965,1965,1970,1970,0
2022-07-25 12:52:00,1965,1965,1970,1970,0
2022-07-25 12:53:00,1965,1965,1970,1970,0
2022-07-25 12:54:00,1965,1965,1970,1970,0
2022-07-25 12:55:00,1965,1965,1970,1970,0
2022-07-25 12:56:00,1965,1965,1970,1970,0
2022-07-25 12:57:00,1965,1965,1970,1970,0
2022-07-25 12:58:00,1965,1965,1970,1970,0
2022-07-25 12:59:00,1965,1965,1970,1970,0
2022-07-25 13:00:00,1965,1965,1970,1970,0
2022-07-25 13:01:00,1965,1965,1970,1970,0
2022-07-25 13:02:00,1965,1965,1970,1970,0
2022-07-25 13:03:00,1965,1965,1970,1970,0
2022-07-25 13:04:00,1965,1965,1970,1970,0
2022-07-25 13:05:00,1965,1965,1970,1970,0
2022-07-25 13:06:00,1965,1965,1970,1970,0
2022-07-25 13:07:00,1965,1965,1970,1970,0
2022-07-25 13:08:00,1965,1965,1970,1970,0
2022-07-25 13:09:00,1965,1965,1970,1970,0
2022-07-25 13:10:00,1965,1965,1970,1970,0
2022-07-25 13:11:00,1965,1965,1970,1970,0
2022-07-25 13:12:00,1965,1965,1970,1970,0
2022-07-25 13:13:00,1965,1965,1970,1970,0
2022-07-25 13:14:00,1965,1965,1970,1970,0
2022-07-25 13:15:00,1965,1965,1970,1970,0
2022-07-25 13:16:00,1965,1965,1970,1970,0
2022-07-25 13:17:00,1965,1965,1970,1970,0
2022-07-25 13:18:00,1965,1965,1970,1970,0
2022-07-25 13:19:00,1965,1965,1970,1970,0
2022-07-25 13:20:00,1965,1965,1970,1970,0
2022-07-25 13:21:00,1965,1965,1970,1970,0
2022-07-25 13:22:00,1965,1965,1970,1970,0
2022-07-25 13:23:00,1965,1965,1970,1970,0
2022-07-25 13:24:00,1965,1965,1970,1970,0
2022-07-25 13:25:00,1965,1965,1970,1970,0
2022-07-25 13:26:00,1965,1965,1970,1970,0
2022-07-25 13:27:00,1965,1965,1970,1970,0
2022-07-25 13:28:00,1965,1965,1970,1970,0
2022-07-25 13:29:00,1965,1965,1970,1970,0
2022-07-25 13:30:00,1965,1965,1970,1970,0
2022-07-25 13:31:00,1965,1965,1970,1970,0
2022-07-25 13:32:00,1965,1965,1970,1970,0
2022-07-25 13:33:00,1965,1965,1970,1970,0
2022-07-25 13:34:00,1965,1965,1970,1970,0
2022-07-25 13:35:00,1965,1965,1970,1970,0
2022-07-25 13:36:00,1965,1965,1970,1970,0
2022-07-25 13:37:00,1965,1965,1970,1970,0
2022-07-25 13:38:00,1965,1965,1970,1970,0
2022-07-25 13:39:00,1965,1965,1970,1970,0
2022-07-25 13:40:00,1965,1965,1970,1970,0
2022-07-25 13:41:00,1965,1965,1970,1970,0
2022-07-25 13:42:00,1965,1965,1970,1970,0
2022-07-25 13:43:00,1965,1965,1970,1970,0
2022-07-25 13:44:00,1965,1965,1970,1970,0
2022-07-25 13:45:00,1965,1965,1970,1970,0
2022-07-25 13:46:00,1965,1965,1970,1970,0
2022-07-25 13:47:00,1965,1965,1970,1970,0
2022-07-25 13:48:00,1965,1965,1970,1970,0
2022-07-25 13:49:00,1965,1965,1970,1970,0
2022-07-25 13:50:00,1965,1965,1970,1970,0
2022-07-25 13:51:00,1965,1965,1970,1970,0
2022-07-25 13:52:00,1965,1965,1970,1970,0
2022-07-25 13:53:00,1965,1965,1970,1970,0
2022-07-25 13:54:00,1965,1965,1970,1970,0
2022-07-25 13:55:00,1965,1965,1970,1970,0
2022-07-25 13:56:00,1965,1965,1970,1970,0
2022-07-25 13:57:00,1965,1965,1970,1970,0
2022-07-25 13:58:00,1965,1965,1970,1970,0
2022-07-25 13:59:00,1965,1965,1970,1970,0
2022-07-25 14:00:00,1965,1965,1970,1970,0
2022-07-25 14:01:00,1965,1965,1970,1970,0
2022-07-25 14:02:00,1965,1965,1970,1970,0
2022-07-25 14:03:00,1965,1965,1970,1970,0
2022-07-25 14:04:00,1965,1965,1970,1970,0
2022-07-25 14:05:00,1965,1965,1970,1970,0
2022-07-25 14:06:00,1965,1965,1970,1970,0
2022-07-25 14:07:00,1965,1965,1970,1970,0
2022-07-25 14:08:00,1965,1965,1970,1970,0
2022-07-25 14:09:00,1965,1965,1970,1970,0
2022-07-25 14:10:00,1965,1965,1970,1970,0
2022-07-25 14:11:00,1965,1965,1970,1970,0
2022-07-25 14:12:00,1965,1965,1970,1970,0
2022-07-25 14:13:00,1965,1965,1970,1970,0
2022-07-25 14:14:00,1965,1965,1970,1970,0
2022-07-25 14:15:00,1965,1965,1970,1970,0
2022-07-25 14:16:00,1965,1965,1970,1970,0
2022-07-25 14:17:00,1965,1965,1970,1970,0
2022-07-25 14:18:00,1965,1965,1970,1970,0
2022-07-25 14:19:00,1965,1965,1970,1970,0
2022-07-25 14:20:00,1965,1965,1970,1970,0
2022-07-25 14:21:00,1965,1965,1970,1970,0
2022-07-25 14:22:00,1965,1965,1970,1970,0
2022-07-25 14:23:00,1965,1965,1970,1970,0
2022-07-25 14:24:00,1965,1965,1970,1970,0
2022-07-25 14:25:00,1965,1965,1970,1970,0
2022-07-25 14:26:00,1965,1965,1970,1970,0
2022-07-25 14:27:00,1965,1965,1970,1970,0
2022-07-25 14:28:00,1965,1965,1970,1970,0
2022-07-25 14:29:00,1965,1965,1970,1970,0
2022-07-25 14:30:00,1965,1965,1970,1970,0
2022-07-25 14:31:00,1965,1965,1970,1970,0
2022-07-25 14:32:00,1965,1965,1970,1970,0
2022-07-25 14:33:00,1965,1965,1970,1970,0
2022-07-25 14:34:00,1965,1965,1970,1970,0
2022-07-25 14:35:00,1965,1965,1970,1970,0
2022-07-25 14:36:00,1965,1965,1970,1970,0
2022-07-25 14:37:00,1965,1965,1970,1970,0
2022-07-25 14:38:00,1965,1965,1970,1970,0
2022-07-25 14:39:00,1965,1965,1970,1970,0
2022-07-25 14:40:00,1965,1965,1970,1970,0
2022-07-25 14:41:00,1965,1965,1970,1970,0
2022-07-25 14:42:00,1965,1965,1970,1970,0
2022-07-25 14:43:00,1965,1965,1970,1970,0
2022-07-25 14:44:00,1965,1965,1970,1970,0
2022-07-25 14:45:00,1965,1965,1970,1970,0
2022-07-25 14:46:00,1965,1965,1970,1970,0
2022-07-25 14:47:00,1965,1965,1970,1970,0
2022-07-25 14:48:00,1965,1965,1970,1970,0
2022-07-25 14:49:00,1965,1965,1970,1970,0
2022-07-25 14:50:00,1965,1965,1970,1970,0
2022-07-25 14:51:00,1965,1965,1970,1970,0
2022-07-25 14:52:00,1965,1965,1970,1970,0
2022-07-25 14:53:00,1965,1965,1970,1970,0
2022-07-25 14:54:00,1965,1965,1970,1970,0
2022-07-25 14:55:00,1965,1965,1970,1970,0
2022-07-25 14:56:00,1965,1965,1970,1970,0
2022-07-25 14:57:00,1965,1965,1970,1970,0
2022-07-25 14:58:00,1965,1965,1970,1970,0
2022-07-25 14:59:00,1965,1965,1970,1970,0
2022-07-25 15:00:00,1965,1965,1970,1970,0
2022-07-25 15:01:00,1965,1965,1970,1970,0
2022-07-25 15:02:00,1965,1965,1970,1970,0
2022-07-25 15:03:00,1965,1965,1970,1970,0
2022-07-25 15:04:00,1965,1965,1970,1970,0
2022-07-25 15:05:00,1965,1965,1970,1970,0
2022-07-25 15:06:00,1965,1965,1970,1970,0
2022-07-25 15:07:00,1965,1965,1970,1970,0
2022-07-25 15:08:00,1965,1965,1970,1970,0
2022-07-25 15:09:00,1965,1965,1970,1970,0
2022-07-25 15:10:00,1965,1965,1970,1970,0
2022-07-25 15:11:00,1965,1965,1970,1970,0
2022-07-25 15:12:00,1965,1965,1970,1970,0
2022-07-25 15:13:00,1965,1965,1970,1970,0
2022-07-25 15:14:00,1965,1965,1970,1970,0
2022-07-25 15:15:00,1965,1965,1970,1970,0
2022-07-25 15:16:00,1965,1965,1970,1970,0
2022-07-25 15:17:00,1965,1965,1970,1970,0
2022-07-25 15:18:00,1965,1965,1970,1970,0
2022-07-25 15:19:00,1965,1965,1970,1970,0
2022-07-25 15:20:00,1965,1965,1970,1970,0
2022-07-25 15:21:00,1965,1965,1970,1970,0
2022-07-25 15:22:00,1965,1965,1970,1970,0
2022-07-25 15:23:00,1965,1965,1970,1970,0
2022-07-25 15:24:00,1965,1965,1970,1970,0
2022-07-25 15:25:00,1965,1965,1970,1970,0
2022-07-25 15:26:00,1965,1965,1970,1970,0
2022-07-25 15:27:00,1965,1965,1970,1970,0
2022-07-25 15:28:00,1965,1965,1970,1970,0
2022-07-25 15:29:00,1965,1965,1970,1970,0
2022-07-25 15:30:00,1965,1965,1970,1970,0
2022-07-25 15:31:00,1965,1965,1970,1970,0
2022-07-25 15:32:00,1965,1965,1970,1970,0
2022-07-25 15:33:00,1965,1965,1970,1970,0
2022-07-25 15:34:00,1965,1965,1970,1970,0
2022-07-25 15:35:00,1965,1965,1970,1970,0
2022-07-25 15:36:00,1965,1965,1970,1970,0
2022-07-25 15:37:00,1965,1965,1970,1970,0
2022-07-25 15:38:00,1965,1965,1970,1970,0
2022-07-25 15:39:00,1965,1965,1970,1970,0
2022-07-25 15:40:00,1965,1965,1970,1970,0
2022-07-25 15:41:00,1965,1965,1970,1970,0
2022-07-25 15:42:00,1965,1965,1970,1970,0
2022-07-25 15:43:00,1965,1965,1970,1970,0
2022-07-25 15:44:00,1965,1965,1970,1970,0
2022-07-25 15:45:00,1965,1965,1970,1970,0
2022-07-25 15:46:00,1965,1965,1970,1970,0
2022-07-25 15:47:00,1965,1965,1970,1970,0
2022-07-25 15:48:00,1965,1965,1970,1970,0
2022-07-25 15:49:00,1965,1965,1970,1970,0
2022-07-25 15:50:00,1965,1965,1970,1970,0
2022-07-25 15:51:00,1965,1965,1970,1970,0
2022-07-25 15:52:00,1965,1965,1970,1970,0
2022-07-25 15:53:00,1965,1965,1970,1970,0
2022-07-25 15:54:00,1965,1965,1970,1970,0
2022-07-25 15:55:00,1965,1965,1970,1970,0
2022-07-25 15:56:00,1965,1965,1970,1970,0
2022-07-25 15:57:00,1965,1965,1970,1970,0
2022-07-25 15:58:00,1965,1965,1970,1970,0
2022-07-25 15:59:00,1965,1965,1970,1970,0
2022-07-26 09:00:00,1965,1965,1970,1970,0
2022-07-26 09:01:00,1965,1965,1970,1970,0
2022-07-26 09:02:00,1965,1965,1970,1970,0
2022-07-26 09:03:00,1965,1965,1970,1970,0
2022-07-26 09:04:00,1965,1965,1970,1970,0
2022-07-26 09:05:00,1965,1965,1970,1970,0
2022-07-26 09:06:00,1965,1965,1970,1970,0
2022-07-26 09:07:00,1965,1965,1970,1970,0
2022-07-26 09:08:00,1965,1965,1970,1970,0
2022-07-26 09:09:00,1965,1965,1970,1970,0
2022-07-26 09:10:00,1965,1965,1970,1970,0
2022-07-26 09:11:00,1965,1965,1970,1970,0
2022-07-26 09:12:00,1965,1965,1970,1970,0
2022-07-26 09:13:00,1965,1965,1970,1970,0
2022-07-26 09:14:00,1965,1965,1970,1970,0
2022-07-26 09:15:00,1965,1965,1970,1970,0
2022-07-26 09:16:00,1965,1965,1970,1970,0
2022-07-26 09:17:00,1965,1965,1970,1970,0
2022-07-26 09:18:00,1965,1965,1970,1970,0
2022-07-26 09:19:00,1965,1965,1970,1970,0
2022-07-26 09:20:00,1965,1965,1970,1970,0
2022-07-26 09:21:00,1965,1965,1970,1970,0
2022-07-26 09:22:00,1965,1965,1970,1970,0
2022-07-26 09:23:00,1965,1965,1970,1970,0
2022-07-26 09:24:00,1965,1965,1970,1970,0
2022-07-26 09:25:00,1965,1965,1970,1970,0
2022-07-26 09:26:00,1965,1965,1970,1970,0
2022-07-26 09:27:00,1965,1965,1970,1970,0
2022-07-26 09:28:00,1965,1965,1970,1970,0
2022-07-26 09:29:00,1965,1965,1970,1970,0
2022-07-26 09:30:00,1965,1965,1970,1970,0
2022-07-26 09:31:00,1965,1965,1970,1970,0
2022-07-26 09:32:00,1965,1965,1970,1970,0
2022-07-26 09:33:00,1965,1965,1970,1970,0
2022-07-26 09:34:00,1965,1965,1970,1970,0
2022-07-26 09:35:00,1970,1970,1970,1970,1000
2022-07-26 09:36:00,1980,1980,1980,1980,2700
2022-07-26 09:37:00,1985,1985,1985,1985,4600
2022-07-26 09:38:00,1985,1985,1985,1985,0
2022-07-26 09:39:00,1985,1985,1985,1985,0
2022-07-26 09:40:00,1985,1985,1985,1985,0
2022-07-26 09:41:00,1985,1985,1985,1985,0
2022-07-26 09:42:00,1985,1985,1985,1985,0
2022-07-26 09:43:00,1985,1985,1985,1985,0
2022-07-26 09:44:00,1985,1985,1985,1985,0
2022-07-26 09:45:00,1985,1985,1985,1985,0
2022-07-26 09:46:00,1985,1985,1985,1985,0
2022-07-26 09:47:00,1985,1985,1985,1985,0
2022-07-26 09:48:00,1985,1985,1985,1985,0
2022-07-26 09:49:00,1985,1985,1985,1985,0
2022-07-26 09:50:00,1985,1985,1985,1985,0
2022-07-26 09:51:00,1985,1985,1985,1985,0
2022-07-26 09:52:00,1985,1985,1985,1985,0
2022-07-26 09:53:00,1985,1985,1985,1985,0
2022-07-26 09:54:00,1985,1985,1985,1985,0
2022-07-26 09:55:00,1985,1985,1985,1985,0
2022-07-26 09:56:00,1985,1985,1985,1985,0
2022-07-26 09:57:00,1985,1985,1985,1985,0
2022-07-26 09:58:00,1985,1985,1985,1985,0
2022-07-26 09:59:00,1985,1985,1985,1985,0
2022-07-26 10:00:00,1985,1985,1985,1985,0
2022-07-26 10:01:00,1985,1985,1985,1985,0
2022-07-26 10:02:00,1985,1985,1985,1985,0
2022-07-26 10:03:00,1985,1985,1985,1985,0
2022-07-26 10:04:00,1985,1985,1985,1985,0
2022-07-26 10:05:00,1985,1985,1985,1985,0
2022-07-26 10:06:00,1985,1985,1985,1985,0
2022-07-26 10:07:00,1985,1985,1985,1985,0
2022-07-26 10:08:00,1985,1985,1985,1985,0
2022-07-26 10:09:00,1985,1985,1985,1985,0
2022-07-26 10:10:00,1985,1985,1985,1985,0
2022-07-26 10:11:00,1985,1985,1985,1985,0
2022-07-26 10:12:00,1985,1985,1985,1985,0
2022-07-26 10:13:00,1985,1985,1985,1985,0
2022-07-26 10:14:00,1985,1985,1985,1985,0
2022-07-26 10:15:00,1985,1985,1985,1985,0
2022-07-26 10:16:00,1985,1985,1985,1985,0
2022-07-26 10:17:00,1985,1985,1985,1985,0
2022-07-26 10:18:00,1985,1985,1985,1985,0
2022-07-26 10:19:00,1985,1985,1985,1985,0
2022-07-26 10:20:00,1985,1985,1985,1985,0
2022-07-26 10:21:00,1985,1985,1985,1985,0
2022-07-26 10:22:00,1985,1985,1985,1985,0
2022-07-26 10:23:00,1985,1985,1985,1985,0
2022-07-26 10:24:00,1985,1985,1985,1985,0
2022-07-26 10:25:00,1985,1985,1985,1985,0
2022-07-26 10:26:00,1985,1985,1985,1985,0
2022-07-26 10:27:00,1985,1985,1985,1985,0
2022-07-26 10:28:00,1985,1985,1985,1985,0
2022-07-26 10:29:00,1985,1985,1985,1985,0
2022-07-26 10:30:00,1985,1985,1985,1985,0
2022-07-26 10:31:00,1985,1985,1985,1985,0
2022-07-26 10:32:00,1985,1985,1985,1985,0
2022-07-26 10:33:00,1960,1960,1960,1960,0
2022-07-26 10:34:00,1960,1960,1960,1960,0
2022-07-26 10:35:00,1960,1960,1960,1960,0
2022-07-26 10:36:00,1960,1960,1960,1960,0
2022-07-26 10:37:00,1960,1960,1960,1960,0
2022-07-26 10:38:00,1960,1960,1960,1960,0
2022-07-26 10:39:00,1960,1960,1960,1960,0
2022-07-26 10:40:00,1960,1960,1960,1960,0
2022-07-26 10:41:00,1960,1960,1960,1960,0
2022-07-26 10:42:00,1960,1960,1960,1960,0
2022-07-26 10:43:00,1960,1960,1960,1960,0
2022-07-26 10:44:00,1960,1960,1960,1960,0
2022-07-26 10:45:00,1960,1960,1960,1960,0
2022-07-26 10:46:00,1960,1960,1960,1960,0
2022-07-26 10:47:00,1960,1960,1960,1960,0
2022-07-26 10:48:00,1960,1960,1960,1960,0
2022-07-26 10:49:00,1960,1960,1960,1960,0
2022-07-26 10:50:00,1960,1960,1960,1960,0
2022-07-26 10:51:00,1960,1960,1960,1960,0
2022-07-26 10:52:00,1960,1960,1960,1960,0
2022-07-26 10:53:00,1960,1960,1960,1960,0
2022-07-26 10:54:00,1960,1960,1960,1960,0
2022-07-26 10:55:00,1960,1960,1960,1960,0
2022-07-26 10:56:00,1960,1960,1960,1960,0
2022-07-26 10:57:00,1960,1960,1960,1960,0
2022-07-26 10:58:00,1960,1960,1960,1960,0
2022-07-26 10:59:00,1960,1960,1960,1960,0
2022-07-26 11:00:00,1960,1960,1960,1960,0
2022-07-26 11:01:00,1960,1960,1960,1960,0
2022-07-26 11:02:00,1960,1960,1960,1960,0
2022-07-26 11:03:00,1960,1960,1960,1960,0
2022-07-26 11:04:00,1960,1960,1960,1960,0
2022-07-26 11:05:00,1960,1960,1960,1960,0
2022-07-26 11:06:00,1960,1960,1960,1960,0
2022-07-26 11:07:00,1960,1960,1960,1960,0
2022-07-26 11:08:00,1960,1960,1960,1960,0
2022-07-26 11:09:00,1960,1960,1960,1960,0
2022-07-26 11:10:00,1960,1960,1960,1960,0
2022-07-26 11:11:00,1960,1960,1960,1960,0
2022-07-26 11:12:00,1960,1960,1960,1960,0
2022-07-26 11:13:00,1960,1960,1960,1960,0
2022-07-26 11:14:00,1960,1960,1960,1960,0
2022-07-26 11:15:00,1960,1960,1960,1960,0
2022-07-26 11:16:00,1960,1960,1960,1960,0
2022-07-26 11:17:00,1960,1960,1960,1960,0
2022-07-26 11:18:00,1960,1960,1960,1960,0
2022-07-26 11:19:00,1960,1960,1960,1960,0
2022-07-26 11:20:00,1960,1960,1960,1960,0
2022-07-26 11:21:00,1960,1960,1960,1960,0
2022-07-26 11:22:00,1960,1960,1960,1960,0
2022-07-26 11:23:00,1960,1960,1960,1960,0
2022-07-26 11:24:00,1960,1960,1960,1960,0
2022-07-26 11:25:00,1960,1960,1960,1960,0
2022-07-26 11:26:00,1960,1960,1960,1960,0
2022-07-26 11:27:00,1960,1960,1960,1960,0
2022-07-26 11:28:00,1960,1960,1960,1960,0
2022-07-26 11:29:00,1960,1960,1960,1960,0
2022-07-26 11:30:00,1960,1960,1960,1960,0
2022-07-26 11:31:00,1960,1960,1960,1960,0
2022-07-26 11:32:00,1960,1960,1960,1960,0
2022-07-26 11:33:00,1960,1960,1960,1960,0
2022-07-26 11:34:00,1960,1960,1960,1960,0
2022-07-26 11:35:00,1960,1960,1960,1960,0
2022-07-26 11:36:00,1960,1960,1960,1960,0
2022-07-26 11:37:00,1960,1960,1960,1960,0
2022-07-26 11:38:00,1960,1960,1960,1960,0
2022-07-26 11:39:00,1960,1960,1960,1960,0
2022-07-26 11:40:00,1960,1960,1960,1960,0
2022-07-26 11:41:00,1960,1960,1960,1960,0
2022-07-26 11:42:00,1960,1960,1960,1960,0
2022-07-26 11:43:00,1960,1960,1960,1960,0
2022-07-26 11:44:00,1960,1960,1960,1960,0
2022-07-26 11:45:00,1960,1960,1960,1960,0
2022-07-26 11:46:00,1960,1960,1960,1960,0
2022-07-26 11:47:00,1960,1960,1960,1960,0
2022-07-26 11:48:00,1960,1960,1960,1960,0
2022-07-26 11:49:00,1960,1960,1960,1960,0
2022-07-26 11:50:00,1960,1960,1960,1960,0
2022-07-26 11:51:00,1960,1960,1960,1960,0
2022-07-26 11:52:00,1960,1960,1960,1960,0
2022-07-26 11:53:00,1960,1960,1960,1960,0
2022-07-26 11:54:00,1960,1960,1960,1960,0
2022-07-26 11:55:00,1960,1960,1960,1960,0
2022-07-26 11:56:00,1960,1960,1960,1960,0
2022-07-26 11:57:00,1960,1960,1960,1960,0
2022-07-26 11:58:00,1960,1960,1960,1960,0
2022-07-26 11:59:00,1960,1960,1960,1960,0
2022-07-26 12:00:00,1960,1960,1960,1960,0
2022-07-26 12:01:00,1960,1960,1960,1960,0
2022-07-26 12:02:00,1960,1960,1960,1960,0
2022-07-26 12:03:00,1960,1960,1960,1960,0
2022-07-26 12:04:00,1960,1960,1960,1960,0
2022-07-26 12:05:00,1960,1960,1960,1960,0
2022-07-26 12:06:00,1960,1960,1960,1960,0
2022-07-26 12:07:00,1960,1960,1960,1960,0
2022-07-26 12:08:00,1960,1960,1960,1960,0
2022-07-26 12:09:00,1960,1960,1960,1960,0
2022-07-26 12:10:00,1960,1960,1960,1960,0
2022-07-26 12:11:00,1960,1960,1960,1960,0
2022-07-26 12:12:00,1960,1960,1960,1960,0
2022-07-26 12:13:00,1960,1960,1960,1960,0
2022-07-26 12:14:00,1960,1960,1960,1960,0
2022-07-26 12:15:00,1960,1960,1960,1960,0
2022-07-26 12:16:00,1960,1960,1960,1960,0
2022-07-26 12:17:00,1960,1960,1960,1960,0
2022-07-26 12:18:00,1960,1960,1960,1960,0
2022-07-26 12:19:00,1960,1960,1960,1960,0
2022-07-26 12:20:00,1960,1960,1960,1960,0
2022-07-26 12:21:00,1960,1960,1960,1960,0
2022-07-26 12:22:00,1960,1960,1960,1960,0
2022-07-26 12:23:00,1960,1960,1960,1960,0
2022-07-26 12:24:00,1960,1960,1960,1960,0
2022-07-26 12:25:00,1960,1960,1960,1960,0
2022-07-26 12:26:00,1960,1960,1960,1960,0
2022-07-26 12:27:00,1960,1960,1960,1960,0
2022-07-26 12:28:00,1960,1960,1960,1960,0
2022-07-26 12:29:00,1960,1960,1960,1960,0
2022-07-26 12:30:00,1960,1960,1960,1960,0
2022-07-26 12:31:00,1960,1960,1960,1960,0
2022-07-26 12:32:00,1960,1960,1960,1960,0
2022-07-26 12:33:00,1960,1960,1960,1960,0
2022-07-26 12:34:00,1960,1960,1960,1960,0
2022-07-26 12:35:00,1960,1960,1960,1960,0
2022-07-26 12:36:00,1960,1960,1960,1960,0
2022-07-26 12:37:00,1960,1960,1960,1960,0
2022-07-26 12:38:00,1960,1960,1960,1960,0
2022-07-26 12:39:00,1960,1960,1960,1960,0
2022-07-26 12:40:00,1960,1960,1960,1960,0
2022-07-26 12:41:00,1960,1960,1960,1960,0
2022-07-26 12:42:00,1960,1960,1960,1960,0
2022-07-26 12:43:00,1960,1960,1960,1960,0
2022-07-26 12:44:00,1960,1960,1960,1960,0
2022-07-26 12:45:00,1960,1960,1960,1960,0
2022-07-26 12:46:00,1960,1960,1960,1960,0
2022-07-26 12:47:00,1960,1960,1960,1960,0
2022-07-26 12:48:00,1960,1960,1960,1960,0
2022-07-26 12:49:00,1960,1960,1960,1960,0
2022-07-26 12:50:00,1960,1960,1960,1960,0
2022-07-26 12:51:00,1960,1960,1960,1960,0
2022-07-26 12:52:00,1960,1960,1960,1960,0
2022-07-26 12:53:00,1960,1960,1960,1960,0
2022-07-26 12:54:00,1960,1960,1960,1960,0
2022-07-26 12:55:00,1960,1960,1960,1960,0
2022-07-26 12:56:00,1960,1960,1960,1960,0
2022-07-26 12:57:00,1960,1960,1960,1960,0
2022-07-26 12:58:00,1960,1960,1960,1960,0
2022-07-26 12:59:00,1960,1960,1960,1960,0
2022-07-26 13:00:00,1960,1960,1960,1960,0
2022-07-26 13:01:00,1960,1960,1960,1960,0
2022-07-26 13:02:00,1960,1960,1960,1960,0
2022-07-26 13:03:00,1960,1960,1960,1960,0
2022-07-26 13:04:00,1960,1960,1960,1960,0
2022-07-26 13:05:00,1960,1960,1960,1960,0
2022-07-26 13:06:00,1960,1960,1960,1960,0
2022-07-26 13:07:00,1960,1960,1960,1960,0
2022-07-26 13:08:00,1960,1960,1960,1960,0
2022-07-26 13:09:00,1960,1960,1960,1960,0
2022-07-26 13:10:00,1960,1960,1960,1960,0
2022-07-26 13:11:00,1960,1960,1960,1960,0
2022-07-26 13:12:00,1960,1960,1960,1960,0
2022-07-26 13:13:00,1960,1960,1960,1960,0
2022-07-26 13:14:00,1960,1960,1960,1960,0
2022-07-26 13:15:00,1960,1960,1960,1960,0
2022-07-26 13:16:00,1960,1960,1960,1960,0
2022-07-26 13:17:00,1960,1960,1960,1960,0
2022-07-26 13:18:00,1960,1960,1960,1960,0
2022-07-26 13:19:00,1960,1960,1960,1960,0
2022-07-26 13:20:00,1960,1960,1960,1960,0
2022-07-26 13:21:00,1960,1960,1960,1960,0
2022-07-26 13:22:00,1960,1960,1960,1960,0
2022-07-26 13:23:00,1960,1960,1960,1960,0
2022-07-26 13:24:00,1960,1960,1960,1960,0
2022-07-26 13:25:00,1960,1960,1960,1960,0
2022-07-26 13:26:00,1960,1960,1960,1960,0
2022-07-26 13:27:00,1960,1960,1960,1960,0
2022-07-26 13:28:00,1960,1960,1960,1960,0
2022-07-26 13:29:00,1960,1960,1960,1960,0
2022-07-26 13:30:00,1960,1960,1960,1960,0
2022-07-26 13:31:00,1960,1960,1960,1960,0
2022-07-26 13:32:00,1960,1960,1960,1960,0
2022-07-26 13:33:00,1960,1960,1960,1960,0
2022-07-26 13:34:00,1960,1960,1960,1960,0
2022-07-26 13:35:00,1960,1960,1960,1960,0
2022-07-26 13:36:00,1960,1960,1960,1960,0
2022-07-26 13:37:00,1960,1960,1960,1960,0
2022-07-26 13:38:00,1960,1960,1960,1960,0
2022-07-26 13:39:00,1960,1960,1960,1960,0
2022-07-26 13:40:00,1960,1960,1960,1960,0
2022-07-26 13:41:00,1960,1960,1960,1960,0
2022-07-26 13:42:00,1960,1960,1960,1960,0
2022-07-26 13:43:00,1960,1960,1960,1960,0
2022-07-26 13:44:00,1960,1960,1960,1960,0
2022-07-26 13:45:00,1960,1960,1960,1960,0
2022-07-26 13:46:00,1960,1960,1960,1960,0
2022-07-26 13:47:00,1960,1960,1960,1960,0
2022-07-26 13:48:00,1960,1960,1960,1960,0
2022-07-26 13:49:00,1960,1960,1960,1960,0
2022-07-26 13:50:00,1960,1960,1960,1960,0
2022-07-26 13:51:00,1960,1960,1960,1960,0
2022-07-26 13:52:00,1960,1960,1960,1960,0
2022-07-26 13:53:00,1960,1960,1960,1960,0
2022-07-26 13:54:00,1960,1960,1960,1960,0
2022-07-26 13:55:00,1960,1960,1960,1960,0
2022-07-26 13:56:00,1960,1960,1960,1960,0
2022-07-26 13:57:00,1960,1960,1960,1960,0
2022-07-26 13:58:00,1960,1960,1960,1960,0
2022-07-26 13:59:00,1960,1960,1960,1960,0
2022-07-26 14:00:00,1960,1960,1960,1960,0
2022-07-26 14:01:00,1960,1960,1960,1960,0
2022-07-26 14:02:00,1960,1960,1960,1960,0
2022-07-26 14:03:00,1960,1960,1960,1960,0
2022-07-26 14:04:00,1960,1960,1960,1960,0
2022-07-26 14:05:00,1960,1960,1960,1960,0
2022-07-26 14:06:00,1960,1960,1960,1960,0
2022-07-26 14:07:00,1960,1960,1960,1960,0
2022-07-26 14:08:00,1960,1960,1960,1960,0
2022-07-26 14:09:00,1960,1960,1960,1960,0
2022-07-26 14:10:00,1960,1960,1960,1960,0
2022-07-26 14:11:00,1960,1960,1960,1960,0
2022-07-26 14:12:00,1960,1960,1960,1960,0
2022-07-26 14:13:00,1960,1960,1960,1960,0
2022-07-26 14:14:00,1960,1960,1960,1960,0
2022-07-26 14:15:00,1960,1960,1960,1960,0
2022-07-26 14:16:00,1960,1960,1960,1960,0
2022-07-26 14:17:00,1960,1960,1960,1960,0
2022-07-26 14:18:00,1960,1960,1960,1960,0
2022-07-26 14:19:00,1960,1960,1960,1960,0
2022-07-26 14:20:00,1960,1960,1960,1960,0
2022-07-26 14:21:00,1960,1960,1960,1960,0
2022-07-26 14:22:00,1960,1960,1960,1960,0
2022-07-26 14:23:00,1960,1960,1960,1960,0
2022-07-26 14:24:00,1960,1960,1960,1960,0
2022-07-26 14:25:00,1960,1960,1960,1960,0
2022-07-26 14:26:00,1960,1960,1960,1960,0
2022-07-26 14:27:00,1960,1960,1960,1960,0
2022-07-26 14:28:00,1960,1960,1960,1960,0
2022-07-26 14:29:00,1960,1960,1960,1960,0
2022-07-26 14:30:00,1960,1960,1960,1960,0
2022-07-26 14:31:00,1960,1960,1960,1960,0
2022-07-26 14:32:00,1960,1960,1960,1960,0
2022-07-26 14:33:00,1960,1960,1960,1960,0
2022-07-26 14:34:00,1960,1960,1960,1960,0
2022-07-26 14:35:00,1960,1960,1960,1960,0
2022-07-26 14:36:00,1960,1960,1960,1960,0
2022-07-26 14:37:00,1960,1960,1960,1960,0
2022-07-26 14:38:00,1960,1960,1960,1960,0
2022-07-26 14:39:00,1960,1960,1960,1960,0
2022-07-26 14:40:00,1960,1960,1960,1960,0
2022-07-26 14:41:00,1960,1960,1960,1960,0
2022-07-26 14:42:00,1960,1960,1960,1960,0
2022-07-26 14:43:00,1960,1960,1960,1960,0
2022-07-26 14:44:00,1960,1960,1960,1960,0
2022-07-26 14:45:00,1960,1960,1960,1960,0
2022-07-26 14:46:00,1960,1960,1960,1960,0
2022-07-26 14:47:00,1960,1960,1960,1960,0
2022-07-26 14:48:00,1960,1960,1960,1960,0
2022-07-26 14:49:00,1960,1960,1960,1960,0
2022-07-26 14:50:00,1960,1960,1960,1960,0
2022-07-26 14:51:00,1960,1960,1960,1960,0
2022-07-26 14:52:00,1960,1960,1960,1960,0
2022-07-26 14:53:00,1960,1960,1960,1960,0
2022-07-26 14:54:00,1960,1960,1960,1960,0
2022-07-26 14:55:00,1960,1960,1960,1960,0
2022-07-26 14:56:00,1960,1960,1960,1960,0
2022-07-26 14:57:00,1960,1960,1960,1960,0
2022-07-26 14:58:00,1960,1960,1960,1960,0
2022-07-26 14:59:00,1960,1960,1960,1960,0
2022-07-26 15:00:00,1960,1960,1960,1960,0
2022-07-26 15:01:00,1960,1960,1960,1960,0
2022-07-26 15:02:00,1960,1960,1960,1960,0
2022-07-26 15:03:00,1960,1960,1960,1960,0
2022-07-26 15:04:00,1960,1960,1960,1960,0
2022-07-26 15:05:00,1960,1960,1960,1960,0
2022-07-26 15:06:00,1960,1960,1960,1960,0
2022-07-26 15:07:00,1960,1960,1960,1960,0
2022-07-26 15:08:00,1960,1960,1960,1960,0
2022-07-26 15:09:00,1960,1960,1960,1960,0
2022-07-26 15:10:00,1960,1960,1960,1960,0
2022-07-26 15:11:00,1960,1960,1960,1960,0
2022-07-26 15:12:00,1960,1960,1960,1960,0
2022-07-26 15:13:00,1960,1960,1960,1960,0
2022-07-26 15:14:00,1960,1960,1960,1960,0
2022-07-26 15:15:00,1960,1960,1960,1960,0
2022-07-26 15:16:00,1960,1960,1960,1960,0
2022-07-26 15:17:00,1960,1960,1960,1960,0
2022-07-26 15:18:00,1960,1960,1960,1960,0
2022-07-26 15:19:00,1960,1960,1960,1960,0
2022-07-26 15:20:00,1960,1960,1960,1960,0
2022-07-26 15:21:00,1960,1960,1960,1960,0
2022-07-26 15:22:00,1960,1960,1960,1960,0
2022-07-26 15:23:00,1960,1960,1960,1960,0
2022-07-26 15:24:00,1960,1960,1960,1960,0
2022-07-26 15:25:00,1960,1960,1960,1960,0
2022-07-26 15:26:00,1960,1960,1960,1960,0
2022-07-26 15:27:00,1960,1960,1960,1960,0
2022-07-26 15:28:00,1960,1960,1960,1960,0
2022-07-26 15:29:00,1960,1960,1960,1960,0
2022-07-26 15:30:00,1960,1960,1960,1960,0
2022-07-26 15:31:00,1960,1960,1960,1960,0
2022-07-26 15:32:00,1960,1960,1960,1960,0
2022-07-26 15:33:00,1960,1960,1960,1960,0
2022-07-26 15:34:00,1960,1960,1960,1960,0
2022-07-26 15:35:00,1960,1960,1960,1960,0
2022-07-26 15:36:00,1960,1960,1960,1960,0
2022-07-26 15:37:00,1960,1960,1960,1960,0
2022-07-26 15:38:00,1960,1960,1960,1960,0
2022-07-26 15:39:00,1960,1960,1960,1960,0
2022-07-26 15:40:00,1960,1960,1960,1960,0
2022-07-26 15:41:00,1960,1960,1960,1960,0
2022-07-26 15:42:00,1960,1960,1960,1960,0
2022-07-26 15:43:00,1960,1960,1960,1960,0
2022-07-26 15:44:00,1960,1960,1960,1960,0
2022-07-26 15:45:00,1960,1960,1960,1960,0
2022-07-26 15:46:00,1960,1960,1960,1960,0
2022-07-26 15:47:00,1960,1960,1960,1960,0
2022-07-26 15:48:00,1960,1960,1960,1960,0
2022-07-26 15:49:00,1960,1960,1960,1960,0
2022-07-26 15:50:00,1960,1960,1960,1960,0
2022-07-26 15:51:00,1960,1960,1960,1960,0
2022-07-26 15:52:00,1960,1960,1960,1960,0
2022-07-26 15:53:00,1960,1960,1960,1960,0
2022-07-26 15:54:00,1960,1960,1960,1960,0
2022-07-26 15:55:00,1960,1960,1960,1960,0
2022-07-26 15:56:00,1960,1960,1960,1960,0
2022-07-26 15:57:00,1960,1960,1960,1960,0
2022-07-26 15:58:00,1960,1960,1960,1960,0
2022-07-26 15:59:00,1960,1960,1960,1960,0
2022-07-27 09:00:00,1960,1960,1960,1960,0
2022-07-27 09:01:00,1960,1960,1960,1960,0
2022-07-27 09:02:00,1960,1960,1960,1960,0
2022-07-27 09:03:00,1960,1960,1960,1960,0
2022-07-27 09:04:00,1960,1960,1960,1960,0
2022-07-27 09:05:00,1960,1960,1960,1960,0
2022-07-27 09:06:00,1960,1960,1960,1960,0
2022-07-27 09:07:00,1960,1960,1960,1960,0
2022-07-27 09:08:00,1960,1960,1960,1960,0
2022-07-27 09:09:00,1960,1960,1960,1960,0
2022-07-27 09:10:00,1960,1960,1960,1960,0
2022-07-27 09:11:00,1960,1960,1960,1960,0
2022-07-27 09:12:00,1960,1960,1960,1960,0
2022-07-27 09:13:00,1960,1960,1960,1960,0
2022-07-27 09:14:00,1960,1960,1960,1960,0
2022-07-27 09:15:00,1960,1960,1960,1960,0
2022-07-27 09:16:00,1960,1960,1960,1960,0
2022-07-27 09:17:00,1960,1960,1960,1960,0
2022-07-27 09:18:00,1960,1960,1960,1960,0
2022-07-27 09:19:00,1960,1960,1960,1960,0
2022-07-27 09:20:00,1960,1960,1960,1960,0
2022-07-27 09:21:00,1960,1960,1960,1960,0
2022-07-27 09:22:00,1960,1960,1960,1960,0
2022-07-27 09:23:00,1960,1960,1960,1960,0
2022-07-27 09:24:00,1960,1960,1960,1960,0
2022-07-27 09:25:00,1960,1960,1960,1960,0
2022-07-27 09:26:00,1960,1960,1960,1960,0
2022-07-27 09:27:00,1960,1960,1960,1960,0
2022-07-27 09:28:00,1960,1960,1960,1960,0
2022-07-27 09:29:00,1960,1960,1960,1960,0
2022-07-27 09:30:00,1960,1960,1960,1960,0
2022-07-27 09:31:00,1960,1960,1960,1960,0
2022-07-27 09:32:00,1960,1960,1960,1960,0
2022-07-27 09:33:00,1960,1960,1960,1960,0
2022-07-27 09:34:00,1960,1960,1960,1960,0
2022-07-27 09:35:00,1960,1960,1960,1960,0
2022-07-27 09:36:00,1960,1960,1960,1960,0
2022-07-27 09:37:00,1960,1960,1960,1960,0
2022-07-27 09:38:00,1960,1960,1960,1960,0
2022-07-27 09:39:00,1960,1960,1960,1960,0
2022-07-27 09:40:00,1960,1960,1960,1960,0
2022-07-27 09:41:00,1960,1960,1960,1960,0
2022-07-27 09:42:00,1960,1960,1960,1960,0
2022-07-27 09:43:00,1960,1960,1960,1960,0
2022-07-27 09:44:00,1960,1960,1960,1960,0
2022-07-27 09:45:00,1960,1960,1960,1960,0
2022-07-27 09:46:00,1960,1960,1960,1960,0
2022-07-27 09:47:00,1960,1960,1960,1960,0
2022-07-27 09:48:00,1960,1960,1960,1960,0
2022-07-27 09:49:00,1960,1960,1960,1960,0
2022-07-27 09:50:00,1960,1960,1960,1960,0
2022-07-27 09:51:00,1960,1960,1960,1960,0
2022-07-27 09:52:00,1960,1960,1960,1960,0
2022-07-27 09:53:00,1960,1960,1960,1960,0
2022-07-27 09:54:00,1960,1960,1960,1960,0
2022-07-27 09:55:00,1960,1960,1960,1960,0
2022-07-27 09:56:00,1960,1960,1960,1960,0
2022-07-27 09:57:00,1960,1960,1960,1960,0
2022-07-27 09:58:00,1960,1960,1960,1960,0
2022-07-27 09:59:00,1960,1960,1960,1960,0
2022-07-27 10:00:00,1960,1960,1960,1960,0
2022-07-27 10:01:00,1960,1960,1960,1960,0
2022-07-27 10:02:00,1960,1960,1960,1960,0
2022-07-27 10:03:00,1960,1960,1960,1960,0
2022-07-27 10:04:00,1960,1960,1960,1960,0
2022-07-27 10:05:00,1960,1960,1960,1960,0
2022-07-27 10:06:00,1960,1960,1960,1960,0
2022-07-27 10:07:00,1960,1960,1960,1960,0
2022-07-27 10:08:00,1960,1960,1960,1960,0
2022-07-27 10:09:00,1960,1960,1960,1960,0
2022-07-27 10:10:00,1960,1960,1960,1960,0
2022-07-27 10:11:00,1960,1960,1960,1960,0
2022-07-27 10:12:00,1960,1960,1960,1960,0
2022-07-27 10:13:00,1960,1960,1960,1960,0
2022-07-27 10:14:00,1960,1960,1960,1960,0
2022-07-27 10:15:00,1960,1960,1960,1960,0
2022-07-27 10:16:00,1960,1960,1960,1960,0
2022-07-27 10:17:00,1960,1960,1960,1960,0
2022-07-27 10:18:00,1960,1960,1960,1960,0
2022-07-27 10:19:00,1960,1960,1960,1960,0
2022-07-27 10:20:00,1960,1960,1960,1960,0
2022-07-27 10:21:00,1960,1960,1960,1960,0
2022-07-27 10:22:00,1960,1960,1960,1960,0
2022-07-27 10:23:00,1960,1960,1960,1960,0
2022-07-27 10:24:00,1960,1960,1960,1960,0
2022-07-27 10:25:00,1960,1960,1960,1960,0
2022-07-27 10:26:00,1960,1960,1960,1960,0
2022-07-27 10:27:00,1960,1960,1960,1960,0
2022-07-27 10:28:00,1960,1960,1960,1960,0
2022-07-27 10:29:00,1960,1960,1960,1960,0
2022-07-27 10:30:00,1960,1960,1960,1960,0
2022-07-27 10:31:00,1960,1960,1960,1960,0
2022-07-27 10:32:00,1960,1960,1960,1960,0
2022-07-27 10:33:00,1960,1960,1960,1960,0
2022-07-27 10:34:00,1960,1960,1960,1960,0
2022-07-27 10:35:00,1960,1960,1960,1960,0
2022-07-27 10:36:00,1960,1960,1960,1960,0
2022-07-27 10:37:00,1960,1960,1960,1960,0
2022-07-27 10:38:00,1960,1960,1960,1960,0
2022-07-27 10:39:00,1960,1960,1960,1960,0
2022-07-27 10:40:00,1960,1960,1960,1960,0
2022-07-27 10:41:00,1960,1960,1960,1960,0
2022-07-27 10:42:00,1960,1960,1960,1960,0
2022-07-27 10:43:00,1960,1960,1960,1960,0
2022-07-27 10:44:00,1960,1960,1960,1960,0
2022-07-27 10:45:00,1960,1960,1960,1960,0
2022-07-27 10:46:00,1960,1960,1960,1960,0
2022-07-27 10:47:00,1960,1960,1960,1960,0
2022-07-27 10:48:00,1960,1960,1960,1960,0
2022-07-27 10:49:00,1960,1960,1960,1960,0
2022-07-27 10:50:00,1960,1960,1960,1960,0
2022-07-27 10:51:00,1960,1960,1960,1960,0
2022-07-27 10:52:00,1960,1960,1960,1960,0
2022-07-27 10:53:00,1960,1960,1960,1960,0
2022-07-27 10:54:00,1960,1960,1960,1960,0
2022-07-27 10:55:00,1960,1960,1960,1960,0
2022-07-27 10:56:00,1960,1960,1960,1960,0
2022-07-27 10:57:00,1960,1960,1960,1960,0
2022-07-27 10:58:00,1960,1960,1960,1960,0
2022-07-27 10:59:00,1960,1960,1960,1960,0
2022-07-27 11:00:00,1960,1960,1960,1960,0
2022-07-27 11:01:00,1960,1960,1960,1960,0
2022-07-27 11:02:00,1960,1960,1960,1960,0
2022-07-27 11:03:00,1960,1960,1960,1960,0
2022-07-27 11:04:00,1960,1960,1960,1960,0
2022-07-27 11:05:00,1960,1960,1960,1960,0
2022-07-27 11:06:00,1960,1960,1960,1960,0
2022-07-27 11:07:00,1960,1960,1960,1960,0
2022-07-27 11:08:00,1960,1960,1960,1960,0
2022-07-27 11:09:00,1960,1960,1960,1960,0
2022-07-27 11:10:00,1960,1960,1960,1960,0
2022-07-27 11:11:00,1960,1960,1960,1960,0
2022-07-27 11:12:00,1960,1960,1960,1960,0
2022-07-27 11:13:00,1960,1960,1960,1960,0
2022-07-27 11:14:00,1960,1960,1960,1960,0
2022-07-27 11:15:00,1960,1960,1960,1960,0
2022-07-27 11:16:00,1960,1960,1960,1960,0
2022-07-27 11:17:00,1960,1960,1960,1960,0
2022-07-27 11:18:00,1960,1960,1960,1960,0
2022-07-27 11:19:00,1960,1960,1960,1960,0
2022-07-27 11:20:00,1960,1960,1960,1960,0
2022-07-27 11:21:00,1960,1960,1960,1960,0
2022-07-27 11:22:00,1960,1960,1960,1960,0
2022-07-27 11:23:00,1960,1960,1960,1960,0
2022-07-27 11:24:00,1960,1960,1960,1960,0
2022-07-27 11:25:00,1960,1960,1960,1960,0
2022-07-27 11:26:00,1960,1960,1960,1960,0
2022-07-27 11:27:00,1960,1960,1960,1960,0
2022-07-27 11:28:00,1960,1960,1960,1960,0
2022-07-27 11:29:00,1960,1960,1960,1960,0
2022-07-27 11:30:00,1960,1960,1960,1960,0
2022-07-27 11:31:00,1960,1960,1960,1960,0
2022-07-27 11:32:00,1960,1960,1960,1960,0
2022-07-27 11:33:00,1960,1960,1960,1960,0
2022-07-27 11:34:00,1960,1960,1960,1960,0
2022-07-27 11:35:00,1960,1960,1960,1960,0
2022-07-27 11:36:00,1960,1960,1960,1960,0
2022-07-27 11:37:00,1960,1960,1960,1960,0
2022-07-27 11:38:00,1960,1960,1960,1960,0
2022-07-27 11:39:00,1960,1960,1960,1960,0
2022-07-27 11:40:00,1960,1960,1960,1960,0
2022-07-27 11:41:00,1960,1960,1960,1960,0
2022-07-27 11:42:00,1960,1960,1960,1960,0
2022-07-27 11:43:00,1960,1960,1960,1960,0
2022-07-27 11:44:00,1960,1960,1960,1960,0
2022-07-27 11:45:00,1960,1960,1960,1960,0
2022-07-27 11:46:00,1960,1960,1960,1960,0
2022-07-27 11:47:00,1960,1960,1960,1960,0
2022-07-27 11:48:00,1960,1960,1960,1960,0
2022-07-27 11:49:00,1960,1960,1960,1960,0
2022-07-27 11:50:00,1960,1960,1960,1960,0
2022-07-27 11:51:00,1960,1960,1960,1960,0
2022-07-27 11:52:00,1960,1960,1960,1960,0
2022-07-27 11:53:00,1960,1960,1960,1960,0
2022-07-27 11:54:00,1960,1960,1960,1960,0
2022-07-27 11:55:00,1960,1960,1960,1960,0
2022-07-27 11:56:00,1960,1960,1960,1960,0
2022-07-27 11:57:00,1960,1960,1960,1960,0
2022-07-27 11:58:00,1960,1960,1960,1960,0
2022-07-27 11:59:00,1960,1960,1960,1960,0
2022-07-27 12:00:00,1960,1960,1960,1960,0
2022-07-27 12:01:00,1960,1960,1960,1960,0
2022-07-27 12:02:00,1960,1960,1960,1960,0
2022-07-27 12:03:00,1960,1960,1960,1960,0
2022-07-27 12:04:00,1960,1960,1960,1960,0
2022-07-27 12:05:00,1960,1960,1960,1960,0
2022-07-27 12:06:00,1960,1960,1960,1960,0
2022-07-27 12:07:00,1960,1960,1960,1960,0
2022-07-27 12:08:00,1960,1960,1960,1960,0
2022-07-27 12:09:00,1960,1960,1960,1960,0
2022-07-27 12:10:00,1960,1960,1960,1960,0
2022-07-27 12:11:00,1960,1960,1960,1960,0
2022-07-27 12:12:00,1960,1960,1960,1960,0
2022-07-27 12:13:00,1960,1960,1960,1960,0
2022-07-27 12:14:00,1960,1960,1960,1960,0
2022-07-27 12:15:00,1960,1960,1960,1960,0
2022-07-27 12:16:00,1960,1960,1960,1960,0
2022-07-27 12:17:00,1960,1960,1960,1960,0
2022-07-27 12:18:00,1960,1960,1960,1960,0
2022-07-27 12:19:00,1960,1960,1960,1960,0
2022-07-27 12:20:00,1960,1960,1960,1960,0
2022-07-27 12:21:00,1960,1960,1960,1960,0
2022-07-27 12:22:00,1960,1960,1960,1960,0
2022-07-27 12:23:00,1960,1960,1960,1960,0
2022-07-27 12:24:00,1960,1960,1960,1960,0
2022-07-27 12:25:00,1960,1960,1960,1960,0
2022-07-27 12:26:00,1960,1960,1960,1960,0
2022-07-27 12:27:00,1960,1960,1960,1960,0
2022-07-27 12:28:00,1960,1960,1960,1960,0
2022-07-27 12:29:00,1960,1960,1960,1960,0
2022-07-27 12:30:00,1960,1960,1960,1960,0
2022-07-27 12:31:00,1960,1960,1960,1960,0
2022-07-27 12:32:00,1960,1960,1960,1960,0
2022-07-27 12:33:00,1960,1960,1960,1960,0
2022-07-27 12:34:00,1960,1960,1960,1960,0
2022-07-27 12:35:00,1960,1960,1960,1960,0
2022-07-27 12:36:00,1960,1960,1960,1960,0
2022-07-27 12:37:00,1960,1960,1960,1960,0
2022-07-27 12:38:00,1960,1960,1960,1960,0
2022-07-27 12:39:00,1960,1960,1960,1960,0
2022-07-27 12:40:00,1960,1960,1960,1960,0
2022-07-27 12:41:00,1960,1960,1960,1960,0
2022-07-27 12:42:00,1960,1960,1960,1960,0
2022-07-27 12:43:00,1960,1960,1960,1960,0
2022-07-27 12:44:00,1960,1960,1960,1960,0
2022-07-27 12:45:00,1960,1960,1960,1960,0
2022-07-27 12:46:00,1960,1960,1960,1960,0
2022-07-27 12:47:00,1960,1960,1960,1960,0
2022-07-27 12:48:00,1960,1960,1960,1960,0
2022-07-27 12:49:00,1960,1960,1960,1960,0
2022-07-27 12:50:00,1960,1960,1960,1960,0
2022-07-27 12:51:00,1960,1960,1960,1960,0
2022-07-27 12:52:00,1960,1960,1960,1960,0
2022-07-27 12:53:00,1960,1960,1960,1960,0
2022-07-27 12:54:00,1960,1960,1960,1960,0
2022-07-27 12:55:00,1960,1960,1960,1960,0
2022-07-27 12:56:00,1960,1960,1960,1960,0
2022-07-27 12:57:00,1960,1960,1960,1960,0
2022-07-27 12:58:00,1960,1960,1960,1960,0
2022-07-27 12:59:00,1960,1960,1960,1960,0
2022-07-27 13:00:00,1960,1960,1960,1960,0
2022-07-27 13:01:00,1960,1960,1960,1960,0
2022-07-27 13:02:00,1960,1960,1960,1960,0
2022-07-27 13:03:00,1960,1960,1960,1960,0
2022-07-27 13:04:00,1960,1960,1960,1960,0
2022-07-27 13:05:00,1960,1960,1960,1960,0
2022-07-27 13:06:00,1960,1960,1960,1960,0
2022-07-27 13:07:00,1960,1960,1960,1960,0
2022-07-27 13:08:00,1960,1960,1960,1960,0
2022-07-27 13:09:00,1960,1960,1960,1960,0
2022-07-27 13:10:00,1960,1960,1960,1960,0
2022-07-27 13:11:00,1960,1960,1960,1960,0
2022-07-27 13:12:00,1960,1960,1960,1960,0
2022-07-27 13:13:00,1960,1960,1960,1960,0
2022-07-27 13:14:00,1960,1960,1960,1960,0
2022-07-27 13:15:00,1960,1960,1960,1960,0
2022-07-27 13:16:00,1960,1960,1960,1960,0
2022-07-27 13:17:00,1960,1960,1960,1960,0
2022-07-27 13:18:00,1960,1960,1960,1960,0
2022-07-27 13:19:00,1960,1960,1960,1960,0
2022-07-27 13:20:00,1960,1960,1960,1960,0
2022-07-27 13:21:00,1960,1960,1960,1960,0
2022-07-27 13:22:00,1960,1960,1960,1960,0
2022-07-27 13:23:00,1960,1960,1960,1960,0
2022-07-27 13:24:00,1960,1960,1960,1960,0
2022-07-27 13:25:00,1960,1960,1960,1960,0
2022-07-27 13:26:00,1960,1960,1960,1960,0
2022-07-27 13:27:00,1960,1960,1960,1960,0
2022-07-27 13:28:00,1960,1960,1960,1960,0
2022-07-27 13:29:00,1960,1960,1960,1960,0
2022-07-27 13:30:00,1960,1960,1960,1960,0
2022-07-27 13:31:00,1960,1960,1960,1960,0
2022-07-27 13:32:00,1960,1960,1960,1960,0
2022-07-27 13:33:00,1960,1960,1960,1960,0
2022-07-27 13:34:00,1960,1960,1960,1960,0
2022-07-27 13:35:00,1960,1960,1960,1960,0
2022-07-27 13:36:00,1960,1960,1960,1960,0
2022-07-27 13:37:00,1960,1960,1960,1960,0
2022-07-27 13:38:00,1960,1960,1960,1960,0
2022-07-27 13:39:00,1960,1960,1960,1960,0
2022-07-27 13:40:00,1960,1960,1960,1960,0
2022-07-27 13:41:00,1960,1960,1960,1960,0
2022-07-27 13:42:00,1960,1960,1960,1960,0
2022-07-27 13:43:00,1960,1960,1960,1960,0
2022-07-27 13:44:00,1960,1960,1960,1960,0
2022-07-27 13:45:00,1960,1960,1960,1960,0
2022-07-27 13:46:00,1960,1960,1960,1960,0
2022-07-27 13:47:00,1960,1960,1960,1960,0
2022-07-27 13:48:00,1960,1960,1960,1960,0
2022-07-27 13:49:00,1960,1960,1960,1960,0
2022-07-27 13:50:00,1960,1960,1960,1960,0
2022-07-27 13:51:00,1960,1960,1960,1960,0
2022-07-27 13:52:00,1960,1960,1960,1960,0
2022-07-27 13:53:00,1960,1960,1960,1960,0
2022-07-27 13:54:00,1960,1960,1960,1960,0
2022-07-27 13:55:00,1960,1960,1960,1960,0
2022-07-27 13:56:00,1960,1960,1960,1960,0
2022-07-27 13:57:00,1960,1960,1960,1960,0
2022-07-27 13:58:00,1960,1960,1960,1960,0
2022-07-27 13:59:00,1960,1960,1960,1960,0
2022-07-27 14:00:00,1960,1960,1960,1960,0
2022-07-27 14:01:00,1960,1960,1960,1960,0
2022-07-27 14:02:00,1960,1960,1960,1960,0
2022-07-27 14:03:00,1960,1960,1960,1960,0
2022-07-27 14:04:00,1960,1960,1960,1960,0
2022-07-27 14:05:00,1960,1960,1960,1960,0
2022-07-27 14:06:00,1960,1960,1960,1960,0
2022-07-27 14:07:00,1960,1960,1960,1960,0
2022-07-27 14:08:00,1960,1960,1960,1960,0
2022-07-27 14:09:00,1960,1960,1960,1960,0
2022-07-27 14:10:00,1960,1960,1960,1960,0
2022-07-27 14:11:00,1960,1960,1960,1960,0
2022-07-27 14:12:00,1960,1960,1960,1960,0
2022-07-27 14:13:00,1960,1960,1960,1960,0
2022-07-27 14:14:00,1960,1960,1960,1960,0
2022-07-27 14:15:00,1960,1960,1960,1960,0
2022-07-27 14:16:00,1960,1960,1960,1960,0
2022-07-27 14:17:00,1960,1960,1960,1960,0
2022-07-27 14:18:00,1960,1960,1960,1960,0
2022-07-27 14:19:00,1960,1960,1960,1960,0
2022-07-27 14:20:00,1960,1960,1960,1960,0
2022-07-27 14:21:00,1960,1960,1960,1960,0
2022-07-27 14:22:00,1960,1960,1960,1960,0
2022-07-27 14:23:00,1960,1960,1960,1960,0
2022-07-27 14:24:00,1960,1960,1960,1960,0
2022-07-27 14:25:00,1960,1960,1960,1960,0
2022-07-27 14:26:00,1960,1960,1960,1960,0
2022-07-27 14:27:00,1960,1960,1960,1960,0
2022-07-27 14:28:00,1960,1960,1960,1960,0
2022-07-27 14:29:00,1960,1960,1960,1960,0
2022-07-27 14:30:00,1960,1960,1960,1960,0
2022-07-27 14:31:00,1960,1960,1960,1960,0
2022-07-27 14:32:00,1960,1960,1960,1960,0
2022-07-27 14:33:00,1960,1960,1960,1960,0
2022-07-27 14:34:00,1960,1960,1960,1960,0
2022-07-27 14:35:00,1960,1960,1960,1960,0
2022-07-27 14:36:00,1960,1960,1960,1960,0
2022-07-27 14:37:00,1960,1960,1960,1960,0
2022-07-27 14:38:00,1960,1960,1960,1960,0
2022-07-27 14:39:00,1960,1960,1960,1960,0
2022-07-27 14:40:00,1960,1960,1960,1960,0
2022-07-27 14:41:00,1960,1960,1960,1960,0
2022-07-27 14:42:00,1960,1960,1960,1960,0
2022-07-27 14:43:00,1960,1960,1960,1960,0
2022-07-27 14:44:00,1960,1960,1960,1960,0
2022-07-27 14:45:00,1960,1960,1960,1960,0
2022-07-27 14:46:00,1960,1960,1960,1960,0
2022-07-27 14:47:00,1960,1960,1960,1960,0
2022-07-27 14:48:00,1960,1960,1960,1960,0
2022-07-27 14:49:00,1960,1960,1960,1960,0
2022-07-27 14:50:00,1960,1960,1960,1960,0
2022-07-27 14:51:00,1960,1960,1960,1960,0
2022-07-27 14:52:00,1960,1960,1960,1960,0
2022-07-27 14:53:00,1960,1960,1960,1960,0
2022-07-27 14:54:00,1960,1960,1960,1960,0
2022-07-27 14:55:00,1960,1960,1960,1960,0
2022-07-27 14:56:00,1960,1960,1960,1960,0
2022-07-27 14:57:00,1960,1960,1960,1960,0
2022-07-27 14:58:00,1960,1960,1960,1960,0
2022-07-27 14:59:00,1960,1960,1960,1960,0
2022-07-27 15:00:00,1960,1960,1960,1960,0
2022-07-27 15:01:00,1960,1960,1960,1960,0
2022-07-27 15:02:00,1960,1960,1960,1960,0
2022-07-27 15:03:00,1960,1960,1960,1960,0
2022-07-27 15:04:00,1960,1960,1960,1960,0
2022-07-27 15:05:00,1960,1960,1960,1960,0
2022-07-27 15:06:00,1960,1960,1960,1960,0
2022-07-27 15:07:00,1960,1960,1960,1960,0
2022-07-27 15:08:00,1960,1960,1960,1960,0
2022-07-27 15:09:00,1960,1960,1960,1960,0
2022-07-27 15:10:00,1960,1960,1960,1960,0
2022-07-27 15:11:00,1960,1960,1960,1960,0
2022-07-27 15:12:00,1960,1960,1960,1960,0
2022-07-27 15:13:00,1960,1960,1960,1960,0
2022-07-27 15:14:00,1960,1960,1960,1960,0
2022-07-27 15:15:00,1960,1960,1960,1960,0
2022-07-27 15:16:00,1960,1960,1960,1960,0
2022-07-27 15:17:00,1960,1960,1960,1960,0
2022-07-27 15:18:00,1960,1960,1960,1960,0
2022-07-27 15:19:00,1960,1960,1960,1960,0
2022-07-27 15:20:00,1960,1960,1960,1960,0
2022-07-27 15:21:00,1960,1960,1960,1960,0
2022-07-27 15:22:00,1960,1960,1960,1960,0
2022-07-27 15:23:00,1960,1960,1960,1960,0
2022-07-27 15:24:00,1960,1960,1960,1960,0
2022-07-27 15:25:00,1960,1960,1960,1960,0
2022-07-27 15:26:00,1960,1960,1960,1960,0
2022-07-27 15:27:00,1960,1960,1960,1960,0
2022-07-27 15:28:00,1960,1960,1960,1960,0
2022-07-27 15:29:00,1960,1960,1960,1960,0
2022-07-27 15:30:00,1960,1960,1960,1960,0
2022-07-27 15:31:00,1960,1960,1960,1960,0
2022-07-27 15:32:00,1960,1960,1960,1960,0
2022-07-27 15:33:00,1960,1960,1960,1960,0
2022-07-27 15:34:00,1960,1960,1960,1960,0
2022-07-27 15:35:00,1960,1960,1960,1960,0
2022-07-27 15:36:00,1960,1960,1960,1960,0
2022-07-27 15:37:00,1960,1960,1960,1960,0
2022-07-27 15:38:00,1960,1960,1960,1960,0
2022-07-27 15:39:00,1960,1960,1960,1960,0
2022-07-27 15:40:00,1960,1960,1960,1960,0
2022-07-27 15:41:00,1960,1960,1960,1960,0
2022-07-27 15:42:00,1960,1960,1960,1960,0
2022-07-27 15:43:00,1960,1960,1960,1960,0
2022-07-27 15:44:00,1960,1960,1960,1960,0
2022-07-27 15:45:00,1960,1960,1960,1960,0
2022-07-27 15:46:00,1960,1960,1960,1960,0
2022-07-27 15:47:00,1960,1960,1960,1960,0
2022-07-27 15:48:00,1960,1960,1960,1960,0
2022-07-27 15:49:00,1960,1960,1960,1960,0
2022-07-27 15:50:00,1960,1960,1960,1960,0
2022-07-27 15:51:00,1960,1960,1960,1960,0
2022-07-27 15:52:00,1960,1960,1960,1960,0
2022-07-27 15:53:00,1960,1960,1960,1960,0
2022-07-27 15:54:00,1960,1960,1960,1960,0
2022-07-27 15:55:00,1960,1960,1960,1960,0
2022-07-27 15:56:00,1960,1960,1960,1960,0
2022-07-27 15:57:00,1960,1960,1960,1960,0
2022-07-27 15:58:00,1960,1960,1960,1960,0
2022-07-27 15:59:00,1960,1960,1960,1960,0
2022-07-28 09:00:00,1960,1960,1960,1960,0
2022-07-28 09:01:00,1960,1960,1960,1960,0
2022-07-28 09:02:00,1960,1960,1960,1960,0
2022-07-28 09:03:00,1960,1960,1960,1960,0
2022-07-28 09:04:00,1960,1960,1960,1960,0
2022-07-28 09:05:00,1960,1960,1960,1960,0
2022-07-28 09:06:00,1960,1960,1960,1960,0
2022-07-28 09:07:00,1960,1960,1960,1960,0
2022-07-28 09:08:00,1960,1960,1960,1960,0
2022-07-28 09:09:00,1960,1960,1960,1960,0
2022-07-28 09:10:00,1960,1960,1960,1960,0
2022-07-28 09:11:00,1960,1960,1960,1960,0
2022-07-28 09:12:00,1960,1960,1960,1960,0
2022-07-28 09:13:00,1960,1960,1960,1960,0
2022-07-28 09:14:00,1960,1960,1960,1960,0
2022-07-28 09:15:00,1960,1960,1960,1960,0
2022-07-28 09:16:00,1960,1960,1960,1960,0
2022-07-28 09:17:00,1960,1960,1960,1960,0
2022-07-28 09:18:00,1960,1960,1960,1960,0
2022-07-28 09:19:00,1960,1960,1960,1960,0
2022-07-28 09:20:00,1960,1960,1960,1960,0
2022-07-28 09:21:00,1960,1960,1960,1960,0
2022-07-28 09:22:00,1960,1960,1960,1960,0
2022-07-28 09:23:00,1960,1960,1960,1960,0
2022-07-28 09:24:00,1960,1960,1960,1960,0
2022-07-28 09:25:00,1960,1960,1960,1960,0
2022-07-28 09:26:00,1960,1960,1960,1960,0
2022-07-28 09:27:00,1960,1960,1960,1960,0
2022-07-28 09:28:00,1960,1960,1960,1960,0
2022-07-28 09:29:00,1960,1960,1960,1960,0
2022-07-28 09:30:00,1960,1960,1960,1960,0
2022-07-28 09:31:00,1960,1960,1960,1960,0
2022-07-28 09:32:00,1960,1960,1960,1960,0
2022-07-28 09:33:00,1960,1960,1960,1960,0
2022-07-28 09:34:00,1960,1960,1960,1960,0
2022-07-28 09:35:00,1960,1960,1960,1960,0
2022-07-28 09:36:00,1960,1960,1960,1960,0
2022-07-28 09:37:00,1960,1960,1960,1960,0
2022-07-28 09:38:00,1960,1960,1960,1960,0
2022-07-28 09:39:00,1960,1960,1960,1960,0
2022-07-28 09:40:00,1960,1960,1960,1960,0
2022-07-28 09:41:00,1960,1960,1960,1960,0
2022-07-28 09:42:00,1960,1960,1960,1960,0
2022-07-28 09:43:00,1960,1960,1960,1960,0
2022-07-28 09:44:00,1960,1960,1960,1960,0
2022-07-28 09:45:00,1960,1960,1960,1960,0
2022-07-28 09:46:00,1960,1960,1960,1960,0
2022-07-28 09:47:00,1960,1960,1960,1960,0
2022-07-28 09:48:00,1960,1960,1960,1960,0
2022-07-28 09:49:00,1960,1960,1960,1960,0
2022-07-28 09:50:00,1960,1960,1960,1960,0
2022-07-28 09:51:00,1960,1960,1960,1960,0
2022-07-28 09:52:00,1960,1960,1960,1960,0
2022-07-28 09:53:00,1960,1960,1960,1960,0
2022-07-28 09:54:00,1960,1960,1960,1960,0
2022-07-28 09:55:00,1960,1960,1960,1960,0
2022-07-28 09:56:00,1960,1960,1960,1960,0
2022-07-28 09:57:00,1960,1960,1960,1960,0
2022-07-28 09:58:00,1960,1960,1960,1960,0
2022-07-28 09:59:00,1960,1960,1960,1960,0
2022-07-28 10:00:00,1960,1960,1960,1960,0
2022-07-28 10:01:00,1960,1960,1960,1960,0
2022-07-28 10:02:00,1960,1960,1960,1960,0
2022-07-28 10:03:00,1960,1960,1960,1960,0
2022-07-28 10:04:00,1960,1960,1960,1960,0
2022-07-28 10:05:00,1960,1960,1960,1960,0
2022-07-28 10:06:00,1960,1960,1960,1960,0
2022-07-28 10:07:00,1960,1960,1960,1960,0
2022-07-28 10:08:00,1960,1960,1960,1960,0
2022-07-28 10:09:00,1960,1960,1960,1960,0
2022-07-28 10:10:00,1960,1960,1960,1960,0
2022-07-28 10:11:00,1960,1960,1960,1960,0
2022-07-28 10:12:00,1960,1960,1960,1960,0
2022-07-28 10:13:00,1960,1960,1960,1960,0
2022-07-28 10:14:00,1960,1960,1960,1960,0
2022-07-28 10:15:00,1960,1960,1960,1960,0
2022-07-28 10:16:00,1960,1960,1960,1960,0
2022-07-28 10:17:00,1960,1960,1960,1960,0
2022-07-28 10:18:00,1960,1960,1960,1960,0
2022-07-28 10:19:00,1960,1960,1960,1960,0
2022-07-28 10:20:00,1960,1960,1960,1960,0
2022-07-28 10:21:00,1960,1960,1960,1960,0
2022-07-28 10:22:00,1960,1960,1960,1960,0
2022-07-28 10:23:00,1960,1960,1960,1960,0
2022-07-28 10:24:00,1960,1960,1960,1960,0
2022-07-28 10:25:00,1960,1960,1960,1960,0
2022-07-28 10:26:00,1960,1960,1960,1960,0
2022-07-28 10:27:00,1960,1960,1960,1960,0
2022-07-28 10:28:00,1960,1960,1960,1960,0
2022-07-28 10:29:00,1960,1960,1960,1960,0
2022-07-28 10:30:00,1960,1960,1960,1960,0
2022-07-28 10:31:00,1960,1960,1960,1960,0
2022-07-28 10:32:00,1960,1960,1960,1960,0
2022-07-28 10:33:00,1960,1960,1960,1960,0
2022-07-28 10:34:00,1960,1960,1960,1960,0
2022-07-28 10:35:00,1960,1960,1960,1960,0
2022-07-28 10:36:00,1960,1960,1960,1960,0
2022-07-28 10:37:00,1960,1960,1960,1960,0
2022-07-28 10:38:00,1960,1960,1960,1960,0
2022-07-28 10:39:00,1960,1960,1960,1960,0
2022-07-28 10:40:00,1960,1960,1960,1960,0
2022-07-28 10:41:00,1960,1960,1960,1960,0
2022-07-28 10:42:00,1960,1960,1960,1960,0
2022-07-28 10:43:00,1960,1960,1960,1960,0
2022-07-28 10:44:00,1960,1960,1960,1960,0
2022-07-28 10:45:00,1960,1960,1960,1960,0
2022-07-28 10:46:00,1960,1960,1960,1960,0
2022-07-28 10:47:00,1960,1960,1960,1960,0
2022-07-28 10:48:00,1960,1960,1960,1960,0
2022-07-28 10:49:00,1960,1960,1960,1960,0
2022-07-28 10:50:00,1960,1960,1960,1960,0
2022-07-28 10:51:00,1960,1960,1960,1960,0
2022-07-28 10:52:00,1960,1960,1960,1960,0
2022-07-28 10:53:00,1960,1960,1960,1960,0
2022-07-28 10:54:00,1960,1960,1960,1960,0
2022-07-28 10:55:00,1960,1960,1960,1960,0
2022-07-28 10:56:00,1960,1960,1960,1960,0
2022-07-28 10:57:00,1960,1960,1960,1960,0
2022-07-28 10:58:00,1960,1960,1960,1960,0
2022-07-28 10:59:00,1960,1960,1960,1960,0
2022-07-28 11:00:00,1960,1960,1960,1960,0
2022-07-28 11:01:00,1960,1960,1960,1960,0
2022-07-28 11:02:00,1960,1960,1960,1960,0
2022-07-28 11:03:00,1960,1960,1960,1960,0
2022-07-28 11:04:00,1960,1960,1960,1960,0
2022-07-28 11:05:00,1960,1960,1960,1960,0
2022-07-28 11:06:00,1960,1960,1960,1960,0
2022-07-28 11:07:00,1960,1960,1960,1960,0
2022-07-28 11:08:00,1960,1960,1960,1960,0
2022-07-28 11:09:00,1960,1960,1960,1960,0
2022-07-28 11:10:00,1960,1960,1960,1960,0
2022-07-28 11:11:00,1960,1960,1960,1960,0
2022-07-28 11:12:00,1960,1960,1960,1960,0
2022-07-28 11:13:00,1960,1960,1960,1960,0
2022-07-28 11:14:00,1960,1960,1960,1960,0
2022-07-28 11:15:00,1960,1960,1960,1960,0
2022-07-28 11:16:00,1960,1960,1960,1960,0
2022-07-28 11:17:00,1960,1960,1960,1960,0
2022-07-28 11:18:00,1960,1960,1960,1960,0
2022-07-28 11:19:00,1960,1960,1960,1960,0
2022-07-28 11:20:00,1960,1960,1960,1960,0
2022-07-28 11:21:00,1960,1960,1960,1960,0
2022-07-28 11:22:00,1960,1960,1960,1960,0
2022-07-28 11:23:00,1960,1960,1960,1960,0
2022-07-28 11:24:00,1960,1960,1960,1960,0
2022-07-28 11:25:00,1960,1960,1960,1960,0
2022-07-28 11:26:00,1960,1960,1960,1960,0
2022-07-28 11:27:00,1960,1960,1960,1960,0
2022-07-28 11:28:00,1960,1960,1960,1960,0
2022-07-28 11:29:00,1960,1960,1960,1960,0
2022-07-28 11:30:00,1960,1960,1960,1960,0
2022-07-28 11:31:00,1960,1960,1960,1960,0
2022-07-28 11:32:00,1960,1960,1960,1960,0
2022-07-28 11:33:00,1960,1960,1960,1960,0
2022-07-28 11:34:00,1960,1960,1960,1960,0
2022-07-28 11:35:00,1960,1960,1960,1960,0
2022-07-28 11:36:00,1960,1960,1960,1960,0
2022-07-28 11:37:00,1960,1960,1960,1960,0
2022-07-28 11:38:00,1960,1960,1960,1960,0
2022-07-28 11:39:00,1960,1960,1960,1960,0
2022-07-28 11:40:00,1960,1960,1960,1960,0
2022-07-28 11:41:00,1960,1960,1960,1960,0
2022-07-28 11:42:00,1960,1960,1960,1960,0
2022-07-28 11:43:00,1960,1960,1960,1960,0
2022-07-28 11:44:00,1960,1960,1960,1960,0
2022-07-28 11:45:00,1960,1960,1960,1960,0
2022-07-28 11:46:00,1960,1960,1960,1960,0
2022-07-28 11:47:00,1960,1960,1960,1960,0
2022-07-28 11:48:00,1960,1960,1960,1960,0
2022-07-28 11:49:00,1960,1960,1960,1960,0
2022-07-28 11:50:00,1960,1960,1960,1960,0
2022-07-28 11:51:00,1960,1960,1960,1960,0
2022-07-28 11:52:00,1960,1960,1960,1960,0
2022-07-28 11:53:00,1960,1960,1960,1960,0
2022-07-28 11:54:00,1960,1960,1960,1960,0
2022-07-28 11:55:00,1960,1960,1960,1960,0
2022-07-28 11:56:00,1960,1960,1960,1960,0
2022-07-28 11:57:00,1960,1960,1960,1960,0
2022-07-28 11:58:00,1960,1960,1960,1960,0
2022-07-28 11:59:00,1960,1960,1960,1960,0
2022-07-28 12:00:00,1960,1960,1960,1960,0
2022-07-28 12:01:00,1960,1960,1960,1960,0
2022-07-28 12:02:00,1960,1960,1960,1960,0
2022-07-28 12:03:00,1960,1960,1960,1960,0
2022-07-28 12:04:00,1960,1960,1960,1960,0
2022-07-28 12:05:00,1960,1960,1960,1960,0
2022-07-28 12:06:00,1960,1960,1960,1960,0
2022-07-28 12:07:00,1960,1960,1960,1960,0
2022-07-28 12:08:00,1960,1960,1960,1960,0
2022-07-28 12:09:00,1960,1960,1960,1960,0
2022-07-28 12:10:00,1960,1960,1960,1960,0
2022-07-28 12:11:00,1960,1960,1960,1960,0
2022-07-28 12:12:00,1960,1960,1960,1960,0
2022-07-28 12:13:00,1960,1960,1960,1960,0
2022-07-28 12:14:00,1960,1960,1960,1960,0
2022-07-28 12:15:00,1960,1960,1960,1960,0
2022-07-28 12:16:00,1960,1960,1960,1960,0
2022-07-28 12:17:00,1960,1960,1960,1960,0
2022-07-28 12:18:00,1960,1960,1960,1960,0
2022-07-28 12:19:00,1960,1960,1960,1960,0
2022-07-28 12:20:00,1960,1960,1960,1960,0
2022-07-28 12:21:00,1960,1960,1960,1960,0
2022-07-28 12:22:00,1960,1960,1960,1960,0
2022-07-28 12:23:00,1960,1960,1960,1960,0
2022-07-28 12:24:00,1960,1960,1960,1960,0
2022-07-28 12:25:00,1960,1960,1960,1960,0
2022-07-28 12:26:00,1960,1960,1960,1960,0
2022-07-28 12:27:00,1960,1960,1960,1960,0
2022-07-28 12:28:00,1960,1960,1960,1960,0
2022-07-28 12:29:00,1960,1960,1960,1960,0
2022-07-28 12:30:00,1960,1960,1960,1960,0
2022-07-28 12:31:00,1960,1960,1960,1960,0
2022-07-28 12:32:00,1960,1960,1960,1960,0
2022-07-28 12:33:00,1960,1960,1960,1960,0
2022-07-28 12:34:00,1960,1960,1960,1960,0
2022-07-28 12:35:00,1960,1960,1960,1960,0
2022-07-28 12:36:00,1960,1960,1960,1960,0
2022-07-28 12:37:00,1960,1960,1960,1960,0
2022-07-28 12:38:00,1960,1960,1960,1960,0
2022-07-28 12:39:00,1960,1960,1960,1960,0
2022-07-28 12:40:00,1960,1960,1960,1960,0
2022-07-28 12:41:00,1960,1960,1960,1960,0
2022-07-28 12:42:00,1960,1960,1960,1960,0
2022-07-28 12:43:00,1960,1960,1960,1960,0
2022-07-28 12:44:00,1960,1960,1960,1960,0
2022-07-28 12:45:00,1960,1960,1960,1960,0
2022-07-28 12:46:00,1960,1960,1960,1960,0
2022-07-28 12:47:00,1960,1960,1960,1960,0
2022-07-28 12:48:00,1960,1960,1960,1960,0
2022-07-28 12:49:00,1960,1960,1960,1960,0
2022-07-28 12:50:00,1960,1960,1960,1960,0
2022-07-28 12:51:00,1960,1960,1960,1960,0
2022-07-28 12:52:00,1960,1960,1960,1960,0
2022-07-28 12:53:00,1960,1960,1960,1960,0
2022-07-28 12:54:00,1960,1960,1960,1960,0
2022-07-28 12:55:00,1960,1960,1960,1960,0
2022-07-28 12:56:00,1960,1960,1960,1960,0
2022-07-28 12:57:00,1960,1960,1960,1960,0
2022-07-28 12:58:00,1960,1960,1960,1960,0
2022-07-28 12:59:00,1960,1960,1960,1960,0
2022-07-28 13:00:00,1960,1960,1960,1960,0
2022-07-28 13:01:00,1960,1960,1960,1960,0
2022-07-28 13:02:00,1960,1960,1960,1960,0
2022-07-28 13:03:00,1960,1960,1960,1960,0
2022-07-28 13:04:00,1960,1960,1960,1960,0
2022-07-28 13:05:00,1960,1960,1960,1960,0
2022-07-28 13:06:00,1960,1960,1960,1960,0
2022-07-28 13:07:00,1960,1960,1960,1960,0
2022-07-28 13:08:00,1960,1960,1960,1960,0
2022-07-28 13:09:00,1960,1960,1960,1960,0
2022-07-28 13:10:00,1960,1960,1960,1960,0
2022-07-28 13:11:00,1960,1960,1960,1960,0
2022-07-28 13:12:00,1960,1960,1960,1960,0
2022-07-28 13:13:00,1960,1960,1960,1960,0
2022-07-28 13:14:00,1960,1960,1960,1960,0
2022-07-28 13:15:00,1960,1960,1960,1960,0
2022-07-28 13:16:00,1960,1960,1960,1960,0
2022-07-28 13:17:00,1960,1960,1960,1960,0
2022-07-28 13:18:00,1960,1960,1960,1960,0
2022-07-28 13:19:00,1960,1960,1960,1960,0
2022-07-28 13:20:00,1960,1960,1960,1960,0
2022-07-28 13:21:00,1960,1960,1960,1960,0
2022-07-28 13:22:00,1960,1960,1960,1960,0
2022-07-28 13:23:00,1960,1960,1960,1960,0
2022-07-28 13:24:00,1960,1960,1960,1960,0
2022-07-28 13:25:00,1960,1960,1960,1960,0
2022-07-28 13:26:00,1960,1960,1960,1960,0
2022-07-28 13:27:00,1960,1960,1960,1960,0
2022-07-28 13:28:00,1960,1960,1960,1960,0
2022-07-28 13:29:00,1960,1960,1960,1960,0
2022-07-28 13:30:00,1960,1960,1960,1960,0
2022-07-28 13:31:00,1960,1960,1960,1960,0
2022-07-28 13:32:00,1960,1960,1960,1960,0
2022-07-28 13:33:00,1960,1960,1960,1960,0
2022-07-28 13:34:00,1960,1960,1960,1960,0
2022-07-28 13:35:00,1960,1960,1960,1960,0
2022-07-28 13:36:00,1960,1960,1960,1960,0
2022-07-28 13:37:00,1960,1960,1960,1960,0
2022-07-28 13:38:00,1960,1960,1960,1960,0
2022-07-28 13:39:00,1960,1960,1960,1960,0
2022-07-28 13:40:00,1960,1960,1960,1960,0
2022-07-28 13:41:00,1960,1960,1960,1960,0
2022-07-28 13:42:00,1960,1960,1960,1960,0
2022-07-28 13:43:00,1960,1960,1960,1960,0
2022-07-28 13:44:00,1960,1960,1960,1960,0
2022-07-28 13:45:00,1960,1960,1960,1960,0
2022-07-28 13:46:00,1960,1960,1960,1960,0
2022-07-28 13:47:00,1960,1960,1960,1960,0
2022-07-28 13:48:00,1960,1960,1960,1960,0
2022-07-28 13:49:00,1960,1960,1960,1960,0
2022-07-28 13:50:00,1960,1960,1960,1960,0
2022-07-28 13:51:00,1960,1960,1960,1960,0
2022-07-28 13:52:00,1960,1960,1960,1960,0
2022-07-28 13:53:00,1960,1960,1960,1960,0
2022-07-28 13:54:00,1960,1960,1960,1960,0
2022-07-28 13:55:00,1960,1960,1960,1960,0
2022-07-28 13:56:00,1960,1960,1960,1960,0
2022-07-28 13:57:00,1960,1960,1960,1960,0
2022-07-28 13:58:00,1960,1960,1960,1960,0
2022-07-28 13:59:00,1960,1960,1960,1960,0
2022-07-28 14:00:00,1960,1960,1960,1960,0
2022-07-28 14:01:00,1960,1960,1960,1960,0
2022-07-28 14:02:00,1960,1960,1960,1960,0
2022-07-28 14:03:00,1960,1960,1960,1960,0
2022-07-28 14:04:00,1960,1960,1960,1960,0
2022-07-28 14:05:00,1960,1960,1960,1960,0
2022-07-28 14:06:00,1960,1960,1960,1960,0
2022-07-28 14:07:00,1960,1960,1960,1960,0
2022-07-28 14:08:00,1960,1960,1960,1960,0
2022-07-28 14:09:00,1960,1960,1960,1960,0
2022-07-28 14:10:00,1960,1960,1960,1960,0
2022-07-28 14:11:00,1960,1960,1960,1960,0
2022-07-28 14:12:00,1960,1960,1960,1960,0
2022-07-28 14:13:00,1960,1960,1960,1960,0
2022-07-28 14:14:00,1960,1960,1960,1960,0
2022-07-28 14:15:00,1960,1960,1960,1960,0
2022-07-28 14:16:00,1960,1960,1960,1960,0
2022-07-28 14:17:00,1960,1960,1960,1960,0
2022-07-28 14:18:00,1960,1960,1960,1960,0
2022-07-28 14:19:00,1960,1960,1960,1960,0
2022-07-28 14:20:00,1960,1960,1960,1960,0
2022-07-28 14:21:00,1960,1960,1960,1960,0
2022-07-28 14:22:00,1960,1960,1960,1960,0
2022-07-28 14:23:00,1960,1960,1960,1960,0
2022-07-28 14:24:00,1960,1960,1960,1960,0
2022-07-28 14:25:00,1960,1960,1960,1960,0
2022-07-28 14:26:00,1960,1960,1960,1960,0
2022-07-28 14:27:00,1960,1960,1960,1960,0
2022-07-28 14:28:00,1960,1960,1960,1960,0
2022-07-28 14:29:00,1960,1960,1960,1960,0
2022-07-28 14:30:00,1960,1960,1960,1960,0
2022-07-28 14:31:00,1960,1960,1960,1960,0
2022-07-28 14:32:00,1960,1960,1960,1960,0
2022-07-28 14:33:00,1960,1960,1960,1960,0
2022-07-28 14:34:00,1960,1960,1960,1960,0
2022-07-28 14:35:00,1960,1960,1960,1960,0
2022-07-28 14:36:00,1960,1960,1960,1960,0
2022-07-28 14:37:00,1960,1960,1960,1960,0
2022-07-28 14:38:00,1960,1960,1960,1960,0
2022-07-28 14:39:00,1960,1960,1960,1960,0
2022-07-28 14:40:00,1960,1960,1960,1960,0
2022-07-28 14:41:00,1960,1960,1960,1960,0
2022-07-28 14:42:00,1960,1960,1960,1960,0
2022-07-28 14:43:00,1960,1960,1960,1960,0
2022-07-28 14:44:00,1960,1960,1960,1960,0
2022-07-28 14:45:00,1960,1960,1960,1960,0
2022-07-28 14:46:00,1960,1960,1960,1960,0
2022-07-28 14:47:00,1960,1960,1960,1960,0
2022-07-28 14:48:00,1960,1960,1960,1960,0
2022-07-28 14:49:00,1960,1960,1960,1960,0
2022-07-28 14:50:00,1960,1960,1960,1960,0
2022-07-28 14:51:00,1960,1960,1960,1960,0
2022-07-28 14:52:00,1960,1960,1960,1960,0
2022-07-28 14:53:00,1960,1960,1960,1960,0
2022-07-28 14:54:00,1960,1960,1960,1960,0
2022-07-28 14:55:00,1960,1960,1960,1960,0
2022-07-28 14:56:00,1960,1960,1960,1960,0
2022-07-28 14:57:00,1960,1960,1960,1960,0
2022-07-28 14:58:00,1960,1960,1960,1960,0
2022-07-28 14:59:00,1960,1960,1960,1960,0
2022-07-28 15:00:00,1960,1960,1960,1960,0
2022-07-28 15:01:00,1960,1960,1960,1960,0
2022-07-28 15:02:00,1960,1960,1960,1960,0
2022-07-28 15:03:00,1960,1960,1960,1960,0
2022-07-28 15:04:00,1960,1960,1960,1960,0
2022-07-28 15:05:00,1960,1960,1960,1960,0
2022-07-28 15:06:00,1960,1960,1960,1960,0
2022-07-28 15:07:00,1960,1960,1960,1960,0
2022-07-28 15:08:00,1960,1960,1960,1960,0
2022-07-28 15:09:00,1960,1960,1960,1960,0
2022-07-28 15:10:00,1960,1960,1960,1960,0
2022-07-28 15:11:00,1960,1960,1960,1960,0
2022-07-28 15:12:00,1960,1960,1960,1960,0
2022-07-28 15:13:00,1960,1960,1960,1960,0
2022-07-28 15:14:00,1960,1960,1960,1960,0
2022-07-28 15:15:00,1960,1960,1960,1960,0
2022-07-28 15:16:00,1960,1960,1960,1960,0
2022-07-28 15:17:00,1960,1960,1960,1960,0
2022-07-28 15:18:00,1960,1960,1960,1960,0
2022-07-28 15:19:00,1960,1960,1960,1960,0
2022-07-28 15:20:00,1960,1960,1960,1960,0
2022-07-28 15:21:00,1960,1960,1960,1960,0
2022-07-28 15:22:00,1960,1960,1960,1960,0
2022-07-28 15:23:00,1960,1960,1960,1960,0
2022-07-28 15:24:00,1960,1960,1960,1960,0
2022-07-28 15:25:00,1960,1960,1960,1960,0
2022-07-28 15:26:00,1960,1960,1960,1960,0
2022-07-28 15:27:00,1960,1960,1960,1960,0
2022-07-28 15:28:00,1960,1960,1960,1960,0
2022-07-28 15:29:00,1960,1960,1960,1960,0
2022-07-28 15:30:00,1960,1960,1960,1960,0
2022-07-28 15:31:00,1960,1960,1960,1960,0
2022-07-28 15:32:00,1960,1960,1960,1960,0
2022-07-28 15:33:00,1960,1960,1960,1960,0
2022-07-28 15:34:00,1960,1960,1960,1960,0
2022-07-28 15:35:00,1960,1960,1960,1960,0
2022-07-28 15:36:00,1960,1960,1960,1960,0
2022-07-28 15:37:00,1960,1960,1960,1960,0
2022-07-28 15:38:00,1960,1960,1960,1960,0
2022-07-28 15:39:00,1960,1960,1960,1960,0
2022-07-28 15:40:00,1960,1960,1960,1960,0
2022-07-28 15:41:00,1960,1960,1960,1960,0
2022-07-28 15:42:00,1960,1960,1960,1960,0
2022-07-28 15:43:00,1960,1960,1960,1960,0
2022-07-28 15:44:00,1960,1960,1960,1960,0
2022-07-28 15:45:00,1960,1960,1960,1960,0
2022-07-28 15:46:00,1960,1960,1960,1960,0
2022-07-28 15:47:00,1960,1960,1960,1960,0
2022-07-28 15:48:00,1960,1960,1960,1960,0
2022-07-28 15:49:00,1960,1960,1960,1960,0
2022-07-28 15:50:00,1960,1960,1960,1960,0
2022-07-28 15:51:00,1960,1960,1960,1960,0
2022-07-28 15:52:00,1960,1960,1960,1960,0
2022-07-28 15:53:00,1960,1960,1960,1960,0
2022-07-28 15:54:00,1960,1960,1960,1960,0
2022-07-28 15:55:00,1960,1960,1960,1960,0
2022-07-28 15:56:00,1960,1960,1960,1960,0
2022-07-28 15:57:00,1960,1960,1960,1960,0
2022-07-28 15:58:00,1960,1960,1960,1960,0
2022-07-28 15:59:00,1960,1960,1960,1960,0
2022-07-29 09:00:00,1960,1960,1960,1960,0
2022-07-29 09:01:00,1960,1960,1960,1960,0
2022-07-29 09:02:00,1960,1960,1960,1960,0
2022-07-29 09:03:00,1960,1960,1960,1960,0
2022-07-29 09:04:00,1960,1960,1960,1960,0
2022-07-29 09:05:00,1960,1960,1960,1960,0
2022-07-29 09:06:00,1960,1960,1960,1960,0
2022-07-29 09:07:00,1960,1960,1960,1960,0
2022-07-29 09:08:00,1960,1960,1960,1960,0
2022-07-29 09:09:00,1960,1960,1960,1960,0
2022-07-29 09:10:00,1960,1960,1960,1960,0
2022-07-29 09:11:00,1960,1960,1960,1960,0
2022-07-29 09:12:00,1960,1960,1960,1960,0
2022-07-29 09:13:00,1960,1960,1960,1960,0
2022-07-29 09:14:00,1960,1960,1960,1960,0
2022-07-29 09:15:00,1960,1960,1960,1960,0
2022-07-29 09:16:00,1960,1960,1960,1960,0
2022-07-29 09:17:00,1960,1960,1960,1960,0
2022-07-29 09:18:00,1960,1960,1960,1960,0
2022-07-29 09:19:00,1960,1960,1960,1960,0
2022-07-29 09:20:00,1960,1960,1960,1960,0
2022-07-29 09:21:00,1960,1960,1960,1960,0
2022-07-29 09:22:00,1960,1960,1960,1960,0
2022-07-29 09:23:00,1960,1960,1960,1960,0
2022-07-29 09:24:00,1960,1960,1960,1960,0
2022-07-29 09:25:00,1960,1960,1960,1960,0
2022-07-29 09:26:00,1960,1960,1960,1960,0
2022-07-29 09:27:00,1960,1960,1960,1960,0
2022-07-29 09:28:00,1960,1960,1960,1960,0
2022-07-29 09:29:00,1960,1960,1960,1960,0
2022-07-29 09:30:00,1960,1960,1960,1960,0
2022-07-29 09:31:00,1960,1960,1960,1960,0
2022-07-29 09:32:00,1960,1960,1960,1960,0
2022-07-29 09:33:00,1960,1960,1960,1960,0
2022-07-29 09:34:00,1960,1960,1960,1960,0
2022-07-29 09:35:00,1960,1960,1960,1960,0
2022-07-29 09:36:00,1960,1960,1960,1960,0
2022-07-29 09:37:00,1960,1960,1960,1960,0
2022-07-29 09:38:00,1960,1960,1960,1960,0
2022-07-29 09:39:00,1960,1960,1960,1960,0
2022-07-29 09:40:00,1960,1960,1960,1960,0
2022-07-29 09:41:00,1960,1960,1960,1960,0
2022-07-29 09:42:00,1960,1960,1960,1960,0
2022-07-29 09:43:00,1960,1960,1960,1960,0
2022-07-29 09:44:00,1960,1960,1960,1960,0
2022-07-29 09:45:00,1960,1960,1960,1960,0
2022-07-29 09:46:00,1960,1960,1960,1960,0
2022-07-29 09:47:00,1960,1960,1960,1960,0
2022-07-29 09:48:00,1960,1960,1960,1960,0
2022-07-29 09:49:00,1960,1960,1960,1960,0
2022-07-29 09:50:00,1960,1960,1960,1960,0
2022-07-29 09:51:00,1960,1960,1960,1960,0
2022-07-29 09:52:00,1960,1960,1960,1960,0
2022-07-29 09:53:00,1960,1960,1960,1960,0
2022-07-29 09:54:00,1960,1960,1960,1960,0
2022-07-29 09:55:00,1960,1960,1960,1960,0
2022-07-29 09:56:00,1960,1960,1960,1960,0
2022-07-29 09:57:00,1960,1960,1960,1960,0
2022-07-29 09:58:00,1960,1960,1960,1960,0
2022-07-29 09:59:00,1960,1960,1960,1960,0
2022-07-29 10:00:00,1960,1960,1960,1960,0
2022-07-29 10:01:00,1960,1960,1960,1960,0
2022-07-29 10:02:00,1960,1960,1960,1960,0
2022-07-29 10:03:00,1960,1960,1960,1960,0
2022-07-29 10:04:00,1960,1960,1960,1960,0
2022-07-29 10:05:00,1960,1960,1960,1960,0
2022-07-29 10:06:00,1960,1960,1960,1960,0
2022-07-29 10:07:00,1960,1960,1960,1960,0
2022-07-29 10:08:00,1960,1960,1960,1960,0
2022-07-29 10:09:00,1960,1960,1960,1960,0
2022-07-29 10:10:00,1960,1960,1960,1960,0
2022-07-29 10:11:00,1960,1960,1960,1960,0
2022-07-29 10:12:00,1960,1960,1960,1960,0
2022-07-29 10:13:00,1960,1960,1960,1960,0
2022-07-29 10:14:00,1960,1960,1960,1960,0
2022-07-29 10:15:00,1960,1960,1960,1960,0
2022-07-29 10:16:00,1960,1960,1960,1960,0
2022-07-29 10:17:00,1960,1960,1960,1960,0
2022-07-29 10:18:00,1960,1960,1960,1960,0
2022-07-29 10:19:00,1960,1960,1960,1960,0
2022-07-29 10:20:00,1960,1960,1960,1960,0
2022-07-29 10:21:00,1960,1960,1960,1960,0
2022-07-29 10:22:00,1960,1960,1960,1960,0
2022-07-29 10:23:00,1960,1960,1960,1960,0
2022-07-29 10:24:00,1960,1960,1960,1960,0
2022-07-29 10:25:00,1960,1960,1960,1960,0
2022-07-29 10:26:00,1960,1960,1960,1960,0
2022-07-29 10:27:00,1960,1960,1960,1960,0
2022-07-29 10:28:00,1960,1960,1960,1960,0
2022-07-29 10:29:00,1960,1960,1960,1960,0
2022-07-29 10:30:00,1960,1960,1960,1960,0
2022-07-29 10:31:00,1960,1960,1960,1960,0
2022-07-29 10:32:00,1960,1960,1960,1960,0
2022-07-29 10:33:00,1960,1960,1960,1960,0
2022-07-29 10:34:00,1960,1960,1960,1960,0
2022-07-29 10:35:00,1960,1960,1960,1960,0
2022-07-29 10:36:00,1960,1960,1960,1960,0
2022-07-29 10:37:00,1960,1960,1960,1960,0
2022-07-29 10:38:00,1960,1960,1960,1960,0
2022-07-29 10:39:00,1960,1960,1960,1960,0
2022-07-29 10:40:00,1960,1960,1960,1960,0
2022-07-29 10:41:00,1960,1960,1960,1960,0
2022-07-29 10:42:00,1960,1960,1960,1960,0
2022-07-29 10:43:00,1960,1960,1960,1960,0
2022-07-29 10:44:00,1960,1960,1960,1960,0
2022-07-29 10:45:00,1960,1960,1960,1960,0
2022-07-29 10:46:00,1960,1960,1960,1960,0
2022-07-29 10:47:00,1960,1960,1960,1960,0
2022-07-29 10:48:00,1960,1960,1960,1960,0
2022-07-29 10:49:00,1960,1960,1960,1960,0
2022-07-29 10:50:00,1960,1960,1960,1960,0
2022-07-29 10:51:00,1960,1960,1960,1960,0
2022-07-29 10:52:00,1960,1960,1960,1960,0
2022-07-29 10:53:00,1960,1960,1960,1960,0
2022-07-29 10:54:00,1960,1960,1960,1960,0
2022-07-29 10:55:00,1960,1960,1960,1960,0
2022-07-29 10:56:00,1960,1960,1960,1960,0
2022-07-29 10:57:00,1960,1960,1960,1960,0
2022-07-29 10:58:00,1960,1960,1960,1960,0
2022-07-29 10:59:00,1960,1960,1960,1960,0
2022-07-29 11:00:00,1960,1960,1960,1960,0
2022-07-29 11:01:00,1960,1960,1960,1960,0
2022-07-29 11:02:00,1960,1960,1960,1960,0
2022-07-29 11:03:00,1960,1960,1960,1960,0
2022-07-29 11:04:00,1960,1960,1960,1960,0
2022-07-29 11:05:00,1960,1960,1960,1960,0
2022-07-29 11:06:00,1960,1960,1960,1960,0
2022-07-29 11:07:00,1960,1960,1960,1960,0
2022-07-29 11:08:00,1960,1960,1960,1960,0
2022-07-29 11:09:00,1960,1960,1960,1960,0
2022-07-29 11:10:00,1960,1960,1960,1960,0
2022-07-29 11:11:00,1960,1960,1960,1960,0
2022-07-29 11:12:00,1960,1960,1960,1960,0
2022-07-29 11:13:00,1960,1960,1960,1960,0
2022-07-29 11:14:00,1960,1960,1960,1960,0
2022-07-29 11:15:00,1960,1960,1960,1960,0
2022-07-29 11:16:00,1960,1960,1960,1960,0
2022-07-29 11:17:00,1960,1960,1960,1960,0
2022-07-29 11:18:00,1960,1960,1960,1960,0
2022-07-29 11:19:00,1960,1960,1960,1960,0
2022-07-29 11:20:00,1960,1960,1960,1960,0
2022-07-29 11:21:00,1960,1960,1960,1960,0
2022-07-29 11:22:00,1960,1960,1960,1960,0
2022-07-29 11:23:00,1960,1960,1960,1960,0
2022-07-29 11:24:00,1960,1960,1960,1960,0
2022-07-29 11:25:00,1960,1960,1960,1960,0
2022-07-29 11:26:00,1960,1960,1960,1960,0
2022-07-29 11:27:00,1960,1960,1960,1960,0
2022-07-29 11:28:00,1960,1960,1960,1960,0
2022-07-29 11:29:00,1960,1960,1960,1960,0
2022-07-29 11:30:00,1960,1960,1960,1960,0
2022-07-29 11:31:00,1960,1960,1960,1960,0
2022-07-29 11:32:00,1960,1960,1960,1960,0
2022-07-29 11:33:00,1960,1960,1960,1960,0
2022-07-29 11:34:00,1960,1960,1960,1960,0
2022-07-29 11:35:00,1960,1960,1960,1960,0
2022-07-29 11:36:00,1960,1960,1960,1960,0
2022-07-29 11:37:00,1960,1960,1960,1960,0
2022-07-29 11:38:00,1960,1960,1960,1960,0
2022-07-29 11:39:00,1960,1960,1960,1960,0
2022-07-29 11:40:00,1960,1960,1960,1960,0
2022-07-29 11:41:00,1960,1960,1960,1960,0
2022-07-29 11:42:00,1960,1960,1960,1960,0
2022-07-29 11:43:00,1960,1960,1960,1960,0
2022-07-29 11:44:00,1960,1960,1960,1960,0
2022-07-29 11:45:00,1960,1960,1960,1960,0
2022-07-29 11:46:00,1960,1960,1960,1960,0
2022-07-29 11:47:00,1960,1960,1960,1960,0
2022-07-29 11:48:00,1960,1960,1960,1960,0
2022-07-29 11:49:00,1960,1960,1960,1960,0
2022-07-29 11:50:00,1960,1960,1960,1960,0
2022-07-29 11:51:00,1960,1960,1960,1960,0
2022-07-29 11:52:00,1960,1960,1960,1960,0
2022-07-29 11:53:00,1960,1960,1960,1960,0
2022-07-29 11:54:00,1960,1960,1960,1960,0
2022-07-29 11:55:00,1960,1960,1960,1960,0
2022-07-29 11:56:00,1960,1960,1960,1960,0
2022-07-29 11:57:00,1960,1960,1960,1960,0
2022-07-29 11:58:00,1960,1960,1960,1960,0
2022-07-29 11:59:00,1960,1960,1960,1960,0
2022-07-29 12:00:00,1960,1960,1960,1960,0
2022-07-29 12:01:00,1960,1960,1960,1960,0
2022-07-29 12:02:00,1960,1960,1960,1960,0
2022-07-29 12:03:00,1960,1960,1960,1960,0
2022-07-29 12:04:00,1960,1960,1960,1960,0
2022-07-29 12:05:00,1960,1960,1960,1960,0
2022-07-29 12:06:00,1960,1960,1960,1960,0
2022-07-29 12:07:00,1960,1960,1960,1960,0
2022-07-29 12:08:00,1960,1960,1960,1960,0
2022-07-29 12:09:00,1960,1960,1960,1960,0
2022-07-29 12:10:00,1960,1960,1960,1960,0
2022-07-29 12:11:00,1960,1960,1960,1960,0
2022-07-29 12:12:00,1960,1960,1960,1960,0
2022-07-29 12:13:00,1960,1960,1960,1960,0
2022-07-29 12:14:00,1960,1960,1960,1960,0
2022-07-29 12:15:00,1960,1960,1960,1960,0
2022-07-29 12:16:00,1960,1960,1960,1960,0
2022-07-29 12:17:00,1960,1960,1960,1960,0
2022-07-29 12:18:00,1960,1960,1960,1960,0
2022-07-29 12:19:00,1960,1960,1960,1960,0
2022-07-29 12:20:00,1960,1960,1960,1960,0
2022-07-29 12:21:00,1960,1960,1960,1960,0
2022-07-29 12:22:00,1960,1960,1960,1960,0
2022-07-29 12:23:00,1960,1960,1960,1960,0
2022-07-29 12:24:00,1960,1960,1960,1960,0
2022-07-29 12:25:00,1960,1960,1960,1960,0
2022-07-29 12:26:00,1960,1960,1960,1960,0
2022-07-29 12:27:00,1960,1960,1960,1960,0
2022-07-29 12:28:00,1960,1960,1960,1960,0
2022-07-29 12:29:00,1960,1960,1960,1960,0
2022-07-29 12:30:00,1960,1960,1960,1960,0
2022-07-29 12:31:00,1960,1960,1960,1960,0
2022-07-29 12:32:00,1960,1960,1960,1960,0
2022-07-29 12:33:00,1960,1960,1960,1960,0
2022-07-29 12:34:00,1960,1960,1960,1960,0
2022-07-29 12:35:00,1960,1960,1960,1960,0
2022-07-29 12:36:00,1960,1960,1960,1960,0
2022-07-29 12:37:00,1960,1960,1960,1960,0
2022-07-29 12:38:00,1960,1960,1960,1960,0
2022-07-29 12:39:00,1960,1960,1960,1960,0
2022-07-29 12:40:00,1960,1960,1960,1960,0
2022-07-29 12:41:00,1960,1960,1960,1960,0
2022-07-29 12:42:00,1960,1960,1960,1960,0
2022-07-29 12:43:00,1960,1960,1960,1960,0
2022-07-29 12:44:00,1960,1960,1960,1960,0
2022-07-29 12:45:00,1960,1960,1960,1960,0
2022-07-29 12:46:00,1960,1960,1960,1960,0
2022-07-29 12:47:00,1960,1960,1960,1960,0
2022-07-29 12:48:00,1960,1960,1960,1960,0
2022-07-29 12:49:00,1960,1960,1960,1960,0
2022-07-29 12:50:00,1960,1960,1960,1960,0
2022-07-29 12:51:00,1960,1960,1960,1960,0
2022-07-29 12:52:00,1960,1960,1960,1960,0
2022-07-29 12:53:00,1960,1960,1960,1960,0
2022-07-29 12:54:00,1960,1960,1960,1960,0
2022-07-29 12:55:00,1960,1960,1960,1960,0
2022-07-29 12:56:00,1960,1960,1960,1960,0
2022-07-29 12:57:00,1960,1960,1960,1960,0
2022-07-29 12:58:00,1960,1960,1960,1960,0
2022-07-29 12:59:00,1960,1960,1960,1960,0
2022-07-29 13:00:00,1960,1960,1960,1960,0
2022-07-29 13:01:00,1960,1960,1960,1960,0
2022-07-29 13:02:00,1960,1960,1960,1960,0
2022-07-29 13:03:00,1960,1960,1960,1960,0
2022-07-29 13:04:00,1960,1960,1960,1960,0
2022-07-29 13:05:00,1960,1960,1960,1960,0
2022-07-29 13:06:00,1960,1960,1960,1960,0
2022-07-29 13:07:00,1960,1960,1960,1960,0
2022-07-29 13:08:00,1960,1960,1960,1960,0
2022-07-29 13:09:00,1960,1960,1960,1960,0
2022-07-29 13:10:00,1960,1960,1960,1960,0
2022-07-29 13:11:00,1960,1960,1960,1960,0
2022-07-29 13:12:00,1960,1960,1960,1960,0
2022-07-29 13:13:00,1960,1960,1960,1960,0
2022-07-29 13:14:00,1960,1960,1960,1960,0
2022-07-29 13:15:00,1960,1960,1960,1960,0
2022-07-29 13:16:00,1960,1960,1960,1960,0
2022-07-29 13:17:00,1960,1960,1960,1960,0
2022-07-29 13:18:00,1960,1960,1960,1960,0
2022-07-29 13:19:00,1960,1960,1960,1960,0
2022-07-29 13:20:00,1960,1960,1960,1960,0
2022-07-29 13:21:00,1960,1960,1960,1960,0
2022-07-29 13:22:00,1960,1960,1960,1960,0
2022-07-29 13:23:00,1960,1960,1960,1960,0
2022-07-29 13:24:00,1960,1960,1960,1960,0
2022-07-29 13:25:00,1960,1960,1960,1960,0
2022-07-29 13:26:00,1960,1960,1960,1960,0
2022-07-29 13:27:00,1960,1960,1960,1960,0
2022-07-29 13:28:00,1960,1960,1960,1960,0
2022-07-29 13:29:00,1960,1960,1960,1960,0
2022-07-29 13:30:00,1960,1960,1960,1960,0
2022-07-29 13:31:00,1960,1960,1960,1960,0
2022-07-29 13:32:00,1960,1960,1960,1960,0
2022-07-29 13:33:00,1960,1960,1960,1960,0
2022-07-29 13:34:00,1960,1960,1960,1960,0
2022-07-29 13:35:00,1960,1960,1960,1960,0
2022-07-29 13:36:00,1960,1960,1960,1960,0
2022-07-29 13:37:00,1960,1960,1960,1960,0
2022-07-29 13:38:00,1960,1960,1960,1960,0
2022-07-29 13:39:00,1960,1960,1960,1960,0
2022-07-29 13:40:00,1960,1960,1960,1960,0
2022-07-29 13:41:00,1960,1960,1960,1960,0
2022-07-29 13:42:00,1960,1960,1960,1960,0
2022-07-29 13:43:00,1960,1960,1960,1960,0
2022-07-29 13:44:00,1960,1960,1960,1960,0
2022-07-29 13:45:00,1960,1960,1960,1960,0
2022-07-29 13:46:00,1960,1960,1960,1960,0
2022-07-29 13:47:00,1960,1960,1960,1960,0
2022-07-29 13:48:00,1960,1960,1960,1960,0
2022-07-29 13:49:00,1960,1960,1960,1960,0
2022-07-29 13:50:00,1960,1960,1960,1960,0
2022-07-29 13:51:00,1960,1960,1960,1960,0
2022-07-29 13:52:00,1960,1960,1960,1960,0
2022-07-29 13:53:00,1960,1960,1960,1960,0
2022-07-29 13:54:00,1960,1960,1960,1960,0
2022-07-29 13:55:00,1960,1960,1960,1960,0
2022-07-29 13:56:00,1960,1960,1960,1960,0
2022-07-29 13:57:00,1960,1960,1960,1960,0
2022-07-29 13:58:00,1960,1960,1960,1960,0
2022-07-29 13:59:00,1960,1960,1960,1960,0
2022-07-29 14:00:00,1960,1960,1960,1960,0
2022-07-29 14:01:00,1960,1960,1960,1960,0
2022-07-29 14:02:00,1960,1960,1960,1960,0
2022-07-29 14:03:00,1960,1960,1960,1960,0
2022-07-29 14:04:00,1960,1960,1960,1960,0
2022-07-29 14:05:00,1960,1960,1960,1960,0
2022-07-29 14:06:00,1960,1960,1960,1960,0
2022-07-29 14:07:00,1960,1960,1960,1960,0
2022-07-29 14:08:00,1960,1960,1960,1960,0
2022-07-29 14:09:00,1960,1960,1960,1960,0
2022-07-29 14:10:00,1960,1960,1960,1960,0
2022-07-29 14:11:00,1960,1960,1960,1960,0
2022-07-29 14:12:00,1960,1960,1960,1960,0
2022-07-29 14:13:00,1960,1960,1960,1960,0
2022-07-29 14:14:00,1960,1960,1960,1960,0
2022-07-29 14:15:00,1960,1960,1960,1960,0
2022-07-29 14:16:00,1960,1960,1960,1960,0
2022-07-29 14:17:00,1960,1960,1960,1960,0
2022-07-29 14:18:00,1960,1960,1960,1960,0
2022-07-29 14:19:00,1960,1960,1960,1960,0
2022-07-29 14:20:00,1960,1960,1960,1960,0
2022-07-29 14:21:00,1960,1960,1960,1960,0
2022-07-29 14:22:00,1960,1960,1960,1960,0
2022-07-29 14:23:00,1960,1960,1960,1960,0
2022-07-29 14:24:00,1960,1960,1960,1960,0
2022-07-29 14:25:00,1960,1960,1960,1960,0
2022-07-29 14:26:00,1960,1960,1960,1960,0
2022-07-29 14:27:00,1960,1960,1960,1960,0
2022-07-29 14:28:00,1960,1960,1960,1960,0
2022-07-29 14:29:00,1960,1960,1960,1960,0
2022-07-29 14:30:00,1960,1960,1960,1960,0
2022-07-29 14:31:00,1960,1960,1960,1960,0
2022-07-29 14:32:00,1960,1960,1960,1960,0
2022-07-29 14:33:00,1960,1960,1960,1960,0
2022-07-29 14:34:00,1960,1960,1960,1960,0
2022-07-29 14:35:00,1960,1960,1960,1960,0
2022-07-29 14:36:00,1960,1960,1960,1960,0
2022-07-29 14:37:00,1960,1960,1960,1960,0
2022-07-29 14:38:00,1960,1960,1960,1960,0
2022-07-29 14:39:00,1960,1960,1960,1960,0
2022-07-29 14:40:00,1960,1960,1960,1960,0
2022-07-29 14:41:00,1960,1960,1960,1960,0
2022-07-29 14:42:00,1960,1960,1960,1960,0
2022-07-29 14:43:00,1960,1960,1960,1960,0
2022-07-29 14:44:00,1960,1960,1960,1960,0
2022-07-29 14:45:00,1960,1960,1960,1960,0
2022-07-29 14:46:00,1960,1960,1960,1960,0
2022-07-29 14:47:00,1960,1960,1960,1960,0
2022-07-29 14:48:00,1960,1960,1960,1960,0
2022-07-29 14:49:00,1960,1960,1960,1960,0
2022-07-29 14:50:00,1960,1960,1960,1960,0
2022-07-29 14:51:00,1960,1960,1960,1960,0
2022-07-29 14:52:00,1960,1960,1960,1960,0
2022-07-29 14:53:00,1960,1960,1960,1960,0
2022-07-29 14:54:00,1960,1960,1960,1960,0
2022-07-29 14:55:00,1960,1960,1960,1960,0
2022-07-29 14:56:00,1960,1960,1960,1960,0
2022-07-29 14:57:00,1960,1960,1960,1960,0
2022-07-29 14:58:00,1960,1960,1960,1960,0
2022-07-29 14:59:00,1960,1960,1960,1960,0
2022-07-29 15:00:00,1960,1960,1960,1960,0
2022-07-29 15:01:00,1960,1960,1960,1960,0
2022-07-29 15:02:00,1960,1960,1960,1960,0
2022-07-29 15:03:00,1960,1960,1960,1960,0
2022-07-29 15:04:00,1960,1960,1960,1960,0
2022-07-29 15:05:00,1960,1960,1960,1960,0
2022-07-29 15:06:00,1960,1960,1960,1960,0
2022-07-29 15:07:00,1960,1960,1960,1960,0
2022-07-29 15:08:00,1960,1960,1960,1960,0
2022-07-29 15:09:00,1960,1960,1960,1960,0
2022-07-29 15:10:00,1960,1960,1960,1960,0
2022-07-29 15:11:00,1960,1960,1960,1960,0
2022-07-29 15:12:00,1960,1960,1960,1960,0
2022-07-29 15:13:00,1960,1960,1960,1960,0
2022-07-29 15:14:00,1960,1960,1960,1960,0
2022-07-29 15:15:00,1960,1960,1960,1960,0
2022-07-29 15:16:00,1960,1960,1960,1960,0
2022-07-29 15:17:00,1960,1960,1960,1960,0
2022-07-29 15:18:00,1960,1960,1960,1960,0
2022-07-29 15:19:00,1960,1960,1960,1960,0
2022-07-29 15:20:00,1960,1960,1960,1960,0
2022-07-29 15:21:00,1960,1960,1960,1960,0
2022-07-29 15:22:00,1960,1960,1960,1960,0
2022-07-29 15:23:00,1960,1960,1960,1960,0
2022-07-29 15:24:00,1960,1960,1960,1960,0
2022-07-29 15:25:00,1960,1960,1960,1960,0
2022-07-29 15:26:00,1960,1960,1960,1960,0
2022-07-29 15:27:00,1960,1960,1960,1960,0
2022-07-29 15:28:00,1960,1960,1960,1960,0
2022-07-29 15:29:00,1960,1960,1960,1960,0
2022-07-29 15:30:00,1960,1960,1960,1960,0
2022-07-29 15:31:00,1960,1960,1960,1960,0
2022-07-29 15:32:00,1960,1960,1960,1960,0
2022-07-29 15:33:00,1960,1960,1960,1960,0
2022-07-29 15:34:00,1960,1960,1960,1960,0
2022-07-29 15:35:00,1960,1960,1960,1960,0
2022-07-29 15:36:00,1960,1960,1960,1960,0
2022-07-29 15:37:00,1960,1960,1960,1960,0
2022-07-29 15:38:00,1960,1960,1960,1960,0
2022-07-29 15:39:00,1960,1960,1960,1960,0
2022-07-29 15:40:00,1960,1960,1960,1960,0
2022-07-29 15:41:00,1960,1960,1960,1960,0
2022-07-29 15:42:00,1960,1960,1960,1960,0
2022-07-29 15:43:00,1960,1960,1960,1960,0
2022-07-29 15:44:00,1960,1960,1960,1960,0
2022-07-29 15:45:00,1960,1960,1960,1960,0
2022-07-29 15:46:00,1960,1960,1960,1960,0
2022-07-29 15:47:00,1960,1960,1960,1960,0
2022-07-29 15:48:00,1960,1960,1960,1960,0
2022-07-29 15:49:00,1960,1960,1960,1960,0
2022-07-29 15:50:00,1960,1960,1960,1960,0
2022-07-29 15:51:00,1960,1960,1960,1960,0
2022-07-29 15:52:00,1960,1960,1960,1960,0
2022-07-29 15:53:00,1960,1960,1960,1960,0
2022-07-29 15:54:00,1960,1960,1960,1960,0
2022-07-29 15:55:00,1960,1960,1960,1960,0
2022-07-29 15:56:00,1960,1960,1960,1960,0
2022-07-29 15:57:00,1960,1960,1960,1960,0
2022-07-29 15:58:00,1960,1960,1960,1960,0
2022-07-29 15:59:00,1960,1960,1960,1960,0
2022-08-08 09:00:00,1950,1950,1950,1950,0
2022-08-08 09:01:00,1950,1950,1950,1950,0
2022-08-08 09:02:00,1950,1950,1950,1950,0
2022-08-08 09:03:00,1950,1950,1950,1950,0
2022-08-08 09:04:00,1950,1950,1950,1950,0
2022-08-08 09:05:00,1950,1950,1950,1950,0
2022-08-08 09:06:00,1950,1950,1950,1950,0
2022-08-08 09:07:00,1950,1950,1950,1950,0
2022-08-08 09:08:00,1950,1950,1950,1950,0
2022-08-08 09:09:00,1950,1950,1950,1950,0
2022-08-08 09:10:00,1950,1950,1950,1950,0
2022-08-08 09:11:00,1950,1950,1950,1950,0
2022-08-08 09:12:00,1950,1950,1950,1950,0
2022-08-08 09:13:00,1950,1950,1950,1950,0
2022-08-08 09:14:00,1950,1950,1950,1950,0
2022-08-08 09:15:00,1950,1950,1950,1950,0
2022-08-08 09:16:00,1950,1950,1950,1950,0
2022-08-08 09:17:00,1950,1950,1950,1950,0
2022-08-08 09:18:00,1950,1950,1950,1950,0
2022-08-08 09:19:00,1950,1950,1950,1950,0
2022-08-08 09:20:00,1950,1950,1950,1950,0
2022-08-08 09:21:00,1950,1950,1950,1950,0
2022-08-08 09:22:00,1950,1950,1950,1950,0
2022-08-08 09:23:00,1950,1950,1950,1950,0
2022-08-08 09:24:00,1950,1950,1950,1950,0
2022-08-08 09:25:00,1950,1950,1950,1950,0
2022-08-08 09:26:00,1950,1950,1950,1950,0
2022-08-08 09:27:00,1950,1950,1950,1950,0
2022-08-08 09:28:00,1950,1950,1950,1950,0
2022-08-08 09:29:00,1950,1950,1950,1950,0
2022-08-08 09:30:00,1950,1950,1950,1950,0
2022-08-08 09:31:00,1950,1950,1950,1950,0
2022-08-08 09:32:00,1950,1950,1950,1950,0
2022-08-08 09:33:00,1950,1950,1950,1950,0
2022-08-08 09:34:00,1950,1950,1950,1950,0
2022-08-08 09:35:00,1950,1950,1950,1950,0
2022-08-08 09:36:00,1950,1950,1950,1950,0
2022-08-08 09:37:00,1950,1950,1950,1950,0
2022-08-08 09:38:00,1950,1950,1950,1950,0
2022-08-08 09:39:00,1950,1950,1950,1950,0
2022-08-08 09:40:00,1950,1950,1950,1950,0
2022-08-08 09:41:00,1950,1950,1950,1950,0
2022-08-08 09:42:00,1950,1950,1950,1950,0
2022-08-08 09:43:00,1950,1950,1950,1950,0
2022-08-08 09:44:00,1950,1950,1950,1950,0
2022-08-08 09:45:00,1950,1950,1950,1950,0
2022-08-08 09:46:00,1950,1950,1950,1950,0
2022-08-08 09:47:00,1950,1950,1950,1950,0
2022-08-08 09:48:00,1950,1950,1950,1950,0
2022-08-08 09:49:00,1950,1950,1950,1950,0
2022-08-08 09:50:00,1950,1950,1950,1950,0
2022-08-08 09:51:00,1950,1950,1950,1950,0
2022-08-08 09:52:00,1950,1950,1950,1950,0
2022-08-08 09:53:00,1950,1950,1950,1950,0
2022-08-08 09:54:00,1950,1950,1950,1950,0
2022-08-08 09:55:00,1950,1950,1950,1950,0
2022-08-08 09:56:00,1950,1950,1950,1950,0
2022-08-08 09:57:00,1950,1950,1950,1950,0
2022-08-08 09:58:00,1950,1950,1950,1950,0
2022-08-08 09:59:00,1950,1950,1950,1950,0
2022-08-08 10:00:00,1950,1950,1950,1950,0
2022-08-08 10:01:00,1950,1950,1950,1950,0
2022-08-08 10:02:00,1950,1950,1950,1950,0
2022-08-08 10:03:00,1950,1950,1950,1950,0
2022-08-08 10:04:00,1950,1950,1950,1950,0
2022-08-08 10:05:00,1950,1950,1950,1950,0
2022-08-08 10:06:00,1950,1950,1950,1950,0
2022-08-08 10:07:00,1950,1950,1950,1950,0
2022-08-08 10:08:00,1950,1950,1950,1950,0
2022-08-08 10:09:00,1950,1950,1950,1950,0
2022-08-08 10:10:00,1950,1950,1950,1950,0
2022-08-08 10:11:00,1950,1950,1950,1950,0
2022-08-08 10:12:00,1950,1950,1950,1950,0
2022-08-08 10:13:00,1950,1950,1950,1950,0
2022-08-08 10:14:00,1950,1950,1950,1950,0
2022-08-08 10:15:00,1950,1950,1950,1950,0
2022-08-08 10:16:00,1950,1950,1950,1950,0
2022-08-08 10:17:00,1950,1950,1950,1950,0
2022-08-08 10:18:00,1950,1950,1950,1950,0
2022-08-08 10:19:00,1950,1950,1950,1950,0
2022-08-08 10:20:00,1950,1950,1950,1950,0
2022-08-08 10:21:00,1950,1950,1950,1950,0
2022-08-08 10:22:00,1950,1950,1950,1950,0
2022-08-08 10:23:00,1950,1950,1950,1950,0
2022-08-08 10:24:00,1950,1950,1950,1950,0
2022-08-08 10:25:00,1950,1950,1950,1950,0
2022-08-08 10:26:00,1950,1950,1950,1950,0
2022-08-08 10:27:00,1950,1950,1950,1950,0
2022-08-08 10:28:00,1950,1950,1950,1950,0
2022-08-08 10:29:00,1950,1950,1950,1950,0
2022-08-08 10:30:00,1950,1950,1950,1950,0
2022-08-08 10:31:00,1950,1950,1950,1950,0
2022-08-08 10:32:00,1950,1950,1950,1950,0
2022-08-08 10:33:00,1950,1950,1950,1950,0
2022-08-08 10:34:00,1950,1950,1950,1950,0
2022-08-08 10:35:00,1950,1950,1950,1950,0
2022-08-08 10:36:00,1950,1950,1950,1950,0
2022-08-08 10:37:00,1950,1950,1950,1950,0
2022-08-08 10:38:00,1950,1950,1950,1950,0
2022-08-08 10:39:00,1950,1950,1950,1950,0
2022-08-08 10:40:00,1950,1950,1950,1950,0
2022-08-08 10:41:00,1950,1950,1950,1950,0
2022-08-08 10:42:00,1950,1950,1950,1950,0
2022-08-08 10:43:00,1950,1950,1950,1950,0
2022-08-08 10:44:00,1950,1950,1950,1950,0
2022-08-08 10:45:00,1950,1950,1950,1950,0
2022-08-08 10:46:00,1950,1950,1950,1950,0
2022-08-08 10:47:00,1950,1950,1950,1950,0
2022-08-08 10:48:00,1950,1950,1950,1950,0
2022-08-08 10:49:00,1950,1950,1950,1950,0
2022-08-08 10:50:00,1950,1950,1950,1950,0
2022-08-08 10:51:00,1950,1950,1950,1950,0
2022-08-08 10:52:00,1950,1950,1950,1950,0
2022-08-08 10:53:00,1950,1950,1950,1950,0
2022-08-08 10:54:00,1950,1950,1950,1950,0
2022-08-08 10:55:00,1950,1950,1950,1950,0
2022-08-08 10:56:00,1950,1950,1950,1950,0
2022-08-08 10:57:00,1950,1950,1950,1950,0
2022-08-08 10:58:00,1950,1950,1950,1950,0
2022-08-08 10:59:00,1950,1950,1950,1950,0
2022-08-08 11:00:00,1950,1950,1950,1950,0
2022-08-08 11:01:00,1950,1950,1950,1950,0
2022-08-08 11:02:00,1950,1950,1950,1950,0
2022-08-08 11:03:00,1950,1950,1950,1950,0
2022-08-08 11:04:00,1950,1950,1950,1950,0
2022-08-08 11:05:00,1950,1950,1950,1950,0
2022-08-08 11:06:00,1950,1950,1950,1950,0
2022-08-08 11:07:00,1950,1950,1950,1950,0
2022-08-08 11:08:00,1950,1950,1950,1950,0
2022-08-08 11:09:00,1950,1950,1950,1950,0
2022-08-08 11:10:00,1950,1950,1950,1950,0
2022-08-08 11:11:00,1950,1950,1950,1950,0
2022-08-08 11:12:00,1950,1950,1950,1950,0
2022-08-08 11:13:00,1950,1950,1950,1950,0
2022-08-08 11:14:00,1950,1950,1950,1950,0
2022-08-08 11:15:00,1950,1950,1950,1950,0
2022-08-08 11:16:00,1950,1950,1950,1950,0
2022-08-08 11:17:00,1950,1950,1950,1950,0
2022-08-08 11:18:00,1950,1950,1950,1950,0
2022-08-08 11:19:00,1950,1950,1950,1950,0
2022-08-08 11:20:00,1950,1950,1950,1950,0
2022-08-08 11:21:00,1950,1950,1950,1950,0
2022-08-08 11:22:00,1950,1950,1950,1950,0
2022-08-08 11:23:00,1950,1950,1950,1950,0
2022-08-08 11:24:00,1950,1950,1950,1950,0
2022-08-08 11:25:00,1950,1950,1950,1950,0
2022-08-08 11:26:00,1950,1950,1950,1950,0
2022-08-08 11:27:00,1950,1950,1950,1950,0
2022-08-08 11:28:00,1950,1950,1950,1950,0
2022-08-08 11:29:00,1950,1950,1950,1950,0
2022-08-08 11:30:00,1950,1950,1950,1950,0
2022-08-08 11:31:00,1950,1950,1950,1950,0
2022-08-08 11:32:00,1950,1950,1950,1950,0
2022-08-08 11:33:00,1950,1950,1950,1950,0
2022-08-08 11:34:00,1950,1950,1950,1950,0
2022-08-08 11:35:00,1950,1950,1950,1950,0
2022-08-08 11:36:00,1950,1950,1950,1950,0
2022-08-08 11:37:00,1950,1950,1950,1950,0
2022-08-08 11:38:00,1950,1950,1950,1950,0
2022-08-08 11:39:00,1950,1950,1950,1950,0
2022-08-08 11:40:00,1950,1950,1950,1950,0
2022-08-08 11:41:00,1950,1950,1950,1950,0
2022-08-08 11:42:00,1950,1950,1950,1950,0
2022-08-08 11:43:00,1950,1950,1950,1950,0
2022-08-08 11:44:00,1950,1950,1950,1950,0
2022-08-08 11:45:00,1950,1950,1950,1950,0
2022-08-08 11:46:00,1950,1950,1950,1950,0
2022-08-08 11:47:00,1950,1950,1950,1950,0
2022-08-08 11:48:00,1950,1950,1950,1950,0
2022-08-08 11:49:00,1950,1950,1950,1950,0
2022-08-08 11:50:00,1950,1950,1950,1950,0
2022-08-08 11:51:00,1950,1950,1950,1950,0
2022-08-08 11:52:00,1950,1950,1950,1950,0
2022-08-08 11:53:00,1950,1950,1950,1950,0
2022-08-08 11:54:00,1950,1950,1950,1950,0
2022-08-08 11:55:00,1950,1950,1950,1950,0
2022-08-08 11:56:00,1950,1950,1950,1950,0
2022-08-08 11:57:00,1950,1950,1950,1950,0
2022-08-08 11:58:00,1950,1950,1950,1950,0
2022-08-08 11:59:00,1950,1950,1950,1950,0
2022-08-08 12:00:00,1950,1950,1950,1950,0
2022-08-08 12:01:00,1950,1950,1950,1950,0
2022-08-08 12:02:00,1950,1950,1950,1950,0
2022-08-08 12:03:00,1950,1950,1950,1950,0
2022-08-08 12:04:00,1950,1950,1950,1950,0
2022-08-08 12:05:00,1950,1950,1950,1950,0
2022-08-08 12:06:00,1950,1950,1950,1950,0
2022-08-08 12:07:00,1950,1950,1950,1950,0
2022-08-08 12:08:00,1950,1950,1950,1950,0
2022-08-08 12:09:00,1950,1950,1950,1950,0
2022-08-08 12:10:00,1950,1950,1950,1950,0
2022-08-08 12:11:00,1950,1950,1950,1950,0
2022-08-08 12:12:00,1950,1950,1950,1950,0
2022-08-08 12:13:00,1950,1950,1950,1950,0
2022-08-08 12:14:00,1950,1950,1950,1950,0
2022-08-08 12:15:00,1950,1950,1950,1950,0
2022-08-08 12:16:00,1950,1950,1950,1950,0
2022-08-08 12:17:00,1950,1950,1950,1950,0
2022-08-08 12:18:00,1950,1950,1950,1950,0
2022-08-08 12:19:00,1950,1950,1950,1950,0
2022-08-08 12:20:00,1950,1950,1950,1950,0
2022-08-08 12:21:00,1950,1950,1950,1950,0
2022-08-08 12:22:00,1950,1950,1950,1950,0
2022-08-08 12:23:00,1950,1950,1950,1950,0
2022-08-08 12:24:00,1950,1950,1950,1950,0
2022-08-08 12:25:00,1950,1950,1950,1950,0
2022-08-08 12:26:00,1950,1950,1950,1950,0
2022-08-08 12:27:00,1950,1950,1950,1950,0
2022-08-08 12:28:00,1950,1950,1950,1950,0
2022-08-08 12:29:00,1950,1950,1950,1950,0
2022-08-08 12:30:00,1950,1950,1950,1950,0
2022-08-08 12:31:00,1950,1950,1950,1950,0
2022-08-08 12:32:00,1950,1950,1950,1950,0
2022-08-08 12:33:00,1950,1950,1950,1950,0
2022-08-08 12:34:00,1950,1950,1950,1950,0
2022-08-08 12:35:00,1950,1950,1950,1950,0
2022-08-08 12:36:00,1950,1950,1950,1950,0
2022-08-08 12:37:00,1950,1950,1950,1950,0
2022-08-08 12:38:00,1950,1950,1950,1950,0
2022-08-08 12:39:00,1950,1950,1950,1950,0
2022-08-08 12:40:00,1950,1950,1950,1950,0
2022-08-08 12:41:00,1950,1950,1950,1950,0
2022-08-08 12:42:00,1950,1950,1950,1950,0
2022-08-08 12:43:00,1950,1950,1950,1950,0
2022-08-08 12:44:00,1950,1950,1950,1950,0
2022-08-08 12:45:00,1950,1950,1950,1950,0
2022-08-08 12:46:00,1950,1950,1950,1950,0
2022-08-08 12:47:00,1950,1950,1950,1950,0
2022-08-08 12:48:00,1950,1950,1950,1950,0
2022-08-08 12:49:00,1950,1950,1950,1950,0
2022-08-08 12:50:00,1950,1950,1950,1950,0
2022-08-08 12:51:00,1950,1950,1950,1950,0
2022-08-08 12:52:00,1950,1950,1950,1950,0
2022-08-08 12:53:00,1950,1950,1950,1950,0
2022-08-08 12:54:00,1950,1950,1950,1950,0
2022-08-08 12:55:00,1950,1950,1950,1950,0
2022-08-08 12:56:00,1950,1950,1950,1950,0
2022-08-08 12:57:00,1950,1950,1950,1950,0
2022-08-08 12:58:00,1950,1950,1950,1950,0
2022-08-08 12:59:00,1950,1950,1950,1950,0
2022-08-08 13:00:00,1950,1950,1950,1950,0
2022-08-08 13:01:00,1950,1950,1950,1950,0
2022-08-08 13:02:00,1950,1950,1950,1950,0
2022-08-08 13:03:00,1950,1950,1950,1950,0
2022-08-08 13:04:00,1950,1950,1950,1950,0
2022-08-08 13:05:00,1950,1950,1950,1950,0
2022-08-08 13:06:00,1950,1950,1950,1950,0
2022-08-08 13:07:00,1950,1950,1950,1950,0
2022-08-08 13:08:00,1950,1950,1950,1950,0
2022-08-08 13:09:00,1950,1950,1950,1950,0
2022-08-08 13:10:00,1950,1950,1950,1950,0
2022-08-08 13:11:00,1950,1950,1950,1950,0
2022-08-08 13:12:00,1950,1950,1950,1950,0
2022-08-08 13:13:00,1950,1950,1950,1950,0
2022-08-08 13:14:00,1950,1950,1950,1950,0
2022-08-08 13:15:00,1950,1950,1950,1950,0
2022-08-08 13:16:00,1950,1950,1950,1950,0
2022-08-08 13:17:00,1950,1950,1950,1950,0
2022-08-08 13:18:00,1950,1950,1950,1950,0
2022-08-08 13:19:00,1950,1950,1950,1950,0
2022-08-08 13:20:00,1950,1950,1950,1950,0
2022-08-08 13:21:00,1950,1950,1950,1950,0
2022-08-08 13:22:00,1950,1950,1950,1950,0
2022-08-08 13:23:00,1950,1950,1950,1950,0
2022-08-08 13:24:00,1950,1950,1950,1950,0
2022-08-08 13:25:00,1950,1950,1950,1950,0
2022-08-08 13:26:00,1950,1950,1950,1950,0
2022-08-08 13:27:00,1950,1950,1950,1950,0
2022-08-08 13:28:00,1950,1950,1950,1950,0
2022-08-08 13:29:00,1950,1950,1950,1950,0
2022-08-08 13:30:00,1950,1950,1950,1950,0
2022-08-08 13:31:00,1950,1950,1950,1950,0
2022-08-08 13:32:00,1950,1950,1950,1950,0
2022-08-08 13:33:00,1950,1950,1950,1950,0
2022-08-08 13:34:00,1950,1950,1950,1950,0
2022-08-08 13:35:00,1950,1950,1950,1950,0
2022-08-08 13:36:00,1950,1950,1950,1950,0
2022-08-08 13:37:00,1950,1950,1950,1950,0
2022-08-08 13:38:00,1950,1950,1950,1950,0
2022-08-08 13:39:00,1950,1950,1950,1950,0
2022-08-08 13:40:00,1950,1950,1950,1950,0
2022-08-08 13:41:00,1950,1950,1950,1950,0
2022-08-08 13:42:00,1950,1950,1950,1950,0
2022-08-08 13:43:00,1950,1950,1950,1950,0
2022-08-08 13:44:00,1950,1950,1950,1950,0
2022-08-08 13:45:00,1950,1950,1950,1950,0
2022-08-08 13:46:00,1950,1950,1950,1950,0
2022-08-08 13:47:00,1950,1950,1950,1950,0
2022-08-08 13:48:00,1950,1950,1950,1950,0
2022-08-08 13:49:00,1950,1950,1950,1950,0
2022-08-08 13:50:00,1950,1950,1950,1950,0
2022-08-08 13:51:00,1950,1950,1950,1950,0
2022-08-08 13:52:00,1950,1950,1950,1950,0
2022-08-08 13:53:00,1950,1950,1950,1950,0
2022-08-08 13:54:00,1950,1950,1950,1950,0
2022-08-08 13:55:00,1950,1950,1950,1950,0
2022-08-08 13:56:00,1950,1950,1950,1950,0
2022-08-08 13:57:00,1950,1950,1950,1950,0
2022-08-08 13:58:00,1950,1950,1950,1950,0
2022-08-08 13:59:00,1950,1950,1950,1950,0
2022-08-08 14:00:00,1950,1950,1950,1950,0
2022-08-08 14:01:00,1950,1950,1950,1950,0
2022-08-08 14:02:00,1950,1950,1950,1950,0
2022-08-08 14:03:00,1950,1950,1950,1950,0
2022-08-08 14:04:00,1950,1950,1950,1950,0
2022-08-08 14:05:00,1950,1950,1950,1950,0
2022-08-08 14:06:00,1950,1950,1950,1950,0
2022-08-08 14:07:00,1950,1950,1950,1950,0
2022-08-08 14:08:00,1950,1950,1950,1950,0
2022-08-08 14:09:00,1950,1950,1950,1950,0
2022-08-08 14:10:00,1950,1950,1950,1950,0
2022-08-08 14:11:00,1950,1950,1950,1950,0
2022-08-08 14:12:00,1950,1950,1950,1950,0
2022-08-08 14:13:00,1950,1950,1950,1950,0
2022-08-08 14:14:00,1950,1950,1950,1950,0
2022-08-08 14:15:00,1950,1950,1950,1950,0
2022-08-08 14:16:00,1950,1950,1950,1950,0
2022-08-08 14:17:00,1950,1950,1950,1950,0
2022-08-08 14:18:00,1950,1950,1950,1950,0
2022-08-08 14:19:00,1950,1950,1950,1950,0
2022-08-08 14:20:00,1950,1950,1950,1950,0
2022-08-08 14:21:00,1950,1950,1950,1950,0
2022-08-08 14:22:00,1950,1950,1950,1950,0
2022-08-08 14:23:00,1950,1950,1950,1950,0
2022-08-08 14:24:00,1950,1950,1950,1950,0
2022-08-08 14:25:00,1950,1950,1950,1950,0
2022-08-08 14:26:00,1950,1950,1950,1950,0
2022-08-08 14:27:00,1950,1950,1950,1950,0
2022-08-08 14:28:00,1950,1950,1950,1950,0
2022-08-08 14:29:00,1950,1950,1950,1950,0
2022-08-08 14:30:00,1950,1950,1950,1950,0
2022-08-08 14:31:00,1950,1950,1950,1950,0
2022-08-08 14:32:00,1950,1950,1950,1950,0
2022-08-08 14:33:00,1950,1950,1950,1950,0
2022-08-08 14:34:00,1950,1950,1950,1950,0
2022-08-08 14:35:00,1950,1950,1950,1950,0
2022-08-08 14:36:00,1950,1950,1950,1950,0
2022-08-08 14:37:00,1950,1950,1950,1950,0
2022-08-08 14:38:00,1950,1950,1950,1950,0
2022-08-08 14:39:00,1950,1950,1950,1950,0
2022-08-08 14:40:00,1950,1950,1950,1950,0
2022-08-08 14:41:00,1950,1950,1950,1950,0
2022-08-08 14:42:00,1950,1950,1950,1950,0
2022-08-08 14:43:00,1950,1950,1950,1950,0
2022-08-08 14:44:00,1950,1950,1950,1950,0
2022-08-08 14:45:00,1950,1950,1950,1950,0
2022-08-08 14:46:00,1950,1950,1950,1950,0
2022-08-08 14:47:00,1950,1950,1950,1950,0
2022-08-08 14:48:00,1950,1950,1950,1950,0
2022-08-08 14:49:00,1950,1950,1950,1950,0
2022-08-08 14:50:00,1950,1950,1950,1950,0
2022-08-08 14:51:00,1950,1950,1950,1950,0
2022-08-08 14:52:00,1950,1950,1950,1950,0
2022-08-08 14:53:00,1950,1950,1950,1950,0
2022-08-08 14:54:00,1950,1950,1950,1950,0
2022-08-08 14:55:00,1950,1950,1950,1950,0
2022-08-08 14:56:00,1950,1950,1950,1950,0
2022-08-08 14:57:00,1950,1950,1950,1950,0
2022-08-08 14:58:00,1950,1950,1950,1950,0
2022-08-08 14:59:00,1950,1950,1950,1950,0
2022-08-08 15:00:00,1950,1950,1950,1950,0
2022-08-08 15:01:00,1950,1950,1950,1950,0
2022-08-08 15:02:00,1950,1950,1950,1950,0
2022-08-08 15:03:00,1950,1950,1950,1950,0
2022-08-08 15:04:00,1950,1950,1950,1950,0
2022-08-08 15:05:00,1950,1950,1950,1950,0
2022-08-08 15:06:00,1950,1950,1950,1950,0
2022-08-08 15:07:00,1950,1950,1950,1950,0
2022-08-08 15:08:00,1950,1950,1950,1950,0
2022-08-08 15:09:00,1950,1950,1950,1950,0
2022-08-08 15:10:00,1950,1950,1950,1950,0
2022-08-08 15:11:00,1950,1950,1950,1950,0
2022-08-08 15:12:00,1950,1950,1950,1950,0
2022-08-08 15:13:00,1950,1950,1950,1950,0
2022-08-08 15:14:00,1950,1950,1950,1950,0
2022-08-08 15:15:00,1950,1950,1950,1950,0
2022-08-08 15:16:00,1950,1950,1950,1950,0
2022-08-08 15:17:00,1950,1950,1950,1950,0
2022-08-08 15:18:00,1950,1950,1950,1950,0
2022-08-08 15:19:00,1950,1950,1950,1950,0
2022-08-08 15:20:00,1950,1950,1950,1950,0
2022-08-08 15:21:00,1950,1950,1950,1950,0
2022-08-08 15:22:00,1950,1950,1950,1950,0
2022-08-08 15:23:00,1950,1950,1950,1950,0
2022-08-08 15:24:00,1950,1950,1950,1950,0
2022-08-08 15:25:00,1950,1950,1950,1950,0
2022-08-08 15:26:00,1950,1950,1950,1950,0
2022-08-08 15:27:00,1950,1950,1950,1950,0
2022-08-08 15:28:00,1950,1950,1950,1950,0
2022-08-08 15:29:00,1950,1950,1950,1950,0
2022-08-08 15:30:00,1950,1950,1950,1950,0
2022-08-08 15:31:00,1950,1950,1950,1950,0
2022-08-08 15:32:00,1950,1950,1950,1950,0
2022-08-08 15:33:00,1950,1950,1950,1950,0
2022-08-08 15:34:00,1950,1950,1950,1950,0
2022-08-08 15:35:00,1950,1950,1950,1950,0
2022-08-08 15:36:00,1950,1950,1950,1950,0
2022-08-08 15:37:00,1950,1950,1950,1950,0
2022-08-08 15:38:00,1950,1950,1950,1950,0
2022-08-08 15:39:00,1950,1950,1950,1950,0
2022-08-08 15:40:00,1950,1950,1950,1950,0
2022-08-08 15:41:00,1950,1950,1950,1950,0
2022-08-08 15:42:00,1950,1950,1950,1950,0
2022-08-08 15:43:00,1950,1950,1950,1950,0
2022-08-08 15:44:00,1950,1950,1950,1950,0
2022-08-08 15:45:00,1950,1950,1950,1950,0
2022-08-08 15:46:00,1950,1950,1950,1950,0
2022-08-08 15:47:00,1950,1950,1950,1950,0
2022-08-08 15:48:00,1950,1950,1950,1950,0
2022-08-08 15:49:00,1950,1950,1950,1950,0
2022-08-08 15:50:00,1950,1950,1950,1950,0
2022-08-08 15:51:00,1950,1950,1950,1950,0
2022-08-08 15:52:00,1950,1950,1950,1950,0
2022-08-08 15:53:00,1950,1950,1950,1950,0
2022-08-08 15:54:00,1950,1950,1950,1950,0
2022-08-08 15:55:00,1950,1950,1950,1950,0
2022-08-08 15:56:00,1950,1950,1950,1950,0
2022-08-08 15:57:00,1950,1950,1950,1950,0
2022-08-08 15:58:00,1950,1950,1950,1950,0
2022-08-08 15:59:00,1950,1950,1950,1950,0
2022-08-09 09:00:00,1950,1950,1950,1950,0
2022-08-09 09:01:00,1950,1950,1950,1950,0
2022-08-09 09:02:00,1950,1950,1950,1950,0
2022-08-09 09:03:00,1950,1950,1950,1950,0
2022-08-09 09:04:00,1950,1950,1950,1950,0
2022-08-09 09:05:00,1950,1950,1950,1950,0
2022-08-09 09:06:00,1950,1950,1950,1950,0
2022-08-09 09:07:00,1950,1950,1950,1950,0
2022-08-09 09:08:00,1950,1950,1950,1950,0
2022-08-09 09:09:00,1950,1950,1950,1950,0
2022-08-09 09:10:00,1950,1950,1950,1950,0
2022-08-09 09:11:00,1950,1950,1950,1950,0
2022-08-09 09:12:00,1950,1950,1950,1950,0
2022-08-09 09:13:00,1950,1950,1950,1950,0
2022-08-09 09:14:00,1950,1950,1950,1950,0
2022-08-09 09:15:00,1950,1950,1950,1950,0
2022-08-09 09:16:00,1950,1950,1950,1950,0
2022-08-09 09:17:00,1950,1950,1950,1950,0
2022-08-09 09:18:00,1950,1950,1950,1950,0
2022-08-09 09:19:00,1950,1950,1950,1950,0
2022-08-09 09:20:00,1950,1950,1950,1950,0
2022-08-09 09:21:00,1950,1950,1950,1950,0
2022-08-09 09:22:00,1950,1950,1950,1950,0
2022-08-09 09:23:00,1950,1950,1950,1950,0
2022-08-09 09:24:00,1950,1950,1950,1950,0
2022-08-09 09:25:00,1950,1950,1950,1950,0
2022-08-09 09:26:00,1950,1950,1950,1950,0
2022-08-09 09:27:00,1950,1950,1950,1950,0
2022-08-09 09:28:00,1950,1950,1950,1950,0
2022-08-09 09:29:00,1950,1950,1950,1950,0
2022-08-09 09:30:00,1950,1950,1950,1950,0
2022-08-09 09:31:00,1950,1950,1950,1950,0
2022-08-09 09:32:00,1950,1950,1950,1950,0
2022-08-09 09:33:00,1950,1950,1950,1950,0
2022-08-09 09:34:00,1950,1950,1950,1950,0
2022-08-09 09:35:00,1950,1950,1950,1950,0
2022-08-09 09:36:00,1950,1950,1950,1950,0
2022-08-09 09:37:00,1950,1950,1950,1950,0
2022-08-09 09:38:00,1950,1950,1950,1950,0
2022-08-09 09:39:00,1950,1950,1950,1950,0
2022-08-09 09:40:00,1950,1950,1950,1950,0
2022-08-09 09:41:00,1950,1950,1950,1950,0
2022-08-09 09:42:00,1950,1950,1950,1950,0
2022-08-09 09:43:00,1950,1950,1950,1950,0
2022-08-09 09:44:00,1950,1950,1950,1950,0
2022-08-09 09:45:00,1950,1950,1950,1950,0
2022-08-09 09:46:00,1950,1950,1950,1950,0
2022-08-09 09:47:00,1950,1950,1950,1950,0
2022-08-09 09:48:00,1950,1950,1950,1950,0
2022-08-09 09:49:00,1950,1950,1950,1950,0
2022-08-09 09:50:00,1950,1950,1950,1950,0
2022-08-09 09:51:00,1950,1950,1950,1950,0
2022-08-09 09:52:00,1950,1950,1950,1950,0
2022-08-09 09:53:00,1950,1950,1950,1950,0
2022-08-09 09:54:00,1950,1950,1950,1950,0
2022-08-09 09:55:00,1950,1950,1950,1950,0
2022-08-09 09:56:00,1950,1950,1950,1950,0
2022-08-09 09:57:00,1950,1950,1950,1950,0
2022-08-09 09:58:00,1950,1950,1950,1950,0
2022-08-09 09:59:00,1950,1950,1950,1950,0
2022-08-09 10:00:00,1950,1950,1950,1950,0
2022-08-09 10:01:00,1950,1950,1950,1950,0
2022-08-09 10:02:00,1950,1950,1950,1950,0
2022-08-09 10:03:00,1950,1950,1950,1950,0
2022-08-09 10:04:00,1950,1950,1950,1950,0
2022-08-09 10:05:00,1950,1950,1950,1950,0
2022-08-09 10:06:00,1950,1950,1950,1950,0
2022-08-09 10:07:00,1950,1950,1950,1950,0
2022-08-09 10:08:00,1950,1950,1950,1950,0
2022-08-09 10:09:00,1950,1950,1950,1950,0
2022-08-09 10:10:00,1950,1950,1950,1950,0
2022-08-09 10:11:00,1950,1950,1950,1950,0
2022-08-09 10:12:00,1950,1950,1950,1950,0
2022-08-09 10:13:00,1950,1950,1950,1950,0
2022-08-09 10:14:00,1950,1950,1950,1950,0
2022-08-09 10:15:00,1950,1950,1950,1950,0
2022-08-09 10:16:00,1950,1950,1950,1950,0
2022-08-09 10:17:00,1950,1950,1950,1950,0
2022-08-09 10:18:00,1950,1950,1950,1950,0
2022-08-09 10:19:00,1950,1950,1950,1950,0
2022-08-09 10:20:00,1950,1950,1950,1950,0
2022-08-09 10:21:00,1950,1950,1950,1950,0
2022-08-09 10:22:00,1950,1950,1950,1950,0
2022-08-09 10:23:00,1950,1950,1950,1950,0
2022-08-09 10:24:00,1950,1950,1950,1950,0
2022-08-09 10:25:00,1950,1950,1950,1950,0
2022-08-09 10:26:00,1950,1950,1950,1950,0
2022-08-09 10:27:00,1950,1950,1950,1950,0
2022-08-09 10:28:00,1950,1950,1950,1950,0
2022-08-09 10:29:00,1950,1950,1950,1950,0
2022-08-09 10:30:00,1950,1950,1950,1950,0
2022-08-09 10:31:00,1950,1950,1950,1950,0
2022-08-09 10:32:00,1950,1950,1950,1950,0
2022-08-09 10:33:00,1950,1950,1950,1950,0
2022-08-09 10:34:00,1950,1950,1950,1950,0
2022-08-09 10:35:00,1950,1950,1950,1950,0
2022-08-09 10:36:00,1950,1950,1950,1950,0
2022-08-09 10:37:00,1950,1950,1950,1950,0
2022-08-09 10:38:00,1950,1950,1950,1950,0
2022-08-09 10:39:00,1950,1950,1950,1950,0
2022-08-09 10:40:00,1950,1950,1950,1950,0
2022-08-09 10:41:00,1950,1950,1950,1950,0
2022-08-09 10:42:00,1950,1950,1950,1950,0
2022-08-09 10:43:00,1950,1950,1950,1950,0
2022-08-09 10:44:00,1950,1950,1950,1950,0
2022-08-09 10:45:00,1950,1950,1950,1950,0
2022-08-09 10:46:00,1950,1950,1950,1950,0
2022-08-09 10:47:00,1950,1950,1950,1950,0
2022-08-09 10:48:00,1950,1950,1950,1950,0
2022-08-09 10:49:00,1950,1950,1950,1950,0
2022-08-09 10:50:00,1950,1950,1950,1950,0
2022-08-09 10:51:00,1950,1950,1950,1950,0
2022-08-09 10:52:00,1950,1950,1950,1950,0
2022-08-09 10:53:00,1950,1950,1950,1950,0
2022-08-09 10:54:00,1950,1950,1950,1950,0
2022-08-09 10:55:00,1950,1950,1950,1950,0
2022-08-09 10:56:00,1950,1950,1950,1950,0
2022-08-09 10:57:00,1950,1950,1950,1950,0
2022-08-09 10:58:00,1950,1950,1950,1950,0
2022-08-09 10:59:00,1950,1950,1950,1950,0
2022-08-09 11:00:00,1950,1950,1950,1950,0
2022-08-09 11:01:00,1950,1950,1950,1950,0
2022-08-09 11:02:00,1950,1950,1950,1950,0
2022-08-09 11:03:00,1950,1950,1950,1950,0
2022-08-09 11:04:00,1950,1950,1950,1950,0
2022-08-09 11:05:00,1950,1950,1950,1950,0
2022-08-09 11:06:00,1950,1950,1950,1950,0
2022-08-09 11:07:00,1950,1950,1950,1950,0
2022-08-09 11:08:00,1950,1950,1950,1950,0
2022-08-09 11:09:00,1950,1950,1950,1950,0
2022-08-09 11:10:00,1950,1950,1950,1950,0
2022-08-09 11:11:00,1950,1950,1950,1950,0
2022-08-09 11:12:00,1950,1950,1950,1950,0
2022-08-09 11:13:00,1950,1950,1950,1950,0
2022-08-09 11:14:00,1950,1950,1950,1950,0
2022-08-09 11:15:00,1950,1950,1950,1950,0
2022-08-09 11:16:00,1950,1950,1950,1950,0
2022-08-09 11:17:00,1950,1950,1950,1950,0
2022-08-09 11:18:00,1950,1950,1950,1950,0
2022-08-09 11:19:00,1950,1950,1950,1950,0
2022-08-09 11:20:00,1950,1950,1950,1950,0
2022-08-09 11:21:00,1950,1950,1950,1950,0
2022-08-09 11:22:00,1950,1950,1950,1950,0
2022-08-09 11:23:00,1950,1950,1950,1950,0
2022-08-09 11:24:00,1950,1950,1950,1950,0
2022-08-09 11:25:00,1950,1950,1950,1950,0
2022-08-09 11:26:00,1950,1950,1950,1950,0
2022-08-09 11:27:00,1950,1950,1950,1950,0
2022-08-09 11:28:00,1950,1950,1950,1950,0
2022-08-09 11:29:00,1950,1950,1950,1950,0
2022-08-09 11:30:00,1950,1950,1950,1950,0
2022-08-09 11:31:00,1950,1950,1950,1950,0
2022-08-09 11:32:00,1950,1950,1950,1950,0
2022-08-09 11:33:00,1950,1950,1950,1950,0
2022-08-09 11:34:00,1950,1950,1950,1950,0
2022-08-09 11:35:00,1950,1950,1950,1950,0
2022-08-09 11:36:00,1950,1950,1950,1950,0
2022-08-09 11:37:00,1950,1950,1950,1950,0
2022-08-09 11:38:00,1950,1950,1950,1950,0
2022-08-09 11:39:00,1950,1950,1950,1950,0
2022-08-09 11:40:00,1950,1950,1950,1950,0
2022-08-09 11:41:00,1950,1950,1950,1950,0
2022-08-09 11:42:00,1950,1950,1950,1950,0
2022-08-09 11:43:00,1950,1950,1950,1950,0
2022-08-09 11:44:00,1950,1950,1950,1950,0
2022-08-09 11:45:00,1950,1950,1950,1950,0
2022-08-09 11:46:00,1950,1950,1950,1950,0
2022-08-09 11:47:00,1950,1950,1950,1950,0
2022-08-09 11:48:00,1950,1950,1950,1950,0
2022-08-09 11:49:00,1950,1950,1950,1950,0
2022-08-09 11:50:00,1950,1950,1950,1950,0
2022-08-09 11:51:00,1950,1950,1950,1950,0
2022-08-09 11:52:00,1950,1950,1950,1950,0
2022-08-09 11:53:00,1950,1950,1950,1950,0
2022-08-09 11:54:00,1950,1950,1950,1950,0
2022-08-09 11:55:00,1950,1950,1950,1950,0
2022-08-09 11:56:00,1950,1950,1950,1950,0
2022-08-09 11:57:00,1950,1950,1950,1950,0
2022-08-09 11:58:00,1950,1950,1950,1950,0
2022-08-09 11:59:00,1950,1950,1950,1950,0
2022-08-09 12:00:00,1950,1950,1950,1950,0
2022-08-09 12:01:00,1950,1950,1950,1950,0
2022-08-09 12:02:00,1950,1950,1950,1950,0
2022-08-09 12:03:00,1950,1950,1950,1950,0
2022-08-09 12:04:00,1950,1950,1950,1950,0
2022-08-09 12:05:00,1950,1950,1950,1950,0
2022-08-09 12:06:00,1950,1950,1950,1950,0
2022-08-09 12:07:00,1950,1950,1950,1950,0
2022-08-09 12:08:00,1950,1950,1950,1950,0
2022-08-09 12:09:00,1950,1950,1950,1950,0
2022-08-09 12:10:00,1950,1950,1950,1950,0
2022-08-09 12:11:00,1950,1950,1950,1950,0
2022-08-09 12:12:00,1950,1950,1950,1950,0
2022-08-09 12:13:00,1950,1950,1950,1950,0
2022-08-09 12:14:00,1950,1950,1950,1950,0
2022-08-09 12:15:00,1950,1950,1950,1950,0
2022-08-09 12:16:00,1950,1950,1950,1950,0
2022-08-09 12:17:00,1950,1950,1950,1950,0
2022-08-09 12:18:00,1950,1950,1950,1950,0
2022-08-09 12:19:00,1950,1950,1950,1950,0
2022-08-09 12:20:00,1950,1950,1950,1950,0
2022-08-09 12:21:00,1950,1950,1950,1950,0
2022-08-09 12:22:00,1950,1950,1950,1950,0
2022-08-09 12:23:00,1950,1950,1950,1950,0
2022-08-09 12:24:00,1950,1950,1950,1950,0
2022-08-09 12:25:00,1950,1950,1950,1950,0
2022-08-09 12:26:00,1950,1950,1950,1950,0
2022-08-09 12:27:00,1950,1950,1950,1950,0
2022-08-09 12:28:00,1950,1950,1950,1950,0
2022-08-09 12:29:00,1950,1950,1950,1950,0
2022-08-09 12:30:00,1950,1950,1950,1950,0
2022-08-09 12:31:00,1950,1950,1950,1950,0
2022-08-09 12:32:00,1950,1950,1950,1950,0
2022-08-09 12:33:00,1950,1950,1950,1950,0
2022-08-09 12:34:00,1950,1950,1950,1950,0
2022-08-09 12:35:00,1950,1950,1950,1950,0
2022-08-09 12:36:00,1950,1950,1950,1950,0
2022-08-09 12:37:00,1950,1950,1950,1950,0
2022-08-09 12:38:00,1950,1950,1950,1950,0
2022-08-09 12:39:00,1950,1950,1950,1950,0
2022-08-09 12:40:00,1950,1950,1950,1950,0
2022-08-09 12:41:00,1950,1950,1950,1950,0
2022-08-09 12:42:00,1950,1950,1950,1950,0
2022-08-09 12:43:00,1950,1950,1950,1950,0
2022-08-09 12:44:00,1950,1950,1950,1950,0
2022-08-09 12:45:00,1950,1950,1950,1950,0
2022-08-09 12:46:00,1950,1950,1950,1950,0
2022-08-09 12:47:00,1950,1950,1950,1950,0
2022-08-09 12:48:00,1950,1950,1950,1950,0
2022-08-09 12:49:00,1950,1950,1950,1950,0
2022-08-09 12:50:00,1950,1950,1950,1950,0
2022-08-09 12:51:00,1950,1950,1950,1950,0
2022-08-09 12:52:00,1950,1950,1950,1950,0
2022-08-09 12:53:00,1950,1950,1950,1950,0
2022-08-09 12:54:00,1950,1950,1950,1950,0
2022-08-09 12:55:00,1950,1950,1950,1950,0
2022-08-09 12:56:00,1950,1950,1950,1950,0
2022-08-09 12:57:00,1950,1950,1950,1950,0
2022-08-09 12:58:00,1950,1950,1950,1950,0
2022-08-09 12:59:00,1950,1950,1950,1950,0
2022-08-09 13:00:00,1950,1950,1950,1950,0
2022-08-09 13:01:00,1950,1950,1950,1950,0
2022-08-09 13:02:00,1950,1950,1950,1950,0
2022-08-09 13:03:00,1950,1950,1950,1950,0
2022-08-09 13:04:00,1950,1950,1950,1950,0
2022-08-09 13:05:00,1950,1950,1950,1950,0
2022-08-09 13:06:00,1950,1950,1950,1950,0
2022-08-09 13:07:00,1950,1950,1950,1950,0
2022-08-09 13:08:00,1950,1950,1950,1950,0
2022-08-09 13:09:00,1950,1950,1950,1950,0
2022-08-09 13:10:00,1950,1950,1950,1950,0
2022-08-09 13:11:00,1950,1950,1950,1950,0
2022-08-09 13:12:00,1950,1950,1950,1950,0
2022-08-09 13:13:00,1950,1950,1950,1950,0
2022-08-09 13:14:00,1950,1950,1950,1950,0
2022-08-09 13:15:00,1950,1950,1950,1950,0
2022-08-09 13:16:00,1950,1950,1950,1950,0
2022-08-09 13:17:00,1950,1950,1950,1950,0
2022-08-09 13:18:00,1950,1950,1950,1950,0
2022-08-09 13:19:00,1950,1950,1950,1950,0
2022-08-09 13:20:00,1950,1950,1950,1950,0
2022-08-09 13:21:00,1950,1950,1950,1950,0
2022-08-09 13:22:00,1950,1950,1950,1950,0
2022-08-09 13:23:00,1950,1950,1950,1950,0
2022-08-09 13:24:00,1950,1950,1950,1950,0
2022-08-09 13:25:00,1950,1950,1950,1950,0
2022-08-09 13:26:00,1950,1950,1950,1950,0
2022-08-09 13:27:00,1950,1950,1950,1950,0
2022-08-09 13:28:00,1950,1950,1950,1950,0
2022-08-09 13:29:00,1950,1950,1950,1950,0
2022-08-09 13:30:00,1950,1950,1950,1950,0
2022-08-09 13:31:00,1950,1950,1950,1950,0
2022-08-09 13:32:00,1950,1950,1950,1950,0
2022-08-09 13:33:00,1950,1950,1950,1950,0
2022-08-09 13:34:00,1950,1950,1950,1950,0
2022-08-09 13:35:00,1950,1950,1950,1950,0
2022-08-09 13:36:00,1950,1950,1950,1950,0
2022-08-09 13:37:00,1950,1950,1950,1950,0
2022-08-09 13:38:00,1950,1950,1950,1950,0
2022-08-09 13:39:00,1950,1950,1950,1950,0
2022-08-09 13:40:00,1950,1950,1950,1950,0
2022-08-09 13:41:00,1950,1950,1950,1950,0
2022-08-09 13:42:00,1950,1950,1950,1950,0
2022-08-09 13:43:00,1950,1950,1950,1950,0
2022-08-09 13:44:00,1950,1950,1950,1950,0
2022-08-09 13:45:00,1950,1950,1950,1950,0
2022-08-09 13:46:00,1950,1950,1950,1950,0
2022-08-09 13:47:00,1950,1950,1950,1950,0
2022-08-09 13:48:00,1950,1950,1950,1950,0
2022-08-09 13:49:00,1950,1950,1950,1950,0
2022-08-09 13:50:00,1950,1950,1950,1950,0
2022-08-09 13:51:00,1950,1950,1950,1950,0
2022-08-09 13:52:00,1950,1950,1950,1950,0
2022-08-09 13:53:00,1950,1950,1950,1950,0
2022-08-09 13:54:00,1950,1950,1950,1950,0
2022-08-09 13:55:00,1950,1950,1950,1950,0
2022-08-09 13:56:00,1950,1950,1950,1950,0
2022-08-09 13:57:00,1950,1950,1950,1950,0
2022-08-09 13:58:00,1950,1950,1950,1950,0
2022-08-09 13:59:00,1950,1950,1950,1950,0
2022-08-09 14:00:00,1950,1950,1950,1950,0
2022-08-09 14:01:00,1950,1950,1950,1950,0
2022-08-09 14:02:00,1950,1950,1950,1950,0
2022-08-09 14:03:00,1950,1950,1950,1950,0
2022-08-09 14:04:00,1950,1950,1950,1950,0
2022-08-09 14:05:00,1950,1950,1950,1950,0
2022-08-09 14:06:00,1950,1950,1950,1950,0
2022-08-09 14:07:00,1950,1950,1950,1950,0
2022-08-09 14:08:00,1950,1950,1950,1950,0
2022-08-09 14:09:00,1950,1950,1950,1950,0
2022-08-09 14:10:00,1950,1950,1950,1950,0
2022-08-09 14:11:00,1950,1950,1950,1950,0
2022-08-09 14:12:00,1950,1950,1950,1950,0
2022-08-09 14:13:00,1950,1950,1950,1950,0
2022-08-09 14:14:00,1950,1950,1950,1950,0
2022-08-09 14:15:00,1950,1950,1950,1950,0
2022-08-09 14:16:00,1950,1950,1950,1950,0
2022-08-09 14:17:00,1950,1950,1950,1950,0
2022-08-09 14:18:00,1950,1950,1950,1950,0
2022-08-09 14:19:00,1950,1950,1950,1950,0
2022-08-09 14:20:00,1950,1950,1950,1950,0
2022-08-09 14:21:00,1950,1950,1950,1950,0
2022-08-09 14:22:00,1950,1950,1950,1950,0
2022-08-09 14:23:00,1950,1950,1950,1950,0
2022-08-09 14:24:00,1950,1950,1950,1950,0
2022-08-09 14:25:00,1950,1950,1950,1950,0
2022-08-09 14:26:00,1950,1950,1950,1950,0
2022-08-09 14:27:00,1950,1950,1950,1950,0
2022-08-09 14:28:00,1950,1950,1950,1950,0
2022-08-09 14:29:00,1950,1950,1950,1950,0
2022-08-09 14:30:00,1950,1950,1950,1950,0
2022-08-09 14:31:00,1950,1950,1950,1950,0
2022-08-09 14:32:00,1950,1950,1950,1950,0
2022-08-09 14:33:00,1950,1950,1950,1950,0
2022-08-09 14:34:00,1950,1950,1950,1950,0
2022-08-09 14:35:00,1950,1950,1950,1950,0
2022-08-09 14:36:00,1950,1950,1950,1950,0
2022-08-09 14:37:00,1950,1950,1950,1950,0
2022-08-09 14:38:00,1950,1950,1950,1950,0
2022-08-09 14:39:00,1950,1950,1950,1950,0
2022-08-09 14:40:00,1950,1950,1950,1950,0
2022-08-09 14:41:00,1950,1950,1950,1950,0
2022-08-09 14:42:00,1950,1950,1950,1950,0
2022-08-09 14:43:00,1950,1950,1950,1950,0
2022-08-09 14:44:00,1950,1950,1950,1950,0
2022-08-09 14:45:00,1950,1950,1950,1950,0
2022-08-09 14:46:00,1950,1950,1950,1950,0
2022-08-09 14:47:00,1950,1950,1950,1950,0
2022-08-09 14:48:00,1950,1950,1950,1950,0
2022-08-09 14:49:00,1950,1950,1950,1950,0
2022-08-09 14:50:00,1950,1950,1950,1950,0
2022-08-09 14:51:00,1950,1950,1950,1950,0
2022-08-09 14:52:00,1950,1950,1950,1950,0
2022-08-09 14:53:00,1950,1950,1950,1950,0
2022-08-09 14:54:00,1950,1950,1950,1950,0
2022-08-09 14:55:00,1950,1950,1950,1950,0
2022-08-09 14:56:00,1950,1950,1950,1950,0
2022-08-09 14:57:00,1950,1950,1950,1950,0
2022-08-09 14:58:00,1950,1950,1950,1950,0
2022-08-09 14:59:00,1950,1950,1950,1950,0
2022-08-09 15:00:00,1950,1950,1950,1950,0
2022-08-09 15:01:00,1950,1950,1950,1950,0
2022-08-09 15:02:00,1950,1950,1950,1950,0
2022-08-09 15:03:00,1950,1950,1950,1950,0
2022-08-09 15:04:00,1950,1950,1950,1950,0
2022-08-09 15:05:00,1950,1950,1950,1950,0
2022-08-09 15:06:00,1950,1950,1950,1950,0
2022-08-09 15:07:00,1950,1950,1950,1950,0
2022-08-09 15:08:00,1950,1950,1950,1950,0
2022-08-09 15:09:00,1950,1950,1950,1950,0
2022-08-09 15:10:00,1950,1950,1950,1950,0
2022-08-09 15:11:00,1950,1950,1950,1950,0
2022-08-09 15:12:00,1950,1950,1950,1950,0
2022-08-09 15:13:00,1950,1950,1950,1950,0
2022-08-09 15:14:00,1950,1950,1950,1950,0
2022-08-09 15:15:00,1950,1950,1950,1950,0
2022-08-09 15:16:00,1950,1950,1950,1950,0
2022-08-09 15:17:00,1950,1950,1950,1950,0
2022-08-09 15:18:00,1950,1950,1950,1950,0
2022-08-09 15:19:00,1950,1950,1950,1950,0
2022-08-09 15:20:00,1950,1950,1950,1950,0
2022-08-09 15:21:00,1950,1950,1950,1950,0
2022-08-09 15:22:00,1950,1950,1950,1950,0
2022-08-09 15:23:00,1950,1950,1950,1950,0
2022-08-09 15:24:00,1950,1950,1950,1950,0
2022-08-09 15:25:00,1950,1950,1950,1950,0
2022-08-09 15:26:00,1950,1950,1950,1950,0
2022-08-09 15:27:00,1950,1950,1950,1950,0
2022-08-09 15:28:00,1950,1950,1950,1950,0
2022-08-09 15:29:00,1950,1950,1950,1950,0
2022-08-09 15:30:00,1950,1950,1950,1950,0
2022-08-09 15:31:00,1950,1950,1950,1950,0
2022-08-09 15:32:00,1950,1950,1950,1950,0
2022-08-09 15:33:00,1950,1950,1950,1950,0
2022-08-09 15:34:00,1950,1950,1950,1950,0
2022-08-09 15:35:00,1950,1950,1950,1950,0
2022-08-09 15:36:00,1950,1950,1950,1950,0
2022-08-09 15:37:00,1950,1950,1950,1950,0
2022-08-09 15:38:00,1950,1950,1950,1950,0
2022-08-09 15:39:00,1950,1950,1950,1950,0
2022-08-09 15:40:00,1950,1950,1950,1950,0
2022-08-09 15:41:00,1950,1950,1950,1950,0
2022-08-09 15:42:00,1950,1950,1950,1950,0
2022-08-09 15:43:00,1950,1950,1950,1950,0
2022-08-09 15:44:00,1950,1950,1950,1950,0
2022-08-09 15:45:00,1950,1950,1950,1950,0
2022-08-09 15:46:00,1950,1950,1950,1950,0
2022-08-09 15:47:00,1950,1950,1950,1950,0
2022-08-09 15:48:00,1950,1950,1950,1950,0
2022-08-09 15:49:00,1950,1950,1950,1950,0
2022-08-09 15:50:00,1950,1950,1950,1950,0
2022-08-09 15:51:00,1950,1950,1950,1950,0
2022-08-09 15:52:00,1950,1950,1950,1950,0
2022-08-09 15:53:00,1950,1950,1950,1950,0
2022-08-09 15:54:00,1950,1950,1950,1950,0
2022-08-09 15:55:00,1950,1950,1950,1950,0
2022-08-09 15:56:00,1950,1950,1950,1950,0
2022-08-09 15:57:00,1950,1950,1950,1950,0
2022-08-09 15:58:00,1950,1950,1950,1950,0
2022-08-09 15:59:00,1950,1950,1950,1950,0
2022-08-10 09:00:00,1950,1950,1950,1950,0
2022-08-10 09:01:00,1950,1950,1950,1950,0
2022-08-10 09:02:00,1950,1950,1950,1950,0
2022-08-10 09:03:00,1950,1950,1950,1950,0
2022-08-10 09:04:00,1950,1950,1950,1950,0
2022-08-10 09:05:00,1950,1950,1950,1950,0
2022-08-10 09:06:00,1950,1950,1950,1950,0
2022-08-10 09:07:00,1950,1950,1950,1950,0
2022-08-10 09:08:00,1950,1950,1950,1950,0
2022-08-10 09:09:00,1950,1950,1950,1950,0
2022-08-10 09:10:00,1950,1950,1950,1950,0
2022-08-10 09:11:00,1950,1950,1950,1950,0
2022-08-10 09:12:00,1950,1950,1950,1950,0
2022-08-10 09:13:00,1950,1950,1950,1950,0
2022-08-10 09:14:00,1950,1950,1950,1950,0
2022-08-10 09:15:00,1950,1950,1950,1950,0
2022-08-10 09:16:00,1950,1950,1950,1950,0
2022-08-10 09:17:00,1950,1950,1950,1950,0
2022-08-10 09:18:00,1950,1950,1950,1950,0
2022-08-10 09:19:00,1950,1950,1950,1950,0
2022-08-10 09:20:00,1950,1950,1950,1950,0
2022-08-10 09:21:00,1950,1950,1950,1950,0
2022-08-10 09:22:00,1950,1950,1950,1950,0
2022-08-10 09:23:00,1950,1950,1950,1950,0
2022-08-10 09:24:00,1950,1950,1950,1950,0
2022-08-10 09:25:00,1950,1950,1950,1950,0
2022-08-10 09:26:00,1950,1950,1950,1950,0
2022-08-10 09:27:00,1950,1950,1950,1950,0
2022-08-10 09:28:00,1950,1950,1950,1950,0
2022-08-10 09:29:00,1950,1950,1950,1950,0
2022-08-10 09:30:00,1950,1950,1950,1950,0
2022-08-10 09:31:00,1950,1950,1950,1950,0
2022-08-10 09:32:00,1950,1950,1950,1950,0
2022-08-10 09:33:00,1950,1950,1950,1950,0
2022-08-10 09:34:00,1950,1950,1950,1950,0
2022-08-10 09:35:00,1950,1950,1950,1950,0
2022-08-10 09:36:00,1950,1950,1950,1950,0
2022-08-10 09:37:00,1950,1950,1950,1950,0
2022-08-10 09:38:00,1950,1950,1950,1950,0
2022-08-10 09:39:00,1950,1950,1950,1950,0
2022-08-10 09:40:00,1950,1950,1950,1950,0
2022-08-10 09:41:00,1950,1950,1950,1950,0
2022-08-10 09:42:00,1950,1950,1950,1950,0
2022-08-10 09:43:00,1950,1950,1950,1950,0
2022-08-10 09:44:00,1950,1950,1950,1950,0
2022-08-10 09:45:00,1950,1950,1950,1950,0
2022-08-10 09:46:00,1950,1950,1950,1950,0
2022-08-10 09:47:00,1950,1950,1950,1950,0
2022-08-10 09:48:00,1950,1950,1950,1950,0
2022-08-10 09:49:00,1950,1950,1950,1950,0
2022-08-10 09:50:00,1950,1950,1950,1950,0
2022-08-10 09:51:00,1950,1950,1950,1950,0
2022-08-10 09:52:00,1950,1950,1950,1950,0
2022-08-10 09:53:00,1950,1950,1950,1950,0
2022-08-10 09:54:00,1950,1950,1950,1950,0
2022-08-10 09:55:00,1950,1950,1950,1950,0
2022-08-10 09:56:00,1950,1950,1950,1950,0
2022-08-10 09:57:00,1950,1950,1950,1950,0
2022-08-10 09:58:00,1950,1950,1950,1950,0
2022-08-10 09:59:00,1950,1950,1950,1950,0
2022-08-10 10:00:00,1950,1950,1950,1950,0
2022-08-10 10:01:00,1950,1950,1950,1950,0
2022-08-10 10:02:00,1950,1950,1950,1950,0
2022-08-10 10:03:00,1950,1950,1950,1950,0
2022-08-10 10:04:00,1950,1950,1950,1950,0
2022-08-10 10:05:00,1950,1950,1950,1950,0
2022-08-10 10:06:00,1950,1950,1950,1950,0
2022-08-10 10:07:00,1950,1950,1950,1950,0
2022-08-10 10:08:00,1950,1950,1950,1950,0
2022-08-10 10:09:00,1950,1950,1950,1950,0
2022-08-10 10:10:00,1950,1950,1950,1950,0
2022-08-10 10:11:00,1950,1950,1950,1950,0
2022-08-10 10:12:00,1950,1950,1950,1950,0
2022-08-10 10:13:00,1950,1950,1950,1950,0
2022-08-10 10:14:00,1950,1950,1950,1950,0
2022-08-10 10:15:00,1950,1950,1950,1950,0
2022-08-10 10:16:00,1950,1950,1950,1950,0
2022-08-10 10:17:00,1950,1950,1950,1950,0
2022-08-10 10:18:00,1950,1950,1950,1950,0
2022-08-10 10:19:00,1950,1950,1950,1950,0
2022-08-10 10:20:00,1950,1950,1950,1950,0
2022-08-10 10:21:00,1950,1950,1950,1950,0
2022-08-10 10:22:00,1950,1950,1950,1950,0
2022-08-10 10:23:00,1950,1950,1950,1950,0
2022-08-10 10:24:00,1950,1950,1950,1950,0
2022-08-10 10:25:00,1950,1950,1950,1950,0
2022-08-10 10:26:00,1950,1950,1950,1950,0
2022-08-10 10:27:00,1950,1950,1950,1950,0
2022-08-10 10:28:00,1950,1950,1950,1950,0
2022-08-10 10:29:00,1950,1950,1950,1950,0
2022-08-10 10:30:00,1950,1950,1950,1950,0
2022-08-10 10:31:00,1950,1950,1950,1950,0
2022-08-10 10:32:00,1950,1950,1950,1950,0
2022-08-10 10:33:00,1950,1950,1950,1950,0
2022-08-10 10:34:00,1950,1950,1950,1950,0
2022-08-10 10:35:00,1950,1950,1950,1950,0
2022-08-10 10:36:00,1950,1950,1950,1950,0
2022-08-10 10:37:00,1950,1950,1950,1950,0
2022-08-10 10:38:00,1950,1950,1950,1950,0
2022-08-10 10:39:00,1950,1950,1950,1950,0
2022-08-10 10:40:00,1950,1950,1950,1950,0
2022-08-10 10:41:00,1950,1950,1950,1950,0
2022-08-10 10:42:00,1950,1950,1950,1950,0
2022-08-10 10:43:00,1950,1950,1950,1950,0
2022-08-10 10:44:00,1950,1950,1950,1950,0
2022-08-10 10:45:00,1950,1950,1950,1950,0
2022-08-10 10:46:00,1950,1950,1950,1950,0
2022-08-10 10:47:00,1950,1950,1950,1950,0
2022-08-10 10:48:00,1950,1950,1950,1950,0
2022-08-10 10:49:00,1950,1950,1950,1950,0
2022-08-10 10:50:00,1950,1950,1950,1950,0
2022-08-10 10:51:00,1950,1950,1950,1950,0
2022-08-10 10:52:00,1950,1950,1950,1950,0
2022-08-10 10:53:00,1950,1950,1950,1950,0
2022-08-10 10:54:00,1950,1950,1950,1950,0
2022-08-10 10:55:00,1950,1950,1950,1950,0
2022-08-10 10:56:00,1950,1950,1950,1950,0
2022-08-10 10:57:00,1950,1950,1950,1950,0
2022-08-10 10:58:00,1950,1950,1950,1950,0
2022-08-10 10:59:00,1950,1950,1950,1950,0
2022-08-10 11:00:00,1950,1950,1950,1950,0
2022-08-10 11:01:00,1950,1950,1950,1950,0
2022-08-10 11:02:00,1950,1950,1950,1950,0
2022-08-10 11:03:00,1950,1950,1950,1950,0
2022-08-10 11:04:00,1950,1950,1950,1950,0
2022-08-10 11:05:00,1950,1950,1950,1950,0
2022-08-10 11:06:00,1950,1950,1950,1950,0
2022-08-10 11:07:00,1950,1950,1950,1950,0
2022-08-10 11:08:00,1950,1950,1950,1950,0
2022-08-10 11:09:00,1950,1950,1950,1950,0
2022-08-10 11:10:00,1950,1950,1950,1950,0
2022-08-10 11:11:00,1950,1950,1950,1950,0
2022-08-10 11:12:00,1950,1950,1950,1950,0
2022-08-10 11:13:00,1950,1950,1950,1950,0
2022-08-10 11:14:00,1950,1950,1950,1950,0
2022-08-10 11:15:00,1950,1950,1950,1950,0
2022-08-10 11:16:00,1950,1950,1950,1950,0
2022-08-10 11:17:00,1950,1950,1950,1950,0
2022-08-10 11:18:00,1950,1950,1950,1950,0
2022-08-10 11:19:00,1950,1950,1950,1950,0
2022-08-10 11:20:00,1950,1950,1950,1950,0
2022-08-10 11:21:00,1950,1950,1950,1950,0
2022-08-10 11:22:00,1950,1950,1950,1950,0
2022-08-10 11:23:00,1950,1950,1950,1950,0
2022-08-10 11:24:00,1950,1950,1950,1950,0
2022-08-10 11:25:00,1950,1950,1950,1950,0
2022-08-10 11:26:00,1950,1950,1950,1950,0
2022-08-10 11:27:00,1950,1950,1950,1950,0
2022-08-10 11:28:00,1950,1950,1950,1950,0
2022-08-10 11:29:00,1950,1950,1950,1950,0
2022-08-10 11:30:00,1950,1950,1950,1950,0
2022-08-10 11:31:00,1950,1950,1950,1950,0
2022-08-10 11:32:00,1950,1950,1950,1950,0
2022-08-10 11:33:00,1950,1950,1950,1950,0
2022-08-10 11:34:00,1950,1950,1950,1950,0
2022-08-10 11:35:00,1950,1950,1950,1950,0
2022-08-10 11:36:00,1950,1950,1950,1950,0
2022-08-10 11:37:00,1950,1950,1950,1950,0
2022-08-10 11:38:00,1950,1950,1950,1950,0
2022-08-10 11:39:00,1950,1950,1950,1950,0
2022-08-10 11:40:00,1950,1950,1950,1950,0
2022-08-10 11:41:00,1950,1950,1950,1950,0
2022-08-10 11:42:00,1950,1950,1950,1950,0
2022-08-10 11:43:00,1950,1950,1950,1950,0
2022-08-10 11:44:00,1950,1950,1950,1950,0
2022-08-10 11:45:00,1950,1950,1950,1950,0
2022-08-10 11:46:00,1950,1950,1950,1950,0
2022-08-10 11:47:00,1950,1950,1950,1950,0
2022-08-10 11:48:00,1950,1950,1950,1950,0
2022-08-10 11:49:00,1950,1950,1950,1950,0
2022-08-10 11:50:00,1950,1950,1950,1950,0
2022-08-10 11:51:00,1950,1950,1950,1950,0
2022-08-10 11:52:00,1950,1950,1950,1950,0
2022-08-10 11:53:00,1950,1950,1950,1950,0
2022-08-10 11:54:00,1950,1950,1950,1950,0
2022-08-10 11:55:00,1950,1950,1950,1950,0
2022-08-10 11:56:00,1950,1950,1950,1950,0
2022-08-10 11:57:00,1950,1950,1950,1950,0
2022-08-10 11:58:00,1950,1950,1950,1950,0
2022-08-10 11:59:00,1950,1950,1950,1950,0
2022-08-10 12:00:00,1950,1950,1950,1950,0
2022-08-10 12:01:00,1950,1950,1950,1950,0
2022-08-10 12:02:00,1950,1950,1950,1950,0
2022-08-10 12:03:00,1950,1950,1950,1950,0
2022-08-10 12:04:00,1950,1950,1950,1950,0
2022-08-10 12:05:00,1950,1950,1950,1950,0
2022-08-10 12:06:00,1950,1950,1950,1950,0
2022-08-10 12:07:00,1950,1950,1950,1950,0
2022-08-10 12:08:00,1950,1950,1950,1950,0
2022-08-10 12:09:00,1950,1950,1950,1950,0
2022-08-10 12:10:00,1950,1950,1950,1950,0
2022-08-10 12:11:00,1950,1950,1950,1950,0
2022-08-10 12:12:00,1950,1950,1950,1950,0
2022-08-10 12:13:00,1950,1950,1950,1950,0
2022-08-10 12:14:00,1950,1950,1950,1950,0
2022-08-10 12:15:00,1950,1950,1950,1950,0
2022-08-10 12:16:00,1950,1950,1950,1950,0
2022-08-10 12:17:00,1950,1950,1950,1950,0
2022-08-10 12:18:00,1950,1950,1950,1950,0
2022-08-10 12:19:00,1950,1950,1950,1950,0
2022-08-10 12:20:00,1950,1950,1950,1950,0
2022-08-10 12:21:00,1950,1950,1950,1950,0
2022-08-10 12:22:00,1950,1950,1950,1950,0
2022-08-10 12:23:00,1950,1950,1950,1950,0
2022-08-10 12:24:00,1950,1950,1950,1950,0
2022-08-10 12:25:00,1950,1950,1950,1950,0
2022-08-10 12:26:00,1950,1950,1950,1950,0
2022-08-10 12:27:00,1950,1950,1950,1950,0
2022-08-10 12:28:00,1950,1950,1950,1950,0
2022-08-10 12:29:00,1950,1950,1950,1950,0
2022-08-10 12:30:00,1950,1950,1950,1950,0
2022-08-10 12:31:00,1950,1950,1950,1950,0
2022-08-10 12:32:00,1950,1950,1950,1950,0
2022-08-10 12:33:00,1950,1950,1950,1950,0
2022-08-10 12:34:00,1950,1950,1950,1950,0
2022-08-10 12:35:00,1950,1950,1950,1950,0
2022-08-10 12:36:00,1950,1950,1950,1950,0
2022-08-10 12:37:00,1950,1950,1950,1950,0
2022-08-10 12:38:00,1950,1950,1950,1950,0
2022-08-10 12:39:00,1950,1950,1950,1950,0
2022-08-10 12:40:00,1950,1950,1950,1950,0
2022-08-10 12:41:00,1950,1950,1950,1950,0
2022-08-10 12:42:00,1950,1950,1950,1950,0
2022-08-10 12:43:00,1950,1950,1950,1950,0
2022-08-10 12:44:00,1950,1950,1950,1950,0
2022-08-10 12:45:00,1950,1950,1950,1950,0
2022-08-10 12:46:00,1950,1950,1950,1950,0
2022-08-10 12:47:00,1950,1950,1950,1950,0
2022-08-10 12:48:00,1950,1950,1950,1950,0
2022-08-10 12:49:00,1950,1950,1950,1950,0
2022-08-10 12:50:00,1950,1950,1950,1950,0
2022-08-10 12:51:00,1950,1950,1950,1950,0
2022-08-10 12:52:00,1950,1950,1950,1950,0
2022-08-10 12:53:00,1950,1950,1950,1950,0
2022-08-10 12:54:00,1950,1950,1950,1950,0
2022-08-10 12:55:00,1950,1950,1950,1950,0
2022-08-10 12:56:00,1950,1950,1950,1950,0
2022-08-10 12:57:00,1950,1950,1950,1950,0
2022-08-10 12:58:00,1950,1950,1950,1950,0
2022-08-10 12:59:00,1950,1950,1950,1950,0
2022-08-10 13:00:00,1950,1950,1950,1950,0
2022-08-10 13:01:00,1950,1950,1950,1950,0
2022-08-10 13:02:00,1950,1950,1950,1950,0
2022-08-10 13:03:00,1950,1950,1950,1950,0
2022-08-10 13:04:00,1950,1950,1950,1950,0
2022-08-10 13:05:00,1950,1950,1950,1950,0
2022-08-10 13:06:00,1950,1950,1950,1950,0
2022-08-10 13:07:00,1950,1950,1950,1950,0
2022-08-10 13:08:00,1950,1950,1950,1950,0
2022-08-10 13:09:00,1950,1950,1950,1950,0
2022-08-10 13:10:00,1950,1950,1950,1950,0
2022-08-10 13:11:00,1950,1950,1950,1950,0
2022-08-10 13:12:00,1950,1950,1950,1950,0
2022-08-10 13:13:00,1950,1950,1950,1950,0
2022-08-10 13:14:00,1950,1950,1950,1950,0
2022-08-10 13:15:00,1950,1950,1950,1950,0
2022-08-10 13:16:00,1950,1950,1950,1950,0
2022-08-10 13:17:00,1950,1950,1950,1950,0
2022-08-10 13:18:00,1950,1950,1950,1950,0
2022-08-10 13:19:00,1950,1950,1950,1950,0
2022-08-10 13:20:00,1950,1950,1950,1950,0
2022-08-10 13:21:00,1950,1950,1950,1950,0
2022-08-10 13:22:00,1950,1950,1950,1950,0
2022-08-10 13:23:00,1950,1950,1950,1950,0
2022-08-10 13:24:00,1950,1950,1950,1950,0
2022-08-10 13:25:00,1950,1950,1950,1950,0
2022-08-10 13:26:00,1950,1950,1950,1950,0
2022-08-10 13:27:00,1950,1950,1950,1950,0
2022-08-10 13:28:00,1950,1950,1950,1950,0
2022-08-10 13:29:00,1950,1950,1950,1950,0
2022-08-10 13:30:00,1950,1950,1950,1950,0
2022-08-10 13:31:00,1950,1950,1950,1950,0
2022-08-10 13:32:00,1950,1950,1950,1950,0
2022-08-10 13:33:00,1950,1950,1950,1950,0
2022-08-10 13:34:00,1950,1950,1950,1950,0
2022-08-10 13:35:00,1950,1950,1950,1950,0
2022-08-10 13:36:00,1950,1950,1950,1950,0
2022-08-10 13:37:00,1950,1950,1950,1950,0
2022-08-10 13:38:00,1950,1950,1950,1950,0
2022-08-10 13:39:00,1950,1950,1950,1950,0
2022-08-10 13:40:00,1950,1950,1950,1950,0
2022-08-10 13:41:00,1950,1950,1950,1950,0
2022-08-10 13:42:00,1950,1950,1950,1950,0
2022-08-10 13:43:00,1950,1950,1950,1950,0
2022-08-10 13:44:00,1950,1950,1950,1950,0
2022-08-10 13:45:00,1950,1950,1950,1950,0
2022-08-10 13:46:00,1950,1950,1950,1950,0
2022-08-10 13:47:00,1950,1950,1950,1950,0
2022-08-10 13:48:00,1950,1950,1950,1950,0
2022-08-10 13:49:00,1950,1950,1950,1950,0
2022-08-10 13:50:00,1950,1950,1950,1950,0
2022-08-10 13:51:00,1950,1950,1950,1950,0
2022-08-10 13:52:00,1950,1950,1950,1950,0
2022-08-10 13:53:00,1950,1950,1950,1950,0
2022-08-10 13:54:00,1950,1950,1950,1950,0
2022-08-10 13:55:00,1950,1950,1950,1950,0
2022-08-10 13:56:00,1950,1950,1950,1950,0
2022-08-10 13:57:00,1950,1950,1950,1950,0
2022-08-10 13:58:00,1950,1950,1950,1950,0
2022-08-10 13:59:00,1950,1950,1950,1950,0
2022-08-10 14:00:00,1950,1950,1950,1950,0
2022-08-10 14:01:00,1950,1950,1950,1950,0
2022-08-10 14:02:00,1950,1950,1950,1950,0
2022-08-10 14:03:00,1950,1950,1950,1950,0
2022-08-10 14:04:00,1950,1950,1950,1950,0
2022-08-10 14:05:00,1950,1950,1950,1950,0
2022-08-10 14:06:00,1950,1950,1950,1950,0
2022-08-10 14:07:00,1950,1950,1950,1950,0
2022-08-10 14:08:00,1950,1950,1950,1950,0
2022-08-10 14:09:00,1950,1950,1950,1950,0
2022-08-10 14:10:00,1950,1950,1950,1950,0
2022-08-10 14:11:00,1950,1950,1950,1950,0
2022-08-10 14:12:00,1950,1950,1950,1950,0
2022-08-10 14:13:00,1950,1950,1950,1950,0
2022-08-10 14:14:00,1950,1950,1950,1950,0
2022-08-10 14:15:00,1950,1950,1950,1950,0
2022-08-10 14:16:00,1950,1950,1950,1950,0
2022-08-10 14:17:00,1950,1950,1950,1950,0
2022-08-10 14:18:00,1950,1950,1950,1950,0
2022-08-10 14:19:00,1950,1950,1950,1950,0
2022-08-10 14:20:00,1950,1950,1950,1950,0
2022-08-10 14:21:00,1950,1950,1950,1950,0
2022-08-10 14:22:00,1950,1950,1950,1950,0
2022-08-10 14:23:00,1950,1950,1950,1950,0
2022-08-10 14:24:00,1950,1950,1950,1950,0
2022-08-10 14:25:00,1950,1950,1950,1950,0
2022-08-10 14:26:00,1950,1950,1950,1950,0
2022-08-10 14:27:00,1950,1950,1950,1950,0
2022-08-10 14:28:00,1950,1950,1950,1950,0
2022-08-10 14:29:00,1950,1950,1950,1950,0
2022-08-10 14:30:00,1950,1950,1950,1950,0
2022-08-10 14:31:00,1950,1950,1950,1950,0
2022-08-10 14:32:00,1950,1950,1950,1950,0
2022-08-10 14:33:00,1950,1950,1950,1950,0
2022-08-10 14:34:00,1950,1950,1950,1950,0
2022-08-10 14:35:00,1950,1950,1950,1950,0
2022-08-10 14:36:00,1950,1950,1950,1950,0
2022-08-10 14:37:00,1950,1950,1950,1950,0
2022-08-10 14:38:00,1950,1950,1950,1950,0
2022-08-10 14:39:00,1950,1950,1950,1950,0
2022-08-10 14:40:00,1950,1950,1950,1950,0
2022-08-10 14:41:00,1950,1950,1950,1950,0
2022-08-10 14:42:00,1950,1950,1950,1950,0
2022-08-10 14:43:00,1970,1970,1985,1985,8000
2022-08-10 14:44:00,1990,1990,1990,1990,100
2022-08-10 14:45:00,1995,1995,1995,1995,3500
2022-08-10 14:46:00,2000,2000,2000,2000,0
2022-08-10 14:47:00,2000,2000,2000,2000,0
2022-08-10 14:48:00,2000,2000,2000,2000,0
2022-08-10 14:49:00,2000,2000,2000,2000,0
2022-08-10 14:50:00,2000,2000,2000,2000,0
2022-08-10 14:51:00,2000,2000,2000,2000,0
2022-08-10 14:52:00,2000,2000,2000,2000,0
2022-08-10 14:53:00,2000,2000,2000,2000,0
2022-08-10 14:54:00,2000,2000,2000,2000,0
2022-08-10 14:55:00,2000,2000,2000,2000,0
2022-08-10 14:56:00,2000,2000,2000,2000,0
2022-08-10 14:57:00,2000,2000,2000,2000,0
2022-08-10 14:58:00,2000,2000,2000,2000,0
2022-08-10 14:59:00,2000,2000,2000,2000,0
2022-08-10 15:00:00,2000,2000,2000,2000,0
2022-08-10 15:01:00,2000,2000,2000,2000,0
2022-08-10 15:02:00,2000,2000,2000,2000,0
2022-08-10 15:03:00,2000,2000,2000,2000,0
2022-08-10 15:04:00,2000,2000,2000,2000,0
2022-08-10 15:05:00,2000,2000,2000,2000,0
2022-08-10 15:06:00,2000,2000,2000,2000,0
2022-08-10 15:07:00,2000,2000,2000,2000,0
2022-08-10 15:08:00,2000,2000,2000,2000,0
2022-08-10 15:09:00,2000,2000,2000,2000,0
2022-08-10 15:10:00,2000,2000,2000,2000,0
2022-08-10 15:11:00,2000,2000,2000,2000,0
2022-08-10 15:12:00,2000,2000,2000,2000,0
2022-08-10 15:13:00,2000,2000,2000,2000,0
2022-08-10 15:14:00,2000,2000,2000,2000,0
2022-08-10 15:15:00,2000,2000,2000,2000,0
2022-08-10 15:16:00,2000,2000,2000,2000,0
2022-08-10 15:17:00,2000,2000,2000,2000,0
2022-08-10 15:18:00,2000,2000,2000,2000,0
2022-08-10 15:19:00,2000,2000,2000,2000,0
2022-08-10 15:20:00,2000,2000,2000,2000,0
2022-08-10 15:21:00,2000,2000,2000,2000,0
2022-08-10 15:22:00,2000,2000,2000,2000,0
2022-08-10 15:23:00,2000,2000,2000,2000,0
2022-08-10 15:24:00,2000,2000,2000,2000,0
2022-08-10 15:25:00,2000,2000,2000,2000,0
2022-08-10 15:26:00,2000,2000,2000,2000,0
2022-08-10 15:27:00,2000,2000,2000,2000,0
2022-08-10 15:28:00,2000,2000,2000,2000,0
2022-08-10 15:29:00,2000,2000,2000,2000,0
2022-08-10 15:30:00,2000,2000,2000,2000,0
2022-08-10 15:31:00,2000,2000,2000,2000,0
2022-08-10 15:32:00,2000,2000,2000,2000,0
2022-08-10 15:33:00,2000,2000,2000,2000,0
2022-08-10 15:34:00,2000,2000,2000,2000,0
2022-08-10 15:35:00,2000,2000,2000,2000,0
2022-08-10 15:36:00,2000,2000,2000,2000,0
2022-08-10 15:37:00,2000,2000,2000,2000,0
2022-08-10 15:38:00,2000,2000,2000,2000,0
2022-08-10 15:39:00,2000,2000,2000,2000,0
2022-08-10 15:40:00,2000,2000,2000,2000,0
2022-08-10 15:41:00,2000,2000,2000,2000,0
2022-08-10 15:42:00,2000,2000,2000,2000,0
2022-08-10 15:43:00,2000,2000,2000,2000,0
2022-08-10 15:44:00,2000,2000,2000,2000,0
2022-08-10 15:45:00,2000,2000,2000,2000,0
2022-08-10 15:46:00,2000,2000,2000,2000,0
2022-08-10 15:47:00,2000,2000,2000,2000,0
2022-08-10 15:48:00,2000,2000,2000,2000,0
2022-08-10 15:49:00,2000,2000,2000,2000,0
2022-08-10 15:50:00,2000,2000,2000,2000,0
2022-08-10 15:51:00,2000,2000,2000,2000,0
2022-08-10 15:52:00,2000,2000,2000,2000,0
2022-08-10 15:53:00,2000,2000,2000,2000,0
2022-08-10 15:54:00,2000,2000,2000,2000,0
2022-08-10 15:55:00,2000,2000,2000,2000,0
2022-08-10 15:56:00,2000,2000,2000,2000,0
2022-08-10 15:57:00,2000,2000,2000,2000,0
2022-08-10 15:58:00,2000,2000,2000,2000,0
2022-08-10 15:59:00,2000,2000,2000,2000,0
2022-08-11 09:00:00,2000,2000,2000,2000,0
2022-08-11 09:01:00,2000,2000,2000,2000,0
2022-08-11 09:02:00,2000,2000,2000,2000,0
2022-08-11 09:03:00,2000,2000,2000,2000,0
2022-08-11 09:04:00,2000,2000,2000,2000,0
2022-08-11 09:05:00,2000,2000,2000,2000,0
2022-08-11 09:06:00,2000,2000,2000,2000,0
2022-08-11 09:07:00,2000,2000,2000,2000,0
2022-08-11 09:08:00,2000,2000,2000,2000,0
2022-08-11 09:09:00,2000,2000,2000,2000,0
2022-08-11 09:10:00,2000,2000,2000,2000,0
2022-08-11 09:11:00,2000,2000,2000,2000,0
2022-08-11 09:12:00,2000,2000,2000,2000,0
2022-08-11 09:13:00,2000,2000,2000,2000,0
2022-08-11 09:14:00,2000,2000,2000,2000,0
2022-08-11 09:15:00,2000,2000,2000,2000,0
2022-08-11 09:16:00,2000,2000,2000,2000,0
2022-08-11 09:17:00,2000,2000,2000,2000,0
2022-08-11 09:18:00,2000,2000,2000,2000,0
2022-08-11 09:19:00,2000,2000,2000,2000,0
2022-08-11 09:20:00,2000,2000,2000,2000,0
2022-08-11 09:21:00,2000,2000,2000,2000,0
2022-08-11 09:22:00,2000,2000,2000,2000,0
2022-08-11 09:23:00,2000,2000,2000,2000,0
2022-08-11 09:24:00,2000,2000,2000,2000,0
2022-08-11 09:25:00,2000,2000,2000,2000,0
2022-08-11 09:26:00,2000,2000,2000,2000,0
2022-08-11 09:27:00,2000,2000,2000,2000,0
2022-08-11 09:28:00,2000,2000,2000,2000,0
2022-08-11 09:29:00,2000,2000,2000,2000,0
2022-08-11 09:30:00,2000,2000,2000,2000,0
2022-08-11 09:31:00,2000,2000,2000,2000,0
2022-08-11 09:32:00,2000,2000,2000,2000,0
2022-08-11 09:33:00,2000,2000,2000,2000,0
2022-08-11 09:34:00,2000,2000,2000,2000,0
2022-08-11 09:35:00,2000,2000,2000,2000,0
2022-08-11 09:36:00,2000,2000,2000,2000,0
2022-08-11 09:37:00,2000,2000,2000,2000,0
2022-08-11 09:38:00,2000,2000,2000,2000,0
2022-08-11 09:39:00,2000,2000,2000,2000,0
2022-08-11 09:40:00,2000,2000,2000,2000,0
2022-08-11 09:41:00,2000,2000,2000,2000,0
2022-08-11 09:42:00,2000,2000,2000,2000,0
2022-08-11 09:43:00,2000,2000,2000,2000,0
2022-08-11 09:44:00,2000,2000,2000,2000,0
2022-08-11 09:45:00,2000,2000,2000,2000,0
2022-08-11 09:46:00,2000,2000,2000,2000,0
2022-08-11 09:47:00,2000,2000,2000,2000,0
2022-08-11 09:48:00,2000,2000,2000,2000,0
2022-08-11 09:49:00,2000,2000,2000,2000,0
2022-08-11 09:50:00,2000,2000,2000,2000,0
2022-08-11 09:51:00,2000,2000,2000,2000,0
2022-08-11 09:52:00,2000,2000,2000,2000,0
2022-08-11 09:53:00,2000,2000,2000,2000,0
2022-08-11 09:54:00,2000,2000,2000,2000,0
2022-08-11 09:55:00,2000,2000,2000,2000,0
2022-08-11 09:56:00,2000,2000,2000,2000,0
2022-08-11 09:57:00,2000,2000,2000,2000,0
2022-08-11 09:58:00,2000,2000,2000,2000,0
2022-08-11 09:59:00,2000,2000,2000,2000,0
2022-08-11 10:00:00,2000,2000,2000,2000,0
2022-08-11 10:01:00,2000,2000,2000,2000,0
2022-08-11 10:02:00,2000,2000,2000,2000,0
2022-08-11 10:03:00,2000,2000,2000,2000,0
2022-08-11 10:04:00,2000,2000,2000,2000,0
2022-08-11 10:05:00,2000,2000,2000,2000,0
2022-08-11 10:06:00,2000,2000,2000,2000,0
2022-08-11 10:07:00,2000,2000,2000,2000,0
2022-08-11 10:08:00,2000,2000,2000,2000,0
2022-08-11 10:09:00,2000,2000,2000,2000,0
2022-08-11 10:10:00,2000,2000,2000,2000,0
2022-08-11 10:11:00,2000,2000,2000,2000,0
2022-08-11 10:12:00,2000,2000,2000,2000,0
2022-08-11 10:13:00,2000,2000,2000,2000,0
2022-08-11 10:14:00,2000,2000,2000,2000,0
2022-08-11 10:15:00,2000,2000,2000,2000,0
2022-08-11 10:16:00,2000,2000,2000,2000,0
2022-08-11 10:17:00,2000,2000,2000,2000,0
2022-08-11 10:18:00,2000,2000,2000,2000,0
2022-08-11 10:19:00,2000,2000,2000,2000,0
2022-08-11 10:20:00,2000,2000,2000,2000,0
2022-08-11 10:21:00,2000,2000,2000,2000,0
2022-08-11 10:22:00,2000,2000,2000,2000,0
2022-08-11 10:23:00,2000,2000,2000,2000,0
2022-08-11 10:24:00,2000,2000,2000,2000,0
2022-08-11 10:25:00,2000,2000,2000,2000,0
2022-08-11 10:26:00,2000,2000,2000,2000,0
2022-08-11 10:27:00,2000,2000,2000,2000,0
2022-08-11 10:28:00,2000,2000,2000,2000,0
2022-08-11 10:29:00,2000,2000,2000,2000,0
2022-08-11 10:30:00,2000,2000,2000,2000,0
2022-08-11 10:31:00,2000,2000,2000,2000,0
2022-08-11 10:32:00,2000,2000,2000,2000,0
2022-08-11 10:33:00,2000,2000,2000,2000,0
2022-08-11 10:34:00,2000,2000,2000,2000,0
2022-08-11 10:35:00,2000,2000,2000,2000,0
2022-08-11 10:36:00,2000,2000,2000,2000,0
2022-08-11 10:37:00,2000,2000,2000,2000,0
2022-08-11 10:38:00,2000,2000,2000,2000,0
2022-08-11 10:39:00,2000,2000,2000,2000,0
2022-08-11 10:40:00,2000,2000,2000,2000,0
2022-08-11 10:41:00,2000,2000,2000,2000,0
2022-08-11 10:42:00,2000,2000,2000,2000,0
2022-08-11 10:43:00,2000,2000,2000,2000,0
2022-08-11 10:44:00,2000,2000,2000,2000,0
2022-08-11 10:45:00,2000,2000,2000,2000,0
2022-08-11 10:46:00,2000,2000,2000,2000,0
2022-08-11 10:47:00,2000,2000,2000,2000,0
2022-08-11 10:48:00,2000,2000,2000,2000,0
2022-08-11 10:49:00,2000,2000,2000,2000,0
2022-08-11 10:50:00,2000,2000,2000,2000,0
2022-08-11 10:51:00,2000,2000,2000,2000,0
2022-08-11 10:52:00,2000,2000,2000,2000,0
2022-08-11 10:53:00,2000,2000,2000,2000,0
2022-08-11 10:54:00,2000,2000,2000,2000,0
2022-08-11 10:55:00,2000,2000,2000,2000,0
2022-08-11 10:56:00,2000,2000,2000,2000,0
2022-08-11 10:57:00,2000,2000,2000,2000,0
2022-08-11 10:58:00,2000,2000,2000,2000,0
2022-08-11 10:59:00,2000,2000,2000,2000,0
2022-08-11 11:00:00,2000,2000,2000,2000,0
2022-08-11 11:01:00,2000,2000,2000,2000,0
2022-08-11 11:02:00,2000,2000,2000,2000,0
2022-08-11 11:03:00,2000,2000,2000,2000,0
2022-08-11 11:04:00,2000,2000,2000,2000,0
2022-08-11 11:05:00,2000,2000,2000,2000,0
2022-08-11 11:06:00,2000,2000,2000,2000,0
2022-08-11 11:07:00,2000,2000,2000,2000,0
2022-08-11 11:08:00,2000,2000,2000,2000,0
2022-08-11 11:09:00,2000,2000,2000,2000,0
2022-08-11 11:10:00,2000,2000,2000,2000,0
2022-08-11 11:11:00,2000,2000,2000,2000,0
2022-08-11 11:12:00,2000,2000,2000,2000,0
2022-08-11 11:13:00,2000,2000,2000,2000,0
2022-08-11 11:14:00,2000,2000,2000,2000,0
2022-08-11 11:15:00,2000,2000,2000,2000,0
2022-08-11 11:16:00,2000,2000,2000,2000,0
2022-08-11 11:17:00,2000,2000,2000,2000,0
2022-08-11 11:18:00,2000,2000,2000,2000,0
2022-08-11 11:19:00,2000,2000,2000,2000,0
2022-08-11 11:20:00,2000,2000,2000,2000,0
2022-08-11 11:21:00,2000,2000,2000,2000,0
2022-08-11 11:22:00,2000,2000,2000,2000,0
2022-08-11 11:23:00,2000,2000,2000,2000,0
2022-08-11 11:24:00,2000,2000,2000,2000,0
2022-08-11 11:25:00,2000,2000,2000,2000,0
2022-08-11 11:26:00,2000,2000,2000,2000,0
2022-08-11 11:27:00,2000,2000,2000,2000,0
2022-08-11 11:28:00,2000,2000,2000,2000,0
2022-08-11 11:29:00,2000,2000,2000,2000,0
2022-08-11 11:30:00,2000,2000,2000,2000,0
2022-08-11 11:31:00,2000,2000,2000,2000,0
2022-08-11 11:32:00,2000,2000,2000,2000,0
2022-08-11 11:33:00,2000,2000,2000,2000,0
2022-08-11 11:34:00,2000,2000,2000,2000,0
2022-08-11 11:35:00,2000,2000,2000,2000,0
2022-08-11 11:36:00,2000,2000,2000,2000,0
2022-08-11 11:37:00,2000,2000,2000,2000,0
2022-08-11 11:38:00,2000,2000,2000,2000,0
2022-08-11 11:39:00,2000,2000,2000,2000,0
2022-08-11 11:40:00,2000,2000,2000,2000,0
2022-08-11 11:41:00,2000,2000,2000,2000,0
2022-08-11 11:42:00,2000,2000,2000,2000,0
2022-08-11 11:43:00,2000,2000,2000,2000,0
2022-08-11 11:44:00,2000,2000,2000,2000,0
2022-08-11 11:45:00,2000,2000,2000,2000,0
2022-08-11 11:46:00,2000,2000,2000,2000,0
2022-08-11 11:47:00,2000,2000,2000,2000,0
2022-08-11 11:48:00,2000,2000,2000,2000,0
2022-08-11 11:49:00,2000,2000,2000,2000,0
2022-08-11 11:50:00,2000,2000,2000,2000,0
2022-08-11 11:51:00,2000,2000,2000,2000,0
2022-08-11 11:52:00,2000,2000,2000,2000,0
2022-08-11 11:53:00,2000,2000,2000,2000,0
2022-08-11 11:54:00,2000,2000,2000,2000,0
2022-08-11 11:55:00,2000,2000,2000,2000,0
2022-08-11 11:56:00,2000,2000,2000,2000,0
2022-08-11 11:57:00,2000,2000,2000,2000,0
2022-08-11 11:58:00,2000,2000,2000,2000,0
2022-08-11 11:59:00,2000,2000,2000,2000,0
2022-08-11 12:00:00,2000,2000,2000,2000,0
2022-08-11 12:01:00,2000,2000,2000,2000,0
2022-08-11 12:02:00,2000,2000,2000,2000,0
2022-08-11 12:03:00,2000,2000,2000,2000,0
2022-08-11 12:04:00,2000,2000,2000,2000,0
2022-08-11 12:05:00,2000,2000,2000,2000,0
2022-08-11 12:06:00,2000,2000,2000,2000,0
2022-08-11 12:07:00,2000,2000,2000,2000,0
2022-08-11 12:08:00,2000,2000,2000,2000,0
2022-08-11 12:09:00,2000,2000,2000,2000,0
2022-08-11 12:10:00,2000,2000,2000,2000,0
2022-08-11 12:11:00,2000,2000,2000,2000,0
2022-08-11 12:12:00,2000,2000,2000,2000,0
2022-08-11 12:13:00,2000,2000,2000,2000,0
2022-08-11 12:14:00,2000,2000,2000,2000,0
2022-08-11 12:15:00,2000,2000,2000,2000,0
2022-08-11 12:16:00,2000,2000,2000,2000,0
2022-08-11 12:17:00,2000,2000,2000,2000,0
2022-08-11 12:18:00,2000,2000,2000,2000,0
2022-08-11 12:19:00,2000,2000,2000,2000,0
2022-08-11 12:20:00,2000,2000,2000,2000,0
2022-08-11 12:21:00,2000,2000,2000,2000,0
2022-08-11 12:22:00,2000,2000,2000,2000,0
2022-08-11 12:23:00,2000,2000,2000,2000,0
2022-08-11 12:24:00,2000,2000,2000,2000,0
2022-08-11 12:25:00,2000,2000,2000,2000,0
2022-08-11 12:26:00,2000,2000,2000,2000,0
2022-08-11 12:27:00,2000,2000,2000,2000,0
2022-08-11 12:28:00,2000,2000,2000,2000,0
2022-08-11 12:29:00,2000,2000,2000,2000,0
2022-08-11 12:30:00,2000,2000,2000,2000,0
2022-08-11 12:31:00,2000,2000,2000,2000,0
2022-08-11 12:32:00,2000,2000,2000,2000,0
2022-08-11 12:33:00,2000,2000,2000,2000,0
2022-08-11 12:34:00,2000,2000,2000,2000,0
2022-08-11 12:35:00,2000,2000,2000,2000,0
2022-08-11 12:36:00,2000,2000,2000,2000,0
2022-08-11 12:37:00,2000,2000,2000,2000,0
2022-08-11 12:38:00,2000,2000,2000,2000,0
2022-08-11 12:39:00,2000,2000,2000,2000,0
2022-08-11 12:40:00,2000,2000,2000,2000,0
2022-08-11 12:41:00,2000,2000,2000,2000,0
2022-08-11 12:42:00,2000,2000,2000,2000,0
2022-08-11 12:43:00,2000,2000,2000,2000,0
2022-08-11 12:44:00,2000,2000,2000,2000,0
2022-08-11 12:45:00,2000,2000,2000,2000,0
2022-08-11 12:46:00,2000,2000,2000,2000,0
2022-08-11 12:47:00,2000,2000,2000,2000,0
2022-08-11 12:48:00,2000,2000,2000,2000,0
2022-08-11 12:49:00,2000,2000,2000,2000,0
2022-08-11 12:50:00,2000,2000,2000,2000,0
2022-08-11 12:51:00,2000,2000,2000,2000,0
2022-08-11 12:52:00,2000,2000,2000,2000,0
2022-08-11 12:53:00,2000,2000,2000,2000,0
2022-08-11 12:54:00,2000,2000,2000,2000,0
2022-08-11 12:55:00,2000,2000,2000,2000,0
2022-08-11 12:56:00,2000,2000,2000,2000,0
2022-08-11 12:57:00,2000,2000,2000,2000,0
2022-08-11 12:58:00,2000,2000,2000,2000,0
2022-08-11 12:59:00,2000,2000,2000,2000,0
2022-08-11 13:00:00,2000,2000,2000,2000,0
2022-08-11 13:01:00,2000,2000,2000,2000,0
2022-08-11 13:02:00,2000,2000,2000,2000,0
2022-08-11 13:03:00,2000,2000,2000,2000,0
2022-08-11 13:04:00,2000,2000,2000,2000,0
2022-08-11 13:05:00,2000,2000,2000,2000,0
2022-08-11 13:06:00,2000,2000,2000,2000,0
2022-08-11 13:07:00,2000,2000,2000,2000,0
2022-08-11 13:08:00,2000,2000,2000,2000,0
2022-08-11 13:09:00,2000,2000,2000,2000,0
2022-08-11 13:10:00,2000,2000,2000,2000,0
2022-08-11 13:11:00,2000,2000,2000,2000,0
2022-08-11 13:12:00,2000,2000,2000,2000,0
2022-08-11 13:13:00,2000,2000,2000,2000,0
2022-08-11 13:14:00,2000,2000,2000,2000,0
2022-08-11 13:15:00,2000,2000,2000,2000,0
2022-08-11 13:16:00,2000,2000,2000,2000,0
2022-08-11 13:17:00,2000,2000,2000,2000,0
2022-08-11 13:18:00,2000,2000,2000,2000,0
2022-08-11 13:19:00,2000,2000,2000,2000,0
2022-08-11 13:20:00,2000,2000,2000,2000,0
2022-08-11 13:21:00,2000,2000,2000,2000,0
2022-08-11 13:22:00,2000,2000,2000,2000,0
2022-08-11 13:23:00,2000,2000,2000,2000,0
2022-08-11 13:24:00,2000,2000,2000,2000,0
2022-08-11 13:25:00,2000,2000,2000,2000,0
2022-08-11 13:26:00,2000,2000,2000,2000,0
2022-08-11 13:27:00,2000,2000,2000,2000,0
2022-08-11 13:28:00,2000,2000,2000,2000,0
2022-08-11 13:29:00,2000,2000,2000,2000,0
2022-08-11 13:30:00,2000,2000,2000,2000,0
2022-08-11 13:31:00,2000,2000,2000,2000,0
2022-08-11 13:32:00,2000,2000,2000,2000,0
2022-08-11 13:33:00,2000,2000,2000,2000,0
2022-08-11 13:34:00,2000,2000,2000,2000,0
2022-08-11 13:35:00,2000,2000,2000,2000,0
2022-08-11 13:36:00,2000,2000,2000,2000,0
2022-08-11 13:37:00,2000,2000,2000,2000,0
2022-08-11 13:38:00,2000,2000,2000,2000,0
2022-08-11 13:39:00,2000,2000,2000,2000,0
2022-08-11 13:40:00,2000,2000,2000,2000,0
2022-08-11 13:41:00,2000,2000,2000,2000,0
2022-08-11 13:42:00,2000,2000,2000,2000,0
2022-08-11 13:43:00,2000,2000,2000,2000,0
2022-08-11 13:44:00,2000,2000,2000,2000,0
2022-08-11 13:45:00,2000,2000,2000,2000,0
2022-08-11 13:46:00,2000,2000,2000,2000,0
2022-08-11 13:47:00,2000,2000,2000,2000,0
2022-08-11 13:48:00,2000,2000,2000,2000,0
2022-08-11 13:49:00,2000,2000,2000,2000,0
2022-08-11 13:50:00,2000,2000,2000,2000,0
2022-08-11 13:51:00,2000,2000,2000,2000,0
2022-08-11 13:52:00,2000,2000,2000,2000,0
2022-08-11 13:53:00,2000,2000,2000,2000,0
2022-08-11 13:54:00,2000,2000,2000,2000,0
2022-08-11 13:55:00,2000,2000,2000,2000,0
2022-08-11 13:56:00,2000,2000,2000,2000,0
2022-08-11 13:57:00,2000,2000,2000,2000,0
2022-08-11 13:58:00,2000,2000,2000,2000,0
2022-08-11 13:59:00,2000,2000,2000,2000,0
2022-08-11 14:00:00,2000,2000,2000,2000,0
2022-08-11 14:01:00,2000,2000,2000,2000,0
2022-08-11 14:02:00,2000,2000,2000,2000,0
2022-08-11 14:03:00,2000,2000,2000,2000,0
2022-08-11 14:04:00,2000,2000,2000,2000,0
2022-08-11 14:05:00,2000,2000,2000,2000,0
2022-08-11 14:06:00,2000,2000,2000,2000,0
2022-08-11 14:07:00,2000,2000,2000,2000,0
2022-08-11 14:08:00,2000,2000,2000,2000,0
2022-08-11 14:09:00,2000,2000,2000,2000,0
2022-08-11 14:10:00,2000,2000,2000,2000,0
2022-08-11 14:11:00,2000,2000,2000,2000,0
2022-08-11 14:12:00,2000,2000,2000,2000,0
2022-08-11 14:13:00,2000,2000,2000,2000,0
2022-08-11 14:14:00,2000,2000,2000,2000,0
2022-08-11 14:15:00,2000,2000,2000,2000,0
2022-08-11 14:16:00,2000,2000,2000,2000,0
2022-08-11 14:17:00,2000,2000,2000,2000,0
2022-08-11 14:18:00,2000,2000,2000,2000,0
2022-08-11 14:19:00,2000,2000,2000,2000,0
2022-08-11 14:20:00,2000,2000,2000,2000,0
2022-08-11 14:21:00,2000,2000,2000,2000,0
2022-08-11 14:22:00,2000,2000,2000,2000,0
2022-08-11 14:23:00,2000,2000,2000,2000,0
2022-08-11 14:24:00,2000,2000,2000,2000,0
2022-08-11 14:25:00,2000,2000,2000,2000,0
2022-08-11 14:26:00,2000,2000,2000,2000,0
2022-08-11 14:27:00,2000,2000,2000,2000,0
2022-08-11 14:28:00,2000,2000,2000,2000,0
2022-08-11 14:29:00,2000,2000,2000,2000,0
2022-08-11 14:30:00,2000,2000,2000,2000,0
2022-08-11 14:31:00,2000,2000,2000,2000,0
2022-08-11 14:32:00,2000,2000,2000,2000,0
2022-08-11 14:33:00,2000,2000,2000,2000,0
2022-08-11 14:34:00,2000,2000,2000,2000,0
2022-08-11 14:35:00,2000,2000,2000,2000,0
2022-08-11 14:36:00,2000,2000,2000,2000,0
2022-08-11 14:37:00,2000,2000,2000,2000,0
2022-08-11 14:38:00,2000,2000,2000,2000,0
2022-08-11 14:39:00,2000,2000,2000,2000,0
2022-08-11 14:40:00,2000,2000,2000,2000,0
2022-08-11 14:41:00,2000,2000,2000,2000,0
2022-08-11 14:42:00,2000,2000,2000,2000,0
2022-08-11 14:43:00,2000,2000,2000,2000,0
2022-08-11 14:44:00,2000,2000,2000,2000,0
2022-08-11 14:45:00,2000,2000,2000,2000,0
2022-08-11 14:46:00,2000,2000,2000,2000,0
2022-08-11 14:47:00,2000,2000,2000,2000,0
2022-08-11 14:48:00,2000,2000,2000,2000,0
2022-08-11 14:49:00,2000,2000,2000,2000,0
2022-08-11 14:50:00,2000,2000,2000,2000,0
2022-08-11 14:51:00,2000,2000,2000,2000,0
2022-08-11 14:52:00,2000,2000,2000,2000,0
2022-08-11 14:53:00,2000,2000,2000,2000,0
2022-08-11 14:54:00,2000,2000,2000,2000,0
2022-08-11 14:55:00,2000,2000,2000,2000,0
2022-08-11 14:56:00,2000,2000,2000,2000,0
2022-08-11 14:57:00,2000,2000,2000,2000,0
2022-08-11 14:58:00,2000,2000,2000,2000,0
2022-08-11 14:59:00,2000,2000,2000,2000,0
2022-08-11 15:00:00,2000,2000,2000,2000,0
2022-08-11 15:01:00,2000,2000,2000,2000,0
2022-08-11 15:02:00,2000,2000,2000,2000,0
2022-08-11 15:03:00,2000,2000,2000,2000,0
2022-08-11 15:04:00,2000,2000,2000,2000,0
2022-08-11 15:05:00,2000,2000,2000,2000,0
2022-08-11 15:06:00,2000,2000,2000,2000,0
2022-08-11 15:07:00,2000,2000,2000,2000,0
2022-08-11 15:08:00,2000,2000,2000,2000,0
2022-08-11 15:09:00,2000,2000,2000,2000,0
2022-08-11 15:10:00,2000,2000,2000,2000,0
2022-08-11 15:11:00,2000,2000,2000,2000,0
2022-08-11 15:12:00,2000,2000,2000,2000,0
2022-08-11 15:13:00,2000,2000,2000,2000,0
2022-08-11 15:14:00,2000,2000,2000,2000,0
2022-08-11 15:15:00,2000,2000,2000,2000,0
2022-08-11 15:16:00,2000,2000,2000,2000,0
2022-08-11 15:17:00,2000,2000,2000,2000,0
2022-08-11 15:18:00,2000,2000,2000,2000,0
2022-08-11 15:19:00,2000,2000,2000,2000,0
2022-08-11 15:20:00,2000,2000,2000,2000,0
2022-08-11 15:21:00,2000,2000,2000,2000,0
2022-08-11 15:22:00,2000,2000,2000,2000,0
2022-08-11 15:23:00,2000,2000,2000,2000,0
2022-08-11 15:24:00,2000,2000,2000,2000,0
2022-08-11 15:25:00,2000,2000,2000,2000,0
2022-08-11 15:26:00,2000,2000,2000,2000,0
2022-08-11 15:27:00,2000,2000,2000,2000,0
2022-08-11 15:28:00,2000,2000,2000,2000,0
2022-08-11 15:29:00,2000,2000,2000,2000,0
2022-08-11 15:30:00,2000,2000,2000,2000,0
2022-08-11 15:31:00,2000,2000,2000,2000,0
2022-08-11 15:32:00,2000,2000,2000,2000,0
2022-08-11 15:33:00,2000,2000,2000,2000,0
2022-08-11 15:34:00,2000,2000,2000,2000,0
2022-08-11 15:35:00,2000,2000,2000,2000,0
2022-08-11 15:36:00,2000,2000,2000,2000,0
2022-08-11 15:37:00,2000,2000,2000,2000,0
2022-08-11 15:38:00,2000,2000,2000,2000,0
2022-08-11 15:39:00,2000,2000,2000,2000,0
2022-08-11 15:40:00,2000,2000,2000,2000,0
2022-08-11 15:41:00,2000,2000,2000,2000,0
2022-08-11 15:42:00,2000,2000,2000,2000,0
2022-08-11 15:43:00,2000,2000,2000,2000,0
2022-08-11 15:44:00,2000,2000,2000,2000,0
2022-08-11 15:45:00,2000,2000,2000,2000,0
2022-08-11 15:46:00,2000,2000,2000,2000,0
2022-08-11 15:47:00,2000,2000,2000,2000,0
2022-08-11 15:48:00,2000,2000,2000,2000,0
2022-08-11 15:49:00,2000,2000,2000,2000,0
2022-08-11 15:50:00,2000,2000,2000,2000,0
2022-08-11 15:51:00,2000,2000,2000,2000,0
2022-08-11 15:52:00,2000,2000,2000,2000,0
2022-08-11 15:53:00,2000,2000,2000,2000,0
2022-08-11 15:54:00,2000,2000,2000,2000,0
2022-08-11 15:55:00,2000,2000,2000,2000,0
2022-08-11 15:56:00,2000,2000,2000,2000,0
2022-08-11 15:57:00,2000,2000,2000,2000,0
2022-08-11 15:58:00,2000,2000,2000,2000,0
2022-08-11 15:59:00,2000,2000,2000,2000,0
2022-08-12 09:00:00,2000,2000,2000,2000,0
2022-08-12 09:01:00,2000,2000,2000,2000,0
2022-08-12 09:02:00,2000,2000,2000,2000,0
2022-08-12 09:03:00,2000,2000,2000,2000,0
2022-08-12 09:04:00,2000,2000,2000,2000,0
2022-08-12 09:05:00,2000,2000,2000,2000,0
2022-08-12 09:06:00,2000,2000,2000,2000,0
2022-08-12 09:07:00,2000,2000,2000,2000,0
2022-08-12 09:08:00,2000,2000,2000,2000,0
2022-08-12 09:09:00,2000,2000,2000,2000,0
2022-08-12 09:10:00,2000,2000,2000,2000,0
2022-08-12 09:11:00,2000,2000,2000,2000,0
2022-08-12 09:12:00,2000,2000,2000,2000,0
2022-08-12 09:13:00,2000,2000,2000,2000,0
2022-08-12 09:14:00,2000,2000,2000,2000,0
2022-08-12 09:15:00,2000,2000,2000,2000,0
2022-08-12 09:16:00,2000,2000,2000,2000,0
2022-08-12 09:17:00,2000,2000,2000,2000,0
2022-08-12 09:18:00,2000,2000,2000,2000,0
2022-08-12 09:19:00,2000,2000,2000,2000,0
2022-08-12 09:20:00,2000,2000,2000,2000,0
2022-08-12 09:21:00,2000,2000,2000,2000,0
2022-08-12 09:22:00,2000,2000,2000,2000,0
2022-08-12 09:23:00,2000,2000,2000,2000,0
2022-08-12 09:24:00,2000,2000,2000,2000,0
2022-08-12 09:25:00,2000,2000,2000,2000,0
2022-08-12 09:26:00,2000,2000,2000,2000,0
2022-08-12 09:27:00,2000,2000,2000,2000,0
2022-08-12 09:28:00,2000,2000,2000,2000,0
2022-08-12 09:29:00,2000,2000,2000,2000,0
2022-08-12 09:30:00,2000,2000,2000,2000,0
2022-08-12 09:31:00,2000,2000,2000,2000,0
2022-08-12 09:32:00,2000,2000,2000,2000,0
2022-08-12 09:33:00,2000,2000,2000,2000,0
2022-08-12 09:34:00,2000,2000,2000,2000,0
2022-08-12 09:35:00,2000,2000,2000,2000,0
2022-08-12 09:36:00,2000,2000,2000,2000,0
2022-08-12 09:37:00,2000,2000,2000,2000,0
2022-08-12 09:38:00,2000,2000,2000,2000,0
2022-08-12 09:39:00,2000,2000,2000,2000,0
2022-08-12 09:40:00,2000,2000,2000,2000,0
2022-08-12 09:41:00,2000,2000,2000,2000,0
2022-08-12 09:42:00,2000,2000,2000,2000,0
2022-08-12 09:43:00,2000,2000,2000,2000,0
2022-08-12 09:44:00,2000,2000,2000,2000,0
2022-08-12 09:45:00,2000,2000,2000,2000,0
2022-08-12 09:46:00,2000,2000,2000,2000,0
2022-08-12 09:47:00,2000,2000,2000,2000,0
2022-08-12 09:48:00,2000,2000,2000,2000,0
2022-08-12 09:49:00,2000,2000,2000,2000,0
2022-08-12 09:50:00,2000,2000,2000,2000,0
2022-08-12 09:51:00,2000,2000,2000,2000,0
2022-08-12 09:52:00,2000,2000,2000,2000,0
2022-08-12 09:53:00,2000,2000,2000,2000,0
2022-08-12 09:54:00,2000,2000,2000,2000,0
2022-08-12 09:55:00,2000,2000,2000,2000,0
2022-08-12 09:56:00,2000,2000,2000,2000,0
2022-08-12 09:57:00,2000,2000,2000,2000,0
2022-08-12 09:58:00,2000,2000,2000,2000,0
2022-08-12 09:59:00,2000,2000,2000,2000,0
2022-08-12 10:00:00,2000,2000,2000,2000,0
2022-08-12 10:01:00,2000,2000,2000,2000,0
2022-08-12 10:02:00,2000,2000,2000,2000,0
2022-08-12 10:03:00,2000,2000,2000,2000,0
2022-08-12 10:04:00,2000,2000,2000,2000,0
2022-08-12 10:05:00,2000,2000,2000,2000,0
2022-08-12 10:06:00,2000,2000,2000,2000,0
2022-08-12 10:07:00,2000,2000,2000,2000,0
2022-08-12 10:08:00,2000,2000,2000,2000,0
2022-08-12 10:09:00,2000,2000,2000,2000,0
2022-08-12 10:10:00,2000,2000,2000,2000,0
2022-08-12 10:11:00,2000,2000,2000,2000,0
2022-08-12 10:12:00,2000,2000,2000,2000,0
2022-08-12 10:13:00,2000,2000,2000,2000,0
2022-08-12 10:14:00,2000,2000,2000,2000,0
2022-08-12 10:15:00,2000,2000,2000,2000,0
2022-08-12 10:16:00,2000,2000,2000,2000,0
2022-08-12 10:17:00,2000,2000,2000,2000,0
2022-08-12 10:18:00,2000,2000,2000,2000,0
2022-08-12 10:19:00,2000,2000,2000,2000,0
2022-08-12 10:20:00,2000,2000,2000,2000,0
2022-08-12 10:21:00,2000,2000,2000,2000,0
2022-08-12 10:22:00,2000,2000,2000,2000,0
2022-08-12 10:23:00,2000,2000,2000,2000,0
2022-08-12 10:24:00,2000,2000,2000,2000,0
2022-08-12 10:25:00,2000,2000,2000,2000,0
2022-08-12 10:26:00,2000,2000,2000,2000,0
2022-08-12 10:27:00,2000,2000,2000,2000,0
2022-08-12 10:28:00,2000,2000,2000,2000,0
2022-08-12 10:29:00,2000,2000,2000,2000,0
2022-08-12 10:30:00,2000,2000,2000,2000,0
2022-08-12 10:31:00,2000,2000,2000,2000,0
2022-08-12 10:32:00,2000,2000,2000,2000,0
2022-08-12 10:33:00,2000,2000,2000,2000,0
2022-08-12 10:34:00,2000,2000,2000,2000,0
2022-08-12 10:35:00,2000,2000,2000,2000,0
2022-08-12 10:36:00,2000,2000,2000,2000,0
2022-08-12 10:37:00,2000,2000,2000,2000,0
2022-08-12 10:38:00,2000,2000,2000,2000,0
2022-08-12 10:39:00,2000,2000,2000,2000,0
2022-08-12 10:40:00,2000,2000,2000,2000,0
2022-08-12 10:41:00,2000,2000,2000,2000,0
2022-08-12 10:42:00,2000,2000,2000,2000,0
2022-08-12 10:43:00,2000,2000,2000,2000,0
2022-08-12 10:44:00,2000,2000,2000,2000,0
2022-08-12 10:45:00,2000,2000,2000,2000,0
2022-08-12 10:46:00,2000,2000,2000,2000,0
2022-08-12 10:47:00,2000,2000,2000,2000,0
2022-08-12 10:48:00,2000,2000,2000,2000,0
2022-08-12 10:49:00,2000,2000,2000,2000,0
2022-08-12 10:50:00,2000,2000,2000,2000,0
2022-08-12 10:51:00,2000,2000,2000,2000,0
2022-08-12 10:52:00,2000,2000,2000,2000,0
2022-08-12 10:53:00,2000,2000,2000,2000,0
2022-08-12 10:54:00,2000,2000,2000,2000,0
2022-08-12 10:55:00,2000,2000,2000,2000,0
2022-08-12 10:56:00,2000,2000,2000,2000,0
2022-08-12 10:57:00,2000,2000,2000,2000,0
2022-08-12 10:58:00,2000,2000,2000,2000,0
2022-08-12 10:59:00,2000,2000,2000,2000,0
2022-08-12 11:00:00,2000,2000,2000,2000,0
2022-08-12 11:01:00,2000,2000,2000,2000,0
2022-08-12 11:02:00,2000,2000,2000,2000,0
2022-08-12 11:03:00,2000,2000,2000,2000,0
2022-08-12 11:04:00,2000,2000,2000,2000,0
2022-08-12 11:05:00,2000,2000,2000,2000,0
2022-08-12 11:06:00,2000,2000,2000,2000,0
2022-08-12 11:07:00,2000,2000,2000,2000,0
2022-08-12 11:08:00,2000,2000,2000,2000,0
2022-08-12 11:09:00,2000,2000,2000,2000,0
2022-08-12 11:10:00,2000,2000,2000,2000,0
2022-08-12 11:11:00,2000,2000,2000,2000,0
2022-08-12 11:12:00,2000,2000,2000,2000,0
2022-08-12 11:13:00,2000,2000,2000,2000,0
2022-08-12 11:14:00,2000,2000,2000,2000,0
2022-08-12 11:15:00,2000,2000,2000,2000,0
2022-08-12 11:16:00,2000,2000,2000,2000,0
2022-08-12 11:17:00,2000,2000,2000,2000,0
2022-08-12 11:18:00,2000,2000,2000,2000,0
2022-08-12 11:19:00,2000,2000,2000,2000,0
2022-08-12 11:20:00,2000,2000,2000,2000,0
2022-08-12 11:21:00,2000,2000,2000,2000,0
2022-08-12 11:22:00,2000,2000,2000,2000,0
2022-08-12 11:23:00,2000,2000,2000,2000,0
2022-08-12 11:24:00,2000,2000,2000,2000,0
2022-08-12 11:25:00,2000,2000,2000,2000,0
2022-08-12 11:26:00,2000,2000,2000,2000,0
2022-08-12 11:27:00,2000,2000,2000,2000,0
2022-08-12 11:28:00,2000,2000,2000,2000,0
2022-08-12 11:29:00,2000,2000,2000,2000,0
2022-08-12 11:30:00,2000,2000,2000,2000,0
2022-08-12 11:31:00,2000,2000,2000,2000,0
2022-08-12 11:32:00,2000,2000,2000,2000,0
2022-08-12 11:33:00,2000,2000,2000,2000,0
2022-08-12 11:34:00,2000,2000,2000,2000,0
2022-08-12 11:35:00,2000,2000,2000,2000,0
2022-08-12 11:36:00,2000,2000,2000,2000,0
2022-08-12 11:37:00,2000,2000,2000,2000,0
2022-08-12 11:38:00,2000,2000,2000,2000,0
2022-08-12 11:39:00,2000,2000,2000,2000,0
2022-08-12 11:40:00,2000,2000,2000,2000,0
2022-08-12 11:41:00,2000,2000,2000,2000,0
2022-08-12 11:42:00,2000,2000,2000,2000,0
2022-08-12 11:43:00,2000,2000,2000,2000,0
2022-08-12 11:44:00,2000,2000,2000,2000,0
2022-08-12 11:45:00,2000,2000,2000,2000,0
2022-08-12 11:46:00,2000,2000,2000,2000,0
2022-08-12 11:47:00,2000,2000,2000,2000,0
2022-08-12 11:48:00,2000,2000,2000,2000,0
2022-08-12 11:49:00,2000,2000,2000,2000,0
2022-08-12 11:50:00,2000,2000,2000,2000,0
2022-08-12 11:51:00,2000,2000,2000,2000,0
2022-08-12 11:52:00,2000,2000,2000,2000,0
2022-08-12 11:53:00,2000,2000,2000,2000,0
2022-08-12 11:54:00,2000,2000,2000,2000,0
2022-08-12 11:55:00,2000,2000,2000,2000,0
2022-08-12 11:56:00,2000,2000,2000,2000,0
2022-08-12 11:57:00,2000,2000,2000,2000,0
2022-08-12 11:58:00,2000,2000,2000,2000,0
2022-08-12 11:59:00,2000,2000,2000,2000,0
2022-08-12 12:00:00,2000,2000,2000,2000,0
2022-08-12 12:01:00,2000,2000,2000,2000,0
2022-08-12 12:02:00,2000,2000,2000,2000,0
2022-08-12 12:03:00,2000,2000,2000,2000,0
2022-08-12 12:04:00,2000,2000,2000,2000,0
2022-08-12 12:05:00,2000,2000,2000,2000,0
2022-08-12 12:06:00,2000,2000,2000,2000,0
2022-08-12 12:07:00,2000,2000,2000,2000,0
2022-08-12 12:08:00,2000,2000,2000,2000,0
2022-08-12 12:09:00,2000,2000,2000,2000,0
2022-08-12 12:10:00,2000,2000,2000,2000,0
2022-08-12 12:11:00,2000,2000,2000,2000,0
2022-08-12 12:12:00,2000,2000,2000,2000,0
2022-08-12 12:13:00,2000,2000,2000,2000,0
2022-08-12 12:14:00,2000,2000,2000,2000,0
2022-08-12 12:15:00,2000,2000,2000,2000,0
2022-08-12 12:16:00,2000,2000,2000,2000,0
2022-08-12 12:17:00,2000,2000,2000,2000,0
2022-08-12 12:18:00,2000,2000,2000,2000,0
2022-08-12 12:19:00,2000,2000,2000,2000,0
2022-08-12 12:20:00,2000,2000,2000,2000,0
2022-08-12 12:21:00,2000,2000,2000,2000,0
2022-08-12 12:22:00,2000,2000,2000,2000,0
2022-08-12 12:23:00,2000,2000,2000,2000,0
2022-08-12 12:24:00,2000,2000,2000,2000,0
2022-08-12 12:25:00,2000,2000,2000,2000,0
2022-08-12 12:26:00,2000,2000,2000,2000,0
2022-08-12 12:27:00,2000,2000,2000,2000,0
2022-08-12 12:28:00,2000,2000,2000,2000,0
2022-08-12 12:29:00,2000,2000,2000,2000,0
2022-08-12 12:30:00,2000,2000,2000,2000,0
2022-08-12 12:31:00,2000,2000,2000,2000,0
2022-08-12 12:32:00,2000,2000,2000,2000,0
2022-08-12 12:33:00,2000,2000,2000,2000,0
2022-08-12 12:34:00,2000,2000,2000,2000,0
2022-08-12 12:35:00,2000,2000,2000,2000,0
2022-08-12 12:36:00,2000,2000,2000,2000,0
2022-08-12 12:37:00,2000,2000,2000,2000,0
2022-08-12 12:38:00,2000,2000,2000,2000,0
2022-08-12 12:39:00,2000,2000,2000,2000,0
2022-08-12 12:40:00,2000,2000,2000,2000,0
2022-08-12 12:41:00,2000,2000,2000,2000,0
2022-08-12 12:42:00,2000,2000,2000,2000,0
2022-08-12 12:43:00,2000,2000,2000,2000,0
2022-08-12 12:44:00,2000,2000,2000,2000,0
2022-08-12 12:45:00,2000,2000,2000,2000,0
2022-08-12 12:46:00,2000,2000,2000,2000,0
2022-08-12 12:47:00,2000,2000,2000,2000,0
2022-08-12 12:48:00,2000,2000,2000,2000,0
2022-08-12 12:49:00,2000,2000,2000,2000,0
2022-08-12 12:50:00,2000,2000,2000,2000,0
2022-08-12 12:51:00,2000,2000,2000,2000,0
2022-08-12 12:52:00,2000,2000,2000,2000,0
2022-08-12 12:53:00,2000,2000,2000,2000,0
2022-08-12 12:54:00,2000,2000,2000,2000,0
2022-08-12 12:55:00,2000,2000,2000,2000,0
2022-08-12 12:56:00,2000,2000,2000,2000,0
2022-08-12 12:57:00,2000,2000,2000,2000,0
2022-08-12 12:58:00,2000,2000,2000,2000,0
2022-08-12 12:59:00,2000,2000,2000,2000,0
2022-08-12 13:00:00,2000,2000,2000,2000,0
2022-08-12 13:01:00,2000,2000,2000,2000,0
2022-08-12 13:02:00,2000,2000,2000,2000,0
2022-08-12 13:03:00,2000,2000,2000,2000,0
2022-08-12 13:04:00,2000,2000,2000,2000,0
2022-08-12 13:05:00,2000,2000,2000,2000,0
2022-08-12 13:06:00,2000,2000,2000,2000,0
2022-08-12 13:07:00,2000,2000,2000,2000,0
2022-08-12 13:08:00,2000,2000,2000,2000,0
2022-08-12 13:09:00,2000,2000,2000,2000,0
2022-08-12 13:10:00,2000,2000,2000,2000,0
2022-08-12 13:11:00,2000,2000,2000,2000,0
2022-08-12 13:12:00,2000,2000,2000,2000,0
2022-08-12 13:13:00,2000,2000,2000,2000,0
2022-08-12 13:14:00,2000,2000,2000,2000,0
2022-08-12 13:15:00,2000,2000,2000,2000,0
2022-08-12 13:16:00,2000,2000,2000,2000,0
2022-08-12 13:17:00,2000,2000,2000,2000,0
2022-08-12 13:18:00,2000,2000,2000,2000,0
2022-08-12 13:19:00,2000,2000,2000,2000,0
2022-08-12 13:20:00,2000,2000,2000,2000,0
2022-08-12 13:21:00,2000,2000,2000,2000,0
2022-08-12 13:22:00,2000,2000,2000,2000,0
2022-08-12 13:23:00,2000,2000,2000,2000,0
2022-08-12 13:24:00,2000,2000,2000,2000,0
2022-08-12 13:25:00,2000,2000,2000,2000,0
2022-08-12 13:26:00,2000,2000,2000,2000,0
2022-08-12 13:27:00,2000,2000,2000,2000,0
2022-08-12 13:28:00,2000,2000,2000,2000,0
2022-08-12 13:29:00,2000,2000,2000,2000,0
2022-08-12 13:30:00,2000,2000,2000,2000,0
2022-08-12 13:31:00,2000,2000,2000,2000,0
2022-08-12 13:32:00,2000,2000,2000,2000,0
2022-08-12 13:33:00,2000,2000,2000,2000,0
2022-08-12 13:34:00,2000,2000,2000,2000,0
2022-08-12 13:35:00,2000,2000,2000,2000,0
2022-08-12 13:36:00,2000,2000,2000,2000,0
2022-08-12 13:37:00,2000,2000,2000,2000,0
2022-08-12 13:38:00,2000,2000,2000,2000,0
2022-08-12 13:39:00,2000,2000,2000,2000,0
2022-08-12 13:40:00,2000,2000,2000,2000,0
2022-08-12 13:41:00,2000,2000,2000,2000,0
2022-08-12 13:42:00,2000,2000,2000,2000,0
2022-08-12 13:43:00,2000,2000,2000,2000,0
2022-08-12 13:44:00,2000,2000,2000,2000,0
2022-08-12 13:45:00,2000,2000,2000,2000,0
2022-08-12 13:46:00,2000,2000,2000,2000,0
2022-08-12 13:47:00,2000,2000,2000,2000,0
2022-08-12 13:48:00,2000,2000,2000,2000,0
2022-08-12 13:49:00,2000,2000,2000,2000,0
2022-08-12 13:50:00,2000,2000,2000,2000,0
2022-08-12 13:51:00,2000,2000,2000,2000,0
2022-08-12 13:52:00,2000,2000,2000,2000,0
2022-08-12 13:53:00,2000,2000,2000,2000,0
2022-08-12 13:54:00,2000,2000,2000,2000,0
2022-08-12 13:55:00,2000,2000,2000,2000,0
2022-08-12 13:56:00,2000,2000,2000,2000,0
2022-08-12 13:57:00,2000,2000,2000,2000,0
2022-08-12 13:58:00,2000,2000,2000,2000,0
2022-08-12 13:59:00,2000,2000,2000,2000,0
2022-08-12 14:00:00,2000,2000,2000,2000,0
2022-08-12 14:01:00,2000,2000,2000,2000,0
2022-08-12 14:02:00,2000,2000,2000,2000,0
2022-08-12 14:03:00,2000,2000,2000,2000,0
2022-08-12 14:04:00,2000,2000,2000,2000,0
2022-08-12 14:05:00,2000,2000,2000,2000,0
2022-08-12 14:06:00,2000,2000,2000,2000,0
2022-08-12 14:07:00,2000,2000,2000,2000,0
2022-08-12 14:08:00,2000,2000,2000,2000,0
2022-08-12 14:09:00,2000,2000,2000,2000,0
2022-08-12 14:10:00,2000,2000,2000,2000,0
2022-08-12 14:11:00,2000,2000,2000,2000,0
2022-08-12 14:12:00,2000,2000,2000,2000,0
2022-08-12 14:13:00,2000,2000,2000,2000,0
2022-08-12 14:14:00,2000,2000,2000,2000,0
2022-08-12 14:15:00,2000,2000,2000,2000,0
2022-08-12 14:16:00,2000,2000,2000,2000,0
2022-08-12 14:17:00,2000,2000,2000,2000,0
2022-08-12 14:18:00,2000,2000,2000,2000,0
2022-08-12 14:19:00,2000,2000,2000,2000,0
2022-08-12 14:20:00,2000,2000,2000,2000,0
2022-08-12 14:21:00,2000,2000,2000,2000,0
2022-08-12 14:22:00,2000,2000,2000,2000,0
2022-08-12 14:23:00,2000,2000,2000,2000,0
2022-08-12 14:24:00,2000,2000,2000,2000,0
2022-08-12 14:25:00,2000,2000,2000,2000,0
2022-08-12 14:26:00,2000,2000,2000,2000,0
2022-08-12 14:27:00,2000,2000,2000,2000,0
2022-08-12 14:28:00,2000,2000,2000,2000,0
2022-08-12 14:29:00,2000,2000,2000,2000,0
2022-08-12 14:30:00,2000,2000,2000,2000,0
2022-08-12 14:31:00,2000,2000,2000,2000,0
2022-08-12 14:32:00,2000,2000,2000,2000,0
2022-08-12 14:33:00,2000,2000,2000,2000,0
2022-08-12 14:34:00,2000,2000,2000,2000,0
2022-08-12 14:35:00,2000,2000,2000,2000,0
2022-08-12 14:36:00,2000,2000,2000,2000,0
2022-08-12 14:37:00,2000,2000,2000,2000,0
2022-08-12 14:38:00,2000,2000,2000,2000,0
2022-08-12 14:39:00,2000,2000,2000,2000,0
2022-08-12 14:40:00,2000,2000,2000,2000,0
2022-08-12 14:41:00,2000,2000,2000,2000,0
2022-08-12 14:42:00,2000,2000,2000,2000,0
2022-08-12 14:43:00,2000,2000,2000,2000,0
2022-08-12 14:44:00,2000,2000,2000,2000,0
2022-08-12 14:45:00,2000,2000,2000,2000,0
2022-08-12 14:46:00,2000,2000,2000,2000,0
2022-08-12 14:47:00,2000,2000,2000,2000,0
2022-08-12 14:48:00,2000,2000,2000,2000,0
2022-08-12 14:49:00,2000,2000,2000,2000,0
2022-08-12 14:50:00,2000,2000,2000,2000,0
2022-08-12 14:51:00,2000,2000,2000,2000,0
2022-08-12 14:52:00,2000,2000,2000,2000,0
2022-08-12 14:53:00,2000,2000,2000,2000,0
2022-08-12 14:54:00,2000,2000,2000,2000,0
2022-08-12 14:55:00,2000,2000,2000,2000,0
2022-08-12 14:56:00,2000,2000,2000,2000,0
2022-08-12 14:57:00,2000,2000,2000,2000,0
2022-08-12 14:58:00,2000,2000,2000,2000,0
2022-08-12 14:59:00,2000,2000,2000,2000,0
2022-08-12 15:00:00,2000,2000,2000,2000,0
2022-08-12 15:01:00,2000,2000,2000,2000,0
2022-08-12 15:02:00,2000,2000,2000,2000,0
2022-08-12 15:03:00,2000,2000,2000,2000,0
2022-08-12 15:04:00,2000,2000,2000,2000,0
2022-08-12 15:05:00,2000,2000,2000,2000,0
2022-08-12 15:06:00,2000,2000,2000,2000,0
2022-08-12 15:07:00,2000,2000,2000,2000,0
2022-08-12 15:08:00,2000,2000,2000,2000,0
2022-08-12 15:09:00,2000,2000,2000,2000,0
2022-08-12 15:10:00,2000,2000,2000,2000,0
2022-08-12 15:11:00,2000,2000,2000,2000,0
2022-08-12 15:12:00,2000,2000,2000,2000,0
2022-08-12 15:13:00,2000,2000,2000,2000,0
2022-08-12 15:14:00,2000,2000,2000,2000,0
2022-08-12 15:15:00,2000,2000,2000,2000,0
2022-08-12 15:16:00,2000,2000,2000,2000,0
2022-08-12 15:17:00,2000,2000,2000,2000,0
2022-08-12 15:18:00,2000,2000,2000,2000,0
2022-08-12 15:19:00,2000,2000,2000,2000,0
2022-08-12 15:20:00,2000,2000,2000,2000,0
2022-08-12 15:21:00,2000,2000,2000,2000,0
2022-08-12 15:22:00,2000,2000,2000,2000,0
2022-08-12 15:23:00,2000,2000,2000,2000,0
2022-08-12 15:24:00,2000,2000,2000,2000,0
2022-08-12 15:25:00,2000,2000,2000,2000,0
2022-08-12 15:26:00,2000,2000,2000,2000,0
2022-08-12 15:27:00,2000,2000,2000,2000,0
2022-08-12 15:28:00,2000,2000,2000,2000,0
2022-08-12 15:29:00,2000,2000,2000,2000,0
2022-08-12 15:30:00,2000,2000,2000,2000,0
2022-08-12 15:31:00,2000,2000,2000,2000,0
2022-08-12 15:32:00,2000,2000,2000,2000,0
2022-08-12 15:33:00,2000,2000,2000,2000,0
2022-08-12 15:34:00,2000,2000,2000,2000,0
2022-08-12 15:35:00,2000,2000,2000,2000,0
2022-08-12 15:36:00,2000,2000,2000,2000,0
2022-08-12 15:37:00,2000,2000,2000,2000,0
2022-08-12 15:38:00,2000,2000,2000,2000,0
2022-08-12 15:39:00,2000,2000,2000,2000,0
2022-08-12 15:40:00,2000,2000,2000,2000,0
2022-08-12 15:41:00,2000,2000,2000,2000,0
2022-08-12 15:42:00,2000,2000,2000,2000,0
2022-08-12 15:43:00,2000,2000,2000,2000,0
2022-08-12 15:44:00,2000,2000,2000,2000,0
2022-08-12 15:45:00,2000,2000,2000,2000,0
2022-08-12 15:46:00,2000,2000,2000,2000,0
2022-08-12 15:47:00,2000,2000,2000,2000,0
2022-08-12 15:48:00,2000,2000,2000,2000,0
2022-08-12 15:49:00,2000,2000,2000,2000,0
2022-08-12 15:50:00,2000,2000,2000,2000,0
2022-08-12 15:51:00,2000,2000,2000,2000,0
2022-08-12 15:52:00,2000,2000,2000,2000,0
2022-08-12 15:53:00,2000,2000,2000,2000,0
2022-08-12 15:54:00,2000,2000,2000,2000,0
2022-08-12 15:55:00,2000,2000,2000,2000,0
2022-08-12 15:56:00,2000,2000,2000,2000,0
2022-08-12 15:57:00,2000,2000,2000,2000,0
2022-08-12 15:58:00,2000,2000,2000,2000,0
2022-08-12 15:59:00,2000,2000,2000,2000,0
2022-08-29 09:00:00,1990,1990,1990,1990,0
2022-08-29 09:01:00,1990,1990,1990,1990,0
2022-08-29 09:02:00,1990,1990,1990,1990,0
2022-08-29 09:03:00,1990,1990,1990,1990,0
2022-08-29 09:04:00,1990,1990,1990,1990,0
2022-08-29 09:05:00,1990,1990,1990,1990,0
2022-08-29 09:06:00,1990,1990,1990,1990,0
2022-08-29 09:07:00,1990,1990,1990,1990,0
2022-08-29 09:08:00,1990,1990,1990,1990,0
2022-08-29 09:09:00,1990,1990,1990,1990,0
2022-08-29 09:10:00,1990,1990,1990,1990,0
2022-08-29 09:11:00,1990,1990,1990,1990,0
2022-08-29 09:12:00,1990,1990,1990,1990,0
2022-08-29 09:13:00,1990,1990,1990,1990,0
2022-08-29 09:14:00,1990,1990,1990,1990,0
2022-08-29 09:15:00,1990,1990,1990,1990,0
2022-08-29 09:16:00,1990,1990,1990,1990,0
2022-08-29 09:17:00,1990,1990,1990,1990,0
2022-08-29 09:18:00,1990,1990,1990,1990,0
2022-08-29 09:19:00,1990,1990,1990,1990,0
2022-08-29 09:20:00,1990,1990,1990,1990,0
2022-08-29 09:21:00,1990,1990,1990,1990,0
2022-08-29 09:22:00,1990,1990,1990,1990,0
2022-08-29 09:23:00,1990,1990,1990,1990,0
2022-08-29 09:24:00,1990,1990,1990,1990,0
2022-08-29 09:25:00,1990,1990,1990,1990,0
2022-08-29 09:26:00,1990,1990,1990,1990,0
2022-08-29 09:27:00,1990,1990,1990,1990,0
2022-08-29 09:28:00,1990,1990,1990,1990,0
2022-08-29 09:29:00,1990,1990,1990,1990,0
2022-08-29 09:30:00,1990,1990,1990,1990,0
2022-08-29 09:31:00,1990,1990,1990,1990,0
2022-08-29 09:32:00,1990,1990,1990,1990,0
2022-08-29 09:33:00,1990,1990,1990,1990,0
2022-08-29 09:34:00,1990,1990,1990,1990,0
2022-08-29 09:35:00,1990,1990,1990,1990,0
2022-08-29 09:36:00,1990,1990,1990,1990,0
2022-08-29 09:37:00,1990,1990,1990,1990,0
2022-08-29 09:38:00,1990,1990,1990,1990,0
2022-08-29 09:39:00,1990,1990,1990,1990,0
2022-08-29 09:40:00,1990,1990,1990,1990,0
2022-08-29 09:41:00,1990,1990,1990,1990,0
2022-08-29 09:42:00,1990,1990,1990,1990,0
2022-08-29 09:43:00,1990,1990,1990,1990,0
2022-08-29 09:44:00,1990,1990,1990,1990,0
2022-08-29 09:45:00,1990,1990,1990,1990,0
2022-08-29 09:46:00,1990,1990,1990,1990,0
2022-08-29 09:47:00,1990,1990,1990,1990,0
2022-08-29 09:48:00,1990,1990,1990,1990,0
2022-08-29 09:49:00,1990,1990,1990,1990,0
2022-08-29 09:50:00,1990,1990,1990,1990,0
2022-08-29 09:51:00,1990,1990,1990,1990,0
2022-08-29 09:52:00,1990,1990,1990,1990,0
2022-08-29 09:53:00,1990,1990,1990,1990,0
2022-08-29 09:54:00,1990,1990,1990,1990,0
2022-08-29 09:55:00,1990,1990,1990,1990,0
2022-08-29 09:56:00,1990,1990,1990,1990,0
2022-08-29 09:57:00,1990,1990,1990,1990,0
2022-08-29 09:58:00,1990,1990,1990,1990,0
2022-08-29 09:59:00,1990,1990,1990,1990,0
2022-08-29 10:00:00,1990,1990,1990,1990,0
2022-08-29 10:01:00,1990,1990,1990,1990,0
2022-08-29 10:02:00,1990,1990,1990,1990,0
2022-08-29 10:03:00,1990,1990,1990,1990,0
2022-08-29 10:04:00,1990,1990,1990,1990,0
2022-08-29 10:05:00,1990,1990,1990,1990,0
2022-08-29 10:06:00,1990,1990,1990,1990,0
2022-08-29 10:07:00,1990,1990,1990,1990,0
2022-08-29 10:08:00,1990,1990,1990,1990,0
2022-08-29 10:09:00,1990,1990,1990,1990,0
2022-08-29 10:10:00,1990,1990,1990,1990,0
2022-08-29 10:11:00,1990,1990,1990,1990,0
2022-08-29 10:12:00,1990,1990,1990,1990,0
2022-08-29 10:13:00,1990,1990,1990,1990,0
2022-08-29 10:14:00,1990,1990,1990,1990,0
2022-08-29 10:15:00,1990,1990,1990,1990,0
2022-08-29 10:16:00,1990,1990,1990,1990,0
2022-08-29 10:17:00,1990,1990,1990,1990,0
2022-08-29 10:18:00,1990,1990,1990,1990,0
2022-08-29 10:19:00,1990,1990,1990,1990,0
2022-08-29 10:20:00,1990,1990,1990,1990,0
2022-08-29 10:21:00,1990,1990,1990,1990,0
2022-08-29 10:22:00,1990,1990,1990,1990,0
2022-08-29 10:23:00,1990,1990,1990,1990,0
2022-08-29 10:24:00,1990,1990,1990,1990,0
2022-08-29 10:25:00,1990,1990,1990,1990,0
2022-08-29 10:26:00,1990,1990,1990,1990,0
2022-08-29 10:27:00,1990,1990,1990,1990,0
2022-08-29 10:28:00,1990,1990,1990,1990,0
2022-08-29 10:29:00,1990,1990,1990,1990,0
2022-08-29 10:30:00,1990,1990,1990,1990,0
2022-08-29 10:31:00,1990,1990,1990,1990,0
2022-08-29 10:32:00,1990,1990,1990,1990,0
2022-08-29 10:33:00,1990,1990,1990,1990,0
2022-08-29 10:34:00,1990,1990,1990,1990,0
2022-08-29 10:35:00,1990,1990,1990,1990,0
2022-08-29 10:36:00,1990,1990,1990,1990,0
2022-08-29 10:37:00,1990,1990,1990,1990,0
2022-08-29 10:38:00,1990,1990,1990,1990,0
2022-08-29 10:39:00,1990,1990,1990,1990,0
2022-08-29 10:40:00,1990,1990,1990,1990,0
2022-08-29 10:41:00,1990,1990,1990,1990,0
2022-08-29 10:42:00,1990,1990,1990,1990,0
2022-08-29 10:43:00,1990,1990,1990,1990,0
2022-08-29 10:44:00,1990,1990,1990,1990,0
2022-08-29 10:45:00,1990,1990,1990,1990,0
2022-08-29 10:46:00,1990,1990,1990,1990,0
2022-08-29 10:47:00,1990,1990,1990,1990,0
2022-08-29 10:48:00,1990,1990,1990,1990,0
2022-08-29 10:49:00,1990,1990,1990,1990,0
2022-08-29 10:50:00,1990,1990,1990,1990,0
2022-08-29 10:51:00,1990,1990,1990,1990,0
2022-08-29 10:52:00,1990,1990,1990,1990,0
2022-08-29 10:53:00,1990,1990,1990,1990,0
2022-08-29 10:54:00,1990,1990,1990,1990,0
2022-08-29 10:55:00,1990,1990,1990,1990,0
2022-08-29 10:56:00,1990,1990,1990,1990,0
2022-08-29 10:57:00,1990,1990,1990,1990,0
2022-08-29 10:58:00,1990,1990,1990,1990,0
2022-08-29 10:59:00,1990,1990,1990,1990,0
2022-08-29 11:00:00,1990,1990,1990,1990,0
2022-08-29 11:01:00,1990,1990,1990,1990,0
2022-08-29 11:02:00,1990,1990,1990,1990,0
2022-08-29 11:03:00,1990,1990,1990,1990,0
2022-08-29 11:04:00,1990,1990,1990,1990,0
2022-08-29 11:05:00,1990,1990,1990,1990,0
2022-08-29 11:06:00,1990,1990,1990,1990,0
2022-08-29 11:07:00,1990,1990,1990,1990,0
2022-08-29 11:08:00,1990,1990,1990,1990,0
2022-08-29 11:09:00,1990,1990,1990,1990,0
2022-08-29 11:10:00,1990,1990,1990,1990,0
2022-08-29 11:11:00,1990,1990,1990,1990,0
2022-08-29 11:12:00,1990,1990,1990,1990,0
2022-08-29 11:13:00,1990,1990,1990,1990,0
2022-08-29 11:14:00,1990,1990,1990,1990,0
2022-08-29 11:15:00,1990,1990,1990,1990,0
2022-08-29 11:16:00,1990,1990,1990,1990,0
2022-08-29 11:17:00,1990,1990,1990,1990,0
2022-08-29 11:18:00,1990,1990,1990,1990,0
2022-08-29 11:19:00,1990,1990,1990,1990,0
2022-08-29 11:20:00,1990,1990,1990,1990,0
2022-08-29 11:21:00,1990,1990,1990,1990,0
2022-08-29 11:22:00,1990,1990,1990,1990,0
2022-08-29 11:23:00,1990,1990,1990,1990,0
2022-08-29 11:24:00,1990,1990,1990,1990,0
2022-08-29 11:25:00,1990,1990,1990,1990,0
2022-08-29 11:26:00,1990,1990,1990,1990,0
2022-08-29 11:27:00,1990,1990,1990,1990,0
2022-08-29 11:28:00,1990,1990,1990,1990,0
2022-08-29 11:29:00,1990,1990,1990,1990,0
2022-08-29 11:30:00,1990,1990,1990,1990,0
2022-08-29 11:31:00,1990,1990,1990,1990,0
2022-08-29 11:32:00,1990,1990,1990,1990,0
2022-08-29 11:33:00,1990,1990,1990,1990,0
2022-08-29 11:34:00,1990,1990,1990,1990,0
2022-08-29 11:35:00,1990,1990,1990,1990,0
2022-08-29 11:36:00,1990,1990,1990,1990,0
2022-08-29 11:37:00,1990,1990,1990,1990,0
2022-08-29 11:38:00,1990,1990,1990,1990,0
2022-08-29 11:39:00,1990,1990,1990,1990,0
2022-08-29 11:40:00,1990,1990,1990,1990,0
2022-08-29 11:41:00,1990,1990,1990,1990,0
2022-08-29 11:42:00,1990,1990,1990,1990,0
2022-08-29 11:43:00,1990,1990,1990,1990,0
2022-08-29 11:44:00,1990,1990,1990,1990,0
2022-08-29 11:45:00,1990,1990,1990,1990,0
2022-08-29 11:46:00,1990,1990,1990,1990,0
2022-08-29 11:47:00,1990,1990,1990,1990,0
2022-08-29 11:48:00,1990,1990,1990,1990,0
2022-08-29 11:49:00,1990,1990,1990,1990,0
2022-08-29 11:50:00,1990,1990,1990,1990,0
2022-08-29 11:51:00,1990,1990,1990,1990,0
2022-08-29 11:52:00,1990,1990,1990,1990,0
2022-08-29 11:53:00,1990,1990,1990,1990,0
2022-08-29 11:54:00,1990,1990,1990,1990,0
2022-08-29 11:55:00,1990,1990,1990,1990,0
2022-08-29 11:56:00,1990,1990,1990,1990,0
2022-08-29 11:57:00,1990,1990,1990,1990,0
2022-08-29 11:58:00,1990,1990,1990,1990,0
2022-08-29 11:59:00,1990,1990,1990,1990,0
2022-08-29 12:00:00,1990,1990,1990,1990,0
2022-08-29 12:01:00,1990,1990,1990,1990,0
2022-08-29 12:02:00,1990,1990,1990,1990,0
2022-08-29 12:03:00,1990,1990,1990,1990,0
2022-08-29 12:04:00,1990,1990,1990,1990,0
2022-08-29 12:05:00,1990,1990,1990,1990,0
2022-08-29 12:06:00,1990,1990,1990,1990,0
2022-08-29 12:07:00,1990,1990,1990,1990,0
2022-08-29 12:08:00,1990,1990,1990,1990,0
2022-08-29 12:09:00,1990,1990,1990,1990,0
2022-08-29 12:10:00,1990,1990,1990,1990,0
2022-08-29 12:11:00,1990,1990,1990,1990,0
2022-08-29 12:12:00,1990,1990,1990,1990,0
2022-08-29 12:13:00,1990,1990,1990,1990,0
2022-08-29 12:14:00,1990,1990,1990,1990,0
2022-08-29 12:15:00,1990,1990,1990,1990,0
2022-08-29 12:16:00,1990,1990,1990,1990,0
2022-08-29 12:17:00,1990,1990,1990,1990,0
2022-08-29 12:18:00,1990,1990,1990,1990,0
2022-08-29 12:19:00,1990,1990,1990,1990,0
2022-08-29 12:20:00,1990,1990,1990,1990,0
2022-08-29 12:21:00,1990,1990,1990,1990,0
2022-08-29 12:22:00,1990,1990,1990,1990,0
2022-08-29 12:23:00,1990,1990,1990,1990,0
2022-08-29 12:24:00,1990,1990,1990,1990,0
2022-08-29 12:25:00,1990,1990,1990,1990,0
2022-08-29 12:26:00,1990,1990,1990,1990,0
2022-08-29 12:27:00,1990,1990,1990,1990,0
2022-08-29 12:28:00,1990,1990,1990,1990,0
2022-08-29 12:29:00,1990,1990,1990,1990,0
2022-08-29 12:30:00,1990,1990,1990,1990,0
2022-08-29 12:31:00,1990,1990,1990,1990,0
2022-08-29 12:32:00,1990,1990,1990,1990,0
2022-08-29 12:33:00,1990,1990,1990,1990,0
2022-08-29 12:34:00,1990,1990,1990,1990,0
2022-08-29 12:35:00,1990,1990,1990,1990,0
2022-08-29 12:36:00,1990,1990,1990,1990,0
2022-08-29 12:37:00,1990,1990,1990,1990,0
2022-08-29 12:38:00,1990,1990,1990,1990,0
2022-08-29 12:39:00,1990,1990,1990,1990,0
2022-08-29 12:40:00,1990,1990,1990,1990,0
2022-08-29 12:41:00,1990,1990,1990,1990,0
2022-08-29 12:42:00,1990,1990,1990,1990,0
2022-08-29 12:43:00,1990,1990,1990,1990,0
2022-08-29 12:44:00,1990,1990,1990,1990,0
2022-08-29 12:45:00,1990,1990,1990,1990,0
2022-08-29 12:46:00,1990,1990,1990,1990,0
2022-08-29 12:47:00,1990,1990,1990,1990,0
2022-08-29 12:48:00,1990,1990,1990,1990,0
2022-08-29 12:49:00,1990,1990,1990,1990,0
2022-08-29 12:50:00,1990,1990,1990,1990,0
2022-08-29 12:51:00,1990,1990,1990,1990,0
2022-08-29 12:52:00,1990,1990,1990,1990,0
2022-08-29 12:53:00,1990,1990,1990,1990,0
2022-08-29 12:54:00,1990,1990,1990,1990,0
2022-08-29 12:55:00,1990,1990,1990,1990,0
2022-08-29 12:56:00,1990,1990,1990,1990,0
2022-08-29 12:57:00,1990,1990,1990,1990,0
2022-08-29 12:58:00,1990,1990,1990,1990,0
2022-08-29 12:59:00,1990,1990,1990,1990,0
2022-08-29 13:00:00,1990,1990,1990,1990,0
2022-08-29 13:01:00,1990,1990,1990,1990,0
2022-08-29 13:02:00,1990,1990,1990,1990,0
2022-08-29 13:03:00,1990,1990,1990,1990,0
2022-08-29 13:04:00,1990,1990,1990,1990,0
2022-08-29 13:05:00,1990,1990,1990,1990,0
2022-08-29 13:06:00,1990,1990,1990,1990,0
2022-08-29 13:07:00,1990,1990,1990,1990,0
2022-08-29 13:08:00,1990,1990,1990,1990,0
2022-08-29 13:09:00,1990,1990,1990,1990,0
2022-08-29 13:10:00,1990,1990,1990,1990,0
2022-08-29 13:11:00,1990,1990,1990,1990,0
2022-08-29 13:12:00,1990,1990,1990,1990,0
2022-08-29 13:13:00,1990,1990,1990,1990,0
2022-08-29 13:14:00,1990,1990,1990,1990,0
2022-08-29 13:15:00,1990,1990,1990,1990,0
2022-08-29 13:16:00,1990,1990,1990,1990,0
2022-08-29 13:17:00,1990,1990,1990,1990,0
2022-08-29 13:18:00,1990,1990,1990,1990,0
2022-08-29 13:19:00,1990,1990,1990,1990,0
2022-08-29 13:20:00,1990,1990,1990,1990,0
2022-08-29 13:21:00,1990,1990,1990,1990,0
2022-08-29 13:22:00,1990,1990,1990,1990,0
2022-08-29 13:23:00,1990,1990,1990,1990,0
2022-08-29 13:24:00,1990,1990,1990,1990,0
2022-08-29 13:25:00,1990,1990,1990,1990,0
2022-08-29 13:26:00,1990,1990,1990,1990,0
2022-08-29 13:27:00,1990,1990,1990,1990,0
2022-08-29 13:28:00,1990,1990,1990,1990,0
2022-08-29 13:29:00,1990,1990,1990,1990,0
2022-08-29 13:30:00,1990,1990,1990,1990,0
2022-08-29 13:31:00,1990,1990,1990,1990,0
2022-08-29 13:32:00,1990,1990,1990,1990,0
2022-08-29 13:33:00,1990,1990,1990,1990,0
2022-08-29 13:34:00,1990,1990,1990,1990,0
2022-08-29 13:35:00,1990,1990,1990,1990,0
2022-08-29 13:36:00,1990,1990,1990,1990,0
2022-08-29 13:37:00,1990,1990,1990,1990,0
2022-08-29 13:38:00,1990,1990,1990,1990,0
2022-08-29 13:39:00,1990,1990,1990,1990,0
2022-08-29 13:40:00,1990,1990,1990,1990,0
2022-08-29 13:41:00,1990,1990,1990,1990,0
2022-08-29 13:42:00,1990,1990,1990,1990,0
2022-08-29 13:43:00,1990,1990,1990,1990,0
2022-08-29 13:44:00,1990,1990,1990,1990,0
2022-08-29 13:45:00,1990,1990,1990,1990,0
2022-08-29 13:46:00,1990,1990,1990,1990,0
2022-08-29 13:47:00,1990,1990,1990,1990,0
2022-08-29 13:48:00,1990,1990,1990,1990,0
2022-08-29 13:49:00,1990,1990,1990,1990,0
2022-08-29 13:50:00,1990,1990,1990,1990,0
2022-08-29 13:51:00,1990,1990,1990,1990,0
2022-08-29 13:52:00,1990,1990,1990,1990,0
2022-08-29 13:53:00,1990,1990,1990,1990,0
2022-08-29 13:54:00,1990,1990,1990,1990,0
2022-08-29 13:55:00,1990,1990,1990,1990,0
2022-08-29 13:56:00,1990,1990,1990,1990,0
2022-08-29 13:57:00,1990,1990,1990,1990,0
2022-08-29 13:58:00,1990,1990,1990,1990,0
2022-08-29 13:59:00,1990,1990,1990,1990,0
2022-08-29 14:00:00,1990,1990,1990,1990,0
2022-08-29 14:01:00,1990,1990,1990,1990,0
2022-08-29 14:02:00,1990,1990,1990,1990,0
2022-08-29 14:03:00,1990,1990,1990,1990,0
2022-08-29 14:04:00,1990,1990,1990,1990,0
2022-08-29 14:05:00,1990,1990,1990,1990,0
2022-08-29 14:06:00,1990,1990,1990,1990,0
2022-08-29 14:07:00,1990,1990,1990,1990,0
2022-08-29 14:08:00,1990,1990,1990,1990,0
2022-08-29 14:09:00,1990,1990,1990,1990,0
2022-08-29 14:10:00,1990,1990,1990,1990,0
2022-08-29 14:11:00,1990,1990,1990,1990,0
2022-08-29 14:12:00,1990,1990,1990,1990,0
2022-08-29 14:13:00,1990,1990,1990,1990,0
2022-08-29 14:14:00,1990,1990,1990,1990,0
2022-08-29 14:15:00,1990,1990,1990,1990,0
2022-08-29 14:16:00,1990,1990,1990,1990,0
2022-08-29 14:17:00,1990,1990,1990,1990,0
2022-08-29 14:18:00,1990,1990,1990,1990,0
2022-08-29 14:19:00,1990,1990,1990,1990,0
2022-08-29 14:20:00,1990,1990,1990,1990,0
2022-08-29 14:21:00,1990,1990,1990,1990,0
2022-08-29 14:22:00,1990,1990,1990,1990,0
2022-08-29 14:23:00,1990,1990,1990,1990,0
2022-08-29 14:24:00,1990,1990,1990,1990,0
2022-08-29 14:25:00,1990,1990,1990,1990,0
2022-08-29 14:26:00,1990,1990,1990,1990,0
2022-08-29 14:27:00,1990,1990,1990,1990,0
2022-08-29 14:28:00,1990,1990,1990,1990,0
2022-08-29 14:29:00,1990,1990,1990,1990,0
2022-08-29 14:30:00,1990,1990,1990,1990,0
2022-08-29 14:31:00,1990,1990,1990,1990,0
2022-08-29 14:32:00,1990,1990,1990,1990,0
2022-08-29 14:33:00,1990,1990,1990,1990,0
2022-08-29 14:34:00,1990,1990,1990,1990,0
2022-08-29 14:35:00,1990,1990,1990,1990,0
2022-08-29 14:36:00,1990,1990,1990,1990,0
2022-08-29 14:37:00,1990,1990,1990,1990,0
2022-08-29 14:38:00,1990,1990,1990,1990,0
2022-08-29 14:39:00,1990,1990,1990,1990,0
2022-08-29 14:40:00,1990,1990,1990,1990,0
2022-08-29 14:41:00,1990,1990,1990,1990,0
2022-08-29 14:42:00,1990,1990,1990,1990,0
2022-08-29 14:43:00,1990,1990,1990,1990,0
2022-08-29 14:44:00,1990,1990,1990,1990,0
2022-08-29 14:45:00,1990,1990,1990,1990,0
2022-08-29 14:46:00,1990,1990,1990,1990,0
2022-08-29 14:47:00,1990,1990,1990,1990,0
2022-08-29 14:48:00,1990,1990,1990,1990,0
2022-08-29 14:49:00,1990,1990,1990,1990,0
2022-08-29 14:50:00,1990,1990,1990,1990,0
2022-08-29 14:51:00,1990,1990,1990,1990,0
2022-08-29 14:52:00,1990,1990,1990,1990,0
2022-08-29 14:53:00,1990,1990,1990,1990,0
2022-08-29 14:54:00,1990,1990,1990,1990,0
2022-08-29 14:55:00,1990,1990,1990,1990,0
2022-08-29 14:56:00,1990,1990,1990,1990,0
2022-08-29 14:57:00,1990,1990,1990,1990,0
2022-08-29 14:58:00,1990,1990,1990,1990,0
2022-08-29 14:59:00,1990,1990,1990,1990,0
2022-08-29 15:00:00,1990,1990,1990,1990,0
2022-08-29 15:01:00,1990,1990,1990,1990,0
2022-08-29 15:02:00,1990,1990,1990,1990,0
2022-08-29 15:03:00,1990,1990,1990,1990,0
2022-08-29 15:04:00,1990,1990,1990,1990,0
2022-08-29 15:05:00,1990,1990,1990,1990,0
2022-08-29 15:06:00,1990,1990,1990,1990,0
2022-08-29 15:07:00,1990,1990,1990,1990,0
2022-08-29 15:08:00,1990,1990,1990,1990,0
2022-08-29 15:09:00,1990,1990,1990,1990,0
2022-08-29 15:10:00,1990,1990,1990,1990,0
2022-08-29 15:11:00,1990,1990,1990,1990,0
2022-08-29 15:12:00,1990,1990,1990,1990,0
2022-08-29 15:13:00,1990,1990,1990,1990,0
2022-08-29 15:14:00,1990,1990,1990,1990,0
2022-08-29 15:15:00,1990,1990,1990,1990,0
2022-08-29 15:16:00,1990,1990,1990,1990,0
2022-08-29 15:17:00,1990,1990,1990,1990,0
2022-08-29 15:18:00,1990,1990,1990,1990,0
2022-08-29 15:19:00,1990,1990,1990,1990,0
2022-08-29 15:20:00,1990,1990,1990,1990,0
2022-08-29 15:21:00,1990,1990,1990,1990,0
2022-08-29 15:22:00,1990,1990,1990,1990,0
2022-08-29 15:23:00,1990,1990,1990,1990,0
2022-08-29 15:24:00,1990,1990,1990,1990,0
2022-08-29 15:25:00,1990,1990,1990,1990,0
2022-08-29 15:26:00,1990,1990,1990,1990,0
2022-08-29 15:27:00,1990,1990,1990,1990,0
2022-08-29 15:28:00,1990,1990,1990,1990,0
2022-08-29 15:29:00,1990,1990,1990,1990,0
2022-08-29 15:30:00,1990,1990,1990,1990,0
2022-08-29 15:31:00,1990,1990,1990,1990,0
2022-08-29 15:32:00,1990,1990,1990,1990,0
2022-08-29 15:33:00,1990,1990,1990,1990,0
2022-08-29 15:34:00,1990,1990,1990,1990,0
2022-08-29 15:35:00,1990,1990,1990,1990,0
2022-08-29 15:36:00,1990,1990,1990,1990,0
2022-08-29 15:37:00,1990,1990,1990,1990,0
2022-08-29 15:38:00,1990,1990,1990,1990,0
2022-08-29 15:39:00,1990,1990,1990,1990,0
2022-08-29 15:40:00,1990,1990,1990,1990,0
2022-08-29 15:41:00,1990,1990,1990,1990,0
2022-08-29 15:42:00,1990,1990,1990,1990,0
2022-08-29 15:43:00,1990,1990,1990,1990,0
2022-08-29 15:44:00,1990,1990,1990,1990,0
2022-08-29 15:45:00,1990,1990,1990,1990,0
2022-08-29 15:46:00,1990,1990,1990,1990,0
2022-08-29 15:47:00,1990,1990,1990,1990,0
2022-08-29 15:48:00,1990,1990,1990,1990,0
2022-08-29 15:49:00,1990,1990,1990,1990,0
2022-08-29 15:50:00,1990,1990,1990,1990,0
2022-08-29 15:51:00,1990,1990,1990,1990,0
2022-08-29 15:52:00,1990,1990,1990,1990,0
2022-08-29 15:53:00,1990,1990,1990,1990,0
2022-08-29 15:54:00,1990,1990,1990,1990,0
2022-08-29 15:55:00,1990,1990,1990,1990,0
2022-08-29 15:56:00,1990,1990,1990,1990,0
2022-08-29 15:57:00,1990,1990,1990,1990,0
2022-08-29 15:58:00,1990,1990,1990,1990,0
2022-08-29 15:59:00,1990,1990,1990,1990,0
2022-08-30 09:00:00,1990,1990,1990,1990,0
2022-08-30 09:01:00,1990,1990,1990,1990,0
2022-08-30 09:02:00,1990,1990,1990,1990,0
2022-08-30 09:03:00,1990,1990,1990,1990,0
2022-08-30 09:04:00,1990,1990,1990,1990,0
2022-08-30 09:05:00,1990,1990,1990,1990,0
2022-08-30 09:06:00,1990,1990,1990,1990,0
2022-08-30 09:07:00,1990,1990,1990,1990,0
2022-08-30 09:08:00,1990,1990,1990,1990,0
2022-08-30 09:09:00,1990,1990,1990,1990,0
2022-08-30 09:10:00,1990,1990,1990,1990,0
2022-08-30 09:11:00,1990,1990,1990,1990,0
2022-08-30 09:12:00,1990,1990,1990,1990,0
2022-08-30 09:13:00,1990,1990,1990,1990,0
2022-08-30 09:14:00,1990,1990,1990,1990,0
2022-08-30 09:15:00,1990,1990,1990,1990,0
2022-08-30 09:16:00,1990,1990,1990,1990,0
2022-08-30 09:17:00,1990,1990,1990,1990,0
2022-08-30 09:18:00,1990,1990,1990,1990,0
2022-08-30 09:19:00,1990,1990,1990,1990,0
2022-08-30 09:20:00,1990,1990,1990,1990,0
2022-08-30 09:21:00,1990,1990,1990,1990,0
2022-08-30 09:22:00,1990,1990,1990,1990,0
2022-08-30 09:23:00,1990,1990,1990,1990,0
2022-08-30 09:24:00,1990,1990,1990,1990,0
2022-08-30 09:25:00,1990,1990,1990,1990,0
2022-08-30 09:26:00,1990,1990,1990,1990,0
2022-08-30 09:27:00,1990,1990,1990,1990,0
2022-08-30 09:28:00,1990,1990,1990,1990,0
2022-08-30 09:29:00,1990,1990,1990,1990,0
2022-08-30 09:30:00,1990,1990,1990,1990,0
2022-08-30 09:31:00,1990,1990,1990,1990,0
2022-08-30 09:32:00,1990,1990,1990,1990,0
2022-08-30 09:33:00,1990,1990,1990,1990,0
2022-08-30 09:34:00,1990,1990,1990,1990,0
2022-08-30 09:35:00,1990,1990,1990,1990,0
2022-08-30 09:36:00,1990,1990,1990,1990,0
2022-08-30 09:37:00,1990,1990,1990,1990,0
2022-08-30 09:38:00,1990,1990,1990,1990,0
2022-08-30 09:39:00,1990,1990,1990,1990,0
2022-08-30 09:40:00,1990,1990,1990,1990,0
2022-08-30 09:41:00,1990,1990,1990,1990,0
2022-08-30 09:42:00,1990,1990,1990,1990,0
2022-08-30 09:43:00,1990,1990,1990,1990,0
2022-08-30 09:44:00,1990,1990,1990,1990,0
2022-08-30 09:45:00,1990,1990,1990,1990,0
2022-08-30 09:46:00,1990,1990,1990,1990,0
2022-08-30 09:47:00,1990,1990,1990,1990,0
2022-08-30 09:48:00,1990,1990,1990,1990,0
2022-08-30 09:49:00,1990,1990,1990,1990,0
2022-08-30 09:50:00,1990,1990,1990,1990,0
2022-08-30 09:51:00,1990,1990,1990,1990,0
2022-08-30 09:52:00,1990,1990,1990,1990,0
2022-08-30 09:53:00,1990,1990,1990,1990,0
2022-08-30 09:54:00,1990,1990,1990,1990,0
2022-08-30 09:55:00,1990,1990,1990,1990,0
2022-08-30 09:56:00,1990,1990,1990,1990,0
2022-08-30 09:57:00,1990,1990,1990,1990,0
2022-08-30 09:58:00,1990,1990,1990,1990,0
2022-08-30 09:59:00,1990,1990,1990,1990,0
2022-08-30 10:00:00,1990,1990,1990,1990,0
2022-08-30 10:01:00,1990,1990,1990,1990,0
2022-08-30 10:02:00,1990,1990,1990,1990,0
2022-08-30 10:03:00,1990,1990,1990,1990,0
2022-08-30 10:04:00,1990,1990,1990,1990,0
2022-08-30 10:05:00,1990,1990,1990,1990,0
2022-08-30 10:06:00,1990,1990,1990,1990,0
2022-08-30 10:07:00,1990,1990,1990,1990,0
2022-08-30 10:08:00,1990,1990,1990,1990,0
2022-08-30 10:09:00,1990,1990,1990,1990,0
2022-08-30 10:10:00,1990,1990,1990,1990,0
2022-08-30 10:11:00,1990,1990,1990,1990,0
2022-08-30 10:12:00,1990,1990,1990,1990,0
2022-08-30 10:13:00,1990,1990,1990,1990,0
2022-08-30 10:14:00,1990,1990,1990,1990,0
2022-08-30 10:15:00,1990,1990,1990,1990,0
2022-08-30 10:16:00,1990,1990,1990,1990,0
2022-08-30 10:17:00,1990,1990,1990,1990,0
2022-08-30 10:18:00,1990,1990,1990,1990,0
2022-08-30 10:19:00,1990,1990,1990,1990,0
2022-08-30 10:20:00,1990,1990,1990,1990,0
2022-08-30 10:21:00,1990,1990,1990,1990,0
2022-08-30 10:22:00,1990,1990,1990,1990,0
2022-08-30 10:23:00,1990,1990,1990,1990,0
2022-08-30 10:24:00,1990,1990,1990,1990,0
2022-08-30 10:25:00,1990,1990,1990,1990,0
2022-08-30 10:26:00,1990,1990,1990,1990,0
2022-08-30 10:27:00,1990,1990,1990,1990,0
2022-08-30 10:28:00,1990,1990,1990,1990,0
2022-08-30 10:29:00,1990,1990,1990,1990,0
2022-08-30 10:30:00,1990,1990,1990,1990,0
2022-08-30 10:31:00,1990,1990,1990,1990,0
2022-08-30 10:32:00,1990,1990,1990,1990,0
2022-08-30 10:33:00,1990,1990,1990,1990,0
2022-08-30 10:34:00,1990,1990,1990,1990,0
2022-08-30 10:35:00,1990,1990,1990,1990,0
2022-08-30 10:36:00,1990,1990,1990,1990,0
2022-08-30 10:37:00,1990,1990,1990,1990,0
2022-08-30 10:38:00,1990,1990,1990,1990,0
2022-08-30 10:39:00,1990,1990,1990,1990,0
2022-08-30 10:40:00,1990,1990,1990,1990,0
2022-08-30 10:41:00,1990,1990,1990,1990,0
2022-08-30 10:42:00,1990,1990,1990,1990,0
2022-08-30 10:43:00,1990,1990,1990,1990,0
2022-08-30 10:44:00,1990,1990,1990,1990,0
2022-08-30 10:45:00,1990,1990,1990,1990,0
2022-08-30 10:46:00,1990,1990,1990,1990,0
2022-08-30 10:47:00,1990,1990,1990,1990,0
2022-08-30 10:48:00,1990,1990,1990,1990,0
2022-08-30 10:49:00,1990,1990,1990,1990,0
2022-08-30 10:50:00,1990,1990,1990,1990,0
2022-08-30 10:51:00,1990,1990,1990,1990,0
2022-08-30 10:52:00,1990,1990,1990,1990,0
2022-08-30 10:53:00,1990,1990,1990,1990,0
2022-08-30 10:54:00,1990,1990,1990,1990,0
2022-08-30 10:55:00,1990,1990,1990,1990,0
2022-08-30 10:56:00,1990,1990,1990,1990,0
2022-08-30 10:57:00,1990,1990,1990,1990,0
2022-08-30 10:58:00,1990,1990,1990,1990,0
2022-08-30 10:59:00,1990,1990,1990,1990,0
2022-08-30 11:00:00,1990,1990,1990,1990,0
2022-08-30 11:01:00,1990,1990,1990,1990,0
2022-08-30 11:02:00,1990,1990,1990,1990,0
2022-08-30 11:03:00,1990,1990,1990,1990,0
2022-08-30 11:04:00,1990,1990,1990,1990,0
2022-08-30 11:05:00,1990,1990,1990,1990,0
2022-08-30 11:06:00,1990,1990,1990,1990,0
2022-08-30 11:07:00,1990,1990,1990,1990,0
2022-08-30 11:08:00,1990,1990,1990,1990,0
2022-08-30 11:09:00,1990,1990,1990,1990,0
2022-08-30 11:10:00,1990,1990,1990,1990,0
2022-08-30 11:11:00,1990,1990,1990,1990,0
2022-08-30 11:12:00,1990,1990,1990,1990,0
2022-08-30 11:13:00,1990,1990,1990,1990,0
2022-08-30 11:14:00,1990,1990,1990,1990,0
2022-08-30 11:15:00,1990,1990,1990,1990,0
2022-08-30 11:16:00,1990,1990,1990,1990,0
2022-08-30 11:17:00,1990,1990,1990,1990,0
2022-08-30 11:18:00,1990,1990,1990,1990,0
2022-08-30 11:19:00,1990,1990,1990,1990,0
2022-08-30 11:20:00,1990,1990,1990,1990,0
2022-08-30 11:21:00,1990,1990,1990,1990,0
2022-08-30 11:22:00,1990,1990,1990,1990,0
2022-08-30 11:23:00,1990,1990,1990,1990,0
2022-08-30 11:24:00,1990,1990,1990,1990,0
2022-08-30 11:25:00,1990,1990,1990,1990,0
2022-08-30 11:26:00,1990,1990,1990,1990,0
2022-08-30 11:27:00,1990,1990,1990,1990,0
2022-08-30 11:28:00,1990,1990,1990,1990,0
2022-08-30 11:29:00,1990,1990,1990,1990,0
2022-08-30 11:30:00,1990,1990,1990,1990,0
2022-08-30 11:31:00,1990,1990,1990,1990,0
2022-08-30 11:32:00,1990,1990,1990,1990,0
2022-08-30 11:33:00,1990,1990,1990,1990,0
2022-08-30 11:34:00,1990,1990,1990,1990,0
2022-08-30 11:35:00,1990,1990,1990,1990,0
2022-08-30 11:36:00,1990,1990,1990,1990,0
2022-08-30 11:37:00,1990,1990,1990,1990,0
2022-08-30 11:38:00,1990,1990,1990,1990,0
2022-08-30 11:39:00,1990,1990,1990,1990,0
2022-08-30 11:40:00,1990,1990,1990,1990,0
2022-08-30 11:41:00,1990,1990,1990,1990,0
2022-08-30 11:42:00,1990,1990,1990,1990,0
2022-08-30 11:43:00,1990,1990,1990,1990,0
2022-08-30 11:44:00,1990,1990,1990,1990,0
2022-08-30 11:45:00,1990,1990,1990,1990,0
2022-08-30 11:46:00,1990,1990,1990,1990,0
2022-08-30 11:47:00,1990,1990,1990,1990,0
2022-08-30 11:48:00,1990,1990,1990,1990,0
2022-08-30 11:49:00,1990,1990,1990,1990,0
2022-08-30 11:50:00,1990,1990,1990,1990,0
2022-08-30 11:51:00,1990,1990,1990,1990,0
2022-08-30 11:52:00,1990,1990,1990,1990,0
2022-08-30 11:53:00,1990,1990,1990,1990,0
2022-08-30 11:54:00,1990,1990,1990,1990,0
2022-08-30 11:55:00,1990,1990,1990,1990,0
2022-08-30 11:56:00,1990,1990,1990,1990,0
2022-08-30 11:57:00,1990,1990,1990,1990,0
2022-08-30 11:58:00,1990,1990,1990,1990,0
2022-08-30 11:59:00,1990,1990,1990,1990,0
2022-08-30 12:00:00,1990,1990,1990,1990,0
2022-08-30 12:01:00,1990,1990,1990,1990,0
2022-08-30 12:02:00,1990,1990,1990,1990,0
2022-08-30 12:03:00,1990,1990,1990,1990,0
2022-08-30 12:04:00,1990,1990,1990,1990,0
2022-08-30 12:05:00,1990,1990,1990,1990,0
2022-08-30 12:06:00,1990,1990,1990,1990,0
2022-08-30 12:07:00,1990,1990,1990,1990,0
2022-08-30 12:08:00,1990,1990,1990,1990,0
2022-08-30 12:09:00,1990,1990,1990,1990,0
2022-08-30 12:10:00,1990,1990,1990,1990,0
2022-08-30 12:11:00,1990,1990,1990,1990,0
2022-08-30 12:12:00,1990,1990,1990,1990,0
2022-08-30 12:13:00,1990,1990,1990,1990,0
2022-08-30 12:14:00,1990,1990,1990,1990,0
2022-08-30 12:15:00,1990,1990,1990,1990,0
2022-08-30 12:16:00,1990,1990,1990,1990,0
2022-08-30 12:17:00,1990,1990,1990,1990,0
2022-08-30 12:18:00,1990,1990,1990,1990,0
2022-08-30 12:19:00,1990,1990,1990,1990,0
2022-08-30 12:20:00,1990,1990,1990,1990,0
2022-08-30 12:21:00,1990,1990,1990,1990,0
2022-08-30 12:22:00,1990,1990,1990,1990,0
2022-08-30 12:23:00,1990,1990,1990,1990,0
2022-08-30 12:24:00,1990,1990,1990,1990,0
2022-08-30 12:25:00,1990,1990,1990,1990,0
2022-08-30 12:26:00,1990,1990,1990,1990,0
2022-08-30 12:27:00,1990,1990,1990,1990,0
2022-08-30 12:28:00,1990,1990,1990,1990,0
2022-08-30 12:29:00,1990,1990,1990,1990,0
2022-08-30 12:30:00,1990,1990,1990,1990,0
2022-08-30 12:31:00,1990,1990,1990,1990,0
2022-08-30 12:32:00,1990,1990,1990,1990,0
2022-08-30 12:33:00,1990,1990,1990,1990,0
2022-08-30 12:34:00,1990,1990,1990,1990,0
2022-08-30 12:35:00,1990,1990,1990,1990,0
2022-08-30 12:36:00,1990,1990,1990,1990,0
2022-08-30 12:37:00,1990,1990,1990,1990,0
2022-08-30 12:38:00,1990,1990,1990,1990,0
2022-08-30 12:39:00,1990,1990,1990,1990,0
2022-08-30 12:40:00,1990,1990,1990,1990,0
2022-08-30 12:41:00,1990,1990,1990,1990,0
2022-08-30 12:42:00,1990,1990,1990,1990,0
2022-08-30 12:43:00,1990,1990,1990,1990,0
2022-08-30 12:44:00,1990,1990,1990,1990,0
2022-08-30 12:45:00,1990,1990,1990,1990,0
2022-08-30 12:46:00,1990,1990,1990,1990,0
2022-08-30 12:47:00,1990,1990,1990,1990,0
2022-08-30 12:48:00,1990,1990,1990,1990,0
2022-08-30 12:49:00,1990,1990,1990,1990,0
2022-08-30 12:50:00,1990,1990,1990,1990,0
2022-08-30 12:51:00,1990,1990,1990,1990,0
2022-08-30 12:52:00,1990,1990,1990,1990,0
2022-08-30 12:53:00,1990,1990,1990,1990,0
2022-08-30 12:54:00,1990,1990,1990,1990,0
2022-08-30 12:55:00,1990,1990,1990,1990,0
2022-08-30 12:56:00,1990,1990,1990,1990,0
2022-08-30 12:57:00,1990,1990,1990,1990,0
2022-08-30 12:58:00,1990,1990,1990,1990,0
2022-08-30 12:59:00,1990,1990,1990,1990,0
2022-08-30 13:00:00,1990,1990,1990,1990,0
2022-08-30 13:01:00,1990,1990,1990,1990,0
2022-08-30 13:02:00,1990,1990,1990,1990,0
2022-08-30 13:03:00,1990,1990,1990,1990,0
2022-08-30 13:04:00,1990,1990,1990,1990,0
2022-08-30 13:05:00,1990,1990,1990,1990,0
2022-08-30 13:06:00,1990,1990,1990,1990,0
2022-08-30 13:07:00,1990,1990,1990,1990,0
2022-08-30 13:08:00,1990,1990,1990,1990,0
2022-08-30 13:09:00,1990,1990,1990,1990,0
2022-08-30 13:10:00,1990,1990,1990,1990,0
2022-08-30 13:11:00,1990,1990,1990,1990,0
2022-08-30 13:12:00,1990,1990,1990,1990,0
2022-08-30 13:13:00,1990,1990,1990,1990,0
2022-08-30 13:14:00,1990,1990,1990,1990,0
2022-08-30 13:15:00,1990,1990,1990,1990,0
2022-08-30 13:16:00,1990,1990,1990,1990,0
2022-08-30 13:17:00,1990,1990,1990,1990,0
2022-08-30 13:18:00,1990,1990,1990,1990,0
2022-08-30 13:19:00,1990,1990,1990,1990,0
2022-08-30 13:20:00,1990,1990,1990,1990,0
2022-08-30 13:21:00,1990,1990,1990,1990,0
2022-08-30 13:22:00,1990,1990,1990,1990,0
2022-08-30 13:23:00,1990,1990,1990,1990,0
2022-08-30 13:24:00,1990,1990,1990,1990,0
2022-08-30 13:25:00,1990,1990,1990,1990,0
2022-08-30 13:26:00,1990,1990,1990,1990,0
2022-08-30 13:27:00,1990,1990,1990,1990,0
2022-08-30 13:28:00,1990,1990,1990,1990,0
2022-08-30 13:29:00,1990,1990,1990,1990,0
2022-08-30 13:30:00,1990,1990,1990,1990,0
2022-08-30 13:31:00,1990,1990,1990,1990,0
2022-08-30 13:32:00,1990,1990,1990,1990,0
2022-08-30 13:33:00,1990,1990,1990,1990,0
2022-08-30 13:34:00,1990,1990,1990,1990,0
2022-08-30 13:35:00,1990,1990,1990,1990,0
2022-08-30 13:36:00,1990,1990,1990,1990,0
2022-08-30 13:37:00,1990,1990,1990,1990,0
2022-08-30 13:38:00,1990,1990,1990,1990,0
2022-08-30 13:39:00,1990,1990,1990,1990,0
2022-08-30 13:40:00,1990,1990,1990,1990,0
2022-08-30 13:41:00,1990,1990,1990,1990,0
2022-08-30 13:42:00,1990,1990,1990,1990,0
2022-08-30 13:43:00,1990,1990,1990,1990,0
2022-08-30 13:44:00,1990,1990,1990,1990,0
2022-08-30 13:45:00,1990,1990,1990,1990,0
2022-08-30 13:46:00,1990,1990,1990,1990,0
2022-08-30 13:47:00,1990,1990,1990,1990,0
2022-08-30 13:48:00,1990,1990,1990,1990,0
2022-08-30 13:49:00,1990,1990,1990,1990,0
2022-08-30 13:50:00,1990,1990,1990,1990,0
2022-08-30 13:51:00,1990,1990,1990,1990,0
2022-08-30 13:52:00,1990,1990,1990,1990,0
2022-08-30 13:53:00,1990,1990,1990,1990,0
2022-08-30 13:54:00,1990,1990,1990,1990,0
2022-08-30 13:55:00,1990,1990,1990,1990,0
2022-08-30 13:56:00,1990,1990,1990,1990,0
2022-08-30 13:57:00,1990,1990,1990,1990,0
2022-08-30 13:58:00,1990,1990,1990,1990,0
2022-08-30 13:59:00,1990,1990,1990,1990,0
2022-08-30 14:00:00,1990,1990,1990,1990,0
2022-08-30 14:01:00,1990,1990,1990,1990,0
2022-08-30 14:02:00,1990,1990,1990,1990,0
2022-08-30 14:03:00,1990,1990,1990,1990,0
2022-08-30 14:04:00,1990,1990,1990,1990,0
2022-08-30 14:05:00,1990,1990,1990,1990,0
2022-08-30 14:06:00,1990,1990,1990,1990,0
2022-08-30 14:07:00,1990,1990,1990,1990,0
2022-08-30 14:08:00,1990,1990,1990,1990,0
2022-08-30 14:09:00,1990,1990,1990,1990,0
2022-08-30 14:10:00,1990,1990,1990,1990,0
2022-08-30 14:11:00,1990,1990,1990,1990,0
2022-08-30 14:12:00,1990,1990,1990,1990,0
2022-08-30 14:13:00,1990,1990,1990,1990,0
2022-08-30 14:14:00,1990,1990,1990,1990,0
2022-08-30 14:15:00,1990,1990,1990,1990,0
2022-08-30 14:16:00,1990,1990,1990,1990,0
2022-08-30 14:17:00,1990,1990,1990,1990,0
2022-08-30 14:18:00,1990,1990,1990,1990,0
2022-08-30 14:19:00,1990,1990,1990,1990,0
2022-08-30 14:20:00,1990,1990,1990,1990,0
2022-08-30 14:21:00,1990,1990,1990,1990,0
2022-08-30 14:22:00,1990,1990,1990,1990,0
2022-08-30 14:23:00,1990,1990,1990,1990,0
2022-08-30 14:24:00,1990,1990,1990,1990,0
2022-08-30 14:25:00,1990,1990,1990,1990,0
2022-08-30 14:26:00,1990,1990,1990,1990,0
2022-08-30 14:27:00,1990,1990,1990,1990,0
2022-08-30 14:28:00,1990,1990,1990,1990,0
2022-08-30 14:29:00,1990,1990,1990,1990,0
2022-08-30 14:30:00,1990,1990,1990,1990,0
2022-08-30 14:31:00,1990,1990,1990,1990,0
2022-08-30 14:32:00,1990,1990,1990,1990,0
2022-08-30 14:33:00,1990,1990,1990,1990,0
2022-08-30 14:34:00,1990,1990,1990,1990,0
2022-08-30 14:35:00,1990,1990,1990,1990,0
2022-08-30 14:36:00,1990,1990,1990,1990,0
2022-08-30 14:37:00,1990,1990,1990,1990,0
2022-08-30 14:38:00,1990,1990,1990,1990,0
2022-08-30 14:39:00,1990,1990,1990,1990,0
2022-08-30 14:40:00,1990,1990,1990,1990,0
2022-08-30 14:41:00,1990,1990,1990,1990,0
2022-08-30 14:42:00,1990,1990,1990,1990,0
2022-08-30 14:43:00,1990,1990,1990,1990,0
2022-08-30 14:44:00,1990,1990,1990,1990,0
2022-08-30 14:45:00,1990,1990,1990,1990,0
2022-08-30 14:46:00,1990,1990,1990,1990,0
2022-08-30 14:47:00,1990,1990,1990,1990,0
2022-08-30 14:48:00,1990,1990,1990,1990,0
2022-08-30 14:49:00,1990,1990,1990,1990,0
2022-08-30 14:50:00,1990,1990,1990,1990,0
2022-08-30 14:51:00,1990,1990,1990,1990,0
2022-08-30 14:52:00,1990,1990,1990,1990,0
2022-08-30 14:53:00,1990,1990,1990,1990,0
2022-08-30 14:54:00,1990,1990,1990,1990,0
2022-08-30 14:55:00,1990,1990,1990,1990,0
2022-08-30 14:56:00,1990,1990,1990,1990,0
2022-08-30 14:57:00,1990,1990,1990,1990,0
2022-08-30 14:58:00,1990,1990,1990,1990,0
2022-08-30 14:59:00,1990,1990,1990,1990,0
2022-08-30 15:00:00,1990,1990,1990,1990,0
2022-08-30 15:01:00,1990,1990,1990,1990,0
2022-08-30 15:02:00,1990,1990,1990,1990,0
2022-08-30 15:03:00,1990,1990,1990,1990,0
2022-08-30 15:04:00,1990,1990,1990,1990,0
2022-08-30 15:05:00,1990,1990,1990,1990,0
2022-08-30 15:06:00,1990,1990,1990,1990,0
2022-08-30 15:07:00,1990,1990,1990,1990,0
2022-08-30 15:08:00,1990,1990,1990,1990,0
2022-08-30 15:09:00,1990,1990,1990,1990,0
2022-08-30 15:10:00,1990,1990,1990,1990,0
2022-08-30 15:11:00,1990,1990,1990,1990,0
2022-08-30 15:12:00,1990,1990,1990,1990,0
2022-08-30 15:13:00,1990,1990,1990,1990,0
2022-08-30 15:14:00,1990,1990,1990,1990,0
2022-08-30 15:15:00,1990,1990,1990,1990,0
2022-08-30 15:16:00,1990,1990,1990,1990,0
2022-08-30 15:17:00,1990,1990,1990,1990,0
2022-08-30 15:18:00,1990,1990,1990,1990,0
2022-08-30 15:19:00,1990,1990,1990,1990,0
2022-08-30 15:20:00,1990,1990,1990,1990,0
2022-08-30 15:21:00,1990,1990,1990,1990,0
2022-08-30 15:22:00,1990,1990,1990,1990,0
2022-08-30 15:23:00,1990,1990,1990,1990,0
2022-08-30 15:24:00,1990,1990,1990,1990,0
2022-08-30 15:25:00,1990,1990,1990,1990,0
2022-08-30 15:26:00,1990,1990,1990,1990,0
2022-08-30 15:27:00,1990,1990,1990,1990,0
2022-08-30 15:28:00,1990,1990,1990,1990,0
2022-08-30 15:29:00,1990,1990,1990,1990,0
2022-08-30 15:30:00,1990,1990,1990,1990,0
2022-08-30 15:31:00,1990,1990,1990,1990,0
2022-08-30 15:32:00,1990,1990,1990,1990,0
2022-08-30 15:33:00,1990,1990,1990,1990,0
2022-08-30 15:34:00,1990,1990,1990,1990,0
2022-08-30 15:35:00,1990,1990,1990,1990,0
2022-08-30 15:36:00,1990,1990,1990,1990,0
2022-08-30 15:37:00,1990,1990,1990,1990,0
2022-08-30 15:38:00,1990,1990,1990,1990,0
2022-08-30 15:39:00,1990,1990,1990,1990,0
2022-08-30 15:40:00,1990,1990,1990,1990,0
2022-08-30 15:41:00,1990,1990,1990,1990,0
2022-08-30 15:42:00,1990,1990,1990,1990,0
2022-08-30 15:43:00,1990,1990,1990,1990,0
2022-08-30 15:44:00,1990,1990,1990,1990,0
2022-08-30 15:45:00,1990,1990,1990,1990,0
2022-08-30 15:46:00,1990,1990,1990,1990,0
2022-08-30 15:47:00,1990,1990,1990,1990,0
2022-08-30 15:48:00,1990,1990,1990,1990,0
2022-08-30 15:49:00,1990,1990,1990,1990,0
2022-08-30 15:50:00,1990,1990,1990,1990,0
2022-08-30 15:51:00,1990,1990,1990,1990,0
2022-08-30 15:52:00,1990,1990,1990,1990,0
2022-08-30 15:53:00,1990,1990,1990,1990,0
2022-08-30 15:54:00,1990,1990,1990,1990,0
2022-08-30 15:55:00,1990,1990,1990,1990,0
2022-08-30 15:56:00,1990,1990,1990,1990,0
2022-08-30 15:57:00,1990,1990,1990,1990,0
2022-08-30 15:58:00,1990,1990,1990,1990,0
2022-08-30 15:59:00,1990,1990,1990,1990,0
2022-08-31 09:00:00,1990,1990,1990,1990,0
2022-08-31 09:01:00,1990,1990,1990,1990,0
2022-08-31 09:02:00,1990,1990,1990,1990,0
2022-08-31 09:03:00,1990,1990,1990,1990,0
2022-08-31 09:04:00,1990,1990,1990,1990,0
2022-08-31 09:05:00,1990,1990,1990,1990,0
2022-08-31 09:06:00,1990,1990,1990,1990,0
2022-08-31 09:07:00,1990,1990,1990,1990,0
2022-08-31 09:08:00,1990,1990,1990,1990,0
2022-08-31 09:09:00,1990,1990,1990,1990,0
2022-08-31 09:10:00,1990,1990,1990,1990,0
2022-08-31 09:11:00,1990,1990,1990,1990,0
2022-08-31 09:12:00,1990,1990,1990,1990,0
2022-08-31 09:13:00,1990,1990,1990,1990,0
2022-08-31 09:14:00,1990,1990,1990,1990,0
2022-08-31 09:15:00,1990,1990,1990,1990,0
2022-08-31 09:16:00,1990,1990,1990,1990,0
2022-08-31 09:17:00,1990,1990,1990,1990,0
2022-08-31 09:18:00,1990,1990,1990,1990,0
2022-08-31 09:19:00,1990,1990,1990,1990,0
2022-08-31 09:20:00,1990,1990,1990,1990,0
2022-08-31 09:21:00,1990,1990,1990,1990,0
2022-08-31 09:22:00,1990,1990,1990,1990,0
2022-08-31 09:23:00,1990,1990,1990,1990,0
2022-08-31 09:24:00,1990,1990,1990,1990,0
2022-08-31 09:25:00,1990,1990,1990,1990,0
2022-08-31 09:26:00,1990,1990,1990,1990,0
2022-08-31 09:27:00,1990,1990,1990,1990,0
2022-08-31 09:28:00,1990,1990,1990,1990,0
2022-08-31 09:29:00,1990,1990,1990,1990,0
2022-08-31 09:30:00,1990,1990,1990,1990,0
2022-08-31 09:31:00,1990,1990,1990,1990,0
2022-08-31 09:32:00,1990,1990,1990,1990,0
2022-08-31 09:33:00,1990,1990,1990,1990,0
2022-08-31 09:34:00,1990,1990,1990,1990,0
2022-08-31 09:35:00,1990,1990,1990,1990,0
2022-08-31 09:36:00,1990,1990,1990,1990,0
2022-08-31 09:37:00,1990,1990,1990,1990,0
2022-08-31 09:38:00,1990,1990,1990,1990,0
2022-08-31 09:39:00,1990,1990,1990,1990,0
2022-08-31 09:40:00,1990,1990,1990,1990,0
2022-08-31 09:41:00,1990,1990,1990,1990,0
2022-08-31 09:42:00,1990,1990,1990,1990,0
2022-08-31 09:43:00,1990,1990,1990,1990,0
2022-08-31 09:44:00,1990,1990,1990,1990,0
2022-08-31 09:45:00,1990,1990,1990,1990,0
2022-08-31 09:46:00,1990,1990,1990,1990,0
2022-08-31 09:47:00,1990,1990,1990,1990,0
2022-08-31 09:48:00,1990,1990,1990,1990,0
2022-08-31 09:49:00,1990,1990,1990,1990,0
2022-08-31 09:50:00,1990,1990,1990,1990,0
2022-08-31 09:51:00,1990,1990,1990,1990,0
2022-08-31 09:52:00,1990,1990,1990,1990,0
2022-08-31 09:53:00,1990,1990,1990,1990,0
2022-08-31 09:54:00,1990,1990,1990,1990,0
2022-08-31 09:55:00,1990,1990,1990,1990,0
2022-08-31 09:56:00,1990,1990,1990,1990,0
2022-08-31 09:57:00,1990,1990,1990,1990,0
2022-08-31 09:58:00,1990,1990,1990,1990,0
2022-08-31 09:59:00,1990,1990,1990,1990,0
2022-08-31 10:00:00,1990,1990,1990,1990,0
2022-08-31 10:01:00,1990,1990,1990,1990,0
2022-08-31 10:02:00,1990,1990,1990,1990,0
2022-08-31 10:03:00,1990,1990,1990,1990,0
2022-08-31 10:04:00,1990,1990,1990,1990,0
2022-08-31 10:05:00,1990,1990,1990,1990,0
2022-08-31 10:06:00,1990,1990,1990,1990,0
2022-08-31 10:07:00,1990,1990,1990,1990,0
2022-08-31 10:08:00,1990,1990,1990,1990,0
2022-08-31 10:09:00,1990,1990,1990,1990,0
2022-08-31 10:10:00,1990,1990,1990,1990,0
2022-08-31 10:11:00,1990,1990,1990,1990,0
2022-08-31 10:12:00,1990,1990,1990,1990,0
2022-08-31 10:13:00,1990,1990,1990,1990,0
2022-08-31 10:14:00,1990,1990,1990,1990,0
2022-08-31 10:15:00,1990,1990,1990,1990,0
2022-08-31 10:16:00,1990,1990,1990,1990,0
2022-08-31 10:17:00,1990,1990,1990,1990,0
2022-08-31 10:18:00,1990,1990,1990,1990,0
2022-08-31 10:19:00,1990,1990,1990,1990,0
2022-08-31 10:20:00,1990,1990,1990,1990,0
2022-08-31 10:21:00,1990,1990,1990,1990,0
2022-08-31 10:22:00,1990,1990,1990,1990,0
2022-08-31 10:23:00,1990,1990,1990,1990,0
2022-08-31 10:24:00,1990,1990,1990,1990,0
2022-08-31 10:25:00,1990,1990,1990,1990,0
2022-08-31 10:26:00,1990,1990,1990,1990,0
2022-08-31 10:27:00,1990,1990,1990,1990,0
2022-08-31 10:28:00,1990,1990,1990,1990,0
2022-08-31 10:29:00,1990,1990,1990,1990,0
2022-08-31 10:30:00,1990,1990,1990,1990,0
2022-08-31 10:31:00,1990,1990,1990,1990,0
2022-08-31 10:32:00,1990,1990,1990,1990,0
2022-08-31 10:33:00,1990,1990,1990,1990,0
2022-08-31 10:34:00,1990,1990,1990,1990,0
2022-08-31 10:35:00,1990,1990,1990,1990,0
2022-08-31 10:36:00,1990,1990,1990,1990,0
2022-08-31 10:37:00,1990,1990,1990,1990,0
2022-08-31 10:38:00,1990,1990,1990,1990,0
2022-08-31 10:39:00,1990,1990,1990,1990,0
2022-08-31 10:40:00,1990,1990,1990,1990,0
2022-08-31 10:41:00,1990,1990,1990,1990,0
2022-08-31 10:42:00,1990,1990,1990,1990,0
2022-08-31 10:43:00,1990,1990,1990,1990,0
2022-08-31 10:44:00,1990,1990,1990,1990,0
2022-08-31 10:45:00,1990,1990,1990,1990,0
2022-08-31 10:46:00,1990,1990,1990,1990,0
2022-08-31 10:47:00,1990,1990,1990,1990,0
2022-08-31 10:48:00,1990,1990,1990,1990,0
2022-08-31 10:49:00,1990,1990,1990,1990,0
2022-08-31 10:50:00,1990,1990,1990,1990,0
2022-08-31 10:51:00,1990,1990,1990,1990,0
2022-08-31 10:52:00,1990,1990,1990,1990,0
2022-08-31 10:53:00,1990,1990,1990,1990,0
2022-08-31 10:54:00,1990,1990,1990,1990,0
2022-08-31 10:55:00,1990,1990,1990,1990,0
2022-08-31 10:56:00,1990,1990,1990,1990,0
2022-08-31 10:57:00,1990,1990,1990,1990,0
2022-08-31 10:58:00,1990,1990,1990,1990,0
2022-08-31 10:59:00,1990,1990,1990,1990,0
2022-08-31 11:00:00,1990,1990,1990,1990,0
2022-08-31 11:01:00,1990,1990,1990,1990,0
2022-08-31 11:02:00,1990,1990,1990,1990,0
2022-08-31 11:03:00,1990,1990,1990,1990,0
2022-08-31 11:04:00,1990,1990,1990,1990,0
2022-08-31 11:05:00,1990,1990,1990,1990,0
2022-08-31 11:06:00,1990,1990,1990,1990,0
2022-08-31 11:07:00,1990,1990,1990,1990,0
2022-08-31 11:08:00,1990,1990,1990,1990,0
2022-08-31 11:09:00,1990,1990,1990,1990,0
2022-08-31 11:10:00,1990,1990,1990,1990,0
2022-08-31 11:11:00,1990,1990,1990,1990,0
2022-08-31 11:12:00,1990,1990,1990,1990,0
2022-08-31 11:13:00,1990,1990,1990,1990,0
2022-08-31 11:14:00,1990,1990,1990,1990,0
2022-08-31 11:15:00,1990,1990,1990,1990,0
2022-08-31 11:16:00,1990,1990,1990,1990,0
2022-08-31 11:17:00,1990,1990,1990,1990,0
2022-08-31 11:18:00,1990,1990,1990,1990,0
2022-08-31 11:19:00,1990,1990,1990,1990,0
2022-08-31 11:20:00,1990,1990,1990,1990,0
2022-08-31 11:21:00,1990,1990,1990,1990,0
2022-08-31 11:22:00,1990,1990,1990,1990,0
2022-08-31 11:23:00,1990,1990,1990,1990,0
2022-08-31 11:24:00,1990,1990,1990,1990,0
2022-08-31 11:25:00,1990,1990,1990,1990,0
2022-08-31 11:26:00,1990,1990,1990,1990,0
2022-08-31 11:27:00,1990,1990,1990,1990,0
2022-08-31 11:28:00,1990,1990,1990,1990,0
2022-08-31 11:29:00,1990,1990,1990,1990,0
2022-08-31 11:30:00,1990,1990,1990,1990,0
2022-08-31 11:31:00,1990,1990,1990,1990,0
2022-08-31 11:32:00,1990,1990,1990,1990,0
2022-08-31 11:33:00,1990,1990,1990,1990,0
2022-08-31 11:34:00,1990,1990,1990,1990,0
2022-08-31 11:35:00,1990,1990,1990,1990,0
2022-08-31 11:36:00,1990,1990,1990,1990,0
2022-08-31 11:37:00,1990,1990,1990,1990,0
2022-08-31 11:38:00,1990,1990,1990,1990,0
2022-08-31 11:39:00,1990,1990,1990,1990,0
2022-08-31 11:40:00,1990,1990,1990,1990,0
2022-08-31 11:41:00,1990,1990,1990,1990,0
2022-08-31 11:42:00,1990,1990,1990,1990,0
2022-08-31 11:43:00,1990,1990,1990,1990,0
2022-08-31 11:44:00,1990,1990,1990,1990,0
2022-08-31 11:45:00,1990,1990,1990,1990,0
2022-08-31 11:46:00,1990,1990,1990,1990,0
2022-08-31 11:47:00,1990,1990,1990,1990,0
2022-08-31 11:48:00,1990,1990,1990,1990,0
2022-08-31 11:49:00,1990,1990,1990,1990,0
2022-08-31 11:50:00,1990,1990,1990,1990,0
2022-08-31 11:51:00,1990,1990,1990,1990,0
2022-08-31 11:52:00,1990,1990,1990,1990,0
2022-08-31 11:53:00,1990,1990,1990,1990,0
2022-08-31 11:54:00,1990,1990,1990,1990,0
2022-08-31 11:55:00,1990,1990,1990,1990,0
2022-08-31 11:56:00,1990,1990,1990,1990,0
2022-08-31 11:57:00,1990,1990,1990,1990,0
2022-08-31 11:58:00,1990,1990,1990,1990,0
2022-08-31 11:59:00,1990,1990,1990,1990,0
2022-08-31 12:00:00,1990,1990,1990,1990,0
2022-08-31 12:01:00,1990,1990,1990,1990,0
2022-08-31 12:02:00,1990,1990,1990,1990,0
2022-08-31 12:03:00,1990,1990,1990,1990,0
2022-08-31 12:04:00,1990,1990,1990,1990,0
2022-08-31 12:05:00,1990,1990,1990,1990,0
2022-08-31 12:06:00,1990,1990,1990,1990,0
2022-08-31 12:07:00,1990,1990,1990,1990,0
2022-08-31 12:08:00,1990,1990,1990,1990,0
2022-08-31 12:09:00,1990,1990,1990,1990,0
2022-08-31 12:10:00,1990,1990,1990,1990,0
2022-08-31 12:11:00,1990,1990,1990,1990,0
2022-08-31 12:12:00,1990,1990,1990,1990,0
2022-08-31 12:13:00,1990,1990,1990,1990,0
2022-08-31 12:14:00,1990,1990,1990,1990,0
2022-08-31 12:15:00,1990,1990,1990,1990,0
2022-08-31 12:16:00,1990,1990,1990,1990,0
2022-08-31 12:17:00,1990,1990,1990,1990,0
2022-08-31 12:18:00,1990,1990,1990,1990,0
2022-08-31 12:19:00,1990,1990,1990,1990,0
2022-08-31 12:20:00,1990,1990,1990,1990,0
2022-08-31 12:21:00,1990,1990,1990,1990,0
2022-08-31 12:22:00,1990,1990,1990,1990,0
2022-08-31 12:23:00,1990,1990,1990,1990,0
2022-08-31 12:24:00,1990,1990,1990,1990,0
2022-08-31 12:25:00,1990,1990,1990,1990,0
2022-08-31 12:26:00,1990,1990,1990,1990,0
2022-08-31 12:27:00,1990,1990,1990,1990,0
2022-08-31 12:28:00,1990,1990,1990,1990,0
2022-08-31 12:29:00,1990,1990,1990,1990,0
2022-08-31 12:30:00,1990,1990,1990,1990,0
2022-08-31 12:31:00,1990,1990,1990,1990,0
2022-08-31 12:32:00,1990,1990,1990,1990,0
2022-08-31 12:33:00,1990,1990,1990,1990,0
2022-08-31 12:34:00,1990,1990,1990,1990,0
2022-08-31 12:35:00,1990,1990,1990,1990,0
2022-08-31 12:36:00,1990,1990,1990,1990,0
2022-08-31 12:37:00,1990,1990,1990,1990,0
2022-08-31 12:38:00,1990,1990,1990,1990,0
2022-08-31 12:39:00,1990,1990,1990,1990,0
2022-08-31 12:40:00,1990,1990,1990,1990,0
2022-08-31 12:41:00,1990,1990,1990,1990,0
2022-08-31 12:42:00,1990,1990,1990,1990,0
2022-08-31 12:43:00,1990,1990,1990,1990,0
2022-08-31 12:44:00,1990,1990,1990,1990,0
2022-08-31 12:45:00,1990,1990,1990,1990,0
2022-08-31 12:46:00,1990,1990,1990,1990,0
2022-08-31 12:47:00,1990,1990,1990,1990,0
2022-08-31 12:48:00,1990,1990,1990,1990,0
2022-08-31 12:49:00,1990,1990,1990,1990,0
2022-08-31 12:50:00,1990,1990,1990,1990,0
2022-08-31 12:51:00,1990,1990,1990,1990,0
2022-08-31 12:52:00,1990,1990,1990,1990,0
2022-08-31 12:53:00,1990,1990,1990,1990,0
2022-08-31 12:54:00,1990,1990,1990,1990,0
2022-08-31 12:55:00,1990,1990,1990,1990,0
2022-08-31 12:56:00,1990,1990,1990,1990,0
2022-08-31 12:57:00,1990,1990,1990,1990,0
2022-08-31 12:58:00,1990,1990,1990,1990,0
2022-08-31 12:59:00,1990,1990,1990,1990,0
2022-08-31 13:00:00,1990,1990,1990,1990,0
2022-08-31 13:01:00,1990,1990,1990,1990,0
2022-08-31 13:02:00,1990,1990,1990,1990,0
2022-08-31 13:03:00,1990,1990,1990,1990,0
2022-08-31 13:04:00,1990,1990,1990,1990,0
2022-08-31 13:05:00,1990,1990,1990,1990,0
2022-08-31 13:06:00,1990,1990,1990,1990,0
2022-08-31 13:07:00,1990,1990,1990,1990,0
2022-08-31 13:08:00,1990,1990,1990,1990,0
2022-08-31 13:09:00,1990,1990,1990,1990,0
2022-08-31 13:10:00,1990,1990,1990,1990,0
2022-08-31 13:11:00,1990,1990,1990,1990,0
2022-08-31 13:12:00,1990,1990,1990,1990,0
2022-08-31 13:13:00,1990,1990,1990,1990,0
2022-08-31 13:14:00,1990,1990,1990,1990,0
2022-08-31 13:15:00,1990,1990,1990,1990,0
2022-08-31 13:16:00,1990,1990,1990,1990,0
2022-08-31 13:17:00,1990,1990,1990,1990,0
2022-08-31 13:18:00,1990,1990,1990,1990,0
2022-08-31 13:19:00,1990,1990,1990,1990,0
2022-08-31 13:20:00,1990,1990,1990,1990,0
2022-08-31 13:21:00,1990,1990,1990,1990,0
2022-08-31 13:22:00,1990,1990,1990,1990,0
2022-08-31 13:23:00,1990,1990,1990,1990,0
2022-08-31 13:24:00,1990,1990,1990,1990,0
2022-08-31 13:25:00,1990,1990,1990,1990,0
2022-08-31 13:26:00,1990,1990,1990,1990,0
2022-08-31 13:27:00,1990,1990,1990,1990,0
2022-08-31 13:28:00,1990,1990,1990,1990,0
2022-08-31 13:29:00,1990,1990,1990,1990,0
2022-08-31 13:30:00,1990,1990,1990,1990,0
2022-08-31 13:31:00,1990,1990,1990,1990,0
2022-08-31 13:32:00,1990,1990,1990,1990,0
2022-08-31 13:33:00,1990,1990,1990,1990,0
2022-08-31 13:34:00,1990,1990,1990,1990,0
2022-08-31 13:35:00,1990,1990,1990,1990,0
2022-08-31 13:36:00,1990,1990,1990,1990,0
2022-08-31 13:37:00,1990,1990,1990,1990,0
2022-08-31 13:38:00,1990,1990,1990,1990,0
2022-08-31 13:39:00,1990,1990,1990,1990,0
2022-08-31 13:40:00,1990,1990,1990,1990,0
2022-08-31 13:41:00,1990,1990,1990,1990,0
2022-08-31 13:42:00,1990,1990,1990,1990,0
2022-08-31 13:43:00,1990,1990,1990,1990,0
2022-08-31 13:44:00,1990,1990,1990,1990,0
2022-08-31 13:45:00,1990,1990,1990,1990,0
2022-08-31 13:46:00,1990,1990,1990,1990,0
2022-08-31 13:47:00,1990,1990,1990,1990,0
2022-08-31 13:48:00,1990,1990,1990,1990,0
2022-08-31 13:49:00,1990,1990,1990,1990,0
2022-08-31 13:50:00,1990,1990,1990,1990,0
2022-08-31 13:51:00,1990,1990,1990,1990,0
2022-08-31 13:52:00,1990,1990,1990,1990,0
2022-08-31 13:53:00,1990,1990,1990,1990,0
2022-08-31 13:54:00,1990,1990,1990,1990,0
2022-08-31 13:55:00,1990,1990,1990,1990,0
2022-08-31 13:56:00,1990,1990,1990,1990,0
2022-08-31 13:57:00,1990,1990,1990,1990,0
2022-08-31 13:58:00,1990,1990,1990,1990,0
2022-08-31 13:59:00,1990,1990,1990,1990,0
2022-08-31 14:00:00,1990,1990,1990,1990,0
2022-08-31 14:01:00,1990,1990,1990,1990,0
2022-08-31 14:02:00,1990,1990,1990,1990,0
2022-08-31 14:03:00,1990,1990,1990,1990,0
2022-08-31 14:04:00,1990,1990,1990,1990,0
2022-08-31 14:05:00,1990,1990,1990,1990,0
2022-08-31 14:06:00,1990,1990,1990,1990,0
2022-08-31 14:07:00,1990,1990,1990,1990,0
2022-08-31 14:08:00,1990,1990,1990,1990,0
2022-08-31 14:09:00,1990,1990,1990,1990,0
2022-08-31 14:10:00,1990,1990,1990,1990,0
2022-08-31 14:11:00,1990,1990,1990,1990,0
2022-08-31 14:12:00,1990,1990,1990,1990,0
2022-08-31 14:13:00,1990,1990,1990,1990,0
2022-08-31 14:14:00,1990,1990,1990,1990,0
2022-08-31 14:15:00,1990,1990,1990,1990,0
2022-08-31 14:16:00,1990,1990,1990,1990,0
2022-08-31 14:17:00,1990,1990,1990,1990,0
2022-08-31 14:18:00,1990,1990,1990,1990,0
2022-08-31 14:19:00,1990,1990,1990,1990,0
2022-08-31 14:20:00,1990,1990,1990,1990,0
2022-08-31 14:21:00,1990,1990,1990,1990,0
2022-08-31 14:22:00,1990,1990,1990,1990,0
2022-08-31 14:23:00,1990,1990,1990,1990,0
2022-08-31 14:24:00,1990,1990,1990,1990,0
2022-08-31 14:25:00,1990,1990,1990,1990,0
2022-08-31 14:26:00,1990,1990,1990,1990,0
2022-08-31 14:27:00,1990,1990,1990,1990,0
2022-08-31 14:28:00,1990,1990,1990,1990,0
2022-08-31 14:29:00,1990,1990,1990,1990,0
2022-08-31 14:30:00,1990,1990,1990,1990,0
2022-08-31 14:31:00,1990,1990,1990,1990,0
2022-08-31 14:32:00,1990,1990,1990,1990,0
2022-08-31 14:33:00,1990,1990,1990,1990,0
2022-08-31 14:34:00,1990,1990,1990,1990,0
2022-08-31 14:35:00,1990,1990,1990,1990,0
2022-08-31 14:36:00,1990,1990,1990,1990,0
2022-08-31 14:37:00,1990,1990,1990,1990,0
2022-08-31 14:38:00,1990,1990,1990,1990,0
2022-08-31 14:39:00,1990,1990,1990,1990,0
2022-08-31 14:40:00,1990,1990,1990,1990,0
2022-08-31 14:41:00,1990,1990,1990,1990,0
2022-08-31 14:42:00,1990,1990,1990,1990,0
2022-08-31 14:43:00,1990,1990,1990,1990,0
2022-08-31 14:44:00,1990,1990,1990,1990,0
2022-08-31 14:45:00,1990,1990,1990,1990,0
2022-08-31 14:46:00,1990,1990,1990,1990,0
2022-08-31 14:47:00,1990,1990,1990,1990,0
2022-08-31 14:48:00,1990,1990,1990,1990,0
2022-08-31 14:49:00,1990,1990,1990,1990,0
2022-08-31 14:50:00,1990,1990,1990,1990,0
2022-08-31 14:51:00,1990,1990,1990,1990,0
2022-08-31 14:52:00,1990,1990,1990,1990,0
2022-08-31 14:53:00,1990,1990,1990,1990,0
2022-08-31 14:54:00,1990,1990,1990,1990,0
2022-08-31 14:55:00,1990,1990,1990,1990,0
2022-08-31 14:56:00,1990,1990,1990,1990,0
2022-08-31 14:57:00,1990,1990,1990,1990,0
2022-08-31 14:58:00,1990,1990,1990,1990,0
2022-08-31 14:59:00,1990,1990,1990,1990,0
2022-08-31 15:00:00,1990,1990,1990,1990,0
2022-08-31 15:01:00,1990,1990,1990,1990,0
2022-08-31 15:02:00,1990,1990,1990,1990,0
2022-08-31 15:03:00,1990,1990,1990,1990,0
2022-08-31 15:04:00,1990,1990,1990,1990,0
2022-08-31 15:05:00,1990,1990,1990,1990,0
2022-08-31 15:06:00,1990,1990,1990,1990,0
2022-08-31 15:07:00,1990,1990,1990,1990,0
2022-08-31 15:08:00,1990,1990,1990,1990,0
2022-08-31 15:09:00,1990,1990,1990,1990,0
2022-08-31 15:10:00,1990,1990,1990,1990,0
2022-08-31 15:11:00,1990,1990,1990,1990,0
2022-08-31 15:12:00,1990,1990,1990,1990,0
2022-08-31 15:13:00,1990,1990,1990,1990,0
2022-08-31 15:14:00,1990,1990,1990,1990,0
2022-08-31 15:15:00,1990,1990,1990,1990,0
2022-08-31 15:16:00,1990,1990,1990,1990,0
2022-08-31 15:17:00,1990,1990,1990,1990,0
2022-08-31 15:18:00,1990,1990,1990,1990,0
2022-08-31 15:19:00,1990,1990,1990,1990,0
2022-08-31 15:20:00,1990,1990,1990,1990,0
2022-08-31 15:21:00,1990,1990,1990,1990,0
2022-08-31 15:22:00,1990,1990,1990,1990,0
2022-08-31 15:23:00,1990,1990,1990,1990,0
2022-08-31 15:24:00,1990,1990,1990,1990,0
2022-08-31 15:25:00,1990,1990,1990,1990,0
2022-08-31 15:26:00,1990,1990,1990,1990,0
2022-08-31 15:27:00,1990,1990,1990,1990,0
2022-08-31 15:28:00,1990,1990,1990,1990,0
2022-08-31 15:29:00,1990,1990,1990,1990,0
2022-08-31 15:30:00,1990,1990,1990,1990,0
2022-08-31 15:31:00,1990,1990,1990,1990,0
2022-08-31 15:32:00,1990,1990,1990,1990,0
2022-08-31 15:33:00,1990,1990,1990,1990,0
2022-08-31 15:34:00,1990,1990,1990,1990,0
2022-08-31 15:35:00,1990,1990,1990,1990,0
2022-08-31 15:36:00,1990,1990,1990,1990,0
2022-08-31 15:37:00,1990,1990,1990,1990,0
2022-08-31 15:38:00,1990,1990,1990,1990,0
2022-08-31 15:39:00,1990,1990,1990,1990,0
2022-08-31 15:40:00,1990,1990,1990,1990,0
2022-08-31 15:41:00,1990,1990,1990,1990,0
2022-08-31 15:42:00,1990,1990,1990,1990,0
2022-08-31 15:43:00,1990,1990,1990,1990,0
2022-08-31 15:44:00,1990,1990,1990,1990,0
2022-08-31 15:45:00,1990,1990,1990,1990,0
2022-08-31 15:46:00,1990,1990,1990,1990,0
2022-08-31 15:47:00,1990,1990,1990,1990,0
2022-08-31 15:48:00,1990,1990,1990,1990,0
2022-08-31 15:49:00,1990,1990,1990,1990,0
2022-08-31 15:50:00,1990,1990,1990,1990,0
2022-08-31 15:51:00,1990,1990,1990,1990,0
2022-08-31 15:52:00,1990,1990,1990,1990,0
2022-08-31 15:53:00,1990,1990,1990,1990,0
2022-08-31 15:54:00,1990,1990,1990,1990,0
2022-08-31 15:55:00,1990,1990,1990,1990,0
2022-08-31 15:56:00,1990,1990,1990,1990,0
2022-08-31 15:57:00,1990,1990,1990,1990,0
2022-08-31 15:58:00,1990,1990,1990,1990,0
2022-08-31 15:59:00,1990,1990,1990,1990,0
2022-09-01 09:00:00,1990,1990,1990,1990,0
2022-09-01 09:01:00,1990,1990,1990,1990,0
2022-09-01 09:02:00,1990,1990,1990,1990,0
2022-09-01 09:03:00,1990,1990,1990,1990,0
2022-09-01 09:04:00,1990,1990,1990,1990,0
2022-09-01 09:05:00,1990,1990,1990,1990,0
2022-09-01 09:06:00,1990,1990,1990,1990,0
2022-09-01 09:07:00,1990,1990,1990,1990,0
2022-09-01 09:08:00,1990,1990,1990,1990,0
2022-09-01 09:09:00,1990,1990,1990,1990,0
2022-09-01 09:10:00,1990,1990,1990,1990,0
2022-09-01 09:11:00,1990,1990,1990,1990,0
2022-09-01 09:12:00,1990,1990,1990,1990,0
2022-09-01 09:13:00,1990,1990,1990,1990,0
2022-09-01 09:14:00,1990,1990,1990,1990,0
2022-09-01 09:15:00,1990,1990,1990,1990,0
2022-09-01 09:16:00,1990,1990,1990,1990,0
2022-09-01 09:17:00,1990,1990,1990,1990,0
2022-09-01 09:18:00,1990,1990,1990,1990,0
2022-09-01 09:19:00,1990,1990,1990,1990,0
2022-09-01 09:20:00,1990,1990,1990,1990,0
2022-09-01 09:21:00,1990,1990,1990,1990,0
2022-09-01 09:22:00,1990,1990,1990,1990,0
2022-09-01 09:23:00,1990,1990,1990,1990,0
2022-09-01 09:24:00,1990,1990,1990,1990,0
2022-09-01 09:25:00,1990,1990,1990,1990,0
2022-09-01 09:26:00,1990,1990,1990,1990,0
2022-09-01 09:27:00,1990,1990,1990,1990,0
2022-09-01 09:28:00,1990,1990,1990,1990,0
2022-09-01 09:29:00,1990,1990,1990,1990,0
2022-09-01 09:30:00,1990,1990,1990,1990,0
2022-09-01 09:31:00,1990,1990,1990,1990,0
2022-09-01 09:32:00,1990,1990,1990,1990,0
2022-09-01 09:33:00,1990,1990,1990,1990,0
2022-09-01 09:34:00,1990,1990,1990,1990,0
2022-09-01 09:35:00,1990,1990,1990,1990,0
2022-09-01 09:36:00,1990,1990,1990,1990,0
2022-09-01 09:37:00,1990,1990,1990,1990,0
2022-09-01 09:38:00,1990,1990,1990,1990,0
2022-09-01 09:39:00,1990,1990,1990,1990,0
2022-09-01 09:40:00,1990,1990,1990,1990,0
2022-09-01 09:41:00,1990,1990,1990,1990,0
2022-09-01 09:42:00,1990,1990,1990,1990,0
2022-09-01 09:43:00,1990,1990,1990,1990,0
2022-09-01 09:44:00,1990,1990,1990,1990,0
2022-09-01 09:45:00,1990,1990,1990,1990,0
2022-09-01 09:46:00,1990,1990,1990,1990,0
2022-09-01 09:47:00,1990,1990,1990,1990,0
2022-09-01 09:48:00,1990,1990,1990,1990,0
2022-09-01 09:49:00,1990,1990,1990,1990,0
2022-09-01 09:50:00,1990,1990,1990,1990,0
2022-09-01 09:51:00,1990,1990,1990,1990,0
2022-09-01 09:52:00,1990,1990,1990,1990,0
2022-09-01 09:53:00,1990,1990,1990,1990,0
2022-09-01 09:54:00,1990,1990,1990,1990,0
2022-09-01 09:55:00,1990,1990,1990,1990,0
2022-09-01 09:56:00,1990,1990,1990,1990,0
2022-09-01 09:57:00,1990,1990,1990,1990,0
2022-09-01 09:58:00,1990,1990,1990,1990,0
2022-09-01 09:59:00,1990,1990,1990,1990,0
2022-09-01 10:00:00,1990,1990,1990,1990,0
2022-09-01 10:01:00,1990,1990,1990,1990,0
2022-09-01 10:02:00,1990,1990,1990,1990,0
2022-09-01 10:03:00,1990,1990,1990,1990,0
2022-09-01 10:04:00,1990,1990,1990,1990,0
2022-09-01 10:05:00,1990,1990,1990,1990,0
2022-09-01 10:06:00,1990,1990,1990,1990,0
2022-09-01 10:07:00,1990,1990,1990,1990,0
2022-09-01 10:08:00,1990,1990,1990,1990,0
2022-09-01 10:09:00,1990,1990,1990,1990,0
2022-09-01 10:10:00,1990,1990,1990,1990,0
2022-09-01 10:11:00,1990,1990,1990,1990,0
2022-09-01 10:12:00,1990,1990,1990,1990,0
2022-09-01 10:13:00,1990,1990,1990,1990,0
2022-09-01 10:14:00,1990,1990,1990,1990,0
2022-09-01 10:15:00,1990,1990,1990,1990,0
2022-09-01 10:16:00,1990,1990,1990,1990,0
2022-09-01 10:17:00,1990,1990,1990,1990,0
2022-09-01 10:18:00,1990,1990,1990,1990,0
2022-09-01 10:19:00,1990,1990,1990,1990,0
2022-09-01 10:20:00,1990,1990,1990,1990,0
2022-09-01 10:21:00,1990,1990,1990,1990,0
2022-09-01 10:22:00,1990,1990,1990,1990,0
2022-09-01 10:23:00,1990,1990,1990,1990,0
2022-09-01 10:24:00,1990,1990,1990,1990,0
2022-09-01 10:25:00,1990,1990,1990,1990,0
2022-09-01 10:26:00,1990,1990,1990,1990,0
2022-09-01 10:27:00,1990,1990,1990,1990,0
2022-09-01 10:28:00,1990,1990,1990,1990,0
2022-09-01 10:29:00,1990,1990,1990,1990,0
2022-09-01 10:30:00,1990,1990,1990,1990,0
2022-09-01 10:31:00,1990,1990,1990,1990,0
2022-09-01 10:32:00,1990,1990,1990,1990,0
2022-09-01 10:33:00,1990,1990,1990,1990,0
2022-09-01 10:34:00,1990,1990,1990,1990,0
2022-09-01 10:35:00,1990,1990,1990,1990,0
2022-09-01 10:36:00,1990,1990,1990,1990,0
2022-09-01 10:37:00,1990,1990,1990,1990,0
2022-09-01 10:38:00,1990,1990,1990,1990,0
2022-09-01 10:39:00,1990,1990,1990,1990,0
2022-09-01 10:40:00,1990,1990,1990,1990,0
2022-09-01 10:41:00,1990,1990,1990,1990,0
2022-09-01 10:42:00,1990,1990,1990,1990,0
2022-09-01 10:43:00,1990,1990,1990,1990,0
2022-09-01 10:44:00,1990,1990,1990,1990,0
2022-09-01 10:45:00,1990,1990,1990,1990,0
2022-09-01 10:46:00,1990,1990,1990,1990,0
2022-09-01 10:47:00,1990,1990,1990,1990,0
2022-09-01 10:48:00,1990,1990,1990,1990,0
2022-09-01 10:49:00,1990,1990,1990,1990,0
2022-09-01 10:50:00,1990,1990,1990,1990,0
2022-09-01 10:51:00,1990,1990,1990,1990,0
2022-09-01 10:52:00,1990,1990,1990,1990,0
2022-09-01 10:53:00,1990,1990,1990,1990,0
2022-09-01 10:54:00,1990,1990,1990,1990,0
2022-09-01 10:55:00,1990,1990,1990,1990,0
2022-09-01 10:56:00,1990,1990,1990,1990,0
2022-09-01 10:57:00,1990,1990,1990,1990,0
2022-09-01 10:58:00,1990,1990,1990,1990,0
2022-09-01 10:59:00,1990,1990,1990,1990,0
2022-09-01 11:00:00,1990,1990,1990,1990,0
2022-09-01 11:01:00,1990,1990,1990,1990,0
2022-09-01 11:02:00,1990,1990,1990,1990,0
2022-09-01 11:03:00,1990,1990,1990,1990,0
2022-09-01 11:04:00,1990,1990,1990,1990,0
2022-09-01 11:05:00,1990,1990,1990,1990,0
2022-09-01 11:06:00,1990,1990,1990,1990,0
2022-09-01 11:07:00,1990,1990,1990,1990,0
2022-09-01 11:08:00,1990,1990,1990,1990,0
2022-09-01 11:09:00,1990,1990,1990,1990,0
2022-09-01 11:10:00,1990,1990,1990,1990,0
2022-09-01 11:11:00,1990,1990,1990,1990,0
2022-09-01 11:12:00,1990,1990,1990,1990,0
2022-09-01 11:13:00,1990,1990,1990,1990,0
2022-09-01 11:14:00,1990,1990,1990,1990,0
2022-09-01 11:15:00,1990,1990,1990,1990,0
2022-09-01 11:16:00,1990,1990,1990,1990,0
2022-09-01 11:17:00,1990,1990,1990,1990,0
2022-09-01 11:18:00,1990,1990,1990,1990,0
2022-09-01 11:19:00,1990,1990,1990,1990,0
2022-09-01 11:20:00,1990,1990,1990,1990,0
2022-09-01 11:21:00,1990,1990,1990,1990,0
2022-09-01 11:22:00,1990,1990,1990,1990,0
2022-09-01 11:23:00,1990,1990,1990,1990,0
2022-09-01 11:24:00,1990,1990,1990,1990,0
2022-09-01 11:25:00,1990,1990,1990,1990,0
2022-09-01 11:26:00,1990,1990,1990,1990,0
2022-09-01 11:27:00,1990,1990,1990,1990,0
2022-09-01 11:28:00,1990,1990,1990,1990,0
2022-09-01 11:29:00,1990,1990,1990,1990,0
2022-09-01 11:30:00,1990,1990,1990,1990,0
2022-09-01 11:31:00,1990,1990,1990,1990,0
2022-09-01 11:32:00,1990,1990,1990,1990,0
2022-09-01 11:33:00,1990,1990,1990,1990,0
2022-09-01 11:34:00,1990,1990,1990,1990,0
2022-09-01 11:35:00,1990,1990,1990,1990,0
2022-09-01 11:36:00,1990,1990,1990,1990,0
2022-09-01 11:37:00,1990,1990,1990,1990,0
2022-09-01 11:38:00,1990,1990,1990,1990,0
2022-09-01 11:39:00,1990,1990,1990,1990,0
2022-09-01 11:40:00,1990,1990,1990,1990,0
2022-09-01 11:41:00,1990,1990,1990,1990,0
2022-09-01 11:42:00,1990,1990,1990,1990,0
2022-09-01 11:43:00,1990,1990,1990,1990,0
2022-09-01 11:44:00,1990,1990,1990,1990,0
2022-09-01 11:45:00,1990,1990,1990,1990,0
2022-09-01 11:46:00,1990,1990,1990,1990,0
2022-09-01 11:47:00,1990,1990,1990,1990,0
2022-09-01 11:48:00,1990,1990,1990,1990,0
2022-09-01 11:49:00,1990,1990,1990,1990,0
2022-09-01 11:50:00,1990,1990,1990,1990,0
2022-09-01 11:51:00,1990,1990,1990,1990,0
2022-09-01 11:52:00,1990,1990,1990,1990,0
2022-09-01 11:53:00,1990,1990,1990,1990,0
2022-09-01 11:54:00,1990,1990,1990,1990,0
2022-09-01 11:55:00,1990,1990,1990,1990,0
2022-09-01 11:56:00,1990,1990,1990,1990,0
2022-09-01 11:57:00,1990,1990,1990,1990,0
2022-09-01 11:58:00,1990,1990,1990,1990,0
2022-09-01 11:59:00,1990,1990,1990,1990,0
2022-09-01 12:00:00,1990,1990,1990,1990,0
2022-09-01 12:01:00,1990,1990,1990,1990,0
2022-09-01 12:02:00,1990,1990,1990,1990,0
2022-09-01 12:03:00,1990,1990,1990,1990,0
2022-09-01 12:04:00,1990,1990,1990,1990,0
2022-09-01 12:05:00,1990,1990,1990,1990,0
2022-09-01 12:06:00,1990,1990,1990,1990,0
2022-09-01 12:07:00,1990,1990,1990,1990,0
2022-09-01 12:08:00,1990,1990,1990,1990,0
2022-09-01 12:09:00,1990,1990,1990,1990,0
2022-09-01 12:10:00,1990,1990,1990,1990,0
2022-09-01 12:11:00,1990,1990,1990,1990,0
2022-09-01 12:12:00,1990,1990,1990,1990,0
2022-09-01 12:13:00,1990,1990,1990,1990,0
2022-09-01 12:14:00,1990,1990,1990,1990,0
2022-09-01 12:15:00,1990,1990,1990,1990,0
2022-09-01 12:16:00,1990,1990,1990,1990,0
2022-09-01 12:17:00,1990,1990,1990,1990,0
2022-09-01 12:18:00,1990,1990,1990,1990,0
2022-09-01 12:19:00,1990,1990,1990,1990,0
2022-09-01 12:20:00,1990,1990,1990,1990,0
2022-09-01 12:21:00,1990,1990,1990,1990,0
2022-09-01 12:22:00,1990,1990,1990,1990,0
2022-09-01 12:23:00,1990,1990,1990,1990,0
2022-09-01 12:24:00,1990,1990,1990,1990,0
2022-09-01 12:25:00,1990,1990,1990,1990,0
2022-09-01 12:26:00,1990,1990,1990,1990,0
2022-09-01 12:27:00,1990,1990,1990,1990,0
2022-09-01 12:28:00,1990,1990,1990,1990,0
2022-09-01 12:29:00,1990,1990,1990,1990,0
2022-09-01 12:30:00,1990,1990,1990,1990,0
2022-09-01 12:31:00,1990,1990,1990,1990,0
2022-09-01 12:32:00,1990,1990,1990,1990,0
2022-09-01 12:33:00,1990,1990,1990,1990,0
2022-09-01 12:34:00,1990,1990,1990,1990,0
2022-09-01 12:35:00,1990,1990,1990,1990,0
2022-09-01 12:36:00,1990,1990,1990,1990,0
2022-09-01 12:37:00,1990,1990,1990,1990,0
2022-09-01 12:38:00,1990,1990,1990,1990,0
2022-09-01 12:39:00,1990,1990,1990,1990,0
2022-09-01 12:40:00,1990,1990,1990,1990,0
2022-09-01 12:41:00,1990,1990,1990,1990,0
2022-09-01 12:42:00,1990,1990,1990,1990,0
2022-09-01 12:43:00,1990,1990,1990,1990,0
2022-09-01 12:44:00,1990,1990,1990,1990,0
2022-09-01 12:45:00,1990,1990,1990,1990,0
2022-09-01 12:46:00,1990,1990,1990,1990,0
2022-09-01 12:47:00,1990,1990,1990,1990,0
2022-09-01 12:48:00,1990,1990,1990,1990,0
2022-09-01 12:49:00,1990,1990,1990,1990,0
2022-09-01 12:50:00,1990,1990,1990,1990,0
2022-09-01 12:51:00,1990,1990,1990,1990,0
2022-09-01 12:52:00,1990,1990,1990,1990,0
2022-09-01 12:53:00,1990,1990,1990,1990,0
2022-09-01 12:54:00,1990,1990,1990,1990,0
2022-09-01 12:55:00,1990,1990,1990,1990,0
2022-09-01 12:56:00,1990,1990,1990,1990,0
2022-09-01 12:57:00,1990,1990,1990,1990,0
2022-09-01 12:58:00,1990,1990,1990,1990,0
2022-09-01 12:59:00,1990,1990,1990,1990,0
2022-09-01 13:00:00,1990,1990,1990,1990,0
2022-09-01 13:01:00,1990,1990,1990,1990,0
2022-09-01 13:02:00,1990,1990,1990,1990,0
2022-09-01 13:03:00,1990,1990,1990,1990,0
2022-09-01 13:04:00,1990,1990,1990,1990,0
2022-09-01 13:05:00,1990,1990,1990,1990,0
2022-09-01 13:06:00,1990,1990,1990,1990,0
2022-09-01 13:07:00,1990,1990,1990,1990,0
2022-09-01 13:08:00,1990,1990,1990,1990,0
2022-09-01 13:09:00,1990,1990,1990,1990,0
2022-09-01 13:10:00,1990,1990,1990,1990,0
2022-09-01 13:11:00,1990,1990,1990,1990,0
2022-09-01 13:12:00,1990,1990,1990,1990,0
2022-09-01 13:13:00,1990,1990,1990,1990,0
2022-09-01 13:14:00,1990,1990,1990,1990,0
2022-09-01 13:15:00,1990,1990,1990,1990,0
2022-09-01 13:16:00,1990,1990,1990,1990,0
2022-09-01 13:17:00,1990,1990,1990,1990,0
2022-09-01 13:18:00,1990,1990,1990,1990,0
2022-09-01 13:19:00,1990,1990,1990,1990,0
2022-09-01 13:20:00,1990,1990,1990,1990,0
2022-09-01 13:21:00,1990,1990,1990,1990,0
2022-09-01 13:22:00,1990,1990,1990,1990,0
2022-09-01 13:23:00,1990,1990,1990,1990,0
2022-09-01 13:24:00,1990,1990,1990,1990,0
2022-09-01 13:25:00,1990,1990,1990,1990,0
2022-09-01 13:26:00,1990,1990,1990,1990,0
2022-09-01 13:27:00,1990,1990,1990,1990,0
2022-09-01 13:28:00,1990,1990,1990,1990,0
2022-09-01 13:29:00,1990,1990,1990,1990,0
2022-09-01 13:30:00,1990,1990,1990,1990,0
2022-09-01 13:31:00,1990,1990,1990,1990,0
2022-09-01 13:32:00,1990,1990,1990,1990,0
2022-09-01 13:33:00,1990,1990,1990,1990,0
2022-09-01 13:34:00,1990,1990,1990,1990,0
2022-09-01 13:35:00,1990,1990,1990,1990,0
2022-09-01 13:36:00,1990,1990,1990,1990,0
2022-09-01 13:37:00,1990,1990,1990,1990,0
2022-09-01 13:38:00,1990,1990,1990,1990,0
2022-09-01 13:39:00,1990,1990,1990,1990,0
2022-09-01 13:40:00,1990,1990,1990,1990,0
2022-09-01 13:41:00,1990,1990,1990,1990,0
2022-09-01 13:42:00,1990,1990,1990,1990,0
2022-09-01 13:43:00,1990,1990,1990,1990,0
2022-09-01 13:44:00,1990,1990,1990,1990,0
2022-09-01 13:45:00,1990,1990,1990,1990,0
2022-09-01 13:46:00,1990,1990,1990,1990,0
2022-09-01 13:47:00,1990,1990,1990,1990,0
2022-09-01 13:48:00,1990,1990,1990,1990,0
2022-09-01 13:49:00,1990,1990,1990,1990,0
2022-09-01 13:50:00,1990,1990,1990,1990,0
2022-09-01 13:51:00,1990,1990,1990,1990,0
2022-09-01 13:52:00,1990,1990,1990,1990,0
2022-09-01 13:53:00,1990,1990,1990,1990,0
2022-09-01 13:54:00,1990,1990,1990,1990,0
2022-09-01 13:55:00,1990,1990,1990,1990,0
2022-09-01 13:56:00,1990,1990,1990,1990,0
2022-09-01 13:57:00,1990,1990,1990,1990,0
2022-09-01 13:58:00,1990,1990,1990,1990,0
2022-09-01 13:59:00,1990,1990,1990,1990,0
2022-09-01 14:00:00,1990,1990,1990,1990,0
2022-09-01 14:01:00,1990,1990,1990,1990,0
2022-09-01 14:02:00,1990,1990,1990,1990,0
2022-09-01 14:03:00,1990,1990,1990,1990,0
2022-09-01 14:04:00,1990,1990,1990,1990,0
2022-09-01 14:05:00,1990,1990,1990,1990,0
2022-09-01 14:06:00,1990,1990,1990,1990,0
2022-09-01 14:07:00,1990,1990,1990,1990,0
2022-09-01 14:08:00,1990,1990,1990,1990,0
2022-09-01 14:09:00,1990,1990,1990,1990,0
2022-09-01 14:10:00,1990,1990,1990,1990,0
2022-09-01 14:11:00,1990,1990,1990,1990,0
2022-09-01 14:12:00,1990,1990,1990,1990,0
2022-09-01 14:13:00,1990,1990,1990,1990,0
2022-09-01 14:14:00,1990,1990,1990,1990,0
2022-09-01 14:15:00,1990,1990,1990,1990,0
2022-09-01 14:16:00,1990,1990,1990,1990,0
2022-09-01 14:17:00,1990,1990,1990,1990,0
2022-09-01 14:18:00,1990,1990,1990,1990,0
2022-09-01 14:19:00,1990,1990,1990,1990,0
2022-09-01 14:20:00,1990,1990,1990,1990,0
2022-09-01 14:21:00,1990,1990,1990,1990,0
2022-09-01 14:22:00,1990,1990,1990,1990,0
2022-09-01 14:23:00,1990,1990,1990,1990,0
2022-09-01 14:24:00,1990,1990,1990,1990,0
2022-09-01 14:25:00,1990,1990,1990,1990,0
2022-09-01 14:26:00,1990,1990,1990,1990,0
2022-09-01 14:27:00,1990,1990,1990,1990,0
2022-09-01 14:28:00,1990,1990,1990,1990,0
2022-09-01 14:29:00,1990,1990,1990,1990,0
2022-09-01 14:30:00,1990,1990,1990,1990,0
2022-09-01 14:31:00,1990,1990,1990,1990,0
2022-09-01 14:32:00,1990,1990,1990,1990,0
2022-09-01 14:33:00,1990,1990,1990,1990,0
2022-09-01 14:34:00,1990,1990,1990,1990,0
2022-09-01 14:35:00,1990,1990,1990,1990,0
2022-09-01 14:36:00,1990,1990,1990,1990,0
2022-09-01 14:37:00,1990,1990,1990,1990,0
2022-09-01 14:38:00,1990,1990,1990,1990,0
2022-09-01 14:39:00,1990,1990,1990,1990,0
2022-09-01 14:40:00,1990,1990,1990,1990,0
2022-09-01 14:41:00,1990,1990,1990,1990,0
2022-09-01 14:42:00,1990,1990,1990,1990,0
2022-09-01 14:43:00,1990,1990,1990,1990,0
2022-09-01 14:44:00,1990,1990,1990,1990,0
2022-09-01 14:45:00,1990,1990,1990,1990,0
2022-09-01 14:46:00,1990,1990,1990,1990,0
2022-09-01 14:47:00,1990,1990,1990,1990,0
2022-09-01 14:48:00,1990,1990,1990,1990,0
2022-09-01 14:49:00,1990,1990,1990,1990,0
2022-09-01 14:50:00,1990,1990,1990,1990,0
2022-09-01 14:51:00,1990,1990,1990,1990,0
2022-09-01 14:52:00,1990,1990,1990,1990,0
2022-09-01 14:53:00,1990,1990,1990,1990,0
2022-09-01 14:54:00,1990,1990,1990,1990,0
2022-09-01 14:55:00,1990,1990,1990,1990,0
2022-09-01 14:56:00,1990,1990,1990,1990,0
2022-09-01 14:57:00,1990,1990,1990,1990,0
2022-09-01 14:58:00,1990,1990,1990,1990,0
2022-09-01 14:59:00,1990,1990,1990,1990,0
2022-09-01 15:00:00,1990,1990,1990,1990,0
2022-09-01 15:01:00,1990,1990,1990,1990,0
2022-09-01 15:02:00,1990,1990,1990,1990,0
2022-09-01 15:03:00,1990,1990,1990,1990,0
2022-09-01 15:04:00,1990,1990,1990,1990,0
2022-09-01 15:05:00,1990,1990,1990,1990,0
2022-09-01 15:06:00,1990,1990,1990,1990,0
2022-09-01 15:07:00,1990,1990,1990,1990,0
2022-09-01 15:08:00,1990,1990,1990,1990,0
2022-09-01 15:09:00,1990,1990,1990,1990,0
2022-09-01 15:10:00,1990,1990,1990,1990,0
2022-09-01 15:11:00,1990,1990,1990,1990,0
2022-09-01 15:12:00,1990,1990,1990,1990,0
2022-09-01 15:13:00,1990,1990,1990,1990,0
2022-09-01 15:14:00,1990,1990,1990,1990,0
2022-09-01 15:15:00,1990,1990,1990,1990,0
2022-09-01 15:16:00,1990,1990,1990,1990,0
2022-09-01 15:17:00,1990,1990,1990,1990,0
2022-09-01 15:18:00,1990,1990,1990,1990,0
2022-09-01 15:19:00,1990,1990,1990,1990,0
2022-09-01 15:20:00,1990,1990,1990,1990,0
2022-09-01 15:21:00,1990,1990,1990,1990,0
2022-09-01 15:22:00,1990,1990,1990,1990,0
2022-09-01 15:23:00,1990,1990,1990,1990,0
2022-09-01 15:24:00,1990,1990,1990,1990,0
2022-09-01 15:25:00,1990,1990,1990,1990,0
2022-09-01 15:26:00,1990,1990,1990,1990,0
2022-09-01 15:27:00,1990,1990,1990,1990,0
2022-09-01 15:28:00,1990,1990,1990,1990,0
2022-09-01 15:29:00,1990,1990,1990,1990,0
2022-09-01 15:30:00,1990,1990,1990,1990,0
2022-09-01 15:31:00,1990,1990,1990,1990,0
2022-09-01 15:32:00,1990,1990,1990,1990,0
2022-09-01 15:33:00,1990,1990,1990,1990,0
2022-09-01 15:34:00,1990,1990,1990,1990,0
2022-09-01 15:35:00,1990,1990,1990,1990,0
2022-09-01 15:36:00,1990,1990,1990,1990,0
2022-09-01 15:37:00,1990,1990,1990,1990,0
2022-09-01 15:38:00,1990,1990,1990,1990,0
2022-09-01 15:39:00,1990,1990,1990,1990,0
2022-09-01 15:40:00,1990,1990,1990,1990,0
2022-09-01 15:41:00,1990,1990,1990,1990,0
2022-09-01 15:42:00,1990,1990,1990,1990,0
2022-09-01 15:43:00,1990,1990,1990,1990,0
2022-09-01 15:44:00,1990,1990,1990,1990,0
2022-09-01 15:45:00,1990,1990,1990,1990,0
2022-09-01 15:46:00,1990,1990,1990,1990,0
2022-09-01 15:47:00,1990,1990,1990,1990,0
2022-09-01 15:48:00,1990,1990,1990,1990,0
2022-09-01 15:49:00,1990,1990,1990,1990,0
2022-09-01 15:50:00,1990,1990,1990,1990,0
2022-09-01 15:51:00,1990,1990,1990,1990,0
2022-09-01 15:52:00,1990,1990,1990,1990,0
2022-09-01 15:53:00,1990,1990,1990,1990,0
2022-09-01 15:54:00,1990,1990,1990,1990,0
2022-09-01 15:55:00,1990,1990,1990,1990,0
2022-09-01 15:56:00,1990,1990,1990,1990,0
2022-09-01 15:57:00,1990,1990,1990,1990,0
2022-09-01 15:58:00,1990,1990,1990,1990,0
2022-09-01 15:59:00,1990,1990,1990,1990,0
2022-09-02 09:00:00,1990,1990,1990,1990,0
2022-09-02 09:01:00,1990,1990,1990,1990,0
2022-09-02 09:02:00,1990,1990,1990,1990,0
2022-09-02 09:03:00,1990,1990,1990,1990,0
2022-09-02 09:04:00,1990,1990,1990,1990,0
2022-09-02 09:05:00,1990,1990,1990,1990,0
2022-09-02 09:06:00,1990,1990,1990,1990,0
2022-09-02 09:07:00,1990,1990,1990,1990,0
2022-09-02 09:08:00,1990,1990,1990,1990,0
2022-09-02 09:09:00,1990,1990,1990,1990,0
2022-09-02 09:10:00,1990,1990,1990,1990,0
2022-09-02 09:11:00,1990,1990,1990,1990,0
2022-09-02 09:12:00,1990,1990,1990,1990,0
2022-09-02 09:13:00,1990,1990,1990,1990,0
2022-09-02 09:14:00,1990,1990,1990,1990,0
2022-09-02 09:15:00,1990,1990,1990,1990,0
2022-09-02 09:16:00,1990,1990,1990,1990,0
2022-09-02 09:17:00,1990,1990,1990,1990,0
2022-09-02 09:18:00,1990,1990,1990,1990,0
2022-09-02 09:19:00,1990,1990,1990,1990,0
2022-09-02 09:20:00,1990,1990,1990,1990,0
2022-09-02 09:21:00,1990,1990,1990,1990,0
2022-09-02 09:22:00,1990,1990,1990,1990,0
2022-09-02 09:23:00,1990,1990,1990,1990,0
2022-09-02 09:24:00,1990,1990,1990,1990,0
2022-09-02 09:25:00,1990,1990,1990,1990,0
2022-09-02 09:26:00,1990,1990,1990,1990,0
2022-09-02 09:27:00,1990,1990,1990,1990,0
2022-09-02 09:28:00,1990,1990,1990,1990,0
2022-09-02 09:29:00,1990,1990,1990,1990,0
2022-09-02 09:30:00,1990,1990,1990,1990,0
2022-09-02 09:31:00,1990,1990,1990,1990,0
2022-09-02 09:32:00,1990,1990,1990,1990,0
2022-09-02 09:33:00,1990,1990,1990,1990,0
2022-09-02 09:34:00,1990,1990,1990,1990,0
2022-09-02 09:35:00,1990,1990,1990,1990,0
2022-09-02 09:36:00,1990,1990,1990,1990,0
2022-09-02 09:37:00,1990,1990,1990,1990,0
2022-09-02 09:38:00,1990,1990,1990,1990,0
2022-09-02 09:39:00,1990,1990,1990,1990,0
2022-09-02 09:40:00,1990,1990,1990,1990,0
2022-09-02 09:41:00,1990,1990,1990,1990,0
2022-09-02 09:42:00,1990,1990,1990,1990,0
2022-09-02 09:43:00,1990,1990,1990,1990,0
2022-09-02 09:44:00,1990,1990,1990,1990,0
2022-09-02 09:45:00,1990,1990,1990,1990,0
2022-09-02 09:46:00,1990,1990,1990,1990,0
2022-09-02 09:47:00,1990,1990,1990,1990,0
2022-09-02 09:48:00,1990,1990,1990,1990,0
2022-09-02 09:49:00,1990,1990,1990,1990,0
2022-09-02 09:50:00,1990,1990,1990,1990,0
2022-09-02 09:51:00,1990,1990,1990,1990,0
2022-09-02 09:52:00,1990,1990,1990,1990,0
2022-09-02 09:53:00,1990,1990,1990,1990,0
2022-09-02 09:54:00,1990,1990,1990,1990,0
2022-09-02 09:55:00,1990,1990,1990,1990,0
2022-09-02 09:56:00,1990,1990,1990,1990,0
2022-09-02 09:57:00,1990,1990,1990,1990,0
2022-09-02 09:58:00,1990,1990,1990,1990,0
2022-09-02 09:59:00,1990,1990,1990,1990,0
2022-09-02 10:00:00,1990,1990,1990,1990,0
2022-09-02 10:01:00,1990,1990,1990,1990,0
2022-09-02 10:02:00,1990,1990,1990,1990,0
2022-09-02 10:03:00,1990,1990,1990,1990,0
2022-09-02 10:04:00,1990,1990,1990,1990,0
2022-09-02 10:05:00,1990,1990,1990,1990,0
2022-09-02 10:06:00,1990,1990,1990,1990,0
2022-09-02 10:07:00,1990,1990,1990,1990,0
2022-09-02 10:08:00,1990,1990,1990,1990,0
2022-09-02 10:09:00,1990,1990,1990,1990,0
2022-09-02 10:10:00,1990,1990,1990,1990,0
2022-09-02 10:11:00,1990,1990,1990,1990,0
2022-09-02 10:12:00,1990,1990,1990,1990,0
2022-09-02 10:13:00,1990,1990,1990,1990,0
2022-09-02 10:14:00,1990,1990,1990,1990,0
2022-09-02 10:15:00,1990,1990,1990,1990,0
2022-09-02 10:16:00,1990,1990,1990,1990,0
2022-09-02 10:17:00,1990,1990,1990,1990,0
2022-09-02 10:18:00,1990,1990,1990,1990,0
2022-09-02 10:19:00,1990,1990,1990,1990,0
2022-09-02 10:20:00,1990,1990,1990,1990,0
2022-09-02 10:21:00,1990,1990,1990,1990,0
2022-09-02 10:22:00,1990,1990,1990,1990,0
2022-09-02 10:23:00,1990,1990,1990,1990,0
2022-09-02 10:24:00,1990,1990,1990,1990,0
2022-09-02 10:25:00,1990,1990,1990,1990,0
2022-09-02 10:26:00,1990,1990,1990,1990,0
2022-09-02 10:27:00,1990,1990,1990,1990,0
2022-09-02 10:28:00,1990,1990,1990,1990,0
2022-09-02 10:29:00,1990,1990,1990,1990,0
2022-09-02 10:30:00,1990,1990,1990,1990,0
2022-09-02 10:31:00,1990,1990,1990,1990,0
2022-09-02 10:32:00,1990,1990,1990,1990,0
2022-09-02 10:33:00,1990,1990,1990,1990,0
2022-09-02 10:34:00,1990,1990,1990,1990,0
2022-09-02 10:35:00,1990,1990,1990,1990,0
2022-09-02 10:36:00,1990,1990,1990,1990,0
2022-09-02 10:37:00,1990,1990,1990,1990,0
2022-09-02 10:38:00,1990,1990,1990,1990,0
2022-09-02 10:39:00,1990,1990,1990,1990,0
2022-09-02 10:40:00,1990,1990,1990,1990,0
2022-09-02 10:41:00,1990,1990,1990,1990,0
2022-09-02 10:42:00,1990,1990,1990,1990,0
2022-09-02 10:43:00,1990,1990,1990,1990,0
2022-09-02 10:44:00,1990,1990,1990,1990,0
2022-09-02 10:45:00,1990,1990,1990,1990,0
2022-09-02 10:46:00,1990,1990,1990,1990,0
2022-09-02 10:47:00,1990,1990,1990,1990,0
2022-09-02 10:48:00,1990,1990,1990,1990,0
2022-09-02 10:49:00,1990,1990,1990,1990,0
2022-09-02 10:50:00,1990,1990,1990,1990,0
2022-09-02 10:51:00,1990,1990,1990,1990,0
2022-09-02 10:52:00,1990,1990,1990,1990,0
2022-09-02 10:53:00,1990,1990,1990,1990,0
2022-09-02 10:54:00,1990,1990,1990,1990,0
2022-09-02 10:55:00,1990,1990,1990,1990,0
2022-09-02 10:56:00,1990,1990,1990,1990,0
2022-09-02 10:57:00,1990,1990,1990,1990,0
2022-09-02 10:58:00,1990,1990,1990,1990,0
2022-09-02 10:59:00,1990,1990,1990,1990,0
2022-09-02 11:00:00,1990,1990,1990,1990,0
2022-09-02 11:01:00,1990,1990,1990,1990,0
2022-09-02 11:02:00,1990,1990,1990,1990,0
2022-09-02 11:03:00,1990,1990,1990,1990,0
2022-09-02 11:04:00,1990,1990,1990,1990,0
2022-09-02 11:05:00,1990,1990,1990,1990,0
2022-09-02 11:06:00,1990,1990,1990,1990,0
2022-09-02 11:07:00,1990,1990,1990,1990,0
2022-09-02 11:08:00,1990,1990,1990,1990,0
2022-09-02 11:09:00,1990,1990,1990,1990,0
2022-09-02 11:10:00,1990,1990,1990,1990,0
2022-09-02 11:11:00,1990,1990,1990,1990,0
2022-09-02 11:12:00,1990,1990,1990,1990,0
2022-09-02 11:13:00,1990,1990,1990,1990,0
2022-09-02 11:14:00,1990,1990,1990,1990,0
2022-09-02 11:15:00,1990,1990,1990,1990,0
2022-09-02 11:16:00,1990,1990,1990,1990,0
2022-09-02 11:17:00,1990,1990,1990,1990,0
2022-09-02 11:18:00,1990,1990,1990,1990,0
2022-09-02 11:19:00,1990,1990,1990,1990,0
2022-09-02 11:20:00,1990,1990,1990,1990,0
2022-09-02 11:21:00,1990,1990,1990,1990,0
2022-09-02 11:22:00,1990,1990,1990,1990,0
2022-09-02 11:23:00,1990,1990,1990,1990,0
2022-09-02 11:24:00,1990,1990,1990,1990,0
2022-09-02 11:25:00,1990,1990,1990,1990,0
2022-09-02 11:26:00,1990,1990,1990,1990,0
2022-09-02 11:27:00,1990,1990,1990,1990,0
2022-09-02 11:28:00,1990,1990,1990,1990,0
2022-09-02 11:29:00,1990,1990,1990,1990,0
2022-09-02 11:30:00,1990,1990,1990,1990,0
2022-09-02 11:31:00,1990,1990,1990,1990,0
2022-09-02 11:32:00,1990,1990,1990,1990,0
2022-09-02 11:33:00,1990,1990,1990,1990,0
2022-09-02 11:34:00,1990,1990,1990,1990,0
2022-09-02 11:35:00,1990,1990,1990,1990,0
2022-09-02 11:36:00,1990,1990,1990,1990,0
2022-09-02 11:37:00,1990,1990,1990,1990,0
2022-09-02 11:38:00,1990,1990,1990,1990,0
2022-09-02 11:39:00,1990,1990,1990,1990,0
2022-09-02 11:40:00,1990,1990,1990,1990,0
2022-09-02 11:41:00,1990,1990,1990,1990,0
2022-09-02 11:42:00,1990,1990,1990,1990,0
2022-09-02 11:43:00,1990,1990,1990,1990,0
2022-09-02 11:44:00,1990,1990,1990,1990,0
2022-09-02 11:45:00,1990,1990,1990,1990,0
2022-09-02 11:46:00,1990,1990,1990,1990,0
2022-09-02 11:47:00,1990,1990,1990,1990,0
2022-09-02 11:48:00,1990,1990,1990,1990,0
2022-09-02 11:49:00,1990,1990,1990,1990,0
2022-09-02 11:50:00,1990,1990,1990,1990,0
2022-09-02 11:51:00,1990,1990,1990,1990,0
2022-09-02 11:52:00,1990,1990,1990,1990,0
2022-09-02 11:53:00,1990,1990,1990,1990,0
2022-09-02 11:54:00,1990,1990,1990,1990,0
2022-09-02 11:55:00,1990,1990,1990,1990,0
2022-09-02 11:56:00,1990,1990,1990,1990,0
2022-09-02 11:57:00,1990,1990,1990,1990,0
2022-09-02 11:58:00,1990,1990,1990,1990,0
2022-09-02 11:59:00,1990,1990,1990,1990,0
2022-09-02 12:00:00,1990,1990,1990,1990,0
2022-09-02 12:01:00,1990,1990,1990,1990,0
2022-09-02 12:02:00,1990,1990,1990,1990,0
2022-09-02 12:03:00,1990,1990,1990,1990,0
2022-09-02 12:04:00,1990,1990,1990,1990,0
2022-09-02 12:05:00,1990,1990,1990,1990,0
2022-09-02 12:06:00,1990,1990,1990,1990,0
2022-09-02 12:07:00,1990,1990,1990,1990,0
2022-09-02 12:08:00,1990,1990,1990,1990,0
2022-09-02 12:09:00,1990,1990,1990,1990,0
2022-09-02 12:10:00,1990,1990,1990,1990,0
2022-09-02 12:11:00,1990,1990,1990,1990,0
2022-09-02 12:12:00,1990,1990,1990,1990,0
2022-09-02 12:13:00,1990,1990,1990,1990,0
2022-09-02 12:14:00,1990,1990,1990,1990,0
2022-09-02 12:15:00,1990,1990,1990,1990,0
2022-09-02 12:16:00,1990,1990,1990,1990,0
2022-09-02 12:17:00,1990,1990,1990,1990,0
2022-09-02 12:18:00,1990,1990,1990,1990,0
2022-09-02 12:19:00,1990,1990,1990,1990,0
2022-09-02 12:20:00,1990,1990,1990,1990,0
2022-09-02 12:21:00,1990,1990,1990,1990,0
2022-09-02 12:22:00,1990,1990,1990,1990,0
2022-09-02 12:23:00,1990,1990,1990,1990,0
2022-09-02 12:24:00,1990,1990,1990,1990,0
2022-09-02 12:25:00,1990,1990,1990,1990,0
2022-09-02 12:26:00,1990,1990,1990,1990,0
2022-09-02 12:27:00,1990,1990,1990,1990,0
2022-09-02 12:28:00,1990,1990,1990,1990,0
2022-09-02 12:29:00,1990,1990,1990,1990,0
2022-09-02 12:30:00,1990,1990,1990,1990,0
2022-09-02 12:31:00,1990,1990,1990,1990,0
2022-09-02 12:32:00,1990,1990,1990,1990,0
2022-09-02 12:33:00,1990,1990,1990,1990,0
2022-09-02 12:34:00,1990,1990,1990,1990,0
2022-09-02 12:35:00,1990,1990,1990,1990,0
2022-09-02 12:36:00,1990,1990,1990,1990,0
2022-09-02 12:37:00,1990,1990,1990,1990,0
2022-09-02 12:38:00,1990,1990,1990,1990,0
2022-09-02 12:39:00,1990,1990,1990,1990,0
2022-09-02 12:40:00,1990,1990,1990,1990,0
2022-09-02 12:41:00,1990,1990,1990,1990,0
2022-09-02 12:42:00,1990,1990,1990,1990,0
2022-09-02 12:43:00,1990,1990,1990,1990,0
2022-09-02 12:44:00,1990,1990,1990,1990,0
2022-09-02 12:45:00,1990,1990,1990,1990,0
2022-09-02 12:46:00,1990,1990,1990,1990,0
2022-09-02 12:47:00,1990,1990,1990,1990,0
2022-09-02 12:48:00,1990,1990,1990,1990,0
2022-09-02 12:49:00,1990,1990,1990,1990,0
2022-09-02 12:50:00,1990,1990,1990,1990,0
2022-09-02 12:51:00,1990,1990,1990,1990,0
2022-09-02 12:52:00,1990,1990,1990,1990,0
2022-09-02 12:53:00,1990,1990,1990,1990,0
2022-09-02 12:54:00,1990,1990,1990,1990,0
2022-09-02 12:55:00,1990,1990,1990,1990,0
2022-09-02 12:56:00,1990,1990,1990,1990,0
2022-09-02 12:57:00,1990,1990,1990,1990,0
2022-09-02 12:58:00,1990,1990,1990,1990,0
2022-09-02 12:59:00,1990,1990,1990,1990,0
2022-09-02 13:00:00,1990,1990,1990,1990,0
2022-09-02 13:01:00,1990,1990,1990,1990,0
2022-09-02 13:02:00,1990,1990,1990,1990,0
2022-09-02 13:03:00,1990,1990,1990,1990,0
2022-09-02 13:04:00,1990,1990,1990,1990,0
2022-09-02 13:05:00,1990,1990,1990,1990,0
2022-09-02 13:06:00,1990,1990,1990,1990,0
2022-09-02 13:07:00,1990,1990,1990,1990,0
2022-09-02 13:08:00,1990,1990,1990,1990,0
2022-09-02 13:09:00,1990,1990,1990,1990,0
2022-09-02 13:10:00,1990,1990,1990,1990,0
2022-09-02 13:11:00,1990,1990,1990,1990,0
2022-09-02 13:12:00,1990,1990,1990,1990,0
2022-09-02 13:13:00,1990,1990,1990,1990,0
2022-09-02 13:14:00,1990,1990,1990,1990,0
2022-09-02 13:15:00,1990,1990,1990,1990,0
2022-09-02 13:16:00,1990,1990,1990,1990,0
2022-09-02 13:17:00,1990,1990,1990,1990,0
2022-09-02 13:18:00,1990,1990,1990,1990,0
2022-09-02 13:19:00,1990,1990,1990,1990,0
2022-09-02 13:20:00,1990,1990,1990,1990,0
2022-09-02 13:21:00,1990,1990,1990,1990,0
2022-09-02 13:22:00,1990,1990,1990,1990,0
2022-09-02 13:23:00,1990,1990,1990,1990,0
2022-09-02 13:24:00,1990,1990,1990,1990,0
2022-09-02 13:25:00,1990,1990,1990,1990,0
2022-09-02 13:26:00,1990,1990,1990,1990,0
2022-09-02 13:27:00,1990,1990,1990,1990,0
2022-09-02 13:28:00,1990,1990,1990,1990,0
2022-09-02 13:29:00,1990,1990,1990,1990,0
2022-09-02 13:30:00,1990,1990,1990,1990,0
2022-09-02 13:31:00,1990,1990,1990,1990,0
2022-09-02 13:32:00,1990,1990,1990,1990,0
2022-09-02 13:33:00,1990,1990,1990,1990,0
2022-09-02 13:34:00,1990,1990,1990,1990,0
2022-09-02 13:35:00,1990,1990,1990,1990,0
2022-09-02 13:36:00,1990,1990,1990,1990,0
2022-09-02 13:37:00,1990,1990,1990,1990,0
2022-09-02 13:38:00,1990,1990,1990,1990,0
2022-09-02 13:39:00,1990,1990,1990,1990,0
2022-09-02 13:40:00,1990,1990,1990,1990,0
2022-09-02 13:41:00,1990,1990,1990,1990,0
2022-09-02 13:42:00,1990,1990,1990,1990,0
2022-09-02 13:43:00,1990,1990,1990,1990,0
2022-09-02 13:44:00,1990,1990,1990,1990,0
2022-09-02 13:45:00,1990,1990,1990,1990,0
2022-09-02 13:46:00,1990,1990,1990,1990,0
2022-09-02 13:47:00,1990,1990,1990,1990,0
2022-09-02 13:48:00,1990,1990,1990,1990,0
2022-09-02 13:49:00,1990,1990,1990,1990,0
2022-09-02 13:50:00,1990,1990,1990,1990,0
2022-09-02 13:51:00,1990,1990,1990,1990,0
2022-09-02 13:52:00,1990,1990,1990,1990,0
2022-09-02 13:53:00,1990,1990,1990,1990,0
2022-09-02 13:54:00,1990,1990,1990,1990,0
2022-09-02 13:55:00,1990,1990,1990,1990,0
2022-09-02 13:56:00,1990,1990,1990,1990,0
2022-09-02 13:57:00,1990,1990,1990,1990,0
2022-09-02 13:58:00,1990,1990,1990,1990,0
2022-09-02 13:59:00,1990,1990,1990,1990,0
2022-09-02 14:00:00,1990,1990,1990,1990,0
2022-09-02 14:01:00,1990,1990,1990,1990,0
2022-09-02 14:02:00,1990,1990,1990,1990,0
2022-09-02 14:03:00,1990,1990,1990,1990,0
2022-09-02 14:04:00,1990,1990,1990,1990,0
2022-09-02 14:05:00,1990,1990,1990,1990,0
2022-09-02 14:06:00,1990,1990,1990,1990,0
2022-09-02 14:07:00,1990,1990,1990,1990,0
2022-09-02 14:08:00,1990,1990,1990,1990,0
2022-09-02 14:09:00,1990,1990,1990,1990,0
2022-09-02 14:10:00,1990,1990,1990,1990,0
2022-09-02 14:11:00,1990,1990,1990,1990,0
2022-09-02 14:12:00,1990,1990,1990,1990,0
2022-09-02 14:13:00,1990,1990,1990,1990,0
2022-09-02 14:14:00,1990,1990,1990,1990,0
2022-09-02 14:15:00,1990,1990,1990,1990,0
2022-09-02 14:16:00,1990,1990,1990,1990,0
2022-09-02 14:17:00,1990,1990,1990,1990,0
2022-09-02 14:18:00,1990,1990,1990,1990,0
2022-09-02 14:19:00,1990,1990,1990,1990,0
2022-09-02 14:20:00,1990,1990,1990,1990,0
2022-09-02 14:21:00,1990,1990,1990,1990,0
2022-09-02 14:22:00,1990,1990,1990,1990,0
2022-09-02 14:23:00,1990,1990,1990,1990,0
2022-09-02 14:24:00,1990,1990,1990,1990,0
2022-09-02 14:25:00,1990,1990,1990,1990,0
2022-09-02 14:26:00,1990,1990,1990,1990,0
2022-09-02 14:27:00,1990,1990,1990,1990,0
2022-09-02 14:28:00,1990,1990,1990,1990,0
2022-09-02 14:29:00,1990,1990,1990,1990,0
2022-09-02 14:30:00,1990,1990,1990,1990,0
2022-09-02 14:31:00,1990,1990,1990,1990,0
2022-09-02 14:32:00,1990,1990,1990,1990,0
2022-09-02 14:33:00,1990,1990,1990,1990,0
2022-09-02 14:34:00,1990,1990,1990,1990,0
2022-09-02 14:35:00,1990,1990,1990,1990,0
2022-09-02 14:36:00,1990,1990,1990,1990,0
2022-09-02 14:37:00,1990,1990,1990,1990,0
2022-09-02 14:38:00,1990,1990,1990,1990,0
2022-09-02 14:39:00,1990,1990,1990,1990,0
2022-09-02 14:40:00,1990,1990,1990,1990,0
2022-09-02 14:41:00,1990,1990,1990,1990,0
2022-09-02 14:42:00,1990,1990,1990,1990,0
2022-09-02 14:43:00,1990,1990,1990,1990,0
2022-09-02 14:44:00,1990,1990,1990,1990,0
2022-09-02 14:45:00,1990,1990,1990,1990,0
2022-09-02 14:46:00,1990,1990,1990,1990,0
2022-09-02 14:47:00,1990,1990,1990,1990,0
2022-09-02 14:48:00,1990,1990,1990,1990,0
2022-09-02 14:49:00,1990,1990,1990,1990,0
2022-09-02 14:50:00,1990,1990,1990,1990,0
2022-09-02 14:51:00,1990,1990,1990,1990,0
2022-09-02 14:52:00,1990,1990,1990,1990,0
2022-09-02 14:53:00,1990,1990,1990,1990,0
2022-09-02 14:54:00,1990,1990,1990,1990,0
2022-09-02 14:55:00,1990,1990,1990,1990,0
2022-09-02 14:56:00,1990,1990,1990,1990,0
2022-09-02 14:57:00,1990,1990,1990,1990,0
2022-09-02 14:58:00,1990,1990,1990,1990,0
2022-09-02 14:59:00,1990,1990,1990,1990,0
2022-09-02 15:00:00,1990,1990,1990,1990,0
2022-09-02 15:01:00,1990,1990,1990,1990,0
2022-09-02 15:02:00,1990,1990,1990,1990,0
2022-09-02 15:03:00,1990,1990,1990,1990,0
2022-09-02 15:04:00,1990,1990,1990,1990,0
2022-09-02 15:05:00,1990,1990,1990,1990,0
2022-09-02 15:06:00,1990,1990,1990,1990,0
2022-09-02 15:07:00,1990,1990,1990,1990,0
2022-09-02 15:08:00,1990,1990,1990,1990,0
2022-09-02 15:09:00,1990,1990,1990,1990,0
2022-09-02 15:10:00,1990,1990,1990,1990,0
2022-09-02 15:11:00,1990,1990,1990,1990,0
2022-09-02 15:12:00,1990,1990,1990,1990,0
2022-09-02 15:13:00,1990,1990,1990,1990,0
2022-09-02 15:14:00,1990,1990,1990,1990,0
2022-09-02 15:15:00,1990,1990,1990,1990,0
2022-09-02 15:16:00,1990,1990,1990,1990,0
2022-09-02 15:17:00,1990,1990,1990,1990,0
2022-09-02 15:18:00,1990,1990,1990,1990,0
2022-09-02 15:19:00,1990,1990,1990,1990,0
2022-09-02 15:20:00,1990,1990,1990,1990,0
2022-09-02 15:21:00,1990,1990,1990,1990,0
2022-09-02 15:22:00,1990,1990,1990,1990,0
2022-09-02 15:23:00,1990,1990,1990,1990,0
2022-09-02 15:24:00,1990,1990,1990,1990,0
2022-09-02 15:25:00,1990,1990,1990,1990,0
2022-09-02 15:26:00,1990,1990,1990,1990,0
2022-09-02 15:27:00,1990,1990,1990,1990,0
2022-09-02 15:28:00,1990,1990,1990,1990,0
2022-09-02 15:29:00,1990,1990,1990,1990,0
2022-09-02 15:30:00,1990,1990,1990,1990,0
2022-09-02 15:31:00,1990,1990,1990,1990,0
2022-09-02 15:32:00,1990,1990,1990,1990,0
2022-09-02 15:33:00,1990,1990,1990,1990,0
2022-09-02 15:34:00,1990,1990,1990,1990,0
2022-09-02 15:35:00,1990,1990,1990,1990,0
2022-09-02 15:36:00,1990,1990,1990,1990,0
2022-09-02 15:37:00,1990,1990,1990,1990,0
2022-09-02 15:38:00,1990,1990,1990,1990,0
2022-09-02 15:39:00,1990,1990,1990,1990,0
2022-09-02 15:40:00,1990,1990,1990,1990,0
2022-09-02 15:41:00,1990,1990,1990,1990,0
2022-09-02 15:42:00,1990,1990,1990,1990,0
2022-09-02 15:43:00,1990,1990,1990,1990,0
2022-09-02 15:44:00,1990,1990,1990,1990,0
2022-09-02 15:45:00,1990,1990,1990,1990,0
2022-09-02 15:46:00,1990,1990,1990,1990,0
2022-09-02 15:47:00,1990,1990,1990,1990,0
2022-09-02 15:48:00,1990,1990,1990,1990,0
2022-09-02 15:49:00,1990,1990,1990,1990,0
2022-09-02 15:50:00,1990,1990,1990,1990,0
2022-09-02 15:51:00,1990,1990,1990,1990,0
2022-09-02 15:52:00,1990,1990,1990,1990,0
2022-09-02 15:53:00,1990,1990,1990,1990,0
2022-09-02 15:54:00,1990,1990,1990,1990,0
2022-09-02 15:55:00,1990,1990,1990,1990,0
2022-09-02 15:56:00,1990,1990,1990,1990,0
2022-09-02 15:57:00,1990,1990,1990,1990,0
2022-09-02 15:58:00,1990,1990,1990,1990,0
2022-09-02 15:59:00,1990,1990,1990,1990,0
2022-09-05 09:00:00,1940,1940,1940,1940,0
2022-09-05 09:01:00,1940,1940,1940,1940,0
2022-09-05 09:02:00,1940,1940,1940,1940,0
2022-09-05 09:03:00,1940,1940,1940,1940,0
2022-09-05 09:04:00,1940,1940,1940,1940,0
2022-09-05 09:05:00,1940,1940,1940,1940,0
2022-09-05 09:06:00,1940,1940,1940,1940,0
2022-09-05 09:07:00,1940,1940,1940,1940,0
2022-09-05 09:08:00,1940,1940,1940,1940,0
2022-09-05 09:09:00,1940,1940,1940,1940,0
2022-09-05 09:10:00,1940,1940,1940,1940,0
2022-09-05 09:11:00,1940,1940,1940,1940,0
2022-09-05 09:12:00,1940,1940,1940,1940,0
2022-09-05 09:13:00,1940,1940,1940,1940,0
2022-09-05 09:14:00,1940,1940,1940,1940,0
2022-09-05 09:15:00,1940,1940,1940,1940,0
2022-09-05 09:16:00,1940,1940,1940,1940,0
2022-09-05 09:17:00,1940,1940,1940,1940,0
2022-09-05 09:18:00,1940,1940,1940,1940,0
2022-09-05 09:19:00,1940,1940,1940,1940,0
2022-09-05 09:20:00,1940,1940,1940,1940,0
2022-09-05 09:21:00,1940,1940,1940,1940,0
2022-09-05 09:22:00,1940,1940,1940,1940,0
2022-09-05 09:23:00,1940,1940,1940,1940,0
2022-09-05 09:24:00,1940,1940,1940,1940,0
2022-09-05 09:25:00,1940,1940,1940,1940,0
2022-09-05 09:26:00,1940,1940,1940,1940,0
2022-09-05 09:27:00,1940,1940,1940,1940,0
2022-09-05 09:28:00,1940,1940,1940,1940,0
2022-09-05 09:29:00,1940,1940,1940,1940,0
2022-09-05 09:30:00,1940,1940,1940,1940,0
2022-09-05 09:31:00,1940,1940,1940,1940,0
2022-09-05 09:32:00,1940,1940,1940,1940,0
2022-09-05 09:33:00,1940,1940,1940,1940,0
2022-09-05 09:34:00,1940,1940,1940,1940,0
2022-09-05 09:35:00,1940,1940,1940,1940,0
2022-09-05 09:36:00,1940,1940,1940,1940,0
2022-09-05 09:37:00,1940,1940,1940,1940,0
2022-09-05 09:38:00,1940,1940,1940,1940,0
2022-09-05 09:39:00,1940,1940,1940,1940,0
2022-09-05 09:40:00,1940,1940,1940,1940,0
2022-09-05 09:41:00,1940,1940,1940,1940,0
2022-09-05 09:42:00,1940,1940,1940,1940,0
2022-09-05 09:43:00,1940,1940,1940,1940,0
2022-09-05 09:44:00,1940,1940,1940,1940,0
2022-09-05 09:45:00,1940,1940,1940,1940,0
2022-09-05 09:46:00,1940,1940,1940,1940,0
2022-09-05 09:47:00,1940,1940,1940,1940,0
2022-09-05 09:48:00,1940,1940,1940,1940,0
2022-09-05 09:49:00,1940,1940,1940,1940,0
2022-09-05 09:50:00,1940,1940,1940,1940,0
2022-09-05 09:51:00,1940,1940,1940,1940,0
2022-09-05 09:52:00,1940,1940,1940,1940,0
2022-09-05 09:53:00,1940,1940,1940,1940,0
2022-09-05 09:54:00,1940,1940,1940,1940,0
2022-09-05 09:55:00,1940,1940,1940,1940,0
2022-09-05 09:56:00,1940,1940,1940,1940,0
2022-09-05 09:57:00,1940,1940,1940,1940,0
2022-09-05 09:58:00,1940,1940,1940,1940,0
2022-09-05 09:59:00,1940,1940,1940,1940,0
2022-09-05 10:00:00,1940,1940,1940,1940,0
2022-09-05 10:01:00,1940,1940,1940,1940,0
2022-09-05 10:02:00,1940,1940,1940,1940,0
2022-09-05 10:03:00,1940,1940,1940,1940,0
2022-09-05 10:04:00,1940,1940,1940,1940,0
2022-09-05 10:05:00,1940,1940,1940,1940,0
2022-09-05 10:06:00,1940,1940,1940,1940,0
2022-09-05 10:07:00,1940,1940,1940,1940,0
2022-09-05 10:08:00,1940,1940,1940,1940,0
2022-09-05 10:09:00,1940,1940,1940,1940,0
2022-09-05 10:10:00,1940,1940,1940,1940,0
2022-09-05 10:11:00,1940,1940,1940,1940,0
2022-09-05 10:12:00,1940,1940,1940,1940,0
2022-09-05 10:13:00,1940,1940,1940,1940,0
2022-09-05 10:14:00,1940,1940,1940,1940,0
2022-09-05 10:15:00,1940,1940,1940,1940,0
2022-09-05 10:16:00,1940,1940,1940,1940,0
2022-09-05 10:17:00,1940,1940,1940,1940,0
2022-09-05 10:18:00,1940,1940,1940,1940,0
2022-09-05 10:19:00,1940,1940,1940,1940,0
2022-09-05 10:20:00,1940,1940,1940,1940,0
2022-09-05 10:21:00,1940,1940,1940,1940,0
2022-09-05 10:22:00,1940,1940,1940,1940,0
2022-09-05 10:23:00,1940,1940,1940,1940,0
2022-09-05 10:24:00,1940,1940,1940,1940,0
2022-09-05 10:25:00,1940,1940,1940,1940,0
2022-09-05 10:26:00,1940,1940,1940,1940,0
2022-09-05 10:27:00,1940,1940,1940,1940,0
2022-09-05 10:28:00,1940,1940,1940,1940,0
2022-09-05 10:29:00,1940,1940,1940,1940,0
2022-09-05 10:30:00,1940,1940,1940,1940,0
2022-09-05 10:31:00,1940,1940,1940,1940,0
2022-09-05 10:32:00,1940,1940,1940,1940,0
2022-09-05 10:33:00,1940,1940,1940,1940,0
2022-09-05 10:34:00,1940,1940,1940,1940,0
2022-09-05 10:35:00,1940,1940,1940,1940,0
2022-09-05 10:36:00,1940,1940,1940,1940,0
2022-09-05 10:37:00,1940,1940,1940,1940,0
2022-09-05 10:38:00,1940,1940,1940,1940,0
2022-09-05 10:39:00,1940,1940,1940,1940,0
2022-09-05 10:40:00,1940,1940,1940,1940,0
2022-09-05 10:41:00,1940,1940,1940,1940,0
2022-09-05 10:42:00,1940,1940,1940,1940,0
2022-09-05 10:43:00,1940,1940,1940,1940,0
2022-09-05 10:44:00,1940,1940,1940,1940,0
2022-09-05 10:45:00,1940,1940,1940,1940,0
2022-09-05 10:46:00,1940,1940,1940,1940,0
2022-09-05 10:47:00,1940,1940,1940,1940,0
2022-09-05 10:48:00,1940,1940,1940,1940,0
2022-09-05 10:49:00,1940,1940,1940,1940,0
2022-09-05 10:50:00,1940,1940,1940,1940,0
2022-09-05 10:51:00,1940,1940,1940,1940,0
2022-09-05 10:52:00,1940,1940,1940,1940,0
2022-09-05 10:53:00,1940,1940,1940,1940,0
2022-09-05 10:54:00,1940,1940,1940,1940,0
2022-09-05 10:55:00,1940,1940,1940,1940,0
2022-09-05 10:56:00,1940,1940,1940,1940,0
2022-09-05 10:57:00,1940,1940,1940,1940,0
2022-09-05 10:58:00,1940,1940,1940,1940,0
2022-09-05 10:59:00,1940,1940,1940,1940,0
2022-09-05 11:00:00,1940,1940,1940,1940,0
2022-09-05 11:01:00,1940,1940,1940,1940,0
2022-09-05 11:02:00,1940,1940,1940,1940,0
2022-09-05 11:03:00,1940,1940,1940,1940,0
2022-09-05 11:04:00,1940,1940,1940,1940,0
2022-09-05 11:05:00,1940,1940,1940,1940,0
2022-09-05 11:06:00,1940,1940,1940,1940,0
2022-09-05 11:07:00,1940,1940,1940,1940,0
2022-09-05 11:08:00,1940,1940,1940,1940,0
2022-09-05 11:09:00,1940,1940,1940,1940,0
2022-09-05 11:10:00,1940,1940,1940,1940,0
2022-09-05 11:11:00,1940,1940,1940,1940,0
2022-09-05 11:12:00,1940,1940,1940,1940,0
2022-09-05 11:13:00,1940,1940,1940,1940,0
2022-09-05 11:14:00,1940,1940,1940,1940,0
2022-09-05 11:15:00,1940,1940,1940,1940,0
2022-09-05 11:16:00,1940,1940,1940,1940,0
2022-09-05 11:17:00,1940,1940,1940,1940,0
2022-09-05 11:18:00,1940,1940,1940,1940,0
2022-09-05 11:19:00,1940,1940,1940,1940,0
2022-09-05 11:20:00,1940,1940,1940,1940,0
2022-09-05 11:21:00,1940,1940,1940,1940,0
2022-09-05 11:22:00,1940,1940,1940,1940,0
2022-09-05 11:23:00,1940,1940,1940,1940,0
2022-09-05 11:24:00,1940,1940,1940,1940,0
2022-09-05 11:25:00,1940,1940,1940,1940,0
2022-09-05 11:26:00,1940,1940,1940,1940,0
2022-09-05 11:27:00,1940,1940,1940,1940,0
2022-09-05 11:28:00,1940,1940,1940,1940,0
2022-09-05 11:29:00,1940,1940,1940,1940,0
2022-09-05 11:30:00,1940,1940,1940,1940,0
2022-09-05 11:31:00,1940,1940,1940,1940,0
2022-09-05 11:32:00,1940,1940,1940,1940,0
2022-09-05 11:33:00,1940,1940,1940,1940,0
2022-09-05 11:34:00,1940,1940,1940,1940,0
2022-09-05 11:35:00,1940,1940,1940,1940,0
2022-09-05 11:36:00,1940,1940,1940,1940,0
2022-09-05 11:37:00,1940,1940,1940,1940,0
2022-09-05 11:38:00,1940,1940,1940,1940,0
2022-09-05 11:39:00,1940,1940,1940,1940,0
2022-09-05 11:40:00,1940,1940,1940,1940,0
2022-09-05 11:41:00,1940,1940,1940,1940,0
2022-09-05 11:42:00,1940,1940,1940,1940,0
2022-09-05 11:43:00,1940,1940,1940,1940,0
2022-09-05 11:44:00,1940,1940,1940,1940,0
2022-09-05 11:45:00,1940,1940,1940,1940,0
2022-09-05 11:46:00,1940,1940,1940,1940,0
2022-09-05 11:47:00,1940,1940,1940,1940,0
2022-09-05 11:48:00,1940,1940,1940,1940,0
2022-09-05 11:49:00,1940,1940,1940,1940,0
2022-09-05 11:50:00,1940,1940,1940,1940,0
2022-09-05 11:51:00,1940,1940,1940,1940,0
2022-09-05 11:52:00,1940,1940,1940,1940,0
2022-09-05 11:53:00,1940,1940,1940,1940,0
2022-09-05 11:54:00,1940,1940,1940,1940,0
2022-09-05 11:55:00,1940,1940,1940,1940,0
2022-09-05 11:56:00,1940,1940,1940,1940,0
2022-09-05 11:57:00,1940,1940,1940,1940,0
2022-09-05 11:58:00,1940,1940,1940,1940,0
2022-09-05 11:59:00,1940,1940,1940,1940,0
2022-09-05 12:00:00,1940,1940,1940,1940,0
2022-09-05 12:01:00,1940,1940,1940,1940,0
2022-09-05 12:02:00,1940,1940,1940,1940,0
2022-09-05 12:03:00,1940,1940,1940,1940,0
2022-09-05 12:04:00,1940,1940,1940,1940,0
2022-09-05 12:05:00,1940,1940,1940,1940,0
2022-09-05 12:06:00,1940,1940,1940,1940,0
2022-09-05 12:07:00,1940,1940,1940,1940,0
2022-09-05 12:08:00,1940,1940,1940,1940,0
2022-09-05 12:09:00,1940,1940,1940,1940,0
2022-09-05 12:10:00,1940,1940,1940,1940,0
2022-09-05 12:11:00,1940,1940,1940,1940,0
2022-09-05 12:12:00,1940,1940,1940,1940,0
2022-09-05 12:13:00,1940,1940,1940,1940,0
2022-09-05 12:14:00,1940,1940,1940,1940,0
2022-09-05 12:15:00,1940,1940,1940,1940,0
2022-09-05 12:16:00,1940,1940,1940,1940,0
2022-09-05 12:17:00,1940,1940,1940,1940,0
2022-09-05 12:18:00,1940,1940,1940,1940,0
2022-09-05 12:19:00,1940,1940,1940,1940,0
2022-09-05 12:20:00,1940,1940,1940,1940,0
2022-09-05 12:21:00,1940,1940,1940,1940,0
2022-09-05 12:22:00,1940,1940,1940,1940,0
2022-09-05 12:23:00,1940,1940,1940,1940,0
2022-09-05 12:24:00,1940,1940,1940,1940,0
2022-09-05 12:25:00,1940,1940,1940,1940,0
2022-09-05 12:26:00,1940,1940,1940,1940,0
2022-09-05 12:27:00,1940,1940,1940,1940,0
2022-09-05 12:28:00,1940,1940,1940,1940,0
2022-09-05 12:29:00,1940,1940,1940,1940,0
2022-09-05 12:30:00,1940,1940,1940,1940,0
2022-09-05 12:31:00,1940,1940,1940,1940,0
2022-09-05 12:32:00,1940,1940,1940,1940,0
2022-09-05 12:33:00,1940,1940,1940,1940,0
2022-09-05 12:34:00,1940,1940,1940,1940,0
2022-09-05 12:35:00,1940,1940,1940,1940,0
2022-09-05 12:36:00,1940,1940,1940,1940,0
2022-09-05 12:37:00,1940,1940,1940,1940,0
2022-09-05 12:38:00,1940,1940,1940,1940,0
2022-09-05 12:39:00,1940,1940,1940,1940,0
2022-09-05 12:40:00,1940,1940,1940,1940,0
2022-09-05 12:41:00,1940,1940,1940,1940,0
2022-09-05 12:42:00,1940,1940,1940,1940,0
2022-09-05 12:43:00,1940,1940,1940,1940,0
2022-09-05 12:44:00,1940,1940,1940,1940,0
2022-09-05 12:45:00,1940,1940,1940,1940,0
2022-09-05 12:46:00,1940,1940,1940,1940,0
2022-09-05 12:47:00,1940,1940,1940,1940,0
2022-09-05 12:48:00,1940,1940,1940,1940,0
2022-09-05 12:49:00,1940,1940,1940,1940,0
2022-09-05 12:50:00,1940,1940,1940,1940,0
2022-09-05 12:51:00,1940,1940,1940,1940,0
2022-09-05 12:52:00,1940,1940,1940,1940,0
2022-09-05 12:53:00,1940,1940,1940,1940,0
2022-09-05 12:54:00,1940,1940,1940,1940,0
2022-09-05 12:55:00,1940,1940,1940,1940,0
2022-09-05 12:56:00,1940,1940,1940,1940,0
2022-09-05 12:57:00,1940,1940,1940,1940,0
2022-09-05 12:58:00,1940,1940,1940,1940,0
2022-09-05 12:59:00,1940,1940,1940,1940,0
2022-09-05 13:00:00,1940,1940,1940,1940,0
2022-09-05 13:01:00,1940,1940,1940,1940,0
2022-09-05 13:02:00,1940,1940,1940,1940,0
2022-09-05 13:03:00,1940,1940,1940,1940,0
2022-09-05 13:04:00,1940,1940,1940,1940,0
2022-09-05 13:05:00,1940,1940,1940,1940,0
2022-09-05 13:06:00,1940,1940,1940,1940,0
2022-09-05 13:07:00,1940,1940,1940,1940,0
2022-09-05 13:08:00,1940,1940,1940,1940,0
2022-09-05 13:09:00,1940,1940,1940,1940,0
2022-09-05 13:10:00,1940,1940,1940,1940,0
2022-09-05 13:11:00,1940,1940,1940,1940,0
2022-09-05 13:12:00,1940,1940,1940,1940,0
2022-09-05 13:13:00,1940,1940,1940,1940,0
2022-09-05 13:14:00,1940,1940,1940,1940,0
2022-09-05 13:15:00,1940,1940,1940,1940,0
2022-09-05 13:16:00,1940,1940,1940,1940,0
2022-09-05 13:17:00,1940,1940,1940,1940,0
2022-09-05 13:18:00,1940,1940,1940,1940,0
2022-09-05 13:19:00,1940,1940,1940,1940,0
2022-09-05 13:20:00,1940,1940,1940,1940,0
2022-09-05 13:21:00,1940,1940,1940,1940,0
2022-09-05 13:22:00,1940,1940,1940,1940,0
2022-09-05 13:23:00,1940,1940,1940,1940,0
2022-09-05 13:24:00,1940,1940,1940,1940,0
2022-09-05 13:25:00,1940,1940,1940,1940,0
2022-09-05 13:26:00,1940,1940,1940,1940,0
2022-09-05 13:27:00,1940,1940,1940,1940,0
2022-09-05 13:28:00,1940,1940,1940,1940,0
2022-09-05 13:29:00,1940,1940,1940,1940,0
2022-09-05 13:30:00,1940,1940,1940,1940,0
2022-09-05 13:31:00,1940,1940,1940,1940,0
2022-09-05 13:32:00,1940,1940,1940,1940,0
2022-09-05 13:33:00,1940,1940,1940,1940,0
2022-09-05 13:34:00,1940,1940,1940,1940,0
2022-09-05 13:35:00,1940,1940,1940,1940,0
2022-09-05 13:36:00,1940,1940,1940,1940,0
2022-09-05 13:37:00,1940,1940,1940,1940,0
2022-09-05 13:38:00,1940,1940,1940,1940,0
2022-09-05 13:39:00,1940,1940,1940,1940,0
2022-09-05 13:40:00,1940,1940,1940,1940,0
2022-09-05 13:41:00,1940,1940,1940,1940,0
2022-09-05 13:42:00,1940,1940,1940,1940,0
2022-09-05 13:43:00,1940,1940,1940,1940,0
2022-09-05 13:44:00,1940,1940,1940,1940,0
2022-09-05 13:45:00,1940,1940,1940,1940,0
2022-09-05 13:46:00,1940,1940,1940,1940,0
2022-09-05 13:47:00,1940,1940,1940,1940,0
2022-09-05 13:48:00,1940,1940,1940,1940,0
2022-09-05 13:49:00,1940,1940,1940,1940,0
2022-09-05 13:50:00,1940,1940,1940,1940,0
2022-09-05 13:51:00,1940,1940,1940,1940,0
2022-09-05 13:52:00,1940,1940,1940,1940,0
2022-09-05 13:53:00,1940,1940,1940,1940,0
2022-09-05 13:54:00,1940,1940,1940,1940,0
2022-09-05 13:55:00,1940,1940,1940,1940,0
2022-09-05 13:56:00,1940,1940,1940,1940,0
2022-09-05 13:57:00,1940,1940,1940,1940,0
2022-09-05 13:58:00,1940,1940,1940,1940,0
2022-09-05 13:59:00,1940,1940,1940,1940,0
2022-09-05 14:00:00,1940,1940,1940,1940,0
2022-09-05 14:01:00,1940,1940,1940,1940,0
2022-09-05 14:02:00,1940,1940,1940,1940,0
2022-09-05 14:03:00,1940,1940,1940,1940,0
2022-09-05 14:04:00,1940,1940,1940,1940,0
2022-09-05 14:05:00,1940,1940,1940,1940,0
2022-09-05 14:06:00,1940,1940,1940,1940,0
2022-09-05 14:07:00,1940,1940,1940,1940,0
2022-09-05 14:08:00,1940,1940,1940,1940,0
2022-09-05 14:09:00,1940,1940,1940,1940,0
2022-09-05 14:10:00,1940,1940,1940,1940,0
2022-09-05 14:11:00,1940,1940,1940,1940,0
2022-09-05 14:12:00,1940,1940,1940,1940,0
2022-09-05 14:13:00,1940,1940,1940,1940,0
2022-09-05 14:14:00,1940,1940,1940,1940,0
2022-09-05 14:15:00,1940,1940,1940,1940,0
2022-09-05 14:16:00,1940,1940,1940,1940,0
2022-09-05 14:17:00,1940,1940,1940,1940,0
2022-09-05 14:18:00,1940,1940,1940,1940,0
2022-09-05 14:19:00,1940,1940,1940,1940,0
2022-09-05 14:20:00,1940,1940,1940,1940,0
2022-09-05 14:21:00,1940,1940,1940,1940,0
2022-09-05 14:22:00,1940,1940,1940,1940,0
2022-09-05 14:23:00,1940,1940,1940,1940,0
2022-09-05 14:24:00,1940,1940,1940,1940,0
2022-09-05 14:25:00,1940,1940,1940,1940,0
2022-09-05 14:26:00,1940,1940,1940,1940,0
2022-09-05 14:27:00,1940,1940,1940,1940,0
2022-09-05 14:28:00,1940,1940,1940,1940,0
2022-09-05 14:29:00,1940,1940,1940,1940,0
2022-09-05 14:30:00,1940,1940,1940,1940,0
2022-09-05 14:31:00,1940,1940,1940,1940,0
2022-09-05 14:32:00,1940,1940,1940,1940,0
2022-09-05 14:33:00,1940,1940,1940,1940,0
2022-09-05 14:34:00,1940,1940,1940,1940,0
2022-09-05 14:35:00,1940,1940,1940,1940,0
2022-09-05 14:36:00,1940,1940,1940,1940,0
2022-09-05 14:37:00,1940,1940,1940,1940,0
2022-09-05 14:38:00,1940,1940,1940,1940,0
2022-09-05 14:39:00,1940,1940,1940,1940,0
2022-09-05 14:40:00,1940,1940,1940,1940,0
2022-09-05 14:41:00,1940,1940,1940,1940,0
2022-09-05 14:42:00,1940,1940,1940,1940,0
2022-09-05 14:43:00,1940,1940,1940,1940,0
2022-09-05 14:44:00,1940,1940,1940,1940,0
2022-09-05 14:45:00,1940,1940,1940,1940,0
2022-09-05 14:46:00,1940,1940,1940,1940,0
2022-09-05 14:47:00,1940,1940,1940,1940,0
2022-09-05 14:48:00,1940,1940,1940,1940,0
2022-09-05 14:49:00,1940,1940,1940,1940,0
2022-09-05 14:50:00,1940,1940,1940,1940,0
2022-09-05 14:51:00,1940,1940,1940,1940,0
2022-09-05 14:52:00,1940,1940,1940,1940,0
2022-09-05 14:53:00,1940,1940,1940,1940,0
2022-09-05 14:54:00,1940,1940,1940,1940,0
2022-09-05 14:55:00,1940,1940,1940,1940,0
2022-09-05 14:56:00,1940,1940,1940,1940,0
2022-09-05 14:57:00,1940,1940,1940,1940,0
2022-09-05 14:58:00,1940,1940,1940,1940,0
2022-09-05 14:59:00,1940,1940,1940,1940,0
2022-09-05 15:00:00,1940,1940,1940,1940,0
2022-09-05 15:01:00,1940,1940,1940,1940,0
2022-09-05 15:02:00,1940,1940,1940,1940,0
2022-09-05 15:03:00,1940,1940,1940,1940,0
2022-09-05 15:04:00,1940,1940,1940,1940,0
2022-09-05 15:05:00,1940,1940,1940,1940,0
2022-09-05 15:06:00,1940,1940,1940,1940,0
2022-09-05 15:07:00,1940,1940,1940,1940,0
2022-09-05 15:08:00,1940,1940,1940,1940,0
2022-09-05 15:09:00,1940,1940,1940,1940,0
2022-09-05 15:10:00,1940,1940,1940,1940,0
2022-09-05 15:11:00,1940,1940,1940,1940,0
2022-09-05 15:12:00,1940,1940,1940,1940,0
2022-09-05 15:13:00,1940,1940,1940,1940,0
2022-09-05 15:14:00,1940,1940,1940,1940,0
2022-09-05 15:15:00,1940,1940,1940,1940,0
2022-09-05 15:16:00,1940,1940,1940,1940,0
2022-09-05 15:17:00,1940,1940,1940,1940,0
2022-09-05 15:18:00,1940,1940,1940,1940,0
2022-09-05 15:19:00,1940,1940,1940,1940,0
2022-09-05 15:20:00,1940,1940,1940,1940,0
2022-09-05 15:21:00,1940,1940,1940,1940,0
2022-09-05 15:22:00,1940,1940,1940,1940,0
2022-09-05 15:23:00,1940,1940,1940,1940,0
2022-09-05 15:24:00,1940,1940,1940,1940,0
2022-09-05 15:25:00,1940,1940,1940,1940,0
2022-09-05 15:26:00,1940,1940,1940,1940,0
2022-09-05 15:27:00,1940,1940,1940,1940,0
2022-09-05 15:28:00,1940,1940,1940,1940,0
2022-09-05 15:29:00,1940,1940,1940,1940,0
2022-09-05 15:30:00,1940,1940,1940,1940,0
2022-09-05 15:31:00,1940,1940,1940,1940,0
2022-09-05 15:32:00,1940,1940,1940,1940,0
2022-09-05 15:33:00,1940,1940,1940,1940,0
2022-09-05 15:34:00,1940,1940,1940,1940,0
2022-09-05 15:35:00,1940,1940,1940,1940,0
2022-09-05 15:36:00,1940,1940,1940,1940,0
2022-09-05 15:37:00,1940,1940,1940,1940,0
2022-09-05 15:38:00,1940,1940,1940,1940,0
2022-09-05 15:39:00,1940,1940,1940,1940,0
2022-09-05 15:40:00,1940,1940,1940,1940,0
2022-09-05 15:41:00,1940,1940,1940,1940,0
2022-09-05 15:42:00,1940,1940,1940,1940,0
2022-09-05 15:43:00,1940,1940,1940,1940,0
2022-09-05 15:44:00,1940,1940,1940,1940,0
2022-09-05 15:45:00,1940,1940,1940,1940,0
2022-09-05 15:46:00,1940,1940,1940,1940,0
2022-09-05 15:47:00,1940,1940,1940,1940,0
2022-09-05 15:48:00,1940,1940,1940,1940,0
2022-09-05 15:49:00,1940,1940,1940,1940,0
2022-09-05 15:50:00,1940,1940,1940,1940,0
2022-09-05 15:51:00,1940,1940,1940,1940,0
2022-09-05 15:52:00,1940,1940,1940,1940,0
2022-09-05 15:53:00,1940,1940,1940,1940,0
2022-09-05 15:54:00,1940,1940,1940,1940,0
2022-09-05 15:55:00,1940,1940,1940,1940,0
2022-09-05 15:56:00,1940,1940,1940,1940,0
2022-09-05 15:57:00,1940,1940,1940,1940,0
2022-09-05 15:58:00,1940,1940,1940,1940,0
2022-09-05 15:59:00,1940,1940,1940,1940,0
2022-09-06 09:00:00,1940,1940,1940,1940,0
2022-09-06 09:01:00,1940,1940,1940,1940,0
2022-09-06 09:02:00,1940,1940,1940,1940,0
2022-09-06 09:03:00,1940,1940,1940,1940,0
2022-09-06 09:04:00,1940,1940,1940,1940,0
2022-09-06 09:05:00,1940,1940,1940,1940,0
2022-09-06 09:06:00,1940,1940,1940,1940,0
2022-09-06 09:07:00,1940,1940,1940,1940,0
2022-09-06 09:08:00,1940,1940,1940,1940,0
2022-09-06 09:09:00,1940,1940,1940,1940,0
2022-09-06 09:10:00,1940,1940,1940,1940,0
2022-09-06 09:11:00,1940,1940,1940,1940,0
2022-09-06 09:12:00,1940,1940,1940,1940,0
2022-09-06 09:13:00,1940,1940,1940,1940,0
2022-09-06 09:14:00,1940,1940,1940,1940,0
2022-09-06 09:15:00,1940,1940,1940,1940,0
2022-09-06 09:16:00,1940,1940,1940,1940,0
2022-09-06 09:17:00,1940,1940,1940,1940,0
2022-09-06 09:18:00,1940,1940,1940,1940,0
2022-09-06 09:19:00,1940,1940,1940,1940,0
2022-09-06 09:20:00,1940,1940,1940,1940,0
2022-09-06 09:21:00,1940,1940,1940,1940,0
2022-09-06 09:22:00,1940,1940,1940,1940,0
2022-09-06 09:23:00,1940,1940,1940,1940,0
2022-09-06 09:24:00,1940,1940,1940,1940,0
2022-09-06 09:25:00,1940,1940,1940,1940,0
2022-09-06 09:26:00,1940,1940,1940,1940,0
2022-09-06 09:27:00,1940,1940,1940,1940,0
2022-09-06 09:28:00,1940,1940,1940,1940,0
2022-09-06 09:29:00,1940,1940,1940,1940,0
2022-09-06 09:30:00,1940,1940,1940,1940,0
2022-09-06 09:31:00,1940,1940,1940,1940,0
2022-09-06 09:32:00,1940,1940,1940,1940,0
2022-09-06 09:33:00,1940,1940,1940,1940,0
2022-09-06 09:34:00,1940,1940,1940,1940,0
2022-09-06 09:35:00,1940,1940,1940,1940,0
2022-09-06 09:36:00,1940,1940,1940,1940,0
2022-09-06 09:37:00,1940,1940,1940,1940,0
2022-09-06 09:38:00,1940,1940,1940,1940,0
2022-09-06 09:39:00,1940,1940,1940,1940,0
2022-09-06 09:40:00,1940,1940,1940,1940,0
2022-09-06 09:41:00,1940,1940,1940,1940,0
2022-09-06 09:42:00,1940,1940,1940,1940,0
2022-09-06 09:43:00,1940,1940,1940,1940,0
2022-09-06 09:44:00,1940,1940,1940,1940,0
2022-09-06 09:45:00,1940,1940,1940,1940,0
2022-09-06 09:46:00,1940,1940,1940,1940,0
2022-09-06 09:47:00,1940,1940,1940,1940,0
2022-09-06 09:48:00,1940,1940,1940,1940,0
2022-09-06 09:49:00,1940,1940,1940,1940,0
2022-09-06 09:50:00,1940,1940,1940,1940,0
2022-09-06 09:51:00,1940,1940,1940,1940,0
2022-09-06 09:52:00,1940,1940,1940,1940,0
2022-09-06 09:53:00,1940,1940,1940,1940,0
2022-09-06 09:54:00,1940,1940,1940,1940,0
2022-09-06 09:55:00,1940,1940,1940,1940,0
2022-09-06 09:56:00,1940,1940,1940,1940,0
2022-09-06 09:57:00,1940,1940,1940,1940,0
2022-09-06 09:58:00,1940,1940,1940,1940,0
2022-09-06 09:59:00,1940,1940,1940,1940,0
2022-09-06 10:00:00,1940,1940,1940,1940,0
2022-09-06 10:01:00,1940,1940,1940,1940,0
2022-09-06 10:02:00,1940,1940,1940,1940,0
2022-09-06 10:03:00,1940,1940,1940,1940,0
2022-09-06 10:04:00,1940,1940,1940,1940,0
2022-09-06 10:05:00,1940,1940,1940,1940,0
2022-09-06 10:06:00,1940,1940,1940,1940,0
2022-09-06 10:07:00,1940,1940,1940,1940,0
2022-09-06 10:08:00,1940,1940,1940,1940,0
2022-09-06 10:09:00,1940,1940,1940,1940,0
2022-09-06 10:10:00,1940,1940,1940,1940,0
2022-09-06 10:11:00,1940,1940,1940,1940,0
2022-09-06 10:12:00,1940,1940,1940,1940,0
2022-09-06 10:13:00,1940,1940,1940,1940,0
2022-09-06 10:14:00,1940,1940,1940,1940,0
2022-09-06 10:15:00,1940,1940,1940,1940,0
2022-09-06 10:16:00,1940,1940,1940,1940,0
2022-09-06 10:17:00,1940,1940,1940,1940,0
2022-09-06 10:18:00,1940,1940,1940,1940,0
2022-09-06 10:19:00,1940,1940,1940,1940,0
2022-09-06 10:20:00,1940,1940,1940,1940,0
2022-09-06 10:21:00,1940,1940,1940,1940,0
2022-09-06 10:22:00,1940,1940,1940,1940,0
2022-09-06 10:23:00,1940,1940,1940,1940,0
2022-09-06 10:24:00,1940,1940,1940,1940,0
2022-09-06 10:25:00,1940,1940,1940,1940,0
2022-09-06 10:26:00,1940,1940,1940,1940,0
2022-09-06 10:27:00,1940,1940,1940,1940,0
2022-09-06 10:28:00,1940,1940,1940,1940,0
2022-09-06 10:29:00,1940,1940,1940,1940,0
2022-09-06 10:30:00,1940,1940,1940,1940,0
2022-09-06 10:31:00,1940,1940,1940,1940,0
2022-09-06 10:32:00,1940,1940,1940,1940,0
2022-09-06 10:33:00,1940,1940,1940,1940,0
2022-09-06 10:34:00,1940,1940,1940,1940,0
2022-09-06 10:35:00,1940,1940,1940,1940,0
2022-09-06 10:36:00,1940,1940,1940,1940,0
2022-09-06 10:37:00,1940,1940,1940,1940,0
2022-09-06 10:38:00,1940,1940,1940,1940,0
2022-09-06 10:39:00,1940,1940,1940,1940,0
2022-09-06 10:40:00,1940,1940,1940,1940,0
2022-09-06 10:41:00,1940,1940,1940,1940,0
2022-09-06 10:42:00,1940,1940,1940,1940,0
2022-09-06 10:43:00,1940,1940,1940,1940,0
2022-09-06 10:44:00,1940,1940,1940,1940,0
2022-09-06 10:45:00,1940,1940,1940,1940,0
2022-09-06 10:46:00,1940,1940,1940,1940,0
2022-09-06 10:47:00,1940,1940,1940,1940,0
2022-09-06 10:48:00,1940,1940,1940,1940,0
2022-09-06 10:49:00,1940,1940,1940,1940,0
2022-09-06 10:50:00,1940,1940,1940,1940,0
2022-09-06 10:51:00,1940,1940,1940,1940,0
2022-09-06 10:52:00,1940,1940,1940,1940,0
2022-09-06 10:53:00,1940,1940,1940,1940,0
2022-09-06 10:54:00,1940,1940,1940,1940,0
2022-09-06 10:55:00,1940,1940,1940,1940,0
2022-09-06 10:56:00,1940,1940,1940,1940,0
2022-09-06 10:57:00,1940,1940,1940,1940,0
2022-09-06 10:58:00,1940,1940,1940,1940,0
2022-09-06 10:59:00,1940,1940,1940,1940,0
2022-09-06 11:00:00,1940,1940,1940,1940,0
2022-09-06 11:01:00,1940,1940,1940,1940,0
2022-09-06 11:02:00,1940,1940,1940,1940,0
2022-09-06 11:03:00,1940,1940,1940,1940,0
2022-09-06 11:04:00,1940,1940,1940,1940,0
2022-09-06 11:05:00,1940,1940,1940,1940,0
2022-09-06 11:06:00,1940,1940,1940,1940,0
2022-09-06 11:07:00,1940,1940,1940,1940,0
2022-09-06 11:08:00,1940,1940,1940,1940,0
2022-09-06 11:09:00,1940,1940,1940,1940,0
2022-09-06 11:10:00,1940,1940,1940,1940,0
2022-09-06 11:11:00,1940,1940,1940,1940,0
2022-09-06 11:12:00,1940,1940,1940,1940,0
2022-09-06 11:13:00,1940,1940,1940,1940,0
2022-09-06 11:14:00,1940,1940,1940,1940,0
2022-09-06 11:15:00,1940,1940,1940,1940,0
2022-09-06 11:16:00,1940,1940,1940,1940,0
2022-09-06 11:17:00,1940,1940,1940,1940,0
2022-09-06 11:18:00,1940,1940,1940,1940,0
2022-09-06 11:19:00,1940,1940,1940,1940,0
2022-09-06 11:20:00,1940,1940,1940,1940,0
2022-09-06 11:21:00,1940,1940,1940,1940,0
2022-09-06 11:22:00,1940,1940,1940,1940,0
2022-09-06 11:23:00,1940,1940,1940,1940,0
2022-09-06 11:24:00,1940,1940,1940,1940,0
2022-09-06 11:25:00,1940,1940,1940,1940,0
2022-09-06 11:26:00,1940,1940,1940,1940,0
2022-09-06 11:27:00,1940,1940,1940,1940,0
2022-09-06 11:28:00,1940,1940,1940,1940,0
2022-09-06 11:29:00,1940,1940,1940,1940,0
2022-09-06 11:30:00,1940,1940,1940,1940,0
2022-09-06 11:31:00,1940,1940,1940,1940,0
2022-09-06 11:32:00,1940,1940,1940,1940,0
2022-09-06 11:33:00,1940,1940,1940,1940,0
2022-09-06 11:34:00,1940,1940,1940,1940,0
2022-09-06 11:35:00,1940,1940,1940,1940,0
2022-09-06 11:36:00,1940,1940,1940,1940,0
2022-09-06 11:37:00,1940,1940,1940,1940,0
2022-09-06 11:38:00,1940,1940,1940,1940,0
2022-09-06 11:39:00,1940,1940,1940,1940,0
2022-09-06 11:40:00,1940,1940,1940,1940,0
2022-09-06 11:41:00,1940,1940,1940,1940,0
2022-09-06 11:42:00,1940,1940,1940,1940,0
2022-09-06 11:43:00,1940,1940,1940,1940,0
2022-09-06 11:44:00,1940,1940,1940,1940,0
2022-09-06 11:45:00,1940,1940,1940,1940,0
2022-09-06 11:46:00,1940,1940,1940,1940,0
2022-09-06 11:47:00,1940,1940,1940,1940,0
2022-09-06 11:48:00,1940,1940,1940,1940,0
2022-09-06 11:49:00,1940,1940,1940,1940,0
2022-09-06 11:50:00,1940,1940,1940,1940,0
2022-09-06 11:51:00,1940,1940,1940,1940,0
2022-09-06 11:52:00,1940,1940,1940,1940,0
2022-09-06 11:53:00,1940,1940,1940,1940,0
2022-09-06 11:54:00,1940,1940,1940,1940,0
2022-09-06 11:55:00,1940,1940,1940,1940,0
2022-09-06 11:56:00,1940,1940,1940,1940,0
2022-09-06 11:57:00,1940,1940,1940,1940,0
2022-09-06 11:58:00,1940,1940,1940,1940,0
2022-09-06 11:59:00,1940,1940,1940,1940,0
2022-09-06 12:00:00,1940,1940,1940,1940,0
2022-09-06 12:01:00,1940,1940,1940,1940,0
2022-09-06 12:02:00,1940,1940,1940,1940,0
2022-09-06 12:03:00,1940,1940,1940,1940,0
2022-09-06 12:04:00,1940,1940,1940,1940,0
2022-09-06 12:05:00,1940,1940,1940,1940,0
2022-09-06 12:06:00,1940,1940,1940,1940,0
2022-09-06 12:07:00,1940,1940,1940,1940,0
2022-09-06 12:08:00,1940,1940,1940,1940,0
2022-09-06 12:09:00,1940,1940,1940,1940,0
2022-09-06 12:10:00,1940,1940,1940,1940,0
2022-09-06 12:11:00,1940,1940,1940,1940,0
2022-09-06 12:12:00,1940,1940,1940,1940,0
2022-09-06 12:13:00,1940,1940,1940,1940,0
2022-09-06 12:14:00,1940,1940,1940,1940,0
2022-09-06 12:15:00,1940,1940,1940,1940,0
2022-09-06 12:16:00,1940,1940,1940,1940,0
2022-09-06 12:17:00,1940,1940,1940,1940,0
2022-09-06 12:18:00,1940,1940,1940,1940,0
2022-09-06 12:19:00,1940,1940,1940,1940,0
2022-09-06 12:20:00,1940,1940,1940,1940,0
2022-09-06 12:21:00,1940,1940,1940,1940,0
2022-09-06 12:22:00,1940,1940,1940,1940,0
2022-09-06 12:23:00,1940,1940,1940,1940,0
2022-09-06 12:24:00,1940,1940,1940,1940,0
2022-09-06 12:25:00,1940,1940,1940,1940,0
2022-09-06 12:26:00,1940,1940,1940,1940,0
2022-09-06 12:27:00,1940,1940,1940,1940,0
2022-09-06 12:28:00,1940,1940,1940,1940,0
2022-09-06 12:29:00,1940,1940,1940,1940,0
2022-09-06 12:30:00,1940,1940,1940,1940,0
2022-09-06 12:31:00,1940,1940,1940,1940,0
2022-09-06 12:32:00,1940,1940,1940,1940,0
2022-09-06 12:33:00,1940,1940,1940,1940,0
2022-09-06 12:34:00,1940,1940,1940,1940,0
2022-09-06 12:35:00,1940,1940,1940,1940,0
2022-09-06 12:36:00,1940,1940,1940,1940,0
2022-09-06 12:37:00,1940,1940,1940,1940,0
2022-09-06 12:38:00,1940,1940,1940,1940,0
2022-09-06 12:39:00,1940,1940,1940,1940,0
2022-09-06 12:40:00,1940,1940,1940,1940,0
2022-09-06 12:41:00,1940,1940,1940,1940,0
2022-09-06 12:42:00,1940,1940,1940,1940,0
2022-09-06 12:43:00,1940,1940,1940,1940,0
2022-09-06 12:44:00,1940,1940,1940,1940,0
2022-09-06 12:45:00,1940,1940,1940,1940,0
2022-09-06 12:46:00,1940,1940,1940,1940,0
2022-09-06 12:47:00,1940,1940,1940,1940,0
2022-09-06 12:48:00,1940,1940,1940,1940,0
2022-09-06 12:49:00,1940,1940,1940,1940,0
2022-09-06 12:50:00,1940,1940,1940,1940,0
2022-09-06 12:51:00,1940,1940,1940,1940,0
2022-09-06 12:52:00,1940,1940,1940,1940,0
2022-09-06 12:53:00,1940,1940,1940,1940,0
2022-09-06 12:54:00,1940,1940,1940,1940,0
2022-09-06 12:55:00,1940,1940,1940,1940,0
2022-09-06 12:56:00,1940,1940,1940,1940,0
2022-09-06 12:57:00,1940,1940,1940,1940,0
2022-09-06 12:58:00,1940,1940,1940,1940,0
2022-09-06 12:59:00,1940,1940,1940,1940,0
2022-09-06 13:00:00,1940,1940,1940,1940,0
2022-09-06 13:01:00,1940,1940,1940,1940,0
2022-09-06 13:02:00,1940,1940,1940,1940,0
2022-09-06 13:03:00,1940,1940,1940,1940,0
2022-09-06 13:04:00,1940,1940,1940,1940,0
2022-09-06 13:05:00,1940,1940,1940,1940,0
2022-09-06 13:06:00,1940,1940,1940,1940,0
2022-09-06 13:07:00,1940,1940,1940,1940,0
2022-09-06 13:08:00,1940,1940,1940,1940,0
2022-09-06 13:09:00,1940,1940,1940,1940,0
2022-09-06 13:10:00,1940,1940,1940,1940,0
2022-09-06 13:11:00,1940,1940,1940,1940,0
2022-09-06 13:12:00,1940,1940,1940,1940,0
2022-09-06 13:13:00,1940,1940,1940,1940,0
2022-09-06 13:14:00,1940,1940,1940,1940,0
2022-09-06 13:15:00,1940,1940,1940,1940,0
2022-09-06 13:16:00,1940,1940,1940,1940,0
2022-09-06 13:17:00,1940,1940,1940,1940,0
2022-09-06 13:18:00,1940,1940,1940,1940,0
2022-09-06 13:19:00,1940,1940,1940,1940,0
2022-09-06 13:20:00,1940,1940,1940,1940,0
2022-09-06 13:21:00,1940,1940,1940,1940,0
2022-09-06 13:22:00,1940,1940,1940,1940,0
2022-09-06 13:23:00,1940,1940,1940,1940,0
2022-09-06 13:24:00,1940,1940,1940,1940,0
2022-09-06 13:25:00,1940,1940,1940,1940,0
2022-09-06 13:26:00,1940,1940,1940,1940,0
2022-09-06 13:27:00,1940,1940,1940,1940,0
2022-09-06 13:28:00,1940,1940,1940,1940,0
2022-09-06 13:29:00,1940,1940,1940,1940,0
2022-09-06 13:30:00,1940,1940,1940,1940,0
2022-09-06 13:31:00,1940,1940,1940,1940,0
2022-09-06 13:32:00,1940,1940,1940,1940,0
2022-09-06 13:33:00,1940,1940,1940,1940,0
2022-09-06 13:34:00,1940,1940,1940,1940,0
2022-09-06 13:35:00,1940,1940,1940,1940,0
2022-09-06 13:36:00,1940,1940,1940,1940,0
2022-09-06 13:37:00,1940,1940,1940,1940,0
2022-09-06 13:38:00,1940,1940,1940,1940,0
2022-09-06 13:39:00,1940,1940,1940,1940,0
2022-09-06 13:40:00,1940,1940,1940,1940,0
2022-09-06 13:41:00,1940,1940,1940,1940,0
2022-09-06 13:42:00,1940,1940,1940,1940,0
2022-09-06 13:43:00,1940,1940,1940,1940,0
2022-09-06 13:44:00,1940,1940,1940,1940,0
2022-09-06 13:45:00,1940,1940,1940,1940,0
2022-09-06 13:46:00,1940,1940,1940,1940,0
2022-09-06 13:47:00,1940,1940,1940,1940,0
2022-09-06 13:48:00,1940,1940,1940,1940,0
2022-09-06 13:49:00,1940,1940,1940,1940,0
2022-09-06 13:50:00,1940,1940,1940,1940,0
2022-09-06 13:51:00,1940,1940,1940,1940,0
2022-09-06 13:52:00,1940,1940,1940,1940,0
2022-09-06 13:53:00,1940,1940,1940,1940,0
2022-09-06 13:54:00,1940,1940,1940,1940,0
2022-09-06 13:55:00,1940,1940,1940,1940,0
2022-09-06 13:56:00,1940,1940,1940,1940,0
2022-09-06 13:57:00,1940,1940,1940,1940,0
2022-09-06 13:58:00,1940,1940,1940,1940,0
2022-09-06 13:59:00,1940,1940,1940,1940,0
2022-09-06 14:00:00,1940,1940,1940,1940,0
2022-09-06 14:01:00,1940,1940,1940,1940,0
2022-09-06 14:02:00,1940,1940,1940,1940,0
2022-09-06 14:03:00,1940,1940,1940,1940,0
2022-09-06 14:04:00,1940,1940,1940,1940,0
2022-09-06 14:05:00,1940,1940,1940,1940,0
2022-09-06 14:06:00,1940,1940,1940,1940,0
2022-09-06 14:07:00,1940,1940,1940,1940,0
2022-09-06 14:08:00,1940,1940,1940,1940,0
2022-09-06 14:09:00,1940,1940,1940,1940,0
2022-09-06 14:10:00,1940,1940,1940,1940,0
2022-09-06 14:11:00,1940,1940,1940,1940,0
2022-09-06 14:12:00,1940,1940,1940,1940,0
2022-09-06 14:13:00,1940,1940,1940,1940,0
2022-09-06 14:14:00,1940,1940,1940,1940,0
2022-09-06 14:15:00,1940,1940,1940,1940,0
2022-09-06 14:16:00,1940,1940,1940,1940,0
2022-09-06 14:17:00,1940,1940,1940,1940,0
2022-09-06 14:18:00,1940,1940,1940,1940,0
2022-09-06 14:19:00,1940,1940,1940,1940,0
2022-09-06 14:20:00,1940,1940,1940,1940,0
2022-09-06 14:21:00,1940,1940,1940,1940,0
2022-09-06 14:22:00,1940,1940,1940,1940,0
2022-09-06 14:23:00,1940,1940,1940,1940,0
2022-09-06 14:24:00,1940,1940,1940,1940,0
2022-09-06 14:25:00,1940,1940,1940,1940,0
2022-09-06 14:26:00,1940,1940,1940,1940,0
2022-09-06 14:27:00,1940,1940,1940,1940,0
2022-09-06 14:28:00,1940,1940,1940,1940,0
2022-09-06 14:29:00,1940,1940,1940,1940,0
2022-09-06 14:30:00,1940,1940,1940,1940,0
2022-09-06 14:31:00,1940,1940,1940,1940,0
2022-09-06 14:32:00,1940,1940,1940,1940,0
2022-09-06 14:33:00,1940,1940,1940,1940,0
2022-09-06 14:34:00,1940,1940,1940,1940,0
2022-09-06 14:35:00,1940,1940,1940,1940,0
2022-09-06 14:36:00,1940,1940,1940,1940,0
2022-09-06 14:37:00,1940,1940,1940,1940,0
2022-09-06 14:38:00,1940,1940,1940,1940,0
2022-09-06 14:39:00,1940,1940,1940,1940,0
2022-09-06 14:40:00,1940,1940,1940,1940,0
2022-09-06 14:41:00,1940,1940,1940,1940,0
2022-09-06 14:42:00,1940,1940,1940,1940,0
2022-09-06 14:43:00,1940,1940,1940,1940,0
2022-09-06 14:44:00,1940,1940,1940,1940,0
2022-09-06 14:45:00,1940,1940,1940,1940,0
2022-09-06 14:46:00,1940,1940,1940,1940,0
2022-09-06 14:47:00,1940,1940,1940,1940,0
2022-09-06 14:48:00,1940,1940,1940,1940,0
2022-09-06 14:49:00,1940,1940,1940,1940,0
2022-09-06 14:50:00,1940,1940,1940,1940,0
2022-09-06 14:51:00,1940,1940,1940,1940,0
2022-09-06 14:52:00,1940,1940,1940,1940,0
2022-09-06 14:53:00,1940,1940,1940,1940,0
2022-09-06 14:54:00,1940,1940,1940,1940,0
2022-09-06 14:55:00,1940,1940,1940,1940,0
2022-09-06 14:56:00,1940,1940,1940,1940,0
2022-09-06 14:57:00,1940,1940,1940,1940,0
2022-09-06 14:58:00,1940,1940,1940,1940,0
2022-09-06 14:59:00,1940,1940,1940,1940,0
2022-09-06 15:00:00,1940,1940,1940,1940,0
2022-09-06 15:01:00,1940,1940,1940,1940,0
2022-09-06 15:02:00,1940,1940,1940,1940,0
2022-09-06 15:03:00,1940,1940,1940,1940,0
2022-09-06 15:04:00,1940,1940,1940,1940,0
2022-09-06 15:05:00,1940,1940,1940,1940,0
2022-09-06 15:06:00,1940,1940,1940,1940,0
2022-09-06 15:07:00,1940,1940,1940,1940,0
2022-09-06 15:08:00,1940,1940,1940,1940,0
2022-09-06 15:09:00,1940,1940,1940,1940,0
2022-09-06 15:10:00,1940,1940,1940,1940,0
2022-09-06 15:11:00,1940,1940,1940,1940,0
2022-09-06 15:12:00,1940,1940,1940,1940,0
2022-09-06 15:13:00,1940,1940,1940,1940,0
2022-09-06 15:14:00,1940,1940,1940,1940,0
2022-09-06 15:15:00,1940,1940,1940,1940,0
2022-09-06 15:16:00,1940,1940,1940,1940,0
2022-09-06 15:17:00,1940,1940,1940,1940,0
2022-09-06 15:18:00,1940,1940,1940,1940,0
2022-09-06 15:19:00,1940,1940,1940,1940,0
2022-09-06 15:20:00,1940,1940,1940,1940,0
2022-09-06 15:21:00,1940,1940,1940,1940,0
2022-09-06 15:22:00,1940,1940,1940,1940,0
2022-09-06 15:23:00,1940,1940,1940,1940,0
2022-09-06 15:24:00,1940,1940,1940,1940,0
2022-09-06 15:25:00,1940,1940,1940,1940,0
2022-09-06 15:26:00,1940,1940,1940,1940,0
2022-09-06 15:27:00,1940,1940,1940,1940,0
2022-09-06 15:28:00,1940,1940,1940,1940,0
2022-09-06 15:29:00,1940,1940,1940,1940,0
2022-09-06 15:30:00,1940,1940,1940,1940,0
2022-09-06 15:31:00,1940,1940,1940,1940,0
2022-09-06 15:32:00,1940,1940,1940,1940,0
2022-09-06 15:33:00,1940,1940,1940,1940,0
2022-09-06 15:34:00,1940,1940,1940,1940,0
2022-09-06 15:35:00,1940,1940,1940,1940,0
2022-09-06 15:36:00,1940,1940,1940,1940,0
2022-09-06 15:37:00,1940,1940,1940,1940,0
2022-09-06 15:38:00,1940,1940,1940,1940,0
2022-09-06 15:39:00,1940,1940,1940,1940,0
2022-09-06 15:40:00,1940,1940,1940,1940,0
2022-09-06 15:41:00,1940,1940,1940,1940,0
2022-09-06 15:42:00,1940,1940,1940,1940,0
2022-09-06 15:43:00,1940,1940,1940,1940,0
2022-09-06 15:44:00,1940,1940,1940,1940,0
2022-09-06 15:45:00,1940,1940,1940,1940,0
2022-09-06 15:46:00,1940,1940,1940,1940,0
2022-09-06 15:47:00,1940,1940,1940,1940,0
2022-09-06 15:48:00,1940,1940,1940,1940,0
2022-09-06 15:49:00,1940,1940,1940,1940,0
2022-09-06 15:50:00,1940,1940,1940,1940,0
2022-09-06 15:51:00,1940,1940,1940,1940,0
2022-09-06 15:52:00,1940,1940,1940,1940,0
2022-09-06 15:53:00,1940,1940,1940,1940,0
2022-09-06 15:54:00,1940,1940,1940,1940,0
2022-09-06 15:55:00,1940,1940,1940,1940,0
2022-09-06 15:56:00,1940,1940,1940,1940,0
2022-09-06 15:57:00,1940,1940,1940,1940,0
2022-09-06 15:58:00,1940,1940,1940,1940,0
2022-09-06 15:59:00,1940,1940,1940,1940,0
2022-09-07 09:00:00,1940,1940,1940,1940,0
2022-09-07 09:01:00,1940,1940,1940,1940,0
2022-09-07 09:02:00,1940,1940,1940,1940,0
2022-09-07 09:03:00,1940,1940,1940,1940,0
2022-09-07 09:04:00,1940,1940,1940,1940,0
2022-09-07 09:05:00,1940,1940,1940,1940,0
2022-09-07 09:06:00,1940,1940,1940,1940,0
2022-09-07 09:07:00,1940,1940,1940,1940,0
2022-09-07 09:08:00,1940,1940,1940,1940,0
2022-09-07 09:09:00,1940,1940,1940,1940,0
2022-09-07 09:10:00,1940,1940,1940,1940,0
2022-09-07 09:11:00,1940,1940,1940,1940,0
2022-09-07 09:12:00,1940,1940,1940,1940,0
2022-09-07 09:13:00,1940,1940,1940,1940,0
2022-09-07 09:14:00,1940,1940,1940,1940,0
2022-09-07 09:15:00,1940,1940,1940,1940,0
2022-09-07 09:16:00,1940,1940,1940,1940,0
2022-09-07 09:17:00,1940,1940,1940,1940,0
2022-09-07 09:18:00,1940,1940,1940,1940,0
2022-09-07 09:19:00,1940,1940,1940,1940,0
2022-09-07 09:20:00,1940,1940,1940,1940,0
2022-09-07 09:21:00,1940,1940,1940,1940,0
2022-09-07 09:22:00,1940,1940,1940,1940,0
2022-09-07 09:23:00,1940,1940,1940,1940,0
2022-09-07 09:24:00,1940,1940,1940,1940,0
2022-09-07 09:25:00,1940,1940,1940,1940,0
2022-09-07 09:26:00,1940,1940,1940,1940,0
2022-09-07 09:27:00,1940,1940,1940,1940,0
2022-09-07 09:28:00,1940,1940,1940,1940,0
2022-09-07 09:29:00,1940,1940,1940,1940,0
2022-09-07 09:30:00,1940,1940,1940,1940,0
2022-09-07 09:31:00,1940,1940,1940,1940,0
2022-09-07 09:32:00,1940,1940,1940,1940,0
2022-09-07 09:33:00,1940,1940,1940,1940,0
2022-09-07 09:34:00,1940,1940,1940,1940,0
2022-09-07 09:35:00,1940,1940,1940,1940,0
2022-09-07 09:36:00,1940,1940,1940,1940,0
2022-09-07 09:37:00,1940,1940,1940,1940,0
2022-09-07 09:38:00,1940,1940,1940,1940,0
2022-09-07 09:39:00,1940,1940,1940,1940,0
2022-09-07 09:40:00,1940,1940,1940,1940,0
2022-09-07 09:41:00,1940,1940,1940,1940,0
2022-09-07 09:42:00,1940,1940,1940,1940,0
2022-09-07 09:43:00,1940,1940,1940,1940,0
2022-09-07 09:44:00,1940,1940,1940,1940,0
2022-09-07 09:45:00,1940,1940,1940,1940,0
2022-09-07 09:46:00,1940,1940,1940,1940,0
2022-09-07 09:47:00,1940,1940,1940,1940,0
2022-09-07 09:48:00,1940,1940,1940,1940,0
2022-09-07 09:49:00,1940,1940,1940,1940,0
2022-09-07 09:50:00,1940,1940,1940,1940,0
2022-09-07 09:51:00,1940,1940,1940,1940,0
2022-09-07 09:52:00,1940,1940,1940,1940,0
2022-09-07 09:53:00,1940,1940,1940,1940,0
2022-09-07 09:54:00,1940,1940,1940,1940,0
2022-09-07 09:55:00,1940,1940,1940,1940,0
2022-09-07 09:56:00,1940,1940,1940,1940,0
2022-09-07 09:57:00,1940,1940,1940,1940,0
2022-09-07 09:58:00,1940,1940,1940,1940,0
2022-09-07 09:59:00,1940,1940,1940,1940,0
2022-09-07 10:00:00,1940,1940,1940,1940,0
2022-09-07 10:01:00,1940,1940,1940,1940,0
2022-09-07 10:02:00,1940,1940,1940,1940,0
2022-09-07 10:03:00,1940,1940,1940,1940,0
2022-09-07 10:04:00,1940,1940,1940,1940,0
2022-09-07 10:05:00,1940,1940,1940,1940,0
2022-09-07 10:06:00,1940,1940,1940,1940,0
2022-09-07 10:07:00,1940,1940,1940,1940,0
2022-09-07 10:08:00,1940,1940,1940,1940,0
2022-09-07 10:09:00,1940,1940,1940,1940,0
2022-09-07 10:10:00,1940,1940,1940,1940,0
2022-09-07 10:11:00,1940,1940,1940,1940,0
2022-09-07 10:12:00,1940,1940,1940,1940,0
2022-09-07 10:13:00,1940,1940,1940,1940,0
2022-09-07 10:14:00,1940,1940,1940,1940,0
2022-09-07 10:15:00,1940,1940,1940,1940,0
2022-09-07 10:16:00,1940,1940,1940,1940,0
2022-09-07 10:17:00,1940,1940,1940,1940,0
2022-09-07 10:18:00,1940,1940,1940,1940,0
2022-09-07 10:19:00,1940,1940,1940,1940,0
2022-09-07 10:20:00,1940,1940,1940,1940,0
2022-09-07 10:21:00,1940,1940,1940,1940,0
2022-09-07 10:22:00,1940,1940,1940,1940,0
2022-09-07 10:23:00,1940,1940,1940,1940,0
2022-09-07 10:24:00,1940,1940,1940,1940,0
2022-09-07 10:25:00,1940,1940,1940,1940,0
2022-09-07 10:26:00,1940,1940,1940,1940,0
2022-09-07 10:27:00,1940,1940,1940,1940,0
2022-09-07 10:28:00,1940,1940,1940,1940,0
2022-09-07 10:29:00,1940,1940,1940,1940,0
2022-09-07 10:30:00,1940,1940,1940,1940,0
2022-09-07 10:31:00,1940,1940,1940,1940,0
2022-09-07 10:32:00,1940,1940,1940,1940,0
2022-09-07 10:33:00,1940,1940,1940,1940,0
2022-09-07 10:34:00,1940,1940,1940,1940,0
2022-09-07 10:35:00,1940,1940,1940,1940,0
2022-09-07 10:36:00,1940,1940,1940,1940,0
2022-09-07 10:37:00,1940,1940,1940,1940,0
2022-09-07 10:38:00,1940,1940,1940,1940,0
2022-09-07 10:39:00,1940,1940,1940,1940,0
2022-09-07 10:40:00,1940,1940,1940,1940,0
2022-09-07 10:41:00,1940,1940,1940,1940,0
2022-09-07 10:42:00,1940,1940,1940,1940,0
2022-09-07 10:43:00,1940,1940,1940,1940,0
2022-09-07 10:44:00,1940,1940,1940,1940,0
2022-09-07 10:45:00,1940,1940,1940,1940,0
2022-09-07 10:46:00,1940,1940,1940,1940,0
2022-09-07 10:47:00,1940,1940,1940,1940,0
2022-09-07 10:48:00,1940,1940,1940,1940,0
2022-09-07 10:49:00,1940,1940,1940,1940,0
2022-09-07 10:50:00,1940,1940,1940,1940,0
2022-09-07 10:51:00,1940,1940,1940,1940,0
2022-09-07 10:52:00,1940,1940,1940,1940,0
2022-09-07 10:53:00,1940,1940,1940,1940,0
2022-09-07 10:54:00,1940,1940,1940,1940,0
2022-09-07 10:55:00,1940,1940,1940,1940,0
2022-09-07 10:56:00,1940,1940,1940,1940,0
2022-09-07 10:57:00,1940,1940,1940,1940,0
2022-09-07 10:58:00,1940,1940,1940,1940,0
2022-09-07 10:59:00,1940,1940,1940,1940,0
2022-09-07 11:00:00,1940,1940,1940,1940,0
2022-09-07 11:01:00,1940,1940,1940,1940,0
2022-09-07 11:02:00,1940,1940,1940,1940,0
2022-09-07 11:03:00,1940,1940,1940,1940,0
2022-09-07 11:04:00,1940,1940,1940,1940,0
2022-09-07 11:05:00,1940,1940,1940,1940,0
2022-09-07 11:06:00,1940,1940,1940,1940,0
2022-09-07 11:07:00,1940,1940,1940,1940,0
2022-09-07 11:08:00,1940,1940,1940,1940,0
2022-09-07 11:09:00,1940,1940,1940,1940,0
2022-09-07 11:10:00,1940,1940,1940,1940,0
2022-09-07 11:11:00,1940,1940,1940,1940,0
2022-09-07 11:12:00,1940,1940,1940,1940,0
2022-09-07 11:13:00,1940,1940,1940,1940,0
2022-09-07 11:14:00,1940,1940,1940,1940,0
2022-09-07 11:15:00,1940,1940,1940,1940,0
2022-09-07 11:16:00,1940,1940,1940,1940,0
2022-09-07 11:17:00,1940,1940,1940,1940,0
2022-09-07 11:18:00,1940,1940,1940,1940,0
2022-09-07 11:19:00,1940,1940,1940,1940,0
2022-09-07 11:20:00,1940,1940,1940,1940,0
2022-09-07 11:21:00,1940,1940,1940,1940,0
2022-09-07 11:22:00,1940,1940,1940,1940,0
2022-09-07 11:23:00,1940,1940,1940,1940,0
2022-09-07 11:24:00,1940,1940,1940,1940,0
2022-09-07 11:25:00,1940,1940,1940,1940,0
2022-09-07 11:26:00,1940,1940,1940,1940,0
2022-09-07 11:27:00,1940,1940,1940,1940,0
2022-09-07 11:28:00,1940,1940,1940,1940,0
2022-09-07 11:29:00,1940,1940,1940,1940,0
2022-09-07 11:30:00,1940,1940,1940,1940,0
2022-09-07 11:31:00,1940,1940,1940,1940,0
2022-09-07 11:32:00,1940,1940,1940,1940,0
2022-09-07 11:33:00,1940,1940,1940,1940,0
2022-09-07 11:34:00,1940,1940,1940,1940,0
2022-09-07 11:35:00,1940,1940,1940,1940,0
2022-09-07 11:36:00,1940,1940,1940,1940,0
2022-09-07 11:37:00,1940,1940,1940,1940,0
2022-09-07 11:38:00,1940,1940,1940,1940,0
2022-09-07 11:39:00,1940,1940,1940,1940,0
2022-09-07 11:40:00,1940,1940,1940,1940,0
2022-09-07 11:41:00,1940,1940,1940,1940,0
2022-09-07 11:42:00,1940,1940,1940,1940,0
2022-09-07 11:43:00,1940,1940,1940,1940,0
2022-09-07 11:44:00,1940,1940,1940,1940,0
2022-09-07 11:45:00,1940,1940,1940,1940,0
2022-09-07 11:46:00,1940,1940,1940,1940,0
2022-09-07 11:47:00,1940,1940,1940,1940,0
2022-09-07 11:48:00,1940,1940,1940,1940,0
2022-09-07 11:49:00,1940,1940,1940,1940,0
2022-09-07 11:50:00,1940,1940,1940,1940,0
2022-09-07 11:51:00,1940,1940,1940,1940,0
2022-09-07 11:52:00,1940,1940,1940,1940,0
2022-09-07 11:53:00,1940,1940,1940,1940,0
2022-09-07 11:54:00,1940,1940,1940,1940,0
2022-09-07 11:55:00,1940,1940,1940,1940,0
2022-09-07 11:56:00,1940,1940,1940,1940,0
2022-09-07 11:57:00,1940,1940,1940,1940,0
2022-09-07 11:58:00,1940,1940,1940,1940,0
2022-09-07 11:59:00,1940,1940,1940,1940,0
2022-09-07 12:00:00,1940,1940,1940,1940,0
2022-09-07 12:01:00,1940,1940,1940,1940,0
2022-09-07 12:02:00,1940,1940,1940,1940,0
2022-09-07 12:03:00,1940,1940,1940,1940,0
2022-09-07 12:04:00,1940,1940,1940,1940,0
2022-09-07 12:05:00,1940,1940,1940,1940,0
2022-09-07 12:06:00,1940,1940,1940,1940,0
2022-09-07 12:07:00,1940,1940,1940,1940,0
2022-09-07 12:08:00,1940,1940,1940,1940,0
2022-09-07 12:09:00,1940,1940,1940,1940,0
2022-09-07 12:10:00,1940,1940,1940,1940,0
2022-09-07 12:11:00,1940,1940,1940,1940,0
2022-09-07 12:12:00,1940,1940,1940,1940,0
2022-09-07 12:13:00,1940,1940,1940,1940,0
2022-09-07 12:14:00,1940,1940,1940,1940,0
2022-09-07 12:15:00,1940,1940,1940,1940,0
2022-09-07 12:16:00,1940,1940,1940,1940,0
2022-09-07 12:17:00,1940,1940,1940,1940,0
2022-09-07 12:18:00,1940,1940,1940,1940,0
2022-09-07 12:19:00,1940,1940,1940,1940,0
2022-09-07 12:20:00,1940,1940,1940,1940,0
2022-09-07 12:21:00,1940,1940,1940,1940,0
2022-09-07 12:22:00,1940,1940,1940,1940,0
2022-09-07 12:23:00,1940,1940,1940,1940,0
2022-09-07 12:24:00,1940,1940,1940,1940,0
2022-09-07 12:25:00,1940,1940,1940,1940,0
2022-09-07 12:26:00,1940,1940,1940,1940,0
2022-09-07 12:27:00,1940,1940,1940,1940,0
2022-09-07 12:28:00,1940,1940,1940,1940,0
2022-09-07 12:29:00,1940,1940,1940,1940,0
2022-09-07 12:30:00,1940,1940,1940,1940,0
2022-09-07 12:31:00,1940,1940,1940,1940,0
2022-09-07 12:32:00,1940,1940,1940,1940,0
2022-09-07 12:33:00,1940,1940,1940,1940,0
2022-09-07 12:34:00,1940,1940,1940,1940,0
2022-09-07 12:35:00,1940,1940,1940,1940,0
2022-09-07 12:36:00,1940,1940,1940,1940,0
2022-09-07 12:37:00,1940,1940,1940,1940,0
2022-09-07 12:38:00,1940,1940,1940,1940,0
2022-09-07 12:39:00,1940,1940,1940,1940,0
2022-09-07 12:40:00,1940,1940,1940,1940,0
2022-09-07 12:41:00,1940,1940,1940,1940,0
2022-09-07 12:42:00,1940,1940,1940,1940,0
2022-09-07 12:43:00,1940,1940,1940,1940,0
2022-09-07 12:44:00,1940,1940,1940,1940,0
2022-09-07 12:45:00,1940,1940,1940,1940,0
2022-09-07 12:46:00,1940,1940,1940,1940,0
2022-09-07 12:47:00,1940,1940,1940,1940,0
2022-09-07 12:48:00,1940,1940,1940,1940,0
2022-09-07 12:49:00,1940,1940,1940,1940,0
2022-09-07 12:50:00,1940,1940,1940,1940,0
2022-09-07 12:51:00,1940,1940,1940,1940,0
2022-09-07 12:52:00,1940,1940,1940,1940,0
2022-09-07 12:53:00,1940,1940,1940,1940,0
2022-09-07 12:54:00,1940,1940,1940,1940,0
2022-09-07 12:55:00,1940,1940,1940,1940,0
2022-09-07 12:56:00,1940,1940,1940,1940,0
2022-09-07 12:57:00,1940,1940,1940,1940,0
2022-09-07 12:58:00,1940,1940,1940,1940,0
2022-09-07 12:59:00,1940,1940,1940,1940,0
2022-09-07 13:00:00,1940,1940,1940,1940,0
2022-09-07 13:01:00,1940,1940,1940,1940,0
2022-09-07 13:02:00,1940,1940,1940,1940,0
2022-09-07 13:03:00,1940,1940,1940,1940,0
2022-09-07 13:04:00,1940,1940,1940,1940,0
2022-09-07 13:05:00,1940,1940,1940,1940,0
2022-09-07 13:06:00,1940,1940,1940,1940,0
2022-09-07 13:07:00,1940,1940,1940,1940,0
2022-09-07 13:08:00,1940,1940,1940,1940,0
2022-09-07 13:09:00,1940,1940,1940,1940,0
2022-09-07 13:10:00,1940,1940,1940,1940,0
2022-09-07 13:11:00,1940,1940,1940,1940,0
2022-09-07 13:12:00,1940,1940,1940,1940,0
2022-09-07 13:13:00,1940,1940,1940,1940,0
2022-09-07 13:14:00,1940,1940,1940,1940,0
2022-09-07 13:15:00,1940,1940,1940,1940,0
2022-09-07 13:16:00,1940,1940,1940,1940,0
2022-09-07 13:17:00,1940,1940,1940,1940,0
2022-09-07 13:18:00,1940,1940,1940,1940,0
2022-09-07 13:19:00,1940,1940,1940,1940,0
2022-09-07 13:20:00,1940,1940,1940,1940,0
2022-09-07 13:21:00,1940,1940,1940,1940,0
2022-09-07 13:22:00,1940,1940,1940,1940,0
2022-09-07 13:23:00,1940,1940,1940,1940,0
2022-09-07 13:24:00,1940,1940,1940,1940,0
2022-09-07 13:25:00,1940,1940,1940,1940,0
2022-09-07 13:26:00,1940,1940,1940,1940,0
2022-09-07 13:27:00,1940,1940,1940,1940,0
2022-09-07 13:28:00,1940,1940,1940,1940,0
2022-09-07 13:29:00,1940,1940,1940,1940,0
2022-09-07 13:30:00,1940,1940,1940,1940,0
2022-09-07 13:31:00,1940,1940,1940,1940,0
2022-09-07 13:32:00,1940,1940,1940,1940,0
2022-09-07 13:33:00,1940,1940,1940,1940,0
2022-09-07 13:34:00,1940,1940,1940,1940,0
2022-09-07 13:35:00,1940,1940,1940,1940,0
2022-09-07 13:36:00,1940,1940,1940,1940,0
2022-09-07 13:37:00,1940,1940,1940,1940,0
2022-09-07 13:38:00,1940,1940,1940,1940,0
2022-09-07 13:39:00,1940,1940,1940,1940,0
2022-09-07 13:40:00,1940,1940,1940,1940,0
2022-09-07 13:41:00,1940,1940,1940,1940,0
2022-09-07 13:42:00,1940,1940,1940,1940,0
2022-09-07 13:43:00,1940,1940,1940,1940,0
2022-09-07 13:44:00,1940,1940,1940,1940,0
2022-09-07 13:45:00,1940,1940,1940,1940,0
2022-09-07 13:46:00,1940,1940,1940,1940,0
2022-09-07 13:47:00,1940,1940,1940,1940,0
2022-09-07 13:48:00,1940,1940,1940,1940,0
2022-09-07 13:49:00,1940,1940,1940,1940,0
2022-09-07 13:50:00,1940,1940,1940,1940,0
2022-09-07 13:51:00,1940,1940,1940,1940,0
2022-09-07 13:52:00,1940,1940,1940,1940,0
2022-09-07 13:53:00,1940,1940,1940,1940,0
2022-09-07 13:54:00,1940,1940,1940,1940,0
2022-09-07 13:55:00,1940,1940,1940,1940,0
2022-09-07 13:56:00,1940,1940,1940,1940,0
2022-09-07 13:57:00,1940,1940,1940,1940,0
2022-09-07 13:58:00,1940,1940,1940,1940,0
2022-09-07 13:59:00,1940,1940,1940,1940,0
2022-09-07 14:00:00,1940,1940,1940,1940,0
2022-09-07 14:01:00,1940,1940,1940,1940,0
2022-09-07 14:02:00,1940,1940,1940,1940,0
2022-09-07 14:03:00,1940,1940,1940,1940,0
2022-09-07 14:04:00,1940,1940,1940,1940,0
2022-09-07 14:05:00,1940,1940,1940,1940,0
2022-09-07 14:06:00,1940,1940,1940,1940,0
2022-09-07 14:07:00,1940,1940,1940,1940,0
2022-09-07 14:08:00,1940,1940,1940,1940,0
2022-09-07 14:09:00,1940,1940,1940,1940,0
2022-09-07 14:10:00,1940,1940,1940,1940,0
2022-09-07 14:11:00,1940,1940,1940,1940,0
2022-09-07 14:12:00,1940,1940,1940,1940,0
2022-09-07 14:13:00,1940,1940,1940,1940,0
2022-09-07 14:14:00,1940,1940,1940,1940,0
2022-09-07 14:15:00,1940,1940,1940,1940,0
2022-09-07 14:16:00,1940,1940,1940,1940,0
2022-09-07 14:17:00,1940,1940,1940,1940,0
2022-09-07 14:18:00,1940,1940,1940,1940,0
2022-09-07 14:19:00,1940,1940,1940,1940,0
2022-09-07 14:20:00,1940,1940,1940,1940,0
2022-09-07 14:21:00,1940,1940,1940,1940,0
2022-09-07 14:22:00,1940,1940,1940,1940,0
2022-09-07 14:23:00,1940,1940,1940,1940,0
2022-09-07 14:24:00,1940,1940,1940,1940,0
2022-09-07 14:25:00,1940,1940,1940,1940,0
2022-09-07 14:26:00,1940,1940,1940,1940,0
2022-09-07 14:27:00,1940,1940,1940,1940,0
2022-09-07 14:28:00,1940,1940,1940,1940,0
2022-09-07 14:29:00,1940,1940,1940,1940,0
2022-09-07 14:30:00,1940,1940,1940,1940,0
2022-09-07 14:31:00,1940,1940,1940,1940,0
2022-09-07 14:32:00,1940,1940,1940,1940,0
2022-09-07 14:33:00,1940,1940,1940,1940,0
2022-09-07 14:34:00,1940,1940,1940,1940,0
2022-09-07 14:35:00,1940,1940,1940,1940,0
2022-09-07 14:36:00,1940,1940,1940,1940,0
2022-09-07 14:37:00,1940,1940,1940,1940,0
2022-09-07 14:38:00,1940,1940,1940,1940,0
2022-09-07 14:39:00,1940,1940,1940,1940,0
2022-09-07 14:40:00,1940,1940,1940,1940,0
2022-09-07 14:41:00,1940,1940,1940,1940,0
2022-09-07 14:42:00,1940,1940,1940,1940,0
2022-09-07 14:43:00,1940,1940,1940,1940,0
2022-09-07 14:44:00,1940,1940,1940,1940,0
2022-09-07 14:45:00,1940,1940,1940,1940,0
2022-09-07 14:46:00,1940,1940,1940,1940,0
2022-09-07 14:47:00,1940,1940,1940,1940,0
2022-09-07 14:48:00,1940,1940,1940,1940,0
2022-09-07 14:49:00,1940,1940,1940,1940,0
2022-09-07 14:50:00,1940,1940,1940,1940,0
2022-09-07 14:51:00,1940,1940,1940,1940,0
2022-09-07 14:52:00,1940,1940,1940,1940,0
2022-09-07 14:53:00,1940,1940,1940,1940,0
2022-09-07 14:54:00,1940,1940,1940,1940,0
2022-09-07 14:55:00,1940,1940,1940,1940,0
2022-09-07 14:56:00,1940,1940,1940,1940,0
2022-09-07 14:57:00,1940,1940,1940,1940,0
2022-09-07 14:58:00,1940,1940,1940,1940,0
2022-09-07 14:59:00,1940,1940,1940,1940,0
2022-09-07 15:00:00,1940,1940,1940,1940,0
2022-09-07 15:01:00,1940,1940,1940,1940,0
2022-09-07 15:02:00,1940,1940,1940,1940,0
2022-09-07 15:03:00,1940,1940,1940,1940,0
2022-09-07 15:04:00,1940,1940,1940,1940,0
2022-09-07 15:05:00,1940,1940,1940,1940,0
2022-09-07 15:06:00,1940,1940,1940,1940,0
2022-09-07 15:07:00,1940,1940,1940,1940,0
2022-09-07 15:08:00,1940,1940,1940,1940,0
2022-09-07 15:09:00,1940,1940,1940,1940,0
2022-09-07 15:10:00,1940,1940,1940,1940,0
2022-09-07 15:11:00,1940,1940,1940,1940,0
2022-09-07 15:12:00,1940,1940,1940,1940,0
2022-09-07 15:13:00,1940,1940,1940,1940,0
2022-09-07 15:14:00,1940,1940,1940,1940,0
2022-09-07 15:15:00,1940,1940,1940,1940,0
2022-09-07 15:16:00,1940,1940,1940,1940,0
2022-09-07 15:17:00,1940,1940,1940,1940,0
2022-09-07 15:18:00,1940,1940,1940,1940,0
2022-09-07 15:19:00,1940,1940,1940,1940,0
2022-09-07 15:20:00,1940,1940,1940,1940,0
2022-09-07 15:21:00,1940,1940,1940,1940,0
2022-09-07 15:22:00,1940,1940,1940,1940,0
2022-09-07 15:23:00,1940,1940,1940,1940,0
2022-09-07 15:24:00,1940,1940,1940,1940,0
2022-09-07 15:25:00,1940,1940,1940,1940,0
2022-09-07 15:26:00,1940,1940,1940,1940,0
2022-09-07 15:27:00,1940,1940,1940,1940,0
2022-09-07 15:28:00,1940,1940,1940,1940,0
2022-09-07 15:29:00,1940,1940,1940,1940,0
2022-09-07 15:30:00,1940,1940,1940,1940,0
2022-09-07 15:31:00,1940,1940,1940,1940,0
2022-09-07 15:32:00,1940,1940,1940,1940,0
2022-09-07 15:33:00,1940,1940,1940,1940,0
2022-09-07 15:34:00,1940,1940,1940,1940,0
2022-09-07 15:35:00,1940,1940,1940,1940,0
2022-09-07 15:36:00,1940,1940,1940,1940,0
2022-09-07 15:37:00,1940,1940,1940,1940,0
2022-09-07 15:38:00,1940,1940,1940,1940,0
2022-09-07 15:39:00,1940,1940,1940,1940,0
2022-09-07 15:40:00,1940,1940,1940,1940,0
2022-09-07 15:41:00,1940,1940,1940,1940,0
2022-09-07 15:42:00,1940,1940,1940,1940,0
2022-09-07 15:43:00,1940,1940,1940,1940,0
2022-09-07 15:44:00,1940,1940,1940,1940,0
2022-09-07 15:45:00,1940,1940,1940,1940,0
2022-09-07 15:46:00,1940,1940,1940,1940,0
2022-09-07 15:47:00,1940,1940,1940,1940,0
2022-09-07 15:48:00,1940,1940,1940,1940,0
2022-09-07 15:49:00,1940,1940,1940,1940,0
2022-09-07 15:50:00,1940,1940,1940,1940,0
2022-09-07 15:51:00,1940,1940,1940,1940,0
2022-09-07 15:52:00,1940,1940,1940,1940,0
2022-09-07 15:53:00,1940,1940,1940,1940,0
2022-09-07 15:54:00,1940,1940,1940,1940,0
2022-09-07 15:55:00,1940,1940,1940,1940,0
2022-09-07 15:56:00,1940,1940,1940,1940,0
2022-09-07 15:57:00,1940,1940,1940,1940,0
2022-09-07 15:58:00,1940,1940,1940,1940,0
2022-09-07 15:59:00,1940,1940,1940,1940,0
2022-09-08 09:00:00,1940,1940,1940,1940,0
2022-09-08 09:01:00,1940,1940,1940,1940,0
2022-09-08 09:02:00,1940,1940,1940,1940,0
2022-09-08 09:03:00,1940,1940,1940,1940,0
2022-09-08 09:04:00,1940,1940,1940,1940,0
2022-09-08 09:05:00,1940,1940,1940,1940,0
2022-09-08 09:06:00,1940,1940,1940,1940,0
2022-09-08 09:07:00,1940,1940,1940,1940,0
2022-09-08 09:08:00,1940,1940,1940,1940,0
2022-09-08 09:09:00,1940,1940,1940,1940,0
2022-09-08 09:10:00,1940,1940,1940,1940,0
2022-09-08 09:11:00,1940,1940,1940,1940,0
2022-09-08 09:12:00,1940,1940,1940,1940,0
2022-09-08 09:13:00,1940,1940,1940,1940,0
2022-09-08 09:14:00,1940,1940,1940,1940,0
2022-09-08 09:15:00,1940,1940,1940,1940,0
2022-09-08 09:16:00,1940,1940,1940,1940,0
2022-09-08 09:17:00,1940,1940,1940,1940,0
2022-09-08 09:18:00,1940,1940,1940,1940,0
2022-09-08 09:19:00,1940,1940,1940,1940,0
2022-09-08 09:20:00,1940,1940,1940,1940,0
2022-09-08 09:21:00,1940,1940,1940,1940,0
2022-09-08 09:22:00,1940,1940,1940,1940,0
2022-09-08 09:23:00,1940,1940,1940,1940,0
2022-09-08 09:24:00,1940,1940,1940,1940,0
2022-09-08 09:25:00,1940,1940,1940,1940,0
2022-09-08 09:26:00,1940,1940,1940,1940,0
2022-09-08 09:27:00,1940,1940,1940,1940,0
2022-09-08 09:28:00,1940,1940,1940,1940,0
2022-09-08 09:29:00,1940,1940,1940,1940,0
2022-09-08 09:30:00,1940,1940,1940,1940,0
2022-09-08 09:31:00,1940,1940,1940,1940,0
2022-09-08 09:32:00,1940,1940,1940,1940,0
2022-09-08 09:33:00,1940,1940,1940,1940,0
2022-09-08 09:34:00,1940,1940,1940,1940,0
2022-09-08 09:35:00,1940,1940,1940,1940,0
2022-09-08 09:36:00,1940,1940,1940,1940,0
2022-09-08 09:37:00,1940,1940,1940,1940,0
2022-09-08 09:38:00,1940,1940,1940,1940,0
2022-09-08 09:39:00,1940,1940,1940,1940,0
2022-09-08 09:40:00,1940,1940,1940,1940,0
2022-09-08 09:41:00,1940,1940,1940,1940,0
2022-09-08 09:42:00,1940,1940,1940,1940,0
2022-09-08 09:43:00,1940,1940,1940,1940,0
2022-09-08 09:44:00,1940,1940,1940,1940,0
2022-09-08 09:45:00,1940,1940,1940,1940,0
2022-09-08 09:46:00,1940,1940,1940,1940,0
2022-09-08 09:47:00,1940,1940,1940,1940,0
2022-09-08 09:48:00,1940,1940,1940,1940,0
2022-09-08 09:49:00,1940,1940,1940,1940,0
2022-09-08 09:50:00,1940,1940,1940,1940,0
2022-09-08 09:51:00,1940,1940,1940,1940,0
2022-09-08 09:52:00,1940,1940,1940,1940,0
2022-09-08 09:53:00,1940,1940,1940,1940,0
2022-09-08 09:54:00,1940,1940,1940,1940,0
2022-09-08 09:55:00,1940,1940,1940,1940,0
2022-09-08 09:56:00,1940,1940,1940,1940,0
2022-09-08 09:57:00,1940,1940,1940,1940,0
2022-09-08 09:58:00,1940,1940,1940,1940,0
2022-09-08 09:59:00,1940,1940,1940,1940,0
2022-09-08 10:00:00,1940,1940,1940,1940,0
2022-09-08 10:01:00,1940,1940,1940,1940,0
2022-09-08 10:02:00,1940,1940,1940,1940,0
2022-09-08 10:03:00,1940,1940,1940,1940,0
2022-09-08 10:04:00,1940,1940,1940,1940,0
2022-09-08 10:05:00,1940,1940,1940,1940,0
2022-09-08 10:06:00,1940,1940,1940,1940,0
2022-09-08 10:07:00,1940,1940,1940,1940,0
2022-09-08 10:08:00,1940,1940,1940,1940,0
2022-09-08 10:09:00,1940,1940,1940,1940,0
2022-09-08 10:10:00,1940,1940,1940,1940,0
2022-09-08 10:11:00,1940,1940,1940,1940,0
2022-09-08 10:12:00,1940,1940,1940,1940,0
2022-09-08 10:13:00,1940,1940,1940,1940,0
2022-09-08 10:14:00,1940,1940,1940,1940,0
2022-09-08 10:15:00,1940,1940,1940,1940,0
2022-09-08 10:16:00,1940,1940,1940,1940,0
2022-09-08 10:17:00,1940,1940,1940,1940,0
2022-09-08 10:18:00,1940,1940,1940,1940,0
2022-09-08 10:19:00,1940,1940,1940,1940,0
2022-09-08 10:20:00,1940,1940,1940,1940,0
2022-09-08 10:21:00,1940,1940,1940,1940,0
2022-09-08 10:22:00,1940,1940,1940,1940,0
2022-09-08 10:23:00,1940,1940,1940,1940,0
2022-09-08 10:24:00,1940,1940,1940,1940,0
2022-09-08 10:25:00,1940,1940,1940,1940,0
2022-09-08 10:26:00,1940,1940,1940,1940,0
2022-09-08 10:27:00,1940,1940,1940,1940,0
2022-09-08 10:28:00,1940,1940,1940,1940,0
2022-09-08 10:29:00,1940,1940,1940,1940,0
2022-09-08 10:30:00,1940,1940,1940,1940,0
2022-09-08 10:31:00,1940,1940,1940,1940,0
2022-09-08 10:32:00,1940,1940,1940,1940,0
2022-09-08 10:33:00,1940,1940,1940,1940,0
2022-09-08 10:34:00,1940,1940,1940,1940,0
2022-09-08 10:35:00,1940,1940,1940,1940,0
2022-09-08 10:36:00,1940,1940,1940,1940,0
2022-09-08 10:37:00,1940,1940,1940,1940,0
2022-09-08 10:38:00,1940,1940,1940,1940,0
2022-09-08 10:39:00,1940,1940,1940,1940,0
2022-09-08 10:40:00,1940,1940,1940,1940,0
2022-09-08 10:41:00,1940,1940,1940,1940,0
2022-09-08 10:42:00,1940,1940,1940,1940,0
2022-09-08 10:43:00,1940,1940,1940,1940,0
2022-09-08 10:44:00,1940,1940,1940,1940,0
2022-09-08 10:45:00,1940,1940,1940,1940,0
2022-09-08 10:46:00,1940,1940,1940,1940,0
2022-09-08 10:47:00,1940,1940,1940,1940,0
2022-09-08 10:48:00,1940,1940,1940,1940,0
2022-09-08 10:49:00,1940,1940,1940,1940,0
2022-09-08 10:50:00,1940,1940,1940,1940,0
2022-09-08 10:51:00,1940,1940,1940,1940,0
2022-09-08 10:52:00,1940,1940,1940,1940,0
2022-09-08 10:53:00,1940,1940,1940,1940,0
2022-09-08 10:54:00,1940,1940,1940,1940,0
2022-09-08 10:55:00,1940,1940,1940,1940,0
2022-09-08 10:56:00,1940,1940,1940,1940,0
2022-09-08 10:57:00,1940,1940,1940,1940,0
2022-09-08 10:58:00,1940,1940,1940,1940,0
2022-09-08 10:59:00,1940,1940,1940,1940,0
2022-09-08 11:00:00,1940,1940,1940,1940,0
2022-09-08 11:01:00,1940,1940,1940,1940,0
2022-09-08 11:02:00,1940,1940,1940,1940,0
2022-09-08 11:03:00,1940,1940,1940,1940,0
2022-09-08 11:04:00,1940,1940,1940,1940,0
2022-09-08 11:05:00,1940,1940,1940,1940,0
2022-09-08 11:06:00,1940,1940,1940,1940,0
2022-09-08 11:07:00,1940,1940,1940,1940,0
2022-09-08 11:08:00,1940,1940,1940,1940,0
2022-09-08 11:09:00,1940,1940,1940,1940,0
2022-09-08 11:10:00,1940,1940,1940,1940,0
2022-09-08 11:11:00,1940,1940,1940,1940,0
2022-09-08 11:12:00,1940,1940,1940,1940,0
2022-09-08 11:13:00,1940,1940,1940,1940,0
2022-09-08 11:14:00,1940,1940,1940,1940,0
2022-09-08 11:15:00,1940,1940,1940,1940,0
2022-09-08 11:16:00,1940,1940,1940,1940,0
2022-09-08 11:17:00,1940,1940,1940,1940,0
2022-09-08 11:18:00,1940,1940,1940,1940,0
2022-09-08 11:19:00,1940,1940,1940,1940,0
2022-09-08 11:20:00,1940,1940,1940,1940,0
2022-09-08 11:21:00,1940,1940,1940,1940,0
2022-09-08 11:22:00,1940,1940,1940,1940,0
2022-09-08 11:23:00,1940,1940,1940,1940,0
2022-09-08 11:24:00,1940,1940,1940,1940,0
2022-09-08 11:25:00,1940,1940,1940,1940,0
2022-09-08 11:26:00,1940,1940,1940,1940,0
2022-09-08 11:27:00,1940,1940,1940,1940,0
2022-09-08 11:28:00,1940,1940,1940,1940,0
2022-09-08 11:29:00,1940,1940,1940,1940,0
2022-09-08 11:30:00,1940,1940,1940,1940,0
2022-09-08 11:31:00,1940,1940,1940,1940,0
2022-09-08 11:32:00,1940,1940,1940,1940,0
2022-09-08 11:33:00,1940,1940,1940,1940,0
2022-09-08 11:34:00,1940,1940,1940,1940,0
2022-09-08 11:35:00,1940,1940,1940,1940,0
2022-09-08 11:36:00,1940,1940,1940,1940,0
2022-09-08 11:37:00,1940,1940,1940,1940,0
2022-09-08 11:38:00,1940,1940,1940,1940,0
2022-09-08 11:39:00,1940,1940,1940,1940,0
2022-09-08 11:40:00,1940,1940,1940,1940,0
2022-09-08 11:41:00,1940,1940,1940,1940,0
2022-09-08 11:42:00,1940,1940,1940,1940,0
2022-09-08 11:43:00,1940,1940,1940,1940,0
2022-09-08 11:44:00,1940,1940,1940,1940,0
2022-09-08 11:45:00,1940,1940,1940,1940,0
2022-09-08 11:46:00,1940,1940,1940,1940,0
2022-09-08 11:47:00,1940,1940,1940,1940,0
2022-09-08 11:48:00,1940,1940,1940,1940,0
2022-09-08 11:49:00,1940,1940,1940,1940,0
2022-09-08 11:50:00,1940,1940,1940,1940,0
2022-09-08 11:51:00,1940,1940,1940,1940,0
2022-09-08 11:52:00,1940,1940,1940,1940,0
2022-09-08 11:53:00,1940,1940,1940,1940,0
2022-09-08 11:54:00,1940,1940,1940,1940,0
2022-09-08 11:55:00,1940,1940,1940,1940,0
2022-09-08 11:56:00,1940,1940,1940,1940,0
2022-09-08 11:57:00,1940,1940,1940,1940,0
2022-09-08 11:58:00,1940,1940,1940,1940,0
2022-09-08 11:59:00,1940,1940,1940,1940,0
2022-09-08 12:00:00,1940,1940,1940,1940,0
2022-09-08 12:01:00,1940,1940,1940,1940,0
2022-09-08 12:02:00,1940,1940,1940,1940,0
2022-09-08 12:03:00,1940,1940,1940,1940,0
2022-09-08 12:04:00,1940,1940,1940,1940,0
2022-09-08 12:05:00,1940,1940,1940,1940,0
2022-09-08 12:06:00,1940,1940,1940,1940,0
2022-09-08 12:07:00,1940,1940,1940,1940,0
2022-09-08 12:08:00,1940,1940,1940,1940,0
2022-09-08 12:09:00,1940,1940,1940,1940,0
2022-09-08 12:10:00,1940,1940,1940,1940,0
2022-09-08 12:11:00,1940,1940,1940,1940,0
2022-09-08 12:12:00,1940,1940,1940,1940,0
2022-09-08 12:13:00,1940,1940,1940,1940,0
2022-09-08 12:14:00,1940,1940,1940,1940,0
2022-09-08 12:15:00,1940,1940,1940,1940,0
2022-09-08 12:16:00,1940,1940,1940,1940,0
2022-09-08 12:17:00,1940,1940,1940,1940,0
2022-09-08 12:18:00,1940,1940,1940,1940,0
2022-09-08 12:19:00,1940,1940,1940,1940,0
2022-09-08 12:20:00,1940,1940,1940,1940,0
2022-09-08 12:21:00,1940,1940,1940,1940,0
2022-09-08 12:22:00,1940,1940,1940,1940,0
2022-09-08 12:23:00,1940,1940,1940,1940,0
2022-09-08 12:24:00,1940,1940,1940,1940,0
2022-09-08 12:25:00,1940,1940,1940,1940,0
2022-09-08 12:26:00,1940,1940,1940,1940,0
2022-09-08 12:27:00,1940,1940,1940,1940,0
2022-09-08 12:28:00,1940,1940,1940,1940,0
2022-09-08 12:29:00,1940,1940,1940,1940,0
2022-09-08 12:30:00,1940,1940,1940,1940,0
2022-09-08 12:31:00,1940,1940,1940,1940,0
2022-09-08 12:32:00,1940,1940,1940,1940,0
2022-09-08 12:33:00,1940,1940,1940,1940,0
2022-09-08 12:34:00,1940,1940,1940,1940,0
2022-09-08 12:35:00,1940,1940,1940,1940,0
2022-09-08 12:36:00,1940,1940,1940,1940,0
2022-09-08 12:37:00,1940,1940,1940,1940,0
2022-09-08 12:38:00,1940,1940,1940,1940,0
2022-09-08 12:39:00,1940,1940,1940,1940,0
2022-09-08 12:40:00,1940,1940,1940,1940,0
2022-09-08 12:41:00,1940,1940,1940,1940,0
2022-09-08 12:42:00,1940,1940,1940,1940,0
2022-09-08 12:43:00,1940,1940,1940,1940,0
2022-09-08 12:44:00,1940,1940,1940,1940,0
2022-09-08 12:45:00,1940,1940,1940,1940,0
2022-09-08 12:46:00,1940,1940,1940,1940,0
2022-09-08 12:47:00,1940,1940,1940,1940,0
2022-09-08 12:48:00,1940,1940,1940,1940,0
2022-09-08 12:49:00,1940,1940,1940,1940,0
2022-09-08 12:50:00,1940,1940,1940,1940,0
2022-09-08 12:51:00,1940,1940,1940,1940,0
2022-09-08 12:52:00,1940,1940,1940,1940,0
2022-09-08 12:53:00,1940,1940,1940,1940,0
2022-09-08 12:54:00,1940,1940,1940,1940,0
2022-09-08 12:55:00,1940,1940,1940,1940,0
2022-09-08 12:56:00,1940,1940,1940,1940,0
2022-09-08 12:57:00,1940,1940,1940,1940,0
2022-09-08 12:58:00,1940,1940,1940,1940,0
2022-09-08 12:59:00,1940,1940,1940,1940,0
2022-09-08 13:00:00,1940,1940,1940,1940,0
2022-09-08 13:01:00,1940,1940,1940,1940,0
2022-09-08 13:02:00,1940,1940,1940,1940,0
2022-09-08 13:03:00,1940,1940,1940,1940,0
2022-09-08 13:04:00,1940,1940,1940,1940,0
2022-09-08 13:05:00,1940,1940,1940,1940,0
2022-09-08 13:06:00,1940,1940,1940,1940,0
2022-09-08 13:07:00,1940,1940,1940,1940,0
2022-09-08 13:08:00,1940,1940,1940,1940,0
2022-09-08 13:09:00,1940,1940,1940,1940,0
2022-09-08 13:10:00,1940,1940,1940,1940,0
2022-09-08 13:11:00,1940,1940,1940,1940,0
2022-09-08 13:12:00,1940,1940,1940,1940,0
2022-09-08 13:13:00,1940,1940,1940,1940,0
2022-09-08 13:14:00,1940,1940,1940,1940,0
2022-09-08 13:15:00,1940,1940,1940,1940,0
2022-09-08 13:16:00,1940,1940,1940,1940,0
2022-09-08 13:17:00,1940,1940,1940,1940,0
2022-09-08 13:18:00,1940,1940,1940,1940,0
2022-09-08 13:19:00,1940,1940,1940,1940,0
2022-09-08 13:20:00,1940,1940,1940,1940,0
2022-09-08 13:21:00,1940,1940,1940,1940,0
2022-09-08 13:22:00,1940,1940,1940,1940,0
2022-09-08 13:23:00,1940,1940,1940,1940,0
2022-09-08 13:24:00,1940,1940,1940,1940,0
2022-09-08 13:25:00,1940,1940,1940,1940,0
2022-09-08 13:26:00,1940,1940,1940,1940,0
2022-09-08 13:27:00,1940,1940,1940,1940,0
2022-09-08 13:28:00,1940,1940,1940,1940,0
2022-09-08 13:29:00,1940,1940,1940,1940,0
2022-09-08 13:30:00,1940,1940,1940,1940,0
2022-09-08 13:31:00,1940,1940,1940,1940,0
2022-09-08 13:32:00,1940,1940,1940,1940,0
2022-09-08 13:33:00,1940,1940,1940,1940,0
2022-09-08 13:34:00,1940,1940,1940,1940,0
2022-09-08 13:35:00,1940,1940,1940,1940,0
2022-09-08 13:36:00,1940,1940,1940,1940,0
2022-09-08 13:37:00,1940,1940,1940,1940,0
2022-09-08 13:38:00,1940,1940,1940,1940,0
2022-09-08 13:39:00,1940,1940,1940,1940,0
2022-09-08 13:40:00,1940,1940,1940,1940,0
2022-09-08 13:41:00,1940,1940,1940,1940,0
2022-09-08 13:42:00,1940,1940,1940,1940,0
2022-09-08 13:43:00,1940,1940,1940,1940,0
2022-09-08 13:44:00,1940,1940,1940,1940,0
2022-09-08 13:45:00,1940,1940,1940,1940,0
2022-09-08 13:46:00,1940,1940,1940,1940,0
2022-09-08 13:47:00,1940,1940,1940,1940,0
2022-09-08 13:48:00,1940,1940,1940,1940,0
2022-09-08 13:49:00,1940,1940,1940,1940,0
2022-09-08 13:50:00,1940,1940,1940,1940,0
2022-09-08 13:51:00,1940,1940,1940,1940,0
2022-09-08 13:52:00,1940,1940,1940,1940,0
2022-09-08 13:53:00,1940,1940,1940,1940,0
2022-09-08 13:54:00,1940,1940,1940,1940,0
2022-09-08 13:55:00,1940,1940,1940,1940,0
2022-09-08 13:56:00,1940,1940,1940,1940,0
2022-09-08 13:57:00,1940,1940,1940,1940,0
2022-09-08 13:58:00,1940,1940,1940,1940,0
2022-09-08 13:59:00,1940,1940,1940,1940,0
2022-09-08 14:00:00,1940,1940,1940,1940,0
2022-09-08 14:01:00,1940,1940,1940,1940,0
2022-09-08 14:02:00,1940,1940,1940,1940,0
2022-09-08 14:03:00,1940,1940,1940,1940,0
2022-09-08 14:04:00,1940,1940,1940,1940,0
2022-09-08 14:05:00,1940,1940,1940,1940,0
2022-09-08 14:06:00,1940,1940,1940,1940,0
2022-09-08 14:07:00,1940,1940,1940,1940,0
2022-09-08 14:08:00,1940,1940,1940,1940,0
2022-09-08 14:09:00,1940,1940,1940,1940,0
2022-09-08 14:10:00,1940,1940,1940,1940,0
2022-09-08 14:11:00,1940,1940,1940,1940,0
2022-09-08 14:12:00,1940,1940,1940,1940,0
2022-09-08 14:13:00,1940,1940,1940,1940,0
2022-09-08 14:14:00,1940,1940,1940,1940,0
2022-09-08 14:15:00,1940,1940,1940,1940,0
2022-09-08 14:16:00,1940,1940,1940,1940,0
2022-09-08 14:17:00,1940,1940,1940,1940,0
2022-09-08 14:18:00,1940,1940,1940,1940,0
2022-09-08 14:19:00,1940,1940,1940,1940,0
2022-09-08 14:20:00,1940,1940,1940,1940,0
2022-09-08 14:21:00,1940,1940,1940,1940,0
2022-09-08 14:22:00,1940,1940,1940,1940,0
2022-09-08 14:23:00,1940,1940,1940,1940,0
2022-09-08 14:24:00,1940,1940,1940,1940,0
2022-09-08 14:25:00,1900,1900,1900,1900,300
2022-09-08 14:26:00,1900,1900,1900,1900,0
2022-09-08 14:27:00,1900,1900,1900,1900,0
2022-09-08 14:28:00,1900,1900,1900,1900,0
2022-09-08 14:29:00,1900,1900,1900,1900,0
2022-09-08 14:30:00,1900,1900,1900,1900,0
2022-09-08 14:31:00,1900,1900,1900,1900,0
2022-09-08 14:32:00,1900,1900,1900,1900,0
2022-09-08 14:33:00,1900,1900,1900,1900,0
2022-09-08 14:34:00,1900,1900,1900,1900,0
2022-09-08 14:35:00,1900,1900,1900,1900,0
2022-09-08 14:36:00,1900,1900,1900,1900,0
2022-09-08 14:37:00,1900,1900,1900,1900,100
2022-09-08 14:38:00,1900,1900,1900,1900,0
2022-09-08 14:39:00,1900,1900,1900,1900,0
2022-09-08 14:40:00,1900,1900,1900,1900,0
2022-09-08 14:41:00,1900,1900,1900,1900,0
2022-09-08 14:42:00,1900,1900,1900,1900,0
2022-09-08 14:43:00,1900,1900,1900,1900,0
2022-09-08 14:44:00,1900,1900,1900,1900,0
2022-09-08 14:45:00,1900,1900,1900,1900,0
2022-09-08 14:46:00,1900,1900,1900,1900,0
2022-09-08 14:47:00,1900,1900,1900,1900,0
2022-09-08 14:48:00,1900,1900,1900,1900,600
2022-09-08 14:49:00,1900,1900,1900,1900,0
2022-09-08 14:50:00,1900,1900,1900,1900,0
2022-09-08 14:51:00,1900,1900,1900,1900,0
2022-09-08 14:52:00,1900,1900,1900,1900,0
2022-09-08 14:53:00,1900,1900,1900,1900,0
2022-09-08 14:54:00,1900,1900,1900,1900,0
2022-09-08 14:55:00,1900,1900,1900,1900,0
2022-09-08 14:56:00,1900,1900,1900,1900,0
2022-09-08 14:57:00,1900,1900,1900,1900,0
2022-09-08 14:58:00,1900,1900,1900,1900,0
2022-09-08 14:59:00,1900,1900,1900,1900,0
2022-09-08 15:00:00,1900,1900,1900,1900,0
2022-09-08 15:01:00,1900,1900,1900,1900,0
2022-09-08 15:02:00,1900,1900,1900,1900,0
2022-09-08 15:03:00,1900,1900,1900,1900,0
2022-09-08 15:04:00,1900,1900,1900,1900,0
2022-09-08 15:05:00,1900,1900,1900,1900,0
2022-09-08 15:06:00,1900,1900,1900,1900,0
2022-09-08 15:07:00,1900,1900,1900,1900,0
2022-09-08 15:08:00,1900,1900,1900,1900,0
2022-09-08 15:09:00,1900,1900,1900,1900,0
2022-09-08 15:10:00,1900,1900,1900,1900,0
2022-09-08 15:11:00,1900,1900,1900,1900,0
2022-09-08 15:12:00,1900,1900,1900,1900,0
2022-09-08 15:13:00,1900,1900,1900,1900,0
2022-09-08 15:14:00,1900,1900,1900,1900,0
2022-09-08 15:15:00,1900,1900,1900,1900,0
2022-09-08 15:16:00,1900,1900,1900,1900,0
2022-09-08 15:17:00,1900,1900,1900,1900,0
2022-09-08 15:18:00,1900,1900,1900,1900,0
2022-09-08 15:19:00,1900,1900,1900,1900,0
2022-09-08 15:20:00,1900,1900,1900,1900,0
2022-09-08 15:21:00,1900,1900,1900,1900,0
2022-09-08 15:22:00,1900,1900,1900,1900,0
2022-09-08 15:23:00,1900,1900,1900,1900,0
2022-09-08 15:24:00,1900,1900,1900,1900,0
2022-09-08 15:25:00,1900,1900,1900,1900,0
2022-09-08 15:26:00,1900,1900,1900,1900,0
2022-09-08 15:27:00,1900,1900,1900,1900,0
2022-09-08 15:28:00,1900,1900,1900,1900,0
2022-09-08 15:29:00,1900,1900,1900,1900,0
2022-09-08 15:30:00,1900,1900,1900,1900,0
2022-09-08 15:31:00,1900,1900,1900,1900,0
2022-09-08 15:32:00,1900,1900,1900,1900,0
2022-09-08 15:33:00,1900,1900,1900,1900,0
2022-09-08 15:34:00,1900,1900,1900,1900,0
2022-09-08 15:35:00,1900,1900,1900,1900,0
2022-09-08 15:36:00,1900,1900,1900,1900,0
2022-09-08 15:37:00,1900,1900,1900,1900,0
2022-09-08 15:38:00,1900,1900,1900,1900,0
2022-09-08 15:39:00,1900,1900,1900,1900,0
2022-09-08 15:40:00,1900,1900,1900,1900,0
2022-09-08 15:41:00,1900,1900,1900,1900,0
2022-09-08 15:42:00,1900,1900,1900,1900,0
2022-09-08 15:43:00,1900,1900,1900,1900,0
2022-09-08 15:44:00,1900,1900,1900,1900,0
2022-09-08 15:45:00,1900,1900,1900,1900,0
2022-09-08 15:46:00,1900,1900,1900,1900,0
2022-09-08 15:47:00,1900,1900,1900,1900,0
2022-09-08 15:48:00,1900,1900,1900,1900,0
2022-09-08 15:49:00,1900,1900,1900,1900,0
2022-09-08 15:50:00,1900,1900,1900,1900,0
2022-09-08 15:51:00,1900,1900,1900,1900,0
2022-09-08 15:52:00,1900,1900,1900,1900,0
2022-09-08 15:53:00,1900,1900,1900,1900,0
2022-09-08 15:54:00,1900,1900,1900,1900,0
2022-09-08 15:55:00,1900,1900,1900,1900,0
2022-09-08 15:56:00,1900,1900,1900,1900,0
2022-09-08 15:57:00,1900,1900,1900,1900,0
2022-09-08 15:58:00,1900,1900,1900,1900,0
2022-09-08 15:59:00,1900,1900,1900,1900,0
2022-09-09 09:00:00,1900,1900,1900,1900,0
2022-09-09 09:01:00,1900,1900,1900,1900,0
2022-09-09 09:02:00,1900,1900,1900,1900,0
2022-09-09 09:03:00,1900,1900,1900,1900,0
2022-09-09 09:04:00,1900,1900,1900,1900,0
2022-09-09 09:05:00,1900,1900,1900,1900,0
2022-09-09 09:06:00,1900,1900,1900,1900,0
2022-09-09 09:07:00,1900,1900,1900,1900,0
2022-09-09 09:08:00,1900,1900,1900,1900,0
2022-09-09 09:09:00,1900,1900,1900,1900,0
2022-09-09 09:10:00,1900,1900,1900,1900,0
2022-09-09 09:11:00,1900,1900,1900,1900,0
2022-09-09 09:12:00,1900,1900,1900,1900,0
2022-09-09 09:13:00,1900,1900,1900,1900,0
2022-09-09 09:14:00,1900,1900,1900,1900,0
2022-09-09 09:15:00,1900,1900,1900,1900,0
2022-09-09 09:16:00,1900,1900,1900,1900,0
2022-09-09 09:17:00,1900,1900,1900,1900,0
2022-09-09 09:18:00,1900,1900,1900,1900,0
2022-09-09 09:19:00,1900,1900,1900,1900,0
2022-09-09 09:20:00,1900,1900,1900,1900,0
2022-09-09 09:21:00,1900,1900,1900,1900,0
2022-09-09 09:22:00,1900,1900,1900,1900,0
2022-09-09 09:23:00,1900,1900,1900,1900,0
2022-09-09 09:24:00,1900,1900,1900,1900,0
2022-09-09 09:25:00,1900,1900,1900,1900,0
2022-09-09 09:26:00,1900,1900,1900,1900,0
2022-09-09 09:27:00,1900,1900,1900,1900,0
2022-09-09 09:28:00,1900,1900,1900,1900,0
2022-09-09 09:29:00,1900,1900,1900,1900,0
2022-09-09 09:30:00,1900,1900,1900,1900,0
2022-09-09 09:31:00,1900,1900,1900,1900,0
2022-09-09 09:32:00,1900,1900,1900,1900,0
2022-09-09 09:33:00,1900,1900,1900,1900,0
2022-09-09 09:34:00,1900,1900,1900,1900,0
2022-09-09 09:35:00,1900,1900,1900,1900,0
2022-09-09 09:36:00,1900,1900,1900,1900,0
2022-09-09 09:37:00,1900,1900,1900,1900,0
2022-09-09 09:38:00,1900,1900,1900,1900,0
2022-09-09 09:39:00,1900,1900,1900,1900,0
2022-09-09 09:40:00,1900,1900,1900,1900,0
2022-09-09 09:41:00,1900,1900,1900,1900,0
2022-09-09 09:42:00,1900,1900,1900,1900,600
2022-09-09 09:43:00,1900,1900,1900,1900,0
2022-09-09 09:44:00,1900,1900,1900,1900,0
2022-09-09 09:45:00,1900,1900,1900,1900,0
2022-09-09 09:46:00,1900,1900,1900,1900,0
2022-09-09 09:47:00,1900,1900,1900,1900,0
2022-09-09 09:48:00,1900,1900,1900,1900,0
2022-09-09 09:49:00,1900,1900,1900,1900,0
2022-09-09 09:50:00,1900,1900,1900,1900,0
2022-09-09 09:51:00,1900,1900,1900,1900,0
2022-09-09 09:52:00,1900,1900,1900,1900,0
2022-09-09 09:53:00,1900,1900,1900,1900,0
2022-09-09 09:54:00,1900,1900,1900,1900,0
2022-09-09 09:55:00,1900,1900,1900,1900,0
2022-09-09 09:56:00,1900,1900,1900,1900,0
2022-09-09 09:57:00,1900,1900,1900,1900,0
2022-09-09 09:58:00,1900,1900,1900,1900,0
2022-09-09 09:59:00,1900,1900,1900,1900,0
2022-09-09 10:00:00,1900,1900,1900,1900,0
2022-09-09 10:01:00,1900,1900,1900,1900,0
2022-09-09 10:02:00,1900,1900,1900,1900,0
2022-09-09 10:03:00,1900,1900,1900,1900,0
2022-09-09 10:04:00,1900,1900,1900,1900,0
2022-09-09 10:05:00,1900,1900,1900,1900,0
2022-09-09 10:06:00,1900,1900,1900,1900,0
2022-09-09 10:07:00,1900,1900,1900,1900,0
2022-09-09 10:08:00,1900,1900,1900,1900,0
2022-09-09 10:09:00,1900,1900,1900,1900,0
2022-09-09 10:10:00,1900,1900,1900,1900,0
2022-09-09 10:11:00,1900,1900,1900,1900,0
2022-09-09 10:12:00,1900,1900,1900,1900,0
2022-09-09 10:13:00,1900,1900,1900,1900,0
2022-09-09 10:14:00,1900,1900,1900,1900,0
2022-09-09 10:15:00,1900,1900,1900,1900,0
2022-09-09 10:16:00,1900,1900,1900,1900,0
2022-09-09 10:17:00,1900,1900,1900,1900,0
2022-09-09 10:18:00,1900,1900,1900,1900,0
2022-09-09 10:19:00,1900,1900,1900,1900,0
2022-09-09 10:20:00,1900,1900,1900,1900,0
2022-09-09 10:21:00,1900,1900,1900,1900,0
2022-09-09 10:22:00,1900,1900,1900,1900,0
2022-09-09 10:23:00,1900,1900,1900,1900,0
2022-09-09 10:24:00,1900,1900,1900,1900,0
2022-09-09 10:25:00,1900,1900,1900,1900,0
2022-09-09 10:26:00,1900,1900,1900,1900,0
2022-09-09 10:27:00,1900,1900,1900,1900,0
2022-09-09 10:28:00,1900,1900,1900,1900,0
2022-09-09 10:29:00,1900,1900,1900,1900,0
2022-09-09 10:30:00,1900,1900,1900,1900,0
2022-09-09 10:31:00,1900,1900,1900,1900,0
2022-09-09 10:32:00,1900,1900,1900,1900,0
2022-09-09 10:33:00,1900,1900,1900,1900,0
2022-09-09 10:34:00,1900,1900,1900,1900,0
2022-09-09 10:35:00,1900,1900,1900,1900,0
2022-09-09 10:36:00,1900,1900,1900,1900,0
2022-09-09 10:37:00,1900,1900,1900,1900,0
2022-09-09 10:38:00,1900,1900,1900,1900,0
2022-09-09 10:39:00,1900,1900,1900,1900,0
2022-09-09 10:40:00,1900,1900,1900,1900,0
2022-09-09 10:41:00,1900,1900,1900,1900,0
2022-09-09 10:42:00,1900,1900,1900,1900,0
2022-09-09 10:43:00,1900,1900,1900,1900,0
2022-09-09 10:44:00,1900,1900,1900,1900,0
2022-09-09 10:45:00,1900,1900,1900,1900,0
2022-09-09 10:46:00,1900,1900,1900,1900,0
2022-09-09 10:47:00,1900,1900,1900,1900,0
2022-09-09 10:48:00,1900,1900,1900,1900,0
2022-09-09 10:49:00,1900,1900,1900,1900,0
2022-09-09 10:50:00,1900,1900,1900,1900,0
2022-09-09 10:51:00,1900,1900,1900,1900,0
2022-09-09 10:52:00,1900,1900,1900,1900,0
2022-09-09 10:53:00,1900,1900,1900,1900,0
2022-09-09 10:54:00,1900,1900,1900,1900,0
2022-09-09 10:55:00,1900,1900,1900,1900,0
2022-09-09 10:56:00,1900,1900,1900,1900,0
2022-09-09 10:57:00,1900,1900,1900,1900,0
2022-09-09 10:58:00,1900,1900,1900,1900,0
2022-09-09 10:59:00,1900,1900,1900,1900,0
2022-09-09 11:00:00,1900,1900,1900,1900,0
2022-09-09 11:01:00,1900,1900,1900,1900,0
2022-09-09 11:02:00,1900,1900,1900,1900,0
2022-09-09 11:03:00,1900,1900,1900,1900,0
2022-09-09 11:04:00,1900,1900,1900,1900,0
2022-09-09 11:05:00,1900,1900,1900,1900,0
2022-09-09 11:06:00,1900,1900,1900,1900,0
2022-09-09 11:07:00,1900,1900,1900,1900,0
2022-09-09 11:08:00,1900,1900,1900,1900,0
2022-09-09 11:09:00,1900,1900,1900,1900,0
2022-09-09 11:10:00,1900,1900,1900,1900,0
2022-09-09 11:11:00,1900,1900,1900,1900,0
2022-09-09 11:12:00,1900,1900,1900,1900,0
2022-09-09 11:13:00,1900,1900,1900,1900,0
2022-09-09 11:14:00,1900,1900,1900,1900,0
2022-09-09 11:15:00,1900,1900,1900,1900,0
2022-09-09 11:16:00,1900,1900,1900,1900,0
2022-09-09 11:17:00,1900,1900,1900,1900,0
2022-09-09 11:18:00,1900,1900,1900,1900,0
2022-09-09 11:19:00,1900,1900,1900,1900,0
2022-09-09 11:20:00,1900,1900,1900,1900,0
2022-09-09 11:21:00,1900,1900,1900,1900,0
2022-09-09 11:22:00,1900,1900,1900,1900,0
2022-09-09 11:23:00,1900,1900,1900,1900,0
2022-09-09 11:24:00,1900,1900,1900,1900,0
2022-09-09 11:25:00,1900,1900,1900,1900,0
2022-09-09 11:26:00,1900,1900,1900,1900,0
2022-09-09 11:27:00,1900,1900,1900,1900,0
2022-09-09 11:28:00,1900,1900,1900,1900,0
2022-09-09 11:29:00,1900,1900,1900,1900,0
2022-09-09 11:30:00,1900,1900,1900,1900,0
2022-09-09 11:31:00,1900,1900,1900,1900,0
2022-09-09 11:32:00,1900,1900,1900,1900,0
2022-09-09 11:33:00,1900,1900,1900,1900,0
2022-09-09 11:34:00,1900,1900,1900,1900,0
2022-09-09 11:35:00,1900,1900,1900,1900,0
2022-09-09 11:36:00,1900,1900,1900,1900,0
2022-09-09 11:37:00,1900,1900,1900,1900,0
2022-09-09 11:38:00,1900,1900,1900,1900,0
2022-09-09 11:39:00,1900,1900,1900,1900,0
2022-09-09 11:40:00,1900,1900,1900,1900,0
2022-09-09 11:41:00,1900,1900,1900,1900,0
2022-09-09 11:42:00,1900,1900,1900,1900,0
2022-09-09 11:43:00,1900,1900,1900,1900,0
2022-09-09 11:44:00,1900,1900,1900,1900,0
2022-09-09 11:45:00,1900,1900,1900,1900,0
2022-09-09 11:46:00,1900,1900,1900,1900,0
2022-09-09 11:47:00,1900,1900,1900,1900,0
2022-09-09 11:48:00,1900,1900,1900,1900,0
2022-09-09 11:49:00,1900,1900,1900,1900,0
2022-09-09 11:50:00,1900,1900,1900,1900,0
2022-09-09 11:51:00,1900,1900,1900,1900,0
2022-09-09 11:52:00,1900,1900,1900,1900,0
2022-09-09 11:53:00,1900,1900,1900,1900,0
2022-09-09 11:54:00,1900,1900,1900,1900,0
2022-09-09 11:55:00,1900,1900,1900,1900,0
2022-09-09 11:56:00,1900,1900,1900,1900,0
2022-09-09 11:57:00,1900,1900,1900,1900,0
2022-09-09 11:58:00,1900,1900,1900,1900,0
2022-09-09 11:59:00,1900,1900,1900,1900,0
2022-09-09 12:00:00,1900,1900,1900,1900,0
2022-09-09 12:01:00,1900,1900,1900,1900,0
2022-09-09 12:02:00,1900,1900,1900,1900,0
2022-09-09 12:03:00,1900,1900,1900,1900,0
2022-09-09 12:04:00,1900,1900,1900,1900,0
2022-09-09 12:05:00,1900,1900,1900,1900,0
2022-09-09 12:06:00,1900,1900,1900,1900,0
2022-09-09 12:07:00,1900,1900,1900,1900,0
2022-09-09 12:08:00,1900,1900,1900,1900,0
2022-09-09 12:09:00,1900,1900,1900,1900,0
2022-09-09 12:10:00,1900,1900,1900,1900,0
2022-09-09 12:11:00,1900,1900,1900,1900,0
2022-09-09 12:12:00,1900,1900,1900,1900,0
2022-09-09 12:13:00,1900,1900,1900,1900,0
2022-09-09 12:14:00,1900,1900,1900,1900,0
2022-09-09 12:15:00,1900,1900,1900,1900,0
2022-09-09 12:16:00,1900,1900,1900,1900,0
2022-09-09 12:17:00,1900,1900,1900,1900,0
2022-09-09 12:18:00,1900,1900,1900,1900,0
2022-09-09 12:19:00,1900,1900,1900,1900,0
2022-09-09 12:20:00,1900,1900,1900,1900,0
2022-09-09 12:21:00,1900,1900,1900,1900,0
2022-09-09 12:22:00,1900,1900,1900,1900,0
2022-09-09 12:23:00,1900,1900,1900,1900,0
2022-09-09 12:24:00,1900,1900,1900,1900,0
2022-09-09 12:25:00,1900,1900,1900,1900,0
2022-09-09 12:26:00,1900,1900,1900,1900,0
2022-09-09 12:27:00,1900,1900,1900,1900,0
2022-09-09 12:28:00,1900,1900,1900,1900,0
2022-09-09 12:29:00,1900,1900,1900,1900,0
2022-09-09 12:30:00,1900,1900,1900,1900,0
2022-09-09 12:31:00,1900,1900,1900,1900,0
2022-09-09 12:32:00,1900,1900,1900,1900,0
2022-09-09 12:33:00,1900,1900,1900,1900,0
2022-09-09 12:34:00,1900,1900,1900,1900,0
2022-09-09 12:35:00,1900,1900,1900,1900,0
2022-09-09 12:36:00,1900,1900,1900,1900,0
2022-09-09 12:37:00,1900,1900,1900,1900,0
2022-09-09 12:38:00,1900,1900,1900,1900,0
2022-09-09 12:39:00,1900,1900,1900,1900,0
2022-09-09 12:40:00,1900,1900,1900,1900,0
2022-09-09 12:41:00,1900,1900,1900,1900,0
2022-09-09 12:42:00,1900,1900,1900,1900,0
2022-09-09 12:43:00,1900,1900,1900,1900,0
2022-09-09 12:44:00,1900,1900,1900,1900,0
2022-09-09 12:45:00,1900,1900,1900,1900,0
2022-09-09 12:46:00,1900,1900,1900,1900,0
2022-09-09 12:47:00,1900,1900,1900,1900,0
2022-09-09 12:48:00,1900,1900,1900,1900,0
2022-09-09 12:49:00,1900,1900,1900,1900,0
2022-09-09 12:50:00,1900,1900,1900,1900,0
2022-09-09 12:51:00,1900,1900,1900,1900,0
2022-09-09 12:52:00,1900,1900,1900,1900,0
2022-09-09 12:53:00,1900,1900,1900,1900,0
2022-09-09 12:54:00,1900,1900,1900,1900,0
2022-09-09 12:55:00,1900,1900,1900,1900,0
2022-09-09 12:56:00,1900,1900,1900,1900,0
2022-09-09 12:57:00,1900,1900,1900,1900,0
2022-09-09 12:58:00,1900,1900,1900,1900,0
2022-09-09 12:59:00,1900,1900,1900,1900,0
2022-09-09 13:00:00,1900,1900,1900,1900,0
2022-09-09 13:01:00,1900,1900,1900,1900,0
2022-09-09 13:02:00,1900,1900,1900,1900,0
2022-09-09 13:03:00,1900,1900,1900,1900,0
2022-09-09 13:04:00,1900,1900,1900,1900,0
2022-09-09 13:05:00,1900,1900,1900,1900,0
2022-09-09 13:06:00,1900,1900,1900,1900,0
2022-09-09 13:07:00,1900,1900,1900,1900,0
2022-09-09 13:08:00,1900,1900,1900,1900,0
2022-09-09 13:09:00,1900,1900,1900,1900,0
2022-09-09 13:10:00,1900,1900,1900,1900,0
2022-09-09 13:11:00,1900,1900,1900,1900,0
2022-09-09 13:12:00,1900,1900,1900,1900,0
2022-09-09 13:13:00,1900,1900,1900,1900,0
2022-09-09 13:14:00,1900,1900,1900,1900,0
2022-09-09 13:15:00,1900,1900,1900,1900,0
2022-09-09 13:16:00,1900,1900,1900,1900,0
2022-09-09 13:17:00,1900,1900,1900,1900,0
2022-09-09 13:18:00,1900,1900,1900,1900,0
2022-09-09 13:19:00,1900,1900,1900,1900,0
2022-09-09 13:20:00,1900,1900,1900,1900,0
2022-09-09 13:21:00,1900,1900,1900,1900,0
2022-09-09 13:22:00,1900,1900,1900,1900,0
2022-09-09 13:23:00,1900,1900,1900,1900,0
2022-09-09 13:24:00,1900,1900,1900,1900,0
2022-09-09 13:25:00,1900,1900,1900,1900,0
2022-09-09 13:26:00,1900,1900,1900,1900,0
2022-09-09 13:27:00,1900,1900,1900,1900,0
2022-09-09 13:28:00,1900,1900,1900,1900,0
2022-09-09 13:29:00,1900,1900,1900,1900,0
2022-09-09 13:30:00,1900,1900,1900,1900,0
2022-09-09 13:31:00,1900,1900,1900,1900,0
2022-09-09 13:32:00,1900,1900,1900,1900,0
2022-09-09 13:33:00,1900,1900,1900,1900,0
2022-09-09 13:34:00,1900,1900,1900,1900,0
2022-09-09 13:35:00,1900,1900,1900,1900,0
2022-09-09 13:36:00,1900,1900,1900,1900,0
2022-09-09 13:37:00,1900,1900,1900,1900,0
2022-09-09 13:38:00,1900,1900,1900,1900,0
2022-09-09 13:39:00,1900,1900,1900,1900,0
2022-09-09 13:40:00,1900,1900,1900,1900,0
2022-09-09 13:41:00,1900,1900,1900,1900,0
2022-09-09 13:42:00,1900,1900,1900,1900,0
2022-09-09 13:43:00,1900,1900,1900,1900,0
2022-09-09 13:44:00,1900,1900,1900,1900,0
2022-09-09 13:45:00,1900,1900,1900,1900,0
2022-09-09 13:46:00,1900,1900,1900,1900,0
2022-09-09 13:47:00,1900,1900,1900,1900,0
2022-09-09 13:48:00,1900,1900,1900,1900,0
2022-09-09 13:49:00,1900,1900,1900,1900,0
2022-09-09 13:50:00,1900,1900,1900,1900,0
2022-09-09 13:51:00,1900,1900,1900,1900,0
2022-09-09 13:52:00,1900,1900,1900,1900,0
2022-09-09 13:53:00,1900,1900,1900,1900,0
2022-09-09 13:54:00,1900,1900,1900,1900,0
2022-09-09 13:55:00,1900,1900,1900,1900,0
2022-09-09 13:56:00,1900,1900,1900,1900,0
2022-09-09 13:57:00,1900,1900,1900,1900,0
2022-09-09 13:58:00,1900,1900,1900,1900,0
2022-09-09 13:59:00,1900,1900,1900,1900,0
2022-09-09 14:00:00,1900,1900,1900,1900,0
2022-09-09 14:01:00,1900,1900,1900,1900,0
2022-09-09 14:02:00,1900,1900,1900,1900,0
2022-09-09 14:03:00,1900,1900,1900,1900,0
2022-09-09 14:04:00,1900,1900,1900,1900,0
2022-09-09 14:05:00,1900,1900,1900,1900,0
2022-09-09 14:06:00,1900,1900,1900,1900,0
2022-09-09 14:07:00,1900,1900,1900,1900,0
2022-09-09 14:08:00,1900,1900,1900,1900,0
2022-09-09 14:09:00,1900,1900,1900,1900,0
2022-09-09 14:10:00,1900,1900,1900,1900,0
2022-09-09 14:11:00,1900,1900,1900,1900,0
2022-09-09 14:12:00,1900,1900,1900,1900,0
2022-09-09 14:13:00,1900,1900,1900,1900,0
2022-09-09 14:14:00,1900,1900,1900,1900,0
2022-09-09 14:15:00,1900,1900,1900,1900,0
2022-09-09 14:16:00,1900,1900,1900,1900,0
2022-09-09 14:17:00,1900,1900,1900,1900,0
2022-09-09 14:18:00,1900,1900,1900,1900,0
2022-09-09 14:19:00,1900,1900,1900,1900,0
2022-09-09 14:20:00,1900,1900,1900,1900,0
2022-09-09 14:21:00,1900,1900,1900,1900,0
2022-09-09 14:22:00,1900,1900,1900,1900,0
2022-09-09 14:23:00,1900,1900,1900,1900,0
2022-09-09 14:24:00,1900,1900,1900,1900,0
2022-09-09 14:25:00,1900,1900,1900,1900,0
2022-09-09 14:26:00,1900,1900,1900,1900,0
2022-09-09 14:27:00,1900,1900,1900,1900,0
2022-09-09 14:28:00,1900,1900,1900,1900,0
2022-09-09 14:29:00,1900,1900,1900,1900,0
2022-09-09 14:30:00,1900,1900,1900,1900,0
2022-09-09 14:31:00,1900,1900,1900,1900,0
2022-09-09 14:32:00,1900,1900,1900,1900,0
2022-09-09 14:33:00,1900,1900,1900,1900,0
2022-09-09 14:34:00,1900,1900,1900,1900,0
2022-09-09 14:35:00,1900,1900,1900,1900,0
2022-09-09 14:36:00,1900,1900,1900,1900,0
2022-09-09 14:37:00,1900,1900,1900,1900,0
2022-09-09 14:38:00,1900,1900,1900,1900,0
2022-09-09 14:39:00,1900,1900,1900,1900,0
2022-09-09 14:40:00,1900,1900,1900,1900,0
2022-09-09 14:41:00,1900,1900,1900,1900,0
2022-09-09 14:42:00,1900,1900,1900,1900,0
2022-09-09 14:43:00,1900,1900,1900,1900,0
2022-09-09 14:44:00,1900,1900,1900,1900,0
2022-09-09 14:45:00,1900,1900,1900,1900,0
2022-09-09 14:46:00,1900,1900,1900,1900,0
2022-09-09 14:47:00,1900,1900,1900,1900,0
2022-09-09 14:48:00,1900,1900,1900,1900,0
2022-09-09 14:49:00,1900,1900,1900,1900,0
2022-09-09 14:50:00,1900,1900,1900,1900,0
2022-09-09 14:51:00,1900,1900,1900,1900,0
2022-09-09 14:52:00,1900,1900,1900,1900,0
2022-09-09 14:53:00,1900,1900,1900,1900,0
2022-09-09 14:54:00,1900,1900,1900,1900,0
2022-09-09 14:55:00,1900,1900,1900,1900,0
2022-09-09 14:56:00,1900,1900,1900,1900,0
2022-09-09 14:57:00,1900,1900,1900,1900,0
2022-09-09 14:58:00,1900,1900,1900,1900,0
2022-09-09 14:59:00,1900,1900,1900,1900,0
2022-09-09 15:00:00,1900,1900,1900,1900,0
2022-09-09 15:01:00,1900,1900,1900,1900,0
2022-09-09 15:02:00,1900,1900,1900,1900,0
2022-09-09 15:03:00,1900,1900,1900,1900,0
2022-09-09 15:04:00,1900,1900,1900,1900,0
2022-09-09 15:05:00,1900,1900,1900,1900,0
2022-09-09 15:06:00,1900,1900,1900,1900,0
2022-09-09 15:07:00,1900,1900,1900,1900,0
2022-09-09 15:08:00,1900,1900,1900,1900,0
2022-09-09 15:09:00,1900,1900,1900,1900,0
2022-09-09 15:10:00,1900,1900,1900,1900,0
2022-09-09 15:11:00,1900,1900,1900,1900,0
2022-09-09 15:12:00,1900,1900,1900,1900,0
2022-09-09 15:13:00,1900,1900,1900,1900,0
2022-09-09 15:14:00,1900,1900,1900,1900,0
2022-09-09 15:15:00,1900,1900,1900,1900,0
2022-09-09 15:16:00,1900,1900,1900,1900,0
2022-09-09 15:17:00,1900,1900,1900,1900,0
2022-09-09 15:18:00,1900,1900,1900,1900,0
2022-09-09 15:19:00,1900,1900,1900,1900,0
2022-09-09 15:20:00,1900,1900,1900,1900,0
2022-09-09 15:21:00,1900,1900,1900,1900,0
2022-09-09 15:22:00,1900,1900,1900,1900,0
2022-09-09 15:23:00,1900,1900,1900,1900,0
2022-09-09 15:24:00,1900,1900,1900,1900,0
2022-09-09 15:25:00,1900,1900,1900,1900,0
2022-09-09 15:26:00,1900,1900,1900,1900,0
2022-09-09 15:27:00,1900,1900,1900,1900,0
2022-09-09 15:28:00,1900,1900,1900,1900,0
2022-09-09 15:29:00,1900,1900,1900,1900,0
2022-09-09 15:30:00,1900,1900,1900,1900,0
2022-09-09 15:31:00,1900,1900,1900,1900,0
2022-09-09 15:32:00,1900,1900,1900,1900,0
2022-09-09 15:33:00,1900,1900,1900,1900,0
2022-09-09 15:34:00,1900,1900,1900,1900,0
2022-09-09 15:35:00,1900,1900,1900,1900,0
2022-09-09 15:36:00,1900,1900,1900,1900,0
2022-09-09 15:37:00,1900,1900,1900,1900,0
2022-09-09 15:38:00,1900,1900,1900,1900,0
2022-09-09 15:39:00,1900,1900,1900,1900,0
2022-09-09 15:40:00,1900,1900,1900,1900,0
2022-09-09 15:41:00,1900,1900,1900,1900,0
2022-09-09 15:42:00,1900,1900,1900,1900,0
2022-09-09 15:43:00,1900,1900,1900,1900,0
2022-09-09 15:44:00,1900,1900,1900,1900,0
2022-09-09 15:45:00,1900,1900,1900,1900,0
2022-09-09 15:46:00,1900,1900,1900,1900,0
2022-09-09 15:47:00,1900,1900,1900,1900,0
2022-09-09 15:48:00,1900,1900,1900,1900,0
2022-09-09 15:49:00,1900,1900,1900,1900,0
2022-09-09 15:50:00,1900,1900,1900,1900,0
2022-09-09 15:51:00,1900,1900,1900,1900,0
2022-09-09 15:52:00,1900,1900,1900,1900,0
2022-09-09 15:53:00,1900,1900,1900,1900,0
2022-09-09 15:54:00,1900,1900,1900,1900,0
2022-09-09 15:55:00,1900,1900,1900,1900,0
2022-09-09 15:56:00,1900,1900,1900,1900,0
2022-09-09 15:57:00,1900,1900,1900,1900,0
2022-09-09 15:58:00,1900,1900,1900,1900,0
2022-09-09 15:59:00,1900,1900,1900,1900,0
2022-09-19 09:00:00,1850,1850,1850,1850,0
2022-09-19 09:01:00,1850,1850,1850,1850,0
2022-09-19 09:02:00,1850,1850,1850,1850,0
2022-09-19 09:03:00,1850,1850,1850,1850,0
2022-09-19 09:04:00,1850,1850,1850,1850,0
2022-09-19 09:05:00,1850,1850,1850,1850,0
2022-09-19 09:06:00,1850,1850,1850,1850,0
2022-09-19 09:07:00,1850,1850,1850,1850,0
2022-09-19 09:08:00,1850,1850,1850,1850,0
2022-09-19 09:09:00,1850,1850,1850,1850,0
2022-09-19 09:10:00,1850,1850,1850,1850,0
2022-09-19 09:11:00,1850,1850,1850,1850,0
2022-09-19 09:12:00,1850,1850,1850,1850,0
2022-09-19 09:13:00,1850,1850,1850,1850,0
2022-09-19 09:14:00,1850,1850,1850,1850,0
2022-09-19 09:15:00,1850,1850,1850,1850,0
2022-09-19 09:16:00,1850,1850,1850,1850,0
2022-09-19 09:17:00,1850,1850,1850,1850,0
2022-09-19 09:18:00,1850,1850,1850,1850,0
2022-09-19 09:19:00,1850,1850,1850,1850,0
2022-09-19 09:20:00,1850,1850,1850,1850,0
2022-09-19 09:21:00,1850,1850,1850,1850,0
2022-09-19 09:22:00,1850,1850,1850,1850,0
2022-09-19 09:23:00,1850,1850,1850,1850,0
2022-09-19 09:24:00,1850,1850,1850,1850,0
2022-09-19 09:25:00,1850,1850,1850,1850,0
2022-09-19 09:26:00,1850,1850,1850,1850,0
2022-09-19 09:27:00,1850,1850,1850,1850,0
2022-09-19 09:28:00,1850,1850,1850,1850,0
2022-09-19 09:29:00,1850,1850,1850,1850,0
2022-09-19 09:30:00,1850,1850,1850,1850,0
2022-09-19 09:31:00,1850,1850,1850,1850,0
2022-09-19 09:32:00,1850,1850,1850,1850,0
2022-09-19 09:33:00,1850,1850,1850,1850,0
2022-09-19 09:34:00,1850,1850,1850,1850,0
2022-09-19 09:35:00,1850,1850,1850,1850,0
2022-09-19 09:36:00,1850,1850,1850,1850,0
2022-09-19 09:37:00,1850,1850,1850,1850,0
2022-09-19 09:38:00,1850,1850,1850,1850,0
2022-09-19 09:39:00,1850,1850,1850,1850,0
2022-09-19 09:40:00,1850,1850,1850,1850,0
2022-09-19 09:41:00,1850,1850,1850,1850,0
2022-09-19 09:42:00,1850,1850,1850,1850,0
2022-09-19 09:43:00,1850,1850,1850,1850,0
2022-09-19 09:44:00,1850,1850,1850,1850,0
2022-09-19 09:45:00,1850,1850,1850,1850,0
2022-09-19 09:46:00,1850,1850,1850,1850,0
2022-09-19 09:47:00,1850,1850,1850,1850,0
2022-09-19 09:48:00,1850,1850,1850,1850,0
2022-09-19 09:49:00,1850,1850,1850,1850,0
2022-09-19 09:50:00,1850,1850,1850,1850,0
2022-09-19 09:51:00,1850,1850,1850,1850,0
2022-09-19 09:52:00,1850,1850,1850,1850,0
2022-09-19 09:53:00,1850,1850,1850,1850,0
2022-09-19 09:54:00,1850,1850,1850,1850,0
2022-09-19 09:55:00,1850,1850,1850,1850,0
2022-09-19 09:56:00,1850,1850,1850,1850,0
2022-09-19 09:57:00,1850,1850,1850,1850,0
2022-09-19 09:58:00,1850,1850,1850,1850,0
2022-09-19 09:59:00,1850,1850,1850,1850,0
2022-09-19 10:00:00,1850,1850,1850,1850,0
2022-09-19 10:01:00,1850,1850,1850,1850,0
2022-09-19 10:02:00,1850,1850,1850,1850,0
2022-09-19 10:03:00,1850,1850,1850,1850,0
2022-09-19 10:04:00,1850,1850,1850,1850,0
2022-09-19 10:05:00,1850,1850,1850,1850,0
2022-09-19 10:06:00,1850,1850,1850,1850,0
2022-09-19 10:07:00,1850,1850,1850,1850,0
2022-09-19 10:08:00,1850,1850,1850,1850,0
2022-09-19 10:09:00,1850,1850,1850,1850,0
2022-09-19 10:10:00,1850,1850,1850,1850,0
2022-09-19 10:11:00,1850,1850,1850,1850,0
2022-09-19 10:12:00,1850,1850,1850,1850,0
2022-09-19 10:13:00,1850,1850,1850,1850,0
2022-09-19 10:14:00,1850,1850,1850,1850,0
2022-09-19 10:15:00,1850,1850,1850,1850,0
2022-09-19 10:16:00,1850,1850,1850,1850,0
2022-09-19 10:17:00,1850,1850,1850,1850,0
2022-09-19 10:18:00,1850,1850,1850,1850,0
2022-09-19 10:19:00,1850,1850,1850,1850,0
2022-09-19 10:20:00,1850,1850,1850,1850,0
2022-09-19 10:21:00,1850,1850,1850,1850,0
2022-09-19 10:22:00,1850,1850,1850,1850,0
2022-09-19 10:23:00,1850,1850,1850,1850,0
2022-09-19 10:24:00,1850,1850,1850,1850,0
2022-09-19 10:25:00,1850,1850,1850,1850,0
2022-09-19 10:26:00,1850,1850,1850,1850,0
2022-09-19 10:27:00,1850,1850,1850,1850,0
2022-09-19 10:28:00,1850,1850,1850,1850,0
2022-09-19 10:29:00,1850,1850,1850,1850,0
2022-09-19 10:30:00,1850,1850,1850,1850,0
2022-09-19 10:31:00,1850,1850,1850,1850,0
2022-09-19 10:32:00,1850,1850,1850,1850,0
2022-09-19 10:33:00,1850,1850,1850,1850,0
2022-09-19 10:34:00,1850,1850,1850,1850,0
2022-09-19 10:35:00,1850,1850,1850,1850,0
2022-09-19 10:36:00,1850,1850,1850,1850,0
2022-09-19 10:37:00,1850,1850,1850,1850,0
2022-09-19 10:38:00,1850,1850,1850,1850,0
2022-09-19 10:39:00,1850,1850,1850,1850,0
2022-09-19 10:40:00,1850,1850,1850,1850,0
2022-09-19 10:41:00,1850,1850,1850,1850,0
2022-09-19 10:42:00,1850,1850,1850,1850,0
2022-09-19 10:43:00,1850,1850,1850,1850,0
2022-09-19 10:44:00,1850,1850,1850,1850,0
2022-09-19 10:45:00,1850,1850,1850,1850,0
2022-09-19 10:46:00,1850,1850,1850,1850,0
2022-09-19 10:47:00,1850,1850,1850,1850,0
2022-09-19 10:48:00,1850,1850,1850,1850,0
2022-09-19 10:49:00,1850,1850,1850,1850,0
2022-09-19 10:50:00,1850,1850,1850,1850,0
2022-09-19 10:51:00,1850,1850,1850,1850,0
2022-09-19 10:52:00,1850,1850,1850,1850,0
2022-09-19 10:53:00,1850,1850,1850,1850,0
2022-09-19 10:54:00,1850,1850,1850,1850,0
2022-09-19 10:55:00,1850,1850,1850,1850,0
2022-09-19 10:56:00,1850,1850,1850,1850,0
2022-09-19 10:57:00,1850,1850,1850,1850,0
2022-09-19 10:58:00,1850,1850,1850,1850,0
2022-09-19 10:59:00,1850,1850,1850,1850,0
2022-09-19 11:00:00,1850,1850,1850,1850,0
2022-09-19 11:01:00,1850,1850,1850,1850,0
2022-09-19 11:02:00,1850,1850,1850,1850,0
2022-09-19 11:03:00,1850,1850,1850,1850,0
2022-09-19 11:04:00,1850,1850,1850,1850,0
2022-09-19 11:05:00,1850,1850,1850,1850,0
2022-09-19 11:06:00,1850,1850,1850,1850,0
2022-09-19 11:07:00,1850,1850,1850,1850,0
2022-09-19 11:08:00,1850,1850,1850,1850,0
2022-09-19 11:09:00,1850,1850,1850,1850,0
2022-09-19 11:10:00,1850,1850,1850,1850,0
2022-09-19 11:11:00,1850,1850,1850,1850,0
2022-09-19 11:12:00,1850,1850,1850,1850,0
2022-09-19 11:13:00,1850,1850,1850,1850,0
2022-09-19 11:14:00,1850,1850,1850,1850,0
2022-09-19 11:15:00,1850,1850,1850,1850,0
2022-09-19 11:16:00,1850,1850,1850,1850,0
2022-09-19 11:17:00,1850,1850,1850,1850,0
2022-09-19 11:18:00,1850,1850,1850,1850,0
2022-09-19 11:19:00,1850,1850,1850,1850,0
2022-09-19 11:20:00,1850,1850,1850,1850,0
2022-09-19 11:21:00,1850,1850,1850,1850,0
2022-09-19 11:22:00,1850,1850,1850,1850,0
2022-09-19 11:23:00,1850,1850,1850,1850,0
2022-09-19 11:24:00,1850,1850,1850,1850,0
2022-09-19 11:25:00,1850,1850,1850,1850,0
2022-09-19 11:26:00,1850,1850,1850,1850,0
2022-09-19 11:27:00,1850,1850,1850,1850,0
2022-09-19 11:28:00,1850,1850,1850,1850,0
2022-09-19 11:29:00,1850,1850,1850,1850,0
2022-09-19 11:30:00,1850,1850,1850,1850,0
2022-09-19 11:31:00,1850,1850,1850,1850,0
2022-09-19 11:32:00,1850,1850,1850,1850,0
2022-09-19 11:33:00,1850,1850,1850,1850,0
2022-09-19 11:34:00,1850,1850,1850,1850,0
2022-09-19 11:35:00,1850,1850,1850,1850,0
2022-09-19 11:36:00,1850,1850,1850,1850,0
2022-09-19 11:37:00,1850,1850,1850,1850,0
2022-09-19 11:38:00,1850,1850,1850,1850,0
2022-09-19 11:39:00,1850,1850,1850,1850,0
2022-09-19 11:40:00,1850,1850,1850,1850,0
2022-09-19 11:41:00,1850,1850,1850,1850,0
2022-09-19 11:42:00,1850,1850,1850,1850,0
2022-09-19 11:43:00,1850,1850,1850,1850,0
2022-09-19 11:44:00,1850,1850,1850,1850,0
2022-09-19 11:45:00,1850,1850,1850,1850,0
2022-09-19 11:46:00,1850,1850,1850,1850,0
2022-09-19 11:47:00,1850,1850,1850,1850,0
2022-09-19 11:48:00,1850,1850,1850,1850,0
2022-09-19 11:49:00,1850,1850,1850,1850,0
2022-09-19 11:50:00,1850,1850,1850,1850,0
2022-09-19 11:51:00,1850,1850,1850,1850,0
2022-09-19 11:52:00,1850,1850,1850,1850,0
2022-09-19 11:53:00,1850,1850,1850,1850,0
2022-09-19 11:54:00,1850,1850,1850,1850,0
2022-09-19 11:55:00,1850,1850,1850,1850,0
2022-09-19 11:56:00,1850,1850,1850,1850,0
2022-09-19 11:57:00,1850,1850,1850,1850,0
2022-09-19 11:58:00,1850,1850,1850,1850,0
2022-09-19 11:59:00,1850,1850,1850,1850,0
2022-09-19 12:00:00,1850,1850,1850,1850,0
2022-09-19 12:01:00,1850,1850,1850,1850,0
2022-09-19 12:02:00,1850,1850,1850,1850,0
2022-09-19 12:03:00,1850,1850,1850,1850,0
2022-09-19 12:04:00,1850,1850,1850,1850,0
2022-09-19 12:05:00,1850,1850,1850,1850,0
2022-09-19 12:06:00,1850,1850,1850,1850,0
2022-09-19 12:07:00,1850,1850,1850,1850,0
2022-09-19 12:08:00,1850,1850,1850,1850,0
2022-09-19 12:09:00,1850,1850,1850,1850,0
2022-09-19 12:10:00,1850,1850,1850,1850,0
2022-09-19 12:11:00,1850,1850,1850,1850,0
2022-09-19 12:12:00,1850,1850,1850,1850,0
2022-09-19 12:13:00,1850,1850,1850,1850,0
2022-09-19 12:14:00,1850,1850,1850,1850,0
2022-09-19 12:15:00,1850,1850,1850,1850,0
2022-09-19 12:16:00,1850,1850,1850,1850,0
2022-09-19 12:17:00,1850,1850,1850,1850,0
2022-09-19 12:18:00,1850,1850,1850,1850,0
2022-09-19 12:19:00,1850,1850,1850,1850,0
2022-09-19 12:20:00,1850,1850,1850,1850,0
2022-09-19 12:21:00,1850,1850,1850,1850,0
2022-09-19 12:22:00,1850,1850,1850,1850,0
2022-09-19 12:23:00,1850,1850,1850,1850,0
2022-09-19 12:24:00,1850,1850,1850,1850,0
2022-09-19 12:25:00,1850,1850,1850,1850,0
2022-09-19 12:26:00,1850,1850,1850,1850,0
2022-09-19 12:27:00,1850,1850,1850,1850,0
2022-09-19 12:28:00,1850,1850,1850,1850,0
2022-09-19 12:29:00,1850,1850,1850,1850,0
2022-09-19 12:30:00,1850,1850,1850,1850,0
2022-09-19 12:31:00,1850,1850,1850,1850,0
2022-09-19 12:32:00,1850,1850,1850,1850,0
2022-09-19 12:33:00,1850,1850,1850,1850,0
2022-09-19 12:34:00,1850,1850,1850,1850,0
2022-09-19 12:35:00,1850,1850,1850,1850,0
2022-09-19 12:36:00,1850,1850,1850,1850,0
2022-09-19 12:37:00,1850,1850,1850,1850,0
2022-09-19 12:38:00,1850,1850,1850,1850,0
2022-09-19 12:39:00,1850,1850,1850,1850,0
2022-09-19 12:40:00,1850,1850,1850,1850,0
2022-09-19 12:41:00,1850,1850,1850,1850,0
2022-09-19 12:42:00,1850,1850,1850,1850,0
2022-09-19 12:43:00,1850,1850,1850,1850,0
2022-09-19 12:44:00,1850,1850,1850,1850,0
2022-09-19 12:45:00,1850,1850,1850,1850,0
2022-09-19 12:46:00,1850,1850,1850,1850,0
2022-09-19 12:47:00,1850,1850,1850,1850,0
2022-09-19 12:48:00,1850,1850,1850,1850,0
2022-09-19 12:49:00,1850,1850,1850,1850,0
2022-09-19 12:50:00,1850,1850,1850,1850,0
2022-09-19 12:51:00,1850,1850,1850,1850,0
2022-09-19 12:52:00,1850,1850,1850,1850,0
2022-09-19 12:53:00,1850,1850,1850,1850,0
2022-09-19 12:54:00,1850,1850,1850,1850,0
2022-09-19 12:55:00,1850,1850,1850,1850,0
2022-09-19 12:56:00,1850,1850,1850,1850,0
2022-09-19 12:57:00,1850,1850,1850,1850,0
2022-09-19 12:58:00,1850,1850,1850,1850,0
2022-09-19 12:59:00,1850,1850,1850,1850,0
2022-09-19 13:00:00,1850,1850,1850,1850,0
2022-09-19 13:01:00,1850,1850,1850,1850,0
2022-09-19 13:02:00,1850,1850,1850,1850,0
2022-09-19 13:03:00,1850,1850,1850,1850,0
2022-09-19 13:04:00,1850,1850,1850,1850,0
2022-09-19 13:05:00,1850,1850,1850,1850,0
2022-09-19 13:06:00,1850,1850,1850,1850,0
2022-09-19 13:07:00,1850,1850,1850,1850,0
2022-09-19 13:08:00,1850,1850,1850,1850,0
2022-09-19 13:09:00,1850,1850,1850,1850,0
2022-09-19 13:10:00,1850,1850,1850,1850,0
2022-09-19 13:11:00,1850,1850,1850,1850,0
2022-09-19 13:12:00,1850,1850,1850,1850,0
2022-09-19 13:13:00,1850,1850,1850,1850,0
2022-09-19 13:14:00,1850,1850,1850,1850,0
2022-09-19 13:15:00,1850,1850,1850,1850,0
2022-09-19 13:16:00,1850,1850,1850,1850,0
2022-09-19 13:17:00,1850,1850,1850,1850,0
2022-09-19 13:18:00,1850,1850,1850,1850,0
2022-09-19 13:19:00,1850,1850,1850,1850,0
2022-09-19 13:20:00,1850,1850,1850,1850,0
2022-09-19 13:21:00,1850,1850,1850,1850,0
2022-09-19 13:22:00,1850,1850,1850,1850,0
2022-09-19 13:23:00,1850,1850,1850,1850,0
2022-09-19 13:24:00,1850,1850,1850,1850,0
2022-09-19 13:25:00,1850,1850,1850,1850,0
2022-09-19 13:26:00,1850,1850,1850,1850,0
2022-09-19 13:27:00,1850,1850,1850,1850,0
2022-09-19 13:28:00,1850,1850,1850,1850,0
2022-09-19 13:29:00,1850,1850,1850,1850,0
2022-09-19 13:30:00,1850,1850,1850,1850,0
2022-09-19 13:31:00,1850,1850,1850,1850,0
2022-09-19 13:32:00,1850,1850,1850,1850,0
2022-09-19 13:33:00,1850,1850,1850,1850,0
2022-09-19 13:34:00,1850,1850,1850,1850,0
2022-09-19 13:35:00,1850,1850,1850,1850,0
2022-09-19 13:36:00,1850,1850,1850,1850,0
2022-09-19 13:37:00,1850,1850,1850,1850,0
2022-09-19 13:38:00,1850,1850,1850,1850,0
2022-09-19 13:39:00,1850,1850,1850,1850,0
2022-09-19 13:40:00,1850,1850,1850,1850,0
2022-09-19 13:41:00,1850,1850,1850,1850,0
2022-09-19 13:42:00,1850,1850,1850,1850,0
2022-09-19 13:43:00,1850,1850,1850,1850,0
2022-09-19 13:44:00,1850,1850,1850,1850,0
2022-09-19 13:45:00,1850,1850,1850,1850,0
2022-09-19 13:46:00,1850,1850,1850,1850,0
2022-09-19 13:47:00,1850,1850,1850,1850,0
2022-09-19 13:48:00,1850,1850,1850,1850,0
2022-09-19 13:49:00,1850,1850,1850,1850,0
2022-09-19 13:50:00,1850,1850,1850,1850,0
2022-09-19 13:51:00,1850,1850,1850,1850,0
2022-09-19 13:52:00,1850,1850,1850,1850,0
2022-09-19 13:53:00,1850,1850,1850,1850,0
2022-09-19 13:54:00,1850,1850,1850,1850,0
2022-09-19 13:55:00,1850,1850,1850,1850,0
2022-09-19 13:56:00,1850,1850,1850,1850,0
2022-09-19 13:57:00,1850,1850,1850,1850,0
2022-09-19 13:58:00,1850,1850,1850,1850,0
2022-09-19 13:59:00,1850,1850,1850,1850,0
2022-09-19 14:00:00,1850,1850,1850,1850,0
2022-09-19 14:01:00,1850,1850,1850,1850,0
2022-09-19 14:02:00,1850,1850,1850,1850,0
2022-09-19 14:03:00,1850,1850,1850,1850,0
2022-09-19 14:04:00,1850,1850,1850,1850,0
2022-09-19 14:05:00,1850,1850,1850,1850,0
2022-09-19 14:06:00,1850,1850,1850,1850,0
2022-09-19 14:07:00,1850,1850,1850,1850,0
2022-09-19 14:08:00,1850,1850,1850,1850,0
2022-09-19 14:09:00,1850,1850,1850,1850,0
2022-09-19 14:10:00,1850,1850,1850,1850,0
2022-09-19 14:11:00,1850,1850,1850,1850,0
2022-09-19 14:12:00,1850,1850,1850,1850,0
2022-09-19 14:13:00,1850,1850,1850,1850,0
2022-09-19 14:14:00,1850,1850,1850,1850,0
2022-09-19 14:15:00,1850,1850,1850,1850,0
2022-09-19 14:16:00,1850,1850,1850,1850,0
2022-09-19 14:17:00,1850,1850,1850,1850,0
2022-09-19 14:18:00,1850,1850,1850,1850,0
2022-09-19 14:19:00,1850,1850,1850,1850,0
2022-09-19 14:20:00,1850,1850,1850,1850,0
2022-09-19 14:21:00,1850,1850,1850,1850,0
2022-09-19 14:22:00,1850,1850,1850,1850,0
2022-09-19 14:23:00,1850,1850,1850,1850,0
2022-09-19 14:24:00,1850,1850,1850,1850,0
2022-09-19 14:25:00,1850,1850,1850,1850,0
2022-09-19 14:26:00,1850,1850,1850,1850,0
2022-09-19 14:27:00,1850,1850,1850,1850,0
2022-09-19 14:28:00,1850,1850,1850,1850,0
2022-09-19 14:29:00,1850,1850,1850,1850,0
2022-09-19 14:30:00,1850,1850,1850,1850,0
2022-09-19 14:31:00,1850,1850,1850,1850,0
2022-09-19 14:32:00,1850,1850,1850,1850,0
2022-09-19 14:33:00,1850,1850,1850,1850,0
2022-09-19 14:34:00,1850,1850,1850,1850,0
2022-09-19 14:35:00,1850,1850,1850,1850,0
2022-09-19 14:36:00,1850,1850,1850,1850,0
2022-09-19 14:37:00,1850,1850,1850,1850,0
2022-09-19 14:38:00,1850,1850,1850,1850,0
2022-09-19 14:39:00,1850,1850,1850,1850,0
2022-09-19 14:40:00,1850,1850,1850,1850,0
2022-09-19 14:41:00,1850,1850,1850,1850,0
2022-09-19 14:42:00,1850,1850,1850,1850,0
2022-09-19 14:43:00,1850,1850,1850,1850,0
2022-09-19 14:44:00,1850,1850,1850,1850,0
2022-09-19 14:45:00,1850,1850,1850,1850,0
2022-09-19 14:46:00,1850,1850,1850,1850,0
2022-09-19 14:47:00,1850,1850,1850,1850,0
2022-09-19 14:48:00,1850,1850,1850,1850,0
2022-09-19 14:49:00,1850,1850,1850,1850,0
2022-09-19 14:50:00,1850,1850,1850,1850,0
2022-09-19 14:51:00,1850,1850,1850,1850,0
2022-09-19 14:52:00,1850,1850,1850,1850,0
2022-09-19 14:53:00,1850,1850,1850,1850,0
2022-09-19 14:54:00,1850,1850,1850,1850,0
2022-09-19 14:55:00,1850,1850,1850,1850,0
2022-09-19 14:56:00,1850,1850,1850,1850,0
2022-09-19 14:57:00,1850,1850,1850,1850,0
2022-09-19 14:58:00,1850,1850,1850,1850,0
2022-09-19 14:59:00,1850,1850,1850,1850,0
2022-09-19 15:00:00,1850,1850,1850,1850,0
2022-09-19 15:01:00,1850,1850,1850,1850,0
2022-09-19 15:02:00,1850,1850,1850,1850,0
2022-09-19 15:03:00,1850,1850,1850,1850,0
2022-09-19 15:04:00,1850,1850,1850,1850,0
2022-09-19 15:05:00,1850,1850,1850,1850,0
2022-09-19 15:06:00,1850,1850,1850,1850,0
2022-09-19 15:07:00,1850,1850,1850,1850,0
2022-09-19 15:08:00,1850,1850,1850,1850,0
2022-09-19 15:09:00,1850,1850,1850,1850,0
2022-09-19 15:10:00,1850,1850,1850,1850,0
2022-09-19 15:11:00,1850,1850,1850,1850,0
2022-09-19 15:12:00,1850,1850,1850,1850,0
2022-09-19 15:13:00,1850,1850,1850,1850,0
2022-09-19 15:14:00,1850,1850,1850,1850,0
2022-09-19 15:15:00,1850,1850,1850,1850,0
2022-09-19 15:16:00,1850,1850,1850,1850,0
2022-09-19 15:17:00,1850,1850,1850,1850,0
2022-09-19 15:18:00,1850,1850,1850,1850,0
2022-09-19 15:19:00,1850,1850,1850,1850,0
2022-09-19 15:20:00,1850,1850,1850,1850,0
2022-09-19 15:21:00,1850,1850,1850,1850,0
2022-09-19 15:22:00,1850,1850,1850,1850,0
2022-09-19 15:23:00,1850,1850,1850,1850,0
2022-09-19 15:24:00,1850,1850,1850,1850,0
2022-09-19 15:25:00,1850,1850,1850,1850,0
2022-09-19 15:26:00,1850,1850,1850,1850,0
2022-09-19 15:27:00,1850,1850,1850,1850,0
2022-09-19 15:28:00,1850,1850,1850,1850,0
2022-09-19 15:29:00,1850,1850,1850,1850,0
2022-09-19 15:30:00,1850,1850,1850,1850,0
2022-09-19 15:31:00,1850,1850,1850,1850,0
2022-09-19 15:32:00,1850,1850,1850,1850,0
2022-09-19 15:33:00,1850,1850,1850,1850,0
2022-09-19 15:34:00,1850,1850,1850,1850,0
2022-09-19 15:35:00,1850,1850,1850,1850,0
2022-09-19 15:36:00,1850,1850,1850,1850,0
2022-09-19 15:37:00,1850,1850,1850,1850,0
2022-09-19 15:38:00,1850,1850,1850,1850,0
2022-09-19 15:39:00,1850,1850,1850,1850,0
2022-09-19 15:40:00,1850,1850,1850,1850,0
2022-09-19 15:41:00,1850,1850,1850,1850,0
2022-09-19 15:42:00,1850,1850,1850,1850,0
2022-09-19 15:43:00,1850,1850,1850,1850,0
2022-09-19 15:44:00,1850,1850,1850,1850,0
2022-09-19 15:45:00,1850,1850,1850,1850,0
2022-09-19 15:46:00,1850,1850,1850,1850,0
2022-09-19 15:47:00,1850,1850,1850,1850,0
2022-09-19 15:48:00,1850,1850,1850,1850,0
2022-09-19 15:49:00,1850,1850,1850,1850,0
2022-09-19 15:50:00,1850,1850,1850,1850,0
2022-09-19 15:51:00,1850,1850,1850,1850,0
2022-09-19 15:52:00,1850,1850,1850,1850,0
2022-09-19 15:53:00,1850,1850,1850,1850,0
2022-09-19 15:54:00,1850,1850,1850,1850,0
2022-09-19 15:55:00,1850,1850,1850,1850,0
2022-09-19 15:56:00,1850,1850,1850,1850,0
2022-09-19 15:57:00,1850,1850,1850,1850,0
2022-09-19 15:58:00,1850,1850,1850,1850,0
2022-09-19 15:59:00,1850,1850,1850,1850,0
2022-09-20 09:00:00,1850,1850,1850,1850,0
2022-09-20 09:01:00,1850,1850,1850,1850,0
2022-09-20 09:02:00,1850,1850,1850,1850,0
2022-09-20 09:03:00,1850,1850,1850,1850,0
2022-09-20 09:04:00,1850,1850,1850,1850,0
2022-09-20 09:05:00,1850,1850,1850,1850,0
2022-09-20 09:06:00,1850,1850,1850,1850,0
2022-09-20 09:07:00,1850,1850,1850,1850,0
2022-09-20 09:08:00,1850,1850,1850,1850,0
2022-09-20 09:09:00,1850,1850,1850,1850,0
2022-09-20 09:10:00,1850,1850,1850,1850,0
2022-09-20 09:11:00,1850,1850,1850,1850,0
2022-09-20 09:12:00,1850,1850,1850,1850,0
2022-09-20 09:13:00,1850,1850,1850,1850,0
2022-09-20 09:14:00,1850,1850,1850,1850,0
2022-09-20 09:15:00,1850,1850,1850,1850,0
2022-09-20 09:16:00,1850,1850,1850,1850,0
2022-09-20 09:17:00,1850,1850,1850,1850,0
2022-09-20 09:18:00,1850,1850,1850,1850,0
2022-09-20 09:19:00,1850,1850,1850,1850,0
2022-09-20 09:20:00,1850,1850,1850,1850,0
2022-09-20 09:21:00,1850,1850,1850,1850,0
2022-09-20 09:22:00,1850,1850,1850,1850,0
2022-09-20 09:23:00,1850,1850,1850,1850,0
2022-09-20 09:24:00,1850,1850,1850,1850,0
2022-09-20 09:25:00,1850,1850,1850,1850,0
2022-09-20 09:26:00,1850,1850,1850,1850,0
2022-09-20 09:27:00,1850,1850,1850,1850,0
2022-09-20 09:28:00,1850,1850,1850,1850,0
2022-09-20 09:29:00,1850,1850,1850,1850,0
2022-09-20 09:30:00,1850,1850,1850,1850,0
2022-09-20 09:31:00,1850,1850,1850,1850,0
2022-09-20 09:32:00,1850,1850,1850,1850,0
2022-09-20 09:33:00,1850,1850,1850,1850,0
2022-09-20 09:34:00,1850,1850,1850,1850,0
2022-09-20 09:35:00,1850,1850,1850,1850,0
2022-09-20 09:36:00,1850,1850,1850,1850,0
2022-09-20 09:37:00,1850,1850,1850,1850,0
2022-09-20 09:38:00,1850,1850,1850,1850,0
2022-09-20 09:39:00,1850,1850,1850,1850,0
2022-09-20 09:40:00,1850,1850,1850,1850,0
2022-09-20 09:41:00,1850,1850,1850,1850,0
2022-09-20 09:42:00,1850,1850,1850,1850,0
2022-09-20 09:43:00,1850,1850,1850,1850,0
2022-09-20 09:44:00,1850,1850,1850,1850,0
2022-09-20 09:45:00,1850,1850,1850,1850,0
2022-09-20 09:46:00,1850,1850,1850,1850,0
2022-09-20 09:47:00,1850,1850,1850,1850,0
2022-09-20 09:48:00,1850,1850,1850,1850,0
2022-09-20 09:49:00,1850,1850,1850,1850,0
2022-09-20 09:50:00,1850,1850,1850,1850,0
2022-09-20 09:51:00,1850,1850,1850,1850,0
2022-09-20 09:52:00,1850,1850,1850,1850,0
2022-09-20 09:53:00,1850,1850,1850,1850,0
2022-09-20 09:54:00,1850,1850,1850,1850,0
2022-09-20 09:55:00,1850,1850,1850,1850,0
2022-09-20 09:56:00,1850,1850,1850,1850,0
2022-09-20 09:57:00,1850,1850,1850,1850,0
2022-09-20 09:58:00,1850,1850,1850,1850,0
2022-09-20 09:59:00,1850,1850,1850,1850,0
2022-09-20 10:00:00,1850,1850,1850,1850,0
2022-09-20 10:01:00,1850,1850,1850,1850,0
2022-09-20 10:02:00,1850,1850,1850,1850,0
2022-09-20 10:03:00,1850,1850,1850,1850,0
2022-09-20 10:04:00,1850,1850,1850,1850,0
2022-09-20 10:05:00,1850,1850,1850,1850,0
2022-09-20 10:06:00,1850,1850,1850,1850,0
2022-09-20 10:07:00,1850,1850,1850,1850,0
2022-09-20 10:08:00,1850,1850,1850,1850,0
2022-09-20 10:09:00,1850,1850,1850,1850,0
2022-09-20 10:10:00,1850,1850,1850,1850,0
2022-09-20 10:11:00,1850,1850,1850,1850,0
2022-09-20 10:12:00,1850,1850,1850,1850,0
2022-09-20 10:13:00,1850,1850,1850,1850,0
2022-09-20 10:14:00,1850,1850,1850,1850,0
2022-09-20 10:15:00,1850,1850,1850,1850,0
2022-09-20 10:16:00,1850,1850,1850,1850,0
2022-09-20 10:17:00,1850,1850,1850,1850,0
2022-09-20 10:18:00,1850,1850,1850,1850,0
2022-09-20 10:19:00,1850,1850,1850,1850,0
2022-09-20 10:20:00,1850,1850,1850,1850,0
2022-09-20 10:21:00,1850,1850,1850,1850,0
2022-09-20 10:22:00,1850,1850,1850,1850,0
2022-09-20 10:23:00,1850,1850,1850,1850,0
2022-09-20 10:24:00,1850,1850,1850,1850,0
2022-09-20 10:25:00,1850,1850,1850,1850,0
2022-09-20 10:26:00,1850,1850,1850,1850,0
2022-09-20 10:27:00,1850,1850,1850,1850,0
2022-09-20 10:28:00,1850,1850,1850,1850,0
2022-09-20 10:29:00,1850,1850,1850,1850,0
2022-09-20 10:30:00,1850,1850,1850,1850,0
2022-09-20 10:31:00,1850,1850,1850,1850,0
2022-09-20 10:32:00,1850,1850,1850,1850,0
2022-09-20 10:33:00,1850,1850,1850,1850,0
2022-09-20 10:34:00,1850,1850,1850,1850,0
2022-09-20 10:35:00,1850,1850,1850,1850,0
2022-09-20 10:36:00,1850,1850,1850,1850,0
2022-09-20 10:37:00,1850,1850,1850,1850,0
2022-09-20 10:38:00,1850,1850,1850,1850,0
2022-09-20 10:39:00,1850,1850,1850,1850,0
2022-09-20 10:40:00,1850,1850,1850,1850,0
2022-09-20 10:41:00,1850,1850,1850,1850,0
2022-09-20 10:42:00,1850,1850,1850,1850,0
2022-09-20 10:43:00,1850,1850,1850,1850,0
2022-09-20 10:44:00,1850,1850,1850,1850,0
2022-09-20 10:45:00,1850,1850,1850,1850,0
2022-09-20 10:46:00,1850,1850,1850,1850,0
2022-09-20 10:47:00,1850,1850,1850,1850,0
2022-09-20 10:48:00,1850,1850,1850,1850,0
2022-09-20 10:49:00,1850,1850,1850,1850,0
2022-09-20 10:50:00,1850,1850,1850,1850,0
2022-09-20 10:51:00,1850,1850,1850,1850,0
2022-09-20 10:52:00,1850,1850,1850,1850,0
2022-09-20 10:53:00,1850,1850,1850,1850,0
2022-09-20 10:54:00,1850,1850,1850,1850,0
2022-09-20 10:55:00,1850,1850,1850,1850,0
2022-09-20 10:56:00,1850,1850,1850,1850,0
2022-09-20 10:57:00,1850,1850,1850,1850,0
2022-09-20 10:58:00,1850,1850,1850,1850,0
2022-09-20 10:59:00,1850,1850,1850,1850,0
2022-09-20 11:00:00,1850,1850,1850,1850,0
2022-09-20 11:01:00,1850,1850,1850,1850,0
2022-09-20 11:02:00,1850,1850,1850,1850,0
2022-09-20 11:03:00,1850,1850,1850,1850,0
2022-09-20 11:04:00,1850,1850,1850,1850,0
2022-09-20 11:05:00,1850,1850,1850,1850,0
2022-09-20 11:06:00,1850,1850,1850,1850,0
2022-09-20 11:07:00,1850,1850,1850,1850,0
2022-09-20 11:08:00,1850,1850,1850,1850,0
2022-09-20 11:09:00,1850,1850,1850,1850,0
2022-09-20 11:10:00,1850,1850,1850,1850,0
2022-09-20 11:11:00,1850,1850,1850,1850,0
2022-09-20 11:12:00,1850,1850,1850,1850,0
2022-09-20 11:13:00,1850,1850,1850,1850,0
2022-09-20 11:14:00,1850,1850,1850,1850,0
2022-09-20 11:15:00,1850,1850,1850,1850,0
2022-09-20 11:16:00,1850,1850,1850,1850,0
2022-09-20 11:17:00,1850,1850,1850,1850,0
2022-09-20 11:18:00,1850,1850,1850,1850,0
2022-09-20 11:19:00,1850,1850,1850,1850,0
2022-09-20 11:20:00,1850,1850,1850,1850,0
2022-09-20 11:21:00,1850,1850,1850,1850,0
2022-09-20 11:22:00,1850,1850,1850,1850,0
2022-09-20 11:23:00,1850,1850,1850,1850,0
2022-09-20 11:24:00,1850,1850,1850,1850,0
2022-09-20 11:25:00,1850,1850,1850,1850,0
2022-09-20 11:26:00,1850,1850,1850,1850,0
2022-09-20 11:27:00,1850,1850,1850,1850,0
2022-09-20 11:28:00,1850,1850,1850,1850,0
2022-09-20 11:29:00,1850,1850,1850,1850,0
2022-09-20 11:30:00,1850,1850,1850,1850,0
2022-09-20 11:31:00,1850,1850,1850,1850,0
2022-09-20 11:32:00,1850,1850,1850,1850,0
2022-09-20 11:33:00,1850,1850,1850,1850,0
2022-09-20 11:34:00,1850,1850,1850,1850,0
2022-09-20 11:35:00,1850,1850,1850,1850,0
2022-09-20 11:36:00,1850,1850,1850,1850,0
2022-09-20 11:37:00,1850,1850,1850,1850,0
2022-09-20 11:38:00,1850,1850,1850,1850,0
2022-09-20 11:39:00,1850,1850,1850,1850,0
2022-09-20 11:40:00,1850,1850,1850,1850,0
2022-09-20 11:41:00,1850,1850,1850,1850,0
2022-09-20 11:42:00,1850,1850,1850,1850,0
2022-09-20 11:43:00,1850,1850,1850,1850,0
2022-09-20 11:44:00,1850,1850,1850,1850,0
2022-09-20 11:45:00,1850,1850,1850,1850,0
2022-09-20 11:46:00,1850,1850,1850,1850,0
2022-09-20 11:47:00,1850,1850,1850,1850,0
2022-09-20 11:48:00,1850,1850,1850,1850,0
2022-09-20 11:49:00,1850,1850,1850,1850,0
2022-09-20 11:50:00,1850,1850,1850,1850,0
2022-09-20 11:51:00,1850,1850,1850,1850,0
2022-09-20 11:52:00,1850,1850,1850,1850,0
2022-09-20 11:53:00,1850,1850,1850,1850,0
2022-09-20 11:54:00,1850,1850,1850,1850,0
2022-09-20 11:55:00,1850,1850,1850,1850,0
2022-09-20 11:56:00,1850,1850,1850,1850,0
2022-09-20 11:57:00,1850,1850,1850,1850,0
2022-09-20 11:58:00,1850,1850,1850,1850,0
2022-09-20 11:59:00,1850,1850,1850,1850,0
2022-09-20 12:00:00,1850,1850,1850,1850,0
2022-09-20 12:01:00,1850,1850,1850,1850,0
2022-09-20 12:02:00,1850,1850,1850,1850,0
2022-09-20 12:03:00,1850,1850,1850,1850,0
2022-09-20 12:04:00,1850,1850,1850,1850,0
2022-09-20 12:05:00,1850,1850,1850,1850,0
2022-09-20 12:06:00,1850,1850,1850,1850,0
2022-09-20 12:07:00,1850,1850,1850,1850,0
2022-09-20 12:08:00,1850,1850,1850,1850,0
2022-09-20 12:09:00,1850,1850,1850,1850,0
2022-09-20 12:10:00,1850,1850,1850,1850,0
2022-09-20 12:11:00,1850,1850,1850,1850,0
2022-09-20 12:12:00,1850,1850,1850,1850,0
2022-09-20 12:13:00,1850,1850,1850,1850,0
2022-09-20 12:14:00,1850,1850,1850,1850,0
2022-09-20 12:15:00,1850,1850,1850,1850,0
2022-09-20 12:16:00,1850,1850,1850,1850,0
2022-09-20 12:17:00,1850,1850,1850,1850,0
2022-09-20 12:18:00,1850,1850,1850,1850,0
2022-09-20 12:19:00,1850,1850,1850,1850,0
2022-09-20 12:20:00,1850,1850,1850,1850,0
2022-09-20 12:21:00,1850,1850,1850,1850,0
2022-09-20 12:22:00,1850,1850,1850,1850,0
2022-09-20 12:23:00,1850,1850,1850,1850,0
2022-09-20 12:24:00,1850,1850,1850,1850,0
2022-09-20 12:25:00,1850,1850,1850,1850,0
2022-09-20 12:26:00,1850,1850,1850,1850,0
2022-09-20 12:27:00,1850,1850,1850,1850,0
2022-09-20 12:28:00,1850,1850,1850,1850,0
2022-09-20 12:29:00,1850,1850,1850,1850,0
2022-09-20 12:30:00,1850,1850,1850,1850,0
2022-09-20 12:31:00,1850,1850,1850,1850,0
2022-09-20 12:32:00,1850,1850,1850,1850,0
2022-09-20 12:33:00,1850,1850,1850,1850,0
2022-09-20 12:34:00,1850,1850,1850,1850,0
2022-09-20 12:35:00,1850,1850,1850,1850,0
2022-09-20 12:36:00,1850,1850,1850,1850,0
2022-09-20 12:37:00,1850,1850,1850,1850,0
2022-09-20 12:38:00,1850,1850,1850,1850,0
2022-09-20 12:39:00,1850,1850,1850,1850,0
2022-09-20 12:40:00,1850,1850,1850,1850,0
2022-09-20 12:41:00,1850,1850,1850,1850,0
2022-09-20 12:42:00,1850,1850,1850,1850,0
2022-09-20 12:43:00,1850,1850,1850,1850,0
2022-09-20 12:44:00,1850,1850,1850,1850,0
2022-09-20 12:45:00,1850,1850,1850,1850,0
2022-09-20 12:46:00,1850,1850,1850,1850,0
2022-09-20 12:47:00,1850,1850,1850,1850,0
2022-09-20 12:48:00,1850,1850,1850,1850,0
2022-09-20 12:49:00,1850,1850,1850,1850,0
2022-09-20 12:50:00,1850,1850,1850,1850,0
2022-09-20 12:51:00,1850,1850,1850,1850,0
2022-09-20 12:52:00,1850,1850,1850,1850,0
2022-09-20 12:53:00,1850,1850,1850,1850,0
2022-09-20 12:54:00,1850,1850,1850,1850,0
2022-09-20 12:55:00,1850,1850,1850,1850,0
2022-09-20 12:56:00,1850,1850,1850,1850,0
2022-09-20 12:57:00,1850,1850,1850,1850,0
2022-09-20 12:58:00,1850,1850,1850,1850,0
2022-09-20 12:59:00,1850,1850,1850,1850,0
2022-09-20 13:00:00,1850,1850,1850,1850,0
2022-09-20 13:01:00,1850,1850,1850,1850,0
2022-09-20 13:02:00,1850,1850,1850,1850,0
2022-09-20 13:03:00,1850,1850,1850,1850,0
2022-09-20 13:04:00,1850,1850,1850,1850,0
2022-09-20 13:05:00,1850,1850,1850,1850,0
2022-09-20 13:06:00,1850,1850,1850,1850,0
2022-09-20 13:07:00,1850,1850,1850,1850,0
2022-09-20 13:08:00,1850,1850,1850,1850,0
2022-09-20 13:09:00,1850,1850,1850,1850,0
2022-09-20 13:10:00,1850,1850,1850,1850,0
2022-09-20 13:11:00,1850,1850,1850,1850,0
2022-09-20 13:12:00,1850,1850,1850,1850,0
2022-09-20 13:13:00,1850,1850,1850,1850,0
2022-09-20 13:14:00,1850,1850,1850,1850,0
2022-09-20 13:15:00,1850,1850,1850,1850,0
2022-09-20 13:16:00,1850,1850,1850,1850,0
2022-09-20 13:17:00,1850,1850,1850,1850,0
2022-09-20 13:18:00,1850,1850,1850,1850,0
2022-09-20 13:19:00,1850,1850,1850,1850,0
2022-09-20 13:20:00,1850,1850,1850,1850,0
2022-09-20 13:21:00,1850,1850,1850,1850,0
2022-09-20 13:22:00,1850,1850,1850,1850,0
2022-09-20 13:23:00,1850,1850,1850,1850,0
2022-09-20 13:24:00,1850,1850,1850,1850,0
2022-09-20 13:25:00,1850,1850,1850,1850,0
2022-09-20 13:26:00,1850,1850,1850,1850,0
2022-09-20 13:27:00,1850,1850,1850,1850,0
2022-09-20 13:28:00,1850,1850,1850,1850,0
2022-09-20 13:29:00,1850,1850,1850,1850,0
2022-09-20 13:30:00,1850,1850,1850,1850,0
2022-09-20 13:31:00,1850,1850,1850,1850,0
2022-09-20 13:32:00,1850,1850,1850,1850,0
2022-09-20 13:33:00,1850,1850,1850,1850,0
2022-09-20 13:34:00,1850,1850,1850,1850,0
2022-09-20 13:35:00,1850,1850,1850,1850,0
2022-09-20 13:36:00,1850,1850,1850,1850,0
2022-09-20 13:37:00,1850,1850,1850,1850,0
2022-09-20 13:38:00,1850,1850,1850,1850,0
2022-09-20 13:39:00,1850,1850,1850,1850,0
2022-09-20 13:40:00,1850,1850,1850,1850,0
2022-09-20 13:41:00,1850,1850,1850,1850,0
2022-09-20 13:42:00,1850,1850,1850,1850,0
2022-09-20 13:43:00,1850,1850,1850,1850,0
2022-09-20 13:44:00,1850,1850,1850,1850,0
2022-09-20 13:45:00,1850,1850,1850,1850,0
2022-09-20 13:46:00,1850,1850,1850,1850,0
2022-09-20 13:47:00,1850,1850,1850,1850,0
2022-09-20 13:48:00,1850,1850,1850,1850,0
2022-09-20 13:49:00,1850,1850,1850,1850,0
2022-09-20 13:50:00,1850,1850,1850,1850,0
2022-09-20 13:51:00,1850,1850,1850,1850,0
2022-09-20 13:52:00,1850,1850,1850,1850,0
2022-09-20 13:53:00,1850,1850,1850,1850,0
2022-09-20 13:54:00,1850,1850,1850,1850,0
2022-09-20 13:55:00,1850,1850,1850,1850,0
2022-09-20 13:56:00,1850,1850,1850,1850,0
2022-09-20 13:57:00,1850,1850,1850,1850,0
2022-09-20 13:58:00,1850,1850,1850,1850,0
2022-09-20 13:59:00,1850,1850,1850,1850,0
2022-09-20 14:00:00,1850,1850,1850,1850,0
2022-09-20 14:01:00,1850,1850,1850,1850,0
2022-09-20 14:02:00,1850,1850,1850,1850,0
2022-09-20 14:03:00,1850,1850,1850,1850,0
2022-09-20 14:04:00,1850,1850,1850,1850,0
2022-09-20 14:05:00,1850,1850,1850,1850,0
2022-09-20 14:06:00,1850,1850,1850,1850,0
2022-09-20 14:07:00,1850,1850,1850,1850,0
2022-09-20 14:08:00,1850,1850,1850,1850,0
2022-09-20 14:09:00,1850,1850,1850,1850,0
2022-09-20 14:10:00,1850,1850,1850,1850,0
2022-09-20 14:11:00,1850,1850,1850,1850,0
2022-09-20 14:12:00,1850,1850,1850,1850,0
2022-09-20 14:13:00,1850,1850,1850,1850,0
2022-09-20 14:14:00,1850,1850,1850,1850,0
2022-09-20 14:15:00,1850,1850,1850,1850,0
2022-09-20 14:16:00,1850,1850,1850,1850,0
2022-09-20 14:17:00,1850,1850,1850,1850,0
2022-09-20 14:18:00,1850,1850,1850,1850,0
2022-09-20 14:19:00,1850,1850,1850,1850,0
2022-09-20 14:20:00,1850,1850,1850,1850,0
2022-09-20 14:21:00,1850,1850,1850,1850,0
2022-09-20 14:22:00,1850,1850,1850,1850,0
2022-09-20 14:23:00,1850,1850,1850,1850,0
2022-09-20 14:24:00,1850,1850,1850,1850,0
2022-09-20 14:25:00,1850,1850,1850,1850,0
2022-09-20 14:26:00,1850,1850,1850,1850,0
2022-09-20 14:27:00,1850,1850,1850,1850,0
2022-09-20 14:28:00,1850,1850,1850,1850,0
2022-09-20 14:29:00,1850,1850,1850,1850,0
2022-09-20 14:30:00,1850,1850,1850,1850,0
2022-09-20 14:31:00,1850,1850,1850,1850,0
2022-09-20 14:32:00,1850,1850,1850,1850,0
2022-09-20 14:33:00,1850,1850,1850,1850,0
2022-09-20 14:34:00,1850,1850,1850,1850,0
2022-09-20 14:35:00,1850,1850,1850,1850,0
2022-09-20 14:36:00,1850,1850,1850,1850,0
2022-09-20 14:37:00,1850,1850,1850,1850,0
2022-09-20 14:38:00,1850,1850,1850,1850,0
2022-09-20 14:39:00,1850,1850,1850,1850,0
2022-09-20 14:40:00,1850,1850,1850,1850,0
2022-09-20 14:41:00,1850,1850,1850,1850,0
2022-09-20 14:42:00,1850,1850,1850,1850,0
2022-09-20 14:43:00,1850,1850,1850,1850,0
2022-09-20 14:44:00,1850,1850,1850,1850,0
2022-09-20 14:45:00,1850,1850,1850,1850,0
2022-09-20 14:46:00,1850,1850,1850,1850,0
2022-09-20 14:47:00,1850,1850,1850,1850,0
2022-09-20 14:48:00,1850,1850,1850,1850,0
2022-09-20 14:49:00,1850,1850,1850,1850,0
2022-09-20 14:50:00,1850,1850,1850,1850,0
2022-09-20 14:51:00,1850,1850,1850,1850,0
2022-09-20 14:52:00,1850,1850,1850,1850,0
2022-09-20 14:53:00,1850,1850,1850,1850,0
2022-09-20 14:54:00,1850,1850,1850,1850,0
2022-09-20 14:55:00,1850,1850,1850,1850,0
2022-09-20 14:56:00,1850,1850,1850,1850,0
2022-09-20 14:57:00,1850,1850,1850,1850,0
2022-09-20 14:58:00,1850,1850,1850,1850,0
2022-09-20 14:59:00,1850,1850,1850,1850,0
2022-09-20 15:00:00,1850,1850,1850,1850,0
2022-09-20 15:01:00,1850,1850,1850,1850,0
2022-09-20 15:02:00,1850,1850,1850,1850,0
2022-09-20 15:03:00,1850,1850,1850,1850,0
2022-09-20 15:04:00,1850,1850,1850,1850,0
2022-09-20 15:05:00,1850,1850,1850,1850,0
2022-09-20 15:06:00,1850,1850,1850,1850,0
2022-09-20 15:07:00,1850,1850,1850,1850,0
2022-09-20 15:08:00,1850,1850,1850,1850,0
2022-09-20 15:09:00,1850,1850,1850,1850,0
2022-09-20 15:10:00,1850,1850,1850,1850,0
2022-09-20 15:11:00,1850,1850,1850,1850,0
2022-09-20 15:12:00,1850,1850,1850,1850,0
2022-09-20 15:13:00,1850,1850,1850,1850,0
2022-09-20 15:14:00,1850,1850,1850,1850,0
2022-09-20 15:15:00,1850,1850,1850,1850,0
2022-09-20 15:16:00,1850,1850,1850,1850,0
2022-09-20 15:17:00,1850,1850,1850,1850,0
2022-09-20 15:18:00,1850,1850,1850,1850,0
2022-09-20 15:19:00,1850,1850,1850,1850,0
2022-09-20 15:20:00,1850,1850,1850,1850,0
2022-09-20 15:21:00,1850,1850,1850,1850,0
2022-09-20 15:22:00,1850,1850,1850,1850,0
2022-09-20 15:23:00,1850,1850,1850,1850,0
2022-09-20 15:24:00,1850,1850,1850,1850,0
2022-09-20 15:25:00,1850,1850,1850,1850,0
2022-09-20 15:26:00,1850,1850,1850,1850,0
2022-09-20 15:27:00,1850,1850,1850,1850,0
2022-09-20 15:28:00,1850,1850,1850,1850,0
2022-09-20 15:29:00,1850,1850,1850,1850,0
2022-09-20 15:30:00,1850,1850,1850,1850,0
2022-09-20 15:31:00,1850,1850,1850,1850,0
2022-09-20 15:32:00,1850,1850,1850,1850,0
2022-09-20 15:33:00,1850,1850,1850,1850,0
2022-09-20 15:34:00,1850,1850,1850,1850,0
2022-09-20 15:35:00,1850,1850,1850,1850,0
2022-09-20 15:36:00,1850,1850,1850,1850,0
2022-09-20 15:37:00,1850,1850,1850,1850,0
2022-09-20 15:38:00,1850,1850,1850,1850,0
2022-09-20 15:39:00,1850,1850,1850,1850,0
2022-09-20 15:40:00,1850,1850,1850,1850,0
2022-09-20 15:41:00,1850,1850,1850,1850,0
2022-09-20 15:42:00,1850,1850,1850,1850,0
2022-09-20 15:43:00,1850,1850,1850,1850,0
2022-09-20 15:44:00,1850,1850,1850,1850,0
2022-09-20 15:45:00,1850,1850,1850,1850,0
2022-09-20 15:46:00,1850,1850,1850,1850,0
2022-09-20 15:47:00,1850,1850,1850,1850,0
2022-09-20 15:48:00,1850,1850,1850,1850,0
2022-09-20 15:49:00,1850,1850,1850,1850,0
2022-09-20 15:50:00,1850,1850,1850,1850,0
2022-09-20 15:51:00,1850,1850,1850,1850,0
2022-09-20 15:52:00,1850,1850,1850,1850,0
2022-09-20 15:53:00,1850,1850,1850,1850,0
2022-09-20 15:54:00,1850,1850,1850,1850,0
2022-09-20 15:55:00,1850,1850,1850,1850,0
2022-09-20 15:56:00,1850,1850,1850,1850,0
2022-09-20 15:57:00,1850,1850,1850,1850,0
2022-09-20 15:58:00,1850,1850,1850,1850,0
2022-09-20 15:59:00,1850,1850,1850,1850,0
2022-09-21 09:00:00,1850,1850,1850,1850,0
2022-09-21 09:01:00,1850,1850,1850,1850,0
2022-09-21 09:02:00,1850,1850,1850,1850,0
2022-09-21 09:03:00,1850,1850,1850,1850,0
2022-09-21 09:04:00,1850,1850,1850,1850,0
2022-09-21 09:05:00,1850,1850,1850,1850,0
2022-09-21 09:06:00,1850,1850,1850,1850,0
2022-09-21 09:07:00,1850,1850,1850,1850,0
2022-09-21 09:08:00,1850,1850,1850,1850,0
2022-09-21 09:09:00,1850,1850,1850,1850,0
2022-09-21 09:10:00,1850,1850,1850,1850,0
2022-09-21 09:11:00,1850,1850,1850,1850,0
2022-09-21 09:12:00,1850,1850,1850,1850,0
2022-09-21 09:13:00,1850,1850,1850,1850,0
2022-09-21 09:14:00,1850,1850,1850,1850,0
2022-09-21 09:15:00,1850,1850,1850,1850,0
2022-09-21 09:16:00,1850,1850,1850,1850,0
2022-09-21 09:17:00,1850,1850,1850,1850,0
2022-09-21 09:18:00,1850,1850,1850,1850,0
2022-09-21 09:19:00,1850,1850,1850,1850,0
2022-09-21 09:20:00,1850,1850,1850,1850,0
2022-09-21 09:21:00,1850,1850,1850,1850,0
2022-09-21 09:22:00,1850,1850,1850,1850,0
2022-09-21 09:23:00,1850,1850,1850,1850,0
2022-09-21 09:24:00,1850,1850,1850,1850,0
2022-09-21 09:25:00,1850,1850,1850,1850,0
2022-09-21 09:26:00,1850,1850,1850,1850,0
2022-09-21 09:27:00,1850,1850,1850,1850,0
2022-09-21 09:28:00,1850,1850,1850,1850,0
2022-09-21 09:29:00,1850,1850,1850,1850,0
2022-09-21 09:30:00,1850,1850,1850,1850,0
2022-09-21 09:31:00,1850,1850,1850,1850,0
2022-09-21 09:32:00,1850,1850,1850,1850,0
2022-09-21 09:33:00,1850,1850,1850,1850,0
2022-09-21 09:34:00,1850,1850,1850,1850,0
2022-09-21 09:35:00,1850,1850,1850,1850,0
2022-09-21 09:36:00,1850,1850,1850,1850,0
2022-09-21 09:37:00,1850,1850,1850,1850,0
2022-09-21 09:38:00,1850,1850,1850,1850,0
2022-09-21 09:39:00,1850,1850,1850,1850,0
2022-09-21 09:40:00,1850,1850,1850,1850,0
2022-09-21 09:41:00,1850,1850,1850,1850,0
2022-09-21 09:42:00,1850,1850,1850,1850,0
2022-09-21 09:43:00,1850,1850,1850,1850,0
2022-09-21 09:44:00,1850,1850,1850,1850,0
2022-09-21 09:45:00,1850,1850,1850,1850,0
2022-09-21 09:46:00,1850,1850,1850,1850,0
2022-09-21 09:47:00,1850,1850,1850,1850,0
2022-09-21 09:48:00,1850,1850,1850,1850,0
2022-09-21 09:49:00,1850,1850,1850,1850,0
2022-09-21 09:50:00,1850,1850,1850,1850,0
2022-09-21 09:51:00,1850,1850,1850,1850,0
2022-09-21 09:52:00,1850,1850,1850,1850,0
2022-09-21 09:53:00,1850,1850,1850,1850,0
2022-09-21 09:54:00,1850,1850,1850,1850,0
2022-09-21 09:55:00,1850,1850,1850,1850,0
2022-09-21 09:56:00,1850,1850,1850,1850,0
2022-09-21 09:57:00,1850,1850,1850,1850,0
2022-09-21 09:58:00,1850,1850,1850,1850,0
2022-09-21 09:59:00,1850,1850,1850,1850,0
2022-09-21 10:00:00,1850,1850,1850,1850,0
2022-09-21 10:01:00,1850,1850,1850,1850,0
2022-09-21 10:02:00,1850,1850,1850,1850,0
2022-09-21 10:03:00,1850,1850,1850,1850,0
2022-09-21 10:04:00,1850,1850,1850,1850,0
2022-09-21 10:05:00,1850,1850,1850,1850,0
2022-09-21 10:06:00,1850,1850,1850,1850,0
2022-09-21 10:07:00,1850,1850,1850,1850,0
2022-09-21 10:08:00,1850,1850,1850,1850,0
2022-09-21 10:09:00,1850,1850,1850,1850,0
2022-09-21 10:10:00,1850,1850,1850,1850,0
2022-09-21 10:11:00,1850,1850,1850,1850,0
2022-09-21 10:12:00,1850,1850,1850,1850,0
2022-09-21 10:13:00,1850,1850,1850,1850,0
2022-09-21 10:14:00,1850,1850,1850,1850,0
2022-09-21 10:15:00,1850,1850,1850,1850,0
2022-09-21 10:16:00,1850,1850,1850,1850,0
2022-09-21 10:17:00,1850,1850,1850,1850,0
2022-09-21 10:18:00,1850,1850,1850,1850,0
2022-09-21 10:19:00,1850,1850,1850,1850,0
2022-09-21 10:20:00,1850,1850,1850,1850,0
2022-09-21 10:21:00,1850,1850,1850,1850,0
2022-09-21 10:22:00,1850,1850,1850,1850,0
2022-09-21 10:23:00,1850,1850,1850,1850,0
2022-09-21 10:24:00,1850,1850,1850,1850,0
2022-09-21 10:25:00,1850,1850,1850,1850,0
2022-09-21 10:26:00,1850,1850,1850,1850,0
2022-09-21 10:27:00,1850,1850,1850,1850,0
2022-09-21 10:28:00,1850,1850,1850,1850,0
2022-09-21 10:29:00,1850,1850,1850,1850,0
2022-09-21 10:30:00,1850,1850,1850,1850,0
2022-09-21 10:31:00,1850,1850,1850,1850,0
2022-09-21 10:32:00,1850,1850,1850,1850,0
2022-09-21 10:33:00,1850,1850,1850,1850,0
2022-09-21 10:34:00,1850,1850,1850,1850,0
2022-09-21 10:35:00,1850,1850,1850,1850,0
2022-09-21 10:36:00,1850,1850,1850,1850,0
2022-09-21 10:37:00,1850,1850,1850,1850,0
2022-09-21 10:38:00,1850,1850,1850,1850,0
2022-09-21 10:39:00,1850,1850,1850,1850,0
2022-09-21 10:40:00,1850,1850,1850,1850,0
2022-09-21 10:41:00,1850,1850,1850,1850,0
2022-09-21 10:42:00,1850,1850,1850,1850,0
2022-09-21 10:43:00,1850,1850,1850,1850,0
2022-09-21 10:44:00,1850,1850,1850,1850,0
2022-09-21 10:45:00,1850,1850,1850,1850,0
2022-09-21 10:46:00,1850,1850,1850,1850,0
2022-09-21 10:47:00,1850,1850,1850,1850,0
2022-09-21 10:48:00,1850,1850,1850,1850,0
2022-09-21 10:49:00,1850,1850,1850,1850,0
2022-09-21 10:50:00,1850,1850,1850,1850,0
2022-09-21 10:51:00,1850,1850,1850,1850,0
2022-09-21 10:52:00,1850,1850,1850,1850,0
2022-09-21 10:53:00,1850,1850,1850,1850,0
2022-09-21 10:54:00,1850,1850,1850,1850,0
2022-09-21 10:55:00,1850,1850,1850,1850,0
2022-09-21 10:56:00,1850,1850,1850,1850,0
2022-09-21 10:57:00,1850,1850,1850,1850,0
2022-09-21 10:58:00,1850,1850,1850,1850,0
2022-09-21 10:59:00,1850,1850,1850,1850,0
2022-09-21 11:00:00,1850,1850,1850,1850,0
2022-09-21 11:01:00,1850,1850,1850,1850,0
2022-09-21 11:02:00,1850,1850,1850,1850,0
2022-09-21 11:03:00,1850,1850,1850,1850,0
2022-09-21 11:04:00,1850,1850,1850,1850,0
2022-09-21 11:05:00,1850,1850,1850,1850,0
2022-09-21 11:06:00,1850,1850,1850,1850,0
2022-09-21 11:07:00,1850,1850,1850,1850,0
2022-09-21 11:08:00,1850,1850,1850,1850,0
2022-09-21 11:09:00,1850,1850,1850,1850,0
2022-09-21 11:10:00,1850,1850,1850,1850,0
2022-09-21 11:11:00,1850,1850,1850,1850,0
2022-09-21 11:12:00,1850,1850,1850,1850,0
2022-09-21 11:13:00,1850,1850,1850,1850,0
2022-09-21 11:14:00,1850,1850,1850,1850,0
2022-09-21 11:15:00,1850,1850,1850,1850,0
2022-09-21 11:16:00,1850,1850,1850,1850,0
2022-09-21 11:17:00,1850,1850,1850,1850,0
2022-09-21 11:18:00,1850,1850,1850,1850,0
2022-09-21 11:19:00,1850,1850,1850,1850,0
2022-09-21 11:20:00,1850,1850,1850,1850,0
2022-09-21 11:21:00,1850,1850,1850,1850,0
2022-09-21 11:22:00,1850,1850,1850,1850,0
2022-09-21 11:23:00,1850,1850,1850,1850,0
2022-09-21 11:24:00,1850,1850,1850,1850,0
2022-09-21 11:25:00,1850,1850,1850,1850,0
2022-09-21 11:26:00,1850,1850,1850,1850,0
2022-09-21 11:27:00,1850,1850,1850,1850,0
2022-09-21 11:28:00,1850,1850,1850,1850,0
2022-09-21 11:29:00,1850,1850,1850,1850,0
2022-09-21 11:30:00,1850,1850,1850,1850,0
2022-09-21 11:31:00,1850,1850,1850,1850,0
2022-09-21 11:32:00,1850,1850,1850,1850,0
2022-09-21 11:33:00,1850,1850,1850,1850,0
2022-09-21 11:34:00,1850,1850,1850,1850,0
2022-09-21 11:35:00,1850,1850,1850,1850,0
2022-09-21 11:36:00,1850,1850,1850,1850,0
2022-09-21 11:37:00,1850,1850,1850,1850,0
2022-09-21 11:38:00,1850,1850,1850,1850,0
2022-09-21 11:39:00,1850,1850,1850,1850,0
2022-09-21 11:40:00,1850,1850,1850,1850,0
2022-09-21 11:41:00,1850,1850,1850,1850,0
2022-09-21 11:42:00,1850,1850,1850,1850,0
2022-09-21 11:43:00,1850,1850,1850,1850,0
2022-09-21 11:44:00,1850,1850,1850,1850,0
2022-09-21 11:45:00,1850,1850,1850,1850,0
2022-09-21 11:46:00,1850,1850,1850,1850,0
2022-09-21 11:47:00,1850,1850,1850,1850,0
2022-09-21 11:48:00,1850,1850,1850,1850,0
2022-09-21 11:49:00,1850,1850,1850,1850,0
2022-09-21 11:50:00,1850,1850,1850,1850,0
2022-09-21 11:51:00,1850,1850,1850,1850,0
2022-09-21 11:52:00,1850,1850,1850,1850,0
2022-09-21 11:53:00,1850,1850,1850,1850,0
2022-09-21 11:54:00,1850,1850,1850,1850,0
2022-09-21 11:55:00,1850,1850,1850,1850,0
2022-09-21 11:56:00,1850,1850,1850,1850,0
2022-09-21 11:57:00,1850,1850,1850,1850,0
2022-09-21 11:58:00,1850,1850,1850,1850,0
2022-09-21 11:59:00,1850,1850,1850,1850,0
2022-09-21 12:00:00,1850,1850,1850,1850,0
2022-09-21 12:01:00,1850,1850,1850,1850,0
2022-09-21 12:02:00,1850,1850,1850,1850,0
2022-09-21 12:03:00,1850,1850,1850,1850,0
2022-09-21 12:04:00,1850,1850,1850,1850,0
2022-09-21 12:05:00,1850,1850,1850,1850,0
2022-09-21 12:06:00,1850,1850,1850,1850,0
2022-09-21 12:07:00,1850,1850,1850,1850,0
2022-09-21 12:08:00,1850,1850,1850,1850,0
2022-09-21 12:09:00,1850,1850,1850,1850,0
2022-09-21 12:10:00,1850,1850,1850,1850,0
2022-09-21 12:11:00,1850,1850,1850,1850,0
2022-09-21 12:12:00,1850,1850,1850,1850,0
2022-09-21 12:13:00,1850,1850,1850,1850,0
2022-09-21 12:14:00,1850,1850,1850,1850,0
2022-09-21 12:15:00,1850,1850,1850,1850,0
2022-09-21 12:16:00,1850,1850,1850,1850,0
2022-09-21 12:17:00,1850,1850,1850,1850,0
2022-09-21 12:18:00,1850,1850,1850,1850,0
2022-09-21 12:19:00,1850,1850,1850,1850,0
2022-09-21 12:20:00,1850,1850,1850,1850,0
2022-09-21 12:21:00,1850,1850,1850,1850,0
2022-09-21 12:22:00,1850,1850,1850,1850,0
2022-09-21 12:23:00,1850,1850,1850,1850,0
2022-09-21 12:24:00,1850,1850,1850,1850,0
2022-09-21 12:25:00,1850,1850,1850,1850,0
2022-09-21 12:26:00,1850,1850,1850,1850,0
2022-09-21 12:27:00,1850,1850,1850,1850,0
2022-09-21 12:28:00,1850,1850,1850,1850,0
2022-09-21 12:29:00,1850,1850,1850,1850,0
2022-09-21 12:30:00,1850,1850,1850,1850,0
2022-09-21 12:31:00,1850,1850,1850,1850,0
2022-09-21 12:32:00,1850,1850,1850,1850,0
2022-09-21 12:33:00,1850,1850,1850,1850,0
2022-09-21 12:34:00,1850,1850,1850,1850,0
2022-09-21 12:35:00,1850,1850,1850,1850,0
2022-09-21 12:36:00,1850,1850,1850,1850,0
2022-09-21 12:37:00,1850,1850,1850,1850,0
2022-09-21 12:38:00,1850,1850,1850,1850,0
2022-09-21 12:39:00,1850,1850,1850,1850,0
2022-09-21 12:40:00,1850,1850,1850,1850,0
2022-09-21 12:41:00,1850,1850,1850,1850,0
2022-09-21 12:42:00,1850,1850,1850,1850,0
2022-09-21 12:43:00,1850,1850,1850,1850,0
2022-09-21 12:44:00,1850,1850,1850,1850,0
2022-09-21 12:45:00,1850,1850,1850,1850,0
2022-09-21 12:46:00,1850,1850,1850,1850,0
2022-09-21 12:47:00,1850,1850,1850,1850,0
2022-09-21 12:48:00,1850,1850,1850,1850,0
2022-09-21 12:49:00,1850,1850,1850,1850,0
2022-09-21 12:50:00,1850,1850,1850,1850,0
2022-09-21 12:51:00,1850,1850,1850,1850,0
2022-09-21 12:52:00,1850,1850,1850,1850,0
2022-09-21 12:53:00,1850,1850,1850,1850,0
2022-09-21 12:54:00,1850,1850,1850,1850,0
2022-09-21 12:55:00,1850,1850,1850,1850,0
2022-09-21 12:56:00,1850,1850,1850,1850,0
2022-09-21 12:57:00,1850,1850,1850,1850,0
2022-09-21 12:58:00,1850,1850,1850,1850,0
2022-09-21 12:59:00,1850,1850,1850,1850,0
2022-09-21 13:00:00,1850,1850,1850,1850,0
2022-09-21 13:01:00,1850,1850,1850,1850,0
2022-09-21 13:02:00,1850,1850,1850,1850,0
2022-09-21 13:03:00,1850,1850,1850,1850,0
2022-09-21 13:04:00,1850,1850,1850,1850,0
2022-09-21 13:05:00,1850,1850,1850,1850,0
2022-09-21 13:06:00,1850,1850,1850,1850,0
2022-09-21 13:07:00,1850,1850,1850,1850,0
2022-09-21 13:08:00,1850,1850,1850,1850,0
2022-09-21 13:09:00,1850,1850,1850,1850,0
2022-09-21 13:10:00,1850,1850,1850,1850,0
2022-09-21 13:11:00,1850,1850,1850,1850,0
2022-09-21 13:12:00,1850,1850,1850,1850,0
2022-09-21 13:13:00,1850,1850,1850,1850,0
2022-09-21 13:14:00,1850,1850,1850,1850,0
2022-09-21 13:15:00,1850,1850,1850,1850,0
2022-09-21 13:16:00,1850,1850,1850,1850,0
2022-09-21 13:17:00,1850,1850,1850,1850,0
2022-09-21 13:18:00,1850,1850,1850,1850,0
2022-09-21 13:19:00,1850,1850,1850,1850,0
2022-09-21 13:20:00,1850,1850,1850,1850,0
2022-09-21 13:21:00,1850,1850,1850,1850,0
2022-09-21 13:22:00,1850,1850,1850,1850,0
2022-09-21 13:23:00,1850,1850,1850,1850,0
2022-09-21 13:24:00,1850,1850,1850,1850,0
2022-09-21 13:25:00,1850,1850,1850,1850,0
2022-09-21 13:26:00,1850,1850,1850,1850,0
2022-09-21 13:27:00,1850,1850,1850,1850,0
2022-09-21 13:28:00,1850,1850,1850,1850,0
2022-09-21 13:29:00,1850,1850,1850,1850,0
2022-09-21 13:30:00,1850,1850,1850,1850,0
2022-09-21 13:31:00,1850,1850,1850,1850,0
2022-09-21 13:32:00,1850,1850,1850,1850,0
2022-09-21 13:33:00,1850,1850,1850,1850,0
2022-09-21 13:34:00,1850,1850,1850,1850,0
2022-09-21 13:35:00,1850,1850,1850,1850,0
2022-09-21 13:36:00,1850,1850,1850,1850,0
2022-09-21 13:37:00,1850,1850,1850,1850,0
2022-09-21 13:38:00,1850,1850,1850,1850,0
2022-09-21 13:39:00,1850,1850,1850,1850,0
2022-09-21 13:40:00,1850,1850,1850,1850,0
2022-09-21 13:41:00,1850,1850,1850,1850,0
2022-09-21 13:42:00,1850,1850,1850,1850,0
2022-09-21 13:43:00,1850,1850,1850,1850,0
2022-09-21 13:44:00,1850,1850,1850,1850,0
2022-09-21 13:45:00,1850,1850,1850,1850,0
2022-09-21 13:46:00,1850,1850,1850,1850,0
2022-09-21 13:47:00,1850,1850,1850,1850,0
2022-09-21 13:48:00,1850,1850,1850,1850,0
2022-09-21 13:49:00,1850,1850,1850,1850,0
2022-09-21 13:50:00,1850,1850,1850,1850,0
2022-09-21 13:51:00,1850,1850,1850,1850,0
2022-09-21 13:52:00,1850,1850,1850,1850,0
2022-09-21 13:53:00,1850,1850,1850,1850,0
2022-09-21 13:54:00,1850,1850,1850,1850,0
2022-09-21 13:55:00,1850,1850,1850,1850,0
2022-09-21 13:56:00,1850,1850,1850,1850,0
2022-09-21 13:57:00,1850,1850,1850,1850,0
2022-09-21 13:58:00,1850,1850,1850,1850,0
2022-09-21 13:59:00,1850,1850,1850,1850,0
2022-09-21 14:00:00,1850,1850,1850,1850,0
2022-09-21 14:01:00,1850,1850,1850,1850,0
2022-09-21 14:02:00,1850,1850,1850,1850,0
2022-09-21 14:03:00,1850,1850,1850,1850,0
2022-09-21 14:04:00,1850,1850,1850,1850,0
2022-09-21 14:05:00,1850,1850,1850,1850,0
2022-09-21 14:06:00,1850,1850,1850,1850,0
2022-09-21 14:07:00,1850,1850,1850,1850,0
2022-09-21 14:08:00,1850,1850,1850,1850,0
2022-09-21 14:09:00,1850,1850,1850,1850,0
2022-09-21 14:10:00,1850,1850,1850,1850,0
2022-09-21 14:11:00,1850,1850,1850,1850,0
2022-09-21 14:12:00,1850,1850,1850,1850,0
2022-09-21 14:13:00,1850,1850,1850,1850,0
2022-09-21 14:14:00,1850,1850,1850,1850,0
2022-09-21 14:15:00,1850,1850,1850,1850,0
2022-09-21 14:16:00,1850,1850,1850,1850,0
2022-09-21 14:17:00,1850,1850,1850,1850,0
2022-09-21 14:18:00,1850,1850,1850,1850,0
2022-09-21 14:19:00,1850,1850,1850,1850,0
2022-09-21 14:20:00,1850,1850,1850,1850,0
2022-09-21 14:21:00,1850,1850,1850,1850,0
2022-09-21 14:22:00,1850,1850,1850,1850,0
2022-09-21 14:23:00,1850,1850,1850,1850,0
2022-09-21 14:24:00,1850,1850,1850,1850,0
2022-09-21 14:25:00,1850,1850,1850,1850,0
2022-09-21 14:26:00,1850,1850,1850,1850,0
2022-09-21 14:27:00,1850,1850,1850,1850,0
2022-09-21 14:28:00,1850,1850,1850,1850,0
2022-09-21 14:29:00,1850,1850,1850,1850,0
2022-09-21 14:30:00,1850,1850,1850,1850,0
2022-09-21 14:31:00,1850,1850,1850,1850,0
2022-09-21 14:32:00,1850,1850,1850,1850,0
2022-09-21 14:33:00,1850,1850,1850,1850,0
2022-09-21 14:34:00,1850,1850,1850,1850,0
2022-09-21 14:35:00,1850,1850,1850,1850,0
2022-09-21 14:36:00,1850,1850,1850,1850,0
2022-09-21 14:37:00,1850,1850,1850,1850,0
2022-09-21 14:38:00,1850,1850,1850,1850,0
2022-09-21 14:39:00,1850,1850,1850,1850,0
2022-09-21 14:40:00,1850,1850,1850,1850,0
2022-09-21 14:41:00,1850,1850,1850,1850,0
2022-09-21 14:42:00,1850,1850,1850,1850,0
2022-09-21 14:43:00,1850,1850,1850,1850,0
2022-09-21 14:44:00,1850,1850,1850,1850,0
2022-09-21 14:45:00,1850,1850,1850,1850,0
2022-09-21 14:46:00,1850,1850,1850,1850,0
2022-09-21 14:47:00,1850,1850,1850,1850,0
2022-09-21 14:48:00,1850,1850,1850,1850,0
2022-09-21 14:49:00,1850,1850,1850,1850,0
2022-09-21 14:50:00,1850,1850,1850,1850,0
2022-09-21 14:51:00,1850,1850,1850,1850,0
2022-09-21 14:52:00,1850,1850,1850,1850,0
2022-09-21 14:53:00,1850,1850,1850,1850,0
2022-09-21 14:54:00,1850,1850,1850,1850,0
2022-09-21 14:55:00,1850,1850,1850,1850,0
2022-09-21 14:56:00,1850,1850,1850,1850,0
2022-09-21 14:57:00,1850,1850,1850,1850,0
2022-09-21 14:58:00,1850,1850,1850,1850,0
2022-09-21 14:59:00,1850,1850,1850,1850,0
2022-09-21 15:00:00,1850,1850,1850,1850,0
2022-09-21 15:01:00,1850,1850,1850,1850,0
2022-09-21 15:02:00,1850,1850,1850,1850,0
2022-09-21 15:03:00,1850,1850,1850,1850,0
2022-09-21 15:04:00,1850,1850,1850,1850,0
2022-09-21 15:05:00,1850,1850,1850,1850,0
2022-09-21 15:06:00,1850,1850,1850,1850,0
2022-09-21 15:07:00,1850,1850,1850,1850,0
2022-09-21 15:08:00,1850,1850,1850,1850,0
2022-09-21 15:09:00,1850,1850,1850,1850,0
2022-09-21 15:10:00,1850,1850,1850,1850,0
2022-09-21 15:11:00,1850,1850,1850,1850,0
2022-09-21 15:12:00,1850,1850,1850,1850,0
2022-09-21 15:13:00,1850,1850,1850,1850,0
2022-09-21 15:14:00,1850,1850,1850,1850,0
2022-09-21 15:15:00,1850,1850,1850,1850,0
2022-09-21 15:16:00,1850,1850,1850,1850,0
2022-09-21 15:17:00,1850,1850,1850,1850,0
2022-09-21 15:18:00,1850,1850,1850,1850,0
2022-09-21 15:19:00,1850,1850,1850,1850,0
2022-09-21 15:20:00,1850,1850,1850,1850,0
2022-09-21 15:21:00,1850,1850,1850,1850,0
2022-09-21 15:22:00,1850,1850,1850,1850,0
2022-09-21 15:23:00,1850,1850,1850,1850,0
2022-09-21 15:24:00,1850,1850,1850,1850,0
2022-09-21 15:25:00,1850,1850,1850,1850,0
2022-09-21 15:26:00,1850,1850,1850,1850,0
2022-09-21 15:27:00,1850,1850,1850,1850,0
2022-09-21 15:28:00,1850,1850,1850,1850,0
2022-09-21 15:29:00,1850,1850,1850,1850,0
2022-09-21 15:30:00,1850,1850,1850,1850,0
2022-09-21 15:31:00,1850,1850,1850,1850,0
2022-09-21 15:32:00,1850,1850,1850,1850,0
2022-09-21 15:33:00,1850,1850,1850,1850,0
2022-09-21 15:34:00,1850,1850,1850,1850,0
2022-09-21 15:35:00,1850,1850,1850,1850,0
2022-09-21 15:36:00,1850,1850,1850,1850,0
2022-09-21 15:37:00,1850,1850,1850,1850,0
2022-09-21 15:38:00,1850,1850,1850,1850,0
2022-09-21 15:39:00,1850,1850,1850,1850,0
2022-09-21 15:40:00,1850,1850,1850,1850,0
2022-09-21 15:41:00,1850,1850,1850,1850,0
2022-09-21 15:42:00,1850,1850,1850,1850,0
2022-09-21 15:43:00,1850,1850,1850,1850,0
2022-09-21 15:44:00,1850,1850,1850,1850,0
2022-09-21 15:45:00,1850,1850,1850,1850,0
2022-09-21 15:46:00,1850,1850,1850,1850,0
2022-09-21 15:47:00,1850,1850,1850,1850,0
2022-09-21 15:48:00,1850,1850,1850,1850,0
2022-09-21 15:49:00,1850,1850,1850,1850,0
2022-09-21 15:50:00,1850,1850,1850,1850,0
2022-09-21 15:51:00,1850,1850,1850,1850,0
2022-09-21 15:52:00,1850,1850,1850,1850,0
2022-09-21 15:53:00,1850,1850,1850,1850,0
2022-09-21 15:54:00,1850,1850,1850,1850,0
2022-09-21 15:55:00,1850,1850,1850,1850,0
2022-09-21 15:56:00,1850,1850,1850,1850,0
2022-09-21 15:57:00,1850,1850,1850,1850,0
2022-09-21 15:58:00,1850,1850,1850,1850,0
2022-09-21 15:59:00,1850,1850,1850,1850,0
2022-09-22 09:00:00,1850,1850,1850,1850,0
2022-09-22 09:01:00,1850,1850,1850,1850,0
2022-09-22 09:02:00,1850,1850,1850,1850,0
2022-09-22 09:03:00,1850,1850,1850,1850,0
2022-09-22 09:04:00,1850,1850,1850,1850,0
2022-09-22 09:05:00,1850,1850,1850,1850,0
2022-09-22 09:06:00,1850,1850,1850,1850,0
2022-09-22 09:07:00,1850,1850,1850,1850,0
2022-09-22 09:08:00,1850,1850,1850,1850,0
2022-09-22 09:09:00,1850,1850,1850,1850,0
2022-09-22 09:10:00,1850,1850,1850,1850,0
2022-09-22 09:11:00,1850,1850,1850,1850,0
2022-09-22 09:12:00,1850,1850,1850,1850,0
2022-09-22 09:13:00,1850,1850,1850,1850,0
2022-09-22 09:14:00,1850,1850,1850,1850,0
2022-09-22 09:15:00,1850,1850,1850,1850,0
2022-09-22 09:16:00,1850,1850,1850,1850,0
2022-09-22 09:17:00,1850,1850,1850,1850,0
2022-09-22 09:18:00,1850,1850,1850,1850,0
2022-09-22 09:19:00,1850,1850,1850,1850,0
2022-09-22 09:20:00,1850,1850,1850,1850,0
2022-09-22 09:21:00,1850,1850,1850,1850,0
2022-09-22 09:22:00,1850,1850,1850,1850,0
2022-09-22 09:23:00,1850,1850,1850,1850,0
2022-09-22 09:24:00,1850,1850,1850,1850,0
2022-09-22 09:25:00,1850,1850,1850,1850,0
2022-09-22 09:26:00,1850,1850,1850,1850,0
2022-09-22 09:27:00,1850,1850,1850,1850,0
2022-09-22 09:28:00,1850,1850,1850,1850,0
2022-09-22 09:29:00,1850,1850,1850,1850,0
2022-09-22 09:30:00,1850,1850,1850,1850,0
2022-09-22 09:31:00,1850,1850,1850,1850,0
2022-09-22 09:32:00,1850,1850,1850,1850,0
2022-09-22 09:33:00,1850,1850,1850,1850,0
2022-09-22 09:34:00,1850,1850,1850,1850,0
2022-09-22 09:35:00,1850,1850,1850,1850,0
2022-09-22 09:36:00,1850,1850,1850,1850,0
2022-09-22 09:37:00,1850,1850,1850,1850,0
2022-09-22 09:38:00,1850,1850,1850,1850,0
2022-09-22 09:39:00,1850,1850,1850,1850,0
2022-09-22 09:40:00,1850,1850,1850,1850,0
2022-09-22 09:41:00,1850,1850,1850,1850,0
2022-09-22 09:42:00,1850,1850,1850,1850,0
2022-09-22 09:43:00,1850,1850,1850,1850,0
2022-09-22 09:44:00,1850,1850,1850,1850,0
2022-09-22 09:45:00,1850,1850,1850,1850,0
2022-09-22 09:46:00,1850,1850,1850,1850,0
2022-09-22 09:47:00,1850,1850,1850,1850,0
2022-09-22 09:48:00,1850,1850,1850,1850,0
2022-09-22 09:49:00,1850,1850,1850,1850,0
2022-09-22 09:50:00,1850,1850,1850,1850,0
2022-09-22 09:51:00,1850,1850,1850,1850,0
2022-09-22 09:52:00,1850,1850,1850,1850,0
2022-09-22 09:53:00,1850,1850,1850,1850,0
2022-09-22 09:54:00,1850,1850,1850,1850,0
2022-09-22 09:55:00,1850,1850,1850,1850,0
2022-09-22 09:56:00,1850,1850,1850,1850,0
2022-09-22 09:57:00,1850,1850,1850,1850,0
2022-09-22 09:58:00,1850,1850,1850,1850,0
2022-09-22 09:59:00,1850,1850,1850,1850,0
2022-09-22 10:00:00,1850,1850,1850,1850,0
2022-09-22 10:01:00,1850,1850,1850,1850,0
2022-09-22 10:02:00,1850,1850,1850,1850,0
2022-09-22 10:03:00,1850,1850,1850,1850,0
2022-09-22 10:04:00,1850,1850,1850,1850,0
2022-09-22 10:05:00,1850,1850,1850,1850,0
2022-09-22 10:06:00,1850,1850,1850,1850,0
2022-09-22 10:07:00,1850,1850,1850,1850,0
2022-09-22 10:08:00,1850,1850,1850,1850,0
2022-09-22 10:09:00,1850,1850,1850,1850,0
2022-09-22 10:10:00,1850,1850,1850,1850,0
2022-09-22 10:11:00,1850,1850,1850,1850,0
2022-09-22 10:12:00,1850,1850,1850,1850,0
2022-09-22 10:13:00,1850,1850,1850,1850,0
2022-09-22 10:14:00,1850,1850,1850,1850,0
2022-09-22 10:15:00,1850,1850,1850,1850,0
2022-09-22 10:16:00,1850,1850,1850,1850,0
2022-09-22 10:17:00,1850,1850,1850,1850,0
2022-09-22 10:18:00,1850,1850,1850,1850,0
2022-09-22 10:19:00,1850,1850,1850,1850,0
2022-09-22 10:20:00,1850,1850,1850,1850,0
2022-09-22 10:21:00,1850,1850,1850,1850,0
2022-09-22 10:22:00,1850,1850,1850,1850,0
2022-09-22 10:23:00,1850,1850,1850,1850,0
2022-09-22 10:24:00,1850,1850,1850,1850,0
2022-09-22 10:25:00,1850,1850,1850,1850,0
2022-09-22 10:26:00,1850,1850,1850,1850,0
2022-09-22 10:27:00,1850,1850,1850,1850,0
2022-09-22 10:28:00,1850,1850,1850,1850,0
2022-09-22 10:29:00,1850,1850,1850,1850,0
2022-09-22 10:30:00,1850,1850,1850,1850,0
2022-09-22 10:31:00,1850,1850,1850,1850,0
2022-09-22 10:32:00,1850,1850,1850,1850,0
2022-09-22 10:33:00,1850,1850,1850,1850,0
2022-09-22 10:34:00,1850,1850,1850,1850,0
2022-09-22 10:35:00,1850,1850,1850,1850,0
2022-09-22 10:36:00,1850,1850,1850,1850,0
2022-09-22 10:37:00,1850,1850,1850,1850,0
2022-09-22 10:38:00,1850,1850,1850,1850,0
2022-09-22 10:39:00,1850,1850,1850,1850,0
2022-09-22 10:40:00,1850,1850,1850,1850,0
2022-09-22 10:41:00,1850,1850,1850,1850,0
2022-09-22 10:42:00,1850,1850,1850,1850,0
2022-09-22 10:43:00,1850,1850,1850,1850,0
2022-09-22 10:44:00,1850,1850,1850,1850,0
2022-09-22 10:45:00,1850,1850,1850,1850,0
2022-09-22 10:46:00,1850,1850,1850,1850,0
2022-09-22 10:47:00,1850,1850,1850,1850,0
2022-09-22 10:48:00,1850,1850,1850,1850,0
2022-09-22 10:49:00,1850,1850,1850,1850,0
2022-09-22 10:50:00,1850,1850,1850,1850,0
2022-09-22 10:51:00,1850,1850,1850,1850,0
2022-09-22 10:52:00,1850,1850,1850,1850,0
2022-09-22 10:53:00,1850,1850,1850,1850,0
2022-09-22 10:54:00,1850,1850,1850,1850,0
2022-09-22 10:55:00,1850,1850,1850,1850,0
2022-09-22 10:56:00,1850,1850,1850,1850,0
2022-09-22 10:57:00,1850,1850,1850,1850,0
2022-09-22 10:58:00,1850,1850,1850,1850,0
2022-09-22 10:59:00,1850,1850,1850,1850,0
2022-09-22 11:00:00,1850,1850,1850,1850,0
2022-09-22 11:01:00,1850,1850,1850,1850,0
2022-09-22 11:02:00,1850,1850,1850,1850,0
2022-09-22 11:03:00,1850,1850,1850,1850,0
2022-09-22 11:04:00,1850,1850,1850,1850,0
2022-09-22 11:05:00,1850,1850,1850,1850,0
2022-09-22 11:06:00,1850,1850,1850,1850,0
2022-09-22 11:07:00,1850,1850,1850,1850,0
2022-09-22 11:08:00,1850,1850,1850,1850,0
2022-09-22 11:09:00,1850,1850,1850,1850,0
2022-09-22 11:10:00,1850,1850,1850,1850,0
2022-09-22 11:11:00,1850,1850,1850,1850,0
2022-09-22 11:12:00,1850,1850,1850,1850,0
2022-09-22 11:13:00,1850,1850,1850,1850,0
2022-09-22 11:14:00,1850,1850,1850,1850,0
2022-09-22 11:15:00,1850,1850,1850,1850,0
2022-09-22 11:16:00,1850,1850,1850,1850,0
2022-09-22 11:17:00,1850,1850,1850,1850,0
2022-09-22 11:18:00,1850,1850,1850,1850,0
2022-09-22 11:19:00,1850,1850,1850,1850,0
2022-09-22 11:20:00,1850,1850,1850,1850,0
2022-09-22 11:21:00,1850,1850,1850,1850,0
2022-09-22 11:22:00,1850,1850,1850,1850,0
2022-09-22 11:23:00,1850,1850,1850,1850,0
2022-09-22 11:24:00,1850,1850,1850,1850,0
2022-09-22 11:25:00,1850,1850,1850,1850,0
2022-09-22 11:26:00,1850,1850,1850,1850,0
2022-09-22 11:27:00,1850,1850,1850,1850,0
2022-09-22 11:28:00,1850,1850,1850,1850,0
2022-09-22 11:29:00,1850,1850,1850,1850,0
2022-09-22 11:30:00,1850,1850,1850,1850,0
2022-09-22 11:31:00,1850,1850,1850,1850,0
2022-09-22 11:32:00,1850,1850,1850,1850,0
2022-09-22 11:33:00,1850,1850,1850,1850,0
2022-09-22 11:34:00,1850,1850,1850,1850,0
2022-09-22 11:35:00,1850,1850,1850,1850,0
2022-09-22 11:36:00,1850,1850,1850,1850,0
2022-09-22 11:37:00,1850,1850,1850,1850,0
2022-09-22 11:38:00,1850,1850,1850,1850,0
2022-09-22 11:39:00,1850,1850,1850,1850,0
2022-09-22 11:40:00,1850,1850,1850,1850,0
2022-09-22 11:41:00,1850,1850,1850,1850,0
2022-09-22 11:42:00,1850,1850,1850,1850,0
2022-09-22 11:43:00,1850,1850,1850,1850,0
2022-09-22 11:44:00,1850,1850,1850,1850,0
2022-09-22 11:45:00,1850,1850,1850,1850,0
2022-09-22 11:46:00,1850,1850,1850,1850,0
2022-09-22 11:47:00,1850,1850,1850,1850,0
2022-09-22 11:48:00,1850,1850,1850,1850,0
2022-09-22 11:49:00,1850,1850,1850,1850,0
2022-09-22 11:50:00,1850,1850,1850,1850,0
2022-09-22 11:51:00,1850,1850,1850,1850,0
2022-09-22 11:52:00,1850,1850,1850,1850,0
2022-09-22 11:53:00,1850,1850,1850,1850,0
2022-09-22 11:54:00,1850,1850,1850,1850,0
2022-09-22 11:55:00,1850,1850,1850,1850,0
2022-09-22 11:56:00,1850,1850,1850,1850,0
2022-09-22 11:57:00,1850,1850,1850,1850,0
2022-09-22 11:58:00,1850,1850,1850,1850,0
2022-09-22 11:59:00,1850,1850,1850,1850,0
2022-09-22 12:00:00,1850,1850,1850,1850,0
2022-09-22 12:01:00,1850,1850,1850,1850,0
2022-09-22 12:02:00,1850,1850,1850,1850,0
2022-09-22 12:03:00,1850,1850,1850,1850,0
2022-09-22 12:04:00,1850,1850,1850,1850,0
2022-09-22 12:05:00,1850,1850,1850,1850,0
2022-09-22 12:06:00,1850,1850,1850,1850,0
2022-09-22 12:07:00,1850,1850,1850,1850,0
2022-09-22 12:08:00,1850,1850,1850,1850,0
2022-09-22 12:09:00,1850,1850,1850,1850,0
2022-09-22 12:10:00,1850,1850,1850,1850,0
2022-09-22 12:11:00,1850,1850,1850,1850,0
2022-09-22 12:12:00,1850,1850,1850,1850,0
2022-09-22 12:13:00,1850,1850,1850,1850,0
2022-09-22 12:14:00,1850,1850,1850,1850,0
2022-09-22 12:15:00,1850,1850,1850,1850,0
2022-09-22 12:16:00,1850,1850,1850,1850,0
2022-09-22 12:17:00,1850,1850,1850,1850,0
2022-09-22 12:18:00,1850,1850,1850,1850,0
2022-09-22 12:19:00,1850,1850,1850,1850,0
2022-09-22 12:20:00,1850,1850,1850,1850,0
2022-09-22 12:21:00,1850,1850,1850,1850,0
2022-09-22 12:22:00,1850,1850,1850,1850,0
2022-09-22 12:23:00,1850,1850,1850,1850,0
2022-09-22 12:24:00,1850,1850,1850,1850,0
2022-09-22 12:25:00,1850,1850,1850,1850,0
2022-09-22 12:26:00,1850,1850,1850,1850,0
2022-09-22 12:27:00,1850,1850,1850,1850,0
2022-09-22 12:28:00,1850,1850,1850,1850,0
2022-09-22 12:29:00,1850,1850,1850,1850,0
2022-09-22 12:30:00,1850,1850,1850,1850,0
2022-09-22 12:31:00,1850,1850,1850,1850,0
2022-09-22 12:32:00,1850,1850,1850,1850,0
2022-09-22 12:33:00,1850,1850,1850,1850,0
2022-09-22 12:34:00,1850,1850,1850,1850,0
2022-09-22 12:35:00,1850,1850,1850,1850,0
2022-09-22 12:36:00,1850,1850,1850,1850,0
2022-09-22 12:37:00,1850,1850,1850,1850,0
2022-09-22 12:38:00,1850,1850,1850,1850,0
2022-09-22 12:39:00,1850,1850,1850,1850,0
2022-09-22 12:40:00,1850,1850,1850,1850,0
2022-09-22 12:41:00,1850,1850,1850,1850,0
2022-09-22 12:42:00,1850,1850,1850,1850,0
2022-09-22 12:43:00,1850,1850,1850,1850,0
2022-09-22 12:44:00,1850,1850,1850,1850,0
2022-09-22 12:45:00,1850,1850,1850,1850,0
2022-09-22 12:46:00,1850,1850,1850,1850,0
2022-09-22 12:47:00,1850,1850,1850,1850,0
2022-09-22 12:48:00,1850,1850,1850,1850,0
2022-09-22 12:49:00,1850,1850,1850,1850,0
2022-09-22 12:50:00,1850,1850,1850,1850,0
2022-09-22 12:51:00,1850,1850,1850,1850,0
2022-09-22 12:52:00,1850,1850,1850,1850,0
2022-09-22 12:53:00,1850,1850,1850,1850,0
2022-09-22 12:54:00,1850,1850,1850,1850,0
2022-09-22 12:55:00,1850,1850,1850,1850,0
2022-09-22 12:56:00,1850,1850,1850,1850,0
2022-09-22 12:57:00,1850,1850,1850,1850,0
2022-09-22 12:58:00,1850,1850,1850,1850,0
2022-09-22 12:59:00,1850,1850,1850,1850,0
2022-09-22 13:00:00,1850,1850,1850,1850,0
2022-09-22 13:01:00,1850,1850,1850,1850,0
2022-09-22 13:02:00,1850,1850,1850,1850,0
2022-09-22 13:03:00,1850,1850,1850,1850,0
2022-09-22 13:04:00,1850,1850,1850,1850,0
2022-09-22 13:05:00,1850,1850,1850,1850,0
2022-09-22 13:06:00,1850,1850,1850,1850,0
2022-09-22 13:07:00,1850,1850,1850,1850,0
2022-09-22 13:08:00,1850,1850,1850,1850,0
2022-09-22 13:09:00,1850,1850,1850,1850,0
2022-09-22 13:10:00,1850,1850,1850,1850,0
2022-09-22 13:11:00,1850,1850,1850,1850,0
2022-09-22 13:12:00,1850,1850,1850,1850,0
2022-09-22 13:13:00,1850,1850,1850,1850,0
2022-09-22 13:14:00,1850,1850,1850,1850,0
2022-09-22 13:15:00,1850,1850,1850,1850,0
2022-09-22 13:16:00,1850,1850,1850,1850,0
2022-09-22 13:17:00,1850,1850,1850,1850,0
2022-09-22 13:18:00,1850,1850,1850,1850,0
2022-09-22 13:19:00,1850,1850,1850,1850,0
2022-09-22 13:20:00,1850,1850,1850,1850,0
2022-09-22 13:21:00,1850,1850,1850,1850,0
2022-09-22 13:22:00,1850,1850,1850,1850,0
2022-09-22 13:23:00,1850,1850,1850,1850,0
2022-09-22 13:24:00,1850,1850,1850,1850,0
2022-09-22 13:25:00,1850,1850,1850,1850,0
2022-09-22 13:26:00,1850,1850,1850,1850,0
2022-09-22 13:27:00,1850,1850,1850,1850,0
2022-09-22 13:28:00,1850,1850,1850,1850,0
2022-09-22 13:29:00,1850,1850,1850,1850,0
2022-09-22 13:30:00,1850,1850,1850,1850,0
2022-09-22 13:31:00,1850,1850,1850,1850,0
2022-09-22 13:32:00,1850,1850,1850,1850,0
2022-09-22 13:33:00,1850,1850,1850,1850,0
2022-09-22 13:34:00,1850,1850,1850,1850,0
2022-09-22 13:35:00,1850,1850,1850,1850,0
2022-09-22 13:36:00,1850,1850,1850,1850,0
2022-09-22 13:37:00,1850,1850,1850,1850,0
2022-09-22 13:38:00,1850,1850,1850,1850,0
2022-09-22 13:39:00,1850,1850,1850,1850,0
2022-09-22 13:40:00,1850,1850,1850,1850,0
2022-09-22 13:41:00,1850,1850,1850,1850,0
2022-09-22 13:42:00,1850,1850,1850,1850,0
2022-09-22 13:43:00,1850,1850,1850,1850,0
2022-09-22 13:44:00,1850,1850,1850,1850,0
2022-09-22 13:45:00,1850,1850,1850,1850,0
2022-09-22 13:46:00,1850,1850,1850,1850,0
2022-09-22 13:47:00,1850,1850,1850,1850,0
2022-09-22 13:48:00,1850,1850,1850,1850,0
2022-09-22 13:49:00,1850,1850,1850,1850,0
2022-09-22 13:50:00,1850,1850,1850,1850,0
2022-09-22 13:51:00,1850,1850,1850,1850,0
2022-09-22 13:52:00,1850,1850,1850,1850,0
2022-09-22 13:53:00,1850,1850,1850,1850,0
2022-09-22 13:54:00,1850,1850,1850,1850,0
2022-09-22 13:55:00,1850,1850,1850,1850,0
2022-09-22 13:56:00,1850,1850,1850,1850,0
2022-09-22 13:57:00,1850,1850,1850,1850,0
2022-09-22 13:58:00,1850,1850,1850,1850,0
2022-09-22 13:59:00,1850,1850,1850,1850,0
2022-09-22 14:00:00,1850,1850,1850,1850,0
2022-09-22 14:01:00,1850,1850,1850,1850,0
2022-09-22 14:02:00,1850,1850,1850,1850,0
2022-09-22 14:03:00,1850,1850,1850,1850,0
2022-09-22 14:04:00,1850,1850,1850,1850,0
2022-09-22 14:05:00,1850,1850,1850,1850,0
2022-09-22 14:06:00,1850,1850,1850,1850,0
2022-09-22 14:07:00,1850,1850,1850,1850,0
2022-09-22 14:08:00,1850,1850,1850,1850,0
2022-09-22 14:09:00,1850,1850,1850,1850,0
2022-09-22 14:10:00,1850,1850,1850,1850,0
2022-09-22 14:11:00,1850,1850,1850,1850,0
2022-09-22 14:12:00,1850,1850,1850,1850,0
2022-09-22 14:13:00,1850,1850,1850,1850,0
2022-09-22 14:14:00,1850,1850,1850,1850,0
2022-09-22 14:15:00,1850,1850,1850,1850,0
2022-09-22 14:16:00,1850,1850,1850,1850,0
2022-09-22 14:17:00,1850,1850,1850,1850,0
2022-09-22 14:18:00,1850,1850,1850,1850,0
2022-09-22 14:19:00,1850,1850,1850,1850,100
2022-09-22 14:20:00,1850,1850,1850,1850,0
2022-09-22 14:21:00,1850,1850,1850,1850,0
2022-09-22 14:22:00,1850,1850,1850,1850,0
2022-09-22 14:23:00,1850,1850,1850,1850,0
2022-09-22 14:24:00,1850,1850,1850,1850,0
2022-09-22 14:25:00,1800,1800,1800,1800,0
2022-09-22 14:26:00,1800,1800,1800,1800,0
2022-09-22 14:27:00,1800,1800,1800,1800,0
2022-09-22 14:28:00,1800,1800,1800,1800,0
2022-09-22 14:29:00,1800,1800,1800,1800,0
2022-09-22 14:30:00,1800,1800,1800,1800,0
2022-09-22 14:31:00,1800,1800,1800,1800,0
2022-09-22 14:32:00,1800,1800,1800,1800,0
2022-09-22 14:33:00,1800,1800,1800,1800,0
2022-09-22 14:34:00,1800,1800,1800,1800,0
2022-09-22 14:35:00,1800,1800,1800,1800,0
2022-09-22 14:36:00,1800,1800,1800,1800,0
2022-09-22 14:37:00,1800,1800,1800,1800,0
2022-09-22 14:38:00,1800,1800,1800,1800,0
2022-09-22 14:39:00,1800,1800,1800,1800,0
2022-09-22 14:40:00,1800,1800,1800,1800,0
2022-09-22 14:41:00,1800,1800,1800,1800,0
2022-09-22 14:42:00,1800,1800,1800,1800,0
2022-09-22 14:43:00,1800,1800,1800,1800,0
2022-09-22 14:44:00,1800,1800,1800,1800,0
2022-09-22 14:45:00,1800,1800,1800,1800,0
2022-09-22 14:46:00,1800,1800,1800,1800,0
2022-09-22 14:47:00,1800,1800,1800,1800,0
2022-09-22 14:48:00,1800,1800,1800,1800,0
2022-09-22 14:49:00,1800,1800,1800,1800,0
2022-09-22 14:50:00,1800,1800,1800,1800,0
2022-09-22 14:51:00,1800,1800,1800,1800,0
2022-09-22 14:52:00,1800,1800,1800,1800,0
2022-09-22 14:53:00,1800,1800,1800,1800,0
2022-09-22 14:54:00,1800,1800,1800,1800,0
2022-09-22 14:55:00,1800,1800,1800,1800,0
2022-09-22 14:56:00,1800,1800,1800,1800,0
2022-09-22 14:57:00,1800,1800,1800,1800,0
2022-09-22 14:58:00,1800,1800,1800,1800,0
2022-09-22 14:59:00,1800,1800,1800,1800,0
2022-09-22 15:00:00,1800,1800,1800,1800,0
2022-09-22 15:01:00,1800,1800,1800,1800,0
2022-09-22 15:02:00,1800,1800,1800,1800,0
2022-09-22 15:03:00,1800,1800,1800,1800,0
2022-09-22 15:04:00,1800,1800,1800,1800,0
2022-09-22 15:05:00,1800,1800,1800,1800,0
2022-09-22 15:06:00,1800,1800,1800,1800,0
2022-09-22 15:07:00,1800,1800,1800,1800,0
2022-09-22 15:08:00,1800,1800,1800,1800,0
2022-09-22 15:09:00,1800,1800,1800,1800,0
2022-09-22 15:10:00,1800,1800,1800,1800,0
2022-09-22 15:11:00,1800,1800,1800,1800,0
2022-09-22 15:12:00,1800,1800,1800,1800,0
2022-09-22 15:13:00,1800,1800,1800,1800,0
2022-09-22 15:14:00,1800,1800,1800,1800,0
2022-09-22 15:15:00,1800,1800,1800,1800,0
2022-09-22 15:16:00,1800,1800,1800,1800,0
2022-09-22 15:17:00,1800,1800,1800,1800,0
2022-09-22 15:18:00,1800,1800,1800,1800,0
2022-09-22 15:19:00,1800,1800,1800,1800,0
2022-09-22 15:20:00,1800,1800,1800,1800,0
2022-09-22 15:21:00,1800,1800,1800,1800,0
2022-09-22 15:22:00,1800,1800,1800,1800,0
2022-09-22 15:23:00,1800,1800,1800,1800,0
2022-09-22 15:24:00,1800,1800,1800,1800,0
2022-09-22 15:25:00,1800,1800,1800,1800,0
2022-09-22 15:26:00,1800,1800,1800,1800,0
2022-09-22 15:27:00,1800,1800,1800,1800,0
2022-09-22 15:28:00,1800,1800,1800,1800,0
2022-09-22 15:29:00,1800,1800,1800,1800,0
2022-09-22 15:30:00,1800,1800,1800,1800,0
2022-09-22 15:31:00,1800,1800,1800,1800,0
2022-09-22 15:32:00,1800,1800,1800,1800,0
2022-09-22 15:33:00,1800,1800,1800,1800,0
2022-09-22 15:34:00,1800,1800,1800,1800,0
2022-09-22 15:35:00,1800,1800,1800,1800,0
2022-09-22 15:36:00,1800,1800,1800,1800,0
2022-09-22 15:37:00,1800,1800,1800,1800,0
2022-09-22 15:38:00,1800,1800,1800,1800,0
2022-09-22 15:39:00,1800,1800,1800,1800,0
2022-09-22 15:40:00,1800,1800,1800,1800,0
2022-09-22 15:41:00,1800,1800,1800,1800,0
2022-09-22 15:42:00,1800,1800,1800,1800,0
2022-09-22 15:43:00,1800,1800,1800,1800,0
2022-09-22 15:44:00,1800,1800,1800,1800,0
2022-09-22 15:45:00,1800,1800,1800,1800,0
2022-09-22 15:46:00,1800,1800,1800,1800,0
2022-09-22 15:47:00,1800,1800,1800,1800,0
2022-09-22 15:48:00,1800,1800,1800,1800,0
2022-09-22 15:49:00,1800,1800,1800,1800,0
2022-09-22 15:50:00,1800,1800,1800,1800,0
2022-09-22 15:51:00,1800,1800,1800,1800,0
2022-09-22 15:52:00,1800,1800,1800,1800,0
2022-09-22 15:53:00,1800,1800,1800,1800,0
2022-09-22 15:54:00,1800,1800,1800,1800,0
2022-09-22 15:55:00,1800,1800,1800,1800,0
2022-09-22 15:56:00,1800,1800,1800,1800,0
2022-09-22 15:57:00,1800,1800,1800,1800,0
2022-09-22 15:58:00,1800,1800,1800,1800,0
2022-09-22 15:59:00,1800,1800,1800,1800,0
2022-09-23 09:00:00,1800,1800,1800,1800,0
2022-09-23 09:01:00,1800,1800,1800,1800,0
2022-09-23 09:02:00,1800,1800,1800,1800,0
2022-09-23 09:03:00,1800,1800,1800,1800,0
2022-09-23 09:04:00,1800,1800,1800,1800,0
2022-09-23 09:05:00,1800,1800,1800,1800,0
2022-09-23 09:06:00,1800,1800,1800,1800,0
2022-09-23 09:07:00,1800,1800,1800,1800,0
2022-09-23 09:08:00,1800,1800,1800,1800,0
2022-09-23 09:09:00,1800,1800,1800,1800,0
2022-09-23 09:10:00,1800,1800,1800,1800,0
2022-09-23 09:11:00,1800,1800,1800,1800,0
2022-09-23 09:12:00,1800,1800,1800,1800,0
2022-09-23 09:13:00,1800,1800,1800,1800,0
2022-09-23 09:14:00,1800,1800,1800,1800,0
2022-09-23 09:15:00,1800,1800,1800,1800,0
2022-09-23 09:16:00,1800,1800,1800,1800,0
2022-09-23 09:17:00,1800,1800,1800,1800,0
2022-09-23 09:18:00,1800,1800,1800,1800,0
2022-09-23 09:19:00,1800,1800,1800,1800,0
2022-09-23 09:20:00,1800,1800,1800,1800,0
2022-09-23 09:21:00,1800,1800,1800,1800,0
2022-09-23 09:22:00,1800,1800,1800,1800,0
2022-09-23 09:23:00,1800,1800,1800,1800,0
2022-09-23 09:24:00,1800,1800,1800,1800,0
2022-09-23 09:25:00,1800,1800,1800,1800,0
2022-09-23 09:26:00,1800,1800,1800,1800,0
2022-09-23 09:27:00,1800,1800,1800,1800,0
2022-09-23 09:28:00,1800,1800,1800,1800,0
2022-09-23 09:29:00,1800,1800,1800,1800,0
2022-09-23 09:30:00,1800,1800,1800,1800,0
2022-09-23 09:31:00,1800,1800,1800,1800,0
2022-09-23 09:32:00,1800,1800,1800,1800,0
2022-09-23 09:33:00,1800,1800,1800,1800,0
2022-09-23 09:34:00,1800,1800,1800,1800,0
2022-09-23 09:35:00,1800,1800,1800,1800,0
2022-09-23 09:36:00,1800,1800,1800,1800,0
2022-09-23 09:37:00,1800,1800,1800,1800,0
2022-09-23 09:38:00,1800,1800,1800,1800,0
2022-09-23 09:39:00,1800,1800,1800,1800,0
2022-09-23 09:40:00,1800,1800,1800,1800,0
2022-09-23 09:41:00,1800,1800,1800,1800,0
2022-09-23 09:42:00,1800,1800,1800,1800,0
2022-09-23 09:43:00,1800,1800,1800,1800,0
2022-09-23 09:44:00,1800,1800,1800,1800,0
2022-09-23 09:45:00,1800,1800,1800,1800,0
2022-09-23 09:46:00,1800,1800,1800,1800,0
2022-09-23 09:47:00,1800,1800,1800,1800,0
2022-09-23 09:48:00,1800,1800,1800,1800,0
2022-09-23 09:49:00,1800,1800,1800,1800,0
2022-09-23 09:50:00,1800,1800,1800,1800,0
2022-09-23 09:51:00,1800,1800,1800,1800,0
2022-09-23 09:52:00,1800,1800,1800,1800,0
2022-09-23 09:53:00,1800,1800,1800,1800,0
2022-09-23 09:54:00,1800,1800,1800,1800,0
2022-09-23 09:55:00,1800,1800,1800,1800,0
2022-09-23 09:56:00,1800,1800,1800,1800,0
2022-09-23 09:57:00,1800,1800,1800,1800,0
2022-09-23 09:58:00,1800,1800,1800,1800,0
2022-09-23 09:59:00,1800,1800,1800,1800,0
2022-09-23 10:00:00,1800,1800,1800,1800,0
2022-09-23 10:01:00,1800,1800,1800,1800,0
2022-09-23 10:02:00,1800,1800,1800,1800,0
2022-09-23 10:03:00,1800,1800,1800,1800,0
2022-09-23 10:04:00,1800,1800,1800,1800,0
2022-09-23 10:05:00,1800,1800,1800,1800,0
2022-09-23 10:06:00,1800,1800,1800,1800,0
2022-09-23 10:07:00,1800,1800,1800,1800,0
2022-09-23 10:08:00,1800,1800,1800,1800,0
2022-09-23 10:09:00,1800,1800,1800,1800,0
2022-09-23 10:10:00,1800,1800,1800,1800,0
2022-09-23 10:11:00,1800,1800,1800,1800,0
2022-09-23 10:12:00,1800,1800,1800,1800,0
2022-09-23 10:13:00,1800,1800,1800,1800,0
2022-09-23 10:14:00,1800,1800,1800,1800,0
2022-09-23 10:15:00,1800,1800,1800,1800,0
2022-09-23 10:16:00,1800,1800,1800,1800,0
2022-09-23 10:17:00,1800,1800,1800,1800,0
2022-09-23 10:18:00,1800,1800,1800,1800,0
2022-09-23 10:19:00,1800,1800,1800,1800,0
2022-09-23 10:20:00,1800,1800,1800,1800,0
2022-09-23 10:21:00,1800,1800,1800,1800,0
2022-09-23 10:22:00,1800,1800,1800,1800,0
2022-09-23 10:23:00,1800,1800,1800,1800,0
2022-09-23 10:24:00,1800,1800,1800,1800,0
2022-09-23 10:25:00,1800,1800,1800,1800,0
2022-09-23 10:26:00,1800,1800,1800,1800,0
2022-09-23 10:27:00,1800,1800,1800,1800,0
2022-09-23 10:28:00,1800,1800,1800,1800,0
2022-09-23 10:29:00,1800,1800,1800,1800,0
2022-09-23 10:30:00,1800,1800,1800,1800,0
2022-09-23 10:31:00,1800,1800,1800,1800,0
2022-09-23 10:32:00,1800,1800,1800,1800,0
2022-09-23 10:33:00,1800,1800,1800,1800,0
2022-09-23 10:34:00,1800,1800,1800,1800,0
2022-09-23 10:35:00,1800,1800,1800,1800,0
2022-09-23 10:36:00,1800,1800,1800,1800,0
2022-09-23 10:37:00,1800,1800,1800,1800,0
2022-09-23 10:38:00,1800,1800,1800,1800,0
2022-09-23 10:39:00,1800,1800,1800,1800,0
2022-09-23 10:40:00,1800,1800,1800,1800,0
2022-09-23 10:41:00,1800,1800,1800,1800,0
2022-09-23 10:42:00,1800,1800,1800,1800,0
2022-09-23 10:43:00,1800,1800,1800,1800,0
2022-09-23 10:44:00,1800,1800,1800,1800,0
2022-09-23 10:45:00,1800,1800,1800,1800,0
2022-09-23 10:46:00,1800,1800,1800,1800,0
2022-09-23 10:47:00,1800,1800,1800,1800,0
2022-09-23 10:48:00,1800,1800,1800,1800,0
2022-09-23 10:49:00,1800,1800,1800,1800,0
2022-09-23 10:50:00,1800,1800,1800,1800,0
2022-09-23 10:51:00,1800,1800,1800,1800,0
2022-09-23 10:52:00,1800,1800,1800,1800,0
2022-09-23 10:53:00,1800,1800,1800,1800,0
2022-09-23 10:54:00,1800,1800,1800,1800,0
2022-09-23 10:55:00,1800,1800,1800,1800,0
2022-09-23 10:56:00,1800,1800,1800,1800,0
2022-09-23 10:57:00,1800,1800,1800,1800,0
2022-09-23 10:58:00,1800,1800,1800,1800,0
2022-09-23 10:59:00,1800,1800,1800,1800,0
2022-09-23 11:00:00,1800,1800,1800,1800,0
2022-09-23 11:01:00,1800,1800,1800,1800,0
2022-09-23 11:02:00,1800,1800,1800,1800,0
2022-09-23 11:03:00,1800,1800,1800,1800,0
2022-09-23 11:04:00,1800,1800,1800,1800,0
2022-09-23 11:05:00,1800,1800,1800,1800,0
2022-09-23 11:06:00,1800,1800,1800,1800,0
2022-09-23 11:07:00,1800,1800,1800,1800,0
2022-09-23 11:08:00,1800,1800,1800,1800,0
2022-09-23 11:09:00,1800,1800,1800,1800,0
2022-09-23 11:10:00,1800,1800,1800,1800,0
2022-09-23 11:11:00,1800,1800,1800,1800,0
2022-09-23 11:12:00,1800,1800,1800,1800,0
2022-09-23 11:13:00,1800,1800,1800,1800,0
2022-09-23 11:14:00,1800,1800,1800,1800,0
2022-09-23 11:15:00,1800,1800,1800,1800,0
2022-09-23 11:16:00,1800,1800,1800,1800,0
2022-09-23 11:17:00,1800,1800,1800,1800,0
2022-09-23 11:18:00,1800,1800,1800,1800,0
2022-09-23 11:19:00,1800,1800,1800,1800,0
2022-09-23 11:20:00,1800,1800,1800,1800,0
2022-09-23 11:21:00,1800,1800,1800,1800,0
2022-09-23 11:22:00,1800,1800,1800,1800,0
2022-09-23 11:23:00,1800,1800,1800,1800,0
2022-09-23 11:24:00,1800,1800,1800,1800,0
2022-09-23 11:25:00,1800,1800,1800,1800,0
2022-09-23 11:26:00,1800,1800,1800,1800,0
2022-09-23 11:27:00,1800,1800,1800,1800,0
2022-09-23 11:28:00,1800,1800,1800,1800,0
2022-09-23 11:29:00,1800,1800,1800,1800,0
2022-09-23 11:30:00,1800,1800,1800,1800,0
2022-09-23 11:31:00,1800,1800,1800,1800,0
2022-09-23 11:32:00,1800,1800,1800,1800,0
2022-09-23 11:33:00,1800,1800,1800,1800,0
2022-09-23 11:34:00,1800,1800,1800,1800,0
2022-09-23 11:35:00,1800,1800,1800,1800,0
2022-09-23 11:36:00,1800,1800,1800,1800,0
2022-09-23 11:37:00,1800,1800,1800,1800,0
2022-09-23 11:38:00,1800,1800,1800,1800,0
2022-09-23 11:39:00,1800,1800,1800,1800,0
2022-09-23 11:40:00,1800,1800,1800,1800,0
2022-09-23 11:41:00,1800,1800,1800,1800,0
2022-09-23 11:42:00,1800,1800,1800,1800,0
2022-09-23 11:43:00,1800,1800,1800,1800,0
2022-09-23 11:44:00,1800,1800,1800,1800,0
2022-09-23 11:45:00,1800,1800,1800,1800,0
2022-09-23 11:46:00,1800,1800,1800,1800,0
2022-09-23 11:47:00,1800,1800,1800,1800,0
2022-09-23 11:48:00,1800,1800,1800,1800,0
2022-09-23 11:49:00,1800,1800,1800,1800,0
2022-09-23 11:50:00,1800,1800,1800,1800,0
2022-09-23 11:51:00,1800,1800,1800,1800,0
2022-09-23 11:52:00,1800,1800,1800,1800,0
2022-09-23 11:53:00,1800,1800,1800,1800,0
2022-09-23 11:54:00,1800,1800,1800,1800,0
2022-09-23 11:55:00,1800,1800,1800,1800,0
2022-09-23 11:56:00,1800,1800,1800,1800,0
2022-09-23 11:57:00,1800,1800,1800,1800,0
2022-09-23 11:58:00,1800,1800,1800,1800,0
2022-09-23 11:59:00,1800,1800,1800,1800,0
2022-09-23 12:00:00,1800,1800,1800,1800,0
2022-09-23 12:01:00,1800,1800,1800,1800,0
2022-09-23 12:02:00,1800,1800,1800,1800,0
2022-09-23 12:03:00,1800,1800,1800,1800,0
2022-09-23 12:04:00,1800,1800,1800,1800,0
2022-09-23 12:05:00,1800,1800,1800,1800,0
2022-09-23 12:06:00,1800,1800,1800,1800,0
2022-09-23 12:07:00,1800,1800,1800,1800,0
2022-09-23 12:08:00,1800,1800,1800,1800,0
2022-09-23 12:09:00,1800,1800,1800,1800,0
2022-09-23 12:10:00,1800,1800,1800,1800,0
2022-09-23 12:11:00,1800,1800,1800,1800,0
2022-09-23 12:12:00,1800,1800,1800,1800,0
2022-09-23 12:13:00,1800,1800,1800,1800,0
2022-09-23 12:14:00,1800,1800,1800,1800,0
2022-09-23 12:15:00,1800,1800,1800,1800,0
2022-09-23 12:16:00,1800,1800,1800,1800,0
2022-09-23 12:17:00,1800,1800,1800,1800,0
2022-09-23 12:18:00,1800,1800,1800,1800,0
2022-09-23 12:19:00,1800,1800,1800,1800,0
2022-09-23 12:20:00,1800,1800,1800,1800,0
2022-09-23 12:21:00,1800,1800,1800,1800,0
2022-09-23 12:22:00,1800,1800,1800,1800,0
2022-09-23 12:23:00,1800,1800,1800,1800,0
2022-09-23 12:24:00,1800,1800,1800,1800,0
2022-09-23 12:25:00,1800,1800,1800,1800,0
2022-09-23 12:26:00,1800,1800,1800,1800,0
2022-09-23 12:27:00,1800,1800,1800,1800,0
2022-09-23 12:28:00,1800,1800,1800,1800,0
2022-09-23 12:29:00,1800,1800,1800,1800,0
2022-09-23 12:30:00,1800,1800,1800,1800,0
2022-09-23 12:31:00,1800,1800,1800,1800,0
2022-09-23 12:32:00,1800,1800,1800,1800,0
2022-09-23 12:33:00,1800,1800,1800,1800,0
2022-09-23 12:34:00,1800,1800,1800,1800,0
2022-09-23 12:35:00,1800,1800,1800,1800,0
2022-09-23 12:36:00,1800,1800,1800,1800,0
2022-09-23 12:37:00,1800,1800,1800,1800,0
2022-09-23 12:38:00,1800,1800,1800,1800,0
2022-09-23 12:39:00,1800,1800,1800,1800,0
2022-09-23 12:40:00,1800,1800,1800,1800,0
2022-09-23 12:41:00,1800,1800,1800,1800,0
2022-09-23 12:42:00,1800,1800,1800,1800,0
2022-09-23 12:43:00,1800,1800,1800,1800,0
2022-09-23 12:44:00,1800,1800,1800,1800,0
2022-09-23 12:45:00,1800,1800,1800,1800,0
2022-09-23 12:46:00,1800,1800,1800,1800,0
2022-09-23 12:47:00,1800,1800,1800,1800,0
2022-09-23 12:48:00,1800,1800,1800,1800,0
2022-09-23 12:49:00,1800,1800,1800,1800,0
2022-09-23 12:50:00,1800,1800,1800,1800,0
2022-09-23 12:51:00,1800,1800,1800,1800,0
2022-09-23 12:52:00,1800,1800,1800,1800,0
2022-09-23 12:53:00,1800,1800,1800,1800,0
2022-09-23 12:54:00,1800,1800,1800,1800,0
2022-09-23 12:55:00,1800,1800,1800,1800,0
2022-09-23 12:56:00,1800,1800,1800,1800,0
2022-09-23 12:57:00,1800,1800,1800,1800,0
2022-09-23 12:58:00,1800,1800,1800,1800,0
2022-09-23 12:59:00,1800,1800,1800,1800,0
2022-09-23 13:00:00,1800,1800,1800,1800,0
2022-09-23 13:01:00,1800,1800,1800,1800,0
2022-09-23 13:02:00,1800,1800,1800,1800,0
2022-09-23 13:03:00,1800,1800,1800,1800,0
2022-09-23 13:04:00,1800,1800,1800,1800,0
2022-09-23 13:05:00,1800,1800,1800,1800,0
2022-09-23 13:06:00,1800,1800,1800,1800,0
2022-09-23 13:07:00,1800,1800,1800,1800,0
2022-09-23 13:08:00,1800,1800,1800,1800,0
2022-09-23 13:09:00,1800,1800,1800,1800,0
2022-09-23 13:10:00,1800,1800,1800,1800,0
2022-09-23 13:11:00,1800,1800,1800,1800,0
2022-09-23 13:12:00,1800,1800,1800,1800,0
2022-09-23 13:13:00,1800,1800,1800,1800,0
2022-09-23 13:14:00,1800,1800,1800,1800,0
2022-09-23 13:15:00,1800,1800,1800,1800,0
2022-09-23 13:16:00,1800,1800,1800,1800,0
2022-09-23 13:17:00,1800,1800,1800,1800,0
2022-09-23 13:18:00,1800,1800,1800,1800,0
2022-09-23 13:19:00,1800,1800,1800,1800,0
2022-09-23 13:20:00,1800,1800,1800,1800,0
2022-09-23 13:21:00,1800,1800,1800,1800,0
2022-09-23 13:22:00,1800,1800,1800,1800,0
2022-09-23 13:23:00,1800,1800,1800,1800,0
2022-09-23 13:24:00,1800,1800,1800,1800,0
2022-09-23 13:25:00,1800,1800,1800,1800,0
2022-09-23 13:26:00,1800,1800,1800,1800,0
2022-09-23 13:27:00,1800,1800,1800,1800,0
2022-09-23 13:28:00,1800,1800,1800,1800,0
2022-09-23 13:29:00,1800,1800,1800,1800,0
2022-09-23 13:30:00,1800,1800,1800,1800,0
2022-09-23 13:31:00,1800,1800,1800,1800,0
2022-09-23 13:32:00,1800,1800,1800,1800,0
2022-09-23 13:33:00,1800,1800,1800,1800,0
2022-09-23 13:34:00,1800,1800,1800,1800,0
2022-09-23 13:35:00,1800,1800,1800,1800,0
2022-09-23 13:36:00,1800,1800,1800,1800,0
2022-09-23 13:37:00,1800,1800,1800,1800,0
2022-09-23 13:38:00,1800,1800,1800,1800,0
2022-09-23 13:39:00,1800,1800,1800,1800,0
2022-09-23 13:40:00,1800,1800,1800,1800,0
2022-09-23 13:41:00,1800,1800,1800,1800,0
2022-09-23 13:42:00,1800,1800,1800,1800,0
2022-09-23 13:43:00,1800,1800,1800,1800,0
2022-09-23 13:44:00,1800,1800,1800,1800,0
2022-09-23 13:45:00,1800,1800,1800,1800,0
2022-09-23 13:46:00,1800,1800,1800,1800,0
2022-09-23 13:47:00,1800,1800,1800,1800,0
2022-09-23 13:48:00,1800,1800,1800,1800,0
2022-09-23 13:49:00,1800,1800,1800,1800,0
2022-09-23 13:50:00,1800,1800,1800,1800,0
2022-09-23 13:51:00,1800,1800,1800,1800,0
2022-09-23 13:52:00,1800,1800,1800,1800,0
2022-09-23 13:53:00,1800,1800,1800,1800,0
2022-09-23 13:54:00,1800,1800,1800,1800,0
2022-09-23 13:55:00,1800,1800,1800,1800,0
2022-09-23 13:56:00,1800,1800,1800,1800,0
2022-09-23 13:57:00,1800,1800,1800,1800,0
2022-09-23 13:58:00,1800,1800,1800,1800,0
2022-09-23 13:59:00,1800,1800,1800,1800,0
2022-09-23 14:00:00,1800,1800,1800,1800,0
2022-09-23 14:01:00,1800,1800,1800,1800,0
2022-09-23 14:02:00,1800,1800,1800,1800,0
2022-09-23 14:03:00,1800,1800,1800,1800,0
2022-09-23 14:04:00,1800,1800,1800,1800,0
2022-09-23 14:05:00,1800,1800,1800,1800,0
2022-09-23 14:06:00,1800,1800,1800,1800,0
2022-09-23 14:07:00,1800,1800,1800,1800,0
2022-09-23 14:08:00,1800,1800,1800,1800,0
2022-09-23 14:09:00,1800,1800,1800,1800,0
2022-09-23 14:10:00,1800,1800,1800,1800,0
2022-09-23 14:11:00,1800,1800,1800,1800,0
2022-09-23 14:12:00,1800,1800,1800,1800,0
2022-09-23 14:13:00,1800,1800,1800,1800,0
2022-09-23 14:14:00,1800,1800,1800,1800,0
2022-09-23 14:15:00,1800,1800,1800,1800,0
2022-09-23 14:16:00,1800,1800,1800,1800,0
2022-09-23 14:17:00,1800,1800,1800,1800,0
2022-09-23 14:18:00,1800,1800,1800,1800,0
2022-09-23 14:19:00,1800,1800,1800,1800,0
2022-09-23 14:20:00,1800,1800,1800,1800,0
2022-09-23 14:21:00,1800,1800,1800,1800,0
2022-09-23 14:22:00,1800,1800,1800,1800,0
2022-09-23 14:23:00,1800,1800,1800,1800,0
2022-09-23 14:24:00,1800,1800,1800,1800,0
2022-09-23 14:25:00,1800,1800,1800,1800,0
2022-09-23 14:26:00,1800,1800,1800,1800,0
2022-09-23 14:27:00,1800,1800,1800,1800,0
2022-09-23 14:28:00,1800,1800,1800,1800,0
2022-09-23 14:29:00,1800,1800,1800,1800,0
2022-09-23 14:30:00,1800,1800,1800,1800,0
2022-09-23 14:31:00,1800,1800,1800,1800,0
2022-09-23 14:32:00,1800,1800,1800,1800,0
2022-09-23 14:33:00,1800,1800,1800,1800,0
2022-09-23 14:34:00,1800,1800,1800,1800,0
2022-09-23 14:35:00,1800,1800,1800,1800,0
2022-09-23 14:36:00,1800,1800,1800,1800,0
2022-09-23 14:37:00,1800,1800,1800,1800,0
2022-09-23 14:38:00,1800,1800,1800,1800,0
2022-09-23 14:39:00,1800,1800,1800,1800,0
2022-09-23 14:40:00,1800,1800,1800,1800,0
2022-09-23 14:41:00,1800,1800,1800,1800,0
2022-09-23 14:42:00,1800,1800,1800,1800,0
2022-09-23 14:43:00,1800,1800,1800,1800,0
2022-09-23 14:44:00,1800,1800,1800,1800,0
2022-09-23 14:45:00,1800,1800,1800,1800,0
2022-09-23 14:46:00,1800,1800,1800,1800,0
2022-09-23 14:47:00,1800,1800,1800,1800,0
2022-09-23 14:48:00,1800,1800,1800,1800,0
2022-09-23 14:49:00,1800,1800,1800,1800,0
2022-09-23 14:50:00,1800,1800,1800,1800,0
2022-09-23 14:51:00,1800,1800,1800,1800,0
2022-09-23 14:52:00,1800,1800,1800,1800,0
2022-09-23 14:53:00,1800,1800,1800,1800,0
2022-09-23 14:54:00,1800,1800,1800,1800,0
2022-09-23 14:55:00,1800,1800,1800,1800,0
2022-09-23 14:56:00,1800,1800,1800,1800,0
2022-09-23 14:57:00,1800,1800,1800,1800,0
2022-09-23 14:58:00,1800,1800,1800,1800,0
2022-09-23 14:59:00,1800,1800,1800,1800,0
2022-09-23 15:00:00,1800,1800,1800,1800,0
2022-09-23 15:01:00,1800,1800,1800,1800,0
2022-09-23 15:02:00,1800,1800,1800,1800,0
2022-09-23 15:03:00,1800,1800,1800,1800,0
2022-09-23 15:04:00,1800,1800,1800,1800,0
2022-09-23 15:05:00,1800,1800,1800,1800,0
2022-09-23 15:06:00,1800,1800,1800,1800,0
2022-09-23 15:07:00,1800,1800,1800,1800,0
2022-09-23 15:08:00,1800,1800,1800,1800,0
2022-09-23 15:09:00,1800,1800,1800,1800,0
2022-09-23 15:10:00,1800,1800,1800,1800,0
2022-09-23 15:11:00,1800,1800,1800,1800,0
2022-09-23 15:12:00,1800,1800,1800,1800,0
2022-09-23 15:13:00,1800,1800,1800,1800,0
2022-09-23 15:14:00,1800,1800,1800,1800,0
2022-09-23 15:15:00,1800,1800,1800,1800,0
2022-09-23 15:16:00,1800,1800,1800,1800,0
2022-09-23 15:17:00,1800,1800,1800,1800,0
2022-09-23 15:18:00,1800,1800,1800,1800,0
2022-09-23 15:19:00,1800,1800,1800,1800,0
2022-09-23 15:20:00,1800,1800,1800,1800,0
2022-09-23 15:21:00,1800,1800,1800,1800,0
2022-09-23 15:22:00,1800,1800,1800,1800,0
2022-09-23 15:23:00,1800,1800,1800,1800,0
2022-09-23 15:24:00,1800,1800,1800,1800,0
2022-09-23 15:25:00,1800,1800,1800,1800,0
2022-09-23 15:26:00,1800,1800,1800,1800,0
2022-09-23 15:27:00,1800,1800,1800,1800,0
2022-09-23 15:28:00,1800,1800,1800,1800,0
2022-09-23 15:29:00,1800,1800,1800,1800,0
2022-09-23 15:30:00,1800,1800,1800,1800,0
2022-09-23 15:31:00,1800,1800,1800,1800,0
2022-09-23 15:32:00,1800,1800,1800,1800,0
2022-09-23 15:33:00,1800,1800,1800,1800,0
2022-09-23 15:34:00,1800,1800,1800,1800,0
2022-09-23 15:35:00,1800,1800,1800,1800,0
2022-09-23 15:36:00,1800,1800,1800,1800,0
2022-09-23 15:37:00,1800,1800,1800,1800,0
2022-09-23 15:38:00,1800,1800,1800,1800,0
2022-09-23 15:39:00,1800,1800,1800,1800,0
2022-09-23 15:40:00,1800,1800,1800,1800,0
2022-09-23 15:41:00,1800,1800,1800,1800,0
2022-09-23 15:42:00,1800,1800,1800,1800,0
2022-09-23 15:43:00,1800,1800,1800,1800,0
2022-09-23 15:44:00,1800,1800,1800,1800,0
2022-09-23 15:45:00,1800,1800,1800,1800,0
2022-09-23 15:46:00,1800,1800,1800,1800,0
2022-09-23 15:47:00,1800,1800,1800,1800,0
2022-09-23 15:48:00,1800,1800,1800,1800,0
2022-09-23 15:49:00,1800,1800,1800,1800,0
2022-09-23 15:50:00,1800,1800,1800,1800,0
2022-09-23 15:51:00,1800,1800,1800,1800,0
2022-09-23 15:52:00,1800,1800,1800,1800,0
2022-09-23 15:53:00,1800,1800,1800,1800,0
2022-09-23 15:54:00,1800,1800,1800,1800,0
2022-09-23 15:55:00,1800,1800,1800,1800,0
2022-09-23 15:56:00,1800,1800,1800,1800,0
2022-09-23 15:57:00,1800,1800,1800,1800,0
2022-09-23 15:58:00,1800,1800,1800,1800,0
2022-09-23 15:59:00,1800,1800,1800,1800,0
2022-10-03 09:00:00,1795,1795,1795,1795,0
2022-10-03 09:01:00,1795,1795,1795,1795,0
2022-10-03 09:02:00,1795,1795,1795,1795,0
2022-10-03 09:03:00,1795,1795,1795,1795,0
2022-10-03 09:04:00,1795,1795,1795,1795,0
2022-10-03 09:05:00,1795,1795,1795,1795,0
2022-10-03 09:06:00,1795,1795,1795,1795,0
2022-10-03 09:07:00,1795,1795,1795,1795,0
2022-10-03 09:08:00,1795,1795,1795,1795,0
2022-10-03 09:09:00,1795,1795,1795,1795,0
2022-10-03 09:10:00,1795,1795,1795,1795,0
2022-10-03 09:11:00,1795,1795,1795,1795,0
2022-10-03 09:12:00,1795,1795,1795,1795,0
2022-10-03 09:13:00,1795,1795,1795,1795,0
2022-10-03 09:14:00,1795,1795,1795,1795,0
2022-10-03 09:15:00,1795,1795,1795,1795,0
2022-10-03 09:16:00,1795,1795,1795,1795,0
2022-10-03 09:17:00,1795,1795,1795,1795,0
2022-10-03 09:18:00,1795,1795,1795,1795,0
2022-10-03 09:19:00,1795,1795,1795,1795,0
2022-10-03 09:20:00,1795,1795,1795,1795,0
2022-10-03 09:21:00,1795,1795,1795,1795,0
2022-10-03 09:22:00,1795,1795,1795,1795,0
2022-10-03 09:23:00,1795,1795,1795,1795,0
2022-10-03 09:24:00,1795,1795,1795,1795,0
2022-10-03 09:25:00,1795,1795,1795,1795,0
2022-10-03 09:26:00,1795,1795,1795,1795,0
2022-10-03 09:27:00,1795,1795,1795,1795,0
2022-10-03 09:28:00,1795,1795,1795,1795,0
2022-10-03 09:29:00,1795,1795,1795,1795,0
2022-10-03 09:30:00,1795,1795,1795,1795,0
2022-10-03 09:31:00,1795,1795,1795,1795,0
2022-10-03 09:32:00,1795,1795,1795,1795,0
2022-10-03 09:33:00,1795,1795,1795,1795,0
2022-10-03 09:34:00,1795,1795,1795,1795,0
2022-10-03 09:35:00,1795,1795,1795,1795,0
2022-10-03 09:36:00,1795,1795,1795,1795,0
2022-10-03 09:37:00,1795,1795,1795,1795,0
2022-10-03 09:38:00,1795,1795,1795,1795,0
2022-10-03 09:39:00,1795,1795,1795,1795,0
2022-10-03 09:40:00,1795,1795,1795,1795,0
2022-10-03 09:41:00,1795,1795,1795,1795,0
2022-10-03 09:42:00,1795,1795,1795,1795,0
2022-10-03 09:43:00,1795,1795,1795,1795,0
2022-10-03 09:44:00,1795,1795,1795,1795,0
2022-10-03 09:45:00,1795,1795,1795,1795,0
2022-10-03 09:46:00,1795,1795,1795,1795,0
2022-10-03 09:47:00,1795,1795,1795,1795,0
2022-10-03 09:48:00,1795,1795,1795,1795,0
2022-10-03 09:49:00,1795,1795,1795,1795,0
2022-10-03 09:50:00,1795,1795,1795,1795,0
2022-10-03 09:51:00,1795,1795,1795,1795,0
2022-10-03 09:52:00,1795,1795,1795,1795,0
2022-10-03 09:53:00,1795,1795,1795,1795,0
2022-10-03 09:54:00,1795,1795,1795,1795,0
2022-10-03 09:55:00,1795,1795,1795,1795,0
2022-10-03 09:56:00,1795,1795,1795,1795,0
2022-10-03 09:57:00,1795,1795,1795,1795,0
2022-10-03 09:58:00,1795,1795,1795,1795,0
2022-10-03 09:59:00,1795,1795,1795,1795,0
2022-10-03 10:00:00,1795,1795,1795,1795,0
2022-10-03 10:01:00,1795,1795,1795,1795,0
2022-10-03 10:02:00,1795,1795,1795,1795,0
2022-10-03 10:03:00,1795,1795,1795,1795,0
2022-10-03 10:04:00,1795,1795,1795,1795,0
2022-10-03 10:05:00,1795,1795,1795,1795,0
2022-10-03 10:06:00,1795,1795,1795,1795,0
2022-10-03 10:07:00,1795,1795,1795,1795,0
2022-10-03 10:08:00,1795,1795,1795,1795,0
2022-10-03 10:09:00,1795,1795,1795,1795,0
2022-10-03 10:10:00,1795,1795,1795,1795,0
2022-10-03 10:11:00,1795,1795,1795,1795,0
2022-10-03 10:12:00,1795,1795,1795,1795,0
2022-10-03 10:13:00,1795,1795,1795,1795,0
2022-10-03 10:14:00,1795,1795,1795,1795,0
2022-10-03 10:15:00,1795,1795,1795,1795,0
2022-10-03 10:16:00,1795,1795,1795,1795,0
2022-10-03 10:17:00,1795,1795,1795,1795,0
2022-10-03 10:18:00,1795,1795,1795,1795,0
2022-10-03 10:19:00,1795,1795,1795,1795,0
2022-10-03 10:20:00,1795,1795,1795,1795,0
2022-10-03 10:21:00,1795,1795,1795,1795,0
2022-10-03 10:22:00,1795,1795,1795,1795,0
2022-10-03 10:23:00,1795,1795,1795,1795,0
2022-10-03 10:24:00,1795,1795,1795,1795,0
2022-10-03 10:25:00,1795,1795,1795,1795,0
2022-10-03 10:26:00,1795,1795,1795,1795,0
2022-10-03 10:27:00,1795,1795,1795,1795,0
2022-10-03 10:28:00,1795,1795,1795,1795,0
2022-10-03 10:29:00,1795,1795,1795,1795,0
2022-10-03 10:30:00,1795,1795,1795,1795,0
2022-10-03 10:31:00,1795,1795,1795,1795,0
2022-10-03 10:32:00,1795,1795,1795,1795,0
2022-10-03 10:33:00,1795,1795,1795,1795,0
2022-10-03 10:34:00,1795,1795,1795,1795,0
2022-10-03 10:35:00,1795,1795,1795,1795,0
2022-10-03 10:36:00,1795,1795,1795,1795,0
2022-10-03 10:37:00,1795,1795,1795,1795,0
2022-10-03 10:38:00,1795,1795,1795,1795,0
2022-10-03 10:39:00,1795,1795,1795,1795,0
2022-10-03 10:40:00,1795,1795,1795,1795,0
2022-10-03 10:41:00,1795,1795,1795,1795,0
2022-10-03 10:42:00,1795,1795,1795,1795,0
2022-10-03 10:43:00,1795,1795,1795,1795,0
2022-10-03 10:44:00,1795,1795,1795,1795,0
2022-10-03 10:45:00,1795,1795,1795,1795,0
2022-10-03 10:46:00,1795,1795,1795,1795,0
2022-10-03 10:47:00,1795,1795,1795,1795,0
2022-10-03 10:48:00,1795,1795,1795,1795,0
2022-10-03 10:49:00,1795,1795,1795,1795,0
2022-10-03 10:50:00,1795,1795,1795,1795,0
2022-10-03 10:51:00,1795,1795,1795,1795,0
2022-10-03 10:52:00,1795,1795,1795,1795,0
2022-10-03 10:53:00,1795,1795,1795,1795,0
2022-10-03 10:54:00,1795,1795,1795,1795,0
2022-10-03 10:55:00,1795,1795,1795,1795,0
2022-10-03 10:56:00,1795,1795,1795,1795,0
2022-10-03 10:57:00,1795,1795,1795,1795,0
2022-10-03 10:58:00,1795,1795,1795,1795,0
2022-10-03 10:59:00,1795,1795,1795,1795,0
2022-10-03 11:00:00,1795,1795,1795,1795,0
2022-10-03 11:01:00,1795,1795,1795,1795,0
2022-10-03 11:02:00,1795,1795,1795,1795,0
2022-10-03 11:03:00,1795,1795,1795,1795,0
2022-10-03 11:04:00,1795,1795,1795,1795,0
2022-10-03 11:05:00,1795,1795,1795,1795,0
2022-10-03 11:06:00,1795,1795,1795,1795,0
2022-10-03 11:07:00,1795,1795,1795,1795,0
2022-10-03 11:08:00,1795,1795,1795,1795,0
2022-10-03 11:09:00,1795,1795,1795,1795,0
2022-10-03 11:10:00,1795,1795,1795,1795,0
2022-10-03 11:11:00,1795,1795,1795,1795,0
2022-10-03 11:12:00,1795,1795,1795,1795,0
2022-10-03 11:13:00,1795,1795,1795,1795,0
2022-10-03 11:14:00,1795,1795,1795,1795,0
2022-10-03 11:15:00,1795,1795,1795,1795,0
2022-10-03 11:16:00,1795,1795,1795,1795,0
2022-10-03 11:17:00,1795,1795,1795,1795,0
2022-10-03 11:18:00,1795,1795,1795,1795,0
2022-10-03 11:19:00,1795,1795,1795,1795,0
2022-10-03 11:20:00,1795,1795,1795,1795,0
2022-10-03 11:21:00,1795,1795,1795,1795,0
2022-10-03 11:22:00,1795,1795,1795,1795,0
2022-10-03 11:23:00,1795,1795,1795,1795,0
2022-10-03 11:24:00,1795,1795,1795,1795,0
2022-10-03 11:25:00,1795,1795,1795,1795,0
2022-10-03 11:26:00,1795,1795,1795,1795,0
2022-10-03 11:27:00,1795,1795,1795,1795,0
2022-10-03 11:28:00,1795,1795,1795,1795,0
2022-10-03 11:29:00,1795,1795,1795,1795,0
2022-10-03 11:30:00,1795,1795,1795,1795,0
2022-10-03 11:31:00,1795,1795,1795,1795,0
2022-10-03 11:32:00,1795,1795,1795,1795,0
2022-10-03 11:33:00,1795,1795,1795,1795,0
2022-10-03 11:34:00,1795,1795,1795,1795,0
2022-10-03 11:35:00,1795,1795,1795,1795,0
2022-10-03 11:36:00,1795,1795,1795,1795,0
2022-10-03 11:37:00,1795,1795,1795,1795,0
2022-10-03 11:38:00,1795,1795,1795,1795,0
2022-10-03 11:39:00,1795,1795,1795,1795,0
2022-10-03 11:40:00,1795,1795,1795,1795,0
2022-10-03 11:41:00,1795,1795,1795,1795,0
2022-10-03 11:42:00,1795,1795,1795,1795,0
2022-10-03 11:43:00,1795,1795,1795,1795,0
2022-10-03 11:44:00,1795,1795,1795,1795,0
2022-10-03 11:45:00,1795,1795,1795,1795,0
2022-10-03 11:46:00,1795,1795,1795,1795,0
2022-10-03 11:47:00,1795,1795,1795,1795,0
2022-10-03 11:48:00,1795,1795,1795,1795,0
2022-10-03 11:49:00,1795,1795,1795,1795,0
2022-10-03 11:50:00,1795,1795,1795,1795,0
2022-10-03 11:51:00,1795,1795,1795,1795,0
2022-10-03 11:52:00,1795,1795,1795,1795,0
2022-10-03 11:53:00,1795,1795,1795,1795,0
2022-10-03 11:54:00,1795,1795,1795,1795,0
2022-10-03 11:55:00,1795,1795,1795,1795,0
2022-10-03 11:56:00,1795,1795,1795,1795,0
2022-10-03 11:57:00,1795,1795,1795,1795,0
2022-10-03 11:58:00,1795,1795,1795,1795,0
2022-10-03 11:59:00,1795,1795,1795,1795,0
2022-10-03 12:00:00,1795,1795,1795,1795,0
2022-10-03 12:01:00,1795,1795,1795,1795,0
2022-10-03 12:02:00,1795,1795,1795,1795,0
2022-10-03 12:03:00,1795,1795,1795,1795,0
2022-10-03 12:04:00,1795,1795,1795,1795,0
2022-10-03 12:05:00,1795,1795,1795,1795,0
2022-10-03 12:06:00,1795,1795,1795,1795,0
2022-10-03 12:07:00,1795,1795,1795,1795,0
2022-10-03 12:08:00,1795,1795,1795,1795,0
2022-10-03 12:09:00,1795,1795,1795,1795,0
2022-10-03 12:10:00,1795,1795,1795,1795,0
2022-10-03 12:11:00,1795,1795,1795,1795,0
2022-10-03 12:12:00,1795,1795,1795,1795,0
2022-10-03 12:13:00,1795,1795,1795,1795,0
2022-10-03 12:14:00,1795,1795,1795,1795,0
2022-10-03 12:15:00,1795,1795,1795,1795,0
2022-10-03 12:16:00,1795,1795,1795,1795,0
2022-10-03 12:17:00,1795,1795,1795,1795,0
2022-10-03 12:18:00,1795,1795,1795,1795,0
2022-10-03 12:19:00,1795,1795,1795,1795,0
2022-10-03 12:20:00,1795,1795,1795,1795,0
2022-10-03 12:21:00,1795,1795,1795,1795,0
2022-10-03 12:22:00,1795,1795,1795,1795,0
2022-10-03 12:23:00,1795,1795,1795,1795,0
2022-10-03 12:24:00,1795,1795,1795,1795,0
2022-10-03 12:25:00,1795,1795,1795,1795,0
2022-10-03 12:26:00,1795,1795,1795,1795,0
2022-10-03 12:27:00,1795,1795,1795,1795,0
2022-10-03 12:28:00,1795,1795,1795,1795,0
2022-10-03 12:29:00,1795,1795,1795,1795,0
2022-10-03 12:30:00,1795,1795,1795,1795,0
2022-10-03 12:31:00,1795,1795,1795,1795,0
2022-10-03 12:32:00,1795,1795,1795,1795,0
2022-10-03 12:33:00,1795,1795,1795,1795,0
2022-10-03 12:34:00,1795,1795,1795,1795,0
2022-10-03 12:35:00,1795,1795,1795,1795,0
2022-10-03 12:36:00,1795,1795,1795,1795,0
2022-10-03 12:37:00,1795,1795,1795,1795,0
2022-10-03 12:38:00,1795,1795,1795,1795,0
2022-10-03 12:39:00,1795,1795,1795,1795,0
2022-10-03 12:40:00,1795,1795,1795,1795,0
2022-10-03 12:41:00,1795,1795,1795,1795,0
2022-10-03 12:42:00,1795,1795,1795,1795,0
2022-10-03 12:43:00,1795,1795,1795,1795,0
2022-10-03 12:44:00,1795,1795,1795,1795,0
2022-10-03 12:45:00,1795,1795,1795,1795,0
2022-10-03 12:46:00,1795,1795,1795,1795,0
2022-10-03 12:47:00,1795,1795,1795,1795,0
2022-10-03 12:48:00,1795,1795,1795,1795,0
2022-10-03 12:49:00,1795,1795,1795,1795,0
2022-10-03 12:50:00,1795,1795,1795,1795,0
2022-10-03 12:51:00,1795,1795,1795,1795,0
2022-10-03 12:52:00,1795,1795,1795,1795,0
2022-10-03 12:53:00,1795,1795,1795,1795,0
2022-10-03 12:54:00,1795,1795,1795,1795,0
2022-10-03 12:55:00,1795,1795,1795,1795,0
2022-10-03 12:56:00,1795,1795,1795,1795,0
2022-10-03 12:57:00,1795,1795,1795,1795,0
2022-10-03 12:58:00,1795,1795,1795,1795,0
2022-10-03 12:59:00,1795,1795,1795,1795,0
2022-10-03 13:00:00,1795,1795,1795,1795,0
2022-10-03 13:01:00,1795,1795,1795,1795,0
2022-10-03 13:02:00,1795,1795,1795,1795,0
2022-10-03 13:03:00,1795,1795,1795,1795,0
2022-10-03 13:04:00,1795,1795,1795,1795,0
2022-10-03 13:05:00,1795,1795,1795,1795,0
2022-10-03 13:06:00,1795,1795,1795,1795,0
2022-10-03 13:07:00,1795,1795,1795,1795,0
2022-10-03 13:08:00,1795,1795,1795,1795,0
2022-10-03 13:09:00,1795,1795,1795,1795,0
2022-10-03 13:10:00,1795,1795,1795,1795,0
2022-10-03 13:11:00,1795,1795,1795,1795,0
2022-10-03 13:12:00,1795,1795,1795,1795,0
2022-10-03 13:13:00,1795,1795,1795,1795,0
2022-10-03 13:14:00,1795,1795,1795,1795,0
2022-10-03 13:15:00,1795,1795,1795,1795,0
2022-10-03 13:16:00,1795,1795,1795,1795,0
2022-10-03 13:17:00,1795,1795,1795,1795,0
2022-10-03 13:18:00,1795,1795,1795,1795,0
2022-10-03 13:19:00,1795,1795,1795,1795,0
2022-10-03 13:20:00,1795,1795,1795,1795,0
2022-10-03 13:21:00,1795,1795,1795,1795,0
2022-10-03 13:22:00,1795,1795,1795,1795,0
2022-10-03 13:23:00,1795,1795,1795,1795,0
2022-10-03 13:24:00,1795,1795,1795,1795,0
2022-10-03 13:25:00,1795,1795,1795,1795,0
2022-10-03 13:26:00,1795,1795,1795,1795,0
2022-10-03 13:27:00,1795,1795,1795,1795,0
2022-10-03 13:28:00,1795,1795,1795,1795,0
2022-10-03 13:29:00,1795,1795,1795,1795,0
2022-10-03 13:30:00,1795,1795,1795,1795,0
2022-10-03 13:31:00,1795,1795,1795,1795,0
2022-10-03 13:32:00,1795,1795,1795,1795,0
2022-10-03 13:33:00,1795,1795,1795,1795,0
2022-10-03 13:34:00,1795,1795,1795,1795,0
2022-10-03 13:35:00,1795,1795,1795,1795,0
2022-10-03 13:36:00,1795,1795,1795,1795,0
2022-10-03 13:37:00,1795,1795,1795,1795,0
2022-10-03 13:38:00,1795,1795,1795,1795,0
2022-10-03 13:39:00,1795,1795,1795,1795,0
2022-10-03 13:40:00,1795,1795,1795,1795,0
2022-10-03 13:41:00,1795,1795,1795,1795,0
2022-10-03 13:42:00,1795,1795,1795,1795,0
2022-10-03 13:43:00,1795,1795,1795,1795,0
2022-10-03 13:44:00,1795,1795,1795,1795,0
2022-10-03 13:45:00,1795,1795,1795,1795,0
2022-10-03 13:46:00,1795,1795,1795,1795,0
2022-10-03 13:47:00,1795,1795,1795,1795,0
2022-10-03 13:48:00,1795,1795,1795,1795,0
2022-10-03 13:49:00,1795,1795,1795,1795,0
2022-10-03 13:50:00,1795,1795,1795,1795,0
2022-10-03 13:51:00,1795,1795,1795,1795,0
2022-10-03 13:52:00,1795,1795,1795,1795,0
2022-10-03 13:53:00,1795,1795,1795,1795,0
2022-10-03 13:54:00,1795,1795,1795,1795,0
2022-10-03 13:55:00,1795,1795,1795,1795,0
2022-10-03 13:56:00,1795,1795,1795,1795,0
2022-10-03 13:57:00,1795,1795,1795,1795,0
2022-10-03 13:58:00,1795,1795,1795,1795,0
2022-10-03 13:59:00,1795,1795,1795,1795,0
2022-10-03 14:00:00,1795,1795,1795,1795,0
2022-10-03 14:01:00,1795,1795,1795,1795,0
2022-10-03 14:02:00,1795,1795,1795,1795,0
2022-10-03 14:03:00,1795,1795,1795,1795,0
2022-10-03 14:04:00,1795,1795,1795,1795,0
2022-10-03 14:05:00,1795,1795,1795,1795,0
2022-10-03 14:06:00,1795,1795,1795,1795,0
2022-10-03 14:07:00,1795,1795,1795,1795,0
2022-10-03 14:08:00,1795,1795,1795,1795,0
2022-10-03 14:09:00,1795,1795,1795,1795,0
2022-10-03 14:10:00,1795,1795,1795,1795,0
2022-10-03 14:11:00,1795,1795,1795,1795,0
2022-10-03 14:12:00,1795,1795,1795,1795,0
2022-10-03 14:13:00,1795,1795,1795,1795,0
2022-10-03 14:14:00,1795,1795,1795,1795,0
2022-10-03 14:15:00,1795,1795,1795,1795,0
2022-10-03 14:16:00,1795,1795,1795,1795,0
2022-10-03 14:17:00,1795,1795,1795,1795,0
2022-10-03 14:18:00,1795,1795,1795,1795,0
2022-10-03 14:19:00,1795,1795,1795,1795,0
2022-10-03 14:20:00,1795,1795,1795,1795,0
2022-10-03 14:21:00,1795,1795,1795,1795,0
2022-10-03 14:22:00,1795,1795,1795,1795,0
2022-10-03 14:23:00,1795,1795,1795,1795,0
2022-10-03 14:24:00,1795,1795,1795,1795,0
2022-10-03 14:25:00,1795,1795,1795,1795,0
2022-10-03 14:26:00,1795,1795,1795,1795,0
2022-10-03 14:27:00,1795,1795,1795,1795,0
2022-10-03 14:28:00,1795,1795,1795,1795,0
2022-10-03 14:29:00,1795,1795,1795,1795,0
2022-10-03 14:30:00,1795,1795,1795,1795,0
2022-10-03 14:31:00,1795,1795,1795,1795,0
2022-10-03 14:32:00,1795,1795,1795,1795,0
2022-10-03 14:33:00,1795,1795,1795,1795,0
2022-10-03 14:34:00,1795,1795,1795,1795,0
2022-10-03 14:35:00,1795,1795,1795,1795,0
2022-10-03 14:36:00,1795,1795,1795,1795,0
2022-10-03 14:37:00,1795,1795,1795,1795,0
2022-10-03 14:38:00,1795,1795,1795,1795,0
2022-10-03 14:39:00,1795,1795,1795,1795,0
2022-10-03 14:40:00,1795,1795,1795,1795,0
2022-10-03 14:41:00,1795,1795,1795,1795,0
2022-10-03 14:42:00,1795,1795,1795,1795,0
2022-10-03 14:43:00,1795,1795,1795,1795,0
2022-10-03 14:44:00,1795,1795,1795,1795,0
2022-10-03 14:45:00,1795,1795,1795,1795,0
2022-10-03 14:46:00,1795,1795,1795,1795,0
2022-10-03 14:47:00,1795,1795,1795,1795,0
2022-10-03 14:48:00,1795,1795,1795,1795,0
2022-10-03 14:49:00,1795,1795,1795,1795,0
2022-10-03 14:50:00,1795,1795,1795,1795,0
2022-10-03 14:51:00,1795,1795,1795,1795,0
2022-10-03 14:52:00,1795,1795,1795,1795,0
2022-10-03 14:53:00,1795,1795,1795,1795,0
2022-10-03 14:54:00,1795,1795,1795,1795,0
2022-10-03 14:55:00,1795,1795,1795,1795,0
2022-10-03 14:56:00,1795,1795,1795,1795,0
2022-10-03 14:57:00,1795,1795,1795,1795,0
2022-10-03 14:58:00,1795,1795,1795,1795,0
2022-10-03 14:59:00,1795,1795,1795,1795,0
2022-10-03 15:00:00,1795,1795,1795,1795,0
2022-10-03 15:01:00,1795,1795,1795,1795,0
2022-10-03 15:02:00,1795,1795,1795,1795,0
2022-10-03 15:03:00,1795,1795,1795,1795,0
2022-10-03 15:04:00,1795,1795,1795,1795,0
2022-10-03 15:05:00,1795,1795,1795,1795,0
2022-10-03 15:06:00,1795,1795,1795,1795,0
2022-10-03 15:07:00,1795,1795,1795,1795,0
2022-10-03 15:08:00,1795,1795,1795,1795,0
2022-10-03 15:09:00,1795,1795,1795,1795,0
2022-10-03 15:10:00,1795,1795,1795,1795,0
2022-10-03 15:11:00,1795,1795,1795,1795,0
2022-10-03 15:12:00,1795,1795,1795,1795,0
2022-10-03 15:13:00,1795,1795,1795,1795,0
2022-10-03 15:14:00,1795,1795,1795,1795,0
2022-10-03 15:15:00,1795,1795,1795,1795,0
2022-10-03 15:16:00,1795,1795,1795,1795,0
2022-10-03 15:17:00,1795,1795,1795,1795,0
2022-10-03 15:18:00,1795,1795,1795,1795,0
2022-10-03 15:19:00,1795,1795,1795,1795,0
2022-10-03 15:20:00,1795,1795,1795,1795,0
2022-10-03 15:21:00,1795,1795,1795,1795,0
2022-10-03 15:22:00,1795,1795,1795,1795,0
2022-10-03 15:23:00,1795,1795,1795,1795,0
2022-10-03 15:24:00,1795,1795,1795,1795,0
2022-10-03 15:25:00,1795,1795,1795,1795,0
2022-10-03 15:26:00,1795,1795,1795,1795,0
2022-10-03 15:27:00,1795,1795,1795,1795,0
2022-10-03 15:28:00,1795,1795,1795,1795,0
2022-10-03 15:29:00,1795,1795,1795,1795,0
2022-10-03 15:30:00,1795,1795,1795,1795,0
2022-10-03 15:31:00,1795,1795,1795,1795,0
2022-10-03 15:32:00,1795,1795,1795,1795,0
2022-10-03 15:33:00,1795,1795,1795,1795,0
2022-10-03 15:34:00,1795,1795,1795,1795,0
2022-10-03 15:35:00,1795,1795,1795,1795,0
2022-10-03 15:36:00,1795,1795,1795,1795,0
2022-10-03 15:37:00,1795,1795,1795,1795,0
2022-10-03 15:38:00,1795,1795,1795,1795,0
2022-10-03 15:39:00,1795,1795,1795,1795,0
2022-10-03 15:40:00,1795,1795,1795,1795,0
2022-10-03 15:41:00,1795,1795,1795,1795,0
2022-10-03 15:42:00,1795,1795,1795,1795,0
2022-10-03 15:43:00,1795,1795,1795,1795,0
2022-10-03 15:44:00,1795,1795,1795,1795,0
2022-10-03 15:45:00,1795,1795,1795,1795,0
2022-10-03 15:46:00,1795,1795,1795,1795,0
2022-10-03 15:47:00,1795,1795,1795,1795,0
2022-10-03 15:48:00,1795,1795,1795,1795,0
2022-10-03 15:49:00,1795,1795,1795,1795,0
2022-10-03 15:50:00,1795,1795,1795,1795,0
2022-10-03 15:51:00,1795,1795,1795,1795,0
2022-10-03 15:52:00,1795,1795,1795,1795,0
2022-10-03 15:53:00,1795,1795,1795,1795,0
2022-10-03 15:54:00,1795,1795,1795,1795,0
2022-10-03 15:55:00,1795,1795,1795,1795,0
2022-10-03 15:56:00,1795,1795,1795,1795,0
2022-10-03 15:57:00,1795,1795,1795,1795,0
2022-10-03 15:58:00,1795,1795,1795,1795,0
2022-10-03 15:59:00,1795,1795,1795,1795,0
2022-10-04 09:00:00,1795,1795,1795,1795,0
2022-10-04 09:01:00,1795,1795,1795,1795,0
2022-10-04 09:02:00,1795,1795,1795,1795,0
2022-10-04 09:03:00,1795,1795,1795,1795,0
2022-10-04 09:04:00,1795,1795,1795,1795,0
2022-10-04 09:05:00,1795,1795,1795,1795,0
2022-10-04 09:06:00,1795,1795,1795,1795,0
2022-10-04 09:07:00,1795,1795,1795,1795,0
2022-10-04 09:08:00,1795,1795,1795,1795,0
2022-10-04 09:09:00,1795,1795,1795,1795,0
2022-10-04 09:10:00,1795,1795,1795,1795,0
2022-10-04 09:11:00,1795,1795,1795,1795,0
2022-10-04 09:12:00,1795,1795,1795,1795,0
2022-10-04 09:13:00,1795,1795,1795,1795,0
2022-10-04 09:14:00,1795,1795,1795,1795,0
2022-10-04 09:15:00,1795,1795,1795,1795,0
2022-10-04 09:16:00,1795,1795,1795,1795,0
2022-10-04 09:17:00,1795,1795,1795,1795,0
2022-10-04 09:18:00,1795,1795,1795,1795,0
2022-10-04 09:19:00,1795,1795,1795,1795,0
2022-10-04 09:20:00,1795,1795,1795,1795,0
2022-10-04 09:21:00,1795,1795,1795,1795,0
2022-10-04 09:22:00,1795,1795,1795,1795,0
2022-10-04 09:23:00,1795,1795,1795,1795,0
2022-10-04 09:24:00,1795,1795,1795,1795,0
2022-10-04 09:25:00,1795,1795,1795,1795,0
2022-10-04 09:26:00,1795,1795,1795,1795,0
2022-10-04 09:27:00,1795,1795,1795,1795,0
2022-10-04 09:28:00,1795,1795,1795,1795,0
2022-10-04 09:29:00,1795,1795,1795,1795,0
2022-10-04 09:30:00,1795,1795,1795,1795,0
2022-10-04 09:31:00,1795,1795,1795,1795,0
2022-10-04 09:32:00,1795,1795,1795,1795,0
2022-10-04 09:33:00,1795,1795,1795,1795,0
2022-10-04 09:34:00,1795,1795,1795,1795,0
2022-10-04 09:35:00,1795,1795,1795,1795,0
2022-10-04 09:36:00,1795,1795,1795,1795,0
2022-10-04 09:37:00,1795,1795,1795,1795,0
2022-10-04 09:38:00,1795,1795,1795,1795,0
2022-10-04 09:39:00,1795,1795,1795,1795,0
2022-10-04 09:40:00,1795,1795,1795,1795,0
2022-10-04 09:41:00,1795,1795,1795,1795,0
2022-10-04 09:42:00,1795,1795,1795,1795,0
2022-10-04 09:43:00,1795,1795,1795,1795,0
2022-10-04 09:44:00,1795,1795,1795,1795,0
2022-10-04 09:45:00,1795,1795,1795,1795,0
2022-10-04 09:46:00,1795,1795,1795,1795,0
2022-10-04 09:47:00,1795,1795,1795,1795,0
2022-10-04 09:48:00,1795,1795,1795,1795,0
2022-10-04 09:49:00,1795,1795,1795,1795,0
2022-10-04 09:50:00,1795,1795,1795,1795,0
2022-10-04 09:51:00,1795,1795,1795,1795,0
2022-10-04 09:52:00,1795,1795,1795,1795,0
2022-10-04 09:53:00,1795,1795,1795,1795,0
2022-10-04 09:54:00,1795,1795,1795,1795,0
2022-10-04 09:55:00,1795,1795,1795,1795,0
2022-10-04 09:56:00,1795,1795,1795,1795,0
2022-10-04 09:57:00,1795,1795,1795,1795,0
2022-10-04 09:58:00,1795,1795,1795,1795,0
2022-10-04 09:59:00,1795,1795,1795,1795,0
2022-10-04 10:00:00,1795,1795,1795,1795,0
2022-10-04 10:01:00,1795,1795,1795,1795,0
2022-10-04 10:02:00,1795,1795,1795,1795,0
2022-10-04 10:03:00,1795,1795,1795,1795,0
2022-10-04 10:04:00,1795,1795,1795,1795,0
2022-10-04 10:05:00,1795,1795,1795,1795,0
2022-10-04 10:06:00,1795,1795,1795,1795,0
2022-10-04 10:07:00,1795,1795,1795,1795,0
2022-10-04 10:08:00,1795,1795,1795,1795,0
2022-10-04 10:09:00,1795,1795,1795,1795,0
2022-10-04 10:10:00,1795,1795,1795,1795,0
2022-10-04 10:11:00,1795,1795,1795,1795,0
2022-10-04 10:12:00,1795,1795,1795,1795,0
2022-10-04 10:13:00,1795,1795,1795,1795,0
2022-10-04 10:14:00,1795,1795,1795,1795,0
2022-10-04 10:15:00,1795,1795,1795,1795,0
2022-10-04 10:16:00,1795,1795,1795,1795,0
2022-10-04 10:17:00,1795,1795,1795,1795,0
2022-10-04 10:18:00,1795,1795,1795,1795,0
2022-10-04 10:19:00,1795,1795,1795,1795,0
2022-10-04 10:20:00,1795,1795,1795,1795,0
2022-10-04 10:21:00,1795,1795,1795,1795,0
2022-10-04 10:22:00,1795,1795,1795,1795,0
2022-10-04 10:23:00,1795,1795,1795,1795,0
2022-10-04 10:24:00,1795,1795,1795,1795,0
2022-10-04 10:25:00,1795,1795,1795,1795,0
2022-10-04 10:26:00,1795,1795,1795,1795,0
2022-10-04 10:27:00,1795,1795,1795,1795,0
2022-10-04 10:28:00,1795,1795,1795,1795,0
2022-10-04 10:29:00,1795,1795,1795,1795,0
2022-10-04 10:30:00,1795,1795,1795,1795,0
2022-10-04 10:31:00,1795,1795,1795,1795,0
2022-10-04 10:32:00,1795,1795,1795,1795,0
2022-10-04 10:33:00,1795,1795,1795,1795,0
2022-10-04 10:34:00,1795,1795,1795,1795,0
2022-10-04 10:35:00,1795,1795,1795,1795,0
2022-10-04 10:36:00,1795,1795,1795,1795,0
2022-10-04 10:37:00,1795,1795,1795,1795,0
2022-10-04 10:38:00,1795,1795,1795,1795,0
2022-10-04 10:39:00,1795,1795,1795,1795,0
2022-10-04 10:40:00,1795,1795,1795,1795,0
2022-10-04 10:41:00,1795,1795,1795,1795,0
2022-10-04 10:42:00,1795,1795,1795,1795,0
2022-10-04 10:43:00,1795,1795,1795,1795,0
2022-10-04 10:44:00,1795,1795,1795,1795,0
2022-10-04 10:45:00,1795,1795,1795,1795,0
2022-10-04 10:46:00,1795,1795,1795,1795,0
2022-10-04 10:47:00,1795,1795,1795,1795,0
2022-10-04 10:48:00,1795,1795,1795,1795,0
2022-10-04 10:49:00,1795,1795,1795,1795,0
2022-10-04 10:50:00,1795,1795,1795,1795,0
2022-10-04 10:51:00,1795,1795,1795,1795,0
2022-10-04 10:52:00,1795,1795,1795,1795,0
2022-10-04 10:53:00,1795,1795,1795,1795,0
2022-10-04 10:54:00,1795,1795,1795,1795,0
2022-10-04 10:55:00,1795,1795,1795,1795,0
2022-10-04 10:56:00,1795,1795,1795,1795,0
2022-10-04 10:57:00,1795,1795,1795,1795,0
2022-10-04 10:58:00,1795,1795,1795,1795,0
2022-10-04 10:59:00,1795,1795,1795,1795,0
2022-10-04 11:00:00,1795,1795,1795,1795,0
2022-10-04 11:01:00,1795,1795,1795,1795,0
2022-10-04 11:02:00,1795,1795,1795,1795,0
2022-10-04 11:03:00,1795,1795,1795,1795,0
2022-10-04 11:04:00,1795,1795,1795,1795,0
2022-10-04 11:05:00,1795,1795,1795,1795,0
2022-10-04 11:06:00,1795,1795,1795,1795,0
2022-10-04 11:07:00,1795,1795,1795,1795,0
2022-10-04 11:08:00,1795,1795,1795,1795,0
2022-10-04 11:09:00,1795,1795,1795,1795,0
2022-10-04 11:10:00,1795,1795,1795,1795,0
2022-10-04 11:11:00,1795,1795,1795,1795,0
2022-10-04 11:12:00,1795,1795,1795,1795,0
2022-10-04 11:13:00,1795,1795,1795,1795,0
2022-10-04 11:14:00,1795,1795,1795,1795,0
2022-10-04 11:15:00,1795,1795,1795,1795,0
2022-10-04 11:16:00,1795,1795,1795,1795,0
2022-10-04 11:17:00,1795,1795,1795,1795,0
2022-10-04 11:18:00,1795,1795,1795,1795,0
2022-10-04 11:19:00,1795,1795,1795,1795,0
2022-10-04 11:20:00,1795,1795,1795,1795,0
2022-10-04 11:21:00,1795,1795,1795,1795,0
2022-10-04 11:22:00,1795,1795,1795,1795,0
2022-10-04 11:23:00,1795,1795,1795,1795,0
2022-10-04 11:24:00,1795,1795,1795,1795,0
2022-10-04 11:25:00,1795,1795,1795,1795,0
2022-10-04 11:26:00,1795,1795,1795,1795,0
2022-10-04 11:27:00,1795,1795,1795,1795,0
2022-10-04 11:28:00,1795,1795,1795,1795,0
2022-10-04 11:29:00,1795,1795,1795,1795,0
2022-10-04 11:30:00,1795,1795,1795,1795,0
2022-10-04 11:31:00,1795,1795,1795,1795,0
2022-10-04 11:32:00,1795,1795,1795,1795,0
2022-10-04 11:33:00,1795,1795,1795,1795,0
2022-10-04 11:34:00,1795,1795,1795,1795,0
2022-10-04 11:35:00,1795,1795,1795,1795,0
2022-10-04 11:36:00,1795,1795,1795,1795,0
2022-10-04 11:37:00,1795,1795,1795,1795,0
2022-10-04 11:38:00,1795,1795,1795,1795,0
2022-10-04 11:39:00,1795,1795,1795,1795,0
2022-10-04 11:40:00,1795,1795,1795,1795,0
2022-10-04 11:41:00,1795,1795,1795,1795,0
2022-10-04 11:42:00,1795,1795,1795,1795,0
2022-10-04 11:43:00,1795,1795,1795,1795,0
2022-10-04 11:44:00,1795,1795,1795,1795,0
2022-10-04 11:45:00,1795,1795,1795,1795,0
2022-10-04 11:46:00,1795,1795,1795,1795,0
2022-10-04 11:47:00,1795,1795,1795,1795,0
2022-10-04 11:48:00,1795,1795,1795,1795,0
2022-10-04 11:49:00,1795,1795,1795,1795,0
2022-10-04 11:50:00,1795,1795,1795,1795,0
2022-10-04 11:51:00,1795,1795,1795,1795,0
2022-10-04 11:52:00,1795,1795,1795,1795,0
2022-10-04 11:53:00,1795,1795,1795,1795,0
2022-10-04 11:54:00,1795,1795,1795,1795,0
2022-10-04 11:55:00,1795,1795,1795,1795,0
2022-10-04 11:56:00,1795,1795,1795,1795,0
2022-10-04 11:57:00,1795,1795,1795,1795,0
2022-10-04 11:58:00,1795,1795,1795,1795,0
2022-10-04 11:59:00,1795,1795,1795,1795,0
2022-10-04 12:00:00,1795,1795,1795,1795,0
2022-10-04 12:01:00,1795,1795,1795,1795,0
2022-10-04 12:02:00,1795,1795,1795,1795,0
2022-10-04 12:03:00,1795,1795,1795,1795,0
2022-10-04 12:04:00,1795,1795,1795,1795,0
2022-10-04 12:05:00,1795,1795,1795,1795,0
2022-10-04 12:06:00,1795,1795,1795,1795,0
2022-10-04 12:07:00,1795,1795,1795,1795,0
2022-10-04 12:08:00,1795,1795,1795,1795,0
2022-10-04 12:09:00,1795,1795,1795,1795,0
2022-10-04 12:10:00,1795,1795,1795,1795,0
2022-10-04 12:11:00,1795,1795,1795,1795,0
2022-10-04 12:12:00,1795,1795,1795,1795,0
2022-10-04 12:13:00,1795,1795,1795,1795,0
2022-10-04 12:14:00,1795,1795,1795,1795,0
2022-10-04 12:15:00,1795,1795,1795,1795,0
2022-10-04 12:16:00,1795,1795,1795,1795,0
2022-10-04 12:17:00,1795,1795,1795,1795,0
2022-10-04 12:18:00,1795,1795,1795,1795,0
2022-10-04 12:19:00,1795,1795,1795,1795,0
2022-10-04 12:20:00,1795,1795,1795,1795,0
2022-10-04 12:21:00,1795,1795,1795,1795,0
2022-10-04 12:22:00,1795,1795,1795,1795,0
2022-10-04 12:23:00,1795,1795,1795,1795,0
2022-10-04 12:24:00,1795,1795,1795,1795,0
2022-10-04 12:25:00,1795,1795,1795,1795,0
2022-10-04 12:26:00,1795,1795,1795,1795,0
2022-10-04 12:27:00,1795,1795,1795,1795,0
2022-10-04 12:28:00,1795,1795,1795,1795,0
2022-10-04 12:29:00,1795,1795,1795,1795,0
2022-10-04 12:30:00,1795,1795,1795,1795,0
2022-10-04 12:31:00,1795,1795,1795,1795,0
2022-10-04 12:32:00,1795,1795,1795,1795,0
2022-10-04 12:33:00,1795,1795,1795,1795,0
2022-10-04 12:34:00,1795,1795,1795,1795,0
2022-10-04 12:35:00,1795,1795,1795,1795,0
2022-10-04 12:36:00,1795,1795,1795,1795,0
2022-10-04 12:37:00,1795,1795,1795,1795,0
2022-10-04 12:38:00,1795,1795,1795,1795,0
2022-10-04 12:39:00,1795,1795,1795,1795,0
2022-10-04 12:40:00,1795,1795,1795,1795,0
2022-10-04 12:41:00,1795,1795,1795,1795,0
2022-10-04 12:42:00,1795,1795,1795,1795,0
2022-10-04 12:43:00,1795,1795,1795,1795,0
2022-10-04 12:44:00,1795,1795,1795,1795,0
2022-10-04 12:45:00,1795,1795,1795,1795,0
2022-10-04 12:46:00,1795,1795,1795,1795,0
2022-10-04 12:47:00,1795,1795,1795,1795,0
2022-10-04 12:48:00,1795,1795,1795,1795,0
2022-10-04 12:49:00,1795,1795,1795,1795,0
2022-10-04 12:50:00,1795,1795,1795,1795,0
2022-10-04 12:51:00,1795,1795,1795,1795,0
2022-10-04 12:52:00,1795,1795,1795,1795,0
2022-10-04 12:53:00,1795,1795,1795,1795,0
2022-10-04 12:54:00,1795,1795,1795,1795,0
2022-10-04 12:55:00,1795,1795,1795,1795,0
2022-10-04 12:56:00,1795,1795,1795,1795,0
2022-10-04 12:57:00,1795,1795,1795,1795,0
2022-10-04 12:58:00,1795,1795,1795,1795,0
2022-10-04 12:59:00,1795,1795,1795,1795,0
2022-10-04 13:00:00,1795,1795,1795,1795,0
2022-10-04 13:01:00,1795,1795,1795,1795,0
2022-10-04 13:02:00,1795,1795,1795,1795,0
2022-10-04 13:03:00,1795,1795,1795,1795,0
2022-10-04 13:04:00,1795,1795,1795,1795,0
2022-10-04 13:05:00,1795,1795,1795,1795,0
2022-10-04 13:06:00,1795,1795,1795,1795,0
2022-10-04 13:07:00,1795,1795,1795,1795,0
2022-10-04 13:08:00,1795,1795,1795,1795,0
2022-10-04 13:09:00,1795,1795,1795,1795,0
2022-10-04 13:10:00,1795,1795,1795,1795,0
2022-10-04 13:11:00,1795,1795,1795,1795,0
2022-10-04 13:12:00,1795,1795,1795,1795,0
2022-10-04 13:13:00,1795,1795,1795,1795,0
2022-10-04 13:14:00,1795,1795,1795,1795,0
2022-10-04 13:15:00,1795,1795,1795,1795,0
2022-10-04 13:16:00,1795,1795,1795,1795,0
2022-10-04 13:17:00,1795,1795,1795,1795,0
2022-10-04 13:18:00,1795,1795,1795,1795,0
2022-10-04 13:19:00,1795,1795,1795,1795,0
2022-10-04 13:20:00,1795,1795,1795,1795,0
2022-10-04 13:21:00,1795,1795,1795,1795,0
2022-10-04 13:22:00,1795,1795,1795,1795,0
2022-10-04 13:23:00,1795,1795,1795,1795,0
2022-10-04 13:24:00,1795,1795,1795,1795,0
2022-10-04 13:25:00,1795,1795,1795,1795,0
2022-10-04 13:26:00,1795,1795,1795,1795,0
2022-10-04 13:27:00,1795,1795,1795,1795,0
2022-10-04 13:28:00,1795,1795,1795,1795,0
2022-10-04 13:29:00,1795,1795,1795,1795,0
2022-10-04 13:30:00,1795,1795,1795,1795,0
2022-10-04 13:31:00,1795,1795,1795,1795,0
2022-10-04 13:32:00,1795,1795,1795,1795,0
2022-10-04 13:33:00,1795,1795,1795,1795,0
2022-10-04 13:34:00,1795,1795,1795,1795,0
2022-10-04 13:35:00,1795,1795,1795,1795,0
2022-10-04 13:36:00,1795,1795,1795,1795,0
2022-10-04 13:37:00,1795,1795,1795,1795,0
2022-10-04 13:38:00,1795,1795,1795,1795,0
2022-10-04 13:39:00,1795,1795,1795,1795,0
2022-10-04 13:40:00,1795,1795,1795,1795,0
2022-10-04 13:41:00,1795,1795,1795,1795,0
2022-10-04 13:42:00,1795,1795,1795,1795,0
2022-10-04 13:43:00,1795,1795,1795,1795,0
2022-10-04 13:44:00,1795,1795,1795,1795,0
2022-10-04 13:45:00,1795,1795,1795,1795,0
2022-10-04 13:46:00,1795,1795,1795,1795,0
2022-10-04 13:47:00,1795,1795,1795,1795,0
2022-10-04 13:48:00,1795,1795,1795,1795,0
2022-10-04 13:49:00,1795,1795,1795,1795,0
2022-10-04 13:50:00,1795,1795,1795,1795,0
2022-10-04 13:51:00,1795,1795,1795,1795,0
2022-10-04 13:52:00,1795,1795,1795,1795,0
2022-10-04 13:53:00,1795,1795,1795,1795,0
2022-10-04 13:54:00,1795,1795,1795,1795,0
2022-10-04 13:55:00,1795,1795,1795,1795,0
2022-10-04 13:56:00,1795,1795,1795,1795,0
2022-10-04 13:57:00,1795,1795,1795,1795,0
2022-10-04 13:58:00,1795,1795,1795,1795,0
2022-10-04 13:59:00,1795,1795,1795,1795,0
2022-10-04 14:00:00,1795,1795,1795,1795,0
2022-10-04 14:01:00,1795,1795,1795,1795,0
2022-10-04 14:02:00,1795,1795,1795,1795,0
2022-10-04 14:03:00,1795,1795,1795,1795,0
2022-10-04 14:04:00,1795,1795,1795,1795,0
2022-10-04 14:05:00,1795,1795,1795,1795,0
2022-10-04 14:06:00,1795,1795,1795,1795,0
2022-10-04 14:07:00,1795,1795,1795,1795,0
2022-10-04 14:08:00,1795,1795,1795,1795,0
2022-10-04 14:09:00,1795,1795,1795,1795,0
2022-10-04 14:10:00,1795,1795,1795,1795,0
2022-10-04 14:11:00,1795,1795,1795,1795,0
2022-10-04 14:12:00,1795,1795,1795,1795,0
2022-10-04 14:13:00,1795,1795,1795,1795,0
2022-10-04 14:14:00,1795,1795,1795,1795,0
2022-10-04 14:15:00,1795,1795,1795,1795,0
2022-10-04 14:16:00,1795,1795,1795,1795,0
2022-10-04 14:17:00,1795,1795,1795,1795,0
2022-10-04 14:18:00,1795,1795,1795,1795,0
2022-10-04 14:19:00,1795,1795,1795,1795,0
2022-10-04 14:20:00,1795,1795,1795,1795,0
2022-10-04 14:21:00,1795,1795,1795,1795,0
2022-10-04 14:22:00,1795,1795,1795,1795,0
2022-10-04 14:23:00,1795,1795,1795,1795,0
2022-10-04 14:24:00,1795,1795,1795,1795,100
2022-10-04 14:25:00,1795,1795,1795,1795,0
2022-10-04 14:26:00,1795,1795,1795,1795,0
2022-10-04 14:27:00,1795,1795,1795,1795,0
2022-10-04 14:28:00,1795,1795,1795,1795,0
2022-10-04 14:29:00,1795,1795,1795,1795,0
2022-10-04 14:30:00,1795,1795,1795,1795,0
2022-10-04 14:31:00,1795,1795,1795,1795,0
2022-10-04 14:32:00,1795,1795,1795,1795,0
2022-10-04 14:33:00,1795,1795,1795,1795,0
2022-10-04 14:34:00,1795,1795,1795,1795,0
2022-10-04 14:35:00,1795,1795,1795,1795,0
2022-10-04 14:36:00,1795,1795,1795,1795,0
2022-10-04 14:37:00,1795,1795,1795,1795,0
2022-10-04 14:38:00,1795,1795,1795,1795,0
2022-10-04 14:39:00,1795,1795,1795,1795,0
2022-10-04 14:40:00,1795,1795,1795,1795,0
2022-10-04 14:41:00,1795,1795,1795,1795,0
2022-10-04 14:42:00,1795,1795,1795,1795,0
2022-10-04 14:43:00,1795,1795,1795,1795,0
2022-10-04 14:44:00,1795,1795,1795,1795,0
2022-10-04 14:45:00,1795,1795,1795,1795,0
2022-10-04 14:46:00,1795,1795,1795,1795,0
2022-10-04 14:47:00,1795,1795,1795,1795,0
2022-10-04 14:48:00,1795,1795,1795,1795,0
2022-10-04 14:49:00,1795,1795,1795,1795,0
2022-10-04 14:50:00,1795,1795,1795,1795,0
2022-10-04 14:51:00,1795,1795,1795,1795,0
2022-10-04 14:52:00,1795,1795,1795,1795,0
2022-10-04 14:53:00,1795,1795,1795,1795,0
2022-10-04 14:54:00,1795,1795,1795,1795,0
2022-10-04 14:55:00,1795,1795,1795,1795,0
2022-10-04 14:56:00,1795,1795,1795,1795,0
2022-10-04 14:57:00,1795,1795,1795,1795,0
2022-10-04 14:58:00,1795,1795,1795,1795,0
2022-10-04 14:59:00,1795,1795,1795,1795,0
2022-10-04 15:00:00,1795,1795,1795,1795,0
2022-10-04 15:01:00,1795,1795,1795,1795,0
2022-10-04 15:02:00,1795,1795,1795,1795,0
2022-10-04 15:03:00,1795,1795,1795,1795,0
2022-10-04 15:04:00,1795,1795,1795,1795,0
2022-10-04 15:05:00,1795,1795,1795,1795,0
2022-10-04 15:06:00,1795,1795,1795,1795,0
2022-10-04 15:07:00,1795,1795,1795,1795,0
2022-10-04 15:08:00,1795,1795,1795,1795,0
2022-10-04 15:09:00,1795,1795,1795,1795,0
2022-10-04 15:10:00,1795,1795,1795,1795,0
2022-10-04 15:11:00,1795,1795,1795,1795,0
2022-10-04 15:12:00,1795,1795,1795,1795,0
2022-10-04 15:13:00,1795,1795,1795,1795,0
2022-10-04 15:14:00,1795,1795,1795,1795,0
2022-10-04 15:15:00,1795,1795,1795,1795,0
2022-10-04 15:16:00,1795,1795,1795,1795,0
2022-10-04 15:17:00,1795,1795,1795,1795,0
2022-10-04 15:18:00,1795,1795,1795,1795,0
2022-10-04 15:19:00,1795,1795,1795,1795,0
2022-10-04 15:20:00,1795,1795,1795,1795,0
2022-10-04 15:21:00,1795,1795,1795,1795,0
2022-10-04 15:22:00,1795,1795,1795,1795,0
2022-10-04 15:23:00,1795,1795,1795,1795,0
2022-10-04 15:24:00,1795,1795,1795,1795,0
2022-10-04 15:25:00,1795,1795,1795,1795,0
2022-10-04 15:26:00,1795,1795,1795,1795,0
2022-10-04 15:27:00,1795,1795,1795,1795,0
2022-10-04 15:28:00,1795,1795,1795,1795,0
2022-10-04 15:29:00,1795,1795,1795,1795,0
2022-10-04 15:30:00,1795,1795,1795,1795,0
2022-10-04 15:31:00,1795,1795,1795,1795,0
2022-10-04 15:32:00,1795,1795,1795,1795,0
2022-10-04 15:33:00,1795,1795,1795,1795,0
2022-10-04 15:34:00,1795,1795,1795,1795,0
2022-10-04 15:35:00,1795,1795,1795,1795,0
2022-10-04 15:36:00,1795,1795,1795,1795,0
2022-10-04 15:37:00,1795,1795,1795,1795,0
2022-10-04 15:38:00,1795,1795,1795,1795,0
2022-10-04 15:39:00,1795,1795,1795,1795,0
2022-10-04 15:40:00,1795,1795,1795,1795,0
2022-10-04 15:41:00,1795,1795,1795,1795,0
2022-10-04 15:42:00,1795,1795,1795,1795,0
2022-10-04 15:43:00,1795,1795,1795,1795,0
2022-10-04 15:44:00,1795,1795,1795,1795,0
2022-10-04 15:45:00,1795,1795,1795,1795,0
2022-10-04 15:46:00,1795,1795,1795,1795,0
2022-10-04 15:47:00,1795,1795,1795,1795,0
2022-10-04 15:48:00,1795,1795,1795,1795,0
2022-10-04 15:49:00,1795,1795,1795,1795,0
2022-10-04 15:50:00,1795,1795,1795,1795,0
2022-10-04 15:51:00,1795,1795,1795,1795,0
2022-10-04 15:52:00,1795,1795,1795,1795,0
2022-10-04 15:53:00,1795,1795,1795,1795,0
2022-10-04 15:54:00,1795,1795,1795,1795,0
2022-10-04 15:55:00,1795,1795,1795,1795,0
2022-10-04 15:56:00,1795,1795,1795,1795,0
2022-10-04 15:57:00,1795,1795,1795,1795,0
2022-10-04 15:58:00,1795,1795,1795,1795,0
2022-10-04 15:59:00,1795,1795,1795,1795,0
2022-10-05 09:00:00,1795,1795,1795,1795,0
2022-10-05 09:01:00,1795,1795,1795,1795,0
2022-10-05 09:02:00,1795,1795,1795,1795,0
2022-10-05 09:03:00,1795,1795,1795,1795,0
2022-10-05 09:04:00,1795,1795,1795,1795,0
2022-10-05 09:05:00,1795,1795,1795,1795,0
2022-10-05 09:06:00,1795,1795,1795,1795,0
2022-10-05 09:07:00,1795,1795,1795,1795,0
2022-10-05 09:08:00,1795,1795,1795,1795,0
2022-10-05 09:09:00,1795,1795,1795,1795,0
2022-10-05 09:10:00,1795,1795,1795,1795,0
2022-10-05 09:11:00,1795,1795,1795,1795,0
2022-10-05 09:12:00,1795,1795,1795,1795,0
2022-10-05 09:13:00,1795,1795,1795,1795,0
2022-10-05 09:14:00,1795,1795,1795,1795,0
2022-10-05 09:15:00,1795,1795,1795,1795,0
2022-10-05 09:16:00,1795,1795,1795,1795,0
2022-10-05 09:17:00,1795,1795,1795,1795,0
2022-10-05 09:18:00,1795,1795,1795,1795,0
2022-10-05 09:19:00,1795,1795,1795,1795,0
2022-10-05 09:20:00,1795,1795,1795,1795,0
2022-10-05 09:21:00,1795,1795,1795,1795,0
2022-10-05 09:22:00,1795,1795,1795,1795,0
2022-10-05 09:23:00,1795,1795,1795,1795,0
2022-10-05 09:24:00,1795,1795,1795,1795,0
2022-10-05 09:25:00,1795,1795,1795,1795,0
2022-10-05 09:26:00,1795,1795,1795,1795,0
2022-10-05 09:27:00,1795,1795,1795,1795,0
2022-10-05 09:28:00,1795,1795,1795,1795,0
2022-10-05 09:29:00,1795,1795,1795,1795,0
2022-10-05 09:30:00,1795,1795,1795,1795,0
2022-10-05 09:31:00,1795,1795,1795,1795,0
2022-10-05 09:32:00,1795,1795,1795,1795,0
2022-10-05 09:33:00,1795,1795,1795,1795,0
2022-10-05 09:34:00,1795,1795,1795,1795,0
2022-10-05 09:35:00,1795,1795,1795,1795,0
2022-10-05 09:36:00,1795,1795,1795,1795,0
2022-10-05 09:37:00,1795,1795,1795,1795,0
2022-10-05 09:38:00,1795,1795,1795,1795,0
2022-10-05 09:39:00,1795,1795,1795,1795,0
2022-10-05 09:40:00,1795,1795,1795,1795,0
2022-10-05 09:41:00,1795,1795,1795,1795,0
2022-10-05 09:42:00,1795,1795,1795,1795,0
2022-10-05 09:43:00,1795,1795,1795,1795,0
2022-10-05 09:44:00,1795,1795,1795,1795,0
2022-10-05 09:45:00,1795,1795,1795,1795,0
2022-10-05 09:46:00,1795,1795,1795,1795,0
2022-10-05 09:47:00,1795,1795,1795,1795,0
2022-10-05 09:48:00,1795,1795,1795,1795,0
2022-10-05 09:49:00,1795,1795,1795,1795,0
2022-10-05 09:50:00,1795,1795,1795,1795,0
2022-10-05 09:51:00,1795,1795,1795,1795,0
2022-10-05 09:52:00,1795,1795,1795,1795,0
2022-10-05 09:53:00,1795,1795,1795,1795,0
2022-10-05 09:54:00,1795,1795,1795,1795,0
2022-10-05 09:55:00,1795,1795,1795,1795,0
2022-10-05 09:56:00,1795,1795,1795,1795,0
2022-10-05 09:57:00,1795,1795,1795,1795,0
2022-10-05 09:58:00,1795,1795,1795,1795,0
2022-10-05 09:59:00,1795,1795,1795,1795,0
2022-10-05 10:00:00,1795,1795,1795,1795,0
2022-10-05 10:01:00,1795,1795,1795,1795,0
2022-10-05 10:02:00,1795,1795,1795,1795,0
2022-10-05 10:03:00,1795,1795,1795,1795,0
2022-10-05 10:04:00,1795,1795,1795,1795,0
2022-10-05 10:05:00,1795,1795,1795,1795,0
2022-10-05 10:06:00,1795,1795,1795,1795,0
2022-10-05 10:07:00,1795,1795,1795,1795,0
2022-10-05 10:08:00,1795,1795,1795,1795,0
2022-10-05 10:09:00,1795,1795,1795,1795,0
2022-10-05 10:10:00,1795,1795,1795,1795,0
2022-10-05 10:11:00,1795,1795,1795,1795,0
2022-10-05 10:12:00,1795,1795,1795,1795,0
2022-10-05 10:13:00,1795,1795,1795,1795,0
2022-10-05 10:14:00,1795,1795,1795,1795,0
2022-10-05 10:15:00,1795,1795,1795,1795,0
2022-10-05 10:16:00,1795,1795,1795,1795,0
2022-10-05 10:17:00,1795,1795,1795,1795,0
2022-10-05 10:18:00,1795,1795,1795,1795,0
2022-10-05 10:19:00,1795,1795,1795,1795,0
2022-10-05 10:20:00,1795,1795,1795,1795,0
2022-10-05 10:21:00,1795,1795,1795,1795,0
2022-10-05 10:22:00,1795,1795,1795,1795,0
2022-10-05 10:23:00,1795,1795,1795,1795,0
2022-10-05 10:24:00,1795,1795,1795,1795,0
2022-10-05 10:25:00,1795,1795,1795,1795,0
2022-10-05 10:26:00,1795,1795,1795,1795,0
2022-10-05 10:27:00,1795,1795,1795,1795,0
2022-10-05 10:28:00,1795,1795,1795,1795,0
2022-10-05 10:29:00,1795,1795,1795,1795,0
2022-10-05 10:30:00,1795,1795,1795,1795,0
2022-10-05 10:31:00,1795,1795,1795,1795,0
2022-10-05 10:32:00,1795,1795,1795,1795,0
2022-10-05 10:33:00,1795,1795,1795,1795,0
2022-10-05 10:34:00,1795,1795,1795,1795,0
2022-10-05 10:35:00,1795,1795,1795,1795,0
2022-10-05 10:36:00,1795,1795,1795,1795,0
2022-10-05 10:37:00,1795,1795,1795,1795,0
2022-10-05 10:38:00,1795,1795,1795,1795,0
2022-10-05 10:39:00,1795,1795,1795,1795,0
2022-10-05 10:40:00,1795,1795,1795,1795,0
2022-10-05 10:41:00,1795,1795,1795,1795,0
2022-10-05 10:42:00,1795,1795,1795,1795,0
2022-10-05 10:43:00,1795,1795,1795,1795,0
2022-10-05 10:44:00,1795,1795,1795,1795,0
2022-10-05 10:45:00,1795,1795,1795,1795,0
2022-10-05 10:46:00,1795,1795,1795,1795,0
2022-10-05 10:47:00,1795,1795,1795,1795,0
2022-10-05 10:48:00,1795,1795,1795,1795,0
2022-10-05 10:49:00,1795,1795,1795,1795,0
2022-10-05 10:50:00,1795,1795,1795,1795,0
2022-10-05 10:51:00,1795,1795,1795,1795,0
2022-10-05 10:52:00,1795,1795,1795,1795,0
2022-10-05 10:53:00,1795,1795,1795,1795,0
2022-10-05 10:54:00,1795,1795,1795,1795,0
2022-10-05 10:55:00,1795,1795,1795,1795,0
2022-10-05 10:56:00,1795,1795,1795,1795,0
2022-10-05 10:57:00,1795,1795,1795,1795,0
2022-10-05 10:58:00,1795,1795,1795,1795,0
2022-10-05 10:59:00,1795,1795,1795,1795,0
2022-10-05 11:00:00,1795,1795,1795,1795,0
2022-10-05 11:01:00,1795,1795,1795,1795,0
2022-10-05 11:02:00,1795,1795,1795,1795,0
2022-10-05 11:03:00,1795,1795,1795,1795,0
2022-10-05 11:04:00,1795,1795,1795,1795,0
2022-10-05 11:05:00,1795,1795,1795,1795,0
2022-10-05 11:06:00,1795,1795,1795,1795,0
2022-10-05 11:07:00,1795,1795,1795,1795,0
2022-10-05 11:08:00,1795,1795,1795,1795,0
2022-10-05 11:09:00,1795,1795,1795,1795,0
2022-10-05 11:10:00,1795,1795,1795,1795,0
2022-10-05 11:11:00,1795,1795,1795,1795,0
2022-10-05 11:12:00,1795,1795,1795,1795,0
2022-10-05 11:13:00,1795,1795,1795,1795,0
2022-10-05 11:14:00,1795,1795,1795,1795,0
2022-10-05 11:15:00,1795,1795,1795,1795,0
2022-10-05 11:16:00,1795,1795,1795,1795,0
2022-10-05 11:17:00,1795,1795,1795,1795,0
2022-10-05 11:18:00,1795,1795,1795,1795,0
2022-10-05 11:19:00,1795,1795,1795,1795,0
2022-10-05 11:20:00,1795,1795,1795,1795,0
2022-10-05 11:21:00,1795,1795,1795,1795,0
2022-10-05 11:22:00,1795,1795,1795,1795,0
2022-10-05 11:23:00,1795,1795,1795,1795,0
2022-10-05 11:24:00,1795,1795,1795,1795,0
2022-10-05 11:25:00,1795,1795,1795,1795,0
2022-10-05 11:26:00,1795,1795,1795,1795,0
2022-10-05 11:27:00,1795,1795,1795,1795,0
2022-10-05 11:28:00,1795,1795,1795,1795,0
2022-10-05 11:29:00,1795,1795,1795,1795,0
2022-10-05 11:30:00,1795,1795,1795,1795,0
2022-10-05 11:31:00,1795,1795,1795,1795,0
2022-10-05 11:32:00,1795,1795,1795,1795,0
2022-10-05 11:33:00,1795,1795,1795,1795,0
2022-10-05 11:34:00,1795,1795,1795,1795,0
2022-10-05 11:35:00,1795,1795,1795,1795,0
2022-10-05 11:36:00,1795,1795,1795,1795,0
2022-10-05 11:37:00,1795,1795,1795,1795,0
2022-10-05 11:38:00,1795,1795,1795,1795,0
2022-10-05 11:39:00,1795,1795,1795,1795,0
2022-10-05 11:40:00,1795,1795,1795,1795,0
2022-10-05 11:41:00,1795,1795,1795,1795,0
2022-10-05 11:42:00,1795,1795,1795,1795,0
2022-10-05 11:43:00,1795,1795,1795,1795,0
2022-10-05 11:44:00,1795,1795,1795,1795,0
2022-10-05 11:45:00,1795,1795,1795,1795,0
2022-10-05 11:46:00,1795,1795,1795,1795,0
2022-10-05 11:47:00,1795,1795,1795,1795,0
2022-10-05 11:48:00,1795,1795,1795,1795,0
2022-10-05 11:49:00,1795,1795,1795,1795,0
2022-10-05 11:50:00,1795,1795,1795,1795,0
2022-10-05 11:51:00,1795,1795,1795,1795,0
2022-10-05 11:52:00,1795,1795,1795,1795,0
2022-10-05 11:53:00,1795,1795,1795,1795,0
2022-10-05 11:54:00,1795,1795,1795,1795,0
2022-10-05 11:55:00,1795,1795,1795,1795,0
2022-10-05 11:56:00,1795,1795,1795,1795,0
2022-10-05 11:57:00,1795,1795,1795,1795,0
2022-10-05 11:58:00,1795,1795,1795,1795,0
2022-10-05 11:59:00,1795,1795,1795,1795,0
2022-10-05 12:00:00,1795,1795,1795,1795,0
2022-10-05 12:01:00,1795,1795,1795,1795,0
2022-10-05 12:02:00,1795,1795,1795,1795,0
2022-10-05 12:03:00,1795,1795,1795,1795,0
2022-10-05 12:04:00,1795,1795,1795,1795,0
2022-10-05 12:05:00,1795,1795,1795,1795,0
2022-10-05 12:06:00,1795,1795,1795,1795,0
2022-10-05 12:07:00,1795,1795,1795,1795,0
2022-10-05 12:08:00,1795,1795,1795,1795,0
2022-10-05 12:09:00,1795,1795,1795,1795,0
2022-10-05 12:10:00,1795,1795,1795,1795,0
2022-10-05 12:11:00,1795,1795,1795,1795,0
2022-10-05 12:12:00,1795,1795,1795,1795,0
2022-10-05 12:13:00,1795,1795,1795,1795,0
2022-10-05 12:14:00,1795,1795,1795,1795,0
2022-10-05 12:15:00,1795,1795,1795,1795,0
2022-10-05 12:16:00,1795,1795,1795,1795,0
2022-10-05 12:17:00,1795,1795,1795,1795,0
2022-10-05 12:18:00,1795,1795,1795,1795,0
2022-10-05 12:19:00,1795,1795,1795,1795,0
2022-10-05 12:20:00,1795,1795,1795,1795,0
2022-10-05 12:21:00,1795,1795,1795,1795,0
2022-10-05 12:22:00,1795,1795,1795,1795,0
2022-10-05 12:23:00,1795,1795,1795,1795,0
2022-10-05 12:24:00,1795,1795,1795,1795,0
2022-10-05 12:25:00,1795,1795,1795,1795,0
2022-10-05 12:26:00,1795,1795,1795,1795,0
2022-10-05 12:27:00,1795,1795,1795,1795,0
2022-10-05 12:28:00,1795,1795,1795,1795,0
2022-10-05 12:29:00,1795,1795,1795,1795,0
2022-10-05 12:30:00,1795,1795,1795,1795,0
2022-10-05 12:31:00,1795,1795,1795,1795,0
2022-10-05 12:32:00,1795,1795,1795,1795,0
2022-10-05 12:33:00,1795,1795,1795,1795,0
2022-10-05 12:34:00,1795,1795,1795,1795,0
2022-10-05 12:35:00,1795,1795,1795,1795,0
2022-10-05 12:36:00,1795,1795,1795,1795,0
2022-10-05 12:37:00,1795,1795,1795,1795,0
2022-10-05 12:38:00,1795,1795,1795,1795,0
2022-10-05 12:39:00,1795,1795,1795,1795,0
2022-10-05 12:40:00,1795,1795,1795,1795,0
2022-10-05 12:41:00,1795,1795,1795,1795,0
2022-10-05 12:42:00,1795,1795,1795,1795,0
2022-10-05 12:43:00,1795,1795,1795,1795,0
2022-10-05 12:44:00,1795,1795,1795,1795,0
2022-10-05 12:45:00,1795,1795,1795,1795,0
2022-10-05 12:46:00,1795,1795,1795,1795,0
2022-10-05 12:47:00,1795,1795,1795,1795,0
2022-10-05 12:48:00,1795,1795,1795,1795,0
2022-10-05 12:49:00,1795,1795,1795,1795,0
2022-10-05 12:50:00,1795,1795,1795,1795,0
2022-10-05 12:51:00,1795,1795,1795,1795,0
2022-10-05 12:52:00,1795,1795,1795,1795,0
2022-10-05 12:53:00,1795,1795,1795,1795,0
2022-10-05 12:54:00,1795,1795,1795,1795,0
2022-10-05 12:55:00,1795,1795,1795,1795,0
2022-10-05 12:56:00,1795,1795,1795,1795,0
2022-10-05 12:57:00,1795,1795,1795,1795,0
2022-10-05 12:58:00,1795,1795,1795,1795,0
2022-10-05 12:59:00,1795,1795,1795,1795,0
2022-10-05 13:00:00,1795,1795,1795,1795,0
2022-10-05 13:01:00,1795,1795,1795,1795,0
2022-10-05 13:02:00,1795,1795,1795,1795,0
2022-10-05 13:03:00,1795,1795,1795,1795,0
2022-10-05 13:04:00,1795,1795,1795,1795,0
2022-10-05 13:05:00,1795,1795,1795,1795,0
2022-10-05 13:06:00,1795,1795,1795,1795,0
2022-10-05 13:07:00,1795,1795,1795,1795,0
2022-10-05 13:08:00,1795,1795,1795,1795,0
2022-10-05 13:09:00,1795,1795,1795,1795,0
2022-10-05 13:10:00,1795,1795,1795,1795,0
2022-10-05 13:11:00,1795,1795,1795,1795,0
2022-10-05 13:12:00,1795,1795,1795,1795,0
2022-10-05 13:13:00,1795,1795,1795,1795,0
2022-10-05 13:14:00,1795,1795,1795,1795,0
2022-10-05 13:15:00,1795,1795,1795,1795,0
2022-10-05 13:16:00,1795,1795,1795,1795,0
2022-10-05 13:17:00,1795,1795,1795,1795,0
2022-10-05 13:18:00,1795,1795,1795,1795,0
2022-10-05 13:19:00,1795,1795,1795,1795,0
2022-10-05 13:20:00,1795,1795,1795,1795,0
2022-10-05 13:21:00,1795,1795,1795,1795,0
2022-10-05 13:22:00,1795,1795,1795,1795,0
2022-10-05 13:23:00,1795,1795,1795,1795,0
2022-10-05 13:24:00,1795,1795,1795,1795,0
2022-10-05 13:25:00,1795,1795,1795,1795,0
2022-10-05 13:26:00,1795,1795,1795,1795,0
2022-10-05 13:27:00,1795,1795,1795,1795,0
2022-10-05 13:28:00,1795,1795,1795,1795,0
2022-10-05 13:29:00,1795,1795,1795,1795,0
2022-10-05 13:30:00,1795,1795,1795,1795,0
2022-10-05 13:31:00,1795,1795,1795,1795,0
2022-10-05 13:32:00,1795,1795,1795,1795,0
2022-10-05 13:33:00,1795,1795,1795,1795,0
2022-10-05 13:34:00,1795,1795,1795,1795,0
2022-10-05 13:35:00,1795,1795,1795,1795,0
2022-10-05 13:36:00,1795,1795,1795,1795,0
2022-10-05 13:37:00,1795,1795,1795,1795,0
2022-10-05 13:38:00,1795,1795,1795,1795,0
2022-10-05 13:39:00,1795,1795,1795,1795,0
2022-10-05 13:40:00,1795,1795,1795,1795,0
2022-10-05 13:41:00,1795,1795,1795,1795,0
2022-10-05 13:42:00,1795,1795,1795,1795,0
2022-10-05 13:43:00,1795,1795,1795,1795,0
2022-10-05 13:44:00,1795,1795,1795,1795,0
2022-10-05 13:45:00,1795,1795,1795,1795,0
2022-10-05 13:46:00,1795,1795,1795,1795,0
2022-10-05 13:47:00,1795,1795,1795,1795,0
2022-10-05 13:48:00,1795,1795,1795,1795,0
2022-10-05 13:49:00,1795,1795,1795,1795,0
2022-10-05 13:50:00,1795,1795,1795,1795,0
2022-10-05 13:51:00,1795,1795,1795,1795,0
2022-10-05 13:52:00,1795,1795,1795,1795,0
2022-10-05 13:53:00,1795,1795,1795,1795,0
2022-10-05 13:54:00,1795,1795,1795,1795,0
2022-10-05 13:55:00,1795,1795,1795,1795,0
2022-10-05 13:56:00,1795,1795,1795,1795,0
2022-10-05 13:57:00,1795,1795,1795,1795,0
2022-10-05 13:58:00,1795,1795,1795,1795,0
2022-10-05 13:59:00,1795,1795,1795,1795,0
2022-10-05 14:00:00,1795,1795,1795,1795,0
2022-10-05 14:01:00,1795,1795,1795,1795,0
2022-10-05 14:02:00,1795,1795,1795,1795,0
2022-10-05 14:03:00,1795,1795,1795,1795,0
2022-10-05 14:04:00,1795,1795,1795,1795,0
2022-10-05 14:05:00,1795,1795,1795,1795,0
2022-10-05 14:06:00,1795,1795,1795,1795,0
2022-10-05 14:07:00,1795,1795,1795,1795,0
2022-10-05 14:08:00,1795,1795,1795,1795,0
2022-10-05 14:09:00,1795,1795,1795,1795,0
2022-10-05 14:10:00,1795,1795,1795,1795,0
2022-10-05 14:11:00,1795,1795,1795,1795,0
2022-10-05 14:12:00,1795,1795,1795,1795,0
2022-10-05 14:13:00,1795,1795,1795,1795,0
2022-10-05 14:14:00,1795,1795,1795,1795,0
2022-10-05 14:15:00,1795,1795,1795,1795,0
2022-10-05 14:16:00,1795,1795,1795,1795,0
2022-10-05 14:17:00,1795,1795,1795,1795,0
2022-10-05 14:18:00,1795,1795,1795,1795,0
2022-10-05 14:19:00,1795,1795,1795,1795,0
2022-10-05 14:20:00,1795,1795,1795,1795,0
2022-10-05 14:21:00,1795,1795,1795,1795,0
2022-10-05 14:22:00,1795,1795,1795,1795,0
2022-10-05 14:23:00,1795,1795,1795,1795,0
2022-10-05 14:24:00,1795,1795,1795,1795,0
2022-10-05 14:25:00,1795,1795,1795,1795,0
2022-10-05 14:26:00,1795,1795,1795,1795,0
2022-10-05 14:27:00,1795,1795,1795,1795,0
2022-10-05 14:28:00,1795,1795,1795,1795,0
2022-10-05 14:29:00,1795,1795,1795,1795,0
2022-10-05 14:30:00,1795,1795,1795,1795,0
2022-10-05 14:31:00,1795,1795,1795,1795,0
2022-10-05 14:32:00,1795,1795,1795,1795,0
2022-10-05 14:33:00,1795,1795,1795,1795,0
2022-10-05 14:34:00,1795,1795,1795,1795,0
2022-10-05 14:35:00,1795,1795,1795,1795,0
2022-10-05 14:36:00,1795,1795,1795,1795,0
2022-10-05 14:37:00,1795,1795,1795,1795,0
2022-10-05 14:38:00,1795,1795,1795,1795,0
2022-10-05 14:39:00,1795,1795,1795,1795,0
2022-10-05 14:40:00,1795,1795,1795,1795,0
2022-10-05 14:41:00,1795,1795,1795,1795,0
2022-10-05 14:42:00,1795,1795,1795,1795,0
2022-10-05 14:43:00,1795,1795,1795,1795,0
2022-10-05 14:44:00,1795,1795,1795,1795,0
2022-10-05 14:45:00,1795,1795,1795,1795,0
2022-10-05 14:46:00,1795,1795,1795,1795,0
2022-10-05 14:47:00,1795,1795,1795,1795,0
2022-10-05 14:48:00,1795,1795,1795,1795,0
2022-10-05 14:49:00,1795,1795,1795,1795,0
2022-10-05 14:50:00,1795,1795,1795,1795,0
2022-10-05 14:51:00,1795,1795,1795,1795,0
2022-10-05 14:52:00,1795,1795,1795,1795,0
2022-10-05 14:53:00,1795,1795,1795,1795,0
2022-10-05 14:54:00,1795,1795,1795,1795,0
2022-10-05 14:55:00,1795,1795,1795,1795,0
2022-10-05 14:56:00,1795,1795,1795,1795,0
2022-10-05 14:57:00,1795,1795,1795,1795,0
2022-10-05 14:58:00,1795,1795,1795,1795,0
2022-10-05 14:59:00,1795,1795,1795,1795,0
2022-10-05 15:00:00,1795,1795,1795,1795,0
2022-10-05 15:01:00,1795,1795,1795,1795,0
2022-10-05 15:02:00,1795,1795,1795,1795,0
2022-10-05 15:03:00,1795,1795,1795,1795,0
2022-10-05 15:04:00,1795,1795,1795,1795,0
2022-10-05 15:05:00,1795,1795,1795,1795,0
2022-10-05 15:06:00,1795,1795,1795,1795,0
2022-10-05 15:07:00,1795,1795,1795,1795,0
2022-10-05 15:08:00,1795,1795,1795,1795,0
2022-10-05 15:09:00,1795,1795,1795,1795,0
2022-10-05 15:10:00,1795,1795,1795,1795,0
2022-10-05 15:11:00,1795,1795,1795,1795,0
2022-10-05 15:12:00,1795,1795,1795,1795,0
2022-10-05 15:13:00,1795,1795,1795,1795,0
2022-10-05 15:14:00,1795,1795,1795,1795,0
2022-10-05 15:15:00,1795,1795,1795,1795,0
2022-10-05 15:16:00,1795,1795,1795,1795,0
2022-10-05 15:17:00,1795,1795,1795,1795,0
2022-10-05 15:18:00,1795,1795,1795,1795,0
2022-10-05 15:19:00,1795,1795,1795,1795,0
2022-10-05 15:20:00,1795,1795,1795,1795,0
2022-10-05 15:21:00,1795,1795,1795,1795,0
2022-10-05 15:22:00,1795,1795,1795,1795,0
2022-10-05 15:23:00,1795,1795,1795,1795,0
2022-10-05 15:24:00,1795,1795,1795,1795,0
2022-10-05 15:25:00,1795,1795,1795,1795,0
2022-10-05 15:26:00,1795,1795,1795,1795,0
2022-10-05 15:27:00,1795,1795,1795,1795,0
2022-10-05 15:28:00,1795,1795,1795,1795,0
2022-10-05 15:29:00,1795,1795,1795,1795,0
2022-10-05 15:30:00,1795,1795,1795,1795,0
2022-10-05 15:31:00,1795,1795,1795,1795,0
2022-10-05 15:32:00,1795,1795,1795,1795,0
2022-10-05 15:33:00,1795,1795,1795,1795,0
2022-10-05 15:34:00,1795,1795,1795,1795,0
2022-10-05 15:35:00,1795,1795,1795,1795,0
2022-10-05 15:36:00,1795,1795,1795,1795,0
2022-10-05 15:37:00,1795,1795,1795,1795,0
2022-10-05 15:38:00,1795,1795,1795,1795,0
2022-10-05 15:39:00,1795,1795,1795,1795,0
2022-10-05 15:40:00,1795,1795,1795,1795,0
2022-10-05 15:41:00,1795,1795,1795,1795,0
2022-10-05 15:42:00,1795,1795,1795,1795,0
2022-10-05 15:43:00,1795,1795,1795,1795,0
2022-10-05 15:44:00,1795,1795,1795,1795,0
2022-10-05 15:45:00,1795,1795,1795,1795,0
2022-10-05 15:46:00,1795,1795,1795,1795,0
2022-10-05 15:47:00,1795,1795,1795,1795,0
2022-10-05 15:48:00,1795,1795,1795,1795,0
2022-10-05 15:49:00,1795,1795,1795,1795,0
2022-10-05 15:50:00,1795,1795,1795,1795,0
2022-10-05 15:51:00,1795,1795,1795,1795,0
2022-10-05 15:52:00,1795,1795,1795,1795,0
2022-10-05 15:53:00,1795,1795,1795,1795,0
2022-10-05 15:54:00,1795,1795,1795,1795,0
2022-10-05 15:55:00,1795,1795,1795,1795,0
2022-10-05 15:56:00,1795,1795,1795,1795,0
2022-10-05 15:57:00,1795,1795,1795,1795,0
2022-10-05 15:58:00,1795,1795,1795,1795,0
2022-10-05 15:59:00,1795,1795,1795,1795,0
2022-10-06 09:00:00,1795,1795,1795,1795,0
2022-10-06 09:01:00,1795,1795,1795,1795,0
2022-10-06 09:02:00,1795,1795,1795,1795,0
2022-10-06 09:03:00,1795,1795,1795,1795,0
2022-10-06 09:04:00,1795,1795,1795,1795,0
2022-10-06 09:05:00,1795,1795,1795,1795,0
2022-10-06 09:06:00,1795,1795,1795,1795,0
2022-10-06 09:07:00,1795,1795,1795,1795,0
2022-10-06 09:08:00,1795,1795,1795,1795,0
2022-10-06 09:09:00,1795,1795,1795,1795,0
2022-10-06 09:10:00,1795,1795,1795,1795,0
2022-10-06 09:11:00,1795,1795,1795,1795,0
2022-10-06 09:12:00,1795,1795,1795,1795,0
2022-10-06 09:13:00,1795,1795,1795,1795,0
2022-10-06 09:14:00,1795,1795,1795,1795,0
2022-10-06 09:15:00,1795,1795,1795,1795,0
2022-10-06 09:16:00,1795,1795,1795,1795,0
2022-10-06 09:17:00,1795,1795,1795,1795,0
2022-10-06 09:18:00,1795,1795,1795,1795,0
2022-10-06 09:19:00,1795,1795,1795,1795,0
2022-10-06 09:20:00,1795,1795,1795,1795,0
2022-10-06 09:21:00,1795,1795,1795,1795,0
2022-10-06 09:22:00,1795,1795,1795,1795,0
2022-10-06 09:23:00,1795,1795,1795,1795,0
2022-10-06 09:24:00,1795,1795,1795,1795,0
2022-10-06 09:25:00,1795,1795,1795,1795,0
2022-10-06 09:26:00,1795,1795,1795,1795,0
2022-10-06 09:27:00,1795,1795,1795,1795,0
2022-10-06 09:28:00,1795,1795,1795,1795,0
2022-10-06 09:29:00,1795,1795,1795,1795,0
2022-10-06 09:30:00,1795,1795,1795,1795,0
2022-10-06 09:31:00,1795,1795,1795,1795,0
2022-10-06 09:32:00,1795,1795,1795,1795,0
2022-10-06 09:33:00,1795,1795,1795,1795,0
2022-10-06 09:34:00,1795,1795,1795,1795,0
2022-10-06 09:35:00,1795,1795,1795,1795,0
2022-10-06 09:36:00,1795,1795,1795,1795,0
2022-10-06 09:37:00,1795,1795,1795,1795,0
2022-10-06 09:38:00,1795,1795,1795,1795,0
2022-10-06 09:39:00,1795,1795,1795,1795,0
2022-10-06 09:40:00,1795,1795,1795,1795,0
2022-10-06 09:41:00,1795,1795,1795,1795,0
2022-10-06 09:42:00,1795,1795,1795,1795,0
2022-10-06 09:43:00,1795,1795,1795,1795,0
2022-10-06 09:44:00,1795,1795,1795,1795,0
2022-10-06 09:45:00,1795,1795,1795,1795,0
2022-10-06 09:46:00,1795,1795,1795,1795,0
2022-10-06 09:47:00,1795,1795,1795,1795,0
2022-10-06 09:48:00,1795,1795,1795,1795,0
2022-10-06 09:49:00,1795,1795,1795,1795,0
2022-10-06 09:50:00,1795,1795,1795,1795,0
2022-10-06 09:51:00,1795,1795,1795,1795,0
2022-10-06 09:52:00,1795,1795,1795,1795,0
2022-10-06 09:53:00,1795,1795,1795,1795,0
2022-10-06 09:54:00,1795,1795,1795,1795,0
2022-10-06 09:55:00,1795,1795,1795,1795,0
2022-10-06 09:56:00,1795,1795,1795,1795,0
2022-10-06 09:57:00,1795,1795,1795,1795,0
2022-10-06 09:58:00,1795,1795,1795,1795,0
2022-10-06 09:59:00,1795,1795,1795,1795,0
2022-10-06 10:00:00,1795,1795,1795,1795,0
2022-10-06 10:01:00,1795,1795,1795,1795,0
2022-10-06 10:02:00,1795,1795,1795,1795,0
2022-10-06 10:03:00,1795,1795,1795,1795,0
2022-10-06 10:04:00,1795,1795,1795,1795,0
2022-10-06 10:05:00,1795,1795,1795,1795,0
2022-10-06 10:06:00,1795,1795,1795,1795,0
2022-10-06 10:07:00,1795,1795,1795,1795,0
2022-10-06 10:08:00,1795,1795,1795,1795,0
2022-10-06 10:09:00,1795,1795,1795,1795,0
2022-10-06 10:10:00,1795,1795,1795,1795,0
2022-10-06 10:11:00,1795,1795,1795,1795,0
2022-10-06 10:12:00,1795,1795,1795,1795,0
2022-10-06 10:13:00,1795,1795,1795,1795,0
2022-10-06 10:14:00,1795,1795,1795,1795,0
2022-10-06 10:15:00,1795,1795,1795,1795,0
2022-10-06 10:16:00,1795,1795,1795,1795,0
2022-10-06 10:17:00,1795,1795,1795,1795,0
2022-10-06 10:18:00,1795,1795,1795,1795,0
2022-10-06 10:19:00,1795,1795,1795,1795,0
2022-10-06 10:20:00,1795,1795,1795,1795,0
2022-10-06 10:21:00,1795,1795,1795,1795,0
2022-10-06 10:22:00,1795,1795,1795,1795,0
2022-10-06 10:23:00,1795,1795,1795,1795,0
2022-10-06 10:24:00,1795,1795,1795,1795,0
2022-10-06 10:25:00,1795,1795,1795,1795,0
2022-10-06 10:26:00,1795,1795,1795,1795,0
2022-10-06 10:27:00,1795,1795,1795,1795,0
2022-10-06 10:28:00,1795,1795,1795,1795,0
2022-10-06 10:29:00,1795,1795,1795,1795,0
2022-10-06 10:30:00,1795,1795,1795,1795,0
2022-10-06 10:31:00,1795,1795,1795,1795,0
2022-10-06 10:32:00,1795,1795,1795,1795,0
2022-10-06 10:33:00,1795,1795,1795,1795,0
2022-10-06 10:34:00,1795,1795,1795,1795,0
2022-10-06 10:35:00,1795,1795,1795,1795,0
2022-10-06 10:36:00,1795,1795,1795,1795,0
2022-10-06 10:37:00,1795,1795,1795,1795,0
2022-10-06 10:38:00,1795,1795,1795,1795,0
2022-10-06 10:39:00,1795,1795,1795,1795,0
2022-10-06 10:40:00,1795,1795,1795,1795,0
2022-10-06 10:41:00,1795,1795,1795,1795,0
2022-10-06 10:42:00,1795,1795,1795,1795,0
2022-10-06 10:43:00,1795,1795,1795,1795,0
2022-10-06 10:44:00,1795,1795,1795,1795,0
2022-10-06 10:45:00,1795,1795,1795,1795,0
2022-10-06 10:46:00,1795,1795,1795,1795,0
2022-10-06 10:47:00,1795,1795,1795,1795,0
2022-10-06 10:48:00,1795,1795,1795,1795,0
2022-10-06 10:49:00,1795,1795,1795,1795,0
2022-10-06 10:50:00,1795,1795,1795,1795,0
2022-10-06 10:51:00,1795,1795,1795,1795,0
2022-10-06 10:52:00,1795,1795,1795,1795,0
2022-10-06 10:53:00,1795,1795,1795,1795,0
2022-10-06 10:54:00,1795,1795,1795,1795,0
2022-10-06 10:55:00,1795,1795,1795,1795,0
2022-10-06 10:56:00,1795,1795,1795,1795,0
2022-10-06 10:57:00,1795,1795,1795,1795,0
2022-10-06 10:58:00,1795,1795,1795,1795,0
2022-10-06 10:59:00,1795,1795,1795,1795,0
2022-10-06 11:00:00,1795,1795,1795,1795,0
2022-10-06 11:01:00,1795,1795,1795,1795,0
2022-10-06 11:02:00,1795,1795,1795,1795,0
2022-10-06 11:03:00,1795,1795,1795,1795,0
2022-10-06 11:04:00,1795,1795,1795,1795,0
2022-10-06 11:05:00,1795,1795,1795,1795,0
2022-10-06 11:06:00,1795,1795,1795,1795,0
2022-10-06 11:07:00,1795,1795,1795,1795,0
2022-10-06 11:08:00,1795,1795,1795,1795,0
2022-10-06 11:09:00,1795,1795,1795,1795,0
2022-10-06 11:10:00,1795,1795,1795,1795,0
2022-10-06 11:11:00,1795,1795,1795,1795,0
2022-10-06 11:12:00,1795,1795,1795,1795,0
2022-10-06 11:13:00,1795,1795,1795,1795,0
2022-10-06 11:14:00,1795,1795,1795,1795,0
2022-10-06 11:15:00,1795,1795,1795,1795,0
2022-10-06 11:16:00,1795,1795,1795,1795,0
2022-10-06 11:17:00,1795,1795,1795,1795,0
2022-10-06 11:18:00,1795,1795,1795,1795,0
2022-10-06 11:19:00,1795,1795,1795,1795,0
2022-10-06 11:20:00,1795,1795,1795,1795,0
2022-10-06 11:21:00,1795,1795,1795,1795,0
2022-10-06 11:22:00,1795,1795,1795,1795,0
2022-10-06 11:23:00,1795,1795,1795,1795,0
2022-10-06 11:24:00,1795,1795,1795,1795,0
2022-10-06 11:25:00,1795,1795,1795,1795,0
2022-10-06 11:26:00,1795,1795,1795,1795,0
2022-10-06 11:27:00,1795,1795,1795,1795,0
2022-10-06 11:28:00,1795,1795,1795,1795,0
2022-10-06 11:29:00,1795,1795,1795,1795,0
2022-10-06 11:30:00,1795,1795,1795,1795,0
2022-10-06 11:31:00,1795,1795,1795,1795,0
2022-10-06 11:32:00,1795,1795,1795,1795,0
2022-10-06 11:33:00,1795,1795,1795,1795,0
2022-10-06 11:34:00,1795,1795,1795,1795,0
2022-10-06 11:35:00,1795,1795,1795,1795,0
2022-10-06 11:36:00,1795,1795,1795,1795,0
2022-10-06 11:37:00,1795,1795,1795,1795,0
2022-10-06 11:38:00,1795,1795,1795,1795,0
2022-10-06 11:39:00,1795,1795,1795,1795,0
2022-10-06 11:40:00,1795,1795,1795,1795,0
2022-10-06 11:41:00,1795,1795,1795,1795,0
2022-10-06 11:42:00,1795,1795,1795,1795,0
2022-10-06 11:43:00,1795,1795,1795,1795,0
2022-10-06 11:44:00,1795,1795,1795,1795,0
2022-10-06 11:45:00,1795,1795,1795,1795,0
2022-10-06 11:46:00,1795,1795,1795,1795,0
2022-10-06 11:47:00,1795,1795,1795,1795,0
2022-10-06 11:48:00,1795,1795,1795,1795,0
2022-10-06 11:49:00,1795,1795,1795,1795,0
2022-10-06 11:50:00,1795,1795,1795,1795,0
2022-10-06 11:51:00,1795,1795,1795,1795,0
2022-10-06 11:52:00,1795,1795,1795,1795,0
2022-10-06 11:53:00,1795,1795,1795,1795,0
2022-10-06 11:54:00,1795,1795,1795,1795,0
2022-10-06 11:55:00,1795,1795,1795,1795,0
2022-10-06 11:56:00,1795,1795,1795,1795,0
2022-10-06 11:57:00,1795,1795,1795,1795,0
2022-10-06 11:58:00,1795,1795,1795,1795,0
2022-10-06 11:59:00,1795,1795,1795,1795,0
2022-10-06 12:00:00,1795,1795,1795,1795,0
2022-10-06 12:01:00,1795,1795,1795,1795,0
2022-10-06 12:02:00,1795,1795,1795,1795,0
2022-10-06 12:03:00,1795,1795,1795,1795,0
2022-10-06 12:04:00,1795,1795,1795,1795,0
2022-10-06 12:05:00,1795,1795,1795,1795,0
2022-10-06 12:06:00,1795,1795,1795,1795,0
2022-10-06 12:07:00,1795,1795,1795,1795,0
2022-10-06 12:08:00,1795,1795,1795,1795,0
2022-10-06 12:09:00,1795,1795,1795,1795,0
2022-10-06 12:10:00,1795,1795,1795,1795,0
2022-10-06 12:11:00,1795,1795,1795,1795,0
2022-10-06 12:12:00,1795,1795,1795,1795,0
2022-10-06 12:13:00,1795,1795,1795,1795,0
2022-10-06 12:14:00,1795,1795,1795,1795,0
2022-10-06 12:15:00,1795,1795,1795,1795,0
2022-10-06 12:16:00,1795,1795,1795,1795,0
2022-10-06 12:17:00,1795,1795,1795,1795,0
2022-10-06 12:18:00,1795,1795,1795,1795,0
2022-10-06 12:19:00,1795,1795,1795,1795,0
2022-10-06 12:20:00,1795,1795,1795,1795,0
2022-10-06 12:21:00,1795,1795,1795,1795,0
2022-10-06 12:22:00,1795,1795,1795,1795,0
2022-10-06 12:23:00,1795,1795,1795,1795,0
2022-10-06 12:24:00,1795,1795,1795,1795,0
2022-10-06 12:25:00,1795,1795,1795,1795,0
2022-10-06 12:26:00,1795,1795,1795,1795,0
2022-10-06 12:27:00,1795,1795,1795,1795,0
2022-10-06 12:28:00,1795,1795,1795,1795,0
2022-10-06 12:29:00,1795,1795,1795,1795,0
2022-10-06 12:30:00,1795,1795,1795,1795,0
2022-10-06 12:31:00,1795,1795,1795,1795,0
2022-10-06 12:32:00,1795,1795,1795,1795,0
2022-10-06 12:33:00,1795,1795,1795,1795,0
2022-10-06 12:34:00,1795,1795,1795,1795,0
2022-10-06 12:35:00,1795,1795,1795,1795,0
2022-10-06 12:36:00,1795,1795,1795,1795,0
2022-10-06 12:37:00,1795,1795,1795,1795,0
2022-10-06 12:38:00,1795,1795,1795,1795,0
2022-10-06 12:39:00,1795,1795,1795,1795,0
2022-10-06 12:40:00,1795,1795,1795,1795,0
2022-10-06 12:41:00,1795,1795,1795,1795,0
2022-10-06 12:42:00,1795,1795,1795,1795,0
2022-10-06 12:43:00,1795,1795,1795,1795,0
2022-10-06 12:44:00,1795,1795,1795,1795,0
2022-10-06 12:45:00,1795,1795,1795,1795,0
2022-10-06 12:46:00,1795,1795,1795,1795,0
2022-10-06 12:47:00,1795,1795,1795,1795,0
2022-10-06 12:48:00,1795,1795,1795,1795,0
2022-10-06 12:49:00,1795,1795,1795,1795,0
2022-10-06 12:50:00,1795,1795,1795,1795,0
2022-10-06 12:51:00,1795,1795,1795,1795,0
2022-10-06 12:52:00,1795,1795,1795,1795,0
2022-10-06 12:53:00,1795,1795,1795,1795,0
2022-10-06 12:54:00,1795,1795,1795,1795,0
2022-10-06 12:55:00,1795,1795,1795,1795,0
2022-10-06 12:56:00,1795,1795,1795,1795,0
2022-10-06 12:57:00,1795,1795,1795,1795,0
2022-10-06 12:58:00,1795,1795,1795,1795,0
2022-10-06 12:59:00,1795,1795,1795,1795,0
2022-10-06 13:00:00,1795,1795,1795,1795,0
2022-10-06 13:01:00,1795,1795,1795,1795,0
2022-10-06 13:02:00,1795,1795,1795,1795,0
2022-10-06 13:03:00,1795,1795,1795,1795,0
2022-10-06 13:04:00,1795,1795,1795,1795,0
2022-10-06 13:05:00,1795,1795,1795,1795,0
2022-10-06 13:06:00,1795,1795,1795,1795,0
2022-10-06 13:07:00,1795,1795,1795,1795,0
2022-10-06 13:08:00,1795,1795,1795,1795,0
2022-10-06 13:09:00,1795,1795,1795,1795,0
2022-10-06 13:10:00,1795,1795,1795,1795,0
2022-10-06 13:11:00,1795,1795,1795,1795,0
2022-10-06 13:12:00,1795,1795,1795,1795,0
2022-10-06 13:13:00,1795,1795,1795,1795,0
2022-10-06 13:14:00,1795,1795,1795,1795,0
2022-10-06 13:15:00,1795,1795,1795,1795,0
2022-10-06 13:16:00,1795,1795,1795,1795,0
2022-10-06 13:17:00,1795,1795,1795,1795,0
2022-10-06 13:18:00,1795,1795,1795,1795,0
2022-10-06 13:19:00,1795,1795,1795,1795,0
2022-10-06 13:20:00,1795,1795,1795,1795,0
2022-10-06 13:21:00,1795,1795,1795,1795,0
2022-10-06 13:22:00,1795,1795,1795,1795,0
2022-10-06 13:23:00,1795,1795,1795,1795,0
2022-10-06 13:24:00,1795,1795,1795,1795,0
2022-10-06 13:25:00,1795,1795,1795,1795,0
2022-10-06 13:26:00,1795,1795,1795,1795,0
2022-10-06 13:27:00,1795,1795,1795,1795,0
2022-10-06 13:28:00,1795,1795,1795,1795,0
2022-10-06 13:29:00,1795,1795,1795,1795,0
2022-10-06 13:30:00,1795,1795,1795,1795,0
2022-10-06 13:31:00,1795,1795,1795,1795,0
2022-10-06 13:32:00,1795,1795,1795,1795,0
2022-10-06 13:33:00,1795,1795,1795,1795,0
2022-10-06 13:34:00,1795,1795,1795,1795,0
2022-10-06 13:35:00,1795,1795,1795,1795,0
2022-10-06 13:36:00,1795,1795,1795,1795,0
2022-10-06 13:37:00,1795,1795,1795,1795,0
2022-10-06 13:38:00,1795,1795,1795,1795,0
2022-10-06 13:39:00,1795,1795,1795,1795,0
2022-10-06 13:40:00,1795,1795,1795,1795,0
2022-10-06 13:41:00,1795,1795,1795,1795,0
2022-10-06 13:42:00,1795,1795,1795,1795,0
2022-10-06 13:43:00,1795,1795,1795,1795,0
2022-10-06 13:44:00,1795,1795,1795,1795,0
2022-10-06 13:45:00,1795,1795,1795,1795,0
2022-10-06 13:46:00,1795,1795,1795,1795,0
2022-10-06 13:47:00,1795,1795,1795,1795,0
2022-10-06 13:48:00,1795,1795,1795,1795,0
2022-10-06 13:49:00,1795,1795,1795,1795,0
2022-10-06 13:50:00,1795,1795,1795,1795,0
2022-10-06 13:51:00,1795,1795,1795,1795,0
2022-10-06 13:52:00,1795,1795,1795,1795,0
2022-10-06 13:53:00,1795,1795,1795,1795,0
2022-10-06 13:54:00,1795,1795,1795,1795,0
2022-10-06 13:55:00,1795,1795,1795,1795,0
2022-10-06 13:56:00,1795,1795,1795,1795,0
2022-10-06 13:57:00,1795,1795,1795,1795,0
2022-10-06 13:58:00,1795,1795,1795,1795,0
2022-10-06 13:59:00,1795,1795,1795,1795,0
2022-10-06 14:00:00,1795,1795,1795,1795,0
2022-10-06 14:01:00,1795,1795,1795,1795,0
2022-10-06 14:02:00,1795,1795,1795,1795,0
2022-10-06 14:03:00,1795,1795,1795,1795,0
2022-10-06 14:04:00,1795,1795,1795,1795,0
2022-10-06 14:05:00,1795,1795,1795,1795,0
2022-10-06 14:06:00,1795,1795,1795,1795,0
2022-10-06 14:07:00,1795,1795,1795,1795,0
2022-10-06 14:08:00,1795,1795,1795,1795,0
2022-10-06 14:09:00,1795,1795,1795,1795,0
2022-10-06 14:10:00,1795,1795,1795,1795,0
2022-10-06 14:11:00,1795,1795,1795,1795,0
2022-10-06 14:12:00,1795,1795,1795,1795,0
2022-10-06 14:13:00,1795,1795,1795,1795,0
2022-10-06 14:14:00,1795,1795,1795,1795,0
2022-10-06 14:15:00,1795,1795,1795,1795,0
2022-10-06 14:16:00,1795,1795,1795,1795,0
2022-10-06 14:17:00,1795,1795,1795,1795,0
2022-10-06 14:18:00,1795,1795,1795,1795,0
2022-10-06 14:19:00,1795,1795,1795,1795,0
2022-10-06 14:20:00,1795,1795,1795,1795,0
2022-10-06 14:21:00,1795,1795,1795,1795,0
2022-10-06 14:22:00,1795,1795,1795,1795,0
2022-10-06 14:23:00,1795,1795,1795,1795,0
2022-10-06 14:24:00,1795,1795,1795,1795,0
2022-10-06 14:25:00,1795,1795,1795,1795,0
2022-10-06 14:26:00,1795,1795,1795,1795,0
2022-10-06 14:27:00,1795,1795,1795,1795,0
2022-10-06 14:28:00,1795,1795,1795,1795,0
2022-10-06 14:29:00,1795,1795,1795,1795,0
2022-10-06 14:30:00,1795,1795,1795,1795,0
2022-10-06 14:31:00,1795,1795,1795,1795,0
2022-10-06 14:32:00,1795,1795,1795,1795,0
2022-10-06 14:33:00,1795,1795,1795,1795,0
2022-10-06 14:34:00,1795,1795,1795,1795,0
2022-10-06 14:35:00,1795,1795,1795,1795,0
2022-10-06 14:36:00,1795,1795,1795,1795,0
2022-10-06 14:37:00,1795,1795,1795,1795,0
2022-10-06 14:38:00,1795,1795,1795,1795,0
2022-10-06 14:39:00,1795,1795,1795,1795,0
2022-10-06 14:40:00,1795,1795,1795,1795,0
2022-10-06 14:41:00,1795,1795,1795,1795,0
2022-10-06 14:42:00,1795,1795,1795,1795,0
2022-10-06 14:43:00,1795,1795,1795,1795,0
2022-10-06 14:44:00,1795,1795,1795,1795,0
2022-10-06 14:45:00,1795,1795,1795,1795,0
2022-10-06 14:46:00,1795,1795,1795,1795,0
2022-10-06 14:47:00,1795,1795,1795,1795,0
2022-10-06 14:48:00,1795,1795,1795,1795,0
2022-10-06 14:49:00,1795,1795,1795,1795,0
2022-10-06 14:50:00,1795,1795,1795,1795,0
2022-10-06 14:51:00,1795,1795,1795,1795,0
2022-10-06 14:52:00,1795,1795,1795,1795,0
2022-10-06 14:53:00,1795,1795,1795,1795,0
2022-10-06 14:54:00,1795,1795,1795,1795,0
2022-10-06 14:55:00,1795,1795,1795,1795,0
2022-10-06 14:56:00,1795,1795,1795,1795,0
2022-10-06 14:57:00,1795,1795,1795,1795,0
2022-10-06 14:58:00,1795,1795,1795,1795,0
2022-10-06 14:59:00,1795,1795,1795,1795,0
2022-10-06 15:00:00,1795,1795,1795,1795,0
2022-10-06 15:01:00,1795,1795,1795,1795,0
2022-10-06 15:02:00,1795,1795,1795,1795,0
2022-10-06 15:03:00,1795,1795,1795,1795,0
2022-10-06 15:04:00,1795,1795,1795,1795,0
2022-10-06 15:05:00,1795,1795,1795,1795,0
2022-10-06 15:06:00,1795,1795,1795,1795,0
2022-10-06 15:07:00,1795,1795,1795,1795,0
2022-10-06 15:08:00,1795,1795,1795,1795,0
2022-10-06 15:09:00,1795,1795,1795,1795,0
2022-10-06 15:10:00,1795,1795,1795,1795,0
2022-10-06 15:11:00,1795,1795,1795,1795,0
2022-10-06 15:12:00,1795,1795,1795,1795,0
2022-10-06 15:13:00,1795,1795,1795,1795,0
2022-10-06 15:14:00,1795,1795,1795,1795,0
2022-10-06 15:15:00,1795,1795,1795,1795,0
2022-10-06 15:16:00,1795,1795,1795,1795,0
2022-10-06 15:17:00,1795,1795,1795,1795,0
2022-10-06 15:18:00,1795,1795,1795,1795,0
2022-10-06 15:19:00,1795,1795,1795,1795,0
2022-10-06 15:20:00,1795,1795,1795,1795,0
2022-10-06 15:21:00,1795,1795,1795,1795,0
2022-10-06 15:22:00,1795,1795,1795,1795,0
2022-10-06 15:23:00,1795,1795,1795,1795,0
2022-10-06 15:24:00,1795,1795,1795,1795,0
2022-10-06 15:25:00,1795,1795,1795,1795,0
2022-10-06 15:26:00,1795,1795,1795,1795,0
2022-10-06 15:27:00,1795,1795,1795,1795,0
2022-10-06 15:28:00,1795,1795,1795,1795,0
2022-10-06 15:29:00,1795,1795,1795,1795,0
2022-10-06 15:30:00,1795,1795,1795,1795,0
2022-10-06 15:31:00,1795,1795,1795,1795,0
2022-10-06 15:32:00,1795,1795,1795,1795,0
2022-10-06 15:33:00,1795,1795,1795,1795,0
2022-10-06 15:34:00,1795,1795,1795,1795,0
2022-10-06 15:35:00,1795,1795,1795,1795,0
2022-10-06 15:36:00,1795,1795,1795,1795,0
2022-10-06 15:37:00,1795,1795,1795,1795,0
2022-10-06 15:38:00,1795,1795,1795,1795,0
2022-10-06 15:39:00,1795,1795,1795,1795,0
2022-10-06 15:40:00,1795,1795,1795,1795,0
2022-10-06 15:41:00,1795,1795,1795,1795,0
2022-10-06 15:42:00,1795,1795,1795,1795,0
2022-10-06 15:43:00,1795,1795,1795,1795,0
2022-10-06 15:44:00,1795,1795,1795,1795,0
2022-10-06 15:45:00,1795,1795,1795,1795,0
2022-10-06 15:46:00,1795,1795,1795,1795,0
2022-10-06 15:47:00,1795,1795,1795,1795,0
2022-10-06 15:48:00,1795,1795,1795,1795,0
2022-10-06 15:49:00,1795,1795,1795,1795,0
2022-10-06 15:50:00,1795,1795,1795,1795,0
2022-10-06 15:51:00,1795,1795,1795,1795,0
2022-10-06 15:52:00,1795,1795,1795,1795,0
2022-10-06 15:53:00,1795,1795,1795,1795,0
2022-10-06 15:54:00,1795,1795,1795,1795,0
2022-10-06 15:55:00,1795,1795,1795,1795,0
2022-10-06 15:56:00,1795,1795,1795,1795,0
2022-10-06 15:57:00,1795,1795,1795,1795,0
2022-10-06 15:58:00,1795,1795,1795,1795,0
2022-10-06 15:59:00,1795,1795,1795,1795,0
2022-10-07 09:00:00,1795,1795,1795,1795,100
2022-10-07 09:01:00,1795,1795,1795,1795,0
2022-10-07 09:02:00,1795,1795,1795,1795,0
2022-10-07 09:03:00,1795,1795,1795,1795,0
2022-10-07 09:04:00,1795,1795,1795,1795,0
2022-10-07 09:05:00,1795,1795,1795,1795,0
2022-10-07 09:06:00,1795,1795,1795,1795,0
2022-10-07 09:07:00,1795,1795,1795,1795,0
2022-10-07 09:08:00,1795,1795,1795,1795,0
2022-10-07 09:09:00,1795,1795,1795,1795,0
2022-10-07 09:10:00,1795,1795,1795,1795,0
2022-10-07 09:11:00,1795,1795,1795,1795,0
2022-10-07 09:12:00,1795,1795,1795,1795,0
2022-10-07 09:13:00,1795,1795,1795,1795,0
2022-10-07 09:14:00,1795,1795,1795,1795,0
2022-10-07 09:15:00,1795,1795,1795,1795,0
2022-10-07 09:16:00,1795,1795,1795,1795,0
2022-10-07 09:17:00,1795,1795,1795,1795,0
2022-10-07 09:18:00,1795,1795,1795,1795,0
2022-10-07 09:19:00,1795,1795,1795,1795,0
2022-10-07 09:20:00,1795,1795,1795,1795,0
2022-10-07 09:21:00,1795,1795,1795,1795,0
2022-10-07 09:22:00,1795,1795,1795,1795,0
2022-10-07 09:23:00,1795,1795,1795,1795,0
2022-10-07 09:24:00,1795,1795,1795,1795,0
2022-10-07 09:25:00,1795,1795,1795,1795,0
2022-10-07 09:26:00,1795,1795,1795,1795,0
2022-10-07 09:27:00,1795,1795,1795,1795,0
2022-10-07 09:28:00,1795,1795,1795,1795,0
2022-10-07 09:29:00,1795,1795,1795,1795,0
2022-10-07 09:30:00,1795,1795,1795,1795,0
2022-10-07 09:31:00,1795,1795,1795,1795,0
2022-10-07 09:32:00,1795,1795,1795,1795,0
2022-10-07 09:33:00,1795,1795,1795,1795,0
2022-10-07 09:34:00,1795,1795,1795,1795,0
2022-10-07 09:35:00,1795,1795,1795,1795,0
2022-10-07 09:36:00,1795,1795,1795,1795,0
2022-10-07 09:37:00,1795,1795,1795,1795,0
2022-10-07 09:38:00,1795,1795,1795,1795,0
2022-10-07 09:39:00,1795,1795,1795,1795,0
2022-10-07 09:40:00,1795,1795,1795,1795,0
2022-10-07 09:41:00,1795,1795,1795,1795,0
2022-10-07 09:42:00,1795,1795,1795,1795,0
2022-10-07 09:43:00,1795,1795,1795,1795,0
2022-10-07 09:44:00,1795,1795,1795,1795,0
2022-10-07 09:45:00,1795,1795,1795,1795,0
2022-10-07 09:46:00,1795,1795,1795,1795,0
2022-10-07 09:47:00,1795,1795,1795,1795,0
2022-10-07 09:48:00,1795,1795,1795,1795,0
2022-10-07 09:49:00,1795,1795,1795,1795,0
2022-10-07 09:50:00,1795,1795,1795,1795,0
2022-10-07 09:51:00,1795,1795,1795,1795,0
2022-10-07 09:52:00,1795,1795,1795,1795,0
2022-10-07 09:53:00,1795,1795,1795,1795,0
2022-10-07 09:54:00,1795,1795,1795,1795,0
2022-10-07 09:55:00,1795,1795,1795,1795,0
2022-10-07 09:56:00,1795,1795,1795,1795,0
2022-10-07 09:57:00,1795,1795,1795,1795,0
2022-10-07 09:58:00,1795,1795,1795,1795,0
2022-10-07 09:59:00,1795,1795,1795,1795,0
2022-10-07 10:00:00,1795,1795,1795,1795,0
2022-10-07 10:01:00,1795,1795,1795,1795,0
2022-10-07 10:02:00,1795,1795,1795,1795,0
2022-10-07 10:03:00,1795,1795,1795,1795,0
2022-10-07 10:04:00,1795,1795,1795,1795,0
2022-10-07 10:05:00,1795,1795,1795,1795,0
2022-10-07 10:06:00,1795,1795,1795,1795,0
2022-10-07 10:07:00,1795,1795,1795,1795,0
2022-10-07 10:08:00,1795,1795,1795,1795,0
2022-10-07 10:09:00,1795,1795,1795,1795,0
2022-10-07 10:10:00,1795,1795,1795,1795,0
2022-10-07 10:11:00,1795,1795,1795,1795,0
2022-10-07 10:12:00,1795,1795,1795,1795,0
2022-10-07 10:13:00,1795,1795,1795,1795,0
2022-10-07 10:14:00,1795,1795,1795,1795,0
2022-10-07 10:15:00,1795,1795,1795,1795,0
2022-10-07 10:16:00,1795,1795,1795,1795,0
2022-10-07 10:17:00,1795,1795,1795,1795,0
2022-10-07 10:18:00,1795,1795,1795,1795,0
2022-10-07 10:19:00,1795,1795,1795,1795,0
2022-10-07 10:20:00,1795,1795,1795,1795,0
2022-10-07 10:21:00,1795,1795,1795,1795,0
2022-10-07 10:22:00,1795,1795,1795,1795,0
2022-10-07 10:23:00,1795,1795,1795,1795,0
2022-10-07 10:24:00,1795,1795,1795,1795,0
2022-10-07 10:25:00,1795,1795,1795,1795,0
2022-10-07 10:26:00,1795,1795,1795,1795,0
2022-10-07 10:27:00,1795,1795,1795,1795,0
2022-10-07 10:28:00,1795,1795,1795,1795,0
2022-10-07 10:29:00,1795,1795,1795,1795,0
2022-10-07 10:30:00,1795,1795,1795,1795,0
2022-10-07 10:31:00,1795,1795,1795,1795,0
2022-10-07 10:32:00,1795,1795,1795,1795,0
2022-10-07 10:33:00,1795,1795,1795,1795,0
2022-10-07 10:34:00,1795,1795,1795,1795,0
2022-10-07 10:35:00,1795,1795,1795,1795,0
2022-10-07 10:36:00,1795,1795,1795,1795,0
2022-10-07 10:37:00,1795,1795,1795,1795,0
2022-10-07 10:38:00,1795,1795,1795,1795,0
2022-10-07 10:39:00,1795,1795,1795,1795,0
2022-10-07 10:40:00,1795,1795,1795,1795,0
2022-10-07 10:41:00,1795,1795,1795,1795,0
2022-10-07 10:42:00,1795,1795,1795,1795,0
2022-10-07 10:43:00,1795,1795,1795,1795,0
2022-10-07 10:44:00,1795,1795,1795,1795,0
2022-10-07 10:45:00,1795,1795,1795,1795,0
2022-10-07 10:46:00,1795,1795,1795,1795,0
2022-10-07 10:47:00,1795,1795,1795,1795,0
2022-10-07 10:48:00,1795,1795,1795,1795,0
2022-10-07 10:49:00,1795,1795,1795,1795,0
2022-10-07 10:50:00,1795,1795,1795,1795,0
2022-10-07 10:51:00,1795,1795,1795,1795,0
2022-10-07 10:52:00,1795,1795,1795,1795,0
2022-10-07 10:53:00,1795,1795,1795,1795,0
2022-10-07 10:54:00,1795,1795,1795,1795,0
2022-10-07 10:55:00,1795,1795,1795,1795,0
2022-10-07 10:56:00,1795,1795,1795,1795,0
2022-10-07 10:57:00,1795,1795,1795,1795,0
2022-10-07 10:58:00,1795,1795,1795,1795,0
2022-10-07 10:59:00,1795,1795,1795,1795,0
2022-10-07 11:00:00,1795,1795,1795,1795,0
2022-10-07 11:01:00,1795,1795,1795,1795,0
2022-10-07 11:02:00,1795,1795,1795,1795,0
2022-10-07 11:03:00,1795,1795,1795,1795,0
2022-10-07 11:04:00,1795,1795,1795,1795,0
2022-10-07 11:05:00,1795,1795,1795,1795,0
2022-10-07 11:06:00,1795,1795,1795,1795,0
2022-10-07 11:07:00,1795,1795,1795,1795,0
2022-10-07 11:08:00,1795,1795,1795,1795,0
2022-10-07 11:09:00,1795,1795,1795,1795,0
2022-10-07 11:10:00,1795,1795,1795,1795,0
2022-10-07 11:11:00,1795,1795,1795,1795,0
2022-10-07 11:12:00,1795,1795,1795,1795,0
2022-10-07 11:13:00,1795,1795,1795,1795,0
2022-10-07 11:14:00,1795,1795,1795,1795,0
2022-10-07 11:15:00,1795,1795,1795,1795,0
2022-10-07 11:16:00,1795,1795,1795,1795,0
2022-10-07 11:17:00,1795,1795,1795,1795,0
2022-10-07 11:18:00,1795,1795,1795,1795,0
2022-10-07 11:19:00,1795,1795,1795,1795,0
2022-10-07 11:20:00,1795,1795,1795,1795,0
2022-10-07 11:21:00,1795,1795,1795,1795,0
2022-10-07 11:22:00,1795,1795,1795,1795,0
2022-10-07 11:23:00,1795,1795,1795,1795,0
2022-10-07 11:24:00,1795,1795,1795,1795,0
2022-10-07 11:25:00,1795,1795,1795,1795,0
2022-10-07 11:26:00,1795,1795,1795,1795,0
2022-10-07 11:27:00,1795,1795,1795,1795,0
2022-10-07 11:28:00,1795,1795,1795,1795,0
2022-10-07 11:29:00,1795,1795,1795,1795,0
2022-10-07 11:30:00,1795,1795,1795,1795,0
2022-10-07 11:31:00,1795,1795,1795,1795,0
2022-10-07 11:32:00,1795,1795,1795,1795,0
2022-10-07 11:33:00,1795,1795,1795,1795,0
2022-10-07 11:34:00,1795,1795,1795,1795,0
2022-10-07 11:35:00,1795,1795,1795,1795,0
2022-10-07 11:36:00,1795,1795,1795,1795,0
2022-10-07 11:37:00,1795,1795,1795,1795,0
2022-10-07 11:38:00,1795,1795,1795,1795,0
2022-10-07 11:39:00,1795,1795,1795,1795,0
2022-10-07 11:40:00,1795,1795,1795,1795,0
2022-10-07 11:41:00,1795,1795,1795,1795,0
2022-10-07 11:42:00,1795,1795,1795,1795,0
2022-10-07 11:43:00,1795,1795,1795,1795,0
2022-10-07 11:44:00,1795,1795,1795,1795,0
2022-10-07 11:45:00,1795,1795,1795,1795,0
2022-10-07 11:46:00,1795,1795,1795,1795,0
2022-10-07 11:47:00,1795,1795,1795,1795,0
2022-10-07 11:48:00,1795,1795,1795,1795,0
2022-10-07 11:49:00,1795,1795,1795,1795,0
2022-10-07 11:50:00,1795,1795,1795,1795,0
2022-10-07 11:51:00,1795,1795,1795,1795,0
2022-10-07 11:52:00,1795,1795,1795,1795,0
2022-10-07 11:53:00,1795,1795,1795,1795,0
2022-10-07 11:54:00,1795,1795,1795,1795,0
2022-10-07 11:55:00,1795,1795,1795,1795,0
2022-10-07 11:56:00,1795,1795,1795,1795,0
2022-10-07 11:57:00,1795,1795,1795,1795,0
2022-10-07 11:58:00,1795,1795,1795,1795,0
2022-10-07 11:59:00,1795,1795,1795,1795,0
2022-10-07 12:00:00,1795,1795,1795,1795,0
2022-10-07 12:01:00,1795,1795,1795,1795,0
2022-10-07 12:02:00,1795,1795,1795,1795,0
2022-10-07 12:03:00,1795,1795,1795,1795,0
2022-10-07 12:04:00,1795,1795,1795,1795,0
2022-10-07 12:05:00,1795,1795,1795,1795,0
2022-10-07 12:06:00,1795,1795,1795,1795,0
2022-10-07 12:07:00,1795,1795,1795,1795,0
2022-10-07 12:08:00,1795,1795,1795,1795,0
2022-10-07 12:09:00,1795,1795,1795,1795,0
2022-10-07 12:10:00,1795,1795,1795,1795,0
2022-10-07 12:11:00,1795,1795,1795,1795,0
2022-10-07 12:12:00,1795,1795,1795,1795,0
2022-10-07 12:13:00,1795,1795,1795,1795,0
2022-10-07 12:14:00,1795,1795,1795,1795,0
2022-10-07 12:15:00,1795,1795,1795,1795,0
2022-10-07 12:16:00,1795,1795,1795,1795,0
2022-10-07 12:17:00,1795,1795,1795,1795,0
2022-10-07 12:18:00,1795,1795,1795,1795,0
2022-10-07 12:19:00,1795,1795,1795,1795,0
2022-10-07 12:20:00,1795,1795,1795,1795,0
2022-10-07 12:21:00,1795,1795,1795,1795,0
2022-10-07 12:22:00,1795,1795,1795,1795,0
2022-10-07 12:23:00,1795,1795,1795,1795,0
2022-10-07 12:24:00,1795,1795,1795,1795,0
2022-10-07 12:25:00,1795,1795,1795,1795,0
2022-10-07 12:26:00,1795,1795,1795,1795,0
2022-10-07 12:27:00,1795,1795,1795,1795,0
2022-10-07 12:28:00,1795,1795,1795,1795,0
2022-10-07 12:29:00,1795,1795,1795,1795,0
2022-10-07 12:30:00,1795,1795,1795,1795,0
2022-10-07 12:31:00,1795,1795,1795,1795,0
2022-10-07 12:32:00,1795,1795,1795,1795,0
2022-10-07 12:33:00,1795,1795,1795,1795,0
2022-10-07 12:34:00,1795,1795,1795,1795,0
2022-10-07 12:35:00,1795,1795,1795,1795,0
2022-10-07 12:36:00,1795,1795,1795,1795,0
2022-10-07 12:37:00,1795,1795,1795,1795,0
2022-10-07 12:38:00,1795,1795,1795,1795,0
2022-10-07 12:39:00,1795,1795,1795,1795,0
2022-10-07 12:40:00,1795,1795,1795,1795,0
2022-10-07 12:41:00,1795,1795,1795,1795,0
2022-10-07 12:42:00,1795,1795,1795,1795,0
2022-10-07 12:43:00,1795,1795,1795,1795,0
2022-10-07 12:44:00,1795,1795,1795,1795,0
2022-10-07 12:45:00,1795,1795,1795,1795,0
2022-10-07 12:46:00,1795,1795,1795,1795,0
2022-10-07 12:47:00,1795,1795,1795,1795,0
2022-10-07 12:48:00,1795,1795,1795,1795,0
2022-10-07 12:49:00,1795,1795,1795,1795,0
2022-10-07 12:50:00,1795,1795,1795,1795,0
2022-10-07 12:51:00,1795,1795,1795,1795,0
2022-10-07 12:52:00,1795,1795,1795,1795,0
2022-10-07 12:53:00,1795,1795,1795,1795,0
2022-10-07 12:54:00,1795,1795,1795,1795,0
2022-10-07 12:55:00,1795,1795,1795,1795,0
2022-10-07 12:56:00,1795,1795,1795,1795,0
2022-10-07 12:57:00,1795,1795,1795,1795,0
2022-10-07 12:58:00,1795,1795,1795,1795,0
2022-10-07 12:59:00,1795,1795,1795,1795,0
2022-10-07 13:00:00,1795,1795,1795,1795,0
2022-10-07 13:01:00,1795,1795,1795,1795,0
2022-10-07 13:02:00,1795,1795,1795,1795,0
2022-10-07 13:03:00,1795,1795,1795,1795,0
2022-10-07 13:04:00,1795,1795,1795,1795,0
2022-10-07 13:05:00,1795,1795,1795,1795,0
2022-10-07 13:06:00,1795,1795,1795,1795,0
2022-10-07 13:07:00,1795,1795,1795,1795,0
2022-10-07 13:08:00,1795,1795,1795,1795,0
2022-10-07 13:09:00,1795,1795,1795,1795,0
2022-10-07 13:10:00,1795,1795,1795,1795,0
2022-10-07 13:11:00,1795,1795,1795,1795,0
2022-10-07 13:12:00,1795,1795,1795,1795,0
2022-10-07 13:13:00,1795,1795,1795,1795,0
2022-10-07 13:14:00,1795,1795,1795,1795,0
2022-10-07 13:15:00,1795,1795,1795,1795,0
2022-10-07 13:16:00,1795,1795,1795,1795,0
2022-10-07 13:17:00,1795,1795,1795,1795,0
2022-10-07 13:18:00,1795,1795,1795,1795,0
2022-10-07 13:19:00,1795,1795,1795,1795,0
2022-10-07 13:20:00,1795,1795,1795,1795,0
2022-10-07 13:21:00,1795,1795,1795,1795,0
2022-10-07 13:22:00,1795,1795,1795,1795,0
2022-10-07 13:23:00,1795,1795,1795,1795,0
2022-10-07 13:24:00,1795,1795,1795,1795,0
2022-10-07 13:25:00,1795,1795,1795,1795,0
2022-10-07 13:26:00,1795,1795,1795,1795,0
2022-10-07 13:27:00,1795,1795,1795,1795,0
2022-10-07 13:28:00,1795,1795,1795,1795,0
2022-10-07 13:29:00,1795,1795,1795,1795,0
2022-10-07 13:30:00,1795,1795,1795,1795,0
2022-10-07 13:31:00,1795,1795,1795,1795,0
2022-10-07 13:32:00,1795,1795,1795,1795,0
2022-10-07 13:33:00,1795,1795,1795,1795,0
2022-10-07 13:34:00,1795,1795,1795,1795,0
2022-10-07 13:35:00,1795,1795,1795,1795,0
2022-10-07 13:36:00,1795,1795,1795,1795,0
2022-10-07 13:37:00,1795,1795,1795,1795,0
2022-10-07 13:38:00,1795,1795,1795,1795,0
2022-10-07 13:39:00,1795,1795,1795,1795,0
2022-10-07 13:40:00,1795,1795,1795,1795,0
2022-10-07 13:41:00,1795,1795,1795,1795,0
2022-10-07 13:42:00,1795,1795,1795,1795,0
2022-10-07 13:43:00,1795,1795,1795,1795,0
2022-10-07 13:44:00,1795,1795,1795,1795,0
2022-10-07 13:45:00,1795,1795,1795,1795,0
2022-10-07 13:46:00,1795,1795,1795,1795,0
2022-10-07 13:47:00,1795,1795,1795,1795,0
2022-10-07 13:48:00,1795,1795,1795,1795,0
2022-10-07 13:49:00,1795,1795,1795,1795,0
2022-10-07 13:50:00,1795,1795,1795,1795,0
2022-10-07 13:51:00,1795,1795,1795,1795,0
2022-10-07 13:52:00,1795,1795,1795,1795,0
2022-10-07 13:53:00,1795,1795,1795,1795,0
2022-10-07 13:54:00,1795,1795,1795,1795,0
2022-10-07 13:55:00,1795,1795,1795,1795,0
2022-10-07 13:56:00,1795,1795,1795,1795,0
2022-10-07 13:57:00,1795,1795,1795,1795,0
2022-10-07 13:58:00,1795,1795,1795,1795,0
2022-10-07 13:59:00,1795,1795,1795,1795,0
2022-10-07 14:00:00,1795,1795,1795,1795,0
2022-10-07 14:01:00,1795,1795,1795,1795,0
2022-10-07 14:02:00,1795,1795,1795,1795,0
2022-10-07 14:03:00,1795,1795,1795,1795,0
2022-10-07 14:04:00,1795,1795,1795,1795,0
2022-10-07 14:05:00,1795,1795,1795,1795,0
2022-10-07 14:06:00,1795,1795,1795,1795,0
2022-10-07 14:07:00,1795,1795,1795,1795,0
2022-10-07 14:08:00,1795,1795,1795,1795,0
2022-10-07 14:09:00,1795,1795,1795,1795,0
2022-10-07 14:10:00,1795,1795,1795,1795,0
2022-10-07 14:11:00,1795,1795,1795,1795,0
2022-10-07 14:12:00,1795,1795,1795,1795,0
2022-10-07 14:13:00,1795,1795,1795,1795,0
2022-10-07 14:14:00,1795,1795,1795,1795,0
2022-10-07 14:15:00,1795,1795,1795,1795,0
2022-10-07 14:16:00,1795,1795,1795,1795,0
2022-10-07 14:17:00,1795,1795,1795,1795,0
2022-10-07 14:18:00,1795,1795,1795,1795,0
2022-10-07 14:19:00,1795,1795,1795,1795,0
2022-10-07 14:20:00,1795,1795,1795,1795,0
2022-10-07 14:21:00,1795,1795,1795,1795,0
2022-10-07 14:22:00,1795,1795,1795,1795,0
2022-10-07 14:23:00,1795,1795,1795,1795,0
2022-10-07 14:24:00,1795,1795,1795,1795,0
2022-10-07 14:25:00,1795,1795,1795,1795,0
2022-10-07 14:26:00,1795,1795,1795,1795,0
2022-10-07 14:27:00,1795,1795,1795,1795,0
2022-10-07 14:28:00,1795,1795,1795,1795,0
2022-10-07 14:29:00,1795,1795,1795,1795,0
2022-10-07 14:30:00,1795,1795,1795,1795,0
2022-10-07 14:31:00,1795,1795,1795,1795,0
2022-10-07 14:32:00,1795,1795,1795,1795,0
2022-10-07 14:33:00,1795,1795,1795,1795,0
2022-10-07 14:34:00,1795,1795,1795,1795,0
2022-10-07 14:35:00,1795,1795,1795,1795,0
2022-10-07 14:36:00,1795,1795,1795,1795,0
2022-10-07 14:37:00,1795,1795,1795,1795,0
2022-10-07 14:38:00,1795,1795,1795,1795,0
2022-10-07 14:39:00,1795,1795,1795,1795,0
2022-10-07 14:40:00,1795,1795,1795,1795,0
2022-10-07 14:41:00,1795,1795,1795,1795,0
2022-10-07 14:42:00,1795,1795,1795,1795,0
2022-10-07 14:43:00,1795,1795,1795,1795,0
2022-10-07 14:44:00,1795,1795,1795,1795,0
2022-10-07 14:45:00,1795,1795,1795,1795,0
2022-10-07 14:46:00,1795,1795,1795,1795,0
2022-10-07 14:47:00,1795,1795,1795,1795,0
2022-10-07 14:48:00,1795,1795,1795,1795,0
2022-10-07 14:49:00,1795,1795,1795,1795,0
2022-10-07 14:50:00,1795,1795,1795,1795,0
2022-10-07 14:51:00,1795,1795,1795,1795,0
2022-10-07 14:52:00,1795,1795,1795,1795,0
2022-10-07 14:53:00,1795,1795,1795,1795,0
2022-10-07 14:54:00,1795,1795,1795,1795,0
2022-10-07 14:55:00,1795,1795,1795,1795,0
2022-10-07 14:56:00,1795,1795,1795,1795,0
2022-10-07 14:57:00,1795,1795,1795,1795,0
2022-10-07 14:58:00,1795,1795,1795,1795,0
2022-10-07 14:59:00,1795,1795,1795,1795,0
2022-10-07 15:00:00,1795,1795,1795,1795,0
2022-10-07 15:01:00,1795,1795,1795,1795,0
2022-10-07 15:02:00,1795,1795,1795,1795,0
2022-10-07 15:03:00,1795,1795,1795,1795,0
2022-10-07 15:04:00,1795,1795,1795,1795,0
2022-10-07 15:05:00,1795,1795,1795,1795,0
2022-10-07 15:06:00,1795,1795,1795,1795,0
2022-10-07 15:07:00,1795,1795,1795,1795,0
2022-10-07 15:08:00,1795,1795,1795,1795,0
2022-10-07 15:09:00,1795,1795,1795,1795,0
2022-10-07 15:10:00,1795,1795,1795,1795,0
2022-10-07 15:11:00,1795,1795,1795,1795,0
2022-10-07 15:12:00,1795,1795,1795,1795,0
2022-10-07 15:13:00,1795,1795,1795,1795,0
2022-10-07 15:14:00,1795,1795,1795,1795,0
2022-10-07 15:15:00,1795,1795,1795,1795,0
2022-10-07 15:16:00,1795,1795,1795,1795,0
2022-10-07 15:17:00,1795,1795,1795,1795,0
2022-10-07 15:18:00,1795,1795,1795,1795,0
2022-10-07 15:19:00,1795,1795,1795,1795,0
2022-10-07 15:20:00,1795,1795,1795,1795,0
2022-10-07 15:21:00,1795,1795,1795,1795,0
2022-10-07 15:22:00,1795,1795,1795,1795,0
2022-10-07 15:23:00,1795,1795,1795,1795,0
2022-10-07 15:24:00,1795,1795,1795,1795,0
2022-10-07 15:25:00,1795,1795,1795,1795,0
2022-10-07 15:26:00,1795,1795,1795,1795,0
2022-10-07 15:27:00,1795,1795,1795,1795,0
2022-10-07 15:28:00,1795,1795,1795,1795,0
2022-10-07 15:29:00,1795,1795,1795,1795,0
2022-10-07 15:30:00,1795,1795,1795,1795,0
2022-10-07 15:31:00,1795,1795,1795,1795,0
2022-10-07 15:32:00,1795,1795,1795,1795,0
2022-10-07 15:33:00,1795,1795,1795,1795,0
2022-10-07 15:34:00,1795,1795,1795,1795,0
2022-10-07 15:35:00,1795,1795,1795,1795,0
2022-10-07 15:36:00,1795,1795,1795,1795,0
2022-10-07 15:37:00,1795,1795,1795,1795,0
2022-10-07 15:38:00,1795,1795,1795,1795,0
2022-10-07 15:39:00,1795,1795,1795,1795,0
2022-10-07 15:40:00,1795,1795,1795,1795,0
2022-10-07 15:41:00,1795,1795,1795,1795,0
2022-10-07 15:42:00,1795,1795,1795,1795,0
2022-10-07 15:43:00,1795,1795,1795,1795,0
2022-10-07 15:44:00,1795,1795,1795,1795,0
2022-10-07 15:45:00,1795,1795,1795,1795,0
2022-10-07 15:46:00,1795,1795,1795,1795,0
2022-10-07 15:47:00,1795,1795,1795,1795,0
2022-10-07 15:48:00,1795,1795,1795,1795,0
2022-10-07 15:49:00,1795,1795,1795,1795,0
2022-10-07 15:50:00,1795,1795,1795,1795,0
2022-10-07 15:51:00,1795,1795,1795,1795,0
2022-10-07 15:52:00,1795,1795,1795,1795,0
2022-10-07 15:53:00,1795,1795,1795,1795,0
2022-10-07 15:54:00,1795,1795,1795,1795,0
2022-10-07 15:55:00,1795,1795,1795,1795,0
2022-10-07 15:56:00,1795,1795,1795,1795,0
2022-10-07 15:57:00,1795,1795,1795,1795,0
2022-10-07 15:58:00,1795,1795,1795,1795,0
2022-10-07 15:59:00,1795,1795,1795,1795,0
2022-10-17 09:00:00,1780,1780,1780,1780,0
2022-10-17 09:01:00,1780,1780,1780,1780,0
2022-10-17 09:02:00,1780,1780,1780,1780,0
2022-10-17 09:03:00,1780,1780,1780,1780,0
2022-10-17 09:04:00,1780,1780,1780,1780,0
2022-10-17 09:05:00,1780,1780,1780,1780,0
2022-10-17 09:06:00,1780,1780,1780,1780,0
2022-10-17 09:07:00,1780,1780,1780,1780,0
2022-10-17 09:08:00,1780,1780,1780,1780,0
2022-10-17 09:09:00,1780,1780,1780,1780,0
2022-10-17 09:10:00,1780,1780,1780,1780,0
2022-10-17 09:11:00,1780,1780,1780,1780,0
2022-10-17 09:12:00,1780,1780,1780,1780,0
2022-10-17 09:13:00,1780,1780,1780,1780,0
2022-10-17 09:14:00,1780,1780,1780,1780,0
2022-10-17 09:15:00,1780,1780,1780,1780,0
2022-10-17 09:16:00,1780,1780,1780,1780,0
2022-10-17 09:17:00,1780,1780,1780,1780,0
2022-10-17 09:18:00,1780,1780,1780,1780,0
2022-10-17 09:19:00,1780,1780,1780,1780,0
2022-10-17 09:20:00,1780,1780,1780,1780,0
2022-10-17 09:21:00,1780,1780,1780,1780,0
2022-10-17 09:22:00,1780,1780,1780,1780,0
2022-10-17 09:23:00,1780,1780,1780,1780,0
2022-10-17 09:24:00,1780,1780,1780,1780,0
2022-10-17 09:25:00,1780,1780,1780,1780,0
2022-10-17 09:26:00,1780,1780,1780,1780,0
2022-10-17 09:27:00,1780,1780,1780,1780,0
2022-10-17 09:28:00,1780,1780,1780,1780,0
2022-10-17 09:29:00,1780,1780,1780,1780,0
2022-10-17 09:30:00,1780,1780,1780,1780,0
2022-10-17 09:31:00,1780,1780,1780,1780,0
2022-10-17 09:32:00,1780,1780,1780,1780,0
2022-10-17 09:33:00,1780,1780,1780,1780,0
2022-10-17 09:34:00,1780,1780,1780,1780,0
2022-10-17 09:35:00,1780,1780,1780,1780,0
2022-10-17 09:36:00,1780,1780,1780,1780,0
2022-10-17 09:37:00,1780,1780,1780,1780,0
2022-10-17 09:38:00,1780,1780,1780,1780,0
2022-10-17 09:39:00,1780,1780,1780,1780,0
2022-10-17 09:40:00,1780,1780,1780,1780,0
2022-10-17 09:41:00,1780,1780,1780,1780,0
2022-10-17 09:42:00,1780,1780,1780,1780,0
2022-10-17 09:43:00,1780,1780,1780,1780,0
2022-10-17 09:44:00,1780,1780,1780,1780,0
2022-10-17 09:45:00,1780,1780,1780,1780,0
2022-10-17 09:46:00,1780,1780,1780,1780,0
2022-10-17 09:47:00,1780,1780,1780,1780,0
2022-10-17 09:48:00,1780,1780,1780,1780,0
2022-10-17 09:49:00,1780,1780,1780,1780,0
2022-10-17 09:50:00,1780,1780,1780,1780,0
2022-10-17 09:51:00,1780,1780,1780,1780,0
2022-10-17 09:52:00,1780,1780,1780,1780,0
2022-10-17 09:53:00,1780,1780,1780,1780,0
2022-10-17 09:54:00,1780,1780,1780,1780,0
2022-10-17 09:55:00,1780,1780,1780,1780,0
2022-10-17 09:56:00,1780,1780,1780,1780,0
2022-10-17 09:57:00,1780,1780,1780,1780,0
2022-10-17 09:58:00,1780,1780,1780,1780,0
2022-10-17 09:59:00,1780,1780,1780,1780,0
2022-10-17 10:00:00,1780,1780,1780,1780,0
2022-10-17 10:01:00,1780,1780,1780,1780,0
2022-10-17 10:02:00,1780,1780,1780,1780,0
2022-10-17 10:03:00,1780,1780,1780,1780,0
2022-10-17 10:04:00,1780,1780,1780,1780,0
2022-10-17 10:05:00,1780,1780,1780,1780,0
2022-10-17 10:06:00,1780,1780,1780,1780,0
2022-10-17 10:07:00,1780,1780,1780,1780,0
2022-10-17 10:08:00,1780,1780,1780,1780,0
2022-10-17 10:09:00,1780,1780,1780,1780,0
2022-10-17 10:10:00,1780,1780,1780,1780,0
2022-10-17 10:11:00,1780,1780,1780,1780,0
2022-10-17 10:12:00,1780,1780,1780,1780,0
2022-10-17 10:13:00,1780,1780,1780,1780,0
2022-10-17 10:14:00,1780,1780,1780,1780,0
2022-10-17 10:15:00,1780,1780,1780,1780,0
2022-10-17 10:16:00,1780,1780,1780,1780,0
2022-10-17 10:17:00,1780,1780,1780,1780,0
2022-10-17 10:18:00,1780,1780,1780,1780,0
2022-10-17 10:19:00,1780,1780,1780,1780,0
2022-10-17 10:20:00,1780,1780,1780,1780,0
2022-10-17 10:21:00,1780,1780,1780,1780,0
2022-10-17 10:22:00,1780,1780,1780,1780,0
2022-10-17 10:23:00,1780,1780,1780,1780,0
2022-10-17 10:24:00,1780,1780,1780,1780,0
2022-10-17 10:25:00,1780,1780,1780,1780,0
2022-10-17 10:26:00,1780,1780,1780,1780,0
2022-10-17 10:27:00,1780,1780,1780,1780,0
2022-10-17 10:28:00,1780,1780,1780,1780,0
2022-10-17 10:29:00,1780,1780,1780,1780,0
2022-10-17 10:30:00,1780,1780,1780,1780,0
2022-10-17 10:31:00,1780,1780,1780,1780,0
2022-10-17 10:32:00,1780,1780,1780,1780,0
2022-10-17 10:33:00,1780,1780,1780,1780,0
2022-10-17 10:34:00,1780,1780,1780,1780,0
2022-10-17 10:35:00,1780,1780,1780,1780,0
2022-10-17 10:36:00,1780,1780,1780,1780,0
2022-10-17 10:37:00,1780,1780,1780,1780,0
2022-10-17 10:38:00,1780,1780,1780,1780,0
2022-10-17 10:39:00,1780,1780,1780,1780,0
2022-10-17 10:40:00,1780,1780,1780,1780,0
2022-10-17 10:41:00,1780,1780,1780,1780,0
2022-10-17 10:42:00,1780,1780,1780,1780,0
2022-10-17 10:43:00,1780,1780,1780,1780,0
2022-10-17 10:44:00,1780,1780,1780,1780,0
2022-10-17 10:45:00,1780,1780,1780,1780,0
2022-10-17 10:46:00,1780,1780,1780,1780,0
2022-10-17 10:47:00,1780,1780,1780,1780,0
2022-10-17 10:48:00,1780,1780,1780,1780,0
2022-10-17 10:49:00,1780,1780,1780,1780,0
2022-10-17 10:50:00,1780,1780,1780,1780,0
2022-10-17 10:51:00,1780,1780,1780,1780,0
2022-10-17 10:52:00,1780,1780,1780,1780,0
2022-10-17 10:53:00,1780,1780,1780,1780,0
2022-10-17 10:54:00,1780,1780,1780,1780,0
2022-10-17 10:55:00,1780,1780,1780,1780,0
2022-10-17 10:56:00,1780,1780,1780,1780,0
2022-10-17 10:57:00,1780,1780,1780,1780,0
2022-10-17 10:58:00,1780,1780,1780,1780,0
2022-10-17 10:59:00,1780,1780,1780,1780,0
2022-10-17 11:00:00,1780,1780,1780,1780,0
2022-10-17 11:01:00,1780,1780,1780,1780,0
2022-10-17 11:02:00,1780,1780,1780,1780,0
2022-10-17 11:03:00,1780,1780,1780,1780,0
2022-10-17 11:04:00,1780,1780,1780,1780,0
2022-10-17 11:05:00,1780,1780,1780,1780,0
2022-10-17 11:06:00,1780,1780,1780,1780,0
2022-10-17 11:07:00,1780,1780,1780,1780,0
2022-10-17 11:08:00,1780,1780,1780,1780,0
2022-10-17 11:09:00,1780,1780,1780,1780,0
2022-10-17 11:10:00,1780,1780,1780,1780,0
2022-10-17 11:11:00,1780,1780,1780,1780,0
2022-10-17 11:12:00,1780,1780,1780,1780,0
2022-10-17 11:13:00,1780,1780,1780,1780,0
2022-10-17 11:14:00,1780,1780,1780,1780,0
2022-10-17 11:15:00,1780,1780,1780,1780,0
2022-10-17 11:16:00,1780,1780,1780,1780,0
2022-10-17 11:17:00,1780,1780,1780,1780,0
2022-10-17 11:18:00,1780,1780,1780,1780,0
2022-10-17 11:19:00,1780,1780,1780,1780,0
2022-10-17 11:20:00,1780,1780,1780,1780,0
2022-10-17 11:21:00,1780,1780,1780,1780,0
2022-10-17 11:22:00,1780,1780,1780,1780,0
2022-10-17 11:23:00,1780,1780,1780,1780,0
2022-10-17 11:24:00,1780,1780,1780,1780,0
2022-10-17 11:25:00,1780,1780,1780,1780,0
2022-10-17 11:26:00,1780,1780,1780,1780,0
2022-10-17 11:27:00,1780,1780,1780,1780,0
2022-10-17 11:28:00,1780,1780,1780,1780,0
2022-10-17 11:29:00,1780,1780,1780,1780,0
2022-10-17 11:30:00,1780,1780,1780,1780,0
2022-10-17 11:31:00,1780,1780,1780,1780,0
2022-10-17 11:32:00,1780,1780,1780,1780,0
2022-10-17 11:33:00,1780,1780,1780,1780,0
2022-10-17 11:34:00,1780,1780,1780,1780,0
2022-10-17 11:35:00,1780,1780,1780,1780,0
2022-10-17 11:36:00,1780,1780,1780,1780,0
2022-10-17 11:37:00,1780,1780,1780,1780,0
2022-10-17 11:38:00,1780,1780,1780,1780,0
2022-10-17 11:39:00,1780,1780,1780,1780,0
2022-10-17 11:40:00,1780,1780,1780,1780,0
2022-10-17 11:41:00,1780,1780,1780,1780,0
2022-10-17 11:42:00,1780,1780,1780,1780,0
2022-10-17 11:43:00,1780,1780,1780,1780,0
2022-10-17 11:44:00,1780,1780,1780,1780,0
2022-10-17 11:45:00,1780,1780,1780,1780,0
2022-10-17 11:46:00,1780,1780,1780,1780,0
2022-10-17 11:47:00,1780,1780,1780,1780,0
2022-10-17 11:48:00,1780,1780,1780,1780,0
2022-10-17 11:49:00,1780,1780,1780,1780,0
2022-10-17 11:50:00,1780,1780,1780,1780,0
2022-10-17 11:51:00,1780,1780,1780,1780,0
2022-10-17 11:52:00,1780,1780,1780,1780,0
2022-10-17 11:53:00,1780,1780,1780,1780,0
2022-10-17 11:54:00,1780,1780,1780,1780,0
2022-10-17 11:55:00,1780,1780,1780,1780,0
2022-10-17 11:56:00,1780,1780,1780,1780,0
2022-10-17 11:57:00,1780,1780,1780,1780,0
2022-10-17 11:58:00,1780,1780,1780,1780,0
2022-10-17 11:59:00,1780,1780,1780,1780,0
2022-10-17 12:00:00,1780,1780,1780,1780,0
2022-10-17 12:01:00,1780,1780,1780,1780,0
2022-10-17 12:02:00,1780,1780,1780,1780,0
2022-10-17 12:03:00,1780,1780,1780,1780,0
2022-10-17 12:04:00,1780,1780,1780,1780,0
2022-10-17 12:05:00,1780,1780,1780,1780,0
2022-10-17 12:06:00,1780,1780,1780,1780,0
2022-10-17 12:07:00,1780,1780,1780,1780,0
2022-10-17 12:08:00,1780,1780,1780,1780,0
2022-10-17 12:09:00,1780,1780,1780,1780,0
2022-10-17 12:10:00,1780,1780,1780,1780,0
2022-10-17 12:11:00,1780,1780,1780,1780,0
2022-10-17 12:12:00,1780,1780,1780,1780,0
2022-10-17 12:13:00,1780,1780,1780,1780,0
2022-10-17 12:14:00,1780,1780,1780,1780,0
2022-10-17 12:15:00,1780,1780,1780,1780,0
2022-10-17 12:16:00,1780,1780,1780,1780,0
2022-10-17 12:17:00,1780,1780,1780,1780,0
2022-10-17 12:18:00,1780,1780,1780,1780,0
2022-10-17 12:19:00,1780,1780,1780,1780,0
2022-10-17 12:20:00,1780,1780,1780,1780,0
2022-10-17 12:21:00,1780,1780,1780,1780,0
2022-10-17 12:22:00,1780,1780,1780,1780,0
2022-10-17 12:23:00,1780,1780,1780,1780,0
2022-10-17 12:24:00,1780,1780,1780,1780,0
2022-10-17 12:25:00,1780,1780,1780,1780,0
2022-10-17 12:26:00,1780,1780,1780,1780,0
2022-10-17 12:27:00,1780,1780,1780,1780,0
2022-10-17 12:28:00,1780,1780,1780,1780,0
2022-10-17 12:29:00,1780,1780,1780,1780,0
2022-10-17 12:30:00,1780,1780,1780,1780,0
2022-10-17 12:31:00,1780,1780,1780,1780,0
2022-10-17 12:32:00,1780,1780,1780,1780,0
2022-10-17 12:33:00,1780,1780,1780,1780,0
2022-10-17 12:34:00,1780,1780,1780,1780,0
2022-10-17 12:35:00,1780,1780,1780,1780,0
2022-10-17 12:36:00,1780,1780,1780,1780,0
2022-10-17 12:37:00,1780,1780,1780,1780,0
2022-10-17 12:38:00,1780,1780,1780,1780,0
2022-10-17 12:39:00,1780,1780,1780,1780,0
2022-10-17 12:40:00,1780,1780,1780,1780,0
2022-10-17 12:41:00,1780,1780,1780,1780,0
2022-10-17 12:42:00,1780,1780,1780,1780,0
2022-10-17 12:43:00,1780,1780,1780,1780,0
2022-10-17 12:44:00,1780,1780,1780,1780,0
2022-10-17 12:45:00,1780,1780,1780,1780,0
2022-10-17 12:46:00,1780,1780,1780,1780,0
2022-10-17 12:47:00,1780,1780,1780,1780,0
2022-10-17 12:48:00,1780,1780,1780,1780,0
2022-10-17 12:49:00,1780,1780,1780,1780,0
2022-10-17 12:50:00,1780,1780,1780,1780,0
2022-10-17 12:51:00,1780,1780,1780,1780,0
2022-10-17 12:52:00,1780,1780,1780,1780,0
2022-10-17 12:53:00,1780,1780,1780,1780,0
2022-10-17 12:54:00,1780,1780,1780,1780,0
2022-10-17 12:55:00,1780,1780,1780,1780,0
2022-10-17 12:56:00,1780,1780,1780,1780,0
2022-10-17 12:57:00,1780,1780,1780,1780,0
2022-10-17 12:58:00,1780,1780,1780,1780,0
2022-10-17 12:59:00,1780,1780,1780,1780,0
2022-10-17 13:00:00,1780,1780,1780,1780,0
2022-10-17 13:01:00,1780,1780,1780,1780,0
2022-10-17 13:02:00,1780,1780,1780,1780,0
2022-10-17 13:03:00,1780,1780,1780,1780,0
2022-10-17 13:04:00,1780,1780,1780,1780,0
2022-10-17 13:05:00,1780,1780,1780,1780,0
2022-10-17 13:06:00,1780,1780,1780,1780,0
2022-10-17 13:07:00,1780,1780,1780,1780,0
2022-10-17 13:08:00,1780,1780,1780,1780,0
2022-10-17 13:09:00,1780,1780,1780,1780,0
2022-10-17 13:10:00,1780,1780,1780,1780,0
2022-10-17 13:11:00,1780,1780,1780,1780,0
2022-10-17 13:12:00,1780,1780,1780,1780,0
2022-10-17 13:13:00,1780,1780,1780,1780,0
2022-10-17 13:14:00,1780,1780,1780,1780,0
2022-10-17 13:15:00,1780,1780,1780,1780,0
2022-10-17 13:16:00,1780,1780,1780,1780,0
2022-10-17 13:17:00,1780,1780,1780,1780,0
2022-10-17 13:18:00,1780,1780,1780,1780,0
2022-10-17 13:19:00,1780,1780,1780,1780,0
2022-10-17 13:20:00,1780,1780,1780,1780,0
2022-10-17 13:21:00,1780,1780,1780,1780,0
2022-10-17 13:22:00,1780,1780,1780,1780,0
2022-10-17 13:23:00,1780,1780,1780,1780,0
2022-10-17 13:24:00,1780,1780,1780,1780,0
2022-10-17 13:25:00,1780,1780,1780,1780,0
2022-10-17 13:26:00,1780,1780,1780,1780,0
2022-10-17 13:27:00,1780,1780,1780,1780,0
2022-10-17 13:28:00,1780,1780,1780,1780,0
2022-10-17 13:29:00,1780,1780,1780,1780,0
2022-10-17 13:30:00,1780,1780,1780,1780,0
2022-10-17 13:31:00,1780,1780,1780,1780,0
2022-10-17 13:32:00,1780,1780,1780,1780,0
2022-10-17 13:33:00,1780,1780,1780,1780,0
2022-10-17 13:34:00,1780,1780,1780,1780,0
2022-10-17 13:35:00,1780,1780,1780,1780,0
2022-10-17 13:36:00,1780,1780,1780,1780,0
2022-10-17 13:37:00,1780,1780,1780,1780,0
2022-10-17 13:38:00,1780,1780,1780,1780,0
2022-10-17 13:39:00,1780,1780,1780,1780,0
2022-10-17 13:40:00,1780,1780,1780,1780,0
2022-10-17 13:41:00,1780,1780,1780,1780,0
2022-10-17 13:42:00,1780,1780,1780,1780,0
2022-10-17 13:43:00,1780,1780,1780,1780,0
2022-10-17 13:44:00,1780,1780,1780,1780,0
2022-10-17 13:45:00,1780,1780,1780,1780,0
2022-10-17 13:46:00,1780,1780,1780,1780,0
2022-10-17 13:47:00,1780,1780,1780,1780,0
2022-10-17 13:48:00,1780,1780,1780,1780,0
2022-10-17 13:49:00,1780,1780,1780,1780,0
2022-10-17 13:50:00,1780,1780,1780,1780,0
2022-10-17 13:51:00,1780,1780,1780,1780,0
2022-10-17 13:52:00,1780,1780,1780,1780,0
2022-10-17 13:53:00,1780,1780,1780,1780,0
2022-10-17 13:54:00,1780,1780,1780,1780,0
2022-10-17 13:55:00,1780,1780,1780,1780,0
2022-10-17 13:56:00,1780,1780,1780,1780,0
2022-10-17 13:57:00,1780,1780,1780,1780,0
2022-10-17 13:58:00,1780,1780,1780,1780,0
2022-10-17 13:59:00,1780,1780,1780,1780,0
2022-10-17 14:00:00,1780,1780,1780,1780,0
2022-10-17 14:01:00,1780,1780,1780,1780,0
2022-10-17 14:02:00,1780,1780,1780,1780,0
2022-10-17 14:03:00,1780,1780,1780,1780,0
2022-10-17 14:04:00,1780,1780,1780,1780,0
2022-10-17 14:05:00,1780,1780,1780,1780,0
2022-10-17 14:06:00,1780,1780,1780,1780,0
2022-10-17 14:07:00,1780,1780,1780,1780,0
2022-10-17 14:08:00,1780,1780,1780,1780,0
2022-10-17 14:09:00,1780,1780,1780,1780,0
2022-10-17 14:10:00,1780,1780,1780,1780,0
2022-10-17 14:11:00,1780,1780,1780,1780,0
2022-10-17 14:12:00,1780,1780,1780,1780,0
2022-10-17 14:13:00,1780,1780,1780,1780,0
2022-10-17 14:14:00,1780,1780,1780,1780,0
2022-10-17 14:15:00,1780,1780,1780,1780,0
2022-10-17 14:16:00,1780,1780,1780,1780,0
2022-10-17 14:17:00,1780,1780,1780,1780,0
2022-10-17 14:18:00,1780,1780,1780,1780,0
2022-10-17 14:19:00,1780,1780,1780,1780,0
2022-10-17 14:20:00,1780,1780,1780,1780,0
2022-10-17 14:21:00,1780,1780,1780,1780,0
2022-10-17 14:22:00,1780,1780,1780,1780,0
2022-10-17 14:23:00,1780,1780,1780,1780,0
2022-10-17 14:24:00,1780,1780,1780,1780,0
2022-10-17 14:25:00,1780,1780,1780,1780,0
2022-10-17 14:26:00,1780,1780,1780,1780,0
2022-10-17 14:27:00,1780,1780,1780,1780,0
2022-10-17 14:28:00,1780,1780,1780,1780,0
2022-10-17 14:29:00,1780,1780,1780,1780,0
2022-10-17 14:30:00,1780,1780,1780,1780,0
2022-10-17 14:31:00,1780,1780,1780,1780,0
2022-10-17 14:32:00,1780,1780,1780,1780,0
2022-10-17 14:33:00,1780,1780,1780,1780,0
2022-10-17 14:34:00,1780,1780,1780,1780,0
2022-10-17 14:35:00,1780,1780,1780,1780,0
2022-10-17 14:36:00,1780,1780,1780,1780,0
2022-10-17 14:37:00,1780,1780,1780,1780,0
2022-10-17 14:38:00,1780,1780,1780,1780,0
2022-10-17 14:39:00,1780,1780,1780,1780,0
2022-10-17 14:40:00,1780,1780,1780,1780,0
2022-10-17 14:41:00,1780,1780,1780,1780,0
2022-10-17 14:42:00,1780,1780,1780,1780,0
2022-10-17 14:43:00,1780,1780,1780,1780,0
2022-10-17 14:44:00,1780,1780,1780,1780,0
2022-10-17 14:45:00,1780,1780,1780,1780,0
2022-10-17 14:46:00,1780,1780,1780,1780,0
2022-10-17 14:47:00,1780,1780,1780,1780,0
2022-10-17 14:48:00,1780,1780,1780,1780,0
2022-10-17 14:49:00,1780,1780,1780,1780,0
2022-10-17 14:50:00,1780,1780,1780,1780,0
2022-10-17 14:51:00,1780,1780,1780,1780,0
2022-10-17 14:52:00,1780,1780,1780,1780,0
2022-10-17 14:53:00,1780,1780,1780,1780,0
2022-10-17 14:54:00,1780,1780,1780,1780,0
2022-10-17 14:55:00,1780,1780,1780,1780,0
2022-10-17 14:56:00,1780,1780,1780,1780,0
2022-10-17 14:57:00,1780,1780,1780,1780,0
2022-10-17 14:58:00,1780,1780,1780,1780,0
2022-10-17 14:59:00,1780,1780,1780,1780,0
2022-10-17 15:00:00,1780,1780,1780,1780,0
2022-10-17 15:01:00,1780,1780,1780,1780,0
2022-10-17 15:02:00,1780,1780,1780,1780,0
2022-10-17 15:03:00,1780,1780,1780,1780,0
2022-10-17 15:04:00,1780,1780,1780,1780,0
2022-10-17 15:05:00,1780,1780,1780,1780,0
2022-10-17 15:06:00,1780,1780,1780,1780,0
2022-10-17 15:07:00,1780,1780,1780,1780,0
2022-10-17 15:08:00,1780,1780,1780,1780,0
2022-10-17 15:09:00,1780,1780,1780,1780,0
2022-10-17 15:10:00,1780,1780,1780,1780,0
2022-10-17 15:11:00,1780,1780,1780,1780,0
2022-10-17 15:12:00,1780,1780,1780,1780,0
2022-10-17 15:13:00,1780,1780,1780,1780,0
2022-10-17 15:14:00,1780,1780,1780,1780,0
2022-10-17 15:15:00,1780,1780,1780,1780,0
2022-10-17 15:16:00,1780,1780,1780,1780,0
2022-10-17 15:17:00,1780,1780,1780,1780,0
2022-10-17 15:18:00,1780,1780,1780,1780,0
2022-10-17 15:19:00,1780,1780,1780,1780,0
2022-10-17 15:20:00,1780,1780,1780,1780,0
2022-10-17 15:21:00,1780,1780,1780,1780,0
2022-10-17 15:22:00,1780,1780,1780,1780,0
2022-10-17 15:23:00,1780,1780,1780,1780,0
2022-10-17 15:24:00,1780,1780,1780,1780,0
2022-10-17 15:25:00,1780,1780,1780,1780,0
2022-10-17 15:26:00,1780,1780,1780,1780,0
2022-10-17 15:27:00,1780,1780,1780,1780,0
2022-10-17 15:28:00,1780,1780,1780,1780,0
2022-10-17 15:29:00,1780,1780,1780,1780,0
2022-10-17 15:30:00,1780,1780,1780,1780,0
2022-10-17 15:31:00,1780,1780,1780,1780,0
2022-10-17 15:32:00,1780,1780,1780,1780,0
2022-10-17 15:33:00,1780,1780,1780,1780,0
2022-10-17 15:34:00,1780,1780,1780,1780,0
2022-10-17 15:35:00,1780,1780,1780,1780,0
2022-10-17 15:36:00,1780,1780,1780,1780,0
2022-10-17 15:37:00,1780,1780,1780,1780,0
2022-10-17 15:38:00,1780,1780,1780,1780,0
2022-10-17 15:39:00,1780,1780,1780,1780,0
2022-10-17 15:40:00,1780,1780,1780,1780,0
2022-10-17 15:41:00,1780,1780,1780,1780,0
2022-10-17 15:42:00,1780,1780,1780,1780,0
2022-10-17 15:43:00,1780,1780,1780,1780,0
2022-10-17 15:44:00,1780,1780,1780,1780,0
2022-10-17 15:45:00,1780,1780,1780,1780,0
2022-10-17 15:46:00,1780,1780,1780,1780,0
2022-10-17 15:47:00,1780,1780,1780,1780,0
2022-10-17 15:48:00,1780,1780,1780,1780,0
2022-10-17 15:49:00,1780,1780,1780,1780,0
2022-10-17 15:50:00,1780,1780,1780,1780,0
2022-10-17 15:51:00,1780,1780,1780,1780,0
2022-10-17 15:52:00,1780,1780,1780,1780,0
2022-10-17 15:53:00,1780,1780,1780,1780,0
2022-10-17 15:54:00,1780,1780,1780,1780,0
2022-10-17 15:55:00,1780,1780,1780,1780,0
2022-10-17 15:56:00,1780,1780,1780,1780,0
2022-10-17 15:57:00,1780,1780,1780,1780,0
2022-10-17 15:58:00,1780,1780,1780,1780,0
2022-10-17 15:59:00,1780,1780,1780,1780,0
2022-10-18 09:00:00,1780,1780,1780,1780,0
2022-10-18 09:01:00,1780,1780,1780,1780,0
2022-10-18 09:02:00,1780,1780,1780,1780,0
2022-10-18 09:03:00,1780,1780,1780,1780,0
2022-10-18 09:04:00,1780,1780,1780,1780,0
2022-10-18 09:05:00,1780,1780,1780,1780,0
2022-10-18 09:06:00,1780,1780,1780,1780,0
2022-10-18 09:07:00,1780,1780,1780,1780,0
2022-10-18 09:08:00,1780,1780,1780,1780,0
2022-10-18 09:09:00,1780,1780,1780,1780,0
2022-10-18 09:10:00,1780,1780,1780,1780,0
2022-10-18 09:11:00,1780,1780,1780,1780,0
2022-10-18 09:12:00,1780,1780,1780,1780,0
2022-10-18 09:13:00,1780,1780,1780,1780,0
2022-10-18 09:14:00,1780,1780,1780,1780,0
2022-10-18 09:15:00,1780,1780,1780,1780,0
2022-10-18 09:16:00,1780,1780,1780,1780,0
2022-10-18 09:17:00,1780,1780,1780,1780,0
2022-10-18 09:18:00,1780,1780,1780,1780,0
2022-10-18 09:19:00,1780,1780,1780,1780,0
2022-10-18 09:20:00,1780,1780,1780,1780,0
2022-10-18 09:21:00,1780,1780,1780,1780,0
2022-10-18 09:22:00,1780,1780,1780,1780,0
2022-10-18 09:23:00,1780,1780,1780,1780,0
2022-10-18 09:24:00,1780,1780,1780,1780,0
2022-10-18 09:25:00,1780,1780,1780,1780,0
2022-10-18 09:26:00,1780,1780,1780,1780,0
2022-10-18 09:27:00,1780,1780,1780,1780,0
2022-10-18 09:28:00,1780,1780,1780,1780,0
2022-10-18 09:29:00,1780,1780,1780,1780,0
2022-10-18 09:30:00,1780,1780,1780,1780,0
2022-10-18 09:31:00,1780,1780,1780,1780,0
2022-10-18 09:32:00,1780,1780,1780,1780,0
2022-10-18 09:33:00,1780,1780,1780,1780,0
2022-10-18 09:34:00,1780,1780,1780,1780,0
2022-10-18 09:35:00,1780,1780,1780,1780,0
2022-10-18 09:36:00,1780,1780,1780,1780,0
2022-10-18 09:37:00,1780,1780,1780,1780,0
2022-10-18 09:38:00,1780,1780,1780,1780,0
2022-10-18 09:39:00,1780,1780,1780,1780,0
2022-10-18 09:40:00,1780,1780,1780,1780,0
2022-10-18 09:41:00,1780,1780,1780,1780,0
2022-10-18 09:42:00,1780,1780,1780,1780,0
2022-10-18 09:43:00,1780,1780,1780,1780,0
2022-10-18 09:44:00,1780,1780,1780,1780,0
2022-10-18 09:45:00,1780,1780,1780,1780,0
2022-10-18 09:46:00,1780,1780,1780,1780,0
2022-10-18 09:47:00,1780,1780,1780,1780,0
2022-10-18 09:48:00,1780,1780,1780,1780,0
2022-10-18 09:49:00,1780,1780,1780,1780,0
2022-10-18 09:50:00,1780,1780,1780,1780,0
2022-10-18 09:51:00,1780,1780,1780,1780,0
2022-10-18 09:52:00,1780,1780,1780,1780,0
2022-10-18 09:53:00,1780,1780,1780,1780,0
2022-10-18 09:54:00,1780,1780,1780,1780,0
2022-10-18 09:55:00,1780,1780,1780,1780,0
2022-10-18 09:56:00,1780,1780,1780,1780,0
2022-10-18 09:57:00,1780,1780,1780,1780,0
2022-10-18 09:58:00,1780,1780,1780,1780,0
2022-10-18 09:59:00,1780,1780,1780,1780,0
2022-10-18 10:00:00,1780,1780,1780,1780,0
2022-10-18 10:01:00,1780,1780,1780,1780,0
2022-10-18 10:02:00,1780,1780,1780,1780,0
2022-10-18 10:03:00,1780,1780,1780,1780,0
2022-10-18 10:04:00,1780,1780,1780,1780,0
2022-10-18 10:05:00,1780,1780,1780,1780,0
2022-10-18 10:06:00,1780,1780,1780,1780,0
2022-10-18 10:07:00,1780,1780,1780,1780,0
2022-10-18 10:08:00,1780,1780,1780,1780,0
2022-10-18 10:09:00,1780,1780,1780,1780,0
2022-10-18 10:10:00,1780,1780,1780,1780,0
2022-10-18 10:11:00,1780,1780,1780,1780,0
2022-10-18 10:12:00,1780,1780,1780,1780,0
2022-10-18 10:13:00,1780,1780,1780,1780,0
2022-10-18 10:14:00,1780,1780,1780,1780,0
2022-10-18 10:15:00,1780,1780,1780,1780,0
2022-10-18 10:16:00,1780,1780,1780,1780,0
2022-10-18 10:17:00,1780,1780,1780,1780,0
2022-10-18 10:18:00,1780,1780,1780,1780,0
2022-10-18 10:19:00,1780,1780,1780,1780,0
2022-10-18 10:20:00,1780,1780,1780,1780,0
2022-10-18 10:21:00,1780,1780,1780,1780,0
2022-10-18 10:22:00,1780,1780,1780,1780,0
2022-10-18 10:23:00,1780,1780,1780,1780,0
2022-10-18 10:24:00,1780,1780,1780,1780,0
2022-10-18 10:25:00,1780,1780,1780,1780,0
2022-10-18 10:26:00,1780,1780,1780,1780,0
2022-10-18 10:27:00,1780,1780,1780,1780,0
2022-10-18 10:28:00,1780,1780,1780,1780,0
2022-10-18 10:29:00,1780,1780,1780,1780,0
2022-10-18 10:30:00,1780,1780,1780,1780,0
2022-10-18 10:31:00,1780,1780,1780,1780,0
2022-10-18 10:32:00,1780,1780,1780,1780,0
2022-10-18 10:33:00,1780,1780,1780,1780,0
2022-10-18 10:34:00,1780,1780,1780,1780,0
2022-10-18 10:35:00,1780,1780,1780,1780,0
2022-10-18 10:36:00,1780,1780,1780,1780,0
2022-10-18 10:37:00,1780,1780,1780,1780,0
2022-10-18 10:38:00,1780,1780,1780,1780,0
2022-10-18 10:39:00,1780,1780,1780,1780,0
2022-10-18 10:40:00,1780,1780,1780,1780,0
2022-10-18 10:41:00,1780,1780,1780,1780,0
2022-10-18 10:42:00,1780,1780,1780,1780,0
2022-10-18 10:43:00,1780,1780,1780,1780,0
2022-10-18 10:44:00,1780,1780,1780,1780,0
2022-10-18 10:45:00,1780,1780,1780,1780,0
2022-10-18 10:46:00,1780,1780,1780,1780,0
2022-10-18 10:47:00,1780,1780,1780,1780,0
2022-10-18 10:48:00,1780,1780,1780,1780,0
2022-10-18 10:49:00,1780,1780,1780,1780,0
2022-10-18 10:50:00,1780,1780,1780,1780,0
2022-10-18 10:51:00,1780,1780,1780,1780,0
2022-10-18 10:52:00,1780,1780,1780,1780,0
2022-10-18 10:53:00,1780,1780,1780,1780,0
2022-10-18 10:54:00,1780,1780,1780,1780,0
2022-10-18 10:55:00,1780,1780,1780,1780,0
2022-10-18 10:56:00,1780,1780,1780,1780,0
2022-10-18 10:57:00,1780,1780,1780,1780,0
2022-10-18 10:58:00,1780,1780,1780,1780,0
2022-10-18 10:59:00,1780,1780,1780,1780,0
2022-10-18 11:00:00,1780,1780,1780,1780,0
2022-10-18 11:01:00,1780,1780,1780,1780,0
2022-10-18 11:02:00,1780,1780,1780,1780,0
2022-10-18 11:03:00,1780,1780,1780,1780,0
2022-10-18 11:04:00,1780,1780,1780,1780,0
2022-10-18 11:05:00,1780,1780,1780,1780,0
2022-10-18 11:06:00,1780,1780,1780,1780,0
2022-10-18 11:07:00,1780,1780,1780,1780,0
2022-10-18 11:08:00,1780,1780,1780,1780,0
2022-10-18 11:09:00,1780,1780,1780,1780,0
2022-10-18 11:10:00,1780,1780,1780,1780,0
2022-10-18 11:11:00,1780,1780,1780,1780,0
2022-10-18 11:12:00,1780,1780,1780,1780,0
2022-10-18 11:13:00,1780,1780,1780,1780,0
2022-10-18 11:14:00,1780,1780,1780,1780,0
2022-10-18 11:15:00,1780,1780,1780,1780,0
2022-10-18 11:16:00,1780,1780,1780,1780,0
2022-10-18 11:17:00,1780,1780,1780,1780,0
2022-10-18 11:18:00,1780,1780,1780,1780,0
2022-10-18 11:19:00,1780,1780,1780,1780,0
2022-10-18 11:20:00,1780,1780,1780,1780,0
2022-10-18 11:21:00,1780,1780,1780,1780,0
2022-10-18 11:22:00,1780,1780,1780,1780,0
2022-10-18 11:23:00,1780,1780,1780,1780,0
2022-10-18 11:24:00,1780,1780,1780,1780,0
2022-10-18 11:25:00,1780,1780,1780,1780,0
2022-10-18 11:26:00,1780,1780,1780,1780,0
2022-10-18 11:27:00,1780,1780,1780,1780,0
2022-10-18 11:28:00,1780,1780,1780,1780,0
2022-10-18 11:29:00,1780,1780,1780,1780,0
2022-10-18 11:30:00,1780,1780,1780,1780,0
2022-10-18 11:31:00,1780,1780,1780,1780,0
2022-10-18 11:32:00,1780,1780,1780,1780,0
2022-10-18 11:33:00,1780,1780,1780,1780,0
2022-10-18 11:34:00,1780,1780,1780,1780,0
2022-10-18 11:35:00,1780,1780,1780,1780,0
2022-10-18 11:36:00,1780,1780,1780,1780,0
2022-10-18 11:37:00,1780,1780,1780,1780,0
2022-10-18 11:38:00,1780,1780,1780,1780,0
2022-10-18 11:39:00,1780,1780,1780,1780,0
2022-10-18 11:40:00,1780,1780,1780,1780,0
2022-10-18 11:41:00,1780,1780,1780,1780,0
2022-10-18 11:42:00,1780,1780,1780,1780,0
2022-10-18 11:43:00,1780,1780,1780,1780,0
2022-10-18 11:44:00,1780,1780,1780,1780,0
2022-10-18 11:45:00,1780,1780,1780,1780,0
2022-10-18 11:46:00,1780,1780,1780,1780,0
2022-10-18 11:47:00,1780,1780,1780,1780,0
2022-10-18 11:48:00,1780,1780,1780,1780,0
2022-10-18 11:49:00,1780,1780,1780,1780,0
2022-10-18 11:50:00,1780,1780,1780,1780,0
2022-10-18 11:51:00,1780,1780,1780,1780,0
2022-10-18 11:52:00,1780,1780,1780,1780,0
2022-10-18 11:53:00,1780,1780,1780,1780,0
2022-10-18 11:54:00,1780,1780,1780,1780,0
2022-10-18 11:55:00,1780,1780,1780,1780,0
2022-10-18 11:56:00,1780,1780,1780,1780,0
2022-10-18 11:57:00,1780,1780,1780,1780,0
2022-10-18 11:58:00,1780,1780,1780,1780,0
2022-10-18 11:59:00,1780,1780,1780,1780,0
2022-10-18 12:00:00,1780,1780,1780,1780,0
2022-10-18 12:01:00,1780,1780,1780,1780,0
2022-10-18 12:02:00,1780,1780,1780,1780,0
2022-10-18 12:03:00,1780,1780,1780,1780,0
2022-10-18 12:04:00,1780,1780,1780,1780,0
2022-10-18 12:05:00,1780,1780,1780,1780,0
2022-10-18 12:06:00,1780,1780,1780,1780,0
2022-10-18 12:07:00,1780,1780,1780,1780,0
2022-10-18 12:08:00,1780,1780,1780,1780,0
2022-10-18 12:09:00,1780,1780,1780,1780,0
2022-10-18 12:10:00,1780,1780,1780,1780,0
2022-10-18 12:11:00,1780,1780,1780,1780,0
2022-10-18 12:12:00,1780,1780,1780,1780,0
2022-10-18 12:13:00,1780,1780,1780,1780,0
2022-10-18 12:14:00,1780,1780,1780,1780,0
2022-10-18 12:15:00,1780,1780,1780,1780,0
2022-10-18 12:16:00,1780,1780,1780,1780,0
2022-10-18 12:17:00,1780,1780,1780,1780,0
2022-10-18 12:18:00,1780,1780,1780,1780,0
2022-10-18 12:19:00,1780,1780,1780,1780,0
2022-10-18 12:20:00,1780,1780,1780,1780,0
2022-10-18 12:21:00,1780,1780,1780,1780,0
2022-10-18 12:22:00,1780,1780,1780,1780,0
2022-10-18 12:23:00,1780,1780,1780,1780,0
2022-10-18 12:24:00,1780,1780,1780,1780,0
2022-10-18 12:25:00,1780,1780,1780,1780,0
2022-10-18 12:26:00,1780,1780,1780,1780,0
2022-10-18 12:27:00,1780,1780,1780,1780,0
2022-10-18 12:28:00,1780,1780,1780,1780,0
2022-10-18 12:29:00,1780,1780,1780,1780,0
2022-10-18 12:30:00,1780,1780,1780,1780,0
2022-10-18 12:31:00,1780,1780,1780,1780,0
2022-10-18 12:32:00,1780,1780,1780,1780,0
2022-10-18 12:33:00,1780,1780,1780,1780,0
2022-10-18 12:34:00,1780,1780,1780,1780,0
2022-10-18 12:35:00,1780,1780,1780,1780,0
2022-10-18 12:36:00,1780,1780,1780,1780,0
2022-10-18 12:37:00,1780,1780,1780,1780,0
2022-10-18 12:38:00,1780,1780,1780,1780,0
2022-10-18 12:39:00,1780,1780,1780,1780,0
2022-10-18 12:40:00,1780,1780,1780,1780,0
2022-10-18 12:41:00,1780,1780,1780,1780,0
2022-10-18 12:42:00,1780,1780,1780,1780,0
2022-10-18 12:43:00,1780,1780,1780,1780,0
2022-10-18 12:44:00,1780,1780,1780,1780,0
2022-10-18 12:45:00,1780,1780,1780,1780,0
2022-10-18 12:46:00,1780,1780,1780,1780,0
2022-10-18 12:47:00,1780,1780,1780,1780,0
2022-10-18 12:48:00,1780,1780,1780,1780,0
2022-10-18 12:49:00,1780,1780,1780,1780,0
2022-10-18 12:50:00,1780,1780,1780,1780,0
2022-10-18 12:51:00,1780,1780,1780,1780,0
2022-10-18 12:52:00,1780,1780,1780,1780,0
2022-10-18 12:53:00,1780,1780,1780,1780,0
2022-10-18 12:54:00,1780,1780,1780,1780,0
2022-10-18 12:55:00,1780,1780,1780,1780,0
2022-10-18 12:56:00,1780,1780,1780,1780,0
2022-10-18 12:57:00,1780,1780,1780,1780,0
2022-10-18 12:58:00,1780,1780,1780,1780,0
2022-10-18 12:59:00,1780,1780,1780,1780,0
2022-10-18 13:00:00,1780,1780,1780,1780,0
2022-10-18 13:01:00,1780,1780,1780,1780,0
2022-10-18 13:02:00,1780,1780,1780,1780,0
2022-10-18 13:03:00,1780,1780,1780,1780,0
2022-10-18 13:04:00,1780,1780,1780,1780,0
2022-10-18 13:05:00,1780,1780,1780,1780,0
2022-10-18 13:06:00,1780,1780,1780,1780,0
2022-10-18 13:07:00,1780,1780,1780,1780,0
2022-10-18 13:08:00,1780,1780,1780,1780,0
2022-10-18 13:09:00,1780,1780,1780,1780,0
2022-10-18 13:10:00,1780,1780,1780,1780,0
2022-10-18 13:11:00,1780,1780,1780,1780,0
2022-10-18 13:12:00,1780,1780,1780,1780,0
2022-10-18 13:13:00,1780,1780,1780,1780,0
2022-10-18 13:14:00,1780,1780,1780,1780,0
2022-10-18 13:15:00,1780,1780,1780,1780,0
2022-10-18 13:16:00,1780,1780,1780,1780,0
2022-10-18 13:17:00,1780,1780,1780,1780,0
2022-10-18 13:18:00,1780,1780,1780,1780,0
2022-10-18 13:19:00,1780,1780,1780,1780,0
2022-10-18 13:20:00,1780,1780,1780,1780,0
2022-10-18 13:21:00,1780,1780,1780,1780,0
2022-10-18 13:22:00,1780,1780,1780,1780,0
2022-10-18 13:23:00,1780,1780,1780,1780,0
2022-10-18 13:24:00,1780,1780,1780,1780,0
2022-10-18 13:25:00,1780,1780,1780,1780,0
2022-10-18 13:26:00,1780,1780,1780,1780,0
2022-10-18 13:27:00,1780,1780,1780,1780,0
2022-10-18 13:28:00,1780,1780,1780,1780,0
2022-10-18 13:29:00,1780,1780,1780,1780,0
2022-10-18 13:30:00,1780,1780,1780,1780,0
2022-10-18 13:31:00,1780,1780,1780,1780,0
2022-10-18 13:32:00,1780,1780,1780,1780,0
2022-10-18 13:33:00,1780,1780,1780,1780,0
2022-10-18 13:34:00,1780,1780,1780,1780,0
2022-10-18 13:35:00,1780,1780,1780,1780,0
2022-10-18 13:36:00,1780,1780,1780,1780,0
2022-10-18 13:37:00,1780,1780,1780,1780,0
2022-10-18 13:38:00,1780,1780,1780,1780,0
2022-10-18 13:39:00,1780,1780,1780,1780,0
2022-10-18 13:40:00,1780,1780,1780,1780,0
2022-10-18 13:41:00,1780,1780,1780,1780,0
2022-10-18 13:42:00,1780,1780,1780,1780,0
2022-10-18 13:43:00,1780,1780,1780,1780,0
2022-10-18 13:44:00,1780,1780,1780,1780,0
2022-10-18 13:45:00,1780,1780,1780,1780,0
2022-10-18 13:46:00,1780,1780,1780,1780,0
2022-10-18 13:47:00,1780,1780,1780,1780,0
2022-10-18 13:48:00,1780,1780,1780,1780,0
2022-10-18 13:49:00,1780,1780,1780,1780,0
2022-10-18 13:50:00,1780,1780,1780,1780,0
2022-10-18 13:51:00,1780,1780,1780,1780,0
2022-10-18 13:52:00,1780,1780,1780,1780,0
2022-10-18 13:53:00,1780,1780,1780,1780,0
2022-10-18 13:54:00,1780,1780,1780,1780,0
2022-10-18 13:55:00,1780,1780,1780,1780,0
2022-10-18 13:56:00,1780,1780,1780,1780,0
2022-10-18 13:57:00,1780,1780,1780,1780,0
2022-10-18 13:58:00,1780,1780,1780,1780,0
2022-10-18 13:59:00,1780,1780,1780,1780,0
2022-10-18 14:00:00,1780,1780,1780,1780,0
2022-10-18 14:01:00,1780,1780,1780,1780,0
2022-10-18 14:02:00,1780,1780,1780,1780,0
2022-10-18 14:03:00,1780,1780,1780,1780,0
2022-10-18 14:04:00,1780,1780,1780,1780,0
2022-10-18 14:05:00,1780,1780,1780,1780,0
2022-10-18 14:06:00,1780,1780,1780,1780,0
2022-10-18 14:07:00,1780,1780,1780,1780,0
2022-10-18 14:08:00,1780,1780,1780,1780,0
2022-10-18 14:09:00,1780,1780,1780,1780,0
2022-10-18 14:10:00,1780,1780,1780,1780,0
2022-10-18 14:11:00,1780,1780,1780,1780,0
2022-10-18 14:12:00,1780,1780,1780,1780,0
2022-10-18 14:13:00,1780,1780,1780,1780,0
2022-10-18 14:14:00,1780,1780,1780,1780,0
2022-10-18 14:15:00,1780,1780,1780,1780,0
2022-10-18 14:16:00,1780,1780,1780,1780,0
2022-10-18 14:17:00,1780,1780,1780,1780,0
2022-10-18 14:18:00,1780,1780,1780,1780,0
2022-10-18 14:19:00,1780,1780,1780,1780,0
2022-10-18 14:20:00,1780,1780,1780,1780,0
2022-10-18 14:21:00,1780,1780,1780,1780,0
2022-10-18 14:22:00,1780,1780,1780,1780,0
2022-10-18 14:23:00,1780,1780,1780,1780,0
2022-10-18 14:24:00,1780,1780,1780,1780,0
2022-10-18 14:25:00,1780,1780,1780,1780,0
2022-10-18 14:26:00,1780,1780,1780,1780,0
2022-10-18 14:27:00,1780,1780,1780,1780,0
2022-10-18 14:28:00,1780,1780,1780,1780,0
2022-10-18 14:29:00,1780,1780,1780,1780,0
2022-10-18 14:30:00,1780,1780,1780,1780,0
2022-10-18 14:31:00,1780,1780,1780,1780,0
2022-10-18 14:32:00,1780,1780,1780,1780,0
2022-10-18 14:33:00,1780,1780,1780,1780,0
2022-10-18 14:34:00,1780,1780,1780,1780,0
2022-10-18 14:35:00,1780,1780,1780,1780,0
2022-10-18 14:36:00,1780,1780,1780,1780,0
2022-10-18 14:37:00,1780,1780,1780,1780,0
2022-10-18 14:38:00,1780,1780,1780,1780,0
2022-10-18 14:39:00,1780,1780,1780,1780,0
2022-10-18 14:40:00,1780,1780,1780,1780,0
2022-10-18 14:41:00,1780,1780,1780,1780,0
2022-10-18 14:42:00,1780,1780,1780,1780,0
2022-10-18 14:43:00,1780,1780,1780,1780,0
2022-10-18 14:44:00,1780,1780,1780,1780,0
2022-10-18 14:45:00,1780,1780,1780,1780,0
2022-10-18 14:46:00,1780,1780,1780,1780,0
2022-10-18 14:47:00,1780,1780,1780,1780,0
2022-10-18 14:48:00,1780,1780,1780,1780,0
2022-10-18 14:49:00,1780,1780,1780,1780,0
2022-10-18 14:50:00,1780,1780,1780,1780,0
2022-10-18 14:51:00,1780,1780,1780,1780,0
2022-10-18 14:52:00,1780,1780,1780,1780,0
2022-10-18 14:53:00,1780,1780,1780,1780,0
2022-10-18 14:54:00,1780,1780,1780,1780,0
2022-10-18 14:55:00,1780,1780,1780,1780,0
2022-10-18 14:56:00,1780,1780,1780,1780,0
2022-10-18 14:57:00,1780,1780,1780,1780,0
2022-10-18 14:58:00,1780,1780,1780,1780,0
2022-10-18 14:59:00,1780,1780,1780,1780,0
2022-10-18 15:00:00,1780,1780,1780,1780,0
2022-10-18 15:01:00,1780,1780,1780,1780,0
2022-10-18 15:02:00,1780,1780,1780,1780,0
2022-10-18 15:03:00,1780,1780,1780,1780,0
2022-10-18 15:04:00,1780,1780,1780,1780,0
2022-10-18 15:05:00,1780,1780,1780,1780,0
2022-10-18 15:06:00,1780,1780,1780,1780,0
2022-10-18 15:07:00,1780,1780,1780,1780,0
2022-10-18 15:08:00,1780,1780,1780,1780,0
2022-10-18 15:09:00,1780,1780,1780,1780,0
2022-10-18 15:10:00,1780,1780,1780,1780,0
2022-10-18 15:11:00,1780,1780,1780,1780,0
2022-10-18 15:12:00,1780,1780,1780,1780,0
2022-10-18 15:13:00,1780,1780,1780,1780,0
2022-10-18 15:14:00,1780,1780,1780,1780,0
2022-10-18 15:15:00,1780,1780,1780,1780,0
2022-10-18 15:16:00,1780,1780,1780,1780,0
2022-10-18 15:17:00,1780,1780,1780,1780,0
2022-10-18 15:18:00,1780,1780,1780,1780,0
2022-10-18 15:19:00,1780,1780,1780,1780,0
2022-10-18 15:20:00,1780,1780,1780,1780,0
2022-10-18 15:21:00,1780,1780,1780,1780,0
2022-10-18 15:22:00,1780,1780,1780,1780,0
2022-10-18 15:23:00,1780,1780,1780,1780,0
2022-10-18 15:24:00,1780,1780,1780,1780,0
2022-10-18 15:25:00,1780,1780,1780,1780,0
2022-10-18 15:26:00,1780,1780,1780,1780,0
2022-10-18 15:27:00,1780,1780,1780,1780,0
2022-10-18 15:28:00,1780,1780,1780,1780,0
2022-10-18 15:29:00,1780,1780,1780,1780,0
2022-10-18 15:30:00,1780,1780,1780,1780,0
2022-10-18 15:31:00,1780,1780,1780,1780,0
2022-10-18 15:32:00,1780,1780,1780,1780,0
2022-10-18 15:33:00,1780,1780,1780,1780,0
2022-10-18 15:34:00,1780,1780,1780,1780,0
2022-10-18 15:35:00,1780,1780,1780,1780,0
2022-10-18 15:36:00,1780,1780,1780,1780,0
2022-10-18 15:37:00,1780,1780,1780,1780,0
2022-10-18 15:38:00,1780,1780,1780,1780,0
2022-10-18 15:39:00,1780,1780,1780,1780,0
2022-10-18 15:40:00,1780,1780,1780,1780,0
2022-10-18 15:41:00,1780,1780,1780,1780,0
2022-10-18 15:42:00,1780,1780,1780,1780,0
2022-10-18 15:43:00,1780,1780,1780,1780,0
2022-10-18 15:44:00,1780,1780,1780,1780,0
2022-10-18 15:45:00,1780,1780,1780,1780,0
2022-10-18 15:46:00,1780,1780,1780,1780,0
2022-10-18 15:47:00,1780,1780,1780,1780,0
2022-10-18 15:48:00,1780,1780,1780,1780,0
2022-10-18 15:49:00,1780,1780,1780,1780,0
2022-10-18 15:50:00,1780,1780,1780,1780,0
2022-10-18 15:51:00,1780,1780,1780,1780,0
2022-10-18 15:52:00,1780,1780,1780,1780,0
2022-10-18 15:53:00,1780,1780,1780,1780,0
2022-10-18 15:54:00,1780,1780,1780,1780,0
2022-10-18 15:55:00,1780,1780,1780,1780,0
2022-10-18 15:56:00,1780,1780,1780,1780,0
2022-10-18 15:57:00,1780,1780,1780,1780,0
2022-10-18 15:58:00,1780,1780,1780,1780,0
2022-10-18 15:59:00,1780,1780,1780,1780,0
2022-10-19 09:00:00,1780,1780,1780,1780,0
2022-10-19 09:01:00,1780,1780,1780,1780,0
2022-10-19 09:02:00,1780,1780,1780,1780,0
2022-10-19 09:03:00,1780,1780,1780,1780,0
2022-10-19 09:04:00,1780,1780,1780,1780,0
2022-10-19 09:05:00,1780,1780,1780,1780,0
2022-10-19 09:06:00,1780,1780,1780,1780,0
2022-10-19 09:07:00,1780,1780,1780,1780,0
2022-10-19 09:08:00,1780,1780,1780,1780,0
2022-10-19 09:09:00,1780,1780,1780,1780,0
2022-10-19 09:10:00,1780,1780,1780,1780,0
2022-10-19 09:11:00,1780,1780,1780,1780,0
2022-10-19 09:12:00,1780,1780,1780,1780,0
2022-10-19 09:13:00,1780,1780,1780,1780,0
2022-10-19 09:14:00,1780,1780,1780,1780,0
2022-10-19 09:15:00,1780,1780,1780,1780,0
2022-10-19 09:16:00,1780,1780,1780,1780,0
2022-10-19 09:17:00,1780,1780,1780,1780,0
2022-10-19 09:18:00,1780,1780,1780,1780,0
2022-10-19 09:19:00,1780,1780,1780,1780,0
2022-10-19 09:20:00,1780,1780,1780,1780,0
2022-10-19 09:21:00,1780,1780,1780,1780,0
2022-10-19 09:22:00,1780,1780,1780,1780,0
2022-10-19 09:23:00,1780,1780,1780,1780,0
2022-10-19 09:24:00,1780,1780,1780,1780,0
2022-10-19 09:25:00,1780,1780,1780,1780,0
2022-10-19 09:26:00,1780,1780,1780,1780,0
2022-10-19 09:27:00,1780,1780,1780,1780,0
2022-10-19 09:28:00,1780,1780,1780,1780,0
2022-10-19 09:29:00,1780,1780,1780,1780,0
2022-10-19 09:30:00,1780,1780,1780,1780,0
2022-10-19 09:31:00,1780,1780,1780,1780,0
2022-10-19 09:32:00,1780,1780,1780,1780,0
2022-10-19 09:33:00,1780,1780,1780,1780,0
2022-10-19 09:34:00,1780,1780,1780,1780,0
2022-10-19 09:35:00,1780,1780,1780,1780,0
2022-10-19 09:36:00,1780,1780,1780,1780,0
2022-10-19 09:37:00,1780,1780,1780,1780,0
2022-10-19 09:38:00,1780,1780,1780,1780,0
2022-10-19 09:39:00,1780,1780,1780,1780,0
2022-10-19 09:40:00,1780,1780,1780,1780,0
2022-10-19 09:41:00,1780,1780,1780,1780,0
2022-10-19 09:42:00,1780,1780,1780,1780,0
2022-10-19 09:43:00,1780,1780,1780,1780,0
2022-10-19 09:44:00,1780,1780,1780,1780,0
2022-10-19 09:45:00,1780,1780,1780,1780,0
2022-10-19 09:46:00,1780,1780,1780,1780,0
2022-10-19 09:47:00,1780,1780,1780,1780,0
2022-10-19 09:48:00,1780,1780,1780,1780,0
2022-10-19 09:49:00,1780,1780,1780,1780,0
2022-10-19 09:50:00,1780,1780,1780,1780,0
2022-10-19 09:51:00,1780,1780,1780,1780,0
2022-10-19 09:52:00,1780,1780,1780,1780,0
2022-10-19 09:53:00,1780,1780,1780,1780,0
2022-10-19 09:54:00,1780,1780,1780,1780,0
2022-10-19 09:55:00,1780,1780,1780,1780,0
2022-10-19 09:56:00,1780,1780,1780,1780,0
2022-10-19 09:57:00,1780,1780,1780,1780,0
2022-10-19 09:58:00,1780,1780,1780,1780,0
2022-10-19 09:59:00,1780,1780,1780,1780,0
2022-10-19 10:00:00,1780,1780,1780,1780,0
2022-10-19 10:01:00,1780,1780,1780,1780,0
2022-10-19 10:02:00,1780,1780,1780,1780,0
2022-10-19 10:03:00,1780,1780,1780,1780,0
2022-10-19 10:04:00,1780,1780,1780,1780,0
2022-10-19 10:05:00,1780,1780,1780,1780,0
2022-10-19 10:06:00,1780,1780,1780,1780,0
2022-10-19 10:07:00,1780,1780,1780,1780,0
2022-10-19 10:08:00,1780,1780,1780,1780,0
2022-10-19 10:09:00,1780,1780,1780,1780,0
2022-10-19 10:10:00,1780,1780,1780,1780,0
2022-10-19 10:11:00,1780,1780,1780,1780,0
2022-10-19 10:12:00,1780,1780,1780,1780,0
2022-10-19 10:13:00,1780,1780,1780,1780,0
2022-10-19 10:14:00,1780,1780,1780,1780,0
2022-10-19 10:15:00,1780,1780,1780,1780,0
2022-10-19 10:16:00,1780,1780,1780,1780,0
2022-10-19 10:17:00,1780,1780,1780,1780,0
2022-10-19 10:18:00,1780,1780,1780,1780,0
2022-10-19 10:19:00,1780,1780,1780,1780,0
2022-10-19 10:20:00,1780,1780,1780,1780,0
2022-10-19 10:21:00,1780,1780,1780,1780,0
2022-10-19 10:22:00,1780,1780,1780,1780,0
2022-10-19 10:23:00,1780,1780,1780,1780,0
2022-10-19 10:24:00,1780,1780,1780,1780,0
2022-10-19 10:25:00,1780,1780,1780,1780,0
2022-10-19 10:26:00,1780,1780,1780,1780,0
2022-10-19 10:27:00,1780,1780,1780,1780,0
2022-10-19 10:28:00,1780,1780,1780,1780,0
2022-10-19 10:29:00,1780,1780,1780,1780,0
2022-10-19 10:30:00,1780,1780,1780,1780,0
2022-10-19 10:31:00,1780,1780,1780,1780,0
2022-10-19 10:32:00,1780,1780,1780,1780,0
2022-10-19 10:33:00,1780,1780,1780,1780,0
2022-10-19 10:34:00,1780,1780,1780,1780,0
2022-10-19 10:35:00,1780,1780,1780,1780,0
2022-10-19 10:36:00,1780,1780,1780,1780,0
2022-10-19 10:37:00,1780,1780,1780,1780,0
2022-10-19 10:38:00,1780,1780,1780,1780,0
2022-10-19 10:39:00,1780,1780,1780,1780,0
2022-10-19 10:40:00,1780,1780,1780,1780,0
2022-10-19 10:41:00,1780,1780,1780,1780,0
2022-10-19 10:42:00,1780,1780,1780,1780,0
2022-10-19 10:43:00,1780,1780,1780,1780,0
2022-10-19 10:44:00,1780,1780,1780,1780,0
2022-10-19 10:45:00,1780,1780,1780,1780,0
2022-10-19 10:46:00,1780,1780,1780,1780,0
2022-10-19 10:47:00,1780,1780,1780,1780,0
2022-10-19 10:48:00,1780,1780,1780,1780,0
2022-10-19 10:49:00,1780,1780,1780,1780,0
2022-10-19 10:50:00,1780,1780,1780,1780,0
2022-10-19 10:51:00,1780,1780,1780,1780,0
2022-10-19 10:52:00,1780,1780,1780,1780,0
2022-10-19 10:53:00,1780,1780,1780,1780,0
2022-10-19 10:54:00,1780,1780,1780,1780,0
2022-10-19 10:55:00,1780,1780,1780,1780,0
2022-10-19 10:56:00,1780,1780,1780,1780,0
2022-10-19 10:57:00,1780,1780,1780,1780,0
2022-10-19 10:58:00,1780,1780,1780,1780,0
2022-10-19 10:59:00,1780,1780,1780,1780,0
2022-10-19 11:00:00,1780,1780,1780,1780,0
2022-10-19 11:01:00,1780,1780,1780,1780,0
2022-10-19 11:02:00,1780,1780,1780,1780,0
2022-10-19 11:03:00,1780,1780,1780,1780,0
2022-10-19 11:04:00,1780,1780,1780,1780,0
2022-10-19 11:05:00,1780,1780,1780,1780,0
2022-10-19 11:06:00,1780,1780,1780,1780,0
2022-10-19 11:07:00,1780,1780,1780,1780,0
2022-10-19 11:08:00,1780,1780,1780,1780,0
2022-10-19 11:09:00,1780,1780,1780,1780,0
2022-10-19 11:10:00,1780,1780,1780,1780,0
2022-10-19 11:11:00,1780,1780,1780,1780,0
2022-10-19 11:12:00,1780,1780,1780,1780,0
2022-10-19 11:13:00,1780,1780,1780,1780,0
2022-10-19 11:14:00,1780,1780,1780,1780,0
2022-10-19 11:15:00,1780,1780,1780,1780,0
2022-10-19 11:16:00,1780,1780,1780,1780,0
2022-10-19 11:17:00,1780,1780,1780,1780,0
2022-10-19 11:18:00,1780,1780,1780,1780,0
2022-10-19 11:19:00,1780,1780,1780,1780,0
2022-10-19 11:20:00,1780,1780,1780,1780,0
2022-10-19 11:21:00,1780,1780,1780,1780,0
2022-10-19 11:22:00,1780,1780,1780,1780,0
2022-10-19 11:23:00,1780,1780,1780,1780,0
2022-10-19 11:24:00,1780,1780,1780,1780,0
2022-10-19 11:25:00,1780,1780,1780,1780,0
2022-10-19 11:26:00,1780,1780,1780,1780,0
2022-10-19 11:27:00,1780,1780,1780,1780,0
2022-10-19 11:28:00,1780,1780,1780,1780,0
2022-10-19 11:29:00,1780,1780,1780,1780,0
2022-10-19 11:30:00,1780,1780,1780,1780,0
2022-10-19 11:31:00,1780,1780,1780,1780,0
2022-10-19 11:32:00,1780,1780,1780,1780,0
2022-10-19 11:33:00,1780,1780,1780,1780,0
2022-10-19 11:34:00,1780,1780,1780,1780,0
2022-10-19 11:35:00,1780,1780,1780,1780,0
2022-10-19 11:36:00,1780,1780,1780,1780,0
2022-10-19 11:37:00,1780,1780,1780,1780,0
2022-10-19 11:38:00,1780,1780,1780,1780,0
2022-10-19 11:39:00,1780,1780,1780,1780,0
2022-10-19 11:40:00,1780,1780,1780,1780,0
2022-10-19 11:41:00,1780,1780,1780,1780,0
2022-10-19 11:42:00,1780,1780,1780,1780,0
2022-10-19 11:43:00,1780,1780,1780,1780,0
2022-10-19 11:44:00,1780,1780,1780,1780,0
2022-10-19 11:45:00,1780,1780,1780,1780,0
2022-10-19 11:46:00,1780,1780,1780,1780,0
2022-10-19 11:47:00,1780,1780,1780,1780,0
2022-10-19 11:48:00,1780,1780,1780,1780,0
2022-10-19 11:49:00,1780,1780,1780,1780,0
2022-10-19 11:50:00,1780,1780,1780,1780,0
2022-10-19 11:51:00,1780,1780,1780,1780,0
2022-10-19 11:52:00,1780,1780,1780,1780,0
2022-10-19 11:53:00,1780,1780,1780,1780,0
2022-10-19 11:54:00,1780,1780,1780,1780,0
2022-10-19 11:55:00,1780,1780,1780,1780,0
2022-10-19 11:56:00,1780,1780,1780,1780,0
2022-10-19 11:57:00,1780,1780,1780,1780,0
2022-10-19 11:58:00,1780,1780,1780,1780,0
2022-10-19 11:59:00,1780,1780,1780,1780,0
2022-10-19 12:00:00,1780,1780,1780,1780,0
2022-10-19 12:01:00,1780,1780,1780,1780,0
2022-10-19 12:02:00,1780,1780,1780,1780,0
2022-10-19 12:03:00,1780,1780,1780,1780,0
2022-10-19 12:04:00,1780,1780,1780,1780,0
2022-10-19 12:05:00,1780,1780,1780,1780,0
2022-10-19 12:06:00,1780,1780,1780,1780,0
2022-10-19 12:07:00,1780,1780,1780,1780,0
2022-10-19 12:08:00,1780,1780,1780,1780,0
2022-10-19 12:09:00,1780,1780,1780,1780,0
2022-10-19 12:10:00,1780,1780,1780,1780,0
2022-10-19 12:11:00,1780,1780,1780,1780,0
2022-10-19 12:12:00,1780,1780,1780,1780,0
2022-10-19 12:13:00,1780,1780,1780,1780,0
2022-10-19 12:14:00,1780,1780,1780,1780,0
2022-10-19 12:15:00,1780,1780,1780,1780,0
2022-10-19 12:16:00,1780,1780,1780,1780,0
2022-10-19 12:17:00,1780,1780,1780,1780,0
2022-10-19 12:18:00,1780,1780,1780,1780,0
2022-10-19 12:19:00,1780,1780,1780,1780,0
2022-10-19 12:20:00,1780,1780,1780,1780,0
2022-10-19 12:21:00,1780,1780,1780,1780,0
2022-10-19 12:22:00,1780,1780,1780,1780,0
2022-10-19 12:23:00,1780,1780,1780,1780,0
2022-10-19 12:24:00,1780,1780,1780,1780,0
2022-10-19 12:25:00,1780,1780,1780,1780,0
2022-10-19 12:26:00,1780,1780,1780,1780,0
2022-10-19 12:27:00,1780,1780,1780,1780,0
2022-10-19 12:28:00,1780,1780,1780,1780,0
2022-10-19 12:29:00,1780,1780,1780,1780,0
2022-10-19 12:30:00,1780,1780,1780,1780,0
2022-10-19 12:31:00,1780,1780,1780,1780,0
2022-10-19 12:32:00,1780,1780,1780,1780,0
2022-10-19 12:33:00,1780,1780,1780,1780,0
2022-10-19 12:34:00,1780,1780,1780,1780,0
2022-10-19 12:35:00,1780,1780,1780,1780,0
2022-10-19 12:36:00,1780,1780,1780,1780,0
2022-10-19 12:37:00,1780,1780,1780,1780,0
2022-10-19 12:38:00,1780,1780,1780,1780,0
2022-10-19 12:39:00,1780,1780,1780,1780,0
2022-10-19 12:40:00,1780,1780,1780,1780,0
2022-10-19 12:41:00,1780,1780,1780,1780,0
2022-10-19 12:42:00,1780,1780,1780,1780,0
2022-10-19 12:43:00,1780,1780,1780,1780,0
2022-10-19 12:44:00,1780,1780,1780,1780,0
2022-10-19 12:45:00,1780,1780,1780,1780,0
2022-10-19 12:46:00,1780,1780,1780,1780,0
2022-10-19 12:47:00,1780,1780,1780,1780,0
2022-10-19 12:48:00,1780,1780,1780,1780,0
2022-10-19 12:49:00,1780,1780,1780,1780,0
2022-10-19 12:50:00,1780,1780,1780,1780,0
2022-10-19 12:51:00,1780,1780,1780,1780,0
2022-10-19 12:52:00,1780,1780,1780,1780,0
2022-10-19 12:53:00,1780,1780,1780,1780,0
2022-10-19 12:54:00,1780,1780,1780,1780,0
2022-10-19 12:55:00,1780,1780,1780,1780,0
2022-10-19 12:56:00,1780,1780,1780,1780,0
2022-10-19 12:57:00,1780,1780,1780,1780,0
2022-10-19 12:58:00,1780,1780,1780,1780,0
2022-10-19 12:59:00,1780,1780,1780,1780,0
2022-10-19 13:00:00,1780,1780,1780,1780,0
2022-10-19 13:01:00,1780,1780,1780,1780,0
2022-10-19 13:02:00,1780,1780,1780,1780,0
2022-10-19 13:03:00,1780,1780,1780,1780,0
2022-10-19 13:04:00,1780,1780,1780,1780,0
2022-10-19 13:05:00,1780,1780,1780,1780,0
2022-10-19 13:06:00,1780,1780,1780,1780,0
2022-10-19 13:07:00,1780,1780,1780,1780,0
2022-10-19 13:08:00,1780,1780,1780,1780,0
2022-10-19 13:09:00,1780,1780,1780,1780,0
2022-10-19 13:10:00,1780,1780,1780,1780,0
2022-10-19 13:11:00,1780,1780,1780,1780,0
2022-10-19 13:12:00,1780,1780,1780,1780,0
2022-10-19 13:13:00,1780,1780,1780,1780,0
2022-10-19 13:14:00,1780,1780,1780,1780,0
2022-10-19 13:15:00,1780,1780,1780,1780,0
2022-10-19 13:16:00,1780,1780,1780,1780,0
2022-10-19 13:17:00,1780,1780,1780,1780,0
2022-10-19 13:18:00,1780,1780,1780,1780,0
2022-10-19 13:19:00,1780,1780,1780,1780,0
2022-10-19 13:20:00,1780,1780,1780,1780,0
2022-10-19 13:21:00,1780,1780,1780,1780,0
2022-10-19 13:22:00,1780,1780,1780,1780,0
2022-10-19 13:23:00,1780,1780,1780,1780,0
2022-10-19 13:24:00,1780,1780,1780,1780,0
2022-10-19 13:25:00,1780,1780,1780,1780,0
2022-10-19 13:26:00,1780,1780,1780,1780,0
2022-10-19 13:27:00,1780,1780,1780,1780,0
2022-10-19 13:28:00,1780,1780,1780,1780,0
2022-10-19 13:29:00,1780,1780,1780,1780,0
2022-10-19 13:30:00,1780,1780,1780,1780,0
2022-10-19 13:31:00,1780,1780,1780,1780,0
2022-10-19 13:32:00,1780,1780,1780,1780,0
2022-10-19 13:33:00,1780,1780,1780,1780,0
2022-10-19 13:34:00,1780,1780,1780,1780,0
2022-10-19 13:35:00,1780,1780,1780,1780,0
2022-10-19 13:36:00,1780,1780,1780,1780,0
2022-10-19 13:37:00,1780,1780,1780,1780,0
2022-10-19 13:38:00,1780,1780,1780,1780,0
2022-10-19 13:39:00,1780,1780,1780,1780,0
2022-10-19 13:40:00,1780,1780,1780,1780,0
2022-10-19 13:41:00,1780,1780,1780,1780,0
2022-10-19 13:42:00,1780,1780,1780,1780,0
2022-10-19 13:43:00,1780,1780,1780,1780,0
2022-10-19 13:44:00,1780,1780,1780,1780,0
2022-10-19 13:45:00,1780,1780,1780,1780,0
2022-10-19 13:46:00,1780,1780,1780,1780,0
2022-10-19 13:47:00,1780,1780,1780,1780,0
2022-10-19 13:48:00,1780,1780,1780,1780,0
2022-10-19 13:49:00,1780,1780,1780,1780,0
2022-10-19 13:50:00,1780,1780,1780,1780,0
2022-10-19 13:51:00,1780,1780,1780,1780,0
2022-10-19 13:52:00,1780,1780,1780,1780,0
2022-10-19 13:53:00,1780,1780,1780,1780,0
2022-10-19 13:54:00,1780,1780,1780,1780,0
2022-10-19 13:55:00,1780,1780,1780,1780,0
2022-10-19 13:56:00,1780,1780,1780,1780,0
2022-10-19 13:57:00,1780,1780,1780,1780,0
2022-10-19 13:58:00,1780,1780,1780,1780,0
2022-10-19 13:59:00,1780,1780,1780,1780,0
2022-10-19 14:00:00,1780,1780,1780,1780,0
2022-10-19 14:01:00,1780,1780,1780,1780,0
2022-10-19 14:02:00,1780,1780,1780,1780,0
2022-10-19 14:03:00,1780,1780,1780,1780,0
2022-10-19 14:04:00,1780,1780,1780,1780,0
2022-10-19 14:05:00,1780,1780,1780,1780,0
2022-10-19 14:06:00,1780,1780,1780,1780,0
2022-10-19 14:07:00,1780,1780,1780,1780,0
2022-10-19 14:08:00,1780,1780,1780,1780,0
2022-10-19 14:09:00,1780,1780,1780,1780,0
2022-10-19 14:10:00,1780,1780,1780,1780,0
2022-10-19 14:11:00,1780,1780,1780,1780,0
2022-10-19 14:12:00,1780,1780,1780,1780,0
2022-10-19 14:13:00,1780,1780,1780,1780,0
2022-10-19 14:14:00,1780,1780,1780,1780,0
2022-10-19 14:15:00,1780,1780,1780,1780,0
2022-10-19 14:16:00,1780,1780,1780,1780,0
2022-10-19 14:17:00,1780,1780,1780,1780,0
2022-10-19 14:18:00,1780,1780,1780,1780,0
2022-10-19 14:19:00,1780,1780,1780,1780,0
2022-10-19 14:20:00,1780,1780,1780,1780,0
2022-10-19 14:21:00,1780,1780,1780,1780,0
2022-10-19 14:22:00,1780,1780,1780,1780,0
2022-10-19 14:23:00,1780,1780,1780,1780,0
2022-10-19 14:24:00,1780,1780,1780,1780,0
2022-10-19 14:25:00,1780,1780,1780,1780,0
2022-10-19 14:26:00,1780,1780,1780,1780,0
2022-10-19 14:27:00,1780,1780,1780,1780,0
2022-10-19 14:28:00,1780,1780,1780,1780,0
2022-10-19 14:29:00,1780,1780,1780,1780,0
2022-10-19 14:30:00,1780,1780,1780,1780,0
2022-10-19 14:31:00,1780,1780,1780,1780,0
2022-10-19 14:32:00,1780,1780,1780,1780,0
2022-10-19 14:33:00,1780,1780,1780,1780,0
2022-10-19 14:34:00,1780,1780,1780,1780,0
2022-10-19 14:35:00,1780,1780,1780,1780,0
2022-10-19 14:36:00,1780,1780,1780,1780,0
2022-10-19 14:37:00,1780,1780,1780,1780,0
2022-10-19 14:38:00,1780,1780,1780,1780,0
2022-10-19 14:39:00,1780,1780,1780,1780,0
2022-10-19 14:40:00,1780,1780,1780,1780,0
2022-10-19 14:41:00,1780,1780,1780,1780,0
2022-10-19 14:42:00,1780,1780,1780,1780,0
2022-10-19 14:43:00,1780,1780,1780,1780,0
2022-10-19 14:44:00,1780,1780,1780,1780,0
2022-10-19 14:45:00,1780,1780,1780,1780,0
2022-10-19 14:46:00,1780,1780,1780,1780,0
2022-10-19 14:47:00,1780,1780,1780,1780,0
2022-10-19 14:48:00,1780,1780,1780,1780,0
2022-10-19 14:49:00,1780,1780,1780,1780,0
2022-10-19 14:50:00,1780,1780,1780,1780,0
2022-10-19 14:51:00,1780,1780,1780,1780,0
2022-10-19 14:52:00,1780,1780,1780,1780,0
2022-10-19 14:53:00,1780,1780,1780,1780,0
2022-10-19 14:54:00,1780,1780,1780,1780,0
2022-10-19 14:55:00,1780,1780,1780,1780,0
2022-10-19 14:56:00,1780,1780,1780,1780,0
2022-10-19 14:57:00,1780,1780,1780,1780,0
2022-10-19 14:58:00,1780,1780,1780,1780,0
2022-10-19 14:59:00,1780,1780,1780,1780,0
2022-10-19 15:00:00,1780,1780,1780,1780,0
2022-10-19 15:01:00,1780,1780,1780,1780,0
2022-10-19 15:02:00,1780,1780,1780,1780,0
2022-10-19 15:03:00,1780,1780,1780,1780,0
2022-10-19 15:04:00,1780,1780,1780,1780,0
2022-10-19 15:05:00,1780,1780,1780,1780,0
2022-10-19 15:06:00,1780,1780,1780,1780,0
2022-10-19 15:07:00,1780,1780,1780,1780,0
2022-10-19 15:08:00,1780,1780,1780,1780,0
2022-10-19 15:09:00,1780,1780,1780,1780,0
2022-10-19 15:10:00,1780,1780,1780,1780,0
2022-10-19 15:11:00,1780,1780,1780,1780,0
2022-10-19 15:12:00,1780,1780,1780,1780,0
2022-10-19 15:13:00,1780,1780,1780,1780,0
2022-10-19 15:14:00,1780,1780,1780,1780,0
2022-10-19 15:15:00,1780,1780,1780,1780,0
2022-10-19 15:16:00,1780,1780,1780,1780,0
2022-10-19 15:17:00,1780,1780,1780,1780,0
2022-10-19 15:18:00,1780,1780,1780,1780,0
2022-10-19 15:19:00,1780,1780,1780,1780,0
2022-10-19 15:20:00,1780,1780,1780,1780,0
2022-10-19 15:21:00,1780,1780,1780,1780,0
2022-10-19 15:22:00,1780,1780,1780,1780,0
2022-10-19 15:23:00,1780,1780,1780,1780,0
2022-10-19 15:24:00,1780,1780,1780,1780,0
2022-10-19 15:25:00,1780,1780,1780,1780,0
2022-10-19 15:26:00,1780,1780,1780,1780,0
2022-10-19 15:27:00,1780,1780,1780,1780,0
2022-10-19 15:28:00,1780,1780,1780,1780,0
2022-10-19 15:29:00,1780,1780,1780,1780,0
2022-10-19 15:30:00,1780,1780,1780,1780,0
2022-10-19 15:31:00,1780,1780,1780,1780,0
2022-10-19 15:32:00,1780,1780,1780,1780,0
2022-10-19 15:33:00,1780,1780,1780,1780,0
2022-10-19 15:34:00,1780,1780,1780,1780,0
2022-10-19 15:35:00,1780,1780,1780,1780,0
2022-10-19 15:36:00,1780,1780,1780,1780,0
2022-10-19 15:37:00,1780,1780,1780,1780,0
2022-10-19 15:38:00,1780,1780,1780,1780,0
2022-10-19 15:39:00,1780,1780,1780,1780,0
2022-10-19 15:40:00,1780,1780,1780,1780,0
2022-10-19 15:41:00,1780,1780,1780,1780,0
2022-10-19 15:42:00,1780,1780,1780,1780,0
2022-10-19 15:43:00,1780,1780,1780,1780,0
2022-10-19 15:44:00,1780,1780,1780,1780,0
2022-10-19 15:45:00,1780,1780,1780,1780,0
2022-10-19 15:46:00,1780,1780,1780,1780,0
2022-10-19 15:47:00,1780,1780,1780,1780,0
2022-10-19 15:48:00,1780,1780,1780,1780,0
2022-10-19 15:49:00,1780,1780,1780,1780,0
2022-10-19 15:50:00,1780,1780,1780,1780,0
2022-10-19 15:51:00,1780,1780,1780,1780,0
2022-10-19 15:52:00,1780,1780,1780,1780,0
2022-10-19 15:53:00,1780,1780,1780,1780,0
2022-10-19 15:54:00,1780,1780,1780,1780,0
2022-10-19 15:55:00,1780,1780,1780,1780,0
2022-10-19 15:56:00,1780,1780,1780,1780,0
2022-10-19 15:57:00,1780,1780,1780,1780,0
2022-10-19 15:58:00,1780,1780,1780,1780,0
2022-10-19 15:59:00,1780,1780,1780,1780,0
2022-10-20 09:00:00,1780,1780,1780,1780,0
2022-10-20 09:01:00,1780,1780,1780,1780,0
2022-10-20 09:02:00,1780,1780,1780,1780,0
2022-10-20 09:03:00,1780,1780,1780,1780,0
2022-10-20 09:04:00,1780,1780,1780,1780,0
2022-10-20 09:05:00,1780,1780,1780,1780,0
2022-10-20 09:06:00,1780,1780,1780,1780,0
2022-10-20 09:07:00,1780,1780,1780,1780,0
2022-10-20 09:08:00,1780,1780,1780,1780,0
2022-10-20 09:09:00,1780,1780,1780,1780,0
2022-10-20 09:10:00,1780,1780,1780,1780,0
2022-10-20 09:11:00,1780,1780,1780,1780,0
2022-10-20 09:12:00,1780,1780,1780,1780,0
2022-10-20 09:13:00,1780,1780,1780,1780,0
2022-10-20 09:14:00,1780,1780,1780,1780,0
2022-10-20 09:15:00,1780,1780,1780,1780,0
2022-10-20 09:16:00,1780,1780,1780,1780,0
2022-10-20 09:17:00,1780,1780,1780,1780,0
2022-10-20 09:18:00,1780,1780,1780,1780,0
2022-10-20 09:19:00,1780,1780,1780,1780,0
2022-10-20 09:20:00,1780,1780,1780,1780,0
2022-10-20 09:21:00,1780,1780,1780,1780,0
2022-10-20 09:22:00,1780,1780,1780,1780,0
2022-10-20 09:23:00,1780,1780,1780,1780,0
2022-10-20 09:24:00,1780,1780,1780,1780,0
2022-10-20 09:25:00,1780,1780,1780,1780,0
2022-10-20 09:26:00,1780,1780,1780,1780,0
2022-10-20 09:27:00,1780,1780,1780,1780,0
2022-10-20 09:28:00,1780,1780,1780,1780,0
2022-10-20 09:29:00,1780,1780,1780,1780,0
2022-10-20 09:30:00,1780,1780,1780,1780,0
2022-10-20 09:31:00,1780,1780,1780,1780,0
2022-10-20 09:32:00,1780,1780,1780,1780,0
2022-10-20 09:33:00,1780,1780,1780,1780,0
2022-10-20 09:34:00,1780,1780,1780,1780,0
2022-10-20 09:35:00,1780,1780,1780,1780,0
2022-10-20 09:36:00,1780,1780,1780,1780,0
2022-10-20 09:37:00,1780,1780,1780,1780,0
2022-10-20 09:38:00,1780,1780,1780,1780,0
2022-10-20 09:39:00,1780,1780,1780,1780,0
2022-10-20 09:40:00,1780,1780,1780,1780,0
2022-10-20 09:41:00,1780,1780,1780,1780,0
2022-10-20 09:42:00,1780,1780,1780,1780,0
2022-10-20 09:43:00,1780,1780,1780,1780,0
2022-10-20 09:44:00,1780,1780,1780,1780,0
2022-10-20 09:45:00,1780,1780,1780,1780,0
2022-10-20 09:46:00,1780,1780,1780,1780,0
2022-10-20 09:47:00,1780,1780,1780,1780,0
2022-10-20 09:48:00,1780,1780,1780,1780,0
2022-10-20 09:49:00,1780,1780,1780,1780,0
2022-10-20 09:50:00,1780,1780,1780,1780,0
2022-10-20 09:51:00,1780,1780,1780,1780,0
2022-10-20 09:52:00,1780,1780,1780,1780,0
2022-10-20 09:53:00,1780,1780,1780,1780,0
2022-10-20 09:54:00,1780,1780,1780,1780,0
2022-10-20 09:55:00,1780,1780,1780,1780,0
2022-10-20 09:56:00,1780,1780,1780,1780,0
2022-10-20 09:57:00,1780,1780,1780,1780,0
2022-10-20 09:58:00,1780,1780,1780,1780,0
2022-10-20 09:59:00,1780,1780,1780,1780,0
2022-10-20 10:00:00,1780,1780,1780,1780,0
2022-10-20 10:01:00,1780,1780,1780,1780,0
2022-10-20 10:02:00,1780,1780,1780,1780,0
2022-10-20 10:03:00,1780,1780,1780,1780,0
2022-10-20 10:04:00,1780,1780,1780,1780,0
2022-10-20 10:05:00,1780,1780,1780,1780,0
2022-10-20 10:06:00,1780,1780,1780,1780,0
2022-10-20 10:07:00,1780,1780,1780,1780,0
2022-10-20 10:08:00,1780,1780,1780,1780,0
2022-10-20 10:09:00,1780,1780,1780,1780,0
2022-10-20 10:10:00,1780,1780,1780,1780,0
2022-10-20 10:11:00,1780,1780,1780,1780,0
2022-10-20 10:12:00,1780,1780,1780,1780,0
2022-10-20 10:13:00,1780,1780,1780,1780,0
2022-10-20 10:14:00,1780,1780,1780,1780,0
2022-10-20 10:15:00,1780,1780,1780,1780,0
2022-10-20 10:16:00,1780,1780,1780,1780,0
2022-10-20 10:17:00,1780,1780,1780,1780,0
2022-10-20 10:18:00,1780,1780,1780,1780,0
2022-10-20 10:19:00,1780,1780,1780,1780,0
2022-10-20 10:20:00,1780,1780,1780,1780,0
2022-10-20 10:21:00,1780,1780,1780,1780,0
2022-10-20 10:22:00,1780,1780,1780,1780,0
2022-10-20 10:23:00,1780,1780,1780,1780,0
2022-10-20 10:24:00,1780,1780,1780,1780,0
2022-10-20 10:25:00,1780,1780,1780,1780,0
2022-10-20 10:26:00,1780,1780,1780,1780,0
2022-10-20 10:27:00,1780,1780,1780,1780,0
2022-10-20 10:28:00,1780,1780,1780,1780,0
2022-10-20 10:29:00,1780,1780,1780,1780,0
2022-10-20 10:30:00,1780,1780,1780,1780,0
2022-10-20 10:31:00,1780,1780,1780,1780,0
2022-10-20 10:32:00,1780,1780,1780,1780,0
2022-10-20 10:33:00,1780,1780,1780,1780,0
2022-10-20 10:34:00,1780,1780,1780,1780,0
2022-10-20 10:35:00,1780,1780,1780,1780,0
2022-10-20 10:36:00,1780,1780,1780,1780,0
2022-10-20 10:37:00,1780,1780,1780,1780,0
2022-10-20 10:38:00,1780,1780,1780,1780,0
2022-10-20 10:39:00,1780,1780,1780,1780,0
2022-10-20 10:40:00,1780,1780,1780,1780,0
2022-10-20 10:41:00,1780,1780,1780,1780,0
2022-10-20 10:42:00,1780,1780,1780,1780,0
2022-10-20 10:43:00,1780,1780,1780,1780,0
2022-10-20 10:44:00,1780,1780,1780,1780,0
2022-10-20 10:45:00,1780,1780,1780,1780,0
2022-10-20 10:46:00,1780,1780,1780,1780,0
2022-10-20 10:47:00,1780,1780,1780,1780,0
2022-10-20 10:48:00,1780,1780,1780,1780,0
2022-10-20 10:49:00,1780,1780,1780,1780,0
2022-10-20 10:50:00,1780,1780,1780,1780,0
2022-10-20 10:51:00,1780,1780,1780,1780,0
2022-10-20 10:52:00,1780,1780,1780,1780,0
2022-10-20 10:53:00,1780,1780,1780,1780,0
2022-10-20 10:54:00,1780,1780,1780,1780,0
2022-10-20 10:55:00,1780,1780,1780,1780,0
2022-10-20 10:56:00,1780,1780,1780,1780,0
2022-10-20 10:57:00,1780,1780,1780,1780,0
2022-10-20 10:58:00,1780,1780,1780,1780,0
2022-10-20 10:59:00,1780,1780,1780,1780,0
2022-10-20 11:00:00,1780,1780,1780,1780,0
2022-10-20 11:01:00,1780,1780,1780,1780,0
2022-10-20 11:02:00,1780,1780,1780,1780,0
2022-10-20 11:03:00,1780,1780,1780,1780,0
2022-10-20 11:04:00,1780,1780,1780,1780,0
2022-10-20 11:05:00,1780,1780,1780,1780,0
2022-10-20 11:06:00,1780,1780,1780,1780,0
2022-10-20 11:07:00,1780,1780,1780,1780,0
2022-10-20 11:08:00,1780,1780,1780,1780,0
2022-10-20 11:09:00,1780,1780,1780,1780,0
2022-10-20 11:10:00,1780,1780,1780,1780,0
2022-10-20 11:11:00,1780,1780,1780,1780,0
2022-10-20 11:12:00,1780,1780,1780,1780,0
2022-10-20 11:13:00,1780,1780,1780,1780,0
2022-10-20 11:14:00,1780,1780,1780,1780,0
2022-10-20 11:15:00,1780,1780,1780,1780,0
2022-10-20 11:16:00,1780,1780,1780,1780,0
2022-10-20 11:17:00,1780,1780,1780,1780,0
2022-10-20 11:18:00,1780,1780,1780,1780,0
2022-10-20 11:19:00,1780,1780,1780,1780,0
2022-10-20 11:20:00,1780,1780,1780,1780,0
2022-10-20 11:21:00,1780,1780,1780,1780,0
2022-10-20 11:22:00,1780,1780,1780,1780,0
2022-10-20 11:23:00,1780,1780,1780,1780,0
2022-10-20 11:24:00,1780,1780,1780,1780,0
2022-10-20 11:25:00,1780,1780,1780,1780,0
2022-10-20 11:26:00,1780,1780,1780,1780,0
2022-10-20 11:27:00,1780,1780,1780,1780,0
2022-10-20 11:28:00,1780,1780,1780,1780,0
2022-10-20 11:29:00,1780,1780,1780,1780,0
2022-10-20 11:30:00,1780,1780,1780,1780,0
2022-10-20 11:31:00,1780,1780,1780,1780,0
2022-10-20 11:32:00,1780,1780,1780,1780,0
2022-10-20 11:33:00,1780,1780,1780,1780,0
2022-10-20 11:34:00,1780,1780,1780,1780,0
2022-10-20 11:35:00,1780,1780,1780,1780,0
2022-10-20 11:36:00,1780,1780,1780,1780,0
2022-10-20 11:37:00,1780,1780,1780,1780,0
2022-10-20 11:38:00,1780,1780,1780,1780,0
2022-10-20 11:39:00,1780,1780,1780,1780,0
2022-10-20 11:40:00,1780,1780,1780,1780,0
2022-10-20 11:41:00,1780,1780,1780,1780,0
2022-10-20 11:42:00,1780,1780,1780,1780,0
2022-10-20 11:43:00,1780,1780,1780,1780,0
2022-10-20 11:44:00,1780,1780,1780,1780,0
2022-10-20 11:45:00,1780,1780,1780,1780,0
2022-10-20 11:46:00,1780,1780,1780,1780,0
2022-10-20 11:47:00,1780,1780,1780,1780,0
2022-10-20 11:48:00,1780,1780,1780,1780,0
2022-10-20 11:49:00,1780,1780,1780,1780,0
2022-10-20 11:50:00,1780,1780,1780,1780,0
2022-10-20 11:51:00,1780,1780,1780,1780,0
2022-10-20 11:52:00,1780,1780,1780,1780,0
2022-10-20 11:53:00,1780,1780,1780,1780,0
2022-10-20 11:54:00,1780,1780,1780,1780,0
2022-10-20 11:55:00,1780,1780,1780,1780,0
2022-10-20 11:56:00,1780,1780,1780,1780,0
2022-10-20 11:57:00,1780,1780,1780,1780,0
2022-10-20 11:58:00,1780,1780,1780,1780,0
2022-10-20 11:59:00,1780,1780,1780,1780,0
2022-10-20 12:00:00,1780,1780,1780,1780,0
2022-10-20 12:01:00,1780,1780,1780,1780,0
2022-10-20 12:02:00,1780,1780,1780,1780,0
2022-10-20 12:03:00,1780,1780,1780,1780,0
2022-10-20 12:04:00,1780,1780,1780,1780,0
2022-10-20 12:05:00,1780,1780,1780,1780,0
2022-10-20 12:06:00,1780,1780,1780,1780,0
2022-10-20 12:07:00,1780,1780,1780,1780,0
2022-10-20 12:08:00,1780,1780,1780,1780,0
2022-10-20 12:09:00,1780,1780,1780,1780,0
2022-10-20 12:10:00,1780,1780,1780,1780,0
2022-10-20 12:11:00,1780,1780,1780,1780,0
2022-10-20 12:12:00,1780,1780,1780,1780,0
2022-10-20 12:13:00,1780,1780,1780,1780,0
2022-10-20 12:14:00,1780,1780,1780,1780,0
2022-10-20 12:15:00,1780,1780,1780,1780,0
2022-10-20 12:16:00,1780,1780,1780,1780,0
2022-10-20 12:17:00,1780,1780,1780,1780,0
2022-10-20 12:18:00,1780,1780,1780,1780,0
2022-10-20 12:19:00,1780,1780,1780,1780,0
2022-10-20 12:20:00,1780,1780,1780,1780,0
2022-10-20 12:21:00,1780,1780,1780,1780,0
2022-10-20 12:22:00,1780,1780,1780,1780,0
2022-10-20 12:23:00,1780,1780,1780,1780,0
2022-10-20 12:24:00,1780,1780,1780,1780,0
2022-10-20 12:25:00,1780,1780,1780,1780,0
2022-10-20 12:26:00,1780,1780,1780,1780,0
2022-10-20 12:27:00,1780,1780,1780,1780,0
2022-10-20 12:28:00,1780,1780,1780,1780,0
2022-10-20 12:29:00,1780,1780,1780,1780,0
2022-10-20 12:30:00,1780,1780,1780,1780,0
2022-10-20 12:31:00,1780,1780,1780,1780,0
2022-10-20 12:32:00,1780,1780,1780,1780,0
2022-10-20 12:33:00,1780,1780,1780,1780,0
2022-10-20 12:34:00,1780,1780,1780,1780,0
2022-10-20 12:35:00,1780,1780,1780,1780,0
2022-10-20 12:36:00,1780,1780,1780,1780,0
2022-10-20 12:37:00,1780,1780,1780,1780,0
2022-10-20 12:38:00,1780,1780,1780,1780,0
2022-10-20 12:39:00,1780,1780,1780,1780,0
2022-10-20 12:40:00,1780,1780,1780,1780,0
2022-10-20 12:41:00,1780,1780,1780,1780,0
2022-10-20 12:42:00,1780,1780,1780,1780,0
2022-10-20 12:43:00,1780,1780,1780,1780,0
2022-10-20 12:44:00,1780,1780,1780,1780,0
2022-10-20 12:45:00,1780,1780,1780,1780,0
2022-10-20 12:46:00,1780,1780,1780,1780,0
2022-10-20 12:47:00,1780,1780,1780,1780,0
2022-10-20 12:48:00,1780,1780,1780,1780,0
2022-10-20 12:49:00,1780,1780,1780,1780,0
2022-10-20 12:50:00,1780,1780,1780,1780,0
2022-10-20 12:51:00,1780,1780,1780,1780,0
2022-10-20 12:52:00,1780,1780,1780,1780,0
2022-10-20 12:53:00,1780,1780,1780,1780,0
2022-10-20 12:54:00,1780,1780,1780,1780,0
2022-10-20 12:55:00,1780,1780,1780,1780,0
2022-10-20 12:56:00,1780,1780,1780,1780,0
2022-10-20 12:57:00,1780,1780,1780,1780,0
2022-10-20 12:58:00,1780,1780,1780,1780,0
2022-10-20 12:59:00,1780,1780,1780,1780,0
2022-10-20 13:00:00,1780,1780,1780,1780,0
2022-10-20 13:01:00,1780,1780,1780,1780,0
2022-10-20 13:02:00,1780,1780,1780,1780,0
2022-10-20 13:03:00,1780,1780,1780,1780,0
2022-10-20 13:04:00,1780,1780,1780,1780,0
2022-10-20 13:05:00,1780,1780,1780,1780,0
2022-10-20 13:06:00,1780,1780,1780,1780,0
2022-10-20 13:07:00,1780,1780,1780,1780,0
2022-10-20 13:08:00,1780,1780,1780,1780,0
2022-10-20 13:09:00,1780,1780,1780,1780,0
2022-10-20 13:10:00,1780,1780,1780,1780,0
2022-10-20 13:11:00,1780,1780,1780,1780,0
2022-10-20 13:12:00,1780,1780,1780,1780,0
2022-10-20 13:13:00,1780,1780,1780,1780,0
2022-10-20 13:14:00,1780,1780,1780,1780,0
2022-10-20 13:15:00,1780,1780,1780,1780,0
2022-10-20 13:16:00,1780,1780,1780,1780,0
2022-10-20 13:17:00,1780,1780,1780,1780,0
2022-10-20 13:18:00,1780,1780,1780,1780,0
2022-10-20 13:19:00,1780,1780,1780,1780,0
2022-10-20 13:20:00,1780,1780,1780,1780,0
2022-10-20 13:21:00,1780,1780,1780,1780,0
2022-10-20 13:22:00,1780,1780,1780,1780,0
2022-10-20 13:23:00,1780,1780,1780,1780,0
2022-10-20 13:24:00,1780,1780,1780,1780,0
2022-10-20 13:25:00,1780,1780,1780,1780,0
2022-10-20 13:26:00,1780,1780,1780,1780,0
2022-10-20 13:27:00,1780,1780,1780,1780,0
2022-10-20 13:28:00,1780,1780,1780,1780,0
2022-10-20 13:29:00,1780,1780,1780,1780,0
2022-10-20 13:30:00,1780,1780,1780,1780,0
2022-10-20 13:31:00,1780,1780,1780,1780,0
2022-10-20 13:32:00,1780,1780,1780,1780,0
2022-10-20 13:33:00,1780,1780,1780,1780,0
2022-10-20 13:34:00,1780,1780,1780,1780,0
2022-10-20 13:35:00,1780,1780,1780,1780,0
2022-10-20 13:36:00,1780,1780,1780,1780,0
2022-10-20 13:37:00,1780,1780,1780,1780,0
2022-10-20 13:38:00,1780,1780,1780,1780,0
2022-10-20 13:39:00,1780,1780,1780,1780,0
2022-10-20 13:40:00,1780,1780,1780,1780,0
2022-10-20 13:41:00,1780,1780,1780,1780,0
2022-10-20 13:42:00,1780,1780,1780,1780,0
2022-10-20 13:43:00,1780,1780,1780,1780,0
2022-10-20 13:44:00,1780,1780,1780,1780,0
2022-10-20 13:45:00,1780,1780,1780,1780,0
2022-10-20 13:46:00,1780,1780,1780,1780,0
2022-10-20 13:47:00,1780,1780,1780,1780,0
2022-10-20 13:48:00,1780,1780,1780,1780,0
2022-10-20 13:49:00,1780,1780,1780,1780,0
2022-10-20 13:50:00,1780,1780,1780,1780,0
2022-10-20 13:51:00,1780,1780,1780,1780,0
2022-10-20 13:52:00,1780,1780,1780,1780,0
2022-10-20 13:53:00,1780,1780,1780,1780,0
2022-10-20 13:54:00,1780,1780,1780,1780,0
2022-10-20 13:55:00,1780,1780,1780,1780,0
2022-10-20 13:56:00,1780,1780,1780,1780,0
2022-10-20 13:57:00,1780,1780,1780,1780,0
2022-10-20 13:58:00,1780,1780,1780,1780,0
2022-10-20 13:59:00,1780,1780,1780,1780,0
2022-10-20 14:00:00,1780,1780,1780,1780,0
2022-10-20 14:01:00,1780,1780,1780,1780,0
2022-10-20 14:02:00,1780,1780,1780,1780,0
2022-10-20 14:03:00,1780,1780,1780,1780,0
2022-10-20 14:04:00,1780,1780,1780,1780,0
2022-10-20 14:05:00,1780,1780,1780,1780,0
2022-10-20 14:06:00,1780,1780,1780,1780,0
2022-10-20 14:07:00,1780,1780,1780,1780,0
2022-10-20 14:08:00,1780,1780,1780,1780,0
2022-10-20 14:09:00,1780,1780,1780,1780,0
2022-10-20 14:10:00,1780,1780,1780,1780,0
2022-10-20 14:11:00,1780,1780,1780,1780,0
2022-10-20 14:12:00,1780,1780,1780,1780,0
2022-10-20 14:13:00,1780,1780,1780,1780,0
2022-10-20 14:14:00,1780,1780,1780,1780,0
2022-10-20 14:15:00,1780,1780,1780,1780,0
2022-10-20 14:16:00,1780,1780,1780,1780,0
2022-10-20 14:17:00,1780,1780,1780,1780,0
2022-10-20 14:18:00,1780,1780,1780,1780,0
2022-10-20 14:19:00,1780,1780,1780,1780,0
2022-10-20 14:20:00,1780,1780,1780,1780,0
2022-10-20 14:21:00,1780,1780,1780,1780,0
2022-10-20 14:22:00,1780,1780,1780,1780,0
2022-10-20 14:23:00,1780,1780,1780,1780,0
2022-10-20 14:24:00,1780,1780,1780,1780,0
2022-10-20 14:25:00,1780,1780,1780,1780,0
2022-10-20 14:26:00,1780,1780,1780,1780,0
2022-10-20 14:27:00,1780,1780,1780,1780,0
2022-10-20 14:28:00,1780,1780,1780,1780,0
2022-10-20 14:29:00,1780,1780,1780,1780,0
2022-10-20 14:30:00,1780,1780,1780,1780,0
2022-10-20 14:31:00,1780,1780,1780,1780,0
2022-10-20 14:32:00,1780,1780,1780,1780,0
2022-10-20 14:33:00,1780,1780,1780,1780,0
2022-10-20 14:34:00,1780,1780,1780,1780,0
2022-10-20 14:35:00,1780,1780,1780,1780,0
2022-10-20 14:36:00,1780,1780,1780,1780,0
2022-10-20 14:37:00,1780,1780,1780,1780,0
2022-10-20 14:38:00,1780,1780,1780,1780,0
2022-10-20 14:39:00,1780,1780,1780,1780,0
2022-10-20 14:40:00,1780,1780,1780,1780,0
2022-10-20 14:41:00,1780,1780,1780,1780,0
2022-10-20 14:42:00,1780,1780,1780,1780,0
2022-10-20 14:43:00,1780,1780,1780,1780,0
2022-10-20 14:44:00,1780,1780,1780,1780,0
2022-10-20 14:45:00,1780,1780,1780,1780,0
2022-10-20 14:46:00,1780,1780,1780,1780,0
2022-10-20 14:47:00,1780,1780,1780,1780,0
2022-10-20 14:48:00,1780,1780,1780,1780,0
2022-10-20 14:49:00,1780,1780,1780,1780,0
2022-10-20 14:50:00,1780,1780,1780,1780,0
2022-10-20 14:51:00,1780,1780,1780,1780,0
2022-10-20 14:52:00,1780,1780,1780,1780,0
2022-10-20 14:53:00,1780,1780,1780,1780,0
2022-10-20 14:54:00,1780,1780,1780,1780,0
2022-10-20 14:55:00,1780,1780,1780,1780,0
2022-10-20 14:56:00,1780,1780,1780,1780,0
2022-10-20 14:57:00,1780,1780,1780,1780,0
2022-10-20 14:58:00,1780,1780,1780,1780,0
2022-10-20 14:59:00,1780,1780,1780,1780,0
2022-10-20 15:00:00,1780,1780,1780,1780,0
2022-10-20 15:01:00,1780,1780,1780,1780,0
2022-10-20 15:02:00,1780,1780,1780,1780,0
2022-10-20 15:03:00,1780,1780,1780,1780,0
2022-10-20 15:04:00,1780,1780,1780,1780,0
2022-10-20 15:05:00,1780,1780,1780,1780,0
2022-10-20 15:06:00,1780,1780,1780,1780,0
2022-10-20 15:07:00,1780,1780,1780,1780,0
2022-10-20 15:08:00,1780,1780,1780,1780,0
2022-10-20 15:09:00,1780,1780,1780,1780,0
2022-10-20 15:10:00,1780,1780,1780,1780,0
2022-10-20 15:11:00,1780,1780,1780,1780,0
2022-10-20 15:12:00,1780,1780,1780,1780,0
2022-10-20 15:13:00,1780,1780,1780,1780,0
2022-10-20 15:14:00,1780,1780,1780,1780,0
2022-10-20 15:15:00,1780,1780,1780,1780,0
2022-10-20 15:16:00,1780,1780,1780,1780,0
2022-10-20 15:17:00,1780,1780,1780,1780,0
2022-10-20 15:18:00,1780,1780,1780,1780,0
2022-10-20 15:19:00,1780,1780,1780,1780,0
2022-10-20 15:20:00,1780,1780,1780,1780,0
2022-10-20 15:21:00,1780,1780,1780,1780,0
2022-10-20 15:22:00,1780,1780,1780,1780,0
2022-10-20 15:23:00,1780,1780,1780,1780,0
2022-10-20 15:24:00,1780,1780,1780,1780,0
2022-10-20 15:25:00,1780,1780,1780,1780,0
2022-10-20 15:26:00,1780,1780,1780,1780,0
2022-10-20 15:27:00,1780,1780,1780,1780,0
2022-10-20 15:28:00,1780,1780,1780,1780,0
2022-10-20 15:29:00,1780,1780,1780,1780,0
2022-10-20 15:30:00,1780,1780,1780,1780,0
2022-10-20 15:31:00,1780,1780,1780,1780,0
2022-10-20 15:32:00,1780,1780,1780,1780,0
2022-10-20 15:33:00,1780,1780,1780,1780,0
2022-10-20 15:34:00,1780,1780,1780,1780,0
2022-10-20 15:35:00,1780,1780,1780,1780,0
2022-10-20 15:36:00,1780,1780,1780,1780,0
2022-10-20 15:37:00,1780,1780,1780,1780,0
2022-10-20 15:38:00,1780,1780,1780,1780,0
2022-10-20 15:39:00,1780,1780,1780,1780,0
2022-10-20 15:40:00,1780,1780,1780,1780,0
2022-10-20 15:41:00,1780,1780,1780,1780,0
2022-10-20 15:42:00,1780,1780,1780,1780,0
2022-10-20 15:43:00,1780,1780,1780,1780,0
2022-10-20 15:44:00,1780,1780,1780,1780,0
2022-10-20 15:45:00,1780,1780,1780,1780,0
2022-10-20 15:46:00,1780,1780,1780,1780,0
2022-10-20 15:47:00,1780,1780,1780,1780,0
2022-10-20 15:48:00,1780,1780,1780,1780,0
2022-10-20 15:49:00,1780,1780,1780,1780,0
2022-10-20 15:50:00,1780,1780,1780,1780,0
2022-10-20 15:51:00,1780,1780,1780,1780,0
2022-10-20 15:52:00,1780,1780,1780,1780,0
2022-10-20 15:53:00,1780,1780,1780,1780,0
2022-10-20 15:54:00,1780,1780,1780,1780,0
2022-10-20 15:55:00,1780,1780,1780,1780,0
2022-10-20 15:56:00,1780,1780,1780,1780,0
2022-10-20 15:57:00,1780,1780,1780,1780,0
2022-10-20 15:58:00,1780,1780,1780,1780,0
2022-10-20 15:59:00,1780,1780,1780,1780,0
2022-10-21 09:00:00,1780,1780,1780,1780,0
2022-10-21 09:01:00,1780,1780,1780,1780,0
2022-10-21 09:02:00,1780,1780,1780,1780,0
2022-10-21 09:03:00,1780,1780,1780,1780,0
2022-10-21 09:04:00,1780,1780,1780,1780,0
2022-10-21 09:05:00,1780,1780,1780,1780,0
2022-10-21 09:06:00,1780,1780,1780,1780,0
2022-10-21 09:07:00,1780,1780,1780,1780,0
2022-10-21 09:08:00,1780,1780,1780,1780,0
2022-10-21 09:09:00,1780,1780,1780,1780,0
2022-10-21 09:10:00,1780,1780,1780,1780,0
2022-10-21 09:11:00,1780,1780,1780,1780,0
2022-10-21 09:12:00,1780,1780,1780,1780,0
2022-10-21 09:13:00,1780,1780,1780,1780,0
2022-10-21 09:14:00,1780,1780,1780,1780,0
2022-10-21 09:15:00,1780,1780,1780,1780,0
2022-10-21 09:16:00,1780,1780,1780,1780,0
2022-10-21 09:17:00,1780,1780,1780,1780,0
2022-10-21 09:18:00,1780,1780,1780,1780,0
2022-10-21 09:19:00,1780,1780,1780,1780,0
2022-10-21 09:20:00,1780,1780,1780,1780,0
2022-10-21 09:21:00,1780,1780,1780,1780,0
2022-10-21 09:22:00,1780,1780,1780,1780,0
2022-10-21 09:23:00,1780,1780,1780,1780,0
2022-10-21 09:24:00,1780,1780,1780,1780,0
2022-10-21 09:25:00,1780,1780,1780,1780,0
2022-10-21 09:26:00,1780,1780,1780,1780,0
2022-10-21 09:27:00,1780,1780,1780,1780,0
2022-10-21 09:28:00,1780,1780,1780,1780,0
2022-10-21 09:29:00,1780,1780,1780,1780,0
2022-10-21 09:30:00,1780,1780,1780,1780,0
2022-10-21 09:31:00,1780,1780,1780,1780,0
2022-10-21 09:32:00,1780,1780,1780,1780,0
2022-10-21 09:33:00,1780,1780,1780,1780,0
2022-10-21 09:34:00,1780,1780,1780,1780,0
2022-10-21 09:35:00,1780,1780,1780,1780,0
2022-10-21 09:36:00,1780,1780,1780,1780,0
2022-10-21 09:37:00,1780,1780,1780,1780,0
2022-10-21 09:38:00,1780,1780,1780,1780,0
2022-10-21 09:39:00,1780,1780,1780,1780,0
2022-10-21 09:40:00,1780,1780,1780,1780,0
2022-10-21 09:41:00,1780,1780,1780,1780,0
2022-10-21 09:42:00,1780,1780,1780,1780,0
2022-10-21 09:43:00,1780,1780,1780,1780,0
2022-10-21 09:44:00,1780,1780,1780,1780,0
2022-10-21 09:45:00,1780,1780,1780,1780,0
2022-10-21 09:46:00,1780,1780,1780,1780,0
2022-10-21 09:47:00,1780,1780,1780,1780,0
2022-10-21 09:48:00,1780,1780,1780,1780,0
2022-10-21 09:49:00,1780,1780,1780,1780,0
2022-10-21 09:50:00,1780,1780,1780,1780,0
2022-10-21 09:51:00,1780,1780,1780,1780,0
2022-10-21 09:52:00,1780,1780,1780,1780,0
2022-10-21 09:53:00,1780,1780,1780,1780,0
2022-10-21 09:54:00,1780,1780,1780,1780,0
2022-10-21 09:55:00,1780,1780,1780,1780,0
2022-10-21 09:56:00,1780,1780,1780,1780,0
2022-10-21 09:57:00,1780,1780,1780,1780,0
2022-10-21 09:58:00,1780,1780,1780,1780,0
2022-10-21 09:59:00,1780,1780,1780,1780,0
2022-10-21 10:00:00,1780,1780,1780,1780,0
2022-10-21 10:01:00,1780,1780,1780,1780,0
2022-10-21 10:02:00,1780,1780,1780,1780,0
2022-10-21 10:03:00,1780,1780,1780,1780,0
2022-10-21 10:04:00,1780,1780,1780,1780,0
2022-10-21 10:05:00,1780,1780,1780,1780,0
2022-10-21 10:06:00,1780,1780,1780,1780,0
2022-10-21 10:07:00,1780,1780,1780,1780,0
2022-10-21 10:08:00,1780,1780,1780,1780,0
2022-10-21 10:09:00,1780,1780,1780,1780,0
2022-10-21 10:10:00,1780,1780,1780,1780,0
2022-10-21 10:11:00,1780,1780,1780,1780,0
2022-10-21 10:12:00,1780,1780,1780,1780,0
2022-10-21 10:13:00,1780,1780,1780,1780,0
2022-10-21 10:14:00,1780,1780,1780,1780,0
2022-10-21 10:15:00,1780,1780,1780,1780,0
2022-10-21 10:16:00,1780,1780,1780,1780,0
2022-10-21 10:17:00,1780,1780,1780,1780,0
2022-10-21 10:18:00,1780,1780,1780,1780,0
2022-10-21 10:19:00,1780,1780,1780,1780,0
2022-10-21 10:20:00,1780,1780,1780,1780,0
2022-10-21 10:21:00,1780,1780,1780,1780,0
2022-10-21 10:22:00,1780,1780,1780,1780,0
2022-10-21 10:23:00,1780,1780,1780,1780,0
2022-10-21 10:24:00,1780,1780,1780,1780,0
2022-10-21 10:25:00,1780,1780,1780,1780,0
2022-10-21 10:26:00,1780,1780,1780,1780,0
2022-10-21 10:27:00,1780,1780,1780,1780,0
2022-10-21 10:28:00,1780,1780,1780,1780,0
2022-10-21 10:29:00,1780,1780,1780,1780,0
2022-10-21 10:30:00,1780,1780,1780,1780,0
2022-10-21 10:31:00,1780,1780,1780,1780,0
2022-10-21 10:32:00,1780,1780,1780,1780,0
2022-10-21 10:33:00,1780,1780,1780,1780,0
2022-10-21 10:34:00,1780,1780,1780,1780,0
2022-10-21 10:35:00,1780,1780,1780,1780,0
2022-10-21 10:36:00,1780,1780,1780,1780,0
2022-10-21 10:37:00,1780,1780,1780,1780,0
2022-10-21 10:38:00,1780,1780,1780,1780,0
2022-10-21 10:39:00,1780,1780,1780,1780,0
2022-10-21 10:40:00,1780,1780,1780,1780,0
2022-10-21 10:41:00,1780,1780,1780,1780,0
2022-10-21 10:42:00,1780,1780,1780,1780,0
2022-10-21 10:43:00,1780,1780,1780,1780,0
2022-10-21 10:44:00,1780,1780,1780,1780,0
2022-10-21 10:45:00,1780,1780,1780,1780,0
2022-10-21 10:46:00,1780,1780,1780,1780,0
2022-10-21 10:47:00,1780,1780,1780,1780,0
2022-10-21 10:48:00,1780,1780,1780,1780,0
2022-10-21 10:49:00,1780,1780,1780,1780,0
2022-10-21 10:50:00,1780,1780,1780,1780,0
2022-10-21 10:51:00,1780,1780,1780,1780,0
2022-10-21 10:52:00,1780,1780,1780,1780,0
2022-10-21 10:53:00,1780,1780,1780,1780,0
2022-10-21 10:54:00,1780,1780,1780,1780,0
2022-10-21 10:55:00,1780,1780,1780,1780,0
2022-10-21 10:56:00,1780,1780,1780,1780,0
2022-10-21 10:57:00,1780,1780,1780,1780,0
2022-10-21 10:58:00,1780,1780,1780,1780,0
2022-10-21 10:59:00,1780,1780,1780,1780,0
2022-10-21 11:00:00,1780,1780,1780,1780,0
2022-10-21 11:01:00,1780,1780,1780,1780,0
2022-10-21 11:02:00,1780,1780,1780,1780,0
2022-10-21 11:03:00,1780,1780,1780,1780,0
2022-10-21 11:04:00,1780,1780,1780,1780,0
2022-10-21 11:05:00,1780,1780,1780,1780,0
2022-10-21 11:06:00,1780,1780,1780,1780,0
2022-10-21 11:07:00,1780,1780,1780,1780,0
2022-10-21 11:08:00,1780,1780,1780,1780,0
2022-10-21 11:09:00,1780,1780,1780,1780,0
2022-10-21 11:10:00,1780,1780,1780,1780,0
2022-10-21 11:11:00,1780,1780,1780,1780,0
2022-10-21 11:12:00,1780,1780,1780,1780,0
2022-10-21 11:13:00,1780,1780,1780,1780,0
2022-10-21 11:14:00,1780,1780,1780,1780,0
2022-10-21 11:15:00,1780,1780,1780,1780,0
2022-10-21 11:16:00,1780,1780,1780,1780,0
2022-10-21 11:17:00,1780,1780,1780,1780,0
2022-10-21 11:18:00,1780,1780,1780,1780,0
2022-10-21 11:19:00,1780,1780,1780,1780,0
2022-10-21 11:20:00,1780,1780,1780,1780,0
2022-10-21 11:21:00,1780,1780,1780,1780,0
2022-10-21 11:22:00,1780,1780,1780,1780,0
2022-10-21 11:23:00,1780,1780,1780,1780,0
2022-10-21 11:24:00,1780,1780,1780,1780,0
2022-10-21 11:25:00,1780,1780,1780,1780,0
2022-10-21 11:26:00,1780,1780,1780,1780,0
2022-10-21 11:27:00,1780,1780,1780,1780,0
2022-10-21 11:28:00,1780,1780,1780,1780,0
2022-10-21 11:29:00,1780,1780,1780,1780,0
2022-10-21 11:30:00,1780,1780,1780,1780,0
2022-10-21 11:31:00,1780,1780,1780,1780,0
2022-10-21 11:32:00,1780,1780,1780,1780,0
2022-10-21 11:33:00,1780,1780,1780,1780,0
2022-10-21 11:34:00,1780,1780,1780,1780,0
2022-10-21 11:35:00,1780,1780,1780,1780,0
2022-10-21 11:36:00,1780,1780,1780,1780,0
2022-10-21 11:37:00,1780,1780,1780,1780,0
2022-10-21 11:38:00,1780,1780,1780,1780,0
2022-10-21 11:39:00,1780,1780,1780,1780,0
2022-10-21 11:40:00,1780,1780,1780,1780,0
2022-10-21 11:41:00,1780,1780,1780,1780,0
2022-10-21 11:42:00,1780,1780,1780,1780,0
2022-10-21 11:43:00,1780,1780,1780,1780,0
2022-10-21 11:44:00,1780,1780,1780,1780,0
2022-10-21 11:45:00,1780,1780,1780,1780,0
2022-10-21 11:46:00,1780,1780,1780,1780,0
2022-10-21 11:47:00,1780,1780,1780,1780,0
2022-10-21 11:48:00,1780,1780,1780,1780,0
2022-10-21 11:49:00,1780,1780,1780,1780,0
2022-10-21 11:50:00,1780,1780,1780,1780,0
2022-10-21 11:51:00,1780,1780,1780,1780,0
2022-10-21 11:52:00,1780,1780,1780,1780,0
2022-10-21 11:53:00,1780,1780,1780,1780,0
2022-10-21 11:54:00,1780,1780,1780,1780,0
2022-10-21 11:55:00,1780,1780,1780,1780,0
2022-10-21 11:56:00,1780,1780,1780,1780,0
2022-10-21 11:57:00,1780,1780,1780,1780,0
2022-10-21 11:58:00,1780,1780,1780,1780,0
2022-10-21 11:59:00,1780,1780,1780,1780,0
2022-10-21 12:00:00,1780,1780,1780,1780,0
2022-10-21 12:01:00,1780,1780,1780,1780,0
2022-10-21 12:02:00,1780,1780,1780,1780,0
2022-10-21 12:03:00,1780,1780,1780,1780,0
2022-10-21 12:04:00,1780,1780,1780,1780,0
2022-10-21 12:05:00,1780,1780,1780,1780,0
2022-10-21 12:06:00,1780,1780,1780,1780,0
2022-10-21 12:07:00,1780,1780,1780,1780,0
2022-10-21 12:08:00,1780,1780,1780,1780,0
2022-10-21 12:09:00,1780,1780,1780,1780,0
2022-10-21 12:10:00,1780,1780,1780,1780,0
2022-10-21 12:11:00,1780,1780,1780,1780,0
2022-10-21 12:12:00,1780,1780,1780,1780,0
2022-10-21 12:13:00,1780,1780,1780,1780,0
2022-10-21 12:14:00,1780,1780,1780,1780,0
2022-10-21 12:15:00,1780,1780,1780,1780,0
2022-10-21 12:16:00,1780,1780,1780,1780,0
2022-10-21 12:17:00,1780,1780,1780,1780,0
2022-10-21 12:18:00,1780,1780,1780,1780,0
2022-10-21 12:19:00,1780,1780,1780,1780,0
2022-10-21 12:20:00,1780,1780,1780,1780,0
2022-10-21 12:21:00,1780,1780,1780,1780,0
2022-10-21 12:22:00,1780,1780,1780,1780,0
2022-10-21 12:23:00,1780,1780,1780,1780,0
2022-10-21 12:24:00,1780,1780,1780,1780,0
2022-10-21 12:25:00,1780,1780,1780,1780,0
2022-10-21 12:26:00,1780,1780,1780,1780,0
2022-10-21 12:27:00,1780,1780,1780,1780,0
2022-10-21 12:28:00,1780,1780,1780,1780,0
2022-10-21 12:29:00,1780,1780,1780,1780,0
2022-10-21 12:30:00,1780,1780,1780,1780,0
2022-10-21 12:31:00,1780,1780,1780,1780,0
2022-10-21 12:32:00,1780,1780,1780,1780,0
2022-10-21 12:33:00,1780,1780,1780,1780,0
2022-10-21 12:34:00,1780,1780,1780,1780,0
2022-10-21 12:35:00,1780,1780,1780,1780,0
2022-10-21 12:36:00,1780,1780,1780,1780,0
2022-10-21 12:37:00,1780,1780,1780,1780,0
2022-10-21 12:38:00,1780,1780,1780,1780,0
2022-10-21 12:39:00,1780,1780,1780,1780,0
2022-10-21 12:40:00,1780,1780,1780,1780,0
2022-10-21 12:41:00,1780,1780,1780,1780,0
2022-10-21 12:42:00,1780,1780,1780,1780,0
2022-10-21 12:43:00,1780,1780,1780,1780,0
2022-10-21 12:44:00,1780,1780,1780,1780,0
2022-10-21 12:45:00,1780,1780,1780,1780,0
2022-10-21 12:46:00,1780,1780,1780,1780,0
2022-10-21 12:47:00,1780,1780,1780,1780,0
2022-10-21 12:48:00,1780,1780,1780,1780,0
2022-10-21 12:49:00,1780,1780,1780,1780,0
2022-10-21 12:50:00,1780,1780,1780,1780,0
2022-10-21 12:51:00,1780,1780,1780,1780,0
2022-10-21 12:52:00,1780,1780,1780,1780,0
2022-10-21 12:53:00,1780,1780,1780,1780,0
2022-10-21 12:54:00,1780,1780,1780,1780,0
2022-10-21 12:55:00,1780,1780,1780,1780,0
2022-10-21 12:56:00,1780,1780,1780,1780,0
2022-10-21 12:57:00,1780,1780,1780,1780,0
2022-10-21 12:58:00,1780,1780,1780,1780,0
2022-10-21 12:59:00,1780,1780,1780,1780,0
2022-10-21 13:00:00,1780,1780,1780,1780,0
2022-10-21 13:01:00,1780,1780,1780,1780,0
2022-10-21 13:02:00,1780,1780,1780,1780,0
2022-10-21 13:03:00,1780,1780,1780,1780,0
2022-10-21 13:04:00,1780,1780,1780,1780,0
2022-10-21 13:05:00,1780,1780,1780,1780,0
2022-10-21 13:06:00,1780,1780,1780,1780,0
2022-10-21 13:07:00,1780,1780,1780,1780,0
2022-10-21 13:08:00,1780,1780,1780,1780,0
2022-10-21 13:09:00,1780,1780,1780,1780,0
2022-10-21 13:10:00,1780,1780,1780,1780,0
2022-10-21 13:11:00,1780,1780,1780,1780,0
2022-10-21 13:12:00,1780,1780,1780,1780,0
2022-10-21 13:13:00,1780,1780,1780,1780,0
2022-10-21 13:14:00,1780,1780,1780,1780,0
2022-10-21 13:15:00,1780,1780,1780,1780,0
2022-10-21 13:16:00,1780,1780,1780,1780,0
2022-10-21 13:17:00,1780,1780,1780,1780,0
2022-10-21 13:18:00,1780,1780,1780,1780,0
2022-10-21 13:19:00,1780,1780,1780,1780,0
2022-10-21 13:20:00,1780,1780,1780,1780,0
2022-10-21 13:21:00,1780,1780,1780,1780,0
2022-10-21 13:22:00,1780,1780,1780,1780,0
2022-10-21 13:23:00,1780,1780,1780,1780,0
2022-10-21 13:24:00,1780,1780,1780,1780,0
2022-10-21 13:25:00,1780,1780,1780,1780,0
2022-10-21 13:26:00,1780,1780,1780,1780,0
2022-10-21 13:27:00,1780,1780,1780,1780,0
2022-10-21 13:28:00,1780,1780,1780,1780,0
2022-10-21 13:29:00,1780,1780,1780,1780,0
2022-10-21 13:30:00,1780,1780,1780,1780,0
2022-10-21 13:31:00,1780,1780,1780,1780,0
2022-10-21 13:32:00,1780,1780,1780,1780,0
2022-10-21 13:33:00,1780,1780,1780,1780,0
2022-10-21 13:34:00,1780,1780,1780,1780,0
2022-10-21 13:35:00,1780,1780,1780,1780,0
2022-10-21 13:36:00,1780,1780,1780,1780,0
2022-10-21 13:37:00,1780,1780,1780,1780,0
2022-10-21 13:38:00,1780,1780,1780,1780,0
2022-10-21 13:39:00,1780,1780,1780,1780,0
2022-10-21 13:40:00,1780,1780,1780,1780,0
2022-10-21 13:41:00,1780,1780,1780,1780,0
2022-10-21 13:42:00,1780,1780,1780,1780,0
2022-10-21 13:43:00,1780,1780,1780,1780,0
2022-10-21 13:44:00,1780,1780,1780,1780,0
2022-10-21 13:45:00,1780,1780,1780,1780,0
2022-10-21 13:46:00,1780,1780,1780,1780,0
2022-10-21 13:47:00,1780,1780,1780,1780,0
2022-10-21 13:48:00,1780,1780,1780,1780,0
2022-10-21 13:49:00,1780,1780,1780,1780,0
2022-10-21 13:50:00,1780,1780,1780,1780,0
2022-10-21 13:51:00,1780,1780,1780,1780,0
2022-10-21 13:52:00,1780,1780,1780,1780,0
2022-10-21 13:53:00,1780,1780,1780,1780,0
2022-10-21 13:54:00,1780,1780,1780,1780,0
2022-10-21 13:55:00,1780,1780,1780,1780,0
2022-10-21 13:56:00,1780,1780,1780,1780,0
2022-10-21 13:57:00,1780,1780,1780,1780,0
2022-10-21 13:58:00,1780,1780,1780,1780,0
2022-10-21 13:59:00,1780,1780,1780,1780,0
2022-10-21 14:00:00,1780,1780,1780,1780,0
2022-10-21 14:01:00,1780,1780,1780,1780,0
2022-10-21 14:02:00,1780,1780,1780,1780,0
2022-10-21 14:03:00,1780,1780,1780,1780,0
2022-10-21 14:04:00,1780,1780,1780,1780,0
2022-10-21 14:05:00,1780,1780,1780,1780,0
2022-10-21 14:06:00,1780,1780,1780,1780,0
2022-10-21 14:07:00,1780,1780,1780,1780,0
2022-10-21 14:08:00,1780,1780,1780,1780,0
2022-10-21 14:09:00,1780,1780,1780,1780,0
2022-10-21 14:10:00,1780,1780,1780,1780,0
2022-10-21 14:11:00,1780,1780,1780,1780,0
2022-10-21 14:12:00,1780,1780,1780,1780,0
2022-10-21 14:13:00,1780,1780,1780,1780,0
2022-10-21 14:14:00,1780,1780,1780,1780,0
2022-10-21 14:15:00,1780,1780,1780,1780,0
2022-10-21 14:16:00,1780,1780,1780,1780,0
2022-10-21 14:17:00,1780,1780,1780,1780,0
2022-10-21 14:18:00,1780,1780,1780,1780,0
2022-10-21 14:19:00,1780,1780,1780,1780,0
2022-10-21 14:20:00,1780,1780,1780,1780,0
2022-10-21 14:21:00,1780,1780,1780,1780,0
2022-10-21 14:22:00,1780,1780,1780,1780,0
2022-10-21 14:23:00,1780,1780,1780,1780,0
2022-10-21 14:24:00,1780,1780,1780,1780,0
2022-10-21 14:25:00,1780,1780,1780,1780,0
2022-10-21 14:26:00,1780,1780,1780,1780,0
2022-10-21 14:27:00,1780,1780,1780,1780,0
2022-10-21 14:28:00,1780,1780,1780,1780,0
2022-10-21 14:29:00,1780,1780,1780,1780,0
2022-10-21 14:30:00,1780,1780,1780,1780,0
2022-10-21 14:31:00,1780,1780,1780,1780,0
2022-10-21 14:32:00,1780,1780,1780,1780,0
2022-10-21 14:33:00,1780,1780,1780,1780,0
2022-10-21 14:34:00,1780,1780,1780,1780,0
2022-10-21 14:35:00,1780,1780,1780,1780,0
2022-10-21 14:36:00,1780,1780,1780,1780,0
2022-10-21 14:37:00,1780,1780,1780,1780,0
2022-10-21 14:38:00,1780,1780,1780,1780,0
2022-10-21 14:39:00,1780,1780,1780,1780,0
2022-10-21 14:40:00,1780,1780,1780,1780,0
2022-10-21 14:41:00,1780,1780,1780,1780,0
2022-10-21 14:42:00,1780,1780,1780,1780,0
2022-10-21 14:43:00,1780,1780,1780,1780,0
2022-10-21 14:44:00,1780,1780,1780,1780,0
2022-10-21 14:45:00,1780,1780,1780,1780,0
2022-10-21 14:46:00,1780,1780,1780,1780,0
2022-10-21 14:47:00,1780,1780,1780,1780,0
2022-10-21 14:48:00,1780,1780,1780,1780,0
2022-10-21 14:49:00,1780,1780,1780,1780,0
2022-10-21 14:50:00,1780,1780,1780,1780,0
2022-10-21 14:51:00,1780,1780,1780,1780,0
2022-10-21 14:52:00,1780,1780,1780,1780,0
2022-10-21 14:53:00,1780,1780,1780,1780,0
2022-10-21 14:54:00,1780,1780,1780,1780,0
2022-10-21 14:55:00,1780,1780,1780,1780,0
2022-10-21 14:56:00,1780,1780,1780,1780,0
2022-10-21 14:57:00,1780,1780,1780,1780,0
2022-10-21 14:58:00,1780,1780,1780,1780,0
2022-10-21 14:59:00,1780,1780,1780,1780,0
2022-10-21 15:00:00,1780,1780,1780,1780,0
2022-10-21 15:01:00,1780,1780,1780,1780,0
2022-10-21 15:02:00,1780,1780,1780,1780,0
2022-10-21 15:03:00,1780,1780,1780,1780,0
2022-10-21 15:04:00,1780,1780,1780,1780,0
2022-10-21 15:05:00,1780,1780,1780,1780,0
2022-10-21 15:06:00,1780,1780,1780,1780,0
2022-10-21 15:07:00,1780,1780,1780,1780,0
2022-10-21 15:08:00,1780,1780,1780,1780,0
2022-10-21 15:09:00,1780,1780,1780,1780,0
2022-10-21 15:10:00,1780,1780,1780,1780,0
2022-10-21 15:11:00,1780,1780,1780,1780,0
2022-10-21 15:12:00,1780,1780,1780,1780,0
2022-10-21 15:13:00,1780,1780,1780,1780,0
2022-10-21 15:14:00,1780,1780,1780,1780,0
2022-10-21 15:15:00,1780,1780,1780,1780,0
2022-10-21 15:16:00,1780,1780,1780,1780,0
2022-10-21 15:17:00,1780,1780,1780,1780,0
2022-10-21 15:18:00,1780,1780,1780,1780,0
2022-10-21 15:19:00,1780,1780,1780,1780,0
2022-10-21 15:20:00,1780,1780,1780,1780,0
2022-10-21 15:21:00,1780,1780,1780,1780,0
2022-10-21 15:22:00,1780,1780,1780,1780,0
2022-10-21 15:23:00,1780,1780,1780,1780,0
2022-10-21 15:24:00,1780,1780,1780,1780,0
2022-10-21 15:25:00,1780,1780,1780,1780,0
2022-10-21 15:26:00,1780,1780,1780,1780,0
2022-10-21 15:27:00,1780,1780,1780,1780,0
2022-10-21 15:28:00,1780,1780,1780,1780,0
2022-10-21 15:29:00,1780,1780,1780,1780,0
2022-10-21 15:30:00,1780,1780,1780,1780,0
2022-10-21 15:31:00,1780,1780,1780,1780,0
2022-10-21 15:32:00,1780,1780,1780,1780,0
2022-10-21 15:33:00,1780,1780,1780,1780,0
2022-10-21 15:34:00,1780,1780,1780,1780,0
2022-10-21 15:35:00,1780,1780,1780,1780,0
2022-10-21 15:36:00,1780,1780,1780,1780,0
2022-10-21 15:37:00,1780,1780,1780,1780,0
2022-10-21 15:38:00,1780,1780,1780,1780,0
2022-10-21 15:39:00,1780,1780,1780,1780,0
2022-10-21 15:40:00,1780,1780,1780,1780,0
2022-10-21 15:41:00,1780,1780,1780,1780,0
2022-10-21 15:42:00,1780,1780,1780,1780,0
2022-10-21 15:43:00,1780,1780,1780,1780,0
2022-10-21 15:44:00,1780,1780,1780,1780,0
2022-10-21 15:45:00,1780,1780,1780,1780,0
2022-10-21 15:46:00,1780,1780,1780,1780,0
2022-10-21 15:47:00,1780,1780,1780,1780,0
2022-10-21 15:48:00,1780,1780,1780,1780,0
2022-10-21 15:49:00,1780,1780,1780,1780,0
2022-10-21 15:50:00,1780,1780,1780,1780,0
2022-10-21 15:51:00,1780,1780,1780,1780,0
2022-10-21 15:52:00,1780,1780,1780,1780,0
2022-10-21 15:53:00,1780,1780,1780,1780,0
2022-10-21 15:54:00,1780,1780,1780,1780,0
2022-10-21 15:55:00,1780,1780,1780,1780,0
2022-10-21 15:56:00,1780,1780,1780,1780,0
2022-10-21 15:57:00,1780,1780,1780,1780,0
2022-10-21 15:58:00,1780,1780,1780,1780,0
2022-10-21 15:59:00,1780,1780,1780,1780,0
2022-10-24 09:00:00,1775,1775,1775,1775,0
2022-10-24 09:01:00,1775,1775,1775,1775,0
2022-10-24 09:02:00,1775,1775,1775,1775,0
2022-10-24 09:03:00,1775,1775,1775,1775,0
2022-10-24 09:04:00,1775,1775,1775,1775,0
2022-10-24 09:05:00,1775,1775,1775,1775,0
2022-10-24 09:06:00,1775,1775,1775,1775,0
2022-10-24 09:07:00,1775,1775,1775,1775,0
2022-10-24 09:08:00,1775,1775,1775,1775,0
2022-10-24 09:09:00,1775,1775,1775,1775,0
2022-10-24 09:10:00,1775,1775,1775,1775,0
2022-10-24 09:11:00,1775,1775,1775,1775,0
2022-10-24 09:12:00,1775,1775,1775,1775,0
2022-10-24 09:13:00,1775,1775,1775,1775,0
2022-10-24 09:14:00,1775,1775,1775,1775,0
2022-10-24 09:15:00,1775,1775,1775,1775,0
2022-10-24 09:16:00,1775,1775,1775,1775,0
2022-10-24 09:17:00,1775,1775,1775,1775,0
2022-10-24 09:18:00,1775,1775,1775,1775,0
2022-10-24 09:19:00,1775,1775,1775,1775,0
2022-10-24 09:20:00,1775,1775,1775,1775,0
2022-10-24 09:21:00,1775,1775,1775,1775,0
2022-10-24 09:22:00,1775,1775,1775,1775,0
2022-10-24 09:23:00,1775,1775,1775,1775,0
2022-10-24 09:24:00,1775,1775,1775,1775,0
2022-10-24 09:25:00,1775,1775,1775,1775,0
2022-10-24 09:26:00,1775,1775,1775,1775,0
2022-10-24 09:27:00,1775,1775,1775,1775,0
2022-10-24 09:28:00,1775,1775,1775,1775,0
2022-10-24 09:29:00,1775,1775,1775,1775,0
2022-10-24 09:30:00,1775,1775,1775,1775,0
2022-10-24 09:31:00,1775,1775,1775,1775,0
2022-10-24 09:32:00,1775,1775,1775,1775,0
2022-10-24 09:33:00,1775,1775,1775,1775,0
2022-10-24 09:34:00,1775,1775,1775,1775,0
2022-10-24 09:35:00,1775,1775,1775,1775,0
2022-10-24 09:36:00,1775,1775,1775,1775,0
2022-10-24 09:37:00,1775,1775,1775,1775,0
2022-10-24 09:38:00,1775,1775,1775,1775,0
2022-10-24 09:39:00,1775,1775,1775,1775,0
2022-10-24 09:40:00,1775,1775,1775,1775,0
2022-10-24 09:41:00,1775,1775,1775,1775,0
2022-10-24 09:42:00,1775,1775,1775,1775,0
2022-10-24 09:43:00,1775,1775,1775,1775,0
2022-10-24 09:44:00,1775,1775,1775,1775,0
2022-10-24 09:45:00,1775,1775,1775,1775,0
2022-10-24 09:46:00,1775,1775,1775,1775,0
2022-10-24 09:47:00,1775,1775,1775,1775,0
2022-10-24 09:48:00,1775,1775,1775,1775,0
2022-10-24 09:49:00,1775,1775,1775,1775,0
2022-10-24 09:50:00,1775,1775,1775,1775,0
2022-10-24 09:51:00,1775,1775,1775,1775,0
2022-10-24 09:52:00,1775,1775,1775,1775,0
2022-10-24 09:53:00,1775,1775,1775,1775,0
2022-10-24 09:54:00,1775,1775,1775,1775,0
2022-10-24 09:55:00,1775,1775,1775,1775,0
2022-10-24 09:56:00,1775,1775,1775,1775,0
2022-10-24 09:57:00,1775,1775,1775,1775,0
2022-10-24 09:58:00,1775,1775,1775,1775,0
2022-10-24 09:59:00,1775,1775,1775,1775,0
2022-10-24 10:00:00,1775,1775,1775,1775,0
2022-10-24 10:01:00,1775,1775,1775,1775,0
2022-10-24 10:02:00,1775,1775,1775,1775,0
2022-10-24 10:03:00,1775,1775,1775,1775,0
2022-10-24 10:04:00,1775,1775,1775,1775,0
2022-10-24 10:05:00,1775,1775,1775,1775,0
2022-10-24 10:06:00,1775,1775,1775,1775,0
2022-10-24 10:07:00,1775,1775,1775,1775,0
2022-10-24 10:08:00,1775,1775,1775,1775,0
2022-10-24 10:09:00,1775,1775,1775,1775,0
2022-10-24 10:10:00,1775,1775,1775,1775,0
2022-10-24 10:11:00,1775,1775,1775,1775,0
2022-10-24 10:12:00,1775,1775,1775,1775,0
2022-10-24 10:13:00,1775,1775,1775,1775,0
2022-10-24 10:14:00,1775,1775,1775,1775,0
2022-10-24 10:15:00,1775,1775,1775,1775,0
2022-10-24 10:16:00,1775,1775,1775,1775,0
2022-10-24 10:17:00,1775,1775,1775,1775,0
2022-10-24 10:18:00,1775,1775,1775,1775,0
2022-10-24 10:19:00,1775,1775,1775,1775,0
2022-10-24 10:20:00,1775,1775,1775,1775,0
2022-10-24 10:21:00,1775,1775,1775,1775,0
2022-10-24 10:22:00,1775,1775,1775,1775,0
2022-10-24 10:23:00,1775,1775,1775,1775,0
2022-10-24 10:24:00,1775,1775,1775,1775,0
2022-10-24 10:25:00,1775,1775,1775,1775,0
2022-10-24 10:26:00,1775,1775,1775,1775,0
2022-10-24 10:27:00,1775,1775,1775,1775,0
2022-10-24 10:28:00,1775,1775,1775,1775,0
2022-10-24 10:29:00,1775,1775,1775,1775,0
2022-10-24 10:30:00,1775,1775,1775,1775,0
2022-10-24 10:31:00,1775,1775,1775,1775,0
2022-10-24 10:32:00,1775,1775,1775,1775,0
2022-10-24 10:33:00,1775,1775,1775,1775,0
2022-10-24 10:34:00,1775,1775,1775,1775,0
2022-10-24 10:35:00,1775,1775,1775,1775,0
2022-10-24 10:36:00,1775,1775,1775,1775,0
2022-10-24 10:37:00,1775,1775,1775,1775,0
2022-10-24 10:38:00,1775,1775,1775,1775,0
2022-10-24 10:39:00,1775,1775,1775,1775,0
2022-10-24 10:40:00,1775,1775,1775,1775,0
2022-10-24 10:41:00,1775,1775,1775,1775,0
2022-10-24 10:42:00,1775,1775,1775,1775,0
2022-10-24 10:43:00,1775,1775,1775,1775,0
2022-10-24 10:44:00,1775,1775,1775,1775,0
2022-10-24 10:45:00,1775,1775,1775,1775,0
2022-10-24 10:46:00,1775,1775,1775,1775,0
2022-10-24 10:47:00,1775,1775,1775,1775,0
2022-10-24 10:48:00,1775,1775,1775,1775,0
2022-10-24 10:49:00,1775,1775,1775,1775,0
2022-10-24 10:50:00,1775,1775,1775,1775,0
2022-10-24 10:51:00,1775,1775,1775,1775,0
2022-10-24 10:52:00,1775,1775,1775,1775,0
2022-10-24 10:53:00,1775,1775,1775,1775,0
2022-10-24 10:54:00,1775,1775,1775,1775,0
2022-10-24 10:55:00,1775,1775,1775,1775,0
2022-10-24 10:56:00,1775,1775,1775,1775,0
2022-10-24 10:57:00,1775,1775,1775,1775,0
2022-10-24 10:58:00,1775,1775,1775,1775,0
2022-10-24 10:59:00,1775,1775,1775,1775,0
2022-10-24 11:00:00,1775,1775,1775,1775,0
2022-10-24 11:01:00,1775,1775,1775,1775,0
2022-10-24 11:02:00,1775,1775,1775,1775,0
2022-10-24 11:03:00,1775,1775,1775,1775,0
2022-10-24 11:04:00,1775,1775,1775,1775,0
2022-10-24 11:05:00,1775,1775,1775,1775,0
2022-10-24 11:06:00,1775,1775,1775,1775,0
2022-10-24 11:07:00,1775,1775,1775,1775,0
2022-10-24 11:08:00,1775,1775,1775,1775,0
2022-10-24 11:09:00,1775,1775,1775,1775,0
2022-10-24 11:10:00,1775,1775,1775,1775,0
2022-10-24 11:11:00,1775,1775,1775,1775,0
2022-10-24 11:12:00,1775,1775,1775,1775,0
2022-10-24 11:13:00,1775,1775,1775,1775,0
2022-10-24 11:14:00,1775,1775,1775,1775,0
2022-10-24 11:15:00,1775,1775,1775,1775,0
2022-10-24 11:16:00,1775,1775,1775,1775,0
2022-10-24 11:17:00,1775,1775,1775,1775,0
2022-10-24 11:18:00,1775,1775,1775,1775,0
2022-10-24 11:19:00,1775,1775,1775,1775,0
2022-10-24 11:20:00,1775,1775,1775,1775,0
2022-10-24 11:21:00,1775,1775,1775,1775,0
2022-10-24 11:22:00,1775,1775,1775,1775,0
2022-10-24 11:23:00,1775,1775,1775,1775,0
2022-10-24 11:24:00,1775,1775,1775,1775,0
2022-10-24 11:25:00,1775,1775,1775,1775,0
2022-10-24 11:26:00,1775,1775,1775,1775,0
2022-10-24 11:27:00,1775,1775,1775,1775,0
2022-10-24 11:28:00,1775,1775,1775,1775,0
2022-10-24 11:29:00,1775,1775,1775,1775,0
2022-10-24 11:30:00,1775,1775,1775,1775,0
2022-10-24 11:31:00,1775,1775,1775,1775,0
2022-10-24 11:32:00,1775,1775,1775,1775,0
2022-10-24 11:33:00,1775,1775,1775,1775,0
2022-10-24 11:34:00,1775,1775,1775,1775,0
2022-10-24 11:35:00,1775,1775,1775,1775,0
2022-10-24 11:36:00,1775,1775,1775,1775,0
2022-10-24 11:37:00,1775,1775,1775,1775,0
2022-10-24 11:38:00,1775,1775,1775,1775,0
2022-10-24 11:39:00,1775,1775,1775,1775,0
2022-10-24 11:40:00,1775,1775,1775,1775,0
2022-10-24 11:41:00,1775,1775,1775,1775,0
2022-10-24 11:42:00,1775,1775,1775,1775,0
2022-10-24 11:43:00,1775,1775,1775,1775,0
2022-10-24 11:44:00,1775,1775,1775,1775,0
2022-10-24 11:45:00,1775,1775,1775,1775,0
2022-10-24 11:46:00,1775,1775,1775,1775,0
2022-10-24 11:47:00,1775,1775,1775,1775,0
2022-10-24 11:48:00,1775,1775,1775,1775,0
2022-10-24 11:49:00,1775,1775,1775,1775,0
2022-10-24 11:50:00,1775,1775,1775,1775,0
2022-10-24 11:51:00,1775,1775,1775,1775,0
2022-10-24 11:52:00,1775,1775,1775,1775,0
2022-10-24 11:53:00,1775,1775,1775,1775,0
2022-10-24 11:54:00,1775,1775,1775,1775,0
2022-10-24 11:55:00,1775,1775,1775,1775,0
2022-10-24 11:56:00,1775,1775,1775,1775,0
2022-10-24 11:57:00,1775,1775,1775,1775,0
2022-10-24 11:58:00,1775,1775,1775,1775,0
2022-10-24 11:59:00,1775,1775,1775,1775,0
2022-10-24 12:00:00,1775,1775,1775,1775,0
2022-10-24 12:01:00,1775,1775,1775,1775,0
2022-10-24 12:02:00,1775,1775,1775,1775,0
2022-10-24 12:03:00,1775,1775,1775,1775,0
2022-10-24 12:04:00,1775,1775,1775,1775,0
2022-10-24 12:05:00,1775,1775,1775,1775,0
2022-10-24 12:06:00,1775,1775,1775,1775,0
2022-10-24 12:07:00,1775,1775,1775,1775,0
2022-10-24 12:08:00,1775,1775,1775,1775,0
2022-10-24 12:09:00,1775,1775,1775,1775,0
2022-10-24 12:10:00,1775,1775,1775,1775,0
2022-10-24 12:11:00,1775,1775,1775,1775,0
2022-10-24 12:12:00,1775,1775,1775,1775,0
2022-10-24 12:13:00,1775,1775,1775,1775,0
2022-10-24 12:14:00,1775,1775,1775,1775,0
2022-10-24 12:15:00,1775,1775,1775,1775,0
2022-10-24 12:16:00,1775,1775,1775,1775,0
2022-10-24 12:17:00,1775,1775,1775,1775,0
2022-10-24 12:18:00,1775,1775,1775,1775,0
2022-10-24 12:19:00,1775,1775,1775,1775,0
2022-10-24 12:20:00,1775,1775,1775,1775,0
2022-10-24 12:21:00,1775,1775,1775,1775,0
2022-10-24 12:22:00,1775,1775,1775,1775,0
2022-10-24 12:23:00,1775,1775,1775,1775,0
2022-10-24 12:24:00,1775,1775,1775,1775,0
2022-10-24 12:25:00,1775,1775,1775,1775,0
2022-10-24 12:26:00,1775,1775,1775,1775,0
2022-10-24 12:27:00,1775,1775,1775,1775,0
2022-10-24 12:28:00,1775,1775,1775,1775,0
2022-10-24 12:29:00,1775,1775,1775,1775,0
2022-10-24 12:30:00,1775,1775,1775,1775,0
2022-10-24 12:31:00,1775,1775,1775,1775,0
2022-10-24 12:32:00,1775,1775,1775,1775,0
2022-10-24 12:33:00,1775,1775,1775,1775,0
2022-10-24 12:34:00,1775,1775,1775,1775,0
2022-10-24 12:35:00,1775,1775,1775,1775,0
2022-10-24 12:36:00,1775,1775,1775,1775,0
2022-10-24 12:37:00,1775,1775,1775,1775,0
2022-10-24 12:38:00,1775,1775,1775,1775,0
2022-10-24 12:39:00,1775,1775,1775,1775,0
2022-10-24 12:40:00,1775,1775,1775,1775,0
2022-10-24 12:41:00,1775,1775,1775,1775,0
2022-10-24 12:42:00,1775,1775,1775,1775,0
2022-10-24 12:43:00,1775,1775,1775,1775,0
2022-10-24 12:44:00,1775,1775,1775,1775,0
2022-10-24 12:45:00,1775,1775,1775,1775,0
2022-10-24 12:46:00,1775,1775,1775,1775,0
2022-10-24 12:47:00,1775,1775,1775,1775,0
2022-10-24 12:48:00,1775,1775,1775,1775,0
2022-10-24 12:49:00,1775,1775,1775,1775,0
2022-10-24 12:50:00,1775,1775,1775,1775,0
2022-10-24 12:51:00,1775,1775,1775,1775,0
2022-10-24 12:52:00,1775,1775,1775,1775,0
2022-10-24 12:53:00,1775,1775,1775,1775,0
2022-10-24 12:54:00,1775,1775,1775,1775,0
2022-10-24 12:55:00,1775,1775,1775,1775,0
2022-10-24 12:56:00,1775,1775,1775,1775,0
2022-10-24 12:57:00,1775,1775,1775,1775,0
2022-10-24 12:58:00,1775,1775,1775,1775,0
2022-10-24 12:59:00,1775,1775,1775,1775,0
2022-10-24 13:00:00,1775,1775,1775,1775,0
2022-10-24 13:01:00,1775,1775,1775,1775,0
2022-10-24 13:02:00,1775,1775,1775,1775,0
2022-10-24 13:03:00,1775,1775,1775,1775,0
2022-10-24 13:04:00,1775,1775,1775,1775,0
2022-10-24 13:05:00,1775,1775,1775,1775,0
2022-10-24 13:06:00,1775,1775,1775,1775,0
2022-10-24 13:07:00,1775,1775,1775,1775,0
2022-10-24 13:08:00,1775,1775,1775,1775,0
2022-10-24 13:09:00,1775,1775,1775,1775,0
2022-10-24 13:10:00,1775,1775,1775,1775,0
2022-10-24 13:11:00,1775,1775,1775,1775,0
2022-10-24 13:12:00,1775,1775,1775,1775,0
2022-10-24 13:13:00,1775,1775,1775,1775,0
2022-10-24 13:14:00,1775,1775,1775,1775,0
2022-10-24 13:15:00,1775,1775,1775,1775,0
2022-10-24 13:16:00,1775,1775,1775,1775,0
2022-10-24 13:17:00,1775,1775,1775,1775,0
2022-10-24 13:18:00,1775,1775,1775,1775,0
2022-10-24 13:19:00,1775,1775,1775,1775,0
2022-10-24 13:20:00,1775,1775,1775,1775,0
2022-10-24 13:21:00,1775,1775,1775,1775,0
2022-10-24 13:22:00,1775,1775,1775,1775,0
2022-10-24 13:23:00,1775,1775,1775,1775,0
2022-10-24 13:24:00,1775,1775,1775,1775,0
2022-10-24 13:25:00,1775,1775,1775,1775,0
2022-10-24 13:26:00,1775,1775,1775,1775,0
2022-10-24 13:27:00,1775,1775,1775,1775,0
2022-10-24 13:28:00,1775,1775,1775,1775,0
2022-10-24 13:29:00,1775,1775,1775,1775,0
2022-10-24 13:30:00,1775,1775,1775,1775,0
2022-10-24 13:31:00,1775,1775,1775,1775,0
2022-10-24 13:32:00,1775,1775,1775,1775,0
2022-10-24 13:33:00,1775,1775,1775,1775,0
2022-10-24 13:34:00,1775,1775,1775,1775,0
2022-10-24 13:35:00,1775,1775,1775,1775,0
2022-10-24 13:36:00,1775,1775,1775,1775,0
2022-10-24 13:37:00,1775,1775,1775,1775,0
2022-10-24 13:38:00,1775,1775,1775,1775,0
2022-10-24 13:39:00,1775,1775,1775,1775,0
2022-10-24 13:40:00,1775,1775,1775,1775,0
2022-10-24 13:41:00,1775,1775,1775,1775,0
2022-10-24 13:42:00,1775,1775,1775,1775,0
2022-10-24 13:43:00,1775,1775,1775,1775,0
2022-10-24 13:44:00,1775,1775,1775,1775,0
2022-10-24 13:45:00,1775,1775,1775,1775,0
2022-10-24 13:46:00,1775,1775,1775,1775,0
2022-10-24 13:47:00,1775,1775,1775,1775,0
2022-10-24 13:48:00,1775,1775,1775,1775,0
2022-10-24 13:49:00,1775,1775,1775,1775,0
2022-10-24 13:50:00,1775,1775,1775,1775,0
2022-10-24 13:51:00,1775,1775,1775,1775,0
2022-10-24 13:52:00,1775,1775,1775,1775,0
2022-10-24 13:53:00,1775,1775,1775,1775,0
2022-10-24 13:54:00,1775,1775,1775,1775,0
2022-10-24 13:55:00,1775,1775,1775,1775,0
2022-10-24 13:56:00,1775,1775,1775,1775,0
2022-10-24 13:57:00,1775,1775,1775,1775,0
2022-10-24 13:58:00,1775,1775,1775,1775,0
2022-10-24 13:59:00,1775,1775,1775,1775,0
2022-10-24 14:00:00,1775,1775,1775,1775,0
2022-10-24 14:01:00,1775,1775,1775,1775,0
2022-10-24 14:02:00,1775,1775,1775,1775,0
2022-10-24 14:03:00,1775,1775,1775,1775,0
2022-10-24 14:04:00,1775,1775,1775,1775,0
2022-10-24 14:05:00,1775,1775,1775,1775,0
2022-10-24 14:06:00,1775,1775,1775,1775,0
2022-10-24 14:07:00,1775,1775,1775,1775,0
2022-10-24 14:08:00,1775,1775,1775,1775,0
2022-10-24 14:09:00,1775,1775,1775,1775,0
2022-10-24 14:10:00,1775,1775,1775,1775,0
2022-10-24 14:11:00,1775,1775,1775,1775,0
2022-10-24 14:12:00,1775,1775,1775,1775,0
2022-10-24 14:13:00,1775,1775,1775,1775,0
2022-10-24 14:14:00,1775,1775,1775,1775,0
2022-10-24 14:15:00,1775,1775,1775,1775,0
2022-10-24 14:16:00,1775,1775,1775,1775,0
2022-10-24 14:17:00,1775,1775,1775,1775,0
2022-10-24 14:18:00,1775,1775,1775,1775,0
2022-10-24 14:19:00,1775,1775,1775,1775,0
2022-10-24 14:20:00,1775,1775,1775,1775,0
2022-10-24 14:21:00,1775,1775,1775,1775,0
2022-10-24 14:22:00,1775,1775,1775,1775,0
2022-10-24 14:23:00,1775,1775,1775,1775,0
2022-10-24 14:24:00,1775,1775,1775,1775,0
2022-10-24 14:25:00,1775,1775,1775,1775,0
2022-10-24 14:26:00,1775,1775,1775,1775,0
2022-10-24 14:27:00,1775,1775,1775,1775,0
2022-10-24 14:28:00,1775,1775,1775,1775,0
2022-10-24 14:29:00,1775,1775,1775,1775,0
2022-10-24 14:30:00,1775,1775,1775,1775,0
2022-10-24 14:31:00,1775,1775,1775,1775,0
2022-10-24 14:32:00,1775,1775,1775,1775,0
2022-10-24 14:33:00,1775,1775,1775,1775,0
2022-10-24 14:34:00,1775,1775,1775,1775,0
2022-10-24 14:35:00,1775,1775,1775,1775,0
2022-10-24 14:36:00,1775,1775,1775,1775,0
2022-10-24 14:37:00,1775,1775,1775,1775,0
2022-10-24 14:38:00,1775,1775,1775,1775,0
2022-10-24 14:39:00,1775,1775,1775,1775,0
2022-10-24 14:40:00,1775,1775,1775,1775,0
2022-10-24 14:41:00,1775,1775,1775,1775,0
2022-10-24 14:42:00,1775,1775,1775,1775,0
2022-10-24 14:43:00,1775,1775,1775,1775,0
2022-10-24 14:44:00,1775,1775,1775,1775,0
2022-10-24 14:45:00,1775,1775,1775,1775,0
2022-10-24 14:46:00,1775,1775,1775,1775,0
2022-10-24 14:47:00,1775,1775,1775,1775,0
2022-10-24 14:48:00,1775,1775,1775,1775,0
2022-10-24 14:49:00,1775,1775,1775,1775,0
2022-10-24 14:50:00,1775,1775,1775,1775,0
2022-10-24 14:51:00,1775,1775,1775,1775,0
2022-10-24 14:52:00,1775,1775,1775,1775,0
2022-10-24 14:53:00,1775,1775,1775,1775,0
2022-10-24 14:54:00,1775,1775,1775,1775,0
2022-10-24 14:55:00,1775,1775,1775,1775,0
2022-10-24 14:56:00,1775,1775,1775,1775,0
2022-10-24 14:57:00,1775,1775,1775,1775,0
2022-10-24 14:58:00,1775,1775,1775,1775,0
2022-10-24 14:59:00,1775,1775,1775,1775,0
2022-10-24 15:00:00,1775,1775,1775,1775,0
2022-10-24 15:01:00,1775,1775,1775,1775,0
2022-10-24 15:02:00,1775,1775,1775,1775,0
2022-10-24 15:03:00,1775,1775,1775,1775,0
2022-10-24 15:04:00,1775,1775,1775,1775,0
2022-10-24 15:05:00,1775,1775,1775,1775,0
2022-10-24 15:06:00,1775,1775,1775,1775,0
2022-10-24 15:07:00,1775,1775,1775,1775,0
2022-10-24 15:08:00,1775,1775,1775,1775,0
2022-10-24 15:09:00,1775,1775,1775,1775,0
2022-10-24 15:10:00,1775,1775,1775,1775,0
2022-10-24 15:11:00,1775,1775,1775,1775,0
2022-10-24 15:12:00,1775,1775,1775,1775,0
2022-10-24 15:13:00,1775,1775,1775,1775,0
2022-10-24 15:14:00,1775,1775,1775,1775,0
2022-10-24 15:15:00,1775,1775,1775,1775,0
2022-10-24 15:16:00,1775,1775,1775,1775,0
2022-10-24 15:17:00,1775,1775,1775,1775,0
2022-10-24 15:18:00,1775,1775,1775,1775,0
2022-10-24 15:19:00,1775,1775,1775,1775,0
2022-10-24 15:20:00,1775,1775,1775,1775,0
2022-10-24 15:21:00,1775,1775,1775,1775,0
2022-10-24 15:22:00,1775,1775,1775,1775,0
2022-10-24 15:23:00,1775,1775,1775,1775,0
2022-10-24 15:24:00,1775,1775,1775,1775,0
2022-10-24 15:25:00,1775,1775,1775,1775,0
2022-10-24 15:26:00,1775,1775,1775,1775,0
2022-10-24 15:27:00,1775,1775,1775,1775,0
2022-10-24 15:28:00,1775,1775,1775,1775,0
2022-10-24 15:29:00,1775,1775,1775,1775,0
2022-10-24 15:30:00,1775,1775,1775,1775,0
2022-10-24 15:31:00,1775,1775,1775,1775,0
2022-10-24 15:32:00,1775,1775,1775,1775,0
2022-10-24 15:33:00,1775,1775,1775,1775,0
2022-10-24 15:34:00,1775,1775,1775,1775,0
2022-10-24 15:35:00,1775,1775,1775,1775,0
2022-10-24 15:36:00,1775,1775,1775,1775,0
2022-10-24 15:37:00,1775,1775,1775,1775,0
2022-10-24 15:38:00,1775,1775,1775,1775,0
2022-10-24 15:39:00,1775,1775,1775,1775,0
2022-10-24 15:40:00,1775,1775,1775,1775,0
2022-10-24 15:41:00,1775,1775,1775,1775,0
2022-10-24 15:42:00,1775,1775,1775,1775,0
2022-10-24 15:43:00,1775,1775,1775,1775,0
2022-10-24 15:44:00,1775,1775,1775,1775,0
2022-10-24 15:45:00,1775,1775,1775,1775,0
2022-10-24 15:46:00,1775,1775,1775,1775,0
2022-10-24 15:47:00,1775,1775,1775,1775,0
2022-10-24 15:48:00,1775,1775,1775,1775,0
2022-10-24 15:49:00,1775,1775,1775,1775,0
2022-10-24 15:50:00,1775,1775,1775,1775,0
2022-10-24 15:51:00,1775,1775,1775,1775,0
2022-10-24 15:52:00,1775,1775,1775,1775,0
2022-10-24 15:53:00,1775,1775,1775,1775,0
2022-10-24 15:54:00,1775,1775,1775,1775,0
2022-10-24 15:55:00,1775,1775,1775,1775,0
2022-10-24 15:56:00,1775,1775,1775,1775,0
2022-10-24 15:57:00,1775,1775,1775,1775,0
2022-10-24 15:58:00,1775,1775,1775,1775,0
2022-10-24 15:59:00,1775,1775,1775,1775,0
2022-10-25 09:00:00,1775,1775,1775,1775,0
2022-10-25 09:01:00,1775,1775,1775,1775,0
2022-10-25 09:02:00,1775,1775,1775,1775,0
2022-10-25 09:03:00,1775,1775,1775,1775,0
2022-10-25 09:04:00,1775,1775,1775,1775,0
2022-10-25 09:05:00,1775,1775,1775,1775,0
2022-10-25 09:06:00,1775,1775,1775,1775,0
2022-10-25 09:07:00,1775,1775,1775,1775,0
2022-10-25 09:08:00,1775,1775,1775,1775,0
2022-10-25 09:09:00,1775,1775,1775,1775,0
2022-10-25 09:10:00,1775,1775,1775,1775,0
2022-10-25 09:11:00,1775,1775,1775,1775,0
2022-10-25 09:12:00,1775,1775,1775,1775,0
2022-10-25 09:13:00,1775,1775,1775,1775,0
2022-10-25 09:14:00,1775,1775,1775,1775,0
2022-10-25 09:15:00,1775,1775,1775,1775,0
2022-10-25 09:16:00,1775,1775,1775,1775,0
2022-10-25 09:17:00,1775,1775,1775,1775,0
2022-10-25 09:18:00,1775,1775,1775,1775,0
2022-10-25 09:19:00,1775,1775,1775,1775,0
2022-10-25 09:20:00,1775,1775,1775,1775,0
2022-10-25 09:21:00,1775,1775,1775,1775,0
2022-10-25 09:22:00,1775,1775,1775,1775,0
2022-10-25 09:23:00,1775,1775,1775,1775,0
2022-10-25 09:24:00,1775,1775,1775,1775,0
2022-10-25 09:25:00,1775,1775,1775,1775,0
2022-10-25 09:26:00,1775,1775,1775,1775,0
2022-10-25 09:27:00,1775,1775,1775,1775,0
2022-10-25 09:28:00,1775,1775,1775,1775,0
2022-10-25 09:29:00,1775,1775,1775,1775,0
2022-10-25 09:30:00,1775,1775,1775,1775,0
2022-10-25 09:31:00,1775,1775,1775,1775,0
2022-10-25 09:32:00,1775,1775,1775,1775,0
2022-10-25 09:33:00,1775,1775,1775,1775,0
2022-10-25 09:34:00,1775,1775,1775,1775,0
2022-10-25 09:35:00,1775,1775,1775,1775,0
2022-10-25 09:36:00,1775,1775,1775,1775,0
2022-10-25 09:37:00,1775,1775,1775,1775,0
2022-10-25 09:38:00,1775,1775,1775,1775,0
2022-10-25 09:39:00,1775,1775,1775,1775,0
2022-10-25 09:40:00,1775,1775,1775,1775,0
2022-10-25 09:41:00,1775,1775,1775,1775,0
2022-10-25 09:42:00,1775,1775,1775,1775,0
2022-10-25 09:43:00,1775,1775,1775,1775,0
2022-10-25 09:44:00,1775,1775,1775,1775,0
2022-10-25 09:45:00,1775,1775,1775,1775,0
2022-10-25 09:46:00,1775,1775,1775,1775,0
2022-10-25 09:47:00,1775,1775,1775,1775,0
2022-10-25 09:48:00,1775,1775,1775,1775,0
2022-10-25 09:49:00,1775,1775,1775,1775,0
2022-10-25 09:50:00,1775,1775,1775,1775,0
2022-10-25 09:51:00,1775,1775,1775,1775,0
2022-10-25 09:52:00,1775,1775,1775,1775,0
2022-10-25 09:53:00,1775,1775,1775,1775,0
2022-10-25 09:54:00,1775,1775,1775,1775,0
2022-10-25 09:55:00,1775,1775,1775,1775,0
2022-10-25 09:56:00,1775,1775,1775,1775,0
2022-10-25 09:57:00,1775,1775,1775,1775,0
2022-10-25 09:58:00,1775,1775,1775,1775,0
2022-10-25 09:59:00,1775,1775,1775,1775,0
2022-10-25 10:00:00,1775,1775,1775,1775,0
2022-10-25 10:01:00,1775,1775,1775,1775,0
2022-10-25 10:02:00,1775,1775,1775,1775,0
2022-10-25 10:03:00,1775,1775,1775,1775,0
2022-10-25 10:04:00,1775,1775,1775,1775,0
2022-10-25 10:05:00,1775,1775,1775,1775,0
2022-10-25 10:06:00,1775,1775,1775,1775,0
2022-10-25 10:07:00,1775,1775,1775,1775,0
2022-10-25 10:08:00,1775,1775,1775,1775,0
2022-10-25 10:09:00,1775,1775,1775,1775,0
2022-10-25 10:10:00,1775,1775,1775,1775,0
2022-10-25 10:11:00,1775,1775,1775,1775,0
2022-10-25 10:12:00,1775,1775,1775,1775,0
2022-10-25 10:13:00,1775,1775,1775,1775,0
2022-10-25 10:14:00,1775,1775,1775,1775,0
2022-10-25 10:15:00,1775,1775,1775,1775,0
2022-10-25 10:16:00,1775,1775,1775,1775,0
2022-10-25 10:17:00,1775,1775,1775,1775,0
2022-10-25 10:18:00,1775,1775,1775,1775,0
2022-10-25 10:19:00,1775,1775,1775,1775,0
2022-10-25 10:20:00,1775,1775,1775,1775,0
2022-10-25 10:21:00,1775,1775,1775,1775,0
2022-10-25 10:22:00,1775,1775,1775,1775,0
2022-10-25 10:23:00,1775,1775,1775,1775,0
2022-10-25 10:24:00,1775,1775,1775,1775,0
2022-10-25 10:25:00,1775,1775,1775,1775,0
2022-10-25 10:26:00,1775,1775,1775,1775,0
2022-10-25 10:27:00,1775,1775,1775,1775,0
2022-10-25 10:28:00,1775,1775,1775,1775,0
2022-10-25 10:29:00,1775,1775,1775,1775,0
2022-10-25 10:30:00,1775,1775,1775,1775,0
2022-10-25 10:31:00,1775,1775,1775,1775,0
2022-10-25 10:32:00,1775,1775,1775,1775,0
2022-10-25 10:33:00,1775,1775,1775,1775,0
2022-10-25 10:34:00,1775,1775,1775,1775,0
2022-10-25 10:35:00,1775,1775,1775,1775,0
2022-10-25 10:36:00,1775,1775,1775,1775,0
2022-10-25 10:37:00,1775,1775,1775,1775,0
2022-10-25 10:38:00,1775,1775,1775,1775,0
2022-10-25 10:39:00,1775,1775,1775,1775,0
2022-10-25 10:40:00,1775,1775,1775,1775,0
2022-10-25 10:41:00,1775,1775,1775,1775,0
2022-10-25 10:42:00,1775,1775,1775,1775,0
2022-10-25 10:43:00,1775,1775,1775,1775,0
2022-10-25 10:44:00,1775,1775,1775,1775,0
2022-10-25 10:45:00,1775,1775,1775,1775,0
2022-10-25 10:46:00,1775,1775,1775,1775,0
2022-10-25 10:47:00,1775,1775,1775,1775,0
2022-10-25 10:48:00,1775,1775,1775,1775,0
2022-10-25 10:49:00,1775,1775,1775,1775,0
2022-10-25 10:50:00,1775,1775,1775,1775,0
2022-10-25 10:51:00,1775,1775,1775,1775,0
2022-10-25 10:52:00,1775,1775,1775,1775,0
2022-10-25 10:53:00,1775,1775,1775,1775,0
2022-10-25 10:54:00,1775,1775,1775,1775,0
2022-10-25 10:55:00,1775,1775,1775,1775,0
2022-10-25 10:56:00,1775,1775,1775,1775,0
2022-10-25 10:57:00,1775,1775,1775,1775,0
2022-10-25 10:58:00,1775,1775,1775,1775,0
2022-10-25 10:59:00,1775,1775,1775,1775,0
2022-10-25 11:00:00,1775,1775,1775,1775,0
2022-10-25 11:01:00,1775,1775,1775,1775,0
2022-10-25 11:02:00,1775,1775,1775,1775,0
2022-10-25 11:03:00,1775,1775,1775,1775,0
2022-10-25 11:04:00,1775,1775,1775,1775,0
2022-10-25 11:05:00,1775,1775,1775,1775,0
2022-10-25 11:06:00,1775,1775,1775,1775,0
2022-10-25 11:07:00,1775,1775,1775,1775,0
2022-10-25 11:08:00,1775,1775,1775,1775,0
2022-10-25 11:09:00,1775,1775,1775,1775,0
2022-10-25 11:10:00,1775,1775,1775,1775,0
2022-10-25 11:11:00,1775,1775,1775,1775,0
2022-10-25 11:12:00,1775,1775,1775,1775,0
2022-10-25 11:13:00,1775,1775,1775,1775,0
2022-10-25 11:14:00,1775,1775,1775,1775,0
2022-10-25 11:15:00,1775,1775,1775,1775,0
2022-10-25 11:16:00,1775,1775,1775,1775,0
2022-10-25 11:17:00,1775,1775,1775,1775,0
2022-10-25 11:18:00,1775,1775,1775,1775,0
2022-10-25 11:19:00,1775,1775,1775,1775,0
2022-10-25 11:20:00,1775,1775,1775,1775,0
2022-10-25 11:21:00,1775,1775,1775,1775,0
2022-10-25 11:22:00,1775,1775,1775,1775,0
2022-10-25 11:23:00,1775,1775,1775,1775,0
2022-10-25 11:24:00,1775,1775,1775,1775,0
2022-10-25 11:25:00,1775,1775,1775,1775,0
2022-10-25 11:26:00,1775,1775,1775,1775,0
2022-10-25 11:27:00,1775,1775,1775,1775,0
2022-10-25 11:28:00,1775,1775,1775,1775,0
2022-10-25 11:29:00,1775,1775,1775,1775,0
2022-10-25 11:30:00,1775,1775,1775,1775,0
2022-10-25 11:31:00,1775,1775,1775,1775,0
2022-10-25 11:32:00,1775,1775,1775,1775,0
2022-10-25 11:33:00,1775,1775,1775,1775,0
2022-10-25 11:34:00,1775,1775,1775,1775,0
2022-10-25 11:35:00,1775,1775,1775,1775,0
2022-10-25 11:36:00,1775,1775,1775,1775,0
2022-10-25 11:37:00,1775,1775,1775,1775,0
2022-10-25 11:38:00,1775,1775,1775,1775,0
2022-10-25 11:39:00,1775,1775,1775,1775,0
2022-10-25 11:40:00,1775,1775,1775,1775,0
2022-10-25 11:41:00,1775,1775,1775,1775,0
2022-10-25 11:42:00,1775,1775,1775,1775,0
2022-10-25 11:43:00,1775,1775,1775,1775,0
2022-10-25 11:44:00,1775,1775,1775,1775,0
2022-10-25 11:45:00,1775,1775,1775,1775,0
2022-10-25 11:46:00,1775,1775,1775,1775,0
2022-10-25 11:47:00,1775,1775,1775,1775,0
2022-10-25 11:48:00,1775,1775,1775,1775,0
2022-10-25 11:49:00,1775,1775,1775,1775,0
2022-10-25 11:50:00,1775,1775,1775,1775,0
2022-10-25 11:51:00,1775,1775,1775,1775,0
2022-10-25 11:52:00,1775,1775,1775,1775,0
2022-10-25 11:53:00,1775,1775,1775,1775,0
2022-10-25 11:54:00,1775,1775,1775,1775,0
2022-10-25 11:55:00,1775,1775,1775,1775,0
2022-10-25 11:56:00,1775,1775,1775,1775,0
2022-10-25 11:57:00,1775,1775,1775,1775,0
2022-10-25 11:58:00,1775,1775,1775,1775,0
2022-10-25 11:59:00,1775,1775,1775,1775,0
2022-10-25 12:00:00,1775,1775,1775,1775,0
2022-10-25 12:01:00,1775,1775,1775,1775,0
2022-10-25 12:02:00,1775,1775,1775,1775,0
2022-10-25 12:03:00,1775,1775,1775,1775,0
2022-10-25 12:04:00,1775,1775,1775,1775,0
2022-10-25 12:05:00,1775,1775,1775,1775,0
2022-10-25 12:06:00,1775,1775,1775,1775,0
2022-10-25 12:07:00,1775,1775,1775,1775,0
2022-10-25 12:08:00,1775,1775,1775,1775,0
2022-10-25 12:09:00,1775,1775,1775,1775,0
2022-10-25 12:10:00,1775,1775,1775,1775,0
2022-10-25 12:11:00,1775,1775,1775,1775,0
2022-10-25 12:12:00,1775,1775,1775,1775,0
2022-10-25 12:13:00,1775,1775,1775,1775,0
2022-10-25 12:14:00,1775,1775,1775,1775,0
2022-10-25 12:15:00,1775,1775,1775,1775,0
2022-10-25 12:16:00,1775,1775,1775,1775,0
2022-10-25 12:17:00,1775,1775,1775,1775,0
2022-10-25 12:18:00,1775,1775,1775,1775,0
2022-10-25 12:19:00,1775,1775,1775,1775,0
2022-10-25 12:20:00,1775,1775,1775,1775,0
2022-10-25 12:21:00,1775,1775,1775,1775,0
2022-10-25 12:22:00,1775,1775,1775,1775,0
2022-10-25 12:23:00,1775,1775,1775,1775,0
2022-10-25 12:24:00,1775,1775,1775,1775,0
2022-10-25 12:25:00,1775,1775,1775,1775,0
2022-10-25 12:26:00,1775,1775,1775,1775,0
2022-10-25 12:27:00,1775,1775,1775,1775,0
2022-10-25 12:28:00,1775,1775,1775,1775,0
2022-10-25 12:29:00,1775,1775,1775,1775,0
2022-10-25 12:30:00,1775,1775,1775,1775,0
2022-10-25 12:31:00,1775,1775,1775,1775,0
2022-10-25 12:32:00,1775,1775,1775,1775,0
2022-10-25 12:33:00,1775,1775,1775,1775,0
2022-10-25 12:34:00,1775,1775,1775,1775,0
2022-10-25 12:35:00,1775,1775,1775,1775,0
2022-10-25 12:36:00,1775,1775,1775,1775,0
2022-10-25 12:37:00,1775,1775,1775,1775,0
2022-10-25 12:38:00,1775,1775,1775,1775,0
2022-10-25 12:39:00,1775,1775,1775,1775,0
2022-10-25 12:40:00,1775,1775,1775,1775,0
2022-10-25 12:41:00,1775,1775,1775,1775,0
2022-10-25 12:42:00,1775,1775,1775,1775,0
2022-10-25 12:43:00,1775,1775,1775,1775,0
2022-10-25 12:44:00,1775,1775,1775,1775,0
2022-10-25 12:45:00,1775,1775,1775,1775,0
2022-10-25 12:46:00,1775,1775,1775,1775,0
2022-10-25 12:47:00,1775,1775,1775,1775,0
2022-10-25 12:48:00,1775,1775,1775,1775,0
2022-10-25 12:49:00,1775,1775,1775,1775,0
2022-10-25 12:50:00,1775,1775,1775,1775,0
2022-10-25 12:51:00,1775,1775,1775,1775,0
2022-10-25 12:52:00,1775,1775,1775,1775,0
2022-10-25 12:53:00,1775,1775,1775,1775,0
2022-10-25 12:54:00,1775,1775,1775,1775,0
2022-10-25 12:55:00,1775,1775,1775,1775,0
2022-10-25 12:56:00,1775,1775,1775,1775,0
2022-10-25 12:57:00,1775,1775,1775,1775,0
2022-10-25 12:58:00,1775,1775,1775,1775,0
2022-10-25 12:59:00,1775,1775,1775,1775,0
2022-10-25 13:00:00,1775,1775,1775,1775,0
2022-10-25 13:01:00,1775,1775,1775,1775,0
2022-10-25 13:02:00,1775,1775,1775,1775,0
2022-10-25 13:03:00,1775,1775,1775,1775,0
2022-10-25 13:04:00,1775,1775,1775,1775,0
2022-10-25 13:05:00,1775,1775,1775,1775,0
2022-10-25 13:06:00,1775,1775,1775,1775,0
2022-10-25 13:07:00,1775,1775,1775,1775,0
2022-10-25 13:08:00,1775,1775,1775,1775,0
2022-10-25 13:09:00,1775,1775,1775,1775,0
2022-10-25 13:10:00,1775,1775,1775,1775,0
2022-10-25 13:11:00,1775,1775,1775,1775,0
2022-10-25 13:12:00,1775,1775,1775,1775,0
2022-10-25 13:13:00,1775,1775,1775,1775,0
2022-10-25 13:14:00,1775,1775,1775,1775,0
2022-10-25 13:15:00,1775,1775,1775,1775,0
2022-10-25 13:16:00,1775,1775,1775,1775,0
2022-10-25 13:17:00,1775,1775,1775,1775,0
2022-10-25 13:18:00,1775,1775,1775,1775,0
2022-10-25 13:19:00,1775,1775,1775,1775,0
2022-10-25 13:20:00,1775,1775,1775,1775,0
2022-10-25 13:21:00,1775,1775,1775,1775,0
2022-10-25 13:22:00,1775,1775,1775,1775,0
2022-10-25 13:23:00,1775,1775,1775,1775,0
2022-10-25 13:24:00,1775,1775,1775,1775,0
2022-10-25 13:25:00,1775,1775,1775,1775,0
2022-10-25 13:26:00,1775,1775,1775,1775,0
2022-10-25 13:27:00,1775,1775,1775,1775,0
2022-10-25 13:28:00,1775,1775,1775,1775,0
2022-10-25 13:29:00,1775,1775,1775,1775,0
2022-10-25 13:30:00,1775,1775,1775,1775,0
2022-10-25 13:31:00,1775,1775,1775,1775,0
2022-10-25 13:32:00,1775,1775,1775,1775,0
2022-10-25 13:33:00,1775,1775,1775,1775,0
2022-10-25 13:34:00,1775,1775,1775,1775,0
2022-10-25 13:35:00,1775,1775,1775,1775,0
2022-10-25 13:36:00,1775,1775,1775,1775,0
2022-10-25 13:37:00,1775,1775,1775,1775,0
2022-10-25 13:38:00,1775,1775,1775,1775,0
2022-10-25 13:39:00,1775,1775,1775,1775,0
2022-10-25 13:40:00,1775,1775,1775,1775,0
2022-10-25 13:41:00,1775,1775,1775,1775,0
2022-10-25 13:42:00,1775,1775,1775,1775,0
2022-10-25 13:43:00,1775,1775,1775,1775,0
2022-10-25 13:44:00,1775,1775,1775,1775,0
2022-10-25 13:45:00,1775,1775,1775,1775,0
2022-10-25 13:46:00,1775,1775,1775,1775,0
2022-10-25 13:47:00,1775,1775,1775,1775,0
2022-10-25 13:48:00,1775,1775,1775,1775,0
2022-10-25 13:49:00,1775,1775,1775,1775,0
2022-10-25 13:50:00,1775,1775,1775,1775,0
2022-10-25 13:51:00,1775,1775,1775,1775,0
2022-10-25 13:52:00,1775,1775,1775,1775,0
2022-10-25 13:53:00,1775,1775,1775,1775,0
2022-10-25 13:54:00,1775,1775,1775,1775,0
2022-10-25 13:55:00,1775,1775,1775,1775,0
2022-10-25 13:56:00,1775,1775,1775,1775,0
2022-10-25 13:57:00,1775,1775,1775,1775,0
2022-10-25 13:58:00,1775,1775,1775,1775,0
2022-10-25 13:59:00,1775,1775,1775,1775,0
2022-10-25 14:00:00,1775,1775,1775,1775,0
2022-10-25 14:01:00,1775,1775,1775,1775,0
2022-10-25 14:02:00,1775,1775,1775,1775,0
2022-10-25 14:03:00,1775,1775,1775,1775,0
2022-10-25 14:04:00,1775,1775,1775,1775,0
2022-10-25 14:05:00,1775,1775,1775,1775,0
2022-10-25 14:06:00,1775,1775,1775,1775,0
2022-10-25 14:07:00,1775,1775,1775,1775,0
2022-10-25 14:08:00,1775,1775,1775,1775,0
2022-10-25 14:09:00,1775,1775,1775,1775,0
2022-10-25 14:10:00,1775,1775,1775,1775,0
2022-10-25 14:11:00,1775,1775,1775,1775,0
2022-10-25 14:12:00,1775,1775,1775,1775,0
2022-10-25 14:13:00,1775,1775,1775,1775,0
2022-10-25 14:14:00,1775,1775,1775,1775,0
2022-10-25 14:15:00,1775,1775,1775,1775,0
2022-10-25 14:16:00,1775,1775,1775,1775,0
2022-10-25 14:17:00,1775,1775,1775,1775,0
2022-10-25 14:18:00,1775,1775,1775,1775,0
2022-10-25 14:19:00,1775,1775,1775,1775,0
2022-10-25 14:20:00,1775,1775,1775,1775,0
2022-10-25 14:21:00,1775,1775,1775,1775,0
2022-10-25 14:22:00,1775,1775,1775,1775,0
2022-10-25 14:23:00,1775,1775,1775,1775,0
2022-10-25 14:24:00,1775,1775,1775,1775,0
2022-10-25 14:25:00,1775,1775,1775,1775,0
2022-10-25 14:26:00,1775,1775,1775,1775,0
2022-10-25 14:27:00,1775,1775,1775,1775,0
2022-10-25 14:28:00,1775,1775,1775,1775,0
2022-10-25 14:29:00,1775,1775,1775,1775,0
2022-10-25 14:30:00,1775,1775,1775,1775,0
2022-10-25 14:31:00,1775,1775,1775,1775,0
2022-10-25 14:32:00,1775,1775,1775,1775,0
2022-10-25 14:33:00,1775,1775,1775,1775,0
2022-10-25 14:34:00,1775,1775,1775,1775,0
2022-10-25 14:35:00,1775,1775,1775,1775,0
2022-10-25 14:36:00,1775,1775,1775,1775,0
2022-10-25 14:37:00,1775,1775,1775,1775,0
2022-10-25 14:38:00,1775,1775,1775,1775,0
2022-10-25 14:39:00,1775,1775,1775,1775,0
2022-10-25 14:40:00,1775,1775,1775,1775,0
2022-10-25 14:41:00,1775,1775,1775,1775,0
2022-10-25 14:42:00,1775,1775,1775,1775,0
2022-10-25 14:43:00,1775,1775,1775,1775,0
2022-10-25 14:44:00,1775,1775,1775,1775,0
2022-10-25 14:45:00,1775,1775,1775,1775,0
2022-10-25 14:46:00,1775,1775,1775,1775,0
2022-10-25 14:47:00,1775,1775,1775,1775,0
2022-10-25 14:48:00,1775,1775,1775,1775,0
2022-10-25 14:49:00,1775,1775,1775,1775,0
2022-10-25 14:50:00,1775,1775,1775,1775,0
2022-10-25 14:51:00,1775,1775,1775,1775,0
2022-10-25 14:52:00,1775,1775,1775,1775,0
2022-10-25 14:53:00,1775,1775,1775,1775,0
2022-10-25 14:54:00,1775,1775,1775,1775,0
2022-10-25 14:55:00,1775,1775,1775,1775,0
2022-10-25 14:56:00,1775,1775,1775,1775,0
2022-10-25 14:57:00,1775,1775,1775,1775,0
2022-10-25 14:58:00,1775,1775,1775,1775,0
2022-10-25 14:59:00,1775,1775,1775,1775,0
2022-10-25 15:00:00,1775,1775,1775,1775,0
2022-10-25 15:01:00,1775,1775,1775,1775,0
2022-10-25 15:02:00,1775,1775,1775,1775,0
2022-10-25 15:03:00,1775,1775,1775,1775,0
2022-10-25 15:04:00,1775,1775,1775,1775,0
2022-10-25 15:05:00,1775,1775,1775,1775,0
2022-10-25 15:06:00,1775,1775,1775,1775,0
2022-10-25 15:07:00,1775,1775,1775,1775,0
2022-10-25 15:08:00,1775,1775,1775,1775,0
2022-10-25 15:09:00,1775,1775,1775,1775,0
2022-10-25 15:10:00,1775,1775,1775,1775,0
2022-10-25 15:11:00,1775,1775,1775,1775,0
2022-10-25 15:12:00,1775,1775,1775,1775,0
2022-10-25 15:13:00,1775,1775,1775,1775,0
2022-10-25 15:14:00,1775,1775,1775,1775,0
2022-10-25 15:15:00,1775,1775,1775,1775,0
2022-10-25 15:16:00,1775,1775,1775,1775,0
2022-10-25 15:17:00,1775,1775,1775,1775,0
2022-10-25 15:18:00,1775,1775,1775,1775,0
2022-10-25 15:19:00,1775,1775,1775,1775,0
2022-10-25 15:20:00,1775,1775,1775,1775,0
2022-10-25 15:21:00,1775,1775,1775,1775,0
2022-10-25 15:22:00,1775,1775,1775,1775,0
2022-10-25 15:23:00,1775,1775,1775,1775,0
2022-10-25 15:24:00,1775,1775,1775,1775,0
2022-10-25 15:25:00,1775,1775,1775,1775,0
2022-10-25 15:26:00,1775,1775,1775,1775,0
2022-10-25 15:27:00,1775,1775,1775,1775,0
2022-10-25 15:28:00,1775,1775,1775,1775,0
2022-10-25 15:29:00,1775,1775,1775,1775,0
2022-10-25 15:30:00,1775,1775,1775,1775,0
2022-10-25 15:31:00,1775,1775,1775,1775,0
2022-10-25 15:32:00,1775,1775,1775,1775,0
2022-10-25 15:33:00,1775,1775,1775,1775,0
2022-10-25 15:34:00,1775,1775,1775,1775,0
2022-10-25 15:35:00,1775,1775,1775,1775,0
2022-10-25 15:36:00,1775,1775,1775,1775,0
2022-10-25 15:37:00,1775,1775,1775,1775,0
2022-10-25 15:38:00,1775,1775,1775,1775,0
2022-10-25 15:39:00,1775,1775,1775,1775,0
2022-10-25 15:40:00,1775,1775,1775,1775,0
2022-10-25 15:41:00,1775,1775,1775,1775,0
2022-10-25 15:42:00,1775,1775,1775,1775,0
2022-10-25 15:43:00,1775,1775,1775,1775,0
2022-10-25 15:44:00,1775,1775,1775,1775,0
2022-10-25 15:45:00,1775,1775,1775,1775,0
2022-10-25 15:46:00,1775,1775,1775,1775,0
2022-10-25 15:47:00,1775,1775,1775,1775,0
2022-10-25 15:48:00,1775,1775,1775,1775,0
2022-10-25 15:49:00,1775,1775,1775,1775,0
2022-10-25 15:50:00,1775,1775,1775,1775,0
2022-10-25 15:51:00,1775,1775,1775,1775,0
2022-10-25 15:52:00,1775,1775,1775,1775,0
2022-10-25 15:53:00,1775,1775,1775,1775,0
2022-10-25 15:54:00,1775,1775,1775,1775,0
2022-10-25 15:55:00,1775,1775,1775,1775,0
2022-10-25 15:56:00,1775,1775,1775,1775,0
2022-10-25 15:57:00,1775,1775,1775,1775,0
2022-10-25 15:58:00,1775,1775,1775,1775,0
2022-10-25 15:59:00,1775,1775,1775,1775,0
2022-10-26 09:00:00,1775,1775,1775,1775,0
2022-10-26 09:01:00,1775,1775,1775,1775,0
2022-10-26 09:02:00,1775,1775,1775,1775,0
2022-10-26 09:03:00,1775,1775,1775,1775,0
2022-10-26 09:04:00,1775,1775,1775,1775,0
2022-10-26 09:05:00,1775,1775,1775,1775,0
2022-10-26 09:06:00,1775,1775,1775,1775,0
2022-10-26 09:07:00,1775,1775,1775,1775,0
2022-10-26 09:08:00,1775,1775,1775,1775,0
2022-10-26 09:09:00,1775,1775,1775,1775,0
2022-10-26 09:10:00,1775,1775,1775,1775,0
2022-10-26 09:11:00,1775,1775,1775,1775,0
2022-10-26 09:12:00,1775,1775,1775,1775,0
2022-10-26 09:13:00,1775,1775,1775,1775,0
2022-10-26 09:14:00,1775,1775,1775,1775,0
2022-10-26 09:15:00,1775,1775,1775,1775,0
2022-10-26 09:16:00,1775,1775,1775,1775,0
2022-10-26 09:17:00,1775,1775,1775,1775,0
2022-10-26 09:18:00,1775,1775,1775,1775,0
2022-10-26 09:19:00,1775,1775,1775,1775,0
2022-10-26 09:20:00,1775,1775,1775,1775,0
2022-10-26 09:21:00,1775,1775,1775,1775,0
2022-10-26 09:22:00,1775,1775,1775,1775,0
2022-10-26 09:23:00,1775,1775,1775,1775,0
2022-10-26 09:24:00,1775,1775,1775,1775,0
2022-10-26 09:25:00,1775,1775,1775,1775,0
2022-10-26 09:26:00,1775,1775,1775,1775,0
2022-10-26 09:27:00,1775,1775,1775,1775,0
2022-10-26 09:28:00,1775,1775,1775,1775,0
2022-10-26 09:29:00,1775,1775,1775,1775,0
2022-10-26 09:30:00,1775,1775,1775,1775,0
2022-10-26 09:31:00,1775,1775,1775,1775,0
2022-10-26 09:32:00,1775,1775,1775,1775,0
2022-10-26 09:33:00,1775,1775,1775,1775,0
2022-10-26 09:34:00,1775,1775,1775,1775,0
2022-10-26 09:35:00,1775,1775,1775,1775,0
2022-10-26 09:36:00,1775,1775,1775,1775,0
2022-10-26 09:37:00,1775,1775,1775,1775,0
2022-10-26 09:38:00,1775,1775,1775,1775,0
2022-10-26 09:39:00,1775,1775,1775,1775,0
2022-10-26 09:40:00,1775,1775,1775,1775,0
2022-10-26 09:41:00,1775,1775,1775,1775,0
2022-10-26 09:42:00,1775,1775,1775,1775,0
2022-10-26 09:43:00,1775,1775,1775,1775,0
2022-10-26 09:44:00,1775,1775,1775,1775,0
2022-10-26 09:45:00,1775,1775,1775,1775,0
2022-10-26 09:46:00,1775,1775,1775,1775,0
2022-10-26 09:47:00,1775,1775,1775,1775,0
2022-10-26 09:48:00,1775,1775,1775,1775,0
2022-10-26 09:49:00,1775,1775,1775,1775,0
2022-10-26 09:50:00,1775,1775,1775,1775,0
2022-10-26 09:51:00,1775,1775,1775,1775,0
2022-10-26 09:52:00,1775,1775,1775,1775,0
2022-10-26 09:53:00,1775,1775,1775,1775,0
2022-10-26 09:54:00,1775,1775,1775,1775,0
2022-10-26 09:55:00,1775,1775,1775,1775,0
2022-10-26 09:56:00,1775,1775,1775,1775,0
2022-10-26 09:57:00,1775,1775,1775,1775,0
2022-10-26 09:58:00,1775,1775,1775,1775,0
2022-10-26 09:59:00,1775,1775,1775,1775,0
2022-10-26 10:00:00,1775,1775,1775,1775,0
2022-10-26 10:01:00,1775,1775,1775,1775,0
2022-10-26 10:02:00,1775,1775,1775,1775,0
2022-10-26 10:03:00,1775,1775,1775,1775,0
2022-10-26 10:04:00,1775,1775,1775,1775,0
2022-10-26 10:05:00,1775,1775,1775,1775,0
2022-10-26 10:06:00,1775,1775,1775,1775,0
2022-10-26 10:07:00,1775,1775,1775,1775,0
2022-10-26 10:08:00,1775,1775,1775,1775,0
2022-10-26 10:09:00,1775,1775,1775,1775,0
2022-10-26 10:10:00,1775,1775,1775,1775,0
2022-10-26 10:11:00,1775,1775,1775,1775,0
2022-10-26 10:12:00,1775,1775,1775,1775,0
2022-10-26 10:13:00,1775,1775,1775,1775,0
2022-10-26 10:14:00,1775,1775,1775,1775,0
2022-10-26 10:15:00,1775,1775,1775,1775,0
2022-10-26 10:16:00,1775,1775,1775,1775,0
2022-10-26 10:17:00,1775,1775,1775,1775,0
2022-10-26 10:18:00,1775,1775,1775,1775,0
2022-10-26 10:19:00,1775,1775,1775,1775,0
2022-10-26 10:20:00,1775,1775,1775,1775,0
2022-10-26 10:21:00,1775,1775,1775,1775,0
2022-10-26 10:22:00,1775,1775,1775,1775,0
2022-10-26 10:23:00,1775,1775,1775,1775,0
2022-10-26 10:24:00,1775,1775,1775,1775,0
2022-10-26 10:25:00,1775,1775,1775,1775,0
2022-10-26 10:26:00,1775,1775,1775,1775,0
2022-10-26 10:27:00,1775,1775,1775,1775,0
2022-10-26 10:28:00,1775,1775,1775,1775,0
2022-10-26 10:29:00,1775,1775,1775,1775,0
2022-10-26 10:30:00,1775,1775,1775,1775,0
2022-10-26 10:31:00,1775,1775,1775,1775,0
2022-10-26 10:32:00,1775,1775,1775,1775,0
2022-10-26 10:33:00,1775,1775,1775,1775,0
2022-10-26 10:34:00,1775,1775,1775,1775,0
2022-10-26 10:35:00,1775,1775,1775,1775,0
2022-10-26 10:36:00,1775,1775,1775,1775,0
2022-10-26 10:37:00,1775,1775,1775,1775,0
2022-10-26 10:38:00,1775,1775,1775,1775,0
2022-10-26 10:39:00,1775,1775,1775,1775,0
2022-10-26 10:40:00,1775,1775,1775,1775,0
2022-10-26 10:41:00,1775,1775,1775,1775,0
2022-10-26 10:42:00,1775,1775,1775,1775,0
2022-10-26 10:43:00,1775,1775,1775,1775,0
2022-10-26 10:44:00,1775,1775,1775,1775,0
2022-10-26 10:45:00,1775,1775,1775,1775,0
2022-10-26 10:46:00,1775,1775,1775,1775,0
2022-10-26 10:47:00,1775,1775,1775,1775,0
2022-10-26 10:48:00,1775,1775,1775,1775,0
2022-10-26 10:49:00,1775,1775,1775,1775,0
2022-10-26 10:50:00,1775,1775,1775,1775,0
2022-10-26 10:51:00,1775,1775,1775,1775,0
2022-10-26 10:52:00,1775,1775,1775,1775,0
2022-10-26 10:53:00,1775,1775,1775,1775,0
2022-10-26 10:54:00,1775,1775,1775,1775,0
2022-10-26 10:55:00,1775,1775,1775,1775,0
2022-10-26 10:56:00,1775,1775,1775,1775,0
2022-10-26 10:57:00,1775,1775,1775,1775,0
2022-10-26 10:58:00,1775,1775,1775,1775,0
2022-10-26 10:59:00,1775,1775,1775,1775,0
2022-10-26 11:00:00,1775,1775,1775,1775,0
2022-10-26 11:01:00,1775,1775,1775,1775,0
2022-10-26 11:02:00,1775,1775,1775,1775,0
2022-10-26 11:03:00,1775,1775,1775,1775,0
2022-10-26 11:04:00,1775,1775,1775,1775,0
2022-10-26 11:05:00,1775,1775,1775,1775,0
2022-10-26 11:06:00,1775,1775,1775,1775,0
2022-10-26 11:07:00,1775,1775,1775,1775,0
2022-10-26 11:08:00,1775,1775,1775,1775,0
2022-10-26 11:09:00,1775,1775,1775,1775,0
2022-10-26 11:10:00,1775,1775,1775,1775,0
2022-10-26 11:11:00,1775,1775,1775,1775,0
2022-10-26 11:12:00,1775,1775,1775,1775,0
2022-10-26 11:13:00,1775,1775,1775,1775,0
2022-10-26 11:14:00,1775,1775,1775,1775,0
2022-10-26 11:15:00,1775,1775,1775,1775,0
2022-10-26 11:16:00,1775,1775,1775,1775,0
2022-10-26 11:17:00,1775,1775,1775,1775,0
2022-10-26 11:18:00,1775,1775,1775,1775,0
2022-10-26 11:19:00,1775,1775,1775,1775,0
2022-10-26 11:20:00,1775,1775,1775,1775,0
2022-10-26 11:21:00,1775,1775,1775,1775,0
2022-10-26 11:22:00,1775,1775,1775,1775,0
2022-10-26 11:23:00,1775,1775,1775,1775,0
2022-10-26 11:24:00,1775,1775,1775,1775,0
2022-10-26 11:25:00,1775,1775,1775,1775,0
2022-10-26 11:26:00,1775,1775,1775,1775,0
2022-10-26 11:27:00,1775,1775,1775,1775,0
2022-10-26 11:28:00,1775,1775,1775,1775,0
2022-10-26 11:29:00,1775,1775,1775,1775,0
2022-10-26 11:30:00,1775,1775,1775,1775,0
2022-10-26 11:31:00,1775,1775,1775,1775,0
2022-10-26 11:32:00,1775,1775,1775,1775,0
2022-10-26 11:33:00,1775,1775,1775,1775,0
2022-10-26 11:34:00,1775,1775,1775,1775,0
2022-10-26 11:35:00,1775,1775,1775,1775,0
2022-10-26 11:36:00,1775,1775,1775,1775,0
2022-10-26 11:37:00,1775,1775,1775,1775,0
2022-10-26 11:38:00,1775,1775,1775,1775,0
2022-10-26 11:39:00,1775,1775,1775,1775,0
2022-10-26 11:40:00,1775,1775,1775,1775,0
2022-10-26 11:41:00,1775,1775,1775,1775,0
2022-10-26 11:42:00,1775,1775,1775,1775,0
2022-10-26 11:43:00,1775,1775,1775,1775,0
2022-10-26 11:44:00,1775,1775,1775,1775,0
2022-10-26 11:45:00,1775,1775,1775,1775,0
2022-10-26 11:46:00,1775,1775,1775,1775,0
2022-10-26 11:47:00,1775,1775,1775,1775,0
2022-10-26 11:48:00,1775,1775,1775,1775,0
2022-10-26 11:49:00,1775,1775,1775,1775,0
2022-10-26 11:50:00,1775,1775,1775,1775,0
2022-10-26 11:51:00,1775,1775,1775,1775,0
2022-10-26 11:52:00,1775,1775,1775,1775,0
2022-10-26 11:53:00,1775,1775,1775,1775,0
2022-10-26 11:54:00,1775,1775,1775,1775,0
2022-10-26 11:55:00,1775,1775,1775,1775,0
2022-10-26 11:56:00,1775,1775,1775,1775,0
2022-10-26 11:57:00,1775,1775,1775,1775,0
2022-10-26 11:58:00,1775,1775,1775,1775,0
2022-10-26 11:59:00,1775,1775,1775,1775,0
2022-10-26 12:00:00,1775,1775,1775,1775,0
2022-10-26 12:01:00,1775,1775,1775,1775,0
2022-10-26 12:02:00,1775,1775,1775,1775,0
2022-10-26 12:03:00,1775,1775,1775,1775,0
2022-10-26 12:04:00,1775,1775,1775,1775,0
2022-10-26 12:05:00,1775,1775,1775,1775,0
2022-10-26 12:06:00,1775,1775,1775,1775,0
2022-10-26 12:07:00,1775,1775,1775,1775,0
2022-10-26 12:08:00,1775,1775,1775,1775,0
2022-10-26 12:09:00,1775,1775,1775,1775,0
2022-10-26 12:10:00,1775,1775,1775,1775,0
2022-10-26 12:11:00,1775,1775,1775,1775,0
2022-10-26 12:12:00,1775,1775,1775,1775,0
2022-10-26 12:13:00,1775,1775,1775,1775,0
2022-10-26 12:14:00,1775,1775,1775,1775,0
2022-10-26 12:15:00,1775,1775,1775,1775,0
2022-10-26 12:16:00,1775,1775,1775,1775,0
2022-10-26 12:17:00,1775,1775,1775,1775,0
2022-10-26 12:18:00,1775,1775,1775,1775,0
2022-10-26 12:19:00,1775,1775,1775,1775,0
2022-10-26 12:20:00,1775,1775,1775,1775,0
2022-10-26 12:21:00,1775,1775,1775,1775,0
2022-10-26 12:22:00,1775,1775,1775,1775,0
2022-10-26 12:23:00,1775,1775,1775,1775,0
2022-10-26 12:24:00,1775,1775,1775,1775,0
2022-10-26 12:25:00,1775,1775,1775,1775,0
2022-10-26 12:26:00,1775,1775,1775,1775,0
2022-10-26 12:27:00,1775,1775,1775,1775,0
2022-10-26 12:28:00,1775,1775,1775,1775,0
2022-10-26 12:29:00,1775,1775,1775,1775,0
2022-10-26 12:30:00,1775,1775,1775,1775,0
2022-10-26 12:31:00,1775,1775,1775,1775,0
2022-10-26 12:32:00,1775,1775,1775,1775,0
2022-10-26 12:33:00,1775,1775,1775,1775,0
2022-10-26 12:34:00,1775,1775,1775,1775,0
2022-10-26 12:35:00,1775,1775,1775,1775,0
2022-10-26 12:36:00,1775,1775,1775,1775,0
2022-10-26 12:37:00,1775,1775,1775,1775,0
2022-10-26 12:38:00,1775,1775,1775,1775,0
2022-10-26 12:39:00,1775,1775,1775,1775,0
2022-10-26 12:40:00,1775,1775,1775,1775,0
2022-10-26 12:41:00,1775,1775,1775,1775,0
2022-10-26 12:42:00,1775,1775,1775,1775,0
2022-10-26 12:43:00,1775,1775,1775,1775,0
2022-10-26 12:44:00,1775,1775,1775,1775,0
2022-10-26 12:45:00,1775,1775,1775,1775,0
2022-10-26 12:46:00,1775,1775,1775,1775,0
2022-10-26 12:47:00,1775,1775,1775,1775,0
2022-10-26 12:48:00,1775,1775,1775,1775,0
2022-10-26 12:49:00,1775,1775,1775,1775,0
2022-10-26 12:50:00,1775,1775,1775,1775,0
2022-10-26 12:51:00,1775,1775,1775,1775,0
2022-10-26 12:52:00,1775,1775,1775,1775,0
2022-10-26 12:53:00,1775,1775,1775,1775,0
2022-10-26 12:54:00,1775,1775,1775,1775,0
2022-10-26 12:55:00,1775,1775,1775,1775,0
2022-10-26 12:56:00,1775,1775,1775,1775,0
2022-10-26 12:57:00,1775,1775,1775,1775,0
2022-10-26 12:58:00,1775,1775,1775,1775,0
2022-10-26 12:59:00,1775,1775,1775,1775,0
2022-10-26 13:00:00,1775,1775,1775,1775,0
2022-10-26 13:01:00,1775,1775,1775,1775,0
2022-10-26 13:02:00,1775,1775,1775,1775,0
2022-10-26 13:03:00,1775,1775,1775,1775,0
2022-10-26 13:04:00,1775,1775,1775,1775,0
2022-10-26 13:05:00,1775,1775,1775,1775,0
2022-10-26 13:06:00,1775,1775,1775,1775,0
2022-10-26 13:07:00,1775,1775,1775,1775,0
2022-10-26 13:08:00,1775,1775,1775,1775,0
2022-10-26 13:09:00,1775,1775,1775,1775,0
2022-10-26 13:10:00,1775,1775,1775,1775,0
2022-10-26 13:11:00,1775,1775,1775,1775,0
2022-10-26 13:12:00,1775,1775,1775,1775,0
2022-10-26 13:13:00,1775,1775,1775,1775,0
2022-10-26 13:14:00,1775,1775,1775,1775,0
2022-10-26 13:15:00,1775,1775,1775,1775,0
2022-10-26 13:16:00,1775,1775,1775,1775,0
2022-10-26 13:17:00,1775,1775,1775,1775,0
2022-10-26 13:18:00,1775,1775,1775,1775,0
2022-10-26 13:19:00,1775,1775,1775,1775,0
2022-10-26 13:20:00,1775,1775,1775,1775,0
2022-10-26 13:21:00,1775,1775,1775,1775,0
2022-10-26 13:22:00,1775,1775,1775,1775,0
2022-10-26 13:23:00,1775,1775,1775,1775,0
2022-10-26 13:24:00,1775,1775,1775,1775,0
2022-10-26 13:25:00,1775,1775,1775,1775,0
2022-10-26 13:26:00,1775,1775,1775,1775,0
2022-10-26 13:27:00,1775,1775,1775,1775,0
2022-10-26 13:28:00,1775,1775,1775,1775,0
2022-10-26 13:29:00,1775,1775,1775,1775,0
2022-10-26 13:30:00,1775,1775,1775,1775,0
2022-10-26 13:31:00,1775,1775,1775,1775,0
2022-10-26 13:32:00,1775,1775,1775,1775,0
2022-10-26 13:33:00,1775,1775,1775,1775,0
2022-10-26 13:34:00,1775,1775,1775,1775,0
2022-10-26 13:35:00,1775,1775,1775,1775,0
2022-10-26 13:36:00,1775,1775,1775,1775,0
2022-10-26 13:37:00,1775,1775,1775,1775,0
2022-10-26 13:38:00,1775,1775,1775,1775,0
2022-10-26 13:39:00,1775,1775,1775,1775,0
2022-10-26 13:40:00,1775,1775,1775,1775,0
2022-10-26 13:41:00,1775,1775,1775,1775,0
2022-10-26 13:42:00,1775,1775,1775,1775,0
2022-10-26 13:43:00,1775,1775,1775,1775,0
2022-10-26 13:44:00,1775,1775,1775,1775,0
2022-10-26 13:45:00,1775,1775,1775,1775,0
2022-10-26 13:46:00,1775,1775,1775,1775,0
2022-10-26 13:47:00,1775,1775,1775,1775,0
2022-10-26 13:48:00,1775,1775,1775,1775,0
2022-10-26 13:49:00,1775,1775,1775,1775,0
2022-10-26 13:50:00,1775,1775,1775,1775,0
2022-10-26 13:51:00,1775,1775,1775,1775,0
2022-10-26 13:52:00,1775,1775,1775,1775,0
2022-10-26 13:53:00,1775,1775,1775,1775,0
2022-10-26 13:54:00,1775,1775,1775,1775,0
2022-10-26 13:55:00,1775,1775,1775,1775,0
2022-10-26 13:56:00,1775,1775,1775,1775,0
2022-10-26 13:57:00,1775,1775,1775,1775,0
2022-10-26 13:58:00,1775,1775,1775,1775,0
2022-10-26 13:59:00,1775,1775,1775,1775,0
2022-10-26 14:00:00,1775,1775,1775,1775,0
2022-10-26 14:01:00,1775,1775,1775,1775,0
2022-10-26 14:02:00,1775,1775,1775,1775,0
2022-10-26 14:03:00,1775,1775,1775,1775,0
2022-10-26 14:04:00,1775,1775,1775,1775,0
2022-10-26 14:05:00,1775,1775,1775,1775,0
2022-10-26 14:06:00,1775,1775,1775,1775,0
2022-10-26 14:07:00,1775,1775,1775,1775,0
2022-10-26 14:08:00,1775,1775,1775,1775,0
2022-10-26 14:09:00,1775,1775,1775,1775,0
2022-10-26 14:10:00,1775,1775,1775,1775,0
2022-10-26 14:11:00,1775,1775,1775,1775,0
2022-10-26 14:12:00,1775,1775,1775,1775,0
2022-10-26 14:13:00,1775,1775,1775,1775,0
2022-10-26 14:14:00,1775,1775,1775,1775,0
2022-10-26 14:15:00,1775,1775,1775,1775,0
2022-10-26 14:16:00,1775,1775,1775,1775,0
2022-10-26 14:17:00,1775,1775,1775,1775,0
2022-10-26 14:18:00,1775,1775,1775,1775,0
2022-10-26 14:19:00,1775,1775,1775,1775,0
2022-10-26 14:20:00,1775,1775,1775,1775,0
2022-10-26 14:21:00,1775,1775,1775,1775,0
2022-10-26 14:22:00,1775,1775,1775,1775,0
2022-10-26 14:23:00,1775,1775,1775,1775,0
2022-10-26 14:24:00,1775,1775,1775,1775,0
2022-10-26 14:25:00,1775,1775,1775,1775,0
2022-10-26 14:26:00,1775,1775,1775,1775,0
2022-10-26 14:27:00,1775,1775,1775,1775,0
2022-10-26 14:28:00,1775,1775,1775,1775,0
2022-10-26 14:29:00,1775,1775,1775,1775,0
2022-10-26 14:30:00,1775,1775,1775,1775,100
2022-10-26 14:31:00,1775,1775,1775,1775,0
2022-10-26 14:32:00,1775,1775,1775,1775,0
2022-10-26 14:33:00,1775,1775,1775,1775,0
2022-10-26 14:34:00,1775,1775,1775,1775,0
2022-10-26 14:35:00,1775,1775,1775,1775,0
2022-10-26 14:36:00,1775,1775,1775,1775,0
2022-10-26 14:37:00,1775,1775,1775,1775,0
2022-10-26 14:38:00,1775,1775,1775,1775,0
2022-10-26 14:39:00,1775,1775,1775,1775,0
2022-10-26 14:40:00,1775,1775,1775,1775,0
2022-10-26 14:41:00,1775,1775,1775,1775,0
2022-10-26 14:42:00,1775,1775,1775,1775,0
2022-10-26 14:43:00,1775,1775,1775,1775,0
2022-10-26 14:44:00,1775,1775,1775,1775,0
2022-10-26 14:45:00,1775,1775,1775,1775,0
2022-10-26 14:46:00,1775,1775,1775,1775,0
2022-10-26 14:47:00,1775,1775,1775,1775,0
2022-10-26 14:48:00,1775,1775,1775,1775,0
2022-10-26 14:49:00,1775,1775,1775,1775,0
2022-10-26 14:50:00,1775,1775,1775,1775,0
2022-10-26 14:51:00,1775,1775,1775,1775,0
2022-10-26 14:52:00,1775,1775,1775,1775,0
2022-10-26 14:53:00,1775,1775,1775,1775,0
2022-10-26 14:54:00,1775,1775,1775,1775,0
2022-10-26 14:55:00,1775,1775,1775,1775,0
2022-10-26 14:56:00,1775,1775,1775,1775,0
2022-10-26 14:57:00,1775,1775,1775,1775,0
2022-10-26 14:58:00,1775,1775,1775,1775,0
2022-10-26 14:59:00,1775,1775,1775,1775,0
2022-10-26 15:00:00,1775,1775,1775,1775,0
2022-10-26 15:01:00,1775,1775,1775,1775,0
2022-10-26 15:02:00,1775,1775,1775,1775,0
2022-10-26 15:03:00,1775,1775,1775,1775,0
2022-10-26 15:04:00,1775,1775,1775,1775,0
2022-10-26 15:05:00,1775,1775,1775,1775,0
2022-10-26 15:06:00,1775,1775,1775,1775,0
2022-10-26 15:07:00,1775,1775,1775,1775,0
2022-10-26 15:08:00,1775,1775,1775,1775,0
2022-10-26 15:09:00,1775,1775,1775,1775,0
2022-10-26 15:10:00,1775,1775,1775,1775,0
2022-10-26 15:11:00,1775,1775,1775,1775,0
2022-10-26 15:12:00,1775,1775,1775,1775,0
2022-10-26 15:13:00,1775,1775,1775,1775,0
2022-10-26 15:14:00,1775,1775,1775,1775,0
2022-10-26 15:15:00,1775,1775,1775,1775,0
2022-10-26 15:16:00,1775,1775,1775,1775,0
2022-10-26 15:17:00,1775,1775,1775,1775,0
2022-10-26 15:18:00,1775,1775,1775,1775,0
2022-10-26 15:19:00,1775,1775,1775,1775,0
2022-10-26 15:20:00,1775,1775,1775,1775,0
2022-10-26 15:21:00,1775,1775,1775,1775,0
2022-10-26 15:22:00,1775,1775,1775,1775,0
2022-10-26 15:23:00,1775,1775,1775,1775,0
2022-10-26 15:24:00,1775,1775,1775,1775,0
2022-10-26 15:25:00,1775,1775,1775,1775,0
2022-10-26 15:26:00,1775,1775,1775,1775,0
2022-10-26 15:27:00,1775,1775,1775,1775,0
2022-10-26 15:28:00,1775,1775,1775,1775,0
2022-10-26 15:29:00,1775,1775,1775,1775,0
2022-10-26 15:30:00,1775,1775,1775,1775,0
2022-10-26 15:31:00,1775,1775,1775,1775,0
2022-10-26 15:32:00,1775,1775,1775,1775,0
2022-10-26 15:33:00,1775,1775,1775,1775,0
2022-10-26 15:34:00,1775,1775,1775,1775,0
2022-10-26 15:35:00,1775,1775,1775,1775,0
2022-10-26 15:36:00,1775,1775,1775,1775,0
2022-10-26 15:37:00,1775,1775,1775,1775,0
2022-10-26 15:38:00,1775,1775,1775,1775,0
2022-10-26 15:39:00,1775,1775,1775,1775,0
2022-10-26 15:40:00,1775,1775,1775,1775,0
2022-10-26 15:41:00,1775,1775,1775,1775,0
2022-10-26 15:42:00,1775,1775,1775,1775,0
2022-10-26 15:43:00,1775,1775,1775,1775,0
2022-10-26 15:44:00,1775,1775,1775,1775,0
2022-10-26 15:45:00,1775,1775,1775,1775,0
2022-10-26 15:46:00,1775,1775,1775,1775,0
2022-10-26 15:47:00,1775,1775,1775,1775,0
2022-10-26 15:48:00,1775,1775,1775,1775,0
2022-10-26 15:49:00,1775,1775,1775,1775,0
2022-10-26 15:50:00,1775,1775,1775,1775,0
2022-10-26 15:51:00,1775,1775,1775,1775,0
2022-10-26 15:52:00,1775,1775,1775,1775,0
2022-10-26 15:53:00,1775,1775,1775,1775,0
2022-10-26 15:54:00,1775,1775,1775,1775,0
2022-10-26 15:55:00,1775,1775,1775,1775,0
2022-10-26 15:56:00,1775,1775,1775,1775,0
2022-10-26 15:57:00,1775,1775,1775,1775,0
2022-10-26 15:58:00,1775,1775,1775,1775,0
2022-10-26 15:59:00,1775,1775,1775,1775,0
2022-10-27 09:00:00,1775,1775,1775,1775,0
2022-10-27 09:01:00,1775,1775,1775,1775,0
2022-10-27 09:02:00,1775,1775,1775,1775,0
2022-10-27 09:03:00,1775,1775,1775,1775,0
2022-10-27 09:04:00,1775,1775,1775,1775,0
2022-10-27 09:05:00,1775,1775,1775,1775,0
2022-10-27 09:06:00,1775,1775,1775,1775,0
2022-10-27 09:07:00,1775,1775,1775,1775,0
2022-10-27 09:08:00,1775,1775,1775,1775,0
2022-10-27 09:09:00,1775,1775,1775,1775,0
2022-10-27 09:10:00,1775,1775,1775,1775,0
2022-10-27 09:11:00,1775,1775,1775,1775,0
2022-10-27 09:12:00,1775,1775,1775,1775,0
2022-10-27 09:13:00,1775,1775,1775,1775,0
2022-10-27 09:14:00,1775,1775,1775,1775,0
2022-10-27 09:15:00,1775,1775,1775,1775,0
2022-10-27 09:16:00,1775,1775,1775,1775,0
2022-10-27 09:17:00,1775,1775,1775,1775,0
2022-10-27 09:18:00,1775,1775,1775,1775,0
2022-10-27 09:19:00,1775,1775,1775,1775,0
2022-10-27 09:20:00,1775,1775,1775,1775,0
2022-10-27 09:21:00,1775,1775,1775,1775,0
2022-10-27 09:22:00,1775,1775,1775,1775,0
2022-10-27 09:23:00,1775,1775,1775,1775,0
2022-10-27 09:24:00,1775,1775,1775,1775,0
2022-10-27 09:25:00,1775,1775,1775,1775,0
2022-10-27 09:26:00,1775,1775,1775,1775,0
2022-10-27 09:27:00,1775,1775,1775,1775,0
2022-10-27 09:28:00,1775,1775,1775,1775,0
2022-10-27 09:29:00,1775,1775,1775,1775,0
2022-10-27 09:30:00,1775,1775,1775,1775,0
2022-10-27 09:31:00,1775,1775,1775,1775,0
2022-10-27 09:32:00,1775,1775,1775,1775,0
2022-10-27 09:33:00,1775,1775,1775,1775,0
2022-10-27 09:34:00,1775,1775,1775,1775,0
2022-10-27 09:35:00,1775,1775,1775,1775,0
2022-10-27 09:36:00,1775,1775,1775,1775,0
2022-10-27 09:37:00,1775,1775,1775,1775,0
2022-10-27 09:38:00,1775,1775,1775,1775,0
2022-10-27 09:39:00,1775,1775,1775,1775,0
2022-10-27 09:40:00,1775,1775,1775,1775,0
2022-10-27 09:41:00,1775,1775,1775,1775,0
2022-10-27 09:42:00,1775,1775,1775,1775,0
2022-10-27 09:43:00,1775,1775,1775,1775,0
2022-10-27 09:44:00,1775,1775,1775,1775,0
2022-10-27 09:45:00,1775,1775,1775,1775,0
2022-10-27 09:46:00,1775,1775,1775,1775,0
2022-10-27 09:47:00,1775,1775,1775,1775,0
2022-10-27 09:48:00,1775,1775,1775,1775,0
2022-10-27 09:49:00,1775,1775,1775,1775,0
2022-10-27 09:50:00,1775,1775,1775,1775,0
2022-10-27 09:51:00,1775,1775,1775,1775,0
2022-10-27 09:52:00,1775,1775,1775,1775,0
2022-10-27 09:53:00,1775,1775,1775,1775,0
2022-10-27 09:54:00,1775,1775,1775,1775,0
2022-10-27 09:55:00,1775,1775,1775,1775,0
2022-10-27 09:56:00,1775,1775,1775,1775,0
2022-10-27 09:57:00,1775,1775,1775,1775,0
2022-10-27 09:58:00,1775,1775,1775,1775,0
2022-10-27 09:59:00,1775,1775,1775,1775,0
2022-10-27 10:00:00,1775,1775,1775,1775,0
2022-10-27 10:01:00,1775,1775,1775,1775,0
2022-10-27 10:02:00,1775,1775,1775,1775,0
2022-10-27 10:03:00,1775,1775,1775,1775,0
2022-10-27 10:04:00,1775,1775,1775,1775,0
2022-10-27 10:05:00,1775,1775,1775,1775,0
2022-10-27 10:06:00,1775,1775,1775,1775,0
2022-10-27 10:07:00,1775,1775,1775,1775,0
2022-10-27 10:08:00,1775,1775,1775,1775,0
2022-10-27 10:09:00,1775,1775,1775,1775,0
2022-10-27 10:10:00,1775,1775,1775,1775,0
2022-10-27 10:11:00,1775,1775,1775,1775,0
2022-10-27 10:12:00,1775,1775,1775,1775,0
2022-10-27 10:13:00,1775,1775,1775,1775,0
2022-10-27 10:14:00,1775,1775,1775,1775,0
2022-10-27 10:15:00,1775,1775,1775,1775,0
2022-10-27 10:16:00,1775,1775,1775,1775,0
2022-10-27 10:17:00,1775,1775,1775,1775,0
2022-10-27 10:18:00,1775,1775,1775,1775,0
2022-10-27 10:19:00,1775,1775,1775,1775,0
2022-10-27 10:20:00,1775,1775,1775,1775,0
2022-10-27 10:21:00,1775,1775,1775,1775,0
2022-10-27 10:22:00,1775,1775,1775,1775,0
2022-10-27 10:23:00,1775,1775,1775,1775,0
2022-10-27 10:24:00,1775,1775,1775,1775,0
2022-10-27 10:25:00,1775,1775,1775,1775,0
2022-10-27 10:26:00,1775,1775,1775,1775,0
2022-10-27 10:27:00,1775,1775,1775,1775,0
2022-10-27 10:28:00,1775,1775,1775,1775,0
2022-10-27 10:29:00,1775,1775,1775,1775,0
2022-10-27 10:30:00,1775,1775,1775,1775,0
2022-10-27 10:31:00,1775,1775,1775,1775,0
2022-10-27 10:32:00,1775,1775,1775,1775,0
2022-10-27 10:33:00,1775,1775,1775,1775,0
2022-10-27 10:34:00,1775,1775,1775,1775,0
2022-10-27 10:35:00,1775,1775,1775,1775,0
2022-10-27 10:36:00,1775,1775,1775,1775,0
2022-10-27 10:37:00,1775,1775,1775,1775,0
2022-10-27 10:38:00,1775,1775,1775,1775,0
2022-10-27 10:39:00,1775,1775,1775,1775,0
2022-10-27 10:40:00,1775,1775,1775,1775,0
2022-10-27 10:41:00,1775,1775,1775,1775,0
2022-10-27 10:42:00,1775,1775,1775,1775,0
2022-10-27 10:43:00,1775,1775,1775,1775,0
2022-10-27 10:44:00,1775,1775,1775,1775,0
2022-10-27 10:45:00,1775,1775,1775,1775,0
2022-10-27 10:46:00,1775,1775,1775,1775,0
2022-10-27 10:47:00,1775,1775,1775,1775,0
2022-10-27 10:48:00,1775,1775,1775,1775,0
2022-10-27 10:49:00,1775,1775,1775,1775,0
2022-10-27 10:50:00,1775,1775,1775,1775,0
2022-10-27 10:51:00,1775,1775,1775,1775,0
2022-10-27 10:52:00,1775,1775,1775,1775,0
2022-10-27 10:53:00,1775,1775,1775,1775,0
2022-10-27 10:54:00,1775,1775,1775,1775,0
2022-10-27 10:55:00,1775,1775,1775,1775,0
2022-10-27 10:56:00,1775,1775,1775,1775,0
2022-10-27 10:57:00,1775,1775,1775,1775,0
2022-10-27 10:58:00,1775,1775,1775,1775,0
2022-10-27 10:59:00,1775,1775,1775,1775,0
2022-10-27 11:00:00,1775,1775,1775,1775,0
2022-10-27 11:01:00,1775,1775,1775,1775,0
2022-10-27 11:02:00,1775,1775,1775,1775,0
2022-10-27 11:03:00,1775,1775,1775,1775,0
2022-10-27 11:04:00,1775,1775,1775,1775,0
2022-10-27 11:05:00,1775,1775,1775,1775,0
2022-10-27 11:06:00,1775,1775,1775,1775,0
2022-10-27 11:07:00,1775,1775,1775,1775,0
2022-10-27 11:08:00,1775,1775,1775,1775,0
2022-10-27 11:09:00,1775,1775,1775,1775,0
2022-10-27 11:10:00,1775,1775,1775,1775,0
2022-10-27 11:11:00,1775,1775,1775,1775,0
2022-10-27 11:12:00,1775,1775,1775,1775,0
2022-10-27 11:13:00,1775,1775,1775,1775,0
2022-10-27 11:14:00,1775,1775,1775,1775,0
2022-10-27 11:15:00,1775,1775,1775,1775,0
2022-10-27 11:16:00,1775,1775,1775,1775,0
2022-10-27 11:17:00,1775,1775,1775,1775,0
2022-10-27 11:18:00,1775,1775,1775,1775,0
2022-10-27 11:19:00,1775,1775,1775,1775,0
2022-10-27 11:20:00,1775,1775,1775,1775,0
2022-10-27 11:21:00,1775,1775,1775,1775,0
2022-10-27 11:22:00,1775,1775,1775,1775,0
2022-10-27 11:23:00,1775,1775,1775,1775,0
2022-10-27 11:24:00,1775,1775,1775,1775,0
2022-10-27 11:25:00,1775,1775,1775,1775,0
2022-10-27 11:26:00,1775,1775,1775,1775,0
2022-10-27 11:27:00,1775,1775,1775,1775,0
2022-10-27 11:28:00,1775,1775,1775,1775,0
2022-10-27 11:29:00,1775,1775,1775,1775,0
2022-10-27 11:30:00,1775,1775,1775,1775,0
2022-10-27 11:31:00,1775,1775,1775,1775,0
2022-10-27 11:32:00,1775,1775,1775,1775,0
2022-10-27 11:33:00,1775,1775,1775,1775,0
2022-10-27 11:34:00,1775,1775,1775,1775,0
2022-10-27 11:35:00,1775,1775,1775,1775,0
2022-10-27 11:36:00,1775,1775,1775,1775,0
2022-10-27 11:37:00,1775,1775,1775,1775,0
2022-10-27 11:38:00,1775,1775,1775,1775,0
2022-10-27 11:39:00,1775,1775,1775,1775,0
2022-10-27 11:40:00,1775,1775,1775,1775,0
2022-10-27 11:41:00,1775,1775,1775,1775,0
2022-10-27 11:42:00,1775,1775,1775,1775,0
2022-10-27 11:43:00,1775,1775,1775,1775,0
2022-10-27 11:44:00,1775,1775,1775,1775,0
2022-10-27 11:45:00,1775,1775,1775,1775,0
2022-10-27 11:46:00,1775,1775,1775,1775,0
2022-10-27 11:47:00,1775,1775,1775,1775,0
2022-10-27 11:48:00,1775,1775,1775,1775,0
2022-10-27 11:49:00,1775,1775,1775,1775,0
2022-10-27 11:50:00,1775,1775,1775,1775,0
2022-10-27 11:51:00,1775,1775,1775,1775,0
2022-10-27 11:52:00,1775,1775,1775,1775,0
2022-10-27 11:53:00,1775,1775,1775,1775,0
2022-10-27 11:54:00,1775,1775,1775,1775,0
2022-10-27 11:55:00,1775,1775,1775,1775,0
2022-10-27 11:56:00,1775,1775,1775,1775,0
2022-10-27 11:57:00,1775,1775,1775,1775,0
2022-10-27 11:58:00,1775,1775,1775,1775,0
2022-10-27 11:59:00,1775,1775,1775,1775,0
2022-10-27 12:00:00,1775,1775,1775,1775,0
2022-10-27 12:01:00,1775,1775,1775,1775,0
2022-10-27 12:02:00,1775,1775,1775,1775,0
2022-10-27 12:03:00,1775,1775,1775,1775,0
2022-10-27 12:04:00,1775,1775,1775,1775,0
2022-10-27 12:05:00,1775,1775,1775,1775,0
2022-10-27 12:06:00,1775,1775,1775,1775,0
2022-10-27 12:07:00,1775,1775,1775,1775,0
2022-10-27 12:08:00,1775,1775,1775,1775,0
2022-10-27 12:09:00,1775,1775,1775,1775,0
2022-10-27 12:10:00,1775,1775,1775,1775,0
2022-10-27 12:11:00,1775,1775,1775,1775,0
2022-10-27 12:12:00,1775,1775,1775,1775,0
2022-10-27 12:13:00,1775,1775,1775,1775,0
2022-10-27 12:14:00,1775,1775,1775,1775,0
2022-10-27 12:15:00,1775,1775,1775,1775,0
2022-10-27 12:16:00,1775,1775,1775,1775,0
2022-10-27 12:17:00,1775,1775,1775,1775,0
2022-10-27 12:18:00,1775,1775,1775,1775,0
2022-10-27 12:19:00,1775,1775,1775,1775,0
2022-10-27 12:20:00,1775,1775,1775,1775,0
2022-10-27 12:21:00,1775,1775,1775,1775,0
2022-10-27 12:22:00,1775,1775,1775,1775,0
2022-10-27 12:23:00,1775,1775,1775,1775,0
2022-10-27 12:24:00,1775,1775,1775,1775,0
2022-10-27 12:25:00,1775,1775,1775,1775,0
2022-10-27 12:26:00,1775,1775,1775,1775,0
2022-10-27 12:27:00,1775,1775,1775,1775,0
2022-10-27 12:28:00,1775,1775,1775,1775,0
2022-10-27 12:29:00,1775,1775,1775,1775,0
2022-10-27 12:30:00,1775,1775,1775,1775,0
2022-10-27 12:31:00,1775,1775,1775,1775,0
2022-10-27 12:32:00,1775,1775,1775,1775,0
2022-10-27 12:33:00,1775,1775,1775,1775,0
2022-10-27 12:34:00,1775,1775,1775,1775,0
2022-10-27 12:35:00,1775,1775,1775,1775,0
2022-10-27 12:36:00,1775,1775,1775,1775,0
2022-10-27 12:37:00,1775,1775,1775,1775,0
2022-10-27 12:38:00,1775,1775,1775,1775,0
2022-10-27 12:39:00,1775,1775,1775,1775,0
2022-10-27 12:40:00,1775,1775,1775,1775,0
2022-10-27 12:41:00,1775,1775,1775,1775,0
2022-10-27 12:42:00,1775,1775,1775,1775,0
2022-10-27 12:43:00,1775,1775,1775,1775,0
2022-10-27 12:44:00,1775,1775,1775,1775,0
2022-10-27 12:45:00,1775,1775,1775,1775,0
2022-10-27 12:46:00,1775,1775,1775,1775,0
2022-10-27 12:47:00,1775,1775,1775,1775,0
2022-10-27 12:48:00,1775,1775,1775,1775,0
2022-10-27 12:49:00,1775,1775,1775,1775,0
2022-10-27 12:50:00,1775,1775,1775,1775,0
2022-10-27 12:51:00,1775,1775,1775,1775,0
2022-10-27 12:52:00,1775,1775,1775,1775,0
2022-10-27 12:53:00,1775,1775,1775,1775,0
2022-10-27 12:54:00,1775,1775,1775,1775,0
2022-10-27 12:55:00,1775,1775,1775,1775,0
2022-10-27 12:56:00,1775,1775,1775,1775,0
2022-10-27 12:57:00,1775,1775,1775,1775,0
2022-10-27 12:58:00,1775,1775,1775,1775,0
2022-10-27 12:59:00,1775,1775,1775,1775,0
2022-10-27 13:00:00,1775,1775,1775,1775,0
2022-10-27 13:01:00,1775,1775,1775,1775,0
2022-10-27 13:02:00,1775,1775,1775,1775,0
2022-10-27 13:03:00,1775,1775,1775,1775,0
2022-10-27 13:04:00,1775,1775,1775,1775,0
2022-10-27 13:05:00,1775,1775,1775,1775,0
2022-10-27 13:06:00,1775,1775,1775,1775,0
2022-10-27 13:07:00,1775,1775,1775,1775,0
2022-10-27 13:08:00,1775,1775,1775,1775,0
2022-10-27 13:09:00,1775,1775,1775,1775,0
2022-10-27 13:10:00,1775,1775,1775,1775,0
2022-10-27 13:11:00,1775,1775,1775,1775,0
2022-10-27 13:12:00,1775,1775,1775,1775,0
2022-10-27 13:13:00,1775,1775,1775,1775,0
2022-10-27 13:14:00,1775,1775,1775,1775,0
2022-10-27 13:15:00,1775,1775,1775,1775,0
2022-10-27 13:16:00,1775,1775,1775,1775,0
2022-10-27 13:17:00,1775,1775,1775,1775,0
2022-10-27 13:18:00,1775,1775,1775,1775,0
2022-10-27 13:19:00,1775,1775,1775,1775,0
2022-10-27 13:20:00,1775,1775,1775,1775,0
2022-10-27 13:21:00,1775,1775,1775,1775,0
2022-10-27 13:22:00,1775,1775,1775,1775,0
2022-10-27 13:23:00,1775,1775,1775,1775,0
2022-10-27 13:24:00,1775,1775,1775,1775,0
2022-10-27 13:25:00,1775,1775,1775,1775,0
2022-10-27 13:26:00,1775,1775,1775,1775,0
2022-10-27 13:27:00,1775,1775,1775,1775,0
2022-10-27 13:28:00,1775,1775,1775,1775,0
2022-10-27 13:29:00,1775,1775,1775,1775,0
2022-10-27 13:30:00,1775,1775,1775,1775,0
2022-10-27 13:31:00,1775,1775,1775,1775,0
2022-10-27 13:32:00,1775,1775,1775,1775,0
2022-10-27 13:33:00,1775,1775,1775,1775,0
2022-10-27 13:34:00,1775,1775,1775,1775,0
2022-10-27 13:35:00,1775,1775,1775,1775,0
2022-10-27 13:36:00,1775,1775,1775,1775,0
2022-10-27 13:37:00,1775,1775,1775,1775,0
2022-10-27 13:38:00,1775,1775,1775,1775,0
2022-10-27 13:39:00,1775,1775,1775,1775,0
2022-10-27 13:40:00,1775,1775,1775,1775,0
2022-10-27 13:41:00,1775,1775,1775,1775,0
2022-10-27 13:42:00,1775,1775,1775,1775,0
2022-10-27 13:43:00,1775,1775,1775,1775,0
2022-10-27 13:44:00,1775,1775,1775,1775,0
2022-10-27 13:45:00,1775,1775,1775,1775,0
2022-10-27 13:46:00,1775,1775,1775,1775,0
2022-10-27 13:47:00,1775,1775,1775,1775,0
2022-10-27 13:48:00,1775,1775,1775,1775,0
2022-10-27 13:49:00,1775,1775,1775,1775,0
2022-10-27 13:50:00,1775,1775,1775,1775,0
2022-10-27 13:51:00,1775,1775,1775,1775,0
2022-10-27 13:52:00,1775,1775,1775,1775,0
2022-10-27 13:53:00,1775,1775,1775,1775,0
2022-10-27 13:54:00,1775,1775,1775,1775,0
2022-10-27 13:55:00,1775,1775,1775,1775,0
2022-10-27 13:56:00,1775,1775,1775,1775,0
2022-10-27 13:57:00,1775,1775,1775,1775,0
2022-10-27 13:58:00,1775,1775,1775,1775,0
2022-10-27 13:59:00,1775,1775,1775,1775,0
2022-10-27 14:00:00,1775,1775,1775,1775,0
2022-10-27 14:01:00,1775,1775,1775,1775,0
2022-10-27 14:02:00,1775,1775,1775,1775,0
2022-10-27 14:03:00,1775,1775,1775,1775,0
2022-10-27 14:04:00,1775,1775,1775,1775,0
2022-10-27 14:05:00,1775,1775,1775,1775,0
2022-10-27 14:06:00,1775,1775,1775,1775,0
2022-10-27 14:07:00,1775,1775,1775,1775,0
2022-10-27 14:08:00,1775,1775,1775,1775,0
2022-10-27 14:09:00,1775,1775,1775,1775,0
2022-10-27 14:10:00,1775,1775,1775,1775,0
2022-10-27 14:11:00,1770,1770,1770,1770,100
2022-10-27 14:12:00,1770,1770,1770,1770,0
2022-10-27 14:13:00,1770,1770,1770,1770,0
2022-10-27 14:14:00,1770,1770,1770,1770,0
2022-10-27 14:15:00,1770,1770,1770,1770,0
2022-10-27 14:16:00,1770,1770,1770,1770,0
2022-10-27 14:17:00,1770,1770,1770,1770,0
2022-10-27 14:18:00,1770,1770,1770,1770,0
2022-10-27 14:19:00,1770,1770,1770,1770,0
2022-10-27 14:20:00,1770,1770,1770,1770,0
2022-10-27 14:21:00,1770,1770,1770,1770,0
2022-10-27 14:22:00,1770,1770,1770,1770,0
2022-10-27 14:23:00,1770,1770,1770,1770,0
2022-10-27 14:24:00,1770,1770,1770,1770,0
2022-10-27 14:25:00,1770,1770,1770,1770,0
2022-10-27 14:26:00,1770,1770,1770,1770,0
2022-10-27 14:27:00,1770,1770,1770,1770,0
2022-10-27 14:28:00,1770,1770,1770,1770,0
2022-10-27 14:29:00,1770,1770,1770,1770,0
2022-10-27 14:30:00,1770,1770,1770,1770,0
2022-10-27 14:31:00,1770,1770,1770,1770,0
2022-10-27 14:32:00,1770,1770,1770,1770,0
2022-10-27 14:33:00,1770,1770,1770,1770,0
2022-10-27 14:34:00,1770,1770,1770,1770,0
2022-10-27 14:35:00,1770,1770,1770,1770,0
2022-10-27 14:36:00,1770,1770,1770,1770,0
2022-10-27 14:37:00,1770,1770,1770,1770,0
2022-10-27 14:38:00,1770,1770,1770,1770,0
2022-10-27 14:39:00,1770,1770,1770,1770,0
2022-10-27 14:40:00,1770,1770,1770,1770,0
2022-10-27 14:41:00,1770,1770,1770,1770,0
2022-10-27 14:42:00,1770,1770,1770,1770,0
2022-10-27 14:43:00,1770,1770,1770,1770,0
2022-10-27 14:44:00,1770,1770,1770,1770,0
2022-10-27 14:45:00,1770,1770,1770,1770,0
2022-10-27 14:46:00,1770,1770,1770,1770,0
2022-10-27 14:47:00,1770,1770,1770,1770,0
2022-10-27 14:48:00,1770,1770,1770,1770,0
2022-10-27 14:49:00,1770,1770,1770,1770,0
2022-10-27 14:50:00,1770,1770,1770,1770,0
2022-10-27 14:51:00,1770,1770,1770,1770,0
2022-10-27 14:52:00,1770,1770,1770,1770,0
2022-10-27 14:53:00,1770,1770,1770,1770,0
2022-10-27 14:54:00,1770,1770,1770,1770,0
2022-10-27 14:55:00,1770,1770,1770,1770,0
2022-10-27 14:56:00,1770,1770,1770,1770,0
2022-10-27 14:57:00,1770,1770,1770,1770,0
2022-10-27 14:58:00,1770,1770,1770,1770,0
2022-10-27 14:59:00,1770,1770,1770,1770,0
2022-10-27 15:00:00,1770,1770,1770,1770,0
2022-10-27 15:01:00,1770,1770,1770,1770,0
2022-10-27 15:02:00,1770,1770,1770,1770,0
2022-10-27 15:03:00,1770,1770,1770,1770,0
2022-10-27 15:04:00,1770,1770,1770,1770,0
2022-10-27 15:05:00,1770,1770,1770,1770,0
2022-10-27 15:06:00,1770,1770,1770,1770,0
2022-10-27 15:07:00,1770,1770,1770,1770,0
2022-10-27 15:08:00,1770,1770,1770,1770,0
2022-10-27 15:09:00,1770,1770,1770,1770,0
2022-10-27 15:10:00,1770,1770,1770,1770,0
2022-10-27 15:11:00,1770,1770,1770,1770,0
2022-10-27 15:12:00,1770,1770,1770,1770,0
2022-10-27 15:13:00,1770,1770,1770,1770,0
2022-10-27 15:14:00,1770,1770,1770,1770,0
2022-10-27 15:15:00,1770,1770,1770,1770,0
2022-10-27 15:16:00,1770,1770,1770,1770,0
2022-10-27 15:17:00,1770,1770,1770,1770,0
2022-10-27 15:18:00,1770,1770,1770,1770,0
2022-10-27 15:19:00,1770,1770,1770,1770,0
2022-10-27 15:20:00,1770,1770,1770,1770,0
2022-10-27 15:21:00,1770,1770,1770,1770,0
2022-10-27 15:22:00,1770,1770,1770,1770,0
2022-10-27 15:23:00,1770,1770,1770,1770,0
2022-10-27 15:24:00,1770,1770,1770,1770,0
2022-10-27 15:25:00,1770,1770,1770,1770,0
2022-10-27 15:26:00,1770,1770,1770,1770,0
2022-10-27 15:27:00,1770,1770,1770,1770,0
2022-10-27 15:28:00,1770,1770,1770,1770,0
2022-10-27 15:29:00,1770,1770,1770,1770,0
2022-10-27 15:30:00,1770,1770,1770,1770,0
2022-10-27 15:31:00,1770,1770,1770,1770,0
2022-10-27 15:32:00,1770,1770,1770,1770,0
2022-10-27 15:33:00,1770,1770,1770,1770,0
2022-10-27 15:34:00,1770,1770,1770,1770,0
2022-10-27 15:35:00,1770,1770,1770,1770,0
2022-10-27 15:36:00,1770,1770,1770,1770,0
2022-10-27 15:37:00,1770,1770,1770,1770,0
2022-10-27 15:38:00,1770,1770,1770,1770,0
2022-10-27 15:39:00,1770,1770,1770,1770,0
2022-10-27 15:40:00,1770,1770,1770,1770,0
2022-10-27 15:41:00,1770,1770,1770,1770,0
2022-10-27 15:42:00,1770,1770,1770,1770,0
2022-10-27 15:43:00,1770,1770,1770,1770,0
2022-10-27 15:44:00,1770,1770,1770,1770,0
2022-10-27 15:45:00,1770,1770,1770,1770,0
2022-10-27 15:46:00,1770,1770,1770,1770,0
2022-10-27 15:47:00,1770,1770,1770,1770,0
2022-10-27 15:48:00,1770,1770,1770,1770,0
2022-10-27 15:49:00,1770,1770,1770,1770,0
2022-10-27 15:50:00,1770,1770,1770,1770,0
2022-10-27 15:51:00,1770,1770,1770,1770,0
2022-10-27 15:52:00,1770,1770,1770,1770,0
2022-10-27 15:53:00,1770,1770,1770,1770,0
2022-10-27 15:54:00,1770,1770,1770,1770,0
2022-10-27 15:55:00,1770,1770,1770,1770,0
2022-10-27 15:56:00,1770,1770,1770,1770,0
2022-10-27 15:57:00,1770,1770,1770,1770,0
2022-10-27 15:58:00,1770,1770,1770,1770,0
2022-10-27 15:59:00,1770,1770,1770,1770,0
2022-10-28 09:00:00,1770,1770,1770,1770,0
2022-10-28 09:01:00,1770,1770,1770,1770,0
2022-10-28 09:02:00,1770,1770,1770,1770,0
2022-10-28 09:03:00,1770,1770,1770,1770,0
2022-10-28 09:04:00,1770,1770,1770,1770,0
2022-10-28 09:05:00,1770,1770,1770,1770,0
2022-10-28 09:06:00,1770,1770,1770,1770,0
2022-10-28 09:07:00,1770,1770,1770,1770,0
2022-10-28 09:08:00,1770,1770,1770,1770,0
2022-10-28 09:09:00,1770,1770,1770,1770,0
2022-10-28 09:10:00,1770,1770,1770,1770,0
2022-10-28 09:11:00,1770,1770,1770,1770,0
2022-10-28 09:12:00,1770,1770,1770,1770,0
2022-10-28 09:13:00,1770,1770,1770,1770,0
2022-10-28 09:14:00,1770,1770,1770,1770,0
2022-10-28 09:15:00,1770,1770,1770,1770,0
2022-10-28 09:16:00,1770,1770,1770,1770,0
2022-10-28 09:17:00,1770,1770,1770,1770,0
2022-10-28 09:18:00,1770,1770,1770,1770,0
2022-10-28 09:19:00,1770,1770,1770,1770,0
2022-10-28 09:20:00,1770,1770,1770,1770,0
2022-10-28 09:21:00,1770,1770,1770,1770,0
2022-10-28 09:22:00,1770,1770,1770,1770,0
2022-10-28 09:23:00,1770,1770,1770,1770,0
2022-10-28 09:24:00,1770,1770,1770,1770,0
2022-10-28 09:25:00,1770,1770,1770,1770,0
2022-10-28 09:26:00,1770,1770,1770,1770,0
2022-10-28 09:27:00,1770,1770,1770,1770,0
2022-10-28 09:28:00,1770,1770,1770,1770,0
2022-10-28 09:29:00,1770,1770,1770,1770,0
2022-10-28 09:30:00,1770,1770,1770,1770,0
2022-10-28 09:31:00,1770,1770,1770,1770,0
2022-10-28 09:32:00,1770,1770,1770,1770,0
2022-10-28 09:33:00,1770,1770,1770,1770,0
2022-10-28 09:34:00,1770,1770,1770,1770,0
2022-10-28 09:35:00,1770,1770,1770,1770,0
2022-10-28 09:36:00,1770,1770,1770,1770,0
2022-10-28 09:37:00,1770,1770,1770,1770,0
2022-10-28 09:38:00,1770,1770,1770,1770,0
2022-10-28 09:39:00,1770,1770,1770,1770,0
2022-10-28 09:40:00,1770,1770,1770,1770,0
2022-10-28 09:41:00,1770,1770,1770,1770,0
2022-10-28 09:42:00,1770,1770,1770,1770,0
2022-10-28 09:43:00,1770,1770,1770,1770,0
2022-10-28 09:44:00,1770,1770,1770,1770,0
2022-10-28 09:45:00,1770,1770,1770,1770,0
2022-10-28 09:46:00,1770,1770,1770,1770,0
2022-10-28 09:47:00,1770,1770,1770,1770,0
2022-10-28 09:48:00,1770,1770,1770,1770,0
2022-10-28 09:49:00,1770,1770,1770,1770,0
2022-10-28 09:50:00,1770,1770,1770,1770,0
2022-10-28 09:51:00,1770,1770,1770,1770,0
2022-10-28 09:52:00,1770,1770,1770,1770,0
2022-10-28 09:53:00,1770,1770,1770,1770,0
2022-10-28 09:54:00,1770,1770,1770,1770,0
2022-10-28 09:55:00,1770,1770,1770,1770,0
2022-10-28 09:56:00,1770,1770,1770,1770,0
2022-10-28 09:57:00,1770,1770,1770,1770,0
2022-10-28 09:58:00,1770,1770,1770,1770,0
2022-10-28 09:59:00,1770,1770,1770,1770,0
2022-10-28 10:00:00,1770,1770,1770,1770,0
2022-10-28 10:01:00,1770,1770,1770,1770,0
2022-10-28 10:02:00,1770,1770,1770,1770,0
2022-10-28 10:03:00,1770,1770,1770,1770,0
2022-10-28 10:04:00,1770,1770,1770,1770,0
2022-10-28 10:05:00,1770,1770,1770,1770,0
2022-10-28 10:06:00,1770,1770,1770,1770,0
2022-10-28 10:07:00,1770,1770,1770,1770,0
2022-10-28 10:08:00,1770,1770,1770,1770,0
2022-10-28 10:09:00,1770,1770,1770,1770,0
2022-10-28 10:10:00,1770,1770,1770,1770,0
2022-10-28 10:11:00,1770,1770,1770,1770,0
2022-10-28 10:12:00,1770,1770,1770,1770,0
2022-10-28 10:13:00,1770,1770,1770,1770,0
2022-10-28 10:14:00,1770,1770,1770,1770,0
2022-10-28 10:15:00,1770,1770,1770,1770,0
2022-10-28 10:16:00,1770,1770,1770,1770,0
2022-10-28 10:17:00,1770,1770,1770,1770,0
2022-10-28 10:18:00,1770,1770,1770,1770,0
2022-10-28 10:19:00,1770,1770,1770,1770,0
2022-10-28 10:20:00,1770,1770,1770,1770,0
2022-10-28 10:21:00,1770,1770,1770,1770,0
2022-10-28 10:22:00,1770,1770,1770,1770,0
2022-10-28 10:23:00,1770,1770,1770,1770,0
2022-10-28 10:24:00,1770,1770,1770,1770,0
2022-10-28 10:25:00,1770,1770,1770,1770,0
2022-10-28 10:26:00,1770,1770,1770,1770,0
2022-10-28 10:27:00,1770,1770,1770,1770,0
2022-10-28 10:28:00,1770,1770,1770,1770,0
2022-10-28 10:29:00,1770,1770,1770,1770,0
2022-10-28 10:30:00,1770,1770,1770,1770,0
2022-10-28 10:31:00,1770,1770,1770,1770,0
2022-10-28 10:32:00,1770,1770,1770,1770,0
2022-10-28 10:33:00,1770,1770,1770,1770,0
2022-10-28 10:34:00,1770,1770,1770,1770,0
2022-10-28 10:35:00,1770,1770,1770,1770,0
2022-10-28 10:36:00,1770,1770,1770,1770,0
2022-10-28 10:37:00,1770,1770,1770,1770,0
2022-10-28 10:38:00,1770,1770,1770,1770,0
2022-10-28 10:39:00,1770,1770,1770,1770,0
2022-10-28 10:40:00,1770,1770,1770,1770,0
2022-10-28 10:41:00,1770,1770,1770,1770,0
2022-10-28 10:42:00,1770,1770,1770,1770,0
2022-10-28 10:43:00,1770,1770,1770,1770,0
2022-10-28 10:44:00,1770,1770,1770,1770,0
2022-10-28 10:45:00,1770,1770,1770,1770,0
2022-10-28 10:46:00,1770,1770,1770,1770,0
2022-10-28 10:47:00,1770,1770,1770,1770,0
2022-10-28 10:48:00,1770,1770,1770,1770,0
2022-10-28 10:49:00,1770,1770,1770,1770,0
2022-10-28 10:50:00,1770,1770,1770,1770,0
2022-10-28 10:51:00,1770,1770,1770,1770,0
2022-10-28 10:52:00,1770,1770,1770,1770,0
2022-10-28 10:53:00,1770,1770,1770,1770,0
2022-10-28 10:54:00,1770,1770,1770,1770,0
2022-10-28 10:55:00,1770,1770,1770,1770,0
2022-10-28 10:56:00,1770,1770,1770,1770,0
2022-10-28 10:57:00,1770,1770,1770,1770,0
2022-10-28 10:58:00,1770,1770,1770,1770,0
2022-10-28 10:59:00,1770,1770,1770,1770,0
2022-10-28 11:00:00,1770,1770,1770,1770,0
2022-10-28 11:01:00,1770,1770,1770,1770,0
2022-10-28 11:02:00,1770,1770,1770,1770,0
2022-10-28 11:03:00,1770,1770,1770,1770,0
2022-10-28 11:04:00,1770,1770,1770,1770,0
2022-10-28 11:05:00,1770,1770,1770,1770,0
2022-10-28 11:06:00,1770,1770,1770,1770,0
2022-10-28 11:07:00,1770,1770,1770,1770,0
2022-10-28 11:08:00,1770,1770,1770,1770,0
2022-10-28 11:09:00,1770,1770,1770,1770,0
2022-10-28 11:10:00,1770,1770,1770,1770,0
2022-10-28 11:11:00,1770,1770,1770,1770,0
2022-10-28 11:12:00,1770,1770,1770,1770,0
2022-10-28 11:13:00,1770,1770,1770,1770,0
2022-10-28 11:14:00,1770,1770,1770,1770,0
2022-10-28 11:15:00,1770,1770,1770,1770,0
2022-10-28 11:16:00,1770,1770,1770,1770,0
2022-10-28 11:17:00,1770,1770,1770,1770,0
2022-10-28 11:18:00,1770,1770,1770,1770,0
2022-10-28 11:19:00,1770,1770,1770,1770,0
2022-10-28 11:20:00,1770,1770,1770,1770,0
2022-10-28 11:21:00,1770,1770,1770,1770,0
2022-10-28 11:22:00,1770,1770,1770,1770,0
2022-10-28 11:23:00,1770,1770,1770,1770,0
2022-10-28 11:24:00,1770,1770,1770,1770,0
2022-10-28 11:25:00,1770,1770,1770,1770,0
2022-10-28 11:26:00,1770,1770,1770,1770,0
2022-10-28 11:27:00,1770,1770,1770,1770,0
2022-10-28 11:28:00,1770,1770,1770,1770,0
2022-10-28 11:29:00,1770,1770,1770,1770,0
2022-10-28 11:30:00,1770,1770,1770,1770,0
2022-10-28 11:31:00,1770,1770,1770,1770,0
2022-10-28 11:32:00,1770,1770,1770,1770,0
2022-10-28 11:33:00,1770,1770,1770,1770,0
2022-10-28 11:34:00,1770,1770,1770,1770,0
2022-10-28 11:35:00,1770,1770,1770,1770,0
2022-10-28 11:36:00,1770,1770,1770,1770,0
2022-10-28 11:37:00,1770,1770,1770,1770,0
2022-10-28 11:38:00,1770,1770,1770,1770,0
2022-10-28 11:39:00,1770,1770,1770,1770,0
2022-10-28 11:40:00,1770,1770,1770,1770,0
2022-10-28 11:41:00,1770,1770,1770,1770,0
2022-10-28 11:42:00,1770,1770,1770,1770,0
2022-10-28 11:43:00,1770,1770,1770,1770,0
2022-10-28 11:44:00,1770,1770,1770,1770,0
2022-10-28 11:45:00,1770,1770,1770,1770,0
2022-10-28 11:46:00,1770,1770,1770,1770,0
2022-10-28 11:47:00,1770,1770,1770,1770,0
2022-10-28 11:48:00,1770,1770,1770,1770,0
2022-10-28 11:49:00,1770,1770,1770,1770,0
2022-10-28 11:50:00,1770,1770,1770,1770,0
2022-10-28 11:51:00,1770,1770,1770,1770,0
2022-10-28 11:52:00,1770,1770,1770,1770,0
2022-10-28 11:53:00,1770,1770,1770,1770,0
2022-10-28 11:54:00,1770,1770,1770,1770,0
2022-10-28 11:55:00,1770,1770,1770,1770,0
2022-10-28 11:56:00,1770,1770,1770,1770,0
2022-10-28 11:57:00,1770,1770,1770,1770,0
2022-10-28 11:58:00,1770,1770,1770,1770,0
2022-10-28 11:59:00,1770,1770,1770,1770,0
2022-10-28 12:00:00,1770,1770,1770,1770,0
2022-10-28 12:01:00,1770,1770,1770,1770,0
2022-10-28 12:02:00,1770,1770,1770,1770,0
2022-10-28 12:03:00,1770,1770,1770,1770,0
2022-10-28 12:04:00,1770,1770,1770,1770,0
2022-10-28 12:05:00,1770,1770,1770,1770,0
2022-10-28 12:06:00,1770,1770,1770,1770,0
2022-10-28 12:07:00,1770,1770,1770,1770,0
2022-10-28 12:08:00,1770,1770,1770,1770,0
2022-10-28 12:09:00,1770,1770,1770,1770,0
2022-10-28 12:10:00,1770,1770,1770,1770,0
2022-10-28 12:11:00,1770,1770,1770,1770,0
2022-10-28 12:12:00,1770,1770,1770,1770,0
2022-10-28 12:13:00,1770,1770,1770,1770,0
2022-10-28 12:14:00,1770,1770,1770,1770,0
2022-10-28 12:15:00,1770,1770,1770,1770,0
2022-10-28 12:16:00,1770,1770,1770,1770,0
2022-10-28 12:17:00,1770,1770,1770,1770,0
2022-10-28 12:18:00,1770,1770,1770,1770,0
2022-10-28 12:19:00,1770,1770,1770,1770,0
2022-10-28 12:20:00,1770,1770,1770,1770,0
2022-10-28 12:21:00,1770,1770,1770,1770,0
2022-10-28 12:22:00,1770,1770,1770,1770,0
2022-10-28 12:23:00,1770,1770,1770,1770,0
2022-10-28 12:24:00,1770,1770,1770,1770,0
2022-10-28 12:25:00,1770,1770,1770,1770,0
2022-10-28 12:26:00,1770,1770,1770,1770,0
2022-10-28 12:27:00,1770,1770,1770,1770,0
2022-10-28 12:28:00,1770,1770,1770,1770,0
2022-10-28 12:29:00,1770,1770,1770,1770,0
2022-10-28 12:30:00,1770,1770,1770,1770,0
2022-10-28 12:31:00,1770,1770,1770,1770,0
2022-10-28 12:32:00,1770,1770,1770,1770,0
2022-10-28 12:33:00,1770,1770,1770,1770,0
2022-10-28 12:34:00,1770,1770,1770,1770,0
2022-10-28 12:35:00,1770,1770,1770,1770,0
2022-10-28 12:36:00,1770,1770,1770,1770,0
2022-10-28 12:37:00,1770,1770,1770,1770,0
2022-10-28 12:38:00,1770,1770,1770,1770,0
2022-10-28 12:39:00,1770,1770,1770,1770,0
2022-10-28 12:40:00,1770,1770,1770,1770,0
2022-10-28 12:41:00,1770,1770,1770,1770,0
2022-10-28 12:42:00,1770,1770,1770,1770,0
2022-10-28 12:43:00,1770,1770,1770,1770,0
2022-10-28 12:44:00,1770,1770,1770,1770,0
2022-10-28 12:45:00,1770,1770,1770,1770,0
2022-10-28 12:46:00,1770,1770,1770,1770,0
2022-10-28 12:47:00,1770,1770,1770,1770,0
2022-10-28 12:48:00,1770,1770,1770,1770,0
2022-10-28 12:49:00,1770,1770,1770,1770,0
2022-10-28 12:50:00,1770,1770,1770,1770,0
2022-10-28 12:51:00,1770,1770,1770,1770,0
2022-10-28 12:52:00,1770,1770,1770,1770,0
2022-10-28 12:53:00,1770,1770,1770,1770,0
2022-10-28 12:54:00,1770,1770,1770,1770,0
2022-10-28 12:55:00,1770,1770,1770,1770,0
2022-10-28 12:56:00,1770,1770,1770,1770,0
2022-10-28 12:57:00,1770,1770,1770,1770,0
2022-10-28 12:58:00,1770,1770,1770,1770,0
2022-10-28 12:59:00,1770,1770,1770,1770,0
2022-10-28 13:00:00,1770,1770,1770,1770,0
2022-10-28 13:01:00,1770,1770,1770,1770,0
2022-10-28 13:02:00,1770,1770,1770,1770,0
2022-10-28 13:03:00,1770,1770,1770,1770,0
2022-10-28 13:04:00,1770,1770,1770,1770,0
2022-10-28 13:05:00,1770,1770,1770,1770,0
2022-10-28 13:06:00,1770,1770,1770,1770,0
2022-10-28 13:07:00,1770,1770,1770,1770,0
2022-10-28 13:08:00,1770,1770,1770,1770,0
2022-10-28 13:09:00,1770,1770,1770,1770,0
2022-10-28 13:10:00,1770,1770,1770,1770,0
2022-10-28 13:11:00,1770,1770,1770,1770,0
2022-10-28 13:12:00,1770,1770,1770,1770,0
2022-10-28 13:13:00,1770,1770,1770,1770,0
2022-10-28 13:14:00,1770,1770,1770,1770,0
2022-10-28 13:15:00,1770,1770,1770,1770,0
2022-10-28 13:16:00,1770,1770,1770,1770,0
2022-10-28 13:17:00,1770,1770,1770,1770,0
2022-10-28 13:18:00,1770,1770,1770,1770,0
2022-10-28 13:19:00,1770,1770,1770,1770,0
2022-10-28 13:20:00,1770,1770,1770,1770,0
2022-10-28 13:21:00,1770,1770,1770,1770,0
2022-10-28 13:22:00,1770,1770,1770,1770,0
2022-10-28 13:23:00,1770,1770,1770,1770,0
2022-10-28 13:24:00,1770,1770,1770,1770,0
2022-10-28 13:25:00,1770,1770,1770,1770,0
2022-10-28 13:26:00,1770,1770,1770,1770,0
2022-10-28 13:27:00,1770,1770,1770,1770,0
2022-10-28 13:28:00,1770,1770,1770,1770,0
2022-10-28 13:29:00,1770,1770,1770,1770,0
2022-10-28 13:30:00,1770,1770,1770,1770,0
2022-10-28 13:31:00,1770,1770,1770,1770,0
2022-10-28 13:32:00,1770,1770,1770,1770,0
2022-10-28 13:33:00,1770,1770,1770,1770,0
2022-10-28 13:34:00,1770,1770,1770,1770,0
2022-10-28 13:35:00,1770,1770,1770,1770,0
2022-10-28 13:36:00,1770,1770,1770,1770,0
2022-10-28 13:37:00,1770,1770,1770,1770,0
2022-10-28 13:38:00,1770,1770,1770,1770,0
2022-10-28 13:39:00,1770,1770,1770,1770,0
2022-10-28 13:40:00,1770,1770,1770,1770,0
2022-10-28 13:41:00,1770,1770,1770,1770,0
2022-10-28 13:42:00,1770,1770,1770,1770,0
2022-10-28 13:43:00,1770,1770,1770,1770,0
2022-10-28 13:44:00,1770,1770,1770,1770,0
2022-10-28 13:45:00,1770,1770,1770,1770,0
2022-10-28 13:46:00,1770,1770,1770,1770,0
2022-10-28 13:47:00,1770,1770,1770,1770,0
2022-10-28 13:48:00,1770,1770,1770,1770,0
2022-10-28 13:49:00,1770,1770,1770,1770,0
2022-10-28 13:50:00,1770,1770,1770,1770,0
2022-10-28 13:51:00,1770,1770,1770,1770,0
2022-10-28 13:52:00,1770,1770,1770,1770,0
2022-10-28 13:53:00,1770,1770,1770,1770,0
2022-10-28 13:54:00,1770,1770,1770,1770,0
2022-10-28 13:55:00,1770,1770,1770,1770,0
2022-10-28 13:56:00,1770,1770,1770,1770,0
2022-10-28 13:57:00,1770,1770,1770,1770,0
2022-10-28 13:58:00,1770,1770,1770,1770,0
2022-10-28 13:59:00,1770,1770,1770,1770,0
2022-10-28 14:00:00,1770,1770,1770,1770,0
2022-10-28 14:01:00,1770,1770,1770,1770,0
2022-10-28 14:02:00,1770,1770,1770,1770,0
2022-10-28 14:03:00,1770,1770,1770,1770,0
2022-10-28 14:04:00,1770,1770,1770,1770,0
2022-10-28 14:05:00,1770,1770,1770,1770,0
2022-10-28 14:06:00,1770,1770,1770,1770,0
2022-10-28 14:07:00,1770,1770,1770,1770,0
2022-10-28 14:08:00,1770,1770,1770,1770,0
2022-10-28 14:09:00,1770,1770,1770,1770,0
2022-10-28 14:10:00,1770,1770,1770,1770,0
2022-10-28 14:11:00,1770,1770,1770,1770,0
2022-10-28 14:12:00,1765,1765,1765,1765,0
2022-10-28 14:13:00,1765,1765,1765,1765,0
2022-10-28 14:14:00,1765,1765,1765,1765,0
2022-10-28 14:15:00,1765,1765,1765,1765,0
2022-10-28 14:16:00,1765,1765,1765,1765,0
2022-10-28 14:17:00,1765,1765,1765,1765,0
2022-10-28 14:18:00,1765,1765,1765,1765,0
2022-10-28 14:19:00,1765,1765,1765,1765,0
2022-10-28 14:20:00,1765,1765,1765,1765,0
2022-10-28 14:21:00,1765,1765,1765,1765,0
2022-10-28 14:22:00,1765,1765,1765,1765,0
2022-10-28 14:23:00,1765,1765,1765,1765,0
2022-10-28 14:24:00,1765,1765,1765,1765,0
2022-10-28 14:25:00,1765,1765,1765,1765,0
2022-10-28 14:26:00,1765,1765,1765,1765,0
2022-10-28 14:27:00,1765,1765,1765,1765,0
2022-10-28 14:28:00,1765,1765,1765,1765,0
2022-10-28 14:29:00,1765,1765,1765,1765,0
2022-10-28 14:30:00,1765,1765,1765,1765,0
2022-10-28 14:31:00,1765,1765,1765,1765,0
2022-10-28 14:32:00,1765,1765,1765,1765,0
2022-10-28 14:33:00,1765,1765,1765,1765,0
2022-10-28 14:34:00,1765,1765,1765,1765,0
2022-10-28 14:35:00,1765,1765,1765,1765,0
2022-10-28 14:36:00,1765,1765,1765,1765,0
2022-10-28 14:37:00,1765,1765,1765,1765,0
2022-10-28 14:38:00,1765,1765,1765,1765,0
2022-10-28 14:39:00,1765,1765,1765,1765,0
2022-10-28 14:40:00,1765,1765,1765,1765,0
2022-10-28 14:41:00,1765,1765,1765,1765,0
2022-10-28 14:42:00,1765,1765,1765,1765,0
2022-10-28 14:43:00,1765,1765,1765,1765,0
2022-10-28 14:44:00,1765,1765,1765,1765,0
2022-10-28 14:45:00,1765,1765,1765,1765,0
2022-10-28 14:46:00,1765,1765,1765,1765,0
2022-10-28 14:47:00,1765,1765,1765,1765,0
2022-10-28 14:48:00,1765,1765,1765,1765,0
2022-10-28 14:49:00,1765,1765,1765,1765,0
2022-10-28 14:50:00,1765,1765,1765,1765,0
2022-10-28 14:51:00,1765,1765,1765,1765,0
2022-10-28 14:52:00,1765,1765,1765,1765,0
2022-10-28 14:53:00,1765,1765,1765,1765,0
2022-10-28 14:54:00,1765,1765,1765,1765,0
2022-10-28 14:55:00,1765,1765,1765,1765,0
2022-10-28 14:56:00,1765,1765,1765,1765,0
2022-10-28 14:57:00,1765,1765,1765,1765,0
2022-10-28 14:58:00,1765,1765,1765,1765,0
2022-10-28 14:59:00,1765,1765,1765,1765,0
2022-10-28 15:00:00,1765,1765,1765,1765,0
2022-10-28 15:01:00,1765,1765,1765,1765,0
2022-10-28 15:02:00,1765,1765,1765,1765,0
2022-10-28 15:03:00,1765,1765,1765,1765,0
2022-10-28 15:04:00,1765,1765,1765,1765,0
2022-10-28 15:05:00,1765,1765,1765,1765,0
2022-10-28 15:06:00,1765,1765,1765,1765,0
2022-10-28 15:07:00,1765,1765,1765,1765,0
2022-10-28 15:08:00,1765,1765,1765,1765,0
2022-10-28 15:09:00,1765,1765,1765,1765,0
2022-10-28 15:10:00,1765,1765,1765,1765,0
2022-10-28 15:11:00,1765,1765,1765,1765,0
2022-10-28 15:12:00,1765,1765,1765,1765,0
2022-10-28 15:13:00,1765,1765,1765,1765,0
2022-10-28 15:14:00,1765,1765,1765,1765,0
2022-10-28 15:15:00,1765,1765,1765,1765,0
2022-10-28 15:16:00,1765,1765,1765,1765,0
2022-10-28 15:17:00,1765,1765,1765,1765,0
2022-10-28 15:18:00,1765,1765,1765,1765,0
2022-10-28 15:19:00,1765,1765,1765,1765,0
2022-10-28 15:20:00,1765,1765,1765,1765,0
2022-10-28 15:21:00,1765,1765,1765,1765,0
2022-10-28 15:22:00,1765,1765,1765,1765,0
2022-10-28 15:23:00,1765,1765,1765,1765,0
2022-10-28 15:24:00,1765,1765,1765,1765,0
2022-10-28 15:25:00,1765,1765,1765,1765,0
2022-10-28 15:26:00,1765,1765,1765,1765,0
2022-10-28 15:27:00,1765,1765,1765,1765,0
2022-10-28 15:28:00,1765,1765,1765,1765,0
2022-10-28 15:29:00,1765,1765,1765,1765,0
2022-10-28 15:30:00,1765,1765,1765,1765,0
2022-10-28 15:31:00,1765,1765,1765,1765,0
2022-10-28 15:32:00,1765,1765,1765,1765,0
2022-10-28 15:33:00,1765,1765,1765,1765,0
2022-10-28 15:34:00,1765,1765,1765,1765,0
2022-10-28 15:35:00,1765,1765,1765,1765,0
2022-10-28 15:36:00,1765,1765,1765,1765,0
2022-10-28 15:37:00,1765,1765,1765,1765,0
2022-10-28 15:38:00,1765,1765,1765,1765,0
2022-10-28 15:39:00,1765,1765,1765,1765,0
2022-10-28 15:40:00,1765,1765,1765,1765,0
2022-10-28 15:41:00,1765,1765,1765,1765,0
2022-10-28 15:42:00,1765,1765,1765,1765,0
2022-10-28 15:43:00,1765,1765,1765,1765,0
2022-10-28 15:44:00,1765,1765,1765,1765,0
2022-10-28 15:45:00,1765,1765,1765,1765,0
2022-10-28 15:46:00,1765,1765,1765,1765,0
2022-10-28 15:47:00,1765,1765,1765,1765,0
2022-10-28 15:48:00,1765,1765,1765,1765,0
2022-10-28 15:49:00,1765,1765,1765,1765,0
2022-10-28 15:50:00,1765,1765,1765,1765,0
2022-10-28 15:51:00,1765,1765,1765,1765,0
2022-10-28 15:52:00,1765,1765,1765,1765,0
2022-10-28 15:53:00,1765,1765,1765,1765,0
2022-10-28 15:54:00,1765,1765,1765,1765,0
2022-10-28 15:55:00,1765,1765,1765,1765,0
2022-10-28 15:56:00,1765,1765,1765,1765,0
2022-10-28 15:57:00,1765,1765,1765,1765,0
2022-10-28 15:58:00,1765,1765,1765,1765,0
2022-10-28 15:59:00,1765,1765,1765,1765,0
2022-10-31 09:00:00,1760,1760,1760,1760,0
2022-10-31 09:01:00,1760,1760,1760,1760,0
2022-10-31 09:02:00,1760,1760,1760,1760,0
2022-10-31 09:03:00,1760,1760,1760,1760,0
2022-10-31 09:04:00,1760,1760,1760,1760,0
2022-10-31 09:05:00,1760,1760,1760,1760,0
2022-10-31 09:06:00,1760,1760,1760,1760,0
2022-10-31 09:07:00,1760,1760,1760,1760,0
2022-10-31 09:08:00,1760,1760,1760,1760,0
2022-10-31 09:09:00,1760,1760,1760,1760,0
2022-10-31 09:10:00,1760,1760,1760,1760,0
2022-10-31 09:11:00,1760,1760,1760,1760,0
2022-10-31 09:12:00,1760,1760,1760,1760,0
2022-10-31 09:13:00,1760,1760,1760,1760,0
2022-10-31 09:14:00,1760,1760,1760,1760,0
2022-10-31 09:15:00,1760,1760,1760,1760,0
2022-10-31 09:16:00,1760,1760,1760,1760,0
2022-10-31 09:17:00,1760,1760,1760,1760,0
2022-10-31 09:18:00,1760,1760,1760,1760,0
2022-10-31 09:19:00,1760,1760,1760,1760,0
2022-10-31 09:20:00,1760,1760,1760,1760,0
2022-10-31 09:21:00,1760,1760,1760,1760,0
2022-10-31 09:22:00,1760,1760,1760,1760,0
2022-10-31 09:23:00,1760,1760,1760,1760,0
2022-10-31 09:24:00,1760,1760,1760,1760,0
2022-10-31 09:25:00,1760,1760,1760,1760,0
2022-10-31 09:26:00,1760,1760,1760,1760,0
2022-10-31 09:27:00,1760,1760,1760,1760,0
2022-10-31 09:28:00,1760,1760,1760,1760,0
2022-10-31 09:29:00,1760,1760,1760,1760,0
2022-10-31 09:30:00,1760,1760,1760,1760,0
2022-10-31 09:31:00,1760,1760,1760,1760,0
2022-10-31 09:32:00,1760,1760,1760,1760,0
2022-10-31 09:33:00,1760,1760,1760,1760,0
2022-10-31 09:34:00,1760,1760,1760,1760,0
2022-10-31 09:35:00,1760,1760,1760,1760,0
2022-10-31 09:36:00,1760,1760,1760,1760,0
2022-10-31 09:37:00,1760,1760,1760,1760,0
2022-10-31 09:38:00,1760,1760,1760,1760,0
2022-10-31 09:39:00,1760,1760,1760,1760,0
2022-10-31 09:40:00,1760,1760,1760,1760,0
2022-10-31 09:41:00,1760,1760,1760,1760,0
2022-10-31 09:42:00,1760,1760,1760,1760,0
2022-10-31 09:43:00,1760,1760,1760,1760,0
2022-10-31 09:44:00,1760,1760,1760,1760,0
2022-10-31 09:45:00,1760,1760,1760,1760,0
2022-10-31 09:46:00,1760,1760,1760,1760,0
2022-10-31 09:47:00,1760,1760,1760,1760,0
2022-10-31 09:48:00,1760,1760,1760,1760,0
2022-10-31 09:49:00,1760,1760,1760,1760,0
2022-10-31 09:50:00,1760,1760,1760,1760,0
2022-10-31 09:51:00,1760,1760,1760,1760,0
2022-10-31 09:52:00,1760,1760,1760,1760,0
2022-10-31 09:53:00,1760,1760,1760,1760,0
2022-10-31 09:54:00,1760,1760,1760,1760,0
2022-10-31 09:55:00,1760,1760,1760,1760,0
2022-10-31 09:56:00,1760,1760,1760,1760,0
2022-10-31 09:57:00,1760,1760,1760,1760,0
2022-10-31 09:58:00,1760,1760,1760,1760,0
2022-10-31 09:59:00,1760,1760,1760,1760,0
2022-10-31 10:00:00,1760,1760,1760,1760,0
2022-10-31 10:01:00,1760,1760,1760,1760,0
2022-10-31 10:02:00,1760,1760,1760,1760,0
2022-10-31 10:03:00,1760,1760,1760,1760,0
2022-10-31 10:04:00,1760,1760,1760,1760,0
2022-10-31 10:05:00,1760,1760,1760,1760,0
2022-10-31 10:06:00,1760,1760,1760,1760,0
2022-10-31 10:07:00,1760,1760,1760,1760,0
2022-10-31 10:08:00,1760,1760,1760,1760,0
2022-10-31 10:09:00,1760,1760,1760,1760,0
2022-10-31 10:10:00,1760,1760,1760,1760,0
2022-10-31 10:11:00,1760,1760,1760,1760,0
2022-10-31 10:12:00,1760,1760,1760,1760,0
2022-10-31 10:13:00,1760,1760,1760,1760,0
2022-10-31 10:14:00,1760,1760,1760,1760,0
2022-10-31 10:15:00,1760,1760,1760,1760,0
2022-10-31 10:16:00,1760,1760,1760,1760,0
2022-10-31 10:17:00,1760,1760,1760,1760,0
2022-10-31 10:18:00,1760,1760,1760,1760,0
2022-10-31 10:19:00,1760,1760,1760,1760,0
2022-10-31 10:20:00,1760,1760,1760,1760,0
2022-10-31 10:21:00,1760,1760,1760,1760,0
2022-10-31 10:22:00,1760,1760,1760,1760,0
2022-10-31 10:23:00,1760,1760,1760,1760,0
2022-10-31 10:24:00,1760,1760,1760,1760,0
2022-10-31 10:25:00,1760,1760,1760,1760,0
2022-10-31 10:26:00,1760,1760,1760,1760,0
2022-10-31 10:27:00,1760,1760,1760,1760,0
2022-10-31 10:28:00,1760,1760,1760,1760,0
2022-10-31 10:29:00,1760,1760,1760,1760,0
2022-10-31 10:30:00,1760,1760,1760,1760,0
2022-10-31 10:31:00,1760,1760,1760,1760,0
2022-10-31 10:32:00,1760,1760,1760,1760,0
2022-10-31 10:33:00,1760,1760,1760,1760,0
2022-10-31 10:34:00,1760,1760,1760,1760,0
2022-10-31 10:35:00,1760,1760,1760,1760,0
2022-10-31 10:36:00,1760,1760,1760,1760,0
2022-10-31 10:37:00,1760,1760,1760,1760,0
2022-10-31 10:38:00,1760,1760,1760,1760,0
2022-10-31 10:39:00,1760,1760,1760,1760,0
2022-10-31 10:40:00,1760,1760,1760,1760,0
2022-10-31 10:41:00,1760,1760,1760,1760,0
2022-10-31 10:42:00,1760,1760,1760,1760,0
2022-10-31 10:43:00,1760,1760,1760,1760,0
2022-10-31 10:44:00,1760,1760,1760,1760,0
2022-10-31 10:45:00,1760,1760,1760,1760,0
2022-10-31 10:46:00,1760,1760,1760,1760,0
2022-10-31 10:47:00,1760,1760,1760,1760,0
2022-10-31 10:48:00,1760,1760,1760,1760,0
2022-10-31 10:49:00,1760,1760,1760,1760,0
2022-10-31 10:50:00,1760,1760,1760,1760,0
2022-10-31 10:51:00,1760,1760,1760,1760,0
2022-10-31 10:52:00,1760,1760,1760,1760,0
2022-10-31 10:53:00,1760,1760,1760,1760,0
2022-10-31 10:54:00,1760,1760,1760,1760,0
2022-10-31 10:55:00,1760,1760,1760,1760,0
2022-10-31 10:56:00,1760,1760,1760,1760,0
2022-10-31 10:57:00,1760,1760,1760,1760,0
2022-10-31 10:58:00,1760,1760,1760,1760,0
2022-10-31 10:59:00,1760,1760,1760,1760,0
2022-10-31 11:00:00,1760,1760,1760,1760,0
2022-10-31 11:01:00,1760,1760,1760,1760,0
2022-10-31 11:02:00,1760,1760,1760,1760,0
2022-10-31 11:03:00,1760,1760,1760,1760,0
2022-10-31 11:04:00,1760,1760,1760,1760,0
2022-10-31 11:05:00,1760,1760,1760,1760,0
2022-10-31 11:06:00,1760,1760,1760,1760,0
2022-10-31 11:07:00,1760,1760,1760,1760,0
2022-10-31 11:08:00,1760,1760,1760,1760,0
2022-10-31 11:09:00,1760,1760,1760,1760,0
2022-10-31 11:10:00,1760,1760,1760,1760,0
2022-10-31 11:11:00,1760,1760,1760,1760,0
2022-10-31 11:12:00,1760,1760,1760,1760,0
2022-10-31 11:13:00,1760,1760,1760,1760,0
2022-10-31 11:14:00,1760,1760,1760,1760,0
2022-10-31 11:15:00,1760,1760,1760,1760,0
2022-10-31 11:16:00,1760,1760,1760,1760,0
2022-10-31 11:17:00,1760,1760,1760,1760,0
2022-10-31 11:18:00,1760,1760,1760,1760,0
2022-10-31 11:19:00,1760,1760,1760,1760,0
2022-10-31 11:20:00,1760,1760,1760,1760,0
2022-10-31 11:21:00,1760,1760,1760,1760,0
2022-10-31 11:22:00,1760,1760,1760,1760,0
2022-10-31 11:23:00,1760,1760,1760,1760,0
2022-10-31 11:24:00,1760,1760,1760,1760,0
2022-10-31 11:25:00,1760,1760,1760,1760,0
2022-10-31 11:26:00,1760,1760,1760,1760,0
2022-10-31 11:27:00,1760,1760,1760,1760,0
2022-10-31 11:28:00,1760,1760,1760,1760,0
2022-10-31 11:29:00,1760,1760,1760,1760,0
2022-10-31 11:30:00,1760,1760,1760,1760,0
2022-10-31 11:31:00,1760,1760,1760,1760,0
2022-10-31 11:32:00,1760,1760,1760,1760,0
2022-10-31 11:33:00,1760,1760,1760,1760,0
2022-10-31 11:34:00,1760,1760,1760,1760,0
2022-10-31 11:35:00,1760,1760,1760,1760,0
2022-10-31 11:36:00,1760,1760,1760,1760,0
2022-10-31 11:37:00,1760,1760,1760,1760,0
2022-10-31 11:38:00,1760,1760,1760,1760,0
2022-10-31 11:39:00,1760,1760,1760,1760,0
2022-10-31 11:40:00,1760,1760,1760,1760,0
2022-10-31 11:41:00,1760,1760,1760,1760,0
2022-10-31 11:42:00,1760,1760,1760,1760,0
2022-10-31 11:43:00,1760,1760,1760,1760,0
2022-10-31 11:44:00,1760,1760,1760,1760,0
2022-10-31 11:45:00,1760,1760,1760,1760,0
2022-10-31 11:46:00,1760,1760,1760,1760,0
2022-10-31 11:47:00,1760,1760,1760,1760,0
2022-10-31 11:48:00,1760,1760,1760,1760,0
2022-10-31 11:49:00,1760,1760,1760,1760,0
2022-10-31 11:50:00,1760,1760,1760,1760,0
2022-10-31 11:51:00,1760,1760,1760,1760,0
2022-10-31 11:52:00,1760,1760,1760,1760,0
2022-10-31 11:53:00,1760,1760,1760,1760,0
2022-10-31 11:54:00,1760,1760,1760,1760,0
2022-10-31 11:55:00,1760,1760,1760,1760,0
2022-10-31 11:56:00,1760,1760,1760,1760,0
2022-10-31 11:57:00,1760,1760,1760,1760,0
2022-10-31 11:58:00,1760,1760,1760,1760,0
2022-10-31 11:59:00,1760,1760,1760,1760,0
2022-10-31 12:00:00,1760,1760,1760,1760,0
2022-10-31 12:01:00,1760,1760,1760,1760,0
2022-10-31 12:02:00,1760,1760,1760,1760,0
2022-10-31 12:03:00,1760,1760,1760,1760,0
2022-10-31 12:04:00,1760,1760,1760,1760,0
2022-10-31 12:05:00,1760,1760,1760,1760,0
2022-10-31 12:06:00,1760,1760,1760,1760,0
2022-10-31 12:07:00,1760,1760,1760,1760,0
2022-10-31 12:08:00,1760,1760,1760,1760,0
2022-10-31 12:09:00,1760,1760,1760,1760,0
2022-10-31 12:10:00,1760,1760,1760,1760,0
2022-10-31 12:11:00,1760,1760,1760,1760,0
2022-10-31 12:12:00,1760,1760,1760,1760,0
2022-10-31 12:13:00,1760,1760,1760,1760,0
2022-10-31 12:14:00,1760,1760,1760,1760,0
2022-10-31 12:15:00,1760,1760,1760,1760,0
2022-10-31 12:16:00,1760,1760,1760,1760,0
2022-10-31 12:17:00,1760,1760,1760,1760,0
2022-10-31 12:18:00,1760,1760,1760,1760,0
2022-10-31 12:19:00,1760,1760,1760,1760,0
2022-10-31 12:20:00,1760,1760,1760,1760,0
2022-10-31 12:21:00,1760,1760,1760,1760,0
2022-10-31 12:22:00,1760,1760,1760,1760,0
2022-10-31 12:23:00,1760,1760,1760,1760,0
2022-10-31 12:24:00,1760,1760,1760,1760,0
2022-10-31 12:25:00,1760,1760,1760,1760,0
2022-10-31 12:26:00,1760,1760,1760,1760,0
2022-10-31 12:27:00,1760,1760,1760,1760,0
2022-10-31 12:28:00,1760,1760,1760,1760,0
2022-10-31 12:29:00,1760,1760,1760,1760,0
2022-10-31 12:30:00,1760,1760,1760,1760,0
2022-10-31 12:31:00,1760,1760,1760,1760,0
2022-10-31 12:32:00,1760,1760,1760,1760,0
2022-10-31 12:33:00,1760,1760,1760,1760,0
2022-10-31 12:34:00,1760,1760,1760,1760,0
2022-10-31 12:35:00,1760,1760,1760,1760,0
2022-10-31 12:36:00,1760,1760,1760,1760,0
2022-10-31 12:37:00,1760,1760,1760,1760,0
2022-10-31 12:38:00,1760,1760,1760,1760,0
2022-10-31 12:39:00,1760,1760,1760,1760,0
2022-10-31 12:40:00,1760,1760,1760,1760,0
2022-10-31 12:41:00,1760,1760,1760,1760,0
2022-10-31 12:42:00,1760,1760,1760,1760,0
2022-10-31 12:43:00,1760,1760,1760,1760,0
2022-10-31 12:44:00,1760,1760,1760,1760,0
2022-10-31 12:45:00,1760,1760,1760,1760,0
2022-10-31 12:46:00,1760,1760,1760,1760,0
2022-10-31 12:47:00,1760,1760,1760,1760,0
2022-10-31 12:48:00,1760,1760,1760,1760,0
2022-10-31 12:49:00,1760,1760,1760,1760,0
2022-10-31 12:50:00,1760,1760,1760,1760,0
2022-10-31 12:51:00,1760,1760,1760,1760,0
2022-10-31 12:52:00,1760,1760,1760,1760,0
2022-10-31 12:53:00,1760,1760,1760,1760,0
2022-10-31 12:54:00,1760,1760,1760,1760,0
2022-10-31 12:55:00,1760,1760,1760,1760,0
2022-10-31 12:56:00,1760,1760,1760,1760,0
2022-10-31 12:57:00,1760,1760,1760,1760,0
2022-10-31 12:58:00,1760,1760,1760,1760,0
2022-10-31 12:59:00,1760,1760,1760,1760,0
2022-10-31 13:00:00,1760,1760,1760,1760,0
2022-10-31 13:01:00,1760,1760,1760,1760,0
2022-10-31 13:02:00,1760,1760,1760,1760,0
2022-10-31 13:03:00,1760,1760,1760,1760,0
2022-10-31 13:04:00,1760,1760,1760,1760,0
2022-10-31 13:05:00,1760,1760,1760,1760,0
2022-10-31 13:06:00,1760,1760,1760,1760,0
2022-10-31 13:07:00,1760,1760,1760,1760,0
2022-10-31 13:08:00,1760,1760,1760,1760,0
2022-10-31 13:09:00,1760,1760,1760,1760,0
2022-10-31 13:10:00,1760,1760,1760,1760,0
2022-10-31 13:11:00,1760,1760,1760,1760,0
2022-10-31 13:12:00,1760,1760,1760,1760,0
2022-10-31 13:13:00,1760,1760,1760,1760,0
2022-10-31 13:14:00,1760,1760,1760,1760,0
2022-10-31 13:15:00,1760,1760,1760,1760,0
2022-10-31 13:16:00,1760,1760,1760,1760,0
2022-10-31 13:17:00,1760,1760,1760,1760,0
2022-10-31 13:18:00,1760,1760,1760,1760,0
2022-10-31 13:19:00,1760,1760,1760,1760,0
2022-10-31 13:20:00,1760,1760,1760,1760,0
2022-10-31 13:21:00,1760,1760,1760,1760,0
2022-10-31 13:22:00,1760,1760,1760,1760,0
2022-10-31 13:23:00,1760,1760,1760,1760,0
2022-10-31 13:24:00,1760,1760,1760,1760,0
2022-10-31 13:25:00,1760,1760,1760,1760,0
2022-10-31 13:26:00,1760,1760,1760,1760,0
2022-10-31 13:27:00,1760,1760,1760,1760,0
2022-10-31 13:28:00,1760,1760,1760,1760,0
2022-10-31 13:29:00,1760,1760,1760,1760,0
2022-10-31 13:30:00,1760,1760,1760,1760,0
2022-10-31 13:31:00,1760,1760,1760,1760,0
2022-10-31 13:32:00,1760,1760,1760,1760,0
2022-10-31 13:33:00,1760,1760,1760,1760,0
2022-10-31 13:34:00,1760,1760,1760,1760,0
2022-10-31 13:35:00,1760,1760,1760,1760,0
2022-10-31 13:36:00,1760,1760,1760,1760,0
2022-10-31 13:37:00,1760,1760,1760,1760,0
2022-10-31 13:38:00,1760,1760,1760,1760,0
2022-10-31 13:39:00,1760,1760,1760,1760,0
2022-10-31 13:40:00,1760,1760,1760,1760,0
2022-10-31 13:41:00,1760,1760,1760,1760,0
2022-10-31 13:42:00,1760,1760,1760,1760,0
2022-10-31 13:43:00,1760,1760,1760,1760,0
2022-10-31 13:44:00,1760,1760,1760,1760,0
2022-10-31 13:45:00,1760,1760,1760,1760,0
2022-10-31 13:46:00,1760,1760,1760,1760,0
2022-10-31 13:47:00,1760,1760,1760,1760,0
2022-10-31 13:48:00,1760,1760,1760,1760,0
2022-10-31 13:49:00,1760,1760,1760,1760,0
2022-10-31 13:50:00,1760,1760,1760,1760,0
2022-10-31 13:51:00,1760,1760,1760,1760,0
2022-10-31 13:52:00,1760,1760,1760,1760,0
2022-10-31 13:53:00,1760,1760,1760,1760,0
2022-10-31 13:54:00,1760,1760,1760,1760,0
2022-10-31 13:55:00,1760,1760,1760,1760,0
2022-10-31 13:56:00,1760,1760,1760,1760,0
2022-10-31 13:57:00,1760,1760,1760,1760,0
2022-10-31 13:58:00,1760,1760,1760,1760,0
2022-10-31 13:59:00,1760,1760,1760,1760,0
2022-10-31 14:00:00,1760,1760,1760,1760,0
2022-10-31 14:01:00,1760,1760,1760,1760,0
2022-10-31 14:02:00,1760,1760,1760,1760,0
2022-10-31 14:03:00,1760,1760,1760,1760,0
2022-10-31 14:04:00,1760,1760,1760,1760,0
2022-10-31 14:05:00,1760,1760,1760,1760,0
2022-10-31 14:06:00,1760,1760,1760,1760,0
2022-10-31 14:07:00,1760,1760,1760,1760,0
2022-10-31 14:08:00,1760,1760,1760,1760,0
2022-10-31 14:09:00,1760,1760,1760,1760,0
2022-10-31 14:10:00,1760,1760,1760,1760,0
2022-10-31 14:11:00,1760,1760,1760,1760,0
2022-10-31 14:12:00,1760,1760,1760,1760,0
2022-10-31 14:13:00,1760,1760,1760,1760,0
2022-10-31 14:14:00,1760,1760,1760,1760,0
2022-10-31 14:15:00,1760,1760,1760,1760,0
2022-10-31 14:16:00,1760,1760,1760,1760,0
2022-10-31 14:17:00,1760,1760,1760,1760,0
2022-10-31 14:18:00,1760,1760,1760,1760,100
2022-10-31 14:19:00,1760,1760,1760,1760,0
2022-10-31 14:20:00,1760,1760,1760,1760,0
2022-10-31 14:21:00,1760,1760,1760,1760,0
2022-10-31 14:22:00,1760,1760,1760,1760,0
2022-10-31 14:23:00,1760,1760,1760,1760,0
2022-10-31 14:24:00,1760,1760,1760,1760,0
2022-10-31 14:25:00,1760,1760,1760,1760,0
2022-10-31 14:26:00,1760,1760,1760,1760,0
2022-10-31 14:27:00,1760,1760,1760,1760,0
2022-10-31 14:28:00,1760,1760,1760,1760,0
2022-10-31 14:29:00,1760,1760,1760,1760,0
2022-10-31 14:30:00,1760,1760,1760,1760,0
2022-10-31 14:31:00,1760,1760,1760,1760,0
2022-10-31 14:32:00,1760,1760,1760,1760,0
2022-10-31 14:33:00,1760,1760,1760,1760,0
2022-10-31 14:34:00,1760,1760,1760,1760,0
2022-10-31 14:35:00,1760,1760,1760,1760,0
2022-10-31 14:36:00,1760,1760,1760,1760,0
2022-10-31 14:37:00,1760,1760,1760,1760,0
2022-10-31 14:38:00,1760,1760,1760,1760,0
2022-10-31 14:39:00,1760,1760,1760,1760,0
2022-10-31 14:40:00,1760,1760,1760,1760,0
2022-10-31 14:41:00,1760,1760,1760,1760,0
2022-10-31 14:42:00,1760,1760,1760,1760,0
2022-10-31 14:43:00,1760,1760,1760,1760,0
2022-10-31 14:44:00,1760,1760,1760,1760,0
2022-10-31 14:45:00,1760,1760,1760,1760,0
2022-10-31 14:46:00,1760,1760,1760,1760,0
2022-10-31 14:47:00,1760,1760,1760,1760,0
2022-10-31 14:48:00,1760,1760,1760,1760,0
2022-10-31 14:49:00,1760,1760,1760,1760,0
2022-10-31 14:50:00,1760,1760,1760,1760,0
2022-10-31 14:51:00,1760,1760,1760,1760,0
2022-10-31 14:52:00,1760,1760,1760,1760,0
2022-10-31 14:53:00,1760,1760,1760,1760,0
2022-10-31 14:54:00,1760,1760,1760,1760,0
2022-10-31 14:55:00,1760,1760,1760,1760,0
2022-10-31 14:56:00,1760,1760,1760,1760,0
2022-10-31 14:57:00,1760,1760,1760,1760,0
2022-10-31 14:58:00,1760,1760,1760,1760,0
2022-10-31 14:59:00,1760,1760,1760,1760,0
2022-10-31 15:00:00,1760,1760,1760,1760,0
2022-10-31 15:01:00,1760,1760,1760,1760,0
2022-10-31 15:02:00,1760,1760,1760,1760,0
2022-10-31 15:03:00,1760,1760,1760,1760,0
2022-10-31 15:04:00,1760,1760,1760,1760,0
2022-10-31 15:05:00,1760,1760,1760,1760,0
2022-10-31 15:06:00,1760,1760,1760,1760,0
2022-10-31 15:07:00,1760,1760,1760,1760,0
2022-10-31 15:08:00,1760,1760,1760,1760,0
2022-10-31 15:09:00,1760,1760,1760,1760,0
2022-10-31 15:10:00,1760,1760,1760,1760,0
2022-10-31 15:11:00,1760,1760,1760,1760,0
2022-10-31 15:12:00,1760,1760,1760,1760,0
2022-10-31 15:13:00,1760,1760,1760,1760,0
2022-10-31 15:14:00,1760,1760,1760,1760,0
2022-10-31 15:15:00,1760,1760,1760,1760,0
2022-10-31 15:16:00,1760,1760,1760,1760,0
2022-10-31 15:17:00,1760,1760,1760,1760,0
2022-10-31 15:18:00,1760,1760,1760,1760,0
2022-10-31 15:19:00,1760,1760,1760,1760,0
2022-10-31 15:20:00,1760,1760,1760,1760,0
2022-10-31 15:21:00,1760,1760,1760,1760,0
2022-10-31 15:22:00,1760,1760,1760,1760,0
2022-10-31 15:23:00,1760,1760,1760,1760,0
2022-10-31 15:24:00,1760,1760,1760,1760,0
2022-10-31 15:25:00,1760,1760,1760,1760,0
2022-10-31 15:26:00,1760,1760,1760,1760,0
2022-10-31 15:27:00,1760,1760,1760,1760,0
2022-10-31 15:28:00,1760,1760,1760,1760,0
2022-10-31 15:29:00,1760,1760,1760,1760,0
2022-10-31 15:30:00,1760,1760,1760,1760,0
2022-10-31 15:31:00,1760,1760,1760,1760,0
2022-10-31 15:32:00,1760,1760,1760,1760,0
2022-10-31 15:33:00,1760,1760,1760,1760,0
2022-10-31 15:34:00,1760,1760,1760,1760,0
2022-10-31 15:35:00,1760,1760,1760,1760,0
2022-10-31 15:36:00,1760,1760,1760,1760,0
2022-10-31 15:37:00,1760,1760,1760,1760,0
2022-10-31 15:38:00,1760,1760,1760,1760,0
2022-10-31 15:39:00,1760,1760,1760,1760,0
2022-10-31 15:40:00,1760,1760,1760,1760,0
2022-10-31 15:41:00,1760,1760,1760,1760,0
2022-10-31 15:42:00,1760,1760,1760,1760,0
2022-10-31 15:43:00,1760,1760,1760,1760,0
2022-10-31 15:44:00,1760,1760,1760,1760,0
2022-10-31 15:45:00,1760,1760,1760,1760,0
2022-10-31 15:46:00,1760,1760,1760,1760,0
2022-10-31 15:47:00,1760,1760,1760,1760,0
2022-10-31 15:48:00,1760,1760,1760,1760,0
2022-10-31 15:49:00,1760,1760,1760,1760,0
2022-10-31 15:50:00,1760,1760,1760,1760,0
2022-10-31 15:51:00,1760,1760,1760,1760,0
2022-10-31 15:52:00,1760,1760,1760,1760,0
2022-10-31 15:53:00,1760,1760,1760,1760,0
2022-10-31 15:54:00,1760,1760,1760,1760,0
2022-10-31 15:55:00,1760,1760,1760,1760,0
2022-10-31 15:56:00,1760,1760,1760,1760,0
2022-10-31 15:57:00,1760,1760,1760,1760,0
2022-10-31 15:58:00,1760,1760,1760,1760,0
2022-10-31 15:59:00,1760,1760,1760,1760,0
2022-11-01 09:00:00,1760,1760,1760,1760,0
2022-11-01 09:01:00,1760,1760,1760,1760,0
2022-11-01 09:02:00,1760,1760,1760,1760,0
2022-11-01 09:03:00,1760,1760,1760,1760,0
2022-11-01 09:04:00,1760,1760,1760,1760,0
2022-11-01 09:05:00,1760,1760,1760,1760,0
2022-11-01 09:06:00,1760,1760,1760,1760,0
2022-11-01 09:07:00,1760,1760,1760,1760,0
2022-11-01 09:08:00,1760,1760,1760,1760,0
2022-11-01 09:09:00,1760,1760,1760,1760,0
2022-11-01 09:10:00,1760,1760,1760,1760,0
2022-11-01 09:11:00,1760,1760,1760,1760,0
2022-11-01 09:12:00,1760,1760,1760,1760,0
2022-11-01 09:13:00,1760,1760,1760,1760,0
2022-11-01 09:14:00,1760,1760,1760,1760,0
2022-11-01 09:15:00,1760,1760,1760,1760,0
2022-11-01 09:16:00,1760,1760,1760,1760,0
2022-11-01 09:17:00,1760,1760,1760,1760,0
2022-11-01 09:18:00,1760,1760,1760,1760,0
2022-11-01 09:19:00,1760,1760,1760,1760,0
2022-11-01 09:20:00,1760,1760,1760,1760,0
2022-11-01 09:21:00,1760,1760,1760,1760,0
2022-11-01 09:22:00,1760,1760,1760,1760,0
2022-11-01 09:23:00,1760,1760,1760,1760,0
2022-11-01 09:24:00,1760,1760,1760,1760,0
2022-11-01 09:25:00,1760,1760,1760,1760,0
2022-11-01 09:26:00,1760,1760,1760,1760,0
2022-11-01 09:27:00,1760,1760,1760,1760,0
2022-11-01 09:28:00,1760,1760,1760,1760,0
2022-11-01 09:29:00,1760,1760,1760,1760,0
2022-11-01 09:30:00,1760,1760,1760,1760,0
2022-11-01 09:31:00,1760,1760,1760,1760,0
2022-11-01 09:32:00,1760,1760,1760,1760,0
2022-11-01 09:33:00,1760,1760,1760,1760,0
2022-11-01 09:34:00,1760,1760,1760,1760,0
2022-11-01 09:35:00,1760,1760,1760,1760,0
2022-11-01 09:36:00,1760,1760,1760,1760,0
2022-11-01 09:37:00,1760,1760,1760,1760,0
2022-11-01 09:38:00,1760,1760,1760,1760,0
2022-11-01 09:39:00,1760,1760,1760,1760,0
2022-11-01 09:40:00,1760,1760,1760,1760,0
2022-11-01 09:41:00,1760,1760,1760,1760,0
2022-11-01 09:42:00,1760,1760,1760,1760,0
2022-11-01 09:43:00,1760,1760,1760,1760,0
2022-11-01 09:44:00,1760,1760,1760,1760,0
2022-11-01 09:45:00,1760,1760,1760,1760,0
2022-11-01 09:46:00,1760,1760,1760,1760,0
2022-11-01 09:47:00,1760,1760,1760,1760,0
2022-11-01 09:48:00,1760,1760,1760,1760,0
2022-11-01 09:49:00,1760,1760,1760,1760,0
2022-11-01 09:50:00,1760,1760,1760,1760,0
2022-11-01 09:51:00,1760,1760,1760,1760,0
2022-11-01 09:52:00,1760,1760,1760,1760,0
2022-11-01 09:53:00,1760,1760,1760,1760,0
2022-11-01 09:54:00,1760,1760,1760,1760,0
2022-11-01 09:55:00,1760,1760,1760,1760,0
2022-11-01 09:56:00,1760,1760,1760,1760,0
2022-11-01 09:57:00,1760,1760,1760,1760,0
2022-11-01 09:58:00,1760,1760,1760,1760,0
2022-11-01 09:59:00,1760,1760,1760,1760,0
2022-11-01 10:00:00,1760,1760,1760,1760,0
2022-11-01 10:01:00,1760,1760,1760,1760,0
2022-11-01 10:02:00,1760,1760,1760,1760,0
2022-11-01 10:03:00,1760,1760,1760,1760,0
2022-11-01 10:04:00,1760,1760,1760,1760,0
2022-11-01 10:05:00,1760,1760,1760,1760,0
2022-11-01 10:06:00,1760,1760,1760,1760,0
2022-11-01 10:07:00,1760,1760,1760,1760,0
2022-11-01 10:08:00,1760,1760,1760,1760,0
2022-11-01 10:09:00,1760,1760,1760,1760,0
2022-11-01 10:10:00,1760,1760,1760,1760,0
2022-11-01 10:11:00,1760,1760,1760,1760,0
2022-11-01 10:12:00,1760,1760,1760,1760,0
2022-11-01 10:13:00,1760,1760,1760,1760,0
2022-11-01 10:14:00,1760,1760,1760,1760,0
2022-11-01 10:15:00,1760,1760,1760,1760,0
2022-11-01 10:16:00,1760,1760,1760,1760,0
2022-11-01 10:17:00,1760,1760,1760,1760,0
2022-11-01 10:18:00,1760,1760,1760,1760,0
2022-11-01 10:19:00,1760,1760,1760,1760,0
2022-11-01 10:20:00,1760,1760,1760,1760,0
2022-11-01 10:21:00,1760,1760,1760,1760,0
2022-11-01 10:22:00,1760,1760,1760,1760,0
2022-11-01 10:23:00,1760,1760,1760,1760,0
2022-11-01 10:24:00,1760,1760,1760,1760,0
2022-11-01 10:25:00,1760,1760,1760,1760,0
2022-11-01 10:26:00,1760,1760,1760,1760,0
2022-11-01 10:27:00,1760,1760,1760,1760,0
2022-11-01 10:28:00,1760,1760,1760,1760,0
2022-11-01 10:29:00,1760,1760,1760,1760,0
2022-11-01 10:30:00,1760,1760,1760,1760,0
2022-11-01 10:31:00,1760,1760,1760,1760,0
2022-11-01 10:32:00,1760,1760,1760,1760,0
2022-11-01 10:33:00,1760,1760,1760,1760,0
2022-11-01 10:34:00,1760,1760,1760,1760,0
2022-11-01 10:35:00,1760,1760,1760,1760,0
2022-11-01 10:36:00,1760,1760,1760,1760,0
2022-11-01 10:37:00,1760,1760,1760,1760,0
2022-11-01 10:38:00,1760,1760,1760,1760,0
2022-11-01 10:39:00,1760,1760,1760,1760,0
2022-11-01 10:40:00,1760,1760,1760,1760,0
2022-11-01 10:41:00,1760,1760,1760,1760,0
2022-11-01 10:42:00,1760,1760,1760,1760,0
2022-11-01 10:43:00,1760,1760,1760,1760,0
2022-11-01 10:44:00,1760,1760,1760,1760,0
2022-11-01 10:45:00,1760,1760,1760,1760,0
2022-11-01 10:46:00,1760,1760,1760,1760,0
2022-11-01 10:47:00,1760,1760,1760,1760,0
2022-11-01 10:48:00,1760,1760,1760,1760,0
2022-11-01 10:49:00,1760,1760,1760,1760,0
2022-11-01 10:50:00,1760,1760,1760,1760,0
2022-11-01 10:51:00,1760,1760,1760,1760,0
2022-11-01 10:52:00,1760,1760,1760,1760,0
2022-11-01 10:53:00,1760,1760,1760,1760,0
2022-11-01 10:54:00,1760,1760,1760,1760,0
2022-11-01 10:55:00,1760,1760,1760,1760,0
2022-11-01 10:56:00,1760,1760,1760,1760,0
2022-11-01 10:57:00,1760,1760,1760,1760,0
2022-11-01 10:58:00,1760,1760,1760,1760,0
2022-11-01 10:59:00,1760,1760,1760,1760,0
2022-11-01 11:00:00,1760,1760,1760,1760,0
2022-11-01 11:01:00,1760,1760,1760,1760,0
2022-11-01 11:02:00,1760,1760,1760,1760,0
2022-11-01 11:03:00,1760,1760,1760,1760,0
2022-11-01 11:04:00,1760,1760,1760,1760,0
2022-11-01 11:05:00,1760,1760,1760,1760,0
2022-11-01 11:06:00,1760,1760,1760,1760,0
2022-11-01 11:07:00,1760,1760,1760,1760,0
2022-11-01 11:08:00,1760,1760,1760,1760,0
2022-11-01 11:09:00,1760,1760,1760,1760,0
2022-11-01 11:10:00,1760,1760,1760,1760,0
2022-11-01 11:11:00,1760,1760,1760,1760,0
2022-11-01 11:12:00,1760,1760,1760,1760,0
2022-11-01 11:13:00,1760,1760,1760,1760,0
2022-11-01 11:14:00,1760,1760,1760,1760,0
2022-11-01 11:15:00,1760,1760,1760,1760,0
2022-11-01 11:16:00,1760,1760,1760,1760,0
2022-11-01 11:17:00,1760,1760,1760,1760,0
2022-11-01 11:18:00,1760,1760,1760,1760,0
2022-11-01 11:19:00,1760,1760,1760,1760,0
2022-11-01 11:20:00,1760,1760,1760,1760,0
2022-11-01 11:21:00,1760,1760,1760,1760,0
2022-11-01 11:22:00,1760,1760,1760,1760,0
2022-11-01 11:23:00,1760,1760,1760,1760,0
2022-11-01 11:24:00,1760,1760,1760,1760,0
2022-11-01 11:25:00,1760,1760,1760,1760,0
2022-11-01 11:26:00,1760,1760,1760,1760,0
2022-11-01 11:27:00,1760,1760,1760,1760,0
2022-11-01 11:28:00,1760,1760,1760,1760,0
2022-11-01 11:29:00,1760,1760,1760,1760,0
2022-11-01 11:30:00,1760,1760,1760,1760,0
2022-11-01 11:31:00,1760,1760,1760,1760,0
2022-11-01 11:32:00,1760,1760,1760,1760,0
2022-11-01 11:33:00,1760,1760,1760,1760,0
2022-11-01 11:34:00,1760,1760,1760,1760,0
2022-11-01 11:35:00,1760,1760,1760,1760,0
2022-11-01 11:36:00,1760,1760,1760,1760,0
2022-11-01 11:37:00,1760,1760,1760,1760,0
2022-11-01 11:38:00,1760,1760,1760,1760,0
2022-11-01 11:39:00,1760,1760,1760,1760,0
2022-11-01 11:40:00,1760,1760,1760,1760,0
2022-11-01 11:41:00,1760,1760,1760,1760,0
2022-11-01 11:42:00,1760,1760,1760,1760,0
2022-11-01 11:43:00,1760,1760,1760,1760,0
2022-11-01 11:44:00,1760,1760,1760,1760,0
2022-11-01 11:45:00,1760,1760,1760,1760,0
2022-11-01 11:46:00,1760,1760,1760,1760,0
2022-11-01 11:47:00,1760,1760,1760,1760,0
2022-11-01 11:48:00,1760,1760,1760,1760,0
2022-11-01 11:49:00,1760,1760,1760,1760,0
2022-11-01 11:50:00,1760,1760,1760,1760,0
2022-11-01 11:51:00,1760,1760,1760,1760,0
2022-11-01 11:52:00,1760,1760,1760,1760,0
2022-11-01 11:53:00,1760,1760,1760,1760,0
2022-11-01 11:54:00,1760,1760,1760,1760,0
2022-11-01 11:55:00,1760,1760,1760,1760,0
2022-11-01 11:56:00,1760,1760,1760,1760,0
2022-11-01 11:57:00,1760,1760,1760,1760,0
2022-11-01 11:58:00,1760,1760,1760,1760,0
2022-11-01 11:59:00,1760,1760,1760,1760,0
2022-11-01 12:00:00,1760,1760,1760,1760,0
2022-11-01 12:01:00,1760,1760,1760,1760,0
2022-11-01 12:02:00,1760,1760,1760,1760,0
2022-11-01 12:03:00,1760,1760,1760,1760,0
2022-11-01 12:04:00,1760,1760,1760,1760,0
2022-11-01 12:05:00,1760,1760,1760,1760,0
2022-11-01 12:06:00,1760,1760,1760,1760,0
2022-11-01 12:07:00,1760,1760,1760,1760,0
2022-11-01 12:08:00,1760,1760,1760,1760,0
2022-11-01 12:09:00,1760,1760,1760,1760,0
2022-11-01 12:10:00,1760,1760,1760,1760,0
2022-11-01 12:11:00,1760,1760,1760,1760,0
2022-11-01 12:12:00,1760,1760,1760,1760,0
2022-11-01 12:13:00,1760,1760,1760,1760,0
2022-11-01 12:14:00,1760,1760,1760,1760,0
2022-11-01 12:15:00,1760,1760,1760,1760,0
2022-11-01 12:16:00,1760,1760,1760,1760,0
2022-11-01 12:17:00,1760,1760,1760,1760,0
2022-11-01 12:18:00,1760,1760,1760,1760,0
2022-11-01 12:19:00,1760,1760,1760,1760,0
2022-11-01 12:20:00,1760,1760,1760,1760,0
2022-11-01 12:21:00,1760,1760,1760,1760,0
2022-11-01 12:22:00,1760,1760,1760,1760,0
2022-11-01 12:23:00,1760,1760,1760,1760,0
2022-11-01 12:24:00,1760,1760,1760,1760,0
2022-11-01 12:25:00,1760,1760,1760,1760,0
2022-11-01 12:26:00,1760,1760,1760,1760,0
2022-11-01 12:27:00,1760,1760,1760,1760,0
2022-11-01 12:28:00,1760,1760,1760,1760,0
2022-11-01 12:29:00,1760,1760,1760,1760,0
2022-11-01 12:30:00,1760,1760,1760,1760,0
2022-11-01 12:31:00,1760,1760,1760,1760,0
2022-11-01 12:32:00,1760,1760,1760,1760,0
2022-11-01 12:33:00,1760,1760,1760,1760,0
2022-11-01 12:34:00,1760,1760,1760,1760,0
2022-11-01 12:35:00,1760,1760,1760,1760,0
2022-11-01 12:36:00,1760,1760,1760,1760,0
2022-11-01 12:37:00,1760,1760,1760,1760,0
2022-11-01 12:38:00,1760,1760,1760,1760,0
2022-11-01 12:39:00,1760,1760,1760,1760,0
2022-11-01 12:40:00,1760,1760,1760,1760,0
2022-11-01 12:41:00,1760,1760,1760,1760,0
2022-11-01 12:42:00,1760,1760,1760,1760,0
2022-11-01 12:43:00,1760,1760,1760,1760,0
2022-11-01 12:44:00,1760,1760,1760,1760,0
2022-11-01 12:45:00,1760,1760,1760,1760,0
2022-11-01 12:46:00,1760,1760,1760,1760,0
2022-11-01 12:47:00,1760,1760,1760,1760,0
2022-11-01 12:48:00,1760,1760,1760,1760,0
2022-11-01 12:49:00,1760,1760,1760,1760,0
2022-11-01 12:50:00,1760,1760,1760,1760,0
2022-11-01 12:51:00,1760,1760,1760,1760,0
2022-11-01 12:52:00,1760,1760,1760,1760,0
2022-11-01 12:53:00,1760,1760,1760,1760,0
2022-11-01 12:54:00,1760,1760,1760,1760,0
2022-11-01 12:55:00,1760,1760,1760,1760,0
2022-11-01 12:56:00,1760,1760,1760,1760,0
2022-11-01 12:57:00,1760,1760,1760,1760,0
2022-11-01 12:58:00,1760,1760,1760,1760,0
2022-11-01 12:59:00,1760,1760,1760,1760,0
2022-11-01 13:00:00,1760,1760,1760,1760,0
2022-11-01 13:01:00,1760,1760,1760,1760,0
2022-11-01 13:02:00,1760,1760,1760,1760,0
2022-11-01 13:03:00,1760,1760,1760,1760,0
2022-11-01 13:04:00,1760,1760,1760,1760,0
2022-11-01 13:05:00,1760,1760,1760,1760,0
2022-11-01 13:06:00,1760,1760,1760,1760,0
2022-11-01 13:07:00,1760,1760,1760,1760,0
2022-11-01 13:08:00,1760,1760,1760,1760,0
2022-11-01 13:09:00,1760,1760,1760,1760,0
2022-11-01 13:10:00,1760,1760,1760,1760,0
2022-11-01 13:11:00,1760,1760,1760,1760,0
2022-11-01 13:12:00,1760,1760,1760,1760,0
2022-11-01 13:13:00,1760,1760,1760,1760,0
2022-11-01 13:14:00,1760,1760,1760,1760,0
2022-11-01 13:15:00,1760,1760,1760,1760,0
2022-11-01 13:16:00,1760,1760,1760,1760,0
2022-11-01 13:17:00,1760,1760,1760,1760,0
2022-11-01 13:18:00,1760,1760,1760,1760,0
2022-11-01 13:19:00,1760,1760,1760,1760,0
2022-11-01 13:20:00,1760,1760,1760,1760,0
2022-11-01 13:21:00,1760,1760,1760,1760,0
2022-11-01 13:22:00,1760,1760,1760,1760,0
2022-11-01 13:23:00,1760,1760,1760,1760,0
2022-11-01 13:24:00,1760,1760,1760,1760,0
2022-11-01 13:25:00,1760,1760,1760,1760,0
2022-11-01 13:26:00,1760,1760,1760,1760,0
2022-11-01 13:27:00,1760,1760,1760,1760,0
2022-11-01 13:28:00,1760,1760,1760,1760,0
2022-11-01 13:29:00,1760,1760,1760,1760,0
2022-11-01 13:30:00,1760,1760,1760,1760,0
2022-11-01 13:31:00,1760,1760,1760,1760,0
2022-11-01 13:32:00,1760,1760,1760,1760,0
2022-11-01 13:33:00,1760,1760,1760,1760,0
2022-11-01 13:34:00,1760,1760,1760,1760,0
2022-11-01 13:35:00,1760,1760,1760,1760,0
2022-11-01 13:36:00,1760,1760,1760,1760,0
2022-11-01 13:37:00,1760,1760,1760,1760,0
2022-11-01 13:38:00,1760,1760,1760,1760,0
2022-11-01 13:39:00,1760,1760,1760,1760,0
2022-11-01 13:40:00,1760,1760,1760,1760,0
2022-11-01 13:41:00,1760,1760,1760,1760,0
2022-11-01 13:42:00,1760,1760,1760,1760,0
2022-11-01 13:43:00,1760,1760,1760,1760,0
2022-11-01 13:44:00,1760,1760,1760,1760,0
2022-11-01 13:45:00,1760,1760,1760,1760,0
2022-11-01 13:46:00,1760,1760,1760,1760,0
2022-11-01 13:47:00,1760,1760,1760,1760,0
2022-11-01 13:48:00,1760,1760,1760,1760,0
2022-11-01 13:49:00,1760,1760,1760,1760,0
2022-11-01 13:50:00,1760,1760,1760,1760,0
2022-11-01 13:51:00,1760,1760,1760,1760,0
2022-11-01 13:52:00,1760,1760,1760,1760,0
2022-11-01 13:53:00,1760,1760,1760,1760,0
2022-11-01 13:54:00,1760,1760,1760,1760,0
2022-11-01 13:55:00,1760,1760,1760,1760,0
2022-11-01 13:56:00,1760,1760,1760,1760,0
2022-11-01 13:57:00,1760,1760,1760,1760,0
2022-11-01 13:58:00,1760,1760,1760,1760,0
2022-11-01 13:59:00,1760,1760,1760,1760,0
2022-11-01 14:00:00,1760,1760,1760,1760,0
2022-11-01 14:01:00,1760,1760,1760,1760,0
2022-11-01 14:02:00,1760,1760,1760,1760,0
2022-11-01 14:03:00,1760,1760,1760,1760,0
2022-11-01 14:04:00,1760,1760,1760,1760,0
2022-11-01 14:05:00,1760,1760,1760,1760,0
2022-11-01 14:06:00,1760,1760,1760,1760,0
2022-11-01 14:07:00,1760,1760,1760,1760,0
2022-11-01 14:08:00,1760,1760,1760,1760,0
2022-11-01 14:09:00,1760,1760,1760,1760,0
2022-11-01 14:10:00,1760,1760,1760,1760,0
2022-11-01 14:11:00,1760,1760,1760,1760,0
2022-11-01 14:12:00,1760,1760,1760,1760,0
2022-11-01 14:13:00,1760,1760,1760,1760,0
2022-11-01 14:14:00,1760,1760,1760,1760,0
2022-11-01 14:15:00,1760,1760,1760,1760,0
2022-11-01 14:16:00,1760,1760,1760,1760,0
2022-11-01 14:17:00,1760,1760,1760,1760,0
2022-11-01 14:18:00,1755,1755,1755,1755,100
2022-11-01 14:19:00,1755,1755,1755,1755,0
2022-11-01 14:20:00,1755,1755,1755,1755,0
2022-11-01 14:21:00,1755,1755,1755,1755,0
2022-11-01 14:22:00,1755,1755,1755,1755,0
2022-11-01 14:23:00,1755,1755,1755,1755,0
2022-11-01 14:24:00,1755,1755,1755,1755,0
2022-11-01 14:25:00,1755,1755,1755,1755,0
2022-11-01 14:26:00,1755,1755,1755,1755,0
2022-11-01 14:27:00,1755,1755,1755,1755,0
2022-11-01 14:28:00,1755,1755,1755,1755,0
2022-11-01 14:29:00,1755,1755,1755,1755,0
2022-11-01 14:30:00,1755,1755,1755,1755,0
2022-11-01 14:31:00,1755,1755,1755,1755,0
2022-11-01 14:32:00,1755,1755,1755,1755,0
2022-11-01 14:33:00,1755,1755,1755,1755,0
2022-11-01 14:34:00,1755,1755,1755,1755,0
2022-11-01 14:35:00,1755,1755,1755,1755,0
2022-11-01 14:36:00,1755,1755,1755,1755,0
2022-11-01 14:37:00,1755,1755,1755,1755,0
2022-11-01 14:38:00,1755,1755,1755,1755,0
2022-11-01 14:39:00,1755,1755,1755,1755,0
2022-11-01 14:40:00,1755,1755,1755,1755,0
2022-11-01 14:41:00,1755,1755,1755,1755,0
2022-11-01 14:42:00,1755,1755,1755,1755,0
2022-11-01 14:43:00,1755,1755,1755,1755,0
2022-11-01 14:44:00,1755,1755,1755,1755,0
2022-11-01 14:45:00,1755,1755,1755,1755,0
2022-11-01 14:46:00,1755,1755,1755,1755,0
2022-11-01 14:47:00,1755,1755,1755,1755,0
2022-11-01 14:48:00,1755,1755,1755,1755,0
2022-11-01 14:49:00,1755,1755,1755,1755,0
2022-11-01 14:50:00,1755,1755,1755,1755,0
2022-11-01 14:51:00,1755,1755,1755,1755,0
2022-11-01 14:52:00,1755,1755,1755,1755,0
2022-11-01 14:53:00,1755,1755,1755,1755,0
2022-11-01 14:54:00,1755,1755,1755,1755,0
2022-11-01 14:55:00,1755,1755,1755,1755,0
2022-11-01 14:56:00,1755,1755,1755,1755,0
2022-11-01 14:57:00,1755,1755,1755,1755,0
2022-11-01 14:58:00,1755,1755,1755,1755,0
2022-11-01 14:59:00,1755,1755,1755,1755,0
2022-11-01 15:00:00,1755,1755,1755,1755,0
2022-11-01 15:01:00,1755,1755,1755,1755,0
2022-11-01 15:02:00,1755,1755,1755,1755,0
2022-11-01 15:03:00,1755,1755,1755,1755,0
2022-11-01 15:04:00,1755,1755,1755,1755,0
2022-11-01 15:05:00,1755,1755,1755,1755,0
2022-11-01 15:06:00,1755,1755,1755,1755,0
2022-11-01 15:07:00,1755,1755,1755,1755,0
2022-11-01 15:08:00,1755,1755,1755,1755,0
2022-11-01 15:09:00,1755,1755,1755,1755,0
2022-11-01 15:10:00,1755,1755,1755,1755,0
2022-11-01 15:11:00,1755,1755,1755,1755,0
2022-11-01 15:12:00,1755,1755,1755,1755,0
2022-11-01 15:13:00,1755,1755,1755,1755,0
2022-11-01 15:14:00,1755,1755,1755,1755,0
2022-11-01 15:15:00,1755,1755,1755,1755,0
2022-11-01 15:16:00,1755,1755,1755,1755,0
2022-11-01 15:17:00,1755,1755,1755,1755,0
2022-11-01 15:18:00,1755,1755,1755,1755,0
2022-11-01 15:19:00,1755,1755,1755,1755,0
2022-11-01 15:20:00,1755,1755,1755,1755,0
2022-11-01 15:21:00,1755,1755,1755,1755,0
2022-11-01 15:22:00,1755,1755,1755,1755,0
2022-11-01 15:23:00,1755,1755,1755,1755,0
2022-11-01 15:24:00,1755,1755,1755,1755,0
2022-11-01 15:25:00,1755,1755,1755,1755,0
2022-11-01 15:26:00,1755,1755,1755,1755,0
2022-11-01 15:27:00,1755,1755,1755,1755,0
2022-11-01 15:28:00,1755,1755,1755,1755,0
2022-11-01 15:29:00,1755,1755,1755,1755,0
2022-11-01 15:30:00,1755,1755,1755,1755,0
2022-11-01 15:31:00,1755,1755,1755,1755,0
2022-11-01 15:32:00,1755,1755,1755,1755,0
2022-11-01 15:33:00,1755,1755,1755,1755,0
2022-11-01 15:34:00,1755,1755,1755,1755,0
2022-11-01 15:35:00,1755,1755,1755,1755,0
2022-11-01 15:36:00,1755,1755,1755,1755,0
2022-11-01 15:37:00,1755,1755,1755,1755,0
2022-11-01 15:38:00,1755,1755,1755,1755,0
2022-11-01 15:39:00,1755,1755,1755,1755,0
2022-11-01 15:40:00,1755,1755,1755,1755,0
2022-11-01 15:41:00,1755,1755,1755,1755,0
2022-11-01 15:42:00,1755,1755,1755,1755,0
2022-11-01 15:43:00,1755,1755,1755,1755,0
2022-11-01 15:44:00,1755,1755,1755,1755,0
2022-11-01 15:45:00,1755,1755,1755,1755,0
2022-11-01 15:46:00,1755,1755,1755,1755,0
2022-11-01 15:47:00,1755,1755,1755,1755,0
2022-11-01 15:48:00,1755,1755,1755,1755,0
2022-11-01 15:49:00,1755,1755,1755,1755,0
2022-11-01 15:50:00,1755,1755,1755,1755,0
2022-11-01 15:51:00,1755,1755,1755,1755,0
2022-11-01 15:52:00,1755,1755,1755,1755,0
2022-11-01 15:53:00,1755,1755,1755,1755,0
2022-11-01 15:54:00,1755,1755,1755,1755,0
2022-11-01 15:55:00,1755,1755,1755,1755,0
2022-11-01 15:56:00,1755,1755,1755,1755,0
2022-11-01 15:57:00,1755,1755,1755,1755,0
2022-11-01 15:58:00,1755,1755,1755,1755,0
2022-11-01 15:59:00,1755,1755,1755,1755,0
2022-11-02 09:00:00,1755,1755,1755,1755,0
2022-11-02 09:01:00,1755,1755,1755,1755,0
2022-11-02 09:02:00,1755,1755,1755,1755,0
2022-11-02 09:03:00,1755,1755,1755,1755,0
2022-11-02 09:04:00,1755,1755,1755,1755,0
2022-11-02 09:05:00,1755,1755,1755,1755,0
2022-11-02 09:06:00,1755,1755,1755,1755,0
2022-11-02 09:07:00,1755,1755,1755,1755,0
2022-11-02 09:08:00,1755,1755,1755,1755,0
2022-11-02 09:09:00,1755,1755,1755,1755,0
2022-11-02 09:10:00,1755,1755,1755,1755,0
2022-11-02 09:11:00,1755,1755,1755,1755,0
2022-11-02 09:12:00,1755,1755,1755,1755,0
2022-11-02 09:13:00,1755,1755,1755,1755,0
2022-11-02 09:14:00,1755,1755,1755,1755,0
2022-11-02 09:15:00,1755,1755,1755,1755,0
2022-11-02 09:16:00,1755,1755,1755,1755,0
2022-11-02 09:17:00,1755,1755,1755,1755,0
2022-11-02 09:18:00,1755,1755,1755,1755,0
2022-11-02 09:19:00,1755,1755,1755,1755,0
2022-11-02 09:20:00,1755,1755,1755,1755,0
2022-11-02 09:21:00,1755,1755,1755,1755,0
2022-11-02 09:22:00,1755,1755,1755,1755,0
2022-11-02 09:23:00,1755,1755,1755,1755,0
2022-11-02 09:24:00,1755,1755,1755,1755,0
2022-11-02 09:25:00,1755,1755,1755,1755,0
2022-11-02 09:26:00,1755,1755,1755,1755,0
2022-11-02 09:27:00,1755,1755,1755,1755,0
2022-11-02 09:28:00,1755,1755,1755,1755,0
2022-11-02 09:29:00,1755,1755,1755,1755,0
2022-11-02 09:30:00,1755,1755,1755,1755,0
2022-11-02 09:31:00,1755,1755,1755,1755,0
2022-11-02 09:32:00,1755,1755,1755,1755,0
2022-11-02 09:33:00,1755,1755,1755,1755,0
2022-11-02 09:34:00,1755,1755,1755,1755,0
2022-11-02 09:35:00,1755,1755,1755,1755,0
2022-11-02 09:36:00,1755,1755,1755,1755,0
2022-11-02 09:37:00,1755,1755,1755,1755,0
2022-11-02 09:38:00,1755,1755,1755,1755,0
2022-11-02 09:39:00,1755,1755,1755,1755,0
2022-11-02 09:40:00,1755,1755,1755,1755,0
2022-11-02 09:41:00,1755,1755,1755,1755,0
2022-11-02 09:42:00,1755,1755,1755,1755,0
2022-11-02 09:43:00,1755,1755,1755,1755,0
2022-11-02 09:44:00,1755,1755,1755,1755,0
2022-11-02 09:45:00,1755,1755,1755,1755,0
2022-11-02 09:46:00,1755,1755,1755,1755,0
2022-11-02 09:47:00,1755,1755,1755,1755,0
2022-11-02 09:48:00,1755,1755,1755,1755,0
2022-11-02 09:49:00,1755,1755,1755,1755,0
2022-11-02 09:50:00,1755,1755,1755,1755,0
2022-11-02 09:51:00,1755,1755,1755,1755,0
2022-11-02 09:52:00,1755,1755,1755,1755,0
2022-11-02 09:53:00,1755,1755,1755,1755,0
2022-11-02 09:54:00,1755,1755,1755,1755,0
2022-11-02 09:55:00,1755,1755,1755,1755,0
2022-11-02 09:56:00,1755,1755,1755,1755,0
2022-11-02 09:57:00,1755,1755,1755,1755,0
2022-11-02 09:58:00,1755,1755,1755,1755,0
2022-11-02 09:59:00,1755,1755,1755,1755,0
2022-11-02 10:00:00,1755,1755,1755,1755,0
2022-11-02 10:01:00,1755,1755,1755,1755,0
2022-11-02 10:02:00,1755,1755,1755,1755,0
2022-11-02 10:03:00,1755,1755,1755,1755,0
2022-11-02 10:04:00,1755,1755,1755,1755,0
2022-11-02 10:05:00,1755,1755,1755,1755,0
2022-11-02 10:06:00,1755,1755,1755,1755,0
2022-11-02 10:07:00,1755,1755,1755,1755,0
2022-11-02 10:08:00,1755,1755,1755,1755,0
2022-11-02 10:09:00,1755,1755,1755,1755,0
2022-11-02 10:10:00,1755,1755,1755,1755,0
2022-11-02 10:11:00,1755,1755,1755,1755,0
2022-11-02 10:12:00,1755,1755,1755,1755,0
2022-11-02 10:13:00,1755,1755,1755,1755,0
2022-11-02 10:14:00,1755,1755,1755,1755,0
2022-11-02 10:15:00,1755,1755,1755,1755,0
2022-11-02 10:16:00,1755,1755,1755,1755,0
2022-11-02 10:17:00,1755,1755,1755,1755,0
2022-11-02 10:18:00,1755,1755,1755,1755,0
2022-11-02 10:19:00,1755,1755,1755,1755,0
2022-11-02 10:20:00,1755,1755,1755,1755,0
2022-11-02 10:21:00,1755,1755,1755,1755,0
2022-11-02 10:22:00,1755,1755,1755,1755,0
2022-11-02 10:23:00,1755,1755,1755,1755,0
2022-11-02 10:24:00,1755,1755,1755,1755,0
2022-11-02 10:25:00,1755,1755,1755,1755,0
2022-11-02 10:26:00,1755,1755,1755,1755,0
2022-11-02 10:27:00,1755,1755,1755,1755,0
2022-11-02 10:28:00,1755,1755,1755,1755,0
2022-11-02 10:29:00,1755,1755,1755,1755,0
2022-11-02 10:30:00,1755,1755,1755,1755,0
2022-11-02 10:31:00,1755,1755,1755,1755,0
2022-11-02 10:32:00,1755,1755,1755,1755,0
2022-11-02 10:33:00,1755,1755,1755,1755,0
2022-11-02 10:34:00,1755,1755,1755,1755,0
2022-11-02 10:35:00,1755,1755,1755,1755,0
2022-11-02 10:36:00,1755,1755,1755,1755,0
2022-11-02 10:37:00,1755,1755,1755,1755,0
2022-11-02 10:38:00,1755,1755,1755,1755,0
2022-11-02 10:39:00,1755,1755,1755,1755,0
2022-11-02 10:40:00,1755,1755,1755,1755,0
2022-11-02 10:41:00,1755,1755,1755,1755,0
2022-11-02 10:42:00,1755,1755,1755,1755,0
2022-11-02 10:43:00,1755,1755,1755,1755,0
2022-11-02 10:44:00,1755,1755,1755,1755,0
2022-11-02 10:45:00,1755,1755,1755,1755,0
2022-11-02 10:46:00,1755,1755,1755,1755,0
2022-11-02 10:47:00,1755,1755,1755,1755,0
2022-11-02 10:48:00,1755,1755,1755,1755,0
2022-11-02 10:49:00,1755,1755,1755,1755,0
2022-11-02 10:50:00,1755,1755,1755,1755,0
2022-11-02 10:51:00,1755,1755,1755,1755,0
2022-11-02 10:52:00,1755,1755,1755,1755,0
2022-11-02 10:53:00,1755,1755,1755,1755,0
2022-11-02 10:54:00,1755,1755,1755,1755,0
2022-11-02 10:55:00,1755,1755,1755,1755,0
2022-11-02 10:56:00,1755,1755,1755,1755,0
2022-11-02 10:57:00,1755,1755,1755,1755,0
2022-11-02 10:58:00,1755,1755,1755,1755,0
2022-11-02 10:59:00,1755,1755,1755,1755,0
2022-11-02 11:00:00,1755,1755,1755,1755,0
2022-11-02 11:01:00,1755,1755,1755,1755,0
2022-11-02 11:02:00,1755,1755,1755,1755,0
2022-11-02 11:03:00,1755,1755,1755,1755,0
2022-11-02 11:04:00,1755,1755,1755,1755,0
2022-11-02 11:05:00,1755,1755,1755,1755,0
2022-11-02 11:06:00,1755,1755,1755,1755,0
2022-11-02 11:07:00,1755,1755,1755,1755,0
2022-11-02 11:08:00,1755,1755,1755,1755,0
2022-11-02 11:09:00,1755,1755,1755,1755,0
2022-11-02 11:10:00,1755,1755,1755,1755,0
2022-11-02 11:11:00,1755,1755,1755,1755,0
2022-11-02 11:12:00,1755,1755,1755,1755,0
2022-11-02 11:13:00,1755,1755,1755,1755,0
2022-11-02 11:14:00,1755,1755,1755,1755,0
2022-11-02 11:15:00,1755,1755,1755,1755,0
2022-11-02 11:16:00,1755,1755,1755,1755,0
2022-11-02 11:17:00,1755,1755,1755,1755,0
2022-11-02 11:18:00,1755,1755,1755,1755,0
2022-11-02 11:19:00,1755,1755,1755,1755,0
2022-11-02 11:20:00,1755,1755,1755,1755,0
2022-11-02 11:21:00,1755,1755,1755,1755,0
2022-11-02 11:22:00,1755,1755,1755,1755,0
2022-11-02 11:23:00,1755,1755,1755,1755,0
2022-11-02 11:24:00,1755,1755,1755,1755,0
2022-11-02 11:25:00,1755,1755,1755,1755,0
2022-11-02 11:26:00,1755,1755,1755,1755,0
2022-11-02 11:27:00,1755,1755,1755,1755,0
2022-11-02 11:28:00,1755,1755,1755,1755,0
2022-11-02 11:29:00,1755,1755,1755,1755,0
2022-11-02 11:30:00,1755,1755,1755,1755,0
2022-11-02 11:31:00,1755,1755,1755,1755,0
2022-11-02 11:32:00,1755,1755,1755,1755,0
2022-11-02 11:33:00,1755,1755,1755,1755,0
2022-11-02 11:34:00,1755,1755,1755,1755,0
2022-11-02 11:35:00,1755,1755,1755,1755,0
2022-11-02 11:36:00,1755,1755,1755,1755,0
2022-11-02 11:37:00,1755,1755,1755,1755,0
2022-11-02 11:38:00,1755,1755,1755,1755,0
2022-11-02 11:39:00,1755,1755,1755,1755,0
2022-11-02 11:40:00,1755,1755,1755,1755,0
2022-11-02 11:41:00,1755,1755,1755,1755,0
2022-11-02 11:42:00,1755,1755,1755,1755,0
2022-11-02 11:43:00,1755,1755,1755,1755,0
2022-11-02 11:44:00,1755,1755,1755,1755,0
2022-11-02 11:45:00,1755,1755,1755,1755,0
2022-11-02 11:46:00,1755,1755,1755,1755,0
2022-11-02 11:47:00,1755,1755,1755,1755,0
2022-11-02 11:48:00,1755,1755,1755,1755,0
2022-11-02 11:49:00,1755,1755,1755,1755,0
2022-11-02 11:50:00,1755,1755,1755,1755,0
2022-11-02 11:51:00,1755,1755,1755,1755,0
2022-11-02 11:52:00,1755,1755,1755,1755,0
2022-11-02 11:53:00,1755,1755,1755,1755,0
2022-11-02 11:54:00,1755,1755,1755,1755,0
2022-11-02 11:55:00,1755,1755,1755,1755,0
2022-11-02 11:56:00,1755,1755,1755,1755,0
2022-11-02 11:57:00,1755,1755,1755,1755,0
2022-11-02 11:58:00,1755,1755,1755,1755,0
2022-11-02 11:59:00,1755,1755,1755,1755,0
2022-11-02 12:00:00,1755,1755,1755,1755,0
2022-11-02 12:01:00,1755,1755,1755,1755,0
2022-11-02 12:02:00,1755,1755,1755,1755,0
2022-11-02 12:03:00,1755,1755,1755,1755,0
2022-11-02 12:04:00,1755,1755,1755,1755,0
2022-11-02 12:05:00,1755,1755,1755,1755,0
2022-11-02 12:06:00,1755,1755,1755,1755,0
2022-11-02 12:07:00,1755,1755,1755,1755,0
2022-11-02 12:08:00,1755,1755,1755,1755,0
2022-11-02 12:09:00,1755,1755,1755,1755,0
2022-11-02 12:10:00,1755,1755,1755,1755,0
2022-11-02 12:11:00,1755,1755,1755,1755,0
2022-11-02 12:12:00,1755,1755,1755,1755,0
2022-11-02 12:13:00,1755,1755,1755,1755,0
2022-11-02 12:14:00,1755,1755,1755,1755,0
2022-11-02 12:15:00,1755,1755,1755,1755,0
2022-11-02 12:16:00,1755,1755,1755,1755,0
2022-11-02 12:17:00,1755,1755,1755,1755,0
2022-11-02 12:18:00,1755,1755,1755,1755,0
2022-11-02 12:19:00,1755,1755,1755,1755,0
2022-11-02 12:20:00,1755,1755,1755,1755,0
2022-11-02 12:21:00,1755,1755,1755,1755,0
2022-11-02 12:22:00,1755,1755,1755,1755,0
2022-11-02 12:23:00,1755,1755,1755,1755,0
2022-11-02 12:24:00,1755,1755,1755,1755,0
2022-11-02 12:25:00,1755,1755,1755,1755,0
2022-11-02 12:26:00,1755,1755,1755,1755,0
2022-11-02 12:27:00,1755,1755,1755,1755,0
2022-11-02 12:28:00,1755,1755,1755,1755,0
2022-11-02 12:29:00,1755,1755,1755,1755,0
2022-11-02 12:30:00,1755,1755,1755,1755,0
2022-11-02 12:31:00,1755,1755,1755,1755,0
2022-11-02 12:32:00,1755,1755,1755,1755,0
2022-11-02 12:33:00,1755,1755,1755,1755,0
2022-11-02 12:34:00,1755,1755,1755,1755,0
2022-11-02 12:35:00,1755,1755,1755,1755,0
2022-11-02 12:36:00,1755,1755,1755,1755,0
2022-11-02 12:37:00,1755,1755,1755,1755,0
2022-11-02 12:38:00,1755,1755,1755,1755,0
2022-11-02 12:39:00,1755,1755,1755,1755,0
2022-11-02 12:40:00,1755,1755,1755,1755,0
2022-11-02 12:41:00,1755,1755,1755,1755,0
2022-11-02 12:42:00,1755,1755,1755,1755,0
2022-11-02 12:43:00,1755,1755,1755,1755,0
2022-11-02 12:44:00,1755,1755,1755,1755,0
2022-11-02 12:45:00,1755,1755,1755,1755,0
2022-11-02 12:46:00,1755,1755,1755,1755,0
2022-11-02 12:47:00,1755,1755,1755,1755,0
2022-11-02 12:48:00,1755,1755,1755,1755,0
2022-11-02 12:49:00,1755,1755,1755,1755,0
2022-11-02 12:50:00,1755,1755,1755,1755,0
2022-11-02 12:51:00,1755,1755,1755,1755,0
2022-11-02 12:52:00,1755,1755,1755,1755,0
2022-11-02 12:53:00,1755,1755,1755,1755,0
2022-11-02 12:54:00,1755,1755,1755,1755,0
2022-11-02 12:55:00,1755,1755,1755,1755,0
2022-11-02 12:56:00,1755,1755,1755,1755,0
2022-11-02 12:57:00,1755,1755,1755,1755,0
2022-11-02 12:58:00,1755,1755,1755,1755,0
2022-11-02 12:59:00,1755,1755,1755,1755,0
2022-11-02 13:00:00,1755,1755,1755,1755,0
2022-11-02 13:01:00,1755,1755,1755,1755,0
2022-11-02 13:02:00,1755,1755,1755,1755,0
2022-11-02 13:03:00,1755,1755,1755,1755,0
2022-11-02 13:04:00,1755,1755,1755,1755,0
2022-11-02 13:05:00,1755,1755,1755,1755,0
2022-11-02 13:06:00,1755,1755,1755,1755,0
2022-11-02 13:07:00,1755,1755,1755,1755,0
2022-11-02 13:08:00,1755,1755,1755,1755,0
2022-11-02 13:09:00,1755,1755,1755,1755,0
2022-11-02 13:10:00,1755,1755,1755,1755,0
2022-11-02 13:11:00,1755,1755,1755,1755,0
2022-11-02 13:12:00,1755,1755,1755,1755,0
2022-11-02 13:13:00,1755,1755,1755,1755,0
2022-11-02 13:14:00,1755,1755,1755,1755,0
2022-11-02 13:15:00,1755,1755,1755,1755,0
2022-11-02 13:16:00,1755,1755,1755,1755,0
2022-11-02 13:17:00,1755,1755,1755,1755,0
2022-11-02 13:18:00,1755,1755,1755,1755,0
2022-11-02 13:19:00,1755,1755,1755,1755,0
2022-11-02 13:20:00,1755,1755,1755,1755,0
2022-11-02 13:21:00,1755,1755,1755,1755,0
2022-11-02 13:22:00,1755,1755,1755,1755,0
2022-11-02 13:23:00,1755,1755,1755,1755,0
2022-11-02 13:24:00,1755,1755,1755,1755,0
2022-11-02 13:25:00,1755,1755,1755,1755,0
2022-11-02 13:26:00,1755,1755,1755,1755,0
2022-11-02 13:27:00,1755,1755,1755,1755,0
2022-11-02 13:28:00,1755,1755,1755,1755,0
2022-11-02 13:29:00,1755,1755,1755,1755,0
2022-11-02 13:30:00,1755,1755,1755,1755,0
2022-11-02 13:31:00,1755,1755,1755,1755,0
2022-11-02 13:32:00,1755,1755,1755,1755,0
2022-11-02 13:33:00,1755,1755,1755,1755,0
2022-11-02 13:34:00,1755,1755,1755,1755,0
2022-11-02 13:35:00,1755,1755,1755,1755,0
2022-11-02 13:36:00,1755,1755,1755,1755,0
2022-11-02 13:37:00,1755,1755,1755,1755,0
2022-11-02 13:38:00,1635,1635,1635,1635,300
2022-11-02 13:39:00,1635,1635,1635,1635,0
2022-11-02 13:40:00,1635,1635,1635,1635,0
2022-11-02 13:41:00,1635,1635,1635,1635,0
2022-11-02 13:42:00,1635,1635,1635,1635,0
2022-11-02 13:43:00,1635,1635,1635,1635,0
2022-11-02 13:44:00,1635,1635,1635,1635,0
2022-11-02 13:45:00,1635,1635,1635,1635,0
2022-11-02 13:46:00,1635,1635,1635,1635,0
2022-11-02 13:47:00,1635,1635,1635,1635,0
2022-11-02 13:48:00,1635,1635,1635,1635,0
2022-11-02 13:49:00,1635,1635,1635,1635,0
2022-11-02 13:50:00,1635,1635,1635,1635,0
2022-11-02 13:51:00,1635,1635,1635,1635,0
2022-11-02 13:52:00,1635,1635,1635,1635,0
2022-11-02 13:53:00,1635,1635,1635,1635,0
2022-11-02 13:54:00,1635,1635,1635,1635,0
2022-11-02 13:55:00,1635,1635,1635,1635,0
2022-11-02 13:56:00,1635,1635,1635,1635,0
2022-11-02 13:57:00,1635,1635,1635,1635,0
2022-11-02 13:58:00,1635,1635,1635,1635,0
2022-11-02 13:59:00,1635,1635,1635,1635,0
2022-11-02 14:00:00,1635,1635,1635,1635,0
2022-11-02 14:01:00,1635,1635,1635,1635,0
2022-11-02 14:02:00,1635,1635,1635,1635,0
2022-11-02 14:03:00,1635,1635,1635,1635,0
2022-11-02 14:04:00,1635,1635,1635,1635,0
2022-11-02 14:05:00,1635,1635,1635,1635,0
2022-11-02 14:06:00,1635,1635,1635,1635,0
2022-11-02 14:07:00,1635,1635,1635,1635,0
2022-11-02 14:08:00,1635,1635,1635,1635,0
2022-11-02 14:09:00,1635,1635,1635,1635,0
2022-11-02 14:10:00,1635,1635,1635,1635,0
2022-11-02 14:11:00,1635,1635,1635,1635,0
2022-11-02 14:12:00,1635,1635,1635,1635,0
2022-11-02 14:13:00,1635,1635,1635,1635,0
2022-11-02 14:14:00,1635,1635,1635,1635,0
2022-11-02 14:15:00,1635,1635,1635,1635,0
2022-11-02 14:16:00,1635,1635,1635,1635,0
2022-11-02 14:17:00,1635,1635,1635,1635,0
2022-11-02 14:18:00,1635,1635,1635,1635,0
2022-11-02 14:19:00,1635,1635,1635,1635,0
2022-11-02 14:20:00,1635,1635,1635,1635,0
2022-11-02 14:21:00,1635,1635,1635,1635,0
2022-11-02 14:22:00,1635,1635,1635,1635,0
2022-11-02 14:23:00,1635,1635,1635,1635,0
2022-11-02 14:24:00,1635,1635,1635,1635,0
2022-11-02 14:25:00,1635,1635,1635,1635,0
2022-11-02 14:26:00,1635,1635,1635,1635,0
2022-11-02 14:27:00,1635,1635,1635,1635,0
2022-11-02 14:28:00,1635,1635,1635,1635,0
2022-11-02 14:29:00,1635,1635,1635,1635,0
2022-11-02 14:30:00,1635,1635,1635,1635,0
2022-11-02 14:31:00,1635,1635,1635,1635,0
2022-11-02 14:32:00,1635,1635,1635,1635,0
2022-11-02 14:33:00,1635,1635,1635,1635,0
2022-11-02 14:34:00,1635,1635,1635,1635,0
2022-11-02 14:35:00,1635,1635,1635,1635,0
2022-11-02 14:36:00,1635,1635,1635,1635,0
2022-11-02 14:37:00,1635,1635,1635,1635,0
2022-11-02 14:38:00,1635,1635,1635,1635,0
2022-11-02 14:39:00,1635,1635,1635,1635,0
2022-11-02 14:40:00,1635,1635,1635,1635,0
2022-11-02 14:41:00,1635,1635,1635,1635,0
2022-11-02 14:42:00,1635,1635,1635,1635,0
2022-11-02 14:43:00,1635,1635,1635,1635,0
2022-11-02 14:44:00,1635,1635,1635,1635,0
2022-11-02 14:45:00,1635,1635,1635,1635,0
2022-11-02 14:46:00,1635,1635,1635,1635,0
2022-11-02 14:47:00,1635,1635,1635,1635,0
2022-11-02 14:48:00,1635,1635,1635,1635,0
2022-11-02 14:49:00,1635,1635,1635,1635,0
2022-11-02 14:50:00,1635,1635,1635,1635,0
2022-11-02 14:51:00,1635,1635,1635,1635,0
2022-11-02 14:52:00,1635,1635,1635,1635,0
2022-11-02 14:53:00,1635,1635,1635,1635,0
2022-11-02 14:54:00,1635,1635,1635,1635,0
2022-11-02 14:55:00,1635,1635,1635,1635,0
2022-11-02 14:56:00,1635,1635,1635,1635,0
2022-11-02 14:57:00,1635,1635,1635,1635,0
2022-11-02 14:58:00,1635,1635,1635,1635,0
2022-11-02 14:59:00,1635,1635,1635,1635,0
2022-11-02 15:00:00,1635,1635,1635,1635,0
2022-11-02 15:01:00,1635,1635,1635,1635,0
2022-11-02 15:02:00,1635,1635,1635,1635,0
2022-11-02 15:03:00,1635,1635,1635,1635,0
2022-11-02 15:04:00,1635,1635,1635,1635,0
2022-11-02 15:05:00,1635,1635,1635,1635,0
2022-11-02 15:06:00,1635,1635,1635,1635,0
2022-11-02 15:07:00,1635,1635,1635,1635,0
2022-11-02 15:08:00,1635,1635,1635,1635,0
2022-11-02 15:09:00,1635,1635,1635,1635,0
2022-11-02 15:10:00,1635,1635,1635,1635,0
2022-11-02 15:11:00,1635,1635,1635,1635,0
2022-11-02 15:12:00,1635,1635,1635,1635,0
2022-11-02 15:13:00,1635,1635,1635,1635,0
2022-11-02 15:14:00,1635,1635,1635,1635,0
2022-11-02 15:15:00,1635,1635,1635,1635,0
2022-11-02 15:16:00,1635,1635,1635,1635,0
2022-11-02 15:17:00,1635,1635,1635,1635,0
2022-11-02 15:18:00,1635,1635,1635,1635,0
2022-11-02 15:19:00,1635,1635,1635,1635,0
2022-11-02 15:20:00,1635,1635,1635,1635,0
2022-11-02 15:21:00,1635,1635,1635,1635,0
2022-11-02 15:22:00,1635,1635,1635,1635,0
2022-11-02 15:23:00,1635,1635,1635,1635,0
2022-11-02 15:24:00,1635,1635,1635,1635,0
2022-11-02 15:25:00,1635,1635,1635,1635,0
2022-11-02 15:26:00,1635,1635,1635,1635,0
2022-11-02 15:27:00,1635,1635,1635,1635,0
2022-11-02 15:28:00,1635,1635,1635,1635,0
2022-11-02 15:29:00,1635,1635,1635,1635,0
2022-11-02 15:30:00,1635,1635,1635,1635,0
2022-11-02 15:31:00,1635,1635,1635,1635,0
2022-11-02 15:32:00,1635,1635,1635,1635,0
2022-11-02 15:33:00,1635,1635,1635,1635,0
2022-11-02 15:34:00,1635,1635,1635,1635,0
2022-11-02 15:35:00,1635,1635,1635,1635,0
2022-11-02 15:36:00,1635,1635,1635,1635,0
2022-11-02 15:37:00,1635,1635,1635,1635,0
2022-11-02 15:38:00,1635,1635,1635,1635,0
2022-11-02 15:39:00,1635,1635,1635,1635,0
2022-11-02 15:40:00,1635,1635,1635,1635,0
2022-11-02 15:41:00,1635,1635,1635,1635,0
2022-11-02 15:42:00,1635,1635,1635,1635,0
2022-11-02 15:43:00,1635,1635,1635,1635,0
2022-11-02 15:44:00,1635,1635,1635,1635,0
2022-11-02 15:45:00,1635,1635,1635,1635,0
2022-11-02 15:46:00,1635,1635,1635,1635,0
2022-11-02 15:47:00,1635,1635,1635,1635,0
2022-11-02 15:48:00,1635,1635,1635,1635,0
2022-11-02 15:49:00,1635,1635,1635,1635,0
2022-11-02 15:50:00,1635,1635,1635,1635,0
2022-11-02 15:51:00,1635,1635,1635,1635,0
2022-11-02 15:52:00,1635,1635,1635,1635,0
2022-11-02 15:53:00,1635,1635,1635,1635,0
2022-11-02 15:54:00,1635,1635,1635,1635,0
2022-11-02 15:55:00,1635,1635,1635,1635,0
2022-11-02 15:56:00,1635,1635,1635,1635,0
2022-11-02 15:57:00,1635,1635,1635,1635,0
2022-11-02 15:58:00,1635,1635,1635,1635,0
2022-11-02 15:59:00,1635,1635,1635,1635,0
2022-11-03 09:00:00,1635,1635,1635,1635,0
2022-11-03 09:01:00,1635,1635,1635,1635,0
2022-11-03 09:02:00,1635,1635,1635,1635,0
2022-11-03 09:03:00,1635,1635,1635,1635,0
2022-11-03 09:04:00,1635,1635,1635,1635,0
2022-11-03 09:05:00,1635,1635,1635,1635,0
2022-11-03 09:06:00,1635,1635,1635,1635,0
2022-11-03 09:07:00,1635,1635,1635,1635,0
2022-11-03 09:08:00,1635,1635,1635,1635,0
2022-11-03 09:09:00,1635,1635,1635,1635,0
2022-11-03 09:10:00,1635,1635,1635,1635,0
2022-11-03 09:11:00,1635,1635,1635,1635,0
2022-11-03 09:12:00,1635,1635,1635,1635,0
2022-11-03 09:13:00,1635,1635,1635,1635,0
2022-11-03 09:14:00,1635,1635,1635,1635,0
2022-11-03 09:15:00,1635,1635,1635,1635,0
2022-11-03 09:16:00,1635,1635,1635,1635,0
2022-11-03 09:17:00,1635,1635,1635,1635,0
2022-11-03 09:18:00,1635,1635,1635,1635,0
2022-11-03 09:19:00,1635,1635,1635,1635,0
2022-11-03 09:20:00,1635,1635,1635,1635,0
2022-11-03 09:21:00,1635,1635,1635,1635,0
2022-11-03 09:22:00,1635,1635,1635,1635,0
2022-11-03 09:23:00,1635,1635,1635,1635,0
2022-11-03 09:24:00,1635,1635,1635,1635,0
2022-11-03 09:25:00,1635,1635,1635,1635,0
2022-11-03 09:26:00,1635,1635,1635,1635,0
2022-11-03 09:27:00,1635,1635,1635,1635,0
2022-11-03 09:28:00,1635,1635,1635,1635,0
2022-11-03 09:29:00,1635,1635,1635,1635,0
2022-11-03 09:30:00,1635,1635,1635,1635,0
2022-11-03 09:31:00,1635,1635,1635,1635,0
2022-11-03 09:32:00,1635,1635,1635,1635,0
2022-11-03 09:33:00,1635,1635,1635,1635,0
2022-11-03 09:34:00,1635,1635,1635,1635,0
2022-11-03 09:35:00,1635,1635,1635,1635,0
2022-11-03 09:36:00,1630,1630,1630,1630,0
2022-11-03 09:37:00,1630,1630,1630,1630,0
2022-11-03 09:38:00,1630,1630,1630,1630,0
2022-11-03 09:39:00,1630,1630,1630,1630,0
2022-11-03 09:40:00,1630,1630,1630,1630,0
2022-11-03 09:41:00,1630,1630,1630,1630,0
2022-11-03 09:42:00,1630,1630,1630,1630,0
2022-11-03 09:43:00,1630,1630,1630,1630,0
2022-11-03 09:44:00,1630,1630,1630,1630,0
2022-11-03 09:45:00,1630,1630,1630,1630,0
2022-11-03 09:46:00,1630,1630,1630,1630,0
2022-11-03 09:47:00,1630,1630,1630,1630,0
2022-11-03 09:48:00,1630,1630,1630,1630,0
2022-11-03 09:49:00,1630,1630,1630,1630,0
2022-11-03 09:50:00,1630,1630,1630,1630,0
2022-11-03 09:51:00,1630,1630,1630,1630,0
2022-11-03 09:52:00,1630,1630,1630,1630,0
2022-11-03 09:53:00,1630,1630,1630,1630,0
2022-11-03 09:54:00,1630,1630,1630,1630,0
2022-11-03 09:55:00,1630,1630,1630,1630,0
2022-11-03 09:56:00,1630,1630,1630,1630,0
2022-11-03 09:57:00,1630,1630,1630,1630,0
2022-11-03 09:58:00,1630,1630,1630,1630,0
2022-11-03 09:59:00,1630,1630,1630,1630,0
2022-11-03 10:00:00,1630,1630,1630,1630,0
2022-11-03 10:01:00,1630,1630,1630,1630,0
2022-11-03 10:02:00,1630,1630,1630,1630,0
2022-11-03 10:03:00,1630,1630,1630,1630,0
2022-11-03 10:04:00,1630,1630,1630,1630,0
2022-11-03 10:05:00,1630,1630,1630,1630,0
2022-11-03 10:06:00,1630,1630,1630,1630,0
2022-11-03 10:07:00,1630,1630,1630,1630,0
2022-11-03 10:08:00,1630,1630,1630,1630,0
2022-11-03 10:09:00,1630,1630,1630,1630,0
2022-11-03 10:10:00,1630,1630,1630,1630,0
2022-11-03 10:11:00,1630,1630,1630,1630,0
2022-11-03 10:12:00,1630,1630,1630,1630,0
2022-11-03 10:13:00,1630,1630,1630,1630,0
2022-11-03 10:14:00,1630,1630,1630,1630,0
2022-11-03 10:15:00,1630,1630,1630,1630,0
2022-11-03 10:16:00,1630,1630,1630,1630,0
2022-11-03 10:17:00,1630,1630,1630,1630,0
2022-11-03 10:18:00,1630,1630,1630,1630,0
2022-11-03 10:19:00,1630,1630,1630,1630,0
2022-11-03 10:20:00,1630,1630,1630,1630,0
2022-11-03 10:21:00,1630,1630,1630,1630,0
2022-11-03 10:22:00,1630,1630,1630,1630,0
2022-11-03 10:23:00,1630,1630,1630,1630,0
2022-11-03 10:24:00,1630,1630,1630,1630,0
2022-11-03 10:25:00,1630,1630,1630,1630,0
2022-11-03 10:26:00,1630,1630,1630,1630,0
2022-11-03 10:27:00,1630,1630,1630,1630,0
2022-11-03 10:28:00,1630,1630,1630,1630,0
2022-11-03 10:29:00,1630,1630,1630,1630,0
2022-11-03 10:30:00,1630,1630,1630,1630,0
2022-11-03 10:31:00,1630,1630,1630,1630,0
2022-11-03 10:32:00,1630,1630,1630,1630,0
2022-11-03 10:33:00,1630,1630,1630,1630,0
2022-11-03 10:34:00,1630,1630,1630,1630,0
2022-11-03 10:35:00,1630,1630,1630,1630,0
2022-11-03 10:36:00,1630,1630,1630,1630,0
2022-11-03 10:37:00,1630,1630,1630,1630,0
2022-11-03 10:38:00,1630,1630,1630,1630,0
2022-11-03 10:39:00,1630,1630,1630,1630,0
2022-11-03 10:40:00,1630,1630,1630,1630,0
2022-11-03 10:41:00,1630,1630,1630,1630,0
2022-11-03 10:42:00,1630,1630,1630,1630,0
2022-11-03 10:43:00,1630,1630,1630,1630,0
2022-11-03 10:44:00,1630,1630,1630,1630,0
2022-11-03 10:45:00,1630,1630,1630,1630,0
2022-11-03 10:46:00,1630,1630,1630,1630,0
2022-11-03 10:47:00,1630,1630,1630,1630,0
2022-11-03 10:48:00,1630,1630,1630,1630,0
2022-11-03 10:49:00,1630,1630,1630,1630,0
2022-11-03 10:50:00,1630,1630,1630,1630,0
2022-11-03 10:51:00,1630,1630,1630,1630,0
2022-11-03 10:52:00,1630,1630,1630,1630,0
2022-11-03 10:53:00,1630,1630,1630,1630,0
2022-11-03 10:54:00,1630,1630,1630,1630,0
2022-11-03 10:55:00,1630,1630,1630,1630,0
2022-11-03 10:56:00,1630,1630,1630,1630,0
2022-11-03 10:57:00,1630,1630,1630,1630,0
2022-11-03 10:58:00,1630,1630,1630,1630,0
2022-11-03 10:59:00,1630,1630,1630,1630,0
2022-11-03 11:00:00,1630,1630,1630,1630,0
2022-11-03 11:01:00,1630,1630,1630,1630,0
2022-11-03 11:02:00,1630,1630,1630,1630,0
2022-11-03 11:03:00,1630,1630,1630,1630,0
2022-11-03 11:04:00,1630,1630,1630,1630,0
2022-11-03 11:05:00,1630,1630,1630,1630,0
2022-11-03 11:06:00,1630,1630,1630,1630,0
2022-11-03 11:07:00,1630,1630,1630,1630,0
2022-11-03 11:08:00,1630,1630,1630,1630,0
2022-11-03 11:09:00,1630,1630,1630,1630,0
2022-11-03 11:10:00,1630,1630,1630,1630,0
2022-11-03 11:11:00,1630,1630,1630,1630,0
2022-11-03 11:12:00,1630,1630,1630,1630,0
2022-11-03 11:13:00,1630,1630,1630,1630,0
2022-11-03 11:14:00,1630,1630,1630,1630,0
2022-11-03 11:15:00,1630,1630,1630,1630,0
2022-11-03 11:16:00,1630,1630,1630,1630,0
2022-11-03 11:17:00,1630,1630,1630,1630,0
2022-11-03 11:18:00,1630,1630,1630,1630,0
2022-11-03 11:19:00,1630,1630,1630,1630,0
2022-11-03 11:20:00,1630,1630,1630,1630,0
2022-11-03 11:21:00,1630,1630,1630,1630,0
2022-11-03 11:22:00,1630,1630,1630,1630,0
2022-11-03 11:23:00,1630,1630,1630,1630,0
2022-11-03 11:24:00,1630,1630,1630,1630,0
2022-11-03 11:25:00,1630,1630,1630,1630,0
2022-11-03 11:26:00,1630,1630,1630,1630,0
2022-11-03 11:27:00,1630,1630,1630,1630,0
2022-11-03 11:28:00,1630,1630,1630,1630,0
2022-11-03 11:29:00,1630,1630,1630,1630,0
2022-11-03 11:30:00,1630,1630,1630,1630,0
2022-11-03 11:31:00,1630,1630,1630,1630,0
2022-11-03 11:32:00,1630,1630,1630,1630,0
2022-11-03 11:33:00,1630,1630,1630,1630,0
2022-11-03 11:34:00,1630,1630,1630,1630,0
2022-11-03 11:35:00,1630,1630,1630,1630,0
2022-11-03 11:36:00,1630,1630,1630,1630,0
2022-11-03 11:37:00,1630,1630,1630,1630,0
2022-11-03 11:38:00,1630,1630,1630,1630,0
2022-11-03 11:39:00,1630,1630,1630,1630,0
2022-11-03 11:40:00,1630,1630,1630,1630,0
2022-11-03 11:41:00,1630,1630,1630,1630,0
2022-11-03 11:42:00,1630,1630,1630,1630,0
2022-11-03 11:43:00,1630,1630,1630,1630,0
2022-11-03 11:44:00,1630,1630,1630,1630,0
2022-11-03 11:45:00,1630,1630,1630,1630,0
2022-11-03 11:46:00,1630,1630,1630,1630,0
2022-11-03 11:47:00,1630,1630,1630,1630,0
2022-11-03 11:48:00,1630,1630,1630,1630,0
2022-11-03 11:49:00,1630,1630,1630,1630,0
2022-11-03 11:50:00,1630,1630,1630,1630,0
2022-11-03 11:51:00,1630,1630,1630,1630,0
2022-11-03 11:52:00,1630,1630,1630,1630,0
2022-11-03 11:53:00,1630,1630,1630,1630,0
2022-11-03 11:54:00,1630,1630,1630,1630,0
2022-11-03 11:55:00,1630,1630,1630,1630,0
2022-11-03 11:56:00,1630,1630,1630,1630,0
2022-11-03 11:57:00,1630,1630,1630,1630,0
2022-11-03 11:58:00,1630,1630,1630,1630,0
2022-11-03 11:59:00,1630,1630,1630,1630,0
2022-11-03 12:00:00,1630,1630,1630,1630,0
2022-11-03 12:01:00,1630,1630,1630,1630,0
2022-11-03 12:02:00,1630,1630,1630,1630,0
2022-11-03 12:03:00,1630,1630,1630,1630,0
2022-11-03 12:04:00,1630,1630,1630,1630,0
2022-11-03 12:05:00,1630,1630,1630,1630,0
2022-11-03 12:06:00,1630,1630,1630,1630,0
2022-11-03 12:07:00,1630,1630,1630,1630,0
2022-11-03 12:08:00,1630,1630,1630,1630,0
2022-11-03 12:09:00,1630,1630,1630,1630,0
2022-11-03 12:10:00,1630,1630,1630,1630,0
2022-11-03 12:11:00,1630,1630,1630,1630,0
2022-11-03 12:12:00,1630,1630,1630,1630,0
2022-11-03 12:13:00,1630,1630,1630,1630,0
2022-11-03 12:14:00,1630,1630,1630,1630,0
2022-11-03 12:15:00,1630,1630,1630,1630,0
2022-11-03 12:16:00,1630,1630,1630,1630,0
2022-11-03 12:17:00,1630,1630,1630,1630,0
2022-11-03 12:18:00,1630,1630,1630,1630,0
2022-11-03 12:19:00,1630,1630,1630,1630,0
2022-11-03 12:20:00,1630,1630,1630,1630,0
2022-11-03 12:21:00,1630,1630,1630,1630,0
2022-11-03 12:22:00,1630,1630,1630,1630,0
2022-11-03 12:23:00,1630,1630,1630,1630,0
2022-11-03 12:24:00,1630,1630,1630,1630,0
2022-11-03 12:25:00,1630,1630,1630,1630,0
2022-11-03 12:26:00,1630,1630,1630,1630,0
2022-11-03 12:27:00,1630,1630,1630,1630,0
2022-11-03 12:28:00,1630,1630,1630,1630,0
2022-11-03 12:29:00,1630,1630,1630,1630,0
2022-11-03 12:30:00,1630,1630,1630,1630,0
2022-11-03 12:31:00,1630,1630,1630,1630,0
2022-11-03 12:32:00,1630,1630,1630,1630,0
2022-11-03 12:33:00,1630,1630,1630,1630,0
2022-11-03 12:34:00,1630,1630,1630,1630,0
2022-11-03 12:35:00,1630,1630,1630,1630,0
2022-11-03 12:36:00,1630,1630,1630,1630,0
2022-11-03 12:37:00,1630,1630,1630,1630,0
2022-11-03 12:38:00,1630,1630,1630,1630,0
2022-11-03 12:39:00,1630,1630,1630,1630,0
2022-11-03 12:40:00,1630,1630,1630,1630,0
2022-11-03 12:41:00,1630,1630,1630,1630,0
2022-11-03 12:42:00,1630,1630,1630,1630,0
2022-11-03 12:43:00,1630,1630,1630,1630,0
2022-11-03 12:44:00,1630,1630,1630,1630,0
2022-11-03 12:45:00,1630,1630,1630,1630,0
2022-11-03 12:46:00,1630,1630,1630,1630,0
2022-11-03 12:47:00,1630,1630,1630,1630,0
2022-11-03 12:48:00,1630,1630,1630,1630,0
2022-11-03 12:49:00,1630,1630,1630,1630,0
2022-11-03 12:50:00,1630,1630,1630,1630,0
2022-11-03 12:51:00,1630,1630,1630,1630,0
2022-11-03 12:52:00,1630,1630,1630,1630,0
2022-11-03 12:53:00,1630,1630,1630,1630,0
2022-11-03 12:54:00,1630,1630,1630,1630,0
2022-11-03 12:55:00,1630,1630,1630,1630,0
2022-11-03 12:56:00,1630,1630,1630,1630,0
2022-11-03 12:57:00,1630,1630,1630,1630,0
2022-11-03 12:58:00,1630,1630,1630,1630,0
2022-11-03 12:59:00,1630,1630,1630,1630,0
2022-11-03 13:00:00,1630,1630,1630,1630,0
2022-11-03 13:01:00,1630,1630,1630,1630,0
2022-11-03 13:02:00,1630,1630,1630,1630,0
2022-11-03 13:03:00,1630,1630,1630,1630,0
2022-11-03 13:04:00,1630,1630,1630,1630,0
2022-11-03 13:05:00,1630,1630,1630,1630,0
2022-11-03 13:06:00,1630,1630,1630,1630,0
2022-11-03 13:07:00,1630,1630,1630,1630,0
2022-11-03 13:08:00,1630,1630,1630,1630,0
2022-11-03 13:09:00,1630,1630,1630,1630,0
2022-11-03 13:10:00,1630,1630,1630,1630,0
2022-11-03 13:11:00,1630,1630,1630,1630,0
2022-11-03 13:12:00,1630,1630,1630,1630,0
2022-11-03 13:13:00,1630,1630,1630,1630,0
2022-11-03 13:14:00,1630,1630,1630,1630,0
2022-11-03 13:15:00,1630,1630,1630,1630,0
2022-11-03 13:16:00,1630,1630,1630,1630,0
2022-11-03 13:17:00,1630,1630,1630,1630,0
2022-11-03 13:18:00,1630,1630,1630,1630,0
2022-11-03 13:19:00,1630,1630,1630,1630,0
2022-11-03 13:20:00,1630,1630,1630,1630,0
2022-11-03 13:21:00,1630,1630,1630,1630,0
2022-11-03 13:22:00,1630,1630,1630,1630,0
2022-11-03 13:23:00,1630,1630,1630,1630,0
2022-11-03 13:24:00,1630,1630,1630,1630,0
2022-11-03 13:25:00,1630,1630,1630,1630,0
2022-11-03 13:26:00,1630,1630,1630,1630,0
2022-11-03 13:27:00,1630,1630,1630,1630,0
2022-11-03 13:28:00,1630,1630,1630,1630,0
2022-11-03 13:29:00,1630,1630,1630,1630,0
2022-11-03 13:30:00,1630,1630,1630,1630,0
2022-11-03 13:31:00,1630,1630,1630,1630,0
2022-11-03 13:32:00,1630,1630,1630,1630,0
2022-11-03 13:33:00,1630,1630,1630,1630,0
2022-11-03 13:34:00,1630,1630,1630,1630,0
2022-11-03 13:35:00,1630,1630,1630,1630,0
2022-11-03 13:36:00,1630,1630,1630,1630,0
2022-11-03 13:37:00,1630,1630,1630,1630,0
2022-11-03 13:38:00,1630,1630,1630,1630,0
2022-11-03 13:39:00,1630,1630,1630,1630,0
2022-11-03 13:40:00,1630,1630,1630,1630,0
2022-11-03 13:41:00,1630,1630,1630,1630,0
2022-11-03 13:42:00,1630,1630,1630,1630,0
2022-11-03 13:43:00,1630,1630,1630,1630,0
2022-11-03 13:44:00,1630,1630,1630,1630,0
2022-11-03 13:45:00,1630,1630,1630,1630,0
2022-11-03 13:46:00,1630,1630,1630,1630,0
2022-11-03 13:47:00,1630,1630,1630,1630,0
2022-11-03 13:48:00,1630,1630,1630,1630,0
2022-11-03 13:49:00,1630,1630,1630,1630,0
2022-11-03 13:50:00,1630,1630,1630,1630,0
2022-11-03 13:51:00,1630,1630,1630,1630,0
2022-11-03 13:52:00,1630,1630,1630,1630,0
2022-11-03 13:53:00,1630,1630,1630,1630,0
2022-11-03 13:54:00,1630,1630,1630,1630,0
2022-11-03 13:55:00,1630,1630,1630,1630,0
2022-11-03 13:56:00,1630,1630,1630,1630,0
2022-11-03 13:57:00,1630,1630,1630,1630,0
2022-11-03 13:58:00,1630,1630,1630,1630,0
2022-11-03 13:59:00,1630,1630,1630,1630,0
2022-11-03 14:00:00,1630,1630,1630,1630,0
2022-11-03 14:01:00,1630,1630,1630,1630,0
2022-11-03 14:02:00,1630,1630,1630,1630,0
2022-11-03 14:03:00,1630,1630,1630,1630,0
2022-11-03 14:04:00,1630,1630,1630,1630,0
2022-11-03 14:05:00,1630,1630,1630,1630,0
2022-11-03 14:06:00,1630,1630,1630,1630,0
2022-11-03 14:07:00,1630,1630,1630,1630,0
2022-11-03 14:08:00,1630,1630,1630,1630,0
2022-11-03 14:09:00,1630,1630,1630,1630,0
2022-11-03 14:10:00,1630,1630,1630,1630,0
2022-11-03 14:11:00,1630,1630,1630,1630,0
2022-11-03 14:12:00,1630,1630,1630,1630,0
2022-11-03 14:13:00,1630,1630,1630,1630,0
2022-11-03 14:14:00,1630,1630,1630,1630,0
2022-11-03 14:15:00,1630,1630,1630,1630,0
2022-11-03 14:16:00,1630,1630,1630,1630,0
2022-11-03 14:17:00,1630,1630,1630,1630,0
2022-11-03 14:18:00,1630,1630,1630,1630,0
2022-11-03 14:19:00,1630,1630,1630,1630,0
2022-11-03 14:20:00,1630,1630,1630,1630,0
2022-11-03 14:21:00,1630,1630,1630,1630,0
2022-11-03 14:22:00,1630,1630,1630,1630,200
2022-11-03 14:23:00,1630,1630,1630,1630,0
2022-11-03 14:24:00,1630,1630,1630,1630,0
2022-11-03 14:25:00,1630,1630,1630,1630,0
2022-11-03 14:26:00,1630,1630,1630,1630,0
2022-11-03 14:27:00,1630,1630,1630,1630,0
2022-11-03 14:28:00,1630,1630,1630,1630,0
2022-11-03 14:29:00,1630,1630,1630,1630,0
2022-11-03 14:30:00,1630,1630,1630,1630,0
2022-11-03 14:31:00,1630,1630,1630,1630,0
2022-11-03 14:32:00,1630,1630,1630,1630,0
2022-11-03 14:33:00,1630,1630,1630,1630,0
2022-11-03 14:34:00,1630,1630,1630,1630,0
2022-11-03 14:35:00,1630,1630,1630,1630,0
2022-11-03 14:36:00,1630,1630,1630,1630,0
2022-11-03 14:37:00,1630,1630,1630,1630,0
2022-11-03 14:38:00,1630,1630,1630,1630,0
2022-11-03 14:39:00,1630,1630,1630,1630,0
2022-11-03 14:40:00,1630,1630,1630,1630,0
2022-11-03 14:41:00,1630,1630,1630,1630,0
2022-11-03 14:42:00,1630,1630,1630,1630,0
2022-11-03 14:43:00,1630,1630,1630,1630,0
2022-11-03 14:44:00,1630,1630,1630,1630,0
2022-11-03 14:45:00,1630,1630,1630,1630,0
2022-11-03 14:46:00,1630,1630,1630,1630,0
2022-11-03 14:47:00,1630,1630,1630,1630,0
2022-11-03 14:48:00,1630,1630,1630,1630,0
2022-11-03 14:49:00,1630,1630,1630,1630,0
2022-11-03 14:50:00,1630,1630,1630,1630,0
2022-11-03 14:51:00,1630,1630,1630,1630,0
2022-11-03 14:52:00,1630,1630,1630,1630,0
2022-11-03 14:53:00,1630,1630,1630,1630,0
2022-11-03 14:54:00,1630,1630,1630,1630,0
2022-11-03 14:55:00,1630,1630,1630,1630,0
2022-11-03 14:56:00,1630,1630,1630,1630,0
2022-11-03 14:57:00,1630,1630,1630,1630,0
2022-11-03 14:58:00,1630,1630,1630,1630,0
2022-11-03 14:59:00,1630,1630,1630,1630,0
2022-11-03 15:00:00,1630,1630,1630,1630,0
2022-11-03 15:01:00,1630,1630,1630,1630,0
2022-11-03 15:02:00,1630,1630,1630,1630,0
2022-11-03 15:03:00,1630,1630,1630,1630,0
2022-11-03 15:04:00,1630,1630,1630,1630,0
2022-11-03 15:05:00,1630,1630,1630,1630,0
2022-11-03 15:06:00,1630,1630,1630,1630,0
2022-11-03 15:07:00,1630,1630,1630,1630,0
2022-11-03 15:08:00,1630,1630,1630,1630,0
2022-11-03 15:09:00,1630,1630,1630,1630,0
2022-11-03 15:10:00,1630,1630,1630,1630,0
2022-11-03 15:11:00,1630,1630,1630,1630,0
2022-11-03 15:12:00,1630,1630,1630,1630,0
2022-11-03 15:13:00,1630,1630,1630,1630,0
2022-11-03 15:14:00,1630,1630,1630,1630,0
2022-11-03 15:15:00,1630,1630,1630,1630,0
2022-11-03 15:16:00,1630,1630,1630,1630,0
2022-11-03 15:17:00,1630,1630,1630,1630,0
2022-11-03 15:18:00,1630,1630,1630,1630,0
2022-11-03 15:19:00,1630,1630,1630,1630,0
2022-11-03 15:20:00,1630,1630,1630,1630,0
2022-11-03 15:21:00,1630,1630,1630,1630,0
2022-11-03 15:22:00,1630,1630,1630,1630,0
2022-11-03 15:23:00,1630,1630,1630,1630,0
2022-11-03 15:24:00,1630,1630,1630,1630,0
2022-11-03 15:25:00,1630,1630,1630,1630,0
2022-11-03 15:26:00,1630,1630,1630,1630,0
2022-11-03 15:27:00,1630,1630,1630,1630,0
2022-11-03 15:28:00,1630,1630,1630,1630,0
2022-11-03 15:29:00,1630,1630,1630,1630,0
2022-11-03 15:30:00,1630,1630,1630,1630,0
2022-11-03 15:31:00,1630,1630,1630,1630,0
2022-11-03 15:32:00,1630,1630,1630,1630,0
2022-11-03 15:33:00,1630,1630,1630,1630,0
2022-11-03 15:34:00,1630,1630,1630,1630,0
2022-11-03 15:35:00,1630,1630,1630,1630,0
2022-11-03 15:36:00,1630,1630,1630,1630,0
2022-11-03 15:37:00,1630,1630,1630,1630,0
2022-11-03 15:38:00,1630,1630,1630,1630,0
2022-11-03 15:39:00,1630,1630,1630,1630,0
2022-11-03 15:40:00,1630,1630,1630,1630,0
2022-11-03 15:41:00,1630,1630,1630,1630,0
2022-11-03 15:42:00,1630,1630,1630,1630,0
2022-11-03 15:43:00,1630,1630,1630,1630,0
2022-11-03 15:44:00,1630,1630,1630,1630,0
2022-11-03 15:45:00,1630,1630,1630,1630,0
2022-11-03 15:46:00,1630,1630,1630,1630,0
2022-11-03 15:47:00,1630,1630,1630,1630,0
2022-11-03 15:48:00,1630,1630,1630,1630,0
2022-11-03 15:49:00,1630,1630,1630,1630,0
2022-11-03 15:50:00,1630,1630,1630,1630,0
2022-11-03 15:51:00,1630,1630,1630,1630,0
2022-11-03 15:52:00,1630,1630,1630,1630,0
2022-11-03 15:53:00,1630,1630,1630,1630,0
2022-11-03 15:54:00,1630,1630,1630,1630,0
2022-11-03 15:55:00,1630,1630,1630,1630,0
2022-11-03 15:56:00,1630,1630,1630,1630,0
2022-11-03 15:57:00,1630,1630,1630,1630,0
2022-11-03 15:58:00,1630,1630,1630,1630,0
2022-11-03 15:59:00,1630,1630,1630,1630,0
2022-11-04 09:00:00,1630,1630,1630,1630,0
2022-11-04 09:01:00,1630,1630,1630,1630,0
2022-11-04 09:02:00,1630,1630,1630,1630,0
2022-11-04 09:03:00,1630,1630,1630,1630,0
2022-11-04 09:04:00,1630,1630,1630,1630,0
2022-11-04 09:05:00,1630,1630,1630,1630,0
2022-11-04 09:06:00,1630,1630,1630,1630,0
2022-11-04 09:07:00,1630,1630,1630,1630,0
2022-11-04 09:08:00,1630,1630,1630,1630,0
2022-11-04 09:09:00,1630,1630,1630,1630,0
2022-11-04 09:10:00,1630,1630,1630,1630,0
2022-11-04 09:11:00,1630,1630,1630,1630,0
2022-11-04 09:12:00,1630,1630,1630,1630,0
2022-11-04 09:13:00,1630,1630,1630,1630,0
2022-11-04 09:14:00,1630,1630,1630,1630,0
2022-11-04 09:15:00,1630,1630,1630,1630,0
2022-11-04 09:16:00,1630,1630,1630,1630,0
2022-11-04 09:17:00,1630,1630,1630,1630,0
2022-11-04 09:18:00,1630,1630,1630,1630,0
2022-11-04 09:19:00,1630,1630,1630,1630,0
2022-11-04 09:20:00,1630,1630,1630,1630,0
2022-11-04 09:21:00,1630,1630,1630,1630,0
2022-11-04 09:22:00,1630,1630,1630,1630,0
2022-11-04 09:23:00,1630,1630,1630,1630,0
2022-11-04 09:24:00,1630,1630,1630,1630,0
2022-11-04 09:25:00,1630,1630,1630,1630,0
2022-11-04 09:26:00,1630,1630,1630,1630,0
2022-11-04 09:27:00,1630,1630,1630,1630,0
2022-11-04 09:28:00,1630,1630,1630,1630,0
2022-11-04 09:29:00,1630,1630,1630,1630,0
2022-11-04 09:30:00,1630,1630,1630,1630,0
2022-11-04 09:31:00,1630,1630,1630,1630,0
2022-11-04 09:32:00,1630,1630,1630,1630,0
2022-11-04 09:33:00,1630,1630,1630,1630,0
2022-11-04 09:34:00,1630,1630,1630,1630,0
2022-11-04 09:35:00,1630,1630,1630,1630,0
2022-11-04 09:36:00,1630,1630,1630,1630,0
2022-11-04 09:37:00,1630,1630,1630,1630,0
2022-11-04 09:38:00,1630,1630,1630,1630,0
2022-11-04 09:39:00,1630,1630,1630,1630,0
2022-11-04 09:40:00,1630,1630,1630,1630,0
2022-11-04 09:41:00,1630,1630,1630,1630,0
2022-11-04 09:42:00,1630,1630,1630,1630,0
2022-11-04 09:43:00,1630,1630,1630,1630,0
2022-11-04 09:44:00,1630,1630,1630,1630,0
2022-11-04 09:45:00,1630,1630,1630,1630,0
2022-11-04 09:46:00,1630,1630,1630,1630,0
2022-11-04 09:47:00,1630,1630,1630,1630,0
2022-11-04 09:48:00,1630,1630,1630,1630,0
2022-11-04 09:49:00,1630,1630,1630,1630,0
2022-11-04 09:50:00,1630,1630,1630,1630,0
2022-11-04 09:51:00,1630,1630,1630,1630,0
2022-11-04 09:52:00,1630,1630,1630,1630,0
2022-11-04 09:53:00,1630,1630,1630,1630,0
2022-11-04 09:54:00,1630,1630,1630,1630,0
2022-11-04 09:55:00,1630,1630,1630,1630,0
2022-11-04 09:56:00,1630,1630,1630,1630,0
2022-11-04 09:57:00,1630,1630,1630,1630,0
2022-11-04 09:58:00,1630,1630,1630,1630,0
2022-11-04 09:59:00,1630,1630,1630,1630,0
2022-11-04 10:00:00,1625,1625,1625,1625,0
2022-11-04 10:01:00,1625,1625,1625,1625,0
2022-11-04 10:02:00,1625,1625,1625,1625,0
2022-11-04 10:03:00,1625,1625,1625,1625,0
2022-11-04 10:04:00,1625,1625,1625,1625,0
2022-11-04 10:05:00,1625,1625,1625,1625,0
2022-11-04 10:06:00,1625,1625,1625,1625,0
2022-11-04 10:07:00,1625,1625,1625,1625,0
2022-11-04 10:08:00,1625,1625,1625,1625,0
2022-11-04 10:09:00,1625,1625,1625,1625,0
2022-11-04 10:10:00,1625,1625,1625,1625,0
2022-11-04 10:11:00,1625,1625,1625,1625,0
2022-11-04 10:12:00,1625,1625,1625,1625,0
2022-11-04 10:13:00,1625,1625,1625,1625,0
2022-11-04 10:14:00,1625,1625,1625,1625,0
2022-11-04 10:15:00,1625,1625,1625,1625,0
2022-11-04 10:16:00,1625,1625,1625,1625,0
2022-11-04 10:17:00,1625,1625,1625,1625,0
2022-11-04 10:18:00,1625,1625,1625,1625,0
2022-11-04 10:19:00,1625,1625,1625,1625,0
2022-11-04 10:20:00,1625,1625,1625,1625,0
2022-11-04 10:21:00,1625,1625,1625,1625,0
2022-11-04 10:22:00,1625,1625,1625,1625,0
2022-11-04 10:23:00,1625,1625,1625,1625,0
2022-11-04 10:24:00,1625,1625,1625,1625,0
2022-11-04 10:25:00,1625,1625,1625,1625,0
2022-11-04 10:26:00,1625,1625,1625,1625,0
2022-11-04 10:27:00,1625,1625,1625,1625,0
2022-11-04 10:28:00,1625,1625,1625,1625,0
2022-11-04 10:29:00,1625,1625,1625,1625,0
2022-11-04 10:30:00,1625,1625,1625,1625,0
2022-11-04 10:31:00,1625,1625,1625,1625,0
2022-11-04 10:32:00,1625,1625,1625,1625,0
2022-11-04 10:33:00,1625,1625,1625,1625,0
2022-11-04 10:34:00,1625,1625,1625,1625,0
2022-11-04 10:35:00,1625,1625,1625,1625,0
2022-11-04 10:36:00,1625,1625,1625,1625,0
2022-11-04 10:37:00,1625,1625,1625,1625,0
2022-11-04 10:38:00,1625,1625,1625,1625,0
2022-11-04 10:39:00,1625,1625,1625,1625,0
2022-11-04 10:40:00,1625,1625,1625,1625,0
2022-11-04 10:41:00,1625,1625,1625,1625,0
2022-11-04 10:42:00,1625,1625,1625,1625,0
2022-11-04 10:43:00,1625,1625,1625,1625,0
2022-11-04 10:44:00,1625,1625,1625,1625,0
2022-11-04 10:45:00,1625,1625,1625,1625,0
2022-11-04 10:46:00,1625,1625,1625,1625,0
2022-11-04 10:47:00,1625,1625,1625,1625,0
2022-11-04 10:48:00,1625,1625,1625,1625,0
2022-11-04 10:49:00,1625,1625,1625,1625,0
2022-11-04 10:50:00,1625,1625,1625,1625,0
2022-11-04 10:51:00,1625,1625,1625,1625,0
2022-11-04 10:52:00,1625,1625,1625,1625,0
2022-11-04 10:53:00,1625,1625,1625,1625,0
2022-11-04 10:54:00,1625,1625,1625,1625,0
2022-11-04 10:55:00,1625,1625,1625,1625,0
2022-11-04 10:56:00,1625,1625,1625,1625,0
2022-11-04 10:57:00,1625,1625,1625,1625,0
2022-11-04 10:58:00,1625,1625,1625,1625,0
2022-11-04 10:59:00,1625,1625,1625,1625,0
2022-11-04 11:00:00,1625,1625,1625,1625,0
2022-11-04 11:01:00,1625,1625,1625,1625,0
2022-11-04 11:02:00,1625,1625,1625,1625,0
2022-11-04 11:03:00,1625,1625,1625,1625,0
2022-11-04 11:04:00,1625,1625,1625,1625,0
2022-11-04 11:05:00,1625,1625,1625,1625,0
2022-11-04 11:06:00,1625,1625,1625,1625,0
2022-11-04 11:07:00,1625,1625,1625,1625,0
2022-11-04 11:08:00,1625,1625,1625,1625,0
2022-11-04 11:09:00,1625,1625,1625,1625,0
2022-11-04 11:10:00,1625,1625,1625,1625,0
2022-11-04 11:11:00,1625,1625,1625,1625,0
2022-11-04 11:12:00,1625,1625,1625,1625,0
2022-11-04 11:13:00,1625,1625,1625,1625,0
2022-11-04 11:14:00,1625,1625,1625,1625,0
2022-11-04 11:15:00,1625,1625,1625,1625,0
2022-11-04 11:16:00,1625,1625,1625,1625,0
2022-11-04 11:17:00,1625,1625,1625,1625,0
2022-11-04 11:18:00,1625,1625,1625,1625,0
2022-11-04 11:19:00,1625,1625,1625,1625,0
2022-11-04 11:20:00,1625,1625,1625,1625,0
2022-11-04 11:21:00,1625,1625,1625,1625,0
2022-11-04 11:22:00,1625,1625,1625,1625,0
2022-11-04 11:23:00,1625,1625,1625,1625,0
2022-11-04 11:24:00,1625,1625,1625,1625,0
2022-11-04 11:25:00,1625,1625,1625,1625,0
2022-11-04 11:26:00,1625,1625,1625,1625,0
2022-11-04 11:27:00,1625,1625,1625,1625,0
2022-11-04 11:28:00,1625,1625,1625,1625,0
2022-11-04 11:29:00,1625,1625,1625,1625,0
2022-11-04 11:30:00,1625,1625,1625,1625,0
2022-11-04 11:31:00,1625,1625,1625,1625,0
2022-11-04 11:32:00,1625,1625,1625,1625,0
2022-11-04 11:33:00,1625,1625,1625,1625,0
2022-11-04 11:34:00,1625,1625,1625,1625,0
2022-11-04 11:35:00,1625,1625,1625,1625,0
2022-11-04 11:36:00,1625,1625,1625,1625,0
2022-11-04 11:37:00,1625,1625,1625,1625,0
2022-11-04 11:38:00,1625,1625,1625,1625,0
2022-11-04 11:39:00,1625,1625,1625,1625,0
2022-11-04 11:40:00,1625,1625,1625,1625,0
2022-11-04 11:41:00,1625,1625,1625,1625,0
2022-11-04 11:42:00,1625,1625,1625,1625,0
2022-11-04 11:43:00,1625,1625,1625,1625,0
2022-11-04 11:44:00,1625,1625,1625,1625,0
2022-11-04 11:45:00,1625,1625,1625,1625,0
2022-11-04 11:46:00,1625,1625,1625,1625,0
2022-11-04 11:47:00,1625,1625,1625,1625,0
2022-11-04 11:48:00,1625,1625,1625,1625,0
2022-11-04 11:49:00,1625,1625,1625,1625,0
2022-11-04 11:50:00,1625,1625,1625,1625,0
2022-11-04 11:51:00,1625,1625,1625,1625,0
2022-11-04 11:52:00,1625,1625,1625,1625,0
2022-11-04 11:53:00,1625,1625,1625,1625,0
2022-11-04 11:54:00,1625,1625,1625,1625,0
2022-11-04 11:55:00,1625,1625,1625,1625,0
2022-11-04 11:56:00,1625,1625,1625,1625,0
2022-11-04 11:57:00,1625,1625,1625,1625,0
2022-11-04 11:58:00,1625,1625,1625,1625,0
2022-11-04 11:59:00,1625,1625,1625,1625,0
2022-11-04 12:00:00,1625,1625,1625,1625,0
2022-11-04 12:01:00,1625,1625,1625,1625,0
2022-11-04 12:02:00,1625,1625,1625,1625,0
2022-11-04 12:03:00,1625,1625,1625,1625,0
2022-11-04 12:04:00,1625,1625,1625,1625,0
2022-11-04 12:05:00,1625,1625,1625,1625,0
2022-11-04 12:06:00,1625,1625,1625,1625,0
2022-11-04 12:07:00,1625,1625,1625,1625,0
2022-11-04 12:08:00,1625,1625,1625,1625,0
2022-11-04 12:09:00,1625,1625,1625,1625,0
2022-11-04 12:10:00,1625,1625,1625,1625,0
2022-11-04 12:11:00,1625,1625,1625,1625,0
2022-11-04 12:12:00,1625,1625,1625,1625,0
2022-11-04 12:13:00,1625,1625,1625,1625,0
2022-11-04 12:14:00,1625,1625,1625,1625,0
2022-11-04 12:15:00,1625,1625,1625,1625,0
2022-11-04 12:16:00,1625,1625,1625,1625,0
2022-11-04 12:17:00,1625,1625,1625,1625,0
2022-11-04 12:18:00,1625,1625,1625,1625,0
2022-11-04 12:19:00,1625,1625,1625,1625,0
2022-11-04 12:20:00,1625,1625,1625,1625,0
2022-11-04 12:21:00,1625,1625,1625,1625,0
2022-11-04 12:22:00,1625,1625,1625,1625,0
2022-11-04 12:23:00,1625,1625,1625,1625,0
2022-11-04 12:24:00,1625,1625,1625,1625,0
2022-11-04 12:25:00,1625,1625,1625,1625,0
2022-11-04 12:26:00,1625,1625,1625,1625,0
2022-11-04 12:27:00,1625,1625,1625,1625,0
2022-11-04 12:28:00,1625,1625,1625,1625,0
2022-11-04 12:29:00,1625,1625,1625,1625,0
2022-11-04 12:30:00,1625,1625,1625,1625,0
2022-11-04 12:31:00,1625,1625,1625,1625,0
2022-11-04 12:32:00,1625,1625,1625,1625,0
2022-11-04 12:33:00,1625,1625,1625,1625,0
2022-11-04 12:34:00,1625,1625,1625,1625,0
2022-11-04 12:35:00,1625,1625,1625,1625,0
2022-11-04 12:36:00,1625,1625,1625,1625,0
2022-11-04 12:37:00,1625,1625,1625,1625,0
2022-11-04 12:38:00,1625,1625,1625,1625,0
2022-11-04 12:39:00,1625,1625,1625,1625,0
2022-11-04 12:40:00,1625,1625,1625,1625,0
2022-11-04 12:41:00,1625,1625,1625,1625,0
2022-11-04 12:42:00,1625,1625,1625,1625,0
2022-11-04 12:43:00,1625,1625,1625,1625,0
2022-11-04 12:44:00,1625,1625,1625,1625,0
2022-11-04 12:45:00,1625,1625,1625,1625,0
2022-11-04 12:46:00,1625,1625,1625,1625,0
2022-11-04 12:47:00,1625,1625,1625,1625,0
2022-11-04 12:48:00,1625,1625,1625,1625,0
2022-11-04 12:49:00,1625,1625,1625,1625,0
2022-11-04 12:50:00,1625,1625,1625,1625,0
2022-11-04 12:51:00,1625,1625,1625,1625,0
2022-11-04 12:52:00,1625,1625,1625,1625,0
2022-11-04 12:53:00,1625,1625,1625,1625,0
2022-11-04 12:54:00,1625,1625,1625,1625,0
2022-11-04 12:55:00,1625,1625,1625,1625,0
2022-11-04 12:56:00,1625,1625,1625,1625,0
2022-11-04 12:57:00,1625,1625,1625,1625,0
2022-11-04 12:58:00,1625,1625,1625,1625,0
2022-11-04 12:59:00,1625,1625,1625,1625,0
2022-11-04 13:00:00,1625,1625,1625,1625,0
2022-11-04 13:01:00,1625,1625,1625,1625,0
2022-11-04 13:02:00,1625,1625,1625,1625,0
2022-11-04 13:03:00,1625,1625,1625,1625,0
2022-11-04 13:04:00,1625,1625,1625,1625,0
2022-11-04 13:05:00,1625,1625,1625,1625,0
2022-11-04 13:06:00,1625,1625,1625,1625,0
2022-11-04 13:07:00,1625,1625,1625,1625,0
2022-11-04 13:08:00,1625,1625,1625,1625,0
2022-11-04 13:09:00,1625,1625,1625,1625,0
2022-11-04 13:10:00,1625,1625,1625,1625,0
2022-11-04 13:11:00,1625,1625,1625,1625,0
2022-11-04 13:12:00,1625,1625,1625,1625,0
2022-11-04 13:13:00,1625,1625,1625,1625,0
2022-11-04 13:14:00,1625,1625,1625,1625,0
2022-11-04 13:15:00,1625,1625,1625,1625,0
2022-11-04 13:16:00,1625,1625,1625,1625,0
2022-11-04 13:17:00,1625,1625,1625,1625,0
2022-11-04 13:18:00,1625,1625,1625,1625,0
2022-11-04 13:19:00,1625,1625,1625,1625,0
2022-11-04 13:20:00,1625,1625,1625,1625,0
2022-11-04 13:21:00,1625,1625,1625,1625,0
2022-11-04 13:22:00,1625,1625,1625,1625,0
2022-11-04 13:23:00,1625,1625,1625,1625,0
2022-11-04 13:24:00,1625,1625,1625,1625,0
2022-11-04 13:25:00,1625,1625,1625,1625,0
2022-11-04 13:26:00,1625,1625,1625,1625,0
2022-11-04 13:27:00,1625,1625,1625,1625,0
2022-11-04 13:28:00,1625,1625,1625,1625,0
2022-11-04 13:29:00,1625,1625,1625,1625,0
2022-11-04 13:30:00,1625,1625,1625,1625,0
2022-11-04 13:31:00,1625,1625,1625,1625,0
2022-11-04 13:32:00,1625,1625,1625,1625,0
2022-11-04 13:33:00,1625,1625,1625,1625,0
2022-11-04 13:34:00,1625,1625,1625,1625,0
2022-11-04 13:35:00,1625,1625,1625,1625,0
2022-11-04 13:36:00,1625,1625,1625,1625,0
2022-11-04 13:37:00,1625,1625,1625,1625,0
2022-11-04 13:38:00,1625,1625,1625,1625,0
2022-11-04 13:39:00,1625,1625,1625,1625,0
2022-11-04 13:40:00,1625,1625,1625,1625,0
2022-11-04 13:41:00,1625,1625,1625,1625,0
2022-11-04 13:42:00,1625,1625,1625,1625,0
2022-11-04 13:43:00,1625,1625,1625,1625,0
2022-11-04 13:44:00,1625,1625,1625,1625,0
2022-11-04 13:45:00,1625,1625,1625,1625,0
2022-11-04 13:46:00,1625,1625,1625,1625,0
2022-11-04 13:47:00,1625,1625,1625,1625,0
2022-11-04 13:48:00,1625,1625,1625,1625,0
2022-11-04 13:49:00,1625,1625,1625,1625,0
2022-11-04 13:50:00,1625,1625,1625,1625,0
2022-11-04 13:51:00,1625,1625,1625,1625,0
2022-11-04 13:52:00,1625,1625,1625,1625,0
2022-11-04 13:53:00,1625,1625,1625,1625,0
2022-11-04 13:54:00,1625,1625,1625,1625,0
2022-11-04 13:55:00,1625,1625,1625,1625,0
2022-11-04 13:56:00,1625,1625,1625,1625,0
2022-11-04 13:57:00,1625,1625,1625,1625,0
2022-11-04 13:58:00,1625,1625,1625,1625,0
2022-11-04 13:59:00,1625,1625,1625,1625,0
2022-11-04 14:00:00,1625,1625,1625,1625,0
2022-11-04 14:01:00,1625,1625,1625,1625,0
2022-11-04 14:02:00,1625,1625,1625,1625,0
2022-11-04 14:03:00,1625,1625,1625,1625,0
2022-11-04 14:04:00,1625,1625,1625,1625,0
2022-11-04 14:05:00,1625,1625,1625,1625,0
2022-11-04 14:06:00,1625,1625,1625,1625,0
2022-11-04 14:07:00,1625,1625,1625,1625,0
2022-11-04 14:08:00,1625,1625,1625,1625,0
2022-11-04 14:09:00,1625,1625,1625,1625,0
2022-11-04 14:10:00,1625,1625,1625,1625,0
2022-11-04 14:11:00,1625,1625,1625,1625,0
2022-11-04 14:12:00,1625,1625,1625,1625,0
2022-11-04 14:13:00,1625,1625,1625,1625,0
2022-11-04 14:14:00,1625,1625,1625,1625,0
2022-11-04 14:15:00,1625,1625,1625,1625,0
2022-11-04 14:16:00,1625,1625,1625,1625,0
2022-11-04 14:17:00,1625,1625,1625,1625,0
2022-11-04 14:18:00,1625,1625,1625,1625,0
2022-11-04 14:19:00,1625,1625,1625,1625,0
2022-11-04 14:20:00,1625,1625,1625,1625,0
2022-11-04 14:21:00,1625,1625,1625,1625,0
2022-11-04 14:22:00,1625,1625,1625,1625,0
2022-11-04 14:23:00,1625,1625,1625,1625,0
2022-11-04 14:24:00,1625,1625,1625,1625,0
2022-11-04 14:25:00,1625,1625,1625,1625,0
2022-11-04 14:26:00,1625,1625,1625,1625,0
2022-11-04 14:27:00,1625,1625,1625,1625,0
2022-11-04 14:28:00,1625,1625,1625,1625,0
2022-11-04 14:29:00,1625,1625,1625,1625,0
2022-11-04 14:30:00,1625,1625,1625,1625,0
2022-11-04 14:31:00,1625,1625,1625,1625,0
2022-11-04 14:32:00,1625,1625,1625,1625,0
2022-11-04 14:33:00,1625,1625,1625,1625,0
2022-11-04 14:34:00,1625,1625,1625,1625,0
2022-11-04 14:35:00,1625,1625,1625,1625,0
2022-11-04 14:36:00,1625,1625,1625,1625,0
2022-11-04 14:37:00,1625,1625,1625,1625,0
2022-11-04 14:38:00,1625,1625,1625,1625,0
2022-11-04 14:39:00,1625,1625,1625,1625,0
2022-11-04 14:40:00,1625,1625,1625,1625,0
2022-11-04 14:41:00,1625,1625,1625,1625,0
2022-11-04 14:42:00,1625,1625,1625,1625,0
2022-11-04 14:43:00,1625,1625,1625,1625,0
2022-11-04 14:44:00,1625,1625,1625,1625,0
2022-11-04 14:45:00,1625,1625,1625,1625,0
2022-11-04 14:46:00,1625,1625,1625,1625,0
2022-11-04 14:47:00,1625,1625,1625,1625,0
2022-11-04 14:48:00,1625,1625,1625,1625,0
2022-11-04 14:49:00,1625,1625,1625,1625,0
2022-11-04 14:50:00,1625,1625,1625,1625,0
2022-11-04 14:51:00,1625,1625,1625,1625,0
2022-11-04 14:52:00,1625,1625,1625,1625,0
2022-11-04 14:53:00,1625,1625,1625,1625,0
2022-11-04 14:54:00,1625,1625,1625,1625,0
2022-11-04 14:55:00,1625,1625,1625,1625,0
2022-11-04 14:56:00,1625,1625,1625,1625,0
2022-11-04 14:57:00,1625,1625,1625,1625,0
2022-11-04 14:58:00,1625,1625,1625,1625,0
2022-11-04 14:59:00,1625,1625,1625,1625,0
2022-11-04 15:00:00,1625,1625,1625,1625,0
2022-11-04 15:01:00,1625,1625,1625,1625,0
2022-11-04 15:02:00,1625,1625,1625,1625,0
2022-11-04 15:03:00,1625,1625,1625,1625,0
2022-11-04 15:04:00,1625,1625,1625,1625,0
2022-11-04 15:05:00,1625,1625,1625,1625,0
2022-11-04 15:06:00,1625,1625,1625,1625,0
2022-11-04 15:07:00,1625,1625,1625,1625,0
2022-11-04 15:08:00,1625,1625,1625,1625,0
2022-11-04 15:09:00,1625,1625,1625,1625,0
2022-11-04 15:10:00,1625,1625,1625,1625,0
2022-11-04 15:11:00,1625,1625,1625,1625,0
2022-11-04 15:12:00,1625,1625,1625,1625,0
2022-11-04 15:13:00,1625,1625,1625,1625,0
2022-11-04 15:14:00,1625,1625,1625,1625,0
2022-11-04 15:15:00,1625,1625,1625,1625,0
2022-11-04 15:16:00,1625,1625,1625,1625,0
2022-11-04 15:17:00,1625,1625,1625,1625,0
2022-11-04 15:18:00,1625,1625,1625,1625,0
2022-11-04 15:19:00,1625,1625,1625,1625,0
2022-11-04 15:20:00,1625,1625,1625,1625,0
2022-11-04 15:21:00,1625,1625,1625,1625,0
2022-11-04 15:22:00,1625,1625,1625,1625,0
2022-11-04 15:23:00,1625,1625,1625,1625,0
2022-11-04 15:24:00,1625,1625,1625,1625,0
2022-11-04 15:25:00,1625,1625,1625,1625,0
2022-11-04 15:26:00,1625,1625,1625,1625,0
2022-11-04 15:27:00,1625,1625,1625,1625,0
2022-11-04 15:28:00,1625,1625,1625,1625,0
2022-11-04 15:29:00,1625,1625,1625,1625,0
2022-11-04 15:30:00,1625,1625,1625,1625,0
2022-11-04 15:31:00,1625,1625,1625,1625,0
2022-11-04 15:32:00,1625,1625,1625,1625,0
2022-11-04 15:33:00,1625,1625,1625,1625,0
2022-11-04 15:34:00,1625,1625,1625,1625,0
2022-11-04 15:35:00,1625,1625,1625,1625,0
2022-11-04 15:36:00,1625,1625,1625,1625,0
2022-11-04 15:37:00,1625,1625,1625,1625,0
2022-11-04 15:38:00,1625,1625,1625,1625,0
2022-11-04 15:39:00,1625,1625,1625,1625,0
2022-11-04 15:40:00,1625,1625,1625,1625,0
2022-11-04 15:41:00,1625,1625,1625,1625,0
2022-11-04 15:42:00,1625,1625,1625,1625,0
2022-11-04 15:43:00,1625,1625,1625,1625,0
2022-11-04 15:44:00,1625,1625,1625,1625,0
2022-11-04 15:45:00,1625,1625,1625,1625,0
2022-11-04 15:46:00,1625,1625,1625,1625,0
2022-11-04 15:47:00,1625,1625,1625,1625,0
2022-11-04 15:48:00,1625,1625,1625,1625,0
2022-11-04 15:49:00,1625,1625,1625,1625,0
2022-11-04 15:50:00,1625,1625,1625,1625,0
2022-11-04 15:51:00,1625,1625,1625,1625,0
2022-11-04 15:52:00,1625,1625,1625,1625,0
2022-11-04 15:53:00,1625,1625,1625,1625,0
2022-11-04 15:54:00,1625,1625,1625,1625,0
2022-11-04 15:55:00,1625,1625,1625,1625,0
2022-11-04 15:56:00,1625,1625,1625,1625,0
2022-11-04 15:57:00,1625,1625,1625,1625,0
2022-11-04 15:58:00,1625,1625,1625,1625,0
2022-11-04 15:59:00,1625,1625,1625,1625,0
2022-11-14 09:00:00,1625,1625,1625,1625,0
2022-11-14 09:01:00,1625,1625,1625,1625,0
2022-11-14 09:02:00,1625,1625,1625,1625,0
2022-11-14 09:03:00,1625,1625,1625,1625,0
2022-11-14 09:04:00,1625,1625,1625,1625,0
2022-11-14 09:05:00,1625,1625,1625,1625,0
2022-11-14 09:06:00,1625,1625,1625,1625,0
2022-11-14 09:07:00,1625,1625,1625,1625,0
2022-11-14 09:08:00,1625,1625,1625,1625,0
2022-11-14 09:09:00,1625,1625,1625,1625,0
2022-11-14 09:10:00,1625,1625,1625,1625,0
2022-11-14 09:11:00,1625,1625,1625,1625,0
2022-11-14 09:12:00,1625,1625,1625,1625,0
2022-11-14 09:13:00,1625,1625,1625,1625,0
2022-11-14 09:14:00,1625,1625,1625,1625,0
2022-11-14 09:15:00,1625,1625,1625,1625,0
2022-11-14 09:16:00,1625,1625,1625,1625,0
2022-11-14 09:17:00,1625,1625,1625,1625,0
2022-11-14 09:18:00,1625,1625,1625,1625,0
2022-11-14 09:19:00,1625,1625,1625,1625,0
2022-11-14 09:20:00,1625,1625,1625,1625,0
2022-11-14 09:21:00,1625,1625,1625,1625,0
2022-11-14 09:22:00,1625,1625,1625,1625,0
2022-11-14 09:23:00,1625,1625,1625,1625,0
2022-11-14 09:24:00,1625,1625,1625,1625,0
2022-11-14 09:25:00,1625,1625,1625,1625,0
2022-11-14 09:26:00,1625,1625,1625,1625,0
2022-11-14 09:27:00,1625,1625,1625,1625,0
2022-11-14 09:28:00,1625,1625,1625,1625,0
2022-11-14 09:29:00,1625,1625,1625,1625,0
2022-11-14 09:30:00,1625,1625,1625,1625,0
2022-11-14 09:31:00,1625,1625,1625,1625,0
2022-11-14 09:32:00,1625,1625,1625,1625,0
2022-11-14 09:33:00,1625,1625,1625,1625,0
2022-11-14 09:34:00,1625,1625,1625,1625,0
2022-11-14 09:35:00,1625,1625,1625,1625,0
2022-11-14 09:36:00,1625,1625,1625,1625,0
2022-11-14 09:37:00,1625,1625,1625,1625,0
2022-11-14 09:38:00,1625,1625,1625,1625,0
2022-11-14 09:39:00,1625,1625,1625,1625,0
2022-11-14 09:40:00,1625,1625,1625,1625,0
2022-11-14 09:41:00,1625,1625,1625,1625,0
2022-11-14 09:42:00,1625,1625,1625,1625,0
2022-11-14 09:43:00,1625,1625,1625,1625,0
2022-11-14 09:44:00,1625,1625,1625,1625,0
2022-11-14 09:45:00,1625,1625,1625,1625,0
2022-11-14 09:46:00,1625,1625,1625,1625,0
2022-11-14 09:47:00,1625,1625,1625,1625,0
2022-11-14 09:48:00,1625,1625,1625,1625,0
2022-11-14 09:49:00,1625,1625,1625,1625,0
2022-11-14 09:50:00,1625,1625,1625,1625,0
2022-11-14 09:51:00,1625,1625,1625,1625,0
2022-11-14 09:52:00,1625,1625,1625,1625,0
2022-11-14 09:53:00,1625,1625,1625,1625,0
2022-11-14 09:54:00,1625,1625,1625,1625,0
2022-11-14 09:55:00,1625,1625,1625,1625,0
2022-11-14 09:56:00,1625,1625,1625,1625,0
2022-11-14 09:57:00,1625,1625,1625,1625,0
2022-11-14 09:58:00,1625,1625,1625,1625,0
2022-11-14 09:59:00,1625,1625,1625,1625,0
2022-11-14 10:00:00,1625,1625,1625,1625,0
2022-11-14 10:01:00,1625,1625,1625,1625,0
2022-11-14 10:02:00,1625,1625,1625,1625,0
2022-11-14 10:03:00,1625,1625,1625,1625,0
2022-11-14 10:04:00,1625,1625,1625,1625,0
2022-11-14 10:05:00,1625,1625,1625,1625,0
2022-11-14 10:06:00,1625,1625,1625,1625,0
2022-11-14 10:07:00,1625,1625,1625,1625,0
2022-11-14 10:08:00,1625,1625,1625,1625,0
2022-11-14 10:09:00,1625,1625,1625,1625,0
2022-11-14 10:10:00,1625,1625,1625,1625,0
2022-11-14 10:11:00,1625,1625,1625,1625,0
2022-11-14 10:12:00,1625,1625,1625,1625,0
2022-11-14 10:13:00,1625,1625,1625,1625,0
2022-11-14 10:14:00,1625,1625,1625,1625,0
2022-11-14 10:15:00,1625,1625,1625,1625,0
2022-11-14 10:16:00,1625,1625,1625,1625,0
2022-11-14 10:17:00,1625,1625,1625,1625,0
2022-11-14 10:18:00,1625,1625,1625,1625,0
2022-11-14 10:19:00,1625,1625,1625,1625,0
2022-11-14 10:20:00,1625,1625,1625,1625,0
2022-11-14 10:21:00,1625,1625,1625,1625,0
2022-11-14 10:22:00,1625,1625,1625,1625,0
2022-11-14 10:23:00,1625,1625,1625,1625,0
2022-11-14 10:24:00,1625,1625,1625,1625,0
2022-11-14 10:25:00,1625,1625,1625,1625,0
2022-11-14 10:26:00,1625,1625,1625,1625,0
2022-11-14 10:27:00,1625,1625,1625,1625,0
2022-11-14 10:28:00,1625,1625,1625,1625,0
2022-11-14 10:29:00,1625,1625,1625,1625,0
2022-11-14 10:30:00,1625,1625,1625,1625,0
2022-11-14 10:31:00,1625,1625,1625,1625,0
2022-11-14 10:32:00,1625,1625,1625,1625,0
2022-11-14 10:33:00,1625,1625,1625,1625,0
2022-11-14 10:34:00,1625,1625,1625,1625,0
2022-11-14 10:35:00,1625,1625,1625,1625,0
2022-11-14 10:36:00,1625,1625,1625,1625,0
2022-11-14 10:37:00,1625,1625,1625,1625,0
2022-11-14 10:38:00,1625,1625,1625,1625,0
2022-11-14 10:39:00,1625,1625,1625,1625,0
2022-11-14 10:40:00,1625,1625,1625,1625,0
2022-11-14 10:41:00,1625,1625,1625,1625,0
2022-11-14 10:42:00,1625,1625,1625,1625,0
2022-11-14 10:43:00,1625,1625,1625,1625,0
2022-11-14 10:44:00,1625,1625,1625,1625,0
2022-11-14 10:45:00,1625,1625,1625,1625,0
2022-11-14 10:46:00,1625,1625,1625,1625,0
2022-11-14 10:47:00,1625,1625,1625,1625,0
2022-11-14 10:48:00,1625,1625,1625,1625,0
2022-11-14 10:49:00,1625,1625,1625,1625,0
2022-11-14 10:50:00,1625,1625,1625,1625,0
2022-11-14 10:51:00,1625,1625,1625,1625,0
2022-11-14 10:52:00,1625,1625,1625,1625,0
2022-11-14 10:53:00,1625,1625,1625,1625,0
2022-11-14 10:54:00,1625,1625,1625,1625,0
2022-11-14 10:55:00,1625,1625,1625,1625,0
2022-11-14 10:56:00,1625,1625,1625,1625,0
2022-11-14 10:57:00,1625,1625,1625,1625,0
2022-11-14 10:58:00,1625,1625,1625,1625,0
2022-11-14 10:59:00,1625,1625,1625,1625,0
2022-11-14 11:00:00,1625,1625,1625,1625,0
2022-11-14 11:01:00,1625,1625,1625,1625,0
2022-11-14 11:02:00,1625,1625,1625,1625,0
2022-11-14 11:03:00,1625,1625,1625,1625,0
2022-11-14 11:04:00,1625,1625,1625,1625,0
2022-11-14 11:05:00,1625,1625,1625,1625,0
2022-11-14 11:06:00,1625,1625,1625,1625,0
2022-11-14 11:07:00,1625,1625,1625,1625,0
2022-11-14 11:08:00,1625,1625,1625,1625,0
2022-11-14 11:09:00,1625,1625,1625,1625,0
2022-11-14 11:10:00,1625,1625,1625,1625,0
2022-11-14 11:11:00,1625,1625,1625,1625,0
2022-11-14 11:12:00,1625,1625,1625,1625,0
2022-11-14 11:13:00,1625,1625,1625,1625,0
2022-11-14 11:14:00,1625,1625,1625,1625,0
2022-11-14 11:15:00,1625,1625,1625,1625,0
2022-11-14 11:16:00,1625,1625,1625,1625,0
2022-11-14 11:17:00,1625,1625,1625,1625,0
2022-11-14 11:18:00,1625,1625,1625,1625,0
2022-11-14 11:19:00,1625,1625,1625,1625,0
2022-11-14 11:20:00,1625,1625,1625,1625,0
2022-11-14 11:21:00,1625,1625,1625,1625,0
2022-11-14 11:22:00,1625,1625,1625,1625,0
2022-11-14 11:23:00,1625,1625,1625,1625,0
2022-11-14 11:24:00,1625,1625,1625,1625,0
2022-11-14 11:25:00,1625,1625,1625,1625,0
2022-11-14 11:26:00,1625,1625,1625,1625,0
2022-11-14 11:27:00,1625,1625,1625,1625,0
2022-11-14 11:28:00,1625,1625,1625,1625,0
2022-11-14 11:29:00,1625,1625,1625,1625,0
2022-11-14 11:30:00,1625,1625,1625,1625,0
2022-11-14 11:31:00,1625,1625,1625,1625,0
2022-11-14 11:32:00,1625,1625,1625,1625,0
2022-11-14 11:33:00,1625,1625,1625,1625,0
2022-11-14 11:34:00,1625,1625,1625,1625,0
2022-11-14 11:35:00,1625,1625,1625,1625,0
2022-11-14 11:36:00,1625,1625,1625,1625,0
2022-11-14 11:37:00,1625,1625,1625,1625,0
2022-11-14 11:38:00,1625,1625,1625,1625,0
2022-11-14 11:39:00,1625,1625,1625,1625,0
2022-11-14 11:40:00,1625,1625,1625,1625,0
2022-11-14 11:41:00,1625,1625,1625,1625,0
2022-11-14 11:42:00,1625,1625,1625,1625,0
2022-11-14 11:43:00,1625,1625,1625,1625,0
2022-11-14 11:44:00,1625,1625,1625,1625,0
2022-11-14 11:45:00,1625,1625,1625,1625,0
2022-11-14 11:46:00,1625,1625,1625,1625,0
2022-11-14 11:47:00,1625,1625,1625,1625,0
2022-11-14 11:48:00,1625,1625,1625,1625,0
2022-11-14 11:49:00,1625,1625,1625,1625,0
2022-11-14 11:50:00,1625,1625,1625,1625,0
2022-11-14 11:51:00,1625,1625,1625,1625,0
2022-11-14 11:52:00,1625,1625,1625,1625,0
2022-11-14 11:53:00,1625,1625,1625,1625,0
2022-11-14 11:54:00,1625,1625,1625,1625,0
2022-11-14 11:55:00,1625,1625,1625,1625,0
2022-11-14 11:56:00,1625,1625,1625,1625,0
2022-11-14 11:57:00,1625,1625,1625,1625,0
2022-11-14 11:58:00,1625,1625,1625,1625,0
2022-11-14 11:59:00,1625,1625,1625,1625,0
2022-11-14 12:00:00,1625,1625,1625,1625,0
2022-11-14 12:01:00,1625,1625,1625,1625,0
2022-11-14 12:02:00,1625,1625,1625,1625,0
2022-11-14 12:03:00,1625,1625,1625,1625,0
2022-11-14 12:04:00,1625,1625,1625,1625,0
2022-11-14 12:05:00,1625,1625,1625,1625,0
2022-11-14 12:06:00,1625,1625,1625,1625,0
2022-11-14 12:07:00,1625,1625,1625,1625,0
2022-11-14 12:08:00,1625,1625,1625,1625,0
2022-11-14 12:09:00,1625,1625,1625,1625,0
2022-11-14 12:10:00,1625,1625,1625,1625,0
2022-11-14 12:11:00,1625,1625,1625,1625,0
2022-11-14 12:12:00,1625,1625,1625,1625,0
2022-11-14 12:13:00,1625,1625,1625,1625,0
2022-11-14 12:14:00,1625,1625,1625,1625,0
2022-11-14 12:15:00,1625,1625,1625,1625,0
2022-11-14 12:16:00,1625,1625,1625,1625,0
2022-11-14 12:17:00,1625,1625,1625,1625,0
2022-11-14 12:18:00,1625,1625,1625,1625,0
2022-11-14 12:19:00,1625,1625,1625,1625,0
2022-11-14 12:20:00,1625,1625,1625,1625,0
2022-11-14 12:21:00,1625,1625,1625,1625,0
2022-11-14 12:22:00,1625,1625,1625,1625,0
2022-11-14 12:23:00,1625,1625,1625,1625,0
2022-11-14 12:24:00,1625,1625,1625,1625,0
2022-11-14 12:25:00,1625,1625,1625,1625,0
2022-11-14 12:26:00,1625,1625,1625,1625,0
2022-11-14 12:27:00,1625,1625,1625,1625,0
2022-11-14 12:28:00,1625,1625,1625,1625,0
2022-11-14 12:29:00,1625,1625,1625,1625,0
2022-11-14 12:30:00,1625,1625,1625,1625,0
2022-11-14 12:31:00,1625,1625,1625,1625,0
2022-11-14 12:32:00,1625,1625,1625,1625,0
2022-11-14 12:33:00,1625,1625,1625,1625,0
2022-11-14 12:34:00,1625,1625,1625,1625,0
2022-11-14 12:35:00,1625,1625,1625,1625,0
2022-11-14 12:36:00,1625,1625,1625,1625,0
2022-11-14 12:37:00,1625,1625,1625,1625,0
2022-11-14 12:38:00,1625,1625,1625,1625,0
2022-11-14 12:39:00,1625,1625,1625,1625,0
2022-11-14 12:40:00,1625,1625,1625,1625,0
2022-11-14 12:41:00,1625,1625,1625,1625,0
2022-11-14 12:42:00,1625,1625,1625,1625,0
2022-11-14 12:43:00,1625,1625,1625,1625,0
2022-11-14 12:44:00,1625,1625,1625,1625,0
2022-11-14 12:45:00,1625,1625,1625,1625,0
2022-11-14 12:46:00,1625,1625,1625,1625,0
2022-11-14 12:47:00,1625,1625,1625,1625,0
2022-11-14 12:48:00,1625,1625,1625,1625,0
2022-11-14 12:49:00,1625,1625,1625,1625,0
2022-11-14 12:50:00,1625,1625,1625,1625,0
2022-11-14 12:51:00,1625,1625,1625,1625,0
2022-11-14 12:52:00,1625,1625,1625,1625,0
2022-11-14 12:53:00,1625,1625,1625,1625,0
2022-11-14 12:54:00,1625,1625,1625,1625,0
2022-11-14 12:55:00,1625,1625,1625,1625,0
2022-11-14 12:56:00,1625,1625,1625,1625,0
2022-11-14 12:57:00,1625,1625,1625,1625,0
2022-11-14 12:58:00,1625,1625,1625,1625,0
2022-11-14 12:59:00,1625,1625,1625,1625,0
2022-11-14 13:00:00,1625,1625,1625,1625,0
2022-11-14 13:01:00,1625,1625,1625,1625,0
2022-11-14 13:02:00,1625,1625,1625,1625,0
2022-11-14 13:03:00,1625,1625,1625,1625,0
2022-11-14 13:04:00,1625,1625,1625,1625,0
2022-11-14 13:05:00,1625,1625,1625,1625,0
2022-11-14 13:06:00,1625,1625,1625,1625,0
2022-11-14 13:07:00,1625,1625,1625,1625,0
2022-11-14 13:08:00,1625,1625,1625,1625,0
2022-11-14 13:09:00,1625,1625,1625,1625,0
2022-11-14 13:10:00,1625,1625,1625,1625,0
2022-11-14 13:11:00,1625,1625,1625,1625,0
2022-11-14 13:12:00,1625,1625,1625,1625,0
2022-11-14 13:13:00,1625,1625,1625,1625,0
2022-11-14 13:14:00,1625,1625,1625,1625,0
2022-11-14 13:15:00,1625,1625,1625,1625,0
2022-11-14 13:16:00,1625,1625,1625,1625,0
2022-11-14 13:17:00,1625,1625,1625,1625,0
2022-11-14 13:18:00,1625,1625,1625,1625,0
2022-11-14 13:19:00,1625,1625,1625,1625,0
2022-11-14 13:20:00,1625,1625,1625,1625,0
2022-11-14 13:21:00,1625,1625,1625,1625,0
2022-11-14 13:22:00,1625,1625,1625,1625,0
2022-11-14 13:23:00,1625,1625,1625,1625,0
2022-11-14 13:24:00,1625,1625,1625,1625,0
2022-11-14 13:25:00,1625,1625,1625,1625,0
2022-11-14 13:26:00,1625,1625,1625,1625,0
2022-11-14 13:27:00,1625,1625,1625,1625,0
2022-11-14 13:28:00,1625,1625,1625,1625,0
2022-11-14 13:29:00,1625,1625,1625,1625,0
2022-11-14 13:30:00,1625,1625,1625,1625,0
2022-11-14 13:31:00,1625,1625,1625,1625,0
2022-11-14 13:32:00,1625,1625,1625,1625,0
2022-11-14 13:33:00,1625,1625,1625,1625,0
2022-11-14 13:34:00,1625,1625,1625,1625,0
2022-11-14 13:35:00,1625,1625,1625,1625,0
2022-11-14 13:36:00,1625,1625,1625,1625,0
2022-11-14 13:37:00,1625,1625,1625,1625,0
2022-11-14 13:38:00,1625,1625,1625,1625,0
2022-11-14 13:39:00,1625,1625,1625,1625,0
2022-11-14 13:40:00,1625,1625,1625,1625,0
2022-11-14 13:41:00,1625,1625,1625,1625,0
2022-11-14 13:42:00,1625,1625,1625,1625,0
2022-11-14 13:43:00,1625,1625,1625,1625,0
2022-11-14 13:44:00,1625,1625,1625,1625,0
2022-11-14 13:45:00,1625,1625,1625,1625,0
2022-11-14 13:46:00,1625,1625,1625,1625,0
2022-11-14 13:47:00,1625,1625,1625,1625,0
2022-11-14 13:48:00,1625,1625,1625,1625,0
2022-11-14 13:49:00,1625,1625,1625,1625,0
2022-11-14 13:50:00,1625,1625,1625,1625,0
2022-11-14 13:51:00,1625,1625,1625,1625,0
2022-11-14 13:52:00,1625,1625,1625,1625,0
2022-11-14 13:53:00,1625,1625,1625,1625,0
2022-11-14 13:54:00,1625,1625,1625,1625,0
2022-11-14 13:55:00,1625,1625,1625,1625,0
2022-11-14 13:56:00,1625,1625,1625,1625,0
2022-11-14 13:57:00,1625,1625,1625,1625,0
2022-11-14 13:58:00,1625,1625,1625,1625,0
2022-11-14 13:59:00,1625,1625,1625,1625,0
2022-11-14 14:00:00,1625,1625,1625,1625,0
2022-11-14 14:01:00,1625,1625,1625,1625,0
2022-11-14 14:02:00,1625,1625,1625,1625,0
2022-11-14 14:03:00,1625,1625,1625,1625,0
2022-11-14 14:04:00,1625,1625,1625,1625,0
2022-11-14 14:05:00,1625,1625,1625,1625,0
2022-11-14 14:06:00,1625,1625,1625,1625,0
2022-11-14 14:07:00,1625,1625,1625,1625,0
2022-11-14 14:08:00,1625,1625,1625,1625,0
2022-11-14 14:09:00,1625,1625,1625,1625,0
2022-11-14 14:10:00,1625,1625,1625,1625,0
2022-11-14 14:11:00,1625,1625,1625,1625,0
2022-11-14 14:12:00,1625,1625,1625,1625,0
2022-11-14 14:13:00,1625,1625,1625,1625,0
2022-11-14 14:14:00,1625,1625,1625,1625,0
2022-11-14 14:15:00,1625,1625,1625,1625,0
2022-11-14 14:16:00,1625,1625,1625,1625,0
2022-11-14 14:17:00,1625,1625,1625,1625,0
2022-11-14 14:18:00,1625,1625,1625,1625,0
2022-11-14 14:19:00,1625,1625,1625,1625,0
2022-11-14 14:20:00,1625,1625,1625,1625,0
2022-11-14 14:21:00,1625,1625,1625,1625,0
2022-11-14 14:22:00,1625,1625,1625,1625,0
2022-11-14 14:23:00,1625,1625,1625,1625,0
2022-11-14 14:24:00,1625,1625,1625,1625,0
2022-11-14 14:25:00,1625,1625,1625,1625,0
2022-11-14 14:26:00,1625,1625,1625,1625,0
2022-11-14 14:27:00,1625,1625,1625,1625,0
2022-11-14 14:28:00,1625,1625,1625,1625,0
2022-11-14 14:29:00,1625,1625,1625,1625,0
2022-11-14 14:30:00,1625,1625,1625,1625,0
2022-11-14 14:31:00,1625,1625,1625,1625,0
2022-11-14 14:32:00,1625,1625,1625,1625,0
2022-11-14 14:33:00,1625,1625,1625,1625,0
2022-11-14 14:34:00,1625,1625,1625,1625,0
2022-11-14 14:35:00,1625,1625,1625,1625,0
2022-11-14 14:36:00,1625,1625,1625,1625,0
2022-11-14 14:37:00,1625,1625,1625,1625,0
2022-11-14 14:38:00,1625,1625,1625,1625,0
2022-11-14 14:39:00,1625,1625,1625,1625,0
2022-11-14 14:40:00,1625,1625,1625,1625,0
2022-11-14 14:41:00,1625,1625,1625,1625,0
2022-11-14 14:42:00,1625,1625,1625,1625,0
2022-11-14 14:43:00,1625,1625,1625,1625,0
2022-11-14 14:44:00,1625,1625,1625,1625,0
2022-11-14 14:45:00,1625,1625,1625,1625,0
2022-11-14 14:46:00,1625,1625,1625,1625,0
2022-11-14 14:47:00,1625,1625,1625,1625,0
2022-11-14 14:48:00,1625,1625,1625,1625,0
2022-11-14 14:49:00,1625,1625,1625,1625,0
2022-11-14 14:50:00,1625,1625,1625,1625,0
2022-11-14 14:51:00,1625,1625,1625,1625,0
2022-11-14 14:52:00,1625,1625,1625,1625,0
2022-11-14 14:53:00,1625,1625,1625,1625,0
2022-11-14 14:54:00,1625,1625,1625,1625,0
2022-11-14 14:55:00,1625,1625,1625,1625,0
2022-11-14 14:56:00,1625,1625,1625,1625,0
2022-11-14 14:57:00,1625,1625,1625,1625,0
2022-11-14 14:58:00,1625,1625,1625,1625,0
2022-11-14 14:59:00,1625,1625,1625,1625,0
2022-11-14 15:00:00,1625,1625,1625,1625,0
2022-11-14 15:01:00,1625,1625,1625,1625,0
2022-11-14 15:02:00,1625,1625,1625,1625,0
2022-11-14 15:03:00,1625,1625,1625,1625,0
2022-11-14 15:04:00,1625,1625,1625,1625,0
2022-11-14 15:05:00,1625,1625,1625,1625,0
2022-11-14 15:06:00,1625,1625,1625,1625,0
2022-11-14 15:07:00,1625,1625,1625,1625,0
2022-11-14 15:08:00,1625,1625,1625,1625,0
2022-11-14 15:09:00,1625,1625,1625,1625,0
2022-11-14 15:10:00,1625,1625,1625,1625,0
2022-11-14 15:11:00,1625,1625,1625,1625,0
2022-11-14 15:12:00,1625,1625,1625,1625,0
2022-11-14 15:13:00,1625,1625,1625,1625,0
2022-11-14 15:14:00,1625,1625,1625,1625,0
2022-11-14 15:15:00,1625,1625,1625,1625,0
2022-11-14 15:16:00,1625,1625,1625,1625,0
2022-11-14 15:17:00,1625,1625,1625,1625,0
2022-11-14 15:18:00,1625,1625,1625,1625,0
2022-11-14 15:19:00,1625,1625,1625,1625,0
2022-11-14 15:20:00,1625,1625,1625,1625,0
2022-11-14 15:21:00,1625,1625,1625,1625,0
2022-11-14 15:22:00,1625,1625,1625,1625,0
2022-11-14 15:23:00,1625,1625,1625,1625,0
2022-11-14 15:24:00,1625,1625,1625,1625,0
2022-11-14 15:25:00,1625,1625,1625,1625,0
2022-11-14 15:26:00,1625,1625,1625,1625,0
2022-11-14 15:27:00,1625,1625,1625,1625,0
2022-11-14 15:28:00,1625,1625,1625,1625,0
2022-11-14 15:29:00,1625,1625,1625,1625,0
2022-11-14 15:30:00,1625,1625,1625,1625,0
2022-11-14 15:31:00,1625,1625,1625,1625,0
2022-11-14 15:32:00,1625,1625,1625,1625,0
2022-11-14 15:33:00,1625,1625,1625,1625,0
2022-11-14 15:34:00,1625,1625,1625,1625,0
2022-11-14 15:35:00,1625,1625,1625,1625,0
2022-11-14 15:36:00,1625,1625,1625,1625,0
2022-11-14 15:37:00,1625,1625,1625,1625,0
2022-11-14 15:38:00,1625,1625,1625,1625,0
2022-11-14 15:39:00,1625,1625,1625,1625,0
2022-11-14 15:40:00,1625,1625,1625,1625,0
2022-11-14 15:41:00,1625,1625,1625,1625,0
2022-11-14 15:42:00,1625,1625,1625,1625,0
2022-11-14 15:43:00,1625,1625,1625,1625,0
2022-11-14 15:44:00,1625,1625,1625,1625,0
2022-11-14 15:45:00,1625,1625,1625,1625,0
2022-11-14 15:46:00,1625,1625,1625,1625,0
2022-11-14 15:47:00,1625,1625,1625,1625,0
2022-11-14 15:48:00,1625,1625,1625,1625,0
2022-11-14 15:49:00,1625,1625,1625,1625,0
2022-11-14 15:50:00,1625,1625,1625,1625,0
2022-11-14 15:51:00,1625,1625,1625,1625,0
2022-11-14 15:52:00,1625,1625,1625,1625,0
2022-11-14 15:53:00,1625,1625,1625,1625,0
2022-11-14 15:54:00,1625,1625,1625,1625,0
2022-11-14 15:55:00,1625,1625,1625,1625,0
2022-11-14 15:56:00,1625,1625,1625,1625,0
2022-11-14 15:57:00,1625,1625,1625,1625,0
2022-11-14 15:58:00,1625,1625,1625,1625,0
2022-11-14 15:59:00,1625,1625,1625,1625,0
2022-11-15 09:00:00,1625,1625,1625,1625,0
2022-11-15 09:01:00,1625,1625,1625,1625,0
2022-11-15 09:02:00,1625,1625,1625,1625,0
2022-11-15 09:03:00,1625,1625,1625,1625,0
2022-11-15 09:04:00,1625,1625,1625,1625,0
2022-11-15 09:05:00,1625,1625,1625,1625,0
2022-11-15 09:06:00,1625,1625,1625,1625,0
2022-11-15 09:07:00,1625,1625,1625,1625,0
2022-11-15 09:08:00,1625,1625,1625,1625,0
2022-11-15 09:09:00,1625,1625,1625,1625,0
2022-11-15 09:10:00,1625,1625,1625,1625,0
2022-11-15 09:11:00,1625,1625,1625,1625,0
2022-11-15 09:12:00,1625,1625,1625,1625,0
2022-11-15 09:13:00,1625,1625,1625,1625,0
2022-11-15 09:14:00,1625,1625,1625,1625,0
2022-11-15 09:15:00,1625,1625,1625,1625,0
2022-11-15 09:16:00,1625,1625,1625,1625,0
2022-11-15 09:17:00,1625,1625,1625,1625,0
2022-11-15 09:18:00,1625,1625,1625,1625,0
2022-11-15 09:19:00,1625,1625,1625,1625,0
2022-11-15 09:20:00,1625,1625,1625,1625,0
2022-11-15 09:21:00,1625,1625,1625,1625,0
2022-11-15 09:22:00,1625,1625,1625,1625,0
2022-11-15 09:23:00,1625,1625,1625,1625,0
2022-11-15 09:24:00,1625,1625,1625,1625,0
2022-11-15 09:25:00,1625,1625,1625,1625,0
2022-11-15 09:26:00,1625,1625,1625,1625,0
2022-11-15 09:27:00,1625,1625,1625,1625,0
2022-11-15 09:28:00,1625,1625,1625,1625,0
2022-11-15 09:29:00,1625,1625,1625,1625,0
2022-11-15 09:30:00,1625,1625,1625,1625,0
2022-11-15 09:31:00,1625,1625,1625,1625,0
2022-11-15 09:32:00,1625,1625,1625,1625,0
2022-11-15 09:33:00,1625,1625,1625,1625,0
2022-11-15 09:34:00,1625,1625,1625,1625,0
2022-11-15 09:35:00,1625,1625,1625,1625,0
2022-11-15 09:36:00,1625,1625,1625,1625,0
2022-11-15 09:37:00,1625,1625,1625,1625,0
2022-11-15 09:38:00,1625,1625,1625,1625,0
2022-11-15 09:39:00,1625,1625,1625,1625,0
2022-11-15 09:40:00,1625,1625,1625,1625,0
2022-11-15 09:41:00,1625,1625,1625,1625,0
2022-11-15 09:42:00,1625,1625,1625,1625,0
2022-11-15 09:43:00,1625,1625,1625,1625,0
2022-11-15 09:44:00,1625,1625,1625,1625,0
2022-11-15 09:45:00,1625,1625,1625,1625,0
2022-11-15 09:46:00,1625,1625,1625,1625,0
2022-11-15 09:47:00,1625,1625,1625,1625,0
2022-11-15 09:48:00,1625,1625,1625,1625,0
2022-11-15 09:49:00,1625,1625,1625,1625,0
2022-11-15 09:50:00,1625,1625,1625,1625,0
2022-11-15 09:51:00,1625,1625,1625,1625,0
2022-11-15 09:52:00,1625,1625,1625,1625,0
2022-11-15 09:53:00,1625,1625,1625,1625,0
2022-11-15 09:54:00,1625,1625,1625,1625,0
2022-11-15 09:55:00,1625,1625,1625,1625,0
2022-11-15 09:56:00,1625,1625,1625,1625,0
2022-11-15 09:57:00,1625,1625,1625,1625,0
2022-11-15 09:58:00,1625,1625,1625,1625,0
2022-11-15 09:59:00,1625,1625,1625,1625,0
2022-11-15 10:00:00,1625,1625,1625,1625,0
2022-11-15 10:01:00,1625,1625,1625,1625,0
2022-11-15 10:02:00,1625,1625,1625,1625,0
2022-11-15 10:03:00,1625,1625,1625,1625,0
2022-11-15 10:04:00,1625,1625,1625,1625,0
2022-11-15 10:05:00,1625,1625,1625,1625,0
2022-11-15 10:06:00,1625,1625,1625,1625,0
2022-11-15 10:07:00,1625,1625,1625,1625,0
2022-11-15 10:08:00,1625,1625,1625,1625,0
2022-11-15 10:09:00,1625,1625,1625,1625,0
2022-11-15 10:10:00,1625,1625,1625,1625,0
2022-11-15 10:11:00,1625,1625,1625,1625,0
2022-11-15 10:12:00,1625,1625,1625,1625,0
2022-11-15 10:13:00,1625,1625,1625,1625,0
2022-11-15 10:14:00,1625,1625,1625,1625,0
2022-11-15 10:15:00,1625,1625,1625,1625,0
2022-11-15 10:16:00,1625,1625,1625,1625,0
2022-11-15 10:17:00,1625,1625,1625,1625,0
2022-11-15 10:18:00,1625,1625,1625,1625,0
2022-11-15 10:19:00,1625,1625,1625,1625,0
2022-11-15 10:20:00,1625,1625,1625,1625,0
2022-11-15 10:21:00,1625,1625,1625,1625,0
2022-11-15 10:22:00,1625,1625,1625,1625,0
2022-11-15 10:23:00,1625,1625,1625,1625,0
2022-11-15 10:24:00,1625,1625,1625,1625,0
2022-11-15 10:25:00,1625,1625,1625,1625,0
2022-11-15 10:26:00,1625,1625,1625,1625,0
2022-11-15 10:27:00,1625,1625,1625,1625,0
2022-11-15 10:28:00,1625,1625,1625,1625,0
2022-11-15 10:29:00,1625,1625,1625,1625,0
2022-11-15 10:30:00,1625,1625,1625,1625,0
2022-11-15 10:31:00,1625,1625,1625,1625,0
2022-11-15 10:32:00,1625,1625,1625,1625,0
2022-11-15 10:33:00,1625,1625,1625,1625,0
2022-11-15 10:34:00,1625,1625,1625,1625,0
2022-11-15 10:35:00,1625,1625,1625,1625,0
2022-11-15 10:36:00,1625,1625,1625,1625,0
2022-11-15 10:37:00,1625,1625,1625,1625,0
2022-11-15 10:38:00,1625,1625,1625,1625,0
2022-11-15 10:39:00,1625,1625,1625,1625,0
2022-11-15 10:40:00,1625,1625,1625,1625,0
2022-11-15 10:41:00,1625,1625,1625,1625,0
2022-11-15 10:42:00,1625,1625,1625,1625,0
2022-11-15 10:43:00,1625,1625,1625,1625,0
2022-11-15 10:44:00,1625,1625,1625,1625,0
2022-11-15 10:45:00,1625,1625,1625,1625,0
2022-11-15 10:46:00,1625,1625,1625,1625,0
2022-11-15 10:47:00,1625,1625,1625,1625,0
2022-11-15 10:48:00,1625,1625,1625,1625,0
2022-11-15 10:49:00,1625,1625,1625,1625,0
2022-11-15 10:50:00,1625,1625,1625,1625,0
2022-11-15 10:51:00,1625,1625,1625,1625,0
2022-11-15 10:52:00,1625,1625,1625,1625,0
2022-11-15 10:53:00,1625,1625,1625,1625,0
2022-11-15 10:54:00,1625,1625,1625,1625,0
2022-11-15 10:55:00,1625,1625,1625,1625,0
2022-11-15 10:56:00,1625,1625,1625,1625,0
2022-11-15 10:57:00,1625,1625,1625,1625,0
2022-11-15 10:58:00,1625,1625,1625,1625,0
2022-11-15 10:59:00,1625,1625,1625,1625,0
2022-11-15 11:00:00,1625,1625,1625,1625,0
2022-11-15 11:01:00,1625,1625,1625,1625,0
2022-11-15 11:02:00,1625,1625,1625,1625,0
2022-11-15 11:03:00,1625,1625,1625,1625,0
2022-11-15 11:04:00,1625,1625,1625,1625,0
2022-11-15 11:05:00,1625,1625,1625,1625,0
2022-11-15 11:06:00,1625,1625,1625,1625,0
2022-11-15 11:07:00,1625,1625,1625,1625,0
2022-11-15 11:08:00,1625,1625,1625,1625,0
2022-11-15 11:09:00,1625,1625,1625,1625,0
2022-11-15 11:10:00,1625,1625,1625,1625,0
2022-11-15 11:11:00,1625,1625,1625,1625,0
2022-11-15 11:12:00,1625,1625,1625,1625,0
2022-11-15 11:13:00,1625,1625,1625,1625,0
2022-11-15 11:14:00,1625,1625,1625,1625,0
2022-11-15 11:15:00,1625,1625,1625,1625,0
2022-11-15 11:16:00,1625,1625,1625,1625,0
2022-11-15 11:17:00,1625,1625,1625,1625,0
2022-11-15 11:18:00,1625,1625,1625,1625,0
2022-11-15 11:19:00,1625,1625,1625,1625,0
2022-11-15 11:20:00,1625,1625,1625,1625,0
2022-11-15 11:21:00,1625,1625,1625,1625,0
2022-11-15 11:22:00,1625,1625,1625,1625,0
2022-11-15 11:23:00,1625,1625,1625,1625,0
2022-11-15 11:24:00,1625,1625,1625,1625,0
2022-11-15 11:25:00,1625,1625,1625,1625,0
2022-11-15 11:26:00,1625,1625,1625,1625,0
2022-11-15 11:27:00,1625,1625,1625,1625,0
2022-11-15 11:28:00,1625,1625,1625,1625,0
2022-11-15 11:29:00,1625,1625,1625,1625,0
2022-11-15 11:30:00,1625,1625,1625,1625,0
2022-11-15 11:31:00,1625,1625,1625,1625,0
2022-11-15 11:32:00,1625,1625,1625,1625,0
2022-11-15 11:33:00,1625,1625,1625,1625,0
2022-11-15 11:34:00,1625,1625,1625,1625,0
2022-11-15 11:35:00,1625,1625,1625,1625,0
2022-11-15 11:36:00,1625,1625,1625,1625,0
2022-11-15 11:37:00,1625,1625,1625,1625,0
2022-11-15 11:38:00,1625,1625,1625,1625,0
2022-11-15 11:39:00,1625,1625,1625,1625,0
2022-11-15 11:40:00,1625,1625,1625,1625,0
2022-11-15 11:41:00,1625,1625,1625,1625,0
2022-11-15 11:42:00,1625,1625,1625,1625,0
2022-11-15 11:43:00,1625,1625,1625,1625,0
2022-11-15 11:44:00,1625,1625,1625,1625,0
2022-11-15 11:45:00,1625,1625,1625,1625,0
2022-11-15 11:46:00,1625,1625,1625,1625,0
2022-11-15 11:47:00,1625,1625,1625,1625,0
2022-11-15 11:48:00,1625,1625,1625,1625,0
2022-11-15 11:49:00,1625,1625,1625,1625,0
2022-11-15 11:50:00,1625,1625,1625,1625,0
2022-11-15 11:51:00,1625,1625,1625,1625,0
2022-11-15 11:52:00,1625,1625,1625,1625,0
2022-11-15 11:53:00,1625,1625,1625,1625,0
2022-11-15 11:54:00,1625,1625,1625,1625,0
2022-11-15 11:55:00,1625,1625,1625,1625,0
2022-11-15 11:56:00,1625,1625,1625,1625,0
2022-11-15 11:57:00,1625,1625,1625,1625,0
2022-11-15 11:58:00,1625,1625,1625,1625,0
2022-11-15 11:59:00,1625,1625,1625,1625,0
2022-11-15 12:00:00,1625,1625,1625,1625,0
2022-11-15 12:01:00,1625,1625,1625,1625,0
2022-11-15 12:02:00,1625,1625,1625,1625,0
2022-11-15 12:03:00,1625,1625,1625,1625,0
2022-11-15 12:04:00,1625,1625,1625,1625,0
2022-11-15 12:05:00,1625,1625,1625,1625,0
2022-11-15 12:06:00,1625,1625,1625,1625,0
2022-11-15 12:07:00,1625,1625,1625,1625,0
2022-11-15 12:08:00,1625,1625,1625,1625,0
2022-11-15 12:09:00,1625,1625,1625,1625,0
2022-11-15 12:10:00,1625,1625,1625,1625,0
2022-11-15 12:11:00,1625,1625,1625,1625,0
2022-11-15 12:12:00,1625,1625,1625,1625,0
2022-11-15 12:13:00,1625,1625,1625,1625,0
2022-11-15 12:14:00,1625,1625,1625,1625,0
2022-11-15 12:15:00,1625,1625,1625,1625,0
2022-11-15 12:16:00,1625,1625,1625,1625,0
2022-11-15 12:17:00,1625,1625,1625,1625,0
2022-11-15 12:18:00,1625,1625,1625,1625,0
2022-11-15 12:19:00,1625,1625,1625,1625,0
2022-11-15 12:20:00,1625,1625,1625,1625,0
2022-11-15 12:21:00,1625,1625,1625,1625,0
2022-11-15 12:22:00,1625,1625,1625,1625,0
2022-11-15 12:23:00,1625,1625,1625,1625,0
2022-11-15 12:24:00,1625,1625,1625,1625,0
2022-11-15 12:25:00,1625,1625,1625,1625,0
2022-11-15 12:26:00,1625,1625,1625,1625,0
2022-11-15 12:27:00,1625,1625,1625,1625,0
2022-11-15 12:28:00,1625,1625,1625,1625,0
2022-11-15 12:29:00,1625,1625,1625,1625,0
2022-11-15 12:30:00,1625,1625,1625,1625,0
2022-11-15 12:31:00,1625,1625,1625,1625,0
2022-11-15 12:32:00,1625,1625,1625,1625,0
2022-11-15 12:33:00,1625,1625,1625,1625,0
2022-11-15 12:34:00,1625,1625,1625,1625,0
2022-11-15 12:35:00,1625,1625,1625,1625,0
2022-11-15 12:36:00,1625,1625,1625,1625,0
2022-11-15 12:37:00,1625,1625,1625,1625,0
2022-11-15 12:38:00,1625,1625,1625,1625,0
2022-11-15 12:39:00,1625,1625,1625,1625,0
2022-11-15 12:40:00,1625,1625,1625,1625,0
2022-11-15 12:41:00,1625,1625,1625,1625,0
2022-11-15 12:42:00,1625,1625,1625,1625,0
2022-11-15 12:43:00,1625,1625,1625,1625,0
2022-11-15 12:44:00,1625,1625,1625,1625,0
2022-11-15 12:45:00,1625,1625,1625,1625,0
2022-11-15 12:46:00,1625,1625,1625,1625,0
2022-11-15 12:47:00,1625,1625,1625,1625,0
2022-11-15 12:48:00,1625,1625,1625,1625,0
2022-11-15 12:49:00,1625,1625,1625,1625,0
2022-11-15 12:50:00,1625,1625,1625,1625,0
2022-11-15 12:51:00,1625,1625,1625,1625,0
2022-11-15 12:52:00,1625,1625,1625,1625,0
2022-11-15 12:53:00,1625,1625,1625,1625,0
2022-11-15 12:54:00,1625,1625,1625,1625,0
2022-11-15 12:55:00,1625,1625,1625,1625,0
2022-11-15 12:56:00,1625,1625,1625,1625,0
2022-11-15 12:57:00,1625,1625,1625,1625,0
2022-11-15 12:58:00,1625,1625,1625,1625,0
2022-11-15 12:59:00,1625,1625,1625,1625,0
2022-11-15 13:00:00,1625,1625,1625,1625,0
2022-11-15 13:01:00,1625,1625,1625,1625,0
2022-11-15 13:02:00,1625,1625,1625,1625,0
2022-11-15 13:03:00,1625,1625,1625,1625,0
2022-11-15 13:04:00,1625,1625,1625,1625,0
2022-11-15 13:05:00,1625,1625,1625,1625,0
2022-11-15 13:06:00,1625,1625,1625,1625,0
2022-11-15 13:07:00,1625,1625,1625,1625,0
2022-11-15 13:08:00,1625,1625,1625,1625,0
2022-11-15 13:09:00,1625,1625,1625,1625,0
2022-11-15 13:10:00,1625,1625,1625,1625,0
2022-11-15 13:11:00,1625,1625,1625,1625,0
2022-11-15 13:12:00,1625,1625,1625,1625,0
2022-11-15 13:13:00,1625,1625,1625,1625,0
2022-11-15 13:14:00,1625,1625,1625,1625,0
2022-11-15 13:15:00,1625,1625,1625,1625,0
2022-11-15 13:16:00,1625,1625,1625,1625,0
2022-11-15 13:17:00,1625,1625,1625,1625,0
2022-11-15 13:18:00,1625,1625,1625,1625,0
2022-11-15 13:19:00,1625,1625,1625,1625,0
2022-11-15 13:20:00,1625,1625,1625,1625,0
2022-11-15 13:21:00,1625,1625,1625,1625,0
2022-11-15 13:22:00,1625,1625,1625,1625,0
2022-11-15 13:23:00,1625,1625,1625,1625,0
2022-11-15 13:24:00,1625,1625,1625,1625,0
2022-11-15 13:25:00,1625,1625,1625,1625,0
2022-11-15 13:26:00,1625,1625,1625,1625,0
2022-11-15 13:27:00,1625,1625,1625,1625,0
2022-11-15 13:28:00,1625,1625,1625,1625,0
2022-11-15 13:29:00,1625,1625,1625,1625,0
2022-11-15 13:30:00,1625,1625,1625,1625,0
2022-11-15 13:31:00,1625,1625,1625,1625,0
2022-11-15 13:32:00,1625,1625,1625,1625,0
2022-11-15 13:33:00,1625,1625,1625,1625,0
2022-11-15 13:34:00,1625,1625,1625,1625,0
2022-11-15 13:35:00,1625,1625,1625,1625,0
2022-11-15 13:36:00,1625,1625,1625,1625,0
2022-11-15 13:37:00,1625,1625,1625,1625,0
2022-11-15 13:38:00,1625,1625,1625,1625,0
2022-11-15 13:39:00,1625,1625,1625,1625,0
2022-11-15 13:40:00,1625,1625,1625,1625,0
2022-11-15 13:41:00,1625,1625,1625,1625,0
2022-11-15 13:42:00,1625,1625,1625,1625,0
2022-11-15 13:43:00,1625,1625,1625,1625,0
2022-11-15 13:44:00,1625,1625,1625,1625,0
2022-11-15 13:45:00,1625,1625,1625,1625,0
2022-11-15 13:46:00,1625,1625,1625,1625,0
2022-11-15 13:47:00,1625,1625,1625,1625,0
2022-11-15 13:48:00,1625,1625,1625,1625,0
2022-11-15 13:49:00,1625,1625,1625,1625,0
2022-11-15 13:50:00,1625,1625,1625,1625,0
2022-11-15 13:51:00,1625,1625,1625,1625,0
2022-11-15 13:52:00,1625,1625,1625,1625,0
2022-11-15 13:53:00,1625,1625,1625,1625,0
2022-11-15 13:54:00,1625,1625,1625,1625,0
2022-11-15 13:55:00,1625,1625,1625,1625,0
2022-11-15 13:56:00,1625,1625,1625,1625,0
2022-11-15 13:57:00,1625,1625,1625,1625,0
2022-11-15 13:58:00,1625,1625,1625,1625,0
2022-11-15 13:59:00,1625,1625,1625,1625,0
2022-11-15 14:00:00,1625,1625,1625,1625,0
2022-11-15 14:01:00,1625,1625,1625,1625,0
2022-11-15 14:02:00,1625,1625,1625,1625,0
2022-11-15 14:03:00,1625,1625,1625,1625,0
2022-11-15 14:04:00,1625,1625,1625,1625,0
2022-11-15 14:05:00,1625,1625,1625,1625,0
2022-11-15 14:06:00,1625,1625,1625,1625,0
2022-11-15 14:07:00,1625,1625,1625,1625,0
2022-11-15 14:08:00,1625,1625,1625,1625,0
2022-11-15 14:09:00,1625,1625,1625,1625,0
2022-11-15 14:10:00,1625,1625,1625,1625,0
2022-11-15 14:11:00,1625,1625,1625,1625,0
2022-11-15 14:12:00,1625,1625,1625,1625,0
2022-11-15 14:13:00,1625,1625,1625,1625,0
2022-11-15 14:14:00,1625,1625,1625,1625,0
2022-11-15 14:15:00,1625,1625,1625,1625,0
2022-11-15 14:16:00,1625,1625,1625,1625,0
2022-11-15 14:17:00,1625,1625,1625,1625,0
2022-11-15 14:18:00,1625,1625,1625,1625,0
2022-11-15 14:19:00,1625,1625,1625,1625,0
2022-11-15 14:20:00,1625,1625,1625,1625,0
2022-11-15 14:21:00,1625,1625,1625,1625,0
2022-11-15 14:22:00,1625,1625,1625,1625,0
2022-11-15 14:23:00,1625,1625,1625,1625,0
2022-11-15 14:24:00,1625,1625,1625,1625,0
2022-11-15 14:25:00,1625,1625,1625,1625,0
2022-11-15 14:26:00,1625,1625,1625,1625,0
2022-11-15 14:27:00,1625,1625,1625,1625,0
2022-11-15 14:28:00,1625,1625,1625,1625,0
2022-11-15 14:29:00,1625,1625,1625,1625,0
2022-11-15 14:30:00,1625,1625,1625,1625,0
2022-11-15 14:31:00,1625,1625,1625,1625,0
2022-11-15 14:32:00,1625,1625,1625,1625,0
2022-11-15 14:33:00,1625,1625,1625,1625,0
2022-11-15 14:34:00,1625,1625,1625,1625,0
2022-11-15 14:35:00,1625,1625,1625,1625,0
2022-11-15 14:36:00,1625,1625,1625,1625,0
2022-11-15 14:37:00,1625,1625,1625,1625,0
2022-11-15 14:38:00,1625,1625,1625,1625,0
2022-11-15 14:39:00,1625,1625,1625,1625,0
2022-11-15 14:40:00,1625,1625,1625,1625,0
2022-11-15 14:41:00,1625,1625,1625,1625,0
2022-11-15 14:42:00,1625,1625,1625,1625,0
2022-11-15 14:43:00,1625,1625,1625,1625,0
2022-11-15 14:44:00,1625,1625,1625,1625,0
2022-11-15 14:45:00,1625,1625,1625,1625,0
2022-11-15 14:46:00,1625,1625,1625,1625,0
2022-11-15 14:47:00,1625,1625,1625,1625,0
2022-11-15 14:48:00,1625,1625,1625,1625,0
2022-11-15 14:49:00,1625,1625,1625,1625,0
2022-11-15 14:50:00,1625,1625,1625,1625,0
2022-11-15 14:51:00,1625,1625,1625,1625,0
2022-11-15 14:52:00,1625,1625,1625,1625,0
2022-11-15 14:53:00,1625,1625,1625,1625,0
2022-11-15 14:54:00,1625,1625,1625,1625,0
2022-11-15 14:55:00,1625,1625,1625,1625,0
2022-11-15 14:56:00,1625,1625,1625,1625,0
2022-11-15 14:57:00,1625,1625,1625,1625,0
2022-11-15 14:58:00,1625,1625,1625,1625,0
2022-11-15 14:59:00,1625,1625,1625,1625,0
2022-11-15 15:00:00,1625,1625,1625,1625,0
2022-11-15 15:01:00,1625,1625,1625,1625,0
2022-11-15 15:02:00,1625,1625,1625,1625,0
2022-11-15 15:03:00,1625,1625,1625,1625,0
2022-11-15 15:04:00,1625,1625,1625,1625,0
2022-11-15 15:05:00,1625,1625,1625,1625,0
2022-11-15 15:06:00,1625,1625,1625,1625,0
2022-11-15 15:07:00,1625,1625,1625,1625,0
2022-11-15 15:08:00,1625,1625,1625,1625,0
2022-11-15 15:09:00,1625,1625,1625,1625,0
2022-11-15 15:10:00,1625,1625,1625,1625,0
2022-11-15 15:11:00,1625,1625,1625,1625,0
2022-11-15 15:12:00,1625,1625,1625,1625,0
2022-11-15 15:13:00,1625,1625,1625,1625,0
2022-11-15 15:14:00,1625,1625,1625,1625,0
2022-11-15 15:15:00,1625,1625,1625,1625,0
2022-11-15 15:16:00,1625,1625,1625,1625,0
2022-11-15 15:17:00,1625,1625,1625,1625,0
2022-11-15 15:18:00,1625,1625,1625,1625,0
2022-11-15 15:19:00,1625,1625,1625,1625,0
2022-11-15 15:20:00,1625,1625,1625,1625,0
2022-11-15 15:21:00,1625,1625,1625,1625,0
2022-11-15 15:22:00,1625,1625,1625,1625,0
2022-11-15 15:23:00,1625,1625,1625,1625,0
2022-11-15 15:24:00,1625,1625,1625,1625,0
2022-11-15 15:25:00,1625,1625,1625,1625,0
2022-11-15 15:26:00,1625,1625,1625,1625,0
2022-11-15 15:27:00,1625,1625,1625,1625,0
2022-11-15 15:28:00,1625,1625,1625,1625,0
2022-11-15 15:29:00,1625,1625,1625,1625,0
2022-11-15 15:30:00,1625,1625,1625,1625,0
2022-11-15 15:31:00,1625,1625,1625,1625,0
2022-11-15 15:32:00,1625,1625,1625,1625,0
2022-11-15 15:33:00,1625,1625,1625,1625,0
2022-11-15 15:34:00,1625,1625,1625,1625,0
2022-11-15 15:35:00,1625,1625,1625,1625,0
2022-11-15 15:36:00,1625,1625,1625,1625,0
2022-11-15 15:37:00,1625,1625,1625,1625,0
2022-11-15 15:38:00,1625,1625,1625,1625,0
2022-11-15 15:39:00,1625,1625,1625,1625,0
2022-11-15 15:40:00,1625,1625,1625,1625,0
2022-11-15 15:41:00,1625,1625,1625,1625,0
2022-11-15 15:42:00,1625,1625,1625,1625,0
2022-11-15 15:43:00,1625,1625,1625,1625,0
2022-11-15 15:44:00,1625,1625,1625,1625,0
2022-11-15 15:45:00,1625,1625,1625,1625,0
2022-11-15 15:46:00,1625,1625,1625,1625,0
2022-11-15 15:47:00,1625,1625,1625,1625,0
2022-11-15 15:48:00,1625,1625,1625,1625,0
2022-11-15 15:49:00,1625,1625,1625,1625,0
2022-11-15 15:50:00,1625,1625,1625,1625,0
2022-11-15 15:51:00,1625,1625,1625,1625,0
2022-11-15 15:52:00,1625,1625,1625,1625,0
2022-11-15 15:53:00,1625,1625,1625,1625,0
2022-11-15 15:54:00,1625,1625,1625,1625,0
2022-11-15 15:55:00,1625,1625,1625,1625,0
2022-11-15 15:56:00,1625,1625,1625,1625,0
2022-11-15 15:57:00,1625,1625,1625,1625,0
2022-11-15 15:58:00,1625,1625,1625,1625,0
2022-11-15 15:59:00,1625,1625,1625,1625,0
2022-11-16 09:00:00,1625,1625,1625,1625,0
2022-11-16 09:01:00,1625,1625,1625,1625,0
2022-11-16 09:02:00,1625,1625,1625,1625,0
2022-11-16 09:03:00,1625,1625,1625,1625,0
2022-11-16 09:04:00,1625,1625,1625,1625,0
2022-11-16 09:05:00,1625,1625,1625,1625,0
2022-11-16 09:06:00,1625,1625,1625,1625,0
2022-11-16 09:07:00,1625,1625,1625,1625,0
2022-11-16 09:08:00,1625,1625,1625,1625,0
2022-11-16 09:09:00,1625,1625,1625,1625,0
2022-11-16 09:10:00,1625,1625,1625,1625,0
2022-11-16 09:11:00,1625,1625,1625,1625,0
2022-11-16 09:12:00,1625,1625,1625,1625,0
2022-11-16 09:13:00,1625,1625,1625,1625,0
2022-11-16 09:14:00,1625,1625,1625,1625,0
2022-11-16 09:15:00,1625,1625,1625,1625,0
2022-11-16 09:16:00,1625,1625,1625,1625,0
2022-11-16 09:17:00,1625,1625,1625,1625,0
2022-11-16 09:18:00,1625,1625,1625,1625,0
2022-11-16 09:19:00,1625,1625,1625,1625,0
2022-11-16 09:20:00,1625,1625,1625,1625,0
2022-11-16 09:21:00,1625,1625,1625,1625,0
2022-11-16 09:22:00,1625,1625,1625,1625,0
2022-11-16 09:23:00,1625,1625,1625,1625,0
2022-11-16 09:24:00,1625,1625,1625,1625,0
2022-11-16 09:25:00,1625,1625,1625,1625,0
2022-11-16 09:26:00,1625,1625,1625,1625,0
2022-11-16 09:27:00,1625,1625,1625,1625,0
2022-11-16 09:28:00,1625,1625,1625,1625,0
2022-11-16 09:29:00,1625,1625,1625,1625,0
2022-11-16 09:30:00,1625,1625,1625,1625,0
2022-11-16 09:31:00,1625,1625,1625,1625,0
2022-11-16 09:32:00,1625,1625,1625,1625,0
2022-11-16 09:33:00,1625,1625,1625,1625,0
2022-11-16 09:34:00,1625,1625,1625,1625,0
2022-11-16 09:35:00,1625,1625,1625,1625,0
2022-11-16 09:36:00,1625,1625,1625,1625,0
2022-11-16 09:37:00,1625,1625,1625,1625,0
2022-11-16 09:38:00,1625,1625,1625,1625,0
2022-11-16 09:39:00,1625,1625,1625,1625,0
2022-11-16 09:40:00,1625,1625,1625,1625,0
2022-11-16 09:41:00,1625,1625,1625,1625,0
2022-11-16 09:42:00,1625,1625,1625,1625,0
2022-11-16 09:43:00,1625,1625,1625,1625,0
2022-11-16 09:44:00,1625,1625,1625,1625,0
2022-11-16 09:45:00,1625,1625,1625,1625,0
2022-11-16 09:46:00,1625,1625,1625,1625,0
2022-11-16 09:47:00,1625,1625,1625,1625,0
2022-11-16 09:48:00,1625,1625,1625,1625,0
2022-11-16 09:49:00,1625,1625,1625,1625,0
2022-11-16 09:50:00,1625,1625,1625,1625,0
2022-11-16 09:51:00,1625,1625,1625,1625,0
2022-11-16 09:52:00,1625,1625,1625,1625,0
2022-11-16 09:53:00,1625,1625,1625,1625,0
2022-11-16 09:54:00,1625,1625,1625,1625,0
2022-11-16 09:55:00,1625,1625,1625,1625,0
2022-11-16 09:56:00,1625,1625,1625,1625,0
2022-11-16 09:57:00,1625,1625,1625,1625,0
2022-11-16 09:58:00,1625,1625,1625,1625,0
2022-11-16 09:59:00,1625,1625,1625,1625,0
2022-11-16 10:00:00,1625,1625,1625,1625,0
2022-11-16 10:01:00,1625,1625,1625,1625,0
2022-11-16 10:02:00,1625,1625,1625,1625,0
2022-11-16 10:03:00,1625,1625,1625,1625,0
2022-11-16 10:04:00,1625,1625,1625,1625,0
2022-11-16 10:05:00,1625,1625,1625,1625,0
2022-11-16 10:06:00,1625,1625,1625,1625,0
2022-11-16 10:07:00,1625,1625,1625,1625,0
2022-11-16 10:08:00,1625,1625,1625,1625,0
2022-11-16 10:09:00,1625,1625,1625,1625,0
2022-11-16 10:10:00,1625,1625,1625,1625,0
2022-11-16 10:11:00,1625,1625,1625,1625,0
2022-11-16 10:12:00,1625,1625,1625,1625,0
2022-11-16 10:13:00,1625,1625,1625,1625,0
2022-11-16 10:14:00,1625,1625,1625,1625,0
2022-11-16 10:15:00,1625,1625,1625,1625,0
2022-11-16 10:16:00,1625,1625,1625,1625,0
2022-11-16 10:17:00,1625,1625,1625,1625,0
2022-11-16 10:18:00,1625,1625,1625,1625,0
2022-11-16 10:19:00,1625,1625,1625,1625,0
2022-11-16 10:20:00,1625,1625,1625,1625,0
2022-11-16 10:21:00,1625,1625,1625,1625,0
2022-11-16 10:22:00,1625,1625,1625,1625,0
2022-11-16 10:23:00,1625,1625,1625,1625,0
2022-11-16 10:24:00,1625,1625,1625,1625,0
2022-11-16 10:25:00,1625,1625,1625,1625,0
2022-11-16 10:26:00,1625,1625,1625,1625,0
2022-11-16 10:27:00,1625,1625,1625,1625,0
2022-11-16 10:28:00,1625,1625,1625,1625,0
2022-11-16 10:29:00,1625,1625,1625,1625,0
2022-11-16 10:30:00,1625,1625,1625,1625,0
2022-11-16 10:31:00,1625,1625,1625,1625,0
2022-11-16 10:32:00,1625,1625,1625,1625,0
2022-11-16 10:33:00,1625,1625,1625,1625,0
2022-11-16 10:34:00,1625,1625,1625,1625,0
2022-11-16 10:35:00,1625,1625,1625,1625,0
2022-11-16 10:36:00,1625,1625,1625,1625,0
2022-11-16 10:37:00,1625,1625,1625,1625,0
2022-11-16 10:38:00,1625,1625,1625,1625,0
2022-11-16 10:39:00,1625,1625,1625,1625,0
2022-11-16 10:40:00,1625,1625,1625,1625,0
2022-11-16 10:41:00,1625,1625,1625,1625,0
2022-11-16 10:42:00,1625,1625,1625,1625,0
2022-11-16 10:43:00,1625,1625,1625,1625,0
2022-11-16 10:44:00,1625,1625,1625,1625,0
2022-11-16 10:45:00,1625,1625,1625,1625,0
2022-11-16 10:46:00,1625,1625,1625,1625,0
2022-11-16 10:47:00,1625,1625,1625,1625,0
2022-11-16 10:48:00,1625,1625,1625,1625,0
2022-11-16 10:49:00,1625,1625,1625,1625,0
2022-11-16 10:50:00,1625,1625,1625,1625,0
2022-11-16 10:51:00,1625,1625,1625,1625,0
2022-11-16 10:52:00,1625,1625,1625,1625,0
2022-11-16 10:53:00,1625,1625,1625,1625,0
2022-11-16 10:54:00,1625,1625,1625,1625,0
2022-11-16 10:55:00,1625,1625,1625,1625,0
2022-11-16 10:56:00,1625,1625,1625,1625,0
2022-11-16 10:57:00,1625,1625,1625,1625,0
2022-11-16 10:58:00,1625,1625,1625,1625,0
2022-11-16 10:59:00,1625,1625,1625,1625,0
2022-11-16 11:00:00,1625,1625,1625,1625,0
2022-11-16 11:01:00,1625,1625,1625,1625,0
2022-11-16 11:02:00,1625,1625,1625,1625,0
2022-11-16 11:03:00,1625,1625,1625,1625,0
2022-11-16 11:04:00,1625,1625,1625,1625,0
2022-11-16 11:05:00,1625,1625,1625,1625,0
2022-11-16 11:06:00,1625,1625,1625,1625,0
2022-11-16 11:07:00,1625,1625,1625,1625,0
2022-11-16 11:08:00,1625,1625,1625,1625,0
2022-11-16 11:09:00,1625,1625,1625,1625,0
2022-11-16 11:10:00,1625,1625,1625,1625,0
2022-11-16 11:11:00,1625,1625,1625,1625,0
2022-11-16 11:12:00,1625,1625,1625,1625,0
2022-11-16 11:13:00,1625,1625,1625,1625,0
2022-11-16 11:14:00,1625,1625,1625,1625,0
2022-11-16 11:15:00,1625,1625,1625,1625,0
2022-11-16 11:16:00,1625,1625,1625,1625,0
2022-11-16 11:17:00,1625,1625,1625,1625,0
2022-11-16 11:18:00,1625,1625,1625,1625,0
2022-11-16 11:19:00,1625,1625,1625,1625,0
2022-11-16 11:20:00,1625,1625,1625,1625,0
2022-11-16 11:21:00,1625,1625,1625,1625,0
2022-11-16 11:22:00,1625,1625,1625,1625,0
2022-11-16 11:23:00,1625,1625,1625,1625,0
2022-11-16 11:24:00,1625,1625,1625,1625,0
2022-11-16 11:25:00,1625,1625,1625,1625,0
2022-11-16 11:26:00,1625,1625,1625,1625,0
2022-11-16 11:27:00,1625,1625,1625,1625,0
2022-11-16 11:28:00,1625,1625,1625,1625,0
2022-11-16 11:29:00,1625,1625,1625,1625,0
2022-11-16 11:30:00,1625,1625,1625,1625,0
2022-11-16 11:31:00,1625,1625,1625,1625,0
2022-11-16 11:32:00,1625,1625,1625,1625,0
2022-11-16 11:33:00,1625,1625,1625,1625,0
2022-11-16 11:34:00,1625,1625,1625,1625,0
2022-11-16 11:35:00,1625,1625,1625,1625,0
2022-11-16 11:36:00,1625,1625,1625,1625,0
2022-11-16 11:37:00,1625,1625,1625,1625,0
2022-11-16 11:38:00,1625,1625,1625,1625,0
2022-11-16 11:39:00,1625,1625,1625,1625,0
2022-11-16 11:40:00,1625,1625,1625,1625,0
2022-11-16 11:41:00,1625,1625,1625,1625,0
2022-11-16 11:42:00,1625,1625,1625,1625,0
2022-11-16 11:43:00,1625,1625,1625,1625,0
2022-11-16 11:44:00,1625,1625,1625,1625,0
2022-11-16 11:45:00,1625,1625,1625,1625,0
2022-11-16 11:46:00,1625,1625,1625,1625,0
2022-11-16 11:47:00,1625,1625,1625,1625,0
2022-11-16 11:48:00,1625,1625,1625,1625,0
2022-11-16 11:49:00,1625,1625,1625,1625,0
2022-11-16 11:50:00,1625,1625,1625,1625,0
2022-11-16 11:51:00,1625,1625,1625,1625,0
2022-11-16 11:52:00,1625,1625,1625,1625,0
2022-11-16 11:53:00,1625,1625,1625,1625,0
2022-11-16 11:54:00,1625,1625,1625,1625,0
2022-11-16 11:55:00,1625,1625,1625,1625,0
2022-11-16 11:56:00,1625,1625,1625,1625,0
2022-11-16 11:57:00,1625,1625,1625,1625,0
2022-11-16 11:58:00,1625,1625,1625,1625,0
2022-11-16 11:59:00,1625,1625,1625,1625,0
2022-11-16 12:00:00,1625,1625,1625,1625,0
2022-11-16 12:01:00,1625,1625,1625,1625,0
2022-11-16 12:02:00,1625,1625,1625,1625,0
2022-11-16 12:03:00,1625,1625,1625,1625,0
2022-11-16 12:04:00,1625,1625,1625,1625,0
2022-11-16 12:05:00,1625,1625,1625,1625,0
2022-11-16 12:06:00,1625,1625,1625,1625,0
2022-11-16 12:07:00,1625,1625,1625,1625,0
2022-11-16 12:08:00,1625,1625,1625,1625,0
2022-11-16 12:09:00,1625,1625,1625,1625,0
2022-11-16 12:10:00,1625,1625,1625,1625,0
2022-11-16 12:11:00,1625,1625,1625,1625,0
2022-11-16 12:12:00,1625,1625,1625,1625,0
2022-11-16 12:13:00,1625,1625,1625,1625,0
2022-11-16 12:14:00,1625,1625,1625,1625,0
2022-11-16 12:15:00,1625,1625,1625,1625,0
2022-11-16 12:16:00,1625,1625,1625,1625,0
2022-11-16 12:17:00,1625,1625,1625,1625,0
2022-11-16 12:18:00,1625,1625,1625,1625,0
2022-11-16 12:19:00,1625,1625,1625,1625,0
2022-11-16 12:20:00,1625,1625,1625,1625,0
2022-11-16 12:21:00,1625,1625,1625,1625,0
2022-11-16 12:22:00,1625,1625,1625,1625,0
2022-11-16 12:23:00,1625,1625,1625,1625,0
2022-11-16 12:24:00,1625,1625,1625,1625,0
2022-11-16 12:25:00,1625,1625,1625,1625,0
2022-11-16 12:26:00,1625,1625,1625,1625,0
2022-11-16 12:27:00,1625,1625,1625,1625,0
2022-11-16 12:28:00,1625,1625,1625,1625,0
2022-11-16 12:29:00,1625,1625,1625,1625,0
2022-11-16 12:30:00,1625,1625,1625,1625,0
2022-11-16 12:31:00,1625,1625,1625,1625,0
2022-11-16 12:32:00,1625,1625,1625,1625,0
2022-11-16 12:33:00,1625,1625,1625,1625,0
2022-11-16 12:34:00,1625,1625,1625,1625,0
2022-11-16 12:35:00,1625,1625,1625,1625,0
2022-11-16 12:36:00,1625,1625,1625,1625,0
2022-11-16 12:37:00,1625,1625,1625,1625,0
2022-11-16 12:38:00,1625,1625,1625,1625,0
2022-11-16 12:39:00,1625,1625,1625,1625,0
2022-11-16 12:40:00,1625,1625,1625,1625,0
2022-11-16 12:41:00,1625,1625,1625,1625,0
2022-11-16 12:42:00,1625,1625,1625,1625,0
2022-11-16 12:43:00,1625,1625,1625,1625,0
2022-11-16 12:44:00,1625,1625,1625,1625,0
2022-11-16 12:45:00,1625,1625,1625,1625,0
2022-11-16 12:46:00,1625,1625,1625,1625,0
2022-11-16 12:47:00,1625,1625,1625,1625,0
2022-11-16 12:48:00,1625,1625,1625,1625,0
2022-11-16 12:49:00,1625,1625,1625,1625,0
2022-11-16 12:50:00,1625,1625,1625,1625,0
2022-11-16 12:51:00,1625,1625,1625,1625,0
2022-11-16 12:52:00,1625,1625,1625,1625,0
2022-11-16 12:53:00,1625,1625,1625,1625,0
2022-11-16 12:54:00,1625,1625,1625,1625,0
2022-11-16 12:55:00,1625,1625,1625,1625,0
2022-11-16 12:56:00,1625,1625,1625,1625,0
2022-11-16 12:57:00,1625,1625,1625,1625,0
2022-11-16 12:58:00,1625,1625,1625,1625,0
2022-11-16 12:59:00,1625,1625,1625,1625,0
2022-11-16 13:00:00,1625,1625,1625,1625,0
2022-11-16 13:01:00,1625,1625,1625,1625,0
2022-11-16 13:02:00,1625,1625,1625,1625,0
2022-11-16 13:03:00,1625,1625,1625,1625,0
2022-11-16 13:04:00,1625,1625,1625,1625,0
2022-11-16 13:05:00,1625,1625,1625,1625,0
2022-11-16 13:06:00,1625,1625,1625,1625,0
2022-11-16 13:07:00,1625,1625,1625,1625,0
2022-11-16 13:08:00,1625,1625,1625,1625,0
2022-11-16 13:09:00,1625,1625,1625,1625,0
2022-11-16 13:10:00,1625,1625,1625,1625,0
2022-11-16 13:11:00,1625,1625,1625,1625,0
2022-11-16 13:12:00,1625,1625,1625,1625,0
2022-11-16 13:13:00,1625,1625,1625,1625,0
2022-11-16 13:14:00,1625,1625,1625,1625,0
2022-11-16 13:15:00,1625,1625,1625,1625,0
2022-11-16 13:16:00,1625,1625,1625,1625,0
2022-11-16 13:17:00,1625,1625,1625,1625,0
2022-11-16 13:18:00,1625,1625,1625,1625,0
2022-11-16 13:19:00,1625,1625,1625,1625,0
2022-11-16 13:20:00,1625,1625,1625,1625,0
2022-11-16 13:21:00,1625,1625,1625,1625,0
2022-11-16 13:22:00,1625,1625,1625,1625,0
2022-11-16 13:23:00,1625,1625,1625,1625,0
2022-11-16 13:24:00,1625,1625,1625,1625,0
2022-11-16 13:25:00,1625,1625,1625,1625,0
2022-11-16 13:26:00,1625,1625,1625,1625,0
2022-11-16 13:27:00,1625,1625,1625,1625,0
2022-11-16 13:28:00,1625,1625,1625,1625,0
2022-11-16 13:29:00,1625,1625,1625,1625,0
2022-11-16 13:30:00,1625,1625,1625,1625,0
2022-11-16 13:31:00,1625,1625,1625,1625,0
2022-11-16 13:32:00,1625,1625,1625,1625,0
2022-11-16 13:33:00,1625,1625,1625,1625,0
2022-11-16 13:34:00,1625,1625,1625,1625,0
2022-11-16 13:35:00,1625,1625,1625,1625,0
2022-11-16 13:36:00,1625,1625,1625,1625,0
2022-11-16 13:37:00,1625,1625,1625,1625,0
2022-11-16 13:38:00,1625,1625,1625,1625,0
2022-11-16 13:39:00,1625,1625,1625,1625,0
2022-11-16 13:40:00,1625,1625,1625,1625,0
2022-11-16 13:41:00,1625,1625,1625,1625,0
2022-11-16 13:42:00,1625,1625,1625,1625,0
2022-11-16 13:43:00,1625,1625,1625,1625,0
2022-11-16 13:44:00,1625,1625,1625,1625,0
2022-11-16 13:45:00,1625,1625,1625,1625,0
2022-11-16 13:46:00,1625,1625,1625,1625,0
2022-11-16 13:47:00,1625,1625,1625,1625,0
2022-11-16 13:48:00,1625,1625,1625,1625,0
2022-11-16 13:49:00,1625,1625,1625,1625,0
2022-11-16 13:50:00,1625,1625,1625,1625,0
2022-11-16 13:51:00,1625,1625,1625,1625,0
2022-11-16 13:52:00,1625,1625,1625,1625,0
2022-11-16 13:53:00,1625,1625,1625,1625,0
2022-11-16 13:54:00,1625,1625,1625,1625,0
2022-11-16 13:55:00,1625,1625,1625,1625,0
2022-11-16 13:56:00,1625,1625,1625,1625,0
2022-11-16 13:57:00,1625,1625,1630,1630,18100
2022-11-16 13:58:00,1630,1630,1635,1635,83900
2022-11-16 13:59:00,1630,1630,1635,1635,0
2022-11-16 14:00:00,1630,1630,1635,1635,0
2022-11-16 14:01:00,1630,1630,1635,1635,0
2022-11-16 14:02:00,1630,1630,1635,1635,0
2022-11-16 14:03:00,1630,1630,1635,1635,0
2022-11-16 14:04:00,1630,1630,1635,1635,0
2022-11-16 14:05:00,1630,1630,1635,1635,0
2022-11-16 14:06:00,1630,1630,1635,1635,0
2022-11-16 14:07:00,1630,1630,1635,1635,0
2022-11-16 14:08:00,1630,1630,1635,1635,0
2022-11-16 14:09:00,1630,1630,1635,1635,0
2022-11-16 14:10:00,1630,1630,1635,1635,0
2022-11-16 14:11:00,1630,1630,1635,1635,0
2022-11-16 14:12:00,1630,1630,1635,1635,0
2022-11-16 14:13:00,1630,1630,1635,1635,0
2022-11-16 14:14:00,1630,1630,1635,1635,0
2022-11-16 14:15:00,1630,1630,1635,1635,0
2022-11-16 14:16:00,1630,1630,1635,1635,0
2022-11-16 14:17:00,1630,1630,1635,1635,0
2022-11-16 14:18:00,1630,1630,1635,1635,0
2022-11-16 14:19:00,1630,1630,1635,1635,0
2022-11-16 14:20:00,1630,1630,1635,1635,0
2022-11-16 14:21:00,1630,1630,1635,1635,0
2022-11-16 14:22:00,1630,1630,1635,1635,0
2022-11-16 14:23:00,1630,1630,1635,1635,0
2022-11-16 14:24:00,1630,1630,1635,1635,0
2022-11-16 14:25:00,1630,1630,1635,1635,0
2022-11-16 14:26:00,1630,1630,1635,1635,0
2022-11-16 14:27:00,1630,1630,1635,1635,0
2022-11-16 14:28:00,1630,1630,1635,1635,0
2022-11-16 14:29:00,1630,1630,1635,1635,0
2022-11-16 14:30:00,1630,1630,1635,1635,0
2022-11-16 14:31:00,1630,1630,1635,1635,0
2022-11-16 14:32:00,1630,1630,1635,1635,0
2022-11-16 14:33:00,1630,1630,1635,1635,0
2022-11-16 14:34:00,1630,1630,1635,1635,0
2022-11-16 14:35:00,1630,1630,1635,1635,0
2022-11-16 14:36:00,1630,1630,1635,1635,0
2022-11-16 14:37:00,1630,1630,1635,1635,0
2022-11-16 14:38:00,1630,1630,1635,1635,0
2022-11-16 14:39:00,1630,1630,1635,1635,0
2022-11-16 14:40:00,1630,1630,1635,1635,0
2022-11-16 14:41:00,1630,1630,1635,1635,0
2022-11-16 14:42:00,1630,1630,1635,1635,0
2022-11-16 14:43:00,1630,1630,1635,1635,0
2022-11-16 14:44:00,1630,1630,1635,1635,0
2022-11-16 14:45:00,1630,1630,1635,1635,0
2022-11-16 14:46:00,1630,1630,1635,1635,0
2022-11-16 14:47:00,1630,1630,1635,1635,0
2022-11-16 14:48:00,1630,1630,1635,1635,0
2022-11-16 14:49:00,1630,1630,1635,1635,0
2022-11-16 14:50:00,1630,1630,1635,1635,0
2022-11-16 14:51:00,1630,1630,1635,1635,0
2022-11-16 14:52:00,1630,1630,1635,1635,0
2022-11-16 14:53:00,1630,1630,1635,1635,0
2022-11-16 14:54:00,1630,1630,1635,1635,0
2022-11-16 14:55:00,1630,1630,1635,1635,0
2022-11-16 14:56:00,1630,1630,1635,1635,0
2022-11-16 14:57:00,1630,1630,1635,1635,0
2022-11-16 14:58:00,1630,1630,1635,1635,0
2022-11-16 14:59:00,1630,1630,1635,1635,0
2022-11-16 15:00:00,1630,1630,1635,1635,0
2022-11-16 15:01:00,1630,1630,1635,1635,0
2022-11-16 15:02:00,1630,1630,1635,1635,0
2022-11-16 15:03:00,1630,1630,1635,1635,0
2022-11-16 15:04:00,1630,1630,1635,1635,0
2022-11-16 15:05:00,1630,1630,1635,1635,0
2022-11-16 15:06:00,1630,1630,1635,1635,0
2022-11-16 15:07:00,1630,1630,1635,1635,0
2022-11-16 15:08:00,1630,1630,1635,1635,0
2022-11-16 15:09:00,1630,1630,1635,1635,0
2022-11-16 15:10:00,1630,1630,1635,1635,0
2022-11-16 15:11:00,1630,1630,1635,1635,0
2022-11-16 15:12:00,1630,1630,1635,1635,0
2022-11-16 15:13:00,1630,1630,1635,1635,0
2022-11-16 15:14:00,1630,1630,1635,1635,0
2022-11-16 15:15:00,1630,1630,1635,1635,0
2022-11-16 15:16:00,1630,1630,1635,1635,0
2022-11-16 15:17:00,1630,1630,1635,1635,0
2022-11-16 15:18:00,1630,1630,1635,1635,0
2022-11-16 15:19:00,1630,1630,1635,1635,0
2022-11-16 15:20:00,1630,1630,1635,1635,0
2022-11-16 15:21:00,1630,1630,1635,1635,0
2022-11-16 15:22:00,1630,1630,1635,1635,0
2022-11-16 15:23:00,1630,1630,1635,1635,0
2022-11-16 15:24:00,1630,1630,1635,1635,0
2022-11-16 15:25:00,1630,1630,1635,1635,0
2022-11-16 15:26:00,1630,1630,1635,1635,0
2022-11-16 15:27:00,1630,1630,1635,1635,0
2022-11-16 15:28:00,1630,1630,1635,1635,0
2022-11-16 15:29:00,1630,1630,1635,1635,0
2022-11-16 15:30:00,1630,1630,1635,1635,0
2022-11-16 15:31:00,1630,1630,1635,1635,0
2022-11-16 15:32:00,1630,1630,1635,1635,0
2022-11-16 15:33:00,1630,1630,1635,1635,0
2022-11-16 15:34:00,1630,1630,1635,1635,0
2022-11-16 15:35:00,1630,1630,1635,1635,0
2022-11-16 15:36:00,1630,1630,1635,1635,0
2022-11-16 15:37:00,1630,1630,1635,1635,0
2022-11-16 15:38:00,1630,1630,1635,1635,0
2022-11-16 15:39:00,1630,1630,1635,1635,0
2022-11-16 15:40:00,1630,1630,1635,1635,0
2022-11-16 15:41:00,1630,1630,1635,1635,0
2022-11-16 15:42:00,1630,1630,1635,1635,0
2022-11-16 15:43:00,1630,1630,1635,1635,0
2022-11-16 15:44:00,1630,1630,1635,1635,0
2022-11-16 15:45:00,1630,1630,1635,1635,0
2022-11-16 15:46:00,1630,1630,1635,1635,0
2022-11-16 15:47:00,1630,1630,1635,1635,0
2022-11-16 15:48:00,1630,1630,1635,1635,0
2022-11-16 15:49:00,1630,1630,1635,1635,0
2022-11-16 15:50:00,1630,1630,1635,1635,0
2022-11-16 15:51:00,1630,1630,1635,1635,0
2022-11-16 15:52:00,1630,1630,1635,1635,0
2022-11-16 15:53:00,1630,1630,1635,1635,0
2022-11-16 15:54:00,1630,1630,1635,1635,0
2022-11-16 15:55:00,1630,1630,1635,1635,0
2022-11-16 15:56:00,1630,1630,1635,1635,0
2022-11-16 15:57:00,1630,1630,1635,1635,0
2022-11-16 15:58:00,1630,1630,1635,1635,0
2022-11-16 15:59:00,1630,1630,1635,1635,0
2022-11-17 09:00:00,1630,1630,1635,1635,0
2022-11-17 09:01:00,1630,1630,1635,1635,0
2022-11-17 09:02:00,1630,1630,1635,1635,0
2022-11-17 09:03:00,1630,1630,1635,1635,0
2022-11-17 09:04:00,1630,1630,1635,1635,0
2022-11-17 09:05:00,1630,1630,1635,1635,0
2022-11-17 09:06:00,1630,1630,1635,1635,0
2022-11-17 09:07:00,1630,1630,1635,1635,0
2022-11-17 09:08:00,1630,1630,1635,1635,0
2022-11-17 09:09:00,1630,1630,1635,1635,0
2022-11-17 09:10:00,1630,1630,1635,1635,0
2022-11-17 09:11:00,1630,1630,1635,1635,0
2022-11-17 09:12:00,1630,1630,1635,1635,0
2022-11-17 09:13:00,1630,1630,1635,1635,0
2022-11-17 09:14:00,1630,1630,1635,1635,0
2022-11-17 09:15:00,1630,1630,1635,1635,0
2022-11-17 09:16:00,1630,1630,1635,1635,0
2022-11-17 09:17:00,1630,1630,1635,1635,0
2022-11-17 09:18:00,1630,1630,1635,1635,0
2022-11-17 09:19:00,1630,1630,1635,1635,0
2022-11-17 09:20:00,1630,1630,1635,1635,0
2022-11-17 09:21:00,1630,1630,1635,1635,0
2022-11-17 09:22:00,1630,1630,1635,1635,0
2022-11-17 09:23:00,1630,1630,1635,1635,0
2022-11-17 09:24:00,1630,1630,1635,1635,0
2022-11-17 09:25:00,1630,1630,1635,1635,0
2022-11-17 09:26:00,1630,1630,1635,1635,0
2022-11-17 09:27:00,1630,1630,1635,1635,0
2022-11-17 09:28:00,1630,1630,1635,1635,0
2022-11-17 09:29:00,1630,1630,1635,1635,0
2022-11-17 09:30:00,1630,1630,1635,1635,0
2022-11-17 09:31:00,1630,1630,1635,1635,0
2022-11-17 09:32:00,1630,1630,1635,1635,0
2022-11-17 09:33:00,1630,1630,1635,1635,0
2022-11-17 09:34:00,1630,1630,1635,1635,0
2022-11-17 09:35:00,1630,1630,1635,1635,0
2022-11-17 09:36:00,1630,1630,1635,1635,0
2022-11-17 09:37:00,1630,1630,1635,1635,0
2022-11-17 09:38:00,1630,1630,1635,1635,0
2022-11-17 09:39:00,1630,1630,1635,1635,0
2022-11-17 09:40:00,1630,1630,1635,1635,0
2022-11-17 09:41:00,1630,1630,1635,1635,0
2022-11-17 09:42:00,1630,1630,1635,1635,0
2022-11-17 09:43:00,1630,1630,1635,1635,0
2022-11-17 09:44:00,1630,1630,1635,1635,0
2022-11-17 09:45:00,1630,1630,1635,1635,0
2022-11-17 09:46:00,1630,1630,1635,1635,0
2022-11-17 09:47:00,1630,1630,1635,1635,0
2022-11-17 09:48:00,1630,1630,1635,1635,0
2022-11-17 09:49:00,1630,1630,1635,1635,0
2022-11-17 09:50:00,1630,1630,1635,1635,0
2022-11-17 09:51:00,1630,1630,1635,1635,0
2022-11-17 09:52:00,1630,1630,1635,1635,0
2022-11-17 09:53:00,1630,1630,1635,1635,0
2022-11-17 09:54:00,1630,1630,1635,1635,0
2022-11-17 09:55:00,1630,1630,1635,1635,0
2022-11-17 09:56:00,1630,1630,1635,1635,0
2022-11-17 09:57:00,1630,1630,1635,1635,0
2022-11-17 09:58:00,1630,1630,1635,1635,0
2022-11-17 09:59:00,1630,1630,1635,1635,0
2022-11-17 10:00:00,1630,1630,1635,1635,0
2022-11-17 10:01:00,1630,1630,1635,1635,0
2022-11-17 10:02:00,1630,1630,1635,1635,0
2022-11-17 10:03:00,1630,1630,1635,1635,0
2022-11-17 10:04:00,1630,1630,1635,1635,0
2022-11-17 10:05:00,1630,1630,1635,1635,0
2022-11-17 10:06:00,1630,1630,1635,1635,0
2022-11-17 10:07:00,1630,1630,1635,1635,0
2022-11-17 10:08:00,1630,1630,1635,1635,0
2022-11-17 10:09:00,1630,1630,1635,1635,0
2022-11-17 10:10:00,1630,1630,1635,1635,0
2022-11-17 10:11:00,1630,1630,1635,1635,0
2022-11-17 10:12:00,1630,1630,1635,1635,0
2022-11-17 10:13:00,1630,1630,1635,1635,0
2022-11-17 10:14:00,1630,1630,1635,1635,0
2022-11-17 10:15:00,1630,1630,1635,1635,0
2022-11-17 10:16:00,1630,1630,1635,1635,0
2022-11-17 10:17:00,1630,1630,1635,1635,0
2022-11-17 10:18:00,1630,1630,1635,1635,0
2022-11-17 10:19:00,1630,1630,1635,1635,0
2022-11-17 10:20:00,1630,1630,1635,1635,0
2022-11-17 10:21:00,1630,1630,1635,1635,0
2022-11-17 10:22:00,1630,1630,1635,1635,0
2022-11-17 10:23:00,1630,1630,1635,1635,0
2022-11-17 10:24:00,1630,1630,1635,1635,0
2022-11-17 10:25:00,1630,1630,1635,1635,0
2022-11-17 10:26:00,1630,1630,1635,1635,0
2022-11-17 10:27:00,1630,1630,1635,1635,0
2022-11-17 10:28:00,1630,1630,1635,1635,0
2022-11-17 10:29:00,1630,1630,1635,1635,0
2022-11-17 10:30:00,1630,1630,1635,1635,0
2022-11-17 10:31:00,1630,1630,1635,1635,0
2022-11-17 10:32:00,1630,1630,1635,1635,0
2022-11-17 10:33:00,1630,1630,1635,1635,0
2022-11-17 10:34:00,1630,1630,1635,1635,0
2022-11-17 10:35:00,1630,1630,1635,1635,0
2022-11-17 10:36:00,1630,1630,1635,1635,0
2022-11-17 10:37:00,1630,1630,1635,1635,0
2022-11-17 10:38:00,1630,1630,1635,1635,0
2022-11-17 10:39:00,1630,1630,1635,1635,0
2022-11-17 10:40:00,1630,1630,1635,1635,0
2022-11-17 10:41:00,1630,1630,1635,1635,0
2022-11-17 10:42:00,1630,1630,1635,1635,0
2022-11-17 10:43:00,1630,1630,1635,1635,0
2022-11-17 10:44:00,1630,1630,1635,1635,0
2022-11-17 10:45:00,1630,1630,1635,1635,0
2022-11-17 10:46:00,1630,1630,1635,1635,0
2022-11-17 10:47:00,1630,1630,1635,1635,0
2022-11-17 10:48:00,1630,1630,1635,1635,0
2022-11-17 10:49:00,1630,1630,1635,1635,0
2022-11-17 10:50:00,1630,1630,1635,1635,0
2022-11-17 10:51:00,1630,1630,1635,1635,0
2022-11-17 10:52:00,1630,1630,1635,1635,0
2022-11-17 10:53:00,1630,1630,1635,1635,0
2022-11-17 10:54:00,1630,1630,1635,1635,0
2022-11-17 10:55:00,1630,1630,1635,1635,0
2022-11-17 10:56:00,1630,1630,1635,1635,0
2022-11-17 10:57:00,1630,1630,1635,1635,0
2022-11-17 10:58:00,1630,1630,1635,1635,0
2022-11-17 10:59:00,1630,1630,1635,1635,0
2022-11-17 11:00:00,1630,1630,1635,1635,0
2022-11-17 11:01:00,1630,1630,1635,1635,0
2022-11-17 11:02:00,1630,1630,1635,1635,0
2022-11-17 11:03:00,1630,1630,1635,1635,0
2022-11-17 11:04:00,1630,1630,1635,1635,0
2022-11-17 11:05:00,1630,1630,1635,1635,0
2022-11-17 11:06:00,1630,1630,1635,1635,0
2022-11-17 11:07:00,1630,1630,1635,1635,0
2022-11-17 11:08:00,1630,1630,1635,1635,0
2022-11-17 11:09:00,1630,1630,1635,1635,0
2022-11-17 11:10:00,1630,1630,1635,1635,0
2022-11-17 11:11:00,1630,1630,1635,1635,0
2022-11-17 11:12:00,1630,1630,1635,1635,0
2022-11-17 11:13:00,1630,1630,1635,1635,0
2022-11-17 11:14:00,1630,1630,1635,1635,0
2022-11-17 11:15:00,1600,1600,1600,1600,0
2022-11-17 11:16:00,1600,1600,1600,1600,0
2022-11-17 11:17:00,1600,1600,1600,1600,0
2022-11-17 11:18:00,1600,1600,1600,1600,0
2022-11-17 11:19:00,1600,1600,1600,1600,0
2022-11-17 11:20:00,1600,1600,1600,1600,0
2022-11-17 11:21:00,1600,1600,1600,1600,0
2022-11-17 11:22:00,1600,1600,1600,1600,0
2022-11-17 11:23:00,1600,1600,1600,1600,0
2022-11-17 11:24:00,1600,1600,1600,1600,0
2022-11-17 11:25:00,1600,1600,1600,1600,0
2022-11-17 11:26:00,1600,1600,1600,1600,0
2022-11-17 11:27:00,1600,1600,1600,1600,0
2022-11-17 11:28:00,1600,1600,1600,1600,0
2022-11-17 11:29:00,1600,1600,1600,1600,0
2022-11-17 11:30:00,1600,1600,1600,1600,0
2022-11-17 11:31:00,1600,1600,1600,1600,0
2022-11-17 11:32:00,1600,1600,1600,1600,0
2022-11-17 11:33:00,1600,1600,1600,1600,0
2022-11-17 11:34:00,1600,1600,1600,1600,0
2022-11-17 11:35:00,1600,1600,1600,1600,0
2022-11-17 11:36:00,1600,1600,1600,1600,0
2022-11-17 11:37:00,1600,1600,1600,1600,0
2022-11-17 11:38:00,1600,1600,1600,1600,0
2022-11-17 11:39:00,1600,1600,1600,1600,0
2022-11-17 11:40:00,1600,1600,1600,1600,0
2022-11-17 11:41:00,1600,1600,1600,1600,0
2022-11-17 11:42:00,1600,1600,1600,1600,0
2022-11-17 11:43:00,1600,1600,1600,1600,0
2022-11-17 11:44:00,1600,1600,1600,1600,0
2022-11-17 11:45:00,1600,1600,1600,1600,0
2022-11-17 11:46:00,1600,1600,1600,1600,0
2022-11-17 11:47:00,1600,1600,1600,1600,0
2022-11-17 11:48:00,1600,1600,1600,1600,0
2022-11-17 11:49:00,1600,1600,1600,1600,0
2022-11-17 11:50:00,1600,1600,1600,1600,0
2022-11-17 11:51:00,1600,1600,1600,1600,0
2022-11-17 11:52:00,1600,1600,1600,1600,0
2022-11-17 11:53:00,1600,1600,1600,1600,0
2022-11-17 11:54:00,1600,1600,1600,1600,0
2022-11-17 11:55:00,1600,1600,1600,1600,0
2022-11-17 11:56:00,1600,1600,1600,1600,0
2022-11-17 11:57:00,1600,1600,1600,1600,0
2022-11-17 11:58:00,1600,1600,1600,1600,0
2022-11-17 11:59:00,1600,1600,1600,1600,0
2022-11-17 12:00:00,1600,1600,1600,1600,0
2022-11-17 12:01:00,1600,1600,1600,1600,0
2022-11-17 12:02:00,1600,1600,1600,1600,0
2022-11-17 12:03:00,1600,1600,1600,1600,0
2022-11-17 12:04:00,1600,1600,1600,1600,0
2022-11-17 12:05:00,1600,1600,1600,1600,0
2022-11-17 12:06:00,1600,1600,1600,1600,0
2022-11-17 12:07:00,1600,1600,1600,1600,0
2022-11-17 12:08:00,1600,1600,1600,1600,0
2022-11-17 12:09:00,1600,1600,1600,1600,0
2022-11-17 12:10:00,1600,1600,1600,1600,0
2022-11-17 12:11:00,1600,1600,1600,1600,0
2022-11-17 12:12:00,1600,1600,1600,1600,0
2022-11-17 12:13:00,1600,1600,1600,1600,0
2022-11-17 12:14:00,1600,1600,1600,1600,0
2022-11-17 12:15:00,1600,1600,1600,1600,0
2022-11-17 12:16:00,1600,1600,1600,1600,0
2022-11-17 12:17:00,1600,1600,1600,1600,0
2022-11-17 12:18:00,1600,1600,1600,1600,0
2022-11-17 12:19:00,1600,1600,1600,1600,0
2022-11-17 12:20:00,1600,1600,1600,1600,0
2022-11-17 12:21:00,1600,1600,1600,1600,0
2022-11-17 12:22:00,1600,1600,1600,1600,0
2022-11-17 12:23:00,1600,1600,1600,1600,0
2022-11-17 12:24:00,1600,1600,1600,1600,0
2022-11-17 12:25:00,1600,1600,1600,1600,0
2022-11-17 12:26:00,1600,1600,1600,1600,0
2022-11-17 12:27:00,1600,1600,1600,1600,0
2022-11-17 12:28:00,1600,1600,1600,1600,0
2022-11-17 12:29:00,1600,1600,1600,1600,0
2022-11-17 12:30:00,1600,1600,1600,1600,0
2022-11-17 12:31:00,1600,1600,1600,1600,0
2022-11-17 12:32:00,1600,1600,1600,1600,0
2022-11-17 12:33:00,1600,1600,1600,1600,0
2022-11-17 12:34:00,1600,1600,1600,1600,0
2022-11-17 12:35:00,1600,1600,1600,1600,0
2022-11-17 12:36:00,1600,1600,1600,1600,0
2022-11-17 12:37:00,1600,1600,1600,1600,0
2022-11-17 12:38:00,1600,1600,1600,1600,0
2022-11-17 12:39:00,1600,1600,1600,1600,0
2022-11-17 12:40:00,1600,1600,1600,1600,0
2022-11-17 12:41:00,1600,1600,1600,1600,0
2022-11-17 12:42:00,1600,1600,1600,1600,0
2022-11-17 12:43:00,1600,1600,1600,1600,0
2022-11-17 12:44:00,1600,1600,1600,1600,0
2022-11-17 12:45:00,1600,1600,1600,1600,0
2022-11-17 12:46:00,1600,1600,1600,1600,0
2022-11-17 12:47:00,1600,1600,1600,1600,0
2022-11-17 12:48:00,1600,1600,1600,1600,0
2022-11-17 12:49:00,1600,1600,1600,1600,0
2022-11-17 12:50:00,1600,1600,1600,1600,0
2022-11-17 12:51:00,1600,1600,1600,1600,0
2022-11-17 12:52:00,1600,1600,1600,1600,0
2022-11-17 12:53:00,1600,1600,1600,1600,0
2022-11-17 12:54:00,1600,1600,1600,1600,0
2022-11-17 12:55:00,1600,1600,1600,1600,0
2022-11-17 12:56:00,1600,1600,1600,1600,0
2022-11-17 12:57:00,1600,1600,1600,1600,0
2022-11-17 12:58:00,1600,1600,1600,1600,0
2022-11-17 12:59:00,1600,1600,1600,1600,0
2022-11-17 13:00:00,1600,1600,1600,1600,0
2022-11-17 13:01:00,1600,1600,1600,1600,0
2022-11-17 13:02:00,1600,1600,1600,1600,0
2022-11-17 13:03:00,1600,1600,1600,1600,0
2022-11-17 13:04:00,1600,1600,1600,1600,0
2022-11-17 13:05:00,1600,1600,1600,1600,0
2022-11-17 13:06:00,1600,1600,1600,1600,0
2022-11-17 13:07:00,1600,1600,1600,1600,0
2022-11-17 13:08:00,1600,1600,1600,1600,0
2022-11-17 13:09:00,1600,1600,1600,1600,0
2022-11-17 13:10:00,1600,1600,1600,1600,0
2022-11-17 13:11:00,1600,1600,1600,1600,0
2022-11-17 13:12:00,1600,1600,1600,1600,0
2022-11-17 13:13:00,1600,1600,1600,1600,0
2022-11-17 13:14:00,1600,1600,1600,1600,0
2022-11-17 13:15:00,1600,1600,1600,1600,0
2022-11-17 13:16:00,1600,1600,1600,1600,0
2022-11-17 13:17:00,1600,1600,1600,1600,0
2022-11-17 13:18:00,1600,1600,1600,1600,0
2022-11-17 13:19:00,1600,1600,1600,1600,0
2022-11-17 13:20:00,1600,1600,1600,1600,0
2022-11-17 13:21:00,1600,1600,1600,1600,0
2022-11-17 13:22:00,1600,1600,1600,1600,0
2022-11-17 13:23:00,1600,1600,1600,1600,0
2022-11-17 13:24:00,1600,1600,1600,1600,0
2022-11-17 13:25:00,1600,1600,1600,1600,0
2022-11-17 13:26:00,1600,1600,1600,1600,0
2022-11-17 13:27:00,1600,1600,1600,1600,0
2022-11-17 13:28:00,1600,1600,1600,1600,0
2022-11-17 13:29:00,1600,1600,1600,1600,0
2022-11-17 13:30:00,1600,1600,1600,1600,0
2022-11-17 13:31:00,1600,1600,1600,1600,0
2022-11-17 13:32:00,1600,1600,1600,1600,0
2022-11-17 13:33:00,1600,1600,1600,1600,0
2022-11-17 13:34:00,1585,1585,1590,1590,74000
2022-11-17 13:35:00,1595,1595,1595,1595,35400
2022-11-17 13:36:00,1595,1595,1595,1595,0
2022-11-17 13:37:00,1595,1595,1595,1595,0
2022-11-17 13:38:00,1595,1595,1595,1595,0
2022-11-17 13:39:00,1595,1595,1595,1595,0
2022-11-17 13:40:00,1595,1595,1595,1595,0
2022-11-17 13:41:00,1595,1595,1595,1595,0
2022-11-17 13:42:00,1595,1595,1595,1595,0
2022-11-17 13:43:00,1595,1595,1595,1595,0
2022-11-17 13:44:00,1595,1595,1595,1595,0
2022-11-17 13:45:00,1595,1595,1595,1595,0
2022-11-17 13:46:00,1595,1595,1595,1595,0
2022-11-17 13:47:00,1595,1595,1595,1595,0
2022-11-17 13:48:00,1595,1595,1595,1595,0
2022-11-17 13:49:00,1595,1595,1595,1595,0
2022-11-17 13:50:00,1595,1595,1595,1595,0
2022-11-17 13:51:00,1595,1595,1595,1595,0
2022-11-17 13:52:00,1595,1595,1595,1595,0
2022-11-17 13:53:00,1595,1595,1595,1595,0
2022-11-17 13:54:00,1595,1595,1595,1595,0
2022-11-17 13:55:00,1595,1595,1595,1595,0
2022-11-17 13:56:00,1595,1595,1595,1595,0
2022-11-17 13:57:00,1595,1595,1595,1595,0
2022-11-17 13:58:00,1595,1595,1595,1595,0
2022-11-17 13:59:00,1595,1595,1595,1595,0
2022-11-17 14:00:00,1595,1595,1595,1595,0
2022-11-17 14:01:00,1595,1595,1595,1595,0
2022-11-17 14:02:00,1595,1595,1595,1595,0
2022-11-17 14:03:00,1595,1595,1595,1595,0
2022-11-17 14:04:00,1595,1595,1595,1595,0
2022-11-17 14:05:00,1595,1595,1595,1595,0
2022-11-17 14:06:00,1595,1595,1595,1595,0
2022-11-17 14:07:00,1595,1595,1595,1595,0
2022-11-17 14:08:00,1595,1595,1595,1595,0
2022-11-17 14:09:00,1595,1595,1595,1595,0
2022-11-17 14:10:00,1595,1595,1595,1595,0
2022-11-17 14:11:00,1595,1595,1595,1595,0
2022-11-17 14:12:00,1595,1595,1595,1595,0
2022-11-17 14:13:00,1595,1595,1595,1595,0
2022-11-17 14:14:00,1595,1595,1595,1595,0
2022-11-17 14:15:00,1595,1595,1595,1595,0
2022-11-17 14:16:00,1595,1595,1595,1595,0
2022-11-17 14:17:00,1595,1595,1595,1595,0
2022-11-17 14:18:00,1585,1585,1585,1585,109600
2022-11-17 14:19:00,1585,1585,1585,1585,0
2022-11-17 14:20:00,1585,1585,1585,1585,0
2022-11-17 14:21:00,1585,1585,1585,1585,0
2022-11-17 14:22:00,1585,1585,1585,1585,0
2022-11-17 14:23:00,1585,1585,1585,1585,0
2022-11-17 14:24:00,1585,1585,1585,1585,0
2022-11-17 14:25:00,1585,1585,1585,1585,0
2022-11-17 14:26:00,1585,1585,1585,1585,0
2022-11-17 14:27:00,1585,1585,1585,1585,0
2022-11-17 14:28:00,1585,1585,1585,1585,0
2022-11-17 14:29:00,1585,1585,1585,1585,0
2022-11-17 14:30:00,1585,1585,1585,1585,0
2022-11-17 14:31:00,1585,1585,1585,1585,0
2022-11-17 14:32:00,1585,1585,1585,1585,0
2022-11-17 14:33:00,1585,1585,1585,1585,0
2022-11-17 14:34:00,1585,1585,1585,1585,0
2022-11-17 14:35:00,1585,1585,1585,1585,0
2022-11-17 14:36:00,1585,1585,1585,1585,0
2022-11-17 14:37:00,1585,1585,1585,1585,0
2022-11-17 14:38:00,1585,1585,1585,1585,0
2022-11-17 14:39:00,1585,1585,1585,1585,0
2022-11-17 14:40:00,1585,1585,1585,1585,0
2022-11-17 14:41:00,1585,1585,1585,1585,0
2022-11-17 14:42:00,1585,1585,1585,1585,0
2022-11-17 14:43:00,1585,1585,1585,1585,0
2022-11-17 14:44:00,1585,1585,1585,1585,0
2022-11-17 14:45:00,1585,1585,1585,1585,0
2022-11-17 14:46:00,1585,1585,1585,1585,0
2022-11-17 14:47:00,1585,1585,1585,1585,0
2022-11-17 14:48:00,1585,1585,1585,1585,0
2022-11-17 14:49:00,1585,1585,1585,1585,0
2022-11-17 14:50:00,1585,1585,1585,1585,0
2022-11-17 14:51:00,1585,1585,1585,1585,0
2022-11-17 14:52:00,1585,1585,1585,1585,0
2022-11-17 14:53:00,1585,1585,1585,1585,0
2022-11-17 14:54:00,1585,1585,1585,1585,0
2022-11-17 14:55:00,1585,1585,1585,1585,0
2022-11-17 14:56:00,1585,1585,1585,1585,0
2022-11-17 14:57:00,1585,1585,1585,1585,0
2022-11-17 14:58:00,1585,1585,1585,1585,0
2022-11-17 14:59:00,1585,1585,1585,1585,0
2022-11-17 15:00:00,1585,1585,1585,1585,0
2022-11-17 15:01:00,1585,1585,1585,1585,0
2022-11-17 15:02:00,1585,1585,1585,1585,0
2022-11-17 15:03:00,1585,1585,1585,1585,0
2022-11-17 15:04:00,1585,1585,1585,1585,0
2022-11-17 15:05:00,1585,1585,1585,1585,0
2022-11-17 15:06:00,1585,1585,1585,1585,0
2022-11-17 15:07:00,1585,1585,1585,1585,0
2022-11-17 15:08:00,1585,1585,1585,1585,0
2022-11-17 15:09:00,1585,1585,1585,1585,0
2022-11-17 15:10:00,1585,1585,1585,1585,0
2022-11-17 15:11:00,1585,1585,1585,1585,0
2022-11-17 15:12:00,1585,1585,1585,1585,0
2022-11-17 15:13:00,1585,1585,1585,1585,0
2022-11-17 15:14:00,1585,1585,1585,1585,0
2022-11-17 15:15:00,1585,1585,1585,1585,0
2022-11-17 15:16:00,1585,1585,1585,1585,0
2022-11-17 15:17:00,1585,1585,1585,1585,0
2022-11-17 15:18:00,1585,1585,1585,1585,0
2022-11-17 15:19:00,1585,1585,1585,1585,0
2022-11-17 15:20:00,1585,1585,1585,1585,0
2022-11-17 15:21:00,1585,1585,1585,1585,0
2022-11-17 15:22:00,1585,1585,1585,1585,0
2022-11-17 15:23:00,1585,1585,1585,1585,0
2022-11-17 15:24:00,1585,1585,1585,1585,0
2022-11-17 15:25:00,1585,1585,1585,1585,0
2022-11-17 15:26:00,1585,1585,1585,1585,0
2022-11-17 15:27:00,1585,1585,1585,1585,0
2022-11-17 15:28:00,1585,1585,1585,1585,0
2022-11-17 15:29:00,1585,1585,1585,1585,0
2022-11-17 15:30:00,1585,1585,1585,1585,0
2022-11-17 15:31:00,1585,1585,1585,1585,0
2022-11-17 15:32:00,1585,1585,1585,1585,0
2022-11-17 15:33:00,1585,1585,1585,1585,0
2022-11-17 15:34:00,1585,1585,1585,1585,0
2022-11-17 15:35:00,1585,1585,1585,1585,0
2022-11-17 15:36:00,1585,1585,1585,1585,0
2022-11-17 15:37:00,1585,1585,1585,1585,0
2022-11-17 15:38:00,1585,1585,1585,1585,0
2022-11-17 15:39:00,1585,1585,1585,1585,0
2022-11-17 15:40:00,1585,1585,1585,1585,0
2022-11-17 15:41:00,1585,1585,1585,1585,0
2022-11-17 15:42:00,1585,1585,1585,1585,0
2022-11-17 15:43:00,1585,1585,1585,1585,0
2022-11-17 15:44:00,1585,1585,1585,1585,0
2022-11-17 15:45:00,1585,1585,1585,1585,0
2022-11-17 15:46:00,1585,1585,1585,1585,0
2022-11-17 15:47:00,1585,1585,1585,1585,0
2022-11-17 15:48:00,1585,1585,1585,1585,0
2022-11-17 15:49:00,1585,1585,1585,1585,0
2022-11-17 15:50:00,1585,1585,1585,1585,0
2022-11-17 15:51:00,1585,1585,1585,1585,0
2022-11-17 15:52:00,1585,1585,1585,1585,0
2022-11-17 15:53:00,1585,1585,1585,1585,0
2022-11-17 15:54:00,1585,1585,1585,1585,0
2022-11-17 15:55:00,1585,1585,1585,1585,0
2022-11-17 15:56:00,1585,1585,1585,1585,0
2022-11-17 15:57:00,1585,1585,1585,1585,0
2022-11-17 15:58:00,1585,1585,1585,1585,0
2022-11-17 15:59:00,1585,1585,1585,1585,0
2022-11-18 09:00:00,1585,1585,1585,1585,0
2022-11-18 09:01:00,1585,1585,1585,1585,0
2022-11-18 09:02:00,1585,1585,1585,1585,0
2022-11-18 09:03:00,1585,1585,1585,1585,0
2022-11-18 09:04:00,1585,1585,1585,1585,0
2022-11-18 09:05:00,1585,1585,1585,1585,0
2022-11-18 09:06:00,1585,1585,1585,1585,0
2022-11-18 09:07:00,1585,1585,1585,1585,0
2022-11-18 09:08:00,1585,1585,1585,1585,0
2022-11-18 09:09:00,1585,1585,1585,1585,0
2022-11-18 09:10:00,1585,1585,1585,1585,0
2022-11-18 09:11:00,1585,1585,1585,1585,0
2022-11-18 09:12:00,1585,1585,1585,1585,0
2022-11-18 09:13:00,1585,1585,1585,1585,0
2022-11-18 09:14:00,1585,1585,1585,1585,0
2022-11-18 09:15:00,1585,1585,1585,1585,0
2022-11-18 09:16:00,1585,1585,1585,1585,0
2022-11-18 09:17:00,1585,1585,1585,1585,0
2022-11-18 09:18:00,1585,1585,1585,1585,0
2022-11-18 09:19:00,1585,1585,1585,1585,0
2022-11-18 09:20:00,1585,1585,1585,1585,0
2022-11-18 09:21:00,1585,1585,1585,1585,0
2022-11-18 09:22:00,1585,1585,1585,1585,0
2022-11-18 09:23:00,1585,1585,1585,1585,0
2022-11-18 09:24:00,1585,1585,1585,1585,0
2022-11-18 09:25:00,1585,1585,1585,1585,0
2022-11-18 09:26:00,1585,1585,1585,1585,0
2022-11-18 09:27:00,1585,1585,1585,1585,0
2022-11-18 09:28:00,1585,1585,1585,1585,0
2022-11-18 09:29:00,1585,1585,1585,1585,0
2022-11-18 09:30:00,1585,1585,1585,1585,0
2022-11-18 09:31:00,1585,1585,1585,1585,0
2022-11-18 09:32:00,1585,1585,1585,1585,0
2022-11-18 09:33:00,1585,1585,1585,1585,0
2022-11-18 09:34:00,1585,1585,1585,1585,0
2022-11-18 09:35:00,1585,1585,1585,1585,0
2022-11-18 09:36:00,1585,1585,1585,1585,0
2022-11-18 09:37:00,1585,1585,1585,1585,0
2022-11-18 09:38:00,1585,1585,1585,1585,0
2022-11-18 09:39:00,1585,1585,1585,1585,0
2022-11-18 09:40:00,1585,1585,1585,1585,0
2022-11-18 09:41:00,1585,1585,1585,1585,0
2022-11-18 09:42:00,1585,1585,1585,1585,0
2022-11-18 09:43:00,1585,1585,1585,1585,0
2022-11-18 09:44:00,1585,1585,1585,1585,0
2022-11-18 09:45:00,1585,1585,1585,1585,0
2022-11-18 09:46:00,1585,1585,1585,1585,0
2022-11-18 09:47:00,1585,1585,1585,1585,0
2022-11-18 09:48:00,1585,1585,1585,1585,0
2022-11-18 09:49:00,1585,1585,1585,1585,0
2022-11-18 09:50:00,1585,1585,1585,1585,0
2022-11-18 09:51:00,1585,1585,1585,1585,0
2022-11-18 09:52:00,1585,1585,1585,1585,0
2022-11-18 09:53:00,1585,1585,1585,1585,0
2022-11-18 09:54:00,1585,1585,1585,1585,0
2022-11-18 09:55:00,1585,1585,1585,1585,0
2022-11-18 09:56:00,1585,1585,1585,1585,0
2022-11-18 09:57:00,1585,1585,1585,1585,0
2022-11-18 09:58:00,1585,1585,1585,1585,0
2022-11-18 09:59:00,1585,1585,1585,1585,0
2022-11-18 10:00:00,1585,1585,1585,1585,0
2022-11-18 10:01:00,1585,1585,1595,1595,0
2022-11-18 10:02:00,1585,1585,1595,1595,0
2022-11-18 10:03:00,1585,1585,1595,1595,0
2022-11-18 10:04:00,1585,1585,1595,1595,0
2022-11-18 10:05:00,1585,1585,1595,1595,0
2022-11-18 10:06:00,1585,1585,1595,1595,0
2022-11-18 10:07:00,1585,1585,1595,1595,0
2022-11-18 10:08:00,1585,1585,1595,1595,0
2022-11-18 10:09:00,1585,1585,1595,1595,0
2022-11-18 10:10:00,1585,1585,1595,1595,0
2022-11-18 10:11:00,1585,1585,1595,1595,0
2022-11-18 10:12:00,1585,1585,1595,1595,0
2022-11-18 10:13:00,1585,1585,1595,1595,0
2022-11-18 10:14:00,1585,1585,1595,1595,0
2022-11-18 10:15:00,1585,1585,1595,1595,0
2022-11-18 10:16:00,1585,1585,1595,1595,0
2022-11-18 10:17:00,1585,1585,1595,1595,0
2022-11-18 10:18:00,1585,1585,1595,1595,0
2022-11-18 10:19:00,1585,1585,1595,1595,0
2022-11-18 10:20:00,1585,1585,1595,1595,0
2022-11-18 10:21:00,1585,1585,1595,1595,0
2022-11-18 10:22:00,1585,1585,1595,1595,0
2022-11-18 10:23:00,1585,1585,1595,1595,0
2022-11-18 10:24:00,1585,1585,1595,1595,0
2022-11-18 10:25:00,1585,1585,1595,1595,0
2022-11-18 10:26:00,1585,1585,1595,1595,0
2022-11-18 10:27:00,1585,1585,1595,1595,0
2022-11-18 10:28:00,1585,1585,1595,1595,0
2022-11-18 10:29:00,1585,1585,1595,1595,0
2022-11-18 10:30:00,1585,1585,1595,1595,0
2022-11-18 10:31:00,1585,1585,1595,1595,0
2022-11-18 10:32:00,1585,1585,1595,1595,0
2022-11-18 10:33:00,1585,1585,1595,1595,0
2022-11-18 10:34:00,1585,1585,1595,1595,0
2022-11-18 10:35:00,1585,1585,1595,1595,0
2022-11-18 10:36:00,1585,1585,1595,1595,0
2022-11-18 10:37:00,1585,1585,1595,1595,0
2022-11-18 10:38:00,1585,1585,1595,1595,0
2022-11-18 10:39:00,1585,1585,1595,1595,0
2022-11-18 10:40:00,1585,1585,1595,1595,0
2022-11-18 10:41:00,1585,1585,1595,1595,0
2022-11-18 10:42:00,1585,1585,1595,1595,0
2022-11-18 10:43:00,1585,1585,1595,1595,0
2022-11-18 10:44:00,1585,1585,1595,1595,0
2022-11-18 10:45:00,1585,1585,1595,1595,0
2022-11-18 10:46:00,1585,1585,1595,1595,0
2022-11-18 10:47:00,1585,1585,1595,1595,0
2022-11-18 10:48:00,1585,1585,1595,1595,0
2022-11-18 10:49:00,1585,1585,1595,1595,0
2022-11-18 10:50:00,1585,1585,1595,1595,0
2022-11-18 10:51:00,1585,1585,1595,1595,0
2022-11-18 10:52:00,1585,1585,1595,1595,0
2022-11-18 10:53:00,1585,1585,1595,1595,0
2022-11-18 10:54:00,1585,1585,1595,1595,0
2022-11-18 10:55:00,1585,1585,1595,1595,0
2022-11-18 10:56:00,1585,1585,1595,1595,0
2022-11-18 10:57:00,1585,1585,1595,1595,0
2022-11-18 10:58:00,1585,1585,1595,1595,0
2022-11-18 10:59:00,1585,1585,1595,1595,0
2022-11-18 11:00:00,1585,1585,1595,1595,0
2022-11-18 11:01:00,1585,1585,1595,1595,0
2022-11-18 11:02:00,1585,1585,1595,1595,0
2022-11-18 11:03:00,1585,1585,1595,1595,0
2022-11-18 11:04:00,1585,1585,1595,1595,0
2022-11-18 11:05:00,1585,1585,1595,1595,0
2022-11-18 11:06:00,1585,1585,1595,1595,0
2022-11-18 11:07:00,1585,1585,1595,1595,0
2022-11-18 11:08:00,1585,1585,1595,1595,0
2022-11-18 11:09:00,1585,1585,1595,1595,0
2022-11-18 11:10:00,1585,1585,1595,1595,0
2022-11-18 11:11:00,1585,1585,1595,1595,0
2022-11-18 11:12:00,1585,1585,1595,1595,0
2022-11-18 11:13:00,1585,1585,1595,1595,0
2022-11-18 11:14:00,1585,1585,1595,1595,0
2022-11-18 11:15:00,1585,1585,1595,1595,0
2022-11-18 11:16:00,1585,1585,1595,1595,0
2022-11-18 11:17:00,1585,1585,1595,1595,0
2022-11-18 11:18:00,1585,1585,1595,1595,0
2022-11-18 11:19:00,1585,1585,1595,1595,0
2022-11-18 11:20:00,1585,1585,1595,1595,0
2022-11-18 11:21:00,1585,1585,1595,1595,0
2022-11-18 11:22:00,1585,1585,1595,1595,0
2022-11-18 11:23:00,1585,1585,1595,1595,0
2022-11-18 11:24:00,1585,1585,1595,1595,0
2022-11-18 11:25:00,1585,1585,1595,1595,0
2022-11-18 11:26:00,1585,1585,1595,1595,0
2022-11-18 11:27:00,1585,1585,1595,1595,0
2022-11-18 11:28:00,1585,1585,1595,1595,0
2022-11-18 11:29:00,1585,1585,1595,1595,0
2022-11-18 11:30:00,1585,1585,1595,1595,0
2022-11-18 11:31:00,1585,1585,1595,1595,0
2022-11-18 11:32:00,1585,1585,1595,1595,0
2022-11-18 11:33:00,1585,1585,1595,1595,0
2022-11-18 11:34:00,1585,1585,1595,1595,0
2022-11-18 11:35:00,1585,1585,1595,1595,0
2022-11-18 11:36:00,1585,1585,1595,1595,0
2022-11-18 11:37:00,1585,1585,1595,1595,0
2022-11-18 11:38:00,1585,1585,1595,1595,0
2022-11-18 11:39:00,1585,1585,1595,1595,0
2022-11-18 11:40:00,1585,1585,1595,1595,0
2022-11-18 11:41:00,1585,1585,1595,1595,0
2022-11-18 11:42:00,1585,1585,1595,1595,0
2022-11-18 11:43:00,1585,1585,1595,1595,0
2022-11-18 11:44:00,1585,1585,1595,1595,0
2022-11-18 11:45:00,1585,1585,1595,1595,0
2022-11-18 11:46:00,1585,1585,1595,1595,0
2022-11-18 11:47:00,1585,1585,1595,1595,0
2022-11-18 11:48:00,1585,1585,1595,1595,0
2022-11-18 11:49:00,1585,1585,1595,1595,0
2022-11-18 11:50:00,1585,1585,1595,1595,0
2022-11-18 11:51:00,1585,1585,1595,1595,0
2022-11-18 11:52:00,1585,1585,1595,1595,0
2022-11-18 11:53:00,1585,1585,1595,1595,0
2022-11-18 11:54:00,1585,1585,1595,1595,0
2022-11-18 11:55:00,1585,1585,1595,1595,0
2022-11-18 11:56:00,1585,1585,1595,1595,0
2022-11-18 11:57:00,1585,1585,1595,1595,0
2022-11-18 11:58:00,1585,1585,1595,1595,0
2022-11-18 11:59:00,1585,1585,1595,1595,0
2022-11-18 12:00:00,1585,1585,1595,1595,0
2022-11-18 12:01:00,1585,1585,1595,1595,0
2022-11-18 12:02:00,1585,1585,1595,1595,0
2022-11-18 12:03:00,1585,1585,1595,1595,0
2022-11-18 12:04:00,1585,1585,1595,1595,0
2022-11-18 12:05:00,1585,1585,1595,1595,0
2022-11-18 12:06:00,1585,1585,1595,1595,0
2022-11-18 12:07:00,1585,1585,1595,1595,0
2022-11-18 12:08:00,1585,1585,1595,1595,0
2022-11-18 12:09:00,1585,1585,1595,1595,0
2022-11-18 12:10:00,1585,1585,1595,1595,0
2022-11-18 12:11:00,1585,1585,1595,1595,0
2022-11-18 12:12:00,1585,1585,1595,1595,0
2022-11-18 12:13:00,1585,1585,1595,1595,0
2022-11-18 12:14:00,1585,1585,1595,1595,0
2022-11-18 12:15:00,1585,1585,1595,1595,0
2022-11-18 12:16:00,1585,1585,1595,1595,0
2022-11-18 12:17:00,1585,1585,1595,1595,0
2022-11-18 12:18:00,1585,1585,1595,1595,0
2022-11-18 12:19:00,1585,1585,1595,1595,0
2022-11-18 12:20:00,1585,1585,1595,1595,0
2022-11-18 12:21:00,1585,1585,1595,1595,0
2022-11-18 12:22:00,1585,1585,1595,1595,0
2022-11-18 12:23:00,1585,1585,1595,1595,0
2022-11-18 12:24:00,1585,1585,1595,1595,0
2022-11-18 12:25:00,1585,1585,1595,1595,0
2022-11-18 12:26:00,1585,1585,1595,1595,0
2022-11-18 12:27:00,1585,1585,1595,1595,0
2022-11-18 12:28:00,1585,1585,1595,1595,0
2022-11-18 12:29:00,1585,1585,1595,1595,0
2022-11-18 12:30:00,1585,1585,1595,1595,0
2022-11-18 12:31:00,1585,1585,1595,1595,0
2022-11-18 12:32:00,1585,1585,1595,1595,0
2022-11-18 12:33:00,1585,1585,1595,1595,0
2022-11-18 12:34:00,1585,1585,1595,1595,0
2022-11-18 12:35:00,1585,1585,1595,1595,0
2022-11-18 12:36:00,1585,1585,1595,1595,0
2022-11-18 12:37:00,1585,1585,1595,1595,0
2022-11-18 12:38:00,1585,1585,1595,1595,0
2022-11-18 12:39:00,1585,1585,1595,1595,0
2022-11-18 12:40:00,1585,1585,1595,1595,0
2022-11-18 12:41:00,1585,1585,1595,1595,0
2022-11-18 12:42:00,1585,1585,1595,1595,0
2022-11-18 12:43:00,1585,1585,1595,1595,0
2022-11-18 12:44:00,1585,1585,1595,1595,0
2022-11-18 12:45:00,1585,1585,1595,1595,0
2022-11-18 12:46:00,1585,1585,1595,1595,0
2022-11-18 12:47:00,1585,1585,1595,1595,0
2022-11-18 12:48:00,1585,1585,1595,1595,0
2022-11-18 12:49:00,1585,1585,1595,1595,0
2022-11-18 12:50:00,1585,1585,1595,1595,0
2022-11-18 12:51:00,1585,1585,1595,1595,0
2022-11-18 12:52:00,1585,1585,1595,1595,0
2022-11-18 12:53:00,1585,1585,1595,1595,0
2022-11-18 12:54:00,1585,1585,1595,1595,0
2022-11-18 12:55:00,1585,1585,1595,1595,0
2022-11-18 12:56:00,1585,1585,1595,1595,0
2022-11-18 12:57:00,1585,1585,1595,1595,0
2022-11-18 12:58:00,1585,1585,1595,1595,0
2022-11-18 12:59:00,1585,1585,1595,1595,0
2022-11-18 13:00:00,1585,1585,1595,1595,0
2022-11-18 13:01:00,1585,1585,1595,1595,0
2022-11-18 13:02:00,1585,1585,1595,1595,0
2022-11-18 13:03:00,1585,1585,1595,1595,0
2022-11-18 13:04:00,1585,1585,1595,1595,0
2022-11-18 13:05:00,1585,1585,1595,1595,0
2022-11-18 13:06:00,1585,1585,1595,1595,0
2022-11-18 13:07:00,1585,1585,1595,1595,0
2022-11-18 13:08:00,1585,1585,1595,1595,0
2022-11-18 13:09:00,1585,1585,1595,1595,0
2022-11-18 13:10:00,1585,1585,1595,1595,0
2022-11-18 13:11:00,1585,1585,1595,1595,0
2022-11-18 13:12:00,1585,1585,1595,1595,0
2022-11-18 13:13:00,1585,1585,1595,1595,0
2022-11-18 13:14:00,1585,1585,1595,1595,0
2022-11-18 13:15:00,1585,1585,1595,1595,0
2022-11-18 13:16:00,1585,1585,1595,1595,0
2022-11-18 13:17:00,1585,1585,1595,1595,0
2022-11-18 13:18:00,1585,1585,1595,1595,0
2022-11-18 13:19:00,1585,1585,1595,1595,0
2022-11-18 13:20:00,1585,1585,1595,1595,0
2022-11-18 13:21:00,1585,1585,1595,1595,0
2022-11-18 13:22:00,1585,1585,1595,1595,0
2022-11-18 13:23:00,1585,1585,1595,1595,0
2022-11-18 13:24:00,1585,1585,1595,1595,0
2022-11-18 13:25:00,1585,1585,1595,1595,0
2022-11-18 13:26:00,1585,1585,1595,1595,0
2022-11-18 13:27:00,1585,1585,1595,1595,0
2022-11-18 13:28:00,1585,1585,1595,1595,0
2022-11-18 13:29:00,1585,1585,1595,1595,0
2022-11-18 13:30:00,1585,1585,1595,1595,0
2022-11-18 13:31:00,1585,1585,1595,1595,0
2022-11-18 13:32:00,1585,1585,1595,1595,0
2022-11-18 13:33:00,1585,1585,1595,1595,0
2022-11-18 13:34:00,1585,1585,1595,1595,0
2022-11-18 13:35:00,1585,1585,1595,1595,0
2022-11-18 13:36:00,1585,1585,1595,1595,0
2022-11-18 13:37:00,1585,1585,1595,1595,0
2022-11-18 13:38:00,1585,1585,1595,1595,0
2022-11-18 13:39:00,1585,1585,1595,1595,0
2022-11-18 13:40:00,1585,1585,1595,1595,0
2022-11-18 13:41:00,1585,1585,1595,1595,0
2022-11-18 13:42:00,1585,1585,1595,1595,0
2022-11-18 13:43:00,1585,1585,1595,1595,0
2022-11-18 13:44:00,1585,1585,1595,1595,0
2022-11-18 13:45:00,1585,1585,1595,1595,0
2022-11-18 13:46:00,1585,1585,1595,1595,0
2022-11-18 13:47:00,1585,1585,1595,1595,0
2022-11-18 13:48:00,1585,1585,1595,1595,0
2022-11-18 13:49:00,1585,1585,1595,1595,0
2022-11-18 13:50:00,1585,1585,1595,1595,0
2022-11-18 13:51:00,1585,1585,1595,1595,0
2022-11-18 13:52:00,1585,1585,1595,1595,0
2022-11-18 13:53:00,1585,1585,1595,1595,0
2022-11-18 13:54:00,1585,1585,1595,1595,0
2022-11-18 13:55:00,1585,1585,1595,1595,0
2022-11-18 13:56:00,1585,1585,1595,1595,0
2022-11-18 13:57:00,1585,1585,1595,1595,0
2022-11-18 13:58:00,1585,1585,1595,1595,0
2022-11-18 13:59:00,1585,1585,1595,1595,0
2022-11-18 14:00:00,1585,1585,1595,1595,0
2022-11-18 14:01:00,1585,1585,1595,1595,0
2022-11-18 14:02:00,1585,1585,1595,1595,0
2022-11-18 14:03:00,1585,1585,1595,1595,0
2022-11-18 14:04:00,1585,1585,1595,1595,0
2022-11-18 14:05:00,1585,1585,1595,1595,0
2022-11-18 14:06:00,1585,1585,1595,1595,0
2022-11-18 14:07:00,1585,1585,1595,1595,0
2022-11-18 14:08:00,1585,1585,1595,1595,0
2022-11-18 14:09:00,1585,1585,1595,1595,0
2022-11-18 14:10:00,1585,1585,1595,1595,0
2022-11-18 14:11:00,1585,1585,1595,1595,0
2022-11-18 14:12:00,1585,1585,1595,1595,0
2022-11-18 14:13:00,1585,1585,1595,1595,0
2022-11-18 14:14:00,1585,1585,1595,1595,0
2022-11-18 14:15:00,1585,1585,1595,1595,0
2022-11-18 14:16:00,1585,1585,1595,1595,0
2022-11-18 14:17:00,1585,1585,1595,1595,0
2022-11-18 14:18:00,1585,1585,1595,1595,0
2022-11-18 14:19:00,1585,1585,1595,1595,0
2022-11-18 14:20:00,1585,1585,1595,1595,0
2022-11-18 14:21:00,1585,1585,1595,1595,0
2022-11-18 14:22:00,1585,1585,1595,1595,0
2022-11-18 14:23:00,1585,1585,1595,1595,0
2022-11-18 14:24:00,1585,1585,1595,1595,0
2022-11-18 14:25:00,1585,1585,1595,1595,0
2022-11-18 14:26:00,1585,1585,1595,1595,0
2022-11-18 14:27:00,1585,1585,1595,1595,0
2022-11-18 14:28:00,1585,1585,1595,1595,0
2022-11-18 14:29:00,1585,1585,1595,1595,0
2022-11-18 14:30:00,1585,1585,1595,1595,0
2022-11-18 14:31:00,1585,1585,1595,1595,0
2022-11-18 14:32:00,1585,1585,1595,1595,0
2022-11-18 14:33:00,1585,1585,1595,1595,0
2022-11-18 14:34:00,1585,1585,1595,1595,0
2022-11-18 14:35:00,1585,1585,1595,1595,0
2022-11-18 14:36:00,1585,1585,1595,1595,0
2022-11-18 14:37:00,1585,1585,1595,1595,0
2022-11-18 14:38:00,1585,1585,1595,1595,0
2022-11-18 14:39:00,1585,1585,1595,1595,0
2022-11-18 14:40:00,1585,1585,1595,1595,0
2022-11-18 14:41:00,1585,1585,1595,1595,0
2022-11-18 14:42:00,1585,1585,1595,1595,0
2022-11-18 14:43:00,1585,1585,1595,1595,0
2022-11-18 14:44:00,1585,1585,1595,1595,0
2022-11-18 14:45:00,1585,1585,1595,1595,0
2022-11-18 14:46:00,1585,1585,1595,1595,0
2022-11-18 14:47:00,1585,1585,1595,1595,0
2022-11-18 14:48:00,1585,1585,1595,1595,0
2022-11-18 14:49:00,1585,1585,1595,1595,0
2022-11-18 14:50:00,1585,1585,1595,1595,0
2022-11-18 14:51:00,1585,1585,1595,1595,0
2022-11-18 14:52:00,1585,1585,1595,1595,0
2022-11-18 14:53:00,1585,1585,1595,1595,0
2022-11-18 14:54:00,1585,1585,1595,1595,0
2022-11-18 14:55:00,1585,1585,1595,1595,0
2022-11-18 14:56:00,1585,1585,1595,1595,0
2022-11-18 14:57:00,1585,1585,1595,1595,0
2022-11-18 14:58:00,1585,1585,1595,1595,0
2022-11-18 14:59:00,1585,1585,1595,1595,0
2022-11-18 15:00:00,1585,1585,1595,1595,0
2022-11-18 15:01:00,1585,1585,1595,1595,0
2022-11-18 15:02:00,1585,1585,1595,1595,0
2022-11-18 15:03:00,1585,1585,1595,1595,0
2022-11-18 15:04:00,1585,1585,1595,1595,0
2022-11-18 15:05:00,1585,1585,1595,1595,0
2022-11-18 15:06:00,1585,1585,1595,1595,0
2022-11-18 15:07:00,1585,1585,1595,1595,0
2022-11-18 15:08:00,1585,1585,1595,1595,0
2022-11-18 15:09:00,1585,1585,1595,1595,0
2022-11-18 15:10:00,1585,1585,1595,1595,0
2022-11-18 15:11:00,1585,1585,1595,1595,0
2022-11-18 15:12:00,1585,1585,1595,1595,0
2022-11-18 15:13:00,1585,1585,1595,1595,0
2022-11-18 15:14:00,1585,1585,1595,1595,0
2022-11-18 15:15:00,1585,1585,1595,1595,0
2022-11-18 15:16:00,1585,1585,1595,1595,0
2022-11-18 15:17:00,1585,1585,1595,1595,0
2022-11-18 15:18:00,1585,1585,1595,1595,0
2022-11-18 15:19:00,1585,1585,1595,1595,0
2022-11-18 15:20:00,1585,1585,1595,1595,0
2022-11-18 15:21:00,1585,1585,1595,1595,0
2022-11-18 15:22:00,1585,1585,1595,1595,0
2022-11-18 15:23:00,1585,1585,1595,1595,0
2022-11-18 15:24:00,1585,1585,1595,1595,0
2022-11-18 15:25:00,1585,1585,1595,1595,0
2022-11-18 15:26:00,1585,1585,1595,1595,0
2022-11-18 15:27:00,1585,1585,1595,1595,0
2022-11-18 15:28:00,1585,1585,1595,1595,0
2022-11-18 15:29:00,1585,1585,1595,1595,0
2022-11-18 15:30:00,1585,1585,1595,1595,0
2022-11-18 15:31:00,1585,1585,1595,1595,0
2022-11-18 15:32:00,1585,1585,1595,1595,0
2022-11-18 15:33:00,1585,1585,1595,1595,0
2022-11-18 15:34:00,1585,1585,1595,1595,0
2022-11-18 15:35:00,1585,1585,1595,1595,0
2022-11-18 15:36:00,1585,1585,1595,1595,0
2022-11-18 15:37:00,1585,1585,1595,1595,0
2022-11-18 15:38:00,1585,1585,1595,1595,0
2022-11-18 15:39:00,1585,1585,1595,1595,0
2022-11-18 15:40:00,1585,1585,1595,1595,0
2022-11-18 15:41:00,1585,1585,1595,1595,0
2022-11-18 15:42:00,1585,1585,1595,1595,0
2022-11-18 15:43:00,1585,1585,1595,1595,0
2022-11-18 15:44:00,1585,1585,1595,1595,0
2022-11-18 15:45:00,1585,1585,1595,1595,0
2022-11-18 15:46:00,1585,1585,1595,1595,0
2022-11-18 15:47:00,1585,1585,1595,1595,0
2022-11-18 15:48:00,1585,1585,1595,1595,0
2022-11-18 15:49:00,1585,1585,1595,1595,0
2022-11-18 15:50:00,1585,1585,1595,1595,0
2022-11-18 15:51:00,1585,1585,1595,1595,0
2022-11-18 15:52:00,1585,1585,1595,1595,0
2022-11-18 15:53:00,1585,1585,1595,1595,0
2022-11-18 15:54:00,1585,1585,1595,1595,0
2022-11-18 15:55:00,1585,1585,1595,1595,0
2022-11-18 15:56:00,1585,1585,1595,1595,0
2022-11-18 15:57:00,1585,1585,1595,1595,0
2022-11-18 15:58:00,1585,1585,1595,1595,0
2022-11-18 15:59:00,1585,1585,1595,1595,0
2022-11-21 09:00:00,1595,1595,1595,1595,0
2022-11-21 09:01:00,1595,1595,1595,1595,0
2022-11-21 09:02:00,1595,1595,1595,1595,0
2022-11-21 09:03:00,1595,1595,1595,1595,0
2022-11-21 09:04:00,1595,1595,1595,1595,0
2022-11-21 09:05:00,1595,1595,1595,1595,0
2022-11-21 09:06:00,1595,1595,1595,1595,0
2022-11-21 09:07:00,1595,1595,1595,1595,0
2022-11-21 09:08:00,1595,1595,1595,1595,0
2022-11-21 09:09:00,1595,1595,1595,1595,0
2022-11-21 09:10:00,1595,1595,1595,1595,0
2022-11-21 09:11:00,1595,1595,1595,1595,0
2022-11-21 09:12:00,1595,1595,1595,1595,0
2022-11-21 09:13:00,1595,1595,1595,1595,0
2022-11-21 09:14:00,1595,1595,1595,1595,0
2022-11-21 09:15:00,1595,1595,1595,1595,0
2022-11-21 09:16:00,1595,1595,1595,1595,0
2022-11-21 09:17:00,1600,1600,1610,1610,62300
2022-11-21 09:18:00,1610,1610,1610,1610,3400
2022-11-21 09:19:00,1610,1610,1610,1610,0
2022-11-21 09:20:00,1610,1610,1610,1610,0
2022-11-21 09:21:00,1610,1610,1610,1610,0
2022-11-21 09:22:00,1610,1610,1610,1610,0
2022-11-21 09:23:00,1610,1610,1610,1610,0
2022-11-21 09:24:00,1610,1610,1610,1610,0
2022-11-21 09:25:00,1610,1610,1610,1610,0
2022-11-21 09:26:00,1610,1610,1610,1610,0
2022-11-21 09:27:00,1610,1610,1610,1610,0
2022-11-21 09:28:00,1615,1615,1615,1615,60300
2022-11-21 09:29:00,1615,1615,1615,1615,0
2022-11-21 09:30:00,1615,1615,1615,1615,0
2022-11-21 09:31:00,1615,1615,1615,1615,0
2022-11-21 09:32:00,1615,1615,1615,1615,0
2022-11-21 09:33:00,1615,1615,1615,1615,0
2022-11-21 09:34:00,1615,1615,1615,1615,0
2022-11-21 09:35:00,1615,1615,1615,1615,0
2022-11-21 09:36:00,1615,1615,1615,1615,0
2022-11-21 09:37:00,1615,1615,1615,1615,0
2022-11-21 09:38:00,1615,1615,1615,1615,0
2022-11-21 09:39:00,1615,1615,1615,1615,0
2022-11-21 09:40:00,1615,1615,1615,1615,0
2022-11-21 09:41:00,1615,1615,1615,1615,0
2022-11-21 09:42:00,1615,1615,1615,1615,0
2022-11-21 09:43:00,1615,1615,1615,1615,0
2022-11-21 09:44:00,1615,1615,1615,1615,0
2022-11-21 09:45:00,1615,1615,1615,1615,0
2022-11-21 09:46:00,1615,1615,1615,1615,0
2022-11-21 09:47:00,1615,1615,1615,1615,0
2022-11-21 09:48:00,1615,1615,1615,1615,0
2022-11-21 09:49:00,1615,1615,1615,1615,0
2022-11-21 09:50:00,1615,1615,1615,1615,0
2022-11-21 09:51:00,1615,1615,1615,1615,0
2022-11-21 09:52:00,1615,1615,1615,1615,0
2022-11-21 09:53:00,1615,1615,1615,1615,0
2022-11-21 09:54:00,1615,1615,1615,1615,0
2022-11-21 09:55:00,1615,1615,1615,1615,0
2022-11-21 09:56:00,1615,1615,1615,1615,0
2022-11-21 09:57:00,1615,1615,1615,1615,0
2022-11-21 09:58:00,1615,1615,1615,1615,0
2022-11-21 09:59:00,1615,1615,1615,1615,0
2022-11-21 10:00:00,1615,1615,1615,1615,0
2022-11-21 10:01:00,1615,1615,1615,1615,0
2022-11-21 10:02:00,1615,1615,1615,1615,0
2022-11-21 10:03:00,1615,1615,1615,1615,0
2022-11-21 10:04:00,1615,1615,1615,1615,0
2022-11-21 10:05:00,1615,1615,1615,1615,0
2022-11-21 10:06:00,1615,1615,1615,1615,0
2022-11-21 10:07:00,1615,1615,1615,1615,0
2022-11-21 10:08:00,1615,1615,1615,1615,0
2022-11-21 10:09:00,1615,1615,1615,1615,0
2022-11-21 10:10:00,1615,1615,1615,1615,0
2022-11-21 10:11:00,1615,1615,1615,1615,0
2022-11-21 10:12:00,1615,1615,1615,1615,0
2022-11-21 10:13:00,1615,1615,1615,1615,0
2022-11-21 10:14:00,1615,1615,1615,1615,0
2022-11-21 10:15:00,1615,1615,1615,1615,0
2022-11-21 10:16:00,1615,1615,1615,1615,0
2022-11-21 10:17:00,1615,1615,1615,1615,0
2022-11-21 10:18:00,1615,1615,1615,1615,0
2022-11-21 10:19:00,1615,1615,1615,1615,0
2022-11-21 10:20:00,1615,1615,1615,1615,0
2022-11-21 10:21:00,1615,1615,1615,1615,0
2022-11-21 10:22:00,1615,1615,1615,1615,0
2022-11-21 10:23:00,1615,1615,1615,1615,0
2022-11-21 10:24:00,1615,1615,1615,1615,0
2022-11-21 10:25:00,1615,1615,1615,1615,0
2022-11-21 10:26:00,1615,1615,1615,1615,0
2022-11-21 10:27:00,1615,1615,1615,1615,0
2022-11-21 10:28:00,1615,1615,1615,1615,0
2022-11-21 10:29:00,1615,1615,1615,1615,0
2022-11-21 10:30:00,1615,1615,1615,1615,0
2022-11-21 10:31:00,1615,1615,1615,1615,0
2022-11-21 10:32:00,1615,1615,1615,1615,0
2022-11-21 10:33:00,1615,1615,1615,1615,0
2022-11-21 10:34:00,1615,1615,1615,1615,0
2022-11-21 10:35:00,1615,1615,1615,1615,0
2022-11-21 10:36:00,1615,1615,1615,1615,0
2022-11-21 10:37:00,1615,1615,1615,1615,0
2022-11-21 10:38:00,1615,1615,1615,1615,0
2022-11-21 10:39:00,1615,1615,1615,1615,0
2022-11-21 10:40:00,1615,1615,1615,1615,0
2022-11-21 10:41:00,1615,1615,1615,1615,0
2022-11-21 10:42:00,1615,1615,1615,1615,0
2022-11-21 10:43:00,1615,1615,1615,1615,0
2022-11-21 10:44:00,1615,1615,1615,1615,0
2022-11-21 10:45:00,1615,1615,1615,1615,0
2022-11-21 10:46:00,1615,1615,1615,1615,0
2022-11-21 10:47:00,1615,1615,1615,1615,0
2022-11-21 10:48:00,1615,1615,1615,1615,0
2022-11-21 10:49:00,1615,1615,1615,1615,0
2022-11-21 10:50:00,1615,1615,1615,1615,0
2022-11-21 10:51:00,1615,1615,1615,1615,0
2022-11-21 10:52:00,1615,1615,1615,1615,0
2022-11-21 10:53:00,1615,1615,1615,1615,0
2022-11-21 10:54:00,1615,1615,1615,1615,0
2022-11-21 10:55:00,1615,1615,1615,1615,0
2022-11-21 10:56:00,1615,1615,1615,1615,0
2022-11-21 10:57:00,1615,1615,1615,1615,0
2022-11-21 10:58:00,1615,1615,1615,1615,0
2022-11-21 10:59:00,1615,1615,1615,1615,0
2022-11-21 11:00:00,1615,1615,1615,1615,0
2022-11-21 11:01:00,1615,1615,1615,1615,0
2022-11-21 11:02:00,1615,1615,1615,1615,0
2022-11-21 11:03:00,1615,1615,1615,1615,0
2022-11-21 11:04:00,1615,1615,1615,1615,0
2022-11-21 11:05:00,1615,1615,1615,1615,0
2022-11-21 11:06:00,1615,1615,1615,1615,0
2022-11-21 11:07:00,1615,1615,1615,1615,0
2022-11-21 11:08:00,1615,1615,1615,1615,0
2022-11-21 11:09:00,1615,1615,1615,1615,0
2022-11-21 11:10:00,1615,1615,1615,1615,0
2022-11-21 11:11:00,1615,1615,1615,1615,0
2022-11-21 11:12:00,1615,1615,1615,1615,0
2022-11-21 11:13:00,1615,1615,1615,1615,0
2022-11-21 11:14:00,1615,1615,1615,1615,0
2022-11-21 11:15:00,1615,1615,1615,1615,0
2022-11-21 11:16:00,1615,1615,1615,1615,0
2022-11-21 11:17:00,1615,1615,1615,1615,0
2022-11-21 11:18:00,1615,1615,1615,1615,0
2022-11-21 11:19:00,1615,1615,1615,1615,0
2022-11-21 11:20:00,1615,1615,1615,1615,0
2022-11-21 11:21:00,1615,1615,1615,1615,0
2022-11-21 11:22:00,1615,1615,1615,1615,0
2022-11-21 11:23:00,1615,1615,1615,1615,0
2022-11-21 11:24:00,1615,1615,1615,1615,0
2022-11-21 11:25:00,1615,1615,1615,1615,0
2022-11-21 11:26:00,1615,1615,1615,1615,0
2022-11-21 11:27:00,1615,1615,1615,1615,0
2022-11-21 11:28:00,1615,1615,1615,1615,0
2022-11-21 11:29:00,1615,1615,1615,1615,0
2022-11-21 11:30:00,1615,1615,1615,1615,0
2022-11-21 11:31:00,1615,1615,1615,1615,0
2022-11-21 11:32:00,1615,1615,1615,1615,0
2022-11-21 11:33:00,1615,1615,1615,1615,0
2022-11-21 11:34:00,1615,1615,1615,1615,0
2022-11-21 11:35:00,1615,1615,1615,1615,0
2022-11-21 11:36:00,1615,1615,1615,1615,0
2022-11-21 11:37:00,1615,1615,1615,1615,0
2022-11-21 11:38:00,1615,1615,1615,1615,0
2022-11-21 11:39:00,1615,1615,1615,1615,0
2022-11-21 11:40:00,1615,1615,1615,1615,0
2022-11-21 11:41:00,1615,1615,1615,1615,0
2022-11-21 11:42:00,1615,1615,1615,1615,0
2022-11-21 11:43:00,1615,1615,1615,1615,0
2022-11-21 11:44:00,1615,1615,1615,1615,0
2022-11-21 11:45:00,1615,1615,1615,1615,0
2022-11-21 11:46:00,1615,1615,1615,1615,0
2022-11-21 11:47:00,1615,1615,1615,1615,0
2022-11-21 11:48:00,1615,1615,1615,1615,0
2022-11-21 11:49:00,1615,1615,1615,1615,0
2022-11-21 11:50:00,1615,1615,1615,1615,0
2022-11-21 11:51:00,1615,1615,1615,1615,0
2022-11-21 11:52:00,1615,1615,1615,1615,0
2022-11-21 11:53:00,1615,1615,1615,1615,0
2022-11-21 11:54:00,1615,1615,1615,1615,0
2022-11-21 11:55:00,1615,1615,1615,1615,0
2022-11-21 11:56:00,1615,1615,1615,1615,0
2022-11-21 11:57:00,1615,1615,1615,1615,0
2022-11-21 11:58:00,1615,1615,1615,1615,0
2022-11-21 11:59:00,1615,1615,1615,1615,0
2022-11-21 12:00:00,1615,1615,1615,1615,0
2022-11-21 12:01:00,1615,1615,1615,1615,0
2022-11-21 12:02:00,1615,1615,1615,1615,0
2022-11-21 12:03:00,1615,1615,1615,1615,0
2022-11-21 12:04:00,1615,1615,1615,1615,0
2022-11-21 12:05:00,1615,1615,1615,1615,0
2022-11-21 12:06:00,1615,1615,1615,1615,0
2022-11-21 12:07:00,1615,1615,1615,1615,0
2022-11-21 12:08:00,1615,1615,1615,1615,0
2022-11-21 12:09:00,1615,1615,1615,1615,0
2022-11-21 12:10:00,1615,1615,1615,1615,0
2022-11-21 12:11:00,1615,1615,1615,1615,0
2022-11-21 12:12:00,1615,1615,1615,1615,0
2022-11-21 12:13:00,1615,1615,1615,1615,0
2022-11-21 12:14:00,1615,1615,1615,1615,0
2022-11-21 12:15:00,1615,1615,1615,1615,0
2022-11-21 12:16:00,1615,1615,1615,1615,0
2022-11-21 12:17:00,1615,1615,1615,1615,0
2022-11-21 12:18:00,1615,1615,1615,1615,0
2022-11-21 12:19:00,1615,1615,1615,1615,0
2022-11-21 12:20:00,1615,1615,1615,1615,0
2022-11-21 12:21:00,1615,1615,1615,1615,0
2022-11-21 12:22:00,1615,1615,1615,1615,0
2022-11-21 12:23:00,1615,1615,1615,1615,0
2022-11-21 12:24:00,1615,1615,1615,1615,0
2022-11-21 12:25:00,1615,1615,1615,1615,0
2022-11-21 12:26:00,1615,1615,1615,1615,0
2022-11-21 12:27:00,1615,1615,1615,1615,0
2022-11-21 12:28:00,1615,1615,1615,1615,0
2022-11-21 12:29:00,1615,1615,1615,1615,0
2022-11-21 12:30:00,1615,1615,1615,1615,0
2022-11-21 12:31:00,1615,1615,1615,1615,0
2022-11-21 12:32:00,1615,1615,1615,1615,0
2022-11-21 12:33:00,1615,1615,1615,1615,0
2022-11-21 12:34:00,1615,1615,1615,1615,0
2022-11-21 12:35:00,1615,1615,1615,1615,0
2022-11-21 12:36:00,1615,1615,1615,1615,0
2022-11-21 12:37:00,1615,1615,1615,1615,0
2022-11-21 12:38:00,1615,1615,1615,1615,0
2022-11-21 12:39:00,1615,1615,1615,1615,0
2022-11-21 12:40:00,1615,1615,1615,1615,0
2022-11-21 12:41:00,1615,1615,1615,1615,0
2022-11-21 12:42:00,1615,1615,1615,1615,0
2022-11-21 12:43:00,1615,1615,1615,1615,0
2022-11-21 12:44:00,1615,1615,1615,1615,0
2022-11-21 12:45:00,1615,1615,1615,1615,0
2022-11-21 12:46:00,1615,1615,1615,1615,0
2022-11-21 12:47:00,1615,1615,1615,1615,0
2022-11-21 12:48:00,1615,1615,1615,1615,0
2022-11-21 12:49:00,1615,1615,1615,1615,0
2022-11-21 12:50:00,1615,1615,1615,1615,0
2022-11-21 12:51:00,1615,1615,1615,1615,0
2022-11-21 12:52:00,1615,1615,1615,1615,0
2022-11-21 12:53:00,1615,1615,1615,1615,0
2022-11-21 12:54:00,1615,1615,1615,1615,0
2022-11-21 12:55:00,1615,1615,1615,1615,0
2022-11-21 12:56:00,1615,1615,1615,1615,0
2022-11-21 12:57:00,1615,1615,1615,1615,0
2022-11-21 12:58:00,1615,1615,1615,1615,0
2022-11-21 12:59:00,1615,1615,1615,1615,0
2022-11-21 13:00:00,1615,1615,1615,1615,0
2022-11-21 13:01:00,1615,1615,1615,1615,0
2022-11-21 13:02:00,1615,1615,1615,1615,0
2022-11-21 13:03:00,1615,1615,1615,1615,0
2022-11-21 13:04:00,1615,1615,1615,1615,0
2022-11-21 13:05:00,1615,1615,1615,1615,0
2022-11-21 13:06:00,1615,1615,1615,1615,0
2022-11-21 13:07:00,1615,1615,1615,1615,0
2022-11-21 13:08:00,1615,1615,1615,1615,0
2022-11-21 13:09:00,1615,1615,1615,1615,0
2022-11-21 13:10:00,1615,1615,1615,1615,0
2022-11-21 13:11:00,1615,1615,1615,1615,0
2022-11-21 13:12:00,1615,1615,1615,1615,0
2022-11-21 13:13:00,1615,1615,1615,1615,0
2022-11-21 13:14:00,1615,1615,1615,1615,0
2022-11-21 13:15:00,1615,1615,1615,1615,0
2022-11-21 13:16:00,1615,1615,1615,1615,0
2022-11-21 13:17:00,1615,1615,1615,1615,0
2022-11-21 13:18:00,1615,1615,1615,1615,0
2022-11-21 13:19:00,1615,1615,1615,1615,0
2022-11-21 13:20:00,1615,1615,1615,1615,0
2022-11-21 13:21:00,1615,1615,1615,1615,0
2022-11-21 13:22:00,1615,1615,1615,1615,0
2022-11-21 13:23:00,1615,1615,1615,1615,0
2022-11-21 13:24:00,1615,1615,1615,1615,0
2022-11-21 13:25:00,1615,1615,1615,1615,0
2022-11-21 13:26:00,1615,1615,1615,1615,0
2022-11-21 13:27:00,1615,1615,1615,1615,0
2022-11-21 13:28:00,1615,1615,1615,1615,0
2022-11-21 13:29:00,1615,1615,1615,1615,0
2022-11-21 13:30:00,1615,1615,1615,1615,0
2022-11-21 13:31:00,1615,1615,1615,1615,0
2022-11-21 13:32:00,1615,1615,1615,1615,0
2022-11-21 13:33:00,1615,1615,1615,1615,0
2022-11-21 13:34:00,1615,1615,1615,1615,0
2022-11-21 13:35:00,1615,1615,1615,1615,0
2022-11-21 13:36:00,1615,1615,1615,1615,0
2022-11-21 13:37:00,1615,1615,1615,1615,0
2022-11-21 13:38:00,1615,1615,1615,1615,0
2022-11-21 13:39:00,1615,1615,1615,1615,0
2022-11-21 13:40:00,1615,1615,1615,1615,0
2022-11-21 13:41:00,1615,1615,1615,1615,0
2022-11-21 13:42:00,1615,1615,1615,1615,0
2022-11-21 13:43:00,1615,1615,1615,1615,0
2022-11-21 13:44:00,1615,1615,1615,1615,0
2022-11-21 13:45:00,1615,1615,1615,1615,0
2022-11-21 13:46:00,1615,1615,1615,1615,0
2022-11-21 13:47:00,1615,1615,1615,1615,0
2022-11-21 13:48:00,1615,1615,1615,1615,0
2022-11-21 13:49:00,1615,1615,1615,1615,0
2022-11-21 13:50:00,1615,1615,1615,1615,0
2022-11-21 13:51:00,1615,1615,1615,1615,0
2022-11-21 13:52:00,1615,1615,1615,1615,0
2022-11-21 13:53:00,1615,1615,1615,1615,0
2022-11-21 13:54:00,1615,1615,1615,1615,0
2022-11-21 13:55:00,1615,1615,1615,1615,0
2022-11-21 13:56:00,1615,1615,1615,1615,0
2022-11-21 13:57:00,1615,1615,1615,1615,0
2022-11-21 13:58:00,1615,1615,1615,1615,0
2022-11-21 13:59:00,1615,1615,1615,1615,0
2022-11-21 14:00:00,1615,1615,1615,1615,0
2022-11-21 14:01:00,1615,1615,1615,1615,0
2022-11-21 14:02:00,1615,1615,1615,1615,0
2022-11-21 14:03:00,1615,1615,1615,1615,0
2022-11-21 14:04:00,1615,1615,1615,1615,0
2022-11-21 14:05:00,1615,1615,1615,1615,0
2022-11-21 14:06:00,1615,1615,1615,1615,0
2022-11-21 14:07:00,1615,1615,1615,1615,0
2022-11-21 14:08:00,1615,1615,1615,1615,0
2022-11-21 14:09:00,1615,1615,1615,1615,0
2022-11-21 14:10:00,1615,1615,1615,1615,0
2022-11-21 14:11:00,1615,1615,1615,1615,0
2022-11-21 14:12:00,1615,1615,1615,1615,0
2022-11-21 14:13:00,1615,1615,1615,1615,0
2022-11-21 14:14:00,1615,1615,1615,1615,0
2022-11-21 14:15:00,1615,1615,1615,1615,0
2022-11-21 14:16:00,1565,1565,1565,1565,160900
2022-11-21 14:17:00,1565,1565,1565,1565,0
2022-11-21 14:18:00,1565,1565,1565,1565,0
2022-11-21 14:19:00,1565,1565,1565,1565,0
2022-11-21 14:20:00,1565,1565,1565,1565,0
2022-11-21 14:21:00,1565,1565,1565,1565,0
2022-11-21 14:22:00,1565,1565,1565,1565,0
2022-11-21 14:23:00,1565,1565,1565,1565,0
2022-11-21 14:24:00,1565,1565,1565,1565,0
2022-11-21 14:25:00,1565,1565,1565,1565,0
2022-11-21 14:26:00,1565,1565,1565,1565,0
2022-11-21 14:27:00,1565,1565,1565,1565,0
2022-11-21 14:28:00,1565,1565,1565,1565,0
2022-11-21 14:29:00,1565,1565,1565,1565,0
2022-11-21 14:30:00,1565,1565,1565,1565,0
2022-11-21 14:31:00,1565,1565,1565,1565,0
2022-11-21 14:32:00,1565,1565,1565,1565,0
2022-11-21 14:33:00,1565,1565,1565,1565,0
2022-11-21 14:34:00,1565,1565,1565,1565,0
2022-11-21 14:35:00,1565,1565,1565,1565,0
2022-11-21 14:36:00,1565,1565,1565,1565,0
2022-11-21 14:37:00,1565,1565,1565,1565,0
2022-11-21 14:38:00,1565,1565,1565,1565,0
2022-11-21 14:39:00,1565,1565,1565,1565,0
2022-11-21 14:40:00,1565,1565,1565,1565,0
2022-11-21 14:41:00,1565,1565,1565,1565,0
2022-11-21 14:42:00,1565,1565,1565,1565,0
2022-11-21 14:43:00,1565,1565,1565,1565,0
2022-11-21 14:44:00,1565,1565,1565,1565,0
2022-11-21 14:45:00,1565,1565,1565,1565,0
2022-11-21 14:46:00,1565,1565,1565,1565,0
2022-11-21 14:47:00,1565,1565,1565,1565,0
2022-11-21 14:48:00,1565,1565,1565,1565,0
2022-11-21 14:49:00,1565,1565,1565,1565,0
2022-11-21 14:50:00,1565,1565,1565,1565,0
2022-11-21 14:51:00,1565,1565,1565,1565,0
2022-11-21 14:52:00,1565,1565,1565,1565,0
2022-11-21 14:53:00,1565,1565,1565,1565,0
2022-11-21 14:54:00,1565,1565,1565,1565,0
2022-11-21 14:55:00,1565,1565,1565,1565,0
2022-11-21 14:56:00,1565,1565,1565,1565,0
2022-11-21 14:57:00,1565,1565,1565,1565,0
2022-11-21 14:58:00,1565,1565,1565,1565,0
2022-11-21 14:59:00,1565,1565,1565,1565,0
2022-11-21 15:00:00,1565,1565,1565,1565,0
2022-11-21 15:01:00,1565,1565,1565,1565,0
2022-11-21 15:02:00,1565,1565,1565,1565,0
2022-11-21 15:03:00,1565,1565,1565,1565,0
2022-11-21 15:04:00,1565,1565,1565,1565,0
2022-11-21 15:05:00,1565,1565,1565,1565,0
2022-11-21 15:06:00,1565,1565,1565,1565,0
2022-11-21 15:07:00,1565,1565,1565,1565,0
2022-11-21 15:08:00,1565,1565,1565,1565,0
2022-11-21 15:09:00,1565,1565,1565,1565,0
2022-11-21 15:10:00,1565,1565,1565,1565,0
2022-11-21 15:11:00,1565,1565,1565,1565,0
2022-11-21 15:12:00,1565,1565,1565,1565,0
2022-11-21 15:13:00,1565,1565,1565,1565,0
2022-11-21 15:14:00,1565,1565,1565,1565,0
2022-11-21 15:15:00,1565,1565,1565,1565,0
2022-11-21 15:16:00,1565,1565,1565,1565,0
2022-11-21 15:17:00,1565,1565,1565,1565,0
2022-11-21 15:18:00,1565,1565,1565,1565,0
2022-11-21 15:19:00,1565,1565,1565,1565,0
2022-11-21 15:20:00,1565,1565,1565,1565,0
2022-11-21 15:21:00,1565,1565,1565,1565,0
2022-11-21 15:22:00,1565,1565,1565,1565,0
2022-11-21 15:23:00,1565,1565,1565,1565,0
2022-11-21 15:24:00,1565,1565,1565,1565,0
2022-11-21 15:25:00,1565,1565,1565,1565,0
2022-11-21 15:26:00,1565,1565,1565,1565,0
2022-11-21 15:27:00,1565,1565,1565,1565,0
2022-11-21 15:28:00,1565,1565,1565,1565,0
2022-11-21 15:29:00,1565,1565,1565,1565,0
2022-11-21 15:30:00,1565,1565,1565,1565,0
2022-11-21 15:31:00,1565,1565,1565,1565,0
2022-11-21 15:32:00,1565,1565,1565,1565,0
2022-11-21 15:33:00,1565,1565,1565,1565,0
2022-11-21 15:34:00,1565,1565,1565,1565,0
2022-11-21 15:35:00,1565,1565,1565,1565,0
2022-11-21 15:36:00,1565,1565,1565,1565,0
2022-11-21 15:37:00,1565,1565,1565,1565,0
2022-11-21 15:38:00,1565,1565,1565,1565,0
2022-11-21 15:39:00,1565,1565,1565,1565,0
2022-11-21 15:40:00,1565,1565,1565,1565,0
2022-11-21 15:41:00,1565,1565,1565,1565,0
2022-11-21 15:42:00,1565,1565,1565,1565,0
2022-11-21 15:43:00,1565,1565,1565,1565,0
2022-11-21 15:44:00,1565,1565,1565,1565,0
2022-11-21 15:45:00,1565,1565,1565,1565,0
2022-11-21 15:46:00,1565,1565,1565,1565,0
2022-11-21 15:47:00,1565,1565,1565,1565,0
2022-11-21 15:48:00,1565,1565,1565,1565,0
2022-11-21 15:49:00,1565,1565,1565,1565,0
2022-11-21 15:50:00,1565,1565,1565,1565,0
2022-11-21 15:51:00,1565,1565,1565,1565,0
2022-11-21 15:52:00,1565,1565,1565,1565,0
2022-11-21 15:53:00,1565,1565,1565,1565,0
2022-11-21 15:54:00,1565,1565,1565,1565,0
2022-11-21 15:55:00,1565,1565,1565,1565,0
2022-11-21 15:56:00,1565,1565,1565,1565,0
2022-11-21 15:57:00,1565,1565,1565,1565,0
2022-11-21 15:58:00,1565,1565,1565,1565,0
2022-11-21 15:59:00,1565,1565,1565,1565,0
2022-11-22 09:00:00,1565,1565,1565,1565,0
2022-11-22 09:01:00,1565,1565,1565,1565,0
2022-11-22 09:02:00,1565,1565,1565,1565,0
2022-11-22 09:03:00,1565,1565,1565,1565,0
2022-11-22 09:04:00,1565,1565,1565,1565,0
2022-11-22 09:05:00,1565,1565,1565,1565,0
2022-11-22 09:06:00,1565,1565,1565,1565,0
2022-11-22 09:07:00,1565,1565,1565,1565,0
2022-11-22 09:08:00,1565,1565,1565,1565,0
2022-11-22 09:09:00,1565,1565,1565,1565,0
2022-11-22 09:10:00,1565,1565,1565,1565,0
2022-11-22 09:11:00,1565,1565,1565,1565,0
2022-11-22 09:12:00,1565,1565,1565,1565,0
2022-11-22 09:13:00,1565,1565,1565,1565,0
2022-11-22 09:14:00,1565,1565,1565,1565,0
2022-11-22 09:15:00,1565,1565,1565,1565,0
2022-11-22 09:16:00,1565,1565,1565,1565,0
2022-11-22 09:17:00,1565,1565,1565,1565,0
2022-11-22 09:18:00,1565,1565,1565,1565,0
2022-11-22 09:19:00,1565,1565,1565,1565,0
2022-11-22 09:20:00,1565,1565,1565,1565,0
2022-11-22 09:21:00,1565,1565,1565,1565,0
2022-11-22 09:22:00,1565,1565,1565,1565,0
2022-11-22 09:23:00,1565,1565,1565,1565,0
2022-11-22 09:24:00,1565,1565,1565,1565,0
2022-11-22 09:25:00,1565,1565,1565,1565,0
2022-11-22 09:26:00,1565,1565,1565,1565,0
2022-11-22 09:27:00,1565,1565,1565,1565,0
2022-11-22 09:28:00,1565,1565,1565,1565,0
2022-11-22 09:29:00,1565,1565,1565,1565,0
2022-11-22 09:30:00,1565,1565,1565,1565,0
2022-11-22 09:31:00,1565,1565,1565,1565,0
2022-11-22 09:32:00,1565,1565,1565,1565,0
2022-11-22 09:33:00,1565,1565,1565,1565,0
2022-11-22 09:34:00,1565,1565,1565,1565,0
2022-11-22 09:35:00,1565,1565,1565,1565,0
2022-11-22 09:36:00,1565,1565,1565,1565,0
2022-11-22 09:37:00,1565,1565,1565,1565,0
2022-11-22 09:38:00,1565,1565,1565,1565,0
2022-11-22 09:39:00,1565,1565,1565,1565,0
2022-11-22 09:40:00,1565,1565,1565,1565,0
2022-11-22 09:41:00,1565,1565,1565,1565,0
2022-11-22 09:42:00,1565,1565,1565,1565,0
2022-11-22 09:43:00,1565,1565,1565,1565,0
2022-11-22 09:44:00,1565,1565,1565,1565,0
2022-11-22 09:45:00,1565,1565,1565,1565,0
2022-11-22 09:46:00,1565,1565,1565,1565,0
2022-11-22 09:47:00,1565,1565,1565,1565,0
2022-11-22 09:48:00,1565,1565,1565,1565,0
2022-11-22 09:49:00,1565,1565,1565,1565,0
2022-11-22 09:50:00,1565,1565,1565,1565,0
2022-11-22 09:51:00,1565,1565,1565,1565,0
2022-11-22 09:52:00,1565,1565,1565,1565,0
2022-11-22 09:53:00,1565,1565,1565,1565,0
2022-11-22 09:54:00,1565,1565,1565,1565,0
2022-11-22 09:55:00,1565,1565,1565,1565,0
2022-11-22 09:56:00,1565,1565,1565,1565,0
2022-11-22 09:57:00,1565,1565,1565,1565,0
2022-11-22 09:58:00,1565,1565,1565,1565,0
2022-11-22 09:59:00,1565,1565,1565,1565,0
2022-11-22 10:00:00,1565,1565,1565,1565,0
2022-11-22 10:01:00,1565,1565,1565,1565,0
2022-11-22 10:02:00,1565,1565,1565,1565,0
2022-11-22 10:03:00,1565,1565,1565,1565,0
2022-11-22 10:04:00,1565,1565,1565,1565,0
2022-11-22 10:05:00,1565,1565,1565,1565,0
2022-11-22 10:06:00,1565,1565,1565,1565,0
2022-11-22 10:07:00,1565,1565,1565,1565,0
2022-11-22 10:08:00,1565,1565,1565,1565,0
2022-11-22 10:09:00,1565,1565,1565,1565,0
2022-11-22 10:10:00,1565,1565,1565,1565,0
2022-11-22 10:11:00,1565,1565,1565,1565,0
2022-11-22 10:12:00,1565,1565,1565,1565,0
2022-11-22 10:13:00,1565,1565,1565,1565,0
2022-11-22 10:14:00,1565,1565,1565,1565,0
2022-11-22 10:15:00,1565,1565,1565,1565,0
2022-11-22 10:16:00,1565,1565,1565,1565,0
2022-11-22 10:17:00,1565,1565,1565,1565,0
2022-11-22 10:18:00,1565,1565,1565,1565,0
2022-11-22 10:19:00,1565,1565,1565,1565,0
2022-11-22 10:20:00,1565,1565,1565,1565,0
2022-11-22 10:21:00,1565,1565,1565,1565,0
2022-11-22 10:22:00,1565,1565,1565,1565,0
2022-11-22 10:23:00,1565,1565,1565,1565,0
2022-11-22 10:24:00,1565,1565,1565,1565,0
2022-11-22 10:25:00,1565,1565,1565,1565,0
2022-11-22 10:26:00,1565,1565,1565,1565,0
2022-11-22 10:27:00,1565,1565,1565,1565,0
2022-11-22 10:28:00,1565,1565,1565,1565,0
2022-11-22 10:29:00,1565,1565,1565,1565,0
2022-11-22 10:30:00,1565,1565,1565,1565,0
2022-11-22 10:31:00,1565,1565,1565,1565,0
2022-11-22 10:32:00,1545,1545,1550,1550,0
2022-11-22 10:33:00,1550,1550,1560,1560,53500
2022-11-22 10:34:00,1560,1560,1560,1560,40200
2022-11-22 10:35:00,1560,1560,1560,1560,0
2022-11-22 10:36:00,1560,1560,1560,1560,0
2022-11-22 10:37:00,1560,1560,1560,1560,43800
2022-11-22 10:38:00,1560,1560,1560,1560,0
2022-11-22 10:39:00,1560,1560,1560,1560,0
2022-11-22 10:40:00,1560,1560,1560,1560,0
2022-11-22 10:41:00,1560,1560,1560,1560,0
2022-11-22 10:42:00,1560,1560,1560,1560,0
2022-11-22 10:43:00,1560,1560,1560,1560,0
2022-11-22 10:44:00,1560,1560,1560,1560,0
2022-11-22 10:45:00,1560,1560,1560,1560,0
2022-11-22 10:46:00,1560,1560,1560,1560,0
2022-11-22 10:47:00,1560,1560,1560,1560,0
2022-11-22 10:48:00,1560,1560,1560,1560,0
2022-11-22 10:49:00,1560,1560,1560,1560,0
2022-11-22 10:50:00,1560,1560,1560,1560,0
2022-11-22 10:51:00,1560,1560,1560,1560,0
2022-11-22 10:52:00,1560,1560,1560,1560,0
2022-11-22 10:53:00,1560,1560,1560,1560,0
2022-11-22 10:54:00,1560,1560,1560,1560,0
2022-11-22 10:55:00,1560,1560,1560,1560,0
2022-11-22 10:56:00,1560,1560,1560,1560,0
2022-11-22 10:57:00,1560,1560,1560,1560,0
2022-11-22 10:58:00,1560,1560,1560,1560,0
2022-11-22 10:59:00,1560,1560,1560,1560,0
2022-11-22 11:00:00,1560,1560,1560,1560,0
2022-11-22 11:01:00,1560,1560,1560,1560,0
2022-11-22 11:02:00,1560,1560,1560,1560,0
2022-11-22 11:03:00,1560,1560,1560,1560,0
2022-11-22 11:04:00,1560,1560,1560,1560,0
2022-11-22 11:05:00,1560,1560,1560,1560,0
2022-11-22 11:06:00,1560,1560,1560,1560,0
2022-11-22 11:07:00,1560,1560,1560,1560,0
2022-11-22 11:08:00,1560,1560,1560,1560,0
2022-11-22 11:09:00,1560,1560,1560,1560,0
2022-11-22 11:10:00,1560,1560,1560,1560,0
2022-11-22 11:11:00,1560,1560,1560,1560,0
2022-11-22 11:12:00,1560,1560,1560,1560,0
2022-11-22 11:13:00,1560,1560,1560,1560,0
2022-11-22 11:14:00,1560,1560,1560,1560,0
2022-11-22 11:15:00,1560,1560,1560,1560,0
2022-11-22 11:16:00,1560,1560,1560,1560,0
2022-11-22 11:17:00,1560,1560,1560,1560,0
2022-11-22 11:18:00,1560,1560,1560,1560,0
2022-11-22 11:19:00,1560,1560,1560,1560,0
2022-11-22 11:20:00,1560,1560,1560,1560,0
2022-11-22 11:21:00,1560,1560,1560,1560,0
2022-11-22 11:22:00,1560,1560,1560,1560,0
2022-11-22 11:23:00,1560,1560,1560,1560,0
2022-11-22 11:24:00,1560,1560,1560,1560,0
2022-11-22 11:25:00,1560,1560,1560,1560,0
2022-11-22 11:26:00,1560,1560,1560,1560,0
2022-11-22 11:27:00,1560,1560,1560,1560,0
2022-11-22 11:28:00,1560,1560,1560,1560,0
2022-11-22 11:29:00,1560,1560,1560,1560,0
2022-11-22 11:30:00,1560,1560,1560,1560,0
2022-11-22 11:31:00,1560,1560,1560,1560,0
2022-11-22 11:32:00,1560,1560,1560,1560,0
2022-11-22 11:33:00,1560,1560,1560,1560,0
2022-11-22 11:34:00,1560,1560,1560,1560,0
2022-11-22 11:35:00,1560,1560,1560,1560,0
2022-11-22 11:36:00,1560,1560,1560,1560,0
2022-11-22 11:37:00,1560,1560,1560,1560,0
2022-11-22 11:38:00,1560,1560,1560,1560,0
2022-11-22 11:39:00,1560,1560,1560,1560,0
2022-11-22 11:40:00,1560,1560,1560,1560,0
2022-11-22 11:41:00,1560,1560,1560,1560,0
2022-11-22 11:42:00,1560,1560,1560,1560,0
2022-11-22 11:43:00,1560,1560,1560,1560,0
2022-11-22 11:44:00,1560,1560,1560,1560,0
2022-11-22 11:45:00,1560,1560,1560,1560,0
2022-11-22 11:46:00,1560,1560,1560,1560,0
2022-11-22 11:47:00,1560,1560,1560,1560,0
2022-11-22 11:48:00,1560,1560,1560,1560,0
2022-11-22 11:49:00,1560,1560,1560,1560,0
2022-11-22 11:50:00,1560,1560,1560,1560,0
2022-11-22 11:51:00,1560,1560,1560,1560,0
2022-11-22 11:52:00,1560,1560,1560,1560,0
2022-11-22 11:53:00,1560,1560,1560,1560,0
2022-11-22 11:54:00,1560,1560,1560,1560,0
2022-11-22 11:55:00,1560,1560,1560,1560,0
2022-11-22 11:56:00,1560,1560,1560,1560,0
2022-11-22 11:57:00,1560,1560,1560,1560,0
2022-11-22 11:58:00,1560,1560,1560,1560,0
2022-11-22 11:59:00,1560,1560,1560,1560,0
2022-11-22 12:00:00,1560,1560,1560,1560,0
2022-11-22 12:01:00,1560,1560,1560,1560,0
2022-11-22 12:02:00,1560,1560,1560,1560,0
2022-11-22 12:03:00,1560,1560,1560,1560,0
2022-11-22 12:04:00,1560,1560,1560,1560,0
2022-11-22 12:05:00,1560,1560,1560,1560,0
2022-11-22 12:06:00,1560,1560,1560,1560,0
2022-11-22 12:07:00,1560,1560,1560,1560,0
2022-11-22 12:08:00,1560,1560,1560,1560,0
2022-11-22 12:09:00,1560,1560,1560,1560,0
2022-11-22 12:10:00,1560,1560,1560,1560,0
2022-11-22 12:11:00,1560,1560,1560,1560,0
2022-11-22 12:12:00,1560,1560,1560,1560,0
2022-11-22 12:13:00,1560,1560,1560,1560,0
2022-11-22 12:14:00,1560,1560,1560,1560,0
2022-11-22 12:15:00,1560,1560,1560,1560,0
2022-11-22 12:16:00,1560,1560,1560,1560,0
2022-11-22 12:17:00,1560,1560,1560,1560,0
2022-11-22 12:18:00,1560,1560,1560,1560,0
2022-11-22 12:19:00,1560,1560,1560,1560,0
2022-11-22 12:20:00,1560,1560,1560,1560,0
2022-11-22 12:21:00,1560,1560,1560,1560,0
2022-11-22 12:22:00,1560,1560,1560,1560,0
2022-11-22 12:23:00,1560,1560,1560,1560,0
2022-11-22 12:24:00,1560,1560,1560,1560,0
2022-11-22 12:25:00,1560,1560,1560,1560,0
2022-11-22 12:26:00,1560,1560,1560,1560,0
2022-11-22 12:27:00,1560,1560,1560,1560,0
2022-11-22 12:28:00,1560,1560,1560,1560,0
2022-11-22 12:29:00,1560,1560,1560,1560,0
2022-11-22 12:30:00,1560,1560,1560,1560,0
2022-11-22 12:31:00,1560,1560,1560,1560,0
2022-11-22 12:32:00,1560,1560,1560,1560,0
2022-11-22 12:33:00,1560,1560,1560,1560,0
2022-11-22 12:34:00,1560,1560,1560,1560,0
2022-11-22 12:35:00,1560,1560,1560,1560,0
2022-11-22 12:36:00,1560,1560,1560,1560,0
2022-11-22 12:37:00,1560,1560,1560,1560,0
2022-11-22 12:38:00,1560,1560,1560,1560,0
2022-11-22 12:39:00,1560,1560,1560,1560,0
2022-11-22 12:40:00,1560,1560,1560,1560,0
2022-11-22 12:41:00,1560,1560,1560,1560,0
2022-11-22 12:42:00,1560,1560,1560,1560,0
2022-11-22 12:43:00,1560,1560,1560,1560,0
2022-11-22 12:44:00,1560,1560,1560,1560,0
2022-11-22 12:45:00,1560,1560,1560,1560,0
2022-11-22 12:46:00,1560,1560,1560,1560,0
2022-11-22 12:47:00,1560,1560,1560,1560,0
2022-11-22 12:48:00,1560,1560,1560,1560,0
2022-11-22 12:49:00,1560,1560,1560,1560,0
2022-11-22 12:50:00,1560,1560,1560,1560,0
2022-11-22 12:51:00,1560,1560,1560,1560,0
2022-11-22 12:52:00,1560,1560,1560,1560,0
2022-11-22 12:53:00,1560,1560,1560,1560,0
2022-11-22 12:54:00,1560,1560,1560,1560,0
2022-11-22 12:55:00,1560,1560,1560,1560,0
2022-11-22 12:56:00,1560,1560,1560,1560,0
2022-11-22 12:57:00,1560,1560,1560,1560,0
2022-11-22 12:58:00,1560,1560,1560,1560,0
2022-11-22 12:59:00,1560,1560,1560,1560,0
2022-11-22 13:00:00,1560,1560,1560,1560,0
2022-11-22 13:01:00,1560,1560,1560,1560,0
2022-11-22 13:02:00,1560,1560,1560,1560,0
2022-11-22 13:03:00,1560,1560,1560,1560,0
2022-11-22 13:04:00,1560,1560,1560,1560,0
2022-11-22 13:05:00,1560,1560,1560,1560,0
2022-11-22 13:06:00,1560,1560,1560,1560,0
2022-11-22 13:07:00,1560,1560,1560,1560,0
2022-11-22 13:08:00,1560,1560,1560,1560,0
2022-11-22 13:09:00,1560,1560,1560,1560,0
2022-11-22 13:10:00,1560,1560,1560,1560,0
2022-11-22 13:11:00,1560,1560,1560,1560,0
2022-11-22 13:12:00,1560,1560,1560,1560,0
2022-11-22 13:13:00,1560,1560,1560,1560,0
2022-11-22 13:14:00,1560,1560,1560,1560,0
2022-11-22 13:15:00,1560,1560,1560,1560,0
2022-11-22 13:16:00,1560,1560,1560,1560,0
2022-11-22 13:17:00,1560,1560,1560,1560,0
2022-11-22 13:18:00,1560,1560,1560,1560,0
2022-11-22 13:19:00,1560,1560,1560,1560,0
2022-11-22 13:20:00,1560,1560,1560,1560,0
2022-11-22 13:21:00,1560,1560,1560,1560,0
2022-11-22 13:22:00,1560,1560,1560,1560,0
2022-11-22 13:23:00,1560,1560,1560,1560,0
2022-11-22 13:24:00,1560,1560,1560,1560,0
2022-11-22 13:25:00,1560,1560,1560,1560,0
2022-11-22 13:26:00,1560,1560,1560,1560,0
2022-11-22 13:27:00,1560,1560,1560,1560,0
2022-11-22 13:28:00,1560,1560,1560,1560,0
2022-11-22 13:29:00,1560,1560,1560,1560,0
2022-11-22 13:30:00,1560,1560,1560,1560,0
2022-11-22 13:31:00,1560,1560,1560,1560,0
2022-11-22 13:32:00,1560,1560,1560,1560,0
2022-11-22 13:33:00,1560,1560,1560,1560,0
2022-11-22 13:34:00,1560,1560,1560,1560,0
2022-11-22 13:35:00,1560,1560,1560,1560,0
2022-11-22 13:36:00,1560,1560,1560,1560,0
2022-11-22 13:37:00,1560,1560,1560,1560,0
2022-11-22 13:38:00,1560,1560,1560,1560,0
2022-11-22 13:39:00,1560,1560,1560,1560,0
2022-11-22 13:40:00,1560,1560,1560,1560,0
2022-11-22 13:41:00,1560,1560,1560,1560,0
2022-11-22 13:42:00,1560,1560,1560,1560,0
2022-11-22 13:43:00,1560,1560,1560,1560,0
2022-11-22 13:44:00,1560,1560,1560,1560,0
2022-11-22 13:45:00,1560,1560,1560,1560,0
2022-11-22 13:46:00,1560,1560,1560,1560,0
2022-11-22 13:47:00,1560,1560,1560,1560,0
2022-11-22 13:48:00,1560,1560,1560,1560,0
2022-11-22 13:49:00,1560,1560,1560,1560,0
2022-11-22 13:50:00,1560,1560,1560,1560,0
2022-11-22 13:51:00,1560,1560,1560,1560,0
2022-11-22 13:52:00,1560,1560,1560,1560,0
2022-11-22 13:53:00,1560,1560,1560,1560,0
2022-11-22 13:54:00,1560,1560,1560,1560,0
2022-11-22 13:55:00,1560,1560,1560,1560,0
2022-11-22 13:56:00,1560,1560,1560,1560,0
2022-11-22 13:57:00,1560,1560,1560,1560,0
2022-11-22 13:58:00,1560,1560,1560,1560,0
2022-11-22 13:59:00,1560,1560,1560,1560,0
2022-11-22 14:00:00,1560,1560,1560,1560,0
2022-11-22 14:01:00,1560,1560,1560,1560,0
2022-11-22 14:02:00,1560,1560,1560,1560,0
2022-11-22 14:03:00,1560,1560,1560,1560,0
2022-11-22 14:04:00,1560,1560,1560,1560,0
2022-11-22 14:05:00,1560,1560,1560,1560,0
2022-11-22 14:06:00,1560,1560,1560,1560,0
2022-11-22 14:07:00,1560,1560,1560,1560,0
2022-11-22 14:08:00,1560,1560,1560,1560,0
2022-11-22 14:09:00,1560,1560,1560,1560,0
2022-11-22 14:10:00,1560,1560,1560,1560,0
2022-11-22 14:11:00,1560,1560,1560,1560,0
2022-11-22 14:12:00,1560,1560,1560,1560,0
2022-11-22 14:13:00,1560,1560,1560,1560,0
2022-11-22 14:14:00,1560,1560,1560,1560,0
2022-11-22 14:15:00,1560,1560,1560,1560,0
2022-11-22 14:16:00,1560,1560,1560,1560,0
2022-11-22 14:17:00,1560,1560,1560,1560,0
2022-11-22 14:18:00,1560,1560,1560,1560,0
2022-11-22 14:19:00,1560,1560,1560,1560,0
2022-11-22 14:20:00,1560,1560,1560,1560,0
2022-11-22 14:21:00,1560,1560,1560,1560,189300
2022-11-22 14:22:00,1560,1560,1560,1560,0
2022-11-22 14:23:00,1560,1560,1560,1560,0
2022-11-22 14:24:00,1560,1560,1560,1560,0
2022-11-22 14:25:00,1560,1560,1560,1560,0
2022-11-22 14:26:00,1560,1560,1560,1560,0
2022-11-22 14:27:00,1560,1560,1560,1560,0
2022-11-22 14:28:00,1560,1560,1560,1560,0
2022-11-22 14:29:00,1560,1560,1560,1560,0
2022-11-22 14:30:00,1560,1560,1560,1560,0
2022-11-22 14:31:00,1560,1560,1560,1560,0
2022-11-22 14:32:00,1560,1560,1560,1560,0
2022-11-22 14:33:00,1560,1560,1560,1560,0
2022-11-22 14:34:00,1560,1560,1560,1560,0
2022-11-22 14:35:00,1560,1560,1560,1560,0
2022-11-22 14:36:00,1560,1560,1560,1560,0
2022-11-22 14:37:00,1560,1560,1560,1560,0
2022-11-22 14:38:00,1560,1560,1560,1560,0
2022-11-22 14:39:00,1560,1560,1560,1560,0
2022-11-22 14:40:00,1560,1560,1560,1560,0
2022-11-22 14:41:00,1560,1560,1560,1560,0
2022-11-22 14:42:00,1560,1560,1560,1560,0
2022-11-22 14:43:00,1560,1560,1560,1560,0
2022-11-22 14:44:00,1560,1560,1560,1560,0
2022-11-22 14:45:00,1560,1560,1560,1560,0
2022-11-22 14:46:00,1560,1560,1560,1560,0
2022-11-22 14:47:00,1560,1560,1560,1560,0
2022-11-22 14:48:00,1560,1560,1560,1560,0
2022-11-22 14:49:00,1560,1560,1560,1560,0
2022-11-22 14:50:00,1560,1560,1560,1560,0
2022-11-22 14:51:00,1560,1560,1560,1560,0
2022-11-22 14:52:00,1560,1560,1560,1560,0
2022-11-22 14:53:00,1560,1560,1560,1560,0
2022-11-22 14:54:00,1560,1560,1560,1560,0
2022-11-22 14:55:00,1560,1560,1560,1560,0
2022-11-22 14:56:00,1560,1560,1560,1560,0
2022-11-22 14:57:00,1560,1560,1560,1560,0
2022-11-22 14:58:00,1560,1560,1560,1560,0
2022-11-22 14:59:00,1560,1560,1560,1560,0
2022-11-22 15:00:00,1560,1560,1560,1560,0
2022-11-22 15:01:00,1560,1560,1560,1560,0
2022-11-22 15:02:00,1560,1560,1560,1560,0
2022-11-22 15:03:00,1560,1560,1560,1560,0
2022-11-22 15:04:00,1560,1560,1560,1560,0
2022-11-22 15:05:00,1560,1560,1560,1560,0
2022-11-22 15:06:00,1560,1560,1560,1560,0
2022-11-22 15:07:00,1560,1560,1560,1560,0
2022-11-22 15:08:00,1560,1560,1560,1560,0
2022-11-22 15:09:00,1560,1560,1560,1560,0
2022-11-22 15:10:00,1560,1560,1560,1560,0
2022-11-22 15:11:00,1560,1560,1560,1560,0
2022-11-22 15:12:00,1560,1560,1560,1560,0
2022-11-22 15:13:00,1560,1560,1560,1560,0
2022-11-22 15:14:00,1560,1560,1560,1560,0
2022-11-22 15:15:00,1560,1560,1560,1560,0
2022-11-22 15:16:00,1560,1560,1560,1560,0
2022-11-22 15:17:00,1560,1560,1560,1560,0
2022-11-22 15:18:00,1560,1560,1560,1560,0
2022-11-22 15:19:00,1560,1560,1560,1560,0
2022-11-22 15:20:00,1560,1560,1560,1560,0
2022-11-22 15:21:00,1560,1560,1560,1560,0
2022-11-22 15:22:00,1560,1560,1560,1560,0
2022-11-22 15:23:00,1560,1560,1560,1560,0
2022-11-22 15:24:00,1560,1560,1560,1560,0
2022-11-22 15:25:00,1560,1560,1560,1560,0
2022-11-22 15:26:00,1560,1560,1560,1560,0
2022-11-22 15:27:00,1560,1560,1560,1560,0
2022-11-22 15:28:00,1560,1560,1560,1560,0
2022-11-22 15:29:00,1560,1560,1560,1560,0
2022-11-22 15:30:00,1560,1560,1560,1560,0
2022-11-22 15:31:00,1560,1560,1560,1560,0
2022-11-22 15:32:00,1560,1560,1560,1560,0
2022-11-22 15:33:00,1560,1560,1560,1560,0
2022-11-22 15:34:00,1560,1560,1560,1560,0
2022-11-22 15:35:00,1560,1560,1560,1560,0
2022-11-22 15:36:00,1560,1560,1560,1560,0
2022-11-22 15:37:00,1560,1560,1560,1560,0
2022-11-22 15:38:00,1560,1560,1560,1560,0
2022-11-22 15:39:00,1560,1560,1560,1560,0
2022-11-22 15:40:00,1560,1560,1560,1560,0
2022-11-22 15:41:00,1560,1560,1560,1560,0
2022-11-22 15:42:00,1560,1560,1560,1560,0
2022-11-22 15:43:00,1560,1560,1560,1560,0
2022-11-22 15:44:00,1560,1560,1560,1560,0
2022-11-22 15:45:00,1560,1560,1560,1560,0
2022-11-22 15:46:00,1560,1560,1560,1560,0
2022-11-22 15:47:00,1560,1560,1560,1560,0
2022-11-22 15:48:00,1560,1560,1560,1560,0
2022-11-22 15:49:00,1560,1560,1560,1560,0
2022-11-22 15:50:00,1560,1560,1560,1560,0
2022-11-22 15:51:00,1560,1560,1560,1560,0
2022-11-22 15:52:00,1560,1560,1560,1560,0
2022-11-22 15:53:00,1560,1560,1560,1560,0
2022-11-22 15:54:00,1560,1560,1560,1560,0
2022-11-22 15:55:00,1560,1560,1560,1560,0
2022-11-22 15:56:00,1560,1560,1560,1560,0
2022-11-22 15:57:00,1560,1560,1560,1560,0
2022-11-22 15:58:00,1560,1560,1560,1560,0
2022-11-22 15:59:00,1560,1560,1560,1560,0
2022-11-23 09:00:00,1560,1560,1560,1560,0
2022-11-23 09:01:00,1560,1560,1560,1560,0
2022-11-23 09:02:00,1560,1560,1560,1560,0
2022-11-23 09:03:00,1560,1560,1560,1560,0
2022-11-23 09:04:00,1560,1560,1560,1560,0
2022-11-23 09:05:00,1560,1560,1560,1560,0
2022-11-23 09:06:00,1560,1560,1560,1560,0
2022-11-23 09:07:00,1560,1560,1560,1560,0
2022-11-23 09:08:00,1560,1560,1560,1560,0
2022-11-23 09:09:00,1560,1560,1560,1560,0
2022-11-23 09:10:00,1560,1560,1560,1560,0
2022-11-23 09:11:00,1560,1560,1560,1560,0
2022-11-23 09:12:00,1560,1560,1560,1560,0
2022-11-23 09:13:00,1560,1560,1560,1560,0
2022-11-23 09:14:00,1560,1560,1560,1560,0
2022-11-23 09:15:00,1560,1560,1560,1560,0
2022-11-23 09:16:00,1560,1560,1560,1560,0
2022-11-23 09:17:00,1560,1560,1560,1560,0
2022-11-23 09:18:00,1560,1560,1560,1560,0
2022-11-23 09:19:00,1560,1560,1560,1560,0
2022-11-23 09:20:00,1560,1560,1560,1560,0
2022-11-23 09:21:00,1560,1560,1560,1560,0
2022-11-23 09:22:00,1560,1560,1560,1560,0
2022-11-23 09:23:00,1560,1560,1560,1560,0
2022-11-23 09:24:00,1560,1560,1560,1560,0
2022-11-23 09:25:00,1560,1560,1560,1560,0
2022-11-23 09:26:00,1560,1560,1560,1560,0
2022-11-23 09:27:00,1560,1560,1560,1560,0
2022-11-23 09:28:00,1560,1560,1560,1560,0
2022-11-23 09:29:00,1560,1560,1560,1560,0
2022-11-23 09:30:00,1560,1560,1560,1560,0
2022-11-23 09:31:00,1560,1560,1560,1560,0
2022-11-23 09:32:00,1560,1560,1560,1560,0
2022-11-23 09:33:00,1560,1560,1560,1560,0
2022-11-23 09:34:00,1560,1560,1560,1560,0
2022-11-23 09:35:00,1560,1560,1560,1560,0
2022-11-23 09:36:00,1560,1560,1560,1560,0
2022-11-23 09:37:00,1560,1560,1560,1560,0
2022-11-23 09:38:00,1560,1560,1560,1560,0
2022-11-23 09:39:00,1560,1560,1560,1560,0
2022-11-23 09:40:00,1560,1560,1560,1560,0
2022-11-23 09:41:00,1560,1560,1560,1560,0
2022-11-23 09:42:00,1560,1560,1560,1560,0
2022-11-23 09:43:00,1560,1560,1560,1560,0
2022-11-23 09:44:00,1560,1560,1560,1560,0
2022-11-23 09:45:00,1560,1560,1560,1560,0
2022-11-23 09:46:00,1560,1560,1560,1560,0
2022-11-23 09:47:00,1560,1560,1560,1560,0
2022-11-23 09:48:00,1560,1560,1560,1560,0
2022-11-23 09:49:00,1560,1560,1560,1560,0
2022-11-23 09:50:00,1560,1560,1560,1560,0
2022-11-23 09:51:00,1560,1560,1560,1560,0
2022-11-23 09:52:00,1560,1560,1560,1560,0
2022-11-23 09:53:00,1560,1560,1560,1560,0
2022-11-23 09:54:00,1560,1560,1560,1560,0
2022-11-23 09:55:00,1560,1560,1560,1560,0
2022-11-23 09:56:00,1560,1560,1560,1560,0
2022-11-23 09:57:00,1560,1560,1560,1560,0
2022-11-23 09:58:00,1560,1560,1560,1560,0
2022-11-23 09:59:00,1560,1560,1560,1560,0
2022-11-23 10:00:00,1560,1560,1560,1560,0
2022-11-23 10:01:00,1560,1560,1560,1560,0
2022-11-23 10:02:00,1560,1560,1560,1560,0
2022-11-23 10:03:00,1560,1560,1560,1560,0
2022-11-23 10:04:00,1560,1560,1560,1560,0
2022-11-23 10:05:00,1560,1560,1560,1560,0
2022-11-23 10:06:00,1560,1560,1560,1560,0
2022-11-23 10:07:00,1560,1560,1560,1560,0
2022-11-23 10:08:00,1560,1560,1560,1560,0
2022-11-23 10:09:00,1560,1560,1560,1560,0
2022-11-23 10:10:00,1560,1560,1560,1560,0
2022-11-23 10:11:00,1560,1560,1560,1560,0
2022-11-23 10:12:00,1560,1560,1560,1560,0
2022-11-23 10:13:00,1560,1560,1560,1560,0
2022-11-23 10:14:00,1560,1560,1560,1560,0
2022-11-23 10:15:00,1560,1560,1560,1560,0
2022-11-23 10:16:00,1560,1560,1560,1560,0
2022-11-23 10:17:00,1560,1560,1560,1560,0
2022-11-23 10:18:00,1560,1560,1560,1560,0
2022-11-23 10:19:00,1560,1560,1560,1560,0
2022-11-23 10:20:00,1560,1560,1560,1560,0
2022-11-23 10:21:00,1560,1560,1560,1560,0
2022-11-23 10:22:00,1560,1560,1560,1560,0
2022-11-23 10:23:00,1560,1560,1560,1560,0
2022-11-23 10:24:00,1560,1560,1560,1560,0
2022-11-23 10:25:00,1560,1560,1560,1560,0
2022-11-23 10:26:00,1560,1560,1560,1560,0
2022-11-23 10:27:00,1560,1560,1560,1560,0
2022-11-23 10:28:00,1560,1560,1560,1560,0
2022-11-23 10:29:00,1560,1560,1560,1560,0
2022-11-23 10:30:00,1560,1560,1560,1560,0
2022-11-23 10:31:00,1560,1560,1560,1560,0
2022-11-23 10:32:00,1560,1560,1560,1560,0
2022-11-23 10:33:00,1560,1560,1560,1560,0
2022-11-23 10:34:00,1560,1560,1560,1560,0
2022-11-23 10:35:00,1560,1560,1560,1560,0
2022-11-23 10:36:00,1560,1560,1560,1560,0
2022-11-23 10:37:00,1560,1560,1560,1560,0
2022-11-23 10:38:00,1560,1560,1560,1560,0
2022-11-23 10:39:00,1560,1560,1560,1560,0
2022-11-23 10:40:00,1560,1560,1560,1560,0
2022-11-23 10:41:00,1560,1560,1560,1560,0
2022-11-23 10:42:00,1560,1560,1560,1560,0
2022-11-23 10:43:00,1560,1560,1560,1560,0
2022-11-23 10:44:00,1560,1560,1560,1560,0
2022-11-23 10:45:00,1560,1560,1560,1560,0
2022-11-23 10:46:00,1560,1560,1560,1560,0
2022-11-23 10:47:00,1560,1560,1560,1560,0
2022-11-23 10:48:00,1560,1560,1560,1560,0
2022-11-23 10:49:00,1560,1560,1560,1560,0
2022-11-23 10:50:00,1560,1560,1560,1560,0
2022-11-23 10:51:00,1560,1560,1560,1560,0
2022-11-23 10:52:00,1560,1560,1560,1560,0
2022-11-23 10:53:00,1560,1560,1560,1560,0
2022-11-23 10:54:00,1560,1560,1560,1560,0
2022-11-23 10:55:00,1560,1560,1560,1560,0
2022-11-23 10:56:00,1560,1560,1560,1560,0
2022-11-23 10:57:00,1560,1560,1560,1560,0
2022-11-23 10:58:00,1560,1560,1560,1560,0
2022-11-23 10:59:00,1560,1560,1560,1560,0
2022-11-23 11:00:00,1560,1560,1560,1560,0
2022-11-23 11:01:00,1560,1560,1560,1560,0
2022-11-23 11:02:00,1560,1560,1560,1560,0
2022-11-23 11:03:00,1560,1560,1560,1560,0
2022-11-23 11:04:00,1560,1560,1560,1560,0
2022-11-23 11:05:00,1560,1560,1560,1560,0
2022-11-23 11:06:00,1560,1560,1560,1560,0
2022-11-23 11:07:00,1560,1560,1560,1560,0
2022-11-23 11:08:00,1560,1560,1560,1560,0
2022-11-23 11:09:00,1560,1560,1560,1560,0
2022-11-23 11:10:00,1560,1560,1560,1560,0
2022-11-23 11:11:00,1560,1560,1560,1560,0
2022-11-23 11:12:00,1560,1560,1560,1560,0
2022-11-23 11:13:00,1560,1560,1560,1560,0
2022-11-23 11:14:00,1560,1560,1560,1560,0
2022-11-23 11:15:00,1560,1560,1560,1560,0
2022-11-23 11:16:00,1560,1560,1560,1560,0
2022-11-23 11:17:00,1560,1560,1560,1560,0
2022-11-23 11:18:00,1560,1560,1560,1560,0
2022-11-23 11:19:00,1560,1560,1560,1560,0
2022-11-23 11:20:00,1560,1560,1560,1560,0
2022-11-23 11:21:00,1560,1560,1560,1560,0
2022-11-23 11:22:00,1560,1560,1560,1560,0
2022-11-23 11:23:00,1560,1560,1560,1560,0
2022-11-23 11:24:00,1560,1560,1560,1560,0
2022-11-23 11:25:00,1560,1560,1560,1560,0
2022-11-23 11:26:00,1560,1560,1560,1560,0
2022-11-23 11:27:00,1560,1560,1560,1560,0
2022-11-23 11:28:00,1560,1560,1560,1560,0
2022-11-23 11:29:00,1560,1560,1560,1560,0
2022-11-23 11:30:00,1560,1560,1560,1560,0
2022-11-23 11:31:00,1560,1560,1560,1560,0
2022-11-23 11:32:00,1560,1560,1560,1560,0
2022-11-23 11:33:00,1560,1560,1560,1560,0
2022-11-23 11:34:00,1560,1560,1560,1560,0
2022-11-23 11:35:00,1560,1560,1560,1560,0
2022-11-23 11:36:00,1560,1560,1560,1560,0
2022-11-23 11:37:00,1560,1560,1560,1560,0
2022-11-23 11:38:00,1560,1560,1560,1560,0
2022-11-23 11:39:00,1560,1560,1560,1560,0
2022-11-23 11:40:00,1560,1560,1560,1560,0
2022-11-23 11:41:00,1560,1560,1560,1560,0
2022-11-23 11:42:00,1560,1560,1560,1560,0
2022-11-23 11:43:00,1560,1560,1560,1560,0
2022-11-23 11:44:00,1560,1560,1560,1560,0
2022-11-23 11:45:00,1560,1560,1560,1560,0
2022-11-23 11:46:00,1560,1560,1560,1560,0
2022-11-23 11:47:00,1560,1560,1560,1560,0
2022-11-23 11:48:00,1560,1560,1560,1560,0
2022-11-23 11:49:00,1560,1560,1560,1560,0
2022-11-23 11:50:00,1560,1560,1560,1560,0
2022-11-23 11:51:00,1560,1560,1560,1560,0
2022-11-23 11:52:00,1560,1560,1560,1560,0
2022-11-23 11:53:00,1560,1560,1560,1560,0
2022-11-23 11:54:00,1560,1560,1560,1560,0
2022-11-23 11:55:00,1560,1560,1560,1560,0
2022-11-23 11:56:00,1560,1560,1560,1560,0
2022-11-23 11:57:00,1560,1560,1560,1560,0
2022-11-23 11:58:00,1560,1560,1560,1560,0
2022-11-23 11:59:00,1560,1560,1560,1560,0
2022-11-23 12:00:00,1560,1560,1560,1560,0
2022-11-23 12:01:00,1560,1560,1560,1560,0
2022-11-23 12:02:00,1560,1560,1560,1560,0
2022-11-23 12:03:00,1560,1560,1560,1560,0
2022-11-23 12:04:00,1560,1560,1560,1560,0
2022-11-23 12:05:00,1560,1560,1560,1560,0
2022-11-23 12:06:00,1560,1560,1560,1560,0
2022-11-23 12:07:00,1560,1560,1560,1560,0
2022-11-23 12:08:00,1560,1560,1560,1560,0
2022-11-23 12:09:00,1560,1560,1560,1560,0
2022-11-23 12:10:00,1560,1560,1560,1560,0
2022-11-23 12:11:00,1560,1560,1560,1560,0
2022-11-23 12:12:00,1560,1560,1560,1560,0
2022-11-23 12:13:00,1560,1560,1560,1560,0
2022-11-23 12:14:00,1560,1560,1560,1560,0
2022-11-23 12:15:00,1560,1560,1560,1560,0
2022-11-23 12:16:00,1560,1560,1560,1560,0
2022-11-23 12:17:00,1560,1560,1560,1560,0
2022-11-23 12:18:00,1560,1560,1560,1560,0
2022-11-23 12:19:00,1560,1560,1560,1560,0
2022-11-23 12:20:00,1560,1560,1560,1560,0
2022-11-23 12:21:00,1560,1560,1560,1560,0
2022-11-23 12:22:00,1560,1560,1560,1560,0
2022-11-23 12:23:00,1560,1560,1560,1560,0
2022-11-23 12:24:00,1560,1560,1560,1560,0
2022-11-23 12:25:00,1560,1560,1560,1560,0
2022-11-23 12:26:00,1560,1560,1560,1560,0
2022-11-23 12:27:00,1560,1560,1560,1560,0
2022-11-23 12:28:00,1560,1560,1560,1560,0
2022-11-23 12:29:00,1560,1560,1560,1560,0
2022-11-23 12:30:00,1560,1560,1560,1560,0
2022-11-23 12:31:00,1560,1560,1560,1560,0
2022-11-23 12:32:00,1560,1560,1560,1560,0
2022-11-23 12:33:00,1560,1560,1560,1560,0
2022-11-23 12:34:00,1560,1560,1560,1560,0
2022-11-23 12:35:00,1560,1560,1560,1560,0
2022-11-23 12:36:00,1560,1560,1560,1560,0
2022-11-23 12:37:00,1560,1560,1560,1560,0
2022-11-23 12:38:00,1560,1560,1560,1560,0
2022-11-23 12:39:00,1560,1560,1560,1560,0
2022-11-23 12:40:00,1560,1560,1560,1560,0
2022-11-23 12:41:00,1560,1560,1560,1560,0
2022-11-23 12:42:00,1560,1560,1560,1560,0
2022-11-23 12:43:00,1560,1560,1560,1560,0
2022-11-23 12:44:00,1560,1560,1560,1560,0
2022-11-23 12:45:00,1560,1560,1560,1560,0
2022-11-23 12:46:00,1560,1560,1560,1560,0
2022-11-23 12:47:00,1560,1560,1560,1560,0
2022-11-23 12:48:00,1560,1560,1560,1560,0
2022-11-23 12:49:00,1560,1560,1560,1560,0
2022-11-23 12:50:00,1560,1560,1560,1560,0
2022-11-23 12:51:00,1560,1560,1560,1560,0
2022-11-23 12:52:00,1560,1560,1560,1560,0
2022-11-23 12:53:00,1560,1560,1560,1560,0
2022-11-23 12:54:00,1560,1560,1560,1560,0
2022-11-23 12:55:00,1560,1560,1560,1560,0
2022-11-23 12:56:00,1560,1560,1560,1560,0
2022-11-23 12:57:00,1560,1560,1560,1560,0
2022-11-23 12:58:00,1560,1560,1560,1560,0
2022-11-23 12:59:00,1560,1560,1560,1560,0
2022-11-23 13:00:00,1560,1560,1560,1560,0
2022-11-23 13:01:00,1560,1560,1560,1560,0
2022-11-23 13:02:00,1560,1560,1560,1560,0
2022-11-23 13:03:00,1560,1560,1560,1560,0
2022-11-23 13:04:00,1560,1560,1560,1560,0
2022-11-23 13:05:00,1560,1560,1560,1560,0
2022-11-23 13:06:00,1560,1560,1560,1560,0
2022-11-23 13:07:00,1560,1560,1560,1560,0
2022-11-23 13:08:00,1560,1560,1560,1560,0
2022-11-23 13:09:00,1560,1560,1560,1560,0
2022-11-23 13:10:00,1560,1560,1560,1560,0
2022-11-23 13:11:00,1560,1560,1560,1560,0
2022-11-23 13:12:00,1560,1560,1560,1560,0
2022-11-23 13:13:00,1560,1560,1560,1560,0
2022-11-23 13:14:00,1560,1560,1560,1560,0
2022-11-23 13:15:00,1560,1560,1560,1560,0
2022-11-23 13:16:00,1560,1560,1560,1560,0
2022-11-23 13:17:00,1560,1560,1560,1560,0
2022-11-23 13:18:00,1560,1560,1560,1560,0
2022-11-23 13:19:00,1560,1560,1560,1560,0
2022-11-23 13:20:00,1560,1560,1560,1560,0
2022-11-23 13:21:00,1560,1560,1560,1560,0
2022-11-23 13:22:00,1560,1560,1560,1560,0
2022-11-23 13:23:00,1560,1560,1560,1560,0
2022-11-23 13:24:00,1560,1560,1560,1560,0
2022-11-23 13:25:00,1560,1560,1560,1560,0
2022-11-23 13:26:00,1560,1560,1560,1560,0
2022-11-23 13:27:00,1560,1560,1560,1560,0
2022-11-23 13:28:00,1560,1560,1560,1560,0
2022-11-23 13:29:00,1560,1560,1560,1560,0
2022-11-23 13:30:00,1560,1560,1560,1560,0
2022-11-23 13:31:00,1560,1560,1560,1560,0
2022-11-23 13:32:00,1560,1560,1560,1560,0
2022-11-23 13:33:00,1560,1560,1560,1560,0
2022-11-23 13:34:00,1560,1560,1560,1560,0
2022-11-23 13:35:00,1560,1560,1560,1560,0
2022-11-23 13:36:00,1560,1560,1560,1560,0
2022-11-23 13:37:00,1560,1560,1560,1560,0
2022-11-23 13:38:00,1560,1560,1560,1560,0
2022-11-23 13:39:00,1560,1560,1560,1560,0
2022-11-23 13:40:00,1560,1560,1560,1560,0
2022-11-23 13:41:00,1560,1560,1560,1560,0
2022-11-23 13:42:00,1560,1560,1560,1560,0
2022-11-23 13:43:00,1560,1560,1560,1560,0
2022-11-23 13:44:00,1560,1560,1560,1560,0
2022-11-23 13:45:00,1560,1560,1560,1560,0
2022-11-23 13:46:00,1560,1560,1560,1560,0
2022-11-23 13:47:00,1560,1560,1560,1560,0
2022-11-23 13:48:00,1560,1560,1560,1560,0
2022-11-23 13:49:00,1560,1560,1560,1560,0
2022-11-23 13:50:00,1560,1560,1560,1560,0
2022-11-23 13:51:00,1560,1560,1560,1560,0
2022-11-23 13:52:00,1560,1560,1560,1560,0
2022-11-23 13:53:00,1560,1560,1560,1560,0
2022-11-23 13:54:00,1560,1560,1560,1560,0
2022-11-23 13:55:00,1560,1560,1560,1560,0
2022-11-23 13:56:00,1560,1560,1560,1560,0
2022-11-23 13:57:00,1560,1560,1560,1560,0
2022-11-23 13:58:00,1560,1560,1560,1560,0
2022-11-23 13:59:00,1560,1560,1560,1560,0
2022-11-23 14:00:00,1560,1560,1560,1560,0
2022-11-23 14:01:00,1560,1560,1560,1560,0
2022-11-23 14:02:00,1560,1560,1560,1560,0
2022-11-23 14:03:00,1560,1560,1560,1560,0
2022-11-23 14:04:00,1560,1560,1560,1560,0
2022-11-23 14:05:00,1560,1560,1560,1560,0
2022-11-23 14:06:00,1560,1560,1560,1560,0
2022-11-23 14:07:00,1545,1545,1545,1545,0
2022-11-23 14:08:00,1550,1550,1550,1550,5500
2022-11-23 14:09:00,1550,1550,1550,1550,3600
2022-11-23 14:10:00,1555,1555,1555,1555,111100
2022-11-23 14:11:00,1555,1555,1555,1555,0
2022-11-23 14:12:00,1555,1555,1555,1555,0
2022-11-23 14:13:00,1555,1555,1555,1555,0
2022-11-23 14:14:00,1555,1555,1555,1555,0
2022-11-23 14:15:00,1555,1555,1555,1555,0
2022-11-23 14:16:00,1555,1555,1555,1555,0
2022-11-23 14:17:00,1555,1555,1555,1555,0
2022-11-23 14:18:00,1555,1555,1555,1555,0
2022-11-23 14:19:00,1555,1555,1555,1555,0
2022-11-23 14:20:00,1555,1555,1555,1555,0
2022-11-23 14:21:00,1555,1555,1555,1555,0
2022-11-23 14:22:00,1555,1555,1555,1555,0
2022-11-23 14:23:00,1555,1555,1555,1555,0
2022-11-23 14:24:00,1555,1555,1555,1555,0
2022-11-23 14:25:00,1555,1555,1555,1555,0
2022-11-23 14:26:00,1555,1555,1555,1555,0
2022-11-23 14:27:00,1555,1555,1555,1555,0
2022-11-23 14:28:00,1555,1555,1555,1555,0
2022-11-23 14:29:00,1555,1555,1555,1555,0
2022-11-23 14:30:00,1555,1555,1555,1555,0
2022-11-23 14:31:00,1555,1555,1555,1555,0
2022-11-23 14:32:00,1555,1555,1555,1555,0
2022-11-23 14:33:00,1555,1555,1555,1555,0
2022-11-23 14:34:00,1555,1555,1555,1555,0
2022-11-23 14:35:00,1555,1555,1555,1555,0
2022-11-23 14:36:00,1555,1555,1555,1555,0
2022-11-23 14:37:00,1555,1555,1555,1555,0
2022-11-23 14:38:00,1555,1555,1555,1555,0
2022-11-23 14:39:00,1555,1555,1555,1555,0
2022-11-23 14:40:00,1555,1555,1555,1555,0
2022-11-23 14:41:00,1555,1555,1555,1555,0
2022-11-23 14:42:00,1555,1555,1555,1555,0
2022-11-23 14:43:00,1555,1555,1555,1555,0
2022-11-23 14:44:00,1555,1555,1555,1555,0
2022-11-23 14:45:00,1555,1555,1555,1555,0
2022-11-23 14:46:00,1555,1555,1555,1555,0
2022-11-23 14:47:00,1555,1555,1555,1555,0
2022-11-23 14:48:00,1555,1555,1555,1555,0
2022-11-23 14:49:00,1555,1555,1555,1555,0
2022-11-23 14:50:00,1555,1555,1555,1555,0
2022-11-23 14:51:00,1555,1555,1555,1555,0
2022-11-23 14:52:00,1555,1555,1555,1555,0
2022-11-23 14:53:00,1555,1555,1555,1555,0
2022-11-23 14:54:00,1555,1555,1555,1555,0
2022-11-23 14:55:00,1555,1555,1555,1555,0
2022-11-23 14:56:00,1555,1555,1555,1555,0
2022-11-23 14:57:00,1555,1555,1555,1555,0
2022-11-23 14:58:00,1555,1555,1555,1555,0
2022-11-23 14:59:00,1555,1555,1555,1555,0
2022-11-23 15:00:00,1555,1555,1555,1555,0
2022-11-23 15:01:00,1555,1555,1555,1555,0
2022-11-23 15:02:00,1555,1555,1555,1555,0
2022-11-23 15:03:00,1555,1555,1555,1555,0
2022-11-23 15:04:00,1555,1555,1555,1555,0
2022-11-23 15:05:00,1555,1555,1555,1555,0
2022-11-23 15:06:00,1555,1555,1555,1555,0
2022-11-23 15:07:00,1555,1555,1555,1555,0
2022-11-23 15:08:00,1555,1555,1555,1555,0
2022-11-23 15:09:00,1555,1555,1555,1555,0
2022-11-23 15:10:00,1555,1555,1555,1555,0
2022-11-23 15:11:00,1555,1555,1555,1555,0
2022-11-23 15:12:00,1555,1555,1555,1555,0
2022-11-23 15:13:00,1555,1555,1555,1555,0
2022-11-23 15:14:00,1555,1555,1555,1555,0
2022-11-23 15:15:00,1555,1555,1555,1555,0
2022-11-23 15:16:00,1555,1555,1555,1555,0
2022-11-23 15:17:00,1555,1555,1555,1555,0
2022-11-23 15:18:00,1555,1555,1555,1555,0
2022-11-23 15:19:00,1555,1555,1555,1555,0
2022-11-23 15:20:00,1555,1555,1555,1555,0
2022-11-23 15:21:00,1555,1555,1555,1555,0
2022-11-23 15:22:00,1555,1555,1555,1555,0
2022-11-23 15:23:00,1555,1555,1555,1555,0
2022-11-23 15:24:00,1555,1555,1555,1555,0
2022-11-23 15:25:00,1555,1555,1555,1555,0
2022-11-23 15:26:00,1555,1555,1555,1555,0
2022-11-23 15:27:00,1555,1555,1555,1555,0
2022-11-23 15:28:00,1555,1555,1555,1555,0
2022-11-23 15:29:00,1555,1555,1555,1555,0
2022-11-23 15:30:00,1555,1555,1555,1555,0
2022-11-23 15:31:00,1555,1555,1555,1555,0
2022-11-23 15:32:00,1555,1555,1555,1555,0
2022-11-23 15:33:00,1555,1555,1555,1555,0
2022-11-23 15:34:00,1555,1555,1555,1555,0
2022-11-23 15:35:00,1555,1555,1555,1555,0
2022-11-23 15:36:00,1555,1555,1555,1555,0
2022-11-23 15:37:00,1555,1555,1555,1555,0
2022-11-23 15:38:00,1555,1555,1555,1555,0
2022-11-23 15:39:00,1555,1555,1555,1555,0
2022-11-23 15:40:00,1555,1555,1555,1555,0
2022-11-23 15:41:00,1555,1555,1555,1555,0
2022-11-23 15:42:00,1555,1555,1555,1555,0
2022-11-23 15:43:00,1555,1555,1555,1555,0
2022-11-23 15:44:00,1555,1555,1555,1555,0
2022-11-23 15:45:00,1555,1555,1555,1555,0
2022-11-23 15:46:00,1555,1555,1555,1555,0
2022-11-23 15:47:00,1555,1555,1555,1555,0
2022-11-23 15:48:00,1555,1555,1555,1555,0
2022-11-23 15:49:00,1555,1555,1555,1555,0
2022-11-23 15:50:00,1555,1555,1555,1555,0
2022-11-23 15:51:00,1555,1555,1555,1555,0
2022-11-23 15:52:00,1555,1555,1555,1555,0
2022-11-23 15:53:00,1555,1555,1555,1555,0
2022-11-23 15:54:00,1555,1555,1555,1555,0
2022-11-23 15:55:00,1555,1555,1555,1555,0
2022-11-23 15:56:00,1555,1555,1555,1555,0
2022-11-23 15:57:00,1555,1555,1555,1555,0
2022-11-23 15:58:00,1555,1555,1555,1555,0
2022-11-23 15:59:00,1555,1555,1555,1555,0
2022-11-24 09:00:00,1555,1555,1555,1555,0
2022-11-24 09:01:00,1555,1555,1555,1555,0
2022-11-24 09:02:00,1555,1555,1555,1555,0
2022-11-24 09:03:00,1555,1555,1555,1555,0
2022-11-24 09:04:00,1555,1555,1555,1555,0
2022-11-24 09:05:00,1555,1555,1555,1555,0
2022-11-24 09:06:00,1555,1555,1555,1555,0
2022-11-24 09:07:00,1555,1555,1555,1555,0
2022-11-24 09:08:00,1555,1555,1555,1555,0
2022-11-24 09:09:00,1555,1555,1555,1555,0
2022-11-24 09:10:00,1555,1555,1555,1555,0
2022-11-24 09:11:00,1555,1555,1555,1555,0
2022-11-24 09:12:00,1555,1555,1555,1555,0
2022-11-24 09:13:00,1555,1555,1555,1555,0
2022-11-24 09:14:00,1555,1555,1555,1555,0
2022-11-24 09:15:00,1555,1555,1555,1555,0
2022-11-24 09:16:00,1555,1555,1555,1555,0
2022-11-24 09:17:00,1555,1555,1555,1555,0
2022-11-24 09:18:00,1555,1555,1555,1555,0
2022-11-24 09:19:00,1555,1555,1555,1555,0
2022-11-24 09:20:00,1555,1555,1555,1555,0
2022-11-24 09:21:00,1555,1555,1555,1555,0
2022-11-24 09:22:00,1555,1555,1555,1555,0
2022-11-24 09:23:00,1555,1555,1555,1555,0
2022-11-24 09:24:00,1555,1555,1555,1555,0
2022-11-24 09:25:00,1555,1555,1555,1555,0
2022-11-24 09:26:00,1505,1505,1505,1505,300
2022-11-24 09:27:00,1505,1505,1505,1505,0
2022-11-24 09:28:00,1505,1505,1505,1505,0
2022-11-24 09:29:00,1505,1505,1505,1505,0
2022-11-24 09:30:00,1505,1505,1505,1505,0
2022-11-24 09:31:00,1505,1505,1505,1505,0
2022-11-24 09:32:00,1505,1505,1505,1505,0
2022-11-24 09:33:00,1505,1505,1505,1505,0
2022-11-24 09:34:00,1505,1505,1505,1505,0
2022-11-24 09:35:00,1505,1505,1505,1505,0
2022-11-24 09:36:00,1505,1505,1505,1505,0
2022-11-24 09:37:00,1505,1505,1505,1505,0
2022-11-24 09:38:00,1505,1505,1505,1505,0
2022-11-24 09:39:00,1505,1505,1505,1505,0
2022-11-24 09:40:00,1505,1505,1505,1505,0
2022-11-24 09:41:00,1505,1505,1505,1505,0
2022-11-24 09:42:00,1505,1505,1505,1505,0
2022-11-24 09:43:00,1505,1505,1505,1505,0
2022-11-24 09:44:00,1505,1505,1505,1505,0
2022-11-24 09:45:00,1505,1505,1505,1505,0
2022-11-24 09:46:00,1505,1505,1505,1505,0
2022-11-24 09:47:00,1505,1505,1505,1505,0
2022-11-24 09:48:00,1505,1505,1505,1505,0
2022-11-24 09:49:00,1505,1505,1505,1505,0
2022-11-24 09:50:00,1505,1505,1505,1505,0
2022-11-24 09:51:00,1505,1505,1505,1505,0
2022-11-24 09:52:00,1505,1505,1505,1505,0
2022-11-24 09:53:00,1505,1505,1505,1505,0
2022-11-24 09:54:00,1505,1505,1505,1505,0
2022-11-24 09:55:00,1505,1505,1505,1505,0
2022-11-24 09:56:00,1505,1505,1505,1505,0
2022-11-24 09:57:00,1505,1505,1505,1505,0
2022-11-24 09:58:00,1505,1505,1505,1505,0
2022-11-24 09:59:00,1505,1505,1505,1505,0
2022-11-24 10:00:00,1505,1505,1505,1505,0
2022-11-24 10:01:00,1505,1505,1505,1505,0
2022-11-24 10:02:00,1505,1505,1505,1505,0
2022-11-24 10:03:00,1505,1505,1505,1505,0
2022-11-24 10:04:00,1505,1505,1505,1505,0
2022-11-24 10:05:00,1505,1505,1505,1505,0
2022-11-24 10:06:00,1505,1505,1505,1505,0
2022-11-24 10:07:00,1505,1505,1505,1505,0
2022-11-24 10:08:00,1555,1555,1555,1555,45000
2022-11-24 10:09:00,1560,1560,1565,1565,35800
2022-11-24 10:10:00,1560,1560,1565,1565,0
2022-11-24 10:11:00,1560,1560,1565,1565,0
2022-11-24 10:12:00,1560,1560,1565,1565,0
2022-11-24 10:13:00,1560,1560,1565,1565,0
2022-11-24 10:14:00,1560,1560,1565,1565,0
2022-11-24 10:15:00,1560,1560,1565,1565,0
2022-11-24 10:16:00,1560,1560,1565,1565,0
2022-11-24 10:17:00,1560,1560,1565,1565,0
2022-11-24 10:18:00,1570,1570,1575,1575,59400
2022-11-24 10:19:00,1570,1570,1575,1575,0
2022-11-24 10:20:00,1580,1580,1580,1580,174600
2022-11-24 10:21:00,1580,1580,1580,1580,0
2022-11-24 10:22:00,1580,1580,1580,1580,0
2022-11-24 10:23:00,1580,1580,1580,1580,0
2022-11-24 10:24:00,1580,1580,1580,1580,0
2022-11-24 10:25:00,1580,1580,1580,1580,0
2022-11-24 10:26:00,1580,1580,1580,1580,0
2022-11-24 10:27:00,1580,1580,1580,1580,0
2022-11-24 10:28:00,1580,1580,1580,1580,0
2022-11-24 10:29:00,1580,1580,1580,1580,0
2022-11-24 10:30:00,1580,1580,1580,1580,0
2022-11-24 10:31:00,1580,1580,1580,1580,0
2022-11-24 10:32:00,1580,1580,1580,1580,0
2022-11-24 10:33:00,1580,1580,1580,1580,0
2022-11-24 10:34:00,1580,1580,1580,1580,0
2022-11-24 10:35:00,1580,1580,1580,1580,0
2022-11-24 10:36:00,1580,1580,1580,1580,0
2022-11-24 10:37:00,1580,1580,1580,1580,0
2022-11-24 10:38:00,1580,1580,1580,1580,0
2022-11-24 10:39:00,1580,1580,1580,1580,0
2022-11-24 10:40:00,1580,1580,1580,1580,0
2022-11-24 10:41:00,1580,1580,1580,1580,0
2022-11-24 10:42:00,1580,1580,1580,1580,0
2022-11-24 10:43:00,1580,1580,1580,1580,0
2022-11-24 10:44:00,1580,1580,1580,1580,0
2022-11-24 10:45:00,1580,1580,1580,1580,0
2022-11-24 10:46:00,1580,1580,1580,1580,0
2022-11-24 10:47:00,1580,1580,1580,1580,0
2022-11-24 10:48:00,1580,1580,1580,1580,0
2022-11-24 10:49:00,1580,1580,1580,1580,0
2022-11-24 10:50:00,1580,1580,1580,1580,0
2022-11-24 10:51:00,1580,1580,1580,1580,0
2022-11-24 10:52:00,1580,1580,1580,1580,0
2022-11-24 10:53:00,1580,1580,1580,1580,0
2022-11-24 10:54:00,1580,1580,1580,1580,0
2022-11-24 10:55:00,1580,1580,1580,1580,0
2022-11-24 10:56:00,1580,1580,1580,1580,0
2022-11-24 10:57:00,1580,1580,1580,1580,0
2022-11-24 10:58:00,1580,1580,1580,1580,0
2022-11-24 10:59:00,1580,1580,1580,1580,0
2022-11-24 11:00:00,1580,1580,1580,1580,0
2022-11-24 11:01:00,1580,1580,1580,1580,0
2022-11-24 11:02:00,1580,1580,1580,1580,0
2022-11-24 11:03:00,1580,1580,1580,1580,0
2022-11-24 11:04:00,1580,1580,1580,1580,0
2022-11-24 11:05:00,1580,1580,1580,1580,0
2022-11-24 11:06:00,1580,1580,1580,1580,0
2022-11-24 11:07:00,1580,1580,1580,1580,0
2022-11-24 11:08:00,1580,1580,1580,1580,0
2022-11-24 11:09:00,1580,1580,1580,1580,0
2022-11-24 11:10:00,1580,1580,1580,1580,0
2022-11-24 11:11:00,1580,1580,1580,1580,0
2022-11-24 11:12:00,1580,1580,1580,1580,0
2022-11-24 11:13:00,1580,1580,1580,1580,0
2022-11-24 11:14:00,1580,1580,1580,1580,0
2022-11-24 11:15:00,1580,1580,1580,1580,0
2022-11-24 11:16:00,1580,1580,1580,1580,0
2022-11-24 11:17:00,1580,1580,1580,1580,0
2022-11-24 11:18:00,1580,1580,1580,1580,0
2022-11-24 11:19:00,1580,1580,1580,1580,0
2022-11-24 11:20:00,1580,1580,1580,1580,0
2022-11-24 11:21:00,1580,1580,1580,1580,0
2022-11-24 11:22:00,1580,1580,1580,1580,0
2022-11-24 11:23:00,1580,1580,1580,1580,0
2022-11-24 11:24:00,1580,1580,1580,1580,0
2022-11-24 11:25:00,1580,1580,1580,1580,0
2022-11-24 11:26:00,1580,1580,1580,1580,0
2022-11-24 11:27:00,1580,1580,1580,1580,0
2022-11-24 11:28:00,1580,1580,1580,1580,0
2022-11-24 11:29:00,1580,1580,1580,1580,0
2022-11-24 11:30:00,1580,1580,1580,1580,0
2022-11-24 11:31:00,1580,1580,1580,1580,0
2022-11-24 11:32:00,1580,1580,1580,1580,0
2022-11-24 11:33:00,1580,1580,1580,1580,0
2022-11-24 11:34:00,1580,1580,1580,1580,0
2022-11-24 11:35:00,1580,1580,1580,1580,0
2022-11-24 11:36:00,1580,1580,1580,1580,0
2022-11-24 11:37:00,1580,1580,1580,1580,0
2022-11-24 11:38:00,1580,1580,1580,1580,0
2022-11-24 11:39:00,1580,1580,1580,1580,0
2022-11-24 11:40:00,1580,1580,1580,1580,0
2022-11-24 11:41:00,1580,1580,1580,1580,0
2022-11-24 11:42:00,1580,1580,1580,1580,0
2022-11-24 11:43:00,1580,1580,1580,1580,0
2022-11-24 11:44:00,1580,1580,1580,1580,0
2022-11-24 11:45:00,1580,1580,1580,1580,0
2022-11-24 11:46:00,1580,1580,1580,1580,0
2022-11-24 11:47:00,1580,1580,1580,1580,0
2022-11-24 11:48:00,1580,1580,1580,1580,0
2022-11-24 11:49:00,1580,1580,1580,1580,0
2022-11-24 11:50:00,1580,1580,1580,1580,0
2022-11-24 11:51:00,1580,1580,1580,1580,0
2022-11-24 11:52:00,1580,1580,1580,1580,0
2022-11-24 11:53:00,1580,1580,1580,1580,0
2022-11-24 11:54:00,1580,1580,1580,1580,0
2022-11-24 11:55:00,1580,1580,1580,1580,0
2022-11-24 11:56:00,1580,1580,1580,1580,0
2022-11-24 11:57:00,1580,1580,1580,1580,0
2022-11-24 11:58:00,1580,1580,1580,1580,0
2022-11-24 11:59:00,1580,1580,1580,1580,0
2022-11-24 12:00:00,1580,1580,1580,1580,0
2022-11-24 12:01:00,1580,1580,1580,1580,0
2022-11-24 12:02:00,1580,1580,1580,1580,0
2022-11-24 12:03:00,1580,1580,1580,1580,0
2022-11-24 12:04:00,1580,1580,1580,1580,0
2022-11-24 12:05:00,1580,1580,1580,1580,0
2022-11-24 12:06:00,1580,1580,1580,1580,0
2022-11-24 12:07:00,1580,1580,1580,1580,0
2022-11-24 12:08:00,1580,1580,1580,1580,0
2022-11-24 12:09:00,1580,1580,1580,1580,0
2022-11-24 12:10:00,1580,1580,1580,1580,0
2022-11-24 12:11:00,1580,1580,1580,1580,0
2022-11-24 12:12:00,1580,1580,1580,1580,0
2022-11-24 12:13:00,1580,1580,1580,1580,0
2022-11-24 12:14:00,1580,1580,1580,1580,0
2022-11-24 12:15:00,1580,1580,1580,1580,0
2022-11-24 12:16:00,1580,1580,1580,1580,0
2022-11-24 12:17:00,1580,1580,1580,1580,0
2022-11-24 12:18:00,1580,1580,1580,1580,0
2022-11-24 12:19:00,1580,1580,1580,1580,0
2022-11-24 12:20:00,1580,1580,1580,1580,0
2022-11-24 12:21:00,1580,1580,1580,1580,0
2022-11-24 12:22:00,1580,1580,1580,1580,0
2022-11-24 12:23:00,1580,1580,1580,1580,0
2022-11-24 12:24:00,1580,1580,1580,1580,0
2022-11-24 12:25:00,1580,1580,1580,1580,0
2022-11-24 12:26:00,1580,1580,1580,1580,0
2022-11-24 12:27:00,1580,1580,1580,1580,0
2022-11-24 12:28:00,1580,1580,1580,1580,0
2022-11-24 12:29:00,1580,1580,1580,1580,0
2022-11-24 12:30:00,1580,1580,1580,1580,0
2022-11-24 12:31:00,1580,1580,1580,1580,0
2022-11-24 12:32:00,1580,1580,1580,1580,0
2022-11-24 12:33:00,1580,1580,1580,1580,0
2022-11-24 12:34:00,1580,1580,1580,1580,0
2022-11-24 12:35:00,1580,1580,1580,1580,0
2022-11-24 12:36:00,1580,1580,1580,1580,0
2022-11-24 12:37:00,1580,1580,1580,1580,0
2022-11-24 12:38:00,1580,1580,1580,1580,0
2022-11-24 12:39:00,1580,1580,1580,1580,0
2022-11-24 12:40:00,1580,1580,1580,1580,0
2022-11-24 12:41:00,1580,1580,1580,1580,0
2022-11-24 12:42:00,1580,1580,1580,1580,0
2022-11-24 12:43:00,1580,1580,1580,1580,0
2022-11-24 12:44:00,1580,1580,1580,1580,0
2022-11-24 12:45:00,1580,1580,1580,1580,0
2022-11-24 12:46:00,1580,1580,1580,1580,0
2022-11-24 12:47:00,1580,1580,1580,1580,0
2022-11-24 12:48:00,1580,1580,1580,1580,0
2022-11-24 12:49:00,1580,1580,1580,1580,0
2022-11-24 12:50:00,1580,1580,1580,1580,0
2022-11-24 12:51:00,1580,1580,1580,1580,0
2022-11-24 12:52:00,1580,1580,1580,1580,0
2022-11-24 12:53:00,1580,1580,1580,1580,0
2022-11-24 12:54:00,1580,1580,1580,1580,0
2022-11-24 12:55:00,1580,1580,1580,1580,0
2022-11-24 12:56:00,1580,1580,1580,1580,0
2022-11-24 12:57:00,1580,1580,1580,1580,0
2022-11-24 12:58:00,1580,1580,1580,1580,0
2022-11-24 12:59:00,1580,1580,1580,1580,0
2022-11-24 13:00:00,1580,1580,1580,1580,0
2022-11-24 13:01:00,1580,1580,1580,1580,0
2022-11-24 13:02:00,1580,1580,1580,1580,0
2022-11-24 13:03:00,1580,1580,1580,1580,0
2022-11-24 13:04:00,1580,1580,1580,1580,0
2022-11-24 13:05:00,1580,1580,1580,1580,0
2022-11-24 13:06:00,1580,1580,1580,1580,0
2022-11-24 13:07:00,1580,1580,1580,1580,0
2022-11-24 13:08:00,1580,1580,1580,1580,0
2022-11-24 13:09:00,1580,1580,1580,1580,0
2022-11-24 13:10:00,1580,1580,1580,1580,0
2022-11-24 13:11:00,1580,1580,1580,1580,0
2022-11-24 13:12:00,1580,1580,1580,1580,0
2022-11-24 13:13:00,1580,1580,1580,1580,0
2022-11-24 13:14:00,1580,1580,1580,1580,0
2022-11-24 13:15:00,1580,1580,1580,1580,0
2022-11-24 13:16:00,1580,1580,1580,1580,0
2022-11-24 13:17:00,1580,1580,1580,1580,0
2022-11-24 13:18:00,1580,1580,1580,1580,0
2022-11-24 13:19:00,1580,1580,1580,1580,0
2022-11-24 13:20:00,1580,1580,1580,1580,0
2022-11-24 13:21:00,1580,1580,1580,1580,0
2022-11-24 13:22:00,1580,1580,1580,1580,0
2022-11-24 13:23:00,1580,1580,1580,1580,0
2022-11-24 13:24:00,1580,1580,1580,1580,0
2022-11-24 13:25:00,1580,1580,1580,1580,0
2022-11-24 13:26:00,1580,1580,1580,1580,0
2022-11-24 13:27:00,1580,1580,1580,1580,0
2022-11-24 13:28:00,1580,1580,1580,1580,0
2022-11-24 13:29:00,1580,1580,1580,1580,0
2022-11-24 13:30:00,1580,1580,1580,1580,0
2022-11-24 13:31:00,1580,1580,1580,1580,0
2022-11-24 13:32:00,1580,1580,1580,1580,0
2022-11-24 13:33:00,1580,1580,1580,1580,0
2022-11-24 13:34:00,1580,1580,1580,1580,0
2022-11-24 13:35:00,1580,1580,1580,1580,0
2022-11-24 13:36:00,1580,1580,1580,1580,0
2022-11-24 13:37:00,1580,1580,1580,1580,0
2022-11-24 13:38:00,1580,1580,1580,1580,0
2022-11-24 13:39:00,1580,1580,1580,1580,0
2022-11-24 13:40:00,1580,1580,1580,1580,0
2022-11-24 13:41:00,1580,1580,1580,1580,0
2022-11-24 13:42:00,1580,1580,1580,1580,0
2022-11-24 13:43:00,1580,1580,1580,1580,0
2022-11-24 13:44:00,1580,1580,1580,1580,0
2022-11-24 13:45:00,1580,1580,1580,1580,0
2022-11-24 13:46:00,1580,1580,1580,1580,0
2022-11-24 13:47:00,1580,1580,1580,1580,0
2022-11-24 13:48:00,1580,1580,1580,1580,0
2022-11-24 13:49:00,1580,1580,1580,1580,0
2022-11-24 13:50:00,1580,1580,1580,1580,0
2022-11-24 13:51:00,1580,1580,1580,1580,0
2022-11-24 13:52:00,1580,1580,1580,1580,0
2022-11-24 13:53:00,1580,1580,1580,1580,0
2022-11-24 13:54:00,1580,1580,1580,1580,0
2022-11-24 13:55:00,1580,1580,1580,1580,0
2022-11-24 13:56:00,1580,1580,1580,1580,0
2022-11-24 13:57:00,1580,1580,1580,1580,0
2022-11-24 13:58:00,1580,1580,1580,1580,0
2022-11-24 13:59:00,1580,1580,1580,1580,0
2022-11-24 14:00:00,1580,1580,1580,1580,0
2022-11-24 14:01:00,1580,1580,1580,1580,0
2022-11-24 14:02:00,1580,1580,1580,1580,0
2022-11-24 14:03:00,1580,1580,1580,1580,0
2022-11-24 14:04:00,1580,1580,1580,1580,0
2022-11-24 14:05:00,1580,1580,1580,1580,0
2022-11-24 14:06:00,1580,1580,1580,1580,0
2022-11-24 14:07:00,1580,1580,1580,1580,0
2022-11-24 14:08:00,1580,1580,1580,1580,0
2022-11-24 14:09:00,1580,1580,1580,1580,0
2022-11-24 14:10:00,1580,1580,1580,1580,0
2022-11-24 14:11:00,1580,1580,1580,1580,0
2022-11-24 14:12:00,1580,1580,1580,1580,0
2022-11-24 14:13:00,1580,1580,1580,1580,0
2022-11-24 14:14:00,1580,1580,1580,1580,0
2022-11-24 14:15:00,1580,1580,1580,1580,0
2022-11-24 14:16:00,1580,1580,1580,1580,0
2022-11-24 14:17:00,1580,1580,1580,1580,0
2022-11-24 14:18:00,1580,1580,1580,1580,0
2022-11-24 14:19:00,1580,1580,1580,1580,0
2022-11-24 14:20:00,1580,1580,1580,1580,0
2022-11-24 14:21:00,1580,1580,1580,1580,0
2022-11-24 14:22:00,1580,1580,1580,1580,0
2022-11-24 14:23:00,1580,1580,1580,1580,0
2022-11-24 14:24:00,1580,1580,1580,1580,0
2022-11-24 14:25:00,1580,1580,1580,1580,0
2022-11-24 14:26:00,1580,1580,1580,1580,0
2022-11-24 14:27:00,1580,1580,1580,1580,0
2022-11-24 14:28:00,1580,1580,1580,1580,0
2022-11-24 14:29:00,1580,1580,1580,1580,0
2022-11-24 14:30:00,1580,1580,1580,1580,0
2022-11-24 14:31:00,1580,1580,1580,1580,0
2022-11-24 14:32:00,1580,1580,1580,1580,0
2022-11-24 14:33:00,1580,1580,1580,1580,0
2022-11-24 14:34:00,1580,1580,1580,1580,0
2022-11-24 14:35:00,1580,1580,1580,1580,0
2022-11-24 14:36:00,1580,1580,1580,1580,0
2022-11-24 14:37:00,1580,1580,1580,1580,0
2022-11-24 14:38:00,1580,1580,1580,1580,0
2022-11-24 14:39:00,1580,1580,1580,1580,0
2022-11-24 14:40:00,1580,1580,1580,1580,0
2022-11-24 14:41:00,1580,1580,1580,1580,0
2022-11-24 14:42:00,1580,1580,1580,1580,0
2022-11-24 14:43:00,1580,1580,1580,1580,0
2022-11-24 14:44:00,1580,1580,1580,1580,0
2022-11-24 14:45:00,1580,1580,1580,1580,0
2022-11-24 14:46:00,1580,1580,1580,1580,0
2022-11-24 14:47:00,1580,1580,1580,1580,0
2022-11-24 14:48:00,1580,1580,1580,1580,0
2022-11-24 14:49:00,1580,1580,1580,1580,0
2022-11-24 14:50:00,1580,1580,1580,1580,0
2022-11-24 14:51:00,1580,1580,1580,1580,0
2022-11-24 14:52:00,1580,1580,1580,1580,0
2022-11-24 14:53:00,1580,1580,1580,1580,0
2022-11-24 14:54:00,1580,1580,1580,1580,0
2022-11-24 14:55:00,1580,1580,1580,1580,0
2022-11-24 14:56:00,1580,1580,1580,1580,0
2022-11-24 14:57:00,1580,1580,1580,1580,0
2022-11-24 14:58:00,1580,1580,1580,1580,0
2022-11-24 14:59:00,1580,1580,1580,1580,0
2022-11-24 15:00:00,1580,1580,1580,1580,0
2022-11-24 15:01:00,1580,1580,1580,1580,0
2022-11-24 15:02:00,1580,1580,1580,1580,0
2022-11-24 15:03:00,1580,1580,1580,1580,0
2022-11-24 15:04:00,1580,1580,1580,1580,0
2022-11-24 15:05:00,1580,1580,1580,1580,0
2022-11-24 15:06:00,1580,1580,1580,1580,0
2022-11-24 15:07:00,1580,1580,1580,1580,0
2022-11-24 15:08:00,1580,1580,1580,1580,0
2022-11-24 15:09:00,1580,1580,1580,1580,0
2022-11-24 15:10:00,1580,1580,1580,1580,0
2022-11-24 15:11:00,1580,1580,1580,1580,0
2022-11-24 15:12:00,1580,1580,1580,1580,0
2022-11-24 15:13:00,1580,1580,1580,1580,0
2022-11-24 15:14:00,1580,1580,1580,1580,0
2022-11-24 15:15:00,1580,1580,1580,1580,0
2022-11-24 15:16:00,1580,1580,1580,1580,0
2022-11-24 15:17:00,1580,1580,1580,1580,0
2022-11-24 15:18:00,1580,1580,1580,1580,0
2022-11-24 15:19:00,1580,1580,1580,1580,0
2022-11-24 15:20:00,1580,1580,1580,1580,0
2022-11-24 15:21:00,1580,1580,1580,1580,0
2022-11-24 15:22:00,1580,1580,1580,1580,0
2022-11-24 15:23:00,1580,1580,1580,1580,0
2022-11-24 15:24:00,1580,1580,1580,1580,0
2022-11-24 15:25:00,1580,1580,1580,1580,0
2022-11-24 15:26:00,1580,1580,1580,1580,0
2022-11-24 15:27:00,1580,1580,1580,1580,0
2022-11-24 15:28:00,1580,1580,1580,1580,0
2022-11-24 15:29:00,1580,1580,1580,1580,0
2022-11-24 15:30:00,1580,1580,1580,1580,0
2022-11-24 15:31:00,1580,1580,1580,1580,0
2022-11-24 15:32:00,1580,1580,1580,1580,0
2022-11-24 15:33:00,1580,1580,1580,1580,0
2022-11-24 15:34:00,1580,1580,1580,1580,0
2022-11-24 15:35:00,1580,1580,1580,1580,0
2022-11-24 15:36:00,1580,1580,1580,1580,0
2022-11-24 15:37:00,1580,1580,1580,1580,0
2022-11-24 15:38:00,1580,1580,1580,1580,0
2022-11-24 15:39:00,1580,1580,1580,1580,0
2022-11-24 15:40:00,1580,1580,1580,1580,0
2022-11-24 15:41:00,1580,1580,1580,1580,0
2022-11-24 15:42:00,1580,1580,1580,1580,0
2022-11-24 15:43:00,1580,1580,1580,1580,0
2022-11-24 15:44:00,1580,1580,1580,1580,0
2022-11-24 15:45:00,1580,1580,1580,1580,0
2022-11-24 15:46:00,1580,1580,1580,1580,0
2022-11-24 15:47:00,1580,1580,1580,1580,0
2022-11-24 15:48:00,1580,1580,1580,1580,0
2022-11-24 15:49:00,1580,1580,1580,1580,0
2022-11-24 15:50:00,1580,1580,1580,1580,0
2022-11-24 15:51:00,1580,1580,1580,1580,0
2022-11-24 15:52:00,1580,1580,1580,1580,0
2022-11-24 15:53:00,1580,1580,1580,1580,0
2022-11-24 15:54:00,1580,1580,1580,1580,0
2022-11-24 15:55:00,1580,1580,1580,1580,0
2022-11-24 15:56:00,1580,1580,1580,1580,0
2022-11-24 15:57:00,1580,1580,1580,1580,0
2022-11-24 15:58:00,1580,1580,1580,1580,0
2022-11-24 15:59:00,1580,1580,1580,1580,0
2022-11-25 09:00:00,1580,1580,1580,1580,0
2022-11-25 09:01:00,1580,1580,1580,1580,0
2022-11-25 09:02:00,1580,1580,1580,1580,0
2022-11-25 09:03:00,1580,1580,1580,1580,0
2022-11-25 09:04:00,1580,1580,1580,1580,0
2022-11-25 09:05:00,1580,1580,1580,1580,0
2022-11-25 09:06:00,1580,1580,1580,1580,0
2022-11-25 09:07:00,1580,1580,1580,1580,0
2022-11-25 09:08:00,1585,1585,1590,1590,0
2022-11-25 09:09:00,1585,1585,1590,1590,0
2022-11-25 09:10:00,1595,1595,1595,1595,1200
2022-11-25 09:11:00,1595,1595,1595,1595,0
2022-11-25 09:12:00,1595,1595,1595,1595,0
2022-11-25 09:13:00,1595,1595,1595,1595,0
2022-11-25 09:14:00,1595,1595,1595,1595,0
2022-11-25 09:15:00,1595,1595,1595,1595,0
2022-11-25 09:16:00,1595,1595,1595,1595,0
2022-11-25 09:17:00,1595,1595,1595,1595,0
2022-11-25 09:18:00,1595,1595,1595,1595,0
2022-11-25 09:19:00,1595,1595,1595,1595,0
2022-11-25 09:20:00,1595,1595,1595,1595,0
2022-11-25 09:21:00,1595,1595,1595,1595,0
2022-11-25 09:22:00,1595,1595,1595,1595,0
2022-11-25 09:23:00,1595,1595,1595,1595,0
2022-11-25 09:24:00,1595,1595,1595,1595,0
2022-11-25 09:25:00,1595,1595,1595,1595,0
2022-11-25 09:26:00,1595,1595,1595,1595,0
2022-11-25 09:27:00,1595,1595,1595,1595,0
2022-11-25 09:28:00,1595,1595,1595,1595,0
2022-11-25 09:29:00,1595,1595,1595,1595,0
2022-11-25 09:30:00,1595,1595,1595,1595,0
2022-11-25 09:31:00,1595,1595,1595,1595,0
2022-11-25 09:32:00,1595,1595,1595,1595,0
2022-11-25 09:33:00,1595,1595,1595,1595,0
2022-11-25 09:34:00,1595,1595,1595,1595,0
2022-11-25 09:35:00,1595,1595,1595,1595,0
2022-11-25 09:36:00,1595,1595,1595,1595,0
2022-11-25 09:37:00,1595,1595,1595,1595,0
2022-11-25 09:38:00,1595,1595,1595,1595,0
2022-11-25 09:39:00,1595,1595,1595,1595,0
2022-11-25 09:40:00,1595,1595,1595,1595,0
2022-11-25 09:41:00,1595,1595,1595,1595,0
2022-11-25 09:42:00,1595,1595,1595,1595,0
2022-11-25 09:43:00,1595,1595,1595,1595,0
2022-11-25 09:44:00,1595,1595,1595,1595,0
2022-11-25 09:45:00,1595,1595,1595,1595,0
2022-11-25 09:46:00,1595,1595,1595,1595,0
2022-11-25 09:47:00,1595,1595,1595,1595,0
2022-11-25 09:48:00,1595,1595,1595,1595,0
2022-11-25 09:49:00,1595,1595,1595,1595,0
2022-11-25 09:50:00,1595,1595,1595,1595,0
2022-11-25 09:51:00,1595,1595,1595,1595,0
2022-11-25 09:52:00,1595,1595,1595,1595,0
2022-11-25 09:53:00,1595,1595,1595,1595,0
2022-11-25 09:54:00,1595,1595,1595,1595,0
2022-11-25 09:55:00,1595,1595,1595,1595,0
2022-11-25 09:56:00,1595,1595,1595,1595,0
2022-11-25 09:57:00,1595,1595,1595,1595,0
2022-11-25 09:58:00,1595,1595,1595,1595,0
2022-11-25 09:59:00,1595,1595,1595,1595,0
2022-11-25 10:00:00,1595,1595,1595,1595,0
2022-11-25 10:01:00,1595,1595,1595,1595,0
2022-11-25 10:02:00,1595,1595,1595,1595,0
2022-11-25 10:03:00,1595,1595,1595,1595,0
2022-11-25 10:04:00,1595,1595,1595,1595,0
2022-11-25 10:05:00,1595,1595,1595,1595,0
2022-11-25 10:06:00,1595,1595,1595,1595,0
2022-11-25 10:07:00,1595,1595,1595,1595,0
2022-11-25 10:08:00,1595,1595,1595,1595,0
2022-11-25 10:09:00,1595,1595,1595,1595,0
2022-11-25 10:10:00,1595,1595,1595,1595,0
2022-11-25 10:11:00,1595,1595,1595,1595,0
2022-11-25 10:12:00,1595,1595,1595,1595,0
2022-11-25 10:13:00,1595,1595,1595,1595,0
2022-11-25 10:14:00,1595,1595,1595,1595,0
2022-11-25 10:15:00,1595,1595,1595,1595,0
2022-11-25 10:16:00,1595,1595,1595,1595,0
2022-11-25 10:17:00,1595,1595,1595,1595,0
2022-11-25 10:18:00,1595,1595,1595,1595,0
2022-11-25 10:19:00,1595,1595,1595,1595,0
2022-11-25 10:20:00,1595,1595,1595,1595,0
2022-11-25 10:21:00,1595,1595,1595,1595,0
2022-11-25 10:22:00,1595,1595,1595,1595,0
2022-11-25 10:23:00,1595,1595,1595,1595,0
2022-11-25 10:24:00,1595,1595,1595,1595,0
2022-11-25 10:25:00,1595,1595,1595,1595,0
2022-11-25 10:26:00,1595,1595,1595,1595,0
2022-11-25 10:27:00,1595,1595,1595,1595,0
2022-11-25 10:28:00,1595,1595,1595,1595,0
2022-11-25 10:29:00,1595,1595,1595,1595,0
2022-11-25 10:30:00,1595,1595,1595,1595,0
2022-11-25 10:31:00,1595,1595,1595,1595,0
2022-11-25 10:32:00,1595,1595,1595,1595,0
2022-11-25 10:33:00,1595,1595,1595,1595,0
2022-11-25 10:34:00,1595,1595,1595,1595,0
2022-11-25 10:35:00,1595,1595,1595,1595,0
2022-11-25 10:36:00,1595,1595,1595,1595,0
2022-11-25 10:37:00,1595,1595,1595,1595,0
2022-11-25 10:38:00,1595,1595,1595,1595,0
2022-11-25 10:39:00,1595,1595,1595,1595,0
2022-11-25 10:40:00,1595,1595,1595,1595,0
2022-11-25 10:41:00,1595,1595,1595,1595,0
2022-11-25 10:42:00,1595,1595,1595,1595,0
2022-11-25 10:43:00,1595,1595,1595,1595,0
2022-11-25 10:44:00,1595,1595,1595,1595,0
2022-11-25 10:45:00,1595,1595,1595,1595,0
2022-11-25 10:46:00,1595,1595,1595,1595,0
2022-11-25 10:47:00,1595,1595,1595,1595,0
2022-11-25 10:48:00,1595,1595,1595,1595,0
2022-11-25 10:49:00,1595,1595,1595,1595,0
2022-11-25 10:50:00,1595,1595,1595,1595,0
2022-11-25 10:51:00,1595,1595,1595,1595,0
2022-11-25 10:52:00,1595,1595,1595,1595,0
2022-11-25 10:53:00,1595,1595,1595,1595,0
2022-11-25 10:54:00,1595,1595,1595,1595,0
2022-11-25 10:55:00,1595,1595,1595,1595,0
2022-11-25 10:56:00,1595,1595,1595,1595,0
2022-11-25 10:57:00,1595,1595,1595,1595,0
2022-11-25 10:58:00,1595,1595,1595,1595,0
2022-11-25 10:59:00,1595,1595,1595,1595,0
2022-11-25 11:00:00,1595,1595,1595,1595,0
2022-11-25 11:01:00,1595,1595,1595,1595,0
2022-11-25 11:02:00,1595,1595,1595,1595,0
2022-11-25 11:03:00,1595,1595,1595,1595,0
2022-11-25 11:04:00,1595,1595,1595,1595,0
2022-11-25 11:05:00,1595,1595,1595,1595,0
2022-11-25 11:06:00,1595,1595,1595,1595,0
2022-11-25 11:07:00,1595,1595,1595,1595,0
2022-11-25 11:08:00,1595,1595,1595,1595,0
2022-11-25 11:09:00,1595,1595,1595,1595,0
2022-11-25 11:10:00,1595,1595,1595,1595,0
2022-11-25 11:11:00,1595,1595,1595,1595,0
2022-11-25 11:12:00,1595,1595,1595,1595,0
2022-11-25 11:13:00,1595,1595,1595,1595,0
2022-11-25 11:14:00,1595,1595,1595,1595,0
2022-11-25 11:15:00,1595,1595,1595,1595,0
2022-11-25 11:16:00,1595,1595,1595,1595,0
2022-11-25 11:17:00,1595,1595,1595,1595,0
2022-11-25 11:18:00,1595,1595,1595,1595,0
2022-11-25 11:19:00,1595,1595,1595,1595,0
2022-11-25 11:20:00,1595,1595,1595,1595,0
2022-11-25 11:21:00,1595,1595,1595,1595,0
2022-11-25 11:22:00,1595,1595,1595,1595,0
2022-11-25 11:23:00,1595,1595,1595,1595,0
2022-11-25 11:24:00,1595,1595,1595,1595,0
2022-11-25 11:25:00,1595,1595,1595,1595,0
2022-11-25 11:26:00,1595,1595,1595,1595,0
2022-11-25 11:27:00,1595,1595,1595,1595,0
2022-11-25 11:28:00,1595,1595,1595,1595,0
2022-11-25 11:29:00,1595,1595,1595,1595,0
2022-11-25 11:30:00,1595,1595,1595,1595,0
2022-11-25 11:31:00,1595,1595,1595,1595,0
2022-11-25 11:32:00,1595,1595,1595,1595,0
2022-11-25 11:33:00,1595,1595,1595,1595,0
2022-11-25 11:34:00,1595,1595,1595,1595,0
2022-11-25 11:35:00,1595,1595,1595,1595,0
2022-11-25 11:36:00,1595,1595,1595,1595,0
2022-11-25 11:37:00,1595,1595,1595,1595,0
2022-11-25 11:38:00,1595,1595,1595,1595,0
2022-11-25 11:39:00,1595,1595,1595,1595,0
2022-11-25 11:40:00,1595,1595,1595,1595,0
2022-11-25 11:41:00,1595,1595,1595,1595,0
2022-11-25 11:42:00,1595,1595,1595,1595,0
2022-11-25 11:43:00,1595,1595,1595,1595,0
2022-11-25 11:44:00,1595,1595,1595,1595,0
2022-11-25 11:45:00,1595,1595,1595,1595,0
2022-11-25 11:46:00,1595,1595,1595,1595,0
2022-11-25 11:47:00,1595,1595,1595,1595,0
2022-11-25 11:48:00,1595,1595,1595,1595,0
2022-11-25 11:49:00,1595,1595,1595,1595,0
2022-11-25 11:50:00,1595,1595,1595,1595,0
2022-11-25 11:51:00,1595,1595,1595,1595,0
2022-11-25 11:52:00,1595,1595,1595,1595,0
2022-11-25 11:53:00,1595,1595,1595,1595,0
2022-11-25 11:54:00,1595,1595,1595,1595,0
2022-11-25 11:55:00,1595,1595,1595,1595,0
2022-11-25 11:56:00,1595,1595,1595,1595,0
2022-11-25 11:57:00,1595,1595,1595,1595,0
2022-11-25 11:58:00,1595,1595,1595,1595,0
2022-11-25 11:59:00,1595,1595,1595,1595,0
2022-11-25 12:00:00,1595,1595,1595,1595,0
2022-11-25 12:01:00,1595,1595,1595,1595,0
2022-11-25 12:02:00,1595,1595,1595,1595,0
2022-11-25 12:03:00,1595,1595,1595,1595,0
2022-11-25 12:04:00,1595,1595,1595,1595,0
2022-11-25 12:05:00,1595,1595,1595,1595,0
2022-11-25 12:06:00,1595,1595,1595,1595,0
2022-11-25 12:07:00,1595,1595,1595,1595,0
2022-11-25 12:08:00,1595,1595,1595,1595,0
2022-11-25 12:09:00,1595,1595,1595,1595,0
2022-11-25 12:10:00,1595,1595,1595,1595,0
2022-11-25 12:11:00,1595,1595,1595,1595,0
2022-11-25 12:12:00,1595,1595,1595,1595,0
2022-11-25 12:13:00,1595,1595,1595,1595,0
2022-11-25 12:14:00,1595,1595,1595,1595,0
2022-11-25 12:15:00,1595,1595,1595,1595,0
2022-11-25 12:16:00,1595,1595,1595,1595,0
2022-11-25 12:17:00,1595,1595,1595,1595,0
2022-11-25 12:18:00,1595,1595,1595,1595,0
2022-11-25 12:19:00,1595,1595,1595,1595,0
2022-11-25 12:20:00,1595,1595,1595,1595,0
2022-11-25 12:21:00,1595,1595,1595,1595,0
2022-11-25 12:22:00,1595,1595,1595,1595,0
2022-11-25 12:23:00,1595,1595,1595,1595,0
2022-11-25 12:24:00,1595,1595,1595,1595,0
2022-11-25 12:25:00,1595,1595,1595,1595,0
2022-11-25 12:26:00,1595,1595,1595,1595,0
2022-11-25 12:27:00,1595,1595,1595,1595,0
2022-11-25 12:28:00,1595,1595,1595,1595,0
2022-11-25 12:29:00,1595,1595,1595,1595,0
2022-11-25 12:30:00,1595,1595,1595,1595,0
2022-11-25 12:31:00,1595,1595,1595,1595,0
2022-11-25 12:32:00,1595,1595,1595,1595,0
2022-11-25 12:33:00,1595,1595,1595,1595,0
2022-11-25 12:34:00,1595,1595,1595,1595,0
2022-11-25 12:35:00,1595,1595,1595,1595,0
2022-11-25 12:36:00,1595,1595,1595,1595,0
2022-11-25 12:37:00,1595,1595,1595,1595,0
2022-11-25 12:38:00,1595,1595,1595,1595,0
2022-11-25 12:39:00,1595,1595,1595,1595,0
2022-11-25 12:40:00,1595,1595,1595,1595,0
2022-11-25 12:41:00,1595,1595,1595,1595,0
2022-11-25 12:42:00,1595,1595,1595,1595,0
2022-11-25 12:43:00,1595,1595,1595,1595,0
2022-11-25 12:44:00,1595,1595,1595,1595,0
2022-11-25 12:45:00,1595,1595,1595,1595,0
2022-11-25 12:46:00,1595,1595,1595,1595,0
2022-11-25 12:47:00,1595,1595,1595,1595,0
2022-11-25 12:48:00,1595,1595,1595,1595,0
2022-11-25 12:49:00,1595,1595,1595,1595,0
2022-11-25 12:50:00,1595,1595,1595,1595,0
2022-11-25 12:51:00,1595,1595,1595,1595,0
2022-11-25 12:52:00,1595,1595,1595,1595,0
2022-11-25 12:53:00,1595,1595,1595,1595,0
2022-11-25 12:54:00,1595,1595,1595,1595,0
2022-11-25 12:55:00,1595,1595,1595,1595,0
2022-11-25 12:56:00,1595,1595,1595,1595,0
2022-11-25 12:57:00,1595,1595,1595,1595,0
2022-11-25 12:58:00,1595,1595,1595,1595,0
2022-11-25 12:59:00,1595,1595,1595,1595,0
2022-11-25 13:00:00,1595,1595,1595,1595,0
2022-11-25 13:01:00,1595,1595,1595,1595,0
2022-11-25 13:02:00,1595,1595,1595,1595,0
2022-11-25 13:03:00,1595,1595,1595,1595,0
2022-11-25 13:04:00,1595,1595,1595,1595,0
2022-11-25 13:05:00,1595,1595,1595,1595,0
2022-11-25 13:06:00,1595,1595,1595,1595,0
2022-11-25 13:07:00,1595,1595,1595,1595,0
2022-11-25 13:08:00,1595,1595,1595,1595,0
2022-11-25 13:09:00,1595,1595,1595,1595,0
2022-11-25 13:10:00,1595,1595,1595,1595,0
2022-11-25 13:11:00,1595,1595,1595,1595,0
2022-11-25 13:12:00,1595,1595,1595,1595,0
2022-11-25 13:13:00,1595,1595,1595,1595,0
2022-11-25 13:14:00,1595,1595,1595,1595,0
2022-11-25 13:15:00,1595,1595,1595,1595,0
2022-11-25 13:16:00,1595,1595,1595,1595,0
2022-11-25 13:17:00,1595,1595,1595,1595,0
2022-11-25 13:18:00,1595,1595,1595,1595,0
2022-11-25 13:19:00,1595,1595,1595,1595,0
2022-11-25 13:20:00,1595,1595,1595,1595,0
2022-11-25 13:21:00,1595,1595,1595,1595,0
2022-11-25 13:22:00,1595,1595,1595,1595,0
2022-11-25 13:23:00,1595,1595,1595,1595,0
2022-11-25 13:24:00,1595,1595,1595,1595,0
2022-11-25 13:25:00,1595,1595,1595,1595,0
2022-11-25 13:26:00,1595,1595,1595,1595,0
2022-11-25 13:27:00,1595,1595,1595,1595,0
2022-11-25 13:28:00,1595,1595,1595,1595,0
2022-11-25 13:29:00,1595,1595,1595,1595,0
2022-11-25 13:30:00,1595,1595,1595,1595,0
2022-11-25 13:31:00,1595,1595,1595,1595,0
2022-11-25 13:32:00,1595,1595,1595,1595,0
2022-11-25 13:33:00,1595,1595,1595,1595,0
2022-11-25 13:34:00,1595,1595,1595,1595,0
2022-11-25 13:35:00,1595,1595,1595,1595,0
2022-11-25 13:36:00,1595,1595,1595,1595,0
2022-11-25 13:37:00,1595,1595,1595,1595,0
2022-11-25 13:38:00,1595,1595,1595,1595,0
2022-11-25 13:39:00,1595,1595,1595,1595,0
2022-11-25 13:40:00,1595,1595,1595,1595,0
2022-11-25 13:41:00,1595,1595,1595,1595,0
2022-11-25 13:42:00,1595,1595,1595,1595,0
2022-11-25 13:43:00,1595,1595,1595,1595,0
2022-11-25 13:44:00,1595,1595,1595,1595,0
2022-11-25 13:45:00,1595,1595,1595,1595,0
2022-11-25 13:46:00,1595,1595,1595,1595,0
2022-11-25 13:47:00,1595,1595,1595,1595,0
2022-11-25 13:48:00,1595,1595,1595,1595,0
2022-11-25 13:49:00,1595,1595,1595,1595,0
2022-11-25 13:50:00,1595,1595,1595,1595,0
2022-11-25 13:51:00,1595,1595,1595,1595,0
2022-11-25 13:52:00,1595,1595,1595,1595,0
2022-11-25 13:53:00,1595,1595,1595,1595,0
2022-11-25 13:54:00,1595,1595,1595,1595,0
2022-11-25 13:55:00,1595,1595,1595,1595,0
2022-11-25 13:56:00,1595,1595,1595,1595,0
2022-11-25 13:57:00,1595,1595,1595,1595,0
2022-11-25 13:58:00,1595,1595,1595,1595,0
2022-11-25 13:59:00,1595,1595,1595,1595,0
2022-11-25 14:00:00,1595,1595,1595,1595,0
2022-11-25 14:01:00,1595,1595,1595,1595,0
2022-11-25 14:02:00,1595,1595,1595,1595,0
2022-11-25 14:03:00,1595,1595,1595,1595,0
2022-11-25 14:04:00,1595,1595,1595,1595,0
2022-11-25 14:05:00,1595,1595,1595,1595,0
2022-11-25 14:06:00,1595,1595,1595,1595,0
2022-11-25 14:07:00,1595,1595,1595,1595,0
2022-11-25 14:08:00,1595,1595,1595,1595,0
2022-11-25 14:09:00,1595,1595,1595,1595,0
2022-11-25 14:10:00,1595,1595,1595,1595,0
2022-11-25 14:11:00,1595,1595,1595,1595,0
2022-11-25 14:12:00,1595,1595,1595,1595,0
2022-11-25 14:13:00,1595,1595,1595,1595,0
2022-11-25 14:14:00,1595,1595,1595,1595,0
2022-11-25 14:15:00,1595,1595,1595,1595,0
2022-11-25 14:16:00,1595,1595,1595,1595,0
2022-11-25 14:17:00,1595,1595,1595,1595,0
2022-11-25 14:18:00,1595,1595,1595,1595,0
2022-11-25 14:19:00,1595,1595,1595,1595,0
2022-11-25 14:20:00,1595,1595,1595,1595,0
2022-11-25 14:21:00,1595,1595,1595,1595,0
2022-11-25 14:22:00,1595,1595,1595,1595,0
2022-11-25 14:23:00,1595,1595,1595,1595,0
2022-11-25 14:24:00,1595,1595,1595,1595,0
2022-11-25 14:25:00,1595,1595,1595,1595,0
2022-11-25 14:26:00,1595,1595,1595,1595,0
2022-11-25 14:27:00,1595,1595,1595,1595,0
2022-11-25 14:28:00,1595,1595,1595,1595,0
2022-11-25 14:29:00,1595,1595,1595,1595,0
2022-11-25 14:30:00,1595,1595,1595,1595,0
2022-11-25 14:31:00,1595,1595,1595,1595,0
2022-11-25 14:32:00,1595,1595,1595,1595,0
2022-11-25 14:33:00,1595,1595,1595,1595,0
2022-11-25 14:34:00,1595,1595,1595,1595,0
2022-11-25 14:35:00,1595,1595,1595,1595,0
2022-11-25 14:36:00,1595,1595,1595,1595,0
2022-11-25 14:37:00,1595,1595,1595,1595,0
2022-11-25 14:38:00,1595,1595,1595,1595,0
2022-11-25 14:39:00,1595,1595,1595,1595,0
2022-11-25 14:40:00,1595,1595,1595,1595,0
2022-11-25 14:41:00,1595,1595,1595,1595,0
2022-11-25 14:42:00,1595,1595,1595,1595,0
2022-11-25 14:43:00,1595,1595,1595,1595,0
2022-11-25 14:44:00,1595,1595,1595,1595,0
2022-11-25 14:45:00,1595,1595,1595,1595,0
2022-11-25 14:46:00,1595,1595,1595,1595,0
2022-11-25 14:47:00,1595,1595,1595,1595,0
2022-11-25 14:48:00,1595,1595,1595,1595,0
2022-11-25 14:49:00,1595,1595,1595,1595,0
2022-11-25 14:50:00,1595,1595,1595,1595,0
2022-11-25 14:51:00,1595,1595,1595,1595,0
2022-11-25 14:52:00,1595,1595,1595,1595,0
2022-11-25 14:53:00,1595,1595,1595,1595,0
2022-11-25 14:54:00,1595,1595,1595,1595,0
2022-11-25 14:55:00,1595,1595,1595,1595,0
2022-11-25 14:56:00,1595,1595,1595,1595,0
2022-11-25 14:57:00,1595,1595,1595,1595,0
2022-11-25 14:58:00,1595,1595,1595,1595,0
2022-11-25 14:59:00,1595,1595,1595,1595,0
2022-11-25 15:00:00,1595,1595,1595,1595,0
2022-11-25 15:01:00,1595,1595,1595,1595,0
2022-11-25 15:02:00,1595,1595,1595,1595,0
2022-11-25 15:03:00,1595,1595,1595,1595,0
2022-11-25 15:04:00,1595,1595,1595,1595,0
2022-11-25 15:05:00,1595,1595,1595,1595,0
2022-11-25 15:06:00,1595,1595,1595,1595,0
2022-11-25 15:07:00,1595,1595,1595,1595,0
2022-11-25 15:08:00,1595,1595,1595,1595,0
2022-11-25 15:09:00,1595,1595,1595,1595,0
2022-11-25 15:10:00,1595,1595,1595,1595,0
2022-11-25 15:11:00,1595,1595,1595,1595,0
2022-11-25 15:12:00,1595,1595,1595,1595,0
2022-11-25 15:13:00,1595,1595,1595,1595,0
2022-11-25 15:14:00,1595,1595,1595,1595,0
2022-11-25 15:15:00,1595,1595,1595,1595,0
2022-11-25 15:16:00,1595,1595,1595,1595,0
2022-11-25 15:17:00,1595,1595,1595,1595,0
2022-11-25 15:18:00,1595,1595,1595,1595,0
2022-11-25 15:19:00,1595,1595,1595,1595,0
2022-11-25 15:20:00,1595,1595,1595,1595,0
2022-11-25 15:21:00,1595,1595,1595,1595,0
2022-11-25 15:22:00,1595,1595,1595,1595,0
2022-11-25 15:23:00,1595,1595,1595,1595,0
2022-11-25 15:24:00,1595,1595,1595,1595,0
2022-11-25 15:25:00,1595,1595,1595,1595,0
2022-11-25 15:26:00,1595,1595,1595,1595,0
2022-11-25 15:27:00,1595,1595,1595,1595,0
2022-11-25 15:28:00,1595,1595,1595,1595,0
2022-11-25 15:29:00,1595,1595,1595,1595,0
2022-11-25 15:30:00,1595,1595,1595,1595,0
2022-11-25 15:31:00,1595,1595,1595,1595,0
2022-11-25 15:32:00,1595,1595,1595,1595,0
2022-11-25 15:33:00,1595,1595,1595,1595,0
2022-11-25 15:34:00,1595,1595,1595,1595,0
2022-11-25 15:35:00,1595,1595,1595,1595,0
2022-11-25 15:36:00,1595,1595,1595,1595,0
2022-11-25 15:37:00,1595,1595,1595,1595,0
2022-11-25 15:38:00,1595,1595,1595,1595,0
2022-11-25 15:39:00,1595,1595,1595,1595,0
2022-11-25 15:40:00,1595,1595,1595,1595,0
2022-11-25 15:41:00,1595,1595,1595,1595,0
2022-11-25 15:42:00,1595,1595,1595,1595,0
2022-11-25 15:43:00,1595,1595,1595,1595,0
2022-11-25 15:44:00,1595,1595,1595,1595,0
2022-11-25 15:45:00,1595,1595,1595,1595,0
2022-11-25 15:46:00,1595,1595,1595,1595,0
2022-11-25 15:47:00,1595,1595,1595,1595,0
2022-11-25 15:48:00,1595,1595,1595,1595,0
2022-11-25 15:49:00,1595,1595,1595,1595,0
2022-11-25 15:50:00,1595,1595,1595,1595,0
2022-11-25 15:51:00,1595,1595,1595,1595,0
2022-11-25 15:52:00,1595,1595,1595,1595,0
2022-11-25 15:53:00,1595,1595,1595,1595,0
2022-11-25 15:54:00,1595,1595,1595,1595,0
2022-11-25 15:55:00,1595,1595,1595,1595,0
2022-11-25 15:56:00,1595,1595,1595,1595,0
2022-11-25 15:57:00,1595,1595,1595,1595,0
2022-11-25 15:58:00,1595,1595,1595,1595,0
2022-11-25 15:59:00,1595,1595,1595,1595,0
2022-11-28 09:00:00,1600,1600,1610,1610,0
2022-11-28 09:01:00,1600,1600,1610,1610,0
2022-11-28 09:02:00,1600,1600,1610,1610,0
2022-11-28 09:03:00,1600,1600,1610,1610,0
2022-11-28 09:04:00,1600,1600,1610,1610,0
2022-11-28 09:05:00,1600,1600,1610,1610,0
2022-11-28 09:06:00,1600,1600,1610,1610,0
2022-11-28 09:07:00,1600,1600,1610,1610,0
2022-11-28 09:08:00,1600,1600,1610,1610,0
2022-11-28 09:09:00,1600,1600,1610,1610,0
2022-11-28 09:10:00,1600,1600,1610,1610,0
2022-11-28 09:11:00,1600,1600,1610,1610,0
2022-11-28 09:12:00,1600,1600,1610,1610,0
2022-11-28 09:13:00,1600,1600,1610,1610,0
2022-11-28 09:14:00,1600,1600,1610,1610,0
2022-11-28 09:15:00,1600,1600,1610,1610,0
2022-11-28 09:16:00,1600,1600,1610,1610,0
2022-11-28 09:17:00,1600,1600,1610,1610,0
2022-11-28 09:18:00,1600,1600,1610,1610,0
2022-11-28 09:19:00,1600,1600,1610,1610,0
2022-11-28 09:20:00,1600,1600,1610,1610,0
2022-11-28 09:21:00,1600,1600,1610,1610,0
2022-11-28 09:22:00,1600,1600,1610,1610,0
2022-11-28 09:23:00,1600,1600,1610,1610,0
2022-11-28 09:24:00,1600,1600,1610,1610,0
2022-11-28 09:25:00,1600,1600,1610,1610,0
2022-11-28 09:26:00,1600,1600,1610,1610,0
2022-11-28 09:27:00,1600,1600,1610,1610,0
2022-11-28 09:28:00,1600,1600,1610,1610,0
2022-11-28 09:29:00,1600,1600,1610,1610,0
2022-11-28 09:30:00,1600,1600,1610,1610,0
2022-11-28 09:31:00,1600,1600,1610,1610,0
2022-11-28 09:32:00,1600,1600,1610,1610,0
2022-11-28 09:33:00,1600,1600,1610,1610,0
2022-11-28 09:34:00,1600,1600,1610,1610,0
2022-11-28 09:35:00,1600,1600,1610,1610,0
2022-11-28 09:36:00,1600,1600,1610,1610,0
2022-11-28 09:37:00,1600,1600,1610,1610,0
2022-11-28 09:38:00,1600,1600,1610,1610,0
2022-11-28 09:39:00,1600,1600,1610,1610,0
2022-11-28 09:40:00,1600,1600,1610,1610,0
2022-11-28 09:41:00,1600,1600,1610,1610,0
2022-11-28 09:42:00,1600,1600,1610,1610,0
2022-11-28 09:43:00,1600,1600,1610,1610,0
2022-11-28 09:44:00,1600,1600,1610,1610,0
2022-11-28 09:45:00,1600,1600,1610,1610,0
2022-11-28 09:46:00,1600,1600,1610,1610,0
2022-11-28 09:47:00,1600,1600,1610,1610,0
2022-11-28 09:48:00,1600,1600,1610,1610,0
2022-11-28 09:49:00,1600,1600,1610,1610,0
2022-11-28 09:50:00,1600,1600,1610,1610,0
2022-11-28 09:51:00,1600,1600,1610,1610,0
2022-11-28 09:52:00,1600,1600,1610,1610,0
2022-11-28 09:53:00,1600,1600,1610,1610,0
2022-11-28 09:54:00,1600,1600,1610,1610,0
2022-11-28 09:55:00,1600,1600,1610,1610,0
2022-11-28 09:56:00,1600,1600,1610,1610,0
2022-11-28 09:57:00,1600,1600,1610,1610,0
2022-11-28 09:58:00,1600,1600,1610,1610,0
2022-11-28 09:59:00,1600,1600,1610,1610,0
2022-11-28 10:00:00,1600,1600,1610,1610,0
2022-11-28 10:01:00,1600,1600,1610,1610,0
2022-11-28 10:02:00,1600,1600,1610,1610,0
2022-11-28 10:03:00,1600,1600,1610,1610,0
2022-11-28 10:04:00,1600,1600,1610,1610,0
2022-11-28 10:05:00,1615,1615,1620,1620,73200
2022-11-28 10:06:00,1615,1615,1620,1620,0
2022-11-28 10:07:00,1615,1615,1620,1620,0
2022-11-28 10:08:00,1615,1615,1620,1620,0
2022-11-28 10:09:00,1615,1615,1620,1620,0
2022-11-28 10:10:00,1615,1615,1620,1620,0
2022-11-28 10:11:00,1615,1615,1620,1620,0
2022-11-28 10:12:00,1615,1615,1620,1620,0
2022-11-28 10:13:00,1615,1615,1620,1620,0
2022-11-28 10:14:00,1615,1615,1620,1620,0
2022-11-28 10:15:00,1615,1615,1620,1620,0
2022-11-28 10:16:00,1615,1615,1620,1620,0
2022-11-28 10:17:00,1615,1615,1620,1620,0
2022-11-28 10:18:00,1615,1615,1620,1620,0
2022-11-28 10:19:00,1615,1615,1620,1620,0
2022-11-28 10:20:00,1615,1615,1620,1620,0
2022-11-28 10:21:00,1615,1615,1620,1620,0
2022-11-28 10:22:00,1615,1615,1620,1620,0
2022-11-28 10:23:00,1615,1615,1620,1620,0
2022-11-28 10:24:00,1615,1615,1620,1620,0
2022-11-28 10:25:00,1615,1615,1620,1620,0
2022-11-28 10:26:00,1615,1615,1620,1620,0
2022-11-28 10:27:00,1615,1615,1620,1620,0
2022-11-28 10:28:00,1615,1615,1620,1620,0
2022-11-28 10:29:00,1615,1615,1620,1620,0
2022-11-28 10:30:00,1615,1615,1620,1620,0
2022-11-28 10:31:00,1615,1615,1620,1620,0
2022-11-28 10:32:00,1615,1615,1620,1620,0
2022-11-28 10:33:00,1615,1615,1620,1620,0
2022-11-28 10:34:00,1615,1615,1620,1620,0
2022-11-28 10:35:00,1615,1615,1620,1620,0
2022-11-28 10:36:00,1615,1615,1620,1620,0
2022-11-28 10:37:00,1615,1615,1620,1620,0
2022-11-28 10:38:00,1615,1615,1620,1620,0
2022-11-28 10:39:00,1615,1615,1620,1620,0
2022-11-28 10:40:00,1615,1615,1620,1620,0
2022-11-28 10:41:00,1615,1615,1620,1620,0
2022-11-28 10:42:00,1615,1615,1620,1620,0
2022-11-28 10:43:00,1615,1615,1620,1620,0
2022-11-28 10:44:00,1615,1615,1620,1620,0
2022-11-28 10:45:00,1615,1615,1620,1620,0
2022-11-28 10:46:00,1615,1615,1620,1620,0
2022-11-28 10:47:00,1615,1615,1620,1620,0
2022-11-28 10:48:00,1615,1615,1620,1620,0
2022-11-28 10:49:00,1615,1615,1620,1620,0
2022-11-28 10:50:00,1615,1615,1620,1620,0
2022-11-28 10:51:00,1615,1615,1620,1620,0
2022-11-28 10:52:00,1615,1615,1620,1620,0
2022-11-28 10:53:00,1615,1615,1620,1620,0
2022-11-28 10:54:00,1615,1615,1620,1620,0
2022-11-28 10:55:00,1615,1615,1620,1620,0
2022-11-28 10:56:00,1615,1615,1620,1620,0
2022-11-28 10:57:00,1615,1615,1620,1620,0
2022-11-28 10:58:00,1615,1615,1620,1620,0
2022-11-28 10:59:00,1615,1615,1620,1620,0
2022-11-28 11:00:00,1615,1615,1620,1620,0
2022-11-28 11:01:00,1615,1615,1620,1620,0
2022-11-28 11:02:00,1615,1615,1620,1620,0
2022-11-28 11:03:00,1615,1615,1620,1620,0
2022-11-28 11:04:00,1615,1615,1620,1620,0
2022-11-28 11:05:00,1615,1615,1620,1620,0
2022-11-28 11:06:00,1615,1615,1620,1620,0
2022-11-28 11:07:00,1615,1615,1620,1620,0
2022-11-28 11:08:00,1615,1615,1620,1620,0
2022-11-28 11:09:00,1615,1615,1620,1620,0
2022-11-28 11:10:00,1615,1615,1620,1620,0
2022-11-28 11:11:00,1615,1615,1620,1620,0
2022-11-28 11:12:00,1615,1615,1620,1620,0
2022-11-28 11:13:00,1615,1615,1620,1620,0
2022-11-28 11:14:00,1615,1615,1620,1620,0
2022-11-28 11:15:00,1615,1615,1620,1620,0
2022-11-28 11:16:00,1615,1615,1620,1620,0
2022-11-28 11:17:00,1615,1615,1620,1620,0
2022-11-28 11:18:00,1615,1615,1620,1620,0
2022-11-28 11:19:00,1615,1615,1620,1620,0
2022-11-28 11:20:00,1615,1615,1620,1620,0
2022-11-28 11:21:00,1615,1615,1620,1620,0
2022-11-28 11:22:00,1615,1615,1620,1620,0
2022-11-28 11:23:00,1615,1615,1620,1620,0
2022-11-28 11:24:00,1615,1615,1620,1620,0
2022-11-28 11:25:00,1615,1615,1620,1620,0
2022-11-28 11:26:00,1615,1615,1620,1620,0
2022-11-28 11:27:00,1615,1615,1620,1620,0
2022-11-28 11:28:00,1615,1615,1620,1620,0
2022-11-28 11:29:00,1615,1615,1620,1620,0
2022-11-28 11:30:00,1615,1615,1620,1620,0
2022-11-28 11:31:00,1615,1615,1620,1620,0
2022-11-28 11:32:00,1615,1615,1620,1620,0
2022-11-28 11:33:00,1615,1615,1620,1620,0
2022-11-28 11:34:00,1615,1615,1620,1620,0
2022-11-28 11:35:00,1615,1615,1620,1620,0
2022-11-28 11:36:00,1615,1615,1620,1620,0
2022-11-28 11:37:00,1615,1615,1620,1620,0
2022-11-28 11:38:00,1615,1615,1620,1620,0
2022-11-28 11:39:00,1615,1615,1620,1620,0
2022-11-28 11:40:00,1615,1615,1620,1620,0
2022-11-28 11:41:00,1615,1615,1620,1620,0
2022-11-28 11:42:00,1615,1615,1620,1620,0
2022-11-28 11:43:00,1615,1615,1620,1620,0
2022-11-28 11:44:00,1615,1615,1620,1620,0
2022-11-28 11:45:00,1615,1615,1620,1620,0
2022-11-28 11:46:00,1615,1615,1620,1620,0
2022-11-28 11:47:00,1615,1615,1620,1620,0
2022-11-28 11:48:00,1615,1615,1620,1620,0
2022-11-28 11:49:00,1615,1615,1620,1620,0
2022-11-28 11:50:00,1615,1615,1620,1620,0
2022-11-28 11:51:00,1615,1615,1620,1620,0
2022-11-28 11:52:00,1615,1615,1620,1620,0
2022-11-28 11:53:00,1615,1615,1620,1620,0
2022-11-28 11:54:00,1615,1615,1620,1620,0
2022-11-28 11:55:00,1615,1615,1620,1620,0
2022-11-28 11:56:00,1615,1615,1620,1620,0
2022-11-28 11:57:00,1615,1615,1620,1620,0
2022-11-28 11:58:00,1615,1615,1620,1620,0
2022-11-28 11:59:00,1615,1615,1620,1620,0
2022-11-28 12:00:00,1615,1615,1620,1620,0
2022-11-28 12:01:00,1615,1615,1620,1620,0
2022-11-28 12:02:00,1615,1615,1620,1620,0
2022-11-28 12:03:00,1615,1615,1620,1620,0
2022-11-28 12:04:00,1615,1615,1620,1620,0
2022-11-28 12:05:00,1615,1615,1620,1620,0
2022-11-28 12:06:00,1615,1615,1620,1620,0
2022-11-28 12:07:00,1615,1615,1620,1620,0
2022-11-28 12:08:00,1615,1615,1620,1620,0
2022-11-28 12:09:00,1615,1615,1620,1620,0
2022-11-28 12:10:00,1615,1615,1620,1620,0
2022-11-28 12:11:00,1615,1615,1620,1620,0
2022-11-28 12:12:00,1615,1615,1620,1620,0
2022-11-28 12:13:00,1615,1615,1620,1620,0
2022-11-28 12:14:00,1615,1615,1620,1620,0
2022-11-28 12:15:00,1615,1615,1620,1620,0
2022-11-28 12:16:00,1615,1615,1620,1620,0
2022-11-28 12:17:00,1615,1615,1620,1620,0
2022-11-28 12:18:00,1615,1615,1620,1620,0
2022-11-28 12:19:00,1615,1615,1620,1620,0
2022-11-28 12:20:00,1615,1615,1620,1620,0
2022-11-28 12:21:00,1615,1615,1620,1620,0
2022-11-28 12:22:00,1615,1615,1620,1620,0
2022-11-28 12:23:00,1615,1615,1620,1620,0
2022-11-28 12:24:00,1615,1615,1620,1620,0
2022-11-28 12:25:00,1615,1615,1620,1620,0
2022-11-28 12:26:00,1615,1615,1620,1620,0
2022-11-28 12:27:00,1615,1615,1620,1620,0
2022-11-28 12:28:00,1615,1615,1620,1620,0
2022-11-28 12:29:00,1615,1615,1620,1620,0
2022-11-28 12:30:00,1615,1615,1620,1620,0
2022-11-28 12:31:00,1615,1615,1620,1620,0
2022-11-28 12:32:00,1615,1615,1620,1620,0
2022-11-28 12:33:00,1615,1615,1620,1620,0
2022-11-28 12:34:00,1615,1615,1620,1620,0
2022-11-28 12:35:00,1615,1615,1620,1620,0
2022-11-28 12:36:00,1615,1615,1620,1620,0
2022-11-28 12:37:00,1615,1615,1620,1620,0
2022-11-28 12:38:00,1615,1615,1620,1620,0
2022-11-28 12:39:00,1615,1615,1620,1620,0
2022-11-28 12:40:00,1615,1615,1620,1620,0
2022-11-28 12:41:00,1615,1615,1620,1620,0
2022-11-28 12:42:00,1615,1615,1620,1620,0
2022-11-28 12:43:00,1615,1615,1620,1620,0
2022-11-28 12:44:00,1615,1615,1620,1620,0
2022-11-28 12:45:00,1615,1615,1620,1620,0
2022-11-28 12:46:00,1615,1615,1620,1620,0
2022-11-28 12:47:00,1615,1615,1620,1620,0
2022-11-28 12:48:00,1615,1615,1620,1620,0
2022-11-28 12:49:00,1615,1615,1620,1620,0
2022-11-28 12:50:00,1615,1615,1620,1620,0
2022-11-28 12:51:00,1615,1615,1620,1620,0
2022-11-28 12:52:00,1615,1615,1620,1620,0
2022-11-28 12:53:00,1615,1615,1620,1620,0
2022-11-28 12:54:00,1615,1615,1620,1620,0
2022-11-28 12:55:00,1615,1615,1620,1620,0
2022-11-28 12:56:00,1615,1615,1620,1620,0
2022-11-28 12:57:00,1615,1615,1620,1620,0
2022-11-28 12:58:00,1615,1615,1620,1620,0
2022-11-28 12:59:00,1615,1615,1620,1620,0
2022-11-28 13:00:00,1615,1615,1620,1620,0
2022-11-28 13:01:00,1615,1615,1620,1620,0
2022-11-28 13:02:00,1615,1615,1620,1620,0
2022-11-28 13:03:00,1615,1615,1620,1620,0
2022-11-28 13:04:00,1615,1615,1620,1620,0
2022-11-28 13:05:00,1615,1615,1620,1620,0
2022-11-28 13:06:00,1615,1615,1620,1620,0
2022-11-28 13:07:00,1615,1615,1620,1620,0
2022-11-28 13:08:00,1615,1615,1620,1620,0
2022-11-28 13:09:00,1615,1615,1620,1620,0
2022-11-28 13:10:00,1615,1615,1620,1620,0
2022-11-28 13:11:00,1615,1615,1620,1620,0
2022-11-28 13:12:00,1615,1615,1620,1620,0
2022-11-28 13:13:00,1615,1615,1620,1620,0
2022-11-28 13:14:00,1615,1615,1620,1620,0
2022-11-28 13:15:00,1615,1615,1620,1620,0
2022-11-28 13:16:00,1615,1615,1620,1620,0
2022-11-28 13:17:00,1615,1615,1620,1620,0
2022-11-28 13:18:00,1615,1615,1620,1620,0
2022-11-28 13:19:00,1615,1615,1620,1620,0
2022-11-28 13:20:00,1615,1615,1620,1620,0
2022-11-28 13:21:00,1615,1615,1620,1620,0
2022-11-28 13:22:00,1615,1615,1620,1620,0
2022-11-28 13:23:00,1615,1615,1620,1620,0
2022-11-28 13:24:00,1615,1615,1620,1620,0
2022-11-28 13:25:00,1615,1615,1620,1620,0
2022-11-28 13:26:00,1615,1615,1620,1620,0
2022-11-28 13:27:00,1615,1615,1620,1620,0
2022-11-28 13:28:00,1615,1615,1620,1620,0
2022-11-28 13:29:00,1615,1615,1620,1620,0
2022-11-28 13:30:00,1615,1615,1620,1620,0
2022-11-28 13:31:00,1615,1615,1620,1620,0
2022-11-28 13:32:00,1615,1615,1620,1620,0
2022-11-28 13:33:00,1615,1615,1620,1620,0
2022-11-28 13:34:00,1615,1615,1620,1620,0
2022-11-28 13:35:00,1615,1615,1620,1620,0
2022-11-28 13:36:00,1615,1615,1620,1620,0
2022-11-28 13:37:00,1615,1615,1620,1620,0
2022-11-28 13:38:00,1615,1615,1620,1620,0
2022-11-28 13:39:00,1615,1615,1620,1620,0
2022-11-28 13:40:00,1615,1615,1620,1620,0
2022-11-28 13:41:00,1615,1615,1620,1620,0
2022-11-28 13:42:00,1615,1615,1620,1620,0
2022-11-28 13:43:00,1615,1615,1620,1620,0
2022-11-28 13:44:00,1615,1615,1620,1620,0
2022-11-28 13:45:00,1615,1615,1620,1620,0
2022-11-28 13:46:00,1615,1615,1620,1620,0
2022-11-28 13:47:00,1615,1615,1620,1620,0
2022-11-28 13:48:00,1615,1615,1620,1620,0
2022-11-28 13:49:00,1615,1615,1620,1620,0
2022-11-28 13:50:00,1615,1615,1620,1620,0
2022-11-28 13:51:00,1615,1615,1620,1620,0
2022-11-28 13:52:00,1615,1615,1620,1620,0
2022-11-28 13:53:00,1615,1615,1620,1620,0
2022-11-28 13:54:00,1615,1615,1620,1620,0
2022-11-28 13:55:00,1615,1615,1620,1620,0
2022-11-28 13:56:00,1615,1615,1620,1620,0
2022-11-28 13:57:00,1615,1615,1620,1620,0
2022-11-28 13:58:00,1615,1615,1620,1620,0
2022-11-28 13:59:00,1615,1615,1620,1620,0
2022-11-28 14:00:00,1615,1615,1620,1620,0
2022-11-28 14:01:00,1615,1615,1620,1620,0
2022-11-28 14:02:00,1615,1615,1620,1620,0
2022-11-28 14:03:00,1615,1615,1620,1620,0
2022-11-28 14:04:00,1615,1615,1620,1620,0
2022-11-28 14:05:00,1615,1615,1620,1620,0
2022-11-28 14:06:00,1615,1615,1620,1620,0
2022-11-28 14:07:00,1615,1615,1620,1620,0
2022-11-28 14:08:00,1615,1615,1620,1620,0
2022-11-28 14:09:00,1615,1615,1620,1620,0
2022-11-28 14:10:00,1615,1615,1620,1620,0
2022-11-28 14:11:00,1615,1615,1620,1620,0
2022-11-28 14:12:00,1615,1615,1620,1620,0
2022-11-28 14:13:00,1615,1615,1620,1620,0
2022-11-28 14:14:00,1615,1615,1620,1620,0
2022-11-28 14:15:00,1615,1615,1620,1620,0
2022-11-28 14:16:00,1615,1615,1620,1620,0
2022-11-28 14:17:00,1615,1615,1620,1620,0
2022-11-28 14:18:00,1615,1615,1620,1620,0
2022-11-28 14:19:00,1615,1615,1620,1620,0
2022-11-28 14:20:00,1615,1615,1620,1620,0
2022-11-28 14:21:00,1615,1615,1620,1620,0
2022-11-28 14:22:00,1615,1615,1620,1620,0
2022-11-28 14:23:00,1615,1615,1620,1620,0
2022-11-28 14:24:00,1615,1615,1620,1620,0
2022-11-28 14:25:00,1615,1615,1620,1620,0
2022-11-28 14:26:00,1615,1615,1620,1620,0
2022-11-28 14:27:00,1615,1615,1620,1620,0
2022-11-28 14:28:00,1615,1615,1620,1620,0
2022-11-28 14:29:00,1615,1615,1620,1620,0
2022-11-28 14:30:00,1615,1615,1620,1620,0
2022-11-28 14:31:00,1615,1615,1620,1620,0
2022-11-28 14:32:00,1615,1615,1620,1620,0
2022-11-28 14:33:00,1615,1615,1620,1620,0
2022-11-28 14:34:00,1615,1615,1620,1620,0
2022-11-28 14:35:00,1615,1615,1620,1620,0
2022-11-28 14:36:00,1615,1615,1620,1620,0
2022-11-28 14:37:00,1615,1615,1620,1620,0
2022-11-28 14:38:00,1615,1615,1620,1620,0
2022-11-28 14:39:00,1615,1615,1620,1620,0
2022-11-28 14:40:00,1615,1615,1620,1620,0
2022-11-28 14:41:00,1615,1615,1620,1620,0
2022-11-28 14:42:00,1615,1615,1620,1620,0
2022-11-28 14:43:00,1615,1615,1620,1620,0
2022-11-28 14:44:00,1615,1615,1620,1620,0
2022-11-28 14:45:00,1615,1615,1620,1620,0
2022-11-28 14:46:00,1615,1615,1620,1620,0
2022-11-28 14:47:00,1615,1615,1620,1620,0
2022-11-28 14:48:00,1615,1615,1620,1620,0
2022-11-28 14:49:00,1615,1615,1620,1620,0
2022-11-28 14:50:00,1615,1615,1620,1620,0
2022-11-28 14:51:00,1615,1615,1620,1620,0
2022-11-28 14:52:00,1615,1615,1620,1620,0
2022-11-28 14:53:00,1615,1615,1620,1620,0
2022-11-28 14:54:00,1615,1615,1620,1620,0
2022-11-28 14:55:00,1615,1615,1620,1620,0
2022-11-28 14:56:00,1615,1615,1620,1620,0
2022-11-28 14:57:00,1615,1615,1620,1620,0
2022-11-28 14:58:00,1615,1615,1620,1620,0
2022-11-28 14:59:00,1615,1615,1620,1620,0
2022-11-28 15:00:00,1615,1615,1620,1620,0
2022-11-28 15:01:00,1615,1615,1620,1620,0
2022-11-28 15:02:00,1615,1615,1620,1620,0
2022-11-28 15:03:00,1615,1615,1620,1620,0
2022-11-28 15:04:00,1615,1615,1620,1620,0
2022-11-28 15:05:00,1615,1615,1620,1620,0
2022-11-28 15:06:00,1615,1615,1620,1620,0
2022-11-28 15:07:00,1615,1615,1620,1620,0
2022-11-28 15:08:00,1615,1615,1620,1620,0
2022-11-28 15:09:00,1615,1615,1620,1620,0
2022-11-28 15:10:00,1615,1615,1620,1620,0
2022-11-28 15:11:00,1615,1615,1620,1620,0
2022-11-28 15:12:00,1615,1615,1620,1620,0
2022-11-28 15:13:00,1615,1615,1620,1620,0
2022-11-28 15:14:00,1615,1615,1620,1620,0
2022-11-28 15:15:00,1615,1615,1620,1620,0
2022-11-28 15:16:00,1615,1615,1620,1620,0
2022-11-28 15:17:00,1615,1615,1620,1620,0
2022-11-28 15:18:00,1615,1615,1620,1620,0
2022-11-28 15:19:00,1615,1615,1620,1620,0
2022-11-28 15:20:00,1615,1615,1620,1620,0
2022-11-28 15:21:00,1615,1615,1620,1620,0
2022-11-28 15:22:00,1615,1615,1620,1620,0
2022-11-28 15:23:00,1615,1615,1620,1620,0
2022-11-28 15:24:00,1615,1615,1620,1620,0
2022-11-28 15:25:00,1615,1615,1620,1620,0
2022-11-28 15:26:00,1615,1615,1620,1620,0
2022-11-28 15:27:00,1615,1615,1620,1620,0
2022-11-28 15:28:00,1615,1615,1620,1620,0
2022-11-28 15:29:00,1615,1615,1620,1620,0
2022-11-28 15:30:00,1615,1615,1620,1620,0
2022-11-28 15:31:00,1615,1615,1620,1620,0
2022-11-28 15:32:00,1615,1615,1620,1620,0
2022-11-28 15:33:00,1615,1615,1620,1620,0
2022-11-28 15:34:00,1615,1615,1620,1620,0
2022-11-28 15:35:00,1615,1615,1620,1620,0
2022-11-28 15:36:00,1615,1615,1620,1620,0
2022-11-28 15:37:00,1615,1615,1620,1620,0
2022-11-28 15:38:00,1615,1615,1620,1620,0
2022-11-28 15:39:00,1615,1615,1620,1620,0
2022-11-28 15:40:00,1615,1615,1620,1620,0
2022-11-28 15:41:00,1615,1615,1620,1620,0
2022-11-28 15:42:00,1615,1615,1620,1620,0
2022-11-28 15:43:00,1615,1615,1620,1620,0
2022-11-28 15:44:00,1615,1615,1620,1620,0
2022-11-28 15:45:00,1615,1615,1620,1620,0
2022-11-28 15:46:00,1615,1615,1620,1620,0
2022-11-28 15:47:00,1615,1615,1620,1620,0
2022-11-28 15:48:00,1615,1615,1620,1620,0
2022-11-28 15:49:00,1615,1615,1620,1620,0
2022-11-28 15:50:00,1615,1615,1620,1620,0
2022-11-28 15:51:00,1615,1615,1620,1620,0
2022-11-28 15:52:00,1615,1615,1620,1620,0
2022-11-28 15:53:00,1615,1615,1620,1620,0
2022-11-28 15:54:00,1615,1615,1620,1620,0
2022-11-28 15:55:00,1615,1615,1620,1620,0
2022-11-28 15:56:00,1615,1615,1620,1620,0
2022-11-28 15:57:00,1615,1615,1620,1620,0
2022-11-28 15:58:00,1615,1615,1620,1620,0
2022-11-28 15:59:00,1615,1615,1620,1620,0
2022-11-29 09:00:00,1615,1615,1620,1620,0
2022-11-29 09:01:00,1615,1615,1620,1620,0
2022-11-29 09:02:00,1615,1615,1620,1620,0
2022-11-29 09:03:00,1615,1615,1620,1620,0
2022-11-29 09:04:00,1615,1615,1620,1620,0
2022-11-29 09:05:00,1615,1615,1620,1620,0
2022-11-29 09:06:00,1615,1615,1620,1620,0
2022-11-29 09:07:00,1615,1615,1620,1620,0
2022-11-29 09:08:00,1615,1615,1620,1620,0
2022-11-29 09:09:00,1615,1615,1620,1620,0
2022-11-29 09:10:00,1615,1615,1620,1620,0
2022-11-29 09:11:00,1615,1615,1620,1620,0
2022-11-29 09:12:00,1615,1615,1620,1620,0
2022-11-29 09:13:00,1615,1615,1620,1620,0
2022-11-29 09:14:00,1615,1615,1620,1620,0
2022-11-29 09:15:00,1615,1615,1620,1620,0
2022-11-29 09:16:00,1615,1615,1620,1620,0
2022-11-29 09:17:00,1615,1615,1620,1620,0
2022-11-29 09:18:00,1615,1615,1620,1620,0
2022-11-29 09:19:00,1615,1615,1620,1620,0
2022-11-29 09:20:00,1615,1615,1620,1620,0
2022-11-29 09:21:00,1615,1615,1620,1620,0
2022-11-29 09:22:00,1615,1615,1620,1620,0
2022-11-29 09:23:00,1615,1615,1620,1620,0
2022-11-29 09:24:00,1615,1615,1620,1620,0
2022-11-29 09:25:00,1615,1615,1620,1620,0
2022-11-29 09:26:00,1615,1615,1620,1620,0
2022-11-29 09:27:00,1615,1615,1620,1620,0
2022-11-29 09:28:00,1615,1615,1620,1620,0
2022-11-29 09:29:00,1615,1615,1620,1620,0
2022-11-29 09:30:00,1615,1615,1620,1620,0
2022-11-29 09:31:00,1615,1615,1620,1620,0
2022-11-29 09:32:00,1615,1615,1620,1620,0
2022-11-29 09:33:00,1615,1615,1620,1620,0
2022-11-29 09:34:00,1615,1615,1620,1620,0
2022-11-29 09:35:00,1615,1615,1620,1620,0
2022-11-29 09:36:00,1615,1615,1620,1620,0
2022-11-29 09:37:00,1615,1615,1620,1620,0
2022-11-29 09:38:00,1615,1615,1620,1620,0
2022-11-29 09:39:00,1615,1615,1620,1620,0
2022-11-29 09:40:00,1615,1615,1620,1620,0
2022-11-29 09:41:00,1615,1615,1620,1620,0
2022-11-29 09:42:00,1615,1615,1620,1620,0
2022-11-29 09:43:00,1615,1615,1620,1620,0
2022-11-29 09:44:00,1615,1615,1620,1620,0
2022-11-29 09:45:00,1615,1615,1620,1620,0
2022-11-29 09:46:00,1615,1615,1620,1620,0
2022-11-29 09:47:00,1615,1615,1620,1620,0
2022-11-29 09:48:00,1615,1615,1620,1620,0
2022-11-29 09:49:00,1615,1615,1620,1620,0
2022-11-29 09:50:00,1615,1615,1620,1620,0
2022-11-29 09:51:00,1615,1615,1620,1620,0
2022-11-29 09:52:00,1615,1615,1620,1620,0
2022-11-29 09:53:00,1615,1615,1620,1620,0
2022-11-29 09:54:00,1615,1615,1620,1620,0
2022-11-29 09:55:00,1615,1615,1620,1620,0
2022-11-29 09:56:00,1615,1615,1620,1620,0
2022-11-29 09:57:00,1615,1615,1620,1620,0
2022-11-29 09:58:00,1615,1615,1620,1620,0
2022-11-29 09:59:00,1615,1615,1620,1620,0
2022-11-29 10:00:00,1615,1615,1620,1620,0
2022-11-29 10:01:00,1615,1615,1620,1620,0
2022-11-29 10:02:00,1615,1615,1620,1620,0
2022-11-29 10:03:00,1615,1615,1620,1620,0
2022-11-29 10:04:00,1615,1615,1620,1620,0
2022-11-29 10:05:00,1615,1615,1620,1620,0
2022-11-29 10:06:00,1615,1615,1620,1620,0
2022-11-29 10:07:00,1615,1615,1620,1620,0
2022-11-29 10:08:00,1615,1615,1620,1620,0
2022-11-29 10:09:00,1615,1615,1620,1620,0
2022-11-29 10:10:00,1615,1615,1620,1620,0
2022-11-29 10:11:00,1615,1615,1620,1620,0
2022-11-29 10:12:00,1615,1615,1620,1620,0
2022-11-29 10:13:00,1615,1615,1620,1620,0
2022-11-29 10:14:00,1615,1615,1620,1620,0
2022-11-29 10:15:00,1615,1615,1620,1620,0
2022-11-29 10:16:00,1615,1615,1620,1620,0
2022-11-29 10:17:00,1615,1615,1620,1620,0
2022-11-29 10:18:00,1615,1615,1620,1620,0
2022-11-29 10:19:00,1615,1615,1620,1620,0
2022-11-29 10:20:00,1615,1615,1620,1620,0
2022-11-29 10:21:00,1615,1615,1620,1620,0
2022-11-29 10:22:00,1615,1615,1620,1620,0
2022-11-29 10:23:00,1615,1615,1620,1620,0
2022-11-29 10:24:00,1615,1615,1620,1620,0
2022-11-29 10:25:00,1615,1615,1620,1620,0
2022-11-29 10:26:00,1615,1615,1620,1620,0
2022-11-29 10:27:00,1615,1615,1620,1620,0
2022-11-29 10:28:00,1615,1615,1620,1620,0
2022-11-29 10:29:00,1615,1615,1620,1620,0
2022-11-29 10:30:00,1615,1615,1620,1620,0
2022-11-29 10:31:00,1615,1615,1620,1620,0
2022-11-29 10:32:00,1615,1615,1620,1620,0
2022-11-29 10:33:00,1615,1615,1620,1620,0
2022-11-29 10:34:00,1615,1615,1620,1620,0
2022-11-29 10:35:00,1615,1615,1620,1620,0
2022-11-29 10:36:00,1615,1615,1620,1620,0
2022-11-29 10:37:00,1615,1615,1620,1620,0
2022-11-29 10:38:00,1615,1615,1620,1620,0
2022-11-29 10:39:00,1615,1615,1620,1620,0
2022-11-29 10:40:00,1615,1615,1620,1620,0
2022-11-29 10:41:00,1615,1615,1620,1620,0
2022-11-29 10:42:00,1615,1615,1620,1620,0
2022-11-29 10:43:00,1615,1615,1620,1620,0
2022-11-29 10:44:00,1615,1615,1620,1620,0
2022-11-29 10:45:00,1615,1615,1620,1620,0
2022-11-29 10:46:00,1615,1615,1620,1620,0
2022-11-29 10:47:00,1615,1615,1620,1620,0
2022-11-29 10:48:00,1615,1615,1620,1620,0
2022-11-29 10:49:00,1615,1615,1620,1620,0
2022-11-29 10:50:00,1615,1615,1620,1620,0
2022-11-29 10:51:00,1615,1615,1620,1620,0
2022-11-29 10:52:00,1615,1615,1620,1620,0
2022-11-29 10:53:00,1615,1615,1620,1620,0
2022-11-29 10:54:00,1615,1615,1620,1620,0
2022-11-29 10:55:00,1615,1615,1620,1620,0
2022-11-29 10:56:00,1615,1615,1620,1620,0
2022-11-29 10:57:00,1615,1615,1620,1620,0
2022-11-29 10:58:00,1615,1615,1620,1620,0
2022-11-29 10:59:00,1615,1615,1620,1620,0
2022-11-29 11:00:00,1615,1615,1620,1620,0
2022-11-29 11:01:00,1615,1615,1620,1620,0
2022-11-29 11:02:00,1615,1615,1620,1620,0
2022-11-29 11:03:00,1615,1615,1620,1620,0
2022-11-29 11:04:00,1615,1615,1620,1620,0
2022-11-29 11:05:00,1615,1615,1620,1620,0
2022-11-29 11:06:00,1615,1615,1620,1620,0
2022-11-29 11:07:00,1615,1615,1620,1620,0
2022-11-29 11:08:00,1615,1615,1620,1620,0
2022-11-29 11:09:00,1615,1615,1620,1620,0
2022-11-29 11:10:00,1615,1615,1620,1620,0
2022-11-29 11:11:00,1615,1615,1620,1620,0
2022-11-29 11:12:00,1615,1615,1620,1620,0
2022-11-29 11:13:00,1615,1615,1620,1620,0
2022-11-29 11:14:00,1615,1615,1620,1620,0
2022-11-29 11:15:00,1615,1615,1620,1620,0
2022-11-29 11:16:00,1615,1615,1620,1620,0
2022-11-29 11:17:00,1615,1615,1620,1620,0
2022-11-29 11:18:00,1615,1615,1620,1620,0
2022-11-29 11:19:00,1615,1615,1620,1620,0
2022-11-29 11:20:00,1615,1615,1620,1620,0
2022-11-29 11:21:00,1615,1615,1620,1620,0
2022-11-29 11:22:00,1615,1615,1620,1620,0
2022-11-29 11:23:00,1615,1615,1620,1620,0
2022-11-29 11:24:00,1615,1615,1620,1620,0
2022-11-29 11:25:00,1615,1615,1620,1620,0
2022-11-29 11:26:00,1615,1615,1620,1620,0
2022-11-29 11:27:00,1615,1615,1620,1620,0
2022-11-29 11:28:00,1615,1615,1620,1620,0
2022-11-29 11:29:00,1615,1615,1620,1620,0
2022-11-29 11:30:00,1615,1615,1620,1620,0
2022-11-29 11:31:00,1615,1615,1620,1620,0
2022-11-29 11:32:00,1615,1615,1620,1620,0
2022-11-29 11:33:00,1615,1615,1620,1620,0
2022-11-29 11:34:00,1615,1615,1620,1620,0
2022-11-29 11:35:00,1615,1615,1620,1620,0
2022-11-29 11:36:00,1615,1615,1620,1620,0
2022-11-29 11:37:00,1615,1615,1620,1620,0
2022-11-29 11:38:00,1615,1615,1620,1620,0
2022-11-29 11:39:00,1615,1615,1620,1620,0
2022-11-29 11:40:00,1615,1615,1620,1620,0
2022-11-29 11:41:00,1615,1615,1620,1620,0
2022-11-29 11:42:00,1615,1615,1620,1620,0
2022-11-29 11:43:00,1615,1615,1620,1620,0
2022-11-29 11:44:00,1615,1615,1620,1620,0
2022-11-29 11:45:00,1615,1615,1620,1620,0
2022-11-29 11:46:00,1615,1615,1620,1620,0
2022-11-29 11:47:00,1615,1615,1620,1620,0
2022-11-29 11:48:00,1615,1615,1620,1620,0
2022-11-29 11:49:00,1615,1615,1620,1620,0
2022-11-29 11:50:00,1615,1615,1620,1620,0
2022-11-29 11:51:00,1615,1615,1620,1620,0
2022-11-29 11:52:00,1615,1615,1620,1620,0
2022-11-29 11:53:00,1615,1615,1620,1620,0
2022-11-29 11:54:00,1615,1615,1620,1620,0
2022-11-29 11:55:00,1615,1615,1620,1620,0
2022-11-29 11:56:00,1615,1615,1620,1620,0
2022-11-29 11:57:00,1615,1615,1620,1620,0
2022-11-29 11:58:00,1615,1615,1620,1620,0
2022-11-29 11:59:00,1615,1615,1620,1620,0
2022-11-29 12:00:00,1615,1615,1620,1620,0
2022-11-29 12:01:00,1615,1615,1620,1620,0
2022-11-29 12:02:00,1615,1615,1620,1620,0
2022-11-29 12:03:00,1615,1615,1620,1620,0
2022-11-29 12:04:00,1615,1615,1620,1620,0
2022-11-29 12:05:00,1615,1615,1620,1620,0
2022-11-29 12:06:00,1615,1615,1620,1620,0
2022-11-29 12:07:00,1615,1615,1620,1620,0
2022-11-29 12:08:00,1615,1615,1620,1620,0
2022-11-29 12:09:00,1615,1615,1620,1620,0
2022-11-29 12:10:00,1615,1615,1620,1620,0
2022-11-29 12:11:00,1615,1615,1620,1620,0
2022-11-29 12:12:00,1615,1615,1620,1620,0
2022-11-29 12:13:00,1615,1615,1620,1620,0
2022-11-29 12:14:00,1615,1615,1620,1620,0
2022-11-29 12:15:00,1615,1615,1620,1620,0
2022-11-29 12:16:00,1615,1615,1620,1620,0
2022-11-29 12:17:00,1615,1615,1620,1620,0
2022-11-29 12:18:00,1615,1615,1620,1620,0
2022-11-29 12:19:00,1615,1615,1620,1620,0
2022-11-29 12:20:00,1615,1615,1620,1620,0
2022-11-29 12:21:00,1615,1615,1620,1620,0
2022-11-29 12:22:00,1615,1615,1620,1620,0
2022-11-29 12:23:00,1615,1615,1620,1620,0
2022-11-29 12:24:00,1615,1615,1620,1620,0
2022-11-29 12:25:00,1615,1615,1620,1620,0
2022-11-29 12:26:00,1615,1615,1620,1620,0
2022-11-29 12:27:00,1615,1615,1620,1620,0
2022-11-29 12:28:00,1615,1615,1620,1620,0
2022-11-29 12:29:00,1615,1615,1620,1620,0
2022-11-29 12:30:00,1615,1615,1620,1620,0
2022-11-29 12:31:00,1615,1615,1620,1620,0
2022-11-29 12:32:00,1615,1615,1620,1620,0
2022-11-29 12:33:00,1615,1615,1620,1620,0
2022-11-29 12:34:00,1615,1615,1620,1620,0
2022-11-29 12:35:00,1615,1615,1620,1620,0
2022-11-29 12:36:00,1615,1615,1620,1620,0
2022-11-29 12:37:00,1615,1615,1620,1620,0
2022-11-29 12:38:00,1615,1615,1620,1620,0
2022-11-29 12:39:00,1615,1615,1620,1620,0
2022-11-29 12:40:00,1615,1615,1620,1620,0
2022-11-29 12:41:00,1615,1615,1620,1620,0
2022-11-29 12:42:00,1615,1615,1620,1620,0
2022-11-29 12:43:00,1615,1615,1620,1620,0
2022-11-29 12:44:00,1615,1615,1620,1620,0
2022-11-29 12:45:00,1615,1615,1620,1620,0
2022-11-29 12:46:00,1615,1615,1620,1620,0
2022-11-29 12:47:00,1615,1615,1620,1620,0
2022-11-29 12:48:00,1615,1615,1620,1620,0
2022-11-29 12:49:00,1615,1615,1620,1620,0
2022-11-29 12:50:00,1615,1615,1620,1620,0
2022-11-29 12:51:00,1615,1615,1620,1620,0
2022-11-29 12:52:00,1615,1615,1620,1620,0
2022-11-29 12:53:00,1615,1615,1620,1620,0
2022-11-29 12:54:00,1615,1615,1620,1620,0
2022-11-29 12:55:00,1615,1615,1620,1620,0
2022-11-29 12:56:00,1615,1615,1620,1620,0
2022-11-29 12:57:00,1615,1615,1620,1620,0
2022-11-29 12:58:00,1615,1615,1620,1620,0
2022-11-29 12:59:00,1615,1615,1620,1620,0
2022-11-29 13:00:00,1615,1615,1620,1620,0
2022-11-29 13:01:00,1615,1615,1620,1620,0
2022-11-29 13:02:00,1615,1615,1620,1620,0
2022-11-29 13:03:00,1615,1615,1620,1620,0
2022-11-29 13:04:00,1615,1615,1620,1620,0
2022-11-29 13:05:00,1615,1615,1620,1620,0
2022-11-29 13:06:00,1615,1615,1620,1620,0
2022-11-29 13:07:00,1615,1615,1620,1620,0
2022-11-29 13:08:00,1615,1615,1620,1620,0
2022-11-29 13:09:00,1615,1615,1620,1620,0
2022-11-29 13:10:00,1615,1615,1620,1620,0
2022-11-29 13:11:00,1615,1615,1620,1620,0
2022-11-29 13:12:00,1615,1615,1620,1620,0
2022-11-29 13:13:00,1615,1615,1620,1620,0
2022-11-29 13:14:00,1615,1615,1620,1620,0
2022-11-29 13:15:00,1615,1615,1620,1620,0
2022-11-29 13:16:00,1615,1615,1620,1620,0
2022-11-29 13:17:00,1615,1615,1620,1620,0
2022-11-29 13:18:00,1615,1615,1620,1620,0
2022-11-29 13:19:00,1615,1615,1620,1620,0
2022-11-29 13:20:00,1615,1615,1620,1620,0
2022-11-29 13:21:00,1615,1615,1620,1620,0
2022-11-29 13:22:00,1615,1615,1620,1620,0
2022-11-29 13:23:00,1615,1615,1620,1620,0
2022-11-29 13:24:00,1615,1615,1620,1620,0
2022-11-29 13:25:00,1615,1615,1620,1620,0
2022-11-29 13:26:00,1615,1615,1620,1620,0
2022-11-29 13:27:00,1615,1615,1620,1620,0
2022-11-29 13:28:00,1615,1615,1620,1620,0
2022-11-29 13:29:00,1615,1615,1620,1620,0
2022-11-29 13:30:00,1615,1615,1620,1620,0
2022-11-29 13:31:00,1615,1615,1620,1620,0
2022-11-29 13:32:00,1615,1615,1620,1620,0
2022-11-29 13:33:00,1615,1615,1620,1620,0
2022-11-29 13:34:00,1615,1615,1620,1620,0
2022-11-29 13:35:00,1615,1615,1620,1620,0
2022-11-29 13:36:00,1615,1615,1620,1620,0
2022-11-29 13:37:00,1615,1615,1620,1620,0
2022-11-29 13:38:00,1615,1615,1620,1620,0
2022-11-29 13:39:00,1615,1615,1620,1620,0
2022-11-29 13:40:00,1615,1615,1620,1620,0
2022-11-29 13:41:00,1615,1615,1620,1620,0
2022-11-29 13:42:00,1615,1615,1620,1620,0
2022-11-29 13:43:00,1615,1615,1620,1620,0
2022-11-29 13:44:00,1615,1615,1620,1620,0
2022-11-29 13:45:00,1615,1615,1620,1620,0
2022-11-29 13:46:00,1615,1615,1620,1620,0
2022-11-29 13:47:00,1615,1615,1620,1620,0
2022-11-29 13:48:00,1615,1615,1620,1620,0
2022-11-29 13:49:00,1615,1615,1620,1620,0
2022-11-29 13:50:00,1615,1615,1620,1620,0
2022-11-29 13:51:00,1615,1615,1620,1620,0
2022-11-29 13:52:00,1615,1615,1620,1620,0
2022-11-29 13:53:00,1615,1615,1620,1620,0
2022-11-29 13:54:00,1615,1615,1620,1620,0
2022-11-29 13:55:00,1615,1615,1620,1620,0
2022-11-29 13:56:00,1615,1615,1620,1620,0
2022-11-29 13:57:00,1615,1615,1620,1620,0
2022-11-29 13:58:00,1615,1615,1620,1620,0
2022-11-29 13:59:00,1615,1615,1620,1620,0
2022-11-29 14:00:00,1615,1615,1620,1620,0
2022-11-29 14:01:00,1615,1615,1620,1620,0
2022-11-29 14:02:00,1615,1615,1620,1620,0
2022-11-29 14:03:00,1615,1615,1620,1620,0
2022-11-29 14:04:00,1615,1615,1620,1620,0
2022-11-29 14:05:00,1615,1615,1620,1620,0
2022-11-29 14:06:00,1615,1615,1620,1620,0
2022-11-29 14:07:00,1615,1615,1620,1620,0
2022-11-29 14:08:00,1615,1615,1620,1620,0
2022-11-29 14:09:00,1615,1615,1620,1620,0
2022-11-29 14:10:00,1615,1615,1620,1620,0
2022-11-29 14:11:00,1615,1615,1620,1620,0
2022-11-29 14:12:00,1615,1615,1620,1620,0
2022-11-29 14:13:00,1615,1615,1620,1620,0
2022-11-29 14:14:00,1615,1615,1620,1620,0
2022-11-29 14:15:00,1615,1615,1620,1620,0
2022-11-29 14:16:00,1615,1615,1620,1620,0
2022-11-29 14:17:00,1615,1615,1620,1620,0
2022-11-29 14:18:00,1615,1615,1620,1620,0
2022-11-29 14:19:00,1615,1615,1620,1620,0
2022-11-29 14:20:00,1615,1615,1620,1620,0
2022-11-29 14:21:00,1615,1615,1620,1620,0
2022-11-29 14:22:00,1615,1615,1620,1620,0
2022-11-29 14:23:00,1615,1615,1620,1620,0
2022-11-29 14:24:00,1615,1615,1620,1620,0
2022-11-29 14:25:00,1615,1615,1620,1620,0
2022-11-29 14:26:00,1615,1615,1620,1620,0
2022-11-29 14:27:00,1615,1615,1620,1620,0
2022-11-29 14:28:00,1615,1615,1620,1620,0
2022-11-29 14:29:00,1615,1615,1620,1620,0
2022-11-29 14:30:00,1615,1615,1620,1620,0
2022-11-29 14:31:00,1615,1615,1620,1620,0
2022-11-29 14:32:00,1615,1615,1620,1620,0
2022-11-29 14:33:00,1615,1615,1620,1620,0
2022-11-29 14:34:00,1615,1615,1620,1620,0
2022-11-29 14:35:00,1615,1615,1620,1620,0
2022-11-29 14:36:00,1615,1615,1620,1620,0
2022-11-29 14:37:00,1615,1615,1620,1620,0
2022-11-29 14:38:00,1615,1615,1620,1620,0
2022-11-29 14:39:00,1615,1615,1620,1620,0
2022-11-29 14:40:00,1615,1615,1620,1620,0
2022-11-29 14:41:00,1615,1615,1620,1620,0
2022-11-29 14:42:00,1615,1615,1620,1620,0
2022-11-29 14:43:00,1615,1615,1620,1620,0
2022-11-29 14:44:00,1615,1615,1620,1620,0
2022-11-29 14:45:00,1615,1615,1620,1620,0
2022-11-29 14:46:00,1615,1615,1620,1620,0
2022-11-29 14:47:00,1615,1615,1620,1620,0
2022-11-29 14:48:00,1615,1615,1620,1620,0
2022-11-29 14:49:00,1615,1615,1620,1620,0
2022-11-29 14:50:00,1615,1615,1620,1620,0
2022-11-29 14:51:00,1615,1615,1620,1620,0
2022-11-29 14:52:00,1615,1615,1620,1620,0
2022-11-29 14:53:00,1615,1615,1620,1620,0
2022-11-29 14:54:00,1615,1615,1620,1620,0
2022-11-29 14:55:00,1615,1615,1620,1620,0
2022-11-29 14:56:00,1615,1615,1620,1620,0
2022-11-29 14:57:00,1615,1615,1620,1620,0
2022-11-29 14:58:00,1615,1615,1620,1620,0
2022-11-29 14:59:00,1615,1615,1620,1620,0
2022-11-29 15:00:00,1615,1615,1620,1620,0
2022-11-29 15:01:00,1615,1615,1620,1620,0
2022-11-29 15:02:00,1615,1615,1620,1620,0
2022-11-29 15:03:00,1615,1615,1620,1620,0
2022-11-29 15:04:00,1615,1615,1620,1620,0
2022-11-29 15:05:00,1615,1615,1620,1620,0
2022-11-29 15:06:00,1615,1615,1620,1620,0
2022-11-29 15:07:00,1615,1615,1620,1620,0
2022-11-29 15:08:00,1615,1615,1620,1620,0
2022-11-29 15:09:00,1615,1615,1620,1620,0
2022-11-29 15:10:00,1615,1615,1620,1620,0
2022-11-29 15:11:00,1615,1615,1620,1620,0
2022-11-29 15:12:00,1615,1615,1620,1620,0
2022-11-29 15:13:00,1615,1615,1620,1620,0
2022-11-29 15:14:00,1615,1615,1620,1620,0
2022-11-29 15:15:00,1615,1615,1620,1620,0
2022-11-29 15:16:00,1615,1615,1620,1620,0
2022-11-29 15:17:00,1615,1615,1620,1620,0
2022-11-29 15:18:00,1615,1615,1620,1620,0
2022-11-29 15:19:00,1615,1615,1620,1620,0
2022-11-29 15:20:00,1615,1615,1620,1620,0
2022-11-29 15:21:00,1615,1615,1620,1620,0
2022-11-29 15:22:00,1615,1615,1620,1620,0
2022-11-29 15:23:00,1615,1615,1620,1620,0
2022-11-29 15:24:00,1615,1615,1620,1620,0
2022-11-29 15:25:00,1615,1615,1620,1620,0
2022-11-29 15:26:00,1615,1615,1620,1620,0
2022-11-29 15:27:00,1615,1615,1620,1620,0
2022-11-29 15:28:00,1615,1615,1620,1620,0
2022-11-29 15:29:00,1615,1615,1620,1620,0
2022-11-29 15:30:00,1615,1615,1620,1620,0
2022-11-29 15:31:00,1615,1615,1620,1620,0
2022-11-29 15:32:00,1615,1615,1620,1620,0
2022-11-29 15:33:00,1615,1615,1620,1620,0
2022-11-29 15:34:00,1615,1615,1620,1620,0
2022-11-29 15:35:00,1615,1615,1620,1620,0
2022-11-29 15:36:00,1615,1615,1620,1620,0
2022-11-29 15:37:00,1615,1615,1620,1620,0
2022-11-29 15:38:00,1615,1615,1620,1620,0
2022-11-29 15:39:00,1615,1615,1620,1620,0
2022-11-29 15:40:00,1615,1615,1620,1620,0
2022-11-29 15:41:00,1615,1615,1620,1620,0
2022-11-29 15:42:00,1615,1615,1620,1620,0
2022-11-29 15:43:00,1615,1615,1620,1620,0
2022-11-29 15:44:00,1615,1615,1620,1620,0
2022-11-29 15:45:00,1615,1615,1620,1620,0
2022-11-29 15:46:00,1615,1615,1620,1620,0
2022-11-29 15:47:00,1615,1615,1620,1620,0
2022-11-29 15:48:00,1615,1615,1620,1620,0
2022-11-29 15:49:00,1615,1615,1620,1620,0
2022-11-29 15:50:00,1615,1615,1620,1620,0
2022-11-29 15:51:00,1615,1615,1620,1620,0
2022-11-29 15:52:00,1615,1615,1620,1620,0
2022-11-29 15:53:00,1615,1615,1620,1620,0
2022-11-29 15:54:00,1615,1615,1620,1620,0
2022-11-29 15:55:00,1615,1615,1620,1620,0
2022-11-29 15:56:00,1615,1615,1620,1620,0
2022-11-29 15:57:00,1615,1615,1620,1620,0
2022-11-29 15:58:00,1615,1615,1620,1620,0
2022-11-29 15:59:00,1615,1615,1620,1620,0
2022-11-30 09:00:00,1615,1615,1620,1620,0
2022-11-30 09:01:00,1615,1615,1620,1620,0
2022-11-30 09:02:00,1615,1615,1620,1620,0
2022-11-30 09:03:00,1615,1615,1620,1620,0
2022-11-30 09:04:00,1615,1615,1620,1620,0
2022-11-30 09:05:00,1615,1615,1620,1620,0
2022-11-30 09:06:00,1615,1615,1620,1620,0
2022-11-30 09:07:00,1615,1615,1620,1620,0
2022-11-30 09:08:00,1615,1615,1620,1620,0
2022-11-30 09:09:00,1615,1615,1620,1620,0
2022-11-30 09:10:00,1615,1615,1620,1620,0
2022-11-30 09:11:00,1615,1615,1620,1620,0
2022-11-30 09:12:00,1615,1615,1620,1620,0
2022-11-30 09:13:00,1615,1615,1620,1620,0
2022-11-30 09:14:00,1615,1615,1620,1620,0
2022-11-30 09:15:00,1615,1615,1620,1620,0
2022-11-30 09:16:00,1615,1615,1620,1620,0
2022-11-30 09:17:00,1615,1615,1620,1620,0
2022-11-30 09:18:00,1615,1615,1620,1620,0
2022-11-30 09:19:00,1615,1615,1620,1620,0
2022-11-30 09:20:00,1615,1615,1620,1620,0
2022-11-30 09:21:00,1615,1615,1620,1620,0
2022-11-30 09:22:00,1615,1615,1620,1620,0
2022-11-30 09:23:00,1615,1615,1620,1620,0
2022-11-30 09:24:00,1615,1615,1620,1620,0
2022-11-30 09:25:00,1615,1615,1620,1620,0
2022-11-30 09:26:00,1615,1615,1620,1620,0
2022-11-30 09:27:00,1615,1615,1620,1620,0
2022-11-30 09:28:00,1615,1615,1620,1620,0
2022-11-30 09:29:00,1615,1615,1620,1620,0
2022-11-30 09:30:00,1615,1615,1620,1620,0
2022-11-30 09:31:00,1615,1615,1620,1620,0
2022-11-30 09:32:00,1615,1615,1620,1620,0
2022-11-30 09:33:00,1615,1615,1620,1620,0
2022-11-30 09:34:00,1615,1615,1620,1620,0
2022-11-30 09:35:00,1615,1615,1620,1620,0
2022-11-30 09:36:00,1615,1615,1620,1620,0
2022-11-30 09:37:00,1615,1615,1620,1620,0
2022-11-30 09:38:00,1615,1615,1620,1620,0
2022-11-30 09:39:00,1615,1615,1620,1620,0
2022-11-30 09:40:00,1615,1615,1620,1620,0
2022-11-30 09:41:00,1615,1615,1620,1620,0
2022-11-30 09:42:00,1615,1615,1620,1620,0
2022-11-30 09:43:00,1615,1615,1620,1620,0
2022-11-30 09:44:00,1615,1615,1620,1620,0
2022-11-30 09:45:00,1615,1615,1620,1620,0
2022-11-30 09:46:00,1615,1615,1620,1620,0
2022-11-30 09:47:00,1615,1615,1620,1620,0
2022-11-30 09:48:00,1615,1615,1620,1620,0
2022-11-30 09:49:00,1615,1615,1620,1620,0
2022-11-30 09:50:00,1615,1615,1620,1620,0
2022-11-30 09:51:00,1615,1615,1620,1620,0
2022-11-30 09:52:00,1615,1615,1620,1620,0
2022-11-30 09:53:00,1615,1615,1620,1620,0
2022-11-30 09:54:00,1615,1615,1620,1620,0
2022-11-30 09:55:00,1615,1615,1620,1620,0
2022-11-30 09:56:00,1615,1615,1620,1620,0
2022-11-30 09:57:00,1615,1615,1620,1620,0
2022-11-30 09:58:00,1615,1615,1620,1620,0
2022-11-30 09:59:00,1615,1615,1620,1620,0
2022-11-30 10:00:00,1615,1615,1620,1620,0
2022-11-30 10:01:00,1615,1615,1620,1620,0
2022-11-30 10:02:00,1615,1615,1620,1620,0
2022-11-30 10:03:00,1615,1615,1620,1620,0
2022-11-30 10:04:00,1615,1615,1620,1620,0
2022-11-30 10:05:00,1615,1615,1620,1620,0
2022-11-30 10:06:00,1615,1615,1620,1620,0
2022-11-30 10:07:00,1615,1615,1620,1620,0
2022-11-30 10:08:00,1615,1615,1620,1620,0
2022-11-30 10:09:00,1615,1615,1620,1620,0
2022-11-30 10:10:00,1615,1615,1620,1620,0
2022-11-30 10:11:00,1615,1615,1620,1620,0
2022-11-30 10:12:00,1615,1615,1620,1620,0
2022-11-30 10:13:00,1615,1615,1620,1620,0
2022-11-30 10:14:00,1615,1615,1620,1620,0
2022-11-30 10:15:00,1615,1615,1620,1620,0
2022-11-30 10:16:00,1615,1615,1620,1620,0
2022-11-30 10:17:00,1615,1615,1620,1620,0
2022-11-30 10:18:00,1615,1615,1620,1620,0
2022-11-30 10:19:00,1615,1615,1620,1620,0
2022-11-30 10:20:00,1615,1615,1620,1620,0
2022-11-30 10:21:00,1615,1615,1620,1620,0
2022-11-30 10:22:00,1615,1615,1620,1620,0
2022-11-30 10:23:00,1615,1615,1620,1620,0
2022-11-30 10:24:00,1615,1615,1620,1620,0
2022-11-30 10:25:00,1615,1615,1620,1620,0
2022-11-30 10:26:00,1615,1615,1620,1620,0
2022-11-30 10:27:00,1615,1615,1620,1620,0
2022-11-30 10:28:00,1615,1615,1620,1620,0
2022-11-30 10:29:00,1615,1615,1620,1620,0
2022-11-30 10:30:00,1615,1615,1620,1620,0
2022-11-30 10:31:00,1615,1615,1620,1620,0
2022-11-30 10:32:00,1615,1615,1620,1620,0
2022-11-30 10:33:00,1615,1615,1620,1620,0
2022-11-30 10:34:00,1615,1615,1620,1620,0
2022-11-30 10:35:00,1615,1615,1620,1620,0
2022-11-30 10:36:00,1615,1615,1620,1620,0
2022-11-30 10:37:00,1615,1615,1620,1620,0
2022-11-30 10:38:00,1615,1615,1620,1620,0
2022-11-30 10:39:00,1615,1615,1620,1620,0
2022-11-30 10:40:00,1615,1615,1620,1620,0
2022-11-30 10:41:00,1615,1615,1620,1620,0
2022-11-30 10:42:00,1615,1615,1620,1620,0
2022-11-30 10:43:00,1615,1615,1620,1620,0
2022-11-30 10:44:00,1615,1615,1620,1620,0
2022-11-30 10:45:00,1615,1615,1620,1620,0
2022-11-30 10:46:00,1615,1615,1620,1620,0
2022-11-30 10:47:00,1615,1615,1620,1620,0
2022-11-30 10:48:00,1615,1615,1620,1620,0
2022-11-30 10:49:00,1615,1615,1620,1620,0
2022-11-30 10:50:00,1615,1615,1620,1620,0
2022-11-30 10:51:00,1615,1615,1620,1620,0
2022-11-30 10:52:00,1615,1615,1620,1620,0
2022-11-30 10:53:00,1615,1615,1620,1620,0
2022-11-30 10:54:00,1615,1615,1620,1620,0
2022-11-30 10:55:00,1615,1615,1620,1620,0
2022-11-30 10:56:00,1615,1615,1620,1620,0
2022-11-30 10:57:00,1615,1615,1620,1620,0
2022-11-30 10:58:00,1615,1615,1620,1620,0
2022-11-30 10:59:00,1615,1615,1620,1620,0
2022-11-30 11:00:00,1615,1615,1620,1620,0
2022-11-30 11:01:00,1615,1615,1620,1620,0
2022-11-30 11:02:00,1615,1615,1620,1620,0
2022-11-30 11:03:00,1615,1615,1620,1620,0
2022-11-30 11:04:00,1615,1615,1620,1620,0
2022-11-30 11:05:00,1615,1615,1620,1620,0
2022-11-30 11:06:00,1615,1615,1620,1620,0
2022-11-30 11:07:00,1615,1615,1620,1620,0
2022-11-30 11:08:00,1615,1615,1620,1620,0
2022-11-30 11:09:00,1615,1615,1620,1620,0
2022-11-30 11:10:00,1615,1615,1620,1620,0
2022-11-30 11:11:00,1615,1615,1620,1620,0
2022-11-30 11:12:00,1615,1615,1620,1620,0
2022-11-30 11:13:00,1615,1615,1620,1620,0
2022-11-30 11:14:00,1615,1615,1620,1620,0
2022-11-30 11:15:00,1615,1615,1620,1620,0
2022-11-30 11:16:00,1615,1615,1620,1620,0
2022-11-30 11:17:00,1615,1615,1620,1620,0
2022-11-30 11:18:00,1615,1615,1620,1620,0
2022-11-30 11:19:00,1615,1615,1620,1620,0
2022-11-30 11:20:00,1615,1615,1620,1620,0
2022-11-30 11:21:00,1615,1615,1620,1620,0
2022-11-30 11:22:00,1615,1615,1620,1620,0
2022-11-30 11:23:00,1615,1615,1620,1620,0
2022-11-30 11:24:00,1615,1615,1620,1620,0
2022-11-30 11:25:00,1615,1615,1620,1620,0
2022-11-30 11:26:00,1615,1615,1620,1620,0
2022-11-30 11:27:00,1615,1615,1620,1620,0
2022-11-30 11:28:00,1615,1615,1620,1620,0
2022-11-30 11:29:00,1615,1615,1620,1620,0
2022-11-30 11:30:00,1615,1615,1620,1620,0
2022-11-30 11:31:00,1615,1615,1620,1620,0
2022-11-30 11:32:00,1615,1615,1620,1620,0
2022-11-30 11:33:00,1615,1615,1620,1620,0
2022-11-30 11:34:00,1615,1615,1620,1620,0
2022-11-30 11:35:00,1615,1615,1620,1620,0
2022-11-30 11:36:00,1615,1615,1620,1620,0
2022-11-30 11:37:00,1615,1615,1620,1620,0
2022-11-30 11:38:00,1615,1615,1620,1620,0
2022-11-30 11:39:00,1615,1615,1620,1620,0
2022-11-30 11:40:00,1615,1615,1620,1620,0
2022-11-30 11:41:00,1615,1615,1620,1620,0
2022-11-30 11:42:00,1615,1615,1620,1620,0
2022-11-30 11:43:00,1615,1615,1620,1620,0
2022-11-30 11:44:00,1615,1615,1620,1620,0
2022-11-30 11:45:00,1615,1615,1620,1620,0
2022-11-30 11:46:00,1615,1615,1620,1620,0
2022-11-30 11:47:00,1615,1615,1620,1620,0
2022-11-30 11:48:00,1615,1615,1620,1620,0
2022-11-30 11:49:00,1615,1615,1620,1620,0
2022-11-30 11:50:00,1615,1615,1620,1620,0
2022-11-30 11:51:00,1615,1615,1620,1620,0
2022-11-30 11:52:00,1615,1615,1620,1620,0
2022-11-30 11:53:00,1615,1615,1620,1620,0
2022-11-30 11:54:00,1615,1615,1620,1620,0
2022-11-30 11:55:00,1615,1615,1620,1620,0
2022-11-30 11:56:00,1615,1615,1620,1620,0
2022-11-30 11:57:00,1615,1615,1620,1620,0
2022-11-30 11:58:00,1615,1615,1620,1620,0
2022-11-30 11:59:00,1615,1615,1620,1620,0
2022-11-30 12:00:00,1615,1615,1620,1620,0
2022-11-30 12:01:00,1615,1615,1620,1620,0
2022-11-30 12:02:00,1615,1615,1620,1620,0
2022-11-30 12:03:00,1615,1615,1620,1620,0
2022-11-30 12:04:00,1615,1615,1620,1620,0
2022-11-30 12:05:00,1615,1615,1620,1620,0
2022-11-30 12:06:00,1615,1615,1620,1620,0
2022-11-30 12:07:00,1615,1615,1620,1620,0
2022-11-30 12:08:00,1615,1615,1620,1620,0
2022-11-30 12:09:00,1615,1615,1620,1620,0
2022-11-30 12:10:00,1615,1615,1620,1620,0
2022-11-30 12:11:00,1615,1615,1620,1620,0
2022-11-30 12:12:00,1615,1615,1620,1620,0
2022-11-30 12:13:00,1615,1615,1620,1620,0
2022-11-30 12:14:00,1615,1615,1620,1620,0
2022-11-30 12:15:00,1615,1615,1620,1620,0
2022-11-30 12:16:00,1615,1615,1620,1620,0
2022-11-30 12:17:00,1615,1615,1620,1620,0
2022-11-30 12:18:00,1615,1615,1620,1620,0
2022-11-30 12:19:00,1615,1615,1620,1620,0
2022-11-30 12:20:00,1615,1615,1620,1620,0
2022-11-30 12:21:00,1615,1615,1620,1620,0
2022-11-30 12:22:00,1615,1615,1620,1620,0
2022-11-30 12:23:00,1615,1615,1620,1620,0
2022-11-30 12:24:00,1615,1615,1620,1620,0
2022-11-30 12:25:00,1615,1615,1620,1620,0
2022-11-30 12:26:00,1615,1615,1620,1620,0
2022-11-30 12:27:00,1615,1615,1620,1620,0
2022-11-30 12:28:00,1615,1615,1620,1620,0
2022-11-30 12:29:00,1615,1615,1620,1620,0
2022-11-30 12:30:00,1615,1615,1620,1620,0
2022-11-30 12:31:00,1615,1615,1620,1620,0
2022-11-30 12:32:00,1615,1615,1620,1620,0
2022-11-30 12:33:00,1615,1615,1620,1620,0
2022-11-30 12:34:00,1615,1615,1620,1620,0
2022-11-30 12:35:00,1615,1615,1620,1620,0
2022-11-30 12:36:00,1615,1615,1620,1620,0
2022-11-30 12:37:00,1615,1615,1620,1620,0
2022-11-30 12:38:00,1615,1615,1620,1620,0
2022-11-30 12:39:00,1615,1615,1620,1620,0
2022-11-30 12:40:00,1615,1615,1620,1620,0
2022-11-30 12:41:00,1615,1615,1620,1620,0
2022-11-30 12:42:00,1615,1615,1620,1620,0
2022-11-30 12:43:00,1615,1615,1620,1620,0
2022-11-30 12:44:00,1615,1615,1620,1620,0
2022-11-30 12:45:00,1615,1615,1620,1620,0
2022-11-30 12:46:00,1615,1615,1620,1620,0
2022-11-30 12:47:00,1615,1615,1620,1620,0
2022-11-30 12:48:00,1615,1615,1620,1620,0
2022-11-30 12:49:00,1615,1615,1620,1620,0
2022-11-30 12:50:00,1615,1615,1620,1620,0
2022-11-30 12:51:00,1615,1615,1620,1620,0
2022-11-30 12:52:00,1615,1615,1620,1620,0
2022-11-30 12:53:00,1615,1615,1620,1620,0
2022-11-30 12:54:00,1615,1615,1620,1620,0
2022-11-30 12:55:00,1615,1615,1620,1620,0
2022-11-30 12:56:00,1615,1615,1620,1620,0
2022-11-30 12:57:00,1615,1615,1620,1620,0
2022-11-30 12:58:00,1615,1615,1620,1620,0
2022-11-30 12:59:00,1615,1615,1620,1620,0
2022-11-30 13:00:00,1615,1615,1620,1620,0
2022-11-30 13:01:00,1615,1615,1620,1620,0
2022-11-30 13:02:00,1615,1615,1620,1620,0
2022-11-30 13:03:00,1615,1615,1620,1620,0
2022-11-30 13:04:00,1615,1615,1620,1620,0
2022-11-30 13:05:00,1615,1615,1620,1620,0
2022-11-30 13:06:00,1615,1615,1620,1620,0
2022-11-30 13:07:00,1615,1615,1620,1620,0
2022-11-30 13:08:00,1615,1615,1620,1620,0
2022-11-30 13:09:00,1615,1615,1620,1620,0
2022-11-30 13:10:00,1615,1615,1620,1620,0
2022-11-30 13:11:00,1615,1615,1620,1620,0
2022-11-30 13:12:00,1615,1615,1620,1620,0
2022-11-30 13:13:00,1615,1615,1620,1620,0
2022-11-30 13:14:00,1615,1615,1620,1620,0
2022-11-30 13:15:00,1615,1615,1620,1620,0
2022-11-30 13:16:00,1615,1615,1620,1620,0
2022-11-30 13:17:00,1615,1615,1620,1620,0
2022-11-30 13:18:00,1615,1615,1620,1620,0
2022-11-30 13:19:00,1615,1615,1620,1620,0
2022-11-30 13:20:00,1615,1615,1620,1620,0
2022-11-30 13:21:00,1615,1615,1620,1620,0
2022-11-30 13:22:00,1615,1615,1620,1620,0
2022-11-30 13:23:00,1615,1615,1620,1620,0
2022-11-30 13:24:00,1615,1615,1620,1620,0
2022-11-30 13:25:00,1615,1615,1620,1620,0
2022-11-30 13:26:00,1615,1615,1620,1620,0
2022-11-30 13:27:00,1615,1615,1620,1620,0
2022-11-30 13:28:00,1615,1615,1620,1620,0
2022-11-30 13:29:00,1615,1615,1620,1620,0
2022-11-30 13:30:00,1615,1615,1620,1620,0
2022-11-30 13:31:00,1615,1615,1620,1620,0
2022-11-30 13:32:00,1615,1615,1620,1620,0
2022-11-30 13:33:00,1615,1615,1620,1620,0
2022-11-30 13:34:00,1615,1615,1620,1620,0
2022-11-30 13:35:00,1615,1615,1620,1620,0
2022-11-30 13:36:00,1615,1615,1620,1620,0
2022-11-30 13:37:00,1615,1615,1620,1620,0
2022-11-30 13:38:00,1615,1615,1620,1620,0
2022-11-30 13:39:00,1615,1615,1620,1620,0
2022-11-30 13:40:00,1615,1615,1620,1620,0
2022-11-30 13:41:00,1615,1615,1620,1620,0
2022-11-30 13:42:00,1615,1615,1620,1620,0
2022-11-30 13:43:00,1615,1615,1620,1620,0
2022-11-30 13:44:00,1615,1615,1620,1620,0
2022-11-30 13:45:00,1615,1615,1620,1620,0
2022-11-30 13:46:00,1615,1615,1620,1620,0
2022-11-30 13:47:00,1615,1615,1620,1620,0
2022-11-30 13:48:00,1615,1615,1620,1620,0
2022-11-30 13:49:00,1615,1615,1620,1620,0
2022-11-30 13:50:00,1615,1615,1620,1620,0
2022-11-30 13:51:00,1615,1615,1620,1620,0
2022-11-30 13:52:00,1615,1615,1620,1620,0
2022-11-30 13:53:00,1615,1615,1620,1620,0
2022-11-30 13:54:00,1615,1615,1620,1620,0
2022-11-30 13:55:00,1615,1615,1620,1620,0
2022-11-30 13:56:00,1615,1615,1620,1620,0
2022-11-30 13:57:00,1615,1615,1620,1620,0
2022-11-30 13:58:00,1615,1615,1620,1620,0
2022-11-30 13:59:00,1615,1615,1620,1620,0
2022-11-30 14:00:00,1615,1615,1620,1620,0
2022-11-30 14:01:00,1615,1615,1620,1620,0
2022-11-30 14:02:00,1615,1615,1620,1620,0
2022-11-30 14:03:00,1615,1615,1620,1620,0
2022-11-30 14:04:00,1615,1615,1620,1620,0
2022-11-30 14:05:00,1615,1615,1620,1620,0
2022-11-30 14:06:00,1615,1615,1620,1620,0
2022-11-30 14:07:00,1615,1615,1620,1620,0
2022-11-30 14:08:00,1615,1615,1620,1620,0
2022-11-30 14:09:00,1615,1615,1620,1620,0
2022-11-30 14:10:00,1615,1615,1620,1620,0
2022-11-30 14:11:00,1615,1615,1620,1620,0
2022-11-30 14:12:00,1615,1615,1620,1620,0
2022-11-30 14:13:00,1615,1615,1620,1620,0
2022-11-30 14:14:00,1615,1615,1620,1620,0
2022-11-30 14:15:00,1615,1615,1620,1620,0
2022-11-30 14:16:00,1615,1615,1620,1620,0
2022-11-30 14:17:00,1615,1615,1620,1620,0
2022-11-30 14:18:00,1615,1615,1620,1620,0
2022-11-30 14:19:00,1615,1615,1620,1620,0
2022-11-30 14:20:00,1615,1615,1620,1620,0
2022-11-30 14:21:00,1615,1615,1620,1620,0
2022-11-30 14:22:00,1615,1615,1620,1620,0
2022-11-30 14:23:00,1615,1615,1620,1620,0
2022-11-30 14:24:00,1615,1615,1620,1620,0
2022-11-30 14:25:00,1615,1615,1620,1620,0
2022-11-30 14:26:00,1615,1615,1620,1620,0
2022-11-30 14:27:00,1615,1615,1620,1620,0
2022-11-30 14:28:00,1615,1615,1620,1620,0
2022-11-30 14:29:00,1615,1615,1620,1620,0
2022-11-30 14:30:00,1615,1615,1620,1620,0
2022-11-30 14:31:00,1615,1615,1620,1620,0
2022-11-30 14:32:00,1615,1615,1620,1620,0
2022-11-30 14:33:00,1615,1615,1620,1620,0
2022-11-30 14:34:00,1615,1615,1620,1620,0
2022-11-30 14:35:00,1615,1615,1620,1620,0
2022-11-30 14:36:00,1615,1615,1620,1620,0
2022-11-30 14:37:00,1615,1615,1620,1620,0
2022-11-30 14:38:00,1615,1615,1620,1620,0
2022-11-30 14:39:00,1615,1615,1620,1620,0
2022-11-30 14:40:00,1615,1615,1620,1620,0
2022-11-30 14:41:00,1615,1615,1620,1620,0
2022-11-30 14:42:00,1615,1615,1620,1620,0
2022-11-30 14:43:00,1615,1615,1620,1620,0
2022-11-30 14:44:00,1615,1615,1620,1620,0
2022-11-30 14:45:00,1615,1615,1620,1620,0
2022-11-30 14:46:00,1615,1615,1620,1620,0
2022-11-30 14:47:00,1615,1615,1620,1620,0
2022-11-30 14:48:00,1615,1615,1620,1620,0
2022-11-30 14:49:00,1615,1615,1620,1620,0
2022-11-30 14:50:00,1615,1615,1620,1620,0
2022-11-30 14:51:00,1615,1615,1620,1620,0
2022-11-30 14:52:00,1615,1615,1620,1620,0
2022-11-30 14:53:00,1615,1615,1620,1620,0
2022-11-30 14:54:00,1615,1615,1620,1620,0
2022-11-30 14:55:00,1615,1615,1620,1620,0
2022-11-30 14:56:00,1615,1615,1620,1620,0
2022-11-30 14:57:00,1615,1615,1620,1620,0
2022-11-30 14:58:00,1615,1615,1620,1620,0
2022-11-30 14:59:00,1615,1615,1620,1620,0
2022-11-30 15:00:00,1615,1615,1620,1620,0
2022-11-30 15:01:00,1615,1615,1620,1620,0
2022-11-30 15:02:00,1615,1615,1620,1620,0
2022-11-30 15:03:00,1615,1615,1620,1620,0
2022-11-30 15:04:00,1615,1615,1620,1620,0
2022-11-30 15:05:00,1615,1615,1620,1620,0
2022-11-30 15:06:00,1615,1615,1620,1620,0
2022-11-30 15:07:00,1615,1615,1620,1620,0
2022-11-30 15:08:00,1615,1615,1620,1620,0
2022-11-30 15:09:00,1615,1615,1620,1620,0
2022-11-30 15:10:00,1615,1615,1620,1620,0
2022-11-30 15:11:00,1615,1615,1620,1620,0
2022-11-30 15:12:00,1615,1615,1620,1620,0
2022-11-30 15:13:00,1615,1615,1620,1620,0
2022-11-30 15:14:00,1615,1615,1620,1620,0
2022-11-30 15:15:00,1615,1615,1620,1620,0
2022-11-30 15:16:00,1615,1615,1620,1620,0
2022-11-30 15:17:00,1615,1615,1620,1620,0
2022-11-30 15:18:00,1615,1615,1620,1620,0
2022-11-30 15:19:00,1615,1615,1620,1620,0
2022-11-30 15:20:00,1615,1615,1620,1620,0
2022-11-30 15:21:00,1615,1615,1620,1620,0
2022-11-30 15:22:00,1615,1615,1620,1620,0
2022-11-30 15:23:00,1615,1615,1620,1620,0
2022-11-30 15:24:00,1615,1615,1620,1620,0
2022-11-30 15:25:00,1615,1615,1620,1620,0
2022-11-30 15:26:00,1615,1615,1620,1620,0
2022-11-30 15:27:00,1615,1615,1620,1620,0
2022-11-30 15:28:00,1615,1615,1620,1620,0
2022-11-30 15:29:00,1615,1615,1620,1620,0
2022-11-30 15:30:00,1615,1615,1620,1620,0
2022-11-30 15:31:00,1615,1615,1620,1620,0
2022-11-30 15:32:00,1615,1615,1620,1620,0
2022-11-30 15:33:00,1615,1615,1620,1620,0
2022-11-30 15:34:00,1615,1615,1620,1620,0
2022-11-30 15:35:00,1615,1615,1620,1620,0
2022-11-30 15:36:00,1615,1615,1620,1620,0
2022-11-30 15:37:00,1615,1615,1620,1620,0
2022-11-30 15:38:00,1615,1615,1620,1620,0
2022-11-30 15:39:00,1615,1615,1620,1620,0
2022-11-30 15:40:00,1615,1615,1620,1620,0
2022-11-30 15:41:00,1615,1615,1620,1620,0
2022-11-30 15:42:00,1615,1615,1620,1620,0
2022-11-30 15:43:00,1615,1615,1620,1620,0
2022-11-30 15:44:00,1615,1615,1620,1620,0
2022-11-30 15:45:00,1615,1615,1620,1620,0
2022-11-30 15:46:00,1615,1615,1620,1620,0
2022-11-30 15:47:00,1615,1615,1620,1620,0
2022-11-30 15:48:00,1615,1615,1620,1620,0
2022-11-30 15:49:00,1615,1615,1620,1620,0
2022-11-30 15:50:00,1615,1615,1620,1620,0
2022-11-30 15:51:00,1615,1615,1620,1620,0
2022-11-30 15:52:00,1615,1615,1620,1620,0
2022-11-30 15:53:00,1615,1615,1620,1620,0
2022-11-30 15:54:00,1615,1615,1620,1620,0
2022-11-30 15:55:00,1615,1615,1620,1620,0
2022-11-30 15:56:00,1615,1615,1620,1620,0
2022-11-30 15:57:00,1615,1615,1620,1620,0
2022-11-30 15:58:00,1615,1615,1620,1620,0
2022-11-30 15:59:00,1615,1615,1620,1620,0
2022-12-01 09:00:00,1615,1615,1620,1620,0
2022-12-01 09:01:00,1615,1615,1620,1620,0
2022-12-01 09:02:00,1615,1615,1620,1620,0
2022-12-01 09:03:00,1615,1615,1620,1620,0
2022-12-01 09:04:00,1615,1615,1620,1620,0
2022-12-01 09:05:00,1615,1615,1620,1620,0
2022-12-01 09:06:00,1615,1615,1620,1620,0
2022-12-01 09:07:00,1615,1615,1620,1620,0
2022-12-01 09:08:00,1615,1615,1620,1620,0
2022-12-01 09:09:00,1615,1615,1620,1620,0
2022-12-01 09:10:00,1615,1615,1620,1620,0
2022-12-01 09:11:00,1615,1615,1620,1620,0
2022-12-01 09:12:00,1615,1615,1620,1620,0
2022-12-01 09:13:00,1615,1615,1620,1620,0
2022-12-01 09:14:00,1615,1615,1620,1620,0
2022-12-01 09:15:00,1615,1615,1620,1620,0
2022-12-01 09:16:00,1615,1615,1620,1620,0
2022-12-01 09:17:00,1615,1615,1620,1620,0
2022-12-01 09:18:00,1615,1615,1620,1620,0
2022-12-01 09:19:00,1615,1615,1620,1620,0
2022-12-01 09:20:00,1615,1615,1620,1620,0
2022-12-01 09:21:00,1615,1615,1620,1620,0
2022-12-01 09:22:00,1615,1615,1620,1620,0
2022-12-01 09:23:00,1615,1615,1620,1620,0
2022-12-01 09:24:00,1615,1615,1620,1620,0
2022-12-01 09:25:00,1615,1615,1620,1620,0
2022-12-01 09:26:00,1615,1615,1620,1620,0
2022-12-01 09:27:00,1615,1615,1620,1620,0
2022-12-01 09:28:00,1615,1615,1620,1620,0
2022-12-01 09:29:00,1615,1615,1620,1620,0
2022-12-01 09:30:00,1615,1615,1620,1620,0
2022-12-01 09:31:00,1615,1615,1620,1620,0
2022-12-01 09:32:00,1615,1615,1620,1620,0
2022-12-01 09:33:00,1615,1615,1620,1620,0
2022-12-01 09:34:00,1615,1615,1620,1620,0
2022-12-01 09:35:00,1615,1615,1620,1620,0
2022-12-01 09:36:00,1615,1615,1620,1620,0
2022-12-01 09:37:00,1615,1615,1620,1620,0
2022-12-01 09:38:00,1615,1615,1620,1620,0
2022-12-01 09:39:00,1615,1615,1620,1620,0
2022-12-01 09:40:00,1615,1615,1620,1620,0
2022-12-01 09:41:00,1615,1615,1620,1620,0
2022-12-01 09:42:00,1615,1615,1620,1620,0
2022-12-01 09:43:00,1615,1615,1620,1620,0
2022-12-01 09:44:00,1615,1615,1620,1620,0
2022-12-01 09:45:00,1615,1615,1620,1620,0
2022-12-01 09:46:00,1615,1615,1620,1620,0
2022-12-01 09:47:00,1615,1615,1620,1620,0
2022-12-01 09:48:00,1615,1615,1620,1620,0
2022-12-01 09:49:00,1615,1615,1620,1620,0
2022-12-01 09:50:00,1615,1615,1620,1620,0
2022-12-01 09:51:00,1615,1615,1620,1620,0
2022-12-01 09:52:00,1615,1615,1620,1620,0
2022-12-01 09:53:00,1615,1615,1620,1620,0
2022-12-01 09:54:00,1615,1615,1620,1620,0
2022-12-01 09:55:00,1615,1615,1620,1620,0
2022-12-01 09:56:00,1615,1615,1620,1620,0
2022-12-01 09:57:00,1615,1615,1620,1620,0
2022-12-01 09:58:00,1615,1615,1620,1620,0
2022-12-01 09:59:00,1615,1615,1620,1620,0
2022-12-01 10:00:00,1615,1615,1620,1620,0
2022-12-01 10:01:00,1615,1615,1620,1620,0
2022-12-01 10:02:00,1615,1615,1620,1620,0
2022-12-01 10:03:00,1615,1615,1620,1620,0
2022-12-01 10:04:00,1615,1615,1620,1620,0
2022-12-01 10:05:00,1615,1615,1620,1620,0
2022-12-01 10:06:00,1615,1615,1620,1620,0
2022-12-01 10:07:00,1615,1615,1620,1620,0
2022-12-01 10:08:00,1615,1615,1620,1620,0
2022-12-01 10:09:00,1615,1615,1620,1620,0
2022-12-01 10:10:00,1615,1615,1620,1620,0
2022-12-01 10:11:00,1615,1615,1620,1620,0
2022-12-01 10:12:00,1615,1615,1620,1620,0
2022-12-01 10:13:00,1615,1615,1620,1620,0
2022-12-01 10:14:00,1615,1615,1620,1620,0
2022-12-01 10:15:00,1615,1615,1620,1620,0
2022-12-01 10:16:00,1615,1615,1620,1620,0
2022-12-01 10:17:00,1615,1615,1620,1620,0
2022-12-01 10:18:00,1615,1615,1620,1620,0
2022-12-01 10:19:00,1615,1615,1620,1620,0
2022-12-01 10:20:00,1615,1615,1620,1620,0
2022-12-01 10:21:00,1615,1615,1620,1620,0
2022-12-01 10:22:00,1615,1615,1620,1620,0
2022-12-01 10:23:00,1615,1615,1620,1620,0
2022-12-01 10:24:00,1615,1615,1620,1620,0
2022-12-01 10:25:00,1615,1615,1620,1620,0
2022-12-01 10:26:00,1615,1615,1620,1620,0
2022-12-01 10:27:00,1615,1615,1620,1620,0
2022-12-01 10:28:00,1615,1615,1620,1620,0
2022-12-01 10:29:00,1615,1615,1620,1620,0
2022-12-01 10:30:00,1615,1615,1620,1620,0
2022-12-01 10:31:00,1615,1615,1620,1620,0
2022-12-01 10:32:00,1615,1615,1620,1620,0
2022-12-01 10:33:00,1615,1615,1620,1620,0
2022-12-01 10:34:00,1615,1615,1620,1620,0
2022-12-01 10:35:00,1615,1615,1620,1620,0
2022-12-01 10:36:00,1615,1615,1620,1620,0
2022-12-01 10:37:00,1615,1615,1620,1620,0
2022-12-01 10:38:00,1615,1615,1620,1620,0
2022-12-01 10:39:00,1615,1615,1620,1620,0
2022-12-01 10:40:00,1615,1615,1620,1620,0
2022-12-01 10:41:00,1615,1615,1620,1620,0
2022-12-01 10:42:00,1615,1615,1620,1620,0
2022-12-01 10:43:00,1615,1615,1620,1620,0
2022-12-01 10:44:00,1615,1615,1620,1620,0
2022-12-01 10:45:00,1615,1615,1620,1620,0
2022-12-01 10:46:00,1615,1615,1620,1620,0
2022-12-01 10:47:00,1615,1615,1620,1620,0
2022-12-01 10:48:00,1615,1615,1620,1620,0
2022-12-01 10:49:00,1615,1615,1620,1620,0
2022-12-01 10:50:00,1615,1615,1620,1620,0
2022-12-01 10:51:00,1615,1615,1620,1620,0
2022-12-01 10:52:00,1615,1615,1620,1620,0
2022-12-01 10:53:00,1615,1615,1620,1620,0
2022-12-01 10:54:00,1615,1615,1620,1620,0
2022-12-01 10:55:00,1615,1615,1620,1620,0
2022-12-01 10:56:00,1615,1615,1620,1620,0
2022-12-01 10:57:00,1615,1615,1620,1620,0
2022-12-01 10:58:00,1615,1615,1620,1620,0
2022-12-01 10:59:00,1615,1615,1620,1620,0
2022-12-01 11:00:00,1615,1615,1620,1620,0
2022-12-01 11:01:00,1615,1615,1620,1620,0
2022-12-01 11:02:00,1615,1615,1620,1620,0
2022-12-01 11:03:00,1615,1615,1620,1620,0
2022-12-01 11:04:00,1615,1615,1620,1620,0
2022-12-01 11:05:00,1615,1615,1620,1620,0
2022-12-01 11:06:00,1615,1615,1620,1620,0
2022-12-01 11:07:00,1615,1615,1620,1620,0
2022-12-01 11:08:00,1615,1615,1620,1620,0
2022-12-01 11:09:00,1615,1615,1620,1620,0
2022-12-01 11:10:00,1615,1615,1620,1620,0
2022-12-01 11:11:00,1615,1615,1620,1620,0
2022-12-01 11:12:00,1615,1615,1620,1620,0
2022-12-01 11:13:00,1615,1615,1620,1620,0
2022-12-01 11:14:00,1615,1615,1620,1620,0
2022-12-01 11:15:00,1615,1615,1620,1620,0
2022-12-01 11:16:00,1615,1615,1620,1620,0
2022-12-01 11:17:00,1615,1615,1620,1620,0
2022-12-01 11:18:00,1615,1615,1620,1620,0
2022-12-01 11:19:00,1615,1615,1620,1620,0
2022-12-01 11:20:00,1615,1615,1620,1620,0
2022-12-01 11:21:00,1615,1615,1620,1620,0
2022-12-01 11:22:00,1615,1615,1620,1620,0
2022-12-01 11:23:00,1615,1615,1620,1620,0
2022-12-01 11:24:00,1615,1615,1620,1620,0
2022-12-01 11:25:00,1615,1615,1620,1620,0
2022-12-01 11:26:00,1615,1615,1620,1620,0
2022-12-01 11:27:00,1615,1615,1620,1620,0
2022-12-01 11:28:00,1615,1615,1620,1620,0
2022-12-01 11:29:00,1615,1615,1620,1620,0
2022-12-01 11:30:00,1615,1615,1620,1620,0
2022-12-01 11:31:00,1615,1615,1620,1620,0
2022-12-01 11:32:00,1615,1615,1620,1620,0
2022-12-01 11:33:00,1615,1615,1620,1620,0
2022-12-01 11:34:00,1615,1615,1620,1620,0
2022-12-01 11:35:00,1615,1615,1620,1620,0
2022-12-01 11:36:00,1615,1615,1620,1620,0
2022-12-01 11:37:00,1615,1615,1620,1620,0
2022-12-01 11:38:00,1615,1615,1620,1620,0
2022-12-01 11:39:00,1615,1615,1620,1620,0
2022-12-01 11:40:00,1615,1615,1620,1620,0
2022-12-01 11:41:00,1615,1615,1620,1620,0
2022-12-01 11:42:00,1615,1615,1620,1620,0
2022-12-01 11:43:00,1615,1615,1620,1620,0
2022-12-01 11:44:00,1615,1615,1620,1620,0
2022-12-01 11:45:00,1615,1615,1620,1620,0
2022-12-01 11:46:00,1615,1615,1620,1620,0
2022-12-01 11:47:00,1615,1615,1620,1620,0
2022-12-01 11:48:00,1615,1615,1620,1620,0
2022-12-01 11:49:00,1615,1615,1620,1620,0
2022-12-01 11:50:00,1615,1615,1620,1620,0
2022-12-01 11:51:00,1615,1615,1620,1620,0
2022-12-01 11:52:00,1615,1615,1620,1620,0
2022-12-01 11:53:00,1615,1615,1620,1620,0
2022-12-01 11:54:00,1615,1615,1620,1620,0
2022-12-01 11:55:00,1615,1615,1620,1620,0
2022-12-01 11:56:00,1615,1615,1620,1620,0
2022-12-01 11:57:00,1615,1615,1620,1620,0
2022-12-01 11:58:00,1615,1615,1620,1620,0
2022-12-01 11:59:00,1615,1615,1620,1620,0
2022-12-01 12:00:00,1615,1615,1620,1620,0
2022-12-01 12:01:00,1615,1615,1620,1620,0
2022-12-01 12:02:00,1615,1615,1620,1620,0
2022-12-01 12:03:00,1615,1615,1620,1620,0
2022-12-01 12:04:00,1615,1615,1620,1620,0
2022-12-01 12:05:00,1615,1615,1620,1620,0
2022-12-01 12:06:00,1615,1615,1620,1620,0
2022-12-01 12:07:00,1615,1615,1620,1620,0
2022-12-01 12:08:00,1615,1615,1620,1620,0
2022-12-01 12:09:00,1615,1615,1620,1620,0
2022-12-01 12:10:00,1615,1615,1620,1620,0
2022-12-01 12:11:00,1615,1615,1620,1620,0
2022-12-01 12:12:00,1615,1615,1620,1620,0
2022-12-01 12:13:00,1615,1615,1620,1620,0
2022-12-01 12:14:00,1615,1615,1620,1620,0
2022-12-01 12:15:00,1615,1615,1620,1620,0
2022-12-01 12:16:00,1615,1615,1620,1620,0
2022-12-01 12:17:00,1615,1615,1620,1620,0
2022-12-01 12:18:00,1615,1615,1620,1620,0
2022-12-01 12:19:00,1615,1615,1620,1620,0
2022-12-01 12:20:00,1615,1615,1620,1620,0
2022-12-01 12:21:00,1615,1615,1620,1620,0
2022-12-01 12:22:00,1615,1615,1620,1620,0
2022-12-01 12:23:00,1615,1615,1620,1620,0
2022-12-01 12:24:00,1615,1615,1620,1620,0
2022-12-01 12:25:00,1615,1615,1620,1620,0
2022-12-01 12:26:00,1615,1615,1620,1620,0
2022-12-01 12:27:00,1615,1615,1620,1620,0
2022-12-01 12:28:00,1615,1615,1620,1620,0
2022-12-01 12:29:00,1615,1615,1620,1620,0
2022-12-01 12:30:00,1615,1615,1620,1620,0
2022-12-01 12:31:00,1615,1615,1620,1620,0
2022-12-01 12:32:00,1615,1615,1620,1620,0
2022-12-01 12:33:00,1615,1615,1620,1620,0
2022-12-01 12:34:00,1615,1615,1620,1620,0
2022-12-01 12:35:00,1615,1615,1620,1620,0
2022-12-01 12:36:00,1615,1615,1620,1620,0
2022-12-01 12:37:00,1615,1615,1620,1620,0
2022-12-01 12:38:00,1615,1615,1620,1620,0
2022-12-01 12:39:00,1615,1615,1620,1620,0
2022-12-01 12:40:00,1615,1615,1620,1620,0
2022-12-01 12:41:00,1615,1615,1620,1620,0
2022-12-01 12:42:00,1615,1615,1620,1620,0
2022-12-01 12:43:00,1615,1615,1620,1620,0
2022-12-01 12:44:00,1615,1615,1620,1620,0
2022-12-01 12:45:00,1615,1615,1620,1620,0
2022-12-01 12:46:00,1615,1615,1620,1620,0
2022-12-01 12:47:00,1615,1615,1620,1620,0
2022-12-01 12:48:00,1615,1615,1620,1620,0
2022-12-01 12:49:00,1615,1615,1620,1620,0
2022-12-01 12:50:00,1615,1615,1620,1620,0
2022-12-01 12:51:00,1615,1615,1620,1620,0
2022-12-01 12:52:00,1615,1615,1620,1620,0
2022-12-01 12:53:00,1615,1615,1620,1620,0
2022-12-01 12:54:00,1615,1615,1620,1620,0
2022-12-01 12:55:00,1615,1615,1620,1620,0
2022-12-01 12:56:00,1615,1615,1620,1620,0
2022-12-01 12:57:00,1615,1615,1620,1620,0
2022-12-01 12:58:00,1615,1615,1620,1620,0
2022-12-01 12:59:00,1615,1615,1620,1620,0
2022-12-01 13:00:00,1615,1615,1620,1620,0
2022-12-01 13:01:00,1615,1615,1620,1620,0
2022-12-01 13:02:00,1615,1615,1620,1620,0
2022-12-01 13:03:00,1615,1615,1620,1620,0
2022-12-01 13:04:00,1615,1615,1620,1620,0
2022-12-01 13:05:00,1615,1615,1620,1620,0
2022-12-01 13:06:00,1615,1615,1620,1620,0
2022-12-01 13:07:00,1615,1615,1620,1620,0
2022-12-01 13:08:00,1615,1615,1620,1620,0
2022-12-01 13:09:00,1615,1615,1620,1620,0
2022-12-01 13:10:00,1615,1615,1620,1620,0
2022-12-01 13:11:00,1615,1615,1620,1620,0
2022-12-01 13:12:00,1615,1615,1620,1620,0
2022-12-01 13:13:00,1615,1615,1620,1620,0
2022-12-01 13:14:00,1615,1615,1620,1620,0
2022-12-01 13:15:00,1615,1615,1620,1620,0
2022-12-01 13:16:00,1615,1615,1620,1620,0
2022-12-01 13:17:00,1615,1615,1620,1620,0
2022-12-01 13:18:00,1615,1615,1620,1620,0
2022-12-01 13:19:00,1615,1615,1620,1620,0
2022-12-01 13:20:00,1615,1615,1620,1620,0
2022-12-01 13:21:00,1615,1615,1620,1620,0
2022-12-01 13:22:00,1615,1615,1620,1620,0
2022-12-01 13:23:00,1615,1615,1620,1620,0
2022-12-01 13:24:00,1615,1615,1620,1620,0
2022-12-01 13:25:00,1615,1615,1620,1620,0
2022-12-01 13:26:00,1615,1615,1620,1620,0
2022-12-01 13:27:00,1615,1615,1620,1620,0
2022-12-01 13:28:00,1615,1615,1620,1620,0
2022-12-01 13:29:00,1615,1615,1620,1620,0
2022-12-01 13:30:00,1615,1615,1620,1620,0
2022-12-01 13:31:00,1615,1615,1620,1620,0
2022-12-01 13:32:00,1615,1615,1620,1620,0
2022-12-01 13:33:00,1615,1615,1620,1620,0
2022-12-01 13:34:00,1615,1615,1620,1620,0
2022-12-01 13:35:00,1615,1615,1620,1620,0
2022-12-01 13:36:00,1615,1615,1620,1620,0
2022-12-01 13:37:00,1615,1615,1620,1620,0
2022-12-01 13:38:00,1615,1615,1620,1620,0
2022-12-01 13:39:00,1615,1615,1620,1620,0
2022-12-01 13:40:00,1615,1615,1620,1620,0
2022-12-01 13:41:00,1615,1615,1620,1620,0
2022-12-01 13:42:00,1615,1615,1620,1620,0
2022-12-01 13:43:00,1615,1615,1620,1620,0
2022-12-01 13:44:00,1615,1615,1620,1620,0
2022-12-01 13:45:00,1615,1615,1620,1620,0
2022-12-01 13:46:00,1615,1615,1620,1620,0
2022-12-01 13:47:00,1615,1615,1620,1620,0
2022-12-01 13:48:00,1615,1615,1620,1620,0
2022-12-01 13:49:00,1615,1615,1620,1620,0
2022-12-01 13:50:00,1615,1615,1620,1620,0
2022-12-01 13:51:00,1615,1615,1620,1620,0
2022-12-01 13:52:00,1615,1615,1620,1620,0
2022-12-01 13:53:00,1615,1615,1620,1620,0
2022-12-01 13:54:00,1615,1615,1620,1620,0
2022-12-01 13:55:00,1615,1615,1620,1620,0
2022-12-01 13:56:00,1615,1615,1620,1620,0
2022-12-01 13:57:00,1615,1615,1620,1620,0
2022-12-01 13:58:00,1615,1615,1620,1620,0
2022-12-01 13:59:00,1615,1615,1620,1620,0
2022-12-01 14:00:00,1615,1615,1620,1620,0
2022-12-01 14:01:00,1615,1615,1620,1620,0
2022-12-01 14:02:00,1615,1615,1620,1620,0
2022-12-01 14:03:00,1615,1615,1620,1620,0
2022-12-01 14:04:00,1615,1615,1620,1620,0
2022-12-01 14:05:00,1615,1615,1620,1620,0
2022-12-01 14:06:00,1615,1615,1620,1620,0
2022-12-01 14:07:00,1615,1615,1620,1620,0
2022-12-01 14:08:00,1615,1615,1620,1620,0
2022-12-01 14:09:00,1615,1615,1620,1620,0
2022-12-01 14:10:00,1615,1615,1620,1620,0
2022-12-01 14:11:00,1615,1615,1620,1620,0
2022-12-01 14:12:00,1615,1615,1620,1620,0
2022-12-01 14:13:00,1615,1615,1620,1620,0
2022-12-01 14:14:00,1615,1615,1620,1620,0
2022-12-01 14:15:00,1615,1615,1620,1620,0
2022-12-01 14:16:00,1615,1615,1620,1620,0
2022-12-01 14:17:00,1615,1615,1620,1620,0
2022-12-01 14:18:00,1615,1615,1620,1620,0
2022-12-01 14:19:00,1615,1615,1620,1620,0
2022-12-01 14:20:00,1615,1615,1620,1620,0
2022-12-01 14:21:00,1615,1615,1620,1620,0
2022-12-01 14:22:00,1615,1615,1620,1620,0
2022-12-01 14:23:00,1615,1615,1620,1620,0
2022-12-01 14:24:00,1615,1615,1620,1620,0
2022-12-01 14:25:00,1600,1600,1600,1600,100
2022-12-01 14:26:00,1600,1600,1600,1600,0
2022-12-01 14:27:00,1600,1600,1600,1600,0
2022-12-01 14:28:00,1600,1600,1600,1600,0
2022-12-01 14:29:00,1600,1600,1600,1600,0
2022-12-01 14:30:00,1600,1600,1600,1600,0
2022-12-01 14:31:00,1600,1600,1600,1600,0
2022-12-01 14:32:00,1600,1600,1600,1600,0
2022-12-01 14:33:00,1600,1600,1600,1600,0
2022-12-01 14:34:00,1600,1600,1600,1600,0
2022-12-01 14:35:00,1600,1600,1600,1600,0
2022-12-01 14:36:00,1600,1600,1600,1600,0
2022-12-01 14:37:00,1600,1600,1600,1600,0
2022-12-01 14:38:00,1600,1600,1600,1600,0
2022-12-01 14:39:00,1600,1600,1600,1600,0
2022-12-01 14:40:00,1600,1600,1600,1600,0
2022-12-01 14:41:00,1600,1600,1600,1600,0
2022-12-01 14:42:00,1600,1600,1600,1600,0
2022-12-01 14:43:00,1600,1600,1600,1600,0
2022-12-01 14:44:00,1600,1600,1600,1600,0
2022-12-01 14:45:00,1600,1600,1600,1600,0
2022-12-01 14:46:00,1600,1600,1600,1600,0
2022-12-01 14:47:00,1600,1600,1600,1600,0
2022-12-01 14:48:00,1600,1600,1600,1600,0
2022-12-01 14:49:00,1600,1600,1600,1600,0
2022-12-01 14:50:00,1600,1600,1600,1600,0
2022-12-01 14:51:00,1600,1600,1600,1600,0
2022-12-01 14:52:00,1600,1600,1600,1600,0
2022-12-01 14:53:00,1600,1600,1600,1600,0
2022-12-01 14:54:00,1600,1600,1600,1600,0
2022-12-01 14:55:00,1600,1600,1600,1600,0
2022-12-01 14:56:00,1600,1600,1600,1600,0
2022-12-01 14:57:00,1600,1600,1600,1600,0
2022-12-01 14:58:00,1600,1600,1600,1600,0
2022-12-01 14:59:00,1600,1600,1600,1600,0
2022-12-01 15:00:00,1600,1600,1600,1600,0
2022-12-01 15:01:00,1600,1600,1600,1600,0
2022-12-01 15:02:00,1600,1600,1600,1600,0
2022-12-01 15:03:00,1600,1600,1600,1600,0
2022-12-01 15:04:00,1600,1600,1600,1600,0
2022-12-01 15:05:00,1600,1600,1600,1600,0
2022-12-01 15:06:00,1600,1600,1600,1600,0
2022-12-01 15:07:00,1600,1600,1600,1600,0
2022-12-01 15:08:00,1600,1600,1600,1600,0
2022-12-01 15:09:00,1600,1600,1600,1600,0
2022-12-01 15:10:00,1600,1600,1600,1600,0
2022-12-01 15:11:00,1600,1600,1600,1600,0
2022-12-01 15:12:00,1600,1600,1600,1600,0
2022-12-01 15:13:00,1600,1600,1600,1600,0
2022-12-01 15:14:00,1600,1600,1600,1600,0
2022-12-01 15:15:00,1600,1600,1600,1600,0
2022-12-01 15:16:00,1600,1600,1600,1600,0
2022-12-01 15:17:00,1600,1600,1600,1600,0
2022-12-01 15:18:00,1600,1600,1600,1600,0
2022-12-01 15:19:00,1600,1600,1600,1600,0
2022-12-01 15:20:00,1600,1600,1600,1600,0
2022-12-01 15:21:00,1600,1600,1600,1600,0
2022-12-01 15:22:00,1600,1600,1600,1600,0
2022-12-01 15:23:00,1600,1600,1600,1600,0
2022-12-01 15:24:00,1600,1600,1600,1600,0
2022-12-01 15:25:00,1600,1600,1600,1600,0
2022-12-01 15:26:00,1600,1600,1600,1600,0
2022-12-01 15:27:00,1600,1600,1600,1600,0
2022-12-01 15:28:00,1600,1600,1600,1600,0
2022-12-01 15:29:00,1600,1600,1600,1600,0
2022-12-01 15:30:00,1600,1600,1600,1600,0
2022-12-01 15:31:00,1600,1600,1600,1600,0
2022-12-01 15:32:00,1600,1600,1600,1600,0
2022-12-01 15:33:00,1600,1600,1600,1600,0
2022-12-01 15:34:00,1600,1600,1600,1600,0
2022-12-01 15:35:00,1600,1600,1600,1600,0
2022-12-01 15:36:00,1600,1600,1600,1600,0
2022-12-01 15:37:00,1600,1600,1600,1600,0
2022-12-01 15:38:00,1600,1600,1600,1600,0
2022-12-01 15:39:00,1600,1600,1600,1600,0
2022-12-01 15:40:00,1600,1600,1600,1600,0
2022-12-01 15:41:00,1600,1600,1600,1600,0
2022-12-01 15:42:00,1600,1600,1600,1600,0
2022-12-01 15:43:00,1600,1600,1600,1600,0
2022-12-01 15:44:00,1600,1600,1600,1600,0
2022-12-01 15:45:00,1600,1600,1600,1600,0
2022-12-01 15:46:00,1600,1600,1600,1600,0
2022-12-01 15:47:00,1600,1600,1600,1600,0
2022-12-01 15:48:00,1600,1600,1600,1600,0
2022-12-01 15:49:00,1600,1600,1600,1600,0
2022-12-01 15:50:00,1600,1600,1600,1600,0
2022-12-01 15:51:00,1600,1600,1600,1600,0
2022-12-01 15:52:00,1600,1600,1600,1600,0
2022-12-01 15:53:00,1600,1600,1600,1600,0
2022-12-01 15:54:00,1600,1600,1600,1600,0
2022-12-01 15:55:00,1600,1600,1600,1600,0
2022-12-01 15:56:00,1600,1600,1600,1600,0
2022-12-01 15:57:00,1600,1600,1600,1600,0
2022-12-01 15:58:00,1600,1600,1600,1600,0
2022-12-01 15:59:00,1600,1600,1600,1600,0
2022-12-02 09:00:00,1600,1600,1600,1600,0
2022-12-02 09:01:00,1600,1600,1600,1600,0
2022-12-02 09:02:00,1600,1600,1600,1600,0
2022-12-02 09:03:00,1600,1600,1600,1600,0
2022-12-02 09:04:00,1600,1600,1600,1600,0
2022-12-02 09:05:00,1600,1600,1600,1600,0
2022-12-02 09:06:00,1600,1600,1600,1600,0
2022-12-02 09:07:00,1600,1600,1600,1600,0
2022-12-02 09:08:00,1600,1600,1600,1600,0
2022-12-02 09:09:00,1600,1600,1600,1600,0
2022-12-02 09:10:00,1600,1600,1600,1600,0
2022-12-02 09:11:00,1600,1600,1600,1600,0
2022-12-02 09:12:00,1600,1600,1600,1600,0
2022-12-02 09:13:00,1600,1600,1600,1600,0
2022-12-02 09:14:00,1600,1600,1600,1600,0
2022-12-02 09:15:00,1600,1600,1600,1600,0
2022-12-02 09:16:00,1600,1600,1600,1600,0
2022-12-02 09:17:00,1600,1600,1600,1600,0
2022-12-02 09:18:00,1600,1600,1600,1600,0
2022-12-02 09:19:00,1600,1600,1600,1600,0
2022-12-02 09:20:00,1600,1600,1600,1600,0
2022-12-02 09:21:00,1600,1600,1600,1600,0
2022-12-02 09:22:00,1600,1600,1600,1600,0
2022-12-02 09:23:00,1600,1600,1600,1600,0
2022-12-02 09:24:00,1600,1600,1600,1600,0
2022-12-02 09:25:00,1600,1600,1600,1600,0
2022-12-02 09:26:00,1600,1600,1600,1600,0
2022-12-02 09:27:00,1600,1600,1600,1600,0
2022-12-02 09:28:00,1600,1600,1600,1600,0
2022-12-02 09:29:00,1600,1600,1600,1600,0
2022-12-02 09:30:00,1600,1600,1600,1600,0
2022-12-02 09:31:00,1600,1600,1600,1600,0
2022-12-02 09:32:00,1600,1600,1600,1600,0
2022-12-02 09:33:00,1600,1600,1600,1600,0
2022-12-02 09:34:00,1600,1600,1600,1600,0
2022-12-02 09:35:00,1600,1600,1600,1600,0
2022-12-02 09:36:00,1600,1600,1600,1600,0
2022-12-02 09:37:00,1600,1600,1600,1600,0
2022-12-02 09:38:00,1600,1600,1600,1600,0
2022-12-02 09:39:00,1600,1600,1600,1600,0
2022-12-02 09:40:00,1600,1600,1600,1600,0
2022-12-02 09:41:00,1600,1600,1600,1600,0
2022-12-02 09:42:00,1600,1600,1600,1600,0
2022-12-02 09:43:00,1600,1600,1600,1600,0
2022-12-02 09:44:00,1600,1600,1600,1600,0
2022-12-02 09:45:00,1600,1600,1600,1600,0
2022-12-02 09:46:00,1600,1600,1600,1600,0
2022-12-02 09:47:00,1600,1600,1600,1600,0
2022-12-02 09:48:00,1600,1600,1600,1600,0
2022-12-02 09:49:00,1600,1600,1600,1600,0
2022-12-02 09:50:00,1600,1600,1600,1600,0
2022-12-02 09:51:00,1600,1600,1600,1600,0
2022-12-02 09:52:00,1600,1600,1600,1600,0
2022-12-02 09:53:00,1600,1600,1600,1600,0
2022-12-02 09:54:00,1600,1600,1600,1600,0
2022-12-02 09:55:00,1600,1600,1600,1600,0
2022-12-02 09:56:00,1600,1600,1600,1600,0
2022-12-02 09:57:00,1600,1600,1600,1600,0
2022-12-02 09:58:00,1600,1600,1600,1600,0
2022-12-02 09:59:00,1600,1600,1600,1600,0
2022-12-02 10:00:00,1600,1600,1600,1600,0
2022-12-02 10:01:00,1600,1600,1600,1600,0
2022-12-02 10:02:00,1600,1600,1600,1600,0
2022-12-02 10:03:00,1600,1600,1600,1600,0
2022-12-02 10:04:00,1600,1600,1600,1600,0
2022-12-02 10:05:00,1600,1600,1600,1600,0
2022-12-02 10:06:00,1600,1600,1600,1600,0
2022-12-02 10:07:00,1600,1600,1600,1600,0
2022-12-02 10:08:00,1600,1600,1600,1600,0
2022-12-02 10:09:00,1600,1600,1600,1600,0
2022-12-02 10:10:00,1600,1600,1600,1600,0
2022-12-02 10:11:00,1600,1600,1600,1600,0
2022-12-02 10:12:00,1600,1600,1600,1600,0
2022-12-02 10:13:00,1600,1600,1600,1600,0
2022-12-02 10:14:00,1600,1600,1600,1600,0
2022-12-02 10:15:00,1600,1600,1600,1600,0
2022-12-02 10:16:00,1600,1600,1600,1600,0
2022-12-02 10:17:00,1600,1600,1600,1600,0
2022-12-02 10:18:00,1600,1600,1600,1600,0
2022-12-02 10:19:00,1600,1600,1600,1600,0
2022-12-02 10:20:00,1600,1600,1600,1600,0
2022-12-02 10:21:00,1600,1600,1600,1600,0
2022-12-02 10:22:00,1600,1600,1600,1600,0
2022-12-02 10:23:00,1600,1600,1600,1600,0
2022-12-02 10:24:00,1600,1600,1600,1600,0
2022-12-02 10:25:00,1600,1600,1600,1600,0
2022-12-02 10:26:00,1600,1600,1600,1600,0
2022-12-02 10:27:00,1600,1600,1600,1600,0
2022-12-02 10:28:00,1600,1600,1600,1600,0
2022-12-02 10:29:00,1600,1600,1600,1600,0
2022-12-02 10:30:00,1600,1600,1600,1600,0
2022-12-02 10:31:00,1600,1600,1600,1600,0
2022-12-02 10:32:00,1600,1600,1600,1600,0
2022-12-02 10:33:00,1600,1600,1600,1600,0
2022-12-02 10:34:00,1600,1600,1600,1600,0
2022-12-02 10:35:00,1600,1600,1600,1600,0
2022-12-02 10:36:00,1600,1600,1600,1600,0
2022-12-02 10:37:00,1600,1600,1600,1600,0
2022-12-02 10:38:00,1600,1600,1600,1600,0
2022-12-02 10:39:00,1600,1600,1600,1600,0
2022-12-02 10:40:00,1600,1600,1600,1600,0
2022-12-02 10:41:00,1600,1600,1600,1600,0
2022-12-02 10:42:00,1600,1600,1600,1600,0
2022-12-02 10:43:00,1600,1600,1600,1600,0
2022-12-02 10:44:00,1600,1600,1600,1600,0
2022-12-02 10:45:00,1600,1600,1600,1600,0
2022-12-02 10:46:00,1600,1600,1600,1600,0
2022-12-02 10:47:00,1600,1600,1600,1600,0
2022-12-02 10:48:00,1600,1600,1600,1600,0
2022-12-02 10:49:00,1600,1600,1600,1600,0
2022-12-02 10:50:00,1600,1600,1600,1600,0
2022-12-02 10:51:00,1600,1600,1600,1600,0
2022-12-02 10:52:00,1600,1600,1600,1600,0
2022-12-02 10:53:00,1600,1600,1600,1600,0
2022-12-02 10:54:00,1600,1600,1600,1600,0
2022-12-02 10:55:00,1600,1600,1600,1600,0
2022-12-02 10:56:00,1600,1600,1600,1600,0
2022-12-02 10:57:00,1600,1600,1600,1600,0
2022-12-02 10:58:00,1600,1600,1600,1600,0
2022-12-02 10:59:00,1600,1600,1600,1600,0
2022-12-02 11:00:00,1600,1600,1600,1600,0
2022-12-02 11:01:00,1600,1600,1600,1600,0
2022-12-02 11:02:00,1600,1600,1600,1600,0
2022-12-02 11:03:00,1600,1600,1600,1600,0
2022-12-02 11:04:00,1600,1600,1600,1600,0
2022-12-02 11:05:00,1600,1600,1600,1600,0
2022-12-02 11:06:00,1600,1600,1600,1600,0
2022-12-02 11:07:00,1600,1600,1600,1600,0
2022-12-02 11:08:00,1600,1600,1600,1600,0
2022-12-02 11:09:00,1600,1600,1600,1600,0
2022-12-02 11:10:00,1600,1600,1600,1600,0
2022-12-02 11:11:00,1600,1600,1600,1600,0
2022-12-02 11:12:00,1600,1600,1600,1600,0
2022-12-02 11:13:00,1600,1600,1600,1600,0
2022-12-02 11:14:00,1600,1600,1600,1600,0
2022-12-02 11:15:00,1600,1600,1600,1600,0
2022-12-02 11:16:00,1600,1600,1600,1600,0
2022-12-02 11:17:00,1600,1600,1600,1600,0
2022-12-02 11:18:00,1600,1600,1600,1600,0
2022-12-02 11:19:00,1600,1600,1600,1600,0
2022-12-02 11:20:00,1600,1600,1600,1600,0
2022-12-02 11:21:00,1600,1600,1600,1600,0
2022-12-02 11:22:00,1600,1600,1600,1600,0
2022-12-02 11:23:00,1600,1600,1600,1600,0
2022-12-02 11:24:00,1600,1600,1600,1600,0
2022-12-02 11:25:00,1600,1600,1600,1600,0
2022-12-02 11:26:00,1600,1600,1600,1600,0
2022-12-02 11:27:00,1600,1600,1600,1600,0
2022-12-02 11:28:00,1600,1600,1600,1600,0
2022-12-02 11:29:00,1600,1600,1600,1600,0
2022-12-02 11:30:00,1600,1600,1600,1600,0
2022-12-02 11:31:00,1600,1600,1600,1600,0
2022-12-02 11:32:00,1600,1600,1600,1600,0
2022-12-02 11:33:00,1600,1600,1600,1600,0
2022-12-02 11:34:00,1600,1600,1600,1600,0
2022-12-02 11:35:00,1600,1600,1600,1600,0
2022-12-02 11:36:00,1600,1600,1600,1600,0
2022-12-02 11:37:00,1600,1600,1600,1600,0
2022-12-02 11:38:00,1600,1600,1600,1600,0
2022-12-02 11:39:00,1600,1600,1600,1600,0
2022-12-02 11:40:00,1600,1600,1600,1600,0
2022-12-02 11:41:00,1600,1600,1600,1600,0
2022-12-02 11:42:00,1600,1600,1600,1600,0
2022-12-02 11:43:00,1600,1600,1600,1600,0
2022-12-02 11:44:00,1600,1600,1600,1600,0
2022-12-02 11:45:00,1600,1600,1600,1600,0
2022-12-02 11:46:00,1600,1600,1600,1600,0
2022-12-02 11:47:00,1600,1600,1600,1600,0
2022-12-02 11:48:00,1600,1600,1600,1600,0
2022-12-02 11:49:00,1600,1600,1600,1600,0
2022-12-02 11:50:00,1600,1600,1600,1600,0
2022-12-02 11:51:00,1600,1600,1600,1600,0
2022-12-02 11:52:00,1600,1600,1600,1600,0
2022-12-02 11:53:00,1600,1600,1600,1600,0
2022-12-02 11:54:00,1600,1600,1600,1600,0
2022-12-02 11:55:00,1600,1600,1600,1600,0
2022-12-02 11:56:00,1600,1600,1600,1600,0
2022-12-02 11:57:00,1600,1600,1600,1600,0
2022-12-02 11:58:00,1600,1600,1600,1600,0
2022-12-02 11:59:00,1600,1600,1600,1600,0
2022-12-02 12:00:00,1600,1600,1600,1600,0
2022-12-02 12:01:00,1600,1600,1600,1600,0
2022-12-02 12:02:00,1600,1600,1600,1600,0
2022-12-02 12:03:00,1600,1600,1600,1600,0
2022-12-02 12:04:00,1600,1600,1600,1600,0
2022-12-02 12:05:00,1600,1600,1600,1600,0
2022-12-02 12:06:00,1600,1600,1600,1600,0
2022-12-02 12:07:00,1600,1600,1600,1600,0
2022-12-02 12:08:00,1600,1600,1600,1600,0
2022-12-02 12:09:00,1600,1600,1600,1600,0
2022-12-02 12:10:00,1600,1600,1600,1600,0
2022-12-02 12:11:00,1600,1600,1600,1600,0
2022-12-02 12:12:00,1600,1600,1600,1600,0
2022-12-02 12:13:00,1600,1600,1600,1600,0
2022-12-02 12:14:00,1600,1600,1600,1600,0
2022-12-02 12:15:00,1600,1600,1600,1600,0
2022-12-02 12:16:00,1600,1600,1600,1600,0
2022-12-02 12:17:00,1600,1600,1600,1600,0
2022-12-02 12:18:00,1600,1600,1600,1600,0
2022-12-02 12:19:00,1600,1600,1600,1600,0
2022-12-02 12:20:00,1600,1600,1600,1600,0
2022-12-02 12:21:00,1600,1600,1600,1600,0
2022-12-02 12:22:00,1600,1600,1600,1600,0
2022-12-02 12:23:00,1600,1600,1600,1600,0
2022-12-02 12:24:00,1600,1600,1600,1600,0
2022-12-02 12:25:00,1600,1600,1600,1600,0
2022-12-02 12:26:00,1600,1600,1600,1600,0
2022-12-02 12:27:00,1600,1600,1600,1600,0
2022-12-02 12:28:00,1600,1600,1600,1600,0
2022-12-02 12:29:00,1600,1600,1600,1600,0
2022-12-02 12:30:00,1600,1600,1600,1600,0
2022-12-02 12:31:00,1600,1600,1600,1600,0
2022-12-02 12:32:00,1600,1600,1600,1600,0
2022-12-02 12:33:00,1600,1600,1600,1600,0
2022-12-02 12:34:00,1600,1600,1600,1600,0
2022-12-02 12:35:00,1600,1600,1600,1600,0
2022-12-02 12:36:00,1600,1600,1600,1600,0
2022-12-02 12:37:00,1600,1600,1600,1600,0
2022-12-02 12:38:00,1600,1600,1600,1600,0
2022-12-02 12:39:00,1600,1600,1600,1600,0
2022-12-02 12:40:00,1600,1600,1600,1600,0
2022-12-02 12:41:00,1600,1600,1600,1600,0
2022-12-02 12:42:00,1600,1600,1600,1600,0
2022-12-02 12:43:00,1600,1600,1600,1600,0
2022-12-02 12:44:00,1600,1600,1600,1600,0
2022-12-02 12:45:00,1600,1600,1600,1600,0
2022-12-02 12:46:00,1600,1600,1600,1600,0
2022-12-02 12:47:00,1600,1600,1600,1600,0
2022-12-02 12:48:00,1600,1600,1600,1600,0
2022-12-02 12:49:00,1600,1600,1600,1600,0
2022-12-02 12:50:00,1600,1600,1600,1600,0
2022-12-02 12:51:00,1600,1600,1600,1600,0
2022-12-02 12:52:00,1600,1600,1600,1600,0
2022-12-02 12:53:00,1600,1600,1600,1600,0
2022-12-02 12:54:00,1600,1600,1600,1600,0
2022-12-02 12:55:00,1600,1600,1600,1600,0
2022-12-02 12:56:00,1600,1600,1600,1600,0
2022-12-02 12:57:00,1600,1600,1600,1600,0
2022-12-02 12:58:00,1600,1600,1600,1600,0
2022-12-02 12:59:00,1600,1600,1600,1600,0
2022-12-02 13:00:00,1600,1600,1600,1600,0
2022-12-02 13:01:00,1600,1600,1600,1600,0
2022-12-02 13:02:00,1600,1600,1600,1600,0
2022-12-02 13:03:00,1600,1600,1600,1600,0
2022-12-02 13:04:00,1600,1600,1600,1600,0
2022-12-02 13:05:00,1600,1600,1600,1600,0
2022-12-02 13:06:00,1600,1600,1600,1600,0
2022-12-02 13:07:00,1600,1600,1600,1600,0
2022-12-02 13:08:00,1600,1600,1600,1600,0
2022-12-02 13:09:00,1600,1600,1600,1600,0
2022-12-02 13:10:00,1600,1600,1600,1600,0
2022-12-02 13:11:00,1600,1600,1600,1600,0
2022-12-02 13:12:00,1600,1600,1600,1600,0
2022-12-02 13:13:00,1600,1600,1600,1600,0
2022-12-02 13:14:00,1600,1600,1600,1600,0
2022-12-02 13:15:00,1600,1600,1600,1600,0
2022-12-02 13:16:00,1600,1600,1600,1600,0
2022-12-02 13:17:00,1600,1600,1600,1600,0
2022-12-02 13:18:00,1600,1600,1600,1600,0
2022-12-02 13:19:00,1600,1600,1600,1600,0
2022-12-02 13:20:00,1600,1600,1600,1600,0
2022-12-02 13:21:00,1600,1600,1600,1600,0
2022-12-02 13:22:00,1600,1600,1600,1600,0
2022-12-02 13:23:00,1600,1600,1600,1600,0
2022-12-02 13:24:00,1600,1600,1600,1600,0
2022-12-02 13:25:00,1600,1600,1600,1600,0
2022-12-02 13:26:00,1600,1600,1600,1600,0
2022-12-02 13:27:00,1600,1600,1600,1600,0
2022-12-02 13:28:00,1600,1600,1600,1600,0
2022-12-02 13:29:00,1600,1600,1600,1600,0
2022-12-02 13:30:00,1600,1600,1600,1600,0
2022-12-02 13:31:00,1600,1600,1600,1600,0
2022-12-02 13:32:00,1600,1600,1600,1600,0
2022-12-02 13:33:00,1600,1600,1600,1600,0
2022-12-02 13:34:00,1600,1600,1600,1600,0
2022-12-02 13:35:00,1600,1600,1600,1600,0
2022-12-02 13:36:00,1600,1600,1600,1600,0
2022-12-02 13:37:00,1600,1600,1600,1600,0
2022-12-02 13:38:00,1600,1600,1600,1600,0
2022-12-02 13:39:00,1600,1600,1600,1600,0
2022-12-02 13:40:00,1600,1600,1600,1600,0
2022-12-02 13:41:00,1600,1600,1600,1600,0
2022-12-02 13:42:00,1600,1600,1600,1600,0
2022-12-02 13:43:00,1600,1600,1600,1600,0
2022-12-02 13:44:00,1600,1600,1600,1600,0
2022-12-02 13:45:00,1600,1600,1600,1600,0
2022-12-02 13:46:00,1600,1600,1600,1600,0
2022-12-02 13:47:00,1600,1600,1600,1600,0
2022-12-02 13:48:00,1600,1600,1600,1600,0
2022-12-02 13:49:00,1600,1600,1600,1600,0
2022-12-02 13:50:00,1600,1600,1600,1600,0
2022-12-02 13:51:00,1600,1600,1600,1600,0
2022-12-02 13:52:00,1600,1600,1600,1600,0
2022-12-02 13:53:00,1600,1600,1600,1600,0
2022-12-02 13:54:00,1600,1600,1600,1600,0
2022-12-02 13:55:00,1600,1600,1600,1600,0
2022-12-02 13:56:00,1600,1600,1600,1600,0
2022-12-02 13:57:00,1600,1600,1600,1600,0
2022-12-02 13:58:00,1600,1600,1600,1600,0
2022-12-02 13:59:00,1600,1600,1600,1600,0
2022-12-02 14:00:00,1600,1600,1600,1600,0
2022-12-02 14:01:00,1600,1600,1600,1600,0
2022-12-02 14:02:00,1600,1600,1600,1600,0
2022-12-02 14:03:00,1600,1600,1600,1600,0
2022-12-02 14:04:00,1600,1600,1600,1600,0
2022-12-02 14:05:00,1600,1600,1600,1600,0
2022-12-02 14:06:00,1600,1600,1600,1600,0
2022-12-02 14:07:00,1600,1600,1600,1600,0
2022-12-02 14:08:00,1600,1600,1600,1600,0
2022-12-02 14:09:00,1600,1600,1600,1600,0
2022-12-02 14:10:00,1600,1600,1600,1600,0
2022-12-02 14:11:00,1600,1600,1600,1600,0
2022-12-02 14:12:00,1600,1600,1600,1600,0
2022-12-02 14:13:00,1600,1600,1600,1600,0
2022-12-02 14:14:00,1600,1600,1600,1600,0
2022-12-02 14:15:00,1600,1600,1600,1600,0
2022-12-02 14:16:00,1600,1600,1600,1600,0
2022-12-02 14:17:00,1600,1600,1600,1600,0
2022-12-02 14:18:00,1600,1600,1600,1600,0
2022-12-02 14:19:00,1600,1600,1600,1600,0
2022-12-02 14:20:00,1600,1600,1600,1600,0
2022-12-02 14:21:00,1600,1600,1600,1600,0
2022-12-02 14:22:00,1600,1600,1600,1600,0
2022-12-02 14:23:00,1600,1600,1600,1600,0
2022-12-02 14:24:00,1600,1600,1600,1600,0
2022-12-02 14:25:00,1600,1600,1600,1600,0
2022-12-02 14:26:00,1600,1600,1600,1600,0
2022-12-02 14:27:00,1600,1600,1600,1600,0
2022-12-02 14:28:00,1600,1600,1600,1600,0
2022-12-02 14:29:00,1600,1600,1600,1600,0
2022-12-02 14:30:00,1600,1600,1600,1600,0
2022-12-02 14:31:00,1600,1600,1600,1600,0
2022-12-02 14:32:00,1600,1600,1600,1600,0
2022-12-02 14:33:00,1600,1600,1600,1600,0
2022-12-02 14:34:00,1600,1600,1600,1600,0
2022-12-02 14:35:00,1600,1600,1600,1600,0
2022-12-02 14:36:00,1600,1600,1600,1600,0
2022-12-02 14:37:00,1600,1600,1600,1600,0
2022-12-02 14:38:00,1600,1600,1600,1600,0
2022-12-02 14:39:00,1600,1600,1600,1600,0
2022-12-02 14:40:00,1600,1600,1600,1600,0
2022-12-02 14:41:00,1600,1600,1600,1600,0
2022-12-02 14:42:00,1600,1600,1600,1600,0
2022-12-02 14:43:00,1600,1600,1600,1600,0
2022-12-02 14:44:00,1600,1600,1600,1600,0
2022-12-02 14:45:00,1600,1600,1600,1600,0
2022-12-02 14:46:00,1600,1600,1600,1600,0
2022-12-02 14:47:00,1600,1600,1600,1600,0
2022-12-02 14:48:00,1600,1600,1600,1600,0
2022-12-02 14:49:00,1600,1600,1600,1600,0
2022-12-02 14:50:00,1600,1600,1600,1600,0
2022-12-02 14:51:00,1600,1600,1600,1600,0
2022-12-02 14:52:00,1600,1600,1600,1600,0
2022-12-02 14:53:00,1600,1600,1600,1600,0
2022-12-02 14:54:00,1600,1600,1600,1600,0
2022-12-02 14:55:00,1600,1600,1600,1600,0
2022-12-02 14:56:00,1600,1600,1600,1600,0
2022-12-02 14:57:00,1600,1600,1600,1600,0
2022-12-02 14:58:00,1600,1600,1600,1600,0
2022-12-02 14:59:00,1600,1600,1600,1600,0
2022-12-02 15:00:00,1600,1600,1600,1600,0
2022-12-02 15:01:00,1600,1600,1600,1600,0
2022-12-02 15:02:00,1600,1600,1600,1600,0
2022-12-02 15:03:00,1600,1600,1600,1600,0
2022-12-02 15:04:00,1600,1600,1600,1600,0
2022-12-02 15:05:00,1600,1600,1600,1600,0
2022-12-02 15:06:00,1600,1600,1600,1600,0
2022-12-02 15:07:00,1600,1600,1600,1600,0
2022-12-02 15:08:00,1600,1600,1600,1600,0
2022-12-02 15:09:00,1600,1600,1600,1600,0
2022-12-02 15:10:00,1600,1600,1600,1600,0
2022-12-02 15:11:00,1600,1600,1600,1600,0
2022-12-02 15:12:00,1600,1600,1600,1600,0
2022-12-02 15:13:00,1600,1600,1600,1600,0
2022-12-02 15:14:00,1600,1600,1600,1600,0
2022-12-02 15:15:00,1600,1600,1600,1600,0
2022-12-02 15:16:00,1600,1600,1600,1600,0
2022-12-02 15:17:00,1600,1600,1600,1600,0
2022-12-02 15:18:00,1600,1600,1600,1600,0
2022-12-02 15:19:00,1600,1600,1600,1600,0
2022-12-02 15:20:00,1600,1600,1600,1600,0
2022-12-02 15:21:00,1600,1600,1600,1600,0
2022-12-02 15:22:00,1600,1600,1600,1600,0
2022-12-02 15:23:00,1600,1600,1600,1600,0
2022-12-02 15:24:00,1600,1600,1600,1600,0
2022-12-02 15:25:00,1600,1600,1600,1600,0
2022-12-02 15:26:00,1600,1600,1600,1600,0
2022-12-02 15:27:00,1600,1600,1600,1600,0
2022-12-02 15:28:00,1600,1600,1600,1600,0
2022-12-02 15:29:00,1600,1600,1600,1600,0
2022-12-02 15:30:00,1600,1600,1600,1600,0
2022-12-02 15:31:00,1600,1600,1600,1600,0
2022-12-02 15:32:00,1600,1600,1600,1600,0
2022-12-02 15:33:00,1600,1600,1600,1600,0
2022-12-02 15:34:00,1600,1600,1600,1600,0
2022-12-02 15:35:00,1600,1600,1600,1600,0
2022-12-02 15:36:00,1600,1600,1600,1600,0
2022-12-02 15:37:00,1600,1600,1600,1600,0
2022-12-02 15:38:00,1600,1600,1600,1600,0
2022-12-02 15:39:00,1600,1600,1600,1600,0
2022-12-02 15:40:00,1600,1600,1600,1600,0
2022-12-02 15:41:00,1600,1600,1600,1600,0
2022-12-02 15:42:00,1600,1600,1600,1600,0
2022-12-02 15:43:00,1600,1600,1600,1600,0
2022-12-02 15:44:00,1600,1600,1600,1600,0
2022-12-02 15:45:00,1600,1600,1600,1600,0
2022-12-02 15:46:00,1600,1600,1600,1600,0
2022-12-02 15:47:00,1600,1600,1600,1600,0
2022-12-02 15:48:00,1600,1600,1600,1600,0
2022-12-02 15:49:00,1600,1600,1600,1600,0
2022-12-02 15:50:00,1600,1600,1600,1600,0
2022-12-02 15:51:00,1600,1600,1600,1600,0
2022-12-02 15:52:00,1600,1600,1600,1600,0
2022-12-02 15:53:00,1600,1600,1600,1600,0
2022-12-02 15:54:00,1600,1600,1600,1600,0
2022-12-02 15:55:00,1600,1600,1600,1600,0
2022-12-02 15:56:00,1600,1600,1600,1600,0
2022-12-02 15:57:00,1600,1600,1600,1600,0
2022-12-02 15:58:00,1600,1600,1600,1600,0
2022-12-02 15:59:00,1600,1600,1600,1600,0
2022-12-05 09:00:00,1535,1535,1535,1535,0
2022-12-05 09:01:00,1535,1535,1535,1535,0
2022-12-05 09:02:00,1535,1535,1535,1535,0
2022-12-05 09:03:00,1535,1535,1535,1535,0
2022-12-05 09:04:00,1535,1535,1535,1535,0
2022-12-05 09:05:00,1535,1535,1535,1535,0
2022-12-05 09:06:00,1535,1535,1535,1535,0
2022-12-05 09:07:00,1535,1535,1535,1535,0
2022-12-05 09:08:00,1535,1535,1535,1535,0
2022-12-05 09:09:00,1535,1535,1535,1535,0
2022-12-05 09:10:00,1535,1535,1535,1535,0
2022-12-05 09:11:00,1535,1535,1535,1535,0
2022-12-05 09:12:00,1535,1535,1535,1535,0
2022-12-05 09:13:00,1535,1535,1535,1535,0
2022-12-05 09:14:00,1535,1535,1535,1535,0
2022-12-05 09:15:00,1535,1535,1535,1535,0
2022-12-05 09:16:00,1535,1535,1535,1535,0
2022-12-05 09:17:00,1535,1535,1535,1535,0
2022-12-05 09:18:00,1535,1535,1535,1535,0
2022-12-05 09:19:00,1535,1535,1535,1535,0
2022-12-05 09:20:00,1535,1535,1535,1535,0
2022-12-05 09:21:00,1535,1535,1535,1535,0
2022-12-05 09:22:00,1535,1535,1535,1535,0
2022-12-05 09:23:00,1535,1535,1535,1535,0
2022-12-05 09:24:00,1535,1535,1535,1535,0
2022-12-05 09:25:00,1535,1535,1535,1535,0
2022-12-05 09:26:00,1535,1535,1535,1535,0
2022-12-05 09:27:00,1535,1535,1535,1535,0
2022-12-05 09:28:00,1535,1535,1535,1535,0
2022-12-05 09:29:00,1535,1535,1535,1535,0
2022-12-05 09:30:00,1535,1535,1535,1535,0
2022-12-05 09:31:00,1535,1535,1535,1535,0
2022-12-05 09:32:00,1535,1535,1535,1535,0
2022-12-05 09:33:00,1535,1535,1535,1535,0
2022-12-05 09:34:00,1535,1535,1535,1535,0
2022-12-05 09:35:00,1535,1535,1535,1535,0
2022-12-05 09:36:00,1535,1535,1535,1535,0
2022-12-05 09:37:00,1535,1535,1535,1535,0
2022-12-05 09:38:00,1535,1535,1535,1535,0
2022-12-05 09:39:00,1535,1535,1535,1535,0
2022-12-05 09:40:00,1535,1535,1535,1535,0
2022-12-05 09:41:00,1535,1535,1535,1535,0
2022-12-05 09:42:00,1535,1535,1535,1535,0
2022-12-05 09:43:00,1535,1535,1535,1535,0
2022-12-05 09:44:00,1535,1535,1535,1535,0
2022-12-05 09:45:00,1535,1535,1535,1535,0
2022-12-05 09:46:00,1535,1535,1535,1535,0
2022-12-05 09:47:00,1535,1535,1535,1535,0
2022-12-05 09:48:00,1535,1535,1535,1535,0
2022-12-05 09:49:00,1535,1535,1535,1535,0
2022-12-05 09:50:00,1535,1535,1535,1535,0
2022-12-05 09:51:00,1535,1535,1535,1535,0
2022-12-05 09:52:00,1535,1535,1535,1535,0
2022-12-05 09:53:00,1535,1535,1535,1535,0
2022-12-05 09:54:00,1535,1535,1535,1535,0
2022-12-05 09:55:00,1535,1535,1535,1535,0
2022-12-05 09:56:00,1535,1535,1535,1535,0
2022-12-05 09:57:00,1535,1535,1535,1535,0
2022-12-05 09:58:00,1535,1535,1535,1535,0
2022-12-05 09:59:00,1535,1535,1535,1535,0
2022-12-05 10:00:00,1535,1535,1535,1535,0
2022-12-05 10:01:00,1535,1535,1535,1535,0
2022-12-05 10:02:00,1535,1535,1535,1535,0
2022-12-05 10:03:00,1535,1535,1535,1535,0
2022-12-05 10:04:00,1535,1535,1535,1535,0
2022-12-05 10:05:00,1535,1535,1535,1535,0
2022-12-05 10:06:00,1535,1535,1535,1535,0
2022-12-05 10:07:00,1535,1535,1535,1535,0
2022-12-05 10:08:00,1535,1535,1535,1535,0
2022-12-05 10:09:00,1535,1535,1535,1535,0
2022-12-05 10:10:00,1535,1535,1535,1535,0
2022-12-05 10:11:00,1535,1535,1535,1535,0
2022-12-05 10:12:00,1535,1535,1535,1535,0
2022-12-05 10:13:00,1535,1535,1535,1535,0
2022-12-05 10:14:00,1535,1535,1535,1535,0
2022-12-05 10:15:00,1535,1535,1535,1535,0
2022-12-05 10:16:00,1535,1535,1535,1535,0
2022-12-05 10:17:00,1535,1535,1535,1535,0
2022-12-05 10:18:00,1535,1535,1535,1535,0
2022-12-05 10:19:00,1535,1535,1535,1535,0
2022-12-05 10:20:00,1535,1535,1535,1535,0
2022-12-05 10:21:00,1535,1535,1535,1535,0
2022-12-05 10:22:00,1535,1535,1535,1535,0
2022-12-05 10:23:00,1535,1535,1535,1535,0
2022-12-05 10:24:00,1535,1535,1535,1535,0
2022-12-05 10:25:00,1535,1535,1535,1535,0
2022-12-05 10:26:00,1535,1535,1535,1535,0
2022-12-05 10:27:00,1535,1535,1535,1535,0
2022-12-05 10:28:00,1535,1535,1535,1535,0
2022-12-05 10:29:00,1535,1535,1535,1535,0
2022-12-05 10:30:00,1535,1535,1535,1535,0
2022-12-05 10:31:00,1535,1535,1535,1535,0
2022-12-05 10:32:00,1535,1535,1535,1535,0
2022-12-05 10:33:00,1535,1535,1535,1535,0
2022-12-05 10:34:00,1535,1535,1535,1535,0
2022-12-05 10:35:00,1535,1535,1535,1535,0
2022-12-05 10:36:00,1535,1535,1535,1535,0
2022-12-05 10:37:00,1535,1535,1535,1535,0
2022-12-05 10:38:00,1535,1535,1535,1535,0
2022-12-05 10:39:00,1535,1535,1535,1535,0
2022-12-05 10:40:00,1535,1535,1535,1535,0
2022-12-05 10:41:00,1535,1535,1535,1535,0
2022-12-05 10:42:00,1535,1535,1535,1535,0
2022-12-05 10:43:00,1535,1535,1535,1535,0
2022-12-05 10:44:00,1535,1535,1535,1535,0
2022-12-05 10:45:00,1535,1535,1535,1535,0
2022-12-05 10:46:00,1535,1535,1535,1535,0
2022-12-05 10:47:00,1535,1535,1535,1535,0
2022-12-05 10:48:00,1535,1535,1535,1535,0
2022-12-05 10:49:00,1535,1535,1535,1535,0
2022-12-05 10:50:00,1535,1535,1535,1535,0
2022-12-05 10:51:00,1535,1535,1535,1535,0
2022-12-05 10:52:00,1535,1535,1535,1535,0
2022-12-05 10:53:00,1535,1535,1535,1535,0
2022-12-05 10:54:00,1535,1535,1535,1535,0
2022-12-05 10:55:00,1535,1535,1535,1535,0
2022-12-05 10:56:00,1535,1535,1535,1535,0
2022-12-05 10:57:00,1535,1535,1535,1535,0
2022-12-05 10:58:00,1535,1535,1535,1535,0
2022-12-05 10:59:00,1535,1535,1535,1535,0
2022-12-05 11:00:00,1535,1535,1535,1535,0
2022-12-05 11:01:00,1535,1535,1535,1535,0
2022-12-05 11:02:00,1535,1535,1535,1535,0
2022-12-05 11:03:00,1535,1535,1535,1535,0
2022-12-05 11:04:00,1535,1535,1535,1535,0
2022-12-05 11:05:00,1535,1535,1535,1535,0
2022-12-05 11:06:00,1535,1535,1535,1535,0
2022-12-05 11:07:00,1535,1535,1535,1535,0
2022-12-05 11:08:00,1535,1535,1535,1535,0
2022-12-05 11:09:00,1535,1535,1535,1535,0
2022-12-05 11:10:00,1535,1535,1535,1535,0
2022-12-05 11:11:00,1535,1535,1535,1535,0
2022-12-05 11:12:00,1535,1535,1535,1535,0
2022-12-05 11:13:00,1535,1535,1535,1535,0
2022-12-05 11:14:00,1535,1535,1535,1535,0
2022-12-05 11:15:00,1535,1535,1535,1535,0
2022-12-05 11:16:00,1535,1535,1535,1535,0
2022-12-05 11:17:00,1535,1535,1535,1535,0
2022-12-05 11:18:00,1535,1535,1535,1535,0
2022-12-05 11:19:00,1535,1535,1535,1535,0
2022-12-05 11:20:00,1535,1535,1535,1535,0
2022-12-05 11:21:00,1535,1535,1535,1535,0
2022-12-05 11:22:00,1535,1535,1535,1535,0
2022-12-05 11:23:00,1535,1535,1535,1535,0
2022-12-05 11:24:00,1535,1535,1535,1535,0
2022-12-05 11:25:00,1535,1535,1535,1535,0
2022-12-05 11:26:00,1535,1535,1535,1535,0
2022-12-05 11:27:00,1535,1535,1535,1535,0
2022-12-05 11:28:00,1535,1535,1535,1535,0
2022-12-05 11:29:00,1535,1535,1535,1535,0
2022-12-05 11:30:00,1535,1535,1535,1535,0
2022-12-05 11:31:00,1535,1535,1535,1535,0
2022-12-05 11:32:00,1535,1535,1535,1535,0
2022-12-05 11:33:00,1535,1535,1535,1535,0
2022-12-05 11:34:00,1535,1535,1535,1535,0
2022-12-05 11:35:00,1535,1535,1535,1535,0
2022-12-05 11:36:00,1535,1535,1535,1535,0
2022-12-05 11:37:00,1535,1535,1535,1535,0
2022-12-05 11:38:00,1535,1535,1535,1535,0
2022-12-05 11:39:00,1535,1535,1535,1535,0
2022-12-05 11:40:00,1535,1535,1535,1535,0
2022-12-05 11:41:00,1535,1535,1535,1535,0
2022-12-05 11:42:00,1535,1535,1535,1535,0
2022-12-05 11:43:00,1535,1535,1535,1535,0
2022-12-05 11:44:00,1535,1535,1535,1535,0
2022-12-05 11:45:00,1535,1535,1535,1535,0
2022-12-05 11:46:00,1535,1535,1535,1535,0
2022-12-05 11:47:00,1535,1535,1535,1535,0
2022-12-05 11:48:00,1535,1535,1535,1535,0
2022-12-05 11:49:00,1535,1535,1535,1535,0
2022-12-05 11:50:00,1535,1535,1535,1535,0
2022-12-05 11:51:00,1535,1535,1535,1535,0
2022-12-05 11:52:00,1535,1535,1535,1535,0
2022-12-05 11:53:00,1535,1535,1535,1535,0
2022-12-05 11:54:00,1535,1535,1535,1535,0
2022-12-05 11:55:00,1535,1535,1535,1535,0
2022-12-05 11:56:00,1535,1535,1535,1535,0
2022-12-05 11:57:00,1535,1535,1535,1535,0
2022-12-05 11:58:00,1535,1535,1535,1535,0
2022-12-05 11:59:00,1535,1535,1535,1535,0
2022-12-05 12:00:00,1535,1535,1535,1535,0
2022-12-05 12:01:00,1535,1535,1535,1535,0
2022-12-05 12:02:00,1535,1535,1535,1535,0
2022-12-05 12:03:00,1535,1535,1535,1535,0
2022-12-05 12:04:00,1535,1535,1535,1535,0
2022-12-05 12:05:00,1535,1535,1535,1535,0
2022-12-05 12:06:00,1535,1535,1535,1535,0
2022-12-05 12:07:00,1535,1535,1535,1535,0
2022-12-05 12:08:00,1535,1535,1535,1535,0
2022-12-05 12:09:00,1535,1535,1535,1535,0
2022-12-05 12:10:00,1535,1535,1535,1535,0
2022-12-05 12:11:00,1535,1535,1535,1535,0
2022-12-05 12:12:00,1535,1535,1535,1535,0
2022-12-05 12:13:00,1535,1535,1535,1535,0
2022-12-05 12:14:00,1535,1535,1535,1535,0
2022-12-05 12:15:00,1535,1535,1535,1535,0
2022-12-05 12:16:00,1535,1535,1535,1535,0
2022-12-05 12:17:00,1535,1535,1535,1535,0
2022-12-05 12:18:00,1535,1535,1535,1535,0
2022-12-05 12:19:00,1535,1535,1535,1535,0
2022-12-05 12:20:00,1535,1535,1535,1535,0
2022-12-05 12:21:00,1535,1535,1535,1535,0
2022-12-05 12:22:00,1535,1535,1535,1535,0
2022-12-05 12:23:00,1535,1535,1535,1535,0
2022-12-05 12:24:00,1535,1535,1535,1535,0
2022-12-05 12:25:00,1535,1535,1535,1535,0
2022-12-05 12:26:00,1535,1535,1535,1535,0
2022-12-05 12:27:00,1535,1535,1535,1535,0
2022-12-05 12:28:00,1535,1535,1535,1535,0
2022-12-05 12:29:00,1535,1535,1535,1535,0
2022-12-05 12:30:00,1535,1535,1535,1535,0
2022-12-05 12:31:00,1535,1535,1535,1535,0
2022-12-05 12:32:00,1535,1535,1535,1535,0
2022-12-05 12:33:00,1535,1535,1535,1535,0
2022-12-05 12:34:00,1535,1535,1535,1535,0
2022-12-05 12:35:00,1535,1535,1535,1535,0
2022-12-05 12:36:00,1535,1535,1535,1535,0
2022-12-05 12:37:00,1535,1535,1535,1535,0
2022-12-05 12:38:00,1535,1535,1535,1535,0
2022-12-05 12:39:00,1535,1535,1535,1535,0
2022-12-05 12:40:00,1535,1535,1535,1535,0
2022-12-05 12:41:00,1535,1535,1535,1535,0
2022-12-05 12:42:00,1535,1535,1535,1535,0
2022-12-05 12:43:00,1535,1535,1535,1535,0
2022-12-05 12:44:00,1535,1535,1535,1535,0
2022-12-05 12:45:00,1535,1535,1535,1535,0
2022-12-05 12:46:00,1535,1535,1535,1535,0
2022-12-05 12:47:00,1535,1535,1535,1535,0
2022-12-05 12:48:00,1535,1535,1535,1535,0
2022-12-05 12:49:00,1535,1535,1535,1535,0
2022-12-05 12:50:00,1535,1535,1535,1535,0
2022-12-05 12:51:00,1535,1535,1535,1535,0
2022-12-05 12:52:00,1535,1535,1535,1535,0
2022-12-05 12:53:00,1535,1535,1535,1535,0
2022-12-05 12:54:00,1535,1535,1535,1535,0
2022-12-05 12:55:00,1535,1535,1535,1535,0
2022-12-05 12:56:00,1535,1535,1535,1535,0
2022-12-05 12:57:00,1535,1535,1535,1535,0
2022-12-05 12:58:00,1535,1535,1535,1535,0
2022-12-05 12:59:00,1535,1535,1535,1535,0
2022-12-05 13:00:00,1535,1535,1535,1535,0
2022-12-05 13:01:00,1535,1535,1535,1535,0
2022-12-05 13:02:00,1535,1535,1535,1535,0
2022-12-05 13:03:00,1535,1535,1535,1535,0
2022-12-05 13:04:00,1535,1535,1535,1535,0
2022-12-05 13:05:00,1535,1535,1535,1535,0
2022-12-05 13:06:00,1535,1535,1535,1535,0
2022-12-05 13:07:00,1535,1535,1535,1535,0
2022-12-05 13:08:00,1535,1535,1535,1535,0
2022-12-05 13:09:00,1535,1535,1535,1535,0
2022-12-05 13:10:00,1535,1535,1535,1535,0
2022-12-05 13:11:00,1535,1535,1535,1535,0
2022-12-05 13:12:00,1535,1535,1535,1535,0
2022-12-05 13:13:00,1535,1535,1535,1535,0
2022-12-05 13:14:00,1535,1535,1535,1535,0
2022-12-05 13:15:00,1535,1535,1535,1535,0
2022-12-05 13:16:00,1535,1535,1535,1535,0
2022-12-05 13:17:00,1535,1535,1535,1535,0
2022-12-05 13:18:00,1535,1535,1535,1535,0
2022-12-05 13:19:00,1535,1535,1535,1535,0
2022-12-05 13:20:00,1535,1535,1535,1535,0
2022-12-05 13:21:00,1535,1535,1535,1535,0
2022-12-05 13:22:00,1535,1535,1535,1535,0
2022-12-05 13:23:00,1535,1535,1535,1535,0
2022-12-05 13:24:00,1535,1535,1535,1535,0
2022-12-05 13:25:00,1535,1535,1535,1535,0
2022-12-05 13:26:00,1535,1535,1535,1535,0
2022-12-05 13:27:00,1535,1535,1535,1535,0
2022-12-05 13:28:00,1535,1535,1535,1535,0
2022-12-05 13:29:00,1535,1535,1535,1535,0
2022-12-05 13:30:00,1535,1535,1535,1535,0
2022-12-05 13:31:00,1535,1535,1535,1535,0
2022-12-05 13:32:00,1535,1535,1535,1535,0
2022-12-05 13:33:00,1535,1535,1535,1535,0
2022-12-05 13:34:00,1535,1535,1535,1535,0
2022-12-05 13:35:00,1535,1535,1535,1535,0
2022-12-05 13:36:00,1535,1535,1535,1535,0
2022-12-05 13:37:00,1535,1535,1535,1535,0
2022-12-05 13:38:00,1535,1535,1535,1535,0
2022-12-05 13:39:00,1535,1535,1535,1535,0
2022-12-05 13:40:00,1535,1535,1535,1535,0
2022-12-05 13:41:00,1535,1535,1535,1535,0
2022-12-05 13:42:00,1535,1535,1535,1535,0
2022-12-05 13:43:00,1535,1535,1535,1535,0
2022-12-05 13:44:00,1535,1535,1535,1535,0
2022-12-05 13:45:00,1535,1535,1535,1535,0
2022-12-05 13:46:00,1535,1535,1535,1535,0
2022-12-05 13:47:00,1535,1535,1535,1535,0
2022-12-05 13:48:00,1535,1535,1535,1535,0
2022-12-05 13:49:00,1535,1535,1535,1535,0
2022-12-05 13:50:00,1535,1535,1535,1535,0
2022-12-05 13:51:00,1535,1535,1535,1535,0
2022-12-05 13:52:00,1535,1535,1535,1535,0
2022-12-05 13:53:00,1535,1535,1535,1535,0
2022-12-05 13:54:00,1535,1535,1535,1535,0
2022-12-05 13:55:00,1535,1535,1535,1535,0
2022-12-05 13:56:00,1535,1535,1535,1535,0
2022-12-05 13:57:00,1535,1535,1535,1535,0
2022-12-05 13:58:00,1535,1535,1535,1535,0
2022-12-05 13:59:00,1535,1535,1535,1535,0
2022-12-05 14:00:00,1535,1535,1535,1535,0
2022-12-05 14:01:00,1535,1535,1535,1535,0
2022-12-05 14:02:00,1535,1535,1535,1535,0
2022-12-05 14:03:00,1535,1535,1535,1535,0
2022-12-05 14:04:00,1535,1535,1535,1535,0
2022-12-05 14:05:00,1535,1535,1535,1535,0
2022-12-05 14:06:00,1535,1535,1535,1535,0
2022-12-05 14:07:00,1535,1535,1535,1535,0
2022-12-05 14:08:00,1535,1535,1535,1535,0
2022-12-05 14:09:00,1535,1535,1535,1535,0
2022-12-05 14:10:00,1535,1535,1535,1535,0
2022-12-05 14:11:00,1535,1535,1535,1535,0
2022-12-05 14:12:00,1535,1535,1535,1535,0
2022-12-05 14:13:00,1535,1535,1535,1535,0
2022-12-05 14:14:00,1535,1535,1535,1535,0
2022-12-05 14:15:00,1535,1535,1535,1535,0
2022-12-05 14:16:00,1535,1535,1535,1535,0
2022-12-05 14:17:00,1535,1535,1535,1535,0
2022-12-05 14:18:00,1535,1535,1535,1535,0
2022-12-05 14:19:00,1535,1535,1535,1535,0
2022-12-05 14:20:00,1535,1535,1535,1535,0
2022-12-05 14:21:00,1535,1535,1535,1535,0
2022-12-05 14:22:00,1535,1535,1535,1535,0
2022-12-05 14:23:00,1535,1535,1535,1535,0
2022-12-05 14:24:00,1535,1535,1535,1535,0
2022-12-05 14:25:00,1535,1535,1535,1535,0
2022-12-05 14:26:00,1535,1535,1535,1535,0
2022-12-05 14:27:00,1535,1535,1535,1535,0
2022-12-05 14:28:00,1535,1535,1535,1535,0
2022-12-05 14:29:00,1535,1535,1535,1535,0
2022-12-05 14:30:00,1535,1535,1535,1535,0
2022-12-05 14:31:00,1535,1535,1535,1535,0
2022-12-05 14:32:00,1535,1535,1535,1535,0
2022-12-05 14:33:00,1535,1535,1535,1535,0
2022-12-05 14:34:00,1535,1535,1535,1535,0
2022-12-05 14:35:00,1535,1535,1535,1535,0
2022-12-05 14:36:00,1535,1535,1535,1535,0
2022-12-05 14:37:00,1535,1535,1535,1535,0
2022-12-05 14:38:00,1535,1535,1535,1535,0
2022-12-05 14:39:00,1535,1535,1535,1535,0
2022-12-05 14:40:00,1535,1535,1535,1535,0
2022-12-05 14:41:00,1535,1535,1535,1535,0
2022-12-05 14:42:00,1535,1535,1535,1535,0
2022-12-05 14:43:00,1535,1535,1535,1535,0
2022-12-05 14:44:00,1535,1535,1535,1535,0
2022-12-05 14:45:00,1535,1535,1535,1535,0
2022-12-05 14:46:00,1535,1535,1535,1535,0
2022-12-05 14:47:00,1535,1535,1535,1535,0
2022-12-05 14:48:00,1535,1535,1535,1535,0
2022-12-05 14:49:00,1535,1535,1535,1535,0
2022-12-05 14:50:00,1535,1535,1535,1535,0
2022-12-05 14:51:00,1535,1535,1535,1535,0
2022-12-05 14:52:00,1535,1535,1535,1535,0
2022-12-05 14:53:00,1535,1535,1535,1535,0
2022-12-05 14:54:00,1535,1535,1535,1535,0
2022-12-05 14:55:00,1535,1535,1535,1535,0
2022-12-05 14:56:00,1535,1535,1535,1535,0
2022-12-05 14:57:00,1535,1535,1535,1535,0
2022-12-05 14:58:00,1535,1535,1535,1535,0
2022-12-05 14:59:00,1535,1535,1535,1535,0
2022-12-05 15:00:00,1535,1535,1535,1535,0
2022-12-05 15:01:00,1535,1535,1535,1535,0
2022-12-05 15:02:00,1535,1535,1535,1535,0
2022-12-05 15:03:00,1535,1535,1535,1535,0
2022-12-05 15:04:00,1535,1535,1535,1535,0
2022-12-05 15:05:00,1535,1535,1535,1535,0
2022-12-05 15:06:00,1535,1535,1535,1535,0
2022-12-05 15:07:00,1535,1535,1535,1535,0
2022-12-05 15:08:00,1535,1535,1535,1535,0
2022-12-05 15:09:00,1535,1535,1535,1535,0
2022-12-05 15:10:00,1535,1535,1535,1535,0
2022-12-05 15:11:00,1535,1535,1535,1535,0
2022-12-05 15:12:00,1535,1535,1535,1535,0
2022-12-05 15:13:00,1535,1535,1535,1535,0
2022-12-05 15:14:00,1535,1535,1535,1535,0
2022-12-05 15:15:00,1535,1535,1535,1535,0
2022-12-05 15:16:00,1535,1535,1535,1535,0
2022-12-05 15:17:00,1535,1535,1535,1535,0
2022-12-05 15:18:00,1535,1535,1535,1535,0
2022-12-05 15:19:00,1535,1535,1535,1535,0
2022-12-05 15:20:00,1535,1535,1535,1535,0
2022-12-05 15:21:00,1535,1535,1535,1535,0
2022-12-05 15:22:00,1535,1535,1535,1535,0
2022-12-05 15:23:00,1535,1535,1535,1535,0
2022-12-05 15:24:00,1535,1535,1535,1535,0
2022-12-05 15:25:00,1535,1535,1535,1535,0
2022-12-05 15:26:00,1535,1535,1535,1535,0
2022-12-05 15:27:00,1535,1535,1535,1535,0
2022-12-05 15:28:00,1535,1535,1535,1535,0
2022-12-05 15:29:00,1535,1535,1535,1535,0
2022-12-05 15:30:00,1535,1535,1535,1535,0
2022-12-05 15:31:00,1535,1535,1535,1535,0
2022-12-05 15:32:00,1535,1535,1535,1535,0
2022-12-05 15:33:00,1535,1535,1535,1535,0
2022-12-05 15:34:00,1535,1535,1535,1535,0
2022-12-05 15:35:00,1535,1535,1535,1535,0
2022-12-05 15:36:00,1535,1535,1535,1535,0
2022-12-05 15:37:00,1535,1535,1535,1535,0
2022-12-05 15:38:00,1535,1535,1535,1535,0
2022-12-05 15:39:00,1535,1535,1535,1535,0
2022-12-05 15:40:00,1535,1535,1535,1535,0
2022-12-05 15:41:00,1535,1535,1535,1535,0
2022-12-05 15:42:00,1535,1535,1535,1535,0
2022-12-05 15:43:00,1535,1535,1535,1535,0
2022-12-05 15:44:00,1535,1535,1535,1535,0
2022-12-05 15:45:00,1535,1535,1535,1535,0
2022-12-05 15:46:00,1535,1535,1535,1535,0
2022-12-05 15:47:00,1535,1535,1535,1535,0
2022-12-05 15:48:00,1535,1535,1535,1535,0
2022-12-05 15:49:00,1535,1535,1535,1535,0
2022-12-05 15:50:00,1535,1535,1535,1535,0
2022-12-05 15:51:00,1535,1535,1535,1535,0
2022-12-05 15:52:00,1535,1535,1535,1535,0
2022-12-05 15:53:00,1535,1535,1535,1535,0
2022-12-05 15:54:00,1535,1535,1535,1535,0
2022-12-05 15:55:00,1535,1535,1535,1535,0
2022-12-05 15:56:00,1535,1535,1535,1535,0
2022-12-05 15:57:00,1535,1535,1535,1535,0
2022-12-05 15:58:00,1535,1535,1535,1535,0
2022-12-05 15:59:00,1535,1535,1535,1535,0
2022-12-06 09:00:00,1535,1535,1535,1535,0
2022-12-06 09:01:00,1535,1535,1535,1535,0
2022-12-06 09:02:00,1535,1535,1535,1535,0
2022-12-06 09:03:00,1535,1535,1535,1535,0
2022-12-06 09:04:00,1535,1535,1535,1535,0
2022-12-06 09:05:00,1535,1535,1535,1535,0
2022-12-06 09:06:00,1535,1535,1535,1535,0
2022-12-06 09:07:00,1535,1535,1535,1535,0
2022-12-06 09:08:00,1535,1535,1535,1535,0
2022-12-06 09:09:00,1535,1535,1535,1535,0
2022-12-06 09:10:00,1535,1535,1535,1535,0
2022-12-06 09:11:00,1535,1535,1535,1535,0
2022-12-06 09:12:00,1535,1535,1535,1535,0
2022-12-06 09:13:00,1535,1535,1535,1535,0
2022-12-06 09:14:00,1535,1535,1535,1535,0
2022-12-06 09:15:00,1535,1535,1535,1535,0
2022-12-06 09:16:00,1535,1535,1535,1535,0
2022-12-06 09:17:00,1535,1535,1535,1535,0
2022-12-06 09:18:00,1535,1535,1535,1535,0
2022-12-06 09:19:00,1535,1535,1535,1535,0
2022-12-06 09:20:00,1535,1535,1535,1535,0
2022-12-06 09:21:00,1535,1535,1535,1535,0
2022-12-06 09:22:00,1535,1535,1535,1535,0
2022-12-06 09:23:00,1535,1535,1535,1535,0
2022-12-06 09:24:00,1535,1535,1535,1535,0
2022-12-06 09:25:00,1535,1535,1535,1535,0
2022-12-06 09:26:00,1535,1535,1535,1535,0
2022-12-06 09:27:00,1535,1535,1535,1535,0
2022-12-06 09:28:00,1535,1535,1535,1535,0
2022-12-06 09:29:00,1535,1535,1535,1535,0
2022-12-06 09:30:00,1535,1535,1535,1535,0
2022-12-06 09:31:00,1535,1535,1535,1535,0
2022-12-06 09:32:00,1535,1535,1535,1535,0
2022-12-06 09:33:00,1535,1535,1535,1535,0
2022-12-06 09:34:00,1535,1535,1535,1535,0
2022-12-06 09:35:00,1535,1535,1535,1535,0
2022-12-06 09:36:00,1535,1535,1535,1535,0
2022-12-06 09:37:00,1535,1535,1535,1535,0
2022-12-06 09:38:00,1535,1535,1535,1535,0
2022-12-06 09:39:00,1535,1535,1535,1535,0
2022-12-06 09:40:00,1535,1535,1535,1535,0
2022-12-06 09:41:00,1535,1535,1535,1535,0
2022-12-06 09:42:00,1535,1535,1535,1535,0
2022-12-06 09:43:00,1535,1535,1535,1535,0
2022-12-06 09:44:00,1535,1535,1535,1535,0
2022-12-06 09:45:00,1535,1535,1535,1535,0
2022-12-06 09:46:00,1535,1535,1535,1535,0
2022-12-06 09:47:00,1535,1535,1535,1535,0
2022-12-06 09:48:00,1535,1535,1535,1535,0
2022-12-06 09:49:00,1535,1535,1535,1535,0
2022-12-06 09:50:00,1535,1535,1535,1535,0
2022-12-06 09:51:00,1535,1535,1535,1535,0
2022-12-06 09:52:00,1535,1535,1535,1535,0
2022-12-06 09:53:00,1535,1535,1535,1535,0
2022-12-06 09:54:00,1535,1535,1535,1535,0
2022-12-06 09:55:00,1535,1535,1535,1535,0
2022-12-06 09:56:00,1535,1535,1535,1535,0
2022-12-06 09:57:00,1535,1535,1535,1535,0
2022-12-06 09:58:00,1535,1535,1535,1535,0
2022-12-06 09:59:00,1535,1535,1535,1535,0
2022-12-06 10:00:00,1535,1535,1535,1535,0
2022-12-06 10:01:00,1535,1535,1535,1535,0
2022-12-06 10:02:00,1535,1535,1535,1535,0
2022-12-06 10:03:00,1535,1535,1535,1535,0
2022-12-06 10:04:00,1535,1535,1535,1535,0
2022-12-06 10:05:00,1535,1535,1535,1535,0
2022-12-06 10:06:00,1535,1535,1535,1535,0
2022-12-06 10:07:00,1535,1535,1535,1535,0
2022-12-06 10:08:00,1535,1535,1535,1535,0
2022-12-06 10:09:00,1535,1535,1535,1535,0
2022-12-06 10:10:00,1535,1535,1535,1535,0
2022-12-06 10:11:00,1535,1535,1535,1535,0
2022-12-06 10:12:00,1535,1535,1535,1535,0
2022-12-06 10:13:00,1535,1535,1535,1535,0
2022-12-06 10:14:00,1535,1535,1535,1535,0
2022-12-06 10:15:00,1535,1535,1535,1535,0
2022-12-06 10:16:00,1535,1535,1535,1535,0
2022-12-06 10:17:00,1535,1535,1535,1535,0
2022-12-06 10:18:00,1535,1535,1535,1535,0
2022-12-06 10:19:00,1535,1535,1535,1535,0
2022-12-06 10:20:00,1535,1535,1535,1535,0
2022-12-06 10:21:00,1535,1535,1535,1535,0
2022-12-06 10:22:00,1535,1535,1535,1535,0
2022-12-06 10:23:00,1535,1535,1535,1535,0
2022-12-06 10:24:00,1535,1535,1535,1535,0
2022-12-06 10:25:00,1535,1535,1535,1535,0
2022-12-06 10:26:00,1535,1535,1535,1535,0
2022-12-06 10:27:00,1535,1535,1535,1535,0
2022-12-06 10:28:00,1535,1535,1535,1535,0
2022-12-06 10:29:00,1535,1535,1535,1535,0
2022-12-06 10:30:00,1535,1535,1535,1535,0
2022-12-06 10:31:00,1535,1535,1535,1535,0
2022-12-06 10:32:00,1535,1535,1535,1535,0
2022-12-06 10:33:00,1535,1535,1535,1535,0
2022-12-06 10:34:00,1535,1535,1535,1535,0
2022-12-06 10:35:00,1535,1535,1535,1535,0
2022-12-06 10:36:00,1535,1535,1535,1535,0
2022-12-06 10:37:00,1535,1535,1535,1535,0
2022-12-06 10:38:00,1535,1535,1535,1535,0
2022-12-06 10:39:00,1535,1535,1535,1535,0
2022-12-06 10:40:00,1535,1535,1535,1535,0
2022-12-06 10:41:00,1535,1535,1535,1535,0
2022-12-06 10:42:00,1535,1535,1535,1535,0
2022-12-06 10:43:00,1535,1535,1535,1535,0
2022-12-06 10:44:00,1535,1535,1535,1535,0
2022-12-06 10:45:00,1535,1535,1535,1535,0
2022-12-06 10:46:00,1535,1535,1535,1535,0
2022-12-06 10:47:00,1535,1535,1535,1535,0
2022-12-06 10:48:00,1535,1535,1535,1535,0
2022-12-06 10:49:00,1535,1535,1535,1535,0
2022-12-06 10:50:00,1535,1535,1535,1535,0
2022-12-06 10:51:00,1535,1535,1535,1535,0
2022-12-06 10:52:00,1535,1535,1535,1535,0
2022-12-06 10:53:00,1535,1535,1535,1535,0
2022-12-06 10:54:00,1535,1535,1535,1535,0
2022-12-06 10:55:00,1535,1535,1535,1535,0
2022-12-06 10:56:00,1535,1535,1535,1535,0
2022-12-06 10:57:00,1535,1535,1535,1535,0
2022-12-06 10:58:00,1535,1535,1535,1535,0
2022-12-06 10:59:00,1535,1535,1535,1535,0
2022-12-06 11:00:00,1535,1535,1535,1535,0
2022-12-06 11:01:00,1535,1535,1535,1535,0
2022-12-06 11:02:00,1535,1535,1535,1535,0
2022-12-06 11:03:00,1535,1535,1535,1535,0
2022-12-06 11:04:00,1535,1535,1535,1535,0
2022-12-06 11:05:00,1535,1535,1535,1535,0
2022-12-06 11:06:00,1535,1535,1535,1535,0
2022-12-06 11:07:00,1535,1535,1535,1535,0
2022-12-06 11:08:00,1535,1535,1535,1535,0
2022-12-06 11:09:00,1535,1535,1535,1535,0
2022-12-06 11:10:00,1535,1535,1535,1535,0
2022-12-06 11:11:00,1535,1535,1535,1535,0
2022-12-06 11:12:00,1535,1535,1535,1535,0
2022-12-06 11:13:00,1535,1535,1535,1535,0
2022-12-06 11:14:00,1535,1535,1535,1535,0
2022-12-06 11:15:00,1535,1535,1535,1535,0
2022-12-06 11:16:00,1535,1535,1535,1535,0
2022-12-06 11:17:00,1535,1535,1535,1535,0
2022-12-06 11:18:00,1535,1535,1535,1535,0
2022-12-06 11:19:00,1535,1535,1535,1535,0
2022-12-06 11:20:00,1535,1535,1535,1535,0
2022-12-06 11:21:00,1535,1535,1535,1535,0
2022-12-06 11:22:00,1535,1535,1535,1535,0
2022-12-06 11:23:00,1535,1535,1535,1535,0
2022-12-06 11:24:00,1535,1535,1535,1535,0
2022-12-06 11:25:00,1535,1535,1535,1535,0
2022-12-06 11:26:00,1535,1535,1535,1535,0
2022-12-06 11:27:00,1535,1535,1535,1535,0
2022-12-06 11:28:00,1535,1535,1535,1535,0
2022-12-06 11:29:00,1535,1535,1535,1535,0
2022-12-06 11:30:00,1535,1535,1535,1535,0
2022-12-06 11:31:00,1535,1535,1535,1535,0
2022-12-06 11:32:00,1535,1535,1535,1535,0
2022-12-06 11:33:00,1535,1535,1535,1535,0
2022-12-06 11:34:00,1535,1535,1535,1535,0
2022-12-06 11:35:00,1535,1535,1535,1535,0
2022-12-06 11:36:00,1535,1535,1535,1535,0
2022-12-06 11:37:00,1535,1535,1535,1535,0
2022-12-06 11:38:00,1535,1535,1535,1535,0
2022-12-06 11:39:00,1535,1535,1535,1535,0
2022-12-06 11:40:00,1535,1535,1535,1535,0
2022-12-06 11:41:00,1535,1535,1535,1535,0
2022-12-06 11:42:00,1535,1535,1535,1535,0
2022-12-06 11:43:00,1535,1535,1535,1535,0
2022-12-06 11:44:00,1535,1535,1535,1535,0
2022-12-06 11:45:00,1535,1535,1535,1535,0
2022-12-06 11:46:00,1535,1535,1535,1535,0
2022-12-06 11:47:00,1535,1535,1535,1535,0
2022-12-06 11:48:00,1535,1535,1535,1535,0
2022-12-06 11:49:00,1535,1535,1535,1535,0
2022-12-06 11:50:00,1535,1535,1535,1535,0
2022-12-06 11:51:00,1535,1535,1535,1535,0
2022-12-06 11:52:00,1535,1535,1535,1535,0
2022-12-06 11:53:00,1535,1535,1535,1535,0
2022-12-06 11:54:00,1535,1535,1535,1535,0
2022-12-06 11:55:00,1535,1535,1535,1535,0
2022-12-06 11:56:00,1535,1535,1535,1535,0
2022-12-06 11:57:00,1535,1535,1535,1535,0
2022-12-06 11:58:00,1535,1535,1535,1535,0
2022-12-06 11:59:00,1535,1535,1535,1535,0
2022-12-06 12:00:00,1535,1535,1535,1535,0
2022-12-06 12:01:00,1535,1535,1535,1535,0
2022-12-06 12:02:00,1535,1535,1535,1535,0
2022-12-06 12:03:00,1535,1535,1535,1535,0
2022-12-06 12:04:00,1535,1535,1535,1535,0
2022-12-06 12:05:00,1535,1535,1535,1535,0
2022-12-06 12:06:00,1535,1535,1535,1535,0
2022-12-06 12:07:00,1535,1535,1535,1535,0
2022-12-06 12:08:00,1535,1535,1535,1535,0
2022-12-06 12:09:00,1535,1535,1535,1535,0
2022-12-06 12:10:00,1535,1535,1535,1535,0
2022-12-06 12:11:00,1535,1535,1535,1535,0
2022-12-06 12:12:00,1535,1535,1535,1535,0
2022-12-06 12:13:00,1535,1535,1535,1535,0
2022-12-06 12:14:00,1535,1535,1535,1535,0
2022-12-06 12:15:00,1535,1535,1535,1535,0
2022-12-06 12:16:00,1535,1535,1535,1535,0
2022-12-06 12:17:00,1535,1535,1535,1535,0
2022-12-06 12:18:00,1535,1535,1535,1535,0
2022-12-06 12:19:00,1535,1535,1535,1535,0
2022-12-06 12:20:00,1535,1535,1535,1535,0
2022-12-06 12:21:00,1535,1535,1535,1535,0
2022-12-06 12:22:00,1535,1535,1535,1535,0
2022-12-06 12:23:00,1535,1535,1535,1535,0
2022-12-06 12:24:00,1535,1535,1535,1535,0
2022-12-06 12:25:00,1535,1535,1535,1535,0
2022-12-06 12:26:00,1535,1535,1535,1535,0
2022-12-06 12:27:00,1535,1535,1535,1535,0
2022-12-06 12:28:00,1535,1535,1535,1535,0
2022-12-06 12:29:00,1535,1535,1535,1535,0
2022-12-06 12:30:00,1535,1535,1535,1535,0
2022-12-06 12:31:00,1535,1535,1535,1535,0
2022-12-06 12:32:00,1535,1535,1535,1535,0
2022-12-06 12:33:00,1535,1535,1535,1535,0
2022-12-06 12:34:00,1535,1535,1535,1535,0
2022-12-06 12:35:00,1535,1535,1535,1535,0
2022-12-06 12:36:00,1535,1535,1535,1535,0
2022-12-06 12:37:00,1535,1535,1535,1535,0
2022-12-06 12:38:00,1535,1535,1535,1535,0
2022-12-06 12:39:00,1535,1535,1535,1535,0
2022-12-06 12:40:00,1535,1535,1535,1535,0
2022-12-06 12:41:00,1535,1535,1535,1535,0
2022-12-06 12:42:00,1535,1535,1535,1535,0
2022-12-06 12:43:00,1535,1535,1535,1535,0
2022-12-06 12:44:00,1535,1535,1535,1535,0
2022-12-06 12:45:00,1535,1535,1535,1535,0
2022-12-06 12:46:00,1535,1535,1535,1535,0
2022-12-06 12:47:00,1535,1535,1535,1535,0
2022-12-06 12:48:00,1535,1535,1535,1535,0
2022-12-06 12:49:00,1535,1535,1535,1535,0
2022-12-06 12:50:00,1535,1535,1535,1535,0
2022-12-06 12:51:00,1535,1535,1535,1535,0
2022-12-06 12:52:00,1535,1535,1535,1535,0
2022-12-06 12:53:00,1535,1535,1535,1535,0
2022-12-06 12:54:00,1535,1535,1535,1535,0
2022-12-06 12:55:00,1535,1535,1535,1535,0
2022-12-06 12:56:00,1535,1535,1535,1535,0
2022-12-06 12:57:00,1535,1535,1535,1535,0
2022-12-06 12:58:00,1535,1535,1535,1535,0
2022-12-06 12:59:00,1535,1535,1535,1535,0
2022-12-06 13:00:00,1535,1535,1535,1535,0
2022-12-06 13:01:00,1535,1535,1535,1535,0
2022-12-06 13:02:00,1535,1535,1535,1535,0
2022-12-06 13:03:00,1535,1535,1535,1535,0
2022-12-06 13:04:00,1535,1535,1535,1535,0
2022-12-06 13:05:00,1535,1535,1535,1535,0
2022-12-06 13:06:00,1535,1535,1535,1535,0
2022-12-06 13:07:00,1535,1535,1535,1535,0
2022-12-06 13:08:00,1535,1535,1535,1535,0
2022-12-06 13:09:00,1535,1535,1535,1535,0
2022-12-06 13:10:00,1535,1535,1535,1535,0
2022-12-06 13:11:00,1535,1535,1535,1535,0
2022-12-06 13:12:00,1535,1535,1535,1535,0
2022-12-06 13:13:00,1535,1535,1535,1535,0
2022-12-06 13:14:00,1535,1535,1535,1535,0
2022-12-06 13:15:00,1535,1535,1535,1535,0
2022-12-06 13:16:00,1535,1535,1535,1535,0
2022-12-06 13:17:00,1535,1535,1535,1535,0
2022-12-06 13:18:00,1535,1535,1535,1535,0
2022-12-06 13:19:00,1535,1535,1535,1535,0
2022-12-06 13:20:00,1535,1535,1535,1535,0
2022-12-06 13:21:00,1535,1535,1535,1535,0
2022-12-06 13:22:00,1535,1535,1535,1535,0
2022-12-06 13:23:00,1535,1535,1535,1535,0
2022-12-06 13:24:00,1535,1535,1535,1535,0
2022-12-06 13:25:00,1535,1535,1535,1535,0
2022-12-06 13:26:00,1535,1535,1535,1535,0
2022-12-06 13:27:00,1535,1535,1535,1535,0
2022-12-06 13:28:00,1535,1535,1535,1535,0
2022-12-06 13:29:00,1535,1535,1535,1535,0
2022-12-06 13:30:00,1535,1535,1535,1535,0
2022-12-06 13:31:00,1535,1535,1535,1535,0
2022-12-06 13:32:00,1535,1535,1535,1535,0
2022-12-06 13:33:00,1535,1535,1535,1535,0
2022-12-06 13:34:00,1535,1535,1535,1535,0
2022-12-06 13:35:00,1535,1535,1535,1535,0
2022-12-06 13:36:00,1535,1535,1535,1535,0
2022-12-06 13:37:00,1535,1535,1535,1535,0
2022-12-06 13:38:00,1535,1535,1535,1535,0
2022-12-06 13:39:00,1535,1535,1535,1535,0
2022-12-06 13:40:00,1535,1535,1535,1535,0
2022-12-06 13:41:00,1535,1535,1535,1535,0
2022-12-06 13:42:00,1535,1535,1535,1535,0
2022-12-06 13:43:00,1535,1535,1535,1535,0
2022-12-06 13:44:00,1535,1535,1535,1535,0
2022-12-06 13:45:00,1535,1535,1535,1535,0
2022-12-06 13:46:00,1535,1535,1535,1535,0
2022-12-06 13:47:00,1535,1535,1535,1535,0
2022-12-06 13:48:00,1535,1535,1535,1535,0
2022-12-06 13:49:00,1535,1535,1535,1535,0
2022-12-06 13:50:00,1535,1535,1535,1535,0
2022-12-06 13:51:00,1535,1535,1535,1535,0
2022-12-06 13:52:00,1535,1535,1535,1535,0
2022-12-06 13:53:00,1535,1535,1535,1535,0
2022-12-06 13:54:00,1535,1535,1535,1535,0
2022-12-06 13:55:00,1535,1535,1535,1535,0
2022-12-06 13:56:00,1535,1535,1535,1535,0
2022-12-06 13:57:00,1535,1535,1535,1535,0
2022-12-06 13:58:00,1535,1535,1535,1535,0
2022-12-06 13:59:00,1535,1535,1535,1535,0
2022-12-06 14:00:00,1535,1535,1535,1535,0
2022-12-06 14:01:00,1535,1535,1535,1535,0
2022-12-06 14:02:00,1535,1535,1535,1535,0
2022-12-06 14:03:00,1535,1535,1535,1535,0
2022-12-06 14:04:00,1535,1535,1535,1535,0
2022-12-06 14:05:00,1535,1535,1535,1535,0
2022-12-06 14:06:00,1535,1535,1535,1535,0
2022-12-06 14:07:00,1535,1535,1535,1535,0
2022-12-06 14:08:00,1535,1535,1535,1535,0
2022-12-06 14:09:00,1535,1535,1535,1535,0
2022-12-06 14:10:00,1535,1535,1535,1535,0
2022-12-06 14:11:00,1535,1535,1535,1535,0
2022-12-06 14:12:00,1535,1535,1535,1535,0
2022-12-06 14:13:00,1535,1535,1535,1535,0
2022-12-06 14:14:00,1535,1535,1535,1535,0
2022-12-06 14:15:00,1535,1535,1535,1535,0
2022-12-06 14:16:00,1535,1535,1535,1535,0
2022-12-06 14:17:00,1535,1535,1535,1535,0
2022-12-06 14:18:00,1535,1535,1535,1535,0
2022-12-06 14:19:00,1535,1535,1535,1535,0
2022-12-06 14:20:00,1535,1535,1535,1535,0
2022-12-06 14:21:00,1535,1535,1535,1535,0
2022-12-06 14:22:00,1535,1535,1535,1535,0
2022-12-06 14:23:00,1535,1535,1535,1535,0
2022-12-06 14:24:00,1535,1535,1535,1535,0
2022-12-06 14:25:00,1535,1535,1535,1535,0
2022-12-06 14:26:00,1535,1535,1535,1535,0
2022-12-06 14:27:00,1535,1535,1535,1535,0
2022-12-06 14:28:00,1535,1535,1535,1535,0
2022-12-06 14:29:00,1535,1535,1535,1535,0
2022-12-06 14:30:00,1535,1535,1535,1535,0
2022-12-06 14:31:00,1535,1535,1535,1535,0
2022-12-06 14:32:00,1535,1535,1535,1535,0
2022-12-06 14:33:00,1535,1535,1535,1535,0
2022-12-06 14:34:00,1535,1535,1535,1535,0
2022-12-06 14:35:00,1535,1535,1535,1535,0
2022-12-06 14:36:00,1535,1535,1535,1535,0
2022-12-06 14:37:00,1535,1535,1535,1535,0
2022-12-06 14:38:00,1535,1535,1535,1535,0
2022-12-06 14:39:00,1535,1535,1535,1535,0
2022-12-06 14:40:00,1535,1535,1535,1535,0
2022-12-06 14:41:00,1535,1535,1535,1535,0
2022-12-06 14:42:00,1535,1535,1535,1535,0
2022-12-06 14:43:00,1535,1535,1535,1535,0
2022-12-06 14:44:00,1535,1535,1535,1535,0
2022-12-06 14:45:00,1535,1535,1535,1535,0
2022-12-06 14:46:00,1535,1535,1535,1535,0
2022-12-06 14:47:00,1535,1535,1535,1535,0
2022-12-06 14:48:00,1535,1535,1535,1535,0
2022-12-06 14:49:00,1535,1535,1535,1535,0
2022-12-06 14:50:00,1535,1535,1535,1535,0
2022-12-06 14:51:00,1535,1535,1535,1535,0
2022-12-06 14:52:00,1535,1535,1535,1535,0
2022-12-06 14:53:00,1535,1535,1535,1535,0
2022-12-06 14:54:00,1535,1535,1535,1535,0
2022-12-06 14:55:00,1535,1535,1535,1535,0
2022-12-06 14:56:00,1535,1535,1535,1535,0
2022-12-06 14:57:00,1535,1535,1535,1535,0
2022-12-06 14:58:00,1535,1535,1535,1535,0
2022-12-06 14:59:00,1535,1535,1535,1535,0
2022-12-06 15:00:00,1535,1535,1535,1535,0
2022-12-06 15:01:00,1535,1535,1535,1535,0
2022-12-06 15:02:00,1535,1535,1535,1535,0
2022-12-06 15:03:00,1535,1535,1535,1535,0
2022-12-06 15:04:00,1535,1535,1535,1535,0
2022-12-06 15:05:00,1535,1535,1535,1535,0
2022-12-06 15:06:00,1535,1535,1535,1535,0
2022-12-06 15:07:00,1535,1535,1535,1535,0
2022-12-06 15:08:00,1535,1535,1535,1535,0
2022-12-06 15:09:00,1535,1535,1535,1535,0
2022-12-06 15:10:00,1535,1535,1535,1535,0
2022-12-06 15:11:00,1535,1535,1535,1535,0
2022-12-06 15:12:00,1535,1535,1535,1535,0
2022-12-06 15:13:00,1535,1535,1535,1535,0
2022-12-06 15:14:00,1535,1535,1535,1535,0
2022-12-06 15:15:00,1535,1535,1535,1535,0
2022-12-06 15:16:00,1535,1535,1535,1535,0
2022-12-06 15:17:00,1535,1535,1535,1535,0
2022-12-06 15:18:00,1535,1535,1535,1535,0
2022-12-06 15:19:00,1535,1535,1535,1535,0
2022-12-06 15:20:00,1535,1535,1535,1535,0
2022-12-06 15:21:00,1535,1535,1535,1535,0
2022-12-06 15:22:00,1535,1535,1535,1535,0
2022-12-06 15:23:00,1535,1535,1535,1535,0
2022-12-06 15:24:00,1535,1535,1535,1535,0
2022-12-06 15:25:00,1535,1535,1535,1535,0
2022-12-06 15:26:00,1535,1535,1535,1535,0
2022-12-06 15:27:00,1535,1535,1535,1535,0
2022-12-06 15:28:00,1535,1535,1535,1535,0
2022-12-06 15:29:00,1535,1535,1535,1535,0
2022-12-06 15:30:00,1535,1535,1535,1535,0
2022-12-06 15:31:00,1535,1535,1535,1535,0
2022-12-06 15:32:00,1535,1535,1535,1535,0
2022-12-06 15:33:00,1535,1535,1535,1535,0
2022-12-06 15:34:00,1535,1535,1535,1535,0
2022-12-06 15:35:00,1535,1535,1535,1535,0
2022-12-06 15:36:00,1535,1535,1535,1535,0
2022-12-06 15:37:00,1535,1535,1535,1535,0
2022-12-06 15:38:00,1535,1535,1535,1535,0
2022-12-06 15:39:00,1535,1535,1535,1535,0
2022-12-06 15:40:00,1535,1535,1535,1535,0
2022-12-06 15:41:00,1535,1535,1535,1535,0
2022-12-06 15:42:00,1535,1535,1535,1535,0
2022-12-06 15:43:00,1535,1535,1535,1535,0
2022-12-06 15:44:00,1535,1535,1535,1535,0
2022-12-06 15:45:00,1535,1535,1535,1535,0
2022-12-06 15:46:00,1535,1535,1535,1535,0
2022-12-06 15:47:00,1535,1535,1535,1535,0
2022-12-06 15:48:00,1535,1535,1535,1535,0
2022-12-06 15:49:00,1535,1535,1535,1535,0
2022-12-06 15:50:00,1535,1535,1535,1535,0
2022-12-06 15:51:00,1535,1535,1535,1535,0
2022-12-06 15:52:00,1535,1535,1535,1535,0
2022-12-06 15:53:00,1535,1535,1535,1535,0
2022-12-06 15:54:00,1535,1535,1535,1535,0
2022-12-06 15:55:00,1535,1535,1535,1535,0
2022-12-06 15:56:00,1535,1535,1535,1535,0
2022-12-06 15:57:00,1535,1535,1535,1535,0
2022-12-06 15:58:00,1535,1535,1535,1535,0
2022-12-06 15:59:00,1535,1535,1535,1535,0
2022-12-07 09:00:00,1535,1535,1535,1535,0
2022-12-07 09:01:00,1535,1535,1535,1535,0
2022-12-07 09:02:00,1535,1535,1535,1535,0
2022-12-07 09:03:00,1535,1535,1535,1535,0
2022-12-07 09:04:00,1535,1535,1535,1535,0
2022-12-07 09:05:00,1535,1535,1535,1535,0
2022-12-07 09:06:00,1535,1535,1535,1535,0
2022-12-07 09:07:00,1535,1535,1535,1535,0
2022-12-07 09:08:00,1535,1535,1535,1535,0
2022-12-07 09:09:00,1535,1535,1535,1535,0
2022-12-07 09:10:00,1535,1535,1535,1535,0
2022-12-07 09:11:00,1535,1535,1535,1535,0
2022-12-07 09:12:00,1535,1535,1535,1535,0
2022-12-07 09:13:00,1535,1535,1535,1535,0
2022-12-07 09:14:00,1535,1535,1535,1535,0
2022-12-07 09:15:00,1535,1535,1535,1535,0
2022-12-07 09:16:00,1535,1535,1535,1535,0
2022-12-07 09:17:00,1535,1535,1535,1535,0
2022-12-07 09:18:00,1535,1535,1535,1535,0
2022-12-07 09:19:00,1535,1535,1535,1535,0
2022-12-07 09:20:00,1535,1535,1535,1535,0
2022-12-07 09:21:00,1535,1535,1535,1535,0
2022-12-07 09:22:00,1535,1535,1535,1535,0
2022-12-07 09:23:00,1535,1535,1535,1535,0
2022-12-07 09:24:00,1535,1535,1535,1535,0
2022-12-07 09:25:00,1535,1535,1535,1535,0
2022-12-07 09:26:00,1535,1535,1535,1535,0
2022-12-07 09:27:00,1535,1535,1535,1535,0
2022-12-07 09:28:00,1535,1535,1535,1535,0
2022-12-07 09:29:00,1535,1535,1535,1535,0
2022-12-07 09:30:00,1535,1535,1535,1535,0
2022-12-07 09:31:00,1535,1535,1535,1535,0
2022-12-07 09:32:00,1535,1535,1535,1535,0
2022-12-07 09:33:00,1535,1535,1535,1535,0
2022-12-07 09:34:00,1535,1535,1535,1535,0
2022-12-07 09:35:00,1535,1535,1535,1535,0
2022-12-07 09:36:00,1535,1535,1535,1535,0
2022-12-07 09:37:00,1535,1535,1535,1535,0
2022-12-07 09:38:00,1535,1535,1535,1535,0
2022-12-07 09:39:00,1535,1535,1535,1535,0
2022-12-07 09:40:00,1535,1535,1535,1535,0
2022-12-07 09:41:00,1535,1535,1535,1535,0
2022-12-07 09:42:00,1535,1535,1535,1535,0
2022-12-07 09:43:00,1535,1535,1535,1535,0
2022-12-07 09:44:00,1535,1535,1535,1535,0
2022-12-07 09:45:00,1535,1535,1535,1535,0
2022-12-07 09:46:00,1535,1535,1535,1535,0
2022-12-07 09:47:00,1535,1535,1535,1535,0
2022-12-07 09:48:00,1535,1535,1535,1535,0
2022-12-07 09:49:00,1535,1535,1535,1535,0
2022-12-07 09:50:00,1535,1535,1535,1535,0
2022-12-07 09:51:00,1535,1535,1535,1535,0
2022-12-07 09:52:00,1535,1535,1535,1535,0
2022-12-07 09:53:00,1535,1535,1535,1535,0
2022-12-07 09:54:00,1535,1535,1535,1535,0
2022-12-07 09:55:00,1535,1535,1535,1535,0
2022-12-07 09:56:00,1535,1535,1535,1535,0
2022-12-07 09:57:00,1535,1535,1535,1535,0
2022-12-07 09:58:00,1535,1535,1535,1535,0
2022-12-07 09:59:00,1535,1535,1535,1535,0
2022-12-07 10:00:00,1535,1535,1535,1535,0
2022-12-07 10:01:00,1535,1535,1535,1535,0
2022-12-07 10:02:00,1535,1535,1535,1535,0
2022-12-07 10:03:00,1535,1535,1535,1535,0
2022-12-07 10:04:00,1535,1535,1535,1535,0
2022-12-07 10:05:00,1535,1535,1535,1535,0
2022-12-07 10:06:00,1535,1535,1535,1535,0
2022-12-07 10:07:00,1535,1535,1535,1535,0
2022-12-07 10:08:00,1535,1535,1535,1535,0
2022-12-07 10:09:00,1535,1535,1535,1535,0
2022-12-07 10:10:00,1535,1535,1535,1535,0
2022-12-07 10:11:00,1535,1535,1535,1535,0
2022-12-07 10:12:00,1535,1535,1535,1535,0
2022-12-07 10:13:00,1535,1535,1535,1535,0
2022-12-07 10:14:00,1535,1535,1535,1535,0
2022-12-07 10:15:00,1535,1535,1535,1535,0
2022-12-07 10:16:00,1535,1535,1535,1535,0
2022-12-07 10:17:00,1535,1535,1535,1535,0
2022-12-07 10:18:00,1535,1535,1535,1535,0
2022-12-07 10:19:00,1535,1535,1535,1535,0
2022-12-07 10:20:00,1535,1535,1535,1535,0
2022-12-07 10:21:00,1535,1535,1535,1535,0
2022-12-07 10:22:00,1535,1535,1535,1535,0
2022-12-07 10:23:00,1535,1535,1535,1535,0
2022-12-07 10:24:00,1535,1535,1535,1535,0
2022-12-07 10:25:00,1535,1535,1535,1535,0
2022-12-07 10:26:00,1535,1535,1535,1535,0
2022-12-07 10:27:00,1535,1535,1535,1535,0
2022-12-07 10:28:00,1535,1535,1535,1535,0
2022-12-07 10:29:00,1535,1535,1535,1535,0
2022-12-07 10:30:00,1535,1535,1535,1535,0
2022-12-07 10:31:00,1535,1535,1535,1535,0
2022-12-07 10:32:00,1535,1535,1535,1535,0
2022-12-07 10:33:00,1535,1535,1535,1535,0
2022-12-07 10:34:00,1535,1535,1535,1535,0
2022-12-07 10:35:00,1535,1535,1535,1535,0
2022-12-07 10:36:00,1535,1535,1535,1535,0
2022-12-07 10:37:00,1535,1535,1535,1535,0
2022-12-07 10:38:00,1535,1535,1535,1535,0
2022-12-07 10:39:00,1535,1535,1535,1535,0
2022-12-07 10:40:00,1535,1535,1535,1535,0
2022-12-07 10:41:00,1535,1535,1535,1535,0
2022-12-07 10:42:00,1535,1535,1535,1535,0
2022-12-07 10:43:00,1535,1535,1535,1535,0
2022-12-07 10:44:00,1535,1535,1535,1535,0
2022-12-07 10:45:00,1535,1535,1535,1535,0
2022-12-07 10:46:00,1535,1535,1535,1535,0
2022-12-07 10:47:00,1535,1535,1535,1535,0
2022-12-07 10:48:00,1535,1535,1535,1535,0
2022-12-07 10:49:00,1535,1535,1535,1535,0
2022-12-07 10:50:00,1535,1535,1535,1535,0
2022-12-07 10:51:00,1535,1535,1535,1535,0
2022-12-07 10:52:00,1535,1535,1535,1535,0
2022-12-07 10:53:00,1535,1535,1535,1535,0
2022-12-07 10:54:00,1535,1535,1535,1535,0
2022-12-07 10:55:00,1535,1535,1535,1535,0
2022-12-07 10:56:00,1535,1535,1535,1535,0
2022-12-07 10:57:00,1535,1535,1535,1535,0
2022-12-07 10:58:00,1535,1535,1535,1535,0
2022-12-07 10:59:00,1535,1535,1535,1535,0
2022-12-07 11:00:00,1535,1535,1535,1535,0
2022-12-07 11:01:00,1535,1535,1535,1535,0
2022-12-07 11:02:00,1535,1535,1535,1535,0
2022-12-07 11:03:00,1535,1535,1535,1535,0
2022-12-07 11:04:00,1535,1535,1535,1535,0
2022-12-07 11:05:00,1535,1535,1535,1535,0
2022-12-07 11:06:00,1535,1535,1535,1535,0
2022-12-07 11:07:00,1535,1535,1535,1535,0
2022-12-07 11:08:00,1535,1535,1535,1535,0
2022-12-07 11:09:00,1535,1535,1535,1535,0
2022-12-07 11:10:00,1535,1535,1535,1535,0
2022-12-07 11:11:00,1535,1535,1535,1535,0
2022-12-07 11:12:00,1535,1535,1535,1535,0
2022-12-07 11:13:00,1535,1535,1535,1535,0
2022-12-07 11:14:00,1535,1535,1535,1535,0
2022-12-07 11:15:00,1535,1535,1535,1535,0
2022-12-07 11:16:00,1535,1535,1535,1535,0
2022-12-07 11:17:00,1535,1535,1535,1535,0
2022-12-07 11:18:00,1535,1535,1535,1535,0
2022-12-07 11:19:00,1535,1535,1535,1535,0
2022-12-07 11:20:00,1535,1535,1535,1535,0
2022-12-07 11:21:00,1535,1535,1535,1535,0
2022-12-07 11:22:00,1535,1535,1535,1535,0
2022-12-07 11:23:00,1535,1535,1535,1535,0
2022-12-07 11:24:00,1535,1535,1535,1535,0
2022-12-07 11:25:00,1535,1535,1535,1535,0
2022-12-07 11:26:00,1535,1535,1535,1535,0
2022-12-07 11:27:00,1535,1535,1535,1535,0
2022-12-07 11:28:00,1535,1535,1535,1535,0
2022-12-07 11:29:00,1535,1535,1535,1535,0
2022-12-07 11:30:00,1535,1535,1535,1535,0
2022-12-07 11:31:00,1535,1535,1535,1535,0
2022-12-07 11:32:00,1535,1535,1535,1535,0
2022-12-07 11:33:00,1535,1535,1535,1535,0
2022-12-07 11:34:00,1535,1535,1535,1535,0
2022-12-07 11:35:00,1535,1535,1535,1535,0
2022-12-07 11:36:00,1535,1535,1535,1535,0
2022-12-07 11:37:00,1535,1535,1535,1535,0
2022-12-07 11:38:00,1535,1535,1535,1535,0
2022-12-07 11:39:00,1535,1535,1535,1535,0
2022-12-07 11:40:00,1535,1535,1535,1535,0
2022-12-07 11:41:00,1535,1535,1535,1535,0
2022-12-07 11:42:00,1535,1535,1535,1535,0
2022-12-07 11:43:00,1535,1535,1535,1535,0
2022-12-07 11:44:00,1535,1535,1535,1535,0
2022-12-07 11:45:00,1535,1535,1535,1535,0
2022-12-07 11:46:00,1535,1535,1535,1535,0
2022-12-07 11:47:00,1535,1535,1535,1535,0
2022-12-07 11:48:00,1535,1535,1535,1535,0
2022-12-07 11:49:00,1535,1535,1535,1535,0
2022-12-07 11:50:00,1535,1535,1535,1535,0
2022-12-07 11:51:00,1535,1535,1535,1535,0
2022-12-07 11:52:00,1535,1535,1535,1535,0
2022-12-07 11:53:00,1535,1535,1535,1535,0
2022-12-07 11:54:00,1535,1535,1535,1535,0
2022-12-07 11:55:00,1535,1535,1535,1535,0
2022-12-07 11:56:00,1535,1535,1535,1535,0
2022-12-07 11:57:00,1535,1535,1535,1535,0
2022-12-07 11:58:00,1535,1535,1535,1535,0
2022-12-07 11:59:00,1535,1535,1535,1535,0
2022-12-07 12:00:00,1535,1535,1535,1535,0
2022-12-07 12:01:00,1535,1535,1535,1535,0
2022-12-07 12:02:00,1535,1535,1535,1535,0
2022-12-07 12:03:00,1535,1535,1535,1535,0
2022-12-07 12:04:00,1535,1535,1535,1535,0
2022-12-07 12:05:00,1535,1535,1535,1535,0
2022-12-07 12:06:00,1535,1535,1535,1535,0
2022-12-07 12:07:00,1535,1535,1535,1535,0
2022-12-07 12:08:00,1535,1535,1535,1535,0
2022-12-07 12:09:00,1535,1535,1535,1535,0
2022-12-07 12:10:00,1535,1535,1535,1535,0
2022-12-07 12:11:00,1535,1535,1535,1535,0
2022-12-07 12:12:00,1535,1535,1535,1535,0
2022-12-07 12:13:00,1535,1535,1535,1535,0
2022-12-07 12:14:00,1535,1535,1535,1535,0
2022-12-07 12:15:00,1535,1535,1535,1535,0
2022-12-07 12:16:00,1535,1535,1535,1535,0
2022-12-07 12:17:00,1535,1535,1535,1535,0
2022-12-07 12:18:00,1535,1535,1535,1535,0
2022-12-07 12:19:00,1535,1535,1535,1535,0
2022-12-07 12:20:00,1535,1535,1535,1535,0
2022-12-07 12:21:00,1535,1535,1535,1535,0
2022-12-07 12:22:00,1535,1535,1535,1535,0
2022-12-07 12:23:00,1535,1535,1535,1535,0
2022-12-07 12:24:00,1535,1535,1535,1535,0
2022-12-07 12:25:00,1535,1535,1535,1535,0
2022-12-07 12:26:00,1535,1535,1535,1535,0
2022-12-07 12:27:00,1535,1535,1535,1535,0
2022-12-07 12:28:00,1535,1535,1535,1535,0
2022-12-07 12:29:00,1535,1535,1535,1535,0
2022-12-07 12:30:00,1535,1535,1535,1535,0
2022-12-07 12:31:00,1535,1535,1535,1535,0
2022-12-07 12:32:00,1535,1535,1535,1535,0
2022-12-07 12:33:00,1535,1535,1535,1535,0
2022-12-07 12:34:00,1535,1535,1535,1535,0
2022-12-07 12:35:00,1535,1535,1535,1535,0
2022-12-07 12:36:00,1535,1535,1535,1535,0
2022-12-07 12:37:00,1535,1535,1535,1535,0
2022-12-07 12:38:00,1535,1535,1535,1535,0
2022-12-07 12:39:00,1535,1535,1535,1535,0
2022-12-07 12:40:00,1535,1535,1535,1535,0
2022-12-07 12:41:00,1535,1535,1535,1535,0
2022-12-07 12:42:00,1535,1535,1535,1535,0
2022-12-07 12:43:00,1535,1535,1535,1535,0
2022-12-07 12:44:00,1535,1535,1535,1535,0
2022-12-07 12:45:00,1535,1535,1535,1535,0
2022-12-07 12:46:00,1535,1535,1535,1535,0
2022-12-07 12:47:00,1535,1535,1535,1535,0
2022-12-07 12:48:00,1535,1535,1535,1535,0
2022-12-07 12:49:00,1535,1535,1535,1535,0
2022-12-07 12:50:00,1535,1535,1535,1535,0
2022-12-07 12:51:00,1535,1535,1535,1535,0
2022-12-07 12:52:00,1535,1535,1535,1535,0
2022-12-07 12:53:00,1535,1535,1535,1535,0
2022-12-07 12:54:00,1535,1535,1535,1535,0
2022-12-07 12:55:00,1535,1535,1535,1535,0
2022-12-07 12:56:00,1535,1535,1535,1535,0
2022-12-07 12:57:00,1535,1535,1535,1535,0
2022-12-07 12:58:00,1535,1535,1535,1535,0
2022-12-07 12:59:00,1535,1535,1535,1535,0
2022-12-07 13:00:00,1535,1535,1535,1535,0
2022-12-07 13:01:00,1535,1535,1535,1535,0
2022-12-07 13:02:00,1535,1535,1535,1535,0
2022-12-07 13:03:00,1535,1535,1535,1535,0
2022-12-07 13:04:00,1535,1535,1535,1535,0
2022-12-07 13:05:00,1535,1535,1535,1535,0
2022-12-07 13:06:00,1535,1535,1535,1535,0
2022-12-07 13:07:00,1535,1535,1535,1535,0
2022-12-07 13:08:00,1535,1535,1535,1535,0
2022-12-07 13:09:00,1535,1535,1535,1535,0
2022-12-07 13:10:00,1535,1535,1535,1535,0
2022-12-07 13:11:00,1535,1535,1535,1535,0
2022-12-07 13:12:00,1535,1535,1535,1535,0
2022-12-07 13:13:00,1535,1535,1535,1535,0
2022-12-07 13:14:00,1535,1535,1535,1535,0
2022-12-07 13:15:00,1535,1535,1535,1535,0
2022-12-07 13:16:00,1535,1535,1535,1535,0
2022-12-07 13:17:00,1535,1535,1535,1535,0
2022-12-07 13:18:00,1535,1535,1535,1535,0
2022-12-07 13:19:00,1535,1535,1535,1535,0
2022-12-07 13:20:00,1535,1535,1535,1535,0
2022-12-07 13:21:00,1535,1535,1535,1535,0
2022-12-07 13:22:00,1535,1535,1535,1535,0
2022-12-07 13:23:00,1535,1535,1535,1535,0
2022-12-07 13:24:00,1535,1535,1535,1535,0
2022-12-07 13:25:00,1535,1535,1535,1535,0
2022-12-07 13:26:00,1535,1535,1535,1535,0
2022-12-07 13:27:00,1535,1535,1535,1535,0
2022-12-07 13:28:00,1535,1535,1535,1535,0
2022-12-07 13:29:00,1535,1535,1535,1535,0
2022-12-07 13:30:00,1535,1535,1535,1535,0
2022-12-07 13:31:00,1535,1535,1535,1535,0
2022-12-07 13:32:00,1535,1535,1535,1535,0
2022-12-07 13:33:00,1535,1535,1535,1535,0
2022-12-07 13:34:00,1535,1535,1535,1535,0
2022-12-07 13:35:00,1535,1535,1535,1535,0
2022-12-07 13:36:00,1535,1535,1535,1535,0
2022-12-07 13:37:00,1535,1535,1535,1535,0
2022-12-07 13:38:00,1535,1535,1535,1535,0
2022-12-07 13:39:00,1535,1535,1535,1535,0
2022-12-07 13:40:00,1535,1535,1535,1535,0
2022-12-07 13:41:00,1535,1535,1535,1535,0
2022-12-07 13:42:00,1535,1535,1535,1535,0
2022-12-07 13:43:00,1535,1535,1535,1535,0
2022-12-07 13:44:00,1535,1535,1535,1535,0
2022-12-07 13:45:00,1535,1535,1535,1535,0
2022-12-07 13:46:00,1535,1535,1535,1535,0
2022-12-07 13:47:00,1535,1535,1535,1535,0
2022-12-07 13:48:00,1535,1535,1535,1535,0
2022-12-07 13:49:00,1535,1535,1535,1535,0
2022-12-07 13:50:00,1535,1535,1535,1535,0
2022-12-07 13:51:00,1535,1535,1535,1535,0
2022-12-07 13:52:00,1535,1535,1535,1535,0
2022-12-07 13:53:00,1535,1535,1535,1535,0
2022-12-07 13:54:00,1535,1535,1535,1535,0
2022-12-07 13:55:00,1535,1535,1535,1535,0
2022-12-07 13:56:00,1535,1535,1535,1535,0
2022-12-07 13:57:00,1535,1535,1535,1535,0
2022-12-07 13:58:00,1535,1535,1535,1535,0
2022-12-07 13:59:00,1535,1535,1535,1535,0
2022-12-07 14:00:00,1535,1535,1535,1535,0
2022-12-07 14:01:00,1535,1535,1535,1535,0
2022-12-07 14:02:00,1535,1535,1535,1535,0
2022-12-07 14:03:00,1535,1535,1535,1535,0
2022-12-07 14:04:00,1535,1535,1535,1535,0
2022-12-07 14:05:00,1535,1535,1535,1535,0
2022-12-07 14:06:00,1535,1535,1535,1535,0
2022-12-07 14:07:00,1535,1535,1535,1535,0
2022-12-07 14:08:00,1535,1535,1535,1535,0
2022-12-07 14:09:00,1535,1535,1535,1535,0
2022-12-07 14:10:00,1535,1535,1535,1535,0
2022-12-07 14:11:00,1535,1535,1535,1535,0
2022-12-07 14:12:00,1535,1535,1535,1535,0
2022-12-07 14:13:00,1535,1535,1535,1535,0
2022-12-07 14:14:00,1535,1535,1535,1535,0
2022-12-07 14:15:00,1535,1535,1535,1535,0
2022-12-07 14:16:00,1535,1535,1535,1535,0
2022-12-07 14:17:00,1535,1535,1535,1535,0
2022-12-07 14:18:00,1535,1535,1535,1535,0
2022-12-07 14:19:00,1535,1535,1535,1535,0
2022-12-07 14:20:00,1535,1535,1535,1535,0
2022-12-07 14:21:00,1535,1535,1535,1535,0
2022-12-07 14:22:00,1535,1535,1535,1535,0
2022-12-07 14:23:00,1535,1535,1535,1535,0
2022-12-07 14:24:00,1535,1535,1535,1535,0
2022-12-07 14:25:00,1535,1535,1535,1535,0
2022-12-07 14:26:00,1535,1535,1535,1535,0
2022-12-07 14:27:00,1535,1535,1535,1535,0
2022-12-07 14:28:00,1535,1535,1535,1535,0
2022-12-07 14:29:00,1535,1535,1535,1535,0
2022-12-07 14:30:00,1535,1535,1535,1535,0
2022-12-07 14:31:00,1535,1535,1535,1535,0
2022-12-07 14:32:00,1535,1535,1535,1535,100
2022-12-07 14:33:00,1535,1535,1535,1535,0
2022-12-07 14:34:00,1535,1535,1535,1535,0
2022-12-07 14:35:00,1535,1535,1535,1535,0
2022-12-07 14:36:00,1535,1535,1535,1535,0
2022-12-07 14:37:00,1535,1535,1535,1535,0
2022-12-07 14:38:00,1535,1535,1535,1535,0
2022-12-07 14:39:00,1535,1535,1535,1535,0
2022-12-07 14:40:00,1535,1535,1535,1535,0
2022-12-07 14:41:00,1535,1535,1535,1535,0
2022-12-07 14:42:00,1535,1535,1535,1535,0
2022-12-07 14:43:00,1535,1535,1535,1535,0
2022-12-07 14:44:00,1535,1535,1535,1535,0
2022-12-07 14:45:00,1535,1535,1535,1535,0
2022-12-07 14:46:00,1535,1535,1535,1535,0
2022-12-07 14:47:00,1535,1535,1535,1535,0
2022-12-07 14:48:00,1535,1535,1535,1535,0
2022-12-07 14:49:00,1535,1535,1535,1535,0
2022-12-07 14:50:00,1535,1535,1535,1535,0
2022-12-07 14:51:00,1535,1535,1535,1535,0
2022-12-07 14:52:00,1535,1535,1535,1535,0
2022-12-07 14:53:00,1535,1535,1535,1535,0
2022-12-07 14:54:00,1535,1535,1535,1535,0
2022-12-07 14:55:00,1535,1535,1535,1535,0
2022-12-07 14:56:00,1535,1535,1535,1535,0
2022-12-07 14:57:00,1535,1535,1535,1535,0
2022-12-07 14:58:00,1535,1535,1535,1535,0
2022-12-07 14:59:00,1535,1535,1535,1535,0
2022-12-07 15:00:00,1535,1535,1535,1535,0
2022-12-07 15:01:00,1535,1535,1535,1535,0
2022-12-07 15:02:00,1535,1535,1535,1535,0
2022-12-07 15:03:00,1535,1535,1535,1535,0
2022-12-07 15:04:00,1535,1535,1535,1535,0
2022-12-07 15:05:00,1535,1535,1535,1535,0
2022-12-07 15:06:00,1535,1535,1535,1535,0
2022-12-07 15:07:00,1535,1535,1535,1535,0
2022-12-07 15:08:00,1535,1535,1535,1535,0
2022-12-07 15:09:00,1535,1535,1535,1535,0
2022-12-07 15:10:00,1535,1535,1535,1535,0
2022-12-07 15:11:00,1535,1535,1535,1535,0
2022-12-07 15:12:00,1535,1535,1535,1535,0
2022-12-07 15:13:00,1535,1535,1535,1535,0
2022-12-07 15:14:00,1535,1535,1535,1535,0
2022-12-07 15:15:00,1535,1535,1535,1535,0
2022-12-07 15:16:00,1535,1535,1535,1535,0
2022-12-07 15:17:00,1535,1535,1535,1535,0
2022-12-07 15:18:00,1535,1535,1535,1535,0
2022-12-07 15:19:00,1535,1535,1535,1535,0
2022-12-07 15:20:00,1535,1535,1535,1535,0
2022-12-07 15:21:00,1535,1535,1535,1535,0
2022-12-07 15:22:00,1535,1535,1535,1535,0
2022-12-07 15:23:00,1535,1535,1535,1535,0
2022-12-07 15:24:00,1535,1535,1535,1535,0
2022-12-07 15:25:00,1535,1535,1535,1535,0
2022-12-07 15:26:00,1535,1535,1535,1535,0
2022-12-07 15:27:00,1535,1535,1535,1535,0
2022-12-07 15:28:00,1535,1535,1535,1535,0
2022-12-07 15:29:00,1535,1535,1535,1535,0
2022-12-07 15:30:00,1535,1535,1535,1535,0
2022-12-07 15:31:00,1535,1535,1535,1535,0
2022-12-07 15:32:00,1535,1535,1535,1535,0
2022-12-07 15:33:00,1535,1535,1535,1535,0
2022-12-07 15:34:00,1535,1535,1535,1535,0
2022-12-07 15:35:00,1535,1535,1535,1535,0
2022-12-07 15:36:00,1535,1535,1535,1535,0
2022-12-07 15:37:00,1535,1535,1535,1535,0
2022-12-07 15:38:00,1535,1535,1535,1535,0
2022-12-07 15:39:00,1535,1535,1535,1535,0
2022-12-07 15:40:00,1535,1535,1535,1535,0
2022-12-07 15:41:00,1535,1535,1535,1535,0
2022-12-07 15:42:00,1535,1535,1535,1535,0
2022-12-07 15:43:00,1535,1535,1535,1535,0
2022-12-07 15:44:00,1535,1535,1535,1535,0
2022-12-07 15:45:00,1535,1535,1535,1535,0
2022-12-07 15:46:00,1535,1535,1535,1535,0
2022-12-07 15:47:00,1535,1535,1535,1535,0
2022-12-07 15:48:00,1535,1535,1535,1535,0
2022-12-07 15:49:00,1535,1535,1535,1535,0
2022-12-07 15:50:00,1535,1535,1535,1535,0
2022-12-07 15:51:00,1535,1535,1535,1535,0
2022-12-07 15:52:00,1535,1535,1535,1535,0
2022-12-07 15:53:00,1535,1535,1535,1535,0
2022-12-07 15:54:00,1535,1535,1535,1535,0
2022-12-07 15:55:00,1535,1535,1535,1535,0
2022-12-07 15:56:00,1535,1535,1535,1535,0
2022-12-07 15:57:00,1535,1535,1535,1535,0
2022-12-07 15:58:00,1535,1535,1535,1535,0
2022-12-07 15:59:00,1535,1535,1535,1535,0
2022-12-08 09:00:00,1535,1535,1535,1535,0
2022-12-08 09:01:00,1535,1535,1535,1535,0
2022-12-08 09:02:00,1535,1535,1535,1535,0
2022-12-08 09:03:00,1535,1535,1535,1535,0
2022-12-08 09:04:00,1535,1535,1535,1535,0
2022-12-08 09:05:00,1535,1535,1535,1535,0
2022-12-08 09:06:00,1535,1535,1535,1535,0
2022-12-08 09:07:00,1535,1535,1535,1535,0
2022-12-08 09:08:00,1535,1535,1535,1535,0
2022-12-08 09:09:00,1535,1535,1535,1535,0
2022-12-08 09:10:00,1535,1535,1535,1535,0
2022-12-08 09:11:00,1535,1535,1535,1535,0
2022-12-08 09:12:00,1535,1535,1535,1535,0
2022-12-08 09:13:00,1535,1535,1535,1535,0
2022-12-08 09:14:00,1535,1535,1535,1535,0
2022-12-08 09:15:00,1535,1535,1535,1535,0
2022-12-08 09:16:00,1535,1535,1535,1535,0
2022-12-08 09:17:00,1535,1535,1535,1535,0
2022-12-08 09:18:00,1535,1535,1535,1535,0
2022-12-08 09:19:00,1535,1535,1535,1535,0
2022-12-08 09:20:00,1535,1535,1535,1535,0
2022-12-08 09:21:00,1535,1535,1535,1535,0
2022-12-08 09:22:00,1535,1535,1535,1535,0
2022-12-08 09:23:00,1535,1535,1535,1535,0
2022-12-08 09:24:00,1535,1535,1535,1535,0
2022-12-08 09:25:00,1535,1535,1535,1535,0
2022-12-08 09:26:00,1535,1535,1535,1535,0
2022-12-08 09:27:00,1535,1535,1535,1535,0
2022-12-08 09:28:00,1535,1535,1535,1535,0
2022-12-08 09:29:00,1535,1535,1535,1535,0
2022-12-08 09:30:00,1535,1535,1535,1535,0
2022-12-08 09:31:00,1535,1535,1535,1535,0
2022-12-08 09:32:00,1535,1535,1535,1535,0
2022-12-08 09:33:00,1535,1535,1535,1535,0
2022-12-08 09:34:00,1535,1535,1535,1535,0
2022-12-08 09:35:00,1535,1535,1535,1535,0
2022-12-08 09:36:00,1535,1535,1535,1535,0
2022-12-08 09:37:00,1535,1535,1535,1535,0
2022-12-08 09:38:00,1535,1535,1535,1535,0
2022-12-08 09:39:00,1535,1535,1535,1535,0
2022-12-08 09:40:00,1535,1535,1535,1535,0
2022-12-08 09:41:00,1535,1535,1535,1535,0
2022-12-08 09:42:00,1535,1535,1535,1535,0
2022-12-08 09:43:00,1535,1535,1535,1535,0
2022-12-08 09:44:00,1535,1535,1535,1535,0
2022-12-08 09:45:00,1535,1535,1535,1535,0
2022-12-08 09:46:00,1535,1535,1535,1535,0
2022-12-08 09:47:00,1535,1535,1535,1535,0
2022-12-08 09:48:00,1535,1535,1535,1535,0
2022-12-08 09:49:00,1535,1535,1535,1535,0
2022-12-08 09:50:00,1535,1535,1535,1535,0
2022-12-08 09:51:00,1535,1535,1535,1535,0
2022-12-08 09:52:00,1535,1535,1535,1535,0
2022-12-08 09:53:00,1535,1535,1535,1535,0
2022-12-08 09:54:00,1535,1535,1535,1535,0
2022-12-08 09:55:00,1535,1535,1535,1535,0
2022-12-08 09:56:00,1535,1535,1535,1535,0
2022-12-08 09:57:00,1535,1535,1535,1535,0
2022-12-08 09:58:00,1535,1535,1535,1535,0
2022-12-08 09:59:00,1535,1535,1535,1535,0
2022-12-08 10:00:00,1535,1535,1535,1535,0
2022-12-08 10:01:00,1535,1535,1535,1535,0
2022-12-08 10:02:00,1535,1535,1535,1535,0
2022-12-08 10:03:00,1535,1535,1535,1535,0
2022-12-08 10:04:00,1535,1535,1535,1535,0
2022-12-08 10:05:00,1535,1535,1535,1535,0
2022-12-08 10:06:00,1535,1535,1535,1535,0
2022-12-08 10:07:00,1535,1535,1535,1535,0
2022-12-08 10:08:00,1535,1535,1535,1535,0
2022-12-08 10:09:00,1535,1535,1535,1535,0
2022-12-08 10:10:00,1535,1535,1535,1535,0
2022-12-08 10:11:00,1535,1535,1535,1535,0
2022-12-08 10:12:00,1535,1535,1535,1535,0
2022-12-08 10:13:00,1535,1535,1535,1535,0
2022-12-08 10:14:00,1535,1535,1535,1535,0
2022-12-08 10:15:00,1535,1535,1535,1535,0
2022-12-08 10:16:00,1535,1535,1535,1535,0
2022-12-08 10:17:00,1535,1535,1535,1535,0
2022-12-08 10:18:00,1535,1535,1535,1535,0
2022-12-08 10:19:00,1535,1535,1535,1535,0
2022-12-08 10:20:00,1535,1535,1535,1535,0
2022-12-08 10:21:00,1535,1535,1535,1535,0
2022-12-08 10:22:00,1535,1535,1535,1535,0
2022-12-08 10:23:00,1535,1535,1535,1535,0
2022-12-08 10:24:00,1535,1535,1535,1535,0
2022-12-08 10:25:00,1535,1535,1535,1535,0
2022-12-08 10:26:00,1535,1535,1535,1535,0
2022-12-08 10:27:00,1535,1535,1535,1535,0
2022-12-08 10:28:00,1535,1535,1535,1535,0
2022-12-08 10:29:00,1535,1535,1535,1535,0
2022-12-08 10:30:00,1535,1535,1535,1535,0
2022-12-08 10:31:00,1535,1535,1535,1535,0
2022-12-08 10:32:00,1535,1535,1535,1535,0
2022-12-08 10:33:00,1535,1535,1535,1535,0
2022-12-08 10:34:00,1535,1535,1535,1535,0
2022-12-08 10:35:00,1535,1535,1535,1535,0
2022-12-08 10:36:00,1535,1535,1535,1535,0
2022-12-08 10:37:00,1535,1535,1535,1535,0
2022-12-08 10:38:00,1535,1535,1535,1535,0
2022-12-08 10:39:00,1535,1535,1535,1535,0
2022-12-08 10:40:00,1535,1535,1535,1535,0
2022-12-08 10:41:00,1535,1535,1535,1535,0
2022-12-08 10:42:00,1535,1535,1535,1535,0
2022-12-08 10:43:00,1535,1535,1535,1535,0
2022-12-08 10:44:00,1535,1535,1535,1535,0
2022-12-08 10:45:00,1535,1535,1535,1535,0
2022-12-08 10:46:00,1535,1535,1535,1535,0
2022-12-08 10:47:00,1535,1535,1535,1535,0
2022-12-08 10:48:00,1535,1535,1535,1535,0
2022-12-08 10:49:00,1535,1535,1535,1535,0
2022-12-08 10:50:00,1535,1535,1535,1535,0
2022-12-08 10:51:00,1535,1535,1535,1535,0
2022-12-08 10:52:00,1535,1535,1535,1535,0
2022-12-08 10:53:00,1535,1535,1535,1535,0
2022-12-08 10:54:00,1535,1535,1535,1535,0
2022-12-08 10:55:00,1535,1535,1535,1535,0
2022-12-08 10:56:00,1535,1535,1535,1535,0
2022-12-08 10:57:00,1535,1535,1535,1535,0
2022-12-08 10:58:00,1535,1535,1535,1535,0
2022-12-08 10:59:00,1535,1535,1535,1535,0
2022-12-08 11:00:00,1535,1535,1535,1535,0
2022-12-08 11:01:00,1535,1535,1535,1535,0
2022-12-08 11:02:00,1535,1535,1535,1535,0
2022-12-08 11:03:00,1535,1535,1535,1535,0
2022-12-08 11:04:00,1535,1535,1535,1535,0
2022-12-08 11:05:00,1535,1535,1535,1535,0
2022-12-08 11:06:00,1535,1535,1535,1535,0
2022-12-08 11:07:00,1535,1535,1535,1535,0
2022-12-08 11:08:00,1535,1535,1535,1535,0
2022-12-08 11:09:00,1535,1535,1535,1535,0
2022-12-08 11:10:00,1535,1535,1535,1535,0
2022-12-08 11:11:00,1535,1535,1535,1535,0
2022-12-08 11:12:00,1535,1535,1535,1535,0
2022-12-08 11:13:00,1535,1535,1535,1535,0
2022-12-08 11:14:00,1535,1535,1535,1535,0
2022-12-08 11:15:00,1535,1535,1535,1535,0
2022-12-08 11:16:00,1535,1535,1535,1535,0
2022-12-08 11:17:00,1535,1535,1535,1535,0
2022-12-08 11:18:00,1535,1535,1535,1535,0
2022-12-08 11:19:00,1535,1535,1535,1535,0
2022-12-08 11:20:00,1535,1535,1535,1535,0
2022-12-08 11:21:00,1535,1535,1535,1535,0
2022-12-08 11:22:00,1535,1535,1535,1535,0
2022-12-08 11:23:00,1535,1535,1535,1535,0
2022-12-08 11:24:00,1535,1535,1535,1535,0
2022-12-08 11:25:00,1535,1535,1535,1535,0
2022-12-08 11:26:00,1535,1535,1535,1535,0
2022-12-08 11:27:00,1535,1535,1535,1535,0
2022-12-08 11:28:00,1535,1535,1535,1535,0
2022-12-08 11:29:00,1535,1535,1535,1535,0
2022-12-08 11:30:00,1535,1535,1535,1535,0
2022-12-08 11:31:00,1535,1535,1535,1535,0
2022-12-08 11:32:00,1535,1535,1535,1535,0
2022-12-08 11:33:00,1535,1535,1535,1535,0
2022-12-08 11:34:00,1535,1535,1535,1535,0
2022-12-08 11:35:00,1535,1535,1535,1535,0
2022-12-08 11:36:00,1535,1535,1535,1535,0
2022-12-08 11:37:00,1535,1535,1535,1535,0
2022-12-08 11:38:00,1535,1535,1535,1535,0
2022-12-08 11:39:00,1535,1535,1535,1535,0
2022-12-08 11:40:00,1535,1535,1535,1535,0
2022-12-08 11:41:00,1535,1535,1535,1535,0
2022-12-08 11:42:00,1535,1535,1535,1535,0
2022-12-08 11:43:00,1535,1535,1535,1535,0
2022-12-08 11:44:00,1535,1535,1535,1535,0
2022-12-08 11:45:00,1535,1535,1535,1535,0
2022-12-08 11:46:00,1535,1535,1535,1535,0
2022-12-08 11:47:00,1535,1535,1535,1535,0
2022-12-08 11:48:00,1535,1535,1535,1535,0
2022-12-08 11:49:00,1535,1535,1535,1535,0
2022-12-08 11:50:00,1535,1535,1535,1535,0
2022-12-08 11:51:00,1535,1535,1535,1535,0
2022-12-08 11:52:00,1535,1535,1535,1535,0
2022-12-08 11:53:00,1535,1535,1535,1535,0
2022-12-08 11:54:00,1535,1535,1535,1535,0
2022-12-08 11:55:00,1535,1535,1535,1535,0
2022-12-08 11:56:00,1535,1535,1535,1535,0
2022-12-08 11:57:00,1535,1535,1535,1535,0
2022-12-08 11:58:00,1535,1535,1535,1535,0
2022-12-08 11:59:00,1535,1535,1535,1535,0
2022-12-08 12:00:00,1535,1535,1535,1535,0
2022-12-08 12:01:00,1535,1535,1535,1535,0
2022-12-08 12:02:00,1535,1535,1535,1535,0
2022-12-08 12:03:00,1535,1535,1535,1535,0
2022-12-08 12:04:00,1535,1535,1535,1535,0
2022-12-08 12:05:00,1535,1535,1535,1535,0
2022-12-08 12:06:00,1535,1535,1535,1535,0
2022-12-08 12:07:00,1535,1535,1535,1535,0
2022-12-08 12:08:00,1535,1535,1535,1535,0
2022-12-08 12:09:00,1535,1535,1535,1535,0
2022-12-08 12:10:00,1535,1535,1535,1535,0
2022-12-08 12:11:00,1535,1535,1535,1535,0
2022-12-08 12:12:00,1535,1535,1535,1535,0
2022-12-08 12:13:00,1535,1535,1535,1535,0
2022-12-08 12:14:00,1535,1535,1535,1535,0
2022-12-08 12:15:00,1535,1535,1535,1535,0
2022-12-08 12:16:00,1535,1535,1535,1535,0
2022-12-08 12:17:00,1535,1535,1535,1535,0
2022-12-08 12:18:00,1535,1535,1535,1535,0
2022-12-08 12:19:00,1535,1535,1535,1535,0
2022-12-08 12:20:00,1535,1535,1535,1535,0
2022-12-08 12:21:00,1535,1535,1535,1535,0
2022-12-08 12:22:00,1535,1535,1535,1535,0
2022-12-08 12:23:00,1535,1535,1535,1535,0
2022-12-08 12:24:00,1535,1535,1535,1535,0
2022-12-08 12:25:00,1535,1535,1535,1535,0
2022-12-08 12:26:00,1535,1535,1535,1535,0
2022-12-08 12:27:00,1535,1535,1535,1535,0
2022-12-08 12:28:00,1535,1535,1535,1535,0
2022-12-08 12:29:00,1535,1535,1535,1535,0
2022-12-08 12:30:00,1535,1535,1535,1535,0
2022-12-08 12:31:00,1535,1535,1535,1535,0
2022-12-08 12:32:00,1535,1535,1535,1535,0
2022-12-08 12:33:00,1535,1535,1535,1535,0
2022-12-08 12:34:00,1535,1535,1535,1535,0
2022-12-08 12:35:00,1535,1535,1535,1535,0
2022-12-08 12:36:00,1535,1535,1535,1535,0
2022-12-08 12:37:00,1535,1535,1535,1535,0
2022-12-08 12:38:00,1535,1535,1535,1535,0
2022-12-08 12:39:00,1535,1535,1535,1535,0
2022-12-08 12:40:00,1535,1535,1535,1535,0
2022-12-08 12:41:00,1535,1535,1535,1535,0
2022-12-08 12:42:00,1535,1535,1535,1535,0
2022-12-08 12:43:00,1535,1535,1535,1535,0
2022-12-08 12:44:00,1535,1535,1535,1535,0
2022-12-08 12:45:00,1535,1535,1535,1535,0
2022-12-08 12:46:00,1535,1535,1535,1535,0
2022-12-08 12:47:00,1535,1535,1535,1535,0
2022-12-08 12:48:00,1535,1535,1535,1535,0
2022-12-08 12:49:00,1535,1535,1535,1535,0
2022-12-08 12:50:00,1535,1535,1535,1535,0
2022-12-08 12:51:00,1535,1535,1535,1535,0
2022-12-08 12:52:00,1535,1535,1535,1535,0
2022-12-08 12:53:00,1535,1535,1535,1535,0
2022-12-08 12:54:00,1535,1535,1535,1535,0
2022-12-08 12:55:00,1535,1535,1535,1535,0
2022-12-08 12:56:00,1535,1535,1535,1535,0
2022-12-08 12:57:00,1535,1535,1535,1535,0
2022-12-08 12:58:00,1535,1535,1535,1535,0
2022-12-08 12:59:00,1535,1535,1535,1535,0
2022-12-08 13:00:00,1535,1535,1535,1535,0
2022-12-08 13:01:00,1535,1535,1535,1535,0
2022-12-08 13:02:00,1535,1535,1535,1535,0
2022-12-08 13:03:00,1535,1535,1535,1535,0
2022-12-08 13:04:00,1535,1535,1535,1535,0
2022-12-08 13:05:00,1535,1535,1535,1535,0
2022-12-08 13:06:00,1535,1535,1535,1535,0
2022-12-08 13:07:00,1535,1535,1535,1535,0
2022-12-08 13:08:00,1535,1535,1535,1535,0
2022-12-08 13:09:00,1535,1535,1535,1535,0
2022-12-08 13:10:00,1535,1535,1535,1535,0
2022-12-08 13:11:00,1535,1535,1535,1535,0
2022-12-08 13:12:00,1535,1535,1535,1535,0
2022-12-08 13:13:00,1535,1535,1535,1535,0
2022-12-08 13:14:00,1535,1535,1535,1535,0
2022-12-08 13:15:00,1535,1535,1535,1535,0
2022-12-08 13:16:00,1535,1535,1535,1535,0
2022-12-08 13:17:00,1535,1535,1535,1535,0
2022-12-08 13:18:00,1535,1535,1535,1535,0
2022-12-08 13:19:00,1535,1535,1535,1535,0
2022-12-08 13:20:00,1535,1535,1535,1535,0
2022-12-08 13:21:00,1535,1535,1535,1535,0
2022-12-08 13:22:00,1535,1535,1535,1535,0
2022-12-08 13:23:00,1535,1535,1535,1535,0
2022-12-08 13:24:00,1535,1535,1535,1535,0
2022-12-08 13:25:00,1535,1535,1535,1535,0
2022-12-08 13:26:00,1535,1535,1535,1535,0
2022-12-08 13:27:00,1535,1535,1535,1535,0
2022-12-08 13:28:00,1535,1535,1535,1535,0
2022-12-08 13:29:00,1535,1535,1535,1535,0
2022-12-08 13:30:00,1535,1535,1535,1535,0
2022-12-08 13:31:00,1535,1535,1535,1535,0
2022-12-08 13:32:00,1535,1535,1535,1535,0
2022-12-08 13:33:00,1535,1535,1535,1535,0
2022-12-08 13:34:00,1535,1535,1535,1535,0
2022-12-08 13:35:00,1535,1535,1535,1535,0
2022-12-08 13:36:00,1535,1535,1535,1535,0
2022-12-08 13:37:00,1535,1535,1535,1535,0
2022-12-08 13:38:00,1535,1535,1535,1535,0
2022-12-08 13:39:00,1535,1535,1535,1535,0
2022-12-08 13:40:00,1535,1535,1535,1535,0
2022-12-08 13:41:00,1535,1535,1535,1535,0
2022-12-08 13:42:00,1535,1535,1535,1535,0
2022-12-08 13:43:00,1535,1535,1535,1535,0
2022-12-08 13:44:00,1535,1535,1535,1535,0
2022-12-08 13:45:00,1535,1535,1535,1535,0
2022-12-08 13:46:00,1535,1535,1535,1535,0
2022-12-08 13:47:00,1535,1535,1535,1535,0
2022-12-08 13:48:00,1535,1535,1535,1535,0
2022-12-08 13:49:00,1535,1535,1535,1535,0
2022-12-08 13:50:00,1535,1535,1535,1535,0
2022-12-08 13:51:00,1535,1535,1535,1535,0
2022-12-08 13:52:00,1535,1535,1535,1535,0
2022-12-08 13:53:00,1535,1535,1535,1535,0
2022-12-08 13:54:00,1535,1535,1535,1535,0
2022-12-08 13:55:00,1535,1535,1535,1535,0
2022-12-08 13:56:00,1535,1535,1535,1535,0
2022-12-08 13:57:00,1535,1535,1535,1535,0
2022-12-08 13:58:00,1535,1535,1535,1535,0
2022-12-08 13:59:00,1535,1535,1535,1535,0
2022-12-08 14:00:00,1535,1535,1535,1535,0
2022-12-08 14:01:00,1535,1535,1535,1535,0
2022-12-08 14:02:00,1535,1535,1535,1535,0
2022-12-08 14:03:00,1535,1535,1535,1535,0
2022-12-08 14:04:00,1535,1535,1535,1535,0
2022-12-08 14:05:00,1535,1535,1535,1535,0
2022-12-08 14:06:00,1535,1535,1535,1535,0
2022-12-08 14:07:00,1535,1535,1535,1535,0
2022-12-08 14:08:00,1535,1535,1535,1535,0
2022-12-08 14:09:00,1535,1535,1535,1535,0
2022-12-08 14:10:00,1535,1535,1535,1535,0
2022-12-08 14:11:00,1535,1535,1535,1535,0
2022-12-08 14:12:00,1535,1535,1535,1535,0
2022-12-08 14:13:00,1535,1535,1535,1535,0
2022-12-08 14:14:00,1535,1535,1535,1535,0
2022-12-08 14:15:00,1535,1535,1535,1535,0
2022-12-08 14:16:00,1535,1535,1535,1535,0
2022-12-08 14:17:00,1535,1535,1535,1535,0
2022-12-08 14:18:00,1535,1535,1535,1535,0
2022-12-08 14:19:00,1535,1535,1535,1535,0
2022-12-08 14:20:00,1535,1535,1535,1535,0
2022-12-08 14:21:00,1535,1535,1535,1535,0
2022-12-08 14:22:00,1535,1535,1535,1535,0
2022-12-08 14:23:00,1535,1535,1535,1535,0
2022-12-08 14:24:00,1535,1535,1535,1535,0
2022-12-08 14:25:00,1535,1535,1535,1535,0
2022-12-08 14:26:00,1535,1535,1535,1535,0
2022-12-08 14:27:00,1535,1535,1535,1535,0
2022-12-08 14:28:00,1535,1535,1535,1535,0
2022-12-08 14:29:00,1535,1535,1535,1535,0
2022-12-08 14:30:00,1535,1535,1535,1535,0
2022-12-08 14:31:00,1535,1535,1535,1535,0
2022-12-08 14:32:00,1535,1535,1535,1535,0
2022-12-08 14:33:00,1535,1535,1535,1535,0
2022-12-08 14:34:00,1535,1535,1535,1535,0
2022-12-08 14:35:00,1535,1535,1535,1535,0
2022-12-08 14:36:00,1535,1535,1535,1535,0
2022-12-08 14:37:00,1535,1535,1535,1535,0
2022-12-08 14:38:00,1535,1535,1535,1535,0
2022-12-08 14:39:00,1535,1535,1535,1535,0
2022-12-08 14:40:00,1535,1535,1535,1535,0
2022-12-08 14:41:00,1535,1535,1535,1535,0
2022-12-08 14:42:00,1535,1535,1535,1535,0
2022-12-08 14:43:00,1535,1535,1535,1535,0
2022-12-08 14:44:00,1535,1535,1535,1535,0
2022-12-08 14:45:00,1535,1535,1535,1535,0
2022-12-08 14:46:00,1535,1535,1535,1535,0
2022-12-08 14:47:00,1535,1535,1535,1535,0
2022-12-08 14:48:00,1535,1535,1535,1535,0
2022-12-08 14:49:00,1535,1535,1535,1535,0
2022-12-08 14:50:00,1535,1535,1535,1535,0
2022-12-08 14:51:00,1535,1535,1535,1535,0
2022-12-08 14:52:00,1535,1535,1535,1535,0
2022-12-08 14:53:00,1535,1535,1535,1535,0
2022-12-08 14:54:00,1535,1535,1535,1535,0
2022-12-08 14:55:00,1535,1535,1535,1535,0
2022-12-08 14:56:00,1535,1535,1535,1535,0
2022-12-08 14:57:00,1535,1535,1535,1535,0
2022-12-08 14:58:00,1535,1535,1535,1535,0
2022-12-08 14:59:00,1535,1535,1535,1535,0
2022-12-08 15:00:00,1535,1535,1535,1535,0
2022-12-08 15:01:00,1535,1535,1535,1535,0
2022-12-08 15:02:00,1535,1535,1535,1535,0
2022-12-08 15:03:00,1535,1535,1535,1535,0
2022-12-08 15:04:00,1535,1535,1535,1535,0
2022-12-08 15:05:00,1535,1535,1535,1535,0
2022-12-08 15:06:00,1535,1535,1535,1535,0
2022-12-08 15:07:00,1535,1535,1535,1535,0
2022-12-08 15:08:00,1535,1535,1535,1535,0
2022-12-08 15:09:00,1535,1535,1535,1535,0
2022-12-08 15:10:00,1535,1535,1535,1535,0
2022-12-08 15:11:00,1535,1535,1535,1535,0
2022-12-08 15:12:00,1535,1535,1535,1535,0
2022-12-08 15:13:00,1535,1535,1535,1535,0
2022-12-08 15:14:00,1535,1535,1535,1535,0
2022-12-08 15:15:00,1535,1535,1535,1535,0
2022-12-08 15:16:00,1535,1535,1535,1535,0
2022-12-08 15:17:00,1535,1535,1535,1535,0
2022-12-08 15:18:00,1535,1535,1535,1535,0
2022-12-08 15:19:00,1535,1535,1535,1535,0
2022-12-08 15:20:00,1535,1535,1535,1535,0
2022-12-08 15:21:00,1535,1535,1535,1535,0
2022-12-08 15:22:00,1535,1535,1535,1535,0
2022-12-08 15:23:00,1535,1535,1535,1535,0
2022-12-08 15:24:00,1535,1535,1535,1535,0
2022-12-08 15:25:00,1535,1535,1535,1535,0
2022-12-08 15:26:00,1535,1535,1535,1535,0
2022-12-08 15:27:00,1535,1535,1535,1535,0
2022-12-08 15:28:00,1535,1535,1535,1535,0
2022-12-08 15:29:00,1535,1535,1535,1535,0
2022-12-08 15:30:00,1535,1535,1535,1535,0
2022-12-08 15:31:00,1535,1535,1535,1535,0
2022-12-08 15:32:00,1535,1535,1535,1535,0
2022-12-08 15:33:00,1535,1535,1535,1535,0
2022-12-08 15:34:00,1535,1535,1535,1535,0
2022-12-08 15:35:00,1535,1535,1535,1535,0
2022-12-08 15:36:00,1535,1535,1535,1535,0
2022-12-08 15:37:00,1535,1535,1535,1535,0
2022-12-08 15:38:00,1535,1535,1535,1535,0
2022-12-08 15:39:00,1535,1535,1535,1535,0
2022-12-08 15:40:00,1535,1535,1535,1535,0
2022-12-08 15:41:00,1535,1535,1535,1535,0
2022-12-08 15:42:00,1535,1535,1535,1535,0
2022-12-08 15:43:00,1535,1535,1535,1535,0
2022-12-08 15:44:00,1535,1535,1535,1535,0
2022-12-08 15:45:00,1535,1535,1535,1535,0
2022-12-08 15:46:00,1535,1535,1535,1535,0
2022-12-08 15:47:00,1535,1535,1535,1535,0
2022-12-08 15:48:00,1535,1535,1535,1535,0
2022-12-08 15:49:00,1535,1535,1535,1535,0
2022-12-08 15:50:00,1535,1535,1535,1535,0
2022-12-08 15:51:00,1535,1535,1535,1535,0
2022-12-08 15:52:00,1535,1535,1535,1535,0
2022-12-08 15:53:00,1535,1535,1535,1535,0
2022-12-08 15:54:00,1535,1535,1535,1535,0
2022-12-08 15:55:00,1535,1535,1535,1535,0
2022-12-08 15:56:00,1535,1535,1535,1535,0
2022-12-08 15:57:00,1535,1535,1535,1535,0
2022-12-08 15:58:00,1535,1535,1535,1535,0
2022-12-08 15:59:00,1535,1535,1535,1535,0
2022-12-09 09:00:00,1535,1535,1535,1535,0
2022-12-09 09:01:00,1535,1535,1535,1535,0
2022-12-09 09:02:00,1535,1535,1535,1535,0
2022-12-09 09:03:00,1535,1535,1535,1535,0
2022-12-09 09:04:00,1535,1535,1535,1535,0
2022-12-09 09:05:00,1535,1535,1535,1535,0
2022-12-09 09:06:00,1535,1535,1535,1535,0
2022-12-09 09:07:00,1535,1535,1535,1535,0
2022-12-09 09:08:00,1535,1535,1535,1535,0
2022-12-09 09:09:00,1535,1535,1535,1535,0
2022-12-09 09:10:00,1535,1535,1535,1535,0
2022-12-09 09:11:00,1535,1535,1535,1535,0
2022-12-09 09:12:00,1535,1535,1535,1535,0
2022-12-09 09:13:00,1535,1535,1535,1535,0
2022-12-09 09:14:00,1535,1535,1535,1535,0
2022-12-09 09:15:00,1535,1535,1535,1535,0
2022-12-09 09:16:00,1535,1535,1535,1535,0
2022-12-09 09:17:00,1535,1535,1535,1535,0
2022-12-09 09:18:00,1535,1535,1535,1535,0
2022-12-09 09:19:00,1535,1535,1535,1535,0
2022-12-09 09:20:00,1535,1535,1535,1535,0
2022-12-09 09:21:00,1535,1535,1535,1535,0
2022-12-09 09:22:00,1535,1535,1535,1535,0
2022-12-09 09:23:00,1535,1535,1535,1535,0
2022-12-09 09:24:00,1535,1535,1535,1535,0
2022-12-09 09:25:00,1535,1535,1535,1535,0
2022-12-09 09:26:00,1535,1535,1535,1535,0
2022-12-09 09:27:00,1535,1535,1535,1535,0
2022-12-09 09:28:00,1535,1535,1535,1535,0
2022-12-09 09:29:00,1535,1535,1535,1535,0
2022-12-09 09:30:00,1535,1535,1535,1535,0
2022-12-09 09:31:00,1535,1535,1535,1535,0
2022-12-09 09:32:00,1535,1535,1535,1535,0
2022-12-09 09:33:00,1535,1535,1535,1535,0
2022-12-09 09:34:00,1535,1535,1535,1535,0
2022-12-09 09:35:00,1535,1535,1535,1535,0
2022-12-09 09:36:00,1535,1535,1535,1535,0
2022-12-09 09:37:00,1535,1535,1535,1535,0
2022-12-09 09:38:00,1535,1535,1535,1535,0
2022-12-09 09:39:00,1535,1535,1535,1535,0
2022-12-09 09:40:00,1535,1535,1535,1535,0
2022-12-09 09:41:00,1535,1535,1535,1535,0
2022-12-09 09:42:00,1535,1535,1535,1535,0
2022-12-09 09:43:00,1535,1535,1535,1535,0
2022-12-09 09:44:00,1535,1535,1535,1535,0
2022-12-09 09:45:00,1535,1535,1535,1535,0
2022-12-09 09:46:00,1535,1535,1535,1535,0
2022-12-09 09:47:00,1535,1535,1535,1535,0
2022-12-09 09:48:00,1535,1535,1535,1535,0
2022-12-09 09:49:00,1535,1535,1535,1535,0
2022-12-09 09:50:00,1535,1535,1535,1535,0
2022-12-09 09:51:00,1535,1535,1535,1535,0
2022-12-09 09:52:00,1535,1535,1535,1535,0
2022-12-09 09:53:00,1535,1535,1535,1535,0
2022-12-09 09:54:00,1535,1535,1535,1535,0
2022-12-09 09:55:00,1535,1535,1535,1535,0
2022-12-09 09:56:00,1535,1535,1535,1535,0
2022-12-09 09:57:00,1535,1535,1535,1535,0
2022-12-09 09:58:00,1535,1535,1535,1535,0
2022-12-09 09:59:00,1535,1535,1535,1535,0
2022-12-09 10:00:00,1535,1535,1535,1535,0
2022-12-09 10:01:00,1535,1535,1535,1535,0
2022-12-09 10:02:00,1535,1535,1535,1535,0
2022-12-09 10:03:00,1535,1535,1535,1535,0
2022-12-09 10:04:00,1535,1535,1535,1535,0
2022-12-09 10:05:00,1535,1535,1535,1535,0
2022-12-09 10:06:00,1535,1535,1535,1535,0
2022-12-09 10:07:00,1535,1535,1535,1535,0
2022-12-09 10:08:00,1535,1535,1535,1535,0
2022-12-09 10:09:00,1535,1535,1535,1535,0
2022-12-09 10:10:00,1535,1535,1535,1535,0
2022-12-09 10:11:00,1535,1535,1535,1535,0
2022-12-09 10:12:00,1535,1535,1535,1535,0
2022-12-09 10:13:00,1535,1535,1535,1535,0
2022-12-09 10:14:00,1535,1535,1535,1535,0
2022-12-09 10:15:00,1535,1535,1535,1535,0
2022-12-09 10:16:00,1535,1535,1535,1535,0
2022-12-09 10:17:00,1535,1535,1535,1535,0
2022-12-09 10:18:00,1535,1535,1535,1535,0
2022-12-09 10:19:00,1535,1535,1535,1535,0
2022-12-09 10:20:00,1535,1535,1535,1535,0
2022-12-09 10:21:00,1535,1535,1535,1535,0
2022-12-09 10:22:00,1535,1535,1535,1535,0
2022-12-09 10:23:00,1535,1535,1535,1535,0
2022-12-09 10:24:00,1535,1535,1535,1535,0
2022-12-09 10:25:00,1535,1535,1535,1535,0
2022-12-09 10:26:00,1535,1535,1535,1535,0
2022-12-09 10:27:00,1535,1535,1535,1535,0
2022-12-09 10:28:00,1535,1535,1535,1535,0
2022-12-09 10:29:00,1535,1535,1535,1535,0
2022-12-09 10:30:00,1535,1535,1535,1535,0
2022-12-09 10:31:00,1535,1535,1535,1535,0
2022-12-09 10:32:00,1535,1535,1535,1535,0
2022-12-09 10:33:00,1535,1535,1535,1535,0
2022-12-09 10:34:00,1535,1535,1535,1535,0
2022-12-09 10:35:00,1535,1535,1535,1535,0
2022-12-09 10:36:00,1535,1535,1535,1535,0
2022-12-09 10:37:00,1535,1535,1535,1535,0
2022-12-09 10:38:00,1535,1535,1535,1535,0
2022-12-09 10:39:00,1535,1535,1535,1535,0
2022-12-09 10:40:00,1535,1535,1535,1535,0
2022-12-09 10:41:00,1535,1535,1535,1535,0
2022-12-09 10:42:00,1535,1535,1535,1535,0
2022-12-09 10:43:00,1535,1535,1535,1535,0
2022-12-09 10:44:00,1535,1535,1535,1535,0
2022-12-09 10:45:00,1535,1535,1535,1535,0
2022-12-09 10:46:00,1535,1535,1535,1535,0
2022-12-09 10:47:00,1535,1535,1535,1535,0
2022-12-09 10:48:00,1535,1535,1535,1535,0
2022-12-09 10:49:00,1535,1535,1535,1535,0
2022-12-09 10:50:00,1535,1535,1535,1535,0
2022-12-09 10:51:00,1535,1535,1535,1535,0
2022-12-09 10:52:00,1535,1535,1535,1535,0
2022-12-09 10:53:00,1535,1535,1535,1535,0
2022-12-09 10:54:00,1535,1535,1535,1535,0
2022-12-09 10:55:00,1535,1535,1535,1535,0
2022-12-09 10:56:00,1535,1535,1535,1535,0
2022-12-09 10:57:00,1535,1535,1535,1535,0
2022-12-09 10:58:00,1535,1535,1535,1535,0
2022-12-09 10:59:00,1535,1535,1535,1535,0
2022-12-09 11:00:00,1535,1535,1535,1535,0
2022-12-09 11:01:00,1535,1535,1535,1535,0
2022-12-09 11:02:00,1535,1535,1535,1535,0
2022-12-09 11:03:00,1535,1535,1535,1535,0
2022-12-09 11:04:00,1535,1535,1535,1535,0
2022-12-09 11:05:00,1535,1535,1535,1535,0
2022-12-09 11:06:00,1535,1535,1535,1535,0
2022-12-09 11:07:00,1535,1535,1535,1535,0
2022-12-09 11:08:00,1535,1535,1535,1535,0
2022-12-09 11:09:00,1535,1535,1535,1535,0
2022-12-09 11:10:00,1535,1535,1535,1535,0
2022-12-09 11:11:00,1535,1535,1535,1535,0
2022-12-09 11:12:00,1535,1535,1535,1535,0
2022-12-09 11:13:00,1535,1535,1535,1535,0
2022-12-09 11:14:00,1535,1535,1535,1535,0
2022-12-09 11:15:00,1535,1535,1535,1535,0
2022-12-09 11:16:00,1535,1535,1535,1535,0
2022-12-09 11:17:00,1535,1535,1535,1535,0
2022-12-09 11:18:00,1535,1535,1535,1535,0
2022-12-09 11:19:00,1535,1535,1535,1535,0
2022-12-09 11:20:00,1535,1535,1535,1535,0
2022-12-09 11:21:00,1535,1535,1535,1535,0
2022-12-09 11:22:00,1535,1535,1535,1535,0
2022-12-09 11:23:00,1535,1535,1535,1535,0
2022-12-09 11:24:00,1535,1535,1535,1535,0
2022-12-09 11:25:00,1535,1535,1535,1535,0
2022-12-09 11:26:00,1535,1535,1535,1535,0
2022-12-09 11:27:00,1535,1535,1535,1535,0
2022-12-09 11:28:00,1535,1535,1535,1535,0
2022-12-09 11:29:00,1535,1535,1535,1535,0
2022-12-09 11:30:00,1535,1535,1535,1535,0
2022-12-09 11:31:00,1535,1535,1535,1535,0
2022-12-09 11:32:00,1535,1535,1535,1535,0
2022-12-09 11:33:00,1535,1535,1535,1535,0
2022-12-09 11:34:00,1535,1535,1535,1535,0
2022-12-09 11:35:00,1535,1535,1535,1535,0
2022-12-09 11:36:00,1535,1535,1535,1535,0
2022-12-09 11:37:00,1535,1535,1535,1535,0
2022-12-09 11:38:00,1535,1535,1535,1535,0
2022-12-09 11:39:00,1535,1535,1535,1535,0
2022-12-09 11:40:00,1535,1535,1535,1535,0
2022-12-09 11:41:00,1535,1535,1535,1535,0
2022-12-09 11:42:00,1535,1535,1535,1535,0
2022-12-09 11:43:00,1535,1535,1535,1535,0
2022-12-09 11:44:00,1535,1535,1535,1535,0
2022-12-09 11:45:00,1535,1535,1535,1535,0
2022-12-09 11:46:00,1535,1535,1535,1535,0
2022-12-09 11:47:00,1535,1535,1535,1535,0
2022-12-09 11:48:00,1535,1535,1535,1535,0
2022-12-09 11:49:00,1535,1535,1535,1535,0
2022-12-09 11:50:00,1535,1535,1535,1535,0
2022-12-09 11:51:00,1535,1535,1535,1535,0
2022-12-09 11:52:00,1535,1535,1535,1535,0
2022-12-09 11:53:00,1535,1535,1535,1535,0
2022-12-09 11:54:00,1535,1535,1535,1535,0
2022-12-09 11:55:00,1535,1535,1535,1535,0
2022-12-09 11:56:00,1535,1535,1535,1535,0
2022-12-09 11:57:00,1535,1535,1535,1535,0
2022-12-09 11:58:00,1535,1535,1535,1535,0
2022-12-09 11:59:00,1535,1535,1535,1535,0
2022-12-09 12:00:00,1535,1535,1535,1535,0
2022-12-09 12:01:00,1535,1535,1535,1535,0
2022-12-09 12:02:00,1535,1535,1535,1535,0
2022-12-09 12:03:00,1535,1535,1535,1535,0
2022-12-09 12:04:00,1535,1535,1535,1535,0
2022-12-09 12:05:00,1535,1535,1535,1535,0
2022-12-09 12:06:00,1535,1535,1535,1535,0
2022-12-09 12:07:00,1535,1535,1535,1535,0
2022-12-09 12:08:00,1535,1535,1535,1535,0
2022-12-09 12:09:00,1535,1535,1535,1535,0
2022-12-09 12:10:00,1535,1535,1535,1535,0
2022-12-09 12:11:00,1535,1535,1535,1535,0
2022-12-09 12:12:00,1535,1535,1535,1535,0
2022-12-09 12:13:00,1535,1535,1535,1535,0
2022-12-09 12:14:00,1535,1535,1535,1535,0
2022-12-09 12:15:00,1535,1535,1535,1535,0
2022-12-09 12:16:00,1535,1535,1535,1535,0
2022-12-09 12:17:00,1535,1535,1535,1535,0
2022-12-09 12:18:00,1535,1535,1535,1535,0
2022-12-09 12:19:00,1535,1535,1535,1535,0
2022-12-09 12:20:00,1535,1535,1535,1535,0
2022-12-09 12:21:00,1535,1535,1535,1535,0
2022-12-09 12:22:00,1535,1535,1535,1535,0
2022-12-09 12:23:00,1535,1535,1535,1535,0
2022-12-09 12:24:00,1535,1535,1535,1535,0
2022-12-09 12:25:00,1535,1535,1535,1535,0
2022-12-09 12:26:00,1535,1535,1535,1535,0
2022-12-09 12:27:00,1535,1535,1535,1535,0
2022-12-09 12:28:00,1535,1535,1535,1535,0
2022-12-09 12:29:00,1535,1535,1535,1535,0
2022-12-09 12:30:00,1535,1535,1535,1535,0
2022-12-09 12:31:00,1535,1535,1535,1535,0
2022-12-09 12:32:00,1535,1535,1535,1535,0
2022-12-09 12:33:00,1535,1535,1535,1535,0
2022-12-09 12:34:00,1535,1535,1535,1535,0
2022-12-09 12:35:00,1535,1535,1535,1535,0
2022-12-09 12:36:00,1535,1535,1535,1535,0
2022-12-09 12:37:00,1535,1535,1535,1535,0
2022-12-09 12:38:00,1535,1535,1535,1535,0
2022-12-09 12:39:00,1535,1535,1535,1535,0
2022-12-09 12:40:00,1535,1535,1535,1535,0
2022-12-09 12:41:00,1535,1535,1535,1535,0
2022-12-09 12:42:00,1535,1535,1535,1535,0
2022-12-09 12:43:00,1535,1535,1535,1535,0
2022-12-09 12:44:00,1535,1535,1535,1535,0
2022-12-09 12:45:00,1535,1535,1535,1535,0
2022-12-09 12:46:00,1535,1535,1535,1535,0
2022-12-09 12:47:00,1535,1535,1535,1535,0
2022-12-09 12:48:00,1535,1535,1535,1535,0
2022-12-09 12:49:00,1535,1535,1535,1535,0
2022-12-09 12:50:00,1535,1535,1535,1535,0
2022-12-09 12:51:00,1535,1535,1535,1535,0
2022-12-09 12:52:00,1535,1535,1535,1535,0
2022-12-09 12:53:00,1535,1535,1535,1535,0
2022-12-09 12:54:00,1535,1535,1535,1535,0
2022-12-09 12:55:00,1535,1535,1535,1535,0
2022-12-09 12:56:00,1535,1535,1535,1535,0
2022-12-09 12:57:00,1535,1535,1535,1535,0
2022-12-09 12:58:00,1535,1535,1535,1535,0
2022-12-09 12:59:00,1535,1535,1535,1535,0
2022-12-09 13:00:00,1535,1535,1535,1535,0
2022-12-09 13:01:00,1535,1535,1535,1535,0
2022-12-09 13:02:00,1535,1535,1535,1535,0
2022-12-09 13:03:00,1535,1535,1535,1535,0
2022-12-09 13:04:00,1535,1535,1535,1535,0
2022-12-09 13:05:00,1535,1535,1535,1535,0
2022-12-09 13:06:00,1535,1535,1535,1535,0
2022-12-09 13:07:00,1535,1535,1535,1535,0
2022-12-09 13:08:00,1535,1535,1535,1535,0
2022-12-09 13:09:00,1535,1535,1535,1535,0
2022-12-09 13:10:00,1535,1535,1535,1535,0
2022-12-09 13:11:00,1535,1535,1535,1535,0
2022-12-09 13:12:00,1535,1535,1535,1535,0
2022-12-09 13:13:00,1535,1535,1535,1535,0
2022-12-09 13:14:00,1535,1535,1535,1535,0
2022-12-09 13:15:00,1535,1535,1535,1535,0
2022-12-09 13:16:00,1535,1535,1535,1535,0
2022-12-09 13:17:00,1535,1535,1535,1535,0
2022-12-09 13:18:00,1535,1535,1535,1535,0
2022-12-09 13:19:00,1535,1535,1535,1535,0
2022-12-09 13:20:00,1535,1535,1535,1535,0
2022-12-09 13:21:00,1535,1535,1535,1535,0
2022-12-09 13:22:00,1535,1535,1535,1535,0
2022-12-09 13:23:00,1535,1535,1535,1535,0
2022-12-09 13:24:00,1535,1535,1535,1535,0
2022-12-09 13:25:00,1535,1535,1535,1535,0
2022-12-09 13:26:00,1535,1535,1535,1535,0
2022-12-09 13:27:00,1535,1535,1535,1535,0
2022-12-09 13:28:00,1535,1535,1535,1535,0
2022-12-09 13:29:00,1535,1535,1535,1535,0
2022-12-09 13:30:00,1535,1535,1535,1535,0
2022-12-09 13:31:00,1535,1535,1535,1535,0
2022-12-09 13:32:00,1535,1535,1535,1535,0
2022-12-09 13:33:00,1535,1535,1535,1535,0
2022-12-09 13:34:00,1535,1535,1535,1535,0
2022-12-09 13:35:00,1535,1535,1535,1535,0
2022-12-09 13:36:00,1535,1535,1535,1535,0
2022-12-09 13:37:00,1535,1535,1535,1535,0
2022-12-09 13:38:00,1535,1535,1535,1535,0
2022-12-09 13:39:00,1535,1535,1535,1535,0
2022-12-09 13:40:00,1535,1535,1535,1535,0
2022-12-09 13:41:00,1535,1535,1535,1535,0
2022-12-09 13:42:00,1535,1535,1535,1535,0
2022-12-09 13:43:00,1535,1535,1535,1535,0
2022-12-09 13:44:00,1535,1535,1535,1535,0
2022-12-09 13:45:00,1535,1535,1535,1535,0
2022-12-09 13:46:00,1535,1535,1535,1535,0
2022-12-09 13:47:00,1535,1535,1535,1535,0
2022-12-09 13:48:00,1535,1535,1535,1535,0
2022-12-09 13:49:00,1535,1535,1535,1535,0
2022-12-09 13:50:00,1535,1535,1535,1535,0
2022-12-09 13:51:00,1535,1535,1535,1535,0
2022-12-09 13:52:00,1535,1535,1535,1535,0
2022-12-09 13:53:00,1535,1535,1535,1535,0
2022-12-09 13:54:00,1535,1535,1535,1535,0
2022-12-09 13:55:00,1535,1535,1535,1535,0
2022-12-09 13:56:00,1535,1535,1535,1535,0
2022-12-09 13:57:00,1535,1535,1535,1535,0
2022-12-09 13:58:00,1535,1535,1535,1535,0
2022-12-09 13:59:00,1535,1535,1535,1535,0
2022-12-09 14:00:00,1535,1535,1535,1535,0
2022-12-09 14:01:00,1535,1535,1535,1535,0
2022-12-09 14:02:00,1535,1535,1535,1535,0
2022-12-09 14:03:00,1535,1535,1535,1535,0
2022-12-09 14:04:00,1535,1535,1535,1535,0
2022-12-09 14:05:00,1535,1535,1535,1535,0
2022-12-09 14:06:00,1535,1535,1535,1535,0
2022-12-09 14:07:00,1535,1535,1535,1535,0
2022-12-09 14:08:00,1535,1535,1535,1535,0
2022-12-09 14:09:00,1535,1535,1535,1535,0
2022-12-09 14:10:00,1535,1535,1535,1535,0
2022-12-09 14:11:00,1535,1535,1535,1535,0
2022-12-09 14:12:00,1535,1535,1535,1535,0
2022-12-09 14:13:00,1535,1535,1535,1535,0
2022-12-09 14:14:00,1535,1535,1535,1535,0
2022-12-09 14:15:00,1535,1535,1535,1535,0
2022-12-09 14:16:00,1535,1535,1535,1535,0
2022-12-09 14:17:00,1535,1535,1535,1535,0
2022-12-09 14:18:00,1535,1535,1535,1535,0
2022-12-09 14:19:00,1535,1535,1535,1535,0
2022-12-09 14:20:00,1535,1535,1535,1535,0
2022-12-09 14:21:00,1535,1535,1535,1535,0
2022-12-09 14:22:00,1535,1535,1535,1535,0
2022-12-09 14:23:00,1535,1535,1535,1535,0
2022-12-09 14:24:00,1535,1535,1535,1535,0
2022-12-09 14:25:00,1535,1535,1535,1535,0
2022-12-09 14:26:00,1535,1535,1535,1535,0
2022-12-09 14:27:00,1535,1535,1535,1535,0
2022-12-09 14:28:00,1535,1535,1535,1535,0
2022-12-09 14:29:00,1535,1535,1535,1535,0
2022-12-09 14:30:00,1535,1535,1535,1535,0
2022-12-09 14:31:00,1535,1535,1535,1535,0
2022-12-09 14:32:00,1535,1535,1535,1535,0
2022-12-09 14:33:00,1535,1535,1535,1535,0
2022-12-09 14:34:00,1535,1535,1535,1535,0
2022-12-09 14:35:00,1535,1535,1535,1535,0
2022-12-09 14:36:00,1535,1535,1535,1535,0
2022-12-09 14:37:00,1535,1535,1535,1535,0
2022-12-09 14:38:00,1535,1535,1535,1535,0
2022-12-09 14:39:00,1535,1535,1535,1535,0
2022-12-09 14:40:00,1535,1535,1535,1535,0
2022-12-09 14:41:00,1535,1535,1535,1535,0
2022-12-09 14:42:00,1535,1535,1535,1535,0
2022-12-09 14:43:00,1535,1535,1535,1535,0
2022-12-09 14:44:00,1535,1535,1535,1535,0
2022-12-09 14:45:00,1535,1535,1535,1535,0
2022-12-09 14:46:00,1535,1535,1535,1535,0
2022-12-09 14:47:00,1535,1535,1535,1535,0
2022-12-09 14:48:00,1535,1535,1535,1535,0
2022-12-09 14:49:00,1535,1535,1535,1535,0
2022-12-09 14:50:00,1535,1535,1535,1535,0
2022-12-09 14:51:00,1535,1535,1535,1535,0
2022-12-09 14:52:00,1535,1535,1535,1535,0
2022-12-09 14:53:00,1535,1535,1535,1535,0
2022-12-09 14:54:00,1535,1535,1535,1535,0
2022-12-09 14:55:00,1535,1535,1535,1535,0
2022-12-09 14:56:00,1535,1535,1535,1535,0
2022-12-09 14:57:00,1535,1535,1535,1535,0
2022-12-09 14:58:00,1535,1535,1535,1535,0
2022-12-09 14:59:00,1535,1535,1535,1535,0
2022-12-09 15:00:00,1535,1535,1535,1535,0
2022-12-09 15:01:00,1535,1535,1535,1535,0
2022-12-09 15:02:00,1535,1535,1535,1535,0
2022-12-09 15:03:00,1535,1535,1535,1535,0
2022-12-09 15:04:00,1535,1535,1535,1535,0
2022-12-09 15:05:00,1535,1535,1535,1535,0
2022-12-09 15:06:00,1535,1535,1535,1535,0
2022-12-09 15:07:00,1535,1535,1535,1535,0
2022-12-09 15:08:00,1535,1535,1535,1535,0
2022-12-09 15:09:00,1535,1535,1535,1535,0
2022-12-09 15:10:00,1535,1535,1535,1535,0
2022-12-09 15:11:00,1535,1535,1535,1535,0
2022-12-09 15:12:00,1535,1535,1535,1535,0
2022-12-09 15:13:00,1535,1535,1535,1535,0
2022-12-09 15:14:00,1535,1535,1535,1535,0
2022-12-09 15:15:00,1535,1535,1535,1535,0
2022-12-09 15:16:00,1535,1535,1535,1535,0
2022-12-09 15:17:00,1535,1535,1535,1535,0
2022-12-09 15:18:00,1535,1535,1535,1535,0
2022-12-09 15:19:00,1535,1535,1535,1535,0
2022-12-09 15:20:00,1535,1535,1535,1535,0
2022-12-09 15:21:00,1535,1535,1535,1535,0
2022-12-09 15:22:00,1535,1535,1535,1535,0
2022-12-09 15:23:00,1535,1535,1535,1535,0
2022-12-09 15:24:00,1535,1535,1535,1535,0
2022-12-09 15:25:00,1535,1535,1535,1535,0
2022-12-09 15:26:00,1535,1535,1535,1535,0
2022-12-09 15:27:00,1535,1535,1535,1535,0
2022-12-09 15:28:00,1535,1535,1535,1535,0
2022-12-09 15:29:00,1535,1535,1535,1535,0
2022-12-09 15:30:00,1535,1535,1535,1535,0
2022-12-09 15:31:00,1535,1535,1535,1535,0
2022-12-09 15:32:00,1535,1535,1535,1535,0
2022-12-09 15:33:00,1535,1535,1535,1535,0
2022-12-09 15:34:00,1535,1535,1535,1535,0
2022-12-09 15:35:00,1535,1535,1535,1535,0
2022-12-09 15:36:00,1535,1535,1535,1535,0
2022-12-09 15:37:00,1535,1535,1535,1535,0
2022-12-09 15:38:00,1535,1535,1535,1535,0
2022-12-09 15:39:00,1535,1535,1535,1535,0
2022-12-09 15:40:00,1535,1535,1535,1535,0
2022-12-09 15:41:00,1535,1535,1535,1535,0
2022-12-09 15:42:00,1535,1535,1535,1535,0
2022-12-09 15:43:00,1535,1535,1535,1535,0
2022-12-09 15:44:00,1535,1535,1535,1535,0
2022-12-09 15:45:00,1535,1535,1535,1535,0
2022-12-09 15:46:00,1535,1535,1535,1535,0
2022-12-09 15:47:00,1535,1535,1535,1535,0
2022-12-09 15:48:00,1535,1535,1535,1535,0
2022-12-09 15:49:00,1535,1535,1535,1535,0
2022-12-09 15:50:00,1535,1535,1535,1535,0
2022-12-09 15:51:00,1535,1535,1535,1535,0
2022-12-09 15:52:00,1535,1535,1535,1535,0
2022-12-09 15:53:00,1535,1535,1535,1535,0
2022-12-09 15:54:00,1535,1535,1535,1535,0
2022-12-09 15:55:00,1535,1535,1535,1535,0
2022-12-09 15:56:00,1535,1535,1535,1535,0
2022-12-09 15:57:00,1535,1535,1535,1535,0
2022-12-09 15:58:00,1535,1535,1535,1535,0
2022-12-09 15:59:00,1535,1535,1535,1535,0
2022-12-14 14:21:00,1485,1485,1485,1485,0
2022-12-14 14:22:00,0,0,0,0,0
2022-12-14 14:23:00,0,0,0,0,0
2022-12-14 14:24:00,0,0,0,0,0
2022-12-14 14:25:00,0,0,0,0,0
2022-12-14 14:26:00,0,0,0,0,0
2022-12-14 14:27:00,0,0,0,0,0
2022-12-14 14:28:00,0,0,0,0,0
2022-12-14 14:29:00,0,0,0,0,0
2022-12-14 14:30:00,0,0,0,0,0
2022-12-14 14:31:00,0,0,0,0,0
2022-12-14 14:32:00,0,0,0,0,0
2022-12-14 14:33:00,0,0,0,0,0
2022-12-14 14:34:00,0,0,0,0,0
2022-12-14 14:35:00,0,0,0,0,0
2022-12-14 14:36:00,0,0,0,0,0
2022-12-14 14:37:00,0,0,0,0,0
2022-12-14 14:38:00,0,0,0,0,0
2022-12-14 14:39:00,1440,1440,1440,1440,200
2022-12-14 14:40:00,0,0,0,0,0
2022-12-14 14:41:00,0,0,0,0,0
2022-12-14 14:42:00,0,0,0,0,0
2022-12-14 14:43:00,0,0,0,0,0
2022-12-14 14:44:00,0,0,0,0,0
2022-12-14 14:45:00,0,0,0,0,0
2022-12-14 14:46:00,0,0,0,0,0
2022-12-14 14:47:00,0,0,0,0,0
2022-12-14 14:48:00,0,0,0,0,0
2022-12-14 14:49:00,0,0,0,0,0
2022-12-14 14:50:00,0,0,0,0,0
2022-12-14 14:51:00,0,0,0,0,0
2022-12-14 14:52:00,0,0,0,0,0
2022-12-14 14:53:00,0,0,0,0,0
2022-12-14 14:54:00,0,0,0,0,0
2022-12-14 14:55:00,0,0,0,0,0
2022-12-14 14:56:00,0,0,0,0,0
2022-12-14 14:57:00,0,0,0,0,0
2022-12-14 14:58:00,0,0,0,0,0
2022-12-14 14:59:00,0,0,0,0,0
2022-12-14 15:00:00,0,0,0,0,0
2022-12-14 15:01:00,0,0,0,0,0
2022-12-14 15:02:00,0,0,0,0,0
2022-12-14 15:03:00,0,0,0,0,0
2022-12-14 15:04:00,0,0,0,0,0
2022-12-14 15:05:00,0,0,0,0,0
2022-12-14 15:06:00,0,0,0,0,0
2022-12-14 15:07:00,0,0,0,0,0
2022-12-14 15:08:00,0,0,0,0,0
2022-12-14 15:09:00,0,0,0,0,0
2022-12-14 15:10:00,0,0,0,0,0
2022-12-14 15:11:00,0,0,0,0,0
2022-12-14 15:12:00,0,0,0,0,0
2022-12-14 15:13:00,0,0,0,0,0
2022-12-14 15:14:00,0,0,0,0,0
2022-12-14 15:15:00,0,0,0,0,0
2022-12-14 15:16:00,0,0,0,0,0
2022-12-14 15:17:00,0,0,0,0,0
2022-12-14 15:18:00,0,0,0,0,0
2022-12-14 15:19:00,0,0,0,0,0
2022-12-14 15:20:00,0,0,0,0,0
2022-12-14 15:21:00,0,0,0,0,0
2022-12-14 15:22:00,0,0,0,0,0
2022-12-14 15:23:00,0,0,0,0,0
2022-12-14 15:24:00,0,0,0,0,0
2022-12-14 15:25:00,0,0,0,0,0
2022-12-14 15:26:00,0,0,0,0,0
2022-12-14 15:27:00,0,0,0,0,0
2022-12-14 15:28:00,0,0,0,0,0
2022-12-14 15:29:00,0,0,0,0,0
2022-12-14 15:30:00,0,0,0,0,0
2022-12-14 15:31:00,0,0,0,0,0
2022-12-14 15:32:00,0,0,0,0,0
2022-12-14 15:33:00,0,0,0,0,0
2022-12-14 15:34:00,0,0,0,0,0
2022-12-14 15:35:00,0,0,0,0,0
2022-12-14 15:36:00,0,0,0,0,0
2022-12-14 15:37:00,0,0,0,0,0
2022-12-14 15:38:00,0,0,0,0,0
2022-12-14 15:39:00,0,0,0,0,0
2022-12-14 15:40:00,0,0,0,0,0
2022-12-14 15:41:00,0,0,0,0,0
2022-12-14 15:42:00,0,0,0,0,0
2022-12-14 15:43:00,0,0,0,0,0
2022-12-14 15:44:00,0,0,0,0,0
2022-12-14 15:45:00,0,0,0,0,0
2022-12-14 15:46:00,0,0,0,0,0
2022-12-14 15:47:00,0,0,0,0,0
2022-12-14 15:48:00,0,0,0,0,0
2022-12-14 15:49:00,0,0,0,0,0
2022-12-14 15:50:00,0,0,0,0,0
2022-12-14 15:51:00,0,0,0,0,0
2022-12-14 15:52:00,0,0,0,0,0
2022-12-14 15:53:00,0,0,0,0,0
2022-12-14 15:54:00,0,0,0,0,0
2022-12-14 15:55:00,0,0,0,0,0
2022-12-14 15:56:00,0,0,0,0,0
2022-12-14 15:57:00,0,0,0,0,0
2022-12-14 15:58:00,0,0,0,0,0
2022-12-14 15:59:00,0,0,0,0,0
2022-12-15 09:00:00,0,0,0,0,0
2022-12-15 09:01:00,0,0,0,0,0
2022-12-15 09:02:00,0,0,0,0,0
2022-12-15 09:03:00,0,0,0,0,0
2022-12-15 09:04:00,0,0,0,0,0
2022-12-15 09:05:00,0,0,0,0,0
2022-12-15 09:06:00,0,0,0,0,0
2022-12-15 09:07:00,0,0,0,0,0
2022-12-15 09:08:00,0,0,0,0,0
2022-12-15 09:09:00,0,0,0,0,0
2022-12-15 09:10:00,0,0,0,0,0
2022-12-15 09:11:00,0,0,0,0,0
2022-12-15 09:12:00,0,0,0,0,0
2022-12-15 09:13:00,0,0,0,0,0
2022-12-15 09:14:00,0,0,0,0,0
2022-12-15 09:15:00,0,0,0,0,0
2022-12-15 09:16:00,0,0,0,0,0
2022-12-15 09:17:00,0,0,0,0,0
2022-12-15 09:18:00,0,0,0,0,0
2022-12-15 09:19:00,0,0,0,0,0
2022-12-15 09:20:00,0,0,0,0,0
2022-12-15 09:21:00,0,0,0,0,0
2022-12-15 09:22:00,0,0,0,0,0
2022-12-15 09:23:00,0,0,0,0,0
2022-12-15 09:24:00,0,0,0,0,0
2022-12-15 09:25:00,0,0,0,0,0
2022-12-15 09:26:00,0,0,0,0,0
2022-12-15 09:27:00,0,0,0,0,0
2022-12-15 09:28:00,0,0,0,0,0
2022-12-15 09:29:00,0,0,0,0,0
2022-12-15 09:30:00,0,0,0,0,0
2022-12-15 09:31:00,0,0,0,0,0
2022-12-15 09:32:00,0,0,0,0,0
2022-12-15 09:33:00,0,0,0,0,0
2022-12-15 09:34:00,0,0,0,0,0
2022-12-15 09:35:00,0,0,0,0,0
2022-12-15 09:36:00,0,0,0,0,0
2022-12-15 09:37:00,0,0,0,0,0
2022-12-15 09:38:00,0,0,0,0,0
2022-12-15 09:39:00,0,0,0,0,0
2022-12-15 09:40:00,0,0,0,0,0
2022-12-15 09:41:00,0,0,0,0,0
2022-12-15 09:42:00,0,0,0,0,0
2022-12-15 09:43:00,0,0,0,0,0
2022-12-15 09:44:00,0,0,0,0,0
2022-12-15 09:45:00,0,0,0,0,0
2022-12-15 09:46:00,0,0,0,0,0
2022-12-15 09:47:00,0,0,0,0,0
2022-12-15 09:48:00,0,0,0,0,0
2022-12-15 09:49:00,0,0,0,0,0
2022-12-15 09:50:00,0,0,0,0,0
2022-12-15 09:51:00,0,0,0,0,0
2022-12-15 09:52:00,0,0,0,0,0
2022-12-15 09:53:00,0,0,0,0,0
2022-12-15 09:54:00,0,0,0,0,0
2022-12-15 09:55:00,0,0,0,0,0
2022-12-15 09:56:00,0,0,0,0,0
2022-12-15 09:57:00,0,0,0,0,0
2022-12-15 09:58:00,1400,1400,1400,1400,0
2022-12-15 09:59:00,0,0,0,0,0
2022-12-15 10:00:00,0,0,0,0,0
2022-12-15 10:01:00,0,0,0,0,0
2022-12-15 10:02:00,0,0,0,0,0
2022-12-15 10:03:00,0,0,0,0,0
2022-12-15 10:04:00,0,0,0,0,0
2022-12-15 10:05:00,0,0,0,0,0
2022-12-15 10:06:00,0,0,0,0,0
2022-12-15 10:07:00,0,0,0,0,0
2022-12-15 10:08:00,0,0,0,0,0
2022-12-15 10:09:00,0,0,0,0,0
2022-12-15 10:10:00,0,0,0,0,0
2022-12-15 10:11:00,0,0,0,0,0
2022-12-15 10:12:00,0,0,0,0,0
2022-12-15 10:13:00,0,0,0,0,0
2022-12-15 10:14:00,0,0,0,0,0
2022-12-15 10:15:00,0,0,0,0,0
2022-12-15 10:16:00,0,0,0,0,0
2022-12-15 10:17:00,0,0,0,0,0
2022-12-15 10:18:00,0,0,0,0,0
2022-12-15 10:19:00,0,0,0,0,0
2022-12-15 10:20:00,0,0,0,0,0
2022-12-15 10:21:00,0,0,0,0,0
2022-12-15 10:22:00,0,0,0,0,0
2022-12-15 10:23:00,0,0,0,0,0
2022-12-15 10:24:00,0,0,0,0,0
2022-12-15 10:25:00,0,0,0,0,0
2022-12-15 10:26:00,0,0,0,0,0
2022-12-15 10:27:00,0,0,0,0,0
2022-12-15 10:28:00,0,0,0,0,0
2022-12-15 10:29:00,0,0,0,0,0
2022-12-15 10:30:00,0,0,0,0,0
2022-12-15 10:31:00,0,0,0,0,0
2022-12-15 10:32:00,0,0,0,0,0
2022-12-15 10:33:00,0,0,0,0,0
2022-12-15 10:34:00,0,0,0,0,0
2022-12-15 10:35:00,0,0,0,0,0
2022-12-15 10:36:00,0,0,0,0,0
2022-12-15 10:37:00,0,0,0,0,0
2022-12-15 10:38:00,0,0,0,0,0
2022-12-15 10:39:00,0,0,0,0,0
2022-12-15 10:40:00,0,0,0,0,0
2022-12-15 10:41:00,0,0,0,0,0
2022-12-15 10:42:00,0,0,0,0,0
2022-12-15 10:43:00,0,0,0,0,0
2022-12-15 10:44:00,0,0,0,0,0
2022-12-15 10:45:00,0,0,0,0,0
2022-12-15 10:46:00,0,0,0,0,0
2022-12-15 10:47:00,0,0,0,0,0
2022-12-15 10:48:00,0,0,0,0,0
2022-12-15 10:49:00,0,0,0,0,0
2022-12-15 10:50:00,0,0,0,0,0
2022-12-15 10:51:00,0,0,0,0,0
2022-12-15 10:52:00,0,0,0,0,0
2022-12-15 10:53:00,0,0,0,0,0
2022-12-15 10:54:00,0,0,0,0,0
2022-12-15 10:55:00,0,0,0,0,0
2022-12-15 10:56:00,0,0,0,0,0
2022-12-15 10:57:00,0,0,0,0,0
2022-12-15 10:58:00,0,0,0,0,0
2022-12-15 10:59:00,0,0,0,0,0
2022-12-15 11:00:00,0,0,0,0,0
2022-12-15 11:01:00,0,0,0,0,0
2022-12-15 11:02:00,0,0,0,0,0
2022-12-15 11:03:00,0,0,0,0,0
2022-12-15 11:04:00,0,0,0,0,0
2022-12-15 11:05:00,0,0,0,0,0
2022-12-15 11:06:00,0,0,0,0,0
2022-12-15 11:07:00,0,0,0,0,0
2022-12-15 11:08:00,0,0,0,0,0
2022-12-15 11:09:00,0,0,0,0,0
2022-12-15 11:10:00,0,0,0,0,0
2022-12-15 11:11:00,0,0,0,0,0
2022-12-15 11:12:00,0,0,0,0,0
2022-12-15 11:13:00,0,0,0,0,0
2022-12-15 11:14:00,0,0,0,0,0
2022-12-15 11:15:00,0,0,0,0,0
2022-12-15 11:16:00,0,0,0,0,0
2022-12-15 11:17:00,0,0,0,0,0
2022-12-15 11:18:00,0,0,0,0,0
2022-12-15 11:19:00,0,0,0,0,0
2022-12-15 11:20:00,0,0,0,0,0
2022-12-15 11:21:00,0,0,0,0,0
2022-12-15 11:22:00,0,0,0,0,0
2022-12-15 11:23:00,0,0,0,0,0
2022-12-15 11:24:00,0,0,0,0,0
2022-12-15 11:25:00,0,0,0,0,0
2022-12-15 11:26:00,0,0,0,0,0
2022-12-15 11:27:00,0,0,0,0,0
2022-12-15 11:28:00,0,0,0,0,0
2022-12-15 11:29:00,0,0,0,0,0
2022-12-15 11:30:00,0,0,0,0,0
2022-12-15 11:31:00,0,0,0,0,0
2022-12-15 11:32:00,0,0,0,0,0
2022-12-15 11:33:00,0,0,0,0,0
2022-12-15 11:34:00,0,0,0,0,0
2022-12-15 11:35:00,0,0,0,0,0
2022-12-15 11:36:00,0,0,0,0,0
2022-12-15 11:37:00,0,0,0,0,0
2022-12-15 11:38:00,0,0,0,0,0
2022-12-15 11:39:00,0,0,0,0,0
2022-12-15 11:40:00,0,0,0,0,0
2022-12-15 11:41:00,0,0,0,0,0
2022-12-15 11:42:00,0,0,0,0,0
2022-12-15 11:43:00,0,0,0,0,0
2022-12-15 11:44:00,0,0,0,0,0
2022-12-15 11:45:00,0,0,0,0,0
2022-12-15 11:46:00,0,0,0,0,0
2022-12-15 11:47:00,0,0,0,0,0
2022-12-15 11:48:00,0,0,0,0,0
2022-12-15 11:49:00,0,0,0,0,0
2022-12-15 11:50:00,0,0,0,0,0
2022-12-15 11:51:00,0,0,0,0,0
2022-12-15 11:52:00,0,0,0,0,0
2022-12-15 11:53:00,0,0,0,0,0
2022-12-15 11:54:00,0,0,0,0,0
2022-12-15 11:55:00,0,0,0,0,0
2022-12-15 11:56:00,0,0,0,0,0
2022-12-15 11:57:00,0,0,0,0,0
2022-12-15 11:58:00,0,0,0,0,0
2022-12-15 11:59:00,0,0,0,0,0
2022-12-15 12:00:00,0,0,0,0,0
2022-12-15 12:01:00,0,0,0,0,0
2022-12-15 12:02:00,0,0,0,0,0
2022-12-15 12:03:00,0,0,0,0,0
2022-12-15 12:04:00,0,0,0,0,0
2022-12-15 12:05:00,0,0,0,0,0
2022-12-15 12:06:00,0,0,0,0,0
2022-12-15 12:07:00,0,0,0,0,0
2022-12-15 12:08:00,0,0,0,0,0
2022-12-15 12:09:00,0,0,0,0,0
2022-12-15 12:10:00,0,0,0,0,0
2022-12-15 12:11:00,0,0,0,0,0
2022-12-15 12:12:00,0,0,0,0,0
2022-12-15 12:13:00,0,0,0,0,0
2022-12-15 12:14:00,0,0,0,0,0
2022-12-15 12:15:00,0,0,0,0,0
2022-12-15 12:16:00,0,0,0,0,0
2022-12-15 12:17:00,0,0,0,0,0
2022-12-15 12:18:00,0,0,0,0,0
2022-12-15 12:19:00,0,0,0,0,0
2022-12-15 12:20:00,0,0,0,0,0
2022-12-15 12:21:00,0,0,0,0,0
2022-12-15 12:22:00,0,0,0,0,0
2022-12-15 12:23:00,0,0,0,0,0
2022-12-15 12:24:00,0,0,0,0,0
2022-12-15 12:25:00,0,0,0,0,0
2022-12-15 12:26:00,0,0,0,0,0
2022-12-15 12:27:00,0,0,0,0,0
2022-12-15 12:28:00,0,0,0,0,0
2022-12-15 12:29:00,0,0,0,0,0
2022-12-15 12:30:00,0,0,0,0,0
2022-12-15 12:31:00,0,0,0,0,0
2022-12-15 12:32:00,0,0,0,0,0
2022-12-15 12:33:00,0,0,0,0,0
2022-12-15 12:34:00,0,0,0,0,0
2022-12-15 12:35:00,0,0,0,0,0
2022-12-15 12:36:00,0,0,0,0,0
2022-12-15 12:37:00,0,0,0,0,0
2022-12-15 12:38:00,0,0,0,0,0
2022-12-15 12:39:00,0,0,0,0,0
2022-12-15 12:40:00,0,0,0,0,0
2022-12-15 12:41:00,0,0,0,0,0
2022-12-15 12:42:00,0,0,0,0,0
2022-12-15 12:43:00,0,0,0,0,0
2022-12-15 12:44:00,0,0,0,0,0
2022-12-15 12:45:00,0,0,0,0,0
2022-12-15 12:46:00,0,0,0,0,0
2022-12-15 12:47:00,0,0,0,0,0
2022-12-15 12:48:00,0,0,0,0,0
2022-12-15 12:49:00,0,0,0,0,0
2022-12-15 12:50:00,0,0,0,0,0
2022-12-15 12:51:00,0,0,0,0,0
2022-12-15 12:52:00,0,0,0,0,0
2022-12-15 12:53:00,0,0,0,0,0
2022-12-15 12:54:00,0,0,0,0,0
2022-12-15 12:55:00,0,0,0,0,0
2022-12-15 12:56:00,0,0,0,0,0
2022-12-15 12:57:00,0,0,0,0,0
2022-12-15 12:58:00,0,0,0,0,0
2022-12-15 12:59:00,0,0,0,0,0
2022-12-15 13:00:00,0,0,0,0,0
2022-12-15 13:01:00,0,0,0,0,0
2022-12-15 13:02:00,0,0,0,0,0
2022-12-15 13:03:00,0,0,0,0,0
2022-12-15 13:04:00,0,0,0,0,0
2022-12-15 13:05:00,0,0,0,0,0
2022-12-15 13:06:00,0,0,0,0,0
2022-12-15 13:07:00,0,0,0,0,0
2022-12-15 13:08:00,0,0,0,0,0
2022-12-15 13:09:00,0,0,0,0,0
2022-12-15 13:10:00,0,0,0,0,0
2022-12-15 13:11:00,0,0,0,0,0
2022-12-15 13:12:00,0,0,0,0,0
2022-12-15 13:13:00,0,0,0,0,0
2022-12-15 13:14:00,0,0,0,0,0
2022-12-15 13:15:00,0,0,0,0,0
2022-12-15 13:16:00,0,0,0,0,0
2022-12-15 13:17:00,0,0,0,0,0
2022-12-15 13:18:00,0,0,0,0,0
2022-12-15 13:19:00,0,0,0,0,0
2022-12-15 13:20:00,0,0,0,0,0
2022-12-15 13:21:00,0,0,0,0,0
2022-12-15 13:22:00,0,0,0,0,0
2022-12-15 13:23:00,0,0,0,0,0
2022-12-15 13:24:00,0,0,0,0,0
2022-12-15 13:25:00,0,0,0,0,0
2022-12-15 13:26:00,0,0,0,0,0
2022-12-15 13:27:00,0,0,0,0,0
2022-12-15 13:28:00,0,0,0,0,0
2022-12-15 13:29:00,0,0,0,0,0
2022-12-15 13:30:00,0,0,0,0,0
2022-12-15 13:31:00,0,0,0,0,0
2022-12-15 13:32:00,0,0,0,0,0
2022-12-15 13:33:00,0,0,0,0,0
2022-12-15 13:34:00,0,0,0,0,0
2022-12-15 13:35:00,0,0,0,0,0
2022-12-15 13:36:00,0,0,0,0,0
2022-12-15 13:37:00,0,0,0,0,0
2022-12-15 13:38:00,0,0,0,0,0
2022-12-15 13:39:00,0,0,0,0,0
2022-12-15 13:40:00,0,0,0,0,0
2022-12-15 13:41:00,0,0,0,0,0
2022-12-15 13:42:00,0,0,0,0,0
2022-12-15 13:43:00,0,0,0,0,0
2022-12-15 13:44:00,0,0,0,0,0
2022-12-15 13:45:00,0,0,0,0,0
2022-12-15 13:46:00,0,0,0,0,0
2022-12-15 13:47:00,0,0,0,0,0
2022-12-15 13:48:00,0,0,0,0,0
2022-12-15 13:49:00,0,0,0,0,0
2022-12-15 13:50:00,0,0,0,0,0
2022-12-15 13:51:00,0,0,0,0,0
2022-12-15 13:52:00,0,0,0,0,0
2022-12-15 13:53:00,0,0,0,0,0
2022-12-15 13:54:00,0,0,0,0,0
2022-12-15 13:55:00,0,0,0,0,0
2022-12-15 13:56:00,0,0,0,0,0
2022-12-15 13:57:00,0,0,0,0,0
2022-12-15 13:58:00,0,0,0,0,0
2022-12-15 13:59:00,0,0,0,0,0
2022-12-15 14:00:00,0,0,0,0,0
2022-12-15 14:01:00,0,0,0,0,0
2022-12-15 14:02:00,0,0,0,0,0
2022-12-15 14:03:00,0,0,0,0,0
2022-12-15 14:04:00,0,0,0,0,0
2022-12-15 14:05:00,0,0,0,0,0
2022-12-15 14:06:00,0,0,0,0,0
2022-12-15 14:07:00,0,0,0,0,0
2022-12-15 14:08:00,0,0,0,0,0
2022-12-15 14:09:00,0,0,0,0,0
2022-12-15 14:10:00,0,0,0,0,0
2022-12-15 14:11:00,0,0,0,0,0
2022-12-15 14:12:00,0,0,0,0,0
2022-12-15 14:13:00,1395,1395,1395,1395,200
2022-12-15 14:14:00,0,0,0,0,0
2022-12-15 14:15:00,0,0,0,0,0
2022-12-15 14:16:00,0,0,0,0,0
2022-12-15 14:17:00,0,0,0,0,0
2022-12-15 14:18:00,0,0,0,0,0
2022-12-15 14:19:00,0,0,0,0,0
2022-12-15 14:20:00,0,0,0,0,0
2022-12-15 14:21:00,1365,1365,1365,1365,0
2022-12-15 14:22:00,0,0,0,0,0
2022-12-15 14:23:00,1395,1395,1395,1395,2800
2022-12-15 14:23:16,1395,1395,1395,1395,0
2022-12-15 14:24:00,0,0,0,0,0
2022-12-15 14:25:00,0,0,0,0,0
2022-12-15 14:26:00,0,0,0,0,0
2022-12-15 14:27:00,0,0,0,0,0
2022-12-15 14:28:00,0,0,0,0,0
2022-12-15 14:29:00,0,0,0,0,0
2022-12-15 14:30:00,0,0,0,0,0
2022-12-15 14:31:00,0,0,0,0,0
2022-12-15 14:32:00,0,0,0,0,0
2022-12-15 14:33:00,0,0,0,0,0
2022-12-15 14:34:00,0,0,0,0,0
2022-12-15 14:35:00,0,0,0,0,0
2022-12-15 14:36:00,0,0,0,0,0
2022-12-15 14:37:00,0,0,0,0,0
2022-12-15 14:38:00,0,0,0,0,0
2022-12-15 14:39:00,0,0,0,0,0
2022-12-15 14:40:00,0,0,0,0,0
2022-12-15 14:41:00,0,0,0,0,0
2022-12-15 14:42:00,0,0,0,0,0
2022-12-15 14:43:00,0,0,0,0,0
2022-12-15 14:44:00,0,0,0,0,0
2022-12-15 14:45:00,0,0,0,0,0
2022-12-15 14:46:00,0,0,0,0,0
2022-12-15 14:47:00,0,0,0,0,0
2022-12-15 14:48:00,0,0,0,0,0
2022-12-15 14:49:00,0,0,0,0,0
2022-12-15 14:50:00,0,0,0,0,0
2022-12-15 14:51:00,0,0,0,0,0
2022-12-15 14:52:00,0,0,0,0,0
2022-12-15 14:53:00,0,0,0,0,0
2022-12-15 14:54:00,0,0,0,0,0
2022-12-15 14:55:00,0,0,0,0,0
2022-12-15 14:56:00,0,0,0,0,0
2022-12-15 14:57:00,0,0,0,0,0
2022-12-15 14:58:00,0,0,0,0,0
2022-12-15 14:59:00,0,0,0,0,0
2022-12-15 15:00:00,0,0,0,0,0
2022-12-15 15:01:00,0,0,0,0,0
2022-12-15 15:02:00,0,0,0,0,0
2022-12-15 15:03:00,0,0,0,0,0
2022-12-15 15:04:00,0,0,0,0,0
2022-12-15 15:05:00,0,0,0,0,0
2022-12-15 15:06:00,0,0,0,0,0
2022-12-15 15:07:00,0,0,0,0,0
2022-12-15 15:08:00,0,0,0,0,0
2022-12-15 15:09:00,0,0,0,0,0
2022-12-15 15:10:00,0,0,0,0,0
2022-12-15 15:11:00,0,0,0,0,0
2022-12-15 15:12:00,0,0,0,0,0
2022-12-15 15:13:00,0,0,0,0,0
2022-12-15 15:14:00,0,0,0,0,0
2022-12-15 15:15:00,0,0,0,0,0
2022-12-15 15:16:00,0,0,0,0,0
2022-12-15 15:17:00,0,0,0,0,0
2022-12-15 15:18:00,0,0,0,0,0
2022-12-15 15:19:00,0,0,0,0,0
2022-12-15 15:20:00,0,0,0,0,0
2022-12-15 15:21:00,0,0,0,0,0
2022-12-15 15:22:00,0,0,0,0,0
2022-12-15 15:23:00,0,0,0,0,0
2022-12-15 15:24:00,0,0,0,0,0
2022-12-15 15:25:00,0,0,0,0,0
2022-12-15 15:26:00,0,0,0,0,0
2022-12-15 15:27:00,0,0,0,0,0
2022-12-15 15:28:00,0,0,0,0,0
2022-12-15 15:29:00,0,0,0,0,0
2022-12-15 15:30:00,0,0,0,0,0
2022-12-15 15:31:00,0,0,0,0,0
2022-12-15 15:32:00,0,0,0,0,0
2022-12-15 15:33:00,0,0,0,0,0
2022-12-15 15:34:00,0,0,0,0,0
2022-12-15 15:35:00,0,0,0,0,0
2022-12-15 15:36:00,0,0,0,0,0
2022-12-15 15:37:00,0,0,0,0,0
2022-12-15 15:38:00,0,0,0,0,0
2022-12-15 15:39:00,0,0,0,0,0
2022-12-15 15:40:00,0,0,0,0,0
2022-12-15 15:41:00,0,0,0,0,0
2022-12-15 15:42:00,0,0,0,0,0
2022-12-15 15:43:00,0,0,0,0,0
2022-12-15 15:44:00,0,0,0,0,0
2022-12-15 15:45:00,0,0,0,0,0
2022-12-15 15:46:00,0,0,0,0,0
2022-12-15 15:47:00,0,0,0,0,0
2022-12-15 15:48:00,0,0,0,0,0
2022-12-15 15:49:00,0,0,0,0,0
2022-12-15 15:50:00,0,0,0,0,0
2022-12-15 15:51:00,0,0,0,0,0
2022-12-15 15:52:00,0,0,0,0,0
2022-12-15 15:53:00,0,0,0,0,0
2022-12-15 15:54:00,0,0,0,0,0
2022-12-15 15:55:00,0,0,0,0,0
2022-12-15 15:56:00,0,0,0,0,0
2022-12-15 15:57:00,0,0,0,0,0
2022-12-15 15:58:00,0,0,0,0,0
2022-12-15 15:59:00,0,0,0,0,0
2022-12-16 09:00:00,0,0,0,0,0
2022-12-16 09:01:00,0,0,0,0,0
2022-12-16 09:02:00,0,0,0,0,0
2022-12-16 09:03:00,0,0,0,0,0
2022-12-16 09:04:00,0,0,0,0,0
2022-12-16 09:05:00,0,0,0,0,0
2022-12-16 09:06:00,0,0,0,0,0
2022-12-16 09:07:00,0,0,0,0,0
2022-12-16 09:08:00,0,0,0,0,0
2022-12-16 09:09:00,0,0,0,0,0
2022-12-16 09:10:00,0,0,0,0,0
2022-12-16 09:11:00,0,0,0,0,0
2022-12-16 09:12:00,0,0,0,0,0
2022-12-16 09:13:00,0,0,0,0,0
2022-12-16 09:14:00,0,0,0,0,0
2022-12-16 09:15:00,0,0,0,0,0
2022-12-16 09:16:00,0,0,0,0,0
2022-12-16 09:17:00,0,0,0,0,0
2022-12-16 09:18:00,0,0,0,0,0
2022-12-16 09:19:00,0,0,0,0,0
2022-12-16 09:20:00,0,0,0,0,0
2022-12-16 09:21:00,0,0,0,0,0
2022-12-16 09:22:00,0,0,0,0,0
2022-12-16 09:23:00,0,0,0,0,0
2022-12-16 09:24:00,0,0,0,0,0
2022-12-16 09:25:00,0,0,0,0,0
2022-12-16 09:26:00,0,0,0,0,0
2022-12-16 09:27:00,0,0,0,0,0
2022-12-16 09:28:00,0,0,0,0,0
2022-12-16 09:29:00,0,0,0,0,0
2022-12-16 09:30:00,0,0,0,0,0
2022-12-16 09:31:00,0,0,0,0,0
2022-12-16 09:32:00,0,0,0,0,0
2022-12-16 09:33:00,0,0,0,0,0
2022-12-16 09:34:00,0,0,0,0,0
2022-12-16 09:35:00,0,0,0,0,0
2022-12-16 09:36:00,0,0,0,0,0
2022-12-16 09:37:00,0,0,0,0,0
2022-12-16 09:38:00,0,0,0,0,0
2022-12-16 09:39:00,0,0,0,0,0
2022-12-16 09:40:00,0,0,0,0,0
2022-12-16 09:41:00,0,0,0,0,0
2022-12-16 09:42:00,0,0,0,0,0
2022-12-16 09:43:00,0,0,0,0,0
2022-12-16 09:44:00,0,0,0,0,0
2022-12-16 09:45:00,0,0,0,0,0
2022-12-16 09:46:00,0,0,0,0,0
2022-12-16 09:47:00,0,0,0,0,0
2022-12-16 09:48:00,0,0,0,0,0
2022-12-16 09:49:00,0,0,0,0,0
2022-12-16 09:50:00,0,0,0,0,0
2022-12-16 09:51:00,0,0,0,0,0
2022-12-16 09:52:00,0,0,0,0,0
2022-12-16 09:53:00,0,0,0,0,0
2022-12-16 09:54:00,0,0,0,0,0
2022-12-16 09:55:00,0,0,0,0,0
2022-12-16 09:56:00,0,0,0,0,0
2022-12-16 09:57:00,0,0,0,0,0
2022-12-16 09:58:00,0,0,0,0,0
2022-12-16 09:59:00,0,0,0,0,0
2022-12-16 10:00:00,0,0,0,0,0
2022-12-16 10:01:00,0,0,0,0,0
2022-12-16 10:02:00,0,0,0,0,0
2022-12-16 10:03:00,0,0,0,0,0
2022-12-16 10:04:00,0,0,0,0,0
2022-12-16 10:05:00,0,0,0,0,0
2022-12-16 10:06:00,0,0,0,0,0
2022-12-16 10:07:00,0,0,0,0,0
2022-12-16 10:08:00,0,0,0,0,0
2022-12-16 10:09:00,0,0,0,0,0
2022-12-16 10:10:00,0,0,0,0,0
2022-12-16 10:11:00,0,0,0,0,0
2022-12-16 10:12:00,0,0,0,0,0
2022-12-16 10:13:00,0,0,0,0,0
2022-12-16 10:14:00,0,0,0,0,0
2022-12-16 10:15:00,0,0,0,0,0
2022-12-16 10:16:00,0,0,0,0,0
2022-12-16 10:17:00,0,0,0,0,0
2022-12-16 10:18:00,0,0,0,0,0
2022-12-16 10:19:00,0,0,0,0,0
2022-12-16 10:20:00,0,0,0,0,0
2022-12-16 10:21:00,0,0,0,0,0
2022-12-16 10:22:00,0,0,0,0,0
2022-12-16 10:23:00,0,0,0,0,0
2022-12-16 10:24:00,0,0,0,0,0
2022-12-16 10:25:00,0,0,0,0,0
2022-12-16 10:26:00,0,0,0,0,0
2022-12-16 10:27:00,0,0,0,0,0
2022-12-16 10:28:00,0,0,0,0,0
2022-12-16 10:29:00,0,0,0,0,0
2022-12-16 10:30:00,0,0,0,0,0
2022-12-16 10:31:00,0,0,0,0,0
2022-12-16 10:32:00,0,0,0,0,0
2022-12-16 10:33:00,0,0,0,0,0
2022-12-16 10:34:00,0,0,0,0,0
2022-12-16 10:35:00,0,0,0,0,0
2022-12-16 10:36:00,0,0,0,0,0
2022-12-16 10:37:00,0,0,0,0,0
2022-12-16 10:38:00,0,0,0,0,0
2022-12-16 10:39:00,0,0,0,0,0
2022-12-16 10:40:00,0,0,0,0,0
2022-12-16 10:41:00,0,0,0,0,0
2022-12-16 10:42:00,0,0,0,0,0
2022-12-16 10:43:00,0,0,0,0,0
2022-12-16 10:44:00,0,0,0,0,0
2022-12-16 10:45:00,0,0,0,0,0
2022-12-16 10:46:00,0,0,0,0,0
2022-12-16 10:47:00,0,0,0,0,0
2022-12-16 10:48:00,0,0,0,0,0
2022-12-16 10:49:00,0,0,0,0,0
2022-12-16 10:50:00,0,0,0,0,0
2022-12-16 10:51:00,0,0,0,0,0
2022-12-16 10:52:00,0,0,0,0,0
2022-12-16 10:53:00,0,0,0,0,0
2022-12-16 10:54:00,0,0,0,0,0
2022-12-16 10:55:00,0,0,0,0,0
2022-12-16 10:56:00,0,0,0,0,0
2022-12-16 10:57:00,0,0,0,0,0
2022-12-16 10:58:00,0,0,0,0,0
2022-12-16 10:59:00,0,0,0,0,0
2022-12-16 11:00:00,0,0,0,0,0
2022-12-16 11:01:00,0,0,0,0,0
2022-12-16 11:02:00,0,0,0,0,0
2022-12-16 11:03:00,0,0,0,0,0
2022-12-16 11:04:00,0,0,0,0,0
2022-12-16 11:05:00,0,0,0,0,0
2022-12-16 11:06:00,0,0,0,0,0
2022-12-16 11:07:00,0,0,0,0,0
2022-12-16 11:08:00,0,0,0,0,0
2022-12-16 11:09:00,0,0,0,0,0
2022-12-16 11:10:00,0,0,0,0,0
2022-12-16 11:11:00,0,0,0,0,0
2022-12-16 11:12:00,0,0,0,0,0
2022-12-16 11:13:00,0,0,0,0,0
2022-12-16 11:14:00,0,0,0,0,0
2022-12-16 11:15:00,0,0,0,0,0
2022-12-16 11:16:00,0,0,0,0,0
2022-12-16 11:17:00,0,0,0,0,0
2022-12-16 11:18:00,0,0,0,0,0
2022-12-16 11:19:00,0,0,0,0,0
2022-12-16 11:20:00,0,0,0,0,0
2022-12-16 11:21:00,0,0,0,0,0
2022-12-16 11:22:00,0,0,0,0,0
2022-12-16 11:23:00,0,0,0,0,0
2022-12-16 11:24:00,0,0,0,0,0
2022-12-16 11:25:00,0,0,0,0,0
2022-12-16 11:26:00,0,0,0,0,0
2022-12-16 11:27:00,0,0,0,0,0
2022-12-16 11:28:00,0,0,0,0,0
2022-12-16 11:29:00,0,0,0,0,0
2022-12-16 11:30:00,0,0,0,0,0
2022-12-16 11:31:00,0,0,0,0,0
2022-12-16 11:32:00,0,0,0,0,0
2022-12-16 11:33:00,0,0,0,0,0
2022-12-16 11:34:00,0,0,0,0,0
2022-12-16 11:35:00,0,0,0,0,0
2022-12-16 11:36:00,0,0,0,0,0
2022-12-16 11:37:00,0,0,0,0,0
2022-12-16 11:38:00,0,0,0,0,0
2022-12-16 11:39:00,0,0,0,0,0
2022-12-16 11:40:00,0,0,0,0,0
2022-12-16 11:41:00,0,0,0,0,0
2022-12-16 11:42:00,0,0,0,0,0
2022-12-16 11:43:00,0,0,0,0,0
2022-12-16 11:44:00,0,0,0,0,0
2022-12-16 11:45:00,0,0,0,0,0
2022-12-16 11:46:00,0,0,0,0,0
2022-12-16 11:47:00,0,0,0,0,0
2022-12-16 11:48:00,0,0,0,0,0
2022-12-16 11:49:00,0,0,0,0,0
2022-12-16 11:50:00,0,0,0,0,0
2022-12-16 11:51:00,0,0,0,0,0
2022-12-16 11:52:00,0,0,0,0,0
2022-12-16 11:53:00,0,0,0,0,0
2022-12-16 11:54:00,0,0,0,0,0
2022-12-16 11:55:00,0,0,0,0,0
2022-12-16 11:56:00,0,0,0,0,0
2022-12-16 11:57:00,0,0,0,0,0
2022-12-16 11:58:00,0,0,0,0,0
2022-12-16 11:59:00,0,0,0,0,0
2022-12-16 12:00:00,0,0,0,0,0
2022-12-16 12:01:00,0,0,0,0,0
2022-12-16 12:02:00,0,0,0,0,0
2022-12-16 12:03:00,0,0,0,0,0
2022-12-16 12:04:00,0,0,0,0,0
2022-12-16 12:05:00,0,0,0,0,0
2022-12-16 12:06:00,0,0,0,0,0
2022-12-16 12:07:00,0,0,0,0,0
2022-12-16 12:08:00,0,0,0,0,0
2022-12-16 12:09:00,0,0,0,0,0
2022-12-16 12:10:00,0,0,0,0,0
2022-12-16 12:11:00,0,0,0,0,0
2022-12-16 12:12:00,0,0,0,0,0
2022-12-16 12:13:00,0,0,0,0,0
2022-12-16 12:14:00,0,0,0,0,0
2022-12-16 12:15:00,0,0,0,0,0
2022-12-16 12:16:00,0,0,0,0,0
2022-12-16 12:17:00,0,0,0,0,0
2022-12-16 12:18:00,0,0,0,0,0
2022-12-16 12:19:00,0,0,0,0,0
2022-12-16 12:20:00,0,0,0,0,0
2022-12-16 12:21:00,0,0,0,0,0
2022-12-16 12:22:00,0,0,0,0,0
2022-12-16 12:23:00,0,0,0,0,0
2022-12-16 12:24:00,0,0,0,0,0
2022-12-16 12:25:00,0,0,0,0,0
2022-12-16 12:26:00,0,0,0,0,0
2022-12-16 12:27:00,0,0,0,0,0
2022-12-16 12:28:00,0,0,0,0,0
2022-12-16 12:29:00,0,0,0,0,0
2022-12-16 12:30:00,0,0,0,0,0
2022-12-16 12:31:00,0,0,0,0,0
2022-12-16 12:32:00,0,0,0,0,0
2022-12-16 12:33:00,0,0,0,0,0
2022-12-16 12:34:00,0,0,0,0,0
2022-12-16 12:35:00,0,0,0,0,0
2022-12-16 12:36:00,0,0,0,0,0
2022-12-16 12:37:00,0,0,0,0,0
2022-12-16 12:38:00,0,0,0,0,0
2022-12-16 12:39:00,0,0,0,0,0
2022-12-16 12:40:00,0,0,0,0,0
2022-12-16 12:41:00,0,0,0,0,0
2022-12-16 12:42:00,0,0,0,0,0
2022-12-16 12:43:00,0,0,0,0,0
2022-12-16 12:44:00,0,0,0,0,0
2022-12-16 12:45:00,0,0,0,0,0
2022-12-16 12:46:00,0,0,0,0,0
2022-12-16 12:47:00,0,0,0,0,0
2022-12-16 12:48:00,0,0,0,0,0
2022-12-16 12:49:00,0,0,0,0,0
2022-12-16 12:50:00,0,0,0,0,0
2022-12-16 12:51:00,0,0,0,0,0
2022-12-16 12:52:00,0,0,0,0,0
2022-12-16 12:53:00,0,0,0,0,0
2022-12-16 12:54:00,0,0,0,0,0
2022-12-16 12:55:00,0,0,0,0,0
2022-12-16 12:56:00,0,0,0,0,0
2022-12-16 12:57:00,0,0,0,0,0
2022-12-16 12:58:00,0,0,0,0,0
2022-12-16 12:59:00,0,0,0,0,0
2022-12-16 13:00:00,0,0,0,0,0
2022-12-16 13:01:00,0,0,0,0,0
2022-12-16 13:02:00,0,0,0,0,0
2022-12-16 13:03:00,0,0,0,0,0
2022-12-16 13:04:00,0,0,0,0,0
2022-12-16 13:05:00,0,0,0,0,0
2022-12-16 13:06:00,0,0,0,0,0
2022-12-16 13:07:00,0,0,0,0,0
2022-12-16 13:08:00,0,0,0,0,0
2022-12-16 13:09:00,0,0,0,0,0
2022-12-16 13:10:00,0,0,0,0,0
2022-12-16 13:11:00,0,0,0,0,0
2022-12-16 13:12:00,0,0,0,0,0
2022-12-16 13:13:00,0,0,0,0,0
2022-12-16 13:14:00,0,0,0,0,0
2022-12-16 13:15:00,0,0,0,0,0
2022-12-16 13:16:00,0,0,0,0,0
2022-12-16 13:17:00,0,0,0,0,0
2022-12-16 13:18:00,0,0,0,0,0
2022-12-16 13:19:00,0,0,0,0,0
2022-12-16 13:20:00,0,0,0,0,0
2022-12-16 13:21:00,0,0,0,0,0
2022-12-16 13:22:00,0,0,0,0,0
2022-12-16 13:23:00,0,0,0,0,0
2022-12-16 13:24:00,0,0,0,0,0
2022-12-16 13:25:00,0,0,0,0,0
2022-12-16 13:26:00,0,0,0,0,0
2022-12-16 13:27:00,0,0,0,0,0
2022-12-16 13:28:00,0,0,0,0,0
2022-12-16 13:29:00,0,0,0,0,0
2022-12-16 13:30:00,0,0,0,0,0
2022-12-16 13:31:00,0,0,0,0,0
2022-12-16 13:32:00,0,0,0,0,0
2022-12-16 13:33:00,0,0,0,0,0
2022-12-16 13:34:00,0,0,0,0,0
2022-12-16 13:35:00,0,0,0,0,0
2022-12-16 13:36:00,0,0,0,0,0
2022-12-16 13:37:00,0,0,0,0,0
2022-12-16 13:38:00,0,0,0,0,0
2022-12-16 13:39:00,0,0,0,0,0
2022-12-16 13:40:00,0,0,0,0,0
2022-12-16 13:41:00,0,0,0,0,0
2022-12-16 13:42:00,0,0,0,0,0
2022-12-16 13:43:00,0,0,0,0,0
2022-12-16 13:44:00,0,0,0,0,0
2022-12-16 13:45:00,0,0,0,0,0
2022-12-16 13:46:00,0,0,0,0,0
2022-12-16 13:47:00,0,0,0,0,0
2022-12-16 13:48:00,0,0,0,0,0
2022-12-16 13:49:00,0,0,0,0,0
2022-12-16 13:50:00,0,0,0,0,0
2022-12-16 13:51:00,0,0,0,0,0
2022-12-16 13:52:00,0,0,0,0,0
2022-12-16 13:53:00,0,0,0,0,0
2022-12-16 13:54:00,0,0,0,0,0
2022-12-16 13:55:00,0,0,0,0,0
2022-12-16 13:56:00,0,0,0,0,0
2022-12-16 13:57:00,0,0,0,0,0
2022-12-16 13:58:00,0,0,0,0,0
2022-12-16 13:59:00,0,0,0,0,0
2022-12-16 14:00:00,0,0,0,0,0
2022-12-16 14:01:00,0,0,0,0,0
2022-12-16 14:02:00,0,0,0,0,0
2022-12-16 14:03:00,0,0,0,0,0
2022-12-16 14:04:00,0,0,0,0,0
2022-12-16 14:05:00,0,0,0,0,0
2022-12-16 14:06:00,0,0,0,0,0
2022-12-16 14:07:00,0,0,0,0,0
2022-12-16 14:08:00,0,0,0,0,0
2022-12-16 14:09:00,0,0,0,0,0
2022-12-16 14:10:00,0,0,0,0,0
2022-12-16 14:11:00,0,0,0,0,0
2022-12-16 14:12:00,0,0,0,0,0
2022-12-16 14:13:00,0,0,0,0,0
2022-12-16 14:14:00,0,0,0,0,0
2022-12-16 14:15:00,0,0,0,0,0
2022-12-16 14:16:00,0,0,0,0,0
2022-12-16 14:17:00,0,0,0,0,0
2022-12-16 14:18:00,0,0,0,0,0
2022-12-16 14:19:00,0,0,0,0,0
2022-12-16 14:20:00,0,0,0,0,0
2022-12-16 14:21:00,0,0,0,0,0
2022-12-16 14:22:00,0,0,0,0,0
2022-12-16 14:23:00,0,0,0,0,0
2022-12-16 14:24:00,0,0,0,0,0
2022-12-16 14:25:00,0,0,0,0,0
2022-12-16 14:26:00,0,0,0,0,0
2022-12-16 14:27:00,0,0,0,0,0
2022-12-16 14:28:00,0,0,0,0,0
2022-12-16 14:29:00,0,0,0,0,0
2022-12-16 14:30:00,0,0,0,0,0
2022-12-16 14:31:00,0,0,0,0,0
2022-12-16 14:32:00,0,0,0,0,0
2022-12-16 14:33:00,0,0,0,0,0
2022-12-16 14:34:00,0,0,0,0,0
2022-12-16 14:35:00,0,0,0,0,0
2022-12-16 14:36:00,0,0,0,0,0
2022-12-16 14:37:00,0,0,0,0,0
2022-12-16 14:38:00,0,0,0,0,0
2022-12-16 14:39:00,0,0,0,0,0
2022-12-16 14:40:00,0,0,0,0,0
2022-12-16 14:41:00,0,0,0,0,0
2022-12-16 14:42:00,0,0,0,0,0
2022-12-16 14:43:00,0,0,0,0,0
2022-12-16 14:44:00,0,0,0,0,0
2022-12-16 14:45:00,0,0,0,0,0
2022-12-16 14:46:00,0,0,0,0,0
2022-12-16 14:47:00,0,0,0,0,0
2022-12-16 14:48:00,0,0,0,0,0
2022-12-16 14:49:00,0,0,0,0,0
2022-12-16 14:50:00,0,0,0,0,0
2022-12-16 14:51:00,0,0,0,0,0
2022-12-16 14:52:00,0,0,0,0,0
2022-12-16 14:53:00,0,0,0,0,0
2022-12-16 14:54:00,0,0,0,0,0
2022-12-16 14:55:00,0,0,0,0,0
2022-12-16 14:56:00,0,0,0,0,0
2022-12-16 14:57:00,0,0,0,0,0
2022-12-16 14:58:00,0,0,0,0,0
2022-12-16 14:59:00,0,0,0,0,0
2022-12-16 15:00:00,0,0,0,0,0
2022-12-16 15:01:00,0,0,0,0,0
2022-12-16 15:02:00,0,0,0,0,0
2022-12-16 15:03:00,0,0,0,0,0
2022-12-16 15:04:00,0,0,0,0,0
2022-12-16 15:05:00,0,0,0,0,0
2022-12-16 15:06:00,0,0,0,0,0
2022-12-16 15:07:00,0,0,0,0,0
2022-12-16 15:08:00,0,0,0,0,0
2022-12-16 15:09:00,0,0,0,0,0
2022-12-16 15:10:00,0,0,0,0,0
2022-12-16 15:11:00,0,0,0,0,0
2022-12-16 15:12:00,0,0,0,0,0
2022-12-16 15:13:00,0,0,0,0,0
2022-12-16 15:14:00,0,0,0,0,0
2022-12-16 15:15:00,0,0,0,0,0
2022-12-16 15:16:00,0,0,0,0,0
2022-12-16 15:17:00,0,0,0,0,0
2022-12-16 15:18:00,0,0,0,0,0
2022-12-16 15:19:00,0,0,0,0,0
2022-12-16 15:20:00,0,0,0,0,0
2022-12-16 15:21:00,0,0,0,0,0
2022-12-16 15:22:00,0,0,0,0,0
2022-12-16 15:23:00,0,0,0,0,0
2022-12-16 15:24:00,0,0,0,0,0
2022-12-16 15:25:00,0,0,0,0,0
2022-12-16 15:26:00,0,0,0,0,0
2022-12-16 15:27:00,0,0,0,0,0
2022-12-16 15:28:00,0,0,0,0,0
2022-12-16 15:29:00,0,0,0,0,0
2022-12-16 15:30:00,0,0,0,0,0
2022-12-16 15:31:00,0,0,0,0,0
2022-12-16 15:32:00,0,0,0,0,0
2022-12-16 15:33:00,0,0,0,0,0
2022-12-16 15:34:00,0,0,0,0,0
2022-12-16 15:35:00,0,0,0,0,0
2022-12-16 15:36:00,0,0,0,0,0
2022-12-16 15:37:00,0,0,0,0,0
2022-12-16 15:38:00,0,0,0,0,0
2022-12-16 15:39:00,0,0,0,0,0
2022-12-16 15:40:00,0,0,0,0,0
2022-12-16 15:41:00,0,0,0,0,0
2022-12-16 15:42:00,0,0,0,0,0
2022-12-16 15:43:00,0,0,0,0,0
2022-12-16 15:44:00,0,0,0,0,0
2022-12-16 15:45:00,0,0,0,0,0
2022-12-16 15:46:00,0,0,0,0,0
2022-12-16 15:47:00,0,0,0,0,0
2022-12-16 15:48:00,0,0,0,0,0
2022-12-16 15:49:00,0,0,0,0,0
2022-12-16 15:50:00,0,0,0,0,0
2022-12-16 15:51:00,0,0,0,0,0
2022-12-16 15:52:00,0,0,0,0,0
2022-12-16 15:53:00,0,0,0,0,0
2022-12-16 15:54:00,0,0,0,0,0
2022-12-16 15:55:00,0,0,0,0,0
2022-12-16 15:56:00,0,0,0,0,0
2022-12-16 15:57:00,0,0,0,0,0
2022-12-16 15:58:00,0,0,0,0,0
2022-12-16 15:59:00,0,0,0,0,0
2022-12-19 09:00:00,0,0,0,0,0
2022-12-19 09:01:00,0,0,0,0,0
2022-12-19 09:02:00,0,0,0,0,0
2022-12-19 09:03:00,0,0,0,0,0
2022-12-19 09:04:00,0,0,0,0,0
2022-12-19 09:05:00,0,0,0,0,0
2022-12-19 09:06:00,0,0,0,0,0
2022-12-19 09:07:00,0,0,0,0,0
2022-12-19 09:08:00,0,0,0,0,0
2022-12-19 09:09:00,0,0,0,0,0
2022-12-19 09:10:00,0,0,0,0,0
2022-12-19 09:11:00,0,0,0,0,0
2022-12-19 09:12:00,0,0,0,0,0
2022-12-19 09:13:00,0,0,0,0,0
2022-12-19 09:14:00,0,0,0,0,0
2022-12-19 09:15:00,0,0,0,0,0
2022-12-19 09:16:00,0,0,0,0,0
2022-12-19 09:17:00,0,0,0,0,0
2022-12-19 09:18:00,0,0,0,0,0
2022-12-19 09:19:00,0,0,0,0,0
2022-12-19 09:20:00,0,0,0,0,0
2022-12-19 09:21:00,0,0,0,0,0
2022-12-19 09:22:00,0,0,0,0,0
2022-12-19 09:23:00,0,0,0,0,0
2022-12-19 09:24:00,0,0,0,0,0
2022-12-19 09:25:00,0,0,0,0,0
2022-12-19 09:26:00,0,0,0,0,0
2022-12-19 09:27:00,0,0,0,0,0
2022-12-19 09:28:00,0,0,0,0,0
2022-12-19 09:29:00,0,0,0,0,0
2022-12-19 09:30:00,0,0,0,0,0
2022-12-19 09:31:00,0,0,0,0,0
2022-12-19 09:32:00,0,0,0,0,0
2022-12-19 09:33:00,0,0,0,0,0
2022-12-19 09:34:00,0,0,0,0,0
2022-12-19 09:35:00,0,0,0,0,0
2022-12-19 09:36:00,0,0,0,0,0
2022-12-19 09:37:00,0,0,0,0,0
2022-12-19 09:38:00,0,0,0,0,0
2022-12-19 09:39:00,0,0,0,0,0
2022-12-19 09:40:00,0,0,0,0,0
2022-12-19 09:41:00,0,0,0,0,0
2022-12-19 09:42:00,0,0,0,0,0
2022-12-19 09:43:00,0,0,0,0,0
2022-12-19 09:44:00,0,0,0,0,0
2022-12-19 09:45:00,0,0,0,0,0
2022-12-19 09:46:00,0,0,0,0,0
2022-12-19 09:47:00,0,0,0,0,0
2022-12-19 09:48:00,0,0,0,0,0
2022-12-19 09:49:00,0,0,0,0,0
2022-12-19 09:50:00,0,0,0,0,0
2022-12-19 09:51:00,0,0,0,0,0
2022-12-19 09:52:00,0,0,0,0,0
2022-12-19 09:53:00,0,0,0,0,0
2022-12-19 09:54:00,0,0,0,0,0
2022-12-19 09:55:00,0,0,0,0,0
2022-12-19 09:56:00,0,0,0,0,0
2022-12-19 09:57:00,0,0,0,0,0
2022-12-19 09:58:00,0,0,0,0,0
2022-12-19 09:59:00,0,0,0,0,0
2022-12-19 10:00:00,0,0,0,0,0
2022-12-19 10:01:00,0,0,0,0,0
2022-12-19 10:02:00,0,0,0,0,0
2022-12-19 10:03:00,0,0,0,0,0
2022-12-19 10:04:00,0,0,0,0,0
2022-12-19 10:05:00,0,0,0,0,0
2022-12-19 10:06:00,0,0,0,0,0
2022-12-19 10:07:00,0,0,0,0,0
2022-12-19 10:08:00,0,0,0,0,0
2022-12-19 10:09:00,0,0,0,0,0
2022-12-19 10:10:00,0,0,0,0,0
2022-12-19 10:11:00,0,0,0,0,0
2022-12-19 10:12:00,0,0,0,0,0
2022-12-19 10:13:00,0,0,0,0,0
2022-12-19 10:14:00,0,0,0,0,0
2022-12-19 10:15:00,0,0,0,0,0
2022-12-19 10:16:00,0,0,0,0,0
2022-12-19 10:17:00,0,0,0,0,0
2022-12-19 10:18:00,0,0,0,0,0
2022-12-19 10:19:00,0,0,0,0,0
2022-12-19 10:20:00,0,0,0,0,0
2022-12-19 10:21:00,0,0,0,0,0
2022-12-19 10:22:00,0,0,0,0,0
2022-12-19 10:23:00,0,0,0,0,0
2022-12-19 10:24:00,0,0,0,0,0
2022-12-19 10:25:00,0,0,0,0,0
2022-12-19 10:26:00,0,0,0,0,0
2022-12-19 10:27:00,0,0,0,0,0
2022-12-19 10:28:00,0,0,0,0,0
2022-12-19 10:29:00,0,0,0,0,0
2022-12-19 10:30:00,0,0,0,0,0
2022-12-19 10:31:00,0,0,0,0,0
2022-12-19 10:32:00,0,0,0,0,0
2022-12-19 10:33:00,0,0,0,0,0
2022-12-19 10:34:00,0,0,0,0,0
2022-12-19 10:35:00,0,0,0,0,0
2022-12-19 10:36:00,0,0,0,0,0
2022-12-19 10:37:00,0,0,0,0,0
2022-12-19 10:38:00,0,0,0,0,0
2022-12-19 10:39:00,0,0,0,0,0
2022-12-19 10:40:00,0,0,0,0,0
2022-12-19 10:41:00,0,0,0,0,0
2022-12-19 10:42:00,0,0,0,0,0
2022-12-19 10:43:00,0,0,0,0,0
2022-12-19 10:44:00,0,0,0,0,0
2022-12-19 10:45:00,0,0,0,0,0
2022-12-19 10:46:00,0,0,0,0,0
2022-12-19 10:47:00,0,0,0,0,0
2022-12-19 10:48:00,0,0,0,0,0
2022-12-19 10:49:00,0,0,0,0,0
2022-12-19 10:50:00,0,0,0,0,0
2022-12-19 10:51:00,0,0,0,0,0
2022-12-19 10:52:00,0,0,0,0,0
2022-12-19 10:53:00,0,0,0,0,0
2022-12-19 10:54:00,0,0,0,0,0
2022-12-19 10:55:00,0,0,0,0,0
2022-12-19 10:56:00,0,0,0,0,0
2022-12-19 10:57:00,0,0,0,0,0
2022-12-19 10:58:00,0,0,0,0,0
2022-12-19 10:59:00,0,0,0,0,0
2022-12-19 11:00:00,0,0,0,0,0
2022-12-19 11:01:00,0,0,0,0,0
2022-12-19 11:02:00,0,0,0,0,0
2022-12-19 11:03:00,0,0,0,0,0
2022-12-19 11:04:00,0,0,0,0,0
2022-12-19 11:05:00,0,0,0,0,0
2022-12-19 11:06:00,0,0,0,0,0
2022-12-19 11:07:00,0,0,0,0,0
2022-12-19 11:08:00,0,0,0,0,0
2022-12-19 11:09:00,0,0,0,0,0
2022-12-19 11:10:00,0,0,0,0,0
2022-12-19 11:11:00,0,0,0,0,0
2022-12-19 11:12:00,0,0,0,0,0
2022-12-19 11:13:00,0,0,0,0,0
2022-12-19 11:14:00,0,0,0,0,0
2022-12-19 11:15:00,0,0,0,0,0
2022-12-19 11:16:00,0,0,0,0,0
2022-12-19 11:17:00,0,0,0,0,0
2022-12-19 11:18:00,0,0,0,0,0
2022-12-19 11:19:00,0,0,0,0,0
2022-12-19 11:20:00,0,0,0,0,0
2022-12-19 11:21:00,0,0,0,0,0
2022-12-19 11:22:00,0,0,0,0,0
2022-12-19 11:23:00,0,0,0,0,0
2022-12-19 11:24:00,0,0,0,0,0
2022-12-19 11:25:00,0,0,0,0,0
2022-12-19 11:26:00,0,0,0,0,0
2022-12-19 11:27:00,0,0,0,0,0
2022-12-19 11:28:00,0,0,0,0,0
2022-12-19 11:29:00,0,0,0,0,0
2022-12-19 11:30:00,0,0,0,0,0
2022-12-19 11:31:00,0,0,0,0,0
2022-12-19 11:32:00,0,0,0,0,0
2022-12-19 11:33:00,0,0,0,0,0
2022-12-19 11:34:00,0,0,0,0,0
2022-12-19 11:35:00,0,0,0,0,0
2022-12-19 11:36:00,0,0,0,0,0
2022-12-19 11:37:00,0,0,0,0,0
2022-12-19 11:38:00,0,0,0,0,0
2022-12-19 11:39:00,0,0,0,0,0
2022-12-19 11:40:00,0,0,0,0,0
2022-12-19 11:41:00,0,0,0,0,0
2022-12-19 11:42:00,0,0,0,0,0
2022-12-19 11:43:00,0,0,0,0,0
2022-12-19 11:44:00,0,0,0,0,0
2022-12-19 11:45:00,0,0,0,0,0
2022-12-19 11:46:00,0,0,0,0,0
2022-12-19 11:47:00,0,0,0,0,0
2022-12-19 11:48:00,0,0,0,0,0
2022-12-19 11:49:00,0,0,0,0,0
2022-12-19 11:50:00,0,0,0,0,0
2022-12-19 11:51:00,0,0,0,0,0
2022-12-19 11:52:00,0,0,0,0,0
2022-12-19 11:53:00,0,0,0,0,0
2022-12-19 11:54:00,0,0,0,0,0
2022-12-19 11:55:00,0,0,0,0,0
2022-12-19 11:56:00,0,0,0,0,0
2022-12-19 11:57:00,0,0,0,0,0
2022-12-19 11:58:00,0,0,0,0,0
2022-12-19 11:59:00,0,0,0,0,0
2022-12-19 12:00:00,0,0,0,0,0
2022-12-19 12:01:00,0,0,0,0,0
2022-12-19 12:02:00,0,0,0,0,0
2022-12-19 12:03:00,0,0,0,0,0
2022-12-19 12:04:00,0,0,0,0,0
2022-12-19 12:05:00,0,0,0,0,0
2022-12-19 12:06:00,0,0,0,0,0
2022-12-19 12:07:00,0,0,0,0,0
2022-12-19 12:08:00,0,0,0,0,0
2022-12-19 12:09:00,0,0,0,0,0
2022-12-19 12:10:00,0,0,0,0,0
2022-12-19 12:11:00,0,0,0,0,0
2022-12-19 12:12:00,0,0,0,0,0
2022-12-19 12:13:00,0,0,0,0,0
2022-12-19 12:14:00,0,0,0,0,0
2022-12-19 12:15:00,0,0,0,0,0
2022-12-19 12:16:00,0,0,0,0,0
2022-12-19 12:17:00,0,0,0,0,0
2022-12-19 12:18:00,0,0,0,0,0
2022-12-19 12:19:00,0,0,0,0,0
2022-12-19 12:20:00,0,0,0,0,0
2022-12-19 12:21:00,0,0,0,0,0
2022-12-19 12:22:00,0,0,0,0,0
2022-12-19 12:23:00,0,0,0,0,0
2022-12-19 12:24:00,0,0,0,0,0
2022-12-19 12:25:00,0,0,0,0,0
2022-12-19 12:26:00,0,0,0,0,0
2022-12-19 12:27:00,0,0,0,0,0
2022-12-19 12:28:00,0,0,0,0,0
2022-12-19 12:29:00,0,0,0,0,0
2022-12-19 12:30:00,0,0,0,0,0
2022-12-19 12:31:00,0,0,0,0,0
2022-12-19 12:32:00,0,0,0,0,0
2022-12-19 12:33:00,0,0,0,0,0
2022-12-19 12:34:00,0,0,0,0,0
2022-12-19 12:35:00,0,0,0,0,0
2022-12-19 12:36:00,0,0,0,0,0
2022-12-19 12:37:00,0,0,0,0,0
2022-12-19 12:38:00,0,0,0,0,0
2022-12-19 12:39:00,0,0,0,0,0
2022-12-19 12:40:00,0,0,0,0,0
2022-12-19 12:41:00,0,0,0,0,0
2022-12-19 12:42:00,0,0,0,0,0
2022-12-19 12:43:00,0,0,0,0,0
2022-12-19 12:44:00,0,0,0,0,0
2022-12-19 12:45:00,0,0,0,0,0
2022-12-19 12:46:00,0,0,0,0,0
2022-12-19 12:47:00,0,0,0,0,0
2022-12-19 12:48:00,0,0,0,0,0
2022-12-19 12:49:00,0,0,0,0,0
2022-12-19 12:50:00,0,0,0,0,0
2022-12-19 12:51:00,0,0,0,0,0
2022-12-19 12:52:00,0,0,0,0,0
2022-12-19 12:53:00,0,0,0,0,0
2022-12-19 12:54:00,0,0,0,0,0
2022-12-19 12:55:00,0,0,0,0,0
2022-12-19 12:56:00,0,0,0,0,0
2022-12-19 12:57:00,0,0,0,0,0
2022-12-19 12:58:00,0,0,0,0,0
2022-12-19 12:59:00,0,0,0,0,0
2022-12-19 13:00:00,0,0,0,0,0
2022-12-19 13:01:00,0,0,0,0,0
2022-12-19 13:02:00,0,0,0,0,0
2022-12-19 13:03:00,0,0,0,0,0
2022-12-19 13:04:00,0,0,0,0,0
2022-12-19 13:05:00,0,0,0,0,0
2022-12-19 13:06:00,0,0,0,0,0
2022-12-19 13:07:00,0,0,0,0,0
2022-12-19 13:08:00,0,0,0,0,0
2022-12-19 13:09:00,0,0,0,0,0
2022-12-19 13:10:00,0,0,0,0,0
2022-12-19 13:11:00,0,0,0,0,0
2022-12-19 13:12:00,0,0,0,0,0
2022-12-19 13:13:00,0,0,0,0,0
2022-12-19 13:14:00,0,0,0,0,0
2022-12-19 13:15:00,0,0,0,0,0
2022-12-19 13:16:00,0,0,0,0,0
2022-12-19 13:17:00,0,0,0,0,0
2022-12-19 13:18:00,0,0,0,0,0
2022-12-19 13:19:00,0,0,0,0,0
2022-12-19 13:20:00,0,0,0,0,0
2022-12-19 13:21:00,0,0,0,0,0
2022-12-19 13:22:00,0,0,0,0,0
2022-12-19 13:23:00,0,0,0,0,0
2022-12-19 13:24:00,0,0,0,0,0
2022-12-19 13:25:00,0,0,0,0,0
2022-12-19 13:26:00,0,0,0,0,0
2022-12-19 13:27:00,0,0,0,0,0
2022-12-19 13:28:00,0,0,0,0,0
2022-12-19 13:29:00,0,0,0,0,0
2022-12-19 13:30:00,0,0,0,0,0
2022-12-19 13:31:00,0,0,0,0,0
2022-12-19 13:32:00,0,0,0,0,0
2022-12-19 13:33:00,0,0,0,0,0
2022-12-19 13:34:00,0,0,0,0,0
2022-12-19 13:35:00,0,0,0,0,0
2022-12-19 13:36:00,0,0,0,0,0
2022-12-19 13:37:00,0,0,0,0,0
2022-12-19 13:38:00,0,0,0,0,0
2022-12-19 13:39:00,0,0,0,0,0
2022-12-19 13:40:00,0,0,0,0,0
2022-12-19 13:41:00,0,0,0,0,0
2022-12-19 13:42:00,0,0,0,0,0
2022-12-19 13:43:00,0,0,0,0,0
2022-12-19 13:44:00,0,0,0,0,0
2022-12-19 13:45:00,0,0,0,0,0
2022-12-19 13:46:00,0,0,0,0,0
2022-12-19 13:47:00,0,0,0,0,0
2022-12-19 13:48:00,0,0,0,0,0
2022-12-19 13:49:00,0,0,0,0,0
2022-12-19 13:50:00,0,0,0,0,0
2022-12-19 13:51:00,0,0,0,0,0
2022-12-19 13:52:00,0,0,0,0,0
2022-12-19 13:53:00,0,0,0,0,0
2022-12-19 13:54:00,0,0,0,0,0
2022-12-19 13:55:00,0,0,0,0,0
2022-12-19 13:56:00,0,0,0,0,0
2022-12-19 13:57:00,0,0,0,0,0
2022-12-19 13:58:00,0,0,0,0,0
2022-12-19 13:59:00,0,0,0,0,0
2022-12-19 14:00:00,0,0,0,0,0
2022-12-19 14:01:00,0,0,0,0,0
2022-12-19 14:02:00,0,0,0,0,0
2022-12-19 14:03:00,0,0,0,0,0
2022-12-19 14:04:00,0,0,0,0,0
2022-12-19 14:05:00,0,0,0,0,0
2022-12-19 14:06:00,0,0,0,0,0
2022-12-19 14:07:00,0,0,0,0,0
2022-12-19 14:08:00,0,0,0,0,0
2022-12-19 14:09:00,0,0,0,0,0
2022-12-19 14:10:00,0,0,0,0,0
2022-12-19 14:11:00,0,0,0,0,0
2022-12-19 14:12:00,0,0,0,0,0
2022-12-19 14:13:00,0,0,0,0,0
2022-12-19 14:14:00,0,0,0,0,0
2022-12-19 14:15:00,0,0,0,0,0
2022-12-19 14:16:00,0,0,0,0,0
2022-12-19 14:17:00,0,0,0,0,0
2022-12-19 14:18:00,0,0,0,0,0
2022-12-19 14:19:00,0,0,0,0,0
2022-12-19 14:20:00,0,0,0,0,0
2022-12-19 14:21:00,0,0,0,0,0
2022-12-19 14:22:00,1695,1695,1695,1695,0
2022-12-19 14:23:00,0,0,0,0,0
2022-12-19 14:24:00,0,0,0,0,0
2022-12-19 14:25:00,0,0,0,0,0
2022-12-19 14:26:00,0,0,0,0,0
2022-12-19 14:27:00,0,0,0,0,0
2022-12-19 14:28:00,0,0,0,0,0
2022-12-19 14:29:00,0,0,0,0,0
2022-12-19 14:30:00,0,0,0,0,0
2022-12-19 14:31:00,0,0,0,0,0
2022-12-19 14:32:00,0,0,0,0,0
2022-12-19 14:33:00,0,0,0,0,0
2022-12-19 14:34:00,0,0,0,0,0
2022-12-19 14:35:00,0,0,0,0,0
2022-12-19 14:36:00,0,0,0,0,0
2022-12-19 14:37:00,0,0,0,0,0
2022-12-19 14:38:00,0,0,0,0,0
2022-12-19 14:39:00,0,0,0,0,0
2022-12-19 14:40:00,0,0,0,0,0
2022-12-19 14:41:00,0,0,0,0,0
2022-12-19 14:42:00,0,0,0,0,0
2022-12-19 14:43:00,0,0,0,0,0
2022-12-19 14:44:00,0,0,0,0,0
2022-12-19 14:45:00,0,0,0,0,0
2022-12-19 14:46:00,0,0,0,0,0
2022-12-19 14:47:00,0,0,0,0,0
2022-12-19 14:48:00,0,0,0,0,0
2022-12-19 14:49:00,0,0,0,0,0
2022-12-19 14:50:00,0,0,0,0,0
2022-12-19 14:51:00,0,0,0,0,0
2022-12-19 14:52:00,0,0,0,0,0
2022-12-19 14:53:00,0,0,0,0,0
2022-12-19 14:54:00,0,0,0,0,0
2022-12-19 14:55:00,0,0,0,0,0
2022-12-19 14:56:00,0,0,0,0,0
2022-12-19 14:57:00,0,0,0,0,0
2022-12-19 14:58:00,0,0,0,0,0
2022-12-19 14:59:00,0,0,0,0,0
2022-12-19 15:00:00,1695,1695,1695,1695,200
2022-12-19 15:01:00,1695,1695,1695,1695,700
2022-12-19 15:02:00,0,0,0,0,0
2022-12-19 15:03:00,0,0,0,0,0
2022-12-19 15:04:00,0,0,0,0,0
2022-12-19 15:05:00,0,0,0,0,0
2022-12-19 15:06:00,0,0,0,0,0
2022-12-19 15:07:00,0,0,0,0,0
2022-12-19 15:08:00,0,0,0,0,0
2022-12-19 15:09:00,0,0,0,0,0
2022-12-19 15:10:00,0,0,0,0,0
2022-12-19 15:11:00,0,0,0,0,0
2022-12-19 15:12:00,0,0,0,0,0
2022-12-19 15:13:00,0,0,0,0,0
2022-12-19 15:14:00,0,0,0,0,0
2022-12-19 15:15:00,0,0,0,0,0
2022-12-19 15:16:00,0,0,0,0,0
2022-12-19 15:17:00,0,0,0,0,0
2022-12-19 15:18:00,0,0,0,0,0
2022-12-19 15:19:00,0,0,0,0,0
2022-12-19 15:20:00,0,0,0,0,0
2022-12-19 15:21:00,0,0,0,0,0
2022-12-19 15:22:00,0,0,0,0,0
2022-12-19 15:23:00,0,0,0,0,0
2022-12-19 15:24:00,0,0,0,0,0
2022-12-19 15:25:00,0,0,0,0,0
2022-12-19 15:26:00,0,0,0,0,0
2022-12-19 15:27:00,0,0,0,0,0
2022-12-19 15:28:00,0,0,0,0,0
2022-12-19 15:29:00,0,0,0,0,0
2022-12-19 15:30:00,0,0,0,0,0
2022-12-19 15:31:00,0,0,0,0,0
2022-12-19 15:32:00,0,0,0,0,0
2022-12-19 15:33:00,0,0,0,0,0
2022-12-19 15:34:00,0,0,0,0,0
2022-12-19 15:35:00,0,0,0,0,0
2022-12-19 15:36:00,0,0,0,0,0
2022-12-19 15:37:00,0,0,0,0,0
2022-12-19 15:38:00,0,0,0,0,0
2022-12-19 15:39:00,0,0,0,0,0
2022-12-19 15:40:00,0,0,0,0,0
2022-12-19 15:41:00,0,0,0,0,0
2022-12-19 15:42:00,0,0,0,0,0
2022-12-19 15:43:00,0,0,0,0,0
2022-12-19 15:44:00,0,0,0,0,0
2022-12-19 15:45:00,0,0,0,0,0
2022-12-19 15:46:00,0,0,0,0,0
2022-12-19 15:47:00,0,0,0,0,0
2022-12-19 15:48:00,0,0,0,0,0
2022-12-19 15:49:00,0,0,0,0,0
2022-12-19 15:50:00,0,0,0,0,0
2022-12-19 15:51:00,0,0,0,0,0
2022-12-19 15:52:00,0,0,0,0,0
2022-12-19 15:53:00,0,0,0,0,0
2022-12-19 15:54:00,0,0,0,0,0
2022-12-19 15:55:00,0,0,0,0,0
2022-12-19 15:56:00,0,0,0,0,0
2022-12-19 15:57:00,0,0,0,0,0
2022-12-19 15:58:00,0,0,0,0,0
2022-12-19 15:59:00,0,0,0,0,0
2022-12-20 09:00:00,0,0,0,0,0
2022-12-20 09:01:00,0,0,0,0,0
2022-12-20 09:02:00,1720,1720,1720,1720,0
2022-12-20 09:03:00,0,0,0,0,0
2022-12-20 09:04:00,0,0,0,0,0
2022-12-20 09:05:00,0,0,0,0,0
2022-12-20 09:06:00,0,0,0,0,0
2022-12-20 09:07:00,0,0,0,0,0
2022-12-20 09:08:00,0,0,0,0,0
2022-12-20 09:09:00,0,0,0,0,0
2022-12-20 09:10:00,0,0,0,0,0
2022-12-20 09:11:00,0,0,0,0,0
2022-12-20 09:12:00,0,0,0,0,0
2022-12-20 09:13:00,0,0,0,0,0
2022-12-20 09:14:00,0,0,0,0,0
2022-12-20 09:15:00,0,0,0,0,0
2022-12-20 09:16:00,0,0,0,0,0
2022-12-20 09:17:00,0,0,0,0,0
2022-12-20 09:18:00,0,0,0,0,0
2022-12-20 09:19:00,0,0,0,0,0
2022-12-20 09:20:00,0,0,0,0,0
2022-12-20 09:21:00,0,0,0,0,0
2022-12-20 09:22:00,0,0,0,0,0
2022-12-20 09:23:00,0,0,0,0,0
2022-12-20 09:24:00,0,0,0,0,0
2022-12-20 09:25:00,0,0,0,0,0
2022-12-20 09:26:00,0,0,0,0,0
2022-12-20 09:27:00,0,0,0,0,0
2022-12-20 09:28:00,0,0,0,0,0
2022-12-20 09:29:00,0,0,0,0,0
2022-12-20 09:30:00,0,0,0,0,0
2022-12-20 09:31:00,0,0,0,0,0
2022-12-20 09:32:00,0,0,0,0,0
2022-12-20 09:33:00,0,0,0,0,0
2022-12-20 09:34:00,0,0,0,0,0
2022-12-20 09:35:00,0,0,0,0,0
2022-12-20 09:36:00,0,0,0,0,0
2022-12-20 09:37:00,1720,1720,1720,1720,3500
2022-12-20 09:38:00,0,0,0,0,0
2022-12-20 09:39:00,0,0,0,0,0
2022-12-20 09:40:00,0,0,0,0,0
2022-12-20 09:41:00,0,0,0,0,0
2022-12-20 09:42:00,0,0,0,0,0
2022-12-20 09:43:00,0,0,0,0,0
2022-12-20 09:44:00,0,0,0,0,0
2022-12-20 09:45:00,0,0,0,0,0
2022-12-20 09:46:00,0,0,0,0,0
2022-12-20 09:47:00,0,0,0,0,0
2022-12-20 09:48:00,0,0,0,0,0
2022-12-20 09:49:00,0,0,0,0,0
2022-12-20 09:50:00,0,0,0,0,0
2022-12-20 09:51:00,0,0,0,0,0
2022-12-20 09:52:00,0,0,0,0,0
2022-12-20 09:53:00,0,0,0,0,0
2022-12-20 09:54:00,0,0,0,0,0
2022-12-20 09:55:00,0,0,0,0,0
2022-12-20 09:56:00,0,0,0,0,0
2022-12-20 09:57:00,0,0,0,0,0
2022-12-20 09:58:00,0,0,0,0,0
2022-12-20 09:59:00,0,0,0,0,0
2022-12-20 10:00:00,0,0,0,0,0
2022-12-20 10:01:00,0,0,0,0,0
2022-12-20 10:02:00,0,0,0,0,0
2022-12-20 10:03:00,0,0,0,0,0
2022-12-20 10:04:00,0,0,0,0,0
2022-12-20 10:05:00,0,0,0,0,0
2022-12-20 10:06:00,0,0,0,0,0
2022-12-20 10:07:00,0,0,0,0,0
2022-12-20 10:08:00,0,0,0,0,0
2022-12-20 10:09:00,0,0,0,0,0
2022-12-20 10:10:00,0,0,0,0,0
2022-12-20 10:11:00,0,0,0,0,0
2022-12-20 10:12:00,0,0,0,0,0
2022-12-20 10:13:00,0,0,0,0,0
2022-12-20 10:14:00,0,0,0,0,0
2022-12-20 10:15:00,0,0,0,0,0
2022-12-20 10:16:00,0,0,0,0,0
2022-12-20 10:17:00,0,0,0,0,0
2022-12-20 10:18:00,0,0,0,0,0
2022-12-20 10:19:00,0,0,0,0,0
2022-12-20 10:20:00,0,0,0,0,0
2022-12-20 10:21:00,0,0,0,0,0
2022-12-20 10:22:00,0,0,0,0,0
2022-12-20 10:23:00,0,0,0,0,0
2022-12-20 10:24:00,0,0,0,0,0
2022-12-20 10:25:00,0,0,0,0,0
2022-12-20 10:26:00,0,0,0,0,0
2022-12-20 10:27:00,0,0,0,0,0
2022-12-20 10:28:00,0,0,0,0,0
2022-12-20 10:29:00,0,0,0,0,0
2022-12-20 10:30:00,0,0,0,0,0
2022-12-20 10:31:00,0,0,0,0,0
2022-12-20 10:32:00,0,0,0,0,0
2022-12-20 10:33:00,0,0,0,0,0
2022-12-20 10:34:00,0,0,0,0,0
2022-12-20 10:35:00,0,0,0,0,0
2022-12-20 10:36:00,0,0,0,0,0
2022-12-20 10:37:00,0,0,0,0,0
2022-12-20 10:38:00,0,0,0,0,0
2022-12-20 10:39:00,0,0,0,0,0
2022-12-20 10:40:00,0,0,0,0,0
2022-12-20 10:41:00,0,0,0,0,0
2022-12-20 10:42:00,0,0,0,0,0
2022-12-20 10:43:00,0,0,0,0,0
2022-12-20 10:44:00,0,0,0,0,0
2022-12-20 10:45:00,0,0,0,0,0
2022-12-20 10:46:00,0,0,0,0,0
2022-12-20 10:47:00,0,0,0,0,0
2022-12-20 10:48:00,0,0,0,0,0
2022-12-20 10:49:00,0,0,0,0,0
2022-12-20 10:50:00,0,0,0,0,0
2022-12-20 10:51:00,0,0,0,0,0
2022-12-20 10:52:00,0,0,0,0,0
2022-12-20 10:53:00,0,0,0,0,0
2022-12-20 10:54:00,0,0,0,0,0
2022-12-20 10:55:00,0,0,0,0,0
2022-12-20 10:56:00,0,0,0,0,0
2022-12-20 10:57:00,0,0,0,0,0
2022-12-20 10:58:00,0,0,0,0,0
2022-12-20 10:59:00,0,0,0,0,0
2022-12-20 11:00:00,0,0,0,0,0
2022-12-20 11:01:00,0,0,0,0,0
2022-12-20 11:02:00,0,0,0,0,0
2022-12-20 11:03:00,0,0,0,0,0
2022-12-20 11:04:00,0,0,0,0,0
2022-12-20 11:05:00,0,0,0,0,0
2022-12-20 11:06:00,0,0,0,0,0
2022-12-20 11:07:00,0,0,0,0,0
2022-12-20 11:08:00,0,0,0,0,0
2022-12-20 11:09:00,0,0,0,0,0
2022-12-20 11:10:00,0,0,0,0,0
2022-12-20 11:11:00,0,0,0,0,0
2022-12-20 11:12:00,0,0,0,0,0
2022-12-20 11:13:00,0,0,0,0,0
2022-12-20 11:14:00,0,0,0,0,0
2022-12-20 11:15:00,0,0,0,0,0
2022-12-20 11:16:00,0,0,0,0,0
2022-12-20 11:17:00,0,0,0,0,0
2022-12-20 11:18:00,0,0,0,0,0
2022-12-20 11:19:00,0,0,0,0,0
2022-12-20 11:20:00,0,0,0,0,0
2022-12-20 11:21:00,0,0,0,0,0
2022-12-20 11:22:00,0,0,0,0,0
2022-12-20 11:23:00,0,0,0,0,0
2022-12-20 11:24:00,1675,1675,1675,1675,4300
2022-12-20 11:25:00,0,0,0,0,0
2022-12-20 11:26:00,0,0,0,0,0
2022-12-20 11:27:00,0,0,0,0,0
2022-12-20 11:28:00,0,0,0,0,0
2022-12-20 11:29:00,0,0,0,0,0
2022-12-20 11:30:00,0,0,0,0,0
2022-12-20 11:31:00,0,0,0,0,0
2022-12-20 11:32:00,0,0,0,0,0
2022-12-20 11:33:00,0,0,0,0,0
2022-12-20 11:34:00,0,0,0,0,0
2022-12-20 11:35:00,0,0,0,0,0
2022-12-20 11:36:00,0,0,0,0,0
2022-12-20 11:37:00,0,0,0,0,0
2022-12-20 11:38:00,0,0,0,0,0
2022-12-20 11:39:00,0,0,0,0,0
2022-12-20 11:40:00,0,0,0,0,0
2022-12-20 11:41:00,0,0,0,0,0
2022-12-20 11:42:00,0,0,0,0,0
2022-12-20 11:43:00,0,0,0,0,0
2022-12-20 11:44:00,0,0,0,0,0
2022-12-20 11:45:00,0,0,0,0,0
2022-12-20 11:46:00,0,0,0,0,0
2022-12-20 11:47:00,0,0,0,0,0
2022-12-20 11:48:00,0,0,0,0,0
2022-12-20 11:49:00,0,0,0,0,0
2022-12-20 11:50:00,0,0,0,0,0
2022-12-20 11:51:00,0,0,0,0,0
2022-12-20 11:52:00,0,0,0,0,0
2022-12-20 11:53:00,0,0,0,0,0
2022-12-20 11:54:00,0,0,0,0,0
2022-12-20 11:55:00,0,0,0,0,0
2022-12-20 11:56:00,0,0,0,0,0
2022-12-20 11:57:00,0,0,0,0,0
2022-12-20 11:58:00,0,0,0,0,0
2022-12-20 11:59:00,0,0,0,0,0
2022-12-20 12:00:00,0,0,0,0,0
2022-12-20 12:01:00,0,0,0,0,0
2022-12-20 12:02:00,0,0,0,0,0
2022-12-20 12:03:00,0,0,0,0,0
2022-12-20 12:04:00,0,0,0,0,0
2022-12-20 12:05:00,0,0,0,0,0
2022-12-20 12:06:00,0,0,0,0,0
2022-12-20 12:07:00,0,0,0,0,0
2022-12-20 12:08:00,0,0,0,0,0
2022-12-20 12:09:00,0,0,0,0,0
2022-12-20 12:10:00,0,0,0,0,0
2022-12-20 12:11:00,0,0,0,0,0
2022-12-20 12:12:00,0,0,0,0,0
2022-12-20 12:13:00,0,0,0,0,0
2022-12-20 12:14:00,0,0,0,0,0
2022-12-20 12:15:00,0,0,0,0,0
2022-12-20 12:16:00,0,0,0,0,0
2022-12-20 12:17:00,0,0,0,0,0
2022-12-20 12:18:00,0,0,0,0,0
2022-12-20 12:19:00,0,0,0,0,0
2022-12-20 12:20:00,0,0,0,0,0
2022-12-20 12:21:00,0,0,0,0,0
2022-12-20 12:22:00,0,0,0,0,0
2022-12-20 12:23:00,0,0,0,0,0
2022-12-20 12:24:00,0,0,0,0,0
2022-12-20 12:25:00,0,0,0,0,0
2022-12-20 12:26:00,0,0,0,0,0
2022-12-20 12:27:00,0,0,0,0,0
2022-12-20 12:28:00,0,0,0,0,0
2022-12-20 12:29:00,0,0,0,0,0
2022-12-20 12:30:00,0,0,0,0,0
2022-12-20 12:31:00,0,0,0,0,0
2022-12-20 12:32:00,0,0,0,0,0
2022-12-20 12:33:00,0,0,0,0,0
2022-12-20 12:34:00,0,0,0,0,0
2022-12-20 12:35:00,0,0,0,0,0
2022-12-20 12:36:00,0,0,0,0,0
2022-12-20 12:37:00,0,0,0,0,0
2022-12-20 12:38:00,0,0,0,0,0
2022-12-20 12:39:00,0,0,0,0,0
2022-12-20 12:40:00,0,0,0,0,0
2022-12-20 12:41:00,0,0,0,0,0
2022-12-20 12:42:00,0,0,0,0,0
2022-12-20 12:43:00,0,0,0,0,0
2022-12-20 12:44:00,0,0,0,0,0
2022-12-20 12:45:00,0,0,0,0,0
2022-12-20 12:46:00,0,0,0,0,0
2022-12-20 12:47:00,0,0,0,0,0
2022-12-20 12:48:00,0,0,0,0,0
2022-12-20 12:49:00,0,0,0,0,0
2022-12-20 12:50:00,0,0,0,0,0
2022-12-20 12:51:00,0,0,0,0,0
2022-12-20 12:52:00,0,0,0,0,0
2022-12-20 12:53:00,0,0,0,0,0
2022-12-20 12:54:00,0,0,0,0,0
2022-12-20 12:55:00,0,0,0,0,0
2022-12-20 12:56:00,0,0,0,0,0
2022-12-20 12:57:00,0,0,0,0,0
2022-12-20 12:58:00,0,0,0,0,0
2022-12-20 12:59:00,0,0,0,0,0
2022-12-20 13:00:00,0,0,0,0,0
2022-12-20 13:01:00,0,0,0,0,0
2022-12-20 13:02:00,0,0,0,0,0
2022-12-20 13:03:00,0,0,0,0,0
2022-12-20 13:04:00,0,0,0,0,0
2022-12-20 13:05:00,0,0,0,0,0
2022-12-20 13:06:00,0,0,0,0,0
2022-12-20 13:07:00,0,0,0,0,0
2022-12-20 13:08:00,0,0,0,0,0
2022-12-20 13:09:00,0,0,0,0,0
2022-12-20 13:10:00,0,0,0,0,0
2022-12-20 13:11:00,0,0,0,0,0
2022-12-20 13:12:00,0,0,0,0,0
2022-12-20 13:13:00,0,0,0,0,0
2022-12-20 13:14:00,0,0,0,0,0
2022-12-20 13:15:00,0,0,0,0,0
2022-12-20 13:16:00,0,0,0,0,0
2022-12-20 13:17:00,0,0,0,0,0
2022-12-20 13:18:00,0,0,0,0,0
2022-12-20 13:19:00,0,0,0,0,0
2022-12-20 13:20:00,0,0,0,0,0
2022-12-20 13:21:00,0,0,0,0,0
2022-12-20 13:22:00,0,0,0,0,0
2022-12-20 13:23:00,0,0,0,0,0
2022-12-20 13:24:00,0,0,0,0,0
2022-12-20 13:25:00,0,0,0,0,0
2022-12-20 13:26:00,0,0,0,0,0
2022-12-20 13:27:00,0,0,0,0,0
2022-12-20 13:28:00,0,0,0,0,0
2022-12-20 13:29:00,0,0,0,0,0
2022-12-20 13:30:00,0,0,0,0,0
2022-12-20 13:31:00,0,0,0,0,0
2022-12-20 13:32:00,0,0,0,0,0
2022-12-20 13:33:00,0,0,0,0,0
2022-12-20 13:34:00,0,0,0,0,0
2022-12-20 13:35:00,0,0,0,0,0
2022-12-20 13:36:00,0,0,0,0,0
2022-12-20 13:37:00,0,0,0,0,0
2022-12-20 13:38:00,0,0,0,0,0
2022-12-20 13:39:00,0,0,0,0,0
2022-12-20 13:40:00,0,0,0,0,0
2022-12-20 13:41:00,0,0,0,0,0
2022-12-20 13:42:00,0,0,0,0,0
2022-12-20 13:43:00,0,0,0,0,0
2022-12-20 13:44:00,0,0,0,0,0
2022-12-20 13:45:00,0,0,0,0,0
2022-12-20 13:46:00,0,0,0,0,0
2022-12-20 13:47:00,0,0,0,0,0
2022-12-20 13:48:00,0,0,0,0,0
2022-12-20 13:49:00,0,0,0,0,0
2022-12-20 13:50:00,0,0,0,0,0
2022-12-20 13:51:00,0,0,0,0,0
2022-12-20 13:52:00,0,0,0,0,0
2022-12-20 13:53:00,0,0,0,0,0
2022-12-20 13:54:00,0,0,0,0,0
2022-12-20 13:55:00,0,0,0,0,0
2022-12-20 13:56:00,0,0,0,0,0
2022-12-20 13:57:00,0,0,0,0,0
2022-12-20 13:58:00,0,0,0,0,0
2022-12-20 13:59:00,0,0,0,0,0
2022-12-20 14:00:00,0,0,0,0,0
2022-12-20 14:01:00,0,0,0,0,0
2022-12-20 14:02:00,0,0,0,0,0
2022-12-20 14:03:00,0,0,0,0,0
2022-12-20 14:04:00,0,0,0,0,0
2022-12-20 14:05:00,0,0,0,0,0
2022-12-20 14:06:00,0,0,0,0,0
2022-12-20 14:07:00,0,0,0,0,0
2022-12-20 14:08:00,0,0,0,0,0
2022-12-20 14:09:00,0,0,0,0,0
2022-12-20 14:10:00,0,0,0,0,0
2022-12-20 14:11:00,0,0,0,0,0
2022-12-20 14:12:00,0,0,0,0,0
2022-12-20 14:13:00,0,0,0,0,0
2022-12-20 14:14:00,0,0,0,0,0
2022-12-20 14:15:00,0,0,0,0,0
2022-12-20 14:16:00,0,0,0,0,0
2022-12-20 14:17:00,0,0,0,0,0
2022-12-20 14:18:00,0,0,0,0,0
2022-12-20 14:19:00,0,0,0,0,0
2022-12-20 14:20:00,0,0,0,0,0
2022-12-20 14:21:00,0,0,0,0,0
2022-12-20 14:22:00,0,0,0,0,0
2022-12-20 14:23:00,0,0,0,0,0
2022-12-20 14:24:00,0,0,0,0,0
2022-12-20 14:25:00,0,0,0,0,0
2022-12-20 14:26:00,0,0,0,0,0
2022-12-20 14:27:00,0,0,0,0,0
2022-12-20 14:28:00,0,0,0,0,0
2022-12-20 14:29:00,0,0,0,0,0
2022-12-20 14:30:00,0,0,0,0,0
2022-12-20 14:31:00,0,0,0,0,0
2022-12-20 14:32:00,0,0,0,0,0
2022-12-20 14:33:00,0,0,0,0,0
2022-12-20 14:34:00,0,0,0,0,0
2022-12-20 14:35:00,0,0,0,0,0
2022-12-20 14:36:00,0,0,0,0,0
2022-12-20 14:37:00,0,0,0,0,0
2022-12-20 14:38:00,0,0,0,0,0
2022-12-20 14:39:00,0,0,0,0,0
2022-12-20 14:40:00,0,0,0,0,0
2022-12-20 14:41:00,0,0,0,0,0
2022-12-20 14:42:00,0,0,0,0,0
2022-12-20 14:43:00,0,0,0,0,0
2022-12-20 14:44:00,0,0,0,0,0
2022-12-20 14:45:00,0,0,0,0,0
2022-12-20 14:46:00,0,0,0,0,0
2022-12-20 14:47:00,0,0,0,0,0
2022-12-20 14:48:00,0,0,0,0,0
2022-12-20 14:49:00,0,0,0,0,0
2022-12-20 14:50:00,0,0,0,0,0
2022-12-20 14:51:00,0,0,0,0,0
2022-12-20 14:52:00,0,0,0,0,0
2022-12-20 14:53:00,0,0,0,0,0
2022-12-20 14:54:00,0,0,0,0,0
2022-12-20 14:55:00,0,0,0,0,0
2022-12-20 14:56:00,0,0,0,0,0
2022-12-20 14:57:00,0,0,0,0,0
2022-12-20 14:58:00,0,0,0,0,0
2022-12-20 14:59:00,0,0,0,0,0
2022-12-20 15:00:00,0,0,0,0,0
2022-12-20 15:01:00,0,0,0,0,0
2022-12-20 15:02:00,0,0,0,0,0
2022-12-20 15:03:00,0,0,0,0,0
2022-12-20 15:04:00,0,0,0,0,0
2022-12-20 15:05:00,0,0,0,0,0
2022-12-20 15:06:00,0,0,0,0,0
2022-12-20 15:07:00,0,0,0,0,0
2022-12-20 15:08:00,0,0,0,0,0
2022-12-20 15:09:00,0,0,0,0,0
2022-12-20 15:10:00,0,0,0,0,0
2022-12-20 15:11:00,0,0,0,0,0
2022-12-20 15:12:00,0,0,0,0,0
2022-12-20 15:13:00,0,0,0,0,0
2022-12-20 15:14:00,0,0,0,0,0
2022-12-20 15:15:00,0,0,0,0,0
2022-12-20 15:16:00,0,0,0,0,0
2022-12-20 15:17:00,0,0,0,0,0
2022-12-20 15:18:00,0,0,0,0,0
2022-12-20 15:19:00,0,0,0,0,0
2022-12-20 15:20:00,0,0,0,0,0
2022-12-20 15:21:00,0,0,0,0,0
2022-12-20 15:22:00,0,0,0,0,0
2022-12-20 15:23:00,0,0,0,0,0
2022-12-20 15:24:00,0,0,0,0,0
2022-12-20 15:25:00,0,0,0,0,0
2022-12-20 15:26:00,0,0,0,0,0
2022-12-20 15:27:00,0,0,0,0,0
2022-12-20 15:28:00,0,0,0,0,0
2022-12-20 15:29:00,0,0,0,0,0
2022-12-20 15:30:00,0,0,0,0,0
2022-12-20 15:31:00,0,0,0,0,0
2022-12-20 15:32:00,0,0,0,0,0
2022-12-20 15:33:00,0,0,0,0,0
2022-12-20 15:34:00,0,0,0,0,0
2022-12-20 15:35:00,0,0,0,0,0
2022-12-20 15:36:00,0,0,0,0,0
2022-12-20 15:37:00,0,0,0,0,0
2022-12-20 15:38:00,0,0,0,0,0
2022-12-20 15:39:00,0,0,0,0,0
2022-12-20 15:40:00,0,0,0,0,0
2022-12-20 15:41:00,0,0,0,0,0
2022-12-20 15:42:00,0,0,0,0,0
2022-12-20 15:43:00,0,0,0,0,0
2022-12-20 15:44:00,0,0,0,0,0
2022-12-20 15:45:00,0,0,0,0,0
2022-12-20 15:46:00,0,0,0,0,0
2022-12-20 15:47:00,0,0,0,0,0
2022-12-20 15:48:00,0,0,0,0,0
2022-12-20 15:49:00,0,0,0,0,0
2022-12-20 15:50:00,0,0,0,0,0
2022-12-20 15:51:00,0,0,0,0,0
2022-12-20 15:52:00,0,0,0,0,0
2022-12-20 15:53:00,0,0,0,0,0
2022-12-20 15:54:00,0,0,0,0,0
2022-12-20 15:55:00,0,0,0,0,0
2022-12-20 15:56:00,0,0,0,0,0
2022-12-20 15:57:00,0,0,0,0,0
2022-12-20 15:58:00,0,0,0,0,0
2022-12-20 15:59:00,0,0,0,0,0
2022-12-21 09:00:00,0,0,0,0,0
2022-12-21 09:01:00,0,0,0,0,0
2022-12-21 09:02:00,0,0,0,0,0
2022-12-21 09:03:00,0,0,0,0,0
2022-12-21 09:04:00,0,0,0,0,0
2022-12-21 09:05:00,0,0,0,0,0
2022-12-21 09:06:00,0,0,0,0,0
2022-12-21 09:07:00,0,0,0,0,0
2022-12-21 09:08:00,0,0,0,0,0
2022-12-21 09:09:00,0,0,0,0,0
2022-12-21 09:10:00,0,0,0,0,0
2022-12-21 09:11:00,0,0,0,0,0
2022-12-21 09:12:00,0,0,0,0,0
2022-12-21 09:13:00,0,0,0,0,0
2022-12-21 09:14:00,0,0,0,0,0
2022-12-21 09:15:00,0,0,0,0,0
2022-12-21 09:16:00,0,0,0,0,0
2022-12-21 09:17:00,0,0,0,0,0
2022-12-21 09:18:00,0,0,0,0,0
2022-12-21 09:19:00,0,0,0,0,0
2022-12-21 09:20:00,0,0,0,0,0
2022-12-21 09:21:00,0,0,0,0,0
2022-12-21 09:22:00,0,0,0,0,0
2022-12-21 09:23:00,0,0,0,0,0
2022-12-21 09:24:00,0,0,0,0,0
2022-12-21 09:25:00,0,0,0,0,0
2022-12-21 09:26:00,0,0,0,0,0
2022-12-21 09:27:00,0,0,0,0,0
2022-12-21 09:28:00,0,0,0,0,0
2022-12-21 09:29:00,0,0,0,0,0
2022-12-21 09:30:00,0,0,0,0,0
2022-12-21 09:31:00,0,0,0,0,0
2022-12-21 09:32:00,0,0,0,0,0
2022-12-21 09:33:00,0,0,0,0,0
2022-12-21 09:34:00,0,0,0,0,0
2022-12-21 09:35:00,0,0,0,0,0
2022-12-21 09:36:00,0,0,0,0,0
2022-12-21 09:37:00,0,0,0,0,0
2022-12-21 09:38:00,0,0,0,0,0
2022-12-21 09:39:00,0,0,0,0,0
2022-12-21 09:40:00,0,0,0,0,0
2022-12-21 09:41:00,0,0,0,0,0
2022-12-21 09:42:00,0,0,0,0,0
2022-12-21 09:43:00,0,0,0,0,0
2022-12-21 09:44:00,0,0,0,0,0
2022-12-21 09:45:00,0,0,0,0,0
2022-12-21 09:46:00,0,0,0,0,0
2022-12-21 09:47:00,0,0,0,0,0
2022-12-21 09:48:00,0,0,0,0,0
2022-12-21 09:49:00,0,0,0,0,0
2022-12-21 09:50:00,0,0,0,0,0
2022-12-21 09:51:00,0,0,0,0,0
2022-12-21 09:52:00,0,0,0,0,0
2022-12-21 09:53:00,0,0,0,0,0
2022-12-21 09:54:00,0,0,0,0,0
2022-12-21 09:55:00,0,0,0,0,0
2022-12-21 09:56:00,0,0,0,0,0
2022-12-21 09:57:00,0,0,0,0,0
2022-12-21 09:58:00,0,0,0,0,0
2022-12-21 09:59:00,0,0,0,0,0
2022-12-21 10:00:00,0,0,0,0,0
2022-12-21 10:01:00,0,0,0,0,0
2022-12-21 10:02:00,0,0,0,0,0
2022-12-21 10:03:00,0,0,0,0,0
2022-12-21 10:04:00,0,0,0,0,0
2022-12-21 10:05:00,0,0,0,0,0
2022-12-21 10:06:00,0,0,0,0,0
2022-12-21 10:07:00,0,0,0,0,0
2022-12-21 10:08:00,0,0,0,0,0
2022-12-21 10:09:00,0,0,0,0,0
2022-12-21 10:10:00,0,0,0,0,0
2022-12-21 10:11:00,0,0,0,0,0
2022-12-21 10:12:00,0,0,0,0,0
2022-12-21 10:13:00,0,0,0,0,0
2022-12-21 10:14:00,0,0,0,0,0
2022-12-21 10:15:00,0,0,0,0,0
2022-12-21 10:16:00,0,0,0,0,0
2022-12-21 10:17:00,0,0,0,0,0
2022-12-21 10:18:00,0,0,0,0,0
2022-12-21 10:19:00,0,0,0,0,0
2022-12-21 10:20:00,0,0,0,0,0
2022-12-21 10:21:00,0,0,0,0,0
2022-12-21 10:22:00,0,0,0,0,0
2022-12-21 10:23:00,0,0,0,0,0
2022-12-21 10:24:00,0,0,0,0,0
2022-12-21 10:25:00,0,0,0,0,0
2022-12-21 10:26:00,0,0,0,0,0
2022-12-21 10:27:00,0,0,0,0,0
2022-12-21 10:28:00,0,0,0,0,0
2022-12-21 10:29:00,0,0,0,0,0
2022-12-21 10:30:00,0,0,0,0,0
2022-12-21 10:31:00,0,0,0,0,0
2022-12-21 10:32:00,0,0,0,0,0
2022-12-21 10:33:00,0,0,0,0,0
2022-12-21 10:34:00,0,0,0,0,0
2022-12-21 10:35:00,0,0,0,0,0
2022-12-21 10:36:00,0,0,0,0,0
2022-12-21 10:37:00,0,0,0,0,0
2022-12-21 10:38:00,0,0,0,0,0
2022-12-21 10:39:00,0,0,0,0,0
2022-12-21 10:40:00,0,0,0,0,0
2022-12-21 10:41:00,0,0,0,0,0
2022-12-21 10:42:00,0,0,0,0,0
2022-12-21 10:43:00,0,0,0,0,0
2022-12-21 10:44:00,0,0,0,0,0
2022-12-21 10:45:00,0,0,0,0,0
2022-12-21 10:46:00,0,0,0,0,0
2022-12-21 10:47:00,0,0,0,0,0
2022-12-21 10:48:00,0,0,0,0,0
2022-12-21 10:49:00,0,0,0,0,0
2022-12-21 10:50:00,0,0,0,0,0
2022-12-21 10:51:00,0,0,0,0,0
2022-12-21 10:52:00,0,0,0,0,0
2022-12-21 10:53:00,0,0,0,0,0
2022-12-21 10:54:00,0,0,0,0,0
2022-12-21 10:55:00,0,0,0,0,0
2022-12-21 10:56:00,0,0,0,0,0
2022-12-21 10:57:00,0,0,0,0,0
2022-12-21 10:58:00,0,0,0,0,0
2022-12-21 10:59:00,0,0,0,0,0
2022-12-21 11:00:00,0,0,0,0,0
2022-12-21 11:01:00,0,0,0,0,0
2022-12-21 11:02:00,0,0,0,0,0
2022-12-21 11:03:00,0,0,0,0,0
2022-12-21 11:04:00,0,0,0,0,0
2022-12-21 11:05:00,0,0,0,0,0
2022-12-21 11:06:00,0,0,0,0,0
2022-12-21 11:07:00,0,0,0,0,0
2022-12-21 11:08:00,0,0,0,0,0
2022-12-21 11:09:00,0,0,0,0,0
2022-12-21 11:10:00,0,0,0,0,0
2022-12-21 11:11:00,0,0,0,0,0
2022-12-21 11:12:00,0,0,0,0,0
2022-12-21 11:13:00,0,0,0,0,0
2022-12-21 11:14:00,0,0,0,0,0
2022-12-21 11:15:00,0,0,0,0,0
2022-12-21 11:16:00,0,0,0,0,0
2022-12-21 11:17:00,0,0,0,0,0
2022-12-21 11:18:00,0,0,0,0,0
2022-12-21 11:19:00,0,0,0,0,0
2022-12-21 11:20:00,0,0,0,0,0
2022-12-21 11:21:00,0,0,0,0,0
2022-12-21 11:22:00,0,0,0,0,0
2022-12-21 11:23:00,0,0,0,0,0
2022-12-21 11:24:00,0,0,0,0,0
2022-12-21 11:25:00,0,0,0,0,0
2022-12-21 11:26:00,0,0,0,0,0
2022-12-21 11:27:00,0,0,0,0,0
2022-12-21 11:28:00,0,0,0,0,0
2022-12-21 11:29:00,0,0,0,0,0
2022-12-21 11:30:00,0,0,0,0,0
2022-12-21 11:31:00,0,0,0,0,0
2022-12-21 11:32:00,0,0,0,0,0
2022-12-21 11:33:00,0,0,0,0,0
2022-12-21 11:34:00,0,0,0,0,0
2022-12-21 11:35:00,0,0,0,0,0
2022-12-21 11:36:00,0,0,0,0,0
2022-12-21 11:37:00,0,0,0,0,0
2022-12-21 11:38:00,0,0,0,0,0
2022-12-21 11:39:00,0,0,0,0,0
2022-12-21 11:40:00,0,0,0,0,0
2022-12-21 11:41:00,0,0,0,0,0
2022-12-21 11:42:00,0,0,0,0,0
2022-12-21 11:43:00,0,0,0,0,0
2022-12-21 11:44:00,0,0,0,0,0
2022-12-21 11:45:00,0,0,0,0,0
2022-12-21 11:46:00,0,0,0,0,0
2022-12-21 11:47:00,0,0,0,0,0
2022-12-21 11:48:00,0,0,0,0,0
2022-12-21 11:49:00,0,0,0,0,0
2022-12-21 11:50:00,0,0,0,0,0
2022-12-21 11:51:00,0,0,0,0,0
2022-12-21 11:52:00,0,0,0,0,0
2022-12-21 11:53:00,0,0,0,0,0
2022-12-21 11:54:00,0,0,0,0,0
2022-12-21 11:55:00,0,0,0,0,0
2022-12-21 11:56:00,0,0,0,0,0
2022-12-21 11:57:00,0,0,0,0,0
2022-12-21 11:58:00,0,0,0,0,0
2022-12-21 11:59:00,0,0,0,0,0
2022-12-21 12:00:00,0,0,0,0,0
2022-12-21 12:01:00,0,0,0,0,0
2022-12-21 12:02:00,0,0,0,0,0
2022-12-21 12:03:00,0,0,0,0,0
2022-12-21 12:04:00,0,0,0,0,0
2022-12-21 12:05:00,0,0,0,0,0
2022-12-21 12:06:00,0,0,0,0,0
2022-12-21 12:07:00,0,0,0,0,0
2022-12-21 12:08:00,0,0,0,0,0
2022-12-21 12:09:00,0,0,0,0,0
2022-12-21 12:10:00,0,0,0,0,0
2022-12-21 12:11:00,0,0,0,0,0
2022-12-21 12:12:00,0,0,0,0,0
2022-12-21 12:13:00,0,0,0,0,0
2022-12-21 12:14:00,0,0,0,0,0
2022-12-21 12:15:00,0,0,0,0,0
2022-12-21 12:16:00,0,0,0,0,0
2022-12-21 12:17:00,0,0,0,0,0
2022-12-21 12:18:00,0,0,0,0,0
2022-12-21 12:19:00,0,0,0,0,0
2022-12-21 12:20:00,0,0,0,0,0
2022-12-21 12:21:00,0,0,0,0,0
2022-12-21 12:22:00,0,0,0,0,0
2022-12-21 12:23:00,0,0,0,0,0
2022-12-21 12:24:00,0,0,0,0,0
2022-12-21 12:25:00,0,0,0,0,0
2022-12-21 12:26:00,0,0,0,0,0
2022-12-21 12:27:00,0,0,0,0,0
2022-12-21 12:28:00,0,0,0,0,0
2022-12-21 12:29:00,0,0,0,0,0
2022-12-21 12:30:00,0,0,0,0,0
2022-12-21 12:31:00,0,0,0,0,0
2022-12-21 12:32:00,0,0,0,0,0
2022-12-21 12:33:00,0,0,0,0,0
2022-12-21 12:34:00,0,0,0,0,0
2022-12-21 12:35:00,0,0,0,0,0
2022-12-21 12:36:00,0,0,0,0,0
2022-12-21 12:37:00,0,0,0,0,0
2022-12-21 12:38:00,0,0,0,0,0
2022-12-21 12:39:00,0,0,0,0,0
2022-12-21 12:40:00,0,0,0,0,0
2022-12-21 12:41:00,0,0,0,0,0
2022-12-21 12:42:00,0,0,0,0,0
2022-12-21 12:43:00,0,0,0,0,0
2022-12-21 12:44:00,0,0,0,0,0
2022-12-21 12:45:00,0,0,0,0,0
2022-12-21 12:46:00,0,0,0,0,0
2022-12-21 12:47:00,0,0,0,0,0
2022-12-21 12:48:00,0,0,0,0,0
2022-12-21 12:49:00,0,0,0,0,0
2022-12-21 12:50:00,0,0,0,0,0
2022-12-21 12:51:00,0,0,0,0,0
2022-12-21 12:52:00,0,0,0,0,0
2022-12-21 12:53:00,0,0,0,0,0
2022-12-21 12:54:00,0,0,0,0,0
2022-12-21 12:55:00,0,0,0,0,0
2022-12-21 12:56:00,0,0,0,0,0
2022-12-21 12:57:00,0,0,0,0,0
2022-12-21 12:58:00,0,0,0,0,0
2022-12-21 12:59:00,0,0,0,0,0
2022-12-21 13:00:00,0,0,0,0,0
2022-12-21 13:01:00,0,0,0,0,0
2022-12-21 13:02:00,0,0,0,0,0
2022-12-21 13:03:00,0,0,0,0,0
2022-12-21 13:04:00,0,0,0,0,0
2022-12-21 13:05:00,0,0,0,0,0
2022-12-21 13:06:00,0,0,0,0,0
2022-12-21 13:07:00,0,0,0,0,0
2022-12-21 13:08:00,0,0,0,0,0
2022-12-21 13:09:00,0,0,0,0,0
2022-12-21 13:10:00,0,0,0,0,0
2022-12-21 13:11:00,0,0,0,0,0
2022-12-21 13:12:00,0,0,0,0,0
2022-12-21 13:13:00,0,0,0,0,0
2022-12-21 13:14:00,0,0,0,0,0
2022-12-21 13:15:00,0,0,0,0,0
2022-12-21 13:16:00,0,0,0,0,0
2022-12-21 13:17:00,0,0,0,0,0
2022-12-21 13:18:00,0,0,0,0,0
2022-12-21 13:19:00,0,0,0,0,0
2022-12-21 13:20:00,0,0,0,0,0
2022-12-21 13:21:00,0,0,0,0,0
2022-12-21 13:22:00,0,0,0,0,0
2022-12-21 13:23:00,0,0,0,0,0
2022-12-21 13:24:00,0,0,0,0,0
2022-12-21 13:25:00,0,0,0,0,0
2022-12-21 13:26:00,0,0,0,0,0
2022-12-21 13:27:00,0,0,0,0,0
2022-12-21 13:28:00,0,0,0,0,0
2022-12-21 13:29:00,0,0,0,0,0
2022-12-21 13:30:00,0,0,0,0,0
2022-12-21 13:31:00,0,0,0,0,0
2022-12-21 13:32:00,0,0,0,0,0
2022-12-21 13:33:00,0,0,0,0,0
2022-12-21 13:34:00,0,0,0,0,0
2022-12-21 13:35:00,0,0,0,0,0
2022-12-21 13:36:00,0,0,0,0,0
2022-12-21 13:37:00,0,0,0,0,0
2022-12-21 13:38:00,0,0,0,0,0
2022-12-21 13:39:00,0,0,0,0,0
2022-12-21 13:40:00,0,0,0,0,0
2022-12-21 13:41:00,1625,1625,1625,1625,100
2022-12-21 13:42:00,0,0,0,0,0
2022-12-21 13:43:00,0,0,0,0,0
2022-12-21 13:44:00,0,0,0,0,0
2022-12-21 13:45:00,0,0,0,0,0
2022-12-21 13:46:00,0,0,0,0,0
2022-12-21 13:47:00,0,0,0,0,0
2022-12-21 13:48:00,0,0,0,0,0
2022-12-21 13:49:00,0,0,0,0,0
2022-12-21 13:50:00,0,0,0,0,0
2022-12-21 13:51:00,0,0,0,0,0
2022-12-21 13:52:00,0,0,0,0,0
2022-12-21 13:53:00,0,0,0,0,0
2022-12-21 13:54:00,0,0,0,0,0
2022-12-21 13:55:00,0,0,0,0,0
2022-12-21 13:56:00,0,0,0,0,0
2022-12-21 13:57:00,0,0,0,0,0
2022-12-21 13:58:00,0,0,0,0,0
2022-12-21 13:59:00,0,0,0,0,0
2022-12-21 14:00:00,0,0,0,0,0
2022-12-21 14:01:00,0,0,0,0,0
2022-12-21 14:02:00,0,0,0,0,0
2022-12-21 14:03:00,0,0,0,0,0
2022-12-21 14:04:00,0,0,0,0,0
2022-12-21 14:05:00,0,0,0,0,0
2022-12-21 14:06:00,0,0,0,0,0
2022-12-21 14:07:00,0,0,0,0,0
2022-12-21 14:08:00,0,0,0,0,0
2022-12-21 14:09:00,0,0,0,0,0
2022-12-21 14:10:00,0,0,0,0,0
2022-12-21 14:11:00,0,0,0,0,0
2022-12-21 14:12:00,0,0,0,0,0
2022-12-21 14:13:00,0,0,0,0,0
2022-12-21 14:14:00,0,0,0,0,0
2022-12-21 14:15:00,0,0,0,0,0
2022-12-21 14:16:00,0,0,0,0,0
2022-12-21 14:17:00,0,0,0,0,0
2022-12-21 14:18:00,0,0,0,0,0
2022-12-21 14:19:00,0,0,0,0,0
2022-12-21 14:20:00,0,0,0,0,0
2022-12-21 14:21:00,0,0,0,0,0
2022-12-21 14:22:00,0,0,0,0,0
2022-12-21 14:23:00,0,0,0,0,0
2022-12-21 14:24:00,0,0,0,0,0
2022-12-21 14:25:00,0,0,0,0,0
2022-12-21 14:26:00,0,0,0,0,0
2022-12-21 14:27:00,0,0,0,0,0
2022-12-21 14:28:00,0,0,0,0,0
2022-12-21 14:29:00,0,0,0,0,0
2022-12-21 14:30:00,0,0,0,0,0
2022-12-21 14:31:00,0,0,0,0,0
2022-12-21 14:32:00,0,0,0,0,0
2022-12-21 14:33:00,0,0,0,0,0
2022-12-21 14:34:00,0,0,0,0,0
2022-12-21 14:35:00,0,0,0,0,0
2022-12-21 14:36:00,0,0,0,0,0
2022-12-21 14:37:00,0,0,0,0,0
2022-12-21 14:38:00,0,0,0,0,0
2022-12-21 14:39:00,0,0,0,0,0
2022-12-21 14:40:00,0,0,0,0,0
2022-12-21 14:41:00,0,0,0,0,0
2022-12-21 14:42:00,0,0,0,0,0
2022-12-21 14:43:00,0,0,0,0,0
2022-12-21 14:44:00,0,0,0,0,0
2022-12-21 14:45:00,0,0,0,0,0
2022-12-21 14:46:00,0,0,0,0,0
2022-12-21 14:47:00,0,0,0,0,0
2022-12-21 14:48:00,0,0,0,0,0
2022-12-21 14:49:00,0,0,0,0,0
2022-12-21 14:50:00,0,0,0,0,0
2022-12-21 14:51:00,0,0,0,0,0
2022-12-21 14:52:00,0,0,0,0,0
2022-12-21 14:53:00,0,0,0,0,0
2022-12-21 14:54:00,0,0,0,0,0
2022-12-21 14:55:00,0,0,0,0,0
2022-12-21 14:56:00,0,0,0,0,0
2022-12-21 14:57:00,0,0,0,0,0
2022-12-21 14:58:00,0,0,0,0,0
2022-12-21 14:59:00,0,0,0,0,0
2022-12-21 15:00:00,0,0,0,0,0
2022-12-21 15:01:00,0,0,0,0,0
2022-12-21 15:02:00,0,0,0,0,0
2022-12-21 15:03:00,0,0,0,0,0
2022-12-21 15:04:00,0,0,0,0,0
2022-12-21 15:05:00,0,0,0,0,0
2022-12-21 15:06:00,0,0,0,0,0
2022-12-21 15:07:00,0,0,0,0,0
2022-12-21 15:08:00,0,0,0,0,0
2022-12-21 15:09:00,0,0,0,0,0
2022-12-21 15:10:00,0,0,0,0,0
2022-12-21 15:11:00,0,0,0,0,0
2022-12-21 15:12:00,0,0,0,0,0
2022-12-21 15:13:00,0,0,0,0,0
2022-12-21 15:14:00,0,0,0,0,0
2022-12-21 15:15:00,0,0,0,0,0
2022-12-21 15:16:00,0,0,0,0,0
2022-12-21 15:17:00,0,0,0,0,0
2022-12-21 15:18:00,0,0,0,0,0
2022-12-21 15:19:00,0,0,0,0,0
2022-12-21 15:20:00,0,0,0,0,0
2022-12-21 15:21:00,0,0,0,0,0
2022-12-21 15:22:00,0,0,0,0,0
2022-12-21 15:23:00,0,0,0,0,0
2022-12-21 15:24:00,0,0,0,0,0
2022-12-21 15:25:00,0,0,0,0,0
2022-12-21 15:26:00,0,0,0,0,0
2022-12-21 15:27:00,0,0,0,0,0
2022-12-21 15:28:00,0,0,0,0,0
2022-12-21 15:29:00,0,0,0,0,0
2022-12-21 15:30:00,0,0,0,0,0
2022-12-21 15:31:00,0,0,0,0,0
2022-12-21 15:32:00,0,0,0,0,0
2022-12-21 15:33:00,0,0,0,0,0
2022-12-21 15:34:00,0,0,0,0,0
2022-12-21 15:35:00,0,0,0,0,0
2022-12-21 15:36:00,0,0,0,0,0
2022-12-21 15:37:00,0,0,0,0,0
2022-12-21 15:38:00,0,0,0,0,0
2022-12-21 15:39:00,0,0,0,0,0
2022-12-21 15:40:00,0,0,0,0,0
2022-12-21 15:41:00,0,0,0,0,0
2022-12-21 15:42:00,0,0,0,0,0
2022-12-21 15:43:00,0,0,0,0,0
2022-12-21 15:44:00,0,0,0,0,0
2022-12-21 15:45:00,0,0,0,0,0
2022-12-21 15:46:00,0,0,0,0,0
2022-12-21 15:47:00,0,0,0,0,0
2022-12-21 15:48:00,0,0,0,0,0
2022-12-21 15:49:00,0,0,0,0,0
2022-12-21 15:50:00,0,0,0,0,0
2022-12-21 15:51:00,0,0,0,0,0
2022-12-21 15:52:00,0,0,0,0,0
2022-12-21 15:53:00,0,0,0,0,0
2022-12-21 15:54:00,0,0,0,0,0
2022-12-21 15:55:00,0,0,0,0,0
2022-12-21 15:56:00,0,0,0,0,0
2022-12-21 15:57:00,0,0,0,0,0
2022-12-21 15:58:00,0,0,0,0,0
2022-12-21 15:59:00,0,0,0,0,0
2022-12-22 09:00:00,1625,1625,1625,1625,100
2022-12-22 09:01:00,0,0,0,0,0
2022-12-22 09:02:00,0,0,0,0,0
2022-12-22 09:03:00,0,0,0,0,0
2022-12-22 09:04:00,0,0,0,0,0
2022-12-22 09:05:00,0,0,0,0,0
2022-12-22 09:06:00,0,0,0,0,0
2022-12-22 09:07:00,0,0,0,0,0
2022-12-22 09:08:00,0,0,0,0,0
2022-12-22 09:09:00,0,0,0,0,0
2022-12-22 09:10:00,0,0,0,0,0
2022-12-22 09:11:00,0,0,0,0,0
2022-12-22 09:12:00,0,0,0,0,0
2022-12-22 09:13:00,0,0,0,0,0
2022-12-22 09:14:00,0,0,0,0,0
2022-12-22 09:15:00,0,0,0,0,0
2022-12-22 09:16:00,0,0,0,0,0
2022-12-22 09:17:00,0,0,0,0,0
2022-12-22 09:18:00,0,0,0,0,0
2022-12-22 09:19:00,0,0,0,0,0
2022-12-22 09:20:00,0,0,0,0,0
2022-12-22 09:21:00,0,0,0,0,0
2022-12-22 09:22:00,0,0,0,0,0
2022-12-22 09:23:00,0,0,0,0,0
2022-12-22 09:24:00,0,0,0,0,0
2022-12-22 09:25:00,0,0,0,0,0
2022-12-22 09:26:00,0,0,0,0,0
2022-12-22 09:27:00,0,0,0,0,0
2022-12-22 09:28:00,0,0,0,0,0
2022-12-22 09:29:00,0,0,0,0,0
2022-12-22 09:30:00,0,0,0,0,0
2022-12-22 09:31:00,0,0,0,0,0
2022-12-22 09:32:00,0,0,0,0,0
2022-12-22 09:33:00,0,0,0,0,0
2022-12-22 09:34:00,0,0,0,0,0
2022-12-22 09:35:00,0,0,0,0,0
2022-12-22 09:36:00,0,0,0,0,0
2022-12-22 09:37:00,0,0,0,0,0
2022-12-22 09:38:00,0,0,0,0,0
2022-12-22 09:39:00,0,0,0,0,0
2022-12-22 09:40:00,0,0,0,0,0
2022-12-22 09:41:00,0,0,0,0,0
2022-12-22 09:42:00,0,0,0,0,0
2022-12-22 09:43:00,0,0,0,0,0
2022-12-22 09:44:00,0,0,0,0,0
2022-12-22 09:45:00,0,0,0,0,0
2022-12-22 09:46:00,0,0,0,0,0
2022-12-22 09:47:00,0,0,0,0,0
2022-12-22 09:48:00,0,0,0,0,0
2022-12-22 09:49:00,0,0,0,0,0
2022-12-22 09:50:00,0,0,0,0,0
2022-12-22 09:51:00,0,0,0,0,0
2022-12-22 09:52:00,0,0,0,0,0
2022-12-22 09:53:00,0,0,0,0,0
2022-12-22 09:54:00,0,0,0,0,0
2022-12-22 09:55:00,0,0,0,0,0
2022-12-22 09:56:00,0,0,0,0,0
2022-12-22 09:57:00,0,0,0,0,0
2022-12-22 09:58:00,0,0,0,0,0
2022-12-22 09:59:00,0,0,0,0,0
2022-12-22 10:00:00,0,0,0,0,0
2022-12-22 10:01:00,0,0,0,0,0
2022-12-22 10:02:00,0,0,0,0,0
2022-12-22 10:03:00,0,0,0,0,0
2022-12-22 10:04:00,0,0,0,0,0
2022-12-22 10:05:00,0,0,0,0,0
2022-12-22 10:06:00,0,0,0,0,0
2022-12-22 10:07:00,0,0,0,0,0
2022-12-22 10:08:00,0,0,0,0,0
2022-12-22 10:09:00,0,0,0,0,0
2022-12-22 10:10:00,0,0,0,0,0
2022-12-22 10:11:00,0,0,0,0,0
2022-12-22 10:12:00,0,0,0,0,0
2022-12-22 10:13:00,0,0,0,0,0
2022-12-22 10:14:00,0,0,0,0,0
2022-12-22 10:15:00,0,0,0,0,0
2022-12-22 10:16:00,0,0,0,0,0
2022-12-22 10:17:00,0,0,0,0,0
2022-12-22 10:18:00,0,0,0,0,0
2022-12-22 10:19:00,0,0,0,0,0
2022-12-22 10:20:00,0,0,0,0,0
2022-12-22 10:21:00,0,0,0,0,0
2022-12-22 10:22:00,0,0,0,0,0
2022-12-22 10:23:00,0,0,0,0,0
2022-12-22 10:24:00,0,0,0,0,0
2022-12-22 10:25:00,0,0,0,0,0
2022-12-22 10:26:00,0,0,0,0,0
2022-12-22 10:27:00,0,0,0,0,0
2022-12-22 10:28:00,0,0,0,0,0
2022-12-22 10:29:00,0,0,0,0,0
2022-12-22 10:30:00,0,0,0,0,0
2022-12-22 10:31:00,0,0,0,0,0
2022-12-22 10:32:00,0,0,0,0,0
2022-12-22 10:33:00,0,0,0,0,0
2022-12-22 10:34:00,0,0,0,0,0
2022-12-22 10:35:00,0,0,0,0,0
2022-12-22 10:36:00,0,0,0,0,0
2022-12-22 10:37:00,0,0,0,0,0
2022-12-22 10:38:00,0,0,0,0,0
2022-12-22 10:39:00,0,0,0,0,0
2022-12-22 10:40:00,0,0,0,0,0
2022-12-22 10:41:00,0,0,0,0,0
2022-12-22 10:42:00,0,0,0,0,0
2022-12-22 10:43:00,0,0,0,0,0
2022-12-22 10:44:00,0,0,0,0,0
2022-12-22 10:45:00,0,0,0,0,0
2022-12-22 10:46:00,0,0,0,0,0
2022-12-22 10:47:00,0,0,0,0,0
2022-12-22 10:48:00,0,0,0,0,0
2022-12-22 10:49:00,0,0,0,0,0
2022-12-22 10:50:00,0,0,0,0,0
2022-12-22 10:51:00,0,0,0,0,0
2022-12-22 10:52:00,0,0,0,0,0
2022-12-22 10:53:00,0,0,0,0,0
2022-12-22 10:54:00,0,0,0,0,0
2022-12-22 10:55:00,0,0,0,0,0
2022-12-22 10:56:00,0,0,0,0,0
2022-12-22 10:57:00,0,0,0,0,0
2022-12-22 10:58:00,0,0,0,0,0
2022-12-22 10:59:00,0,0,0,0,0
2022-12-22 11:00:00,0,0,0,0,0
2022-12-22 11:01:00,0,0,0,0,0
2022-12-22 11:02:00,0,0,0,0,0
2022-12-22 11:03:00,0,0,0,0,0
2022-12-22 11:04:00,0,0,0,0,0
2022-12-22 11:05:00,0,0,0,0,0
2022-12-22 11:06:00,0,0,0,0,0
2022-12-22 11:07:00,0,0,0,0,0
2022-12-22 11:08:00,0,0,0,0,0
2022-12-22 11:09:00,0,0,0,0,0
2022-12-22 11:10:00,0,0,0,0,0
2022-12-22 11:11:00,0,0,0,0,0
2022-12-22 11:12:00,0,0,0,0,0
2022-12-22 11:13:00,0,0,0,0,0
2022-12-22 11:14:00,0,0,0,0,0
2022-12-22 11:15:00,0,0,0,0,0
2022-12-22 11:16:00,0,0,0,0,0
2022-12-22 11:17:00,0,0,0,0,0
2022-12-22 11:18:00,0,0,0,0,0
2022-12-22 11:19:00,0,0,0,0,0
2022-12-22 11:20:00,0,0,0,0,0
2022-12-22 11:21:00,0,0,0,0,0
2022-12-22 11:22:00,0,0,0,0,0
2022-12-22 11:23:00,0,0,0,0,0
2022-12-22 11:24:00,0,0,0,0,0
2022-12-22 11:25:00,0,0,0,0,0
2022-12-22 11:26:00,0,0,0,0,0
2022-12-22 11:27:00,0,0,0,0,0
2022-12-22 11:28:00,0,0,0,0,0
2022-12-22 11:29:00,0,0,0,0,0
2022-12-22 11:30:00,0,0,0,0,0
2022-12-22 11:31:00,0,0,0,0,0
2022-12-22 11:32:00,0,0,0,0,0
2022-12-22 11:33:00,0,0,0,0,0
2022-12-22 11:34:00,0,0,0,0,0
2022-12-22 11:35:00,0,0,0,0,0
2022-12-22 11:36:00,0,0,0,0,0
2022-12-22 11:37:00,0,0,0,0,0
2022-12-22 11:38:00,0,0,0,0,0
2022-12-22 11:39:00,0,0,0,0,0
2022-12-22 11:40:00,0,0,0,0,0
2022-12-22 11:41:00,0,0,0,0,0
2022-12-22 11:42:00,0,0,0,0,0
2022-12-22 11:43:00,0,0,0,0,0
2022-12-22 11:44:00,0,0,0,0,0
2022-12-22 11:45:00,0,0,0,0,0
2022-12-22 11:46:00,0,0,0,0,0
2022-12-22 11:47:00,0,0,0,0,0
2022-12-22 11:48:00,0,0,0,0,0
2022-12-22 11:49:00,0,0,0,0,0
2022-12-22 11:50:00,0,0,0,0,0
2022-12-22 11:51:00,0,0,0,0,0
2022-12-22 11:52:00,0,0,0,0,0
2022-12-22 11:53:00,0,0,0,0,0
2022-12-22 11:54:00,0,0,0,0,0
2022-12-22 11:55:00,0,0,0,0,0
2022-12-22 11:56:00,0,0,0,0,0
2022-12-22 11:57:00,0,0,0,0,0
2022-12-22 11:58:00,0,0,0,0,0
2022-12-22 11:59:00,0,0,0,0,0
2022-12-22 12:00:00,0,0,0,0,0
2022-12-22 12:01:00,0,0,0,0,0
2022-12-22 12:02:00,0,0,0,0,0
2022-12-22 12:03:00,0,0,0,0,0
2022-12-22 12:04:00,0,0,0,0,0
2022-12-22 12:05:00,0,0,0,0,0
2022-12-22 12:06:00,0,0,0,0,0
2022-12-22 12:07:00,0,0,0,0,0
2022-12-22 12:08:00,0,0,0,0,0
2022-12-22 12:09:00,0,0,0,0,0
2022-12-22 12:10:00,0,0,0,0,0
2022-12-22 12:11:00,0,0,0,0,0
2022-12-22 12:12:00,0,0,0,0,0
2022-12-22 12:13:00,0,0,0,0,0
2022-12-22 12:14:00,0,0,0,0,0
2022-12-22 12:15:00,0,0,0,0,0
2022-12-22 12:16:00,0,0,0,0,0
2022-12-22 12:17:00,0,0,0,0,0
2022-12-22 12:18:00,0,0,0,0,0
2022-12-22 12:19:00,0,0,0,0,0
2022-12-22 12:20:00,0,0,0,0,0
2022-12-22 12:21:00,0,0,0,0,0
2022-12-22 12:22:00,0,0,0,0,0
2022-12-22 12:23:00,0,0,0,0,0
2022-12-22 12:24:00,0,0,0,0,0
2022-12-22 12:25:00,0,0,0,0,0
2022-12-22 12:26:00,0,0,0,0,0
2022-12-22 12:27:00,0,0,0,0,0
2022-12-22 12:28:00,0,0,0,0,0
2022-12-22 12:29:00,0,0,0,0,0
2022-12-22 12:30:00,0,0,0,0,0
2022-12-22 12:31:00,0,0,0,0,0
2022-12-22 12:32:00,0,0,0,0,0
2022-12-22 12:33:00,0,0,0,0,0
2022-12-22 12:34:00,0,0,0,0,0
2022-12-22 12:35:00,0,0,0,0,0
2022-12-22 12:36:00,0,0,0,0,0
2022-12-22 12:37:00,0,0,0,0,0
2022-12-22 12:38:00,0,0,0,0,0
2022-12-22 12:39:00,0,0,0,0,0
2022-12-22 12:40:00,0,0,0,0,0
2022-12-22 12:41:00,0,0,0,0,0
2022-12-22 12:42:00,0,0,0,0,0
2022-12-22 12:43:00,0,0,0,0,0
2022-12-22 12:44:00,0,0,0,0,0
2022-12-22 12:45:00,0,0,0,0,0
2022-12-22 12:46:00,0,0,0,0,0
2022-12-22 12:47:00,0,0,0,0,0
2022-12-22 12:48:00,0,0,0,0,0
2022-12-22 12:49:00,0,0,0,0,0
2022-12-22 12:50:00,0,0,0,0,0
2022-12-22 12:51:00,0,0,0,0,0
2022-12-22 12:52:00,0,0,0,0,0
2022-12-22 12:53:00,0,0,0,0,0
2022-12-22 12:54:00,0,0,0,0,0
2022-12-22 12:55:00,0,0,0,0,0
2022-12-22 12:56:00,0,0,0,0,0
2022-12-22 12:57:00,0,0,0,0,0
2022-12-22 12:58:00,0,0,0,0,0
2022-12-22 12:59:00,0,0,0,0,0
2022-12-22 13:00:00,0,0,0,0,0
2022-12-22 13:01:00,0,0,0,0,0
2022-12-22 13:02:00,0,0,0,0,0
2022-12-22 13:03:00,0,0,0,0,0
2022-12-22 13:04:00,0,0,0,0,0
2022-12-22 13:05:00,0,0,0,0,0
2022-12-22 13:06:00,0,0,0,0,0
2022-12-22 13:07:00,0,0,0,0,0
2022-12-22 13:08:00,0,0,0,0,0
2022-12-22 13:09:00,0,0,0,0,0
2022-12-22 13:10:00,0,0,0,0,0
2022-12-22 13:11:00,0,0,0,0,0
2022-12-22 13:12:00,0,0,0,0,0
2022-12-22 13:13:00,0,0,0,0,0
2022-12-22 13:14:00,0,0,0,0,0
2022-12-22 13:15:00,0,0,0,0,0
2022-12-22 13:16:00,0,0,0,0,0
2022-12-22 13:17:00,0,0,0,0,0
2022-12-22 13:18:00,0,0,0,0,0
2022-12-22 13:19:00,0,0,0,0,0
2022-12-22 13:20:00,0,0,0,0,0
2022-12-22 13:21:00,0,0,0,0,0
2022-12-22 13:22:00,0,0,0,0,0
2022-12-22 13:23:00,0,0,0,0,0
2022-12-22 13:24:00,0,0,0,0,0
2022-12-22 13:25:00,0,0,0,0,0
2022-12-22 13:26:00,0,0,0,0,0
2022-12-22 13:27:00,0,0,0,0,0
2022-12-22 13:28:00,0,0,0,0,0
2022-12-22 13:29:00,0,0,0,0,0
2022-12-22 13:30:00,0,0,0,0,0
2022-12-22 13:31:00,0,0,0,0,0
2022-12-22 13:32:00,0,0,0,0,0
2022-12-22 13:33:00,0,0,0,0,0
2022-12-22 13:34:00,0,0,0,0,0
2022-12-22 13:35:00,0,0,0,0,0
2022-12-22 13:36:00,0,0,0,0,0
2022-12-22 13:37:00,0,0,0,0,0
2022-12-22 13:38:00,0,0,0,0,0
2022-12-22 13:39:00,0,0,0,0,0
2022-12-22 13:40:00,0,0,0,0,0
2022-12-22 13:41:00,0,0,0,0,0
2022-12-22 13:42:00,0,0,0,0,0
2022-12-22 13:43:00,0,0,0,0,0
2022-12-22 13:44:00,0,0,0,0,0
2022-12-22 13:45:00,0,0,0,0,0
2022-12-22 13:46:00,0,0,0,0,0
2022-12-22 13:47:00,0,0,0,0,0
2022-12-22 13:48:00,0,0,0,0,0
2022-12-22 13:49:00,0,0,0,0,0
2022-12-22 13:50:00,0,0,0,0,0
2022-12-22 13:51:00,0,0,0,0,0
2022-12-22 13:52:00,0,0,0,0,0
2022-12-22 13:53:00,0,0,0,0,0
2022-12-22 13:54:00,0,0,0,0,0
2022-12-22 13:55:00,0,0,0,0,0
2022-12-22 13:56:00,0,0,0,0,0
2022-12-22 13:57:00,0,0,0,0,0
2022-12-22 13:58:00,0,0,0,0,0
2022-12-22 13:59:00,0,0,0,0,0
2022-12-22 14:00:00,0,0,0,0,0
2022-12-22 14:01:00,0,0,0,0,0
2022-12-22 14:02:00,0,0,0,0,0
2022-12-22 14:03:00,0,0,0,0,0
2022-12-22 14:04:00,0,0,0,0,0
2022-12-22 14:05:00,0,0,0,0,0
2022-12-22 14:06:00,0,0,0,0,0
2022-12-22 14:07:00,0,0,0,0,0
2022-12-22 14:08:00,0,0,0,0,0
2022-12-22 14:09:00,0,0,0,0,0
2022-12-22 14:10:00,0,0,0,0,0
2022-12-22 14:11:00,0,0,0,0,0
2022-12-22 14:12:00,0,0,0,0,0
2022-12-22 14:13:00,0,0,0,0,0
2022-12-22 14:14:00,0,0,0,0,0
2022-12-22 14:15:00,0,0,0,0,0
2022-12-22 14:16:00,0,0,0,0,0
2022-12-22 14:17:00,0,0,0,0,0
2022-12-22 14:18:00,0,0,0,0,0
2022-12-22 14:19:00,0,0,0,0,0
2022-12-22 14:20:00,0,0,0,0,0
2022-12-22 14:21:00,0,0,0,0,0
2022-12-22 14:22:00,0,0,0,0,0
2022-12-22 14:23:00,0,0,0,0,0
2022-12-22 14:24:00,0,0,0,0,0
2022-12-22 14:25:00,0,0,0,0,0
2022-12-22 14:26:00,0,0,0,0,0
2022-12-22 14:27:00,0,0,0,0,0
2022-12-22 14:28:00,0,0,0,0,0
2022-12-22 14:29:00,0,0,0,0,0
2022-12-22 14:30:00,0,0,0,0,0
2022-12-22 14:31:00,0,0,0,0,0
2022-12-22 14:32:00,0,0,0,0,0
2022-12-22 14:33:00,0,0,0,0,0
2022-12-22 14:34:00,0,0,0,0,0
2022-12-22 14:35:00,0,0,0,0,0
2022-12-22 14:36:00,0,0,0,0,0
2022-12-22 14:37:00,0,0,0,0,0
2022-12-22 14:38:00,0,0,0,0,0
2022-12-22 14:39:00,0,0,0,0,0
2022-12-22 14:40:00,0,0,0,0,0
2022-12-22 14:41:00,0,0,0,0,0
2022-12-22 14:42:00,0,0,0,0,0
2022-12-22 14:43:00,0,0,0,0,0
2022-12-22 14:44:00,0,0,0,0,0
2022-12-22 14:45:00,0,0,0,0,0
2022-12-22 14:46:00,0,0,0,0,0
2022-12-22 14:47:00,0,0,0,0,0
2022-12-22 14:48:00,0,0,0,0,0
2022-12-22 14:49:00,0,0,0,0,0
2022-12-22 14:50:00,0,0,0,0,0
2022-12-22 14:51:00,0,0,0,0,0
2022-12-22 14:52:00,0,0,0,0,0
2022-12-22 14:53:00,0,0,0,0,0
2022-12-22 14:54:00,0,0,0,0,0
2022-12-22 14:55:00,0,0,0,0,0
2022-12-22 14:56:00,0,0,0,0,0
2022-12-22 14:57:00,0,0,0,0,0
2022-12-22 14:58:00,0,0,0,0,0
2022-12-22 14:59:00,0,0,0,0,0
2022-12-22 15:00:00,1640,1640,1640,1640,300
2022-12-22 15:01:00,0,0,0,0,0
2022-12-22 15:02:00,0,0,0,0,0
2022-12-22 15:03:00,0,0,0,0,0
2022-12-22 15:04:00,0,0,0,0,0
2022-12-22 15:05:00,0,0,0,0,0
2022-12-22 15:06:00,0,0,0,0,0
2022-12-22 15:07:00,0,0,0,0,0
2022-12-22 15:08:00,0,0,0,0,0
2022-12-22 15:09:00,0,0,0,0,0
2022-12-22 15:10:00,0,0,0,0,0
2022-12-22 15:11:00,0,0,0,0,0
2022-12-22 15:12:00,0,0,0,0,0
2022-12-22 15:13:00,0,0,0,0,0
2022-12-22 15:14:00,0,0,0,0,0
2022-12-22 15:15:00,0,0,0,0,0
2022-12-22 15:16:00,0,0,0,0,0
2022-12-22 15:17:00,0,0,0,0,0
2022-12-22 15:18:00,0,0,0,0,0
2022-12-22 15:19:00,0,0,0,0,0
2022-12-22 15:20:00,0,0,0,0,0
2022-12-22 15:21:00,0,0,0,0,0
2022-12-22 15:22:00,0,0,0,0,0
2022-12-22 15:23:00,0,0,0,0,0
2022-12-22 15:24:00,0,0,0,0,0
2022-12-22 15:25:00,0,0,0,0,0
2022-12-22 15:26:00,0,0,0,0,0
2022-12-22 15:27:00,0,0,0,0,0
2022-12-22 15:28:00,0,0,0,0,0
2022-12-22 15:29:00,0,0,0,0,0
2022-12-22 15:30:00,0,0,0,0,0
2022-12-22 15:31:00,0,0,0,0,0
2022-12-22 15:32:00,0,0,0,0,0
2022-12-22 15:33:00,0,0,0,0,0
2022-12-22 15:34:00,0,0,0,0,0
2022-12-22 15:35:00,0,0,0,0,0
2022-12-22 15:36:00,0,0,0,0,0
2022-12-22 15:37:00,0,0,0,0,0
2022-12-22 15:38:00,0,0,0,0,0
2022-12-22 15:39:00,0,0,0,0,0
2022-12-22 15:40:00,0,0,0,0,0
2022-12-22 15:41:00,0,0,0,0,0
2022-12-22 15:42:00,0,0,0,0,0
2022-12-22 15:43:00,0,0,0,0,0
2022-12-22 15:44:00,0,0,0,0,0
2022-12-22 15:45:00,0,0,0,0,0
2022-12-22 15:46:00,0,0,0,0,0
2022-12-22 15:47:00,0,0,0,0,0
2022-12-22 15:48:00,0,0,0,0,0
2022-12-22 15:49:00,0,0,0,0,0
2022-12-22 15:50:00,0,0,0,0,0
2022-12-22 15:51:00,0,0,0,0,0
2022-12-22 15:52:00,0,0,0,0,0
2022-12-22 15:53:00,0,0,0,0,0
2022-12-22 15:54:00,0,0,0,0,0
2022-12-22 15:55:00,0,0,0,0,0
2022-12-22 15:56:00,0,0,0,0,0
2022-12-22 15:57:00,0,0,0,0,0
2022-12-22 15:58:00,0,0,0,0,0
2022-12-22 15:59:00,0,0,0,0,0
2022-12-23 09:00:00,0,0,0,0,0
2022-12-23 09:01:00,0,0,0,0,0
2022-12-23 09:02:00,0,0,0,0,0
2022-12-23 09:03:00,0,0,0,0,0
2022-12-23 09:04:00,0,0,0,0,0
2022-12-23 09:05:00,0,0,0,0,0
2022-12-23 09:06:00,0,0,0,0,0
2022-12-23 09:07:00,0,0,0,0,0
2022-12-23 09:08:00,0,0,0,0,0
2022-12-23 09:09:00,0,0,0,0,0
2022-12-23 09:10:00,0,0,0,0,0
2022-12-23 09:11:00,0,0,0,0,0
2022-12-23 09:12:00,0,0,0,0,0
2022-12-23 09:13:00,0,0,0,0,0
2022-12-23 09:14:00,0,0,0,0,0
2022-12-23 09:15:00,0,0,0,0,0
2022-12-23 09:16:00,0,0,0,0,0
2022-12-23 09:17:00,0,0,0,0,0
2022-12-23 09:18:00,0,0,0,0,0
2022-12-23 09:19:00,0,0,0,0,0
2022-12-23 09:20:00,0,0,0,0,0
2022-12-23 09:21:00,0,0,0,0,0
2022-12-23 09:22:00,0,0,0,0,0
2022-12-23 09:23:00,0,0,0,0,0
2022-12-23 09:24:00,0,0,0,0,0
2022-12-23 09:25:00,0,0,0,0,0
2022-12-23 09:26:00,0,0,0,0,0
2022-12-23 09:27:00,0,0,0,0,0
2022-12-23 09:28:00,0,0,0,0,0
2022-12-23 09:29:00,0,0,0,0,0
2022-12-23 09:30:00,0,0,0,0,0
2022-12-23 09:31:00,0,0,0,0,0
2022-12-23 09:32:00,0,0,0,0,0
2022-12-23 09:33:00,0,0,0,0,0
2022-12-23 09:34:00,0,0,0,0,0
2022-12-23 09:35:00,0,0,0,0,0
2022-12-23 09:36:00,0,0,0,0,0
2022-12-23 09:37:00,0,0,0,0,0
2022-12-23 09:38:00,0,0,0,0,0
2022-12-23 09:39:00,0,0,0,0,0
2022-12-23 09:40:00,0,0,0,0,0
2022-12-23 09:41:00,0,0,0,0,0
2022-12-23 09:42:00,0,0,0,0,0
2022-12-23 09:43:00,0,0,0,0,0
2022-12-23 09:44:00,0,0,0,0,0
2022-12-23 09:45:00,0,0,0,0,0
2022-12-23 09:46:00,0,0,0,0,0
2022-12-23 09:47:00,0,0,0,0,0
2022-12-23 09:48:00,0,0,0,0,0
2022-12-23 09:49:00,0,0,0,0,0
2022-12-23 09:50:00,0,0,0,0,0
2022-12-23 09:51:00,0,0,0,0,0
2022-12-23 09:52:00,0,0,0,0,0
2022-12-23 09:53:00,0,0,0,0,0
2022-12-23 09:54:00,0,0,0,0,0
2022-12-23 09:55:00,0,0,0,0,0
2022-12-23 09:56:00,0,0,0,0,0
2022-12-23 09:57:00,0,0,0,0,0
2022-12-23 09:58:00,0,0,0,0,0
2022-12-23 09:59:00,0,0,0,0,0
2022-12-23 10:00:00,0,0,0,0,0
2022-12-23 10:01:00,0,0,0,0,0
2022-12-23 10:02:00,0,0,0,0,0
2022-12-23 10:03:00,0,0,0,0,0
2022-12-23 10:04:00,0,0,0,0,0
2022-12-23 10:05:00,0,0,0,0,0
2022-12-23 10:06:00,0,0,0,0,0
2022-12-23 10:07:00,0,0,0,0,0
2022-12-23 10:08:00,0,0,0,0,0
2022-12-23 10:09:00,0,0,0,0,0
2022-12-23 10:10:00,0,0,0,0,0
2022-12-23 10:11:00,0,0,0,0,0
2022-12-23 10:12:00,0,0,0,0,0
2022-12-23 10:13:00,0,0,0,0,0
2022-12-23 10:14:00,0,0,0,0,0
2022-12-23 10:15:00,0,0,0,0,0
2022-12-23 10:16:00,0,0,0,0,0
2022-12-23 10:17:00,0,0,0,0,0
2022-12-23 10:18:00,0,0,0,0,0
2022-12-23 10:19:00,0,0,0,0,0
2022-12-23 10:20:00,0,0,0,0,0
2022-12-23 10:21:00,0,0,0,0,0
2022-12-23 10:22:00,0,0,0,0,0
2022-12-23 10:23:00,0,0,0,0,0
2022-12-23 10:24:00,0,0,0,0,0
2022-12-23 10:25:00,0,0,0,0,0
2022-12-23 10:26:00,0,0,0,0,0
2022-12-23 10:27:00,0,0,0,0,0
2022-12-23 10:28:00,0,0,0,0,0
2022-12-23 10:29:00,0,0,0,0,0
2022-12-23 10:30:00,0,0,0,0,0
2022-12-23 10:31:00,0,0,0,0,0
2022-12-23 10:32:00,0,0,0,0,0
2022-12-23 10:33:00,0,0,0,0,0
2022-12-23 10:34:00,0,0,0,0,0
2022-12-23 10:35:00,0,0,0,0,0
2022-12-23 10:36:00,0,0,0,0,0
2022-12-23 10:37:00,0,0,0,0,0
2022-12-23 10:38:00,0,0,0,0,0
2022-12-23 10:39:00,0,0,0,0,0
2022-12-23 10:40:00,0,0,0,0,0
2022-12-23 10:41:00,0,0,0,0,0
2022-12-23 10:42:00,0,0,0,0,0
2022-12-23 10:43:00,0,0,0,0,0
2022-12-23 10:44:00,0,0,0,0,0
2022-12-23 10:45:00,0,0,0,0,0
2022-12-23 10:46:00,0,0,0,0,0
2022-12-23 10:47:00,0,0,0,0,0
2022-12-23 10:48:00,0,0,0,0,0
2022-12-23 10:49:00,0,0,0,0,0
2022-12-23 10:50:00,0,0,0,0,0
2022-12-23 10:51:00,0,0,0,0,0
2022-12-23 10:52:00,0,0,0,0,0
2022-12-23 10:53:00,0,0,0,0,0
2022-12-23 10:54:00,0,0,0,0,0
2022-12-23 10:55:00,0,0,0,0,0
2022-12-23 10:56:00,0,0,0,0,0
2022-12-23 10:57:00,0,0,0,0,0
2022-12-23 10:58:00,0,0,0,0,0
2022-12-23 10:59:00,0,0,0,0,0
2022-12-23 11:00:00,0,0,0,0,0
2022-12-23 11:01:00,0,0,0,0,0
2022-12-23 11:02:00,0,0,0,0,0
2022-12-23 11:03:00,0,0,0,0,0
2022-12-23 11:04:00,0,0,0,0,0
2022-12-23 11:05:00,0,0,0,0,0
2022-12-23 11:06:00,0,0,0,0,0
2022-12-23 11:07:00,0,0,0,0,0
2022-12-23 11:08:00,0,0,0,0,0
2022-12-23 11:09:00,0,0,0,0,0
2022-12-23 11:10:00,0,0,0,0,0
2022-12-23 11:11:00,0,0,0,0,0
2022-12-23 11:12:00,0,0,0,0,0
2022-12-23 11:13:00,0,0,0,0,0
2022-12-23 11:14:00,0,0,0,0,0
2022-12-23 11:15:00,0,0,0,0,0
2022-12-23 11:16:00,0,0,0,0,0
2022-12-23 11:17:00,0,0,0,0,0
2022-12-23 11:18:00,0,0,0,0,0
2022-12-23 11:19:00,0,0,0,0,0
2022-12-23 11:20:00,0,0,0,0,0
2022-12-23 11:21:00,0,0,0,0,0
2022-12-23 11:22:00,0,0,0,0,0
2022-12-23 11:23:00,0,0,0,0,0
2022-12-23 11:24:00,0,0,0,0,0
2022-12-23 11:25:00,0,0,0,0,0
2022-12-23 11:26:00,0,0,0,0,0
2022-12-23 11:27:00,0,0,0,0,0
2022-12-23 11:28:00,0,0,0,0,0
2022-12-23 11:29:00,0,0,0,0,0
2022-12-23 11:30:00,0,0,0,0,0
2022-12-23 11:31:00,0,0,0,0,0
2022-12-23 11:32:00,0,0,0,0,0
2022-12-23 11:33:00,0,0,0,0,0
2022-12-23 11:34:00,0,0,0,0,0
2022-12-23 11:35:00,0,0,0,0,0
2022-12-23 11:36:00,0,0,0,0,0
2022-12-23 11:37:00,0,0,0,0,0
2022-12-23 11:38:00,0,0,0,0,0
2022-12-23 11:39:00,0,0,0,0,0
2022-12-23 11:40:00,0,0,0,0,0
2022-12-23 11:41:00,0,0,0,0,0
2022-12-23 11:42:00,0,0,0,0,0
2022-12-23 11:43:00,0,0,0,0,0
2022-12-23 11:44:00,0,0,0,0,0
2022-12-23 11:45:00,0,0,0,0,0
2022-12-23 11:46:00,0,0,0,0,0
2022-12-23 11:47:00,0,0,0,0,0
2022-12-23 11:48:00,0,0,0,0,0
2022-12-23 11:49:00,0,0,0,0,0
2022-12-23 11:50:00,0,0,0,0,0
2022-12-23 11:51:00,0,0,0,0,0
2022-12-23 11:52:00,0,0,0,0,0
2022-12-23 11:53:00,0,0,0,0,0
2022-12-23 11:54:00,0,0,0,0,0
2022-12-23 11:55:00,0,0,0,0,0
2022-12-23 11:56:00,0,0,0,0,0
2022-12-23 11:57:00,0,0,0,0,0
2022-12-23 11:58:00,0,0,0,0,0
2022-12-23 11:59:00,0,0,0,0,0
2022-12-23 12:00:00,0,0,0,0,0
2022-12-23 12:01:00,0,0,0,0,0
2022-12-23 12:02:00,0,0,0,0,0
2022-12-23 12:03:00,0,0,0,0,0
2022-12-23 12:04:00,0,0,0,0,0
2022-12-23 12:05:00,0,0,0,0,0
2022-12-23 12:06:00,0,0,0,0,0
2022-12-23 12:07:00,0,0,0,0,0
2022-12-23 12:08:00,0,0,0,0,0
2022-12-23 12:09:00,0,0,0,0,0
2022-12-23 12:10:00,0,0,0,0,0
2022-12-23 12:11:00,0,0,0,0,0
2022-12-23 12:12:00,0,0,0,0,0
2022-12-23 12:13:00,0,0,0,0,0
2022-12-23 12:14:00,0,0,0,0,0
2022-12-23 12:15:00,0,0,0,0,0
2022-12-23 12:16:00,0,0,0,0,0
2022-12-23 12:17:00,0,0,0,0,0
2022-12-23 12:18:00,0,0,0,0,0
2022-12-23 12:19:00,0,0,0,0,0
2022-12-23 12:20:00,0,0,0,0,0
2022-12-23 12:21:00,0,0,0,0,0
2022-12-23 12:22:00,0,0,0,0,0
2022-12-23 12:23:00,0,0,0,0,0
2022-12-23 12:24:00,0,0,0,0,0
2022-12-23 12:25:00,0,0,0,0,0
2022-12-23 12:26:00,0,0,0,0,0
2022-12-23 12:27:00,0,0,0,0,0
2022-12-23 12:28:00,0,0,0,0,0
2022-12-23 12:29:00,0,0,0,0,0
2022-12-23 12:30:00,0,0,0,0,0
2022-12-23 12:31:00,0,0,0,0,0
2022-12-23 12:32:00,0,0,0,0,0
2022-12-23 12:33:00,0,0,0,0,0
2022-12-23 12:34:00,0,0,0,0,0
2022-12-23 12:35:00,0,0,0,0,0
2022-12-23 12:36:00,0,0,0,0,0
2022-12-23 12:37:00,0,0,0,0,0
2022-12-23 12:38:00,0,0,0,0,0
2022-12-23 12:39:00,0,0,0,0,0
2022-12-23 12:40:00,0,0,0,0,0
2022-12-23 12:41:00,0,0,0,0,0
2022-12-23 12:42:00,0,0,0,0,0
2022-12-23 12:43:00,0,0,0,0,0
2022-12-23 12:44:00,0,0,0,0,0
2022-12-23 12:45:00,0,0,0,0,0
2022-12-23 12:46:00,0,0,0,0,0
2022-12-23 12:47:00,0,0,0,0,0
2022-12-23 12:48:00,0,0,0,0,0
2022-12-23 12:49:00,0,0,0,0,0
2022-12-23 12:50:00,0,0,0,0,0
2022-12-23 12:51:00,0,0,0,0,0
2022-12-23 12:52:00,0,0,0,0,0
2022-12-23 12:53:00,0,0,0,0,0
2022-12-23 12:54:00,0,0,0,0,0
2022-12-23 12:55:00,0,0,0,0,0
2022-12-23 12:56:00,0,0,0,0,0
2022-12-23 12:57:00,0,0,0,0,0
2022-12-23 12:58:00,0,0,0,0,0
2022-12-23 12:59:00,0,0,0,0,0
2022-12-23 13:00:00,0,0,0,0,0
2022-12-23 13:01:00,0,0,0,0,0
2022-12-23 13:02:00,0,0,0,0,0
2022-12-23 13:03:00,0,0,0,0,0
2022-12-23 13:04:00,0,0,0,0,0
2022-12-23 13:05:00,0,0,0,0,0
2022-12-23 13:06:00,0,0,0,0,0
2022-12-23 13:07:00,0,0,0,0,0
2022-12-23 13:08:00,0,0,0,0,0
2022-12-23 13:09:00,0,0,0,0,0
2022-12-23 13:10:00,0,0,0,0,0
2022-12-23 13:11:00,0,0,0,0,0
2022-12-23 13:12:00,0,0,0,0,0
2022-12-23 13:13:00,0,0,0,0,0
2022-12-23 13:14:00,0,0,0,0,0
2022-12-23 13:15:00,0,0,0,0,0
2022-12-23 13:16:00,0,0,0,0,0
2022-12-23 13:17:00,0,0,0,0,0
2022-12-23 13:18:00,0,0,0,0,0
2022-12-23 13:19:00,0,0,0,0,0
2022-12-23 13:20:00,0,0,0,0,0
2022-12-23 13:21:00,0,0,0,0,0
2022-12-23 13:22:00,0,0,0,0,0
2022-12-23 13:23:00,0,0,0,0,0
2022-12-23 13:24:00,0,0,0,0,0
2022-12-23 13:25:00,0,0,0,0,0
2022-12-23 13:26:00,0,0,0,0,0
2022-12-23 13:27:00,0,0,0,0,0
2022-12-23 13:28:00,0,0,0,0,0
2022-12-23 13:29:00,0,0,0,0,0
2022-12-23 13:30:00,0,0,0,0,0
2022-12-23 13:31:00,0,0,0,0,0
2022-12-23 13:32:00,0,0,0,0,0
2022-12-23 13:33:00,0,0,0,0,0
2022-12-23 13:34:00,0,0,0,0,0
2022-12-23 13:35:00,0,0,0,0,0
2022-12-23 13:36:00,0,0,0,0,0
2022-12-23 13:37:00,0,0,0,0,0
2022-12-23 13:38:00,0,0,0,0,0
2022-12-23 13:39:00,0,0,0,0,0
2022-12-23 13:40:00,0,0,0,0,0
2022-12-23 13:41:00,0,0,0,0,0
2022-12-23 13:42:00,0,0,0,0,0
2022-12-23 13:43:00,0,0,0,0,0
2022-12-23 13:44:00,0,0,0,0,0
2022-12-23 13:45:00,0,0,0,0,0
2022-12-23 13:46:00,0,0,0,0,0
2022-12-23 13:47:00,0,0,0,0,0
2022-12-23 13:48:00,0,0,0,0,0
2022-12-23 13:49:00,0,0,0,0,0
2022-12-23 13:50:00,0,0,0,0,0
2022-12-23 13:51:00,0,0,0,0,0
2022-12-23 13:52:00,0,0,0,0,0
2022-12-23 13:53:00,0,0,0,0,0
2022-12-23 13:54:00,0,0,0,0,0
2022-12-23 13:55:00,0,0,0,0,0
2022-12-23 13:56:00,0,0,0,0,0
2022-12-23 13:57:00,0,0,0,0,0
2022-12-23 13:58:00,0,0,0,0,0
2022-12-23 13:59:00,0,0,0,0,0
2022-12-23 14:00:00,0,0,0,0,0
2022-12-23 14:01:00,0,0,0,0,0
2022-12-23 14:02:00,0,0,0,0,0
2022-12-23 14:03:00,0,0,0,0,0
2022-12-23 14:04:00,0,0,0,0,0
2022-12-23 14:05:00,0,0,0,0,0
2022-12-23 14:06:00,0,0,0,0,0
2022-12-23 14:07:00,0,0,0,0,0
2022-12-23 14:08:00,0,0,0,0,0
2022-12-23 14:09:00,0,0,0,0,0
2022-12-23 14:10:00,0,0,0,0,0
2022-12-23 14:11:00,0,0,0,0,0
2022-12-23 14:12:00,0,0,0,0,0
2022-12-23 14:13:00,0,0,0,0,0
2022-12-23 14:14:00,0,0,0,0,0
2022-12-23 14:15:00,0,0,0,0,0
2022-12-23 14:16:00,0,0,0,0,0
2022-12-23 14:17:00,0,0,0,0,0
2022-12-23 14:18:00,0,0,0,0,0
2022-12-23 14:19:00,0,0,0,0,0
2022-12-23 14:20:00,0,0,0,0,0
2022-12-23 14:21:00,0,0,0,0,0
2022-12-23 14:22:00,0,0,0,0,0
2022-12-23 14:23:00,0,0,0,0,0
2022-12-23 14:24:00,0,0,0,0,0
2022-12-23 14:25:00,0,0,0,0,0
2022-12-23 14:26:00,0,0,0,0,0
2022-12-23 14:27:00,0,0,0,0,0
2022-12-23 14:28:00,0,0,0,0,0
2022-12-23 14:29:00,0,0,0,0,0
2022-12-23 14:30:00,0,0,0,0,0
2022-12-23 14:31:00,0,0,0,0,0
2022-12-23 14:32:00,0,0,0,0,0
2022-12-23 14:33:00,0,0,0,0,0
2022-12-23 14:34:00,0,0,0,0,0
2022-12-23 14:35:00,0,0,0,0,0
2022-12-23 14:36:00,0,0,0,0,0
2022-12-23 14:37:00,0,0,0,0,0
2022-12-23 14:38:00,0,0,0,0,0
2022-12-23 14:39:00,0,0,0,0,0
2022-12-23 14:40:00,0,0,0,0,0
2022-12-23 14:41:00,0,0,0,0,0
2022-12-23 14:42:00,0,0,0,0,0
2022-12-23 14:43:00,0,0,0,0,0
2022-12-23 14:44:00,0,0,0,0,0
2022-12-23 14:45:00,0,0,0,0,0
2022-12-23 14:46:00,0,0,0,0,0
2022-12-23 14:47:00,0,0,0,0,0
2022-12-23 14:48:00,0,0,0,0,0
2022-12-23 14:49:00,0,0,0,0,0
2022-12-23 14:50:00,0,0,0,0,0
2022-12-23 14:51:00,0,0,0,0,0
2022-12-23 14:52:00,0,0,0,0,0
2022-12-23 14:53:00,0,0,0,0,0
2022-12-23 14:54:00,0,0,0,0,0
2022-12-23 14:55:00,0,0,0,0,0
2022-12-23 14:56:00,0,0,0,0,0
2022-12-23 14:57:00,0,0,0,0,0
2022-12-23 14:58:00,0,0,0,0,0
2022-12-23 14:59:00,0,0,0,0,0
2022-12-23 15:00:00,0,0,0,0,0
2022-12-23 15:01:00,0,0,0,0,0
2022-12-23 15:02:00,0,0,0,0,0
2022-12-23 15:03:00,0,0,0,0,0
2022-12-23 15:04:00,0,0,0,0,0
2022-12-23 15:05:00,0,0,0,0,0
2022-12-23 15:06:00,0,0,0,0,0
2022-12-23 15:07:00,0,0,0,0,0
2022-12-23 15:08:00,0,0,0,0,0
2022-12-23 15:09:00,0,0,0,0,0
2022-12-23 15:10:00,0,0,0,0,0
2022-12-23 15:11:00,0,0,0,0,0
2022-12-23 15:12:00,0,0,0,0,0
2022-12-23 15:13:00,0,0,0,0,0
2022-12-23 15:14:00,0,0,0,0,0
2022-12-23 15:15:00,0,0,0,0,0
2022-12-23 15:16:00,0,0,0,0,0
2022-12-23 15:17:00,0,0,0,0,0
2022-12-23 15:18:00,0,0,0,0,0
2022-12-23 15:19:00,0,0,0,0,0
2022-12-23 15:20:00,0,0,0,0,0
2022-12-23 15:21:00,0,0,0,0,0
2022-12-23 15:22:00,0,0,0,0,0
2022-12-23 15:23:00,0,0,0,0,0
2022-12-23 15:24:00,0,0,0,0,0
2022-12-23 15:25:00,0,0,0,0,0
2022-12-23 15:26:00,0,0,0,0,0
2022-12-23 15:27:00,0,0,0,0,0
2022-12-23 15:28:00,0,0,0,0,0
2022-12-23 15:29:00,0,0,0,0,0
2022-12-23 15:30:00,0,0,0,0,0
2022-12-23 15:31:00,0,0,0,0,0
2022-12-23 15:32:00,0,0,0,0,0
2022-12-23 15:33:00,0,0,0,0,0
2022-12-23 15:34:00,0,0,0,0,0
2022-12-23 15:35:00,0,0,0,0,0
2022-12-23 15:36:00,0,0,0,0,0
2022-12-23 15:37:00,0,0,0,0,0
2022-12-23 15:38:00,0,0,0,0,0
2022-12-23 15:39:00,0,0,0,0,0
2022-12-23 15:40:00,0,0,0,0,0
2022-12-23 15:41:00,0,0,0,0,0
2022-12-23 15:42:00,0,0,0,0,0
2022-12-23 15:43:00,0,0,0,0,0
2022-12-23 15:44:00,0,0,0,0,0
2022-12-23 15:45:00,0,0,0,0,0
2022-12-23 15:46:00,0,0,0,0,0
2022-12-23 15:47:00,0,0,0,0,0
2022-12-23 15:48:00,0,0,0,0,0
2022-12-23 15:49:00,0,0,0,0,0
2022-12-23 15:50:00,0,0,0,0,0
2022-12-23 15:51:00,0,0,0,0,0
2022-12-23 15:52:00,0,0,0,0,0
2022-12-23 15:53:00,0,0,0,0,0
2022-12-23 15:54:00,0,0,0,0,0
2022-12-23 15:55:00,0,0,0,0,0
2022-12-23 15:56:00,0,0,0,0,0
2022-12-23 15:57:00,0,0,0,0,0
2022-12-23 15:58:00,0,0,0,0,0
2022-12-23 15:59:00,0,0,0,0,0
2022-12-26 15:00:00,1725,1725,1725,1725,4200
2022-12-26 15:01:00,0,0,0,0,0
2022-12-26 15:02:00,0,0,0,0,0
2022-12-26 15:03:00,0,0,0,0,0
2022-12-26 15:04:00,0,0,0,0,0
2022-12-26 15:05:00,0,0,0,0,0
2022-12-26 15:06:00,0,0,0,0,0
2022-12-26 15:07:00,0,0,0,0,0
2022-12-26 15:08:00,0,0,0,0,0
2022-12-26 15:09:00,0,0,0,0,0
2022-12-26 15:10:00,0,0,0,0,0
2022-12-26 15:11:00,0,0,0,0,0
2022-12-26 15:12:00,0,0,0,0,0
2022-12-26 15:13:00,0,0,0,0,0
2022-12-26 15:14:00,0,0,0,0,0
2022-12-26 15:15:00,0,0,0,0,0
2022-12-26 15:16:00,0,0,0,0,0
2022-12-26 15:17:00,0,0,0,0,0
2022-12-26 15:18:00,0,0,0,0,0
2022-12-26 15:19:00,0,0,0,0,0
2022-12-26 15:20:00,0,0,0,0,0
2022-12-26 15:21:00,0,0,0,0,0
2022-12-26 15:22:00,0,0,0,0,0
2022-12-26 15:23:00,0,0,0,0,0
2022-12-26 15:24:00,0,0,0,0,0
2022-12-26 15:25:00,0,0,0,0,0
2022-12-26 15:26:00,0,0,0,0,0
2022-12-26 15:27:00,0,0,0,0,0
2022-12-26 15:28:00,0,0,0,0,0
2022-12-26 15:29:00,0,0,0,0,0
2022-12-26 15:30:00,0,0,0,0,0
2022-12-26 15:31:00,0,0,0,0,0
2022-12-26 15:32:00,0,0,0,0,0
2022-12-26 15:33:00,0,0,0,0,0
2022-12-26 15:34:00,0,0,0,0,0
2022-12-26 15:35:00,0,0,0,0,0
2022-12-26 15:36:00,0,0,0,0,0
2022-12-26 15:37:00,0,0,0,0,0
2022-12-26 15:38:00,0,0,0,0,0
2022-12-26 15:39:00,0,0,0,0,0
2022-12-26 15:40:00,0,0,0,0,0
2022-12-26 15:41:00,0,0,0,0,0
2022-12-26 15:42:00,0,0,0,0,0
2022-12-26 15:43:00,0,0,0,0,0
2022-12-26 15:44:00,0,0,0,0,0
2022-12-26 15:45:00,0,0,0,0,0
2022-12-26 15:46:00,0,0,0,0,0
2022-12-26 15:47:00,0,0,0,0,0
2022-12-26 15:48:00,0,0,0,0,0
2022-12-26 15:49:00,0,0,0,0,0
2022-12-26 15:50:00,0,0,0,0,0
2022-12-26 15:51:00,0,0,0,0,0
2022-12-26 15:52:00,0,0,0,0,0
2022-12-26 15:53:00,0,0,0,0,0
2022-12-26 15:54:00,0,0,0,0,0
2022-12-26 15:55:00,0,0,0,0,0
2022-12-26 15:56:00,0,0,0,0,0
2022-12-26 15:57:00,0,0,0,0,0
2022-12-26 15:58:00,0,0,0,0,0
2022-12-26 15:59:00,0,0,0,0,0
2022-12-27 09:00:00,0,0,0,0,0
2022-12-27 09:01:00,0,0,0,0,0
2022-12-27 09:02:00,0,0,0,0,0
2022-12-27 09:03:00,0,0,0,0,0
2022-12-27 09:04:00,0,0,0,0,0
2022-12-27 09:05:00,0,0,0,0,0
2022-12-27 09:06:00,0,0,0,0,0
2022-12-27 09:07:00,0,0,0,0,0
2022-12-27 09:08:00,0,0,0,0,0
2022-12-27 09:09:00,0,0,0,0,0
2022-12-27 09:10:00,0,0,0,0,0
2022-12-27 09:11:00,0,0,0,0,0
2022-12-27 09:12:00,0,0,0,0,0
2022-12-27 09:13:00,0,0,0,0,0
2022-12-27 09:14:00,0,0,0,0,0
2022-12-27 09:15:00,0,0,0,0,0
2022-12-27 09:16:00,0,0,0,0,0
2022-12-27 09:17:00,0,0,0,0,0
2022-12-27 09:18:00,0,0,0,0,0
2022-12-27 09:19:00,0,0,0,0,0
2022-12-27 09:20:00,0,0,0,0,0
2022-12-27 09:21:00,0,0,0,0,0
2022-12-27 09:22:00,0,0,0,0,0
2022-12-27 09:23:00,0,0,0,0,0
2022-12-27 09:24:00,0,0,0,0,0
2022-12-27 09:25:00,0,0,0,0,0
2022-12-27 09:26:00,0,0,0,0,0
2022-12-27 09:27:00,0,0,0,0,0
2022-12-27 09:28:00,0,0,0,0,0
2022-12-27 09:29:00,0,0,0,0,0
2022-12-27 09:30:00,0,0,0,0,0
2022-12-27 09:31:00,0,0,0,0,0
2022-12-27 09:32:00,0,0,0,0,0
2022-12-27 09:33:00,0,0,0,0,0
2022-12-27 09:34:00,0,0,0,0,0
2022-12-27 09:35:00,0,0,0,0,0
2022-12-27 09:36:00,0,0,0,0,0
2022-12-27 09:37:00,0,0,0,0,0
2022-12-27 09:38:00,0,0,0,0,0
2022-12-27 09:39:00,0,0,0,0,0
2022-12-27 09:40:00,0,0,0,0,0
2022-12-27 09:41:00,0,0,0,0,0
2022-12-27 09:42:00,0,0,0,0,0
2022-12-27 09:43:00,0,0,0,0,0
2022-12-27 09:44:00,0,0,0,0,0
2022-12-27 09:45:00,0,0,0,0,0
2022-12-27 09:46:00,0,0,0,0,0
2022-12-27 09:47:00,0,0,0,0,0
2022-12-27 09:48:00,0,0,0,0,0
2022-12-27 09:49:00,0,0,0,0,0
2022-12-27 09:50:00,0,0,0,0,0
2022-12-27 09:51:00,0,0,0,0,0
2022-12-27 09:52:00,0,0,0,0,0
2022-12-27 09:53:00,0,0,0,0,0
2022-12-27 09:54:00,0,0,0,0,0
2022-12-27 09:55:00,0,0,0,0,0
2022-12-27 09:56:00,0,0,0,0,0
2022-12-27 09:57:00,0,0,0,0,0
2022-12-27 09:58:00,0,0,0,0,0
2022-12-27 09:59:00,0,0,0,0,0
2022-12-27 10:00:00,0,0,0,0,0
2022-12-27 10:01:00,0,0,0,0,0
2022-12-27 10:02:00,0,0,0,0,0
2022-12-27 10:03:00,0,0,0,0,0
2022-12-27 10:04:00,0,0,0,0,0
2022-12-27 10:05:00,0,0,0,0,0
2022-12-27 10:06:00,0,0,0,0,0
2022-12-27 10:07:00,0,0,0,0,0
2022-12-27 10:08:00,0,0,0,0,0
2022-12-27 10:09:00,0,0,0,0,0
2022-12-27 10:10:00,0,0,0,0,0
2022-12-27 10:11:00,0,0,0,0,0
2022-12-27 10:12:00,0,0,0,0,0
2022-12-27 10:13:00,0,0,0,0,0
2022-12-27 10:14:00,0,0,0,0,0
2022-12-27 10:15:00,0,0,0,0,0
2022-12-27 10:16:00,0,0,0,0,0
2022-12-27 10:17:00,0,0,0,0,0
2022-12-27 10:18:00,0,0,0,0,0
2022-12-27 10:19:00,0,0,0,0,0
2022-12-27 10:20:00,0,0,0,0,0
2022-12-27 10:21:00,0,0,0,0,0
2022-12-27 10:22:00,0,0,0,0,0
2022-12-27 10:23:00,0,0,0,0,0
2022-12-27 10:24:00,0,0,0,0,0
2022-12-27 10:25:00,0,0,0,0,0
2022-12-27 10:26:00,0,0,0,0,0
2022-12-27 10:27:00,0,0,0,0,0
2022-12-27 10:28:00,0,0,0,0,0
2022-12-27 10:29:00,0,0,0,0,0
2022-12-27 10:30:00,0,0,0,0,0
2022-12-27 10:31:00,0,0,0,0,0
2022-12-27 10:32:00,0,0,0,0,0
2022-12-27 10:33:00,0,0,0,0,0
2022-12-27 10:34:00,0,0,0,0,0
2022-12-27 10:35:00,0,0,0,0,0
2022-12-27 10:36:00,0,0,0,0,0
2022-12-27 10:37:00,0,0,0,0,0
2022-12-27 10:38:00,0,0,0,0,0
2022-12-27 10:39:00,0,0,0,0,0
2022-12-27 10:40:00,0,0,0,0,0
2022-12-27 10:41:00,0,0,0,0,0
2022-12-27 10:42:00,0,0,0,0,0
2022-12-27 10:43:00,0,0,0,0,0
2022-12-27 10:44:00,0,0,0,0,0
2022-12-27 10:45:00,0,0,0,0,0
2022-12-27 10:46:00,0,0,0,0,0
2022-12-27 10:47:00,0,0,0,0,0
2022-12-27 10:48:00,0,0,0,0,0
2022-12-27 10:49:00,0,0,0,0,0
2022-12-27 10:50:00,0,0,0,0,0
2022-12-27 10:51:00,0,0,0,0,0
2022-12-27 10:52:00,0,0,0,0,0
2022-12-27 10:53:00,0,0,0,0,0
2022-12-27 10:54:00,0,0,0,0,0
2022-12-27 10:55:00,0,0,0,0,0
2022-12-27 10:56:00,0,0,0,0,0
2022-12-27 10:57:00,0,0,0,0,0
2022-12-27 10:58:00,0,0,0,0,0
2022-12-27 10:59:00,0,0,0,0,0
2022-12-27 11:00:00,0,0,0,0,0
2022-12-27 11:01:00,0,0,0,0,0
2022-12-27 11:02:00,0,0,0,0,0
2022-12-27 11:03:00,0,0,0,0,0
2022-12-27 11:04:00,0,0,0,0,0
2022-12-27 11:05:00,0,0,0,0,0
2022-12-27 11:06:00,0,0,0,0,0
2022-12-27 11:07:00,0,0,0,0,0
2022-12-27 11:08:00,0,0,0,0,0
2022-12-27 11:09:00,0,0,0,0,0
2022-12-27 11:10:00,0,0,0,0,0
2022-12-27 11:11:00,0,0,0,0,0
2022-12-27 11:12:00,0,0,0,0,0
2022-12-27 11:13:00,0,0,0,0,0
2022-12-27 11:14:00,0,0,0,0,0
2022-12-27 11:15:00,0,0,0,0,0
2022-12-27 11:16:00,0,0,0,0,0
2022-12-27 11:17:00,0,0,0,0,0
2022-12-27 11:18:00,0,0,0,0,0
2022-12-27 11:19:00,0,0,0,0,0
2022-12-27 11:20:00,0,0,0,0,0
2022-12-27 11:21:00,0,0,0,0,0
2022-12-27 11:22:00,0,0,0,0,0
2022-12-27 11:23:00,0,0,0,0,0
2022-12-27 11:24:00,0,0,0,0,0
2022-12-27 11:25:00,0,0,0,0,0
2022-12-27 11:26:00,0,0,0,0,0
2022-12-27 11:27:00,0,0,0,0,0
2022-12-27 11:28:00,0,0,0,0,0
2022-12-27 11:29:00,0,0,0,0,0
2022-12-27 11:30:00,0,0,0,0,0
2022-12-27 11:31:00,0,0,0,0,0
2022-12-27 11:32:00,0,0,0,0,0
2022-12-27 11:33:00,0,0,0,0,0
2022-12-27 11:34:00,0,0,0,0,0
2022-12-27 11:35:00,0,0,0,0,0
2022-12-27 11:36:00,0,0,0,0,0
2022-12-27 11:37:00,0,0,0,0,0
2022-12-27 11:38:00,0,0,0,0,0
2022-12-27 11:39:00,0,0,0,0,0
2022-12-27 11:40:00,0,0,0,0,0
2022-12-27 11:41:00,0,0,0,0,0
2022-12-27 11:42:00,0,0,0,0,0
2022-12-27 11:43:00,0,0,0,0,0
2022-12-27 11:44:00,0,0,0,0,0
2022-12-27 11:45:00,0,0,0,0,0
2022-12-27 11:46:00,0,0,0,0,0
2022-12-27 11:47:00,0,0,0,0,0
2022-12-27 11:48:00,0,0,0,0,0
2022-12-27 11:49:00,0,0,0,0,0
2022-12-27 11:50:00,0,0,0,0,0
2022-12-27 11:51:00,0,0,0,0,0
2022-12-27 11:52:00,0,0,0,0,0
2022-12-27 11:53:00,0,0,0,0,0
2022-12-27 11:54:00,0,0,0,0,0
2022-12-27 11:55:00,0,0,0,0,0
2022-12-27 11:56:00,0,0,0,0,0
2022-12-27 11:57:00,0,0,0,0,0
2022-12-27 11:58:00,0,0,0,0,0
2022-12-27 11:59:00,0,0,0,0,0
2022-12-27 12:00:00,0,0,0,0,0
2022-12-27 12:01:00,0,0,0,0,0
2022-12-27 12:02:00,0,0,0,0,0
2022-12-27 12:03:00,0,0,0,0,0
2022-12-27 12:04:00,0,0,0,0,0
2022-12-27 12:05:00,0,0,0,0,0
2022-12-27 12:06:00,0,0,0,0,0
2022-12-27 12:07:00,0,0,0,0,0
2022-12-27 12:08:00,0,0,0,0,0
2022-12-27 12:09:00,0,0,0,0,0
2022-12-27 12:10:00,0,0,0,0,0
2022-12-27 12:11:00,0,0,0,0,0
2022-12-27 12:12:00,0,0,0,0,0
2022-12-27 12:13:00,0,0,0,0,0
2022-12-27 12:14:00,0,0,0,0,0
2022-12-27 12:15:00,0,0,0,0,0
2022-12-27 12:16:00,0,0,0,0,0
2022-12-27 12:17:00,0,0,0,0,0
2022-12-27 12:18:00,0,0,0,0,0
2022-12-27 12:19:00,0,0,0,0,0
2022-12-27 12:20:00,0,0,0,0,0
2022-12-27 12:21:00,0,0,0,0,0
2022-12-27 12:22:00,0,0,0,0,0
2022-12-27 12:23:00,0,0,0,0,0
2022-12-27 12:24:00,0,0,0,0,0
2022-12-27 12:25:00,0,0,0,0,0
2022-12-27 12:26:00,0,0,0,0,0
2022-12-27 12:27:00,0,0,0,0,0
2022-12-27 12:28:00,0,0,0,0,0
2022-12-27 12:29:00,0,0,0,0,0
2022-12-27 12:30:00,0,0,0,0,0
2022-12-27 12:31:00,0,0,0,0,0
2022-12-27 12:32:00,0,0,0,0,0
2022-12-27 12:33:00,0,0,0,0,0
2022-12-27 12:34:00,0,0,0,0,0
2022-12-27 12:35:00,0,0,0,0,0
2022-12-27 12:36:00,0,0,0,0,0
2022-12-27 12:37:00,0,0,0,0,0
2022-12-27 12:38:00,0,0,0,0,0
2022-12-27 12:39:00,0,0,0,0,0
2022-12-27 12:40:00,0,0,0,0,0
2022-12-27 12:41:00,0,0,0,0,0
2022-12-27 12:42:00,0,0,0,0,0
2022-12-27 12:43:00,0,0,0,0,0
2022-12-27 12:44:00,0,0,0,0,0
2022-12-27 12:45:00,0,0,0,0,0
2022-12-27 12:46:00,0,0,0,0,0
2022-12-27 12:47:00,0,0,0,0,0
2022-12-27 12:48:00,0,0,0,0,0
2022-12-27 12:49:00,0,0,0,0,0
2022-12-27 12:50:00,0,0,0,0,0
2022-12-27 12:51:00,0,0,0,0,0
2022-12-27 12:52:00,0,0,0,0,0
2022-12-27 12:53:00,0,0,0,0,0
2022-12-27 12:54:00,0,0,0,0,0
2022-12-27 12:55:00,0,0,0,0,0
2022-12-27 12:56:00,0,0,0,0,0
2022-12-27 12:57:00,0,0,0,0,0
2022-12-27 12:58:00,0,0,0,0,0
2022-12-27 12:59:00,0,0,0,0,0
2022-12-27 13:00:00,0,0,0,0,0
2022-12-27 13:01:00,0,0,0,0,0
2022-12-27 13:02:00,0,0,0,0,0
2022-12-27 13:03:00,0,0,0,0,0
2022-12-27 13:04:00,0,0,0,0,0
2022-12-27 13:05:00,0,0,0,0,0
2022-12-27 13:06:00,0,0,0,0,0
2022-12-27 13:07:00,0,0,0,0,0
2022-12-27 13:08:00,0,0,0,0,0
2022-12-27 13:09:00,0,0,0,0,0
2022-12-27 13:10:00,0,0,0,0,0
2022-12-27 13:11:00,0,0,0,0,0
2022-12-27 13:12:00,0,0,0,0,0
2022-12-27 13:13:00,0,0,0,0,0
2022-12-27 13:14:00,0,0,0,0,0
2022-12-27 13:15:00,0,0,0,0,0
2022-12-27 13:16:00,0,0,0,0,0
2022-12-27 13:17:00,0,0,0,0,0
2022-12-27 13:18:00,0,0,0,0,0
2022-12-27 13:19:00,0,0,0,0,0
2022-12-27 13:20:00,0,0,0,0,0
2022-12-27 13:21:00,0,0,0,0,0
2022-12-27 13:22:00,0,0,0,0,0
2022-12-27 13:23:00,0,0,0,0,0
2022-12-27 13:24:00,0,0,0,0,0
2022-12-27 13:25:00,0,0,0,0,0
2022-12-27 13:26:00,0,0,0,0,0
2022-12-27 13:27:00,0,0,0,0,0
2022-12-27 13:28:00,0,0,0,0,0
2022-12-27 13:29:00,0,0,0,0,0
2022-12-27 13:30:00,0,0,0,0,0
2022-12-27 13:31:00,0,0,0,0,0
2022-12-27 13:32:00,0,0,0,0,0
2022-12-27 13:33:00,0,0,0,0,0
2022-12-27 13:34:00,0,0,0,0,0
2022-12-27 13:35:00,0,0,0,0,0
2022-12-27 13:36:00,0,0,0,0,0
2022-12-27 13:37:00,0,0,0,0,0
2022-12-27 13:38:00,0,0,0,0,0
2022-12-27 13:39:00,0,0,0,0,0
2022-12-27 13:40:00,0,0,0,0,0
2022-12-27 13:41:00,0,0,0,0,0
2022-12-27 13:42:00,0,0,0,0,0
2022-12-27 13:43:00,0,0,0,0,0
2022-12-27 13:44:00,0,0,0,0,0
2022-12-27 13:45:00,0,0,0,0,0
2022-12-27 13:46:00,0,0,0,0,0
2022-12-27 13:47:00,0,0,0,0,0
2022-12-27 13:48:00,0,0,0,0,0
2022-12-27 13:49:00,0,0,0,0,0
2022-12-27 13:50:00,0,0,0,0,0
2022-12-27 13:51:00,0,0,0,0,0
2022-12-27 13:52:00,0,0,0,0,0
2022-12-27 13:53:00,0,0,0,0,0
2022-12-27 13:54:00,0,0,0,0,0
2022-12-27 13:55:00,0,0,0,0,0
2022-12-27 13:56:00,0,0,0,0,0
2022-12-27 13:57:00,0,0,0,0,0
2022-12-27 13:58:00,0,0,0,0,0
2022-12-27 13:59:00,0,0,0,0,0
2022-12-27 14:00:00,0,0,0,0,0
2022-12-27 14:01:00,0,0,0,0,0
2022-12-27 14:02:00,0,0,0,0,0
2022-12-27 14:03:00,0,0,0,0,0
2022-12-27 14:04:00,0,0,0,0,0
2022-12-27 14:05:00,0,0,0,0,0
2022-12-27 14:06:00,0,0,0,0,0
2022-12-27 14:07:00,0,0,0,0,0
2022-12-27 14:08:00,0,0,0,0,0
2022-12-27 14:09:00,0,0,0,0,0
2022-12-27 14:10:00,0,0,0,0,0
2022-12-27 14:11:00,0,0,0,0,0
2022-12-27 14:12:00,0,0,0,0,0
2022-12-27 14:13:00,0,0,0,0,0
2022-12-27 14:14:00,0,0,0,0,0
2022-12-27 14:15:00,0,0,0,0,0
2022-12-27 14:16:00,0,0,0,0,0
2022-12-27 14:17:00,0,0,0,0,0
2022-12-27 14:18:00,0,0,0,0,0
2022-12-27 14:19:00,0,0,0,0,0
2022-12-27 14:20:00,0,0,0,0,0
2022-12-27 14:21:00,0,0,0,0,0
2022-12-27 14:22:00,0,0,0,0,0
2022-12-27 14:23:00,0,0,0,0,0
2022-12-27 14:24:00,0,0,0,0,0
2022-12-27 14:25:00,0,0,0,0,0
2022-12-27 14:26:00,0,0,0,0,0
2022-12-27 14:27:00,0,0,0,0,0
2022-12-27 14:28:00,0,0,0,0,0
2022-12-27 14:29:00,0,0,0,0,0
2022-12-27 14:30:00,0,0,0,0,0
2022-12-27 14:31:00,0,0,0,0,0
2022-12-27 14:32:00,0,0,0,0,0
2022-12-27 14:33:00,0,0,0,0,0
2022-12-27 14:34:00,0,0,0,0,0
2022-12-27 14:35:00,0,0,0,0,0
2022-12-27 14:36:00,0,0,0,0,0
2022-12-27 14:37:00,0,0,0,0,0
2022-12-27 14:38:00,0,0,0,0,0
2022-12-27 14:39:00,0,0,0,0,0
2022-12-27 14:40:00,0,0,0,0,0
2022-12-27 14:41:00,0,0,0,0,0
2022-12-27 14:42:00,0,0,0,0,0
2022-12-27 14:43:00,0,0,0,0,0
2022-12-27 14:44:00,0,0,0,0,0
2022-12-27 14:45:00,0,0,0,0,0
2022-12-27 14:46:00,0,0,0,0,0
2022-12-27 14:47:00,0,0,0,0,0
2022-12-27 14:48:00,0,0,0,0,0
2022-12-27 14:49:00,0,0,0,0,0
2022-12-27 14:50:00,0,0,0,0,0
2022-12-27 14:51:00,0,0,0,0,0
2022-12-27 14:52:00,0,0,0,0,0
2022-12-27 14:53:00,0,0,0,0,0
2022-12-27 14:54:00,0,0,0,0,0
2022-12-27 14:55:00,0,0,0,0,0
2022-12-27 14:56:00,0,0,0,0,0
2022-12-27 14:57:00,0,0,0,0,0
2022-12-27 14:58:00,0,0,0,0,0
2022-12-27 14:59:00,0,0,0,0,0
2022-12-27 15:00:00,0,0,0,0,0
2022-12-27 15:01:00,0,0,0,0,0
2022-12-27 15:02:00,0,0,0,0,0
2022-12-27 15:03:00,0,0,0,0,0
2022-12-27 15:04:00,0,0,0,0,0
2022-12-27 15:05:00,0,0,0,0,0
2022-12-27 15:06:00,0,0,0,0,0
2022-12-27 15:07:00,0,0,0,0,0
2022-12-27 15:08:00,0,0,0,0,0
2022-12-27 15:09:00,0,0,0,0,0
2022-12-27 15:10:00,0,0,0,0,0
2022-12-27 15:11:00,0,0,0,0,0
2022-12-27 15:12:00,0,0,0,0,0
2022-12-27 15:13:00,0,0,0,0,0
2022-12-27 15:14:00,0,0,0,0,0
2022-12-27 15:15:00,0,0,0,0,0
2022-12-27 15:16:00,0,0,0,0,0
2022-12-27 15:17:00,0,0,0,0,0
2022-12-27 15:18:00,0,0,0,0,0
2022-12-27 15:19:00,0,0,0,0,0
2022-12-27 15:20:00,0,0,0,0,0
2022-12-27 15:21:00,0,0,0,0,0
2022-12-27 15:22:00,0,0,0,0,0
2022-12-27 15:23:00,0,0,0,0,0
2022-12-27 15:24:00,0,0,0,0,0
2022-12-27 15:25:00,0,0,0,0,0
2022-12-27 15:26:00,0,0,0,0,0
2022-12-27 15:27:00,0,0,0,0,0
2022-12-27 15:28:00,0,0,0,0,0
2022-12-27 15:29:00,0,0,0,0,0
2022-12-27 15:30:00,0,0,0,0,0
2022-12-27 15:31:00,0,0,0,0,0
2022-12-27 15:32:00,0,0,0,0,0
2022-12-27 15:33:00,0,0,0,0,0
2022-12-27 15:34:00,0,0,0,0,0
2022-12-27 15:35:00,0,0,0,0,0
2022-12-27 15:36:00,0,0,0,0,0
2022-12-27 15:37:00,0,0,0,0,0
2022-12-27 15:38:00,0,0,0,0,0
2022-12-27 15:39:00,0,0,0,0,0
2022-12-27 15:40:00,0,0,0,0,0
2022-12-27 15:41:00,0,0,0,0,0
2022-12-27 15:42:00,0,0,0,0,0
2022-12-27 15:43:00,0,0,0,0,0
2022-12-27 15:44:00,0,0,0,0,0
2022-12-27 15:45:00,0,0,0,0,0
2022-12-27 15:46:00,0,0,0,0,0
2022-12-27 15:47:00,0,0,0,0,0
2022-12-27 15:48:00,0,0,0,0,0
2022-12-27 15:49:00,0,0,0,0,0
2022-12-27 15:50:00,0,0,0,0,0
2022-12-27 15:51:00,0,0,0,0,0
2022-12-27 15:52:00,0,0,0,0,0
2022-12-27 15:53:00,0,0,0,0,0
2022-12-27 15:54:00,0,0,0,0,0
2022-12-27 15:55:00,0,0,0,0,0
2022-12-27 15:56:00,0,0,0,0,0
2022-12-27 15:57:00,0,0,0,0,0
2022-12-27 15:58:00,0,0,0,0,0
2022-12-27 15:59:00,0,0,0,0,0
2022-12-28 09:00:00,0,0,0,0,0
2022-12-28 09:01:00,0,0,0,0,0
2022-12-28 09:02:00,0,0,0,0,0
2022-12-28 09:03:00,0,0,0,0,0
2022-12-28 09:04:00,0,0,0,0,0
2022-12-28 09:05:00,0,0,0,0,0
2022-12-28 09:06:00,0,0,0,0,0
2022-12-28 09:07:00,0,0,0,0,0
2022-12-28 09:08:00,0,0,0,0,0
2022-12-28 09:09:00,0,0,0,0,0
2022-12-28 09:10:00,0,0,0,0,0
2022-12-28 09:11:00,0,0,0,0,0
2022-12-28 09:12:00,0,0,0,0,0
2022-12-28 09:13:00,0,0,0,0,0
2022-12-28 09:14:00,0,0,0,0,0
2022-12-28 09:15:00,0,0,0,0,0
2022-12-28 09:16:00,0,0,0,0,0
2022-12-28 09:17:00,0,0,0,0,0
2022-12-28 09:18:00,0,0,0,0,0
2022-12-28 09:19:00,0,0,0,0,0
2022-12-28 09:20:00,0,0,0,0,0
2022-12-28 09:21:00,0,0,0,0,0
2022-12-28 09:22:00,0,0,0,0,0
2022-12-28 09:23:00,0,0,0,0,0
2022-12-28 09:24:00,0,0,0,0,0
2022-12-28 09:25:00,0,0,0,0,0
2022-12-28 09:26:00,0,0,0,0,0
2022-12-28 09:27:00,0,0,0,0,0
2022-12-28 09:28:00,0,0,0,0,0
2022-12-28 09:29:00,0,0,0,0,0
2022-12-28 09:30:00,0,0,0,0,0
2022-12-28 09:31:00,0,0,0,0,0
2022-12-28 09:32:00,0,0,0,0,0
2022-12-28 09:33:00,0,0,0,0,0
2022-12-28 09:34:00,0,0,0,0,0
2022-12-28 09:35:00,0,0,0,0,0
2022-12-28 09:36:00,0,0,0,0,0
2022-12-28 09:37:00,0,0,0,0,0
2022-12-28 09:38:00,0,0,0,0,0
2022-12-28 09:39:00,0,0,0,0,0
2022-12-28 09:40:00,0,0,0,0,0
2022-12-28 09:41:00,0,0,0,0,0
2022-12-28 09:42:00,0,0,0,0,0
2022-12-28 09:43:00,0,0,0,0,0
2022-12-28 09:44:00,0,0,0,0,0
2022-12-28 09:45:00,0,0,0,0,0
2022-12-28 09:46:00,0,0,0,0,0
2022-12-28 09:47:00,0,0,0,0,0
2022-12-28 09:48:00,0,0,0,0,0
2022-12-28 09:49:00,0,0,0,0,0
2022-12-28 09:50:00,0,0,0,0,0
2022-12-28 09:51:00,0,0,0,0,0
2022-12-28 09:52:00,0,0,0,0,0
2022-12-28 09:53:00,0,0,0,0,0
2022-12-28 09:54:00,0,0,0,0,0
2022-12-28 09:55:00,0,0,0,0,0
2022-12-28 09:56:00,0,0,0,0,0
2022-12-28 09:57:00,0,0,0,0,0
2022-12-28 09:58:00,0,0,0,0,0
2022-12-28 09:59:00,0,0,0,0,0
2022-12-28 10:00:00,0,0,0,0,0
2022-12-28 10:01:00,0,0,0,0,0
2022-12-28 10:02:00,0,0,0,0,0
2022-12-28 10:03:00,0,0,0,0,0
2022-12-28 10:04:00,0,0,0,0,0
2022-12-28 10:05:00,0,0,0,0,0
2022-12-28 10:06:00,0,0,0,0,0
2022-12-28 10:07:00,0,0,0,0,0
2022-12-28 10:08:00,0,0,0,0,0
2022-12-28 10:09:00,0,0,0,0,0
2022-12-28 10:10:00,0,0,0,0,0
2022-12-28 10:11:00,0,0,0,0,0
2022-12-28 10:12:00,0,0,0,0,0
2022-12-28 10:13:00,0,0,0,0,0
2022-12-28 10:14:00,0,0,0,0,0
2022-12-28 10:15:00,0,0,0,0,0
2022-12-28 10:16:00,0,0,0,0,0
2022-12-28 10:17:00,0,0,0,0,0
2022-12-28 10:18:00,0,0,0,0,0
2022-12-28 10:19:00,0,0,0,0,0
2022-12-28 10:20:00,0,0,0,0,0
2022-12-28 10:21:00,0,0,0,0,0
2022-12-28 10:22:00,0,0,0,0,0
2022-12-28 10:23:00,0,0,0,0,0
2022-12-28 10:24:00,0,0,0,0,0
2022-12-28 10:25:00,0,0,0,0,0
2022-12-28 10:26:00,0,0,0,0,0
2022-12-28 10:27:00,0,0,0,0,0
2022-12-28 10:28:00,0,0,0,0,0
2022-12-28 10:29:00,0,0,0,0,0
2022-12-28 10:30:00,0,0,0,0,0
2022-12-28 10:31:00,0,0,0,0,0
2022-12-28 10:32:00,0,0,0,0,0
2022-12-28 10:33:00,0,0,0,0,0
2022-12-28 10:34:00,0,0,0,0,0
2022-12-28 10:35:00,0,0,0,0,0
2022-12-28 10:36:00,0,0,0,0,0
2022-12-28 10:37:00,0,0,0,0,0
2022-12-28 10:38:00,0,0,0,0,0
2022-12-28 10:39:00,0,0,0,0,0
2022-12-28 10:40:00,0,0,0,0,0
2022-12-28 10:41:00,0,0,0,0,0
2022-12-28 10:42:00,0,0,0,0,0
2022-12-28 10:43:00,0,0,0,0,0
2022-12-28 10:44:00,0,0,0,0,0
2022-12-28 10:45:00,0,0,0,0,0
2022-12-28 10:46:00,0,0,0,0,0
2022-12-28 10:47:00,0,0,0,0,0
2022-12-28 10:48:00,0,0,0,0,0
2022-12-28 10:49:00,0,0,0,0,0
2022-12-28 10:50:00,0,0,0,0,0
2022-12-28 10:51:00,0,0,0,0,0
2022-12-28 10:52:00,0,0,0,0,0
2022-12-28 10:53:00,0,0,0,0,0
2022-12-28 10:54:00,0,0,0,0,0
2022-12-28 10:55:00,0,0,0,0,0
2022-12-28 10:56:00,0,0,0,0,0
2022-12-28 10:57:00,0,0,0,0,0
2022-12-28 10:58:00,0,0,0,0,0
2022-12-28 10:59:00,0,0,0,0,0
2022-12-28 11:00:00,0,0,0,0,0
2022-12-28 11:01:00,1720,1720,1720,1720,100
2022-12-28 11:02:00,0,0,0,0,0
2022-12-28 11:03:00,0,0,0,0,0
2022-12-28 11:04:00,0,0,0,0,0
2022-12-28 11:05:00,0,0,0,0,0
2022-12-28 11:06:00,0,0,0,0,0
2022-12-28 11:07:00,0,0,0,0,0
2022-12-28 11:08:00,0,0,0,0,0
2022-12-28 11:09:00,0,0,0,0,0
2022-12-28 11:10:00,0,0,0,0,0
2022-12-28 11:11:00,0,0,0,0,0
2022-12-28 11:12:00,0,0,0,0,0
2022-12-28 11:13:00,0,0,0,0,0
2022-12-28 11:14:00,0,0,0,0,0
2022-12-28 11:15:00,0,0,0,0,0
2022-12-28 11:16:00,0,0,0,0,0
2022-12-28 11:17:00,0,0,0,0,0
2022-12-28 11:18:00,0,0,0,0,0
2022-12-28 11:19:00,0,0,0,0,0
2022-12-28 11:20:00,0,0,0,0,0
2022-12-28 11:21:00,0,0,0,0,0
2022-12-28 11:22:00,0,0,0,0,0
2022-12-28 11:23:00,0,0,0,0,0
2022-12-28 11:24:00,0,0,0,0,0
2022-12-28 11:25:00,0,0,0,0,0
2022-12-28 11:26:00,0,0,0,0,0
2022-12-28 11:27:00,0,0,0,0,0
2022-12-28 11:28:00,0,0,0,0,0
2022-12-28 11:29:00,0,0,0,0,0
2022-12-28 11:30:00,0,0,0,0,0
2022-12-28 11:31:00,0,0,0,0,0
2022-12-28 11:32:00,0,0,0,0,0
2022-12-28 11:33:00,0,0,0,0,0
2022-12-28 11:34:00,0,0,0,0,0
2022-12-28 11:35:00,0,0,0,0,0
2022-12-28 11:36:00,0,0,0,0,0
2022-12-28 11:37:00,0,0,0,0,0
2022-12-28 11:38:00,0,0,0,0,0
2022-12-28 11:39:00,0,0,0,0,0
2022-12-28 11:40:00,0,0,0,0,0
2022-12-28 11:41:00,0,0,0,0,0
2022-12-28 11:42:00,0,0,0,0,0
2022-12-28 11:43:00,0,0,0,0,0
2022-12-28 11:44:00,0,0,0,0,0
2022-12-28 11:45:00,0,0,0,0,0
2022-12-28 11:46:00,0,0,0,0,0
2022-12-28 11:47:00,0,0,0,0,0
2022-12-28 11:48:00,0,0,0,0,0
2022-12-28 11:49:00,0,0,0,0,0
2022-12-28 11:50:00,0,0,0,0,0
2022-12-28 11:51:00,0,0,0,0,0
2022-12-28 11:52:00,0,0,0,0,0
2022-12-28 11:53:00,0,0,0,0,0
2022-12-28 11:54:00,0,0,0,0,0
2022-12-28 11:55:00,0,0,0,0,0
2022-12-28 11:56:00,0,0,0,0,0
2022-12-28 11:57:00,0,0,0,0,0
2022-12-28 11:58:00,0,0,0,0,0
2022-12-28 11:59:00,0,0,0,0,0
2022-12-28 12:00:00,0,0,0,0,0
2022-12-28 12:01:00,0,0,0,0,0
2022-12-28 12:02:00,0,0,0,0,0
2022-12-28 12:03:00,0,0,0,0,0
2022-12-28 12:04:00,0,0,0,0,0
2022-12-28 12:05:00,0,0,0,0,0
2022-12-28 12:06:00,0,0,0,0,0
2022-12-28 12:07:00,0,0,0,0,0
2022-12-28 12:08:00,0,0,0,0,0
2022-12-28 12:09:00,0,0,0,0,0
2022-12-28 12:10:00,0,0,0,0,0
2022-12-28 12:11:00,0,0,0,0,0
2022-12-28 12:12:00,0,0,0,0,0
2022-12-28 12:13:00,0,0,0,0,0
2022-12-28 12:14:00,0,0,0,0,0
2022-12-28 12:15:00,0,0,0,0,0
2022-12-28 12:16:00,0,0,0,0,0
2022-12-28 12:17:00,0,0,0,0,0
2022-12-28 12:18:00,0,0,0,0,0
2022-12-28 12:19:00,0,0,0,0,0
2022-12-28 12:20:00,0,0,0,0,0
2022-12-28 12:21:00,0,0,0,0,0
2022-12-28 12:22:00,0,0,0,0,0
2022-12-28 12:23:00,0,0,0,0,0
2022-12-28 12:24:00,0,0,0,0,0
2022-12-28 12:25:00,0,0,0,0,0
2022-12-28 12:26:00,0,0,0,0,0
2022-12-28 12:27:00,0,0,0,0,0
2022-12-28 12:28:00,0,0,0,0,0
2022-12-28 12:29:00,0,0,0,0,0
2022-12-28 12:30:00,0,0,0,0,0
2022-12-28 12:31:00,0,0,0,0,0
2022-12-28 12:32:00,0,0,0,0,0
2022-12-28 12:33:00,0,0,0,0,0
2022-12-28 12:34:00,0,0,0,0,0
2022-12-28 12:35:00,0,0,0,0,0
2022-12-28 12:36:00,0,0,0,0,0
2022-12-28 12:37:00,0,0,0,0,0
2022-12-28 12:38:00,0,0,0,0,0
2022-12-28 12:39:00,0,0,0,0,0
2022-12-28 12:40:00,0,0,0,0,0
2022-12-28 12:41:00,0,0,0,0,0
2022-12-28 12:42:00,0,0,0,0,0
2022-12-28 12:43:00,0,0,0,0,0
2022-12-28 12:44:00,0,0,0,0,0
2022-12-28 12:45:00,0,0,0,0,0
2022-12-28 12:46:00,0,0,0,0,0
2022-12-28 12:47:00,0,0,0,0,0
2022-12-28 12:48:00,0,0,0,0,0
2022-12-28 12:49:00,0,0,0,0,0
2022-12-28 12:50:00,0,0,0,0,0
2022-12-28 12:51:00,0,0,0,0,0
2022-12-28 12:52:00,0,0,0,0,0
2022-12-28 12:53:00,0,0,0,0,0
2022-12-28 12:54:00,0,0,0,0,0
2022-12-28 12:55:00,0,0,0,0,0
2022-12-28 12:56:00,0,0,0,0,0
2022-12-28 12:57:00,0,0,0,0,0
2022-12-28 12:58:00,0,0,0,0,0
2022-12-28 12:59:00,0,0,0,0,0
2022-12-28 13:00:00,0,0,0,0,0
2022-12-28 13:01:00,0,0,0,0,0
2022-12-28 13:02:00,0,0,0,0,0
2022-12-28 13:03:00,0,0,0,0,0
2022-12-28 13:04:00,0,0,0,0,0
2022-12-28 13:05:00,0,0,0,0,0
2022-12-28 13:06:00,0,0,0,0,0
2022-12-28 13:07:00,0,0,0,0,0
2022-12-28 13:08:00,0,0,0,0,0
2022-12-28 13:09:00,0,0,0,0,0
2022-12-28 13:10:00,0,0,0,0,0
2022-12-28 13:11:00,0,0,0,0,0
2022-12-28 13:12:00,0,0,0,0,0
2022-12-28 13:13:00,0,0,0,0,0
2022-12-28 13:14:00,0,0,0,0,0
2022-12-28 13:15:00,0,0,0,0,0
2022-12-28 13:16:00,0,0,0,0,0
2022-12-28 13:17:00,0,0,0,0,0
2022-12-28 13:18:00,0,0,0,0,0
2022-12-28 13:19:00,0,0,0,0,0
2022-12-28 13:20:00,0,0,0,0,0
2022-12-28 13:21:00,0,0,0,0,0
2022-12-28 13:22:00,0,0,0,0,0
2022-12-28 13:23:00,0,0,0,0,0
2022-12-28 13:24:00,0,0,0,0,0
2022-12-28 13:25:00,0,0,0,0,0
2022-12-28 13:26:00,0,0,0,0,0
2022-12-28 13:27:00,0,0,0,0,0
2022-12-28 13:28:00,0,0,0,0,0
2022-12-28 13:29:00,0,0,0,0,0
2022-12-28 13:30:00,0,0,0,0,0
2022-12-28 13:31:00,0,0,0,0,0
2022-12-28 13:32:00,0,0,0,0,0
2022-12-28 13:33:00,0,0,0,0,0
2022-12-28 13:34:00,0,0,0,0,0
2022-12-28 13:35:00,0,0,0,0,0
2022-12-28 13:36:00,0,0,0,0,0
2022-12-28 13:37:00,0,0,0,0,0
2022-12-28 13:38:00,0,0,0,0,0
2022-12-28 13:39:00,0,0,0,0,0
2022-12-28 13:40:00,0,0,0,0,0
2022-12-28 13:41:00,0,0,0,0,0
2022-12-28 13:42:00,0,0,0,0,0
2022-12-28 13:43:00,0,0,0,0,0
2022-12-28 13:44:00,0,0,0,0,0
2022-12-28 13:45:00,0,0,0,0,0
2022-12-28 13:46:00,0,0,0,0,0
2022-12-28 13:47:00,0,0,0,0,0
2022-12-28 13:48:00,0,0,0,0,0
2022-12-28 13:49:00,0,0,0,0,0
2022-12-28 13:50:00,0,0,0,0,0
2022-12-28 13:51:00,0,0,0,0,0
2022-12-28 13:52:00,0,0,0,0,0
2022-12-28 13:53:00,0,0,0,0,0
2022-12-28 13:54:00,0,0,0,0,0
2022-12-28 13:55:00,0,0,0,0,0
2022-12-28 13:56:00,0,0,0,0,0
2022-12-28 13:57:00,0,0,0,0,0
2022-12-28 13:58:00,0,0,0,0,0
2022-12-28 13:59:00,0,0,0,0,0
2022-12-28 14:00:00,0,0,0,0,0
2022-12-28 14:01:00,0,0,0,0,0
2022-12-28 14:02:00,0,0,0,0,0
2022-12-28 14:03:00,0,0,0,0,0
2022-12-28 14:04:00,0,0,0,0,0
2022-12-28 14:05:00,0,0,0,0,0
2022-12-28 14:06:00,0,0,0,0,0
2022-12-28 14:07:00,0,0,0,0,0
2022-12-28 14:08:00,0,0,0,0,0
2022-12-28 14:09:00,0,0,0,0,0
2022-12-28 14:10:00,0,0,0,0,0
2022-12-28 14:11:00,0,0,0,0,0
2022-12-28 14:12:00,0,0,0,0,0
2022-12-28 14:13:00,0,0,0,0,0
2022-12-28 14:14:00,0,0,0,0,0
2022-12-28 14:15:00,0,0,0,0,0
2022-12-28 14:16:00,0,0,0,0,0
2022-12-28 14:17:00,0,0,0,0,0
2022-12-28 14:18:00,0,0,0,0,0
2022-12-28 14:19:00,0,0,0,0,0
2022-12-28 14:20:00,0,0,0,0,0
2022-12-28 14:21:00,0,0,0,0,0
2022-12-28 14:22:00,0,0,0,0,0
2022-12-28 14:23:00,0,0,0,0,0
2022-12-28 14:24:00,0,0,0,0,0
2022-12-28 14:25:00,0,0,0,0,0
2022-12-28 14:26:00,0,0,0,0,0
2022-12-28 14:27:00,0,0,0,0,0
2022-12-28 14:28:00,0,0,0,0,0
2022-12-28 14:29:00,0,0,0,0,0
2022-12-28 14:30:00,0,0,0,0,0
2022-12-28 14:31:00,0,0,0,0,0
2022-12-28 14:32:00,0,0,0,0,0
2022-12-28 14:33:00,0,0,0,0,0
2022-12-28 14:34:00,0,0,0,0,0
2022-12-28 14:35:00,0,0,0,0,0
2022-12-28 14:36:00,0,0,0,0,0
2022-12-28 14:37:00,0,0,0,0,0
2022-12-28 14:38:00,0,0,0,0,0
2022-12-28 14:39:00,0,0,0,0,0
2022-12-28 14:40:00,0,0,0,0,0
2022-12-28 14:41:00,0,0,0,0,0
2022-12-28 14:42:00,0,0,0,0,0
2022-12-28 14:43:00,0,0,0,0,0
2022-12-28 14:44:00,0,0,0,0,0
2022-12-28 14:45:00,0,0,0,0,0
2022-12-28 14:46:00,0,0,0,0,0
2022-12-28 14:47:00,0,0,0,0,0
2022-12-28 14:48:00,0,0,0,0,0
2022-12-28 14:49:00,0,0,0,0,0
2022-12-28 14:50:00,0,0,0,0,0
2022-12-28 14:51:00,0,0,0,0,0
2022-12-28 14:52:00,0,0,0,0,0
2022-12-28 14:53:00,0,0,0,0,0
2022-12-28 14:54:00,0,0,0,0,0
2022-12-28 14:55:00,0,0,0,0,0
2022-12-28 14:56:00,0,0,0,0,0
2022-12-28 14:57:00,0,0,0,0,0
2022-12-28 14:58:00,0,0,0,0,0
2022-12-28 14:59:00,0,0,0,0,0
2022-12-28 15:00:00,0,0,0,0,0
2022-12-28 15:01:00,0,0,0,0,0
2022-12-28 15:02:00,0,0,0,0,0
2022-12-28 15:03:00,0,0,0,0,0
2022-12-28 15:04:00,0,0,0,0,0
2022-12-28 15:05:00,0,0,0,0,0
2022-12-28 15:06:00,0,0,0,0,0
2022-12-28 15:07:00,0,0,0,0,0
2022-12-28 15:08:00,0,0,0,0,0
2022-12-28 15:09:00,0,0,0,0,0
2022-12-28 15:10:00,0,0,0,0,0
2022-12-28 15:11:00,0,0,0,0,0
2022-12-28 15:12:00,0,0,0,0,0
2022-12-28 15:13:00,0,0,0,0,0
2022-12-28 15:14:00,0,0,0,0,0
2022-12-28 15:15:00,0,0,0,0,0
2022-12-28 15:16:00,0,0,0,0,0
2022-12-28 15:17:00,0,0,0,0,0
2022-12-28 15:18:00,0,0,0,0,0
2022-12-28 15:19:00,0,0,0,0,0
2022-12-28 15:20:00,0,0,0,0,0
2022-12-28 15:21:00,0,0,0,0,0
2022-12-28 15:22:00,0,0,0,0,0
2022-12-28 15:23:00,0,0,0,0,0
2022-12-28 15:24:00,0,0,0,0,0
2022-12-28 15:25:00,0,0,0,0,0
2022-12-28 15:26:00,0,0,0,0,0
2022-12-28 15:27:00,0,0,0,0,0
2022-12-28 15:28:00,0,0,0,0,0
2022-12-28 15:29:00,0,0,0,0,0
2022-12-28 15:30:00,0,0,0,0,0
2022-12-28 15:31:00,0,0,0,0,0
2022-12-28 15:32:00,0,0,0,0,0
2022-12-28 15:33:00,0,0,0,0,0
2022-12-28 15:34:00,0,0,0,0,0
2022-12-28 15:35:00,0,0,0,0,0
2022-12-28 15:36:00,0,0,0,0,0
2022-12-28 15:37:00,0,0,0,0,0
2022-12-28 15:38:00,0,0,0,0,0
2022-12-28 15:39:00,0,0,0,0,0
2022-12-28 15:40:00,0,0,0,0,0
2022-12-28 15:41:00,0,0,0,0,0
2022-12-28 15:42:00,0,0,0,0,0
2022-12-28 15:43:00,0,0,0,0,0
2022-12-28 15:44:00,0,0,0,0,0
2022-12-28 15:45:00,0,0,0,0,0
2022-12-28 15:46:00,0,0,0,0,0
2022-12-28 15:47:00,0,0,0,0,0
2022-12-28 15:48:00,0,0,0,0,0
2022-12-28 15:49:00,0,0,0,0,0
2022-12-28 15:50:00,0,0,0,0,0
2022-12-28 15:51:00,0,0,0,0,0
2022-12-28 15:52:00,0,0,0,0,0
2022-12-28 15:53:00,0,0,0,0,0
2022-12-28 15:54:00,0,0,0,0,0
2022-12-28 15:55:00,0,0,0,0,0
2022-12-28 15:56:00,0,0,0,0,0
2022-12-28 15:57:00,0,0,0,0,0
2022-12-28 15:58:00,0,0,0,0,0
2022-12-28 15:59:00,0,0,0,0,0
2022-12-29 09:00:00,0,0,0,0,0
2022-12-29 09:01:00,0,0,0,0,0
2022-12-29 09:02:00,0,0,0,0,0
2022-12-29 09:03:00,0,0,0,0,0
2022-12-29 09:04:00,0,0,0,0,0
2022-12-29 09:05:00,0,0,0,0,0
2022-12-29 09:06:00,0,0,0,0,0
2022-12-29 09:07:00,0,0,0,0,0
2022-12-29 09:08:00,0,0,0,0,0
2022-12-29 09:09:00,0,0,0,0,0
2022-12-29 09:10:00,0,0,0,0,0
2022-12-29 09:11:00,0,0,0,0,0
2022-12-29 09:12:00,0,0,0,0,0
2022-12-29 09:13:00,0,0,0,0,0
2022-12-29 09:14:00,0,0,0,0,0
2022-12-29 09:15:00,0,0,0,0,0
2022-12-29 09:16:00,0,0,0,0,0
2022-12-29 09:17:00,0,0,0,0,0
2022-12-29 09:18:00,0,0,0,0,0
2022-12-29 09:19:00,0,0,0,0,0
2022-12-29 09:20:00,0,0,0,0,0
2022-12-29 09:21:00,0,0,0,0,0
2022-12-29 09:22:00,0,0,0,0,0
2022-12-29 09:23:00,0,0,0,0,0
2022-12-29 09:24:00,0,0,0,0,0
2022-12-29 09:25:00,0,0,0,0,0
2022-12-29 09:26:00,0,0,0,0,0
2022-12-29 09:27:00,0,0,0,0,0
2022-12-29 09:28:00,0,0,0,0,0
2022-12-29 09:29:00,0,0,0,0,0
2022-12-29 09:30:00,0,0,0,0,0
2022-12-29 09:31:00,0,0,0,0,0
2022-12-29 09:32:00,0,0,0,0,0
2022-12-29 09:33:00,0,0,0,0,0
2022-12-29 09:34:00,0,0,0,0,0
2022-12-29 09:35:00,0,0,0,0,0
2022-12-29 09:36:00,0,0,0,0,0
2022-12-29 09:37:00,0,0,0,0,0
2022-12-29 09:38:00,0,0,0,0,0
2022-12-29 09:39:00,0,0,0,0,0
2022-12-29 09:40:00,0,0,0,0,0
2022-12-29 09:41:00,0,0,0,0,0
2022-12-29 09:42:00,0,0,0,0,0
2022-12-29 09:43:00,0,0,0,0,0
2022-12-29 09:44:00,0,0,0,0,0
2022-12-29 09:45:00,0,0,0,0,0
2022-12-29 09:46:00,0,0,0,0,0
2022-12-29 09:47:00,0,0,0,0,0
2022-12-29 09:48:00,0,0,0,0,0
2022-12-29 09:49:00,0,0,0,0,0
2022-12-29 09:50:00,0,0,0,0,0
2022-12-29 09:51:00,0,0,0,0,0
2022-12-29 09:52:00,0,0,0,0,0
2022-12-29 09:53:00,0,0,0,0,0
2022-12-29 09:54:00,0,0,0,0,0
2022-12-29 09:55:00,0,0,0,0,0
2022-12-29 09:56:00,0,0,0,0,0
2022-12-29 09:57:00,0,0,0,0,0
2022-12-29 09:58:00,0,0,0,0,0
2022-12-29 09:59:00,0,0,0,0,0
2022-12-29 10:00:00,0,0,0,0,0
2022-12-29 10:01:00,0,0,0,0,0
2022-12-29 10:02:00,0,0,0,0,0
2022-12-29 10:03:00,0,0,0,0,0
2022-12-29 10:04:00,0,0,0,0,0
2022-12-29 10:05:00,0,0,0,0,0
2022-12-29 10:06:00,0,0,0,0,0
2022-12-29 10:07:00,0,0,0,0,0
2022-12-29 10:08:00,0,0,0,0,0
2022-12-29 10:09:00,0,0,0,0,0
2022-12-29 10:10:00,0,0,0,0,0
2022-12-29 10:11:00,0,0,0,0,0
2022-12-29 10:12:00,0,0,0,0,0
2022-12-29 10:13:00,0,0,0,0,0
2022-12-29 10:14:00,0,0,0,0,0
2022-12-29 10:15:00,0,0,0,0,0
2022-12-29 10:16:00,0,0,0,0,0
2022-12-29 10:17:00,0,0,0,0,0
2022-12-29 10:18:00,0,0,0,0,0
2022-12-29 10:19:00,0,0,0,0,0
2022-12-29 10:20:00,0,0,0,0,0
2022-12-29 10:21:00,0,0,0,0,0
2022-12-29 10:22:00,0,0,0,0,0
2022-12-29 10:23:00,0,0,0,0,0
2022-12-29 10:24:00,0,0,0,0,0
2022-12-29 10:25:00,0,0,0,0,0
2022-12-29 10:26:00,0,0,0,0,0
2022-12-29 10:27:00,0,0,0,0,0
2022-12-29 10:28:00,0,0,0,0,0
2022-12-29 10:29:00,0,0,0,0,0
2022-12-29 10:30:00,0,0,0,0,0
2022-12-29 10:31:00,0,0,0,0,0
2022-12-29 10:32:00,0,0,0,0,0
2022-12-29 10:33:00,0,0,0,0,0
2022-12-29 10:34:00,0,0,0,0,0
2022-12-29 10:35:00,0,0,0,0,0
2022-12-29 10:36:00,0,0,0,0,0
2022-12-29 10:37:00,0,0,0,0,0
2022-12-29 10:38:00,0,0,0,0,0
2022-12-29 10:39:00,0,0,0,0,0
2022-12-29 10:40:00,0,0,0,0,0
2022-12-29 10:41:00,0,0,0,0,0
2022-12-29 10:42:00,0,0,0,0,0
2022-12-29 10:43:00,0,0,0,0,0
2022-12-29 10:44:00,0,0,0,0,0
2022-12-29 10:45:00,0,0,0,0,0
2022-12-29 10:46:00,0,0,0,0,0
2022-12-29 10:47:00,0,0,0,0,0
2022-12-29 10:48:00,0,0,0,0,0
2022-12-29 10:49:00,0,0,0,0,0
2022-12-29 10:50:00,0,0,0,0,0
2022-12-29 10:51:00,0,0,0,0,0
2022-12-29 10:52:00,0,0,0,0,0
2022-12-29 10:53:00,0,0,0,0,0
2022-12-29 10:54:00,0,0,0,0,0
2022-12-29 10:55:00,0,0,0,0,0
2022-12-29 10:56:00,0,0,0,0,0
2022-12-29 10:57:00,0,0,0,0,0
2022-12-29 10:58:00,0,0,0,0,0
2022-12-29 10:59:00,0,0,0,0,0
2022-12-29 11:00:00,0,0,0,0,0
2022-12-29 11:01:00,0,0,0,0,0
2022-12-29 11:02:00,0,0,0,0,0
2022-12-29 11:03:00,0,0,0,0,0
2022-12-29 11:04:00,0,0,0,0,0
2022-12-29 11:05:00,0,0,0,0,0
2022-12-29 11:06:00,0,0,0,0,0
2022-12-29 11:07:00,0,0,0,0,0
2022-12-29 11:08:00,0,0,0,0,0
2022-12-29 11:09:00,0,0,0,0,0
2022-12-29 11:10:00,0,0,0,0,0
2022-12-29 11:11:00,0,0,0,0,0
2022-12-29 11:12:00,0,0,0,0,0
2022-12-29 11:13:00,0,0,0,0,0
2022-12-29 11:14:00,0,0,0,0,0
2022-12-29 11:15:00,0,0,0,0,0
2022-12-29 11:16:00,0,0,0,0,0
2022-12-29 11:17:00,0,0,0,0,0
2022-12-29 11:18:00,0,0,0,0,0
2022-12-29 11:19:00,0,0,0,0,0
2022-12-29 11:20:00,0,0,0,0,0
2022-12-29 11:21:00,0,0,0,0,0
2022-12-29 11:22:00,0,0,0,0,0
2022-12-29 11:23:00,0,0,0,0,0
2022-12-29 11:24:00,0,0,0,0,0
2022-12-29 11:25:00,0,0,0,0,0
2022-12-29 11:26:00,0,0,0,0,0
2022-12-29 11:27:00,0,0,0,0,0
2022-12-29 11:28:00,0,0,0,0,0
2022-12-29 11:29:00,0,0,0,0,0
2022-12-29 11:30:00,0,0,0,0,0
2022-12-29 11:31:00,0,0,0,0,0
2022-12-29 11:32:00,0,0,0,0,0
2022-12-29 11:33:00,0,0,0,0,0
2022-12-29 11:34:00,0,0,0,0,0
2022-12-29 11:35:00,0,0,0,0,0
2022-12-29 11:36:00,0,0,0,0,0
2022-12-29 11:37:00,0,0,0,0,0
2022-12-29 11:38:00,0,0,0,0,0
2022-12-29 11:39:00,0,0,0,0,0
2022-12-29 11:40:00,0,0,0,0,0
2022-12-29 11:41:00,0,0,0,0,0
2022-12-29 11:42:00,0,0,0,0,0
2022-12-29 11:43:00,0,0,0,0,0
2022-12-29 11:44:00,0,0,0,0,0
2022-12-29 11:45:00,0,0,0,0,0
2022-12-29 11:46:00,0,0,0,0,0
2022-12-29 11:47:00,0,0,0,0,0
2022-12-29 11:48:00,0,0,0,0,0
2022-12-29 11:49:00,0,0,0,0,0
2022-12-29 11:50:00,0,0,0,0,0
2022-12-29 11:51:00,0,0,0,0,0
2022-12-29 11:52:00,0,0,0,0,0
2022-12-29 11:53:00,0,0,0,0,0
2022-12-29 11:54:00,0,0,0,0,0
2022-12-29 11:55:00,0,0,0,0,0
2022-12-29 11:56:00,0,0,0,0,0
2022-12-29 11:57:00,0,0,0,0,0
2022-12-29 11:58:00,0,0,0,0,0
2022-12-29 11:59:00,0,0,0,0,0
2022-12-29 12:00:00,0,0,0,0,0
2022-12-29 12:01:00,0,0,0,0,0
2022-12-29 12:02:00,0,0,0,0,0
2022-12-29 12:03:00,0,0,0,0,0
2022-12-29 12:04:00,0,0,0,0,0
2022-12-29 12:05:00,0,0,0,0,0
2022-12-29 12:06:00,0,0,0,0,0
2022-12-29 12:07:00,0,0,0,0,0
2022-12-29 12:08:00,0,0,0,0,0
2022-12-29 12:09:00,0,0,0,0,0
2022-12-29 12:10:00,0,0,0,0,0
2022-12-29 12:11:00,0,0,0,0,0
2022-12-29 12:12:00,0,0,0,0,0
2022-12-29 12:13:00,0,0,0,0,0
2022-12-29 12:14:00,0,0,0,0,0
2022-12-29 12:15:00,0,0,0,0,0
2022-12-29 12:16:00,0,0,0,0,0
2022-12-29 12:17:00,0,0,0,0,0
2022-12-29 12:18:00,0,0,0,0,0
2022-12-29 12:19:00,0,0,0,0,0
2022-12-29 12:20:00,0,0,0,0,0
2022-12-29 12:21:00,0,0,0,0,0
2022-12-29 12:22:00,0,0,0,0,0
2022-12-29 12:23:00,0,0,0,0,0
2022-12-29 12:24:00,0,0,0,0,0
2022-12-29 12:25:00,0,0,0,0,0
2022-12-29 12:26:00,0,0,0,0,0
2022-12-29 12:27:00,0,0,0,0,0
2022-12-29 12:28:00,0,0,0,0,0
2022-12-29 12:29:00,0,0,0,0,0
2022-12-29 12:30:00,0,0,0,0,0
2022-12-29 12:31:00,0,0,0,0,0
2022-12-29 12:32:00,0,0,0,0,0
2022-12-29 12:33:00,0,0,0,0,0
2022-12-29 12:34:00,0,0,0,0,0
2022-12-29 12:35:00,0,0,0,0,0
2022-12-29 12:36:00,0,0,0,0,0
2022-12-29 12:37:00,0,0,0,0,0
2022-12-29 12:38:00,0,0,0,0,0
2022-12-29 12:39:00,0,0,0,0,0
2022-12-29 12:40:00,0,0,0,0,0
2022-12-29 12:41:00,0,0,0,0,0
2022-12-29 12:42:00,0,0,0,0,0
2022-12-29 12:43:00,0,0,0,0,0
2022-12-29 12:44:00,0,0,0,0,0
2022-12-29 12:45:00,0,0,0,0,0
2022-12-29 12:46:00,0,0,0,0,0
2022-12-29 12:47:00,0,0,0,0,0
2022-12-29 12:48:00,0,0,0,0,0
2022-12-29 12:49:00,0,0,0,0,0
2022-12-29 12:50:00,0,0,0,0,0
2022-12-29 12:51:00,0,0,0,0,0
2022-12-29 12:52:00,0,0,0,0,0
2022-12-29 12:53:00,0,0,0,0,0
2022-12-29 12:54:00,0,0,0,0,0
2022-12-29 12:55:00,0,0,0,0,0
2022-12-29 12:56:00,0,0,0,0,0
2022-12-29 12:57:00,0,0,0,0,0
2022-12-29 12:58:00,0,0,0,0,0
2022-12-29 12:59:00,0,0,0,0,0
2022-12-29 13:00:00,0,0,0,0,0
2022-12-29 13:01:00,0,0,0,0,0
2022-12-29 13:02:00,0,0,0,0,0
2022-12-29 13:03:00,0,0,0,0,0
2022-12-29 13:04:00,0,0,0,0,0
2022-12-29 13:05:00,0,0,0,0,0
2022-12-29 13:06:00,0,0,0,0,0
2022-12-29 13:07:00,0,0,0,0,0
2022-12-29 13:08:00,0,0,0,0,0
2022-12-29 13:09:00,0,0,0,0,0
2022-12-29 13:10:00,0,0,0,0,0
2022-12-29 13:11:00,0,0,0,0,0
2022-12-29 13:12:00,0,0,0,0,0
2022-12-29 13:13:00,0,0,0,0,0
2022-12-29 13:14:00,0,0,0,0,0
2022-12-29 13:15:00,0,0,0,0,0
2022-12-29 13:16:00,0,0,0,0,0
2022-12-29 13:17:00,0,0,0,0,0
2022-12-29 13:18:00,0,0,0,0,0
2022-12-29 13:19:00,0,0,0,0,0
2022-12-29 13:20:00,0,0,0,0,0
2022-12-29 13:21:00,0,0,0,0,0
2022-12-29 13:22:00,0,0,0,0,0
2022-12-29 13:23:00,0,0,0,0,0
2022-12-29 13:24:00,0,0,0,0,0
2022-12-29 13:25:00,0,0,0,0,0
2022-12-29 13:26:00,0,0,0,0,0
2022-12-29 13:27:00,0,0,0,0,0
2022-12-29 13:28:00,0,0,0,0,0
2022-12-29 13:29:00,0,0,0,0,0
2022-12-29 13:30:00,0,0,0,0,0
2022-12-29 13:31:00,0,0,0,0,0
2022-12-29 13:32:00,0,0,0,0,0
2022-12-29 13:33:00,0,0,0,0,0
2022-12-29 13:34:00,0,0,0,0,0
2022-12-29 13:35:00,0,0,0,0,0
2022-12-29 13:36:00,0,0,0,0,0
2022-12-29 13:37:00,0,0,0,0,0
2022-12-29 13:38:00,0,0,0,0,0
2022-12-29 13:39:00,0,0,0,0,0
2022-12-29 13:40:00,0,0,0,0,0
2022-12-29 13:41:00,0,0,0,0,0
2022-12-29 13:42:00,0,0,0,0,0
2022-12-29 13:43:00,0,0,0,0,0
2022-12-29 13:44:00,0,0,0,0,0
2022-12-29 13:45:00,0,0,0,0,0
2022-12-29 13:46:00,0,0,0,0,0
2022-12-29 13:47:00,0,0,0,0,0
2022-12-29 13:48:00,0,0,0,0,0
2022-12-29 13:49:00,0,0,0,0,0
2022-12-29 13:50:00,0,0,0,0,0
2022-12-29 13:51:00,0,0,0,0,0
2022-12-29 13:52:00,0,0,0,0,0
2022-12-29 13:53:00,0,0,0,0,0
2022-12-29 13:54:00,0,0,0,0,0
2022-12-29 13:55:00,0,0,0,0,0
2022-12-29 13:56:00,0,0,0,0,0
2022-12-29 13:57:00,0,0,0,0,0
2022-12-29 13:58:00,0,0,0,0,0
2022-12-29 13:59:00,0,0,0,0,0
2022-12-29 14:00:00,0,0,0,0,0
2022-12-29 14:01:00,0,0,0,0,0
2022-12-29 14:02:00,0,0,0,0,0
2022-12-29 14:03:00,0,0,0,0,0
2022-12-29 14:04:00,0,0,0,0,0
2022-12-29 14:05:00,0,0,0,0,0
2022-12-29 14:06:00,0,0,0,0,0
2022-12-29 14:07:00,0,0,0,0,0
2022-12-29 14:08:00,0,0,0,0,0
2022-12-29 14:09:00,0,0,0,0,0
2022-12-29 14:10:00,0,0,0,0,0
2022-12-29 14:11:00,0,0,0,0,0
2022-12-29 14:12:00,0,0,0,0,0
2022-12-29 14:13:00,0,0,0,0,0
2022-12-29 14:14:00,0,0,0,0,0
2022-12-29 14:15:00,0,0,0,0,0
2022-12-29 14:16:00,0,0,0,0,0
2022-12-29 14:17:00,0,0,0,0,0
2022-12-29 14:18:00,0,0,0,0,0
2022-12-29 14:19:00,0,0,0,0,0
2022-12-29 14:20:00,0,0,0,0,0
2022-12-29 14:21:00,0,0,0,0,0
2022-12-29 14:22:00,0,0,0,0,0
2022-12-29 14:23:00,0,0,0,0,0
2022-12-29 14:24:00,0,0,0,0,0
2022-12-29 14:25:00,0,0,0,0,0
2022-12-29 14:26:00,0,0,0,0,0
2022-12-29 14:27:00,0,0,0,0,0
2022-12-29 14:28:00,0,0,0,0,0
2022-12-29 14:29:00,0,0,0,0,0
2022-12-29 14:30:00,0,0,0,0,0
2022-12-29 14:31:00,0,0,0,0,0
2022-12-29 14:32:00,0,0,0,0,0
2022-12-29 14:33:00,0,0,0,0,0
2022-12-29 14:34:00,0,0,0,0,0
2022-12-29 14:35:00,0,0,0,0,0
2022-12-29 14:36:00,0,0,0,0,0
2022-12-29 14:37:00,0,0,0,0,0
2022-12-29 14:38:00,0,0,0,0,0
2022-12-29 14:39:00,0,0,0,0,0
2022-12-29 14:40:00,0,0,0,0,0
2022-12-29 14:41:00,0,0,0,0,0
2022-12-29 14:42:00,0,0,0,0,0
2022-12-29 14:43:00,0,0,0,0,0
2022-12-29 14:44:00,0,0,0,0,0
2022-12-29 14:45:00,0,0,0,0,0
2022-12-29 14:46:00,0,0,0,0,0
2022-12-29 14:47:00,0,0,0,0,0
2022-12-29 14:48:00,0,0,0,0,0
2022-12-29 14:49:00,0,0,0,0,0
2022-12-29 14:50:00,0,0,0,0,0
2022-12-29 14:51:00,0,0,0,0,0
2022-12-29 14:52:00,0,0,0,0,0
2022-12-29 14:53:00,0,0,0,0,0
2022-12-29 14:54:00,0,0,0,0,0
2022-12-29 14:55:00,0,0,0,0,0
2022-12-29 14:56:00,0,0,0,0,0
2022-12-29 14:57:00,0,0,0,0,0
2022-12-29 14:58:00,0,0,0,0,0
2022-12-29 14:59:00,0,0,0,0,0
2022-12-29 15:00:00,0,0,0,0,0
2022-12-29 15:01:00,0,0,0,0,0
2022-12-29 15:02:00,0,0,0,0,0
2022-12-29 15:03:00,0,0,0,0,0
2022-12-29 15:04:00,0,0,0,0,0
2022-12-29 15:05:00,0,0,0,0,0
2022-12-29 15:06:00,0,0,0,0,0
2022-12-29 15:07:00,0,0,0,0,0
2022-12-29 15:08:00,0,0,0,0,0
2022-12-29 15:09:00,0,0,0,0,0
2022-12-29 15:10:00,0,0,0,0,0
2022-12-29 15:11:00,0,0,0,0,0
2022-12-29 15:12:00,0,0,0,0,0
2022-12-29 15:13:00,0,0,0,0,0
2022-12-29 15:14:00,0,0,0,0,0
2022-12-29 15:15:00,0,0,0,0,0
2022-12-29 15:16:00,0,0,0,0,0
2022-12-29 15:17:00,0,0,0,0,0
2022-12-29 15:18:00,0,0,0,0,0
2022-12-29 15:19:00,0,0,0,0,0
2022-12-29 15:20:00,0,0,0,0,0
2022-12-29 15:21:00,0,0,0,0,0
2022-12-29 15:22:00,0,0,0,0,0
2022-12-29 15:23:00,0,0,0,0,0
2022-12-29 15:24:00,0,0,0,0,0
2022-12-29 15:25:00,0,0,0,0,0
2022-12-29 15:26:00,0,0,0,0,0
2022-12-29 15:27:00,0,0,0,0,0
2022-12-29 15:28:00,0,0,0,0,0
2022-12-29 15:29:00,0,0,0,0,0
2022-12-29 15:30:00,0,0,0,0,0
2022-12-29 15:31:00,0,0,0,0,0
2022-12-29 15:32:00,0,0,0,0,0
2022-12-29 15:33:00,0,0,0,0,0
2022-12-29 15:34:00,0,0,0,0,0
2022-12-29 15:35:00,0,0,0,0,0
2022-12-29 15:36:00,0,0,0,0,0
2022-12-29 15:37:00,0,0,0,0,0
2022-12-29 15:38:00,0,0,0,0,0
2022-12-29 15:39:00,0,0,0,0,0
2022-12-29 15:40:00,0,0,0,0,0
2022-12-29 15:41:00,0,0,0,0,0
2022-12-29 15:42:00,0,0,0,0,0
2022-12-29 15:43:00,0,0,0,0,0
2022-12-29 15:44:00,0,0,0,0,0
2022-12-29 15:45:00,0,0,0,0,0
2022-12-29 15:46:00,0,0,0,0,0
2022-12-29 15:47:00,0,0,0,0,0
2022-12-29 15:48:00,0,0,0,0,0
2022-12-29 15:49:00,0,0,0,0,0
2022-12-29 15:50:00,0,0,0,0,0
2022-12-29 15:51:00,0,0,0,0,0
2022-12-29 15:52:00,0,0,0,0,0
2022-12-29 15:53:00,0,0,0,0,0
2022-12-29 15:54:00,0,0,0,0,0
2022-12-29 15:55:00,0,0,0,0,0
2022-12-29 15:56:00,0,0,0,0,0
2022-12-29 15:57:00,0,0,0,0,0
2022-12-29 15:58:00,0,0,0,0,0
2022-12-29 15:59:00,0,0,0,0,0
2022-12-30 09:00:00,0,0,0,0,0
2022-12-30 09:01:00,0,0,0,0,0
2022-12-30 09:02:00,0,0,0,0,0
2022-12-30 09:03:00,0,0,0,0,0
2022-12-30 09:04:00,0,0,0,0,0
2022-12-30 09:05:00,0,0,0,0,0
2022-12-30 09:06:00,0,0,0,0,0
2022-12-30 09:07:00,0,0,0,0,0
2022-12-30 09:08:00,0,0,0,0,0
2022-12-30 09:09:00,0,0,0,0,0
2022-12-30 09:10:00,0,0,0,0,0
2022-12-30 09:11:00,0,0,0,0,0
2022-12-30 09:12:00,0,0,0,0,0
2022-12-30 09:13:00,0,0,0,0,0
2022-12-30 09:14:00,0,0,0,0,0
2022-12-30 09:15:00,0,0,0,0,0
2022-12-30 09:16:00,0,0,0,0,0
2022-12-30 09:17:00,0,0,0,0,0
2022-12-30 09:18:00,0,0,0,0,0
2022-12-30 09:19:00,0,0,0,0,0
2022-12-30 09:20:00,0,0,0,0,0
2022-12-30 09:21:00,0,0,0,0,0
2022-12-30 09:22:00,0,0,0,0,0
2022-12-30 09:23:00,0,0,0,0,0
2022-12-30 09:24:00,0,0,0,0,0
2022-12-30 09:25:00,0,0,0,0,0
2022-12-30 09:26:00,0,0,0,0,0
2022-12-30 09:27:00,0,0,0,0,0
2022-12-30 09:28:00,0,0,0,0,0
2022-12-30 09:29:00,0,0,0,0,0
2022-12-30 09:30:00,0,0,0,0,0
2022-12-30 09:31:00,0,0,0,0,0
2022-12-30 09:32:00,0,0,0,0,0
2022-12-30 09:33:00,0,0,0,0,0
2022-12-30 09:34:00,0,0,0,0,0
2022-12-30 09:35:00,0,0,0,0,0
2022-12-30 09:36:00,0,0,0,0,0
2022-12-30 09:37:00,0,0,0,0,0
2022-12-30 09:38:00,0,0,0,0,0
2022-12-30 09:39:00,0,0,0,0,0
2022-12-30 09:40:00,0,0,0,0,0
2022-12-30 09:41:00,0,0,0,0,0
2022-12-30 09:42:00,0,0,0,0,0
2022-12-30 09:43:00,0,0,0,0,0
2022-12-30 09:44:00,0,0,0,0,0
2022-12-30 09:45:00,0,0,0,0,0
2022-12-30 09:46:00,0,0,0,0,0
2022-12-30 09:47:00,0,0,0,0,0
2022-12-30 09:48:00,0,0,0,0,0
2022-12-30 09:49:00,0,0,0,0,0
2022-12-30 09:50:00,0,0,0,0,0
2022-12-30 09:51:00,0,0,0,0,0
2022-12-30 09:52:00,0,0,0,0,0
2022-12-30 09:53:00,0,0,0,0,0
2022-12-30 09:54:00,0,0,0,0,0
2022-12-30 09:55:00,0,0,0,0,0
2022-12-30 09:56:00,0,0,0,0,0
2022-12-30 09:57:00,0,0,0,0,0
2022-12-30 09:58:00,0,0,0,0,0
2022-12-30 09:59:00,0,0,0,0,0
2022-12-30 10:00:00,0,0,0,0,0
2022-12-30 10:01:00,0,0,0,0,0
2022-12-30 10:02:00,0,0,0,0,0
2022-12-30 10:03:00,0,0,0,0,0
2022-12-30 10:04:00,0,0,0,0,0
2022-12-30 10:05:00,0,0,0,0,0
2022-12-30 10:06:00,0,0,0,0,0
2022-12-30 10:07:00,0,0,0,0,0
2022-12-30 10:08:00,0,0,0,0,0
2022-12-30 10:09:00,0,0,0,0,0
2022-12-30 10:10:00,0,0,0,0,0
2022-12-30 10:11:00,0,0,0,0,0
2022-12-30 10:12:00,0,0,0,0,0
2022-12-30 10:13:00,0,0,0,0,0
2022-12-30 10:14:00,0,0,0,0,0
2022-12-30 10:15:00,0,0,0,0,0
2022-12-30 10:16:00,0,0,0,0,0
2022-12-30 10:17:00,0,0,0,0,0
2022-12-30 10:18:00,0,0,0,0,0
2022-12-30 10:19:00,0,0,0,0,0
2022-12-30 10:20:00,0,0,0,0,0
2022-12-30 10:21:00,0,0,0,0,0
2022-12-30 10:22:00,0,0,0,0,0
2022-12-30 10:23:00,0,0,0,0,0
2022-12-30 10:24:00,0,0,0,0,0
2022-12-30 10:25:00,0,0,0,0,0
2022-12-30 10:26:00,0,0,0,0,0
2022-12-30 10:27:00,0,0,0,0,0
2022-12-30 10:28:00,0,0,0,0,0
2022-12-30 10:29:00,0,0,0,0,0
2022-12-30 10:30:00,0,0,0,0,0
2022-12-30 10:31:00,0,0,0,0,0
2022-12-30 10:32:00,0,0,0,0,0
2022-12-30 10:33:00,0,0,0,0,0
2022-12-30 10:34:00,0,0,0,0,0
2022-12-30 10:35:00,0,0,0,0,0
2022-12-30 10:36:00,0,0,0,0,0
2022-12-30 10:37:00,0,0,0,0,0
2022-12-30 10:38:00,0,0,0,0,0
2022-12-30 10:39:00,0,0,0,0,0
2022-12-30 10:40:00,0,0,0,0,0
2022-12-30 10:41:00,0,0,0,0,0
2022-12-30 10:42:00,0,0,0,0,0
2022-12-30 10:43:00,0,0,0,0,0
2022-12-30 10:44:00,0,0,0,0,0
2022-12-30 10:45:00,0,0,0,0,0
2022-12-30 10:46:00,0,0,0,0,0
2022-12-30 10:47:00,0,0,0,0,0
2022-12-30 10:48:00,0,0,0,0,0
2022-12-30 10:49:00,0,0,0,0,0
2022-12-30 10:50:00,0,0,0,0,0
2022-12-30 10:51:00,0,0,0,0,0
2022-12-30 10:52:00,0,0,0,0,0
2022-12-30 10:53:00,0,0,0,0,0
2022-12-30 10:54:00,0,0,0,0,0
2022-12-30 10:55:00,0,0,0,0,0
2022-12-30 10:56:00,0,0,0,0,0
2022-12-30 10:57:00,0,0,0,0,0
2022-12-30 10:58:00,0,0,0,0,0
2022-12-30 10:59:00,0,0,0,0,0
2022-12-30 11:00:00,0,0,0,0,0
2022-12-30 11:01:00,0,0,0,0,0
2022-12-30 11:02:00,0,0,0,0,0
2022-12-30 11:03:00,0,0,0,0,0
2022-12-30 11:04:00,0,0,0,0,0
2022-12-30 11:05:00,0,0,0,0,0
2022-12-30 11:06:00,0,0,0,0,0
2022-12-30 11:07:00,0,0,0,0,0
2022-12-30 11:08:00,0,0,0,0,0
2022-12-30 11:09:00,0,0,0,0,0
2022-12-30 11:10:00,0,0,0,0,0
2022-12-30 11:11:00,0,0,0,0,0
2022-12-30 11:12:00,0,0,0,0,0
2022-12-30 11:13:00,0,0,0,0,0
2022-12-30 11:14:00,0,0,0,0,0
2022-12-30 11:15:00,0,0,0,0,0
2022-12-30 11:16:00,0,0,0,0,0
2022-12-30 11:17:00,0,0,0,0,0
2022-12-30 11:18:00,0,0,0,0,0
2022-12-30 11:19:00,0,0,0,0,0
2022-12-30 11:20:00,0,0,0,0,0
2022-12-30 11:21:00,0,0,0,0,0
2022-12-30 11:22:00,0,0,0,0,0
2022-12-30 11:23:00,0,0,0,0,0
2022-12-30 11:24:00,0,0,0,0,0
2022-12-30 11:25:00,0,0,0,0,0
2022-12-30 11:26:00,0,0,0,0,0
2022-12-30 11:27:00,0,0,0,0,0
2022-12-30 11:28:00,0,0,0,0,0
2022-12-30 11:29:00,0,0,0,0,0
2022-12-30 11:30:00,0,0,0,0,0
2022-12-30 11:31:00,0,0,0,0,0
2022-12-30 11:32:00,0,0,0,0,0
2022-12-30 11:33:00,0,0,0,0,0
2022-12-30 11:34:00,0,0,0,0,0
2022-12-30 11:35:00,0,0,0,0,0
2022-12-30 11:36:00,0,0,0,0,0
2022-12-30 11:37:00,0,0,0,0,0
2022-12-30 11:38:00,0,0,0,0,0
2022-12-30 11:39:00,0,0,0,0,0
2022-12-30 11:40:00,0,0,0,0,0
2022-12-30 11:41:00,0,0,0,0,0
2022-12-30 11:42:00,0,0,0,0,0
2022-12-30 11:43:00,0,0,0,0,0
2022-12-30 11:44:00,0,0,0,0,0
2022-12-30 11:45:00,0,0,0,0,0
2022-12-30 11:46:00,0,0,0,0,0
2022-12-30 11:47:00,0,0,0,0,0
2022-12-30 11:48:00,0,0,0,0,0
2022-12-30 11:49:00,0,0,0,0,0
2022-12-30 11:50:00,0,0,0,0,0
2022-12-30 11:51:00,0,0,0,0,0
2022-12-30 11:52:00,0,0,0,0,0
2022-12-30 11:53:00,0,0,0,0,0
2022-12-30 11:54:00,0,0,0,0,0
2022-12-30 11:55:00,0,0,0,0,0
2022-12-30 11:56:00,0,0,0,0,0
2022-12-30 11:57:00,0,0,0,0,0
2022-12-30 11:58:00,0,0,0,0,0
2022-12-30 11:59:00,0,0,0,0,0
2022-12-30 12:00:00,0,0,0,0,0
2022-12-30 12:01:00,0,0,0,0,0
2022-12-30 12:02:00,0,0,0,0,0
2022-12-30 12:03:00,0,0,0,0,0
2022-12-30 12:04:00,0,0,0,0,0
2022-12-30 12:05:00,0,0,0,0,0
2022-12-30 12:06:00,0,0,0,0,0
2022-12-30 12:07:00,0,0,0,0,0
2022-12-30 12:08:00,0,0,0,0,0
2022-12-30 12:09:00,0,0,0,0,0
2022-12-30 12:10:00,0,0,0,0,0
2022-12-30 12:11:00,0,0,0,0,0
2022-12-30 12:12:00,0,0,0,0,0
2022-12-30 12:13:00,0,0,0,0,0
2022-12-30 12:14:00,0,0,0,0,0
2022-12-30 12:15:00,0,0,0,0,0
2022-12-30 12:16:00,0,0,0,0,0
2022-12-30 12:17:00,0,0,0,0,0
2022-12-30 12:18:00,0,0,0,0,0
2022-12-30 12:19:00,0,0,0,0,0
2022-12-30 12:20:00,0,0,0,0,0
2022-12-30 12:21:00,0,0,0,0,0
2022-12-30 12:22:00,0,0,0,0,0
2022-12-30 12:23:00,0,0,0,0,0
2022-12-30 12:24:00,0,0,0,0,0
2022-12-30 12:25:00,0,0,0,0,0
2022-12-30 12:26:00,0,0,0,0,0
2022-12-30 12:27:00,0,0,0,0,0
2022-12-30 12:28:00,0,0,0,0,0
2022-12-30 12:29:00,0,0,0,0,0
2022-12-30 12:30:00,0,0,0,0,0
2022-12-30 12:31:00,0,0,0,0,0
2022-12-30 12:32:00,0,0,0,0,0
2022-12-30 12:33:00,0,0,0,0,0
2022-12-30 12:34:00,0,0,0,0,0
2022-12-30 12:35:00,0,0,0,0,0
2022-12-30 12:36:00,0,0,0,0,0
2022-12-30 12:37:00,0,0,0,0,0
2022-12-30 12:38:00,0,0,0,0,0
2022-12-30 12:39:00,0,0,0,0,0
2022-12-30 12:40:00,0,0,0,0,0
2022-12-30 12:41:00,0,0,0,0,0
2022-12-30 12:42:00,0,0,0,0,0
2022-12-30 12:43:00,0,0,0,0,0
2022-12-30 12:44:00,0,0,0,0,0
2022-12-30 12:45:00,0,0,0,0,0
2022-12-30 12:46:00,0,0,0,0,0
2022-12-30 12:47:00,0,0,0,0,0
2022-12-30 12:48:00,0,0,0,0,0
2022-12-30 12:49:00,0,0,0,0,0
2022-12-30 12:50:00,0,0,0,0,0
2022-12-30 12:51:00,0,0,0,0,0
2022-12-30 12:52:00,0,0,0,0,0
2022-12-30 12:53:00,0,0,0,0,0
2022-12-30 12:54:00,0,0,0,0,0
2022-12-30 12:55:00,0,0,0,0,0
2022-12-30 12:56:00,0,0,0,0,0
2022-12-30 12:57:00,0,0,0,0,0
2022-12-30 12:58:00,0,0,0,0,0
2022-12-30 12:59:00,0,0,0,0,0
2022-12-30 13:00:00,0,0,0,0,0
2022-12-30 13:01:00,0,0,0,0,0
2022-12-30 13:02:00,0,0,0,0,0
2022-12-30 13:03:00,0,0,0,0,0
2022-12-30 13:04:00,0,0,0,0,0
2022-12-30 13:05:00,0,0,0,0,0
2022-12-30 13:06:00,0,0,0,0,0
2022-12-30 13:07:00,0,0,0,0,0
2022-12-30 13:08:00,0,0,0,0,0
2022-12-30 13:09:00,0,0,0,0,0
2022-12-30 13:10:00,0,0,0,0,0
2022-12-30 13:11:00,0,0,0,0,0
2022-12-30 13:12:00,0,0,0,0,0
2022-12-30 13:13:00,0,0,0,0,0
2022-12-30 13:14:00,0,0,0,0,0
2022-12-30 13:15:00,0,0,0,0,0
2022-12-30 13:16:00,0,0,0,0,0
2022-12-30 13:17:00,0,0,0,0,0
2022-12-30 13:18:00,0,0,0,0,0
2022-12-30 13:19:00,0,0,0,0,0
2022-12-30 13:20:00,0,0,0,0,0
2022-12-30 13:21:00,0,0,0,0,0
2022-12-30 13:22:00,0,0,0,0,0
2022-12-30 13:23:00,0,0,0,0,0
2022-12-30 13:24:00,0,0,0,0,0
2022-12-30 13:25:00,0,0,0,0,0
2022-12-30 13:26:00,0,0,0,0,0
2022-12-30 13:27:00,0,0,0,0,0
2022-12-30 13:28:00,0,0,0,0,0
2022-12-30 13:29:00,0,0,0,0,0
2022-12-30 13:30:00,0,0,0,0,0
2022-12-30 13:31:00,0,0,0,0,0
2022-12-30 13:32:00,0,0,0,0,0
2022-12-30 13:33:00,0,0,0,0,0
2022-12-30 13:34:00,0,0,0,0,0
2022-12-30 13:35:00,0,0,0,0,0
2022-12-30 13:36:00,0,0,0,0,0
2022-12-30 13:37:00,0,0,0,0,0
2022-12-30 13:38:00,0,0,0,0,0
2022-12-30 13:39:00,0,0,0,0,0
2022-12-30 13:40:00,0,0,0,0,0
2022-12-30 13:41:00,0,0,0,0,0
2022-12-30 13:42:00,0,0,0,0,0
2022-12-30 13:43:00,0,0,0,0,0
2022-12-30 13:44:00,0,0,0,0,0
2022-12-30 13:45:00,0,0,0,0,0
2022-12-30 13:46:00,0,0,0,0,0
2022-12-30 13:47:00,0,0,0,0,0
2022-12-30 13:48:00,0,0,0,0,0
2022-12-30 13:49:00,0,0,0,0,0
2022-12-30 13:50:00,0,0,0,0,0
2022-12-30 13:51:00,0,0,0,0,0
2022-12-30 13:52:00,0,0,0,0,0
2022-12-30 13:53:00,0,0,0,0,0
2022-12-30 13:54:00,0,0,0,0,0
2022-12-30 13:55:00,0,0,0,0,0
2022-12-30 13:56:00,0,0,0,0,0
2022-12-30 13:57:00,0,0,0,0,0
2022-12-30 13:58:00,0,0,0,0,0
2022-12-30 13:59:00,0,0,0,0,0
2022-12-30 14:00:00,0,0,0,0,0
2022-12-30 14:01:00,0,0,0,0,0
2022-12-30 14:02:00,0,0,0,0,0
2022-12-30 14:03:00,0,0,0,0,0
2022-12-30 14:04:00,0,0,0,0,0
2022-12-30 14:05:00,0,0,0,0,0
2022-12-30 14:06:00,0,0,0,0,0
2022-12-30 14:07:00,0,0,0,0,0
2022-12-30 14:08:00,0,0,0,0,0
2022-12-30 14:09:00,0,0,0,0,0
2022-12-30 14:10:00,0,0,0,0,0
2022-12-30 14:11:00,0,0,0,0,0
2022-12-30 14:12:00,0,0,0,0,0
2022-12-30 14:13:00,0,0,0,0,0
2022-12-30 14:14:00,0,0,0,0,0
2022-12-30 14:15:00,0,0,0,0,0
2022-12-30 14:16:00,0,0,0,0,0
2022-12-30 14:17:00,0,0,0,0,0
2022-12-30 14:18:00,0,0,0,0,0
2022-12-30 14:19:00,0,0,0,0,0
2022-12-30 14:20:00,0,0,0,0,0
2022-12-30 14:21:00,0,0,0,0,0
2022-12-30 14:22:00,0,0,0,0,0
2022-12-30 14:23:00,0,0,0,0,0
2022-12-30 14:24:00,0,0,0,0,0
2022-12-30 14:25:00,0,0,0,0,0
2022-12-30 14:26:00,0,0,0,0,0
2022-12-30 14:27:00,0,0,0,0,0
2022-12-30 14:28:00,0,0,0,0,0
2022-12-30 14:29:00,0,0,0,0,0
2022-12-30 14:30:00,0,0,0,0,0
2022-12-30 14:31:00,0,0,0,0,0
2022-12-30 14:32:00,0,0,0,0,0
2022-12-30 14:33:00,0,0,0,0,0
2022-12-30 14:34:00,0,0,0,0,0
2022-12-30 14:35:00,0,0,0,0,0
2022-12-30 14:36:00,0,0,0,0,0
2022-12-30 14:37:00,0,0,0,0,0
2022-12-30 14:38:00,0,0,0,0,0
2022-12-30 14:39:00,0,0,0,0,0
2022-12-30 14:40:00,0,0,0,0,0
2022-12-30 14:41:00,0,0,0,0,0
2022-12-30 14:42:00,0,0,0,0,0
2022-12-30 14:43:00,0,0,0,0,0
2022-12-30 14:44:00,0,0,0,0,0
2022-12-30 14:45:00,0,0,0,0,0
2022-12-30 14:46:00,0,0,0,0,0
2022-12-30 14:47:00,0,0,0,0,0
2022-12-30 14:48:00,0,0,0,0,0
2022-12-30 14:49:00,0,0,0,0,0
2022-12-30 14:50:00,0,0,0,0,0
2022-12-30 14:51:00,0,0,0,0,0
2022-12-30 14:52:00,0,0,0,0,0
2022-12-30 14:53:00,0,0,0,0,0
2022-12-30 14:54:00,0,0,0,0,0
2022-12-30 14:55:00,0,0,0,0,0
2022-12-30 14:56:00,0,0,0,0,0
2022-12-30 14:57:00,0,0,0,0,0
2022-12-30 14:58:00,0,0,0,0,0
2022-12-30 14:59:00,0,0,0,0,0
2022-12-30 15:00:00,0,0,0,0,0
2022-12-30 15:01:00,0,0,0,0,0
2022-12-30 15:02:00,0,0,0,0,0
2022-12-30 15:03:00,0,0,0,0,0
2022-12-30 15:04:00,0,0,0,0,0
2022-12-30 15:05:00,0,0,0,0,0
2022-12-30 15:06:00,0,0,0,0,0
2022-12-30 15:07:00,0,0,0,0,0
2022-12-30 15:08:00,0,0,0,0,0
2022-12-30 15:09:00,0,0,0,0,0
2022-12-30 15:10:00,0,0,0,0,0
2022-12-30 15:11:00,0,0,0,0,0
2022-12-30 15:12:00,0,0,0,0,0
2022-12-30 15:13:00,0,0,0,0,0
2022-12-30 15:14:00,0,0,0,0,0
2022-12-30 15:15:00,0,0,0,0,0
2022-12-30 15:16:00,0,0,0,0,0
2022-12-30 15:17:00,0,0,0,0,0
2022-12-30 15:18:00,0,0,0,0,0
2022-12-30 15:19:00,0,0,0,0,0
2022-12-30 15:20:00,0,0,0,0,0
2022-12-30 15:21:00,0,0,0,0,0
2022-12-30 15:22:00,0,0,0,0,0
2022-12-30 15:23:00,0,0,0,0,0
2022-12-30 15:24:00,0,0,0,0,0
2022-12-30 15:25:00,0,0,0,0,0
2022-12-30 15:26:00,0,0,0,0,0
2022-12-30 15:27:00,0,0,0,0,0
2022-12-30 15:28:00,0,0,0,0,0
2022-12-30 15:29:00,0,0,0,0,0
2022-12-30 15:30:00,0,0,0,0,0
2022-12-30 15:31:00,0,0,0,0,0
2022-12-30 15:32:00,0,0,0,0,0
2022-12-30 15:33:00,0,0,0,0,0
2022-12-30 15:34:00,0,0,0,0,0
2022-12-30 15:35:00,0,0,0,0,0
2022-12-30 15:36:00,0,0,0,0,0
2022-12-30 15:37:00,0,0,0,0,0
2022-12-30 15:38:00,0,0,0,0,0
2022-12-30 15:39:00,0,0,0,0,0
2022-12-30 15:40:00,0,0,0,0,0
2022-12-30 15:41:00,0,0,0,0,0
2022-12-30 15:42:00,0,0,0,0,0
2022-12-30 15:43:00,0,0,0,0,0
2022-12-30 15:44:00,0,0,0,0,0
2022-12-30 15:45:00,0,0,0,0,0
2022-12-30 15:46:00,0,0,0,0,0
2022-12-30 15:47:00,0,0,0,0,0
2022-12-30 15:48:00,0,0,0,0,0
2022-12-30 15:49:00,0,0,0,0,0
2022-12-30 15:50:00,0,0,0,0,0
2022-12-30 15:51:00,0,0,0,0,0
2022-12-30 15:52:00,0,0,0,0,0
2022-12-30 15:53:00,0,0,0,0,0
2022-12-30 15:54:00,0,0,0,0,0
2022-12-30 15:55:00,0,0,0,0,0
2022-12-30 15:56:00,0,0,0,0,0
2022-12-30 15:57:00,0,0,0,0,0
2022-12-30 15:58:00,0,0,0,0,0
2022-12-30 15:59:00,0,0,0,0,0
